TimeSlice	Time	hip_L_flx_rec	hip_L_ext_rec	hip_L	hip_L_flx	hip_L_ext
0	0	1.5698	1.6105	0	0	0
5	0.001	1.57022	1.61051	0	0	0
10	0.002	1.57063	1.61602	-6.93889e-018	0	0
15	0.003	1.57626	1.6105	-0.00065221	0	0
20	0.004	1.5698	1.6105	0.000471203	0	0
25	0.005	1.5698	1.6105	0.00212733	0	0
30	0.006	1.5698	1.6105	0.00431771	0	0
35	0.007	1.5698	1.6105	0.00702396	0	0
40	0.008	1.5698	1.6105	0.0102143	0	0
45	0.009	1.5698	1.6105	0.0138669	0	0
50	0.01	1.5698	1.6105	0.0179688	0	0
55	0.011	1.5698	1.6105	0.0223643	0	11.5948
60	0.012	1.5698	1.6105	0.0272356	0	27.4743
65	0.013	1.5698	1.6105	0.0326118	0	45.2401
70	0.014	1.5698	1.6105	0.0385024	0	64.3635
75	0.015	1.5698	1.6105	0.0448453	0	85.0441
80	0.016	1.5698	1.6105	0.0516934	0	107.195
85	0.017	1.5698	1.6105	0.0590537	0	130.752
90	0.018	1.5698	1.6105	0.0669371	0	155.587
95	0.019	1.5698	1.6105	0.0753461	0	181.545
100	0.02	1.5698	1.6105	0.0842699	0	208.338
105	0.021	1.5698	1.6105	0.093683	0	235.611
110	0.022	1.5698	1.6105	0.103539	0	262.875
115	0.023	1.5698	1.6105	0.113764	0	289.558
120	0.024	1.5698	1.6105	0.124267	0	315.101
125	0.025	1.5698	1.6105	0.134944	0	338.998
130	0.026	1.5698	1.6105	0.145697	0	360.928
135	0.027	1.5698	1.6105	0.156446	0	380.572
140	0.028	1.5698	1.6105	0.167111	0	397.667
145	0.029	1.5698	1.6105	0.177615	0	412.204
150	0.03	1.5698	1.6105	0.187917	0	424.268
155	0.031	1.5698	1.6105	0.19799	0	433.895
160	0.032	1.5698	1.6105	0.207809	0	441.197
165	0.033	1.5698	1.6105	0.217353	0	446.256
170	0.034	1.5698	1.6105	0.226601	0	449.158
175	0.035	1.5698	1.6105	0.235533	0	449.995
180	0.036	1.5698	1.6105	0.244133	0	449.023
185	0.037	1.5698	1.6105	0.252414	0	446.521
190	0.038	1.5698	1.6105	0.260393	0	442.697
195	0.039	1.5698	1.6105	0.268089	0	437.795
200	0.04	1.5698	1.6105	0.275521	0	432.015
205	0.041	1.5698	1.6105	0.282707	0	425.502
210	0.042	1.5698	1.6105	0.289662	0	418.445
215	0.043	1.5698	1.6105	0.296406	0	410.96
220	0.044	1.5698	1.6105	0.302953	0	403.167
225	0.045	1.5698	1.6105	0.30932	0	395.169
230	0.046	1.5698	1.6105	0.315516	0	387.004
235	0.047	1.5698	1.6105	0.321546	0	363.287
240	0.048	1.5698	1.6105	0.324508	0	323.232
245	0.049	1.5698	1.6105	0.323987	0	271.897
250	0.05	1.5698	1.6105	0.320683	0	216.655
255	0.051	1.5698	1.6105	0.315846	0	164.455
260	0.052	1.5698	1.6105	0.310756	0	116.902
265	0.053	1.5698	1.6105	0.305768	0	74.7493
270	0.054	1.5698	1.6105	0.301102	0	38.806
275	0.055	1.5698	1.6105	0.296985	0	9.5442
280	0.056	1.5698	1.6105	0.2936	0	0
285	0.057	1.5698	1.6105	0.291043	0	0
290	0.058	1.5698	1.6105	0.289343	0	0
295	0.059	1.5698	1.6105	0.288494	0	0
300	0.06	1.5698	1.6105	0.288462	0	0
305	0.061	1.5698	1.6105	0.287748	0	0
310	0.062	1.5698	1.6105	0.286039	0	0
315	0.063	1.5698	1.6105	0.283423	0	0
320	0.064	1.5698	1.6105	0.280239	0	0
325	0.065	1.5698	1.6105	0.276862	0	0
330	0.066	1.5698	1.6105	0.273577	0	0
335	0.067	1.5698	1.6105	0.270523	0	0
340	0.068	1.5698	1.6105	0.267702	0	0
345	0.069	1.5698	1.6105	0.265037	0	0
350	0.07	1.5698	1.6105	0.262416	0	0
355	0.071	1.5698	1.6105	0.259758	0	0
360	0.072	1.5698	1.6105	0.257015	0	0
365	0.073	1.5698	1.6105	0.254178	0	0
370	0.074	1.5698	1.6105	0.251258	0	0
375	0.075	1.5698	1.6105	0.24829	0.882078	0
380	0.076	1.5698	1.6105	0.245307	7.7194	0
385	0.077	1.5698	1.6105	0.242334	13.9943	0
390	0.078	1.5698	1.6105	0.239387	19.6697	0
395	0.079	1.5698	1.6105	0.236465	24.8166	0
400	0.08	1.5698	1.6105	0.233555	29.5217	0
405	0.081	1.5698	1.6105	0.230641	33.9326	0
410	0.082	1.5698	1.6105	0.227713	38.1182	0
415	0.083	1.5698	1.6105	0.224757	42.1776	0
420	0.084	1.5698	1.6105	0.22177	46.1391	0
425	0.085	1.5698	1.6105	0.218751	50.0041	0
430	0.086	1.5698	1.6105	0.215704	53.7712	0
435	0.087	1.5698	1.6105	0.212636	57.4162	0
440	0.088	1.5698	1.6105	0.209551	60.916	0
445	0.089	1.5698	1.6105	0.206449	64.2747	0
450	0.09	1.5698	1.6105	0.203331	67.5279	0
455	0.091	1.5698	1.6105	0.200204	70.6209	0
460	0.092	1.5698	1.6105	0.197059	73.6228	0
465	0.093	1.5698	1.6105	0.193895	76.551	0
470	0.094	1.5698	1.6105	0.190709	79.4272	0
475	0.095	1.5698	1.6105	0.187497	82.2741	0
480	0.096	1.5698	1.6105	0.184254	85.1203	0
485	0.097	1.5698	1.6105	0.180981	87.9684	0
490	0.098	1.5698	1.6105	0.177683	90.7852	0
495	0.099	1.5698	1.6105	0.174363	93.5531	0
500	0.1	1.5698	1.6105	0.171026	96.258	0
505	0.101	1.5698	1.6105	0.167676	98.8791	0
510	0.102	1.5698	1.6105	0.164127	102.426	0
515	0.103	1.5698	1.6105	0.16055	105.905	0
520	0.104	1.5698	1.6105	0.156992	109.072	0
525	0.105	1.5698	1.6105	0.153312	112.698	0
530	0.106	1.5698	1.6105	0.149641	116.054	0
535	0.107	1.5698	1.6105	0.145964	119.236	0
540	0.108	1.5698	1.6105	0.142279	122.272	0
545	0.109	1.5698	1.6105	0.138585	125.179	0
550	0.11	1.57635	1.6105	0.134876	128.002	0
555	0.111	1.60684	1.6105	0.131145	130.78	0
560	0.112	1.63724	1.6105	0.127386	133.557	0
565	0.113	1.66756	1.6105	0.123598	136.337	0
570	0.114	1.69777	1.6105	0.119781	139.113	0
575	0.115	1.72787	1.6105	0.115936	141.873	0
580	0.116	1.75785	1.6105	0.112068	144.62	0
585	0.117	1.78768	1.6105	0.108176	147.327	0
590	0.118	1.81737	1.6105	0.104262	150.01	0
595	0.119	1.84692	1.6105	0.100324	152.669	0
600	0.12	1.87633	1.6105	0.096366	155.302	0
605	0.121	1.9056	1.6105	0.0923824	157.913	0
610	0.122	1.93478	1.6105	0.0883709	160.54	0
615	0.123	1.96386	1.6105	0.0843304	163.164	0
620	0.124	1.99287	1.6105	0.080261	165.814	0
625	0.125	2.02177	1.6105	0.0761629	168.467	0
630	0.126	2.05059	1.6105	0.0720376	171.126	0
635	0.127	2.07929	1.6105	0.0678851	173.774	0
640	0.128	2.10789	1.6105	0.0637054	176.42	0
645	0.129	2.1364	1.6105	0.0594993	179.071	0
650	0.13	2.16479	1.6105	0.0552656	181.713	0
655	0.131	2.19308	1.6105	0.051004	184.358	0
660	0.132	2.22129	1.61444	0.0467143	187.011	0
665	0.133	2.2494	1.6347	0.0423962	189.663	0
670	0.134	2.27743	1.65475	0.0380485	192.325	0
675	0.135	2.30537	1.67456	0.033671	194.99	0
680	0.136	2.33324	1.69414	0.0292629	197.676	0
685	0.137	2.36104	1.7135	0.0248239	200.375	0
690	0.138	2.38875	1.73262	0.0203544	203.076	0
695	0.139	2.41641	1.75151	0.0158543	205.796	0
700	0.14	2.44398	1.77015	0.0113232	208.525	0
705	0.141	2.47147	1.78856	0.00676113	211.251	0
710	0.142	2.49889	1.80671	0.00216776	213.99	0
715	0.143	2.52625	1.82462	-0.00245773	216.744	0
720	0.144	2.55354	1.84229	-0.00711511	219.515	0
725	0.145	2.58075	1.85972	-0.0118053	222.279	0
730	0.146	2.60793	1.87692	-0.0165289	225.074	0
735	0.147	2.63502	1.89385	-0.0212856	227.87	0
740	0.148	2.66203	1.91053	-0.0260713	230.658	0
745	0.149	2.68897	1.92697	-0.0308904	233.459	0
750	0.15	2.71587	1.94312	-0.0357453	236.279	0
755	0.151	2.74276	1.95905	-0.0406372	239.138	0
760	0.152	2.76959	1.97471	-0.0455662	242.008	0
765	0.153	2.79635	1.99009	-0.0505302	244.881	0
770	0.154	2.82307	2.00522	-0.055528	247.771	0
775	0.155	2.84972	2.0201	-0.0605584	250.663	0
780	0.156	2.87627	2.03472	-0.0656208	253.532	0
785	0.157	2.90271	2.04912	-0.0707108	256.378	0
790	0.158	2.92908	2.06326	-0.0758329	259.218	0
795	0.159	2.95537	2.07713	-0.0809899	262.065	0
800	0.16	2.98163	2.09074	-0.0861835	264.929	0
805	0.161	3.00784	2.10411	-0.0914149	267.812	0
810	0.162	3.034	2.11719	-0.096682	270.702	0
815	0.163	3.06007	2.13002	-0.101982	273.575	0
820	0.164	3.08606	2.1426	-0.107314	276.446	0
825	0.165	3.11193	2.1549	-0.112678	279.288	0
830	0.166	3.1377	2.16697	-0.11807	282.107	0
835	0.167	3.16339	2.17879	-0.123494	284.924	0
840	0.168	3.18899	2.19036	-0.128954	287.729	0
845	0.169	3.21452	2.20168	-0.134449	290.543	0
850	0.17	3.24001	2.21274	-0.139981	293.375	0
855	0.171	3.2654	2.22357	-0.145547	296.189	0
860	0.172	3.29071	2.23413	-0.151146	299.004	0
865	0.173	3.31591	2.24447	-0.156777	301.788	0
870	0.174	3.34101	2.25454	-0.162439	304.566	0
875	0.175	3.36595	2.26439	-0.168129	307.292	0
880	0.176	3.39081	2.27402	-0.17385	310.012	0
885	0.177	3.41556	2.28342	-0.179604	312.727	0
890	0.178	3.44022	2.29259	-0.185393	315.431	0
895	0.179	3.4648	2.30153	-0.191216	318.14	0
900	0.18	3.48927	2.31024	-0.197073	320.836	0
905	0.181	3.51364	2.31872	-0.202962	323.519	0
910	0.182	3.53788	2.32697	-0.208882	326.178	0
915	0.183	3.562	2.33501	-0.214833	328.816	0
920	0.184	3.58597	2.34283	-0.22081	331.414	0
925	0.185	3.60981	2.35046	-0.226818	333.987	0
930	0.186	3.63354	2.35789	-0.232857	336.551	0
935	0.187	3.65713	2.36506	-0.238928	339.094	0
940	0.188	3.68062	2.37202	-0.24503	341.628	0
945	0.189	3.70397	2.37879	-0.251165	344.14	0
950	0.19	3.72719	2.38538	-0.257329	346.632	0
955	0.191	3.75026	2.39182	-0.263524	349.096	0
960	0.192	3.71937	2.39805	-0.26224	317.572	0
965	0.193	3.69522	2.40411	-0.261859	292.701	0
970	0.194	3.67425	2.41	-0.261887	271.734	0
975	0.195	3.65334	2.41568	-0.261892	252.418	0
980	0.196	3.63243	2.42114	-0.261862	234.566	0
985	0.197	3.61171	2.42641	-0.261825	218.179	0
990	0.198	3.59039	2.43152	-0.261676	202.641	0
995	0.199	3.56605	2.43647	-0.261067	186.339	0
1000	0.2	3.53829	2.44128	-0.259941	169.067	0
1005	0.201	3.50831	2.44593	-0.258464	151.622	0
1010	0.202	3.47803	2.45041	-0.256898	135.214	0
1015	0.203	3.44912	2.45469	-0.255484	120.806	0
1020	0.204	3.42265	2.45884	-0.254367	108.914	0
1025	0.205	3.3988	2.4628	-0.25358	99.4582	0
1030	0.206	3.37722	2.46663	-0.253069	92.0461	0
1035	0.207	3.35713	2.47032	-0.25274	86.0399	0
1040	0.208	3.33795	2.47388	-0.252502	80.9557	0
1045	0.209	3.31922	2.47732	-0.252299	76.4511	0
1050	0.21	3.30085	2.48064	-0.252116	72.408	0
1055	0.211	3.28294	2.48381	-0.251972	68.8654	0
1060	0.212	3.26579	2.48683	-0.251904	65.9688	0
1065	0.213	3.24963	2.48969	-0.251947	63.8184	0
1070	0.214	3.23462	2.49239	-0.252126	62.4598	0
1075	0.215	3.22078	2.49495	-0.252447	61.8563	0
1080	0.216	3.20811	2.4974	-0.252904	61.9461	0
1085	0.217	3.19643	2.49973	-0.253484	62.5793	0
1090	0.218	3.18567	2.50196	-0.25417	63.6624	0
1095	0.219	3.17572	2.50407	-0.254954	65.1048	0
1100	0.22	3.16656	2.5061	-0.255831	66.871	0
1105	0.221	3.15818	2.508	-0.256803	68.9332	0
1110	0.222	3.15061	2.5098	-0.257875	71.2995	0
1115	0.223	3.14388	2.51146	-0.259051	73.9626	0
1120	0.224	3.13803	2.513	-0.260335	76.927	0
1125	0.225	3.13301	2.51443	-0.261728	80.1545	0
1130	0.226	3.12882	2.51578	-0.263228	83.624	0
1135	0.227	3.10496	2.51702	-0.261967	74.3924	0
1140	0.228	3.08726	2.51818	-0.261535	69.623	0
1145	0.229	3.07492	2.51925	-0.261826	68.5087	0
1150	0.23	3.06076	2.52021	-0.261842	66.2566	0
1155	0.231	3.04649	2.5211	-0.261821	64.0277	0
1160	0.232	3.03245	2.52189	-0.26181	62.0236	0
1165	0.233	3.01859	2.52259	-0.261802	60.2077	0
1170	0.234	3.00473	2.52321	-0.261775	58.4449	0
1175	0.235	2.99075	2.52377	-0.261708	56.6617	0
1180	0.236	2.97691	2.52424	-0.261639	55.0066	0
1185	0.237	2.96366	2.52464	-0.26163	53.7758	0
1190	0.238	2.95141	2.52498	-0.261741	53.178	0
1195	0.239	2.9404	2.52528	-0.262006	53.3306	0
1200	0.24	2.92639	2.52551	-0.261834	51.5059	0
1205	0.241	2.91357	2.52569	-0.261808	50.4899	0
1210	0.242	2.90113	2.52584	-0.261815	49.7084	0
1215	0.243	2.88878	2.52595	-0.261816	48.9599	0
1220	0.244	2.87656	2.52601	-0.261814	48.2695	0
1225	0.245	2.86447	2.52603	-0.261812	47.637	0
1230	0.246	2.85249	2.52603	-0.261809	47.0378	0
1235	0.247	2.84069	2.526	-0.261808	46.5189	0
1240	0.248	2.82899	2.52595	-0.261807	46.0297	0
1245	0.249	2.81745	2.52587	-0.261806	45.5947	0
1250	0.25	2.80601	2.52578	-0.261807	45.1814	0
1255	0.251	2.79475	2.52563	-0.261808	44.835	0
1260	0.252	2.78359	2.52549	-0.261809	44.4974	0
1265	0.253	2.77255	2.52532	-0.26181	44.1931	0
1270	0.254	2.76163	2.52519	-0.261811	43.9082	0
1275	0.255	2.75083	2.52506	-0.261811	43.6523	0
1280	0.256	2.74016	2.52496	-0.261811	43.4173	0
1285	0.257	2.72958	2.52487	-0.261811	43.1931	0
1290	0.258	2.71914	2.52477	-0.26181	42.9957	0
1295	0.259	2.70879	2.52469	-0.26181	42.8003	0
1300	0.26	2.69859	2.52457	-0.261809	42.6434	0
1305	0.261	2.68847	2.52445	-0.261809	42.4861	0
1310	0.262	2.67849	2.52436	-0.261809	42.3553	0
1315	0.263	2.66862	2.52432	-0.261809	42.234	0
1320	0.264	2.65885	2.52432	-0.261809	42.123	0
1325	0.265	2.64919	2.52437	-0.261809	42.0198	0
1330	0.266	2.63965	2.52443	-0.26181	41.9293	0
1335	0.267	2.63018	2.5245	-0.26181	41.8279	0
1340	0.268	2.62085	2.5246	-0.26181	41.7533	0
1345	0.269	2.61162	2.52469	-0.26181	41.6835	0
1350	0.27	2.60249	2.52479	-0.26181	41.6201	0
1355	0.271	2.59346	2.52495	-0.26181	41.5614	0
1360	0.272	2.58451	2.52515	-0.26181	41.4932	0
1365	0.273	2.57567	2.52542	-0.26181	41.4434	0
1370	0.274	2.56694	2.52575	-0.26181	41.3983	0
1375	0.275	2.55831	2.5261	-0.26181	41.3613	0
1380	0.276	2.54975	2.52646	-0.261809	41.3139	0
1385	0.277	2.5413	2.52687	-0.26181	41.2776	0
1390	0.278	2.53295	2.52728	-0.26181	41.2526	0
1395	0.279	2.52469	2.52772	-0.26181	41.2302	0
1400	0.28	2.51653	2.52822	-0.26181	41.2091	0
1405	0.281	2.50845	2.52879	-0.26181	41.1894	0
1410	0.282	2.50044	2.52941	-0.26181	41.1574	0
1415	0.283	2.49255	2.53008	-0.26181	41.1464	0
1420	0.284	2.48473	2.5308	-0.26181	41.1299	0
1425	0.285	2.47701	2.53157	-0.26181	41.1182	0
1430	0.286	2.46937	2.53237	-0.26181	41.1032	0
1435	0.287	2.46182	2.53317	-0.26181	41.0947	0
1440	0.288	2.45433	2.53402	-0.26181	41.0714	0
1445	0.289	2.44695	2.53493	-0.26181	41.0647	0
1450	0.29	2.43964	2.53591	-0.26181	41.0581	0
1455	0.291	2.43242	2.53694	-0.261809	41.0499	0
1460	0.292	2.42528	2.53803	-0.26181	41.0487	0
1465	0.293	2.41819	2.53918	-0.26181	41.0293	0
1470	0.294	2.4112	2.54039	-0.26181	41.0235	0
1475	0.295	2.4043	2.54166	-0.26181	41.0241	0
1480	0.296	2.39747	2.54298	-0.26181	41.0226	0
1485	0.297	2.39071	2.54437	-0.26181	41.0248	0
1490	0.298	2.38403	2.54582	-0.26181	41.0274	0
1495	0.299	2.37743	2.5473	-0.26181	41.0291	0
1500	0.3	2.37088	2.54885	-0.26181	41.0161	0
1505	0.301	2.36442	2.55043	-0.26181	41.0177	0
1510	0.302	2.35803	2.55205	-0.26181	41.0177	0
1515	0.303	2.35171	2.55375	-0.26181	41.0183	0
1520	0.304	2.34546	2.55554	-0.26181	41.0174	0
1525	0.305	2.33928	2.5574	-0.26181	41.0219	0
1530	0.306	2.33317	2.55931	-0.26181	41.0199	0
1535	0.307	2.32711	2.56127	-0.26181	41.0103	0
1540	0.308	2.32113	2.56327	-0.26181	41.0095	0
1545	0.309	2.31523	2.56535	-0.261809	41.0132	0
1550	0.31	2.30939	2.56751	-0.26181	41.0162	0
1555	0.311	2.3036	2.56971	-0.26181	41.014	0
1560	0.312	2.29789	2.57202	-0.26181	41.0173	0
1565	0.313	2.29224	2.57441	-0.26181	41.0223	0
1570	0.314	2.28665	2.57686	-0.26181	41.0273	0
1575	0.315	2.2811	2.57934	-0.26181	41.0172	0
1580	0.316	2.27564	2.58191	-0.26181	41.0215	0
1585	0.317	2.27024	2.58451	-0.26181	41.0305	0
1590	0.318	2.26489	2.58717	-0.26181	41.0328	0
1595	0.319	2.2596	2.58988	-0.26181	41.0334	0
1600	0.32	2.25438	2.59265	-0.26181	41.0402	0
1605	0.321	2.24921	2.59549	-0.26181	41.0403	0
1610	0.322	2.24409	2.59839	-0.26181	41.0326	0
1615	0.323	2.23903	2.60139	-0.26181	41.0365	0
1620	0.324	2.23403	2.60444	-0.26181	41.0359	0
1625	0.325	2.22909	2.60758	-0.26181	41.0399	0
1630	0.326	2.2242	2.61077	-0.26181	41.0441	0
1635	0.327	2.21937	2.61403	-0.26181	41.0468	0
1640	0.328	2.21459	2.61735	-0.26181	41.049	0
1645	0.329	2.20987	2.62071	-0.26181	41.0526	0
1650	0.33	2.20519	2.62413	-0.26181	41.0568	0
1655	0.331	2.20057	2.62762	-0.26181	41.061	0
1660	0.332	2.19597	2.63117	-0.26181	41.0522	0
1665	0.333	2.19145	2.63477	-0.26181	41.0558	0
1670	0.334	2.18699	2.63845	-0.26181	41.0634	0
1675	0.335	2.18256	2.64219	-0.26181	41.0661	0
1680	0.336	2.17819	2.64599	-0.26181	41.0683	0
1685	0.337	2.17387	2.64982	-0.26181	41.0736	0
1690	0.338	2.16959	2.65369	-0.26181	41.0735	0
1695	0.339	2.16537	2.65761	-0.26181	41.0786	0
1700	0.34	2.16119	2.66157	-0.26181	41.0821	0
1705	0.341	2.15705	2.66557	-0.26181	41.0813	0
1710	0.342	2.15294	2.66959	-0.26181	41.0708	0
1715	0.343	2.1489	2.6737	-0.26181	41.0741	0
1720	0.344	2.14491	2.67785	-0.26181	41.0788	0
1725	0.345	2.14094	2.68203	-0.26181	41.0762	0
1730	0.346	2.13703	2.68624	-0.261809	41.0805	0
1735	0.347	2.13317	2.69051	-0.26181	41.0865	0
1740	0.348	2.12934	2.6948	-0.26181	41.0907	0
1745	0.349	2.12556	2.69915	-0.26181	41.0952	0
1750	0.35	2.12183	2.70354	-0.26181	41.1035	0
1755	0.351	2.11813	2.70792	-0.26181	41.1061	0
1760	0.352	2.11447	2.71237	-0.26181	41.107	0
1765	0.353	2.11085	2.71684	-0.26181	41.1085	0
1770	0.354	2.10726	2.72138	-0.26181	41.0963	0
1775	0.355	2.10372	2.72597	-0.261809	41.1025	0
1780	0.356	2.10022	2.73061	-0.26181	41.1023	0
1785	0.357	2.09677	2.73526	-0.26181	41.1074	0
1790	0.358	2.09335	2.73998	-0.26181	41.1073	0
1795	0.359	2.08997	2.74478	-0.26181	41.1106	0
1800	0.36	2.08662	2.74962	-0.26181	41.1106	0
1805	0.361	2.08332	2.75452	-0.26181	41.1142	0
1810	0.362	2.08004	2.75949	-0.26181	41.1117	0
1815	0.363	2.07681	2.74006	-0.26181	41.1177	0
1820	0.364	2.07361	2.72722	-0.261809	41.1237	0
1825	0.365	2.07045	2.71992	-0.26181	41.1289	0
1830	0.366	2.06731	2.70808	-0.26181	41.1276	0
1835	0.367	2.06422	2.6976	-0.26181	41.1317	0
1840	0.368	2.06116	2.68757	-0.26181	41.1349	0
1845	0.369	2.05812	2.67702	-0.26181	41.1254	0
1850	0.37	2.05513	2.66522	-0.26181	41.1274	0
1855	0.371	2.05217	2.6523	-0.26181	41.13	0
1860	0.372	2.04925	2.63882	-0.26181	41.1319	0
1865	0.373	2.04635	2.62557	-0.261809	41.1343	0
1870	0.374	2.04349	2.6131	-0.26181	41.1343	0
1875	0.375	2.04066	2.60175	-0.26181	41.1351	0
1880	0.376	2.03786	2.59151	-0.26181	41.1356	0
1885	0.377	2.03509	2.58217	-0.26181	41.1358	0
1890	0.378	2.03236	2.57347	-0.26181	41.1416	0
1895	0.379	2.02966	2.56515	-0.26181	41.1436	0
1900	0.38	2.02698	2.55708	-0.26181	41.1464	0
1905	0.381	2.02433	2.54924	-0.26181	41.1485	0
1910	0.382	2.02172	2.54173	-0.26181	41.1549	0
1915	0.383	2.01913	2.53462	-0.26181	41.1546	0
1920	0.384	2.01657	2.52802	-0.26181	41.1605	0
1925	0.385	2.01402	2.52195	-0.26181	41.1466	0
1930	0.386	2.01152	2.51641	-0.26181	41.1515	0
1935	0.387	2.00904	2.51145	-0.26181	41.1509	0
1940	0.388	2.0066	2.50695	-0.26181	41.1547	0
1945	0.389	2.00417	2.50288	-0.26181	41.1542	0
1950	0.39	2.00178	2.49923	-0.26181	41.1571	0
1955	0.391	1.99941	2.48886	-0.26181	41.1549	0
1960	0.392	1.99707	2.48074	-0.26181	41.1574	0
1965	0.393	1.99476	2.47461	-0.26181	41.1595	0
1970	0.394	1.99247	2.46586	-0.26181	41.1565	0
1975	0.395	1.9902	2.45823	-0.26181	41.1615	0
1980	0.396	1.98797	2.45091	-0.26181	41.1661	0
1985	0.397	1.98576	2.44362	-0.26181	41.1713	0
1990	0.398	1.98356	2.43641	-0.26181	41.1691	0
1995	0.399	1.9814	2.42929	-0.26181	41.1732	0
2000	0.4	1.97926	2.42226	-0.26181	41.1757	0
2005	0.401	1.97714	2.41532	-0.26181	41.1775	0
2010	0.402	1.97505	2.40846	-0.26181	41.1799	0
2015	0.403	1.97298	2.40166	-0.26181	41.1808	0
2020	0.404	1.97093	2.39496	-0.26181	41.1813	0
2025	0.405	1.96891	2.38831	-0.26181	41.1824	0
2030	0.406	1.96688	2.38173	-0.26181	41.169	0
2035	0.407	1.9649	2.37523	-0.26181	41.1696	0
2040	0.408	1.96294	2.3688	-0.26181	41.1699	0
2045	0.409	1.96101	2.36242	-0.26181	41.171	0
2050	0.41	1.95909	2.35613	-0.26181	41.1709	0
2055	0.411	1.9572	2.34991	-0.26181	41.1728	0
2060	0.412	1.95532	2.34374	-0.26181	41.1766	0
2065	0.413	1.95347	2.33766	-0.26181	41.1793	0
2070	0.414	1.95165	2.33164	-0.26181	41.1867	0
2075	0.415	1.94983	2.32569	-0.26181	41.1877	0
2080	0.416	1.94804	2.31981	-0.26181	41.1881	0
2085	0.417	1.94627	2.31401	-0.26181	41.1881	0
2090	0.418	1.94452	2.30826	-0.26181	41.1933	0
2095	0.419	1.94279	2.30256	-0.26181	41.1932	0
2100	0.42	1.94107	2.29691	-0.26181	41.1919	0
2105	0.421	1.93939	2.29134	-0.26181	41.196	0
2110	0.422	1.93771	2.28584	-0.26181	41.194	0
2115	0.423	1.93605	2.2804	-0.26181	41.1917	0
2120	0.424	1.93441	2.27501	-0.26181	41.1952	0
2125	0.425	1.93279	2.26969	-0.26181	41.1925	0
2130	0.426	1.93119	2.26442	-0.26181	41.1956	0
2135	0.427	1.92961	2.25921	-0.26181	41.1947	0
2140	0.428	1.92804	2.25406	-0.26181	41.1961	0
2145	0.429	1.92649	2.24896	-0.26181	41.2009	0
2150	0.43	1.92495	2.2439	-0.26181	41.2013	0
2155	0.431	1.92344	2.23892	-0.26181	41.2049	0
2160	0.432	1.92194	2.23399	-0.26181	41.2032	0
2165	0.433	1.92046	2.22912	-0.26181	41.2067	0
2170	0.434	1.91898	2.2243	-0.26181	41.1955	0
2175	0.435	1.91753	2.21954	-0.26181	41.1944	0
2180	0.436	1.91609	2.21482	-0.26181	41.1967	0
2185	0.437	1.91467	2.21016	-0.26181	41.195	0
2190	0.438	1.91327	2.20555	-0.26181	41.1969	0
2195	0.439	1.91189	2.20099	-0.26181	41.1995	0
2200	0.44	1.91052	2.19648	-0.26181	41.1969	0
2205	0.441	1.90916	2.19202	-0.26181	41.1981	0
2210	0.442	1.90783	2.18761	-0.26181	41.2	0
2215	0.443	1.9065	2.18325	-0.26181	41.2032	0
2220	0.444	1.90519	2.17893	-0.26181	41.2031	0
2225	0.445	1.90389	2.17467	-0.26181	41.2066	0
2230	0.446	1.90261	2.17043	-0.26181	41.2105	0
2235	0.447	1.90135	2.16626	-0.26181	41.2136	0
2240	0.448	1.90009	2.16213	-0.26181	41.2105	0
2245	0.449	1.89885	2.15805	-0.26181	41.2128	0
2250	0.45	1.89762	2.15401	-0.26181	41.2137	0
2255	0.451	1.89641	2.15002	-0.26181	41.215	0
2260	0.452	1.89522	2.14608	-0.26181	41.2161	0
2265	0.453	1.89403	2.14218	-0.26181	41.2159	0
2270	0.454	1.89285	2.13832	-0.26181	41.2118	0
2275	0.455	1.89169	2.13449	-0.26181	41.2116	0
2280	0.456	1.89055	2.13072	-0.26181	41.2122	0
2285	0.457	1.88942	2.12698	-0.26181	41.2125	0
2290	0.458	1.88829	2.12329	-0.26181	41.2118	0
2295	0.459	1.88719	2.11964	-0.26181	41.2148	0
2300	0.46	1.88609	2.11603	-0.26181	41.2178	0
2305	0.461	1.88501	2.11246	-0.26181	41.2196	0
2310	0.462	1.88393	2.10892	-0.26181	41.2217	0
2315	0.463	1.88287	2.10542	-0.26181	41.2224	0
2320	0.464	1.88182	2.10197	-0.26181	41.2236	0
2325	0.465	1.88079	2.09855	-0.26181	41.2242	0
2330	0.466	1.87976	2.09515	-0.26181	41.2245	0
2335	0.467	1.87875	2.09181	-0.26181	41.2236	0
2340	0.468	1.87774	2.0885	-0.26181	41.2235	0
2345	0.469	1.87675	2.08523	-0.26181	41.2232	0
2350	0.47	1.87577	2.082	-0.26181	41.2218	0
2355	0.471	1.8748	2.0788	-0.26181	41.2213	0
2360	0.472	1.87384	2.07564	-0.26181	41.2206	0
2365	0.473	1.87289	2.07251	-0.26181	41.2189	0
2370	0.474	1.87194	2.06942	-0.26181	41.2105	0
2375	0.475	1.87101	2.06637	-0.26181	41.2132	0
2380	0.476	1.87009	2.06334	-0.26181	41.2151	0
2385	0.477	1.86918	2.06035	-0.26181	41.2175	0
2390	0.478	1.86828	2.05739	-0.26181	41.2183	0
2395	0.479	1.8674	2.05447	-0.26181	41.2198	0
2400	0.48	1.86652	2.05157	-0.261809	41.2207	0
2405	0.481	1.86566	2.04871	-0.26181	41.2258	0
2410	0.482	1.8648	2.04588	-0.26181	41.2245	0
2415	0.483	1.86395	2.04309	-0.26181	41.2241	0
2420	0.484	1.86311	2.04032	-0.26181	41.2234	0
2425	0.485	1.86228	2.03758	-0.26181	41.2227	0
2430	0.486	1.86146	2.03487	-0.26181	41.2265	0
2435	0.487	1.86065	2.03219	-0.26181	41.2242	0
2440	0.488	1.85984	2.02954	-0.26181	41.2229	0
2445	0.489	1.85905	2.02693	-0.261809	41.2215	0
2450	0.49	1.85827	2.02431	-0.26181	41.227	0
2455	0.491	1.85749	2.02175	-0.26181	41.2273	0
2460	0.492	1.85672	2.01924	-0.26181	41.2286	0
2465	0.493	1.85597	2.01674	-0.26181	41.234	0
2470	0.494	1.85521	2.01424	-0.26181	41.2331	0
2475	0.495	1.85447	2.01179	-0.26181	41.2328	0
2480	0.496	1.85373	2.00936	-0.26181	41.2322	0
2485	0.497	1.85301	2.00697	-0.26181	41.236	0
2490	0.498	1.85229	2.0046	-0.26181	41.2335	0
2495	0.499	1.85158	2.00225	-0.26181	41.2319	0
2500	0.5	1.85088	1.99994	-0.26181	41.235	0
2505	0.501	1.85019	1.99764	-0.26181	41.233	0
2510	0.502	1.8495	1.99537	-0.26181	41.2356	0
2515	0.503	1.84882	1.99314	-0.26181	41.2322	0
2520	0.504	1.84815	1.99092	-0.26181	41.2299	0
2525	0.505	1.84749	1.98872	-0.26181	41.2323	0
2530	0.506	1.84683	1.98656	-0.26181	41.2325	0
2535	0.507	1.84618	1.98441	-0.261809	41.2378	0
2540	0.508	1.84554	1.98228	-0.26181	41.2377	0
2545	0.509	1.8449	1.98019	-0.26181	41.2364	0
2550	0.51	1.84428	1.97811	-0.26181	41.2405	0
2555	0.511	1.84365	1.97606	-0.26181	41.2392	0
2560	0.512	1.84304	1.97404	-0.26181	41.2425	0
2565	0.513	1.84243	1.97202	-0.26181	41.2394	0
2570	0.514	1.84183	1.97004	-0.26181	41.2372	0
2575	0.515	1.84124	1.96808	-0.26181	41.2397	0
2580	0.516	1.84065	1.96614	-0.26181	41.2371	0
2585	0.517	1.84007	1.96422	-0.26181	41.2392	0
2590	0.518	1.83949	1.96232	-0.26181	41.2354	0
2595	0.519	1.83893	1.96044	-0.26181	41.2374	0
2600	0.52	1.83836	1.95858	-0.26181	41.2344	0
2605	0.521	1.83781	1.95675	-0.26181	41.2377	0
2610	0.522	1.83726	1.95493	-0.26181	41.2375	0
2615	0.523	1.83672	1.95314	-0.26181	41.2423	0
2620	0.524	1.83618	1.95136	-0.26181	41.2405	0
2625	0.525	1.83565	1.94961	-0.26181	41.2443	0
2630	0.526	1.83512	1.94786	-0.26181	41.2426	0
2635	0.527	1.8346	1.94615	-0.26181	41.2455	0
2640	0.528	1.83409	1.94445	-0.26181	41.2432	0
2645	0.529	1.83358	1.94275	-0.26181	41.2453	0
2650	0.53	1.83308	1.94108	-0.26181	41.2471	0
2655	0.531	1.83258	1.93944	-0.26181	41.2428	0
2660	0.532	1.83209	1.93781	-0.26181	41.2444	0
2665	0.533	1.8316	1.93621	-0.26181	41.241	0
2670	0.534	1.83113	1.93462	-0.26181	41.2425	0
2675	0.535	1.83065	1.93305	-0.26181	41.2389	0
2680	0.536	1.83018	1.93149	-0.26181	41.2403	0
2685	0.537	1.82972	1.92995	-0.26181	41.2438	0
2690	0.538	1.82925	1.92844	-0.26181	41.2421	0
2695	0.539	1.8288	1.92693	-0.26181	41.246	0
2700	0.54	1.82835	1.92544	-0.26181	41.2446	0
2705	0.541	1.82791	1.92397	-0.26181	41.2477	0
2710	0.542	1.82747	1.92252	-0.26181	41.2501	0
2715	0.543	1.82703	1.92108	-0.26181	41.2474	0
2720	0.544	1.8266	1.91965	-0.261809	41.2493	0
2725	0.545	1.82617	1.91825	-0.26181	41.2452	0
2730	0.546	1.82575	1.91685	-0.26181	41.2466	0
2735	0.547	1.82534	1.91548	-0.26181	41.2479	0
2740	0.548	1.82493	1.91412	-0.26181	41.2441	0
2745	0.549	1.82452	1.91277	-0.26181	41.2452	0
2750	0.55	1.82412	1.91144	-0.26181	41.2461	0
2755	0.551	1.82372	1.91012	-0.26181	41.2421	0
2760	0.552	1.82333	1.90882	-0.26181	41.2444	0
2765	0.553	1.82292	1.90754	-0.261809	41.2339	0
2770	0.554	1.82253	1.90626	-0.26181	41.2348	0
2775	0.555	1.82217	1.905	-0.26181	41.2511	0
2780	0.556	1.82179	1.90376	-0.26181	41.2491	0
2785	0.557	1.82142	1.90252	-0.26181	41.2513	0
2790	0.558	1.82106	1.9013	-0.26181	41.2533	0
2795	0.559	1.82069	1.9001	-0.26181	41.2499	0
2800	0.56	1.82033	1.89891	-0.26181	41.2514	0
2805	0.561	1.81998	1.89773	-0.26181	41.2523	0
2810	0.562	1.81961	1.89657	-0.261809	41.2388	0
2815	0.563	1.81926	1.89541	-0.26181	41.2366	0
2820	0.564	1.81892	1.89427	-0.26181	41.2382	0
2825	0.565	1.81858	1.89315	-0.26181	41.2396	0
2830	0.566	1.81826	1.89202	-0.26181	41.2482	0
2835	0.567	1.81792	1.89092	-0.26181	41.2485	0
2840	0.568	1.81758	1.88984	-0.26181	41.2382	0
2845	0.569	1.81725	1.88875	-0.26181	41.2368	0
2850	0.57	1.81693	1.88769	-0.26181	41.2406	0
2855	0.571	1.81661	1.88664	-0.261809	41.244	0
2860	0.572	1.8163	1.88559	-0.26181	41.2467	0
2865	0.573	1.81598	1.88456	-0.26181	41.2441	0
2870	0.574	1.81568	1.88354	-0.26181	41.2462	0
2875	0.575	1.81537	1.88253	-0.26181	41.2478	0
2880	0.576	1.81507	1.88153	-0.26181	41.2491	0
2885	0.577	1.81477	1.88054	-0.26181	41.2452	0
2890	0.578	1.81448	1.87957	-0.26181	41.2463	0
2895	0.579	1.81419	1.87861	-0.26181	41.247	0
2900	0.58	1.8139	1.87765	-0.26181	41.2475	0
2905	0.581	1.81361	1.87671	-0.26181	41.2422	0
2910	0.582	1.81333	1.87577	-0.26181	41.2429	0
2915	0.583	1.81306	1.87484	-0.26181	41.2455	0
2920	0.584	1.81278	1.87393	-0.26181	41.249	0
2925	0.585	1.81251	1.87303	-0.26181	41.2472	0
2930	0.586	1.81224	1.87214	-0.26181	41.2499	0
2935	0.587	1.81197	1.87125	-0.26181	41.2522	0
2940	0.588	1.81171	1.87038	-0.26181	41.2539	0
2945	0.589	1.81145	1.86952	-0.26181	41.2506	0
2950	0.59	1.81119	1.86866	-0.26181	41.2518	0
2955	0.591	1.81094	1.8678	-0.26181	41.2528	0
2960	0.592	1.81069	1.86696	-0.26181	41.2533	0
2965	0.593	1.81044	1.86613	-0.26181	41.2536	0
2970	0.594	1.81019	1.86532	-0.26181	41.2481	0
2975	0.595	1.80995	1.86453	-0.26181	41.2484	0
2980	0.596	1.80971	1.86373	-0.26181	41.2487	0
2985	0.597	1.80947	1.86294	-0.26181	41.2487	0
2990	0.598	1.80924	1.86214	-0.26181	41.2496	0
2995	0.599	1.809	1.86137	-0.26181	41.2478	0
3000	0.6	1.80877	1.8606	-0.26181	41.2513	0
3005	0.601	1.80854	1.85984	-0.26181	41.254	0
3010	0.602	1.80832	1.85909	-0.26181	41.2563	0
3015	0.603	1.8081	1.85835	-0.26181	41.2579	0
3020	0.604	1.80787	1.85762	-0.26181	41.2544	0
3025	0.605	1.80765	1.8569	-0.26181	41.2555	0
3030	0.606	1.80744	1.85618	-0.26181	41.2563	0
3035	0.607	1.80723	1.85548	-0.26181	41.2567	0
3040	0.608	1.80702	1.85478	-0.26181	41.2567	0
3045	0.609	1.8068	1.85409	-0.26181	41.251	0
3050	0.61	1.8066	1.8534	-0.26181	41.2511	0
3055	0.611	1.8064	1.85272	-0.26181	41.2512	0
3060	0.612	1.8062	1.85205	-0.26181	41.251	0
3065	0.613	1.806	1.85139	-0.26181	41.2509	0
3070	0.614	1.8058	1.85074	-0.26181	41.2531	0
3075	0.615	1.8056	1.85009	-0.26181	41.2514	0
3080	0.616	1.80541	1.84945	-0.26181	41.2542	0
3085	0.617	1.80522	1.84881	-0.26181	41.2564	0
3090	0.618	1.80503	1.84819	-0.26181	41.2578	0
3095	0.619	1.80485	1.84757	-0.26181	41.2589	0
3100	0.62	1.80467	1.84696	-0.26181	41.2595	0
3105	0.621	1.80449	1.84635	-0.26181	41.2599	0
3110	0.622	1.8043	1.84576	-0.26181	41.2553	0
3115	0.623	1.80412	1.84516	-0.26181	41.2555	0
3120	0.624	1.80395	1.84457	-0.26181	41.2555	0
3125	0.625	1.80377	1.84399	-0.26181	41.2552	0
3130	0.626	1.8036	1.84342	-0.26181	41.2548	0
3135	0.627	1.80343	1.84286	-0.26181	41.2544	0
3140	0.628	1.80326	1.8423	-0.26181	41.2482	0
3145	0.629	1.80309	1.84174	-0.26181	41.2496	0
3150	0.63	1.80293	1.84119	-0.26181	41.2525	0
3155	0.631	1.80276	1.84065	-0.26181	41.2553	0
3160	0.632	1.8026	1.84011	-0.26181	41.2575	0
3165	0.633	1.80245	1.83958	-0.26181	41.2591	0
3170	0.634	1.80229	1.83906	-0.26181	41.26	0
3175	0.635	1.80213	1.83854	-0.26181	41.2607	0
3180	0.636	1.80197	1.83803	-0.26181	41.2562	0
3185	0.637	1.80182	1.83751	-0.26181	41.2566	0
3190	0.638	1.80167	1.83701	-0.26181	41.2567	0
3195	0.639	1.80152	1.83652	-0.26181	41.2565	0
3200	0.64	1.80138	1.83603	-0.26181	41.2562	0
3205	0.641	1.80123	1.83554	-0.26181	41.2557	0
3210	0.642	1.80109	1.83507	-0.26181	41.2552	0
3215	0.643	1.80095	1.83459	-0.26181	41.2546	0
3220	0.644	1.8008	1.83412	-0.26181	41.2483	0
3225	0.645	1.80066	1.83365	-0.26181	41.2508	0
3230	0.646	1.80052	1.83319	-0.26181	41.2538	0
3235	0.647	1.80039	1.83274	-0.26181	41.2562	0
3240	0.648	1.80025	1.83229	-0.26181	41.2579	0
3245	0.649	1.80012	1.83185	-0.26181	41.259	0
3250	0.65	1.79999	1.83141	-0.26181	41.2597	0
3255	0.651	1.79986	1.83098	-0.26181	41.2601	0
3260	0.652	1.79973	1.83055	-0.26181	41.2602	0
3265	0.653	1.7996	1.83012	-0.26181	41.2554	0
3270	0.654	1.79947	1.8297	-0.26181	41.2554	0
3275	0.655	1.79935	1.82928	-0.26181	41.2552	0
3280	0.656	1.79923	1.82887	-0.26181	41.2548	0
3285	0.657	1.7991	1.82847	-0.26181	41.2544	0
3290	0.658	1.79898	1.82807	-0.26181	41.2538	0
3295	0.659	1.79887	1.82767	-0.26181	41.2532	0
3300	0.66	1.79875	1.82728	-0.26181	41.2546	0
3305	0.661	1.79863	1.82689	-0.26181	41.2571	0
3310	0.662	1.79852	1.82649	-0.26181	41.2593	0
3315	0.663	1.7984	1.82612	-0.26181	41.2562	0
3320	0.664	1.79828	1.82574	-0.26181	41.2576	0
3325	0.665	1.79817	1.82537	-0.26181	41.2584	0
3330	0.666	1.79806	1.825	-0.26181	41.2591	0
3335	0.667	1.79795	1.82464	-0.26181	41.2593	0
3340	0.668	1.79785	1.82428	-0.26181	41.2593	0
3345	0.669	1.79774	1.82392	-0.26181	41.2591	0
3350	0.67	1.79764	1.82357	-0.26181	41.2586	0
3355	0.671	1.79753	1.82323	-0.26181	41.258	0
3360	0.672	1.79743	1.82288	-0.26181	41.2573	0
3365	0.673	1.79733	1.82253	-0.26181	41.2565	0
3370	0.674	1.79723	1.8222	-0.26181	41.2557	0
3375	0.675	1.79712	1.82187	-0.26181	41.251	0
3380	0.676	1.79702	1.82154	-0.26181	41.2534	0
3385	0.677	1.79693	1.82121	-0.26181	41.2562	0
3390	0.678	1.79683	1.82089	-0.261809	41.2582	0
3395	0.679	1.79673	1.82057	-0.26181	41.2596	0
3400	0.68	1.79664	1.82026	-0.26181	41.2604	0
3405	0.681	1.79655	1.81995	-0.26181	41.2609	0
3410	0.682	1.79646	1.81964	-0.26181	41.261	0
3415	0.683	1.79637	1.81934	-0.26181	41.261	0
3420	0.684	1.79628	1.81903	-0.26181	41.2607	0
3425	0.685	1.79619	1.81874	-0.26181	41.2602	0
3430	0.686	1.7961	1.81844	-0.26181	41.2595	0
3435	0.687	1.79601	1.81815	-0.261809	41.2586	0
3440	0.688	1.79593	1.81786	-0.26181	41.2578	0
3445	0.689	1.79583	1.81757	-0.26181	41.2512	0
3450	0.69	1.79575	1.81729	-0.26181	41.2508	0
3455	0.691	1.79567	1.81701	-0.26181	41.2527	0
3460	0.692	1.79558	1.81674	-0.26181	41.2554	0
3465	0.693	1.7955	1.81647	-0.26181	41.2575	0
3470	0.694	1.79542	1.8162	-0.26181	41.2591	0
3475	0.695	1.79534	1.81593	-0.26181	41.2601	0
3480	0.696	1.79526	1.81567	-0.26181	41.2606	0
3485	0.697	1.79519	1.81541	-0.26181	41.2609	0
3490	0.698	1.79511	1.81515	-0.26181	41.2609	0
3495	0.699	1.79503	1.81489	-0.26181	41.2607	0
3500	0.7	1.79496	1.81463	-0.26181	41.2603	0
3505	0.701	1.79488	1.81438	-0.26181	41.2597	0
3510	0.702	1.79481	1.81414	-0.26181	41.2588	0
3515	0.703	1.79474	1.81389	-0.26181	41.258	0
3520	0.704	1.79466	1.81365	-0.26181	41.2524	0
3525	0.705	1.79459	1.81342	-0.261809	41.2518	0
3530	0.706	1.79452	1.81318	-0.26181	41.2527	0
3535	0.707	1.79445	1.81295	-0.26181	41.2551	0
3540	0.708	1.79438	1.81272	-0.26181	41.2575	0
3545	0.709	1.79431	1.81249	-0.26181	41.2592	0
3550	0.71	1.79424	1.81226	-0.26181	41.2605	0
3555	0.711	1.79418	1.81204	-0.26181	41.2611	0
3560	0.712	1.79411	1.81182	-0.26181	41.2614	0
3565	0.713	1.79405	1.8116	-0.26181	41.2614	0
3570	0.714	1.79398	1.81138	-0.26181	41.2612	0
3575	0.715	1.79392	1.81117	-0.26181	41.2608	0
3580	0.716	1.79385	1.81096	-0.26181	41.2602	0
3585	0.717	1.79379	1.81074	-0.26181	41.2594	0
3590	0.718	1.79373	1.81054	-0.26181	41.2585	0
3595	0.719	1.79367	1.81033	-0.26181	41.2576	0
3600	0.72	1.79361	1.81013	-0.26181	41.2566	0
3605	0.721	1.79355	1.80993	-0.26181	41.2557	0
3610	0.722	1.79349	1.80973	-0.26181	41.2575	0
3615	0.723	1.79343	1.80954	-0.26181	41.2598	0
3620	0.724	1.79337	1.80935	-0.26181	41.2568	0
3625	0.725	1.79331	1.80915	-0.26181	41.2583	0
3630	0.726	1.79325	1.80897	-0.26181	41.2592	0
3635	0.727	1.7932	1.80878	-0.26181	41.2597	0
3640	0.728	1.79314	1.80859	-0.26181	41.26	0
3645	0.729	1.79309	1.80841	-0.26181	41.2599	0
3650	0.73	1.79304	1.80823	-0.26181	41.2597	0
3655	0.731	1.79298	1.80805	-0.26181	41.2593	0
3660	0.732	1.79293	1.80788	-0.26181	41.2587	0
3665	0.733	1.79288	1.8077	-0.26181	41.2579	0
3670	0.734	1.79283	1.80753	-0.26181	41.2571	0
3675	0.735	1.79278	1.80736	-0.26181	41.2561	0
3680	0.736	1.79272	1.80719	-0.26181	41.2552	0
3685	0.737	1.79267	1.80702	-0.26181	41.2563	0
3690	0.738	1.79263	1.80685	-0.26181	41.2585	0
3695	0.739	1.79258	1.80669	-0.26181	41.2605	0
3700	0.74	1.79253	1.80652	-0.26181	41.2619	0
3705	0.741	1.79248	1.80636	-0.26181	41.263	0
3710	0.742	1.79243	1.80621	-0.261809	41.2634	0
3715	0.743	1.79239	1.80605	-0.26181	41.2635	0
3720	0.744	1.79234	1.8059	-0.26181	41.2632	0
3725	0.745	1.7923	1.80574	-0.26181	41.2628	0
3730	0.746	1.79225	1.80559	-0.26181	41.2622	0
3735	0.747	1.79221	1.80544	-0.26181	41.2614	0
3740	0.748	1.79216	1.80529	-0.26181	41.2605	0
3745	0.749	1.79211	1.80515	-0.26181	41.2538	0
3750	0.75	1.79207	1.805	-0.26181	41.2532	0
3755	0.751	1.79202	1.80486	-0.261809	41.2525	0
3760	0.752	1.79198	1.80472	-0.261809	41.2533	0
3765	0.753	1.79194	1.80458	-0.26181	41.2556	0
3770	0.754	1.7919	1.80444	-0.26181	41.258	0
3775	0.755	1.79186	1.8043	-0.26181	41.2597	0
3780	0.756	1.79182	1.80417	-0.26181	41.261	0
3785	0.757	1.79178	1.80403	-0.26181	41.2616	0
3790	0.758	1.79174	1.8039	-0.26181	41.2619	0
3795	0.759	1.7917	1.80377	-0.26181	41.2617	0
3800	0.76	1.79166	1.80364	-0.261809	41.2614	0
3805	0.761	1.79162	1.80351	-0.26181	41.2609	0
3810	0.762	1.79158	1.80338	-0.26181	41.2603	0
3815	0.763	1.79155	1.80326	-0.26181	41.2595	0
3820	0.764	1.79151	1.80314	-0.26181	41.2586	0
3825	0.765	1.79147	1.80301	-0.26181	41.2576	0
3830	0.766	1.79144	1.80289	-0.26181	41.2565	0
3835	0.767	1.7914	1.80277	-0.26181	41.2555	0
3840	0.768	1.79137	1.80264	-0.26181	41.2572	0
3845	0.769	1.79133	1.80253	-0.261809	41.2594	0
3850	0.77	1.7913	1.80241	-0.26181	41.261	0
3855	0.771	1.79126	1.8023	-0.26181	41.2623	0
3860	0.772	1.79123	1.80218	-0.26181	41.2631	0
3865	0.773	1.7912	1.80207	-0.26181	41.2633	0
3870	0.774	1.79116	1.80196	-0.26181	41.2632	0
3875	0.775	1.79113	1.80185	-0.26181	41.2628	0
3880	0.776	1.7911	1.80174	-0.26181	41.2623	0
3885	0.777	1.79107	1.80163	-0.26181	41.2616	0
3890	0.778	1.79104	1.80153	-0.26181	41.2608	0
3895	0.779	1.791	1.80142	-0.26181	41.2598	0
3900	0.78	1.79097	1.80132	-0.26181	41.2588	0
3905	0.781	1.79094	1.80122	-0.26181	41.2577	0
3910	0.782	1.79091	1.80111	-0.26181	41.2566	0
3915	0.783	1.79088	1.80101	-0.26181	41.2579	0
3920	0.784	1.79085	1.80092	-0.26181	41.2599	0
3925	0.785	1.79082	1.80082	-0.26181	41.2617	0
3930	0.786	1.79079	1.80072	-0.26181	41.2629	0
3935	0.787	1.79076	1.80062	-0.26181	41.2592	0
3940	0.788	1.79073	1.80053	-0.26181	41.2598	0
3945	0.789	1.7907	1.80043	-0.26181	41.26	0
3950	0.79	1.79067	1.80034	-0.26181	41.2599	0
3955	0.791	1.79065	1.80025	-0.26181	41.2597	0
3960	0.792	1.79062	1.80016	-0.26181	41.2592	0
3965	0.793	1.79059	1.80007	-0.26181	41.2586	0
3970	0.794	1.79057	1.79998	-0.26181	41.2579	0
3975	0.795	1.79054	1.79989	-0.26181	41.257	0
3980	0.796	1.79052	1.79981	-0.26181	41.256	0
3985	0.797	1.79049	1.79972	-0.26181	41.255	0
3990	0.798	1.79046	1.79963	-0.26181	41.2557	0
3995	0.799	1.79044	1.79955	-0.26181	41.2577	0
4000	0.8	1.79041	1.79947	-0.26181	41.2598	0
4005	0.801	1.79039	1.79938	-0.26181	41.2612	0
4010	0.802	1.79037	1.7993	-0.26181	41.2623	0
4015	0.803	1.79034	1.79922	-0.26181	41.2628	0
4020	0.804	1.79032	1.79914	-0.26181	41.2629	0
4025	0.805	1.7903	1.79906	-0.26181	41.2627	0
4030	0.806	1.79027	1.79899	-0.26181	41.2622	0
4035	0.807	1.79025	1.79891	-0.26181	41.2616	0
4040	0.808	1.79023	1.79883	-0.26181	41.2609	0
4045	0.809	1.7902	1.79876	-0.26181	41.2601	0
4050	0.81	1.79018	1.79868	-0.26181	41.2591	0
4055	0.811	1.79016	1.79861	-0.26181	41.2581	0
4060	0.812	1.79014	1.79854	-0.26181	41.2569	0
4065	0.813	1.79012	1.79847	-0.26181	41.2567	0
4070	0.814	1.7901	1.79839	-0.26181	41.2585	0
4075	0.815	1.79008	1.79832	-0.26181	41.2604	0
4080	0.816	1.79005	1.79825	-0.26181	41.262	0
4085	0.817	1.79003	1.79818	-0.26181	41.263	0
4090	0.818	1.79001	1.79811	-0.26181	41.2637	0
4095	0.819	1.78999	1.79804	-0.26181	41.2637	0
4100	0.82	1.78997	1.79798	-0.26181	41.2636	0
4105	0.821	1.78995	1.79791	-0.26181	41.2631	0
4110	0.822	1.78994	1.79784	-0.26181	41.2625	0
4115	0.823	1.78992	1.79778	-0.26181	41.2617	0
4120	0.824	1.7899	1.79772	-0.26181	41.2608	0
4125	0.825	1.78988	1.79765	-0.26181	41.2599	0
4130	0.826	1.78986	1.79759	-0.26181	41.2588	0
4135	0.827	1.78984	1.79753	-0.26181	41.2576	0
4140	0.828	1.78982	1.79747	-0.26181	41.2565	0
4145	0.829	1.78981	1.79741	-0.26181	41.2578	0
4150	0.83	1.78979	1.79735	-0.26181	41.2598	0
4155	0.831	1.78977	1.79729	-0.26181	41.2616	0
4160	0.832	1.78975	1.79723	-0.26181	41.2628	0
4165	0.833	1.78974	1.79717	-0.26181	41.2637	0
4170	0.834	1.78972	1.79712	-0.26181	41.2639	0
4175	0.835	1.7897	1.79706	-0.26181	41.2638	0
4180	0.836	1.78969	1.797	-0.26181	41.2634	0
4185	0.837	1.78967	1.79695	-0.26181	41.2628	0
4190	0.838	1.78965	1.79689	-0.26181	41.262	0
4195	0.839	1.78964	1.79684	-0.26181	41.2612	0
4200	0.84	1.78962	1.79679	-0.26181	41.2602	0
4205	0.841	1.78961	1.79673	-0.26181	41.2592	0
4210	0.842	1.78959	1.79668	-0.26181	41.2581	0
4215	0.843	1.78957	1.79663	-0.26181	41.2569	0
4220	0.844	1.78956	1.79658	-0.26181	41.2579	0
4225	0.845	1.78954	1.79653	-0.26181	41.2598	0
4230	0.846	1.78953	1.79648	-0.26181	41.2616	0
4235	0.847	1.78951	1.79643	-0.26181	41.2628	0
4240	0.848	1.7895	1.79638	-0.26181	41.2637	0
4245	0.849	1.78949	1.79633	-0.26181	41.2641	0
4250	0.85	1.78947	1.79628	-0.26181	41.264	0
4255	0.851	1.78946	1.79624	-0.26181	41.2637	0
4260	0.852	1.78944	1.79619	-0.26181	41.2631	0
4265	0.853	1.78943	1.79614	-0.26181	41.2624	0
4270	0.854	1.78942	1.7961	-0.26181	41.2616	0
4275	0.855	1.7894	1.79605	-0.26181	41.2607	0
4280	0.856	1.78939	1.79601	-0.26181	41.2596	0
4285	0.857	1.78938	1.79596	-0.26181	41.2585	0
4290	0.858	1.78936	1.79592	-0.26181	41.2526	0
4295	0.859	1.78934	1.79588	-0.26181	41.2527	0
4300	0.86	1.78933	1.79583	-0.26181	41.2548	0
4305	0.861	1.78932	1.79579	-0.26181	41.257	0
4310	0.862	1.78931	1.79575	-0.26181	41.2588	0
4315	0.863	1.78929	1.79571	-0.26181	41.26	0
4320	0.864	1.78928	1.79567	-0.26181	41.261	0
4325	0.865	1.78927	1.79563	-0.26181	41.2612	0
4330	0.866	1.78926	1.79559	-0.26181	41.2612	0
4335	0.867	1.78925	1.79555	-0.26181	41.2609	0
4340	0.868	1.78923	1.79551	-0.26181	41.2604	0
4345	0.869	1.78922	1.79547	-0.26181	41.2598	0
4350	0.87	1.78921	1.79543	-0.26181	41.259	0
4355	0.871	1.7892	1.79539	-0.26181	41.2582	0
4360	0.872	1.78919	1.79536	-0.26181	41.2572	0
4365	0.873	1.78918	1.79532	-0.26181	41.2562	0
4370	0.874	1.78917	1.79528	-0.26181	41.2551	0
4375	0.875	1.78916	1.79525	-0.26181	41.257	0
4380	0.876	1.78915	1.79521	-0.261809	41.2589	0
4385	0.877	1.78914	1.79517	-0.26181	41.2607	0
4390	0.878	1.78913	1.79514	-0.26181	41.2618	0
4395	0.879	1.78911	1.7951	-0.26181	41.2626	0
4400	0.88	1.7891	1.79507	-0.26181	41.263	0
4405	0.881	1.78909	1.79504	-0.26181	41.2628	0
4410	0.882	1.78908	1.795	-0.26181	41.2624	0
4415	0.883	1.78908	1.79497	-0.26181	41.2618	0
4420	0.884	1.78907	1.79494	-0.26181	41.2611	0
4425	0.885	1.78906	1.7949	-0.261809	41.2603	0
4430	0.886	1.78905	1.79487	-0.26181	41.2594	0
4435	0.887	1.78904	1.79484	-0.26181	41.2584	0
4440	0.888	1.78903	1.79481	-0.26181	41.2573	0
4445	0.889	1.78902	1.79478	-0.26181	41.2562	0
4450	0.89	1.78901	1.79475	-0.26181	41.2572	0
4455	0.891	1.789	1.79472	-0.26181	41.259	0
4460	0.892	1.78899	1.79469	-0.26181	41.2608	0
4465	0.893	1.78898	1.79466	-0.26181	41.2621	0
4470	0.894	1.78897	1.79463	-0.26181	41.2629	0
4475	0.895	1.78897	1.7946	-0.26181	41.2634	0
4480	0.896	1.78896	1.79457	-0.26181	41.2634	0
4485	0.897	1.78895	1.79454	-0.26181	41.2631	0
4490	0.898	1.78894	1.79451	-0.26181	41.2625	0
4495	0.899	1.78893	1.79449	-0.26181	41.2618	0
4500	0.9	1.78892	1.79446	-0.26181	41.261	0
4505	0.901	1.78892	1.79443	-0.26181	41.2601	0
4510	0.902	1.78891	1.7944	-0.26181	41.2591	0
4515	0.903	1.7889	1.79438	-0.261809	41.258	0
4520	0.904	1.78889	1.79435	-0.26181	41.2569	0
4525	0.905	1.78888	1.79433	-0.26181	41.2572	0
4530	0.906	1.78888	1.7943	-0.26181	41.2592	0
4535	0.907	1.78887	1.79427	-0.26181	41.2609	0
4540	0.908	1.78886	1.79425	-0.26181	41.2624	0
4545	0.909	1.78885	1.79422	-0.26181	41.2632	0
4550	0.91	1.78885	1.7942	-0.26181	41.2638	0
4555	0.911	1.78884	1.79418	-0.26181	41.2639	0
4560	0.912	1.78883	1.79415	-0.26181	41.2636	0
4565	0.913	1.78883	1.79413	-0.26181	41.263	0
4570	0.914	1.78882	1.7941	-0.26181	41.2623	0
4575	0.915	1.78881	1.79408	-0.26181	41.2615	0
4580	0.916	1.78881	1.79406	-0.26181	41.2605	0
4585	0.917	1.7888	1.79403	-0.26181	41.2595	0
4590	0.918	1.78879	1.794	-0.26181	41.2584	0
4595	0.919	1.78879	1.79398	-0.26181	41.2574	0
4600	0.92	1.78878	1.79396	-0.26181	41.257	0
4605	0.921	1.78877	1.79394	-0.26181	41.2589	0
4610	0.922	1.78877	1.79392	-0.26181	41.2606	0
4615	0.923	1.78876	1.7939	-0.26181	41.2621	0
4620	0.924	1.78875	1.79387	-0.26181	41.263	0
4625	0.925	1.78875	1.79385	-0.26181	41.2636	0
4630	0.926	1.78874	1.79383	-0.26181	41.2638	0
4635	0.927	1.78874	1.79381	-0.26181	41.2636	0
4640	0.928	1.78873	1.79379	-0.26181	41.2631	0
4645	0.929	1.78872	1.79377	-0.26181	41.2624	0
4650	0.93	1.78872	1.79375	-0.26181	41.2616	0
4655	0.931	1.78871	1.79373	-0.26181	41.2607	0
4660	0.932	1.78871	1.79372	-0.26181	41.2597	0
4665	0.933	1.7887	1.7937	-0.26181	41.2587	0
4670	0.934	1.78869	1.79368	-0.26181	41.2576	0
4675	0.935	1.78869	1.79366	-0.26181	41.2564	0
4680	0.936	1.78868	1.79364	-0.26181	41.2577	0
4685	0.937	1.78868	1.79362	-0.26181	41.2596	0
4690	0.938	1.78867	1.7936	-0.26181	41.2612	0
4695	0.939	1.78867	1.79359	-0.26181	41.2624	0
4700	0.94	1.78866	1.79357	-0.261809	41.2631	0
4705	0.941	1.78866	1.79355	-0.26181	41.2635	0
4710	0.942	1.78865	1.79353	-0.26181	41.2635	0
4715	0.943	1.78865	1.79352	-0.26181	41.2632	0
4720	0.944	1.78864	1.7935	-0.26181	41.2625	0
4725	0.945	1.78864	1.79348	-0.26181	41.2617	0
4730	0.946	1.78863	1.79347	-0.26181	41.2608	0
4735	0.947	1.78863	1.79345	-0.26181	41.2599	0
4740	0.948	1.78862	1.79343	-0.26181	41.2589	0
4745	0.949	1.78862	1.79342	-0.261809	41.2578	0
4750	0.95	1.78861	1.7934	-0.26181	41.2567	0
4755	0.951	1.78861	1.79339	-0.26181	41.2576	0
4760	0.952	1.7886	1.79337	-0.26181	41.2596	0
4765	0.953	1.7886	1.79336	-0.26181	41.2612	0
4770	0.954	1.7886	1.79334	-0.26181	41.2626	0
4775	0.955	1.78859	1.79333	-0.26181	41.2633	0
4780	0.956	1.78859	1.79331	-0.26181	41.2637	0
4785	0.957	1.78858	1.7933	-0.26181	41.2637	0
4790	0.958	1.78858	1.79328	-0.261809	41.2635	0
4795	0.959	1.78857	1.79327	-0.26181	41.2629	0
4800	0.96	1.78857	1.79325	-0.26181	41.2621	0
4805	0.961	1.78857	1.79324	-0.26181	41.2613	0
4810	0.962	1.78856	1.79323	-0.26181	41.2603	0
4815	0.963	1.78856	1.79321	-0.26181	41.2593	0
4820	0.964	1.78855	1.7932	-0.26181	41.2582	0
4825	0.965	1.78855	1.79319	-0.26181	41.2571	0
4830	0.966	1.78855	1.79317	-0.26181	41.2575	0
4835	0.967	1.78854	1.79316	-0.261809	41.2594	0
4840	0.968	1.78854	1.79315	-0.26181	41.261	0
4845	0.969	1.78853	1.79313	-0.26181	41.2623	0
4850	0.97	1.78853	1.79312	-0.26181	41.2631	0
4855	0.971	1.78853	1.79311	-0.26181	41.2635	0
4860	0.972	1.78852	1.7931	-0.26181	41.2637	0
4865	0.973	1.78852	1.79308	-0.26181	41.2635	0
4870	0.974	1.78852	1.79307	-0.26181	41.2631	0
4875	0.975	1.78851	1.79306	-0.26181	41.2623	0
4880	0.976	1.78851	1.79305	-0.26181	41.2615	0
4885	0.977	1.78851	1.79304	-0.26181	41.2605	0
4890	0.978	1.7885	1.79303	-0.26181	41.2595	0
4895	0.979	1.7885	1.79301	-0.26181	41.2584	0
4900	0.98	1.78849	1.793	-0.26181	41.2573	0
4905	0.981	1.78849	1.79299	-0.26181	41.2571	0
4910	0.982	1.78849	1.79298	-0.26181	41.2588	0
4915	0.983	1.78849	1.79297	-0.26181	41.2606	0
4920	0.984	1.78848	1.79296	-0.26181	41.2619	0
4925	0.985	1.78848	1.79295	-0.26181	41.263	0
4930	0.986	1.78848	1.79294	-0.26181	41.2634	0
4935	0.987	1.78847	1.79293	-0.26181	41.2637	0
4940	0.988	1.78847	1.79292	-0.26181	41.2635	0
4945	0.989	1.78847	1.79291	-0.26181	41.2632	0
4950	0.99	1.78846	1.7929	-0.26181	41.2624	0
4955	0.991	1.78846	1.79289	-0.26181	41.2616	0
4960	0.992	1.78846	1.79288	-0.26181	41.2607	0
4965	0.993	1.78845	1.79287	-0.26181	41.2596	0
4970	0.994	1.78845	1.79286	-0.26181	41.2586	0
4975	0.995	1.78845	1.79285	-0.26181	41.2575	0
4980	0.996	1.78845	1.79284	-0.26181	41.2564	0
4985	0.997	1.78844	1.79283	-0.26181	41.2581	0
4990	0.998	1.78844	1.79282	-0.26181	41.2601	0
4995	0.999	1.78844	1.79281	-0.26181	41.2614	0
5000	1	1.78844	1.7928	-0.26181	41.2625	0
5005	1.001	1.78843	1.79279	-0.26181	41.263	0
5010	1.002	1.78843	1.79278	-0.26181	41.2633	0
5015	1.003	1.78843	1.79277	-0.26181	41.2632	0
5020	1.004	1.78842	1.79277	-0.26181	41.2629	0
5025	1.005	1.78842	1.79276	-0.26181	41.2624	0
5030	1.006	1.78842	1.79273	-0.26181	41.2615	0
5035	1.007	1.78842	1.79274	-0.26181	41.2607	0
5040	1.008	1.78841	1.79273	-0.26181	41.2597	0
5045	1.009	1.78841	1.79272	-0.26181	41.2587	0
5050	1.01	1.78841	1.79272	-0.26181	41.2575	0
5055	1.011	1.78841	1.79271	-0.26181	41.2565	0
5060	1.012	1.78841	1.7927	-0.26181	41.2578	0
5065	1.013	1.7884	1.79269	-0.26181	41.26	0
5070	1.014	1.7884	1.79268	-0.26181	41.2618	0
5075	1.015	1.7884	1.79268	-0.26181	41.2631	0
5080	1.016	1.7884	1.79267	-0.26181	41.264	0
5085	1.017	1.78839	1.79266	-0.26181	41.2643	0
5090	1.018	1.78839	1.79265	-0.26181	41.2645	0
5095	1.019	1.78839	1.79265	-0.26181	41.2643	0
5100	1.02	1.78839	1.79264	-0.26181	41.2638	0
5105	1.021	1.78839	1.79263	-0.26181	41.263	0
5110	1.022	1.78838	1.79262	-0.26181	41.2621	0
5115	1.023	1.78838	1.79262	-0.26181	41.261	0
5120	1.024	1.78838	1.79261	-0.26181	41.2599	0
5125	1.025	1.78838	1.7926	-0.26181	41.2588	0
5130	1.026	1.78837	1.7926	-0.26181	41.2576	0
5135	1.027	1.78837	1.79259	-0.26181	41.2586	0
5140	1.028	1.78837	1.79258	-0.26181	41.2607	0
5145	1.029	1.78837	1.79258	-0.26181	41.2627	0
5150	1.03	1.78837	1.79257	-0.26181	41.2641	0
5155	1.031	1.78836	1.79256	-0.26181	41.2648	0
5160	1.032	1.78836	1.79256	-0.26181	41.265	0
5165	1.033	1.78836	1.79255	-0.26181	41.2649	0
5170	1.034	1.78836	1.79255	-0.26181	41.2645	0
5175	1.035	1.78836	1.79254	-0.26181	41.2639	0
5180	1.036	1.78836	1.79253	-0.26181	41.2632	0
5185	1.037	1.78835	1.79253	-0.26181	41.2622	0
5190	1.038	1.78835	1.79252	-0.26181	41.2612	0
5195	1.039	1.78835	1.79252	-0.26181	41.26	0
5200	1.04	1.78835	1.79251	-0.26181	41.2589	0
5205	1.041	1.78835	1.7925	-0.26181	41.2577	0
5210	1.042	1.78835	1.7925	-0.26181	41.2581	0
5215	1.043	1.78834	1.79247	-0.26181	41.26	0
5220	1.044	1.78834	1.79249	-0.26181	41.2619	0
5225	1.045	1.78834	1.79248	-0.26181	41.2633	0
5230	1.046	1.78834	1.79248	-0.26181	41.2641	0
5235	1.047	1.78834	1.79247	-0.26181	41.2644	0
5240	1.048	1.78834	1.79247	-0.26181	41.2643	0
5245	1.049	1.78833	1.79246	-0.26181	41.264	0
5250	1.05	1.78833	1.79245	-0.26181	41.2635	0
5255	1.051	1.78833	1.79245	-0.26181	41.2629	0
5260	1.052	1.78833	1.79244	-0.26181	41.262	0
5265	1.053	1.78833	1.79244	-0.26181	41.261	0
5270	1.054	1.78833	1.79243	-0.26181	41.2598	0
5275	1.055	1.78832	1.79243	-0.26181	41.2587	0
5280	1.056	1.78832	1.79242	-0.26181	41.2575	0
5285	1.057	1.78832	1.79242	-0.26181	41.2573	0
5290	1.058	1.78832	1.79242	-0.26181	41.2591	0
5295	1.059	1.78832	1.79241	-0.26181	41.261	0
5300	1.06	1.78832	1.79241	-0.26181	41.2626	0
5305	1.061	1.78832	1.79238	-0.26181	41.2635	0
5310	1.062	1.78832	1.7924	-0.26181	41.264	0
5315	1.063	1.78831	1.79239	-0.26181	41.264	0
5320	1.064	1.78831	1.79239	-0.26181	41.2638	0
5325	1.065	1.78831	1.79238	-0.26181	41.2633	0
5330	1.066	1.78831	1.79238	-0.26181	41.2627	0
5335	1.067	1.78831	1.79237	-0.26181	41.2619	0
5340	1.068	1.78831	1.79237	-0.26181	41.2609	0
5345	1.069	1.78831	1.79237	-0.26181	41.2598	0
5350	1.07	1.7883	1.79236	-0.26181	41.2587	0
5355	1.071	1.7883	1.79236	-0.26181	41.2576	0
5360	1.072	1.7883	1.79235	-0.26181	41.2564	0
5365	1.073	1.7883	1.79235	-0.26181	41.2583	0
5370	1.074	1.7883	1.79235	-0.261809	41.2602	0
5375	1.075	1.7883	1.79234	-0.26181	41.262	0
5380	1.076	1.7883	1.79234	-0.26181	41.2631	0
5385	1.077	1.7883	1.79233	-0.26181	41.2636	0
5390	1.078	1.7883	1.79233	-0.26181	41.2637	0
5395	1.079	1.78829	1.7923	-0.26181	41.2635	0
5400	1.08	1.78829	1.79232	-0.26181	41.2631	0
5405	1.081	1.78829	1.79232	-0.26181	41.2625	0
5410	1.082	1.78829	1.79232	-0.26181	41.2618	0
5415	1.083	1.78829	1.79231	-0.261809	41.2609	0
5420	1.084	1.78829	1.79231	-0.26181	41.2599	0
5425	1.085	1.78829	1.7923	-0.26181	41.2588	0
5430	1.086	1.78829	1.7923	-0.26181	41.2577	0
5435	1.087	1.78829	1.7923	-0.26181	41.2565	0
5440	1.088	1.78828	1.79229	-0.26181	41.258	0
5445	1.089	1.78828	1.79229	-0.26181	41.2599	0
5450	1.09	1.78828	1.79229	-0.26181	41.2617	0
5455	1.091	1.78828	1.79228	-0.26181	41.2629	0
5460	1.092	1.78828	1.79228	-0.26181	41.2635	0
5465	1.093	1.78828	1.79228	-0.26181	41.2637	0
5470	1.094	1.78828	1.79227	-0.26181	41.2636	0
5475	1.095	1.78828	1.79227	-0.26181	41.2633	0
5480	1.096	1.78828	1.79227	-0.26181	41.2627	0
5485	1.097	1.78828	1.79226	-0.26181	41.262	0
5490	1.098	1.78828	1.79226	-0.26181	41.2612	0
5495	1.099	1.78827	1.79226	-0.26181	41.2602	0
5500	1.1	1.78827	1.79226	-0.26181	41.2591	0
5505	1.101	1.78827	1.79225	-0.261809	41.2579	0
5510	1.102	1.78827	1.79225	-0.26181	41.2568	0
5515	1.103	1.78827	1.79225	-0.26181	41.2577	0
5520	1.104	1.78827	1.79224	-0.26181	41.2598	0
5525	1.105	1.78827	1.79224	-0.26181	41.2615	0
5530	1.106	1.78827	1.79224	-0.26181	41.263	0
5535	1.107	1.78827	1.79224	-0.26181	41.2637	0
5540	1.108	1.78827	1.79223	-0.26181	41.2641	0
5545	1.109	1.78827	1.79223	-0.26181	41.2639	0
5550	1.11	1.78826	1.79223	-0.26181	41.2636	0
5555	1.111	1.78826	1.79222	-0.26181	41.263	0
5560	1.112	1.78826	1.79222	-0.26181	41.2623	0
5565	1.113	1.78826	1.79222	-0.26181	41.2615	0
5570	1.114	1.78826	1.79222	-0.26181	41.2605	0
5575	1.115	1.78826	1.79221	-0.26181	41.2594	0
5580	1.116	1.78826	1.79221	-0.26181	41.2582	0
5585	1.117	1.78826	1.79221	-0.26181	41.2571	0
5590	1.118	1.78826	1.79221	-0.26181	41.2575	0
5595	1.119	1.78826	1.7922	-0.26181	41.2596	0
5600	1.12	1.78826	1.7922	-0.26181	41.2613	0
5605	1.121	1.78826	1.7922	-0.26181	41.2628	0
5610	1.122	1.78826	1.7922	-0.26181	41.2637	0
5615	1.123	1.78826	1.7922	-0.26181	41.264	0
5620	1.124	1.78825	1.79219	-0.26181	41.2639	0
5625	1.125	1.78825	1.79219	-0.26181	41.2636	0
5630	1.126	1.78825	1.79219	-0.26181	41.2631	0
5635	1.127	1.78825	1.79219	-0.26181	41.2624	0
5640	1.128	1.78825	1.79218	-0.26181	41.2617	0
5645	1.129	1.78825	1.79218	-0.26181	41.2607	0
5650	1.13	1.78825	1.79218	-0.26181	41.2597	0
5655	1.131	1.78825	1.79218	-0.26181	41.2585	0
5660	1.132	1.78825	1.79218	-0.26181	41.2574	0
5665	1.133	1.78825	1.79217	-0.26181	41.2571	0
5670	1.134	1.78825	1.79217	-0.26181	41.2589	0
5675	1.135	1.78825	1.79217	-0.26181	41.2608	0
5680	1.136	1.78825	1.79217	-0.26181	41.2623	0
5685	1.137	1.78825	1.79216	-0.26181	41.2634	0
5690	1.138	1.78825	1.79216	-0.261809	41.2639	0
5695	1.139	1.78825	1.79216	-0.26181	41.264	0
5700	1.14	1.78824	1.79216	-0.26181	41.2637	0
5705	1.141	1.78824	1.79216	-0.26181	41.2633	0
5710	1.142	1.78824	1.79216	-0.26181	41.2626	0
5715	1.143	1.78824	1.79215	-0.26181	41.2618	0
5720	1.144	1.78824	1.79215	-0.26181	41.2609	0
5725	1.145	1.78824	1.79215	-0.26181	41.2599	0
5730	1.146	1.78824	1.79215	-0.26181	41.2587	0
5735	1.147	1.78824	1.79215	-0.261809	41.2576	0
5740	1.148	1.78824	1.79214	-0.26181	41.2564	0
5745	1.149	1.78824	1.79214	-0.26181	41.258	0
5750	1.15	1.78824	1.79214	-0.26181	41.2602	0
5755	1.151	1.78824	1.79214	-0.26181	41.2618	0
5760	1.152	1.78824	1.79214	-0.26181	41.263	0
5765	1.153	1.78824	1.79214	-0.26181	41.2636	0
5770	1.154	1.78824	1.79213	-0.26181	41.2638	0
5775	1.155	1.78824	1.79213	-0.26181	41.2635	0
5780	1.156	1.78824	1.79213	-0.261809	41.2631	0
5785	1.157	1.78824	1.79213	-0.26181	41.2625	0
5790	1.158	1.78824	1.79213	-0.26181	41.2617	0
5795	1.159	1.78824	1.79213	-0.26181	41.2609	0
5800	1.16	1.78823	1.79212	-0.26181	41.2599	0
5805	1.161	1.78823	1.79212	-0.26181	41.2589	0
5810	1.162	1.78823	1.79212	-0.26181	41.2577	0
5815	1.163	1.78823	1.79212	-0.26181	41.2566	0
5820	1.164	1.78823	1.79212	-0.26181	41.2579	0
5825	1.165	1.78823	1.79212	-0.261809	41.2599	0
5830	1.166	1.78823	1.79212	-0.26181	41.2615	0
5835	1.167	1.78823	1.79211	-0.26181	41.2628	0
5840	1.168	1.78823	1.79211	-0.26181	41.2635	0
5845	1.169	1.78823	1.79211	-0.26181	41.2638	0
5850	1.17	1.78823	1.79211	-0.26181	41.2637	0
5855	1.171	1.78823	1.79211	-0.26181	41.2632	0
5860	1.172	1.78823	1.79211	-0.26181	41.2627	0
5865	1.173	1.78823	1.79211	-0.26181	41.2619	0
5870	1.174	1.78823	1.7921	-0.26181	41.2611	0
5875	1.175	1.78823	1.7921	-0.26181	41.2602	0
5880	1.176	1.78823	1.7921	-0.26181	41.2592	0
5885	1.177	1.78823	1.7921	-0.26181	41.258	0
5890	1.178	1.78823	1.7921	-0.26181	41.2568	0
5895	1.179	1.78823	1.7921	-0.26181	41.2577	0
5900	1.18	1.78823	1.7921	-0.26181	41.2596	0
5905	1.181	1.78823	1.7921	-0.26181	41.2614	0
5910	1.182	1.78823	1.79209	-0.26181	41.2626	0
5915	1.183	1.78823	1.79209	-0.26181	41.2636	0
5920	1.184	1.78823	1.79209	-0.26181	41.264	0
5925	1.185	1.78822	1.79209	-0.26181	41.264	0
5930	1.186	1.78822	1.79209	-0.26181	41.2635	0
5935	1.187	1.78822	1.79209	-0.26181	41.263	0
5940	1.188	1.78822	1.79209	-0.26181	41.2622	0
5945	1.189	1.78822	1.79209	-0.26181	41.2613	0
5950	1.19	1.78822	1.79209	-0.26181	41.2604	0
5955	1.191	1.78822	1.79208	-0.26181	41.2594	0
5960	1.192	1.78822	1.79208	-0.26181	41.2583	0
5965	1.193	1.78822	1.79208	-0.26181	41.2571	0
5970	1.194	1.78822	1.79208	-0.26181	41.2576	0
5975	1.195	1.78822	1.79208	-0.26181	41.2593	0
5980	1.196	1.78822	1.79208	-0.26181	41.2612	0
5985	1.197	1.78822	1.79208	-0.26181	41.2625	0
5990	1.198	1.78822	1.79208	-0.26181	41.2635	0
5995	1.199	1.78822	1.79208	-0.26181	41.2639	0
6000	1.2	1.78822	1.79207	-0.26181	41.264	0
6005	1.201	1.78822	1.79207	-0.26181	41.2636	0
6010	1.202	1.78822	1.79207	-0.26181	41.2631	0
6015	1.203	1.78822	1.79207	-0.26181	41.2624	0
6020	1.204	1.78822	1.79205	-0.26181	41.2615	0
6025	1.205	1.78822	1.79207	-0.26181	41.2606	0
6030	1.206	1.78822	1.79207	-0.26181	41.2596	0
6035	1.207	1.78822	1.79207	-0.26181	41.2586	0
6040	1.208	1.78822	1.79207	-0.26181	41.2574	0
6045	1.209	1.78822	1.79207	-0.26181	41.2571	0
6050	1.21	1.78822	1.79207	-0.26181	41.2588	0
6055	1.211	1.78822	1.79206	-0.26181	41.2607	0
6060	1.212	1.78822	1.79206	-0.26181	41.2621	0
6065	1.213	1.78822	1.79206	-0.26181	41.263	0
6070	1.214	1.78822	1.79206	-0.26181	41.2636	0
6075	1.215	1.78822	1.79206	-0.26181	41.2638	0
6080	1.216	1.78822	1.79206	-0.26181	41.2637	0
6085	1.217	1.78822	1.79206	-0.26181	41.2632	0
6090	1.218	1.78822	1.79206	-0.26181	41.2625	0
6095	1.219	1.78821	1.79206	-0.26181	41.2617	0
6100	1.22	1.78821	1.79206	-0.26181	41.2608	0
6105	1.221	1.78821	1.79206	-0.26181	41.2598	0
6110	1.222	1.78821	1.79206	-0.26181	41.2587	0
6115	1.223	1.78821	1.79206	-0.26181	41.2576	0
6120	1.224	1.78821	1.79205	-0.26181	41.2564	0
6125	1.225	1.78821	1.79205	-0.26181	41.258	0
6130	1.226	1.78821	1.79205	-0.26181	41.2599	0
6135	1.227	1.78821	1.79205	-0.26181	41.2616	0
6140	1.228	1.78821	1.79205	-0.26181	41.2626	0
6145	1.229	1.78821	1.79205	-0.26181	41.2634	0
6150	1.23	1.78821	1.79205	-0.26181	41.2636	0
6155	1.231	1.78821	1.79205	-0.26181	41.2636	0
6160	1.232	1.78821	1.79205	-0.26181	41.2631	0
6165	1.233	1.78821	1.79205	-0.26181	41.2625	0
6170	1.234	1.78821	1.79205	-0.26181	41.2617	0
6175	1.235	1.78821	1.79205	-0.26181	41.2608	0
6180	1.236	1.78821	1.79205	-0.26181	41.2598	0
6185	1.237	1.78821	1.79204	-0.26181	41.2588	0
6190	1.238	1.78821	1.79204	-0.26181	41.2577	0
6195	1.239	1.78821	1.79204	-0.26181	41.2566	0
6200	1.24	1.78821	1.79204	-0.26181	41.258	0
6205	1.241	1.78821	1.79202	-0.26181	41.2598	0
6210	1.242	1.78821	1.79204	-0.26181	41.2614	0
6215	1.243	1.78821	1.79204	-0.26181	41.2625	0
6220	1.244	1.78821	1.79204	-0.26181	41.2632	0
6225	1.245	1.78821	1.79204	-0.26181	41.2635	0
6230	1.246	1.78821	1.79204	-0.26181	41.2635	0
6235	1.247	1.78821	1.79204	-0.26181	41.2633	0
6240	1.248	1.78821	1.79204	-0.26181	41.2626	0
6245	1.249	1.78821	1.79204	-0.26181	41.2619	0
6250	1.25	1.78821	1.79204	-0.26181	41.261	0
6255	1.251	1.78821	1.79204	-0.26181	41.2601	0
6260	1.252	1.78821	1.79204	-0.26181	41.259	0
6265	1.253	1.78821	1.79204	-0.26181	41.258	0
6270	1.254	1.78821	1.79203	-0.26181	41.2568	0
6275	1.255	1.78821	1.79203	-0.26181	41.2578	0
6280	1.256	1.78821	1.79203	-0.26181	41.2596	0
6285	1.257	1.78821	1.79203	-0.26181	41.2612	0
6290	1.258	1.78821	1.79203	-0.26181	41.2625	0
6295	1.259	1.78821	1.79201	-0.26181	41.2632	0
6300	1.26	1.78821	1.79203	-0.26181	41.2637	0
6305	1.261	1.78821	1.79203	-0.26181	41.2637	0
6310	1.262	1.78821	1.79203	-0.26181	41.2635	0
6315	1.263	1.78821	1.79203	-0.26181	41.2629	0
6320	1.264	1.78821	1.79203	-0.26181	41.2622	0
6325	1.265	1.78821	1.79203	-0.26181	41.2613	0
6330	1.266	1.78821	1.79203	-0.26181	41.2603	0
6335	1.267	1.78821	1.79203	-0.26181	41.2593	0
6340	1.268	1.78821	1.79201	-0.26181	41.2582	0
6345	1.269	1.78821	1.79203	-0.26181	41.2571	0
6350	1.27	1.78821	1.79203	-0.26181	41.2575	0
6355	1.271	1.78821	1.79203	-0.26181	41.2594	0
6360	1.272	1.78821	1.79203	-0.261809	41.2611	0
6365	1.273	1.78821	1.79203	-0.26181	41.2624	0
6370	1.274	1.78821	1.79203	-0.26181	41.2632	0
6375	1.275	1.7882	1.79203	-0.26181	41.2637	0
6380	1.276	1.7882	1.79202	-0.26181	41.2637	0
6385	1.277	1.7882	1.792	-0.26181	41.2635	0
6390	1.278	1.7882	1.79202	-0.26181	41.2631	0
6395	1.279	1.7882	1.79202	-0.26181	41.2623	0
6400	1.28	1.7882	1.79202	-0.26181	41.2615	0
6405	1.281	1.7882	1.79202	-0.261809	41.2605	0
6410	1.282	1.7882	1.79202	-0.26181	41.2595	0
6415	1.283	1.7882	1.79202	-0.26181	41.2584	0
6420	1.284	1.7882	1.79202	-0.26181	41.2573	0
6425	1.285	1.7882	1.79202	-0.26181	41.2571	0
6430	1.286	1.7882	1.79202	-0.26181	41.2589	0
6435	1.287	1.7882	1.79202	-0.26181	41.2606	0
6440	1.288	1.7882	1.79202	-0.26181	41.262	0
6445	1.289	1.7882	1.79202	-0.26181	41.2628	0
6450	1.29	1.7882	1.79202	-0.26181	41.2633	0
6455	1.291	1.7882	1.79202	-0.26181	41.2635	0
6460	1.292	1.7882	1.79202	-0.26181	41.2634	0
6465	1.293	1.7882	1.79202	-0.26181	41.2631	0
6470	1.294	1.7882	1.79202	-0.26181	41.2624	0
6475	1.295	1.7882	1.79202	-0.26181	41.2616	0
6480	1.296	1.7882	1.79202	-0.26181	41.2606	0
6485	1.297	1.7882	1.79202	-0.26181	41.2596	0
6490	1.298	1.7882	1.79202	-0.26181	41.2585	0
6495	1.299	1.7882	1.79202	-0.261809	41.2574	0
6500	1.3	1.7882	1.79202	-0.26181	41.2563	0
6505	1.301	1.7882	1.79202	-0.26181	41.2581	0
6510	1.302	1.7882	1.79201	-0.26181	41.2603	0
6515	1.303	1.7882	1.79201	-0.26181	41.262	0
6520	1.304	1.7882	1.79201	-0.26181	41.2631	0
6525	1.305	1.7882	1.79201	-0.26181	41.2636	0
6530	1.306	1.7882	1.79201	-0.26181	41.2638	0
6535	1.307	1.7882	1.79201	-0.26181	41.2636	0
6540	1.308	1.7882	1.79201	-0.26181	41.2633	0
6545	1.309	1.7882	1.79201	-0.26181	41.2627	0
6550	1.31	1.7882	1.79201	-0.26181	41.2619	0
6555	1.311	1.7882	1.79201	-0.26181	41.2609	0
6560	1.312	1.7882	1.79201	-0.26181	41.2599	0
6565	1.313	1.7882	1.79201	-0.26181	41.2588	0
6570	1.314	1.7882	1.79201	-0.26181	41.2577	0
6575	1.315	1.7882	1.79201	-0.26181	41.2566	0
6580	1.316	1.7882	1.79201	-0.26181	41.258	0
6585	1.317	1.7882	1.79201	-0.26181	41.2602	0
6590	1.318	1.7882	1.79201	-0.26181	41.2619	0
6595	1.319	1.7882	1.79201	-0.26181	41.263	0
6600	1.32	1.7882	1.79201	-0.26181	41.2636	0
6605	1.321	1.7882	1.79201	-0.26181	41.2638	0
6610	1.322	1.7882	1.79201	-0.26181	41.2636	0
6615	1.323	1.7882	1.79201	-0.26181	41.2633	0
6620	1.324	1.7882	1.79201	-0.26181	41.2628	0
6625	1.325	1.7882	1.79201	-0.26181	41.262	0
6630	1.326	1.7882	1.79201	-0.26181	41.2611	0
6635	1.327	1.7882	1.79201	-0.26181	41.2601	0
6640	1.328	1.7882	1.79201	-0.26181	41.259	0
6645	1.329	1.7882	1.79201	-0.26181	41.2579	0
6650	1.33	1.7882	1.79201	-0.26181	41.2568	0
6655	1.331	1.7882	1.79201	-0.26181	41.2577	0
6660	1.332	1.7882	1.79201	-0.26181	41.2598	0
6665	1.333	1.7882	1.79201	-0.26181	41.2616	0
6670	1.334	1.7882	1.79201	-0.26181	41.2628	0
6675	1.335	1.7882	1.79201	-0.26181	41.2635	0
6680	1.336	1.7882	1.79201	-0.261809	41.2637	0
6685	1.337	1.7882	1.79201	-0.26181	41.2638	0
6690	1.338	1.7882	1.79201	-0.26181	41.2634	0
6695	1.339	1.7882	1.79201	-0.26181	41.263	0
6700	1.34	1.7882	1.792	-0.26181	41.2623	0
6705	1.341	1.7882	1.792	-0.26181	41.2614	0
6710	1.342	1.7882	1.792	-0.26181	41.2604	0
6715	1.343	1.7882	1.792	-0.26181	41.2593	0
6720	1.344	1.7882	1.792	-0.26181	41.2582	0
6725	1.345	1.7882	1.792	-0.261809	41.257	0
6730	1.346	1.7882	1.792	-0.26181	41.2575	0
6735	1.347	1.7882	1.792	-0.26181	41.2594	0
6740	1.348	1.7882	1.792	-0.26181	41.2615	0
6745	1.349	1.7882	1.792	-0.26181	41.2629	0
6750	1.35	1.7882	1.792	-0.26181	41.2637	0
6755	1.351	1.7882	1.792	-0.26181	41.2639	0
6760	1.352	1.7882	1.792	-0.26181	41.264	0
6765	1.353	1.7882	1.792	-0.26181	41.2636	0
6770	1.354	1.7882	1.792	-0.261809	41.2632	0
6775	1.355	1.7882	1.792	-0.26181	41.2625	0
6780	1.356	1.7882	1.792	-0.26181	41.2616	0
6785	1.357	1.7882	1.792	-0.26181	41.2606	0
6790	1.358	1.7882	1.792	-0.26181	41.2595	0
6795	1.359	1.7882	1.792	-0.26181	41.2585	0
6800	1.36	1.7882	1.792	-0.26181	41.2573	0
6805	1.361	1.7882	1.792	-0.26181	41.2571	0
6810	1.362	1.7882	1.792	-0.26181	41.2589	0
6815	1.363	1.7882	1.792	-0.261809	41.2609	0
6820	1.364	1.7882	1.792	-0.26181	41.2624	0
6825	1.365	1.7882	1.792	-0.26181	41.2633	0
6830	1.366	1.7882	1.792	-0.26181	41.2637	0
6835	1.367	1.7882	1.792	-0.26181	41.2637	0
6840	1.368	1.7882	1.792	-0.26181	41.2635	0
6845	1.369	1.7882	1.792	-0.26181	41.2631	0
6850	1.37	1.7882	1.792	-0.26181	41.2625	0
6855	1.371	1.7882	1.792	-0.26181	41.2617	0
6860	1.372	1.7882	1.792	-0.26181	41.2608	0
6865	1.373	1.7882	1.792	-0.26181	41.2597	0
6870	1.374	1.7882	1.792	-0.26181	41.2586	0
6875	1.375	1.7882	1.792	-0.26181	41.2575	0
6880	1.376	1.7882	1.792	-0.26181	41.2563	0
6885	1.377	1.7882	1.792	-0.26181	41.258	0
6890	1.378	1.7882	1.792	-0.26181	41.26	0
6895	1.379	1.7882	1.792	-0.26181	41.2618	0
6900	1.38	1.7882	1.792	-0.26181	41.2628	0
6905	1.381	1.7882	1.792	-0.26181	41.2635	0
6910	1.382	1.7882	1.792	-0.26181	41.2635	0
6915	1.383	1.7882	1.792	-0.26181	41.2635	0
6920	1.384	1.7882	1.792	-0.26181	41.263	0
6925	1.385	1.7882	1.792	-0.26181	41.2625	0
6930	1.386	1.7882	1.792	-0.26181	41.2617	0
6935	1.387	1.7882	1.792	-0.26181	41.2608	0
6940	1.388	1.7882	1.792	-0.26181	41.2598	0
6945	1.389	1.7882	1.792	-0.26181	41.2587	0
6950	1.39	1.7882	1.792	-0.26181	41.2576	0
6955	1.391	1.7882	1.792	-0.26181	41.2564	0
6960	1.392	1.7882	1.792	-0.26181	41.258	0
6965	1.393	1.7882	1.792	-0.26181	41.2599	0
6970	1.394	1.7882	1.792	-0.26181	41.2618	0
6975	1.395	1.7882	1.792	-0.26181	41.263	0
6980	1.396	1.7882	1.792	-0.26181	41.2636	0
6985	1.397	1.7882	1.792	-0.26181	41.2637	0
6990	1.398	1.7882	1.792	-0.26181	41.2636	0
6995	1.399	1.7882	1.792	-0.26181	41.2632	0
7000	1.4	1.7882	1.792	-0.26181	41.2627	0
7005	1.401	1.7882	1.792	-0.26181	41.262	0
7010	1.402	1.7882	1.79197	-0.26181	41.2611	0
7015	1.403	1.7882	1.792	-0.26181	41.2602	0
7020	1.404	1.7882	1.792	-0.26181	41.2591	0
7025	1.405	1.7882	1.792	-0.26181	41.258	0
7030	1.406	1.7882	1.792	-0.26181	41.2568	0
7035	1.407	1.7882	1.79199	-0.26181	41.2578	0
7040	1.408	1.7882	1.79199	-0.26181	41.2597	0
7045	1.409	1.7882	1.79199	-0.26181	41.2616	0
7050	1.41	1.7882	1.79199	-0.26181	41.2629	0
7055	1.411	1.7882	1.79199	-0.26181	41.2636	0
7060	1.412	1.7882	1.79199	-0.26181	41.2639	0
7065	1.413	1.7882	1.79199	-0.26181	41.2638	0
7070	1.414	1.7882	1.79199	-0.26181	41.2635	0
7075	1.415	1.7882	1.79199	-0.26181	41.2629	0
7080	1.416	1.7882	1.79199	-0.26181	41.2623	0
7085	1.417	1.7882	1.79199	-0.26181	41.2614	0
7090	1.418	1.7882	1.79199	-0.26181	41.2605	0
7095	1.419	1.7882	1.79199	-0.26181	41.2594	0
7100	1.42	1.7882	1.79199	-0.26181	41.2583	0
7105	1.421	1.7882	1.79199	-0.26181	41.2571	0
7110	1.422	1.7882	1.79199	-0.26181	41.2575	0
7115	1.423	1.7882	1.79199	-0.26181	41.2595	0
7120	1.424	1.7882	1.79199	-0.26181	41.2613	0
7125	1.425	1.7882	1.79199	-0.26181	41.2629	0
7130	1.426	1.7882	1.79199	-0.26181	41.2637	0
7135	1.427	1.7882	1.79199	-0.26181	41.2641	0
7140	1.428	1.7882	1.79199	-0.26181	41.264	0
7145	1.429	1.7882	1.79199	-0.26181	41.2637	0
7150	1.43	1.7882	1.79199	-0.26181	41.2631	0
7155	1.431	1.7882	1.79199	-0.26181	41.2625	0
7160	1.432	1.7882	1.79199	-0.26181	41.2616	0
7165	1.433	1.7882	1.79199	-0.26181	41.2607	0
7170	1.434	1.7882	1.79199	-0.26181	41.2597	0
7175	1.435	1.7882	1.79199	-0.26181	41.2585	0
7180	1.436	1.7882	1.79199	-0.26181	41.2574	0
7185	1.437	1.7882	1.79199	-0.26181	41.2571	0
7190	1.438	1.7882	1.79199	-0.26181	41.259	0
7195	1.439	1.7882	1.79197	-0.26181	41.2608	0
7200	1.44	1.7882	1.79199	-0.26181	41.2624	0
7205	1.441	1.7882	1.79199	-0.26181	41.2634	0
7210	1.442	1.7882	1.79199	-0.26181	41.264	0
7215	1.443	1.7882	1.79199	-0.26181	41.264	0
7220	1.444	1.7882	1.79199	-0.26181	41.2637	0
7225	1.445	1.7882	1.79199	-0.26181	41.2632	0
7230	1.446	1.7882	1.79199	-0.26181	41.2625	0
7235	1.447	1.7882	1.79199	-0.26181	41.2618	0
7240	1.448	1.7882	1.79199	-0.26181	41.2609	0
7245	1.449	1.7882	1.79199	-0.26181	41.2599	0
7250	1.45	1.7882	1.79199	-0.26181	41.2588	0
7255	1.451	1.7882	1.79199	-0.26181	41.2576	0
7260	1.452	1.7882	1.79199	-0.26181	41.2564	0
7265	1.453	1.7882	1.79199	-0.26181	41.2581	0
7270	1.454	1.7882	1.79199	-0.26181	41.2601	0
7275	1.455	1.7882	1.79199	-0.26181	41.2617	0
7280	1.456	1.7882	1.79199	-0.26181	41.2628	0
7285	1.457	1.7882	1.79197	-0.26181	41.2635	0
7290	1.458	1.7882	1.79199	-0.26181	41.2638	0
7295	1.459	1.7882	1.79199	-0.26181	41.2636	0
7300	1.46	1.7882	1.79199	-0.26181	41.2632	0
7305	1.461	1.7882	1.79199	-0.26181	41.2625	0
7310	1.462	1.7882	1.79199	-0.26181	41.2618	0
7315	1.463	1.7882	1.79199	-0.26181	41.2609	0
7320	1.464	1.7882	1.79199	-0.26181	41.2599	0
7325	1.465	1.7882	1.79199	-0.26181	41.2589	0
7330	1.466	1.78819	1.79197	-0.26181	41.2577	0
7335	1.467	1.78819	1.79199	-0.26181	41.2566	0
7340	1.468	1.78819	1.79199	-0.26181	41.2579	0
7345	1.469	1.78819	1.79199	-0.26181	41.26	0
7350	1.47	1.78819	1.79199	-0.261809	41.2616	0
7355	1.471	1.78819	1.79199	-0.26181	41.2629	0
7360	1.472	1.78819	1.79199	-0.26181	41.2636	0
7365	1.473	1.78819	1.79199	-0.26181	41.264	0
7370	1.474	1.78819	1.79199	-0.26181	41.2638	0
7375	1.475	1.78819	1.79197	-0.26181	41.2634	0
7380	1.476	1.78819	1.79199	-0.26181	41.2628	0
7385	1.477	1.78819	1.79199	-0.26181	41.262	0
7390	1.478	1.78819	1.79199	-0.26181	41.2611	0
7395	1.479	1.78819	1.79199	-0.261809	41.2602	0
7400	1.48	1.78819	1.79199	-0.26181	41.2592	0
7405	1.481	1.78819	1.79199	-0.26181	41.258	0
7410	1.482	1.78819	1.79199	-0.26181	41.2569	0
7415	1.483	1.78819	1.79199	-0.26181	41.2578	0
7420	1.484	1.78819	1.79199	-0.26181	41.2598	0
7425	1.485	1.78819	1.79199	-0.26181	41.2614	0
7430	1.486	1.78819	1.79199	-0.26181	41.2627	0
7435	1.487	1.78819	1.79199	-0.26181	41.2635	0
7440	1.488	1.78819	1.79199	-0.26181	41.2639	0
7445	1.489	1.78819	1.79199	-0.26181	41.2639	0
7450	1.49	1.78819	1.79199	-0.26181	41.2635	0
7455	1.491	1.78819	1.79199	-0.26181	41.263	0
7460	1.492	1.78819	1.79199	-0.26181	41.2622	0
7465	1.493	1.78819	1.79199	-0.26181	41.2614	0
7470	1.494	1.78819	1.79199	-0.26181	41.2604	0
7475	1.495	1.78819	1.79199	-0.26181	41.2594	0
7480	1.496	1.78819	1.79199	-0.26181	41.2583	0
7485	1.497	1.78819	1.79199	-0.261809	41.2571	0
7490	1.498	1.78819	1.79199	-0.26181	41.2575	0
7495	1.499	1.78819	1.79199	-0.26181	41.2593	0
7500	1.5	1.78819	1.79199	-0.26181	41.2611	0
7505	1.501	1.78819	1.79199	-0.26181	41.2624	0
7510	1.502	1.78819	1.79199	-0.26181	41.2635	0
7515	1.503	1.78819	1.79199	-0.26181	41.2639	0
7520	1.504	1.78819	1.79199	-0.26181	41.2641	0
7525	1.505	1.78819	1.79199	-0.26181	41.2637	0
7530	1.506	1.78819	1.79199	-0.26181	41.2632	0
7535	1.507	1.78819	1.79199	-0.26181	41.2624	0
7540	1.508	1.78819	1.79199	-0.26181	41.2616	0
7545	1.509	1.78819	1.79199	-0.26181	41.2606	0
7550	1.51	1.78819	1.79199	-0.26181	41.2596	0
7555	1.511	1.78819	1.79199	-0.26181	41.2586	0
7560	1.512	1.78819	1.79199	-0.26181	41.2574	0
7565	1.513	1.78819	1.79199	-0.26181	41.2571	0
7570	1.514	1.78819	1.79199	-0.26181	41.2588	0
7575	1.515	1.78819	1.79199	-0.26181	41.2607	0
7580	1.516	1.78819	1.79199	-0.26181	41.2621	0
7585	1.517	1.78819	1.79199	-0.26181	41.2631	0
7590	1.518	1.78819	1.79199	-0.26181	41.2636	0
7595	1.519	1.78819	1.79199	-0.26181	41.2638	0
7600	1.52	1.78819	1.79199	-0.26181	41.2636	0
7605	1.521	1.78819	1.79199	-0.26181	41.2631	0
7610	1.522	1.78819	1.79199	-0.26181	41.2625	0
7615	1.523	1.78819	1.79199	-0.26181	41.2616	0
7620	1.524	1.78819	1.79199	-0.26181	41.2607	0
7625	1.525	1.78819	1.79199	-0.26181	41.2597	0
7630	1.526	1.78819	1.79199	-0.26181	41.2587	0
7635	1.527	1.78819	1.79199	-0.26181	41.2576	0
7640	1.528	1.78819	1.79199	-0.26181	41.2564	0
7645	1.529	1.78819	1.79199	-0.26181	41.2579	0
7650	1.53	1.78819	1.79199	-0.26181	41.2599	0
7655	1.531	1.78819	1.79199	-0.26181	41.2614	0
7660	1.532	1.78819	1.79199	-0.26181	41.2625	0
7665	1.533	1.78819	1.79199	-0.26181	41.2631	0
7670	1.534	1.78819	1.79199	-0.261809	41.2634	0
7675	1.535	1.78819	1.79199	-0.26181	41.2635	0
7680	1.536	1.78819	1.79199	-0.26181	41.263	0
7685	1.537	1.78819	1.79199	-0.26181	41.2624	0
7690	1.538	1.78819	1.79199	-0.26181	41.2616	0
7695	1.539	1.78819	1.79199	-0.26181	41.2607	0
7700	1.54	1.78819	1.79199	-0.26181	41.2597	0
7705	1.541	1.78819	1.79199	-0.26181	41.2587	0
7710	1.542	1.78819	1.79199	-0.26181	41.2576	0
7715	1.543	1.78819	1.79199	-0.261809	41.2565	0
7720	1.544	1.78819	1.79199	-0.261809	41.2578	0
7725	1.545	1.78819	1.79199	-0.26181	41.2596	0
7730	1.546	1.78819	1.79199	-0.26181	41.2614	0
7735	1.547	1.78819	1.79199	-0.26181	41.2625	0
7740	1.548	1.78819	1.79199	-0.26181	41.2633	0
7745	1.549	1.78819	1.79199	-0.26181	41.2635	0
7750	1.55	1.78819	1.79199	-0.26181	41.2636	0
7755	1.551	1.78819	1.79199	-0.26181	41.2633	0
7760	1.552	1.78819	1.79199	-0.261809	41.2626	0
7765	1.553	1.78819	1.79199	-0.26181	41.2619	0
7770	1.554	1.78819	1.79199	-0.26181	41.261	0
7775	1.555	1.78819	1.79199	-0.26181	41.26	0
7780	1.556	1.78819	1.79199	-0.26181	41.259	0
7785	1.557	1.78819	1.79199	-0.26181	41.2579	0
7790	1.558	1.78819	1.79199	-0.26181	41.2568	0
7795	1.559	1.78819	1.79199	-0.26181	41.2578	0
7800	1.56	1.78819	1.79199	-0.26181	41.2596	0
7805	1.561	1.78819	1.79199	-0.261809	41.2613	0
7810	1.562	1.78819	1.79199	-0.26181	41.2624	0
7815	1.563	1.78819	1.79199	-0.26181	41.2632	0
7820	1.564	1.78819	1.79199	-0.26181	41.2636	0
7825	1.565	1.78819	1.79199	-0.26181	41.2636	0
7830	1.566	1.78819	1.79199	-0.26181	41.2634	0
7835	1.567	1.78819	1.79199	-0.26181	41.2628	0
7840	1.568	1.78819	1.79199	-0.26181	41.2622	0
7845	1.569	1.78819	1.79199	-0.26181	41.2612	0
7850	1.57	1.78819	1.79199	-0.26181	41.2603	0
7855	1.571	1.78819	1.79199	-0.26181	41.2592	0
7860	1.572	1.78819	1.79199	-0.26181	41.2582	0
7865	1.573	1.78819	1.79199	-0.26181	41.2571	0
7870	1.574	1.78819	1.79199	-0.26181	41.2575	0
7875	1.575	1.78819	1.79199	-0.26181	41.2592	0
7880	1.576	1.78819	1.79199	-0.26181	41.2609	0
7885	1.577	1.78819	1.79199	-0.26181	41.2622	0
7890	1.578	1.78819	1.79199	-0.26181	41.263	0
7895	1.579	1.78819	1.79199	-0.26181	41.2636	0
7900	1.58	1.78819	1.79199	-0.26181	41.2637	0
7905	1.581	1.78819	1.79199	-0.26181	41.2635	0
7910	1.582	1.78819	1.79199	-0.26181	41.2631	0
7915	1.583	1.78819	1.79199	-0.26181	41.2623	0
7920	1.584	1.78819	1.79199	-0.26181	41.2614	0
7925	1.585	1.78819	1.79199	-0.26181	41.2605	0
7930	1.586	1.78819	1.79199	-0.26181	41.2595	0
7935	1.587	1.78819	1.79199	-0.26181	41.2584	0
7940	1.588	1.78819	1.79199	-0.26181	41.2573	0
7945	1.589	1.78819	1.79199	-0.26181	41.257	0
7950	1.59	1.78819	1.79199	-0.26181	41.2591	0
7955	1.591	1.78819	1.79199	-0.26181	41.261	0
7960	1.592	1.78819	1.79199	-0.26181	41.2625	0
7965	1.593	1.78819	1.79199	-0.26181	41.2632	0
7970	1.594	1.78819	1.79199	-0.26181	41.2637	0
7975	1.595	1.78819	1.79199	-0.26181	41.2638	0
7980	1.596	1.78819	1.79199	-0.26181	41.2636	0
7985	1.597	1.78819	1.79199	-0.26181	41.2632	0
7990	1.598	1.78819	1.79199	-0.26181	41.2626	0
7995	1.599	1.78819	1.79199	-0.26181	41.2617	0
8000	1.6	1.78819	1.79196	-0.26181	41.2607	0
8005	1.601	1.78819	1.79199	-0.26181	41.2597	0
8010	1.602	1.78819	1.79199	-0.26181	41.2586	0
8015	1.603	1.78819	1.79199	-0.26181	41.2576	0
8020	1.604	1.78819	1.79199	-0.26181	41.2564	0
8025	1.605	1.78819	1.79199	-0.26181	41.2582	0
8030	1.606	1.78819	1.79199	-0.26181	41.2603	0
8035	1.607	1.78819	1.79199	-0.26181	41.2618	0
8040	1.608	1.78819	1.79199	-0.26181	41.2627	0
8045	1.609	1.78819	1.79199	-0.26181	41.2632	0
8050	1.61	1.78819	1.79199	-0.26181	41.2635	0
8055	1.611	1.78819	1.79199	-0.26181	41.2633	0
8060	1.612	1.78819	1.79199	-0.26181	41.2631	0
8065	1.613	1.78819	1.79199	-0.26181	41.2625	0
8070	1.614	1.78819	1.79199	-0.26181	41.2617	0
8075	1.615	1.78819	1.79199	-0.26181	41.2608	0
8080	1.616	1.78819	1.79199	-0.26181	41.2598	0
8085	1.617	1.78819	1.79199	-0.26181	41.2587	0
8090	1.618	1.78819	1.79199	-0.26181	41.2576	0
8095	1.619	1.78819	1.79199	-0.26181	41.2565	0
8100	1.62	1.78819	1.79199	-0.26181	41.2579	0
8105	1.621	1.78819	1.79199	-0.26181	41.2601	0
8110	1.622	1.78819	1.79199	-0.26181	41.2617	0
8115	1.623	1.78819	1.79199	-0.26181	41.2629	0
8120	1.624	1.78819	1.79199	-0.26181	41.2634	0
8125	1.625	1.78819	1.79199	-0.26181	41.2637	0
8130	1.626	1.78819	1.79199	-0.26181	41.2636	0
8135	1.627	1.78819	1.79199	-0.26181	41.2633	0
8140	1.628	1.78819	1.79199	-0.26181	41.2627	0
8145	1.629	1.78819	1.79199	-0.26181	41.262	0
8150	1.63	1.78819	1.79199	-0.26181	41.261	0
8155	1.631	1.78819	1.79199	-0.26181	41.26	0
8160	1.632	1.78819	1.79199	-0.26181	41.259	0
8165	1.633	1.78819	1.79199	-0.26181	41.2578	0
8170	1.634	1.78819	1.79199	-0.26181	41.2568	0
8175	1.635	1.78819	1.79199	-0.26181	41.2577	0
8180	1.636	1.78819	1.79199	-0.26181	41.2599	0
8185	1.637	1.78819	1.79196	-0.26181	41.2617	0
8190	1.638	1.78819	1.79199	-0.26181	41.2629	0
8195	1.639	1.78819	1.79199	-0.26181	41.2635	0
8200	1.64	1.78819	1.79199	-0.26181	41.2637	0
8205	1.641	1.78819	1.79199	-0.26181	41.2637	0
8210	1.642	1.78819	1.79199	-0.26181	41.2634	0
8215	1.643	1.78819	1.79199	-0.26181	41.2629	0
8220	1.644	1.78819	1.79199	-0.26181	41.2622	0
8225	1.645	1.78819	1.79199	-0.26181	41.2614	0
8230	1.646	1.78819	1.79199	-0.26181	41.2603	0
8235	1.647	1.78819	1.79199	-0.26181	41.2593	0
8240	1.648	1.78819	1.79199	-0.26181	41.2582	0
8245	1.649	1.78819	1.79199	-0.26181	41.2571	0
8250	1.65	1.78819	1.79199	-0.26181	41.2575	0
8255	1.651	1.78819	1.79199	-0.26181	41.2595	0
8260	1.652	1.78819	1.79199	-0.26181	41.2614	0
8265	1.653	1.78819	1.79199	-0.26181	41.2627	0
8270	1.654	1.78819	1.79199	-0.26181	41.2635	0
8275	1.655	1.78819	1.79196	-0.26181	41.2638	0
8280	1.656	1.78819	1.79199	-0.26181	41.2639	0
8285	1.657	1.78819	1.79199	-0.26181	41.2636	0
8290	1.658	1.78819	1.79199	-0.26181	41.2631	0
8295	1.659	1.78819	1.79199	-0.26181	41.2625	0
8300	1.66	1.78819	1.79199	-0.26181	41.2617	0
8305	1.661	1.78819	1.79199	-0.26181	41.2607	0
8310	1.662	1.78819	1.79199	-0.26181	41.2596	0
8315	1.663	1.78819	1.79199	-0.26181	41.2585	0
8320	1.664	1.78819	1.79196	-0.26181	41.2573	0
8325	1.665	1.78819	1.79199	-0.26181	41.2571	0
8330	1.666	1.78819	1.79199	-0.26181	41.2589	0
8335	1.667	1.78819	1.79199	-0.26181	41.261	0
8340	1.668	1.78819	1.79199	-0.261809	41.2625	0
8345	1.669	1.78819	1.79199	-0.26181	41.2635	0
8350	1.67	1.78819	1.79199	-0.26181	41.2638	0
8355	1.671	1.78819	1.79199	-0.26181	41.2639	0
8360	1.672	1.78819	1.79199	-0.26181	41.2636	0
8365	1.673	1.78819	1.79196	-0.26181	41.2632	0
8370	1.674	1.78819	1.79199	-0.26181	41.2625	0
8375	1.675	1.78819	1.79199	-0.26181	41.2618	0
8380	1.676	1.78819	1.79199	-0.26181	41.2608	0
8385	1.677	1.78819	1.79199	-0.261809	41.2597	0
8390	1.678	1.78819	1.79199	-0.26181	41.2587	0
8395	1.679	1.78819	1.79199	-0.26181	41.2575	0
8400	1.68	1.78819	1.79199	-0.26181	41.2564	0
8405	1.681	1.78819	1.79199	-0.26181	41.258	0
8410	1.682	1.78819	1.79199	-0.26181	41.2601	0
8415	1.683	1.78819	1.79199	-0.26181	41.2618	0
8420	1.684	1.78819	1.79199	-0.26181	41.2628	0
8425	1.685	1.78819	1.79199	-0.26181	41.2633	0
8430	1.686	1.78819	1.79199	-0.26181	41.2634	0
8435	1.687	1.78819	1.79199	-0.26181	41.2633	0
8440	1.688	1.78819	1.79199	-0.26181	41.2629	0
8445	1.689	1.78819	1.79199	-0.26181	41.2624	0
8450	1.69	1.78819	1.79199	-0.26181	41.2617	0
8455	1.691	1.78819	1.79199	-0.26181	41.2609	0
8460	1.692	1.78819	1.79199	-0.26181	41.2598	0
8465	1.693	1.78819	1.79199	-0.26181	41.2587	0
8470	1.694	1.78819	1.79199	-0.26181	41.2576	0
8475	1.695	1.78819	1.79199	-0.261809	41.2565	0
8480	1.696	1.78819	1.79199	-0.26181	41.2578	0
8485	1.697	1.78819	1.79199	-0.26181	41.2598	0
8490	1.698	1.78819	1.79199	-0.26181	41.2616	0
8495	1.699	1.78819	1.79199	-0.26181	41.2628	0
8500	1.7	1.78819	1.79199	-0.26181	41.2638	0
8505	1.701	1.78819	1.79199	-0.26181	41.264	0
8510	1.702	1.78819	1.79199	-0.26181	41.2639	0
8515	1.703	1.78819	1.79199	-0.26181	41.2634	0
8520	1.704	1.78819	1.79199	-0.26181	41.2629	0
8525	1.705	1.78819	1.79199	-0.26181	41.2621	0
8530	1.706	1.78819	1.79199	-0.26181	41.2613	0
8535	1.707	1.78819	1.79199	-0.26181	41.2603	0
8540	1.708	1.78819	1.79199	-0.26181	41.2592	0
8545	1.709	1.78819	1.79199	-0.26181	41.258	0
8550	1.71	1.78819	1.79199	-0.26181	41.2568	0
8555	1.711	1.78819	1.79199	-0.26181	41.2579	0
8560	1.712	1.78819	1.79199	-0.26181	41.2598	0
8565	1.713	1.78819	1.79199	-0.26181	41.2617	0
8570	1.714	1.78819	1.79199	-0.26181	41.2629	0
8575	1.715	1.78819	1.79199	-0.26181	41.2638	0
8580	1.716	1.78819	1.79199	-0.26181	41.2641	0
8585	1.717	1.78819	1.79199	-0.26181	41.264	0
8590	1.718	1.78819	1.79199	-0.26181	41.2636	0
8595	1.719	1.78819	1.79199	-0.26181	41.263	0
8600	1.72	1.78819	1.79199	-0.26181	41.2623	0
8605	1.721	1.78819	1.79199	-0.26181	41.2615	0
8610	1.722	1.78819	1.79199	-0.26181	41.2606	0
8615	1.723	1.78819	1.79199	-0.26181	41.2595	0
8620	1.724	1.78819	1.79199	-0.26181	41.2584	0
8625	1.725	1.78819	1.79199	-0.26181	41.2572	0
8630	1.726	1.78819	1.79199	-0.26181	41.2576	0
8635	1.727	1.78819	1.79199	-0.26181	41.2594	0
8640	1.728	1.78819	1.79199	-0.26181	41.2612	0
8645	1.729	1.78819	1.79199	-0.26181	41.2626	0
8650	1.73	1.78819	1.79199	-0.26181	41.2635	0
8655	1.731	1.78819	1.79199	-0.26181	41.2641	0
8660	1.732	1.78819	1.79199	-0.261809	41.264	0
8665	1.733	1.78819	1.79199	-0.26181	41.2638	0
8670	1.734	1.78819	1.79199	-0.26181	41.2632	0
8675	1.735	1.78819	1.79199	-0.26181	41.2625	0
8680	1.736	1.78819	1.79199	-0.26181	41.2617	0
8685	1.737	1.78819	1.79199	-0.26181	41.2607	0
8690	1.738	1.78819	1.79199	-0.26181	41.2597	0
8695	1.739	1.78819	1.79199	-0.26181	41.2586	0
8700	1.74	1.78819	1.79199	-0.26181	41.2574	0
8705	1.741	1.78819	1.79199	-0.261809	41.2571	0
8710	1.742	1.78819	1.79199	-0.26181	41.2589	0
8715	1.743	1.78819	1.79199	-0.26181	41.2607	0
8720	1.744	1.78819	1.79199	-0.26181	41.2624	0
8725	1.745	1.78819	1.79199	-0.26181	41.2633	0
8730	1.746	1.78819	1.79199	-0.26181	41.264	0
8735	1.747	1.78819	1.79199	-0.26181	41.264	0
8740	1.748	1.78819	1.79199	-0.26181	41.2638	0
8745	1.749	1.78819	1.79199	-0.26181	41.2632	0
8750	1.75	1.78819	1.79199	-0.261809	41.2625	0
8755	1.751	1.78819	1.79199	-0.26181	41.2617	0
8760	1.752	1.78819	1.79199	-0.26181	41.2608	0
8765	1.753	1.78819	1.79199	-0.26181	41.2598	0
8770	1.754	1.78819	1.79199	-0.26181	41.2587	0
8775	1.755	1.78819	1.79199	-0.26181	41.2576	0
8780	1.756	1.78819	1.79199	-0.26181	41.2564	0
8785	1.757	1.78819	1.79199	-0.26181	41.2582	0
8790	1.758	1.78819	1.79199	-0.26181	41.26	0
8795	1.759	1.78819	1.79199	-0.261809	41.2617	0
8800	1.76	1.78819	1.79199	-0.26181	41.2628	0
8805	1.761	1.78819	1.79199	-0.26181	41.2635	0
8810	1.762	1.78819	1.79199	-0.26181	41.2637	0
8815	1.763	1.78819	1.79199	-0.26181	41.2635	0
8820	1.764	1.78819	1.79199	-0.26181	41.2631	0
8825	1.765	1.78819	1.79199	-0.26181	41.2625	0
8830	1.766	1.78819	1.79199	-0.26181	41.2618	0
8835	1.767	1.78819	1.79199	-0.26181	41.2608	0
8840	1.768	1.78819	1.79199	-0.26181	41.2599	0
8845	1.769	1.78819	1.79199	-0.26181	41.2588	0
8850	1.77	1.78819	1.79199	-0.26181	41.2577	0
8855	1.771	1.78819	1.79199	-0.26181	41.2565	0
8860	1.772	1.78819	1.79199	-0.26181	41.2579	0
8865	1.773	1.78819	1.79199	-0.26181	41.2598	0
8870	1.774	1.78819	1.79199	-0.26181	41.2615	0
8875	1.775	1.78819	1.79199	-0.26181	41.2627	0
8880	1.776	1.78819	1.79199	-0.26181	41.2634	0
8885	1.777	1.78819	1.79199	-0.26181	41.2639	0
8890	1.778	1.78819	1.79199	-0.26181	41.2637	0
8895	1.779	1.78819	1.79199	-0.26181	41.2634	0
8900	1.78	1.78819	1.79199	-0.26181	41.2627	0
8905	1.781	1.78819	1.79199	-0.26181	41.262	0
8910	1.782	1.78819	1.79199	-0.26181	41.2611	0
8915	1.783	1.78819	1.79199	-0.26181	41.2601	0
8920	1.784	1.78819	1.79199	-0.26181	41.2591	0
8925	1.785	1.78819	1.79199	-0.26181	41.258	0
8930	1.786	1.78819	1.79199	-0.26181	41.2568	0
8935	1.787	1.78819	1.79199	-0.26181	41.2577	0
8940	1.788	1.78819	1.79199	-0.26181	41.2598	0
8945	1.789	1.78819	1.79199	-0.26181	41.2615	0
8950	1.79	1.78819	1.79199	-0.26181	41.2628	0
8955	1.791	1.78819	1.79199	-0.26181	41.2635	0
8960	1.792	1.78819	1.79199	-0.26181	41.264	0
8965	1.793	1.78819	1.79199	-0.26181	41.264	0
8970	1.794	1.78819	1.79199	-0.26181	41.2636	0
8975	1.795	1.78819	1.79199	-0.26181	41.263	0
8980	1.796	1.78819	1.79199	-0.26181	41.2622	0
8985	1.797	1.78819	1.79199	-0.26181	41.2614	0
8990	1.798	1.78819	1.79196	-0.26181	41.2604	0
8995	1.799	1.78819	1.79199	-0.26181	41.2594	0
9000	1.8	1.78819	1.79199	-0.26181	41.2583	0
9005	1.801	1.78819	1.79199	-0.26181	41.2572	0
9010	1.802	1.78819	1.79199	-0.26181	41.2575	0
9015	1.803	1.78819	1.79199	-0.26181	41.2595	0
9020	1.804	1.78819	1.79199	-0.26181	41.2612	0
9025	1.805	1.78819	1.79199	-0.26181	41.2625	0
9030	1.806	1.78819	1.79199	-0.26181	41.2634	0
9035	1.807	1.78819	1.79199	-0.26181	41.2638	0
9040	1.808	1.78819	1.79199	-0.26181	41.264	0
9045	1.809	1.78819	1.79199	-0.26181	41.2637	0
9050	1.81	1.78819	1.79199	-0.26181	41.2632	0
9055	1.811	1.78819	1.79199	-0.26181	41.2624	0
9060	1.812	1.78819	1.79199	-0.26181	41.2616	0
9065	1.813	1.78819	1.79199	-0.26181	41.2606	0
9070	1.814	1.78819	1.79199	-0.26181	41.2596	0
9075	1.815	1.78819	1.79199	-0.26181	41.2585	0
9080	1.816	1.78819	1.79199	-0.26181	41.2574	0
9085	1.817	1.78819	1.79199	-0.26181	41.2571	0
9090	1.818	1.78819	1.79199	-0.26181	41.2588	0
9095	1.819	1.78819	1.79199	-0.26181	41.2607	0
9100	1.82	1.78819	1.79199	-0.26181	41.2621	0
9105	1.821	1.78819	1.79199	-0.26181	41.2632	0
9110	1.822	1.78819	1.79199	-0.26181	41.2637	0
9115	1.823	1.78819	1.79199	-0.26181	41.2639	0
9120	1.824	1.78819	1.79199	-0.26181	41.2637	0
9125	1.825	1.78819	1.79199	-0.26181	41.2632	0
9130	1.826	1.78819	1.79199	-0.26181	41.2625	0
9135	1.827	1.78819	1.79199	-0.26181	41.2617	0
9140	1.828	1.78819	1.79199	-0.26181	41.2607	0
9145	1.829	1.78819	1.79199	-0.26181	41.2597	0
9150	1.83	1.78819	1.79199	-0.26181	41.2587	0
9155	1.831	1.78819	1.79199	-0.26181	41.2576	0
9160	1.832	1.78819	1.79199	-0.26181	41.2565	0
9165	1.833	1.78819	1.79199	-0.26181	41.258	0
9170	1.834	1.78819	1.79199	-0.26181	41.26	0
9175	1.835	1.78819	1.79196	-0.26181	41.2615	0
9180	1.836	1.78819	1.79199	-0.26181	41.2626	0
9185	1.837	1.78819	1.79199	-0.26181	41.2632	0
9190	1.838	1.78819	1.79199	-0.26181	41.2635	0
9195	1.839	1.78819	1.79199	-0.26181	41.2634	0
9200	1.84	1.78819	1.79199	-0.26181	41.263	0
9205	1.841	1.78819	1.79199	-0.26181	41.2624	0
9210	1.842	1.78819	1.79199	-0.26181	41.2616	0
9215	1.843	1.78819	1.79199	-0.26181	41.2608	0
9220	1.844	1.78819	1.79199	-0.26181	41.2598	0
9225	1.845	1.78819	1.79199	-0.26181	41.2588	0
9230	1.846	1.78819	1.79199	-0.26181	41.2577	0
9235	1.847	1.78819	1.79199	-0.26181	41.2565	0
9240	1.848	1.78819	1.79199	-0.26181	41.2578	0
9245	1.849	1.78819	1.79199	-0.26181	41.2597	0
9250	1.85	1.78819	1.79199	-0.26181	41.2613	0
9255	1.851	1.78819	1.79199	-0.26181	41.2624	0
9260	1.852	1.78819	1.79199	-0.26181	41.2631	0
9265	1.853	1.78819	1.79196	-0.26181	41.2634	0
9270	1.854	1.78819	1.79199	-0.26181	41.2636	0
9275	1.855	1.78819	1.79199	-0.26181	41.2632	0
9280	1.856	1.78819	1.79199	-0.26181	41.2627	0
9285	1.857	1.78819	1.79199	-0.26181	41.2618	0
9290	1.858	1.78819	1.79199	-0.26181	41.261	0
9295	1.859	1.78819	1.79199	-0.26181	41.26	0
9300	1.86	1.78819	1.79199	-0.26181	41.259	0
9305	1.861	1.78819	1.79199	-0.26181	41.2579	0
9310	1.862	1.78819	1.79196	-0.26181	41.2568	0
9315	1.863	1.78819	1.79199	-0.26181	41.2577	0
9320	1.864	1.78819	1.79199	-0.26181	41.2595	0
9325	1.865	1.78819	1.79199	-0.26181	41.2613	0
9330	1.866	1.78819	1.79199	-0.261809	41.2624	0
9335	1.867	1.78819	1.79199	-0.26181	41.2633	0
9340	1.868	1.78819	1.79199	-0.26181	41.2636	0
9345	1.869	1.78819	1.79199	-0.26181	41.2637	0
9350	1.87	1.78819	1.79199	-0.26181	41.2634	0
9355	1.871	1.78819	1.79196	-0.26181	41.2629	0
9360	1.872	1.78819	1.79199	-0.26181	41.2621	0
9365	1.873	1.78819	1.79199	-0.26181	41.2612	0
9370	1.874	1.78819	1.79199	-0.26181	41.2603	0
9375	1.875	1.78819	1.79199	-0.261809	41.2592	0
9380	1.876	1.78819	1.79199	-0.26181	41.2582	0
9385	1.877	1.78819	1.79199	-0.26181	41.2571	0
9390	1.878	1.78819	1.79199	-0.26181	41.2576	0
9395	1.879	1.78819	1.79199	-0.26181	41.2594	0
9400	1.88	1.78819	1.79199	-0.26181	41.2612	0
9405	1.881	1.78819	1.79199	-0.26181	41.2624	0
9410	1.882	1.78819	1.79199	-0.26181	41.2632	0
9415	1.883	1.78819	1.79199	-0.26181	41.2636	0
9420	1.884	1.78819	1.79199	-0.26181	41.2636	0
9425	1.885	1.78819	1.79199	-0.26181	41.2635	0
9430	1.886	1.78819	1.79199	-0.26181	41.263	0
9435	1.887	1.78819	1.79199	-0.26181	41.2624	0
9440	1.888	1.78819	1.79199	-0.26181	41.2615	0
9445	1.889	1.78819	1.79199	-0.26181	41.2605	0
9450	1.89	1.78819	1.79199	-0.26181	41.2595	0
9455	1.891	1.78819	1.79199	-0.26181	41.2584	0
9460	1.892	1.78819	1.79199	-0.26181	41.2573	0
9465	1.893	1.78819	1.79199	-0.261809	41.257	0
9470	1.894	1.78819	1.79199	-0.26181	41.2589	0
9475	1.895	1.78819	1.79199	-0.26181	41.2608	0
9480	1.896	1.78819	1.79199	-0.26181	41.2621	0
9485	1.897	1.78819	1.79199	-0.26181	41.263	0
9490	1.898	1.78819	1.79199	-0.26181	41.2636	0
9495	1.899	1.78819	1.79199	-0.26181	41.2636	0
9500	1.9	1.78819	1.79199	-0.26181	41.2635	0
9505	1.901	1.78819	1.79199	-0.26181	41.2631	0
9510	1.902	1.78819	1.79199	-0.26181	41.2625	0
9515	1.903	1.78819	1.79199	-0.26181	41.2616	0
9520	1.904	1.78819	1.79199	-0.26181	41.2607	0
9525	1.905	1.78819	1.79199	-0.26181	41.2596	0
9530	1.906	1.78819	1.79199	-0.26181	41.2586	0
9535	1.907	1.78819	1.79199	-0.26181	41.2575	0
9540	1.908	1.78819	1.79199	-0.26181	41.2563	0
9545	1.909	1.78819	1.79199	-0.26181	41.2582	0
9550	1.91	1.78819	1.79199	-0.26181	41.2602	0
9555	1.911	1.78819	1.79199	-0.26181	41.2618	0
9560	1.912	1.78819	1.79199	-0.26181	41.2627	0
9565	1.913	1.78819	1.79199	-0.26181	41.2633	0
9570	1.914	1.78819	1.79199	-0.26181	41.2634	0
9575	1.915	1.78819	1.79199	-0.26181	41.2633	0
9580	1.916	1.78819	1.79199	-0.26181	41.263	0
9585	1.917	1.78819	1.79199	-0.26181	41.2624	0
9590	1.918	1.78819	1.79199	-0.26181	41.2617	0
9595	1.919	1.78819	1.79199	-0.26181	41.2607	0
9600	1.92	1.78819	1.79199	-0.26181	41.2598	0
9605	1.921	1.78819	1.79199	-0.26181	41.2587	0
9610	1.922	1.78819	1.79199	-0.26181	41.2576	0
9615	1.923	1.78819	1.79199	-0.26181	41.2565	0
9620	1.924	1.78819	1.79199	-0.26181	41.258	0
9625	1.925	1.78819	1.79199	-0.26181	41.26	0
9630	1.926	1.78819	1.79199	-0.26181	41.2616	0
9635	1.927	1.78819	1.79199	-0.26181	41.2626	0
9640	1.928	1.78819	1.79199	-0.26181	41.2632	0
9645	1.929	1.78819	1.79199	-0.26181	41.2635	0
9650	1.93	1.78819	1.79199	-0.261809	41.2634	0
9655	1.931	1.78819	1.79199	-0.26181	41.2632	0
9660	1.932	1.78819	1.79199	-0.26181	41.2626	0
9665	1.933	1.78819	1.79199	-0.26181	41.262	0
9670	1.934	1.78819	1.79199	-0.26181	41.261	0
9675	1.935	1.78819	1.79199	-0.26181	41.2601	0
9680	1.936	1.78819	1.79199	-0.26181	41.259	0
9685	1.937	1.78819	1.79199	-0.26181	41.2579	0
9690	1.938	1.78819	1.79199	-0.26181	41.2567	0
9695	1.939	1.78819	1.79199	-0.261809	41.2577	0
9700	1.94	1.78819	1.79199	-0.26181	41.2598	0
9705	1.941	1.78819	1.79199	-0.26181	41.2616	0
9710	1.942	1.78819	1.79199	-0.26181	41.2632	0
9715	1.943	1.78819	1.79199	-0.26181	41.264	0
9720	1.944	1.78819	1.79199	-0.26181	41.2643	0
9725	1.945	1.78819	1.79199	-0.26181	41.2642	0
9730	1.946	1.78819	1.79199	-0.26181	41.2639	0
9735	1.947	1.78819	1.79199	-0.26181	41.2633	0
9740	1.948	1.78819	1.79199	-0.261809	41.2625	0
9745	1.949	1.78819	1.79199	-0.26181	41.2617	0
9750	1.95	1.78819	1.79199	-0.26181	41.2606	0
9755	1.951	1.78819	1.79199	-0.26181	41.2595	0
9760	1.952	1.78819	1.79199	-0.26181	41.2584	0
9765	1.953	1.78819	1.79199	-0.26181	41.2573	0
9770	1.954	1.78819	1.79199	-0.26181	41.2576	0
9775	1.955	1.78819	1.79199	-0.26181	41.2597	0
9780	1.956	1.78819	1.79199	-0.26181	41.2615	0
9785	1.957	1.78819	1.79199	-0.261809	41.263	0
9790	1.958	1.78819	1.79199	-0.26181	41.2638	0
9795	1.959	1.78819	1.79199	-0.26181	41.2642	0
9800	1.96	1.78819	1.79199	-0.26181	41.2642	0
9805	1.961	1.78819	1.79199	-0.26181	41.2638	0
9810	1.962	1.78819	1.79199	-0.26181	41.2633	0
9815	1.963	1.78819	1.79199	-0.26181	41.2626	0
9820	1.964	1.78819	1.79199	-0.26181	41.2618	0
9825	1.965	1.78819	1.79199	-0.26181	41.2608	0
9830	1.966	1.78819	1.79199	-0.26181	41.2597	0
9835	1.967	1.78819	1.79199	-0.26181	41.2586	0
9840	1.968	1.78819	1.79199	-0.26181	41.2574	0
9845	1.969	1.78819	1.79199	-0.26181	41.2571	0
9850	1.97	1.78819	1.79199	-0.26181	41.259	0
9855	1.971	1.78819	1.79199	-0.26181	41.2609	0
9860	1.972	1.78819	1.79199	-0.26181	41.2624	0
9865	1.973	1.78819	1.79199	-0.26181	41.2635	0
9870	1.974	1.78819	1.79199	-0.26181	41.2639	0
9875	1.975	1.78819	1.79199	-0.26181	41.264	0
9880	1.976	1.78819	1.79199	-0.26181	41.2637	0
9885	1.977	1.78819	1.79199	-0.26181	41.2633	0
9890	1.978	1.78819	1.79199	-0.26181	41.2626	0
9895	1.979	1.78819	1.79199	-0.26181	41.2618	0
9900	1.98	1.78819	1.79199	-0.26181	41.2609	0
9905	1.981	1.78819	1.79199	-0.26181	41.2598	0
9910	1.982	1.78819	1.79199	-0.26181	41.2587	0
9915	1.983	1.78819	1.79199	-0.26181	41.2575	0
9920	1.984	1.78819	1.79199	-0.26181	41.2564	0
9925	1.985	1.78819	1.79199	-0.26181	41.258	0
9930	1.986	1.78819	1.79199	-0.26181	41.2602	0
9935	1.987	1.78819	1.79199	-0.26181	41.2618	0
9940	1.988	1.78819	1.79199	-0.26181	41.2631	0
9945	1.989	1.78819	1.79199	-0.26181	41.2636	0
9950	1.99	1.78819	1.79199	-0.26181	41.2638	0
9955	1.991	1.78819	1.79199	-0.26181	41.2635	0
9960	1.992	1.78819	1.79199	-0.26181	41.2631	0
9965	1.993	1.78819	1.79199	-0.26181	41.2625	0
9970	1.994	1.78819	1.79199	-0.26181	41.2618	0
9975	1.995	1.78819	1.79199	-0.26181	41.2609	0
9980	1.996	1.78819	1.79196	-0.26181	41.2599	0
9985	1.997	1.78819	1.79199	-0.26181	41.2588	0
9990	1.998	1.78819	1.79199	-0.26181	41.2577	0
9995	1.999	1.78819	1.79199	-0.26181	41.2565	0
10000	2	1.78819	1.79199	-0.26181	41.2578	0
10005	2.001	1.78819	1.79199	-0.26181	41.2599	0
10010	2.002	1.78819	1.79199	-0.26181	41.2616	0
10015	2.003	1.78819	1.79199	-0.26181	41.2628	0
10020	2.004	1.78819	1.79199	-0.26181	41.2636	0
10025	2.005	1.78819	1.79199	-0.26181	41.2638	0
10030	2.006	1.78819	1.79199	-0.26181	41.2637	0
10035	2.007	1.78819	1.79199	-0.26181	41.2632	0
10040	2.008	1.78819	1.79199	-0.26181	41.2627	0
10045	2.009	1.78819	1.79199	-0.26181	41.262	0
10050	2.01	1.78819	1.79199	-0.26181	41.2612	0
10055	2.011	1.78819	1.79199	-0.26181	41.2602	0
10060	2.012	1.78819	1.79199	-0.26181	41.2591	0
10065	2.013	1.78819	1.79199	-0.26181	41.2579	0
10070	2.014	1.78819	1.79199	-0.26181	41.2568	0
10075	2.015	1.78819	1.79199	-0.26181	41.2577	0
10080	2.016	1.78819	1.79199	-0.26181	41.2596	0
10085	2.017	1.78819	1.79199	-0.26181	41.2615	0
10090	2.018	1.78819	1.79199	-0.26181	41.2627	0
10095	2.019	1.78819	1.79199	-0.26181	41.2637	0
10100	2.02	1.78819	1.79199	-0.26181	41.264	0
10105	2.021	1.78819	1.79199	-0.26181	41.264	0
10110	2.022	1.78819	1.79199	-0.26181	41.2635	0
10115	2.023	1.78819	1.79199	-0.26181	41.263	0
10120	2.024	1.78819	1.79199	-0.26181	41.2623	0
10125	2.025	1.78819	1.79199	-0.26181	41.2614	0
10130	2.026	1.78819	1.79199	-0.26181	41.2605	0
10135	2.027	1.78819	1.79199	-0.26181	41.2594	0
10140	2.028	1.78819	1.79199	-0.26181	41.2583	0
10145	2.029	1.78819	1.79199	-0.26181	41.2571	0
10150	2.03	1.78819	1.79199	-0.26181	41.2575	0
10155	2.031	1.78819	1.79199	-0.26181	41.2594	0
10160	2.032	1.78819	1.79199	-0.26181	41.2613	0
10165	2.033	1.78819	1.79196	-0.26181	41.2626	0
10170	2.034	1.78819	1.79199	-0.26181	41.2636	0
10175	2.035	1.78819	1.79199	-0.26181	41.2641	0
10180	2.036	1.78819	1.79199	-0.26181	41.264	0
10185	2.037	1.78819	1.79199	-0.26181	41.2637	0
10190	2.038	1.78819	1.79199	-0.26181	41.2631	0
10195	2.039	1.78819	1.79199	-0.26181	41.2624	0
10200	2.04	1.78819	1.79199	-0.26181	41.2616	0
10205	2.041	1.78819	1.79199	-0.26181	41.2607	0
10210	2.042	1.78819	1.79199	-0.26181	41.2597	0
10215	2.043	1.78819	1.79199	-0.26181	41.2586	0
10220	2.044	1.78819	1.79199	-0.26181	41.2574	0
10225	2.045	1.78819	1.79199	-0.26181	41.2571	0
10230	2.046	1.78819	1.79199	-0.26181	41.2588	0
10235	2.047	1.78819	1.79199	-0.26181	41.2607	0
10240	2.048	1.78819	1.79199	-0.26181	41.2622	0
10245	2.049	1.78819	1.79199	-0.26181	41.2632	0
10250	2.05	1.78819	1.79199	-0.26181	41.2638	0
10255	2.051	1.78819	1.79196	-0.26181	41.2639	0
10260	2.052	1.78819	1.79199	-0.26181	41.2637	0
10265	2.053	1.78819	1.79199	-0.26181	41.2631	0
10270	2.054	1.78819	1.79199	-0.26181	41.2625	0
10275	2.055	1.78819	1.79199	-0.26181	41.2617	0
10280	2.056	1.78819	1.79199	-0.26181	41.2608	0
10285	2.057	1.78819	1.79199	-0.26181	41.2598	0
10290	2.058	1.78819	1.79199	-0.26181	41.2587	0
10295	2.059	1.78819	1.79199	-0.26181	41.2575	0
10300	2.06	1.78819	1.79196	-0.26181	41.2564	0
10305	2.061	1.78819	1.79199	-0.26181	41.258	0
10310	2.062	1.78819	1.79199	-0.26181	41.2599	0
10315	2.063	1.78819	1.79199	-0.26181	41.2617	0
10320	2.064	1.78819	1.79199	-0.261809	41.2628	0
10325	2.065	1.78819	1.79199	-0.26181	41.2635	0
10330	2.066	1.78819	1.79199	-0.26181	41.2637	0
10335	2.067	1.78819	1.79199	-0.26181	41.2636	0
10340	2.068	1.78819	1.79199	-0.26181	41.2631	0
10345	2.069	1.78819	1.79196	-0.26181	41.2625	0
10350	2.07	1.78819	1.79199	-0.26181	41.2617	0
10355	2.071	1.78819	1.79199	-0.26181	41.2608	0
10360	2.072	1.78819	1.79199	-0.26181	41.2599	0
10365	2.073	1.78819	1.79199	-0.261809	41.2588	0
10370	2.074	1.78819	1.79199	-0.26181	41.2577	0
10375	2.075	1.78819	1.79199	-0.26181	41.2565	0
10380	2.076	1.78819	1.79199	-0.26181	41.258	0
10385	2.077	1.78819	1.79199	-0.26181	41.2598	0
10390	2.078	1.78819	1.79199	-0.26181	41.2616	0
10395	2.079	1.78819	1.79199	-0.26181	41.2627	0
10400	2.08	1.78819	1.79199	-0.26181	41.2635	0
10405	2.081	1.78819	1.79199	-0.26181	41.2638	0
10410	2.082	1.78819	1.79199	-0.26181	41.2637	0
10415	2.083	1.78819	1.79199	-0.26181	41.2633	0
10420	2.084	1.78819	1.79199	-0.26181	41.2626	0
10425	2.085	1.78819	1.79199	-0.26181	41.262	0
10430	2.086	1.78819	1.79199	-0.26181	41.2611	0
10435	2.087	1.78819	1.79199	-0.26181	41.2602	0
10440	2.088	1.78819	1.79199	-0.26181	41.2591	0
10445	2.089	1.78819	1.79199	-0.26181	41.258	0
10450	2.09	1.78819	1.79199	-0.26181	41.2568	0
10455	2.091	1.78819	1.79199	-0.261809	41.2578	0
10460	2.092	1.78819	1.79199	-0.26181	41.2596	0
10465	2.093	1.78819	1.79199	-0.26181	41.2613	0
10470	2.094	1.78819	1.79199	-0.26181	41.2626	0
10475	2.095	1.78819	1.79199	-0.26181	41.2634	0
10480	2.096	1.78819	1.79199	-0.26181	41.264	0
10485	2.097	1.78819	1.79199	-0.26181	41.2639	0
10490	2.098	1.78819	1.79199	-0.26181	41.2636	0
10495	2.099	1.78819	1.79199	-0.26181	41.263	0
10500	2.1	1.78819	1.79199	-0.26181	41.2622	0
10505	2.101	1.78819	1.79199	-0.26181	41.2613	0
10510	2.102	1.78819	1.79199	-0.26181	41.2604	0
10515	2.103	1.78819	1.79199	-0.26181	41.2594	0
10520	2.104	1.78819	1.79199	-0.26181	41.2583	0
10525	2.105	1.78819	1.79199	-0.26181	41.2572	0
10530	2.106	1.78819	1.79199	-0.26181	41.2575	0
10535	2.107	1.78819	1.79199	-0.26181	41.2595	0
10540	2.108	1.78819	1.79199	-0.26181	41.2612	0
10545	2.109	1.78819	1.79199	-0.26181	41.2626	0
10550	2.11	1.78819	1.79199	-0.26181	41.2634	0
10555	2.111	1.78819	1.79199	-0.26181	41.2639	0
10560	2.112	1.78819	1.79199	-0.26181	41.264	0
10565	2.113	1.78819	1.79199	-0.26181	41.2637	0
10570	2.114	1.78819	1.79199	-0.26181	41.2631	0
10575	2.115	1.78819	1.79199	-0.26181	41.2624	0
10580	2.116	1.78819	1.79199	-0.26181	41.2616	0
10585	2.117	1.78819	1.79199	-0.26181	41.2606	0
10590	2.118	1.78819	1.79199	-0.26181	41.2596	0
10595	2.119	1.78819	1.79199	-0.26181	41.2586	0
10600	2.12	1.78819	1.79199	-0.26181	41.2575	0
10605	2.121	1.78819	1.79199	-0.26181	41.2571	0
10610	2.122	1.78819	1.79199	-0.26181	41.2589	0
10615	2.123	1.78819	1.79199	-0.26181	41.2607	0
10620	2.124	1.78819	1.79199	-0.26181	41.2621	0
10625	2.125	1.78819	1.79199	-0.26181	41.263	0
10630	2.126	1.78819	1.79199	-0.26181	41.2636	0
10635	2.127	1.78819	1.79199	-0.26181	41.2638	0
10640	2.128	1.78819	1.79199	-0.261809	41.2636	0
10645	2.129	1.78819	1.79199	-0.26181	41.2632	0
10650	2.13	1.78819	1.79199	-0.26181	41.2624	0
10655	2.131	1.78819	1.79199	-0.26181	41.2617	0
10660	2.132	1.78819	1.79199	-0.26181	41.2607	0
10665	2.133	1.78819	1.79199	-0.26181	41.2597	0
10670	2.134	1.78819	1.79199	-0.26181	41.2587	0
10675	2.135	1.78819	1.79199	-0.26181	41.2576	0
10680	2.136	1.78819	1.79199	-0.26181	41.2564	0
10685	2.137	1.78819	1.79199	-0.261809	41.258	0
10690	2.138	1.78819	1.79199	-0.26181	41.2599	0
10695	2.139	1.78819	1.79199	-0.26181	41.2614	0
10700	2.14	1.78819	1.79199	-0.26181	41.2626	0
10705	2.141	1.78819	1.79199	-0.26181	41.2632	0
10710	2.142	1.78819	1.79199	-0.26181	41.2636	0
10715	2.143	1.78819	1.79199	-0.26181	41.2635	0
10720	2.144	1.78819	1.79199	-0.26181	41.2631	0
10725	2.145	1.78819	1.79199	-0.26181	41.2624	0
10730	2.146	1.78819	1.79199	-0.261809	41.2616	0
10735	2.147	1.78819	1.79199	-0.26181	41.2607	0
10740	2.148	1.78819	1.79199	-0.26181	41.2597	0
10745	2.149	1.78819	1.79199	-0.26181	41.2587	0
10750	2.15	1.78819	1.79199	-0.26181	41.2576	0
10755	2.151	1.78819	1.79199	-0.26181	41.2566	0
10760	2.152	1.78819	1.79199	-0.26181	41.2578	0
10765	2.153	1.78819	1.79199	-0.26181	41.2598	0
10770	2.154	1.78819	1.79199	-0.26181	41.2613	0
10775	2.155	1.78819	1.79199	-0.261809	41.2625	0
10780	2.156	1.78819	1.79199	-0.26181	41.2632	0
10785	2.157	1.78819	1.79199	-0.26181	41.2635	0
10790	2.158	1.78819	1.79199	-0.26181	41.2635	0
10795	2.159	1.78819	1.79199	-0.26181	41.2632	0
10800	2.16	1.78819	1.79199	-0.26181	41.2626	0
10805	2.161	1.78819	1.79199	-0.26181	41.2618	0
10810	2.162	1.78819	1.79199	-0.26181	41.261	0
10815	2.163	1.78819	1.79199	-0.26181	41.26	0
10820	2.164	1.78819	1.79199	-0.26181	41.259	0
10825	2.165	1.78819	1.79199	-0.26181	41.2579	0
10830	2.166	1.78819	1.79199	-0.26181	41.2568	0
10835	2.167	1.78819	1.79199	-0.26181	41.2577	0
10840	2.168	1.78819	1.79199	-0.26181	41.2596	0
10845	2.169	1.78819	1.79199	-0.26181	41.2612	0
10850	2.17	1.78819	1.79199	-0.26181	41.2624	0
10855	2.171	1.78819	1.79199	-0.26181	41.2631	0
10860	2.172	1.78819	1.79199	-0.26181	41.2635	0
10865	2.173	1.78819	1.79199	-0.26181	41.2636	0
10870	2.174	1.78819	1.79199	-0.26181	41.2634	0
10875	2.175	1.78819	1.79199	-0.26181	41.2629	0
10880	2.176	1.78819	1.79199	-0.26181	41.2621	0
10885	2.177	1.78819	1.79199	-0.26181	41.2613	0
10890	2.178	1.78819	1.79199	-0.26181	41.2603	0
10895	2.179	1.78819	1.79199	-0.26181	41.2592	0
10900	2.18	1.78819	1.79199	-0.26181	41.2581	0
10905	2.181	1.78819	1.79199	-0.26181	41.257	0
10910	2.182	1.78819	1.79199	-0.26181	41.2575	0
10915	2.183	1.78819	1.79199	-0.26181	41.2594	0
10920	2.184	1.78819	1.79199	-0.26181	41.2612	0
10925	2.185	1.78819	1.79199	-0.26181	41.2624	0
10930	2.186	1.78819	1.79199	-0.26181	41.2633	0
10935	2.187	1.78819	1.79199	-0.26181	41.2636	0
10940	2.188	1.78819	1.79199	-0.26181	41.2637	0
10945	2.189	1.78819	1.79199	-0.26181	41.2635	0
10950	2.19	1.78819	1.79199	-0.26181	41.2631	0
10955	2.191	1.78819	1.79199	-0.26181	41.2624	0
10960	2.192	1.78819	1.79199	-0.26181	41.2615	0
10965	2.193	1.78819	1.79199	-0.26181	41.2605	0
10970	2.194	1.78819	1.79196	-0.26181	41.2594	0
10975	2.195	1.78819	1.79199	-0.26181	41.2584	0
10980	2.196	1.78819	1.79199	-0.26181	41.2573	0
10985	2.197	1.78819	1.79199	-0.26181	41.2571	0
10990	2.198	1.78819	1.79199	-0.26181	41.2589	0
10995	2.199	1.78819	1.79199	-0.26181	41.2608	0
11000	2.2	1.78819	1.79199	-0.26181	41.262	0
11005	2.201	1.78819	1.79199	-0.26181	41.2629	0
11010	2.202	1.78819	1.79199	-0.26181	41.2634	0
11015	2.203	1.78819	1.79199	-0.26181	41.2635	0
11020	2.204	1.78819	1.79199	-0.26181	41.2634	0
11025	2.205	1.78819	1.79199	-0.26181	41.263	0
11030	2.206	1.78819	1.79199	-0.26181	41.2625	0
11035	2.207	1.78819	1.79199	-0.26181	41.2616	0
11040	2.208	1.78819	1.79199	-0.26181	41.2607	0
11045	2.209	1.78819	1.79199	-0.26181	41.2596	0
11050	2.21	1.78819	1.79199	-0.26181	41.2586	0
11055	2.211	1.78819	1.79199	-0.26181	41.2574	0
11060	2.212	1.78819	1.79199	-0.26181	41.2563	0
11065	2.213	1.78819	1.79199	-0.26181	41.258	0
11070	2.214	1.78819	1.79199	-0.26181	41.2601	0
11075	2.215	1.78819	1.79199	-0.26181	41.2619	0
11080	2.216	1.78819	1.79199	-0.26181	41.2631	0
11085	2.217	1.78819	1.79199	-0.26181	41.264	0
11090	2.218	1.78819	1.79199	-0.26181	41.2643	0
11095	2.219	1.78819	1.79199	-0.26181	41.2643	0
11100	2.22	1.78819	1.79199	-0.26181	41.264	0
11105	2.221	1.78819	1.79199	-0.26181	41.2636	0
11110	2.222	1.78819	1.79199	-0.26181	41.2627	0
11115	2.223	1.78819	1.79199	-0.26181	41.2618	0
11120	2.224	1.78819	1.79199	-0.26181	41.2607	0
11125	2.225	1.78819	1.79199	-0.26181	41.2596	0
11130	2.226	1.78819	1.79199	-0.26181	41.2585	0
11135	2.227	1.78819	1.79199	-0.26181	41.2573	0
11140	2.228	1.78819	1.79199	-0.26181	41.2589	0
11145	2.229	1.78819	1.79199	-0.26181	41.2609	0
11150	2.23	1.78819	1.79199	-0.26181	41.2628	0
11155	2.231	1.78819	1.79196	-0.26181	41.2641	0
11160	2.232	1.78819	1.79199	-0.26181	41.2647	0
11165	2.233	1.78819	1.79199	-0.26181	41.2648	0
11170	2.234	1.78819	1.79199	-0.26181	41.2646	0
11175	2.235	1.78819	1.79199	-0.26181	41.2642	0
11180	2.236	1.78819	1.79199	-0.26181	41.2636	0
11185	2.237	1.78819	1.79199	-0.26181	41.2629	0
11190	2.238	1.78819	1.79199	-0.26181	41.2619	0
11195	2.239	1.78819	1.79199	-0.26181	41.2609	0
11200	2.24	1.78819	1.79199	-0.26181	41.2597	0
11205	2.241	1.78819	1.79199	-0.26181	41.2586	0
11210	2.242	1.78819	1.79199	-0.26181	41.2574	0
11215	2.243	1.78819	1.79199	-0.26181	41.2584	0
11220	2.244	1.78819	1.79199	-0.26181	41.2603	0
11225	2.245	1.78819	1.79199	-0.26181	41.2621	0
11230	2.246	1.78819	1.79199	-0.26181	41.2634	0
11235	2.247	1.78819	1.79199	-0.26181	41.2641	0
11240	2.248	1.78819	1.79199	-0.26181	41.2644	0
11245	2.249	1.78819	1.79196	-0.26181	41.2642	0
11250	2.25	1.78819	1.79199	-0.26181	41.264	0
11255	2.251	1.78819	1.79199	-0.26181	41.2634	0
11260	2.252	1.78819	1.79199	-0.26181	41.2627	0
11265	2.253	1.78819	1.79199	-0.26181	41.2618	0
11270	2.254	1.78819	1.79199	-0.26181	41.2608	0
11275	2.255	1.78819	1.79199	-0.26181	41.2596	0
11280	2.256	1.78819	1.79199	-0.26181	41.2585	0
11285	2.257	1.78819	1.79199	-0.26181	41.2573	0
11290	2.258	1.78819	1.79196	-0.26181	41.2577	0
11295	2.259	1.78819	1.79199	-0.26181	41.2597	0
11300	2.26	1.78819	1.79199	-0.26181	41.2615	0
11305	2.261	1.78819	1.79199	-0.26181	41.2631	0
11310	2.262	1.78819	1.79199	-0.261809	41.2639	0
11315	2.263	1.78819	1.79199	-0.26181	41.2643	0
11320	2.264	1.78819	1.79199	-0.26181	41.2641	0
11325	2.265	1.78819	1.79199	-0.26181	41.2639	0
11330	2.266	1.78819	1.79199	-0.26181	41.2633	0
11335	2.267	1.78819	1.79196	-0.26181	41.2626	0
11340	2.268	1.78819	1.79199	-0.26181	41.2618	0
11345	2.269	1.78819	1.79199	-0.26181	41.2608	0
11350	2.27	1.78819	1.79199	-0.26181	41.2597	0
11355	2.271	1.78819	1.79199	-0.261809	41.2586	0
11360	2.272	1.78819	1.79199	-0.26181	41.2575	0
11365	2.273	1.78819	1.79199	-0.26181	41.2571	0
11370	2.274	1.78819	1.79199	-0.26181	41.2591	0
11375	2.275	1.78819	1.79199	-0.26181	41.261	0
11380	2.276	1.78819	1.79199	-0.26181	41.2625	0
11385	2.277	1.78819	1.79199	-0.26181	41.2635	0
11390	2.278	1.78819	1.79199	-0.26181	41.2639	0
11395	2.279	1.78819	1.79199	-0.26181	41.2639	0
11400	2.28	1.78819	1.79199	-0.26181	41.2637	0
11405	2.281	1.78819	1.79199	-0.26181	41.2632	0
11410	2.282	1.78819	1.79199	-0.26181	41.2626	0
11415	2.283	1.78819	1.79199	-0.26181	41.2619	0
11420	2.284	1.78819	1.79199	-0.26181	41.2609	0
11425	2.285	1.78819	1.79199	-0.26181	41.2599	0
11430	2.286	1.78819	1.79199	-0.26181	41.2587	0
11435	2.287	1.78819	1.79199	-0.26181	41.2576	0
11440	2.288	1.78819	1.79199	-0.26181	41.2564	0
11445	2.289	1.78819	1.79199	-0.261809	41.2581	0
11450	2.29	1.78819	1.79199	-0.26181	41.2601	0
11455	2.291	1.78819	1.79199	-0.26181	41.2617	0
11460	2.292	1.78819	1.79199	-0.26181	41.263	0
11465	2.293	1.78819	1.79199	-0.26181	41.2635	0
11470	2.294	1.78819	1.79199	-0.26181	41.2637	0
11475	2.295	1.78819	1.79199	-0.26181	41.2635	0
11480	2.296	1.78819	1.79199	-0.26181	41.2631	0
11485	2.297	1.78819	1.79199	-0.26181	41.2625	0
11490	2.298	1.78819	1.79199	-0.26181	41.2618	0
11495	2.299	1.78819	1.79199	-0.26181	41.2609	0
11500	2.3	1.78819	1.79199	-0.26181	41.2599	0
11505	2.301	1.78819	1.79199	-0.26181	41.2588	0
11510	2.302	1.78819	1.79199	-0.26181	41.2576	0
11515	2.303	1.78819	1.79199	-0.26181	41.2565	0
11520	2.304	1.78819	1.79199	-0.26181	41.2579	0
11525	2.305	1.78819	1.79199	-0.26181	41.2601	0
11530	2.306	1.78819	1.79199	-0.26181	41.2617	0
11535	2.307	1.78819	1.79199	-0.26181	41.263	0
11540	2.308	1.78819	1.79199	-0.26181	41.2637	0
11545	2.309	1.78819	1.79199	-0.26181	41.264	0
11550	2.31	1.78819	1.79199	-0.26181	41.2638	0
11555	2.311	1.78819	1.79199	-0.26181	41.2634	0
11560	2.312	1.78819	1.79199	-0.26181	41.2628	0
11565	2.313	1.78819	1.79199	-0.26181	41.262	0
11570	2.314	1.78819	1.79199	-0.26181	41.2612	0
11575	2.315	1.78819	1.79199	-0.26181	41.2602	0
11580	2.316	1.78819	1.79199	-0.26181	41.2592	0
11585	2.317	1.78819	1.79199	-0.26181	41.258	0
11590	2.318	1.78819	1.79199	-0.26181	41.2568	0
11595	2.319	1.78819	1.79199	-0.26181	41.2578	0
11600	2.32	1.78819	1.79199	-0.26181	41.2598	0
11605	2.321	1.78819	1.79199	-0.26181	41.2615	0
11610	2.322	1.78819	1.79199	-0.26181	41.2628	0
11615	2.323	1.78819	1.79199	-0.26181	41.2637	0
11620	2.324	1.78819	1.79199	-0.26181	41.2639	0
11625	2.325	1.78819	1.79199	-0.26181	41.2639	0
11630	2.326	1.78819	1.79199	-0.261809	41.2635	0
11635	2.327	1.78819	1.79199	-0.26181	41.263	0
11640	2.328	1.78819	1.79199	-0.26181	41.2622	0
11645	2.329	1.78819	1.79199	-0.26181	41.2614	0
11650	2.33	1.78819	1.79199	-0.26181	41.2605	0
11655	2.331	1.78819	1.79199	-0.26181	41.2594	0
11660	2.332	1.78819	1.79199	-0.26181	41.2583	0
11665	2.333	1.78819	1.79199	-0.26181	41.2571	0
11670	2.334	1.78819	1.79199	-0.26181	41.2575	0
11675	2.335	1.78819	1.79199	-0.261809	41.2594	0
11680	2.336	1.78819	1.79199	-0.261809	41.2613	0
11685	2.337	1.78819	1.79199	-0.26181	41.2626	0
11690	2.338	1.78819	1.79199	-0.26181	41.2637	0
11695	2.339	1.78819	1.79199	-0.26181	41.264	0
11700	2.34	1.78819	1.79199	-0.26181	41.2641	0
11705	2.341	1.78819	1.79199	-0.26181	41.2637	0
11710	2.342	1.78819	1.79199	-0.26181	41.2632	0
11715	2.343	1.78819	1.79199	-0.26181	41.2624	0
11720	2.344	1.78819	1.79199	-0.261809	41.2616	0
11725	2.345	1.78819	1.79199	-0.26181	41.2607	0
11730	2.346	1.78819	1.79199	-0.26181	41.2597	0
11735	2.347	1.78819	1.79199	-0.26181	41.2586	0
11740	2.348	1.78819	1.79199	-0.26181	41.2574	0
11745	2.349	1.78819	1.79199	-0.26181	41.2571	0
11750	2.35	1.78819	1.79199	-0.26181	41.2588	0
11755	2.351	1.78819	1.79199	-0.26181	41.2609	0
11760	2.352	1.78819	1.79199	-0.26181	41.2623	0
11765	2.353	1.78819	1.79199	-0.261809	41.2633	0
11770	2.354	1.78819	1.79199	-0.26181	41.2639	0
11775	2.355	1.78819	1.79199	-0.26181	41.2639	0
11780	2.356	1.78819	1.79199	-0.26181	41.2636	0
11785	2.357	1.78819	1.79199	-0.26181	41.2631	0
11790	2.358	1.78819	1.79199	-0.26181	41.2625	0
11795	2.359	1.78819	1.79199	-0.26181	41.2617	0
11800	2.36	1.78819	1.79199	-0.26181	41.2608	0
11805	2.361	1.78819	1.79199	-0.26181	41.2598	0
11810	2.362	1.78819	1.79199	-0.26181	41.2588	0
11815	2.363	1.78819	1.79199	-0.26181	41.2576	0
11820	2.364	1.78819	1.79199	-0.26181	41.2564	0
11825	2.365	1.78819	1.79199	-0.26181	41.258	0
11830	2.366	1.78819	1.79199	-0.26181	41.26	0
11835	2.367	1.78819	1.79199	-0.26181	41.2615	0
11840	2.368	1.78819	1.79199	-0.26181	41.2626	0
11845	2.369	1.78819	1.79199	-0.26181	41.2634	0
11850	2.37	1.78819	1.79199	-0.26181	41.2636	0
11855	2.371	1.78819	1.79199	-0.26181	41.2635	0
11860	2.372	1.78819	1.79199	-0.26181	41.263	0
11865	2.373	1.78819	1.79199	-0.26181	41.2624	0
11870	2.374	1.78819	1.79199	-0.26181	41.2616	0
11875	2.375	1.78819	1.79199	-0.26181	41.2608	0
11880	2.376	1.78819	1.79199	-0.26181	41.2598	0
11885	2.377	1.78819	1.79199	-0.26181	41.2588	0
11890	2.378	1.78819	1.79199	-0.26181	41.2577	0
11895	2.379	1.78819	1.79199	-0.26181	41.2565	0
11900	2.38	1.78819	1.79199	-0.26181	41.2578	0
11905	2.381	1.78819	1.79199	-0.26181	41.2597	0
11910	2.382	1.78819	1.79199	-0.26181	41.2616	0
11915	2.383	1.78819	1.79199	-0.26181	41.2627	0
11920	2.384	1.78819	1.79199	-0.26181	41.2635	0
11925	2.385	1.78819	1.79199	-0.26181	41.2638	0
11930	2.386	1.78819	1.79199	-0.26181	41.2637	0
11935	2.387	1.78819	1.79199	-0.26181	41.2633	0
11940	2.388	1.78819	1.79199	-0.26181	41.2627	0
11945	2.389	1.78819	1.79199	-0.26181	41.2619	0
11950	2.39	1.78819	1.79199	-0.26181	41.261	0
11955	2.391	1.78819	1.79199	-0.26181	41.2601	0
11960	2.392	1.78819	1.79196	-0.26181	41.2591	0
11965	2.393	1.78819	1.79199	-0.26181	41.258	0
11970	2.394	1.78819	1.79199	-0.26181	41.2568	0
11975	2.395	1.78819	1.79199	-0.26181	41.2578	0
11980	2.396	1.78819	1.79199	-0.26181	41.2596	0
11985	2.397	1.78819	1.79199	-0.26181	41.2614	0
11990	2.398	1.78819	1.79199	-0.26181	41.2626	0
11995	2.399	1.78819	1.79199	-0.26181	41.2634	0
12000	2.4	1.78819	1.79199	-0.26181	41.2638	0
12005	2.401	1.78819	1.79199	-0.26181	41.2638	0
12010	2.402	1.78819	1.79199	-0.26181	41.2634	0
12015	2.403	1.78819	1.79199	-0.26181	41.2628	0
12020	2.404	1.78819	1.79199	-0.26181	41.2622	0
12025	2.405	1.78819	1.79199	-0.26181	41.2613	0
12030	2.406	1.78819	1.79199	-0.26181	41.2604	0
12035	2.407	1.78819	1.79199	-0.26181	41.2593	0
12040	2.408	1.78819	1.79199	-0.26181	41.2583	0
12045	2.409	1.78819	1.79199	-0.26181	41.2571	0
12050	2.41	1.78819	1.79199	-0.26181	41.2575	0
12055	2.411	1.78819	1.79199	-0.26181	41.2593	0
12060	2.412	1.78819	1.79199	-0.26181	41.261	0
12065	2.413	1.78819	1.79199	-0.26181	41.2624	0
12070	2.414	1.78819	1.79199	-0.26181	41.2632	0
12075	2.415	1.78819	1.79199	-0.26181	41.2639	0
12080	2.416	1.78819	1.79199	-0.26181	41.2639	0
12085	2.417	1.78819	1.79199	-0.26181	41.2638	0
12090	2.418	1.78819	1.79199	-0.26181	41.2632	0
12095	2.419	1.78819	1.79199	-0.26181	41.2625	0
12100	2.42	1.78819	1.79199	-0.26181	41.2616	0
12105	2.421	1.78819	1.79199	-0.26181	41.2606	0
12110	2.422	1.78819	1.79199	-0.26181	41.2596	0
12115	2.423	1.78819	1.79199	-0.26181	41.2585	0
12120	2.424	1.78819	1.79199	-0.26181	41.2574	0
12125	2.425	1.78819	1.79199	-0.26181	41.2571	0
12130	2.426	1.78819	1.79199	-0.26181	41.259	0
12135	2.427	1.78819	1.79199	-0.26181	41.2607	0
12140	2.428	1.78819	1.79199	-0.26181	41.2622	0
12145	2.429	1.78819	1.79196	-0.26181	41.2631	0
12150	2.43	1.78819	1.79199	-0.26181	41.2637	0
12155	2.431	1.78819	1.79199	-0.26181	41.2638	0
12160	2.432	1.78819	1.79199	-0.26181	41.2637	0
12165	2.433	1.78819	1.79199	-0.26181	41.2632	0
12170	2.434	1.78819	1.79199	-0.26181	41.2625	0
12175	2.435	1.78819	1.79199	-0.26181	41.2617	0
12180	2.436	1.78819	1.79199	-0.26181	41.2607	0
12185	2.437	1.78819	1.79199	-0.26181	41.2598	0
12190	2.438	1.78819	1.79199	-0.26181	41.2587	0
12195	2.439	1.78819	1.79199	-0.26181	41.2576	0
12200	2.44	1.78819	1.79199	-0.26181	41.2564	0
12205	2.441	1.78819	1.79199	-0.26181	41.2581	0
12210	2.442	1.78819	1.79199	-0.26181	41.2599	0
12215	2.443	1.78819	1.79199	-0.26181	41.2614	0
12220	2.444	1.78819	1.79199	-0.26181	41.2625	0
12225	2.445	1.78819	1.79199	-0.26181	41.2631	0
12230	2.446	1.78819	1.79199	-0.26181	41.2634	0
12235	2.447	1.78819	1.79196	-0.26181	41.2633	0
12240	2.448	1.78819	1.79199	-0.26181	41.2631	0
12245	2.449	1.78819	1.79199	-0.26181	41.2624	0
12250	2.45	1.78819	1.79199	-0.26181	41.2617	0
12255	2.451	1.78819	1.79199	-0.26181	41.2607	0
12260	2.452	1.78819	1.79199	-0.26181	41.2598	0
12265	2.453	1.78819	1.79199	-0.26181	41.2587	0
12270	2.454	1.78819	1.79199	-0.26181	41.2576	0
12275	2.455	1.78819	1.79199	-0.26181	41.2565	0
12280	2.456	1.78819	1.79196	-0.26181	41.2578	0
12285	2.457	1.78819	1.79199	-0.26181	41.2598	0
12290	2.458	1.78819	1.79199	-0.26181	41.2613	0
12295	2.459	1.78819	1.79199	-0.26181	41.2625	0
12300	2.46	1.78819	1.79199	-0.261809	41.2632	0
12305	2.461	1.78819	1.79199	-0.26181	41.2636	0
12310	2.462	1.78819	1.79199	-0.26181	41.2635	0
12315	2.463	1.78819	1.79199	-0.26181	41.2633	0
12320	2.464	1.78819	1.79199	-0.26181	41.2627	0
12325	2.465	1.78819	1.79196	-0.26181	41.2619	0
12330	2.466	1.78819	1.79199	-0.26181	41.261	0
12335	2.467	1.78819	1.79199	-0.26181	41.26	0
12340	2.468	1.78819	1.79199	-0.26181	41.259	0
12345	2.469	1.78819	1.79199	-0.261809	41.2579	0
12350	2.47	1.78819	1.79199	-0.26181	41.2568	0
12355	2.471	1.78819	1.79199	-0.26181	41.2578	0
12360	2.472	1.78819	1.79199	-0.26181	41.2598	0
12365	2.473	1.78819	1.79199	-0.26181	41.2613	0
12370	2.474	1.78819	1.79199	-0.26181	41.2625	0
12375	2.475	1.78819	1.79199	-0.26181	41.2632	0
12380	2.476	1.78819	1.79199	-0.26181	41.2635	0
12385	2.477	1.78819	1.79199	-0.26181	41.2636	0
12390	2.478	1.78819	1.79199	-0.26181	41.2633	0
12395	2.479	1.78819	1.79199	-0.26181	41.2629	0
12400	2.48	1.78819	1.79199	-0.26181	41.2621	0
12405	2.481	1.78819	1.79199	-0.26181	41.2613	0
12410	2.482	1.78819	1.79199	-0.26181	41.2603	0
12415	2.483	1.78819	1.79199	-0.26181	41.2593	0
12420	2.484	1.78819	1.79199	-0.26181	41.2582	0
12425	2.485	1.78819	1.79199	-0.26181	41.2571	0
12430	2.486	1.78819	1.79199	-0.26181	41.2575	0
12435	2.487	1.78819	1.79199	-0.261809	41.2596	0
12440	2.488	1.78819	1.79199	-0.26181	41.2615	0
12445	2.489	1.78819	1.79199	-0.26181	41.263	0
12450	2.49	1.78819	1.79199	-0.26181	41.264	0
12455	2.491	1.78819	1.79199	-0.26181	41.2645	0
12460	2.492	1.78819	1.79199	-0.26181	41.2648	0
12465	2.493	1.78819	1.79199	-0.26181	41.2646	0
12470	2.494	1.78819	1.79199	-0.26181	41.2643	0
12475	2.495	1.78819	1.79199	-0.26181	41.2635	0
12480	2.496	1.78819	1.79199	-0.26181	41.2627	0
12485	2.497	1.78819	1.79199	-0.26181	41.2616	0
12490	2.498	1.78819	1.79199	-0.26181	41.2605	0
12495	2.499	1.78819	1.79199	-0.26181	41.2594	0
12500	2.5	1.78819	1.79199	-0.26181	41.2582	0
12505	2.501	1.78819	1.79199	-0.26181	41.2579	0
12510	2.502	1.78819	1.79199	-0.26181	41.2598	0
12515	2.503	1.78819	1.79199	-0.26181	41.262	0
12520	2.504	1.78819	1.79199	-0.26181	41.2636	0
12525	2.505	1.78819	1.79199	-0.26181	41.2645	0
12530	2.506	1.78819	1.79199	-0.26181	41.2648	0
12535	2.507	1.78819	1.79199	-0.26181	41.2649	0
12540	2.508	1.78819	1.79199	-0.26181	41.2646	0
12545	2.509	1.78819	1.79199	-0.26181	41.2641	0
12550	2.51	1.78819	1.79199	-0.26181	41.2635	0
12555	2.511	1.78819	1.79199	-0.26181	41.2626	0
12560	2.512	1.78819	1.79199	-0.26181	41.2615	0
12565	2.513	1.78819	1.79199	-0.26181	41.2604	0
12570	2.514	1.78819	1.79199	-0.26181	41.2593	0
12575	2.515	1.78819	1.79199	-0.26181	41.2581	0
12580	2.516	1.78819	1.79199	-0.26181	41.257	0
12585	2.517	1.78819	1.79199	-0.26181	41.2586	0
12590	2.518	1.78819	1.79199	-0.26181	41.2607	0
12595	2.519	1.78819	1.79199	-0.26181	41.2623	0
12600	2.52	1.78819	1.79199	-0.26181	41.2633	0
12605	2.521	1.78819	1.79199	-0.26181	41.2638	0
12610	2.522	1.78819	1.79199	-0.26181	41.2639	0
12615	2.523	1.78819	1.79199	-0.26181	41.2638	0
12620	2.524	1.78819	1.79199	-0.261809	41.2633	0
12625	2.525	1.78819	1.79199	-0.26181	41.2628	0
12630	2.526	1.78819	1.79199	-0.26181	41.262	0
12635	2.527	1.78819	1.79199	-0.26181	41.2611	0
12640	2.528	1.78819	1.79199	-0.26181	41.26	0
12645	2.529	1.78819	1.79199	-0.26181	41.2589	0
12650	2.53	1.78819	1.79199	-0.26181	41.2578	0
12655	2.531	1.78819	1.79199	-0.26181	41.2566	0
12660	2.532	1.78819	1.79199	-0.26181	41.258	0
12665	2.533	1.78819	1.79199	-0.261809	41.2601	0
12670	2.534	1.78819	1.79199	-0.26181	41.2619	0
12675	2.535	1.78819	1.79199	-0.26181	41.263	0
12680	2.536	1.78819	1.79199	-0.26181	41.2637	0
12685	2.537	1.78819	1.79199	-0.26181	41.2638	0
12690	2.538	1.78819	1.79199	-0.26181	41.2638	0
12695	2.539	1.78819	1.79199	-0.26181	41.2634	0
12700	2.54	1.78819	1.79199	-0.26181	41.2629	0
12705	2.541	1.78819	1.79199	-0.26181	41.2621	0
12710	2.542	1.78819	1.79199	-0.261809	41.2612	0
12715	2.543	1.78819	1.79199	-0.26181	41.2602	0
12720	2.544	1.78819	1.79199	-0.26181	41.2591	0
12725	2.545	1.78819	1.79199	-0.26181	41.2579	0
12730	2.546	1.78819	1.79199	-0.26181	41.2568	0
12735	2.547	1.78819	1.79199	-0.26181	41.2579	0
12740	2.548	1.78819	1.79199	-0.26181	41.2598	0
12745	2.549	1.78819	1.79199	-0.26181	41.2618	0
12750	2.55	1.78819	1.79199	-0.26181	41.263	0
12755	2.551	1.78819	1.79199	-0.261809	41.2637	0
12760	2.552	1.78819	1.79199	-0.26181	41.2639	0
12765	2.553	1.78819	1.79199	-0.26181	41.2638	0
12770	2.554	1.78819	1.79199	-0.26181	41.2635	0
12775	2.555	1.78819	1.79199	-0.26181	41.263	0
12780	2.556	1.78819	1.79199	-0.26181	41.2623	0
12785	2.557	1.78819	1.79199	-0.26181	41.2614	0
12790	2.558	1.78819	1.79199	-0.26181	41.2605	0
12795	2.559	1.78819	1.79199	-0.26181	41.2593	0
12800	2.56	1.78819	1.79199	-0.26181	41.2582	0
12805	2.561	1.78819	1.79199	-0.26181	41.2571	0
12810	2.562	1.78819	1.79199	-0.26181	41.2575	0
12815	2.563	1.78819	1.79199	-0.26181	41.2594	0
12820	2.564	1.78819	1.79199	-0.26181	41.2613	0
12825	2.565	1.78819	1.79199	-0.26181	41.2627	0
12830	2.566	1.78819	1.79199	-0.26181	41.2635	0
12835	2.567	1.78819	1.79199	-0.26181	41.2639	0
12840	2.568	1.78819	1.79199	-0.26181	41.2638	0
12845	2.569	1.78819	1.79199	-0.26181	41.2636	0
12850	2.57	1.78819	1.79199	-0.26181	41.2631	0
12855	2.571	1.78819	1.79199	-0.26181	41.2625	0
12860	2.572	1.78819	1.79199	-0.26181	41.2616	0
12865	2.573	1.78819	1.79199	-0.26181	41.2607	0
12870	2.574	1.78819	1.79199	-0.26181	41.2596	0
12875	2.575	1.78819	1.79199	-0.26181	41.2585	0
12880	2.576	1.78819	1.79199	-0.26181	41.2573	0
12885	2.577	1.78819	1.79199	-0.26181	41.257	0
12890	2.578	1.78819	1.79199	-0.26181	41.2589	0
12895	2.579	1.78819	1.79199	-0.26181	41.2608	0
12900	2.58	1.78819	1.79199	-0.26181	41.2625	0
12905	2.581	1.78819	1.79199	-0.26181	41.2635	0
12910	2.582	1.78819	1.79199	-0.26181	41.264	0
12915	2.583	1.78819	1.79199	-0.26181	41.2639	0
12920	2.584	1.78819	1.79199	-0.26181	41.2637	0
12925	2.585	1.78819	1.79199	-0.26181	41.2632	0
12930	2.586	1.78819	1.79199	-0.26181	41.2626	0
12935	2.587	1.78819	1.79199	-0.26181	41.2618	0
12940	2.588	1.78819	1.79199	-0.26181	41.2609	0
12945	2.589	1.78819	1.79199	-0.26181	41.2598	0
12950	2.59	1.78819	1.79196	-0.26181	41.2587	0
12955	2.591	1.78819	1.79199	-0.26181	41.2576	0
12960	2.592	1.78819	1.79199	-0.26181	41.2564	0
12965	2.593	1.78819	1.79199	-0.26181	41.2582	0
12970	2.594	1.78819	1.79199	-0.26181	41.2601	0
12975	2.595	1.78819	1.79199	-0.26181	41.2618	0
12980	2.596	1.78819	1.79199	-0.26181	41.2629	0
12985	2.597	1.78819	1.79199	-0.26181	41.2635	0
12990	2.598	1.78819	1.79199	-0.26181	41.2636	0
12995	2.599	1.78819	1.79199	-0.26181	41.2634	0
13000	2.6	1.78819	1.79199	-0.26181	41.263	0
13005	2.601	1.78819	1.79199	-0.26181	41.2624	0
13010	2.602	1.78819	1.79199	-0.26181	41.2618	0
13015	2.603	1.78819	1.79199	-0.26181	41.2609	0
13020	2.604	1.78819	1.79199	-0.26181	41.2599	0
13025	2.605	1.78819	1.79199	-0.26181	41.2588	0
13030	2.606	1.78819	1.79199	-0.26181	41.2576	0
13035	2.607	1.78819	1.79199	-0.26181	41.2565	0
13040	2.608	1.78819	1.79199	-0.26181	41.2579	0
13045	2.609	1.78819	1.79199	-0.26181	41.2599	0
13050	2.61	1.78819	1.79199	-0.26181	41.2616	0
13055	2.611	1.78819	1.79199	-0.26181	41.2629	0
13060	2.612	1.78819	1.79199	-0.26181	41.2635	0
13065	2.613	1.78819	1.79199	-0.26181	41.2638	0
13070	2.614	1.78819	1.79199	-0.26181	41.2636	0
13075	2.615	1.78819	1.79199	-0.26181	41.2633	0
13080	2.616	1.78819	1.79199	-0.26181	41.2627	0
13085	2.617	1.78819	1.79199	-0.26181	41.262	0
13090	2.618	1.78819	1.79199	-0.26181	41.2611	0
13095	2.619	1.78819	1.79199	-0.26181	41.2602	0
13100	2.62	1.78819	1.79199	-0.26181	41.2591	0
13105	2.621	1.78819	1.79199	-0.26181	41.258	0
13110	2.622	1.78819	1.79199	-0.26181	41.2568	0
13115	2.623	1.78819	1.79199	-0.26181	41.2578	0
13120	2.624	1.78819	1.79199	-0.26181	41.2599	0
13125	2.625	1.78819	1.79199	-0.26181	41.2616	0
13130	2.626	1.78819	1.79199	-0.26181	41.263	0
13135	2.627	1.78819	1.79196	-0.26181	41.2638	0
13140	2.628	1.78819	1.79199	-0.26181	41.2641	0
13145	2.629	1.78819	1.79199	-0.26181	41.2639	0
13150	2.63	1.78819	1.79199	-0.26181	41.2635	0
13155	2.631	1.78819	1.79199	-0.26181	41.263	0
13160	2.632	1.78819	1.79199	-0.26181	41.2622	0
13165	2.633	1.78819	1.79199	-0.26181	41.2614	0
13170	2.634	1.78819	1.79199	-0.26181	41.2605	0
13175	2.635	1.78819	1.79199	-0.26181	41.2595	0
13180	2.636	1.78819	1.79199	-0.26181	41.2583	0
13185	2.637	1.78819	1.79199	-0.26181	41.2572	0
13190	2.638	1.78819	1.79199	-0.26181	41.2575	0
13195	2.639	1.78819	1.79199	-0.26181	41.2595	0
13200	2.64	1.78819	1.79199	-0.26181	41.2613	0
13205	2.641	1.78819	1.79199	-0.26181	41.2627	0
13210	2.642	1.78819	1.79199	-0.26181	41.2635	0
13215	2.643	1.78819	1.79199	-0.26181	41.264	0
13220	2.644	1.78819	1.79199	-0.26181	41.2639	0
13225	2.645	1.78819	1.79196	-0.26181	41.2636	0
13230	2.646	1.78819	1.79199	-0.26181	41.2631	0
13235	2.647	1.78819	1.79199	-0.26181	41.2624	0
13240	2.648	1.78819	1.79199	-0.26181	41.2616	0
13245	2.649	1.78819	1.79199	-0.26181	41.2607	0
13250	2.65	1.78819	1.79199	-0.26181	41.2597	0
13255	2.651	1.78819	1.79199	-0.26181	41.2586	0
13260	2.652	1.78819	1.79199	-0.26181	41.2574	0
13265	2.653	1.78819	1.79199	-0.26181	41.2571	0
13270	2.654	1.78819	1.79196	-0.26181	41.2589	0
13275	2.655	1.78819	1.79199	-0.26181	41.2608	0
13280	2.656	1.78819	1.79199	-0.26181	41.2622	0
13285	2.657	1.78819	1.79199	-0.26181	41.2634	0
13290	2.658	1.78819	1.79199	-0.261809	41.2639	0
13295	2.659	1.78819	1.79199	-0.26181	41.2641	0
13300	2.66	1.78819	1.79199	-0.26181	41.2638	0
13305	2.661	1.78819	1.79199	-0.26181	41.2633	0
13310	2.662	1.78819	1.79199	-0.26181	41.2626	0
13315	2.663	1.78819	1.79196	-0.26181	41.2618	0
13320	2.664	1.78819	1.79199	-0.26181	41.2608	0
13325	2.665	1.78819	1.79199	-0.26181	41.2598	0
13330	2.666	1.78819	1.79199	-0.26181	41.2588	0
13335	2.667	1.78819	1.79199	-0.261809	41.2576	0
13340	2.668	1.78819	1.79199	-0.26181	41.2565	0
13345	2.669	1.78819	1.79199	-0.26181	41.2581	0
13350	2.67	1.78819	1.79199	-0.26181	41.2601	0
13355	2.671	1.78819	1.79199	-0.26181	41.2616	0
13360	2.672	1.78819	1.79199	-0.26181	41.2628	0
13365	2.673	1.78819	1.79199	-0.26181	41.2634	0
13370	2.674	1.78819	1.79199	-0.26181	41.2637	0
13375	2.675	1.78819	1.79199	-0.26181	41.2635	0
13380	2.676	1.78819	1.79199	-0.26181	41.2631	0
13385	2.677	1.78819	1.79199	-0.26181	41.2625	0
13390	2.678	1.78819	1.79199	-0.26181	41.2617	0
13395	2.679	1.78819	1.79199	-0.26181	41.2608	0
13400	2.68	1.78819	1.79199	-0.26181	41.2598	0
13405	2.681	1.78819	1.79199	-0.26181	41.2589	0
13410	2.682	1.78819	1.79199	-0.26181	41.2577	0
13415	2.683	1.78819	1.79199	-0.26181	41.2565	0
13420	2.684	1.78819	1.79199	-0.26181	41.2578	0
13425	2.685	1.78819	1.79199	-0.261809	41.2598	0
13430	2.686	1.78819	1.79199	-0.26181	41.2614	0
13435	2.687	1.78819	1.79199	-0.26181	41.2625	0
13440	2.688	1.78819	1.79199	-0.26181	41.2633	0
13445	2.689	1.78819	1.79199	-0.26181	41.2636	0
13450	2.69	1.78819	1.79199	-0.26181	41.2638	0
13455	2.691	1.78819	1.79199	-0.26181	41.2633	0
13460	2.692	1.78819	1.79199	-0.26181	41.2628	0
13465	2.693	1.78819	1.79199	-0.26181	41.262	0
13470	2.694	1.78819	1.79199	-0.26181	41.2611	0
13475	2.695	1.78819	1.79199	-0.26181	41.2601	0
13480	2.696	1.78819	1.79199	-0.26181	41.2591	0
13485	2.697	1.78819	1.79199	-0.26181	41.258	0
13490	2.698	1.78819	1.79199	-0.26181	41.2568	0
13495	2.699	1.78819	1.79199	-0.26181	41.2577	0
13500	2.7	1.78819	1.79199	-0.26181	41.2596	0
13505	2.701	1.78819	1.79199	-0.26181	41.2615	0
13510	2.702	1.78819	1.79199	-0.26181	41.2626	0
13515	2.703	1.78819	1.79199	-0.26181	41.2635	0
13520	2.704	1.78819	1.79199	-0.26181	41.2638	0
13525	2.705	1.78819	1.79199	-0.26181	41.2639	0
13530	2.706	1.78819	1.79199	-0.26181	41.2636	0
13535	2.707	1.78819	1.79199	-0.26181	41.263	0
13540	2.708	1.78819	1.79199	-0.26181	41.2622	0
13545	2.709	1.78819	1.79199	-0.26181	41.2613	0
13550	2.71	1.78819	1.79199	-0.26181	41.2604	0
13555	2.711	1.78819	1.79199	-0.26181	41.2593	0
13560	2.712	1.78819	1.79199	-0.26181	41.2583	0
13565	2.713	1.78819	1.79199	-0.26181	41.2571	0
13570	2.714	1.78819	1.79199	-0.26181	41.2576	0
13575	2.715	1.78819	1.79199	-0.26181	41.2593	0
13580	2.716	1.78819	1.79199	-0.26181	41.2611	0
13585	2.717	1.78819	1.79199	-0.26181	41.2624	0
13590	2.718	1.78819	1.79199	-0.26181	41.2632	0
13595	2.719	1.78819	1.79199	-0.26181	41.2637	0
13600	2.72	1.78819	1.79199	-0.26181	41.2638	0
13605	2.721	1.78819	1.79199	-0.26181	41.2637	0
13610	2.722	1.78819	1.79199	-0.261809	41.2631	0
13615	2.723	1.78819	1.79199	-0.26181	41.2624	0
13620	2.724	1.78819	1.79199	-0.26181	41.2615	0
13625	2.725	1.78819	1.79199	-0.26181	41.2606	0
13630	2.726	1.78819	1.79199	-0.26181	41.2596	0
13635	2.727	1.78819	1.79199	-0.26181	41.2585	0
13640	2.728	1.78819	1.79199	-0.26181	41.2574	0
13645	2.729	1.78819	1.79199	-0.26181	41.2571	0
13650	2.73	1.78819	1.79199	-0.26181	41.2588	0
13655	2.731	1.78819	1.79199	-0.261809	41.2605	0
13660	2.732	1.78819	1.79199	-0.26181	41.262	0
13665	2.733	1.78819	1.79199	-0.26181	41.2629	0
13670	2.734	1.78819	1.79199	-0.26181	41.2636	0
13675	2.735	1.78819	1.79199	-0.26181	41.2637	0
13680	2.736	1.78819	1.79199	-0.26181	41.2637	0
13685	2.737	1.78819	1.79199	-0.26181	41.2632	0
13690	2.738	1.78819	1.79199	-0.26181	41.2625	0
13695	2.739	1.78819	1.79199	-0.26181	41.2616	0
13700	2.74	1.78819	1.79199	-0.261809	41.2607	0
13705	2.741	1.78819	1.79199	-0.26181	41.2597	0
13710	2.742	1.78819	1.79199	-0.26181	41.2586	0
13715	2.743	1.78819	1.79199	-0.26181	41.2575	0
13720	2.744	1.78819	1.79199	-0.26181	41.2564	0
13725	2.745	1.78819	1.79199	-0.26181	41.2581	0
13730	2.746	1.78819	1.79199	-0.26181	41.2599	0
13735	2.747	1.78819	1.79199	-0.26181	41.2615	0
13740	2.748	1.78819	1.79199	-0.26181	41.2625	0
13745	2.749	1.78819	1.79199	-0.261809	41.2632	0
13750	2.75	1.78819	1.79199	-0.26181	41.2634	0
13755	2.751	1.78819	1.79199	-0.26181	41.2633	0
13760	2.752	1.78819	1.79199	-0.26181	41.263	0
13765	2.753	1.78819	1.79199	-0.26181	41.2624	0
13770	2.754	1.78819	1.79199	-0.26181	41.2616	0
13775	2.755	1.78819	1.79199	-0.26181	41.2607	0
13780	2.756	1.78819	1.79199	-0.26181	41.2598	0
13785	2.757	1.78819	1.79199	-0.26181	41.2587	0
13790	2.758	1.78819	1.79199	-0.26181	41.2576	0
13795	2.759	1.78819	1.79199	-0.26181	41.2565	0
13800	2.76	1.78819	1.79199	-0.26181	41.2579	0
13805	2.761	1.78819	1.79199	-0.26181	41.2597	0
13810	2.762	1.78819	1.79199	-0.26181	41.2613	0
13815	2.763	1.78819	1.79199	-0.26181	41.2624	0
13820	2.764	1.78819	1.79199	-0.26181	41.263	0
13825	2.765	1.78819	1.79199	-0.26181	41.2634	0
13830	2.766	1.78819	1.79199	-0.26181	41.2634	0
13835	2.767	1.78819	1.79199	-0.26181	41.2632	0
13840	2.768	1.78819	1.79199	-0.26181	41.2626	0
13845	2.769	1.78819	1.79199	-0.26181	41.2619	0
13850	2.77	1.78819	1.79199	-0.26181	41.261	0
13855	2.771	1.78819	1.79199	-0.26181	41.26	0
13860	2.772	1.78819	1.79199	-0.26181	41.2589	0
13865	2.773	1.78819	1.79199	-0.26181	41.2579	0
13870	2.774	1.78819	1.79199	-0.26181	41.2567	0
13875	2.775	1.78819	1.79199	-0.26181	41.2578	0
13880	2.776	1.78819	1.79199	-0.26181	41.2599	0
13885	2.777	1.78819	1.79199	-0.26181	41.2617	0
13890	2.778	1.78819	1.79199	-0.26181	41.263	0
13895	2.779	1.78819	1.79199	-0.26181	41.2636	0
13900	2.78	1.78819	1.79199	-0.26181	41.264	0
13905	2.781	1.78819	1.79199	-0.26181	41.2639	0
13910	2.782	1.78819	1.79199	-0.26181	41.2636	0
13915	2.783	1.78819	1.79199	-0.26181	41.2631	0
13920	2.784	1.78819	1.79199	-0.26181	41.2623	0
13925	2.785	1.78819	1.79199	-0.26181	41.2614	0
13930	2.786	1.78819	1.79199	-0.26181	41.2604	0
13935	2.787	1.78819	1.79199	-0.26181	41.2593	0
13940	2.788	1.78819	1.79196	-0.26181	41.2582	0
13945	2.789	1.78819	1.79199	-0.26181	41.2571	0
13950	2.79	1.78819	1.79199	-0.26181	41.2576	0
13955	2.791	1.78819	1.79199	-0.26181	41.2597	0
13960	2.792	1.78819	1.79199	-0.26181	41.2615	0
13965	2.793	1.78819	1.79199	-0.26181	41.2628	0
13970	2.794	1.78819	1.79199	-0.26181	41.2635	0
13975	2.795	1.78819	1.79199	-0.26181	41.2639	0
13980	2.796	1.78819	1.79199	-0.26181	41.2639	0
13985	2.797	1.78819	1.79199	-0.26181	41.2636	0
13990	2.798	1.78819	1.79199	-0.26181	41.2632	0
13995	2.799	1.78819	1.79199	-0.26181	41.2625	0
14000	2.8	1.78819	1.79199	-0.26181	41.2616	0
14005	2.801	1.78819	1.79199	-0.26181	41.2606	0
14010	2.802	1.78819	1.79199	-0.26181	41.2596	0
14015	2.803	1.78819	1.79199	-0.26181	41.2585	0
14020	2.804	1.78819	1.79199	-0.26181	41.2573	0
14025	2.805	1.78819	1.79199	-0.26181	41.2571	0
14030	2.806	1.78819	1.79199	-0.26181	41.259	0
14035	2.807	1.78819	1.79199	-0.26181	41.261	0
14040	2.808	1.78819	1.79199	-0.26181	41.2624	0
14045	2.809	1.78819	1.79199	-0.26181	41.2632	0
14050	2.81	1.78819	1.79199	-0.26181	41.2636	0
14055	2.811	1.78819	1.79199	-0.26181	41.2638	0
14060	2.812	1.78819	1.79199	-0.26181	41.2636	0
14065	2.813	1.78819	1.79199	-0.26181	41.2632	0
14070	2.814	1.78819	1.79199	-0.26181	41.2626	0
14075	2.815	1.78819	1.79199	-0.26181	41.2617	0
14080	2.816	1.78819	1.79199	-0.26181	41.2607	0
14085	2.817	1.78819	1.79199	-0.26181	41.2597	0
14090	2.818	1.78819	1.79199	-0.26181	41.2586	0
14095	2.819	1.78819	1.79199	-0.26181	41.2575	0
14100	2.82	1.78819	1.79199	-0.26181	41.2563	0
14105	2.821	1.78819	1.79199	-0.26181	41.258	0
14110	2.822	1.78819	1.79199	-0.26181	41.2603	0
14115	2.823	1.78819	1.79199	-0.26181	41.2619	0
14120	2.824	1.78819	1.79199	-0.26181	41.263	0
14125	2.825	1.78819	1.79196	-0.26181	41.2634	0
14130	2.826	1.78819	1.79199	-0.26181	41.2636	0
14135	2.827	1.78819	1.79199	-0.26181	41.2634	0
14140	2.828	1.78819	1.79199	-0.26181	41.2631	0
14145	2.829	1.78819	1.79199	-0.26181	41.2625	0
14150	2.83	1.78819	1.79199	-0.26181	41.2617	0
14155	2.831	1.78819	1.79199	-0.26181	41.2608	0
14160	2.832	1.78819	1.79199	-0.26181	41.2598	0
14165	2.833	1.78819	1.79199	-0.26181	41.2587	0
14170	2.834	1.78819	1.79199	-0.26181	41.2576	0
14175	2.835	1.78819	1.79199	-0.26181	41.2565	0
14180	2.836	1.78819	1.79199	-0.26181	41.2579	0
14185	2.837	1.78819	1.79199	-0.26181	41.26	0
14190	2.838	1.78819	1.79199	-0.26181	41.2617	0
14195	2.839	1.78819	1.79199	-0.26181	41.2628	0
14200	2.84	1.78819	1.79199	-0.26181	41.2634	0
14205	2.841	1.78819	1.79199	-0.26181	41.2636	0
14210	2.842	1.78819	1.79199	-0.26181	41.2635	0
14215	2.843	1.78819	1.79196	-0.26181	41.2631	0
14220	2.844	1.78819	1.79199	-0.26181	41.2627	0
14225	2.845	1.78819	1.79199	-0.26181	41.262	0
14230	2.846	1.78819	1.79199	-0.26181	41.2611	0
14235	2.847	1.78819	1.79199	-0.26181	41.26	0
14240	2.848	1.78819	1.79199	-0.26181	41.259	0
14245	2.849	1.78819	1.79199	-0.26181	41.2579	0
14250	2.85	1.78819	1.79199	-0.26181	41.2567	0
14255	2.851	1.78819	1.79199	-0.26181	41.2577	0
14260	2.852	1.78819	1.79196	-0.26181	41.2597	0
14265	2.853	1.78819	1.79199	-0.26181	41.2616	0
14270	2.854	1.78819	1.79199	-0.26181	41.2628	0
14275	2.855	1.78819	1.79199	-0.26181	41.2636	0
14280	2.856	1.78819	1.79199	-0.261809	41.2638	0
14285	2.857	1.78819	1.79199	-0.26181	41.2638	0
14290	2.858	1.78819	1.79199	-0.26181	41.2634	0
14295	2.859	1.78819	1.79199	-0.26181	41.263	0
14300	2.86	1.78819	1.79199	-0.26181	41.2622	0
14305	2.861	1.78819	1.79196	-0.26181	41.2614	0
14310	2.862	1.78819	1.79199	-0.26181	41.2604	0
14315	2.863	1.78819	1.79199	-0.26181	41.2593	0
14320	2.864	1.78819	1.79199	-0.26181	41.2582	0
14325	2.865	1.78819	1.79199	-0.261809	41.2571	0
14330	2.866	1.78819	1.79199	-0.26181	41.2576	0
14335	2.867	1.78819	1.79199	-0.26181	41.2594	0
14340	2.868	1.78819	1.79199	-0.26181	41.2615	0
14345	2.869	1.78819	1.79199	-0.26181	41.2628	0
14350	2.87	1.78819	1.79199	-0.26181	41.2636	0
14355	2.871	1.78819	1.79199	-0.26181	41.2639	0
14360	2.872	1.78819	1.79199	-0.26181	41.2639	0
14365	2.873	1.78819	1.79199	-0.26181	41.2636	0
14370	2.874	1.78819	1.79199	-0.26181	41.2631	0
14375	2.875	1.78819	1.79199	-0.26181	41.2624	0
14380	2.876	1.78819	1.79199	-0.26181	41.2616	0
14385	2.877	1.78819	1.79199	-0.26181	41.2607	0
14390	2.878	1.78819	1.79199	-0.26181	41.2596	0
14395	2.879	1.78819	1.79199	-0.26181	41.2585	0
14400	2.88	1.78819	1.79199	-0.26181	41.2573	0
14405	2.881	1.78819	1.79199	-0.26181	41.2571	0
14410	2.882	1.78819	1.79199	-0.26181	41.2588	0
14415	2.883	1.78819	1.79199	-0.261809	41.2608	0
14420	2.884	1.78819	1.79199	-0.26181	41.2623	0
14425	2.885	1.78819	1.79199	-0.26181	41.2633	0
14430	2.886	1.78819	1.79199	-0.26181	41.2637	0
14435	2.887	1.78819	1.79199	-0.26181	41.2637	0
14440	2.888	1.78819	1.79199	-0.26181	41.2636	0
14445	2.889	1.78819	1.79199	-0.26181	41.2631	0
14450	2.89	1.78819	1.79199	-0.26181	41.2625	0
14455	2.891	1.78819	1.79199	-0.26181	41.2617	0
14460	2.892	1.78819	1.79199	-0.26181	41.2608	0
14465	2.893	1.78819	1.79199	-0.26181	41.2598	0
14470	2.894	1.78819	1.79199	-0.26181	41.2587	0
14475	2.895	1.78819	1.79199	-0.26181	41.2575	0
14480	2.896	1.78819	1.79199	-0.26181	41.2563	0
14485	2.897	1.78819	1.79199	-0.26181	41.2581	0
14490	2.898	1.78819	1.79199	-0.26181	41.26	0
14495	2.899	1.78819	1.79199	-0.26181	41.2619	0
14500	2.9	1.78819	1.79199	-0.26181	41.2629	0
14505	2.901	1.78819	1.79199	-0.26181	41.2637	0
14510	2.902	1.78819	1.79199	-0.26181	41.2638	0
14515	2.903	1.78819	1.79199	-0.26181	41.2637	0
14520	2.904	1.78819	1.79199	-0.26181	41.2632	0
14525	2.905	1.78819	1.79199	-0.26181	41.2626	0
14530	2.906	1.78819	1.79199	-0.26181	41.2618	0
14535	2.907	1.78819	1.79199	-0.26181	41.2609	0
14540	2.908	1.78819	1.79199	-0.26181	41.26	0
14545	2.909	1.78819	1.79199	-0.26181	41.2589	0
14550	2.91	1.78819	1.79199	-0.26181	41.2578	0
14555	2.911	1.78819	1.79199	-0.26181	41.2566	0
14560	2.912	1.78819	1.79199	-0.26181	41.258	0
14565	2.913	1.78819	1.79199	-0.26181	41.2599	0
14570	2.914	1.78819	1.79199	-0.26181	41.2617	0
14575	2.915	1.78819	1.79199	-0.26181	41.2629	0
14580	2.916	1.78819	1.79199	-0.26181	41.2636	0
14585	2.917	1.78819	1.79199	-0.26181	41.2639	0
14590	2.918	1.78819	1.79199	-0.26181	41.2638	0
14595	2.919	1.78819	1.79199	-0.26181	41.2634	0
14600	2.92	1.78819	1.79199	-0.261809	41.2627	0
14605	2.921	1.78819	1.79199	-0.26181	41.2621	0
14610	2.922	1.78819	1.79199	-0.26181	41.2612	0
14615	2.923	1.78819	1.79199	-0.26181	41.2603	0
14620	2.924	1.78819	1.79199	-0.26181	41.2592	0
14625	2.925	1.78819	1.79199	-0.26181	41.258	0
14630	2.926	1.78819	1.79199	-0.26181	41.2568	0
14635	2.927	1.78819	1.79199	-0.26181	41.2578	0
14640	2.928	1.78819	1.79199	-0.26181	41.2597	0
14645	2.929	1.78819	1.79199	-0.261809	41.2614	0
14650	2.93	1.78819	1.79199	-0.26181	41.2628	0
14655	2.931	1.78819	1.79199	-0.26181	41.2636	0
14660	2.932	1.78819	1.79199	-0.26181	41.2641	0
14665	2.933	1.78819	1.79199	-0.26181	41.264	0
14670	2.934	1.78819	1.79199	-0.26181	41.2637	0
14675	2.935	1.78819	1.79199	-0.26181	41.263	0
14680	2.936	1.78819	1.79199	-0.26181	41.2623	0
14685	2.937	1.78819	1.79199	-0.26181	41.2614	0
14690	2.938	1.78819	1.79199	-0.261809	41.2605	0
14695	2.939	1.78819	1.79199	-0.26181	41.2595	0
14700	2.94	1.78819	1.79199	-0.26181	41.2583	0
14705	2.941	1.78819	1.79199	-0.26181	41.2572	0
14710	2.942	1.78819	1.79199	-0.26181	41.2575	0
14715	2.943	1.78819	1.79199	-0.26181	41.2596	0
14720	2.944	1.78819	1.79199	-0.26181	41.2613	0
14725	2.945	1.78819	1.79199	-0.26181	41.2628	0
14730	2.946	1.78819	1.79199	-0.26181	41.2636	0
14735	2.947	1.78819	1.79199	-0.261809	41.2641	0
14740	2.948	1.78819	1.79199	-0.26181	41.2641	0
14745	2.949	1.78819	1.79199	-0.26181	41.2638	0
14750	2.95	1.78819	1.79199	-0.26181	41.2632	0
14755	2.951	1.78819	1.79199	-0.26181	41.2625	0
14760	2.952	1.78819	1.79199	-0.26181	41.2616	0
14765	2.953	1.78819	1.79199	-0.26181	41.2607	0
14770	2.954	1.78819	1.79199	-0.26181	41.2597	0
14775	2.955	1.78819	1.79199	-0.26181	41.2586	0
14780	2.956	1.78819	1.79199	-0.26181	41.2575	0
14785	2.957	1.78819	1.79199	-0.26181	41.2571	0
14790	2.958	1.78819	1.79199	-0.26181	41.259	0
14795	2.959	1.78819	1.79199	-0.26181	41.2607	0
14800	2.96	1.78819	1.79199	-0.26181	41.2622	0
14805	2.961	1.78819	1.79199	-0.26181	41.2632	0
14810	2.962	1.78819	1.79199	-0.26181	41.2637	0
14815	2.963	1.78819	1.79199	-0.26181	41.264	0
14820	2.964	1.78819	1.79199	-0.26181	41.2637	0
14825	2.965	1.78819	1.79199	-0.26181	41.2633	0
14830	2.966	1.78819	1.79199	-0.26181	41.2625	0
14835	2.967	1.78819	1.79199	-0.26181	41.2618	0
14840	2.968	1.78819	1.79199	-0.26181	41.2608	0
14845	2.969	1.78819	1.79199	-0.26181	41.2598	0
14850	2.97	1.78819	1.79199	-0.26181	41.2588	0
14855	2.971	1.78819	1.79199	-0.26181	41.2576	0
14860	2.972	1.78819	1.79199	-0.26181	41.2564	0
14865	2.973	1.78819	1.79199	-0.26181	41.258	0
14870	2.974	1.78819	1.79199	-0.26181	41.26	0
14875	2.975	1.78819	1.79199	-0.26181	41.2616	0
14880	2.976	1.78819	1.79199	-0.26181	41.2628	0
14885	2.977	1.78819	1.79199	-0.26181	41.2634	0
14890	2.978	1.78819	1.79199	-0.26181	41.2638	0
14895	2.979	1.78819	1.79199	-0.26181	41.2636	0
14900	2.98	1.78819	1.79199	-0.26181	41.2632	0
14905	2.981	1.78819	1.79199	-0.26181	41.2625	0
14910	2.982	1.78819	1.79199	-0.26181	41.2617	0
14915	2.983	1.78819	1.79199	-0.26181	41.2608	0
14920	2.984	1.78819	1.79199	-0.26181	41.2598	0
14925	2.985	1.78819	1.79199	-0.26181	41.2588	0
14930	2.986	1.78819	1.79196	-0.26181	41.2577	0
14935	2.987	1.78819	1.79199	-0.26181	41.2566	0
14940	2.988	1.78819	1.79199	-0.26181	41.2578	0
14945	2.989	1.78819	1.79199	-0.26181	41.2599	0
14950	2.99	1.78819	1.79199	-0.26181	41.2614	0
14955	2.991	1.78819	1.79199	-0.26181	41.2627	0
14960	2.992	1.78819	1.79199	-0.26181	41.2633	0
14965	2.993	1.78819	1.79199	-0.26181	41.2637	0
14970	2.994	1.78819	1.79199	-0.26181	41.2637	0
14975	2.995	1.78819	1.79199	-0.26181	41.2633	0
14980	2.996	1.78819	1.79199	-0.26181	41.2627	0
14985	2.997	1.78819	1.79199	-0.26181	41.2619	0
14990	2.998	1.78819	1.79199	-0.26181	41.2611	0
14995	2.999	1.78819	1.79199	-0.26181	41.2601	0
15000	3	1.78819	1.79199	-0.26181	41.2591	0
15005	3.001	1.78819	1.79199	-0.26181	41.258	0
15010	3.002	1.78819	1.79199	-0.26181	41.2569	0
15015	3.003	1.78819	1.79199	-0.26181	41.2577	0
15020	3.004	1.78819	1.79199	-0.26181	41.2596	0
15025	3.005	1.78819	1.79199	-0.26181	41.2613	0
15030	3.006	1.78819	1.79199	-0.26181	41.2625	0
15035	3.007	1.78819	1.79199	-0.26181	41.2633	0
15040	3.008	1.78819	1.79199	-0.26181	41.2637	0
15045	3.009	1.78819	1.79199	-0.26181	41.2639	0
15050	3.01	1.78819	1.79199	-0.26181	41.2635	0
15055	3.011	1.78819	1.79199	-0.26181	41.263	0
15060	3.012	1.78819	1.79199	-0.26181	41.2622	0
15065	3.013	1.78819	1.79199	-0.26181	41.2613	0
15070	3.014	1.78819	1.79199	-0.26181	41.2604	0
15075	3.015	1.78819	1.79199	-0.26181	41.2593	0
15080	3.016	1.78819	1.79199	-0.26181	41.2583	0
15085	3.017	1.78819	1.79199	-0.26181	41.2571	0
15090	3.018	1.78819	1.79199	-0.26181	41.2575	0
15095	3.019	1.78819	1.79199	-0.26181	41.2592	0
15100	3.02	1.78819	1.79199	-0.26181	41.2612	0
15105	3.021	1.78819	1.79199	-0.26181	41.2624	0
15110	3.022	1.78819	1.79199	-0.26181	41.2634	0
15115	3.023	1.78819	1.79196	-0.26181	41.2637	0
15120	3.024	1.78819	1.79199	-0.26181	41.2639	0
15125	3.025	1.78819	1.79199	-0.26181	41.2637	0
15130	3.026	1.78819	1.79199	-0.26181	41.2631	0
15135	3.027	1.78819	1.79199	-0.26181	41.2624	0
15140	3.028	1.78819	1.79199	-0.26181	41.2615	0
15145	3.029	1.78819	1.79199	-0.26181	41.2606	0
15150	3.03	1.78819	1.79199	-0.26181	41.2595	0
15155	3.031	1.78819	1.79199	-0.26181	41.2585	0
15160	3.032	1.78819	1.79199	-0.26181	41.2574	0
15165	3.033	1.78819	1.79199	-0.26181	41.2571	0
15170	3.034	1.78819	1.79199	-0.26181	41.2588	0
15175	3.035	1.78819	1.79199	-0.26181	41.2606	0
15180	3.036	1.78819	1.79199	-0.26181	41.262	0
15185	3.037	1.78819	1.79199	-0.26181	41.2629	0
15190	3.038	1.78819	1.79199	-0.26181	41.2634	0
15195	3.039	1.78819	1.79199	-0.26181	41.2636	0
15200	3.04	1.78819	1.79199	-0.26181	41.2635	0
15205	3.041	1.78819	1.79196	-0.26181	41.2631	0
15210	3.042	1.78819	1.79199	-0.26181	41.2625	0
15215	3.043	1.78819	1.79199	-0.26181	41.2616	0
15220	3.044	1.78819	1.79199	-0.26181	41.2607	0
15225	3.045	1.78819	1.79199	-0.26181	41.2597	0
15230	3.046	1.78819	1.79199	-0.26181	41.2586	0
15235	3.047	1.78819	1.79199	-0.26181	41.2575	0
15240	3.048	1.78819	1.79199	-0.26181	41.2564	0
15245	3.049	1.78819	1.79199	-0.26181	41.2579	0
15250	3.05	1.78819	1.79196	-0.26181	41.2598	0
15255	3.051	1.78819	1.79199	-0.26181	41.2613	0
15260	3.052	1.78819	1.79199	-0.26181	41.2623	0
15265	3.053	1.78819	1.79199	-0.26181	41.2631	0
15270	3.054	1.78819	1.79199	-0.261809	41.2633	0
15275	3.055	1.78819	1.79199	-0.26181	41.2634	0
15280	3.056	1.78819	1.79199	-0.26181	41.263	0
15285	3.057	1.78819	1.79199	-0.26181	41.2624	0
15290	3.058	1.78819	1.79199	-0.26181	41.2616	0
15295	3.059	1.78819	1.79196	-0.26181	41.2607	0
15300	3.06	1.78819	1.79199	-0.26181	41.2597	0
15305	3.061	1.78819	1.79199	-0.26181	41.2586	0
15310	3.062	1.78819	1.79199	-0.26181	41.2576	0
15315	3.063	1.78819	1.79199	-0.261809	41.2565	0
15320	3.064	1.78819	1.79199	-0.26181	41.2581	0
15325	3.065	1.78819	1.79199	-0.26181	41.26	0
15330	3.066	1.78819	1.79199	-0.26181	41.2616	0
15335	3.067	1.78819	1.79199	-0.26181	41.2626	0
15340	3.068	1.78819	1.79199	-0.26181	41.2633	0
15345	3.069	1.78819	1.79199	-0.26181	41.2635	0
15350	3.07	1.78819	1.79199	-0.26181	41.2635	0
15355	3.071	1.78819	1.79199	-0.26181	41.2632	0
15360	3.072	1.78819	1.79199	-0.26181	41.2626	0
15365	3.073	1.78819	1.79199	-0.26181	41.2619	0
15370	3.074	1.78819	1.79199	-0.26181	41.2609	0
15375	3.075	1.78819	1.79199	-0.26181	41.26	0
15380	3.076	1.78819	1.79199	-0.26181	41.2589	0
15385	3.077	1.78819	1.79199	-0.26181	41.2579	0
15390	3.078	1.78819	1.79199	-0.26181	41.2567	0
15395	3.079	1.78819	1.79199	-0.26181	41.2578	0
15400	3.08	1.78819	1.79199	-0.26181	41.2598	0
15405	3.081	1.78819	1.79199	-0.261809	41.2615	0
15410	3.082	1.78819	1.79199	-0.26181	41.2626	0
15415	3.083	1.78819	1.79199	-0.26181	41.2633	0
15420	3.084	1.78819	1.79199	-0.26181	41.2636	0
15425	3.085	1.78819	1.79199	-0.26181	41.2636	0
15430	3.086	1.78819	1.79199	-0.26181	41.2635	0
15435	3.087	1.78819	1.79199	-0.26181	41.2629	0
15440	3.088	1.78819	1.79199	-0.26181	41.2622	0
15445	3.089	1.78819	1.79199	-0.26181	41.2613	0
15450	3.09	1.78819	1.79199	-0.26181	41.2603	0
15455	3.091	1.78819	1.79199	-0.26181	41.2592	0
15460	3.092	1.78819	1.79199	-0.26181	41.2581	0
15465	3.093	1.78819	1.79199	-0.26181	41.257	0
15470	3.094	1.78819	1.79199	-0.26181	41.2575	0
15475	3.095	1.78819	1.79199	-0.26181	41.2595	0
15480	3.096	1.78819	1.79199	-0.26181	41.2613	0
15485	3.097	1.78819	1.79199	-0.26181	41.2627	0
15490	3.098	1.78819	1.79199	-0.26181	41.2634	0
15495	3.099	1.78819	1.79199	-0.26181	41.2638	0
15500	3.1	1.78819	1.79199	-0.26181	41.2638	0
15505	3.101	1.78819	1.79199	-0.26181	41.2636	0
15510	3.102	1.78819	1.79199	-0.26181	41.2631	0
15515	3.103	1.78819	1.79199	-0.26181	41.2624	0
15520	3.104	1.78819	1.79199	-0.26181	41.2615	0
15525	3.105	1.78819	1.79199	-0.26181	41.2605	0
15530	3.106	1.78819	1.79199	-0.26181	41.2595	0
15535	3.107	1.78819	1.79199	-0.26181	41.2584	0
15540	3.108	1.78819	1.79199	-0.26181	41.2573	0
15545	3.109	1.78819	1.79199	-0.26181	41.257	0
15550	3.11	1.78819	1.79199	-0.26181	41.2591	0
15555	3.111	1.78819	1.79199	-0.26181	41.261	0
15560	3.112	1.78819	1.79199	-0.26181	41.2624	0
15565	3.113	1.78819	1.79199	-0.26181	41.2632	0
15570	3.114	1.78819	1.79199	-0.26181	41.2636	0
15575	3.115	1.78819	1.79199	-0.26181	41.2637	0
15580	3.116	1.78819	1.79199	-0.26181	41.2635	0
15585	3.117	1.78819	1.79199	-0.26181	41.2631	0
15590	3.118	1.78819	1.79199	-0.261809	41.2625	0
15595	3.119	1.78819	1.79199	-0.26181	41.2617	0
15600	3.12	1.78819	1.79199	-0.26181	41.2607	0
15605	3.121	1.78819	1.79199	-0.26181	41.2597	0
15610	3.122	1.78819	1.79199	-0.26181	41.2586	0
15615	3.123	1.78819	1.79199	-0.26181	41.2575	0
15620	3.124	1.78819	1.79199	-0.26181	41.2563	0
15625	3.125	1.78819	1.79199	-0.26181	41.2581	0
15630	3.126	1.78819	1.79199	-0.26181	41.2602	0
15635	3.127	1.78819	1.79199	-0.261809	41.2618	0
15640	3.128	1.78819	1.79199	-0.261809	41.2628	0
15645	3.129	1.78819	1.79199	-0.26181	41.2632	0
15650	3.13	1.78819	1.79199	-0.26181	41.2635	0
15655	3.131	1.78819	1.79199	-0.26181	41.2633	0
15660	3.132	1.78819	1.79199	-0.26181	41.263	0
15665	3.133	1.78819	1.79199	-0.26181	41.2624	0
15670	3.134	1.78819	1.79199	-0.26181	41.2618	0
15675	3.135	1.78819	1.79199	-0.26181	41.2608	0
15680	3.136	1.78819	1.79199	-0.261809	41.2598	0
15685	3.137	1.78819	1.79199	-0.26181	41.2587	0
15690	3.138	1.78819	1.79199	-0.26181	41.2576	0
15695	3.139	1.78819	1.79199	-0.26181	41.2565	0
15700	3.14	1.78819	1.79199	-0.26181	41.2579	0
15705	3.141	1.78819	1.79199	-0.26181	41.2601	0
15710	3.142	1.78819	1.79199	-0.26181	41.2618	0
15715	3.143	1.78819	1.79199	-0.26181	41.2632	0
15720	3.144	1.78819	1.79199	-0.26181	41.2639	0
15725	3.145	1.78819	1.79199	-0.261809	41.2642	0
15730	3.146	1.78819	1.79199	-0.26181	41.264	0
15735	3.147	1.78819	1.79199	-0.26181	41.2636	0
15740	3.148	1.78819	1.79199	-0.26181	41.263	0
15745	3.149	1.78819	1.79199	-0.26181	41.2622	0
15750	3.15	1.78819	1.79199	-0.26181	41.2614	0
15755	3.151	1.78819	1.79199	-0.26181	41.2603	0
15760	3.152	1.78819	1.79199	-0.26181	41.2593	0
15765	3.153	1.78819	1.79199	-0.26181	41.2581	0
15770	3.154	1.78819	1.79199	-0.26181	41.257	0
15775	3.155	1.78819	1.79199	-0.26181	41.2579	0
15780	3.156	1.78819	1.79199	-0.26181	41.2599	0
15785	3.157	1.78819	1.79199	-0.26181	41.2617	0
15790	3.158	1.78819	1.79199	-0.26181	41.263	0
15795	3.159	1.78819	1.79199	-0.26181	41.2638	0
15800	3.16	1.78819	1.79199	-0.26181	41.2641	0
15805	3.161	1.78819	1.79199	-0.26181	41.264	0
15810	3.162	1.78819	1.79199	-0.26181	41.2636	0
15815	3.163	1.78819	1.79199	-0.26181	41.2632	0
15820	3.164	1.78819	1.79199	-0.26181	41.2624	0
15825	3.165	1.78819	1.79199	-0.26181	41.2616	0
15830	3.166	1.78819	1.79199	-0.26181	41.2606	0
15835	3.167	1.78819	1.79199	-0.26181	41.2595	0
15840	3.168	1.78819	1.79199	-0.26181	41.2583	0
15845	3.169	1.78819	1.79199	-0.26181	41.2571	0
15850	3.17	1.78819	1.79199	-0.26181	41.2575	0
15855	3.171	1.78819	1.79199	-0.26181	41.2594	0
15860	3.172	1.78819	1.79199	-0.26181	41.2613	0
15865	3.173	1.78819	1.79199	-0.26181	41.2627	0
15870	3.174	1.78819	1.79199	-0.26181	41.2638	0
15875	3.175	1.78819	1.79199	-0.26181	41.2641	0
15880	3.176	1.78819	1.79199	-0.26181	41.2641	0
15885	3.177	1.78819	1.79199	-0.26181	41.2637	0
15890	3.178	1.78819	1.79199	-0.26181	41.2632	0
15895	3.179	1.78819	1.79199	-0.26181	41.2625	0
15900	3.18	1.78819	1.79199	-0.26181	41.2617	0
15905	3.181	1.78819	1.79199	-0.26181	41.2608	0
15910	3.182	1.78819	1.79199	-0.26181	41.2597	0
15915	3.183	1.78819	1.79199	-0.26181	41.2585	0
15920	3.184	1.78819	1.79196	-0.26181	41.2574	0
15925	3.185	1.78819	1.79199	-0.26181	41.2571	0
15930	3.186	1.78819	1.79199	-0.26181	41.2588	0
15935	3.187	1.78819	1.79199	-0.26181	41.2609	0
15940	3.188	1.78819	1.79199	-0.26181	41.2623	0
15945	3.189	1.78819	1.79199	-0.26181	41.2634	0
15950	3.19	1.78819	1.79199	-0.26181	41.2639	0
15955	3.191	1.78819	1.79199	-0.26181	41.2639	0
15960	3.192	1.78819	1.79199	-0.26181	41.2636	0
15965	3.193	1.78819	1.79199	-0.26181	41.2631	0
15970	3.194	1.78819	1.79199	-0.26181	41.2625	0
15975	3.195	1.78819	1.79199	-0.26181	41.2617	0
15980	3.196	1.78819	1.79199	-0.26181	41.2609	0
15985	3.197	1.78819	1.79199	-0.26181	41.2598	0
15990	3.198	1.78819	1.79199	-0.26181	41.2587	0
15995	3.199	1.78819	1.79199	-0.26181	41.2575	0
16000	3.2	1.78819	1.79199	-0.26181	41.2564	0
16005	3.201	1.78819	1.79199	-0.26181	41.258	0
16010	3.202	1.78819	1.79199	-0.26181	41.26	0
16015	3.203	1.78819	1.79199	-0.26181	41.2616	0
16020	3.204	1.78819	1.79199	-0.26181	41.2627	0
16025	3.205	1.78819	1.79199	-0.26181	41.2635	0
16030	3.206	1.78819	1.79199	-0.26181	41.2636	0
16035	3.207	1.78819	1.79199	-0.26181	41.2635	0
16040	3.208	1.78819	1.79199	-0.26181	41.2631	0
16045	3.209	1.78819	1.79199	-0.26181	41.2625	0
16050	3.21	1.78819	1.79199	-0.26181	41.2617	0
16055	3.211	1.78819	1.79199	-0.26181	41.2609	0
16060	3.212	1.78819	1.79199	-0.26181	41.2599	0
16065	3.213	1.78819	1.79199	-0.26181	41.2588	0
16070	3.214	1.78819	1.79199	-0.26181	41.2576	0
16075	3.215	1.78819	1.79199	-0.26181	41.2565	0
16080	3.216	1.78819	1.79199	-0.26181	41.2579	0
16085	3.217	1.78819	1.79199	-0.26181	41.2598	0
16090	3.218	1.78819	1.79199	-0.26181	41.2617	0
16095	3.219	1.78819	1.79199	-0.26181	41.2628	0
16100	3.22	1.78819	1.79199	-0.26181	41.2637	0
16105	3.221	1.78819	1.79196	-0.26181	41.2639	0
16110	3.222	1.78819	1.79199	-0.26181	41.2638	0
16115	3.223	1.78819	1.79199	-0.26181	41.2633	0
16120	3.224	1.78819	1.79199	-0.26181	41.2627	0
16125	3.225	1.78819	1.79199	-0.26181	41.262	0
16130	3.226	1.78819	1.79199	-0.26181	41.2611	0
16135	3.227	1.78819	1.79199	-0.26181	41.2602	0
16140	3.228	1.78819	1.79199	-0.26181	41.2591	0
16145	3.229	1.78819	1.79199	-0.26181	41.258	0
16150	3.23	1.78819	1.79199	-0.26181	41.2568	0
16155	3.231	1.78819	1.79199	-0.26181	41.2578	0
16160	3.232	1.78819	1.79199	-0.26181	41.2597	0
16165	3.233	1.78819	1.79199	-0.26181	41.2615	0
16170	3.234	1.78819	1.79199	-0.26181	41.2627	0
16175	3.235	1.78819	1.79199	-0.26181	41.2636	0
16180	3.236	1.78819	1.79199	-0.26181	41.264	0
16185	3.237	1.78819	1.79199	-0.26181	41.2639	0
16190	3.238	1.78819	1.79199	-0.26181	41.2635	0
16195	3.239	1.78819	1.79196	-0.26181	41.2629	0
16200	3.24	1.78819	1.79199	-0.26181	41.2623	0
16205	3.241	1.78819	1.79199	-0.26181	41.2614	0
16210	3.242	1.78819	1.79199	-0.26181	41.2605	0
16215	3.243	1.78819	1.79199	-0.26181	41.2594	0
16220	3.244	1.78819	1.79199	-0.26181	41.2583	0
16225	3.245	1.78819	1.79199	-0.26181	41.2571	0
16230	3.246	1.78819	1.79199	-0.26181	41.2575	0
16235	3.247	1.78819	1.79199	-0.26181	41.2594	0
16240	3.248	1.78819	1.79196	-0.26181	41.2612	0
16245	3.249	1.78819	1.79199	-0.26181	41.2626	0
16250	3.25	1.78819	1.79199	-0.26181	41.2634	0
16255	3.251	1.78819	1.79199	-0.26181	41.2641	0
16260	3.252	1.78819	1.79199	-0.261809	41.264	0
16265	3.253	1.78819	1.79199	-0.26181	41.2638	0
16270	3.254	1.78819	1.79199	-0.26181	41.2632	0
16275	3.255	1.78819	1.79199	-0.26181	41.2625	0
16280	3.256	1.78819	1.79199	-0.26181	41.2616	0
16285	3.257	1.78819	1.79196	-0.26181	41.2607	0
16290	3.258	1.78819	1.79199	-0.26181	41.2597	0
16295	3.259	1.78819	1.79199	-0.26181	41.2585	0
16300	3.26	1.78819	1.79199	-0.26181	41.2574	0
16305	3.261	1.78819	1.79199	-0.261809	41.2571	0
16310	3.262	1.78819	1.79199	-0.26181	41.259	0
16315	3.263	1.78819	1.79199	-0.26181	41.2608	0
16320	3.264	1.78819	1.79199	-0.26181	41.2623	0
16325	3.265	1.78819	1.79199	-0.26181	41.2633	0
16330	3.266	1.78819	1.79199	-0.26181	41.2639	0
16335	3.267	1.78819	1.79199	-0.26181	41.264	0
16340	3.268	1.78819	1.79199	-0.26181	41.2638	0
16345	3.269	1.78819	1.79199	-0.26181	41.2632	0
16350	3.27	1.78819	1.79199	-0.26181	41.2625	0
16355	3.271	1.78819	1.79199	-0.26181	41.2617	0
16360	3.272	1.78819	1.79199	-0.26181	41.2608	0
16365	3.273	1.78819	1.79199	-0.26181	41.2599	0
16370	3.274	1.78819	1.79199	-0.26181	41.2588	0
16375	3.275	1.78819	1.79199	-0.26181	41.2577	0
16380	3.276	1.78819	1.79199	-0.26181	41.2565	0
16385	3.277	1.78819	1.79199	-0.26181	41.2581	0
16390	3.278	1.78819	1.79199	-0.26181	41.26	0
16395	3.279	1.78819	1.79199	-0.261809	41.2616	0
16400	3.28	1.78819	1.79199	-0.26181	41.2627	0
16405	3.281	1.78819	1.79199	-0.26181	41.2633	0
16410	3.282	1.78819	1.79199	-0.26181	41.2636	0
16415	3.283	1.78819	1.79199	-0.26181	41.2635	0
16420	3.284	1.78819	1.79199	-0.26181	41.2631	0
16425	3.285	1.78819	1.79199	-0.26181	41.2624	0
16430	3.286	1.78819	1.79199	-0.26181	41.2617	0
16435	3.287	1.78819	1.79199	-0.26181	41.2608	0
16440	3.288	1.78819	1.79199	-0.26181	41.2598	0
16445	3.289	1.78819	1.79199	-0.26181	41.2588	0
16450	3.29	1.78819	1.79199	-0.26181	41.2577	0
16455	3.291	1.78819	1.79199	-0.26181	41.2565	0
16460	3.292	1.78819	1.79199	-0.26181	41.2578	0
16465	3.293	1.78819	1.79199	-0.26181	41.2598	0
16470	3.294	1.78819	1.79199	-0.26181	41.2614	0
16475	3.295	1.78819	1.79199	-0.26181	41.2627	0
16480	3.296	1.78819	1.79199	-0.26181	41.2634	0
16485	3.297	1.78819	1.79199	-0.26181	41.2638	0
16490	3.298	1.78819	1.79199	-0.26181	41.2638	0
16495	3.299	1.78819	1.79199	-0.26181	41.2634	0
16500	3.3	1.78819	1.79199	-0.26181	41.2627	0
16505	3.301	1.78819	1.79199	-0.26181	41.262	0
16510	3.302	1.78819	1.79199	-0.26181	41.2611	0
16515	3.303	1.78819	1.79199	-0.26181	41.2601	0
16520	3.304	1.78819	1.79199	-0.26181	41.2591	0
16525	3.305	1.78819	1.79199	-0.26181	41.258	0
16530	3.306	1.78819	1.79199	-0.26181	41.2569	0
16535	3.307	1.78819	1.79199	-0.26181	41.2577	0
16540	3.308	1.78819	1.79199	-0.26181	41.2598	0
16545	3.309	1.78819	1.79199	-0.26181	41.2614	0
16550	3.31	1.78819	1.79199	-0.26181	41.2626	0
16555	3.311	1.78819	1.79199	-0.26181	41.2634	0
16560	3.312	1.78819	1.79199	-0.26181	41.2638	0
16565	3.313	1.78819	1.79199	-0.26181	41.2638	0
16570	3.314	1.78819	1.79199	-0.26181	41.2635	0
16575	3.315	1.78819	1.79199	-0.26181	41.2629	0
16580	3.316	1.78819	1.79199	-0.261809	41.2621	0
16585	3.317	1.78819	1.79199	-0.26181	41.2613	0
16590	3.318	1.78819	1.79199	-0.26181	41.2604	0
16595	3.319	1.78819	1.79199	-0.26181	41.2594	0
16600	3.32	1.78819	1.79199	-0.26181	41.2583	0
16605	3.321	1.78819	1.79199	-0.26181	41.2572	0
16610	3.322	1.78819	1.79199	-0.26181	41.2575	0
16615	3.323	1.78819	1.79199	-0.26181	41.2594	0
16620	3.324	1.78819	1.79199	-0.26181	41.2611	0
16625	3.325	1.78819	1.79199	-0.261809	41.2623	0
16630	3.326	1.78819	1.79199	-0.26181	41.2632	0
16635	3.327	1.78819	1.79199	-0.26181	41.2636	0
16640	3.328	1.78819	1.79199	-0.26181	41.2639	0
16645	3.329	1.78819	1.79199	-0.26181	41.2637	0
16650	3.33	1.78819	1.79199	-0.26181	41.2632	0
16655	3.331	1.78819	1.79199	-0.26181	41.2624	0
16660	3.332	1.78819	1.79199	-0.26181	41.2615	0
16665	3.333	1.78819	1.79199	-0.26181	41.2606	0
16670	3.334	1.78819	1.79199	-0.261809	41.2595	0
16675	3.335	1.78819	1.79199	-0.26181	41.2585	0
16680	3.336	1.78819	1.79199	-0.26181	41.2574	0
16685	3.337	1.78819	1.79199	-0.26181	41.2571	0
16690	3.338	1.78819	1.79199	-0.26181	41.2588	0
16695	3.339	1.78819	1.79199	-0.26181	41.2607	0
16700	3.34	1.78819	1.79199	-0.26181	41.262	0
16705	3.341	1.78819	1.79199	-0.26181	41.2631	0
16710	3.342	1.78819	1.79199	-0.26181	41.2635	0
16715	3.343	1.78819	1.79199	-0.261809	41.2637	0
16720	3.344	1.78819	1.79199	-0.26181	41.2636	0
16725	3.345	1.78819	1.79199	-0.26181	41.2631	0
16730	3.346	1.78819	1.79199	-0.26181	41.2624	0
16735	3.347	1.78819	1.79199	-0.26181	41.2616	0
16740	3.348	1.78819	1.79199	-0.26181	41.2607	0
16745	3.349	1.78819	1.79199	-0.26181	41.2596	0
16750	3.35	1.78819	1.79199	-0.26181	41.2586	0
16755	3.351	1.78819	1.79199	-0.26181	41.2575	0
16760	3.352	1.78819	1.79199	-0.26181	41.2564	0
16765	3.353	1.78819	1.79199	-0.26181	41.258	0
16770	3.354	1.78819	1.79199	-0.26181	41.2599	0
16775	3.355	1.78819	1.79199	-0.26181	41.2613	0
16780	3.356	1.78819	1.79199	-0.26181	41.2624	0
16785	3.357	1.78819	1.79199	-0.26181	41.263	0
16790	3.358	1.78819	1.79199	-0.26181	41.2632	0
16795	3.359	1.78819	1.79199	-0.26181	41.2632	0
16800	3.36	1.78819	1.79199	-0.26181	41.2629	0
16805	3.361	1.78819	1.79199	-0.26181	41.2623	0
16810	3.362	1.78819	1.79199	-0.26181	41.2615	0
16815	3.363	1.78819	1.79199	-0.26181	41.2606	0
16820	3.364	1.78819	1.79199	-0.26181	41.2596	0
16825	3.365	1.78819	1.79199	-0.26181	41.2586	0
16830	3.366	1.78819	1.79199	-0.26181	41.2575	0
16835	3.367	1.78819	1.79199	-0.26181	41.2564	0
16840	3.368	1.78819	1.79199	-0.26181	41.2578	0
16845	3.369	1.78819	1.79199	-0.26181	41.2598	0
16850	3.37	1.78819	1.79199	-0.26181	41.2614	0
16855	3.371	1.78819	1.79199	-0.26181	41.2624	0
16860	3.372	1.78819	1.79199	-0.26181	41.2632	0
16865	3.373	1.78819	1.79199	-0.26181	41.2634	0
16870	3.374	1.78819	1.79199	-0.26181	41.2635	0
16875	3.375	1.78819	1.79199	-0.26181	41.2631	0
16880	3.376	1.78819	1.79199	-0.26181	41.2627	0
16885	3.377	1.78819	1.79199	-0.26181	41.2619	0
16890	3.378	1.78819	1.79199	-0.26181	41.261	0
16895	3.379	1.78819	1.79199	-0.26181	41.26	0
16900	3.38	1.78819	1.79199	-0.26181	41.2589	0
16905	3.381	1.78819	1.79199	-0.26181	41.2578	0
16910	3.382	1.78819	1.79196	-0.26181	41.2567	0
16915	3.383	1.78819	1.79199	-0.26181	41.2578	0
16920	3.384	1.78819	1.79199	-0.26181	41.2598	0
16925	3.385	1.78819	1.79199	-0.26181	41.2616	0
16930	3.386	1.78819	1.79199	-0.26181	41.2626	0
16935	3.387	1.78819	1.79199	-0.26181	41.2634	0
16940	3.388	1.78819	1.79199	-0.26181	41.2636	0
16945	3.389	1.78819	1.79199	-0.26181	41.2636	0
16950	3.39	1.78819	1.79199	-0.26181	41.2633	0
16955	3.391	1.78819	1.79199	-0.26181	41.2629	0
16960	3.392	1.78819	1.79199	-0.26181	41.2622	0
16965	3.393	1.78819	1.79199	-0.26181	41.2612	0
16970	3.394	1.78819	1.79199	-0.26181	41.2603	0
16975	3.395	1.78819	1.79199	-0.26181	41.2592	0
16980	3.396	1.78819	1.79199	-0.26181	41.2582	0
16985	3.397	1.78819	1.79199	-0.26181	41.257	0
16990	3.398	1.78819	1.79199	-0.26181	41.2575	0
16995	3.399	1.78819	1.79199	-0.26181	41.2594	0
17000	3.4	1.78819	1.79199	-0.26181	41.2614	0
17005	3.401	1.78819	1.79199	-0.26181	41.2629	0
17010	3.402	1.78819	1.79199	-0.26181	41.2638	0
17015	3.403	1.78819	1.79199	-0.26181	41.2644	0
17020	3.404	1.78819	1.79199	-0.26181	41.2646	0
17025	3.405	1.78819	1.79199	-0.26181	41.2645	0
17030	3.406	1.78819	1.79199	-0.26181	41.2641	0
17035	3.407	1.78819	1.79199	-0.26181	41.2635	0
17040	3.408	1.78819	1.79199	-0.26181	41.2625	0
17045	3.409	1.78819	1.79199	-0.26181	41.2616	0
17050	3.41	1.78819	1.79199	-0.26181	41.2604	0
17055	3.411	1.78819	1.79199	-0.26181	41.2593	0
17060	3.412	1.78819	1.79199	-0.26181	41.2582	0
17065	3.413	1.78819	1.79199	-0.26181	41.2579	0
17070	3.414	1.78819	1.79199	-0.26181	41.2598	0
17075	3.415	1.78819	1.79199	-0.26181	41.2618	0
17080	3.416	1.78819	1.79199	-0.26181	41.2636	0
17085	3.417	1.78819	1.79199	-0.26181	41.2645	0
17090	3.418	1.78819	1.79199	-0.26181	41.265	0
17095	3.419	1.78819	1.79196	-0.26181	41.2649	0
17100	3.42	1.78819	1.79199	-0.26181	41.2647	0
17105	3.421	1.78819	1.79199	-0.26181	41.2641	0
17110	3.422	1.78819	1.79199	-0.26181	41.2635	0
17115	3.423	1.78819	1.79199	-0.26181	41.2626	0
17120	3.424	1.78819	1.79199	-0.26181	41.2616	0
17125	3.425	1.78819	1.79199	-0.26181	41.2605	0
17130	3.426	1.78819	1.79199	-0.26181	41.2593	0
17135	3.427	1.78819	1.79199	-0.26181	41.2582	0
17140	3.428	1.78819	1.79199	-0.26181	41.257	0
17145	3.429	1.78819	1.79199	-0.26181	41.2588	0
17150	3.43	1.78819	1.79199	-0.26181	41.2607	0
17155	3.431	1.78819	1.79199	-0.26181	41.2624	0
17160	3.432	1.78819	1.79199	-0.26181	41.2635	0
17165	3.433	1.78819	1.79199	-0.26181	41.2641	0
17170	3.434	1.78819	1.79199	-0.26181	41.2641	0
17175	3.435	1.78819	1.79199	-0.26181	41.2639	0
17180	3.436	1.78819	1.79199	-0.26181	41.2635	0
17185	3.437	1.78819	1.79196	-0.26181	41.2629	0
17190	3.438	1.78819	1.79199	-0.26181	41.2622	0
17195	3.439	1.78819	1.79199	-0.26181	41.2612	0
17200	3.44	1.78819	1.79199	-0.26181	41.2602	0
17205	3.441	1.78819	1.79199	-0.26181	41.259	0
17210	3.442	1.78819	1.79199	-0.26181	41.2579	0
17215	3.443	1.78819	1.79199	-0.26181	41.2567	0
17220	3.444	1.78819	1.79199	-0.26181	41.2581	0
17225	3.445	1.78819	1.79199	-0.26181	41.2601	0
17230	3.446	1.78819	1.79196	-0.26181	41.2618	0
17235	3.447	1.78819	1.79199	-0.26181	41.2631	0
17240	3.448	1.78819	1.79199	-0.26181	41.2637	0
17245	3.449	1.78819	1.79199	-0.26181	41.264	0
17250	3.45	1.78819	1.79199	-0.261809	41.2638	0
17255	3.451	1.78819	1.79199	-0.26181	41.2635	0
17260	3.452	1.78819	1.79199	-0.26181	41.2629	0
17265	3.453	1.78819	1.79199	-0.26181	41.2622	0
17270	3.454	1.78819	1.79199	-0.26181	41.2613	0
17275	3.455	1.78819	1.79196	-0.26181	41.2603	0
17280	3.456	1.78819	1.79199	-0.26181	41.2591	0
17285	3.457	1.78819	1.79199	-0.26181	41.258	0
17290	3.458	1.78819	1.79199	-0.26181	41.2569	0
17295	3.459	1.78819	1.79199	-0.261809	41.2578	0
17300	3.46	1.78819	1.79199	-0.26181	41.26	0
17305	3.461	1.78819	1.79199	-0.26181	41.2617	0
17310	3.462	1.78819	1.79199	-0.26181	41.2631	0
17315	3.463	1.78819	1.79199	-0.26181	41.2639	0
17320	3.464	1.78819	1.79199	-0.26181	41.2642	0
17325	3.465	1.78819	1.79199	-0.26181	41.264	0
17330	3.466	1.78819	1.79199	-0.26181	41.2637	0
17335	3.467	1.78819	1.79199	-0.26181	41.2631	0
17340	3.468	1.78819	1.79199	-0.26181	41.2624	0
17345	3.469	1.78819	1.79199	-0.26181	41.2616	0
17350	3.47	1.78819	1.79199	-0.26181	41.2605	0
17355	3.471	1.78819	1.79199	-0.26181	41.2595	0
17360	3.472	1.78819	1.79199	-0.26181	41.2583	0
17365	3.473	1.78819	1.79199	-0.26181	41.2572	0
17370	3.474	1.78819	1.79199	-0.26181	41.2576	0
17375	3.475	1.78819	1.79199	-0.26181	41.2596	0
17380	3.476	1.78819	1.79199	-0.26181	41.2613	0
17385	3.477	1.78819	1.79199	-0.261809	41.2628	0
17390	3.478	1.78819	1.79199	-0.26181	41.2637	0
17395	3.479	1.78819	1.79199	-0.26181	41.264	0
17400	3.48	1.78819	1.79199	-0.26181	41.264	0
17405	3.481	1.78819	1.79199	-0.26181	41.2636	0
17410	3.482	1.78819	1.79199	-0.26181	41.2632	0
17415	3.483	1.78819	1.79199	-0.26181	41.2625	0
17420	3.484	1.78819	1.79199	-0.26181	41.2617	0
17425	3.485	1.78819	1.79199	-0.26181	41.2608	0
17430	3.486	1.78819	1.79199	-0.26181	41.2597	0
17435	3.487	1.78819	1.79199	-0.26181	41.2585	0
17440	3.488	1.78819	1.79199	-0.26181	41.2574	0
17445	3.489	1.78819	1.79199	-0.26181	41.2571	0
17450	3.49	1.78819	1.79199	-0.26181	41.2589	0
17455	3.491	1.78819	1.79199	-0.26181	41.2609	0
17460	3.492	1.78819	1.79199	-0.26181	41.2623	0
17465	3.493	1.78819	1.79199	-0.26181	41.2635	0
17470	3.494	1.78819	1.79199	-0.26181	41.2639	0
17475	3.495	1.78819	1.79199	-0.26181	41.264	0
17480	3.496	1.78819	1.79199	-0.26181	41.2637	0
17485	3.497	1.78819	1.79199	-0.26181	41.2632	0
17490	3.498	1.78819	1.79199	-0.26181	41.2625	0
17495	3.499	1.78819	1.79199	-0.26181	41.2618	0
17500	3.5	1.78819	1.79199	-0.26181	41.2609	0
17505	3.501	1.78819	1.79199	-0.26181	41.2598	0
17510	3.502	1.78819	1.79199	-0.26181	41.2587	0
17515	3.503	1.78819	1.79199	-0.26181	41.2575	0
17520	3.504	1.78819	1.79199	-0.26181	41.2564	0
17525	3.505	1.78819	1.79199	-0.26181	41.258	0
17530	3.506	1.78819	1.79199	-0.26181	41.2601	0
17535	3.507	1.78819	1.79199	-0.26181	41.2617	0
17540	3.508	1.78819	1.79199	-0.26181	41.2629	0
17545	3.509	1.78819	1.79199	-0.26181	41.2635	0
17550	3.51	1.78819	1.79199	-0.26181	41.2637	0
17555	3.511	1.78819	1.79199	-0.26181	41.2635	0
17560	3.512	1.78819	1.79199	-0.26181	41.263	0
17565	3.513	1.78819	1.79199	-0.26181	41.2625	0
17570	3.514	1.78819	1.79199	-0.261809	41.2617	0
17575	3.515	1.78819	1.79199	-0.26181	41.2609	0
17580	3.516	1.78819	1.79199	-0.26181	41.2599	0
17585	3.517	1.78819	1.79199	-0.26181	41.2588	0
17590	3.518	1.78819	1.79199	-0.26181	41.2577	0
17595	3.519	1.78819	1.79199	-0.26181	41.2565	0
17600	3.52	1.78819	1.79199	-0.26181	41.2578	0
17605	3.521	1.78819	1.79199	-0.26181	41.2598	0
17610	3.522	1.78819	1.79199	-0.26181	41.2615	0
17615	3.523	1.78819	1.79199	-0.261809	41.2627	0
17620	3.524	1.78819	1.79199	-0.26181	41.2635	0
17625	3.525	1.78819	1.79199	-0.26181	41.2637	0
17630	3.526	1.78819	1.79199	-0.26181	41.2637	0
17635	3.527	1.78819	1.79199	-0.26181	41.2633	0
17640	3.528	1.78819	1.79199	-0.26181	41.2627	0
17645	3.529	1.78819	1.79199	-0.26181	41.2619	0
17650	3.53	1.78819	1.79199	-0.26181	41.2611	0
17655	3.531	1.78819	1.79199	-0.26181	41.2601	0
17660	3.532	1.78819	1.79199	-0.261809	41.2591	0
17665	3.533	1.78819	1.79199	-0.26181	41.2579	0
17670	3.534	1.78819	1.79199	-0.26181	41.2568	0
17675	3.535	1.78819	1.79199	-0.26181	41.2577	0
17680	3.536	1.78819	1.79199	-0.26181	41.2596	0
17685	3.537	1.78819	1.79199	-0.26181	41.2615	0
17690	3.538	1.78819	1.79199	-0.26181	41.2628	0
17695	3.539	1.78819	1.79199	-0.26181	41.2637	0
17700	3.54	1.78819	1.79199	-0.26181	41.264	0
17705	3.541	1.78819	1.79199	-0.261809	41.264	0
17710	3.542	1.78819	1.79199	-0.26181	41.2636	0
17715	3.543	1.78819	1.79199	-0.26181	41.263	0
17720	3.544	1.78819	1.79199	-0.26181	41.2622	0
17725	3.545	1.78819	1.79199	-0.26181	41.2614	0
17730	3.546	1.78819	1.79199	-0.26181	41.2605	0
17735	3.547	1.78819	1.79199	-0.26181	41.2594	0
17740	3.548	1.78819	1.79199	-0.26181	41.2583	0
17745	3.549	1.78819	1.79199	-0.26181	41.2571	0
17750	3.55	1.78819	1.79199	-0.26181	41.2576	0
17755	3.551	1.78819	1.79199	-0.26181	41.2594	0
17760	3.552	1.78819	1.79199	-0.26181	41.2612	0
17765	3.553	1.78819	1.79199	-0.26181	41.2625	0
17770	3.554	1.78819	1.79199	-0.26181	41.2635	0
17775	3.555	1.78819	1.79199	-0.26181	41.2639	0
17780	3.556	1.78819	1.79199	-0.26181	41.264	0
17785	3.557	1.78819	1.79199	-0.26181	41.2637	0
17790	3.558	1.78819	1.79199	-0.26181	41.2631	0
17795	3.559	1.78819	1.79199	-0.26181	41.2624	0
17800	3.56	1.78819	1.79199	-0.26181	41.2616	0
17805	3.561	1.78819	1.79199	-0.26181	41.2607	0
17810	3.562	1.78819	1.79199	-0.26181	41.2597	0
17815	3.563	1.78819	1.79199	-0.26181	41.2586	0
17820	3.564	1.78819	1.79199	-0.26181	41.2574	0
17825	3.565	1.78819	1.79199	-0.26181	41.2571	0
17830	3.566	1.78819	1.79199	-0.26181	41.2588	0
17835	3.567	1.78819	1.79199	-0.26181	41.2607	0
17840	3.568	1.78819	1.79199	-0.26181	41.2622	0
17845	3.569	1.78819	1.79199	-0.26181	41.2631	0
17850	3.57	1.78819	1.79199	-0.26181	41.2638	0
17855	3.571	1.78819	1.79199	-0.26181	41.264	0
17860	3.572	1.78819	1.79199	-0.26181	41.2638	0
17865	3.573	1.78819	1.79199	-0.26181	41.2632	0
17870	3.574	1.78819	1.79199	-0.26181	41.2625	0
17875	3.575	1.78819	1.79199	-0.26181	41.2617	0
17880	3.576	1.78819	1.79199	-0.26181	41.2608	0
17885	3.577	1.78819	1.79199	-0.26181	41.2598	0
17890	3.578	1.78819	1.79199	-0.26181	41.2587	0
17895	3.579	1.78819	1.79199	-0.26181	41.2576	0
17900	3.58	1.78819	1.79196	-0.26181	41.2564	0
17905	3.581	1.78819	1.79199	-0.26181	41.2582	0
17910	3.582	1.78819	1.79199	-0.26181	41.26	0
17915	3.583	1.78819	1.79199	-0.26181	41.2617	0
17920	3.584	1.78819	1.79199	-0.26181	41.2627	0
17925	3.585	1.78819	1.79199	-0.26181	41.2634	0
17930	3.586	1.78819	1.79199	-0.26181	41.2636	0
17935	3.587	1.78819	1.79199	-0.26181	41.2635	0
17940	3.588	1.78819	1.79199	-0.26181	41.2631	0
17945	3.589	1.78819	1.79199	-0.26181	41.2624	0
17950	3.59	1.78819	1.79199	-0.26181	41.2617	0
17955	3.591	1.78819	1.79199	-0.26181	41.2607	0
17960	3.592	1.78819	1.79199	-0.26181	41.2598	0
17965	3.593	1.78819	1.79199	-0.26181	41.2588	0
17970	3.594	1.78819	1.79199	-0.26181	41.2577	0
17975	3.595	1.78819	1.79199	-0.26181	41.2566	0
17980	3.596	1.78819	1.79199	-0.26181	41.2579	0
17985	3.597	1.78819	1.79199	-0.26181	41.2598	0
17990	3.598	1.78819	1.79199	-0.26181	41.2614	0
17995	3.599	1.78819	1.79199	-0.26181	41.2626	0
18000	3.6	1.78819	1.79199	-0.26181	41.2633	0
18005	3.601	1.78819	1.79199	-0.26181	41.2636	0
18010	3.602	1.78819	1.79199	-0.26181	41.2636	0
18015	3.603	1.78819	1.79199	-0.26181	41.2633	0
18020	3.604	1.78819	1.79199	-0.26181	41.2627	0
18025	3.605	1.78819	1.79199	-0.26181	41.2619	0
18030	3.606	1.78819	1.79199	-0.26181	41.261	0
18035	3.607	1.78819	1.79199	-0.26181	41.2601	0
18040	3.608	1.78819	1.79199	-0.26181	41.259	0
18045	3.609	1.78819	1.79199	-0.26181	41.258	0
18050	3.61	1.78819	1.79199	-0.26181	41.2568	0
18055	3.611	1.78819	1.79199	-0.26181	41.2577	0
18060	3.612	1.78819	1.79199	-0.26181	41.2597	0
18065	3.613	1.78819	1.79199	-0.26181	41.2613	0
18070	3.614	1.78819	1.79199	-0.26181	41.2627	0
18075	3.615	1.78819	1.79199	-0.26181	41.2634	0
18080	3.616	1.78819	1.79199	-0.26181	41.2638	0
18085	3.617	1.78819	1.79196	-0.26181	41.2638	0
18090	3.618	1.78819	1.79199	-0.26181	41.2636	0
18095	3.619	1.78819	1.79199	-0.26181	41.263	0
18100	3.62	1.78819	1.79199	-0.26181	41.2622	0
18105	3.621	1.78819	1.79199	-0.26181	41.2613	0
18110	3.622	1.78819	1.79199	-0.26181	41.2603	0
18115	3.623	1.78819	1.79199	-0.26181	41.2593	0
18120	3.624	1.78819	1.79199	-0.26181	41.2582	0
18125	3.625	1.78819	1.79199	-0.26181	41.2572	0
18130	3.626	1.78819	1.79199	-0.26181	41.2575	0
18135	3.627	1.78819	1.79199	-0.26181	41.2595	0
18140	3.628	1.78819	1.79199	-0.26181	41.2611	0
18145	3.629	1.78819	1.79199	-0.26181	41.2624	0
18150	3.63	1.78819	1.79199	-0.26181	41.2632	0
18155	3.631	1.78819	1.79199	-0.26181	41.2637	0
18160	3.632	1.78819	1.79199	-0.26181	41.2638	0
18165	3.633	1.78819	1.79199	-0.26181	41.2636	0
18170	3.634	1.78819	1.79199	-0.26181	41.2631	0
18175	3.635	1.78819	1.79196	-0.26181	41.2623	0
18180	3.636	1.78819	1.79199	-0.26181	41.2615	0
18185	3.637	1.78819	1.79199	-0.26181	41.2605	0
18190	3.638	1.78819	1.79199	-0.26181	41.2596	0
18195	3.639	1.78819	1.79199	-0.26181	41.2585	0
18200	3.64	1.78819	1.79199	-0.26181	41.2574	0
18205	3.641	1.78819	1.79199	-0.26181	41.2571	0
18210	3.642	1.78819	1.79199	-0.26181	41.2588	0
18215	3.643	1.78819	1.79199	-0.26181	41.2606	0
18220	3.644	1.78819	1.79196	-0.26181	41.2619	0
18225	3.645	1.78819	1.79199	-0.26181	41.2629	0
18230	3.646	1.78819	1.79199	-0.26181	41.2634	0
18235	3.647	1.78819	1.79199	-0.26181	41.2637	0
18240	3.648	1.78819	1.79199	-0.261809	41.2635	0
18245	3.649	1.78819	1.79199	-0.26181	41.2632	0
18250	3.65	1.78819	1.79199	-0.26181	41.2625	0
18255	3.651	1.78819	1.79199	-0.26181	41.2617	0
18260	3.652	1.78819	1.79199	-0.26181	41.2607	0
18265	3.653	1.78819	1.79196	-0.26181	41.2597	0
18270	3.654	1.78819	1.79199	-0.26181	41.2586	0
18275	3.655	1.78819	1.79199	-0.26181	41.2575	0
18280	3.656	1.78819	1.79199	-0.26181	41.2564	0
18285	3.657	1.78819	1.79199	-0.261809	41.2581	0
18290	3.658	1.78819	1.79199	-0.26181	41.2601	0
18295	3.659	1.78819	1.79199	-0.26181	41.2615	0
18300	3.66	1.78819	1.79199	-0.26181	41.2626	0
18305	3.661	1.78819	1.79199	-0.26181	41.2631	0
18310	3.662	1.78819	1.79199	-0.26181	41.2634	0
18315	3.663	1.78819	1.79199	-0.26181	41.2633	0
18320	3.664	1.78819	1.79199	-0.26181	41.263	0
18325	3.665	1.78819	1.79199	-0.26181	41.2624	0
18330	3.666	1.78819	1.79199	-0.26181	41.2616	0
18335	3.667	1.78819	1.79199	-0.26181	41.2607	0
18340	3.668	1.78819	1.79199	-0.26181	41.2597	0
18345	3.669	1.78819	1.79199	-0.26181	41.2587	0
18350	3.67	1.78819	1.79199	-0.26181	41.2576	0
18355	3.671	1.78819	1.79199	-0.26181	41.2565	0
18360	3.672	1.78819	1.79199	-0.26181	41.2579	0
18365	3.673	1.78819	1.79199	-0.26181	41.2599	0
18370	3.674	1.78819	1.79199	-0.26181	41.2613	0
18375	3.675	1.78819	1.79199	-0.261809	41.2624	0
18380	3.676	1.78819	1.79199	-0.26181	41.263	0
18385	3.677	1.78819	1.79199	-0.26181	41.2633	0
18390	3.678	1.78819	1.79199	-0.26181	41.2633	0
18395	3.679	1.78819	1.79199	-0.26181	41.263	0
18400	3.68	1.78819	1.79199	-0.26181	41.2626	0
18405	3.681	1.78819	1.79199	-0.26181	41.2618	0
18410	3.682	1.78819	1.79199	-0.26181	41.261	0
18415	3.683	1.78819	1.79199	-0.26181	41.2599	0
18420	3.684	1.78819	1.79199	-0.26181	41.2589	0
18425	3.685	1.78819	1.79199	-0.26181	41.2578	0
18430	3.686	1.78819	1.79199	-0.26181	41.2567	0
18435	3.687	1.78819	1.79199	-0.26181	41.2577	0
18440	3.688	1.78819	1.79199	-0.26181	41.2598	0
18445	3.689	1.78819	1.79199	-0.26181	41.2617	0
18450	3.69	1.78819	1.79199	-0.26181	41.263	0
18455	3.691	1.78819	1.79199	-0.26181	41.2639	0
18460	3.692	1.78819	1.79199	-0.26181	41.264	0
18465	3.693	1.78819	1.79199	-0.26181	41.264	0
18470	3.694	1.78819	1.79199	-0.26181	41.2637	0
18475	3.695	1.78819	1.79199	-0.26181	41.2632	0
18480	3.696	1.78819	1.79199	-0.26181	41.2625	0
18485	3.697	1.78819	1.79199	-0.26181	41.2615	0
18490	3.698	1.78819	1.79199	-0.26181	41.2605	0
18495	3.699	1.78819	1.79199	-0.26181	41.2594	0
18500	3.7	1.78819	1.79199	-0.26181	41.2583	0
18505	3.701	1.78819	1.79199	-0.26181	41.2571	0
18510	3.702	1.78819	1.79199	-0.26181	41.2577	0
18515	3.703	1.78819	1.79199	-0.26181	41.2595	0
18520	3.704	1.78819	1.79199	-0.26181	41.2616	0
18525	3.705	1.78819	1.79199	-0.26181	41.263	0
18530	3.706	1.78819	1.79199	-0.26181	41.2638	0
18535	3.707	1.78819	1.79199	-0.26181	41.264	0
18540	3.708	1.78819	1.79199	-0.26181	41.264	0
18545	3.709	1.78819	1.79199	-0.26181	41.2637	0
18550	3.71	1.78819	1.79199	-0.26181	41.2632	0
18555	3.711	1.78819	1.79199	-0.26181	41.2626	0
18560	3.712	1.78819	1.79199	-0.261809	41.2617	0
18565	3.713	1.78819	1.79199	-0.26181	41.2607	0
18570	3.714	1.78819	1.79199	-0.26181	41.2596	0
18575	3.715	1.78819	1.79199	-0.26181	41.2585	0
18580	3.716	1.78819	1.79199	-0.26181	41.2574	0
18585	3.717	1.78819	1.79199	-0.26181	41.2571	0
18590	3.718	1.78819	1.79199	-0.26181	41.2589	0
18595	3.719	1.78819	1.79199	-0.26181	41.2609	0
18600	3.72	1.78819	1.79199	-0.26181	41.2624	0
18605	3.721	1.78819	1.79199	-0.261809	41.2633	0
18610	3.722	1.78819	1.79199	-0.26181	41.2638	0
18615	3.723	1.78819	1.79199	-0.26181	41.2638	0
18620	3.724	1.78819	1.79199	-0.26181	41.2636	0
18625	3.725	1.78819	1.79199	-0.26181	41.2631	0
18630	3.726	1.78819	1.79199	-0.26181	41.2626	0
18635	3.727	1.78819	1.79199	-0.26181	41.2618	0
18640	3.728	1.78819	1.79199	-0.26181	41.2608	0
18645	3.729	1.78819	1.79199	-0.26181	41.2597	0
18650	3.73	1.78819	1.79199	-0.261809	41.2586	0
18655	3.731	1.78819	1.79199	-0.26181	41.2575	0
18660	3.732	1.78819	1.79199	-0.26181	41.2563	0
18665	3.733	1.78819	1.79199	-0.26181	41.2581	0
18670	3.734	1.78819	1.79199	-0.26181	41.2601	0
18675	3.735	1.78819	1.79199	-0.26181	41.2619	0
18680	3.736	1.78819	1.79199	-0.26181	41.263	0
18685	3.737	1.78819	1.79199	-0.26181	41.2635	0
18690	3.738	1.78819	1.79199	-0.26181	41.2636	0
18695	3.739	1.78819	1.79199	-0.261809	41.2635	0
18700	3.74	1.78819	1.79199	-0.26181	41.263	0
18705	3.741	1.78819	1.79199	-0.26181	41.2625	0
18710	3.742	1.78819	1.79199	-0.26181	41.2617	0
18715	3.743	1.78819	1.79199	-0.26181	41.2608	0
18720	3.744	1.78819	1.79199	-0.26181	41.2598	0
18725	3.745	1.78819	1.79199	-0.26181	41.2587	0
18730	3.746	1.78819	1.79199	-0.26181	41.2576	0
18735	3.747	1.78819	1.79199	-0.26181	41.2565	0
18740	3.748	1.78819	1.79199	-0.26181	41.258	0
18745	3.749	1.78819	1.79199	-0.26181	41.2599	0
18750	3.75	1.78819	1.79199	-0.26181	41.2617	0
18755	3.751	1.78819	1.79199	-0.26181	41.2629	0
18760	3.752	1.78819	1.79199	-0.26181	41.2635	0
18765	3.753	1.78819	1.79199	-0.26181	41.2637	0
18770	3.754	1.78819	1.79199	-0.26181	41.2636	0
18775	3.755	1.78819	1.79199	-0.26181	41.2632	0
18780	3.756	1.78819	1.79199	-0.26181	41.2626	0
18785	3.757	1.78819	1.79199	-0.26181	41.262	0
18790	3.758	1.78819	1.79199	-0.26181	41.2612	0
18795	3.759	1.78819	1.79199	-0.26181	41.2602	0
18800	3.76	1.78819	1.79199	-0.26181	41.259	0
18805	3.761	1.78819	1.79199	-0.26181	41.2579	0
18810	3.762	1.78819	1.79199	-0.26181	41.2568	0
18815	3.763	1.78819	1.79199	-0.26181	41.2578	0
18820	3.764	1.78819	1.79199	-0.26181	41.2597	0
18825	3.765	1.78819	1.79199	-0.26181	41.2615	0
18830	3.766	1.78819	1.79199	-0.26181	41.2629	0
18835	3.767	1.78819	1.79199	-0.26181	41.2636	0
18840	3.768	1.78819	1.79199	-0.26181	41.264	0
18845	3.769	1.78819	1.79199	-0.26181	41.2638	0
18850	3.77	1.78819	1.79199	-0.26181	41.2635	0
18855	3.771	1.78819	1.79199	-0.26181	41.263	0
18860	3.772	1.78819	1.79199	-0.26181	41.2623	0
18865	3.773	1.78819	1.79199	-0.26181	41.2614	0
18870	3.774	1.78819	1.79199	-0.26181	41.2604	0
18875	3.775	1.78819	1.79199	-0.26181	41.2593	0
18880	3.776	1.78819	1.79199	-0.26181	41.2582	0
18885	3.777	1.78819	1.79199	-0.26181	41.2571	0
18890	3.778	1.78819	1.79196	-0.26181	41.2575	0
18895	3.779	1.78819	1.79199	-0.26181	41.2596	0
18900	3.78	1.78819	1.79199	-0.26181	41.2614	0
18905	3.781	1.78819	1.79199	-0.26181	41.2629	0
18910	3.782	1.78819	1.79199	-0.26181	41.2638	0
18915	3.783	1.78819	1.79199	-0.26181	41.2641	0
18920	3.784	1.78819	1.79199	-0.26181	41.264	0
18925	3.785	1.78819	1.79199	-0.26181	41.2637	0
18930	3.786	1.78819	1.79199	-0.26181	41.2632	0
18935	3.787	1.78819	1.79199	-0.26181	41.2625	0
18940	3.788	1.78819	1.79199	-0.26181	41.2617	0
18945	3.789	1.78819	1.79199	-0.26181	41.2608	0
18950	3.79	1.78819	1.79199	-0.26181	41.2597	0
18955	3.791	1.78819	1.79199	-0.26181	41.2586	0
18960	3.792	1.78819	1.79199	-0.26181	41.2574	0
18965	3.793	1.78819	1.79199	-0.26181	41.2571	0
18970	3.794	1.78819	1.79199	-0.26181	41.259	0
18975	3.795	1.78819	1.79199	-0.26181	41.2609	0
18980	3.796	1.78819	1.79199	-0.26181	41.2624	0
18985	3.797	1.78819	1.79199	-0.26181	41.2634	0
18990	3.798	1.78819	1.79199	-0.26181	41.2639	0
18995	3.799	1.78819	1.79199	-0.26181	41.2639	0
19000	3.8	1.78819	1.79199	-0.26181	41.2636	0
19005	3.801	1.78819	1.79199	-0.26181	41.2632	0
19010	3.802	1.78819	1.79199	-0.26181	41.2625	0
19015	3.803	1.78819	1.79199	-0.26181	41.2618	0
19020	3.804	1.78819	1.79199	-0.26181	41.2609	0
19025	3.805	1.78819	1.79199	-0.26181	41.2599	0
19030	3.806	1.78819	1.79199	-0.26181	41.2587	0
19035	3.807	1.78819	1.79199	-0.26181	41.2576	0
19040	3.808	1.78819	1.79199	-0.26181	41.2564	0
19045	3.809	1.78819	1.79199	-0.26181	41.2581	0
19050	3.81	1.78819	1.79199	-0.26181	41.2601	0
19055	3.811	1.78819	1.79199	-0.26181	41.2617	0
19060	3.812	1.78819	1.79199	-0.26181	41.263	0
19065	3.813	1.78819	1.79199	-0.26181	41.2636	0
19070	3.814	1.78819	1.79199	-0.26181	41.2638	0
19075	3.815	1.78819	1.79196	-0.26181	41.2636	0
19080	3.816	1.78819	1.79199	-0.26181	41.2632	0
19085	3.817	1.78819	1.79199	-0.26181	41.2625	0
19090	3.818	1.78819	1.79199	-0.26181	41.2618	0
19095	3.819	1.78819	1.79199	-0.26181	41.2609	0
19100	3.82	1.78819	1.79199	-0.26181	41.2599	0
19105	3.821	1.78819	1.79199	-0.26181	41.2589	0
19110	3.822	1.78819	1.79199	-0.26181	41.2577	0
19115	3.823	1.78819	1.79199	-0.26181	41.2566	0
19120	3.824	1.78819	1.79199	-0.26181	41.2579	0
19125	3.825	1.78819	1.79199	-0.26181	41.26	0
19130	3.826	1.78819	1.79199	-0.26181	41.2616	0
19135	3.827	1.78819	1.79199	-0.26181	41.2629	0
19140	3.828	1.78819	1.79199	-0.26181	41.2636	0
19145	3.829	1.78819	1.79199	-0.26181	41.2639	0
19150	3.83	1.78819	1.79199	-0.26181	41.2637	0
19155	3.831	1.78819	1.79199	-0.26181	41.2633	0
19160	3.832	1.78819	1.79199	-0.26181	41.2627	0
19165	3.833	1.78819	1.79196	-0.26181	41.2619	0
19170	3.834	1.78819	1.79199	-0.26181	41.2612	0
19175	3.835	1.78819	1.79199	-0.26181	41.2602	0
19180	3.836	1.78819	1.79199	-0.26181	41.2592	0
19185	3.837	1.78819	1.79199	-0.26181	41.258	0
19190	3.838	1.78819	1.79199	-0.26181	41.2569	0
19195	3.839	1.78819	1.79199	-0.26181	41.2577	0
19200	3.84	1.78819	1.79199	-0.26181	41.2597	0
19205	3.841	1.78819	1.79199	-0.26181	41.2614	0
19210	3.842	1.78819	1.79196	-0.26181	41.2627	0
19215	3.843	1.78819	1.79199	-0.26181	41.2636	0
19220	3.844	1.78819	1.79199	-0.26181	41.2639	0
19225	3.845	1.78819	1.79199	-0.26181	41.2639	0
19230	3.846	1.78819	1.79199	-0.261809	41.2635	0
19235	3.847	1.78819	1.79199	-0.26181	41.263	0
19240	3.848	1.78819	1.79199	-0.26181	41.2622	0
19245	3.849	1.78819	1.79199	-0.26181	41.2614	0
19250	3.85	1.78819	1.79199	-0.26181	41.2604	0
19255	3.851	1.78819	1.79196	-0.26181	41.2594	0
19260	3.852	1.78819	1.79199	-0.26181	41.2583	0
19265	3.853	1.78819	1.79199	-0.26181	41.2571	0
19270	3.854	1.78819	1.79199	-0.26181	41.2575	0
19275	3.855	1.78819	1.79199	-0.261809	41.2593	0
19280	3.856	1.78819	1.79199	-0.26181	41.2613	0
19285	3.857	1.78819	1.79199	-0.26181	41.2626	0
19290	3.858	1.78819	1.79199	-0.26181	41.2636	0
19295	3.859	1.78819	1.79199	-0.26181	41.264	0
19300	3.86	1.78819	1.79199	-0.26181	41.2641	0
19305	3.861	1.78819	1.79199	-0.26181	41.2637	0
19310	3.862	1.78819	1.79199	-0.26181	41.2632	0
19315	3.863	1.78819	1.79199	-0.26181	41.2624	0
19320	3.864	1.78819	1.79199	-0.26181	41.2616	0
19325	3.865	1.78819	1.79199	-0.26181	41.2607	0
19330	3.866	1.78819	1.79199	-0.26181	41.2596	0
19335	3.867	1.78819	1.79199	-0.26181	41.2586	0
19340	3.868	1.78819	1.79199	-0.26181	41.2574	0
19345	3.869	1.78819	1.79199	-0.26181	41.2572	0
19350	3.87	1.78819	1.79199	-0.26181	41.2588	0
19355	3.871	1.78819	1.79199	-0.26181	41.2607	0
19360	3.872	1.78819	1.79199	-0.26181	41.2621	0
19365	3.873	1.78819	1.79199	-0.261809	41.2631	0
19370	3.874	1.78819	1.79199	-0.26181	41.2637	0
19375	3.875	1.78819	1.79199	-0.26181	41.2639	0
19380	3.876	1.78819	1.79199	-0.26181	41.2637	0
19385	3.877	1.78819	1.79199	-0.26181	41.2631	0
19390	3.878	1.78819	1.79199	-0.26181	41.2625	0
19395	3.879	1.78819	1.79199	-0.26181	41.2617	0
19400	3.88	1.78819	1.79199	-0.26181	41.2608	0
19405	3.881	1.78819	1.79199	-0.26181	41.2598	0
19410	3.882	1.78819	1.79199	-0.26181	41.2587	0
19415	3.883	1.78819	1.79199	-0.26181	41.2576	0
19420	3.884	1.78819	1.79199	-0.26181	41.2564	0
19425	3.885	1.78819	1.79199	-0.26181	41.258	0
19430	3.886	1.78819	1.79199	-0.26181	41.2599	0
19435	3.887	1.78819	1.79199	-0.26181	41.2615	0
19440	3.888	1.78819	1.79199	-0.26181	41.2625	0
19445	3.889	1.78819	1.79199	-0.26181	41.2633	0
19450	3.89	1.78819	1.79199	-0.26181	41.2636	0
19455	3.891	1.78819	1.79199	-0.26181	41.2636	0
19460	3.892	1.78819	1.79199	-0.26181	41.2631	0
19465	3.893	1.78819	1.79199	-0.26181	41.2625	0
19470	3.894	1.78819	1.79199	-0.26181	41.2617	0
19475	3.895	1.78819	1.79199	-0.26181	41.2608	0
19480	3.896	1.78819	1.79199	-0.26181	41.2598	0
19485	3.897	1.78819	1.79199	-0.26181	41.2588	0
19490	3.898	1.78819	1.79199	-0.26181	41.2577	0
19495	3.899	1.78819	1.79199	-0.26181	41.2565	0
19500	3.9	1.78819	1.79199	-0.26181	41.258	0
19505	3.901	1.78819	1.79199	-0.26181	41.2598	0
19510	3.902	1.78819	1.79199	-0.26181	41.2615	0
19515	3.903	1.78819	1.79199	-0.26181	41.2626	0
19520	3.904	1.78819	1.79199	-0.26181	41.2634	0
19525	3.905	1.78819	1.79199	-0.26181	41.2636	0
19530	3.906	1.78819	1.79199	-0.26181	41.2637	0
19535	3.907	1.78819	1.79199	-0.26181	41.2633	0
19540	3.908	1.78819	1.79199	-0.26181	41.2627	0
19545	3.909	1.78819	1.79199	-0.26181	41.2619	0
19550	3.91	1.78819	1.79199	-0.261809	41.261	0
19555	3.911	1.78819	1.79199	-0.26181	41.2601	0
19560	3.912	1.78819	1.79199	-0.26181	41.259	0
19565	3.913	1.78819	1.79199	-0.26181	41.258	0
19570	3.914	1.78819	1.79199	-0.26181	41.2568	0
19575	3.915	1.78819	1.79199	-0.26181	41.2578	0
19580	3.916	1.78819	1.79199	-0.26181	41.2596	0
19585	3.917	1.78819	1.79199	-0.26181	41.2613	0
19590	3.918	1.78819	1.79199	-0.26181	41.2624	0
19595	3.919	1.78819	1.79199	-0.261809	41.2632	0
19600	3.92	1.78819	1.79199	-0.261809	41.2636	0
19605	3.921	1.78819	1.79199	-0.26181	41.2637	0
19610	3.922	1.78819	1.79199	-0.26181	41.2635	0
19615	3.923	1.78819	1.79199	-0.26181	41.2629	0
19620	3.924	1.78819	1.79199	-0.26181	41.2622	0
19625	3.925	1.78819	1.79199	-0.26181	41.2613	0
19630	3.926	1.78819	1.79199	-0.26181	41.2604	0
19635	3.927	1.78819	1.79199	-0.26181	41.2593	0
19640	3.928	1.78819	1.79199	-0.261809	41.2582	0
19645	3.929	1.78819	1.79199	-0.26181	41.2571	0
19650	3.93	1.78819	1.79199	-0.26181	41.2575	0
19655	3.931	1.78819	1.79199	-0.26181	41.2593	0
19660	3.932	1.78819	1.79199	-0.26181	41.261	0
19665	3.933	1.78819	1.79199	-0.26181	41.2624	0
19670	3.934	1.78819	1.79199	-0.26181	41.2632	0
19675	3.935	1.78819	1.79199	-0.26181	41.2637	0
19680	3.936	1.78819	1.79199	-0.26181	41.2638	0
19685	3.937	1.78819	1.79199	-0.261809	41.2636	0
19690	3.938	1.78819	1.79199	-0.26181	41.2631	0
19695	3.939	1.78819	1.79199	-0.26181	41.2624	0
19700	3.94	1.78819	1.79199	-0.26181	41.2615	0
19705	3.941	1.78819	1.79199	-0.26181	41.2605	0
19710	3.942	1.78819	1.79199	-0.26181	41.2595	0
19715	3.943	1.78819	1.79199	-0.26181	41.2584	0
19720	3.944	1.78819	1.79199	-0.26181	41.2574	0
19725	3.945	1.78819	1.79199	-0.26181	41.2571	0
19730	3.946	1.78819	1.79199	-0.26181	41.2589	0
19735	3.947	1.78819	1.79199	-0.26181	41.2606	0
19740	3.948	1.78819	1.79199	-0.26181	41.262	0
19745	3.949	1.78819	1.79199	-0.26181	41.2629	0
19750	3.95	1.78819	1.79199	-0.26181	41.2634	0
19755	3.951	1.78819	1.79199	-0.26181	41.2635	0
19760	3.952	1.78819	1.79199	-0.26181	41.2634	0
19765	3.953	1.78819	1.79199	-0.26181	41.2631	0
19770	3.954	1.78819	1.79199	-0.26181	41.2624	0
19775	3.955	1.78819	1.79199	-0.26181	41.2616	0
19780	3.956	1.78819	1.79199	-0.26181	41.2607	0
19785	3.957	1.78819	1.79199	-0.26181	41.2597	0
19790	3.958	1.78819	1.79199	-0.26181	41.2586	0
19795	3.959	1.78819	1.79199	-0.26181	41.2575	0
19800	3.96	1.78819	1.79199	-0.26181	41.2564	0
19805	3.961	1.78819	1.79199	-0.26181	41.2582	0
19810	3.962	1.78819	1.79199	-0.26181	41.2603	0
19815	3.963	1.78819	1.79199	-0.26181	41.2619	0
19820	3.964	1.78819	1.79199	-0.26181	41.2629	0
19825	3.965	1.78819	1.79199	-0.26181	41.2634	0
19830	3.966	1.78819	1.79199	-0.26181	41.2637	0
19835	3.967	1.78819	1.79199	-0.26181	41.2635	0
19840	3.968	1.78819	1.79199	-0.26181	41.2632	0
19845	3.969	1.78819	1.79199	-0.26181	41.2627	0
19850	3.97	1.78819	1.79199	-0.26181	41.2619	0
19855	3.971	1.78819	1.79199	-0.26181	41.2609	0
19860	3.972	1.78819	1.79199	-0.26181	41.2598	0
19865	3.973	1.78819	1.79199	-0.26181	41.2588	0
19870	3.974	1.78819	1.79199	-0.26181	41.2577	0
19875	3.975	1.78819	1.79199	-0.26181	41.2565	0
19880	3.976	1.78819	1.79196	-0.26181	41.258	0
19885	3.977	1.78819	1.79199	-0.26181	41.2603	0
19890	3.978	1.78819	1.79199	-0.26181	41.262	0
19895	3.979	1.78819	1.79199	-0.26181	41.2631	0
19900	3.98	1.78819	1.79199	-0.26181	41.2636	0
19905	3.981	1.78819	1.79199	-0.26181	41.2639	0
19910	3.982	1.78819	1.79199	-0.26181	41.2637	0
19915	3.983	1.78819	1.79199	-0.26181	41.2634	0
19920	3.984	1.78819	1.79199	-0.26181	41.2628	0
19925	3.985	1.78819	1.79199	-0.26181	41.2621	0
19930	3.986	1.78819	1.79199	-0.26181	41.2611	0
19935	3.987	1.78819	1.79199	-0.26181	41.2601	0
19940	3.988	1.78819	1.79199	-0.26181	41.2591	0
19945	3.989	1.78819	1.79199	-0.26181	41.2579	0
19950	3.99	1.78819	1.79199	-0.26181	41.2568	0
19955	3.991	1.78819	1.79199	-0.26181	41.2578	0
19960	3.992	1.78819	1.79199	-0.26181	41.2599	0
19965	3.993	1.78819	1.79199	-0.26181	41.2617	0
19970	3.994	1.78819	1.79199	-0.26181	41.2629	0
19975	3.995	1.78819	1.79199	-0.26181	41.2635	0
19980	3.996	1.78819	1.79199	-0.26181	41.2637	0
19985	3.997	1.78819	1.79199	-0.26181	41.2637	0
19990	3.998	1.78819	1.79199	-0.26181	41.2634	0
19995	3.999	1.78819	1.79199	-0.26181	41.263	0
20000	4	1.78819	1.79199	-0.26181	41.2623	0
20005	4.001	1.78819	1.79199	-0.26181	41.2614	0
20010	4.002	1.78819	1.79199	-0.26181	41.2604	0
20015	4.003	1.78819	1.79199	-0.26181	41.2593	0
20020	4.004	1.78819	1.79199	-0.26181	41.2582	0
20025	4.005	1.78819	1.79199	-0.26181	41.257	0
20030	4.006	1.78819	1.79199	-0.26181	41.2575	0
20035	4.007	1.78819	1.79199	-0.26181	41.2594	0
20040	4.008	1.78819	1.79199	-0.26181	41.2614	0
20045	4.009	1.78819	1.79199	-0.26181	41.2627	0
20050	4.01	1.78819	1.79199	-0.26181	41.2636	0
20055	4.011	1.78819	1.79199	-0.26181	41.2639	0
20060	4.012	1.78819	1.79199	-0.26181	41.2639	0
20065	4.013	1.78819	1.79196	-0.26181	41.2636	0
20070	4.014	1.78819	1.79199	-0.26181	41.2632	0
20075	4.015	1.78819	1.79199	-0.26181	41.2625	0
20080	4.016	1.78819	1.79199	-0.26181	41.2616	0
20085	4.017	1.78819	1.79199	-0.26181	41.2606	0
20090	4.018	1.78819	1.79199	-0.26181	41.2595	0
20095	4.019	1.78819	1.79199	-0.26181	41.2584	0
20100	4.02	1.78819	1.79199	-0.26181	41.2573	0
20105	4.021	1.78819	1.79199	-0.26181	41.2571	0
20110	4.022	1.78819	1.79199	-0.26181	41.2589	0
20115	4.023	1.78819	1.79199	-0.26181	41.261	0
20120	4.024	1.78819	1.79199	-0.26181	41.2625	0
20125	4.025	1.78819	1.79199	-0.26181	41.2634	0
20130	4.026	1.78819	1.79199	-0.26181	41.2637	0
20135	4.027	1.78819	1.79199	-0.26181	41.2638	0
20140	4.028	1.78819	1.79199	-0.26181	41.2635	0
20145	4.029	1.78819	1.79199	-0.26181	41.2631	0
20150	4.03	1.78819	1.79199	-0.26181	41.2625	0
20155	4.031	1.78819	1.79196	-0.26181	41.2617	0
20160	4.032	1.78819	1.79199	-0.26181	41.2608	0
20165	4.033	1.78819	1.79199	-0.26181	41.2597	0
20170	4.034	1.78819	1.79199	-0.26181	41.2587	0
20175	4.035	1.78819	1.79199	-0.26181	41.2575	0
20180	4.036	1.78819	1.79199	-0.26181	41.2564	0
20185	4.037	1.78819	1.79199	-0.26181	41.258	0
20190	4.038	1.78819	1.79199	-0.26181	41.2601	0
20195	4.039	1.78819	1.79199	-0.26181	41.2618	0
20200	4.04	1.78819	1.79196	-0.26181	41.2628	0
20205	4.041	1.78819	1.79199	-0.26181	41.2633	0
20210	4.042	1.78819	1.79199	-0.26181	41.2634	0
20215	4.043	1.78819	1.79199	-0.26181	41.2634	0
20220	4.044	1.78819	1.79199	-0.261809	41.263	0
20225	4.045	1.78819	1.79199	-0.26181	41.2625	0
20230	4.046	1.78819	1.79199	-0.26181	41.2617	0
20235	4.047	1.78819	1.79199	-0.26181	41.2608	0
20240	4.048	1.78819	1.79199	-0.26181	41.2598	0
20245	4.049	1.78819	1.79196	-0.26181	41.2587	0
20250	4.05	1.78819	1.79199	-0.26181	41.2575	0
20255	4.051	1.78819	1.79199	-0.26181	41.2564	0
20260	4.052	1.78819	1.79199	-0.26181	41.2578	0
20265	4.053	1.78819	1.79199	-0.261809	41.2598	0
20270	4.054	1.78819	1.79199	-0.26181	41.2618	0
20275	4.055	1.78819	1.79199	-0.26181	41.263	0
20280	4.056	1.78819	1.79199	-0.26181	41.2636	0
20285	4.057	1.78819	1.79199	-0.26181	41.2637	0
20290	4.058	1.78819	1.79199	-0.26181	41.2637	0
20295	4.059	1.78819	1.79199	-0.26181	41.2633	0
20300	4.06	1.78819	1.79199	-0.26181	41.2627	0
20305	4.061	1.78819	1.79199	-0.26181	41.262	0
20310	4.062	1.78819	1.79199	-0.26181	41.2612	0
20315	4.063	1.78819	1.79199	-0.26181	41.2602	0
20320	4.064	1.78819	1.79199	-0.26181	41.259	0
20325	4.065	1.78819	1.79199	-0.26181	41.258	0
20330	4.066	1.78819	1.79199	-0.26181	41.2568	0
20335	4.067	1.78819	1.79199	-0.26181	41.2578	0
20340	4.068	1.78819	1.79199	-0.26181	41.2598	0
20345	4.069	1.78819	1.79199	-0.26181	41.2616	0
20350	4.07	1.78819	1.79199	-0.26181	41.2629	0
20355	4.071	1.78819	1.79199	-0.261809	41.2636	0
20360	4.072	1.78819	1.79199	-0.26181	41.2639	0
20365	4.073	1.78819	1.79199	-0.26181	41.2637	0
20370	4.074	1.78819	1.79199	-0.26181	41.2634	0
20375	4.075	1.78819	1.79199	-0.26181	41.2629	0
20380	4.076	1.78819	1.79199	-0.26181	41.2623	0
20385	4.077	1.78819	1.79199	-0.26181	41.2614	0
20390	4.078	1.78819	1.79199	-0.26181	41.2605	0
20395	4.079	1.78819	1.79199	-0.26181	41.2594	0
20400	4.08	1.78819	1.79199	-0.26181	41.2583	0
20405	4.081	1.78819	1.79199	-0.26181	41.2571	0
20410	4.082	1.78819	1.79199	-0.26181	41.2575	0
20415	4.083	1.78819	1.79199	-0.26181	41.2594	0
20420	4.084	1.78819	1.79199	-0.26181	41.2612	0
20425	4.085	1.78819	1.79199	-0.26181	41.2627	0
20430	4.086	1.78819	1.79199	-0.26181	41.2636	0
20435	4.087	1.78819	1.79199	-0.26181	41.264	0
20440	4.088	1.78819	1.79199	-0.26181	41.2639	0
20445	4.089	1.78819	1.79199	-0.26181	41.2637	0
20450	4.09	1.78819	1.79199	-0.26181	41.2631	0
20455	4.091	1.78819	1.79199	-0.26181	41.2625	0
20460	4.092	1.78819	1.79199	-0.26181	41.2616	0
20465	4.093	1.78819	1.79199	-0.26181	41.2607	0
20470	4.094	1.78819	1.79199	-0.26181	41.2597	0
20475	4.095	1.78819	1.79199	-0.26181	41.2585	0
20480	4.096	1.78819	1.79199	-0.26181	41.2574	0
20485	4.097	1.78819	1.79199	-0.26181	41.2571	0
20490	4.098	1.78819	1.79199	-0.26181	41.259	0
20495	4.099	1.78819	1.79199	-0.26181	41.2609	0
20500	4.1	1.78819	1.79199	-0.26181	41.2625	0
20505	4.101	1.78819	1.79199	-0.26181	41.2634	0
20510	4.102	1.78819	1.79199	-0.26181	41.2641	0
20515	4.103	1.78819	1.79199	-0.26181	41.2641	0
20520	4.104	1.78819	1.79199	-0.26181	41.2638	0
20525	4.105	1.78819	1.79199	-0.26181	41.2633	0
20530	4.106	1.78819	1.79199	-0.26181	41.2626	0
20535	4.107	1.78819	1.79199	-0.26181	41.2618	0
20540	4.108	1.78819	1.79199	-0.261809	41.2609	0
20545	4.109	1.78819	1.79199	-0.26181	41.26	0
20550	4.11	1.78819	1.79199	-0.26181	41.2588	0
20555	4.111	1.78819	1.79199	-0.26181	41.2577	0
20560	4.112	1.78819	1.79199	-0.26181	41.2565	0
20565	4.113	1.78819	1.79199	-0.26181	41.2582	0
20570	4.114	1.78819	1.79199	-0.26181	41.2601	0
20575	4.115	1.78819	1.79199	-0.26181	41.2617	0
20580	4.116	1.78819	1.79199	-0.26181	41.2628	0
20585	4.117	1.78819	1.79199	-0.261809	41.2635	0
20590	4.118	1.78819	1.79199	-0.26181	41.2638	0
20595	4.119	1.78819	1.79199	-0.26181	41.2636	0
20600	4.12	1.78819	1.79199	-0.26181	41.2632	0
20605	4.121	1.78819	1.79199	-0.26181	41.2625	0
20610	4.122	1.78819	1.79199	-0.26181	41.2618	0
20615	4.123	1.78819	1.79199	-0.26181	41.2609	0
20620	4.124	1.78819	1.79199	-0.26181	41.26	0
20625	4.125	1.78819	1.79199	-0.26181	41.2589	0
20630	4.126	1.78819	1.79199	-0.261809	41.2577	0
20635	4.127	1.78819	1.79199	-0.26181	41.2565	0
20640	4.128	1.78819	1.79199	-0.26181	41.2579	0
20645	4.129	1.78819	1.79199	-0.26181	41.2599	0
20650	4.13	1.78819	1.79199	-0.26181	41.2615	0
20655	4.131	1.78819	1.79199	-0.26181	41.2629	0
20660	4.132	1.78819	1.79199	-0.26181	41.2636	0
20665	4.133	1.78819	1.79199	-0.26181	41.264	0
20670	4.134	1.78819	1.79199	-0.26181	41.2638	0
20675	4.135	1.78819	1.79199	-0.261809	41.2634	0
20680	4.136	1.78819	1.79199	-0.26181	41.2628	0
20685	4.137	1.78819	1.79199	-0.26181	41.262	0
20690	4.138	1.78819	1.79199	-0.26181	41.2612	0
20695	4.139	1.78819	1.79199	-0.26181	41.2602	0
20700	4.14	1.78819	1.79199	-0.26181	41.2592	0
20705	4.141	1.78819	1.79199	-0.26181	41.258	0
20710	4.142	1.78819	1.79199	-0.26181	41.2569	0
20715	4.143	1.78819	1.79199	-0.26181	41.2578	0
20720	4.144	1.78819	1.79199	-0.26181	41.2598	0
20725	4.145	1.78819	1.79199	-0.26181	41.2615	0
20730	4.146	1.78819	1.79199	-0.26181	41.2628	0
20735	4.147	1.78819	1.79199	-0.26181	41.2635	0
20740	4.148	1.78819	1.79199	-0.26181	41.264	0
20745	4.149	1.78819	1.79199	-0.26181	41.264	0
20750	4.15	1.78819	1.79199	-0.26181	41.2636	0
20755	4.151	1.78819	1.79199	-0.26181	41.263	0
20760	4.152	1.78819	1.79199	-0.26181	41.2622	0
20765	4.153	1.78819	1.79199	-0.26181	41.2614	0
20770	4.154	1.78819	1.79199	-0.26181	41.2604	0
20775	4.155	1.78819	1.79199	-0.26181	41.2595	0
20780	4.156	1.78819	1.79199	-0.26181	41.2583	0
20785	4.157	1.78819	1.79199	-0.26181	41.2572	0
20790	4.158	1.78819	1.79199	-0.26181	41.2575	0
20795	4.159	1.78819	1.79199	-0.26181	41.2594	0
20800	4.16	1.78819	1.79199	-0.26181	41.2611	0
20805	4.161	1.78819	1.79199	-0.26181	41.2625	0
20810	4.162	1.78819	1.79199	-0.26181	41.2634	0
20815	4.163	1.78819	1.79199	-0.26181	41.2638	0
20820	4.164	1.78819	1.79199	-0.26181	41.2641	0
20825	4.165	1.78819	1.79199	-0.26181	41.2637	0
20830	4.166	1.78819	1.79199	-0.26181	41.2632	0
20835	4.167	1.78819	1.79199	-0.26181	41.2624	0
20840	4.168	1.78819	1.79199	-0.26181	41.2616	0
20845	4.169	1.78819	1.79199	-0.26181	41.2606	0
20850	4.17	1.78819	1.79199	-0.26181	41.2596	0
20855	4.171	1.78819	1.79199	-0.26181	41.2586	0
20860	4.172	1.78819	1.79199	-0.26181	41.2574	0
20865	4.173	1.78819	1.79199	-0.26181	41.2571	0
20870	4.174	1.78819	1.79196	-0.26181	41.2588	0
20875	4.175	1.78819	1.79199	-0.26181	41.2608	0
20880	4.176	1.78819	1.79199	-0.26181	41.2622	0
20885	4.177	1.78819	1.79199	-0.26181	41.2632	0
20890	4.178	1.78819	1.79199	-0.26181	41.2637	0
20895	4.179	1.78819	1.79199	-0.26181	41.264	0
20900	4.18	1.78819	1.79199	-0.26181	41.2637	0
20905	4.181	1.78819	1.79199	-0.26181	41.2632	0
20910	4.182	1.78819	1.79199	-0.26181	41.2625	0
20915	4.183	1.78819	1.79199	-0.26181	41.2617	0
20920	4.184	1.78819	1.79199	-0.26181	41.2607	0
20925	4.185	1.78819	1.79199	-0.26181	41.2597	0
20930	4.186	1.78819	1.79199	-0.26181	41.2587	0
20935	4.187	1.78819	1.79199	-0.26181	41.2576	0
20940	4.188	1.78819	1.79199	-0.26181	41.2564	0
20945	4.189	1.78819	1.79199	-0.26181	41.258	0
20950	4.19	1.78819	1.79199	-0.26181	41.2599	0
20955	4.191	1.78819	1.79199	-0.26181	41.2614	0
20960	4.192	1.78819	1.79199	-0.26181	41.2625	0
20965	4.193	1.78819	1.79199	-0.26181	41.2632	0
20970	4.194	1.78819	1.79199	-0.26181	41.2634	0
20975	4.195	1.78819	1.79199	-0.26181	41.2635	0
20980	4.196	1.78819	1.79199	-0.26181	41.263	0
20985	4.197	1.78819	1.79199	-0.26181	41.2624	0
20990	4.198	1.78819	1.79199	-0.26181	41.2616	0
20995	4.199	1.78819	1.79199	-0.26181	41.2608	0
21000	4.2	1.78819	1.79199	-0.26181	41.2598	0
21005	4.201	1.78819	1.79199	-0.26181	41.2588	0
21010	4.202	1.78819	1.79199	-0.26181	41.2577	0
21015	4.203	1.78819	1.79199	-0.26181	41.2565	0
21020	4.204	1.78819	1.79199	-0.26181	41.2578	0
21025	4.205	1.78819	1.79199	-0.26181	41.2597	0
21030	4.206	1.78819	1.79199	-0.26181	41.2613	0
21035	4.207	1.78819	1.79199	-0.26181	41.2624	0
21040	4.208	1.78819	1.79199	-0.26181	41.2633	0
21045	4.209	1.78819	1.79199	-0.26181	41.2636	0
21050	4.21	1.78819	1.79199	-0.26181	41.2636	0
21055	4.211	1.78819	1.79196	-0.26181	41.2633	0
21060	4.212	1.78819	1.79199	-0.26181	41.2627	0
21065	4.213	1.78819	1.79199	-0.26181	41.2619	0
21070	4.214	1.78819	1.79199	-0.26181	41.261	0
21075	4.215	1.78819	1.79199	-0.26181	41.26	0
21080	4.216	1.78819	1.79199	-0.26181	41.259	0
21085	4.217	1.78819	1.79199	-0.26181	41.2579	0
21090	4.218	1.78819	1.79199	-0.26181	41.2568	0
21095	4.219	1.78819	1.79199	-0.26181	41.2578	0
21100	4.22	1.78819	1.79199	-0.26181	41.2596	0
21105	4.221	1.78819	1.79199	-0.26181	41.2613	0
21110	4.222	1.78819	1.79199	-0.26181	41.2625	0
21115	4.223	1.78819	1.79199	-0.26181	41.2633	0
21120	4.224	1.78819	1.79199	-0.26181	41.2636	0
21125	4.225	1.78819	1.79199	-0.26181	41.2637	0
21130	4.226	1.78819	1.79199	-0.26181	41.2635	0
21135	4.227	1.78819	1.79199	-0.26181	41.2629	0
21140	4.228	1.78819	1.79199	-0.26181	41.2621	0
21145	4.229	1.78819	1.79196	-0.26181	41.2612	0
21150	4.23	1.78819	1.79199	-0.26181	41.2603	0
21155	4.231	1.78819	1.79199	-0.26181	41.2593	0
21160	4.232	1.78819	1.79199	-0.26181	41.2582	0
21165	4.233	1.78819	1.79199	-0.26181	41.2571	0
21170	4.234	1.78819	1.79199	-0.26181	41.2575	0
21175	4.235	1.78819	1.79199	-0.26181	41.2592	0
21180	4.236	1.78819	1.79199	-0.26181	41.261	0
21185	4.237	1.78819	1.79199	-0.26181	41.2622	0
21190	4.238	1.78819	1.79196	-0.26181	41.2631	0
21195	4.239	1.78819	1.79199	-0.26181	41.2635	0
21200	4.24	1.78819	1.79199	-0.26181	41.2636	0
21205	4.241	1.78819	1.79199	-0.26181	41.2636	0
21210	4.242	1.78819	1.79199	-0.261809	41.263	0
21215	4.243	1.78819	1.79199	-0.26181	41.2623	0
21220	4.244	1.78819	1.79199	-0.26181	41.2614	0
21225	4.245	1.78819	1.79199	-0.26181	41.2605	0
21230	4.246	1.78819	1.79199	-0.26181	41.2595	0
21235	4.247	1.78819	1.79196	-0.26181	41.2584	0
21240	4.248	1.78819	1.79199	-0.26181	41.2573	0
21245	4.249	1.78819	1.79199	-0.26181	41.257	0
21250	4.25	1.78819	1.79199	-0.26181	41.259	0
21255	4.251	1.78819	1.79199	-0.261809	41.2609	0
21260	4.252	1.78819	1.79199	-0.26181	41.2624	0
21265	4.253	1.78819	1.79199	-0.26181	41.2631	0
21270	4.254	1.78819	1.79199	-0.26181	41.2637	0
21275	4.255	1.78819	1.79199	-0.26181	41.2638	0
21280	4.256	1.78819	1.79199	-0.26181	41.2636	0
21285	4.257	1.78819	1.79199	-0.26181	41.2632	0
21290	4.258	1.78819	1.79199	-0.26181	41.2625	0
21295	4.259	1.78819	1.79199	-0.26181	41.2617	0
21300	4.26	1.78819	1.79199	-0.26181	41.2607	0
21305	4.261	1.78819	1.79199	-0.26181	41.2597	0
21310	4.262	1.78819	1.79199	-0.26181	41.2586	0
21315	4.263	1.78819	1.79199	-0.26181	41.2575	0
21320	4.264	1.78819	1.79199	-0.26181	41.2564	0
21325	4.265	1.78819	1.79199	-0.26181	41.2583	0
21330	4.266	1.78819	1.79199	-0.26181	41.2603	0
21335	4.267	1.78819	1.79199	-0.26181	41.2618	0
21340	4.268	1.78819	1.79199	-0.26181	41.2627	0
21345	4.269	1.78819	1.79199	-0.261809	41.2633	0
21350	4.27	1.78819	1.79199	-0.26181	41.2634	0
21355	4.271	1.78819	1.79199	-0.26181	41.2633	0
21360	4.272	1.78819	1.79199	-0.26181	41.263	0
21365	4.273	1.78819	1.79199	-0.26181	41.2625	0
21370	4.274	1.78819	1.79199	-0.26181	41.2617	0
21375	4.275	1.78819	1.79199	-0.26181	41.2607	0
21380	4.276	1.78819	1.79199	-0.26181	41.2598	0
21385	4.277	1.78819	1.79199	-0.26181	41.2587	0
21390	4.278	1.78819	1.79199	-0.26181	41.2576	0
21395	4.279	1.78819	1.79199	-0.26181	41.2565	0
21400	4.28	1.78819	1.79199	-0.26181	41.2579	0
21405	4.281	1.78819	1.79199	-0.26181	41.26	0
21410	4.282	1.78819	1.79199	-0.26181	41.2616	0
21415	4.283	1.78819	1.79199	-0.26181	41.2627	0
21420	4.284	1.78819	1.79199	-0.26181	41.2633	0
21425	4.285	1.78819	1.79199	-0.26181	41.2636	0
21430	4.286	1.78819	1.79199	-0.26181	41.2635	0
21435	4.287	1.78819	1.79199	-0.26181	41.2633	0
21440	4.288	1.78819	1.79199	-0.26181	41.2627	0
21445	4.289	1.78819	1.79199	-0.26181	41.262	0
21450	4.29	1.78819	1.79199	-0.26181	41.261	0
21455	4.291	1.78819	1.79199	-0.26181	41.26	0
21460	4.292	1.78819	1.79199	-0.26181	41.2589	0
21465	4.293	1.78819	1.79199	-0.26181	41.2578	0
21470	4.294	1.78819	1.79199	-0.26181	41.2567	0
21475	4.295	1.78819	1.79199	-0.26181	41.2577	0
21480	4.296	1.78819	1.79199	-0.26181	41.26	0
21485	4.297	1.78819	1.79199	-0.26181	41.2617	0
21490	4.298	1.78819	1.79199	-0.26181	41.263	0
21495	4.299	1.78819	1.79199	-0.26181	41.2635	0
21500	4.3	1.78819	1.79199	-0.26181	41.2638	0
21505	4.301	1.78819	1.79199	-0.26181	41.2638	0
21510	4.302	1.78819	1.79199	-0.26181	41.2635	0
21515	4.303	1.78819	1.79199	-0.26181	41.263	0
21520	4.304	1.78819	1.79199	-0.26181	41.2623	0
21525	4.305	1.78819	1.79199	-0.26181	41.2614	0
21530	4.306	1.78819	1.79199	-0.261809	41.2604	0
21535	4.307	1.78819	1.79199	-0.26181	41.2593	0
21540	4.308	1.78819	1.79199	-0.26181	41.2582	0
21545	4.309	1.78819	1.79199	-0.26181	41.2571	0
21550	4.31	1.78819	1.79199	-0.26181	41.2575	0
21555	4.311	1.78819	1.79199	-0.26181	41.2596	0
21560	4.312	1.78819	1.79199	-0.26181	41.2614	0
21565	4.313	1.78819	1.79199	-0.26181	41.2628	0
21570	4.314	1.78819	1.79199	-0.26181	41.2635	0
21575	4.315	1.78819	1.79199	-0.261809	41.2638	0
21580	4.316	1.78819	1.79199	-0.26181	41.2638	0
21585	4.317	1.78819	1.79199	-0.26181	41.2635	0
21590	4.318	1.78819	1.79199	-0.26181	41.2631	0
21595	4.319	1.78819	1.79199	-0.26181	41.2625	0
21600	4.32	1.78819	1.79199	-0.26181	41.2617	0
21605	4.321	1.78819	1.79199	-0.26181	41.2607	0
21610	4.322	1.78819	1.79199	-0.26181	41.2596	0
21615	4.323	1.78819	1.79199	-0.26181	41.2585	0
21620	4.324	1.78819	1.79199	-0.261809	41.2573	0
21625	4.325	1.78819	1.79199	-0.26181	41.257	0
21630	4.326	1.78819	1.79199	-0.26181	41.2589	0
21635	4.327	1.78819	1.79199	-0.26181	41.2609	0
21640	4.328	1.78819	1.79199	-0.26181	41.2625	0
21645	4.329	1.78819	1.79199	-0.26181	41.2634	0
21650	4.33	1.78819	1.79199	-0.26181	41.2637	0
21655	4.331	1.78819	1.79199	-0.26181	41.2639	0
21660	4.332	1.78819	1.79199	-0.26181	41.2636	0
21665	4.333	1.78819	1.79199	-0.261809	41.2632	0
21670	4.334	1.78819	1.79199	-0.26181	41.2626	0
21675	4.335	1.78819	1.79199	-0.26181	41.2618	0
21680	4.336	1.78819	1.79199	-0.26181	41.2608	0
21685	4.337	1.78819	1.79199	-0.26181	41.2598	0
21690	4.338	1.78819	1.79199	-0.26181	41.2587	0
21695	4.339	1.78819	1.79199	-0.26181	41.2575	0
21700	4.34	1.78819	1.79199	-0.26181	41.2564	0
21705	4.341	1.78819	1.79199	-0.26181	41.2581	0
21710	4.342	1.78819	1.79199	-0.26181	41.2602	0
21715	4.343	1.78819	1.79199	-0.26181	41.2618	0
21720	4.344	1.78819	1.79199	-0.26181	41.2631	0
21725	4.345	1.78819	1.79199	-0.26181	41.2637	0
21730	4.346	1.78819	1.79199	-0.26181	41.2639	0
21735	4.347	1.78819	1.79199	-0.26181	41.2637	0
21740	4.348	1.78819	1.79199	-0.26181	41.2633	0
21745	4.349	1.78819	1.79199	-0.26181	41.2627	0
21750	4.35	1.78819	1.79199	-0.26181	41.2619	0
21755	4.351	1.78819	1.79199	-0.26181	41.2611	0
21760	4.352	1.78819	1.79199	-0.26181	41.26	0
21765	4.353	1.78819	1.79199	-0.26181	41.2589	0
21770	4.354	1.78819	1.79199	-0.26181	41.2578	0
21775	4.355	1.78819	1.79199	-0.26181	41.2566	0
21780	4.356	1.78819	1.79199	-0.26181	41.2579	0
21785	4.357	1.78819	1.79199	-0.26181	41.26	0
21790	4.358	1.78819	1.79199	-0.26181	41.2617	0
21795	4.359	1.78819	1.79199	-0.26181	41.2629	0
21800	4.36	1.78819	1.79199	-0.26181	41.2637	0
21805	4.361	1.78819	1.79199	-0.26181	41.2639	0
21810	4.362	1.78819	1.79199	-0.26181	41.2638	0
21815	4.363	1.78819	1.79199	-0.26181	41.2634	0
21820	4.364	1.78819	1.79199	-0.26181	41.2628	0
21825	4.365	1.78819	1.79199	-0.26181	41.2621	0
21830	4.366	1.78819	1.79199	-0.26181	41.2612	0
21835	4.367	1.78819	1.79199	-0.26181	41.2602	0
21840	4.368	1.78819	1.79199	-0.26181	41.2591	0
21845	4.369	1.78819	1.79199	-0.26181	41.258	0
21850	4.37	1.78819	1.79199	-0.26181	41.2568	0
21855	4.371	1.78819	1.79199	-0.26181	41.2577	0
21860	4.372	1.78819	1.79196	-0.26181	41.2597	0
21865	4.373	1.78819	1.79199	-0.26181	41.2616	0
21870	4.374	1.78819	1.79199	-0.26181	41.2629	0
21875	4.375	1.78819	1.79199	-0.26181	41.2638	0
21880	4.376	1.78819	1.79199	-0.26181	41.2641	0
21885	4.377	1.78819	1.79199	-0.26181	41.264	0
21890	4.378	1.78819	1.79199	-0.26181	41.2636	0
21895	4.379	1.78819	1.79199	-0.26181	41.263	0
21900	4.38	1.78819	1.79199	-0.26181	41.2623	0
21905	4.381	1.78819	1.79199	-0.26181	41.2614	0
21910	4.382	1.78819	1.79199	-0.26181	41.2605	0
21915	4.383	1.78819	1.79199	-0.26181	41.2594	0
21920	4.384	1.78819	1.79199	-0.26181	41.2583	0
21925	4.385	1.78819	1.79199	-0.26181	41.2571	0
21930	4.386	1.78819	1.79199	-0.26181	41.2576	0
21935	4.387	1.78819	1.79199	-0.26181	41.2594	0
21940	4.388	1.78819	1.79199	-0.26181	41.2613	0
21945	4.389	1.78819	1.79199	-0.26181	41.2626	0
21950	4.39	1.78819	1.79199	-0.26181	41.2635	0
21955	4.391	1.78819	1.79199	-0.26181	41.264	0
21960	4.392	1.78819	1.79199	-0.26181	41.264	0
21965	4.393	1.78819	1.79199	-0.26181	41.2637	0
21970	4.394	1.78819	1.79199	-0.26181	41.2631	0
21975	4.395	1.78819	1.79199	-0.26181	41.2625	0
21980	4.396	1.78819	1.79199	-0.26181	41.2616	0
21985	4.397	1.78819	1.79199	-0.26181	41.2607	0
21990	4.398	1.78819	1.79199	-0.26181	41.2597	0
21995	4.399	1.78819	1.79199	-0.26181	41.2585	0
22000	4.4	1.78819	1.79199	-0.26181	41.2574	0
22005	4.401	1.78819	1.79199	-0.26181	41.2571	0
22010	4.402	1.78819	1.79199	-0.26181	41.2588	0
22015	4.403	1.78819	1.79199	-0.26181	41.2607	0
22020	4.404	1.78819	1.79199	-0.26181	41.2622	0
22025	4.405	1.78819	1.79199	-0.26181	41.2632	0
22030	4.406	1.78819	1.79199	-0.26181	41.264	0
22035	4.407	1.78819	1.79199	-0.26181	41.264	0
22040	4.408	1.78819	1.79199	-0.26181	41.2638	0
22045	4.409	1.78819	1.79196	-0.26181	41.2632	0
22050	4.41	1.78819	1.79199	-0.26181	41.2626	0
22055	4.411	1.78819	1.79199	-0.26181	41.2617	0
22060	4.412	1.78819	1.79199	-0.26181	41.2608	0
22065	4.413	1.78819	1.79199	-0.26181	41.2598	0
22070	4.414	1.78819	1.79199	-0.26181	41.2587	0
22075	4.415	1.78819	1.79199	-0.26181	41.2576	0
22080	4.416	1.78819	1.79199	-0.26181	41.2564	0
22085	4.417	1.78819	1.79199	-0.26181	41.2582	0
22090	4.418	1.78819	1.79199	-0.26181	41.2601	0
22095	4.419	1.78819	1.79199	-0.26181	41.2618	0
22100	4.42	1.78819	1.79199	-0.26181	41.2628	0
22105	4.421	1.78819	1.79199	-0.26181	41.2636	0
22110	4.422	1.78819	1.79199	-0.26181	41.2637	0
22115	4.423	1.78819	1.79199	-0.26181	41.2636	0
22120	4.424	1.78819	1.79199	-0.26181	41.2631	0
22125	4.425	1.78819	1.79199	-0.26181	41.2625	0
22130	4.426	1.78819	1.79199	-0.26181	41.2617	0
22135	4.427	1.78819	1.79196	-0.26181	41.2608	0
22140	4.428	1.78819	1.79199	-0.26181	41.2599	0
22145	4.429	1.78819	1.79199	-0.26181	41.2588	0
22150	4.43	1.78819	1.79199	-0.26181	41.2577	0
22155	4.431	1.78819	1.79199	-0.26181	41.2565	0
22160	4.432	1.78819	1.79199	-0.26181	41.2579	0
22165	4.433	1.78819	1.79199	-0.26181	41.2598	0
22170	4.434	1.78819	1.79199	-0.26181	41.2615	0
22175	4.435	1.78819	1.79199	-0.26181	41.2627	0
22180	4.436	1.78819	1.79196	-0.26181	41.2634	0
22185	4.437	1.78819	1.79199	-0.26181	41.2638	0
22190	4.438	1.78819	1.79199	-0.26181	41.2637	0
22195	4.439	1.78819	1.79199	-0.26181	41.2633	0
22200	4.44	1.78819	1.79199	-0.261809	41.2627	0
22205	4.441	1.78819	1.79199	-0.26181	41.262	0
22210	4.442	1.78819	1.79199	-0.26181	41.2611	0
22215	4.443	1.78819	1.79199	-0.26181	41.2602	0
22220	4.444	1.78819	1.79199	-0.26181	41.2591	0
22225	4.445	1.78819	1.79196	-0.26181	41.258	0
22230	4.446	1.78819	1.79199	-0.26181	41.2568	0
22235	4.447	1.78819	1.79199	-0.26181	41.2577	0
22240	4.448	1.78819	1.79199	-0.26181	41.2597	0
22245	4.449	1.78819	1.79199	-0.261809	41.2614	0
22250	4.45	1.78819	1.79199	-0.26181	41.2628	0
22255	4.451	1.78819	1.79199	-0.26181	41.2636	0
22260	4.452	1.78819	1.79199	-0.26181	41.264	0
22265	4.453	1.78819	1.79199	-0.26181	41.264	0
22270	4.454	1.78819	1.79199	-0.26181	41.2637	0
22275	4.455	1.78819	1.79199	-0.26181	41.263	0
22280	4.456	1.78819	1.79199	-0.26181	41.2623	0
22285	4.457	1.78819	1.79199	-0.26181	41.2614	0
22290	4.458	1.78819	1.79199	-0.26181	41.2604	0
22295	4.459	1.78819	1.79199	-0.26181	41.2594	0
22300	4.46	1.78819	1.79199	-0.26181	41.2583	0
22305	4.461	1.78819	1.79199	-0.26181	41.2572	0
22310	4.462	1.78819	1.79199	-0.26181	41.2575	0
22315	4.463	1.78819	1.79199	-0.26181	41.2595	0
22320	4.464	1.78819	1.79199	-0.26181	41.2612	0
22325	4.465	1.78819	1.79199	-0.26181	41.2626	0
22330	4.466	1.78819	1.79199	-0.26181	41.2634	0
22335	4.467	1.78819	1.79199	-0.261809	41.2639	0
22340	4.468	1.78819	1.79199	-0.26181	41.264	0
22345	4.469	1.78819	1.79199	-0.26181	41.2637	0
22350	4.47	1.78819	1.79199	-0.26181	41.2631	0
22355	4.471	1.78819	1.79199	-0.26181	41.2624	0
22360	4.472	1.78819	1.79199	-0.26181	41.2616	0
22365	4.473	1.78819	1.79199	-0.26181	41.2606	0
22370	4.474	1.78819	1.79199	-0.26181	41.2597	0
22375	4.475	1.78819	1.79199	-0.26181	41.2586	0
22380	4.476	1.78819	1.79199	-0.26181	41.2574	0
22385	4.477	1.78819	1.79199	-0.26181	41.2571	0
22390	4.478	1.78819	1.79199	-0.26181	41.2589	0
22395	4.479	1.78819	1.79199	-0.26181	41.2607	0
22400	4.48	1.78819	1.79199	-0.26181	41.2621	0
22405	4.481	1.78819	1.79199	-0.26181	41.2631	0
22410	4.482	1.78819	1.79199	-0.26181	41.2636	0
22415	4.483	1.78819	1.79199	-0.26181	41.2639	0
22420	4.484	1.78819	1.79199	-0.26181	41.2637	0
22425	4.485	1.78819	1.79199	-0.26181	41.2632	0
22430	4.486	1.78819	1.79199	-0.26181	41.2625	0
22435	4.487	1.78819	1.79199	-0.26181	41.2617	0
22440	4.488	1.78819	1.79199	-0.26181	41.2608	0
22445	4.489	1.78819	1.79199	-0.26181	41.2598	0
22450	4.49	1.78819	1.79199	-0.26181	41.2587	0
22455	4.491	1.78819	1.79199	-0.26181	41.2576	0
22460	4.492	1.78819	1.79199	-0.26181	41.2564	0
22465	4.493	1.78819	1.79199	-0.26181	41.258	0
22470	4.494	1.78819	1.79199	-0.26181	41.2601	0
22475	4.495	1.78819	1.79199	-0.26181	41.2615	0
22480	4.496	1.78819	1.79199	-0.26181	41.2627	0
22485	4.497	1.78819	1.79199	-0.26181	41.2633	0
22490	4.498	1.78819	1.79199	-0.26181	41.2636	0
22495	4.499	1.78819	1.79199	-0.26181	41.2635	0
22500	4.5	1.78819	1.79199	-0.26181	41.2631	0
22505	4.501	1.78819	1.79199	-0.26181	41.2625	0
22510	4.502	1.78819	1.79199	-0.26181	41.2617	0
22515	4.503	1.78819	1.79199	-0.26181	41.2608	0
22520	4.504	1.78819	1.79199	-0.261809	41.2598	0
22525	4.505	1.78819	1.79199	-0.26181	41.2588	0
22530	4.506	1.78819	1.79199	-0.26181	41.2577	0
22535	4.507	1.78819	1.79199	-0.26181	41.2566	0
22540	4.508	1.78819	1.79199	-0.26181	41.2578	0
22545	4.509	1.78819	1.79199	-0.26181	41.2598	0
22550	4.51	1.78819	1.79199	-0.26181	41.2613	0
22555	4.511	1.78819	1.79199	-0.26181	41.2625	0
22560	4.512	1.78819	1.79199	-0.26181	41.2632	0
22565	4.513	1.78819	1.79199	-0.261809	41.2635	0
22570	4.514	1.78819	1.79199	-0.26181	41.2636	0
22575	4.515	1.78819	1.79199	-0.26181	41.2632	0
22580	4.516	1.78819	1.79199	-0.26181	41.2627	0
22585	4.517	1.78819	1.79199	-0.26181	41.2618	0
22590	4.518	1.78819	1.79199	-0.26181	41.261	0
22595	4.519	1.78819	1.79199	-0.26181	41.26	0
22600	4.52	1.78819	1.79199	-0.26181	41.259	0
22605	4.521	1.78819	1.79199	-0.26181	41.2579	0
22610	4.522	1.78819	1.79199	-0.261809	41.2568	0
22615	4.523	1.78819	1.79199	-0.26181	41.2577	0
22620	4.524	1.78819	1.79199	-0.26181	41.2595	0
22625	4.525	1.78819	1.79199	-0.26181	41.2612	0
22630	4.526	1.78819	1.79199	-0.26181	41.2624	0
22635	4.527	1.78819	1.79199	-0.26181	41.2633	0
22640	4.528	1.78819	1.79199	-0.26181	41.2636	0
22645	4.529	1.78819	1.79199	-0.26181	41.2637	0
22650	4.53	1.78819	1.79199	-0.26181	41.2635	0
22655	4.531	1.78819	1.79199	-0.261809	41.2629	0
22660	4.532	1.78819	1.79199	-0.26181	41.2621	0
22665	4.533	1.78819	1.79199	-0.26181	41.2612	0
22670	4.534	1.78819	1.79199	-0.26181	41.2603	0
22675	4.535	1.78819	1.79199	-0.26181	41.2592	0
22680	4.536	1.78819	1.79199	-0.26181	41.2582	0
22685	4.537	1.78819	1.79199	-0.26181	41.2571	0
22690	4.538	1.78819	1.79199	-0.26181	41.2576	0
22695	4.539	1.78819	1.79199	-0.26181	41.2593	0
22700	4.54	1.78819	1.79199	-0.26181	41.2611	0
22705	4.541	1.78819	1.79199	-0.26181	41.2623	0
22710	4.542	1.78819	1.79199	-0.26181	41.2632	0
22715	4.543	1.78819	1.79199	-0.26181	41.2636	0
22720	4.544	1.78819	1.79199	-0.26181	41.2637	0
22725	4.545	1.78819	1.79199	-0.26181	41.2635	0
22730	4.546	1.78819	1.79199	-0.26181	41.263	0
22735	4.547	1.78819	1.79199	-0.26181	41.2623	0
22740	4.548	1.78819	1.79199	-0.26181	41.2614	0
22745	4.549	1.78819	1.79199	-0.26181	41.2605	0
22750	4.55	1.78819	1.79199	-0.26181	41.2594	0
22755	4.551	1.78819	1.79199	-0.26181	41.2584	0
22760	4.552	1.78819	1.79199	-0.26181	41.2573	0
22765	4.553	1.78819	1.79199	-0.26181	41.2571	0
22770	4.554	1.78819	1.79199	-0.26181	41.2589	0
22775	4.555	1.78819	1.79199	-0.26181	41.2607	0
22780	4.556	1.78819	1.79199	-0.26181	41.262	0
22785	4.557	1.78819	1.79199	-0.26181	41.2629	0
22790	4.558	1.78819	1.79199	-0.26181	41.2634	0
22795	4.559	1.78819	1.79199	-0.26181	41.2635	0
22800	4.56	1.78819	1.79199	-0.26181	41.2635	0
22805	4.561	1.78819	1.79199	-0.26181	41.2631	0
22810	4.562	1.78819	1.79199	-0.26181	41.2625	0
22815	4.563	1.78819	1.79199	-0.26181	41.2616	0
22820	4.564	1.78819	1.79199	-0.26181	41.2607	0
22825	4.565	1.78819	1.79199	-0.26181	41.2596	0
22830	4.566	1.78819	1.79199	-0.26181	41.2585	0
22835	4.567	1.78819	1.79199	-0.26181	41.2574	0
22840	4.568	1.78819	1.79199	-0.26181	41.2563	0
22845	4.569	1.78819	1.79199	-0.26181	41.2581	0
22850	4.57	1.78819	1.79196	-0.26181	41.2602	0
22855	4.571	1.78819	1.79199	-0.26181	41.2618	0
22860	4.572	1.78819	1.79199	-0.26181	41.2627	0
22865	4.573	1.78819	1.79199	-0.26181	41.2633	0
22870	4.574	1.78819	1.79199	-0.26181	41.2634	0
22875	4.575	1.78819	1.79199	-0.26181	41.2634	0
22880	4.576	1.78819	1.79199	-0.26181	41.263	0
22885	4.577	1.78819	1.79199	-0.26181	41.2625	0
22890	4.578	1.78819	1.79199	-0.26181	41.2617	0
22895	4.579	1.78819	1.79199	-0.26181	41.2607	0
22900	4.58	1.78819	1.79199	-0.26181	41.2597	0
22905	4.581	1.78819	1.79199	-0.26181	41.2587	0
22910	4.582	1.78819	1.79199	-0.26181	41.2576	0
22915	4.583	1.78819	1.79199	-0.26181	41.2565	0
22920	4.584	1.78819	1.79199	-0.26181	41.258	0
22925	4.585	1.78819	1.79199	-0.26181	41.26	0
22930	4.586	1.78819	1.79199	-0.26181	41.2617	0
22935	4.587	1.78819	1.79199	-0.26181	41.2626	0
22940	4.588	1.78819	1.79199	-0.26181	41.2632	0
22945	4.589	1.78819	1.79199	-0.26181	41.2635	0
22950	4.59	1.78819	1.79199	-0.26181	41.2634	0
22955	4.591	1.78819	1.79199	-0.26181	41.2631	0
22960	4.592	1.78819	1.79199	-0.26181	41.2626	0
22965	4.593	1.78819	1.79199	-0.26181	41.262	0
22970	4.594	1.78819	1.79199	-0.26181	41.261	0
22975	4.595	1.78819	1.79199	-0.26181	41.26	0
22980	4.596	1.78819	1.79199	-0.26181	41.2589	0
22985	4.597	1.78819	1.79199	-0.26181	41.2579	0
22990	4.598	1.78819	1.79199	-0.26181	41.2567	0
22995	4.599	1.78819	1.79199	-0.26181	41.2577	0
23000	4.6	1.78819	1.79199	-0.26181	41.2598	0
23005	4.601	1.78819	1.79199	-0.26181	41.2616	0
23010	4.602	1.78819	1.79199	-0.26181	41.263	0
23015	4.603	1.78819	1.79199	-0.26181	41.2639	0
23020	4.604	1.78819	1.79199	-0.26181	41.2645	0
23025	4.605	1.78819	1.79199	-0.26181	41.2645	0
23030	4.606	1.78819	1.79199	-0.26181	41.2644	0
23035	4.607	1.78819	1.79196	-0.26181	41.2639	0
23040	4.608	1.78819	1.79199	-0.26181	41.2633	0
23045	4.609	1.78819	1.79199	-0.26181	41.2623	0
23050	4.61	1.78819	1.79199	-0.26181	41.2613	0
23055	4.611	1.78819	1.79199	-0.26181	41.2602	0
23060	4.612	1.78819	1.79199	-0.26181	41.2591	0
23065	4.613	1.78819	1.79199	-0.26181	41.2579	0
23070	4.614	1.78819	1.79199	-0.26181	41.2583	0
23075	4.615	1.78819	1.79199	-0.26181	41.2605	0
23080	4.616	1.78819	1.79199	-0.26181	41.2624	0
23085	4.617	1.78819	1.79199	-0.26181	41.264	0
23090	4.618	1.78819	1.79199	-0.26181	41.2648	0
23095	4.619	1.78819	1.79199	-0.26181	41.2651	0
23100	4.62	1.78819	1.79199	-0.26181	41.265	0
23105	4.621	1.78819	1.79199	-0.26181	41.2647	0
23110	4.622	1.78819	1.79199	-0.26181	41.2641	0
23115	4.623	1.78819	1.79199	-0.26181	41.2634	0
23120	4.624	1.78819	1.79199	-0.26181	41.2625	0
23125	4.625	1.78819	1.79196	-0.26181	41.2615	0
23130	4.626	1.78819	1.79199	-0.26181	41.2604	0
23135	4.627	1.78819	1.79199	-0.26181	41.2592	0
23140	4.628	1.78819	1.79199	-0.26181	41.258	0
23145	4.629	1.78819	1.79199	-0.26181	41.2577	0
23150	4.63	1.78819	1.79199	-0.26181	41.2596	0
23155	4.631	1.78819	1.79199	-0.26181	41.2614	0
23160	4.632	1.78819	1.79199	-0.26181	41.263	0
23165	4.633	1.78819	1.79199	-0.26181	41.264	0
23170	4.634	1.78819	1.79196	-0.26181	41.2644	0
23175	4.635	1.78819	1.79199	-0.26181	41.2644	0
23180	4.636	1.78819	1.79199	-0.26181	41.2641	0
23185	4.637	1.78819	1.79199	-0.26181	41.2637	0
23190	4.638	1.78819	1.79199	-0.261809	41.263	0
23195	4.639	1.78819	1.79199	-0.26181	41.2622	0
23200	4.64	1.78819	1.79199	-0.26181	41.2612	0
23205	4.641	1.78819	1.79199	-0.26181	41.2601	0
23210	4.642	1.78819	1.79199	-0.26181	41.259	0
23215	4.643	1.78819	1.79196	-0.26181	41.2578	0
23220	4.644	1.78819	1.79199	-0.26181	41.2566	0
23225	4.645	1.78819	1.79199	-0.26181	41.2583	0
23230	4.646	1.78819	1.79199	-0.26181	41.2604	0
23235	4.647	1.78819	1.79199	-0.261809	41.2619	0
23240	4.648	1.78819	1.79199	-0.26181	41.2633	0
23245	4.649	1.78819	1.79199	-0.26181	41.2638	0
23250	4.65	1.78819	1.79199	-0.26181	41.264	0
23255	4.651	1.78819	1.79199	-0.26181	41.2637	0
23260	4.652	1.78819	1.79199	-0.26181	41.2633	0
23265	4.653	1.78819	1.79199	-0.26181	41.2627	0
23270	4.654	1.78819	1.79199	-0.26181	41.2619	0
23275	4.655	1.78819	1.79199	-0.26181	41.261	0
23280	4.656	1.78819	1.79199	-0.26181	41.26	0
23285	4.657	1.78819	1.79199	-0.26181	41.2589	0
23290	4.658	1.78819	1.79199	-0.26181	41.2577	0
23295	4.659	1.78819	1.79199	-0.26181	41.2566	0
23300	4.66	1.78819	1.79199	-0.26181	41.2579	0
23305	4.661	1.78819	1.79199	-0.26181	41.2601	0
23310	4.662	1.78819	1.79199	-0.26181	41.2617	0
23315	4.663	1.78819	1.79199	-0.26181	41.263	0
23320	4.664	1.78819	1.79199	-0.26181	41.2637	0
23325	4.665	1.78819	1.79199	-0.261809	41.2639	0
23330	4.666	1.78819	1.79199	-0.26181	41.2637	0
23335	4.667	1.78819	1.79199	-0.26181	41.2633	0
23340	4.668	1.78819	1.79199	-0.26181	41.2628	0
23345	4.669	1.78819	1.79199	-0.26181	41.262	0
23350	4.67	1.78819	1.79199	-0.26181	41.2612	0
23355	4.671	1.78819	1.79199	-0.26181	41.2602	0
23360	4.672	1.78819	1.79199	-0.26181	41.2592	0
23365	4.673	1.78819	1.79199	-0.26181	41.258	0
23370	4.674	1.78819	1.79199	-0.26181	41.2568	0
23375	4.675	1.78819	1.79199	-0.26181	41.2577	0
23380	4.676	1.78819	1.79199	-0.26181	41.2598	0
23385	4.677	1.78819	1.79199	-0.26181	41.2615	0
23390	4.678	1.78819	1.79199	-0.26181	41.2628	0
23395	4.679	1.78819	1.79199	-0.26181	41.2637	0
23400	4.68	1.78819	1.79199	-0.26181	41.2639	0
23405	4.681	1.78819	1.79199	-0.26181	41.2639	0
23410	4.682	1.78819	1.79199	-0.26181	41.2635	0
23415	4.683	1.78819	1.79199	-0.26181	41.263	0
23420	4.684	1.78819	1.79199	-0.26181	41.2623	0
23425	4.685	1.78819	1.79199	-0.26181	41.2615	0
23430	4.686	1.78819	1.79199	-0.26181	41.2605	0
23435	4.687	1.78819	1.79199	-0.26181	41.2594	0
23440	4.688	1.78819	1.79199	-0.26181	41.2583	0
23445	4.689	1.78819	1.79199	-0.26181	41.2571	0
23450	4.69	1.78819	1.79199	-0.26181	41.2575	0
23455	4.691	1.78819	1.79199	-0.26181	41.2593	0
23460	4.692	1.78819	1.79199	-0.26181	41.2614	0
23465	4.693	1.78819	1.79199	-0.26181	41.2627	0
23470	4.694	1.78819	1.79199	-0.26181	41.2637	0
23475	4.695	1.78819	1.79199	-0.26181	41.2641	0
23480	4.696	1.78819	1.79199	-0.26181	41.2641	0
23485	4.697	1.78819	1.79199	-0.26181	41.2637	0
23490	4.698	1.78819	1.79199	-0.26181	41.2632	0
23495	4.699	1.78819	1.79199	-0.26181	41.2625	0
23500	4.7	1.78819	1.79199	-0.26181	41.2616	0
23505	4.701	1.78819	1.79199	-0.26181	41.2607	0
23510	4.702	1.78819	1.79199	-0.261809	41.2597	0
23515	4.703	1.78819	1.79199	-0.26181	41.2586	0
23520	4.704	1.78819	1.79199	-0.26181	41.2574	0
23525	4.705	1.78819	1.79199	-0.26181	41.2571	0
23530	4.706	1.78819	1.79199	-0.26181	41.2588	0
23535	4.707	1.78819	1.79199	-0.26181	41.2608	0
23540	4.708	1.78819	1.79199	-0.26181	41.2622	0
23545	4.709	1.78819	1.79199	-0.26181	41.2633	0
23550	4.71	1.78819	1.79199	-0.26181	41.2638	0
23555	4.711	1.78819	1.79199	-0.261809	41.2639	0
23560	4.712	1.78819	1.79199	-0.261809	41.2636	0
23565	4.713	1.78819	1.79199	-0.26181	41.2631	0
23570	4.714	1.78819	1.79199	-0.26181	41.2625	0
23575	4.715	1.78819	1.79199	-0.26181	41.2617	0
23580	4.716	1.78819	1.79199	-0.26181	41.2608	0
23585	4.717	1.78819	1.79199	-0.26181	41.2598	0
23590	4.718	1.78819	1.79199	-0.26181	41.2587	0
23595	4.719	1.78819	1.79199	-0.26181	41.2576	0
23600	4.72	1.78819	1.79199	-0.261809	41.2564	0
23605	4.721	1.78819	1.79199	-0.26181	41.258	0
23610	4.722	1.78819	1.79199	-0.26181	41.2599	0
23615	4.723	1.78819	1.79199	-0.26181	41.2616	0
23620	4.724	1.78819	1.79199	-0.26181	41.2627	0
23625	4.725	1.78819	1.79199	-0.26181	41.2635	0
23630	4.726	1.78819	1.79199	-0.26181	41.2637	0
23635	4.727	1.78819	1.79199	-0.26181	41.2636	0
23640	4.728	1.78819	1.79199	-0.26181	41.2631	0
23645	4.729	1.78819	1.79199	-0.261809	41.2625	0
23650	4.73	1.78819	1.79199	-0.26181	41.2617	0
23655	4.731	1.78819	1.79199	-0.26181	41.2608	0
23660	4.732	1.78819	1.79199	-0.26181	41.2599	0
23665	4.733	1.78819	1.79199	-0.26181	41.2588	0
23670	4.734	1.78819	1.79199	-0.26181	41.2577	0
23675	4.735	1.78819	1.79199	-0.26181	41.2565	0
23680	4.736	1.78819	1.79199	-0.26181	41.258	0
23685	4.737	1.78819	1.79199	-0.26181	41.2598	0
23690	4.738	1.78819	1.79199	-0.26181	41.2616	0
23695	4.739	1.78819	1.79199	-0.26181	41.2627	0
23700	4.74	1.78819	1.79199	-0.26181	41.2635	0
23705	4.741	1.78819	1.79199	-0.26181	41.2639	0
23710	4.742	1.78819	1.79199	-0.26181	41.2637	0
23715	4.743	1.78819	1.79199	-0.26181	41.2633	0
23720	4.744	1.78819	1.79199	-0.26181	41.2627	0
23725	4.745	1.78819	1.79199	-0.26181	41.262	0
23730	4.746	1.78819	1.79199	-0.26181	41.2611	0
23735	4.747	1.78819	1.79199	-0.26181	41.2602	0
23740	4.748	1.78819	1.79199	-0.26181	41.2591	0
23745	4.749	1.78819	1.79199	-0.26181	41.258	0
23750	4.75	1.78819	1.79199	-0.26181	41.2568	0
23755	4.751	1.78819	1.79199	-0.26181	41.2578	0
23760	4.752	1.78819	1.79199	-0.26181	41.2596	0
23765	4.753	1.78819	1.79199	-0.26181	41.2614	0
23770	4.754	1.78819	1.79199	-0.26181	41.2626	0
23775	4.755	1.78819	1.79199	-0.26181	41.2634	0
23780	4.756	1.78819	1.79199	-0.26181	41.2639	0
23785	4.757	1.78819	1.79199	-0.26181	41.2638	0
23790	4.758	1.78819	1.79199	-0.26181	41.2635	0
23795	4.759	1.78819	1.79199	-0.26181	41.2629	0
23800	4.76	1.78819	1.79199	-0.26181	41.2622	0
23805	4.761	1.78819	1.79199	-0.26181	41.2613	0
23810	4.762	1.78819	1.79199	-0.26181	41.2604	0
23815	4.763	1.78819	1.79199	-0.26181	41.2594	0
23820	4.764	1.78819	1.79199	-0.26181	41.2583	0
23825	4.765	1.78819	1.79199	-0.26181	41.2571	0
23830	4.766	1.78819	1.79199	-0.26181	41.2575	0
23835	4.767	1.78819	1.79199	-0.26181	41.2594	0
23840	4.768	1.78819	1.79196	-0.26181	41.2611	0
23845	4.769	1.78819	1.79199	-0.26181	41.2626	0
23850	4.77	1.78819	1.79199	-0.26181	41.2634	0
23855	4.771	1.78819	1.79199	-0.26181	41.264	0
23860	4.772	1.78819	1.79199	-0.26181	41.2641	0
23865	4.773	1.78819	1.79199	-0.26181	41.2638	0
23870	4.774	1.78819	1.79199	-0.26181	41.2632	0
23875	4.775	1.78819	1.79199	-0.26181	41.2624	0
23880	4.776	1.78819	1.79199	-0.26181	41.2616	0
23885	4.777	1.78819	1.79199	-0.26181	41.2606	0
23890	4.778	1.78819	1.79199	-0.26181	41.2596	0
23895	4.779	1.78819	1.79199	-0.26181	41.2586	0
23900	4.78	1.78819	1.79199	-0.26181	41.2575	0
23905	4.781	1.78819	1.79199	-0.26181	41.2571	0
23910	4.782	1.78819	1.79199	-0.26181	41.259	0
23915	4.783	1.78819	1.79199	-0.26181	41.2607	0
23920	4.784	1.78819	1.79199	-0.26181	41.2622	0
23925	4.785	1.78819	1.79199	-0.26181	41.2631	0
23930	4.786	1.78819	1.79199	-0.26181	41.2637	0
23935	4.787	1.78819	1.79199	-0.26181	41.2638	0
23940	4.788	1.78819	1.79199	-0.26181	41.2637	0
23945	4.789	1.78819	1.79199	-0.26181	41.2632	0
23950	4.79	1.78819	1.79199	-0.26181	41.2625	0
23955	4.791	1.78819	1.79199	-0.26181	41.2617	0
23960	4.792	1.78819	1.79199	-0.26181	41.2607	0
23965	4.793	1.78819	1.79199	-0.26181	41.2598	0
23970	4.794	1.78819	1.79199	-0.26181	41.2587	0
23975	4.795	1.78819	1.79199	-0.26181	41.2576	0
23980	4.796	1.78819	1.79199	-0.26181	41.2564	0
23985	4.797	1.78819	1.79199	-0.26181	41.2581	0
23990	4.798	1.78819	1.79199	-0.26181	41.2599	0
23995	4.799	1.78819	1.79199	-0.26181	41.2614	0
24000	4.8	1.78819	1.79199	-0.26181	41.2626	0
24005	4.801	1.78819	1.79199	-0.26181	41.2632	0
24010	4.802	1.78819	1.79199	-0.26181	41.2636	0
24015	4.803	1.78819	1.79199	-0.26181	41.2635	0
24020	4.804	1.78819	1.79199	-0.26181	41.2631	0
24025	4.805	1.78819	1.79196	-0.26181	41.2624	0
24030	4.806	1.78819	1.79199	-0.26181	41.2616	0
24035	4.807	1.78819	1.79199	-0.26181	41.2607	0
24040	4.808	1.78819	1.79199	-0.26181	41.2598	0
24045	4.809	1.78819	1.79199	-0.26181	41.2587	0
24050	4.81	1.78819	1.79199	-0.26181	41.2576	0
24055	4.811	1.78819	1.79199	-0.26181	41.2565	0
24060	4.812	1.78819	1.79199	-0.26181	41.2578	0
24065	4.813	1.78819	1.79199	-0.26181	41.2599	0
24070	4.814	1.78819	1.79199	-0.26181	41.2614	0
24075	4.815	1.78819	1.79199	-0.26181	41.2626	0
24080	4.816	1.78819	1.79199	-0.26181	41.2633	0
24085	4.817	1.78819	1.79199	-0.26181	41.2636	0
24090	4.818	1.78819	1.79199	-0.26181	41.2636	0
24095	4.819	1.78819	1.79199	-0.26181	41.2633	0
24100	4.82	1.78819	1.79199	-0.26181	41.2627	0
24105	4.821	1.78819	1.79199	-0.26181	41.2619	0
24110	4.822	1.78819	1.79199	-0.26181	41.261	0
24115	4.823	1.78819	1.79196	-0.26181	41.26	0
24120	4.824	1.78819	1.79199	-0.26181	41.259	0
24125	4.825	1.78819	1.79199	-0.26181	41.2579	0
24130	4.826	1.78819	1.79199	-0.26181	41.2569	0
24135	4.827	1.78819	1.79199	-0.26181	41.2577	0
24140	4.828	1.78819	1.79199	-0.26181	41.2597	0
24145	4.829	1.78819	1.79199	-0.26181	41.2612	0
24150	4.83	1.78819	1.79199	-0.26181	41.2624	0
24155	4.831	1.78819	1.79199	-0.26181	41.2632	0
24160	4.832	1.78819	1.79196	-0.26181	41.2635	0
24165	4.833	1.78819	1.79199	-0.26181	41.2636	0
24170	4.834	1.78819	1.79199	-0.26181	41.2634	0
24175	4.835	1.78819	1.79199	-0.26181	41.2629	0
24180	4.836	1.78819	1.79199	-0.261809	41.2621	0
24185	4.837	1.78819	1.79199	-0.26181	41.2613	0
24190	4.838	1.78819	1.79199	-0.26181	41.2603	0
24195	4.839	1.78819	1.79199	-0.26181	41.2593	0
24200	4.84	1.78819	1.79199	-0.26181	41.2582	0
24205	4.841	1.78819	1.79196	-0.26181	41.2571	0
24210	4.842	1.78819	1.79199	-0.26181	41.2575	0
24215	4.843	1.78819	1.79199	-0.26181	41.2593	0
24220	4.844	1.78819	1.79199	-0.26181	41.2611	0
24225	4.845	1.78819	1.79199	-0.261809	41.2622	0
24230	4.846	1.78819	1.79199	-0.26181	41.2632	0
24235	4.847	1.78819	1.79199	-0.26181	41.2636	0
24240	4.848	1.78819	1.79199	-0.26181	41.2637	0
24245	4.849	1.78819	1.79199	-0.26181	41.2635	0
24250	4.85	1.78819	1.79199	-0.26181	41.2631	0
24255	4.851	1.78819	1.79199	-0.26181	41.2623	0
24260	4.852	1.78819	1.79199	-0.26181	41.2615	0
24265	4.853	1.78819	1.79199	-0.26181	41.2605	0
24270	4.854	1.78819	1.79199	-0.26181	41.2594	0
24275	4.855	1.78819	1.79199	-0.26181	41.2584	0
24280	4.856	1.78819	1.79199	-0.26181	41.2573	0
24285	4.857	1.78819	1.79199	-0.26181	41.2571	0
24290	4.858	1.78819	1.79199	-0.26181	41.2589	0
24295	4.859	1.78819	1.79199	-0.26181	41.2608	0
24300	4.86	1.78819	1.79199	-0.26181	41.2621	0
24305	4.861	1.78819	1.79199	-0.26181	41.263	0
24310	4.862	1.78819	1.79199	-0.26181	41.2634	0
24315	4.863	1.78819	1.79199	-0.261809	41.2636	0
24320	4.864	1.78819	1.79199	-0.26181	41.2634	0
24325	4.865	1.78819	1.79199	-0.26181	41.263	0
24330	4.866	1.78819	1.79199	-0.26181	41.2624	0
24335	4.867	1.78819	1.79199	-0.26181	41.2616	0
24340	4.868	1.78819	1.79199	-0.26181	41.2607	0
24345	4.869	1.78819	1.79199	-0.26181	41.2596	0
24350	4.87	1.78819	1.79199	-0.26181	41.2586	0
24355	4.871	1.78819	1.79199	-0.26181	41.2574	0
24360	4.872	1.78819	1.79199	-0.26181	41.2563	0
24365	4.873	1.78819	1.79199	-0.26181	41.258	0
24370	4.874	1.78819	1.79199	-0.26181	41.2602	0
24375	4.875	1.78819	1.79199	-0.26181	41.2619	0
24380	4.876	1.78819	1.79199	-0.26181	41.2631	0
24385	4.877	1.78819	1.79199	-0.26181	41.2639	0
24390	4.878	1.78819	1.79199	-0.26181	41.2642	0
24395	4.879	1.78819	1.79199	-0.26181	41.2643	0
24400	4.88	1.78819	1.79199	-0.26181	41.264	0
24405	4.881	1.78819	1.79199	-0.26181	41.2636	0
24410	4.882	1.78819	1.79199	-0.26181	41.2627	0
24415	4.883	1.78819	1.79199	-0.26181	41.2618	0
24420	4.884	1.78819	1.79199	-0.26181	41.2607	0
24425	4.885	1.78819	1.79199	-0.26181	41.2596	0
24430	4.886	1.78819	1.79199	-0.26181	41.2585	0
24435	4.887	1.78819	1.79199	-0.26181	41.2573	0
24440	4.888	1.78819	1.79199	-0.26181	41.2588	0
24445	4.889	1.78819	1.79199	-0.26181	41.2608	0
24450	4.89	1.78819	1.79199	-0.26181	41.2628	0
24455	4.891	1.78819	1.79199	-0.26181	41.2641	0
24460	4.892	1.78819	1.79199	-0.26181	41.2647	0
24465	4.893	1.78819	1.79199	-0.26181	41.2648	0
24470	4.894	1.78819	1.79199	-0.26181	41.2647	0
24475	4.895	1.78819	1.79199	-0.26181	41.2643	0
24480	4.896	1.78819	1.79199	-0.26181	41.2637	0
24485	4.897	1.78819	1.79199	-0.26181	41.2629	0
24490	4.898	1.78819	1.79199	-0.26181	41.2619	0
24495	4.899	1.78819	1.79199	-0.26181	41.2609	0
24500	4.9	1.78819	1.79199	-0.261809	41.2597	0
24505	4.901	1.78819	1.79199	-0.26181	41.2586	0
24510	4.902	1.78819	1.79199	-0.26181	41.2574	0
24515	4.903	1.78819	1.79199	-0.26181	41.2584	0
24520	4.904	1.78819	1.79199	-0.26181	41.2603	0
24525	4.905	1.78819	1.79199	-0.26181	41.2622	0
24530	4.906	1.78819	1.79199	-0.26181	41.2635	0
24535	4.907	1.78819	1.79199	-0.26181	41.2642	0
24540	4.908	1.78819	1.79199	-0.26181	41.2643	0
24545	4.909	1.78819	1.79199	-0.261809	41.2642	0
24550	4.91	1.78819	1.79199	-0.26181	41.2639	0
24555	4.911	1.78819	1.79199	-0.26181	41.2633	0
24560	4.912	1.78819	1.79199	-0.26181	41.2627	0
24565	4.913	1.78819	1.79199	-0.26181	41.2617	0
24570	4.914	1.78819	1.79199	-0.26181	41.2607	0
24575	4.915	1.78819	1.79199	-0.26181	41.2596	0
24580	4.916	1.78819	1.79199	-0.26181	41.2585	0
24585	4.917	1.78819	1.79199	-0.26181	41.2573	0
24590	4.918	1.78819	1.79199	-0.261809	41.2577	0
24595	4.919	1.78819	1.79199	-0.26181	41.2596	0
24600	4.92	1.78819	1.79199	-0.26181	41.2615	0
24605	4.921	1.78819	1.79199	-0.26181	41.263	0
24610	4.922	1.78819	1.79199	-0.26181	41.2637	0
24615	4.923	1.78819	1.79199	-0.26181	41.2641	0
24620	4.924	1.78819	1.79199	-0.26181	41.264	0
24625	4.925	1.78819	1.79199	-0.26181	41.2638	0
24630	4.926	1.78819	1.79199	-0.26181	41.2633	0
24635	4.927	1.78819	1.79199	-0.261809	41.2626	0
24640	4.928	1.78819	1.79199	-0.26181	41.2618	0
24645	4.929	1.78819	1.79199	-0.26181	41.2608	0
24650	4.93	1.78819	1.79199	-0.26181	41.2597	0
24655	4.931	1.78819	1.79199	-0.26181	41.2585	0
24660	4.932	1.78819	1.79199	-0.26181	41.2574	0
24665	4.933	1.78819	1.79199	-0.26181	41.2571	0
24670	4.934	1.78819	1.79199	-0.26181	41.2591	0
24675	4.935	1.78819	1.79199	-0.26181	41.261	0
24680	4.936	1.78819	1.79199	-0.26181	41.2626	0
24685	4.937	1.78819	1.79199	-0.26181	41.2636	0
24690	4.938	1.78819	1.79199	-0.26181	41.264	0
24695	4.939	1.78819	1.79199	-0.26181	41.264	0
24700	4.94	1.78819	1.79199	-0.26181	41.2637	0
24705	4.941	1.78819	1.79199	-0.26181	41.2633	0
24710	4.942	1.78819	1.79199	-0.26181	41.2626	0
24715	4.943	1.78819	1.79199	-0.26181	41.2618	0
24720	4.944	1.78819	1.79199	-0.26181	41.2609	0
24725	4.945	1.78819	1.79199	-0.26181	41.2599	0
24730	4.946	1.78819	1.79199	-0.26181	41.2587	0
24735	4.947	1.78819	1.79199	-0.26181	41.2576	0
24740	4.948	1.78819	1.79199	-0.26181	41.2564	0
24745	4.949	1.78819	1.79199	-0.26181	41.2582	0
24750	4.95	1.78819	1.79199	-0.26181	41.2601	0
24755	4.951	1.78819	1.79199	-0.26181	41.2618	0
24760	4.952	1.78819	1.79199	-0.26181	41.263	0
24765	4.953	1.78819	1.79199	-0.26181	41.2635	0
24770	4.954	1.78819	1.79199	-0.26181	41.2636	0
24775	4.955	1.78819	1.79199	-0.26181	41.2634	0
24780	4.956	1.78819	1.79199	-0.26181	41.2631	0
24785	4.957	1.78819	1.79199	-0.26181	41.2625	0
24790	4.958	1.78819	1.79199	-0.26181	41.2618	0
24795	4.959	1.78819	1.79199	-0.26181	41.2609	0
24800	4.96	1.78819	1.79199	-0.26181	41.2599	0
24805	4.961	1.78819	1.79199	-0.26181	41.2588	0
24810	4.962	1.78819	1.79199	-0.26181	41.2576	0
24815	4.963	1.78819	1.79199	-0.26181	41.2565	0
24820	4.964	1.78819	1.79199	-0.26181	41.2579	0
24825	4.965	1.78819	1.79199	-0.26181	41.26	0
24830	4.966	1.78819	1.79196	-0.26181	41.2616	0
24835	4.967	1.78819	1.79199	-0.26181	41.263	0
24840	4.968	1.78819	1.79199	-0.26181	41.2637	0
24845	4.969	1.78819	1.79199	-0.26181	41.2639	0
24850	4.97	1.78819	1.79199	-0.26181	41.2637	0
24855	4.971	1.78819	1.79199	-0.26181	41.2634	0
24860	4.972	1.78819	1.79199	-0.26181	41.2627	0
24865	4.973	1.78819	1.79199	-0.26181	41.262	0
24870	4.974	1.78819	1.79199	-0.26181	41.2612	0
24875	4.975	1.78819	1.79199	-0.26181	41.2602	0
24880	4.976	1.78819	1.79199	-0.26181	41.2591	0
24885	4.977	1.78819	1.79199	-0.26181	41.2579	0
24890	4.978	1.78819	1.79199	-0.26181	41.2568	0
24895	4.979	1.78819	1.79199	-0.26181	41.2577	0
24900	4.98	1.78819	1.79199	-0.26181	41.2599	0
24905	4.981	1.78819	1.79199	-0.26181	41.2616	0
24910	4.982	1.78819	1.79199	-0.26181	41.2629	0
24915	4.983	1.78819	1.79199	-0.26181	41.2637	0
24920	4.984	1.78819	1.79199	-0.26181	41.264	0
24925	4.985	1.78819	1.79199	-0.26181	41.2639	0
24930	4.986	1.78819	1.79199	-0.26181	41.2635	0
24935	4.987	1.78819	1.79199	-0.26181	41.263	0
24940	4.988	1.78819	1.79199	-0.26181	41.2622	0
24945	4.989	1.78819	1.79199	-0.26181	41.2615	0
24950	4.99	1.78819	1.79199	-0.26181	41.2605	0
24955	4.991	1.78819	1.79199	-0.26181	41.2594	0
24960	4.992	1.78819	1.79199	-0.26181	41.2583	0
24965	4.993	1.78819	1.79199	-0.26181	41.2571	0
24970	4.994	1.78819	1.79199	-0.26181	41.2575	0
24975	4.995	1.78819	1.79199	-0.26181	41.2594	0
24980	4.996	1.78819	1.79199	-0.26181	41.2613	0
24985	4.997	1.78819	1.79199	-0.26181	41.2626	0
24990	4.998	1.78819	1.79199	-0.26181	41.2636	0
24995	4.999	1.78819	1.79199	-0.26181	41.264	0
25000	5	1.78819	1.79199	-0.26181	41.2641	0
25005	5.001	0	0	0	0	0
25010	5.002	0	0	0	0	0
25015	5.003	0	0	0	0	0
25020	5.004	0	0	0	0	0
25025	5.005	0	0	0	0	0
25030	5.006	0	0	0	0	0
25035	5.007	0	0	0	0	0
25040	5.008	0	0	0	0	0
25045	5.009	0	0	0	0	0
