[syn6] pinned AARL_NET=syn6 AARL_NPZ=spinal_run_syn6.npz DB=sqlite:///optuna_syn6.db
fitted baseline loaded: e2_pf=0.222 f1_df=0.098 f1_kf=0.148 post_kneext=0.011 post_hipext=0.068 desc_f=1.400 e2_adapt=1.700
start pose (normal): applied 20 coordinates as given; pelvis ty 0.920 m (env override unset); IMU-metric torso lean -0.0 deg (+ = back)
standing solve: nnls x in [0.00, 0.70], >0.1: 14 muscles
  top: add_long_l=0.70, tib_ant_r=0.61, tib_ant_l=0.46, ext_dig_r=0.37, glut_min1_l=0.33, pect_l=0.32, glut_min2_l=0.31, ext_dig_l=0.25
Fmax range: 5..3396 N | L range sample: [0.229942 0.326094]
t=  1.00 max|qacc|=      95.3 max|qvel|=   1.58 ncon=  0 com_z=0.942 com_x=-0.160
t=  1.50 max|qacc|=     104.0 max|qvel|=   0.49 ncon=  0 com_z=0.938 com_x=-0.161
t=  2.00 max|qacc|=     101.4 max|qvel|=   0.28 ncon=  0 com_z=0.940 com_x=-0.162
t=  2.50 max|qacc|=     181.7 max|qvel|=   0.22 ncon=  0 com_z=0.939 com_x=-0.162
t=  3.00 max|qacc|=      21.4 max|qvel|=   0.29 ncon=  0 com_z=0.940 com_x=-0.163
t=  3.50 max|qacc|=     136.5 max|qvel|=   0.73 ncon=  0 com_z=0.939 com_x=-0.161
t=  4.00 max|qacc|=     234.6 max|qvel|=   0.15 ncon=  0 com_z=0.939 com_x=-0.158
t=  4.50 max|qacc|=      42.2 max|qvel|=   0.19 ncon=  0 com_z=0.938 com_x=-0.154
t=  5.00 max|qacc|=      48.8 max|qvel|=   0.38 ncon=  0 com_z=0.939 com_x=-0.155
t=  5.50 max|qacc|=      44.2 max|qvel|=   3.36 ncon=  0 com_z=0.933 com_x=-0.133
t=  6.00 max|qacc|=      24.1 max|qvel|=   2.61 ncon=  0 com_z=0.961 com_x=-0.143
t=  6.50 max|qacc|=       5.1 max|qvel|=   0.49 ncon=  0 com_z=0.950 com_x=-0.131
t=  7.00 max|qacc|=       1.5 max|qvel|=   0.17 ncon=  0 com_z=0.950 com_x=-0.136
t=  7.50 max|qacc|=       0.5 max|qvel|=   0.03 ncon=  0 com_z=0.950 com_x=-0.136
t=  8.00 max|qacc|=       0.1 max|qvel|=   0.02 ncon=  0 com_z=0.950 com_x=-0.135
t=  8.50 max|qacc|=       0.1 max|qvel|=   0.01 ncon=  0 com_z=0.950 com_x=-0.136
t=  9.00 max|qacc|=       0.0 max|qvel|=   0.00 ncon=  0 com_z=0.950 com_x=-0.136
t=  9.50 max|qacc|=       0.0 max|qvel|=   0.00 ncon=  0 com_z=0.950 com_x=-0.136
t= 10.00 max|qacc|=       0.0 max|qvel|=   0.00 ncon=  0 com_z=0.950 com_x=-0.136
t= 10.50 max|qacc|=       0.0 max|qvel|=   0.00 ncon=  0 com_z=0.950 com_x=-0.136
t= 11.00 max|qacc|=       0.0 max|qvel|=   0.00 ncon=  0 com_z=0.950 com_x=-0.136
t= 11.50 max|qacc|=       0.0 max|qvel|=   0.00 ncon=  0 com_z=0.950 com_x=-0.136
t= 12.00 max|qacc|=       0.0 max|qvel|=   0.00 ncon=  0 com_z=0.950 com_x=-0.136
t= 12.50 max|qacc|=       0.0 max|qvel|=   0.00 ncon=  0 com_z=0.950 com_x=-0.136
t= 13.00 max|qacc|=       0.0 max|qvel|=   0.00 ncon=  0 com_z=0.950 com_x=-0.136
t= 13.50 max|qacc|=       0.0 max|qvel|=   0.00 ncon=  0 com_z=0.950 com_x=-0.136
t= 14.00 max|qacc|=       0.0 max|qvel|=   0.00 ncon=  0 com_z=0.950 com_x=-0.136
t= 14.50 max|qacc|=       0.0 max|qvel|=   0.00 ncon=  0 com_z=0.950 com_x=-0.136
t= 15.00 max|qacc|=       0.0 max|qvel|=   0.00 ncon=  0 com_z=0.950 com_x=-0.136
t= 15.50 max|qacc|=       0.7 max|qvel|=   0.42 ncon=  0 com_z=0.950 com_x=-0.136
t= 16.00 max|qacc|=       0.9 max|qvel|=   0.74 ncon=  0 com_z=0.951 com_x=-0.137
t= 16.50 max|qacc|=       1.3 max|qvel|=   0.69 ncon=  0 com_z=0.952 com_x=-0.140
t= 17.00 max|qacc|=       0.9 max|qvel|=   0.77 ncon=  0 com_z=0.953 com_x=-0.143
t= 17.50 max|qacc|=       1.0 max|qvel|=   0.08 ncon=  0 com_z=0.953 com_x=-0.145
t= 18.00 max|qacc|=       0.0 max|qvel|=   0.01 ncon=  0 com_z=0.953 com_x=-0.144
t= 18.50 max|qacc|=       0.0 max|qvel|=   0.00 ncon=  0 com_z=0.953 com_x=-0.144
t= 19.00 max|qacc|=       0.0 max|qvel|=   0.00 ncon=  0 com_z=0.953 com_x=-0.144
t= 19.50 max|qacc|=       0.0 max|qvel|=   0.00 ncon=  0 com_z=0.953 com_x=-0.144
t= 20.00 max|qacc|=       0.0 max|qvel|=   0.00 ncon=  0 com_z=0.953 com_x=-0.144
t= 20.50 max|qacc|=       0.0 max|qvel|=   0.00 ncon=  0 com_z=0.953 com_x=-0.144
t= 21.00 max|qacc|=       0.0 max|qvel|=   0.00 ncon=  0 com_z=0.953 com_x=-0.144
t= 21.50 max|qacc|=       0.0 max|qvel|=   0.00 ncon=  0 com_z=0.953 com_x=-0.144
t= 22.00 max|qacc|=       0.0 max|qvel|=   0.00 ncon=  0 com_z=0.953 com_x=-0.144
t= 22.50 max|qacc|=       0.0 max|qvel|=   0.00 ncon=  0 com_z=0.953 com_x=-0.144
t= 23.00 max|qacc|=       0.0 max|qvel|=   0.00 ncon=  0 com_z=0.953 com_x=-0.144
t= 23.50 max|qacc|=       0.0 max|qvel|=   0.00 ncon=  0 com_z=0.953 com_x=-0.144
t= 24.00 max|qacc|=       0.0 max|qvel|=   0.00 ncon=  0 com_z=0.953 com_x=-0.144
t= 24.50 max|qacc|=       0.0 max|qvel|=   0.00 ncon=  0 com_z=0.953 com_x=-0.144
t= 25.00 max|qacc|=       0.0 max|qvel|=   0.00 ncon=  0 com_z=0.953 com_x=-0.144
t= 25.50 max|qacc|=       0.0 max|qvel|=   0.00 ncon=  0 com_z=0.953 com_x=-0.144
t= 26.00 max|qacc|=       0.0 max|qvel|=   0.00 ncon=  0 com_z=0.953 com_x=-0.144
t= 26.50 max|qacc|=       0.0 max|qvel|=   0.00 ncon=  0 com_z=0.953 com_x=-0.144
t= 27.00 max|qacc|=       0.0 max|qvel|=   0.00 ncon=  0 com_z=0.953 com_x=-0.144
t= 27.50 max|qacc|=       0.0 max|qvel|=   0.00 ncon=  0 com_z=0.953 com_x=-0.144
t= 28.00 max|qacc|=       0.0 max|qvel|=   0.00 ncon=  0 com_z=0.953 com_x=-0.144
t= 28.50 max|qacc|=       0.0 max|qvel|=   0.00 ncon=  0 com_z=0.953 com_x=-0.144
t= 29.00 max|qacc|=       0.0 max|qvel|=   0.00 ncon=  0 com_z=0.953 com_x=-0.144
t= 29.50 max|qacc|=       0.0 max|qvel|=   0.00 ncon=  0 com_z=0.953 com_x=-0.144
t= 30.00 max|qacc|=       0.0 max|qvel|=   0.00 ncon=  0 com_z=0.953 com_x=-0.144
t= 30.50 max|qacc|=       0.0 max|qvel|=   0.00 ncon=  0 com_z=0.953 com_x=-0.144

== summary ==
pelvis/COM height: start 0.94 m, min 0.93 m, final 0.95 m  (stayed up)
COM x: min -0.17 max -0.10 final -0.14 m
COM y: min -0.024 max +0.003 m
RG_F_r bursts during walk window: 1
peak ctrl: [1.   1.   1.   1.   0.84 1.   0.65 0.5  0.98 0.93 1.   1.   1.   1.
 0.94 1.   0.63 0.66 0.68 0.37] (('vas_lat_r', 'med_gas_r', 'soleus_r', 'tib_ant_r', 'psoas_r', 'semimem_r', 'glut_max2_r', 'rect_fem_r', 'sar_r', 'grac_r', 'vas_lat_l', 'med_gas_l', 'soleus_l', 'tib_ant_l', 'psoas_l', 'semimem_l', 'glut_max2_l', 'rect_fem_l', 'sar_l', 'grac_l'))
  hip_flexion_r         -6.2 ..    36.6 deg
  knee_angle_r         -93.0 ..    10.1 deg
  ankle_angle_r        -64.7 ..    34.1 deg
  hip_adduction_r      -23.9 ..    11.5 deg
  subtalar_angle_r     -21.2 ..     9.1 deg
  hip_flexion_l        -27.4 ..    29.2 deg
  knee_angle_l         -88.9 ..    10.3 deg
  ankle_angle_l        -68.2 ..     9.8 deg
  hip_adduction_l      -31.5 ..    17.1 deg
  subtalar_angle_l      -1.0 ..    32.5 deg
  pelvis_tilt           -1.9 ..     0.6 deg
  pelvis_list           -0.9 ..    -0.0 deg
  pelvis_rotation        2.2 ..     2.6 deg
saved spinal_run.npz
(plot skipped: 'PF_E2_r')
[syn6] npz columns verified: neuro_names=['DRIVE', 'POSTURE', 'RG_E_r', 'RG_F_r', 'RG_E_l', 'RG_F_l', 'PF_S1_r', 'PF_S2_r', 'PF_S3_r', 'PF_S4_r', 'BAL_TRK_FLX', 'BAL_TRK_EXT', 'BAL_LAT_R', 'BAL_LAT_L'] -> RG_E_r idx 2; key_joints -> knee_angle_r idx 4
fitted baseline loaded: e2_pf=0.222 f1_df=0.098 f1_kf=0.148 post_kneext=0.011 post_hipext=0.068 desc_f=1.400 e2_adapt=1.700
start pose (normal): applied 20 coordinates as given; pelvis ty 0.920 m (env override unset); IMU-metric torso lean -0.0 deg (+ = back)
standing solve: nnls x in [0.00, 0.70], >0.1: 14 muscles
  top: add_long_l=0.70, tib_ant_r=0.61, tib_ant_l=0.46, ext_dig_r=0.37, glut_min1_l=0.33, pect_l=0.32, glut_min2_l=0.31, ext_dig_l=0.25
Fmax range: 5..3396 N | L range sample: [0.229942 0.326094]
t=  1.00 max|qacc|=      88.4 max|qvel|=   1.23 ncon=  0 com_z=0.940 com_x=-0.155
t=  1.50 max|qacc|=      30.5 max|qvel|=   0.44 ncon=  0 com_z=0.937 com_x=-0.159
t=  2.00 max|qacc|=      62.8 max|qvel|=   0.24 ncon=  0 com_z=0.939 com_x=-0.158
t=  2.50 max|qacc|=      81.0 max|qvel|=   0.09 ncon=  0 com_z=0.938 com_x=-0.159
t=  3.00 max|qacc|=      40.7 max|qvel|=   0.17 ncon=  0 com_z=0.938 com_x=-0.159
t=  3.50 max|qacc|=      13.3 max|qvel|=   0.21 ncon=  0 com_z=0.938 com_x=-0.158
t=  4.00 max|qacc|=      57.7 max|qvel|=   0.30 ncon=  0 com_z=0.938 com_x=-0.154
t=  4.50 max|qacc|=      29.0 max|qvel|=   0.13 ncon=  0 com_z=0.937 com_x=-0.152
t=  5.00 max|qacc|=      98.4 max|qvel|=   0.15 ncon=  0 com_z=0.938 com_x=-0.153
t=  5.50 max|qacc|=     168.0 max|qvel|=   0.67 ncon=  0 com_z=0.938 com_x=-0.152
t=  6.00 max|qacc|=     113.9 max|qvel|=   1.00 ncon=  0 com_z=0.938 com_x=-0.152
t=  6.50 max|qacc|=      52.9 max|qvel|=   0.29 ncon=  0 com_z=0.938 com_x=-0.152
t=  7.00 max|qacc|=      13.0 max|qvel|=   0.35 ncon=  0 com_z=0.938 com_x=-0.152
t=  7.50 max|qacc|=      17.2 max|qvel|=   0.15 ncon=  0 com_z=0.938 com_x=-0.152
t=  8.00 max|qacc|=      21.7 max|qvel|=   0.08 ncon=  0 com_z=0.938 com_x=-0.152
t=  8.50 max|qacc|=      21.0 max|qvel|=   0.21 ncon=  0 com_z=0.938 com_x=-0.152
t=  9.00 max|qacc|=     123.7 max|qvel|=   1.15 ncon=  0 com_z=0.938 com_x=-0.152
t=  9.50 max|qacc|=      69.2 max|qvel|=   0.28 ncon=  0 com_z=0.938 com_x=-0.152
t= 10.00 max|qacc|=      89.4 max|qvel|=   1.07 ncon=  0 com_z=0.938 com_x=-0.152
t= 10.50 max|qacc|=      89.2 max|qvel|=   0.16 ncon=  0 com_z=0.938 com_x=-0.152
t= 11.00 max|qacc|=      96.9 max|qvel|=   0.10 ncon=  0 com_z=0.938 com_x=-0.152
t= 11.50 max|qacc|=     122.4 max|qvel|=   0.25 ncon=  0 com_z=0.938 com_x=-0.152
t= 12.00 max|qacc|=      11.8 max|qvel|=   0.08 ncon=  0 com_z=0.938 com_x=-0.152
t= 12.50 max|qacc|=      69.7 max|qvel|=   0.19 ncon=  0 com_z=0.938 com_x=-0.152
t= 13.00 max|qacc|=     272.4 max|qvel|=   1.51 ncon=  0 com_z=0.938 com_x=-0.152
t= 13.50 max|qacc|=     196.8 max|qvel|=   0.68 ncon=  0 com_z=0.938 com_x=-0.152
t= 14.00 max|qacc|=     161.7 max|qvel|=   0.38 ncon=  0 com_z=0.938 com_x=-0.152
t= 14.50 max|qacc|=      80.1 max|qvel|=   0.39 ncon=  0 com_z=0.938 com_x=-0.152
t= 15.00 max|qacc|=      62.4 max|qvel|=   0.37 ncon=  0 com_z=0.938 com_x=-0.152
t= 15.50 max|qacc|=       9.4 max|qvel|=   0.27 ncon=  0 com_z=0.938 com_x=-0.152
t= 16.00 max|qacc|=      85.0 max|qvel|=   0.28 ncon=  0 com_z=0.937 com_x=-0.152
t= 16.50 max|qacc|=      20.2 max|qvel|=   0.23 ncon=  0 com_z=0.937 com_x=-0.153
t= 17.00 max|qacc|=      25.8 max|qvel|=   0.16 ncon=  0 com_z=0.938 com_x=-0.158
t= 17.50 max|qacc|=       9.6 max|qvel|=   0.24 ncon=  0 com_z=0.938 com_x=-0.159
t= 18.00 max|qacc|=     135.2 max|qvel|=   0.19 ncon=  0 com_z=0.938 com_x=-0.159
t= 18.50 max|qacc|=      62.8 max|qvel|=   0.07 ncon=  0 com_z=0.938 com_x=-0.159
t= 19.00 max|qacc|=      49.5 max|qvel|=   0.34 ncon=  0 com_z=0.938 com_x=-0.159
t= 19.50 max|qacc|=      35.9 max|qvel|=   0.26 ncon=  0 com_z=0.938 com_x=-0.159
t= 20.00 max|qacc|=     115.3 max|qvel|=   0.66 ncon=  0 com_z=0.938 com_x=-0.159
t= 20.50 max|qacc|=     564.4 max|qvel|=   0.25 ncon=  0 com_z=0.938 com_x=-0.159
t= 21.00 max|qacc|=      21.9 max|qvel|=   0.36 ncon=  0 com_z=0.938 com_x=-0.159
t= 21.50 max|qacc|=      24.2 max|qvel|=   0.21 ncon=  0 com_z=0.938 com_x=-0.159
t= 22.00 max|qacc|=      49.5 max|qvel|=   0.11 ncon=  0 com_z=0.938 com_x=-0.159
t= 22.50 max|qacc|=      76.6 max|qvel|=   0.16 ncon=  0 com_z=0.938 com_x=-0.159
t= 23.00 max|qacc|=      16.5 max|qvel|=   0.23 ncon=  0 com_z=0.938 com_x=-0.159
t= 23.50 max|qacc|=      83.0 max|qvel|=   0.30 ncon=  0 com_z=0.938 com_x=-0.159
t= 24.00 max|qacc|=      42.4 max|qvel|=   0.25 ncon=  0 com_z=0.938 com_x=-0.159
t= 24.50 max|qacc|=      25.9 max|qvel|=   0.10 ncon=  0 com_z=0.938 com_x=-0.159
t= 25.00 max|qacc|=      17.2 max|qvel|=   0.12 ncon=  0 com_z=0.938 com_x=-0.159
t= 25.50 max|qacc|=      44.6 max|qvel|=   0.40 ncon=  0 com_z=0.938 com_x=-0.159
t= 26.00 max|qacc|=     154.7 max|qvel|=   0.23 ncon=  0 com_z=0.938 com_x=-0.159
t= 26.50 max|qacc|=     249.1 max|qvel|=   0.15 ncon=  0 com_z=0.939 com_x=-0.159
t= 27.00 max|qacc|=    1684.0 max|qvel|=   1.67 ncon=  0 com_z=0.938 com_x=-0.159
t= 27.50 max|qacc|=     100.6 max|qvel|=   0.61 ncon=  0 com_z=0.938 com_x=-0.159
t= 28.00 max|qacc|=       7.2 max|qvel|=   0.12 ncon=  0 com_z=0.938 com_x=-0.159
t= 28.50 max|qacc|=      27.9 max|qvel|=   0.05 ncon=  0 com_z=0.938 com_x=-0.159
t= 29.00 max|qacc|=      15.8 max|qvel|=   0.13 ncon=  0 com_z=0.938 com_x=-0.159
t= 29.50 max|qacc|=      74.9 max|qvel|=   0.21 ncon=  0 com_z=0.938 com_x=-0.159
t= 30.00 max|qacc|=      45.6 max|qvel|=   0.30 ncon=  0 com_z=0.938 com_x=-0.159
t= 30.50 max|qacc|=      37.5 max|qvel|=   0.12 ncon=  0 com_z=0.938 com_x=-0.159

== summary ==
pelvis/COM height: start 0.94 m, min 0.93 m, final 0.94 m  (stayed up)
COM x: min -0.17 max -0.11 final -0.16 m
COM y: min -0.007 max +0.003 m
RG_F_r bursts during walk window: 0
peak ctrl: [1.   1.   1.   1.   0.85 1.   0.47 0.5  0.98 0.93 1.   1.   1.   1.
 0.98 1.   0.3  0.67 0.7  0.37] (('vas_lat_r', 'med_gas_r', 'soleus_r', 'tib_ant_r', 'psoas_r', 'semimem_r', 'glut_max2_r', 'rect_fem_r', 'sar_r', 'grac_r', 'vas_lat_l', 'med_gas_l', 'soleus_l', 'tib_ant_l', 'psoas_l', 'semimem_l', 'glut_max2_l', 'rect_fem_l', 'sar_l', 'grac_l'))
  hip_flexion_r         24.6 ..    35.6 deg
  knee_angle_r          -3.9 ..    10.1 deg
  ankle_angle_r        -65.3 ..    -1.7 deg
  hip_adduction_r        0.9 ..     9.6 deg
  subtalar_angle_r       0.0 ..     8.3 deg
  hip_flexion_l        -16.6 ..    26.2 deg
  knee_angle_l          -8.2 ..    10.1 deg
  ankle_angle_l        -67.6 ..     9.8 deg
  hip_adduction_l        2.6 ..    17.5 deg
  subtalar_angle_l      -0.3 ..     3.2 deg
  pelvis_tilt           -1.9 ..    -0.2 deg
  pelvis_list           -0.6 ..    -0.4 deg
  pelvis_rotation        2.3 ..     2.5 deg
saved spinal_run.npz
(plot skipped: 'PF_E2_r')
fitted baseline loaded: e2_pf=0.222 f1_df=0.098 f1_kf=0.148 post_kneext=0.011 post_hipext=0.068 desc_f=1.400 e2_adapt=1.700
start pose (normal): applied 20 coordinates as given; pelvis ty 0.920 m (env override unset); IMU-metric torso lean -0.0 deg (+ = back)
standing solve: nnls x in [0.00, 0.70], >0.1: 14 muscles
  top: add_long_l=0.70, tib_ant_r=0.61, tib_ant_l=0.46, ext_dig_r=0.37, glut_min1_l=0.33, pect_l=0.32, glut_min2_l=0.31, ext_dig_l=0.25
Fmax range: 5..3396 N | L range sample: [0.229942 0.326094]
t=  1.00 max|qacc|=     113.8 max|qvel|=   1.89 ncon=  0 com_z=0.945 com_x=-0.166
t=  1.50 max|qacc|=     180.7 max|qvel|=   0.62 ncon=  0 com_z=0.938 com_x=-0.164
t=  2.00 max|qacc|=     130.6 max|qvel|=   0.24 ncon=  0 com_z=0.943 com_x=-0.168
t=  2.50 max|qacc|=      77.1 max|qvel|=   0.55 ncon=  0 com_z=0.941 com_x=-0.166
t=  3.00 max|qacc|=     264.5 max|qvel|=   0.35 ncon=  0 com_z=0.942 com_x=-0.167
t=  3.50 max|qacc|=     137.2 max|qvel|=   0.49 ncon=  0 com_z=0.941 com_x=-0.165
t=  4.00 max|qacc|=       8.3 max|qvel|=   0.09 ncon=  0 com_z=0.940 com_x=-0.162
t=  4.50 max|qacc|=     199.0 max|qvel|=   1.32 ncon=  0 com_z=0.939 com_x=-0.159
t=  5.00 max|qacc|=     260.8 max|qvel|=   0.94 ncon=  0 com_z=0.939 com_x=-0.156
t=  5.50 max|qacc|=      45.9 max|qvel|=   0.32 ncon=  0 com_z=0.939 com_x=-0.156
t=  6.00 max|qacc|=      20.6 max|qvel|=   0.12 ncon=  0 com_z=0.939 com_x=-0.156
t=  6.50 max|qacc|=    1064.3 max|qvel|=   1.11 ncon=  0 com_z=0.939 com_x=-0.156
t=  7.00 max|qacc|=      13.1 max|qvel|=   0.07 ncon=  0 com_z=0.939 com_x=-0.156
t=  7.50 max|qacc|=     109.9 max|qvel|=   0.74 ncon=  0 com_z=0.939 com_x=-0.156
t=  8.00 max|qacc|=      33.8 max|qvel|=   0.06 ncon=  0 com_z=0.939 com_x=-0.156
t=  8.50 max|qacc|=      58.8 max|qvel|=   0.21 ncon=  0 com_z=0.939 com_x=-0.156
t=  9.00 max|qacc|=     245.6 max|qvel|=   0.80 ncon=  0 com_z=0.939 com_x=-0.156
t=  9.50 max|qacc|=      50.7 max|qvel|=   0.34 ncon=  0 com_z=0.939 com_x=-0.156
t= 10.00 max|qacc|=      30.9 max|qvel|=   0.13 ncon=  0 com_z=0.939 com_x=-0.156
t= 10.50 max|qacc|=      88.6 max|qvel|=   0.36 ncon=  0 com_z=0.939 com_x=-0.156
t= 11.00 max|qacc|=     133.1 max|qvel|=   0.79 ncon=  0 com_z=0.939 com_x=-0.156
t= 11.50 max|qacc|=      21.9 max|qvel|=   0.14 ncon=  0 com_z=0.939 com_x=-0.156
t= 12.00 max|qacc|=      54.0 max|qvel|=   0.22 ncon=  0 com_z=0.939 com_x=-0.156
t= 12.50 max|qacc|=     101.9 max|qvel|=   1.18 ncon=  0 com_z=0.939 com_x=-0.155
t= 13.00 max|qacc|=      99.5 max|qvel|=   0.10 ncon=  0 com_z=0.939 com_x=-0.156
t= 13.50 max|qacc|=     116.7 max|qvel|=   0.09 ncon=  0 com_z=0.939 com_x=-0.156
t= 14.00 max|qacc|=       7.9 max|qvel|=   0.11 ncon=  0 com_z=0.939 com_x=-0.156
t= 14.50 max|qacc|=      68.0 max|qvel|=   0.18 ncon=  0 com_z=0.939 com_x=-0.156
t= 15.00 max|qacc|=      77.5 max|qvel|=   0.16 ncon=  0 com_z=0.939 com_x=-0.156
t= 15.50 max|qacc|=     157.4 max|qvel|=   0.20 ncon=  0 com_z=0.939 com_x=-0.155
t= 16.00 max|qacc|=      21.9 max|qvel|=   0.12 ncon=  0 com_z=0.939 com_x=-0.159
t= 16.50 max|qacc|=      69.7 max|qvel|=   0.58 ncon=  0 com_z=0.940 com_x=-0.162
t= 17.00 max|qacc|=      35.7 max|qvel|=   0.08 ncon=  0 com_z=0.941 com_x=-0.165
t= 17.50 max|qacc|=     204.9 max|qvel|=   0.82 ncon=  0 com_z=0.941 com_x=-0.167
t= 18.00 max|qacc|=     130.6 max|qvel|=   0.29 ncon=  0 com_z=0.941 com_x=-0.166
t= 18.50 max|qacc|=     252.1 max|qvel|=   0.37 ncon=  0 com_z=0.941 com_x=-0.167
t= 19.00 max|qacc|=      13.4 max|qvel|=   0.33 ncon=  0 com_z=0.941 com_x=-0.167
t= 19.50 max|qacc|=     158.6 max|qvel|=   1.57 ncon=  0 com_z=0.941 com_x=-0.167
t= 20.00 max|qacc|=     112.0 max|qvel|=   0.26 ncon=  0 com_z=0.941 com_x=-0.166
t= 20.50 max|qacc|=      17.1 max|qvel|=   0.16 ncon=  0 com_z=0.941 com_x=-0.167
t= 21.00 max|qacc|=     187.7 max|qvel|=   0.15 ncon=  0 com_z=0.941 com_x=-0.167
t= 21.50 max|qacc|=     102.6 max|qvel|=   0.69 ncon=  0 com_z=0.941 com_x=-0.166
t= 22.00 max|qacc|=      26.0 max|qvel|=   0.18 ncon=  0 com_z=0.941 com_x=-0.167
t= 22.50 max|qacc|=     135.0 max|qvel|=   0.13 ncon=  0 com_z=0.941 com_x=-0.166
t= 23.00 max|qacc|=      36.6 max|qvel|=   0.18 ncon=  0 com_z=0.941 com_x=-0.166
t= 23.50 max|qacc|=      30.2 max|qvel|=   0.19 ncon=  0 com_z=0.941 com_x=-0.167
t= 24.00 max|qacc|=      70.5 max|qvel|=   0.12 ncon=  0 com_z=0.941 com_x=-0.167
t= 24.50 max|qacc|=      46.1 max|qvel|=   0.26 ncon=  0 com_z=0.941 com_x=-0.166
t= 25.00 max|qacc|=     236.6 max|qvel|=   0.34 ncon=  0 com_z=0.941 com_x=-0.167
t= 25.50 max|qacc|=     141.1 max|qvel|=   0.45 ncon=  0 com_z=0.941 com_x=-0.166
t= 26.00 max|qacc|=      46.8 max|qvel|=   0.14 ncon=  0 com_z=0.941 com_x=-0.167
t= 26.50 max|qacc|=      27.2 max|qvel|=   0.28 ncon=  0 com_z=0.941 com_x=-0.166
t= 27.00 max|qacc|=      70.1 max|qvel|=   0.33 ncon=  0 com_z=0.941 com_x=-0.166
t= 27.50 max|qacc|=     188.4 max|qvel|=   0.36 ncon=  0 com_z=0.941 com_x=-0.166
t= 28.00 max|qacc|=      48.9 max|qvel|=   0.14 ncon=  0 com_z=0.941 com_x=-0.166
t= 28.50 max|qacc|=     148.8 max|qvel|=   0.12 ncon=  0 com_z=0.941 com_x=-0.167
t= 29.00 max|qacc|=     203.5 max|qvel|=   1.21 ncon=  0 com_z=0.941 com_x=-0.166
t= 29.50 max|qacc|=     976.8 max|qvel|=   2.29 ncon=  0 com_z=0.941 com_x=-0.166
t= 30.00 max|qacc|=     199.3 max|qvel|=   0.71 ncon=  0 com_z=0.941 com_x=-0.166
t= 30.50 max|qacc|=     154.4 max|qvel|=   0.59 ncon=  0 com_z=0.941 com_x=-0.166

== summary ==
pelvis/COM height: start 0.94 m, min 0.93 m, final 0.94 m  (stayed up)
COM x: min -0.18 max -0.11 final -0.17 m
COM y: min -0.007 max +0.004 m
RG_F_r bursts during walk window: 0
peak ctrl: [1.   1.   1.   1.   0.81 1.   0.55 0.5  0.96 0.93 1.   1.   1.   1.
 0.91 1.   0.4  0.66 0.64 0.37] (('vas_lat_r', 'med_gas_r', 'soleus_r', 'tib_ant_r', 'psoas_r', 'semimem_r', 'glut_max2_r', 'rect_fem_r', 'sar_r', 'grac_r', 'vas_lat_l', 'med_gas_l', 'soleus_l', 'tib_ant_l', 'psoas_l', 'semimem_l', 'glut_max2_l', 'rect_fem_l', 'sar_l', 'grac_l'))
  hip_flexion_r         24.6 ..    38.7 deg
  knee_angle_r          -3.9 ..    10.2 deg
  ankle_angle_r        -64.7 ..    -1.7 deg
  hip_adduction_r        0.9 ..     9.1 deg
  subtalar_angle_r       0.0 ..     9.1 deg
  hip_flexion_l        -16.6 ..    34.0 deg
  knee_angle_l          -8.9 ..    10.1 deg
  ankle_angle_l        -67.8 ..     9.8 deg
  hip_adduction_l        2.6 ..    17.5 deg
  subtalar_angle_l      -0.3 ..     3.5 deg
  pelvis_tilt           -1.9 ..    -0.1 deg
  pelvis_list           -0.6 ..    -0.4 deg
  pelvis_rotation        2.3 ..     2.5 deg
saved spinal_run.npz
(plot skipped: 'PF_E2_r')
fitted baseline loaded: e2_pf=0.222 f1_df=0.098 f1_kf=0.148 post_kneext=0.011 post_hipext=0.068 desc_f=1.400 e2_adapt=1.700
start pose (normal): applied 20 coordinates as given; pelvis ty 0.920 m (env override unset); IMU-metric torso lean -0.0 deg (+ = back)
standing solve: nnls x in [0.00, 0.70], >0.1: 14 muscles
  top: add_long_l=0.70, tib_ant_r=0.61, tib_ant_l=0.46, ext_dig_r=0.37, glut_min1_l=0.33, pect_l=0.32, glut_min2_l=0.31, ext_dig_l=0.25
Fmax range: 5..3396 N | L range sample: [0.229942 0.326094]
t=  1.00 max|qacc|=      25.5 max|qvel|=   1.77 ncon=  0 com_z=0.945 com_x=-0.166
t=  1.50 max|qacc|=     101.0 max|qvel|=   0.51 ncon=  0 com_z=0.938 com_x=-0.164
t=  2.00 max|qacc|=      40.7 max|qvel|=   0.40 ncon=  0 com_z=0.943 com_x=-0.168
t=  2.50 max|qacc|=     138.7 max|qvel|=   0.52 ncon=  0 com_z=0.940 com_x=-0.166
t=  3.00 max|qacc|=      30.5 max|qvel|=   0.16 ncon=  0 com_z=0.942 com_x=-0.167
t=  3.50 max|qacc|=     128.0 max|qvel|=   0.61 ncon=  0 com_z=0.941 com_x=-0.165
t=  4.00 max|qacc|=      33.5 max|qvel|=   0.28 ncon=  0 com_z=0.940 com_x=-0.162
t=  4.50 max|qacc|=      19.2 max|qvel|=   0.12 ncon=  0 com_z=0.939 com_x=-0.159
t=  5.00 max|qacc|=      97.4 max|qvel|=   0.09 ncon=  0 com_z=0.939 com_x=-0.156
t=  5.50 max|qacc|=      68.3 max|qvel|=   0.48 ncon=  0 com_z=0.939 com_x=-0.155
t=  6.00 max|qacc|=      29.2 max|qvel|=   0.15 ncon=  0 com_z=0.939 com_x=-0.155
t=  6.50 max|qacc|=      16.6 max|qvel|=   0.19 ncon=  0 com_z=0.939 com_x=-0.156
t=  7.00 max|qacc|=      76.9 max|qvel|=   0.14 ncon=  0 com_z=0.939 com_x=-0.155
t=  7.50 max|qacc|=     975.0 max|qvel|=   0.78 ncon=  0 com_z=0.939 com_x=-0.155
t=  8.00 max|qacc|=       5.9 max|qvel|=   0.08 ncon=  0 com_z=0.939 com_x=-0.155
t=  8.50 max|qacc|=      59.2 max|qvel|=   0.11 ncon=  0 com_z=0.939 com_x=-0.155
t=  9.00 max|qacc|=     333.1 max|qvel|=   0.24 ncon=  0 com_z=0.939 com_x=-0.155
t=  9.50 max|qacc|=      10.9 max|qvel|=   0.11 ncon=  0 com_z=0.939 com_x=-0.155
t= 10.00 max|qacc|=      21.4 max|qvel|=   0.22 ncon=  0 com_z=0.939 com_x=-0.155
t= 10.50 max|qacc|=      68.3 max|qvel|=   0.07 ncon=  0 com_z=0.939 com_x=-0.155
t= 11.00 max|qacc|=     120.8 max|qvel|=   1.28 ncon=  0 com_z=0.939 com_x=-0.155
t= 11.50 max|qacc|=     142.7 max|qvel|=   1.29 ncon=  0 com_z=0.939 com_x=-0.156
t= 12.00 max|qacc|=     115.7 max|qvel|=   0.16 ncon=  0 com_z=0.939 com_x=-0.155
t= 12.50 max|qacc|=    1480.7 max|qvel|=   1.62 ncon=  0 com_z=0.939 com_x=-0.155
t= 13.00 max|qacc|=      15.1 max|qvel|=   0.16 ncon=  0 com_z=0.939 com_x=-0.156
t= 13.50 max|qacc|=      52.9 max|qvel|=   0.06 ncon=  0 com_z=0.939 com_x=-0.155
t= 14.00 max|qacc|=     136.3 max|qvel|=   0.17 ncon=  0 com_z=0.939 com_x=-0.155
t= 14.50 max|qacc|=       8.8 max|qvel|=   0.10 ncon=  0 com_z=0.939 com_x=-0.155
t= 15.00 max|qacc|=     128.1 max|qvel|=   0.20 ncon=  0 com_z=0.939 com_x=-0.155
t= 15.50 max|qacc|=      84.3 max|qvel|=   0.29 ncon=  0 com_z=0.939 com_x=-0.155
t= 16.00 max|qacc|=      63.3 max|qvel|=   0.29 ncon=  0 com_z=0.939 com_x=-0.159
t= 16.50 max|qacc|=      49.0 max|qvel|=   0.17 ncon=  0 com_z=0.940 com_x=-0.162
t= 17.00 max|qacc|=     112.1 max|qvel|=   0.12 ncon=  0 com_z=0.941 com_x=-0.165
t= 17.50 max|qacc|=      41.1 max|qvel|=   0.25 ncon=  0 com_z=0.942 com_x=-0.167
t= 18.00 max|qacc|=      29.6 max|qvel|=   0.14 ncon=  0 com_z=0.941 com_x=-0.166
t= 18.50 max|qacc|=      24.6 max|qvel|=   0.22 ncon=  0 com_z=0.941 com_x=-0.167
t= 19.00 max|qacc|=      88.1 max|qvel|=   0.17 ncon=  0 com_z=0.941 com_x=-0.166
t= 19.50 max|qacc|=       4.3 max|qvel|=   0.15 ncon=  0 com_z=0.941 com_x=-0.166
t= 20.00 max|qacc|=      20.3 max|qvel|=   0.21 ncon=  0 com_z=0.941 com_x=-0.166
t= 20.50 max|qacc|=     613.6 max|qvel|=   1.81 ncon=  0 com_z=0.941 com_x=-0.166
t= 21.00 max|qacc|=      92.7 max|qvel|=   0.64 ncon=  0 com_z=0.941 com_x=-0.166
t= 21.50 max|qacc|=     189.7 max|qvel|=   0.29 ncon=  0 com_z=0.941 com_x=-0.166
t= 22.00 max|qacc|=      58.6 max|qvel|=   0.24 ncon=  0 com_z=0.941 com_x=-0.167
t= 22.50 max|qacc|=      26.1 max|qvel|=   0.28 ncon=  0 com_z=0.941 com_x=-0.166
t= 23.00 max|qacc|=      34.2 max|qvel|=   0.12 ncon=  0 com_z=0.942 com_x=-0.166
t= 23.50 max|qacc|=      20.8 max|qvel|=   0.13 ncon=  0 com_z=0.941 com_x=-0.166
t= 24.00 max|qacc|=     169.7 max|qvel|=   0.57 ncon=  0 com_z=0.941 com_x=-0.166
t= 24.50 max|qacc|=     101.0 max|qvel|=   0.14 ncon=  0 com_z=0.941 com_x=-0.166
t= 25.00 max|qacc|=      36.7 max|qvel|=   0.25 ncon=  0 com_z=0.941 com_x=-0.166
t= 25.50 max|qacc|=     211.8 max|qvel|=   0.17 ncon=  0 com_z=0.941 com_x=-0.166
t= 26.00 max|qacc|=      60.4 max|qvel|=   0.54 ncon=  0 com_z=0.941 com_x=-0.166
t= 26.50 max|qacc|=      36.3 max|qvel|=   0.21 ncon=  0 com_z=0.941 com_x=-0.166
t= 27.00 max|qacc|=      24.0 max|qvel|=   0.15 ncon=  0 com_z=0.941 com_x=-0.166
t= 27.50 max|qacc|=      29.9 max|qvel|=   0.13 ncon=  0 com_z=0.941 com_x=-0.166
t= 28.00 max|qacc|=     176.1 max|qvel|=   0.55 ncon=  0 com_z=0.941 com_x=-0.166
t= 28.50 max|qacc|=      37.4 max|qvel|=   0.16 ncon=  0 com_z=0.941 com_x=-0.166
t= 29.00 max|qacc|=      18.4 max|qvel|=   0.15 ncon=  0 com_z=0.941 com_x=-0.166
t= 29.50 max|qacc|=     137.0 max|qvel|=   0.18 ncon=  0 com_z=0.941 com_x=-0.166
t= 30.00 max|qacc|=      18.1 max|qvel|=   0.08 ncon=  0 com_z=0.941 com_x=-0.166
t= 30.50 max|qacc|=      13.8 max|qvel|=   0.20 ncon=  0 com_z=0.941 com_x=-0.166

== summary ==
pelvis/COM height: start 0.94 m, min 0.93 m, final 0.94 m  (stayed up)
COM x: min -0.18 max -0.11 final -0.17 m
COM y: min -0.008 max +0.004 m
RG_F_r bursts during walk window: 0
peak ctrl: [1.   1.   1.   1.   0.81 1.   0.56 0.5  0.96 0.93 1.   1.   1.   1.
 0.92 1.   0.4  0.67 0.64 0.37] (('vas_lat_r', 'med_gas_r', 'soleus_r', 'tib_ant_r', 'psoas_r', 'semimem_r', 'glut_max2_r', 'rect_fem_r', 'sar_r', 'grac_r', 'vas_lat_l', 'med_gas_l', 'soleus_l', 'tib_ant_l', 'psoas_l', 'semimem_l', 'glut_max2_l', 'rect_fem_l', 'sar_l', 'grac_l'))
  hip_flexion_r         24.6 ..    38.7 deg
  knee_angle_r          -3.9 ..    10.1 deg
  ankle_angle_r        -64.8 ..    -1.7 deg
  hip_adduction_r        0.9 ..     9.1 deg
  subtalar_angle_r       0.0 ..     9.0 deg
  hip_flexion_l        -16.6 ..    33.5 deg
  knee_angle_l          -9.2 ..    10.0 deg
  ankle_angle_l        -67.8 ..     9.8 deg
  hip_adduction_l        2.6 ..    17.6 deg
  subtalar_angle_l      -0.3 ..     3.5 deg
  pelvis_tilt           -1.9 ..    -0.1 deg
  pelvis_list           -0.6 ..    -0.3 deg
  pelvis_rotation        2.3 ..     2.5 deg
saved spinal_run.npz
(plot skipped: 'PF_E2_r')
fitted baseline loaded: e2_pf=0.222 f1_df=0.098 f1_kf=0.148 post_kneext=0.011 post_hipext=0.068 desc_f=1.400 e2_adapt=1.700
start pose (normal): applied 20 coordinates as given; pelvis ty 0.920 m (env override unset); IMU-metric torso lean -0.0 deg (+ = back)
standing solve: nnls x in [0.00, 0.70], >0.1: 14 muscles
  top: add_long_l=0.70, tib_ant_r=0.61, tib_ant_l=0.46, ext_dig_r=0.37, glut_min1_l=0.33, pect_l=0.32, glut_min2_l=0.31, ext_dig_l=0.25
Fmax range: 5..3396 N | L range sample: [0.229942 0.326094]
t=  1.00 max|qacc|=     107.2 max|qvel|=   1.84 ncon=  0 com_z=0.938 com_x=-0.151
t=  1.50 max|qacc|=      37.6 max|qvel|=   0.44 ncon=  0 com_z=0.937 com_x=-0.158
t=  2.00 max|qacc|=     143.3 max|qvel|=   0.75 ncon=  0 com_z=0.938 com_x=-0.156
t=  2.50 max|qacc|=     159.8 max|qvel|=   0.31 ncon=  0 com_z=0.938 com_x=-0.157
t=  3.00 max|qacc|=      68.6 max|qvel|=   0.21 ncon=  0 com_z=0.938 com_x=-0.157
t=  3.50 max|qacc|=     299.2 max|qvel|=   0.28 ncon=  0 com_z=0.938 com_x=-0.156
t=  4.00 max|qacc|=      53.3 max|qvel|=   0.28 ncon=  0 com_z=0.937 com_x=-0.152
t=  4.50 max|qacc|=      70.8 max|qvel|=   0.18 ncon=  0 com_z=0.938 com_x=-0.153
t=  5.00 max|qacc|=      58.6 max|qvel|=   6.47 ncon=  0 com_z=0.943 com_x=-0.105
t=  5.50 max|qacc|=       5.9 max|qvel|=   1.09 ncon=  0 com_z=0.946 com_x=-0.137
t=  6.00 max|qacc|=      10.9 max|qvel|=   1.78 ncon=  0 com_z=0.948 com_x=-0.135
t=  6.50 max|qacc|=     526.9 max|qvel|=   4.04 ncon=  0 com_z=0.934 com_x=-0.134
t=  7.00 max|qacc|=      35.7 max|qvel|=   9.23 ncon=  0 com_z=0.930 com_x=-0.117
t=  7.50 max|qacc|=      13.9 max|qvel|=   1.27 ncon=  0 com_z=0.948 com_x=-0.141
t=  8.00 max|qacc|=      65.0 max|qvel|=   2.53 ncon=  0 com_z=0.947 com_x=-0.133
t=  8.50 max|qacc|=     717.8 max|qvel|=   3.83 ncon=  0 com_z=0.935 com_x=-0.141
t=  9.00 max|qacc|=      56.1 max|qvel|=   6.43 ncon=  0 com_z=0.942 com_x=-0.112
t=  9.50 max|qacc|=       6.2 max|qvel|=   1.15 ncon=  0 com_z=0.946 com_x=-0.137
t= 10.00 max|qacc|=     102.4 max|qvel|=   6.63 ncon=  0 com_z=0.943 com_x=-0.130
t= 10.50 max|qacc|=      65.9 max|qvel|=   1.94 ncon=  0 com_z=0.936 com_x=-0.149
t= 11.00 max|qacc|=      62.2 max|qvel|=   2.72 ncon=  0 com_z=0.956 com_x=-0.113
t= 11.50 max|qacc|=      11.9 max|qvel|=   0.74 ncon=  0 com_z=0.947 com_x=-0.133
t= 12.00 max|qacc|=      85.6 max|qvel|=   6.10 ncon=  0 com_z=0.938 com_x=-0.127
t= 12.50 max|qacc|=      34.6 max|qvel|=   1.45 ncon=  0 com_z=0.938 com_x=-0.154
t= 13.00 max|qacc|=      40.0 max|qvel|=   2.22 ncon=  0 com_z=0.965 com_x=-0.119
t= 13.50 max|qacc|=      10.4 max|qvel|=   0.77 ncon=  0 com_z=0.948 com_x=-0.130
t= 14.00 max|qacc|=      40.7 max|qvel|=   4.47 ncon=  0 com_z=0.939 com_x=-0.125
t= 14.50 max|qacc|=     134.9 max|qvel|=   2.16 ncon=  0 com_z=0.938 com_x=-0.155
t= 15.00 max|qacc|=      20.9 max|qvel|=   3.18 ncon=  0 com_z=0.964 com_x=-0.128
t= 15.50 max|qacc|=       6.8 max|qvel|=   0.57 ncon=  0 com_z=0.950 com_x=-0.130
t= 16.00 max|qacc|=       0.9 max|qvel|=   0.44 ncon=  0 com_z=0.951 com_x=-0.135
t= 16.50 max|qacc|=       2.4 max|qvel|=   0.80 ncon=  0 com_z=0.952 com_x=-0.136
t= 17.00 max|qacc|=       0.8 max|qvel|=   0.83 ncon=  0 com_z=0.952 com_x=-0.139
t= 17.50 max|qacc|=       1.9 max|qvel|=   0.25 ncon=  0 com_z=0.953 com_x=-0.141
t= 18.00 max|qacc|=       0.3 max|qvel|=   0.04 ncon=  0 com_z=0.953 com_x=-0.140
t= 18.50 max|qacc|=       0.0 max|qvel|=   0.00 ncon=  0 com_z=0.953 com_x=-0.140
t= 19.00 max|qacc|=       0.0 max|qvel|=   0.00 ncon=  0 com_z=0.953 com_x=-0.140
t= 19.50 max|qacc|=       0.0 max|qvel|=   0.00 ncon=  0 com_z=0.953 com_x=-0.140
t= 20.00 max|qacc|=       0.0 max|qvel|=   0.00 ncon=  0 com_z=0.953 com_x=-0.140
t= 20.50 max|qacc|=       0.0 max|qvel|=   0.00 ncon=  0 com_z=0.953 com_x=-0.140
t= 21.00 max|qacc|=       0.0 max|qvel|=   0.00 ncon=  0 com_z=0.953 com_x=-0.140
t= 21.50 max|qacc|=       0.0 max|qvel|=   0.00 ncon=  0 com_z=0.953 com_x=-0.140
t= 22.00 max|qacc|=       0.0 max|qvel|=   0.00 ncon=  0 com_z=0.953 com_x=-0.140
t= 22.50 max|qacc|=       0.0 max|qvel|=   0.00 ncon=  0 com_z=0.953 com_x=-0.140
t= 23.00 max|qacc|=       0.0 max|qvel|=   0.00 ncon=  0 com_z=0.953 com_x=-0.140
t= 23.50 max|qacc|=       0.0 max|qvel|=   0.00 ncon=  0 com_z=0.953 com_x=-0.140
t= 24.00 max|qacc|=       0.0 max|qvel|=   0.00 ncon=  0 com_z=0.953 com_x=-0.140
t= 24.50 max|qacc|=       0.0 max|qvel|=   0.00 ncon=  0 com_z=0.953 com_x=-0.140
t= 25.00 max|qacc|=       0.0 max|qvel|=   0.00 ncon=  0 com_z=0.953 com_x=-0.140
t= 25.50 max|qacc|=       0.0 max|qvel|=   0.00 ncon=  0 com_z=0.953 com_x=-0.140
t= 26.00 max|qacc|=       0.0 max|qvel|=   0.00 ncon=  0 com_z=0.953 com_x=-0.140
t= 26.50 max|qacc|=       0.0 max|qvel|=   0.00 ncon=  0 com_z=0.953 com_x=-0.140
t= 27.00 max|qacc|=       0.0 max|qvel|=   0.00 ncon=  0 com_z=0.953 com_x=-0.140
t= 27.50 max|qacc|=       0.0 max|qvel|=   0.00 ncon=  0 com_z=0.953 com_x=-0.140
t= 28.00 max|qacc|=       0.0 max|qvel|=   0.00 ncon=  0 com_z=0.953 com_x=-0.140
t= 28.50 max|qacc|=       0.0 max|qvel|=   0.00 ncon=  0 com_z=0.953 com_x=-0.140
t= 29.00 max|qacc|=       0.0 max|qvel|=   0.00 ncon=  0 com_z=0.953 com_x=-0.140
t= 29.50 max|qacc|=       0.0 max|qvel|=   0.00 ncon=  0 com_z=0.953 com_x=-0.140
t= 30.00 max|qacc|=       0.0 max|qvel|=   0.00 ncon=  0 com_z=0.953 com_x=-0.140
t= 30.50 max|qacc|=       0.0 max|qvel|=   0.00 ncon=  0 com_z=0.953 com_x=-0.140

== summary ==
pelvis/COM height: start 0.94 m, min 0.93 m, final 0.95 m  (stayed up)
COM x: min -0.17 max -0.10 final -0.14 m
COM y: min -0.023 max +0.007 m
RG_F_r bursts during walk window: 5
RG_r: cycles in window 5, period 1.93 s (0.52 Hz), E-duty 0.40
RG_l: cycles in window 5, period 1.93 s (0.52 Hz), E-duty 0.40
peak ctrl: [1.   1.   1.   1.   0.87 1.   0.6  0.5  0.99 0.93 1.   1.   1.   1.
 0.99 1.   0.58 0.67 0.72 0.37] (('vas_lat_r', 'med_gas_r', 'soleus_r', 'tib_ant_r', 'psoas_r', 'semimem_r', 'glut_max2_r', 'rect_fem_r', 'sar_r', 'grac_r', 'vas_lat_l', 'med_gas_l', 'soleus_l', 'tib_ant_l', 'psoas_l', 'semimem_l', 'glut_max2_l', 'rect_fem_l', 'sar_l', 'grac_l'))
  hip_flexion_r         -5.3 ..    34.5 deg
  knee_angle_r         -95.9 ..    10.4 deg
  ankle_angle_r        -65.6 ..    28.4 deg
  hip_adduction_r      -23.8 ..    19.8 deg
  subtalar_angle_r     -20.6 ..     8.7 deg
  hip_flexion_l        -24.4 ..    24.8 deg
  knee_angle_l         -89.5 ..    10.5 deg
  ankle_angle_l        -68.0 ..     9.8 deg
  hip_adduction_l      -31.2 ..    24.2 deg
  subtalar_angle_l      -0.8 ..    33.0 deg
  pelvis_tilt           -1.9 ..     0.5 deg
  pelvis_list           -0.8 ..    -0.0 deg
  pelvis_rotation        2.2 ..     2.6 deg
saved spinal_run.npz
(plot skipped: 'PF_E2_r')
fitted baseline loaded: e2_pf=0.222 f1_df=0.098 f1_kf=0.148 post_kneext=0.011 post_hipext=0.068 desc_f=1.400 e2_adapt=1.700
start pose (normal): applied 20 coordinates as given; pelvis ty 0.920 m (env override unset); IMU-metric torso lean -0.0 deg (+ = back)
standing solve: nnls x in [0.00, 0.70], >0.1: 14 muscles
  top: add_long_l=0.70, tib_ant_r=0.61, tib_ant_l=0.46, ext_dig_r=0.37, glut_min1_l=0.33, pect_l=0.32, glut_min2_l=0.31, ext_dig_l=0.25
Fmax range: 5..3396 N | L range sample: [0.229942 0.326094]
t=  1.00 max|qacc|=     273.1 max|qvel|=   2.13 ncon=  0 com_z=0.939 com_x=-0.151
t=  1.50 max|qacc|=     455.9 max|qvel|=   0.45 ncon=  0 com_z=0.937 com_x=-0.157
t=  2.00 max|qacc|=      48.1 max|qvel|=   0.28 ncon=  0 com_z=0.938 com_x=-0.156
t=  2.50 max|qacc|=      40.9 max|qvel|=   0.32 ncon=  0 com_z=0.938 com_x=-0.157
t=  3.00 max|qacc|=     156.4 max|qvel|=   0.14 ncon=  0 com_z=0.938 com_x=-0.157
t=  3.50 max|qacc|=      61.7 max|qvel|=   0.27 ncon=  0 com_z=0.938 com_x=-0.156
t=  4.00 max|qacc|=      83.1 max|qvel|=   0.40 ncon=  0 com_z=0.937 com_x=-0.152
t=  4.50 max|qacc|=      75.3 max|qvel|=   4.16 ncon=  0 com_z=0.938 com_x=-0.151
t=  5.00 max|qacc|=       7.8 max|qvel|=   2.65 ncon=  0 com_z=0.963 com_x=-0.137
t=  5.50 max|qacc|=       6.2 max|qvel|=   0.44 ncon=  0 com_z=0.950 com_x=-0.129
t=  6.00 max|qacc|=       1.0 max|qvel|=   0.18 ncon=  0 com_z=0.950 com_x=-0.133
t=  6.50 max|qacc|=       0.7 max|qvel|=   0.02 ncon=  0 com_z=0.950 com_x=-0.133
t=  7.00 max|qacc|=       0.1 max|qvel|=   0.02 ncon=  0 com_z=0.950 com_x=-0.133
t=  7.50 max|qacc|=       0.1 max|qvel|=   0.00 ncon=  0 com_z=0.950 com_x=-0.133
t=  8.00 max|qacc|=       0.0 max|qvel|=   0.00 ncon=  0 com_z=0.950 com_x=-0.133
t=  8.50 max|qacc|=       0.0 max|qvel|=   0.00 ncon=  0 com_z=0.950 com_x=-0.133
t=  9.00 max|qacc|=       0.0 max|qvel|=   0.00 ncon=  0 com_z=0.950 com_x=-0.133
t=  9.50 max|qacc|=       0.0 max|qvel|=   0.00 ncon=  0 com_z=0.950 com_x=-0.133
t= 10.00 max|qacc|=       0.0 max|qvel|=   0.00 ncon=  0 com_z=0.950 com_x=-0.133
t= 10.50 max|qacc|=       0.0 max|qvel|=   0.00 ncon=  0 com_z=0.950 com_x=-0.133
t= 11.00 max|qacc|=       0.0 max|qvel|=   0.00 ncon=  0 com_z=0.950 com_x=-0.133
t= 11.50 max|qacc|=       0.0 max|qvel|=   0.00 ncon=  0 com_z=0.950 com_x=-0.133
t= 12.00 max|qacc|=       0.0 max|qvel|=   0.00 ncon=  0 com_z=0.950 com_x=-0.133
t= 12.50 max|qacc|=       0.0 max|qvel|=   0.00 ncon=  0 com_z=0.950 com_x=-0.133
t= 13.00 max|qacc|=       0.0 max|qvel|=   0.00 ncon=  0 com_z=0.950 com_x=-0.133
t= 13.50 max|qacc|=       0.0 max|qvel|=   0.00 ncon=  0 com_z=0.950 com_x=-0.133
t= 14.00 max|qacc|=       0.0 max|qvel|=   0.00 ncon=  0 com_z=0.950 com_x=-0.133
t= 14.50 max|qacc|=       0.0 max|qvel|=   0.00 ncon=  0 com_z=0.950 com_x=-0.133
t= 15.00 max|qacc|=       0.0 max|qvel|=   0.00 ncon=  0 com_z=0.950 com_x=-0.133
t= 15.50 max|qacc|=       0.4 max|qvel|=   0.32 ncon=  0 com_z=0.950 com_x=-0.133
t= 16.00 max|qacc|=       0.8 max|qvel|=   0.47 ncon=  0 com_z=0.951 com_x=-0.134
t= 16.50 max|qacc|=       2.2 max|qvel|=   0.78 ncon=  0 com_z=0.952 com_x=-0.135
t= 17.00 max|qacc|=       0.7 max|qvel|=   0.74 ncon=  0 com_z=0.952 com_x=-0.139
t= 17.50 max|qacc|=       1.7 max|qvel|=   0.24 ncon=  0 com_z=0.953 com_x=-0.141
t= 18.00 max|qacc|=       0.4 max|qvel|=   0.04 ncon=  0 com_z=0.953 com_x=-0.140
t= 18.50 max|qacc|=       0.1 max|qvel|=   0.01 ncon=  0 com_z=0.953 com_x=-0.140
t= 19.00 max|qacc|=       0.0 max|qvel|=   0.00 ncon=  0 com_z=0.953 com_x=-0.140
t= 19.50 max|qacc|=       0.0 max|qvel|=   0.00 ncon=  0 com_z=0.953 com_x=-0.140
t= 20.00 max|qacc|=       0.0 max|qvel|=   0.00 ncon=  0 com_z=0.953 com_x=-0.140
t= 20.50 max|qacc|=       0.0 max|qvel|=   0.00 ncon=  0 com_z=0.953 com_x=-0.140
t= 21.00 max|qacc|=       0.0 max|qvel|=   0.00 ncon=  0 com_z=0.953 com_x=-0.140
t= 21.50 max|qacc|=       0.0 max|qvel|=   0.00 ncon=  0 com_z=0.953 com_x=-0.140
t= 22.00 max|qacc|=       0.0 max|qvel|=   0.00 ncon=  0 com_z=0.953 com_x=-0.140
t= 22.50 max|qacc|=       0.0 max|qvel|=   0.00 ncon=  0 com_z=0.953 com_x=-0.140
t= 23.00 max|qacc|=       0.0 max|qvel|=   0.00 ncon=  0 com_z=0.953 com_x=-0.140
t= 23.50 max|qacc|=       0.0 max|qvel|=   0.00 ncon=  0 com_z=0.953 com_x=-0.140
t= 24.00 max|qacc|=       0.0 max|qvel|=   0.00 ncon=  0 com_z=0.953 com_x=-0.140
t= 24.50 max|qacc|=       0.0 max|qvel|=   0.00 ncon=  0 com_z=0.953 com_x=-0.140
t= 25.00 max|qacc|=       0.0 max|qvel|=   0.00 ncon=  0 com_z=0.953 com_x=-0.140
t= 25.50 max|qacc|=       0.0 max|qvel|=   0.00 ncon=  0 com_z=0.953 com_x=-0.140
t= 26.00 max|qacc|=       0.0 max|qvel|=   0.00 ncon=  0 com_z=0.953 com_x=-0.140
t= 26.50 max|qacc|=       0.0 max|qvel|=   0.00 ncon=  0 com_z=0.953 com_x=-0.140
t= 27.00 max|qacc|=       0.0 max|qvel|=   0.00 ncon=  0 com_z=0.953 com_x=-0.140
t= 27.50 max|qacc|=       0.0 max|qvel|=   0.00 ncon=  0 com_z=0.953 com_x=-0.140
t= 28.00 max|qacc|=       0.0 max|qvel|=   0.00 ncon=  0 com_z=0.953 com_x=-0.140
t= 28.50 max|qacc|=       0.0 max|qvel|=   0.00 ncon=  0 com_z=0.953 com_x=-0.140
t= 29.00 max|qacc|=       0.0 max|qvel|=   0.00 ncon=  0 com_z=0.953 com_x=-0.140
t= 29.50 max|qacc|=       0.0 max|qvel|=   0.00 ncon=  0 com_z=0.953 com_x=-0.140
t= 30.00 max|qacc|=       0.0 max|qvel|=   0.00 ncon=  0 com_z=0.953 com_x=-0.140
t= 30.50 max|qacc|=       0.0 max|qvel|=   0.00 ncon=  0 com_z=0.953 com_x=-0.140

== summary ==
pelvis/COM height: start 0.94 m, min 0.93 m, final 0.95 m  (stayed up)
COM x: min -0.16 max -0.11 final -0.14 m
COM y: min -0.018 max +0.000 m
RG_F_r bursts during walk window: 0
peak ctrl: [1.   1.   1.   1.   0.83 1.   0.61 0.5  0.97 0.93 1.   1.   1.   1.
 0.99 1.   0.59 0.67 0.66 0.37] (('vas_lat_r', 'med_gas_r', 'soleus_r', 'tib_ant_r', 'psoas_r', 'semimem_r', 'glut_max2_r', 'rect_fem_r', 'sar_r', 'grac_r', 'vas_lat_l', 'med_gas_l', 'soleus_l', 'tib_ant_l', 'psoas_l', 'semimem_l', 'glut_max2_l', 'rect_fem_l', 'sar_l', 'grac_l'))
  hip_flexion_r          0.1 ..    35.0 deg
  knee_angle_r         -89.6 ..    10.1 deg
  ankle_angle_r        -65.1 ..    27.3 deg
  hip_adduction_r      -21.8 ..     9.2 deg
  subtalar_angle_r     -23.5 ..     8.0 deg
  hip_flexion_l        -16.6 ..    23.7 deg
  knee_angle_l         -84.1 ..    10.1 deg
  ankle_angle_l        -68.0 ..     9.8 deg
  hip_adduction_l      -30.7 ..    14.9 deg
  subtalar_angle_l      -0.3 ..    33.0 deg
  pelvis_tilt           -1.9 ..     0.0 deg
  pelvis_list           -0.7 ..    -0.2 deg
  pelvis_rotation        2.3 ..     2.6 deg
saved spinal_run.npz
(plot skipped: 'PF_E2_r')
fitted baseline loaded: e2_pf=0.222 f1_df=0.098 f1_kf=0.148 post_kneext=0.011 post_hipext=0.068 desc_f=1.400 e2_adapt=1.700
start pose (normal): applied 20 coordinates as given; pelvis ty 0.920 m (env override unset); IMU-metric torso lean -0.0 deg (+ = back)
standing solve: nnls x in [0.00, 0.70], >0.1: 14 muscles
  top: add_long_l=0.70, tib_ant_r=0.61, tib_ant_l=0.46, ext_dig_r=0.37, glut_min1_l=0.33, pect_l=0.32, glut_min2_l=0.31, ext_dig_l=0.25
Fmax range: 5..3396 N | L range sample: [0.229942 0.326094]
t=  1.00 max|qacc|=      33.0 max|qvel|=   1.40 ncon=  0 com_z=0.938 com_x=-0.149
t=  1.50 max|qacc|=     168.4 max|qvel|=   0.54 ncon=  0 com_z=0.937 com_x=-0.157
t=  2.00 max|qacc|=      51.7 max|qvel|=   0.22 ncon=  0 com_z=0.937 com_x=-0.155
t=  2.50 max|qacc|=      63.1 max|qvel|=   0.09 ncon=  0 com_z=0.938 com_x=-0.156
t=  3.00 max|qacc|=      77.3 max|qvel|=   0.27 ncon=  0 com_z=0.937 com_x=-0.155
t=  3.50 max|qacc|=      15.2 max|qvel|=   0.25 ncon=  0 com_z=0.937 com_x=-0.155
t=  4.00 max|qacc|=     142.4 max|qvel|=   0.91 ncon=  0 com_z=0.937 com_x=-0.151
t=  4.50 max|qacc|=     107.3 max|qvel|=   0.25 ncon=  0 com_z=0.938 com_x=-0.152
t=  5.00 max|qacc|=      59.0 max|qvel|=   1.05 ncon=  0 com_z=0.938 com_x=-0.151
t=  5.50 max|qacc|=      48.7 max|qvel|=   2.29 ncon=  0 com_z=0.963 com_x=-0.115
t=  6.00 max|qacc|=       9.7 max|qvel|=   0.85 ncon=  0 com_z=0.947 com_x=-0.130
t=  6.50 max|qacc|=       2.6 max|qvel|=   0.21 ncon=  0 com_z=0.950 com_x=-0.134
t=  7.00 max|qacc|=      17.5 max|qvel|=   1.51 ncon=  0 com_z=0.948 com_x=-0.133
t=  7.50 max|qacc|=     266.3 max|qvel|=   4.44 ncon=  0 com_z=0.934 com_x=-0.134
t=  8.00 max|qacc|=      51.2 max|qvel|=   0.75 ncon=  0 com_z=0.941 com_x=-0.159
t=  8.50 max|qacc|=      60.1 max|qvel|=   0.26 ncon=  0 com_z=0.937 com_x=-0.148
t=  9.00 max|qacc|=      59.8 max|qvel|=   6.19 ncon=  0 com_z=0.942 com_x=-0.110
t=  9.50 max|qacc|=       6.9 max|qvel|=   1.05 ncon=  0 com_z=0.946 com_x=-0.137
t= 10.00 max|qacc|=       2.7 max|qvel|=   0.23 ncon=  0 com_z=0.951 com_x=-0.133
t= 10.50 max|qacc|=      14.9 max|qvel|=   0.96 ncon=  0 com_z=0.949 com_x=-0.132
t= 11.00 max|qacc|=     638.9 max|qvel|=   3.53 ncon=  0 com_z=0.935 com_x=-0.129
t= 11.50 max|qacc|=     240.5 max|qvel|=   1.27 ncon=  0 com_z=0.941 com_x=-0.161
t= 12.00 max|qacc|=     145.9 max|qvel|=   0.84 ncon=  0 com_z=0.936 com_x=-0.147
t= 12.50 max|qacc|=      38.4 max|qvel|=   9.47 ncon=  0 com_z=0.930 com_x=-0.112
t= 13.00 max|qacc|=      13.1 max|qvel|=   1.09 ncon=  0 com_z=0.947 com_x=-0.141
t= 13.50 max|qacc|=       2.6 max|qvel|=   0.40 ncon=  0 com_z=0.951 com_x=-0.133
t= 14.00 max|qacc|=      10.9 max|qvel|=   0.83 ncon=  0 com_z=0.950 com_x=-0.132
t= 14.50 max|qacc|=     259.1 max|qvel|=   5.31 ncon=  0 com_z=0.938 com_x=-0.127
t= 15.00 max|qacc|=     159.0 max|qvel|=   1.66 ncon=  0 com_z=0.942 com_x=-0.161
t= 15.50 max|qacc|=      27.3 max|qvel|=   0.28 ncon=  0 com_z=0.935 com_x=-0.146
t= 16.00 max|qacc|=      20.0 max|qvel|=   0.13 ncon=  0 com_z=0.939 com_x=-0.154
t= 16.50 max|qacc|=     402.2 max|qvel|=   0.32 ncon=  0 com_z=0.936 com_x=-0.151
t= 17.00 max|qacc|=      78.2 max|qvel|=   0.65 ncon=  0 com_z=0.937 com_x=-0.154
t= 17.50 max|qacc|=     117.1 max|qvel|=   0.10 ncon=  0 com_z=0.938 com_x=-0.156
t= 18.00 max|qacc|=      62.3 max|qvel|=   0.09 ncon=  0 com_z=0.937 com_x=-0.155
t= 18.50 max|qacc|=      35.1 max|qvel|=   0.47 ncon=  0 com_z=0.937 com_x=-0.156
t= 19.00 max|qacc|=      55.6 max|qvel|=   0.16 ncon=  0 com_z=0.938 com_x=-0.155
t= 19.50 max|qacc|=      15.4 max|qvel|=   0.05 ncon=  0 com_z=0.937 com_x=-0.156
t= 20.00 max|qacc|=      79.5 max|qvel|=   0.16 ncon=  0 com_z=0.937 com_x=-0.155
t= 20.50 max|qacc|=      10.8 max|qvel|=   0.16 ncon=  0 com_z=0.937 com_x=-0.155
t= 21.00 max|qacc|=     105.3 max|qvel|=   0.19 ncon=  0 com_z=0.938 com_x=-0.156
t= 21.50 max|qacc|=      17.3 max|qvel|=   0.09 ncon=  0 com_z=0.937 com_x=-0.155
t= 22.00 max|qacc|=      16.9 max|qvel|=   0.08 ncon=  0 com_z=0.937 com_x=-0.156
t= 22.50 max|qacc|=      14.2 max|qvel|=   0.16 ncon=  0 com_z=0.937 com_x=-0.156
t= 23.00 max|qacc|=     108.3 max|qvel|=   0.33 ncon=  0 com_z=0.937 com_x=-0.156
t= 23.50 max|qacc|=      45.6 max|qvel|=   0.36 ncon=  0 com_z=0.937 com_x=-0.155
t= 24.00 max|qacc|=      79.8 max|qvel|=   0.08 ncon=  0 com_z=0.937 com_x=-0.155
t= 24.50 max|qacc|=      69.6 max|qvel|=   0.19 ncon=  0 com_z=0.937 com_x=-0.155
t= 25.00 max|qacc|=      37.7 max|qvel|=   0.29 ncon=  0 com_z=0.937 com_x=-0.156
t= 25.50 max|qacc|=     255.7 max|qvel|=   0.13 ncon=  0 com_z=0.938 com_x=-0.156
t= 26.00 max|qacc|=       8.7 max|qvel|=   0.03 ncon=  0 com_z=0.937 com_x=-0.156
t= 26.50 max|qacc|=      47.7 max|qvel|=   0.10 ncon=  0 com_z=0.938 com_x=-0.155
t= 27.00 max|qacc|=      20.8 max|qvel|=   0.12 ncon=  0 com_z=0.937 com_x=-0.155
t= 27.50 max|qacc|=      87.3 max|qvel|=   0.17 ncon=  0 com_z=0.937 com_x=-0.155
t= 28.00 max|qacc|=     164.0 max|qvel|=   0.30 ncon=  0 com_z=0.937 com_x=-0.156
t= 28.50 max|qacc|=      90.6 max|qvel|=   0.39 ncon=  0 com_z=0.938 com_x=-0.156
t= 29.00 max|qacc|=      31.8 max|qvel|=   0.18 ncon=  0 com_z=0.937 com_x=-0.155
t= 29.50 max|qacc|=      32.6 max|qvel|=   0.16 ncon=  0 com_z=0.938 com_x=-0.156
t= 30.00 max|qacc|=     160.1 max|qvel|=   0.28 ncon=  0 com_z=0.937 com_x=-0.156
t= 30.50 max|qacc|=      84.9 max|qvel|=   0.30 ncon=  0 com_z=0.937 com_x=-0.155

== summary ==
pelvis/COM height: start 0.94 m, min 0.93 m, final 0.94 m  (stayed up)
COM x: min -0.16 max -0.11 final -0.16 m
COM y: min -0.022 max +0.008 m
RG_F_r bursts during walk window: 2
RG_r: cycles in window 3, period 3.56 s (0.28 Hz), E-duty 0.46
RG_l: cycles in window 3, period 3.56 s (0.28 Hz), E-duty 0.46
peak ctrl: [1.   1.   1.   1.   0.87 1.   0.44 0.5  1.   0.93 1.   1.   1.   1.
 1.   1.   0.52 0.67 0.73 0.37] (('vas_lat_r', 'med_gas_r', 'soleus_r', 'tib_ant_r', 'psoas_r', 'semimem_r', 'glut_max2_r', 'rect_fem_r', 'sar_r', 'grac_r', 'vas_lat_l', 'med_gas_l', 'soleus_l', 'tib_ant_l', 'psoas_l', 'semimem_l', 'glut_max2_l', 'rect_fem_l', 'sar_l', 'grac_l'))
  hip_flexion_r         -6.0 ..    34.3 deg
  knee_angle_r         -93.0 ..    10.4 deg
  ankle_angle_r        -65.6 ..    -1.7 deg
  hip_adduction_r      -24.1 ..    19.4 deg
  subtalar_angle_r      -9.1 ..     8.6 deg
  hip_flexion_l        -21.2 ..    26.2 deg
  knee_angle_l         -87.9 ..    10.5 deg
  ankle_angle_l        -68.1 ..     9.8 deg
  hip_adduction_l      -31.9 ..    23.1 deg
  subtalar_angle_l      -0.8 ..    10.5 deg
  pelvis_tilt           -1.9 ..     0.5 deg
  pelvis_list           -0.8 ..    -0.1 deg
  pelvis_rotation        2.2 ..     2.6 deg
saved spinal_run.npz
(plot skipped: 'PF_E2_r')
fitted baseline loaded: e2_pf=0.222 f1_df=0.098 f1_kf=0.148 post_kneext=0.011 post_hipext=0.068 desc_f=1.400 e2_adapt=1.700
start pose (normal): applied 20 coordinates as given; pelvis ty 0.920 m (env override unset); IMU-metric torso lean -0.0 deg (+ = back)
standing solve: nnls x in [0.00, 0.70], >0.1: 14 muscles
  top: add_long_l=0.70, tib_ant_r=0.61, tib_ant_l=0.46, ext_dig_r=0.37, glut_min1_l=0.33, pect_l=0.32, glut_min2_l=0.31, ext_dig_l=0.25
Fmax range: 5..3396 N | L range sample: [0.229942 0.326094]
t=  1.00 max|qacc|=     121.3 max|qvel|=   1.22 ncon=  0 com_z=0.938 com_x=-0.150
t=  1.50 max|qacc|=     102.6 max|qvel|=   0.64 ncon=  0 com_z=0.937 com_x=-0.157
t=  2.00 max|qacc|=      57.8 max|qvel|=   0.18 ncon=  0 com_z=0.937 com_x=-0.156
t=  2.50 max|qacc|=      13.8 max|qvel|=   0.06 ncon=  0 com_z=0.938 com_x=-0.157
t=  3.00 max|qacc|=      46.1 max|qvel|=   0.09 ncon=  0 com_z=0.937 com_x=-0.156
t=  3.50 max|qacc|=      26.5 max|qvel|=   0.13 ncon=  0 com_z=0.938 com_x=-0.155
t=  4.00 max|qacc|=      96.8 max|qvel|=   0.35 ncon=  0 com_z=0.937 com_x=-0.152
t=  4.50 max|qacc|=     500.4 max|qvel|=   0.25 ncon=  0 com_z=0.938 com_x=-0.153
t=  5.00 max|qacc|=      83.4 max|qvel|=   0.49 ncon=  0 com_z=0.938 com_x=-0.152
t=  5.50 max|qacc|=      64.6 max|qvel|=   2.59 ncon=  0 com_z=0.956 com_x=-0.106
t=  6.00 max|qacc|=     743.8 max|qvel|=   4.89 ncon=  0 com_z=0.939 com_x=-0.129
t=  6.50 max|qacc|=      95.4 max|qvel|=   6.24 ncon=  0 com_z=0.930 com_x=-0.130
t=  7.00 max|qacc|=     126.6 max|qvel|=   9.59 ncon=  0 com_z=0.940 com_x=-0.130
t=  7.50 max|qacc|=      44.2 max|qvel|=   1.38 ncon=  0 com_z=0.937 com_x=-0.152
t=  8.00 max|qacc|=      54.9 max|qvel|=   1.93 ncon=  0 com_z=0.964 com_x=-0.115
t=  8.50 max|qacc|=     539.8 max|qvel|=   3.80 ncon=  0 com_z=0.935 com_x=-0.132
t=  9.00 max|qacc|=      36.8 max|qvel|=   9.72 ncon=  0 com_z=0.931 com_x=-0.116
t=  9.50 max|qacc|=     117.3 max|qvel|=   4.75 ncon=  0 com_z=0.941 com_x=-0.128
t= 10.00 max|qacc|=     103.7 max|qvel|=   1.70 ncon=  0 com_z=0.936 com_x=-0.152
t= 10.50 max|qacc|=      93.2 max|qvel|=   7.25 ncon=  0 com_z=0.958 com_x=-0.123
t= 11.00 max|qacc|=     235.6 max|qvel|=   6.49 ncon=  0 com_z=0.934 com_x=-0.141
t= 11.50 max|qacc|=      61.8 max|qvel|=   5.07 ncon=  0 com_z=0.947 com_x=-0.111
t= 12.00 max|qacc|=     254.2 max|qvel|=   5.01 ncon=  0 com_z=0.939 com_x=-0.128
t= 12.50 max|qacc|=      93.4 max|qvel|=   3.52 ncon=  0 com_z=0.933 com_x=-0.138
t= 13.00 max|qacc|=      87.2 max|qvel|=  11.12 ncon=  0 com_z=0.943 com_x=-0.130
t= 13.50 max|qacc|=      82.9 max|qvel|=   2.24 ncon=  0 com_z=0.936 com_x=-0.150
t= 14.00 max|qacc|=      57.6 max|qvel|=   2.28 ncon=  0 com_z=0.962 com_x=-0.113
t= 14.50 max|qacc|=     243.7 max|qvel|=   2.45 ncon=  0 com_z=0.936 com_x=-0.130
t= 15.00 max|qacc|=      34.1 max|qvel|=   9.82 ncon=  0 com_z=0.929 com_x=-0.121
t= 15.50 max|qacc|=     109.2 max|qvel|=   5.00 ncon=  0 com_z=0.940 com_x=-0.130
t= 16.00 max|qacc|=     214.2 max|qvel|=   1.26 ncon=  0 com_z=0.938 com_x=-0.157
t= 16.50 max|qacc|=      40.9 max|qvel|=   0.36 ncon=  0 com_z=0.936 com_x=-0.149
t= 17.00 max|qacc|=      44.4 max|qvel|=   0.49 ncon=  0 com_z=0.939 com_x=-0.156
t= 17.50 max|qacc|=     157.5 max|qvel|=   0.11 ncon=  0 com_z=0.937 com_x=-0.156
t= 18.00 max|qacc|=      33.7 max|qvel|=   0.06 ncon=  0 com_z=0.938 com_x=-0.157
t= 18.50 max|qacc|=      32.1 max|qvel|=   0.15 ncon=  0 com_z=0.937 com_x=-0.156
t= 19.00 max|qacc|=     398.9 max|qvel|=   2.88 ncon=  0 com_z=0.938 com_x=-0.157
t= 19.50 max|qacc|=       7.6 max|qvel|=   0.05 ncon=  0 com_z=0.938 com_x=-0.156
t= 20.00 max|qacc|=      35.6 max|qvel|=   0.24 ncon=  0 com_z=0.938 com_x=-0.156
t= 20.50 max|qacc|=      89.3 max|qvel|=   0.26 ncon=  0 com_z=0.938 com_x=-0.156
t= 21.00 max|qacc|=     102.9 max|qvel|=   0.10 ncon=  0 com_z=0.938 com_x=-0.156
t= 21.50 max|qacc|=      82.0 max|qvel|=   0.58 ncon=  0 com_z=0.938 com_x=-0.156
t= 22.00 max|qacc|=     114.4 max|qvel|=   0.10 ncon=  0 com_z=0.938 com_x=-0.156
t= 22.50 max|qacc|=      45.2 max|qvel|=   0.37 ncon=  0 com_z=0.937 com_x=-0.156
t= 23.00 max|qacc|=       8.8 max|qvel|=   0.15 ncon=  0 com_z=0.938 com_x=-0.156
t= 23.50 max|qacc|=      43.2 max|qvel|=   0.05 ncon=  0 com_z=0.938 com_x=-0.156
t= 24.00 max|qacc|=      44.5 max|qvel|=   0.11 ncon=  0 com_z=0.938 com_x=-0.156
t= 24.50 max|qacc|=      28.9 max|qvel|=   0.07 ncon=  0 com_z=0.938 com_x=-0.156
t= 25.00 max|qacc|=      90.1 max|qvel|=   0.22 ncon=  0 com_z=0.938 com_x=-0.156
t= 25.50 max|qacc|=      38.5 max|qvel|=   0.09 ncon=  0 com_z=0.937 com_x=-0.156
t= 26.00 max|qacc|=      93.2 max|qvel|=   0.10 ncon=  0 com_z=0.938 com_x=-0.156
t= 26.50 max|qacc|=      34.1 max|qvel|=   0.24 ncon=  0 com_z=0.938 com_x=-0.156
t= 27.00 max|qacc|=      17.2 max|qvel|=   0.46 ncon=  0 com_z=0.938 com_x=-0.156
t= 27.50 max|qacc|=      69.7 max|qvel|=   0.33 ncon=  0 com_z=0.938 com_x=-0.156
t= 28.00 max|qacc|=      73.6 max|qvel|=   0.23 ncon=  0 com_z=0.938 com_x=-0.156
t= 28.50 max|qacc|=      80.7 max|qvel|=   0.07 ncon=  0 com_z=0.938 com_x=-0.156
t= 29.00 max|qacc|=      32.3 max|qvel|=   0.39 ncon=  0 com_z=0.938 com_x=-0.156
t= 29.50 max|qacc|=       5.9 max|qvel|=   0.17 ncon=  0 com_z=0.938 com_x=-0.156
t= 30.00 max|qacc|=      53.0 max|qvel|=   0.39 ncon=  0 com_z=0.937 com_x=-0.156
t= 30.50 max|qacc|=     300.4 max|qvel|=   0.60 ncon=  0 com_z=0.938 com_x=-0.156

== summary ==
pelvis/COM height: start 0.94 m, min 0.93 m, final 0.94 m  (stayed up)
COM x: min -0.16 max -0.10 final -0.16 m
COM y: min -0.023 max +0.007 m
RG_F_r bursts during walk window: 8
RG_r: cycles in window 8, period 1.21 s (0.83 Hz), E-duty 0.59
RG_l: cycles in window 8, period 1.21 s (0.83 Hz), E-duty 0.59
peak ctrl: [1.   1.   1.   1.   0.87 1.   0.41 0.5  1.   0.93 1.   1.   1.   1.
 0.99 1.   0.47 0.67 0.73 0.37] (('vas_lat_r', 'med_gas_r', 'soleus_r', 'tib_ant_r', 'psoas_r', 'semimem_r', 'glut_max2_r', 'rect_fem_r', 'sar_r', 'grac_r', 'vas_lat_l', 'med_gas_l', 'soleus_l', 'tib_ant_l', 'psoas_l', 'semimem_l', 'glut_max2_l', 'rect_fem_l', 'sar_l', 'grac_l'))
  hip_flexion_r         -7.4 ..    36.0 deg
  knee_angle_r         -96.8 ..    10.4 deg
  ankle_angle_r        -65.4 ..    -1.7 deg
  hip_adduction_r      -13.2 ..    18.7 deg
  subtalar_angle_r      -9.1 ..     8.9 deg
  hip_flexion_l        -25.1 ..    24.0 deg
  knee_angle_l        -104.9 ..    10.5 deg
  ankle_angle_l        -68.1 ..     9.8 deg
  hip_adduction_l      -30.7 ..    30.0 deg
  subtalar_angle_l      -0.8 ..     9.1 deg
  pelvis_tilt           -2.0 ..     0.6 deg
  pelvis_list           -0.7 ..    -0.2 deg
  pelvis_rotation        2.2 ..     2.6 deg
saved spinal_run.npz
(plot skipped: 'PF_E2_r')
fitted baseline loaded: e2_pf=0.222 f1_df=0.098 f1_kf=0.148 post_kneext=0.011 post_hipext=0.068 desc_f=1.400 e2_adapt=1.700
start pose (normal): applied 20 coordinates as given; pelvis ty 0.920 m (env override unset); IMU-metric torso lean -0.0 deg (+ = back)
standing solve: nnls x in [0.00, 0.70], >0.1: 14 muscles
  top: add_long_l=0.70, tib_ant_r=0.61, tib_ant_l=0.46, ext_dig_r=0.37, glut_min1_l=0.33, pect_l=0.32, glut_min2_l=0.31, ext_dig_l=0.25
Fmax range: 5..3396 N | L range sample: [0.229942 0.326094]
t=  1.00 max|qacc|=      77.6 max|qvel|=   1.47 ncon=  0 com_z=0.938 com_x=-0.150
t=  1.50 max|qacc|=      15.6 max|qvel|=   0.42 ncon=  0 com_z=0.937 com_x=-0.157
t=  2.00 max|qacc|=     445.5 max|qvel|=   1.15 ncon=  0 com_z=0.937 com_x=-0.155
t=  2.50 max|qacc|=      48.6 max|qvel|=   0.42 ncon=  0 com_z=0.938 com_x=-0.156
t=  3.00 max|qacc|=      27.0 max|qvel|=   0.08 ncon=  0 com_z=0.937 com_x=-0.156
t=  3.50 max|qacc|=      42.0 max|qvel|=   0.12 ncon=  0 com_z=0.938 com_x=-0.155
t=  4.00 max|qacc|=     675.6 max|qvel|=   0.45 ncon=  0 com_z=0.937 com_x=-0.152
t=  4.50 max|qacc|=      52.7 max|qvel|=   0.16 ncon=  0 com_z=0.937 com_x=-0.152
t=  5.00 max|qacc|=      38.5 max|qvel|=   0.19 ncon=  0 com_z=0.938 com_x=-0.152
t=  5.50 max|qacc|=     160.7 max|qvel|=   1.37 ncon=  0 com_z=0.938 com_x=-0.152
t=  6.00 max|qacc|=     287.8 max|qvel|=   0.27 ncon=  0 com_z=0.938 com_x=-0.152
t=  6.50 max|qacc|=      51.2 max|qvel|=   0.22 ncon=  0 com_z=0.938 com_x=-0.152
t=  7.00 max|qacc|=     303.9 max|qvel|=   0.77 ncon=  0 com_z=0.938 com_x=-0.152
t=  7.50 max|qacc|=     349.2 max|qvel|=   0.45 ncon=  0 com_z=0.938 com_x=-0.152
t=  8.00 max|qacc|=     216.9 max|qvel|=   0.22 ncon=  0 com_z=0.938 com_x=-0.152
t=  8.50 max|qacc|=      23.3 max|qvel|=   0.11 ncon=  0 com_z=0.938 com_x=-0.152
t=  9.00 max|qacc|=      48.8 max|qvel|=   0.34 ncon=  0 com_z=0.938 com_x=-0.152
t=  9.50 max|qacc|=      10.0 max|qvel|=   0.20 ncon=  0 com_z=0.938 com_x=-0.152
t= 10.00 max|qacc|=      65.5 max|qvel|=   0.09 ncon=  0 com_z=0.938 com_x=-0.152
t= 10.50 max|qacc|=     119.0 max|qvel|=   0.37 ncon=  0 com_z=0.938 com_x=-0.152
t= 11.00 max|qacc|=     174.1 max|qvel|=   0.43 ncon=  0 com_z=0.938 com_x=-0.152
t= 11.50 max|qacc|=     178.0 max|qvel|=   0.11 ncon=  0 com_z=0.938 com_x=-0.152
t= 12.00 max|qacc|=      17.7 max|qvel|=   0.04 ncon=  0 com_z=0.938 com_x=-0.152
t= 12.50 max|qacc|=      80.0 max|qvel|=   0.17 ncon=  0 com_z=0.938 com_x=-0.152
t= 13.00 max|qacc|=      80.6 max|qvel|=   0.16 ncon=  0 com_z=0.938 com_x=-0.152
t= 13.50 max|qacc|=      14.9 max|qvel|=   0.18 ncon=  0 com_z=0.938 com_x=-0.152
t= 14.00 max|qacc|=      58.3 max|qvel|=   0.23 ncon=  0 com_z=0.938 com_x=-0.152
t= 14.50 max|qacc|=      28.9 max|qvel|=   0.18 ncon=  0 com_z=0.938 com_x=-0.152
t= 15.00 max|qacc|=     424.1 max|qvel|=   0.71 ncon=  0 com_z=0.938 com_x=-0.152
t= 15.50 max|qacc|=      89.3 max|qvel|=   0.08 ncon=  0 com_z=0.938 com_x=-0.152
t= 16.00 max|qacc|=     337.0 max|qvel|=   0.52 ncon=  0 com_z=0.937 com_x=-0.152
t= 16.50 max|qacc|=      91.4 max|qvel|=   0.38 ncon=  0 com_z=0.937 com_x=-0.152
t= 17.00 max|qacc|=      91.0 max|qvel|=   0.16 ncon=  0 com_z=0.937 com_x=-0.154
t= 17.50 max|qacc|=     106.8 max|qvel|=   0.19 ncon=  0 com_z=0.938 com_x=-0.157
t= 18.00 max|qacc|=      84.3 max|qvel|=   0.24 ncon=  0 com_z=0.937 com_x=-0.156
t= 18.50 max|qacc|=      71.3 max|qvel|=   0.08 ncon=  0 com_z=0.938 com_x=-0.156
t= 19.00 max|qacc|=      18.9 max|qvel|=   0.17 ncon=  0 com_z=0.938 com_x=-0.156
t= 19.50 max|qacc|=      29.6 max|qvel|=   0.10 ncon=  0 com_z=0.938 com_x=-0.156
t= 20.00 max|qacc|=     252.7 max|qvel|=   0.19 ncon=  0 com_z=0.937 com_x=-0.156
t= 20.50 max|qacc|=     121.4 max|qvel|=   0.24 ncon=  0 com_z=0.938 com_x=-0.156
t= 21.00 max|qacc|=     214.3 max|qvel|=   0.68 ncon=  0 com_z=0.937 com_x=-0.156
t= 21.50 max|qacc|=      30.9 max|qvel|=   0.19 ncon=  0 com_z=0.937 com_x=-0.156
t= 22.00 max|qacc|=     524.0 max|qvel|=   0.65 ncon=  0 com_z=0.938 com_x=-0.156
t= 22.50 max|qacc|=       9.0 max|qvel|=   0.07 ncon=  0 com_z=0.938 com_x=-0.156
t= 23.00 max|qacc|=      75.9 max|qvel|=   0.27 ncon=  0 com_z=0.938 com_x=-0.156
t= 23.50 max|qacc|=      15.0 max|qvel|=   0.18 ncon=  0 com_z=0.937 com_x=-0.156
t= 24.00 max|qacc|=      23.2 max|qvel|=   0.60 ncon=  0 com_z=0.937 com_x=-0.156
t= 24.50 max|qacc|=     133.2 max|qvel|=   0.40 ncon=  0 com_z=0.938 com_x=-0.156
t= 25.00 max|qacc|=      20.8 max|qvel|=   0.07 ncon=  0 com_z=0.937 com_x=-0.156
t= 25.50 max|qacc|=      82.9 max|qvel|=   0.46 ncon=  0 com_z=0.938 com_x=-0.156
t= 26.00 max|qacc|=     368.0 max|qvel|=   0.80 ncon=  0 com_z=0.937 com_x=-0.156
t= 26.50 max|qacc|=      24.1 max|qvel|=   0.09 ncon=  0 com_z=0.938 com_x=-0.156
t= 27.00 max|qacc|=      11.2 max|qvel|=   0.07 ncon=  0 com_z=0.938 com_x=-0.156
t= 27.50 max|qacc|=      30.5 max|qvel|=   0.57 ncon=  0 com_z=0.937 com_x=-0.156
t= 28.00 max|qacc|=     578.9 max|qvel|=   0.88 ncon=  0 com_z=0.938 com_x=-0.156
t= 28.50 max|qacc|=     122.3 max|qvel|=   0.12 ncon=  0 com_z=0.937 com_x=-0.156
t= 29.00 max|qacc|=      65.5 max|qvel|=   0.15 ncon=  0 com_z=0.938 com_x=-0.156
t= 29.50 max|qacc|=      63.2 max|qvel|=   0.42 ncon=  0 com_z=0.937 com_x=-0.156
t= 30.00 max|qacc|=      89.0 max|qvel|=   0.11 ncon=  0 com_z=0.938 com_x=-0.156
t= 30.50 max|qacc|=     283.5 max|qvel|=   0.31 ncon=  0 com_z=0.938 com_x=-0.156

== summary ==
pelvis/COM height: start 0.94 m, min 0.93 m, final 0.94 m  (stayed up)
COM x: min -0.16 max -0.11 final -0.16 m
COM y: min -0.008 max +0.003 m
RG_F_r bursts during walk window: 0
peak ctrl: [1.   1.   1.   1.   0.87 1.   0.41 0.5  1.   0.93 1.   1.   1.   1.
 0.98 1.   0.23 0.67 0.73 0.37] (('vas_lat_r', 'med_gas_r', 'soleus_r', 'tib_ant_r', 'psoas_r', 'semimem_r', 'glut_max2_r', 'rect_fem_r', 'sar_r', 'grac_r', 'vas_lat_l', 'med_gas_l', 'soleus_l', 'tib_ant_l', 'psoas_l', 'semimem_l', 'glut_max2_l', 'rect_fem_l', 'sar_l', 'grac_l'))
  hip_flexion_r         24.6 ..    34.2 deg
  knee_angle_r          -3.9 ..    10.1 deg
  ankle_angle_r        -65.5 ..    -1.7 deg
  hip_adduction_r        1.0 ..     9.9 deg
  subtalar_angle_r       0.0 ..     8.8 deg
  hip_flexion_l        -16.6 ..    23.9 deg
  knee_angle_l          -8.2 ..    10.0 deg
  ankle_angle_l        -67.6 ..     9.8 deg
  hip_adduction_l        2.6 ..    17.7 deg
  subtalar_angle_l      -0.3 ..     3.4 deg
  pelvis_tilt           -1.9 ..    -0.3 deg
  pelvis_list           -0.5 ..    -0.4 deg
  pelvis_rotation        2.3 ..     2.5 deg
saved spinal_run.npz
(plot skipped: 'PF_E2_r')
fitted baseline loaded: e2_pf=0.222 f1_df=0.098 f1_kf=0.148 post_kneext=0.011 post_hipext=0.068 desc_f=1.400 e2_adapt=1.700
start pose (normal): applied 20 coordinates as given; pelvis ty 0.920 m (env override unset); IMU-metric torso lean -0.0 deg (+ = back)
standing solve: nnls x in [0.00, 0.70], >0.1: 14 muscles
  top: add_long_l=0.70, tib_ant_r=0.61, tib_ant_l=0.46, ext_dig_r=0.37, glut_min1_l=0.33, pect_l=0.32, glut_min2_l=0.31, ext_dig_l=0.25
Fmax range: 5..3396 N | L range sample: [0.229942 0.326094]
t=  1.00 max|qacc|=      20.8 max|qvel|=   1.30 ncon=  0 com_z=0.939 com_x=-0.153
t=  1.50 max|qacc|=     127.7 max|qvel|=   0.60 ncon=  0 com_z=0.937 com_x=-0.158
t=  2.00 max|qacc|=      25.3 max|qvel|=   0.16 ncon=  0 com_z=0.938 com_x=-0.157
t=  2.50 max|qacc|=     108.0 max|qvel|=   0.07 ncon=  0 com_z=0.938 com_x=-0.158
t=  3.00 max|qacc|=      52.1 max|qvel|=   0.29 ncon=  0 com_z=0.938 com_x=-0.157
t=  3.50 max|qacc|=      56.0 max|qvel|=   0.41 ncon=  0 com_z=0.938 com_x=-0.157
t=  4.00 max|qacc|=     291.0 max|qvel|=   0.54 ncon=  0 com_z=0.937 com_x=-0.153
t=  4.50 max|qacc|=     210.8 max|qvel|=   0.16 ncon=  0 com_z=0.938 com_x=-0.154
t=  5.00 max|qacc|=      65.1 max|qvel|=   8.65 ncon=  0 com_z=0.929 com_x=-0.100
t=  5.50 max|qacc|=      23.8 max|qvel|=   1.09 ncon=  0 com_z=0.950 com_x=-0.146
t=  6.00 max|qacc|=      59.4 max|qvel|=   4.43 ncon=  0 com_z=0.939 com_x=-0.109
t=  6.50 max|qacc|=      46.4 max|qvel|=   8.42 ncon=  0 com_z=0.940 com_x=-0.104
t=  7.00 max|qacc|=      20.0 max|qvel|=   1.46 ncon=  0 com_z=0.943 com_x=-0.140
t=  7.50 max|qacc|=    2389.0 max|qvel|=   4.10 ncon=  0 com_z=0.936 com_x=-0.122
t=  8.00 max|qacc|=      49.2 max|qvel|=   2.48 ncon=  0 com_z=0.963 com_x=-0.112
t=  8.50 max|qacc|=      12.7 max|qvel|=   2.34 ncon=  0 com_z=0.944 com_x=-0.129
t=  9.00 max|qacc|=      31.9 max|qvel|=   1.51 ncon=  0 com_z=0.933 com_x=-0.128
t=  9.50 max|qacc|=      32.8 max|qvel|=   2.90 ncon=  0 com_z=0.965 com_x=-0.130
t= 10.00 max|qacc|=     122.2 max|qvel|=   5.38 ncon=  0 com_z=0.946 com_x=-0.116
t= 10.50 max|qacc|=      96.5 max|qvel|=   6.18 ncon=  0 com_z=0.929 com_x=-0.114
t= 11.00 max|qacc|=      36.6 max|qvel|=   3.16 ncon=  0 com_z=0.951 com_x=-0.142
t= 11.50 max|qacc|=      61.5 max|qvel|=   4.47 ncon=  0 com_z=0.940 com_x=-0.110
t= 12.00 max|qacc|=      44.3 max|qvel|=   8.88 ncon=  0 com_z=0.937 com_x=-0.103
t= 12.50 max|qacc|=      21.1 max|qvel|=   1.24 ncon=  0 com_z=0.943 com_x=-0.141
t= 13.00 max|qacc|=      56.6 max|qvel|=   4.53 ncon=  0 com_z=0.937 com_x=-0.121
t= 13.50 max|qacc|=      51.5 max|qvel|=   2.46 ncon=  0 com_z=0.962 com_x=-0.111
t= 14.00 max|qacc|=      15.4 max|qvel|=   2.23 ncon=  0 com_z=0.944 com_x=-0.131
t= 14.50 max|qacc|=      61.6 max|qvel|=   1.58 ncon=  0 com_z=0.933 com_x=-0.128
t= 15.00 max|qacc|=      34.4 max|qvel|=   2.54 ncon=  0 com_z=0.965 com_x=-0.128
t= 15.50 max|qacc|=     118.8 max|qvel|=   5.06 ncon=  0 com_z=0.947 com_x=-0.118
t= 16.00 max|qacc|=      99.0 max|qvel|=   2.52 ncon=  0 com_z=0.936 com_x=-0.151
t= 16.50 max|qacc|=     121.7 max|qvel|=   0.50 ncon=  0 com_z=0.937 com_x=-0.153
t= 17.00 max|qacc|=     171.6 max|qvel|=   0.28 ncon=  0 com_z=0.939 com_x=-0.157
t= 17.50 max|qacc|=      64.6 max|qvel|=   0.17 ncon=  0 com_z=0.937 com_x=-0.157
t= 18.00 max|qacc|=       8.4 max|qvel|=   0.14 ncon=  0 com_z=0.938 com_x=-0.158
t= 18.50 max|qacc|=       5.6 max|qvel|=   0.08 ncon=  0 com_z=0.938 com_x=-0.158
t= 19.00 max|qacc|=     129.6 max|qvel|=   0.79 ncon=  0 com_z=0.938 com_x=-0.158
t= 19.50 max|qacc|=      59.9 max|qvel|=   0.15 ncon=  0 com_z=0.938 com_x=-0.158
t= 20.00 max|qacc|=     110.0 max|qvel|=   0.13 ncon=  0 com_z=0.938 com_x=-0.158
t= 20.50 max|qacc|=      99.8 max|qvel|=   0.42 ncon=  0 com_z=0.938 com_x=-0.158
t= 21.00 max|qacc|=      38.6 max|qvel|=   1.53 ncon=  0 com_z=0.937 com_x=-0.157
t= 21.50 max|qacc|=     390.1 max|qvel|=   0.24 ncon=  0 com_z=0.938 com_x=-0.158
t= 22.00 max|qacc|=      13.7 max|qvel|=   0.07 ncon=  0 com_z=0.938 com_x=-0.158
t= 22.50 max|qacc|=      51.9 max|qvel|=   0.03 ncon=  0 com_z=0.938 com_x=-0.158
t= 23.00 max|qacc|=     358.8 max|qvel|=   0.27 ncon=  0 com_z=0.938 com_x=-0.157
t= 23.50 max|qacc|=      45.9 max|qvel|=   0.13 ncon=  0 com_z=0.938 com_x=-0.158
t= 24.00 max|qacc|=     142.4 max|qvel|=   0.31 ncon=  0 com_z=0.938 com_x=-0.158
t= 24.50 max|qacc|=      56.9 max|qvel|=   0.08 ncon=  0 com_z=0.938 com_x=-0.157
t= 25.00 max|qacc|=      19.5 max|qvel|=   0.12 ncon=  0 com_z=0.938 com_x=-0.158
t= 25.50 max|qacc|=     878.1 max|qvel|=   0.87 ncon=  0 com_z=0.938 com_x=-0.157
t= 26.00 max|qacc|=      17.1 max|qvel|=   0.14 ncon=  0 com_z=0.938 com_x=-0.158
t= 26.50 max|qacc|=      72.1 max|qvel|=   0.10 ncon=  0 com_z=0.938 com_x=-0.158
t= 27.00 max|qacc|=      31.0 max|qvel|=   0.14 ncon=  0 com_z=0.938 com_x=-0.157
t= 27.50 max|qacc|=      61.1 max|qvel|=   0.06 ncon=  0 com_z=0.938 com_x=-0.158
t= 28.00 max|qacc|=       6.7 max|qvel|=   0.13 ncon=  0 com_z=0.938 com_x=-0.158
t= 28.50 max|qacc|=      76.0 max|qvel|=   0.16 ncon=  0 com_z=0.938 com_x=-0.158
t= 29.00 max|qacc|=      77.8 max|qvel|=   0.56 ncon=  0 com_z=0.938 com_x=-0.158
t= 29.50 max|qacc|=      59.1 max|qvel|=   0.11 ncon=  0 com_z=0.938 com_x=-0.157
t= 30.00 max|qacc|=       8.0 max|qvel|=   0.13 ncon=  0 com_z=0.938 com_x=-0.158
t= 30.50 max|qacc|=      18.0 max|qvel|=   0.17 ncon=  0 com_z=0.938 com_x=-0.158

== summary ==
pelvis/COM height: start 0.94 m, min 0.93 m, final 0.94 m  (stayed up)
COM x: min -0.17 max -0.09 final -0.16 m
COM y: min -0.025 max +0.011 m
RG_F_r bursts during walk window: 7
RG_r: cycles in window 7, period 1.38 s (0.73 Hz), E-duty 0.41
RG_l: cycles in window 7, period 1.38 s (0.73 Hz), E-duty 0.41
peak ctrl: [1.   1.   1.   1.   0.84 1.   0.44 0.5  0.98 0.93 1.   1.   1.   1.
 0.95 1.   0.52 0.66 0.7  0.37] (('vas_lat_r', 'med_gas_r', 'soleus_r', 'tib_ant_r', 'psoas_r', 'semimem_r', 'glut_max2_r', 'rect_fem_r', 'sar_r', 'grac_r', 'vas_lat_l', 'med_gas_l', 'soleus_l', 'tib_ant_l', 'psoas_l', 'semimem_l', 'glut_max2_l', 'rect_fem_l', 'sar_l', 'grac_l'))
  hip_flexion_r         -9.0 ..    35.4 deg
  knee_angle_r        -101.9 ..    10.4 deg
  ankle_angle_r        -65.0 ..    -1.7 deg
  hip_adduction_r      -23.9 ..    25.8 deg
  subtalar_angle_r      -9.8 ..     9.3 deg
  hip_flexion_l        -32.1 ..    26.3 deg
  knee_angle_l         -96.1 ..    10.4 deg
  ankle_angle_l        -68.1 ..     9.8 deg
  hip_adduction_l      -31.2 ..    18.3 deg
  subtalar_angle_l      -1.1 ..    10.4 deg
  pelvis_tilt           -1.9 ..     0.7 deg
  pelvis_list           -0.9 ..     0.0 deg
  pelvis_rotation        2.2 ..     2.6 deg
saved spinal_run.npz
(plot skipped: 'PF_E2_r')
fitted baseline loaded: e2_pf=0.222 f1_df=0.098 f1_kf=0.148 post_kneext=0.011 post_hipext=0.068 desc_f=1.400 e2_adapt=1.700
start pose (normal): applied 20 coordinates as given; pelvis ty 0.920 m (env override unset); IMU-metric torso lean -0.0 deg (+ = back)
standing solve: nnls x in [0.00, 0.70], >0.1: 14 muscles
  top: add_long_l=0.70, tib_ant_r=0.61, tib_ant_l=0.46, ext_dig_r=0.37, glut_min1_l=0.33, pect_l=0.32, glut_min2_l=0.31, ext_dig_l=0.25
Fmax range: 5..3396 N | L range sample: [0.229942 0.326094]
t=  1.00 max|qacc|=     119.5 max|qvel|=   1.13 ncon=  0 com_z=0.938 com_x=-0.151
t=  1.50 max|qacc|=      40.9 max|qvel|=   0.41 ncon=  0 com_z=0.937 com_x=-0.157
t=  2.00 max|qacc|=     192.8 max|qvel|=   0.25 ncon=  0 com_z=0.937 com_x=-0.156
t=  2.50 max|qacc|=      82.4 max|qvel|=   0.18 ncon=  0 com_z=0.938 com_x=-0.157
t=  3.00 max|qacc|=      60.6 max|qvel|=   0.21 ncon=  0 com_z=0.938 com_x=-0.157
t=  3.50 max|qacc|=     255.7 max|qvel|=   1.31 ncon=  0 com_z=0.937 com_x=-0.156
t=  4.00 max|qacc|=     160.4 max|qvel|=   0.29 ncon=  0 com_z=0.937 com_x=-0.152
t=  4.50 max|qacc|=      20.2 max|qvel|=   0.15 ncon=  0 com_z=0.938 com_x=-0.153
t=  5.00 max|qacc|=      86.9 max|qvel|=   4.61 ncon=  0 com_z=0.931 com_x=-0.123
t=  5.50 max|qacc|=      76.1 max|qvel|=   3.66 ncon=  0 com_z=0.951 com_x=-0.147
t=  6.00 max|qacc|=      89.2 max|qvel|=   5.40 ncon=  0 com_z=0.928 com_x=-0.102
t=  6.50 max|qacc|=      77.6 max|qvel|=   3.13 ncon=  0 com_z=0.953 com_x=-0.155
t=  7.00 max|qacc|=      86.5 max|qvel|=   6.65 ncon=  0 com_z=0.926 com_x=-0.096
t=  7.50 max|qacc|=      58.4 max|qvel|=   3.20 ncon=  0 com_z=0.952 com_x=-0.156
t=  8.00 max|qacc|=      88.3 max|qvel|=   7.36 ncon=  0 com_z=0.926 com_x=-0.094
t=  8.50 max|qacc|=      65.2 max|qvel|=   3.52 ncon=  0 com_z=0.951 com_x=-0.156
t=  9.00 max|qacc|=      79.4 max|qvel|=   7.76 ncon=  0 com_z=0.926 com_x=-0.093
t=  9.50 max|qacc|=      76.6 max|qvel|=   4.16 ncon=  0 com_z=0.950 com_x=-0.156
t= 10.00 max|qacc|=      62.2 max|qvel|=   8.07 ncon=  0 com_z=0.926 com_x=-0.092
t= 10.50 max|qacc|=      79.0 max|qvel|=   4.99 ncon=  0 com_z=0.949 com_x=-0.155
t= 11.00 max|qacc|=      36.5 max|qvel|=   8.74 ncon=  0 com_z=0.926 com_x=-0.092
t= 11.50 max|qacc|=      68.2 max|qvel|=   5.78 ncon=  0 com_z=0.947 com_x=-0.154
t= 12.00 max|qacc|=      24.1 max|qvel|=   9.12 ncon=  0 com_z=0.927 com_x=-0.092
t= 12.50 max|qacc|=      53.1 max|qvel|=   6.36 ncon=  0 com_z=0.946 com_x=-0.153
t= 13.00 max|qacc|=      33.2 max|qvel|=   9.08 ncon=  0 com_z=0.929 com_x=-0.093
t= 13.50 max|qacc|=      51.0 max|qvel|=   6.66 ncon=  0 com_z=0.945 com_x=-0.151
t= 14.00 max|qacc|=      39.7 max|qvel|=   8.85 ncon=  0 com_z=0.931 com_x=-0.094
t= 14.50 max|qacc|=      66.7 max|qvel|=   6.63 ncon=  0 com_z=0.944 com_x=-0.149
t= 15.00 max|qacc|=      42.2 max|qvel|=   8.51 ncon=  0 com_z=0.934 com_x=-0.095
t= 15.50 max|qacc|=      63.7 max|qvel|=   6.34 ncon=  0 com_z=0.943 com_x=-0.148
t= 16.00 max|qacc|=     248.9 max|qvel|=   1.53 ncon=  0 com_z=0.936 com_x=-0.147
t= 16.50 max|qacc|=       5.0 max|qvel|=   0.81 ncon=  0 com_z=0.937 com_x=-0.154
t= 17.00 max|qacc|=      16.0 max|qvel|=   0.55 ncon=  0 com_z=0.939 com_x=-0.156
t= 17.50 max|qacc|=     566.0 max|qvel|=   2.09 ncon=  0 com_z=0.937 com_x=-0.156
t= 18.00 max|qacc|=     238.6 max|qvel|=   0.47 ncon=  0 com_z=0.939 com_x=-0.158
t= 18.50 max|qacc|=      22.2 max|qvel|=   0.07 ncon=  0 com_z=0.937 com_x=-0.156
t= 19.00 max|qacc|=      42.9 max|qvel|=   0.34 ncon=  0 com_z=0.938 com_x=-0.157
t= 19.50 max|qacc|=      46.6 max|qvel|=   0.17 ncon=  0 com_z=0.937 com_x=-0.156
t= 20.00 max|qacc|=     614.9 max|qvel|=   0.15 ncon=  0 com_z=0.938 com_x=-0.157
t= 20.50 max|qacc|=      94.9 max|qvel|=   0.30 ncon=  0 com_z=0.938 com_x=-0.156
t= 21.00 max|qacc|=     118.0 max|qvel|=   0.13 ncon=  0 com_z=0.938 com_x=-0.157
t= 21.50 max|qacc|=     133.5 max|qvel|=   0.27 ncon=  0 com_z=0.938 com_x=-0.157
t= 22.00 max|qacc|=      32.1 max|qvel|=   0.21 ncon=  0 com_z=0.938 com_x=-0.157
t= 22.50 max|qacc|=     257.8 max|qvel|=   0.48 ncon=  0 com_z=0.938 com_x=-0.157
t= 23.00 max|qacc|=     229.2 max|qvel|=   0.69 ncon=  0 com_z=0.938 com_x=-0.157
t= 23.50 max|qacc|=      36.1 max|qvel|=   0.18 ncon=  0 com_z=0.938 com_x=-0.157
t= 24.00 max|qacc|=     207.8 max|qvel|=   1.12 ncon=  0 com_z=0.938 com_x=-0.157
t= 24.50 max|qacc|=      14.4 max|qvel|=   0.19 ncon=  0 com_z=0.938 com_x=-0.157
t= 25.00 max|qacc|=      50.0 max|qvel|=   0.07 ncon=  0 com_z=0.938 com_x=-0.157
t= 25.50 max|qacc|=      53.9 max|qvel|=   0.46 ncon=  0 com_z=0.938 com_x=-0.157
t= 26.00 max|qacc|=      16.1 max|qvel|=   0.15 ncon=  0 com_z=0.938 com_x=-0.157
t= 26.50 max|qacc|=      26.2 max|qvel|=   0.11 ncon=  0 com_z=0.938 com_x=-0.157
t= 27.00 max|qacc|=      74.8 max|qvel|=   0.30 ncon=  0 com_z=0.938 com_x=-0.157
t= 27.50 max|qacc|=      27.8 max|qvel|=   0.12 ncon=  0 com_z=0.938 com_x=-0.156
t= 28.00 max|qacc|=     111.4 max|qvel|=   0.16 ncon=  0 com_z=0.938 com_x=-0.157
t= 28.50 max|qacc|=      15.3 max|qvel|=   0.09 ncon=  0 com_z=0.938 com_x=-0.157
t= 29.00 max|qacc|=      35.2 max|qvel|=   0.11 ncon=  0 com_z=0.938 com_x=-0.157
t= 29.50 max|qacc|=      26.1 max|qvel|=   0.40 ncon=  0 com_z=0.938 com_x=-0.157
t= 30.00 max|qacc|=      64.5 max|qvel|=   0.28 ncon=  0 com_z=0.938 com_x=-0.157
t= 30.50 max|qacc|=      17.9 max|qvel|=   0.39 ncon=  0 com_z=0.938 com_x=-0.157

== summary ==
pelvis/COM height: start 0.94 m, min 0.93 m, final 0.94 m  (stayed up)
COM x: min -0.17 max -0.09 final -0.16 m
COM y: min -0.024 max +0.007 m
RG_F_r bursts during walk window: 10
RG_r: cycles in window 10, period 0.99 s (1.01 Hz), E-duty 0.49
RG_l: cycles in window 10, period 0.99 s (1.01 Hz), E-duty 0.49
peak ctrl: [1.   1.   1.   1.   0.85 1.   0.44 0.5  0.98 0.93 1.   1.   1.   1.
 0.98 1.   0.52 0.67 0.71 0.37] (('vas_lat_r', 'med_gas_r', 'soleus_r', 'tib_ant_r', 'psoas_r', 'semimem_r', 'glut_max2_r', 'rect_fem_r', 'sar_r', 'grac_r', 'vas_lat_l', 'med_gas_l', 'soleus_l', 'tib_ant_l', 'psoas_l', 'semimem_l', 'glut_max2_l', 'rect_fem_l', 'sar_l', 'grac_l'))
  hip_flexion_r         -7.2 ..    40.0 deg
  knee_angle_r         -93.7 ..    10.4 deg
  ankle_angle_r        -65.1 ..    -1.7 deg
  hip_adduction_r      -25.0 ..    22.2 deg
  subtalar_angle_r      -9.7 ..     8.8 deg
  hip_flexion_l        -25.7 ..    24.5 deg
  knee_angle_l         -90.7 ..    10.5 deg
  ankle_angle_l        -67.9 ..     9.8 deg
  hip_adduction_l      -32.7 ..    27.5 deg
  subtalar_angle_l      -1.5 ..    10.9 deg
  pelvis_tilt           -1.9 ..     0.6 deg
  pelvis_list           -0.8 ..    -0.2 deg
  pelvis_rotation        2.2 ..     2.6 deg
saved spinal_run.npz
(plot skipped: 'PF_E2_r')
fitted baseline loaded: e2_pf=0.222 f1_df=0.098 f1_kf=0.148 post_kneext=0.011 post_hipext=0.068 desc_f=1.400 e2_adapt=1.700
start pose (normal): applied 20 coordinates as given; pelvis ty 0.920 m (env override unset); IMU-metric torso lean -0.0 deg (+ = back)
standing solve: nnls x in [0.00, 0.70], >0.1: 14 muscles
  top: add_long_l=0.70, tib_ant_r=0.61, tib_ant_l=0.46, ext_dig_r=0.37, glut_min1_l=0.33, pect_l=0.32, glut_min2_l=0.31, ext_dig_l=0.25
Fmax range: 5..3396 N | L range sample: [0.229942 0.326094]
t=  1.00 max|qacc|=      21.8 max|qvel|=   1.30 ncon=  0 com_z=0.939 com_x=-0.153
t=  1.50 max|qacc|=     110.8 max|qvel|=   0.77 ncon=  0 com_z=0.937 com_x=-0.158
t=  2.00 max|qacc|=      57.4 max|qvel|=   0.64 ncon=  0 com_z=0.938 com_x=-0.158
t=  2.50 max|qacc|=      37.9 max|qvel|=   0.28 ncon=  0 com_z=0.938 com_x=-0.158
t=  3.00 max|qacc|=      67.6 max|qvel|=   0.16 ncon=  0 com_z=0.938 com_x=-0.158
t=  3.50 max|qacc|=     115.1 max|qvel|=   0.53 ncon=  0 com_z=0.938 com_x=-0.158
t=  4.00 max|qacc|=      87.0 max|qvel|=   0.20 ncon=  0 com_z=0.937 com_x=-0.154
t=  4.50 max|qacc|=      88.1 max|qvel|=   0.44 ncon=  0 com_z=0.938 com_x=-0.153
t=  5.00 max|qacc|=      13.3 max|qvel|=   0.07 ncon=  0 com_z=0.938 com_x=-0.153
t=  5.50 max|qacc|=      22.1 max|qvel|=   2.11 ncon=  0 com_z=0.936 com_x=-0.144
t=  6.00 max|qacc|=      15.4 max|qvel|=   2.98 ncon=  0 com_z=0.965 com_x=-0.132
t=  6.50 max|qacc|=      67.3 max|qvel|=   1.67 ncon=  0 com_z=0.948 com_x=-0.128
t=  7.00 max|qacc|=     420.1 max|qvel|=   2.64 ncon=  0 com_z=0.935 com_x=-0.140
t=  7.50 max|qacc|=      60.9 max|qvel|=   4.11 ncon=  0 com_z=0.935 com_x=-0.139
t=  8.00 max|qacc|=      27.3 max|qvel|=   1.69 ncon=  0 com_z=0.958 com_x=-0.142
t=  8.50 max|qacc|=     116.4 max|qvel|=   4.34 ncon=  0 com_z=0.947 com_x=-0.124
t=  9.00 max|qacc|=     240.2 max|qvel|=   2.10 ncon=  0 com_z=0.937 com_x=-0.149
t=  9.50 max|qacc|=      81.0 max|qvel|=   7.94 ncon=  0 com_z=0.930 com_x=-0.117
t= 10.00 max|qacc|=      15.1 max|qvel|=   1.41 ncon=  0 com_z=0.952 com_x=-0.146
t= 10.50 max|qacc|=      46.5 max|qvel|=   8.14 ncon=  0 com_z=0.941 com_x=-0.120
t= 11.00 max|qacc|=      48.5 max|qvel|=   1.69 ncon=  0 com_z=0.940 com_x=-0.156
t= 11.50 max|qacc|=      40.7 max|qvel|=   9.00 ncon=  0 com_z=0.934 com_x=-0.103
t= 12.00 max|qacc|=       9.4 max|qvel|=   0.96 ncon=  0 com_z=0.948 com_x=-0.144
t= 12.50 max|qacc|=      64.2 max|qvel|=   4.39 ncon=  0 com_z=0.940 com_x=-0.118
t= 13.00 max|qacc|=     577.4 max|qvel|=   4.78 ncon=  0 com_z=0.942 com_x=-0.162
t= 13.50 max|qacc|=      67.9 max|qvel|=   4.34 ncon=  0 com_z=0.948 com_x=-0.102
t= 14.00 max|qacc|=      13.8 max|qvel|=   1.24 ncon=  0 com_z=0.946 com_x=-0.138
t= 14.50 max|qacc|=      40.5 max|qvel|=   5.21 ncon=  0 com_z=0.938 com_x=-0.121
t= 15.00 max|qacc|=      84.8 max|qvel|=   1.18 ncon=  0 com_z=0.942 com_x=-0.164
t= 15.50 max|qacc|=      50.5 max|qvel|=   2.92 ncon=  0 com_z=0.962 com_x=-0.110
t= 16.00 max|qacc|=       7.0 max|qvel|=   0.80 ncon=  0 com_z=0.948 com_x=-0.134
t= 16.50 max|qacc|=       2.3 max|qvel|=   0.83 ncon=  0 com_z=0.952 com_x=-0.138
t= 17.00 max|qacc|=       0.7 max|qvel|=   0.82 ncon=  0 com_z=0.952 com_x=-0.140
t= 17.50 max|qacc|=       1.8 max|qvel|=   0.21 ncon=  0 com_z=0.953 com_x=-0.142
t= 18.00 max|qacc|=       0.2 max|qvel|=   0.02 ncon=  0 com_z=0.953 com_x=-0.142
t= 18.50 max|qacc|=       0.0 max|qvel|=   0.01 ncon=  0 com_z=0.953 com_x=-0.141
t= 19.00 max|qacc|=       0.0 max|qvel|=   0.00 ncon=  0 com_z=0.953 com_x=-0.142
t= 19.50 max|qacc|=       0.0 max|qvel|=   0.00 ncon=  0 com_z=0.953 com_x=-0.142
t= 20.00 max|qacc|=       0.0 max|qvel|=   0.00 ncon=  0 com_z=0.953 com_x=-0.141
t= 20.50 max|qacc|=       0.0 max|qvel|=   0.00 ncon=  0 com_z=0.953 com_x=-0.141
t= 21.00 max|qacc|=       0.0 max|qvel|=   0.00 ncon=  0 com_z=0.953 com_x=-0.141
t= 21.50 max|qacc|=       0.0 max|qvel|=   0.00 ncon=  0 com_z=0.953 com_x=-0.141
t= 22.00 max|qacc|=       0.0 max|qvel|=   0.00 ncon=  0 com_z=0.953 com_x=-0.141
t= 22.50 max|qacc|=       0.0 max|qvel|=   0.00 ncon=  0 com_z=0.953 com_x=-0.141
t= 23.00 max|qacc|=       0.0 max|qvel|=   0.00 ncon=  0 com_z=0.953 com_x=-0.141
t= 23.50 max|qacc|=       0.0 max|qvel|=   0.00 ncon=  0 com_z=0.953 com_x=-0.141
t= 24.00 max|qacc|=       0.0 max|qvel|=   0.00 ncon=  0 com_z=0.953 com_x=-0.141
t= 24.50 max|qacc|=       0.0 max|qvel|=   0.00 ncon=  0 com_z=0.953 com_x=-0.141
t= 25.00 max|qacc|=       0.0 max|qvel|=   0.00 ncon=  0 com_z=0.953 com_x=-0.141
t= 25.50 max|qacc|=       0.0 max|qvel|=   0.00 ncon=  0 com_z=0.953 com_x=-0.141
t= 26.00 max|qacc|=       0.0 max|qvel|=   0.00 ncon=  0 com_z=0.953 com_x=-0.141
t= 26.50 max|qacc|=       0.0 max|qvel|=   0.00 ncon=  0 com_z=0.953 com_x=-0.141
t= 27.00 max|qacc|=       0.0 max|qvel|=   0.00 ncon=  0 com_z=0.953 com_x=-0.141
t= 27.50 max|qacc|=       0.0 max|qvel|=   0.00 ncon=  0 com_z=0.953 com_x=-0.141
t= 28.00 max|qacc|=       0.0 max|qvel|=   0.00 ncon=  0 com_z=0.953 com_x=-0.141
t= 28.50 max|qacc|=       0.0 max|qvel|=   0.00 ncon=  0 com_z=0.953 com_x=-0.141
t= 29.00 max|qacc|=       0.0 max|qvel|=   0.00 ncon=  0 com_z=0.953 com_x=-0.141
t= 29.50 max|qacc|=       0.0 max|qvel|=   0.00 ncon=  0 com_z=0.953 com_x=-0.141
t= 30.00 max|qacc|=       0.0 max|qvel|=   0.00 ncon=  0 com_z=0.953 com_x=-0.141
t= 30.50 max|qacc|=       0.0 max|qvel|=   0.00 ncon=  0 com_z=0.953 com_x=-0.141

== summary ==
pelvis/COM height: start 0.94 m, min 0.93 m, final 0.95 m  (stayed up)
COM x: min -0.17 max -0.10 final -0.14 m
COM y: min -0.025 max +0.014 m
RG_F_r bursts during walk window: 6
RG_r: cycles in window 5, period 1.92 s (0.52 Hz), E-duty 0.52
RG_l: cycles in window 5, period 1.92 s (0.52 Hz), E-duty 0.52
peak ctrl: [1.   1.   1.   1.   0.86 1.   0.62 0.5  0.99 0.93 1.   1.   1.   1.
 0.97 1.   0.6  0.67 0.71 0.37] (('vas_lat_r', 'med_gas_r', 'soleus_r', 'tib_ant_r', 'psoas_r', 'semimem_r', 'glut_max2_r', 'rect_fem_r', 'sar_r', 'grac_r', 'vas_lat_l', 'med_gas_l', 'soleus_l', 'tib_ant_l', 'psoas_l', 'semimem_l', 'glut_max2_l', 'rect_fem_l', 'sar_l', 'grac_l'))
  hip_flexion_r         -6.8 ..    35.1 deg
  knee_angle_r         -93.2 ..    10.3 deg
  ankle_angle_r        -65.4 ..    30.4 deg
  hip_adduction_r      -27.1 ..    21.7 deg
  subtalar_angle_r     -20.6 ..     8.9 deg
  hip_flexion_l        -28.2 ..    30.1 deg
  knee_angle_l         -90.4 ..    10.4 deg
  ankle_angle_l        -68.1 ..     9.8 deg
  hip_adduction_l      -32.1 ..    21.8 deg
  subtalar_angle_l      -0.9 ..    32.8 deg
  pelvis_tilt           -1.9 ..     0.7 deg
  pelvis_list           -0.8 ..     0.0 deg
  pelvis_rotation        2.1 ..     2.6 deg
saved spinal_run.npz
(plot skipped: 'PF_E2_r')
fitted baseline loaded: e2_pf=0.222 f1_df=0.098 f1_kf=0.148 post_kneext=0.011 post_hipext=0.068 desc_f=1.400 e2_adapt=1.700
start pose (normal): applied 20 coordinates as given; pelvis ty 0.920 m (env override unset); IMU-metric torso lean -0.0 deg (+ = back)
standing solve: nnls x in [0.00, 0.70], >0.1: 14 muscles
  top: add_long_l=0.70, tib_ant_r=0.61, tib_ant_l=0.46, ext_dig_r=0.37, glut_min1_l=0.33, pect_l=0.32, glut_min2_l=0.31, ext_dig_l=0.25
Fmax range: 5..3396 N | L range sample: [0.229942 0.326094]
t=  1.00 max|qacc|=     109.3 max|qvel|=   1.22 ncon=  0 com_z=0.939 com_x=-0.151
t=  1.50 max|qacc|=     176.4 max|qvel|=   0.75 ncon=  0 com_z=0.937 com_x=-0.157
t=  2.00 max|qacc|=       9.7 max|qvel|=   0.16 ncon=  0 com_z=0.938 com_x=-0.156
t=  2.50 max|qacc|=      25.1 max|qvel|=   0.25 ncon=  0 com_z=0.938 com_x=-0.157
t=  3.00 max|qacc|=      35.1 max|qvel|=   0.22 ncon=  0 com_z=0.938 com_x=-0.157
t=  3.50 max|qacc|=      57.2 max|qvel|=   0.64 ncon=  0 com_z=0.938 com_x=-0.156
t=  4.00 max|qacc|=     684.3 max|qvel|=   0.88 ncon=  0 com_z=0.937 com_x=-0.152
t=  4.50 max|qacc|=      52.2 max|qvel|=   0.40 ncon=  0 com_z=0.937 com_x=-0.153
t=  5.00 max|qacc|=      33.0 max|qvel|=   0.11 ncon=  0 com_z=0.938 com_x=-0.152
t=  5.50 max|qacc|=      74.6 max|qvel|=   3.70 ncon=  0 com_z=0.932 com_x=-0.124
t=  6.00 max|qacc|=      82.6 max|qvel|=   3.12 ncon=  0 com_z=0.935 com_x=-0.126
t=  6.50 max|qacc|=      67.9 max|qvel|=   1.76 ncon=  0 com_z=0.938 com_x=-0.162
t=  7.00 max|qacc|=      23.4 max|qvel|=   3.74 ncon=  0 com_z=0.932 com_x=-0.081
t=  7.50 max|qacc|=      73.5 max|qvel|=   0.97 ncon=  0 com_z=0.951 com_x=-0.174
t=  8.00 max|qacc|=     169.6 max|qvel|=   5.10 ncon=  0 com_z=0.934 com_x=-0.085
t=  8.50 max|qacc|=      42.0 max|qvel|=   3.25 ncon=  0 com_z=0.947 com_x=-0.153
t=  9.00 max|qacc|=      23.4 max|qvel|=   3.70 ncon=  0 com_z=0.931 com_x=-0.139
t=  9.50 max|qacc|=     668.7 max|qvel|=   5.26 ncon=  0 com_z=0.933 com_x=-0.108
t= 10.00 max|qacc|=      73.5 max|qvel|=   1.08 ncon=  0 com_z=0.943 com_x=-0.170
t= 10.50 max|qacc|=      30.9 max|qvel|=   4.17 ncon=  0 com_z=0.934 com_x=-0.075
t= 11.00 max|qacc|=     220.2 max|qvel|=   2.82 ncon=  0 com_z=0.953 com_x=-0.171
t= 11.50 max|qacc|=      67.0 max|qvel|=   7.25 ncon=  0 com_z=0.929 com_x=-0.100
t= 12.00 max|qacc|=     210.1 max|qvel|=   3.31 ncon=  0 com_z=0.941 com_x=-0.138
t= 12.50 max|qacc|=      57.3 max|qvel|=   2.71 ncon=  0 com_z=0.935 com_x=-0.155
t= 13.00 max|qacc|=     587.9 max|qvel|=   5.85 ncon=  0 com_z=0.932 com_x=-0.092
t= 13.50 max|qacc|=     421.4 max|qvel|=   5.16 ncon=  0 com_z=0.948 com_x=-0.173
t= 14.00 max|qacc|=     128.0 max|qvel|=   3.73 ncon=  0 com_z=0.936 com_x=-0.078
t= 14.50 max|qacc|=      14.4 max|qvel|=   2.18 ncon=  0 com_z=0.951 com_x=-0.163
t= 15.00 max|qacc|=      56.4 max|qvel|=   4.33 ncon=  0 com_z=0.929 com_x=-0.122
t= 15.50 max|qacc|=     126.7 max|qvel|=   3.20 ncon=  0 com_z=0.935 com_x=-0.120
t= 16.00 max|qacc|=     143.6 max|qvel|=   1.13 ncon=  0 com_z=0.939 com_x=-0.165
t= 16.50 max|qacc|=      13.7 max|qvel|=   0.50 ncon=  0 com_z=0.938 com_x=-0.149
t= 17.00 max|qacc|=      71.1 max|qvel|=   0.15 ncon=  0 com_z=0.937 com_x=-0.156
t= 17.50 max|qacc|=      31.5 max|qvel|=   0.14 ncon=  0 com_z=0.938 com_x=-0.158
t= 18.00 max|qacc|=     125.2 max|qvel|=   0.64 ncon=  0 com_z=0.937 com_x=-0.156
t= 18.50 max|qacc|=      25.7 max|qvel|=   0.27 ncon=  0 com_z=0.938 com_x=-0.157
t= 19.00 max|qacc|=     122.1 max|qvel|=   0.12 ncon=  0 com_z=0.938 com_x=-0.156
t= 19.50 max|qacc|=      46.6 max|qvel|=   0.32 ncon=  0 com_z=0.938 com_x=-0.157
t= 20.00 max|qacc|=      11.9 max|qvel|=   0.30 ncon=  0 com_z=0.938 com_x=-0.157
t= 20.50 max|qacc|=      11.6 max|qvel|=   0.22 ncon=  0 com_z=0.938 com_x=-0.157
t= 21.00 max|qacc|=     136.1 max|qvel|=   0.51 ncon=  0 com_z=0.938 com_x=-0.157
t= 21.50 max|qacc|=      34.5 max|qvel|=   0.18 ncon=  0 com_z=0.938 com_x=-0.157
t= 22.00 max|qacc|=      20.8 max|qvel|=   0.38 ncon=  0 com_z=0.938 com_x=-0.156
t= 22.50 max|qacc|=      40.0 max|qvel|=   0.08 ncon=  0 com_z=0.938 com_x=-0.157
t= 23.00 max|qacc|=      39.8 max|qvel|=   0.12 ncon=  0 com_z=0.938 com_x=-0.156
t= 23.50 max|qacc|=     293.3 max|qvel|=   0.21 ncon=  0 com_z=0.937 com_x=-0.156
t= 24.00 max|qacc|=     218.2 max|qvel|=   1.34 ncon=  0 com_z=0.937 com_x=-0.157
t= 24.50 max|qacc|=      46.6 max|qvel|=   0.32 ncon=  0 com_z=0.938 com_x=-0.157
t= 25.00 max|qacc|=       7.1 max|qvel|=   0.08 ncon=  0 com_z=0.938 com_x=-0.157
t= 25.50 max|qacc|=      78.4 max|qvel|=   0.16 ncon=  0 com_z=0.938 com_x=-0.157
t= 26.00 max|qacc|=      23.3 max|qvel|=   0.24 ncon=  0 com_z=0.938 com_x=-0.157
t= 26.50 max|qacc|=      32.5 max|qvel|=   0.16 ncon=  0 com_z=0.938 com_x=-0.157
t= 27.00 max|qacc|=      75.0 max|qvel|=   0.95 ncon=  0 com_z=0.938 com_x=-0.157
t= 27.50 max|qacc|=      75.3 max|qvel|=   0.17 ncon=  0 com_z=0.938 com_x=-0.157
t= 28.00 max|qacc|=      84.2 max|qvel|=   0.13 ncon=  0 com_z=0.938 com_x=-0.157
t= 28.50 max|qacc|=     252.7 max|qvel|=   0.15 ncon=  0 com_z=0.938 com_x=-0.157
t= 29.00 max|qacc|=     617.3 max|qvel|=   0.57 ncon=  0 com_z=0.938 com_x=-0.156
t= 29.50 max|qacc|=      40.4 max|qvel|=   0.27 ncon=  0 com_z=0.938 com_x=-0.157
t= 30.00 max|qacc|=      10.5 max|qvel|=   0.06 ncon=  0 com_z=0.938 com_x=-0.157
t= 30.50 max|qacc|=      41.2 max|qvel|=   0.16 ncon=  0 com_z=0.938 com_x=-0.157

== summary ==
pelvis/COM height: start 0.94 m, min 0.93 m, final 0.94 m  (stayed up)
COM x: min -0.17 max -0.07 final -0.16 m
COM y: min -0.025 max +0.013 m
RG_F_r bursts during walk window: 9
RG_r: cycles in window 8, period 1.19 s (0.84 Hz), E-duty 0.70
RG_l: cycles in window 8, period 1.19 s (0.84 Hz), E-duty 0.70
peak ctrl: [1.   1.   1.   1.   0.87 1.   0.42 0.5  1.   0.93 1.   1.   1.   1.
 0.98 1.   0.23 0.67 0.73 0.37] (('vas_lat_r', 'med_gas_r', 'soleus_r', 'tib_ant_r', 'psoas_r', 'semimem_r', 'glut_max2_r', 'rect_fem_r', 'sar_r', 'grac_r', 'vas_lat_l', 'med_gas_l', 'soleus_l', 'tib_ant_l', 'psoas_l', 'semimem_l', 'glut_max2_l', 'rect_fem_l', 'sar_l', 'grac_l'))
  hip_flexion_r         -2.3 ..    38.6 deg
  knee_angle_r         -35.2 ..    10.3 deg
  ankle_angle_r        -65.8 ..    -1.7 deg
  hip_adduction_r        1.0 ..    13.9 deg
  subtalar_angle_r      -9.0 ..     8.9 deg
  hip_flexion_l        -39.3 ..    36.2 deg
  knee_angle_l         -48.7 ..    10.3 deg
  ankle_angle_l        -68.3 ..     9.8 deg
  hip_adduction_l       -9.8 ..    25.7 deg
  subtalar_angle_l      -0.8 ..     3.2 deg
  pelvis_tilt           -1.9 ..    -0.0 deg
  pelvis_list           -0.8 ..    -0.2 deg
  pelvis_rotation        2.2 ..     2.7 deg
saved spinal_run.npz
(plot skipped: 'PF_E2_r')
fitted baseline loaded: e2_pf=0.222 f1_df=0.098 f1_kf=0.148 post_kneext=0.011 post_hipext=0.068 desc_f=1.400 e2_adapt=1.700
start pose (normal): applied 20 coordinates as given; pelvis ty 0.920 m (env override unset); IMU-metric torso lean -0.0 deg (+ = back)
standing solve: nnls x in [0.00, 0.70], >0.1: 14 muscles
  top: add_long_l=0.70, tib_ant_r=0.61, tib_ant_l=0.46, ext_dig_r=0.37, glut_min1_l=0.33, pect_l=0.32, glut_min2_l=0.31, ext_dig_l=0.25
Fmax range: 5..3396 N | L range sample: [0.229942 0.326094]
t=  1.00 max|qacc|=      46.7 max|qvel|=   1.37 ncon=  0 com_z=0.938 com_x=-0.149
t=  1.50 max|qacc|=      48.0 max|qvel|=   0.39 ncon=  0 com_z=0.937 com_x=-0.157
t=  2.00 max|qacc|=      31.6 max|qvel|=   0.18 ncon=  0 com_z=0.937 com_x=-0.155
t=  2.50 max|qacc|=      30.2 max|qvel|=   0.11 ncon=  0 com_z=0.938 com_x=-0.156
t=  3.00 max|qacc|=      12.2 max|qvel|=   0.17 ncon=  0 com_z=0.937 com_x=-0.155
t=  3.50 max|qacc|=      38.7 max|qvel|=   0.19 ncon=  0 com_z=0.937 com_x=-0.155
t=  4.00 max|qacc|=      80.2 max|qvel|=   0.10 ncon=  0 com_z=0.937 com_x=-0.151
t=  4.50 max|qacc|=      47.1 max|qvel|=   0.10 ncon=  0 com_z=0.938 com_x=-0.152
t=  5.00 max|qacc|=      44.7 max|qvel|=   0.35 ncon=  0 com_z=0.938 com_x=-0.151
t=  5.50 max|qacc|=      28.1 max|qvel|=   3.87 ncon=  0 com_z=0.928 com_x=-0.105
t=  6.00 max|qacc|=      79.2 max|qvel|=   2.16 ncon=  0 com_z=0.943 com_x=-0.152
t=  6.50 max|qacc|=     262.3 max|qvel|=   3.69 ncon=  0 com_z=0.932 com_x=-0.127
t=  7.00 max|qacc|=      86.5 max|qvel|=   5.83 ncon=  0 com_z=0.928 com_x=-0.122
t=  7.50 max|qacc|=      18.8 max|qvel|=   1.49 ncon=  0 com_z=0.946 com_x=-0.152
t=  8.00 max|qacc|=     489.9 max|qvel|=   6.45 ncon=  0 com_z=0.928 com_x=-0.118
t=  8.50 max|qacc|=     197.5 max|qvel|=   7.28 ncon=  0 com_z=0.932 com_x=-0.134
t=  9.00 max|qacc|=      60.8 max|qvel|=   1.92 ncon=  0 com_z=0.942 com_x=-0.141
t=  9.50 max|qacc|=      49.3 max|qvel|=   3.91 ncon=  0 com_z=0.927 com_x=-0.113
t= 10.00 max|qacc|=      82.4 max|qvel|=   4.03 ncon=  0 com_z=0.940 com_x=-0.149
t= 10.50 max|qacc|=     123.9 max|qvel|=   2.99 ncon=  0 com_z=0.933 com_x=-0.129
t= 11.00 max|qacc|=      67.1 max|qvel|=   5.98 ncon=  0 com_z=0.926 com_x=-0.120
t= 11.50 max|qacc|=      69.0 max|qvel|=   1.83 ncon=  0 com_z=0.947 com_x=-0.153
t= 12.00 max|qacc|=     280.6 max|qvel|=   2.26 ncon=  0 com_z=0.928 com_x=-0.120
t= 12.50 max|qacc|=     191.9 max|qvel|=   4.94 ncon=  0 com_z=0.931 com_x=-0.131
t= 13.00 max|qacc|=      73.8 max|qvel|=   1.64 ncon=  0 com_z=0.943 com_x=-0.144
t= 13.50 max|qacc|=      37.8 max|qvel|=   4.01 ncon=  0 com_z=0.927 com_x=-0.114
t= 14.00 max|qacc|=      89.4 max|qvel|=   5.81 ncon=  0 com_z=0.938 com_x=-0.147
t= 14.50 max|qacc|=     144.4 max|qvel|=   2.89 ncon=  0 com_z=0.935 com_x=-0.132
t= 15.00 max|qacc|=      55.1 max|qvel|=   5.23 ncon=  0 com_z=0.926 com_x=-0.117
t= 15.50 max|qacc|=     144.1 max|qvel|=   2.90 ncon=  0 com_z=0.946 com_x=-0.157
t= 16.00 max|qacc|=     118.6 max|qvel|=   0.88 ncon=  0 com_z=0.934 com_x=-0.148
t= 16.50 max|qacc|=     126.9 max|qvel|=   0.53 ncon=  0 com_z=0.938 com_x=-0.154
t= 17.00 max|qacc|=      50.9 max|qvel|=   0.19 ncon=  0 com_z=0.937 com_x=-0.152
t= 17.50 max|qacc|=      42.6 max|qvel|=   0.39 ncon=  0 com_z=0.938 com_x=-0.157
t= 18.00 max|qacc|=      49.1 max|qvel|=   0.14 ncon=  0 com_z=0.937 com_x=-0.155
t= 18.50 max|qacc|=     142.8 max|qvel|=   0.19 ncon=  0 com_z=0.938 com_x=-0.156
t= 19.00 max|qacc|=     127.5 max|qvel|=   0.11 ncon=  0 com_z=0.937 com_x=-0.156
t= 19.50 max|qacc|=     234.7 max|qvel|=   0.23 ncon=  0 com_z=0.937 com_x=-0.155
t= 20.00 max|qacc|=      79.0 max|qvel|=   0.64 ncon=  0 com_z=0.938 com_x=-0.156
t= 20.50 max|qacc|=     170.6 max|qvel|=   0.74 ncon=  0 com_z=0.937 com_x=-0.156
t= 21.00 max|qacc|=      16.5 max|qvel|=   0.17 ncon=  0 com_z=0.938 com_x=-0.156
t= 21.50 max|qacc|=      29.5 max|qvel|=   0.17 ncon=  0 com_z=0.937 com_x=-0.155
t= 22.00 max|qacc|=      14.0 max|qvel|=   0.09 ncon=  0 com_z=0.937 com_x=-0.156
t= 22.50 max|qacc|=     270.0 max|qvel|=   1.10 ncon=  0 com_z=0.938 com_x=-0.156
t= 23.00 max|qacc|=      12.1 max|qvel|=   0.13 ncon=  0 com_z=0.937 com_x=-0.156
t= 23.50 max|qacc|=     177.7 max|qvel|=   0.14 ncon=  0 com_z=0.938 com_x=-0.155
t= 24.00 max|qacc|=     134.9 max|qvel|=   0.73 ncon=  0 com_z=0.937 com_x=-0.156
t= 24.50 max|qacc|=      62.8 max|qvel|=   0.28 ncon=  0 com_z=0.938 com_x=-0.156
t= 25.00 max|qacc|=     324.2 max|qvel|=   0.99 ncon=  0 com_z=0.937 com_x=-0.155
t= 25.50 max|qacc|=     127.8 max|qvel|=   0.31 ncon=  0 com_z=0.938 com_x=-0.156
t= 26.00 max|qacc|=      42.6 max|qvel|=   0.20 ncon=  0 com_z=0.938 com_x=-0.156
t= 26.50 max|qacc|=      60.9 max|qvel|=   0.13 ncon=  0 com_z=0.937 com_x=-0.156
t= 27.00 max|qacc|=      16.0 max|qvel|=   0.16 ncon=  0 com_z=0.938 com_x=-0.156
t= 27.50 max|qacc|=      26.9 max|qvel|=   0.06 ncon=  0 com_z=0.937 com_x=-0.156
t= 28.00 max|qacc|=      30.5 max|qvel|=   0.54 ncon=  0 com_z=0.937 com_x=-0.155
t= 28.50 max|qacc|=       6.9 max|qvel|=   0.14 ncon=  0 com_z=0.938 com_x=-0.156
t= 29.00 max|qacc|=      15.7 max|qvel|=   0.09 ncon=  0 com_z=0.937 com_x=-0.155
t= 29.50 max|qacc|=     424.0 max|qvel|=   0.27 ncon=  0 com_z=0.938 com_x=-0.156
t= 30.00 max|qacc|=     142.5 max|qvel|=   0.29 ncon=  0 com_z=0.937 com_x=-0.155
t= 30.50 max|qacc|=     283.0 max|qvel|=   1.03 ncon=  0 com_z=0.937 com_x=-0.155

== summary ==
pelvis/COM height: start 0.94 m, min 0.93 m, final 0.94 m  (stayed up)
COM x: min -0.16 max -0.10 final -0.16 m
COM y: min -0.019 max +0.012 m
RG_F_r bursts during walk window: 12
RG_r: cycles in window 13, period 0.80 s (1.26 Hz), E-duty 0.63
RG_l: cycles in window 13, period 0.80 s (1.26 Hz), E-duty 0.63
peak ctrl: [1.   1.   1.   1.   0.87 1.   0.41 0.5  1.   0.93 1.   1.   1.   1.
 1.   1.   0.26 0.67 0.73 0.37] (('vas_lat_r', 'med_gas_r', 'soleus_r', 'tib_ant_r', 'psoas_r', 'semimem_r', 'glut_max2_r', 'rect_fem_r', 'sar_r', 'grac_r', 'vas_lat_l', 'med_gas_l', 'soleus_l', 'tib_ant_l', 'psoas_l', 'semimem_l', 'glut_max2_l', 'rect_fem_l', 'sar_l', 'grac_l'))
  hip_flexion_r          1.9 ..    34.5 deg
  knee_angle_r         -44.3 ..    10.3 deg
  ankle_angle_r        -65.8 ..    -1.7 deg
  hip_adduction_r        1.0 ..    13.3 deg
  subtalar_angle_r      -9.0 ..     8.6 deg
  hip_flexion_l        -20.4 ..    26.2 deg
  knee_angle_l         -53.4 ..    10.4 deg
  ankle_angle_l        -67.8 ..     9.8 deg
  hip_adduction_l       -8.4 ..    27.7 deg
  subtalar_angle_l      -1.2 ..     3.4 deg
  pelvis_tilt           -1.9 ..    -0.2 deg
  pelvis_list           -1.0 ..    -0.0 deg
  pelvis_rotation        2.3 ..     2.6 deg
saved spinal_run.npz
(plot skipped: 'PF_E2_r')
fitted baseline loaded: e2_pf=0.222 f1_df=0.098 f1_kf=0.148 post_kneext=0.011 post_hipext=0.068 desc_f=1.400 e2_adapt=1.700
start pose (normal): applied 20 coordinates as given; pelvis ty 0.920 m (env override unset); IMU-metric torso lean -0.0 deg (+ = back)
standing solve: nnls x in [0.00, 0.70], >0.1: 14 muscles
  top: add_long_l=0.70, tib_ant_r=0.61, tib_ant_l=0.46, ext_dig_r=0.37, glut_min1_l=0.33, pect_l=0.32, glut_min2_l=0.31, ext_dig_l=0.25
Fmax range: 5..3396 N | L range sample: [0.229942 0.326094]
t=  1.00 max|qacc|=     573.0 max|qvel|=   1.90 ncon=  0 com_z=0.938 com_x=-0.150
t=  1.50 max|qacc|=     230.1 max|qvel|=   0.84 ncon=  0 com_z=0.937 com_x=-0.157
t=  2.00 max|qacc|=      21.9 max|qvel|=   0.15 ncon=  0 com_z=0.938 com_x=-0.155
t=  2.50 max|qacc|=      13.1 max|qvel|=   0.27 ncon=  0 com_z=0.937 com_x=-0.156
t=  3.00 max|qacc|=     241.5 max|qvel|=   0.56 ncon=  0 com_z=0.938 com_x=-0.156
t=  3.50 max|qacc|=      15.3 max|qvel|=   0.33 ncon=  0 com_z=0.938 com_x=-0.155
t=  4.00 max|qacc|=      44.4 max|qvel|=   0.18 ncon=  0 com_z=0.937 com_x=-0.152
t=  4.50 max|qacc|=     214.0 max|qvel|=   0.90 ncon=  0 com_z=0.938 com_x=-0.153
t=  5.00 max|qacc|=      60.2 max|qvel|=   2.61 ncon=  0 com_z=0.958 com_x=-0.109
t=  5.50 max|qacc|=      62.8 max|qvel|=   2.28 ncon=  0 com_z=0.941 com_x=-0.123
t=  6.00 max|qacc|=      27.7 max|qvel|=   3.75 ncon=  0 com_z=0.965 com_x=-0.150
t=  6.50 max|qacc|=      69.1 max|qvel|=   5.19 ncon=  0 com_z=0.942 com_x=-0.097
t=  7.00 max|qacc|=      95.4 max|qvel|=   3.55 ncon=  0 com_z=0.948 com_x=-0.143
t=  7.50 max|qacc|=      31.0 max|qvel|=   3.74 ncon=  0 com_z=0.966 com_x=-0.144
t=  8.00 max|qacc|=      71.1 max|qvel|=   5.48 ncon=  0 com_z=0.940 com_x=-0.098
t=  8.50 max|qacc|=      95.0 max|qvel|=   4.80 ncon=  0 com_z=0.947 com_x=-0.147
t=  9.00 max|qacc|=      30.8 max|qvel|=   3.32 ncon=  0 com_z=0.968 com_x=-0.141
t=  9.50 max|qacc|=      68.7 max|qvel|=   5.66 ncon=  0 com_z=0.939 com_x=-0.097
t= 10.00 max|qacc|=     116.9 max|qvel|=   6.07 ncon=  0 com_z=0.947 com_x=-0.151
t= 10.50 max|qacc|=      30.9 max|qvel|=   2.80 ncon=  0 com_z=0.968 com_x=-0.137
t= 11.00 max|qacc|=      61.5 max|qvel|=   5.65 ncon=  0 com_z=0.938 com_x=-0.097
t= 11.50 max|qacc|=     137.0 max|qvel|=   6.96 ncon=  0 com_z=0.947 com_x=-0.153
t= 12.00 max|qacc|=      43.0 max|qvel|=   2.21 ncon=  0 com_z=0.969 com_x=-0.133
t= 12.50 max|qacc|=      52.0 max|qvel|=   6.38 ncon=  0 com_z=0.939 com_x=-0.098
t= 13.00 max|qacc|=     169.4 max|qvel|=   7.27 ncon=  0 com_z=0.948 com_x=-0.155
t= 13.50 max|qacc|=      45.4 max|qvel|=   2.37 ncon=  0 com_z=0.968 com_x=-0.128
t= 14.00 max|qacc|=      45.6 max|qvel|=   7.15 ncon=  0 com_z=0.941 com_x=-0.100
t= 14.50 max|qacc|=      82.3 max|qvel|=   6.78 ncon=  0 com_z=0.950 com_x=-0.157
t= 15.00 max|qacc|=      38.3 max|qvel|=   2.66 ncon=  0 com_z=0.968 com_x=-0.124
t= 15.50 max|qacc|=     100.5 max|qvel|=   4.38 ncon=  0 com_z=0.944 com_x=-0.107
t= 16.00 max|qacc|=      16.1 max|qvel|=   2.42 ncon=  0 com_z=0.965 com_x=-0.158
t= 16.50 max|qacc|=       6.3 max|qvel|=   0.67 ncon=  0 com_z=0.953 com_x=-0.130
t= 17.00 max|qacc|=       1.9 max|qvel|=   0.88 ncon=  0 com_z=0.951 com_x=-0.138
t= 17.50 max|qacc|=       1.8 max|qvel|=   0.28 ncon=  0 com_z=0.953 com_x=-0.141
t= 18.00 max|qacc|=       0.4 max|qvel|=   0.05 ncon=  0 com_z=0.953 com_x=-0.140
t= 18.50 max|qacc|=       0.1 max|qvel|=   0.01 ncon=  0 com_z=0.953 com_x=-0.140
t= 19.00 max|qacc|=       0.0 max|qvel|=   0.00 ncon=  0 com_z=0.953 com_x=-0.140
t= 19.50 max|qacc|=       0.0 max|qvel|=   0.00 ncon=  0 com_z=0.953 com_x=-0.140
t= 20.00 max|qacc|=       0.0 max|qvel|=   0.00 ncon=  0 com_z=0.953 com_x=-0.140
t= 20.50 max|qacc|=       0.0 max|qvel|=   0.00 ncon=  0 com_z=0.953 com_x=-0.140
t= 21.00 max|qacc|=       0.0 max|qvel|=   0.00 ncon=  0 com_z=0.953 com_x=-0.140
t= 21.50 max|qacc|=       0.0 max|qvel|=   0.00 ncon=  0 com_z=0.953 com_x=-0.140
t= 22.00 max|qacc|=       0.0 max|qvel|=   0.00 ncon=  0 com_z=0.953 com_x=-0.140
t= 22.50 max|qacc|=       0.0 max|qvel|=   0.00 ncon=  0 com_z=0.953 com_x=-0.140
t= 23.00 max|qacc|=       0.0 max|qvel|=   0.00 ncon=  0 com_z=0.953 com_x=-0.140
t= 23.50 max|qacc|=       0.0 max|qvel|=   0.00 ncon=  0 com_z=0.953 com_x=-0.140
t= 24.00 max|qacc|=       0.0 max|qvel|=   0.00 ncon=  0 com_z=0.953 com_x=-0.140
t= 24.50 max|qacc|=       0.0 max|qvel|=   0.00 ncon=  0 com_z=0.953 com_x=-0.140
t= 25.00 max|qacc|=       0.0 max|qvel|=   0.00 ncon=  0 com_z=0.953 com_x=-0.140
t= 25.50 max|qacc|=       0.0 max|qvel|=   0.00 ncon=  0 com_z=0.953 com_x=-0.140
t= 26.00 max|qacc|=       0.0 max|qvel|=   0.00 ncon=  0 com_z=0.953 com_x=-0.140
t= 26.50 max|qacc|=       0.0 max|qvel|=   0.00 ncon=  0 com_z=0.953 com_x=-0.140
t= 27.00 max|qacc|=       0.0 max|qvel|=   0.00 ncon=  0 com_z=0.953 com_x=-0.140
t= 27.50 max|qacc|=       0.0 max|qvel|=   0.00 ncon=  0 com_z=0.953 com_x=-0.140
t= 28.00 max|qacc|=       0.0 max|qvel|=   0.00 ncon=  0 com_z=0.953 com_x=-0.140
t= 28.50 max|qacc|=       0.0 max|qvel|=   0.00 ncon=  0 com_z=0.953 com_x=-0.140
t= 29.00 max|qacc|=       0.0 max|qvel|=   0.00 ncon=  0 com_z=0.953 com_x=-0.140
t= 29.50 max|qacc|=       0.0 max|qvel|=   0.00 ncon=  0 com_z=0.953 com_x=-0.140
t= 30.00 max|qacc|=       0.0 max|qvel|=   0.00 ncon=  0 com_z=0.953 com_x=-0.140
t= 30.50 max|qacc|=       0.0 max|qvel|=   0.00 ncon=  0 com_z=0.953 com_x=-0.140

== summary ==
pelvis/COM height: start 0.94 m, min 0.93 m, final 0.95 m  (stayed up)
COM x: min -0.16 max -0.09 final -0.14 m
COM y: min -0.024 max +0.007 m
RG_F_r bursts during walk window: 13
RG_r: cycles in window 13, period 0.76 s (1.32 Hz), E-duty 0.46
RG_l: cycles in window 13, period 0.76 s (1.32 Hz), E-duty 0.46
peak ctrl: [1.   1.   1.   1.   0.84 1.   0.59 0.5  0.97 0.93 1.   1.   1.   1.
 0.96 1.   0.57 0.67 0.68 0.37] (('vas_lat_r', 'med_gas_r', 'soleus_r', 'tib_ant_r', 'psoas_r', 'semimem_r', 'glut_max2_r', 'rect_fem_r', 'sar_r', 'grac_r', 'vas_lat_l', 'med_gas_l', 'soleus_l', 'tib_ant_l', 'psoas_l', 'semimem_l', 'glut_max2_l', 'rect_fem_l', 'sar_l', 'grac_l'))
  hip_flexion_r        -10.6 ..    34.4 deg
  knee_angle_r         -93.1 ..    10.1 deg
  ankle_angle_r        -64.9 ..    27.6 deg
  hip_adduction_r      -34.3 ..    30.3 deg
  subtalar_angle_r     -20.0 ..     8.9 deg
  hip_flexion_l        -28.5 ..    23.7 deg
  knee_angle_l         -90.4 ..    10.0 deg
  ankle_angle_l        -67.9 ..     9.8 deg
  hip_adduction_l      -40.9 ..    31.5 deg
  subtalar_angle_l      -0.7 ..    33.3 deg
  pelvis_tilt           -1.9 ..     0.7 deg
  pelvis_list           -0.8 ..    -0.1 deg
  pelvis_rotation        2.1 ..     2.7 deg
saved spinal_run.npz
(plot skipped: 'PF_E2_r')
fitted baseline loaded: e2_pf=0.222 f1_df=0.098 f1_kf=0.148 post_kneext=0.011 post_hipext=0.068 desc_f=1.400 e2_adapt=1.700
start pose (normal): applied 20 coordinates as given; pelvis ty 0.920 m (env override unset); IMU-metric torso lean -0.0 deg (+ = back)
standing solve: nnls x in [0.00, 0.70], >0.1: 14 muscles
  top: add_long_l=0.70, tib_ant_r=0.61, tib_ant_l=0.46, ext_dig_r=0.37, glut_min1_l=0.33, pect_l=0.32, glut_min2_l=0.31, ext_dig_l=0.25
Fmax range: 5..3396 N | L range sample: [0.229942 0.326094]
t=  1.00 max|qacc|=    1501.3 max|qvel|=   1.56 ncon=  0 com_z=0.938 com_x=-0.150
t=  1.50 max|qacc|=      51.0 max|qvel|=   0.44 ncon=  0 com_z=0.937 com_x=-0.157
t=  2.00 max|qacc|=      57.1 max|qvel|=   0.62 ncon=  0 com_z=0.938 com_x=-0.156
t=  2.50 max|qacc|=      10.0 max|qvel|=   0.10 ncon=  0 com_z=0.938 com_x=-0.157
t=  3.00 max|qacc|=      45.4 max|qvel|=   0.13 ncon=  0 com_z=0.938 com_x=-0.156
t=  3.50 max|qacc|=     435.4 max|qvel|=   1.53 ncon=  0 com_z=0.937 com_x=-0.155
t=  4.00 max|qacc|=      20.9 max|qvel|=   0.13 ncon=  0 com_z=0.937 com_x=-0.151
t=  4.50 max|qacc|=     474.8 max|qvel|=   1.37 ncon=  0 com_z=0.938 com_x=-0.152
t=  5.00 max|qacc|=      44.7 max|qvel|=   1.76 ncon=  0 com_z=0.966 com_x=-0.125
t=  5.50 max|qacc|=      49.6 max|qvel|=   9.33 ncon=  0 com_z=0.936 com_x=-0.102
t=  6.00 max|qacc|=     116.4 max|qvel|=   4.16 ncon=  0 com_z=0.942 com_x=-0.164
t=  6.50 max|qacc|=      88.9 max|qvel|=   7.51 ncon=  0 com_z=0.947 com_x=-0.133
t=  7.00 max|qacc|=      57.4 max|qvel|=   2.90 ncon=  0 com_z=0.960 com_x=-0.121
t=  7.50 max|qacc|=      68.2 max|qvel|=   6.57 ncon=  0 com_z=0.942 com_x=-0.108
t=  8.00 max|qacc|=     126.9 max|qvel|=   6.50 ncon=  0 com_z=0.937 com_x=-0.128
t=  8.50 max|qacc|=      78.5 max|qvel|=   4.99 ncon=  0 com_z=0.936 com_x=-0.147
t=  9.00 max|qacc|=      97.2 max|qvel|=   7.09 ncon=  0 com_z=0.958 com_x=-0.133
t=  9.50 max|qacc|=      69.1 max|qvel|=   3.61 ncon=  0 com_z=0.953 com_x=-0.113
t= 10.00 max|qacc|=      45.4 max|qvel|=   9.29 ncon=  0 com_z=0.940 com_x=-0.111
t= 10.50 max|qacc|=     130.3 max|qvel|=   3.01 ncon=  0 com_z=0.935 com_x=-0.138
t= 11.00 max|qacc|=     101.4 max|qvel|=   7.58 ncon=  0 com_z=0.942 com_x=-0.145
t= 11.50 max|qacc|=     137.6 max|qvel|=   4.92 ncon=  0 com_z=0.961 com_x=-0.125
t= 12.00 max|qacc|=      76.3 max|qvel|=   4.03 ncon=  0 com_z=0.947 com_x=-0.109
t= 12.50 max|qacc|=      49.7 max|qvel|=  10.06 ncon=  0 com_z=0.937 com_x=-0.118
t= 13.00 max|qacc|=      81.7 max|qvel|=   4.02 ncon=  0 com_z=0.934 com_x=-0.145
t= 13.50 max|qacc|=      81.0 max|qvel|=   7.54 ncon=  0 com_z=0.951 com_x=-0.139
t= 14.00 max|qacc|=      54.7 max|qvel|=   2.67 ncon=  0 com_z=0.959 com_x=-0.118
t= 14.50 max|qacc|=      68.2 max|qvel|=   6.81 ncon=  0 com_z=0.942 com_x=-0.109
t= 15.00 max|qacc|=     130.8 max|qvel|=   5.99 ncon=  0 com_z=0.936 com_x=-0.128
t= 15.50 max|qacc|=      75.5 max|qvel|=   5.39 ncon=  0 com_z=0.938 com_x=-0.149
t= 16.00 max|qacc|=      62.2 max|qvel|=   5.16 ncon=  0 com_z=0.942 com_x=-0.110
t= 16.50 max|qacc|=      16.4 max|qvel|=   1.36 ncon=  0 com_z=0.945 com_x=-0.143
t= 17.00 max|qacc|=       3.7 max|qvel|=   0.78 ncon=  0 com_z=0.955 com_x=-0.141
t= 17.50 max|qacc|=       2.0 max|qvel|=   0.27 ncon=  0 com_z=0.952 com_x=-0.139
t= 18.00 max|qacc|=       0.4 max|qvel|=   0.06 ncon=  0 com_z=0.953 com_x=-0.140
t= 18.50 max|qacc|=       0.2 max|qvel|=   0.02 ncon=  0 com_z=0.953 com_x=-0.140
t= 19.00 max|qacc|=       0.1 max|qvel|=   0.01 ncon=  0 com_z=0.953 com_x=-0.140
t= 19.50 max|qacc|=       0.0 max|qvel|=   0.00 ncon=  0 com_z=0.953 com_x=-0.140
t= 20.00 max|qacc|=       0.0 max|qvel|=   0.00 ncon=  0 com_z=0.953 com_x=-0.140
t= 20.50 max|qacc|=       0.0 max|qvel|=   0.00 ncon=  0 com_z=0.953 com_x=-0.140
t= 21.00 max|qacc|=       0.0 max|qvel|=   0.00 ncon=  0 com_z=0.953 com_x=-0.140
t= 21.50 max|qacc|=       0.0 max|qvel|=   0.00 ncon=  0 com_z=0.953 com_x=-0.140
t= 22.00 max|qacc|=       0.0 max|qvel|=   0.00 ncon=  0 com_z=0.953 com_x=-0.140
t= 22.50 max|qacc|=       0.0 max|qvel|=   0.00 ncon=  0 com_z=0.953 com_x=-0.140
t= 23.00 max|qacc|=       0.0 max|qvel|=   0.00 ncon=  0 com_z=0.953 com_x=-0.140
t= 23.50 max|qacc|=       0.0 max|qvel|=   0.00 ncon=  0 com_z=0.953 com_x=-0.140
t= 24.00 max|qacc|=       0.0 max|qvel|=   0.00 ncon=  0 com_z=0.953 com_x=-0.140
t= 24.50 max|qacc|=       0.0 max|qvel|=   0.00 ncon=  0 com_z=0.953 com_x=-0.140
t= 25.00 max|qacc|=       0.0 max|qvel|=   0.00 ncon=  0 com_z=0.953 com_x=-0.140
t= 25.50 max|qacc|=       0.0 max|qvel|=   0.00 ncon=  0 com_z=0.953 com_x=-0.140
t= 26.00 max|qacc|=       0.0 max|qvel|=   0.00 ncon=  0 com_z=0.953 com_x=-0.140
t= 26.50 max|qacc|=       0.0 max|qvel|=   0.00 ncon=  0 com_z=0.953 com_x=-0.140
t= 27.00 max|qacc|=       0.0 max|qvel|=   0.00 ncon=  0 com_z=0.953 com_x=-0.140
t= 27.50 max|qacc|=       0.0 max|qvel|=   0.00 ncon=  0 com_z=0.953 com_x=-0.140
t= 28.00 max|qacc|=       0.0 max|qvel|=   0.00 ncon=  0 com_z=0.953 com_x=-0.140
t= 28.50 max|qacc|=       0.0 max|qvel|=   0.00 ncon=  0 com_z=0.953 com_x=-0.140
t= 29.00 max|qacc|=       0.0 max|qvel|=   0.00 ncon=  0 com_z=0.953 com_x=-0.140
t= 29.50 max|qacc|=       0.0 max|qvel|=   0.00 ncon=  0 com_z=0.953 com_x=-0.140
t= 30.00 max|qacc|=       0.0 max|qvel|=   0.00 ncon=  0 com_z=0.953 com_x=-0.140
t= 30.50 max|qacc|=       0.0 max|qvel|=   0.00 ncon=  0 com_z=0.953 com_x=-0.140

== summary ==
pelvis/COM height: start 0.94 m, min 0.93 m, final 0.95 m  (stayed up)
COM x: min -0.16 max -0.10 final -0.14 m
COM y: min -0.021 max +0.005 m
RG_F_r bursts during walk window: 16
RG_r: cycles in window 15, period 0.64 s (1.57 Hz), E-duty 0.45
RG_l: cycles in window 15, period 0.64 s (1.57 Hz), E-duty 0.45
peak ctrl: [1.   1.   1.   1.   0.85 1.   0.6  0.5  0.98 0.93 1.   1.   1.   1.
 0.98 1.   0.58 0.67 0.69 0.37] (('vas_lat_r', 'med_gas_r', 'soleus_r', 'tib_ant_r', 'psoas_r', 'semimem_r', 'glut_max2_r', 'rect_fem_r', 'sar_r', 'grac_r', 'vas_lat_l', 'med_gas_l', 'soleus_l', 'tib_ant_l', 'psoas_l', 'semimem_l', 'glut_max2_l', 'rect_fem_l', 'sar_l', 'grac_l'))
  hip_flexion_r         -9.3 ..    35.3 deg
  knee_angle_r         -95.3 ..    10.3 deg
  ankle_angle_r        -64.9 ..    27.4 deg
  hip_adduction_r      -31.6 ..    24.2 deg
  subtalar_angle_r     -22.2 ..     8.5 deg
  hip_flexion_l        -23.9 ..    23.7 deg
  knee_angle_l         -88.8 ..    10.4 deg
  ankle_angle_l        -68.0 ..     9.8 deg
  hip_adduction_l      -42.2 ..    30.8 deg
  subtalar_angle_l      -1.6 ..    33.8 deg
  pelvis_tilt           -1.9 ..     0.7 deg
  pelvis_list           -0.9 ..     0.2 deg
  pelvis_rotation        2.1 ..     2.7 deg
saved spinal_run.npz
(plot skipped: 'PF_E2_r')
fitted baseline loaded: e2_pf=0.222 f1_df=0.098 f1_kf=0.148 post_kneext=0.011 post_hipext=0.068 desc_f=1.400 e2_adapt=1.700
start pose (normal): applied 20 coordinates as given; pelvis ty 0.920 m (env override unset); IMU-metric torso lean -0.0 deg (+ = back)
standing solve: nnls x in [0.00, 0.70], >0.1: 14 muscles
  top: add_long_l=0.70, tib_ant_r=0.61, tib_ant_l=0.46, ext_dig_r=0.37, glut_min1_l=0.33, pect_l=0.32, glut_min2_l=0.31, ext_dig_l=0.25
Fmax range: 5..3396 N | L range sample: [0.229942 0.326094]
t=  1.00 max|qacc|=     130.2 max|qvel|=   1.36 ncon=  0 com_z=0.938 com_x=-0.149
t=  1.50 max|qacc|=      86.5 max|qvel|=   0.35 ncon=  0 com_z=0.937 com_x=-0.156
t=  2.00 max|qacc|=      23.3 max|qvel|=   0.21 ncon=  0 com_z=0.937 com_x=-0.155
t=  2.50 max|qacc|=      70.2 max|qvel|=   0.11 ncon=  0 com_z=0.938 com_x=-0.156
t=  3.00 max|qacc|=      54.0 max|qvel|=   0.13 ncon=  0 com_z=0.937 com_x=-0.155
t=  3.50 max|qacc|=      45.4 max|qvel|=   0.12 ncon=  0 com_z=0.937 com_x=-0.155
t=  4.00 max|qacc|=      24.6 max|qvel|=   0.16 ncon=  0 com_z=0.937 com_x=-0.151
t=  4.50 max|qacc|=      62.7 max|qvel|=   8.80 ncon=  0 com_z=0.930 com_x=-0.135
t=  5.00 max|qacc|=      86.8 max|qvel|=   4.43 ncon=  0 com_z=0.936 com_x=-0.143
t=  5.50 max|qacc|=     122.9 max|qvel|=   2.47 ncon=  0 com_z=0.934 com_x=-0.116
t=  6.00 max|qacc|=     107.1 max|qvel|=   2.77 ncon=  0 com_z=0.948 com_x=-0.118
t=  6.50 max|qacc|=      62.5 max|qvel|=   3.56 ncon=  0 com_z=0.945 com_x=-0.114
t=  7.00 max|qacc|=      36.4 max|qvel|=   3.44 ncon=  0 com_z=0.946 com_x=-0.120
t=  7.50 max|qacc|=      66.9 max|qvel|=   3.82 ncon=  0 com_z=0.947 com_x=-0.120
t=  8.00 max|qacc|=      32.6 max|qvel|=   2.85 ncon=  0 com_z=0.946 com_x=-0.123
t=  8.50 max|qacc|=      81.3 max|qvel|=   2.87 ncon=  0 com_z=0.949 com_x=-0.124
t=  9.00 max|qacc|=      56.1 max|qvel|=   2.30 ncon=  0 com_z=0.946 com_x=-0.125
t=  9.50 max|qacc|=      47.9 max|qvel|=   1.91 ncon=  0 com_z=0.950 com_x=-0.128
t= 10.00 max|qacc|=      40.4 max|qvel|=   1.88 ncon=  0 com_z=0.946 com_x=-0.127
t= 10.50 max|qacc|=      36.9 max|qvel|=   1.79 ncon=  0 com_z=0.950 com_x=-0.129
t= 11.00 max|qacc|=      77.7 max|qvel|=   1.17 ncon=  0 com_z=0.946 com_x=-0.127
t= 11.50 max|qacc|=      35.6 max|qvel|=   1.01 ncon=  0 com_z=0.949 com_x=-0.128
t= 12.00 max|qacc|=      91.7 max|qvel|=   2.23 ncon=  0 com_z=0.946 com_x=-0.127
t= 12.50 max|qacc|=      41.2 max|qvel|=   1.17 ncon=  0 com_z=0.948 com_x=-0.128
t= 13.00 max|qacc|=      39.9 max|qvel|=   3.05 ncon=  0 com_z=0.947 com_x=-0.128
t= 13.50 max|qacc|=      41.3 max|qvel|=   1.73 ncon=  0 com_z=0.947 com_x=-0.128
t= 14.00 max|qacc|=      82.1 max|qvel|=   2.50 ncon=  0 com_z=0.948 com_x=-0.129
t= 14.50 max|qacc|=      43.8 max|qvel|=   2.01 ncon=  0 com_z=0.947 com_x=-0.127
t= 15.00 max|qacc|=      53.3 max|qvel|=   2.07 ncon=  0 com_z=0.949 com_x=-0.129
t= 15.50 max|qacc|=     122.4 max|qvel|=   1.51 ncon=  0 com_z=0.936 com_x=-0.124
t= 16.00 max|qacc|=      86.6 max|qvel|=   4.96 ncon=  0 com_z=0.937 com_x=-0.142
t= 16.50 max|qacc|=     157.1 max|qvel|=   3.34 ncon=  0 com_z=0.934 com_x=-0.145
t= 17.00 max|qacc|=      46.3 max|qvel|=   0.46 ncon=  0 com_z=0.938 com_x=-0.156
t= 17.50 max|qacc|=     138.8 max|qvel|=   0.45 ncon=  0 com_z=0.938 com_x=-0.156
t= 18.00 max|qacc|=      23.1 max|qvel|=   0.22 ncon=  0 com_z=0.937 com_x=-0.155
t= 18.50 max|qacc|=      17.4 max|qvel|=   0.11 ncon=  0 com_z=0.938 com_x=-0.156
t= 19.00 max|qacc|=      43.6 max|qvel|=   0.26 ncon=  0 com_z=0.937 com_x=-0.155
t= 19.50 max|qacc|=     109.3 max|qvel|=   1.12 ncon=  0 com_z=0.937 com_x=-0.156
t= 20.00 max|qacc|=      57.7 max|qvel|=   0.57 ncon=  0 com_z=0.937 com_x=-0.155
t= 20.50 max|qacc|=     351.3 max|qvel|=   0.62 ncon=  0 com_z=0.938 com_x=-0.156
t= 21.00 max|qacc|=     203.7 max|qvel|=   1.72 ncon=  0 com_z=0.937 com_x=-0.155
t= 21.50 max|qacc|=     197.9 max|qvel|=   0.29 ncon=  0 com_z=0.937 com_x=-0.155
t= 22.00 max|qacc|=      32.2 max|qvel|=   0.16 ncon=  0 com_z=0.937 com_x=-0.155
t= 22.50 max|qacc|=      66.7 max|qvel|=   0.41 ncon=  0 com_z=0.937 com_x=-0.155
t= 23.00 max|qacc|=      39.4 max|qvel|=   0.20 ncon=  0 com_z=0.937 com_x=-0.155
t= 23.50 max|qacc|=     149.2 max|qvel|=   0.70 ncon=  0 com_z=0.937 com_x=-0.155
t= 24.00 max|qacc|=     100.1 max|qvel|=   0.20 ncon=  0 com_z=0.937 com_x=-0.155
t= 24.50 max|qacc|=      26.9 max|qvel|=   0.21 ncon=  0 com_z=0.938 com_x=-0.156
t= 25.00 max|qacc|=      46.8 max|qvel|=   0.19 ncon=  0 com_z=0.937 com_x=-0.155
t= 25.50 max|qacc|=      90.2 max|qvel|=   0.42 ncon=  0 com_z=0.937 com_x=-0.155
t= 26.00 max|qacc|=       7.8 max|qvel|=   0.13 ncon=  0 com_z=0.937 com_x=-0.155
t= 26.50 max|qacc|=     135.4 max|qvel|=   0.16 ncon=  0 com_z=0.937 com_x=-0.155
t= 27.00 max|qacc|=     197.6 max|qvel|=   0.07 ncon=  0 com_z=0.937 com_x=-0.155
t= 27.50 max|qacc|=      19.5 max|qvel|=   0.17 ncon=  0 com_z=0.937 com_x=-0.155
t= 28.00 max|qacc|=      14.0 max|qvel|=   0.12 ncon=  0 com_z=0.937 com_x=-0.155
t= 28.50 max|qacc|=      30.8 max|qvel|=   0.15 ncon=  0 com_z=0.938 com_x=-0.155
t= 29.00 max|qacc|=      80.8 max|qvel|=   0.37 ncon=  0 com_z=0.937 com_x=-0.155
t= 29.50 max|qacc|=      83.1 max|qvel|=   0.08 ncon=  0 com_z=0.938 com_x=-0.156
t= 30.00 max|qacc|=      64.0 max|qvel|=   0.44 ncon=  0 com_z=0.937 com_x=-0.155
t= 30.50 max|qacc|=      52.5 max|qvel|=   0.41 ncon=  0 com_z=0.937 com_x=-0.155

== summary ==
pelvis/COM height: start 0.94 m, min 0.93 m, final 0.94 m  (stayed up)
COM x: min -0.16 max -0.11 final -0.16 m
COM y: min -0.023 max +0.000 m
RG_F_r bursts during walk window: 29
RG_r: cycles in window 29, period 0.35 s (2.89 Hz), E-duty 0.45
RG_l: cycles in window 29, period 0.35 s (2.89 Hz), E-duty 0.45
peak ctrl: [1.   1.   1.   1.   0.83 1.   0.47 0.5  0.97 0.93 1.   1.   1.   1.
 0.98 1.   0.52 0.67 0.66 0.37] (('vas_lat_r', 'med_gas_r', 'soleus_r', 'tib_ant_r', 'psoas_r', 'semimem_r', 'glut_max2_r', 'rect_fem_r', 'sar_r', 'grac_r', 'vas_lat_l', 'med_gas_l', 'soleus_l', 'tib_ant_l', 'psoas_l', 'semimem_l', 'glut_max2_l', 'rect_fem_l', 'sar_l', 'grac_l'))
  hip_flexion_r         -8.3 ..    37.7 deg
  knee_angle_r         -90.6 ..    10.3 deg
  ankle_angle_r        -65.0 ..    -1.7 deg
  hip_adduction_r      -17.9 ..    20.0 deg
  subtalar_angle_r     -11.4 ..     8.4 deg
  hip_flexion_l        -24.2 ..    22.7 deg
  knee_angle_l         -92.7 ..    10.3 deg
  ankle_angle_l        -67.9 ..     9.8 deg
  hip_adduction_l      -31.1 ..    22.4 deg
  subtalar_angle_l      -0.5 ..    16.5 deg
  pelvis_tilt           -1.9 ..     0.6 deg
  pelvis_list           -0.7 ..     0.0 deg
  pelvis_rotation        2.2 ..     2.6 deg
saved spinal_run.npz
(plot skipped: 'PF_E2_r')
fitted baseline loaded: e2_pf=0.222 f1_df=0.098 f1_kf=0.148 post_kneext=0.011 post_hipext=0.068 desc_f=1.400 e2_adapt=1.700
start pose (normal): applied 20 coordinates as given; pelvis ty 0.920 m (env override unset); IMU-metric torso lean -0.0 deg (+ = back)
standing solve: nnls x in [0.00, 0.70], >0.1: 14 muscles
  top: add_long_l=0.70, tib_ant_r=0.61, tib_ant_l=0.46, ext_dig_r=0.37, glut_min1_l=0.33, pect_l=0.32, glut_min2_l=0.31, ext_dig_l=0.25
Fmax range: 5..3396 N | L range sample: [0.229942 0.326094]
t=  1.00 max|qacc|=     188.7 max|qvel|=   2.62 ncon=  0 com_z=0.938 com_x=-0.149
t=  1.50 max|qacc|=      30.7 max|qvel|=   0.38 ncon=  0 com_z=0.937 com_x=-0.156
t=  2.00 max|qacc|=    1263.4 max|qvel|=   4.31 ncon=  0 com_z=0.937 com_x=-0.154
t=  2.50 max|qacc|=     411.2 max|qvel|=   1.43 ncon=  0 com_z=0.937 com_x=-0.156
t=  3.00 max|qacc|=      23.3 max|qvel|=   0.07 ncon=  0 com_z=0.937 com_x=-0.155
t=  3.50 max|qacc|=     130.6 max|qvel|=   0.10 ncon=  0 com_z=0.937 com_x=-0.155
t=  4.00 max|qacc|=     123.1 max|qvel|=   0.13 ncon=  0 com_z=0.937 com_x=-0.151
t=  4.50 max|qacc|=      37.1 max|qvel|=   0.10 ncon=  0 com_z=0.937 com_x=-0.152
t=  5.00 max|qacc|=      56.7 max|qvel|=   2.28 ncon=  0 com_z=0.956 com_x=-0.126
t=  5.50 max|qacc|=      33.1 max|qvel|=   4.38 ncon=  0 com_z=0.935 com_x=-0.131
t=  6.00 max|qacc|=      54.1 max|qvel|=   3.01 ncon=  0 com_z=0.959 com_x=-0.129
t=  6.50 max|qacc|=     281.1 max|qvel|=   3.33 ncon=  0 com_z=0.941 com_x=-0.130
t=  7.00 max|qacc|=      60.2 max|qvel|=   1.71 ncon=  0 com_z=0.973 com_x=-0.135
t=  7.50 max|qacc|=     108.1 max|qvel|=   3.45 ncon=  0 com_z=0.940 com_x=-0.121
t=  8.00 max|qacc|=     127.3 max|qvel|=   3.79 ncon=  0 com_z=0.969 com_x=-0.149
t=  8.50 max|qacc|=      58.1 max|qvel|=   5.65 ncon=  0 com_z=0.932 com_x=-0.110
t=  9.00 max|qacc|=      55.0 max|qvel|=   8.44 ncon=  0 com_z=0.951 com_x=-0.162
t=  9.50 max|qacc|=      33.3 max|qvel|=   8.55 ncon=  0 com_z=0.927 com_x=-0.107
t= 10.00 max|qacc|=      56.4 max|qvel|=   4.69 ncon=  0 com_z=0.941 com_x=-0.159
t= 10.50 max|qacc|=      49.3 max|qvel|=   5.04 ncon=  0 com_z=0.943 com_x=-0.114
t= 11.00 max|qacc|=      41.3 max|qvel|=   3.86 ncon=  0 com_z=0.942 com_x=-0.146
t= 11.50 max|qacc|=      43.2 max|qvel|=   2.31 ncon=  0 com_z=0.967 com_x=-0.126
t= 12.00 max|qacc|=      79.3 max|qvel|=   2.64 ncon=  0 com_z=0.941 com_x=-0.128
t= 12.50 max|qacc|=      31.7 max|qvel|=   2.65 ncon=  0 com_z=0.973 com_x=-0.140
t= 13.00 max|qacc|=      64.6 max|qvel|=   2.72 ncon=  0 com_z=0.937 com_x=-0.117
t= 13.50 max|qacc|=     116.7 max|qvel|=   5.88 ncon=  0 com_z=0.963 com_x=-0.155
t= 14.00 max|qacc|=      80.9 max|qvel|=   7.41 ncon=  0 com_z=0.928 com_x=-0.107
t= 14.50 max|qacc|=     102.2 max|qvel|=   6.36 ncon=  0 com_z=0.945 com_x=-0.164
t= 15.00 max|qacc|=      47.0 max|qvel|=   7.97 ncon=  0 com_z=0.931 com_x=-0.108
t= 15.50 max|qacc|=      43.8 max|qvel|=   4.47 ncon=  0 com_z=0.941 com_x=-0.154
t= 16.00 max|qacc|=     882.3 max|qvel|=   1.65 ncon=  0 com_z=0.935 com_x=-0.147
t= 16.50 max|qacc|=     147.4 max|qvel|=   2.64 ncon=  0 com_z=0.937 com_x=-0.152
t= 17.00 max|qacc|=     378.6 max|qvel|=   0.52 ncon=  0 com_z=0.938 com_x=-0.155
t= 17.50 max|qacc|=      37.0 max|qvel|=   0.21 ncon=  0 com_z=0.936 com_x=-0.155
t= 18.00 max|qacc|=      12.0 max|qvel|=   0.11 ncon=  0 com_z=0.939 com_x=-0.157
t= 18.50 max|qacc|=     210.7 max|qvel|=   0.65 ncon=  0 com_z=0.937 com_x=-0.155
t= 19.00 max|qacc|=      82.1 max|qvel|=   0.41 ncon=  0 com_z=0.938 com_x=-0.156
t= 19.50 max|qacc|=      12.9 max|qvel|=   0.12 ncon=  0 com_z=0.937 com_x=-0.155
t= 20.00 max|qacc|=     108.6 max|qvel|=   0.27 ncon=  0 com_z=0.938 com_x=-0.156
t= 20.50 max|qacc|=     198.0 max|qvel|=   0.11 ncon=  0 com_z=0.937 com_x=-0.155
t= 21.00 max|qacc|=      32.8 max|qvel|=   0.08 ncon=  0 com_z=0.938 com_x=-0.155
t= 21.50 max|qacc|=     117.8 max|qvel|=   0.09 ncon=  0 com_z=0.938 com_x=-0.155
t= 22.00 max|qacc|=     127.8 max|qvel|=   0.55 ncon=  0 com_z=0.937 com_x=-0.155
t= 22.50 max|qacc|=      49.4 max|qvel|=   0.32 ncon=  0 com_z=0.937 com_x=-0.155
t= 23.00 max|qacc|=      18.4 max|qvel|=   0.15 ncon=  0 com_z=0.937 com_x=-0.155
t= 23.50 max|qacc|=     133.2 max|qvel|=   0.18 ncon=  0 com_z=0.937 com_x=-0.155
t= 24.00 max|qacc|=      93.1 max|qvel|=   0.13 ncon=  0 com_z=0.938 com_x=-0.155
t= 24.50 max|qacc|=      23.1 max|qvel|=   0.25 ncon=  0 com_z=0.938 com_x=-0.155
t= 25.00 max|qacc|=    1051.2 max|qvel|=   1.09 ncon=  0 com_z=0.937 com_x=-0.155
t= 25.50 max|qacc|=      99.7 max|qvel|=   0.59 ncon=  0 com_z=0.937 com_x=-0.155
t= 26.00 max|qacc|=      30.4 max|qvel|=   0.28 ncon=  0 com_z=0.937 com_x=-0.155
t= 26.50 max|qacc|=      34.6 max|qvel|=   0.32 ncon=  0 com_z=0.938 com_x=-0.155
t= 27.00 max|qacc|=      32.4 max|qvel|=   0.06 ncon=  0 com_z=0.937 com_x=-0.155
t= 27.50 max|qacc|=      44.0 max|qvel|=   0.08 ncon=  0 com_z=0.937 com_x=-0.155
t= 28.00 max|qacc|=     170.8 max|qvel|=   0.25 ncon=  0 com_z=0.937 com_x=-0.155
t= 28.50 max|qacc|=      16.3 max|qvel|=   0.17 ncon=  0 com_z=0.937 com_x=-0.155
t= 29.00 max|qacc|=      49.4 max|qvel|=   0.32 ncon=  0 com_z=0.937 com_x=-0.155
t= 29.50 max|qacc|=     116.1 max|qvel|=   0.28 ncon=  0 com_z=0.938 com_x=-0.155
t= 30.00 max|qacc|=     453.3 max|qvel|=   0.96 ncon=  0 com_z=0.937 com_x=-0.155
t= 30.50 max|qacc|=      76.3 max|qvel|=   0.19 ncon=  0 com_z=0.937 com_x=-0.155

== summary ==
pelvis/COM height: start 0.94 m, min 0.93 m, final 0.94 m  (stayed up)
COM x: min -0.17 max -0.10 final -0.16 m
COM y: min -0.024 max +0.012 m
RG_F_r bursts during walk window: 11
RG_r: cycles in window 11, period 0.91 s (1.10 Hz), E-duty 0.47
RG_l: cycles in window 11, period 0.91 s (1.10 Hz), E-duty 0.47
peak ctrl: [1.   1.   1.   1.   0.87 1.   0.45 0.5  1.   0.93 1.   1.   1.   1.
 1.   1.   0.52 0.67 0.73 0.37] (('vas_lat_r', 'med_gas_r', 'soleus_r', 'tib_ant_r', 'psoas_r', 'semimem_r', 'glut_max2_r', 'rect_fem_r', 'sar_r', 'grac_r', 'vas_lat_l', 'med_gas_l', 'soleus_l', 'tib_ant_l', 'psoas_l', 'semimem_l', 'glut_max2_l', 'rect_fem_l', 'sar_l', 'grac_l'))
  hip_flexion_r         -3.9 ..    40.1 deg
  knee_angle_r         -91.6 ..    10.3 deg
  ankle_angle_r        -65.4 ..    -1.7 deg
  hip_adduction_r      -29.1 ..    24.4 deg
  subtalar_angle_r     -10.0 ..     8.3 deg
  hip_flexion_l        -16.6 ..    22.3 deg
  knee_angle_l         -85.2 ..    10.5 deg
  ankle_angle_l        -67.8 ..     9.8 deg
  hip_adduction_l      -37.7 ..    31.3 deg
  subtalar_angle_l      -1.4 ..    12.1 deg
  pelvis_tilt           -1.9 ..     0.2 deg
  pelvis_list           -0.8 ..    -0.1 deg
  pelvis_rotation        2.1 ..     2.6 deg
saved spinal_run.npz
(plot skipped: 'PF_E2_r')
== stage 1 best 95.639 (trial 17)
{
 "drive": 3.393724708721609,
 "rg_nap_h": 0.23495626536059638,
 "desc_e": 1.365379765475449,
 "desc_f": 1.7006210914845377,
 "rg_to_pf": 2.545993242453894
}
saved curriculum_syn6_stage1.json
