logs/motion_tut6a_script_bodyheight
version=1
nRows=117
nColumns=707
inDegrees=no
endheader
time	pelvis_tilt	pelvis_tilt_u	pelvis_tx	pelvis_tx_u	pelvis_ty	pelvis_ty_u	hip_flexion_r	hip_flexion_r_u	knee_angle_r	knee_angle_r_u	ankle_angle_r	ankle_angle_r_u	hip_flexion_l	hip_flexion_l_u	knee_angle_l	knee_angle_l_u	ankle_angle_l	ankle_angle_l_u	world.pos.x	world.pos.y	world.pos.z	ground.pos.x	ground.pos.y	ground.pos.z	ground.ori.w	ground.ori.x	ground.ori.y	ground.ori.z	ground.lin_vel.x	ground.lin_vel.y	ground.lin_vel.z	ground.ang_vel.x	ground.ang_vel.y	ground.ang_vel.z	pelvis.pos.x	pelvis.pos.y	pelvis.pos.z	pelvis.ori.w	pelvis.ori.x	pelvis.ori.y	pelvis.ori.z	pelvis.lin_vel.x	pelvis.lin_vel.y	pelvis.lin_vel.z	pelvis.ang_vel.x	pelvis.ang_vel.y	pelvis.ang_vel.z	femur_r.pos.x	femur_r.pos.y	femur_r.pos.z	femur_r.ori.w	femur_r.ori.x	femur_r.ori.y	femur_r.ori.z	femur_r.lin_vel.x	femur_r.lin_vel.y	femur_r.lin_vel.z	femur_r.ang_vel.x	femur_r.ang_vel.y	femur_r.ang_vel.z	tibia_r.pos.x	tibia_r.pos.y	tibia_r.pos.z	tibia_r.ori.w	tibia_r.ori.x	tibia_r.ori.y	tibia_r.ori.z	tibia_r.lin_vel.x	tibia_r.lin_vel.y	tibia_r.lin_vel.z	tibia_r.ang_vel.x	tibia_r.ang_vel.y	tibia_r.ang_vel.z	calcn_r.pos.x	calcn_r.pos.y	calcn_r.pos.z	calcn_r.ori.w	calcn_r.ori.x	calcn_r.ori.y	calcn_r.ori.z	calcn_r.lin_vel.x	calcn_r.lin_vel.y	calcn_r.lin_vel.z	calcn_r.ang_vel.x	calcn_r.ang_vel.y	calcn_r.ang_vel.z	femur_l.pos.x	femur_l.pos.y	femur_l.pos.z	femur_l.ori.w	femur_l.ori.x	femur_l.ori.y	femur_l.ori.z	femur_l.lin_vel.x	femur_l.lin_vel.y	femur_l.lin_vel.z	femur_l.ang_vel.x	femur_l.ang_vel.y	femur_l.ang_vel.z	tibia_l.pos.x	tibia_l.pos.y	tibia_l.pos.z	tibia_l.ori.w	tibia_l.ori.x	tibia_l.ori.y	tibia_l.ori.z	tibia_l.lin_vel.x	tibia_l.lin_vel.y	tibia_l.lin_vel.z	tibia_l.ang_vel.x	tibia_l.ang_vel.y	tibia_l.ang_vel.z	calcn_l.pos.x	calcn_l.pos.y	calcn_l.pos.z	calcn_l.ori.w	calcn_l.ori.x	calcn_l.ori.y	calcn_l.ori.z	calcn_l.lin_vel.x	calcn_l.lin_vel.y	calcn_l.lin_vel.z	calcn_l.ang_vel.x	calcn_l.ang_vel.y	calcn_l.ang_vel.z	torso.pos.x	torso.pos.y	torso.pos.z	torso.ori.w	torso.ori.x	torso.ori.y	torso.ori.z	torso.lin_vel.x	torso.lin_vel.y	torso.lin_vel.z	torso.ang_vel.x	torso.ang_vel.y	torso.ang_vel.z	hamstrings_r.activation	hamstrings_r.fiber_length	bifemsh_r.activation	bifemsh_r.fiber_length	glut_max_r.activation	glut_max_r.fiber_length	iliopsoas_r.activation	iliopsoas_r.fiber_length	vasti_r.activation	vasti_r.fiber_length	gastroc_r.activation	gastroc_r.fiber_length	soleus_r.activation	soleus_r.fiber_length	tib_ant_r.activation	tib_ant_r.fiber_length	hamstrings_l.activation	hamstrings_l.fiber_length	bifemsh_l.activation	bifemsh_l.fiber_length	glut_max_l.activation	glut_max_l.fiber_length	iliopsoas_l.activation	iliopsoas_l.fiber_length	vasti_l.activation	vasti_l.fiber_length	gastroc_l.activation	gastroc_l.fiber_length	soleus_l.activation	soleus_l.fiber_length	tib_ant_l.activation	tib_ant_l.fiber_length	rect_fem_r.activation	rect_fem_r.fiber_length	rect_fem_l.activation	rect_fem_l.fiber_length	hamstrings_r.input	hamstrings_r.excitation	hamstrings_r.fiber_length_norm	hamstrings_r.fiber_velocity_norm	hamstrings_r.tendon_length_norm	hamstrings_r.mtu_force_norm	hamstrings_r.ce_vel_norm	hamstrings_r.ce_vel	bifemsh_r.input	bifemsh_r.excitation	bifemsh_r.fiber_length_norm	bifemsh_r.fiber_velocity_norm	bifemsh_r.tendon_length_norm	bifemsh_r.mtu_force_norm	bifemsh_r.ce_vel_norm	bifemsh_r.ce_vel	glut_max_r.input	glut_max_r.excitation	glut_max_r.fiber_length_norm	glut_max_r.fiber_velocity_norm	glut_max_r.tendon_length_norm	glut_max_r.mtu_force_norm	glut_max_r.ce_vel_norm	glut_max_r.ce_vel	iliopsoas_r.input	iliopsoas_r.excitation	iliopsoas_r.fiber_length_norm	iliopsoas_r.fiber_velocity_norm	iliopsoas_r.tendon_length_norm	iliopsoas_r.mtu_force_norm	iliopsoas_r.ce_vel_norm	iliopsoas_r.ce_vel	rect_fem_r.input	rect_fem_r.excitation	rect_fem_r.fiber_length_norm	rect_fem_r.fiber_velocity_norm	rect_fem_r.tendon_length_norm	rect_fem_r.mtu_force_norm	rect_fem_r.ce_vel_norm	rect_fem_r.ce_vel	vasti_r.input	vasti_r.excitation	vasti_r.fiber_length_norm	vasti_r.fiber_velocity_norm	vasti_r.tendon_length_norm	vasti_r.mtu_force_norm	vasti_r.ce_vel_norm	vasti_r.ce_vel	gastroc_r.input	gastroc_r.excitation	gastroc_r.fiber_length_norm	gastroc_r.fiber_velocity_norm	gastroc_r.tendon_length_norm	gastroc_r.mtu_force_norm	gastroc_r.ce_vel_norm	gastroc_r.ce_vel	soleus_r.input	soleus_r.excitation	soleus_r.fiber_length_norm	soleus_r.fiber_velocity_norm	soleus_r.tendon_length_norm	soleus_r.mtu_force_norm	soleus_r.ce_vel_norm	soleus_r.ce_vel	tib_ant_r.input	tib_ant_r.excitation	tib_ant_r.fiber_length_norm	tib_ant_r.fiber_velocity_norm	tib_ant_r.tendon_length_norm	tib_ant_r.mtu_force_norm	tib_ant_r.ce_vel_norm	tib_ant_r.ce_vel	hamstrings_l.input	hamstrings_l.excitation	hamstrings_l.fiber_length_norm	hamstrings_l.fiber_velocity_norm	hamstrings_l.tendon_length_norm	hamstrings_l.mtu_force_norm	hamstrings_l.ce_vel_norm	hamstrings_l.ce_vel	bifemsh_l.input	bifemsh_l.excitation	bifemsh_l.fiber_length_norm	bifemsh_l.fiber_velocity_norm	bifemsh_l.tendon_length_norm	bifemsh_l.mtu_force_norm	bifemsh_l.ce_vel_norm	bifemsh_l.ce_vel	glut_max_l.input	glut_max_l.excitation	glut_max_l.fiber_length_norm	glut_max_l.fiber_velocity_norm	glut_max_l.tendon_length_norm	glut_max_l.mtu_force_norm	glut_max_l.ce_vel_norm	glut_max_l.ce_vel	iliopsoas_l.input	iliopsoas_l.excitation	iliopsoas_l.fiber_length_norm	iliopsoas_l.fiber_velocity_norm	iliopsoas_l.tendon_length_norm	iliopsoas_l.mtu_force_norm	iliopsoas_l.ce_vel_norm	iliopsoas_l.ce_vel	rect_fem_l.input	rect_fem_l.excitation	rect_fem_l.fiber_length_norm	rect_fem_l.fiber_velocity_norm	rect_fem_l.tendon_length_norm	rect_fem_l.mtu_force_norm	rect_fem_l.ce_vel_norm	rect_fem_l.ce_vel	vasti_l.input	vasti_l.excitation	vasti_l.fiber_length_norm	vasti_l.fiber_velocity_norm	vasti_l.tendon_length_norm	vasti_l.mtu_force_norm	vasti_l.ce_vel_norm	vasti_l.ce_vel	gastroc_l.input	gastroc_l.excitation	gastroc_l.fiber_length_norm	gastroc_l.fiber_velocity_norm	gastroc_l.tendon_length_norm	gastroc_l.mtu_force_norm	gastroc_l.ce_vel_norm	gastroc_l.ce_vel	soleus_l.input	soleus_l.excitation	soleus_l.fiber_length_norm	soleus_l.fiber_velocity_norm	soleus_l.tendon_length_norm	soleus_l.mtu_force_norm	soleus_l.ce_vel_norm	soleus_l.ce_vel	tib_ant_l.input	tib_ant_l.excitation	tib_ant_l.fiber_length_norm	tib_ant_l.fiber_velocity_norm	tib_ant_l.tendon_length_norm	tib_ant_l.mtu_force_norm	tib_ant_l.ce_vel_norm	tib_ant_l.ce_vel	ground.pos_x	ground.pos_y	ground.pos_z	ground.lin_vel_x	ground.lin_vel_y	ground.lin_vel_z	ground.com_pos_x	ground.com_pos_y	ground.com_pos_z	ground.com_lin_vel_x	ground.com_lin_vel_y	ground.com_lin_vel_z	ground.ori_x	ground.ori_y	ground.ori_z	ground.ang_vel_x	ground.ang_vel_y	ground.ang_vel_z	pelvis.pos_x	pelvis.pos_y	pelvis.pos_z	pelvis.lin_vel_x	pelvis.lin_vel_y	pelvis.lin_vel_z	pelvis.com_pos_x	pelvis.com_pos_y	pelvis.com_pos_z	pelvis.com_lin_vel_x	pelvis.com_lin_vel_y	pelvis.com_lin_vel_z	pelvis.ori_x	pelvis.ori_y	pelvis.ori_z	pelvis.ang_vel_x	pelvis.ang_vel_y	pelvis.ang_vel_z	femur_r.pos_x	femur_r.pos_y	femur_r.pos_z	femur_r.lin_vel_x	femur_r.lin_vel_y	femur_r.lin_vel_z	femur_r.com_pos_x	femur_r.com_pos_y	femur_r.com_pos_z	femur_r.com_lin_vel_x	femur_r.com_lin_vel_y	femur_r.com_lin_vel_z	femur_r.ori_x	femur_r.ori_y	femur_r.ori_z	femur_r.ang_vel_x	femur_r.ang_vel_y	femur_r.ang_vel_z	tibia_r.pos_x	tibia_r.pos_y	tibia_r.pos_z	tibia_r.lin_vel_x	tibia_r.lin_vel_y	tibia_r.lin_vel_z	tibia_r.com_pos_x	tibia_r.com_pos_y	tibia_r.com_pos_z	tibia_r.com_lin_vel_x	tibia_r.com_lin_vel_y	tibia_r.com_lin_vel_z	tibia_r.ori_x	tibia_r.ori_y	tibia_r.ori_z	tibia_r.ang_vel_x	tibia_r.ang_vel_y	tibia_r.ang_vel_z	calcn_r.pos_x	calcn_r.pos_y	calcn_r.pos_z	calcn_r.lin_vel_x	calcn_r.lin_vel_y	calcn_r.lin_vel_z	calcn_r.com_pos_x	calcn_r.com_pos_y	calcn_r.com_pos_z	calcn_r.com_lin_vel_x	calcn_r.com_lin_vel_y	calcn_r.com_lin_vel_z	calcn_r.ori_x	calcn_r.ori_y	calcn_r.ori_z	calcn_r.ang_vel_x	calcn_r.ang_vel_y	calcn_r.ang_vel_z	femur_l.pos_x	femur_l.pos_y	femur_l.pos_z	femur_l.lin_vel_x	femur_l.lin_vel_y	femur_l.lin_vel_z	femur_l.com_pos_x	femur_l.com_pos_y	femur_l.com_pos_z	femur_l.com_lin_vel_x	femur_l.com_lin_vel_y	femur_l.com_lin_vel_z	femur_l.ori_x	femur_l.ori_y	femur_l.ori_z	femur_l.ang_vel_x	femur_l.ang_vel_y	femur_l.ang_vel_z	tibia_l.pos_x	tibia_l.pos_y	tibia_l.pos_z	tibia_l.lin_vel_x	tibia_l.lin_vel_y	tibia_l.lin_vel_z	tibia_l.com_pos_x	tibia_l.com_pos_y	tibia_l.com_pos_z	tibia_l.com_lin_vel_x	tibia_l.com_lin_vel_y	tibia_l.com_lin_vel_z	tibia_l.ori_x	tibia_l.ori_y	tibia_l.ori_z	tibia_l.ang_vel_x	tibia_l.ang_vel_y	tibia_l.ang_vel_z	calcn_l.pos_x	calcn_l.pos_y	calcn_l.pos_z	calcn_l.lin_vel_x	calcn_l.lin_vel_y	calcn_l.lin_vel_z	calcn_l.com_pos_x	calcn_l.com_pos_y	calcn_l.com_pos_z	calcn_l.com_lin_vel_x	calcn_l.com_lin_vel_y	calcn_l.com_lin_vel_z	calcn_l.ori_x	calcn_l.ori_y	calcn_l.ori_z	calcn_l.ang_vel_x	calcn_l.ang_vel_y	calcn_l.ang_vel_z	torso.pos_x	torso.pos_y	torso.pos_z	torso.lin_vel_x	torso.lin_vel_y	torso.lin_vel_z	torso.com_pos_x	torso.com_pos_y	torso.com_pos_z	torso.com_lin_vel_x	torso.com_lin_vel_y	torso.com_lin_vel_z	torso.ori_x	torso.ori_y	torso.ori_z	torso.ang_vel_x	torso.ang_vel_y	torso.ang_vel_z	hip_r.load	hip_r.pos_x	hip_r.pos_y	hip_r.pos_z	hip_r.disp_x	hip_r.disp_y	hip_r.disp_z	hip_r.disp_vel_x	hip_r.disp_vel_y	hip_r.disp_vel_z	hip_r.disp_acc_x	hip_r.disp_acc_y	hip_r.disp_acc_z	hip_r.rot_x	hip_r.rot_y	hip_r.rot_z	hip_r.rot_vel_x	hip_r.rot_vel_y	hip_r.rot_vel_z	hip_r.force	hip_r.force_x	hip_r.force_y	hip_r.force_z	hip_r.torque	hip_r.torque_x	hip_r.torque_y	hip_r.torque_z	knee_r.load	knee_r.pos_x	knee_r.pos_y	knee_r.pos_z	knee_r.disp_x	knee_r.disp_y	knee_r.disp_z	knee_r.disp_vel_x	knee_r.disp_vel_y	knee_r.disp_vel_z	knee_r.disp_acc_x	knee_r.disp_acc_y	knee_r.disp_acc_z	knee_r.rot_x	knee_r.rot_y	knee_r.rot_z	knee_r.rot_vel_x	knee_r.rot_vel_y	knee_r.rot_vel_z	knee_r.force	knee_r.force_x	knee_r.force_y	knee_r.force_z	knee_r.torque	knee_r.torque_x	knee_r.torque_y	knee_r.torque_z	ankle_r.load	ankle_r.pos_x	ankle_r.pos_y	ankle_r.pos_z	ankle_r.disp_x	ankle_r.disp_y	ankle_r.disp_z	ankle_r.disp_vel_x	ankle_r.disp_vel_y	ankle_r.disp_vel_z	ankle_r.disp_acc_x	ankle_r.disp_acc_y	ankle_r.disp_acc_z	ankle_r.rot_x	ankle_r.rot_y	ankle_r.rot_z	ankle_r.rot_vel_x	ankle_r.rot_vel_y	ankle_r.rot_vel_z	ankle_r.force	ankle_r.force_x	ankle_r.force_y	ankle_r.force_z	ankle_r.torque	ankle_r.torque_x	ankle_r.torque_y	ankle_r.torque_z	hip_l.load	hip_l.pos_x	hip_l.pos_y	hip_l.pos_z	hip_l.disp_x	hip_l.disp_y	hip_l.disp_z	hip_l.disp_vel_x	hip_l.disp_vel_y	hip_l.disp_vel_z	hip_l.disp_acc_x	hip_l.disp_acc_y	hip_l.disp_acc_z	hip_l.rot_x	hip_l.rot_y	hip_l.rot_z	hip_l.rot_vel_x	hip_l.rot_vel_y	hip_l.rot_vel_z	hip_l.force	hip_l.force_x	hip_l.force_y	hip_l.force_z	hip_l.torque	hip_l.torque_x	hip_l.torque_y	hip_l.torque_z	knee_l.load	knee_l.pos_x	knee_l.pos_y	knee_l.pos_z	knee_l.disp_x	knee_l.disp_y	knee_l.disp_z	knee_l.disp_vel_x	knee_l.disp_vel_y	knee_l.disp_vel_z	knee_l.disp_acc_x	knee_l.disp_acc_y	knee_l.disp_acc_z	knee_l.rot_x	knee_l.rot_y	knee_l.rot_z	knee_l.rot_vel_x	knee_l.rot_vel_y	knee_l.rot_vel_z	knee_l.force	knee_l.force_x	knee_l.force_y	knee_l.force_z	knee_l.torque	knee_l.torque_x	knee_l.torque_y	knee_l.torque_z	ankle_l.load	ankle_l.pos_x	ankle_l.pos_y	ankle_l.pos_z	ankle_l.disp_x	ankle_l.disp_y	ankle_l.disp_z	ankle_l.disp_vel_x	ankle_l.disp_vel_y	ankle_l.disp_vel_z	ankle_l.disp_acc_x	ankle_l.disp_acc_y	ankle_l.disp_acc_z	ankle_l.rot_x	ankle_l.rot_y	ankle_l.rot_z	ankle_l.rot_vel_x	ankle_l.rot_vel_y	ankle_l.rot_vel_z	ankle_l.force	ankle_l.force_x	ankle_l.force_y	ankle_l.force_z	ankle_l.torque	ankle_l.torque_x	ankle_l.torque_y	ankle_l.torque_z	back.load	back.pos_x	back.pos_y	back.pos_z	back.disp_x	back.disp_y	back.disp_z	back.disp_vel_x	back.disp_vel_y	back.disp_vel_z	back.disp_acc_x	back.disp_acc_y	back.disp_acc_z	back.rot_x	back.rot_y	back.rot_z	back.rot_vel_x	back.rot_vel_y	back.rot_vel_z	back.force	back.force_x	back.force_y	back.force_z	back.torque	back.torque_x	back.torque_y	back.torque_z	body_height	com_x	com_y	com_z	com_x_u	com_y_u	com_z_u	lin_mom_x	lin_mom_y	lin_mom_z	ang_mom_x	ang_mom_y	ang_mom_z	leg0_l.grf_norm_x	leg0_l.grf_norm_y	leg0_l.grf_norm_z	leg0_l.grf_x	leg0_l.grf_y	leg0_l.grf_z	leg0_l.grm_x	leg0_l.grm_y	leg0_l.grm_z	leg0_l.cop_x	leg0_l.cop_y	leg0_l.cop_z	leg1_r.grf_norm_x	leg1_r.grf_norm_y	leg1_r.grf_norm_z	leg1_r.grf_x	leg1_r.grf_y	leg1_r.grf_z	leg1_r.grm_x	leg1_r.grm_y	leg1_r.grm_z	leg1_r.cop_x	leg1_r.cop_y	leg1_r.cop_z
0	-0.174533	0	-0.0707	0	0.929766	0	0.349066	0	-0.349066	0	0.174533	0	0.349066	0	-0.349066	0	0.174533	0	0	1	0	0	0	0	1	0	0	0	0	0	0	0	0	0	-0.0707	0.929766	0	0.996195	0	0	-0.0871558	0	0	0	0	0	0	-0.0526579	0.697253	0.0835	0.996195	0	0	0.0871558	0	0	0	0	0	0	-0.0458335	0.290823	0.0835	0.996195	0	0	-0.0871558	0	0	0	0	0	0	-0.0368522	0.0392687	0.09142	1	0	0	0	0	0	0	0	0	0	-0.0526579	0.697253	-0.0835	0.996195	0	0	0.0871558	0	0	0	0	0	0	-0.0458335	0.290823	-0.0835	0.996195	0	0	-0.0871558	0	0	0	0	0	0	-0.0368522	0.0392687	-0.09142	1	0	0	0	0	0	0	0	0	0	-0.0600687	1.33558	0	0.996195	0	0	-0.0871558	0	0	0	0	0	0	0.3	0.0916144	0.3	0.12482	0.3	0.128937	0.3	0.099469	0.3	0.0711925	0.3	0.0580922	0.3	0.0488125	0.3	0.0496642	0.3	0.0916144	0.3	0.12482	0.3	0.128937	0.3	0.099469	0.3	0.0711925	0.3	0.0580922	0.3	0.0488125	0.3	0.0496642	0.3	0.0571622	0.3	0.0571622	0.3	0.3	0.938672	-0.024299	0.0212005	0.286278	-0.0024299	-0.00237158	0.3	0.3	1.13164	-0.0468624	0.0218634	0.299012	-0.00468624	-0.00516892	0.3	0.3	0.821777	-0.0247931	0.0186084	0.238688	-0.00247931	-0.00389004	0.3	0.3	0.933105	-0.0714858	0.0206167	0.275252	-0.00714858	-0.00762039	0.3	0.3	0.753125	-0.0904961	0.0175467	0.220207	-0.00904961	-0.00686865	0.3	0.3	0.716943	-0.006995	0.0176279	0.221601	-0.0006995	-0.000694604	0.3	0.3	1.13906	0.0845673	0.0230552	0.322479	0.00845673	0.00431293	0.3	0.3	1.10938	0.214482	0.0222868	0.307264	0.0214482	0.00943723	0.3	0.3	0.727149	-0.0144732	0.0176367	0.221753	-0.00144732	-0.000988518	0.3	0.3	0.938672	-0.024299	0.0212005	0.286278	-0.0024299	-0.00237158	0.3	0.3	1.13164	-0.0468624	0.0218634	0.299012	-0.00468624	-0.00516892	0.3	0.3	0.821777	-0.0247931	0.0186084	0.238688	-0.00247931	-0.00389004	0.3	0.3	0.933105	-0.0714858	0.0206167	0.275252	-0.00714858	-0.00762039	0.3	0.3	0.753125	-0.0904961	0.0175467	0.220207	-0.00904961	-0.00686865	0.3	0.3	0.716943	-0.006995	0.0176279	0.221601	-0.0006995	-0.000694604	0.3	0.3	1.13906	0.0845673	0.0230552	0.322479	0.00845673	0.00431293	0.3	0.3	1.10938	0.214482	0.0222868	0.307264	0.0214482	0.00943723	0.3	0.3	0.727149	-0.0144732	0.0176367	0.221753	-0.00144732	-0.000988518	0	0	0	0	0	0	0	0	0	0	0	0	0	0	0	0	0	0	-0.0707	0.929766	0	0	0	0	-0.0707	0.929766	0	0	0	0	0	0	-0.174533	0	0	0	-0.0526579	0.697253	0.0835	0	0	0	-0.0526579	0.697253	0.0835	0	0	0	0	0	0.174533	0	0	0	-0.0458335	0.290823	0.0835	0	0	0	-0.0458335	0.290823	0.0835	0	0	0	0	0	-0.174533	0	0	0	-0.0368522	0.0392687	0.09142	0	0	0	-0.0368522	0.0392687	0.09142	0	0	0	0	0	0	0	0	0	-0.0526579	0.697253	-0.0835	0	0	0	-0.0526579	0.697253	-0.0835	0	0	0	0	0	0.174533	0	0	0	-0.0458335	0.290823	-0.0835	0	0	0	-0.0458335	0.290823	-0.0835	0	0	0	0	0	-0.174533	0	0	0	-0.0368522	0.0392687	-0.09142	0	0	0	-0.0368522	0.0392687	-0.09142	0	0	0	0	0	0	0	0	0	-0.0600687	1.33558	0	0	0	0	-0.0600687	1.33558	0	0	0	0	0	0	-0.174533	0	0	0	4.07607e-05	-0.0821781	0.86467	0.0835	0	2.98023e-08	0	0	0	0	0	0	0	0	0	0.349065	0	0	0	0.0298023	-0	-0.0298023	-0	0	0	0	0	8.15214e-05	-0.0134134	0.474686	0.0835	0	5.96046e-08	0	0	0	0	0	0	0	0	0	-0.349065	0	0	0	0.0596046	-0	-0.0596046	-0	0	0	0	0	0	-0.0880822	0.0512187	0.0835	0	0	0	0	0	0	0	0	0	0	0	0.174532	0	0	0	0	-0	-0	-0	0	0	0	0	4.07607e-05	-0.0821781	0.86467	-0.0835	0	2.98023e-08	0	0	0	0	0	0	0	0	0	0.349065	0	0	0	0.0298023	-0	-0.0298023	-0	0	0	0	0	8.15214e-05	-0.0134134	0.474686	-0.0835	0	5.96046e-08	0	0	0	0	0	0	0	0	0	-0.349065	0	0	0	0.0596046	-0	-0.0596046	-0	0	0	0	0	0	-0.0880822	0.0512187	-0.0835	0	0	0	0	0	0	0	0	0	0	0	0.174532	0	0	0	0	-0	-0	-0	0	0	0	0	1.01902e-05	-0.0860919	1.01524	0	0	-7.45058e-09	0	0	0	0	0	0	0	0	0	0	0	0	0	0.00745058	-0	0.00745058	-0	0	0	0	0	0.0392687	-0.0577039	0.96471	1.99931e-10	0	0	0	0	0	0	0	0	0	-2.88801e-08	0.484528	0	-2.11158e-05	354.264	0	31.5012	1.87762e-06	-13.0554	-0.036852	-0.00286567	-0.08892	-2.88801e-08	0.484528	0	-2.11158e-05	354.264	0	-31.5012	-1.87762e-06	-13.0554	-0.036852	-0.00286567	0.08892
0.01	-0.16548	0.552489	-0.0701201	0.0440389	0.929211	-0.0177409	0.333016	-1.05029	-0.334453	0.768375	0.144645	0.0333682	0.333016	-1.05029	-0.334453	0.768375	0.144645	0.0333682	0	1	0	0	0	0	1	0	0	0	0	0	0	0	0	0	-0.0701201	0.929211	0	0.996579	0	0	-0.0826455	0.0440389	-0.0177409	0	0	0	0.552489	-0.0527987	0.697785	0.0835	0.996494	0	0	0.08367	-0.00445871	0.011139	0	0	0	-0.497798	-0.0463279	0.292535	0.0835	0.996519	0	0	-0.0833616	-0.0759916	0.0230814	0	0	0	0.270577	-0.0357484	0.0409639	0.09142	0.999938	0	0	-0.0111355	-0.00378074	0.0413335	0	0	0	0.303945	-0.0527987	0.697785	-0.0835	0.996494	0	0	0.08367	-0.00445871	0.011139	0	0	0	-0.497798	-0.0463279	0.292535	-0.0835	0.996519	0	0	-0.0833616	-0.0759916	0.0230814	0	0	0	0.270577	-0.0357484	0.0409639	-0.09142	0.999938	0	0	-0.0111355	-0.00378074	0.0413335	0	0	0	0.303945	-0.060209	1.33463	0	0.99619	0	0	-0.0872121	-0.0147836	-0.0861989	0	0	0	0.0311457	0.3	0.0906639	0.3	0.123876	0.3	0.127531	0.3	0.0991249	0.3	0.0697201	0.3	0.0575064	0.3	0.0483588	0.3	0.0496933	0.3	0.0906639	0.3	0.123876	0.3	0.127531	0.3	0.0991249	0.3	0.0697201	0.3	0.0575064	0.3	0.0483588	0.3	0.0496933	0.3	0.0564268	0.3	0.0564268	0.3	0.3	0.928934	-1.30128	0.0129588	0.147114	-0.130128	-0.127005	0.3	0.3	1.12309	-0.45864	0.0189585	0.244909	-0.045864	-0.050588	0.3	0.3	0.812815	-0.793939	0.0137853	0.159472	-0.0793939	-0.124569	0.3	0.3	0.929877	-0.355465	0.0185448	0.237564	-0.0355465	-0.0378926	0.3	0.3	0.743436	-1.18823	0.0113147	0.123594	-0.118823	-0.0901869	0.3	0.3	0.702115	-1.19838	0.0108411	0.117081	-0.119838	-0.118999	0.3	0.3	1.12758	-1.28796	0.014395	0.168814	-0.128796	-0.0656862	0.3	0.3	1.09906	-1.08049	0.0140505	0.163511	-0.108049	-0.0475415	0.3	0.3	0.727573	0.0734088	0.0182474	0.232337	0.00734088	0.00501382	0.3	0.3	0.928934	-1.30128	0.0129588	0.147114	-0.130128	-0.127005	0.3	0.3	1.12309	-0.45864	0.0189585	0.244909	-0.045864	-0.050588	0.3	0.3	0.812815	-0.793939	0.0137853	0.159472	-0.0793939	-0.124569	0.3	0.3	0.929877	-0.355465	0.0185448	0.237564	-0.0355465	-0.0378926	0.3	0.3	0.743436	-1.18823	0.0113147	0.123594	-0.118823	-0.0901869	0.3	0.3	0.702115	-1.19838	0.0108411	0.117081	-0.119838	-0.118999	0.3	0.3	1.12758	-1.28796	0.014395	0.168814	-0.128796	-0.0656862	0.3	0.3	1.09906	-1.08049	0.0140505	0.163511	-0.108049	-0.0475415	0.3	0.3	0.727573	0.0734088	0.0182474	0.232337	0.00734088	0.00501382	0	0	0	0	0	0	0	0	0	0	0	0	0	0	0	0	0	0	-0.0701201	0.929211	0	0.0440389	-0.0177409	0	-0.0701201	0.929211	0	0.0440389	-0.0177409	0	0	0	-0.16548	0	0	0.552489	-0.0527987	0.697785	0.0835	-0.00445871	0.011139	0	-0.0527987	0.697785	0.0835	-0.00445871	0.011139	0	0	0	0.167536	0	0	-0.497798	-0.0463279	0.292535	0.0835	-0.0759916	0.0230814	0	-0.0463279	0.292535	0.0835	-0.0759916	0.0230814	0	0	0	-0.166917	0	0	0.270577	-0.0357484	0.0409639	0.09142	-0.00378074	0.0413335	0	-0.0357484	0.0409639	0.09142	-0.00378074	0.0413335	0	0	0	-0.0222715	0	0	0.303945	-0.0527987	0.697785	-0.0835	-0.00445871	0.011139	0	-0.0527987	0.697785	-0.0835	-0.00445871	0.011139	0	0	0	0.167536	0	0	-0.497798	-0.0463279	0.292535	-0.0835	-0.0759916	0.0230814	0	-0.0463279	0.292535	-0.0835	-0.0759916	0.0230814	0	0	0	-0.166917	0	0	0.270577	-0.0357484	0.0409639	-0.09142	-0.00378074	0.0413335	0	-0.0357484	0.0409639	-0.09142	-0.00378074	0.0413335	0	0	0	-0.0222715	0	0	0.303945	-0.060209	1.33463	0	-0.0147836	-0.0861989	0	-0.060209	1.33463	0	-0.0147836	-0.0861989	0	0	0	-0.174646	0	0	0.0311457	2.21564	-0.0811467	0.865405	0.0835	-0.000138327	0.00139019	0	-0.00107741	0.0490072	0	0.499442	-8.16133	0	0	0	0.333015	0	0	-1.05029	1619.97	143.24	-1613.63	-0	0	0	0	0	2.50662	-0.015309	0.47664	0.0835	-0.000196556	0.00169086	0	-0.0104203	0.0390956	0	2.43307	0.0794201	0	0	0	-0.334453	0	0	0.768375	1832.72	230.487	-1818.17	-0	0	0	0	0	2.00122	-0.0866995	0.0540519	0.0835	5.0962e-05	0.00143558	0	0.00331647	0.0137031	0	1.33009	-0.143543	0	0	0	0.144645	0	0	0.0333682	1463.2	-57.3751	-1462.08	-0	0	0	0	0	2.21564	-0.0811467	0.865405	-0.0835	-0.000138327	0.00139019	0	-0.00107741	0.0490072	0	0.499442	-8.16133	0	0	0	0.333015	0	0	-1.05029	1619.97	143.24	-1613.63	-0	0	0	0	0	2.50662	-0.015309	0.47664	-0.0835	-0.000196556	0.00169086	0	-0.0104203	0.0390956	0	2.43307	0.0794201	0	0	0	-0.334453	0	0	0.768375	1832.72	230.487	-1818.17	-0	0	0	0	0	2.00122	-0.0866995	0.0540519	-0.0835	5.0962e-05	0.00143558	0	0.00331647	0.0137031	0	1.33009	-0.143543	0	0	0	0.144645	0	0	0.0333682	1463.2	-57.3751	-1462.08	-0	0	0	0	0	0.833721	-0.0862684	1.01429	0	1.66968e-05	-0.000252314	0	-0.00170217	-0.0603386	0	0.106389	16.2979	0	0	0	-0.00913491	0	0	-0.521343	609.577	-6.61925	609.541	-0	26.1495	0	0	26.1495	0.0409639	-0.057724	0.964545	1.99931e-10	-0.00863218	-0.0359364	0	-0.643369	-2.67839	0	-5.90028e-10	-4.22676e-10	-0.222573	-0.0229855	0.283028	0	-16.8059	206.937	0	18.7209	1.52038	3.3695	0.016494	-0.0026017	-0.0904667	-0.0229855	0.283028	0	-16.8059	206.937	0	-18.7209	-1.52038	3.3695	0.016494	-0.0026017	0.0904667
0.02	-0.160574	0.445766	-0.0695975	0.0638598	0.928727	-0.0658913	0.322037	-1.18904	-0.324587	1.22178	0.142718	-0.272054	0.322037	-1.18904	-0.324587	1.22178	0.142718	-0.272054	0	1	0	0	0	0	1	0	0	0	0	0	0	0	0	0	-0.0695975	0.928727	0	0.996779	0	0	-0.080201	0.0638598	-0.0658913	0	0	0	0.445766	-0.0529774	0.697326	0.0835	0.996743	0	0	0.0806437	-0.0320838	-0.0755362	0	0	0	-0.743277	-0.047217	0.292033	0.0835	0.996676	0	0	-0.0814717	-0.111535	-0.0949059	0	0	0	0.478507	-0.0356934	0.0405445	0.09142	0.999948	0	0	-0.0102029	0.00713398	-0.0895543	0	0	0	0.206453	-0.0529774	0.697326	-0.0835	0.996743	0	0	0.0806437	-0.0320838	-0.0755362	0	0	0	-0.743277	-0.047217	0.292033	-0.0835	0.996676	0	0	-0.0814717	-0.111535	-0.0949059	0	0	0	0.478507	-0.0356934	0.0405445	-0.09142	0.999948	0	0	-0.0102029	0.00713398	-0.0895543	0	0	0	0.206453	-0.060364	1.33399	0	0.996224	0	0	-0.0868238	-0.0161545	-0.0595497	0	0	0	0.130617	0.3	0.0894646	0.3	0.123617	0.3	0.126652	0.3	0.0989413	0.3	0.0687799	0.3	0.0568991	0.3	0.0479361	0.3	0.049725	0.3	0.0894646	0.3	0.123617	0.3	0.126652	0.3	0.0989413	0.3	0.0687799	0.3	0.0568991	0.3	0.0479361	0.3	0.049725	0.3	0.0556244	0.3	0.0556244	0.3	0.3	0.916645	-1.11541	0.0139169	0.161472	-0.111541	-0.108864	0.3	0.3	1.12074	-0.0394277	0.0218066	0.297909	-0.00394277	-0.00434888	0.3	0.3	0.807214	-0.434775	0.0157114	0.18965	-0.0434775	-0.0682162	0.3	0.3	0.928154	0.00837289	0.0212023	0.286312	0.000837289	0.00089255	0.3	0.3	0.732864	-0.905341	0.0124724	0.140009	-0.0905341	-0.0687154	0.3	0.3	0.692648	-0.80155	0.0124928	0.140305	-0.080155	-0.0795939	0.3	0.3	1.11567	-1.08638	0.0152499	0.182243	-0.108638	-0.0554054	0.3	0.3	1.08946	-0.864389	0.0150847	0.179617	-0.0864389	-0.0380331	0.3	0.3	0.728038	0.0363417	0.0180125	0.228243	0.00363417	0.00248214	0.3	0.3	0.916645	-1.11541	0.0139169	0.161472	-0.111541	-0.108864	0.3	0.3	1.12074	-0.0394277	0.0218066	0.297909	-0.00394277	-0.00434888	0.3	0.3	0.807214	-0.434775	0.0157114	0.18965	-0.0434775	-0.0682162	0.3	0.3	0.928154	0.00837289	0.0212023	0.286312	0.000837289	0.00089255	0.3	0.3	0.732864	-0.905341	0.0124724	0.140009	-0.0905341	-0.0687154	0.3	0.3	0.692648	-0.80155	0.0124928	0.140305	-0.080155	-0.0795939	0.3	0.3	1.11567	-1.08638	0.0152499	0.182243	-0.108638	-0.0554054	0.3	0.3	1.08946	-0.864389	0.0150847	0.179617	-0.0864389	-0.0380331	0.3	0.3	0.728038	0.0363417	0.0180125	0.228243	0.00363417	0.00248214	0	0	0	0	0	0	0	0	0	0	0	0	0	0	0	0	0	0	-0.0695975	0.928727	0	0.0638598	-0.0658913	0	-0.0695975	0.928727	0	0.0638598	-0.0658913	0	0	0	-0.160574	0	0	0.445766	-0.0529774	0.697326	0.0835	-0.0320838	-0.0755362	0	-0.0529774	0.697326	0.0835	-0.0320838	-0.0755362	0	0	0	0.161463	0	0	-0.743277	-0.047217	0.292033	0.0835	-0.111535	-0.0949059	0	-0.047217	0.292033	0.0835	-0.111535	-0.0949059	0	0	0	-0.163124	0	0	0.478507	-0.0356934	0.0405445	0.09142	0.00713398	-0.0895543	0	-0.0356934	0.0405445	0.09142	0.00713398	-0.0895543	0	0	0	-0.0204061	0	0	0.206453	-0.0529774	0.697326	-0.0835	-0.0320838	-0.0755362	0	-0.0529774	0.697326	-0.0835	-0.0320838	-0.0755362	0	0	0	0.161463	0	0	-0.743277	-0.047217	0.292033	-0.0835	-0.111535	-0.0949059	0	-0.047217	0.292033	-0.0835	-0.111535	-0.0949059	0	0	0	-0.163124	0	0	0.478507	-0.0356934	0.0405445	-0.09142	0.00713398	-0.0895543	0	-0.0356934	0.0405445	-0.09142	0.00713398	-0.0895543	0	0	0	-0.0204061	0	0	0.206453	-0.060364	1.33399	0	-0.0161545	-0.0595497	0	-0.060364	1.33399	0	-0.0161545	-0.0595497	0	0	0	-0.173867	0	0	0.130617	2.34394	-0.0803069	0.865115	0.0835	-0.000141017	0.00163773	0	-0.000316083	0.0153796	0	-0.360332	-0.291985	0	0	0	0.322037	0	0	-1.18904	1713.78	142.458	-1707.85	-0	0	0	0	0	2.83992	-0.0168966	0.476254	0.0835	-0.000251533	0.00198829	0	-0.0018069	0.0221437	0	-1.1538	-0.823788	0	0	0	-0.324587	0	0	1.22178	2076.42	257.417	-2060.4	-0	0	0	0	0	2.19179	-0.0866689	0.0535374	0.0835	6.04391e-05	0.00157475	0	0.00111125	0.0137345	0	-1.95593	1.51095	0	0	0	0.142717	0	0	-0.272054	1602.54	-62.588	-1601.31	-0	0	0	0	0	2.34394	-0.0803069	0.865115	-0.0835	-0.000141017	0.00163773	0	-0.000316083	0.0153796	0	-0.360332	-0.291985	0	0	0	0.322037	0	0	-1.18904	1713.78	142.458	-1707.85	-0	0	0	0	0	2.83992	-0.0168966	0.476254	-0.0835	-0.000251533	0.00198829	0	-0.0018069	0.0221437	0	-1.1538	-0.823788	0	0	0	-0.324587	0	0	1.22178	2076.42	257.417	-2060.4	-0	0	0	0	0	2.19179	-0.0866689	0.0535374	-0.0835	6.04391e-05	0.00157475	0	0.00111125	0.0137345	0	-1.95593	1.51095	0	0	0	0.142717	0	0	-0.272054	1602.54	-62.588	-1601.31	-0	0	0	0	0	0.394832	-0.0861738	1.01363	0	7.13766e-06	-0.000349969	0	-0.000168523	0.0103628	0	0.178849	-0.114389	0	0	0	-0.0132827	0	0	-0.315149	288.682	-6.13994	288.617	-0	25.5508	0	0	25.5508	0.0405445	-0.0578439	0.963995	1.99931e-10	-0.0161951	-0.0690659	0	-1.20704	-5.14758	0	-4.07615e-10	2.26992e-10	-0.418814	-0.0539809	0.392922	0	-39.4683	287.286	0	25.9281	3.56208	2.55716	0.0092704	-0.00268812	-0.0902517	-0.0539809	0.392922	0	-39.4683	287.286	0	-25.9281	-3.56208	2.55716	0.0092704	-0.00268812	0.0902517
0.03	-0.156441	0.390109	-0.0688467	0.081575	0.928035	-0.0682271	0.309229	-1.33287	-0.310551	1.51231	0.140887	-0.138368	0.309229	-1.33287	-0.310551	1.51231	0.140887	-0.138368	0	1	0	0	0	0	1	0	0	0	0	0	0	0	0	0	-0.0688467	0.928035	0	0.996942	0	0	-0.0781407	0.081575	-0.0682271	0	0	0	0.390109	-0.0534217	0.696515	0.0835	0.997083	0	0	0.0763196	-0.0524754	-0.08121	0	0	0	-0.942765	-0.0486115	0.290944	0.0835	0.99689	0	0	-0.0787998	-0.156948	-0.1135	0	0	0	0.569545	-0.0357304	0.0395777	0.09142	0.999964	0	0	-0.00843801	-0.0113241	-0.0976035	0	0	0	0.431177	-0.0534217	0.696515	-0.0835	0.997083	0	0	0.0763196	-0.0524754	-0.08121	0	0	0	-0.942765	-0.0486115	0.290944	-0.0835	0.99689	0	0	-0.0787998	-0.156948	-0.1135	0	0	0	0.569545	-0.0357304	0.0395777	-0.09142	0.999964	0	0	-0.00843801	-0.0113241	-0.0976035	0	0	0	0.431177	-0.06054	1.33331	0	0.996302	0	0	-0.0859232	-0.0193701	-0.0727673	0	0	0	0.214091	0.3	0.0884685	0.3	0.123698	0.3	0.125969	0.3	0.0990672	0.3	0.0679967	0.3	0.0563954	0.3	0.0475847	0.3	0.049742	0.3	0.0884685	0.3	0.123698	0.3	0.125969	0.3	0.0990672	0.3	0.0679967	0.3	0.0563954	0.3	0.0475847	0.3	0.049742	0.3	0.0550191	0.3	0.0550191	0.3	0.3	0.90644	-0.928099	0.014926	0.177109	-0.0928099	-0.0905825	0.3	0.3	1.12147	0.176785	0.0234449	0.330316	0.0176785	0.0194994	0.3	0.3	0.802864	-0.448365	0.0155459	0.18698	-0.0448365	-0.0703484	0.3	0.3	0.929336	0.223178	0.0228393	0.318175	0.0223178	0.0237908	0.3	0.3	0.724889	-0.696018	0.0133423	0.152803	-0.0696018	-0.0528277	0.3	0.3	0.68476	-0.79586	0.0122929	0.137418	-0.079586	-0.0790288	0.3	0.3	1.10579	-0.877473	0.016278	0.198895	-0.0877473	-0.0447511	0.3	0.3	1.08147	-0.730029	0.0157544	0.190345	-0.0730029	-0.0321213	0.3	0.3	0.728287	0.00772369	0.0178198	0.224904	0.000772369	0.000527528	0.3	0.3	0.90644	-0.928099	0.014926	0.177109	-0.0928099	-0.0905825	0.3	0.3	1.12147	0.176785	0.0234449	0.330316	0.0176785	0.0194994	0.3	0.3	0.802864	-0.448365	0.0155459	0.18698	-0.0448365	-0.0703484	0.3	0.3	0.929336	0.223178	0.0228393	0.318175	0.0223178	0.0237908	0.3	0.3	0.724889	-0.696018	0.0133423	0.152803	-0.0696018	-0.0528277	0.3	0.3	0.68476	-0.79586	0.0122929	0.137418	-0.079586	-0.0790288	0.3	0.3	1.10579	-0.877473	0.016278	0.198895	-0.0877473	-0.0447511	0.3	0.3	1.08147	-0.730029	0.0157544	0.190345	-0.0730029	-0.0321213	0.3	0.3	0.728287	0.00772369	0.0178198	0.224904	0.000772369	0.000527528	0	0	0	0	0	0	0	0	0	0	0	0	0	0	0	0	0	0	-0.0688467	0.928035	0	0.081575	-0.0682271	0	-0.0688467	0.928035	0	0.081575	-0.0682271	0	0	0	-0.156441	0	0	0.390109	-0.0534217	0.696515	0.0835	-0.0524754	-0.08121	0	-0.0534217	0.696515	0.0835	-0.0524754	-0.08121	0	0	0	0.152788	0	0	-0.942765	-0.0486115	0.290944	0.0835	-0.156948	-0.1135	0	-0.0486115	0.290944	0.0835	-0.156948	-0.1135	0	0	0	-0.157763	0	0	0.569545	-0.0357304	0.0395777	0.09142	-0.0113241	-0.0976035	0	-0.0357304	0.0395777	0.09142	-0.0113241	-0.0976035	0	0	0	-0.0168762	0	0	0.431177	-0.0534217	0.696515	-0.0835	-0.0524754	-0.08121	0	-0.0534217	0.696515	-0.0835	-0.0524754	-0.08121	0	0	0	0.152788	0	0	-0.942765	-0.0486115	0.290944	-0.0835	-0.156948	-0.1135	0	-0.0486115	0.290944	-0.0835	-0.156948	-0.1135	0	0	0	-0.157763	0	0	0.569545	-0.0357304	0.0395777	-0.09142	-0.0113241	-0.0976035	0	-0.0357304	0.0395777	-0.09142	-0.0113241	-0.0976035	0	0	0	-0.0168762	0	0	0.431177	-0.06054	1.33331	0	-0.0193701	-0.0727673	0	-0.06054	1.33331	0	-0.0193701	-0.0727673	0	0	0	-0.172059	0	0	0.214091	2.55596	-0.0792947	0.864534	0.0835	-0.000149429	0.00179206	0	-0.00111865	0.0154269	0	-0.00637126	-0.178881	0	0	0	0.309228	0	0	-1.33287	1868.79	154.529	-1862.39	-0	0	0	0	0	3.07341	-0.0192791	0.475326	0.0835	-0.000253284	0.00217837	0	0.0010972	0.0168428	0	0.216604	-0.286217	0	0	0	-0.310551	0	0	1.51231	2247.13	249.712	-2233.22	-0	0	0	0	0	2.40374	-0.0867515	0.0523906	0.0835	8.47876e-05	0.00172484	0	0.00324949	0.0156686	0	0.21578	-0.459564	0	0	0	0.140885	0	0	-0.138368	1757.5	-91.0712	-1755.14	-0	0	0	0	0	2.55596	-0.0792947	0.864534	-0.0835	-0.000149429	0.00179206	0	-0.00111865	0.0154269	0	-0.00637126	-0.178881	0	0	0	0.309228	0	0	-1.33287	1868.79	154.529	-1862.39	-0	0	0	0	0	3.07341	-0.0192791	0.475326	-0.0835	-0.000253284	0.00217837	0	0.0010972	0.0168428	0	0.216604	-0.286217	0	0	0	-0.310551	0	0	1.51231	2247.13	249.712	-2233.22	-0	0	0	0	0	2.40374	-0.0867515	0.0523906	-0.0835	8.47876e-05	0.00172484	0	0.00324949	0.0156686	0	0.21578	-0.459564	0	0	0	0.140885	0	0	-0.138368	1757.5	-91.0712	-1755.14	-0	0	0	0	0	0.452819	-0.0857704	1.0129	0	1.19433e-05	-0.00031089	0	0.000880983	-0.00333504	0	0.0496089	-1.19027	0	0	0	-0.015625	0	0	-0.176018	331.08	-17.159	330.635	-0	20.2147	0	0	20.2147	0.0395777	-0.0580569	0.963232	1.99931e-10	-0.0250998	-0.0790427	0	-1.87072	-5.89116	0	1.36456e-09	2.92656e-09	-0.670663	-0.031024	0.514714	0	-22.6833	376.335	0	33.7875	2.03652	-2.60072	-0.00673244	-0.0029569	-0.0897804	-0.031024	0.514714	0	-22.6833	376.335	0	-33.7875	-2.03652	-2.60072	-0.00673244	-0.0029569	0.0897804
0.04	-0.152687	0.366281	-0.0680337	0.0786326	0.927427	-0.0512402	0.295992	-1.29289	-0.295331	1.49002	0.139316	-0.187322	0.295992	-1.29289	-0.295331	1.49002	0.139316	-0.187322	0	1	0	0	0	0	1	0	0	0	0	0	0	0	0	0	-0.0680337	0.927427	0	0.997087	0	0	-0.0762694	0.0786326	-0.0512402	0	0	0	0.366281	-0.0539689	0.69577	0.0835	0.997434	0	0	0.0715912	-0.0542598	-0.0652134	0	0	0	-0.926606	-0.0502058	0.289873	0.0835	0.997112	0	0	-0.07594	-0.155983	-0.0967009	0	0	0	0.563416	-0.0358669	0.0386528	0.09142	0.99998	0	0	-0.0063553	-0.0136772	-0.0849504	0	0	0	0.376094	-0.0539689	0.69577	-0.0835	0.997434	0	0	0.0715912	-0.0542598	-0.0652134	0	0	0	-0.926606	-0.0502058	0.289873	-0.0835	0.997112	0	0	-0.07594	-0.155983	-0.0967009	0	0	0	0.563416	-0.0358669	0.0386528	-0.09142	0.99998	0	0	-0.0063553	-0.0136772	-0.0849504	0	0	0	0.376094	-0.0607654	1.33263	0	0.996399	0	0	-0.0847905	-0.0259262	-0.0599321	0	0	0	0.232019	0.3	0.0876262	0.3	0.123947	0.3	0.125264	0.3	0.099366	0.3	0.0672022	0.3	0.0559925	0.3	0.0472847	0.3	0.0497385	0.3	0.0876262	0.3	0.123947	0.3	0.125264	0.3	0.099366	0.3	0.0672022	0.3	0.0559925	0.3	0.0472847	0.3	0.0497385	0.3	0.0545418	0.3	0.0545418	0.3	0.3	0.89781	-0.797649	0.0156385	0.188474	-0.0797649	-0.0778506	0.3	0.3	1.12373	0.257522	0.0239817	0.341239	0.0257522	0.0284047	0.3	0.3	0.798371	-0.43943	0.0155075	0.186363	-0.043943	-0.0689465	0.3	0.3	0.932139	0.325315	0.0234952	0.331336	0.0325315	0.0346786	0.3	0.3	0.7186	-0.562575	0.0138706	0.160766	-0.0562575	-0.0426994	0.3	0.3	0.67676	-0.792508	0.0120678	0.134193	-0.0792508	-0.0786961	0.3	0.3	1.09789	-0.703444	0.0172169	0.214587	-0.0703444	-0.0358757	0.3	0.3	1.07465	-0.635526	0.0162398	0.198269	-0.0635526	-0.0279632	0.3	0.3	0.728235	-0.0134554	0.0176778	0.222457	-0.00134554	-0.000919005	0.3	0.3	0.89781	-0.797649	0.0156385	0.188474	-0.0797649	-0.0778506	0.3	0.3	1.12373	0.257522	0.0239817	0.341239	0.0257522	0.0284047	0.3	0.3	0.798371	-0.43943	0.0155075	0.186363	-0.043943	-0.0689465	0.3	0.3	0.932139	0.325315	0.0234952	0.331336	0.0325315	0.0346786	0.3	0.3	0.7186	-0.562575	0.0138706	0.160766	-0.0562575	-0.0426994	0.3	0.3	0.67676	-0.792508	0.0120678	0.134193	-0.0792508	-0.0786961	0.3	0.3	1.09789	-0.703444	0.0172169	0.214587	-0.0703444	-0.0358757	0.3	0.3	1.07465	-0.635526	0.0162398	0.198269	-0.0635526	-0.0279632	0.3	0.3	0.728235	-0.0134554	0.0176778	0.222457	-0.00134554	-0.000919005	0	0	0	0	0	0	0	0	0	0	0	0	0	0	0	0	0	0	-0.0680337	0.927427	0	0.0786326	-0.0512402	0	-0.0680337	0.927427	0	0.0786326	-0.0512402	0	0	0	-0.152687	0	0	0.366281	-0.0539689	0.69577	0.0835	-0.0542598	-0.0652134	0	-0.0539689	0.69577	0.0835	-0.0542598	-0.0652134	0	0	0	0.143305	0	0	-0.926606	-0.0502058	0.289873	0.0835	-0.155983	-0.0967009	0	-0.0502058	0.289873	0.0835	-0.155983	-0.0967009	0	0	0	-0.152026	0	0	0.563416	-0.0358669	0.0386528	0.09142	-0.0136772	-0.0849504	0	-0.0358669	0.0386528	0.09142	-0.0136772	-0.0849504	0	0	0	-0.0127107	0	0	0.376094	-0.0539689	0.69577	-0.0835	-0.0542598	-0.0652134	0	-0.0539689	0.69577	-0.0835	-0.0542598	-0.0652134	0	0	0	0.143305	0	0	-0.926606	-0.0502058	0.289873	-0.0835	-0.155983	-0.0967009	0	-0.0502058	0.289873	-0.0835	-0.155983	-0.0967009	0	0	0	-0.152026	0	0	0.563416	-0.0358669	0.0386528	-0.09142	-0.0136772	-0.0849504	0	-0.0358669	0.0386528	-0.09142	-0.0136772	-0.0849504	0	0	0	-0.0127107	0	0	0.376094	-0.0607654	1.33263	0	-0.0259262	-0.0599321	0	-0.0607654	1.33263	0	-0.0259262	-0.0599321	0	0	0	-0.169785	0	0	0.232019	2.727	-0.0782474	0.864028	0.0835	-0.00016024	0.00193141	0	-0.00091362	0.0122059	0	-0.0649654	-0.376385	0	0	0	0.295991	0	0	-1.29289	1993.85	164.405	-1987.07	-0	0	0	0	0	3.27091	-0.0219317	0.47442	0.0835	-0.000239005	0.00233334	0	0.00156718	0.0143498	0	-1.24267	-0.448986	0	0	0	-0.295332	0	0	1.49002	2391.54	233.902	-2380.07	-0	0	0	0	0	2.60212	-0.0869409	0.051253	0.0835	0.000110611	0.00187337	0	0.0020684	0.0133014	0	-2.49502	2.65651	0	0	0	0.139314	0	0	-0.187322	1902.55	-114.611	-1899.1	-0	0	0	0	0	2.727	-0.0782474	0.864028	-0.0835	-0.00016024	0.00193141	0	-0.00091362	0.0122059	0	-0.0649654	-0.376385	0	0	0	0.295991	0	0	-1.29289	1993.85	164.405	-1987.07	-0	0	0	0	0	3.27091	-0.0219317	0.47442	-0.0835	-0.000239005	0.00233334	0	0.00156718	0.0143498	0	-1.24267	-0.448986	0	0	0	-0.295332	0	0	1.49002	2391.54	233.902	-2380.07	-0	0	0	0	0	2.60212	-0.0869409	0.051253	-0.0835	0.000110611	0.00187337	0	0.0020684	0.0133014	0	-2.49502	2.65651	0	0	0	0.139314	0	0	-0.187322	1902.55	-114.611	-1899.1	-0	0	0	0	0	0.585671	-0.0852672	1.01216	0	2.18153e-05	-0.000379629	0	0.000971831	-0.00805645	0	-0.0282929	0.0805814	0	0	0	-0.0170969	0	0	-0.134262	428.215	-27.5689	427.327	-0	18.9085	0	0	18.9085	0.0386528	-0.0583318	0.962498	1.99931e-10	-0.0290046	-0.0643741	0	-2.16176	-4.79789	0	-3.2042e-09	-5.17764e-09	-0.5705	-0.0114748	0.636558	0	-8.38981	465.421	0	41.6321	0.750471	-8.41948	-0.0180308	-0.00328751	-0.0894502	-0.0114748	0.636558	0	-8.38981	465.421	0	-41.6321	-0.750471	-8.41948	-0.0180308	-0.00328751	0.0894502
0.05	-0.149034	0.368008	-0.0673038	0.067785	0.927083	-0.0171225	0.283654	-1.18014	-0.281291	1.32056	0.136799	-0.314213	0.283654	-1.18014	-0.281291	1.32056	0.136799	-0.314213	0	1	0	0	0	0	1	0	0	0	0	0	0	0	0	0	-0.0673038	0.927083	0	0.997225	0	0	-0.0744478	0.067785	-0.0171225	0	0	0	0.368008	-0.0544686	0.695287	0.0835	0.997735	0	0	0.0672595	-0.0453096	-0.0308225	0	0	0	-0.812135	-0.0516492	0.2891	0.0835	0.997312	0	0	-0.0732695	-0.132574	-0.0577031	0	0	0	0.508423	-0.0359769	0.037947	0.09142	0.999988	0	0	-0.00493575	-0.00783763	-0.0561805	0	0	0	0.194211	-0.0544686	0.695287	-0.0835	0.997735	0	0	0.0672595	-0.0453096	-0.0308225	0	0	0	-0.812135	-0.0516492	0.2891	-0.0835	0.997312	0	0	-0.0732695	-0.132574	-0.0577031	0	0	0	0.508423	-0.0359769	0.037947	-0.09142	0.999988	0	0	-0.00493575	-0.00783763	-0.0561805	0	0	0	0.194211	-0.0610705	1.33221	0	0.996495	0	0	-0.0836525	-0.0348641	-0.0241914	0	0	0	0.224424	0.3	0.0868983	0.3	0.124233	0.3	0.124607	0.3	0.0997307	0.3	0.066444	0.3	0.055666	0.3	0.0470192	0.3	0.0497332	0.3	0.0868983	0.3	0.124233	0.3	0.124607	0.3	0.0997307	0.3	0.066444	0.3	0.055666	0.3	0.0470192	0.3	0.0497332	0.3	0.0541551	0.3	0.0541551	0.3	0.3	0.890351	-0.690611	0.0162318	0.198137	-0.0690611	-0.0674036	0.3	0.3	1.12632	0.253498	0.0239778	0.341161	0.0253498	0.0279609	0.3	0.3	0.794183	-0.392518	0.0156949	0.189382	-0.0392518	-0.061586	0.3	0.3	0.93556	0.352167	0.0236767	0.335013	0.0352167	0.0375409	0.3	0.3	0.713505	-0.451355	0.0143152	0.167579	-0.0451355	-0.0342578	0.3	0.3	0.669124	-0.720369	0.0121683	0.13563	-0.0720369	-0.0715326	0.3	0.3	1.09149	-0.576672	0.0179417	0.227014	-0.0576672	-0.0294103	0.3	0.3	1.06862	-0.572161	0.0165658	0.203657	-0.0572161	-0.0251751	0.3	0.3	0.728158	0.00631566	0.0178056	0.224659	0.000631566	0.00043136	0.3	0.3	0.890351	-0.690611	0.0162318	0.198137	-0.0690611	-0.0674036	0.3	0.3	1.12632	0.253498	0.0239778	0.341161	0.0253498	0.0279609	0.3	0.3	0.794183	-0.392518	0.0156949	0.189382	-0.0392518	-0.061586	0.3	0.3	0.93556	0.352167	0.0236767	0.335013	0.0352167	0.0375409	0.3	0.3	0.713505	-0.451355	0.0143152	0.167579	-0.0451355	-0.0342578	0.3	0.3	0.669124	-0.720369	0.0121683	0.13563	-0.0720369	-0.0715326	0.3	0.3	1.09149	-0.576672	0.0179417	0.227014	-0.0576672	-0.0294103	0.3	0.3	1.06862	-0.572161	0.0165658	0.203657	-0.0572161	-0.0251751	0.3	0.3	0.728158	0.00631566	0.0178056	0.224659	0.000631566	0.00043136	0	0	0	0	0	0	0	0	0	0	0	0	0	0	0	0	0	0	-0.0673038	0.927083	0	0.067785	-0.0171225	0	-0.0673038	0.927083	0	0.067785	-0.0171225	0	0	0	-0.149034	0	0	0.368008	-0.0544686	0.695287	0.0835	-0.0453096	-0.0308225	0	-0.0544686	0.695287	0.0835	-0.0453096	-0.0308225	0	0	0	0.134621	0	0	-0.812135	-0.0516492	0.2891	0.0835	-0.132574	-0.0577031	0	-0.0516492	0.2891	0.0835	-0.132574	-0.0577031	0	0	0	-0.14667	0	0	0.508423	-0.0359769	0.037947	0.09142	-0.00783763	-0.0561805	0	-0.0359769	0.037947	0.09142	-0.00783763	-0.0561805	0	0	0	-0.00987155	0	0	0.194211	-0.0544686	0.695287	-0.0835	-0.0453096	-0.0308225	0	-0.0544686	0.695287	-0.0835	-0.0453096	-0.0308225	0	0	0	0.134621	0	0	-0.812135	-0.0516492	0.2891	-0.0835	-0.132574	-0.0577031	0	-0.0516492	0.2891	-0.0835	-0.132574	-0.0577031	0	0	0	-0.14667	0	0	0.508423	-0.0359769	0.037947	-0.09142	-0.00783763	-0.0561805	0	-0.0359769	0.037947	-0.09142	-0.00783763	-0.0561805	0	0	0	-0.00987155	0	0	0.194211	-0.0610705	1.33221	0	-0.0348641	-0.0241914	0	-0.0610705	1.33221	0	-0.0348641	-0.0241914	0	0	0	-0.167501	0	0	0.224424	2.84333	-0.077285	0.863749	0.0835	-0.000166483	0.00203362	0	-0.000336416	0.00844191	0	0.134463	-0.297882	0	0	0	0.283654	0	0	-1.18014	2078.91	168.017	-2072.11	-0	0	0	0	0	3.43525	-0.0243639	0.473795	0.0835	-0.000227777	0.0024637	0	0.000714466	0.011626	0	1.10836	-0.293015	0	0	0	-0.28129	0	0	1.32056	2511.69	225.451	-2501.56	-0	0	0	0	0	2.75189	-0.0870865	0.0504021	0.0835	0.000119835	0.00198978	0	-5.42458e-05	0.0096746	0	2.26491	-2.15013	0	0	0	0.136799	0	0	-0.314213	2012.06	-119.73	-2008.49	-0	0	0	0	0	2.84333	-0.077285	0.863749	-0.0835	-0.000166483	0.00203362	0	-0.000336416	0.00844191	0	0.134463	-0.297882	0	0	0	0.283654	0	0	-1.18014	2078.91	168.017	-2072.11	-0	0	0	0	0	3.43525	-0.0243639	0.473795	-0.0835	-0.000227777	0.0024637	0	0.000714466	0.011626	0	1.10836	-0.293015	0	0	0	-0.28129	0	0	1.32056	2511.69	225.451	-2501.56	-0	0	0	0	0	2.75189	-0.0870865	0.0504021	-0.0835	0.000119835	0.00198978	0	-5.42458e-05	0.0096746	0	2.26491	-2.15013	0	0	0	0.136799	0	0	-0.314213	2012.06	-119.73	-2008.49	-0	0	0	0	0	0.666542	-0.0848403	1.01168	0	2.96459e-05	-0.000451058	0	0.000583459	-0.00593896	0	-0.000243902	0.339616	0	0	0	-0.0184517	0	0	-0.143584	487.344	-33.1002	486.219	-0	21.2	0	0	21.2	0.037947	-0.0586286	0.962028	1.99931e-10	-0.0300657	-0.0291366	0	-2.24084	-2.17159	0	-1.6559e-10	3.7311e-09	-0.272723	-0.00141751	0.718011	0	-1.03642	524.976	0	46.8846	0.0925603	-12.0428	-0.0229326	-0.00359127	-0.089308	-0.00141751	0.718011	0	-1.03642	524.976	0	-46.8846	-0.0925603	-12.0428	-0.0229326	-0.00359127	0.089308
0.06	-0.145259	0.388546	-0.0666696	0.0604758	0.927139	0.0280172	0.272283	-1.10925	-0.268863	1.18687	0.132913	-0.465795	0.272283	-1.10925	-0.268863	1.18687	0.132913	-0.465795	0	1	0	0	0	0	1	0	0	0	0	0	0	0	0	0	-0.0666696	0.927139	0	0.997364	0	0	-0.0725658	0.0604758	0.0280172	0	0	0	0.388546	-0.0548683	0.695206	0.0835	0.997984	0	0	0.063469	-0.0354143	0.0139097	0	0	0	-0.720699	-0.0528522	0.288763	0.0835	0.997486	0	0	-0.0708604	-0.110312	-0.0112249	0	0	0	0.466166	-0.0360096	0.0375594	0.09142	0.99999	0	0	-0.00446332	0.000903952	-0.0223354	0	0	0	0.000371521	-0.0548683	0.695206	-0.0835	0.997984	0	0	0.063469	-0.0354143	0.0139097	0	0	0	-0.720699	-0.0528522	0.288763	-0.0835	0.997486	0	0	-0.0708604	-0.110312	-0.0112249	0	0	0	0.466166	-0.0360096	0.0375594	-0.09142	0.99999	0	0	-0.00446332	0.000903952	-0.0223354	0	0	0	0.000371521	-0.0614702	1.33221	0	0.996588	0	0	-0.0825383	-0.0448256	0.0237553	0	0	0	0.226099	0.3	0.0862686	0.3	0.124505	0.3	0.124025	0.3	0.100108	0.3	0.0657743	0.3	0.0553958	0.3	0.0467768	0.3	0.0497545	0.3	0.0862686	0.3	0.124505	0.3	0.124025	0.3	0.100108	0.3	0.0657743	0.3	0.0553958	0.3	0.0467768	0.3	0.0497545	0.3	0.0538516	0.3	0.0538516	0.3	0.3	0.883899	-0.598974	0.0167473	0.206682	-0.0598974	-0.0584598	0.3	0.3	1.12879	0.242515	0.0239307	0.340194	0.0242515	0.0267494	0.3	0.3	0.79047	-0.35118	0.0158583	0.192031	-0.035118	-0.0551002	0.3	0.3	0.939097	0.35508	0.0237195	0.335886	0.035508	0.0378515	0.3	0.3	0.709507	-0.345528	0.0147646	0.174572	-0.0345528	-0.0262256	0.3	0.3	0.66238	-0.626178	0.0123869	0.138774	-0.0626178	-0.0621795	0.3	0.3	1.08619	-0.484246	0.0184921	0.236632	-0.0484246	-0.0246965	0.3	0.3	1.06311	-0.531999	0.0167648	0.206975	-0.0531999	-0.023408	0.3	0.3	0.72847	0.0642247	0.0182158	0.231787	0.00642247	0.00438655	0.3	0.3	0.883899	-0.598974	0.0167473	0.206682	-0.0598974	-0.0584598	0.3	0.3	1.12879	0.242515	0.0239307	0.340194	0.0242515	0.0267494	0.3	0.3	0.79047	-0.35118	0.0158583	0.192031	-0.035118	-0.0551002	0.3	0.3	0.939097	0.35508	0.0237195	0.335886	0.035508	0.0378515	0.3	0.3	0.709507	-0.345528	0.0147646	0.174572	-0.0345528	-0.0262256	0.3	0.3	0.66238	-0.626178	0.0123869	0.138774	-0.0626178	-0.0621795	0.3	0.3	1.08619	-0.484246	0.0184921	0.236632	-0.0484246	-0.0246965	0.3	0.3	1.06311	-0.531999	0.0167648	0.206975	-0.0531999	-0.023408	0.3	0.3	0.72847	0.0642247	0.0182158	0.231787	0.00642247	0.00438655	0	0	0	0	0	0	0	0	0	0	0	0	0	0	0	0	0	0	-0.0666696	0.927139	0	0.0604758	0.0280172	0	-0.0666696	0.927139	0	0.0604758	0.0280172	0	0	0	-0.145259	0	0	0.388546	-0.0548683	0.695206	0.0835	-0.0354143	0.0139097	0	-0.0548683	0.695206	0.0835	-0.0354143	0.0139097	0	0	0	0.127023	0	0	-0.720699	-0.0528522	0.288763	0.0835	-0.110312	-0.0112249	0	-0.0528522	0.288763	0.0835	-0.110312	-0.0112249	0	0	0	-0.14184	0	0	0.466166	-0.0360096	0.0375594	0.09142	0.000903952	-0.0223354	0	-0.0360096	0.0375594	0.09142	0.000903952	-0.0223354	0	0	0	-0.00892667	0	0	0.000371521	-0.0548683	0.695206	-0.0835	-0.0354143	0.0139097	0	-0.0548683	0.695206	-0.0835	-0.0354143	0.0139097	0	0	0	0.127023	0	0	-0.720699	-0.0528522	0.288763	-0.0835	-0.110312	-0.0112249	0	-0.0528522	0.288763	-0.0835	-0.110312	-0.0112249	0	0	0	-0.14184	0	0	0.466166	-0.0360096	0.0375594	-0.09142	0.000903952	-0.0223354	0	-0.0360096	0.0375594	-0.09142	0.000903952	-0.0223354	0	0	0	-0.00892667	0	0	0.000371521	-0.0614702	1.33221	0	-0.0448256	0.0237553	0	-0.0614702	1.33221	0	-0.0448256	0.0237553	0	0	0	-0.165265	0	0	0.226099	2.91384	-0.0764043	0.863836	0.0835	-0.000166759	0.00210062	0	0.000229314	0.00513105	0	0.0670837	-0.300552	0	0	0	0.272281	0	0	-1.10925	2130.47	165.713	-2124.01	-0	0	0	0	0	3.55046	-0.0264595	0.473588	0.0835	-0.000221282	0.00256121	0	0.000508472	0.00780251	0	0.165913	-0.40183	0	0	0	-0.268863	0	0	1.18687	2595.93	219.627	-2586.62	-0	0	0	0	0	2.83516	-0.0871308	0.0499662	0.0835	0.000115395	0.00206035	0	-0.0010676	0.00490389	0	0.393416	-0.718414	0	0	0	0.132912	0	0	-0.465795	2072.94	-113.33	-2069.84	-0	0	0	0	0	2.91384	-0.0764043	0.863836	-0.0835	-0.000166759	0.00210062	0	0.000229314	0.00513105	0	0.0670837	-0.300552	0	0	0	0.272281	0	0	-1.10925	2130.47	165.713	-2124.01	-0	0	0	0	0	3.55046	-0.0264595	0.473588	-0.0835	-0.000221282	0.00256121	0	0.000508472	0.00780251	0	0.165913	-0.40183	0	0	0	-0.268863	0	0	1.18687	2595.93	219.627	-2586.62	-0	0	0	0	0	2.83516	-0.0871308	0.0499662	-0.0835	0.000115395	0.00206035	0	-0.0010676	0.00490389	0	0.393416	-0.718414	0	0	0	0.132912	0	0	-0.465795	2072.94	-113.33	-2069.84	-0	0	0	0	0	0.696792	-0.0845232	1.01163	0	3.34308e-05	-0.00049334	0	0.000200804	-0.00252416	0	-0.0313593	0.358053	0	0	0	-0.0199898	0	0	-0.162447	509.462	-34.6196	508.284	-0	24.6688	0	0	24.6688	0.0375594	-0.0589325	0.96197	1.99931e-10	-0.0308187	0.0169452	0	-2.29696	1.26295	0	-7.0226e-11	-2.46143e-10	0.053586	-0.00587841	0.74354	0	-4.29802	543.642	0	48.5476	0.383816	-12.6292	-0.0232008	-0.00377776	-0.0893007	-0.00587841	0.74354	0	-4.29802	543.642	0	-48.5476	-0.383816	-12.6292	-0.0232008	-0.00377776	0.0893007
0.07	-0.141215	0.420515	-0.0660673	0.0614358	0.927662	0.0743454	0.261166	-1.12983	-0.257142	1.18177	0.127395	-0.633277	0.261166	-1.12983	-0.257142	1.18177	0.127395	-0.633277	0	1	0	0	0	0	1	0	0	0	0	0	0	0	0	0	-0.0660673	0.927662	0	0.997508	0	0	-0.0705489	0.0614358	0.0743454	0	0	0	0.420515	-0.0551902	0.695579	0.0835	0.998202	0	0	0.0599394	-0.0301353	0.0585357	0	0	0	-0.709317	-0.053895	0.288876	0.0835	0.997648	0	0	-0.0685417	-0.101204	0.0310116	0	0	0	0.472455	-0.0359573	0.0374999	0.09142	0.999988	0	0	-0.00489801	0.00892837	0.00832445	0	0	0	-0.160822	-0.0551902	0.695579	-0.0835	0.998202	0	0	0.0599394	-0.0301353	0.0585357	0	0	0	-0.709317	-0.053895	0.288876	-0.0835	0.997648	0	0	-0.0685417	-0.101204	0.0310116	0	0	0	0.472455	-0.0359573	0.0374999	-0.09142	0.999988	0	0	-0.00489801	0.00892837	0.00832445	0	0	0	-0.160822	-0.0619706	1.3327	0	0.996685	0	0	-0.0813572	-0.0548798	0.0730744	0	0	0	0.251338	0.3	0.085722	0.3	0.124778	0.3	0.123491	0.3	0.100491	0.3	0.0651889	0.3	0.0551671	0.3	0.046547	0.3	0.0498275	0.3	0.085722	0.3	0.124778	0.3	0.123491	0.3	0.100491	0.3	0.0651889	0.3	0.0551671	0.3	0.046547	0.3	0.0498275	0.3	0.0536268	0.3	0.0536268	0.3	0.3	0.878299	-0.520853	0.0171918	0.214161	-0.0520853	-0.0508352	0.3	0.3	1.13126	0.259134	0.0240536	0.342713	0.0259134	0.0285825	0.3	0.3	0.787068	-0.333811	0.0158851	0.192467	-0.0333811	-0.052375	0.3	0.3	0.942696	0.368591	0.0238209	0.337954	0.0368591	0.0392918	0.3	0.3	0.706545	-0.244827	0.0152225	0.181807	-0.0244827	-0.0185824	0.3	0.3	0.656484	-0.55835	0.0124963	0.140355	-0.055835	-0.0554442	0.3	0.3	1.08171	-0.412632	0.0189326	0.244448	-0.0412632	-0.0210442	0.3	0.3	1.05789	-0.516257	0.0168203	0.207903	-0.0516257	-0.0227153	0.3	0.3	0.729539	0.157681	0.0188444	0.242875	0.0157681	0.0107696	0.3	0.3	0.878299	-0.520853	0.0171918	0.214161	-0.0520853	-0.0508352	0.3	0.3	1.13126	0.259134	0.0240536	0.342713	0.0259134	0.0285825	0.3	0.3	0.787068	-0.333811	0.0158851	0.192467	-0.0333811	-0.052375	0.3	0.3	0.942696	0.368591	0.0238209	0.337954	0.0368591	0.0392918	0.3	0.3	0.706545	-0.244827	0.0152225	0.181807	-0.0244827	-0.0185824	0.3	0.3	0.656484	-0.55835	0.0124963	0.140355	-0.055835	-0.0554442	0.3	0.3	1.08171	-0.412632	0.0189326	0.244448	-0.0412632	-0.0210442	0.3	0.3	1.05789	-0.516257	0.0168203	0.207903	-0.0516257	-0.0227153	0.3	0.3	0.729539	0.157681	0.0188444	0.242875	0.0157681	0.0107696	0	0	0	0	0	0	0	0	0	0	0	0	0	0	0	0	0	0	-0.0660673	0.927662	0	0.0614358	0.0743454	0	-0.0660673	0.927662	0	0.0614358	0.0743454	0	0	0	-0.141215	0	0	0.420515	-0.0551902	0.695579	0.0835	-0.0301353	0.0585357	0	-0.0551902	0.695579	0.0835	-0.0301353	0.0585357	0	0	0	0.119951	0	0	-0.709317	-0.053895	0.288876	0.0835	-0.101204	0.0310116	0	-0.053895	0.288876	0.0835	-0.101204	0.0310116	0	0	0	-0.137191	0	0	0.472455	-0.0359573	0.0374999	0.09142	0.00892837	0.00832445	0	-0.0359573	0.0374999	0.09142	0.00892837	0.00832445	0	0	0	-0.00979605	0	0	-0.160822	-0.0551902	0.695579	-0.0835	-0.0301353	0.0585357	0	-0.0551902	0.695579	-0.0835	-0.0301353	0.0585357	0	0	0	0.119951	0	0	-0.709317	-0.053895	0.288876	-0.0835	-0.101204	0.0310116	0	-0.053895	0.288876	-0.0835	-0.101204	0.0310116	0	0	0	-0.137191	0	0	0.472455	-0.0359573	0.0374999	-0.09142	0.00892837	0.00832445	0	-0.0359573	0.0374999	-0.09142	0.00892837	0.00832445	0	0	0	-0.00979605	0	0	-0.160822	-0.0619706	1.3327	0	-0.0548798	0.0730744	0	-0.0619706	1.3327	0	-0.0548798	0.0730744	0	0	0	-0.162894	0	0	0.251338	2.94808	-0.0755329	0.864358	0.0835	-0.000162259	0.00213805	0	0.000627041	0.00253195	0	0.0474967	-0.236867	0	0	0	0.261165	0	0	-1.12983	2155.49	159.4	-2149.59	-0	0	0	0	0	3.60961	-0.0283618	0.473822	0.0835	-0.000215473	0.00261843	0	0.000706375	0.00372188	0	0.187399	-0.317023	0	0	0	-0.257141	0	0	1.18177	2639.18	213.172	-2630.55	-0	0	0	0	0	2.86393	-0.0870677	0.0499512	0.0835	0.000101238	0.00208926	0	-0.00173305	0.00125296	0	0.274715	-0.646579	0	0	0	0.127393	0	0	-0.633277	2093.97	-97.8873	-2091.68	-0	0	0	0	0	2.94808	-0.0755329	0.864358	-0.0835	-0.000162259	0.00213805	0	0.000627041	0.00253195	0	0.0474967	-0.236867	0	0	0	0.261165	0	0	-1.12983	2155.49	159.4	-2149.59	-0	0	0	0	0	3.60961	-0.0283618	0.473822	-0.0835	-0.000215473	0.00261843	0	0.000706375	0.00372188	0	0.187399	-0.317023	0	0	0	-0.257141	0	0	1.18177	2639.18	213.172	-2630.55	-0	0	0	0	0	2.86393	-0.0870677	0.0499512	-0.0835	0.000101238	0.00208926	0	-0.00173305	0.00125296	0	0.274715	-0.646579	0	0	0	0.127393	0	0	-0.633277	2093.97	-97.8873	-2091.68	-0	0	0	0	0	0.680122	-0.0842638	1.01207	0	3.4146e-05	-0.000500798	0	-2.29888e-05	0.000792049	0	-0.0107741	0.289529	0	0	0	-0.0216833	0	0	-0.169177	497.273	-34.0099	496.109	-0	27.3915	0	0	27.3915	0.0374999	-0.0592496	0.962383	1.99931e-10	-0.0327926	0.0632898	0	-2.44408	4.71708	0	1.08227e-09	8.41312e-10	0.310694	-0.0141675	0.721951	0	-10.3586	527.856	0	47.1822	0.925902	-10.7612	-0.0203115	-0.00382703	-0.0893845	-0.0141675	0.721951	0	-10.3586	527.856	0	-47.1822	-0.925902	-10.7612	-0.0203115	-0.00382703	0.0893845
0.08	-0.136821	0.457746	-0.0654139	0.0700432	0.928619	0.114354	0.249381	-1.23571	-0.244784	1.30407	0.120219	-0.795312	0.249381	-1.23571	-0.244784	1.30407	0.120219	-0.795312	0	1	0	0	0	0	1	0	0	0	0	0	0	0	0	0	-0.0654139	0.928619	0	0.997661	0	0	-0.068357	0.0700432	0.114354	0	0	0	0.457746	-0.0554892	0.696366	0.0835	0.998417	0	0	0.0562504	-0.0305083	0.0960474	0	0	0	-0.777967	-0.0549241	0.289362	0.0835	0.997815	0	0	-0.0660638	-0.106554	0.0633817	0	0	0	0.526098	-0.0358351	0.0377094	0.09142	0.999982	0	0	-0.0060022	0.0149539	0.0315332	0	0	0	-0.269213	-0.0554892	0.696366	-0.0835	0.998417	0	0	0.0562504	-0.0305083	0.0960474	0	0	0	-0.777967	-0.0549241	0.289362	-0.0835	0.997815	0	0	-0.0660638	-0.106554	0.0633817	0	0	0	0.526098	-0.0358351	0.0377094	-0.09142	0.999982	0	0	-0.0060022	0.0149539	0.0315332	0	0	0	-0.269213	-0.06257	1.33366	0	0.996796	0	0	-0.0799906	-0.064664	0.115361	0	0	0	0.298689	0.3	0.0852442	0.3	0.125088	0.3	0.122961	0.3	0.100901	0.3	0.0646458	0.3	0.054972	0.3	0.0463188	0.3	0.049973	0.3	0.0852442	0.3	0.125088	0.3	0.122961	0.3	0.100901	0.3	0.0646458	0.3	0.054972	0.3	0.0463188	0.3	0.049973	0.3	0.0534741	0.3	0.0534741	0.3	0.3	0.873403	-0.45941	0.0175398	0.22009	-0.045941	-0.0448384	0.3	0.3	1.13407	0.308348	0.0243673	0.349179	0.0308348	0.0340108	0.3	0.3	0.783693	-0.346058	0.015736	0.190047	-0.0346058	-0.0542966	0.3	0.3	0.94654	0.405233	0.0240473	0.342583	0.0405233	0.0431978	0.3	0.3	0.704534	-0.157793	0.0156416	0.188522	-0.0157793	-0.0119765	0.3	0.3	0.651015	-0.544237	0.0123563	0.138332	-0.0544237	-0.0540428	0.3	0.3	1.07788	-0.35217	0.0193167	0.251343	-0.035217	-0.0179607	0.3	0.3	1.0527	-0.525325	0.0167243	0.206296	-0.0525325	-0.0231143	0.3	0.3	0.73167	0.274525	0.0195798	0.256111	0.0274525	0.01875	0.3	0.3	0.873403	-0.45941	0.0175398	0.22009	-0.045941	-0.0448384	0.3	0.3	1.13407	0.308348	0.0243673	0.349179	0.0308348	0.0340108	0.3	0.3	0.783693	-0.346058	0.015736	0.190047	-0.0346058	-0.0542966	0.3	0.3	0.94654	0.405233	0.0240473	0.342583	0.0405233	0.0431978	0.3	0.3	0.704534	-0.157793	0.0156416	0.188522	-0.0157793	-0.0119765	0.3	0.3	0.651015	-0.544237	0.0123563	0.138332	-0.0544237	-0.0540428	0.3	0.3	1.07788	-0.35217	0.0193167	0.251343	-0.035217	-0.0179607	0.3	0.3	1.0527	-0.525325	0.0167243	0.206296	-0.0525325	-0.0231143	0.3	0.3	0.73167	0.274525	0.0195798	0.256111	0.0274525	0.01875	0	0	0	0	0	0	0	0	0	0	0	0	0	0	0	0	0	0	-0.0654139	0.928619	0	0.0700432	0.114354	0	-0.0654139	0.928619	0	0.0700432	0.114354	0	0	0	-0.136821	0	0	0.457746	-0.0554892	0.696366	0.0835	-0.0305083	0.0960474	0	-0.0554892	0.696366	0.0835	-0.0305083	0.0960474	0	0	0	0.11256	0	0	-0.777967	-0.0549241	0.289362	0.0835	-0.106554	0.0633817	0	-0.0549241	0.289362	0.0835	-0.106554	0.0633817	0	0	0	-0.132224	0	0	0.526098	-0.0358351	0.0377094	0.09142	0.0149539	0.0315332	0	-0.0358351	0.0377094	0.09142	0.0149539	0.0315332	0	0	0	-0.0120045	0	0	-0.269213	-0.0554892	0.696366	-0.0835	-0.0305083	0.0960474	0	-0.0554892	0.696366	-0.0835	-0.0305083	0.0960474	0	0	0	0.11256	0	0	-0.777967	-0.0549241	0.289362	-0.0835	-0.106554	0.0633817	0	-0.0549241	0.289362	-0.0835	-0.106554	0.0633817	0	0	0	-0.132224	0	0	0.526098	-0.0358351	0.0377094	-0.09142	0.0149539	0.0315332	0	-0.0358351	0.0377094	-0.09142	0.0149539	0.0315332	0	0	0	-0.0120045	0	0	-0.269213	-0.06257	1.33366	0	-0.064664	0.115361	0	-0.06257	1.33366	0	-0.064664	0.115361	0	0	0	-0.160152	0	0	0.298689	2.95657	-0.074584	0.86529	0.0835	-0.000154525	0.00215338	0	0.000891849	0.000675336	0	0.00893843	-0.14795	0	0	0	0.24938	0	0	-1.23571	2161.7	150.459	-2156.46	-0	0	0	0	0	3.61657	-0.0303098	0.474432	0.0835	-0.000205485	0.00263649	0	0.00129715	3.24324e-05	0	0.0364728	-0.362948	0	0	0	-0.244783	0	0	1.30407	2644.27	201.261	-2636.6	-0	0	0	0	0	2.85425	-0.086918	0.0502735	0.0835	8.24854e-05	0.00208777	0	-0.00199222	-0.00122096	0	-0.0784697	-0.0554805	0	0	0	0.120219	0	0	-0.795312	2086.89	-78.633	-2085.41	-0	0	0	0	0	2.95657	-0.074584	0.86529	-0.0835	-0.000154525	0.00215338	0	0.000891849	0.000675336	0	0.00893843	-0.14795	0	0	0	0.24938	0	0	-1.23571	2161.7	150.459	-2156.46	-0	0	0	0	0	3.61657	-0.0303098	0.474432	-0.0835	-0.000205485	0.00263649	0	0.00129715	3.24324e-05	0	0.0364728	-0.362948	0	0	0	-0.244783	0	0	1.30407	2644.27	201.261	-2636.6	-0	0	0	0	0	2.85425	-0.086918	0.0502735	-0.0835	8.24854e-05	0.00208777	0	-0.00199222	-0.00122096	0	-0.0784697	-0.0554805	0	0	0	0.120219	0	0	-0.795312	2086.89	-78.633	-2085.41	-0	0	0	0	0	0.632721	-0.0839839	1.01297	0	3.34978e-05	-0.000479952	0	-9.01185e-05	0.00312679	0	-0.00279689	0.167547	0	0	0	-0.0233357	0	0	-0.159056	462.616	-32.9643	461.44	-0	28.4135	0	0	28.4135	0.0377094	-0.0595946	0.963225	1.99931e-10	-0.0363501	0.102398	0	-2.70923	7.63189	0	1.9538e-09	1.14111e-09	0.477092	-0.0218812	0.671969	0	-15.9985	491.312	0	43.9853	1.43228	-7.63123	-0.0154096	-0.00376844	-0.0895261	-0.0218812	0.671969	0	-15.9985	491.312	0	-43.9853	-1.43228	-7.63123	-0.0154096	-0.00376844	0.0895261
0.09	-0.132042	0.495729	-0.0646472	0.0829387	0.929928	0.143673	0.236226	-1.39125	-0.230728	1.50373	0.111488	-0.937922	0.236226	-1.39125	-0.230728	1.50373	0.111488	-0.937922	0	1	0	0	0	0	1	0	0	0	0	0	0	0	0	0	-0.0646472	0.929928	0	0.997821	0	0	-0.0659729	0.0829387	0.143673	0	0	0	0.495729	-0.055815	0.697478	0.0835	0.998644	0	0	0.0520687	-0.0348937	0.122935	0	0	0	-0.895523	-0.0560636	0.290118	0.0835	0.997999	0	0	-0.0632294	-0.121568	0.0848343	0	0	0	0.608206	-0.035663	0.0381111	0.09142	0.999972	0	0	-0.00752773	0.0190266	0.046637	0	0	0	-0.329716	-0.055815	0.697478	-0.0835	0.998644	0	0	0.0520687	-0.0348937	0.122935	0	0	0	-0.895523	-0.0560636	0.290118	-0.0835	0.997999	0	0	-0.0632294	-0.121568	0.0848343	0	0	0	0.608206	-0.035663	0.0381111	-0.09142	0.999972	0	0	-0.00752773	0.0190266	0.046637	0	0	0	-0.329716	-0.0632672	1.33498	0	0.996926	0	0	-0.0783468	-0.074163	0.145903	0	0	0	0.358581	0.3	0.0848172	0.3	0.125464	0.3	0.122394	0.3	0.101361	0.3	0.0640922	0.3	0.0548057	0.3	0.0460818	0.3	0.050201	0.3	0.0848172	0.3	0.125464	0.3	0.122394	0.3	0.101361	0.3	0.0640922	0.3	0.0548057	0.3	0.0460818	0.3	0.050201	0.3	0.0533801	0.3	0.0533801	0.3	0.3	0.869029	-0.415987	0.0177772	0.22417	-0.0415987	-0.0406003	0.3	0.3	1.13748	0.380356	0.0247915	0.358001	0.0380356	0.0419533	0.3	0.3	0.780079	-0.381398	0.0154469	0.185391	-0.0381398	-0.0598414	0.3	0.3	0.950853	0.463324	0.0243766	0.349371	0.0463324	0.0493903	0.3	0.3	0.703295	-0.0895843	0.0159859	0.194109	-0.00895843	-0.00679945	0.3	0.3	0.64544	-0.580037	0.0119745	0.132864	-0.0580037	-0.0575977	0.3	0.3	1.07462	-0.297292	0.0196767	0.257876	-0.0297292	-0.0151619	0.3	0.3	1.04731	-0.556807	0.0164902	0.202402	-0.0556807	-0.0244995	0.3	0.3	0.735008	0.400591	0.020329	0.269886	0.0400591	0.0273604	0.3	0.3	0.869029	-0.415987	0.0177772	0.22417	-0.0415987	-0.0406003	0.3	0.3	1.13748	0.380356	0.0247915	0.358001	0.0380356	0.0419533	0.3	0.3	0.780079	-0.381398	0.0154469	0.185391	-0.0381398	-0.0598414	0.3	0.3	0.950853	0.463324	0.0243766	0.349371	0.0463324	0.0493903	0.3	0.3	0.703295	-0.0895843	0.0159859	0.194109	-0.00895843	-0.00679945	0.3	0.3	0.64544	-0.580037	0.0119745	0.132864	-0.0580037	-0.0575977	0.3	0.3	1.07462	-0.297292	0.0196767	0.257876	-0.0297292	-0.0151619	0.3	0.3	1.04731	-0.556807	0.0164902	0.202402	-0.0556807	-0.0244995	0.3	0.3	0.735008	0.400591	0.020329	0.269886	0.0400591	0.0273604	0	0	0	0	0	0	0	0	0	0	0	0	0	0	0	0	0	0	-0.0646472	0.929928	0	0.0829387	0.143673	0	-0.0646472	0.929928	0	0.0829387	0.143673	0	0	0	-0.132042	0	0	0.495729	-0.055815	0.697478	0.0835	-0.0348937	0.122935	0	-0.055815	0.697478	0.0835	-0.0348937	0.122935	0	0	0	0.104184	0	0	-0.895523	-0.0560636	0.290118	0.0835	-0.121568	0.0848343	0	-0.0560636	0.290118	0.0835	-0.121568	0.0848343	0	0	0	-0.126543	0	0	0.608206	-0.035663	0.0381111	0.09142	0.0190266	0.046637	0	-0.035663	0.0381111	0.09142	0.0190266	0.046637	0	0	0	-0.0150556	0	0	-0.329716	-0.055815	0.697478	-0.0835	-0.0348937	0.122935	0	-0.055815	0.697478	-0.0835	-0.0348937	0.122935	0	0	0	0.104184	0	0	-0.895523	-0.0560636	0.290118	-0.0835	-0.121568	0.0848343	0	-0.0560636	0.290118	-0.0835	-0.121568	0.0848343	0	0	0	-0.126543	0	0	0.608206	-0.035663	0.0381111	-0.09142	0.0190266	0.046637	0	-0.035663	0.0381111	-0.09142	0.0190266	0.046637	0	0	0	-0.0150556	0	0	-0.329716	-0.0632672	1.33498	0	-0.074163	0.145903	0	-0.0632672	1.33498	0	-0.074163	0.145903	0	0	0	-0.156854	0	0	0.358581	2.94766	-0.0734943	0.866556	0.0835	-0.000144497	0.00215337	0	0.00109867	-0.000591114	0	-0.0607013	-0.10151	0	0	0	0.236225	0	0	-1.39125	2155.19	139.487	-2150.67	-0	0	0	0	0	3.58272	-0.032501	0.475326	0.0835	-0.000189081	0.00262201	0	0.00197226	-0.00272268	0	-0.699669	-0.201281	0	0	0	-0.230727	0	0	1.50373	2619.52	182.659	-2613.14	-0	0	0	0	0	2.82125	-0.0867073	0.050831	0.0835	6.21453e-05	0.00206715	0	-0.00200457	-0.00269169	0	-1.58352	0.666903	0	0	0	0.111488	0	0	-0.937922	2062.77	-58.269	-2061.94	-0	0	0	0	0	2.94766	-0.0734943	0.866556	-0.0835	-0.000144497	0.00215337	0	0.00109867	-0.000591114	0	-0.0607013	-0.10151	0	0	0	0.236225	0	0	-1.39125	2155.19	139.487	-2150.67	-0	0	0	0	0	3.58272	-0.032501	0.475326	-0.0835	-0.000189081	0.00262201	0	0.00197226	-0.00272268	0	-0.699669	-0.201281	0	0	0	-0.230727	0	0	1.50373	2619.52	182.659	-2613.14	-0	0	0	0	0	2.82125	-0.0867073	0.050831	-0.0835	6.21453e-05	0.00206715	0	-0.00200457	-0.00269169	0	-1.58352	0.666903	0	0	0	0.111488	0	0	-0.937922	2062.77	-58.269	-2061.94	-0	0	0	0	0	0.57029	-0.0836233	1.01423	0	3.25888e-05	-0.000441507	0	-7.58991e-05	0.00435407	0	-0.00351	0.080049	0	0	0	-0.0248018	0	0	-0.137148	416.969	-32.1395	415.729	-0	27.7638	0	0	27.7638	0.0381111	-0.0599826	0.964407	1.99931e-10	-0.0411277	0.130413	0	-3.0653	9.71985	0	-8.63943e-10	-4.84746e-09	0.576642	-0.0275137	0.608721	0	-20.1167	445.069	0	39.927	1.80467	-4.09526	-0.00903663	-0.00364574	-0.0897099	-0.0275137	0.608721	0	-20.1167	445.069	0	-39.927	-1.80467	-4.09526	-0.00903663	-0.00364574	0.0897099
0.1	-0.126887	0.532766	-0.0637438	0.0969804	0.931462	0.16019	0.221407	-1.56393	-0.214498	1.73144	0.101456	-1.05555	0.221407	-1.56393	-0.214498	1.73144	0.101456	-1.05555	0	1	0	0	0	0	1	0	0	0	0	0	0	0	0	0	-0.0637438	0.931462	0	0.997988	0	0	-0.0634012	0.0969804	0.16019	0	0	0	0.532766	-0.0561969	0.698795	0.0835	0.998883	0	0	0.0472423	-0.0413528	0.13773	0	0	0	-1.03116	-0.0573807	0.291032	0.0835	0.998201	0	0	-0.0599532	-0.141191	0.0956779	0	0	0	0.700281	-0.0354605	0.0386212	0.09142	0.999957	0	0	-0.00926103	0.0212181	0.053857	0	0	0	-0.355272	-0.0561969	0.698795	-0.0835	0.998883	0	0	0.0472423	-0.0413528	0.13773	0	0	0	-1.03116	-0.0573807	0.291032	-0.0835	0.998201	0	0	-0.0599532	-0.141191	0.0956779	0	0	0	0.700281	-0.0354605	0.0386212	-0.09142	0.999957	0	0	-0.00926103	0.0212181	0.053857	0	0	0	-0.355272	-0.0640579	1.33654	0	0.997078	0	0	-0.0763936	-0.0834705	0.162586	0	0	0	0.421717	0.3	0.0844244	0.3	0.125922	0.3	0.121764	0.3	0.101888	0.3	0.0634872	0.3	0.0546665	0.3	0.0458273	0.3	0.0505128	0.3	0.0844244	0.3	0.125922	0.3	0.121764	0.3	0.101888	0.3	0.0634872	0.3	0.0546665	0.3	0.0458273	0.3	0.0505128	0.3	0.0533302	0.3	0.0533302	0.3	0.3	0.865004	-0.390614	0.0178988	0.226271	-0.0390614	-0.038124	0.3	0.3	1.14163	0.452723	0.0251929	0.366436	0.0452723	0.0499354	0.3	0.3	0.77606	-0.426161	0.0150975	0.179821	-0.0426161	-0.0668647	0.3	0.3	0.955796	0.529882	0.02473	0.356718	0.0529882	0.0564854	0.3	0.3	0.702638	-0.0426291	0.0162327	0.198151	-0.00426291	-0.00323555	0.3	0.3	0.639348	-0.645482	0.0114398	0.125335	-0.0645482	-0.0640963	0.3	0.3	1.07189	-0.24677	0.0200181	0.264134	-0.024677	-0.0125853	0.3	0.3	1.04153	-0.604508	0.0161584	0.196929	-0.0604508	-0.0265984	0.3	0.3	0.739573	0.515972	0.0210057	0.28258	0.0515972	0.0352409	0.3	0.3	0.865004	-0.390614	0.0178988	0.226271	-0.0390614	-0.038124	0.3	0.3	1.14163	0.452723	0.0251929	0.366436	0.0452723	0.0499354	0.3	0.3	0.77606	-0.426161	0.0150975	0.179821	-0.0426161	-0.0668647	0.3	0.3	0.955796	0.529882	0.02473	0.356718	0.0529882	0.0564854	0.3	0.3	0.702638	-0.0426291	0.0162327	0.198151	-0.00426291	-0.00323555	0.3	0.3	0.639348	-0.645482	0.0114398	0.125335	-0.0645482	-0.0640963	0.3	0.3	1.07189	-0.24677	0.0200181	0.264134	-0.024677	-0.0125853	0.3	0.3	1.04153	-0.604508	0.0161584	0.196929	-0.0604508	-0.0265984	0.3	0.3	0.739573	0.515972	0.0210057	0.28258	0.0515972	0.0352409	0	0	0	0	0	0	0	0	0	0	0	0	0	0	0	0	0	0	-0.0637438	0.931462	0	0.0969804	0.16019	0	-0.0637438	0.931462	0	0.0969804	0.16019	0	0	0	-0.126887	0	0	0.532766	-0.0561969	0.698795	0.0835	-0.0413528	0.13773	0	-0.0561969	0.698795	0.0835	-0.0413528	0.13773	0	0	0	0.0945198	0	0	-1.03116	-0.0573807	0.291032	0.0835	-0.141191	0.0956779	0	-0.0573807	0.291032	0.0835	-0.141191	0.0956779	0	0	0	-0.119978	0	0	0.700281	-0.0354605	0.0386212	0.09142	0.0212181	0.053857	0	-0.0354605	0.0386212	0.09142	0.0212181	0.053857	0	0	0	-0.0185223	0	0	-0.355272	-0.0561969	0.698795	-0.0835	-0.0413528	0.13773	0	-0.0561969	0.698795	-0.0835	-0.0413528	0.13773	0	0	0	0.0945198	0	0	-1.03116	-0.0573807	0.291032	-0.0835	-0.141191	0.0956779	0	-0.0573807	0.291032	-0.0835	-0.141191	0.0956779	0	0	0	-0.119978	0	0	0.700281	-0.0354605	0.0386212	-0.09142	0.0212181	0.053857	0	-0.0354605	0.0386212	-0.09142	0.0212181	0.053857	0	0	0	-0.0185223	0	0	-0.355272	-0.0640579	1.33654	0	-0.0834705	0.162586	0	-0.0640579	1.33654	0	-0.0834705	0.162586	0	0	0	-0.152936	0	0	0.421717	2.92713	-0.0722413	0.868036	0.0835	-0.00013274	0.00214306	0	0.0012487	-0.00145885	0	0.0453787	-0.068248	0	0	0	0.221406	0	0	-1.56393	2140.18	127.046	-2136.4	-0	0	0	0	0	3.52402	-0.0350345	0.47639	0.0835	-0.000167288	0.00258601	0	0.00236058	-0.00440896	0	0.19405	-0.0791416	0	0	0	-0.214497	0	0	1.73144	2576.6	159.601	-2571.65	-0	0	0	0	0	2.77746	-0.0864604	0.051518	0.0835	4.11049e-05	0.00203681	0	-0.00216217	-0.00330945	0	0.305645	-0.108583	0	0	0	0.101456	0	0	-1.05555	2030.75	-36.9238	-2030.41	-0	0	0	0	0	2.92713	-0.0722413	0.868036	-0.0835	-0.00013274	0.00214306	0	0.0012487	-0.00145885	0	0.0453787	-0.068248	0	0	0	0.221406	0	0	-1.56393	2140.18	127.046	-2136.4	-0	0	0	0	0	3.52402	-0.0350345	0.47639	-0.0835	-0.000167288	0.00258601	0	0.00236058	-0.00440896	0	0.19405	-0.0791416	0	0	0	-0.214497	0	0	1.73144	2576.6	159.601	-2571.65	-0	0	0	0	0	2.77746	-0.0864604	0.051518	-0.0835	4.11049e-05	0.00203681	0	-0.00216217	-0.00330945	0	0.305645	-0.108583	0	0	0	0.101456	0	0	-1.05555	2030.75	-36.9238	-2030.41	-0	0	0	0	0	0.505052	-0.0831571	1.01571	0	3.19108e-05	-0.000395752	0	-5.53988e-05	0.00470163	0	0.00982463	0.00770527	0	0	0	-0.026049	0	0	-0.11105	369.27	-31.5829	367.917	-0	26.0789	0	0	26.0789	0.0386212	-0.0604227	0.965802	1.99931e-10	-0.0466753	0.1457	0	-3.47877	10.8592	0	-1.09943e-08	3.36532e-09	0.637836	-0.029228	0.544071	0	-21.3702	397.799	0	35.7732	1.92177	-0.663681	-0.00148007	-0.00350543	-0.0899278	-0.029228	0.544071	0	-21.3702	397.799	0	-35.7732	-1.92177	-0.663681	-0.00148007	-0.00350543	0.0899278
0.11	-0.121378	0.566625	-0.062704	0.109847	0.933095	0.163979	0.204882	-1.72837	-0.196012	1.94861	0.0904357	-1.1384	0.204882	-1.72837	-0.196012	1.94861	0.0904357	-1.1384	0	1	0	0	0	0	1	0	0	0	0	0	0	0	0	0	-0.062704	0.933095	0	0.998159	0	0	-0.0606519	0.109847	0.163979	0	0	0	0.566625	-0.0566478	0.700199	0.0835	0.999129	0	0	0.0417398	-0.0484024	0.140953	0	0	0	-1.16175	-0.0589001	0.292005	0.0835	0.998418	0	0	-0.0562243	-0.161331	0.0974522	0	0	0	0.78686	-0.0352411	0.0391691	0.09142	0.999939	0	0	-0.0110359	0.0223665	0.0546814	0	0	0	-0.351535	-0.0566478	0.700199	-0.0835	0.999129	0	0	0.0417398	-0.0484024	0.140953	0	0	0	-1.16175	-0.0589001	0.292005	-0.0835	0.998418	0	0	-0.0562243	-0.161331	0.0974522	0	0	0	0.78686	-0.0352411	0.0391691	-0.09142	0.999939	0	0	-0.0110359	0.0223665	0.0546814	0	0	0	-0.351535	-0.0649414	1.3382	0	0.997249	0	0	-0.07413	-0.0926482	0.165688	0	0	0	0.48163	0.3	0.0840487	0.3	0.126455	0.3	0.12106	0.3	0.102487	0.3	0.0628097	0.3	0.0545519	0.3	0.0455498	0.3	0.0508967	0.3	0.0840487	0.3	0.126455	0.3	0.12106	0.3	0.102487	0.3	0.0628097	0.3	0.0545519	0.3	0.0455498	0.3	0.0508967	0.3	0.0533089	0.3	0.0533089	0.3	0.3	0.861155	-0.380786	0.0179178	0.226601	-0.0380786	-0.0371647	0.3	0.3	1.14647	0.514763	0.0255261	0.373502	0.0514763	0.0567784	0.3	0.3	0.771573	-0.472713	0.0147315	0.174055	-0.0472713	-0.0741687	0.3	0.3	0.961412	0.595431	0.025059	0.363616	0.0595431	0.0634729	0.3	0.3	0.702357	-0.0144954	0.0163859	0.200676	-0.00144954	-0.0011002	0.3	0.3	0.632525	-0.722857	0.0108307	0.116939	-0.0722857	-0.0717797	0.3	0.3	1.06965	-0.20024	0.020341	0.270109	-0.020024	-0.0102122	0.3	0.3	1.03522	-0.661289	0.015775	0.190681	-0.0661289	-0.0290967	0.3	0.3	0.745193	0.609039	0.0215803	0.293546	0.0609039	0.0415973	0.3	0.3	0.861155	-0.380786	0.0179178	0.226601	-0.0380786	-0.0371647	0.3	0.3	1.14647	0.514763	0.0255261	0.373502	0.0514763	0.0567784	0.3	0.3	0.771573	-0.472713	0.0147315	0.174055	-0.0472713	-0.0741687	0.3	0.3	0.961412	0.595431	0.025059	0.363616	0.0595431	0.0634729	0.3	0.3	0.702357	-0.0144954	0.0163859	0.200676	-0.00144954	-0.0011002	0.3	0.3	0.632525	-0.722857	0.0108307	0.116939	-0.0722857	-0.0717797	0.3	0.3	1.06965	-0.20024	0.020341	0.270109	-0.020024	-0.0102122	0.3	0.3	1.03522	-0.661289	0.015775	0.190681	-0.0661289	-0.0290967	0.3	0.3	0.745193	0.609039	0.0215803	0.293546	0.0609039	0.0415973	0	0	0	0	0	0	0	0	0	0	0	0	0	0	0	0	0	0	-0.062704	0.933095	0	0.109847	0.163979	0	-0.062704	0.933095	0	0.109847	0.163979	0	0	0	-0.121378	0	0	0.566625	-0.0566478	0.700199	0.0835	-0.0484024	0.140953	0	-0.0566478	0.700199	0.0835	-0.0484024	0.140953	0	0	0	0.0835038	0	0	-1.16175	-0.0589001	0.292005	0.0835	-0.161331	0.0974522	0	-0.0589001	0.292005	0.0835	-0.161331	0.0974522	0	0	0	-0.112508	0	0	0.78686	-0.0352411	0.0391691	0.09142	0.0223665	0.0546814	0	-0.0352411	0.0391691	0.09142	0.0223665	0.0546814	0	0	0	-0.0220722	0	0	-0.351535	-0.0566478	0.700199	-0.0835	-0.0484024	0.140953	0	-0.0566478	0.700199	-0.0835	-0.0484024	0.140953	0	0	0	0.0835038	0	0	-1.16175	-0.0589001	0.292005	-0.0835	-0.161331	0.0974522	0	-0.0589001	0.292005	-0.0835	-0.161331	0.0974522	0	0	0	-0.112508	0	0	0.78686	-0.0352411	0.0391691	-0.09142	0.0223665	0.0546814	0	-0.0352411	0.0391691	-0.09142	0.0223665	0.0546814	0	0	0	-0.0220722	0	0	-0.351535	-0.0649414	1.3382	0	-0.0926482	0.165688	0	-0.0649414	1.3382	0	-0.0926482	0.165688	0	0	0	-0.148396	0	0	0.48163	2.89907	-0.070827	0.869607	0.0835	-0.000119515	0.00212584	0	0.00138077	-0.00201862	0	-0.0327553	-0.0481848	0	0	0	0.20488	0	0	-1.72837	2119.67	113.219	-2116.64	-0	0	0	0	0	3.45367	-0.0379392	0.477525	0.0835	-0.000141326	0.00253832	0	0.00273353	-0.00510836	0	-0.339858	-0.0215582	0	0	0	-0.19601	0	0	1.94861	2525.16	132.425	-2521.69	-0	0	0	0	0	2.73089	-0.0861949	0.0522469	0.0835	2.07424e-05	0.00200313	0	-0.00193778	-0.00336526	0	-0.533646	0.439297	0	0	0	0.0904334	0	0	-1.1384	1996.7	-16.9953	-1996.63	-0	0	0	0	0	2.89907	-0.070827	0.869607	-0.0835	-0.000119515	0.00212584	0	0.00138077	-0.00201862	0	-0.0327553	-0.0481848	0	0	0	0.20488	0	0	-1.72837	2119.67	113.219	-2116.64	-0	0	0	0	0	3.45367	-0.0379392	0.477525	-0.0835	-0.000141326	0.00253832	0	0.00273353	-0.00510836	0	-0.339858	-0.0215582	0	0	0	-0.19601	0	0	1.94861	2525.16	132.425	-2521.69	-0	0	0	0	0	2.73089	-0.0861949	0.0522469	-0.0835	2.07424e-05	0.00200313	0	-0.00193778	-0.00336526	0	-0.533646	0.439297	0	0	0	0.0904334	0	0	-1.1384	1996.7	-16.9953	-1996.63	-0	0	0	0	0	0.443918	-0.0825838	1.01728	0	3.14862e-05	-0.000349671	0	-3.33451e-05	0.00449471	0	0.000118852	-0.0515911	0	0	0	-0.0270106	0	0	-0.0849954	324.572	-31.2887	323.06	-0	23.8724	0	0	23.8724	0.0391691	-0.0609205	0.967286	1.99931e-10	-0.0525827	0.148732	0	-3.91906	11.0852	0	9.51604e-09	3.42814e-09	0.685924	-0.0308289	0.484457	0	-22.5406	354.212	0	31.9394	2.03249	2.37592	0.00692287	-0.00338271	-0.0901702	-0.0308289	0.484457	0	-22.5406	354.212	0	-31.9394	-2.03249	2.37592	0.00692287	-0.00338271	0.0901702
0.12	-0.115552	0.596239	-0.0615479	0.120359	0.934703	0.156261	0.186824	-1.87126	-0.175509	2.13505	0.0787755	-1.18383	0.186824	-1.87126	-0.175509	2.13505	0.0787755	-1.18383	0	1	0	0	0	0	1	0	0	0	0	0	0	0	0	0	-0.0615479	0.934703	0	0.998331	0	0	-0.0577437	0.120359	0.156261	0	0	0	0.596239	-0.057168	0.70158	0.0835	0.999365	0	0	0.0356287	-0.0552043	0.133961	0	0	0	-1.27502	-0.0606131	0.292954	0.0835	0.998642	0	0	-0.0520946	-0.179888	0.0915037	0	0	0	0.860021	-0.0350173	0.0396963	0.09142	0.999919	0	0	-0.0127301	0.0223398	0.05029	0	0	0	-0.323804	-0.057168	0.70158	-0.0835	0.999365	0	0	0.0356287	-0.0552043	0.133961	0	0	0	-1.27502	-0.0606131	0.292954	-0.0835	0.998642	0	0	-0.0520946	-0.179888	0.0915037	0	0	0	0.860021	-0.0350173	0.0396963	-0.09142	0.999919	0	0	-0.0127301	0.0223398	0.05029	0	0	0	-0.323804	-0.0659157	1.33981	0	0.997434	0	0	-0.0715852	-0.101737	0.156542	0	0	0	0.535012	0.3	0.0836767	0.3	0.127049	0.3	0.120285	0.3	0.103151	0.3	0.0620562	0.3	0.0544601	0.3	0.0452465	0.3	0.051335	0.3	0.0836767	0.3	0.127049	0.3	0.120285	0.3	0.103151	0.3	0.0620562	0.3	0.0544601	0.3	0.0452465	0.3	0.051335	0.3	0.0533034	0.3	0.0533034	0.3	0.3	0.857343	-0.383386	0.0178534	0.225485	-0.0383386	-0.0374185	0.3	0.3	1.15185	0.561182	0.0257793	0.37891	0.0561182	0.0618984	0.3	0.3	0.766633	-0.516555	0.0143742	0.168491	-0.0516555	-0.0810474	0.3	0.3	0.967643	0.65205	0.025332	0.369382	0.065205	0.0695086	0.3	0.3	0.702285	-0.00133996	0.0164601	0.201903	-0.000133996	-0.000101703	0.3	0.3	0.624937	-0.796829	0.0102128	0.108622	-0.0796829	-0.0791251	0.3	0.3	1.06785	-0.158287	0.0206391	0.275672	-0.0158287	-0.00807262	0.3	0.3	1.02833	-0.719965	0.0153858	0.184413	-0.0719965	-0.0316784	0.3	0.3	0.751611	0.672841	0.0220409	0.302461	0.0672841	0.045955	0.3	0.3	0.857343	-0.383386	0.0178534	0.225485	-0.0383386	-0.0374185	0.3	0.3	1.15185	0.561182	0.0257793	0.37891	0.0561182	0.0618984	0.3	0.3	0.766633	-0.516555	0.0143742	0.168491	-0.0516555	-0.0810474	0.3	0.3	0.967643	0.65205	0.025332	0.369382	0.065205	0.0695086	0.3	0.3	0.702285	-0.00133996	0.0164601	0.201903	-0.000133996	-0.000101703	0.3	0.3	0.624937	-0.796829	0.0102128	0.108622	-0.0796829	-0.0791251	0.3	0.3	1.06785	-0.158287	0.0206391	0.275672	-0.0158287	-0.00807262	0.3	0.3	1.02833	-0.719965	0.0153858	0.184413	-0.0719965	-0.0316784	0.3	0.3	0.751611	0.672841	0.0220409	0.302461	0.0672841	0.045955	0	0	0	0	0	0	0	0	0	0	0	0	0	0	0	0	0	0	-0.0615479	0.934703	0	0.120359	0.156261	0	-0.0615479	0.934703	0	0.120359	0.156261	0	0	0	-0.115552	0	0	0.596239	-0.057168	0.70158	0.0835	-0.0552043	0.133961	0	-0.057168	0.70158	0.0835	-0.0552043	0.133961	0	0	0	0.0712724	0	0	-1.27502	-0.0606131	0.292954	0.0835	-0.179888	0.0915037	0	-0.0606131	0.292954	0.0835	-0.179888	0.0915037	0	0	0	-0.104236	0	0	0.860021	-0.0350173	0.0396963	0.09142	0.0223398	0.05029	0	-0.0350173	0.0396963	0.09142	0.0223398	0.05029	0	0	0	-0.025461	0	0	-0.323804	-0.057168	0.70158	-0.0835	-0.0552043	0.133961	0	-0.057168	0.70158	-0.0835	-0.0552043	0.133961	0	0	0	0.0712724	0	0	-1.27502	-0.0606131	0.292954	-0.0835	-0.179888	0.0915037	0	-0.0606131	0.292954	-0.0835	-0.179888	0.0915037	0	0	0	-0.104236	0	0	0.860021	-0.0350173	0.0396963	-0.09142	0.0223398	0.05029	0	-0.0350173	0.0396963	-0.09142	0.0223398	0.05029	0	0	0	-0.025461	0	0	-0.323804	-0.0659157	1.33981	0	-0.101737	0.156542	0	-0.0659157	1.33981	0	-0.101737	0.156542	0	0	0	-0.143293	0	0	0.535012	2.86714	-0.0692741	0.871148	0.0835	-0.000105239	0.00210458	0	0.0014915	-0.00232011	0	-0.184094	-0.012273	0	0	0	0.186823	0	0	-1.87126	2096.31	98.4392	-2094	-0	0	0	0	0	3.38179	-0.0411873	0.478641	0.0835	-0.000113241	0.00248748	0	0.00304568	-0.00523102	0	-1.21468	0.170641	0	0	0	-0.175508	0	0	2.13505	2472.61	103.324	-2470.45	-0	0	0	0	0	2.68899	-0.0859265	0.0529466	0.0835	1.45286e-06	0.00197178	0	-0.00158923	-0.00295779	0	-1.87348	0.289978	0	0	0	0.0787774	0	0	-1.18383	1966.06	1.62026	-1966.06	-0	0	0	0	0	2.86714	-0.0692741	0.871148	-0.0835	-0.000105239	0.00210458	0	0.0014915	-0.00232011	0	-0.184094	-0.012273	0	0	0	0.186823	0	0	-1.87126	2096.31	98.4392	-2094	-0	0	0	0	0	3.38179	-0.0411873	0.478641	-0.0835	-0.000113241	0.00248748	0	0.00304568	-0.00523102	0	-1.21468	0.170641	0	0	0	-0.175508	0	0	2.13505	2472.61	103.324	-2470.45	-0	0	0	0	0	2.68899	-0.0859265	0.0529466	-0.0835	1.45286e-06	0.00197178	0	-0.00158923	-0.00295779	0	-1.87348	0.289978	0	0	0	0.0787774	0	0	-1.18383	1966.06	1.62026	-1966.06	-0	0	0	0	0	0.392509	-0.0819201	1.01881	0	3.11509e-05	-0.000308298	0	-2.38568e-05	0.00388378	0	0.0188706	-0.0344844	0	0	0	-0.0277336	0	0	-0.0612273	286.984	-31.0096	285.304	-0	21.5359	0	0	21.5359	0.0396963	-0.0614782	0.96874	1.99931e-10	-0.0586416	0.140827	0	-4.37064	10.496	0	2.93417e-09	5.353e-09	0.733121	-0.0313827	0.434159	0	-22.9456	317.437	0	28.7036	2.0748	4.90246	0.0156824	-0.00329984	-0.0904229	-0.0313827	0.434159	0	-22.9456	317.437	0	-28.7036	-2.0748	4.90246	0.0156824	-0.00329984	0.0904229
0.13	-0.109454	0.621195	-0.0603026	0.1279	0.936182	0.139028	0.167494	-1.98553	-0.153356	2.28122	0.0668258	-1.19694	0.167494	-1.98553	-0.153356	2.28122	0.0668258	-1.19694	0	1	0	0	0	0	1	0	0	0	0	0	0	0	0	0	-0.0603026	0.936183	0	0.998503	0	0	-0.0546999	0.1279	0.139028	0	0	0	0.621195	-0.0577522	0.702846	0.0835	0.999579	0	0	0.0290157	-0.0612842	0.118738	0	0	0	-1.36433	-0.0624958	0.293813	0.0835	0.998865	0	0	-0.0476404	-0.195542	0.0798108	0	0	0	0.916893	-0.0347993	0.0401592	0.09142	0.999899	0	0	-0.014245	0.0213823	0.0420616	0	0	0	-0.280048	-0.0577522	0.702846	-0.0835	0.999579	0	0	0.0290157	-0.0612842	0.118738	0	0	0	-1.36433	-0.0624958	0.293813	-0.0835	0.998865	0	0	-0.0476404	-0.195542	0.0798108	0	0	0	0.916893	-0.0347993	0.0401592	-0.09142	0.999899	0	0	-0.014245	0.0213823	0.0420616	0	0	0	-0.280048	-0.06698	1.34129	0	0.997631	0	0	-0.0687964	-0.110768	0.137339	0	0	0	0.580161	0.3	0.0832978	0.3	0.127684	0.3	0.119446	0.3	0.103869	0.3	0.0612351	0.3	0.0543888	0.3	0.044918	0.3	0.0518074	0.3	0.0832978	0.3	0.127684	0.3	0.119446	0.3	0.103869	0.3	0.0612351	0.3	0.0543888	0.3	0.044918	0.3	0.0518074	0.3	0.0533038	0.3	0.0533038	0.3	0.3	0.853461	-0.394806	0.0177285	0.223331	-0.0394806	-0.038533	0.3	0.3	1.15761	0.589863	0.025954	0.382663	0.0589863	0.0650619	0.3	0.3	0.761286	-0.553805	0.014046	0.163442	-0.0553805	-0.086892	0.3	0.3	0.97438	0.695025	0.0255359	0.373713	0.0695025	0.0740897	0.3	0.3	0.70229	0.00103183	0.0164749	0.202149	0.000103183	7.83161e-05	0.3	0.3	0.616667	-0.857463	0.0096256	0.100901	-0.0857463	-0.0851461	0.3	0.3	1.06645	-0.120712	0.0209116	0.280799	-0.0120712	-0.0061563	0.3	0.3	1.02086	-0.773969	0.0150305	0.17876	-0.0773969	-0.0340546	0.3	0.3	0.758527	0.707088	0.0223926	0.309342	0.0707088	0.0482941	0.3	0.3	0.853461	-0.394806	0.0177285	0.223331	-0.0394806	-0.038533	0.3	0.3	1.15761	0.589863	0.025954	0.382663	0.0589863	0.0650619	0.3	0.3	0.761286	-0.553805	0.014046	0.163442	-0.0553805	-0.086892	0.3	0.3	0.97438	0.695025	0.0255359	0.373713	0.0695025	0.0740897	0.3	0.3	0.70229	0.00103183	0.0164749	0.202149	0.000103183	7.83161e-05	0.3	0.3	0.616667	-0.857463	0.0096256	0.100901	-0.0857463	-0.0851461	0.3	0.3	1.06645	-0.120712	0.0209116	0.280799	-0.0120712	-0.0061563	0.3	0.3	1.02086	-0.773969	0.0150305	0.17876	-0.0773969	-0.0340546	0.3	0.3	0.758527	0.707088	0.0223926	0.309342	0.0707088	0.0482941	0	0	0	0	0	0	0	0	0	0	0	0	0	0	0	0	0	0	-0.0603026	0.936183	0	0.1279	0.139028	0	-0.0603026	0.936183	0	0.1279	0.139028	0	0	0	-0.109454	0	0	0.621195	-0.0577522	0.702846	0.0835	-0.0612842	0.118738	0	-0.0577522	0.702846	0.0835	-0.0612842	0.118738	0	0	0	0.0580396	0	0	-1.36433	-0.0624958	0.293813	0.0835	-0.195542	0.0798108	0	-0.0624958	0.293813	0.0835	-0.195542	0.0798108	0	0	0	-0.0953168	0	0	0.916893	-0.0347993	0.0401592	0.09142	0.0213823	0.0420616	0	-0.0347993	0.0401592	0.09142	0.0213823	0.0420616	0	0	0	-0.028491	0	0	-0.280048	-0.0577522	0.702846	-0.0835	-0.0612842	0.118738	0	-0.0577522	0.702846	-0.0835	-0.0612842	0.118738	0	0	0	0.0580396	0	0	-1.36433	-0.0624958	0.293813	-0.0835	-0.195542	0.0798108	0	-0.0624958	0.293813	-0.0835	-0.195542	0.0798108	0	0	0	-0.0953168	0	0	0.916893	-0.0347993	0.0401592	-0.09142	0.0213823	0.0420616	0	-0.0347993	0.0401592	-0.09142	0.0213823	0.0420616	0	0	0	-0.028491	0	0	-0.280048	-0.06698	1.34129	0	-0.110768	0.137339	0	-0.06698	1.34129	0	-0.110768	0.137339	0	0	0	-0.137702	0	0	0.580161	2.83493	-0.0676134	0.87256	0.0835	-9.0383e-05	0.00208181	0	0.001546	-0.00235063	0	-0.171195	-0.00595188	0	0	0	0.167493	0	0	-1.98553	2072.77	83.3343	-2071.09	-0	0	0	0	0	3.31617	-0.0447271	0.479666	0.0835	-8.443e-05	0.00243896	0	0.0031552	-0.00474931	0	-1.03516	0.0680903	0	0	0	-0.153355	0	0	2.28122	2424.63	74.1557	-2423.5	-0	0	0	0	0	2.65596	-0.0856681	0.0535637	0.0835	-1.68011e-05	0.00194621	0	-0.00138934	-0.00227243	0	-1.43322	0.293782	0	0	0	0.0668245	0	0	-1.19694	1941.91	19.4877	-1941.82	-0	0	0	0	0	2.83493	-0.0676134	0.87256	-0.0835	-9.0383e-05	0.00208181	0	0.001546	-0.00235063	0	-0.171195	-0.00595188	0	0	0	0.167493	0	0	-1.98553	2072.77	83.3343	-2071.09	-0	0	0	0	0	3.31617	-0.0447271	0.479666	-0.0835	-8.443e-05	0.00243896	0	0.0031552	-0.00474931	0	-1.03516	0.0680903	0	0	0	-0.153355	0	0	2.28122	2424.63	74.1557	-2423.5	-0	0	0	0	0	2.65596	-0.0856681	0.0535637	-0.0835	-1.68011e-05	0.00194621	0	-0.00138934	-0.00227243	0	-1.43322	0.293782	0	0	0	0.0668245	0	0	-1.19694	1941.91	19.4877	-1941.82	-0	0	0	0	0	0.352083	-0.0811894	1.0202	0	3.09348e-05	-0.000273705	0	-2.45869e-05	0.00306161	0	0.0187968	-0.0915449	0	0	0	-0.0282362	0	0	-0.0410339	257.427	-30.7892	255.579	-0	19.3544	0	0	19.3544	0.0401592	-0.0620961	0.970067	1.99931e-10	-0.0647053	0.124044	0	-4.82258	9.24516	0	1.40574e-09	2.15519e-09	0.788087	-0.0312926	0.395254	0	-22.8797	288.991	0	26.2014	2.07439	6.88563	0.0240847	-0.00326257	-0.0906652	-0.0312926	0.395254	0	-22.8797	288.991	0	-26.2014	-2.07439	6.88563	0.0240847	-0.00326257	0.0906652
0.14	-0.103133	0.641221	-0.0589977	0.13235	0.937451	0.114807	0.147177	-2.06933	-0.129964	2.38448	0.0549231	-1.17993	0.147177	-2.06933	-0.129964	2.38448	0.0549231	-1.17993	0	1	0	0	0	0	1	0	0	0	0	0	0	0	0	0	-0.0589977	0.937451	0	0.998671	0	0	-0.0515437	0.13235	0.114807	0	0	0	0.641221	-0.058393	0.703926	0.0835	0.999758	0	0	0.0220199	-0.0664798	0.0975456	0	0	0	-1.42811	-0.0645192	0.29453	0.0835	0.999077	0	0	-0.0429473	-0.207973	0.0638816	0	0	0	0.956375	-0.034596	0.0405247	0.09142	0.99988	0	0	-0.0154983	0.0194419	0.0313	0	0	0	-0.223552	-0.058393	0.703926	-0.0835	0.999758	0	0	0.0220199	-0.0664798	0.0975456	0	0	0	-1.42811	-0.0645192	0.29453	-0.0835	0.999077	0	0	-0.0429473	-0.207973	0.0638816	0	0	0	0.956375	-0.034596	0.0405247	-0.09142	0.99988	0	0	-0.0154983	0.0194419	0.0313	0	0	0	-0.223552	-0.0681349	1.34253	0	0.997833	0	0	-0.0658026	-0.119761	0.110815	0	0	0	0.616927	0.3	0.0829049	0.3	0.128344	0.3	0.118554	0.3	0.104626	0.3	0.0603618	0.3	0.0543356	0.3	0.0445678	0.3	0.0522945	0.3	0.0829049	0.3	0.128344	0.3	0.118554	0.3	0.104626	0.3	0.0603618	0.3	0.0543356	0.3	0.0445678	0.3	0.0522945	0.3	0.0533036	0.3	0.0533036	0.3	0.3	0.849436	-0.411693	0.0175653	0.220527	-0.0411693	-0.0401813	0.3	0.3	1.16359	0.603842	0.0260694	0.385149	0.0603842	0.0666037	0.3	0.3	0.7556	-0.583616	0.0137506	0.158946	-0.0583616	-0.0915694	0.3	0.3	0.981483	0.724746	0.0256779	0.376742	0.0724746	0.0772579	0.3	0.3	0.702287	-0.00271848	0.0164521	0.20177	-0.000271848	-0.000206333	0.3	0.3	0.607874	-0.900203	0.00908444	0.093946	-0.0900203	-0.0893901	0.3	0.3	1.0654	-0.0866835	0.0211631	0.285566	-0.00866835	-0.00442086	0.3	0.3	1.0129	-0.818151	0.0147388	0.174169	-0.0818151	-0.0359987	0.3	0.3	0.765658	0.715524	0.0226467	0.314353	0.0715524	0.0488703	0.3	0.3	0.849436	-0.411693	0.0175653	0.220527	-0.0411693	-0.0401813	0.3	0.3	1.16359	0.603842	0.0260694	0.385149	0.0603842	0.0666037	0.3	0.3	0.7556	-0.583616	0.0137506	0.158946	-0.0583616	-0.0915694	0.3	0.3	0.981483	0.724746	0.0256779	0.376742	0.0724746	0.0772579	0.3	0.3	0.702287	-0.00271848	0.0164521	0.20177	-0.000271848	-0.000206333	0.3	0.3	0.607874	-0.900203	0.00908444	0.093946	-0.0900203	-0.0893901	0.3	0.3	1.0654	-0.0866835	0.0211631	0.285566	-0.00866835	-0.00442086	0.3	0.3	1.0129	-0.818151	0.0147388	0.174169	-0.0818151	-0.0359987	0.3	0.3	0.765658	0.715524	0.0226467	0.314353	0.0715524	0.0488703	0	0	0	0	0	0	0	0	0	0	0	0	0	0	0	0	0	0	-0.0589977	0.937451	0	0.13235	0.114807	0	-0.0589977	0.937451	0	0.13235	0.114807	0	0	0	-0.103133	0	0	0.641221	-0.058393	0.703926	0.0835	-0.0664798	0.0975456	0	-0.058393	0.703926	0.0835	-0.0664798	0.0975456	0	0	0	0.0440434	0	0	-1.42811	-0.0645192	0.29453	0.0835	-0.207973	0.0638816	0	-0.0645192	0.29453	0.0835	-0.207973	0.0638816	0	0	0	-0.0859211	0	0	0.956375	-0.034596	0.0405247	0.09142	0.0194419	0.0313	0	-0.034596	0.0405247	0.09142	0.0194419	0.0313	0	0	0	-0.0309979	0	0	-0.223552	-0.058393	0.703926	-0.0835	-0.0664798	0.0975456	0	-0.058393	0.703926	-0.0835	-0.0664798	0.0975456	0	0	0	0.0440434	0	0	-1.42811	-0.0645192	0.29453	-0.0835	-0.207973	0.0638816	0	-0.0645192	0.29453	-0.0835	-0.207973	0.0638816	0	0	0	-0.0859211	0	0	0.956375	-0.034596	0.0405247	-0.09142	0.0194419	0.0313	0	-0.034596	0.0405247	-0.09142	0.0194419	0.0313	0	0	0	-0.0309979	0	0	-0.223552	-0.0681349	1.34253	0	-0.119761	0.110815	0	-0.0681349	1.34253	0	-0.119761	0.110815	0	0	0	-0.1317	0	0	0.616927	2.80483	-0.0658779	0.873761	0.0835	-7.51764e-05	0.0020597	0	0.00155418	-0.00220856	0	-0.173008	-0.002496	0	0	0	0.147175	0	0	-2.06933	2050.76	68.0903	-2049.63	-0	0	0	0	0	3.25935	-0.0484975	0.480542	0.0835	-5.51119e-05	0.00239611	0	0.00304958	-0.00413069	0	-1.07854	0.24863	0	0	0	-0.129963	0	0	2.38448	2383.08	45.1816	-2382.66	-0	0	0	0	0	2.63534	-0.0854311	0.0540568	0.0835	-3.29539e-05	0.00192893	0	-0.00138713	-0.00124934	0	-1.41803	-0.213881	0	0	0	0.0549198	0	0	-1.17993	1926.84	35.6362	-1926.51	-0	0	0	0	0	2.80483	-0.0658779	0.873761	-0.0835	-7.51764e-05	0.0020597	0	0.00155418	-0.00220856	0	-0.173008	-0.002496	0	0	0	0.147175	0	0	-2.06933	2050.76	68.0903	-2049.63	-0	0	0	0	0	3.25935	-0.0484975	0.480542	-0.0835	-5.51119e-05	0.00239611	0	0.00304958	-0.00413069	0	-1.07854	0.24863	0	0	0	-0.129963	0	0	2.38448	2383.08	45.1816	-2382.66	-0	0	0	0	0	2.63534	-0.0854311	0.0540568	-0.0835	-3.29539e-05	0.00192893	0	-0.00138713	-0.00124934	0	-1.41803	-0.213881	0	0	0	0.0549198	0	0	-1.17993	1926.84	35.6362	-1926.51	-0	0	0	0	0	0.324172	-0.080417	1.02136	0	3.08156e-05	-0.000247955	0	-1.13398e-05	0.00218549	0	0.019818	-0.0813341	0	0	0	-0.028572	0	0	-0.0242944	237.019	-30.7485	235.016	-0	17.4157	0	0	17.4157	0.0405247	-0.0627748	0.97119	1.99931e-10	-0.0707321	0.100798	0	-5.27176	7.51258	0	-2.73393e-09	7.80468e-09	0.853271	-0.0305357	0.368522	0	-22.3263	269.446	0	24.4845	2.02879	8.3352	0.0312048	-0.00326142	-0.0908699	-0.0305357	0.368522	0	-22.3263	269.446	0	-24.4845	-2.02879	8.3352	0.0312048	-0.00326142	0.0908699
0.15	-0.0966332	0.657411	-0.0576634	0.134018	0.938451	0.0860722	0.126163	-2.12701	-0.105743	2.45127	0.0433267	-1.13787	0.126163	-2.12701	-0.105743	2.45127	0.0433267	-1.13787	0	1	0	0	0	0	1	0	0	0	0	0	0	0	0	0	-0.0576634	0.938451	0	0.998833	0	0	-0.0482978	0.134018	0.0860722	0	0	0	0.657411	-0.0590816	0.704774	0.0835	0.999891	0	0	0.0147642	-0.0709463	0.072559	0	0	0	-1.4696	-0.0666504	0.295075	0.0835	0.999274	0	0	-0.0380973	-0.217435	0.0454776	0	0	0	0.981672	-0.0344138	0.0407745	0.09142	0.999865	0	0	-0.0164425	0.0169859	0.019068	0	0	0	-0.156193	-0.0590816	0.704774	-0.0835	0.999891	0	0	0.0147642	-0.0709463	0.072559	0	0	0	-1.4696	-0.0666504	0.295075	-0.0835	0.999274	0	0	-0.0380973	-0.217435	0.0454776	0	0	0	0.981672	-0.0344138	0.0407745	-0.09142	0.999865	0	0	-0.0164425	0.0169859	0.019068	0	0	0	-0.156193	-0.0693794	1.34347	0	0.998036	0	0	-0.0626457	-0.128748	0.0795178	0	0	0	0.646049	0.3	0.0824942	0.3	0.129011	0.3	0.11762	0.3	0.105408	0.3	0.0594551	0.3	0.054299	0.3	0.0442007	0.3	0.0527801	0.3	0.0824942	0.3	0.129011	0.3	0.11762	0.3	0.105408	0.3	0.0594551	0.3	0.054299	0.3	0.0442007	0.3	0.0527801	0.3	0.0532991	0.3	0.0532991	0.3	0.3	0.845227	-0.431182	0.0173826	0.217402	-0.0431182	-0.0420833	0.3	0.3	1.16964	0.605508	0.0261376	0.386621	0.0605508	0.0667875	0.3	0.3	0.749651	-0.606127	0.013487	0.15497	-0.0606127	-0.0951013	0.3	0.3	0.98882	0.741455	0.0257623	0.378547	0.0741455	0.0790391	0.3	0.3	0.702227	-0.00973245	0.0164089	0.201056	-0.000973245	-0.000738693	0.3	0.3	0.598742	-0.924184	0.00859014	0.0877254	-0.0924184	-0.0917715	0.3	0.3	1.06469	-0.055766	0.0213957	0.290003	-0.0055766	-0.00284407	0.3	0.3	1.00456	-0.849228	0.0145287	0.17089	-0.0849228	-0.037366	0.3	0.3	0.772768	0.702991	0.022814	0.317672	0.0702991	0.0480143	0.3	0.3	0.845227	-0.431182	0.0173826	0.217402	-0.0431182	-0.0420833	0.3	0.3	1.16964	0.605508	0.0261376	0.386621	0.0605508	0.0667875	0.3	0.3	0.749651	-0.606127	0.013487	0.15497	-0.0606127	-0.0951013	0.3	0.3	0.98882	0.741455	0.0257623	0.378547	0.0741455	0.0790391	0.3	0.3	0.702227	-0.00973245	0.0164089	0.201056	-0.000973245	-0.000738693	0.3	0.3	0.598742	-0.924184	0.00859014	0.0877254	-0.0924184	-0.0917715	0.3	0.3	1.06469	-0.055766	0.0213957	0.290003	-0.0055766	-0.00284407	0.3	0.3	1.00456	-0.849228	0.0145287	0.17089	-0.0849228	-0.037366	0.3	0.3	0.772768	0.702991	0.022814	0.317672	0.0702991	0.0480143	0	0	0	0	0	0	0	0	0	0	0	0	0	0	0	0	0	0	-0.0576634	0.938451	0	0.134018	0.0860722	0	-0.0576634	0.938451	0	0.134018	0.0860722	0	0	0	-0.0966332	0	0	0.657411	-0.0590816	0.704774	0.0835	-0.0709463	0.072559	0	-0.0590816	0.704774	0.0835	-0.0709463	0.072559	0	0	0	0.0295295	0	0	-1.4696	-0.0666504	0.295075	0.0835	-0.217435	0.0454776	0	-0.0666504	0.295075	0.0835	-0.217435	0.0454776	0	0	0	-0.0762131	0	0	0.981672	-0.0344138	0.0407745	0.09142	0.0169859	0.019068	0	-0.0344138	0.0407745	0.09142	0.0169859	0.019068	0	0	0	-0.0328864	0	0	-0.156193	-0.0590816	0.704774	-0.0835	-0.0709463	0.072559	0	-0.0590816	0.704774	-0.0835	-0.0709463	0.072559	0	0	0	0.0295295	0	0	-1.4696	-0.0666504	0.295075	-0.0835	-0.217435	0.0454776	0	-0.0666504	0.295075	-0.0835	-0.217435	0.0454776	0	0	0	-0.0762131	0	0	0.981672	-0.0344138	0.0407745	-0.09142	0.0169859	0.019068	0	-0.0344138	0.0407745	-0.09142	0.0169859	0.019068	0	0	0	-0.0328864	0	0	-0.156193	-0.0693794	1.34347	0	-0.128748	0.0795178	0	-0.0693794	1.34347	0	-0.128748	0.0795178	0	0	0	-0.125373	0	0	0.646049	2.77879	-0.0641008	0.8747	0.0835	-5.9925e-05	0.00203989	0	0.00150698	-0.0019442	0	0.00383683	0.038687	0	0	0	0.12616	0	0	-2.12701	2031.72	53.0542	-2031.03	-0	0	0	0	0	3.21428	-0.0524352	0.481233	0.0835	-2.6349e-05	0.00236088	0	0.00275025	-0.00332049	0	0.0458955	0.11412	0	0	0	-0.105743	0	0	2.45127	2350.13	17.3933	-2350.07	-0	0	0	0	0	2.62785	-0.0852231	0.0544025	0.0835	-4.79817e-05	0.00192124	0	-0.00159794	-0.00028838	0	0.107344	0.010572	0	0	0	0.0433288	0	0	-1.13787	1921.36	51.0717	-1920.68	-0	0	0	0	0	2.77879	-0.0641008	0.8747	-0.0835	-5.9925e-05	0.00203989	0	0.00150698	-0.0019442	0	0.00383683	0.038687	0	0	0	0.12616	0	0	-2.12701	2031.72	53.0542	-2031.03	-0	0	0	0	0	3.21428	-0.0524352	0.481233	-0.0835	-2.6349e-05	0.00236088	0	0.00275025	-0.00332049	0	0.0458955	0.11412	0	0	0	-0.105743	0	0	2.45127	2350.13	17.3933	-2350.07	-0	0	0	0	0	2.62785	-0.0852231	0.0544025	-0.0835	-4.79817e-05	0.00192124	0	-0.00159794	-0.00028838	0	0.107344	0.010572	0	0	0	0.0433288	0	0	-1.13787	1921.36	51.0717	-1920.68	-0	0	0	0	0	0.308546	-0.0796293	1.02223	0	3.07783e-05	-0.000231087	0	2.6226e-06	0.00128446	0	0.00104319	-0.0705414	0	0	0	-0.0287301	0	0	-0.011362	225.594	-30.7939	223.483	-0	15.8438	0	0	15.8438	0.0407745	-0.0635134	0.972058	1.99931e-10	-0.0767351	0.0734023	0	-5.71918	5.47078	0	-3.87026e-10	-2.14552e-09	0.928625	-0.030653	0.353479	0	-22.412	258.447	0	23.523	2.03987	9.31924	0.036343	-0.00328065	-0.0910167	-0.030653	0.353479	0	-22.412	258.447	0	-23.523	-2.03987	9.31924	0.036343	-0.00328065	0.0910167
0.16	-0.0899981	0.659401	-0.0563261	0.131665	0.939148	0.0550046	0.104723	-2.11712	-0.0810963	2.40523	0.0323387	-0.996924	0.104723	-2.11712	-0.0810963	2.40523	0.0323387	-0.996924	0	1	0	0	0	0	1	0	0	0	0	0	0	0	0	0	-0.0563261	0.939148	0	0.998988	0	0	-0.0449839	0.131665	0.0550046	0	0	0	0.659401	-0.0598115	0.705357	0.0835	0.999973	0	0	0.00736221	-0.0733745	0.0456552	0	0	0	-1.45772	-0.0688639	0.295426	0.0835	0.999449	0	0	-0.0331798	-0.222806	0.0260301	0	0	0	0.947508	-0.0342633	0.0408977	0.09142	0.999855	0	0	-0.0170157	0.0091218	0.00791074	0	0	0	-0.0494161	-0.0598115	0.705357	-0.0835	0.999973	0	0	0.00736221	-0.0733745	0.0456552	0	0	0	-1.45772	-0.0688639	0.295426	-0.0835	0.999449	0	0	-0.0331798	-0.222806	0.0260301	0	0	0	0.947508	-0.0342633	0.0408977	-0.09142	0.999855	0	0	-0.0170157	0.0091218	0.00791074	0	0	0	-0.0494161	-0.0707149	1.34409	0	0.998237	0	0	-0.0593583	-0.137787	0.0460809	0	0	0	0.668058	0.3	0.082064	0.3	0.129676	0.3	0.116656	0.3	0.106203	0.3	0.0585327	0.3	0.0542776	0.3	0.0438232	0.3	0.0532516	0.3	0.082064	0.3	0.129676	0.3	0.116656	0.3	0.106203	0.3	0.0585327	0.3	0.0542776	0.3	0.0438232	0.3	0.0532516	0.3	0.0532889	0.3	0.0532889	0.3	0.3	0.84082	-0.450733	0.0171963	0.214238	-0.0450733	-0.0439916	0.3	0.3	1.17567	0.594909	0.0261589	0.387083	0.0594909	0.0656184	0.3	0.3	0.743507	-0.619601	0.0132632	0.151624	-0.0619601	-0.0972153	0.3	0.3	0.996274	0.747121	0.0257983	0.379319	0.0747121	0.0796431	0.3	0.3	0.702094	-0.0159061	0.016368	0.200381	-0.00159061	-0.00120727	0.3	0.3	0.589453	-0.923417	0.00816146	0.0824345	-0.0923417	-0.0916953	0.3	0.3	1.06427	-0.0258571	0.0216245	0.294397	-0.00258571	-0.00131871	0.3	0.3	0.995983	-0.863203	0.0144208	0.169215	-0.0863203	-0.0379809	0.3	0.3	0.779671	0.674052	0.0229035	0.319452	0.0674052	0.0460378	0.3	0.3	0.84082	-0.450733	0.0171963	0.214238	-0.0450733	-0.0439916	0.3	0.3	1.17567	0.594909	0.0261589	0.387083	0.0594909	0.0656184	0.3	0.3	0.743507	-0.619601	0.0132632	0.151624	-0.0619601	-0.0972153	0.3	0.3	0.996274	0.747121	0.0257983	0.379319	0.0747121	0.0796431	0.3	0.3	0.702094	-0.0159061	0.016368	0.200381	-0.00159061	-0.00120727	0.3	0.3	0.589453	-0.923417	0.00816146	0.0824345	-0.0923417	-0.0916953	0.3	0.3	1.06427	-0.0258571	0.0216245	0.294397	-0.00258571	-0.00131871	0.3	0.3	0.995983	-0.863203	0.0144208	0.169215	-0.0863203	-0.0379809	0.3	0.3	0.779671	0.674052	0.0229035	0.319452	0.0674052	0.0460378	0	0	0	0	0	0	0	0	0	0	0	0	0	0	0	0	0	0	-0.0563261	0.939148	0	0.131665	0.0550046	0	-0.0563261	0.939148	0	0.131665	0.0550046	0	0	0	-0.0899981	0	0	0.659401	-0.0598115	0.705357	0.0835	-0.0733745	0.0456552	0	-0.0598115	0.705357	0.0835	-0.0733745	0.0456552	0	0	0	0.0147246	0	0	-1.45772	-0.0688639	0.295426	0.0835	-0.222806	0.0260301	0	-0.0688639	0.295426	0.0835	-0.222806	0.0260301	0	0	0	-0.0663717	0	0	0.947508	-0.0342633	0.0408977	0.09142	0.0091218	0.00791074	0	-0.0342633	0.0408977	0.09142	0.0091218	0.00791074	0	0	0	-0.034033	0	0	-0.0494161	-0.0598115	0.705357	-0.0835	-0.0733745	0.0456552	0	-0.0598115	0.705357	-0.0835	-0.0733745	0.0456552	0	0	0	0.0147246	0	0	-1.45772	-0.0688639	0.295426	-0.0835	-0.222806	0.0260301	0	-0.0688639	0.295426	-0.0835	-0.222806	0.0260301	0	0	0	-0.0663717	0	0	0.947508	-0.0342633	0.0408977	-0.09142	0.0091218	0.00791074	0	-0.0342633	0.0408977	-0.09142	0.0091218	0.00791074	0	0	0	-0.034033	0	0	-0.0494161	-0.0707149	1.34409	0	-0.137787	0.0460809	0	-0.0707149	1.34409	0	-0.137787	0.0460809	0	0	0	-0.118786	0	0	0.668058	2.75675	-0.0623146	0.875339	0.0835	-4.76465e-05	0.0020231	0	-0.000663966	-0.00178317	0	-0.931508	-0.0819767	0	0	0	0.104723	0	0	-2.11712	2015.61	50.6737	-2014.97	-0	0	0	0	0	3.17726	-0.0564813	0.481715	0.0835	2.54437e-06	0.00233293	0	0.00346762	-0.00304184	0	-0.567712	-0.0299628	0	0	0	-0.0810926	0	0	2.40523	2323.06	-13.836	-2323.02	-0	5.57895	0	0	-5.57895	2.62942	-0.085057	0.0545839	0.0835	-5.67734e-05	0.00192243	0	0.00258335	-0.000319956	0	0.408249	-0.0103325	0	0	0	0.0323377	0	0	-0.996924	1922.51	51.7779	-1921.81	-0	0	0	0	0	2.75675	-0.0623146	0.875339	-0.0835	-4.76465e-05	0.0020231	0	-0.000663966	-0.00178317	0	-0.931508	-0.0819767	0	0	0	0.104723	0	0	-2.11712	2015.61	50.6737	-2014.97	-0	0	0	0	0	3.17726	-0.0564813	0.481715	-0.0835	2.54437e-06	0.00233293	0	0.00346762	-0.00304184	0	-0.567712	-0.0299628	0	0	0	-0.0810926	0	0	2.40523	2323.06	-13.836	-2323.02	-0	5.57895	0	0	-5.57895	2.62942	-0.085057	0.0545839	-0.0835	-5.67734e-05	0.00192243	0	0.00258335	-0.000319956	0	0.408249	-0.0103325	0	0	0	0.0323377	0	0	-0.996924	1922.51	51.7779	-1921.81	-0	0	0	0	0	0.30442	-0.0788486	1.02279	0	3.11583e-05	-0.000222996	0	0.000496477	0.000514407	0	0.51701	0.0184503	0	0	0	-0.0287881	0	0	0.00865686	222.578	-34.0977	219.95	-0	13.2695	0	0	13.2695	0.0408977	-0.0643129	0.972636	1.99931e-10	-0.0826633	0.0441095	0	-6.16101	3.28755	0	-2.07109e-09	3.50428e-09	1.01963	-0.0206839	0.347022	0	-15.1231	253.726	0	23.1122	1.37758	9.84525	0.0389995	-0.00330267	-0.0910911	-0.0206839	0.347022	0	-15.1231	253.726	0	-23.1122	-1.37758	9.84525	0.0389995	-0.00330267	0.0910911
0.17	-0.0838267	0.584282	-0.0551901	0.0932393	0.939511	0.019612	0.0861766	-1.58325	-0.061117	1.58434	0.0249209	-0.60617	0.0861766	-1.58325	-0.061117	1.58434	0.0249209	-0.60617	0	1	0	0	0	0	1	0	0	0	0	0	0	0	0	0	-0.0551901	0.939511	0	0.999122	0	0	-0.0419011	0.0932393	0.019612	0	0	0	0.584282	-0.0603922	0.70565	0.0835	0.999999	0	0	0.00117497	-0.0392977	0.014834	0	0	0	-0.998968	-0.0707985	0.295601	0.0835	0.999568	0	0	-0.0293793	-0.153139	0.00991051	0	0	0	0.585377	-0.0343157	0.0409799	0.09142	0.999857	0	0	-0.0169223	-0.00823024	0.00256447	0	0	0	-0.0207926	-0.0603922	0.70565	-0.0835	0.999999	0	0	0.00117497	-0.0392977	0.014834	0	0	0	-0.998968	-0.0707985	0.295601	-0.0835	0.999568	0	0	-0.0293793	-0.153139	0.00991051	0	0	0	0.585377	-0.0343157	0.0409799	-0.09142	0.999857	0	0	-0.0169223	-0.00823024	0.00256447	0	0	0	-0.0207926	-0.0721621	1.34437	0	0.998424	0	0	-0.0561195	-0.152369	0.0103647	0	0	0	0.617817	0.3	0.0816198	0.3	0.130256	0.3	0.115752	0.3	0.106958	0.3	0.0576997	0.3	0.0542731	0.3	0.0434556	0.3	0.0536756	0.3	0.0816198	0.3	0.130256	0.3	0.115752	0.3	0.106958	0.3	0.0576997	0.3	0.0542731	0.3	0.0434556	0.3	0.0536756	0.3	0.0532814	0.3	0.0532814	0.3	0.3	0.836268	-0.457748	0.0170875	0.212396	-0.0457748	-0.0446762	0.3	0.3	1.18093	0.420409	0.0254453	0.371785	0.0420409	0.0463711	0.3	0.3	0.737746	-0.503905	0.0137086	0.158309	-0.0503905	-0.0790626	0.3	0.3	1.00336	0.637792	0.0253663	0.370107	0.0637792	0.0679887	0.3	0.3	0.701995	-0.00105698	0.016451	0.201753	-0.000105698	-8.02247e-05	0.3	0.3	0.581064	-0.713102	0.00848801	0.0864557	-0.0713102	-0.0708111	0.3	0.3	1.06418	0.00227253	0.0218458	0.298673	0.000227253	0.000115899	0.3	0.3	0.987628	-0.794281	0.0147827	0.174858	-0.0794281	-0.0349484	0.3	0.3	0.78588	0.546926	0.0225549	0.312538	0.0546926	0.037355	0.3	0.3	0.836268	-0.457748	0.0170875	0.212396	-0.0457748	-0.0446762	0.3	0.3	1.18093	0.420409	0.0254453	0.371785	0.0420409	0.0463711	0.3	0.3	0.737746	-0.503905	0.0137086	0.158309	-0.0503905	-0.0790626	0.3	0.3	1.00336	0.637792	0.0253663	0.370107	0.0637792	0.0679887	0.3	0.3	0.701995	-0.00105698	0.016451	0.201753	-0.000105698	-8.02247e-05	0.3	0.3	0.581064	-0.713102	0.00848801	0.0864557	-0.0713102	-0.0708111	0.3	0.3	1.06418	0.00227253	0.0218458	0.298673	0.000227253	0.000115899	0.3	0.3	0.987628	-0.794281	0.0147827	0.174858	-0.0794281	-0.0349484	0.3	0.3	0.78588	0.546926	0.0225549	0.312538	0.0546926	0.037355	0	0	0	0	0	0	0	0	0	0	0	0	0	0	0	0	0	0	-0.0551901	0.939511	0	0.0932393	0.019612	0	-0.0551901	0.939511	0	0.0932393	0.019612	0	0	0	-0.0838267	0	0	0.584282	-0.0603922	0.70565	0.0835	-0.0392977	0.014834	0	-0.0603922	0.70565	0.0835	-0.0392977	0.014834	0	0	0	0.00234994	0	0	-0.998968	-0.0707985	0.295601	0.0835	-0.153139	0.00991051	0	-0.0707985	0.295601	0.0835	-0.153139	0.00991051	0	0	0	-0.058767	0	0	0.585377	-0.0343157	0.0409799	0.09142	-0.00823024	0.00256447	0	-0.0343157	0.0409799	0.09142	-0.00823024	0.00256447	0	0	0	-0.0338462	0	0	-0.0207926	-0.0603922	0.70565	-0.0835	-0.0392977	0.014834	0	-0.0603922	0.70565	-0.0835	-0.0392977	0.014834	0	0	0	0.00234994	0	0	-0.998968	-0.0707985	0.295601	-0.0835	-0.153139	0.00991051	0	-0.0707985	0.295601	-0.0835	-0.153139	0.00991051	0	0	0	-0.058767	0	0	0.585377	-0.0343157	0.0409799	-0.09142	-0.00823024	0.00256447	0	-0.0343157	0.0409799	-0.09142	-0.00823024	0.00256447	0	0	0	-0.0338462	0	0	-0.0207926	-0.0721621	1.34437	0	-0.152369	0.0103647	0	-0.0721621	1.34437	0	-0.152369	0.0103647	0	0	0	-0.112298	0	0	0.617817	2.7389	-0.0607917	0.87565	0.0835	-6.71558e-05	0.00200646	0	-0.00119837	-0.00114523	0	-0.924674	0.203637	0	0	0	0.0861769	0	0	-1.58325	2002.55	72.6196	-2001.23	-0	0	0	0	0	3.19341	-0.059833	0.481979	0.0835	2.80887e-05	0.00232798	0	0.00282395	0.00202595	0	-8.82488	0.340188	0	0	0	-0.0611137	0	0	1.58434	2334.87	-37.2843	-2334.58	-0	16.5972	0	0	-16.5972	2.6526	-0.085112	0.0546566	0.0835	-2.36779e-05	0.00193536	0	0.00301641	0.00207506	0	-13.174	3.22785	0	0	0	0.0249169	0	0	-0.60617	1939.46	17.845	-1939.38	-0	0	0	0	0	2.7389	-0.0607917	0.87565	-0.0835	-6.71558e-05	0.00200646	0	-0.00119837	-0.00114523	0	-0.924674	0.203637	0	0	0	0.0861769	0	0	-1.58325	2002.55	72.6196	-2001.23	-0	0	0	0	0	3.19341	-0.059833	0.481979	-0.0835	2.80887e-05	0.00232798	0	0.00282395	0.00202595	0	-8.82488	0.340188	0	0	0	-0.0611137	0	0	1.58434	2334.87	-37.2843	-2334.58	-0	16.5972	0	0	-16.5972	2.6526	-0.085112	0.0546566	-0.0835	-2.36779e-05	0.00193536	0	0.00301641	0.00207506	0	-13.174	3.22785	0	0	0	0.0249169	0	0	-0.60617	1939.46	17.845	-1939.38	-0	0	0	0	0	0.30085	-0.078211	1.02302	0	4.98667e-05	-0.000214335	0	0.0018447	0.000495433	0	-0.0751162	-0.226207	0	0	0	-0.0284717	0	0	0.0335346	219.968	-60.788	211.401	-0	9.92683	0	0	9.92683	0.0409799	-0.0651374	0.972914	1.99931e-10	-0.0805788	0.0126346	0	-6.00565	0.941675	0	4.784e-10	2.8474e-09	1.68736	0.0267106	0.34002	0	19.5295	248.606	0	22.65	-1.77929	9.89034	0.0395267	-0.00326448	-0.091108	0.0267106	0.34002	0	19.5295	248.606	0	-22.65	1.77929	9.89034	0.0395267	-0.00326448	0.091108
0.18	-0.0780624	0.579942	-0.0544565	0.0588379	0.939551	-0.00913849	0.0727873	-1.16596	-0.0490809	0.912999	0.0194673	-0.467674	0.0727873	-1.16596	-0.0490809	0.912999	0.0194673	-0.467674	0	1	0	0	0	0	1	0	0	0	0	0	0	0	0	0	-0.0544565	0.939551	0	0.999238	0	0	-0.0390213	0.0588379	-0.00913849	0	0	0	0.579942	-0.0605757	0.705658	0.0835	0.999997	0	0	-0.0026375	-0.00178889	-0.0114447	0	0	0	-0.586021	-0.0718716	0.295597	0.0835	0.999631	0	0	-0.0271746	-0.0725188	-0.0104792	0	0	0	0.326978	-0.0343361	0.0408911	0.09142	0.999848	0	0	-0.0174434	0.00377486	-0.0186485	0	0	0	-0.140696	-0.0605757	0.705658	-0.0835	0.999997	0	0	-0.0026375	-0.00178889	-0.0114447	0	0	0	-0.586021	-0.0718716	0.295597	-0.0835	0.999631	0	0	-0.0271746	-0.0725188	-0.0104792	0	0	0	0.326978	-0.0343361	0.0408911	-0.09142	0.999848	0	0	-0.0174434	0.00377486	-0.0186485	0	0	0	-0.140696	-0.0737799	1.34429	0	0.998584	0	0	-0.0532021	-0.170249	-0.0226256	0	0	0	0.562287	0.3	0.081175	0.3	0.130616	0.3	0.11507	0.3	0.107552	0.3	0.0571207	0.3	0.0542717	0.3	0.0431247	0.3	0.0540057	0.3	0.081175	0.3	0.130616	0.3	0.11507	0.3	0.107552	0.3	0.0571207	0.3	0.0542717	0.3	0.0431247	0.3	0.0540057	0.3	0.0532889	0.3	0.0532889	0.3	0.3	0.831711	-0.452053	0.0170575	0.211891	-0.0452053	-0.0441204	0.3	0.3	1.18419	0.236756	0.0245112	0.352159	0.0236756	0.0261142	0.3	0.3	0.733399	-0.36947	0.0142952	0.167272	-0.036947	-0.0579698	0.3	0.3	1.00893	0.475621	0.0246257	0.354541	0.0475621	0.0507012	0.3	0.3	0.702094	0.0250807	0.0166256	0.20465	0.00250807	0.00190363	0.3	0.3	0.575234	-0.449662	0.0090914	0.0940339	-0.0449662	-0.0446514	0.3	0.3	1.06415	-0.0128234	0.0217254	0.296342	-0.00128234	-0.000653995	0.3	0.3	0.980107	-0.703882	0.0152761	0.18266	-0.0703882	-0.0309708	0.3	0.3	0.790713	0.418507	0.0220866	0.303351	0.0418507	0.028584	0.3	0.3	0.831711	-0.452053	0.0170575	0.211891	-0.0452053	-0.0441204	0.3	0.3	1.18419	0.236756	0.0245112	0.352159	0.0236756	0.0261142	0.3	0.3	0.733399	-0.36947	0.0142952	0.167272	-0.036947	-0.0579698	0.3	0.3	1.00893	0.475621	0.0246257	0.354541	0.0475621	0.0507012	0.3	0.3	0.702094	0.0250807	0.0166256	0.20465	0.00250807	0.00190363	0.3	0.3	0.575234	-0.449662	0.0090914	0.0940339	-0.0449662	-0.0446514	0.3	0.3	1.06415	-0.0128234	0.0217254	0.296342	-0.00128234	-0.000653995	0.3	0.3	0.980107	-0.703882	0.0152761	0.18266	-0.0703882	-0.0309708	0.3	0.3	0.790713	0.418507	0.0220866	0.303351	0.0418507	0.028584	0	0	0	0	0	0	0	0	0	0	0	0	0	0	0	0	0	0	-0.0544565	0.939551	0	0.0588379	-0.00913849	0	-0.0544565	0.939551	0	0.0588379	-0.00913849	0	0	0	-0.0780624	0	0	0.579942	-0.0605757	0.705658	0.0835	-0.00178889	-0.0114447	0	-0.0605757	0.705658	0.0835	-0.00178889	-0.0114447	0	0	0	-0.00527501	0	0	-0.586021	-0.0718716	0.295597	0.0835	-0.0725188	-0.0104792	0	-0.0718716	0.295597	0.0835	-0.0725188	-0.0104792	0	0	0	-0.0543559	0	0	0.326978	-0.0343361	0.0408911	0.09142	0.00377486	-0.0186485	0	-0.0343361	0.0408911	0.09142	0.00377486	-0.0186485	0	0	0	-0.0348886	0	0	-0.140696	-0.0605757	0.705658	-0.0835	-0.00178889	-0.0114447	0	-0.0605757	0.705658	-0.0835	-0.00178889	-0.0114447	0	0	0	-0.00527501	0	0	-0.586021	-0.0718716	0.295597	-0.0835	-0.0725188	-0.0104792	0	-0.0718716	0.295597	-0.0835	-0.0725188	-0.0104792	0	0	0	-0.0543559	0	0	0.326978	-0.0343361	0.0408911	-0.09142	0.00377486	-0.0186485	0	-0.0343361	0.0408911	-0.09142	0.00377486	-0.0186485	0	0	0	-0.0348886	0	0	-0.140696	-0.0737799	1.34429	0	-0.170249	-0.0226256	0	-0.0737799	1.34429	0	-0.170249	-0.0226256	0	0	0	-0.106454	0	0	0.562287	2.7421	-0.059679	0.875655	0.0835	-6.77593e-05	0.00200315	0	0.000778005	0.000157696	0	0.100369	0.0586708	0	0	0	0.0727825	0	0	-1.16596	2004.9	64.2121	-2003.87	-0	0	0	0	0	3.24415	-0.0617283	0.482021	0.0835	3.95551e-05	0.00235993	0	0.000752389	0.00358345	0	-0.0807209	0.0787261	0	0	0	-0.0490826	0	0	0.912999	2371.97	-42.0051	-2371.6	-0	15.8208	0	0	-15.8208	2.69632	-0.0851181	0.0546207	0.0835	-2.82899e-05	0.00196481	0	-0.00121087	0.0032977	0	0.0747407	-0.392592	0	0	0	0.0194579	0	0	-0.467674	1971.42	30.6313	-1971.18	-0	0	0	0	0	2.7421	-0.059679	0.875655	-0.0835	-6.77593e-05	0.00200315	0	0.000778005	0.000157696	0	0.100369	0.0586708	0	0	0	0.0727825	0	0	-1.16596	2004.9	64.2121	-2003.87	-0	0	0	0	0	3.24415	-0.0617283	0.482021	-0.0835	3.95551e-05	0.00235993	0	0.000752389	0.00358345	0	-0.0807209	0.0787261	0	0	0	-0.0490826	0	0	0.912999	2371.97	-42.0051	-2371.6	-0	15.8208	0	0	-15.8208	2.69632	-0.0851181	0.0546207	-0.0835	-2.82899e-05	0.00196481	0	-0.00121087	0.0032977	0	0.0747407	-0.392592	0	0	0	0.0194579	0	0	-0.467674	1971.42	30.6313	-1971.18	-0	0	0	0	0	0.335807	-0.0779509	1.02292	0	5.86435e-05	-0.000225414	0	9.65968e-05	-0.00217297	0	-0.123534	-0.12905	0	0	0	-0.0283794	0	0	-0.0176553	245.526	-59.2154	238.278	-0	16.4583	0	0	16.4583	0.0408911	-0.0659179	0.972884	1.99931e-10	-0.0764428	-0.0163619	0	-5.69739	-1.21947	0	3.1079e-10	1.16535e-09	2.53157	0.00776202	0.368299	0	5.67522	269.283	0	24.539	-0.517168	10.8292	0.0401441	-0.00335886	-0.0911273	0.00776202	0.368299	0	5.67522	269.283	0	-24.539	0.517168	10.8292	0.0401441	-0.00335886	0.0911273
0.19	-0.072082	0.616439	-0.0539501	0.0462185	0.939337	-0.0310619	0.062057	-1.02443	-0.0418723	0.599852	0.0158789	-0.265642	0.062057	-1.02443	-0.0418723	0.599852	0.0158789	-0.265642	0	1	0	0	0	0	1	0	0	0	0	0	0	0	0	0	-0.0539501	0.939337	0	0.999351	0	0	-0.0360332	0.0462185	-0.0310619	0	0	0	0.616439	-0.0604731	0.705425	0.0835	0.999987	0	0	-0.0050125	0.0183696	-0.0326714	0	0	0	-0.407987	-0.0723785	0.295382	0.0835	0.999663	0	0	-0.0259458	-0.0376249	-0.0305372	0	0	0	0.191865	-0.0342686	0.0406244	0.09142	0.999838	0	0	-0.0180083	0.00780149	-0.0324983	0	0	0	-0.0737773	-0.0604731	0.705425	-0.0835	0.999987	0	0	-0.0050125	0.0183696	-0.0326714	0	0	0	-0.407987	-0.0723785	0.295382	-0.0835	0.999663	0	0	-0.0259458	-0.0376249	-0.0305372	0	0	0	0.191865	-0.0342686	0.0406244	-0.09142	0.999838	0	0	-0.0180083	0.00780149	-0.0324983	0	0	0	-0.0737773	-0.075571	1.34393	0	0.998729	0	0	-0.0504129	-0.186691	-0.0471627	0	0	0	0.563366	0.3	0.080737	0.3	0.130818	0.3	0.114545	0.3	0.108004	0.3	0.0567617	0.3	0.0542596	0.3	0.0428361	0.3	0.0542541	0.3	0.080737	0.3	0.130818	0.3	0.114545	0.3	0.108004	0.3	0.0567617	0.3	0.0542596	0.3	0.0428361	0.3	0.0542541	0.3	0.0533225	0.3	0.0533225	0.3	0.3	0.827223	-0.446214	0.0170273	0.21138	-0.0446214	-0.0435505	0.3	0.3	1.18602	0.137652	0.0239224	0.340024	0.0137652	0.015183	0.3	0.3	0.730049	-0.309818	0.0145157	0.170686	-0.0309818	-0.0486104	0.3	0.3	1.01317	0.379086	0.0241224	0.344129	0.0379086	0.0404105	0.3	0.3	0.702537	0.0679725	0.0169134	0.209465	0.00679725	0.00515911	0.3	0.3	0.571618	-0.284697	0.00945094	0.0986394	-0.0284697	-0.0282704	0.3	0.3	1.06391	-0.0342746	0.0215579	0.293113	-0.00342746	-0.001748	0.3	0.3	0.973548	-0.600098	0.0158631	0.19211	-0.0600098	-0.0264043	0.3	0.3	0.79435	0.303734	0.0215741	0.293427	0.0303734	0.020745	0.3	0.3	0.827223	-0.446214	0.0170273	0.21138	-0.0446214	-0.0435505	0.3	0.3	1.18602	0.137652	0.0239224	0.340024	0.0137652	0.015183	0.3	0.3	0.730049	-0.309818	0.0145157	0.170686	-0.0309818	-0.0486104	0.3	0.3	1.01317	0.379086	0.0241224	0.344129	0.0379086	0.0404105	0.3	0.3	0.702537	0.0679725	0.0169134	0.209465	0.00679725	0.00515911	0.3	0.3	0.571618	-0.284697	0.00945094	0.0986394	-0.0284697	-0.0282704	0.3	0.3	1.06391	-0.0342746	0.0215579	0.293113	-0.00342746	-0.001748	0.3	0.3	0.973548	-0.600098	0.0158631	0.19211	-0.0600098	-0.0264043	0.3	0.3	0.79435	0.303734	0.0215741	0.293427	0.0303734	0.020745	0	0	0	0	0	0	0	0	0	0	0	0	0	0	0	0	0	0	-0.0539501	0.939337	0	0.0462185	-0.0310619	0	-0.0539501	0.939337	0	0.0462185	-0.0310619	0	0	0	-0.072082	0	0	0.616439	-0.0604731	0.705425	0.0835	0.0183696	-0.0326714	0	-0.0604731	0.705425	0.0835	0.0183696	-0.0326714	0	0	0	-0.010025	0	0	-0.407987	-0.0723785	0.295382	0.0835	-0.0376249	-0.0305372	0	-0.0723785	0.295382	0.0835	-0.0376249	-0.0305372	0	0	0	-0.0518973	0	0	0.191865	-0.0342686	0.0406244	0.09142	0.00780149	-0.0324983	0	-0.0342686	0.0406244	0.09142	0.00780149	-0.0324983	0	0	0	-0.0360185	0	0	-0.0737773	-0.0604731	0.705425	-0.0835	0.0183696	-0.0326714	0	-0.0604731	0.705425	-0.0835	0.0183696	-0.0326714	0	0	0	-0.010025	0	0	-0.407987	-0.0723785	0.295382	-0.0835	-0.0376249	-0.0305372	0	-0.0723785	0.295382	-0.0835	-0.0376249	-0.0305372	0	0	0	-0.0518973	0	0	0.191865	-0.0342686	0.0406244	-0.09142	0.00780149	-0.0324983	0	-0.0342686	0.0406244	-0.09142	0.00780149	-0.0324983	0	0	0	-0.0360185	0	0	-0.0737773	-0.075571	1.34393	0	-0.186691	-0.0471627	0	-0.075571	1.34393	0	-0.186691	-0.0471627	0	0	0	-0.100869	0	0	0.563366	2.75063	-0.0587689	0.875417	0.0835	-5.82449e-05	0.00200753	0	0.000864588	0.000629727	0	-0.0526864	0.0457497	0	0	0	0.0620584	0	0	-1.02443	2011.13	54.303	-2010.4	-0	0	0	0	0	3.28932	-0.0626936	0.481831	0.0835	4.51058e-05	0.00239456	0	0.000432998	0.00306804	0	-0.0682893	-0.0939136	0	0	0	-0.0418736	0	0	0.599852	2405	-46.5158	-2404.55	-0	14.1409	0	0	-14.1409	2.74921	-0.085035	0.0544115	0.0835	-3.55318e-05	0.00200164	0	-0.000174433	0.00420582	0	0.0409073	0.090503	0	0	0	0.0158823	0	0	-0.265642	2010.1	35.8691	-2009.78	-0	0	0	0	0	2.75063	-0.0587689	0.875417	-0.0835	-5.82449e-05	0.00200753	0	0.000864588	0.000629727	0	-0.0526864	0.0457497	0	0	0	0.0620584	0	0	-1.02443	2011.13	54.303	-2010.4	-0	0	0	0	0	3.28932	-0.0626936	0.481831	-0.0835	4.51058e-05	0.00239456	0	0.000432998	0.00306804	0	-0.0682893	-0.0939136	0	0	0	-0.0418736	0	0	0.599852	2405	-46.5158	-2404.55	-0	14.1409	0	0	-14.1409	2.74921	-0.085035	0.0544115	-0.0835	-3.55318e-05	0.00200164	0	-0.000174433	0.00420582	0	0.0409073	0.090503	0	0	0	0.0158823	0	0	-0.265642	2010.1	35.8691	-2009.78	-0	0	0	0	0	0.37164	-0.0779467	1.02254	0	5.59241e-05	-0.000250936	0	-0.000405166	-0.00261238	0	0.00713146	-0.00290942	0	0	0	-0.0287881	0	0	-0.0530731	271.726	-53.5253	266.402	-0	21.2881	0	0	21.2881	0.0406244	-0.0666832	0.972595	1.99931e-10	-0.0773512	-0.0388557	0	-5.7651	-2.89597	0	-2.65113e-09	1.62714e-09	3.06254	-0.0158444	0.405481	0	-11.5847	296.469	0	27.0032	1.05516	11.425	0.038674	-0.00350685	-0.0910827	-0.0158444	0.405481	0	-11.5847	296.469	0	-27.0032	-1.05516	11.425	0.038674	-0.00350685	0.0910827
0.2	-0.0657055	0.65577	-0.0535008	0.0446387	0.938944	-0.0451861	0.0519181	-1.01506	-0.0365271	0.496974	0.0140499	-0.122695	0.0519181	-1.01506	-0.0365271	0.496974	0.0140499	-0.122695	0	1	0	0	0	0	1	0	0	0	0	0	0	0	0	0	-0.0535008	0.938944	0	0.99946	0	0	-0.0328468	0.0446387	-0.0451861	0	0	0	0.65577	-0.0602367	0.705019	0.0835	0.999976	0	0	-0.00689363	0.0271705	-0.0460991	0	0	0	-0.359291	-0.0726928	0.295	0.0835	0.999684	0	0	-0.0251546	-0.0280451	-0.0436178	0	0	0	0.137683	-0.0341976	0.0402573	0.09142	0.999836	0	0	-0.0181313	0.00606482	-0.0394864	0	0	0	0.014988	-0.0602367	0.705019	-0.0835	0.999976	0	0	-0.00689363	0.0271705	-0.0460991	0	0	0	-0.359291	-0.0726928	0.295	-0.0835	0.999684	0	0	-0.0251546	-0.0280451	-0.0436178	0	0	0	0.137683	-0.0341976	0.0402573	-0.09142	0.999836	0	0	-0.0181313	0.00606482	-0.0394864	0	0	0	0.014988	-0.0775196	1.34336	0	0.99887	0	0	-0.0475177	-0.202004	-0.0637363	0	0	0	0.596896	0.3	0.0803008	0.3	0.130947	0.3	0.114068	0.3	0.108385	0.3	0.0565168	0.3	0.0542397	0.3	0.0425942	0.3	0.0544276	0.3	0.0803008	0.3	0.130947	0.3	0.114068	0.3	0.108385	0.3	0.0565168	0.3	0.0542397	0.3	0.0425942	0.3	0.0544276	0.3	0.0533912	0.3	0.0533912	0.3	0.3	0.822755	-0.449153	0.0169395	0.209903	-0.0449153	-0.0438373	0.3	0.3	1.18719	0.0991778	0.0236815	0.33511	0.00991778	0.0109393	0.3	0.3	0.727012	-0.30208	0.0144641	0.169886	-0.030208	-0.0473964	0.3	0.3	1.01675	0.341358	0.0239138	0.339848	0.0341358	0.0363888	0.3	0.3	0.703442	0.11535	0.0172335	0.214868	0.011535	0.00875504	0.3	0.3	0.569152	-0.2165	0.00952963	0.0996562	-0.02165	-0.0214985	0.3	0.3	1.06352	-0.0423374	0.0214938	0.291883	-0.00423374	-0.00215921	0.3	0.3	0.96805	-0.494255	0.0164833	0.202288	-0.0494255	-0.0217472	0.3	0.3	0.796891	0.201771	0.0210306	0.28305	0.0201771	0.013781	0.3	0.3	0.822755	-0.449153	0.0169395	0.209903	-0.0449153	-0.0438373	0.3	0.3	1.18719	0.0991778	0.0236815	0.33511	0.00991778	0.0109393	0.3	0.3	0.727012	-0.30208	0.0144641	0.169886	-0.030208	-0.0473964	0.3	0.3	1.01675	0.341358	0.0239138	0.339848	0.0341358	0.0363888	0.3	0.3	0.703442	0.11535	0.0172335	0.214868	0.011535	0.00875504	0.3	0.3	0.569152	-0.2165	0.00952963	0.0996562	-0.02165	-0.0214985	0.3	0.3	1.06352	-0.0423374	0.0214938	0.291883	-0.00423374	-0.00215921	0.3	0.3	0.96805	-0.494255	0.0164833	0.202288	-0.0494255	-0.0217472	0.3	0.3	0.796891	0.201771	0.0210306	0.28305	0.0201771	0.013781	0	0	0	0	0	0	0	0	0	0	0	0	0	0	0	0	0	0	-0.0535008	0.938944	0	0.0446387	-0.0451861	0	-0.0535008	0.938944	0	0.0446387	-0.0451861	0	0	0	-0.0657055	0	0	0.65577	-0.0602367	0.705019	0.0835	0.0271705	-0.0460991	0	-0.0602367	0.705019	0.0835	0.0271705	-0.0460991	0	0	0	-0.0137874	0	0	-0.359291	-0.0726928	0.295	0.0835	-0.0280451	-0.0436178	0	-0.0726928	0.295	0.0835	-0.0280451	-0.0436178	0	0	0	-0.0503145	0	0	0.137683	-0.0341976	0.0402573	0.09142	0.00606482	-0.0394864	0	-0.0341976	0.0402573	0.09142	0.00606482	-0.0394864	0	0	0	-0.0362645	0	0	0.014988	-0.0602367	0.705019	-0.0835	0.0271705	-0.0460991	0	-0.0602367	0.705019	-0.0835	0.0271705	-0.0460991	0	0	0	-0.0137874	0	0	-0.359291	-0.0726928	0.295	-0.0835	-0.0280451	-0.0436178	0	-0.0726928	0.295	-0.0835	-0.0280451	-0.0436178	0	0	0	-0.0503145	0	0	0.137683	-0.0341976	0.0402573	-0.09142	0.00606482	-0.0394864	0	-0.0341976	0.0402573	-0.09142	0.00606482	-0.0394864	0	0	0	-0.0362645	0	0	0.014988	-0.0775196	1.34336	0	-0.202004	-0.0637363	0	-0.0775196	1.34336	0	-0.202004	-0.0637363	0	0	0	-0.0950711	0	0	0.596896	2.76535	-0.057893	0.875003	0.0835	-5.21541e-05	0.00201629	0	0.000352599	0.00109095	0	-0.0101	0.0381449	0	0	0	0.0519157	0	0	-1.01506	2021.9	50.5464	-2021.27	-0	0	0	0	0	3.32671	-0.063303	0.481464	0.0835	4.95538e-05	0.00242317	0	0.000303484	0.00265466	0	0.246235	-0.0435243	0	0	0	-0.0365271	0	0	0.496974	2432.34	-50.542	-2431.81	-0	14.0923	0	0	-14.0923	2.81557	-0.0849607	0.0540568	0.0835	-3.15458e-05	0.00204861	0	0.000447196	0.0050553	0	0.460074	0.15812	0	0	0	0.0140503	0	0	-0.122695	2058.62	30.681	-2058.39	-0	0	0	0	0	2.76535	-0.057893	0.875003	-0.0835	-5.21541e-05	0.00201629	0	0.000352599	0.00109095	0	-0.0101	0.0381449	0	0	0	0.0519157	0	0	-1.01506	2021.9	50.5464	-2021.27	-0	0	0	0	0	3.32671	-0.063303	0.481464	-0.0835	4.95538e-05	0.00242317	0	0.000303484	0.00265466	0	0.246235	-0.0435243	0	0	0	-0.0365271	0	0	0.496974	2432.34	-50.542	-2431.81	-0	14.0923	0	0	-14.0923	2.81557	-0.0849607	0.0540568	-0.0835	-3.15458e-05	0.00204861	0	0.000447196	0.0050553	0	0.460074	0.15812	0	0	0	0.0140503	0	0	-0.122695	2058.62	30.681	-2058.39	-0	0	0	0	0	0.408397	-0.078032	1.02196	0	5.28917e-05	-0.000277877	0	-0.000177193	-0.00273448	0	0.0186959	-0.0336767	0	0	0	-0.029354	0	0	-0.058874	298.601	-51.8426	294.066	-0	22.4851	0	0	22.4851	0.0402573	-0.0674772	0.972121	1.99931e-10	-0.0815438	-0.0535879	0	-6.07758	-3.99398	0	-9.01934e-10	1.2663e-09	3.40502	-0.0258534	0.447593	0	-18.9028	327.259	0	29.7727	1.7197	11.4231	0.0351153	-0.00363364	-0.090976	-0.0258534	0.447593	0	-18.9028	327.259	0	-29.7727	-1.7197	11.4231	0.0351153	-0.00363364	0.090976
0.21	-0.0589618	0.690043	-0.0530524	0.0449682	0.938457	-0.0504825	0.0416615	-1.03591	-0.031786	0.459152	0.0132592	-0.0499176	0.0416615	-1.03591	-0.031786	0.459152	0.0132592	-0.0499176	0	1	0	0	0	0	1	0	0	0	0	0	0	0	0	0	-0.0530524	0.938457	0	0.999566	0	0	-0.0294766	0.0449682	-0.0504825	0	0	0	0.690043	-0.0599385	0.704526	0.0835	0.999963	0	0	-0.00865005	0.0318162	-0.0507351	0	0	0	-0.345868	-0.0729547	0.294534	0.0835	0.999699	0	0	-0.0245407	-0.0247856	-0.0479412	0	0	0	0.113284	-0.0341469	0.0398508	0.09142	0.99984	0	0	-0.0179126	0.00428697	-0.0407538	0	0	0	0.063366	-0.0599385	0.704526	-0.0835	0.999963	0	0	-0.00865005	0.0318162	-0.0507351	0	0	0	-0.345868	-0.0729547	0.294534	-0.0835	0.999699	0	0	-0.0245407	-0.0247856	-0.0479412	0	0	0	0.113284	-0.0341469	0.0398508	-0.09142	0.99984	0	0	-0.0179126	0.00428697	-0.0407538	0	0	0	0.063366	-0.0796204	1.34268	0	0.999013	0	0	-0.0444291	-0.217191	-0.0717718	0	0	0	0.637265	0.3	0.079858	0.3	0.131047	0.3	0.113589	0.3	0.108743	0.3	0.0563151	0.3	0.0542183	0.3	0.0423966	0.3	0.0545386	0.3	0.079858	0.3	0.131047	0.3	0.113589	0.3	0.108743	0.3	0.0563151	0.3	0.0542183	0.3	0.0423966	0.3	0.0545386	0.3	0.0534939	0.3	0.0534939	0.3	0.3	0.818217	-0.459994	0.0167992	0.20755	-0.0459994	-0.0448954	0.3	0.3	1.1881	0.0847362	0.0235955	0.333367	0.00847362	0.0093464	0.3	0.3	0.723959	-0.30942	0.0143299	0.167808	-0.030942	-0.0485479	0.3	0.3	1.0201	0.331186	0.0238599	0.338747	0.0331186	0.0353045	0.3	0.3	0.704794	0.15654	0.017523	0.219801	0.015654	0.0118814	0.3	0.3	0.567121	-0.191954	0.00947822	0.0989918	-0.0191954	-0.019061	0.3	0.3	1.0631	-0.0402001	0.0215085	0.292165	-0.00402001	-0.0020502	0.3	0.3	0.963559	-0.400582	0.0170486	0.21174	-0.0400582	-0.0176256	0.3	0.3	0.798516	0.122239	0.0205437	0.273887	0.0122239	0.0083489	0.3	0.3	0.818217	-0.459994	0.0167992	0.20755	-0.0459994	-0.0448954	0.3	0.3	1.1881	0.0847362	0.0235955	0.333367	0.00847362	0.0093464	0.3	0.3	0.723959	-0.30942	0.0143299	0.167808	-0.030942	-0.0485479	0.3	0.3	1.0201	0.331186	0.0238599	0.338747	0.0331186	0.0353045	0.3	0.3	0.704794	0.15654	0.017523	0.219801	0.015654	0.0118814	0.3	0.3	0.567121	-0.191954	0.00947822	0.0989918	-0.0191954	-0.019061	0.3	0.3	1.0631	-0.0402001	0.0215085	0.292165	-0.00402001	-0.0020502	0.3	0.3	0.963559	-0.400582	0.0170486	0.21174	-0.0400582	-0.0176256	0.3	0.3	0.798516	0.122239	0.0205437	0.273887	0.0122239	0.0083489	0	0	0	0	0	0	0	0	0	0	0	0	0	0	0	0	0	0	-0.0530524	0.938457	0	0.0449682	-0.0504825	0	-0.0530524	0.938457	0	0.0449682	-0.0504825	0	0	0	-0.0589618	0	0	0.690043	-0.0599385	0.704526	0.0835	0.0318162	-0.0507351	0	-0.0599385	0.704526	0.0835	0.0318162	-0.0507351	0	0	0	-0.0173003	0	0	-0.345868	-0.0729547	0.294534	0.0835	-0.0247856	-0.0479412	0	-0.0729547	0.294534	0.0835	-0.0247856	-0.0479412	0	0	0	-0.0490863	0	0	0.113284	-0.0341469	0.0398508	0.09142	0.00428697	-0.0407538	0	-0.0341469	0.0398508	0.09142	0.00428697	-0.0407538	0	0	0	-0.0358271	0	0	0.063366	-0.0599385	0.704526	-0.0835	0.0318162	-0.0507351	0	-0.0599385	0.704526	-0.0835	0.0318162	-0.0507351	0	0	0	-0.0173003	0	0	-0.345868	-0.0729547	0.294534	-0.0835	-0.0247856	-0.0479412	0	-0.0729547	0.294534	-0.0835	-0.0247856	-0.0479412	0	0	0	-0.0490863	0	0	0.113284	-0.0341469	0.0398508	-0.09142	0.00428697	-0.0407538	0	-0.0341469	0.0398508	-0.09142	0.00428697	-0.0407538	0	0	0	-0.0358271	0	0	0.063366	-0.0796204	1.34268	0	-0.217191	-0.0717718	0	-0.0796204	1.34268	0	-0.217191	-0.0717718	0	0	0	-0.0888876	0	0	0.637265	2.78517	-0.0569976	0.874501	0.0835	-5.00493e-05	0.00202931	0	0.000104263	0.00141801	0	-0.0287277	0.0210006	0	0	0	0.0416566	0	0	-1.03591	2036.38	49.5739	-2035.78	-0	0	0	0	0	3.36113	-0.063794	0.481009	0.0835	5.41881e-05	0.0024488	0	0.000428103	0.00247946	0	0.0724561	-0.0548969	0	0	0	-0.0317874	0	0	0.459152	2457.5	-55.5821	-2456.87	-0	14.7203	0	0	-14.7203	2.88819	-0.084916	0.0536281	0.0835	-2.33352e-05	0.0021013	0	0.000670867	0.00532266	0	0.0697201	0.133769	0	0	0	0.0132647	0	0	-0.0499176	2111.71	22.0379	-2111.59	-0	0	0	0	0	2.78517	-0.0569976	0.874501	-0.0835	-5.00493e-05	0.00202931	0	0.000104263	0.00141801	0	-0.0287277	0.0210006	0	0	0	0.0416566	0	0	-1.03591	2036.38	49.5739	-2035.78	-0	0	0	0	0	3.36113	-0.063794	0.481009	-0.0835	5.41881e-05	0.0024488	0	0.000428103	0.00247946	0	0.0724561	-0.0548969	0	0	0	-0.0317874	0	0	0.459152	2457.5	-55.5821	-2456.87	-0	14.7203	0	0	-14.7203	2.88819	-0.084916	0.0536281	-0.0835	-2.33352e-05	0.0021013	0	0.000670867	0.00532266	0	0.0697201	0.133769	0	0	0	0.0132647	0	0	-0.0499176	2111.71	22.0379	-2111.59	-0	0	0	0	0	0.450161	-0.0781454	1.02128	0	5.22807e-05	-0.000307191	0	1.77547e-05	-0.00299806	0	0.0173925	-0.0133342	0	0	0	-0.0299172	0	0	-0.0527779	329.136	-52.3858	324.941	-0	22.0906	0	0	22.0906	0.0398508	-0.0683213	0.971545	1.99931e-10	-0.0870439	-0.0597458	0	-6.4875	-4.45294	0	1.37137e-09	9.04592e-10	3.69631	-0.0298327	0.492618	0	-21.8123	360.179	0	32.7183	1.9814	10.9111	0.0305199	-0.00373831	-0.090839	-0.0298327	0.492618	0	-21.8123	360.179	0	-32.7183	-1.9814	10.9111	0.0305199	-0.00373831	0.090839
0.22	-0.0518959	0.721235	-0.0526048	0.0443771	0.937963	-0.0468454	0.0311944	-1.05565	-0.0273372	0.433208	0.0129006	-0.0312873	0.0311944	-1.05565	-0.0273372	0.433208	0.0129006	-0.0312873	0	1	0	0	0	0	1	0	0	0	0	0	0	0	0	0	-0.0526048	0.937963	0	0.999663	0	0	-0.025945	0.0443771	-0.0468454	0	0	0	0.721235	-0.0596021	0.704033	0.0835	0.999946	0	0	-0.0103506	0.0351557	-0.0466748	0	0	0	-0.334418	-0.0731862	0.294069	0.0835	0.999712	0	0	-0.0240171	-0.0215343	-0.0437667	0	0	0	0.09879	-0.0341068	0.0394604	0.09142	0.999846	0	0	-0.0175682	0.00388695	-0.036551	0	0	0	0.0675027	-0.0596021	0.704033	-0.0835	0.999946	0	0	-0.0103506	0.0351557	-0.0466748	0	0	0	-0.334418	-0.0731862	0.294069	-0.0835	0.999712	0	0	-0.0240171	-0.0215343	-0.0437667	0	0	0	0.09879	-0.0341068	0.0394604	-0.09142	0.999846	0	0	-0.0175682	0.00388695	-0.036551	0	0	0	0.0675027	-0.0818734	1.34196	0	0.999153	0	0	-0.0411424	-0.232664	-0.0707435	0	0	0	0.676207	0.3	0.079403	0.3	0.131137	0.3	0.113098	0.3	0.109095	0.3	0.0561312	0.3	0.0541993	0.3	0.0422368	0.3	0.054603	0.3	0.079403	0.3	0.131137	0.3	0.113098	0.3	0.109095	0.3	0.0561312	0.3	0.0541993	0.3	0.0422368	0.3	0.054603	0.3	0.0536252	0.3	0.0536252	0.3	0.3	0.813556	-0.472878	0.0166429	0.204938	-0.0472878	-0.0461529	0.3	0.3	1.18892	0.0784393	0.0235644	0.332734	0.00784393	0.00865185	0.3	0.3	0.72083	-0.316221	0.0141953	0.165733	-0.0316221	-0.049615	0.3	0.3	1.02341	0.331146	0.0238652	0.338859	0.0331146	0.0353001	0.3	0.3	0.706525	0.1902	0.017777	0.224166	0.01902	0.0144362	0.3	0.3	0.565269	-0.178615	0.00939707	0.0979449	-0.0178615	-0.0177365	0.3	0.3	1.06273	-0.0336546	0.0215575	0.293106	-0.00336546	-0.00171638	0.3	0.3	0.959927	-0.324712	0.017517	0.219699	-0.0324712	-0.0142873	0.3	0.3	0.799459	0.0677126	0.0201744	0.267021	0.00677126	0.00462477	0.3	0.3	0.813556	-0.472878	0.0166429	0.204938	-0.0472878	-0.0461529	0.3	0.3	1.18892	0.0784393	0.0235644	0.332734	0.00784393	0.00865185	0.3	0.3	0.72083	-0.316221	0.0141953	0.165733	-0.0316221	-0.049615	0.3	0.3	1.02341	0.331146	0.0238652	0.338859	0.0331146	0.0353001	0.3	0.3	0.706525	0.1902	0.017777	0.224166	0.01902	0.0144362	0.3	0.3	0.565269	-0.178615	0.00939707	0.0979449	-0.0178615	-0.0177365	0.3	0.3	1.06273	-0.0336546	0.0215575	0.293106	-0.00336546	-0.00171638	0.3	0.3	0.959927	-0.324712	0.017517	0.219699	-0.0324712	-0.0142873	0.3	0.3	0.799459	0.0677126	0.0201744	0.267021	0.00677126	0.00462477	0	0	0	0	0	0	0	0	0	0	0	0	0	0	0	0	0	0	-0.0526048	0.937963	0	0.0443771	-0.0468454	0	-0.0526048	0.937963	0	0.0443771	-0.0468454	0	0	0	-0.0518959	0	0	0.721235	-0.0596021	0.704033	0.0835	0.0351557	-0.0466748	0	-0.0596021	0.704033	0.0835	0.0351557	-0.0466748	0	0	0	-0.0207015	0	0	-0.334418	-0.0731862	0.294069	0.0835	-0.0215343	-0.0437667	0	-0.0731862	0.294069	0.0835	-0.0215343	-0.0437667	0	0	0	-0.0480388	0	0	0.09879	-0.0341068	0.0394604	0.09142	0.00388695	-0.036551	0	-0.0341068	0.0394604	0.09142	0.00388695	-0.036551	0	0	0	-0.0351382	0	0	0.0675027	-0.0596021	0.704033	-0.0835	0.0351557	-0.0466748	0	-0.0596021	0.704033	-0.0835	0.0351557	-0.0466748	0	0	0	-0.0207015	0	0	-0.334418	-0.0731862	0.294069	-0.0835	-0.0215343	-0.0437667	0	-0.0731862	0.294069	-0.0835	-0.0215343	-0.0437667	0	0	0	-0.0480388	0	0	0.09879	-0.0341068	0.0394604	-0.09142	0.00388695	-0.036551	0	-0.0341068	0.0394604	-0.09142	0.00388695	-0.036551	0	0	0	-0.0351382	0	0	0.0675027	-0.0818734	1.34196	0	-0.232664	-0.0707435	0	-0.0818734	1.34196	0	-0.232664	-0.0707435	0	0	0	-0.082308	0	0	0.676207	2.80564	-0.0560831	0.873996	0.0835	-4.95277e-05	0.00204407	0	7.99447e-06	0.00146675	0	0.0664982	-0.0170376	0	0	0	0.0311892	0	0	-1.05565	2051.35	49.4913	-2050.75	-0	0	0	0	0	3.39262	-0.0642208	0.480554	0.0835	5.95078e-05	0.00247252	0	0.000449385	0.00222926	0	0.519841	-0.0944769	0	0	0	-0.0273265	0	0	0.433208	2480.53	-60.9711	-2479.78	-0	15.3902	0	0	-15.3902	2.95778	-0.0848854	0.0532028	0.0835	-1.57878e-05	0.00215298	0	0.000485766	0.00494223	0	0.812309	-0.220555	0	0	0	0.0128818	0	0	-0.0312873	2162.59	14.8484	-2162.54	-0	0	0	0	0	2.80564	-0.0560831	0.873996	-0.0835	-4.95277e-05	0.00204407	0	7.99447e-06	0.00146675	0	0.0664982	-0.0170376	0	0	0	0.0311892	0	0	-1.05565	2051.35	49.4913	-2050.75	-0	0	0	0	0	3.39262	-0.0642208	0.480554	-0.0835	5.95078e-05	0.00247252	0	0.000449385	0.00222926	0	0.519841	-0.0944769	0	0	0	-0.0273265	0	0	0.433208	2480.53	-60.9711	-2479.78	-0	15.3902	0	0	-15.3902	2.95778	-0.0848854	0.0532028	-0.0835	-1.57878e-05	0.00215298	0	0.000485766	0.00494223	0	0.812309	-0.220555	0	0	0	0.0128818	0	0	-0.0312873	2162.59	14.8484	-2162.54	-0	0	0	0	0	0.490679	-0.0782838	1.02057	0	5.30481e-05	-0.000337485	0	0.000104018	-0.00291196	0	-0.00594285	0.0141044	0	0	0	-0.0303995	0	0	-0.0450274	358.761	-53.664	354.725	-0	21.3859	0	0	21.3859	0.0394604	-0.0692232	0.970954	1.99931e-10	-0.0931013	-0.057129	0	-6.93897	-4.2579	0	-9.49898e-10	1.709e-09	3.98513	-0.0313204	0.535348	0	-22.9	391.422	0	35.5052	2.07722	10.1411	0.0261327	-0.00383325	-0.0907083	-0.0313204	0.535348	0	-22.9	391.422	0	-35.5052	-2.07722	10.1411	0.0261327	-0.00383325	0.0907083
0.23	-0.0445266	0.751272	-0.052169	0.0427338	0.937549	-0.0353904	0.0205543	-1.07106	-0.023139	0.408302	0.0125251	-0.0504955	0.0205543	-1.07106	-0.023139	0.408302	0.0125251	-0.0504955	0	1	0	0	0	0	1	0	0	0	0	0	0	0	0	0	-0.052169	0.937549	0	0.999752	0	0	-0.0222614	0.0427338	-0.0353904	0	0	0	0.751272	-0.0592356	0.703621	0.0835	0.999928	0	0	-0.0119859	0.0379832	-0.0351181	0	0	0	-0.319789	-0.0733799	0.293686	0.0835	0.999723	0	0	-0.0235535	-0.0172116	-0.032462	0	0	0	0.0885122	-0.0340621	0.0391384	0.09142	0.999851	0	0	-0.0172923	0.00510681	-0.027491	0	0	0	0.0380167	-0.0592356	0.703621	-0.0835	0.999928	0	0	-0.0119859	0.0379832	-0.0351181	0	0	0	-0.319789	-0.0733799	0.293686	-0.0835	0.999723	0	0	-0.0235535	-0.0172116	-0.032462	0	0	0	0.0885122	-0.0340621	0.0391384	-0.09142	0.999851	0	0	-0.0172923	0.00510681	-0.027491	0	0	0	0.0380167	-0.0842825	1.34129	0	0.99929	0	0	-0.0376667	-0.248527	-0.0616874	0	0	0	0.713286	0.3	0.0789362	0.3	0.131222	0.3	0.112599	0.3	0.10945	0.3	0.0559602	0.3	0.0541839	0.3	0.0421067	0.3	0.0546379	0.3	0.0789362	0.3	0.131222	0.3	0.112599	0.3	0.10945	0.3	0.0559602	0.3	0.0541839	0.3	0.0421067	0.3	0.0546379	0.3	0.0537804	0.3	0.0537804	0.3	0.3	0.808773	-0.483579	0.0164965	0.202507	-0.0483579	-0.0471973	0.3	0.3	1.18968	0.0756091	0.0235568	0.332579	0.00756091	0.00833968	0.3	0.3	0.717646	-0.32044	0.0140716	0.163834	-0.032044	-0.0502771	0.3	0.3	1.02673	0.334661	0.0238921	0.339405	0.0334661	0.0356749	0.3	0.3	0.708569	0.219503	0.0180143	0.228274	0.0219503	0.0166603	0.3	0.3	0.563547	-0.164515	0.00932522	0.0970222	-0.0164515	-0.0163363	0.3	0.3	1.06243	-0.0265832	0.021611	0.294135	-0.00265832	-0.00135574	0.3	0.3	0.956969	-0.267188	0.017877	0.225895	-0.0267188	-0.0117563	0.3	0.3	0.799969	0.0370602	0.0199541	0.262956	0.00370602	0.00253121	0.3	0.3	0.808773	-0.483579	0.0164965	0.202507	-0.0483579	-0.0471973	0.3	0.3	1.18968	0.0756091	0.0235568	0.332579	0.00756091	0.00833968	0.3	0.3	0.717646	-0.32044	0.0140716	0.163834	-0.032044	-0.0502771	0.3	0.3	1.02673	0.334661	0.0238921	0.339405	0.0334661	0.0356749	0.3	0.3	0.708569	0.219503	0.0180143	0.228274	0.0219503	0.0166603	0.3	0.3	0.563547	-0.164515	0.00932522	0.0970222	-0.0164515	-0.0163363	0.3	0.3	1.06243	-0.0265832	0.021611	0.294135	-0.00265832	-0.00135574	0.3	0.3	0.956969	-0.267188	0.017877	0.225895	-0.0267188	-0.0117563	0.3	0.3	0.799969	0.0370602	0.0199541	0.262956	0.00370602	0.00253121	0	0	0	0	0	0	0	0	0	0	0	0	0	0	0	0	0	0	-0.052169	0.937549	0	0.0427338	-0.0353904	0	-0.052169	0.937549	0	0.0427338	-0.0353904	0	0	0	-0.0445266	0	0	0.751272	-0.0592356	0.703621	0.0835	0.0379832	-0.0351181	0	-0.0592356	0.703621	0.0835	0.0379832	-0.0351181	0	0	0	-0.0239723	0	0	-0.319789	-0.0733799	0.293686	0.0835	-0.0172116	-0.032462	0	-0.0733799	0.293686	0.0835	-0.0172116	-0.032462	0	0	0	-0.0471113	0	0	0.0885122	-0.0340621	0.0391384	0.09142	0.00510681	-0.027491	0	-0.0340621	0.0391384	0.09142	0.00510681	-0.027491	0	0	0	-0.0345863	0	0	0.0380167	-0.0592356	0.703621	-0.0835	0.0379832	-0.0351181	0	-0.0592356	0.703621	-0.0835	0.0379832	-0.0351181	0	0	0	-0.0239723	0	0	-0.319789	-0.0733799	0.293686	-0.0835	-0.0172116	-0.032462	0	-0.0733799	0.293686	-0.0835	-0.0172116	-0.032462	0	0	0	-0.0471113	0	0	0.0885122	-0.0340621	0.0391384	-0.09142	0.00510681	-0.027491	0	-0.0340621	0.0391384	-0.09142	0.00510681	-0.027491	0	0	0	-0.0345863	0	0	0.0380167	-0.0842825	1.34129	0	-0.248527	-0.0616874	0	-0.0842825	1.34129	0	-0.248527	-0.0616874	0	0	0	-0.0753513	0	0	0.713286	2.82227	-0.0551607	0.873572	0.0835	-4.94607e-05	0.00205754	0	-1.19507e-05	0.00117964	0	-0.00516202	-0.0378276	0	0	0	0.0205428	0	0	-1.07106	2063.51	49.5152	-2062.92	-0	0	0	0	0	3.41763	-0.0645874	0.480178	0.0835	6.53639e-05	0.00249237	0	0.000549998	0.00170189	0	0.0203497	0.00440967	0	0	0	-0.0231304	0	0	0.408302	2498.81	-67.1549	-2497.91	-0	15.944	0	0	-15.944	3.01588	-0.0848482	0.0528527	0.0835	-1.04308e-05	0.00219721	0	0.000285871	0.00405445	0	0.014211	-0.45639	0	0	0	0.0125061	0	0	-0.0504955	2205.07	9.87802	-2205.05	-0	0	0	0	0	2.82227	-0.0551607	0.873572	-0.0835	-4.94607e-05	0.00205754	0	-1.19507e-05	0.00117964	0	-0.00516202	-0.0378276	0	0	0	0.0205428	0	0	-1.07106	2063.51	49.5152	-2062.92	-0	0	0	0	0	3.41763	-0.0645874	0.480178	-0.0835	6.53639e-05	0.00249237	0	0.000549998	0.00170189	0	0.0203497	0.00440967	0	0	0	-0.0231304	0	0	0.408302	2498.81	-67.1549	-2497.91	-0	15.944	0	0	-15.944	3.01588	-0.0848482	0.0528527	-0.0835	-1.04308e-05	0.00219721	0	0.000285871	0.00405445	0	0.014211	-0.45639	0	0	0	0.0125061	0	0	-0.0504955	2205.07	9.87802	-2205.05	-0	0	0	0	0	0.523197	-0.0784572	1.01994	0	5.427e-05	-0.000364639	0	0.000125732	-0.00235153	0	-0.00486782	0.0899665	0	0	0	-0.0308278	0	0	-0.0379857	382.537	-55.0144	378.561	-0	20.6965	0	0	20.6965	0.0391384	-0.0701872	0.970431	1.99931e-10	-0.0994707	-0.0468459	0	-7.41369	-3.49149	0	5.09074e-10	5.37003e-10	4.28306	-0.0329642	0.568914	0	-24.1019	415.963	0	37.6916	2.18394	9.44743	0.0229394	-0.00392144	-0.0906128	-0.0329642	0.568914	0	-24.1019	415.963	0	-37.6916	-2.18394	9.44743	0.0229394	-0.00392144	0.0906128
0.24	-0.0368574	0.780875	-0.0517536	0.040385	0.937281	-0.0185084	0.00977772	-1.08328	-0.0191929	0.381541	0.0118109	-0.0917989	0.00977772	-1.08328	-0.0191929	0.381541	0.0118109	-0.0917989	0	1	0	0	0	0	1	0	0	0	0	0	0	0	0	0	-0.0517536	0.937281	0	0.99983	0	0	-0.0184276	0.040385	-0.0185084	0	0	0	0.780875	-0.0588419	0.703355	0.0835	0.999908	0	0	-0.0135394	0.0405694	-0.0183281	0	0	0	-0.302403	-0.0735255	0.293444	0.0835	0.999732	0	0	-0.0231342	-0.0121086	-0.016234	0	0	0	0.0791373	-0.033999	0.0389254	0.09142	0.999852	0	0	-0.01723	0.00769239	-0.0153352	0	0	0	-0.0126617	-0.0588419	0.703355	-0.0835	0.999908	0	0	-0.0135394	0.0405694	-0.0183281	0	0	0	-0.302403	-0.0735255	0.293444	-0.0835	0.999732	0	0	-0.0231342	-0.0121086	-0.016234	0	0	0	0.0791373	-0.033999	0.0389254	-0.09142	0.999852	0	0	-0.01723	0.00769239	-0.0153352	0	0	0	-0.0126617	-0.0868533	1.34075	0	0.999422	0	0	-0.0340069	-0.264767	-0.047088	0	0	0	0.74948	0.3	0.0784609	0.3	0.131305	0.3	0.112094	0.3	0.109809	0.3	0.055804	0.3	0.0541717	0.3	0.0419981	0.3	0.0546591	0.3	0.0784609	0.3	0.131305	0.3	0.112094	0.3	0.109809	0.3	0.055804	0.3	0.0541717	0.3	0.0419981	0.3	0.0546591	0.3	0.053957	0.3	0.053957	0.3	0.3	0.803903	-0.489935	0.0163737	0.200475	-0.0489935	-0.0478176	0.3	0.3	1.19044	0.0750721	0.023565	0.332748	0.00750721	0.00828045	0.3	0.3	0.714431	-0.322387	0.0139576	0.16209	-0.0322387	-0.0505825	0.3	0.3	1.0301	0.340018	0.0239299	0.340177	0.0340018	0.036246	0.3	0.3	0.710896	0.247673	0.0182526	0.232427	0.0247673	0.0187984	0.3	0.3	0.561974	-0.148044	0.00926998	0.0963129	-0.0148044	-0.0147008	0.3	0.3	1.06219	-0.0210076	0.0216533	0.29495	-0.00210076	-0.00107139	0.3	0.3	0.954502	-0.226689	0.018131	0.230305	-0.0226689	-0.00997433	0.3	0.3	0.80028	0.0283332	0.0198931	0.261837	0.00283332	0.00193516	0.3	0.3	0.803903	-0.489935	0.0163737	0.200475	-0.0489935	-0.0478176	0.3	0.3	1.19044	0.0750721	0.023565	0.332748	0.00750721	0.00828045	0.3	0.3	0.714431	-0.322387	0.0139576	0.16209	-0.0322387	-0.0505825	0.3	0.3	1.0301	0.340018	0.0239299	0.340177	0.0340018	0.036246	0.3	0.3	0.710896	0.247673	0.0182526	0.232427	0.0247673	0.0187984	0.3	0.3	0.561974	-0.148044	0.00926998	0.0963129	-0.0148044	-0.0147008	0.3	0.3	1.06219	-0.0210076	0.0216533	0.29495	-0.00210076	-0.00107139	0.3	0.3	0.954502	-0.226689	0.018131	0.230305	-0.0226689	-0.00997433	0.3	0.3	0.80028	0.0283332	0.0198931	0.261837	0.00283332	0.00193516	0	0	0	0	0	0	0	0	0	0	0	0	0	0	0	0	0	0	-0.0517536	0.937281	0	0.040385	-0.0185084	0	-0.0517536	0.937281	0	0.040385	-0.0185084	0	0	0	-0.0368574	0	0	0.780875	-0.0588419	0.703355	0.0835	0.0405694	-0.0183281	0	-0.0588419	0.703355	0.0835	0.0405694	-0.0183281	0	0	0	-0.0270797	0	0	-0.302403	-0.0735255	0.293444	0.0835	-0.0121086	-0.016234	0	-0.0735255	0.293444	0.0835	-0.0121086	-0.016234	0	0	0	-0.0462726	0	0	0.0791373	-0.033999	0.0389254	0.09142	0.00769239	-0.0153352	0	-0.033999	0.0389254	0.09142	0.00769239	-0.0153352	0	0	0	-0.0344617	0	0	-0.0126617	-0.0588419	0.703355	-0.0835	0.0405694	-0.0183281	0	-0.0588419	0.703355	-0.0835	0.0405694	-0.0183281	0	0	0	-0.0270797	0	0	-0.302403	-0.0735255	0.293444	-0.0835	-0.0121086	-0.016234	0	-0.0735255	0.293444	-0.0835	-0.0121086	-0.016234	0	0	0	-0.0462726	0	0	0.0791373	-0.033999	0.0389254	-0.09142	0.00769239	-0.0153352	0	-0.033999	0.0389254	-0.09142	0.00769239	-0.0153352	0	0	0	-0.0344617	0	0	-0.0126617	-0.0868533	1.34075	0	-0.264767	-0.047088	0	-0.0868533	1.34075	0	-0.264767	-0.047088	0	0	0	-0.0680269	0	0	0.74948	2.83224	-0.0542389	0.873293	0.0835	-4.96283e-05	0.00206706	0	-6.68317e-06	0.000690278	0	-0.284437	-0.0562391	0	0	0	0.00979002	0	0	-1.08328	2070.8	49.6588	-2070.21	-0	0	0	0	0	3.43264	-0.0648894	0.479944	0.0835	7.17118e-05	0.00250566	0	0.00088107	0.000927058	0	-3.49621	-0.00347054	0	0	0	-0.0191741	0	0	0.381541	2509.79	-74.5809	-2508.68	-0	16.3271	0	0	-16.3271	3.05543	-0.0847869	0.0526335	0.0835	-7.33137e-06	0.00222927	0	0.000741055	0.00243248	0	-6.9086	1.28314	0	0	0	0.0118402	0	0	-0.0917989	2233.99	5.89838	-2233.98	-0	0	0	0	0	2.83224	-0.0542389	0.873293	-0.0835	-4.96283e-05	0.00206706	0	-6.68317e-06	0.000690278	0	-0.284437	-0.0562391	0	0	0	0.00979002	0	0	-1.08328	2070.8	49.6588	-2070.21	-0	0	0	0	0	3.43264	-0.0648894	0.479944	-0.0835	7.17118e-05	0.00250566	0	0.00088107	0.000927058	0	-3.49621	-0.00347054	0	0	0	-0.0191741	0	0	0.381541	2509.79	-74.5809	-2508.68	-0	16.3271	0	0	-16.3271	3.05543	-0.0847869	0.0526335	-0.0835	-7.33137e-06	0.00222927	0	0.000741055	0.00243248	0	-6.9086	1.28314	0	0	0	0.0118402	0	0	-0.0917989	2233.99	5.89838	-2233.98	-0	0	0	0	0	0.541667	-0.0786745	1.01945	0	5.55441e-05	-0.000383832	0	0.000116453	-0.00138458	0	0.00382853	0.128786	0	0	0	-0.0311663	0	0	-0.0313953	396.041	-56.2335	392.029	-0	20.001	0	0	20.001	0.0389254	-0.0712166	0.970041	1.99931e-10	-0.106062	-0.031259	0	-7.90496	-2.32978	0	-6.71562e-10	1.87053e-09	4.59055	-0.0361255	0.588211	0	-26.4133	430.073	0	38.9509	2.3922	9.13701	0.0214908	-0.00399827	-0.0905682	-0.0361255	0.588211	0	-26.4133	430.073	0	-38.9509	-2.3922	9.13701	0.0214908	-0.00399827	0.0905682
0.25	-0.0288929	0.810371	-0.0513639	0.0376082	0.937197	0.000795568	-0.00111024	-1.09352	-0.0154965	0.35778	0.0105576	-0.153391	-0.00111024	-1.09352	-0.0154965	0.35778	0.0105576	-0.153391	0	1	0	0	0	0	1	0	0	0	0	0	0	0	0	0	-0.0513639	0.937197	0	0.999896	0	0	-0.0144459	0.0376082	0.000795568	0	0	0	0.810371	-0.0584233	0.703272	0.0835	0.999888	0	0	-0.015001	0.0429851	0.000785013	0	0	0	-0.283148	-0.0736176	0.293377	0.0835	0.999741	0	0	-0.0227478	-0.00652458	0.00211512	0	0	0	0.0746323	-0.0339109	0.0388436	0.09142	0.999847	0	0	-0.0174701	0.0102586	-0.00159727	0	0	0	-0.0787585	-0.0584233	0.703272	-0.0835	0.999888	0	0	-0.015001	0.0429851	0.000785013	0	0	0	-0.283148	-0.0736176	0.293377	-0.0835	0.999741	0	0	-0.0227478	-0.00652458	0.00211512	0	0	0	0.0746323	-0.0339109	0.0388436	-0.09142	0.999847	0	0	-0.0174701	0.0102586	-0.00159727	0	0	0	-0.0787585	-0.0895876	1.34036	0	0.999545	0	0	-0.0301671	-0.281318	-0.0301928	0	0	0	0.785401	0.3	0.0779817	0.3	0.131389	0.3	0.111588	0.3	0.110175	0.3	0.0556647	0.3	0.0541619	0.3	0.0419041	0.3	0.0546805	0.3	0.0779817	0.3	0.131389	0.3	0.111588	0.3	0.110175	0.3	0.0556647	0.3	0.0541619	0.3	0.0419041	0.3	0.0546805	0.3	0.0541551	0.3	0.0541551	0.3	0.3	0.798993	-0.491556	0.016277	0.198879	-0.0491556	-0.0479759	0.3	0.3	1.19119	0.0765082	0.0235875	0.333203	0.00765082	0.00843886	0.3	0.3	0.711205	-0.322829	0.0138494	0.160444	-0.0322829	-0.0506518	0.3	0.3	1.03353	0.346166	0.0239725	0.341051	0.0346166	0.0369013	0.3	0.3	0.713506	0.275955	0.0184981	0.236742	0.0275955	0.020945	0.3	0.3	0.560571	-0.131086	0.00922661	0.0957576	-0.0131086	-0.0130168	0.3	0.3	1.062	-0.0179624	0.0216762	0.295392	-0.00179624	-0.000916082	0.3	0.3	0.952366	-0.201307	0.0182867	0.233026	-0.0201307	-0.00885752	0.3	0.3	0.800593	0.0378699	0.0199739	0.26332	0.00378699	0.00258652	0.3	0.3	0.798993	-0.491556	0.016277	0.198879	-0.0491556	-0.0479759	0.3	0.3	1.19119	0.0765082	0.0235875	0.333203	0.00765082	0.00843886	0.3	0.3	0.711205	-0.322829	0.0138494	0.160444	-0.0322829	-0.0506518	0.3	0.3	1.03353	0.346166	0.0239725	0.341051	0.0346166	0.0369013	0.3	0.3	0.713506	0.275955	0.0184981	0.236742	0.0275955	0.020945	0.3	0.3	0.560571	-0.131086	0.00922661	0.0957576	-0.0131086	-0.0130168	0.3	0.3	1.062	-0.0179624	0.0216762	0.295392	-0.00179624	-0.000916082	0.3	0.3	0.952366	-0.201307	0.0182867	0.233026	-0.0201307	-0.00885752	0.3	0.3	0.800593	0.0378699	0.0199739	0.26332	0.00378699	0.00258652	0	0	0	0	0	0	0	0	0	0	0	0	0	0	0	0	0	0	-0.0513639	0.937197	0	0.0376082	0.000795568	0	-0.0513639	0.937197	0	0.0376082	0.000795568	0	0	0	-0.0288929	0	0	0.810371	-0.0584233	0.703272	0.0835	0.0429851	0.000785013	0	-0.0584233	0.703272	0.0835	0.0429851	0.000785013	0	0	0	-0.0300031	0	0	-0.283148	-0.0736176	0.293377	0.0835	-0.00652458	0.00211512	0	-0.0736176	0.293377	0.0835	-0.00652458	0.00211512	0	0	0	-0.0454996	0	0	0.0746323	-0.0339109	0.0388436	0.09142	0.0102586	-0.00159727	0	-0.0339109	0.0388436	0.09142	0.0102586	-0.00159727	0	0	0	-0.034942	0	0	-0.0787585	-0.0584233	0.703272	-0.0835	0.0429851	0.000785013	0	-0.0584233	0.703272	-0.0835	0.0429851	0.000785013	0	0	0	-0.0300031	0	0	-0.283148	-0.0736176	0.293377	-0.0835	-0.00652458	0.00211512	0	-0.0736176	0.293377	-0.0835	-0.00652458	0.00211512	0	0	0	-0.0454996	0	0	0.0746323	-0.0339109	0.0388436	-0.09142	0.0102586	-0.00159727	0	-0.0339109	0.0388436	-0.09142	0.0102586	-0.00159727	0	0	0	-0.034942	0	0	-0.0787585	-0.0895876	1.34036	0	-0.281318	-0.0301928	0	-0.0895876	1.34036	0	-0.281318	-0.0301928	0	0	0	-0.0603434	0	0	0.785401	2.83388	-0.0533235	0.873195	0.0835	-5.00306e-05	0.00207096	0	-5.27576e-05	9.29038e-05	0	-0.00921725	-0.0569383	0	0	0	-0.00119604	0	0	-1.09352	2072	50.2712	-2071.39	-0	0	0	0	0	3.43533	-0.0651257	0.479884	0.0835	7.72476e-05	0.00251037	0	0.000533471	4.42185e-05	0	-0.00282961	-0.142295	0	0	0	-0.0155025	0	0	0.35778	2511.76	-78.9848	-2510.51	-0	16.6539	0	0	-16.6539	3.07633	-0.0846922	0.052576	0.0835	-8.34465e-06	0.0022471	0	-0.000274562	0.00111296	0	-0.136455	-0.0117139	0	0	0	0.0105632	0	0	-0.153391	2249.26	8.87558	-2249.25	-0	0	0	0	0	2.83388	-0.0533235	0.873195	-0.0835	-5.00306e-05	0.00207096	0	-5.27576e-05	9.29038e-05	0	-0.00921725	-0.0569383	0	0	0	-0.00119604	0	0	-1.09352	2072	50.2712	-2071.39	-0	0	0	0	0	3.43533	-0.0651257	0.479884	-0.0835	7.72476e-05	0.00251037	0	0.000533471	4.42185e-05	0	-0.00282961	-0.142295	0	0	0	-0.0155025	0	0	0.35778	2511.76	-78.9848	-2510.51	-0	16.6539	0	0	-16.6539	3.07633	-0.0846922	0.052576	-0.0835	-8.34465e-06	0.0022471	0	-0.000274562	0.00111296	0	-0.136455	-0.0117139	0	0	0	0.0105632	0	0	-0.153391	2249.26	8.87558	-2249.25	-0	0	0	0	0	0.543912	-0.0789404	1.01914	0	5.65872e-05	-0.000392184	0	8.59238e-05	-0.000233002	0	-0.00373036	0.106972	0	0	0	-0.0314481	0	0	-0.0249696	397.683	-57.0959	393.563	-0	19.2693	0	0	19.2693	0.0388436	-0.0723128	0.969822	1.99931e-10	-0.112859	-0.0133908	0	-8.41154	-0.998035	0	-2.9398e-10	1.69278e-09	4.90381	-0.0349501	0.591308	0	-25.5539	432.336	0	39.1613	2.31469	9.40449	0.0219927	-0.00405985	-0.0905806	-0.0349501	0.591308	0	-25.5539	432.336	0	-39.1613	-2.31469	9.40449	0.0219927	-0.00405985	0.0905806
0.26	-0.0206372	0.839429	-0.0510042	0.0344464	0.937304	0.0194638	-0.0120902	-1.10163	-0.0120599	0.333372	0.00870481	-0.218393	-0.0120902	-1.10163	-0.0120599	0.333372	0.00870481	-0.218393	0	1	0	0	0	0	1	0	0	0	0	0	0	0	0	0	-0.0510042	0.937304	0	0.999947	0	0	-0.0103184	0.0344464	0.0194638	0	0	0	0.839429	-0.0579816	0.703378	0.0835	0.999866	0	0	-0.016363	0.045224	0.0192821	0	0	0	-0.262201	-0.0736528	0.293493	0.0835	0.999749	0	0	-0.0223917	-0.000824163	0.0198042	0	0	0	0.0711704	-0.0337917	0.0388972	0.09142	0.999837	0	0	-0.0180402	0.0130301	0.0115387	0	0	0	-0.147222	-0.0579816	0.703378	-0.0835	0.999866	0	0	-0.016363	0.045224	0.0192821	0	0	0	-0.262201	-0.0736528	0.293493	-0.0835	0.999749	0	0	-0.0223917	-0.000824163	0.0198042	0	0	0	0.0711704	-0.0337917	0.0388972	-0.09142	0.999837	0	0	-0.0180402	0.0130301	0.0115387	0	0	0	-0.147222	-0.0924885	1.34015	0	0.999658	0	0	-0.0261483	-0.298068	-0.0143397	0	0	0	0.820976	0.3	0.0775026	0.3	0.131474	0.3	0.111082	0.3	0.110547	0.3	0.055543	0.3	0.0541528	0.3	0.0418186	0.3	0.0547133	0.3	0.0775026	0.3	0.131474	0.3	0.111082	0.3	0.110547	0.3	0.055543	0.3	0.0541528	0.3	0.0418186	0.3	0.0547133	0.3	0.0543748	0.3	0.0543748	0.3	0.3	0.794084	-0.489693	0.0161987	0.197593	-0.0489693	-0.0477941	0.3	0.3	1.19197	0.0781924	0.0236119	0.333699	0.00781924	0.00862462	0.3	0.3	0.707978	-0.322725	0.0137425	0.158821	-0.0322725	-0.0506356	0.3	0.3	1.03702	0.352234	0.0240151	0.341923	0.0352234	0.0375482	0.3	0.3	0.716401	0.304396	0.0187515	0.241223	0.0304396	0.0231037	0.3	0.3	0.559345	-0.113332	0.00919703	0.0953798	-0.0113332	-0.0112539	0.3	0.3	1.06182	-0.0178981	0.0216759	0.295387	-0.00178981	-0.000912801	0.3	0.3	0.950423	-0.188341	0.0183594	0.234301	-0.0188341	-0.00828702	0.3	0.3	0.801073	0.061474	0.0201635	0.266818	0.0061474	0.00419867	0.3	0.3	0.794084	-0.489693	0.0161987	0.197593	-0.0489693	-0.0477941	0.3	0.3	1.19197	0.0781924	0.0236119	0.333699	0.00781924	0.00862462	0.3	0.3	0.707978	-0.322725	0.0137425	0.158821	-0.0322725	-0.0506356	0.3	0.3	1.03702	0.352234	0.0240151	0.341923	0.0352234	0.0375482	0.3	0.3	0.716401	0.304396	0.0187515	0.241223	0.0304396	0.0231037	0.3	0.3	0.559345	-0.113332	0.00919703	0.0953798	-0.0113332	-0.0112539	0.3	0.3	1.06182	-0.0178981	0.0216759	0.295387	-0.00178981	-0.000912801	0.3	0.3	0.950423	-0.188341	0.0183594	0.234301	-0.0188341	-0.00828702	0.3	0.3	0.801073	0.061474	0.0201635	0.266818	0.0061474	0.00419867	0	0	0	0	0	0	0	0	0	0	0	0	0	0	0	0	0	0	-0.0510042	0.937304	0	0.0344464	0.0194638	0	-0.0510042	0.937304	0	0.0344464	0.0194638	0	0	0	-0.0206372	0	0	0.839429	-0.0579816	0.703378	0.0835	0.045224	0.0192821	0	-0.0579816	0.703378	0.0835	0.045224	0.0192821	0	0	0	-0.0327274	0	0	-0.262201	-0.0736528	0.293493	0.0835	-0.000824163	0.0198042	0	-0.0736528	0.293493	0.0835	-0.000824163	0.0198042	0	0	0	-0.0447872	0	0	0.0711704	-0.0337917	0.0388972	0.09142	0.0130301	0.0115387	0	-0.0337917	0.0388972	0.09142	0.0130301	0.0115387	0	0	0	-0.0360824	0	0	-0.147222	-0.0579816	0.703378	-0.0835	0.045224	0.0192821	0	-0.0579816	0.703378	-0.0835	0.045224	0.0192821	0	0	0	-0.0327274	0	0	-0.262201	-0.0736528	0.293493	-0.0835	-0.000824163	0.0198042	0	-0.0736528	0.293493	-0.0835	-0.000824163	0.0198042	0	0	0	-0.0447872	0	0	0.0711704	-0.0337917	0.0388972	-0.09142	0.0130301	0.0115387	0	-0.0337917	0.0388972	-0.09142	0.0130301	0.0115387	0	0	0	-0.0360824	0	0	-0.147222	-0.0924885	1.34015	0	-0.298068	-0.0143397	0	-0.0924885	1.34015	0	-0.298068	-0.0143397	0	0	0	-0.0523025	0	0	0.820976	2.82739	-0.0524189	0.873287	0.0835	-5.06379e-05	0.00206888	0	-0.000146441	-0.000495179	0	0.530926	-0.0793587	0	0	0	-0.0120992	0	0	-1.10163	2067.26	51.3055	-2066.62	-0	0	0	0	0	3.42568	-0.0652939	0.480005	0.0835	8.27834e-05	0.00250602	0	-9.65958e-05	-0.000822008	0	4.40497	-0.188132	0	0	0	-0.0120597	0	0	0.333372	2504.7	-82.4689	-2503.34	-0	16.8487	0	0	-16.8487	3.07859	-0.0845573	0.0526875	0.0835	-1.13696e-05	0.00225091	0	-0.00141386	-1.63782e-05	0	7.23909	-1.66764	0	0	0	0.00867988	0	0	-0.218393	2250.92	14.1036	-2250.88	-0	0	0	0	0	2.82739	-0.0524189	0.873287	-0.0835	-5.06379e-05	0.00206888	0	-0.000146441	-0.000495179	0	0.530926	-0.0793587	0	0	0	-0.0120992	0	0	-1.10163	2067.26	51.3055	-2066.62	-0	0	0	0	0	3.42568	-0.0652939	0.480005	-0.0835	8.27834e-05	0.00250602	0	-9.65958e-05	-0.000822008	0	4.40497	-0.188132	0	0	0	-0.0120597	0	0	0.333372	2504.7	-82.4689	-2503.34	-0	16.8487	0	0	-16.8487	3.07859	-0.0845573	0.0526875	-0.0835	-1.13696e-05	0.00225091	0	-0.00141386	-1.63782e-05	0	7.23909	-1.66764	0	0	0	0.00867988	0	0	-0.218393	2250.92	14.1036	-2250.88	-0	0	0	0	0	0.53194	-0.0792588	1.01902	0	5.72875e-05	-0.000389524	0	4.52809e-05	0.000823635	0	-0.0578988	0.0463355	0	0	0	-0.0316672	0	0	-0.0184524	388.93	-57.5556	384.648	-0	18.4696	0	0	18.4696	0.0388972	-0.0734778	0.969779	1.99931e-10	-0.119834	0.00365859	0	-8.93139	0.27268	0	-1.02948e-09	3.32083e-09	5.21996	-0.0333682	0.579716	0	-24.3972	423.861	0	38.4218	2.21154	10.2191	0.0243459	-0.00410559	-0.090647	-0.0333682	0.579716	0	-24.3972	423.861	0	-38.4218	-2.21154	10.2191	0.0243459	-0.00410559	0.090647
0.27	-0.0120992	0.867146	-0.0506781	0.0308746	0.937583	0.0349049	-0.0231451	-1.10873	-0.00888888	0.303838	0.00629059	-0.264801	-0.0231451	-1.10873	-0.00888888	0.303838	0.00629059	-0.264801	0	1	0	0	0	0	1	0	0	0	0	0	0	0	0	0	-0.0506781	0.937583	0	0.999982	0	0	-0.00604956	0.0308746	0.0349049	0	0	0	0.867146	-0.0575195	0.703654	0.0835	0.999845	0	0	-0.0176213	0.0470606	0.034681	0	0	0	-0.24158	-0.0736321	0.29377	0.0835	0.999757	0	0	-0.0220648	0.00464335	0.0345698	0	0	0	0.062258	-0.033641	0.039071	0.09142	0.999821	0	0	-0.0189202	0.0165302	0.0223417	0	0	0	-0.202543	-0.0575195	0.703654	-0.0835	0.999845	0	0	-0.0176213	0.0470606	0.034681	0	0	0	-0.24158	-0.0736321	0.29377	-0.0835	0.999757	0	0	-0.0220648	0.00464335	0.0345698	0	0	0	0.062258	-0.033641	0.039071	-0.09142	0.999821	0	0	-0.0189202	0.0165302	0.0223417	0	0	0	-0.202543	-0.0955565	1.34007	0	0.999759	0	0	-0.0219535	-0.314872	-0.00227077	0	0	0	0.855917	0.3	0.0770263	0.3	0.131561	0.3	0.110576	0.3	0.110925	0.3	0.0554384	0.3	0.0541431	0.3	0.0417368	0.3	0.0547654	0.3	0.0770263	0.3	0.131561	0.3	0.110576	0.3	0.110925	0.3	0.0554384	0.3	0.0541431	0.3	0.0417368	0.3	0.0547654	0.3	0.054616	0.3	0.054616	0.3	0.3	0.789204	-0.486091	0.0161288	0.196445	-0.0486091	-0.0474425	0.3	0.3	1.19276	0.0791099	0.0236312	0.334091	0.00791099	0.00872582	0.3	0.3	0.704752	-0.322459	0.0136348	0.157194	-0.0322459	-0.0505938	0.3	0.3	1.04057	0.35744	0.0240531	0.342703	0.035744	0.0381032	0.3	0.3	0.719578	0.331791	0.0190062	0.245764	0.0331791	0.0251829	0.3	0.3	0.558292	-0.0965922	0.00917538	0.0951044	-0.00965922	-0.0095916	0.3	0.3	1.06163	-0.0210259	0.0216509	0.294902	-0.00210259	-0.00107232	0.3	0.3	0.948563	-0.184863	0.0183675	0.234443	-0.0184863	-0.00813398	0.3	0.3	0.801836	0.0933011	0.0204137	0.271463	0.00933011	0.00637247	0.3	0.3	0.789204	-0.486091	0.0161288	0.196445	-0.0486091	-0.0474425	0.3	0.3	1.19276	0.0791099	0.0236312	0.334091	0.00791099	0.00872582	0.3	0.3	0.704752	-0.322459	0.0136348	0.157194	-0.0322459	-0.0505938	0.3	0.3	1.04057	0.35744	0.0240531	0.342703	0.035744	0.0381032	0.3	0.3	0.719578	0.331791	0.0190062	0.245764	0.0331791	0.0251829	0.3	0.3	0.558292	-0.0965922	0.00917538	0.0951044	-0.00965922	-0.0095916	0.3	0.3	1.06163	-0.0210259	0.0216509	0.294902	-0.00210259	-0.00107232	0.3	0.3	0.948563	-0.184863	0.0183675	0.234443	-0.0184863	-0.00813398	0.3	0.3	0.801836	0.0933011	0.0204137	0.271463	0.00933011	0.00637247	0	0	0	0	0	0	0	0	0	0	0	0	0	0	0	0	0	0	-0.0506781	0.937583	0	0.0308746	0.0349049	0	-0.0506781	0.937583	0	0.0308746	0.0349049	0	0	0	-0.0120992	0	0	0.867146	-0.0575195	0.703654	0.0835	0.0470606	0.034681	0	-0.0575195	0.703654	0.0835	0.0470606	0.034681	0	0	0	-0.0352443	0	0	-0.24158	-0.0736321	0.29377	0.0835	0.00464335	0.0345698	0	-0.0736321	0.29377	0.0835	0.00464335	0.0345698	0	0	0	-0.0441332	0	0	0.062258	-0.033641	0.039071	0.09142	0.0165302	0.0223417	0	-0.033641	0.039071	0.09142	0.0165302	0.0223417	0	0	0	-0.0378426	0	0	-0.202543	-0.0575195	0.703654	-0.0835	0.0470606	0.034681	0	-0.0575195	0.703654	-0.0835	0.0470606	0.034681	0	0	0	-0.0352443	0	0	-0.24158	-0.0736321	0.29377	-0.0835	0.00464335	0.0345698	0	-0.0736321	0.29377	-0.0835	0.00464335	0.0345698	0	0	0	-0.0441332	0	0	0.062258	-0.033641	0.039071	-0.09142	0.0165302	0.0223417	0	-0.033641	0.039071	-0.09142	0.0165302	0.0223417	0	0	0	-0.0378426	0	0	-0.202543	-0.0955565	1.34007	0	-0.314872	-0.00227077	0	-0.0955565	1.34007	0	-0.314872	-0.00227077	0	0	0	-0.0439106	0	0	0.855917	2.81413	-0.0515292	0.873549	0.0835	-5.14351e-05	0.00206137	0	-8.51974e-05	-0.00097749	0	-0.00234774	-0.0444617	0	0	0	-0.0231304	0	0	-1.10873	2057.56	51.8235	-2056.91	-0	0	0	0	0	3.40621	-0.0653951	0.480289	0.0835	8.80137e-05	0.0024938	0	0.000533525	-0.00152219	0	-0.0172318	-0.0339826	0	0	0	-0.00887008	0	0	0.303838	2490.46	-89.751	-2488.84	-0	16.7992	0	0	-16.7992	3.06483	-0.0843822	0.0529506	0.0835	-1.59442e-05	0.00224328	0	-0.000434579	-0.00128252	0	-0.00741842	-0.0933868	0	0	0	0.00629107	0	0	-0.264801	2240.86	16.7846	-2240.8	-0	0	0	0	0	2.81413	-0.0515292	0.873549	-0.0835	-5.14351e-05	0.00206137	0	-8.51974e-05	-0.00097749	0	-0.00234774	-0.0444617	0	0	0	-0.0231304	0	0	-1.10873	2057.56	51.8235	-2056.91	-0	0	0	0	0	3.40621	-0.0653951	0.480289	-0.0835	8.80137e-05	0.0024938	0	0.000533525	-0.00152219	0	-0.0172318	-0.0339826	0	0	0	-0.00887008	0	0	0.303838	2490.46	-89.751	-2488.84	-0	16.7992	0	0	-16.7992	3.06483	-0.0843822	0.0529506	-0.0835	-1.59442e-05	0.00224328	0	-0.000434579	-0.00128252	0	-0.00741842	-0.0933868	0	0	0	0.00629107	0	0	-0.264801	2240.86	16.7846	-2240.8	-0	0	0	0	0	0.509496	-0.0796323	1.01906	0	5.75036e-05	-0.000377603	0	-7.80076e-06	0.0016116	0	-0.00826246	0.0593739	0	0	0	-0.0318024	0	0	-0.0112299	372.519	-57.4574	368.062	-0	17.5179	0	0	17.5179	0.039071	-0.0747131	0.969891	1.99931e-10	-0.126998	0.0173173	0	-9.46531	1.29068	0	1.61427e-09	2.2717e-09	5.53417	-0.0372354	0.55737	0	-27.2248	407.523	0	36.9859	2.47087	11.3947	0.0282376	-0.00414123	-0.090758	-0.0372354	0.55737	0	-27.2248	407.523	0	-36.9859	-2.47087	11.3947	0.0282376	-0.00414123	0.090758
0.28	-0.00328301	0.894032	-0.0503901	0.0269412	0.937994	0.0455873	-0.0342658	-1.1143	-0.00598924	0.281171	0.00341701	-0.31213	-0.0342658	-1.1143	-0.00598924	0.281171	0.00341701	-0.31213	0	1	0	0	0	0	1	0	0	0	0	0	0	0	0	0	-0.0503901	0.937994	0	0.999999	0	0	-0.0016415	0.0269412	0.0455873	0	0	0	0.894032	-0.0570414	0.704064	0.0835	0.999824	0	0	-0.0187733	0.0484058	0.0454952	0	0	0	-0.220266	-0.0735591	0.294176	0.0835	0.999763	0	0	-0.0217673	0.00946545	0.0448911	0	0	0	0.0609055	-0.0334611	0.0393392	0.09142	0.999799	0	0	-0.0200592	0.0184907	0.0301547	0	0	0	-0.251225	-0.0570414	0.704064	-0.0835	0.999824	0	0	-0.0187733	0.0484058	0.0454952	0	0	0	-0.220266	-0.0735591	0.294176	-0.0835	0.999763	0	0	-0.0217673	0.00946545	0.0448911	0	0	0	0.0609055	-0.0334611	0.0393392	-0.09142	0.999799	0	0	-0.0200592	0.0184907	0.0301547	0	0	0	-0.251225	-0.0987952	1.34009	0	0.999846	0	0	-0.017583	-0.331588	0.00441155	0	0	0	0.889882	0.3	0.0765534	0.3	0.131648	0.3	0.110069	0.3	0.111308	0.3	0.0553495	0.3	0.054131	0.3	0.0416551	0.3	0.0548402	0.3	0.0765534	0.3	0.131648	0.3	0.110069	0.3	0.111308	0.3	0.0553495	0.3	0.054131	0.3	0.0416551	0.3	0.0548402	0.3	0.0548769	0.3	0.0548769	0.3	0.3	0.784358	-0.482795	0.0160548	0.195233	-0.0482795	-0.0471208	0.3	0.3	1.19354	0.0781618	0.0236375	0.334219	0.00781618	0.00862124	0.3	0.3	0.701526	-0.322765	0.0135227	0.155505	-0.0322765	-0.0506419	0.3	0.3	1.04417	0.361172	0.0240833	0.343323	0.0361172	0.038501	0.3	0.3	0.723016	0.356898	0.0192557	0.250244	0.0356898	0.0270886	0.3	0.3	0.557397	-0.0821843	0.00915668	0.0948657	-0.00821843	-0.0081609	0.3	0.3	1.06139	-0.0272324	0.0216015	0.293954	-0.00272324	-0.00138885	0.3	0.3	0.946706	-0.187875	0.0183309	0.233799	-0.0187875	-0.00826649	0.3	0.3	0.802932	0.127555	0.0206794	0.276428	0.0127555	0.00871202	0.3	0.3	0.784358	-0.482795	0.0160548	0.195233	-0.0482795	-0.0471208	0.3	0.3	1.19354	0.0781618	0.0236375	0.334219	0.00781618	0.00862124	0.3	0.3	0.701526	-0.322765	0.0135227	0.155505	-0.0322765	-0.0506419	0.3	0.3	1.04417	0.361172	0.0240833	0.343323	0.0361172	0.038501	0.3	0.3	0.723016	0.356898	0.0192557	0.250244	0.0356898	0.0270886	0.3	0.3	0.557397	-0.0821843	0.00915668	0.0948657	-0.00821843	-0.0081609	0.3	0.3	1.06139	-0.0272324	0.0216015	0.293954	-0.00272324	-0.00138885	0.3	0.3	0.946706	-0.187875	0.0183309	0.233799	-0.0187875	-0.00826649	0.3	0.3	0.802932	0.127555	0.0206794	0.276428	0.0127555	0.00871202	0	0	0	0	0	0	0	0	0	0	0	0	0	0	0	0	0	0	-0.0503901	0.937994	0	0.0269412	0.0455873	0	-0.0503901	0.937994	0	0.0269412	0.0455873	0	0	0	-0.00328301	0	0	0.894032	-0.0570414	0.704064	0.0835	0.0484058	0.0454952	0	-0.0570414	0.704064	0.0835	0.0484058	0.0454952	0	0	0	-0.0375488	0	0	-0.220266	-0.0735591	0.294176	0.0835	0.00946545	0.0448911	0	-0.0735591	0.294176	0.0835	0.00946545	0.0448911	0	0	0	-0.0435381	0	0	0.0609055	-0.0334611	0.0393392	0.09142	0.0184907	0.0301547	0	-0.0334611	0.0393392	0.09142	0.0184907	0.0301547	0	0	0	-0.0401211	0	0	-0.251225	-0.0570414	0.704064	-0.0835	0.0484058	0.0454952	0	-0.0570414	0.704064	-0.0835	0.0484058	0.0454952	0	0	0	-0.0375488	0	0	-0.220266	-0.0735591	0.294176	-0.0835	0.00946545	0.0448911	0	-0.0735591	0.294176	-0.0835	0.00946545	0.0448911	0	0	0	-0.0435381	0	0	0.0609055	-0.0334611	0.0393392	-0.09142	0.0184907	0.0301547	0	-0.0334611	0.0393392	-0.09142	0.0184907	0.0301547	0	0	0	-0.0401211	0	0	-0.251225	-0.0987952	1.34009	0	-0.331588	0.00441155	0	-0.0987952	1.34009	0	-0.331588	0.00441155	0	0	0	-0.0351679	0	0	0.889882	2.79645	-0.0506596	0.873944	0.0835	-5.24633e-05	0.00204988	0	-0.000211887	-0.00130372	0	0.876539	-0.0754859	0	0	0	-0.0342637	0	0	-1.1143	2044.63	53.4293	-2043.93	-0	0	0	0	0	3.37986	-0.0654331	0.480699	0.0835	9.22978e-05	0.00247598	0	-0.000555671	-0.00197791	0	8.61516	-0.0490018	0	0	0	-0.0059402	0	0	0.281171	2471.19	-90.4884	-2469.54	-0	16.8159	0	0	-16.8159	3.04334	-0.0841706	0.0533344	0.0835	-2.20016e-05	0.0022276	0	-0.00226301	-0.00135204	0	14.6038	-3.54974	0	0	0	0.00331169	0	0	-0.31213	2225.15	26.3776	-2224.99	-0	0	0	0	0	2.79645	-0.0506596	0.873944	-0.0835	-5.24633e-05	0.00204988	0	-0.000211887	-0.00130372	0	0.876539	-0.0754859	0	0	0	-0.0342637	0	0	-1.1143	2044.63	53.4293	-2043.93	-0	0	0	0	0	3.37986	-0.0654331	0.480699	-0.0835	9.22978e-05	0.00247598	0	-0.000555671	-0.00197791	0	8.61516	-0.0490018	0	0	0	-0.0059402	0	0	0.281171	2471.19	-90.4884	-2469.54	-0	16.8159	0	0	-16.8159	3.04334	-0.0841706	0.0533344	-0.0835	-2.20016e-05	0.0022276	0	-0.00226301	-0.00135204	0	14.6038	-3.54974	0	0	0	0.00331169	0	0	-0.31213	2225.15	26.3776	-2224.99	-0	0	0	0	0	0.481612	-0.0800651	1.01923	0	5.72503e-05	-0.000359774	0	-5.25862e-05	0.00207342	0	-0.0427135	-0.0355018	0	0	0	-0.0318848	0	0	-0.00414973	352.132	-56.9389	347.498	-0	16.5395	0	0	16.5395	0.0393392	-0.0760227	0.970116	1.99931e-10	-0.134416	0.026063	0	-10.0182	1.94251	0	3.01969e-11	-2.91431e-10	5.83825	-0.0343758	0.529475	0	-25.1339	387.127	0	35.1915	2.28478	12.8053	0.0333489	-0.00417747	-0.0909043	-0.0343758	0.529475	0	-25.1339	387.127	0	-35.1915	-2.28478	12.8053	0.0333489	-0.00417747	0.0909043
0.29	0.00579091	0.919283	-0.0501435	0.0225477	0.938482	0.0507557	-0.0454471	-1.12075	-0.00335239	0.252612	0.000273012	-0.323002	-0.0454471	-1.12075	-0.00335239	0.252612	0.000273012	-0.323002	0	1	0	0	0	0	1	0	0	0	0	0	0	0	0	0	-0.0501435	0.938482	0	0.999996	0	0	0.00289545	0.0225477	0.0507557	0	0	0	0.919283	-0.0565541	0.704552	0.0835	0.999803	0	0	-0.0198268	0.0489421	0.0510191	0	0	0	-0.20147	-0.0734438	0.294658	0.0835	0.999769	0	0	-0.0215026	0.0133216	0.0502849	0	0	0	0.0511426	-0.0332576	0.0396629	0.09142	0.999772	0	0	-0.0213662	0.0212041	0.0339194	0	0	0	-0.27186	-0.0565541	0.704552	-0.0835	0.999803	0	0	-0.0198268	0.0489421	0.0510191	0	0	0	-0.20147	-0.0734438	0.294658	-0.0835	0.999769	0	0	-0.0215026	0.0133216	0.0502849	0	0	0	0.0511426	-0.0332576	0.0396629	-0.09142	0.999772	0	0	-0.0213662	0.0212041	0.0339194	0	0	0	-0.27186	-0.102198	1.34014	0	0.999915	0	0	-0.0130476	-0.348112	0.00491903	0	0	0	0.922474	0.3	0.0760832	0.3	0.131732	0.3	0.109562	0.3	0.111694	0.3	0.0552738	0.3	0.0541152	0.3	0.0415713	0.3	0.0549377	0.3	0.0760832	0.3	0.131732	0.3	0.109562	0.3	0.111694	0.3	0.0552738	0.3	0.0541152	0.3	0.0415713	0.3	0.0549377	0.3	0.0551557	0.3	0.0551557	0.3	0.3	0.779541	-0.481003	0.0159694	0.193839	-0.0481003	-0.0469458	0.3	0.3	1.19431	0.0747976	0.0236267	0.333999	0.00747976	0.00825018	0.3	0.3	0.698295	-0.323689	0.0134056	0.153749	-0.0323689	-0.0507869	0.3	0.3	1.04779	0.363261	0.0241047	0.343763	0.0363261	0.0387237	0.3	0.3	0.726689	0.37805	0.0194915	0.254508	0.037805	0.028694	0.3	0.3	0.556634	-0.0704653	0.00913827	0.0946302	-0.00704653	-0.0069972	0.3	0.3	1.06108	-0.0355665	0.0215356	0.292686	-0.00355665	-0.00181389	0.3	0.3	0.944801	-0.193856	0.0182731	0.232788	-0.0193856	-0.00852966	0.3	0.3	0.804358	0.158271	0.0209193	0.280946	0.0158271	0.0108099	0.3	0.3	0.779541	-0.481003	0.0159694	0.193839	-0.0481003	-0.0469458	0.3	0.3	1.19431	0.0747976	0.0236267	0.333999	0.00747976	0.00825018	0.3	0.3	0.698295	-0.323689	0.0134056	0.153749	-0.0323689	-0.0507869	0.3	0.3	1.04779	0.363261	0.0241047	0.343763	0.0363261	0.0387237	0.3	0.3	0.726689	0.37805	0.0194915	0.254508	0.037805	0.028694	0.3	0.3	0.556634	-0.0704653	0.00913827	0.0946302	-0.00704653	-0.0069972	0.3	0.3	1.06108	-0.0355665	0.0215356	0.292686	-0.00355665	-0.00181389	0.3	0.3	0.944801	-0.193856	0.0182731	0.232788	-0.0193856	-0.00852966	0.3	0.3	0.804358	0.158271	0.0209193	0.280946	0.0158271	0.0108099	0	0	0	0	0	0	0	0	0	0	0	0	0	0	0	0	0	0	-0.0501435	0.938482	0	0.0225477	0.0507557	0	-0.0501435	0.938482	0	0.0225477	0.0507557	0	0	0	0.00579091	0	0	0.919283	-0.0565541	0.704552	0.0835	0.0489421	0.0510191	0	-0.0565541	0.704552	0.0835	0.0489421	0.0510191	0	0	0	-0.0396562	0	0	-0.20147	-0.0734438	0.294658	0.0835	0.0133216	0.0502849	0	-0.0734438	0.294658	0.0835	0.0133216	0.0502849	0	0	0	-0.0430086	0	0	0.0511426	-0.0332576	0.0396629	0.09142	0.0212041	0.0339194	0	-0.0332576	0.0396629	0.09142	0.0212041	0.0339194	0	0	0	-0.0427356	0	0	-0.27186	-0.0565541	0.704552	-0.0835	0.0489421	0.0510191	0	-0.0565541	0.704552	-0.0835	0.0489421	0.0510191	0	0	0	-0.0396562	0	0	-0.20147	-0.0734438	0.294658	-0.0835	0.0133216	0.0502849	0	-0.0734438	0.294658	-0.0835	0.0133216	0.0502849	0	0	0	-0.0430086	0	0	0.0511426	-0.0332576	0.0396629	-0.09142	0.0212041	0.0339194	0	-0.0332576	0.0396629	-0.09142	0.0212041	0.0339194	0	0	0	-0.0427356	0	0	-0.27186	-0.102198	1.34014	0	-0.348112	0.00491903	0	-0.102198	1.34014	0	-0.348112	0.00491903	0	0	0	-0.0260959	0	0	0.922474	2.7767	-0.0498143	0.874419	0.0835	-5.35995e-05	0.00203606	0	-0.00014621	-0.00144626	0	0.00542468	-0.0094015	0	0	0	-0.0454452	0	0	-1.12075	2030.2	54.2661	-2029.47	-0	0	0	0	0	3.35118	-0.0654166	0.481185	0.0835	9.74834e-05	0.00245517	0	0.000336302	-0.00212882	0	0.0313672	-0.0217384	0	0	0	-0.00345267	0	0	0.252612	2450.23	-98.5785	-2448.24	-0	16.5747	0	0	-16.5747	3.01443	-0.0839303	0.0537907	0.0835	-2.57045e-05	0.00220782	0	-0.000708245	-0.00205466	0	0.128651	0.0483721	0	0	0	0	0	0	-0.323002	2204.01	27.0741	-2203.84	-0	0	0	0	0	2.7767	-0.0498143	0.874419	-0.0835	-5.35995e-05	0.00203606	0	-0.00014621	-0.00144626	0	0.00542468	-0.0094015	0	0	0	-0.0454452	0	0	-1.12075	2030.2	54.2661	-2029.47	-0	0	0	0	0	3.35118	-0.0654166	0.481185	-0.0835	9.74834e-05	0.00245517	0	0.000336302	-0.00212882	0	0.0313672	-0.0217384	0	0	0	-0.00345267	0	0	0.252612	2450.23	-98.5785	-2448.24	-0	16.5747	0	0	-16.5747	3.01443	-0.0839303	0.0537907	-0.0835	-2.57045e-05	0.00220782	0	-0.000708245	-0.00205466	0	0.128651	0.0483721	0	0	0	0	0	0	-0.323002	2204.01	27.0741	-2203.84	-0	0	0	0	0	0.453431	-0.0805583	1.01947	0	5.66617e-05	-0.000339393	0	-8.5324e-05	0.00213763	0	-0.000604033	-0.0206229	0	0	0	-0.0318848	0	0	0.00319135	331.528	-56.1565	326.737	-0	15.4842	0	0	15.4842	0.0396629	-0.0774071	0.970397	1.99931e-10	-0.142093	0.0291544	0	-10.5904	2.17292	0	3.36706e-11	3.31414e-09	6.13016	-0.0398771	0.500869	0	-29.1563	366.212	0	33.3491	2.65512	14.1479	0.0389691	-0.00421964	-0.0910651	-0.0398771	0.500869	0	-29.1563	366.212	0	-33.3491	-2.65512	14.1479	0.0389691	-0.00421964	0.0910651
0.3	0.0151142	0.94354	-0.0499434	0.0177388	0.938994	0.0507729	-0.0566885	-1.12743	-0.000956297	0.229219	-0.00299328	-0.326537	-0.0566885	-1.12743	-0.000956297	0.229219	-0.00299328	-0.326537	0	1	0	0	0	0	1	0	0	0	0	0	0	0	0	0	-0.0499434	0.938994	0	0.999972	0	0	0.00755704	0.0177388	0.0507729	0	0	0	0.94354	-0.0560651	0.70507	0.0835	0.999784	0	0	-0.0207856	0.0487022	0.0515667	0	0	0	-0.183887	-0.0732951	0.295168	0.0835	0.999774	0	0	-0.0212637	0.0160182	0.0508824	0	0	0	0.0453319	-0.0330372	0.0400066	0.09142	0.999741	0	0	-0.0227599	0.022623	0.0342655	0	0	0	-0.281205	-0.0560651	0.70507	-0.0835	0.999784	0	0	-0.0207856	0.0487022	0.0515667	0	0	0	-0.183887	-0.0732951	0.295168	-0.0835	0.999774	0	0	-0.0212637	0.0160182	0.0508824	0	0	0	0.0453319	-0.0330372	0.0400066	-0.09142	0.999741	0	0	-0.0227599	0.022623	0.0342655	0	0	0	-0.281205	-0.105767	1.34017	0	0.999965	0	0	-0.00835181	-0.364402	-0.000272423	0	0	0	0.95358	0.3	0.0756136	0.3	0.131812	0.3	0.109053	0.3	0.112082	0.3	0.055208	0.3	0.0540947	0.3	0.0414845	0.3	0.0550534	0.3	0.0756136	0.3	0.131812	0.3	0.109053	0.3	0.112082	0.3	0.055208	0.3	0.0540947	0.3	0.0414845	0.3	0.0550534	0.3	0.0554487	0.3	0.0554487	0.3	0.3	0.774729	-0.481612	0.0158672	0.192174	-0.0481612	-0.0470053	0.3	0.3	1.19503	0.070035	0.0236054	0.333566	0.0070035	0.00772486	0.3	0.3	0.69505	-0.325592	0.0132816	0.151898	-0.0325592	-0.0510854	0.3	0.3	1.05142	0.363715	0.0241176	0.344028	0.0363715	0.038772	0.3	0.3	0.730549	0.394512	0.0197089	0.258466	0.0394512	0.0299434	0.3	0.3	0.555972	-0.0618594	0.00911651	0.0943539	-0.00618594	-0.00614264	0.3	0.3	1.06068	-0.0455577	0.0214567	0.291172	-0.00455577	-0.00232344	0.3	0.3	0.942831	-0.200632	0.0182092	0.23167	-0.0200632	-0.0088278	0.3	0.3	0.806052	0.180471	0.0211029	0.284422	0.0180471	0.0123261	0.3	0.3	0.774729	-0.481612	0.0158672	0.192174	-0.0481612	-0.0470053	0.3	0.3	1.19503	0.070035	0.0236054	0.333566	0.0070035	0.00772486	0.3	0.3	0.69505	-0.325592	0.0132816	0.151898	-0.0325592	-0.0510854	0.3	0.3	1.05142	0.363715	0.0241176	0.344028	0.0363715	0.038772	0.3	0.3	0.730549	0.394512	0.0197089	0.258466	0.0394512	0.0299434	0.3	0.3	0.555972	-0.0618594	0.00911651	0.0943539	-0.00618594	-0.00614264	0.3	0.3	1.06068	-0.0455577	0.0214567	0.291172	-0.00455577	-0.00232344	0.3	0.3	0.942831	-0.200632	0.0182092	0.23167	-0.0200632	-0.0088278	0.3	0.3	0.806052	0.180471	0.0211029	0.284422	0.0180471	0.0123261	0	0	0	0	0	0	0	0	0	0	0	0	0	0	0	0	0	0	-0.0499434	0.938994	0	0.0177388	0.0507729	0	-0.0499434	0.938994	0	0.0177388	0.0507729	0	0	0	0.0151142	0	0	0.94354	-0.0560651	0.70507	0.0835	0.0487022	0.0515667	0	-0.0560651	0.70507	0.0835	0.0487022	0.0515667	0	0	0	-0.0415743	0	0	-0.183887	-0.0732951	0.295168	0.0835	0.0160182	0.0508824	0	-0.0732951	0.295168	0.0835	0.0160182	0.0508824	0	0	0	-0.0425305	0	0	0.0453319	-0.0330372	0.0400066	0.09142	0.022623	0.0342655	0	-0.0330372	0.0400066	0.09142	0.022623	0.0342655	0	0	0	-0.0455238	0	0	-0.281205	-0.0560651	0.70507	-0.0835	0.0487022	0.0515667	0	-0.0560651	0.70507	-0.0835	0.0487022	0.0515667	0	0	0	-0.0415743	0	0	-0.183887	-0.0732951	0.295168	-0.0835	0.0160182	0.0508824	0	-0.0732951	0.295168	-0.0835	0.0160182	0.0508824	0	0	0	-0.0425305	0	0	0.0453319	-0.0330372	0.0400066	-0.09142	0.022623	0.0342655	0	-0.0330372	0.0400066	-0.09142	0.022623	0.0342655	0	0	0	-0.0455238	0	0	-0.281205	-0.105767	1.34017	0	-0.364402	-0.000272423	0	-0.105767	1.34017	0	-0.364402	-0.000272423	0	0	0	-0.0167038	0	0	0.95358	2.75711	-0.0489995	0.874923	0.0835	-5.50784e-05	0.0020217	0	-0.000163712	-0.00144813	0	-0.00311446	0.0014188	0	0	0	-0.0566846	0	0	-1.12743	2015.87	55.8248	-2015.1	-0	0	0	0	0	3.32266	-0.0653571	0.481699	0.0835	0.000101075	0.0024339	0	0.000382596	-0.0020517	0	-0.000514567	0.0499398	0	0	0	-0.000976562	0	0	0.229219	2429.37	-102.32	-2427.22	-0	16.3852	0	0	-16.3852	2.98775	-0.0836703	0.0542756	0.0835	-3.05921e-05	0.00218797	0	-0.000401964	-0.00190962	0	0.0289725	-0.0550372	0	0	0	-0.00300997	0	0	-0.326537	2184.5	31.3694	-2184.27	-0	0	0	0	0	2.75711	-0.0489995	0.874923	-0.0835	-5.50784e-05	0.0020217	0	-0.000163712	-0.00144813	0	-0.00311446	0.0014188	0	0	0	-0.0566846	0	0	-1.12743	2015.87	55.8248	-2015.1	-0	0	0	0	0	3.32266	-0.0653571	0.481699	-0.0835	0.000101075	0.0024339	0	0.000382596	-0.0020517	0	-0.000514567	0.0499398	0	0	0	-0.000976562	0	0	0.229219	2429.37	-102.32	-2427.22	-0	16.3852	0	0	-16.3852	2.98775	-0.0836703	0.0542756	-0.0835	-3.05921e-05	0.00218797	0	-0.000401964	-0.00190962	0	0.0289725	-0.0550372	0	0	0	-0.00300997	0	0	-0.326537	2184.5	31.3694	-2184.27	-0	0	0	0	0	0.428825	-0.0811159	1.01971	0	5.58868e-05	-0.000320025	0	-9.75281e-05	0.00192638	0	0.000145018	-0.0423478	0	0	0	-0.0318099	0	0	0.0100401	313.537	-55.3094	308.62	-0	14.4673	0	0	14.4673	0.0400066	-0.0788704	0.970681	1.99931e-10	-0.150079	0.0269801	0	-11.1856	2.01087	0	4.63797e-10	-7.65312e-10	6.40523	-0.0415533	0.476014	0	-30.3818	348.039	0	31.7489	2.77149	15.3469	0.0444679	-0.00426986	-0.091222	-0.0415533	0.476014	0	-30.3818	348.039	0	-31.7489	-2.77149	15.3469	0.0444679	-0.00426986	0.091222
0.31	0.0246753	0.967002	-0.0497937	0.0125313	0.939482	0.0465626	-0.0680033	-1.1357	0.00122464	0.207626	-0.00621119	-0.313245	-0.0680033	-1.1357	0.00122464	0.207626	-0.00621119	-0.313245	0	1	0	0	0	0	1	0	0	0	0	0	0	0	0	0	-0.0497937	0.939482	0	0.999924	0	0	0.0123373	0.0125313	0.0465626	0	0	0	0.967002	-0.0555832	0.705569	0.0835	0.999765	0	0	-0.0216623	0.0476014	0.0480788	0	0	0	-0.168702	-0.0731256	0.295662	0.0835	0.999778	0	0	-0.0210501	0.0175913	0.0475646	0	0	0	0.0389237	-0.0328066	0.0403374	0.09142	0.999708	0	0	-0.0241549	0.0234805	0.0316205	0	0	0	-0.274322	-0.0555832	0.705569	-0.0835	0.999765	0	0	-0.0216623	0.0476014	0.0480788	0	0	0	-0.168702	-0.0731256	0.295662	-0.0835	0.999778	0	0	-0.0210501	0.0175913	0.0475646	0	0	0	0.0389237	-0.0328066	0.0403374	-0.09142	0.999708	0	0	-0.0241549	0.0234805	0.0316205	0	0	0	-0.274322	-0.109497	1.34011	0	0.999994	0	0	-0.0035036	-0.380467	-0.0101625	0	0	0	0.983318	0.3	0.0751423	0.3	0.131886	0.3	0.108541	0.3	0.112469	0.3	0.0551492	0.3	0.054069	0.3	0.0413951	0.3	0.055181	0.3	0.0751423	0.3	0.131886	0.3	0.108541	0.3	0.112469	0.3	0.0551492	0.3	0.054069	0.3	0.0413951	0.3	0.055181	0.3	0.0557525	0.3	0.0557525	0.3	0.3	0.7699	-0.484938	0.0157458	0.190206	-0.0484938	-0.04733	0.3	0.3	1.19571	0.0635793	0.023571	0.332869	0.00635793	0.00701279	0.3	0.3	0.691782	-0.328521	0.0131502	0.149945	-0.0328521	-0.0515449	0.3	0.3	1.05506	0.363164	0.0241255	0.34419	0.0363164	0.0387133	0.3	0.3	0.734551	0.406158	0.0199061	0.262076	0.0406158	0.0308274	0.3	0.3	0.55538	-0.0563108	0.0090897	0.0940127	-0.00563108	-0.00559166	0.3	0.3	1.06018	-0.0560684	0.0213736	0.289581	-0.00560684	-0.00285949	0.3	0.3	0.940798	-0.205945	0.0181545	0.230715	-0.0205945	-0.00906156	0.3	0.3	0.807921	0.192584	0.0212222	0.286691	0.0192584	0.0131535	0.3	0.3	0.7699	-0.484938	0.0157458	0.190206	-0.0484938	-0.04733	0.3	0.3	1.19571	0.0635793	0.023571	0.332869	0.00635793	0.00701279	0.3	0.3	0.691782	-0.328521	0.0131502	0.149945	-0.0328521	-0.0515449	0.3	0.3	1.05506	0.363164	0.0241255	0.34419	0.0363164	0.0387133	0.3	0.3	0.734551	0.406158	0.0199061	0.262076	0.0406158	0.0308274	0.3	0.3	0.55538	-0.0563108	0.0090897	0.0940127	-0.00563108	-0.00559166	0.3	0.3	1.06018	-0.0560684	0.0213736	0.289581	-0.00560684	-0.00285949	0.3	0.3	0.940798	-0.205945	0.0181545	0.230715	-0.0205945	-0.00906156	0.3	0.3	0.807921	0.192584	0.0212222	0.286691	0.0192584	0.0131535	0	0	0	0	0	0	0	0	0	0	0	0	0	0	0	0	0	0	-0.0497937	0.939482	0	0.0125313	0.0465626	0	-0.0497937	0.939482	0	0.0125313	0.0465626	0	0	0	0.0246753	0	0	0.967002	-0.0555832	0.705569	0.0835	0.0476014	0.0480788	0	-0.0555832	0.705569	0.0835	0.0476014	0.0480788	0	0	0	-0.043328	0	0	-0.168702	-0.0731256	0.295662	0.0835	0.0175913	0.0475646	0	-0.0731256	0.295662	0.0835	0.0175913	0.0475646	0	0	0	-0.0421034	0	0	0.0389237	-0.0328066	0.0403374	0.09142	0.0234805	0.0316205	0	-0.0328066	0.0403374	0.09142	0.0234805	0.0316205	0	0	0	-0.0483145	0	0	-0.274322	-0.0555832	0.705569	-0.0835	0.0476014	0.0480788	0	-0.0555832	0.705569	-0.0835	0.0476014	0.0480788	0	0	0	-0.043328	0	0	-0.168702	-0.0731256	0.295662	-0.0835	0.0175913	0.0475646	0	-0.0731256	0.295662	-0.0835	0.0175913	0.0475646	0	0	0	-0.0421034	0	0	0.0389237	-0.0328066	0.0403374	-0.09142	0.0234805	0.0316205	0	-0.0328066	0.0403374	-0.09142	0.0234805	0.0316205	0	0	0	-0.0483145	0	0	-0.274322	-0.109497	1.34011	0	-0.380467	-0.0101625	0	-0.109497	1.34011	0	-0.380467	-0.0101625	0	0	0	-0.00700722	0	0	0.983318	2.73957	-0.0482197	0.87541	0.0835	-5.68703e-05	0.00200815	0	-0.000176869	-0.00130308	0	-0.298957	0.0222082	0	0	0	-0.068006	0	0	-1.1357	2003.04	57.6767	-2002.21	-0	0	0	0	0	3.29736	-0.0652672	0.482196	0.0835	0.000105023	0.00241452	0	0.000820328	-0.00185985	0	-4.24181	0.102793	0	0	0	0.00119604	0	0	0.207626	2410.88	-107.695	-2408.47	-0	16.1719	0	0	-16.1719	2.96453	-0.0833997	0.0547476	0.0835	-3.33712e-05	0.0021705	0	0.000380425	-0.00166671	0	-6.24635	1.28687	0	0	0	-0.00617633	0	0	-0.313245	2167.53	32.6355	-2167.28	-0	0	0	0	0	2.73957	-0.0482197	0.87541	-0.0835	-5.68703e-05	0.00200815	0	-0.000176869	-0.00130308	0	-0.298957	0.0222082	0	0	0	-0.068006	0	0	-1.1357	2003.04	57.6767	-2002.21	-0	0	0	0	0	3.29736	-0.0652672	0.482196	-0.0835	0.000105023	0.00241452	0	0.000820328	-0.00185985	0	-4.24181	0.102793	0	0	0	0.00119604	0	0	0.207626	2410.88	-107.695	-2408.47	-0	16.1719	0	0	-16.1719	2.96453	-0.0833997	0.0547476	-0.0835	-3.33712e-05	0.0021705	0	0.000380425	-0.00166671	0	-6.24635	1.28687	0	0	0	-0.00617633	0	0	-0.313245	2167.53	32.6355	-2167.28	-0	0	0	0	0	0.410733	-0.0817402	1.01991	0	5.51939e-05	-0.000304233	0	-6.64815e-05	0.00151452	0	-0.0683471	-0.062537	0	0	0	-0.0316747	0	0	0.0163161	300.309	-54.8003	295.267	-0	13.5084	0	0	13.5084	0.0403374	-0.0804155	0.970919	1.99931e-10	-0.158371	0.0204824	0	-11.8036	1.52658	0	-5.35223e-10	2.37145e-09	6.66447	-0.0440831	0.457609	0	-32.2315	334.583	0	30.564	2.94434	16.2496	0.0489827	-0.00431739	-0.0913497	-0.0440831	0.457609	0	-32.2315	334.583	0	-30.564	-2.94434	16.2496	0.0489827	-0.00431739	0.0913497
0.32	0.0344647	0.989645	-0.0496976	0.0069984	0.939911	0.039543	-0.0794045	-1.14541	0.00322733	0.189484	-0.0092777	-0.288229	-0.0794045	-1.14541	0.00322733	0.189484	-0.0092777	-0.288229	0	1	0	0	0	0	1	0	0	0	0	0	0	0	0	0	-0.0496976	0.939911	0	0.999852	0	0	0.0172315	0.0069984	0.039543	0	0	0	0.989645	-0.0551161	0.706019	0.0835	0.999748	0	0	-0.022468	0.0457704	0.041924	0	0	0	-0.155765	-0.0729464	0.296108	0.0835	0.999783	0	0	-0.0208547	0.0180723	0.0419131	0	0	0	0.0337183	-0.0325735	0.0406322	0.09142	0.999675	0	0	-0.0254923	0.0238517	0.0271343	0	0	0	-0.254511	-0.0551161	0.706019	-0.0835	0.999748	0	0	-0.022468	0.0457704	0.041924	0	0	0	-0.155765	-0.0729464	0.296108	-0.0835	0.999783	0	0	-0.0208547	0.0180723	0.0419131	0	0	0	0.0337183	-0.0325735	0.0406322	-0.09142	0.999675	0	0	-0.0254923	0.0238517	0.0271343	0	0	0	-0.254511	-0.113387	1.33995	0	0.999999	0	0	0.00148953	-0.396384	-0.0232889	0	0	0	1.01203	0.3	0.0746667	0.3	0.131953	0.3	0.108023	0.3	0.112856	0.3	0.0550948	0.3	0.0540379	0.3	0.0413037	0.3	0.0553134	0.3	0.0746667	0.3	0.131953	0.3	0.108023	0.3	0.112856	0.3	0.0550948	0.3	0.0540379	0.3	0.0413037	0.3	0.0553134	0.3	0.0560636	0.3	0.0560636	0.3	0.3	0.765027	-0.490609	0.0156073	0.187968	-0.0490609	-0.0478834	0.3	0.3	1.19631	0.0567574	0.0235327	0.332094	0.00567574	0.00626034	0.3	0.3	0.688481	-0.33245	0.0130114	0.147889	-0.033245	-0.0521614	0.3	0.3	1.05869	0.3618	0.0241294	0.344271	0.03618	0.0385679	0.3	0.3	0.73865	0.413378	0.0200835	0.265338	0.0413378	0.0313754	0.3	0.3	0.554832	-0.0534552	0.00905711	0.0935991	-0.00534552	-0.00530811	0.3	0.3	1.05957	-0.0666514	0.0212898	0.28798	-0.00666514	-0.00339922	0.3	0.3	0.93872	-0.209186	0.0181131	0.229994	-0.0209186	-0.00920418	0.3	0.3	0.80986	0.194146	0.0212745	0.287687	0.0194146	0.0132602	0.3	0.3	0.765027	-0.490609	0.0156073	0.187968	-0.0490609	-0.0478834	0.3	0.3	1.19631	0.0567574	0.0235327	0.332094	0.00567574	0.00626034	0.3	0.3	0.688481	-0.33245	0.0130114	0.147889	-0.033245	-0.0521614	0.3	0.3	1.05869	0.3618	0.0241294	0.344271	0.03618	0.0385679	0.3	0.3	0.73865	0.413378	0.0200835	0.265338	0.0413378	0.0313754	0.3	0.3	0.554832	-0.0534552	0.00905711	0.0935991	-0.00534552	-0.00530811	0.3	0.3	1.05957	-0.0666514	0.0212898	0.28798	-0.00666514	-0.00339922	0.3	0.3	0.93872	-0.209186	0.0181131	0.229994	-0.0209186	-0.00920418	0.3	0.3	0.80986	0.194146	0.0212745	0.287687	0.0194146	0.0132602	0	0	0	0	0	0	0	0	0	0	0	0	0	0	0	0	0	0	-0.0496976	0.939911	0	0.0069984	0.039543	0	-0.0496976	0.939911	0	0.0069984	0.039543	0	0	0	0.0344647	0	0	0.989645	-0.0551161	0.706019	0.0835	0.0457704	0.041924	0	-0.0551161	0.706019	0.0835	0.0457704	0.041924	0	0	0	-0.0449398	0	0	-0.155765	-0.0729464	0.296108	0.0835	0.0180723	0.0419131	0	-0.0729464	0.296108	0.0835	0.0180723	0.0419131	0	0	0	-0.0417124	0	0	0.0337183	-0.0325735	0.0406322	0.09142	0.0238517	0.0271343	0	-0.0325735	0.0406322	0.09142	0.0238517	0.0271343	0	0	0	-0.0509901	0	0	-0.254511	-0.0551161	0.706019	-0.0835	0.0457704	0.041924	0	-0.0551161	0.706019	-0.0835	0.0457704	0.041924	0	0	0	-0.0449398	0	0	-0.155765	-0.0729464	0.296108	-0.0835	0.0180723	0.0419131	0	-0.0729464	0.296108	-0.0835	0.0180723	0.0419131	0	0	0	-0.0417124	0	0	0.0337183	-0.0325735	0.0406322	-0.09142	0.0238517	0.0271343	0	-0.0325735	0.0406322	-0.09142	0.0238517	0.0271343	0	0	0	-0.0509901	0	0	-0.254511	-0.113387	1.33995	0	-0.396384	-0.0232889	0	-0.113387	1.33995	0	-0.396384	-0.0232889	0	0	0	0.00297905	0	0	1.01203	2.72528	-0.0474789	0.875847	0.0835	-5.89788e-05	0.00199655	0	-0.000151314	-0.00106262	0	-0.645984	0.0905505	0	0	0	-0.0794046	0	0	-1.14541	1992.6	59.6687	-1991.7	-0	0	0	0	0	3.27816	-0.065161	0.482645	0.0835	0.000108056	0.00239855	0	0.00117964	-0.00132993	0	-6.8579	-0.130685	0	0	0	0.00323889	0	0	0.189484	2396.83	-111.897	-2394.22	-0	15.999	0	0	-15.999	2.94817	-0.0831278	0.0551778	0.0835	-3.56957e-05	0.00215834	0	0.00128485	-0.00157001	0	-11.1668	3.63359	0	0	0	-0.00926449	0	0	-0.288229	2155.56	33.2112	-2155.31	-0	0	0	0	0	2.72528	-0.0474789	0.875847	-0.0835	-5.89788e-05	0.00199655	0	-0.000151314	-0.00106262	0	-0.645984	0.0905505	0	0	0	-0.0794046	0	0	-1.14541	1992.6	59.6687	-1991.7	-0	0	0	0	0	3.27816	-0.065161	0.482645	-0.0835	0.000108056	0.00239855	0	0.00117964	-0.00132993	0	-6.8579	-0.130685	0	0	0	0.00323889	0	0	0.189484	2396.83	-111.897	-2394.22	-0	15.999	0	0	-15.999	2.94817	-0.0831278	0.0551778	-0.0835	-3.56957e-05	0.00215834	0	0.00128485	-0.00157001	0	-11.1668	3.63359	0	0	0	-0.00926449	0	0	-0.288229	2155.56	33.2112	-2155.31	-0	0	0	0	0	0.400346	-0.0824334	1.02004	0	5.47022e-05	-0.000293195	0	-4.05014e-05	0.000944534	0	-0.000482202	-0.0248561	0	0	0	-0.0314859	0	0	0.0223812	292.714	-54.4624	287.603	-0	12.5626	0	0	12.5626	0.0406322	-0.0820446	0.971076	1.99931e-10	-0.166954	0.0110945	0	-12.4433	0.826891	0	7.3419e-11	1.78191e-09	6.91057	-0.0476179	0.447737	0	-34.816	327.365	0	29.9275	3.18287	16.7209	0.051539	-0.00433997	-0.0914196	-0.0476179	0.447737	0	-34.816	327.365	0	-29.9275	-3.18287	16.7209	0.051539	-0.00433997	0.0914196
0.33	0.0444867	1.01328	-0.0496579	0.0013504	0.940265	0.0317416	-0.0909157	-1.15723	0.00507981	0.179324	-0.0121473	-0.276146	-0.0909157	-1.15723	0.00507981	0.179324	-0.0121473	-0.276146	0	1	0	0	0	0	1	0	0	0	0	0	0	0	0	0	-0.0496579	0.940265	0	0.999753	0	0	0.0222415	0.0013504	0.0317416	0	0	0	1.01328	-0.0546699	0.706401	0.0835	0.999731	0	0	-0.0232124	0.0435483	0.0350868	0	0	0	-0.143948	-0.0727658	0.296492	0.0835	0.999786	0	0	-0.0206731	0.0178507	0.0353149	0	0	0	0.0353761	-0.0323427	0.0408798	0.09142	0.999642	0	0	-0.026745	0.0227689	0.0225045	0	0	0	-0.24077	-0.0546699	0.706401	-0.0835	0.999731	0	0	-0.0232124	0.0435483	0.0350868	0	0	0	-0.143948	-0.0727658	0.296492	-0.0835	0.999786	0	0	-0.0206731	0.0178507	0.0353149	0	0	0	0.0353761	-0.0323427	0.0408798	-0.09142	0.999642	0	0	-0.026745	0.0227689	0.0225045	0	0	0	-0.24077	-0.117436	1.33964	0	0.999978	0	0	0.00662575	-0.412311	-0.0375975	0	0	0	1.04048	0.3	0.0741843	0.3	0.132012	0.3	0.107498	0.3	0.113241	0.3	0.055042	0.3	0.0540013	0.3	0.0412112	0.3	0.0554444	0.3	0.0741843	0.3	0.132012	0.3	0.107498	0.3	0.113241	0.3	0.055042	0.3	0.0540013	0.3	0.0412112	0.3	0.0554444	0.3	0.0563787	0.3	0.0563787	0.3	0.3	0.760085	-0.498626	0.0154511	0.18546	-0.0498626	-0.0486659	0.3	0.3	1.19685	0.0497529	0.0234916	0.331261	0.00497529	0.00548775	0.3	0.3	0.685135	-0.337077	0.012866	0.14575	-0.0337077	-0.0528874	0.3	0.3	1.06229	0.360113	0.0241321	0.344327	0.0360113	0.038388	0.3	0.3	0.742802	0.416873	0.0202424	0.26828	0.0416873	0.0316406	0.3	0.3	0.5543	-0.0527468	0.0090187	0.0931106	-0.00527468	-0.00523775	0.3	0.3	1.05885	-0.0772131	0.021206	0.286383	-0.00772131	-0.00393787	0.3	0.3	0.936618	-0.210368	0.0180851	0.229506	-0.0210368	-0.00925621	0.3	0.3	0.811778	0.188061	0.0212763	0.287723	0.0188061	0.0128445	0.3	0.3	0.760085	-0.498626	0.0154511	0.18546	-0.0498626	-0.0486659	0.3	0.3	1.19685	0.0497529	0.0234916	0.331261	0.00497529	0.00548775	0.3	0.3	0.685135	-0.337077	0.012866	0.14575	-0.0337077	-0.0528874	0.3	0.3	1.06229	0.360113	0.0241321	0.344327	0.0360113	0.038388	0.3	0.3	0.742802	0.416873	0.0202424	0.26828	0.0416873	0.0316406	0.3	0.3	0.5543	-0.0527468	0.0090187	0.0931106	-0.00527468	-0.00523775	0.3	0.3	1.05885	-0.0772131	0.021206	0.286383	-0.00772131	-0.00393787	0.3	0.3	0.936618	-0.210368	0.0180851	0.229506	-0.0210368	-0.00925621	0.3	0.3	0.811778	0.188061	0.0212763	0.287723	0.0188061	0.0128445	0	0	0	0	0	0	0	0	0	0	0	0	0	0	0	0	0	0	-0.0496579	0.940265	0	0.0013504	0.0317416	0	-0.0496579	0.940265	0	0.0013504	0.0317416	0	0	0	0.0444867	0	0	1.01328	-0.0546699	0.706401	0.0835	0.0435483	0.0350868	0	-0.0546699	0.706401	0.0835	0.0435483	0.0350868	0	0	0	-0.046429	0	0	-0.143948	-0.0727658	0.296492	0.0835	0.0178507	0.0353149	0	-0.0727658	0.296492	0.0835	0.0178507	0.0353149	0	0	0	-0.0413492	0	0	0.0353761	-0.0323427	0.0408798	0.09142	0.0227689	0.0225045	0	-0.0323427	0.0408798	0.09142	0.0227689	0.0225045	0	0	0	-0.0534965	0	0	-0.24077	-0.0546699	0.706401	-0.0835	0.0435483	0.0350868	0	-0.0546699	0.706401	-0.0835	0.0435483	0.0350868	0	0	0	-0.046429	0	0	-0.143948	-0.0727658	0.296492	-0.0835	0.0178507	0.0353149	0	-0.0727658	0.296492	-0.0835	0.0178507	0.0353149	0	0	0	-0.0413492	0	0	0.0353761	-0.0323427	0.0408798	-0.09142	0.0227689	0.0225045	0	-0.0323427	0.0408798	-0.09142	0.0227689	0.0225045	0	0	0	-0.0534965	0	0	-0.24077	-0.117436	1.33964	0	-0.412311	-0.0375975	0	-0.117436	1.33964	0	-0.412311	-0.0375975	0	0	0	0.0132516	0	0	1.04048	2.71554	-0.0467798	0.876218	0.0835	-6.14561e-05	0.00198799	0	-0.000268638	-0.000769261	0	0.0028865	0.0234908	0	0	0	-0.0909147	0	0	-1.15723	1985.48	62.6809	-1984.49	-0	0	0	0	0	3.26425	-0.0650481	0.483032	0.0835	0.000110932	0.00238734	0	0.000200493	-0.00100876	0	0.0923108	0.0400992	0	0	0	0.00507437	0	0	0.179324	2386.67	-111.585	-2384.06	-0	16.0185	0	0	-16.0185	2.94325	-0.0828604	0.0555521	0.0835	-3.72007e-05	0.0021522	0	-0.000148825	-0.00029147	0	0.0988307	-0.109138	0	0	0	-0.0121385	0	0	-0.276146	2151.97	37.4885	-2151.64	-0	0	0	0	0	2.71554	-0.0467798	0.876218	-0.0835	-6.14561e-05	0.00198799	0	-0.000268638	-0.000769261	0	0.0028865	0.0234908	0	0	0	-0.0909147	0	0	-1.15723	1985.48	62.6809	-1984.49	-0	0	0	0	0	3.26425	-0.0650481	0.483032	-0.0835	0.000110932	0.00238734	0	0.000200493	-0.00100876	0	0.0923108	0.0400992	0	0	0	0.00507437	0	0	0.179324	2386.67	-111.585	-2384.06	-0	16.0185	0	0	-16.0185	2.94325	-0.0828604	0.0555521	-0.0835	-3.72007e-05	0.0021522	0	-0.000148825	-0.00029147	0	0.0988307	-0.109138	0	0	0	-0.0121385	0	0	-0.276146	2151.97	37.4885	-2151.64	-0	0	0	0	0	0.399526	-0.083198	1.02006	0	5.4732e-05	-0.00028887	0	-2.14577e-06	0.000325322	0	0.00662422	-0.0344166	0	0	0	-0.0312274	0	0	0.0272019	292.115	-54.7193	286.944	-0	11.7831	0	0	11.7831	0.0408798	-0.0837613	0.971132	1.99931e-10	-0.175776	0.000770718	0	-13.1008	0.0574427	0	2.30378e-09	2.35659e-09	7.1489	-0.0455774	0.447188	0	-33.3241	326.963	0	29.8909	3.04649	16.771	0.0517337	-0.00432181	-0.09142	-0.0455774	0.447188	0	-33.3241	326.963	0	-29.8909	-3.04649	16.771	0.0517337	-0.00432181	0.09142
0.34	0.0547475	1.03741	-0.0496741	-0.00427647	0.940541	0.0240029	-0.102571	-1.17313	0.00681531	0.168634	-0.0147381	-0.244004	-0.102571	-1.17313	0.00681531	0.168634	-0.0147381	-0.244004	0	1	0	0	0	0	1	0	0	0	0	0	0	0	0	0	-0.0496741	0.940541	0	0.999625	0	0	0.0273703	-0.00427647	0.0240029	0	0	0	1.03741	-0.0542482	0.706716	0.0835	0.999714	0	0	-0.0239093	0.0408609	0.0281994	0	0	0	-0.135719	-0.0725927	0.29681	0.0835	0.99979	0	0	-0.0205025	0.0167613	0.0286561	0	0	0	0.0329154	-0.0321201	0.041078	0.09142	0.999612	0	0	-0.0278694	0.0218283	0.0175192	0	0	0	-0.211089	-0.0542482	0.706716	-0.0835	0.999714	0	0	-0.0239093	0.0408609	0.0281994	0	0	0	-0.135719	-0.0725927	0.29681	-0.0835	0.99979	0	0	-0.0205025	0.0167613	0.0286561	0	0	0	0.0329154	-0.0321201	0.041078	-0.09142	0.999612	0	0	-0.0278694	0.0218283	0.0175192	0	0	0	-0.211089	-0.121644	1.33918	0	0.999929	0	0	0.0119046	-0.428356	-0.0517978	0	0	0	1.06952	0.3	0.0736939	0.3	0.132065	0.3	0.106965	0.3	0.113624	0.3	0.0549906	0.3	0.0539599	0.3	0.0411192	0.3	0.0555694	0.3	0.0736939	0.3	0.132065	0.3	0.106965	0.3	0.113624	0.3	0.0549906	0.3	0.0539599	0.3	0.0411192	0.3	0.0555694	0.3	0.0566962	0.3	0.0566962	0.3	0.3	0.75506	-0.506688	0.0152908	0.182893	-0.0506688	-0.0494528	0.3	0.3	1.19732	0.0449415	0.023465	0.330724	0.00449415	0.00495705	0.3	0.3	0.68174	-0.342148	0.0127153	0.143543	-0.0342148	-0.053683	0.3	0.3	1.06589	0.36009	0.0241448	0.34459	0.036009	0.0383856	0.3	0.3	0.746985	0.419995	0.020398	0.271167	0.0419995	0.0318776	0.3	0.3	0.553783	-0.0507986	0.00898512	0.0926862	-0.00507986	-0.0050443	0.3	0.3	1.05804	-0.0849282	0.0211438	0.285199	-0.00849282	-0.00433134	0.3	0.3	0.934527	-0.207009	0.0180875	0.229547	-0.0207009	-0.00910839	0.3	0.3	0.813608	0.176674	0.0212407	0.287043	0.0176674	0.0120668	0.3	0.3	0.75506	-0.506688	0.0152908	0.182893	-0.0506688	-0.0494528	0.3	0.3	1.19732	0.0449415	0.023465	0.330724	0.00449415	0.00495705	0.3	0.3	0.68174	-0.342148	0.0127153	0.143543	-0.0342148	-0.053683	0.3	0.3	1.06589	0.36009	0.0241448	0.34459	0.036009	0.0383856	0.3	0.3	0.746985	0.419995	0.020398	0.271167	0.0419995	0.0318776	0.3	0.3	0.553783	-0.0507986	0.00898512	0.0926862	-0.00507986	-0.0050443	0.3	0.3	1.05804	-0.0849282	0.0211438	0.285199	-0.00849282	-0.00433134	0.3	0.3	0.934527	-0.207009	0.0180875	0.229547	-0.0207009	-0.00910839	0.3	0.3	0.813608	0.176674	0.0212407	0.287043	0.0176674	0.0120668	0	0	0	0	0	0	0	0	0	0	0	0	0	0	0	0	0	0	-0.0496741	0.940541	0	-0.00427647	0.0240029	0	-0.0496741	0.940541	0	-0.00427647	0.0240029	0	0	0	0.0547475	0	0	1.03741	-0.0542482	0.706716	0.0835	0.0408609	0.0281994	0	-0.0542482	0.706716	0.0835	0.0408609	0.0281994	0	0	0	-0.0478231	0	0	-0.135719	-0.0725927	0.29681	0.0835	0.0167613	0.0286561	0	-0.0725927	0.29681	0.0835	0.0167613	0.0286561	0	0	0	-0.0410078	0	0	0.0329154	-0.0321201	0.041078	0.09142	0.0218283	0.0175192	0	-0.0321201	0.041078	0.09142	0.0218283	0.0175192	0	0	0	-0.0557459	0	0	-0.211089	-0.0542482	0.706716	-0.0835	0.0408609	0.0281994	0	-0.0542482	0.706716	-0.0835	0.0408609	0.0281994	0	0	0	-0.0478231	0	0	-0.135719	-0.0725927	0.29681	-0.0835	0.0167613	0.0286561	0	-0.0725927	0.29681	-0.0835	0.0167613	0.0286561	0	0	0	-0.0410078	0	0	0.0329154	-0.0321201	0.041078	-0.09142	0.0218283	0.0175192	0	-0.0321201	0.041078	-0.09142	0.0218283	0.0175192	0	0	0	-0.0557459	0	0	-0.211089	-0.121644	1.33918	0	-0.428356	-0.0517978	0	-0.121644	1.33918	0	-0.428356	-0.0517978	0	0	0	0.0238097	0	0	1.06952	2.70701	-0.0461214	0.876521	0.0835	-6.42873e-05	0.00198115	0	-0.000287205	-0.000658793	0	-0.0936001	-0.000662327	0	0	0	-0.102569	0	0	-1.17313	1979.24	65.5968	-1978.15	-0	0	0	0	0	3.25377	-0.0649386	0.483353	0.0835	0.000113472	0.0023787	0	0.000397604	-0.000757637	0	-0.958571	0.0944973	0	0	0	0.00683594	0	0	0.168634	2379	-114.767	-2376.24	-0	15.9893	0	0	-15.9893	2.94003	-0.0826047	0.0558638	0.0835	-3.75733e-05	0.00214958	0	0.000186555	-0.000151804	0	-1.42393	-0.00113589	0	0	0	-0.0147296	0	0	-0.244004	2149.61	37.2125	-2149.29	-0	0	0	0	0	2.70701	-0.0461214	0.876521	-0.0835	-6.42873e-05	0.00198115	0	-0.000287205	-0.000658793	0	-0.0936001	-0.000662327	0	0	0	-0.102569	0	0	-1.17313	1979.24	65.5968	-1978.15	-0	0	0	0	0	3.25377	-0.0649386	0.483353	-0.0835	0.000113472	0.0023787	0	0.000397604	-0.000757637	0	-0.958571	0.0944973	0	0	0	0.00683594	0	0	0.168634	2379	-114.767	-2376.24	-0	15.9893	0	0	-15.9893	2.94003	-0.0826047	0.0558638	-0.0835	-3.75733e-05	0.00214958	0	0.000186555	-0.000151804	0	-1.42393	-0.00113589	0	0	0	-0.0147296	0	0	-0.244004	2149.61	37.2125	-2149.29	-0	0	0	0	0	0.400381	-0.0840338	1.01999	0	5.50598e-05	-0.000288233	0	2.57939e-05	0.000126261	0	3.02792e-05	-0.0153624	0	0	0	-0.0309359	0	0	0.0321065	292.739	-55.2125	287.486	-0	10.9862	0	0	10.9862	0.041078	-0.0855669	0.971085	1.99931e-10	-0.184846	-0.00952388	0	-13.7768	-0.709828	0	-1.28588e-09	2.23359e-09	7.38225	-0.0470514	0.448152	0	-34.4018	327.668	0	29.9554	3.14501	16.8614	0.0519122	-0.00431728	-0.09142	-0.0470514	0.448152	0	-34.4018	327.668	0	-29.9554	-3.14501	16.8614	0.0519122	-0.00431728	0.09142
0.35	0.0652472	1.06158	-0.0497469	-0.0101164	0.940743	0.0167275	-0.114387	-1.18977	0.00846509	0.161192	-0.0170312	-0.214866	-0.114387	-1.18977	0.00846509	0.161192	-0.0170312	-0.214866	0	1	0	0	0	0	1	0	0	0	0	0	0	0	0	0	-0.0497469	0.940743	0	0.999468	0	0	0.0326178	-0.0101164	0.0167275	0	0	0	1.06158	-0.0538551	0.706964	0.0835	0.999698	0	0	-0.0245676	0.0378112	0.0217833	0	0	0	-0.128199	-0.0724324	0.297063	0.0835	0.999793	0	0	-0.0203361	0.0153286	0.0223919	0	0	0	0.0329931	-0.0319078	0.0412294	0.09142	0.999584	0	0	-0.0288491	0.0207732	0.0130015	0	0	0	-0.181873	-0.0538551	0.706964	-0.0835	0.999698	0	0	-0.0245676	0.0378112	0.0217833	0	0	0	-0.128199	-0.0724324	0.297063	-0.0835	0.999793	0	0	-0.0203361	0.0153286	0.0223919	0	0	0	0.0329931	-0.0319078	0.0412294	-0.09142	0.999584	0	0	-0.0288491	0.0207732	0.0130015	0	0	0	-0.181873	-0.126011	1.33859	0	0.99985	0	0	0.0173275	-0.444572	-0.0658071	0	0	0	1.09876	0.3	0.0731958	0.3	0.132112	0.3	0.106424	0.3	0.114009	0.3	0.0549407	0.3	0.0539153	0.3	0.0410295	0.3	0.0556854	0.3	0.0731958	0.3	0.132112	0.3	0.106424	0.3	0.114009	0.3	0.0549407	0.3	0.0539153	0.3	0.0410295	0.3	0.0556854	0.3	0.0570161	0.3	0.0570161	0.3	0.3	0.749957	-0.514049	0.0151301	0.180337	-0.0514049	-0.0501712	0.3	0.3	1.19775	0.041136	0.0234449	0.330316	0.0041136	0.0045373	0.3	0.3	0.678294	-0.34724	0.0125612	0.141297	-0.034724	-0.0544819	0.3	0.3	1.0695	0.36115	0.0241645	0.344992	0.036115	0.0384986	0.3	0.3	0.7512	0.423139	0.0205515	0.274034	0.0423139	0.0321162	0.3	0.3	0.55328	-0.0497276	0.00894973	0.0922383	-0.00497276	-0.00493795	0.3	0.3	1.05716	-0.08945	0.0211057	0.284476	-0.008945	-0.00456195	0.3	0.3	0.93249	-0.199597	0.0181175	0.230069	-0.0199597	-0.00878227	0.3	0.3	0.815306	0.162071	0.021179	0.28587	0.0162071	0.0110694	0.3	0.3	0.749957	-0.514049	0.0151301	0.180337	-0.0514049	-0.0501712	0.3	0.3	1.19775	0.041136	0.0234449	0.330316	0.0041136	0.0045373	0.3	0.3	0.678294	-0.34724	0.0125612	0.141297	-0.034724	-0.0544819	0.3	0.3	1.0695	0.36115	0.0241645	0.344992	0.036115	0.0384986	0.3	0.3	0.7512	0.423139	0.0205515	0.274034	0.0423139	0.0321162	0.3	0.3	0.55328	-0.0497276	0.00894973	0.0922383	-0.00497276	-0.00493795	0.3	0.3	1.05716	-0.08945	0.0211057	0.284476	-0.008945	-0.00456195	0.3	0.3	0.93249	-0.199597	0.0181175	0.230069	-0.0199597	-0.00878227	0.3	0.3	0.815306	0.162071	0.021179	0.28587	0.0162071	0.0110694	0	0	0	0	0	0	0	0	0	0	0	0	0	0	0	0	0	0	-0.0497469	0.940743	0	-0.0101164	0.0167275	0	-0.0497469	0.940743	0	-0.0101164	0.0167275	0	0	0	0.0652472	0	0	1.06158	-0.0538551	0.706964	0.0835	0.0378112	0.0217833	0	-0.0538551	0.706964	0.0835	0.0378112	0.0217833	0	0	0	-0.0491402	0	0	-0.128199	-0.0724324	0.297063	0.0835	0.0153286	0.0223919	0	-0.0724324	0.297063	0.0835	0.0153286	0.0223919	0	0	0	-0.0406751	0	0	0.0329931	-0.0319078	0.0412294	0.09142	0.0207732	0.0130015	0	-0.0319078	0.0412294	0.09142	0.0207732	0.0130015	0	0	0	-0.0577063	0	0	-0.181873	-0.0538551	0.706964	-0.0835	0.0378112	0.0217833	0	-0.0538551	0.706964	-0.0835	0.0378112	0.0217833	0	0	0	-0.0491402	0	0	-0.128199	-0.0724324	0.297063	-0.0835	0.0153286	0.0223919	0	-0.0724324	0.297063	-0.0835	0.0153286	0.0223919	0	0	0	-0.0406751	0	0	0.0329931	-0.0319078	0.0412294	-0.09142	0.0207732	0.0130015	0	-0.0319078	0.0412294	-0.09142	0.0207732	0.0130015	0	0	0	-0.0577063	0	0	-0.181873	-0.126011	1.33859	0	-0.444572	-0.0658071	0	-0.126011	1.33859	0	-0.444572	-0.0658071	0	0	0	0.0346568	0	0	1.09876	2.69928	-0.0455046	0.876758	0.0835	-6.7465e-05	0.00197507	0	-0.000325687	-0.000589829	0	-0.0264969	-0.00444692	0	0	0	-0.114386	0	0	-1.18977	1973.59	68.9499	-1972.39	-0	0	0	0	0	3.2459	-0.0648404	0.483609	0.0835	0.000115871	0.00237221	0	0.000300646	-0.00056416	0	-0.161795	0.0566527	0	0	0	0.00848543	0	0	0.161192	2373.25	-116.85	-2370.37	-0	16.0358	0	0	-16.0358	2.94097	-0.0823633	0.0561141	0.0835	-3.74317e-05	0.00214976	0	0.000131089	0.00011253	0	-0.215138	-0.033979	0	0	0	-0.017027	0	0	-0.214866	2150.3	37.1782	-2149.98	-0	0	0	0	0	2.69928	-0.0455046	0.876758	-0.0835	-6.7465e-05	0.00197507	0	-0.000325687	-0.000589829	0	-0.0264969	-0.00444692	0	0	0	-0.114386	0	0	-1.18977	1973.59	68.9499	-1972.39	-0	0	0	0	0	3.2459	-0.0648404	0.483609	-0.0835	0.000115871	0.00237221	0	0.000300646	-0.00056416	0	-0.161795	0.0566527	0	0	0	0.00848543	0	0	0.161192	2373.25	-116.85	-2370.37	-0	16.0358	0	0	-16.0358	2.94097	-0.0823633	0.0561141	-0.0835	-3.74317e-05	0.00214976	0	0.000131089	0.00011253	0	-0.215138	-0.033979	0	0	0	-0.017027	0	0	-0.214866	2150.3	37.1782	-2149.98	-0	0	0	0	0	0.401793	-0.0849414	1.01982	0	5.55739e-05	-0.000288479	0	5.24744e-05	1.2029e-05	0	0.00685954	-0.0161322	0	0	0	-0.0305949	0	0	0.0371852	293.772	-55.8845	288.408	-0	10.1617	0	0	10.1617	0.0412294	-0.0874635	0.970937	1.99931e-10	-0.194157	-0.0194849	0	-14.4708	-1.45224	0	-5.66863e-10	4.67289e-09	7.61502	-0.048236	0.450572	0	-35.2679	329.437	0	30.1171	3.22419	17.0064	0.0520856	-0.00432396	-0.09142	-0.048236	0.450572	0	-35.2679	329.437	0	-30.1171	-3.22419	17.0064	0.0520856	-0.00432396	0.09142
0.36	0.0759925	1.08594	-0.0498803	-0.0162271	0.940874	0.0101727	-0.126377	-1.20749	0.0100461	0.154035	-0.0190396	-0.185745	-0.126377	-1.20749	0.0100461	0.154035	-0.0190396	-0.185745	0	1	0	0	0	0	1	0	0	0	0	0	0	0	0	0	-0.0498803	0.940874	0	0.999278	0	0	0.0379871	-0.0162271	0.0101727	0	0	0	1.08594	-0.0534947	0.707151	0.0835	0.999683	0	0	-0.0251896	0.0343935	0.0161133	0	0	0	-0.121548	-0.0722878	0.297257	0.0835	0.999797	0	0	-0.0201678	0.0136477	0.0168163	0	0	0	0.0324869	-0.0317057	0.041338	0.09142	0.999559	0	0	-0.0296846	0.0199711	0.00908157	0	0	0	-0.153258	-0.0534947	0.707151	-0.0835	0.999683	0	0	-0.0251896	0.0343935	0.0161133	0	0	0	-0.121548	-0.0722878	0.297257	-0.0835	0.999797	0	0	-0.0201678	0.0136477	0.0168163	0	0	0	0.0324869	-0.0317057	0.041338	-0.09142	0.999559	0	0	-0.0296846	0.0199711	0.00908157	0	0	0	-0.153258	-0.130544	1.33786	0	0.999738	0	0	0.0228981	-0.461023	-0.0793965	0	0	0	1.12814	0.3	0.0726909	0.3	0.132156	0.3	0.105875	0.3	0.114394	0.3	0.0548916	0.3	0.0538692	0.3	0.0409438	0.3	0.0557909	0.3	0.0726909	0.3	0.132156	0.3	0.105875	0.3	0.114394	0.3	0.0548916	0.3	0.0538692	0.3	0.0409438	0.3	0.0557909	0.3	0.0573384	0.3	0.0573384	0.3	0.3	0.744784	-0.520738	0.0149689	0.177786	-0.0520738	-0.050824	0.3	0.3	1.19815	0.0380283	0.0234291	0.329999	0.00380283	0.00419452	0.3	0.3	0.674796	-0.352627	0.0124022	0.138994	-0.0352627	-0.0553272	0.3	0.3	1.07312	0.362756	0.0241879	0.345473	0.0362756	0.0386698	0.3	0.3	0.755446	0.426291	0.0207033	0.276878	0.0426291	0.0323555	0.3	0.3	0.552786	-0.048831	0.00891438	0.091791	-0.0048831	-0.00484892	0.3	0.3	1.05626	-0.0911139	0.0210894	0.284166	-0.00911139	-0.00464681	0.3	0.3	0.930541	-0.189259	0.0181677	0.230946	-0.0189259	-0.00832738	0.3	0.3	0.816851	0.145823	0.0211006	0.284379	0.0145823	0.00995968	0.3	0.3	0.744784	-0.520738	0.0149689	0.177786	-0.0520738	-0.050824	0.3	0.3	1.19815	0.0380283	0.0234291	0.329999	0.00380283	0.00419452	0.3	0.3	0.674796	-0.352627	0.0124022	0.138994	-0.0352627	-0.0553272	0.3	0.3	1.07312	0.362756	0.0241879	0.345473	0.0362756	0.0386698	0.3	0.3	0.755446	0.426291	0.0207033	0.276878	0.0426291	0.0323555	0.3	0.3	0.552786	-0.048831	0.00891438	0.091791	-0.0048831	-0.00484892	0.3	0.3	1.05626	-0.0911139	0.0210894	0.284166	-0.00911139	-0.00464681	0.3	0.3	0.930541	-0.189259	0.0181677	0.230946	-0.0189259	-0.00832738	0.3	0.3	0.816851	0.145823	0.0211006	0.284379	0.0145823	0.00995968	0	0	0	0	0	0	0	0	0	0	0	0	0	0	0	0	0	0	-0.0498803	0.940874	0	-0.0162271	0.0101727	0	-0.0498803	0.940874	0	-0.0162271	0.0101727	0	0	0	0.0759925	0	0	1.08594	-0.0534947	0.707151	0.0835	0.0343935	0.0161133	0	-0.0534947	0.707151	0.0835	0.0343935	0.0161133	0	0	0	-0.0503846	0	0	-0.121548	-0.0722878	0.297257	0.0835	0.0136477	0.0168163	0	-0.0722878	0.297257	0.0835	0.0136477	0.0168163	0	0	0	-0.0403384	0	0	0.0324869	-0.0317057	0.041338	0.09142	0.0199711	0.00908157	0	-0.0317057	0.041338	0.09142	0.0199711	0.00908157	0	0	0	-0.059378	0	0	-0.153258	-0.0534947	0.707151	-0.0835	0.0343935	0.0161133	0	-0.0534947	0.707151	-0.0835	0.0343935	0.0161133	0	0	0	-0.0503846	0	0	-0.121548	-0.0722878	0.297257	-0.0835	0.0136477	0.0168163	0	-0.0722878	0.297257	-0.0835	0.0136477	0.0168163	0	0	0	-0.0403384	0	0	0.0324869	-0.0317057	0.041338	-0.09142	0.0199711	0.00908157	0	-0.0317057	0.041338	-0.09142	0.0199711	0.00908157	0	0	0	-0.059378	0	0	-0.153258	-0.130544	1.33786	0	-0.461023	-0.0793965	0	-0.130544	1.33786	0	-0.461023	-0.0793965	0	0	0	0.0458002	0	0	1.12814	2.69237	-0.044933	0.876935	0.0835	-7.09631e-05	0.00196971	0	-0.00031608	-0.000549647	0	-0.269715	0.00326711	0	0	0	-0.126377	0	0	-1.20749	1968.54	72.4042	-1967.2	-0	0	0	0	0	3.24034	-0.0647587	0.483805	0.0835	0.000118136	0.00236756	0	0.000628917	-0.000435891	0	-2.41657	0.100464	0	0	0	0.0100306	0	0	0.154035	2369.19	-120.184	-2366.14	-0	16.0721	0	0	-16.0721	2.94488	-0.0821362	0.0563071	0.0835	-3.67314e-05	0.00215226	0	0.000719888	0.000312967	0	-3.83697	0.614462	0	0	0	-0.0190368	0	0	-0.185745	2153.16	35.3393	-2152.87	-0	0	0	0	0	2.69237	-0.044933	0.876935	-0.0835	-7.09631e-05	0.00196971	0	-0.00031608	-0.000549647	0	-0.269715	0.00326711	0	0	0	-0.126377	0	0	-1.20749	1968.54	72.4042	-1967.2	-0	0	0	0	0	3.24034	-0.0647587	0.483805	-0.0835	0.000118136	0.00236756	0	0.000628917	-0.000435891	0	-2.41657	0.100464	0	0	0	0.0100306	0	0	0.154035	2369.19	-120.184	-2366.14	-0	16.0721	0	0	-16.0721	2.94488	-0.0821362	0.0563071	-0.0835	-3.67314e-05	0.00215226	0	0.000719888	0.000312967	0	-3.83697	0.614462	0	0	0	-0.0190368	0	0	-0.185745	2153.16	35.3393	-2152.87	-0	0	0	0	0	0.404541	-0.0859247	1.01957	0	5.64381e-05	-0.000290111	0	5.7742e-05	-2.86177e-05	0	0.0241205	0.0181929	0	0	0	-0.030187	0	0	0.0422007	295.781	-56.78	290.28	-0	9.34609	0	0	9.34609	0.041338	-0.0894557	0.970692	1.99931e-10	-0.203726	-0.0288646	0	-15.184	-2.15132	0	-1.94221e-10	3.15568e-09	7.84893	-0.0504764	0.45408	0	-36.906	332.002	0	30.3516	3.37395	17.1884	0.0522544	-0.00433981	-0.09142	-0.0504764	0.45408	0	-36.906	332.002	0	-30.3516	-3.37395	17.1884	0.0522544	-0.00433981	0.09142
0.37	0.0869833	1.1105	-0.0500764	-0.0226673	0.940946	0.00454694	-0.138543	-1.22504	0.0115726	0.14957	-0.0207928	-0.164773	-0.138543	-1.22504	0.0115726	0.14957	-0.0207928	-0.164773	0	1	0	0	0	0	1	0	0	0	0	0	0	0	0	0	-0.0500764	0.940946	0	0.999054	0	0	0.0434779	-0.0226673	0.00454694	0	0	0	1.1105	-0.0531701	0.707286	0.0835	0.999668	0	0	-0.0257772	0.0306807	0.0114177	0	0	0	-0.114539	-0.0721607	0.2974	0.0835	0.9998	0	0	-0.0199924	0.0118755	0.0121847	0	0	0	0.0350306	-0.0315132	0.0414115	0.09142	0.999538	0	0	-0.0303855	0.0189464	0.00596248	0	0	0	-0.129743	-0.0531701	0.707286	-0.0835	0.999668	0	0	-0.0257772	0.0306807	0.0114177	0	0	0	-0.114539	-0.0721607	0.2974	-0.0835	0.9998	0	0	-0.0199924	0.0118755	0.0121847	0	0	0	0.0350306	-0.0315132	0.0414115	-0.09142	0.999538	0	0	-0.0303855	0.0189464	0.00596248	0	0	0	-0.129743	-0.135243	1.337	0	0.999591	0	0	0.0286152	-0.47776	-0.0924575	0	0	0	1.15777	0.3	0.0721801	0.3	0.132196	0.3	0.105318	0.3	0.114782	0.3	0.0548434	0.3	0.0538228	0.3	0.0408629	0.3	0.0558853	0.3	0.0721801	0.3	0.132196	0.3	0.105318	0.3	0.114782	0.3	0.0548434	0.3	0.0538228	0.3	0.0408629	0.3	0.0558853	0.3	0.0576631	0.3	0.0576631	0.3	0.3	0.73955	-0.526481	0.0148087	0.175264	-0.0526481	-0.0513846	0.3	0.3	1.19852	0.0354315	0.0234167	0.329746	0.00354315	0.00390809	0.3	0.3	0.671245	-0.358096	0.0122392	0.136647	-0.0358096	-0.0561852	0.3	0.3	1.07676	0.364713	0.0242139	0.346011	0.0364713	0.0388784	0.3	0.3	0.759724	0.429474	0.0208533	0.279699	0.0429474	0.0325971	0.3	0.3	0.552301	-0.0482853	0.00887832	0.0913369	-0.00482853	-0.00479473	0.3	0.3	1.05535	-0.0904643	0.0210907	0.284191	-0.00904643	-0.00461368	0.3	0.3	0.928703	-0.177284	0.0182301	0.232035	-0.0177284	-0.00780047	0.3	0.3	0.818232	0.129495	0.0210155	0.282765	0.0129495	0.00884449	0.3	0.3	0.73955	-0.526481	0.0148087	0.175264	-0.0526481	-0.0513846	0.3	0.3	1.19852	0.0354315	0.0234167	0.329746	0.00354315	0.00390809	0.3	0.3	0.671245	-0.358096	0.0122392	0.136647	-0.0358096	-0.0561852	0.3	0.3	1.07676	0.364713	0.0242139	0.346011	0.0364713	0.0388784	0.3	0.3	0.759724	0.429474	0.0208533	0.279699	0.0429474	0.0325971	0.3	0.3	0.552301	-0.0482853	0.00887832	0.0913369	-0.00482853	-0.00479473	0.3	0.3	1.05535	-0.0904643	0.0210907	0.284191	-0.00904643	-0.00461368	0.3	0.3	0.928703	-0.177284	0.0182301	0.232035	-0.0177284	-0.00780047	0.3	0.3	0.818232	0.129495	0.0210155	0.282765	0.0129495	0.00884449	0	0	0	0	0	0	0	0	0	0	0	0	0	0	0	0	0	0	-0.0500764	0.940946	0	-0.0226673	0.00454694	0	-0.0500764	0.940946	0	-0.0226673	0.00454694	0	0	0	0.0869833	0	0	1.1105	-0.0531701	0.707286	0.0835	0.0306807	0.0114177	0	-0.0531701	0.707286	0.0835	0.0306807	0.0114177	0	0	0	-0.0515601	0	0	-0.114539	-0.0721607	0.2974	0.0835	0.0118755	0.0121847	0	-0.0721607	0.2974	0.0835	0.0118755	0.0121847	0	0	0	-0.0399875	0	0	0.0350306	-0.0315132	0.0414115	0.09142	0.0189464	0.00596248	0	-0.0315132	0.0414115	0.09142	0.0189464	0.00596248	0	0	0	-0.0607803	0	0	-0.129743	-0.0531701	0.707286	-0.0835	0.0306807	0.0114177	0	-0.0531701	0.707286	-0.0835	0.0306807	0.0114177	0	0	0	-0.0515601	0	0	-0.114539	-0.0721607	0.2974	-0.0835	0.0118755	0.0121847	0	-0.0721607	0.2974	-0.0835	0.0118755	0.0121847	0	0	0	-0.0399875	0	0	0.0350306	-0.0315132	0.0414115	-0.09142	0.0189464	0.00596248	0	-0.0315132	0.0414115	-0.09142	0.0189464	0.00596248	0	0	0	-0.0607803	0	0	-0.129743	-0.135243	1.337	0	-0.47776	-0.0924575	0	-0.135243	1.337	0	-0.47776	-0.0924575	0	0	0	0.0572382	0	0	1.15777	2.68602	-0.0444088	0.87706	0.0835	-7.47479e-05	0.00196473	0	-0.00033259	-0.000509621	0	-0.321018	-0.00498506	0	0	0	-0.138543	0	0	-1.22504	1963.89	76.2643	-1962.41	-0	0	0	0	0	3.23642	-0.064697	0.483951	0.0835	0.000120513	0.00236416	0	0.000511326	-0.000305668	0	-2.00926	0.202485	0	0	0	0.0115755	0	0	0.14957	2366.32	-122.178	-2363.16	-0	16.1793	0	0	-16.1793	2.95206	-0.0819227	0.0564513	0.0835	-3.56659e-05	0.00215685	0	0.000506081	0.000658805	0	-2.8216	-0.368406	0	0	0	-0.0207965	0	0	-0.164773	2158.41	34.6873	-2158.13	-0	0	0	0	0	2.68602	-0.0444088	0.87706	-0.0835	-7.47479e-05	0.00196473	0	-0.00033259	-0.000509621	0	-0.321018	-0.00498506	0	0	0	-0.138543	0	0	-1.22504	1963.89	76.2643	-1962.41	-0	0	0	0	0	3.23642	-0.064697	0.483951	-0.0835	0.000120513	0.00236416	0	0.000511326	-0.000305668	0	-2.00926	0.202485	0	0	0	0.0115755	0	0	0.14957	2366.32	-122.178	-2363.16	-0	16.1793	0	0	-16.1793	2.95206	-0.0819227	0.0564513	-0.0835	-3.56659e-05	0.00215685	0	0.000506081	0.000658805	0	-2.8216	-0.368406	0	0	0	-0.0207965	0	0	-0.164773	2158.41	34.6873	-2158.13	-0	0	0	0	0	0.408021	-0.0869857	1.01924	0	5.74663e-05	-0.000292171	0	6.98417e-05	-8.20979e-05	0	0.0649508	0.0612358	0	0	0	-0.0297414	0	0	0.0472745	298.326	-57.8798	292.657	-0	8.52656	0	0	8.52656	0.0414115	-0.0915449	0.970357	1.99931e-10	-0.21357	-0.0374905	0	-15.9177	-2.79422	0	-2.83622e-10	3.03742e-09	8.08572	-0.0510939	0.458334	0	-37.3574	335.112	0	30.636	3.41522	17.4032	0.0524187	-0.00436199	-0.09142	-0.0510939	0.458334	0	-37.3574	335.112	0	-30.636	-3.41522	17.4032	0.0524187	-0.00436199	0.09142
0.38	0.0982207	1.13597	-0.0503377	-0.0294264	0.940966	-1.90205e-05	-0.150887	-1.24305	0.0130552	0.146263	-0.0223353	-0.145454	-0.150887	-1.24305	0.0130552	0.146263	-0.0223353	-0.145454	0	1	0	0	0	0	1	0	0	0	0	0	0	0	0	0	-0.0503377	0.940967	0	0.998794	0	0	0.0490906	-0.0294264	-1.90205e-05	0	0	0	1.13597	-0.0528836	0.707381	0.0835	0.999653	0	0	-0.0263299	0.0267062	0.00781533	0	0	0	-0.107077	-0.0720513	0.297502	0.0835	0.999804	0	0	-0.019804	0.0100668	0.00859276	0	0	0	0.0391864	-0.0313289	0.0414573	0.09142	0.99952	0	0	-0.030968	0.0180889	0.00350978	0	0	0	-0.106267	-0.0528836	0.707381	-0.0835	0.999653	0	0	-0.0263299	0.0267062	0.00781533	0	0	0	-0.107077	-0.0720513	0.297502	-0.0835	0.999804	0	0	-0.019804	0.0100668	0.00859276	0	0	0	0.0391864	-0.0313289	0.0414573	-0.09142	0.99952	0	0	-0.030968	0.0180889	0.00350978	0	0	0	-0.106267	-0.140108	1.33601	0	0.999406	0	0	0.0344785	-0.494848	-0.104864	0	0	0	1.18778	0.3	0.071664	0.3	0.132234	0.3	0.104753	0.3	0.115172	0.3	0.0547959	0.3	0.0537772	0.3	0.0407876	0.3	0.0559686	0.3	0.071664	0.3	0.132234	0.3	0.104753	0.3	0.115172	0.3	0.0547959	0.3	0.0537772	0.3	0.0407876	0.3	0.0559686	0.3	0.0579902	0.3	0.0579902	0.3	0.3	0.734263	-0.530982	0.0146509	0.172794	-0.0530982	-0.0518239	0.3	0.3	1.19886	0.033526	0.0234088	0.329587	0.0033526	0.00369792	0.3	0.3	0.667643	-0.362832	0.0120759	0.134309	-0.0362832	-0.0569284	0.3	0.3	1.08041	0.366802	0.0242415	0.346581	0.0366802	0.0391011	0.3	0.3	0.764035	0.432571	0.0210009	0.282488	0.0432571	0.0328321	0.3	0.3	0.551821	-0.0475939	0.00884313	0.090894	-0.00475939	-0.00472607	0.3	0.3	1.05445	-0.0881109	0.0211052	0.284465	-0.00881109	-0.00449366	0.3	0.3	0.92699	-0.16473	0.0182975	0.233216	-0.016473	-0.00724812	0.3	0.3	0.819452	0.114313	0.0209326	0.281196	0.0114313	0.00780755	0.3	0.3	0.734263	-0.530982	0.0146509	0.172794	-0.0530982	-0.0518239	0.3	0.3	1.19886	0.033526	0.0234088	0.329587	0.0033526	0.00369792	0.3	0.3	0.667643	-0.362832	0.0120759	0.134309	-0.0362832	-0.0569284	0.3	0.3	1.08041	0.366802	0.0242415	0.346581	0.0366802	0.0391011	0.3	0.3	0.764035	0.432571	0.0210009	0.282488	0.0432571	0.0328321	0.3	0.3	0.551821	-0.0475939	0.00884313	0.090894	-0.00475939	-0.00472607	0.3	0.3	1.05445	-0.0881109	0.0211052	0.284465	-0.00881109	-0.00449366	0.3	0.3	0.92699	-0.16473	0.0182975	0.233216	-0.016473	-0.00724812	0.3	0.3	0.819452	0.114313	0.0209326	0.281196	0.0114313	0.00780755	0	0	0	0	0	0	0	0	0	0	0	0	0	0	0	0	0	0	-0.0503377	0.940967	0	-0.0294264	-1.90205e-05	0	-0.0503377	0.940967	0	-0.0294264	-1.90205e-05	0	0	0	0.0982207	0	0	1.13597	-0.0528836	0.707381	0.0835	0.0267062	0.00781533	0	-0.0528836	0.707381	0.0835	0.0267062	0.00781533	0	0	0	-0.0526658	0	0	-0.107077	-0.0720513	0.297502	0.0835	0.0100668	0.00859276	0	-0.0720513	0.297502	0.0835	0.0100668	0.00859276	0	0	0	-0.0396107	0	0	0.0391864	-0.0313289	0.0414573	0.09142	0.0180889	0.00350978	0	-0.0313289	0.0414573	0.09142	0.0180889	0.00350978	0	0	0	-0.061946	0	0	-0.106267	-0.0528836	0.707381	-0.0835	0.0267062	0.00781533	0	-0.0528836	0.707381	-0.0835	0.0267062	0.00781533	0	0	0	-0.0526658	0	0	-0.107077	-0.0720513	0.297502	-0.0835	0.0100668	0.00859276	0	-0.0720513	0.297502	-0.0835	0.0100668	0.00859276	0	0	0	-0.0396107	0	0	0.0391864	-0.0313289	0.0414573	-0.09142	0.0180889	0.00350978	0	-0.0313289	0.0414573	-0.09142	0.0180889	0.00350978	0	0	0	-0.061946	0	0	-0.106267	-0.140108	1.33601	0	-0.494848	-0.104864	0	-0.140108	1.33601	0	-0.494848	-0.104864	0	0	0	0.0689707	0	0	1.18778	2.67973	-0.0439345	0.877145	0.0835	-7.87713e-05	0.00195985	0	-0.000415463	-0.000487212	0	-0.0249653	0.00672516	0	0	0	-0.150885	0	0	-1.24305	1959.29	80.6655	-1957.63	-0	0	0	0	0	3.23393	-0.0646579	0.484056	0.0835	0.000122659	0.00236195	0	0.000216084	-0.000206742	0	-0.212192	0.0118262	0	0	0	0.0130473	0	0	0.146263	2364.5	-123.363	-2361.28	-0	16.3131	0	0	-16.3131	2.95994	-0.0817208	0.0565559	0.0835	-3.48017e-05	0.00216264	0	0.000100039	0.000649592	0	-0.341264	0.0224088	0	0	0	-0.0223226	0	0	-0.145454	2164.17	34.6082	-2163.89	-0	0	0	0	0	2.67973	-0.0439345	0.877145	-0.0835	-7.87713e-05	0.00195985	0	-0.000415463	-0.000487212	0	-0.0249653	0.00672516	0	0	0	-0.150885	0	0	-1.24305	1959.29	80.6655	-1957.63	-0	0	0	0	0	3.23393	-0.0646579	0.484056	-0.0835	0.000122659	0.00236195	0	0.000216084	-0.000206742	0	-0.212192	0.0118262	0	0	0	0.0130473	0	0	0.146263	2364.5	-123.363	-2361.28	-0	16.3131	0	0	-16.3131	2.95994	-0.0817208	0.0565559	-0.0835	-3.48017e-05	0.00216264	0	0.000100039	0.000649592	0	-0.341264	0.0224088	0	0	0	-0.0223226	0	0	-0.145454	2164.17	34.6082	-2163.89	-0	0	0	0	0	0.410798	-0.0881267	1.01884	0	5.85616e-05	-0.000293829	0	0.000101238	-0.00010876	0	0.00271708	-0.00433969	0	0	0	-0.0292401	0	0	0.0518038	300.357	-59.1609	294.472	-0	7.78675	0	0	7.78675	0.0414573	-0.0937327	0.969941	1.99931e-10	-0.223688	-0.04525	0	-16.6718	-3.37255	0	-1.5618e-09	2.92156e-09	8.32769	-0.0524132	0.462771	0	-38.3221	338.357	0	30.9326	3.50341	17.6225	0.0525795	-0.00438797	-0.09142	-0.0524132	0.462771	0	-38.3221	338.357	0	-30.9326	-3.50341	17.6225	0.0525795	-0.00438797	0.09142
0.39	0.109717	1.16192	-0.0506689	-0.0364708	0.940947	-0.00352944	-0.163415	-1.26145	0.0144994	0.143643	-0.0237108	-0.131691	-0.163415	-1.26145	0.0144994	0.143643	-0.0237108	-0.131691	0	1	0	0	0	0	1	0	0	0	0	0	0	0	0	0	-0.0506689	0.940947	0	0.998496	0	0	0.054831	-0.0364708	-0.00352944	0	0	0	1.16192	-0.0526385	0.707445	0.0835	0.99964	0	0	-0.0268459	0.0225067	0.0052893	0	0	0	-0.0995275	-0.0719604	0.297574	0.0835	0.999808	0	0	-0.0195981	0.00824848	0.00602933	0	0	0	0.0441152	-0.0311518	0.0414829	0.09142	0.999505	0	0	-0.0314496	0.0173129	0.00186218	0	0	0	-0.0875754	-0.0526385	0.707445	-0.0835	0.99964	0	0	-0.0268459	0.0225067	0.0052893	0	0	0	-0.0995275	-0.0719604	0.297574	-0.0835	0.999808	0	0	-0.0195981	0.00824848	0.00602933	0	0	0	0.0441152	-0.0311518	0.0414829	-0.09142	0.999505	0	0	-0.0314496	0.0173129	0.00186218	0	0	0	-0.0875754	-0.145149	1.3349	0	0.99918	0	0	0.0404937	-0.51232	-0.1166	0	0	0	1.21838	0.3	0.071144	0.3	0.132271	0.3	0.10418	0.3	0.115564	0.3	0.054749	0.3	0.0537331	0.3	0.0407177	0.3	0.0560422	0.3	0.071144	0.3	0.132271	0.3	0.10418	0.3	0.115564	0.3	0.054749	0.3	0.0537331	0.3	0.0407177	0.3	0.0560422	0.3	0.0583197	0.3	0.0583197	0.3	0.3	0.728934	-0.534688	0.0144932	0.170338	-0.0534688	-0.0521855	0.3	0.3	1.19919	0.0321326	0.0234044	0.329498	0.00321326	0.00354423	0.3	0.3	0.663989	-0.36802	0.0119067	0.131902	-0.036802	-0.0577423	0.3	0.3	1.08409	0.368953	0.0242703	0.347176	0.0368953	0.0393304	0.3	0.3	0.768376	0.435824	0.0211471	0.285262	0.0435824	0.033079	0.3	0.3	0.55135	-0.0467835	0.0088089	0.0904622	-0.00467835	-0.00464561	0.3	0.3	1.05359	-0.084519	0.0211292	0.284923	-0.0084519	-0.00431047	0.3	0.3	0.925402	-0.152327	0.0183653	0.234404	-0.0152327	-0.00670238	0.3	0.3	0.82053	0.100922	0.0208573	0.279776	0.0100922	0.00689295	0.3	0.3	0.728934	-0.534688	0.0144932	0.170338	-0.0534688	-0.0521855	0.3	0.3	1.19919	0.0321326	0.0234044	0.329498	0.00321326	0.00354423	0.3	0.3	0.663989	-0.36802	0.0119067	0.131902	-0.036802	-0.0577423	0.3	0.3	1.08409	0.368953	0.0242703	0.347176	0.0368953	0.0393304	0.3	0.3	0.768376	0.435824	0.0211471	0.285262	0.0435824	0.033079	0.3	0.3	0.55135	-0.0467835	0.0088089	0.0904622	-0.00467835	-0.00464561	0.3	0.3	1.05359	-0.084519	0.0211292	0.284923	-0.0084519	-0.00431047	0.3	0.3	0.925402	-0.152327	0.0183653	0.234404	-0.0152327	-0.00670238	0.3	0.3	0.82053	0.100922	0.0208573	0.279776	0.0100922	0.00689295	0	0	0	0	0	0	0	0	0	0	0	0	0	0	0	0	0	0	-0.0506689	0.940947	0	-0.0364708	-0.00352944	0	-0.0506689	0.940947	0	-0.0364708	-0.00352944	0	0	0	0.109717	0	0	1.16192	-0.0526385	0.707445	0.0835	0.0225067	0.0052893	0	-0.0526385	0.707445	0.0835	0.0225067	0.0052893	0	0	0	-0.0536981	0	0	-0.0995275	-0.0719604	0.297574	0.0835	0.00824848	0.00602933	0	-0.0719604	0.297574	0.0835	0.00824848	0.00602933	0	0	0	-0.0391987	0	0	0.0441152	-0.0311518	0.0414829	0.09142	0.0173129	0.00186218	0	-0.0311518	0.0414829	0.09142	0.0173129	0.00186218	0	0	0	-0.0629096	0	0	-0.0875754	-0.0526385	0.707445	-0.0835	0.0225067	0.0052893	0	-0.0526385	0.707445	-0.0835	0.0225067	0.0052893	0	0	0	-0.0536981	0	0	-0.0995275	-0.0719604	0.297574	-0.0835	0.00824848	0.00602933	0	-0.0719604	0.297574	-0.0835	0.00824848	0.00602933	0	0	0	-0.0391987	0	0	0.0441152	-0.0311518	0.0414829	-0.09142	0.0173129	0.00186218	0	-0.0311518	0.0414829	-0.09142	0.0173129	0.00186218	0	0	0	-0.0629096	0	0	-0.0875754	-0.145149	1.3349	0	-0.51232	-0.1166	0	-0.145149	1.3349	0	-0.51232	-0.1166	0	0	0	0.0810095	0	0	1.21838	2.67356	-0.0435142	0.8772	0.0835	-8.30814e-05	0.0019552	0	-0.000468217	-0.00049905	0	0.164838	0.00557317	0	0	0	-0.163413	0	0	-1.26145	1954.78	85.2162	-1952.92	-0	0	0	0	0	3.23209	-0.0646439	0.484131	0.0835	0.000124559	0.00236034	0	-2.73939e-05	-0.000144463	0	1.57597	-0.114185	0	0	0	0.0145012	0	0	0.143643	2363.15	-124.47	-2359.87	-0	16.4604	0	0	-16.4604	2.96879	-0.0815292	0.05663	0.0835	-3.41162e-05	0.00216907	0	-0.000334013	0.000665289	0	2.48238	0.0461583	0	0	0	-0.0237208	0	0	-0.131691	2170.64	34.7621	-2170.36	-0	0	0	0	0	2.67356	-0.0435142	0.8772	-0.0835	-8.30814e-05	0.0019552	0	-0.000468217	-0.00049905	0	0.164838	0.00557317	0	0	0	-0.163413	0	0	-1.26145	1954.78	85.2162	-1952.92	-0	0	0	0	0	3.23209	-0.0646439	0.484131	-0.0835	0.000124559	0.00236034	0	-2.73939e-05	-0.000144463	0	1.57597	-0.114185	0	0	0	0.0145012	0	0	0.143643	2363.15	-124.47	-2359.87	-0	16.4604	0	0	-16.4604	2.96879	-0.0815292	0.05663	-0.0835	-3.41162e-05	0.00216907	0	-0.000334013	0.000665289	0	2.48238	0.0461583	0	0	0	-0.0237208	0	0	-0.131691	2170.64	34.7621	-2170.36	-0	0	0	0	0	0.414211	-0.0893526	1.01838	0	5.99399e-05	-0.000296306	0	0.000104398	-7.25649e-05	0	-0.0105809	-0.0141584	0	0	0	-0.0287052	0	0	0.0564566	302.852	-60.558	296.736	-0	7.03954	0	0	7.03954	0.0414829	-0.0960242	0.969452	1.99931e-10	-0.234082	-0.0521362	0	-17.4465	-3.88579	0	-8.56329e-10	3.97248e-09	8.5755	-0.0532178	0.467198	0	-38.9104	341.593	0	31.2284	3.55719	17.8428	0.052737	-0.00441563	-0.09142	-0.0532178	0.467198	0	-38.9104	341.593	0	-31.2284	-3.55719	17.8428	0.052737	-0.00441563	0.09142
0.4	0.121475	1.18847	-0.0510723	-0.0438457	0.940898	-0.00598087	-0.176126	-1.27993	0.0159067	0.13901	-0.0249707	-0.122655	-0.176126	-1.27993	0.0159067	0.13901	-0.0249707	-0.122655	0	1	0	0	0	0	1	0	0	0	0	0	0	0	0	0	-0.0510723	0.940898	0	0.998156	0	0	0.0607	-0.0438457	-0.00598087	0	0	0	1.18847	-0.0524363	0.707489	0.0835	0.999627	0	0	-0.0273221	0.0181509	0.00387428	0	0	0	-0.0914619	-0.0718867	0.297626	0.0835	0.999812	0	0	-0.019371	0.00656404	0.00451233	0	0	0	0.0475479	-0.0309795	0.0414962	0.09142	0.999493	0	0	-0.0318522	0.0170521	0.000974832	0	0	0	-0.0751073	-0.0524363	0.707489	-0.0835	0.999627	0	0	-0.0273221	0.0181509	0.00387428	0	0	0	-0.0914619	-0.0718867	0.297626	-0.0835	0.999812	0	0	-0.019371	0.00656404	0.00451233	0	0	0	0.0475479	-0.0309795	0.0414962	-0.09142	0.999493	0	0	-0.0318522	0.0170521	0.000974832	0	0	0	-0.0751073	-0.150366	1.33367	0	0.998911	0	0	0.0466616	-0.53021	-0.127744	0	0	0	1.24963	0.3	0.0706209	0.3	0.132306	0.3	0.103599	0.3	0.115959	0.3	0.0547032	0.3	0.0536909	0.3	0.0406531	0.3	0.0561074	0.3	0.0706209	0.3	0.132306	0.3	0.103599	0.3	0.115959	0.3	0.0547032	0.3	0.0536909	0.3	0.0406531	0.3	0.0561074	0.3	0.0586517	0.3	0.0586517	0.3	0.3	0.723574	-0.537284	0.0143371	0.16792	-0.0537284	-0.0524389	0.3	0.3	1.19951	0.031028	0.0234019	0.329447	0.0031028	0.00342239	0.3	0.3	0.660285	-0.373043	0.0117345	0.129466	-0.0373043	-0.0585305	0.3	0.3	1.08779	0.371116	0.0243002	0.347791	0.0371116	0.039561	0.3	0.3	0.77275	0.43915	0.0212917	0.288016	0.043915	0.0333315	0.3	0.3	0.550888	-0.0455446	0.00877649	0.0900564	-0.00455446	-0.00452258	0.3	0.3	1.05276	-0.0803535	0.0211579	0.285469	-0.00803535	-0.00409803	0.3	0.3	0.923934	-0.140909	0.0184275	0.235497	-0.0140909	-0.00619998	0.3	0.3	0.821484	0.0897846	0.0207944	0.27859	0.00897846	0.00613229	0.3	0.3	0.723574	-0.537284	0.0143371	0.16792	-0.0537284	-0.0524389	0.3	0.3	1.19951	0.031028	0.0234019	0.329447	0.0031028	0.00342239	0.3	0.3	0.660285	-0.373043	0.0117345	0.129466	-0.0373043	-0.0585305	0.3	0.3	1.08779	0.371116	0.0243002	0.347791	0.0371116	0.039561	0.3	0.3	0.77275	0.43915	0.0212917	0.288016	0.043915	0.0333315	0.3	0.3	0.550888	-0.0455446	0.00877649	0.0900564	-0.00455446	-0.00452258	0.3	0.3	1.05276	-0.0803535	0.0211579	0.285469	-0.00803535	-0.00409803	0.3	0.3	0.923934	-0.140909	0.0184275	0.235497	-0.0140909	-0.00619998	0.3	0.3	0.821484	0.0897846	0.0207944	0.27859	0.00897846	0.00613229	0	0	0	0	0	0	0	0	0	0	0	0	0	0	0	0	0	0	-0.0510723	0.940898	0	-0.0438457	-0.00598087	0	-0.0510723	0.940898	0	-0.0438457	-0.00598087	0	0	0	0.121475	0	0	1.18847	-0.0524363	0.707489	0.0835	0.0181509	0.00387428	0	-0.0524363	0.707489	0.0835	0.0181509	0.00387428	0	0	0	-0.0546511	0	0	-0.0914619	-0.0718867	0.297626	0.0835	0.00656404	0.00451233	0	-0.0718867	0.297626	0.0835	0.00656404	0.00451233	0	0	0	-0.0387444	0	0	0.0475479	-0.0309795	0.0414962	0.09142	0.0170521	0.000974832	0	-0.0309795	0.0414962	0.09142	0.0170521	0.000974832	0	0	0	-0.0637151	0	0	-0.0751073	-0.0524363	0.707489	-0.0835	0.0181509	0.00387428	0	-0.0524363	0.707489	-0.0835	0.0181509	0.00387428	0	0	0	-0.0546511	0	0	-0.0914619	-0.0718867	0.297626	-0.0835	0.00656404	0.00451233	0	-0.0718867	0.297626	-0.0835	0.00656404	0.00451233	0	0	0	-0.0387444	0	0	0.0475479	-0.0309795	0.0414962	-0.09142	0.0170521	0.000974832	0	-0.0309795	0.0414962	-0.09142	0.0170521	0.000974832	0	0	0	-0.0637151	0	0	-0.0751073	-0.150366	1.33367	0	-0.53021	-0.127744	0	-0.150366	1.33367	0	-0.53021	-0.127744	0	0	0	0.0933572	0	0	1.24963	2.66721	-0.0431502	0.877235	0.0835	-8.76449e-05	0.00195041	0	-0.000457078	-0.000513507	0	0.00870305	-0.00523772	0	0	0	-0.176124	0	0	-1.27993	1950.14	89.7289	-1948.07	-0	0	0	0	0	3.23039	-0.0646549	0.484185	0.0835	0.000126384	0.00235897	0	0.000182126	-0.000147194	0	0.113435	0.0447689	0	0	0	0.0158973	0	0	0.13901	2361.91	-126.977	-2358.49	-0	16.5311	0	0	-16.5311	2.97797	-0.0813447	0.0566838	0.0835	-3.38778e-05	0.00217575	0	6.90036e-05	0.000693391	0	0.144663	-0.254681	0	0	0	-0.0249838	0	0	-0.122655	2177.35	33.7444	-2177.09	-0	0	0	0	0	2.66721	-0.0431502	0.877235	-0.0835	-8.76449e-05	0.00195041	0	-0.000457078	-0.000513507	0	0.00870305	-0.00523772	0	0	0	-0.176124	0	0	-1.27993	1950.14	89.7289	-1948.07	-0	0	0	0	0	3.23039	-0.0646549	0.484185	-0.0835	0.000126384	0.00235897	0	0.000182126	-0.000147194	0	0.113435	0.0447689	0	0	0	0.0158973	0	0	0.13901	2361.91	-126.977	-2358.49	-0	16.5311	0	0	-16.5311	2.97797	-0.0813447	0.0566838	-0.0835	-3.38778e-05	0.00217575	0	6.90036e-05	0.000693391	0	0.144663	-0.254681	0	0	0	-0.0249838	0	0	-0.122655	2177.35	33.7444	-2177.09	-0	0	0	0	0	0.417211	-0.0906657	1.01786	0	6.13704e-05	-0.000298493	0	0.000107646	-3.1013e-05	0	-0.000950873	0.00410256	0	0	0	-0.0281178	0	0	0.0611615	305.045	-62.0077	298.676	-0	6.29784	0	0	6.29784	0.0414962	-0.0984209	0.968898	1.99931e-10	-0.244729	-0.0581765	0	-18.24	-4.33598	0	-8.30746e-10	3.28002e-09	8.8318	-0.0549335	0.471406	0	-40.1648	344.67	0	31.5097	3.67186	18.0522	0.0528929	-0.00444281	-0.09142	-0.0549335	0.471406	0	-40.1648	344.67	0	-31.5097	-3.67186	18.0522	0.0528929	-0.00444281	0.09142
0.41	0.1335	1.21588	-0.05155	-0.0514826	0.94083	-0.00740921	-0.189021	-1.29851	0.0172789	0.135532	-0.0261691	-0.118815	-0.189021	-1.29851	0.0172789	0.135532	-0.0261691	-0.118815	0	1	0	0	0	0	1	0	0	0	0	0	0	0	0	0	-0.05155	0.94083	0	0.997773	0	0	0.0667006	-0.0514826	-0.00740921	0	0	0	1.21588	-0.0522779	0.707525	0.0835	0.999615	0	0	-0.027757	0.0136584	0.00354263	0	0	0	-0.0826314	-0.0718292	0.297668	0.0835	0.999817	0	0	-0.0191199	0.00502198	0.00403407	0	0	0	0.0529006	-0.0308104	0.0415044	0.09142	0.999481	0	0	-0.0322	0.0168184	0.000834079	0	0	0	-0.0659144	-0.0522779	0.707525	-0.0835	0.999615	0	0	-0.027757	0.0136584	0.00354263	0	0	0	-0.0826314	-0.0718292	0.297668	-0.0835	0.999817	0	0	-0.0191199	0.00502198	0.00403407	0	0	0	0.0529006	-0.0308104	0.0415044	-0.09142	0.999481	0	0	-0.0322	0.0168184	0.000834079	0	0	0	-0.0659144	-0.155762	1.33234	0	0.998595	0	0	0.0529847	-0.548525	-0.138423	0	0	0	1.28181	0.3	0.0700956	0.3	0.132339	0.3	0.10301	0.3	0.116355	0.3	0.0546586	0.3	0.053651	0.3	0.0405932	0.3	0.0561659	0.3	0.0700956	0.3	0.132339	0.3	0.10301	0.3	0.116355	0.3	0.0546586	0.3	0.053651	0.3	0.0405932	0.3	0.0561659	0.3	0.0589863	0.3	0.0589863	0.3	0.3	0.718193	-0.538962	0.0141817	0.165524	-0.0538962	-0.0526026	0.3	0.3	1.19981	0.0301562	0.0234009	0.329428	0.00301562	0.00332623	0.3	0.3	0.656531	-0.377797	0.0115595	0.127008	-0.0377797	-0.0592763	0.3	0.3	1.09151	0.373329	0.0243312	0.348432	0.0373329	0.0397969	0.3	0.3	0.777158	0.442675	0.0214352	0.290761	0.0442675	0.033599	0.3	0.3	0.550439	-0.0442664	0.00874517	0.0896632	-0.00442664	-0.00439566	0.3	0.3	1.05198	-0.0761451	0.0211873	0.286026	-0.00761451	-0.0038834	0.3	0.3	0.922574	-0.131061	0.0184801	0.236422	-0.0131061	-0.00576671	0.3	0.3	0.822341	0.0816271	0.0207504	0.277762	0.00816271	0.00557513	0.3	0.3	0.718193	-0.538962	0.0141817	0.165524	-0.0538962	-0.0526026	0.3	0.3	1.19981	0.0301562	0.0234009	0.329428	0.00301562	0.00332623	0.3	0.3	0.656531	-0.377797	0.0115595	0.127008	-0.0377797	-0.0592763	0.3	0.3	1.09151	0.373329	0.0243312	0.348432	0.0373329	0.0397969	0.3	0.3	0.777158	0.442675	0.0214352	0.290761	0.0442675	0.033599	0.3	0.3	0.550439	-0.0442664	0.00874517	0.0896632	-0.00442664	-0.00439566	0.3	0.3	1.05198	-0.0761451	0.0211873	0.286026	-0.00761451	-0.0038834	0.3	0.3	0.922574	-0.131061	0.0184801	0.236422	-0.0131061	-0.00576671	0.3	0.3	0.822341	0.0816271	0.0207504	0.277762	0.00816271	0.00557513	0	0	0	0	0	0	0	0	0	0	0	0	0	0	0	0	0	0	-0.05155	0.94083	0	-0.0514826	-0.00740921	0	-0.05155	0.94083	0	-0.0514826	-0.00740921	0	0	0	0.1335	0	0	1.21588	-0.0522779	0.707525	0.0835	0.0136584	0.00354263	0	-0.0522779	0.707525	0.0835	0.0136584	0.00354263	0	0	0	-0.0555211	0	0	-0.0826314	-0.0718292	0.297668	0.0835	0.00502198	0.00403407	0	-0.0718292	0.297668	0.0835	0.00502198	0.00403407	0	0	0	-0.0382422	0	0	0.0529006	-0.0308104	0.0415044	0.09142	0.0168184	0.000834079	0	-0.0308104	0.0415044	0.09142	0.0168184	0.000834079	0	0	0	-0.0644112	0	0	-0.0659144	-0.0522779	0.707525	-0.0835	0.0136584	0.00354263	0	-0.0522779	0.707525	-0.0835	0.0136584	0.00354263	0	0	0	-0.0555211	0	0	-0.0826314	-0.0718292	0.297668	-0.0835	0.00502198	0.00403407	0	-0.0718292	0.297668	-0.0835	0.00502198	0.00403407	0	0	0	-0.0382422	0	0	0.0529006	-0.0308104	0.0415044	-0.09142	0.0168184	0.000834079	0	-0.0308104	0.0415044	-0.09142	0.0168184	0.000834079	0	0	0	-0.0644112	0	0	-0.0659144	-0.155762	1.33234	0	-0.548525	-0.138423	0	-0.155762	1.33234	0	-0.548525	-0.138423	0	0	0	0.106019	0	0	1.28181	2.66047	-0.0428442	0.877263	0.0835	-9.23946e-05	0.0019453	0	-0.000487817	-0.000525207	0	0.0240231	-0.00859635	0	0	0	-0.189023	0	0	-1.29851	1945.21	94.6188	-1942.91	-0	0	0	0	0	3.22855	-0.0646911	0.484231	0.0835	0.000128195	0.0023576	0	0.000140168	-0.000167262	0	0.206218	-0.0275551	0	0	0	0.0172634	0	0	0.135532	2360.57	-128.651	-2357.06	-0	16.6316	0	0	-16.6316	2.98599	-0.0811649	0.0567272	0.0835	-3.37362e-05	0.00218177	0	-6.1525e-05	0.000611188	0	0.352468	0.0284296	0	0	0	-0.0261586	0	0	-0.118815	2183.21	33.8552	-2182.95	-0	0	0	0	0	2.66047	-0.0428442	0.877263	-0.0835	-9.23946e-05	0.0019453	0	-0.000487817	-0.000525207	0	0.0240231	-0.00859635	0	0	0	-0.189023	0	0	-1.29851	1945.21	94.6188	-1942.91	-0	0	0	0	0	3.22855	-0.0646911	0.484231	-0.0835	0.000128195	0.0023576	0	0.000140168	-0.000167262	0	0.206218	-0.0275551	0	0	0	0.0172634	0	0	0.135532	2360.57	-128.651	-2357.06	-0	16.6316	0	0	-16.6316	2.98599	-0.0811649	0.0567272	-0.0835	-3.37362e-05	0.00218177	0	-6.1525e-05	0.000611188	0	0.352468	0.0284296	0	0	0	-0.0261586	0	0	-0.118815	2183.21	33.8552	-2182.95	-0	0	0	0	0	0.419355	-0.0920683	1.01731	0	6.27637e-05	-0.0002998	0	0.00012067	-2.86028e-05	0	0.00142926	-0.00862652	0	0	0	-0.0274744	0	0	0.0659291	306.612	-63.4781	299.97	-0	5.56406	0	0	5.56406	0.0415044	-0.100924	0.968288	1.99931e-10	-0.255632	-0.063443	0	-19.0526	-4.72849	0	-1.08574e-09	3.17256e-09	9.09683	-0.0560991	0.474949	0	-41.017	347.261	0	31.7466	3.74978	18.2382	0.0530479	-0.00446784	-0.09142	-0.0560991	0.474949	0	-41.017	347.261	0	-31.7466	-3.74978	18.2382	0.0530479	-0.00446784	0.09142
0.42	0.145808	1.24427	-0.0521062	-0.0593454	0.940752	-0.00798485	-0.202106	-1.3174	0.0186134	0.131604	-0.027358	-0.120011	-0.202106	-1.3174	0.0186134	0.131604	-0.027358	-0.120011	0	1	0	0	0	0	1	0	0	0	0	0	0	0	0	0	-0.0521062	0.940752	0	0.997344	0	0	0.0728395	-0.0593454	-0.00798485	0	0	0	1.24427	-0.0521653	0.707563	0.0835	0.999604	0	0	-0.0281452	0.00910669	0.00406998	0	0	0	-0.0731397	-0.0717863	0.297709	0.0835	0.999822	0	0	-0.0188411	0.00362794	0.00439378	0	0	0	0.0584644	-0.0306422	0.0415145	0.09142	0.999471	0	0	-0.0325155	0.0167951	0.00124607	0	0	0	-0.0615463	-0.0521653	0.707563	-0.0835	0.999604	0	0	-0.0281452	0.00910669	0.00406998	0	0	0	-0.0731397	-0.0717863	0.297709	-0.0835	0.999822	0	0	-0.0188411	0.00362794	0.00439378	0	0	0	0.0584644	-0.0306422	0.0415145	-0.09142	0.999471	0	0	-0.0325155	0.0167951	0.00124607	0	0	0	-0.0615463	-0.161346	1.3309	0	0.99823	0	0	0.0594705	-0.567283	-0.148715	0	0	0	1.31497	0.3	0.0695691	0.3	0.132372	0.3	0.102413	0.3	0.116754	0.3	0.0546155	0.3	0.0536131	0.3	0.0405373	0.3	0.0562197	0.3	0.0695691	0.3	0.132372	0.3	0.102413	0.3	0.116754	0.3	0.0546155	0.3	0.0536131	0.3	0.0405373	0.3	0.0562197	0.3	0.0593236	0.3	0.0593236	0.3	0.3	0.712799	-0.539831	0.0140263	0.163141	-0.0539831	-0.0526875	0.3	0.3	1.20011	0.0298018	0.0234036	0.329483	0.00298018	0.00328714	0.3	0.3	0.652729	-0.382797	0.0113793	0.124494	-0.0382797	-0.0600608	0.3	0.3	1.09526	0.375455	0.0243627	0.349083	0.0375455	0.0400235	0.3	0.3	0.781602	0.446375	0.0215776	0.293493	0.0446375	0.0338798	0.3	0.3	0.550005	-0.0423623	0.00871699	0.0893092	-0.00423623	-0.00420658	0.3	0.3	1.05124	-0.0723745	0.0212135	0.286526	-0.00723745	-0.0036911	0.3	0.3	0.921302	-0.123282	0.0185192	0.237114	-0.0123282	-0.00542441	0.3	0.3	0.823129	0.0762684	0.0207253	0.277292	0.00762684	0.00520913	0.3	0.3	0.712799	-0.539831	0.0140263	0.163141	-0.0539831	-0.0526875	0.3	0.3	1.20011	0.0298018	0.0234036	0.329483	0.00298018	0.00328714	0.3	0.3	0.652729	-0.382797	0.0113793	0.124494	-0.0382797	-0.0600608	0.3	0.3	1.09526	0.375455	0.0243627	0.349083	0.0375455	0.0400235	0.3	0.3	0.781602	0.446375	0.0215776	0.293493	0.0446375	0.0338798	0.3	0.3	0.550005	-0.0423623	0.00871699	0.0893092	-0.00423623	-0.00420658	0.3	0.3	1.05124	-0.0723745	0.0212135	0.286526	-0.00723745	-0.0036911	0.3	0.3	0.921302	-0.123282	0.0185192	0.237114	-0.0123282	-0.00542441	0.3	0.3	0.823129	0.0762684	0.0207253	0.277292	0.00762684	0.00520913	0	0	0	0	0	0	0	0	0	0	0	0	0	0	0	0	0	0	-0.0521062	0.940752	0	-0.0593454	-0.00798485	0	-0.0521062	0.940752	0	-0.0593454	-0.00798485	0	0	0	0.145808	0	0	1.24427	-0.0521653	0.707563	0.0835	0.00910669	0.00406998	0	-0.0521653	0.707563	0.0835	0.00910669	0.00406998	0	0	0	-0.0562979	0	0	-0.0731397	-0.0717863	0.297709	0.0835	0.00362794	0.00439378	0	-0.0717863	0.297709	0.0835	0.00362794	0.00439378	0	0	0	-0.0376845	0	0	0.0584644	-0.0306422	0.0415145	0.09142	0.0167951	0.00124607	0	-0.0306422	0.0415145	0.09142	0.0167951	0.00124607	0	0	0	-0.0650425	0	0	-0.0615463	-0.0521653	0.707563	-0.0835	0.00910669	0.00406998	0	-0.0521653	0.707563	-0.0835	0.00910669	0.00406998	0	0	0	-0.0562979	0	0	-0.0731397	-0.0717863	0.297709	-0.0835	0.00362794	0.00439378	0	-0.0717863	0.297709	-0.0835	0.00362794	0.00439378	0	0	0	-0.0376845	0	0	0.0584644	-0.0306422	0.0415145	-0.09142	0.0167951	0.00124607	0	-0.0306422	0.0415145	-0.09142	0.0167951	0.00124607	0	0	0	-0.0650425	0	0	-0.0615463	-0.161346	1.3309	0	-0.567283	-0.148715	0	-0.161346	1.3309	0	-0.567283	-0.148715	0	0	0	0.119011	0	0	1.31497	2.6532	-0.0425997	0.877293	0.0835	-9.73716e-05	0.00194004	0	-0.000507064	-0.000594471	0	0.0621552	-0.0109839	0	0	0	-0.202105	0	0	-1.3174	1939.89	99.6835	-1937.33	-0	0	0	0	0	3.22609	-0.0647523	0.484277	0.0835	0.000129648	0.00235581	0	0.000117086	-0.000195052	0	0.629035	-0.00761281	0	0	0	0.0186061	0	0	0.131604	2358.77	-130.029	-2355.18	-0	16.7073	0	0	-16.7073	2.99301	-0.0809872	0.056769	0.0835	-3.43919e-05	0.00218713	0	-0.000108264	0.000486747	0	0.975318	-0.110483	0	0	0	-0.0273527	0	0	-0.120011	2188.35	34.6012	-2188.07	-0	0	0	0	0	2.6532	-0.0425997	0.877293	-0.0835	-9.73716e-05	0.00194004	0	-0.000507064	-0.000594471	0	0.0621552	-0.0109839	0	0	0	-0.202105	0	0	-1.3174	1939.89	99.6835	-1937.33	-0	0	0	0	0	3.22609	-0.0647523	0.484277	-0.0835	0.000129648	0.00235581	0	0.000117086	-0.000195052	0	0.629035	-0.00761281	0	0	0	0.0186061	0	0	0.131604	2358.77	-130.029	-2355.18	-0	16.7073	0	0	-16.7073	2.99301	-0.0809872	0.056769	-0.0835	-3.43919e-05	0.00218713	0	-0.000108264	0.000486747	0	0.975318	-0.110483	0	0	0	-0.0273527	0	0	-0.120011	2188.35	34.6012	-2188.07	-0	0	0	0	0	0.421176	-0.0935647	1.01673	0	6.43879e-05	-0.000301398	0	0.000100091	6.55577e-05	0	-0.00193739	0.00595632	0	0	0	-0.0267979	0	0	0.0707031	307.944	-64.9805	301.01	-0	4.84817	0	0	4.84817	0.0415145	-0.103539	0.967629	1.99931e-10	-0.266766	-0.0680806	0	-19.8825	-5.07414	0	-1.11982e-09	3.99945e-09	9.37135	-0.0571513	0.47782	0	-41.7863	349.359	0	31.9384	3.82011	18.3994	0.0532031	-0.0044893	-0.09142	-0.0571513	0.47782	0	-41.7863	349.359	0	-31.9384	-3.82011	18.3994	0.0532031	-0.0044893	0.09142
0.43	0.158405	1.27349	-0.0527424	-0.0674435	0.940672	-0.00783904	-0.21538	-1.33645	0.0199053	0.126348	-0.028581	-0.124965	-0.21538	-1.33645	0.0199053	0.126348	-0.028581	-0.124965	0	1	0	0	0	0	1	0	0	0	0	0	0	0	0	0	-0.0527424	0.940672	0	0.996865	0	0	0.0791196	-0.0674435	-0.00783904	0	0	0	1.27349	-0.0520986	0.70761	0.0835	0.999594	0	0	-0.0284837	0.00449856	0.00541666	0	0	0	-0.062962	-0.0717563	0.297758	0.0835	0.999828	0	0	-0.0185338	0.00242181	0.00551284	0	0	0	0.0633859	-0.0304732	0.0415317	0.09142	0.999461	0	0	-0.0328195	0.0171199	0.00218931	0	0	0	-0.0615794	-0.0520986	0.70761	-0.0835	0.999594	0	0	-0.0284837	0.00449856	0.00541666	0	0	0	-0.062962	-0.0717563	0.297758	-0.0835	0.999828	0	0	-0.0185338	0.00242181	0.00551284	0	0	0	0.0633859	-0.0304732	0.0415317	-0.09142	0.999461	0	0	-0.0328195	0.0171199	0.00218931	0	0	0	-0.0615794	-0.16712	1.32936	0	0.997811	0	0	0.0661225	-0.586463	-0.158858	0	0	0	1.34923	0.3	0.0690422	0.3	0.132405	0.3	0.101809	0.3	0.117156	0.3	0.0545742	0.3	0.0535769	0.3	0.0404843	0.3	0.0562709	0.3	0.0690422	0.3	0.132405	0.3	0.101809	0.3	0.117156	0.3	0.0545742	0.3	0.0535769	0.3	0.0404843	0.3	0.0562709	0.3	0.0596638	0.3	0.0596638	0.3	0.3	0.707399	-0.539906	0.0138707	0.160768	-0.0539906	-0.0526948	0.3	0.3	1.20041	0.0292147	0.0234046	0.329503	0.00292147	0.00322238	0.3	0.3	0.648879	-0.387422	0.0111967	0.121962	-0.0387422	-0.0607865	0.3	0.3	1.09902	0.377705	0.0243958	0.349768	0.0377705	0.0402634	0.3	0.3	0.786084	0.450341	0.0217193	0.296222	0.0450341	0.0341809	0.3	0.3	0.54959	-0.0403589	0.00869029	0.0889766	-0.00403589	-0.00400764	0.3	0.3	1.05053	-0.069454	0.0212334	0.286905	-0.0069454	-0.00354215	0.3	0.3	0.920097	-0.117702	0.0185441	0.237549	-0.0117702	-0.00517887	0.3	0.3	0.823878	0.0738384	0.0207212	0.277216	0.00738384	0.00504316	0.3	0.3	0.707399	-0.539906	0.0138707	0.160768	-0.0539906	-0.0526948	0.3	0.3	1.20041	0.0292147	0.0234046	0.329503	0.00292147	0.00322238	0.3	0.3	0.648879	-0.387422	0.0111967	0.121962	-0.0387422	-0.0607865	0.3	0.3	1.09902	0.377705	0.0243958	0.349768	0.0377705	0.0402634	0.3	0.3	0.786084	0.450341	0.0217193	0.296222	0.0450341	0.0341809	0.3	0.3	0.54959	-0.0403589	0.00869029	0.0889766	-0.00403589	-0.00400764	0.3	0.3	1.05053	-0.069454	0.0212334	0.286905	-0.0069454	-0.00354215	0.3	0.3	0.920097	-0.117702	0.0185441	0.237549	-0.0117702	-0.00517887	0.3	0.3	0.823878	0.0738384	0.0207212	0.277216	0.00738384	0.00504316	0	0	0	0	0	0	0	0	0	0	0	0	0	0	0	0	0	0	-0.0527424	0.940672	0	-0.0674435	-0.00783904	0	-0.0527424	0.940672	0	-0.0674435	-0.00783904	0	0	0	0.158405	0	0	1.27349	-0.0520986	0.70761	0.0835	0.00449856	0.00541666	0	-0.0520986	0.70761	0.0835	0.00449856	0.00541666	0	0	0	-0.056975	0	0	-0.062962	-0.0717563	0.297758	0.0835	0.00242181	0.00551284	0	-0.0717563	0.297758	0.0835	0.00242181	0.00551284	0	0	0	-0.0370697	0	0	0.0633859	-0.0304732	0.0415317	0.09142	0.0171199	0.00218931	0	-0.0304732	0.0415317	0.09142	0.0171199	0.00218931	0	0	0	-0.0656508	0	0	-0.0615794	-0.0520986	0.70761	-0.0835	0.00449856	0.00541666	0	-0.0520986	0.70761	-0.0835	0.00449856	0.00541666	0	0	0	-0.056975	0	0	-0.062962	-0.0717563	0.297758	-0.0835	0.00242181	0.00551284	0	-0.0717563	0.297758	-0.0835	0.00242181	0.00551284	0	0	0	-0.0370697	0	0	0.0633859	-0.0304732	0.0415317	-0.09142	0.0171199	0.00218931	0	-0.0304732	0.0415317	-0.09142	0.0171199	0.00218931	0	0	0	-0.0656508	0	0	-0.0615794	-0.16712	1.32936	0	-0.586463	-0.158858	0	-0.16712	1.32936	0	-0.586463	-0.158858	0	0	0	0.132342	0	0	1.34923	2.64534	-0.0424181	0.877334	0.0835	-0.00010255	0.00193419	0	-0.000495335	-0.000632218	0	-0.0799968	-0.00635937	0	0	0	-0.215379	0	0	-1.33645	1934.15	104.808	-1931.3	-0	0	0	0	0	3.22279	-0.064837	0.48433	0.0835	0.000131004	0.00235355	0	0.000303541	-0.000275511	0	-0.590314	0.041497	0	0	0	0.0199062	0	0	0.126348	2356.35	-131.992	-2352.65	-0	16.7263	0	0	-16.7263	2.99836	-0.0808088	0.0568168	0.0835	-3.55244e-05	0.00219131	0	0.00022817	0.000347658	0	-1.05559	-0.0343932	0	0	0	-0.0285803	0	0	-0.124965	2192.26	35.0831	-2191.98	-0	0	0	0	0	2.64534	-0.0424181	0.877334	-0.0835	-0.00010255	0.00193419	0	-0.000495335	-0.000632218	0	-0.0799968	-0.00635937	0	0	0	-0.215379	0	0	-1.33645	1934.15	104.808	-1931.3	-0	0	0	0	0	3.22279	-0.064837	0.48433	-0.0835	0.000131004	0.00235355	0	0.000303541	-0.000275511	0	-0.590314	0.041497	0	0	0	0.0199062	0	0	0.126348	2356.35	-131.992	-2352.65	-0	16.7263	0	0	-16.7263	2.99836	-0.0808088	0.0568168	-0.0835	-3.55244e-05	0.00219131	0	0.00022817	0.000347658	0	-1.05559	-0.0343932	0	0	0	-0.0285803	0	0	-0.124965	2192.26	35.0831	-2191.98	-0	0	0	0	0	0.421739	-0.095157	1.01612	0	6.58855e-05	-0.000302162	0	8.16584e-05	0.000174515	0	0.0117669	0.0193594	0	0	0	-0.0260673	0	0	0.0757475	308.356	-66.3689	301.129	-0	4.12213	0	0	4.12213	0.0415317	-0.106267	0.966926	1.99931e-10	-0.278115	-0.0722376	0	-20.7283	-5.38397	0	-1.05828e-09	4.01432e-09	9.65615	-0.0587029	0.479846	0	-42.9208	350.841	0	32.0739	3.92382	18.5273	0.0533597	-0.00450611	-0.09142	-0.0587029	0.479846	0	-42.9208	350.841	0	-32.0739	-3.92382	18.5273	0.0533597	-0.00450611	0.09142
0.44	0.171301	1.30366	-0.053461	-0.0757417	0.940597	-0.00710651	-0.228846	-1.35551	0.0211488	0.121105	-0.0298803	-0.133446	-0.228846	-1.35551	0.0211488	0.121105	-0.0298803	-0.133446	0	1	0	0	0	0	1	0	0	0	0	0	0	0	0	0	-0.053461	0.940597	0	0.996334	0	0	0.0855458	-0.0757417	-0.00710651	0	0	0	1.30366	-0.0520784	0.707674	0.0835	0.999586	0	0	-0.0287685	-0.000139376	0.00739738	0	0	0	-0.0518407	-0.0717374	0.297822	0.0835	0.999834	0	0	-0.0181971	0.00146315	0.00722975	0	0	0	0.0692641	-0.0303009	0.0415608	0.09142	0.999451	0	0	-0.0331322	0.0175402	0.00356908	0	0	0	-0.0641814	-0.0520784	0.707674	-0.0835	0.999586	0	0	-0.0287685	-0.000139376	0.00739738	0	0	0	-0.0518407	-0.0717374	0.297822	-0.0835	0.999834	0	0	-0.0181971	0.00146315	0.00722975	0	0	0	0.0692641	-0.0303009	0.0415608	-0.09142	0.999451	0	0	-0.0331322	0.0175402	0.00356908	0	0	0	-0.0641814	-0.17309	1.32772	0	0.997336	0	0	0.0729465	-0.606048	-0.169037	0	0	0	1.38469	0.3	0.0685154	0.3	0.132437	0.3	0.101198	0.3	0.117559	0.3	0.0545353	0.3	0.053542	0.3	0.0404332	0.3	0.0563214	0.3	0.0685154	0.3	0.132437	0.3	0.101198	0.3	0.117559	0.3	0.0545353	0.3	0.053542	0.3	0.0404332	0.3	0.0563214	0.3	0.0600071	0.3	0.0600071	0.3	0.3	0.702002	-0.539369	0.0137141	0.158392	-0.0539369	-0.0526424	0.3	0.3	1.2007	0.0286521	0.0234057	0.329524	0.00286521	0.00316033	0.3	0.3	0.644982	-0.392114	0.0110096	0.119386	-0.0392114	-0.0615228	0.3	0.3	1.10281	0.379809	0.0244292	0.35046	0.0379809	0.0404877	0.3	0.3	0.790607	0.454548	0.0218599	0.298945	0.0454548	0.0345002	0.3	0.3	0.549197	-0.0380582	0.0086664	0.0886771	-0.00380582	-0.00377918	0.3	0.3	1.04984	-0.0676689	0.0212447	0.287121	-0.00676689	-0.00345112	0.3	0.3	0.918937	-0.114572	0.0185521	0.237692	-0.0114572	-0.00504117	0.3	0.3	0.824618	0.0745131	0.0207403	0.277574	0.00745131	0.00508924	0.3	0.3	0.702002	-0.539369	0.0137141	0.158392	-0.0539369	-0.0526424	0.3	0.3	1.2007	0.0286521	0.0234057	0.329524	0.00286521	0.00316033	0.3	0.3	0.644982	-0.392114	0.0110096	0.119386	-0.0392114	-0.0615228	0.3	0.3	1.10281	0.379809	0.0244292	0.35046	0.0379809	0.0404877	0.3	0.3	0.790607	0.454548	0.0218599	0.298945	0.0454548	0.0345002	0.3	0.3	0.549197	-0.0380582	0.0086664	0.0886771	-0.00380582	-0.00377918	0.3	0.3	1.04984	-0.0676689	0.0212447	0.287121	-0.00676689	-0.00345112	0.3	0.3	0.918937	-0.114572	0.0185521	0.237692	-0.0114572	-0.00504117	0.3	0.3	0.824618	0.0745131	0.0207403	0.277574	0.00745131	0.00508924	0	0	0	0	0	0	0	0	0	0	0	0	0	0	0	0	0	0	-0.053461	0.940597	0	-0.0757417	-0.00710651	0	-0.053461	0.940597	0	-0.0757417	-0.00710651	0	0	0	0.171301	0	0	1.30366	-0.0520784	0.707674	0.0835	-0.000139376	0.00739738	0	-0.0520784	0.707674	0.0835	-0.000139376	0.00739738	0	0	0	-0.057545	0	0	-0.0518407	-0.0717374	0.297822	0.0835	0.00146315	0.00722975	0	-0.0717374	0.297822	0.0835	0.00146315	0.00722975	0	0	0	-0.0363962	0	0	0.0692641	-0.0303009	0.0415608	0.09142	0.0175402	0.00356908	0	-0.0303009	0.0415608	0.09142	0.0175402	0.00356908	0	0	0	-0.0662766	0	0	-0.0641814	-0.0520784	0.707674	-0.0835	-0.000139376	0.00739738	0	-0.0520784	0.707674	-0.0835	-0.000139376	0.00739738	0	0	0	-0.057545	0	0	-0.0518407	-0.0717374	0.297822	-0.0835	0.00146315	0.00722975	0	-0.0717374	0.297822	-0.0835	0.00146315	0.00722975	0	0	0	-0.0363962	0	0	0.0692641	-0.0303009	0.0415608	-0.09142	0.0175402	0.00356908	0	-0.0303009	0.0415608	-0.09142	0.0175402	0.00356908	0	0	0	-0.0662766	0	0	-0.0641814	-0.17309	1.32772	0	-0.606048	-0.169037	0	-0.17309	1.32772	0	-0.606048	-0.169037	0	0	0	0.146023	0	0	1.38469	2.63679	-0.0423012	0.877393	0.0835	-0.000107888	0.0019279	0	-0.000510311	-0.000692265	0	-0.217803	-0.00606266	0	0	0	-0.228846	0	0	-1.35551	1927.89	110.215	-1924.74	-0	0	0	0	0	3.21837	-0.0649437	0.484399	0.0835	0.000132747	0.00235051	0	0.000376087	-0.000370893	0	-2.1746	0.0638511	0	0	0	0.0211377	0	0	0.121105	2353.12	-133.972	-2349.3	-0	16.7337	0	0	-16.7337	3.00153	-0.080627	0.0568774	0.0835	-3.63588e-05	0.00219393	0	0.000219239	0.000182534	0	-3.47708	0.249415	0	0	0	-0.0298694	0	0	-0.133446	2194.57	35.9349	-2194.28	-0	0	0	0	0	2.63679	-0.0423012	0.877393	-0.0835	-0.000107888	0.0019279	0	-0.000510311	-0.000692265	0	-0.217803	-0.00606266	0	0	0	-0.228846	0	0	-1.35551	1927.89	110.215	-1924.74	-0	0	0	0	0	3.21837	-0.0649437	0.484399	-0.0835	0.000132747	0.00235051	0	0.000376087	-0.000370893	0	-2.1746	0.0638511	0	0	0	0.0211377	0	0	0.121105	2353.12	-133.972	-2349.3	-0	16.7337	0	0	-16.7337	3.00153	-0.080627	0.0568774	-0.0835	-3.63588e-05	0.00219393	0	0.000219239	0.000182534	0	-3.47708	0.249415	0	0	0	-0.0298694	0	0	-0.133446	2194.57	35.9349	-2194.28	-0	0	0	0	0	0.421427	-0.0968474	1.01549	0	6.73756e-05	-0.000302307	0	6.1661e-05	0.000290215	0	0.0108072	0.0183695	0	0	0	-0.0252779	0	0	0.081027	308.128	-67.7407	300.589	-0	3.39567	0	0	3.39567	0.0415608	-0.10911	0.966182	1.99931e-10	-0.289662	-0.0760862	0	-21.5889	-5.67081	0	-1.04064e-09	4.38121e-09	9.95141	-0.060045	0.480877	0	-43.9021	351.595	0	32.1428	4.01353	18.6187	0.0535191	-0.00451779	-0.09142	-0.060045	0.480877	0	-43.9021	351.595	0	-32.1428	-4.01353	18.6187	0.0535191	-0.00451779	0.09142
0.45	0.184501	1.33491	-0.0542627	-0.0842254	0.940532	-0.00591652	-0.242501	-1.37497	0.0223407	0.115619	-0.0312944	-0.146136	-0.242501	-1.37497	0.0223407	0.115619	-0.0312944	-0.146136	0	1	0	0	0	0	1	0	0	0	0	0	0	0	0	0	-0.0542627	0.940532	0	0.995748	0	0	0.0921198	-0.0842254	-0.00591652	0	0	0	1.33491	-0.0521042	0.707761	0.0835	0.99958	0	0	-0.028996	-0.00481562	0.00992441	0	0	0	-0.0400622	-0.0717273	0.297906	0.0835	0.999841	0	0	-0.0178287	0.000611567	0.00949693	0	0	0	0.0755569	-0.0301242	0.0416053	0.09142	0.99944	0	0	-0.0334706	0.0180747	0.0052443	0	0	0	-0.0705787	-0.0521042	0.707761	-0.0835	0.99958	0	0	-0.028996	-0.00481562	0.00992441	0	0	0	-0.0400622	-0.0717273	0.297906	-0.0835	0.999841	0	0	-0.0178287	0.000611567	0.00949693	0	0	0	0.0755569	-0.0301242	0.0416053	-0.09142	0.99944	0	0	-0.0334706	0.0180747	0.0052443	0	0	0	-0.0705787	-0.179254	1.32597	0	0.996799	0	0	0.0799451	-0.626005	-0.179526	0	0	0	1.4214	0.3	0.0679896	0.3	0.132469	0.3	0.100579	0.3	0.117965	0.3	0.0544988	0.3	0.0535076	0.3	0.0403831	0.3	0.0563731	0.3	0.0679896	0.3	0.132469	0.3	0.100579	0.3	0.117965	0.3	0.0544988	0.3	0.0535076	0.3	0.0403831	0.3	0.0563731	0.3	0.0603536	0.3	0.0603536	0.3	0.3	0.696615	-0.538083	0.0135571	0.156023	-0.0538083	-0.0525169	0.3	0.3	1.20098	0.0283897	0.0234089	0.329589	0.00283897	0.00313138	0.3	0.3	0.641041	-0.396585	0.0108191	0.116782	-0.0396585	-0.0622241	0.3	0.3	1.10662	0.381736	0.0244627	0.351154	0.0381736	0.0406931	0.3	0.3	0.795173	0.458888	0.0219994	0.301654	0.0458888	0.0348296	0.3	0.3	0.54883	-0.0353396	0.00864564	0.088418	-0.00353396	-0.00350922	0.3	0.3	1.04917	-0.0673205	0.0212451	0.287127	-0.00673205	-0.00343334	0.3	0.3	0.917797	-0.113901	0.0185433	0.237536	-0.0113901	-0.00501164	0.3	0.3	0.825375	0.0776525	0.0207783	0.278287	0.00776525	0.00530366	0.3	0.3	0.696615	-0.538083	0.0135571	0.156023	-0.0538083	-0.0525169	0.3	0.3	1.20098	0.0283897	0.0234089	0.329589	0.00283897	0.00313138	0.3	0.3	0.641041	-0.396585	0.0108191	0.116782	-0.0396585	-0.0622241	0.3	0.3	1.10662	0.381736	0.0244627	0.351154	0.0381736	0.0406931	0.3	0.3	0.795173	0.458888	0.0219994	0.301654	0.0458888	0.0348296	0.3	0.3	0.54883	-0.0353396	0.00864564	0.088418	-0.00353396	-0.00350922	0.3	0.3	1.04917	-0.0673205	0.0212451	0.287127	-0.00673205	-0.00343334	0.3	0.3	0.917797	-0.113901	0.0185433	0.237536	-0.0113901	-0.00501164	0.3	0.3	0.825375	0.0776525	0.0207783	0.278287	0.00776525	0.00530366	0	0	0	0	0	0	0	0	0	0	0	0	0	0	0	0	0	0	-0.0542627	0.940532	0	-0.0842254	-0.00591652	0	-0.0542627	0.940532	0	-0.0842254	-0.00591652	0	0	0	0.184501	0	0	1.33491	-0.0521042	0.707761	0.0835	-0.00481562	0.00992441	0	-0.0521042	0.707761	0.0835	-0.00481562	0.00992441	0	0	0	-0.0580001	0	0	-0.0400622	-0.0717273	0.297906	0.0835	0.000611567	0.00949693	0	-0.0717273	0.297906	0.0835	0.000611567	0.00949693	0	0	0	-0.0356593	0	0	0.0755569	-0.0301242	0.0416053	0.09142	0.0180747	0.0052443	0	-0.0301242	0.0416053	0.09142	0.0180747	0.0052443	0	0	0	-0.0669537	0	0	-0.0705787	-0.0521042	0.707761	-0.0835	-0.00481562	0.00992441	0	-0.0521042	0.707761	-0.0835	-0.00481562	0.00992441	0	0	0	-0.0580001	0	0	-0.0400622	-0.0717273	0.297906	-0.0835	0.000611567	0.00949693	0	-0.0717273	0.297906	-0.0835	0.000611567	0.00949693	0	0	0	-0.0356593	0	0	0.0755569	-0.0301242	0.0416053	-0.09142	0.0180747	0.0052443	0	-0.0301242	0.0416053	-0.09142	0.0180747	0.0052443	0	0	0	-0.0669537	0	0	-0.0705787	-0.179254	1.32597	0	-0.626005	-0.179526	0	-0.179254	1.32597	0	-0.626005	-0.179526	0	0	0	0.160061	0	0	1.4214	2.62745	-0.0422497	0.877475	0.0835	-0.00011342	0.00192095	0	-0.000530915	-0.000741567	0	-0.204787	-0.00820354	0	0	0	-0.2425	0	0	-1.37497	1921.07	115.841	-1917.57	-0	0	0	0	0	3.21264	-0.0650711	0.484488	0.0835	0.000133738	0.00234652	0	0.000368519	-0.000449395	0	-1.96221	0.0594472	0	0	0	0.0223333	0	0	0.115619	2348.93	-134.938	-2345.05	-0	16.7203	0	0	-16.7203	3.0026	-0.0804399	0.056956	0.0835	-3.85791e-05	0.00219512	0	0.000175241	-4.60325e-05	0	-3.06637	0.332219	0	0	0	-0.0312961	0	0	-0.146136	2195.36	38.2402	-2195.03	-0	0	0	0	0	2.62745	-0.0422497	0.877475	-0.0835	-0.00011342	0.00192095	0	-0.000530915	-0.000741567	0	-0.204787	-0.00820354	0	0	0	-0.2425	0	0	-1.37497	1921.07	115.841	-1917.57	-0	0	0	0	0	3.21264	-0.0650711	0.484488	-0.0835	0.000133738	0.00234652	0	0.000368519	-0.000449395	0	-1.96221	0.0594472	0	0	0	0.0223333	0	0	0.115619	2348.93	-134.938	-2345.05	-0	16.7203	0	0	-16.7203	3.0026	-0.0804399	0.056956	-0.0835	-3.85791e-05	0.00219512	0	0.000175241	-4.60325e-05	0	-3.06637	0.332219	0	0	0	-0.0312961	0	0	-0.146136	2195.36	38.2402	-2195.03	-0	0	0	0	0	0.42011	-0.0986366	1.01484	0	6.86124e-05	-0.000301141	0	6.00219e-05	0.000307299	0	0.0141604	0.0213386	0	0	0	-0.0244337	0	0	0.0864942	307.165	-68.9678	299.322	-0	2.68009	0	0	2.68009	0.0416053	-0.112068	0.965402	1.99931e-10	-0.301404	-0.0798037	0	-22.4641	-5.94788	0	-1.11243e-09	4.51782e-09	10.2565	-0.0610283	0.481031	0	-44.621	351.707	0	32.1531	4.07925	18.6784	0.0536818	-0.00452399	-0.09142	-0.0610283	0.481031	0	-44.621	351.707	0	-32.1531	-4.07925	18.6784	0.0536818	-0.00452399	0.09142
0.46	0.19802	1.36715	-0.0551502	-0.0928521	0.94048	-0.00450932	-0.256355	-1.3947	0.0234762	0.11095	-0.0328525	-0.16251	-0.256355	-1.3947	0.0234762	0.11095	-0.0328525	-0.16251	0	1	0	0	0	0	1	0	0	0	0	0	0	0	0	0	-0.0551502	0.94048	0	0.995103	0	0	0.0988482	-0.0928521	-0.00450932	0	0	0	1.36715	-0.052177	0.707875	0.0835	0.999575	0	0	-0.0291636	-0.00950684	0.0127349	0	0	0	-0.0275476	-0.0717255	0.298014	0.0835	0.999848	0	0	-0.0174287	-0.000117427	0.0120502	0	0	0	0.0834021	-0.0299419	0.0416679	0.09142	0.999427	0	0	-0.0338494	0.0185326	0.00714333	0	0	0	-0.0791074	-0.052177	0.707875	-0.0835	0.999575	0	0	-0.0291636	-0.00950684	0.0127349	0	0	0	-0.0275476	-0.0717255	0.298014	-0.0835	0.999848	0	0	-0.0174287	-0.000117427	0.0120502	0	0	0	0.0834021	-0.0299419	0.0416679	-0.09142	0.999427	0	0	-0.0338494	0.0185326	0.00714333	0	0	0	-0.0791074	-0.185621	1.32412	0	0.996197	0	0	0.0871265	-0.646314	-0.190443	0	0	0	1.45946	0.3	0.0674652	0.3	0.1325	0.3	0.0999535	0.3	0.118373	0.3	0.054465	0.3	0.0534731	0.3	0.0403327	0.3	0.0564279	0.3	0.0674652	0.3	0.1325	0.3	0.0999535	0.3	0.118373	0.3	0.054465	0.3	0.0534731	0.3	0.0403327	0.3	0.0564279	0.3	0.0607035	0.3	0.0607035	0.3	0.3	0.691242	-0.536412	0.0133978	0.153633	-0.0536412	-0.0523538	0.3	0.3	1.20127	0.0280043	0.0234111	0.329635	0.00280043	0.00308887	0.3	0.3	0.637053	-0.401244	0.0106233	0.114126	-0.0401244	-0.0629552	0.3	0.3	1.11044	0.38368	0.0244974	0.351874	0.038368	0.0409003	0.3	0.3	0.799783	0.463297	0.0221373	0.304339	0.0463297	0.0351643	0.3	0.3	0.54849	-0.0324017	0.00862771	0.0881934	-0.00324017	-0.00321748	0.3	0.3	1.04849	-0.0685235	0.0212336	0.286907	-0.00685235	-0.0034947	0.3	0.3	0.916651	-0.115651	0.0185175	0.237082	-0.0115651	-0.00508862	0.3	0.3	0.826177	0.0833599	0.0208361	0.279376	0.00833599	0.00569348	0.3	0.3	0.691242	-0.536412	0.0133978	0.153633	-0.0536412	-0.0523538	0.3	0.3	1.20127	0.0280043	0.0234111	0.329635	0.00280043	0.00308887	0.3	0.3	0.637053	-0.401244	0.0106233	0.114126	-0.0401244	-0.0629552	0.3	0.3	1.11044	0.38368	0.0244974	0.351874	0.038368	0.0409003	0.3	0.3	0.799783	0.463297	0.0221373	0.304339	0.0463297	0.0351643	0.3	0.3	0.54849	-0.0324017	0.00862771	0.0881934	-0.00324017	-0.00321748	0.3	0.3	1.04849	-0.0685235	0.0212336	0.286907	-0.00685235	-0.0034947	0.3	0.3	0.916651	-0.115651	0.0185175	0.237082	-0.0115651	-0.00508862	0.3	0.3	0.826177	0.0833599	0.0208361	0.279376	0.00833599	0.00569348	0	0	0	0	0	0	0	0	0	0	0	0	0	0	0	0	0	0	-0.0551502	0.94048	0	-0.0928521	-0.00450932	0	-0.0551502	0.94048	0	-0.0928521	-0.00450932	0	0	0	0.19802	0	0	1.36715	-0.052177	0.707875	0.0835	-0.00950684	0.0127349	0	-0.052177	0.707875	0.0835	-0.00950684	0.0127349	0	0	0	-0.0583354	0	0	-0.0275476	-0.0717255	0.298014	0.0835	-0.000117427	0.0120502	0	-0.0717255	0.298014	0.0835	-0.000117427	0.0120502	0	0	0	-0.0348591	0	0	0.0834021	-0.0299419	0.0416679	0.09142	0.0185326	0.00714333	0	-0.0299419	0.0416679	0.09142	0.0185326	0.00714333	0	0	0	-0.0677117	0	0	-0.0791074	-0.052177	0.707875	-0.0835	-0.00950684	0.0127349	0	-0.052177	0.707875	-0.0835	-0.00950684	0.0127349	0	0	0	-0.0583354	0	0	-0.0275476	-0.0717255	0.298014	-0.0835	-0.000117427	0.0120502	0	-0.0717255	0.298014	-0.0835	-0.000117427	0.0120502	0	0	0	-0.0348591	0	0	0.0834021	-0.0299419	0.0416679	-0.09142	0.0185326	0.00714333	0	-0.0299419	0.0416679	-0.09142	0.0185326	0.00714333	0	0	0	-0.0677117	0	0	-0.0791074	-0.185621	1.32412	0	-0.646314	-0.190443	0	-0.185621	1.32412	0	-0.646314	-0.190443	0	0	0	0.174474	0	0	1.45946	2.61738	-0.0422656	0.877586	0.0835	-0.000119157	0.0019135	0	-0.000582184	-0.000806808	0	-0.00843114	0.00202501	0	0	0	-0.256354	0	0	-1.3947	1913.71	121.812	-1909.82	-0	0	0	0	0	3.20563	-0.0652186	0.484601	0.0835	0.000134706	0.00234157	0	4.28725e-05	-0.000505048	0	0.00428276	-0.0354859	0	0	0	0.0234783	0	0	0.11095	2343.81	-134.846	-2339.92	-0	16.7238	0	0	-16.7238	3.00158	-0.080246	0.0570567	0.0835	-4.09782e-05	0.00219464	0	-0.000412015	-0.000220228	0	0.0490824	0.0295194	0	0	0	-0.0328498	0	0	-0.16251	2194.61	41.7749	-2194.22	-0	0	0	0	0	2.61738	-0.0422656	0.877586	-0.0835	-0.000119157	0.0019135	0	-0.000582184	-0.000806808	0	-0.00843114	0.00202501	0	0	0	-0.256354	0	0	-1.3947	1913.71	121.812	-1909.82	-0	0	0	0	0	3.20563	-0.0652186	0.484601	-0.0835	0.000134706	0.00234157	0	4.28725e-05	-0.000505048	0	0.00428276	-0.0354859	0	0	0	0.0234783	0	0	0.11095	2343.81	-134.846	-2339.92	-0	16.7238	0	0	-16.7238	3.00158	-0.080246	0.0570567	-0.0835	-4.09782e-05	0.00219464	0	-0.000412015	-0.000220228	0	0.0490824	0.0295194	0	0	0	-0.0328498	0	0	-0.16251	2194.61	41.7749	-2194.22	-0	0	0	0	0	0.41806	-0.100527	1.01419	0	6.98641e-05	-0.000299811	0	4.98593e-05	0.000389546	0	-0.00412083	0.0115985	0	0	0	-0.0235391	0	0	0.0923073	305.666	-70.1593	297.505	-0	1.96429	0	0	1.96429	0.0416679	-0.115144	0.964584	1.99931e-10	-0.313324	-0.0835769	0	-23.3525	-6.22911	0	-1.12895e-09	4.424e-09	10.5711	-0.061172	0.480252	0	-44.7261	351.138	0	32.101	4.08886	18.7058	0.0538484	-0.00452447	-0.09142	-0.061172	0.480252	0	-44.7261	351.138	0	-32.101	-4.08886	18.7058	0.0538484	-0.00452447	0.09142
0.47	0.211868	1.40013	-0.0561257	-0.101622	0.940443	-0.00304451	-0.27041	-1.41481	0.0245498	0.104136	-0.0345717	-0.179728	-0.27041	-1.41481	0.0245498	0.104136	-0.0345717	-0.179728	0	1	0	0	0	0	1	0	0	0	0	0	0	0	0	0	-0.0561257	0.940443	0	0.994394	0	0	0.105736	-0.101622	-0.00304451	0	0	0	1.40013	-0.0522973	0.708018	0.0835	0.999572	0	0	-0.0292668	-0.0142213	0.0156698	0	0	0	-0.0146744	-0.0717302	0.298149	0.0835	0.999856	0	0	-0.0169953	-0.000768709	0.0146649	0	0	0	0.0894619	-0.0297523	0.0417498	0.09142	0.999412	0	0	-0.0342753	0.0193269	0.00906405	0	0	0	-0.0902659	-0.0522973	0.708018	-0.0835	0.999572	0	0	-0.0292668	-0.0142213	0.0156698	0	0	0	-0.0146744	-0.0717302	0.298149	-0.0835	0.999856	0	0	-0.0169953	-0.000768709	0.0146649	0	0	0	0.0894619	-0.0297523	0.0417498	-0.09142	0.999412	0	0	-0.0342753	0.0193269	0.00906405	0	0	0	-0.0902659	-0.192195	1.32215	0	0.995525	0	0	0.0944983	-0.666945	-0.201957	0	0	0	1.4988	0.3	0.0669424	0.3	0.13253	0.3	0.0993205	0.3	0.118783	0.3	0.0544341	0.3	0.0534375	0.3	0.0402811	0.3	0.0564872	0.3	0.0669424	0.3	0.13253	0.3	0.0993205	0.3	0.118783	0.3	0.0544341	0.3	0.0534375	0.3	0.0402811	0.3	0.0564872	0.3	0.0610567	0.3	0.0610567	0.3	0.3	0.685886	-0.534348	0.0132363	0.151223	-0.0534348	-0.0521523	0.3	0.3	1.20154	0.0275173	0.0234126	0.329664	0.00275173	0.00303516	0.3	0.3	0.633018	-0.405467	0.0104247	0.111453	-0.0405467	-0.0636177	0.3	0.3	1.11429	0.385636	0.0245332	0.352619	0.0385636	0.0411087	0.3	0.3	0.804436	0.467785	0.0222734	0.307002	0.0467785	0.0355049	0.3	0.3	0.548179	-0.0295389	0.00861171	0.0879942	-0.00295389	-0.00293321	0.3	0.3	1.04779	-0.0712724	0.0212101	0.28646	-0.00712724	-0.00363489	0.3	0.3	0.91548	-0.119446	0.0184772	0.236372	-0.0119446	-0.00525564	0.3	0.3	0.827045	0.0909866	0.0209091	0.280752	0.00909866	0.00621438	0.3	0.3	0.685886	-0.534348	0.0132363	0.151223	-0.0534348	-0.0521523	0.3	0.3	1.20154	0.0275173	0.0234126	0.329664	0.00275173	0.00303516	0.3	0.3	0.633018	-0.405467	0.0104247	0.111453	-0.0405467	-0.0636177	0.3	0.3	1.11429	0.385636	0.0245332	0.352619	0.0385636	0.0411087	0.3	0.3	0.804436	0.467785	0.0222734	0.307002	0.0467785	0.0355049	0.3	0.3	0.548179	-0.0295389	0.00861171	0.0879942	-0.00295389	-0.00293321	0.3	0.3	1.04779	-0.0712724	0.0212101	0.28646	-0.00712724	-0.00363489	0.3	0.3	0.91548	-0.119446	0.0184772	0.236372	-0.0119446	-0.00525564	0.3	0.3	0.827045	0.0909866	0.0209091	0.280752	0.00909866	0.00621438	0	0	0	0	0	0	0	0	0	0	0	0	0	0	0	0	0	0	-0.0561257	0.940443	0	-0.101622	-0.00304451	0	-0.0561257	0.940443	0	-0.101622	-0.00304451	0	0	0	0.211868	0	0	1.40013	-0.0522973	0.708018	0.0835	-0.0142213	0.0156698	0	-0.0522973	0.708018	0.0835	-0.0142213	0.0156698	0	0	0	-0.058542	0	0	-0.0146744	-0.0717302	0.298149	0.0835	-0.000768709	0.0146649	0	-0.0717302	0.298149	0.0835	-0.000768709	0.0146649	0	0	0	-0.0339922	0	0	0.0894619	-0.0297523	0.0417498	0.09142	0.0193269	0.00906405	0	-0.0297523	0.0417498	0.09142	0.0193269	0.00906405	0	0	0	-0.068564	0	0	-0.0902659	-0.0522973	0.708018	-0.0835	-0.0142213	0.0156698	0	-0.0522973	0.708018	-0.0835	-0.0142213	0.0156698	0	0	0	-0.058542	0	0	-0.0146744	-0.0717302	0.298149	-0.0835	-0.000768709	0.0146649	0	-0.0717302	0.298149	-0.0835	-0.000768709	0.0146649	0	0	0	-0.0339922	0	0	0.0894619	-0.0297523	0.0417498	-0.09142	0.0193269	0.00906405	0	-0.0297523	0.0417498	-0.09142	0.0193269	0.00906405	0	0	0	-0.068564	0	0	-0.0902659	-0.192195	1.32215	0	-0.666945	-0.201957	0	-0.192195	1.32215	0	-0.666945	-0.201957	0	0	0	0.189279	0	0	1.4988	2.60635	-0.0423508	0.877727	0.0835	-0.000125095	0.00190543	0	-0.000587996	-0.000893398	0	-0.00758404	0.0115408	0	0	0	-0.27041	0	0	-1.41481	1905.64	127.776	-1901.35	-0	0	0	0	0	3.19714	-0.065385	0.484741	0.0835	0.000135198	0.00233573	0	7.0462e-05	-0.000631307	0	-0.0442207	-0.0391311	0	0	0	0.0245408	0	0	0.104136	2337.6	-135.428	-2333.67	-0	16.6358	0	0	-16.6358	2.99838	-0.0800432	0.0571815	0.0835	-4.43682e-05	0.00219244	0	-0.000264918	-0.000321583	0	-0.0522143	0.017645	0	0	0	-0.0345754	0	0	-0.179728	2192.28	44.8805	-2191.82	-0	0	0	0	0	2.60635	-0.0423508	0.877727	-0.0835	-0.000125095	0.00190543	0	-0.000587996	-0.000893398	0	-0.00758404	0.0115408	0	0	0	-0.27041	0	0	-1.41481	1905.64	127.776	-1901.35	-0	0	0	0	0	3.19714	-0.065385	0.484741	-0.0835	0.000135198	0.00233573	0	7.0462e-05	-0.000631307	0	-0.0442207	-0.0391311	0	0	0	0.0245408	0	0	0.104136	2337.6	-135.428	-2333.67	-0	16.6358	0	0	-16.6358	2.99838	-0.0800432	0.0571815	-0.0835	-4.43682e-05	0.00219244	0	-0.000264918	-0.000321583	0	-0.0522143	0.017645	0	0	0	-0.0345754	0	0	-0.179728	2192.28	44.8805	-2191.82	-0	0	0	0	0	0.414259	-0.102522	1.01351	0	7.10115e-05	-0.000297703	0	-6.75023e-06	0.000548668	0	0.00587988	-0.0108635	0	0	0	-0.0225775	0	0	0.0986645	302.887	-70.9715	294.455	-0	1.23644	0	0	1.23644	0.0417498	-0.118342	0.963727	1.99931e-10	-0.325402	-0.0875777	0	-24.2527	-6.52729	0	-2.54655e-09	4.33238e-09	10.895	-0.0620795	0.478707	0	-45.3896	350.008	0	31.9977	4.14952	18.7024	0.0540203	-0.00451922	-0.09142	-0.0620795	0.478707	0	-45.3896	350.008	0	-31.9977	-4.14952	18.7024	0.0540203	-0.00451922	0.09142
0.48	0.226048	1.43391	-0.0571891	-0.110577	0.94042	-0.00159011	-0.284667	-1.43535	0.025558	0.097145	-0.0364684	-0.19776	-0.284667	-1.43535	0.025558	0.097145	-0.0364684	-0.19776	0	1	0	0	0	0	1	0	0	0	0	0	0	0	0	0	-0.0571891	0.94042	0	0.99362	0	0	0.112783	-0.110577	-0.00159011	0	0	0	1.43391	-0.052465	0.708191	0.0835	0.99957	0	0	-0.0293053	-0.0190516	0.0187406	0	0	0	-0.00143728	-0.071741	0.29831	0.0835	0.999863	0	0	-0.0165297	-0.00134366	0.0174204	0	0	0	0.0957077	-0.029555	0.0418513	0.09142	0.999396	0	0	-0.0347576	0.0202173	0.0110537	0	0	0	-0.102052	-0.052465	0.708191	-0.0835	0.99957	0	0	-0.0293053	-0.0190516	0.0187406	0	0	0	-0.00143728	-0.071741	0.29831	-0.0835	0.999863	0	0	-0.0165297	-0.00134366	0.0174204	0	0	0	0.0957077	-0.029555	0.0418513	-0.09142	0.999396	0	0	-0.0347576	0.0202173	0.0110537	0	0	0	-0.102052	-0.198974	1.32007	0	0.994778	0	0	0.102062	-0.687815	-0.214416	0	0	0	1.53949	0.3	0.0664221	0.3	0.13256	0.3	0.0986807	0.3	0.119195	0.3	0.0544063	0.3	0.0534002	0.3	0.0402274	0.3	0.0565523	0.3	0.0664221	0.3	0.13256	0.3	0.0986807	0.3	0.119195	0.3	0.0544063	0.3	0.0534002	0.3	0.0402274	0.3	0.0565523	0.3	0.0614134	0.3	0.0614134	0.3	0.3	0.680554	-0.531783	0.0130731	0.148802	-0.0531783	-0.051902	0.3	0.3	1.20182	0.0270394	0.0234139	0.329693	0.00270394	0.00298245	0.3	0.3	0.62894	-0.410085	0.0102199	0.108717	-0.0410085	-0.0643423	0.3	0.3	1.11815	0.387301	0.0245688	0.353357	0.0387301	0.0412863	0.3	0.3	0.809135	0.472153	0.022407	0.309623	0.0472153	0.0358365	0.3	0.3	0.547898	-0.0265552	0.00859846	0.0878293	-0.00265552	-0.00263693	0.3	0.3	1.04706	-0.0756416	0.0211741	0.285775	-0.00756416	-0.00385772	0.3	0.3	0.914259	-0.125244	0.0184225	0.235409	-0.0125244	-0.00551075	0.3	0.3	0.827998	0.100374	0.020996	0.282395	0.0100374	0.00685556	0.3	0.3	0.680554	-0.531783	0.0130731	0.148802	-0.0531783	-0.051902	0.3	0.3	1.20182	0.0270394	0.0234139	0.329693	0.00270394	0.00298245	0.3	0.3	0.62894	-0.410085	0.0102199	0.108717	-0.0410085	-0.0643423	0.3	0.3	1.11815	0.387301	0.0245688	0.353357	0.0387301	0.0412863	0.3	0.3	0.809135	0.472153	0.022407	0.309623	0.0472153	0.0358365	0.3	0.3	0.547898	-0.0265552	0.00859846	0.0878293	-0.00265552	-0.00263693	0.3	0.3	1.04706	-0.0756416	0.0211741	0.285775	-0.00756416	-0.00385772	0.3	0.3	0.914259	-0.125244	0.0184225	0.235409	-0.0125244	-0.00551075	0.3	0.3	0.827998	0.100374	0.020996	0.282395	0.0100374	0.00685556	0	0	0	0	0	0	0	0	0	0	0	0	0	0	0	0	0	0	-0.0571891	0.94042	0	-0.110577	-0.00159011	0	-0.0571891	0.94042	0	-0.110577	-0.00159011	0	0	0	0.226048	0	0	1.43391	-0.052465	0.708191	0.0835	-0.0190516	0.0187406	0	-0.052465	0.708191	0.0835	-0.0190516	0.0187406	0	0	0	-0.0586189	0	0	-0.00143728	-0.071741	0.29831	0.0835	-0.00134366	0.0174204	0	-0.071741	0.29831	0.0835	-0.00134366	0.0174204	0	0	0	-0.0330609	0	0	0.0957077	-0.029555	0.0418513	0.09142	0.0202173	0.0110537	0	-0.029555	0.0418513	0.09142	0.0202173	0.0110537	0	0	0	-0.0695293	0	0	-0.102052	-0.052465	0.708191	-0.0835	-0.0190516	0.0187406	0	-0.052465	0.708191	-0.0835	-0.0190516	0.0187406	0	0	0	-0.0586189	0	0	-0.00143728	-0.071741	0.29831	-0.0835	-0.00134366	0.0174204	0	-0.071741	0.29831	-0.0835	-0.00134366	0.0174204	0	0	0	-0.0330609	0	0	0.0957077	-0.029555	0.0418513	-0.09142	0.0202173	0.0110537	0	-0.029555	0.0418513	-0.09142	0.0202173	0.0110537	0	0	0	-0.0695293	0	0	-0.102052	-0.198974	1.32007	0	-0.687815	-0.214416	0	-0.198974	1.32007	0	-0.687815	-0.214416	0	0	0	0.204481	0	0	1.53949	2.59487	-0.0425054	0.877899	0.0835	-0.000131223	0.00189674	0	-0.000601331	-0.000926793	0	-0.0861791	0.00261253	0	0	0	-0.284667	0	0	-1.43535	1897.25	133.965	-1892.51	-0	0	0	0	0	3.1874	-0.0655697	0.484908	0.0835	0.000135578	0.00232893	0	0.000173315	-0.000748541	0	-0.853386	-0.0101938	0	0	0	0.0255593	0	0	0.097145	2330.47	-136.143	-2326.49	-0	16.5269	0	0	-16.5269	2.99295	-0.079831	0.0573315	0.0835	-4.77582e-05	0.00218868	0	-0.000132188	-0.000466224	0	-1.30311	0.158042	0	0	0	-0.0364617	0	0	-0.19776	2188.31	48.0138	-2187.78	-0	0	0	0	0	2.59487	-0.0425054	0.877899	-0.0835	-0.000131223	0.00189674	0	-0.000601331	-0.000926793	0	-0.0861791	0.00261253	0	0	0	-0.284667	0	0	-1.43535	1897.25	133.965	-1892.51	-0	0	0	0	0	3.1874	-0.0655697	0.484908	-0.0835	0.000135578	0.00232893	0	0.000173315	-0.000748541	0	-0.853386	-0.0101938	0	0	0	0.0255593	0	0	0.097145	2330.47	-136.143	-2326.49	-0	16.5269	0	0	-16.5269	2.99295	-0.079831	0.0573315	-0.0835	-4.77582e-05	0.00218868	0	-0.000132188	-0.000466224	0	-1.30311	0.158042	0	0	0	-0.0364617	0	0	-0.19776	2188.31	48.0138	-2187.78	-0	0	0	0	0	0.41053	-0.10462	1.01283	0	7.18459e-05	-0.000294659	0	5.45382e-06	0.000545904	0	0.00804174	0.000217468	0	0	0	-0.021562	0	0	0.105578	300.161	-71.8782	291.427	-0	0.507634	0	0	0.507634	0.0418513	-0.121661	0.962829	1.99931e-10	-0.337637	-0.0919636	0	-25.1645	-6.85417	0	-2.28258e-09	4.70807e-09	11.2276	-0.0631288	0.476344	0	-46.1568	348.281	0	31.8398	4.21966	18.6678	0.0541975	-0.00450885	-0.09142	-0.0631288	0.476344	0	-46.1568	348.281	0	-31.8398	-4.21966	18.6678	0.0541975	-0.00450885	0.09142
0.49	0.240568	1.46854	-0.0583425	-0.119658	0.940411	-0.000339865	-0.29913	-1.4563	0.0264993	0.0907539	-0.038554	-0.217008	-0.29913	-1.4563	0.0264993	0.0907539	-0.038554	-0.217008	0	1	0	0	0	0	1	0	0	0	0	0	0	0	0	0	-0.0583425	0.940411	0	0.992775	0	0	0.119994	-0.119658	-0.000339865	0	0	0	1.46854	-0.0526811	0.708394	0.0835	0.999571	0	0	-0.0292763	-0.0239385	0.021677	0	0	0	0.0122381	-0.0717575	0.298498	0.0835	0.999872	0	0	-0.0160302	-0.001937	0.0201063	0	0	0	0.102992	-0.0293492	0.041972	0.09142	0.999377	0	0	-0.0353005	0.0210108	0.0129341	0	0	0	-0.114016	-0.0526811	0.708394	-0.0835	0.999571	0	0	-0.0292763	-0.0239385	0.021677	0	0	0	0.0122381	-0.0717575	0.298498	-0.0835	0.999872	0	0	-0.0160302	-0.001937	0.0201063	0	0	0	0.102992	-0.0293492	0.041972	-0.09142	0.999377	0	0	-0.0353005	0.0210108	0.0129341	0	0	0	-0.114016	-0.205963	1.31786	0	0.993951	0	0	0.109826	-0.708929	-0.227847	0	0	0	1.58153	0.3	0.0659044	0.3	0.13259	0.3	0.0980338	0.3	0.119609	0.3	0.0543815	0.3	0.0533603	0.3	0.0401708	0.3	0.0566242	0.3	0.0659044	0.3	0.13259	0.3	0.0980338	0.3	0.119609	0.3	0.0543815	0.3	0.0533603	0.3	0.0401708	0.3	0.0566242	0.3	0.0617733	0.3	0.0617733	0.3	0.3	0.67525	-0.528908	0.0129073	0.146356	-0.0528908	-0.0516215	0.3	0.3	1.20209	0.0264289	0.0234144	0.3297	0.00264289	0.00291511	0.3	0.3	0.624817	-0.414596	0.0100107	0.105945	-0.0414596	-0.0650501	0.3	0.3	1.12203	0.38876	0.0246044	0.354099	0.038876	0.0414418	0.3	0.3	0.813877	0.476325	0.0225374	0.312192	0.0476325	0.0361531	0.3	0.3	0.547649	-0.0233148	0.00858842	0.0877046	-0.00233148	-0.00231516	0.3	0.3	1.04628	-0.0815063	0.0211265	0.28487	-0.00815063	-0.00415682	0.3	0.3	0.912972	-0.132783	0.018355	0.234224	-0.0132783	-0.00584245	0.3	0.3	0.829052	0.111016	0.0210931	0.284234	0.0111016	0.0075824	0.3	0.3	0.67525	-0.528908	0.0129073	0.146356	-0.0528908	-0.0516215	0.3	0.3	1.20209	0.0264289	0.0234144	0.3297	0.00264289	0.00291511	0.3	0.3	0.624817	-0.414596	0.0100107	0.105945	-0.0414596	-0.0650501	0.3	0.3	1.12203	0.38876	0.0246044	0.354099	0.038876	0.0414418	0.3	0.3	0.813877	0.476325	0.0225374	0.312192	0.0476325	0.0361531	0.3	0.3	0.547649	-0.0233148	0.00858842	0.0877046	-0.00233148	-0.00231516	0.3	0.3	1.04628	-0.0815063	0.0211265	0.28487	-0.00815063	-0.00415682	0.3	0.3	0.912972	-0.132783	0.018355	0.234224	-0.0132783	-0.00584245	0.3	0.3	0.829052	0.111016	0.0210931	0.284234	0.0111016	0.0075824	0	0	0	0	0	0	0	0	0	0	0	0	0	0	0	0	0	0	-0.0583425	0.940411	0	-0.119658	-0.000339865	0	-0.0583425	0.940411	0	-0.119658	-0.000339865	0	0	0	0.240569	0	0	1.46854	-0.0526811	0.708394	0.0835	-0.0239385	0.021677	0	-0.0526811	0.708394	0.0835	-0.0239385	0.021677	0	0	0	-0.0585611	0	0	0.0122381	-0.0717575	0.298498	0.0835	-0.001937	0.0201063	0	-0.0717575	0.298498	0.0835	-0.001937	0.0201063	0	0	0	-0.0320617	0	0	0.102992	-0.0293492	0.041972	0.09142	0.0210108	0.0129341	0	-0.0293492	0.041972	0.09142	0.0210108	0.0129341	0	0	0	-0.0706157	0	0	-0.114016	-0.0526811	0.708394	-0.0835	-0.0239385	0.021677	0	-0.0526811	0.708394	-0.0835	-0.0239385	0.021677	0	0	0	-0.0585611	0	0	0.0122381	-0.0717575	0.298498	-0.0835	-0.001937	0.0201063	0	-0.0717575	0.298498	-0.0835	-0.001937	0.0201063	0	0	0	-0.0320617	0	0	0.102992	-0.0293492	0.041972	-0.09142	0.0210108	0.0129341	0	-0.0293492	0.041972	-0.09142	0.0210108	0.0129341	0	0	0	-0.0706157	0	0	-0.114016	-0.205963	1.31786	0	-0.708929	-0.227847	0	-0.205963	1.31786	0	-0.708929	-0.227847	0	0	0	0.220095	0	0	1.58153	2.58261	-0.0427314	0.878102	0.0835	-0.000137568	0.00188756	0	-0.000632223	-0.000988914	0	-0.00148922	0.00475311	0	0	0	-0.299128	0	0	-1.4563	1888.28	140.45	-1883.05	-0	0	0	0	0	3.17635	-0.0657726	0.485102	0.0835	0.000135712	0.002321	0	2.17445e-05	-0.000792354	0	0.00553143	-0.0143813	0	0	0	0.0265117	0	0	0.0907539	2322.4	-135.783	-2318.42	-0	16.4261	0	0	-16.4261	2.9857	-0.0796084	0.0575069	0.0835	-5.15878e-05	0.00218362	0	-0.000326043	-0.000638649	0	-0.0378324	0.0523356	0	0	0	-0.038547	0	0	-0.217008	2183.01	52.2183	-2182.38	-0	0	0	0	0	2.58261	-0.0427314	0.878102	-0.0835	-0.000137568	0.00188756	0	-0.000632223	-0.000988914	0	-0.00148922	0.00475311	0	0	0	-0.299128	0	0	-1.4563	1888.28	140.45	-1883.05	-0	0	0	0	0	3.17635	-0.0657726	0.485102	-0.0835	0.000135712	0.002321	0	2.17445e-05	-0.000792354	0	0.00553143	-0.0143813	0	0	0	0.0265117	0	0	0.0907539	2322.4	-135.783	-2318.42	-0	16.4261	0	0	-16.4261	2.9857	-0.0796084	0.0575069	-0.0835	-5.15878e-05	0.00218362	0	-0.000326043	-0.000638649	0	-0.0378324	0.0523356	0	0	0	-0.038547	0	0	-0.217008	2183.01	52.2183	-2182.38	-0	0	0	0	0	0.40619	-0.106824	1.01213	0	7.26804e-05	-0.000291448	0	-5.30481e-06	0.000588462	0	0.000447989	0.0114211	0	0	0	-0.0204613	0	0	0.112993	296.987	-72.649	287.964	-0	0.203217	0	0	-0.203217	0.041972	-0.125102	0.961884	1.99931e-10	-0.350023	-0.0968724	0	-26.0877	-7.22003	0	-1.55961e-09	5.31826e-09	11.5682	-0.063643	0.473361	0	-46.5328	346.099	0	31.6404	4.25403	18.612	0.0543806	-0.00449395	-0.09142	-0.063643	0.473361	0	-46.5328	346.099	0	-31.6404	-4.25403	18.612	0.0543806	-0.00449395	0.09142
0.5	0.25544	1.50354	-0.0595879	-0.128868	0.940413	0.000588118	-0.313805	-1.47737	0.0273706	0.0843877	-0.0408244	-0.235831	-0.313805	-1.47737	0.0273706	0.0843877	-0.0408244	-0.235831	0	1	0	0	0	0	1	0	0	0	0	0	0	0	0	0	-0.0595879	0.940413	0	0.991855	0	0	0.127373	-0.128868	0.000588118	0	0	0	1.50354	-0.052947	0.708625	0.0835	0.999574	0	0	-0.0291787	-0.028935	0.0243965	0	0	0	0.0261663	-0.0717801	0.298712	0.0835	0.99988	0	0	-0.0154969	-0.00251718	0.0225183	0	0	0	0.110554	-0.0291346	0.0421109	0.09142	0.999355	0	0	-0.035902	0.0217953	0.0146955	0	0	0	-0.125277	-0.052947	0.708625	-0.0835	0.999574	0	0	-0.0291787	-0.028935	0.0243965	0	0	0	0.0261663	-0.0717801	0.298712	-0.0835	0.99988	0	0	-0.0154969	-0.00251718	0.0225183	0	0	0	0.110554	-0.0291346	0.0421109	-0.09142	0.999355	0	0	-0.035902	0.0217953	0.0146955	0	0	0	-0.125277	-0.213166	1.3155	0	0.993038	0	0	0.117796	-0.730245	-0.242368	0	0	0	1.62499	0.3	0.0653896	0.3	0.132619	0.3	0.0973798	0.3	0.120024	0.3	0.0543598	0.3	0.053317	0.3	0.0401106	0.3	0.0567037	0.3	0.0653896	0.3	0.132619	0.3	0.0973798	0.3	0.120024	0.3	0.0543598	0.3	0.053317	0.3	0.0401106	0.3	0.0567037	0.3	0.0621362	0.3	0.0621362	0.3	0.3	0.669976	-0.525714	0.0127389	0.143886	-0.0525714	-0.0513097	0.3	0.3	1.20235	0.025575	0.0234129	0.329669	0.0025575	0.00282092	0.3	0.3	0.620649	-0.419051	0.00979669	0.103133	-0.0419051	-0.065749	0.3	0.3	1.12593	0.390253	0.0246416	0.354871	0.0390253	0.041601	0.3	0.3	0.818659	0.480324	0.0226646	0.314709	0.0480324	0.0364566	0.3	0.3	0.54743	-0.0203053	0.00858011	0.0876007	-0.00203053	-0.00201632	0.3	0.3	1.04543	-0.0887921	0.021068	0.283759	-0.00887921	-0.00452839	0.3	0.3	0.911604	-0.141579	0.0182779	0.232874	-0.0141579	-0.00622948	0.3	0.3	0.830216	0.122667	0.0211983	0.286235	0.0122667	0.00837817	0.3	0.3	0.669976	-0.525714	0.0127389	0.143886	-0.0525714	-0.0513097	0.3	0.3	1.20235	0.025575	0.0234129	0.329669	0.0025575	0.00282092	0.3	0.3	0.620649	-0.419051	0.00979669	0.103133	-0.0419051	-0.065749	0.3	0.3	1.12593	0.390253	0.0246416	0.354871	0.0390253	0.041601	0.3	0.3	0.818659	0.480324	0.0226646	0.314709	0.0480324	0.0364566	0.3	0.3	0.54743	-0.0203053	0.00858011	0.0876007	-0.00203053	-0.00201632	0.3	0.3	1.04543	-0.0887921	0.021068	0.283759	-0.00887921	-0.00452839	0.3	0.3	0.911604	-0.141579	0.0182779	0.232874	-0.0141579	-0.00622948	0.3	0.3	0.830216	0.122667	0.0211983	0.286235	0.0122667	0.00837817	0	0	0	0	0	0	0	0	0	0	0	0	0	0	0	0	0	0	-0.0595879	0.940413	0	-0.128868	0.000588118	0	-0.0595879	0.940413	0	-0.128868	0.000588118	0	0	0	0.25544	0	0	1.50354	-0.052947	0.708625	0.0835	-0.028935	0.0243965	0	-0.052947	0.708625	0.0835	-0.028935	0.0243965	0	0	0	-0.0583656	0	0	0.0261663	-0.0717801	0.298712	0.0835	-0.00251718	0.0225183	0	-0.0717801	0.298712	0.0835	-0.00251718	0.0225183	0	0	0	-0.030995	0	0	0.110554	-0.0291346	0.0421109	0.09142	0.0217953	0.0146955	0	-0.0291346	0.0421109	0.09142	0.0217953	0.0146955	0	0	0	-0.0718194	0	0	-0.125277	-0.052947	0.708625	-0.0835	-0.028935	0.0243965	0	-0.052947	0.708625	-0.0835	-0.028935	0.0243965	0	0	0	-0.0583656	0	0	0.0261663	-0.0717801	0.298712	-0.0835	-0.00251718	0.0225183	0	-0.0717801	0.298712	-0.0835	-0.00251718	0.0225183	0	0	0	-0.030995	0	0	0.110554	-0.0291346	0.0421109	-0.09142	0.0217953	0.0146955	0	-0.0291346	0.0421109	-0.09142	0.0217953	0.0146955	0	0	0	-0.0718194	0	0	-0.125277	-0.213166	1.3155	0	-0.730245	-0.242368	0	-0.213166	1.3155	0	-0.730245	-0.242368	0	0	0	0.236141	0	0	1.62499	2.56977	-0.0430304	0.878336	0.0835	-0.000144117	0.00187788	0	-0.000666771	-0.00104354	0	0.00887245	-0.00279686	0	0	0	-0.313806	0	0	-1.47737	1878.9	147.157	-1873.12	-0	0	0	0	0	3.16424	-0.0659942	0.485323	0.0835	0.000135899	0.00231248	0	-0.000116261	-0.0008936	0	0.0745671	-0.0420154	0	0	0	0.0273701	0	0	0.0843877	2313.54	-135.52	-2309.57	-0	16.3123	0	0	-16.3123	2.97673	-0.0793751	0.0577062	0.0835	-5.51268e-05	0.00217706	0	-0.000618691	-0.00069526	0	0.163236	0.11759	0	0	0	-0.0408182	0	0	-0.235831	2176.44	56.3232	-2175.72	-0	0	0	0	0	2.56977	-0.0430304	0.878336	-0.0835	-0.000144117	0.00187788	0	-0.000666771	-0.00104354	0	0.00887245	-0.00279686	0	0	0	-0.313806	0	0	-1.47737	1878.9	147.157	-1873.12	-0	0	0	0	0	3.16424	-0.0659942	0.485323	-0.0835	0.000135899	0.00231248	0	-0.000116261	-0.0008936	0	0.0745671	-0.0420154	0	0	0	0.0273701	0	0	0.0843877	2313.54	-135.52	-2309.57	-0	16.3123	0	0	-16.3123	2.97673	-0.0793751	0.0577062	-0.0835	-5.51268e-05	0.00217706	0	-0.000618691	-0.00069526	0	0.163236	0.11759	0	0	0	-0.0408182	0	0	-0.235831	2176.44	56.3232	-2175.72	-0	0	0	0	0	0.400886	-0.109134	1.0114	0	7.35819e-05	-0.000287943	0	-5.27501e-05	0.000699088	0	-0.00753677	-0.00733384	0	0	0	-0.0192856	0	0	0.12145	293.109	-73.2696	283.804	-0	0.928161	0	0	-0.928161	0.0421109	-0.128669	0.960886	1.99931e-10	-0.362548	-0.102418	0	-27.0212	-7.63337	0	-1.07692e-09	4.76567e-09	11.9165	-0.0641392	0.469768	0	-46.8956	343.472	0	31.4002	4.2872	18.5334	0.0545699	-0.00447488	-0.09142	-0.0641392	0.469768	0	-46.8956	343.472	0	-31.4002	-4.2872	18.5334	0.0545699	-0.00447488	0.09142
0.51	0.270662	1.53892	-0.0609262	-0.13826	0.940422	0.0011656	-0.328692	-1.49871	0.0281736	0.0768333	-0.0432831	-0.254387	-0.328692	-1.49871	0.0281736	0.0768333	-0.0432831	-0.254387	0	1	0	0	0	0	1	0	0	0	0	0	0	0	0	0	-0.0609262	0.940422	0	0.990857	0	0	0.134918	-0.13826	0.0011656	0	0	0	1.53892	-0.0532634	0.708883	0.0835	0.999579	0	0	-0.0290107	-0.0340872	0.0268771	0	0	0	0.040207	-0.0718087	0.298949	0.0835	0.999889	0	0	-0.0149274	-0.00318603	0.0247303	0	0	0	0.11704	-0.0289114	0.0422659	0.09142	0.999331	0	0	-0.0365614	0.0227552	0.0162127	0	0	0	-0.137347	-0.0532634	0.708883	-0.0835	0.999579	0	0	-0.0290107	-0.0340872	0.0268771	0	0	0	0.040207	-0.0718087	0.298949	-0.0835	0.999889	0	0	-0.0149274	-0.00318603	0.0247303	0	0	0	0.11704	-0.0289114	0.0422659	-0.09142	0.999331	0	0	-0.0365614	0.0227552	0.0162127	0	0	0	-0.137347	-0.220582	1.313	0	0.992033	0	0	0.125978	-0.751711	-0.258168	0	0	0	1.66983	0.3	0.0648782	0.3	0.132647	0.3	0.096719	0.3	0.12044	0.3	0.0543409	0.3	0.0532698	0.3	0.0400463	0.3	0.0567913	0.3	0.0648782	0.3	0.132647	0.3	0.096719	0.3	0.12044	0.3	0.0543409	0.3	0.0532698	0.3	0.0400463	0.3	0.0567913	0.3	0.0625021	0.3	0.0625021	0.3	0.3	0.664736	-0.521937	0.0125691	0.141412	-0.0521937	-0.050941	0.3	0.3	1.2026	0.0248222	0.0234119	0.32965	0.00248222	0.00273789	0.3	0.3	0.616437	-0.42314	0.00957905	0.100297	-0.042314	-0.0663906	0.3	0.3	1.12983	0.391526	0.0246787	0.355646	0.0391526	0.0417367	0.3	0.3	0.823479	0.48379	0.022787	0.317137	0.048379	0.0367196	0.3	0.3	0.54724	-0.0175574	0.00857328	0.0875161	-0.00175574	-0.00174345	0.3	0.3	1.04451	-0.0973155	0.0209999	0.28247	-0.00973155	-0.00496309	0.3	0.3	0.910143	-0.151499	0.0181923	0.231375	-0.0151499	-0.00666596	0.3	0.3	0.831498	0.13452	0.021306	0.288287	0.013452	0.00918772	0.3	0.3	0.664736	-0.521937	0.0125691	0.141412	-0.0521937	-0.050941	0.3	0.3	1.2026	0.0248222	0.0234119	0.32965	0.00248222	0.00273789	0.3	0.3	0.616437	-0.42314	0.00957905	0.100297	-0.042314	-0.0663906	0.3	0.3	1.12983	0.391526	0.0246787	0.355646	0.0391526	0.0417367	0.3	0.3	0.823479	0.48379	0.022787	0.317137	0.048379	0.0367196	0.3	0.3	0.54724	-0.0175574	0.00857328	0.0875161	-0.00175574	-0.00174345	0.3	0.3	1.04451	-0.0973155	0.0209999	0.28247	-0.00973155	-0.00496309	0.3	0.3	0.910143	-0.151499	0.0181923	0.231375	-0.0151499	-0.00666596	0.3	0.3	0.831498	0.13452	0.021306	0.288287	0.013452	0.00918772	0	0	0	0	0	0	0	0	0	0	0	0	0	0	0	0	0	0	-0.0609262	0.940422	0	-0.13826	0.0011656	0	-0.0609262	0.940422	0	-0.13826	0.0011656	0	0	0	0.270662	0	0	1.53892	-0.0532634	0.708883	0.0835	-0.0340872	0.0268771	0	-0.0532634	0.708883	0.0835	-0.0340872	0.0268771	0	0	0	-0.0580295	0	0	0.040207	-0.0718087	0.298949	0.0835	-0.00318603	0.0247303	0	-0.0718087	0.298949	0.0835	-0.00318603	0.0247303	0	0	0	-0.0298559	0	0	0.11704	-0.0289114	0.0422659	0.09142	0.0227552	0.0162127	0	-0.0289114	0.0422659	0.09142	0.0227552	0.0162127	0	0	0	-0.073139	0	0	-0.137347	-0.0532634	0.708883	-0.0835	-0.0340872	0.0268771	0	-0.0532634	0.708883	-0.0835	-0.0340872	0.0268771	0	0	0	-0.0580295	0	0	0.040207	-0.0718087	0.298949	-0.0835	-0.00318603	0.0247303	0	-0.0718087	0.298949	-0.0835	-0.00318603	0.0247303	0	0	0	-0.0298559	0	0	0.11704	-0.0289114	0.0422659	-0.09142	0.0227552	0.0162127	0	-0.0289114	0.0422659	-0.09142	0.0227552	0.0162127	0	0	0	-0.073139	0	0	-0.137347	-0.220582	1.313	0	-0.751711	-0.258168	0	-0.220582	1.313	0	-0.751711	-0.258168	0	0	0	0.252627	0	0	1.66983	2.5562	-0.0434039	0.878596	0.0835	-0.0001509	0.00186759	0	-0.000670157	-0.00108962	0	-0.0564253	0.0184468	0	0	0	-0.328691	0	0	-1.49871	1868.98	153.956	-1862.62	-0	0	0	0	0	3.15128	-0.0662354	0.485566	0.0835	0.000135332	0.00230324	0	-1.19992e-05	-0.000967449	0	-0.554806	-0.0279532	0	0	0	0.0281686	0	0	0.0768333	2304.07	-135.293	-2300.09	-0	16.1403	0	0	-16.1403	2.96649	-0.0791312	0.0579275	0.0835	-5.96642e-05	0.00216961	0	-0.000370909	-0.000770064	0	-0.85497	0.0646901	0	0	0	-0.0432792	0	0	-0.254387	2168.96	60.3815	-2168.12	-0	0	0	0	0	2.5562	-0.0434039	0.878596	-0.0835	-0.0001509	0.00186759	0	-0.000670157	-0.00108962	0	-0.0564253	0.0184468	0	0	0	-0.328691	0	0	-1.49871	1868.98	153.956	-1862.62	-0	0	0	0	0	3.15128	-0.0662354	0.485566	-0.0835	0.000135332	0.00230324	0	-1.19992e-05	-0.000967449	0	-0.554806	-0.0279532	0	0	0	0.0281686	0	0	0.0768333	2304.07	-135.293	-2300.09	-0	16.1403	0	0	-16.1403	2.96649	-0.0791312	0.0579275	-0.0835	-5.96642e-05	0.00216961	0	-0.000370909	-0.000770064	0	-0.85497	0.0646901	0	0	0	-0.0432792	0	0	-0.254387	2168.96	60.3815	-2168.12	-0	0	0	0	0	0.394864	-0.111551	1.01065	0	7.4096e-05	-0.000283595	0	-7.49975e-05	0.000750244	0	-0.000945568	-0.00377759	0	0	0	-0.0180202	0	0	0.130913	288.706	-73.652	279.153	-0	1.63758	0	0	-1.63758	0.0422659	-0.132361	0.959829	1.99931e-10	-0.375213	-0.108695	0	-27.9652	-8.10119	0	-1.65074e-09	4.21411e-09	12.272	-0.0651084	0.465907	0	-47.6042	340.649	0	31.1422	4.35198	18.4438	0.0547653	-0.00445259	-0.09142	-0.0651084	0.465907	0	-47.6042	340.649	0	-31.1422	-4.35198	18.4438	0.0547653	-0.00445259	0.09142
0.52	0.286236	1.57443	-0.0623585	-0.147829	0.940436	0.00136361	-0.34379	-1.5202	0.0289082	0.0693622	-0.0459237	-0.271355	-0.34379	-1.5202	0.0289082	0.0693622	-0.0459237	-0.271355	0	1	0	0	0	0	1	0	0	0	0	0	0	0	0	0	-0.0623585	0.940436	0	0.989776	0	0	0.14263	-0.147829	0.00136361	0	0	0	1.57443	-0.0536321	0.709163	0.0835	0.999586	0	0	-0.0287726	-0.0394699	0.0291062	0	0	0	0.0542263	-0.0718446	0.299207	0.0835	0.999897	0	0	-0.014322	-0.00399607	0.0267244	0	0	0	0.123589	-0.0286796	0.0424351	0.09142	0.999305	0	0	-0.0372757	0.0237208	0.0175491	0	0	0	-0.147767	-0.0536321	0.709163	-0.0835	0.999586	0	0	-0.0287726	-0.0394699	0.0291062	0	0	0	0.0542263	-0.0718446	0.299207	-0.0835	0.999897	0	0	-0.014322	-0.00399607	0.0267244	0	0	0	0.123589	-0.0286796	0.0424351	-0.09142	0.999305	0	0	-0.0372757	0.0237208	0.0175491	0	0	0	-0.147767	-0.228211	1.31032	0	0.990931	0	0	0.134375	-0.773277	-0.275384	0	0	0	1.71619	0.3	0.0643708	0.3	0.132674	0.3	0.0960519	0.3	0.120858	0.3	0.054325	0.3	0.0532178	0.3	0.0399774	0.3	0.0568871	0.3	0.0643708	0.3	0.132674	0.3	0.0960519	0.3	0.120858	0.3	0.054325	0.3	0.0532178	0.3	0.0399774	0.3	0.0568871	0.3	0.0628704	0.3	0.0628704	0.3	0.3	0.659536	-0.517695	0.0123975	0.138927	-0.0517695	-0.050527	0.3	0.3	1.20284	0.0239251	0.0234097	0.329606	0.00239251	0.00263894	0.3	0.3	0.612185	-0.427518	0.00935527	0.0974066	-0.0427518	-0.0670775	0.3	0.3	1.13375	0.392389	0.024715	0.356405	0.0392389	0.0418287	0.3	0.3	0.828332	0.486751	0.0229046	0.319475	0.0486751	0.0369444	0.3	0.3	0.54708	-0.0146381	0.00856939	0.0874671	-0.00146381	-0.00145356	0.3	0.3	1.04349	-0.106927	0.0209235	0.281024	-0.0106927	-0.00545328	0.3	0.3	0.908577	-0.162233	0.0180999	0.229763	-0.0162233	-0.00713827	0.3	0.3	0.832901	0.14663	0.0214164	0.290398	0.014663	0.0100148	0.3	0.3	0.659536	-0.517695	0.0123975	0.138927	-0.0517695	-0.050527	0.3	0.3	1.20284	0.0239251	0.0234097	0.329606	0.00239251	0.00263894	0.3	0.3	0.612185	-0.427518	0.00935527	0.0974066	-0.0427518	-0.0670775	0.3	0.3	1.13375	0.392389	0.024715	0.356405	0.0392389	0.0418287	0.3	0.3	0.828332	0.486751	0.0229046	0.319475	0.0486751	0.0369444	0.3	0.3	0.54708	-0.0146381	0.00856939	0.0874671	-0.00146381	-0.00145356	0.3	0.3	1.04349	-0.106927	0.0209235	0.281024	-0.0106927	-0.00545328	0.3	0.3	0.908577	-0.162233	0.0180999	0.229763	-0.0162233	-0.00713827	0.3	0.3	0.832901	0.14663	0.0214164	0.290398	0.014663	0.0100148	0	0	0	0	0	0	0	0	0	0	0	0	0	0	0	0	0	0	-0.0623585	0.940436	0	-0.147829	0.00136361	0	-0.0623585	0.940436	0	-0.147829	0.00136361	0	0	0	0.286236	0	0	1.57443	-0.0536321	0.709163	0.0835	-0.0394699	0.0291062	0	-0.0536321	0.709163	0.0835	-0.0394699	0.0291062	0	0	0	-0.0575532	0	0	0.0542263	-0.0718446	0.299207	0.0835	-0.00399607	0.0267244	0	-0.0718446	0.299207	0.0835	-0.00399607	0.0267244	0	0	0	-0.028645	0	0	0.123589	-0.0286796	0.0424351	0.09142	0.0237208	0.0175491	0	-0.0286796	0.0424351	0.09142	0.0237208	0.0175491	0	0	0	-0.0745687	0	0	-0.147767	-0.0536321	0.709163	-0.0835	-0.0394699	0.0291062	0	-0.0536321	0.709163	-0.0835	-0.0394699	0.0291062	0	0	0	-0.0575532	0	0	0.0542263	-0.0718446	0.299207	-0.0835	-0.00399607	0.0267244	0	-0.0718446	0.299207	-0.0835	-0.00399607	0.0267244	0	0	0	-0.028645	0	0	0.123589	-0.0286796	0.0424351	-0.09142	0.0237208	0.0175491	0	-0.0286796	0.0424351	-0.09142	0.0237208	0.0175491	0	0	0	-0.0745687	0	0	-0.147767	-0.228211	1.31032	0	-0.773277	-0.275384	0	-0.228211	1.31032	0	-0.773277	-0.275384	0	0	0	0.269565	0	0	1.71619	2.54235	-0.0438534	0.878882	0.0835	-0.000157893	0.00185692	0	-0.00067975	-0.00111062	0	-0.206682	-0.00555706	0	0	0	-0.343789	0	0	-1.5202	1858.84	160.992	-1851.86	-0	0	0	0	0	3.13739	-0.0664973	0.485831	0.0835	0.000134662	0.00229323	0	0.000174424	-0.00101596	0	-2.19753	0.0860358	0	0	0	0.0288956	0	0	0.0693622	2293.91	-135.23	-2289.92	-0	15.958	0	0	-15.958	2.95498	-0.078877	0.0581685	0.0835	-6.40079e-05	0.00216132	0	-1.50055e-05	-0.000896577	0	-3.58633	0.122423	0	0	0	-0.0459202	0	0	-0.271355	2160.54	64.0369	-2159.59	-0	0	0	0	0	2.54235	-0.0438534	0.878882	-0.0835	-0.000157893	0.00185692	0	-0.00067975	-0.00111062	0	-0.206682	-0.00555706	0	0	0	-0.343789	0	0	-1.5202	1858.84	160.992	-1851.86	-0	0	0	0	0	3.13739	-0.0664973	0.485831	-0.0835	0.000134662	0.00229323	0	0.000174424	-0.00101596	0	-2.19753	0.0860358	0	0	0	0.0288956	0	0	0.0693622	2293.91	-135.23	-2289.92	-0	15.958	0	0	-15.958	2.95498	-0.078877	0.0581685	-0.0835	-6.40079e-05	0.00216132	0	-1.50055e-05	-0.000896577	0	-3.58633	0.122423	0	0	0	-0.0459202	0	0	-0.271355	2160.54	64.0369	-2159.59	-0	0	0	0	0	0.389072	-0.114074	1.00987	0	7.44089e-05	-0.000278633	0	-5.06341e-05	0.000673011	0	-0.00116313	0.0157832	0	0	0	-0.0166733	0	0	0.141766	284.472	-74.1092	274.649	-0	2.33028	0	0	-2.33028	0.0424351	-0.13618	0.958706	1.99931e-10	-0.388023	-0.115772	0	-28.9199	-8.62867	0	-1.885e-09	5.99155e-09	12.6341	-0.0663062	0.461698	0	-48.48	337.572	0	30.8608	4.43204	18.3405	0.0549667	-0.00442791	-0.09142	-0.0663062	0.461698	0	-48.48	337.572	0	-30.8608	-4.43204	18.3405	0.0549667	-0.00442791	0.09142
0.53	0.302169	1.60993	-0.0638879	-0.15749	0.940448	0.00104585	-0.359103	-1.54147	0.0295779	0.0640421	-0.0487391	-0.288684	-0.359103	-1.54147	0.0295779	0.0640421	-0.0487391	-0.288684	0	1	0	0	0	0	1	0	0	0	0	0	0	0	0	0	-0.0638879	0.940448	0	0.988608	0	0	0.15051	-0.15749	0.00104585	0	0	0	1.60993	-0.0540559	0.709464	0.0835	0.999595	0	0	-0.0284634	-0.0449994	0.0308774	0	0	0	0.0684612	-0.0718894	0.299483	0.0835	0.999906	0	0	-0.0136778	-0.00494149	0.0282245	0	0	0	0.132503	-0.0284398	0.0426164	0.09142	0.999276	0	0	-0.0380386	0.0243138	0.0186213	0	0	0	-0.15618	-0.0540559	0.709464	-0.0835	0.999595	0	0	-0.0284634	-0.0449994	0.0308774	0	0	0	0.0684612	-0.0718894	0.299483	-0.0835	0.999906	0	0	-0.0136778	-0.00494149	0.0282245	0	0	0	0.132503	-0.0284398	0.0426164	-0.09142	0.999276	0	0	-0.0380386	0.0243138	0.0186213	0	0	0	-0.15618	-0.236059	1.30747	0	0.989723	0	0	0.142998	-0.794982	-0.293878	0	0	0	1.76424	0.3	0.0638675	0.3	0.132699	0.3	0.0953781	0.3	0.121277	0.3	0.0543116	0.3	0.0531608	0.3	0.0399037	0.3	0.0569911	0.3	0.0638675	0.3	0.132699	0.3	0.0953781	0.3	0.121277	0.3	0.0543116	0.3	0.0531608	0.3	0.0399037	0.3	0.0569911	0.3	0.0632407	0.3	0.0632407	0.3	0.3	0.654381	-0.513086	0.0122237	0.136425	-0.0513086	-0.0500772	0.3	0.3	1.20308	0.0229397	0.0234068	0.329546	0.00229397	0.00253025	0.3	0.3	0.607891	-0.431502	0.00912746	0.094492	-0.0431502	-0.0677027	0.3	0.3	1.13768	0.392928	0.0247511	0.357156	0.0392928	0.0418861	0.3	0.3	0.83321	0.48897	0.023016	0.321697	0.048897	0.0371128	0.3	0.3	0.546945	-0.0119101	0.0085669	0.087436	-0.00119101	-0.00118267	0.3	0.3	1.04237	-0.117461	0.02084	0.27945	-0.0117461	-0.00599051	0.3	0.3	0.906903	-0.173372	0.0180036	0.228088	-0.0173372	-0.00762838	0.3	0.3	0.834423	0.158578	0.0215264	0.29251	0.0158578	0.0108309	0.3	0.3	0.654381	-0.513086	0.0122237	0.136425	-0.0513086	-0.0500772	0.3	0.3	1.20308	0.0229397	0.0234068	0.329546	0.00229397	0.00253025	0.3	0.3	0.607891	-0.431502	0.00912746	0.094492	-0.0431502	-0.0677027	0.3	0.3	1.13768	0.392928	0.0247511	0.357156	0.0392928	0.0418861	0.3	0.3	0.83321	0.48897	0.023016	0.321697	0.048897	0.0371128	0.3	0.3	0.546945	-0.0119101	0.0085669	0.087436	-0.00119101	-0.00118267	0.3	0.3	1.04237	-0.117461	0.02084	0.27945	-0.0117461	-0.00599051	0.3	0.3	0.906903	-0.173372	0.0180036	0.228088	-0.0173372	-0.00762838	0.3	0.3	0.834423	0.158578	0.0215264	0.29251	0.0158578	0.0108309	0	0	0	0	0	0	0	0	0	0	0	0	0	0	0	0	0	0	-0.0638879	0.940448	0	-0.15749	0.00104585	0	-0.0638879	0.940448	0	-0.15749	0.00104585	0	0	0	0.302169	0	0	1.60993	-0.0540559	0.709464	0.0835	-0.0449994	0.0308774	0	-0.0540559	0.709464	0.0835	-0.0449994	0.0308774	0	0	0	-0.0569344	0	0	0.0684612	-0.0718894	0.299483	0.0835	-0.00494149	0.0282245	0	-0.0718894	0.299483	0.0835	-0.00494149	0.0282245	0	0	0	-0.0273565	0	0	0.132503	-0.0284398	0.0426164	0.09142	0.0243138	0.0186213	0	-0.0284398	0.0426164	0.09142	0.0243138	0.0186213	0	0	0	-0.0760956	0	0	-0.15618	-0.0540559	0.709464	-0.0835	-0.0449994	0.0308774	0	-0.0540559	0.709464	-0.0835	-0.0449994	0.0308774	0	0	0	-0.0569344	0	0	0.0684612	-0.0718894	0.299483	-0.0835	-0.00494149	0.0282245	0	-0.0718894	0.299483	-0.0835	-0.00494149	0.0282245	0	0	0	-0.0273565	0	0	0.132503	-0.0284398	0.0426164	-0.09142	0.0243138	0.0186213	0	-0.0284398	0.0426164	-0.09142	0.0243138	0.0186213	0	0	0	-0.0760956	0	0	-0.15618	-0.236059	1.30747	0	-0.794982	-0.293878	0	-0.236059	1.30747	0	-0.794982	-0.293878	0	0	0	0.28698	0	0	1.76424	2.52801	-0.0443822	0.879189	0.0835	-0.000165202	0.00184602	0	-0.000724085	-0.00117485	0	-0.0056054	-0.0264427	0	0	0	-0.359103	0	0	-1.54147	1848.36	168.503	-1840.67	-0	0	0	0	0	3.12279	-0.0667825	0.486113	0.0835	0.000133552	0.00228292	0	-0.000118354	-0.0010958	0	-0.0921015	0.0537639	0	0	0	0.0295725	0	0	0.0640421	2283.24	-133.166	-2279.35	-0	15.8459	0	0	-15.8459	2.94278	-0.0786131	0.0584264	0.0835	-6.86795e-05	0.0021522	0	-0.000501441	-0.000885306	0	-0.162547	-0.103259	0	0	0	-0.0487414	0	0	-0.288684	2151.62	69.6491	-2150.49	-0	0	0	0	0	2.52801	-0.0443822	0.879189	-0.0835	-0.000165202	0.00184602	0	-0.000724085	-0.00117485	0	-0.0056054	-0.0264427	0	0	0	-0.359103	0	0	-1.54147	1848.36	168.503	-1840.67	-0	0	0	0	0	3.12279	-0.0667825	0.486113	-0.0835	0.000133552	0.00228292	0	-0.000118354	-0.0010958	0	-0.0921015	0.0537639	0	0	0	0.0295725	0	0	0.0640421	2283.24	-133.166	-2279.35	-0	15.8459	0	0	-15.8459	2.94278	-0.0786131	0.0584264	-0.0835	-6.86795e-05	0.0021522	0	-0.000501441	-0.000885306	0	-0.162547	-0.103259	0	0	0	-0.0487414	0	0	-0.288684	2151.62	69.6491	-2150.49	-0	0	0	0	0	0.383019	-0.116707	1.00905	0	7.51168e-05	-0.000274688	0	-0.000113368	0.000797004	0	-0.00409412	0.00171435	0	0	0	-0.0151761	0	0	0.154306	280.046	-74.4456	269.969	-0	2.98267	0	0	-2.98267	0.0426164	-0.140129	0.957507	1.99931e-10	-0.400975	-0.123691	0	-29.8852	-9.21883	0	-8.47434e-10	4.5103e-09	13.0026	-0.0663423	0.457251	0	-48.5064	334.32	0	30.5636	4.43445	18.2323	0.0551739	-0.00440109	-0.09142	-0.0663423	0.457251	0	-48.5064	334.32	0	-30.5636	-4.43445	18.2323	0.0551739	-0.00440109	0.09142
0.54	0.318452	1.64411	-0.0655152	-0.167368	0.940455	0.000270889	-0.374624	-1.56143	0.0301823	0.0555443	-0.0517107	-0.302406	-0.374624	-1.56143	0.0301823	0.0555443	-0.0517107	-0.302406	0	1	0	0	0	0	1	0	0	0	0	0	0	0	0	0	-0.0655152	0.940455	0	0.98735	0	0	0.158554	-0.167368	0.000270889	0	0	0	1.64411	-0.0545366	0.709781	0.0835	0.999606	0	0	-0.0280826	-0.050821	0.0322912	0	0	0	0.0826791	-0.0719442	0.299772	0.0835	0.999916	0	0	-0.0129947	-0.00598883	0.0294624	0	0	0	0.138223	-0.0281923	0.0428067	0.09142	0.999245	0	0	-0.0388407	0.0253796	0.0193653	0	0	0	-0.164183	-0.0545366	0.709781	-0.0835	0.999606	0	0	-0.0280826	-0.050821	0.0322912	0	0	0	0.0826791	-0.0719442	0.299772	-0.0835	0.999916	0	0	-0.0129947	-0.00598883	0.0294624	0	0	0	0.138223	-0.0281923	0.0428067	-0.09142	0.999245	0	0	-0.0388407	0.0253796	0.0193653	0	0	0	-0.164183	-0.244125	1.30443	0	0.988403	0	0	0.151854	-0.816742	-0.313841	0	0	0	1.81413	0.3	0.0633692	0.3	0.132724	0.3	0.0946986	0.3	0.121696	0.3	0.0543008	0.3	0.0530983	0.3	0.0398251	0.3	0.0571031	0.3	0.0633692	0.3	0.132724	0.3	0.0946986	0.3	0.121696	0.3	0.0543008	0.3	0.0530983	0.3	0.0398251	0.3	0.0571031	0.3	0.0636124	0.3	0.0636124	0.3	0.3	0.649275	-0.507472	0.0120507	0.13395	-0.0507472	-0.0495292	0.3	0.3	1.2033	0.0219142	0.0234033	0.329476	0.00219142	0.00241714	0.3	0.3	0.60356	-0.434794	0.00889674	0.0915684	-0.0434794	-0.0682192	0.3	0.3	1.14161	0.393297	0.0247876	0.357919	0.0393297	0.0419255	0.3	0.3	0.838108	0.4905	0.0231213	0.323804	0.04905	0.037229	0.3	0.3	0.546836	-0.00962448	0.00856502	0.0874137	-0.000962448	-0.000955711	0.3	0.3	1.04114	-0.12861	0.0207519	0.277791	-0.012861	-0.00655912	0.3	0.3	0.905116	-0.184696	0.0179047	0.226374	-0.0184696	-0.00812662	0.3	0.3	0.836063	0.169999	0.0216339	0.294576	0.0169999	0.0116109	0.3	0.3	0.649275	-0.507472	0.0120507	0.13395	-0.0507472	-0.0495292	0.3	0.3	1.2033	0.0219142	0.0234033	0.329476	0.00219142	0.00241714	0.3	0.3	0.60356	-0.434794	0.00889674	0.0915684	-0.0434794	-0.0682192	0.3	0.3	1.14161	0.393297	0.0247876	0.357919	0.0393297	0.0419255	0.3	0.3	0.838108	0.4905	0.0231213	0.323804	0.04905	0.037229	0.3	0.3	0.546836	-0.00962448	0.00856502	0.0874137	-0.000962448	-0.000955711	0.3	0.3	1.04114	-0.12861	0.0207519	0.277791	-0.012861	-0.00655912	0.3	0.3	0.905116	-0.184696	0.0179047	0.226374	-0.0184696	-0.00812662	0.3	0.3	0.836063	0.169999	0.0216339	0.294576	0.0169999	0.0116109	0	0	0	0	0	0	0	0	0	0	0	0	0	0	0	0	0	0	-0.0655152	0.940455	0	-0.167368	0.000270889	0	-0.0655152	0.940455	0	-0.167368	0.000270889	0	0	0	0.318452	0	0	1.64411	-0.0545366	0.709781	0.0835	-0.050821	0.0322912	0	-0.0545366	0.709781	0.0835	-0.050821	0.0322912	0	0	0	-0.0561726	0	0	0.0826791	-0.0719442	0.299772	0.0835	-0.00598883	0.0294624	0	-0.0719442	0.299772	0.0835	-0.00598883	0.0294624	0	0	0	-0.0259902	0	0	0.138223	-0.0281923	0.0428067	0.09142	0.0253796	0.0193653	0	-0.0281923	0.0428067	0.09142	0.0253796	0.0193653	0	0	0	-0.0777009	0	0	-0.164183	-0.0545366	0.709781	-0.0835	-0.050821	0.0322912	0	-0.0545366	0.709781	-0.0835	-0.050821	0.0322912	0	0	0	-0.0561726	0	0	0.0826791	-0.0719442	0.299772	-0.0835	-0.00598883	0.0294624	0	-0.0719442	0.299772	-0.0835	-0.00598883	0.0294624	0	0	0	-0.0259902	0	0	0.138223	-0.0281923	0.0428067	-0.09142	0.0253796	0.0193653	0	-0.0281923	0.0428067	-0.09142	0.0253796	0.0193653	0	0	0	-0.0777009	0	0	-0.164183	-0.244125	1.30443	0	-0.816742	-0.313841	0	-0.244125	1.30443	0	-0.816742	-0.313841	0	0	0	0.304887	0	0	1.81413	2.5131	-0.0449922	0.879513	0.0835	-0.000172667	0.00183457	0	-0.000697456	-0.00121655	0	-0.379281	0.0188748	0	0	0	-0.374624	0	0	-1.56143	1837.46	175.847	-1829.02	-0	0	0	0	0	3.10812	-0.0670924	0.486409	0.0835	0.000132464	0.00227219	0	0.000378504	-0.00110912	0	-4.21215	0.105888	0	0	0	0.0301791	0	0	0.0555443	2272.51	-133.696	-2268.58	-0	15.6003	0	0	-15.6003	2.92959	-0.0783401	0.0586972	0.0835	-7.31722e-05	0.00214267	0	0.00035901	-0.000989733	0	-6.50285	0.456107	0	0	0	-0.0517132	0	0	-0.302406	2141.98	72.4779	-2140.75	-0	0	0	0	0	2.5131	-0.0449922	0.879513	-0.0835	-0.000172667	0.00183457	0	-0.000697456	-0.00121655	0	-0.379281	0.0188748	0	0	0	-0.374624	0	0	-1.56143	1837.46	175.847	-1829.02	-0	0	0	0	0	3.10812	-0.0670924	0.486409	-0.0835	0.000132464	0.00227219	0	0.000378504	-0.00110912	0	-4.21215	0.105888	0	0	0	0.0301791	0	0	0.0555443	2272.51	-133.696	-2268.58	-0	15.6003	0	0	-15.6003	2.92959	-0.0783401	0.0586972	-0.0835	-7.31722e-05	0.00214267	0	0.00035901	-0.000989733	0	-6.50285	0.456107	0	0	0	-0.0517132	0	0	-0.302406	2141.98	72.4779	-2140.75	-0	0	0	0	0	0.376308	-0.119449	1.00819	0	7.55042e-05	-0.000269931	0	-0.000147879	0.000862516	0	-0.0107549	0.038834	0	0	0	-0.0135669	0	0	0.17002	275.139	-74.6287	264.824	-0	3.6256	0	0	-3.6256	0.0428067	-0.144208	0.956224	1.99931e-10	-0.414053	-0.132482	0	-30.8599	-9.87409	0	-3.07956e-09	6.5219e-09	13.3786	-0.068236	0.452832	0	-49.891	331.09	0	30.2682	4.56103	18.1199	0.0553869	-0.00437295	-0.09142	-0.068236	0.452832	0	-49.891	331.09	0	-30.2682	-4.56103	18.1199	0.0553869	-0.00437295	0.09142
0.55	0.335067	1.67661	-0.0672416	-0.177389	0.940451	-0.000907726	-0.390333	-1.57913	0.0307263	0.0515499	-0.054837	-0.319628	-0.390333	-1.57913	0.0307263	0.0515499	-0.054837	-0.319628	0	1	0	0	0	0	1	0	0	0	0	0	0	0	0	0	-0.0672416	0.940451	0	0.985999	0	0	0.166751	-0.177389	-0.000907726	0	0	0	1.67661	-0.0550766	0.71011	0.0835	0.999618	0	0	-0.0276294	-0.056942	0.0333721	0	0	0	0.0974724	-0.0720108	0.300072	0.0835	0.999925	0	0	-0.0122694	-0.00730026	0.0303767	0	0	0	0.149022	-0.0279379	0.0430037	0.09142	0.999213	0	0	-0.0396778	0.0258074	0.0199787	0	0	0	-0.170606	-0.0550766	0.71011	-0.0835	0.999618	0	0	-0.0276294	-0.056942	0.0333721	0	0	0	0.0974724	-0.0720108	0.300072	-0.0835	0.999925	0	0	-0.0122694	-0.00730026	0.0303767	0	0	0	0.149022	-0.0279379	0.0430037	-0.09142	0.999213	0	0	-0.0396778	0.0258074	0.0199787	0	0	0	-0.170606	-0.252407	1.30118	0	0.986963	0	0	0.160948	-0.83853	-0.33532	0	0	0	1.86627	0.3	0.0628769	0.3	0.132748	0.3	0.0940145	0.3	0.122115	0.3	0.0542923	0.3	0.0530299	0.3	0.0397415	0.3	0.0572227	0.3	0.0628769	0.3	0.132748	0.3	0.0940145	0.3	0.122115	0.3	0.0542923	0.3	0.0530299	0.3	0.0397415	0.3	0.0572227	0.3	0.063985	0.3	0.063985	0.3	0.3	0.64423	-0.500953	0.0118784	0.1315	-0.0500953	-0.048893	0.3	0.3	1.20352	0.0208655	0.0233996	0.329399	0.00208655	0.00230146	0.3	0.3	0.5992	-0.437292	0.00866345	0.0886413	-0.0437292	-0.0686111	0.3	0.3	1.14554	0.392921	0.0248215	0.358629	0.0392921	0.0418854	0.3	0.3	0.843017	0.49098	0.0232186	0.325755	0.049098	0.0372654	0.3	0.3	0.54675	-0.00744624	0.00856487	0.0874108	-0.000744624	-0.000739412	0.3	0.3	1.0398	-0.140333	0.0206596	0.276057	-0.0140333	-0.007157	0.3	0.3	0.903215	-0.196052	0.0178044	0.224639	-0.0196052	-0.00862631	0.3	0.3	0.837814	0.180731	0.0217374	0.296574	0.0180731	0.0123439	0.3	0.3	0.64423	-0.500953	0.0118784	0.1315	-0.0500953	-0.048893	0.3	0.3	1.20352	0.0208655	0.0233996	0.329399	0.00208655	0.00230146	0.3	0.3	0.5992	-0.437292	0.00866345	0.0886413	-0.0437292	-0.0686111	0.3	0.3	1.14554	0.392921	0.0248215	0.358629	0.0392921	0.0418854	0.3	0.3	0.843017	0.49098	0.0232186	0.325755	0.049098	0.0372654	0.3	0.3	0.54675	-0.00744624	0.00856487	0.0874108	-0.000744624	-0.000739412	0.3	0.3	1.0398	-0.140333	0.0206596	0.276057	-0.0140333	-0.007157	0.3	0.3	0.903215	-0.196052	0.0178044	0.224639	-0.0196052	-0.00862631	0.3	0.3	0.837814	0.180731	0.0217374	0.296574	0.0180731	0.0123439	0	0	0	0	0	0	0	0	0	0	0	0	0	0	0	0	0	0	-0.0672416	0.940451	0	-0.177389	-0.000907726	0	-0.0672416	0.940451	0	-0.177389	-0.000907726	0	0	0	0.335067	0	0	1.67661	-0.0550766	0.71011	0.0835	-0.056942	0.0333721	0	-0.0550766	0.71011	0.0835	-0.056942	0.0333721	0	0	0	-0.0552657	0	0	0.0974724	-0.0720108	0.300072	0.0835	-0.00730026	0.0303767	0	-0.0720108	0.300072	0.0835	-0.00730026	0.0303767	0	0	0	-0.0245395	0	0	0.149022	-0.0279379	0.0430037	0.09142	0.0258074	0.0199787	0	-0.0279379	0.0430037	0.09142	0.0258074	0.0199787	0	0	0	-0.0793764	0	0	-0.170606	-0.0550766	0.71011	-0.0835	-0.056942	0.0333721	0	-0.0550766	0.71011	-0.0835	-0.056942	0.0333721	0	0	0	-0.0552657	0	0	0.0974724	-0.0720108	0.300072	-0.0835	-0.00730026	0.0303767	0	-0.0720108	0.300072	-0.0835	-0.00730026	0.0303767	0	0	0	-0.0245395	0	0	0.149022	-0.0279379	0.0430037	-0.09142	0.0258074	0.0199787	0	-0.0279379	0.0430037	-0.09142	0.0258074	0.0199787	0	0	0	-0.0793764	0	0	-0.170606	-0.252407	1.30118	0	-0.83853	-0.33532	0	-0.252407	1.30118	0	-0.83853	-0.33532	0	0	0	0.323301	0	0	1.86627	2.49801	-0.0456862	0.87985	0.0835	-0.000180367	0.00182284	0	-0.000758864	-0.00124736	0	-7.7486e-06	-0.00180516	0	0	0	-0.390333	0	0	-1.57913	1826.42	183.827	-1817.15	-0	0	0	0	0	3.09291	-0.0674298	0.486716	0.0835	0.000130512	0.00226122	0	-0.000167426	-0.00109589	0	0.0798857	0.00226305	0	0	0	0.0307194	0	0	0.0515499	2261.39	-129.967	-2257.65	-0	15.5178	0	0	-15.5178	2.91664	-0.078059	0.0589783	0.0835	-7.83578e-05	0.00213289	0	-0.000413241	-0.000957374	0	0.0448196	0.00744329	0	0	0	-0.0548372	0	0	-0.319628	2132.51	79.1569	-2131.04	-0	0	0	0	0	2.49801	-0.0456862	0.87985	-0.0835	-0.000180367	0.00182284	0	-0.000758864	-0.00124736	0	-7.7486e-06	-0.00180516	0	0	0	-0.390333	0	0	-1.57913	1826.42	183.827	-1817.15	-0	0	0	0	0	3.09291	-0.0674298	0.486716	-0.0835	0.000130512	0.00226122	0	-0.000167426	-0.00109589	0	0.0798857	0.00226305	0	0	0	0.0307194	0	0	0.0515499	2261.39	-129.967	-2257.65	-0	15.5178	0	0	-15.5178	2.91664	-0.078059	0.0589783	-0.0835	-7.83578e-05	0.00213289	0	-0.000413241	-0.000957374	0	0.0448196	0.00744329	0	0	0	-0.0548372	0	0	-0.319628	2132.51	79.1569	-2131.04	-0	0	0	0	0	0.369251	-0.122298	1.00729	0	7.54744e-05	-0.000264466	0	-0.00015679	0.000841655	0	0.00405741	-0.0190949	0	0	0	-0.0117796	0	0	0.189667	269.979	-74.5461	259.483	-0	4.18805	0	0	-4.18805	0.0430037	-0.148419	0.954849	1.99931e-10	-0.427289	-0.142153	0	-31.8464	-10.5949	0	-3.92507e-09	2.71291e-09	13.7606	-0.0679246	0.448358	0	-49.6633	327.818	0	29.9691	4.54022	18.0126	0.0556051	-0.00434446	-0.09142	-0.0679246	0.448358	0	-49.6633	327.818	0	-29.9691	-4.54022	18.0126	0.0556051	-0.00434446	0.09142
0.56	0.35199	1.70509	-0.0690695	-0.187481	0.940434	-0.00251881	-0.406204	-1.59294	0.0312124	0.047514	-0.0581029	-0.333116	-0.406204	-1.59294	0.0312124	0.047514	-0.0581029	-0.333116	0	1	0	0	0	0	1	0	0	0	0	0	0	0	0	0	-0.0690695	0.940434	0	0.984553	0	0	0.175088	-0.187481	-0.00251881	0	0	0	1.70509	-0.0556805	0.710447	0.0835	0.999633	0	0	-0.0271036	-0.0634539	0.0340484	0	0	0	0.112146	-0.072092	0.300379	0.0835	0.999934	0	0	-0.0115004	-0.00888913	0.0308935	0	0	0	0.15966	-0.027677	0.0432053	0.09142	0.999178	0	0	-0.040541	0.0261602	0.0202805	0	0	0	-0.173456	-0.0556805	0.710447	-0.0835	0.999633	0	0	-0.0271036	-0.0634539	0.0340484	0	0	0	0.112146	-0.072092	0.300379	-0.0835	0.999934	0	0	-0.0115004	-0.00888913	0.0308935	0	0	0	0.15966	-0.027677	0.0432053	-0.09142	0.999178	0	0	-0.040541	0.0261602	0.0202805	0	0	0	-0.173456	-0.260909	1.29771	0	0.985393	0	0	0.170294	-0.860346	-0.358207	0	0	0	1.92141	0.3	0.0623914	0.3	0.13277	0.3	0.093327	0.3	0.122533	0.3	0.0542857	0.3	0.0529554	0.3	0.0396529	0.3	0.0573494	0.3	0.0623914	0.3	0.13277	0.3	0.093327	0.3	0.122533	0.3	0.0542857	0.3	0.0529554	0.3	0.0396529	0.3	0.0573494	0.3	0.0643574	0.3	0.0643574	0.3	0.3	0.639256	-0.493134	0.0117087	0.129102	-0.0493134	-0.0481299	0.3	0.3	1.20372	0.0195361	0.0233934	0.329277	0.00195361	0.00215483	0.3	0.3	0.594818	-0.438705	0.00842896	0.0857249	-0.0438705	-0.0688328	0.3	0.3	1.14947	0.391522	0.0248516	0.359258	0.0391522	0.0417363	0.3	0.3	0.847923	0.489978	0.0233055	0.327505	0.0489978	0.0371893	0.3	0.3	0.546684	-0.00563254	0.00856503	0.0874137	-0.000563254	-0.000559312	0.3	0.3	1.03834	-0.152464	0.0205641	0.27427	-0.0152464	-0.00777566	0.3	0.3	0.901202	-0.207367	0.017703	0.22289	-0.0207367	-0.00912415	0.3	0.3	0.839669	0.19094	0.0218384	0.298525	0.019094	0.0130412	0.3	0.3	0.639256	-0.493134	0.0117087	0.129102	-0.0493134	-0.0481299	0.3	0.3	1.20372	0.0195361	0.0233934	0.329277	0.00195361	0.00215483	0.3	0.3	0.594818	-0.438705	0.00842896	0.0857249	-0.0438705	-0.0688328	0.3	0.3	1.14947	0.391522	0.0248516	0.359258	0.0391522	0.0417363	0.3	0.3	0.847923	0.489978	0.0233055	0.327505	0.0489978	0.0371893	0.3	0.3	0.546684	-0.00563254	0.00856503	0.0874137	-0.000563254	-0.000559312	0.3	0.3	1.03834	-0.152464	0.0205641	0.27427	-0.0152464	-0.00777566	0.3	0.3	0.901202	-0.207367	0.017703	0.22289	-0.0207367	-0.00912415	0.3	0.3	0.839669	0.19094	0.0218384	0.298525	0.019094	0.0130412	0	0	0	0	0	0	0	0	0	0	0	0	0	0	0	0	0	0	-0.0690695	0.940434	0	-0.187481	-0.00251881	0	-0.0690695	0.940434	0	-0.187481	-0.00251881	0	0	0	0.35199	0	0	1.70509	-0.0556805	0.710447	0.0835	-0.0634539	0.0340484	0	-0.0556805	0.710447	0.0835	-0.0634539	0.0340484	0	0	0	-0.0542137	0	0	0.112146	-0.072092	0.300379	0.0835	-0.00888913	0.0308935	0	-0.072092	0.300379	0.0835	-0.00888913	0.0308935	0	0	0	-0.0230013	0	0	0.15966	-0.027677	0.0432053	0.09142	0.0261602	0.0202805	0	-0.027677	0.0432053	0.09142	0.0261602	0.0202805	0	0	0	-0.0811042	0	0	-0.173456	-0.0556805	0.710447	-0.0835	-0.0634539	0.0340484	0	-0.0556805	0.710447	-0.0835	-0.0634539	0.0340484	0	0	0	-0.0542137	0	0	0.112146	-0.072092	0.300379	-0.0835	-0.00888913	0.0308935	0	-0.072092	0.300379	-0.0835	-0.00888913	0.0308935	0	0	0	-0.0230013	0	0	0.15966	-0.027677	0.0432053	-0.09142	0.0261602	0.0202805	0	-0.027677	0.0432053	-0.09142	0.0261602	0.0202805	0	0	0	-0.0811042	0	0	-0.173456	-0.260909	1.29771	0	-0.860346	-0.358207	0	-0.260909	1.29771	0	-0.860346	-0.358207	0	0	0	0.342256	0	0	1.92141	2.48295	-0.0464687	0.880198	0.0835	-0.000188284	0.00181097	0	-0.00080578	-0.0012572	0	0.18609	-0.00997989	0	0	0	-0.406204	0	0	-1.59294	1815.41	191.957	-1805.24	-0	0	0	0	0	3.0777	-0.0677981	0.48703	0.0835	0.000128739	0.00225025	0	-0.000543609	-0.00109591	0	2.11152	-0.082151	0	0	0	0.0312045	0	0	0.047514	2250.27	-126.968	-2246.69	-0	15.4248	0	0	-15.4248	2.90322	-0.0777705	0.0592664	0.0835	-8.27387e-05	0.002123	0	-0.000999743	-0.00103058	0	2.95272	-0.243424	0	0	0	-0.0581014	0	0	-0.333116	2122.69	84.6719	-2121.01	-0	0	0	0	0	2.48295	-0.0464687	0.880198	-0.0835	-0.000188284	0.00181097	0	-0.00080578	-0.0012572	0	0.18609	-0.00997989	0	0	0	-0.406204	0	0	-1.59294	1815.41	191.957	-1805.24	-0	0	0	0	0	3.0777	-0.0677981	0.48703	-0.0835	0.000128739	0.00225025	0	-0.000543609	-0.00109591	0	2.11152	-0.082151	0	0	0	0.0312045	0	0	0.047514	2250.27	-126.968	-2246.69	-0	15.4248	0	0	-15.4248	2.90322	-0.0777705	0.0592664	-0.0835	-8.27387e-05	0.002123	0	-0.000999743	-0.00103058	0	2.95272	-0.243424	0	0	0	-0.0581014	0	0	-0.333116	2122.69	84.6719	-2121.01	-0	0	0	0	0	0.363235	-0.125253	1.00633	0	7.59065e-05	-0.000260141	0	-0.000211179	0.000890061	0	-0.00643682	-0.0384289	0	0	0	-0.00974119	0	0	0.216321	265.58	-74.6563	254.871	-0	4.636	0	0	-4.636	0.0432053	-0.152763	0.953372	1.99931e-10	-0.440676	-0.152691	0	-32.8442	-11.3803	0	-1.75342e-09	6.82036e-09	14.1493	-0.0679498	0.44388	0	-49.6817	324.544	0	29.6698	4.5419	17.9043	0.0558283	-0.00431585	-0.09142	-0.0679498	0.44388	0	-49.6817	324.544	0	-29.6698	-4.5419	17.9043	0.0558283	-0.00431585	0.09142
0.57	0.369149	1.72369	-0.0709984	-0.197649	0.940399	-0.00446089	-0.422161	-1.59607	0.0316422	0.0408553	-0.061484	-0.345654	-0.422161	-1.59607	0.0316422	0.0408553	-0.061484	-0.345654	0	1	0	0	0	0	1	0	0	0	0	0	0	0	0	0	-0.0709984	0.940399	0	0.983014	0	0	0.183528	-0.197649	-0.00446089	0	0	0	1.72369	-0.0563521	0.710789	0.0835	0.999649	0	0	-0.0265026	-0.0705077	0.0342397	0	0	0	0.127624	-0.0721896	0.300689	0.0835	0.999943	0	0	-0.0106844	-0.0105976	0.0309448	0	0	0	0.16848	-0.0274105	0.0434085	0.09142	0.999142	0	0	-0.0414148	0.0268914	0.0203999	0	0	0	-0.177175	-0.0563521	0.710789	-0.0835	0.999649	0	0	-0.0265026	-0.0705077	0.0342397	0	0	0	0.127624	-0.0721896	0.300689	-0.0835	0.999943	0	0	-0.0106844	-0.0105976	0.0309448	0	0	0	0.16848	-0.0274105	0.0434085	-0.09142	0.999142	0	0	-0.0414148	0.0268914	0.0203999	0	0	0	-0.177175	-0.269628	1.294	0	0.983684	0	0	0.179906	-0.882118	-0.382498	0	0	0	1.98104	0.3	0.0619146	0.3	0.132791	0.3	0.0926394	0.3	0.122949	0.3	0.054281	0.3	0.0528748	0.3	0.0395595	0.3	0.0574827	0.3	0.0619146	0.3	0.132791	0.3	0.0926394	0.3	0.122949	0.3	0.054281	0.3	0.0528748	0.3	0.0395595	0.3	0.0574827	0.3	0.0647284	0.3	0.0647284	0.3	0.3	0.634371	-0.48303	0.0115464	0.126824	-0.048303	-0.0471437	0.3	0.3	1.20391	0.0183684	0.0233883	0.329173	0.00183684	0.00202603	0.3	0.3	0.590436	-0.437197	0.00819955	0.0829014	-0.0437197	-0.0685962	0.3	0.3	1.15337	0.388068	0.0248723	0.359693	0.0388068	0.0413681	0.3	0.3	0.852812	0.48689	0.0233791	0.328988	0.048689	0.036955	0.3	0.3	0.546637	-0.00388119	0.0085666	0.087433	-0.000388119	-0.000385402	0.3	0.3	1.03676	-0.16453	0.0204694	0.2725	-0.016453	-0.00839102	0.3	0.3	0.899079	-0.217859	0.0176056	0.221216	-0.0217859	-0.00958579	0.3	0.3	0.841621	0.200124	0.021933	0.300363	0.0200124	0.0136684	0.3	0.3	0.634371	-0.48303	0.0115464	0.126824	-0.048303	-0.0471437	0.3	0.3	1.20391	0.0183684	0.0233883	0.329173	0.00183684	0.00202603	0.3	0.3	0.590436	-0.437197	0.00819955	0.0829014	-0.0437197	-0.0685962	0.3	0.3	1.15337	0.388068	0.0248723	0.359693	0.0388068	0.0413681	0.3	0.3	0.852812	0.48689	0.0233791	0.328988	0.048689	0.036955	0.3	0.3	0.546637	-0.00388119	0.0085666	0.087433	-0.000388119	-0.000385402	0.3	0.3	1.03676	-0.16453	0.0204694	0.2725	-0.016453	-0.00839102	0.3	0.3	0.899079	-0.217859	0.0176056	0.221216	-0.0217859	-0.00958579	0.3	0.3	0.841621	0.200124	0.021933	0.300363	0.0200124	0.0136684	0	0	0	0	0	0	0	0	0	0	0	0	0	0	0	0	0	0	-0.0709984	0.940399	0	-0.197649	-0.00446089	0	-0.0709984	0.940399	0	-0.197649	-0.00446089	0	0	0	0.369149	0	0	1.72369	-0.0563521	0.710789	0.0835	-0.0705077	0.0342397	0	-0.0563521	0.710789	0.0835	-0.0705077	0.0342397	0	0	0	-0.0530114	0	0	0.127624	-0.0721896	0.300689	0.0835	-0.0105976	0.0309448	0	-0.0721896	0.300689	0.0835	-0.0105976	0.0309448	0	0	0	-0.0213692	0	0	0.16848	-0.0274105	0.0434085	0.09142	0.0268914	0.0203999	0	-0.0274105	0.0434085	0.09142	0.0268914	0.0203999	0	0	0	-0.0828532	0	0	-0.177175	-0.0563521	0.710789	-0.0835	-0.0705077	0.0342397	0	-0.0563521	0.710789	-0.0835	-0.0705077	0.0342397	0	0	0	-0.0530114	0	0	0.127624	-0.0721896	0.300689	-0.0835	-0.0105976	0.0309448	0	-0.0721896	0.300689	-0.0835	-0.0105976	0.0309448	0	0	0	-0.0213692	0	0	0.16848	-0.0274105	0.0434085	-0.09142	0.0268914	0.0203999	0	-0.0274105	0.0434085	-0.09142	0.0268914	0.0203999	0	0	0	-0.0828532	0	0	-0.177175	-0.269628	1.294	0	-0.882118	-0.382498	0	-0.269628	1.294	0	-0.882118	-0.382498	0	0	0	0.361781	0	0	1.98104	2.46775	-0.0473444	0.880551	0.0835	-0.000196297	0.00179894	0	-0.000784948	-0.00126051	0	0.020388	-0.0214299	0	0	0	-0.422161	0	0	-1.59607	1804.3	199.876	-1793.2	-0	0	0	0	0	3.06271	-0.0682003	0.487346	0.0835	0.000126749	0.00223935	0	-0.000340454	-0.00109455	0	0.138392	0.0326905	0	0	0	0.031637	0	0	0.0408553	2239.31	-125.641	-2235.78	-0	15.2208	0	0	-15.2208	2.89012	-0.0774758	0.0595573	0.0835	-8.74698e-05	0.00211281	0	-0.000631504	-0.000798678	0	0.160349	-0.167532	0	0	0	-0.0614832	0	0	-0.345654	2113.12	88.691	-2111.26	-0	0	0	0	0	2.46775	-0.0473444	0.880551	-0.0835	-0.000196297	0.00179894	0	-0.000784948	-0.00126051	0	0.020388	-0.0214299	0	0	0	-0.422161	0	0	-1.59607	1804.3	199.876	-1793.2	-0	0	0	0	0	3.06271	-0.0682003	0.487346	-0.0835	0.000126749	0.00223935	0	-0.000340454	-0.00109455	0	0.138392	0.0326905	0	0	0	0.031637	0	0	0.0408553	2239.31	-125.641	-2235.78	-0	15.2208	0	0	-15.2208	2.89012	-0.0774758	0.0595573	-0.0835	-8.74698e-05	0.00211281	0	-0.000631504	-0.000798678	0	0.160349	-0.167532	0	0	0	-0.0614832	0	0	-0.345654	2113.12	88.691	-2111.26	-0	0	0	0	0	0.357783	-0.128308	1.00533	0	7.59959e-05	-0.000255715	0	-0.000247419	0.000838324	0	-0.00969356	-0.00885022	0	0	0	-0.00737289	0	0	0.257348	261.594	-74.5311	250.752	-0	4.87304	0	0	-4.87304	0.0434085	-0.157241	0.951785	1.99931e-10	-0.45419	-0.164099	0	-33.8514	-12.2306	0	-3.08385e-09	4.87392e-09	14.5472	-0.0692344	0.4396	0	-50.621	321.415	0	29.3838	4.62777	17.8004	0.0560565	-0.00428724	-0.09142	-0.0692344	0.4396	0	-50.621	321.415	0	-29.3838	-4.62777	17.8004	0.0560565	-0.00428724	0.09142
0.58	0.386384	1.71631	-0.0730268	-0.20747	0.940343	-0.00658697	-0.438034	-1.572	0.0320155	0.0340603	-0.0649756	-0.352604	-0.438034	-1.572	0.0320155	0.0340603	-0.0649756	-0.352604	0	1	0	0	0	0	1	0	0	0	0	0	0	0	0	0	-0.0730268	0.940343	0	0.981396	0	0	0.191993	-0.20747	-0.00658697	0	0	0	1.71631	-0.0570981	0.71113	0.0835	0.999667	0	0	-0.0258219	-0.0785945	0.0337047	0	0	0	0.144304	-0.0723073	0.300996	0.0835	0.999952	0	0	-0.00981689	-0.0129411	0.0303493	0	0	0	0.178365	-0.0271399	0.0436094	0.09142	0.999105	0	0	-0.0422922	0.0272122	0.0198484	0	0	0	-0.174239	-0.0570981	0.71113	-0.0835	0.999667	0	0	-0.0258219	-0.0785945	0.0337047	0	0	0	0.144304	-0.0723073	0.300996	-0.0835	0.999952	0	0	-0.00981689	-0.0129411	0.0303493	0	0	0	0.178365	-0.0271399	0.0436094	-0.09142	0.999105	0	0	-0.0422922	0.0272122	0.0198484	0	0	0	-0.174239	-0.278562	1.29004	0	0.981821	0	0	0.189812	-0.903702	-0.407916	0	0	0	2.04982	0.3	0.0614494	0.3	0.132811	0.3	0.0919586	0.3	0.12336	0.3	0.0542779	0.3	0.0527879	0.3	0.0394614	0.3	0.057622	0.3	0.0614494	0.3	0.132811	0.3	0.0919586	0.3	0.12336	0.3	0.0542779	0.3	0.0527879	0.3	0.0394614	0.3	0.057622	0.3	0.0650959	0.3	0.0650959	0.3	0.3	0.629604	-0.468744	0.0114009	0.124792	-0.0468744	-0.0457494	0.3	0.3	1.20409	0.0169916	0.0233813	0.329034	0.00169916	0.00187418	0.3	0.3	0.586097	-0.428693	0.00798985	0.0803442	-0.0428693	-0.0672619	0.3	0.3	1.15722	0.380878	0.0248748	0.359745	0.0380878	0.0406016	0.3	0.3	0.857654	0.480367	0.0234321	0.330059	0.0480367	0.0364599	0.3	0.3	0.546605	-0.00228851	0.00856892	0.0874627	-0.000228851	-0.000227249	0.3	0.3	1.03506	-0.176839	0.020373	0.270704	-0.0176839	-0.00901881	0.3	0.3	0.89685	-0.228079	0.0175085	0.219554	-0.0228079	-0.0100355	0.3	0.3	0.84366	0.207979	0.0220197	0.302048	0.0207979	0.014205	0.3	0.3	0.629604	-0.468744	0.0114009	0.124792	-0.0468744	-0.0457494	0.3	0.3	1.20409	0.0169916	0.0233813	0.329034	0.00169916	0.00187418	0.3	0.3	0.586097	-0.428693	0.00798985	0.0803442	-0.0428693	-0.0672619	0.3	0.3	1.15722	0.380878	0.0248748	0.359745	0.0380878	0.0406016	0.3	0.3	0.857654	0.480367	0.0234321	0.330059	0.0480367	0.0364599	0.3	0.3	0.546605	-0.00228851	0.00856892	0.0874627	-0.000228851	-0.000227249	0.3	0.3	1.03506	-0.176839	0.020373	0.270704	-0.0176839	-0.00901881	0.3	0.3	0.89685	-0.228079	0.0175085	0.219554	-0.0228079	-0.0100355	0.3	0.3	0.84366	0.207979	0.0220197	0.302048	0.0207979	0.014205	0	0	0	0	0	0	0	0	0	0	0	0	0	0	0	0	0	0	-0.0730268	0.940343	0	-0.20747	-0.00658697	0	-0.0730268	0.940343	0	-0.20747	-0.00658697	0	0	0	0.386384	0	0	1.71631	-0.0570981	0.71113	0.0835	-0.0785945	0.0337047	0	-0.0570981	0.71113	0.0835	-0.0785945	0.0337047	0	0	0	-0.0516496	0	0	0.144304	-0.0723073	0.300996	0.0835	-0.0129411	0.0303493	0	-0.0723073	0.300996	0.0835	-0.0129411	0.0303493	0	0	0	-0.0196341	0	0	0.178365	-0.0271399	0.0436094	0.09142	0.0272122	0.0198484	0	-0.0271399	0.0436094	0.09142	0.0272122	0.0198484	0	0	0	-0.0846097	0	0	-0.174239	-0.0570981	0.71113	-0.0835	-0.0785945	0.0337047	0	-0.0570981	0.71113	-0.0835	-0.0785945	0.0337047	0	0	0	-0.0516496	0	0	0.144304	-0.0723073	0.300996	-0.0835	-0.0129411	0.0303493	0	-0.0723073	0.300996	-0.0835	-0.0129411	0.0303493	0	0	0	-0.0196341	0	0	0.178365	-0.0271399	0.0436094	-0.09142	0.0272122	0.0198484	0	-0.0271399	0.0436094	-0.09142	0.0272122	0.0198484	0	0	0	-0.0846097	0	0	-0.174239	-0.278562	1.29004	0	-0.903702	-0.407916	0	-0.278562	1.29004	0	-0.903702	-0.407916	0	0	0	0.381941	0	0	2.04982	2.45287	-0.0483215	0.880903	0.0835	-0.00020396	0.00178686	0	-0.000708297	-0.00119374	0	0.00385499	0.00500367	0	0	0	-0.438033	0	0	-1.572	1793.42	207.189	-1781.42	-0	0	0	0	0	3.04837	-0.0686419	0.48766	0.0835	0.000123821	0.00222874	0	-0.000210226	-0.00101796	0	-0.138013	0.0813354	0	0	0	0.0320042	0	0	0.0340603	2228.83	-123.137	-2225.42	-0	15.0025	0	0	-15.0025	2.87711	-0.0771767	0.0598461	0.0835	-9.27374e-05	0.00210333	0	-0.000405442	-0.000930468	0	-0.168586	-0.313224	0	0	0	-0.0649755	0	0	-0.352604	2103.61	93.5214	-2101.53	-0	0	0	0	0	2.45287	-0.0483215	0.880903	-0.0835	-0.00020396	0.00178686	0	-0.000708297	-0.00119374	0	0.00385499	0.00500367	0	0	0	-0.438033	0	0	-1.572	1793.42	207.189	-1781.42	-0	0	0	0	0	3.04837	-0.0686419	0.48766	-0.0835	0.000123821	0.00222874	0	-0.000210226	-0.00101796	0	-0.138013	0.0813354	0	0	0	0.0320042	0	0	0.0340603	2228.83	-123.137	-2225.42	-0	15.0025	0	0	-15.0025	2.87711	-0.0771767	0.0598461	-0.0835	-9.27374e-05	0.00210333	0	-0.000405442	-0.000930468	0	-0.168586	-0.313224	0	0	0	-0.0649755	0	0	-0.352604	2103.61	93.5214	-2101.53	-0	0	0	0	0	0.352976	-0.131453	1.00428	0	7.4923e-05	-0.000251211	0	-0.00031352	0.000623494	0	-0.00380141	-0.055311	0	0	0	-0.00436732	0	0	0.333509	258.079	-73.0669	247.52	-0	4.46603	0	0	-4.46603	0.0436094	-0.161855	0.950081	1.99931e-10	-0.467898	-0.176323	0	-34.8731	-13.1416	0	-3.25783e-09	3.62468e-09	14.951	-0.070187	0.435624	0	-51.3175	318.508	0	29.118	4.69144	17.7097	0.0562884	-0.00426006	-0.09142	-0.070187	0.435624	0	-51.3175	318.508	0	-29.118	-4.69144	17.7097	0.0562884	-0.00426006	0.09142
0.59	0.403122	1.60184	-0.0751471	-0.215611	0.940266	-0.00859292	-0.453211	-1.43238	0.0323064	0.0241899	-0.0685119	-0.355008	-0.453211	-1.43238	0.0323064	0.0241899	-0.0685119	-0.355008	0	1	0	0	0	0	1	0	0	0	0	0	0	0	0	0	-0.0751471	0.940266	0	0.979755	0	0	0.200199	-0.215611	-0.00859292	0	0	0	1.60184	-0.0579378	0.711455	0.0835	0.999686	0	0	-0.0250421	-0.0896903	0.0308311	0	0	0	0.169457	-0.0724522	0.301288	0.0835	0.99996	0	0	-0.00889141	-0.0161307	0.0275966	0	0	0	0.193646	-0.026867	0.0438001	0.09142	0.999069	0	0	-0.0431341	0.0269864	0.0179682	0	0	0	-0.161361	-0.0579378	0.711455	-0.0835	0.999686	0	0	-0.0250421	-0.0896903	0.0308311	0	0	0	0.169457	-0.0724522	0.301288	-0.0835	0.99996	0	0	-0.00889141	-0.0161307	0.0275966	0	0	0	0.193646	-0.026867	0.0438001	-0.09142	0.999069	0	0	-0.0431341	0.0269864	0.0179682	0	0	0	-0.161361	-0.28771	1.28583	0	0.979777	0	0	0.200093	-0.924494	-0.433157	0	0	0	2.14698	0.3	0.0610019	0.3	0.132828	0.3	0.0913049	0.3	0.123757	0.3	0.0542762	0.3	0.0526947	0.3	0.0393592	0.3	0.0577661	0.3	0.0610019	0.3	0.132828	0.3	0.0913049	0.3	0.123757	0.3	0.0542762	0.3	0.0526947	0.3	0.0393592	0.3	0.0577661	0.3	0.0654555	0.3	0.0654555	0.3	0.3	0.62502	-0.443531	0.0113031	0.123434	-0.0443531	-0.0432887	0.3	0.3	1.20425	0.0138113	0.0233607	0.328615	0.00138113	0.00152338	0.3	0.3	0.581931	-0.393062	0.0078678	0.078866	-0.0393062	-0.0616715	0.3	0.3	1.16095	0.358436	0.0247979	0.358136	0.0358436	0.0382093	0.3	0.3	0.862391	0.462975	0.0234272	0.329958	0.0462975	0.0351398	0.3	0.3	0.546588	-0.00113391	0.00857109	0.0874894	-0.000113391	-0.000112598	0.3	0.3	1.03323	-0.189095	0.0202772	0.268923	-0.0189095	-0.00964383	0.3	0.3	0.894527	-0.236685	0.0174207	0.218053	-0.0236685	-0.0104141	0.3	0.3	0.84577	0.21362	0.0220925	0.303465	0.021362	0.0145902	0.3	0.3	0.62502	-0.443531	0.0113031	0.123434	-0.0443531	-0.0432887	0.3	0.3	1.20425	0.0138113	0.0233607	0.328615	0.00138113	0.00152338	0.3	0.3	0.581931	-0.393062	0.0078678	0.078866	-0.0393062	-0.0616715	0.3	0.3	1.16095	0.358436	0.0247979	0.358136	0.0358436	0.0382093	0.3	0.3	0.862391	0.462975	0.0234272	0.329958	0.0462975	0.0351398	0.3	0.3	0.546588	-0.00113391	0.00857109	0.0874894	-0.000113391	-0.000112598	0.3	0.3	1.03323	-0.189095	0.0202772	0.268923	-0.0189095	-0.00964383	0.3	0.3	0.894527	-0.236685	0.0174207	0.218053	-0.0236685	-0.0104141	0.3	0.3	0.84577	0.21362	0.0220925	0.303465	0.021362	0.0145902	0	0	0	0	0	0	0	0	0	0	0	0	0	0	0	0	0	0	-0.0751471	0.940266	0	-0.215611	-0.00859292	0	-0.0751471	0.940266	0	-0.215611	-0.00859292	0	0	0	0.403122	0	0	1.60184	-0.0579378	0.711455	0.0835	-0.0896903	0.0308311	0	-0.0579378	0.711455	0.0835	-0.0896903	0.0308311	0	0	0	-0.0500895	0	0	0.169457	-0.0724522	0.301288	0.0835	-0.0161307	0.0275966	0	-0.0724522	0.301288	0.0835	-0.0161307	0.0275966	0	0	0	-0.017783	0	0	0.193646	-0.026867	0.0438001	0.09142	0.0269864	0.0179682	0	-0.026867	0.0438001	0.09142	0.0269864	0.0179682	0	0	0	-0.0862949	0	0	-0.161361	-0.0579378	0.711455	-0.0835	-0.0896903	0.0308311	0	-0.0579378	0.711455	-0.0835	-0.0896903	0.0308311	0	0	0	-0.0500895	0	0	0.169457	-0.0724522	0.301288	-0.0835	-0.0161307	0.0275966	0	-0.0724522	0.301288	-0.0835	-0.0161307	0.0275966	0	0	0	-0.017783	0	0	0.193646	-0.026867	0.0438001	-0.09142	0.0269864	0.0179682	0	-0.026867	0.0438001	-0.09142	0.0269864	0.0179682	0	0	0	-0.0862949	0	0	-0.161361	-0.28771	1.28583	0	-0.924494	-0.433157	0	-0.28771	1.28583	0	-0.924494	-0.433157	0	0	0	0.402906	0	0	2.14698	2.44361	-0.0494261	0.881242	0.0835	-0.000209473	0.00177725	0	-0.000245281	-0.000670161	0	0.483005	0.148204	0	0	0	-0.453211	0	0	-1.43238	1786.65	210.591	-1774.2	-0	0	0	0	0	3.03732	-0.0691323	0.487959	0.0835	0.000120915	0.0022198	0	-0.000837613	-0.000674151	0	3.33971	0.0965725	0	0	0	0.0323008	0	0	0.0241899	2220.75	-118.188	-2217.6	-0	14.6516	0	0	-14.6516	2.86581	-0.0768764	0.0601211	0.0835	-9.78112e-05	0.00209433	0	-0.00135601	-0.000720946	0	5.25577	-0.645503	0	0	0	-0.068509	0	0	-0.355008	2095.34	100.433	-2092.93	-0	0	0	0	0	2.44361	-0.0494261	0.881242	-0.0835	-0.000209473	0.00177725	0	-0.000245281	-0.000670161	0	0.483005	0.148204	0	0	0	-0.453211	0	0	-1.43238	1786.65	210.591	-1774.2	-0	0	0	0	0	3.03732	-0.0691323	0.487959	-0.0835	0.000120915	0.0022198	0	-0.000837613	-0.000674151	0	3.33971	0.0965725	0	0	0	0.0323008	0	0	0.0241899	2220.75	-118.188	-2217.6	-0	14.6516	0	0	-14.6516	2.86581	-0.0768764	0.0601211	-0.0835	-9.78112e-05	0.00209433	0	-0.00135601	-0.000720946	0	5.25577	-0.645503	0	0	0	-0.068509	0	0	-0.355008	2095.34	100.433	-2092.93	-0	0	0	0	0	0.361938	-0.134642	1.00321	0	7.21067e-05	-0.000252999	0	-0.000883073	-0.000513881	0	-0.195476	-0.347891	0	0	0	0	0	0	0.545141	264.632	-66.8786	256.042	-0	0.423704	0	0	-0.423704	0.0438001	-0.166606	0.94825	1.99931e-10	-0.481829	-0.189288	0	-35.9114	-14.1079	0	-4.0381e-10	5.86247e-09	15.3598	-0.0709762	0.432308	0	-51.8945	316.083	0	28.8963	4.74419	17.6465	0.0565239	-0.00423503	-0.09142	-0.0709762	0.432308	0	-51.8945	316.083	0	-28.8963	-4.74419	17.6465	0.0565239	-0.00423503	0.09142
0.6	0.419604	1.79082	-0.0773451	-0.22588	0.940171	-0.0109556	-0.468043	-1.63787	0.0326495	0.0522619	-0.0720138	-0.364184	-0.468043	-1.63787	0.0326495	0.0522619	-0.0720138	-0.364184	0	1	0	0	0	0	1	0	0	0	0	0	0	0	0	0	-0.0773451	0.940171	0	0.978072	0	0	0.208266	-0.22588	-0.0109556	0	0	0	1.79082	-0.0588739	0.711758	0.0835	0.999707	0	0	-0.0242168	-0.0934324	0.033161	0	0	0	0.152951	-0.0726452	0.301554	0.0835	0.999969	0	0	-0.00789436	-0.0211453	0.0293759	0	0	0	0.205213	-0.0266013	0.0439727	0.09142	0.999037	0	0	-0.0438872	0.0258978	0.0196506	0	0	0	-0.158971	-0.0588739	0.711758	-0.0835	0.999707	0	0	-0.0242168	-0.0934324	0.033161	0	0	0	0.152951	-0.0726452	0.301554	-0.0835	0.999969	0	0	-0.00789436	-0.0211453	0.0293759	0	0	0	0.205213	-0.0266013	0.0439727	-0.09142	0.999037	0	0	-0.0438872	0.0258978	0.0196506	0	0	0	-0.158971	-0.297071	1.28135	0	0.977532	0	0	0.210789	-0.948146	-0.463737	0	0	0	2.18948	0.3	0.0605878	0.3	0.132844	0.3	0.0906917	0.3	0.124132	0.3	0.0542758	0.3	0.0525959	0.3	0.0392539	0.3	0.057913	0.3	0.0605878	0.3	0.132844	0.3	0.0906917	0.3	0.124132	0.3	0.0542758	0.3	0.0525959	0.3	0.0392539	0.3	0.057913	0.3	0.0658007	0.3	0.0658007	0.3	0.3	0.620776	-0.411882	0.0112405	0.122567	-0.0411882	-0.0401997	0.3	0.3	1.20439	0.0187444	0.0234	0.329409	0.00187444	0.00206751	0.3	0.3	0.578023	-0.42302	0.00755368	0.0750981	-0.042302	-0.0663719	0.3	0.3	1.16447	0.362843	0.0248599	0.359433	0.0362843	0.0386791	0.3	0.3	0.866939	0.455019	0.0234612	0.330647	0.0455019	0.034536	0.3	0.3	0.546585	-0.000972026	0.00857142	0.0874924	-9.72026e-05	-9.65221e-05	0.3	0.3	1.03129	-0.197305	0.0202114	0.267705	-0.0197305	-0.0100626	0.3	0.3	0.892133	-0.242031	0.0173527	0.216896	-0.0242031	-0.0106494	0.3	0.3	0.847921	0.217632	0.0221547	0.304679	0.0217632	0.0148643	0.3	0.3	0.620776	-0.411882	0.0112405	0.122567	-0.0411882	-0.0401997	0.3	0.3	1.20439	0.0187444	0.0234	0.329409	0.00187444	0.00206751	0.3	0.3	0.578023	-0.42302	0.00755368	0.0750981	-0.042302	-0.0663719	0.3	0.3	1.16447	0.362843	0.0248599	0.359433	0.0362843	0.0386791	0.3	0.3	0.866939	0.455019	0.0234612	0.330647	0.0455019	0.034536	0.3	0.3	0.546585	-0.000972026	0.00857142	0.0874924	-9.72026e-05	-9.65221e-05	0.3	0.3	1.03129	-0.197305	0.0202114	0.267705	-0.0197305	-0.0100626	0.3	0.3	0.892133	-0.242031	0.0173527	0.216896	-0.0242031	-0.0106494	0.3	0.3	0.847921	0.217632	0.0221547	0.304679	0.0217632	0.0148643	0	0	0	0	0	0	0	0	0	0	0	0	0	0	0	0	0	0	-0.0773451	0.940171	0	-0.22588	-0.0109556	0	-0.0773451	0.940171	0	-0.22588	-0.0109556	0	0	0	0.419604	0	0	1.79082	-0.0588739	0.711758	0.0835	-0.0934324	0.033161	0	-0.0588739	0.711758	0.0835	-0.0934324	0.033161	0	0	0	-0.0484384	0	0	0.152951	-0.0726452	0.301554	0.0835	-0.0211453	0.0293759	0	-0.0726452	0.301554	0.0835	-0.0211453	0.0293759	0	0	0	-0.0157889	0	0	0.205213	-0.0266013	0.0439727	0.09142	0.0258978	0.0196506	0	-0.0266013	0.0439727	0.09142	0.0258978	0.0196506	0	0	0	-0.0878027	0	0	-0.158971	-0.0588739	0.711758	-0.0835	-0.0934324	0.033161	0	-0.0588739	0.711758	-0.0835	-0.0934324	0.033161	0	0	0	-0.0484384	0	0	0.152951	-0.0726452	0.301554	-0.0835	-0.0211453	0.0293759	0	-0.0726452	0.301554	-0.0835	-0.0211453	0.0293759	0	0	0	-0.0157889	0	0	0.205213	-0.0266013	0.0439727	-0.09142	0.0258978	0.0196506	0	-0.0266013	0.0439727	-0.09142	0.0258978	0.0196506	0	0	0	-0.0878027	0	0	-0.158971	-0.297071	1.28135	0	-0.948146	-0.463737	0	-0.297071	1.28135	0	-0.948146	-0.463737	0	0	0	0.424763	0	0	2.18948	2.40111	-0.0506426	0.881558	0.0835	-0.000226542	0.00175291	0	-0.00162783	-0.00284959	0	0.381581	0.330995	0	0	0	-0.468043	0	0	-1.63787	1755.58	233.964	-1739.92	-0	0	0	0	0	3.01696	-0.0696975	0.48823	0.0835	0.000119187	0.00220764	0	-0.00054786	-0.00150652	0	1.5788	0.0578078	0	0	0	0.0326459	0	0	0.0522619	2205.86	-117.403	-2202.73	-0	15.7988	0	0	-15.7988	2.85229	-0.0765861	0.060369	0.0835	-9.96366e-05	0.00208497	0	-0.000272458	-0.000990808	0	2.48019	-0.115017	0	0	0	-0.072015	0	0	-0.364184	2085.46	100.163	-2083.05	-0	0	0	0	0	2.40111	-0.0506426	0.881558	-0.0835	-0.000226542	0.00175291	0	-0.00162783	-0.00284959	0	0.381581	0.330995	0	0	0	-0.468043	0	0	-1.63787	1755.58	233.964	-1739.92	-0	0	0	0	0	3.01696	-0.0696975	0.48823	-0.0835	0.000119187	0.00220764	0	-0.00054786	-0.00150652	0	1.5788	0.0578078	0	0	0	0.0326459	0	0	0.0522619	2205.86	-117.403	-2202.73	-0	15.7988	0	0	-15.7988	2.85229	-0.0765861	0.060369	-0.0835	-9.96366e-05	0.00208497	0	-0.000272458	-0.000990808	0	2.48019	-0.115017	0	0	0	-0.072015	0	0	-0.364184	2085.46	100.163	-2083.05	-0	0	0	0	0	0.300854	-0.137863	1.00215	0	8.26418e-05	-0.000228386	0	0.000442445	0.00432603	0	-0.331437	-0.425648	0	0	0	0.00516748	0	0	0.398663	219.971	-85.2613	202.775	-0	11.8606	0	0	-11.8606	0.0439727	-0.171498	0.946288	1.99931e-10	-0.495786	-0.202894	0	-36.9516	-15.122	0	-3.17427e-09	3.2304e-09	15.7903	-0.0665979	0.427504	0	-48.6932	312.571	0	28.5752	4.45153	17.5352	0.0567559	-0.00421154	-0.09142	-0.0665979	0.427504	0	-48.6932	312.571	0	-28.5752	-4.45153	17.5352	0.0567559	-0.00421154	0.09142
0.61	0.438898	2.02205	-0.0796998	-0.24363	0.940046	-0.0138737	-0.48573	-1.84944	0.0331092	0.0353821	-0.076021	-0.42691	-0.48573	-1.84944	0.0331092	0.0353821	-0.076021	-0.42691	0	1	0	0	0	0	1	0	0	0	0	0	0	0	0	0	-0.0796998	0.940046	0	0.976018	0	0	0.217692	-0.24363	-0.0138737	0	0	0	2.02205	-0.0598047	0.712138	0.0835	0.999726	0	0	-0.0234135	-0.0938959	0.0409923	0	0	0	0.172608	-0.0728316	0.301898	0.0835	0.999976	0	0	-0.00686098	-0.0164424	0.0373577	0	0	0	0.20799	-0.0263222	0.0442021	0.09142	0.998993	0	0	-0.0448565	0.0297842	0.0246726	0	0	0	-0.21892	-0.0598047	0.712138	-0.0835	0.999726	0	0	-0.0234135	-0.0938959	0.0409923	0	0	0	0.172608	-0.0728316	0.301898	-0.0835	0.999976	0	0	-0.00686098	-0.0164424	0.0373577	0	0	0	0.20799	-0.0263222	0.0442021	-0.09142	0.998993	0	0	-0.0448565	0.0297842	0.0246726	0	0	0	-0.21892	-0.306679	1.27651	0	0.97517	0	0	0.221458	-0.971681	-0.5012	0	0	0	2.19141	0.3	0.0601737	0.3	0.132867	0.3	0.0899682	0.3	0.124538	0.3	0.054273	0.3	0.0524926	0.3	0.0391447	0.3	0.0580657	0.3	0.0601737	0.3	0.132867	0.3	0.0899682	0.3	0.124538	0.3	0.054273	0.3	0.0524926	0.3	0.0391447	0.3	0.0580657	0.3	0.0661504	0.3	0.0661504	0.3	0.3	0.616534	-0.443141	0.010909	0.118008	-0.0443141	-0.0432506	0.3	0.3	1.20459	0.0199142	0.0234124	0.329659	0.00199142	0.00219654	0.3	0.3	0.573411	-0.490385	0.00709153	0.0696479	-0.0490385	-0.0769414	0.3	0.3	1.16827	0.396402	0.0250742	0.363934	0.0396402	0.0422564	0.3	0.3	0.871547	0.46787	0.023596	0.333377	0.046787	0.0355113	0.3	0.3	0.546556	-0.00190125	0.00856617	0.0874271	-0.000190125	-0.000188795	0.3	0.3	1.02927	-0.210211	0.0201114	0.265853	-0.0210211	-0.0107208	0.3	0.3	0.889652	-0.256798	0.0172224	0.21468	-0.0256798	-0.0112991	0.3	0.3	0.850157	0.231826	0.0222827	0.307184	0.0231826	0.0158337	0.3	0.3	0.616534	-0.443141	0.010909	0.118008	-0.0443141	-0.0432506	0.3	0.3	1.20459	0.0199142	0.0234124	0.329659	0.00199142	0.00219654	0.3	0.3	0.573411	-0.490385	0.00709153	0.0696479	-0.0490385	-0.0769414	0.3	0.3	1.16827	0.396402	0.0250742	0.363934	0.0396402	0.0422564	0.3	0.3	0.871547	0.46787	0.023596	0.333377	0.046787	0.0355113	0.3	0.3	0.546556	-0.00190125	0.00856617	0.0874271	-0.000190125	-0.000188795	0.3	0.3	1.02927	-0.210211	0.0201114	0.265853	-0.0210211	-0.0107208	0.3	0.3	0.889652	-0.256798	0.0172224	0.21468	-0.0256798	-0.0112991	0.3	0.3	0.850157	0.231826	0.0222827	0.307184	0.0231826	0.0158337	0	0	0	0	0	0	0	0	0	0	0	0	0	0	0	0	0	0	-0.0796998	0.940046	0	-0.24363	-0.0138737	0	-0.0796998	0.940046	0	-0.24363	-0.0138737	0	0	0	0.438898	0	0	2.02205	-0.0598047	0.712138	0.0835	-0.0938959	0.0409923	0	-0.0598047	0.712138	0.0835	-0.0938959	0.0409923	0	0	0	-0.0468312	0	0	0.172608	-0.0728316	0.301898	0.0835	-0.0164424	0.0373577	0	-0.0728316	0.301898	0.0835	-0.0164424	0.0373577	0	0	0	-0.0137221	0	0	0.20799	-0.0263222	0.0442021	0.09142	0.0297842	0.0246726	0	-0.0263222	0.0442021	0.09142	0.0297842	0.0246726	0	0	0	-0.089743	0	0	-0.21892	-0.0598047	0.712138	-0.0835	-0.0938959	0.0409923	0	-0.0598047	0.712138	-0.0835	-0.0938959	0.0409923	0	0	0	-0.0468312	0	0	0.172608	-0.0728316	0.301898	-0.0835	-0.0164424	0.0373577	0	-0.0728316	0.301898	-0.0835	-0.0164424	0.0373577	0	0	0	-0.0137221	0	0	0.20799	-0.0263222	0.0442021	-0.09142	0.0297842	0.0246726	0	-0.0263222	0.0442021	-0.09142	0.0297842	0.0246726	0	0	0	-0.089743	0	0	-0.21892	-0.306679	1.27651	0	-0.971681	-0.5012	0	-0.306679	1.27651	0	-0.971681	-0.5012	0	0	0	0.446618	0	0	2.19141	2.39899	-0.0518463	0.881951	0.0835	-0.000235263	0.00174037	0	-0.000566758	-0.000557028	0	-0.00468022	-0.00627095	0	0	0	-0.48573	0	0	-1.84944	1754.03	237.847	-1737.83	-0	0	0	0	0	3.00015	-0.0702697	0.48858	0.0835	0.000115007	0.00219476	0	-0.000341158	-0.00127557	0	-0.0868773	0.00955313	0	0	0	0.0331028	0	0	0.0353821	2193.57	-113.896	-2190.61	-0	15.1923	0	0	-15.1923	2.83814	-0.0762751	0.0606954	0.0835	-0.000105038	0.00207442	0	-0.000761982	-0.00105509	0	-0.046165	0.00585368	0	0	0	-0.0760229	0	0	-0.42691	2075.12	106.512	-2072.38	-0	0	0	0	0	2.39899	-0.0518463	0.881951	-0.0835	-0.000235263	0.00174037	0	-0.000566758	-0.000557028	0	-0.00468022	-0.00627095	0	0	0	-0.48573	0	0	-1.84944	1754.03	237.847	-1737.83	-0	0	0	0	0	3.00015	-0.0702697	0.48858	-0.0835	0.000115007	0.00219476	0	-0.000341158	-0.00127557	0	-0.0868773	0.00955313	0	0	0	0.0331028	0	0	0.0353821	2193.57	-113.896	-2190.61	-0	15.1923	0	0	-15.1923	2.83814	-0.0762751	0.0606954	-0.0835	-0.000105038	0.00207442	0	-0.000761982	-0.00105509	0	-0.046165	0.00585368	0	0	0	-0.0760229	0	0	-0.42691	2075.12	106.512	-2072.38	-0	0	0	0	0	0.316797	-0.141408	1.00086	0	8.14497e-05	-0.000216853	0	-0.000579536	-0.000209376	0	0.0143914	-0.12996	0	0	0	0.00768947	0	0	0.169362	231.627	-78.0187	218.092	-0	9.75955	0	0	-9.75955	0.0442021	-0.176525	0.944181	1.99931e-10	-0.508919	-0.217647	0	-37.9305	-16.2215	0	-4.59485e-09	1.22391e-08	16.2938	-0.0691882	0.422338	0	-50.5871	308.793	0	28.2299	4.62468	17.3872	0.0569914	-0.00417769	-0.09142	-0.0691882	0.422338	0	-50.5871	308.793	0	-28.2299	-4.62468	17.3872	0.0569914	-0.00417769	0.09142
0.62	0.459706	2.12149	-0.0822136	-0.25792	0.939888	-0.0177376	-0.504684	-1.92624	0.0333627	0.0184111	-0.0803593	-0.436642	-0.504684	-1.92624	0.0333627	0.0184111	-0.0803593	-0.436642	0	1	0	0	0	0	1	0	0	0	0	0	0	0	0	0	-0.0822136	0.939888	0	0.9737	0	0	0.227834	-0.25792	-0.0177376	0	0	0	2.12149	-0.0607721	0.712555	0.0835	0.999747	0	0	-0.0224873	-0.0998802	0.0419067	0	0	0	0.19525	-0.0729912	0.302278	0.0835	0.999983	0	0	-0.00580782	-0.0162674	0.0380931	0	0	0	0.213661	-0.0260146	0.044452	0.09142	0.998943	0	0	-0.0459713	0.0313364	0.025115	0	0	0	-0.222981	-0.0607721	0.712555	-0.0835	0.999747	0	0	-0.0224873	-0.0998802	0.0419067	0	0	0	0.19525	-0.0729912	0.302278	-0.0835	0.999983	0	0	-0.00580782	-0.0162674	0.0380931	0	0	0	0.213661	-0.0260146	0.044452	-0.09142	0.998943	0	0	-0.0459713	0.0313364	0.025115	0	0	0	-0.222981	-0.316515	1.27132	0	0.972658	0	0	0.232242	-0.994097	-0.534687	0	0	0	2.23894	0.3	0.0597281	0.3	0.132887	0.3	0.0891841	0.3	0.124971	0.3	0.0542743	0.3	0.0523815	0.3	0.0390281	0.3	0.0582295	0.3	0.0597281	0.3	0.132887	0.3	0.0891841	0.3	0.124971	0.3	0.0542743	0.3	0.0523815	0.3	0.0390281	0.3	0.0582295	0.3	0.0665112	0.3	0.0665112	0.3	0.3	0.611968	-0.467105	0.0105917	0.1137	-0.0467105	-0.0455895	0.3	0.3	1.20478	0.0172085	0.0233958	0.329325	0.00172085	0.00189809	0.3	0.3	0.568414	-0.505781	0.00675994	0.0658071	-0.0505781	-0.0793571	0.3	0.3	1.17233	0.415867	0.0252175	0.366955	0.0415867	0.0443314	0.3	0.3	0.8763	0.483857	0.023745	0.336403	0.0483857	0.0367247	0.3	0.3	0.546569	0.00471284	0.00858956	0.0877179	0.000471284	0.000467985	0.3	0.3	1.02709	-0.226243	0.0199886	0.26359	-0.0226243	-0.0115384	0.3	0.3	0.887002	-0.273454	0.0170777	0.212231	-0.0273454	-0.012032	0.3	0.3	0.852555	0.248049	0.0224242	0.309963	0.0248049	0.0169417	0.3	0.3	0.611968	-0.467105	0.0105917	0.1137	-0.0467105	-0.0455895	0.3	0.3	1.20478	0.0172085	0.0233958	0.329325	0.00172085	0.00189809	0.3	0.3	0.568414	-0.505781	0.00675994	0.0658071	-0.0505781	-0.0793571	0.3	0.3	1.17233	0.415867	0.0252175	0.366955	0.0415867	0.0443314	0.3	0.3	0.8763	0.483857	0.023745	0.336403	0.0483857	0.0367247	0.3	0.3	0.546569	0.00471284	0.00858956	0.0877179	0.000471284	0.000467985	0.3	0.3	1.02709	-0.226243	0.0199886	0.26359	-0.0226243	-0.0115384	0.3	0.3	0.887002	-0.273454	0.0170777	0.212231	-0.0273454	-0.012032	0.3	0.3	0.852555	0.248049	0.0224242	0.309963	0.0248049	0.0169417	0	0	0	0	0	0	0	0	0	0	0	0	0	0	0	0	0	0	-0.0822136	0.939888	0	-0.25792	-0.0177376	0	-0.0822136	0.939888	0	-0.25792	-0.0177376	0	0	0	0.459706	0	0	2.12149	-0.0607721	0.712555	0.0835	-0.0998802	0.0419067	0	-0.0607721	0.712555	0.0835	-0.0998802	0.0419067	0	0	0	-0.0449784	0	0	0.19525	-0.0729912	0.302278	0.0835	-0.0162674	0.0380931	0	-0.0729912	0.302278	0.0835	-0.0162674	0.0380931	0	0	0	-0.0116157	0	0	0.213661	-0.0260146	0.044452	0.09142	0.0313364	0.025115	0	-0.0260146	0.044452	0.09142	0.0313364	0.025115	0	0	0	-0.091975	0	0	-0.222981	-0.0607721	0.712555	-0.0835	-0.0998802	0.0419067	0	-0.0607721	0.712555	-0.0835	-0.0998802	0.0419067	0	0	0	-0.0449784	0	0	0.19525	-0.0729912	0.302278	-0.0835	-0.0162674	0.0380931	0	-0.0729912	0.302278	-0.0835	-0.0162674	0.0380931	0	0	0	-0.0116157	0	0	0.213661	-0.0260146	0.044452	-0.09142	0.0313364	0.025115	0	-0.0260146	0.044452	-0.09142	0.0313364	0.025115	0	0	0	-0.091975	0	0	-0.222981	-0.316515	1.27132	0	-0.994097	-0.534687	0	-0.316515	1.27132	0	-0.994097	-0.534687	0	0	0	0.468764	0	0	2.23894	2.38766	-0.0531283	0.882383	0.0835	-0.000242282	0.00173327	0	-0.00079155	-0.00108126	0	-0.0443937	-0.0588655	0	0	0	-0.504684	0	0	-1.92624	1745.75	245.891	-1728.34	-0	0	0	0	0	2.98115	-0.0708226	0.488965	0.0835	0.000111178	0.00218135	0	-0.000356983	-0.00136624	0	-0.257313	0.0571233	0	0	0	0.0333611	0	0	0.0184111	2179.68	-110.015	-2176.9	-0	14.5522	0	0	-14.5522	2.82178	-0.0759305	0.0610567	0.0835	-0.000113226	0.00206238	0	-0.00067389	-0.00124399	0	-0.42774	-0.200169	0	0	0	-0.0803599	0	0	-0.436642	2063.16	114.53	-2059.97	-0	0	0	0	0	2.38766	-0.0531283	0.882383	-0.0835	-0.000242282	0.00173327	0	-0.00079155	-0.00108126	0	-0.0443937	-0.0588655	0	0	0	-0.504684	0	0	-1.92624	1745.75	245.891	-1728.34	-0	0	0	0	0	2.98115	-0.0708226	0.488965	-0.0835	0.000111178	0.00218135	0	-0.000356983	-0.00136624	0	-0.257313	0.0571233	0	0	0	0.0333611	0	0	0.0184111	2179.68	-110.015	-2176.9	-0	14.5522	0	0	-14.5522	2.82178	-0.0759305	0.0610567	-0.0835	-0.000113226	0.00206238	0	-0.00067389	-0.00124399	0	-0.42774	-0.200169	0	0	0	-0.0803599	0	0	-0.436642	2063.16	114.53	-2059.97	-0	0	0	0	0	0.318345	-0.145181	0.999393	0	7.86781e-05	-0.000222795	0	-0.000635147	0.000409156	0	0.0144718	0.1088	0	0	0	0.00902991	0	0	0.117452	232.759	-74.9178	220.372	-0	9.33002	0	0	-9.33002	0.044452	-0.181688	0.941923	1.99931e-10	-0.522898	-0.233324	0	-38.9723	-17.3899	0	-1.09878e-09	6.80456e-09	16.7566	-0.0729646	0.417425	0	-53.3483	305.201	0	27.9015	4.8771	17.2512	0.0572485	-0.00414574	-0.09142	-0.0729646	0.417425	0	-53.3483	305.201	0	-27.9015	-4.8771	17.2512	0.0572485	-0.00414574	0.09142
0.63	0.481285	2.1808	-0.0848669	-0.271991	0.939687	-0.0221884	-0.524212	-1.96549	0.0335071	0.0102145	-0.0847792	-0.446792	-0.524212	-1.96549	0.0335071	0.0102145	-0.0847792	-0.446792	0	1	0	0	0	0	1	0	0	0	0	0	0	0	0	0	-0.0848669	0.939687	0	0.971185	0	0	0.238327	-0.271991	-0.0221884	0	0	0	2.1808	-0.061815	0.712974	0.0835	0.99977	0	0	-0.0214617	-0.108426	0.0418207	0	0	0	0.215317	-0.0731648	0.302658	0.0835	0.999989	0	0	-0.00470973	-0.0185078	0.0380628	0	0	0	0.225531	-0.0256974	0.0447036	0.09142	0.998891	0	0	-0.0470819	0.0320015	0.0251967	0	0	0	-0.22126	-0.061815	0.712974	-0.0835	0.99977	0	0	-0.0214617	-0.108426	0.0418207	0	0	0	0.215317	-0.0731648	0.302658	-0.0835	0.999989	0	0	-0.00470973	-0.0185078	0.0380628	0	0	0	0.225531	-0.0256974	0.0447036	-0.09142	0.998891	0	0	-0.0470819	0.0320015	0.0251967	0	0	0	-0.22126	-0.326572	1.26579	0	0.96996	0	0	0.243263	-1.01567	-0.569404	0	0	0	2.29632	0.3	0.0592694	0.3	0.132905	0.3	0.0883853	0.3	0.12542	0.3	0.0542805	0.3	0.0522624	0.3	0.0389049	0.3	0.0584031	0.3	0.0592694	0.3	0.132905	0.3	0.0883853	0.3	0.12542	0.3	0.0542805	0.3	0.0522624	0.3	0.0389049	0.3	0.0584031	0.3	0.0668832	0.3	0.0668832	0.3	0.3	0.607269	-0.470555	0.0103477	0.110421	-0.0470555	-0.0459261	0.3	0.3	1.20494	0.014784	0.0233808	0.329022	0.0014784	0.00163067	0.3	0.3	0.563323	-0.511908	0.00644457	0.0622059	-0.0511908	-0.0803184	0.3	0.3	1.17654	0.425585	0.0253146	0.36901	0.0425585	0.0453674	0.3	0.3	0.881202	0.496287	0.0238752	0.339061	0.0496287	0.0376682	0.3	0.3	0.546631	0.00750494	0.00860434	0.0879021	0.000750494	0.00074524	0.3	0.3	1.02475	-0.24163	0.019871	0.26143	-0.024163	-0.0123231	0.3	0.3	0.884202	-0.287272	0.0169492	0.210066	-0.0287272	-0.01264	0.3	0.3	0.855097	0.260588	0.0225431	0.312305	0.0260588	0.0177981	0.3	0.3	0.607269	-0.470555	0.0103477	0.110421	-0.0470555	-0.0459261	0.3	0.3	1.20494	0.014784	0.0233808	0.329022	0.0014784	0.00163067	0.3	0.3	0.563323	-0.511908	0.00644457	0.0622059	-0.0511908	-0.0803184	0.3	0.3	1.17654	0.425585	0.0253146	0.36901	0.0425585	0.0453674	0.3	0.3	0.881202	0.496287	0.0238752	0.339061	0.0496287	0.0376682	0.3	0.3	0.546631	0.00750494	0.00860434	0.0879021	0.000750494	0.00074524	0.3	0.3	1.02475	-0.24163	0.019871	0.26143	-0.024163	-0.0123231	0.3	0.3	0.884202	-0.287272	0.0169492	0.210066	-0.0287272	-0.01264	0.3	0.3	0.855097	0.260588	0.0225431	0.312305	0.0260588	0.0177981	0	0	0	0	0	0	0	0	0	0	0	0	0	0	0	0	0	0	-0.0848669	0.939687	0	-0.271991	-0.0221884	0	-0.0848669	0.939687	0	-0.271991	-0.0221884	0	0	0	0.481285	0	0	2.1808	-0.061815	0.712974	0.0835	-0.108426	0.0418207	0	-0.061815	0.712974	0.0835	-0.108426	0.0418207	0	0	0	-0.0429266	0	0	0.215317	-0.0731648	0.302658	0.0835	-0.0185078	0.0380628	0	-0.0731648	0.302658	0.0835	-0.0185078	0.0380628	0	0	0	-0.0094195	0	0	0.225531	-0.0256974	0.0447036	0.09142	0.0320015	0.0251967	0	-0.0256974	0.0447036	0.09142	0.0320015	0.0251967	0	0	0	-0.0941987	0	0	-0.22126	-0.061815	0.712974	-0.0835	-0.108426	0.0418207	0	-0.061815	0.712974	-0.0835	-0.108426	0.0418207	0	0	0	-0.0429266	0	0	0.215317	-0.0731648	0.302658	-0.0835	-0.0185078	0.0380628	0	-0.0731648	0.302658	-0.0835	-0.0185078	0.0380628	0	0	0	-0.0094195	0	0	0.225531	-0.0256974	0.0447036	-0.09142	0.0320015	0.0251967	0	-0.0256974	0.0447036	-0.09142	0.0320015	0.0251967	0	0	0	-0.0941987	0	0	-0.22126	-0.326572	1.26579	0	-1.01567	-0.569404	0	-0.326572	1.26579	0	-1.01567	-0.569404	0	0	0	0.491457	0	0	2.29632	2.37269	-0.0545197	0.882817	0.0835	-0.000251733	0.00172116	0	-0.000780955	-0.0011503	0	2.39927	3.84686	0	0	0	-0.524212	0	0	-1.96549	1734.8	255.293	-1715.91	-0	4.00004	0	0	4.00004	2.96305	-0.0714062	0.48935	0.0835	0.000107236	0.00216806	0	-0.000803534	-0.00127305	0	-4.88036	0.354746	0	0	0	0.0335037	0	0	0.0102145	2166.44	-104.62	-2163.91	-0	14.2447	0	0	-14.2447	2.80542	-0.0755762	0.0614193	0.0835	-0.000119701	0.00205016	0	-0.000661504	-0.00131303	0	0.418132	0.0202148	0	0	0	-0.0847791	0	0	-0.446792	2051.19	120.98	-2047.62	-0	0	0	0	0	2.37269	-0.0545197	0.882817	-0.0835	-0.000251733	0.00172116	0	-0.000780955	-0.0011503	0	2.39927	3.84686	0	0	0	-0.524212	0	0	-1.96549	1734.8	255.293	-1715.91	-0	4.00004	0	0	4.00004	2.96305	-0.0714062	0.48935	-0.0835	0.000107236	0.00216806	0	-0.000803534	-0.00127305	0	-4.88036	0.354746	0	0	0	0.0335037	0	0	0.0102145	2166.44	-104.62	-2163.91	-0	14.2447	0	0	-14.2447	2.80542	-0.0755762	0.0614193	-0.0835	-0.000119701	0.00205016	0	-0.000661504	-0.00131303	0	0.418132	0.0202148	0	0	0	-0.0847791	0	0	-0.446792	2051.19	120.98	-2047.62	-0	0	0	0	0	0.310445	-0.149111	0.997822	0	7.61151e-05	-0.000219323	0	-0.00107998	0.000559628	0	-6.70665	-7.53928	0	0	0	0.0101487	0	0	0.115515	226.983	-69.7213	216.01	-0	10.3883	0	0	-10.3883	0.0447036	-0.186993	0.939502	1.99931e-10	-0.537366	-0.249996	0	-40.0506	-18.6326	0	-5.7602e-09	7.65074e-09	17.2032	-0.0744799	0.41226	0	-54.4562	301.425	0	27.5563	4.97838	17.1125	0.0575149	-0.00411248	-0.09142	-0.0744799	0.41226	0	-54.4562	301.425	0	-27.5563	-4.97838	17.1125	0.0575149	-0.00411248	0.09142
0.64	0.497917	1.47942	-0.0878636	-0.330315	0.939406	-0.0371893	-0.536261	-0.869529	0.0306829	-0.466489	-0.0886729	-0.318543	-0.536261	-0.869529	0.0306829	-0.466489	-0.0886729	-0.318543	0	1	0	0	0	0	1	0	0	0	0	0	0	0	0	0	-0.0878636	0.939405	0	0.969169	0	0	0.246395	-0.330315	-0.0371893	0	0	0	1.47942	-0.0630901	0.713207	0.0835	0.999816	0	0	-0.019171	-0.143938	0.00373589	0	0	0	0.609893	-0.0731242	0.302865	0.0835	0.999993	0	0	-0.00383065	0.0173514	-0.000302539	0	0	0	0.143403	-0.0253046	0.0448025	0.09142	0.99884	0	0	-0.0481485	0.0457387	-0.00918283	0	0	0	-0.175139	-0.0630901	0.713207	-0.0835	0.999816	0	0	-0.019171	-0.143938	0.00373589	0	0	0	0.609893	-0.0731242	0.302865	-0.0835	0.999993	0	0	-0.00383065	0.0173514	-0.000302539	0	0	0	0.143403	-0.0253046	0.0448025	-0.09142	0.99884	0	0	-0.0481485	0.0457387	-0.00918283	0	0	0	-0.175139	-0.336781	1.26008	0	0.967043	0	0	0.254613	-1.02826	-0.566391	0	0	0	2.32813	0.3	0.0588243	0.3	0.132881	0.3	0.0878131	0.3	0.125783	0.3	0.0543223	0.3	0.0521303	0.3	0.0387772	0.3	0.0585763	0.3	0.0588243	0.3	0.132881	0.3	0.0878131	0.3	0.125783	0.3	0.0543223	0.3	0.0521303	0.3	0.0387772	0.3	0.0585763	0.3	0.0672377	0.3	0.0672377	0.3	0.3	0.602708	-0.415233	0.0103347	0.110248	-0.0415233	-0.0405267	0.3	0.3	1.20472	-0.0681015	0.0228174	0.317741	-0.00681015	-0.0075116	0.3	0.3	0.559676	-0.236908	0.00696	0.0681177	-0.0236908	-0.0371709	0.3	0.3	1.17995	0.261859	0.0244997	0.351923	0.0261859	0.0279142	0.3	0.3	0.885872	0.443928	0.0236825	0.335132	0.0443928	0.0336941	0.3	0.3	0.547052	0.100456	0.00895327	0.0922835	0.0100456	0.00997526	0.3	0.3	1.02216	-0.280493	0.0195839	0.256187	-0.0280493	-0.0143051	0.3	0.3	0.881301	-0.288621	0.0168982	0.209208	-0.0288621	-0.0126993	0.3	0.3	0.857632	0.239542	0.0224519	0.310507	0.0239542	0.0163607	0.3	0.3	0.602708	-0.415233	0.0103347	0.110248	-0.0415233	-0.0405267	0.3	0.3	1.20472	-0.0681015	0.0228174	0.317741	-0.00681015	-0.0075116	0.3	0.3	0.559676	-0.236908	0.00696	0.0681177	-0.0236908	-0.0371709	0.3	0.3	1.17995	0.261859	0.0244997	0.351923	0.0261859	0.0279142	0.3	0.3	0.885872	0.443928	0.0236825	0.335132	0.0443928	0.0336941	0.3	0.3	0.547052	0.100456	0.00895327	0.0922835	0.0100456	0.00997526	0.3	0.3	1.02216	-0.280493	0.0195839	0.256187	-0.0280493	-0.0143051	0.3	0.3	0.881301	-0.288621	0.0168982	0.209208	-0.0288621	-0.0126993	0.3	0.3	0.857632	0.239542	0.0224519	0.310507	0.0239542	0.0163607	0	0	0	0	0	0	0	0	0	0	0	0	0	0	0	0	0	0	-0.0878636	0.939405	0	-0.330315	-0.0371893	0	-0.0878636	0.939405	0	-0.330315	-0.0371893	0	0	0	0.497917	0	0	1.47942	-0.0630901	0.713207	0.0835	-0.143938	0.00373589	0	-0.0630901	0.713207	0.0835	-0.143938	0.00373589	0	0	0	-0.0383443	0	0	0.609893	-0.0731242	0.302865	0.0835	0.0173514	-0.000302539	0	-0.0731242	0.302865	0.0835	0.0173514	-0.000302539	0	0	0	-0.00766132	0	0	0.143403	-0.0253046	0.0448025	0.09142	0.0457387	-0.00918283	0	-0.0253046	0.0448025	0.09142	0.0457387	-0.00918283	0	0	0	-0.0963343	0	0	-0.175139	-0.0630901	0.713207	-0.0835	-0.143938	0.00373589	0	-0.0630901	0.713207	-0.0835	-0.143938	0.00373589	0	0	0	-0.0383443	0	0	0.609893	-0.0731242	0.302865	-0.0835	0.0173514	-0.000302539	0	-0.0731242	0.302865	-0.0835	0.0173514	-0.000302539	0	0	0	-0.00766132	0	0	0.143403	-0.0253046	0.0448025	-0.09142	0.0457387	-0.00918283	0	-0.0253046	0.0448025	-0.09142	0.0457387	-0.00918283	0	0	0	-0.0963343	0	0	-0.175139	-0.336781	1.26008	0	-1.02826	-0.566391	0	-0.336781	1.26008	0	-1.02826	-0.566391	0	0	0	0.514895	0	0	2.32813	2.41605	-0.0565732	0.883082	0.0835	-0.000278674	0.00175026	0	-0.00314523	-0.00180423	0	0.296059	-0.429315	0	0	0	-0.536261	0	0	-0.869529	1766.51	293.014	-1742.03	-0	40.0862	0	0	40.0862	2.99857	-0.0716938	0.48956	0.0835	5.99474e-05	0.00218713	0	-0.00321732	0.00145061	0	-1.59914	0.0825887	0	0	0	0.0306728	0	0	-0.466489	2192.41	-49.4708	-2191.86	-0	4.54673	0	0	4.54673	2.81629	-0.0751476	0.0616247	0.0835	-0.000159435	0.00205219	0	-0.0035555	0.000116495	0	-2.10433	0.0621915	0	0	0	-0.0886703	0	0	-0.318543	2059.14	166.31	-2052.41	-0	0	0	0	0	2.41605	-0.0565732	0.883082	-0.0835	-0.000278674	0.00175026	0	-0.00314523	-0.00180423	0	0.296059	-0.429315	0	0	0	-0.536261	0	0	-0.869529	1766.51	293.014	-1742.03	-0	40.0862	0	0	40.0862	2.99857	-0.0716938	0.48956	-0.0835	5.99474e-05	0.00218713	0	-0.00321732	0.00145061	0	-1.59914	0.0825887	0	0	0	0.0306728	0	0	-0.466489	2192.41	-49.4708	-2191.86	-0	4.54673	0	0	4.54673	2.81629	-0.0751476	0.0616247	-0.0835	-0.000159435	0.00205219	0	-0.0035555	0.000116495	0	-2.10433	0.0621915	0	0	0	-0.0886703	0	0	-0.318543	2059.14	166.31	-2052.41	-0	0	0	0	0	0.506431	-0.153089	0.996346	0	5.64903e-05	-0.00033579	0	0.000802159	-0.0049641	0	-0.70738	1.56963	0	0	0	0.0169849	0	0	0.848706	370.279	-61.2394	365.18	-0	73.519	0	0	-73.519	0.0448025	-0.192458	0.936917	1.99931e-10	-0.557201	-0.265459	0	-41.5289	-19.785	0	-3.76052e-09	7.03842e-09	17.3323	-0.136085	0.437544	0	-99.4987	319.911	0	29.2463	9.09617	18.0965	0.0578585	-0.00415182	-0.09142	-0.136085	0.437544	0	-99.4987	319.911	0	-29.2463	-9.09617	18.0965	0.0578585	-0.00415182	0.09142
0.65	0.51246	1.43904	-0.0915603	-0.406788	0.938901	-0.0615799	-0.543665	-0.642402	0.024878	-0.660125	-0.0909097	-0.154617	-0.543665	-0.642402	0.024878	-0.660125	-0.0909097	-0.154617	0	1	0	0	0	0	1	0	0	0	0	0	0	0	0	0	-0.0915603	0.938901	0	0.967352	0	0	0.253436	-0.406788	-0.0615799	0	0	0	1.43904	-0.0647479	0.713106	0.0835	0.999878	0	0	-0.015602	-0.189315	-0.0205005	0	0	0	0.796636	-0.0729522	0.302725	0.0835	0.999995	0	0	-0.00316362	0.0135443	-0.0242963	0	0	0	0.13651	-0.0248478	0.0446217	0.09142	0.998818	0	0	-0.0485993	0.04519	-0.0243331	0	0	0	-0.0181068	-0.0647479	0.713106	-0.0835	0.999878	0	0	-0.015602	-0.189315	-0.0205005	0	0	0	0.796636	-0.0729522	0.302725	-0.0835	0.999995	0	0	-0.00316362	0.0135443	-0.0242963	0	0	0	0.13651	-0.0248478	0.0446217	-0.09142	0.998818	0	0	-0.0485993	0.04519	-0.0243331	0	0	0	-0.0181068	-0.347141	1.25445	0	0.964149	0	0	0.265363	-1.04164	-0.560669	0	0	0	2.12699	0.3	0.0584558	0.3	0.13277	0.3	0.0875068	0.3	0.126024	0.3	0.0544655	0.3	0.0519796	0.3	0.0386565	0.3	0.0587252	0.3	0.0584558	0.3	0.13277	0.3	0.0875068	0.3	0.126024	0.3	0.0544655	0.3	0.0519796	0.3	0.0386565	0.3	0.0587252	0.3	0.0675726	0.3	0.0675726	0.3	0.3	0.598932	-0.347162	0.0104011	0.111136	-0.0347162	-0.033883	0.3	0.3	1.20372	-0.130919	0.0223933	0.309356	-0.0130919	-0.0144403	0.3	0.3	0.557723	-0.163902	0.00702684	0.0688934	-0.0163902	-0.0257162	0.3	0.3	1.18222	0.191143	0.024111	0.343891	0.0191143	0.0203758	0.3	0.3	0.890284	0.439402	0.0237176	0.335847	0.0439402	0.0333506	0.3	0.3	0.548495	0.181337	0.00933729	0.0971768	0.0181337	0.0180068	0.3	0.3	1.01921	-0.310475	0.0193634	0.252187	-0.0310475	-0.0158342	0.3	0.3	0.878558	-0.254543	0.0170742	0.212173	-0.0254543	-0.0111999	0.3	0.3	0.859812	0.191043	0.0221696	0.30497	0.0191043	0.0130483	0.3	0.3	0.598932	-0.347162	0.0104011	0.111136	-0.0347162	-0.033883	0.3	0.3	1.20372	-0.130919	0.0223933	0.309356	-0.0130919	-0.0144403	0.3	0.3	0.557723	-0.163902	0.00702684	0.0688934	-0.0163902	-0.0257162	0.3	0.3	1.18222	0.191143	0.024111	0.343891	0.0191143	0.0203758	0.3	0.3	0.890284	0.439402	0.0237176	0.335847	0.0439402	0.0333506	0.3	0.3	0.548495	0.181337	0.00933729	0.0971768	0.0181337	0.0180068	0.3	0.3	1.01921	-0.310475	0.0193634	0.252187	-0.0310475	-0.0158342	0.3	0.3	0.878558	-0.254543	0.0170742	0.212173	-0.0254543	-0.0111999	0.3	0.3	0.859812	0.191043	0.0221696	0.30497	0.0191043	0.0130483	0	0	0	0	0	0	0	0	0	0	0	0	0	0	0	0	0	0	-0.0915603	0.938901	0	-0.406788	-0.0615799	0	-0.0915603	0.938901	0	-0.406788	-0.0615799	0	0	0	0.51246	0	0	1.43904	-0.0647479	0.713106	0.0835	-0.189315	-0.0205005	0	-0.0647479	0.713106	0.0835	-0.189315	-0.0205005	0	0	0	-0.0312052	0	0	0.796636	-0.0729522	0.302725	0.0835	0.0135443	-0.0242963	0	-0.0729522	0.302725	0.0835	0.0135443	-0.0242963	0	0	0	-0.00632724	0	0	0.13651	-0.0248478	0.0446217	0.09142	0.04519	-0.0243331	0	-0.0248478	0.0446217	0.09142	0.04519	-0.0243331	0	0	0	-0.097237	0	0	-0.0181068	-0.0647479	0.713106	-0.0835	-0.189315	-0.0205005	0	-0.0647479	0.713106	-0.0835	-0.189315	-0.0205005	0	0	0	-0.0312052	0	0	0.796636	-0.0729522	0.302725	-0.0835	0.0135443	-0.0242963	0	-0.0729522	0.302725	-0.0835	0.0135443	-0.0242963	0	0	0	-0.00632724	0	0	0.13651	-0.0248478	0.0446217	-0.09142	0.04519	-0.0243331	0	-0.0248478	0.0446217	-0.09142	0.04519	-0.0243331	0	0	0	-0.097237	0	0	-0.0181068	-0.347141	1.25445	0	-1.04164	-0.560669	0	-0.347141	1.25445	0	-1.04164	-0.560669	0	0	0	0.537162	0	0	2.12699	2.39375	-0.0594439	0.883023	0.0835	-0.000293911	0.00173081	0	-0.000790507	-0.00133491	0	-0.0156012	0.14158	0	0	0	-0.543665	0	0	-0.642402	1750.2	297.515	-1724.73	-0	49.553	0	0	49.553	3.02549	-0.071771	0.489421	0.0835	2.82153e-05	0.00220555	0	-0.00257825	0.00198276	0	-0.337154	0.0164229	0	0	0	0.0248786	0	0	-0.660125	2212.1	-19.8198	-2212.01	-0	11.4517	0	0	11.4517	2.83019	-0.0746757	0.0614889	0.0835	-0.000184022	0.0020588	0	-0.0012612	0.00107555	0	-0.370585	0.0795448	0	0	0	-0.0909069	0	0	-0.154617	2069.3	186.461	-2060.88	-0	0	0	0	0	2.39375	-0.0594439	0.883023	-0.0835	-0.000293911	0.00173081	0	-0.000790507	-0.00133491	0	-0.0156012	0.14158	0	0	0	-0.543665	0	0	-0.642402	1750.2	297.515	-1724.73	-0	49.553	0	0	49.553	3.02549	-0.071771	0.489421	-0.0835	2.82153e-05	0.00220555	0	-0.00257825	0.00198276	0	-0.337154	0.0164229	0	0	0	0.0248786	0	0	-0.660125	2212.1	-19.8198	-2212.01	-0	11.4517	0	0	11.4517	2.83019	-0.0746757	0.0614889	-0.0835	-0.000184022	0.0020588	0	-0.0012612	0.00107555	0	-0.370585	0.0795448	0	0	0	-0.0909069	0	0	-0.154617	2069.3	186.461	-2060.88	-0	0	0	0	0	0.491564	-0.157622	0.99487	0	4.55081e-05	-0.000352588	0	-0.00167203	-0.000853449	0	0.152419	-0.137423	0	0	0	0.0246958	0	0	0.687953	359.409	-35.6091	357.64	-0	89.0401	0	0	-89.0401	0.0446217	-0.198182	0.934205	1.99931e-10	-0.587151	-0.275629	0	-43.7612	-20.543	0	-3.83776e-09	6.6643e-09	16.8931	-0.168475	0.45931	0	-123.181	335.826	0	30.7012	11.2612	19.0496	0.0582944	-0.00427973	-0.09142	-0.168475	0.45931	0	-123.181	335.826	0	-30.7012	-11.2612	19.0496	0.0582944	-0.00427973	0.09142
0.66	0.526637	1.39529	-0.0960408	-0.482614	0.938172	-0.0822696	-0.549213	-0.486974	0.0178868	-0.714597	-0.0918428	-0.0435903	-0.549213	-0.486974	0.0178868	-0.714597	-0.0918428	-0.0435903	0	1	0	0	0	0	1	0	0	0	0	0	0	0	0	0	-0.0960408	0.938172	0	0.965532	0	0	0.260286	-0.482614	-0.0822696	0	0	0	1.39529	-0.0669581	0.712793	0.0835	0.999936	0	0	-0.011288	-0.249627	-0.0403566	0	0	0	0.908317	-0.072931	0.302378	0.0835	0.999997	0	0	-0.00234483	-0.0103445	-0.0434056	0	0	0	0.193719	-0.0244238	0.0443205	0.09142	0.998835	0	0	-0.0482475	0.0391707	-0.0346835	0	0	0	0.150129	-0.0669581	0.712793	-0.0835	0.999936	0	0	-0.011288	-0.249627	-0.0403566	0	0	0	0.908317	-0.072931	0.302378	-0.0835	0.999997	0	0	-0.00234483	-0.0103445	-0.0434056	0	0	0	0.193719	-0.0244238	0.0443205	-0.09142	0.998835	0	0	-0.0482475	0.0391707	-0.0346835	0	0	0	0.150129	-0.357615	1.24889	0	0.961423	0	0	0.275073	-1.05254	-0.551646	0	0	0	1.92637	0.3	0.0581325	0.3	0.132607	0.3	0.0872812	0.3	0.126201	0.3	0.0546643	0.3	0.0518166	0.3	0.0385542	0.3	0.058838	0.3	0.0581325	0.3	0.132607	0.3	0.0872812	0.3	0.126201	0.3	0.0546643	0.3	0.0518166	0.3	0.0385542	0.3	0.058838	0.3	0.0679043	0.3	0.0679043	0.3	0.3	0.59562	-0.313961	0.0103485	0.110431	-0.0313961	-0.0306426	0.3	0.3	1.20224	-0.159799	0.0221801	0.305178	-0.0159799	-0.0176258	0.3	0.3	0.556285	-0.124362	0.00703443	0.0689823	-0.0124362	-0.0195124	0.3	0.3	1.18387	0.14034	0.0238118	0.337766	0.014034	0.0149602	0.3	0.3	0.894655	0.434004	0.0237454	0.336411	0.0434004	0.0329409	0.3	0.3	0.550497	0.214544	0.00961304	0.100738	0.0214544	0.0213042	0.3	0.3	1.01601	-0.327448	0.0192373	0.249911	-0.0327448	-0.0166999	0.3	0.3	0.876232	-0.205923	0.0173517	0.216876	-0.0205923	-0.00906062	0.3	0.3	0.861464	0.135712	0.0218099	0.297976	0.0135712	0.00926913	0.3	0.3	0.59562	-0.313961	0.0103485	0.110431	-0.0313961	-0.0306426	0.3	0.3	1.20224	-0.159799	0.0221801	0.305178	-0.0159799	-0.0176258	0.3	0.3	0.556285	-0.124362	0.00703443	0.0689823	-0.0124362	-0.0195124	0.3	0.3	1.18387	0.14034	0.0238118	0.337766	0.014034	0.0149602	0.3	0.3	0.894655	0.434004	0.0237454	0.336411	0.0434004	0.0329409	0.3	0.3	0.550497	0.214544	0.00961304	0.100738	0.0214544	0.0213042	0.3	0.3	1.01601	-0.327448	0.0192373	0.249911	-0.0327448	-0.0166999	0.3	0.3	0.876232	-0.205923	0.0173517	0.216876	-0.0205923	-0.00906062	0.3	0.3	0.861464	0.135712	0.0218099	0.297976	0.0135712	0.00926913	0	0	0	0	0	0	0	0	0	0	0	0	0	0	0	0	0	0	-0.0960408	0.938172	0	-0.482614	-0.0822696	0	-0.0960408	0.938172	0	-0.482614	-0.0822696	0	0	0	0.526637	0	0	1.39529	-0.0669581	0.712793	0.0835	-0.249627	-0.0403566	0	-0.0669581	0.712793	0.0835	-0.249627	-0.0403566	0	0	0	-0.0225765	0	0	0.908317	-0.072931	0.302378	0.0835	-0.0103445	-0.0434056	0	-0.072931	0.302378	0.0835	-0.0103445	-0.0434056	0	0	0	-0.00468965	0	0	0.193719	-0.0244238	0.0443205	0.09142	0.0391707	-0.0346835	0	-0.0244238	0.0443205	0.09142	0.0391707	-0.0346835	0	0	0	-0.0965324	0	0	0.150129	-0.0669581	0.712793	-0.0835	-0.249627	-0.0403566	0	-0.0669581	0.712793	-0.0835	-0.249627	-0.0403566	0	0	0	-0.0225765	0	0	0.908317	-0.072931	0.302378	-0.0835	-0.0103445	-0.0434056	0	-0.072931	0.302378	-0.0835	-0.0103445	-0.0434056	0	0	0	-0.00468965	0	0	0.193719	-0.0244238	0.0443205	-0.09142	0.0391707	-0.0346835	0	-0.0244238	0.0443205	-0.09142	0.0391707	-0.0346835	0	0	0	-0.0965324	0	0	0.150129	-0.357615	1.24889	0	-1.05254	-0.551646	0	-0.357615	1.24889	0	-1.05254	-0.551646	0	0	0	0.557331	0	0	1.92637	2.3864	-0.0631204	0.88275	0.0835	-0.000303321	0.00172172	0	-0.00111872	-0.000957973	0	-0.0395565	0.011925	0	0	0	-0.549214	0	0	-0.486974	1744.82	308.421	-1717.35	-0	51.0472	0	0	51.0472	3.05109	-0.0720555	0.489076	0.0835	4.448e-06	0.0022251	0	-0.00211206	0.00175465	0	-0.0184965	-0.00860715	0	0	0	0.0178741	0	0	-0.714597	2230.82	2.4295	-2230.81	-0	12.6181	0	0	12.6181	2.84972	-0.0742635	0.0611525	0.0835	-0.000191472	0.00207192	0	-0.000143182	0.00146081	0	-0.00336289	-0.0616938	0	0	0	-0.0918439	0	0	-0.0435903	2083.58	191.749	-2074.74	-0	0	0	0	0	2.3864	-0.0631204	0.88275	-0.0835	-0.000303321	0.00172172	0	-0.00111872	-0.000957973	0	-0.0395565	0.011925	0	0	0	-0.549214	0	0	-0.486974	1744.82	308.421	-1717.35	-0	51.0472	0	0	51.0472	3.05109	-0.0720555	0.489076	-0.0835	4.448e-06	0.0022251	0	-0.00211206	0.00175465	0	-0.0184965	-0.00860715	0	0	0	0.0178741	0	0	-0.714597	2230.82	2.4295	-2230.81	-0	12.6181	0	0	12.6181	2.84972	-0.0742635	0.0611525	-0.0835	-0.000191472	0.00207192	0	-0.000143182	0.00146081	0	-0.00336289	-0.0616938	0	0	0	-0.0918439	0	0	-0.0435903	2083.58	191.749	-2074.74	-0	0	0	0	0	0.513981	-0.162899	0.993182	0	4.11868e-05	-0.000368021	0	-7.06315e-05	-0.000938997	0	0.0923972	0.0604576	0	0	0	0.0306961	0	0	0.531076	375.799	-40.7686	373.581	-0	88.9132	0	0	-88.9132	0.0443205	-0.204236	0.931412	1.99931e-10	-0.621773	-0.281957	0	-46.3416	-21.0147	0	-4.24166e-09	1.32582e-08	16.249	-0.182714	0.476462	0	-133.592	348.366	0	31.8477	12.2129	19.8733	0.0587348	-0.00440109	-0.09142	-0.182714	0.476462	0	-133.592	348.366	0	-31.8477	-12.2129	19.8733	0.0587348	-0.00440109	0.09142
0.67	0.540302	1.33858	-0.101233	-0.551274	0.937255	-0.0994614	-0.553452	-0.370526	0.0108464	-0.685196	-0.0919177	0.0148349	-0.553452	-0.370526	0.0108464	-0.685196	-0.0919177	0.0148349	0	1	0	0	0	0	1	0	0	0	0	0	0	0	0	0	-0.101233	0.937255	0	0.963731	0	0	0.266877	-0.551274	-0.0994614	0	0	0	1.33858	-0.0697842	0.712298	0.0835	0.999978	0	0	-0.00657526	-0.312267	-0.0571489	0	0	0	0.968056	-0.0732018	0.30186	0.0835	0.999999	0	0	-0.00115211	-0.0427476	-0.0586324	0	0	0	0.28286	-0.0240742	0.0439315	0.09142	0.99889	0	0	-0.0470936	0.0311544	-0.0422341	0	0	0	0.297695	-0.0697842	0.712298	-0.0835	0.999978	0	0	-0.00657526	-0.312267	-0.0571489	0	0	0	0.968056	-0.0732018	0.30186	-0.0835	0.999999	0	0	-0.00115211	-0.0427476	-0.0586324	0	0	0	0.28286	-0.0240742	0.0439315	-0.09142	0.99889	0	0	-0.0470936	0.0311544	-0.0422341	0	0	0	0.297695	-0.368208	1.24343	0	0.958861	0	0	0.283877	-1.06593	-0.540115	0	0	0	1.75514	0.3	0.0578414	0.3	0.132428	0.3	0.0871097	0.3	0.126332	0.3	0.0548802	0.3	0.0516485	0.3	0.0384743	0.3	0.0589139	0.3	0.0578414	0.3	0.132428	0.3	0.0871097	0.3	0.126332	0.3	0.0548802	0.3	0.0516485	0.3	0.0384743	0.3	0.0589139	0.3	0.0682299	0.3	0.0682299	0.3	0.3	0.592638	-0.280193	0.0103102	0.10992	-0.0280193	-0.0273469	0.3	0.3	1.20062	-0.16214	0.0221324	0.304246	-0.016214	-0.017884	0.3	0.3	0.555193	-0.0942471	0.00703869	0.0690322	-0.00942471	-0.0147874	0.3	0.3	1.18511	0.107128	0.0236087	0.333633	0.0107128	0.0114198	0.3	0.3	0.898945	0.421708	0.0237338	0.336175	0.0421708	0.0320076	0.3	0.3	0.55267	0.216315	0.00980216	0.103205	0.0216315	0.0214801	0.3	0.3	1.01272	-0.329769	0.0192161	0.249531	-0.0329769	-0.0168182	0.3	0.3	0.874416	-0.155373	0.0176531	0.222035	-0.0155373	-0.00683643	0.3	0.3	0.862576	0.0860119	0.0214569	0.291177	0.00860119	0.00587461	0.3	0.3	0.592638	-0.280193	0.0103102	0.10992	-0.0280193	-0.0273469	0.3	0.3	1.20062	-0.16214	0.0221324	0.304246	-0.016214	-0.017884	0.3	0.3	0.555193	-0.0942471	0.00703869	0.0690322	-0.00942471	-0.0147874	0.3	0.3	1.18511	0.107128	0.0236087	0.333633	0.0107128	0.0114198	0.3	0.3	0.898945	0.421708	0.0237338	0.336175	0.0421708	0.0320076	0.3	0.3	0.55267	0.216315	0.00980216	0.103205	0.0216315	0.0214801	0.3	0.3	1.01272	-0.329769	0.0192161	0.249531	-0.0329769	-0.0168182	0.3	0.3	0.874416	-0.155373	0.0176531	0.222035	-0.0155373	-0.00683643	0.3	0.3	0.862576	0.0860119	0.0214569	0.291177	0.00860119	0.00587461	0	0	0	0	0	0	0	0	0	0	0	0	0	0	0	0	0	0	-0.101233	0.937255	0	-0.551274	-0.0994614	0	-0.101233	0.937255	0	-0.551274	-0.0994614	0	0	0	0.540302	0	0	1.33858	-0.0697842	0.712298	0.0835	-0.312267	-0.0571489	0	-0.0697842	0.712298	0.0835	-0.312267	-0.0571489	0	0	0	-0.0131506	0	0	0.968056	-0.0732018	0.30186	0.0835	-0.0427476	-0.0586324	0	-0.0732018	0.30186	0.0835	-0.0427476	-0.0586324	0	0	0	-0.00230422	0	0	0.28286	-0.0240742	0.0439315	0.09142	0.0311544	-0.0422341	0	-0.0240742	0.0439315	0.09142	0.0311544	-0.0422341	0	0	0	-0.094222	0	0	0.297695	-0.0697842	0.712298	-0.0835	-0.312267	-0.0571489	0	-0.0697842	0.712298	-0.0835	-0.312267	-0.0571489	0	0	0	-0.0131506	0	0	0.968056	-0.0732018	0.30186	-0.0835	-0.0427476	-0.0586324	0	-0.0732018	0.30186	-0.0835	-0.0427476	-0.0586324	0	0	0	-0.00230422	0	0	0.28286	-0.0240742	0.0439315	-0.09142	0.0311544	-0.0422341	0	-0.0240742	0.0439315	-0.09142	0.0311544	-0.0422341	0	0	0	-0.094222	0	0	0.297695	-0.368208	1.24343	0	-1.06593	-0.540115	0	-0.368208	1.24343	0	-1.06593	-0.540115	0	0	0	0.57567	0	0	1.75514	2.3768	-0.0675487	0.882283	0.0835	-0.000316784	0.0017122	0	-0.00142533	-0.00103719	0	-0.426748	-0.343007	0	0	0	-0.553452	0	0	-0.370526	1737.8	323.282	-1707.47	-0	48.8384	0	0	48.8384	3.07324	-0.0727716	0.488559	0.0835	-1.54749e-05	0.00224197	0	-0.00205201	0.00151527	0	0.867787	-0.0525757	0	0	0	0.0108306	0	0	-0.685196	2247.01	22.1568	-2246.9	-0	10.8263	0	0	10.8263	2.87167	-0.0739527	0.0606483	0.0835	-0.000190228	0.00208771	0	0.000105731	0.00170831	0	0.952263	0.150223	0	0	0	-0.0919166	0	0	0.0148349	2099.63	190.024	-2091.02	-0	0	0	0	0	2.3768	-0.0675487	0.882283	-0.0835	-0.000316784	0.0017122	0	-0.00142533	-0.00103719	0	-0.426748	-0.343007	0	0	0	-0.553452	0	0	-0.370526	1737.8	323.282	-1707.47	-0	48.8384	0	0	48.8384	3.07324	-0.0727716	0.488559	-0.0835	-1.54749e-05	0.00224197	0	-0.00205201	0.00151527	0	0.867787	-0.0525757	0	0	0	0.0108306	0	0	-0.685196	2247.01	22.1568	-2246.9	-0	10.8263	0	0	10.8263	2.87167	-0.0739527	0.0606483	-0.0835	-0.000190228	0.00208771	0	0.000105731	0.00170831	0	0.952263	0.150223	0	0	0	-0.0919166	0	0	0.0148349	2099.63	190.024	-2091.02	-0	0	0	0	0	0.519214	-0.168836	0.991339	0	4.74602e-05	-0.00037507	0	0.000702679	-0.000173837	0	0.543536	0.731886	0	0	0	0.0353596	0	0	0.416556	379.625	-51.6203	376.099	-0	84.1713	0	0	-84.1713	0.0439315	-0.210644	0.928572	1.99931e-10	-0.657899	-0.285336	0	-49.0342	-21.2665	0	-2.76575e-09	-5.27662e-09	15.6115	-0.184171	0.489144	0	-134.657	357.639	0	32.6954	12.3103	20.544	0.0591375	-0.00449955	-0.09142	-0.184171	0.489144	0	-134.657	357.639	0	-32.6954	-12.3103	20.544	0.0591375	-0.00449955	0.09142
0.68	0.553426	1.28595	-0.10707	-0.613084	0.93619	-0.112513	-0.556709	-0.283808	0.00431668	-0.618763	-0.0916713	0.0263387	-0.556709	-0.283808	0.00431668	-0.618763	-0.0916713	0.0263387	0	1	0	0	0	0	1	0	0	0	0	0	0	0	0	0	-0.10707	0.93619	0	0.961959	0	0	0.273195	-0.613084	-0.112513	0	0	0	1.28595	-0.073218	0.711659	0.0835	0.999999	0	0	-0.00164108	-0.371952	-0.069488	0	0	0	1.00215	-0.0738008	0.301217	0.0835	1	0	0	0.000517256	-0.0758379	-0.0689341	0	0	0	0.383384	-0.023799	0.0434827	0.09142	0.998973	0	0	-0.0453029	0.0242847	-0.0469053	0	0	0	0.409723	-0.073218	0.711659	-0.0835	0.999999	0	0	-0.00164108	-0.371952	-0.069488	0	0	0	1.00215	-0.0738008	0.301217	-0.0835	1	0	0	0.000517256	-0.0758379	-0.0689341	0	0	0	0.383384	-0.023799	0.0434827	-0.09142	0.998973	0	0	-0.0453029	0.0242847	-0.0469053	0	0	0	0.409723	-0.378951	1.23809	0	0.956441	0	0	0.291924	-1.08283	-0.529014	0	0	0	1.61562	0.3	0.0575852	0.3	0.132254	0.3	0.0869795	0.3	0.126434	0.3	0.0550893	0.3	0.0514817	0.3	0.0384152	0.3	0.0589596	0.3	0.0575852	0.3	0.132254	0.3	0.0869795	0.3	0.126434	0.3	0.0550893	0.3	0.0514817	0.3	0.0384152	0.3	0.0589596	0.3	0.0685426	0.3	0.0685426	0.3	0.3	0.590012	-0.2435	0.0102979	0.109757	-0.02435	-0.0237656	0.3	0.3	1.19904	-0.151294	0.0221699	0.304977	-0.0151294	-0.0166877	0.3	0.3	0.554363	-0.0719054	0.00703959	0.0690419	-0.00719054	-0.011282	0.3	0.3	1.18606	0.083869	0.0234628	0.33068	0.0083869	0.00894044	0.3	0.3	0.903064	0.399774	0.023666	0.334795	0.0399774	0.0303429	0.3	0.3	0.554776	0.202504	0.00993281	0.104919	0.0202504	0.0201086	0.3	0.3	1.00945	-0.323131	0.0192595	0.250313	-0.0323131	-0.0164797	0.3	0.3	0.873074	-0.113729	0.0179073	0.22642	-0.0113729	-0.00500407	0.3	0.3	0.863245	0.0491383	0.0211766	0.285822	0.00491383	0.00335615	0.3	0.3	0.590012	-0.2435	0.0102979	0.109757	-0.02435	-0.0237656	0.3	0.3	1.19904	-0.151294	0.0221699	0.304977	-0.0151294	-0.0166877	0.3	0.3	0.554363	-0.0719054	0.00703959	0.0690419	-0.00719054	-0.011282	0.3	0.3	1.18606	0.083869	0.0234628	0.33068	0.0083869	0.00894044	0.3	0.3	0.903064	0.399774	0.023666	0.334795	0.0399774	0.0303429	0.3	0.3	0.554776	0.202504	0.00993281	0.104919	0.0202504	0.0201086	0.3	0.3	1.00945	-0.323131	0.0192595	0.250313	-0.0323131	-0.0164797	0.3	0.3	0.873074	-0.113729	0.0179073	0.22642	-0.0113729	-0.00500407	0.3	0.3	0.863245	0.0491383	0.0211766	0.285822	0.00491383	0.00335615	0	0	0	0	0	0	0	0	0	0	0	0	0	0	0	0	0	0	-0.10707	0.93619	0	-0.613084	-0.112513	0	-0.10707	0.93619	0	-0.613084	-0.112513	0	0	0	0.553426	0	0	1.28595	-0.073218	0.711659	0.0835	-0.371952	-0.069488	0	-0.073218	0.711659	0.0835	-0.371952	-0.069488	0	0	0	-0.00328217	0	0	1.00215	-0.0738008	0.301217	0.0835	-0.0758379	-0.0689341	0	-0.0738008	0.301217	0.0835	-0.0758379	-0.0689341	0	0	0	0.00103451	0	0	0.383384	-0.023799	0.0434827	0.09142	0.0242847	-0.0469053	0	-0.023799	0.0434827	0.09142	0.0242847	-0.0469053	0	0	0	-0.0906368	0	0	0.409723	-0.073218	0.711659	-0.0835	-0.371952	-0.069488	0	-0.073218	0.711659	-0.0835	-0.371952	-0.069488	0	0	0	-0.00328217	0	0	1.00215	-0.0738008	0.301217	-0.0835	-0.0758379	-0.0689341	0	-0.0738008	0.301217	-0.0835	-0.0758379	-0.0689341	0	0	0	0.00103451	0	0	0.383384	-0.023799	0.0434827	-0.09142	0.0242847	-0.0469053	0	-0.023799	0.0434827	-0.09142	0.0242847	-0.0469053	0	0	0	-0.0906368	0	0	0.409723	-0.378951	1.23809	0	-1.08283	-0.529014	0	-0.378951	1.23809	0	-1.08283	-0.529014	0	0	0	0.592476	0	0	1.61562	2.36618	-0.07266	0.881658	0.0835	-0.000332586	0.00170135	0	-0.00154579	-0.00109302	0	-0.703325	-0.555474	0	0	0	-0.556708	0	0	-0.283808	1730.04	339.634	-1696.37	-0	45.363	0	0	45.363	3.09169	-0.073994	0.487917	0.0835	-3.41907e-05	0.00225616	0	-0.00194772	0.00122321	0	0.893112	-0.0264381	0	0	0	0.00425674	0	0	-0.618763	2260.5	40.5331	-2260.14	-0	8.10847	0	0	8.10847	2.8927	-0.0737371	0.0600206	0.0835	-0.000187926	0.00210381	0	6.92364e-05	0.00147146	0	0.578314	-0.0494456	0	0	0	-0.0916698	0	0	0.0263387	2115	187.792	-2106.65	-0	0	0	0	0	2.36618	-0.07266	0.881658	-0.0835	-0.000332586	0.00170135	0	-0.00154579	-0.00109302	0	-0.703325	-0.555474	0	0	0	-0.556708	0	0	-0.283808	1730.04	339.634	-1696.37	-0	45.363	0	0	45.363	3.09169	-0.073994	0.487917	-0.0835	-3.41907e-05	0.00225616	0	-0.00194772	0.00122321	0	0.893112	-0.0264381	0	0	0	0.00425674	0	0	-0.618763	2260.5	40.5331	-2260.14	-0	8.10847	0	0	8.10847	2.8927	-0.0737371	0.0600206	-0.0835	-0.000187926	0.00210381	0	6.92364e-05	0.00147146	0	0.578314	-0.0494456	0	0	0	-0.0916698	0	0	0.0263387	2115	187.792	-2106.65	-0	0	0	0	0	0.516504	-0.175371	0.989382	0	5.79953e-05	-0.000374094	0	0.000957251	0.000313312	0	0.840093	1.13759	0	0	0	0.0390509	0	0	0.329663	377.643	-63.6626	372.239	-0	77.6203	0	0	-77.6203	0.0434827	-0.217408	0.925711	1.99931e-10	-0.693849	-0.286561	0	-51.7135	-21.3578	0	-3.61453e-10	7.17908e-09	15.0872	-0.181409	0.498018	0	-132.638	364.128	0	33.2885	12.1258	21.0568	0.0594944	-0.00457466	-0.09142	-0.181409	0.498018	0	-132.638	364.128	0	-33.2885	-12.1258	21.0568	0.0594944	-0.00457466	0.09142
0.69	0.566074	1.24345	-0.113497	-0.66886	0.935013	-0.121893	-0.559215	-0.219085	-0.00145853	-0.538962	-0.0915049	0.00282019	-0.559215	-0.219085	-0.00145853	-0.538962	-0.0915049	0.00282019	0	1	0	0	0	0	1	0	0	0	0	0	0	0	0	0	-0.113497	0.935013	0	0.960212	0	0	0.279273	-0.66886	-0.121893	0	0	0	1.24345	-0.0772292	0.710918	0.0835	0.999994	0	0	0.00342971	-0.426955	-0.0778262	0	0	0	1.02436	-0.0747231	0.300493	0.0835	0.999996	0	0	0.00270045	-0.106757	-0.0749287	0	0	0	0.485402	-0.0235846	0.0430017	0.09142	0.999073	0	0	-0.0430387	0.0191155	-0.0487723	0	0	0	0.488222	-0.0772292	0.710918	-0.0835	0.999994	0	0	0.00342971	-0.426955	-0.0778262	0	0	0	1.02436	-0.0747231	0.300493	-0.0835	0.999996	0	0	0.00270045	-0.106757	-0.0749287	0	0	0	0.485402	-0.0235846	0.0430017	-0.09142	0.999073	0	0	-0.0430387	0.0191155	-0.0487723	0	0	0	0.488222	-0.389883	1.23285	0	0.954141	0	0	0.299357	-1.10329	-0.519514	0	0	0	1.50638	0.3	0.0573651	0.3	0.132096	0.3	0.0868804	0.3	0.126514	0.3	0.0552807	0.3	0.0513195	0.3	0.0383718	0.3	0.0589853	0.3	0.0573651	0.3	0.132096	0.3	0.0868804	0.3	0.126514	0.3	0.0552807	0.3	0.0513195	0.3	0.0383718	0.3	0.0589853	0.3	0.0688356	0.3	0.0688356	0.3	0.3	0.587757	-0.205785	0.0103068	0.109875	-0.0205785	-0.0200846	0.3	0.3	1.19761	-0.133774	0.0222541	0.306621	-0.0133774	-0.0147553	0.3	0.3	0.553731	-0.0543357	0.00704115	0.06906	-0.00543357	-0.00852527	0.3	0.3	1.18681	0.066281	0.0233503	0.328409	0.0066281	0.00706555	0.3	0.3	0.906925	0.370143	0.0235479	0.332401	0.0370143	0.0280939	0.3	0.3	0.556704	0.181505	0.0100214	0.106085	0.0181505	0.0180235	0.3	0.3	1.00627	-0.311933	0.0193365	0.2517	-0.0311933	-0.0159086	0.3	0.3	0.872086	-0.0848379	0.0180845	0.229495	-0.00848379	-0.00373287	0.3	0.3	0.86362	0.0275465	0.0210053	0.282571	0.00275465	0.00188143	0.3	0.3	0.587757	-0.205785	0.0103068	0.109875	-0.0205785	-0.0200846	0.3	0.3	1.19761	-0.133774	0.0222541	0.306621	-0.0133774	-0.0147553	0.3	0.3	0.553731	-0.0543357	0.00704115	0.06906	-0.00543357	-0.00852527	0.3	0.3	1.18681	0.066281	0.0233503	0.328409	0.0066281	0.00706555	0.3	0.3	0.906925	0.370143	0.0235479	0.332401	0.0370143	0.0280939	0.3	0.3	0.556704	0.181505	0.0100214	0.106085	0.0181505	0.0180235	0.3	0.3	1.00627	-0.311933	0.0193365	0.2517	-0.0311933	-0.0159086	0.3	0.3	0.872086	-0.0848379	0.0180845	0.229495	-0.00848379	-0.00373287	0.3	0.3	0.86362	0.0275465	0.0210053	0.282571	0.00275465	0.00188143	0	0	0	0	0	0	0	0	0	0	0	0	0	0	0	0	0	0	-0.113497	0.935013	0	-0.66886	-0.121893	0	-0.113497	0.935013	0	-0.66886	-0.121893	0	0	0	0.566074	0	0	1.24345	-0.0772292	0.710918	0.0835	-0.426955	-0.0778262	0	-0.0772292	0.710918	0.0835	-0.426955	-0.0778262	0	0	0	0.00685943	0	0	1.02436	-0.0747231	0.300493	0.0835	-0.106757	-0.0749287	0	-0.0747231	0.300493	0.0835	-0.106757	-0.0749287	0	0	0	0.0054009	0	0	0.485402	-0.0235846	0.0430017	0.09142	0.0191155	-0.0487723	0	-0.0235846	0.0430017	0.09142	0.0191155	-0.0487723	0	0	0	-0.086104	0	0	0.488222	-0.0772292	0.710918	-0.0835	-0.426955	-0.0778262	0	-0.0772292	0.710918	-0.0835	-0.426955	-0.0778262	0	0	0	0.00685943	0	0	1.02436	-0.0747231	0.300493	-0.0835	-0.106757	-0.0749287	0	-0.0747231	0.300493	-0.0835	-0.106757	-0.0749287	0	0	0	0.0054009	0	0	0.485402	-0.0235846	0.0430017	-0.09142	0.0191155	-0.0487723	0	-0.0235846	0.0430017	-0.09142	0.0191155	-0.0487723	0	0	0	-0.086104	0	0	0.488222	-0.389883	1.23285	0	-1.10329	-0.519514	0	-0.389883	1.23285	0	-1.10329	-0.519514	0	0	0	0.608037	0	0	1.50638	2.35463	-0.0783953	0.880914	0.0835	-0.000349328	0.00168976	0	-0.00160366	-0.00120865	0	-0.638011	-0.557187	0	0	0	-0.559215	0	0	-0.219085	1721.6	356.64	-1684.25	-0	41.7294	0	0	41.7294	3.10511	-0.0757315	0.48719	0.0835	-5.24744e-05	0.00226688	0	-0.00192581	0.000820026	0	0.730119	0.0183739	0	0	0	-0.00119604	0	0	-0.538962	2270.31	58.7455	-2269.55	-0	5.34922	0	0	5.34922	2.9095	-0.0735971	0.0593131	0.0835	-0.00018803	0.0021168	0	-0.000187682	0.00110134	0	0.26869	-0.0182799	0	0	0	-0.0915057	0	0	0.00282019	2127.29	188.393	-2118.93	-0	0	0	0	0	2.35463	-0.0783953	0.880914	-0.0835	-0.000349328	0.00168976	0	-0.00160366	-0.00120865	0	-0.638011	-0.557187	0	0	0	-0.559215	0	0	-0.219085	1721.6	356.64	-1684.25	-0	41.7294	0	0	41.7294	3.10511	-0.0757315	0.48719	-0.0835	-5.24744e-05	0.00226688	0	-0.00192581	0.000820026	0	0.730119	0.0183739	0	0	0	-0.00119604	0	0	-0.538962	2270.31	58.7455	-2269.55	-0	5.34922	0	0	5.34922	2.9095	-0.0735971	0.0593131	-0.0835	-0.00018803	0.0021168	0	-0.000187682	0.00110134	0	0.26869	-0.0182799	0	0	0	-0.0915057	0	0	0.00282019	2127.29	188.393	-2118.93	-0	0	0	0	0	0.510108	-0.182458	0.987341	0	7.00355e-05	-0.000369247	0	0.000927687	0.00067687	0	0.756054	1.07064	0	0	0	0.0419646	0	0	0.26293	372.967	-75.5277	365.24	-0	70.7748	0	0	-70.7748	0.0430017	-0.224531	0.922846	1.99931e-10	-0.72904	-0.28642	0	-54.3364	-21.3472	0	1.10056e-09	1.63995e-08	14.7035	-0.176961	0.502947	0	-129.385	367.731	0	33.618	11.8284	21.3956	0.0598106	-0.00462627	-0.09142	-0.176961	0.502947	0	-129.385	367.731	0	-33.618	-11.8284	21.3956	0.0598106	-0.00462627	0.09142
0.7	0.578353	1.21181	-0.120451	-0.719709	0.933759	-0.128471	-0.561157	-0.169364	-0.00643218	-0.458596	-0.091703	-0.0445685	-0.561157	-0.169364	-0.00643218	-0.458596	-0.091703	-0.0445685	0	1	0	0	0	0	1	0	0	0	0	0	0	0	0	0	-0.120451	0.933759	0	0.958479	0	0	0.285163	-0.719709	-0.128471	0	0	0	1.21181	-0.0817603	0.710111	0.0835	0.999963	0	0	0.00859782	-0.477053	-0.0829203	0	0	0	1.04244	-0.0759356	0.299729	0.0835	0.999986	0	0	0.00538181	-0.13443	-0.0772304	0	0	0	0.583846	-0.0234126	0.0425153	0.09142	0.999181	0	0	-0.0404586	0.0156393	-0.0481521	0	0	0	0.539278	-0.0817603	0.710111	-0.0835	0.999963	0	0	0.00859782	-0.477053	-0.0829203	0	0	0	1.04244	-0.0759356	0.299729	-0.0835	0.999986	0	0	0.00538181	-0.13443	-0.0772304	0	0	0	0.583846	-0.0234126	0.0425153	-0.09142	0.999181	0	0	-0.0404586	0.0156393	-0.0481521	0	0	0	0.539278	-0.401035	1.22769	0	0.951927	0	0	0.306324	-1.12692	-0.512451	0	0	0	1.42385	0.3	0.0571813	0.3	0.131959	0.3	0.0868053	0.3	0.126578	0.3	0.0554507	0.3	0.0511634	0.3	0.0383381	0.3	0.0590011	0.3	0.0571813	0.3	0.131959	0.3	0.0868053	0.3	0.126578	0.3	0.0554507	0.3	0.0511634	0.3	0.0383381	0.3	0.0590011	0.3	0.0691046	0.3	0.0691046	0.3	0.3	0.585874	-0.170071	0.0103268	0.110142	-0.0170071	-0.0165989	0.3	0.3	1.19636	-0.114374	0.0223553	0.308609	-0.0114374	-0.0126154	0.3	0.3	0.553252	-0.0415131	0.00704067	0.0690544	-0.00415131	-0.0065134	0.3	0.3	1.18741	0.0535272	0.023268	0.326752	0.00535272	0.005706	0.3	0.3	0.910469	0.337274	0.0234006	0.329421	0.0337274	0.0255991	0.3	0.3	0.558416	0.159804	0.0100857	0.106936	0.0159804	0.0158686	0.3	0.3	1.0032	-0.300051	0.0194193	0.253199	-0.0300051	-0.0153026	0.3	0.3	0.87132	-0.0701722	0.0181705	0.230994	-0.00701722	-0.00308758	0.3	0.3	0.863853	0.0211533	0.0209552	0.281624	0.00211533	0.00144477	0.3	0.3	0.585874	-0.170071	0.0103268	0.110142	-0.0170071	-0.0165989	0.3	0.3	1.19636	-0.114374	0.0223553	0.308609	-0.0114374	-0.0126154	0.3	0.3	0.553252	-0.0415131	0.00704067	0.0690544	-0.00415131	-0.0065134	0.3	0.3	1.18741	0.0535272	0.023268	0.326752	0.00535272	0.005706	0.3	0.3	0.910469	0.337274	0.0234006	0.329421	0.0337274	0.0255991	0.3	0.3	0.558416	0.159804	0.0100857	0.106936	0.0159804	0.0158686	0.3	0.3	1.0032	-0.300051	0.0194193	0.253199	-0.0300051	-0.0153026	0.3	0.3	0.87132	-0.0701722	0.0181705	0.230994	-0.00701722	-0.00308758	0.3	0.3	0.863853	0.0211533	0.0209552	0.281624	0.00211533	0.00144477	0	0	0	0	0	0	0	0	0	0	0	0	0	0	0	0	0	0	-0.120451	0.933759	0	-0.719709	-0.128471	0	-0.120451	0.933759	0	-0.719709	-0.128471	0	0	0	0.578353	0	0	1.21181	-0.0817603	0.710111	0.0835	-0.477053	-0.0829203	0	-0.0817603	0.710111	0.0835	-0.477053	-0.0829203	0	0	0	0.0171958	0	0	1.04244	-0.0759356	0.299729	0.0835	-0.13443	-0.0772304	0	-0.0759356	0.299729	0.0835	-0.13443	-0.0772304	0	0	0	0.0107637	0	0	0.583846	-0.0234126	0.0425153	0.09142	0.0156393	-0.0481521	0	-0.0234126	0.0425153	0.09142	0.0156393	-0.0481521	0	0	0	-0.0809393	0	0	0.539278	-0.0817603	0.710111	-0.0835	-0.477053	-0.0829203	0	-0.0817603	0.710111	-0.0835	-0.477053	-0.0829203	0	0	0	0.0171958	0	0	1.04244	-0.0759356	0.299729	-0.0835	-0.13443	-0.0772304	0	-0.0759356	0.299729	-0.0835	-0.13443	-0.0772304	0	0	0	0.0107637	0	0	0.583846	-0.0234126	0.0425153	-0.09142	0.0156393	-0.0481521	0	-0.0234126	0.0425153	-0.09142	0.0156393	-0.0481521	0	0	0	-0.0809393	0	0	0.539278	-0.401035	1.22769	0	-1.12692	-0.512451	0	-0.401035	1.22769	0	-1.12692	-0.512451	0	0	0	0.622657	0	0	1.42385	2.34204	-0.0846834	0.880086	0.0835	-0.000366181	0.00167701	0	-0.00160551	-0.00128312	0	-0.615677	-0.526834	0	0	0	-0.561158	0	0	-0.169364	1712.39	373.501	-1671.16	-0	38.2802	0	0	38.2802	3.11358	-0.0779451	0.486418	0.0835	-7.09072e-05	0.00227368	0	-0.00193246	0.000465602	0	0.634105	-0.0396872	0	0	0	-0.00640375	0	0	-0.458596	2276.5	77.1998	-2275.19	-0	2.90654	0	0	2.90654	2.91995	-0.0735087	0.0585682	0.0835	-0.00019189	0.00212514	0	-0.000628808	0.000533625	0	0.308542	-0.00276997	0	0	0	-0.0917036	0	0	-0.0445685	2134.93	193.106	-2126.18	-0	0	0	0	0	2.34204	-0.0846834	0.880086	-0.0835	-0.000366181	0.00167701	0	-0.00160551	-0.00128312	0	-0.615677	-0.526834	0	0	0	-0.561158	0	0	-0.169364	1712.39	373.501	-1671.16	-0	38.2802	0	0	38.2802	3.11358	-0.0779451	0.486418	-0.0835	-7.09072e-05	0.00227368	0	-0.00193246	0.000465602	0	0.634105	-0.0396872	0	0	0	-0.00640375	0	0	-0.458596	2276.5	77.1998	-2275.19	-0	2.90654	0	0	2.90654	2.91995	-0.0735087	0.0585682	-0.0835	-0.00019189	0.00212514	0	-0.000628808	0.000533625	0	0.308542	-0.00276997	0	0	0	-0.0917036	0	0	-0.0445685	2134.93	193.106	-2126.18	-0	0	0	0	0	0.50051	-0.190043	0.985243	0	8.04812e-05	-0.000361014	0	0.000828266	0.000872493	0	0.725239	1.03904	0	0	0	0.0442975	0	0	0.212048	365.949	-85.3848	355.849	-0	64.5493	0	0	-64.5493	0.0425153	-0.231999	0.919985	1.99931e-10	-0.763305	-0.285694	0	-56.8902	-21.2932	0	-7.233e-09	1.72598e-08	14.4597	-0.172181	0.503753	0	-125.891	368.321	0	33.6719	11.5089	21.5489	0.0600964	-0.00465393	-0.09142	-0.172181	0.503753	0	-125.891	368.321	0	-33.6719	-11.5089	21.5489	0.0600964	-0.00465393	0.09142
0.71	0.590371	1.19183	-0.12789	-0.766659	0.932448	-0.133376	-0.562661	-0.131611	-0.010631	-0.38404	-0.0924546	-0.106663	-0.562661	-0.131611	-0.010631	-0.38404	-0.0924546	-0.106663	0	1	0	0	0	0	1	0	0	0	0	0	0	0	0	0	-0.12789	0.932448	0	0.956748	0	0	0.290917	-0.766659	-0.133376	0	0	0	1.19183	-0.0867674	0.709265	0.0835	0.999904	0	0	0.0138542	-0.522669	-0.0859185	0	0	0	1.06022	-0.0774072	0.298956	0.0835	0.999964	0	0	0.00853908	-0.158842	-0.0771063	0	0	0	0.676183	-0.0232674	0.0420447	0.09142	0.99929	0	0	-0.0376792	0.0136385	-0.0457737	0	0	0	0.56952	-0.0867674	0.709265	-0.0835	0.999904	0	0	0.0138542	-0.522669	-0.0859185	0	0	0	1.06022	-0.0774072	0.298956	-0.0835	0.999964	0	0	0.00853908	-0.158842	-0.0771063	0	0	0	0.676183	-0.0232674	0.0420447	-0.09142	0.99929	0	0	-0.0376792	0.0136385	-0.0457737	0	0	0	0.56952	-0.412437	1.22259	0	0.949774	0	0	0.312938	-1.15318	-0.508277	0	0	0	1.36317	0.3	0.0570312	0.3	0.131843	0.3	0.0867484	0.3	0.126629	0.3	0.055599	0.3	0.051013	0.3	0.0383079	0.3	0.0590173	0.3	0.0570312	0.3	0.131843	0.3	0.0867484	0.3	0.126629	0.3	0.055599	0.3	0.051013	0.3	0.0383079	0.3	0.0590173	0.3	0.0693481	0.3	0.0693481	0.3	0.3	0.584336	-0.137519	0.0103535	0.110498	-0.0137519	-0.0134218	0.3	0.3	1.19532	-0.0949766	0.0224619	0.310705	-0.00949766	-0.0104759	0.3	0.3	0.55289	-0.0311447	0.00704179	0.0690683	-0.00311447	-0.0048866	0.3	0.3	1.18789	0.043679	0.0232042	0.325466	0.0043679	0.00465618	0.3	0.3	0.913677	0.303535	0.0232358	0.326103	0.0303535	0.0230383	0.3	0.3	0.559909	0.138677	0.010131	0.107536	0.0138677	0.0137706	0.3	0.3	1.00025	-0.290061	0.0194895	0.254471	-0.0290061	-0.0147931	0.3	0.3	0.870635	-0.0689565	0.0181669	0.230931	-0.00689565	-0.00303409	0.3	0.3	0.86409	0.028645	0.021021	0.282867	0.0028645	0.00195646	0.3	0.3	0.584336	-0.137519	0.0103535	0.110498	-0.0137519	-0.0134218	0.3	0.3	1.19532	-0.0949766	0.0224619	0.310705	-0.00949766	-0.0104759	0.3	0.3	0.55289	-0.0311447	0.00704179	0.0690683	-0.00311447	-0.0048866	0.3	0.3	1.18789	0.043679	0.0232042	0.325466	0.0043679	0.00465618	0.3	0.3	0.913677	0.303535	0.0232358	0.326103	0.0303535	0.0230383	0.3	0.3	0.559909	0.138677	0.010131	0.107536	0.0138677	0.0137706	0.3	0.3	1.00025	-0.290061	0.0194895	0.254471	-0.0290061	-0.0147931	0.3	0.3	0.870635	-0.0689565	0.0181669	0.230931	-0.00689565	-0.00303409	0.3	0.3	0.86409	0.028645	0.021021	0.282867	0.0028645	0.00195646	0	0	0	0	0	0	0	0	0	0	0	0	0	0	0	0	0	0	-0.12789	0.932448	0	-0.766659	-0.133376	0	-0.12789	0.932448	0	-0.766659	-0.133376	0	0	0	0.59037	0	0	1.19183	-0.0867674	0.709265	0.0835	-0.522669	-0.0859185	0	-0.0867674	0.709265	0.0835	-0.522669	-0.0859185	0	0	0	0.0277093	0	0	1.06022	-0.0774072	0.298956	0.0835	-0.158842	-0.0771063	0	-0.0774072	0.298956	0.0835	-0.158842	-0.0771063	0	0	0	0.0170784	0	0	0.676183	-0.0232674	0.0420447	0.09142	0.0136385	-0.0457737	0	-0.0232674	0.0420447	0.09142	0.0136385	-0.0457737	0	0	0	-0.0753762	0	0	0.56952	-0.0867674	0.709265	-0.0835	-0.522669	-0.0859185	0	-0.0867674	0.709265	-0.0835	-0.522669	-0.0859185	0	0	0	0.0277093	0	0	1.06022	-0.0774072	0.298956	-0.0835	-0.158842	-0.0771063	0	-0.0774072	0.298956	-0.0835	-0.158842	-0.0771063	0	0	0	0.0170784	0	0	0.676183	-0.0232674	0.0420447	-0.09142	0.0136385	-0.0457737	0	-0.0232674	0.0420447	-0.09142	0.0136385	-0.0457737	0	0	0	-0.0753762	0	0	0.56952	-0.412437	1.22259	0	-1.15318	-0.508277	0	-0.412437	1.22259	0	-1.15318	-0.508277	0	0	0	0.636569	0	0	1.36317	2.32859	-0.0914773	0.8792	0.0835	-0.000382811	0.00166357	0	-0.00162417	-0.00139063	0	-0.200779	-0.195117	0	0	0	-0.562661	0	0	-0.131611	1702.55	390.216	-1657.23	-0	35.2922	0	0	35.2922	3.11598	-0.0805955	0.485628	0.0835	-8.96752e-05	0.00227618	0	-0.00191715	1.76579e-05	0	0.186556	-0.0373076	0	0	0	-0.0106082	0	0	-0.38404	2278.26	95.918	-2276.24	-0	0.879892	0	0	0.879892	2.9229	-0.0734521	0.0578187	0.0835	-0.000199884	0.00212765	0	-0.000994192	-5.80475e-05	0	0.101318	0.0820646	0	0	0	-0.0924521	0	0	-0.106663	2137.08	201.807	-2127.54	-0	0	0	0	0	2.32859	-0.0914773	0.8792	-0.0835	-0.000382811	0.00166357	0	-0.00162417	-0.00139063	0	-0.200779	-0.195117	0	0	0	-0.562661	0	0	-0.131611	1702.55	390.216	-1657.23	-0	35.2922	0	0	35.2922	3.11598	-0.0805955	0.485628	-0.0835	-8.96752e-05	0.00227618	0	-0.00191715	1.76579e-05	0	0.186556	-0.0373076	0	0	0	-0.0106082	0	0	-0.38404	2278.26	95.918	-2276.24	-0	0.879892	0	0	0.879892	2.9229	-0.0734521	0.0578187	-0.0835	-0.000199884	0.00212765	0	-0.000994192	-5.80475e-05	0	0.101318	0.0820646	0	0	0	-0.0924521	0	0	-0.106663	2137.08	201.807	-2127.54	-0	0	0	0	0	0.488794	-0.198092	0.983102	0	8.92878e-05	-0.000351183	0	0.000737429	0.0010623	0	0.215424	0.33887	0	0	0	0.0461946	0	0	0.171336	357.383	-93.6536	344.894	-0	58.8214	0	0	-58.8214	0.0420447	-0.239803	0.917131	1.99931e-10	-0.796667	-0.285208	0	-59.3767	-21.257	0	-5.34179e-09	1.48784e-08	14.3384	-0.167772	0.500475	0	-122.667	365.924	0	33.4527	11.2142	21.5165	0.0603616	-0.00465679	-0.09142	-0.167772	0.500475	0	-122.667	365.924	0	-33.4527	-11.2142	21.5165	0.0603616	-0.00465679	0.09142
0.72	0.602228	1.18032	-0.135786	-0.810525	0.931092	-0.137765	-0.563818	-0.100689	-0.0141205	-0.31763	-0.0938782	-0.175996	-0.563818	-0.100689	-0.0141205	-0.31763	-0.0938782	-0.175996	0	1	0	0	0	0	1	0	0	0	0	0	0	0	0	0	-0.135786	0.931092	0	0.955007	0	0	0.296584	-0.810525	-0.137765	0	0	0	1.18032	-0.092213	0.708395	0.0835	0.999816	0	0	0.0192037	-0.564421	-0.0880073	0	0	0	1.07963	-0.0791089	0.298191	0.0835	0.999926	0	0	0.0121443	-0.180335	-0.0756397	0	0	0	0.762001	-0.0231365	0.0416039	0.09142	0.999395	0	0	-0.0347875	0.0127376	-0.0424091	0	0	0	0.586005	-0.092213	0.708395	-0.0835	0.999816	0	0	0.0192037	-0.564421	-0.0880073	0	0	0	1.07963	-0.0791089	0.298191	-0.0835	0.999926	0	0	0.0121443	-0.180335	-0.0756397	0	0	0	0.762001	-0.0231365	0.0416039	-0.09142	0.999395	0	0	-0.0347875	0.0127376	-0.0424091	0	0	0	0.586005	-0.424113	1.21752	0	0.947656	0	0	0.319292	-1.18149	-0.507326	0	0	0	1.31979	0.3	0.056911	0.3	0.131749	0.3	0.0867061	0.3	0.126672	0.3	0.0557271	0.3	0.0508668	0.3	0.0382757	0.3	0.0590428	0.3	0.056911	0.3	0.131749	0.3	0.0867061	0.3	0.126672	0.3	0.0557271	0.3	0.0508668	0.3	0.0382757	0.3	0.0590428	0.3	0.0695663	0.3	0.0695663	0.3	0.3	0.583105	-0.108265	0.010385	0.110921	-0.0108265	-0.0105666	0.3	0.3	1.19446	-0.0764187	0.0225679	0.312795	-0.00764187	-0.00842898	0.3	0.3	0.55262	-0.0228099	0.00704417	0.0690961	-0.00228099	-0.00357888	0.3	0.3	1.18829	0.0360876	0.0231546	0.324473	0.00360876	0.00384694	0.3	0.3	0.916552	0.270655	0.0230639	0.322653	0.0270655	0.0205427	0.3	0.3	0.561199	0.118953	0.0101621	0.107948	0.0118953	0.011812	0.3	0.3	0.997387	-0.283684	0.019534	0.255278	-0.0283684	-0.0144679	0.3	0.3	0.869902	-0.0798495	0.0180808	0.229429	-0.00798495	-0.00351338	0.3	0.3	0.864462	0.0484175	0.0211878	0.286035	0.00484175	0.00330691	0.3	0.3	0.583105	-0.108265	0.010385	0.110921	-0.0108265	-0.0105666	0.3	0.3	1.19446	-0.0764187	0.0225679	0.312795	-0.00764187	-0.00842898	0.3	0.3	0.55262	-0.0228099	0.00704417	0.0690961	-0.00228099	-0.00357888	0.3	0.3	1.18829	0.0360876	0.0231546	0.324473	0.00360876	0.00384694	0.3	0.3	0.916552	0.270655	0.0230639	0.322653	0.0270655	0.0205427	0.3	0.3	0.561199	0.118953	0.0101621	0.107948	0.0118953	0.011812	0.3	0.3	0.997387	-0.283684	0.019534	0.255278	-0.0283684	-0.0144679	0.3	0.3	0.869902	-0.0798495	0.0180808	0.229429	-0.00798495	-0.00351338	0.3	0.3	0.864462	0.0484175	0.0211878	0.286035	0.00484175	0.00330691	0	0	0	0	0	0	0	0	0	0	0	0	0	0	0	0	0	0	-0.135786	0.931092	0	-0.810525	-0.137765	0	-0.135786	0.931092	0	-0.810525	-0.137765	0	0	0	0.602228	0	0	1.18032	-0.092213	0.708395	0.0835	-0.564421	-0.0880073	0	-0.092213	0.708395	0.0835	-0.564421	-0.0880073	0	0	0	0.0384097	0	0	1.07963	-0.0791089	0.298191	0.0835	-0.180335	-0.0756397	0	-0.0791089	0.298191	0.0835	-0.180335	-0.0756397	0	0	0	0.0242891	0	0	0.762001	-0.0231365	0.0416039	0.09142	0.0127376	-0.0424091	0	-0.0231365	0.0416039	0.09142	0.0127376	-0.0424091	0	0	0	-0.0695891	0	0	0.586005	-0.092213	0.708395	-0.0835	-0.564421	-0.0880073	0	-0.092213	0.708395	-0.0835	-0.564421	-0.0880073	0	0	0	0.0384097	0	0	1.07963	-0.0791089	0.298191	-0.0835	-0.180335	-0.0756397	0	-0.0791089	0.298191	-0.0835	-0.180335	-0.0756397	0	0	0	0.0242891	0	0	0.762001	-0.0231365	0.0416039	-0.09142	0.0127376	-0.0424091	0	-0.0231365	0.0416039	-0.09142	0.0127376	-0.0424091	0	0	0	-0.0695891	0	0	0.586005	-0.424113	1.21752	0	-1.18149	-0.507326	0	-0.424113	1.21752	0	-1.18149	-0.507326	0	0	0	0.649964	0	0	1.31979	2.3144	-0.098741	0.87827	0.0835	-0.000399224	0.00164941	0	-0.00159073	-0.00148611	0	-0.038311	-0.0592369	0	0	0	-0.563818	0	0	-0.100689	1692.18	406.477	-1642.63	-0	32.5251	0	0	32.5251	3.11289	-0.0836433	0.484836	0.0835	-0.000108749	0.00227457	0	-0.00195411	-0.000457115	0	0.0878623	-0.0749868	0	0	0	-0.014118	0	0	-0.31763	2276	115.112	-2273.08	-0	0.754862	0	0	-0.754862	2.91806	-0.0734116	0.0570872	0.0835	-0.000211611	0.00212419	0	-0.00134107	-0.000733517	0	-0.0194766	0.20728	0	0	0	-0.0938755	0	0	-0.175996	2133.55	214.205	-2122.77	-0	0	0	0	0	2.3144	-0.098741	0.87827	-0.0835	-0.000399224	0.00164941	0	-0.00159073	-0.00148611	0	-0.038311	-0.0592369	0	0	0	-0.563818	0	0	-0.100689	1692.18	406.477	-1642.63	-0	32.5251	0	0	32.5251	3.11289	-0.0836433	0.484836	-0.0835	-0.000108749	0.00227457	0	-0.00195411	-0.000457115	0	0.0878623	-0.0749868	0	0	0	-0.014118	0	0	-0.31763	2276	115.112	-2273.08	-0	0.754862	0	0	-0.754862	2.91806	-0.0734116	0.0570872	-0.0835	-0.000211611	0.00212419	0	-0.00134107	-0.000733517	0	-0.0194766	0.20728	0	0	0	-0.0938755	0	0	-0.175996	2133.55	214.205	-2122.77	-0	0	0	0	0	0.475527	-0.20658	0.980919	0	9.68724e-05	-0.000340201	0	0.000508547	0.00121182	0	0.0299416	0.0950843	0	0	0	0.047733	0	0	0.139475	347.683	-99.8832	333.027	-0	53.9151	0	0	-53.9151	0.0416039	-0.247939	0.914277	1.99931e-10	-0.829194	-0.285727	0	-61.801	-21.2957	0	1.18398e-09	1.08812e-08	14.3185	-0.163837	0.493373	0	-119.79	360.731	0	32.978	10.9512	21.3104	0.0606148	-0.0046351	-0.09142	-0.163837	0.493373	0	-119.79	360.731	0	-32.978	-10.9512	21.3104	0.0606148	-0.0046351	0.09142
0.73	0.614004	1.17655	-0.144111	-0.85198	0.929689	-0.142661	-0.564685	-0.0751652	-0.0169874	-0.259904	-0.0960282	-0.250539	-0.564685	-0.0751652	-0.0169874	-0.259904	-0.0960282	-0.250539	0	1	0	0	0	0	1	0	0	0	0	0	0	0	0	0	-0.144111	0.929689	0	0.953244	0	0	0.302202	-0.85198	-0.142661	0	0	0	1.17655	-0.0980625	0.707504	0.0835	0.999696	0	0	0.0246567	-0.602976	-0.0902317	0	0	0	1.10139	-0.0810141	0.297445	0.0835	0.999869	0	0	0.0161648	-0.199325	-0.0737245	0	0	0	0.841483	-0.0230103	0.0411998	0.09142	0.999493	0	0	-0.0318432	0.01261	-0.0386284	0	0	0	0.590944	-0.0980625	0.707504	-0.0835	0.999696	0	0	0.0246567	-0.602976	-0.0902317	0	0	0	1.10139	-0.0810141	0.297445	-0.0835	0.999869	0	0	0.0161648	-0.199325	-0.0737245	0	0	0	0.841483	-0.0230103	0.0411998	-0.09142	0.999493	0	0	-0.0318432	0.01261	-0.0386284	0	0	0	0.590944	-0.436084	1.21243	0	0.945556	0	0	0.32546	-1.21129	-0.509936	0	0	0	1.29019	0.3	0.0568176	0.3	0.131673	0.3	0.0866759	0.3	0.126707	0.3	0.0558369	0.3	0.0507228	0.3	0.0382365	0.3	0.059085	0.3	0.0568176	0.3	0.131673	0.3	0.0866759	0.3	0.126707	0.3	0.0558369	0.3	0.0507228	0.3	0.0382365	0.3	0.059085	0.3	0.0697605	0.3	0.0697605	0.3	0.3	0.582148	-0.0823444	0.0104204	0.111393	-0.00823444	-0.00803682	0.3	0.3	1.19378	-0.0594082	0.0226679	0.314775	-0.00594082	-0.00655272	0.3	0.3	0.552428	-0.0155453	0.0070493	0.0691558	-0.00155453	-0.00243906	0.3	0.3	1.18862	0.0300014	0.0231149	0.323675	0.00300014	0.00319815	0.3	0.3	0.919111	0.239951	0.0228936	0.319257	0.0239951	0.0182123	0.3	0.3	0.562305	0.102223	0.0101873	0.108282	0.0102223	0.0101508	0.3	0.3	0.994564	-0.281546	0.0195474	0.255521	-0.0281546	-0.0143588	0.3	0.3	0.869011	-0.100804	0.0179248	0.226721	-0.0100804	-0.00443538	0.3	0.3	0.865081	0.0783509	0.0214333	0.290724	0.00783509	0.00535137	0.3	0.3	0.582148	-0.0823444	0.0104204	0.111393	-0.00823444	-0.00803682	0.3	0.3	1.19378	-0.0594082	0.0226679	0.314775	-0.00594082	-0.00655272	0.3	0.3	0.552428	-0.0155453	0.0070493	0.0691558	-0.00155453	-0.00243906	0.3	0.3	1.18862	0.0300014	0.0231149	0.323675	0.00300014	0.00319815	0.3	0.3	0.919111	0.239951	0.0228936	0.319257	0.0239951	0.0182123	0.3	0.3	0.562305	0.102223	0.0101873	0.108282	0.0102223	0.0101508	0.3	0.3	0.994564	-0.281546	0.0195474	0.255521	-0.0281546	-0.0143588	0.3	0.3	0.869011	-0.100804	0.0179248	0.226721	-0.0100804	-0.00443538	0.3	0.3	0.865081	0.0783509	0.0214333	0.290724	0.00783509	0.00535137	0	0	0	0	0	0	0	0	0	0	0	0	0	0	0	0	0	0	-0.144111	0.929689	0	-0.85198	-0.142661	0	-0.144111	0.929689	0	-0.85198	-0.142661	0	0	0	0.614004	0	0	1.17655	-0.0980625	0.707504	0.0835	-0.602976	-0.0902317	0	-0.0980625	0.707504	0.0835	-0.602976	-0.0902317	0	0	0	0.0493184	0	0	1.10139	-0.0810141	0.297445	0.0835	-0.199325	-0.0737245	0	-0.0810141	0.297445	0.0835	-0.199325	-0.0737245	0	0	0	0.0323309	0	0	0.841483	-0.0230103	0.0411998	0.09142	0.01261	-0.0386284	0	-0.0230103	0.0411998	0.09142	0.01261	-0.0386284	0	0	0	-0.0636973	0	0	0.590944	-0.0980625	0.707504	-0.0835	-0.602976	-0.0902317	0	-0.0980625	0.707504	-0.0835	-0.602976	-0.0902317	0	0	0	0.0493184	0	0	1.10139	-0.0810141	0.297445	-0.0835	-0.199325	-0.0737245	0	-0.0810141	0.297445	-0.0835	-0.199325	-0.0737245	0	0	0	0.0323309	0	0	0.841483	-0.0230103	0.0411998	-0.09142	0.01261	-0.0386284	0	-0.0230103	0.0411998	-0.09142	0.01261	-0.0386284	0	0	0	-0.0636973	0	0	0.590944	-0.436084	1.21243	0	-1.21129	-0.509936	0	-0.436084	1.21243	0	-1.21129	-0.509936	0	0	0	0.662997	0	0	1.29019	2.29921	-0.106443	0.877297	0.0835	-0.000415079	0.00163452	0	-0.00156927	-0.00160811	0	0.0601473	0.0471197	0	0	0	-0.564685	0	0	-0.0751652	1681.07	422.234	-1627.18	-0	30.0112	0	0	30.0112	3.10458	-0.0870492	0.484047	0.0835	-0.00012818	0.00226867	0	-0.00198314	-0.00084231	0	-0.0517054	0.0261199	0	0	0	-0.0169849	0	0	-0.259904	2269.93	134.637	-2265.93	-0	2.05708	0	0	-2.05708	2.90617	-0.0733758	0.0563866	0.0835	-0.000226423	0.00211489	0	-0.00166559	-0.00128511	0	-0.0365812	-0.189403	0	0	0	-0.0960257	0	0	-0.250539	2124.85	229.644	-2112.41	-0	0	0	0	0	2.29921	-0.106443	0.877297	-0.0835	-0.000415079	0.00163452	0	-0.00156927	-0.00160811	0	0.0601473	0.0471197	0	0	0	-0.564685	0	0	-0.0751652	1681.07	422.234	-1627.18	-0	30.0112	0	0	30.0112	3.10458	-0.0870492	0.484047	-0.0835	-0.00012818	0.00226867	0	-0.00198314	-0.00084231	0	-0.0517054	0.0261199	0	0	0	-0.0169849	0	0	-0.259904	2269.93	134.637	-2265.93	-0	2.05708	0	0	-2.05708	2.90617	-0.0733758	0.0563866	-0.0835	-0.000226423	0.00211489	0	-0.00166559	-0.00128511	0	-0.0365812	-0.189403	0	0	0	-0.0960257	0	0	-0.250539	2124.85	229.644	-2112.41	-0	0	0	0	0	0.459858	-0.215485	0.97869	0	0.000102118	-0.00032825	0	0.000305593	0.00143379	0	-0.0781372	-0.0779822	0	0	0	0.0489951	0	0	0.113634	336.227	-103.927	319.762	-0	49.6211	0	0	-49.6211	0.0411998	-0.256398	0.91141	1.99931e-10	-0.860947	-0.287938	0	-64.1676	-21.4604	0	-1.16219e-09	-1.96485e-08	14.3807	-0.159797	0.483086	0	-116.836	353.209	0	32.2904	10.6811	20.9609	0.0608625	-0.00459015	-0.09142	-0.159797	0.483086	0	-116.836	353.209	0	-32.2904	-10.6811	20.9609	0.0608625	-0.00459015	0.09142
0.74	0.625776	1.17839	-0.152839	-0.891525	0.928231	-0.148871	-0.56532	-0.0529017	-0.0193211	-0.210279	-0.0989241	-0.325668	-0.56532	-0.0529017	-0.0193211	-0.210279	-0.0989241	-0.325668	0	1	0	0	0	0	1	0	0	0	0	0	0	0	0	0	-0.152839	0.928231	0	0.951449	0	0	0.307808	-0.891525	-0.148871	0	0	0	1.17839	-0.104282	0.706586	0.0835	0.999543	0	0	0.0302234	-0.638924	-0.0933056	0	0	0	1.12549	-0.0830977	0.296716	0.0835	0.999789	0	0	0.020566	-0.21632	-0.072079	0	0	0	0.915209	-0.022882	0.0408332	0.09142	0.999583	0	0	-0.0288905	0.013105	-0.0348841	0	0	0	0.589541	-0.104282	0.706586	-0.0835	0.999543	0	0	0.0302234	-0.638924	-0.0933056	0	0	0	1.12549	-0.0830977	0.296716	-0.0835	0.999789	0	0	0.020566	-0.21632	-0.072079	0	0	0	0.915209	-0.022882	0.0408332	-0.09142	0.999583	0	0	-0.0288905	0.013105	-0.0348841	0	0	0	0.589541	-0.448357	1.2073	0	0.943454	0	0	0.331502	-1.24204	-0.51653	0	0	0	1.27117	0.3	0.0567477	0.3	0.131616	0.3	0.0866557	0.3	0.126737	0.3	0.055931	0.3	0.0505787	0.3	0.0381863	0.3	0.0591506	0.3	0.0567477	0.3	0.131616	0.3	0.0866557	0.3	0.126737	0.3	0.055931	0.3	0.0505787	0.3	0.0381863	0.3	0.0591506	0.3	0.0699323	0.3	0.0699323	0.3	0.3	0.581431	-0.0604741	0.0104552	0.111862	-0.00604741	-0.00590227	0.3	0.3	1.19325	-0.0451266	0.0227538	0.316474	-0.00451266	-0.00497746	0.3	0.3	0.552299	-0.00986886	0.00705481	0.0692197	-0.000986886	-0.00154842	0.3	0.3	1.1889	0.0252493	0.0230838	0.323054	0.00252493	0.00269158	0.3	0.3	0.921374	0.211911	0.0227303	0.316011	0.0211911	0.016084	0.3	0.3	0.563253	0.0874377	0.0102055	0.108525	0.00874377	0.00868257	0.3	0.3	0.99174	-0.284164	0.0195257	0.255129	-0.0284164	-0.0144923	0.3	0.3	0.86787	-0.129605	0.0177138	0.223077	-0.0129605	-0.00570263	0.3	0.3	0.86604	0.116226	0.0217338	0.296503	0.0116226	0.00793822	0.3	0.3	0.581431	-0.0604741	0.0104552	0.111862	-0.00604741	-0.00590227	0.3	0.3	1.19325	-0.0451266	0.0227538	0.316474	-0.00451266	-0.00497746	0.3	0.3	0.552299	-0.00986886	0.00705481	0.0692197	-0.000986886	-0.00154842	0.3	0.3	1.1889	0.0252493	0.0230838	0.323054	0.00252493	0.00269158	0.3	0.3	0.921374	0.211911	0.0227303	0.316011	0.0211911	0.016084	0.3	0.3	0.563253	0.0874377	0.0102055	0.108525	0.00874377	0.00868257	0.3	0.3	0.99174	-0.284164	0.0195257	0.255129	-0.0284164	-0.0144923	0.3	0.3	0.86787	-0.129605	0.0177138	0.223077	-0.0129605	-0.00570263	0.3	0.3	0.86604	0.116226	0.0217338	0.296503	0.0116226	0.00793822	0	0	0	0	0	0	0	0	0	0	0	0	0	0	0	0	0	0	-0.152839	0.928231	0	-0.891525	-0.148871	0	-0.152839	0.928231	0	-0.891525	-0.148871	0	0	0	0.625776	0	0	1.17839	-0.104282	0.706586	0.0835	-0.638924	-0.0933056	0	-0.104282	0.706586	0.0835	-0.638924	-0.0933056	0	0	0	0.060456	0	0	1.12549	-0.0830977	0.296716	0.0835	-0.21632	-0.072079	0	-0.0830977	0.296716	0.0835	-0.21632	-0.072079	0	0	0	0.041135	0	0	0.915209	-0.022882	0.0408332	0.09142	0.013105	-0.0348841	0	-0.022882	0.0408332	0.09142	0.013105	-0.0348841	0	0	0	-0.0577891	0	0	0.589541	-0.104282	0.706586	-0.0835	-0.638924	-0.0933056	0	-0.104282	0.706586	-0.0835	-0.638924	-0.0933056	0	0	0	0.060456	0	0	1.12549	-0.0830977	0.296716	-0.0835	-0.21632	-0.072079	0	-0.0830977	0.296716	-0.0835	-0.21632	-0.072079	0	0	0	0.041135	0	0	0.915209	-0.022882	0.0408332	-0.09142	0.013105	-0.0348841	0	-0.022882	0.0408332	-0.09142	0.013105	-0.0348841	0	0	0	-0.0577891	0	0	0.589541	-0.448357	1.2073	0	-1.24204	-0.51653	0	-0.448357	1.2073	0	-1.24204	-0.51653	0	0	0	0.675791	0	0	1.27117	2.28386	-0.114553	0.876276	0.0835	-0.000430673	0.00161888	0	-0.00151372	-0.00161763	0	-0.123774	-0.0954679	0	0	0	-0.56532	0	0	-0.0529017	1669.85	437.575	-1611.5	-0	27.6273	0	0	27.6273	3.09211	-0.0907754	0.483258	0.0835	-0.000148088	0.00225931	0	-0.00201645	-0.00116833	0	0.112149	-0.0516186	0	0	0	-0.0193103	0	0	-0.210279	2260.81	154.654	-2255.51	-0	3.09568	0	0	-3.09568	2.88747	-0.0733363	0.0557221	0.0835	-0.000243887	0.00209993	0	-0.00183475	-0.00170697	0	0.00801513	0.0711598	0	0	0	-0.0989205	0	0	-0.325668	2111.18	247.435	-2096.63	-0	0	0	0	0	2.28386	-0.114553	0.876276	-0.0835	-0.000430673	0.00161888	0	-0.00151372	-0.00161763	0	-0.123774	-0.0954679	0	0	0	-0.56532	0	0	-0.0529017	1669.85	437.575	-1611.5	-0	27.6273	0	0	27.6273	3.09211	-0.0907754	0.483258	-0.0835	-0.000148088	0.00225931	0	-0.00201645	-0.00116833	0	0.112149	-0.0516186	0	0	0	-0.0193103	0	0	-0.210279	2260.81	154.654	-2255.51	-0	3.09568	0	0	-3.09568	2.88747	-0.0733363	0.0557221	-0.0835	-0.000243887	0.00209993	0	-0.00183475	-0.00170697	0	0.00801513	0.0711598	0	0	0	-0.0989205	0	0	-0.325668	2111.18	247.435	-2096.63	-0	0	0	0	0	0.443087	-0.224786	0.976402	0	0.000105456	-0.000314582	0	0.000141084	0.00144432	0	0.130574	0.21079	0	0	0	0.0500114	0	0	0.0927838	323.964	-106.291	306.031	-0	45.9497	0	0	-45.9497	0.0408332	-0.26517	0.90851	1.99931e-10	-0.891967	-0.292426	0	-66.4796	-21.7949	0	-7.26092e-09	2.79734e-09	14.5087	-0.156203	0.470251	0	-114.208	343.825	0	31.4325	10.4409	20.4942	0.0611098	-0.00452554	-0.09142	-0.156203	0.470251	0	-114.208	343.825	0	-31.4325	-10.4409	20.4942	0.0611098	-0.00452554	0.09142
0.75	0.637599	1.18611	-0.161953	-0.929457	0.926702	-0.157051	-0.565755	-0.034616	-0.021198	-0.167825	-0.102548	-0.396727	-0.565755	-0.034616	-0.021198	-0.167825	-0.102548	-0.396727	0	1	0	0	0	0	1	0	0	0	0	0	0	0	0	0	-0.161953	0.926702	0	0.949612	0	0	0.313427	-0.929457	-0.157051	0	0	0	1.18611	-0.110848	0.705631	0.0835	0.999355	0	0	0.0359145	-0.672723	-0.0979815	0	0	0	1.15149	-0.0853422	0.296	0.0835	0.999679	0	0	0.0253205	-0.23177	-0.0714686	0	0	0	0.983665	-0.0227472	0.0405008	0.09142	0.999663	0	0	-0.0259477	0.0138518	-0.0318077	0	0	0	0.586938	-0.110848	0.705631	-0.0835	0.999355	0	0	0.0359145	-0.672723	-0.0979815	0	0	0	1.15149	-0.0853422	0.296	-0.0835	0.999679	0	0	0.0253205	-0.23177	-0.0714686	0	0	0	0.983665	-0.0227472	0.0405008	-0.09142	0.999663	0	0	-0.0259477	0.0138518	-0.0318077	0	0	0	0.586938	-0.460939	1.20209	0	0.941339	0	0	0.337463	-1.27337	-0.527202	0	0	0	1.26058	0.3	0.0566975	0.3	0.131573	0.3	0.0866437	0.3	0.126761	0.3	0.0560114	0.3	0.0504322	0.3	0.038122	0.3	0.0592439	0.3	0.0566975	0.3	0.131573	0.3	0.0866437	0.3	0.126761	0.3	0.0560114	0.3	0.0504322	0.3	0.038122	0.3	0.0592439	0.3	0.0700836	0.3	0.0700836	0.3	0.3	0.580917	-0.0420205	0.0104903	0.112331	-0.00420205	-0.0041012	0.3	0.3	1.19286	-0.0324895	0.0228315	0.318018	-0.00324895	-0.00358359	0.3	0.3	0.552222	-0.00514313	0.00706164	0.0692989	-0.000514313	-0.000806957	0.3	0.3	1.18913	0.0209832	0.0230555	0.322488	0.00209832	0.00223681	0.3	0.3	0.923368	0.186485	0.0225755	0.312945	0.0186485	0.0141542	0.3	0.3	0.564063	0.0748209	0.01022	0.108717	0.00748209	0.00742971	0.3	0.3	0.988866	-0.291576	0.019469	0.254099	-0.0291576	-0.0148704	0.3	0.3	0.86641	-0.164561	0.0174593	0.218712	-0.0164561	-0.00724067	0.3	0.3	0.867406	0.159196	0.0220624	0.302879	0.0159196	0.0108731	0.3	0.3	0.580917	-0.0420205	0.0104903	0.112331	-0.00420205	-0.0041012	0.3	0.3	1.19286	-0.0324895	0.0228315	0.318018	-0.00324895	-0.00358359	0.3	0.3	0.552222	-0.00514313	0.00706164	0.0692989	-0.000514313	-0.000806957	0.3	0.3	1.18913	0.0209832	0.0230555	0.322488	0.00209832	0.00223681	0.3	0.3	0.923368	0.186485	0.0225755	0.312945	0.0186485	0.0141542	0.3	0.3	0.564063	0.0748209	0.01022	0.108717	0.00748209	0.00742971	0.3	0.3	0.988866	-0.291576	0.019469	0.254099	-0.0291576	-0.0148704	0.3	0.3	0.86641	-0.164561	0.0174593	0.218712	-0.0164561	-0.00724067	0.3	0.3	0.867406	0.159196	0.0220624	0.302879	0.0159196	0.0108731	0	0	0	0	0	0	0	0	0	0	0	0	0	0	0	0	0	0	-0.161953	0.926702	0	-0.929457	-0.157051	0	-0.161953	0.926702	0	-0.929457	-0.157051	0	0	0	0.637599	0	0	1.18611	-0.110848	0.705631	0.0835	-0.672723	-0.0979815	0	-0.110848	0.705631	0.0835	-0.672723	-0.0979815	0	0	0	0.0718444	0	0	1.15149	-0.0853422	0.296	0.0835	-0.23177	-0.0714686	0	-0.0853422	0.296	0.0835	-0.23177	-0.0714686	0	0	0	0.0506465	0	0	0.983665	-0.0227472	0.0405008	0.09142	0.0138518	-0.0318077	0	-0.0227472	0.0405008	0.09142	0.0138518	-0.0318077	0	0	0	-0.0519012	0	0	0.586938	-0.110848	0.705631	-0.0835	-0.672723	-0.0979815	0	-0.110848	0.705631	-0.0835	-0.672723	-0.0979815	0	0	0	0.0718444	0	0	1.15149	-0.0853422	0.296	-0.0835	-0.23177	-0.0714686	0	-0.0853422	0.296	-0.0835	-0.23177	-0.0714686	0	0	0	0.0506465	0	0	0.983665	-0.0227472	0.0405008	-0.09142	0.0138518	-0.0318077	0	-0.0227472	0.0405008	-0.09142	0.0138518	-0.0318077	0	0	0	-0.0519012	0	0	0.586938	-0.460939	1.20209	0	-1.27337	-0.527202	0	-0.460939	1.20209	0	-1.27337	-0.527202	0	0	0	0.688442	0	0	1.26058	2.26835	-0.123051	0.875192	0.0835	-0.000446051	0.00160299	0	-0.00151151	-0.00165203	0	0.00807762	0.0079307	0	0	0	-0.565755	0	0	-0.034616	1658.51	452.943	-1595.46	-0	25.5518	0	0	25.5518	3.07558	-0.0947938	0.48246	0.0835	-0.000168316	0.00224668	0	-0.00202665	-0.00146485	0	-0.0395072	0.0816257	0	0	0	-0.021194	0	0	-0.167825	2248.72	174.915	-2241.91	-0	3.93095	0	0	-3.93095	2.86359	-0.0732883	0.0550924	0.0835	-0.000263102	0.00208074	0	-0.00196175	-0.00211935	0	-0.0198071	0.0290751	0	0	0	-0.102548	0	0	-0.396727	2093.72	266.896	-2076.64	-0	0	0	0	0	2.26835	-0.123051	0.875192	-0.0835	-0.000446051	0.00160299	0	-0.00151151	-0.00165203	0	0.00807762	0.0079307	0	0	0	-0.565755	0	0	-0.034616	1658.51	452.943	-1595.46	-0	25.5518	0	0	25.5518	3.07558	-0.0947938	0.48246	-0.0835	-0.000168316	0.00224668	0	-0.00202665	-0.00146485	0	-0.0395072	0.0816257	0	0	0	-0.021194	0	0	-0.167825	2248.72	174.915	-2241.91	-0	3.93095	0	0	-3.93095	2.86359	-0.0732883	0.0550924	-0.0835	-0.000263102	0.00208074	0	-0.00196175	-0.00211935	0	-0.0198071	0.0290751	0	0	0	-0.102548	0	0	-0.396727	2093.72	266.896	-2076.64	-0	0	0	0	0	0.425833	-0.234465	0.974031	0	0.000107557	-0.000300769	0	6.47306e-05	0.00147438	0	-0.02316	-0.00778842	0	0	0	0.0508389	0	0	0.074479	311.349	-107.94	292.04	-0	42.5101	0	0	-42.5101	0.0405008	-0.274248	0.90555	1.99931e-10	-0.922303	-0.299624	0	-68.7405	-22.3314	0	-7.33397e-09	2.89724e-08	14.6875	-0.152827	0.455959	0	-111.74	333.376	0	30.4759	10.2148	19.915	0.061226	-0.00444087	-0.091416	-0.152827	0.455959	0	-111.74	333.376	0	-30.4759	-10.2148	19.915	0.061226	-0.00444087	0.091416
0.76	0.649524	1.20031	-0.171439	-0.96604	0.925084	-0.165988	-0.566017	-0.019637	-0.0226801	-0.132319	-0.10705	-0.501593	-0.566017	-0.019637	-0.0226801	-0.132319	-0.10705	-0.501593	0	1	0	0	0	0	1	0	0	0	0	0	0	0	0	0	-0.171439	0.925084	0	0.947727	0	0	0.319083	-0.96604	-0.165988	0	0	0	1.20031	-0.117743	0.704625	0.0835	0.999128	0	0	0.0417415	-0.70448	-0.102486	0	0	0	1.18068	-0.0877325	0.295293	0.0835	0.999538	0	0	0.0304089	-0.24531	-0.0693382	0	0	0	1.04836	-0.022603	0.040202	0.09142	0.999733	0	0	-0.0231096	0.014954	-0.0278084	0	0	0	0.546764	-0.117743	0.704625	-0.0835	0.999128	0	0	0.0417415	-0.70448	-0.102486	0	0	0	1.18068	-0.0877325	0.295293	-0.0835	0.999538	0	0	0.0304089	-0.24531	-0.0693382	0	0	0	1.04836	-0.022603	0.040202	-0.09142	0.999733	0	0	-0.0231096	0.014954	-0.0278084	0	0	0	0.546764	-0.473838	1.19674	0	0.939197	0	0	0.34338	-1.30526	-0.541471	0	0	0	1.25839	0.3	0.0566628	0.3	0.131541	0.3	0.0866379	0.3	0.126781	0.3	0.0560781	0.3	0.0502797	0.3	0.0380403	0.3	0.0593678	0.3	0.0566628	0.3	0.131541	0.3	0.0866379	0.3	0.126781	0.3	0.0560781	0.3	0.0502797	0.3	0.0380403	0.3	0.0593678	0.3	0.070216	0.3	0.070216	0.3	0.3	0.580561	-0.0300608	0.0105111	0.112614	-0.00300608	-0.00293394	0.3	0.3	1.19257	-0.0255861	0.0228728	0.318841	-0.00255861	-0.00282215	0.3	0.3	0.552186	-0.00257449	0.00706563	0.0693461	-0.000257449	-0.000403938	0.3	0.3	1.18932	0.0159889	0.0230208	0.321795	0.00159889	0.00170441	0.3	0.3	0.925112	0.161205	0.0224134	0.30975	0.0161205	0.0122354	0.3	0.3	0.564734	0.0590634	0.0102109	0.108596	0.00590634	0.005865	0.3	0.3	0.985876	-0.309401	0.0193371	0.251711	-0.0309401	-0.0157795	0.3	0.3	0.864552	-0.211191	0.0171262	0.213049	-0.0211191	-0.00929239	0.3	0.3	0.869221	0.206805	0.0224125	0.309731	0.0206805	0.0141248	0.3	0.3	0.580561	-0.0300608	0.0105111	0.112614	-0.00300608	-0.00293394	0.3	0.3	1.19257	-0.0255861	0.0228728	0.318841	-0.00255861	-0.00282215	0.3	0.3	0.552186	-0.00257449	0.00706563	0.0693461	-0.000257449	-0.000403938	0.3	0.3	1.18932	0.0159889	0.0230208	0.321795	0.00159889	0.00170441	0.3	0.3	0.925112	0.161205	0.0224134	0.30975	0.0161205	0.0122354	0.3	0.3	0.564734	0.0590634	0.0102109	0.108596	0.00590634	0.005865	0.3	0.3	0.985876	-0.309401	0.0193371	0.251711	-0.0309401	-0.0157795	0.3	0.3	0.864552	-0.211191	0.0171262	0.213049	-0.0211191	-0.00929239	0.3	0.3	0.869221	0.206805	0.0224125	0.309731	0.0206805	0.0141248	0	0	0	0	0	0	0	0	0	0	0	0	0	0	0	0	0	0	-0.171439	0.925084	0	-0.96604	-0.165988	0	-0.171439	0.925084	0	-0.96604	-0.165988	0	0	0	0.649524	0	0	1.20031	-0.117743	0.704625	0.0835	-0.70448	-0.102486	0	-0.117743	0.704625	0.0835	-0.70448	-0.102486	0	0	0	0.0835072	0	0	1.18068	-0.0877325	0.295293	0.0835	-0.24531	-0.0693382	0	-0.0877325	0.295293	0.0835	-0.24531	-0.0693382	0	0	0	0.0608271	0	0	1.04836	-0.022603	0.040202	0.09142	0.014954	-0.0278084	0	-0.022603	0.040202	0.09142	0.014954	-0.0278084	0	0	0	-0.0462233	0	0	0.546764	-0.117743	0.704625	-0.0835	-0.70448	-0.102486	0	-0.117743	0.704625	-0.0835	-0.70448	-0.102486	0	0	0	0.0835072	0	0	1.18068	-0.0877325	0.295293	-0.0835	-0.24531	-0.0693382	0	-0.0877325	0.295293	-0.0835	-0.24531	-0.0693382	0	0	0	0.0608271	0	0	1.04836	-0.022603	0.040202	-0.09142	0.014954	-0.0278084	0	-0.022603	0.040202	-0.09142	0.014954	-0.0278084	0	0	0	-0.0462233	0	0	0.546764	-0.473838	1.19674	0	-1.30526	-0.541471	0	-0.473838	1.19674	0	-1.30526	-0.541471	0	0	0	0.701026	0	0	1.25839	2.25859	-0.131923	0.874032	0.0835	-0.000461802	0.00158888	0	-0.00163954	-0.0012252	0	0.0292346	0.0981541	0	0	0	-0.566016	0	0	-0.019637	1651.38	469.277	-1583.29	-0	23.7626	0	0	23.7626	3.06472	-0.0990819	0.481648	0.0835	-0.000189163	0.00223547	0	-0.00209981	-0.00100703	0	-0.0557315	-0.0153797	0	0	0	-0.0226724	0	0	-0.132319	2240.78	196	-2232.19	-0	4.59558	0	0	-4.59558	2.84527	-0.0732261	0.0545064	0.0835	-0.000283718	0.00206351	0	-0.00215053	-0.00165444	0	-0.0217354	0.0536485	0	0	0	-0.10705	0	0	-0.501593	2080.33	287.877	-2060.31	-0	0	0	0	0	2.25859	-0.131923	0.874032	-0.0835	-0.000461802	0.00158888	0	-0.00163954	-0.0012252	0	0.0292346	0.0981541	0	0	0	-0.566016	0	0	-0.019637	1651.38	469.277	-1583.29	-0	23.7626	0	0	23.7626	3.06472	-0.0990819	0.481648	-0.0835	-0.000189163	0.00223547	0	-0.00209981	-0.00100703	0	-0.0557315	-0.0153797	0	0	0	-0.0226724	0	0	-0.132319	2240.78	196	-2232.19	-0	4.59558	0	0	-4.59558	2.84527	-0.0732261	0.0545064	-0.0835	-0.000283718	0.00206351	0	-0.00215053	-0.00165444	0	-0.0217354	0.0536485	0	0	0	-0.10705	0	0	-0.501593	2080.33	287.877	-2060.31	-0	0	0	0	0	0.416365	-0.244512	0.971555	0	0.000109702	-0.000288889	0	0.000286698	0.000941932	0	-0.0123267	-0.189274	0	0	0	0.051496	0	0	0.0580803	304.427	-111.4	283.312	-0	39.2504	0	0	-39.2504	0.040202	-0.283626	0.902508	1.99931e-10	-0.951967	-0.308369	0	-70.9514	-22.9832	0	-7.19881e-09	5.52527e-10	14.9274	-0.149614	0.456931	0	-109.391	334.087	0	30.4858	9.98205	18.2064	0.0558786	-0.00422208	-0.0912511	-0.149614	0.456931	0	-109.391	334.087	0	-30.4858	-9.98205	18.2064	0.0558786	-0.00422208	0.0912511
0.77	0.661645	1.22406	-0.181285	-1.00085	0.923388	-0.172458	-0.566155	-0.00935185	-0.0238786	-0.11065	-0.112609	-0.605918	-0.566155	-0.00935185	-0.0238786	-0.11065	-0.112609	-0.605918	0	1	0	0	0	0	1	0	0	0	0	0	0	0	0	0	-0.181285	0.923388	0	0.945776	0	0	0.324821	-1.00085	-0.172458	0	0	0	1.22406	-0.124942	0.703589	0.0835	0.99886	0	0	0.0477266	-0.733185	-0.1041	0	0	0	1.21471	-0.0902469	0.294623	0.0835	0.999359	0	0	0.0357978	-0.256516	-0.0643518	0	0	0	1.10406	-0.0224478	0.0399528	0.09142	0.99979	0	0	-0.0204978	0.0160923	-0.0219409	0	0	0	0.498145	-0.124942	0.703589	-0.0835	0.99886	0	0	0.0477266	-0.733185	-0.1041	0	0	0	1.21471	-0.0902469	0.294623	-0.0835	0.999359	0	0	0.0357978	-0.256516	-0.0643518	0	0	0	1.10406	-0.0224478	0.0399528	-0.09142	0.99979	0	0	-0.0204978	0.0160923	-0.0219409	0	0	0	0.498145	-0.487066	1.19125	0	0.937009	0	0	0.349305	-1.33872	-0.557025	0	0	0	1.2695	0.3	0.0566367	0.3	0.131515	0.3	0.0866349	0.3	0.126795	0.3	0.0561311	0.3	0.0501152	0.3	0.0379357	0.3	0.0595267	0.3	0.0566367	0.3	0.131515	0.3	0.0866349	0.3	0.126795	0.3	0.0561311	0.3	0.0501152	0.3	0.0379357	0.3	0.0595267	0.3	0.0703294	0.3	0.0703294	0.3	0.3	0.580294	-0.0233641	0.0105183	0.11271	-0.00233641	-0.00228033	0.3	0.3	1.19234	-0.0206853	0.0229018	0.319418	-0.00206853	-0.00228159	0.3	0.3	0.552166	-0.00130912	0.00706761	0.0693684	-0.000130912	-0.000205401	0.3	0.3	1.18945	0.0102432	0.0229792	0.320964	0.00102432	0.00109193	0.3	0.3	0.926606	0.136992	0.0222508	0.306558	0.0136992	0.0103977	0.3	0.3	0.565268	0.0484956	0.0102102	0.108588	0.00484956	0.00481561	0.3	0.3	0.982651	-0.338512	0.0191247	0.247888	-0.0338512	-0.0172641	0.3	0.3	0.862174	-0.268864	0.0167199	0.206224	-0.0268864	-0.01183	0.3	0.3	0.871548	0.263161	0.0228063	0.317518	0.0263161	0.0179739	0.3	0.3	0.580294	-0.0233641	0.0105183	0.11271	-0.00233641	-0.00228033	0.3	0.3	1.19234	-0.0206853	0.0229018	0.319418	-0.00206853	-0.00228159	0.3	0.3	0.552166	-0.00130912	0.00706761	0.0693684	-0.000130912	-0.000205401	0.3	0.3	1.18945	0.0102432	0.0229792	0.320964	0.00102432	0.00109193	0.3	0.3	0.926606	0.136992	0.0222508	0.306558	0.0136992	0.0103977	0.3	0.3	0.565268	0.0484956	0.0102102	0.108588	0.00484956	0.00481561	0.3	0.3	0.982651	-0.338512	0.0191247	0.247888	-0.0338512	-0.0172641	0.3	0.3	0.862174	-0.268864	0.0167199	0.206224	-0.0268864	-0.01183	0.3	0.3	0.871548	0.263161	0.0228063	0.317518	0.0263161	0.0179739	0	0	0	0	0	0	0	0	0	0	0	0	0	0	0	0	0	0	-0.181285	0.923388	0	-1.00085	-0.172458	0	-0.181285	0.923388	0	-1.00085	-0.172458	0	0	0	0.661645	0	0	1.22406	-0.124942	0.703589	0.0835	-0.733185	-0.1041	0	-0.124942	0.703589	0.0835	-0.733185	-0.1041	0	0	0	0.0954894	0	0	1.21471	-0.0902469	0.294623	0.0835	-0.256516	-0.0643518	0	-0.0902469	0.294623	0.0835	-0.256516	-0.0643518	0	0	0	0.0716108	0	0	1.10406	-0.0224478	0.0399528	0.09142	0.0160923	-0.0219409	0	-0.0224478	0.0399528	0.09142	0.0160923	-0.0219409	0	0	0	-0.0409984	0	0	0.498145	-0.124942	0.703589	-0.0835	-0.733185	-0.1041	0	-0.124942	0.703589	-0.0835	-0.733185	-0.1041	0	0	0	0.0954894	0	0	1.21471	-0.0902469	0.294623	-0.0835	-0.256516	-0.0643518	0	-0.0902469	0.294623	-0.0835	-0.256516	-0.0643518	0	0	0	0.0716108	0	0	1.10406	-0.0224478	0.0399528	-0.09142	0.0160923	-0.0219409	0	-0.0224478	0.0399528	-0.09142	0.0160923	-0.0219409	0	0	0	-0.0409984	0	0	0.498145	-0.487066	1.19125	0	-1.33872	-0.557025	0	-0.487066	1.19125	0	-1.33872	-0.557025	0	0	0	0.713658	0	0	1.2695	2.25342	-0.141151	0.872815	0.0835	-0.000479043	0.00157875	0	-0.0017336	-0.00104329	0	-0.0155098	-0.0420413	0	0	0	-0.566155	0	0	-0.00935185	1647.59	486.947	-1573.99	-0	22.4983	0	0	22.4983	3.0541	-0.103605	0.480845	0.0835	-0.000210844	0.00222617	0	-0.00220504	-0.00117474	0	-0.0196484	0.0107035	0	0	0	-0.0238711	0	0	-0.11065	2233.02	218.024	-2222.35	-0	4.96121	0	0	-4.96121	2.82441	-0.073145	0.0539925	0.0835	-0.000306159	0.00204557	0	-0.00231562	-0.00206317	0	0.0428757	-0.00399196	0	0	0	-0.112608	0	0	-0.605918	2065.08	310.637	-2041.58	-0	0	0	0	0	2.25342	-0.141151	0.872815	-0.0835	-0.000479043	0.00157875	0	-0.0017336	-0.00104329	0	-0.0155098	-0.0420413	0	0	0	-0.566155	0	0	-0.00935185	1647.59	486.947	-1573.99	-0	22.4983	0	0	22.4983	3.0541	-0.103605	0.480845	-0.0835	-0.000210844	0.00222617	0	-0.00220504	-0.00117474	0	-0.0196484	0.0107035	0	0	0	-0.0238711	0	0	-0.11065	2233.02	218.024	-2222.35	-0	4.96121	0	0	-4.96121	2.82441	-0.073145	0.0539925	-0.0835	-0.000306159	0.00204557	0	-0.00231562	-0.00206317	0	0.0428757	-0.00399196	0	0	0	-0.112608	0	0	-0.605918	2065.08	310.637	-2041.58	-0	0	0	0	0	0.417562	-0.254914	0.968973	0	0.000115246	-0.000284083	0	0.000452399	0.000418037	0	0.0193622	0.0337923	0	0	0	0.0520166	0	0	0.045436	305.302	-117.924	281.608	-0	36.6717	0	0	-36.6717	0.0399528	-0.2933	0.899382	1.99931e-10	-0.981081	-0.316246	0	-73.1213	-23.5703	0	-6.37396e-09	5.32849e-08	15.2518	-0.147035	0.463189	0	-107.505	338.662	0	30.8243	9.7849	15.8958	0.0482001	-0.00397893	-0.0910177	-0.147035	0.463189	0	-107.505	338.662	0	-30.8243	-9.7849	15.8958	0.0482001	-0.00397893	0.0910177
0.78	0.674046	1.25543	-0.191467	-1.03426	0.921639	-0.176783	-0.566209	-0.00114405	-0.0249238	-0.100621	-0.119264	-0.722316	-0.566209	-0.00114405	-0.0249238	-0.100621	-0.119264	-0.722316	0	1	0	0	0	0	1	0	0	0	0	0	0	0	0	0	-0.191467	0.921639	0	0.943743	0	0	0.330679	-1.03426	-0.176783	0	0	0	1.25543	-0.132411	0.702551	0.0835	0.998547	0	0	0.0538923	-0.759144	-0.103016	0	0	0	1.25429	-0.0928583	0.294021	0.0835	0.999141	0	0	0.0414447	-0.265004	-0.05605	0	0	0	1.15367	-0.0222765	0.039775	0.09142	0.999835	0	0	-0.0181745	0.018275	-0.0135283	0	0	0	0.431352	-0.132411	0.702551	-0.0835	0.998547	0	0	0.0538923	-0.759144	-0.103016	0	0	0	1.25429	-0.0928583	0.294021	-0.0835	0.999141	0	0	0.0414447	-0.265004	-0.05605	0	0	0	1.15367	-0.0222765	0.039775	-0.09142	0.999835	0	0	-0.0181745	0.018275	-0.0135283	0	0	0	0.431352	-0.500634	1.18559	0	0.934754	0	0	0.355296	-1.37377	-0.573309	0	0	0	1.29218	0.3	0.0566168	0.3	0.131495	0.3	0.0866347	0.3	0.126804	0.3	0.0561771	0.3	0.0499337	0.3	0.037804	0.3	0.0597274	0.3	0.0566168	0.3	0.131495	0.3	0.0866347	0.3	0.126804	0.3	0.0561771	0.3	0.0499337	0.3	0.037804	0.3	0.0597274	0.3	0.070426	0.3	0.070426	0.3	0.3	0.58009	-0.0171842	0.0105278	0.112837	-0.00171842	-0.00167718	0.3	0.3	1.19216	-0.0159957	0.0229303	0.319986	-0.00159957	-0.00176433	0.3	0.3	0.552165	0.000853767	0.00707338	0.0694365	8.53767e-05	0.000133956	0.3	0.3	1.18953	0.00677932	0.0229542	0.320462	0.000677932	0.000722676	0.3	0.3	0.927879	0.117907	0.0221191	0.303986	0.0117907	0.00894911	0.3	0.3	0.565731	0.045009	0.0102312	0.108867	0.0045009	0.0044694	0.3	0.3	0.979093	-0.375913	0.018855	0.243064	-0.0375913	-0.0191716	0.3	0.3	0.859181	-0.333138	0.0162708	0.198777	-0.0333138	-0.0146581	0.3	0.3	0.874486	0.328459	0.0232377	0.326141	0.0328459	0.0224337	0.3	0.3	0.58009	-0.0171842	0.0105278	0.112837	-0.00171842	-0.00167718	0.3	0.3	1.19216	-0.0159957	0.0229303	0.319986	-0.00159957	-0.00176433	0.3	0.3	0.552165	0.000853767	0.00707338	0.0694365	8.53767e-05	0.000133956	0.3	0.3	1.18953	0.00677932	0.0229542	0.320462	0.000677932	0.000722676	0.3	0.3	0.927879	0.117907	0.0221191	0.303986	0.0117907	0.00894911	0.3	0.3	0.565731	0.045009	0.0102312	0.108867	0.0045009	0.0044694	0.3	0.3	0.979093	-0.375913	0.018855	0.243064	-0.0375913	-0.0191716	0.3	0.3	0.859181	-0.333138	0.0162708	0.198777	-0.0333138	-0.0146581	0.3	0.3	0.874486	0.328459	0.0232377	0.326141	0.0328459	0.0224337	0	0	0	0	0	0	0	0	0	0	0	0	0	0	0	0	0	0	-0.191467	0.921639	0	-1.03426	-0.176783	0	-0.191467	0.921639	0	-1.03426	-0.176783	0	0	0	0.674046	0	0	1.25543	-0.132411	0.702551	0.0835	-0.759144	-0.103016	0	-0.132411	0.702551	0.0835	-0.759144	-0.103016	0	0	0	0.107837	0	0	1.25429	-0.0928583	0.294021	0.0835	-0.265004	-0.05605	0	-0.0928583	0.294021	0.0835	-0.265004	-0.05605	0	0	0	0.0829131	0	0	1.15367	-0.0222765	0.039775	0.09142	0.018275	-0.0135283	0	-0.0222765	0.039775	0.09142	0.018275	-0.0135283	0	0	0	-0.036351	0	0	0.431352	-0.132411	0.702551	-0.0835	-0.759144	-0.103016	0	-0.132411	0.702551	-0.0835	-0.759144	-0.103016	0	0	0	0.107837	0	0	1.25429	-0.0928583	0.294021	-0.0835	-0.265004	-0.05605	0	-0.0928583	0.294021	-0.0835	-0.265004	-0.05605	0	0	0	0.0829131	0	0	1.15367	-0.0222765	0.039775	-0.09142	0.018275	-0.0135283	0	-0.0222765	0.039775	-0.09142	0.018275	-0.0135283	0	0	0	-0.036351	0	0	0.431352	-0.500634	1.18559	0	-1.37377	-0.573309	0	-0.500634	1.18559	0	-1.37377	-0.573309	0	0	0	0.726462	0	0	1.29218	2.24834	-0.150708	0.871564	0.0835	-0.000496596	0.00156903	0	-0.00171161	-0.000976473	0	-0.36565	-0.361117	0	0	0	-0.566209	0	0	-0.00114405	1643.88	504.4	-1564.58	-0	21.4545	0	0	21.4545	3.0412	-0.10832	0.480079	0.0835	-0.000233538	0.00221497	0	-0.00233215	-0.00138178	0	0.336426	-0.0163291	0	0	0	-0.0249264	0	0	-0.100621	2223.58	241.133	-2210.47	-0	5.08468	0	0	-5.08468	2.79698	-0.0730383	0.053579	0.0835	-0.000329733	0.00202256	0	-0.00239817	-0.00262055	0	0.139451	0.0611279	0	0	0	-0.119264	0	0	-0.722316	2045.02	334.37	-2017.5	-0	0	0	0	0	2.24834	-0.150708	0.871564	-0.0835	-0.000496596	0.00156903	0	-0.00171161	-0.000976473	0	-0.36565	-0.361117	0	0	0	-0.566209	0	0	-0.00114405	1643.88	504.4	-1564.58	-0	21.4545	0	0	21.4545	3.0412	-0.10832	0.480079	-0.0835	-0.000233538	0.00221497	0	-0.00233215	-0.00138178	0	0.336426	-0.0163291	0	0	0	-0.0249264	0	0	-0.100621	2223.58	241.133	-2210.47	-0	5.08468	0	0	-5.08468	2.79698	-0.0730383	0.053579	-0.0835	-0.000329733	0.00202256	0	-0.00239817	-0.00262055	0	0.139451	0.0611279	0	0	0	-0.119264	0	0	-0.722316	2045.02	334.37	-2017.5	-0	0	0	0	0	0.415548	-0.265655	0.96631	0	0.000120014	-0.000280764	0	0.000277877	0.000397831	0	0.379818	0.691801	0	0	0	0.0524184	0	0	0.0367496	303.829	-121.659	278.409	-0	34.9013	0	0	-34.9013	0.039775	-0.30326	0.896184	1.99931e-10	-1.00971	-0.323031	0	-75.2551	-24.0759	0	2.66668e-10	1.406e-08	15.6582	-0.144808	0.466905	0	-105.877	341.379	0	30.9942	9.61271	13.5152	0.0407572	-0.00376358	-0.0907912	-0.144808	0.466905	0	-105.877	341.379	0	-30.9942	-9.61271	13.5152	0.0407572	-0.00376358	0.0907912
0.79	0.686804	1.2941	-0.20198	-1.06684	0.919854	-0.180156	-0.566199	0.00401556	-0.0259175	-0.0995543	-0.127091	-0.837108	-0.566199	0.00401556	-0.0259175	-0.0995543	-0.127091	-0.837108	0	1	0	0	0	0	1	0	0	0	0	0	0	0	0	0	-0.20198	0.919854	0	0.941615	0	0	0.336692	-1.06684	-0.180156	0	0	0	1.2941	-0.140129	0.701534	0.0835	0.998182	0	0	0.0602659	-0.783326	-0.10057	0	0	0	1.29811	-0.0955436	0.293512	0.0835	0.998879	0	0	0.047326	-0.271623	-0.0461113	0	0	0	1.19856	-0.0220786	0.0396905	0.09142	0.999869	0	0	-0.0162009	0.021242	-0.00363487	0	0	0	0.361448	-0.140129	0.701534	-0.0835	0.998182	0	0	0.0602659	-0.783326	-0.10057	0	0	0	1.29811	-0.0955436	0.293512	-0.0835	0.998879	0	0	0.047326	-0.271623	-0.0461113	0	0	0	1.19856	-0.0220786	0.0396905	-0.09142	0.999869	0	0	-0.0162009	0.021242	-0.00363487	0	0	0	0.361448	-0.514558	1.17977	0	0.932411	0	0	0.3614	-1.40969	-0.590958	0	0	0	1.32276	0.3	0.0566026	0.3	0.131479	0.3	0.0866373	0.3	0.12681	0.3	0.0562222	0.3	0.0497313	0.3	0.0376428	0.3	0.0599757	0.3	0.0566026	0.3	0.131479	0.3	0.0866373	0.3	0.12681	0.3	0.0562222	0.3	0.0497313	0.3	0.0376428	0.3	0.0599757	0.3	0.0705103	0.3	0.0705103	0.3	0.3	0.579945	-0.0117789	0.0105382	0.112976	-0.00117789	-0.00114962	0.3	0.3	1.19202	-0.0118691	0.0229558	0.320495	-0.00118691	-0.00130916	0.3	0.3	0.552181	0.00252179	0.00707954	0.0695074	0.000252179	0.000395668	0.3	0.3	1.18959	0.00473362	0.0229394	0.320167	0.000473362	0.000504604	0.3	0.3	0.928989	0.104404	0.0220254	0.302157	0.0104404	0.00792424	0.3	0.3	0.566186	0.0467153	0.0102715	0.109404	0.00467153	0.00463883	0.3	0.3	0.975124	-0.420896	0.0185343	0.237379	-0.0420896	-0.0214657	0.3	0.3	0.855518	-0.402998	0.0157863	0.190862	-0.0402998	-0.0177319	0.3	0.3	0.878122	0.403571	0.0237036	0.335561	0.0403571	0.0275639	0.3	0.3	0.579945	-0.0117789	0.0105382	0.112976	-0.00117789	-0.00114962	0.3	0.3	1.19202	-0.0118691	0.0229558	0.320495	-0.00118691	-0.00130916	0.3	0.3	0.552181	0.00252179	0.00707954	0.0695074	0.000252179	0.000395668	0.3	0.3	1.18959	0.00473362	0.0229394	0.320167	0.000473362	0.000504604	0.3	0.3	0.928989	0.104404	0.0220254	0.302157	0.0104404	0.00792424	0.3	0.3	0.566186	0.0467153	0.0102715	0.109404	0.00467153	0.00463883	0.3	0.3	0.975124	-0.420896	0.0185343	0.237379	-0.0420896	-0.0214657	0.3	0.3	0.855518	-0.402998	0.0157863	0.190862	-0.0402998	-0.0177319	0.3	0.3	0.878122	0.403571	0.0237036	0.335561	0.0403571	0.0275639	0	0	0	0	0	0	0	0	0	0	0	0	0	0	0	0	0	0	-0.20198	0.919854	0	-1.06684	-0.180156	0	-0.20198	0.919854	0	-1.06684	-0.180156	0	0	0	0.686804	0	0	1.2941	-0.140129	0.701534	0.0835	-0.783326	-0.10057	0	-0.140129	0.701534	0.0835	-0.783326	-0.10057	0	0	0	0.120605	0	0	1.29811	-0.0955436	0.293512	0.0835	-0.271623	-0.0461113	0	-0.0955436	0.293512	0.0835	-0.271623	-0.0461113	0	0	0	0.0946874	0	0	1.19856	-0.0220786	0.0396905	0.09142	0.021242	-0.00363487	0	-0.0220786	0.0396905	0.09142	0.021242	-0.00363487	0	0	0	-0.0324032	0	0	0.361448	-0.140129	0.701534	-0.0835	-0.783326	-0.10057	0	-0.140129	0.701534	-0.0835	-0.783326	-0.10057	0	0	0	0.120605	0	0	1.29811	-0.0955436	0.293512	-0.0835	-0.271623	-0.0461113	0	-0.0955436	0.293512	-0.0835	-0.271623	-0.0461113	0	0	0	0.0946874	0	0	1.19856	-0.0220786	0.0396905	-0.09142	0.021242	-0.00363487	0	-0.0220786	0.0396905	-0.09142	0.021242	-0.00363487	0	0	0	-0.0324032	0	0	0.361448	-0.514558	1.17977	0	-1.40969	-0.590958	0	-0.514558	1.17977	0	-1.40969	-0.590958	0	0	0	0.739538	0	0	1.32276	2.2415	-0.160582	0.870299	0.0835	-0.000514209	0.00155902	0	-0.00170577	-0.00120309	0	0.0114374	-0.0454098	0	0	0	-0.566198	0	0	0.00401556	1638.88	521.986	-1553.53	-0	20.7756	0	0	20.7756	3.02179	-0.113195	0.479376	0.0835	-0.000256866	0.00220001	0	-0.00230706	-0.00199412	0	0.00547361	-0.0124958	0	0	0	-0.0259113	0	0	-0.0995543	2209.39	264.379	-2193.51	-0	5.0251	0	0	-5.0251	2.75938	-0.0728946	0.0532939	0.0835	-0.000353977	0.00199211	0	-0.00235482	-0.00346134	0	0.031044	-0.0710385	0	0	0	-0.127091	0	0	-0.837108	2017.53	358.531	-1985.41	-0	0	0	0	0	2.2415	-0.160582	0.870299	-0.0835	-0.000514209	0.00155902	0	-0.00170577	-0.00120309	0	0.0114374	-0.0454098	0	0	0	-0.566198	0	0	0.00401556	1638.88	521.986	-1553.53	-0	20.7756	0	0	20.7756	3.02179	-0.113195	0.479376	-0.0835	-0.000256866	0.00220001	0	-0.00230706	-0.00199412	0	0.00547361	-0.0124958	0	0	0	-0.0259113	0	0	-0.0995543	2209.39	264.379	-2193.51	-0	5.0251	0	0	-5.0251	2.75938	-0.0728946	0.0532939	-0.0835	-0.000353977	0.00199211	0	-0.00235482	-0.00346134	0	0.031044	-0.0710385	0	0	0	-0.127091	0	0	-0.837108	2017.53	358.531	-1985.41	-0	0	0	0	0	0.408767	-0.276732	0.963578	0	0.000123382	-0.000276074	0	6.36578e-05	0.000680715	0	-0.0506899	0.0480096	0	0	0	0.0527314	0	0	0.0286654	298.871	-123.758	272.044	-0	33.1892	0	0	-33.1892	0.0396905	-0.313504	0.892919	1.99931e-10	-1.03795	-0.32974	0	-77.3601	-24.576	0	-6.10835e-10	7.32096e-09	16.1218	-0.142938	0.462928	0	-104.509	338.471	0	30.6674	9.46914	11.3782	0.0347217	-0.00357927	-0.0906058	-0.142938	0.462928	0	-104.509	338.471	0	-30.6674	-9.46914	11.3782	0.0347217	-0.00357927	0.0906058
0.8	0.69995	1.33379	-0.212817	-1.09894	0.918029	-0.185052	-0.566124	0.0104126	-0.0269245	-0.101815	-0.136054	-0.9493	-0.566124	0.0104126	-0.0269245	-0.101815	-0.136054	-0.9493	0	1	0	0	0	0	1	0	0	0	0	0	0	0	0	0	-0.212817	0.918029	0	0.939381	0	0	0.342874	-1.09894	-0.185052	0	0	0	1.33379	-0.148085	0.700537	0.0835	0.997762	0	0	0.0668633	-0.806685	-0.0992076	0	0	0	1.3442	-0.0982902	0.293103	0.0835	0.998572	0	0	0.0534255	-0.277331	-0.0363767	0	0	0	1.24238	-0.0218481	0.0397072	0.09142	0.999894	0	0	-0.0145757	0.0248039	0.00635946	0	0	0	0.293083	-0.148085	0.700537	-0.0835	0.997762	0	0	0.0668633	-0.806685	-0.0992076	0	0	0	1.3442	-0.0982902	0.293103	-0.0835	0.998572	0	0	0.0534255	-0.277331	-0.0363767	0	0	0	1.24238	-0.0218481	0.0397072	-0.09142	0.999894	0	0	-0.0145757	0.0248039	0.00635946	0	0	0	0.293083	-0.528844	1.17376	0	0.929968	0	0	0.367642	-1.44556	-0.611086	0	0	0	1.35678	0.3	0.0565942	0.3	0.131469	0.3	0.0866435	0.3	0.126815	0.3	0.0562711	0.3	0.0495046	0.3	0.0374503	0.3	0.0602776	0.3	0.0565942	0.3	0.131469	0.3	0.0866435	0.3	0.126815	0.3	0.0562711	0.3	0.0495046	0.3	0.0374503	0.3	0.0602776	0.3	0.0705865	0.3	0.0705865	0.3	0.3	0.579858	-0.00523979	0.0105565	0.113225	-0.000523979	-0.000511403	0.3	0.3	1.19192	-0.00771865	0.0229824	0.321023	-0.000771865	-0.000851367	0.3	0.3	0.552221	0.00526862	0.00709038	0.0696354	0.000526862	0.000826647	0.3	0.3	1.18963	0.00451009	0.0229384	0.320148	0.000451009	0.000480775	0.3	0.3	0.929993	0.0968666	0.0219751	0.301178	0.00968666	0.00735217	0.3	0.3	0.566678	0.0517848	0.0103276	0.110152	0.00517848	0.00514223	0.3	0.3	0.970678	-0.471428	0.0181783	0.231129	-0.0471428	-0.0240428	0.3	0.3	0.851143	-0.475704	0.0152839	0.182785	-0.0475704	-0.020931	0.3	0.3	0.882542	0.48481	0.0241774	0.345257	0.048481	0.0331125	0.3	0.3	0.579858	-0.00523979	0.0105565	0.113225	-0.000523979	-0.000511403	0.3	0.3	1.19192	-0.00771865	0.0229824	0.321023	-0.000771865	-0.000851367	0.3	0.3	0.552221	0.00526862	0.00709038	0.0696354	0.000526862	0.000826647	0.3	0.3	1.18963	0.00451009	0.0229384	0.320148	0.000451009	0.000480775	0.3	0.3	0.929993	0.0968666	0.0219751	0.301178	0.00968666	0.00735217	0.3	0.3	0.566678	0.0517848	0.0103276	0.110152	0.00517848	0.00514223	0.3	0.3	0.970678	-0.471428	0.0181783	0.231129	-0.0471428	-0.0240428	0.3	0.3	0.851143	-0.475704	0.0152839	0.182785	-0.0475704	-0.020931	0.3	0.3	0.882542	0.48481	0.0241774	0.345257	0.048481	0.0331125	0	0	0	0	0	0	0	0	0	0	0	0	0	0	0	0	0	0	-0.212817	0.918029	0	-1.09894	-0.185052	0	-0.212817	0.918029	0	-1.09894	-0.185052	0	0	0	0.69995	0	0	1.33379	-0.148085	0.700537	0.0835	-0.806685	-0.0992076	0	-0.148085	0.700537	0.0835	-0.806685	-0.0992076	0	0	0	0.133826	0	0	1.3442	-0.0982902	0.293103	0.0835	-0.277331	-0.0363767	0	-0.0982902	0.293103	0.0835	-0.277331	-0.0363767	0	0	0	0.106902	0	0	1.24238	-0.0218481	0.0397072	0.09142	0.0248039	0.00635946	0	-0.0218481	0.0397072	0.09142	0.0248039	0.00635946	0	0	0	-0.0291524	0	0	0.293083	-0.148085	0.700537	-0.0835	-0.806685	-0.0992076	0	-0.148085	0.700537	-0.0835	-0.806685	-0.0992076	0	0	0	0.133826	0	0	1.3442	-0.0982902	0.293103	-0.0835	-0.277331	-0.0363767	0	-0.0982902	0.293103	-0.0835	-0.277331	-0.0363767	0	0	0	0.106902	0	0	1.24238	-0.0218481	0.0397072	-0.09142	0.0248039	0.00635946	0	-0.0218481	0.0397072	-0.09142	0.0248039	0.00635946	0	0	0	-0.0291524	0	0	0.293083	-0.528844	1.17376	0	-1.44556	-0.611086	0	-0.528844	1.17376	0	-1.44556	-0.611086	0	0	0	0.752943	0	0	1.35678	2.23139	-0.170768	0.869017	0.0835	-0.000531137	0.00154656	0	-0.00164819	-0.0014389	0	-0.0073874	-0.0307315	0	0	0	-0.566124	0	0	0.0104126	1631.49	538.652	-1540	-0	19.905	0	0	19.905	2.99592	-0.118211	0.478737	0.0835	-0.00028035	0.00217944	0	-0.00234741	-0.00245183	0	0.178669	-0.123109	0	0	0	-0.0269222	0	0	-0.101815	2190.47	287.994	-2171.46	-0	4.89783	0	0	-4.89783	2.71078	-0.072708	0.0531453	0.0835	-0.000377551	0.00195336	0	-0.00235013	-0.00442189	0	0.194412	0.4426	0	0	0	-0.136056	0	0	-0.9493	1981.99	382.095	-1944.81	-0	0	0	0	0	2.23139	-0.170768	0.869017	-0.0835	-0.000531137	0.00154656	0	-0.00164819	-0.0014389	0	-0.0073874	-0.0307315	0	0	0	-0.566124	0	0	0.0104126	1631.49	538.652	-1540	-0	19.905	0	0	19.905	2.99592	-0.118211	0.478737	-0.0835	-0.00028035	0.00217944	0	-0.00234741	-0.00245183	0	0.178669	-0.123109	0	0	0	-0.0269222	0	0	-0.101815	2190.47	287.994	-2171.46	-0	4.89783	0	0	-4.89783	2.71078	-0.072708	0.0531453	-0.0835	-0.000377551	0.00195336	0	-0.00235013	-0.00442189	0	0.194412	0.4426	0	0	0	-0.136056	0	0	-0.9493	1981.99	382.095	-1944.81	-0	0	0	0	0	0.393299	-0.288141	0.960773	0	0.000123084	-0.00026764	0	-0.000280261	0.00117749	0	-0.0079453	0.0693704	0	0	0	0.052993	0	0	0.0229986	287.562	-121.424	260.669	-0	31.9968	0	0	-31.9968	0.0397072	-0.32403	0.88958	1.99931e-10	-1.06578	-0.338116	0	-79.4344	-25.2002	0	-9.59618e-09	-5.00633e-09	16.6118	-0.140818	0.449596	0	-102.959	328.724	0	29.74	9.31482	9.65044	0.0304259	-0.00341179	-0.090471	-0.140818	0.449596	0	-102.959	328.724	0	-29.74	-9.31482	9.65044	0.0304259	-0.00341179	0.090471
0.81	0.713488	1.37267	-0.22397	-1.1308	0.916138	-0.193572	-0.565984	0.0174258	-0.0279552	-0.103809	-0.146096	-1.05306	-0.565984	0.0174258	-0.0279552	-0.103809	-0.146096	-1.05306	0	1	0	0	0	0	1	0	0	0	0	0	0	0	0	0	-0.22397	0.916138	0	0.937039	0	0	0.349225	-1.1308	-0.193572	0	0	0	1.37267	-0.156271	0.699539	0.0835	0.997282	0	0	0.0736854	-0.830045	-0.101099	0	0	0	1.39009	-0.101093	0.292779	0.0835	0.998214	0	0	0.059739	-0.283175	-0.0291738	0	0	0	1.28628	-0.0215812	0.0398173	0.09142	0.999912	0	0	-0.0132731	0.0284885	0.0150252	0	0	0	0.233223	-0.156271	0.699539	-0.0835	0.997282	0	0	0.0736854	-0.830045	-0.101099	0	0	0	1.39009	-0.101093	0.292779	-0.0835	0.998214	0	0	0.059739	-0.283175	-0.0291738	0	0	0	1.28628	-0.0215812	0.0398173	-0.09142	0.999912	0	0	-0.0132731	0.0284885	0.0150252	0	0	0	0.233223	-0.543479	1.16753	0	0.92742	0	0	0.374022	-1.4804	-0.635094	0	0	0	1.3902	0.3	0.0565922	0.3	0.131462	0.3	0.0866536	0.3	0.12682	0.3	0.0563253	0.3	0.0492507	0.3	0.0372252	0.3	0.0606362	0.3	0.0565922	0.3	0.131462	0.3	0.0866536	0.3	0.12682	0.3	0.0563253	0.3	0.0492507	0.3	0.0372252	0.3	0.0606362	0.3	0.0706586	0.3	0.0706586	0.3	0.3	0.579838	0.00111981	0.0105794	0.113532	0.000111981	0.000109293	0.3	0.3	1.19186	-0.00373145	0.0230084	0.321545	-0.000373145	-0.000411579	0.3	0.3	0.552286	0.00780626	0.00710265	0.0697773	0.000780626	0.0012248	0.3	0.3	1.18968	0.0048085	0.0229415	0.32021	0.00048085	0.000512586	0.3	0.3	0.930944	0.0936925	0.0219576	0.30084	0.00936925	0.00711126	0.3	0.3	0.567223	0.0570377	0.0103882	0.110964	0.00570377	0.00566385	0.3	0.3	0.965701	-0.526017	0.0177979	0.224526	-0.0526017	-0.0268268	0.3	0.3	0.846028	-0.549109	0.0147762	0.174755	-0.0549109	-0.0241608	0.3	0.3	0.887792	0.566876	0.0246311	0.354655	0.0566876	0.0387177	0.3	0.3	0.579838	0.00111981	0.0105794	0.113532	0.000111981	0.000109293	0.3	0.3	1.19186	-0.00373145	0.0230084	0.321545	-0.000373145	-0.000411579	0.3	0.3	0.552286	0.00780626	0.00710265	0.0697773	0.000780626	0.0012248	0.3	0.3	1.18968	0.0048085	0.0229415	0.32021	0.00048085	0.000512586	0.3	0.3	0.930944	0.0936925	0.0219576	0.30084	0.00936925	0.00711126	0.3	0.3	0.567223	0.0570377	0.0103882	0.110964	0.00570377	0.00566385	0.3	0.3	0.965701	-0.526017	0.0177979	0.224526	-0.0526017	-0.0268268	0.3	0.3	0.846028	-0.549109	0.0147762	0.174755	-0.0549109	-0.0241608	0.3	0.3	0.887792	0.566876	0.0246311	0.354655	0.0566876	0.0387177	0	0	0	0	0	0	0	0	0	0	0	0	0	0	0	0	0	0	-0.22397	0.916138	0	-1.1308	-0.193572	0	-0.22397	0.916138	0	-1.1308	-0.193572	0	0	0	0.713488	0	0	1.37267	-0.156271	0.699539	0.0835	-0.830045	-0.101099	0	-0.156271	0.699539	0.0835	-0.830045	-0.101099	0	0	0	0.147504	0	0	1.39009	-0.101093	0.292779	0.0835	-0.283175	-0.0291738	0	-0.101093	0.292779	0.0835	-0.283175	-0.0291738	0	0	0	0.119549	0	0	1.28628	-0.0215812	0.0398173	0.09142	0.0284885	0.0150252	0	-0.0215812	0.0398173	0.09142	0.0284885	0.0150252	0	0	0	-0.026547	0	0	0.233223	-0.156271	0.699539	-0.0835	-0.830045	-0.101099	0	-0.156271	0.699539	-0.0835	-0.830045	-0.101099	0	0	0	0.147504	0	0	1.39009	-0.101093	0.292779	-0.0835	-0.283175	-0.0291738	0	-0.101093	0.292779	-0.0835	-0.283175	-0.0291738	0	0	0	0.119549	0	0	1.28628	-0.0215812	0.0398173	-0.09142	0.0284885	0.0150252	0	-0.0215812	0.0398173	-0.09142	0.0284885	0.0150252	0	0	0	-0.026547	0	0	0.233223	-0.543479	1.16753	0	-1.4804	-0.635094	0	-0.543479	1.16753	0	-1.4804	-0.635094	0	0	0	0.766684	0	0	1.3902	2.21842	-0.181256	0.867693	0.0835	-0.000547513	0.00153165	0	-0.00160074	-0.00164108	0	0.0336399	0.0258892	0	0	0	-0.565984	0	0	0.0174258	1622	554.812	-1524.16	-0	18.9282	0	0	18.9282	2.96317	-0.12336	0.478147	0.0835	-0.000303775	0.00215346	0	-0.00231498	-0.00288831	0	-0.0074296	-0.0569933	0	0	0	-0.0279562	0	0	-0.103809	2166.53	311.313	-2144.05	-0	4.77535	0	0	-4.77535	2.65351	-0.072476	0.0531229	0.0835	-0.00039994	0.00190723	0	-0.00215834	-0.00499498	0	0.0330078	0.00882614	0	0	0	-0.146096	0	0	-1.05306	1940.12	404.113	-1897.57	-0	0	0	0	0	2.21842	-0.181256	0.867693	-0.0835	-0.000547513	0.00153165	0	-0.00160074	-0.00164108	0	0.0336399	0.0258892	0	0	0	-0.565984	0	0	0.0174258	1622	554.812	-1524.16	-0	18.9282	0	0	18.9282	2.96317	-0.12336	0.478147	-0.0835	-0.000303775	0.00215346	0	-0.00231498	-0.00288831	0	-0.0074296	-0.0569933	0	0	0	-0.0279562	0	0	-0.103809	2166.53	311.313	-2144.05	-0	4.77535	0	0	-4.77535	2.65351	-0.072476	0.0531229	-0.0835	-0.00039994	0.00190723	0	-0.00215834	-0.00499498	0	0.0330078	0.00882614	0	0	0	-0.146096	0	0	-1.05306	1940.12	404.113	-1897.57	-0	0	0	0	0	0.372218	-0.299872	0.95787	0	0.000119716	-0.000254679	0	-0.000504136	0.00149268	0	-0.0668566	-0.042677	0	0	0	0.0531951	0	0	0.0175296	272.148	-116.731	245.842	-0	30.8064	0	0	-30.8064	0.0398173	-0.334828	0.886142	1.99931e-10	-1.09311	-0.349955	0	-81.4708	-26.0826	0	-9.93513e-09	2.94582e-08	17.0989	-0.137749	0.428009	0	-100.716	312.94	0	28.2846	9.10305	8.36205	0.0277667	-0.00324916	-0.0903836	-0.137749	0.428009	0	-100.716	312.94	0	-28.2846	-9.10305	8.36205	0.0277667	-0.00324916	0.0903836
0.82	0.727407	1.40762	-0.235443	-1.16226	0.914135	-0.207336	-0.565769	0.0262978	-0.0289923	-0.103003	-0.157085	-1.13988	-0.565769	0.0262978	-0.0289923	-0.103003	-0.157085	-1.13988	0	1	0	0	0	0	1	0	0	0	0	0	0	0	0	0	-0.235443	0.914135	0	0.934586	0	0	0.355738	-1.16226	-0.207336	0	0	0	1.40762	-0.164696	0.698496	0.0835	0.996736	0	0	0.0807311	-0.8537	-0.108095	0	0	0	1.43392	-0.103959	0.292506	0.0835	0.997801	0	0	0.0662743	-0.289801	-0.0264669	0	0	0	1.33092	-0.0212786	0.0400006	0.09142	0.999925	0	0	-0.0122194	0.0318272	0.0208619	0	0	0	0.191043	-0.164696	0.698496	-0.0835	0.996736	0	0	0.0807311	-0.8537	-0.108095	0	0	0	1.43392	-0.103959	0.292506	-0.0835	0.997801	0	0	0.0662743	-0.289801	-0.0264669	0	0	0	1.33092	-0.0212786	0.0400006	-0.09142	0.999925	0	0	-0.0122194	0.0318272	0.0208619	0	0	0	0.191043	-0.558459	1.16103	0	0.924766	0	0	0.380535	-1.51364	-0.663663	0	0	0	1.42073	0.3	0.0565957	0.3	0.13146	0.3	0.0866677	0.3	0.126825	0.3	0.0563837	0.3	0.0489687	0.3	0.0369685	0.3	0.061049	0.3	0.0565957	0.3	0.13146	0.3	0.0866677	0.3	0.126825	0.3	0.0563837	0.3	0.0489687	0.3	0.0369685	0.3	0.061049	0.3	0.0707292	0.3	0.0707292	0.3	0.3	0.579874	0.0066127	0.0106048	0.113875	0.00066127	0.000645399	0.3	0.3	1.19184	-0.000553641	0.0230295	0.321969	-5.53641e-05	-6.10666e-05	0.3	0.3	0.552375	0.0100483	0.00711573	0.0699305	0.00100483	0.00157659	0.3	0.3	1.18973	0.00485754	0.0229427	0.320233	0.000485754	0.000517813	0.3	0.3	0.931874	0.092582	0.021956	0.300808	0.0092582	0.00702698	0.3	0.3	0.567811	0.0605155	0.0104451	0.111726	0.00605155	0.00600919	0.3	0.3	0.96017	-0.583404	0.017402	0.217735	-0.0583404	-0.0297536	0.3	0.3	0.840192	-0.621311	0.0142737	0.166939	-0.0621311	-0.0273377	0.3	0.3	0.893836	0.644516	0.0250441	0.3633	0.0644516	0.0440204	0.3	0.3	0.579874	0.0066127	0.0106048	0.113875	0.00066127	0.000645399	0.3	0.3	1.19184	-0.000553641	0.0230295	0.321969	-5.53641e-05	-6.10666e-05	0.3	0.3	0.552375	0.0100483	0.00711573	0.0699305	0.00100483	0.00157659	0.3	0.3	1.18973	0.00485754	0.0229427	0.320233	0.000485754	0.000517813	0.3	0.3	0.931874	0.092582	0.021956	0.300808	0.0092582	0.00702698	0.3	0.3	0.567811	0.0605155	0.0104451	0.111726	0.00605155	0.00600919	0.3	0.3	0.96017	-0.583404	0.017402	0.217735	-0.0583404	-0.0297536	0.3	0.3	0.840192	-0.621311	0.0142737	0.166939	-0.0621311	-0.0273377	0.3	0.3	0.893836	0.644516	0.0250441	0.3633	0.0644516	0.0440204	0	0	0	0	0	0	0	0	0	0	0	0	0	0	0	0	0	0	-0.235443	0.914135	0	-1.16226	-0.207336	0	-0.235443	0.914135	0	-1.16226	-0.207336	0	0	0	0.727407	0	0	1.40762	-0.164696	0.698496	0.0835	-0.8537	-0.108095	0	-0.164696	0.698496	0.0835	-0.8537	-0.108095	0	0	0	0.161638	0	0	1.43392	-0.103959	0.292506	0.0835	-0.289801	-0.0264669	0	-0.103959	0.292506	0.0835	-0.289801	-0.0264669	0	0	0	0.132646	0	0	1.33092	-0.0212786	0.0400006	0.09142	0.0318272	0.0208619	0	-0.0212786	0.0400006	0.09142	0.0318272	0.0208619	0	0	0	-0.0244394	0	0	0.191043	-0.164696	0.698496	-0.0835	-0.8537	-0.108095	0	-0.164696	0.698496	-0.0835	-0.8537	-0.108095	0	0	0	0.161638	0	0	1.43392	-0.103959	0.292506	-0.0835	-0.289801	-0.0264669	0	-0.103959	0.292506	-0.0835	-0.289801	-0.0264669	0	0	0	0.132646	0	0	1.33092	-0.0212786	0.0400006	-0.09142	0.0318272	0.0208619	0	-0.0212786	0.0400006	-0.09142	0.0318272	0.0208619	0	0	0	-0.0244394	0	0	0.191043	-0.558459	1.16103	0	-1.51364	-0.663663	0	-0.558459	1.16103	0	-1.51364	-0.663663	0	0	0	0.78075	0	0	1.42073	2.20324	-0.192055	0.86628	0.0835	-0.000563547	0.00151497	0	-0.00152552	-0.0018582	0	-0.315799	-0.374794	0	0	0	-0.565769	0	0	0.0262978	1610.9	570.502	-1506.5	-0	17.6852	0	0	17.6852	2.9253	-0.128651	0.477566	0.0835	-0.000326976	0.00212359	0	-0.0022428	-0.00338894	0	-0.400079	0.0869916	0	0	0	-0.0289862	0	0	-0.103003	2138.84	334.279	-2112.56	-0	4.70728	0	0	-4.70728	2.59035	-0.0722013	0.0531989	0.0835	-0.000420436	0.00185597	0	-0.00186162	-0.00522612	0	-0.802611	-0.916025	0	0	0	-0.157085	0	0	-1.13988	1893.94	424.036	-1845.86	-0	0	0	0	0	2.20324	-0.192055	0.86628	-0.0835	-0.000563547	0.00151497	0	-0.00152552	-0.0018582	0	-0.315799	-0.374794	0	0	0	-0.565769	0	0	0.0262978	1610.9	570.502	-1506.5	-0	17.6852	0	0	17.6852	2.9253	-0.128651	0.477566	-0.0835	-0.000326976	0.00212359	0	-0.0022428	-0.00338894	0	-0.400079	0.0869916	0	0	0	-0.0289862	0	0	-0.103003	2138.84	334.279	-2112.56	-0	4.70728	0	0	-4.70728	2.59035	-0.0722013	0.0531989	-0.0835	-0.000420436	0.00185597	0	-0.00186162	-0.00522612	0	-0.802611	-0.916025	0	0	0	-0.157085	0	0	-1.13988	1893.94	424.036	-1845.86	-0	0	0	0	0	0.347531	-0.311928	0.95482	0	0.000114858	-0.000239383	0	-0.000806689	0.0017513	0	0.268943	0.591561	0	0	0	0.0533383	0	0	0.0131071	254.098	-110.082	229.015	-0	29.8271	0	0	-29.8271	0.0400006	-0.3459	0.882559	1.99931e-10	-1.1198	-0.366534	0	-83.4602	-27.3183	0	-9.89785e-09	5.69269e-08	17.5617	-0.133877	0.401029	0	-97.8843	293.213	0	26.4863	8.842	7.41511	0.0263186	-0.00308364	-0.0903311	-0.133877	0.401029	0	-97.8843	293.213	0	-26.4863	-8.842	7.41511	0.0263186	-0.00308364	0.0903311
0.83	0.741658	1.44056	-0.247227	-1.19334	0.911963	-0.227353	-0.565468	0.0339555	-0.0299886	-0.0964583	-0.168864	-1.2093	-0.565468	0.0339555	-0.0299886	-0.0964583	-0.168864	-1.2093	0	1	0	0	0	0	1	0	0	0	0	0	0	0	0	0	-0.247227	0.911963	0	0.932027	0	0	0.362388	-1.19334	-0.227353	0	0	0	1.44056	-0.173358	0.697353	0.0835	0.996122	0	0	0.0879813	-0.877889	-0.121091	0	0	0	1.47452	-0.106896	0.292234	0.0835	0.997329	0	0	0.0730358	-0.29752	-0.0287345	0	0	0	1.37806	-0.0209448	0.0402246	0.09142	0.999936	0	0	-0.0113309	0.0346746	0.0231846	0	0	0	0.168761	-0.173358	0.697353	-0.0835	0.996122	0	0	0.0879813	-0.877889	-0.121091	0	0	0	1.47452	-0.106896	0.292234	-0.0835	0.997329	0	0	0.0730358	-0.29752	-0.0287345	0	0	0	1.37806	-0.0209448	0.0402246	-0.09142	0.999936	0	0	-0.0113309	0.0346746	0.0231846	0	0	0	0.168761	-0.573759	1.15422	0	0.922013	0	0	0.387159	-1.54473	-0.697552	0	0	0	1.44674	0.3	0.0566049	0.3	0.131461	0.3	0.0866858	0.3	0.12683	0.3	0.0564442	0.3	0.0486569	0.3	0.0366805	0.3	0.0615117	0.3	0.0566049	0.3	0.131461	0.3	0.0866858	0.3	0.12683	0.3	0.0564442	0.3	0.0486569	0.3	0.0366805	0.3	0.0615117	0.3	0.0707994	0.3	0.0707994	0.3	0.3	0.579968	0.0121378	0.010634	0.114271	0.00121378	0.00118465	0.3	0.3	1.19185	0.00209779	0.0230498	0.322372	0.000209779	0.000231386	0.3	0.3	0.552491	0.0128217	0.00713227	0.0701242	0.00128217	0.00201172	0.3	0.3	1.18978	0.00450365	0.0229407	0.320195	0.000450365	0.00048009	0.3	0.3	0.932798	0.0919338	0.0219578	0.300842	0.00919338	0.00697778	0.3	0.3	0.568421	0.0609002	0.0104914	0.112349	0.00609002	0.00604739	0.3	0.3	0.954057	-0.641519	0.0170043	0.210995	-0.0641519	-0.0327175	0.3	0.3	0.833648	-0.689534	0.0137901	0.159542	-0.0689534	-0.0303395	0.3	0.3	0.900611	0.710794	0.0253935	0.370684	0.0710794	0.0485472	0.3	0.3	0.579968	0.0121378	0.010634	0.114271	0.00121378	0.00118465	0.3	0.3	1.19185	0.00209779	0.0230498	0.322372	0.000209779	0.000231386	0.3	0.3	0.552491	0.0128217	0.00713227	0.0701242	0.00128217	0.00201172	0.3	0.3	1.18978	0.00450365	0.0229407	0.320195	0.000450365	0.00048009	0.3	0.3	0.932798	0.0919338	0.0219578	0.300842	0.00919338	0.00697778	0.3	0.3	0.568421	0.0609002	0.0104914	0.112349	0.00609002	0.00604739	0.3	0.3	0.954057	-0.641519	0.0170043	0.210995	-0.0641519	-0.0327175	0.3	0.3	0.833648	-0.689534	0.0137901	0.159542	-0.0689534	-0.0303395	0.3	0.3	0.900611	0.710794	0.0253935	0.370684	0.0710794	0.0485472	0	0	0	0	0	0	0	0	0	0	0	0	0	0	0	0	0	0	-0.247227	0.911963	0	-1.19334	-0.227353	0	-0.247227	0.911963	0	-1.19334	-0.227353	0	0	0	0.741658	0	0	1.44056	-0.173358	0.697353	0.0835	-0.877889	-0.121091	0	-0.173358	0.697353	0.0835	-0.877889	-0.121091	0	0	0	0.17619	0	0	1.47452	-0.106896	0.292234	0.0835	-0.29752	-0.0287345	0	-0.106896	0.292234	0.0835	-0.29752	-0.0287345	0	0	0	0.146202	0	0	1.37806	-0.0209448	0.0402246	0.09142	0.0346746	0.0231846	0	-0.0209448	0.0402246	0.09142	0.0346746	0.0231846	0	0	0	-0.0226623	0	0	0.168761	-0.173358	0.697353	-0.0835	-0.877889	-0.121091	0	-0.173358	0.697353	-0.0835	-0.877889	-0.121091	0	0	0	0.17619	0	0	1.47452	-0.106896	0.292234	-0.0835	-0.29752	-0.0287345	0	-0.106896	0.292234	-0.0835	-0.29752	-0.0287345	0	0	0	0.146202	0	0	1.37806	-0.0209448	0.0402246	-0.09142	0.0346746	0.0231846	0	-0.0209448	0.0402246	-0.09142	0.0346746	0.0231846	0	0	0	-0.0226623	0	0	0.168761	-0.573759	1.15422	0	-1.54473	-0.697552	0	-0.573759	1.15422	0	-1.54473	-0.697552	0	0	0	0.795096	0	0	1.44674	2.18672	-0.203155	0.864721	0.0835	-0.000579342	0.00149652	0	-0.00154746	-0.00199823	0	0.119759	0.131765	0	0	0	-0.565467	0	0	0.0339555	1598.83	586.398	-1487.41	-0	16.5761	0	0	16.5761	2.88576	-0.134095	0.476942	0.0835	-0.000350207	0.00209093	0	-0.00225282	-0.00353543	0	-0.154093	0.00952643	0	0	0	-0.0299809	0	0	-0.0964583	2109.93	357.543	-2079.42	-0	4.74985	0	0	-4.74985	2.52446	-0.0718908	0.0533324	0.0835	-0.000439145	0.00180262	0	-0.00172342	-0.00552303	0	-0.00863579	0.0594285	0	0	0	-0.168863	0	0	-1.2093	1845.76	442.477	-1791.94	-0	0	0	0	0	2.18672	-0.203155	0.864721	-0.0835	-0.000579342	0.00149652	0	-0.00154746	-0.00199823	0	0.119759	0.131765	0	0	0	-0.565467	0	0	0.0339555	1598.83	586.398	-1487.41	-0	16.5761	0	0	16.5761	2.88576	-0.134095	0.476942	-0.0835	-0.000350207	0.00209093	0	-0.00225282	-0.00353543	0	-0.154093	0.00952643	0	0	0	-0.0299809	0	0	-0.0964583	2109.93	357.543	-2079.42	-0	4.74985	0	0	-4.74985	2.52446	-0.0718908	0.0533324	-0.0835	-0.000439145	0.00180262	0	-0.00172342	-0.00552303	0	-0.00863579	0.0594285	0	0	0	-0.168863	0	0	-1.2093	1845.76	442.477	-1791.94	-0	0	0	0	0	0.320505	-0.324294	0.95157	0	0.000107825	-0.000221714	0	-0.000831485	0.0018881	0	-0.144989	-0.245417	0	0	0	0.0534366	0	0	0.00617945	234.338	-102.902	210.536	-0	28.209	0	0	-28.209	0.0402246	-0.357233	0.878784	1.99931e-10	-1.1457	-0.388656	0	-85.391	-28.9671	0	1.97737e-09	3.12306e-09	17.9902	-0.129862	0.372485	0	-94.9493	272.344	0	24.5921	8.57374	6.68375	0.0255584	-0.00291663	-0.0902981	-0.129862	0.372485	0	-94.9493	272.344	0	-24.5921	-8.57374	6.68375	0.0255584	-0.00291663	0.0902981
0.84	0.756209	1.46756	-0.259318	-1.22378	0.909559	-0.253561	-0.565078	0.0442886	-0.0308967	-0.0850632	-0.181266	-1.26529	-0.565078	0.0442886	-0.0308967	-0.0850632	-0.181266	-1.26529	0	1	0	0	0	0	1	0	0	0	0	0	0	0	0	0	-0.259318	0.909559	0	0.929366	0	0	0.369159	-1.22378	-0.253561	0	0	0	1.46756	-0.182263	0.696048	0.0835	0.995437	0	0	0.0954198	-0.902443	-0.140117	0	0	0	1.51185	-0.109916	0.291913	0.0835	0.996792	0	0	0.0800312	-0.306343	-0.0361533	0	0	0	1.42678	-0.0205861	0.0404549	0.09142	0.999945	0	0	-0.0105161	0.0368478	0.0222081	0	0	0	0.161497	-0.182263	0.696048	-0.0835	0.995437	0	0	0.0954198	-0.902443	-0.140117	0	0	0	1.51185	-0.109916	0.291913	-0.0835	0.996792	0	0	0.0800312	-0.306343	-0.0361533	0	0	0	1.42678	-0.0205861	0.0404549	-0.09142	0.999945	0	0	-0.0105161	0.0368478	0.0222081	0	0	0	0.161497	-0.589357	1.14705	0	0.919165	0	0	0.393872	-1.57371	-0.736644	0	0	0	1.46881	0.3	0.0566191	0.3	0.131464	0.3	0.0867077	0.3	0.126834	0.3	0.0565035	0.3	0.0483155	0.3	0.0363636	0.3	0.0620154	0.3	0.0566191	0.3	0.131464	0.3	0.0867077	0.3	0.126834	0.3	0.0565035	0.3	0.0483155	0.3	0.0363636	0.3	0.0620154	0.3	0.0708686	0.3	0.0708686	0.3	0.3	0.580114	0.0168484	0.0106634	0.114668	0.00168484	0.0016444	0.3	0.3	1.19188	0.0043267	0.0230675	0.322727	0.00043267	0.000477235	0.3	0.3	0.55263	0.0151173	0.00714929	0.0703222	0.00151173	0.0023719	0.3	0.3	1.18982	0.00342493	0.0229331	0.320043	0.000342493	0.000365098	0.3	0.3	0.93371	0.0899517	0.021949	0.300671	0.00899517	0.00682734	0.3	0.3	0.569018	0.0576041	0.0105223	0.112764	0.00576041	0.00572008	0.3	0.3	0.947363	-0.698921	0.0166133	0.204448	-0.0698921	-0.035645	0.3	0.3	0.826446	-0.751947	0.0133333	0.15267	-0.0751947	-0.0330857	0.3	0.3	0.907985	0.763116	0.0256764	0.376709	0.0763116	0.0521209	0.3	0.3	0.580114	0.0168484	0.0106634	0.114668	0.00168484	0.0016444	0.3	0.3	1.19188	0.0043267	0.0230675	0.322727	0.00043267	0.000477235	0.3	0.3	0.55263	0.0151173	0.00714929	0.0703222	0.00151173	0.0023719	0.3	0.3	1.18982	0.00342493	0.0229331	0.320043	0.000342493	0.000365098	0.3	0.3	0.93371	0.0899517	0.021949	0.300671	0.00899517	0.00682734	0.3	0.3	0.569018	0.0576041	0.0105223	0.112764	0.00576041	0.00572008	0.3	0.3	0.947363	-0.698921	0.0166133	0.204448	-0.0698921	-0.035645	0.3	0.3	0.826446	-0.751947	0.0133333	0.15267	-0.0751947	-0.0330857	0.3	0.3	0.907985	0.763116	0.0256764	0.376709	0.0763116	0.0521209	0	0	0	0	0	0	0	0	0	0	0	0	0	0	0	0	0	0	-0.259318	0.909559	0	-1.22378	-0.253561	0	-0.259318	0.909559	0	-1.22378	-0.253561	0	0	0	0.756209	0	0	1.46756	-0.182263	0.696048	0.0835	-0.902443	-0.140117	0	-0.182263	0.696048	0.0835	-0.902443	-0.140117	0	0	0	0.19113	0	0	1.51185	-0.109916	0.291913	0.0835	-0.306343	-0.0361533	0	-0.109916	0.291913	0.0835	-0.306343	-0.0361533	0	0	0	0.160234	0	0	1.42678	-0.0205861	0.0404549	0.09142	0.0368478	0.0222081	0	-0.0205861	0.0404549	0.09142	0.0368478	0.0222081	0	0	0	-0.0210326	0	0	0.161497	-0.182263	0.696048	-0.0835	-0.902443	-0.140117	0	-0.182263	0.696048	-0.0835	-0.902443	-0.140117	0	0	0	0.19113	0	0	1.51185	-0.109916	0.291913	-0.0835	-0.306343	-0.0361533	0	-0.109916	0.291913	-0.0835	-0.306343	-0.0361533	0	0	0	0.160234	0	0	1.42678	-0.0205861	0.0404549	-0.09142	0.0368478	0.0222081	0	-0.0205861	0.0404549	-0.09142	0.0368478	0.0222081	0	0	0	-0.0210326	0	0	0.161497	-0.589357	1.14705	0	-1.57371	-0.736644	0	-0.589357	1.14705	0	-1.57371	-0.736644	0	0	0	0.80968	0	0	1.46881	2.17098	-0.214558	0.862953	0.0835	-0.000595167	0.00147747	0	-0.0015651	-0.00194268	0	-0.37993	-0.41633	0	0	0	-0.565078	0	0	0.0442886	1587.32	602.303	-1468.61	-0	15.1078	0	0	15.1078	2.84694	-0.139704	0.476221	0.0835	-0.000373363	0.00205761	0	-0.00232238	-0.00344495	0	0.318164	0.0342108	0	0	0	-0.0308974	0	0	-0.0850632	2081.55	380.926	-2046.39	-0	4.88542	0	0	-4.88542	2.46105	-0.0715534	0.0534797	0.0835	-0.000455856	0.00175005	0	-0.00160247	-0.00525484	0	0.148134	0.257124	0	0	0	-0.181266	0	0	-1.26529	1799.41	458.955	-1739.89	-0	0	0	0	0	2.17098	-0.214558	0.862953	-0.0835	-0.000595167	0.00147747	0	-0.0015651	-0.00194268	0	-0.37993	-0.41633	0	0	0	-0.565078	0	0	0.0442886	1587.32	602.303	-1468.61	-0	15.1078	0	0	15.1078	2.84694	-0.139704	0.476221	-0.0835	-0.000373363	0.00205761	0	-0.00232238	-0.00344495	0	0.318164	0.0342108	0	0	0	-0.0308974	0	0	-0.0850632	2081.55	380.926	-2046.39	-0	4.88542	0	0	-4.88542	2.46105	-0.0715534	0.0534797	-0.0835	-0.000455856	0.00175005	0	-0.00160247	-0.00525484	0	0.148134	0.257124	0	0	0	-0.181266	0	0	-1.26529	1799.41	458.955	-1739.89	-0	0	0	0	0	0.295487	-0.336964	0.948057	0	0.000100642	-0.000203997	0	-0.000851512	0.00173196	0	0.344997	0.709885	0	0	0	0.0534723	0	0	0.00125504	216.046	-95.6012	193.743	-0	27.0385	0	0	-27.0385	0.0404549	-0.36882	0.874759	1.99931e-10	-1.17076	-0.416274	0	-87.2582	-31.0255	0	-6.43929e-09	9.37499e-09	18.3849	-0.125533	0.345712	0	-91.7835	252.768	0	22.8169	8.28513	6.04812	0.0249271	-0.00275287	-0.0902682	-0.125533	0.345712	0	-91.7835	252.768	0	-22.8169	-8.28513	6.04812	0.0249271	-0.00275287	0.0902682
0.85	0.771032	1.49442	-0.271713	-1.25347	0.906862	-0.285024	-0.564602	0.0516027	-0.0316742	-0.0707235	-0.194131	-1.30509	-0.564602	0.0516027	-0.0316742	-0.0707235	-0.194131	-1.30509	0	1	0	0	0	0	1	0	0	0	0	0	0	0	0	0	-0.271713	0.906862	0	0.926604	0	0	0.376037	-1.25347	-0.285024	0	0	0	1.49442	-0.191417	0.694524	0.0835	0.994678	0	0	0.103032	-0.927022	-0.164316	0	0	0	1.54602	-0.11303	0.291491	0.0835	0.996185	0	0	0.0872668	-0.31613	-0.0481259	0	0	0	1.47529	-0.0202105	0.0406576	0.09142	0.999953	0	0	-0.00968759	0.0380732	0.0181837	0	0	0	0.1702	-0.191417	0.694524	-0.0835	0.994678	0	0	0.103032	-0.927022	-0.164316	0	0	0	1.54602	-0.11303	0.291491	-0.0835	0.996185	0	0	0.0872668	-0.31613	-0.0481259	0	0	0	1.47529	-0.0202105	0.0406576	-0.09142	0.999953	0	0	-0.00968759	0.0380732	0.0181837	0	0	0	0.1702	-0.605238	1.13946	0	0.916227	0	0	0.400659	-1.6009	-0.780368	0	0	0	1.4883	0.3	0.0566372	0.3	0.13147	0.3	0.0867325	0.3	0.126837	0.3	0.056558	0.3	0.0479455	0.3	0.0360208	0.3	0.0625496	0.3	0.0566372	0.3	0.13147	0.3	0.0867325	0.3	0.126837	0.3	0.056558	0.3	0.0479455	0.3	0.0360208	0.3	0.0625496	0.3	0.0709354	0.3	0.0709354	0.3	0.3	0.580299	0.0205213	0.0106911	0.115043	0.00205213	0.00200288	0.3	0.3	1.19193	0.00615029	0.0230824	0.323025	0.000615029	0.000678377	0.3	0.3	0.552788	0.0170328	0.00716637	0.0705232	0.00170328	0.00267244	0.3	0.3	1.18984	0.00135094	0.0229175	0.319732	0.000135094	0.00014401	0.3	0.3	0.93459	0.0855883	0.021921	0.300129	0.00855883	0.00649615	0.3	0.3	0.569567	0.0519455	0.0105402	0.113004	0.00519455	0.00515819	0.3	0.3	0.940107	-0.754418	0.0162355	0.198196	-0.0754418	-0.0384753	0.3	0.3	0.818655	-0.807501	0.0129071	0.146352	-0.0807501	-0.03553	0.3	0.3	0.915807	0.800726	0.0258951	0.381396	0.0800726	0.0546896	0.3	0.3	0.580299	0.0205213	0.0106911	0.115043	0.00205213	0.00200288	0.3	0.3	1.19193	0.00615029	0.0230824	0.323025	0.000615029	0.000678377	0.3	0.3	0.552788	0.0170328	0.00716637	0.0705232	0.00170328	0.00267244	0.3	0.3	1.18984	0.00135094	0.0229175	0.319732	0.000135094	0.00014401	0.3	0.3	0.93459	0.0855883	0.021921	0.300129	0.00855883	0.00649615	0.3	0.3	0.569567	0.0519455	0.0105402	0.113004	0.00519455	0.00515819	0.3	0.3	0.940107	-0.754418	0.0162355	0.198196	-0.0754418	-0.0384753	0.3	0.3	0.818655	-0.807501	0.0129071	0.146352	-0.0807501	-0.03553	0.3	0.3	0.915807	0.800726	0.0258951	0.381396	0.0800726	0.0546896	0	0	0	0	0	0	0	0	0	0	0	0	0	0	0	0	0	0	-0.271713	0.906862	0	-1.25347	-0.285024	0	-0.271713	0.906862	0	-1.25347	-0.285024	0	0	0	0.771032	0	0	1.49442	-0.191417	0.694524	0.0835	-0.927022	-0.164316	0	-0.191417	0.694524	0.0835	-0.927022	-0.164316	0	0	0	0.20643	0	0	1.54602	-0.11303	0.291491	0.0835	-0.31613	-0.0481259	0	-0.11303	0.291491	0.0835	-0.31613	-0.0481259	0	0	0	0.174756	0	0	1.47529	-0.0202105	0.0406576	0.09142	0.0380732	0.0181837	0	-0.0202105	0.0406576	0.09142	0.0380732	0.0181837	0	0	0	-0.0193755	0	0	0.1702	-0.191417	0.694524	-0.0835	-0.927022	-0.164316	0	-0.191417	0.694524	-0.0835	-0.927022	-0.164316	0	0	0	0.20643	0	0	1.54602	-0.11303	0.291491	-0.0835	-0.31613	-0.0481259	0	-0.11303	0.291491	-0.0835	-0.31613	-0.0481259	0	0	0	0.174756	0	0	1.47529	-0.0202105	0.0406576	-0.09142	0.0380732	0.0181837	0	-0.0202105	0.0406576	-0.09142	0.0380732	0.0181837	0	0	0	-0.0193755	0	0	0.1702	-0.605238	1.13946	0	-1.6009	-0.780368	0	-0.605238	1.13946	0	-1.6009	-0.780368	0	0	0	0.824472	0	0	1.4883	2.15609	-0.226261	0.860915	0.0835	-0.000611857	0.00145879	0	-0.00164247	-0.00200048	0	0.0634549	0.106849	0	0	0	-0.564602	0	0	0.0516027	1576.43	619.345	-1449.67	-0	14.015	0	0	14.015	2.8103	-0.145491	0.475348	0.0835	-0.000396818	0.00202537	0	-0.00233203	-0.00331476	0	-0.0511972	0.0876931	0	0	0	-0.0316672	0	0	-0.0707235	2054.76	404.412	-2014.57	-0	5.07973	0	0	-5.07973	2.40301	-0.0711993	0.0535979	0.0835	-0.000471376	0.001701	0	-0.00147143	-0.00477665	0	0.00364611	0.0174387	0	0	0	-0.194131	0	0	-1.30509	1756.97	474.221	-1691.76	-0	0	0	0	0	2.15609	-0.226261	0.860915	-0.0835	-0.000611857	0.00145879	0	-0.00164247	-0.00200048	0	0.0634549	0.106849	0	0	0	-0.564602	0	0	0.0516027	1576.43	619.345	-1449.67	-0	14.015	0	0	14.015	2.8103	-0.145491	0.475348	-0.0835	-0.000396818	0.00202537	0	-0.00233203	-0.00331476	0	-0.0511972	0.0876931	0	0	0	-0.0316672	0	0	-0.0707235	2054.76	404.412	-2014.57	-0	5.07973	0	0	-5.07973	2.40301	-0.0711993	0.0535979	-0.0835	-0.000471376	0.001701	0	-0.00147143	-0.00477665	0	0.00364611	0.0174387	0	0	0	-0.194131	0	0	-1.30509	1756.97	474.221	-1691.76	-0	0	0	0	0	0.273223	-0.349929	0.944219	0	9.45926e-05	-0.000188105	0	-0.000748396	0.00166216	0	-0.056731	-0.157571	0	0	0	0.0534366	0	0	-0.00611186	199.768	-90.1618	178.264	-0	25.2458	0	0	-25.2458	0.0406576	-0.380656	0.87043	1.99931e-10	-1.19501	-0.448697	0	-89.0654	-33.442	0	-3.71178e-09	3.79664e-08	18.7539	-0.121488	0.323562	0	-88.8264	236.574	0	21.3441	8.01407	5.38702	0.0237467	-0.00259852	-0.0902216	-0.121488	0.323562	0	-88.8264	236.574	0	-21.3441	-8.01407	5.38702	0.0237467	-0.00259852	0.0902216
0.86	0.786106	1.51945	-0.2844	-1.28246	0.903829	-0.320581	-0.564044	0.0590841	-0.0322978	-0.05474	-0.207347	-1.33521	-0.564044	0.0590841	-0.0322978	-0.05474	-0.207347	-1.33521	0	1	0	0	0	0	1	0	0	0	0	0	0	0	0	0	-0.2844	0.903829	0	0.923744	0	0	0.38301	-1.28246	-0.320581	0	0	0	1.51945	-0.200815	0.692737	0.0835	0.993842	0	0	0.110803	-0.951491	-0.192276	0	0	0	1.57853	-0.116245	0.290934	0.0835	0.995502	0	0	0.0947397	-0.326493	-0.0630722	0	0	0	1.52379	-0.0198265	0.0408093	0.09142	0.999961	0	0	-0.00879152	0.0385535	0.0122365	0	0	0	0.188584	-0.200815	0.692737	-0.0835	0.993842	0	0	0.110803	-0.951491	-0.192276	0	0	0	1.57853	-0.116245	0.290934	-0.0835	0.995502	0	0	0.0947397	-0.326493	-0.0630722	0	0	0	1.52379	-0.0198265	0.0408093	-0.09142	0.999961	0	0	-0.00879152	0.0385535	0.0122365	0	0	0	0.188584	-0.621383	1.1314	0	0.913201	0	0	0.40751	-1.62666	-0.828118	0	0	0	1.5068	0.3	0.0566584	0.3	0.131477	0.3	0.08676	0.3	0.126837	0.3	0.0566056	0.3	0.0475477	0.3	0.0356552	0.3	0.0631052	0.3	0.0566584	0.3	0.131477	0.3	0.08676	0.3	0.126837	0.3	0.0566056	0.3	0.0475477	0.3	0.0356552	0.3	0.0631052	0.3	0.070998	0.3	0.070998	0.3	0.3	0.580516	0.0228446	0.0107152	0.115371	0.00228446	0.00222963	0.3	0.3	1.19199	0.0068266	0.0230886	0.323152	0.00068266	0.000752974	0.3	0.3	0.552963	0.0182002	0.00718256	0.0707131	0.00182002	0.00285562	0.3	0.3	1.18984	-0.00137203	0.0228977	0.319338	-0.000137203	-0.000146259	0.3	0.3	0.935415	0.078503	0.0218709	0.299156	0.0078503	0.00595838	0.3	0.3	0.570046	0.0434385	0.0105412	0.113018	0.00434385	0.00431344	0.3	0.3	0.932309	-0.807206	0.0158743	0.19229	-0.0807206	-0.0411675	0.3	0.3	0.810345	-0.855501	0.0125124	0.14059	-0.0855501	-0.0376421	0.3	0.3	0.923942	0.825669	0.0260603	0.384951	0.0825669	0.0563932	0.3	0.3	0.580516	0.0228446	0.0107152	0.115371	0.00228446	0.00222963	0.3	0.3	1.19199	0.0068266	0.0230886	0.323152	0.00068266	0.000752974	0.3	0.3	0.552963	0.0182002	0.00718256	0.0707131	0.00182002	0.00285562	0.3	0.3	1.18984	-0.00137203	0.0228977	0.319338	-0.000137203	-0.000146259	0.3	0.3	0.935415	0.078503	0.0218709	0.299156	0.0078503	0.00595838	0.3	0.3	0.570046	0.0434385	0.0105412	0.113018	0.00434385	0.00431344	0.3	0.3	0.932309	-0.807206	0.0158743	0.19229	-0.0807206	-0.0411675	0.3	0.3	0.810345	-0.855501	0.0125124	0.14059	-0.0855501	-0.0376421	0.3	0.3	0.923942	0.825669	0.0260603	0.384951	0.0825669	0.0563932	0	0	0	0	0	0	0	0	0	0	0	0	0	0	0	0	0	0	-0.2844	0.903829	0	-1.28246	-0.320581	0	-0.2844	0.903829	0	-1.28246	-0.320581	0	0	0	0.786106	0	0	1.51945	-0.200815	0.692737	0.0835	-0.951491	-0.192276	0	-0.200815	0.692737	0.0835	-0.951491	-0.192276	0	0	0	0.222062	0	0	1.57853	-0.116245	0.290934	0.0835	-0.326493	-0.0630722	0	-0.116245	0.290934	0.0835	-0.326493	-0.0630722	0	0	0	0.189764	0	0	1.52379	-0.0198265	0.0408093	0.09142	0.0385535	0.0122365	0	-0.0198265	0.0408093	0.09142	0.0385535	0.0122365	0	0	0	-0.0175833	0	0	0.188584	-0.200815	0.692737	-0.0835	-0.951491	-0.192276	0	-0.200815	0.692737	-0.0835	-0.951491	-0.192276	0	0	0	0.222062	0	0	1.57853	-0.116245	0.290934	-0.0835	-0.326493	-0.0630722	0	-0.116245	0.290934	-0.0835	-0.326493	-0.0630722	0	0	0	0.189764	0	0	1.52379	-0.0198265	0.0408093	-0.09142	0.0385535	0.0122365	0	-0.0198265	0.0408093	-0.09142	0.0385535	0.0122365	0	0	0	-0.0175833	0	0	0.188584	-0.621383	1.1314	0	-1.62666	-0.828118	0	-0.621383	1.1314	0	-1.62666	-0.828118	0	0	0	0.839451	0	0	1.5068	2.14422	-0.238256	0.858563	0.0835	-0.000629276	0.00144088	0	-0.00176024	-0.00186653	0	0.118822	0.187809	0	0	0	-0.564044	0	0	0.0590841	1567.75	637.302	-1432.37	-0	12.8966	0	0	12.8966	2.77864	-0.151462	0.474282	0.0835	-0.000420913	0.00199574	0	-0.00237542	-0.00302941	0	-0.09964	-0.0597718	0	0	0	-0.0323008	0	0	-0.05474	2031.61	428.648	-1985.88	-0	5.31117	0	0	-5.31117	2.35227	-0.0708384	0.0536582	0.0835	-0.000486247	0.00165707	0	-0.0014602	-0.00424269	0	0.0345983	0.13678	0	0	0	-0.207347	0	0	-1.33521	1719.87	489.071	-1648.86	-0	0	0	0	0	2.14422	-0.238256	0.858563	-0.0835	-0.000629276	0.00144088	0	-0.00176024	-0.00186653	0	0.118822	0.187809	0	0	0	-0.564044	0	0	0.0590841	1567.75	637.302	-1432.37	-0	12.8966	0	0	12.8966	2.77864	-0.151462	0.474282	-0.0835	-0.000420913	0.00199574	0	-0.00237542	-0.00302941	0	-0.09964	-0.0597718	0	0	0	-0.0323008	0	0	-0.05474	2031.61	428.648	-1985.88	-0	5.31117	0	0	-5.31117	2.35227	-0.0708384	0.0536582	-0.0835	-0.000486247	0.00165707	0	-0.0014602	-0.00424269	0	0.0345983	0.13678	0	0	0	-0.207347	0	0	-1.33521	1719.87	489.071	-1648.86	-0	0	0	0	0	0.25631	-0.363178	0.940014	0	8.9854e-05	-0.000174314	0	-0.000568986	0.00136167	0	-0.0849199	-0.306543	0	0	0	0.0533473	0	0	-0.0126498	187.402	-86.4854	166.252	-0	23.6273	0	0	-23.6273	0.0408093	-0.392729	0.865756	1.99931e-10	-1.21855	-0.484915	0	-90.8199	-36.1414	0	7.34404e-10	-7.95765e-09	19.1121	-0.118491	0.307597	0	-86.6352	224.901	0	20.2735	7.80968	4.62937	0.0215318	-0.00246018	-0.0901444	-0.118491	0.307597	0	-86.6352	224.901	0	-20.2735	-7.80968	4.62937	0.0215318	-0.00246018	0.0901444
0.87	0.801432	1.54492	-0.297374	-1.31083	0.900425	-0.358604	-0.563417	0.0657172	-0.032765	-0.0393605	-0.22083	-1.36117	-0.563417	0.0657172	-0.032765	-0.0393605	-0.22083	-1.36117	0	1	0	0	0	0	1	0	0	0	0	0	0	0	0	0	-0.297374	0.900425	0	0.920782	0	0	0.390078	-1.31083	-0.358604	0	0	0	1.54492	-0.210457	0.690658	0.0835	0.992927	0	0	0.118727	-0.975565	-0.222379	0	0	0	1.61064	-0.119566	0.290217	0.0835	0.994739	0	0	0.102445	-0.337132	-0.0794886	0	0	0	1.57127	-0.0194418	0.0408961	0.09142	0.99997	0	0	-0.00778979	0.0383265	0.0055354	0	0	0	0.210107	-0.210457	0.690658	-0.0835	0.992927	0	0	0.118727	-0.975565	-0.222379	0	0	0	1.61064	-0.119566	0.290217	-0.0835	0.994739	0	0	0.102445	-0.337132	-0.0794886	0	0	0	1.57127	-0.0194418	0.0408961	-0.09142	0.99997	0	0	-0.00778979	0.0383265	0.0055354	0	0	0	0.210107	-0.637781	1.12286	0	0.910083	0	0	0.414425	-1.65169	-0.878866	0	0	0	1.5267	0.3	0.0566813	0.3	0.131485	0.3	0.0867891	0.3	0.126834	0.3	0.0566446	0.3	0.0471239	0.3	0.03527	0.3	0.0636746	0.3	0.0566813	0.3	0.131485	0.3	0.0867891	0.3	0.126834	0.3	0.0566446	0.3	0.0471239	0.3	0.03527	0.3	0.0636746	0.3	0.0710543	0.3	0.0710543	0.3	0.3	0.580751	0.0242464	0.0107368	0.115664	0.00242464	0.00236645	0.3	0.3	1.19207	0.00738337	0.0230941	0.323261	0.000738337	0.000814386	0.3	0.3	0.553149	0.0189763	0.00719839	0.070899	0.00189763	0.00297738	0.3	0.3	1.18981	-0.00441773	0.0228765	0.318915	-0.000441773	-0.00047093	0.3	0.3	0.936157	0.0692996	0.0218025	0.29783	0.00692996	0.00525984	0.3	0.3	0.570439	0.0348814	0.0105354	0.112939	0.00348814	0.00346373	0.3	0.3	0.923999	-0.856529	0.0155329	0.186771	-0.0856529	-0.043683	0.3	0.3	0.801591	-0.896198	0.0121463	0.135316	-0.0896198	-0.0394327	0.3	0.3	0.932278	0.841244	0.0261846	0.387637	0.0841244	0.057457	0.3	0.3	0.580751	0.0242464	0.0107368	0.115664	0.00242464	0.00236645	0.3	0.3	1.19207	0.00738337	0.0230941	0.323261	0.000738337	0.000814386	0.3	0.3	0.553149	0.0189763	0.00719839	0.070899	0.00189763	0.00297738	0.3	0.3	1.18981	-0.00441773	0.0228765	0.318915	-0.000441773	-0.00047093	0.3	0.3	0.936157	0.0692996	0.0218025	0.29783	0.00692996	0.00525984	0.3	0.3	0.570439	0.0348814	0.0105354	0.112939	0.00348814	0.00346373	0.3	0.3	0.923999	-0.856529	0.0155329	0.186771	-0.0856529	-0.043683	0.3	0.3	0.801591	-0.896198	0.0121463	0.135316	-0.0896198	-0.0394327	0.3	0.3	0.932278	0.841244	0.0261846	0.387637	0.0841244	0.057457	0	0	0	0	0	0	0	0	0	0	0	0	0	0	0	0	0	0	-0.297374	0.900425	0	-1.31083	-0.358604	0	-0.297374	0.900425	0	-1.31083	-0.358604	0	0	0	0.801432	0	0	1.54492	-0.210457	0.690658	0.0835	-0.975565	-0.222379	0	-0.210457	0.690658	0.0835	-0.975565	-0.222379	0	0	0	0.238015	0	0	1.61064	-0.119566	0.290217	0.0835	-0.337132	-0.0794886	0	-0.119566	0.290217	0.0835	-0.337132	-0.0794886	0	0	0	0.20525	0	0	1.57127	-0.0194418	0.0408961	0.09142	0.0383265	0.0055354	0	-0.0194418	0.0408961	0.09142	0.0383265	0.0055354	0	0	0	-0.0155797	0	0	0.210107	-0.210457	0.690658	-0.0835	-0.975565	-0.222379	0	-0.210457	0.690658	-0.0835	-0.975565	-0.222379	0	0	0	0.238015	0	0	1.61064	-0.119566	0.290217	-0.0835	-0.337132	-0.0794886	0	-0.119566	0.290217	-0.0835	-0.337132	-0.0794886	0	0	0	0.20525	0	0	1.57127	-0.0194418	0.0408961	-0.09142	0.0383265	0.0055354	0	-0.0194418	0.0408961	-0.09142	0.0383265	0.0055354	0	0	0	-0.0155797	0	0	0.210107	-0.637781	1.12286	0	-1.65169	-0.878866	0	-0.637781	1.12286	0	-1.65169	-0.878866	0	0	0	0.854622	0	0	1.5267	2.13523	-0.250538	0.855865	0.0835	-0.000647828	0.00142422	0	-0.00186229	-0.00168943	0	-0.015209	0.0303094	0	0	0	-0.563416	0	0	0.0657172	1561.18	656.319	-1416.52	-0	11.8869	0	0	11.8869	2.75197	-0.157618	0.472998	0.0835	-0.000445783	0.0019691	0	-0.00250715	-0.00272162	0	0.0217143	0.0497715	0	0	0	-0.0327625	0	0	-0.0393605	2012.11	453.947	-1960.24	-0	5.5412	0	0	-5.5412	2.30994	-0.0704794	0.0536427	0.0835	-0.000501037	0.00161898	0	-0.00148704	-0.00361502	0	0.0291288	0.0996007	0	0	0	-0.220829	0	0	-1.36117	1688.92	503.912	-1611.99	-0	0	0	0	0	2.13523	-0.250538	0.855865	-0.0835	-0.000647828	0.00142422	0	-0.00186229	-0.00168943	0	-0.015209	0.0303094	0	0	0	-0.563416	0	0	0.0657172	1561.18	656.319	-1416.52	-0	11.8869	0	0	11.8869	2.75197	-0.157618	0.472998	-0.0835	-0.000445783	0.0019691	0	-0.00250715	-0.00272162	0	0.0217143	0.0497715	0	0	0	-0.0327625	0	0	-0.0393605	2012.11	453.947	-1960.24	-0	5.5412	0	0	-5.5412	2.30994	-0.0704794	0.0536427	-0.0835	-0.000501037	0.00161898	0	-0.00148704	-0.00361502	0	0.0291288	0.0996007	0	0	0	-0.220829	0	0	-1.36117	1688.92	503.912	-1611.99	-0	0	0	0	0	0.244876	-0.376703	0.935409	0	8.70526e-05	-0.000163689	0	-0.000371933	0.00101849	0	0.0362923	-0.0319886	0	0	0	0.0531906	0	0	-0.0182153	179.042	-84.8506	157.659	-0	22.2227	0	0	-22.2227	0.0408961	-0.405036	0.860705	1.99931e-10	-1.2416	-0.523607	0	-92.5381	-39.0251	0	5.5093e-09	3.85517e-09	19.4764	-0.116623	0.298641	0	-85.2695	218.353	0	19.6575	7.67653	3.71843	0.0179449	-0.00234415	-0.0900266	-0.116623	0.298641	0	-85.2695	218.353	0	-19.6575	-7.67653	3.71843	0.0179449	-0.00234415	0.0900266
0.88	0.817029	1.57368	-0.310631	-1.33883	0.896633	-0.39746	-0.562733	0.0700859	-0.0330893	-0.0264047	-0.234568	-1.38754	-0.562733	0.0700859	-0.0330893	-0.0264047	-0.234568	-1.38754	0	1	0	0	0	0	1	0	0	0	0	0	0	0	0	0	-0.310631	0.896633	0	0.917712	0	0	0.397247	-1.33883	-0.39746	0	0	0	1.57368	-0.220338	0.688271	0.0835	0.991928	0	0	0.126806	-0.999169	-0.252905	0	0	0	1.64377	-0.122993	0.289335	0.0835	0.99389	0	0	0.110378	-0.34762	-0.0955916	0	0	0	1.61737	-0.019062	0.040917	0.09142	0.999978	0	0	-0.00668017	0.0376748	-0.000587566	0	0	0	0.229824	-0.220338	0.688271	-0.0835	0.991928	0	0	0.126806	-0.999169	-0.252905	0	0	0	1.64377	-0.122993	0.289335	-0.0835	0.99389	0	0	0.110378	-0.34762	-0.0955916	0	0	0	1.61737	-0.019062	0.040917	-0.09142	0.999978	0	0	-0.00668017	0.0376748	-0.000587566	0	0	0	0.229824	-0.654431	1.11379	0	0.906868	0	0	0.421415	-1.67661	-0.93163	0	0	0	1.55	0.3	0.0567049	0.3	0.131493	0.3	0.0868192	0.3	0.126827	0.3	0.0566749	0.3	0.0466758	0.3	0.0348683	0.3	0.0642527	0.3	0.0567049	0.3	0.131493	0.3	0.0868192	0.3	0.126827	0.3	0.0566749	0.3	0.0466758	0.3	0.0348683	0.3	0.0642527	0.3	0.071103	0.3	0.071103	0.3	0.3	0.580993	0.0239105	0.0107517	0.115864	0.00239105	0.00233366	0.3	0.3	1.19214	0.00672653	0.0230903	0.323185	0.000672653	0.000741936	0.3	0.3	0.553341	0.0190818	0.00721275	0.0710668	0.00190818	0.00299394	0.3	0.3	1.18975	-0.00789406	0.0228518	0.318424	-0.000789406	-0.000841507	0.3	0.3	0.936798	0.0582028	0.0217168	0.296176	0.00582028	0.00441759	0.3	0.3	0.570744	0.0257431	0.0105205	0.112739	0.00257431	0.00255629	0.3	0.3	0.915212	-0.903292	0.0152043	0.181517	-0.0903292	-0.0460679	0.3	0.3	0.79246	-0.931445	0.011798	0.130363	-0.0931445	-0.0409836	0.3	0.3	0.940742	0.851889	0.026284	0.389791	0.0851889	0.0581841	0.3	0.3	0.580993	0.0239105	0.0107517	0.115864	0.00239105	0.00233366	0.3	0.3	1.19214	0.00672653	0.0230903	0.323185	0.000672653	0.000741936	0.3	0.3	0.553341	0.0190818	0.00721275	0.0710668	0.00190818	0.00299394	0.3	0.3	1.18975	-0.00789406	0.0228518	0.318424	-0.000789406	-0.000841507	0.3	0.3	0.936798	0.0582028	0.0217168	0.296176	0.00582028	0.00441759	0.3	0.3	0.570744	0.0257431	0.0105205	0.112739	0.00257431	0.00255629	0.3	0.3	0.915212	-0.903292	0.0152043	0.181517	-0.0903292	-0.0460679	0.3	0.3	0.79246	-0.931445	0.011798	0.130363	-0.0931445	-0.0409836	0.3	0.3	0.940742	0.851889	0.026284	0.389791	0.0851889	0.0581841	0	0	0	0	0	0	0	0	0	0	0	0	0	0	0	0	0	0	-0.310631	0.896633	0	-1.33883	-0.39746	0	-0.310631	0.896633	0	-1.33883	-0.39746	0	0	0	0.817029	0	0	1.57368	-0.220338	0.688271	0.0835	-0.999169	-0.252905	0	-0.220338	0.688271	0.0835	-0.999169	-0.252905	0	0	0	0.254296	0	0	1.64377	-0.122993	0.289335	0.0835	-0.34762	-0.0955916	0	-0.122993	0.289335	0.0835	-0.34762	-0.0955916	0	0	0	0.221207	0	0	1.61737	-0.019062	0.040917	0.09142	0.0376748	-0.000587566	0	-0.019062	0.040917	0.09142	0.0376748	-0.000587566	0	0	0	-0.0133604	0	0	0.229824	-0.220338	0.688271	-0.0835	-0.999169	-0.252905	0	-0.220338	0.688271	-0.0835	-0.999169	-0.252905	0	0	0	0.254296	0	0	1.64377	-0.122993	0.289335	-0.0835	-0.34762	-0.0955916	0	-0.122993	0.289335	-0.0835	-0.34762	-0.0955916	0	0	0	0.221207	0	0	1.61737	-0.019062	0.040917	-0.09142	0.0376748	-0.000587566	0	-0.019062	0.040917	-0.09142	0.0376748	-0.000587566	0	0	0	-0.0133604	0	0	0.229824	-0.654431	1.11379	0	-1.67661	-0.93163	0	-0.654431	1.11379	0	-1.67661	-0.93163	0	0	0	0.87001	0	0	1.55	2.12969	-0.263104	0.852804	0.0835	-0.000667751	0.00140958	0	-0.00198555	-0.00158486	0	-0.0252681	0.0702658	0	0	0	-0.562733	0	0	0.0700859	1557.13	676.804	-1402.35	-0	11.1586	0	0	11.1586	2.73138	-0.163957	0.471486	0.0835	-0.000471935	0.00194621	0	-0.00259984	-0.0023936	0	-0.0470445	-0.0590374	0	0	0	-0.0330884	0	0	-0.0264047	1997.06	480.401	-1938.42	-0	5.73865	0	0	-5.73865	2.27606	-0.0701277	0.0535504	0.0835	-0.000516377	0.00158697	0	-0.00152522	-0.00307005	0	-0.0619994	-0.584899	0	0	0	-0.234567	0	0	-1.38754	1664.14	519.327	-1581.04	-0	0	0	0	0	2.12969	-0.263104	0.852804	-0.0835	-0.000667751	0.00140958	0	-0.00198555	-0.00158486	0	-0.0252681	0.0702658	0	0	0	-0.562733	0	0	0.0700859	1557.13	676.804	-1402.35	-0	11.1586	0	0	11.1586	2.73138	-0.163957	0.471486	-0.0835	-0.000471935	0.00194621	0	-0.00259984	-0.0023936	0	-0.0470445	-0.0590374	0	0	0	-0.0330884	0	0	-0.0264047	1997.06	480.401	-1938.42	-0	5.73865	0	0	-5.73865	2.27606	-0.0701277	0.0535504	-0.0835	-0.000516377	0.00158697	0	-0.00152522	-0.00307005	0	-0.0619994	-0.584899	0	0	0	-0.234567	0	0	-1.38754	1664.14	519.327	-1581.04	-0	0	0	0	0	0.239484	-0.390499	0.93038	0	8.69632e-05	-0.000156887	0	-0.000141382	0.000748754	0	-0.0460498	-0.166877	0	0	0	0.0529795	0	0	-0.0236806	175.1	-86.1261	152.454	-0	20.8283	0	0	-20.8283	0.040917	-0.417573	0.855258	1.99931e-10	-1.26443	-0.56341	0	-94.2397	-41.9918	0	-3.95409e-09	2.63775e-08	19.8648	-0.116178	0.296434	0	-84.9437	216.738	0	19.4781	7.63382	2.62751	0.0130073	-0.00225644	-0.0898692	-0.116178	0.296434	0	-84.9437	216.738	0	-19.4781	-7.63382	2.62751	0.0130073	-0.00225644	0.0898692
0.89	0.832931	1.60631	-0.324164	-1.36679	0.892459	-0.435793	-0.562014	0.0733111	-0.0332991	-0.0165381	-0.248606	-1.42069	-0.562014	0.0733111	-0.0332991	-0.0165381	-0.248606	-1.42069	0	1	0	0	0	0	1	0	0	0	0	0	0	0	0	0	-0.324164	0.892459	0	0.914524	0	0	0.40453	-1.36679	-0.435793	0	0	0	1.60631	-0.23045	0.685589	0.0835	0.990839	0	0	0.135045	-1.02236	-0.282223	0	0	0	1.67962	-0.126521	0.288304	0.0835	0.99295	0	0	0.11853	-0.357556	-0.109691	0	0	0	1.66308	-0.0186881	0.040887	0.09142	0.999985	0	0	-0.0054938	0.0371239	-0.0048187	0	0	0	0.24239	-0.23045	0.685589	-0.0835	0.990839	0	0	0.135045	-1.02236	-0.282223	0	0	0	1.67962	-0.126521	0.288304	-0.0835	0.99295	0	0	0.11853	-0.357556	-0.109691	0	0	0	1.66308	-0.0186881	0.040887	-0.09142	0.999985	0	0	-0.0054938	0.0371239	-0.0048187	0	0	0	0.24239	-0.671328	1.1042	0	0.903545	0	0	0.428494	-1.702	-0.985638	0	0	0	1.57806	0.3	0.0567283	0.3	0.1315	0.3	0.0868497	0.3	0.126818	0.3	0.0566974	0.3	0.0462044	0.3	0.0344518	0.3	0.0648381	0.3	0.0567283	0.3	0.1315	0.3	0.0868497	0.3	0.126818	0.3	0.0566974	0.3	0.0462044	0.3	0.0344518	0.3	0.0648381	0.3	0.0711431	0.3	0.0711431	0.3	0.3	0.581233	0.0236352	0.0107665	0.116067	0.00236352	0.0023068	0.3	0.3	1.19221	0.00649582	0.0230897	0.323173	0.000649582	0.000716489	0.3	0.3	0.553535	0.0191966	0.00722736	0.0712375	0.00191966	0.00301195	0.3	0.3	1.18966	-0.0104732	0.0228328	0.318044	-0.00104732	-0.00111644	0.3	0.3	0.937327	0.0470569	0.0216285	0.294475	0.00470569	0.00357162	0.3	0.3	0.570971	0.0189668	0.0105092	0.112586	0.00189668	0.00188341	0.3	0.3	0.905968	-0.947329	0.0148882	0.176516	-0.0947329	-0.0483138	0.3	0.3	0.782996	-0.962612	0.0114595	0.12561	-0.0962612	-0.0423549	0.3	0.3	0.949313	0.863271	0.0263782	0.391838	0.0863271	0.0589614	0.3	0.3	0.581233	0.0236352	0.0107665	0.116067	0.00236352	0.0023068	0.3	0.3	1.19221	0.00649582	0.0230897	0.323173	0.000649582	0.000716489	0.3	0.3	0.553535	0.0191966	0.00722736	0.0712375	0.00191966	0.00301195	0.3	0.3	1.18966	-0.0104732	0.0228328	0.318044	-0.00104732	-0.00111644	0.3	0.3	0.937327	0.0470569	0.0216285	0.294475	0.00470569	0.00357162	0.3	0.3	0.570971	0.0189668	0.0105092	0.112586	0.00189668	0.00188341	0.3	0.3	0.905968	-0.947329	0.0148882	0.176516	-0.0947329	-0.0483138	0.3	0.3	0.782996	-0.962612	0.0114595	0.12561	-0.0962612	-0.0423549	0.3	0.3	0.949313	0.863271	0.0263782	0.391838	0.0863271	0.0589614	0	0	0	0	0	0	0	0	0	0	0	0	0	0	0	0	0	0	-0.324164	0.892459	0	-1.36679	-0.435793	0	-0.324164	0.892459	0	-1.36679	-0.435793	0	0	0	0.832931	0	0	1.60631	-0.23045	0.685589	0.0835	-1.02236	-0.282223	0	-0.23045	0.685589	0.0835	-1.02236	-0.282223	0	0	0	0.270917	0	0	1.67962	-0.126521	0.288304	0.0835	-0.357556	-0.109691	0	-0.126521	0.288304	0.0835	-0.357556	-0.109691	0	0	0	0.237618	0	0	1.66308	-0.0186881	0.040887	0.09142	0.0371239	-0.0048187	0	-0.0186881	0.040887	0.09142	0.0371239	-0.0048187	0	0	0	-0.0109877	0	0	0.24239	-0.23045	0.685589	-0.0835	-1.02236	-0.282223	0	-0.23045	0.685589	-0.0835	-1.02236	-0.282223	0	0	0	0.270917	0	0	1.67962	-0.126521	0.288304	-0.0835	-0.357556	-0.109691	0	-0.126521	0.288304	-0.0835	-0.357556	-0.109691	0	0	0	0.237618	0	0	1.66308	-0.0186881	0.040887	-0.09142	0.0371239	-0.0048187	0	-0.0186881	0.040887	-0.09142	0.0371239	-0.0048187	0	0	0	-0.0109877	0	0	0.24239	-0.671328	1.1042	0	-1.702	-0.985638	0	-0.671328	1.1042	0	-1.702	-0.985638	0	0	0	0.885651	0	0	1.57806	2.12677	-0.275945	0.849388	0.0835	-0.000688881	0.00139566	0	-0.00212193	-0.00140494	0	0.012558	0.0368559	0	0	0	-0.562013	0	0	0.0733111	1554.99	698.555	-1389.25	-0	10.5737	0	0	10.5737	2.71472	-0.170468	0.469758	0.0835	-0.00049904	0.00192577	0	-0.0027166	-0.00214031	0	-0.0353479	0.0233384	0	0	0	-0.0332896	0	0	-0.0165381	1984.88	507.886	-1918.8	-0	5.89123	0	0	-5.89123	2.24761	-0.0697837	0.0533991	0.0835	-0.000532284	0.00155902	0	-0.00161126	-0.00275744	0	-0.00276164	-0.0833412	0	0	0	-0.248605	0	0	-1.42069	1643.35	535.4	-1553.69	-0	0	0	0	0	2.12677	-0.275945	0.849388	-0.0835	-0.000688881	0.00139566	0	-0.00212193	-0.00140494	0	0.012558	0.0368559	0	0	0	-0.562013	0	0	0.0733111	1554.99	698.555	-1389.25	-0	10.5737	0	0	10.5737	2.71472	-0.170468	0.469758	-0.0835	-0.00049904	0.00192577	0	-0.0027166	-0.00214031	0	-0.0353479	0.0233384	0	0	0	-0.0332896	0	0	-0.0165381	1984.88	507.886	-1918.8	-0	5.89123	0	0	-5.89123	2.24761	-0.0697837	0.0533991	-0.0835	-0.000532284	0.00155902	0	-0.00161126	-0.00275744	0	-0.00276164	-0.0833412	0	0	0	-0.248605	0	0	-1.42069	1643.35	535.4	-1553.69	-0	0	0	0	0	0.237727	-0.40456	0.924935	0	8.79169e-05	-0.000152096	0	8.47578e-05	0.000414014	0	0.00945544	-0.0525999	0	0	0	0.0527133	0	0	-0.0282454	173.815	-88.4187	149.645	-0	19.6398	0	0	-19.6398	0.040887	-0.430336	0.849418	1.99931e-10	-1.2873	-0.603139	0	-95.9446	-44.9528	0	8.21271e-09	6.0622e-09	20.2945	-0.117225	0.299278	0	-85.7098	218.818	0	19.6248	7.68692	1.38075	0.00717138	-0.00219905	-0.0896855	-0.117225	0.299278	0	-85.7098	218.818	0	-19.6248	-7.68692	1.38075	0.00717138	-0.00219905	0.0896855
0.9	0.849185	1.6449	-0.337979	-1.39494	0.887906	-0.472686	-0.561269	0.0739195	-0.0334301	-0.0106888	-0.263025	-1.4633	-0.561269	0.0739195	-0.0334301	-0.0106888	-0.263025	-1.4633	0	1	0	0	0	0	1	0	0	0	0	0	0	0	0	0	-0.337979	0.887906	0	0.911207	0	0	0.41195	-1.39494	-0.472686	0	0	0	1.6449	-0.240794	0.682622	0.0835	0.989656	0	0	0.143461	-1.04517	-0.30952	0	0	0	1.71882	-0.130146	0.287145	0.0835	0.991916	0	0	0.1269	-0.366784	-0.121021	0	0	0	1.70813	-0.0183186	0.0408278	0.09142	0.999991	0	0	-0.00426952	0.0368904	-0.0064845	0	0	0	0.244836	-0.240794	0.682622	-0.0835	0.989656	0	0	0.143461	-1.04517	-0.30952	0	0	0	1.71882	-0.130146	0.287145	-0.0835	0.991916	0	0	0.1269	-0.366784	-0.121021	0	0	0	1.70813	-0.0183186	0.0408278	-0.09142	0.999991	0	0	-0.00426952	0.0368904	-0.0064845	0	0	0	0.244836	-0.688485	1.09406	0	0.900098	0	0	0.435688	-1.72832	-1.04018	0	0	0	1.61202	0.3	0.0567508	0.3	0.131507	0.3	0.0868801	0.3	0.126805	0.3	0.0567136	0.3	0.0457107	0.3	0.0340221	0.3	0.0654324	0.3	0.0567508	0.3	0.131507	0.3	0.0868801	0.3	0.126805	0.3	0.0567136	0.3	0.0457107	0.3	0.0340221	0.3	0.0654324	0.3	0.0711748	0.3	0.0711748	0.3	0.3	0.581463	0.0223668	0.0107767	0.116205	0.00223668	0.002183	0.3	0.3	1.19227	0.00579936	0.0230855	0.323087	0.000579936	0.00063967	0.3	0.3	0.553729	0.0191363	0.00724126	0.0714013	0.00191363	0.00300249	0.3	0.3	1.18954	-0.0129712	0.0228137	0.317668	-0.00129712	-0.00138273	0.3	0.3	0.937745	0.0360765	0.0215396	0.292762	0.00360765	0.00273821	0.3	0.3	0.571134	0.0137212	0.0104994	0.112455	0.00137212	0.00136252	0.3	0.3	0.896289	-0.990322	0.0145738	0.171591	-0.0990322	-0.0505064	0.3	0.3	0.773228	-0.99213	0.0111182	0.120878	-0.099213	-0.0436537	0.3	0.3	0.958014	0.87873	0.0264788	0.394026	0.087873	0.0600172	0.3	0.3	0.581463	0.0223668	0.0107767	0.116205	0.00223668	0.002183	0.3	0.3	1.19227	0.00579936	0.0230855	0.323087	0.000579936	0.00063967	0.3	0.3	0.553729	0.0191363	0.00724126	0.0714013	0.00191363	0.00300249	0.3	0.3	1.18954	-0.0129712	0.0228137	0.317668	-0.00129712	-0.00138273	0.3	0.3	0.937745	0.0360765	0.0215396	0.292762	0.00360765	0.00273821	0.3	0.3	0.571134	0.0137212	0.0104994	0.112455	0.00137212	0.00136252	0.3	0.3	0.896289	-0.990322	0.0145738	0.171591	-0.0990322	-0.0505064	0.3	0.3	0.773228	-0.99213	0.0111182	0.120878	-0.099213	-0.0436537	0.3	0.3	0.958014	0.87873	0.0264788	0.394026	0.087873	0.0600172	0	0	0	0	0	0	0	0	0	0	0	0	0	0	0	0	0	0	-0.337979	0.887906	0	-1.39494	-0.472686	0	-0.337979	0.887906	0	-1.39494	-0.472686	0	0	0	0.849185	0	0	1.6449	-0.240794	0.682622	0.0835	-1.04517	-0.30952	0	-0.240794	0.682622	0.0835	-1.04517	-0.30952	0	0	0	0.287916	0	0	1.71882	-0.130146	0.287145	0.0835	-0.366784	-0.121021	0	-0.130146	0.287145	0.0835	-0.366784	-0.121021	0	0	0	0.254486	0	0	1.70813	-0.0183186	0.0408278	0.09142	0.0368904	-0.0064845	0	-0.0183186	0.0408278	0.09142	0.0368904	-0.0064845	0	0	0	-0.00853906	0	0	0.244836	-0.240794	0.682622	-0.0835	-1.04517	-0.30952	0	-0.240794	0.682622	-0.0835	-1.04517	-0.30952	0	0	0	0.287916	0	0	1.71882	-0.130146	0.287145	-0.0835	-0.366784	-0.121021	0	-0.130146	0.287145	-0.0835	-0.366784	-0.121021	0	0	0	0.254486	0	0	1.70813	-0.0183186	0.0408278	-0.09142	0.0368904	-0.0064845	0	-0.0183186	0.0408278	-0.09142	0.0368904	-0.0064845	0	0	0	-0.00853906	0	0	0.244836	-0.688485	1.09406	0	-1.72832	-1.04018	0	-0.688485	1.09406	0	-1.72832	-1.04018	0	0	0	0.901604	0	0	1.61202	2.12573	-0.289066	0.845624	0.0835	-0.000711203	0.00138322	0	-0.00222981	-0.00143245	0	0.282566	0.399492	0	0	0	-0.56127	0	0	0.0739195	1554.23	721.369	-1376.68	-0	10.2985	0	0	10.2985	2.70127	-0.177147	0.467832	0.0835	-0.000527412	0.00190765	0	-0.00271505	-0.0020887	0	-0.498381	-0.147101	0	0	0	-0.0334325	0	0	-0.0106888	1975.04	536.253	-1900.85	-0	5.98031	0	0	-5.98031	2.22282	-0.0694447	0.0532148	0.0835	-0.000548862	0.00153369	0	-0.00156209	-0.00260437	0	-0.313927	-0.0640706	0	0	0	-0.263024	0	0	-1.4633	1625.22	551.883	-1528.65	-0	0	0	0	0	2.12573	-0.289066	0.845624	-0.0835	-0.000711203	0.00138322	0	-0.00222981	-0.00143245	0	0.282566	0.399492	0	0	0	-0.56127	0	0	0.0739195	1554.23	721.369	-1376.68	-0	10.2985	0	0	10.2985	2.70127	-0.177147	0.467832	-0.0835	-0.000527412	0.00190765	0	-0.00271505	-0.0020887	0	-0.498381	-0.147101	0	0	0	-0.0334325	0	0	-0.0106888	1975.04	536.253	-1900.85	-0	5.98031	0	0	-5.98031	2.22282	-0.0694447	0.0532148	-0.0835	-0.000548862	0.00153369	0	-0.00156209	-0.00260437	0	-0.313927	-0.0640706	0	0	0	-0.263024	0	0	-1.4633	1625.22	551.883	-1528.65	-0	0	0	0	0	0.238874	-0.418891	0.919072	0	9.11951e-05	-0.000150196	0	0.000203013	0.000335276	0	-0.269557	-0.715266	0	0	0	0.0524184	0	0	-0.0328858	174.653	-92.397	148.211	-0	18.4299	0	0	-18.4299	0.0408278	-0.44333	0.843182	1.99931e-10	-1.31046	-0.64202	0	-97.6707	-47.8507	0	-1.07871e-08	-1.00558e-08	20.7739	-0.119056	0.304836	0	-87.0485	222.882	0	19.9462	7.79015	0.0350179	0.00100418	-0.00216885	-0.0894921	-0.119056	0.304836	0	-87.0485	222.882	0	-19.9462	-7.79015	0.0350179	0.00100418	-0.00216885	0.0894921
0.91	0.865847	1.68602	-0.352078	-1.42355	0.882992	-0.508038	-0.560518	0.0762993	-0.0335178	-0.00762081	-0.277933	-1.51839	-0.560518	0.0762993	-0.0335178	-0.00762081	-0.277933	-1.51839	0	1	0	0	0	0	1	0	0	0	0	0	0	0	0	0	-0.352078	0.882992	0	0.907743	0	0	0.419527	-1.42355	-0.508038	0	0	0	1.68602	-0.251364	0.679393	0.0835	0.988369	0	0	0.152072	-1.06779	-0.334529	0	0	0	1.76232	-0.133859	0.28589	0.0835	0.990779	0	0	0.135488	-0.375228	-0.12901	0	0	0	1.7547	-0.017948	0.040768	0.09142	0.999995	0	0	-0.00306071	0.0373014	-0.00504526	0	0	0	0.236308	-0.251364	0.679393	-0.0835	0.988369	0	0	0.152072	-1.06779	-0.334529	0	0	0	1.76232	-0.133859	0.28589	-0.0835	0.990779	0	0	0.135488	-0.375228	-0.12901	0	0	0	1.7547	-0.017948	0.040768	-0.09142	0.999995	0	0	-0.00306071	0.0373014	-0.00504526	0	0	0	0.236308	-0.705911	1.08337	0	0.896512	0	0	0.443019	-1.75569	-1.09508	0	0	0	1.65143	0.3	0.0567724	0.3	0.131513	0.3	0.0869103	0.3	0.126791	0.3	0.056726	0.3	0.0451954	0.3	0.0335793	0.3	0.0660395	0.3	0.0567724	0.3	0.131513	0.3	0.0869103	0.3	0.126791	0.3	0.056726	0.3	0.0451954	0.3	0.0335793	0.3	0.0660395	0.3	0.0711988	0.3	0.0711988	0.3	0.3	0.581685	0.0220867	0.0107902	0.116389	0.00220867	0.00215566	0.3	0.3	1.19232	0.00610484	0.0230889	0.323154	0.000610484	0.000673364	0.3	0.3	0.553921	0.0197104	0.00725699	0.0715863	0.00197104	0.00309256	0.3	0.3	1.18941	-0.0141734	0.0228033	0.317459	-0.00141734	-0.00151089	0.3	0.3	0.938061	0.0269762	0.0214644	0.291321	0.00269762	0.00204749	0.3	0.3	0.571259	0.0118162	0.0105005	0.112469	0.00118162	0.00117335	0.3	0.3	0.886184	-1.03261	0.0142581	0.166698	-0.103261	-0.052663	0.3	0.3	0.763165	-1.02189	0.0107647	0.116041	-0.102189	-0.0449633	0.3	0.3	0.966903	0.901644	0.0265964	0.396591	0.0901644	0.0615823	0.3	0.3	0.581685	0.0220867	0.0107902	0.116389	0.00220867	0.00215566	0.3	0.3	1.19232	0.00610484	0.0230889	0.323154	0.000610484	0.000673364	0.3	0.3	0.553921	0.0197104	0.00725699	0.0715863	0.00197104	0.00309256	0.3	0.3	1.18941	-0.0141734	0.0228033	0.317459	-0.00141734	-0.00151089	0.3	0.3	0.938061	0.0269762	0.0214644	0.291321	0.00269762	0.00204749	0.3	0.3	0.571259	0.0118162	0.0105005	0.112469	0.00118162	0.00117335	0.3	0.3	0.886184	-1.03261	0.0142581	0.166698	-0.103261	-0.052663	0.3	0.3	0.763165	-1.02189	0.0107647	0.116041	-0.102189	-0.0449633	0.3	0.3	0.966903	0.901644	0.0265964	0.396591	0.0901644	0.0615823	0	0	0	0	0	0	0	0	0	0	0	0	0	0	0	0	0	0	-0.352078	0.882992	0	-1.42355	-0.508038	0	-0.352078	0.882992	0	-1.42355	-0.508038	0	0	0	0.865847	0	0	1.68602	-0.251364	0.679393	0.0835	-1.06779	-0.334529	0	-0.251364	0.679393	0.0835	-1.06779	-0.334529	0	0	0	0.305329	0	0	1.76232	-0.133859	0.28589	0.0835	-0.375228	-0.12901	0	-0.133859	0.28589	0.0835	-0.375228	-0.12901	0	0	0	0.271811	0	0	1.7547	-0.017948	0.040768	0.09142	0.0373014	-0.00504526	0	-0.017948	0.040768	0.09142	0.0373014	-0.00504526	0	0	0	-0.00612142	0	0	0.236308	-0.251364	0.679393	-0.0835	-1.06779	-0.334529	0	-0.251364	0.679393	-0.0835	-1.06779	-0.334529	0	0	0	0.305329	0	0	1.76232	-0.133859	0.28589	-0.0835	-0.375228	-0.12901	0	-0.133859	0.28589	-0.0835	-0.375228	-0.12901	0	0	0	0.271811	0	0	1.7547	-0.017948	0.040768	-0.09142	0.0373014	-0.00504526	0	-0.017948	0.040768	-0.09142	0.0373014	-0.00504526	0	0	0	-0.00612142	0	0	0.236308	-0.705911	1.08337	0	-1.75569	-1.09508	0	-0.705911	1.08337	0	-1.75569	-1.09508	0	0	0	0.917927	0	0	1.65143	2.12523	-0.302467	0.841531	0.0835	-0.00073415	0.00137061	0	-0.00220335	-0.001434	0	-0.125166	-0.190243	0	0	0	-0.560518	0	0	0.0762993	1553.87	744.196	-1364.07	-0	9.82385	0	0	9.82385	2.68859	-0.183983	0.465736	0.0835	-0.000556365	0.00188965	0	-0.00287074	-0.00216131	0	0.131642	0.148347	0	0	0	-0.0335109	0	0	-0.00762081	1965.77	565.713	-1882.61	-0	6.0247	0	0	-6.0247	2.19804	-0.0691039	0.0530313	0.0835	-0.000565432	0.00150847	0	-0.0016136	-0.00274178	0	0.0549575	-0.171103	0	0	0	-0.277932	0	0	-1.51839	1607.1	568.552	-1503.17	-0	0	0	0	0	2.12523	-0.302467	0.841531	-0.0835	-0.00073415	0.00137061	0	-0.00220335	-0.001434	0	-0.125166	-0.190243	0	0	0	-0.560518	0	0	0.0762993	1553.87	744.196	-1364.07	-0	9.82385	0	0	9.82385	2.68859	-0.183983	0.465736	-0.0835	-0.000556365	0.00188965	0	-0.00287074	-0.00216131	0	0.131642	0.148347	0	0	0	-0.0335109	0	0	-0.00762081	1965.77	565.713	-1882.61	-0	6.0247	0	0	-6.0247	2.19804	-0.0691039	0.0530313	-0.0835	-0.000565432	0.00150847	0	-0.0016136	-0.00274178	0	0.0549575	-0.171103	0	0	0	-0.277932	0	0	-1.51839	1607.1	568.552	-1503.17	-0	0	0	0	0	0.239622	-0.433497	0.912806	0	9.48012e-05	-0.000148743	0	3.94583e-05	0.000263155	0	0.0923324	0.332703	0	0	0	0.0520762	0	0	-0.0345957	175.2	-95.0348	147.185	-0	17.9088	0	0	-17.9088	0.040768	-0.456558	0.836562	1.99931e-10	-1.33403	-0.679812	0	-99.4269	-50.6674	0	4.84424e-09	1.62086e-08	21.3063	-0.12106	0.309802	0	-88.5131	226.513	0	20.2289	7.90475	-1.30484	-0.00491805	-0.00215607	-0.0893059	-0.12106	0.309802	0	-88.5131	226.513	0	-20.2289	-7.90475	-1.30484	-0.00491805	-0.00215607	0.0893059
0.92	0.88295	1.73206	-0.366465	-1.45281	0.877733	-0.542486	-0.559754	0.0776403	-0.0335871	-0.0065434	-0.293446	-1.58383	-0.559754	0.0776403	-0.0335871	-0.0065434	-0.293446	-1.58383	0	1	0	0	0	0	1	0	0	0	0	0	0	0	0	0	-0.366465	0.877733	0	0.904123	0	0	0.427273	-1.45281	-0.542486	0	0	0	1.73206	-0.262161	0.675926	0.0835	0.986971	0	0	0.160895	-1.09062	-0.357843	0	0	0	1.8097	-0.137652	0.284572	0.0835	0.989534	0	0	0.144299	-0.38303	-0.134053	0	0	0	1.80315	-0.0175688	0.0407382	0.09142	0.999998	0	0	-0.00191896	0.0385527	-0.000644856	0	0	0	0.219322	-0.262161	0.675926	-0.0835	0.986971	0	0	0.160895	-1.09062	-0.357843	0	0	0	1.8097	-0.137652	0.284572	-0.0835	0.989534	0	0	0.144299	-0.38303	-0.134053	0	0	0	1.80315	-0.0175688	0.0407382	-0.09142	0.999998	0	0	-0.00191896	0.0385527	-0.000644856	0	0	0	0.219322	-0.723613	1.07213	0	0.892773	0	0	0.450507	-1.78371	-1.15066	0	0	0	1.695	0.3	0.0567943	0.3	0.13152	0.3	0.0869413	0.3	0.126775	0.3	0.0567375	0.3	0.0446584	0.3	0.0331232	0.3	0.0666654	0.3	0.0567943	0.3	0.13152	0.3	0.0869413	0.3	0.126775	0.3	0.0567375	0.3	0.0446584	0.3	0.0331232	0.3	0.0666654	0.3	0.0712166	0.3	0.0712166	0.3	0.3	0.581908	0.0231117	0.0108095	0.11665	0.00231117	0.00225571	0.3	0.3	1.19239	0.00717253	0.0230981	0.32334	0.000717253	0.00079113	0.3	0.3	0.554119	0.0201958	0.00727286	0.0717728	0.00201958	0.00316872	0.3	0.3	1.18926	-0.0143716	0.0227995	0.317383	-0.00143716	-0.00153201	0.3	0.3	0.938296	0.0202232	0.0214081	0.29024	0.00202232	0.00153494	0.3	0.3	0.571374	0.0120179	0.0105094	0.112591	0.00120179	0.00119337	0.3	0.3	0.875656	-1.07457	0.0139378	0.16179	-0.107457	-0.0548032	0.3	0.3	0.752799	-1.05269	0.0103943	0.111047	-0.105269	-0.0463183	0.3	0.3	0.976067	0.933799	0.0267352	0.39963	0.0933799	0.0637785	0.3	0.3	0.581908	0.0231117	0.0108095	0.11665	0.00231117	0.00225571	0.3	0.3	1.19239	0.00717253	0.0230981	0.32334	0.000717253	0.00079113	0.3	0.3	0.554119	0.0201958	0.00727286	0.0717728	0.00201958	0.00316872	0.3	0.3	1.18926	-0.0143716	0.0227995	0.317383	-0.00143716	-0.00153201	0.3	0.3	0.938296	0.0202232	0.0214081	0.29024	0.00202232	0.00153494	0.3	0.3	0.571374	0.0120179	0.0105094	0.112591	0.00120179	0.00119337	0.3	0.3	0.875656	-1.07457	0.0139378	0.16179	-0.107457	-0.0548032	0.3	0.3	0.752799	-1.05269	0.0103943	0.111047	-0.105269	-0.0463183	0.3	0.3	0.976067	0.933799	0.0267352	0.39963	0.0933799	0.0637785	0	0	0	0	0	0	0	0	0	0	0	0	0	0	0	0	0	0	-0.366465	0.877733	0	-1.45281	-0.542486	0	-0.366465	0.877733	0	-1.45281	-0.542486	0	0	0	0.88295	0	0	1.73206	-0.262161	0.675926	0.0835	-1.09062	-0.357843	0	-0.262161	0.675926	0.0835	-1.09062	-0.357843	0	0	0	0.323195	0	0	1.8097	-0.137652	0.284572	0.0835	-0.38303	-0.134053	0	-0.137652	0.284572	0.0835	-0.38303	-0.134053	0	0	0	0.289608	0	0	1.80315	-0.0175688	0.0407382	0.09142	0.0385527	-0.000644856	0	-0.0175688	0.0407382	0.09142	0.0385527	-0.000644856	0	0	0	-0.00383792	0	0	0.219322	-0.262161	0.675926	-0.0835	-1.09062	-0.357843	0	-0.262161	0.675926	-0.0835	-1.09062	-0.357843	0	0	0	0.323195	0	0	1.8097	-0.137652	0.284572	-0.0835	-0.38303	-0.134053	0	-0.137652	0.284572	-0.0835	-0.38303	-0.134053	0	0	0	0.289608	0	0	1.80315	-0.0175688	0.0407382	-0.09142	0.0385527	-0.000644856	0	-0.0175688	0.0407382	-0.09142	0.0385527	-0.000644856	0	0	0	-0.00383792	0	0	0.219322	-0.723613	1.07213	0	-1.78371	-1.15066	0	-0.723613	1.07213	0	-1.78371	-1.15066	0	0	0	0.934665	0	0	1.695	2.12379	-0.316152	0.837124	0.0835	-0.000757098	0.00135699	0	-0.00221407	-0.00152057	0	-0.146471	-0.228641	0	0	0	-0.559754	0	0	0.0776403	1552.82	767.193	-1350.06	-0	9.47189	0	0	9.47189	2.67467	-0.190969	0.463497	0.0835	-0.000585616	0.00187021	0	-0.00285512	-0.00224465	0	0.15121	0.0439188	0	0	0	-0.033589	0	0	-0.0065434	1955.59	594.913	-1862.91	-0	6.03592	0	0	-6.03592	2.16936	-0.0687526	0.0528848	0.0835	-0.000581533	0.00148052	0	-0.00151918	-0.00310222	0	0.0566246	0.00912195	0	0	0	-0.293446	0	0	-1.58383	1586.13	584.47	-1474.52	-0	0	0	0	0	2.12379	-0.316152	0.837124	-0.0835	-0.000757098	0.00135699	0	-0.00221407	-0.00152057	0	-0.146471	-0.228641	0	0	0	-0.559754	0	0	0.0776403	1552.82	767.193	-1350.06	-0	9.47189	0	0	9.47189	2.67467	-0.190969	0.463497	-0.0835	-0.000585616	0.00187021	0	-0.00285512	-0.00224465	0	0.15121	0.0439188	0	0	0	-0.033589	0	0	-0.0065434	1955.59	594.913	-1862.91	-0	6.03592	0	0	-6.03592	2.16936	-0.0687526	0.0528848	-0.0835	-0.000581533	0.00148052	0	-0.00151918	-0.00310222	0	0.0566246	0.00912195	0	0	0	-0.293446	0	0	-1.58383	1586.13	584.47	-1474.52	-0	0	0	0	0	0.236753	-0.448383	0.90615	0	9.68874e-05	-0.00014618	0	-9.36985e-05	0.000398457	0	0.105888	0.377969	0	0	0	0.0517178	0	0	-0.0370529	173.103	-96.3326	143.821	-0	17.2101	0	0	-17.2101	0.0407382	-0.470023	0.829571	1.99931e-10	-1.35796	-0.716959	0	-101.21	-53.436	0	9.77525e-09	3.26985e-08	21.8847	-0.122605	0.31067	0	-89.6433	227.148	0	20.2474	7.99058	-2.5168	-0.0102335	-0.002145	-0.0891374	-0.122605	0.31067	0	-89.6433	227.148	0	-20.2474	-7.99058	-2.5168	-0.0102335	-0.002145	0.0891374
0.93	0.900524	1.77991	-0.381147	-1.48258	0.872129	-0.57732	-0.558973	0.0799881	-0.0336513	-0.00598097	-0.30964	-1.65486	-0.558973	0.0799881	-0.0336513	-0.00598097	-0.30964	-1.65486	0	1	0	0	0	0	1	0	0	0	0	0	0	0	0	0	-0.381147	0.872129	0	0.900333	0	0	0.435201	-1.48258	-0.57732	0	0	0	1.77991	-0.273186	0.672229	0.0835	0.985453	0	0	0.169946	-1.11372	-0.380921	0	0	0	1.85989	-0.141522	0.283211	0.0835	0.988173	0	0	0.153342	-0.39062	-0.137753	0	0	0	1.85391	-0.0171747	0.0407621	0.09142	1	0	0	-0.000870478	0.0402885	0.00550957	0	0	0	0.199055	-0.273186	0.672229	-0.0835	0.985453	0	0	0.169946	-1.11372	-0.380921	0	0	0	1.85989	-0.141522	0.283211	-0.0835	0.988173	0	0	0.153342	-0.39062	-0.137753	0	0	0	1.85391	-0.0171747	0.0407621	-0.09142	1	0	0	-0.000870478	0.0402885	0.00550957	0	0	0	0.199055	-0.741596	1.06033	0	0.888869	0	0	0.458161	-1.81183	-1.20752	0	0	0	1.74064	0.3	0.0568177	0.3	0.131529	0.3	0.0869736	0.3	0.12676	0.3	0.05675	0.3	0.0441001	0.3	0.0326532	0.3	0.067316	0.3	0.0568177	0.3	0.131529	0.3	0.0869736	0.3	0.12676	0.3	0.05675	0.3	0.0441001	0.3	0.0326532	0.3	0.067316	0.3	0.0712302	0.3	0.0712302	0.3	0.3	0.582148	0.0256548	0.010836	0.117013	0.00256548	0.00250391	0.3	0.3	1.19247	0.00926843	0.0231155	0.323689	0.000926843	0.00102231	0.3	0.3	0.554325	0.0213834	0.00729127	0.0719903	0.00213834	0.00335506	0.3	0.3	1.18912	-0.0139386	0.0228	0.317393	-0.00139386	-0.00148585	0.3	0.3	0.938475	0.0160334	0.0213731	0.28957	0.00160334	0.00121693	0.3	0.3	0.571501	0.0141654	0.0105273	0.11283	0.00141654	0.00140662	0.3	0.3	0.864708	-1.11617	0.0136126	0.15686	-0.111617	-0.0569246	0.3	0.3	0.742119	-1.0844	0.0100075	0.105902	-0.10844	-0.0477137	0.3	0.3	0.985593	0.974106	0.026889	0.403011	0.0974106	0.0665314	0.3	0.3	0.582148	0.0256548	0.010836	0.117013	0.00256548	0.00250391	0.3	0.3	1.19247	0.00926843	0.0231155	0.323689	0.000926843	0.00102231	0.3	0.3	0.554325	0.0213834	0.00729127	0.0719903	0.00213834	0.00335506	0.3	0.3	1.18912	-0.0139386	0.0228	0.317393	-0.00139386	-0.00148585	0.3	0.3	0.938475	0.0160334	0.0213731	0.28957	0.00160334	0.00121693	0.3	0.3	0.571501	0.0141654	0.0105273	0.11283	0.00141654	0.00140662	0.3	0.3	0.864708	-1.11617	0.0136126	0.15686	-0.111617	-0.0569246	0.3	0.3	0.742119	-1.0844	0.0100075	0.105902	-0.10844	-0.0477137	0.3	0.3	0.985593	0.974106	0.026889	0.403011	0.0974106	0.0665314	0	0	0	0	0	0	0	0	0	0	0	0	0	0	0	0	0	0	-0.381147	0.872129	0	-1.48258	-0.57732	0	-0.381147	0.872129	0	-1.48258	-0.57732	0	0	0	0.900524	0	0	1.77991	-0.273186	0.672229	0.0835	-1.11372	-0.380921	0	-0.273186	0.672229	0.0835	-1.11372	-0.380921	0	0	0	0.341551	0	0	1.85989	-0.141522	0.283211	0.0835	-0.39062	-0.137753	0	-0.141522	0.283211	0.0835	-0.39062	-0.137753	0	0	0	0.307899	0	0	1.85391	-0.0171747	0.0407621	0.09142	0.0402885	0.00550957	0	-0.0171747	0.0407621	0.09142	0.0402885	0.00550957	0	0	0	-0.00174096	0	0	0.199055	-0.273186	0.672229	-0.0835	-1.11372	-0.380921	0	-0.273186	0.672229	-0.0835	-1.11372	-0.380921	0	0	0	0.341551	0	0	1.85989	-0.141522	0.283211	-0.0835	-0.39062	-0.137753	0	-0.141522	0.283211	-0.0835	-0.39062	-0.137753	0	0	0	0.307899	0	0	1.85391	-0.0171747	0.0407621	-0.09142	0.0402885	0.00550957	0	-0.0171747	0.0407621	-0.09142	0.0402885	0.00550957	0	0	0	-0.00174096	0	0	0.199055	-0.741596	1.06033	0	-1.81183	-1.20752	0	-0.741596	1.06033	0	-1.81183	-1.20752	0	0	0	0.951851	0	0	1.74064	2.12004	-0.330128	0.832409	0.0835	-0.000779718	0.00134172	0	-0.00214458	-0.0017038	0	-0.210648	-0.319075	0	0	0	-0.558973	0	0	0.0799881	1550.07	789.496	-1333.95	-0	9.01268	0	0	9.01268	2.65669	-0.198102	0.461131	0.0835	-0.000614375	0.00184786	0	-0.00280327	-0.0025185	0	0.133602	0.0444845	0	0	0	-0.0336529	0	0	-0.00598097	1942.45	623.503	-1839.66	-0	6.0386	0	0	-6.0386	2.13442	-0.0683838	0.0528013	0.0835	-0.000596203	0.00144815	0	-0.00133305	-0.00362707	0	0.0127684	-0.000735223	0	0	0	-0.30964	0	0	-1.65486	1560.58	598.781	-1441.14	-0	0	0	0	0	2.12004	-0.330128	0.832409	-0.0835	-0.000779718	0.00134172	0	-0.00214458	-0.0017038	0	-0.210648	-0.319075	0	0	0	-0.558973	0	0	0.0799881	1550.07	789.496	-1333.95	-0	9.01268	0	0	9.01268	2.65669	-0.198102	0.461131	-0.0835	-0.000614375	0.00184786	0	-0.00280327	-0.0025185	0	0.133602	0.0444845	0	0	0	-0.0336529	0	0	-0.00598097	1942.45	623.503	-1839.66	-0	6.0386	0	0	-6.0386	2.13442	-0.0683838	0.0528013	-0.0835	-0.000596203	0.00144815	0	-0.00133305	-0.00362707	0	0.0127684	-0.000735223	0	0	0	-0.30964	0	0	-1.65486	1560.58	598.781	-1441.14	-0	0	0	0	0	0.229326	-0.463554	0.899105	0	9.71556e-05	-0.000141799	0	-0.000347853	0.000625372	0	0.131376	0.532968	0	0	0	0.051329	0	0	-0.0392629	167.672	-95.0962	138.097	-0	16.569	0	0	-16.569	0.0407621	-0.483727	0.822208	1.99931e-10	-1.38204	-0.754504	0	-103.005	-56.2342	0	-2.21181e-09	5.88263e-09	22.4916	-0.12247	0.305274	0	-89.5445	223.202	0	19.8621	7.96831	-3.51992	-0.0149193	-0.00212093	-0.0889871	-0.12247	0.305274	0	-89.5445	223.202	0	-19.8621	-7.96831	-3.51992	-0.0149193	-0.00212093	0.0889871
0.94	0.918579	1.82955	-0.396129	-1.51261	0.866166	-0.614147	-0.558161	0.0820386	-0.0337045	-0.00448847	-0.326556	-1.72486	-0.558161	0.0820386	-0.0337045	-0.00448847	-0.326556	-1.72486	0	1	0	0	0	0	1	0	0	0	0	0	0	0	0	0	-0.396129	0.866166	0	0.896368	0	0	0.443311	-1.51261	-0.614147	0	0	0	1.82955	-0.284445	0.668294	0.0835	0.983806	0	0	0.179235	-1.1372	-0.405511	0	0	0	1.91159	-0.145467	0.281813	0.0835	0.986687	0	0	0.162631	-0.398305	-0.142029	0	0	0	1.9071	-0.0167614	0.0408516	0.09142	1	0	0	7.85339e-05	0.0422526	0.0119876	0	0	0	0.182247	-0.284445	0.668294	-0.0835	0.983806	0	0	0.179235	-1.1372	-0.405511	0	0	0	1.91159	-0.145467	0.281813	-0.0835	0.986687	0	0	0.162631	-0.398305	-0.142029	0	0	0	1.9071	-0.0167614	0.0408516	-0.09142	1	0	0	7.85339e-05	0.0422526	0.0119876	0	0	0	0.182247	-0.759857	1.04795	0	0.884793	0	0	0.465984	-1.83917	-1.2665	0	0	0	1.78592	0.3	0.0568442	0.3	0.13154	0.3	0.0870079	0.3	0.126746	0.3	0.0567647	0.3	0.0435207	0.3	0.0321692	0.3	0.0679962	0.3	0.0568442	0.3	0.13154	0.3	0.0870079	0.3	0.126746	0.3	0.0567647	0.3	0.0435207	0.3	0.0321692	0.3	0.0679962	0.3	0.0712414	0.3	0.0712414	0.3	0.3	0.58242	0.0291163	0.0108686	0.117456	0.00291163	0.00284175	0.3	0.3	1.19257	0.0115978	0.023135	0.324081	0.00115978	0.00127924	0.3	0.3	0.554543	0.0227683	0.00731136	0.0722263	0.00227683	0.00357235	0.3	0.3	1.18898	-0.0133652	0.0228015	0.317424	-0.00133652	-0.00142473	0.3	0.3	0.938622	0.0137534	0.0213541	0.289209	0.00137534	0.00104388	0.3	0.3	0.571648	0.0160286	0.0105454	0.113074	0.00160286	0.00159164	0.3	0.3	0.853346	-1.15754	0.0132808	0.151885	-0.115754	-0.0590346	0.3	0.3	0.731119	-1.11663	0.00960458	0.10063	-0.111663	-0.0491316	0.3	0.3	0.995552	1.01991	0.0270465	0.406483	0.101991	0.0696595	0.3	0.3	0.58242	0.0291163	0.0108686	0.117456	0.00291163	0.00284175	0.3	0.3	1.19257	0.0115978	0.023135	0.324081	0.00115978	0.00127924	0.3	0.3	0.554543	0.0227683	0.00731136	0.0722263	0.00227683	0.00357235	0.3	0.3	1.18898	-0.0133652	0.0228015	0.317424	-0.00133652	-0.00142473	0.3	0.3	0.938622	0.0137534	0.0213541	0.289209	0.00137534	0.00104388	0.3	0.3	0.571648	0.0160286	0.0105454	0.113074	0.00160286	0.00159164	0.3	0.3	0.853346	-1.15754	0.0132808	0.151885	-0.115754	-0.0590346	0.3	0.3	0.731119	-1.11663	0.00960458	0.10063	-0.111663	-0.0491316	0.3	0.3	0.995552	1.01991	0.0270465	0.406483	0.101991	0.0696595	0	0	0	0	0	0	0	0	0	0	0	0	0	0	0	0	0	0	-0.396129	0.866166	0	-1.51261	-0.614147	0	-0.396129	0.866166	0	-1.51261	-0.614147	0	0	0	0.918579	0	0	1.82955	-0.284445	0.668294	0.0835	-1.1372	-0.405511	0	-0.284445	0.668294	0.0835	-1.1372	-0.405511	0	0	0	0.360418	0	0	1.91159	-0.145467	0.281813	0.0835	-0.398305	-0.142029	0	-0.145467	0.281813	0.0835	-0.398305	-0.142029	0	0	0	0.326713	0	0	1.9071	-0.0167614	0.0408516	0.09142	0.0422526	0.0119876	0	-0.0167614	0.0408516	0.09142	0.0422526	0.0119876	0	0	0	0.000157068	0	0	0.182247	-0.284445	0.668294	-0.0835	-1.1372	-0.405511	0	-0.284445	0.668294	-0.0835	-1.1372	-0.405511	0	0	0	0.360418	0	0	1.91159	-0.145467	0.281813	-0.0835	-0.398305	-0.142029	0	-0.145467	0.281813	-0.0835	-0.398305	-0.142029	0	0	0	0.326713	0	0	1.9071	-0.0167614	0.0408516	-0.09142	0.0422526	0.0119876	0	-0.0167614	0.0408516	-0.09142	0.0422526	0.0119876	0	0	0	0.000157068	0	0	0.182247	-0.759857	1.04795	0	-1.83917	-1.2665	0	-0.759857	1.04795	0	-1.83917	-1.2665	0	0	0	0.969494	0	0	1.78592	2.11318	-0.344398	0.827371	0.0835	-0.000801772	0.00132443	0	-0.00207794	-0.00208026	0	0.324276	0.449129	0	0	0	-0.558161	0	0	0.0820386	1545.06	811.246	-1314.95	-0	8.58856	0	0	8.58856	2.63337	-0.205385	0.458637	0.0835	-0.000642285	0.00182235	0	-0.00259149	-0.00314692	0	-0.363819	-0.135072	0	0	0	-0.0337024	0	0	-0.00448847	1925.4	650.723	-1812.11	-0	6.05885	0	0	-6.05885	2.09209	-0.0679933	0.0527936	0.0835	-0.000608802	0.00141054	0	-0.00107244	-0.00423175	0	-0.142216	-0.0527146	0	0	0	-0.326556	0	0	-1.72486	1529.64	610.876	-1402.36	-0	0	0	0	0	2.11318	-0.344398	0.827371	-0.0835	-0.000801772	0.00132443	0	-0.00207794	-0.00208026	0	0.324276	0.449129	0	0	0	-0.558161	0	0	0.0820386	1545.06	811.246	-1314.95	-0	8.58856	0	0	8.58856	2.63337	-0.205385	0.458637	-0.0835	-0.000642285	0.00182235	0	-0.00259149	-0.00314692	0	-0.363819	-0.135072	0	0	0	-0.0337024	0	0	-0.00448847	1925.4	650.723	-1812.11	-0	6.05885	0	0	-6.05885	2.09209	-0.0679933	0.0527936	-0.0835	-0.000608802	0.00141054	0	-0.00107244	-0.00423175	0	-0.142216	-0.0527146	0	0	0	-0.326556	0	0	-1.72486	1529.64	610.876	-1402.36	-0	0	0	0	0	0.216255	-0.479014	0.891656	0	9.50098e-05	-0.000134856	0	-0.000553012	0.00102568	0	-0.286222	-0.749994	0	0	0	0.0509139	0	0	-0.043631	158.116	-91.7358	128.783	-0	15.432	0	0	-15.432	0.0408516	-0.497672	0.814461	1.99931e-10	-1.4059	-0.793764	0	-104.784	-59.1603	0	-2.683e-08	4.79793e-08	23.1071	-0.120315	0.293046	0	-87.9684	214.261	0	19.0368	7.81588	-4.29213	-0.0191806	-0.00207443	-0.0888488	-0.120315	0.293046	0	-87.9684	214.261	0	-19.0368	-7.81588	-4.29213	-0.0191806	-0.00207443	0.0888488
0.95	0.937107	1.87549	-0.411412	-1.54237	0.859815	-0.65462	-0.557301	0.0880986	-0.0337263	-0.00232291	-0.344185	-1.79022	-0.557301	0.0880986	-0.0337263	-0.00232291	-0.344185	-1.79022	-1	1	0	0	0	0	1	0	0	0	0	0	0	0	0	0	-0.411412	0.859815	0	0.892222	0	0	0.451596	-1.54237	-0.65462	0	0	0	1.87549	-0.295942	0.664096	0.0835	0.982023	0	0	0.188764	-1.16105	-0.433324	0	0	0	1.96359	-0.149493	0.280364	0.0835	0.985066	0	0	0.172178	-0.40648	-0.148202	0	0	0	1.96127	-0.0163279	0.0410047	0.09142	1	0	0	0.000947328	0.0447005	0.0178448	0	0	0	0.171051	-0.295942	0.664096	-0.0835	0.982023	0	0	0.188764	-1.16105	-0.433324	0	0	0	1.96359	-0.149493	0.280364	-0.0835	0.985066	0	0	0.172178	-0.40648	-0.148202	0	0	0	1.96127	-0.0163279	0.0410047	-0.09142	1	0	0	0.000947328	0.0447005	0.0178448	0	0	0	0.171051	-0.778385	1.03496	0	0.880543	0	0	0.473966	-1.86489	-1.32846	0	0	0	1.82844	0.3	0.0568753	0.3	0.131555	0.3	0.0870453	0.3	0.126732	0.3	0.0567816	0.3	0.0429206	0.3	0.0316714	0.3	0.0687081	0.3	0.0568753	0.3	0.131555	0.3	0.0870453	0.3	0.126732	0.3	0.0567816	0.3	0.0429206	0.3	0.0316714	0.3	0.0687081	0.3	0.0712516	0.3	0.0712516	0.3	0.3	0.582738	0.0338215	0.0109094	0.118013	0.00338215	0.00330098	0.3	0.3	1.1927	0.0142396	0.0231576	0.32453	0.00142396	0.00157063	0.3	0.3	0.554782	0.0239892	0.00733234	0.0724737	0.00239892	0.0037639	0.3	0.3	1.18885	-0.0129176	0.0228023	0.31744	-0.00129176	-0.00137702	0.3	0.3	0.938757	0.0127488	0.0213463	0.289059	0.00127488	0.000967638	0.3	0.3	0.571818	0.0167746	0.0105604	0.113278	0.00167746	0.00166571	0.3	0.3	0.84158	-1.19816	0.0129441	0.146898	-0.119816	-0.0611064	0.3	0.3	0.719804	-1.14825	0.00918983	0.0952885	-0.114825	-0.0505228	0.3	0.3	1.00598	1.06701	0.0271945	0.409756	0.106701	0.0728768	0.3	0.3	0.582738	0.0338215	0.0109094	0.118013	0.00338215	0.00330098	0.3	0.3	1.1927	0.0142396	0.0231576	0.32453	0.00142396	0.00157063	0.3	0.3	0.554782	0.0239892	0.00733234	0.0724737	0.00239892	0.0037639	0.3	0.3	1.18885	-0.0129176	0.0228023	0.31744	-0.00129176	-0.00137702	0.3	0.3	0.938757	0.0127488	0.0213463	0.289059	0.00127488	0.000967638	0.3	0.3	0.571818	0.0167746	0.0105604	0.113278	0.00167746	0.00166571	0.3	0.3	0.84158	-1.19816	0.0129441	0.146898	-0.119816	-0.0611064	0.3	0.3	0.719804	-1.14825	0.00918983	0.0952885	-0.114825	-0.0505228	0.3	0.3	1.00598	1.06701	0.0271945	0.409756	0.106701	0.0728768	0	0	0	0	0	0	0	0	0	0	0	0	0	0	0	0	0	0	-0.411412	0.859815	0	-1.54237	-0.65462	0	-0.411412	0.859815	0	-1.54237	-0.65462	0	0	0	0.937107	0	0	1.87549	-0.295942	0.664096	0.0835	-1.16105	-0.433324	0	-0.295942	0.664096	0.0835	-1.16105	-0.433324	0	0	0	0.379806	0	0	1.96359	-0.149493	0.280364	0.0835	-0.40648	-0.148202	0	-0.149493	0.280364	0.0835	-0.40648	-0.148202	0	0	0	0.34608	0	0	1.96127	-0.0163279	0.0410047	0.09142	0.0447005	0.0178448	0	-0.0163279	0.0410047	0.09142	0.0447005	0.0178448	0	0	0	0.00189466	0	0	0.171051	-0.295942	0.664096	-0.0835	-1.16105	-0.433324	0	-0.295942	0.664096	-0.0835	-1.16105	-0.433324	0	0	0	0.379806	0	0	1.96359	-0.149493	0.280364	-0.0835	-0.40648	-0.148202	0	-0.149493	0.280364	-0.0835	-0.40648	-0.148202	0	0	0	0.34608	0	0	1.96127	-0.0163279	0.0410047	-0.09142	0.0447005	0.0178448	0	-0.0163279	0.0410047	-0.09142	0.0447005	0.0178448	0	0	0	0.00189466	0	0	0.171051	-0.778385	1.03496	0	-1.86489	-1.32846	0	-0.778385	1.03496	0	-1.86489	-1.32846	0	0	0	0.987579	0	0	1.82844	2.10453	-0.358968	0.821981	0.0835	-0.000822961	0.00130482	0	-0.00210309	-0.00236177	0	0.583537	0.446425	0	0	0	-0.557301	0	0	0.0880986	1538.74	832.55	-1294.05	-0	7.74863	0	0	7.74863	2.60599	-0.212824	0.455994	0.0835	-0.000669003	0.00179332	0	-0.0020383	-0.00361085	0	-3.84929	-1.6255	0	0	0	-0.0337166	0	0	-0.00232291	1905.38	675.64	-1781.57	-0	6.09445	0	0	-6.09445	2.0423	-0.0675804	0.0528576	0.0835	-0.0006181	0.0013684	0	0.000268895	-0.00458416	0	-8.13054	-2.75922	0	0	0	-0.344185	0	0	-1.79022	1493.24	617.58	-1359.54	-0	0	0	0	0	2.10453	-0.358968	0.821981	-0.0835	-0.000822961	0.00130482	0	-0.00210309	-0.00236177	0	0.583537	0.446425	0	0	0	-0.557301	0	0	0.0880986	1538.74	832.55	-1294.05	-0	7.74863	0	0	7.74863	2.60599	-0.212824	0.455994	-0.0835	-0.000669003	0.00179332	0	-0.0020383	-0.00361085	0	-3.84929	-1.6255	0	0	0	-0.0337166	0	0	-0.00232291	1905.38	675.64	-1781.57	-0	6.09445	0	0	-6.09445	2.0423	-0.0675804	0.0528576	-0.0835	-0.0006181	0.0013684	0	0.000268895	-0.00458416	0	-8.13054	-2.75922	0	0	0	-0.344185	0	0	-1.79022	1493.24	617.58	-1359.54	-0	0	0	0	0	0.198582	-0.494762	0.883772	0	9.02414e-05	-0.000125207	0	-0.000916243	0.00124359	0	-0.0760524	-0.726761	0	0	0	0.0504718	0	0	-0.0470531	145.194	-84.8169	117.844	-0	14.5184	0	0	-14.5184	0.0410047	-0.511853	0.806304	1.99931e-10	-1.4291	-0.835978	0	-106.513	-62.3066	0	-1.04902e-08	-5.19618e-08	23.7135	-0.116962	0.275004	0	-85.5169	201.07	0	17.8375	7.58647	-4.8631	-0.0233337	-0.00200431	-0.0887131	-0.116962	0.275004	0	-85.5169	201.07	0	-17.8375	-7.58647	-4.8631	-0.0233337	-0.00200431	0.0887131
0.96	0.956074	1.9153	-0.426987	-1.5715	0.853038	-0.700077	-0.556371	0.0987715	-0.0336766	0.0095427	-0.362488	-1.86174	-0.556371	0.0987715	-0.0336766	0.0095427	-0.362488	-1.86174	-1	1	0	0	0	0	1	0	0	0	0	0	0	0	0	0	-0.426987	0.853038	0	0.8879	0	0	0.460037	-1.5715	-0.700077	0	0	0	1.9153	-0.307675	0.659598	0.0835	0.980096	0	0	0.198524	-1.18488	-0.465801	0	0	0	2.01408	-0.153602	0.278839	0.0835	0.9833	0	0	0.181993	-0.415255	-0.157147	0	0	0	2.02362	-0.0158771	0.0412084	0.09142	0.999998	0	0	0.00176921	0.0458096	0.0224307	0	0	0	0.161881	-0.307675	0.659598	-0.0835	0.980096	0	0	0.198524	-1.18488	-0.465801	0	0	0	2.01408	-0.153602	0.278839	-0.0835	0.9833	0	0	0.181993	-0.415255	-0.157147	0	0	0	2.02362	-0.0158771	0.0412084	-0.09142	0.999998	0	0	0.00176921	0.0458096	0.0224307	0	0	0	0.161881	-0.797158	1.02134	0	0.876124	0	0	0.482086	-1.88823	-1.39407	0	0	0	1.86695	0.3	0.0569121	0.3	0.131574	0.3	0.0870866	0.3	0.126719	0.3	0.0567996	0.3	0.0423003	0.3	0.0311601	0.3	0.0694509	0.3	0.0569121	0.3	0.131574	0.3	0.0870866	0.3	0.126719	0.3	0.0567996	0.3	0.0423003	0.3	0.0311601	0.3	0.0694509	0.3	0.0712615	0.3	0.0712615	0.3	0.3	0.583115	0.0414691	0.0109661	0.118791	0.00414691	0.00404739	0.3	0.3	1.19288	0.0197858	0.0232024	0.325432	0.00197858	0.00218237	0.3	0.3	0.555045	0.0278257	0.0073628	0.0728339	0.00278257	0.00436585	0.3	0.3	1.18873	-0.0118727	0.0228073	0.31754	-0.00118727	-0.00126563	0.3	0.3	0.938886	0.0129798	0.0213492	0.289114	0.00129798	0.000985164	0.3	0.3	0.572	0.0185141	0.0105806	0.113548	0.00185141	0.00183845	0.3	0.3	0.829417	-1.2359	0.0126128	0.142048	-0.12359	-0.0630309	0.3	0.3	0.708184	-1.17654	0.00877247	0.0900056	-0.117654	-0.0517678	0.3	0.3	1.01685	1.10879	0.0273227	0.412603	0.110879	0.0757306	0.3	0.3	0.583115	0.0414691	0.0109661	0.118791	0.00414691	0.00404739	0.3	0.3	1.19288	0.0197858	0.0232024	0.325432	0.00197858	0.00218237	0.3	0.3	0.555045	0.0278257	0.0073628	0.0728339	0.00278257	0.00436585	0.3	0.3	1.18873	-0.0118727	0.0228073	0.31754	-0.00118727	-0.00126563	0.3	0.3	0.938886	0.0129798	0.0213492	0.289114	0.00129798	0.000985164	0.3	0.3	0.572	0.0185141	0.0105806	0.113548	0.00185141	0.00183845	0.3	0.3	0.829417	-1.2359	0.0126128	0.142048	-0.12359	-0.0630309	0.3	0.3	0.708184	-1.17654	0.00877247	0.0900056	-0.117654	-0.0517678	0.3	0.3	1.01685	1.10879	0.0273227	0.412603	0.110879	0.0757306	0	0	0	0	0	0	0	0	0	0	0	0	0	0	0	0	0	0	-0.426987	0.853038	0	-1.5715	-0.700077	0	-0.426987	0.853038	0	-1.5715	-0.700077	0	0	0	0.956074	0	0	1.9153	-0.307675	0.659598	0.0835	-1.18488	-0.465801	0	-0.307675	0.659598	0.0835	-1.18488	-0.465801	0	0	0	0.399703	0	0	2.01408	-0.153602	0.278839	0.0835	-0.415255	-0.157147	0	-0.153602	0.278839	0.0835	-0.415255	-0.157147	0	0	0	0.366026	0	0	2.02362	-0.0158771	0.0412084	0.09142	0.0458096	0.0224307	0	-0.0158771	0.0412084	0.09142	0.0458096	0.0224307	0	0	0	0.00353842	0	0	0.161881	-0.307675	0.659598	-0.0835	-1.18488	-0.465801	0	-0.307675	0.659598	-0.0835	-1.18488	-0.465801	0	0	0	0.399703	0	0	2.01408	-0.153602	0.278839	-0.0835	-0.415255	-0.157147	0	-0.153602	0.278839	-0.0835	-0.415255	-0.157147	0	0	0	0.366026	0	0	2.02362	-0.0158771	0.0412084	-0.09142	0.0458096	0.0224307	0	-0.0158771	0.0412084	-0.09142	0.0458096	0.0224307	0	0	0	0.00353842	0	0	0.161881	-0.797158	1.02134	0	-1.88823	-1.39407	0	-0.797158	1.02134	0	-1.88823	-1.39407	0	0	0	1.00607	0	0	1.86695	2.09209	-0.37383	0.816198	0.0835	-0.000842392	0.00128222	0	-0.00180244	-0.00238985	0	-0.456465	-0.745832	0	0	0	-0.556371	0	0	0.0987715	1529.64	850.61	-1271.32	-0	6.46251	0	0	6.46251	2.57531	-0.220423	0.453171	0.0835	-0.000694454	0.00175905	0	-0.00245821	-0.00369844	0	0.440563	0.203588	0	0	0	-0.033667	0	0	0.0095427	1882.95	702.458	-1747.01	-0	6.30885	0	0	-6.30885	1.98893	-0.0671491	0.052977	0.0835	-0.000626206	0.00132149	0	-0.000572667	-0.00493653	0	0.200351	0.276389	0	0	0	-0.362488	0	0	-1.86174	1454.21	627.314	-1311.95	-0	0	0	0	0	2.09209	-0.37383	0.816198	-0.0835	-0.000842392	0.00128222	0	-0.00180244	-0.00238985	0	-0.456465	-0.745832	0	0	0	-0.556371	0	0	0.0987715	1529.64	850.61	-1271.32	-0	6.46251	0	0	6.46251	2.57531	-0.220423	0.453171	-0.0835	-0.000694454	0.00175905	0	-0.00245821	-0.00369844	0	0.440563	0.203588	0	0	0	-0.033667	0	0	0.0095427	1882.95	702.458	-1747.01	-0	6.30885	0	0	-6.30885	1.98893	-0.0671491	0.052977	-0.0835	-0.000626206	0.00132149	0	-0.000572667	-0.00493653	0	0.200351	0.276389	0	0	0	-0.362488	0	0	-1.86174	1454.21	627.314	-1311.95	-0	0	0	0	0	0.175686	-0.510787	0.875421	0	8.16286e-05	-0.000112474	0	-0.00122094	0.00131083	0	0.279239	1.19458	0	0	0	0.0499876	0	0	-0.0483536	128.453	-74.4001	104.713	-0	14.0875	0	0	-14.0875	0.0412084	-0.52626	0.797709	1.99931e-10	-1.45121	-0.882141	0	-108.161	-65.7472	0	9.08412e-09	-9.60399e-08	24.297	-0.10905	0.253176	0	-79.7321	185.11	0	16.3953	7.06192	-5.28077	-0.0277021	-0.00191674	-0.0885706	-0.10905	0.253176	0	-79.7321	185.11	0	-16.3953	-7.06192	-5.28077	-0.0277021	-0.00191674	0.0885706
0.97	0.975446	1.95628	-0.442847	-1.59957	0.845781	-0.750876	-0.555351	0.106701	-0.0335179	0.0222187	-0.381396	-1.91714	-0.555351	0.106701	-0.0335179	0.0222187	-0.381396	-1.91714	-1	1	0	0	0	0	1	0	0	0	0	0	0	0	0	0	-0.442847	0.845781	0	0.883402	0	0	0.468615	-1.59957	-0.750876	0	0	0	1.95628	-0.319647	0.654752	0.0835	0.978021	0	0	0.208506	-1.2087	-0.503345	0	0	0	2.06298	-0.157802	0.277204	0.0835	0.981378	0	0	0.192087	-0.424721	-0.170267	0	0	0	2.0852	-0.0154135	0.041447	0.09142	0.999997	0	0	0.00259037	0.0467293	0.0246638	0	0	0	0.168065	-0.319647	0.654752	-0.0835	0.978021	0	0	0.208506	-1.2087	-0.503345	0	0	0	2.06298	-0.157802	0.277204	-0.0835	0.981378	0	0	0.192087	-0.424721	-0.170267	0	0	0	2.0852	-0.0154135	0.041447	-0.09142	0.999997	0	0	0.00259037	0.0467293	0.0246638	0	0	0	0.168065	-0.816147	1.00704	0	0.871543	0	0	0.49032	-1.9086	-1.46378	0	0	0	1.90077	0.3	0.0569557	0.3	0.131598	0.3	0.0871322	0.3	0.126706	0.3	0.0568167	0.3	0.0416608	0.3	0.0306369	0.3	0.0702201	0.3	0.0569557	0.3	0.131598	0.3	0.0871322	0.3	0.126706	0.3	0.0568167	0.3	0.0416608	0.3	0.0306369	0.3	0.0702201	0.3	0.071271	0.3	0.071271	0.3	0.3	0.583562	0.0479536	0.0110229	0.119567	0.00479536	0.00468027	0.3	0.3	1.19309	0.0233993	0.0232332	0.326052	0.00233993	0.00258094	0.3	0.3	0.555336	0.03062	0.00739229	0.073182	0.003062	0.00480428	0.3	0.3	1.18861	-0.0123084	0.0228023	0.31744	-0.00123084	-0.00131207	0.3	0.3	0.939012	0.0118604	0.0213402	0.288943	0.00118604	0.000900203	0.3	0.3	0.572172	0.0155719	0.0105806	0.11355	0.00155719	0.00154629	0.3	0.3	0.816879	-1.27235	0.0122772	0.137192	-0.127235	-0.06489	0.3	0.3	0.696293	-1.2016	0.00835091	0.0847606	-0.12016	-0.0528703	0.3	0.3	1.02811	1.14271	0.0274278	0.414941	0.114271	0.0780474	0.3	0.3	0.583562	0.0479536	0.0110229	0.119567	0.00479536	0.00468027	0.3	0.3	1.19309	0.0233993	0.0232332	0.326052	0.00233993	0.00258094	0.3	0.3	0.555336	0.03062	0.00739229	0.073182	0.003062	0.00480428	0.3	0.3	1.18861	-0.0123084	0.0228023	0.31744	-0.00123084	-0.00131207	0.3	0.3	0.939012	0.0118604	0.0213402	0.288943	0.00118604	0.000900203	0.3	0.3	0.572172	0.0155719	0.0105806	0.11355	0.00155719	0.00154629	0.3	0.3	0.816879	-1.27235	0.0122772	0.137192	-0.127235	-0.06489	0.3	0.3	0.696293	-1.2016	0.00835091	0.0847606	-0.12016	-0.0528703	0.3	0.3	1.02811	1.14271	0.0274278	0.414941	0.114271	0.0780474	0	0	0	0	0	0	0	0	0	0	0	0	0	0	0	0	0	0	-0.442847	0.845781	0	-1.59957	-0.750876	0	-0.442847	0.845781	0	-1.59957	-0.750876	0	0	0	0.975446	0	0	1.95628	-0.319647	0.654752	0.0835	-1.2087	-0.503345	0	-0.319647	0.654752	0.0835	-1.2087	-0.503345	0	0	0	0.420095	0	0	2.06298	-0.157802	0.277204	0.0835	-0.424721	-0.170267	0	-0.157802	0.277204	0.0835	-0.424721	-0.170267	0	0	0	0.386577	0	0	2.0852	-0.0154135	0.041447	0.09142	0.0467293	0.0246638	0	-0.0154135	0.041447	0.09142	0.0467293	0.0246638	0	0	0	0.00518075	0	0	0.168065	-0.319647	0.654752	-0.0835	-1.2087	-0.503345	0	-0.319647	0.654752	-0.0835	-1.2087	-0.503345	0	0	0	0.420095	0	0	2.06298	-0.157802	0.277204	-0.0835	-0.424721	-0.170267	0	-0.157802	0.277204	-0.0835	-0.424721	-0.170267	0	0	0	0.386577	0	0	2.0852	-0.0154135	0.041447	-0.09142	0.0467293	0.0246638	0	-0.0154135	0.041447	-0.09142	0.0467293	0.0246638	0	0	0	0.00518075	0	0	0.168065	-0.816147	1.00704	0	-1.9086	-1.46378	0	-0.816147	1.00704	0	-1.9086	-1.46378	0	0	0	1.02491	0	0	1.90077	2.07907	-0.388981	0.80997	0.0835	-0.000861585	0.00125821	0	-0.00185561	-0.00256717	0	0.0535719	0.131244	0	0	0	-0.55535	0	0	0.106701	1520.12	870.046	-1246.5	-0	5.4894	0	0	5.4894	2.54224	-0.228192	0.450126	0.0835	-0.000718832	0.00172353	0	-0.00229359	-0.0038501	0	0.00733006	-0.0314653	0	0	0	-0.0335109	0	0	0.0222187	1858.76	726.301	-1710.99	-0	6.5512	0	0	-6.5512	1.93283	-0.0667048	0.0531315	0.0835	-0.000631392	0.00127351	0	-0.00040371	-0.00496315	0	0.0642587	-0.0257585	0	0	0	-0.381396	0	0	-1.91714	1413.2	632.173	-1263.92	-0	0	0	0	0	2.07907	-0.388981	0.80997	-0.0835	-0.000861585	0.00125821	0	-0.00185561	-0.00256717	0	0.0535719	0.131244	0	0	0	-0.55535	0	0	0.106701	1520.12	870.046	-1246.5	-0	5.4894	0	0	5.4894	2.54224	-0.228192	0.450126	-0.0835	-0.000718832	0.00172353	0	-0.00229359	-0.0038501	0	0.00733006	-0.0314653	0	0	0	-0.0335109	0	0	0.0222187	1858.76	726.301	-1710.99	-0	6.5512	0	0	-6.5512	1.93283	-0.0667048	0.0531315	-0.0835	-0.000631392	0.00127351	0	-0.00040371	-0.00496315	0	0.0642587	-0.0257585	0	0	0	-0.381396	0	0	-1.91714	1413.2	632.173	-1263.92	-0	0	0	0	0	0.151713	-0.527077	0.866549	0	7.17044e-05	-9.86755e-05	0	-0.00115669	0.00146717	0	-0.0737479	-0.243117	0	0	0	0.0494697	0	0	-0.0555087	110.925	-64.8564	89.9893	-0	12.342	0	0	-12.342	0.041447	-0.540879	0.788632	1.99931e-10	-1.47186	-0.932794	0	-109.7	-69.5225	0	-1.58403e-08	-1.48754e-08	24.8513	-0.101106	0.229981	0	-73.924	168.151	0	14.8653	6.53521	-5.66107	-0.0328656	-0.00182175	-0.0884044	-0.101106	0.229981	0	-73.924	168.151	0	-14.8653	-6.53521	-5.66107	-0.0328656	-0.00182175	0.0884044
0.98	0.995196	1.99227	-0.458982	-1.62614	0.837986	-0.806892	-0.554224	0.117855	-0.0332208	0.0370643	-0.400815	-1.96457	-0.554224	0.117855	-0.0332208	0.0370643	-0.400815	-1.96457	-1	1	0	0	0	0	1	0	0	0	0	0	0	0	0	0	-0.458982	0.837986	0	0.878732	0	0	0.477316	-1.62614	-0.806892	0	0	0	1.99227	-0.331855	0.649501	0.0835	0.975791	0	0	0.218704	-1.23185	-0.546024	0	0	0	2.11013	-0.162101	0.275414	0.0835	0.979289	0	0	0.202466	-0.434745	-0.187468	0	0	0	2.14719	-0.0149454	0.0416927	0.09142	0.999994	0	0	0.00346787	0.0467131	0.0241637	0	0	0	0.182625	-0.331855	0.649501	-0.0835	0.975791	0	0	0.218704	-1.23185	-0.546024	0	0	0	2.11013	-0.162101	0.275414	-0.0835	0.979289	0	0	0.202466	-0.434745	-0.187468	0	0	0	2.14719	-0.0149454	0.0416927	-0.09142	0.999994	0	0	0.00346787	0.0467131	0.0241637	0	0	0	0.182625	-0.835326	0.992027	0	0.866804	0	0	0.49865	-1.92617	-1.53741	0	0	0	1.93088	0.3	0.0570054	0.3	0.131626	0.3	0.087182	0.3	0.126692	0.3	0.05683	0.3	0.0410035	0.3	0.0301038	0.3	0.0710093	0.3	0.0570054	0.3	0.131626	0.3	0.087182	0.3	0.126692	0.3	0.05683	0.3	0.0410035	0.3	0.0301038	0.3	0.0710093	0.3	0.071279	0.3	0.071279	0.3	0.3	0.584072	0.0543712	0.0110832	0.120397	0.00543712	0.00530663	0.3	0.3	1.19334	0.0271762	0.0232659	0.326707	0.00271762	0.00299754	0.3	0.3	0.555653	0.0335223	0.00742403	0.0735574	0.00335223	0.00525966	0.3	0.3	1.18848	-0.0139625	0.0227888	0.317172	-0.00139625	-0.0014884	0.3	0.3	0.939117	0.00895988	0.0213156	0.288472	0.000895988	0.000680055	0.3	0.3	0.572306	0.0114173	0.010573	0.113447	0.00114173	0.00113374	0.3	0.3	0.803989	-1.3062	0.0119427	0.132411	-0.13062	-0.0666163	0.3	0.3	0.684178	-1.22108	0.0079323	0.079646	-0.122108	-0.0537273	0.3	0.3	1.03967	1.16773	0.0275094	0.41676	0.116773	0.0797563	0.3	0.3	0.584072	0.0543712	0.0110832	0.120397	0.00543712	0.00530663	0.3	0.3	1.19334	0.0271762	0.0232659	0.326707	0.00271762	0.00299754	0.3	0.3	0.555653	0.0335223	0.00742403	0.0735574	0.00335223	0.00525966	0.3	0.3	1.18848	-0.0139625	0.0227888	0.317172	-0.00139625	-0.0014884	0.3	0.3	0.939117	0.00895988	0.0213156	0.288472	0.000895988	0.000680055	0.3	0.3	0.572306	0.0114173	0.010573	0.113447	0.00114173	0.00113374	0.3	0.3	0.803989	-1.3062	0.0119427	0.132411	-0.13062	-0.0666163	0.3	0.3	0.684178	-1.22108	0.0079323	0.079646	-0.122108	-0.0537273	0.3	0.3	1.03967	1.16773	0.0275094	0.41676	0.116773	0.0797563	0	0	0	0	0	0	0	0	0	0	0	0	0	0	0	0	0	0	-0.458982	0.837986	0	-1.62614	-0.806892	0	-0.458982	0.837986	0	-1.62614	-0.806892	0	0	0	0.995195	0	0	1.99227	-0.331855	0.649501	0.0835	-1.23185	-0.546024	0	-0.331855	0.649501	0.0835	-1.23185	-0.546024	0	0	0	0.440971	0	0	2.11013	-0.162101	0.275414	0.0835	-0.434745	-0.187468	0	-0.162101	0.275414	0.0835	-0.434745	-0.187468	0	0	0	0.40775	0	0	2.14719	-0.0149454	0.0416927	0.09142	0.0467131	0.0241637	0	-0.0149454	0.0416927	0.09142	0.0467131	0.0241637	0	0	0	0.00693576	0	0	0.182625	-0.331855	0.649501	-0.0835	-1.23185	-0.546024	0	-0.331855	0.649501	-0.0835	-1.23185	-0.546024	0	0	0	0.440971	0	0	2.11013	-0.162101	0.275414	-0.0835	-0.434745	-0.187468	0	-0.162101	0.275414	-0.0835	-0.434745	-0.187468	0	0	0	0.40775	0	0	2.14719	-0.0149454	0.0416927	-0.09142	0.0467131	0.0241637	0	-0.0149454	0.0416927	-0.09142	0.0467131	0.0241637	0	0	0	0.00693576	0	0	0.182625	-0.835326	0.992027	0	-1.92617	-1.53741	0	-0.835326	0.992027	0	-1.92617	-1.53741	0	0	0	1.04408	0	0	1.93088	2.06586	-0.404414	0.803238	0.0835	-0.000880837	0.00123343	0	-0.00180829	-0.00271022	0	0.0581942	0.0991158	0	0	0	-0.554224	0	0	0.117855	1510.46	889.082	-1221.07	-0	4.24746	0	0	4.24746	2.50868	-0.236136	0.446808	0.0835	-0.000742555	0.00168693	0	-0.0021745	-0.00395659	0	-0.0536461	0.0493331	0	0	0	-0.0332179	0	0	0.0370643	1834.23	749.635	-1674.05	-0	6.85081	0	0	-6.85081	1.87717	-0.0662571	0.0532871	0.0835	-0.000635207	0.00122589	0	-0.00024182	-0.00489921	0	0.154329	0.089234	0	0	0	-0.400815	0	0	-1.96457	1372.5	635.674	-1216.41	-0	0	0	0	0	2.06586	-0.404414	0.803238	-0.0835	-0.000880837	0.00123343	0	-0.00180829	-0.00271022	0	0.0581942	0.0991158	0	0	0	-0.554224	0	0	0.117855	1510.46	889.082	-1221.07	-0	4.24746	0	0	4.24746	2.50868	-0.236136	0.446808	-0.0835	-0.000742555	0.00168693	0	-0.0021745	-0.00395659	0	-0.0536461	0.0493331	0	0	0	-0.0332179	0	0	0.0370643	1834.23	749.635	-1674.05	-0	6.85081	0	0	-6.85081	1.87717	-0.0662571	0.0532871	-0.0835	-0.000635207	0.00122589	0	-0.00024182	-0.00489921	0	0.154329	0.089234	0	0	0	-0.400815	0	0	-1.96457	1372.5	635.674	-1216.41	-0	0	0	0	0	0.128956	-0.543617	0.857098	0	6.23465e-05	-8.54135e-05	0	-0.00125706	0.00147992	0	-0.0428143	-0.176714	0	0	0	0.048883	0	0	-0.0613917	94.2866	-54.9042	76.6517	-0	10.8987	0	0	-10.8987	0.0416927	-0.555698	0.779022	1.99931e-10	-1.49091	-0.987848	0	-111.119	-73.6257	0	-6.5654e-09	7.13922e-08	25.3778	-0.0926116	0.208428	0	-67.7133	152.393	0	13.4417	5.97259	-6.08881	-0.0391825	-0.0017379	-0.0882041	-0.0926116	0.208428	0	-67.7133	152.393	0	-13.4417	-5.97259	-6.08881	-0.0391825	-0.0017379	0.0882041
0.99	1.0153	2.02781	-0.475376	-1.6512	0.829601	-0.867494	-0.552982	0.128699	-0.0327661	0.0524986	-0.420667	-2.00416	-0.552982	0.128699	-0.0327661	0.0524986	-0.420667	-2.00416	-1	1	0	0	0	0	1	0	0	0	0	0	0	0	0	0	-0.475376	0.829601	0	0.87389	0	0	0.486124	-1.6512	-0.867494	0	0	0	2.02781	-0.344292	0.643797	0.0835	0.973402	0	0	0.229105	-1.25428	-0.592983	0	0	0	2.15651	-0.166504	0.273434	0.0835	0.977024	0	0	0.213128	-0.445176	-0.208033	0	0	0	2.20901	-0.0144823	0.0419234	0.09142	0.99999	0	0	0.00444144	0.0457958	0.0217736	0	0	0	0.204845	-0.344292	0.643797	-0.0835	0.973402	0	0	0.229105	-1.25428	-0.592983	0	0	0	2.15651	-0.166504	0.273434	-0.0835	0.977024	0	0	0.213128	-0.445176	-0.208033	0	0	0	2.20901	-0.0144823	0.0419234	-0.09142	0.99999	0	0	0.00444144	0.0457958	0.0217736	0	0	0	0.204845	-0.854668	0.976249	0	0.861912	0	0	0.507057	-1.94095	-1.61479	0	0	0	1.95816	0.3	0.057061	0.3	0.131657	0.3	0.0872362	0.3	0.126676	0.3	0.0568379	0.3	0.0403296	0.3	0.0295635	0.3	0.0718127	0.3	0.057061	0.3	0.131657	0.3	0.0872362	0.3	0.126676	0.3	0.0568379	0.3	0.0403296	0.3	0.0295635	0.3	0.0718127	0.3	0.0712841	0.3	0.0712841	0.3	0.3	0.584641	0.0594562	0.0111421	0.121208	0.00594562	0.00580292	0.3	0.3	1.19362	0.0293275	0.0232868	0.327126	0.00293275	0.00323483	0.3	0.3	0.555999	0.0360496	0.00745671	0.0739446	0.00360496	0.00565618	0.3	0.3	1.18833	-0.0165523	0.0227688	0.316772	-0.00165523	-0.00176448	0.3	0.3	0.939184	0.00371896	0.0212699	0.2876	0.000371896	0.000282269	0.3	0.3	0.572386	0.00411966	0.0105485	0.113116	0.000411966	0.000409082	0.3	0.3	0.790776	-1.33768	0.0116067	0.127669	-0.133768	-0.0682218	0.3	0.3	0.671897	-1.23475	0.0075161	0.0746497	-0.123475	-0.054329	0.3	0.3	1.05143	1.18381	0.0275695	0.418105	0.118381	0.0808541	0.3	0.3	0.584641	0.0594562	0.0111421	0.121208	0.00594562	0.00580292	0.3	0.3	1.19362	0.0293275	0.0232868	0.327126	0.00293275	0.00323483	0.3	0.3	0.555999	0.0360496	0.00745671	0.0739446	0.00360496	0.00565618	0.3	0.3	1.18833	-0.0165523	0.0227688	0.316772	-0.00165523	-0.00176448	0.3	0.3	0.939184	0.00371896	0.0212699	0.2876	0.000371896	0.000282269	0.3	0.3	0.572386	0.00411966	0.0105485	0.113116	0.000411966	0.000409082	0.3	0.3	0.790776	-1.33768	0.0116067	0.127669	-0.133768	-0.0682218	0.3	0.3	0.671897	-1.23475	0.0075161	0.0746497	-0.123475	-0.054329	0.3	0.3	1.05143	1.18381	0.0275695	0.418105	0.118381	0.0808541	0	0	0	0	0	0	0	0	0	0	0	0	0	0	0	0	0	0	-0.475376	0.829601	0	-1.6512	-0.867494	0	-0.475376	0.829601	0	-1.6512	-0.867494	0	0	0	1.0153	0	0	2.02781	-0.344292	0.643797	0.0835	-1.25428	-0.592983	0	-0.344292	0.643797	0.0835	-1.25428	-0.592983	0	0	0	0.462316	0	0	2.15651	-0.166504	0.273434	0.0835	-0.445176	-0.208033	0	-0.166504	0.273434	0.0835	-0.445176	-0.208033	0	0	0	0.42955	0	0	2.20901	-0.0144823	0.0419234	0.09142	0.0457958	0.0217736	0	-0.0144823	0.0419234	0.09142	0.0457958	0.0217736	0	0	0	0.0088829	0	0	0.204845	-0.344292	0.643797	-0.0835	-1.25428	-0.592983	0	-0.344292	0.643797	-0.0835	-1.25428	-0.592983	0	0	0	0.462316	0	0	2.15651	-0.166504	0.273434	-0.0835	-0.445176	-0.208033	0	-0.166504	0.273434	-0.0835	-0.445176	-0.208033	0	0	0	0.42955	0	0	2.20901	-0.0144823	0.0419234	-0.09142	0.0457958	0.0217736	0	-0.0144823	0.0419234	-0.09142	0.0457958	0.0217736	0	0	0	0.0088829	0	0	0.204845	-0.854668	0.976249	0	-1.94095	-1.61479	0	-0.854668	0.976249	0	-1.94095	-1.61479	0	0	0	1.06353	0	0	1.95816	2.0537	-0.420116	0.795951	0.0835	-0.000900447	0.00120831	0	-0.00188553	-0.00288779	0	0.574815	0.7836	0	0	0	-0.552982	0	0	0.128699	1501.57	909.044	-1195.14	-0	3.09828	0	0	3.09828	2.47654	-0.244257	0.443173	0.0835	-0.000766218	0.00165111	0	-0.00205719	-0.00418565	0	-0.445593	-0.155263	0	0	0	-0.0327553	0	0	0.0524986	1810.73	772.917	-1637.48	-0	7.18458	0	0	-7.18458	1.82475	-0.0658165	0.0534179	0.0835	-0.000638068	0.00118047	0	-8.06898e-06	-0.00453728	0	-1.10863	-1.16647	0	0	0	-0.420667	0	0	-2.00416	1334.17	638.083	-1171.7	-0	0	0	0	0	2.0537	-0.420116	0.795951	-0.0835	-0.000900447	0.00120831	0	-0.00188553	-0.00288779	0	0.574815	0.7836	0	0	0	-0.552982	0	0	0.128699	1501.57	909.044	-1195.14	-0	3.09828	0	0	3.09828	2.47654	-0.244257	0.443173	-0.0835	-0.000766218	0.00165111	0	-0.00205719	-0.00418565	0	-0.445593	-0.155263	0	0	0	-0.0327553	0	0	0.0524986	1810.73	772.917	-1637.48	-0	7.18458	0	0	-7.18458	1.82475	-0.0658165	0.0534179	-0.0835	-0.000638068	0.00118047	0	-8.06898e-06	-0.00453728	0	-1.10863	-1.16647	0	0	0	-0.420667	0	0	-2.00416	1334.17	638.083	-1171.7	-0	0	0	0	0	0.108378	-0.560389	0.84702	0	5.3823e-05	-7.27028e-05	0	-0.00123024	0.00144732	0	-0.164539	-1.1107	0	0	0	0.0482299	0	0	-0.0696496	79.2408	-46.5395	64.1341	-0	8.95636	0	0	-8.95636	0.0419234	-0.5707	0.768836	1.99931e-10	-1.50832	-1.04682	0	-112.417	-78.0207	0	-2.99125e-08	4.54164e-08	25.8862	-0.0846691	0.190291	0	-61.9061	139.132	0	12.2385	5.44548	-6.62487	-0.0468671	-0.00168248	-0.0879635	-0.0846691	0.190291	0	-61.9061	139.132	0	-12.2385	-5.44548	-6.62487	-0.0468671	-0.00168248	0.0879635
1	1.03573	2.05774	-0.492013	-1.6748	0.820593	-0.931892	-0.551615	0.145012	-0.0321496	0.0698659	-0.440904	-2.04246	-0.551615	0.145012	-0.0321496	0.0698659	-0.440904	-2.04246	-1	1	0	0	0	0	1	0	0	0	0	0	0	0	0	0	-0.492013	0.820593	0	0.868877	0	0	0.495028	-1.6748	-0.931892	0	0	0	2.05774	-0.356948	0.637607	0.0835	0.970846	0	0	0.239703	-1.27583	-0.643258	0	0	0	2.20276	-0.171011	0.271239	0.0835	0.974574	0	0	0.224067	-0.455939	-0.230297	0	0	0	2.27262	-0.0140343	0.0421247	0.09142	0.999985	0	0	0.00553316	0.0437083	0.0184777	0	0	0	0.230162	-0.356948	0.637607	-0.0835	0.970846	0	0	0.239703	-1.27583	-0.643258	0	0	0	2.20276	-0.171011	0.271239	-0.0835	0.974574	0	0	0.224067	-0.455939	-0.230297	0	0	0	2.27262	-0.0140343	0.0421247	-0.09142	0.999985	0	0	0.00553316	0.0437083	0.0184777	0	0	0	0.230162	-0.874143	0.959682	0	0.856871	0	0	0.51553	-1.95327	-1.69551	0	0	0	1.9844	0.3	0.0571219	0.3	0.131691	0.3	0.0872953	0.3	0.126657	0.3	0.0568393	0.3	0.0396405	0.3	0.0290185	0.3	0.0726249	0.3	0.0571219	0.3	0.131691	0.3	0.0872953	0.3	0.126657	0.3	0.0568393	0.3	0.0396405	0.3	0.0290185	0.3	0.0726249	0.3	0.0712846	0.3	0.0712846	0.3	0.3	0.585265	0.0653206	0.0112078	0.122115	0.00653206	0.00637529	0.3	0.3	1.19393	0.0326127	0.0233163	0.327724	0.00326127	0.00359718	0.3	0.3	0.556375	0.0393979	0.00749394	0.0743876	0.00393979	0.00618153	0.3	0.3	1.18815	-0.0192702	0.0227473	0.316346	-0.00192702	-0.0020542	0.3	0.3	0.939191	-0.00333762	0.021211	0.286478	-0.000333762	-0.000253325	0.3	0.3	0.572399	-0.00188375	0.0105253	0.112805	-0.000188375	-0.000187057	0.3	0.3	0.777265	-1.36521	0.0112756	0.123054	-0.136521	-0.0696259	0.3	0.3	0.659512	-1.24156	0.00710405	0.069794	-0.124156	-0.0546287	0.3	0.3	1.06332	1.19382	0.0276178	0.419185	0.119382	0.0815379	0.3	0.3	0.585265	0.0653206	0.0112078	0.122115	0.00653206	0.00637529	0.3	0.3	1.19393	0.0326127	0.0233163	0.327724	0.00326127	0.00359718	0.3	0.3	0.556375	0.0393979	0.00749394	0.0743876	0.00393979	0.00618153	0.3	0.3	1.18815	-0.0192702	0.0227473	0.316346	-0.00192702	-0.0020542	0.3	0.3	0.939191	-0.00333762	0.021211	0.286478	-0.000333762	-0.000253325	0.3	0.3	0.572399	-0.00188375	0.0105253	0.112805	-0.000188375	-0.000187057	0.3	0.3	0.777265	-1.36521	0.0112756	0.123054	-0.136521	-0.0696259	0.3	0.3	0.659512	-1.24156	0.00710405	0.069794	-0.124156	-0.0546287	0.3	0.3	1.06332	1.19382	0.0276178	0.419185	0.119382	0.0815379	0	0	0	0	0	0	0	0	0	0	0	0	0	0	0	0	0	0	-0.492013	0.820593	0	-1.6748	-0.931892	0	-0.492013	0.820593	0	-1.6748	-0.931892	0	0	0	1.03573	0	0	2.05774	-0.356948	0.637607	0.0835	-1.27583	-0.643258	0	-0.356948	0.637607	0.0835	-1.27583	-0.643258	0	0	0	0.48412	0	0	2.20276	-0.171011	0.271239	0.0835	-0.455939	-0.230297	0	-0.171011	0.271239	0.0835	-0.455939	-0.230297	0	0	0	0.451971	0	0	2.27262	-0.0140343	0.0421247	0.09142	0.0437083	0.0184777	0	-0.0140343	0.0421247	0.09142	0.0437083	0.0184777	0	0	0	0.0110664	0	0	0.230162	-0.356948	0.637607	-0.0835	-1.27583	-0.643258	0	-0.356948	0.637607	-0.0835	-1.27583	-0.643258	0	0	0	0.48412	0	0	2.20276	-0.171011	0.271239	-0.0835	-0.455939	-0.230297	0	-0.171011	0.271239	-0.0835	-0.455939	-0.230297	0	0	0	0.451971	0	0	2.27262	-0.0140343	0.0421247	-0.09142	0.0437083	0.0184777	0	-0.0140343	0.0421247	-0.09142	0.0437083	0.0184777	0	0	0	0.0110664	0	0	0.230162	-0.874143	0.959682	0	-1.95327	-1.69551	0	-0.874143	0.959682	0	-1.95327	-1.69551	0	0	0	1.08325	0	0	1.9844	2.04323	-0.436071	0.788071	0.0835	-0.000919998	0.00118262	0	-0.00182188	-0.00266171	0	-0.350597	-0.862021	0	0	0	-0.551614	0	0	0.145012	1493.91	928.304	-1170.48	-0	1.55307	0	0	1.55307	2.44713	-0.25255	0.439193	0.0835	-0.000789464	0.00161493	0	-0.00241816	-0.00404859	0	1.4816	0.908565	0	0	0	-0.032138	0	0	0.0698659	1789.23	797.338	-1601.74	-0	7.5801	0	0	-7.5801	1.7756	-0.0653934	0.053507	0.0835	-0.000640869	0.00113738	0	-0.000380185	-0.00453156	0	1.66706	1.22394	0	0	0	-0.440904	0	0	-2.04246	1298.24	641.604	-1128.61	-0	0	0	0	0	2.04323	-0.436071	0.788071	-0.0835	-0.000919998	0.00118262	0	-0.00182188	-0.00266171	0	-0.350597	-0.862021	0	0	0	-0.551614	0	0	0.145012	1493.91	928.304	-1170.48	-0	1.55307	0	0	1.55307	2.44713	-0.25255	0.439193	-0.0835	-0.000789464	0.00161493	0	-0.00241816	-0.00404859	0	1.4816	0.908565	0	0	0	-0.032138	0	0	0.0698659	1789.23	797.338	-1601.74	-0	7.5801	0	0	-7.5801	1.7756	-0.0653934	0.053507	-0.0835	-0.000640869	0.00113738	0	-0.000380185	-0.00453156	0	1.66706	1.22394	0	0	0	-0.440904	0	0	-2.04246	1298.24	641.604	-1128.61	-0	0	0	0	0	0.0916601	-0.577374	0.836281	0	4.50909e-05	-6.12587e-05	0	-0.00118673	0.00103045	0	0.261338	1.45747	0	0	0	0.0475127	0	0	-0.073346	67.0176	-38.065	55.1581	-0	8.03038	0	0	-8.03038	0.0421247	-0.585867	0.758046	1.99931e-10	-1.52423	-1.10895	0	-113.603	-82.6514	0	-4.46677e-08	-1.78292e-08	26.3902	-0.0773388	0.176547	0	-56.5465	129.083	0	11.319	4.95841	-7.29398	-0.055775	-0.00166906	-0.0876874	-0.0773388	0.176547	0	-56.5465	129.083	0	-11.319	-4.95841	-7.29398	-0.055775	-0.00166906	0.0876874
1.01	1.05651	2.09512	-0.508878	-1.6972	0.810928	-0.998905	-0.55012	0.154506	-0.0313748	0.0843723	-0.461497	-2.07458	-0.55012	0.154506	-0.0313748	0.0843723	-0.461497	-2.07458	-1	1	0	0	0	0	1	0	0	0	0	0	0	0	0	0	-0.508878	0.810928	0	0.863689	0	0	0.504026	-1.6972	-0.998905	0	0	0	2.09512	-0.369815	0.630905	0.0835	0.968117	0	0	0.250497	-1.29664	-0.695574	0	0	0	2.24963	-0.175627	0.268818	0.0835	0.971928	0	0	0.23528	-0.466716	-0.253418	0	0	0	2.334	-0.0136101	0.0422956	0.09142	0.999977	0	0	0.00675775	0.0410708	0.0155911	0	0	0	0.259423	-0.369815	0.630905	-0.0835	0.968117	0	0	0.250497	-1.29664	-0.695574	0	0	0	2.24963	-0.175627	0.268818	-0.0835	0.971928	0	0	0.23528	-0.466716	-0.253418	0	0	0	2.334	-0.0136101	0.0422956	-0.09142	0.999977	0	0	0.00675775	0.0410708	0.0155911	0	0	0	0.259423	-0.89373	0.942297	0	0.851678	0	0	0.524065	-1.96351	-1.7791	0	0	0	2.01101	0.3	0.0571878	0.3	0.131728	0.3	0.0873588	0.3	0.126635	0.3	0.0568334	0.3	0.038938	0.3	0.0284718	0.3	0.0734423	0.3	0.0571878	0.3	0.131728	0.3	0.0873588	0.3	0.126635	0.3	0.0568334	0.3	0.038938	0.3	0.0284718	0.3	0.0734423	0.3	0.0712787	0.3	0.0712787	0.3	0.3	0.585941	0.0693087	0.0112691	0.122963	0.00693087	0.00676453	0.3	0.3	1.19427	0.0337751	0.0233307	0.328012	0.00337751	0.0037254	0.3	0.3	0.55678	0.0420857	0.00753145	0.0748327	0.00420857	0.00660325	0.3	0.3	1.18795	-0.0229147	0.0227191	0.315786	-0.00229147	-0.00244271	0.3	0.3	0.939113	-0.0132224	0.0211337	0.285006	-0.00132224	-0.00100358	0.3	0.3	0.57234	-0.0106639	0.0104889	0.112314	-0.00106639	-0.00105892	0.3	0.3	0.76349	-1.39041	0.0109399	0.118432	-0.139041	-0.0709109	0.3	0.3	0.647086	-1.24276	0.00669063	0.0650105	-0.124276	-0.0546815	0.3	0.3	1.07529	1.19875	0.027658	0.420085	0.119875	0.0818745	0.3	0.3	0.585941	0.0693087	0.0112691	0.122963	0.00693087	0.00676453	0.3	0.3	1.19427	0.0337751	0.0233307	0.328012	0.00337751	0.0037254	0.3	0.3	0.55678	0.0420857	0.00753145	0.0748327	0.00420857	0.00660325	0.3	0.3	1.18795	-0.0229147	0.0227191	0.315786	-0.00229147	-0.00244271	0.3	0.3	0.939113	-0.0132224	0.0211337	0.285006	-0.00132224	-0.00100358	0.3	0.3	0.57234	-0.0106639	0.0104889	0.112314	-0.00106639	-0.00105892	0.3	0.3	0.76349	-1.39041	0.0109399	0.118432	-0.139041	-0.0709109	0.3	0.3	0.647086	-1.24276	0.00669063	0.0650105	-0.124276	-0.0546815	0.3	0.3	1.07529	1.19875	0.027658	0.420085	0.119875	0.0818745	0	0	0	0	0	0	0	0	0	0	0	0	0	0	0	0	0	0	-0.508878	0.810928	0	-1.6972	-0.998905	0	-0.508878	0.810928	0	-1.6972	-0.998905	0	0	0	1.05651	0	0	2.09512	-0.369815	0.630905	0.0835	-1.29664	-0.695574	0	-0.369815	0.630905	0.0835	-1.29664	-0.695574	0	0	0	0.506388	0	0	2.24963	-0.175627	0.268818	0.0835	-0.466716	-0.253418	0	-0.175627	0.268818	0.0835	-0.466716	-0.253418	0	0	0	0.475013	0	0	2.334	-0.0136101	0.0422956	0.09142	0.0410708	0.0155911	0	-0.0136101	0.0422956	0.09142	0.0410708	0.0155911	0	0	0	0.0135156	0	0	0.259423	-0.369815	0.630905	-0.0835	-1.29664	-0.695574	0	-0.369815	0.630905	-0.0835	-1.29664	-0.695574	0	0	0	0.506388	0	0	2.24963	-0.175627	0.268818	-0.0835	-0.466716	-0.253418	0	-0.175627	0.268818	-0.0835	-0.466716	-0.253418	0	0	0	0.475013	0	0	2.334	-0.0136101	0.0422956	-0.09142	0.0410708	0.0155911	0	-0.0136101	0.0422956	-0.09142	0.0410708	0.0155911	0	0	0	0.0135156	0	0	0.259423	-0.89373	0.942297	0	-1.96351	-1.7791	0	-0.89373	0.942297	0	-1.96351	-1.7791	0	0	0	1.10323	0	0	2.01101	2.03427	-0.452268	0.77957	0.0835	-0.000940382	0.00115727	0	-0.00201118	-0.00273257	0	0.174466	0.42171	0	0	0	-0.55012	0	0	0.154506	1487.36	949.552	-1144.81	-0	0.698214	0	0	0.698214	2.42128	-0.261014	0.434848	0.0835	-0.000813961	0.00158054	0	-0.00219619	-0.00373101	0	-0.126725	-0.197438	0	0	0	-0.0313722	0	0	0.0843723	1770.33	821.113	-1568.39	-0	7.95282	0	0	-7.95282	1.73146	-0.064997	0.0535521	0.0835	-0.00064373	0.00109774	0	-0.000125669	-0.00403354	0	-0.381756	-0.260872	0	0	0	-0.461498	0	0	-2.07458	1265.97	643.973	-1089.94	-0	0	0	0	0	2.03427	-0.452268	0.77957	-0.0835	-0.000940382	0.00115727	0	-0.00201118	-0.00273257	0	0.174466	0.42171	0	0	0	-0.55012	0	0	0.154506	1487.36	949.552	-1144.81	-0	0.698214	0	0	0.698214	2.42128	-0.261014	0.434848	-0.0835	-0.000813961	0.00158054	0	-0.00219619	-0.00373101	0	-0.126725	-0.197438	0	0	0	-0.0313722	0	0	0.0843723	1770.33	821.113	-1568.39	-0	7.95282	0	0	-7.95282	1.73146	-0.064997	0.0535521	-0.0835	-0.00064373	0.00109774	0	-0.000125669	-0.00403354	0	-0.381756	-0.260872	0	0	0	-0.461498	0	0	-2.07458	1265.97	643.973	-1089.94	-0	0	0	0	0	0.076443	-0.594555	0.824849	0	3.77893e-05	-5.13941e-05	0	-0.00085187	0.00103033	0	-0.0738195	-0.636575	0	0	0	0.0467232	0	0	-0.0841086	55.8915	-32.746	45.2942	-0	5.62697	0	0	-5.62697	0.0422956	-0.601186	0.746624	1.99931e-10	-1.53883	-1.17339	0	-114.691	-87.4543	0	-6.08395e-08	2.741e-08	26.9049	-0.0715737	0.167044	0	-52.3313	122.134	0	10.6728	4.573	-8.09782	-0.0655724	-0.00170409	-0.0873856	-0.0715737	0.167044	0	-52.3313	122.134	0	-10.6728	-4.573	-8.09782	-0.0655724	-0.00170409	0.0873856
1.02	1.07763	2.13053	-0.52596	-1.71856	0.800588	-1.06757	-0.548498	0.168592	-0.0304583	0.0979311	-0.48243	-2.10864	-0.548498	0.168592	-0.0304583	0.0979311	-0.48243	-2.10864	-1	1	0	0	0	0	1	0	0	0	0	0	0	0	0	0	-0.52596	0.800588	0	0.858316	0	0	0.513121	-1.71856	-1.06757	0	0	0	2.13053	-0.382884	0.623675	0.0835	0.965206	0	0	0.261492	-1.31658	-0.748891	0	0	0	2.29912	-0.180348	0.266166	0.0835	0.969076	0	0	0.246763	-0.477338	-0.276145	0	0	0	2.39705	-0.013216	0.0424409	0.09142	0.999967	0	0	0.00812394	0.0378101	0.013846	0	0	0	0.288413	-0.382884	0.623675	-0.0835	0.965206	0	0	0.261492	-1.31658	-0.748891	0	0	0	2.29912	-0.180348	0.266166	-0.0835	0.969076	0	0	0.246763	-0.477338	-0.276145	0	0	0	2.39705	-0.013216	0.0424409	-0.09142	0.999967	0	0	0.00812394	0.0378101	0.013846	0	0	0	0.288413	-0.913412	0.924066	0	0.846327	0	0	0.532664	-1.97232	-1.86496	0	0	0	2.03978	0.3	0.0572576	0.3	0.131766	0.3	0.0874268	0.3	0.126609	0.3	0.0568201	0.3	0.0382234	0.3	0.0279259	0.3	0.0742623	0.3	0.0572576	0.3	0.131766	0.3	0.0874268	0.3	0.126609	0.3	0.0568201	0.3	0.0382234	0.3	0.0279259	0.3	0.0742623	0.3	0.0712648	0.3	0.0712648	0.3	0.3	0.586656	0.0735154	0.0113338	0.123861	0.00735154	0.00717511	0.3	0.3	1.19462	0.0355195	0.0233495	0.328392	0.00355195	0.0039178	0.3	0.3	0.557213	0.0448417	0.00757109	0.0753055	0.00448417	0.00703567	0.3	0.3	1.1877	-0.0264682	0.0226907	0.315226	-0.00264682	-0.00282151	0.3	0.3	0.93893	-0.0239494	0.0210494	0.283407	-0.00239494	-0.00181776	0.3	0.3	0.572206	-0.0167414	0.0104572	0.111888	-0.00167414	-0.00166242	0.3	0.3	0.749479	-1.41199	0.0106041	0.113867	-0.141199	-0.0720117	0.3	0.3	0.634679	-1.23752	0.00627722	0.0603162	-0.123752	-0.0544508	0.3	0.3	1.0873	1.2018	0.0276994	0.421015	0.12018	0.0820829	0.3	0.3	0.586656	0.0735154	0.0113338	0.123861	0.00735154	0.00717511	0.3	0.3	1.19462	0.0355195	0.0233495	0.328392	0.00355195	0.0039178	0.3	0.3	0.557213	0.0448417	0.00757109	0.0753055	0.00448417	0.00703567	0.3	0.3	1.1877	-0.0264682	0.0226907	0.315226	-0.00264682	-0.00282151	0.3	0.3	0.93893	-0.0239494	0.0210494	0.283407	-0.00239494	-0.00181776	0.3	0.3	0.572206	-0.0167414	0.0104572	0.111888	-0.00167414	-0.00166242	0.3	0.3	0.749479	-1.41199	0.0106041	0.113867	-0.141199	-0.0720117	0.3	0.3	0.634679	-1.23752	0.00627722	0.0603162	-0.123752	-0.0544508	0.3	0.3	1.0873	1.2018	0.0276994	0.421015	0.12018	0.0820829	0	0	0	0	0	0	0	0	0	0	0	0	0	0	0	0	0	0	-0.52596	0.800588	0	-1.71856	-1.06757	0	-0.52596	0.800588	0	-1.71856	-1.06757	0	0	0	1.07763	0	0	2.13053	-0.382884	0.623675	0.0835	-1.31658	-0.748891	0	-0.382884	0.623675	0.0835	-1.31658	-0.748891	0	0	0	0.529136	0	0	2.29912	-0.180348	0.266166	0.0835	-0.477338	-0.276145	0	-0.180348	0.266166	0.0835	-0.477338	-0.276145	0	0	0	0.498678	0	0	2.39705	-0.013216	0.0424409	0.09142	0.0378101	0.013846	0	-0.013216	0.0424409	0.09142	0.0378101	0.013846	0	0	0	0.0162481	0	0	0.288413	-0.382884	0.623675	-0.0835	-1.31658	-0.748891	0	-0.382884	0.623675	-0.0835	-1.31658	-0.748891	0	0	0	0.529136	0	0	2.29912	-0.180348	0.266166	-0.0835	-0.477338	-0.276145	0	-0.180348	0.266166	-0.0835	-0.477338	-0.276145	0	0	0	0.498678	0	0	2.39705	-0.013216	0.0424409	-0.09142	0.0378101	0.013846	0	-0.013216	0.0424409	-0.09142	0.0378101	0.013846	0	0	0	0.0162481	0	0	0.288413	-0.913412	0.924066	0	-1.97232	-1.86496	0	-0.913412	0.924066	0	-1.97232	-1.86496	0	0	0	1.12349	0	0	2.03978	2.02719	-0.468698	0.770427	0.0835	-0.000961602	0.00113185	0	-0.00209141	-0.00266075	0	0.0171666	0.0269313	0	0	0	-0.548497	0	0	0.168592	1482.18	971.137	-1119.72	-0	0.419672	0	0	-0.419672	2.39721	-0.26964	0.430129	0.0835	-0.000838339	0.00154674	0	-0.00232875	-0.00358003	0	-0.0265435	0.0383167	0	0	0	-0.0304465	0	0	0.0979311	1752.73	845.922	-1535.08	-0	8.33608	0	0	-8.33608	1.69095	-0.0646334	0.053557	0.0835	-0.000646889	0.00106061	0	-0.000235803	-0.00376392	0	0.0376742	0.0323718	0	0	0	-0.482429	0	0	-2.10864	1236.35	647.345	-1053.33	-0	0	0	0	0	2.02719	-0.468698	0.770427	-0.0835	-0.000961602	0.00113185	0	-0.00209141	-0.00266075	0	0.0171666	0.0269313	0	0	0	-0.548497	0	0	0.168592	1482.18	971.137	-1119.72	-0	0.419672	0	0	-0.419672	2.39721	-0.26964	0.430129	-0.0835	-0.000838339	0.00154674	0	-0.00232875	-0.00358003	0	-0.0265435	0.0383167	0	0	0	-0.0304465	0	0	0.0979311	1752.73	845.922	-1535.08	-0	8.33608	0	0	-8.33608	1.69095	-0.0646334	0.053557	-0.0835	-0.000646889	0.00106061	0	-0.000235803	-0.00376392	0	0.0376742	0.0323718	0	0	0	-0.482429	0	0	-2.10864	1236.35	647.345	-1053.33	-0	0	0	0	0	0.0649221	-0.611919	0.812703	0	3.21269e-05	-4.30644e-05	0	-0.000698328	0.000798702	0	0.0138316	-0.0185351	0	0	0	0.0458527	0	0	-0.0907512	47.468	-27.9925	38.3357	-0	4.14761	0	0	-4.14761	0.0424409	-0.616645	0.734553	1.99931e-10	-1.55239	-1.23931	0	-115.702	-92.3672	0	-4.44306e-08	2.0951e-08	27.4445	-0.0668597	0.161408	0	-48.8847	118.014	0	10.2763	4.25672	-9.01305	-0.0756323	-0.00178768	-0.0870768	-0.0668597	0.161408	0	-48.8847	118.014	0	-10.2763	-4.25672	-9.01305	-0.0756323	-0.00178768	0.0870768
1.03	1.09914	2.16844	-0.543255	-1.73917	0.789546	-1.13705	-0.546743	0.183275	-0.0294217	0.108992	-0.503673	-2.13907	-0.546743	0.183275	-0.0294217	0.108992	-0.503673	-2.13907	-1	1	0	0	0	0	1	0	0	0	0	0	0	0	0	0	-0.543255	0.789546	0	0.852748	0	0	0.522323	-1.73917	-1.13705	0	0	0	2.16844	-0.396151	0.615904	0.0835	0.962098	0	0	0.272702	-1.33573	-0.80229	0	0	0	2.35172	-0.185176	0.263288	0.0835	0.966006	0	0	0.25852	-0.487666	-0.297701	0	0	0	2.46071	-0.0128558	0.042576	0.09142	0.999953	0	0	0.00965316	0.0342434	0.014069	0	0	0	0.321639	-0.396151	0.615904	-0.0835	0.962098	0	0	0.272702	-1.33573	-0.80229	0	0	0	2.35172	-0.185176	0.263288	-0.0835	0.966006	0	0	0.25852	-0.487666	-0.297701	0	0	0	2.46071	-0.0128558	0.042576	-0.09142	0.999953	0	0	0.00965316	0.0342434	0.014069	0	0	0	0.321639	-0.933177	0.904955	0	0.840806	0	0	0.541337	-1.98019	-1.95259	0	0	0	2.07165	0.3	0.0573304	0.3	0.131805	0.3	0.0874989	0.3	0.126578	0.3	0.0568	0.3	0.0374985	0.3	0.0273835	0.3	0.0750831	0.3	0.0573304	0.3	0.131805	0.3	0.0874989	0.3	0.126578	0.3	0.0568	0.3	0.0374985	0.3	0.0273835	0.3	0.0750831	0.3	0.0712421	0.3	0.0712421	0.3	0.3	0.587401	0.0768338	0.0113967	0.124736	0.00768338	0.00749898	0.3	0.3	1.19497	0.0365392	0.0233632	0.328666	0.00365392	0.00403028	0.3	0.3	0.557673	0.0482774	0.00761471	0.0758262	0.00482774	0.00757472	0.3	0.3	1.18741	-0.0305179	0.0226585	0.314586	-0.00305179	-0.00325321	0.3	0.3	0.938631	-0.0358461	0.0209557	0.281633	-0.00358461	-0.00272072	0.3	0.3	0.572004	-0.0225554	0.0104216	0.111411	-0.00225554	-0.00223976	0.3	0.3	0.735265	-1.43052	0.0102638	0.109301	-0.143052	-0.0729567	0.3	0.3	0.622352	-1.22579	0.00586262	0.055698	-0.122579	-0.053935	0.3	0.3	1.09931	1.20234	0.0277414	0.421957	0.120234	0.0821197	0.3	0.3	0.587401	0.0768338	0.0113967	0.124736	0.00768338	0.00749898	0.3	0.3	1.19497	0.0365392	0.0233632	0.328666	0.00365392	0.00403028	0.3	0.3	0.557673	0.0482774	0.00761471	0.0758262	0.00482774	0.00757472	0.3	0.3	1.18741	-0.0305179	0.0226585	0.314586	-0.00305179	-0.00325321	0.3	0.3	0.938631	-0.0358461	0.0209557	0.281633	-0.00358461	-0.00272072	0.3	0.3	0.572004	-0.0225554	0.0104216	0.111411	-0.00225554	-0.00223976	0.3	0.3	0.735265	-1.43052	0.0102638	0.109301	-0.143052	-0.0729567	0.3	0.3	0.622352	-1.22579	0.00586262	0.055698	-0.122579	-0.053935	0.3	0.3	1.09931	1.20234	0.0277414	0.421957	0.120234	0.0821197	0	0	0	0	0	0	0	0	0	0	0	0	0	0	0	0	0	0	-0.543255	0.789546	0	-1.73917	-1.13705	0	-0.543255	0.789546	0	-1.73917	-1.13705	0	0	0	1.09914	0	0	2.16844	-0.396151	0.615904	0.0835	-1.33573	-0.80229	0	-0.396151	0.615904	0.0835	-1.33573	-0.80229	0	0	0	0.552401	0	0	2.35172	-0.185176	0.263288	0.0835	-0.487666	-0.297701	0	-0.185176	0.263288	0.0835	-0.487666	-0.297701	0	0	0	0.52298	0	0	2.46071	-0.0128558	0.042576	0.09142	0.0342434	0.014069	0	-0.0128558	0.042576	0.09142	0.0342434	0.014069	0	0	0	0.0193066	0	0	0.321639	-0.396151	0.615904	-0.0835	-1.33573	-0.80229	0	-0.396151	0.615904	-0.0835	-1.33573	-0.80229	0	0	0	0.552401	0	0	2.35172	-0.185176	0.263288	-0.0835	-0.487666	-0.297701	0	-0.185176	0.263288	-0.0835	-0.487666	-0.297701	0	0	0	0.52298	0	0	2.46071	-0.0128558	0.042576	-0.09142	0.0342434	0.014069	0	-0.0128558	0.042576	-0.09142	0.0342434	0.014069	0	0	0	0.0193066	0	0	0.321639	-0.933177	0.904955	0	-1.98019	-1.95259	0	-0.933177	0.904955	0	-1.98019	-1.95259	0	0	0	1.14405	0	0	2.07165	2.02162	-0.485356	0.76062	0.0835	-0.000984013	0.00110707	0	-0.00201166	-0.00270891	0	-0.303354	-0.594557	0	0	0	-0.546743	0	0	0.183275	1478.11	993.185	-1094.72	-0	1.43196	0	0	-1.43196	2.37568	-0.278426	0.425033	0.0835	-0.000864029	0.00151461	0	-0.00238192	-0.00376028	0	0.689936	0.385466	0	0	0	-0.029419	0	0	0.108992	1736.99	871.785	-1502.37	-0	8.69823	0	0	-8.69823	1.65346	-0.064307	0.0535347	0.0835	-0.000650465	0.00102603	0	-0.000281867	-0.00380294	0	0.782877	0.962682	0	0	0	-0.503673	0	0	-2.13907	1208.94	651.011	-1018.68	-0	0	0	0	0	2.02162	-0.485356	0.76062	-0.0835	-0.000984013	0.00110707	0	-0.00201166	-0.00270891	0	-0.303354	-0.594557	0	0	0	-0.546743	0	0	0.183275	1478.11	993.185	-1094.72	-0	1.43196	0	0	-1.43196	2.37568	-0.278426	0.425033	-0.0835	-0.000864029	0.00151461	0	-0.00238192	-0.00376028	0	0.689936	0.385466	0	0	0	-0.029419	0	0	0.108992	1736.99	871.785	-1502.37	-0	8.69823	0	0	-8.69823	1.65346	-0.064307	0.0535347	-0.0835	-0.000650465	0.00102603	0	-0.000281867	-0.00380294	0	0.782877	0.962682	0	0	0	-0.503673	0	0	-2.13907	1208.94	651.011	-1018.68	-0	0	0	0	0	0.0564374	-0.629458	0.799814	0	2.94745e-05	-3.71337e-05	0	-0.000851274	0.000655651	0	0.0843601	0.935609	0	0	0	0.0449122	0	0	-0.0967882	41.2643	-24.4346	33.252	-0	2.8384	0	0	-2.8384	0.042576	-0.632237	0.721808	1.99931e-10	-1.56519	-1.306	0	-116.656	-97.338	0	1.73683e-08	2.33332e-08	28.0193	-0.063394	0.158828	0	-46.3507	116.127	0	10.0774	4.02226	-10.0006	-0.0853534	-0.00191334	-0.0867788	-0.063394	0.158828	0	-46.3507	116.127	0	-10.0774	-4.02226	-10.0006	-0.0853534	-0.00191334	0.0867788
1.04	1.12106	2.21158	-0.560753	-1.75948	0.777811	-1.20723	-0.544851	0.196867	-0.0282916	0.11693	-0.52511	-2.14312	-0.544851	0.196867	-0.0282916	0.11693	-0.52511	-2.14312	-1	1	0	0	0	0	1	0	0	0	0	0	0	0	0	0	-0.560753	0.777811	0	0.846973	0	0	0.531635	-1.75948	-1.20723	0	0	0	2.21158	-0.409608	0.607606	0.0835	0.958784	0	0	0.284136	-1.35471	-0.855248	0	0	0	2.40845	-0.190108	0.26021	0.0835	0.962707	0	0	0.270545	-0.498293	-0.316763	0	0	0	2.52538	-0.0125347	0.0427412	0.09142	0.999935	0	0	0.0114038	0.0299412	0.0192789	0	0	0	0.382261	-0.409608	0.607606	-0.0835	0.958784	0	0	0.284136	-1.35471	-0.855248	0	0	0	2.40845	-0.190108	0.26021	-0.0835	0.962707	0	0	0.270545	-0.498293	-0.316763	0	0	0	2.52538	-0.0125347	0.0427412	-0.09142	0.999935	0	0	0.0114038	0.0299412	0.0192789	0	0	0	0.382261	-0.953015	0.884966	0	0.835104	0	0	0.550091	-1.98683	-2.04198	0	0	0	2.10623	0.3	0.0574072	0.3	0.131846	0.3	0.0875767	0.3	0.126544	0.3	0.0567754	0.3	0.0367657	0.3	0.0268484	0.3	0.0759032	0.3	0.0574072	0.3	0.131846	0.3	0.0875767	0.3	0.126544	0.3	0.0567754	0.3	0.0367657	0.3	0.0268484	0.3	0.0759032	0.3	0.0712108	0.3	0.0712108	0.3	0.3	0.588189	0.0806285	0.0114643	0.125678	0.00806285	0.00786934	0.3	0.3	1.19534	0.0373436	0.0233753	0.328913	0.00373436	0.00411899	0.3	0.3	0.558169	0.0512454	0.0076595	0.0763622	0.00512454	0.0080404	0.3	0.3	1.18709	-0.0341308	0.0226286	0.313994	-0.00341308	-0.00363835	0.3	0.3	0.938219	-0.0470773	0.0208668	0.279953	-0.00470773	-0.00357317	0.3	0.3	0.571756	-0.026997	0.0103879	0.11096	-0.0026997	-0.0026808	0.3	0.3	0.720895	-1.44235	0.00993389	0.104932	-0.144235	-0.0735601	0.3	0.3	0.610191	-1.20262	0.00546033	0.0513023	-0.120262	-0.0529155	0.3	0.3	1.11132	1.1967	0.0277751	0.422714	0.11967	0.0817346	0.3	0.3	0.588189	0.0806285	0.0114643	0.125678	0.00806285	0.00786934	0.3	0.3	1.19534	0.0373436	0.0233753	0.328913	0.00373436	0.00411899	0.3	0.3	0.558169	0.0512454	0.0076595	0.0763622	0.00512454	0.0080404	0.3	0.3	1.18709	-0.0341308	0.0226286	0.313994	-0.00341308	-0.00363835	0.3	0.3	0.938219	-0.0470773	0.0208668	0.279953	-0.00470773	-0.00357317	0.3	0.3	0.571756	-0.026997	0.0103879	0.11096	-0.0026997	-0.0026808	0.3	0.3	0.720895	-1.44235	0.00993389	0.104932	-0.144235	-0.0735601	0.3	0.3	0.610191	-1.20262	0.00546033	0.0513023	-0.120262	-0.0529155	0.3	0.3	1.11132	1.1967	0.0277751	0.422714	0.11967	0.0817346	0	0	0	0	0	0	0	0	0	0	0	0	0	0	0	0	0	0	-0.560753	0.777811	0	-1.75948	-1.20723	0	-0.560753	0.777811	0	-1.75948	-1.20723	0	0	0	1.12106	0	0	2.21158	-0.409608	0.607606	0.0835	-1.35471	-0.855248	0	-0.409608	0.607606	0.0835	-1.35471	-0.855248	0	0	0	0.57621	0	0	2.40845	-0.190108	0.26021	0.0835	-0.498293	-0.316763	0	-0.190108	0.26021	0.0835	-0.498293	-0.316763	0	0	0	0.547918	0	0	2.52538	-0.0125347	0.0427412	0.09142	0.0299412	0.0192789	0	-0.0125347	0.0427412	0.09142	0.0299412	0.0192789	0	0	0	0.0228081	0	0	0.382261	-0.409608	0.607606	-0.0835	-1.35471	-0.855248	0	-0.409608	0.607606	-0.0835	-1.35471	-0.855248	0	0	0	0.57621	0	0	2.40845	-0.190108	0.26021	-0.0835	-0.498293	-0.316763	0	-0.190108	0.26021	-0.0835	-0.498293	-0.316763	0	0	0	0.547918	0	0	2.52538	-0.0125347	0.0427412	-0.09142	0.0299412	0.0192789	0	-0.0125347	0.0427412	-0.09142	0.0299412	0.0192789	0	0	0	0.0228081	0	0	0.382261	-0.953015	0.884966	0	-1.98683	-2.04198	0	-0.953015	0.884966	0	-1.98683	-2.04198	0	0	0	1.16495	0	0	2.10623	2.01717	-0.502232	0.750156	0.0835	-0.00100663	0.00108138	0	-0.00211334	-0.00275028	0	0.0192282	-0.100712	0	0	0	-0.54485	0	0	0.196867	1474.86	1016.27	-1068.84	-0	2.20043	0	0	-2.20043	2.35627	-0.287362	0.419579	0.0835	-0.000889957	0.00148225	0	-0.00247025	-0.00368565	0	0.573459	0.355578	0	0	0	-0.0282953	0	0	0.11693	1722.8	898.001	-1470.25	-0	9.02185	0	0	-9.02185	1.61884	-0.064024	0.0535197	0.0835	-0.000654042	0.000993192	0	-0.000365563	-0.00370083	0	0.587821	0.658025	0	0	0	-0.52511	0	0	-2.14312	1183.62	654.749	-986.036	-0	0	0	0	0	2.01717	-0.502232	0.750156	-0.0835	-0.00100663	0.00108138	0	-0.00211334	-0.00275028	0	0.0192282	-0.100712	0	0	0	-0.54485	0	0	0.196867	1474.86	1016.27	-1068.84	-0	2.20043	0	0	-2.20043	2.35627	-0.287362	0.419579	-0.0835	-0.000889957	0.00148225	0	-0.00247025	-0.00368565	0	0.573459	0.355578	0	0	0	-0.0282953	0	0	0.11693	1722.8	898.001	-1470.25	-0	9.02185	0	0	-9.02185	1.61884	-0.064024	0.0535197	-0.0835	-0.000654042	0.000993192	0	-0.000365563	-0.00370083	0	0.587821	0.658025	0	0	0	-0.52511	0	0	-2.14312	1183.62	654.749	-986.036	-0	0	0	0	0	0.0472633	-0.647165	0.786193	0	2.53618e-05	-3.08454e-05	0	-0.000706673	0.000597715	0	0.0413861	0.186397	0	0	0	0.043881	0	0	-0.105354	34.5567	-21.178	27.3067	-0	1.07731	0	0	-1.07731	0.0427412	-0.647952	0.708399	1.99931e-10	-1.57739	-1.37309	0	-117.565	-102.339	0	-4.00543e-08	7.80939e-08	28.6372	-0.0610936	0.157497	0	-44.6688	115.154	0	9.96221	3.86438	-10.9222	-0.094049	-0.00206117	-0.0865118	-0.0610936	0.157497	0	-44.6688	115.154	0	-9.96221	-3.86438	-10.9222	-0.094049	-0.00206117	0.0865118
1.05	1.14342	2.25687	-0.578455	-1.77957	0.765363	-1.27749	-0.542807	0.211514	-0.0271082	0.117932	-0.54621	-2.0477	-0.542807	0.211514	-0.0271082	0.117932	-0.54621	-2.0477	-1	1	0	0	0	0	1	0	0	0	0	0	0	0	0	0	-0.578455	0.765363	0	0.840977	0	0	0.54107	-1.77957	-1.27749	0	0	0	2.25687	-0.423256	0.598774	0.0835	0.955246	0	0	0.295812	-1.37365	-0.90741	0	0	0	2.46838	-0.195152	0.256949	0.0835	0.959168	0	0	0.282838	-0.510412	-0.333481	0	0	0	2.58631	-0.0122654	0.042993	0.09142	0.999907	0	0	0.0136463	0.0234777	0.0329668	0	0	0	0.538609	-0.423256	0.598774	-0.0835	0.955246	0	0	0.295812	-1.37365	-0.90741	0	0	0	2.46838	-0.195152	0.256949	-0.0835	0.959168	0	0	0.282838	-0.510412	-0.333481	0	0	0	2.58631	-0.0122654	0.042993	-0.09142	0.999907	0	0	0.0136463	0.0234777	0.0329668	0	0	0	0.538609	-0.972915	0.864063	0	0.829209	0	0	0.558939	-1.9928	-2.13266	0	0	0	2.14454	0.3	0.0574868	0.3	0.131887	0.3	0.0876596	0.3	0.126505	0.3	0.0567461	0.3	0.0360296	0.3	0.0263281	0.3	0.0767131	0.3	0.0574868	0.3	0.131887	0.3	0.0876596	0.3	0.126505	0.3	0.0567461	0.3	0.0360296	0.3	0.0263281	0.3	0.0767131	0.3	0.0711709	0.3	0.0711709	0.3	0.3	0.589004	0.0814009	0.0115211	0.12647	0.00814009	0.00794473	0.3	0.3	1.19571	0.0340834	0.0233578	0.328558	0.00340834	0.00375939	0.3	0.3	0.558697	0.0539418	0.00770591	0.0769177	0.00539418	0.00846347	0.3	0.3	1.18673	-0.0387728	0.0225911	0.313252	-0.00387728	-0.00413318	0.3	0.3	0.937693	-0.0593667	0.0207693	0.278119	-0.00593667	-0.00450593	0.3	0.3	0.571461	-0.0344679	0.0103401	0.110319	-0.00344679	-0.00342267	0.3	0.3	0.706463	-1.44031	0.00964413	0.101143	-0.144031	-0.073456	0.3	0.3	0.598366	-1.15038	0.00511619	0.0476105	-0.115038	-0.0506167	0.3	0.3	1.12318	1.1624	0.0277417	0.421965	0.11624	0.0793918	0.3	0.3	0.589004	0.0814009	0.0115211	0.12647	0.00814009	0.00794473	0.3	0.3	1.19571	0.0340834	0.0233578	0.328558	0.00340834	0.00375939	0.3	0.3	0.558697	0.0539418	0.00770591	0.0769177	0.00539418	0.00846347	0.3	0.3	1.18673	-0.0387728	0.0225911	0.313252	-0.00387728	-0.00413318	0.3	0.3	0.937693	-0.0593667	0.0207693	0.278119	-0.00593667	-0.00450593	0.3	0.3	0.571461	-0.0344679	0.0103401	0.110319	-0.00344679	-0.00342267	0.3	0.3	0.706463	-1.44031	0.00964413	0.101143	-0.144031	-0.073456	0.3	0.3	0.598366	-1.15038	0.00511619	0.0476105	-0.115038	-0.0506167	0.3	0.3	1.12318	1.1624	0.0277417	0.421965	0.11624	0.0793918	0	0	0	0	0	0	0	0	0	0	0	0	0	0	0	0	0	0	-0.578455	0.765363	0	-1.77957	-1.27749	0	-0.578455	0.765363	0	-1.77957	-1.27749	0	0	0	1.14342	0	0	2.25687	-0.423256	0.598774	0.0835	-1.37365	-0.90741	0	-0.423256	0.598774	0.0835	-1.37365	-0.90741	0	0	0	0.600611	0	0	2.46838	-0.195152	0.256949	0.0835	-0.510412	-0.333481	0	-0.195152	0.256949	0.0835	-0.510412	-0.333481	0	0	0	0.573503	0	0	2.58631	-0.0122654	0.042993	0.09142	0.0234777	0.0329668	0	-0.0122654	0.042993	0.09142	0.0234777	0.0329668	0	0	0	0.0272935	0	0	0.538609	-0.423256	0.598774	-0.0835	-1.37365	-0.90741	0	-0.423256	0.598774	-0.0835	-1.37365	-0.90741	0	0	0	0.600611	0	0	2.46838	-0.195152	0.256949	-0.0835	-0.510412	-0.333481	0	-0.195152	0.256949	-0.0835	-0.510412	-0.333481	0	0	0	0.573503	0	0	2.58631	-0.0122654	0.042993	-0.09142	0.0234777	0.0329668	0	-0.0122654	0.042993	-0.09142	0.0234777	0.0329668	0	0	0	0.0272935	0	0	0.538609	-0.972915	0.864063	0	-1.9928	-2.13266	0	-0.972915	0.864063	0	-1.9928	-2.13266	0	0	0	1.18621	0	0	2.14454	2.01491	-0.519331	0.739022	0.0835	-0.00103047	0.00105631	0	-0.00209677	-0.00283337	0	-0.157257	-0.0768118	0	0	0	-0.542807	0	0	0.211514	1473.21	1040.03	-1043.4	-0	2.85129	0	0	-2.85129	2.34416	-0.296451	0.413778	0.0835	-0.000918388	0.00145257	0	-0.00259763	-0.00333148	0	-0.288651	-0.872593	0	0	0	-0.0270987	0	0	0.117932	1713.94	926.847	-1441.72	-0	9.22267	0	0	-9.22267	1.59298	-0.0638025	0.0535405	0.0835	-0.000660241	0.000964284	0	-0.000363966	-0.00272753	0	-1.65021	-2.27273	0	0	0	-0.546209	0	0	-2.0477	1164.71	660.944	-959.01	-0	0	0	0	0	2.01491	-0.519331	0.739022	-0.0835	-0.00103047	0.00105631	0	-0.00209677	-0.00283337	0	-0.157257	-0.0768118	0	0	0	-0.542807	0	0	0.211514	1473.21	1040.03	-1043.4	-0	2.85129	0	0	-2.85129	2.34416	-0.296451	0.413778	-0.0835	-0.000918388	0.00145257	0	-0.00259763	-0.00333148	0	-0.288651	-0.872593	0	0	0	-0.0270987	0	0	0.117932	1713.94	926.847	-1441.72	-0	9.22267	0	0	-9.22267	1.59298	-0.0638025	0.0535405	-0.0835	-0.000660241	0.000964284	0	-0.000363966	-0.00272753	0	-1.65021	-2.27273	0	0	0	-0.546209	0	0	-2.0477	1164.71	660.944	-959.01	-0	0	0	0	0	0.0418086	-0.665035	0.771816	0	2.41995e-05	-2.67029e-05	0	-0.000782728	0.000543237	0	0.0904541	0.0606141	0	0	0	0.0427916	0	0	-0.112328	30.5685	-19.5654	23.4867	-0	0.296373	0	0	0.296373	0.042993	-0.66379	0.69431	1.99931e-10	-1.58946	-1.44007	0	-118.464	-107.331	0	-3.36901e-08	3.39611e-09	29.3001	-0.0635761	0.161591	0	-46.4838	118.148	0	10.2103	4.01713	-11.54	-0.0968244	-0.00216055	-0.08642	-0.0635761	0.161591	0	-46.4838	118.148	0	-10.2103	-4.01713	-11.54	-0.0968244	-0.00216055	0.08642
1.06	1.16624	2.30622	-0.59636	-1.80071	0.752229	-1.34641	-0.540631	0.22366	-0.0259004	0.12457	-0.565929	-1.92104	-0.540631	0.22366	-0.0259004	0.12457	-0.565929	-1.92104	-1	1	0	0	0	0	1	0	0	0	0	0	0	0	0	0	-0.59636	0.752229	0	0.834748	0	0	0.550633	-1.80071	-1.34641	0	0	0	2.30622	-0.437099	0.589439	0.0835	0.951474	0	0	0.30773	-1.39442	-0.957218	0	0	0	2.52988	-0.20033	0.253546	0.0835	0.955379	0	0	0.295383	-0.524598	-0.345764	0	0	0	2.65445	-0.0120742	0.0434294	0.09142	0.999857	0	0	0.016891	0.0154538	0.0541179	0	0	0	0.733408	-0.437099	0.589439	-0.0835	0.951474	0	0	0.30773	-1.39442	-0.957218	0	0	0	2.52988	-0.20033	0.253546	-0.0835	0.955379	0	0	0.295383	-0.524598	-0.345764	0	0	0	2.65445	-0.0120742	0.0434294	-0.09142	0.999857	0	0	0.016891	0.0154538	0.0541179	0	0	0	0.733408	-0.992873	0.842261	0	0.823105	0	0	0.56789	-1.99863	-2.22403	0	0	0	2.18804	0.3	0.0575671	0.3	0.131924	0.3	0.0877474	0.3	0.126462	0.3	0.0567114	0.3	0.0353029	0.3	0.025843	0.3	0.0774831	0.3	0.0575671	0.3	0.131924	0.3	0.0877474	0.3	0.126462	0.3	0.0567114	0.3	0.0353029	0.3	0.025843	0.3	0.0774831	0.3	0.0711218	0.3	0.0711218	0.3	0.3	0.589826	0.0828257	0.0115807	0.127307	0.00828257	0.00808379	0.3	0.3	1.19605	0.0329999	0.0233556	0.328514	0.00329999	0.00363989	0.3	0.3	0.559257	0.0575951	0.00775742	0.077536	0.00575951	0.00903667	0.3	0.3	1.18632	-0.0424462	0.0225593	0.312625	-0.00424462	-0.00452477	0.3	0.3	0.937046	-0.0706358	0.0206794	0.276428	-0.00706358	-0.00536126	0.3	0.3	0.571112	-0.0369628	0.0103066	0.109872	-0.00369628	-0.00367041	0.3	0.3	0.692213	-1.40445	0.00948103	0.0990288	-0.140445	-0.0716271	0.3	0.3	0.58734	-1.04974	0.0048842	0.0451561	-0.104974	-0.0461885	0.3	0.3	1.13445	1.08943	0.027607	0.418942	0.108943	0.0744082	0.3	0.3	0.589826	0.0828257	0.0115807	0.127307	0.00828257	0.00808379	0.3	0.3	1.19605	0.0329999	0.0233556	0.328514	0.00329999	0.00363989	0.3	0.3	0.559257	0.0575951	0.00775742	0.077536	0.00575951	0.00903667	0.3	0.3	1.18632	-0.0424462	0.0225593	0.312625	-0.00424462	-0.00452477	0.3	0.3	0.937046	-0.0706358	0.0206794	0.276428	-0.00706358	-0.00536126	0.3	0.3	0.571112	-0.0369628	0.0103066	0.109872	-0.00369628	-0.00367041	0.3	0.3	0.692213	-1.40445	0.00948103	0.0990288	-0.140445	-0.0716271	0.3	0.3	0.58734	-1.04974	0.0048842	0.0451561	-0.104974	-0.0461885	0.3	0.3	1.13445	1.08943	0.027607	0.418942	0.108943	0.0744082	0	0	0	0	0	0	0	0	0	0	0	0	0	0	0	0	0	0	-0.59636	0.752229	0	-1.80071	-1.34641	0	-0.59636	0.752229	0	-1.80071	-1.34641	0	0	0	1.16624	0	0	2.30622	-0.437099	0.589439	0.0835	-1.39442	-0.957218	0	-0.437099	0.589439	0.0835	-1.39442	-0.957218	0	0	0	0.625613	0	0	2.52988	-0.20033	0.253546	0.0835	-0.524598	-0.345764	0	-0.20033	0.253546	0.0835	-0.524598	-0.345764	0	0	0	0.599712	0	0	2.65445	-0.0120742	0.0434294	0.09142	0.0154538	0.0541179	0	-0.0120742	0.0434294	0.09142	0.0154538	0.0541179	0	0	0	0.0337836	0	0	0.733408	-0.437099	0.589439	-0.0835	-1.39442	-0.957218	0	-0.437099	0.589439	-0.0835	-1.39442	-0.957218	0	0	0	0.625613	0	0	2.52988	-0.20033	0.253546	-0.0835	-0.524598	-0.345764	0	-0.20033	0.253546	-0.0835	-0.524598	-0.345764	0	0	0	0.599712	0	0	2.65445	-0.0120742	0.0434294	-0.09142	0.0154538	0.0541179	0	-0.0120742	0.0434294	-0.09142	0.0154538	0.0541179	0	0	0	0.0337836	0	0	0.733408	-0.992873	0.842261	0	-1.99863	-2.22403	0	-0.992873	0.842261	0	-1.99863	-2.22403	0	0	0	1.20788	0	0	2.18804	2.01501	-0.53665	0.727242	0.0835	-0.00105485	0.00103021	0	-0.0023365	-0.00279319	0	-0.11145	-0.00491905	0	0	0	-0.540631	0	0	0.22366	1473.28	1065.51	-1017.47	-0	3.16256	0	0	-3.16256	2.33549	-0.305704	0.407666	0.0835	-0.000949085	0.00142354	0	-0.0027442	-0.00307131	0	-1.04093	-0.700542	0	0	0	-0.0259021	0	0	0.12457	1707.6	958.021	-1413.54	-0	9.54156	0	0	-9.54156	1.57359	-0.0636786	0.0536422	0.0835	-0.000668764	0.000940204	0	-0.000567529	-0.00247384	0	-1.27251	-1.26674	0	0	0	-0.565929	0	0	-1.92104	1150.53	669.862	-935.42	-0	0	0	0	0	2.01501	-0.53665	0.727242	-0.0835	-0.00105485	0.00103021	0	-0.0023365	-0.00279319	0	-0.11145	-0.00491905	0	0	0	-0.540631	0	0	0.22366	1473.28	1065.51	-1017.47	-0	3.16256	0	0	-3.16256	2.33549	-0.305704	0.407666	-0.0835	-0.000949085	0.00142354	0	-0.0027442	-0.00307131	0	-1.04093	-0.700542	0	0	0	-0.0259021	0	0	0.12457	1707.6	958.021	-1413.54	-0	9.54156	0	0	-9.54156	1.57359	-0.0636786	0.0536422	-0.0835	-0.000668764	0.000940204	0	-0.000567529	-0.00247384	0	-1.27251	-1.26674	0	0	0	-0.565929	0	0	-1.92104	1150.53	669.862	-935.42	-0	0	0	0	0	0.0416507	-0.683066	0.756706	0	2.27392e-05	-2.39164e-05	0	-0.000340223	0.000270844	0	0.0203748	-0.0846434	0	0	0	0.0416337	0	0	-0.118177	30.453	-20.7249	22.3129	-0	1.38735	0	0	1.38735	0.0434294	-0.679752	0.679566	1.99931e-10	-1.60234	-1.50588	0	-119.425	-112.235	0	-3.71095e-08	-4.9533e-08	30.0204	-0.0670265	0.16674	0	-49.0066	121.913	0	10.5357	4.23515	-11.8755	-0.0965191	-0.00221658	-0.08642	-0.0670265	0.16674	0	-49.0066	121.913	0	-10.5357	-4.23515	-11.8755	-0.0965191	-0.00221658	0.08642
1.07	1.18957	2.35738	-0.614482	-1.82276	0.738405	-1.4153	-0.538305	0.241095	-0.0246227	0.12932	-0.58447	-1.78108	-0.538305	0.241095	-0.0246227	0.12932	-0.58447	-1.78108	-1	1	0	0	0	0	1	0	0	0	0	0	0	0	0	0	-0.614482	0.738405	0	0.828269	0	0	0.560331	-1.82276	-1.4153	0	0	0	2.35738	-0.451155	0.579612	0.0835	0.947448	0	0	0.319908	-1.41577	-1.00595	0	0	0	2.59848	-0.205651	0.250039	0.0835	0.951315	0	0	0.30822	-0.539022	-0.354976	0	0	0	2.7278	-0.0119625	0.0441024	0.09142	0.999778	0	0	0.0210848	0.00710631	0.0798036	0	0	0	0.946717	-0.451155	0.579612	-0.0835	0.947448	0	0	0.319908	-1.41577	-1.00595	0	0	0	2.59848	-0.205651	0.250039	-0.0835	0.951315	0	0	0.30822	-0.539022	-0.354976	0	0	0	2.7278	-0.0119625	0.0441024	-0.09142	0.999778	0	0	0.0210848	0.00710631	0.0798036	0	0	0	0.946717	-1.01289	0.819541	0	0.816773	0	0	0.576959	-2.00481	-2.31592	0	0	0	2.23435	0.3	0.0576488	0.3	0.13196	0.3	0.0878405	0.3	0.126415	0.3	0.0566726	0.3	0.0345998	0.3	0.0254031	0.3	0.0782041	0.3	0.0576488	0.3	0.13196	0.3	0.0878405	0.3	0.126415	0.3	0.0566726	0.3	0.0345998	0.3	0.0254031	0.3	0.0782041	0.3	0.0710641	0.3	0.0710641	0.3	0.3	0.590664	0.0838253	0.0116396	0.128131	0.00838253	0.00818135	0.3	0.3	1.19637	0.0308264	0.0233452	0.328305	0.00308264	0.00340015	0.3	0.3	0.55985	0.0609618	0.00781045	0.0781744	0.00609618	0.00956491	0.3	0.3	1.18588	-0.0469275	0.0225215	0.311879	-0.00469275	-0.00500247	0.3	0.3	0.936285	-0.0826699	0.0205831	0.274625	-0.00826699	-0.00627465	0.3	0.3	0.570721	-0.0432683	0.0102563	0.109201	-0.00432683	-0.00429654	0.3	0.3	0.678427	-1.34628	0.00939349	0.0978988	-0.134628	-0.0686604	0.3	0.3	0.577343	-0.941499	0.00466803	0.0428934	-0.0941499	-0.0414259	0.3	0.3	1.14501	1.01525	0.0274639	0.415746	0.101525	0.0693415	0.3	0.3	0.590664	0.0838253	0.0116396	0.128131	0.00838253	0.00818135	0.3	0.3	1.19637	0.0308264	0.0233452	0.328305	0.00308264	0.00340015	0.3	0.3	0.55985	0.0609618	0.00781045	0.0781744	0.00609618	0.00956491	0.3	0.3	1.18588	-0.0469275	0.0225215	0.311879	-0.00469275	-0.00500247	0.3	0.3	0.936285	-0.0826699	0.0205831	0.274625	-0.00826699	-0.00627465	0.3	0.3	0.570721	-0.0432683	0.0102563	0.109201	-0.00432683	-0.00429654	0.3	0.3	0.678427	-1.34628	0.00939349	0.0978988	-0.134628	-0.0686604	0.3	0.3	0.577343	-0.941499	0.00466803	0.0428934	-0.0941499	-0.0414259	0.3	0.3	1.14501	1.01525	0.0274639	0.415746	0.101525	0.0693415	0	0	0	0	0	0	0	0	0	0	0	0	0	0	0	0	0	0	-0.614482	0.738405	0	-1.82276	-1.4153	0	-0.614482	0.738405	0	-1.82276	-1.4153	0	0	0	1.18957	0	0	2.35738	-0.451155	0.579612	0.0835	-1.41577	-1.00595	0	-0.451155	0.579612	0.0835	-1.41577	-1.00595	0	0	0	0.651266	0	0	2.59848	-0.205651	0.250039	0.0835	-0.539022	-0.354976	0	-0.205651	0.250039	0.0835	-0.539022	-0.354976	0	0	0	0.626643	0	0	2.7278	-0.0119625	0.0441024	0.09142	0.00710631	0.0798036	0	-0.0119625	0.0441024	0.09142	0.00710631	0.0798036	0	0	0	0.0421727	0	0	0.946717	-0.451155	0.579612	-0.0835	-1.41577	-1.00595	0	-0.451155	0.579612	-0.0835	-1.41577	-1.00595	0	0	0	0.651266	0	0	2.59848	-0.205651	0.250039	-0.0835	-0.539022	-0.354976	0	-0.205651	0.250039	-0.0835	-0.539022	-0.354976	0	0	0	0.626643	0	0	2.7278	-0.0119625	0.0441024	-0.09142	0.00710631	0.0798036	0	-0.0119625	0.0441024	-0.09142	0.00710631	0.0798036	0	0	0	0.0421727	0	0	0.946717	-1.01289	0.819541	0	-2.00481	-2.31592	0	-1.01289	0.819541	0	-2.00481	-2.31592	0	0	0	1.23	0	0	2.23435	2.01476	-0.554207	0.714816	0.0835	-0.00108054	0.00100371	0	-0.00231016	-0.00306726	0	0.198572	0.0691094	0	0	0	-0.538305	0	0	0.241095	1473.09	1091.08	-989.728	-0	3.5167	0	0	-3.5167	2.3286	-0.315137	0.401266	0.0835	-0.000981927	0.0013963	0	-0.00282377	-0.00367355	0	1.28992	0.342787	0	0	0	-0.0246281	0	0	0.12932	1702.56	991.122	-1384.34	-0	9.83792	0	0	-9.83792	1.55295	-0.0636508	0.0538819	0.0835	-0.00067842	0.000915945	0	-0.000705872	-0.00335177	0	1.23599	2.11052	0	0	0	-0.58447	0	0	-1.78108	1135.44	679.785	-909.463	-0	0	0	0	0	2.01476	-0.554207	0.714816	-0.0835	-0.00108054	0.00100371	0	-0.00231016	-0.00306726	0	0.198572	0.0691094	0	0	0	-0.538305	0	0	0.241095	1473.09	1091.08	-989.728	-0	3.5167	0	0	-3.5167	2.3286	-0.315137	0.401266	-0.0835	-0.000981927	0.0013963	0	-0.00282377	-0.00367355	0	1.28992	0.342787	0	0	0	-0.0246281	0	0	0.12932	1702.56	991.122	-1384.34	-0	9.83792	0	0	-9.83792	1.55295	-0.0636508	0.0538819	-0.0835	-0.00067842	0.000915945	0	-0.000705872	-0.00335177	0	1.23599	2.11052	0	0	0	-0.58447	0	0	-1.78108	1135.44	679.785	-909.463	-0	0	0	0	0	0.0405691	-0.701268	0.740859	0	2.41995e-05	-2.19345e-05	0	-0.000409722	0.000302553	0	0.00902772	-0.0865574	0	0	0	0.040425	0	0	-0.123039	29.6622	-21.7738	20.1433	-0	2.23441	0	0	2.23441	0.0441024	-0.695844	0.664165	1.99931e-10	-1.61571	-1.57119	0	-120.421	-117.103	0	-4.938e-08	2.35599e-08	30.7917	-0.0695787	0.166749	0	-50.8727	121.919	0	10.5362	4.39642	-11.8489	-0.0962545	-0.00223398	-0.08642	-0.0695787	0.166749	0	-50.8727	121.919	0	-10.5362	-4.39642	-11.8489	-0.0962545	-0.00223398	0.08642
1.08	1.21341	2.4064	-0.632828	-1.8451	0.723879	-1.48564	-0.535776	0.265138	-0.023335	0.128644	-0.60143	-1.60913	-0.535776	0.265138	-0.023335	0.128644	-0.60143	-1.60913	-1	1	0	0	0	0	1	0	0	0	0	0	0	0	0	0	-0.632828	0.723879	0	0.821531	0	0	0.570163	-1.8451	-1.48564	0	0	0	2.4064	-0.465428	0.56929	0.0835	0.943149	0	0	0.332371	-1.43754	-1.05533	0	0	0	2.67154	-0.211125	0.246448	0.0835	0.946962	0	0	0.321345	-0.555053	-0.362716	0	0	0	2.80019	-0.0119486	0.045058	0.09142	0.999651	0	0	0.0264308	-0.00420294	0.110194	0	0	0	1.19106	-0.465428	0.56929	-0.0835	0.943149	0	0	0.332371	-1.43754	-1.05533	0	0	0	2.67154	-0.211125	0.246448	-0.0835	0.946962	0	0	0.321345	-0.555053	-0.362716	0	0	0	2.80019	-0.0119486	0.045058	-0.09142	0.999651	0	0	0.0264308	-0.00420294	0.110194	0	0	0	1.19106	-1.03297	0.795888	0	0.810204	0	0	0.586149	-2.0105	-2.40871	0	0	0	2.28065	0.3	0.0577334	0.3	0.131995	0.3	0.087942	0.3	0.126363	0.3	0.0566314	0.3	0.0339328	0.3	0.0250138	0.3	0.0788721	0.3	0.0577334	0.3	0.131995	0.3	0.087942	0.3	0.126363	0.3	0.0566314	0.3	0.0339328	0.3	0.0250138	0.3	0.0788721	0.3	0.070998	0.3	0.070998	0.3	0.3	0.59153	0.0896908	0.0117205	0.129268	0.00896908	0.00875382	0.3	0.3	1.19669	0.0322055	0.023361	0.328622	0.00322055	0.00355226	0.3	0.3	0.560497	0.0688083	0.00788094	0.0790244	0.00688083	0.010796	0.3	0.3	1.1854	-0.0498953	0.0224932	0.311322	-0.00498953	-0.00531884	0.3	0.3	0.935416	-0.0918121	0.0205084	0.273228	-0.00918121	-0.00696854	0.3	0.3	0.570306	-0.0410518	0.0102352	0.10892	-0.00410518	-0.00407645	0.3	0.3	0.665348	-1.25933	0.0094105	0.0981184	-0.125933	-0.0642257	0.3	0.3	0.568496	-0.816926	0.00449654	0.041117	-0.0816926	-0.0359447	0.3	0.3	1.15479	0.932485	0.027287	0.411809	0.0932485	0.0636887	0.3	0.3	0.59153	0.0896908	0.0117205	0.129268	0.00896908	0.00875382	0.3	0.3	1.19669	0.0322055	0.023361	0.328622	0.00322055	0.00355226	0.3	0.3	0.560497	0.0688083	0.00788094	0.0790244	0.00688083	0.010796	0.3	0.3	1.1854	-0.0498953	0.0224932	0.311322	-0.00498953	-0.00531884	0.3	0.3	0.935416	-0.0918121	0.0205084	0.273228	-0.00918121	-0.00696854	0.3	0.3	0.570306	-0.0410518	0.0102352	0.10892	-0.00410518	-0.00407645	0.3	0.3	0.665348	-1.25933	0.0094105	0.0981184	-0.125933	-0.0642257	0.3	0.3	0.568496	-0.816926	0.00449654	0.041117	-0.0816926	-0.0359447	0.3	0.3	1.15479	0.932485	0.027287	0.411809	0.0932485	0.0636887	0	0	0	0	0	0	0	0	0	0	0	0	0	0	0	0	0	0	-0.632828	0.723879	0	-1.8451	-1.48564	0	-0.632828	0.723879	0	-1.8451	-1.48564	0	0	0	1.21341	0	0	2.4064	-0.465428	0.56929	0.0835	-1.43754	-1.05533	0	-0.465428	0.56929	0.0835	-1.43754	-1.05533	0	0	0	0.677633	0	0	2.67154	-0.211125	0.246448	0.0835	-0.555053	-0.362716	0	-0.211125	0.246448	0.0835	-0.555053	-0.362716	0	0	0	0.654298	0	0	2.80019	-0.0119486	0.045058	0.09142	-0.00420294	0.110194	0	-0.0119486	0.045058	0.09142	-0.00420294	0.110194	0	0	0	0.0528678	0	0	1.19106	-0.465428	0.56929	-0.0835	-1.43754	-1.05533	0	-0.465428	0.56929	-0.0835	-1.43754	-1.05533	0	0	0	0.677633	0	0	2.67154	-0.211125	0.246448	-0.0835	-0.555053	-0.362716	0	-0.211125	0.246448	-0.0835	-0.555053	-0.362716	0	0	0	0.654298	0	0	2.80019	-0.0119486	0.045058	-0.09142	-0.00420294	0.110194	0	-0.0119486	0.045058	-0.09142	-0.00420294	0.110194	0	0	0	0.0528678	0	0	1.19106	-1.03297	0.795888	0	-2.0105	-2.40871	0	-1.03297	0.795888	0	-2.0105	-2.40871	0	0	0	1.25259	0	0	2.28065	2.00967	-0.572009	0.70173	0.0835	-0.00110483	0.000974387	0	-0.00190878	-0.00344002	0	0.0150032	0.0149193	0	0	0	-0.535776	0	0	0.265138	1469.38	1113.53	-958.703	-0	3.80943	0	0	-3.80943	2.32001	-0.324751	0.394589	0.0835	-0.00101393	0.00136662	0	-0.00270808	-0.00409651	0	0.413113	0.495782	0	0	0	-0.0233357	0	0	0.128644	1696.28	1022.75	-1353.28	-0	10.026	0	0	-10.026	1.5309	-0.0637385	0.0542842	0.0835	-0.000686944	0.000889242	0	-0.000721797	-0.00340666	0	0.687487	0.751704	0	0	0	-0.60143	0	0	-1.60913	1119.33	688.339	-882.654	-0	0	0	0	0	2.00967	-0.572009	0.70173	-0.0835	-0.00110483	0.000974387	0	-0.00190878	-0.00344002	0	0.0150032	0.0149193	0	0	0	-0.535776	0	0	0.265138	1469.38	1113.53	-958.703	-0	3.80943	0	0	-3.80943	2.32001	-0.324751	0.394589	-0.0835	-0.00101393	0.00136662	0	-0.00270808	-0.00409651	0	0.413113	0.495782	0	0	0	-0.0233357	0	0	0.128644	1696.28	1022.75	-1353.28	-0	10.026	0	0	-10.026	1.5309	-0.0637385	0.0542842	-0.0835	-0.000686944	0.000889242	0	-0.000721797	-0.00340666	0	0.687487	0.751704	0	0	0	-0.60143	0	0	-1.60913	1119.33	688.339	-882.654	-0	0	0	0	0	0.0314496	-0.71965	0.724267	0	2.3067e-05	-1.87457e-05	0	-0.00108576	0.000485539	0	-0.107669	0.0868788	0	0	0	0.039185	0	0	-0.125757	22.9944	-16.6389	15.8711	-0	2.64621	0	0	2.64621	0.045058	-0.712074	0.648104	1.99931e-10	-1.62926	-1.63701	0	-121.431	-122.008	0	-3.60453e-08	1.10261e-08	31.5862	-0.0686029	0.161205	0	-50.1592	117.865	0	10.1859	4.33476	-11.4301	-0.0960373	-0.00220633	-0.08642	-0.0686029	0.161205	0	-50.1592	117.865	0	-10.1859	-4.33476	-11.4301	-0.0960373	-0.00220633	0.08642
1.09	1.2377	2.45006	-0.651396	-1.86754	0.708638	-1.55935	-0.532949	0.29991	-0.0220756	0.122405	-0.616344	-1.3793	-0.532949	0.29991	-0.0220756	0.122405	-0.616344	-1.3793	-1	1	0	0	0	0	1	0	0	0	0	0	0	0	0	0	-0.651396	0.708638	0	0.814545	0	0	0.5801	-1.86754	-1.55935	0	0	0	2.45006	-0.479922	0.558468	0.0835	0.938555	0	0	0.34513	-1.46035	-1.10704	0	0	0	2.74997	-0.216771	0.242785	0.0835	0.942307	0	0	0.33475	-0.573457	-0.370068	0	0	0	2.87238	-0.0120661	0.0463445	0.09142	0.99945	0	0	0.0331617	-0.0188434	0.14518	0	0	0	1.49307	-0.479922	0.558468	-0.0835	0.938555	0	0	0.34513	-1.46035	-1.10704	0	0	0	2.74997	-0.216771	0.242785	-0.0835	0.942307	0	0	0.33475	-0.573457	-0.370068	0	0	0	2.87238	-0.0120661	0.0463445	-0.09142	0.99945	0	0	0.0331617	-0.0188434	0.14518	0	0	0	1.49307	-1.0531	0.771308	0	0.8034	0	0	0.595439	-2.01403	-2.50298	0	0	0	2.3226	0.3	0.0578247	0.3	0.132031	0.3	0.0880568	0.3	0.126309	0.3	0.0565915	0.3	0.033317	0.3	0.0246819	0.3	0.0794787	0.3	0.0578247	0.3	0.132031	0.3	0.0880568	0.3	0.126309	0.3	0.0565915	0.3	0.033317	0.3	0.0246819	0.3	0.0794787	0.3	0.0709257	0.3	0.0709257	0.3	0.3	0.592466	0.0964285	0.0118091	0.130521	0.00964285	0.00941143	0.3	0.3	1.19702	0.0310981	0.0233584	0.328572	0.00310981	0.00343012	0.3	0.3	0.561229	0.0777159	0.00796073	0.0799898	0.00777159	0.0121936	0.3	0.3	1.18488	-0.0544539	0.0224538	0.310545	-0.00544539	-0.00580479	0.3	0.3	0.934463	-0.0998432	0.0204417	0.271982	-0.00998432	-0.0075781	0.3	0.3	0.569904	-0.0407153	0.010208	0.10856	-0.00407153	-0.00404302	0.3	0.3	0.653275	-1.14546	0.00952995	0.0996609	-0.114546	-0.0584185	0.3	0.3	0.560952	-0.680995	0.00437206	0.0398358	-0.0680995	-0.0299638	0.3	0.3	1.16367	0.833686	0.027043	0.406404	0.0833686	0.0569408	0.3	0.3	0.592466	0.0964285	0.0118091	0.130521	0.00964285	0.00941143	0.3	0.3	1.19702	0.0310981	0.0233584	0.328572	0.00310981	0.00343012	0.3	0.3	0.561229	0.0777159	0.00796073	0.0799898	0.00777159	0.0121936	0.3	0.3	1.18488	-0.0544539	0.0224538	0.310545	-0.00544539	-0.00580479	0.3	0.3	0.934463	-0.0998432	0.0204417	0.271982	-0.00998432	-0.0075781	0.3	0.3	0.569904	-0.0407153	0.010208	0.10856	-0.00407153	-0.00404302	0.3	0.3	0.653275	-1.14546	0.00952995	0.0996609	-0.114546	-0.0584185	0.3	0.3	0.560952	-0.680995	0.00437206	0.0398358	-0.0680995	-0.0299638	0.3	0.3	1.16367	0.833686	0.027043	0.406404	0.0833686	0.0569408	0	0	0	0	0	0	0	0	0	0	0	0	0	0	0	0	0	0	-0.651396	0.708638	0	-1.86754	-1.55935	0	-0.651396	0.708638	0	-1.86754	-1.55935	0	0	0	1.2377	0	0	2.45006	-0.479922	0.558468	0.0835	-1.46035	-1.10704	0	-0.479922	0.558468	0.0835	-1.46035	-1.10704	0	0	0	0.704755	0	0	2.74997	-0.216771	0.242785	0.0835	-0.573457	-0.370068	0	-0.216771	0.242785	0.0835	-0.573457	-0.370068	0	0	0	0.682679	0	0	2.87238	-0.0120661	0.0463445	0.09142	-0.0188434	0.14518	0	-0.0120661	0.0463445	0.09142	-0.0188434	0.14518	0	0	0	0.0663355	0	0	1.49307	-0.479922	0.558468	-0.0835	-1.46035	-1.10704	0	-0.479922	0.558468	-0.0835	-1.46035	-1.10704	0	0	0	0.704755	0	0	2.74997	-0.216771	0.242785	-0.0835	-0.573457	-0.370068	0	-0.216771	0.242785	-0.0835	-0.573457	-0.370068	0	0	0	0.682679	0	0	2.87238	-0.0120661	0.0463445	-0.09142	-0.0188434	0.14518	0	-0.0120661	0.0463445	-0.09142	-0.0188434	0.14518	0	0	0	0.0663355	0	0	1.49307	-1.0531	0.771308	0	-2.01403	-2.50298	0	-1.0531	0.771308	0	-2.01403	-2.50298	0	0	0	1.27562	0	0	2.3226	2.00455	-0.590056	0.687969	0.0835	-0.00112715	0.000942737	0	-0.00189054	-0.0035975	0	0.00683212	0.00701571	0	0	0	-0.532949	0	0	0.29991	1465.63	1135.77	-926.335	-0	3.92193	0	0	-3.92193	2.31396	-0.334556	0.387643	0.0835	-0.00104696	0.0013352	0	-0.00262678	-0.00398481	0	-0.845335	-0.443642	0	0	0	-0.0220756	0	0	0.122405	1691.86	1055.51	-1322.23	-0	10.0899	0	0	-10.0899	1.50747	-0.0639756	0.0548723	0.0835	-0.000695944	0.000860214	0	-0.000345465	-0.00314182	0	-0.939934	-1.40593	0	0	0	-0.616344	0	0	-1.3793	1102.19	696.612	-854.139	-0	0	0	0	0	2.00455	-0.590056	0.687969	-0.0835	-0.00112715	0.000942737	0	-0.00189054	-0.0035975	0	0.00683212	0.00701571	0	0	0	-0.532949	0	0	0.29991	1465.63	1135.77	-926.335	-0	3.92193	0	0	-3.92193	2.31396	-0.334556	0.387643	-0.0835	-0.00104696	0.0013352	0	-0.00262678	-0.00398481	0	-0.845335	-0.443642	0	0	0	-0.0220756	0	0	0.122405	1691.86	1055.51	-1322.23	-0	10.0899	0	0	-10.0899	1.50747	-0.0639756	0.0548723	-0.0835	-0.000695944	0.000860214	0	-0.000345465	-0.00314182	0	-0.939934	-1.40593	0	0	0	-0.616344	0	0	-1.3793	1102.19	696.612	-854.139	-0	0	0	0	0	0.0202276	-0.738209	0.706921	0	1.62423e-05	-1.40071e-05	0	-0.00112224	0.000465393	0	-0.0572575	-0.0999293	0	0	0	0.0379234	0	0	-0.127461	14.7895	-9.5982	11.2518	-0	2.85245	0	0	2.85245	0.0463445	-0.728436	0.631382	1.99931e-10	-1.64244	-1.70443	0	-122.414	-127.033	0	-2.23169e-09	1.22984e-07	32.3803	-0.0656081	0.150418	0	-47.9696	109.979	0	9.50434	4.14553	-10.6474	-0.0958849	-0.00212848	-0.08642	-0.0656081	0.150418	0	-47.9696	109.979	0	-9.50434	-4.14553	-10.6474	-0.0958849	-0.00212848	0.08642
1.1	1.26238	2.48079	-0.670186	-1.88927	0.692636	-1.63782	-0.529684	0.354446	-0.0208887	0.11333	-0.628941	-1.14579	-0.529684	0.354446	-0.0208887	0.11333	-0.628941	-1.14579	-1	1	0	0	0	0	1	0	0	0	0	0	0	0	0	0	-0.670186	0.692636	0	0.807326	0	0	0.590105	-1.88927	-1.63782	0	0	0	2.48079	-0.494645	0.547107	0.0835	0.933642	0	0	0.358207	-1.48297	-1.16301	0	0	0	2.83524	-0.222608	0.23904	0.0835	0.937332	0	0	0.348437	-0.592794	-0.378879	0	0	0	2.94857	-0.0123442	0.0479773	0.09142	0.999142	0	0	0.0414207	-0.0363408	0.17962	0	0	0	1.80278	-0.494645	0.547107	-0.0835	0.933642	0	0	0.358207	-1.48297	-1.16301	0	0	0	2.83524	-0.222608	0.23904	-0.0835	0.937332	0	0	0.348437	-0.592794	-0.378879	0	0	0	2.94857	-0.0123442	0.0479773	-0.09142	0.999142	0	0	0.0414207	-0.0363408	0.17962	0	0	0	1.80278	-1.07325	0.745776	0	0.796372	0	0	0.604807	-2.01559	-2.59841	0	0	0	2.35796	0.3	0.0579228	0.3	0.132065	0.3	0.0881887	0.3	0.126247	0.3	0.0565525	0.3	0.0327651	0.3	0.0244107	0.3	0.0800141	0.3	0.0579228	0.3	0.132065	0.3	0.0881887	0.3	0.126247	0.3	0.0565525	0.3	0.0327651	0.3	0.0244107	0.3	0.0800141	0.3	0.0708472	0.3	0.0708472	0.3	0.3	0.593471	0.105531	0.0119122	0.13198	0.0105531	0.0102998	0.3	0.3	1.19732	0.0297588	0.0233539	0.328481	0.00297588	0.0032824	0.3	0.3	0.562069	0.0920973	0.00806483	0.081256	0.00920973	0.0144501	0.3	0.3	1.18431	-0.0615036	0.0223965	0.309419	-0.00615036	-0.00655628	0.3	0.3	0.933428	-0.107547	0.0203768	0.270777	-0.0107547	-0.00816284	0.3	0.3	0.569512	-0.0373795	0.0101924	0.108352	-0.00373795	-0.00371179	0.3	0.3	0.642452	-1.00862	0.00974429	0.102447	-0.100862	-0.0514397	0.3	0.3	0.554788	-0.545088	0.00428544	0.0389504	-0.0545088	-0.0239839	0.3	0.3	1.17151	0.727458	0.0267455	0.399858	0.0727458	0.0496854	0.3	0.3	0.593471	0.105531	0.0119122	0.13198	0.0105531	0.0102998	0.3	0.3	1.19732	0.0297588	0.0233539	0.328481	0.00297588	0.0032824	0.3	0.3	0.562069	0.0920973	0.00806483	0.081256	0.00920973	0.0144501	0.3	0.3	1.18431	-0.0615036	0.0223965	0.309419	-0.00615036	-0.00655628	0.3	0.3	0.933428	-0.107547	0.0203768	0.270777	-0.0107547	-0.00816284	0.3	0.3	0.569512	-0.0373795	0.0101924	0.108352	-0.00373795	-0.00371179	0.3	0.3	0.642452	-1.00862	0.00974429	0.102447	-0.100862	-0.0514397	0.3	0.3	0.554788	-0.545088	0.00428544	0.0389504	-0.0545088	-0.0239839	0.3	0.3	1.17151	0.727458	0.0267455	0.399858	0.0727458	0.0496854	0	0	0	0	0	0	0	0	0	0	0	0	0	0	0	0	0	0	-0.670186	0.692636	0	-1.88927	-1.63782	0	-0.670186	0.692636	0	-1.88927	-1.63782	0	0	0	1.26238	0	0	2.48079	-0.494645	0.547107	0.0835	-1.48297	-1.16301	0	-0.494645	0.547107	0.0835	-1.48297	-1.16301	0	0	0	0.732694	0	0	2.83524	-0.222608	0.23904	0.0835	-0.592794	-0.378879	0	-0.222608	0.23904	0.0835	-0.592794	-0.378879	0	0	0	0.711806	0	0	2.94857	-0.0123442	0.0479773	0.09142	-0.0363408	0.17962	0	-0.0123442	0.0479773	0.09142	-0.0363408	0.17962	0	0	0	0.0828651	0	0	1.80278	-0.494645	0.547107	-0.0835	-1.48297	-1.16301	0	-0.494645	0.547107	-0.0835	-1.48297	-1.16301	0	0	0	0.732694	0	0	2.83524	-0.222608	0.23904	-0.0835	-0.592794	-0.378879	0	-0.222608	0.23904	-0.0835	-0.592794	-0.378879	0	0	0	0.711806	0	0	2.94857	-0.0123442	0.0479773	-0.09142	-0.0363408	0.17962	0	-0.0123442	0.0479773	-0.09142	-0.0363408	0.17962	0	0	0	0.0828651	0	0	1.80278	-1.07325	0.745776	0	-2.01559	-2.59841	0	-1.07325	0.745776	0	-2.01559	-2.59841	0	0	0	1.29905	0	0	2.35796	1.99729	-0.608354	0.67348	0.0835	-0.00114882	0.000908583	0	-0.00177181	-0.00382578	0	0.0461943	0.124162	0	0	0	-0.529685	0	0	0.354446	1460.32	1156.9	-891.14	-0	3.57003	0	0	-3.57003	2.30928	-0.34456	0.380406	0.0835	-0.00108105	0.001302	0	-0.00298047	-0.00404763	0	0.723269	0.465685	0	0	0	-0.0208766	0	0	0.11333	1688.43	1090.75	-1288.82	-0	10.0759	0	0	-10.0759	1.48073	-0.0643876	0.0556459	0.0835	-0.00070405	0.000829101	0	-0.000565343	-0.00392165	0	0.895415	1.58921	0	0	0	-0.62894	0	0	-1.14579	1082.64	705.143	-821.517	-0	0	0	0	0	1.99729	-0.608354	0.67348	-0.0835	-0.00114882	0.000908583	0	-0.00177181	-0.00382578	0	0.0461943	0.124162	0	0	0	-0.529685	0	0	0.354446	1460.32	1156.9	-891.14	-0	3.57003	0	0	-3.57003	2.30928	-0.34456	0.380406	-0.0835	-0.00108105	0.001302	0	-0.00298047	-0.00404763	0	0.723269	0.465685	0	0	0	-0.0208766	0	0	0.11333	1688.43	1090.75	-1288.82	-0	10.0759	0	0	-10.0759	1.48073	-0.0643876	0.0556459	-0.0835	-0.00070405	0.000829101	0	-0.000565343	-0.00392165	0	0.895415	1.58921	0	0	0	-0.62894	0	0	-1.14579	1082.64	705.143	-821.517	-0	0	0	0	0	0.00959116	-0.756938	0.688781	0	9.16421e-06	-9.89437e-06	0	-0.00147128	0.000489235	0	0.000666142	-0.0648375	0	0	0	0.0366574	0	0	-0.122832	7.0126	-0.453672	6.99791	-0	1.99219	0	0	1.99219	0.0479773	-0.744926	0.613971	1.99931e-10	-1.65475	-1.77435	0	-123.331	-132.245	0	-8.11159e-08	-7.51446e-08	33.15	-0.0592975	0.135419	0	-43.3556	99.0123	0	8.55664	3.74679	-9.57332	-0.095811	-0.00200331	-0.08642	-0.0592975	0.135419	0	-43.3556	99.0123	0	-8.55664	-3.74679	-9.57332	-0.095811	-0.00200331	0.08642
1.11	1.28724	2.4856	-0.689191	-1.91051	0.675815	-1.72349	-0.525678	0.452549	-0.0198952	0.0835509	-0.639077	-0.896626	-0.525678	0.452549	-0.0198952	0.0835509	-0.639077	-0.896626	-1	1	0	0	0	0	1	0	0	0	0	0	0	0	0	0	-0.689191	0.675815	0	0.799927	0	0	0.600097	-1.91051	-1.72349	0	0	0	2.4856	-0.509591	0.535156	0.0835	0.928374	0	0	0.371648	-1.50491	-1.22502	0	0	0	2.93815	-0.228636	0.235194	0.0835	0.932025	0	0	0.362394	-0.611646	-0.38995	0	0	0	3.0217	-0.0128102	0.0499541	0.09142	0.998685	0	0	0.0512747	-0.0559938	0.2133	0	0	0	2.12508	-0.509591	0.535156	-0.0835	0.928374	0	0	0.371648	-1.50491	-1.22502	0	0	0	2.93815	-0.228636	0.235194	-0.0835	0.932025	0	0	0.362394	-0.611646	-0.38995	0	0	0	3.0217	-0.0128102	0.0499541	-0.09142	0.998685	0	0	0.0512747	-0.0559938	0.2133	0	0	0	2.12508	-1.0934	0.719286	0	0.789147	0	0	0.614205	-2.01465	-2.6946	0	0	0	2.38007	0.3	0.0580308	0.3	0.132095	0.3	0.0883489	0.3	0.126176	0.3	0.0565178	0.3	0.0322866	0.3	0.0241983	0.3	0.0804748	0.3	0.0580308	0.3	0.132095	0.3	0.0883489	0.3	0.126176	0.3	0.0565178	0.3	0.0322866	0.3	0.0241983	0.3	0.0804748	0.3	0.0707625	0.3	0.0707625	0.3	0.3	0.594578	0.11675	0.0120303	0.13366	0.011675	0.0113948	0.3	0.3	1.1976	0.0239774	0.023316	0.327714	0.00239774	0.00264471	0.3	0.3	0.56309	0.115723	0.00820978	0.0830271	0.0115723	0.0181569	0.3	0.3	1.18364	-0.0752746	0.0222927	0.307381	-0.00752746	-0.00802427	0.3	0.3	0.932312	-0.116611	0.0203015	0.269376	-0.0116611	-0.00885076	0.3	0.3	0.569162	-0.0318227	0.0101877	0.108289	-0.00318227	-0.00315999	0.3	0.3	0.633071	-0.858521	0.0100256	0.106141	-0.0858521	-0.0437846	0.3	0.3	0.549962	-0.414899	0.00423681	0.0384546	-0.0414899	-0.0182556	0.3	0.3	1.17825	0.615545	0.026388	0.392051	0.0615545	0.0420417	0.3	0.3	0.594578	0.11675	0.0120303	0.13366	0.011675	0.0113948	0.3	0.3	1.1976	0.0239774	0.023316	0.327714	0.00239774	0.00264471	0.3	0.3	0.56309	0.115723	0.00820978	0.0830271	0.0115723	0.0181569	0.3	0.3	1.18364	-0.0752746	0.0222927	0.307381	-0.00752746	-0.00802427	0.3	0.3	0.932312	-0.116611	0.0203015	0.269376	-0.0116611	-0.00885076	0.3	0.3	0.569162	-0.0318227	0.0101877	0.108289	-0.00318227	-0.00315999	0.3	0.3	0.633071	-0.858521	0.0100256	0.106141	-0.0858521	-0.0437846	0.3	0.3	0.549962	-0.414899	0.00423681	0.0384546	-0.0414899	-0.0182556	0.3	0.3	1.17825	0.615545	0.026388	0.392051	0.0615545	0.0420417	0	0	0	0	0	0	0	0	0	0	0	0	0	0	0	0	0	0	-0.689191	0.675815	0	-1.91051	-1.72349	0	-0.689191	0.675815	0	-1.91051	-1.72349	0	0	0	1.28724	0	0	2.4856	-0.509591	0.535156	0.0835	-1.50491	-1.22502	0	-0.509591	0.535156	0.0835	-1.50491	-1.22502	0	0	0	0.761566	0	0	2.93815	-0.228636	0.235194	0.0835	-0.611646	-0.38995	0	-0.228636	0.235194	0.0835	-0.611646	-0.38995	0	0	0	0.741671	0	0	3.0217	-0.0128102	0.0499541	0.09142	-0.0559938	0.2133	0	-0.0128102	0.0499541	0.09142	-0.0559938	0.2133	0	0	0	0.102594	0	0	2.12508	-0.509591	0.535156	-0.0835	-1.50491	-1.22502	0	-0.509591	0.535156	-0.0835	-1.50491	-1.22502	0	0	0	0.761566	0	0	2.93815	-0.228636	0.235194	-0.0835	-0.611646	-0.38995	0	-0.228636	0.235194	-0.0835	-0.611646	-0.38995	0	0	0	0.741671	0	0	3.0217	-0.0128102	0.0499541	-0.09142	-0.0559938	0.2133	0	-0.0128102	0.0499541	-0.09142	-0.0559938	0.2133	0	0	0	0.102594	0	0	2.12508	-1.0934	0.719286	0	-2.01465	-2.6946	0	-1.0934	0.719286	0	-2.01465	-2.6946	0	0	0	1.32276	0	0	2.38007	1.99143	-0.626901	0.658195	0.0835	-0.00117022	0.000872731	0	-0.00187266	-0.00394535	0	0.0528538	0.0487766	0	0	0	-0.525679	0	0	0.452549	1456.04	1178.76	-854.743	-0	1.84526	0	0	-1.84526	2.30672	-0.354756	0.372855	0.0835	-0.00111735	0.00126755	0	-0.00330031	-0.00423783	0	1.03447	0.514977	0	0	0	-0.0198942	0	0	0.0835509	1686.56	1128.1	-1253.75	-0	9.56808	0	0	-9.56808	1.45386	-0.0649947	0.0565946	0.0835	-0.000712752	0.00079596	0	-0.00053791	-0.00427564	0	1.20843	2.76084	0	0	0	-0.639076	0	0	-0.896626	1063	713.792	-787.693	-0	0	0	0	0	1.99143	-0.626901	0.658195	-0.0835	-0.00117022	0.000872731	0	-0.00187266	-0.00394535	0	0.0528538	0.0487766	0	0	0	-0.525679	0	0	0.452549	1456.04	1178.76	-854.743	-0	1.84526	0	0	-1.84526	2.30672	-0.354756	0.372855	-0.0835	-0.00111735	0.00126755	0	-0.00330031	-0.00423783	0	1.03447	0.514977	0	0	0	-0.0198942	0	0	0.0835509	1686.56	1128.1	-1253.75	-0	9.56808	0	0	-9.56808	1.45386	-0.0649947	0.0565946	-0.0835	-0.000712752	0.00079596	0	-0.00053791	-0.00427564	0	1.20843	2.76084	0	0	0	-0.639076	0	0	-0.896626	1063	713.792	-787.693	-0	0	0	0	0	0.0131257	-0.775828	0.669806	0	1.13249e-06	-7.48038e-06	0	-0.0012964	7.76052e-05	0	0.0945878	-0.137074	0	0	0	0.0355076	0	0	-0.105533	9.59689	6.5427	7.02093	-0	0.842981	0	0	-0.842981	0.0499541	-0.761533	0.595846	1.99931e-10	-1.66568	-1.84752	0	-124.146	-137.698	0	9.49523e-09	-1.92717e-08	33.8738	-0.051657	0.117378	0	-37.7692	85.8215	0	7.41669	3.26401	-8.29337	-0.0958271	-0.00183606	-0.08642	-0.051657	0.117378	0	-37.7692	85.8215	0	-7.41669	-3.26401	-8.29337	-0.0958271	-0.00183606	0.08642
1.12	1.31196	2.4651	-0.708406	-1.93113	0.658087	-1.81926	-0.520343	0.597975	-0.0193605	0.0345428	-0.646907	-0.687459	-0.520343	0.597975	-0.0193605	0.0345428	-0.646907	-0.687459	-1	1	0	0	0	0	1	0	0	0	0	0	0	0	0	0	-0.708406	0.658087	0	0.79245	0	0	0.609937	-1.93113	-1.81926	0	0	0	2.4651	-0.524746	0.522546	0.0835	0.922685	0	0	0.385555	-1.52495	-1.29546	0	0	0	3.06308	-0.234834	0.231228	0.0835	0.926374	0	0	0.376605	-0.627367	-0.403629	0	0	0	3.09762	-0.0134705	0.0522518	0.09142	0.998037	0	0	0.0626345	-0.0747787	0.244214	0	0	0	2.41016	-0.524746	0.522546	-0.0835	0.922685	0	0	0.385555	-1.52495	-1.29546	0	0	0	3.06308	-0.234834	0.231228	-0.0835	0.926374	0	0	0.376605	-0.627367	-0.403629	0	0	0	3.09762	-0.0134705	0.0522518	-0.09142	0.998037	0	0	0.0626345	-0.0747787	0.244214	0	0	0	2.41016	-1.11353	0.691842	0	0.781776	0	0	0.623559	-2.01219	-2.79026	0	0	0	2.37927	0.3	0.0581526	0.3	0.132117	0.3	0.0885601	0.3	0.126084	0.3	0.0564935	0.3	0.0318857	0.3	0.0240399	0.3	0.0808599	0.3	0.0581526	0.3	0.132117	0.3	0.0885601	0.3	0.126084	0.3	0.0564935	0.3	0.0318857	0.3	0.0240399	0.3	0.0808599	0.3	0.0706702	0.3	0.0706702	0.3	0.3	0.595825	0.134614	0.0121847	0.135866	0.0134614	0.0131383	0.3	0.3	1.19779	0.013322	0.0232396	0.326177	0.0013322	0.00146942	0.3	0.3	0.564436	0.155105	0.00842492	0.0856748	0.0155105	0.024336	0.3	0.3	1.18277	-0.0992028	0.0221183	0.303969	-0.00992028	-0.010575	0.3	0.3	0.931096	-0.127334	0.0202134	0.267741	-0.0127334	-0.00966462	0.3	0.3	0.568917	-0.0165868	0.0102251	0.108787	-0.00165868	-0.00164707	0.3	0.3	0.62521	-0.708882	0.0103303	0.110187	-0.0708882	-0.036153	0.3	0.3	0.546361	-0.304149	0.00420782	0.0381599	-0.0304149	-0.0133825	0.3	0.3	1.18389	0.509183	0.0260054	0.383769	0.0509183	0.0347772	0.3	0.3	0.595825	0.134614	0.0121847	0.135866	0.0134614	0.0131383	0.3	0.3	1.19779	0.013322	0.0232396	0.326177	0.0013322	0.00146942	0.3	0.3	0.564436	0.155105	0.00842492	0.0856748	0.0155105	0.024336	0.3	0.3	1.18277	-0.0992028	0.0221183	0.303969	-0.00992028	-0.010575	0.3	0.3	0.931096	-0.127334	0.0202134	0.267741	-0.0127334	-0.00966462	0.3	0.3	0.568917	-0.0165868	0.0102251	0.108787	-0.00165868	-0.00164707	0.3	0.3	0.62521	-0.708882	0.0103303	0.110187	-0.0708882	-0.036153	0.3	0.3	0.546361	-0.304149	0.00420782	0.0381599	-0.0304149	-0.0133825	0.3	0.3	1.18389	0.509183	0.0260054	0.383769	0.0509183	0.0347772	0	0	0	0	0	0	0	0	0	0	0	0	0	0	0	0	0	0	-0.708406	0.658087	0	-1.93113	-1.81926	0	-0.708406	0.658087	0	-1.93113	-1.81926	0	0	0	1.31196	0	0	2.4651	-0.524746	0.522546	0.0835	-1.52495	-1.29546	0	-0.524746	0.522546	0.0835	-1.52495	-1.29546	0	0	0	0.791618	0	0	3.06308	-0.234834	0.231228	0.0835	-0.627367	-0.403629	0	-0.234834	0.231228	0.0835	-0.627367	-0.403629	0	0	0	0.772258	0	0	3.09762	-0.0134705	0.0522518	0.09142	-0.0747787	0.244214	0	-0.0134705	0.0522518	0.09142	-0.0747787	0.244214	0	0	0	0.125351	0	0	2.41016	-0.524746	0.522546	-0.0835	-1.52495	-1.29546	0	-0.524746	0.522546	-0.0835	-1.52495	-1.29546	0	0	0	0.791618	0	0	3.06308	-0.234834	0.231228	-0.0835	-0.627367	-0.403629	0	-0.234834	0.231228	-0.0835	-0.627367	-0.403629	0	0	0	0.772258	0	0	3.09762	-0.0134705	0.0522518	-0.09142	-0.0747787	0.244214	0	-0.0134705	0.0522518	-0.09142	-0.0747787	0.244214	0	0	0	0.125351	0	0	2.41016	-1.11353	0.691842	0	-2.01219	-2.79026	0	-1.11353	0.691842	0	-2.01219	-2.79026	0	0	0	1.34657	0	0	2.37927	1.98226	-0.6457	0.642004	0.0835	-0.00119147	0.000834793	0	-0.00143993	-0.00419891	0	0.0243626	-0.0334129	0	0	0	-0.520342	0	0	0.597975	1449.33	1198.03	-815.649	-0	0	0	0	0	2.306	-0.365105	0.364968	0.0835	-0.00115627	0.00123119	0	-0.00313377	-0.00423527	0	-0.24959	-0.349405	0	0	0	-0.0193474	0	0	0.0345428	1686.04	1166.47	-1217.4	-0	8.55151	0	0	-8.55151	1.42668	-0.0657926	0.0577031	0.0835	-0.000721812	0.000760257	0	-0.000418887	-0.00412534	0	-0.154225	0.0638607	0	0	0	-0.646907	0	0	-0.687459	1043.12	722.622	-752.28	-0	0	0	0	0	1.98226	-0.6457	0.642004	-0.0835	-0.00119147	0.000834793	0	-0.00143993	-0.00419891	0	0.0243626	-0.0334129	0	0	0	-0.520342	0	0	0.597975	1449.33	1198.03	-815.649	-0	0	0	0	0	2.306	-0.365105	0.364968	-0.0835	-0.00115627	0.00123119	0	-0.00313377	-0.00423527	0	-0.24959	-0.349405	0	0	0	-0.0193474	0	0	0.0345428	1686.04	1166.47	-1217.4	-0	8.55151	0	0	-8.55151	1.42668	-0.0657926	0.0577031	-0.0835	-0.000721812	0.000760257	0	-0.000418887	-0.00412534	0	-0.154225	0.0638607	0	0	0	-0.646907	0	0	-0.687459	1043.12	722.622	-752.28	-0	0	0	0	0	0.0201783	-0.794875	0.649939	0	-4.94719e-06	-8.07643e-06	0	-0.00143063	0.000327826	0	-0.157914	0.0326681	0	0	0	0.0346099	0	0	-0.0858338	14.7534	13.4171	6.13558	-0	3.89867	0	0	-3.89867	0.0522518	-0.778239	0.576973	1.99931e-10	-1.67501	-1.9245	0	-124.841	-143.436	0	-3.77257e-08	-4.48999e-08	34.5232	-0.0432882	0.0967279	0	-31.6503	70.7229	0	6.11187	2.73522	-6.83587	-0.0959282	-0.00162876	-0.08642	-0.0432882	0.0967279	0	-31.6503	70.7229	0	-6.11187	-2.73522	-6.83587	-0.0959282	-0.00162876	0.08642
1.13	1.33655	2.45244	-0.727807	-1.94759	0.639365	-1.92055	-0.513754	0.712854	-0.0190969	0.0204573	-0.652623	-0.462721	-0.513754	0.712854	-0.0190969	0.0204573	-0.652623	-0.462721	-1	1	0	0	0	0	1	0	0	0	0	0	0	0	0	0	-0.727807	0.639365	0	0.784891	0	0	0.619634	-1.94759	-1.92055	0	0	0	2.45244	-0.540101	0.509189	0.0835	0.916562	0	0	0.399893	-1.54503	-1.37278	0	0	0	3.16529	-0.241214	0.227086	0.0835	0.920338	0	0	0.391123	-0.64847	-0.424642	0	0	0	3.18575	-0.0143396	0.0548448	0.09142	0.997148	0	0	0.0754678	-0.0994459	0.27239	0	0	0	2.72303	-0.540101	0.509189	-0.0835	0.916562	0	0	0.399893	-1.54503	-1.37278	0	0	0	3.16529	-0.241214	0.227086	-0.0835	0.920338	0	0	0.391123	-0.64847	-0.424642	0	0	0	3.18575	-0.0143396	0.0548448	-0.09142	0.997148	0	0	0.0754678	-0.0994459	0.27239	0	0	0	2.72303	-1.13363	0.663428	0	0.774324	0	0	0.63279	-2.0058	-2.88744	0	0	0	2.36562	0.3	0.058295	0.3	0.132127	0.3	0.0888281	0.3	0.125966	0.3	0.0564813	0.3	0.0315592	0.3	0.0239263	0.3	0.0811756	0.3	0.058295	0.3	0.132127	0.3	0.0888281	0.3	0.125966	0.3	0.0564813	0.3	0.0315592	0.3	0.0239263	0.3	0.0811756	0.3	0.0705693	0.3	0.0705693	0.3	0.3	0.597285	0.159594	0.0123812	0.138691	0.0159594	0.0155763	0.3	0.3	1.19789	0.00737404	0.0231963	0.325308	0.000737404	0.000813356	0.3	0.3	0.566144	0.187567	0.00864515	0.0884121	0.0187567	0.0294293	0.3	0.3	1.18167	-0.122828	0.0219427	0.30055	-0.0122828	-0.0130935	0.3	0.3	0.929766	-0.139767	0.0201119	0.265864	-0.0139767	-0.0106083	0.3	0.3	0.568795	-0.00817267	0.0102467	0.109074	-0.000817267	-0.000811546	0.3	0.3	0.618809	-0.562951	0.0106543	0.114546	-0.0562951	-0.0287105	0.3	0.3	0.54378	-0.205659	0.00421019	0.0381841	-0.0205659	-0.00904898	0.3	0.3	1.18852	0.40974	0.0256031	0.375146	0.040974	0.0279853	0.3	0.3	0.597285	0.159594	0.0123812	0.138691	0.0159594	0.0155763	0.3	0.3	1.19789	0.00737404	0.0231963	0.325308	0.000737404	0.000813356	0.3	0.3	0.566144	0.187567	0.00864515	0.0884121	0.0187567	0.0294293	0.3	0.3	1.18167	-0.122828	0.0219427	0.30055	-0.0122828	-0.0130935	0.3	0.3	0.929766	-0.139767	0.0201119	0.265864	-0.0139767	-0.0106083	0.3	0.3	0.568795	-0.00817267	0.0102467	0.109074	-0.000817267	-0.000811546	0.3	0.3	0.618809	-0.562951	0.0106543	0.114546	-0.0562951	-0.0287105	0.3	0.3	0.54378	-0.205659	0.00421019	0.0381841	-0.0205659	-0.00904898	0.3	0.3	1.18852	0.40974	0.0256031	0.375146	0.040974	0.0279853	0	0	0	0	0	0	0	0	0	0	0	0	0	0	0	0	0	0	-0.727807	0.639365	0	-1.94759	-1.92055	0	-0.727807	0.639365	0	-1.94759	-1.92055	0	0	0	1.33655	0	0	2.45244	-0.540101	0.509189	0.0835	-1.54503	-1.37278	0	-0.540101	0.509189	0.0835	-1.54503	-1.37278	0	0	0	0.8228	0	0	3.16529	-0.241214	0.227086	0.0835	-0.64847	-0.424642	0	-0.241214	0.227086	0.0835	-0.64847	-0.424642	0	0	0	0.803703	0	0	3.18575	-0.0143396	0.0548448	0.09142	-0.0994459	0.27239	0	-0.0143396	0.0548448	0.09142	-0.0994459	0.27239	0	0	0	0.151079	0	0	2.72303	-0.540101	0.509189	-0.0835	-1.54503	-1.37278	0	-0.540101	0.509189	-0.0835	-1.54503	-1.37278	0	0	0	0.8228	0	0	3.16529	-0.241214	0.227086	-0.0835	-0.64847	-0.424642	0	-0.241214	0.227086	-0.0835	-0.64847	-0.424642	0	0	0	0.803703	0	0	3.18575	-0.0143396	0.0548448	-0.09142	-0.0994459	0.27239	0	-0.0143396	0.0548448	-0.09142	-0.0994459	0.27239	0	0	0	0.151079	0	0	2.72303	-1.13363	0.663428	0	-2.0058	-2.88744	0	-1.13363	0.663428	0	-2.0058	-2.88744	0	0	0	1.3703	0	0	2.36562	1.96831	-0.66472	0.624818	0.0835	-0.00120771	0.000795007	0	-0.00106359	-0.00436223	0	-0.175037	-0.204687	0	0	0	-0.513754	0	0	0.712854	1439.13	1212.56	-775.118	-0	0	0	0	0	2.30427	-0.375625	0.356664	0.0835	-0.00119364	0.00119424	0	-0.00281048	-0.00445783	0	-1.53788	-1.39846	0	0	0	-0.0190993	0	0	0.0204573	1684.77	1202.79	-1179.72	-0	8.2695	0	0	-8.2695	1.39893	-0.0667846	0.0589483	0.0835	-0.000729859	0.00072372	0	-9.99495e-05	-0.00378995	0	-1.84267	-3.13548	0	0	0	-0.652624	0	0	-0.462721	1022.84	730.052	-716.391	-0	0	0	0	0	1.96831	-0.66472	0.624818	-0.0835	-0.00120771	0.000795007	0	-0.00106359	-0.00436223	0	-0.175037	-0.204687	0	0	0	-0.513754	0	0	0.712854	1439.13	1212.56	-775.118	-0	0	0	0	0	2.30427	-0.375625	0.356664	-0.0835	-0.00119364	0.00119424	0	-0.00281048	-0.00445783	0	-1.53788	-1.39846	0	0	0	-0.0190993	0	0	0.0204573	1684.77	1202.79	-1179.72	-0	8.2695	0	0	-8.2695	1.39893	-0.0667846	0.0589483	-0.0835	-0.000729859	0.00072372	0	-9.99495e-05	-0.00378995	0	-1.84267	-3.13548	0	0	0	-0.652624	0	0	-0.462721	1022.84	730.052	-716.391	-0	0	0	0	0	0.0424333	-0.814063	0.629098	0	-1.82092e-05	-3.30806e-06	0	-0.00216472	0.000569582	0	-0.0454248	0.0717354	0	0	0	0.0337378	0	0	-0.0868139	31.0253	31.0252	-0.0640836	-0	3.65208	0	0	-3.65208	0.0548448	-0.795031	0.557304	1.99931e-10	-1.68261	-2.00559	0	-125.407	-149.48	0	5.10161e-08	-3.84245e-08	35.0737	-0.0330702	0.0756294	0	-24.1794	55.2967	0	4.77874	2.08958	-5.34835	-0.0961138	-0.00138867	-0.08642	-0.0330702	0.0756294	0	-24.1794	55.2967	0	-4.77874	-2.08958	-5.34835	-0.0961138	-0.00138867	0.08642
1.14	1.36098	2.43319	-0.747352	-1.96013	0.619608	-2.02714	-0.50604	0.82408	-0.0189026	0.019299	-0.656137	-0.2611	-0.50604	0.82408	-0.0189026	0.019299	-0.656137	-0.2611	-1	1	0	0	0	0	1	0	0	0	0	0	0	0	0	0	-0.747352	0.619608	0	0.777264	0	0	0.629174	-1.96013	-2.02714	0	0	0	2.43319	-0.555654	0.49503	0.0835	0.910017	0	0	0.41457	-1.56445	-1.45644	0	0	0	3.25727	-0.247831	0.222704	0.0835	0.913895	0	0	0.405951	-0.674169	-0.451776	0	0	0	3.27657	-0.0155007	0.0576912	0.09142	0.995957	0	0	0.0898295	-0.132121	0.294136	0	0	0	3.01547	-0.555654	0.49503	-0.0835	0.910017	0	0	0.41457	-1.56445	-1.45644	0	0	0	3.25727	-0.247831	0.222704	-0.0835	0.913895	0	0	0.405951	-0.674169	-0.451776	0	0	0	3.27657	-0.0155007	0.0576912	-0.09142	0.995957	0	0	0.0898295	-0.132121	0.294136	0	0	0	3.01547	-1.15363	0.63404	0	0.76682	0	0	0.641862	-1.99463	-2.98637	0	0	0	2.34345	0.3	0.0584636	0.3	0.132134	0.3	0.0891443	0.3	0.125823	0.3	0.0564743	0.3	0.0313075	0.3	0.0238554	0.3	0.0814235	0.3	0.0584636	0.3	0.132134	0.3	0.0891443	0.3	0.125823	0.3	0.0564743	0.3	0.0313075	0.3	0.0238554	0.3	0.0814235	0.3	0.0704574	0.3	0.0704574	0.3	0.3	0.599012	0.186566	0.0126016	0.141885	0.0186566	0.0182089	0.3	0.3	1.19795	0.00466038	0.0231766	0.324915	0.000466038	0.00051404	0.3	0.3	0.56816	0.216687	0.0088778	0.0913294	0.0216687	0.0339982	0.3	0.3	1.18033	-0.147772	0.0217551	0.296917	-0.0147772	-0.0157525	0.3	0.3	0.928293	-0.156983	0.0199746	0.263333	-0.0156983	-0.011915	0.3	0.3	0.568724	-0.0068858	0.0102463	0.109067	-0.00068858	-0.00068376	0.3	0.3	0.613872	-0.420383	0.0110122	0.119421	-0.0420383	-0.0214395	0.3	0.3	0.542169	-0.116083	0.00425485	0.0386392	-0.0116083	-0.00510766	0.3	0.3	1.19215	0.312735	0.0251581	0.365704	0.0312735	0.0213598	0.3	0.3	0.599012	0.186566	0.0126016	0.141885	0.0186566	0.0182089	0.3	0.3	1.19795	0.00466038	0.0231766	0.324915	0.000466038	0.00051404	0.3	0.3	0.56816	0.216687	0.0088778	0.0913294	0.0216687	0.0339982	0.3	0.3	1.18033	-0.147772	0.0217551	0.296917	-0.0147772	-0.0157525	0.3	0.3	0.928293	-0.156983	0.0199746	0.263333	-0.0156983	-0.011915	0.3	0.3	0.568724	-0.0068858	0.0102463	0.109067	-0.00068858	-0.00068376	0.3	0.3	0.613872	-0.420383	0.0110122	0.119421	-0.0420383	-0.0214395	0.3	0.3	0.542169	-0.116083	0.00425485	0.0386392	-0.0116083	-0.00510766	0.3	0.3	1.19215	0.312735	0.0251581	0.365704	0.0312735	0.0213598	0	0	0	0	0	0	0	0	0	0	0	0	0	0	0	0	0	0	-0.747352	0.619608	0	-1.96013	-2.02714	0	-0.747352	0.619608	0	-1.96013	-2.02714	0	0	0	1.36098	0	0	2.43319	-0.555654	0.49503	0.0835	-1.56445	-1.45644	0	-0.555654	0.49503	0.0835	-1.56445	-1.45644	0	0	0	0.854941	0	0	3.25727	-0.247831	0.222704	0.0835	-0.674169	-0.451776	0	-0.247831	0.222704	0.0835	-0.674169	-0.451776	0	0	0	0.836038	0	0	3.27657	-0.0155007	0.0576912	0.09142	-0.132121	0.294136	0	-0.0155007	0.0576912	0.09142	-0.132121	0.294136	0	0	0	0.179902	0	0	3.01547	-0.555654	0.49503	-0.0835	-1.56445	-1.45644	0	-0.555654	0.49503	-0.0835	-1.56445	-1.45644	0	0	0	0.854941	0	0	3.25727	-0.247831	0.222704	-0.0835	-0.674169	-0.451776	0	-0.247831	0.222704	-0.0835	-0.674169	-0.451776	0	0	0	0.836038	0	0	3.27657	-0.0155007	0.0576912	-0.09142	-0.132121	0.294136	0	-0.0155007	0.0576912	-0.09142	-0.132121	0.294136	0	0	0	0.179902	0	0	3.01547	-1.15363	0.63404	0	-1.99463	-2.98637	0	-1.15363	0.63404	0	-1.99463	-2.98637	0	0	0	1.39385	0	0	2.34345	1.95747	-0.683924	0.606595	0.0835	-0.00122333	0.00075382	0	-0.00121403	-0.00442171	0	-0.0445672	-0.0902758	0	0	0	-0.50604	0	0	0.82408	1431.21	1228.86	-733.66	-0	0	0	0	0	2.30441	-0.386361	0.347869	0.0835	-0.00123131	0.00115502	0	-0.00293267	-0.00468385	0	-0.483903	-0.35044	0	0	0	-0.0188985	0	0	0.019299	1684.88	1240.86	-1139.77	-0	8.26707	0	0	-8.26707	1.37262	-0.0680421	0.0602816	0.0835	-0.000737846	0.000687659	0	-0.000205204	-0.00403406	0	-0.603123	-0.560314	0	0	0	-0.656137	0	0	-0.2611	1003.6	738.243	-679.858	-0	0	0	0	0	1.95747	-0.683924	0.606595	-0.0835	-0.00122333	0.00075382	0	-0.00121403	-0.00442171	0	-0.0445672	-0.0902758	0	0	0	-0.50604	0	0	0.82408	1431.21	1228.86	-733.66	-0	0	0	0	0	2.30441	-0.386361	0.347869	-0.0835	-0.00123131	0.00115502	0	-0.00293267	-0.00468385	0	-0.483903	-0.35044	0	0	0	-0.0188985	0	0	0.019299	1684.88	1240.86	-1139.77	-0	8.26707	0	0	-8.26707	1.37262	-0.0680421	0.0602816	-0.0835	-0.000737846	0.000687659	0	-0.000205204	-0.00403406	0	-0.603123	-0.560314	0	0	0	-0.656137	0	0	-0.2611	1003.6	738.243	-679.858	-0	0	0	0	0	0.0608289	-0.833346	0.607243	0	-3.35723e-05	2.29478e-06	0	-0.00178897	0.000499964	0	-0.0290721	0.019845	0	0	0	0.032857	0	0	-0.0897439	44.4752	44.1637	-5.25475	-0	3.12221	0	0	-3.12221	0.0576912	-0.811887	0.536807	1.99931e-10	-1.68796	-2.09073	0	-125.806	-155.825	0	-6.51451e-08	3.32109e-08	35.5357	-0.0209875	0.0560772	0	-15.3451	41.001	0	3.54331	1.32612	-3.9718	-0.0964449	-0.00113797	-0.08642	-0.0209875	0.0560772	0	-15.3451	41.001	0	-3.54331	-1.32612	-3.9718	-0.0964449	-0.00113797	0.08642
1.15	1.38519	2.40882	-0.766999	-1.96819	0.598757	-2.13823	-0.497223	0.933887	-0.0186999	0.021807	-0.6581	-0.147397	-0.497223	0.933887	-0.0186999	0.021807	-0.6581	-0.147397	-1	1	0	0	0	0	1	0	0	0	0	0	0	0	0	0	-0.766999	0.598757	0	0.769592	0	0	0.638536	-1.96819	-2.13823	0	0	0	2.40882	-0.57139	0.480002	0.0835	0.903048	0	0	0.42954	-1.5814	-1.54549	0	0	0	3.34271	-0.254719	0.218018	0.0835	0.907025	0	0	0.421078	-0.702543	-0.484588	0	0	0	3.36452	-0.0170223	0.0607007	0.09142	0.994431	0	0	0.105387	-0.17172	0.305619	0	0	0	3.21712	-0.57139	0.480002	-0.0835	0.903048	0	0	0.42954	-1.5814	-1.54549	0	0	0	3.34271	-0.254719	0.218018	-0.0835	0.907025	0	0	0.421078	-0.702543	-0.484588	0	0	0	3.36452	-0.0170223	0.0607007	-0.09142	0.994431	0	0	0.105387	-0.17172	0.305619	0	0	0	3.21712	-1.1735	0.60365	0	0.759294	0	0	0.650748	-1.98004	-3.08668	0	0	0	2.31491	0.3	0.0586588	0.3	0.132139	0.3	0.0895064	0.3	0.125652	0.3	0.0564667	0.3	0.0311241	0.3	0.0238176	0.3	0.0816094	0.3	0.0586588	0.3	0.132139	0.3	0.0895064	0.3	0.125652	0.3	0.0564667	0.3	0.0311241	0.3	0.0238176	0.3	0.0816094	0.3	0.0703303	0.3	0.0703303	0.3	0.3	0.601012	0.216107	0.0128482	0.145489	0.0216107	0.0210921	0.3	0.3	1.19799	0.00447305	0.0231761	0.324901	0.000447305	0.000493377	0.3	0.3	0.570468	0.246582	0.00913363	0.094571	0.0246582	0.0386887	0.3	0.3	1.17872	-0.173723	0.0215576	0.293108	-0.0173723	-0.0185189	0.3	0.3	0.926618	-0.179451	0.0197981	0.260096	-0.0179451	-0.0136203	0.3	0.3	0.568647	-0.00685125	0.0102409	0.108996	-0.000685125	-0.000680329	0.3	0.3	0.610277	-0.295751	0.0113497	0.124081	-0.0295751	-0.0150833	0.3	0.3	0.54131	-0.0574057	0.00429535	0.0390515	-0.00574057	-0.00252585	0.3	0.3	1.19487	0.230951	0.0247407	0.35694	0.0230951	0.015774	0.3	0.3	0.601012	0.216107	0.0128482	0.145489	0.0216107	0.0210921	0.3	0.3	1.19799	0.00447305	0.0231761	0.324901	0.000447305	0.000493377	0.3	0.3	0.570468	0.246582	0.00913363	0.094571	0.0246582	0.0386887	0.3	0.3	1.17872	-0.173723	0.0215576	0.293108	-0.0173723	-0.0185189	0.3	0.3	0.926618	-0.179451	0.0197981	0.260096	-0.0179451	-0.0136203	0.3	0.3	0.568647	-0.00685125	0.0102409	0.108996	-0.000685125	-0.000680329	0.3	0.3	0.610277	-0.295751	0.0113497	0.124081	-0.0295751	-0.0150833	0.3	0.3	0.54131	-0.0574057	0.00429535	0.0390515	-0.00574057	-0.00252585	0.3	0.3	1.19487	0.230951	0.0247407	0.35694	0.0230951	0.015774	0	0	0	0	0	0	0	0	0	0	0	0	0	0	0	0	0	0	-0.766999	0.598757	0	-1.96819	-2.13823	0	-0.766999	0.598757	0	-1.96819	-2.13823	0	0	0	1.38519	0	0	2.40882	-0.57139	0.480002	0.0835	-1.5814	-1.54549	0	-0.57139	0.480002	0.0835	-1.5814	-1.54549	0	0	0	0.887966	0	0	3.34271	-0.254719	0.218018	0.0835	-0.702543	-0.484588	0	-0.254719	0.218018	0.0835	-0.702543	-0.484588	0	0	0	0.869266	0	0	3.36452	-0.0170223	0.0607007	0.09142	-0.17172	0.305619	0	-0.0170223	0.0607007	0.09142	-0.17172	0.305619	0	0	0	0.211167	0	0	3.21712	-0.57139	0.480002	-0.0835	-1.5814	-1.54549	0	-0.57139	0.480002	-0.0835	-1.5814	-1.54549	0	0	0	0.887966	0	0	3.34271	-0.254719	0.218018	-0.0835	-0.702543	-0.484588	0	-0.254719	0.218018	-0.0835	-0.702543	-0.484588	0	0	0	0.869266	0	0	3.36452	-0.0170223	0.0607007	-0.09142	-0.17172	0.305619	0	-0.0170223	0.0607007	-0.09142	-0.17172	0.305619	0	0	0	0.211167	0	0	3.21712	-1.1735	0.60365	0	-1.98004	-3.08668	0	-1.1735	0.60365	0	-1.98004	-3.08668	0	0	0	1.41714	0	0	2.31491	1.94758	-0.703274	0.58727	0.0835	-0.00123984	0.000711888	0	-0.001158	-0.0045948	0	0.113526	0.271239	0	0	0	-0.497223	0	0	0.933887	1423.98	1245.12	-690.939	-0	0	0	0	0	2.30608	-0.397331	0.338512	0.0835	-0.00126916	0.00111413	0	-0.00323069	-0.00499183	0	1.49391	1.78801	0	0	0	-0.0186828	0	0	0.021807	1686.09	1279.68	-1097.88	-0	8.34804	0	0	-8.34804	1.34883	-0.069619	0.0616474	0.0835	-0.000746369	0.000651717	0	-0.000527442	-0.00428468	0	1.79835	3.25064	0	0	0	-0.658099	0	0	-0.147397	986.202	747.389	-643.432	-0	0	0	0	0	1.94758	-0.703274	0.58727	-0.0835	-0.00123984	0.000711888	0	-0.001158	-0.0045948	0	0.113526	0.271239	0	0	0	-0.497223	0	0	0.933887	1423.98	1245.12	-690.939	-0	0	0	0	0	2.30608	-0.397331	0.338512	-0.0835	-0.00126916	0.00111413	0	-0.00323069	-0.00499183	0	1.49391	1.78801	0	0	0	-0.0186828	0	0	0.021807	1686.09	1279.68	-1097.88	-0	8.34804	0	0	-8.34804	1.34883	-0.069619	0.0616474	-0.0835	-0.000746369	0.000651717	0	-0.000527442	-0.00428468	0	1.79835	3.25064	0	0	0	-0.658099	0	0	-0.147397	986.202	747.389	-643.432	-0	0	0	0	0	0.0793901	-0.852682	0.58432	0	-4.59105e-05	7.21216e-06	0	-0.00189698	0.000506401	0	0.0135316	-0.0413408	0	0	0	0.0319445	0	0	-0.093909	58.0463	57.1413	-10.2102	-0	2.4344	0	0	-2.4344	0.0607007	-0.828784	0.515437	1.99931e-10	-1.69092	-2.17947	0	-126.026	-162.439	0	8.67408e-09	1.35533e-08	35.922	-0.00873111	0.0389609	0	-6.38378	28.4863	0	2.46179	0.551686	-2.76858	-0.0969901	-0.000891089	-0.08642	-0.00873111	0.0389609	0	-6.38378	28.4863	0	-2.46179	-0.551686	-2.76858	-0.0969901	-0.000891089	0.08642
1.16	1.40914	2.38276	-0.786706	-1.9722	0.576767	-2.25268	-0.487318	1.03875	-0.0185083	0.0191224	-0.659105	-0.0802004	-0.487318	1.03875	-0.0185083	0.0191224	-0.659105	-0.0802004	-1	1	0	0	0	0	1	0	0	0	0	0	0	0	0	0	-0.786706	0.576767	0	0.761891	0	0	0.647706	-1.9722	-2.25268	0	0	0	2.38276	-0.587286	0.464055	0.0835	0.895648	0	0	0.444763	-1.59636	-1.6385	0	0	0	3.42151	-0.261909	0.212971	0.0835	0.899726	0	0	0.436456	-0.734238	-0.523335	0	0	0	3.44063	-0.018984	0.0637742	0.09142	0.992555	0	0	0.1218	-0.219221	0.306896	0	0	0	3.36043	-0.587286	0.464055	-0.0835	0.895648	0	0	0.444763	-1.59636	-1.6385	0	0	0	3.42151	-0.261909	0.212971	-0.0835	0.899726	0	0	0.436456	-0.734238	-0.523335	0	0	0	3.44063	-0.018984	0.0637742	-0.09142	0.992555	0	0	0.1218	-0.219221	0.306896	0	0	0	3.36043	-1.19321	0.572244	0	0.751769	0	0	0.659426	-1.962	-3.18824	0	0	0	2.28165	0.3	0.0588825	0.3	0.132142	0.3	0.0899147	0.3	0.125453	0.3	0.0564579	0.3	0.0309973	0.3	0.0237998	0.3	0.0817453	0.3	0.0588825	0.3	0.132142	0.3	0.0899147	0.3	0.125453	0.3	0.0564579	0.3	0.0309973	0.3	0.0237998	0.3	0.0817453	0.3	0.0701844	0.3	0.0701844	0.3	0.3	0.603305	0.244547	0.0131074	0.14931	0.0244547	0.0238678	0.3	0.3	1.19802	0.00159865	0.0231546	0.32447	0.000159865	0.000176331	0.3	0.3	0.57307	0.275463	0.00940731	0.0980769	0.0275463	0.0432201	0.3	0.3	1.17686	-0.201455	0.0213449	0.289029	-0.0201455	-0.0214751	0.3	0.3	0.924696	-0.207199	0.019583	0.256169	-0.0207199	-0.0157264	0.3	0.3	0.568559	-0.00967039	0.0102244	0.108777	-0.000967039	-0.00096027	0.3	0.3	0.60779	-0.199798	0.011619	0.127842	-0.0199798	-0.0101897	0.3	0.3	0.540905	-0.0255769	0.00432085	0.0393121	-0.00255769	-0.00112538	0.3	0.3	1.19686	0.165561	0.0243756	0.349349	0.0165561	0.0113078	0.3	0.3	0.603305	0.244547	0.0131074	0.14931	0.0244547	0.0238678	0.3	0.3	1.19802	0.00159865	0.0231546	0.32447	0.000159865	0.000176331	0.3	0.3	0.57307	0.275463	0.00940731	0.0980769	0.0275463	0.0432201	0.3	0.3	1.17686	-0.201455	0.0213449	0.289029	-0.0201455	-0.0214751	0.3	0.3	0.924696	-0.207199	0.019583	0.256169	-0.0207199	-0.0157264	0.3	0.3	0.568559	-0.00967039	0.0102244	0.108777	-0.000967039	-0.00096027	0.3	0.3	0.60779	-0.199798	0.011619	0.127842	-0.0199798	-0.0101897	0.3	0.3	0.540905	-0.0255769	0.00432085	0.0393121	-0.00255769	-0.00112538	0.3	0.3	1.19686	0.165561	0.0243756	0.349349	0.0165561	0.0113078	0	0	0	0	0	0	0	0	0	0	0	0	0	0	0	0	0	0	-0.786706	0.576767	0	-1.9722	-2.25268	0	-0.786706	0.576767	0	-1.9722	-2.25268	0	0	0	1.40914	0	0	2.38276	-0.587286	0.464055	0.0835	-1.59636	-1.6385	0	-0.587286	0.464055	0.0835	-1.59636	-1.6385	0	0	0	0.92182	0	0	3.42151	-0.261909	0.212971	0.0835	-0.734238	-0.523335	0	-0.261909	0.212971	0.0835	-0.734238	-0.523335	0	0	0	0.903311	0	0	3.44063	-0.018984	0.0637742	0.09142	-0.219221	0.306896	0	-0.018984	0.0637742	0.09142	-0.219221	0.306896	0	0	0	0.244206	0	0	3.36043	-0.587286	0.464055	-0.0835	-1.59636	-1.6385	0	-0.587286	0.464055	-0.0835	-1.59636	-1.6385	0	0	0	0.92182	0	0	3.42151	-0.261909	0.212971	-0.0835	-0.734238	-0.523335	0	-0.261909	0.212971	-0.0835	-0.734238	-0.523335	0	0	0	0.903311	0	0	3.44063	-0.018984	0.0637742	-0.09142	-0.219221	0.306896	0	-0.018984	0.0637742	-0.09142	-0.219221	0.306896	0	0	0	0.244206	0	0	3.36043	-1.19321	0.572244	0	-1.962	-3.18824	0	-1.19321	0.572244	0	-1.962	-3.18824	0	0	0	1.44011	0	0	2.28165	1.94116	-0.722725	0.566798	0.0835	-0.00125748	0.000670254	0	-0.00104344	-0.00467443	0	0.0708585	0.138336	0	0	0	-0.487318	0	0	1.03875	1419.28	1262.24	-648.942	-0	0	0	0	0	2.30949	-0.40854	0.32854	0.0835	-0.00130868	0.00107318	0	-0.00285017	-0.0053947	0	1.28398	1.5684	0	0	0	-0.0185033	0	0	0.0191224	1688.59	1317.96	-1055.61	-0	8.31077	0	0	-8.31077	1.33137	-0.0715833	0.062983	0.0835	-0.000757337	0.000618041	0	-0.000503793	-0.00397237	0	2.06044	0.673568	0	0	0	-0.659105	0	0	-0.0802004	973.434	758.311	-610.359	-0	0	0	0	0	1.94116	-0.722725	0.566798	-0.0835	-0.00125748	0.000670254	0	-0.00104344	-0.00467443	0	0.0708585	0.138336	0	0	0	-0.487318	0	0	1.03875	1419.28	1262.24	-648.942	-0	0	0	0	0	2.30949	-0.40854	0.32854	-0.0835	-0.00130868	0.00107318	0	-0.00285017	-0.0053947	0	1.28398	1.5684	0	0	0	-0.0185033	0	0	0.0191224	1688.59	1317.96	-1055.61	-0	8.31077	0	0	-8.31077	1.33137	-0.0715833	0.062983	-0.0835	-0.000757337	0.000618041	0	-0.000503793	-0.00397237	0	2.06044	0.673568	0	0	0	-0.659105	0	0	-0.0802004	973.434	758.311	-610.359	-0	0	0	0	0	0.0939822	-0.872029	0.560288	0	-5.65648e-05	1.14143e-05	0	-0.00180948	0.000433922	0	0.0215142	-0.0781221	0	0	0	0.0309744	0	0	-0.101114	68.7154	67.2776	-13.9833	-0	1.35296	0	0	-1.35296	0.0637742	-0.845699	0.493156	1.99931e-10	-1.69174	-2.27123	0	-126.088	-169.278	0	-5.5351e-08	5.99959e-08	36.2383	0.000585082	0.0254526	0	0.427785	18.6097	0	1.60825	-0.0369691	-1.8204	-0.0978352	-0.000666261	-0.08642	0.000585082	0.0254526	0	0.427785	18.6097	0	-1.60825	0.0369691	-1.8204	-0.0978352	-0.000666261	0.08642
