logs/motion_tut3b_motor_noise_bal
version=1
nRows=105
nColumns=824
inDegrees=no
endheader
time	pelvis_tilt	pelvis_tilt_u	pelvis_tx	pelvis_tx_u	pelvis_ty	pelvis_ty_u	hip_flexion_r	hip_flexion_r_u	knee_angle_r	knee_angle_r_u	ankle_angle_r	ankle_angle_r_u	hip_flexion_l	hip_flexion_l_u	knee_angle_l	knee_angle_l_u	ankle_angle_l	ankle_angle_l_u	world.pos.x	world.pos.y	world.pos.z	ground.pos.x	ground.pos.y	ground.pos.z	ground.ori.w	ground.ori.x	ground.ori.y	ground.ori.z	ground.lin_vel.x	ground.lin_vel.y	ground.lin_vel.z	ground.ang_vel.x	ground.ang_vel.y	ground.ang_vel.z	pelvis.pos.x	pelvis.pos.y	pelvis.pos.z	pelvis.ori.w	pelvis.ori.x	pelvis.ori.y	pelvis.ori.z	pelvis.lin_vel.x	pelvis.lin_vel.y	pelvis.lin_vel.z	pelvis.ang_vel.x	pelvis.ang_vel.y	pelvis.ang_vel.z	femur_r.pos.x	femur_r.pos.y	femur_r.pos.z	femur_r.ori.w	femur_r.ori.x	femur_r.ori.y	femur_r.ori.z	femur_r.lin_vel.x	femur_r.lin_vel.y	femur_r.lin_vel.z	femur_r.ang_vel.x	femur_r.ang_vel.y	femur_r.ang_vel.z	tibia_r.pos.x	tibia_r.pos.y	tibia_r.pos.z	tibia_r.ori.w	tibia_r.ori.x	tibia_r.ori.y	tibia_r.ori.z	tibia_r.lin_vel.x	tibia_r.lin_vel.y	tibia_r.lin_vel.z	tibia_r.ang_vel.x	tibia_r.ang_vel.y	tibia_r.ang_vel.z	calcn_r.pos.x	calcn_r.pos.y	calcn_r.pos.z	calcn_r.ori.w	calcn_r.ori.x	calcn_r.ori.y	calcn_r.ori.z	calcn_r.lin_vel.x	calcn_r.lin_vel.y	calcn_r.lin_vel.z	calcn_r.ang_vel.x	calcn_r.ang_vel.y	calcn_r.ang_vel.z	femur_l.pos.x	femur_l.pos.y	femur_l.pos.z	femur_l.ori.w	femur_l.ori.x	femur_l.ori.y	femur_l.ori.z	femur_l.lin_vel.x	femur_l.lin_vel.y	femur_l.lin_vel.z	femur_l.ang_vel.x	femur_l.ang_vel.y	femur_l.ang_vel.z	tibia_l.pos.x	tibia_l.pos.y	tibia_l.pos.z	tibia_l.ori.w	tibia_l.ori.x	tibia_l.ori.y	tibia_l.ori.z	tibia_l.lin_vel.x	tibia_l.lin_vel.y	tibia_l.lin_vel.z	tibia_l.ang_vel.x	tibia_l.ang_vel.y	tibia_l.ang_vel.z	calcn_l.pos.x	calcn_l.pos.y	calcn_l.pos.z	calcn_l.ori.w	calcn_l.ori.x	calcn_l.ori.y	calcn_l.ori.z	calcn_l.lin_vel.x	calcn_l.lin_vel.y	calcn_l.lin_vel.z	calcn_l.ang_vel.x	calcn_l.ang_vel.y	calcn_l.ang_vel.z	torso.pos.x	torso.pos.y	torso.pos.z	torso.ori.w	torso.ori.x	torso.ori.y	torso.ori.z	torso.lin_vel.x	torso.lin_vel.y	torso.lin_vel.z	torso.ang_vel.x	torso.ang_vel.y	torso.ang_vel.z	hamstrings_r.activation	hamstrings_r.fiber_length	bifemsh_r.activation	bifemsh_r.fiber_length	glut_max_r.activation	glut_max_r.fiber_length	iliopsoas_r.activation	iliopsoas_r.fiber_length	vasti_r.activation	vasti_r.fiber_length	gastroc_r.activation	gastroc_r.fiber_length	soleus_r.activation	soleus_r.fiber_length	tib_ant_r.activation	tib_ant_r.fiber_length	hamstrings_l.activation	hamstrings_l.fiber_length	bifemsh_l.activation	bifemsh_l.fiber_length	glut_max_l.activation	glut_max_l.fiber_length	iliopsoas_l.activation	iliopsoas_l.fiber_length	vasti_l.activation	vasti_l.fiber_length	gastroc_l.activation	gastroc_l.fiber_length	soleus_l.activation	soleus_l.fiber_length	tib_ant_l.activation	tib_ant_l.fiber_length	rect_fem_r.activation	rect_fem_r.fiber_length	rect_fem_l.activation	rect_fem_l.fiber_length	hamstrings_r.input	hamstrings_r.excitation	hamstrings_r.fiber_length_norm	hamstrings_r.fiber_velocity_norm	hamstrings_r.tendon_length_norm	hamstrings_r.mtu_force_norm	hamstrings_r.ce_vel_norm	hamstrings_r.ce_vel	bifemsh_r.input	bifemsh_r.excitation	bifemsh_r.fiber_length_norm	bifemsh_r.fiber_velocity_norm	bifemsh_r.tendon_length_norm	bifemsh_r.mtu_force_norm	bifemsh_r.ce_vel_norm	bifemsh_r.ce_vel	glut_max_r.input	glut_max_r.excitation	glut_max_r.fiber_length_norm	glut_max_r.fiber_velocity_norm	glut_max_r.tendon_length_norm	glut_max_r.mtu_force_norm	glut_max_r.ce_vel_norm	glut_max_r.ce_vel	iliopsoas_r.input	iliopsoas_r.excitation	iliopsoas_r.fiber_length_norm	iliopsoas_r.fiber_velocity_norm	iliopsoas_r.tendon_length_norm	iliopsoas_r.mtu_force_norm	iliopsoas_r.ce_vel_norm	iliopsoas_r.ce_vel	rect_fem_r.input	rect_fem_r.excitation	rect_fem_r.fiber_length_norm	rect_fem_r.fiber_velocity_norm	rect_fem_r.tendon_length_norm	rect_fem_r.mtu_force_norm	rect_fem_r.ce_vel_norm	rect_fem_r.ce_vel	vasti_r.input	vasti_r.excitation	vasti_r.fiber_length_norm	vasti_r.fiber_velocity_norm	vasti_r.tendon_length_norm	vasti_r.mtu_force_norm	vasti_r.ce_vel_norm	vasti_r.ce_vel	gastroc_r.input	gastroc_r.excitation	gastroc_r.fiber_length_norm	gastroc_r.fiber_velocity_norm	gastroc_r.tendon_length_norm	gastroc_r.mtu_force_norm	gastroc_r.ce_vel_norm	gastroc_r.ce_vel	soleus_r.input	soleus_r.excitation	soleus_r.fiber_length_norm	soleus_r.fiber_velocity_norm	soleus_r.tendon_length_norm	soleus_r.mtu_force_norm	soleus_r.ce_vel_norm	soleus_r.ce_vel	tib_ant_r.input	tib_ant_r.excitation	tib_ant_r.fiber_length_norm	tib_ant_r.fiber_velocity_norm	tib_ant_r.tendon_length_norm	tib_ant_r.mtu_force_norm	tib_ant_r.ce_vel_norm	tib_ant_r.ce_vel	hamstrings_l.input	hamstrings_l.excitation	hamstrings_l.fiber_length_norm	hamstrings_l.fiber_velocity_norm	hamstrings_l.tendon_length_norm	hamstrings_l.mtu_force_norm	hamstrings_l.ce_vel_norm	hamstrings_l.ce_vel	bifemsh_l.input	bifemsh_l.excitation	bifemsh_l.fiber_length_norm	bifemsh_l.fiber_velocity_norm	bifemsh_l.tendon_length_norm	bifemsh_l.mtu_force_norm	bifemsh_l.ce_vel_norm	bifemsh_l.ce_vel	glut_max_l.input	glut_max_l.excitation	glut_max_l.fiber_length_norm	glut_max_l.fiber_velocity_norm	glut_max_l.tendon_length_norm	glut_max_l.mtu_force_norm	glut_max_l.ce_vel_norm	glut_max_l.ce_vel	iliopsoas_l.input	iliopsoas_l.excitation	iliopsoas_l.fiber_length_norm	iliopsoas_l.fiber_velocity_norm	iliopsoas_l.tendon_length_norm	iliopsoas_l.mtu_force_norm	iliopsoas_l.ce_vel_norm	iliopsoas_l.ce_vel	rect_fem_l.input	rect_fem_l.excitation	rect_fem_l.fiber_length_norm	rect_fem_l.fiber_velocity_norm	rect_fem_l.tendon_length_norm	rect_fem_l.mtu_force_norm	rect_fem_l.ce_vel_norm	rect_fem_l.ce_vel	vasti_l.input	vasti_l.excitation	vasti_l.fiber_length_norm	vasti_l.fiber_velocity_norm	vasti_l.tendon_length_norm	vasti_l.mtu_force_norm	vasti_l.ce_vel_norm	vasti_l.ce_vel	gastroc_l.input	gastroc_l.excitation	gastroc_l.fiber_length_norm	gastroc_l.fiber_velocity_norm	gastroc_l.tendon_length_norm	gastroc_l.mtu_force_norm	gastroc_l.ce_vel_norm	gastroc_l.ce_vel	soleus_l.input	soleus_l.excitation	soleus_l.fiber_length_norm	soleus_l.fiber_velocity_norm	soleus_l.tendon_length_norm	soleus_l.mtu_force_norm	soleus_l.ce_vel_norm	soleus_l.ce_vel	tib_ant_l.input	tib_ant_l.excitation	tib_ant_l.fiber_length_norm	tib_ant_l.fiber_velocity_norm	tib_ant_l.tendon_length_norm	tib_ant_l.mtu_force_norm	tib_ant_l.ce_vel_norm	tib_ant_l.ce_vel	ground.pos_x	ground.pos_y	ground.pos_z	ground.lin_vel_x	ground.lin_vel_y	ground.lin_vel_z	ground.com_pos_x	ground.com_pos_y	ground.com_pos_z	ground.com_lin_vel_x	ground.com_lin_vel_y	ground.com_lin_vel_z	ground.ori_x	ground.ori_y	ground.ori_z	ground.ang_vel_x	ground.ang_vel_y	ground.ang_vel_z	pelvis.pos_x	pelvis.pos_y	pelvis.pos_z	pelvis.lin_vel_x	pelvis.lin_vel_y	pelvis.lin_vel_z	pelvis.com_pos_x	pelvis.com_pos_y	pelvis.com_pos_z	pelvis.com_lin_vel_x	pelvis.com_lin_vel_y	pelvis.com_lin_vel_z	pelvis.ori_x	pelvis.ori_y	pelvis.ori_z	pelvis.ang_vel_x	pelvis.ang_vel_y	pelvis.ang_vel_z	femur_r.pos_x	femur_r.pos_y	femur_r.pos_z	femur_r.lin_vel_x	femur_r.lin_vel_y	femur_r.lin_vel_z	femur_r.com_pos_x	femur_r.com_pos_y	femur_r.com_pos_z	femur_r.com_lin_vel_x	femur_r.com_lin_vel_y	femur_r.com_lin_vel_z	femur_r.ori_x	femur_r.ori_y	femur_r.ori_z	femur_r.ang_vel_x	femur_r.ang_vel_y	femur_r.ang_vel_z	tibia_r.pos_x	tibia_r.pos_y	tibia_r.pos_z	tibia_r.lin_vel_x	tibia_r.lin_vel_y	tibia_r.lin_vel_z	tibia_r.com_pos_x	tibia_r.com_pos_y	tibia_r.com_pos_z	tibia_r.com_lin_vel_x	tibia_r.com_lin_vel_y	tibia_r.com_lin_vel_z	tibia_r.ori_x	tibia_r.ori_y	tibia_r.ori_z	tibia_r.ang_vel_x	tibia_r.ang_vel_y	tibia_r.ang_vel_z	calcn_r.pos_x	calcn_r.pos_y	calcn_r.pos_z	calcn_r.lin_vel_x	calcn_r.lin_vel_y	calcn_r.lin_vel_z	calcn_r.com_pos_x	calcn_r.com_pos_y	calcn_r.com_pos_z	calcn_r.com_lin_vel_x	calcn_r.com_lin_vel_y	calcn_r.com_lin_vel_z	calcn_r.ori_x	calcn_r.ori_y	calcn_r.ori_z	calcn_r.ang_vel_x	calcn_r.ang_vel_y	calcn_r.ang_vel_z	femur_l.pos_x	femur_l.pos_y	femur_l.pos_z	femur_l.lin_vel_x	femur_l.lin_vel_y	femur_l.lin_vel_z	femur_l.com_pos_x	femur_l.com_pos_y	femur_l.com_pos_z	femur_l.com_lin_vel_x	femur_l.com_lin_vel_y	femur_l.com_lin_vel_z	femur_l.ori_x	femur_l.ori_y	femur_l.ori_z	femur_l.ang_vel_x	femur_l.ang_vel_y	femur_l.ang_vel_z	tibia_l.pos_x	tibia_l.pos_y	tibia_l.pos_z	tibia_l.lin_vel_x	tibia_l.lin_vel_y	tibia_l.lin_vel_z	tibia_l.com_pos_x	tibia_l.com_pos_y	tibia_l.com_pos_z	tibia_l.com_lin_vel_x	tibia_l.com_lin_vel_y	tibia_l.com_lin_vel_z	tibia_l.ori_x	tibia_l.ori_y	tibia_l.ori_z	tibia_l.ang_vel_x	tibia_l.ang_vel_y	tibia_l.ang_vel_z	calcn_l.pos_x	calcn_l.pos_y	calcn_l.pos_z	calcn_l.lin_vel_x	calcn_l.lin_vel_y	calcn_l.lin_vel_z	calcn_l.com_pos_x	calcn_l.com_pos_y	calcn_l.com_pos_z	calcn_l.com_lin_vel_x	calcn_l.com_lin_vel_y	calcn_l.com_lin_vel_z	calcn_l.ori_x	calcn_l.ori_y	calcn_l.ori_z	calcn_l.ang_vel_x	calcn_l.ang_vel_y	calcn_l.ang_vel_z	torso.pos_x	torso.pos_y	torso.pos_z	torso.lin_vel_x	torso.lin_vel_y	torso.lin_vel_z	torso.com_pos_x	torso.com_pos_y	torso.com_pos_z	torso.com_lin_vel_x	torso.com_lin_vel_y	torso.com_lin_vel_z	torso.ori_x	torso.ori_y	torso.ori_z	torso.ang_vel_x	torso.ang_vel_y	torso.ang_vel_z	hip_r.load	hip_r.pos_x	hip_r.pos_y	hip_r.pos_z	hip_r.disp_x	hip_r.disp_y	hip_r.disp_z	hip_r.disp_vel_x	hip_r.disp_vel_y	hip_r.disp_vel_z	hip_r.disp_acc_x	hip_r.disp_acc_y	hip_r.disp_acc_z	hip_r.rot_x	hip_r.rot_y	hip_r.rot_z	hip_r.rot_vel_x	hip_r.rot_vel_y	hip_r.rot_vel_z	hip_r.force	hip_r.force_x	hip_r.force_y	hip_r.force_z	hip_r.torque	hip_r.torque_x	hip_r.torque_y	hip_r.torque_z	knee_r.load	knee_r.pos_x	knee_r.pos_y	knee_r.pos_z	knee_r.disp_x	knee_r.disp_y	knee_r.disp_z	knee_r.disp_vel_x	knee_r.disp_vel_y	knee_r.disp_vel_z	knee_r.disp_acc_x	knee_r.disp_acc_y	knee_r.disp_acc_z	knee_r.rot_x	knee_r.rot_y	knee_r.rot_z	knee_r.rot_vel_x	knee_r.rot_vel_y	knee_r.rot_vel_z	knee_r.force	knee_r.force_x	knee_r.force_y	knee_r.force_z	knee_r.torque	knee_r.torque_x	knee_r.torque_y	knee_r.torque_z	ankle_r.load	ankle_r.pos_x	ankle_r.pos_y	ankle_r.pos_z	ankle_r.disp_x	ankle_r.disp_y	ankle_r.disp_z	ankle_r.disp_vel_x	ankle_r.disp_vel_y	ankle_r.disp_vel_z	ankle_r.disp_acc_x	ankle_r.disp_acc_y	ankle_r.disp_acc_z	ankle_r.rot_x	ankle_r.rot_y	ankle_r.rot_z	ankle_r.rot_vel_x	ankle_r.rot_vel_y	ankle_r.rot_vel_z	ankle_r.force	ankle_r.force_x	ankle_r.force_y	ankle_r.force_z	ankle_r.torque	ankle_r.torque_x	ankle_r.torque_y	ankle_r.torque_z	hip_l.load	hip_l.pos_x	hip_l.pos_y	hip_l.pos_z	hip_l.disp_x	hip_l.disp_y	hip_l.disp_z	hip_l.disp_vel_x	hip_l.disp_vel_y	hip_l.disp_vel_z	hip_l.disp_acc_x	hip_l.disp_acc_y	hip_l.disp_acc_z	hip_l.rot_x	hip_l.rot_y	hip_l.rot_z	hip_l.rot_vel_x	hip_l.rot_vel_y	hip_l.rot_vel_z	hip_l.force	hip_l.force_x	hip_l.force_y	hip_l.force_z	hip_l.torque	hip_l.torque_x	hip_l.torque_y	hip_l.torque_z	knee_l.load	knee_l.pos_x	knee_l.pos_y	knee_l.pos_z	knee_l.disp_x	knee_l.disp_y	knee_l.disp_z	knee_l.disp_vel_x	knee_l.disp_vel_y	knee_l.disp_vel_z	knee_l.disp_acc_x	knee_l.disp_acc_y	knee_l.disp_acc_z	knee_l.rot_x	knee_l.rot_y	knee_l.rot_z	knee_l.rot_vel_x	knee_l.rot_vel_y	knee_l.rot_vel_z	knee_l.force	knee_l.force_x	knee_l.force_y	knee_l.force_z	knee_l.torque	knee_l.torque_x	knee_l.torque_y	knee_l.torque_z	ankle_l.load	ankle_l.pos_x	ankle_l.pos_y	ankle_l.pos_z	ankle_l.disp_x	ankle_l.disp_y	ankle_l.disp_z	ankle_l.disp_vel_x	ankle_l.disp_vel_y	ankle_l.disp_vel_z	ankle_l.disp_acc_x	ankle_l.disp_acc_y	ankle_l.disp_acc_z	ankle_l.rot_x	ankle_l.rot_y	ankle_l.rot_z	ankle_l.rot_vel_x	ankle_l.rot_vel_y	ankle_l.rot_vel_z	ankle_l.force	ankle_l.force_x	ankle_l.force_y	ankle_l.force_z	ankle_l.torque	ankle_l.torque_x	ankle_l.torque_y	ankle_l.torque_z	back.load	back.pos_x	back.pos_y	back.pos_z	back.disp_x	back.disp_y	back.disp_z	back.disp_vel_x	back.disp_vel_y	back.disp_vel_z	back.disp_acc_x	back.disp_acc_y	back.disp_acc_z	back.rot_x	back.rot_y	back.rot_z	back.rot_vel_x	back.rot_vel_y	back.rot_vel_z	back.force	back.force_x	back.force_y	back.force_z	back.torque	back.torque_x	back.torque_y	back.torque_z	iliopsoas_l.RL	iliopsoas_r.RL	glut_max_l.RL	glut_max_r.RL	rect_fem_l.RL	rect_fem_r.RL	hamstrings_l.RL	hamstrings_r.RL	vasti_l.RL	vasti_r.RL	bifemsh_l.RL	bifemsh_r.RL	gastroc_l.RL	gastroc_r.RL	soleus_l.RL	soleus_r.RL	tib_ant_l.RL	tib_ant_r.RL	iliopsoas_l-torso.RBP	iliopsoas_l-torso.RBV	iliopsoas_l-torso.RBA	iliopsoas_r-torso.RBP	iliopsoas_r-torso.RBV	iliopsoas_r-torso.RBA	rect_fem_l-torso.RBP	rect_fem_l-torso.RBV	rect_fem_l-torso.RBA	rect_fem_r-torso.RBP	rect_fem_r-torso.RBV	rect_fem_r-torso.RBA	vasti_l-torso.RBP	vasti_l-torso.RBV	vasti_l-torso.RBA	vasti_r-torso.RBP	vasti_r-torso.RBV	vasti_r-torso.RBA	tib_ant_l-torso.RBP	tib_ant_l-torso.RBV	tib_ant_l-torso.RBA	tib_ant_r-torso.RBP	tib_ant_r-torso.RBV	tib_ant_r-torso.RBA	glut_max_l-torso.RBP	glut_max_l-torso.RBV	glut_max_l-torso.RBA	glut_max_r-torso.RBP	glut_max_r-torso.RBV	glut_max_r-torso.RBA	hamstrings_l-torso.RBP	hamstrings_l-torso.RBV	hamstrings_l-torso.RBA	hamstrings_r-torso.RBP	hamstrings_r-torso.RBV	hamstrings_r-torso.RBA	bifemsh_l-torso.RBP	bifemsh_l-torso.RBV	bifemsh_l-torso.RBA	bifemsh_r-torso.RBP	bifemsh_r-torso.RBV	bifemsh_r-torso.RBA	gastroc_l-torso.RBP	gastroc_l-torso.RBV	gastroc_l-torso.RBA	gastroc_r-torso.RBP	gastroc_r-torso.RBV	gastroc_r-torso.RBA	soleus_l-torso.RBP	soleus_l-torso.RBV	soleus_l-torso.RBA	soleus_r-torso.RBP	soleus_r-torso.RBV	soleus_r-torso.RBA	Effort.effort	Effort.hamstrings_r.effort	Effort.bifemsh_r.effort	Effort.glut_max_r.effort	Effort.iliopsoas_r.effort	Effort.rect_fem_r.effort	Effort.vasti_r.effort	Effort.gastroc_r.effort	Effort.soleus_r.effort	Effort.tib_ant_r.effort	Effort.hamstrings_l.effort	Effort.bifemsh_l.effort	Effort.glut_max_l.effort	Effort.iliopsoas_l.effort	Effort.rect_fem_l.effort	Effort.vasti_l.effort	Effort.gastroc_l.effort	Effort.soleus_l.effort	Effort.tib_ant_l.effort	knee_angle_l.limit_torque_penalty	knee_angle_r.limit_torque_penalty	hip_flexion_l.limit_torque_penalty	hip_flexion_r.limit_torque_penalty	ankle_angle_l.limit_torque_penalty	ankle_angle_r.limit_torque_penalty	iliopsoas_l.L	iliopsoas_r.L	glut_max_l.L	glut_max_r.L	rect_fem_l.L	rect_fem_r.L	hamstrings_l.L	hamstrings_r.L	vasti_l.L	vasti_r.L	bifemsh_l.L	bifemsh_r.L	gastroc_l.L	gastroc_r.L	soleus_l.L	soleus_r.L	tib_ant_l.L	tib_ant_r.L	torso.PP	torso.PV	torso.PA	com_x	com_y	com_z	com_x_u	com_y_u	com_z_u	lin_mom_x	lin_mom_y	lin_mom_z	ang_mom_x	ang_mom_y	ang_mom_z	leg0_l.grf_norm_x	leg0_l.grf_norm_y	leg0_l.grf_norm_z	leg0_l.grf_x	leg0_l.grf_y	leg0_l.grf_z	leg0_l.grm_x	leg0_l.grm_y	leg0_l.grm_z	leg0_l.cop_x	leg0_l.cop_y	leg0_l.cop_z	leg1_r.grf_norm_x	leg1_r.grf_norm_y	leg1_r.grf_norm_z	leg1_r.grf_x	leg1_r.grf_y	leg1_r.grf_z	leg1_r.grm_x	leg1_r.grm_y	leg1_r.grm_z	leg1_r.cop_x	leg1_r.cop_y	leg1_r.cop_z
0	-0.174533	0	-0.0707	0	0.929766	0	0.349066	0	-0.349066	0	0.174533	0	0.349066	0	-0.349066	0	0.174533	0	0	1	0	0	0	0	1	0	0	0	0	0	0	0	0	0	-0.0707	0.929766	0	0.996195	0	0	-0.0871558	0	0	0	0	0	0	-0.0526579	0.697253	0.0835	0.996195	0	0	0.0871558	0	0	0	0	0	0	-0.0458335	0.290823	0.0835	0.996195	0	0	-0.0871558	0	0	0	0	0	0	-0.0368522	0.0392687	0.09142	1	0	0	0	0	0	0	0	0	0	-0.0526579	0.697253	-0.0835	0.996195	0	0	0.0871558	0	0	0	0	0	0	-0.0458335	0.290823	-0.0835	0.996195	0	0	-0.0871558	0	0	0	0	0	0	-0.0368522	0.0392687	-0.09142	1	0	0	0	0	0	0	0	0	0	-0.0600687	1.33558	0	0.996195	0	0	-0.0871558	0	0	0	0	0	0	0.397661	0.0901656	0.459338	0.124206	0.191625	0.129446	0.281428	0.099469	0.0509373	0.0728046	0.6629	0.05355	0.586885	0.0462	0.0957799	0.0519454	0.322249	0.0912522	0.65444	0.123387	0.232589	0.129228	0.392599	0.0988757	0.0466282	0.0728507	0.556821	0.05355	0.468569	0.0475063	0.150714	0.051185	0.199593	0.0582888	0.153501	0.0591338	0.388843	0.388843	0.923828	-0.00572724	0.0258518	0.380464	-0.000572724	-0.000558979	0.456988	0.456988	1.12607	-0.0700824	0.0284446	0.437873	-0.00700824	-0.00773009	0.167189	0.167189	0.825024	-0.00831673	0.0134603	0.154569	-0.000831673	-0.0013049	0.197135	0.197135	0.933105	0.04844	0.0206167	0.275252	0.004844	0.0051637	0.121863	0.121863	0.767969	0.0800322	0.0141038	0.164327	0.00800322	0.00607444	0.0566099	0.0566099	0.733179	0.0618133	0.00445418	0.0406796	0.00618133	0.00613806	0.546002	0.546002	1.05	-0.144628	0.0350327	0.599521	-0.0144628	-0.00737604	0.484739	0.484739	1.05	0.163469	0.034013	0.573019	0.0163469	0.00719262	0.0760518	0.0760518	0.760547	0.0993728	0.0080039	0.0805135	0.00993728	0.00678716	0.286734	0.286734	0.934961	-0.0132092	0.022363	0.308759	-0.00132092	-0.00128922	0.414253	0.414253	1.11865	0.049367	0.0372215	0.658237	0.0049367	0.00544518	0.168358	0.168358	0.823633	0.00968151	0.0156659	0.188916	0.000968151	0.00151903	0.212721	0.212721	0.927539	-0.0868185	0.0246658	0.355375	-0.00868185	-0.00925485	0.150936	0.150936	0.779102	0.0402555	0.0115264	0.126544	0.00402555	0.0030554	0.0554703	0.0554703	0.733643	0.0392882	0.00407786	0.036842	0.00392882	0.00390132	0.629149	0.629149	1.05	0.157834	0.0350327	0.599521	0.0157834	0.00804952	0.478949	0.478949	1.07969	0.0345254	0.0281306	0.430734	0.00345254	0.00151912	0.156365	0.156365	0.749414	0.0708036	0.0112123	0.122178	0.00708036	0.00483589	0	0	0	0	0	0	0	0	0	0	0	0	0	0	0	0	0	0	-0.0707	0.929766	0	0	0	0	-0.0707	0.929766	0	0	0	0	0	0	-0.174533	0	0	0	-0.0526579	0.697253	0.0835	0	0	0	-0.0526579	0.697253	0.0835	0	0	0	0	0	0.174533	0	0	0	-0.0458335	0.290823	0.0835	0	0	0	-0.0458335	0.290823	0.0835	0	0	0	0	0	-0.174533	0	0	0	-0.0368522	0.0392687	0.09142	0	0	0	-0.0368522	0.0392687	0.09142	0	0	0	0	0	0	0	0	0	-0.0526579	0.697253	-0.0835	0	0	0	-0.0526579	0.697253	-0.0835	0	0	0	0	0	0.174533	0	0	0	-0.0458335	0.290823	-0.0835	0	0	0	-0.0458335	0.290823	-0.0835	0	0	0	0	0	-0.174533	0	0	0	-0.0368522	0.0392687	-0.09142	0	0	0	-0.0368522	0.0392687	-0.09142	0	0	0	0	0	0	0	0	0	-0.0600687	1.33558	0	0	0	0	-0.0600687	1.33558	0	0	0	0	0	0	-0.174533	0	0	0	4.07607e-05	-0.0821781	0.86467	0.0835	0	2.98023e-08	0	0	0	0	0	0	0	0	0	0.349065	0	0	0	0.0298023	-0	-0.0298023	-0	0	0	0	0	8.15214e-05	-0.0134134	0.474686	0.0835	0	5.96046e-08	0	0	0	0	0	0	0	0	0	-0.349065	0	0	0	0.0596046	-0	-0.0596046	-0	0	0	0	0	0	-0.0880822	0.0512187	0.0835	0	0	0	0	0	0	0	0	0	0	0	0.174532	0	0	0	0	-0	-0	-0	0	0	0	0	4.07607e-05	-0.0821781	0.86467	-0.0835	0	2.98023e-08	0	0	0	0	0	0	0	0	0	0.349065	0	0	0	0.0298023	-0	-0.0298023	-0	0	0	0	0	8.15214e-05	-0.0134134	0.474686	-0.0835	0	5.96046e-08	0	0	0	0	0	0	0	0	0	-0.349065	0	0	0	0.0596046	-0	-0.0596046	-0	0	0	0	0	0	-0.0880822	0.0512187	-0.0835	0	0	0	0	0	0	0	0	0	0	0	0.174532	0	0	0	0	-0	-0	-0	0	0	0	0	1.01902e-05	-0.0860919	1.01524	0	0	-7.45058e-09	0	0	0	0	0	0	0	0	0	0	0	0	0	0.00745058	-0	0.00745058	-0	0	0	0	0	0.304443	0.304443	0.180707	0.180707	0.158789	0.158789	0.339697	0.339697	0.0836426	0.0836426	0.493701	0.493701	0.578125	0.578125	0.529883	0.529883	0.12168	0.12168	-0	0	0	-0	0	0	-0	0	0	-0	0	0	-0	0	0	-0	0	0	-0	0	0	-0	0	0	-0	0	0	-0	0	0	-0	0	0	-0	0	0	-0	0	0	-0	0	0	-0	0	0	-0	0	0	-0	0	0	-0	0	0	626.759	57.7579	25.1846	24.5612	28.6508	5.96518	8.27	56.8349	51.9325	3.45234	42.7586	26.438	27.7252	48.3397	5.52569	7.79528	43.6437	42.742	6.63868	0	0	0	0	0	0	0.954443	0.954443	0.830707	0.830707	0.808789	0.808789	0.989697	0.989697	0.733643	0.733643	1.1437	1.1437	1.22813	1.22813	1.17988	1.17988	0.77168	0.77168	0.0267554	0	0	-0.0577039	0.96471	1.99931e-10	0	0	0	0	0	0	0	0	0	-2.88801e-08	0.484528	0	-2.11158e-05	354.264	0	31.5012	1.87762e-06	-13.0554	-0.036852	-0.00286567	-0.08892	-2.88801e-08	0.484528	0	-2.11158e-05	354.264	0	-31.5012	-1.87762e-06	-13.0554	-0.036852	-0.00286567	0.08892
0.01	-0.167767	0.34805	-0.0707208	-0.0666106	0.929341	0.00982279	0.341845	0.342369	-0.342787	-1.0077	0.11236	-1.09657	0.343064	0.531507	-0.346215	-1.39373	0.122295	-0.878216	0	1	0	0	0	0	1	0	0	0	0	0	0	0	0	0	-0.0707208	0.929341	0	0.996484	0	0	-0.0837852	-0.0666106	0.00982279	0	0	0	0.34805	-0.0525482	0.698211	0.0835	0.996215	0	0	0.0869292	0.066899	0.0705709	0	0	0	0.690418	-0.0448082	0.293422	0.0835	0.996444	0	0	-0.0842545	0.149774	0.134009	0	0	0	-0.317281	-0.0348582	0.0407056	0.09142	0.999603	0	0	-0.0281707	0.055107	0.0756991	0	0	0	-1.41385	-0.0523244	0.698192	-0.0835	0.996161	0	0	0.0875362	0.0985063	0.0768763	0	0	0	0.879557	-0.0446746	0.293445	-0.0835	0.996351	0	0	-0.0853553	0.186655	0.156926	0	0	0	-0.514171	-0.035204	0.0410481	-0.09142	0.999704	0	0	-0.0243091	0.0454954	0.111913	0	0	0	-1.39239	-0.0602871	1.33469	0	0.996154	0	0	-0.0876182	-0.0348293	-0.0640536	0	0	0	-0.179098	0.3821	0.0893882	0.482788	0.123127	0.188851	0.12808	0.343471	0.0989908	0.0784158	0.0709179	0.632627	0.0528803	0.57205	0.0456632	0.0961995	0.0526093	0.334629	0.0903582	0.595226	0.122655	0.218586	0.128029	0.359231	0.0985191	0.0654954	0.0711219	0.587752	0.0530586	0.49315	0.0468689	0.147244	0.0515739	0.186771	0.0574318	0.151213	0.05816	0.305269	0.305269	0.915863	-0.98949	0.0173087	0.216146	-0.098949	-0.0965742	0.512941	0.512941	1.11629	-0.797067	0.0226501	0.314421	-0.0797067	-0.0879165	0.174569	0.174569	0.816319	-0.449193	0.0112148	0.122212	-0.0449193	-0.0704785	0.329125	0.329125	0.928619	-0.896064	0.0165935	0.204119	-0.0896064	-0.0955204	0.128328	0.128328	0.756677	-1.32025	0.00749373	0.0743847	-0.132025	-0.100207	0.0453257	0.0453257	0.714178	-1.14557	0.00329098	0.0290579	-0.114557	-0.113755	0.470259	0.470259	1.03687	-1.50962	0.0207606	0.277955	-0.150962	-0.0769906	0.513043	0.513043	1.0378	-1.38536	0.0187619	0.241408	-0.138536	-0.060956	0.081238	0.081238	0.770267	1.18967	0.0107634	0.116025	0.118967	0.0812547	0.343132	0.343132	0.925801	-1.20969	0.0145277	0.170873	-0.120969	-0.118066	0.562217	0.562217	1.11202	-0.62981	0.0273786	0.413847	-0.062981	-0.0694681	0.159831	0.159831	0.81599	-0.391892	0.0127999	0.144779	-0.0391892	-0.0614879	0.293667	0.293667	0.924194	-0.505685	0.0198145	0.260395	-0.0505685	-0.0539061	0.163403	0.163403	0.766271	-1.43405	0.00595992	0.0567748	-0.143405	-0.108844	0.0947522	0.0947522	0.716233	-0.727988	0.00357507	0.0318311	-0.0727988	-0.0722893	0.515046	0.515046	1.04037	-1.23219	0.021781	0.297415	-0.123219	-0.0628419	0.531701	0.531701	1.0652	-1.62275	0.0156022	0.187887	-0.162275	-0.071401	0.13221	0.13221	0.755109	0.89891	0.0137062	0.158273	0.089891	0.0613955	0	0	0	0	0	0	0	0	0	0	0	0	0	0	0	0	0	0	-0.0707208	0.929341	0	-0.0666106	0.00982279	0	-0.0707208	0.929341	0	-0.0666106	0.00982279	0	0	0	-0.167767	0	0	0.34805	-0.0525482	0.698211	0.0835	0.066899	0.0705709	0	-0.0525482	0.698211	0.0835	0.066899	0.0705709	0	0	0	0.174078	0	0	0.690418	-0.0448082	0.293422	0.0835	0.149774	0.134009	0	-0.0448082	0.293422	0.0835	0.149774	0.134009	0	0	0	-0.168709	0	0	-0.317281	-0.0348582	0.0407056	0.09142	0.055107	0.0756991	0	-0.0348582	0.0407056	0.09142	0.055107	0.0756991	0	0	0	-0.0563489	0	0	-1.41385	-0.0523244	0.698192	-0.0835	0.0985063	0.0768763	0	-0.0523244	0.698192	-0.0835	0.0985063	0.0768763	0	0	0	0.175297	0	0	0.879557	-0.0446746	0.293445	-0.0835	0.186655	0.156926	0	-0.0446746	0.293445	-0.0835	0.186655	0.156926	0	0	0	-0.170918	0	0	-0.514171	-0.035204	0.0410481	-0.09142	0.0454954	0.111913	0	-0.035204	0.0410481	-0.09142	0.0454954	0.111913	0	0	0	-0.048623	0	0	-1.39239	-0.0602871	1.33469	0	-0.0348293	-0.0640536	0	-0.0602871	1.33469	0	-0.0348293	-0.0640536	0	0	0	-0.175461	0	0	-0.179098	2.31747	-0.0819922	0.865642	0.0835	-0.000233978	0.00147322	0	-0.00477078	0.044261	0	2.10506	-9.39167	0	0	0	0.341844	0	0	0.342369	1694.43	255.73	-1675.02	-0	0	0	0	0	2.64447	-0.0134595	0.477472	0.0835	-5.4501e-05	0.001845	0	-0.0124062	0.0264663	0	-1.73635	12.8601	0	0	0	-0.342788	0	0	-1.0077	1933.51	94.8994	-1931.18	-0	0	0	0	0	2.69897	-0.0853338	0.0555218	0.0835	0.000326887	0.00194514	0	0.00237976	9.35346e-05	0	-1.46605	4.36845	0	0	0	0.112358	0	0	-1.09657	1973.36	-331.489	-1945.32	-0	0	0	0	0	2.24211	-0.0819724	0.865587	-0.0835	-0.000214167	0.00141791	0	-0.00479951	0.0448179	0	1.05084	-8.69994	0	0	0	0.343064	0	0	0.531507	1639.33	236.05	-1622.25	-0	0	0	0	0	2.55058	-0.0129192	0.477425	-0.0835	-9.3095e-06	0.00176954	0	-0.0129877	0.0290546	0	-0.858301	9.18242	0	0	0	-0.346215	0	0	-1.39373	1864.87	51.6015	-1864.15	-0	0	0	0	0	2.4777	-0.0857926	0.055474	-0.0835	0.000264212	0.00178355	0	0.0022017	0.00414836	0	-0.721134	3.02851	0	0	0	0.122294	0	0	-0.878216	1811.58	-268.47	-1791.57	-0	0	0	0	0	0.985167	-0.0866077	1.01437	0	8.29026e-05	-0.000335708	0	0.00412311	-0.0636042	0	-1.53805	21.6255	0	0	0	-0.00768947	0	0	-0.527148	720.308	-107.313	712.269	-0	22.1521	0	0	22.1521	0.304443	0.304443	0.180707	0.180707	0.158789	0.158789	0.339697	0.339697	0.0836426	0.0836426	0.493701	0.493701	0.578125	0.578125	0.529883	0.529883	0.12168	0.12168	-0	0	0	-0	0	0	-0	0	0	-0	0	0	-0	0	0	-0	0	0	-0	0	0	-0	0	0	-0	0	0	-0	0	0	-0	0	0	-0	0	0	-0	0	0	-0	0	0	-0	0	0	-0	0	0	-0	0	0	-0	0	0	1255.26	117.063	51.6952	47.1975	97.8847	17.0997	28.6055	100.465	124.97	3.59462	113.718	58.5505	49.4615	81.0911	15.1004	25.7396	92.578	111.928	5.97619	0	0	0	0	0	0	0.924194	0.928619	0.81599	0.816319	0.766271	0.756677	0.925801	0.915863	0.716233	0.714178	1.11202	1.11629	1.04037	1.03687	1.0652	1.0378	0.755109	0.770267	0.0269941	0.053345	7.51476	-0.0575824	0.964784	1.99931e-10	0.0125404	0.00814856	0	0.934655	0.607324	0	0.0161301	-0.0348675	1.73909	0.0601927	0.407653	0	44.0101	298.057	0	27.2483	-4.0234	14.7723	0.0489665	-0.00403273	-0.09142	0.0389288	0.512444	0	28.4629	374.675	0	-34.2528	2.60208	18.5487	0.0491622	-0.00452888	0.09142
0.02	-0.164349	0.30554	-0.0716314	-0.104527	0.929188	-0.0248741	0.348035	0.848082	-0.357389	-1.79008	0.103334	-0.766827	0.351536	1.07851	-0.365093	-2.19422	0.113936	-0.846258	0	1	0	0	0	0	1	0	0	0	0	0	0	0	0	0	-0.0716314	0.929188	0	0.996626	0	0	-0.0820819	-0.104527	-0.0248741	0	0	0	0.30554	-0.0516418	0.698521	0.0835	0.995785	0	0	0.0917142	0.106633	0.0190347	0	0	0	1.15362	-0.0427888	0.294559	0.0835	0.996231	0	0	-0.0867421	0.238159	0.105652	0	0	0	-0.636456	-0.0342422	0.041387	0.09142	0.999381	0	0	-0.0351772	0.0650135	0.0677644	0	0	0	-1.40328	-0.0510381	0.698556	-0.0835	0.995623	0	0	0.0934572	0.145297	0.0252234	0	0	0	1.38405	-0.0421515	0.294806	-0.0835	0.996046	0	0	-0.0888356	0.293741	0.130548	0	0	0	-0.81017	-0.0345795	0.0419884	-0.09142	0.999489	0	0	-0.0319793	0.0755806	0.0873833	0	0	0	-1.65643	-0.0607689	1.33436	0	0.996054	0	0	-0.0887463	-0.0588151	-0.0229926	0	0	0	-0.227654	0.357489	0.088529	0.520794	0.122286	0.179372	0.127958	0.341041	0.0982373	0.0758415	0.0708256	0.602044	0.052125	0.567655	0.0450924	0.10375	0.0531852	0.336161	0.089288	0.585652	0.121911	0.219339	0.127965	0.333362	0.0980287	0.0855735	0.0711314	0.565909	0.0524157	0.520966	0.0461904	0.139649	0.0520922	0.173691	0.0566734	0.152516	0.0573197	0.289594	0.289594	0.907059	-0.723973	0.0182365	0.23215	-0.0723973	-0.0706598	0.510163	0.510163	1.10867	-0.763985	0.0239758	0.341119	-0.0763985	-0.0842676	0.161851	0.161851	0.815541	0.169217	0.0134793	0.154855	0.0169217	0.0265501	0.272218	0.272218	0.921551	-0.565178	0.0186805	0.239965	-0.0565178	-0.060248	0.114566	0.114566	0.746685	-0.63506	0.00937245	0.0976289	-0.063506	-0.0482011	0.0457811	0.0457811	0.713249	0.474047	0.00700025	0.0685856	0.0474047	0.0470729	0.554066	0.554066	1.02206	-1.48136	0.0202015	0.267522	-0.148136	-0.0755492	0.553756	0.553756	1.02483	-1.22417	0.0197345	0.258932	-0.122417	-0.0538637	0.0514528	0.0514528	0.778699	0.467424	0.0098698	0.10409	0.0467424	0.0319251	0.306628	0.306628	0.914836	-0.933762	0.0161824	0.197325	-0.0933762	-0.0911352	0.453728	0.453728	1.10527	-0.719008	0.0262308	0.388636	-0.0719008	-0.0793066	0.105044	0.105044	0.81558	0.157178	0.0156575	0.18878	0.0157178	0.0246613	0.233072	0.233072	0.919594	-0.392785	0.0196028	0.256529	-0.0392785	-0.0418709	0.123165	0.123165	0.755201	-0.696177	0.00834945	0.0847444	-0.0696177	-0.0528399	0.088293	0.088293	0.716328	0.560549	0.0079555	0.0799262	0.0560549	0.0556626	0.612204	0.612204	1.02776	-1.29178	0.0207276	0.277334	-0.129178	-0.0658808	0.351021	0.351021	1.04978	-1.46473	0.0171061	0.212712	-0.146473	-0.064448	0.122255	0.122255	0.762697	0.715323	0.0128657	0.145745	0.0715323	0.0488566	0	0	0	0	0	0	0	0	0	0	0	0	0	0	0	0	0	0	-0.0716314	0.929188	0	-0.104527	-0.0248741	0	-0.0716314	0.929188	0	-0.104527	-0.0248741	0	0	0	-0.164349	0	0	0.30554	-0.0516418	0.698521	0.0835	0.106633	0.0190347	0	-0.0516418	0.698521	0.0835	0.106633	0.0190347	0	0	0	0.183687	0	0	1.15362	-0.0427888	0.294559	0.0835	0.238159	0.105652	0	-0.0427888	0.294559	0.0835	0.238159	0.105652	0	0	0	-0.173703	0	0	-0.636456	-0.0342422	0.041387	0.09142	0.0650135	0.0677644	0	-0.0342422	0.041387	0.09142	0.0650135	0.0677644	0	0	0	-0.0703689	0	0	-1.40328	-0.0510381	0.698556	-0.0835	0.145297	0.0252234	0	-0.0510381	0.698556	-0.0835	0.145297	0.0252234	0	0	0	0.187188	0	0	1.38405	-0.0421515	0.294806	-0.0835	0.293741	0.130548	0	-0.0421515	0.294806	-0.0835	0.293741	0.130548	0	0	0	-0.177906	0	0	-0.81017	-0.0345795	0.0419884	-0.09142	0.0755806	0.0873833	0	-0.0345795	0.0419884	-0.09142	0.0755806	0.0873833	0	0	0	-0.0639695	0	0	-1.65643	-0.0607689	1.33436	0	-0.0588151	-0.0229926	0	-0.0607689	1.33436	0	-0.0588151	-0.0229926	0	0	0	-0.177726	0	0	-0.227654	2.39814	-0.0826932	0.865661	0.0835	-0.000247166	0.00168292	0	-0.00158031	0.0113915	0	-0.0635339	-0.594649	0	0	0	0.348036	0	0	0.848082	1753.41	254.371	-1734.86	-0	0	0	0	0	3.00175	-0.0105214	0.47845	0.0835	-0.000159737	0.00212681	0	-0.00776863	0.0184591	0	2.2918	-1.08072	0	0	0	-0.357389	0	0	-1.79008	2194.74	185.034	-2186.92	-0	0	0	0	0	2.77389	-0.0845052	0.0569094	0.0835	0.000333205	0.00198883	0	0.00115637	0.00588267	0	3.61819	-1.85675	0	0	0	0.103333	0	0	-0.766827	2028.14	-335.441	-2000.2	-0	0	0	0	0	2.28188	-0.0826745	0.865586	-0.0835	-0.000228472	0.00160803	0	-0.00127898	0.00961547	0	-0.385555	0.0497169	0	0	0	0.351536	0	0	1.07851	1668.4	234.303	-1651.87	-0	0	0	0	0	2.91083	-0.00911141	0.478559	-0.0835	-0.000131056	0.0020557	0	-0.0100157	0.0203466	0	0.383259	-1.01854	0	0	0	-0.365093	0	0	-2.19422	2128.26	163.67	-2121.96	-0	0	0	0	0	2.56088	-0.0849408	0.0571889	-0.0835	0.000267223	0.00184256	0	0.00102082	0.00537188	0	0.10128	-0.876583	0	0	0	0.113935	0	0	-0.846258	1872.4	-269.197	-1852.95	-0	0	0	0	0	0.452762	-0.087815	1.0141	0	7.80076e-05	-0.000400275	0	-0.00113203	0.0130072	0	0.28588	-0.46995	0	0	0	-0.0133543	0	0	-0.533194	331.038	-71.3055	323.267	-0	38.879	0	0	38.879	0.274194	0.278619	0.16599	0.166319	0.116271	0.106677	0.275801	0.265863	0.0836426	0.0836426	0.493701	0.493701	0.578125	0.578125	0.529883	0.529883	0.12168	0.12168	-0	0	0	-0	0	0	-0	0	0	-0	0	0	-0	0	0	-0	0	0	-0	0	0	-0	0	0	-0	0	0	-0	0	0	-0	0	0	-0	0	0	-0	0	0	-0	0	0	-0	0	0	-0	0	0	-0	0	0	-0	0	0	1097.7	98.4371	54.3314	22.4219	79.0809	12.3119	9.58314	100.578	124.891	3.23611	103.266	56.6962	22.032	65.2317	11.6868	13.9459	95.8823	105.968	5.57468	0	0	0	0	0	0	0.919594	0.921551	0.81558	0.815541	0.755201	0.746685	0.914836	0.907059	0.716328	0.713249	1.10527	1.10867	1.02776	1.02206	1.04978	1.02483	0.762697	0.778699	0.0276273	0.0532191	-4.59688	-0.0574272	0.964843	1.99931e-10	0.0167235	0.00538267	0	1.24643	0.401178	0	0.0147557	-0.0484431	2.79856	0.00375034	0.464305	0	2.74207	339.478	0	31.0351	-0.25068	16.7437	0.0492878	-0.00420725	-0.09142	-0.00112524	0.560177	0	-0.822721	409.575	0	-37.4434	-0.0752132	20.2671	0.0494927	-0.00477612	0.09142
0.03	-0.161518	0.27639	-0.0727169	-0.110421	0.928967	-0.01865	0.358074	1.11873	-0.377618	-2.21315	0.0959988	-0.71371	0.363455	1.25735	-0.388513	-2.44278	0.105548	-0.808372	0	1	0	0	0	0	1	0	0	0	0	0	0	0	0	0	-0.0727169	0.928967	0	0.996741	0	0	-0.0806715	-0.110421	-0.01865	0	0	0	0.27639	-0.0504218	0.698781	0.0835	0.995175	0	0	0.0981195	0.13657	0.0333688	0	0	0	1.39512	-0.0401216	0.29574	0.0835	0.995905	0	0	-0.0904078	0.291321	0.130585	0	0	0	-0.818031	-0.0335462	0.0422009	0.09142	0.999096	0	0	-0.0425192	0.0733208	0.0947881	0	0	0	-1.53174	-0.0495059	0.698878	-0.0835	0.994907	0	0	0.100797	0.159673	0.0378617	0	0	0	1.53374	-0.039018	0.296212	-0.0835	0.995652	0	0	-0.093153	0.326353	0.148319	0	0	0	-0.909046	-0.0337668	0.0429652	-0.09142	0.999179	0	0	-0.0405033	0.0837051	0.108185	0	0	0	-1.71742	-0.0614709	1.3341	0	0.995967	0	0	-0.0897188	-0.0808227	-0.0276761	0	0	0	-0.16417	0.346933	0.0879333	0.508782	0.121503	0.175838	0.128296	0.322942	0.0977168	0.0701962	0.071533	0.554435	0.0513828	0.554246	0.0445876	0.11422	0.0534692	0.324466	0.0885277	0.561964	0.121126	0.207923	0.128402	0.318258	0.0976023	0.085536	0.0719089	0.560583	0.0517193	0.522532	0.0456047	0.159712	0.0524597	0.160142	0.0563955	0.155766	0.0569823	0.217617	0.217617	0.900956	-0.506513	0.0193398	0.251761	-0.0506513	-0.0494356	0.512491	0.512491	1.10157	-0.666319	0.0244018	0.349892	-0.0666319	-0.073495	0.13373	0.13373	0.81769	0.260547	0.0136882	0.158001	0.0260547	0.0408798	0.279301	0.279301	0.916668	-0.436064	0.0188479	0.242938	-0.0436064	-0.0464844	0.085168	0.085168	0.743024	-0.0821309	0.0107506	0.115851	-0.00821309	-0.00623373	0.0172991	0.0172991	0.720373	0.914801	0.00755417	0.0751038	0.0914801	0.0908397	0.412845	0.412845	1.00751	-1.37195	0.0198056	0.260231	-0.137195	-0.0699696	0.376254	0.376254	1.01335	-1.05271	0.0206218	0.275348	-0.105271	-0.0463191	0.0621263	0.0621263	0.782857	0.191886	0.00986728	0.104058	0.0191886	0.0131058	0.256577	0.256577	0.907046	-0.608653	0.0178219	0.224943	-0.0608653	-0.0594046	0.557493	0.557493	1.09815	-0.728242	0.0254241	0.371334	-0.0728242	-0.0803251	0.167896	0.167896	0.818368	0.304383	0.015763	0.190486	0.0304383	0.0477576	0.371127	0.371127	0.915594	-0.434313	0.0186622	0.23964	-0.0434313	-0.0462978	0.145596	0.145596	0.750755	-0.25461	0.0100177	0.106036	-0.025461	-0.0193249	0.0105446	0.0105446	0.724158	0.970573	0.00893334	0.0920304	0.0970573	0.0963779	0.413016	0.413016	1.0141	-1.37869	0.0199189	0.26231	-0.137869	-0.0703132	0.559279	0.559279	1.03647	-1.29011	0.0182218	0.231891	-0.129011	-0.0567646	0.139242	0.139242	0.768078	0.228141	0.0127353	0.143834	0.0228141	0.0155821	0	0	0	0	0	0	0	0	0	0	0	0	0	0	0	0	0	0	-0.0727169	0.928967	0	-0.110421	-0.01865	0	-0.0727169	0.928967	0	-0.110421	-0.01865	0	0	0	-0.161518	0	0	0.27639	-0.0504218	0.698781	0.0835	0.13657	0.0333688	0	-0.0504218	0.698781	0.0835	0.13657	0.0333688	0	0	0	0.196555	0	0	1.39512	-0.0401216	0.29574	0.0835	0.291321	0.130585	0	-0.0401216	0.29574	0.0835	0.291321	0.130585	0	0	0	-0.181063	0	0	-0.818031	-0.0335462	0.0422009	0.09142	0.0733208	0.0947881	0	-0.0335462	0.0422009	0.09142	0.0733208	0.0947881	0	0	0	-0.0850641	0	0	-1.53174	-0.0495059	0.698878	-0.0835	0.159673	0.0378617	0	-0.0495059	0.698878	-0.0835	0.159673	0.0378617	0	0	0	0.201937	0	0	1.53374	-0.039018	0.296212	-0.0835	0.326353	0.148319	0	-0.039018	0.296212	-0.0835	0.326353	0.148319	0	0	0	-0.186576	0	0	-0.909046	-0.0337668	0.0429652	-0.09142	0.0837051	0.108185	0	-0.0337668	0.0429652	-0.09142	0.0837051	0.108185	0	0	0	-0.0810288	0	0	-1.71742	-0.0614709	1.3341	0	-0.0808227	-0.0276761	0	-0.0614709	1.3341	0	-0.0808227	-0.0276761	0	0	0	-0.179679	0	0	-0.16417	2.51995	-0.0836215	0.865507	0.0835	-0.000274621	0.00177991	0	-0.00364427	0.00863925	0	-0.0264741	-0.422974	0	0	0	0.358073	0	0	1.11873	1842.47	291.236	-1819.3	-0	0	0	0	0	3.13725	-0.00650154	0.479388	0.0835	-0.000215705	0.0022558	0	-0.00424626	0.00813872	0	0.0907679	-0.915003	0	0	0	-0.377618	0	0	-2.21315	2293.81	229.533	-2282.3	-0	0	0	0	0	2.85109	-0.0835757	0.0584603	0.0835	0.000358194	0.00204301	0	0.0026788	0.00499566	0	-0.718056	-0.16377	0	0	0	0.0959984	0	0	-0.71371	2084.58	-363.374	-2052.67	-0	0	0	0	0	2.39268	-0.0836023	0.865423	-0.0835	-0.000255436	0.00169571	0	-0.00337511	0.00715481	0	0.0620076	-0.165925	0	0	0	0.363456	0	0	1.25735	1749.42	270.824	-1728.33	-0	0	0	0	0	3.06917	-0.00438594	0.479671	-0.0835	-0.000208266	0.00220162	0	-0.00612769	0.00945335	0	1.16383	-1.13576	0	0	0	-0.388513	0	0	-2.44278	2244.03	228.22	-2232.4	-0	0	0	0	0	2.62621	-0.0838615	0.0590225	-0.0835	0.000287712	0.00188839	0	0.00226223	0.00487325	0	0.888663	0.837712	0	0	0	0.105549	0	0	-0.808372	1920.16	-292.086	-1897.82	-0	0	0	0	0	0.477886	-0.0891424	1.01389	0	7.74488e-05	-0.000340357	0	0.000595301	7.79293e-05	0	0.064336	-0.663649	0	0	0	-0.0181652	0	0	-0.44056	349.408	-80.9732	339.896	-0	45.1879	0	0	45.1879	0.269594	0.271551	0.16558	0.165541	0.105201	0.0966847	0.264836	0.257059	0.0662326	0.0641783	0.462017	0.466288	0.390365	0.386869	0.529883	0.529883	0.12168	0.12168	-0	0	0	-0	0	0	-0	0	0	-0	0	0	-0	0	0	-0	0	0	-0	0	0	-0	0	0	-0	0	0	-0	0	0	-0	0	0	-0	0	0	-0	0	0	-0	0	0	-0	0	0	-0	0	0	-0	0	0	-0	0	0	1014.1	78.8332	51.4664	20.173	69.0216	5.39169	7.13834	86.9241	108.279	3.71723	82.7871	59.0983	25.3776	75.1576	8.48129	8.1833	87.5563	117.427	6.54318	0	0	0	0	0	0	0.915594	0.916668	0.818368	0.81769	0.750755	0.743024	0.907046	0.900956	0.724158	0.720373	1.09815	1.10157	1.0141	1.00751	1.03647	1.01335	0.768078	0.782857	0.0278861	-5.91576e-05	-5.75422	-0.0572639	0.964919	1.99931e-10	0.0157552	0.0105072	0	1.17426	0.783117	0	0.0105105	-0.0299746	3.55044	-0.00971793	0.490722	0	-7.10529	358.793	0	32.8009	0.649566	17.815	0.0497402	-0.0044328	-0.09142	-0.00524853	0.583054	0	-3.83748	426.302	0	-38.9725	-0.350823	21.2414	0.049872	-0.00498331	0.09142
0.04	-0.158691	0.292787	-0.0738228	-0.110341	0.928804	-0.0148716	0.370337	1.31949	-0.401831	-2.60598	0.0892316	-0.665154	0.37644	1.33425	-0.413831	-2.61258	0.0976709	-0.799004	0	1	0	0	0	0	1	0	0	0	0	0	0	0	0	0	-0.0738228	0.928804	0	0.996854	0	0	-0.0792621	-0.110341	-0.0148716	0	0	0	0.292787	-0.0488666	0.699165	0.0835	0.994406	0	0	0.105626	0.173371	0.0426211	0	0	0	1.61228	-0.0369369	0.297173	0.0835	0.995482	0	0	-0.0949487	0.34393	0.156009	0	0	0	-0.993703	-0.0327822	0.0432869	0.09142	0.998726	0	0	-0.0504548	0.0802549	0.121884	0	0	0	-1.65886	-0.0478352	0.699313	-0.0835	0.994079	0	0	0.10866	0.174795	0.0486116	0	0	0	1.62704	-0.03564	0.297778	-0.0835	0.995198	0	0	-0.0978838	0.349636	0.165416	0	0	0	-0.985538	-0.032916	0.0441527	-0.09142	0.99879	0	0	-0.0491854	0.0875593	0.127703	0	0	0	-1.78454	-0.0624063	1.33384	0	0.99591	0	0	-0.0903482	-0.105545	-0.0230336	0	0	0	-0.0904594	0.326366	0.0875626	0.500533	0.120755	0.17159	0.128772	0.312823	0.0972464	0.0650158	0.0725631	0.510957	0.0507059	0.518543	0.044177	0.128895	0.0536169	0.310433	0.0880579	0.537689	0.120329	0.209712	0.128895	0.335517	0.097034	0.076381	0.073014	0.512225	0.0510346	0.546666	0.0450521	0.155223	0.052676	0.145925	0.0564871	0.147903	0.0569417	0.210207	0.210207	0.897158	-0.280427	0.0201372	0.266331	-0.0280427	-0.0273697	0.48757	0.48757	1.09478	-0.683127	0.0239627	0.340848	-0.0683127	-0.0753489	0.1597	0.1597	0.820725	0.334517	0.0137658	0.159175	0.0334517	0.0524857	0.268827	0.268827	0.912255	-0.450124	0.0183059	0.233364	-0.0450124	-0.0479832	0.135115	0.135115	0.744231	0.345867	0.0115597	0.127009	0.0345867	0.0262513	0.07669	0.07669	0.730746	1.13434	0.0076555	0.0763136	0.113434	0.11264	0.446987	0.446987	0.994233	-1.28105	0.0193336	0.251649	-0.128105	-0.0653338	0.333283	0.333283	1.00402	-0.844061	0.0212448	0.287121	-0.0844061	-0.0371387	0.0984368	0.0984368	0.785021	0.0541715	0.0103855	0.110927	0.00541715	0.00369991	0.278013	0.278013	0.902232	-0.362952	0.0189077	0.244005	-0.0362952	-0.0354241	0.46738	0.46738	1.09093	-0.685428	0.0250515	0.363455	-0.0685428	-0.0756027	0.176281	0.176281	0.821511	0.293982	0.0158795	0.192376	0.0293982	0.0461258	0.232807	0.232807	0.910262	-0.547366	0.0185105	0.236958	-0.0547366	-0.0583493	0.0929402	0.0929402	0.750219	0.175932	0.0112146	0.122209	0.0175932	0.0133533	0.0511991	0.0511991	0.735287	1.19052	0.00877154	0.0899936	0.119052	0.118219	0.303634	0.303634	1.00068	-1.29845	0.0192452	0.250053	-0.129845	-0.0662209	0.384045	0.384045	1.02391	-1.21938	0.0192461	0.250072	-0.121938	-0.0536527	0.136472	0.136472	0.771244	0.400951	0.0131375	0.149755	0.0400951	0.027385	0	0	0	0	0	0	0	0	0	0	0	0	0	0	0	0	0	0	-0.0738228	0.928804	0	-0.110341	-0.0148716	0	-0.0738228	0.928804	0	-0.110341	-0.0148716	0	0	0	-0.158691	0	0	0.292787	-0.0488666	0.699165	0.0835	0.173371	0.0426211	0	-0.0488666	0.699165	0.0835	0.173371	0.0426211	0	0	0	0.211647	0	0	1.61228	-0.0369369	0.297173	0.0835	0.34393	0.156009	0	-0.0369369	0.297173	0.0835	0.34393	0.156009	0	0	0	-0.190184	0	0	-0.993703	-0.0327822	0.0432869	0.09142	0.0802549	0.121884	0	-0.0327822	0.0432869	0.09142	0.0802549	0.121884	0	0	0	-0.100952	0	0	-1.65886	-0.0478352	0.699313	-0.0835	0.174795	0.0486116	0	-0.0478352	0.699313	-0.0835	0.174795	0.0486116	0	0	0	0.21775	0	0	1.62704	-0.03564	0.297778	-0.0835	0.349636	0.165416	0	-0.03564	0.297778	-0.0835	0.349636	0.165416	0	0	0	-0.196081	0	0	-0.985538	-0.032916	0.0441527	-0.09142	0.0875593	0.127703	0	-0.032916	0.0441527	-0.09142	0.0875593	0.127703	0	0	0	-0.0984106	0	0	-1.78454	-0.0624063	1.33384	0	-0.105545	-0.0230336	0	-0.0624063	1.33384	0	-0.105545	-0.0230336	0	0	0	-0.180943	0	0	-0.0904594	2.56988	-0.0845785	0.865371	0.0835	-0.000310197	0.001837	0	-0.00337	0.00297354	0	0.0546841	-0.451853	0	0	0	0.370337	0	0	1.31949	1878.98	325.562	-1850.56	-0	0	0	0	0	3.17327	-0.00164326	0.480507	0.0835	-0.000252556	0.00229931	0	-0.00350583	0.0017724	0	-0.038702	-0.327652	0	0	0	-0.40183	0	0	-2.60598	2320.15	263.972	-2305.08	-0	0	0	0	0	2.89935	-0.082547	0.060339	0.0835	0.000383243	0.00207895	0	0.00202132	0.0027242	0	-0.203024	-0.0392478	0	0	0	0.089236	0	0	-0.665154	2119.87	-387.152	-2084.22	-0	0	0	0	0	2.49182	-0.0845608	0.865299	-0.0835	-0.000292465	0.00176424	0	-0.00403987	0.00678753	0	-0.0737936	-0.0153209	0	0	0	0.37644	0	0	1.33425	1821.9	310.884	-1795.18	-0	0	0	0	0	3.10576	0.000734236	0.4809	-0.0835	-0.000254013	0.00225019	0	-0.00371248	0.00151835	0	0.124556	-0.516359	0	0	0	-0.413831	0	0	-2.61258	2270.78	266.102	-2255.14	-0	0	0	0	0	2.6997	-0.082724	0.0610784	-0.0835	0.000317514	0.00193852	0	0.00331432	0.00445546	0	0.0443448	-0.00367904	0	0	0	0.0976708	0	0	-0.799004	1973.9	-323.923	-1947.14	-0	0	0	0	0	0.501405	-0.0904825	1.01367	0	8.43257e-05	-0.000351384	0	0.000783309	-0.000719845	0	0.00848856	0.123657	0	0	0	-0.022237	0	0	-0.383246	366.604	-88.9632	355.646	-0	49.6131	0	0	49.6131	0.265594	0.266668	0.168368	0.16769	0.100755	0.0930242	0.257046	0.250956	0.066328	0.063249	0.455271	0.45867	0.377758	0.372059	0.423603	0.394979	0.100701	0.113257	-0	0	0	-0	0	0	-0	0	0	-0	0	0	-0	0	0	-0	0	0	-0	0	0	-0	0	0	-0	0	0	-0	0	0	-0	0	0	-0	0	0	-0	0	0	-0	0	0	-0	0	0	-0	0	0	-0	0	0	-0	0	0	935.629	59.286	50.5948	21.6906	67.0619	4.90513	11.1604	81.4717	94.0087	4.84758	67.4293	53.079	26.2262	73.8703	4.18467	10.2417	76.1194	110.54	6.36876	0	0	0	0	0	0	0.910262	0.912255	0.821511	0.820725	0.750219	0.744231	0.902232	0.897158	0.735287	0.730746	1.09093	1.09478	1.00068	0.994233	1.02391	1.00402	0.771244	0.785021	0.0275724	-0.0610534	-6.42844	-0.0571122	0.965065	1.99931e-10	0.0148477	0.01863	0	1.10662	1.38852	0	0.00822956	-0.00370746	4.33279	-0.00269248	0.501847	0	-1.96861	366.927	0	33.5445	0.17997	18.4104	0.0501989	-0.00456309	-0.09142	7.40008e-05	0.58918	0	0.0541059	430.781	0	-39.382	0.00494636	21.6571	0.0502733	-0.00510156	0.09142
0.05	-0.155522	0.341159	-0.0749035	-0.105121	0.928677	-0.0104514	0.384204	1.43177	-0.429468	-2.88907	0.0821937	-0.734986	0.390014	1.37241	-0.440784	-2.76745	0.0893875	-0.846387	0	1	0	0	0	0	1	0	0	0	0	0	0	0	0	0	-0.0749035	0.928677	0	0.996978	0	0	-0.0776825	-0.105121	-0.0104514	0	0	0	0.341159	-0.0469427	0.699653	0.0835	0.99347	0	0	0.114092	0.207843	0.0554906	0	0	0	1.77293	-0.0332413	0.298908	0.0835	0.994965	0	0	-0.100224	0.390222	0.187481	0	0	0	-1.11614	-0.0319125	0.044658	0.09142	0.998242	0	0	-0.0592613	0.0926787	0.149294	0	0	0	-1.85113	-0.0459738	0.699841	-0.0835	0.993134	0	0	0.116978	0.197327	0.0556875	0	0	0	1.71357	-0.0319954	0.299536	-0.0835	0.994685	0	0	-0.102963	0.377659	0.184652	0	0	0	-1.05388	-0.0319984	0.0455166	-0.09142	0.998292	0	0	-0.0584185	0.0953663	0.143927	0	0	0	-1.90027	-0.0636026	1.33365	0	0.995889	0	0	-0.0905789	-0.132184	-0.0167883	0	0	0	-0.00484516	0.321411	0.0873626	0.479845	0.119967	0.1782	0.129315	0.306789	0.0967513	0.068407	0.0736876	0.487908	0.0500518	0.478445	0.0438519	0.124628	0.053749	0.303174	0.0877711	0.497492	0.119578	0.195375	0.129461	0.325726	0.0964796	0.0739662	0.0742148	0.466225	0.0503968	0.499266	0.0445751	0.148529	0.0529909	0.139421	0.0568263	0.138341	0.0572018	0.221391	0.221391	0.895108	-0.195564	0.0205396	0.273811	-0.0195564	-0.019087	0.369839	0.369839	1.08765	-0.723938	0.0229393	0.320167	-0.0723938	-0.0798503	0.149982	0.149982	0.824186	0.332935	0.0142234	0.166166	0.0332935	0.0522375	0.260865	0.260865	0.90761	-0.492989	0.0177358	0.223457	-0.0492989	-0.0525526	0.0812317	0.0812317	0.748699	0.603687	0.0120002	0.13323	0.0603687	0.0458199	0.07391	0.07391	0.742071	1.32057	0.00840599	0.0854419	0.132057	0.131133	0.330594	0.330594	0.981408	-1.27862	0.0187198	0.240661	-0.127862	-0.0652095	0.306893	0.306893	0.996635	-0.656505	0.0215474	0.292913	-0.0656505	-0.0288862	0.0912129	0.0912129	0.786955	0.325552	0.011083	0.120394	0.0325552	0.0222352	0.216485	0.216485	0.899294	-0.223712	0.0195538	0.255638	-0.0223712	-0.0218343	0.531341	0.531341	1.08412	-0.656234	0.0240405	0.342444	-0.0656234	-0.0723826	0.161295	0.161295	0.825116	0.43071	0.0156544	0.18873	0.043071	0.0675783	0.2539	0.2539	0.905062	-0.530445	0.0182091	0.231668	-0.0530445	-0.0565455	0.103143	0.103143	0.753646	0.523241	0.0118041	0.130449	0.0523241	0.039714	0.0778868	0.0778868	0.74738	1.23721	0.00881715	0.0905671	0.123721	0.122855	0.303526	0.303526	0.988172	-1.22932	0.0184892	0.236584	-0.122932	-0.0626953	0.4722	0.4722	1.01307	-0.947513	0.0199525	0.262928	-0.0947513	-0.0416906	0.145477	0.145477	0.775855	0.556577	0.0132746	0.151793	0.0556577	0.0380142	0	0	0	0	0	0	0	0	0	0	0	0	0	0	0	0	0	0	-0.0749035	0.928677	0	-0.105121	-0.0104514	0	-0.0749035	0.928677	0	-0.105121	-0.0104514	0	0	0	-0.155522	0	0	0.341159	-0.0469427	0.699653	0.0835	0.207843	0.0554906	0	-0.0469427	0.699653	0.0835	0.207843	0.0554906	0	0	0	0.228682	0	0	1.77293	-0.0332413	0.298908	0.0835	0.390222	0.187481	0	-0.0332413	0.298908	0.0835	0.390222	0.187481	0	0	0	-0.200786	0	0	-1.11614	-0.0319125	0.044658	0.09142	0.0926787	0.149294	0	-0.0319125	0.044658	0.09142	0.0926787	0.149294	0	0	0	-0.118592	0	0	-1.85113	-0.0459738	0.699841	-0.0835	0.197327	0.0556875	0	-0.0459738	0.699841	-0.0835	0.197327	0.0556875	0	0	0	0.234493	0	0	1.71357	-0.0319954	0.299536	-0.0835	0.377659	0.184652	0	-0.0319954	0.299536	-0.0835	0.377659	0.184652	0	0	0	-0.206291	0	0	-1.05388	-0.0319984	0.0455166	-0.09142	0.0953663	0.143927	0	-0.0319984	0.0455166	-0.09142	0.0953663	0.143927	0	0	0	-0.116904	0	0	-1.90027	-0.0636026	1.33365	0	-0.132184	-0.0167883	0	-0.0636026	1.33365	0	-0.132184	-0.0167883	0	0	0	-0.181407	0	0	-0.00484516	2.58437	-0.0854807	0.865227	0.0835	-0.000338592	0.0018515	0	-0.00286563	0.00110984	0	-0.203869	0.166568	0	0	0	0.384205	0	0	1.43177	1889.57	351.657	-1856.56	-0	0	0	0	0	3.20046	0.00399401	0.481857	0.0835	-0.000296269	0.00232095	0	-0.00367427	-0.000402078	0	0.253843	-1.09803	0	0	0	-0.429468	0	0	-2.88907	2340.03	308.233	-2319.64	-0	0	0	0	0	2.90753	-0.0813688	0.0625853	0.0835	0.0003962	0.0020895	0	0.00174472	-0.000796542	0	0.0435675	-0.231203	0	0	0	0.0821909	0	0	-0.734986	2125.85	-399.573	-2087.96	-0	0	0	0	0	2.53592	-0.0854732	0.865188	-0.0835	-0.000331111	0.00181279	0	-0.00316411	0.00194703	0	0.212495	-0.580589	0	0	0	0.390014	0	0	1.37241	1854.14	345.538	-1821.66	-0	0	0	0	0	3.10172	0.00624656	0.482277	-0.0835	-0.000290692	0.0022518	0	-0.00374848	-0.0013188	0	-0.100757	-0.213998	0	0	0	-0.440783	0	0	-2.76745	2267.83	302.898	-2247.51	-0	0	0	0	0	2.73322	-0.0814849	0.0633604	-0.0835	0.000345901	0.00196582	0	0.00258818	0.000791803	0	-0.12213	-0.542051	0	0	0	0.0893883	0	0	-0.846387	1998.4	-350.905	-1967.35	-0	0	0	0	0	0.507401	-0.0918271	1.01348	0	9.03308e-05	-0.000356816	0	0.000440478	-0.00039563	0	-0.0341526	0.0932107	0	0	0	-0.0258837	0	0	-0.346004	370.988	-92.9386	359.158	-0	53.3612	0	0	53.3612	0.260262	0.262255	0.171511	0.170725	0.100219	0.0942308	0.252232	0.247158	0.0741577	0.0703727	0.448153	0.451568	0.364103	0.357506	0.407293	0.381111	0.10913	0.125453	-0	0	0	-0	0	0	-0	0	0	-0	0	0	-0	0	0	-0	0	0	-0	0	0	-0	0	0	-0	0	0	-0	0	0	-0	0	0	-0	0	0	-0	0	0	-0	0	0	-0	0	0	-0	0	0	-0	0	0	-0	0	0	865.782	52.7312	46.1618	21.605	67.4434	3.79728	11.3385	73.1474	79.326	4.58746	52.0495	51.7117	23.9169	72.3012	4.17195	12.2473	68.7596	101.514	6.42869	0	0	0	0	0	0	0.905062	0.90761	0.825116	0.824186	0.753646	0.748699	0.899294	0.895108	0.74738	0.742071	1.08412	1.08765	0.988172	0.981408	1.01307	0.996635	0.775855	0.786955	0.026604	-0.129801	-7.34217	-0.056965	0.965301	1.99931e-10	0.0145857	0.0279407	0	1.08709	2.08246	0	-0.00133589	0.0117492	5.17347	-0.000179557	0.510267	0	-0.131284	373.083	0	34.1073	0.012002	18.9042	0.0506719	-0.00464761	-0.09142	-0.00244024	0.586311	0	-1.78419	428.683	0	-39.1902	-0.163111	21.7318	0.0507158	-0.00514662	0.09142
0.06	-0.151779	0.410083	-0.075902	-0.0930906	0.928593	-0.00671479	0.398755	1.44158	-0.459308	-3.0074	0.0741618	-0.92037	0.403738	1.3445	-0.469002	-2.82309	0.0802917	-1.00747	0	1	0	0	0	0	1	0	0	0	0	0	0	0	0	0	-0.075902	0.928593	0	0.997122	0	0	-0.0758169	-0.0930906	-0.00671479	0	0	0	0.410083	-0.0446994	0.700267	0.0835	0.992385	0	0	0.123174	0.237749	0.065817	0	0	0	1.85167	-0.0291399	0.300947	0.0835	0.99437	0	0	-0.105967	0.424344	0.220615	0	0	0	-1.15574	-0.0309136	0.046282	0.09142	0.997615	0	0	-0.0690303	0.109118	0.173437	0	0	0	-2.07611	-0.0438686	0.700434	-0.0835	0.992075	0	0	0.125646	0.221363	0.0628736	0	0	0	1.75459	-0.0280731	0.30151	-0.0835	0.994117	0	0	-0.108309	0.402717	0.211147	0	0	0	-1.06851	-0.0309824	0.0470556	-0.09142	0.997663	0	0	-0.0683226	0.109523	0.163071	0	0	0	-2.07597	-0.065068	1.33351	0	0.995911	0	0	-0.0903454	-0.159412	-0.0106912	0	0	0	0.0969513	0.308208	0.0872388	0.451249	0.11915	0.180857	0.129905	0.316516	0.0961955	0.0962067	0.0748049	0.462857	0.0494106	0.436149	0.0436017	0.118576	0.0540467	0.281391	0.087637	0.501745	0.118768	0.190216	0.130091	0.323354	0.0959337	0.0982013	0.0752894	0.428385	0.0497828	0.471386	0.0441842	0.146711	0.0533745	0.130626	0.0573733	0.131769	0.0576759	0.302506	0.302506	0.89384	-0.0975871	0.0206654	0.276166	-0.00975871	-0.0095245	0.517254	0.517254	1.08023	-0.784754	0.0215202	0.292391	-0.0784754	-0.0865584	0.209408	0.209408	0.827947	0.366581	0.0145768	0.171638	0.0366581	0.0575165	0.229083	0.229083	0.902397	-0.589839	0.0174343	0.218284	-0.0589839	-0.0628769	0.108584	0.108584	0.755906	0.798755	0.0120451	0.133869	0.0798755	0.0606255	0.0632633	0.0632633	0.753322	0.906833	0.0101089	0.107243	0.0906833	0.0900485	0.427596	0.427596	0.968835	-1.28334	0.0179831	0.227734	-0.128334	-0.0654504	0.443456	0.443456	0.990947	-0.493888	0.0214934	0.291874	-0.0493888	-0.0217311	0.117936	0.117936	0.791313	0.557154	0.0113949	0.124709	0.0557154	0.0380536	0.254383	0.254383	0.89792	-0.0541725	0.0197242	0.258744	-0.00541725	-0.00528724	0.524221	0.524221	1.07677	-0.782244	0.0230638	0.322653	-0.0782244	-0.0862815	0.15209	0.15209	0.829134	0.388625	0.0152529	0.182289	0.0388625	0.0609753	0.30347	0.30347	0.899941	-0.528983	0.0180829	0.229468	-0.0528983	-0.0563896	0.112157	0.112157	0.759894	0.710978	0.0119848	0.133011	0.0710978	0.0539632	0.0790919	0.0790919	0.758201	0.872569	0.0102683	0.109361	0.0872569	0.0866461	0.423086	0.423086	0.976133	-1.20118	0.0176041	0.221192	-0.120118	-0.0612601	0.339674	0.339674	1.00419	-0.794882	0.0202784	0.268947	-0.0794882	-0.0349748	0.13184	0.13184	0.781471	0.597596	0.0133718	0.153245	0.0597596	0.0408158	0	0	0	0	0	0	0	0	0	0	0	0	0	0	0	0	0	0	-0.075902	0.928593	0	-0.0930906	-0.00671479	0	-0.075902	0.928593	0	-0.0930906	-0.00671479	0	0	0	-0.151779	0	0	0.410083	-0.0446994	0.700267	0.0835	0.237749	0.065817	0	-0.0446994	0.700267	0.0835	0.237749	0.065817	0	0	0	0.246976	0	0	1.85167	-0.0291399	0.300947	0.0835	0.424344	0.220615	0	-0.0291399	0.300947	0.0835	0.424344	0.220615	0	0	0	-0.212332	0	0	-1.15574	-0.0309136	0.046282	0.09142	0.109118	0.173437	0	-0.0309136	0.046282	0.09142	0.109118	0.173437	0	0	0	-0.13817	0	0	-2.07611	-0.0438686	0.700434	-0.0835	0.221363	0.0628736	0	-0.0438686	0.700434	-0.0835	0.221363	0.0628736	0	0	0	0.251958	0	0	1.75459	-0.0280731	0.30151	-0.0835	0.402717	0.211147	0	-0.0280731	0.30151	-0.0835	0.402717	0.211147	0	0	0	-0.217043	0	0	-1.06851	-0.0309824	0.0470556	-0.09142	0.109523	0.163071	0	-0.0309824	0.0470556	-0.09142	0.109523	0.163071	0	0	0	-0.136752	0	0	-2.07597	-0.065068	1.33351	0	-0.159412	-0.0106912	0	-0.065068	1.33351	0	-0.159412	-0.0106912	0	0	0	-0.180938	0	0	0.0969513	2.58495	-0.0862598	0.865108	0.0835	-0.000363618	0.00185511	0	-0.00118683	-0.000325719	0	0.194492	0.376234	0	0	0	0.398755	0	0	1.44158	1890	369.029	-1853.62	-0	0	0	0	0	3.25756	0.0102053	0.483454	0.0835	-0.000346113	0.00232953	0	-0.00825202	0.00701959	0	-0.141527	0.769798	0	0	0	-0.459308	0	0	-3.0074	2381.77	372.984	-2352.39	-0	0	0	0	0	2.86299	-0.0800094	0.0651741	0.0835	0.000403576	0.00206316	0	-0.0011277	-0.00450888	0	0.072207	-0.206273	0	0	0	0.0741619	0	0	-0.92037	2093.28	-401.395	-2054.44	-0	0	0	0	0	2.52446	-0.0862497	0.865067	-0.0835	-0.00035359	0.00181358	0	-0.0012034	-0.000674548	0	0.195958	0.0854043	0	0	0	0.403738	0	0	1.3445	1845.76	359.076	-1810.5	-0	0	0	0	0	3.15939	0.0121315	0.48383	-0.0835	-0.000341896	0.00225955	0	-0.00785172	0.0064581	0	-0.172553	0.589514	0	0	0	-0.469002	0	0	-2.82309	2310	367.464	-2280.58	-0	0	0	0	0	2.72017	-0.080105	0.065878	-0.0835	0.000361092	0.00195992	0	-0.000251397	-0.00208196	0	-0.100295	-0.338426	0	0	0	0.0802917	0	0	-1.00747	1988.86	-360.606	-1955.89	-0	0	0	0	0	0.498558	-0.0931423	1.01334	0	9.22084e-05	-0.000355676	0	-0.000382349	0.000409509	0	-0.185104	-0.342362	0	0	0	-0.0291585	0	0	-0.313131	364.522	-89.9447	353.251	-0	55.7835	0	0	55.7835	0.255062	0.25761	0.175116	0.174186	0.103646	0.0986991	0.249294	0.245108	0.0852871	0.0807463	0.440926	0.444785	0.350679	0.344233	0.392901	0.368881	0.116072	0.131194	-0	0	0	-0	0	0	-0	0	0	-0	0	0	-0	0	0	-0	0	0	-0	0	0	-0	0	0	-0	0	0	-0	0	0	-0	0	0	-0	0	0	-0	0	0	-0	0	0	-0	0	0	-0	0	0	-0	0	0	-0	0	0	849.307	49.0713	50.3184	26.445	71.5776	4.11386	13.3185	73.4494	73.5801	5.03001	38.8909	54.9501	22.8723	75.0993	4.21714	14.874	67.8984	84.9851	6.07283	0	0	0	0	0	0	0.899941	0.902397	0.829134	0.827947	0.759894	0.755906	0.89792	0.89384	0.758201	0.753322	1.07677	1.08023	0.976133	0.968835	1.00419	0.990947	0.781471	0.791313	0.024908	-0.207096	-8.49271	-0.0568203	0.965629	1.99931e-10	0.014168	0.0372096	0	1.05596	2.77329	0	-0.00640163	0.0193756	6.00509	-0.00922766	0.513938	0	-6.74683	375.767	0	34.3526	0.616795	19.1998	0.0511792	-0.00469601	-0.09142	-0.0117522	0.579595	0	-8.59266	423.773	0	-38.7413	-0.785541	21.6574	0.0512104	-0.00514114	0.09142
0.07	-0.147219	0.503161	-0.0767187	-0.0700987	0.928568	0.000723253	0.412428	1.27589	-0.48904	-2.90436	0.0645574	-1.02109	0.416421	1.18571	-0.496928	-2.75134	0.0702455	-1.01347	0	1	0	0	0	0	1	0	0	0	0	0	0	0	0	0	-0.0767187	0.928568	0	0.997292	0	0	-0.0735432	-0.0700987	0.000723253	0	0	0	0.503161	-0.0422374	0.700994	0.0835	0.991221	0	0	0.132216	0.252691	0.0767437	0	0	0	1.77905	-0.0248528	0.30322	0.0835	0.993744	0	0	-0.111682	0.42923	0.233393	0	0	0	-1.1253	-0.0297717	0.0480758	0.09142	0.996831	0	0	-0.0795531	0.118965	0.18429	0	0	0	-2.1464	-0.0415663	0.701108	-0.0835	0.990955	0	0	0.134195	0.23849	0.0700668	0	0	0	1.68887	-0.0240127	0.303655	-0.0835	0.993525	0	0	-0.113617	0.407637	0.217817	0	0	0	-1.06247	-0.0298555	0.0487268	-0.09142	0.996902	0	0	-0.0786592	0.115147	0.17123	0	0	0	-2.07594	-0.0667942	1.33344	0	0.995983	0	0	-0.0895414	-0.184832	-0.00250315	0	0	0	0.22344	0.29773	0.0871472	0.46417	0.118189	0.210496	0.130353	0.295568	0.0956335	0.110824	0.0759038	0.451067	0.0487381	0.439897	0.0433733	0.116491	0.054457	0.289736	0.0875611	0.500445	0.117868	0.181838	0.130697	0.319045	0.0953966	0.105199	0.0763637	0.415207	0.0491447	0.44654	0.0438613	0.143765	0.0538116	0.127602	0.0579688	0.126201	0.0582366	0.207569	0.207569	0.892901	-0.0658212	0.0203934	0.271083	-0.00658212	-0.00642415	0.390212	0.390212	1.07152	-0.863745	0.0212507	0.287234	-0.0863745	-0.0952711	0.107941	0.107941	0.830803	0.250341	0.0158968	0.192657	0.0250341	0.0392785	0.245971	0.245971	0.897125	-0.470622	0.0173374	0.216635	-0.0470622	-0.0501683	0.0879653	0.0879653	0.763753	0.777281	0.0119285	0.132212	0.0777281	0.0589956	0.0837652	0.0837652	0.764389	1.00957	0.0116487	0.12826	0.100957	0.10025	0.386183	0.386183	0.955649	-1.34829	0.0171849	0.214046	-0.134829	-0.0687627	0.26748	0.26748	0.985757	-0.542549	0.0211949	0.286169	-0.0542549	-0.0238722	0.0737094	0.0737095	0.79732	0.667034	0.0116138	0.127768	0.0667034	0.0455584	0.149443	0.149443	0.897142	-0.141788	0.0194972	0.254612	-0.0141788	-0.0138385	0.42399	0.42399	1.06861	-0.800562	0.0228334	0.318056	-0.0800562	-0.088302	0.165798	0.165798	0.832993	0.376565	0.0147575	0.174462	0.0376565	0.059083	0.24304	0.24304	0.894902	-0.474294	0.0182406	0.232218	-0.0474294	-0.0505597	0.152894	0.152894	0.76728	0.813448	0.0119791	0.13293	0.0813448	0.0617407	0.0854495	0.0854495	0.76902	1.07818	0.0114203	0.125063	0.107818	0.107063	0.400991	0.400991	0.963621	-1.27073	0.0167376	0.206519	-0.127073	-0.0648075	0.457383	0.457383	0.996847	-0.696234	0.0202559	0.268527	-0.0696234	-0.0306343	0.155184	0.155184	0.787871	0.678213	0.0135059	0.155254	0.0678213	0.046322	0	0	0	0	0	0	0	0	0	0	0	0	0	0	0	0	0	0	-0.0767187	0.928568	0	-0.0700987	0.000723253	0	-0.0767187	0.928568	0	-0.0700987	0.000723253	0	0	0	-0.147219	0	0	0.503161	-0.0422374	0.700994	0.0835	0.252691	0.0767437	0	-0.0422374	0.700994	0.0835	0.252691	0.0767437	0	0	0	0.265209	0	0	1.77905	-0.0248528	0.30322	0.0835	0.42923	0.233393	0	-0.0248528	0.30322	0.0835	0.42923	0.233393	0	0	0	-0.223832	0	0	-1.1253	-0.0297717	0.0480758	0.09142	0.118965	0.18429	0	-0.0297717	0.0480758	0.09142	0.118965	0.18429	0	0	0	-0.159274	0	0	-2.1464	-0.0415663	0.701108	-0.0835	0.23849	0.0700668	0	-0.0415663	0.701108	-0.0835	0.23849	0.0700668	0	0	0	0.269202	0	0	1.68887	-0.0240127	0.303655	-0.0835	0.407637	0.217817	0	-0.0240127	0.303655	-0.0835	0.407637	0.217817	0	0	0	-0.227726	0	0	-1.06247	-0.0298555	0.0487268	-0.09142	0.115147	0.17123	0	-0.0298555	0.0487268	-0.09142	0.115147	0.17123	0	0	0	-0.157481	0	0	-2.07594	-0.0667942	1.33344	0	-0.184832	-0.00250315	0	-0.0667942	1.33344	0	-0.184832	-0.00250315	0	0	0	-0.179323	0	0	0.22344	2.61958	-0.0867962	0.865051	0.0835	-0.000381365	0.0018677	0	-0.00197494	0.00162669	0	0.00905108	0.0716004	0	0	0	0.412428	0	0	1.27589	1915.32	390.37	-1875.11	-0	0	0	0	0	3.31136	0.0165886	0.485263	0.0835	-0.000411054	0.00236708	0	-0.00661629	0.00462902	0	-0.136848	0.488014	0	0	0	-0.48904	0	0	-2.90436	2421.11	432.599	-2382.15	-0	0	0	0	0	2.78861	-0.078458	0.0679997	0.0835	0.000399448	0.00200999	0	-0.000543013	-0.00537404	0	-0.220075	0.0631489	0	0	0	0.0645631	0	0	-1.02109	2038.9	-398.398	-1999.6	-0	0	0	0	0	2.50344	-0.0867798	0.864986	-0.0835	-0.000365019	0.00180237	0	-0.00107722	-0.00213733	0	0.029995	-0.114389	0	0	0	0.41642	0	0	1.18571	1830.4	369.93	-1792.63	-0	0	0	0	0	3.18694	0.0181373	0.485535	-0.0835	-0.000403738	0.00228691	0	-0.00554746	0.00145361	0	0.00998449	0.171568	0	0	0	-0.496928	0	0	-2.75134	2330.14	421.802	-2291.64	-0	0	0	0	0	2.67194	-0.0785774	0.0685633	-0.0835	0.000363424	0.00192666	0	0.000514388	-0.00380275	0	-0.0445961	-0.0347366	0	0	0	0.0702449	0	0	-1.01347	1953.6	-364.419	-1919.31	-0	0	0	0	0	0.514889	-0.0943516	1.01322	0	8.75816e-05	-0.000363931	0	-0.000405572	-0.000467591	0	-0.0168003	0.0285015	0	0	0	-0.0321009	0	0	-0.279721	376.463	-85.1804	366.699	-0	56.5783	0	0	56.5783	0.249941	0.252397	0.179134	0.177947	0.109894	0.105906	0.24792	0.24384	0.0973801	0.092071	0.434115	0.437646	0.338172	0.331408	0.380102	0.358424	0.119448	0.134188	-0	0	0	-0	0	0	-0	0	0	-0	0	0	-0	0	0	-0	0	0	-0	0	0	-0	0	0	-0	0	0	-0	0	0	-0	0	0	-0	0	0	-0	0	0	-0	0	0	-0	0	0	-0	0	0	-0	0	0	-0	0	0	805.228	38.0942	48.7822	21.7281	62.8264	3.70961	16.6622	70.3798	66.6345	4.0514	39.7105	51.9965	23.207	66.9544	4.92345	16.2768	65.6722	84.4795	6.59677	0	0	0	0	0	0	0.894902	0.897125	0.832993	0.830803	0.76728	0.763753	0.897142	0.892901	0.76902	0.764389	1.06861	1.07152	0.963621	0.955649	0.996847	0.985757	0.787871	0.79732	0.0223875	-0.294761	-9.09045	-0.0566944	0.966047	1.99931e-10	0.0108734	0.0456938	0	0.810407	3.40562	0	-0.0115	0.01815	6.62536	-0.0184504	0.50894	0	-13.4901	372.113	0	34.0185	1.23326	19.1897	0.0517402	-0.00470912	-0.09142	-0.0235159	0.568497	0	-17.1937	415.658	0	-37.9995	-1.57185	21.4322	0.0517734	-0.00510776	0.09142
0.08	-0.141726	0.59524	-0.0772854	-0.0445913	0.928617	0.00721932	0.42403	1.05135	-0.517179	-2.73164	0.0545514	-0.986853	0.427356	1.00882	-0.523883	-2.64767	0.0599806	-1.04699	0	1	0	0	0	0	1	0	0	0	0	0	0	0	0	0	-0.0772854	0.928617	0	0.99749	0	0	-0.0708036	-0.0445913	0.00721932	0	0	0	0.59524	-0.0396655	0.701774	0.0835	0.990055	0	0	0.140684	0.260976	0.0789495	0	0	0	1.64659	-0.0206132	0.305513	0.0835	0.993112	0	0	-0.117168	0.418873	0.225562	0	0	0	-1.08505	-0.0285778	0.0498981	0.09142	0.995938	0	0	-0.0900398	0.119261	0.180799	0	0	0	-2.0719	-0.0391004	0.70185	-0.0835	0.989819	0	0	0.14233	0.254006	0.0773724	0	0	0	1.60406	-0.0199302	0.305856	-0.0835	0.992913	0	0	-0.118845	0.409248	0.222612	0	0	0	-1.04362	-0.0286812	0.0504745	-0.09142	0.99603	0	0	-0.0890181	0.119746	0.178035	0	0	0	-2.0906	-0.06877	1.33347	0	0.996113	0	0	-0.0880821	-0.209094	0.00724422	0	0	0	0.355293	0.28177	0.0871063	0.452763	0.117271	0.238693	0.130762	0.286664	0.0951596	0.109152	0.0770946	0.428978	0.0480473	0.407524	0.0431599	0.112097	0.0549583	0.277289	0.0874775	0.476459	0.117023	0.185507	0.1312	0.307697	0.094948	0.104831	0.0775325	0.406778	0.0484779	0.446674	0.0435495	0.145772	0.0542332	0.120618	0.0586069	0.137855	0.0586978	0.247346	0.247346	0.892483	-0.0284969	0.0198737	0.261481	-0.00284969	-0.0027813	0.429946	0.429946	1.0632	-0.797679	0.0213729	0.289567	-0.0797679	-0.087984	0.321118	0.321118	0.83341	0.116671	0.0167994	0.207552	0.0116671	0.0183058	0.274131	0.274131	0.892679	-0.41196	0.0173038	0.216063	-0.041196	-0.0439149	0.120544	0.120544	0.772159	0.933123	0.011931	0.132247	0.0933123	0.070824	0.0963584	0.0963584	0.776381	1.24419	0.0121785	0.135777	0.124419	0.123548	0.299947	0.299947	0.942104	-1.34121	0.0165823	0.20393	-0.134121	-0.0684019	0.318432	0.318432	0.980906	-0.454648	0.0207754	0.278233	-0.0454648	-0.0200045	0.136143	0.136143	0.804661	0.744968	0.0115672	0.127114	0.0744968	0.0508813	0.155333	0.155333	0.896285	-0.0982377	0.0191928	0.249113	-0.00982377	-0.009588	0.424228	0.424228	1.06096	-0.726474	0.0226786	0.314983	-0.0726474	-0.08013	0.186118	0.186118	0.836203	0.260868	0.0145711	0.171549	0.0260868	0.0409302	0.232129	0.232129	0.890695	-0.387964	0.0183282	0.233753	-0.0387964	-0.0413569	0.121788	0.121788	0.773357	0.667297	0.012543	0.141034	0.0667297	0.0506478	0.108186	0.108186	0.780791	1.18225	0.0117729	0.130009	0.118225	0.117397	0.376531	0.376531	0.950548	-1.33129	0.01607	0.195482	-0.133129	-0.0678957	0.461645	0.461645	0.989762	-0.706847	0.0201447	0.26647	-0.0706847	-0.0311013	0.14249	0.14249	0.794043	0.683097	0.0137647	0.159159	0.0683097	0.0466555	0	0	0	0	0	0	0	0	0	0	0	0	0	0	0	0	0	0	-0.0772854	0.928617	0	-0.0445913	0.00721932	0	-0.0772854	0.928617	0	-0.0445913	0.00721932	0	0	0	-0.141726	0	0	0.59524	-0.0396655	0.701774	0.0835	0.260976	0.0789495	0	-0.0396655	0.701774	0.0835	0.260976	0.0789495	0	0	0	0.282304	0	0	1.64659	-0.0206132	0.305513	0.0835	0.418873	0.225562	0	-0.0206132	0.305513	0.0835	0.418873	0.225562	0	0	0	-0.234875	0	0	-1.08505	-0.0285778	0.0498981	0.09142	0.119261	0.180799	0	-0.0285778	0.0498981	0.09142	0.119261	0.180799	0	0	0	-0.180324	0	0	-2.0719	-0.0391004	0.70185	-0.0835	0.254006	0.0773724	0	-0.0391004	0.70185	-0.0835	0.254006	0.0773724	0	0	0	0.28563	0	0	1.60406	-0.0199302	0.305856	-0.0835	0.409248	0.222612	0	-0.0199302	0.305856	-0.0835	0.409248	0.222612	0	0	0	-0.238253	0	0	-1.04362	-0.0286812	0.0504745	-0.09142	0.119746	0.178035	0	-0.0286812	0.0504745	-0.09142	0.119746	0.178035	0	0	0	-0.178272	0	0	-2.0906	-0.06877	1.33347	0	-0.209094	0.00724422	0	-0.06877	1.33347	0	-0.209094	0.00724422	0	0	0	-0.176393	0	0	0.355293	2.60773	-0.0870222	0.865045	0.0835	-0.000400096	0.00186513	0	-0.00222402	-0.000689327	0	-0.303821	0.802794	0	0	0	0.42403	0	0	1.05135	1906.65	410.236	-1861.99	-0	0	0	0	0	3.27974	0.0228359	0.487087	0.0835	-0.00045516	0.00236648	0	-0.00248611	-0.00419544	0	0.225811	-0.134883	0	0	0	-0.517178	0	0	-2.73164	2397.99	463.255	-2352.82	-0	0	0	0	0	2.70609	-0.0768339	0.0708424	0.0835	0.000400454	0.00194943	0	0.00052613	-0.0062179	0	-0.164605	0.0283644	0	0	0	0.0545495	0	0	-0.986853	1978.57	-401.471	-1937.41	-0	0	0	0	0	2.48789	-0.087	0.864962	-0.0835	-0.000377879	0.00178251	0	-0.00199478	-0.001123	0	-0.0991223	0.127214	0	0	0	0.427356	0	0	1.00882	1819.02	386.973	-1777.39	-0	0	0	0	0	3.16142	0.0241319	0.487282	-0.0835	-0.000445975	0.00227535	0	-0.00324833	-0.00288819	0	0.113732	-0.0740469	0	0	0	-0.523883	0	0	-2.64767	2311.48	456.553	-2265.94	-0	0	0	0	0	2.62666	-0.0769802	0.0713197	-0.0835	0.000370011	0.00189102	0	0.000815988	-0.0035269	0	0.0456197	-0.0693306	0	0	0	0.0599754	0	0	-1.04699	1920.49	-371.589	-1884.2	-0	0	0	0	0	0.503229	-0.0953889	1.01317	0	8.36551e-05	-0.000366762	0	-0.000155315	0.00139313	0	0.0541319	0.238111	0	0	0	-0.0346718	0	0	-0.239948	367.937	-82.7356	358.514	-0	54.8731	0	0	54.8731	0.244902	0.247125	0.182993	0.180803	0.11728	0.113753	0.247142	0.242901	0.108201	0.103322	0.42677	0.430235	0.326133	0.318835	0.368159	0.350095	0.123364	0.135652	-0	0	0	-0	0	0	-0	0	0	-0	0	0	-0	0	0	-0	0	0	-0	0	0	-0	0	0	-0	0	0	-0	0	0	-0	0	0	-0	0	0	-0	0	0	-0	0	0	-0	0	0	-0	0	0	-0	0	0	-0	0	0	796.935	36.1577	48.1862	41.9592	60.0894	4.17488	17.7496	63.5913	60.727	5.3326	35.2057	48.6682	25.122	59.363	4.57566	18.4233	63.7565	84.9488	6.36188	0	0	0	0	0	0	0.890695	0.892679	0.836203	0.83341	0.773357	0.772159	0.896285	0.892483	0.780791	0.776381	1.06096	1.0632	0.950548	0.942104	0.989762	0.980906	0.794043	0.804661	0.0189698	-0.383984	-8.90297	-0.0566092	0.96654	1.99931e-10	0.00637631	0.0522894	0	0.475235	3.8972	0	-0.00245396	0.00833702	7.14703	-0.0190442	0.499079	0	-13.9242	364.903	0	33.3594	1.27295	19.0235	0.0523117	-0.0046804	-0.09142	-0.025852	0.555875	0	-18.9018	406.429	0	-37.1558	-1.728	21.1826	0.0523538	-0.00505161	0.09142
0.09	-0.135196	0.701915	-0.0775875	-0.0171844	0.928718	0.0129962	0.433086	0.767686	-0.543186	-2.46286	0.0445493	-1.0148	0.4364	0.817317	-0.549794	-2.55139	0.0492388	-1.08456	0	1	0	0	0	0	1	0	0	0	0	0	0	0	0	0	-0.0775875	0.928718	0	0.997716	0	0	-0.0675467	-0.0171844	0.0129962	0	0	0	0.701915	-0.037032	0.702596	0.0835	0.988928	0	0	0.148395	0.265305	0.0823825	0	0	0	1.4696	-0.0165138	0.307764	0.0835	0.992488	0	0	-0.122341	0.399416	0.224267	0	0	0	-0.993258	-0.0273811	0.0517139	0.09142	0.994967	0	0	-0.100205	0.120157	0.181534	0	0	0	-2.00806	-0.0364591	0.702638	-0.0835	0.988681	0	0	0.150033	0.273859	0.0798637	0	0	0	1.51923	-0.0158199	0.308092	-0.0835	0.992285	0	0	-0.123975	0.413338	0.224077	0	0	0	-1.03215	-0.0274538	0.0522669	-0.09142	0.995036	0	0	-0.0995108	0.124889	0.180071	0	0	0	-2.11672	-0.0709886	1.33357	0	0.996298	0	0	-0.0859647	-0.233363	0.012539	0	0	0	0.488287	0.282198	0.0870467	0.439754	0.116441	0.271064	0.130918	0.283684	0.0947407	0.121171	0.0782346	0.396728	0.0473831	0.387708	0.0429673	0.126625	0.0553158	0.282492	0.0873825	0.492412	0.116211	0.18198	0.131614	0.287855	0.0945955	0.10267	0.0787093	0.396264	0.047789	0.433705	0.0432357	0.141141	0.0547213	0.129421	0.0592448	0.133151	0.0592832	0.217691	0.217691	0.891872	-0.129278	0.0191726	0.248749	-0.0129278	-0.0126176	0.500535	0.500535	1.05568	-0.704664	0.0216607	0.295093	-0.0704664	-0.0777244	0.151384	0.151384	0.834405	0.183235	0.0188829	0.243561	0.0183235	0.0287496	0.256372	0.256372	0.88875	-0.364207	0.0174464	0.218492	-0.0364207	-0.0388244	0.112602	0.112602	0.780564	0.667079	0.0120746	0.134292	0.0667079	0.0506313	0.0425341	0.0425341	0.787861	0.950961	0.012694	0.143231	0.0950961	0.0944304	0.308925	0.308925	0.929081	-1.26585	0.016108	0.196105	-0.126585	-0.0645586	0.338972	0.338972	0.976529	-0.429585	0.0202446	0.268319	-0.0429585	-0.0189017	0.113019	0.113019	0.809894	0.510417	0.0121126	0.134833	0.0510417	0.0348615	0.233879	0.233879	0.895313	-0.201463	0.0187202	0.240669	-0.0201463	-0.0196628	0.422504	0.422504	1.05359	-0.777555	0.0227199	0.315805	-0.0777555	-0.0857643	0.200802	0.200802	0.838841	0.267574	0.0144269	0.169309	0.0267574	0.0419824	0.297797	0.297797	0.887387	-0.263658	0.0182802	0.232911	-0.0263658	-0.0281059	0.0930641	0.0930641	0.781069	0.901681	0.0129325	0.146726	0.0901681	0.0684376	0.109307	0.109307	0.792641	1.24356	0.0118766	0.131474	0.124356	0.123485	0.324073	0.324073	0.937038	-1.36377	0.0155204	0.186571	-0.136377	-0.0695521	0.361769	0.361769	0.98263	-0.673267	0.0199592	0.263048	-0.0673267	-0.0296237	0.103713	0.103713	0.80119	0.792072	0.0138396	0.160295	0.0792072	0.0540985	0	0	0	0	0	0	0	0	0	0	0	0	0	0	0	0	0	0	-0.0775875	0.928718	0	-0.0171844	0.0129962	0	-0.0775875	0.928718	0	-0.0171844	0.0129962	0	0	0	-0.135196	0	0	0.701915	-0.037032	0.702596	0.0835	0.265305	0.0823825	0	-0.037032	0.702596	0.0835	0.265305	0.0823825	0	0	0	0.29789	0	0	1.4696	-0.0165138	0.307764	0.0835	0.399416	0.224267	0	-0.0165138	0.307764	0.0835	0.399416	0.224267	0	0	0	-0.245296	0	0	-0.993258	-0.0273811	0.0517139	0.09142	0.120157	0.181534	0	-0.0273811	0.0517139	0.09142	0.120157	0.181534	0	0	0	-0.200746	0	0	-2.00806	-0.0364591	0.702638	-0.0835	0.273859	0.0798637	0	-0.0364591	0.702638	-0.0835	0.273859	0.0798637	0	0	0	0.301204	0	0	1.51923	-0.0158199	0.308092	-0.0835	0.413338	0.224077	0	-0.0158199	0.308092	-0.0835	0.413338	0.224077	0	0	0	-0.24859	0	0	-1.03215	-0.0274538	0.0522669	-0.09142	0.124889	0.180071	0	-0.0274538	0.0522669	-0.09142	0.124889	0.180071	0	0	0	-0.199352	0	0	-2.11672	-0.0709886	1.33357	0	-0.233363	0.012539	0	-0.0709886	1.33357	0	-0.233363	0.012539	0	0	0	-0.172142	0	0	0.488287	2.66541	-0.0869277	0.865109	0.0835	-0.000430904	0.00188762	0	-0.00231297	0.00231318	0	0.206034	-0.461969	0	0	0	0.433086	0	0	0.767686	1948.82	441.45	-1898.17	-0	0	0	0	0	3.24642	0.028825	0.488875	0.0835	-0.000474792	0.00232536	0	-0.00350082	-0.000630468	0	-1.37656	0.931785	0	0	0	-0.543185	0	0	-2.46286	2373.63	486.192	-2323.3	-0	0	0	0	0	2.63064	-0.0751994	0.0736392	0.0835	0.000398129	0.00189251	0	-0.000806078	-0.00539613	0	-1.85281	0.0367551	0	0	0	0.0445497	0	0	-1.0148	1923.4	-396.57	-1882.07	-0	0	0	0	0	2.45319	-0.086893	0.864985	-0.0835	-0.000396244	0.00176366	0	-0.0015718	-0.00349979	0	-0.0237143	-0.342357	0	0	0	0.436399	0	0	0.817317	1793.65	403.411	-1747.7	-0	0	0	0	0	3.11089	0.0301154	0.489053	-0.0835	-0.000472853	0.00224018	0	-0.00163072	-0.00505945	0	-0.067802	-0.233179	0	0	0	-0.549794	0	0	-2.55139	2274.53	478.163	-2223.71	-0	0	0	0	0	2.57748	-0.0753027	0.0741255	-0.0835	0.000378229	0.00185442	0	0.00122304	-0.00450882	0	-0.40828	0.356216	0	0	0	0.0492427	0	0	-1.08456	1884.53	-380.594	-1845.7	-0	0	0	0	0	0.497002	-0.0962457	1.01316	0	8.30665e-05	-0.000356205	0	-0.000204295	0.000364848	0	-0.030654	-0.0743446	0	0	0	-0.0369425	0	0	-0.213628	363.384	-81.857	354.045	-0	54.0914	0	0	54.0914	0.240695	0.242679	0.186203	0.18341	0.123357	0.122159	0.246285	0.242483	0.11902	0.114389	0.418613	0.421523	0.313621	0.305649	0.358441	0.343584	0.128618	0.138851	-0	0	0	-0	0	0	-0	0	0	-0	0	0	-0	0	0	-0	0	0	-0	0	0	-0	0	0	-0	0	0	-0	0	0	-0	0	0	-0	0	0	-0	0	0	-0	0	0	-0	0	0	-0	0	0	-0	0	0	-0	0	0	772.647	42.0438	47.9611	30.3428	55.6942	4.24224	14.8501	58.6169	58.0331	5.20425	48.5636	51.3278	26.0206	53.4989	3.9745	18.4479	60.1772	75.7427	5.36275	0	0	0	0	0	0	0.887387	0.88875	0.838841	0.834405	0.781069	0.780564	0.895313	0.891872	0.792641	0.787861	1.05359	1.05568	0.937038	0.929081	0.98263	0.976529	0.80119	0.809894	0.0146579	-0.473898	-8.92308	-0.0565687	0.967087	1.99931e-10	0.00191395	0.0564287	0	0.14265	4.20571	0	-0.00218209	-0.0114946	7.65513	-0.0187533	0.490787	0	-13.7115	358.84	0	32.8052	1.25351	18.9163	0.0528923	-0.0046345	-0.09142	-0.0291945	0.536021	0	-21.3457	391.913	0	-35.8287	-1.95142	20.6344	0.0529209	-0.00496697	0.09142
0.1	-0.127739	0.783087	-0.0776313	0.00645211	0.928867	0.0155486	0.439456	0.524813	-0.566671	-2.2382	0.0350109	-0.940522	0.443852	0.688558	-0.574973	-2.49932	0.0379595	-1.14645	0	1	0	0	0	0	1	0	0	0	0	0	0	0	0	0	-0.0776313	0.928867	0	0.997961	0	0	-0.0638261	0.00645211	0.0155486	0	0	0	0.783087	-0.0343566	0.703372	0.0835	0.987879	0	0	0.155228	0.270049	0.0720936	0	0	0	1.3079	-0.0126342	0.309902	0.0835	0.991886	0	0	-0.127132	0.378919	0.206988	0	0	0	-0.930299	-0.0262131	0.0534704	0.09142	0.993959	0	0	-0.10975	0.115825	0.17227	0	0	0	-1.87082	-0.0336139	0.703465	-0.0835	0.987535	0	0	0.157399	0.29381	0.0848335	0	0	0	1.47164	-0.0116409	0.310384	-0.0835	0.991636	0	0	-0.129069	0.422735	0.233286	0	0	0	-1.02768	-0.026169	0.0541122	-0.09142	0.993907	0	0	-0.110226	0.131387	0.189626	0	0	0	-2.17413	-0.073445	1.33372	0	0.996533	0	0	-0.0832014	-0.256685	0.0164214	0	0	0	0.612606	0.278942	0.0869024	0.446337	0.115645	0.248562	0.131282	0.277962	0.0944112	0.131145	0.0792299	0.382057	0.0467443	0.389672	0.0427705	0.156145	0.0556088	0.283632	0.0871814	0.512867	0.115381	0.189055	0.131933	0.285709	0.0943062	0.104136	0.0798519	0.375848	0.0470976	0.420099	0.0429464	0.156122	0.0552096	0.124964	0.0598348	0.128868	0.060027	0.24849	0.248489	0.890393	-0.200274	0.0185143	0.237028	-0.0200274	-0.0195467	0.499481	0.499481	1.04846	-0.662394	0.0221916	0.305401	-0.0662394	-0.0730621	0.258661	0.258661	0.836726	0.239774	0.0180598	0.229066	0.0239774	0.0376206	0.31718	0.31718	0.885658	-0.242443	0.0179545	0.227236	-0.0242443	-0.0258444	0.177017	0.177017	0.788337	0.910731	0.0124722	0.140008	0.0910731	0.0691245	0.163968	0.163968	0.797884	0.805059	0.0132586	0.151555	0.0805059	0.0799424	0.331058	0.331058	0.916554	-1.25255	0.0157023	0.189502	-0.125255	-0.06388	0.249226	0.249226	0.972056	-0.495877	0.0197808	0.259777	-0.0495877	-0.0218186	0.172563	0.172563	0.814185	0.122642	0.012816	0.145015	0.0122642	0.00837643	0.283732	0.283732	0.893253	-0.255613	0.0183856	0.234759	-0.0255613	-0.0249478	0.433414	0.433414	1.04607	-0.792046	0.0231948	0.325279	-0.0792046	-0.0873627	0.188897	0.188897	0.840876	0.206818	0.0146192	0.172299	0.0206818	0.0324497	0.246699	0.246699	0.884674	-0.242652	0.0182963	0.233193	-0.0242652	-0.0258667	0.170585	0.170585	0.79087	1.00373	0.0130135	0.147923	0.100373	0.0761828	0.0920341	0.0920341	0.804148	1.1738	0.012013	0.133413	0.11738	0.116558	0.327617	0.327617	0.923483	-1.34527	0.0149969	0.178229	-0.134527	-0.068609	0.38506	0.38506	0.976054	-0.657138	0.0196111	0.256679	-0.0657138	-0.0289141	0.119862	0.119862	0.80834	0.469381	0.0140582	0.163629	0.0469381	0.0320587	0	0	0	0	0	0	0	0	0	0	0	0	0	0	0	0	0	0	-0.0776313	0.928867	0	0.00645211	0.0155486	0	-0.0776313	0.928867	0	0.00645211	0.0155486	0	0	0	-0.127739	0	0	0.783087	-0.0343566	0.703372	0.0835	0.270049	0.0720936	0	-0.0343566	0.703372	0.0835	0.270049	0.0720936	0	0	0	0.311717	0	0	1.3079	-0.0126342	0.309902	0.0835	0.378919	0.206988	0	-0.0126342	0.309902	0.0835	0.378919	0.206988	0	0	0	-0.254954	0	0	-0.930299	-0.0262131	0.0534704	0.09142	0.115825	0.17227	0	-0.0262131	0.0534704	0.09142	0.115825	0.17227	0	0	0	-0.219943	0	0	-1.87082	-0.0336139	0.703465	-0.0835	0.29381	0.0848335	0	-0.0336139	0.703465	-0.0835	0.29381	0.0848335	0	0	0	0.316113	0	0	1.47164	-0.0116409	0.310384	-0.0835	0.422735	0.233286	0	-0.0116409	0.310384	-0.0835	0.422735	0.233286	0	0	0	-0.258861	0	0	-1.02768	-0.026169	0.0541122	-0.09142	0.131387	0.189626	0	-0.026169	0.0541122	-0.09142	0.131387	0.189626	0	0	0	-0.220901	0	0	-2.17413	-0.073445	1.33372	0	-0.256685	0.0164214	0	-0.073445	1.33372	0	-0.256685	0.0164214	0	0	0	-0.166595	0	0	0.612606	2.60204	-0.0864944	0.865179	0.0835	-0.000442512	0.00187403	0	0.000628781	-0.00505207	0	0.271224	-0.0187567	0	0	0	0.439456	0	0	0.524813	1902.49	439.646	-1851	-0	0	0	0	0	3.23205	0.0344518	0.490567	0.0835	-0.000504363	0.00230408	0	-0.00439787	0.000436783	0	0.503812	0.654053	0	0	0	-0.566671	0	0	-2.2382	2363.13	518.684	-2305.5	-0	0	0	0	0	2.56795	-0.0736018	0.0763096	0.0835	0.000392951	0.00184262	0	-0.00134133	-0.00314611	0	1.08089	0.00526595	0	0	0	0.0350072	0	0	-0.940522	1877.56	-390.357	-1836.53	-0	0	0	0	0	2.43102	-0.0864625	0.865041	-0.0835	-0.000410587	0.00173609	0	-0.00176575	-0.0018954	0	0.0418293	-0.33446	0	0	0	0.443851	0	0	0.688558	1777.45	418.637	-1727.45	-0	0	0	0	0	3.06929	0.0361505	0.490864	-0.0835	-0.000493184	0.0022012	0	-0.00171292	-0.00405589	0	0.293723	-0.274685	0	0	0	-0.574973	0	0	-2.49932	2244.12	498.762	-2187.99	-0	0	0	0	0	2.51377	-0.0735357	0.0769967	-0.0835	0.000384904	0.0018062	0	0.000109315	-0.00468159	0	0.206044	0.11898	0	0	0	0.0379611	0	0	-1.14645	1837.95	-385.116	-1797.15	-0	0	0	0	0	0.474723	-0.0969246	1.01318	0	7.98255e-05	-0.00034827	0	-0.000474952	0.00165981	0	-0.0154381	0.101268	0	0	0	-0.0388489	0	0	-0.17048	347.095	-77.0136	338.443	-0	49.3229	0	0	49.3229	0.237387	0.23875	0.188841	0.184405	0.131069	0.130564	0.245313	0.241872	0.130791	0.126381	0.410955	0.413205	0.300548	0.292104	0.35039	0.33841	0.134572	0.144181	-0	0	0	-0	0	0	-0	0	0	-0	0	0	-0	0	0	-0	0	0	-0	0	0	-0	0	0	-0	0	0	-0	0	0	-0	0	0	-0	0	0	-0	0	0	-0	0	0	-0	0	0	-0	0	0	-0	0	0	-0	0	0	796.548	48.8858	47.7893	36.9713	52.2462	5.48089	27.1956	57.0584	56.6138	7.52013	56.0922	54.084	25.7293	48.195	5.43364	17.1912	57.1012	74.2359	6.1815	0	0	0	0	0	0	0.884674	0.885658	0.840876	0.836726	0.79087	0.788337	0.893253	0.890393	0.804148	0.797884	1.04607	1.04846	0.923483	0.916554	0.976054	0.972056	0.80834	0.814185	0.00946798	-0.558747	-8.02985	-0.056573	0.96766	1.99931e-10	-0.00249826	0.057555	0	-0.186199	4.28966	0	0.0200191	-0.0337969	8.14638	-0.0155487	0.476446	0	-11.3685	348.355	0	31.8466	1.03931	18.5777	0.0534789	-0.00457382	-0.09142	-0.0297231	0.515895	0	-21.7321	377.198	0	-34.4835	-1.98675	20.062	0.0534666	-0.00485647	0.09142
0.11	-0.119527	0.85364	-0.077453	0.0280627	0.929013	0.014201	0.443353	0.266219	-0.587509	-1.95504	0.0256968	-0.860506	0.450239	0.586935	-0.59994	-2.46255	0.0264286	-1.22048	0	1	0	0	0	0	1	0	0	0	0	0	0	0	0	0	-0.077453	0.929013	0	0.998215	0	0	-0.0597277	0.0280627	0.014201	0	0	0	0.85364	-0.0316767	0.704068	0.0835	0.986921	0	0	0.161207	0.264585	0.0670284	0	0	0	1.11986	-0.00898579	0.311908	0.0835	0.991322	0	0	-0.13146	0.349919	0.189604	0	0	0	-0.835179	-0.0250568	0.0551408	0.09142	0.992929	0	0	-0.118712	0.112045	0.160069	0	0	0	-1.69568	-0.0305573	0.704306	-0.0835	0.98636	0	0	0.164604	0.315333	0.0837297	0	0	0	1.44058	-0.00735193	0.312753	-0.0835	0.990953	0	0	-0.134208	0.434112	0.241758	0	0	0	-1.02198	-0.0248289	0.0560615	-0.09142	0.99264	0	0	-0.121102	0.139813	0.197876	0	0	0	-2.24245	-0.0761245	1.33388	0	0.996807	0	0	-0.0798509	-0.277779	0.0136925	0	0	0	0.725868	0.262072	0.0866952	0.464144	0.114876	0.250443	0.131532	0.290476	0.09414	0.146412	0.0799514	0.367871	0.0461071	0.357265	0.0425743	0.181196	0.0556951	0.275079	0.086924	0.49755	0.114572	0.186561	0.132242	0.268594	0.094087	0.117042	0.0809134	0.360951	0.0464084	0.408201	0.0426575	0.150425	0.0556313	0.151401	0.0602183	0.147179	0.0605454	0.238381	0.238381	0.88827	-0.199601	0.0176932	0.222722	-0.0199601	-0.0194811	0.379454	0.379454	1.04149	-0.672177	0.0226714	0.314843	-0.0672177	-0.0741411	0.275421	0.275421	0.838317	0.116432	0.0174984	0.219382	0.0116432	0.0182683	0.181024	0.181024	0.883115	-0.192265	0.0188405	0.242807	-0.0192265	-0.0204955	0.144984	0.144984	0.79339	0.513883	0.0133788	0.15335	0.0513883	0.0390037	0.156031	0.156031	0.80515	0.820296	0.0145486	0.171198	0.0820296	0.0814554	0.230992	0.230992	0.90406	-1.23794	0.0153014	0.183063	-0.123794	-0.0631349	0.335014	0.335014	0.967597	-0.400839	0.0192884	0.250831	-0.0400839	-0.0176369	0.10732	0.10732	0.815448	0.0944105	0.0142506	0.166584	0.00944105	0.00644824	0.212901	0.212901	0.890615	-0.251777	0.0179918	0.227883	-0.0251777	-0.0245734	0.431965	0.431965	1.03873	-0.717549	0.023342	0.32824	-0.0717549	-0.0791457	0.169914	0.169914	0.842843	0.195578	0.0144507	0.169677	0.0195578	0.0306862	0.221521	0.221521	0.882618	-0.144784	0.0181247	0.230193	-0.0144784	-0.015434	0.137336	0.137336	0.7977	0.755812	0.0138577	0.160571	0.0755812	0.0573662	0.162377	0.162377	0.814838	0.88764	0.0125912	0.141734	0.088764	0.0881427	0.306531	0.306531	0.909969	-1.35599	0.014435	0.169433	-0.135599	-0.0691554	0.282658	0.282658	0.969489	-0.653318	0.0192155	0.249521	-0.0653318	-0.028746	0.0704809	0.0704809	0.814514	0.741936	0.0145838	0.171746	0.0741936	0.0506742	0	0	0	0	0	0	0	0	0	0	0	0	0	0	0	0	0	0	-0.077453	0.929013	0	0.0280627	0.014201	0	-0.077453	0.929013	0	0.0280627	0.014201	0	0	0	-0.119527	0	0	0.85364	-0.0316767	0.704068	0.0835	0.264585	0.0670284	0	-0.0316767	0.704068	0.0835	0.264585	0.0670284	0	0	0	0.323826	0	0	1.11986	-0.00898579	0.311908	0.0835	0.349919	0.189604	0	-0.00898579	0.311908	0.0835	0.349919	0.189604	0	0	0	-0.263683	0	0	-0.835179	-0.0250568	0.0551408	0.09142	0.112045	0.160069	0	-0.0250568	0.0551408	0.09142	0.112045	0.160069	0	0	0	-0.237986	0	0	-1.69568	-0.0305573	0.704306	-0.0835	0.315333	0.0837297	0	-0.0305573	0.704306	-0.0835	0.315333	0.0837297	0	0	0	0.330713	0	0	1.44058	-0.00735193	0.312753	-0.0835	0.434112	0.241758	0	-0.00735193	0.312753	-0.0835	0.434112	0.241758	0	0	0	-0.269228	0	0	-1.02198	-0.0248289	0.0560615	-0.09142	0.139813	0.197876	0	-0.0248289	0.0560615	-0.09142	0.139813	0.197876	0	0	0	-0.242799	0	0	-2.24245	-0.0761245	1.33388	0	-0.277779	0.0136925	0	-0.0761245	1.33388	0	-0.277779	0.0136925	0	0	0	-0.159872	0	0	0.725868	2.58917	-0.0857701	0.865232	0.0835	-0.000435159	0.00184706	0	1.76281e-05	-0.00102127	0	-0.0600522	-0.334592	0	0	0	0.443353	0	0	0.266219	1893.08	435.078	-1842.4	-0	0	0	0	0	3.30199	0.0396753	0.492155	0.0835	-0.000560407	0.00234056	0	-0.00406146	0.0014032	0	0.703058	-1.19373	0	0	0	-0.587509	0	0	-1.95504	2414.26	573.632	-2345.12	-0	0	0	0	0	2.52504	-0.0720257	0.0788313	0.0835	0.000373252	0.00181419	0	-0.00152597	-0.00285167	0	0.301219	-0.145675	0	0	0	0.0256988	0	0	-0.860506	1846.19	-370.301	-1808.67	-0	0	0	0	0	2.38944	-0.0857593	0.865094	-0.0835	-0.000424348	0.00170918	0	-0.000379905	-0.00326551	0	0.158097	-0.0194652	0	0	0	0.450239	0	0	0.586935	1747.04	426.08	-1694.29	-0	0	0	0	0	3.06998	0.0423078	0.492727	-0.0835	-0.000520937	0.00217414	0	-0.00521952	0.00155897	0	-0.358884	0.740751	0	0	0	-0.59994	0	0	-2.46255	2244.63	537.933	-2179.22	-0	0	0	0	0	2.45098	-0.0716832	0.0799778	-0.0835	0.000383355	0.00176054	0	-0.000978023	-0.00494987	0	-0.241	-0.218024	0	0	0	0.0264216	0	0	-1.22048	1792.04	-381.464	-1750.97	-0	0	0	0	0	0.449328	-0.0974485	1.01318	0	7.21961e-05	-0.000328459	0	-0.000930063	0.0011437	0	0.0112292	-0.33042	0	0	0	-0.0403482	0	0	-0.127771	328.528	-66.6898	321.688	-0	43.4368	0	0	43.4368	0.234674	0.235658	0.190876	0.186726	0.14087	0.138337	0.243253	0.240393	0.142641	0.137861	0.403594	0.405679	0.287038	0.279081	0.343318	0.333218	0.140931	0.150896	-0	-0	-0	-0	-0	-0	-0	-0	-0	-0	-0	-0	-0	-0	-0	-0	-0	-0	-0	-0	-0	-0	-0	-0	-0	-0	-0	-0	-0	-0	-0	-0	-0	-0	-0	-0	-0	-0	-0	-0	-0	-0	-0	-0	-0	-0	-0	-0	-0	-0	-0	-0	-0	-0	747.571	45.6967	45.6207	38.73	41.4037	5.41115	28.2349	51.1922	52.6034	6.67013	49.2257	51.3155	24.0895	38.1564	5.17633	25.6863	54.0434	66.7776	4.99549	0	0	0	0	0	0	0.882618	0.883115	0.842843	0.838317	0.7977	0.79339	0.890615	0.88827	0.814838	0.80515	1.03873	1.04149	0.909969	0.90406	0.969489	0.967597	0.814514	0.815448	0.00347141	-0.636085	-7.22819	-0.0566231	0.968225	1.99931e-10	-0.00756784	0.0548091	0	-0.564042	4.085	0	0.0334374	-0.0686519	8.56224	-0.016021	0.456711	0	-11.7138	333.925	0	30.5275	1.07088	18.0036	0.0540717	-0.00446713	-0.09142	-0.0446316	0.49488	0	-32.6325	361.833	0	-33.0788	-2.98326	19.3885	0.0540112	-0.00473738	0.09142
0.12	-0.110609	0.928807	-0.0770624	0.0499699	0.929153	0.0142333	0.444636	-0.00554127	-0.605688	-1.67745	0.0178212	-0.75403	0.455098	0.357824	-0.623349	-2.17254	0.0133195	-1.38321	0	1	0	0	0	0	1	0	0	0	0	0	0	0	0	0	-0.0770624	0.929153	0	0.998471	0	0	-0.0552763	0.0499699	0.0142333	0	0	0	0.928807	-0.0290626	0.704681	0.0835	0.986086	0	0	0.166238	0.258449	0.0564119	0	0	0	0.923265	-0.00565477	0.313658	0.0835	0.990789	0	0	-0.135413	0.317625	0.16277	0	0	0	-0.754183	-0.0239868	0.0566391	0.09142	0.991957	0	0	-0.126579	0.103672	0.13916	0	0	0	-1.50821	-0.0273631	0.705122	-0.0835	0.985203	0	0	0.171394	0.31897	0.0781723	0	0	0	1.28663	-0.00303853	0.315167	-0.0835	0.990295	0	0	-0.138979	0.421421	0.236136	0	0	0	-0.885906	-0.0233523	0.0579916	-0.09142	0.991199	0	0	-0.13238	0.153563	0.184116	0	0	0	-2.26911	-0.0789995	1.33399	0	0.997111	0	0	-0.0759615	-0.295828	0.0100988	0	0	0	0.830114	0.257632	0.0864543	0.478939	0.114194	0.257156	0.131615	0.266027	0.0940548	0.153762	0.0807072	0.345793	0.0455067	0.34339	0.0423977	0.168953	0.0558855	0.288492	0.0866256	0.463419	0.113789	0.181338	0.132524	0.257125	0.0939494	0.178092	0.0814875	0.340783	0.045709	0.385127	0.0423808	0.139799	0.0562498	0.175536	0.0606113	0.144023	0.0611712	0.240036	0.240036	0.885803	-0.299328	0.0168302	0.208069	-0.0299328	-0.0292144	0.31541	0.31541	1.0353	-0.623498	0.0235542	0.332529	-0.0623498	-0.0687718	0.192348	0.192348	0.838846	0.0438077	0.01739	0.21753	0.00438077	0.00687344	0.337952	0.337952	0.882315	0.024505	0.0191536	0.248406	0.0024505	0.00261223	0.183197	0.183197	0.798567	0.328824	0.0143943	0.168803	0.0328824	0.0249577	0.166988	0.166988	0.812761	0.723919	0.0149354	0.177258	0.0723919	0.0718852	0.293646	0.293646	0.892288	-1.13814	0.0151597	0.180808	-0.113814	-0.0580453	0.244919	0.244919	0.963585	-0.377503	0.0189043	0.243943	-0.0377503	-0.0166101	0.144086	0.144086	0.818235	0.441044	0.0149799	0.177959	0.0441044	0.0301233	0.284068	0.284068	0.887558	-0.453467	0.0172426	0.215024	-0.0453467	-0.0442584	0.327648	0.327648	1.03163	-0.687862	0.0224915	0.311287	-0.0687862	-0.0758711	0.186989	0.186989	0.844643	0.160858	0.0140098	0.162889	0.0160858	0.0252386	0.228153	0.228153	0.881326	-0.0980455	0.0178505	0.225436	-0.00980455	-0.0104517	0.182213	0.182213	0.805944	0.872108	0.0140654	0.163739	0.0872108	0.066193	0.168699	0.168699	0.820619	0.372376	0.0155531	0.187095	0.0372376	0.0369769	0.231464	0.231464	0.896255	-1.37676	0.013652	0.157453	-0.137676	-0.070215	0.286182	0.286182	0.9632	-0.630943	0.0185797	0.238181	-0.0630943	-0.0277615	0.10431	0.10431	0.823569	1.01131	0.0146075	0.172117	0.101131	0.0690726	0	0	0	0	0	0	0	0	0	0	0	0	0	0	0	0	0	0	-0.0770624	0.929153	0	0.0499699	0.0142333	0	-0.0770624	0.929153	0	0.0499699	0.0142333	0	0	0	-0.110609	0	0	0.928807	-0.0290626	0.704681	0.0835	0.258449	0.0564119	0	-0.0290626	0.704681	0.0835	0.258449	0.0564119	0	0	0	0.334027	0	0	0.923265	-0.00565477	0.313658	0.0835	0.317625	0.16277	0	-0.00565477	0.313658	0.0835	0.317625	0.16277	0	0	0	-0.271661	0	0	-0.754183	-0.0239868	0.0566391	0.09142	0.103672	0.13916	0	-0.0239868	0.0566391	0.09142	0.103672	0.13916	0	0	0	-0.25384	0	0	-1.50821	-0.0273631	0.705122	-0.0835	0.31897	0.0781723	0	-0.0273631	0.705122	-0.0835	0.31897	0.0781723	0	0	0	0.344489	0	0	1.28663	-0.00303853	0.315167	-0.0835	0.421421	0.236136	0	-0.00303853	0.315167	-0.0835	0.421421	0.236136	0	0	0	-0.27886	0	0	-0.885906	-0.0233523	0.0579916	-0.09142	0.153563	0.184116	0	-0.0233523	0.0579916	-0.09142	0.153563	0.184116	0	0	0	-0.26554	0	0	-2.26911	-0.0789995	1.33399	0	-0.295828	0.0100988	0	-0.0789995	1.33399	0	-0.295828	0.0100988	0	0	0	-0.152069	0	0	0.830114	2.55658	-0.0847972	0.865285	0.0835	-0.000438482	0.0018276	0	-0.000819609	-0.00250227	0	0.0782101	-0.20664	0	0	0	0.444637	0	0	-0.00554127	1869.25	442.218	-1816.19	-0	0	0	0	0	3.30279	0.0444428	0.493511	0.0835	-0.000588715	0.00233954	0	-0.00230736	0.000166558	0	0.770274	0.0348389	0	0	0	-0.605689	0	0	-1.67745	2414.85	596.229	-2340.08	-0	0	0	0	0	2.49218	-0.0705742	0.0810712	0.0835	0.000365682	0.00179023	0	-0.000340849	-0.00258313	0	1.10514	-0.666115	0	0	0	0.0178207	0	0	-0.75403	1822.17	-365.023	-1785.23	-0	0	0	0	0	2.34125	-0.0847748	0.865135	-0.0835	-0.000416093	0.00167722	0	0.00210489	-0.00315177	0	0.35392	0.322162	0	0	0	0.455098	0	0	0.357824	1711.81	406.496	-1662.85	-0	0	0	0	0	3.26923	0.0483525	0.494655	-0.0835	-0.000608221	0.00225443	0	-0.0122347	0.0142358	0	1.64519	0.490187	0	0	0	-0.623348	0	0	-2.17254	2390.31	648.061	-2300.78	-0	0	0	0	0	2.35969	-0.0696507	0.082967	-0.0835	0.000358514	0.00170141	0	-0.00397141	-0.00629359	0	2.79464	-1.89331	0	0	0	0.0133006	0	0	-1.38321	1725.29	-350.835	-1689.24	-0	0	0	0	0	0.455158	-0.0978205	1.01314	0	6.22272e-05	-0.00032565	0	-0.00114309	-0.000420002	0	-0.0266382	-0.227288	0	0	0	-0.0414558	0	0	-0.0986922	332.79	-55.4597	328.137	-0	39.1963	0	0	39.1963	0.232618	0.233115	0.192843	0.188317	0.1477	0.14339	0.240615	0.23827	0.154148	0.147884	0.39607	0.398458	0.273483	0.266554	0.33616	0.328684	0.147479	0.157516	-0	-0	0	-0	-0	0	-0	-0	0	-0	-0	0	-0	-0	0	-0	-0	0	-0	-0	0	-0	-0	0	-0	-0	0	-0	-0	0	-0	-0	0	-0	-0	0	-0	-0	0	-0	-0	0	-0	-0	0	-0	-0	0	-0	-0	0	-0	-0	0	744.197	51.1579	43.9408	32.2052	36.2894	6.81824	30.4372	49.2473	45.4451	7.18368	68.5318	44.6346	24.9648	34.3019	6.08542	33.7745	48.5559	62.6463	5.43468	0	0	0	0	0	0	0.881326	0.882315	0.844643	0.838846	0.805944	0.798567	0.887558	0.885803	0.820619	0.812761	1.03163	1.0353	0.896255	0.892288	0.9632	0.963585	0.823569	0.818235	-0.00325745	-0.706095	-6.92929	-0.0567342	0.968744	1.99931e-10	-0.0148564	0.0489489	0	-1.10727	3.64823	0	0.0447505	-0.0848385	8.79585	-0.0468549	0.455311	0	-34.2581	332.902	0	30.4339	3.13188	18.0698	0.054732	-0.00439465	-0.09142	-0.0464286	0.479376	0	-33.9464	350.497	0	-32.0425	-3.10338	18.9534	0.0545226	-0.0046128	0.09142
0.13	-0.10099	0.98667	-0.076441	0.0719719	0.929304	0.015416	0.443216	-0.248812	-0.620955	-1.40997	0.010521	-0.698551	0.456887	0.0217009	-0.642957	-1.78032	0.00061202	-1.10936	0	1	0	0	0	0	1	0	0	0	0	0	0	0	0	0	-0.076441	0.929304	0	0.998725	0	0	-0.0504734	0.0719719	0.015416	0	0	0	0.98667	-0.0264971	0.705208	0.0835	0.985396	0	0	0.170279	0.255007	0.0500288	0	0	0	0.737858	-0.0026345	0.315164	0.0835	0.990305	0	0	-0.138914	0.289605	0.140112	0	0	0	-0.672115	-0.0229792	0.057918	0.09142	0.991022	0	0	-0.133702	0.0979261	0.119386	0	0	0	-1.37067	-0.0242767	0.705857	-0.0835	0.984209	0	0	0.177011	0.297286	0.0680637	0	0	0	1.00837	0.000914917	0.3173	-0.0835	0.989717	0	0	-0.143038	0.36833	0.18999	0	0	0	-0.77195	-0.0218699	0.0596586	-0.09142	0.989761	0	0	-0.142735	0.138097	0.152956	0	0	0	-1.88131	-0.0820368	1.33409	0	0.997437	0	0	-0.0715532	-0.310381	0.00903965	0	0	0	0.929554	0.258858	0.0861073	0.45046	0.113628	0.241862	0.131668	0.289075	0.0939848	0.16118	0.0813392	0.328778	0.0449462	0.329629	0.0422426	0.180613	0.0561738	0.282415	0.0861577	0.440025	0.11306	0.196022	0.13263	0.246	0.0938797	0.172992	0.0821074	0.321407	0.0450105	0.356739	0.0421118	0.163954	0.0568272	0.177899	0.0609492	0.187785	0.0615333	0.277232	0.277232	0.882247	-0.432115	0.0160481	0.195124	-0.0432115	-0.0421744	0.371348	0.371348	1.03018	-0.446978	0.0241368	0.344423	-0.0446978	-0.0493017	0.22664	0.22664	0.839187	0.0106551	0.0164097	0.20107	0.00106551	0.00167178	0.27532	0.27532	0.881658	2.6891e-05	0.020126	0.266124	2.6891e-06	2.86658e-06	0.164249	0.164249	0.803019	0.599599	0.0155839	0.187592	0.0599599	0.0455095	0.171411	0.171411	0.819126	0.613809	0.0152288	0.181906	0.0613809	0.0609512	0.285571	0.285571	0.881298	-1.04077	0.0151193	0.180167	-0.104077	-0.0530792	0.359352	0.359352	0.960059	-0.353461	0.0185153	0.237044	-0.0353461	-0.0155523	0.20954	0.20954	0.822456	0.289026	0.0152124	0.181646	0.0289026	0.0197405	0.319459	0.319459	0.882764	-0.483701	0.0167515	0.20675	-0.0483701	-0.0472092	0.298096	0.298096	1.02503	-0.613856	0.0223194	0.307904	-0.0613856	-0.0677084	0.16172	0.16172	0.845315	-0.0271727	0.0139063	0.161311	-0.00271727	-0.00426339	0.231499	0.231499	0.880673	-0.0040303	0.0178735	0.225832	-0.00040303	-0.00042963	0.10485	0.10485	0.810716	0.235746	0.0149713	0.177824	0.0235746	0.0178931	0.159557	0.159557	0.826862	0.783702	0.0166953	0.205812	0.0783702	0.0778216	0.268716	0.268716	0.882559	-1.35656	0.0131038	0.149257	-0.135656	-0.0691846	0.340121	0.340121	0.957087	-0.574294	0.0179658	0.227434	-0.0574294	-0.0252689	0.161793	0.161793	0.832023	0.415008	0.0147431	0.174236	0.0415008	0.0283451	0	0	0	0	0	0	0	0	0	0	0	0	0	0	0	0	0	0	-0.076441	0.929304	0	0.0719719	0.015416	0	-0.076441	0.929304	0	0.0719719	0.015416	0	0	0	-0.10099	0	0	0.98667	-0.0264971	0.705208	0.0835	0.255007	0.0500288	0	-0.0264971	0.705208	0.0835	0.255007	0.0500288	0	0	0	0.342226	0	0	0.737858	-0.0026345	0.315164	0.0835	0.289605	0.140112	0	-0.0026345	0.315164	0.0835	0.289605	0.140112	0	0	0	-0.278729	0	0	-0.672115	-0.0229792	0.057918	0.09142	0.0979261	0.119386	0	-0.0229792	0.057918	0.09142	0.0979261	0.119386	0	0	0	-0.268208	0	0	-1.37067	-0.0242767	0.705857	-0.0835	0.297286	0.0680637	0	-0.0242767	0.705857	-0.0835	0.297286	0.0680637	0	0	0	0.355897	0	0	1.00837	0.000914917	0.3173	-0.0835	0.36833	0.18999	0	0.000914917	0.3173	-0.0835	0.36833	0.18999	0	0	0	-0.28706	0	0	-0.77195	-0.0218699	0.0596586	-0.09142	0.138097	0.152956	0	-0.0218699	0.0596586	-0.09142	0.138097	0.152956	0	0	0	-0.286448	0	0	-1.88131	-0.0820368	1.33409	0	-0.310381	0.00903965	0	-0.0820368	1.33409	0	-0.310381	0.00903965	0	0	0	-0.143229	0	0	0.929554	2.54145	-0.0835465	0.86535	0.0835	-0.00044141	0.00180912	0	-1.29044e-05	-0.000906281	0	-0.0083425	-0.175241	0	0	0	0.443215	0	0	-0.248812	1858.19	441.468	-1804.99	-0	0	0	0	0	3.31386	0.048733	0.494658	0.0835	-0.000612136	0.00234407	0	-0.00184721	-0.00040248	0	-0.0383627	-0.222347	0	0	0	-0.620954	0	0	-1.40997	2422.94	618.151	-2342.76	-0	0	0	0	0	2.45615	-0.0692108	0.0830169	0.0835	0.00036376	0.00176316	0	-6.19739e-05	-0.00234893	0	-0.317754	0.226265	0	0	0	0.0104952	0	0	-0.698551	1795.83	-363.64	-1758.62	-0	0	0	0	0	2.33805	-0.08351	0.865204	-0.0835	-0.000404969	0.00166284	0	-0.000253409	-0.000506211	0	-0.342293	0.24169	0	0	0	0.456888	0	0	0.0217009	1709.47	406.124	-1660.53	-0	0	0	0	0	3.35116	0.053776	0.49636	-0.0835	-0.000692759	0.00234044	0	-0.00434059	0.00171539	0	1.08816	-1.20394	0	0	0	-0.642957	0	0	-1.78032	2450.21	706.893	-2346.02	-0	0	0	0	0	2.27978	-0.0676361	0.0855966	-0.0835	0.000335522	0.00164121	0	-0.00130546	-0.00411078	0	0.723585	0.585807	0	0	0	0.000690534	0	0	-1.10936	1666.87	-332.998	-1633.26	-0	0	0	0	0	0.456716	-0.0980206	1.01308	0	5.08204e-05	-0.000331514	0	-0.000972621	0.000107908	0	0.0823716	0.229246	0	0	0	-0.0422421	0	0	-0.0571154	333.929	-45.0621	330.875	-0	32.0069	0	0	32.0069	0.231326	0.232315	0.194643	0.188846	0.155944	0.148567	0.237558	0.235803	0.164838	0.15515	0.388727	0.39149	0.259969	0.25406	0.329321	0.324372	0.155261	0.162675	-0	0	0	-0	0	0	-0	0	0	-0	0	0	-0	0	0	-0	0	0	-0	0	0	-0	0	0	-0	0	0	-0	0	0	-0	0	0	-0	0	0	-0	0	0	-0	0	0	-0	0	0	-0	0	0	-0	0	0	-0	0	0	738.018	61.1143	38.7953	33.5842	33.3586	6.47935	31.9513	45.4887	48.4879	9.31518	71.588	40.3364	26.1894	27.2855	5.58228	32.2876	46.788	59.2881	7.55565	0	0	0	0	0	0	0.880673	0.881658	0.845315	0.839187	0.810716	0.803019	0.882764	0.882247	0.826862	0.819126	1.02503	1.03018	0.882559	0.881298	0.957087	0.960059	0.832023	0.822456	-0.010667	-0.770399	-5.61415	-0.0569372	0.969199	1.99931e-10	-0.0255912	0.0423143	0	-1.90735	3.15375	0	0.0332843	-0.0617984	8.77803	-0.0680478	0.451588	0	-49.7534	330.18	0	30.185	4.54845	18.0838	0.0554284	-0.00437331	-0.09142	-0.0500094	0.473355	0	-36.5645	346.095	0	-31.64	-3.34273	18.8718	0.0550068	-0.00453556	0.09142
0.14	-0.0909017	1.02705	-0.0756424	0.0858399	0.92945	0.0135758	0.439859	-0.404417	-0.63417	-1.25409	0.00398931	-0.611903	0.455496	-0.278621	-0.658851	-1.40807	-0.00877791	-0.839465	0	1	0	0	0	0	1	0	0	0	0	0	0	0	0	0	-0.0756424	0.92945	0	0.998967	0	0	-0.0454352	0.0858399	0.0135758	0	0	0	1.02705	-0.0239568	0.705665	0.0835	0.984817	0	0	0.173595	0.25282	0.0421054	0	0	0	0.622635	0.000157553	0.316468	0.0835	0.989849	0	0	-0.142123	0.27084	0.122448	0	0	0	-0.631453	-0.0220332	0.0590518	0.09142	0.990131	0	0	-0.140149	0.0917246	0.107767	0	0	0	-1.24336	-0.0214416	0.706459	-0.0835	0.98343	0	0	0.181289	0.27138	0.0527706	0	0	0	0.748431	0.00427807	0.318979	-0.0835	0.989196	0	0	-0.146598	0.308987	0.150028	0	0	0	-0.659637	-0.0206216	0.0610647	-0.09142	0.988543	0	0	-0.150938	0.115394	0.128676	0	0	0	-1.4991	-0.0852078	1.33416	0	0.997772	0	0	-0.0667136	-0.322922	0.00488912	0	0	0	1.00288	0.266288	0.085609	0.432429	0.113186	0.233647	0.131617	0.281202	0.0940461	0.1654	0.0818973	0.316755	0.0444338	0.327013	0.0420674	0.19118	0.0563227	0.294702	0.0856034	0.405187	0.112497	0.194962	0.132595	0.242177	0.0939006	0.18235	0.0828045	0.306801	0.0443391	0.354565	0.0418531	0.189638	0.0570885	0.172907	0.0615002	0.193523	0.0618522	0.260614	0.260614	0.877142	-0.554688	0.0155951	0.187772	-0.0554688	-0.0541376	0.373978	0.373978	1.02617	-0.365885	0.0242039	0.345804	-0.0365885	-0.0403571	0.209333	0.209333	0.838861	-0.0520529	0.0156253	0.18826	-0.00520529	-0.00816709	0.220727	0.220727	0.882233	0.130281	0.0207161	0.277119	0.0130281	0.013888	0.151257	0.151257	0.810279	0.86698	0.0161627	0.197002	0.086698	0.0658038	0.116892	0.116892	0.824746	0.56483	0.015448	0.185408	0.056483	0.0560876	0.230013	0.230013	0.871251	-0.95923	0.01512	0.180176	-0.095923	-0.0489207	0.288777	0.288777	0.956077	-0.368102	0.0182809	0.232924	-0.0368102	-0.0161965	0.182549	0.182549	0.824637	0.26887	0.0158244	0.191481	0.026887	0.0183638	0.214313	0.214313	0.877084	-0.589399	0.0165347	0.203142	-0.0589399	-0.0575253	0.401991	0.401991	1.01992	-0.424242	0.0226609	0.314633	-0.0424242	-0.0467939	0.178116	0.178116	0.845089	-0.0642041	0.0136654	0.157655	-0.00642041	-0.0100736	0.259344	0.259344	0.880869	0.0586763	0.0181054	0.229859	0.00586763	0.00625489	0.152558	0.152558	0.814917	0.440842	0.0162416	0.198298	0.0440842	0.0334599	0.187785	0.187785	0.833883	0.546835	0.0166852	0.205641	0.0546835	0.0543007	0.20733	0.20733	0.869395	-1.25793	0.0130958	0.149137	-0.125793	-0.0641544	0.358192	0.358192	0.951207	-0.600221	0.017669	0.222306	-0.0600221	-0.0264097	0.17309	0.17309	0.835849	0.175183	0.0154521	0.185473	0.0175183	0.011965	0	0	0	0	0	0	0	0	0	0	0	0	0	0	0	0	0	0	-0.0756424	0.92945	0	0.0858399	0.0135758	0	-0.0756424	0.92945	0	0.0858399	0.0135758	0	0	0	-0.0909017	0	0	1.02705	-0.0239568	0.705665	0.0835	0.25282	0.0421054	0	-0.0239568	0.705665	0.0835	0.25282	0.0421054	0	0	0	0.348958	0	0	0.622635	0.000157553	0.316468	0.0835	0.27084	0.122448	0	0.000157553	0.316468	0.0835	0.27084	0.122448	0	0	0	-0.285212	0	0	-0.631453	-0.0220332	0.0590518	0.09142	0.0917246	0.107767	0	-0.0220332	0.0590518	0.09142	0.0917246	0.107767	0	0	0	-0.281223	0	0	-1.24336	-0.0214416	0.706459	-0.0835	0.27138	0.0527706	0	-0.0214416	0.706459	-0.0835	0.27138	0.0527706	0	0	0	0.364595	0	0	0.748431	0.00427807	0.318979	-0.0835	0.308987	0.150028	0	0.00427807	0.318979	-0.0835	0.308987	0.150028	0	0	0	-0.294256	0	0	-0.659637	-0.0206216	0.0610647	-0.09142	0.115394	0.128676	0	-0.0206216	0.0610647	-0.09142	0.115394	0.128676	0	0	0	-0.303034	0	0	-1.4991	-0.0852078	1.33416	0	-0.322922	0.00488912	0	-0.0852078	1.33416	0	-0.322922	0.00488912	0	0	0	-0.133526	0	0	1.00288	2.51964	-0.0820829	0.865419	0.0835	-0.000440136	0.00179562	0	-9.60529e-05	-0.00149917	0	-0.0182652	-0.234192	0	0	0	0.439859	0	0	-0.404417	1842.24	440.574	-1788.78	-0	0	0	0	0	3.31187	0.0526877	0.495626	0.0835	-0.000629149	0.00234044	0	-0.00108558	-0.000940606	0	0.192759	-0.278793	0	0	0	-0.63417	0	0	-1.25409	2421.49	632.684	-2337.37	-0	0	0	0	0	2.4465	-0.0679342	0.0847502	0.0835	0.000363424	0.00175297	0	0.000263371	-0.000835836	0	0.144943	-0.102532	0	0	0	0.00396682	0	0	-0.611903	1788.77	-363.934	-1751.36	-0	0	0	0	0	2.34459	-0.0820586	0.865285	-0.0835	-0.000415802	0.00166203	0	-0.000937462	-1.02203e-05	0	-0.0189347	0.169728	0	0	0	0.455496	0	0	-0.278621	1714.25	420.076	-1661.98	-0	0	0	0	0	3.35523	0.0584263	0.497654	-0.0835	-0.000717074	0.00233948	0	-0.0025593	0.00122718	0	-0.311726	0.381533	0	0	0	-0.65885	0	0	-1.40807	2453.18	725.408	-2343.48	-0	0	0	0	0	2.26487	-0.0659513	0.0877581	-0.0835	0.000334486	0.00162172	0	1.432e-05	5.50449e-05	0	-0.462491	0.508843	0	0	0	-0.00878907	0	0	-0.839465	1655.97	-334.514	-1621.83	-0	0	0	0	0	0.430866	-0.0980764	1.01302	0	4.3869e-05	-0.000321232	0	-0.000536226	0.00149354	0	0.0258444	-0.0792046	0	0	0	-0.0426242	0	0	-0.0241737	315.029	-40.6944	312.389	-0	25.9625	0	0	25.9625	0.230673	0.231658	0.195315	0.189187	0.160716	0.153019	0.232764	0.232247	0.170619	0.162761	0.381635	0.385303	0.246255	0.242288	0.322765	0.319707	0.161084	0.164862	-0	0	0	-0	0	0	-0	0	0	-0	0	0	-0	0	0	-0	0	0	-0	0	0	-0	0	0	-0	0	0	-0	0	0	-0	0	0	-0	0	0	-0	0	0	-0	0	0	-0	0	0	-0	0	0	-0	0	0	-0	0	0	727.053	66.7743	35.2723	35.4486	29.0472	6.11796	26.9709	40.8865	45.0556	8.88942	70.8665	36.1617	29.7055	28.608	6.67427	36.7794	41.9125	60.6851	8.65527	0	0	0	0	0	0	0.880869	0.882233	0.845089	0.838861	0.814917	0.810279	0.877084	0.877142	0.833883	0.824746	1.01992	1.02617	0.869395	0.871251	0.951207	0.956077	0.835849	0.824637	-0.0186428	-0.819898	-4.32762	-0.0572538	0.969579	1.99931e-10	-0.037037	0.033751	0	-2.76042	2.51551	0	0.0192107	-0.0289295	8.69794	-0.0650254	0.437431	0	-47.5435	319.829	0	29.2387	4.34643	17.7149	0.0560291	-0.0043087	-0.09142	-0.0507302	0.464611	0	-37.0916	339.701	0	-31.0555	-3.39091	18.6755	0.0554648	-0.00447452	0.09142
0.15	-0.0804864	1.05183	-0.0747417	0.0925318	0.929571	0.0101982	0.435317	-0.485897	-0.646306	-1.18774	-0.00165921	-0.542103	0.451335	-0.523691	-0.671079	-1.07921	-0.0161945	-0.655347	0	1	0	0	0	0	1	0	0	0	0	0	0	0	0	0	-0.0747417	0.929571	0	0.99919	0	0	-0.0402323	0.0925318	0.0101982	0	0	0	1.05183	-0.0214346	0.706046	0.0835	0.984303	0	0	0.176486	0.251724	0.0349918	0	0	0	0.565935	0.00280434	0.317615	0.0835	0.989399	0	0	-0.145222	0.260801	0.110163	0	0	0	-0.621802	-0.0211491	0.0600756	0.09142	0.989278	0	0	-0.146043	0.0864578	0.0991026	0	0	0	-1.1639	-0.0188715	0.706911	-0.0835	0.982858	0	0	0.184363	0.244716	0.0378111	0	0	0	0.52814	0.00708266	0.320274	-0.0835	0.988754	0	0	-0.149552	0.257036	0.111118	0	0	0	-0.551071	-0.0195632	0.0621896	-0.09142	0.987511	0	0	-0.157553	0.0972664	0.0977293	0	0	0	-1.20642	-0.0884982	1.33417	0	0.998103	0	0	-0.0615645	-0.334396	-0.00304981	0	0	0	1.05433	0.299633	0.0850007	0.433384	0.1128	0.222576	0.131508	0.269872	0.0942451	0.159151	0.0824918	0.303482	0.0439738	0.316918	0.0419117	0.187475	0.0565343	0.277205	0.0850548	0.41053	0.112039	0.191906	0.132456	0.251652	0.0939578	0.18485	0.0833229	0.284641	0.043738	0.353161	0.0415868	0.186963	0.0572689	0.165611	0.0622254	0.188516	0.062308	0.252642	0.252642	0.870909	-0.783518	0.0154776	0.185882	-0.0783518	-0.0764714	0.364467	0.364467	1.02267	-0.360312	0.0242845	0.347466	-0.0360312	-0.0397424	0.23029	0.23029	0.838163	-0.0646376	0.0149914	0.178142	-0.00646376	-0.0101416	0.300597	0.300597	0.8841	0.231759	0.0207738	0.278202	0.0231759	0.0247055	0.201798	0.201798	0.819834	1.08314	0.0163524	0.200123	0.108314	0.0822103	0.212653	0.212653	0.830733	0.593526	0.0151818	0.181158	0.0593526	0.0589372	0.238021	0.238021	0.862231	-0.858495	0.0151723	0.181007	-0.0858495	-0.0437833	0.422622	0.422622	0.952538	-0.333313	0.018092	0.229624	-0.0333313	-0.0146658	0.150674	0.150674	0.827735	0.358365	0.0160201	0.194666	0.0358365	0.0244763	0.15526	0.15526	0.871463	-0.5399	0.0160794	0.195636	-0.05399	-0.0526943	0.383345	0.383345	1.01576	-0.396522	0.0230933	0.323242	-0.0396522	-0.0437364	0.194378	0.194378	0.844209	-0.121506	0.0132171	0.150938	-0.0121506	-0.0190643	0.285103	0.285103	0.881405	0.0884559	0.0188297	0.242614	0.00884559	0.0094294	0.106779	0.106779	0.820923	0.726026	0.0169966	0.210864	0.0726026	0.0551054	0.260904	0.260904	0.839103	0.497739	0.0167486	0.206704	0.0497739	0.0494254	0.253312	0.253312	0.857608	-1.08517	0.01321	0.150831	-0.108517	-0.0553435	0.386996	0.386996	0.945154	-0.59263	0.0176219	0.221499	-0.059263	-0.0260757	0.149505	0.149505	0.83849	0.330948	0.0160267	0.194775	0.0330948	0.0226037	0	0	0	0	0	0	0	0	0	0	0	0	0	0	0	0	0	0	-0.0747417	0.929571	0	0.0925318	0.0101982	0	-0.0747417	0.929571	0	0.0925318	0.0101982	0	0	0	-0.0804864	0	0	1.05183	-0.0214346	0.706046	0.0835	0.251724	0.0349918	0	-0.0214346	0.706046	0.0835	0.251724	0.0349918	0	0	0	0.354831	0	0	0.565935	0.00280434	0.317615	0.0835	0.260801	0.110163	0	0.00280434	0.317615	0.0835	0.260801	0.110163	0	0	0	-0.291475	0	0	-0.621802	-0.0211491	0.0600756	0.09142	0.0864578	0.0991026	0	-0.0211491	0.0600756	0.09142	0.0864578	0.0991026	0	0	0	-0.293134	0	0	-1.1639	-0.0188715	0.706911	-0.0835	0.244716	0.0378111	0	-0.0188715	0.706911	-0.0835	0.244716	0.0378111	0	0	0	0.370848	0	0	0.52814	0.00708266	0.320274	-0.0835	0.257036	0.111118	0	0.00708266	0.320274	-0.0835	0.257036	0.111118	0	0	0	-0.300231	0	0	-0.551071	-0.0195632	0.0621896	-0.09142	0.0972664	0.0977293	0	-0.0195632	0.0621896	-0.09142	0.0972664	0.0977293	0	0	0	-0.316425	0	0	-1.20642	-0.0884982	1.33417	0	-0.334396	-0.00304981	0	-0.0884982	1.33417	0	-0.334396	-0.00304981	0	0	0	-0.123207	0	0	1.05433	2.4782	-0.080498	0.865456	0.0835	-0.000441886	0.00177073	0	-0.000324741	-0.00304258	0	-0.0819618	-0.00475749	0	0	0	0.435317	0	0	-0.485897	1811.94	443.367	-1756.86	-0	0	0	0	0	3.27028	0.0564555	0.49644	0.0835	-0.000629488	0.00231558	0	0.000337929	-0.00262652	0	-0.0707369	0.242039	0	0	0	-0.646307	0	0	-1.18774	2391.08	628.388	-2307.03	-0	0	0	0	0	2.4326	-0.0667408	0.086319	0.0835	0.000370912	0.00174189	0	0.00110468	-0.00146966	0	-0.0749721	-0.032412	0	0	0	-0.00154408	0	0	-0.542103	1778.61	-373.048	-1739.04	-0	0	0	0	0	2.36046	-0.0804806	0.865354	-0.0835	-0.000424437	0.0016689	0	-0.000796825	0.000664572	0	0.0362629	-0.122925	0	0	0	0.451335	0	0	-0.523691	1725.86	428.07	-1671.93	-0	0	0	0	0	3.36432	0.0622974	0.498622	-0.0835	-0.000734895	0.00234807	0	-0.000643015	-0.000377484	0	0.272711	-0.21527	0	0	0	-0.671079	0	0	-1.07921	2459.84	736.989	-2346.84	-0	0	0	0	0	2.28226	-0.0645313	0.0894877	-0.0835	0.000339665	0.0016309	0	0.00124124	0.00121047	0	0.141906	0.0476909	0	0	0	-0.0161798	0	0	-0.655347	1668.68	-342.065	-1633.24	-0	0	0	0	0	0.417797	-0.0980521	1.01291	0	3.99277e-05	-0.000310369	0	-0.000230283	0.00123968	0	0.050969	0.0408695	0	0	0	-0.0427191	0	0	0.00249362	305.473	-38.5643	303.029	-0	20.8794	0	0	20.8794	0.230869	0.232233	0.195089	0.188861	0.164917	0.160279	0.227084	0.227142	0.176862	0.169126	0.375025	0.380176	0.232559	0.231298	0.316313	0.315564	0.1687	0.166403	-0	0	0	-0	0	0	-0	0	0	-0	0	0	-0	0	0	-0	0	0	-0	0	0	-0	0	0	-0	0	0	-0	0	0	-0	0	0	-0	0	0	-0	0	0	-0	0	0	-0	0	0	-0	0	0	-0	0	0	-0	0	0	761.97	82.2791	34.961	36.888	33.7531	7.10084	36.7434	38.005	49.6589	7.95881	60.9021	35.2645	34.1052	31.1626	5.68607	46.3603	38.9557	61.6644	7.97811	0	0	0	0	0	0	0.881405	0.8841	0.844209	0.838163	0.820923	0.819834	0.871463	0.870909	0.839103	0.830733	1.01576	1.02267	0.857608	0.862231	0.945154	0.952538	0.83849	0.827735	-0.0270505	-0.857563	-3.13432	-0.0576837	0.969863	1.99931e-10	-0.0481906	0.0236047	0	-3.59171	1.75929	0	0.00232836	0.00537285	8.6314	-0.0635804	0.434854	0	-46.487	317.945	0	29.0665	4.24984	17.7816	0.0565493	-0.00425756	-0.09142	-0.0447296	0.457947	0	-32.7042	334.829	0	-30.6101	-2.98982	18.5692	0.0558907	-0.00442278	0.09142
0.16	-0.0698655	1.07333	-0.0738014	0.0953851	0.929644	0.00614743	0.430088	-0.565528	-0.657507	-1.05614	-0.00790819	-0.663607	0.444982	-0.73761	-0.680108	-0.752672	-0.0226847	-0.617941	0	1	0	0	0	0	1	0	0	0	0	0	0	0	0	0	-0.0738014	0.929644	0	0.99939	0	0	-0.0349256	0.0953851	0.00614743	0	0	0	1.07333	-0.0189405	0.706382	0.0835	0.983824	0	0	0.179139	0.245335	0.0346051	0	0	0	0.507798	0.00537466	0.318722	0.0835	0.988973	0	0	-0.148095	0.252435	0.107601	0	0	0	-0.548344	-0.0202475	0.0610406	0.09142	0.98838	0	0	-0.152005	0.0923392	0.0917755	0	0	0	-1.21195	-0.0165563	0.707206	-0.0835	0.982462	0	0	0.186461	0.219167	0.0236927	0	0	0	0.335716	0.00942106	0.321227	-0.0835	0.988395	0	0	-0.151905	0.213269	0.079459	0	0	0	-0.416956	-0.0186337	0.0630021	-0.09142	0.986609	0	0	-0.163106	0.0883361	0.0651404	0	0	0	-1.0349	-0.0918995	1.33408	0	0.998419	0	0	-0.0562038	-0.344926	-0.0139365	0	0	0	1.09106	0.286198	0.084282	0.417654	0.112426	0.258454	0.131247	0.274902	0.0944331	0.17549	0.0828567	0.285025	0.0435583	0.351893	0.0416928	0.200759	0.0567656	0.257868	0.0845491	0.427137	0.111627	0.203367	0.132181	0.25973	0.0940521	0.216212	0.0835513	0.269013	0.0432112	0.349099	0.0413174	0.179774	0.0575338	0.181179	0.0628137	0.175738	0.0629729	0.151523	0.151523	0.863546	-0.69564	0.0154249	0.185037	-0.069564	-0.0678945	0.349041	0.349041	1.01928	-0.329954	0.0239566	0.340726	-0.0329954	-0.0363939	0.218033	0.218033	0.836503	-0.288528	0.0154026	0.18468	-0.0288528	-0.04527	0.239161	0.239161	0.885864	0.214279	0.0209681	0.281867	0.0214279	0.0228421	0.181111	0.181111	0.827585	0.754614	0.0167005	0.2059	0.0754614	0.0572752	0.186156	0.186156	0.834408	0.470896	0.0159511	0.19354	0.0470896	0.04676	0.211664	0.211664	0.854084	-0.764599	0.0149672	0.17776	-0.0764599	-0.0389945	0.350056	0.350056	0.947563	-0.52241	0.0180756	0.22934	-0.052241	-0.022986	0.177031	0.177031	0.831121	0.205706	0.0162146	0.197853	0.0205706	0.0140497	0.220047	0.220047	0.866281	-0.532105	0.0152659	0.182498	-0.0532105	-0.0519334	0.360864	0.360864	1.01203	-0.386765	0.0237977	0.337479	-0.0386765	-0.0426601	0.189165	0.189165	0.842455	-0.240988	0.0132034	0.150734	-0.0240988	-0.037811	0.305766	0.305766	0.882289	0.18383	0.0198966	0.261901	0.018383	0.0195963	0.0877597	0.0877597	0.829683	0.960862	0.0169273	0.209697	0.0960862	0.0729294	0.133074	0.133074	0.841403	0.253933	0.0177405	0.223537	0.0253933	0.0252156	0.170458	0.170458	0.847279	-0.947699	0.0133007	0.152182	-0.0947699	-0.0483326	0.370194	0.370194	0.939031	-0.550489	0.0177105	0.223021	-0.0550489	-0.0242215	0.139437	0.139437	0.842368	0.439844	0.0160432	0.195044	0.0439844	0.0300413	0	0	0	0	0	0	0	0	0	0	0	0	0	0	0	0	0	0	-0.0738014	0.929644	0	0.0953851	0.00614743	0	-0.0738014	0.929644	0	0.0953851	0.00614743	0	0	0	-0.0698655	0	0	1.07333	-0.0189405	0.706382	0.0835	0.245335	0.0346051	0	-0.0189405	0.706382	0.0835	0.245335	0.0346051	0	0	0	0.360222	0	0	0.507798	0.00537466	0.318722	0.0835	0.252435	0.107601	0	0.00537466	0.318722	0.0835	0.252435	0.107601	0	0	0	-0.297284	0	0	-0.548344	-0.0202475	0.0610406	0.09142	0.0923392	0.0917755	0	-0.0202475	0.0610406	0.09142	0.0923392	0.0917755	0	0	0	-0.305192	0	0	-1.21195	-0.0165563	0.707206	-0.0835	0.219167	0.0236927	0	-0.0165563	0.707206	-0.0835	0.219167	0.0236927	0	0	0	0.375117	0	0	0.335716	0.00942106	0.321227	-0.0835	0.213269	0.079459	0	0.00942106	0.321227	-0.0835	0.213269	0.079459	0	0	0	-0.304991	0	0	-0.416956	-0.0186337	0.0630021	-0.09142	0.0883361	0.0651404	0	-0.0186337	0.0630021	-0.09142	0.0883361	0.0651404	0	0	0	-0.327676	0	0	-1.0349	-0.0918995	1.33408	0	-0.344926	-0.0139365	0	-0.0918995	1.33408	0	-0.344926	-0.0139365	0	0	0	-0.112467	0	0	1.09106	2.51254	-0.0788625	0.865472	0.0835	-0.000446834	0.00176643	0	-0.00160876	0.00298209	0	-0.365955	0.453738	0	0	0	0.430087	0	0	-0.565528	1837.05	454.169	-1780.02	-0	0	0	0	0	3.34434	0.0600637	0.497232	0.0835	-0.00065678	0.00234485	0	-0.00241208	0.00255546	0	1.14531	-1.62317	0	0	0	-0.657506	0	0	-1.05614	2445.23	664.634	-2353.17	-0	0	0	0	0	2.43103	-0.0655194	0.0878318	0.0835	0.000374489	0.00173765	0	-6.60717e-05	-3.75062e-05	0	0.553939	0.0101918	0	0	0	-0.00790353	0	0	-0.663607	1777.45	-374.361	-1737.58	-0	0	0	0	0	2.37967	-0.078841	0.865385	-0.0835	-0.000425339	0.00167976	0	-9.4831e-05	0.00158799	0	-0.113766	-0.0540762	0	0	0	0.444982	0	0	-0.73761	1739.9	425.771	-1687	-0	0	0	0	0	3.45357	0.0654842	0.499311	-0.0835	-0.000761643	0.00239021	0	-0.00224164	0.0045924	0	1.03179	-0.992213	0	0	0	-0.680107	0	0	-0.752672	2525.09	768.943	-2405.16	-0	0	0	0	0	2.30816	-0.0632918	0.0908043	-0.0835	0.000346385	0.00164866	0	0.00060346	0.00143556	0	0.589086	-0.61331	0	0	0	-0.0226724	0	0	-0.617941	1687.62	-347.552	-1651.44	-0	0	0	0	0	0.422782	-0.0980026	1.01274	0	3.62098e-05	-0.000302814	0	-0.00019531	-0.000728045	0	0.0704666	-0.290098	0	0	0	-0.0426018	0	0	0.0177289	309.118	-35.0535	307.124	-0	17.8922	0	0	17.8922	0.231405	0.2341	0.194209	0.188163	0.170923	0.169834	0.221463	0.220909	0.183883	0.174746	0.369921	0.376166	0.219395	0.221251	0.310077	0.311788	0.178701	0.170567	-0	0	0	-0	0	0	-0	0	0	-0	0	0	-0	0	0	-0	0	0	-0	0	0	-0	0	0	-0	0	0	-0	0	0	-0	0	0	-0	0	0	-0	0	0	-0	0	0	-0	0	0	-0	0	0	-0	0	0	-0	0	0	754.013	68.7405	32.5768	56.5797	29.8366	7.04472	35.7315	33.5596	57.0591	9.07739	60.645	35.5271	42.1792	33.3229	5.07337	35.5345	32.898	58.5548	7.52945	0	0	0	0	0	0	0.882289	0.885864	0.842455	0.836503	0.829683	0.827585	0.866281	0.863546	0.841403	0.834408	1.01203	1.01928	0.847279	0.854084	0.939031	0.947563	0.842368	0.831121	-0.0357845	-0.887007	-2.7406	-0.0582224	0.970046	1.99931e-10	-0.059207	0.0137819	0	-4.41278	1.02718	0	-0.020231	0.0329061	8.58357	-0.0719878	0.450649	0	-52.6341	329.493	0	30.1223	4.81181	18.5612	0.0570161	-0.00427818	-0.09142	-0.0515876	0.462172	0	-37.7184	337.919	0	-30.8925	-3.44822	18.8646	0.0563174	-0.00440335	0.09142
0.17	-0.0590662	1.07789	-0.0728504	0.0934341	0.929699	0.00425905	0.424025	-0.631383	-0.667616	-0.97143	-0.0138551	-0.54704	0.436789	-0.865832	-0.68664	-0.587317	-0.0276789	-0.409371	0	1	0	0	0	0	1	0	0	0	0	0	0	0	0	0	-0.0728504	0.929699	0	0.999564	0	0	-0.0295288	0.0934341	0.00425905	0	0	0	1.07789	-0.0165381	0.706697	0.0835	0.983397	0	0	0.181468	0.235003	0.0271126	0	0	0	0.446504	0.00780626	0.319713	0.0835	0.988572	0	0	-0.150752	0.234878	0.0911688	0	0	0	-0.524926	-0.019367	0.061909	0.09142	0.987504	0	0	-0.157596	0.0845333	0.081213	0	0	0	-1.07197	-0.0144834	0.70739	-0.0835	0.982219	0	0	0.187741	0.197992	0.0140251	0	0	0	0.212056	0.0113469	0.321848	-0.0835	0.988095	0	0	-0.153845	0.177509	0.0504303	0	0	0	-0.375262	-0.0178512	0.0635319	-0.09142	0.985871	0	0	-0.167505	0.0703921	0.0461245	0	0	0	-0.784632	-0.0954034	1.33391	0	0.998715	0	0	-0.0506809	-0.355269	-0.0201607	0	0	0	1.11671	0.263061	0.0836616	0.401274	0.112098	0.249209	0.130937	0.280292	0.0946561	0.179065	0.0832762	0.277895	0.0431821	0.347759	0.0414674	0.195452	0.0569523	0.247535	0.0840082	0.407977	0.111312	0.19483	0.131847	0.284703	0.0941936	0.207797	0.0838647	0.253498	0.0427722	0.351901	0.0410711	0.210666	0.0577568	0.177308	0.0634251	0.162813	0.0637777	0.209254	0.209254	0.857188	-0.59605	0.0150217	0.17862	-0.059605	-0.0581745	0.581945	0.581945	1.0163	-0.270391	0.0238431	0.338406	-0.0270391	-0.0298241	0.258816	0.258816	0.834527	-0.152716	0.015731	0.189968	-0.0152716	-0.0239611	0.148223	0.148223	0.887956	0.169865	0.0210045	0.282555	0.0169865	0.0181076	0.161295	0.161295	0.835641	0.90284	0.016977	0.210533	0.090284	0.0685255	0.219342	0.219342	0.838632	0.438102	0.0161273	0.196419	0.0438102	0.0435035	0.177916	0.177916	0.846708	-0.73432	0.0147917	0.174996	-0.073432	-0.0374503	0.313317	0.313317	0.942441	-0.488378	0.018117	0.230062	-0.0488378	-0.0214886	0.110842	0.110842	0.833855	0.334177	0.0165173	0.202851	0.0334177	0.0228243	0.271573	0.271573	0.86074	-0.560922	0.0146081	0.172127	-0.0560922	-0.054746	0.308669	0.308669	1.00918	-0.188963	0.0248524	0.359276	-0.0188963	-0.0208426	0.150322	0.150322	0.840325	-0.194361	0.0129717	0.147306	-0.0194361	-0.0304953	0.124954	0.124954	0.883617	0.165021	0.0211562	0.285435	0.0165021	0.0175913	0.191009	0.191009	0.840286	1.11451	0.0165332	0.203114	0.111451	0.0845914	0.179954	0.179954	0.844559	0.314408	0.0175563	0.220372	0.0314408	0.0312207	0.216419	0.216419	0.838671	-0.779207	0.0135218	0.155493	-0.0779207	-0.0397396	0.281821	0.281821	0.933434	-0.525398	0.0179271	0.22676	-0.0525398	-0.0231175	0.258037	0.258037	0.845633	0.0194119	0.0159689	0.193831	0.00194119	0.00132583	0	0	0	0	0	0	0	0	0	0	0	0	0	0	0	0	0	0	-0.0728504	0.929699	0	0.0934341	0.00425905	0	-0.0728504	0.929699	0	0.0934341	0.00425905	0	0	0	-0.0590662	0	0	1.07789	-0.0165381	0.706697	0.0835	0.235003	0.0271126	0	-0.0165381	0.706697	0.0835	0.235003	0.0271126	0	0	0	0.364959	0	0	0.446504	0.00780626	0.319713	0.0835	0.234878	0.0911688	0	0.00780626	0.319713	0.0835	0.234878	0.0911688	0	0	0	-0.302657	0	0	-0.524926	-0.019367	0.061909	0.09142	0.0845333	0.081213	0	-0.019367	0.061909	0.09142	0.0845333	0.081213	0	0	0	-0.316512	0	0	-1.07197	-0.0144834	0.70739	-0.0835	0.197992	0.0140251	0	-0.0144834	0.70739	-0.0835	0.197992	0.0140251	0	0	0	0.377723	0	0	0.212056	0.0113469	0.321848	-0.0835	0.177509	0.0504303	0	0.0113469	0.321848	-0.0835	0.177509	0.0504303	0	0	0	-0.308918	0	0	-0.375262	-0.0178512	0.0635319	-0.09142	0.0703921	0.0461245	0	-0.0178512	0.0635319	-0.09142	0.0703921	0.0461245	0	0	0	-0.336597	0	0	-0.784632	-0.0954034	1.33391	0	-0.355269	-0.0201607	0	-0.0954034	1.33391	0	-0.355269	-0.0201607	0	0	0	-0.101405	0	0	1.11671	2.5226	-0.0772129	0.8655	0.0835	-0.000460505	0.00178559	0	-0.000461996	-3.20976e-05	0	0.178126	-0.22017	0	0	0	0.424025	0	0	-0.631383	1844.4	462.612	-1785.44	-0	0	0	0	0	3.33282	0.0634536	0.497927	0.0835	-0.000670187	0.00234586	0	-0.0008398	-0.00117037	0	0.248021	-0.327888	0	0	0	-0.667616	0	0	-0.97143	2436.8	672.922	-2342.05	-0	0	0	0	0	2.43553	-0.0643328	0.089211	0.0835	0.000378378	0.00173938	0	0.000831984	0.000179678	0	0.100658	0.0985926	0	0	0	-0.0138452	0	0	-0.54704	1780.74	-379.987	-1739.73	-0	0	0	0	0	2.39022	-0.0771802	0.865406	-0.0835	-0.000427768	0.00169128	0	-7.47591e-05	0.000676715	0	0.047847	-0.225581	0	0	0	0.436788	0	0	-0.865832	1747.61	428.108	-1694.37	-0	0	0	0	0	3.41521	0.0681089	0.499711	-0.0835	-0.00075756	0.00238949	0	0.00171581	-0.00257017	0	-0.689013	-0.255474	0	0	0	-0.68664	0	0	-0.587317	2497.04	751.973	-2381.12	-0	0	0	0	0	2.3405	-0.0622596	0.0917314	-0.0835	0.000363417	0.00166601	0	0.0019888	0.00278042	0	-0.99531	2.35384	0	0	0	-0.0276819	0	0	-0.409371	1711.26	-367.263	-1671.39	-0	0	0	0	0	0.432989	-0.0979516	1.01251	0	3.53903e-05	-0.000313714	0	-0.000198089	-0.000170959	0	-0.0324966	0.27004	0	0	0	-0.0423379	0	0	0.0388181	316.581	-34.2175	314.726	-0	13.7525	0	0	13.7525	0.232289	0.235864	0.192455	0.186503	0.179683	0.177585	0.216281	0.213546	0.189103	0.180733	0.365762	0.372668	0.207608	0.212231	0.304179	0.308094	0.184319	0.173558	-0	0	0	-0	0	0	-0	0	0	-0	0	0	-0	0	0	-0	0	0	-0	0	0	-0	0	0	-0	0	0	-0	0	0	-0	0	0	-0	0	0	-0	0	0	-0	0	0	-0	0	0	-0	0	0	-0	0	0	-0	0	0	716.369	63.1808	37.8193	49.098	24.8037	6.55302	40.2431	31.1451	53.1954	7.29507	63.3103	26.2741	35.276	23.843	6.8689	39.4925	30.2778	53.2714	11.8794	0	0	0	0	0	0	0.883617	0.887956	0.840325	0.834527	0.840286	0.835641	0.86074	0.857188	0.844559	0.838632	1.00918	1.0163	0.838671	0.846708	0.933434	0.942441	0.845633	0.833855	-0.0447876	-0.910753	-1.74133	-0.0588786	0.97014	1.99931e-10	-0.0712826	0.00572528	0	-5.31279	0.426713	0	-0.0267861	0.0481212	8.48086	-0.0676348	0.461878	0	-49.4514	337.704	0	30.8729	4.52085	19.1775	0.0574248	-0.00434995	-0.09142	-0.0531743	0.461384	0	-38.8785	337.343	0	-30.8399	-3.55427	18.9704	0.0567419	-0.00440121	0.09142
0.18	-0.0483254	1.07445	-0.0719567	0.0857705	0.929721	0.000718119	0.417478	-0.684969	-0.676696	-0.845632	-0.0194462	-0.543868	0.42796	-0.907476	-0.692171	-0.498694	-0.0311475	-0.343421	0	1	0	0	0	0	1	0	0	0	0	0	0	0	0	0	-0.0719567	0.929721	0	0.999708	0	0	-0.0241604	0.0857705	0.000718119	0	0	0	1.07445	-0.0142707	0.706924	0.0835	0.983014	0	0	0.18353	0.218415	0.019	0	0	0	0.389484	0.0100639	0.320586	0.0835	0.9882	0	0	-0.153166	0.215999	0.0821176	0	0	0	-0.456148	-0.0185286	0.0626677	0.09142	0.986664	0	0	-0.162767	0.0821383	0.0711695	0	0	0	-1.00002	-0.0125797	0.707487	-0.0835	0.982039	0	0	0.18868	0.183109	0.00704094	0	0	0	0.166977	0.0130171	0.322299	-0.0835	0.987815	0	0	-0.155633	0.157638	0.0431619	0	0	0	-0.331717	-0.0172067	0.0639755	-0.09142	0.985271	0	0	-0.170998	0.062342	0.0422013	0	0	0	-0.675137	-0.099007	1.33367	0	0.998983	0	0	-0.0450805	-0.365015	-0.0280266	0	0	0	1.12497	0.254631	0.0830792	0.465776	0.111644	0.245167	0.130681	0.262424	0.0949484	0.206487	0.0835391	0.258877	0.0428381	0.341412	0.0412631	0.213297	0.0571714	0.25448	0.0833841	0.386869	0.111161	0.199335	0.131492	0.268805	0.0945261	0.233862	0.0841021	0.245068	0.0424058	0.352127	0.0408583	0.221523	0.0577203	0.186525	0.0640709	0.176544	0.0644014	0.176726	0.176726	0.851221	-0.613598	0.0145132	0.170647	-0.0613598	-0.0598872	0.417649	0.417649	1.01218	-0.397466	0.0251138	0.364768	-0.0397466	-0.0438405	0.18668	0.18668	0.832891	-0.138162	0.0155984	0.187826	-0.0138162	-0.0216776	0.240066	0.240066	0.890698	0.314805	0.0209007	0.280594	0.0314805	0.0335582	0.213534	0.213534	0.844149	0.682121	0.0170916	0.212467	0.0682121	0.051773	0.151013	0.151013	0.84128	0.214769	0.0169478	0.210042	0.0214769	0.0213266	0.216065	0.216065	0.839962	-0.627275	0.0145698	0.171528	-0.0627275	-0.031991	0.394422	0.394422	0.937797	-0.446366	0.0181316	0.230316	-0.0446366	-0.0196401	0.242962	0.242962	0.837063	0.125968	0.0166294	0.204714	0.0125968	0.00860364	0.178819	0.178819	0.854346	-0.659792	0.0142874	0.167151	-0.0659792	-0.0643957	0.361639	0.361639	1.00781	-0.115354	0.0246454	0.354953	-0.0115354	-0.0127236	0.190965	0.190965	0.838066	-0.272153	0.0127993	0.144772	-0.0272153	-0.0427008	0.195123	0.195123	0.886736	0.348007	0.0213964	0.290017	0.0348007	0.0370975	0.179121	0.179121	0.848504	0.770421	0.0167378	0.206523	0.0770421	0.058475	0.264763	0.264763	0.84695	0.0593444	0.0177358	0.223455	0.00593444	0.0058929	0.21496	0.21496	0.831486	-0.655602	0.0137539	0.158995	-0.0655602	-0.0334357	0.294589	0.294589	0.928597	-0.48286	0.0181788	0.231139	-0.048286	-0.0212458	0.150004	0.150004	0.8451	0.0263284	0.0166143	0.204464	0.00263284	0.00179823	0	0	0	0	0	0	0	0	0	0	0	0	0	0	0	0	0	0	-0.0719567	0.929721	0	0.0857705	0.000718119	0	-0.0719567	0.929721	0	0.0857705	0.000718119	0	0	0	-0.0483254	0	0	1.07445	-0.0142707	0.706924	0.0835	0.218415	0.019	0	-0.0142707	0.706924	0.0835	0.218415	0.019	0	0	0	0.369153	0	0	0.389484	0.0100639	0.320586	0.0835	0.215999	0.0821176	0	0.0100639	0.320586	0.0835	0.215999	0.0821176	0	0	0	-0.307543	0	0	-0.456148	-0.0185286	0.0626677	0.09142	0.0821383	0.0711695	0	-0.0185286	0.0626677	0.09142	0.0821383	0.0711695	0	0	0	-0.326989	0	0	-1.00002	-0.0125797	0.707487	-0.0835	0.183109	0.00704094	0	-0.0125797	0.707487	-0.0835	0.183109	0.00704094	0	0	0	0.379635	0	0	0.166977	0.0130171	0.322299	-0.0835	0.157638	0.0431619	0	0.0130171	0.322299	-0.0835	0.157638	0.0431619	0	0	0	-0.312537	0	0	-0.331717	-0.0172067	0.0639755	-0.09142	0.062342	0.0422013	0	-0.0172067	0.0639755	-0.09142	0.062342	0.0422013	0	0	0	-0.343684	0	0	-0.675137	-0.099007	1.33367	0	-0.365015	-0.0280266	0	-0.099007	1.33367	0	-0.365015	-0.0280266	0	0	0	-0.0901916	0	0	1.12497	2.49354	-0.075611	0.865472	0.0835	-0.000461183	0.00177374	0	-4.55379e-05	-0.00217836	0	0.124518	-0.328179	0	0	0	0.417478	0	0	-0.684969	1823.16	461.391	-1763.81	-0	0	0	0	0	3.41461	0.0665814	0.498526	0.0835	-0.000694461	0.00237674	0	-0.00334314	0.00557617	0	0.0166433	-0.150758	0	0	0	-0.676696	0	0	-0.845632	2496.6	705.347	-2394.89	-0	0	0	0	0	2.43387	-0.0632058	0.0904393	0.0835	0.000381574	0.00173801	0	-0.000314668	0.000134043	0	-0.035813	0.0428698	0	0	0	-0.0194334	0	0	-0.543868	1779.53	-380.966	-1738.27	-0	0	0	0	0	2.37369	-0.0755785	0.865383	-0.0835	-0.000428721	0.00168528	0	3.50177e-05	-0.000765757	0	-0.0366765	0.465761	0	0	0	0.427961	0	0	-0.907476	1735.53	428.562	-1681.79	-0	0	0	0	0	3.42268	0.0704223	0.499955	-0.0835	-0.000749372	0.00237596	0	-0.00158989	0.00309405	0	-0.50558	1.04374	0	0	0	-0.692172	0	0	-0.498694	2502.5	754.549	-2386.04	-0	0	0	0	0	2.39771	-0.0614141	0.092489	-0.0835	0.000377126	0.00170386	0	0.000751607	0.0040704	0	-0.173416	-0.00150335	0	0	0	-0.0311357	0	0	-0.343421	1753.09	-378.579	-1711.73	-0	0	0	0	0	0.422082	-0.0979511	1.01227	0	3.36021e-05	-0.000309318	0	-0.000196196	0.000408959	0	-0.0218031	-0.199907	0	0	0	-0.0418736	0	0	0.0505165	308.607	-32.4406	306.897	-0	11.3886	0	0	11.3886	0.233617	0.237956	0.190325	0.184527	0.190286	0.185641	0.21074	0.207188	0.191403	0.184408	0.362031	0.369278	0.197279	0.204084	0.298174	0.304265	0.186973	0.176078	-0	0	0	-0	0	0	-0	0	0	-0	0	0	-0	0	0	-0	0	0	-0	0	0	-0	0	0	-0	0	0	-0	0	0	-0	0	0	-0	0	0	-0	0	0	-0	0	0	-0	0	0	-0	0	0	-0	0	0	-0	0	0	726.936	59.6863	40.4093	41.3202	29.0213	8.01334	36.069	28.4978	55.0595	11.4286	61.6692	24.0867	43.1767	26.5718	6.98126	53.6542	27.4168	52.1984	9.13348	0	0	0	0	0	0	0.886736	0.890698	0.838066	0.832891	0.848504	0.844149	0.854346	0.851221	0.84695	0.84128	1.00781	1.01218	0.831486	0.839962	0.928597	0.937797	0.8451	0.837063	-0.0539723	-0.925214	-1.45198	-0.0596519	0.97016	1.99931e-10	-0.0830009	-0.00137759	0	-6.18617	-0.102674	0	-0.0246583	0.0477504	8.41978	-0.0644878	0.465858	0	-47.1505	340.613	0	31.1389	4.3105	19.4694	0.0577682	-0.00439441	-0.09142	-0.0601811	0.467134	0	-44.0016	341.547	0	-31.2242	-4.02263	19.3248	0.0571497	-0.00441945	0.09142
0.19	-0.0375975	1.06652	-0.0711351	0.0784209	0.929728	0.000545378	0.410263	-0.745197	-0.684582	-0.741141	-0.0241537	-0.427404	0.41847	-0.98119	-0.696299	-0.347097	-0.0345441	-0.288784	0	1	0	0	0	0	1	0	0	0	0	0	0	0	0	0	-0.0711351	0.929728	0	0.999823	0	0	-0.0187977	0.0784209	0.000545378	0	0	0	1.06652	-0.012182	0.707086	0.0835	0.98269	0	0	0.185257	0.199826	0.0144426	0	0	0	0.321324	0.0120931	0.321311	0.0835	0.987863	0	0	-0.155327	0.192008	0.0650276	0	0	0	-0.419817	-0.0177616	0.063328	0.09142	0.985915	0	0	-0.167245	0.0725634	0.0610646	0	0	0	-0.847221	-0.0108539	0.707542	-0.0835	0.981922	0	0	0.189287	0.16264	0.00339801	0	0	0	0.0853314	0.0144674	0.322669	-0.0835	0.987589	0	0	-0.15706	0.132388	0.0287091	0	0	0	-0.261766	-0.0166011	0.0643171	-0.09142	0.984729	0	0	-0.174094	0.0564306	0.0263486	0	0	0	-0.55055	-0.102706	1.33335	0	0.999222	0	0	-0.0394372	-0.374116	-0.0341786	0	0	0	1.13306	0.239281	0.082502	0.448133	0.111283	0.227161	0.130473	0.251329	0.0953066	0.196254	0.0838421	0.252565	0.042526	0.378635	0.0410291	0.216215	0.057238	0.245145	0.082748	0.381306	0.111016	0.193672	0.131101	0.278978	0.0949004	0.241062	0.0841483	0.229792	0.0420983	0.332058	0.0406719	0.219527	0.0577779	0.218494	0.0644549	0.190099	0.0649223	0.18355	0.18355	0.845308	-0.568069	0.0140507	0.163513	-0.0568069	-0.0554436	0.34439	0.34439	1.00892	-0.252151	0.0258468	0.380357	-0.0252151	-0.0278122	0.170746	0.170746	0.831569	-0.118117	0.0148272	0.175556	-0.0118117	-0.0185325	0.269856	0.269856	0.894058	0.38682	0.020657	0.27601	0.038682	0.041235	0.218909	0.218909	0.849208	0.361305	0.018009	0.228181	0.0361305	0.0274231	0.158708	0.158708	0.844332	0.365525	0.0170456	0.211688	0.0365525	0.0362966	0.236855	0.236855	0.833843	-0.59947	0.0143909	0.16875	-0.059947	-0.030573	0.238989	0.238989	0.932479	-0.592673	0.0183704	0.234494	-0.0592673	-0.0260776	0.202327	0.202327	0.838038	0.188405	0.0171532	0.213507	0.0188405	0.0128681	0.269336	0.269336	0.847828	-0.667093	0.0137985	0.159672	-0.0667093	-0.0651083	0.361182	0.361182	1.00649	-0.134885	0.0242233	0.346202	-0.0134885	-0.0148778	0.145913	0.145913	0.83557	-0.235927	0.0126556	0.142671	-0.0235927	-0.0370169	0.2934	0.2934	0.890248	0.254538	0.0214905	0.291819	0.0254538	0.0271337	0.202429	0.202429	0.855366	0.52795	0.0169614	0.210272	0.052795	0.0400714	0.176942	0.176942	0.847415	0.1047	0.0184367	0.235659	0.01047	0.0103967	0.225939	0.225939	0.825457	-0.504508	0.0138195	0.159989	-0.0504508	-0.0257299	0.287196	0.287196	0.924361	-0.34259	0.0183584	0.234284	-0.034259	-0.0150739	0.251921	0.251921	0.845942	0.0840442	0.0168702	0.208738	0.00840442	0.00574022	0	0	0	0	0	0	0	0	0	0	0	0	0	0	0	0	0	0	-0.0711351	0.929728	0	0.0784209	0.000545378	0	-0.0711351	0.929728	0	0.0784209	0.000545378	0	0	0	-0.0375975	0	0	1.06652	-0.012182	0.707086	0.0835	0.199826	0.0144426	0	-0.012182	0.707086	0.0835	0.199826	0.0144426	0	0	0	0.372666	0	0	0.321324	0.0120931	0.321311	0.0835	0.192008	0.0650276	0	0.0120931	0.321311	0.0835	0.192008	0.0650276	0	0	0	-0.311916	0	0	-0.419817	-0.0177616	0.063328	0.09142	0.0725634	0.0610646	0	-0.0177616	0.063328	0.09142	0.0725634	0.0610646	0	0	0	-0.33607	0	0	-0.847221	-0.0108539	0.707542	-0.0835	0.16264	0.00339801	0	-0.0108539	0.707542	-0.0835	0.16264	0.00339801	0	0	0	0.380872	0	0	0.0853314	0.0144674	0.322669	-0.0835	0.132388	0.0287091	0	0.0144674	0.322669	-0.0835	0.132388	0.0287091	0	0	0	-0.315427	0	0	-0.261766	-0.0166011	0.0643171	-0.09142	0.0564306	0.0263486	0	-0.0166011	0.0643171	-0.09142	0.0564306	0.0263486	0	0	0	-0.349971	0	0	-0.55055	-0.102706	1.33335	0	-0.374116	-0.0341786	0	-0.102706	1.33335	0	-0.374116	-0.0341786	0	0	0	-0.078895	0	0	1.13306	2.44461	-0.0740789	0.865417	0.0835	-0.000459157	0.00174274	0	8.26269e-05	-0.00334187	0	-0.105908	-0.184519	0	0	0	0.410263	0	0	-0.745197	1787.38	458.78	-1727.5	-0	0	0	0	0	3.43134	0.0693882	0.499002	0.0835	-0.000716358	0.00240326	0	-0.000855327	9.09641e-05	0	-1.18647	-0.100609	0	0	0	-0.684582	0	0	-0.741141	2508.83	719.144	-2403.56	-0	0	0	0	0	2.4626	-0.0621849	0.091504	0.0835	0.000386659	0.00175333	0	0.00163983	0.0023277	0	-1.64334	0.941564	0	0	0	-0.0241491	0	0	-0.427404	1800.54	-389.83	-1757.83	-0	0	0	0	0	2.3789	-0.0740481	0.86536	-0.0835	-0.000428312	0.00168563	0	0.000305384	0.000110076	0	0.126399	0.20135	0	0	0	0.41847	0	0	-0.98119	1739.34	426.919	-1686.14	-0	0	0	0	0	3.48987	0.0723859	0.500158	-0.0835	-0.000771351	0.00242078	0	-0.0016949	0.0029812	0	0.289603	-0.429292	0	0	0	-0.696299	0	0	-0.347097	2551.63	776.87	-2430.49	-0	0	0	0	0	2.43589	-0.0606284	0.093108	-0.0835	0.000381179	0.00173545	0	0.000439167	0.00212147	0	-0.0103452	1.53213	0	0	0	-0.0345409	0	0	-0.288784	1781.01	-382.028	-1739.55	-0	0	0	0	0	0.440384	-0.0980192	1.01198	0	3.12179e-05	-0.000316471	0	-0.000344723	-0.000708217	0	-0.0614756	0.144143	0	0	0	-0.0413002	0	0	0.066537	321.988	-29.177	320.664	-0	8.24809	0	0	8.24809	0.236736	0.240698	0.188066	0.182891	0.198504	0.194149	0.204346	0.201221	0.194559	0.188632	0.359179	0.366297	0.188671	0.196708	0.292053	0.300284	0.190292	0.17964	-0	0	0	-0	0	0	-0	0	0	-0	0	0	-0	0	0	-0	0	0	-0	0	0	-0	0	0	-0	0	0	-0	0	0	-0	0	0	-0	0	0	-0	0	0	-0	0	0	-0	0	0	-0	0	0	-0	0	0	-0	0	0	698.697	54.9747	31.9779	36.2376	30.2762	9.01035	35.6143	27.9492	57.225	10.316	65.9485	24.5522	36.8895	34.0563	7.89723	43.7829	23.7688	43.7039	11.9737	0	0	0	0	0	0	0.890248	0.894058	0.83557	0.831569	0.855366	0.849208	0.847828	0.845308	0.847415	0.844332	1.00649	1.00892	0.825457	0.833843	0.924361	0.932479	0.845942	0.838038	-0.0632992	-0.938883	-1.03314	-0.060549	0.970114	1.99931e-10	-0.0959262	-0.00725868	0	-7.14951	-0.541	0	-0.0237885	0.0491817	8.2897	-0.0762025	0.480629	0	-55.7157	351.413	0	32.1262	5.09353	20.1699	0.0581034	-0.00445879	-0.09142	-0.0606976	0.46789	0	-44.3792	342.099	0	-31.2747	-4.05715	19.4865	0.0575366	-0.00443208	0.09142
0.2	-0.0271079	1.03557	-0.0704184	0.0646329	0.929718	-0.00254193	0.402884	-0.731259	-0.691645	-0.667251	-0.0284562	-0.464071	0.408598	-0.985609	-0.699379	-0.284285	-0.0367035	-0.156808	0	1	0	0	0	0	1	0	0	0	0	0	0	0	0	0	-0.0704184	0.929718	0	0.999908	0	0	-0.0135536	0.0646329	-0.00254193	0	0	0	1.03557	-0.0102807	0.707219	0.0835	0.982401	0	0	0.186784	0.18116	0.0126281	0	0	0	0.30431	0.0139392	0.321923	0.0835	0.987554	0	0	-0.157279	0.178666	0.0611031	0	0	0	-0.362942	-0.0170523	0.0638905	0.09142	0.985217	0	0	-0.171313	0.0714891	0.0534219	0	0	0	-0.827013	-0.00935054	0.707565	-0.0835	0.981863	0	0	0.189591	0.139196	0.00197715	0	0	0	0.0499599	0.0156599	0.322895	-0.0835	0.987395	0	0	-0.158276	0.10892	0.019024	0	0	0	-0.234325	-0.0161024	0.0645487	-0.09142	0.984324	0	0	-0.176369	0.0445382	0.0217488	0	0	0	-0.391132	-0.10649	1.33298	0	0.999429	0	0	-0.0337885	-0.382142	-0.0399359	0	0	0	1.12483	0.227814	0.0819609	0.42617	0.111062	0.221647	0.130239	0.250844	0.0956524	0.212764	0.0841466	0.254829	0.0422214	0.354733	0.0408087	0.211953	0.0573852	0.253508	0.0820334	0.366536	0.110899	0.210761	0.130651	0.28232	0.0951959	0.227249	0.0843023	0.218533	0.0418633	0.319028	0.0405409	0.236319	0.0577806	0.212924	0.0648338	0.209453	0.0652775	0.11321	0.11321	0.839763	-0.542467	0.0136242	0.157034	-0.0542467	-0.0529447	0.336118	0.336118	1.00691	-0.174314	0.0257341	0.377943	-0.0174314	-0.0192268	0.13809	0.13809	0.830076	-0.180381	0.0142105	0.165966	-0.0180381	-0.0283018	0.160311	0.160311	0.897302	0.358125	0.020522	0.273482	0.0358125	0.0381762	0.187684	0.187684	0.854201	0.671126	0.0189464	0.244694	0.0671126	0.0509384	0.209802	0.209802	0.847398	0.158362	0.0171129	0.212825	0.0158362	0.0157253	0.220724	0.220724	0.827871	-0.614138	0.0143282	0.167782	-0.0614138	-0.0313211	0.266785	0.266785	0.927471	-0.436049	0.0185881	0.238328	-0.0436049	-0.0191861	0.194838	0.194838	0.840193	0.252239	0.0172545	0.215226	0.0252239	0.0172279	0.23292	0.23292	0.840506	-0.738045	0.0136759	0.157813	-0.0738045	-0.0720332	0.318457	0.318457	1.00543	-0.0562095	0.024283	0.347437	-0.00562095	-0.00619991	0.219508	0.219508	0.832702	-0.373984	0.0127823	0.144523	-0.0373984	-0.058678	0.219652	0.219652	0.893019	0.326687	0.0221249	0.3041	0.0326687	0.0348248	0.215715	0.215715	0.860046	0.377946	0.0176748	0.222406	0.0377946	0.0286861	0.219507	0.219507	0.848966	0.197825	0.0182125	0.231727	0.0197825	0.0196441	0.127003	0.127003	0.82085	-0.363094	0.0139734	0.162332	-0.0363094	-0.0185178	0.281573	0.281573	0.921384	-0.241038	0.0185124	0.236992	-0.0241038	-0.0106057	0.142831	0.142831	0.845982	-0.0149381	0.0171676	0.213751	-0.00149381	-0.00102027	0	0	0	0	0	0	0	0	0	0	0	0	0	0	0	0	0	0	-0.0704184	0.929718	0	0.0646329	-0.00254193	0	-0.0704184	0.929718	0	0.0646329	-0.00254193	0	0	0	-0.0271079	0	0	1.03557	-0.0102807	0.707219	0.0835	0.18116	0.0126281	0	-0.0102807	0.707219	0.0835	0.18116	0.0126281	0	0	0	0.375776	0	0	0.30431	0.0139392	0.321923	0.0835	0.178666	0.0611031	0	0.0139392	0.321923	0.0835	0.178666	0.0611031	0	0	0	-0.315869	0	0	-0.362942	-0.0170523	0.0638905	0.09142	0.0714891	0.0534219	0	-0.0170523	0.0638905	0.09142	0.0714891	0.0534219	0	0	0	-0.344325	0	0	-0.827013	-0.00935054	0.707565	-0.0835	0.139196	0.00197715	0	-0.00935054	0.707565	-0.0835	0.139196	0.00197715	0	0	0	0.38149	0	0	0.0499599	0.0156599	0.322895	-0.0835	0.10892	0.019024	0	0.0156599	0.322895	-0.0835	0.10892	0.019024	0	0	0	-0.317889	0	0	-0.234325	-0.0161024	0.0645487	-0.09142	0.0445382	0.0217488	0	-0.0161024	0.0645487	-0.09142	0.0445382	0.0217488	0	0	0	-0.354592	0	0	-0.391132	-0.10649	1.33298	0	-0.382142	-0.0399359	0	-0.10649	1.33298	0	-0.382142	-0.0399359	0	0	0	-0.0675899	0	0	1.12483	2.41638	-0.0726697	0.865357	0.0835	-0.000459723	0.0017148	0	-2.18451e-05	-0.00196025	0	0.0391437	0.0659546	0	0	0	0.402883	0	0	-0.731259	1766.75	459.823	-1705.86	-0	0	0	0	0	3.43769	0.0719362	0.499386	0.0835	-0.000723876	0.00239784	0	-0.00206077	0.00218589	0	-0.148259	0.817543	0	0	0	-0.691644	0	0	-0.667251	2513.47	730.587	-2404.95	-0	0	0	0	0	2.48875	-0.0612414	0.0924324	0.0835	0.000398654	0.00177252	0	0.000363097	0.00143288	0	0.0525616	-0.325919	0	0	0	-0.0284549	0	0	-0.464071	1819.66	-399.357	-1775.29	-0	0	0	0	0	2.4232	-0.0726422	0.865344	-0.0835	-0.000432223	0.00170153	0	-0.00174536	0.00321237	0	-0.338684	0.372685	0	0	0	0.408598	0	0	-0.985609	1771.73	440.181	-1716.18	-0	0	0	0	0	3.48239	0.0740152	0.500241	-0.0835	-0.000774972	0.00242889	0	0.000800684	-0.00083092	0	0.257056	-0.372409	0	0	0	-0.699379	0	0	-0.284285	2546.16	772.365	-2426.18	-0	0	0	0	0	2.46889	-0.0599962	0.0935428	-0.0835	0.000390176	0.00175798	0	0.00111397	0.00207356	0	0.0523534	-0.15062	0	0	0	-0.0366964	0	0	-0.156808	1805.14	-392.33	-1761.99	-0	0	0	0	0	0.426662	-0.0981704	1.01169	0	2.79769e-05	-0.000315115	0	-0.00016062	0.000731785	0	0.0692313	-0.183728	0	0	0	-0.0404839	0	0	0.0892659	311.955	-27.026	310.782	-0	3.93285	0	0	3.93285	0.240248	0.244058	0.18557	0.181569	0.205366	0.199208	0.197828	0.195308	0.19695	0.19128	0.357809	0.362181	0.181486	0.189962	0.286203	0.294962	0.19462	0.182328	-0	0	0	-0	0	0	-0	0	0	-0	0	0	-0	0	0	-0	0	0	-0	0	0	-0	0	0	-0	0	0	-0	0	0	-0	0	0	-0	0	0	-0	0	0	-0	0	0	-0	0	0	-0	0	0	-0	0	0	-0	0	0	675.995	47.3748	27.5805	37.2046	23.3531	8.15453	43.7368	27.7351	49.2995	9.98229	67.0027	19.6909	52.5533	29.2921	8.75221	46.9447	17.3723	37.5375	9.88567	0	0	0	0	0	0	0.893019	0.897302	0.832702	0.830076	0.860046	0.854201	0.840506	0.839763	0.848966	0.847398	1.00543	1.00691	0.82085	0.827871	0.921384	0.927471	0.845982	0.840193	-0.0727203	-0.943275	-0.0775797	-0.0615775	0.970017	1.99931e-10	-0.109095	-0.0116772	0	-8.13104	-0.870322	0	-0.0249184	0.0572634	8.16403	-0.0725637	0.484499	0	-53.0552	354.243	0	32.3849	4.85031	20.4487	0.0584015	-0.00451541	-0.09142	-0.0610401	0.476577	0	-44.6297	348.451	0	-31.8553	-4.08005	19.9745	0.057895	-0.00446093	0.09142
0.21	-0.0168396	1.02137	-0.0698536	0.0493083	0.929697	-0.00172111	0.395503	-0.758252	-0.697842	-0.551944	-0.0330747	-0.470055	0.398731	-0.989669	-0.701938	-0.229814	-0.0380075	-0.120466	0	1	0	0	0	0	1	0	0	0	0	0	0	0	0	0	-0.0698536	0.929697	0	0.999965	0	0	-0.00841971	0.0493083	-0.00172111	0	0	0	1.02137	-0.00857641	0.707335	0.0835	0.98213	0	0	0.188203	0.159427	0.0107261	0	0	0	0.263119	0.0156391	0.322502	0.0835	0.987293	0	0	-0.158913	0.159243	0.0558573	0	0	0	-0.288825	-0.0163462	0.064378	0.09142	0.98453	0	0	-0.175217	0.0699074	0.0444297	0	0	0	-0.75888	-0.00806671	0.707585	-0.0835	0.981825	0	0	0.189788	0.119298	0.00114262	0	0	0	0.0317018	0.0166559	0.323064	-0.0835	0.987224	0	0	-0.159341	0.0919489	0.0143659	0	0	0	-0.198113	-0.0156938	0.0647464	-0.09142	0.984017	0	0	-0.178072	0.038261	0.0171498	0	0	0	-0.318579	-0.110354	1.33255	0	0.999602	0	0	-0.0282086	-0.390563	-0.0448165	0	0	0	1.10915	0.236342	0.0814164	0.413641	0.110878	0.209536	0.129995	0.247476	0.0960423	0.245003	0.0842793	0.247693	0.041921	0.332373	0.040643	0.204969	0.0575794	0.243986	0.0813365	0.369751	0.110837	0.226783	0.130112	0.262865	0.0956174	0.223527	0.0844765	0.198755	0.0417296	0.332266	0.0404373	0.219062	0.0578255	0.226126	0.0653347	0.211543	0.0656057	0.211023	0.211023	0.834184	-0.68537	0.01319	0.150536	-0.068537	-0.0668921	0.478395	0.478395	1.00524	-0.182722	0.02514	0.365321	-0.0182722	-0.0201542	0.189137	0.189137	0.828519	-0.157884	0.0137114	0.158352	-0.0157884	-0.0247719	0.304723	0.304723	0.900959	0.305235	0.0200893	0.265446	0.0305235	0.032538	0.236251	0.236251	0.8608	0.513809	0.0192958	0.250966	0.0513809	0.0389981	0.207713	0.207713	0.848734	-0.00103676	0.0179538	0.227223	-0.000103676	-0.000102951	0.169255	0.169255	0.82198	-0.562279	0.0142374	0.166381	-0.0562279	-0.0286762	0.303334	0.303334	0.923704	-0.313494	0.0185665	0.237947	-0.0313494	-0.0137937	0.201638	0.201638	0.843037	0.336631	0.0172598	0.215313	0.0336631	0.0229919	0.207227	0.207227	0.833366	-0.671715	0.0135619	0.156095	-0.0671715	-0.0655594	0.408446	0.408446	1.00487	-0.0837575	0.0241772	0.345254	-0.00837575	-0.00923845	0.180262	0.180262	0.829266	-0.344418	0.0135992	0.156659	-0.0344418	-0.0540391	0.277269	0.277269	0.896973	0.474097	0.0217889	0.29757	0.0474097	0.0505387	0.253345	0.253345	0.86437	0.510097	0.0184092	0.235174	0.0510097	0.0387164	0.146982	0.146982	0.85072	0.164664	0.017831	0.225098	0.0164664	0.0163511	0.188341	0.188341	0.818228	-0.149401	0.0140282	0.16317	-0.0149401	-0.00761947	0.198575	0.198575	0.919029	-0.285988	0.0187025	0.240354	-0.0285988	-0.0125835	0.111798	0.111798	0.84664	0.136706	0.017159	0.213606	0.0136706	0.00933702	0	0	0	0	0	0	0	0	0	0	0	0	0	0	0	0	0	0	-0.0698536	0.929697	0	0.0493083	-0.00172111	0	-0.0698536	0.929697	0	0.0493083	-0.00172111	0	0	0	-0.0168396	0	0	1.02137	-0.00857641	0.707335	0.0835	0.159427	0.0107261	0	-0.00857641	0.707335	0.0835	0.159427	0.0107261	0	0	0	0.378664	0	0	0.263119	0.0156391	0.322502	0.0835	0.159243	0.0558573	0	0.0156391	0.322502	0.0835	0.159243	0.0558573	0	0	0	-0.319178	0	0	-0.288825	-0.0163462	0.064378	0.09142	0.0699074	0.0444297	0	-0.0163462	0.064378	0.09142	0.0699074	0.0444297	0	0	0	-0.352253	0	0	-0.75888	-0.00806671	0.707585	-0.0835	0.119298	0.00114262	0	-0.00806671	0.707585	-0.0835	0.119298	0.00114262	0	0	0	0.381892	0	0	0.0317018	0.0166559	0.323064	-0.0835	0.0919489	0.0143659	0	0.0166559	0.323064	-0.0835	0.0919489	0.0143659	0	0	0	-0.320046	0	0	-0.198113	-0.0156938	0.0647464	-0.09142	0.038261	0.0171498	0	-0.0156938	0.0647464	-0.09142	0.038261	0.0171498	0	0	0	-0.358054	0	0	-0.318579	-0.110354	1.33255	0	-0.390563	-0.0448165	0	-0.110354	1.33255	0	-0.390563	-0.0448165	0	0	0	-0.0564247	0	0	1.10915	2.36886	-0.0714219	0.865293	0.0835	-0.000455201	0.00168587	0	0.0010545	-0.00295184	0	-0.0876409	0.588753	0	0	0	0.395503	0	0	-0.758252	1732	450.393	-1672.41	-0	0	0	0	0	3.50635	0.074223	0.499773	0.0835	-0.000748068	0.00242758	0	-0.00423662	0.00622777	0	-0.678687	0.962356	0	0	0	-0.697842	0	0	-0.551944	2563.68	761.864	-2447.86	-0	0	0	0	0	2.49182	-0.0603077	0.0932692	0.0835	0.000397436	0.00177854	0	-0.000688925	-0.000116259	0	-0.541937	0.315613	0	0	0	-0.033074	0	0	-0.470055	1821.9	-396.104	-1778.32	-0	0	0	0	0	2.46542	-0.0714217	0.865339	-0.0835	-0.000455074	0.0017321	0	-0.00251424	0.00199208	0	0.0265929	-0.417725	0	0	0	0.398732	0	0	-0.989669	1802.6	466.537	-1741.18	-0	0	0	0	0	3.46131	0.0753936	0.500283	-0.0835	-0.000764623	0.00241715	0	0.00111164	-0.00108353	0	0.225984	-0.0952982	0	0	0	-0.701938	0	0	-0.229814	2530.75	761.003	-2413.62	-0	0	0	0	0	2.49257	-0.0594869	0.0938922	-0.0835	0.000401907	0.00177395	0	0.00135044	0.001571	0	0.402666	-0.262866	0	0	0	-0.0380113	0	0	-0.120466	1822.45	-404.518	-1776.99	-0	0	0	0	0	0.445953	-0.0984479	1.01137	0	2.90871e-05	-0.000320822	0	0.000113439	-0.00065483	0	-0.010161	0.0147792	0	0	0	-0.0395846	0	0	0.0877767	326.06	-29.7587	324.699	-0	4.11176	0	0	4.11176	0.243019	0.247302	0.182702	0.180076	0.210046	0.204201	0.190506	0.189763	0.197415	0.194332	0.356491	0.358915	0.175457	0.183843	0.28096	0.290067	0.195339	0.185784	-0	0	0	-0	0	0	-0	0	0	-0	0	0	-0	0	0	-0	0	0	-0	0	0	-0	0	0	-0	0	0	-0	0	0	-0	0	0	-0	0	0	-0	0	0	-0	0	0	-0	0	0	-0	0	0	-0	0	0	-0	0	0	683.577	59.7153	31.934	37.7847	32.6463	9.71771	48.094	24.5257	43.2611	9.97084	60.5765	23.68	50.7588	31.7537	9.78007	38.2262	13.3393	37.1158	8.15497	0	0	0	0	0	0	0.896973	0.900959	0.829266	0.828519	0.86437	0.8608	0.833366	0.834184	0.85072	0.848734	1.00487	1.00524	0.818228	0.82198	0.919029	0.923704	0.84664	0.843037	-0.0821565	-0.944255	-0.35274	-0.0627377	0.969883	1.99931e-10	-0.122523	-0.0148516	0	-9.1318	-1.10691	0	-0.0234053	0.0556162	8.04065	-0.0676646	0.488711	0	-49.4732	357.323	0	32.6665	4.52284	20.7353	0.0586588	-0.00454533	-0.09142	-0.0734556	0.48765	0	-53.7073	356.547	0	-32.5955	-4.90992	20.5298	0.0582594	-0.00451362	0.09142
0.22	-0.0067425	0.995021	-0.0694333	0.0341997	0.929685	-0.000939679	0.387624	-0.802209	-0.702541	-0.418381	-0.0373977	-0.363728	0.388933	-0.954157	-0.704101	-0.222252	-0.0390931	-0.103838	0	1	0	0	0	0	1	0	0	0	0	0	0	0	0	0	-0.0694333	0.929685	0	0.999994	0	0	-0.00337124	0.0341997	-0.000939679	0	0	0	0.995021	-0.00713758	0.707462	0.0835	0.981921	0	0	0.189292	0.129291	0.0138315	0	0	0	0.192812	0.0170692	0.323015	0.0835	0.987095	0	0	-0.160138	0.128374	0.0453428	0	0	0	-0.225569	-0.01569	0.0647744	0.09142	0.983928	0	0	-0.178566	0.0594637	0.036056	0	0	0	-0.589296	-0.00695082	0.70759	-0.0835	0.981797	0	0	0.189934	0.104886	0.000815642	0	0	0	0.0408642	0.0175179	0.323185	-0.0835	0.987075	0	0	-0.160261	0.0829721	0.0124052	0	0	0	-0.181387	-0.0153344	0.0648876	-0.09142	0.983754	0	0	-0.179523	0.0339499	0.0141044	0	0	0	-0.285226	-0.114304	1.33209	0	0.999743	0	0	-0.0226926	-0.399047	-0.0474355	0	0	0	1.09667	0.228188	0.0807621	0.420952	0.110626	0.221657	0.129659	0.262204	0.0962548	0.230386	0.084371	0.231934	0.041663	0.321595	0.0405133	0.203213	0.0578043	0.229151	0.0807135	0.409318	0.110696	0.220818	0.129666	0.264645	0.0960396	0.206759	0.0846723	0.193368	0.0416617	0.315873	0.0403485	0.211148	0.0579499	0.23284	0.0657113	0.227164	0.0659057	0.150028	0.150028	0.82748	-0.644064	0.0129803	0.14743	-0.0644064	-0.0628606	0.306462	0.306462	1.00295	-0.171721	0.0255427	0.373857	-0.0171721	-0.0189408	0.199658	0.199658	0.826381	-0.287309	0.0136105	0.156828	-0.0287309	-0.0450788	0.27622	0.27622	0.902953	0.268676	0.0207676	0.278085	0.0268676	0.0286409	0.16898	0.16898	0.865762	0.498897	0.0197203	0.25867	0.0498897	0.0378663	0.19443	0.19443	0.849657	0.193214	0.0183812	0.234684	0.0193214	0.0191862	0.238114	0.238114	0.816922	-0.441529	0.0141287	0.164709	-0.0441529	-0.022518	0.307506	0.307506	0.920757	-0.260313	0.0184757	0.236345	-0.0260313	-0.0114538	0.202046	0.202046	0.846329	0.323363	0.0171357	0.213212	0.0323363	0.0220857	0.164452	0.164452	0.826983	-0.574516	0.0133647	0.153138	-0.0574516	-0.0560728	0.287309	0.287309	1.00359	-0.165655	0.025122	0.364942	-0.0165655	-0.0182718	0.214407	0.214407	0.826424	-0.262221	0.0136982	0.158152	-0.0262221	-0.0411425	0.283809	0.283809	0.900934	0.399465	0.0215819	0.293576	0.0399465	0.042583	0.186754	0.186754	0.868323	0.463312	0.0192546	0.250223	0.0463312	0.0351654	0.140426	0.140426	0.852692	0.229436	0.0171877	0.214092	0.0229436	0.022783	0.16478	0.16478	0.816895	-0.0957978	0.0139853	0.162514	-0.00957978	-0.00488569	0.298803	0.298803	0.917012	-0.160962	0.0188921	0.243724	-0.0160962	-0.00708235	0.206022	0.206022	0.848462	0.154993	0.016819	0.207881	0.0154993	0.010586	0	0	0	0	0	0	0	0	0	0	0	0	0	0	0	0	0	0	-0.0694333	0.929685	0	0.0341997	-0.000939679	0	-0.0694333	0.929685	0	0.0341997	-0.000939679	0	0	0	-0.0067425	0	0	0.995021	-0.00713758	0.707462	0.0835	0.129291	0.0138315	0	-0.00713758	0.707462	0.0835	0.129291	0.0138315	0	0	0	0.380881	0	0	0.192812	0.0170692	0.323015	0.0835	0.128374	0.0453428	0	0.0170692	0.323015	0.0835	0.128374	0.0453428	0	0	0	-0.32166	0	0	-0.225569	-0.01569	0.0647744	0.09142	0.0594637	0.036056	0	-0.01569	0.0647744	0.09142	0.0594637	0.036056	0	0	0	-0.359058	0	0	-0.589296	-0.00695082	0.70759	-0.0835	0.104886	0.000815642	0	-0.00695082	0.70759	-0.0835	0.104886	0.000815642	0	0	0	0.38219	0	0	0.0408642	0.0175179	0.323185	-0.0835	0.0829721	0.0124052	0	0.0175179	0.323185	-0.0835	0.0829721	0.0124052	0	0	0	-0.32191	0	0	-0.181387	-0.0153344	0.0648876	-0.09142	0.0339499	0.0141044	0	-0.0153344	0.0648876	-0.09142	0.0339499	0.0141044	0	0	0	-0.361003	0	0	-0.285226	-0.114304	1.33209	0	-0.399047	-0.0474355	0	-0.114304	1.33209	0	-0.399047	-0.0474355	0	0	0	-0.0453891	0	0	1.09667	2.41826	-0.0703332	0.86528	0.0835	-0.000454143	0.00169364	0	-0.00110671	0.00302976	0	-0.18149	0.0549932	0	0	0	0.387624	0	0	-0.802209	1768.12	459.189	-1707.45	-0	0	0	0	0	3.56839	0.0760928	0.500139	0.0835	-0.000782534	0.00248095	0	-0.00141636	0.0019987	0	0.915071	-0.810436	0	0	0	-0.702541	0	0	-0.418381	2609.04	787.147	-2487.46	-0	0	0	0	0	2.47973	-0.0594538	0.0939642	0.0835	0.000394296	0.00177115	0	0.000357062	-0.000847053	0	0.614186	-0.557981	0	0	0	-0.0373915	0	0	-0.363728	1813.06	-394.986	-1769.51	-0	0	0	0	0	2.46386	-0.070353	0.865324	-0.0835	-0.000473954	0.00173786	0	-0.0015291	-0.000392099	0	0.106489	-0.189978	0	0	0	0.388932	0	0	-0.954157	1801.46	480.925	-1736.08	-0	0	0	0	0	3.42528	0.0765859	0.500295	-0.0835	-0.000750855	0.00239924	0	0.00164299	-0.00256898	0	1.26634	-0.301108	0	0	0	-0.704101	0	0	-0.222252	2504.4	745.505	-2390.87	-0	0	0	0	0	2.5011	-0.0590414	0.0941625	-0.0835	0.000415806	0.00177985	0	0.00119235	0.000203278	0	1.79101	-2.05896	0	0	0	-0.0390875	0	0	-0.103838	1828.69	-418.111	-1780.25	-0	0	0	0	0	0.450352	-0.0988541	1.01106	0	2.90573e-05	-0.000326455	0	0.0001113	-0.000249617	0	0.0861964	0.0299713	0	0	0	-0.0386458	0	0	0.101645	329.276	-29.7162	327.932	-0	1.5956	0	0	1.5956	0.246973	0.250959	0.179266	0.178519	0.21437	0.2108	0.183366	0.184184	0.198966	0.197398	0.355433	0.356909	0.17085	0.177871	0.276308	0.285321	0.195442	0.187475	0	0	0	0	0	0	0	0	0	0	0	0	0	0	0	0	0	0	0	0	0	0	0	0	0	0	0	0	0	0	0	0	0	0	0	0	0	0	0	0	0	0	0	0	0	0	0	0	0	0	0	0	0	0	652.738	52.4358	26.4328	48.0535	31.7418	8.35312	44.3802	23.0067	39.9312	9.94825	51.1056	25.0227	47.6831	32.4413	8.60591	35.3291	11.2031	34.19	10.3316	0	0	0	0	0	0	0.900934	0.902953	0.826424	0.826381	0.868323	0.865762	0.826983	0.82748	0.852692	0.849657	1.00359	1.00295	0.816895	0.816922	0.917012	0.920757	0.848462	0.846329	-0.0916169	-0.946815	0.108959	-0.0640358	0.969725	1.99931e-10	-0.136597	-0.0163965	0	-10.1807	-1.22206	0	-0.0228142	0.0359261	7.89611	-0.0599726	0.495391	0	-43.8492	362.206	0	33.1129	4.00869	21.1288	0.0588885	-0.00458431	-0.09142	-0.0783607	0.49335	0	-57.2937	360.714	0	-32.9765	-5.23779	20.8828	0.0586185	-0.0045687	0.09142
0.23	0.00300903	0.952897	-0.0691983	0.0127014	0.929674	-0.00165359	0.379657	-0.777726	-0.706405	-0.369482	-0.0404077	-0.248544	0.379982	-0.827637	-0.706756	-0.30945	-0.0402602	-0.160925	0	1	0	0	0	0	1	0	0	0	0	0	0	0	0	0	-0.0691983	0.929674	0	0.999999	0	0	0.00150451	0.0127014	-0.00165359	0	0	0	0.952897	-0.00598925	0.707585	0.0835	0.981752	0	0	0.190168	0.10228	0.0102357	0	0	0	0.175171	0.0182255	0.323403	0.0835	0.986928	0	0	-0.161164	0.105762	0.0337911	0	0	0	-0.19431	-0.0151553	0.0650968	0.09142	0.98347	0	0	-0.181069	0.0485047	0.029617	0	0	0	-0.442854	-0.00595666	0.707623	-0.0835	0.981721	0	0	0.190327	0.0945517	0.00640791	0	0	0	0.12526	0.0183692	0.323361	-0.0835	0.986926	0	0	-0.161176	0.0892243	0.0249464	0	0	0	-0.18419	-0.0149891	0.0650718	-0.09142	0.983481	0	0	-0.181009	0.0369933	0.023426	0	0	0	-0.345115	-0.118341	1.3316	0	0.999851	0	0	-0.0172745	-0.408066	-0.0502188	0	0	0	1.06977	0.215107	0.0801792	0.403273	0.110498	0.211467	0.129295	0.264757	0.0965214	0.217499	0.08459	0.2226	0.0414469	0.31087	0.040408	0.226361	0.0579612	0.2194	0.0801804	0.385103	0.110616	0.218517	0.129275	0.272529	0.096395	0.200683	0.0848929	0.201488	0.041606	0.302991	0.0402922	0.207422	0.0580504	0.245834	0.0661123	0.241374	0.0662859	0.193952	0.193952	0.821508	-0.555874	0.0127762	0.144432	-0.0555874	-0.0542533	0.481551	0.481551	1.0018	-0.088495	0.0256047	0.375179	-0.0088495	-0.009761	0.14584	0.14584	0.824058	-0.187515	0.0135899	0.156519	-0.0187515	-0.0294211	0.235001	0.235001	0.905454	0.280454	0.021006	0.282585	0.0280454	0.0298964	0.232793	0.232793	0.871045	0.396983	0.020129	0.266179	0.0396983	0.030131	0.226789	0.226789	0.851863	0.269989	0.0180425	0.228765	0.0269989	0.0268099	0.102503	0.102503	0.812683	-0.335651	0.0141925	0.165689	-0.0335651	-0.0171182	0.238632	0.238632	0.918364	-0.194449	0.0184619	0.236103	-0.0194449	-0.00855574	0.175216	0.175216	0.848627	0.0448482	0.0170491	0.211748	0.00448482	0.00306313	0.148451	0.148451	0.82152	-0.52943	0.0130958	0.149139	-0.052943	-0.0516724	0.332055	0.332055	1.00287	-0.0245708	0.0254203	0.371253	-0.00245708	-0.00271016	0.173774	0.173774	0.823933	-0.229969	0.0137134	0.158383	-0.0229969	-0.0360821	0.25953	0.25953	0.904269	0.320105	0.0216596	0.295072	0.0320105	0.0341232	0.212971	0.212971	0.873332	0.393961	0.0198784	0.261566	0.0393961	0.0299016	0.183088	0.183088	0.854913	0.19303	0.0166539	0.205121	0.019303	0.0191679	0.134262	0.134262	0.815804	-0.189515	0.0139373	0.161781	-0.0189515	-0.00966527	0.351934	0.351934	0.915732	-0.0705734	0.0189545	0.244839	-0.00705734	-0.00310523	0.168947	0.168947	0.849932	0.157636	0.01663	0.204726	0.0157636	0.0107666	0	0	0	0	0	0	0	0	0	0	0	0	0	0	0	0	0	0	-0.0691983	0.929674	0	0.0127014	-0.00165359	0	-0.0691983	0.929674	0	0.0127014	-0.00165359	0	0	0	0.00300903	0	0	0.952897	-0.00598925	0.707585	0.0835	0.10228	0.0102357	0	-0.00598925	0.707585	0.0835	0.10228	0.0102357	0	0	0	0.382666	0	0	0.175171	0.0182255	0.323403	0.0835	0.105762	0.0337911	0	0.0182255	0.323403	0.0835	0.105762	0.0337911	0	0	0	-0.323739	0	0	-0.19431	-0.0151553	0.0650968	0.09142	0.0485047	0.029617	0	-0.0151553	0.0650968	0.09142	0.0485047	0.029617	0	0	0	-0.364147	0	0	-0.442854	-0.00595666	0.707623	-0.0835	0.0945517	0.00640791	0	-0.00595666	0.707623	-0.0835	0.0945517	0.00640791	0	0	0	0.382991	0	0	0.12526	0.0183692	0.323361	-0.0835	0.0892243	0.0249464	0	0.0183692	0.323361	-0.0835	0.0892243	0.0249464	0	0	0	-0.323765	0	0	-0.18419	-0.0149891	0.0650718	-0.09142	0.0369933	0.023426	0	-0.0149891	0.0650718	-0.09142	0.0369933	0.023426	0	0	0	-0.364025	0	0	-0.345115	-0.118341	1.3316	0	-0.408066	-0.0502188	0	-0.118341	1.3316	0	-0.408066	-0.0502188	0	0	0	-0.0345507	0	0	1.06977	2.43598	-0.0694663	0.865289	0.0835	-0.000466906	0.00171486	0	-0.00103316	0.000580412	0	0.0520885	-0.400185	0	0	0	0.379656	0	0	-0.777726	1781.08	471.616	-1717.5	-0	0	0	0	0	3.53391	0.0776174	0.500404	0.0835	-0.000780575	0.00247329	0	0.00114968	-0.00276731	0	0.133992	-0.429059	0	0	0	-0.706405	0	0	-0.369482	2583.83	776.831	-2464.28	-0	0	0	0	0	2.4794	-0.05877	0.0945089	0.0835	0.000401527	0.00176734	0	0.000588283	0.000101842	0	-0.0246377	0.173984	0	0	0	-0.0404014	0	0	-0.248544	1812.82	-402.664	-1767.53	-0	0	0	0	0	2.46196	-0.0694851	0.865307	-0.0835	-0.000485651	0.00173257	0	-0.000887349	-8.55874e-05	0	0.0128288	0.119457	0	0	0	0.379982	0	0	-0.827637	1800.07	489.697	-1732.18	-0	0	0	0	0	3.37196	0.0777656	0.500361	-0.0835	-0.000733204	0.00236461	0	0.00101651	-0.00298067	0	-0.180258	0.345612	0	0	0	-0.706756	0	0	-0.30945	2465.42	729.894	-2354.9	-0	0	0	0	0	2.49705	-0.0586074	0.0944786	-0.0835	0.000426352	0.00177646	0	0.000402905	-0.000723932	0	-0.106686	-0.111532	0	0	0	-0.0402595	0	0	-0.160925	1825.72	-427.131	-1775.06	-0	0	0	0	0	0.443706	-0.0994127	1.01076	0	3.06815e-05	-0.000325926	0	3.67761e-05	0.000503881	0	-0.0215504	0.0485818	0	0	0	-0.0375697	0	0	0.116868	324.417	-30.8992	322.943	-0	1.02976	0	0	-1.02976	0.250934	0.252953	0.176424	0.176381	0.218323	0.215762	0.176983	0.17748	0.20072	0.198734	0.354866	0.355236	0.168228	0.17198	0.272745	0.279771	0.196079	0.189037	0	0	0	0	0	0	0	0	0	0	0	0	0	0	0	0	0	0	0	0	0	0	0	0	0	0	0	0	0	0	0	0	0	0	0	0	0	0	0	0	0	0	0	0	0	0	0	0	0	0	0	0	0	0	613.036	49.3503	27.9623	36.4824	29.1525	10.2472	46.6061	16.375	32.5607	9.97244	46.4042	19.6451	42.1041	31.4082	9.64898	39.1819	12.8436	31.3501	9.19807	0	0	0	0	0	0	0.904269	0.905454	0.823933	0.824058	0.873332	0.871045	0.82152	0.821508	0.854913	0.851863	1.00287	1.0018	0.815804	0.812683	0.915732	0.918364	0.849932	0.848627	-0.101069	-0.942629	0.7642	-0.0654711	0.969556	1.99931e-10	-0.149744	-0.0174411	0	-11.1606	-1.29991	0	-0.00641852	0.0124371	7.83547	-0.0549248	0.494988	0	-40.1584	361.912	0	33.086	3.67129	21.2042	0.0591004	-0.00460422	-0.09142	-0.0745415	0.494474	0	-54.5012	361.536	0	-33.0516	-4.9825	21.0544	0.0589288	-0.00459623	0.09142
0.24	0.0122696	0.90107	-0.0692031	-0.0128795	0.929645	-0.00431198	0.372267	-0.701309	-0.710061	-0.357159	-0.0425879	-0.217996	0.372565	-0.664507	-0.710407	-0.409485	-0.0425702	-0.297169	0	1	0	0	0	0	1	0	0	0	0	0	0	0	0	0	-0.0692031	0.929645	0	0.999981	0	0	0.00613477	-0.0128795	-0.00431198	0	0	0	0.90107	-0.00509275	0.707671	0.0835	0.981573	0	0	0.191086	0.0777873	0.00837675	0	0	0	0.199761	0.0192005	0.323739	0.0835	0.986784	0	0	-0.162044	0.0907969	0.0351164	0	0	0	-0.157397	-0.0147059	0.0653954	0.09142	0.98311	0	0	-0.183018	0.0434412	0.0298291	0	0	0	-0.375393	-0.00506512	0.707712	-0.0835	0.981545	0	0	0.191232	0.0840732	0.0101423	0	0	0	0.236564	0.0193268	0.323696	-0.0835	0.98678	0	0	-0.162068	0.101372	0.0409958	0	0	0	-0.172922	-0.0145704	0.0653609	-0.09142	0.983107	0	0	-0.183034	0.0467821	0.0333954	0	0	0	-0.47009	-0.122468	1.33108	0	0.999928	0	0	-0.0120221	-0.416997	-0.0547914	0	0	0	1.0319	0.208467	0.0796546	0.418276	0.110344	0.199505	0.129025	0.273078	0.0968133	0.228365	0.0847783	0.20235	0.0413281	0.301102	0.0403395	0.20935	0.0580433	0.20787	0.0796981	0.378038	0.110578	0.20582	0.128975	0.269399	0.0967312	0.214196	0.0850489	0.193984	0.0415311	0.320149	0.040222	0.216589	0.0581495	0.256908	0.0664391	0.232388	0.0666661	0.163719	0.163719	0.816133	-0.508796	0.0126358	0.142383	-0.0508796	-0.0496585	0.290024	0.290024	1.0004	-0.104188	0.0260899	0.385589	-0.0104188	-0.011492	0.119571	0.119571	0.822339	-0.159536	0.0131103	0.149353	-0.0159536	-0.0250312	0.313397	0.313397	0.908192	0.212206	0.0210996	0.284361	0.0212206	0.0226212	0.175729	0.175729	0.875351	0.378326	0.0207502	0.277758	0.0378326	0.0287149	0.200929	0.200929	0.853759	0.125265	0.0179244	0.226713	0.0125265	0.0124388	0.231273	0.231273	0.810354	-0.14619	0.0141196	0.16457	-0.014619	-0.00745569	0.330422	0.330422	0.916806	-0.136489	0.0184242	0.235438	-0.0136489	-0.00600551	0.272108	0.272108	0.849828	0.230146	0.0171203	0.21295	0.0230146	0.015719	0.112978	0.112978	0.816579	-0.468596	0.0128065	0.144877	-0.0468596	-0.045735	0.396746	0.396746	1.00252	-0.0668802	0.0247018	0.356126	-0.00668802	-0.00737688	0.160176	0.160176	0.822023	-0.145695	0.0134858	0.154952	-0.0145695	-0.0228596	0.220837	0.220837	0.907422	0.304306	0.0214254	0.290571	0.0304306	0.032439	0.232735	0.232735	0.878341	0.619687	0.0203353	0.270003	0.0619687	0.0470343	0.184918	0.184918	0.856484	0.0722985	0.0168157	0.207825	0.00722985	0.00717924	0.132392	0.132392	0.814335	-0.142054	0.013755	0.159011	-0.0142054	-0.00724475	0.317544	0.317544	0.914136	-0.177471	0.0189198	0.24422	-0.0177471	-0.00780874	0.170378	0.170378	0.851384	0.065686	0.0166629	0.205274	0.0065686	0.00448635	0	0	0	0	0	0	0	0	0	0	0	0	0	0	0	0	0	0	-0.0692031	0.929645	0	-0.0128795	-0.00431198	0	-0.0692031	0.929645	0	-0.0128795	-0.00431198	0	0	0	0.0122696	0	0	0.90107	-0.00509275	0.707671	0.0835	0.0777873	0.00837675	0	-0.00509275	0.707671	0.0835	0.0777873	0.00837675	0	0	0	0.384537	0	0	0.199761	0.0192005	0.323739	0.0835	0.0907969	0.0351164	0	0.0192005	0.323739	0.0835	0.0907969	0.0351164	0	0	0	-0.325524	0	0	-0.157397	-0.0147059	0.0653954	0.09142	0.0434412	0.0298291	0	-0.0147059	0.0653954	0.09142	0.0434412	0.0298291	0	0	0	-0.368111	0	0	-0.375393	-0.00506512	0.707712	-0.0835	0.0840732	0.0101423	0	-0.00506512	0.707712	-0.0835	0.0840732	0.0101423	0	0	0	0.384835	0	0	0.236564	0.0193268	0.323696	-0.0835	0.101372	0.0409958	0	0.0193268	0.323696	-0.0835	0.101372	0.0409958	0	0	0	-0.325572	0	0	-0.172922	-0.0145704	0.0653609	-0.09142	0.0467821	0.0333954	0	-0.0145704	0.0653609	-0.09142	0.0467821	0.0333954	0	0	0	-0.368143	0	0	-0.47009	-0.122468	1.33108	0	-0.416997	-0.0547914	0	-0.122468	1.33108	0	-0.416997	-0.0547914	0	0	0	-0.0240447	0	0	1.0319	2.41775	-0.0688649	0.865256	0.0835	-0.00047271	0.00170647	0	-0.00036886	-0.000781222	0	-0.00100803	0.289193	0	0	0	0.372266	0	0	-0.701309	1767.75	474.391	-1702.9	-0	0	0	0	0	3.53148	0.0789081	0.500635	0.0835	-0.000778548	0.00245953	0	-0.000996657	0.000406217	0	-0.447189	0.190516	0	0	0	-0.710061	0	0	-0.357159	2582.05	781.794	-2460.85	-0	0	0	0	0	2.4714	-0.0582037	0.0949801	0.0835	0.000404358	0.00176346	0	3.39784e-05	-0.00120542	0	-0.385349	0.416641	0	0	0	-0.0425906	0	0	-0.217996	1806.97	-404.424	-1761.13	-0	0	0	0	0	2.45033	-0.0688841	0.865279	-0.0835	-0.000491962	0.00172912	0	0.000121981	-0.00137377	0	0.211217	-0.291448	0	0	0	0.372565	0	0	-0.664507	1791.56	491.406	-1722.85	-0	0	0	0	0	3.36704	0.079043	0.500589	-0.0835	-0.000733532	0.00234681	0	-0.00166616	0.000456885	0	-0.557435	0.590347	0	0	0	-0.710407	0	0	-0.409485	2461.82	738.958	-2348.3	-0	0	0	0	0	2.48713	-0.0580672	0.094947	-0.0835	0.000425786	0.00176948	0	-0.000819657	-0.000609681	0	-0.541704	0.139032	0	0	0	-0.0425682	0	0	-0.297169	1818.47	-424.201	-1768.3	-0	0	0	0	0	0.437312	-0.10017	1.01045	0	3.0458e-05	-0.000321105	0	-0.000161059	0.000460658	0	-0.0464685	-0.0976135	0	0	0	-0.0363045	0	0	0.130828	319.742	-29.5044	318.378	-0	3.28335	0	0	-3.28335	0.254269	0.255454	0.173933	0.174058	0.223332	0.221045	0.17152	0.171508	0.202692	0.199657	0.353593	0.352954	0.166895	0.166922	0.270268	0.275432	0.19612	0.191511	0	0	0	0	0	0	0	0	0	0	0	0	0	0	0	0	0	0	0	0	0	0	0	0	0	0	0	0	0	0	0	0	0	0	0	0	0	0	0	0	0	0	0	0	0	0	0	0	0	0	0	0	0	0	595.604	44.3217	23.2219	31.3126	35.4525	9.24784	44.9969	14.6777	33.4064	12.3222	39.9104	23.0732	34.1418	28.6356	9.91301	41.2643	11.3691	36.2514	9.54333	0	0	0	0	0	0	0.907422	0.908192	0.822023	0.822339	0.878341	0.875351	0.816579	0.816133	0.856484	0.853759	1.00252	1.0004	0.814335	0.810354	0.914136	0.916806	0.851384	0.849828	-0.110447	-0.932797	1.09642	-0.067034	0.969375	1.99931e-10	-0.162314	-0.0186926	0	-12.0975	-1.39318	0	0.00359888	-0.0085375	7.82754	-0.0589676	0.495657	0	-43.1143	362.401	0	33.1307	3.94151	21.3046	0.0593362	-0.00461209	-0.09142	-0.0719341	0.490164	0	-52.5948	358.385	0	-32.7636	-4.80822	20.9755	0.059202	-0.00459373	0.09142
0.25	0.0209803	0.840443	-0.0694691	-0.039235	0.929587	-0.00777159	0.365735	-0.598868	-0.713591	-0.365426	-0.0449858	-0.248249	0.366673	-0.521529	-0.714915	-0.483733	-0.0456922	-0.311542	0	1	0	0	0	0	1	0	0	0	0	0	0	0	0	0	-0.0694691	0.929587	0	0.999945	0	0	0.0104899	-0.039235	-0.00777159	0	0	0	0.840443	-0.00444431	0.707768	0.0835	0.981365	0	0	0.192155	0.0538	0.0102546	0	0	0	0.241576	0.0200585	0.324095	0.0835	0.986674	0	0	-0.162711	0.082528	0.0358801	0	0	0	-0.12385	-0.0142706	0.0656938	0.09142	0.982765	0	0	-0.184861	0.0433393	0.0302513	0	0	0	-0.372099	-0.00430511	0.707822	-0.0835	0.981274	0	0	0.192615	0.0671921	0.0120986	0	0	0	0.318915	0.0203589	0.324151	-0.0835	0.986642	0	0	-0.162902	0.102917	0.0488945	0	0	0	-0.164818	-0.0140812	0.0657267	-0.09142	0.982664	0	0	-0.185398	0.0495647	0.0395834	0	0	0	-0.47636	-0.126682	1.33051	0	0.999976	0	0	-0.00696802	-0.425167	-0.0593547	0	0	0	0.99119	0.203489	0.0791762	0.393903	0.110276	0.184954	0.128798	0.298544	0.096962	0.217826	0.0849426	0.21819	0.0411956	0.324147	0.0402481	0.228557	0.0580795	0.1917	0.0792949	0.40103	0.110433	0.197426	0.128768	0.29021	0.0970016	0.209974	0.0851847	0.183768	0.0414712	0.311469	0.0401471	0.226861	0.058209	0.250909	0.0668041	0.249983	0.0670874	0.201796	0.201796	0.811231	-0.482326	0.0124682	0.139949	-0.0482326	-0.047075	0.29759	0.29759	0.999779	-0.0445506	0.0256191	0.375487	-0.00445506	-0.00491393	0.148056	0.148056	0.820895	-0.134503	0.0124636	0.139882	-0.0134503	-0.0211036	0.325812	0.325812	0.909587	0.116609	0.0218377	0.298513	0.0116609	0.0124305	0.223885	0.223885	0.880159	0.506195	0.0210462	0.283346	0.0506195	0.0384202	0.19402	0.19402	0.855414	0.224286	0.0178744	0.22585	0.0224286	0.0222716	0.153316	0.153316	0.807758	-0.308663	0.0140495	0.163494	-0.0308663	-0.0157418	0.259435	0.259435	0.914731	-0.269193	0.018446	0.235824	-0.0269193	-0.0118445	0.181307	0.181307	0.850359	0.0783755	0.0174068	0.217817	0.00783755	0.00535305	0.183924	0.183924	0.812448	-0.363856	0.0124722	0.140008	-0.0363856	-0.0355124	0.332751	0.332751	1.00121	-0.189753	0.0245506	0.352978	-0.0189753	-0.0209298	0.206274	0.206274	0.820704	-0.114317	0.0131936	0.150589	-0.0114317	-0.0179364	0.205203	0.205203	0.909959	0.108502	0.0213441	0.289016	0.0108502	0.0115663	0.229821	0.229821	0.883891	0.396534	0.0205384	0.273789	0.0396534	0.0300969	0.228137	0.228137	0.857852	0.185722	0.0172228	0.214686	0.0185722	0.0184422	0.178956	0.178956	0.81316	-0.10011	0.0133832	0.153414	-0.010011	-0.00510559	0.317975	0.317975	0.912433	-0.138879	0.0188034	0.242147	-0.0138879	-0.00611069	0.171077	0.171077	0.852255	0.0292454	0.0170232	0.211312	0.00292454	0.00199746	0	0	0	0	0	0	0	0	0	0	0	0	0	0	0	0	0	0	-0.0694691	0.929587	0	-0.039235	-0.00777159	0	-0.0694691	0.929587	0	-0.039235	-0.00777159	0	0	0	0.0209803	0	0	0.840443	-0.00444431	0.707768	0.0835	0.0538	0.0102546	0	-0.00444431	0.707768	0.0835	0.0538	0.0102546	0	0	0	0.386715	0	0	0.241576	0.0200585	0.324095	0.0835	0.082528	0.0358801	0	0.0200585	0.324095	0.0835	0.082528	0.0358801	0	0	0	-0.326876	0	0	-0.12385	-0.0142706	0.0656938	0.09142	0.0433393	0.0302513	0	-0.0142706	0.0656938	0.09142	0.0433393	0.0302513	0	0	0	-0.371862	0	0	-0.372099	-0.00430511	0.707822	-0.0835	0.0671921	0.0120986	0	-0.00430511	0.707822	-0.0835	0.0671921	0.0120986	0	0	0	0.387653	0	0	0.318915	0.0203589	0.324151	-0.0835	0.102917	0.0488945	0	0.0203589	0.324151	-0.0835	0.102917	0.0488945	0	0	0	-0.327262	0	0	-0.164818	-0.0140812	0.0657267	-0.09142	0.0495647	0.0395834	0	-0.0140812	0.0657267	-0.09142	0.0495647	0.0395834	0	0	0	-0.372954	0	0	-0.47636	-0.126682	1.33051	0	-0.425167	-0.0593547	0	-0.126682	1.33051	0	-0.425167	-0.0593547	0	0	0	-0.0139362	0	0	0.99119	2.4406	-0.0685595	0.865214	0.0835	-0.000477098	0.00171255	0	-0.000541162	0.00137211	0	-0.0336711	0.0124658	0	0	0	0.365734	0	0	-0.598868	1784.45	479.565	-1718.8	-0	0	0	0	0	3.51154	0.0800052	0.500909	0.0835	-0.00078591	0.00245208	0	6.219e-05	-0.00238977	0	0.17336	-0.350836	0	0	0	-0.71359	0	0	-0.365426	2567.47	785.707	-2444.29	-0	0	0	0	0	2.47711	-0.0576572	0.0954415	0.0835	0.000404522	0.00176358	0	0.000417605	0.000840157	0	0.157981	-0.0335982	0	0	0	-0.0449865	0	0	-0.248249	1811.15	-405.329	-1765.21	-0	0	0	0	0	2.41434	-0.068568	0.865208	-0.0835	-0.000485629	0.0017062	0	0.000693414	-0.00178963	0	-0.106356	0.512602	0	0	0	0.366672	0	0	-0.521529	1765.25	482.467	-1698.04	-0	0	0	0	0	3.37695	0.080374	0.500942	-0.0835	-0.000752732	0.00235069	0	-0.00186293	-0.000341084	0	-0.0434273	-0.0967866	0	0	0	-0.714915	0	0	-0.483733	2469.07	758.798	-2349.58	-0	0	0	0	0	2.4657	-0.0574352	0.0955217	-0.0835	0.00041502	0.00175792	0	-0.00118746	-0.00154937	0	-0.0843759	0.018106	0	0	0	-0.0456912	0	0	-0.311542	1802.8	-412.723	-1754.92	-0	0	0	0	0	0.437262	-0.101144	1.01012	0	2.79471e-05	-0.000320904	0	-0.000415877	0.000374243	0	-0.0335698	0.129631	0	0	0	-0.0349117	0	0	0.150747	319.706	-25.485	318.688	-0	6.29569	0	0	-6.29569	0.257422	0.258192	0.172023	0.172339	0.228341	0.225351	0.166579	0.166133	0.204913	0.201863	0.352866	0.351799	0.165804	0.162683	0.267862	0.272167	0.197529	0.194696	0	0	0	0	0	0	0	0	0	0	0	0	0	0	0	0	0	0	0	0	0	0	0	0	0	0	0	0	0	0	0	0	0	0	0	0	0	0	0	0	0	0	0	0	0	0	0	0	0	0	0	0	0	0	602.901	44.7269	19.8908	29.8682	38.4982	10.2336	42.7821	16.7145	38.1038	10.2223	37.3539	26.8226	34.7037	29.3756	10.3798	45.9247	11.2411	33.6113	9.90573	0	0	0	0	0	0	0.909959	0.909587	0.820704	0.820895	0.883891	0.880159	0.812448	0.811231	0.857852	0.855414	1.00121	0.999779	0.81316	0.807758	0.912433	0.914731	0.852255	0.850359	-0.119714	-0.920714	1.45696	-0.0687263	0.96918	1.99931e-10	-0.175621	-0.0203152	0	-13.0893	-1.51412	0	0.00652754	-0.0174247	7.77615	-0.0673883	0.490476	0	-49.2712	358.613	0	32.7844	4.50437	21.1499	0.0596099	-0.00460672	-0.09142	-0.0716914	0.487903	0	-52.4174	356.732	0	-32.6124	-4.792	20.9745	0.0594696	-0.00458288	0.09142
0.26	0.029036	0.779123	-0.0700123	-0.0679576	0.929479	-0.0130137	0.360525	-0.454683	-0.7176	-0.432114	-0.0476703	-0.294131	0.362159	-0.39905	-0.71996	-0.519399	-0.048887	-0.306953	0	1	0	0	0	0	1	0	0	0	0	0	0	0	0	0	-0.0700123	0.929479	0	0.999895	0	0	0.0145175	-0.0679576	-0.0130137	0	0	0	0.779123	-0.00401545	0.707871	0.0835	0.98109	0	0	0.193551	0.0333733	0.0110228	0	0	0	0.32444	0.0208792	0.324482	0.0835	0.986579	0	0	-0.163285	0.0821513	0.042394	0	0	0	-0.107673	-0.0138304	0.0660046	0.09142	0.982407	0	0	-0.186752	0.0449922	0.032593	0	0	0	-0.401805	-0.00375878	0.707953	-0.0835	0.980932	0	0	0.194353	0.0429289	0.0125061	0	0	0	0.380073	0.0213584	0.32468	-0.0835	0.98652	0	0	-0.163643	0.0960767	0.0533619	0	0	0	-0.139326	-0.0135803	0.0661524	-0.09142	0.982225	0	0	-0.187706	0.0494564	0.0425343	0	0	0	-0.446279	-0.130972	1.32988	0	0.999998	0	0	-0.00213762	-0.432431	-0.0651716	0	0	0	0.942539	0.199365	0.0787235	0.379602	0.110237	0.187128	0.128564	0.304319	0.0970776	0.214168	0.0851671	0.202745	0.0410701	0.304985	0.0401527	0.21911	0.0581699	0.194421	0.0789109	0.384476	0.110268	0.194856	0.128576	0.280678	0.0971843	0.212839	0.0853478	0.181621	0.0414056	0.293816	0.0400895	0.218341	0.0582799	0.251012	0.0672067	0.238137	0.0674472	0.206113	0.206113	0.806593	-0.42318	0.0124883	0.140241	-0.042318	-0.0413023	0.294736	0.294736	0.999425	-0.0529533	0.0248995	0.360262	-0.00529533	-0.00584075	0.166435	0.166435	0.8194	-0.167384	0.0124055	0.139042	-0.0167384	-0.0262625	0.265572	0.265572	0.910671	0.147683	0.0223791	0.309075	0.0147683	0.015743	0.210164	0.210164	0.885464	0.511161	0.0211403	0.285133	0.0511161	0.0387971	0.161013	0.161013	0.857674	0.228429	0.017701	0.222857	0.0228429	0.022683	0.124921	0.124921	0.805296	-0.169779	0.0139456	0.161908	-0.0169779	-0.00865871	0.315827	0.315827	0.912561	-0.152031	0.0184343	0.235617	-0.0152031	-0.00668937	0.158783	0.158783	0.851682	0.189565	0.0175214	0.219774	0.0189565	0.0129473	0.206861	0.206861	0.808514	-0.432362	0.0122374	0.13662	-0.0432362	-0.0421986	0.384074	0.384074	0.999707	-0.126636	0.0244301	0.350477	-0.0126636	-0.0139679	0.177454	0.177454	0.819475	-0.0824737	0.0131924	0.150571	-0.00824737	-0.0129401	0.24259	0.24259	0.911673	0.180618	0.0213509	0.289146	0.0180618	0.0192538	0.201308	0.201308	0.888632	0.595916	0.0207312	0.277402	0.0595916	0.04523	0.266583	0.266583	0.859495	0.218135	0.0175883	0.220922	0.0218135	0.0216608	0.131476	0.131476	0.811874	-0.151044	0.0130089	0.147854	-0.0151044	-0.00770327	0.221123	0.221123	0.911125	-0.0513147	0.0186164	0.238828	-0.00513147	-0.00225785	0.171315	0.171315	0.853293	0.166924	0.0173739	0.217256	0.0166924	0.0114009	0	0	0	0	0	0	0	0	0	0	0	0	0	0	0	0	0	0	-0.0700123	0.929479	0	-0.0679576	-0.0130137	0	-0.0700123	0.929479	0	-0.0679576	-0.0130137	0	0	0	0.029036	0	0	0.779123	-0.00401545	0.707871	0.0835	0.0333733	0.0110228	0	-0.00401545	0.707871	0.0835	0.0333733	0.0110228	0	0	0	0.389561	0	0	0.32444	0.0208792	0.324482	0.0835	0.0821513	0.042394	0	0.0208792	0.324482	0.0835	0.0821513	0.042394	0	0	0	-0.328039	0	0	-0.107673	-0.0138304	0.0660046	0.09142	0.0449922	0.032593	0	-0.0138304	0.0660046	0.09142	0.0449922	0.032593	0	0	0	-0.375709	0	0	-0.401805	-0.00375878	0.707953	-0.0835	0.0429289	0.0125061	0	-0.00375878	0.707953	-0.0835	0.0429289	0.0125061	0	0	0	0.391195	0	0	0.380073	0.0213584	0.32468	-0.0835	0.0960767	0.0533619	0	0.0213584	0.32468	-0.0835	0.0960767	0.0533619	0	0	0	-0.328765	0	0	-0.139326	-0.0135803	0.0661524	-0.09142	0.0494564	0.0425343	0	-0.0135803	0.0661524	-0.09142	0.0494564	0.0425343	0	0	0	-0.377652	0	0	-0.446279	-0.130972	1.32988	0	-0.432431	-0.0651716	0	-0.130972	1.32988	0	-0.432431	-0.0651716	0	0	0	-0.00427524	0	0	0.942539	2.46447	-0.0685785	0.865134	0.0835	-0.000485234	0.00172657	0	-0.00116985	0.00159453	0	-0.0531557	0.0659513	0	0	0	0.360525	0	0	-0.454683	1801.9	490.568	-1733.84	-0	0	0	0	0	3.46971	0.0810316	0.501226	0.0835	-0.000783898	0.00242233	0	-2.10628e-05	-0.00295266	0	0.533456	0.0921232	0	0	0	-0.7176	0	0	-0.432114	2536.89	783.967	-2412.72	-0	0	0	0	0	2.47305	-0.0571022	0.095919	0.0835	0.000406727	0.00176364	0	-0.000339307	-0.000854507	0	0.7667	-1.80604	0	0	0	-0.047668	0	0	-0.294131	1808.18	-406.071	-1761.99	-0	0	0	0	0	2.41848	-0.0685787	0.86511	-0.0835	-0.000485368	0.00170273	0	-0.000323035	-0.000611679	0	0.0317965	-0.342515	0	0	0	0.362159	0	0	-0.39905	1768.28	486.841	-1699.94	-0	0	0	0	0	3.39115	0.081639	0.501381	-0.0835	-0.00077454	0.00235456	0	-0.00164071	-0.000294626	0	0.0139933	-0.508754	0	0	0	-0.71996	0	0	-0.519399	2479.45	779.883	-2353.6	-0	0	0	0	0	2.43609	-0.0567938	0.0961508	-0.0835	0.000403054	0.00174028	0	-0.00115009	-0.00248703	0	-0.31173	0.107847	0	0	0	-0.048883	0	0	-0.306953	1781.15	-400.83	-1735.47	-0	0	0	0	0	0.434998	-0.10234	1.00976	0	2.56673e-05	-0.000317201	0	4.99189e-05	3.58224e-05	0	0.0510435	-0.0763652	0	0	0	-0.033311	0	0	0.163415	318.05	-25.9628	316.989	-0	7.91072	0	0	-7.91072	0.259959	0.259587	0.170704	0.170895	0.233891	0.230159	0.162448	0.161231	0.206484	0.203759	0.352517	0.350403	0.164335	0.160354	0.266259	0.26948	0.199197	0.197876	0	0	0	0	0	0	0	0	0	0	0	0	0	0	0	0	0	0	0	0	0	0	0	0	0	0	0	0	0	0	0	0	0	0	0	0	0	0	0	0	0	0	0	0	0	0	0	0	0	0	0	0	0	0	578.289	42.0105	19.5477	33.2304	34.5438	9.94043	38.6381	12.1171	33.6286	9.32535	41.6462	25.2762	30.1792	31.0565	9.38027	51.3947	10.8992	23.2931	9.63908	0	0	0	0	0	0	0.911673	0.910671	0.819475	0.8194	0.888632	0.885464	0.808514	0.806593	0.859495	0.857674	0.999707	0.999425	0.811874	0.805296	0.911125	0.912561	0.853293	0.851682	-0.128834	-0.903696	1.73596	-0.0705547	0.968964	1.99931e-10	-0.189407	-0.0230338	0	-14.1168	-1.71674	0	0.00568341	-0.0122427	7.69429	-0.0734308	0.480251	0	-53.6892	351.137	0	32.1009	4.90827	20.7876	0.059899	-0.00456667	-0.09142	-0.0690729	0.485554	0	-50.5028	355.014	0	-32.4554	-4.61697	20.9766	0.0597366	-0.00456917	0.09142
0.27	0.0366356	0.744899	-0.0708291	-0.0931681	0.929326	-0.0172761	0.356556	-0.352747	-0.722268	-0.490353	-0.050637	-0.298389	0.358395	-0.372222	-0.724888	-0.452165	-0.0518542	-0.270152	0	1	0	0	0	0	1	0	0	0	0	0	0	0	0	0	-0.0708291	0.929326	0	0.999832	0	0	0.0183168	-0.0931681	-0.0172761	0	0	0	0.744899	-0.00377317	0.707977	0.0835	0.980737	0	0	0.195332	0.0168664	0.00943173	0	0	0	0.392152	0.0216958	0.324933	0.0835	0.986494	0	0	-0.163797	0.0807087	0.0467562	0	0	0	-0.0982006	-0.0133764	0.0663471	0.09142	0.982031	0	0	-0.188719	0.0454619	0.0353912	0	0	0	-0.39659	-0.00346977	0.708052	-0.0835	0.980557	0	0	0.196233	0.0144262	0.00782755	0	0	0	0.372677	0.0222258	0.325196	-0.0835	0.98643	0	0	-0.164182	0.0753419	0.0470865	0	0	0	-0.079488	-0.0131024	0.0665493	-0.09142	0.981842	0	0	-0.189699	0.0449599	0.0349026	0	0	0	-0.34964	-0.135337	1.3292	0	0.999997	0	0	0.00245422	-0.440406	-0.0703706	0	0	0	0.898902	0.197172	0.0783129	0.370393	0.110175	0.178405	0.128383	0.30534	0.0972406	0.213164	0.0854096	0.190788	0.0410067	0.298349	0.0400817	0.22415	0.0583087	0.201998	0.0784583	0.373998	0.110118	0.191257	0.128444	0.272483	0.0973911	0.228684	0.0854545	0.17577	0.0413346	0.277096	0.0400809	0.211567	0.058427	0.249772	0.0676139	0.250924	0.0678623	0.154755	0.154755	0.802386	-0.37067	0.0125679	0.141394	-0.037067	-0.0361774	0.380073	0.380073	0.998869	-0.0856199	0.0241838	0.345392	-0.00856199	-0.00944387	0.180184	0.180184	0.818245	-0.0672148	0.0123767	0.138626	-0.00672148	-0.010546	0.258123	0.258123	0.912201	0.126394	0.0222906	0.307339	0.0126394	0.0134736	0.26613	0.26613	0.890828	0.512517	0.0211348	0.285029	0.0512517	0.0389001	0.21577	0.21577	0.860117	0.217258	0.0176112	0.221315	0.0217258	0.0215737	0.127567	0.127567	0.804054	-0.0947684	0.0136602	0.157578	-0.00947684	-0.00483319	0.262442	0.262442	0.910947	-0.122151	0.0183302	0.233789	-0.0122151	-0.00537464	0.101866	0.101866	0.853715	0.136771	0.0175497	0.220258	0.0136771	0.00934147	0.167353	0.167353	0.803876	-0.467012	0.0123699	0.138528	-0.0467012	-0.0455803	0.275516	0.275516	0.998354	-0.123659	0.023999	0.341593	-0.0123659	-0.0136396	0.15258	0.15258	0.818633	-0.083313	0.0129886	0.147553	-0.0083313	-0.0130718	0.224977	0.224977	0.913612	0.201922	0.0210536	0.283486	0.0201922	0.0215249	0.304621	0.304621	0.894102	0.375953	0.0206131	0.275185	0.0375953	0.0285348	0.222953	0.222953	0.860569	0.160401	0.0182358	0.232133	0.0160401	0.0159278	0.172342	0.172342	0.810483	-0.147734	0.0126832	0.143075	-0.0147734	-0.00753443	0.305498	0.305498	0.91093	0.0137898	0.0182868	0.233026	0.00137898	0.000606752	0.15967	0.15967	0.855447	0.246566	0.0174112	0.217892	0.0246566	0.0168405	0	0	0	0	0	0	0	0	0	0	0	0	0	0	0	0	0	0	-0.0708291	0.929326	0	-0.0931681	-0.0172761	0	-0.0708291	0.929326	0	-0.0931681	-0.0172761	0	0	0	0.0366356	0	0	0.744899	-0.00377317	0.707977	0.0835	0.0168664	0.00943173	0	-0.00377317	0.707977	0.0835	0.0168664	0.00943173	0	0	0	0.393191	0	0	0.392152	0.0216958	0.324933	0.0835	0.0807087	0.0467562	0	0.0216958	0.324933	0.0835	0.0807087	0.0467562	0	0	0	-0.329077	0	0	-0.0982006	-0.0133764	0.0663471	0.09142	0.0454619	0.0353912	0	-0.0133764	0.0663471	0.09142	0.0454619	0.0353912	0	0	0	-0.379714	0	0	-0.39659	-0.00346977	0.708052	-0.0835	0.0144262	0.00782755	0	-0.00346977	0.708052	-0.0835	0.0144262	0.00782755	0	0	0	0.39503	0	0	0.372677	0.0222258	0.325196	-0.0835	0.0753419	0.0470865	0	0.0222258	0.325196	-0.0835	0.0753419	0.0470865	0	0	0	-0.329858	0	0	-0.079488	-0.0131024	0.0665493	-0.09142	0.0449599	0.0349026	0	-0.0131024	0.0665493	-0.09142	0.0449599	0.0349026	0	0	0	-0.381712	0	0	-0.34964	-0.135337	1.3292	0	-0.440406	-0.0703706	0	-0.135337	1.3292	0	-0.440406	-0.0703706	0	0	0	0.00490845	0	0	0.898902	2.4655	-0.0689066	0.865004	0.0835	-0.00049863	0.00173424	0	-0.000748895	-0.000637837	0	0.166808	-0.190396	0	0	0	0.356556	0	0	-0.352747	1802.66	502.045	-1731.33	-0	0	0	0	0	3.43293	0.0820316	0.501615	0.0835	-0.000784434	0.00239187	0	-0.00067094	-0.00255667	0	-0.340249	0.262834	0	0	0	-0.722268	0	0	-0.490353	2510	786.619	-2383.55	-0	0	0	0	0	2.44636	-0.056528	0.0964346	0.0835	0.000403371	0.00174671	0	-0.000704184	-0.00197281	0	-0.340275	0.169507	0	0	0	-0.0506321	0	0	-0.298389	1788.66	-402.009	-1742.9	-0	0	0	0	0	2.39651	-0.0688919	0.864959	-0.0835	-0.000483908	0.00168888	0	-8.62665e-05	-0.00108109	0	-0.114183	0.0759999	0	0	0	0.358394	0	0	-0.372222	1752.21	484.301	-1683.95	-0	0	0	0	0	3.44012	0.0826996	0.501831	-0.0835	-0.000803657	0.0023737	0	-0.0027823	0.00203915	0	0.610258	-0.733983	0	0	0	-0.724888	0	0	-0.452165	2515.25	812.717	-2380.34	-0	0	0	0	0	2.38878	-0.0561938	0.0967229	-0.0835	0.000387285	0.0017103	0	-0.00153533	-0.00338166	0	0.478134	-0.35801	0	0	0	-0.0518513	0	0	-0.270152	1746.56	-384.316	-1703.76	-0	0	0	0	0	0.438676	-0.103767	1.00935	0	2.72766e-05	-0.000318564	0	0.000125244	-0.000160191	0	-0.0209575	0.0247405	0	0	0	-0.0317198	0	0	0.154003	320.739	-28.0181	319.513	-0	6.1869	0	0	-6.1869	0.261673	0.260671	0.169475	0.1694	0.238632	0.235464	0.158514	0.156593	0.207852	0.205414	0.35121	0.349779	0.16316	0.157758	0.265061	0.267509	0.200792	0.199	0	0	0	0	0	0	0	0	0	0	0	0	0	0	0	0	0	0	0	0	0	0	0	0	0	0	0	0	0	0	0	0	0	0	0	0	0	0	0	0	0	0	0	0	0	0	0	0	0	0	0	0	0	0	561.783	36.2727	22.9538	27.6622	34.1443	11.36	44.888	9.96558	29.0139	8.15356	41.3895	21.4167	27.9652	29.2731	12.4814	47.9362	11.626	23.6102	9.12823	0	0	0	0	0	0	0.913612	0.912201	0.818633	0.818245	0.894102	0.890828	0.803876	0.802386	0.860569	0.860117	0.998354	0.998869	0.810483	0.804054	0.91093	0.910947	0.855447	0.853715	-0.137791	-0.889852	0.951556	-0.0725233	0.968713	1.99931e-10	-0.203841	-0.0270542	0	-15.1926	-2.01639	0	-0.00119951	0.00361408	7.56829	-0.0811067	0.472803	0	-59.3014	345.692	0	31.6031	5.42134	20.5401	0.0601923	-0.0045172	-0.09142	-0.0710716	0.47935	0	-51.9642	350.478	0	-32.0407	-4.75057	20.7957	0.0600093	-0.00454509	0.09142
0.28	0.0439403	0.721434	-0.0718687	-0.113106	0.92913	-0.021748	0.353363	-0.301768	-0.727229	-0.483503	-0.0536556	-0.320584	0.354544	-0.413814	-0.728796	-0.305207	-0.0541367	-0.211473	0	1	0	0	0	0	1	0	0	0	0	0	0	0	0	0	-0.0718687	0.92913	0	0.999759	0	0	0.0219684	-0.113106	-0.021748	0	0	0	0.721434	-0.00369012	0.708059	0.0835	0.980334	0	0	0.197348	-0.000147061	0.00658643	0	0	0	0.419666	0.0224709	0.325417	0.0835	0.986424	0	0	-0.164216	0.0731609	0.0500738	0	0	0	-0.0638368	-0.0129232	0.0667056	0.09142	0.981665	0	0	-0.190617	0.0454889	0.0356494	0	0	0	-0.384421	-0.00348995	0.708092	-0.0835	0.980217	0	0	0.197926	-0.017988	0.000306395	0	0	0	0.307621	0.0228229	0.325579	-0.0835	0.986393	0	0	-0.164406	0.0435862	0.0307125	0	0	0	0.0024139	-0.0127021	0.0668265	-0.09142	0.981582	0	0	-0.191042	0.0365841	0.0203286	0	0	0	-0.209059	-0.139783	1.32847	0	0.999976	0	0	0.0068665	-0.448587	-0.0755506	0	0	0	0.869077	0.199484	0.0779668	0.433783	0.109981	0.17691	0.128259	0.297384	0.0974014	0.229434	0.0855888	0.198038	0.0409467	0.279084	0.0400418	0.210833	0.0584718	0.195594	0.0780533	0.379441	0.109986	0.198823	0.128279	0.26346	0.0976151	0.25271	0.0855698	0.173292	0.0412546	0.281638	0.0400591	0.233666	0.0585612	0.249926	0.0679678	0.273018	0.068039	0.159556	0.159556	0.79884	-0.38856	0.0125438	0.141045	-0.038856	-0.0379234	0.333739	0.333739	0.997109	-0.332468	0.0245255	0.352458	-0.0332468	-0.0366712	0.132153	0.132153	0.817454	-0.066986	0.0122854	0.13731	-0.0066986	-0.0105101	0.252313	0.252313	0.913709	0.158436	0.0221198	0.303997	0.0158436	0.0168893	0.153448	0.153448	0.895491	0.511109	0.0211912	0.286101	0.0511109	0.0387932	0.278247	0.278247	0.861922	0.0981964	0.0179221	0.226674	0.00981964	0.0097509	0.152777	0.152777	0.802877	-0.238489	0.0133316	0.152643	-0.0238489	-0.0121629	0.303914	0.303914	0.910042	-0.0229822	0.0181119	0.229971	-0.00229822	-0.00101122	0.190308	0.190308	0.856103	0.275431	0.0175164	0.219688	0.0275431	0.018812	0.142845	0.142845	0.799726	-0.372759	0.0124434	0.13959	-0.0372759	-0.0363813	0.47205	0.47205	0.997156	-0.169407	0.0238228	0.337992	-0.0169407	-0.0186856	0.258272	0.258272	0.817583	-0.157057	0.0130132	0.147918	-0.0157057	-0.0246423	0.234354	0.234354	0.915714	0.212745	0.0206321	0.275543	0.0212745	0.0226787	0.296787	0.296787	0.89643	0.22731	0.0210998	0.284363	0.022731	0.0172529	0.219976	0.219976	0.86173	-0.00351024	0.0185142	0.237023	-0.000351024	-0.000348567	0.189032	0.189032	0.808914	-0.154168	0.0124957	0.140348	-0.0154168	-0.00786259	0.286335	0.286335	0.910433	-0.0431173	0.0181016	0.229794	-0.00431173	-0.00189716	0.215729	0.215729	0.857412	0.0134865	0.0173573	0.216973	0.00134865	0.000921128	0	0	0	0	0	0	0	0	0	0	0	0	0	0	0	0	0	0	-0.0718687	0.92913	0	-0.113106	-0.021748	0	-0.0718687	0.92913	0	-0.113106	-0.021748	0	0	0	0.0439403	0	0	0.721434	-0.00369012	0.708059	0.0835	-0.000147061	0.00658643	0	-0.00369012	0.708059	0.0835	-0.000147061	0.00658643	0	0	0	0.397303	0	0	0.419666	0.0224709	0.325417	0.0835	0.0731609	0.0500738	0	0.0224709	0.325417	0.0835	0.0731609	0.0500738	0	0	0	-0.329926	0	0	-0.0638368	-0.0129232	0.0667056	0.09142	0.0454889	0.0356494	0	-0.0129232	0.0667056	0.09142	0.0454889	0.0356494	0	0	0	-0.383582	0	0	-0.384421	-0.00348995	0.708092	-0.0835	-0.017988	0.000306395	0	-0.00348995	0.708092	-0.0835	-0.017988	0.000306395	0	0	0	0.398484	0	0	0.307621	0.0228229	0.325579	-0.0835	0.0435862	0.0307125	0	0.0228229	0.325579	-0.0835	0.0435862	0.0307125	0	0	0	-0.330311	0	0	0.0024139	-0.0127021	0.0668265	-0.09142	0.0365841	0.0203286	0	-0.0127021	0.0668265	-0.09142	0.0365841	0.0203286	0	0	0	-0.384448	0	0	-0.209059	-0.139783	1.32847	0	-0.448587	-0.0755506	0	-0.139783	1.32847	0	-0.448587	-0.0755506	0	0	0	0.0137331	0	0	0.869077	2.44952	-0.0694688	0.864818	0.0835	-0.000503577	0.00172432	0	-0.000467956	-0.00136532	0	0.0729786	-0.088594	0	0	0	0.353363	0	0	-0.301768	1790.97	505.711	-1718.09	-0	0	0	0	0	3.45592	0.0829566	0.502047	0.0835	-0.000800148	0.0023841	0	-0.00287336	0.00292763	0	0.678832	0.751198	0	0	0	-0.727229	0	0	-0.483503	2526.81	809.504	-2393.63	-0	0	0	0	0	2.4065	-0.0559581	0.0969597	0.0835	0.000393674	0.00172114	0	-0.00134785	-0.00291263	0	1.25192	-1.83233	0	0	0	-0.0536504	0	0	-0.320584	1759.52	-391.067	-1715.51	-0	0	0	0	0	2.39119	-0.0694536	0.864773	-0.0835	-0.000488468	0.00167926	0	-0.00072097	-0.000332102	0	-0.125952	0.23864	0	0	0	0.354544	0	0	-0.413814	1748.33	491.755	-1677.74	-0	0	0	0	0	3.4739	0.0833767	0.502186	-0.0835	-0.000826225	0.00238687	0	-0.00292728	0.00357616	0	-0.796592	0.625147	0	0	0	-0.728796	0	0	-0.305207	2539.95	835.757	-2398.51	-0	0	0	0	0	2.36012	-0.0557108	0.0971178	-0.0835	0.000377651	0.00168663	0	-0.00122496	-0.00120204	0	-1.12837	1.33115	0	0	0	-0.0541326	0	0	-0.211473	1725.61	-375.283	-1684.31	-0	0	0	0	0	0.434122	-0.105392	1.00892	0	2.79397e-05	-0.000317886	0	2.90871e-05	0.000291251	0	0.0205328	-0.0839582	0	0	0	-0.0301949	0	0	0.147643	317.41	-28.1119	316.162	-0	5.02347	0	0	-5.02347	0.263612	0.262201	0.168633	0.168245	0.244102	0.240828	0.153876	0.152386	0.209495	0.207674	0.349707	0.349425	0.161874	0.155296	0.263239	0.265938	0.201875	0.200255	0	0	0	0	0	0	0	0	0	0	0	0	0	0	0	0	0	0	0	0	0	0	0	0	0	0	0	0	0	0	0	0	0	0	0	0	0	0	0	0	0	0	0	0	0	0	0	0	0	0	0	0	0	0	602.407	37.4526	33.7358	24.0069	33.1223	8.70796	55.3645	13.9669	24.7988	9.92931	35.3028	29.48	41.773	29.2054	12.9316	51.4751	12.0929	25.0978	11.4211	0	0	0	0	0	0	0.915714	0.913709	0.817583	0.817454	0.89643	0.895491	0.799726	0.79884	0.86173	0.861922	0.997156	0.997109	0.808914	0.802877	0.910433	0.910042	0.857412	0.856103	-0.14665	-0.883084	0.278539	-0.0746396	0.968416	1.99931e-10	-0.219014	-0.0323236	0	-16.3234	-2.40912	0	-0.0126221	0.0240297	7.39301	-0.0867487	0.469803	0	-63.4266	343.498	0	31.4026	5.79846	20.4864	0.0604676	-0.00447881	-0.09142	-0.0731195	0.472557	0	-53.4615	345.511	0	-31.5867	-4.88745	20.5886	0.0602862	-0.00450754	0.09142
0.29	0.0511621	0.721378	-0.0730741	-0.126463	0.928902	-0.0231193	0.350182	-0.34241	-0.731625	-0.386451	-0.056806	-0.296343	0.349733	-0.544167	-0.730706	-0.0898281	-0.0555149	-0.0570621	0	1	0	0	0	0	1	0	0	0	0	0	0	0	0	0	-0.0730741	0.928902	0	0.999673	0	0	0.0255782	-0.126463	-0.0231193	0	0	0	0.721378	-0.00378543	0.708104	0.0835	0.979933	0	0	0.199328	-0.0191887	0.0029632	0	0	0	0.378967	0.0231173	0.325887	0.0835	0.986395	0	0	-0.16439	0.0548789	0.0408258	0	0	0	-0.00748376	-0.0124778	0.0670268	0.09142	0.981329	0	0	-0.192337	0.0424559	0.0262791	0	0	0	-0.303826	-0.00385837	0.70806	-0.0835	0.979978	0	0	0.199108	-0.0531542	-0.00705709	0	0	0	0.177211	0.0230258	0.325764	-0.0835	0.986434	0	0	-0.164159	-0.00152132	0.00564705	0	0	0	0.0873827	-0.012417	0.0669315	-0.09142	0.981498	0	0	-0.191473	0.0199387	0.000554023	0	0	0	0.0303207	-0.144314	1.32769	0	0.999938	0	0	0.0111702	-0.457249	-0.0803014	0	0	0	0.856118	0.194348	0.077616	0.403596	0.109728	0.182572	0.128132	0.290248	0.0975834	0.249568	0.085616	0.191193	0.0408328	0.282907	0.0400043	0.215901	0.0586492	0.181651	0.0777289	0.416705	0.109743	0.216908	0.127954	0.2712	0.097813	0.247468	0.0856039	0.182451	0.0411361	0.290202	0.0400271	0.226437	0.0585958	0.248679	0.0683781	0.313215	0.0681416	0.168534	0.168534	0.795246	-0.345946	0.0124396	0.139535	-0.0345946	-0.0337644	0.307275	0.307275	0.994812	-0.144386	0.0250758	0.363967	-0.0144386	-0.0159258	0.095926	0.095926	0.81665	-0.128135	0.0123039	0.137578	-0.0128135	-0.0201044	0.245058	0.245058	0.915416	0.173137	0.0218557	0.298862	0.0173137	0.0184564	0.229806	0.229806	0.900897	0.439966	0.0208561	0.279753	0.0439966	0.0333934	0.252148	0.252148	0.862195	0.0563662	0.0187812	0.241751	0.00563662	0.00559716	0.169984	0.169984	0.800643	-0.217219	0.0130479	0.14843	-0.0217219	-0.0110782	0.192697	0.192697	0.909189	-0.0846769	0.017868	0.225739	-0.00846769	-0.00372578	0.171543	0.171543	0.8587	0.194904	0.0174491	0.218539	0.0194904	0.0133119	0.160214	0.160214	0.796403	-0.277673	0.0121302	0.135084	-0.0277673	-0.0271008	0.315271	0.315271	0.994953	-0.173899	0.0253398	0.369546	-0.0173899	-0.0191811	0.152118	0.152118	0.815515	-0.131528	0.0139922	0.16262	-0.0131528	-0.0206368	0.220863	0.220863	0.91757	0.123103	0.020498	0.273034	0.0123103	0.0131228	0.220943	0.220943	0.897782	0.00355768	0.0215652	0.293255	0.000355768	0.000270028	0.236937	0.236937	0.862073	0.0466522	0.0185968	0.238482	0.00466522	0.00463256	0.20878	0.20878	0.806589	-0.255569	0.0125017	0.140434	-0.0255569	-0.013034	0.184728	0.184728	0.909708	-0.10949	0.0180388	0.228701	-0.010949	-0.00481757	0.116449	0.116449	0.857918	0.0932798	0.0174765	0.219007	0.00932798	0.00637101	0	0	0	0	0	0	0	0	0	0	0	0	0	0	0	0	0	0	-0.0730741	0.928902	0	-0.126463	-0.0231193	0	-0.0730741	0.928902	0	-0.126463	-0.0231193	0	0	0	0.0511621	0	0	0.721378	-0.00378543	0.708104	0.0835	-0.0191887	0.0029632	0	-0.00378543	0.708104	0.0835	-0.0191887	0.0029632	0	0	0	0.401345	0	0	0.378967	0.0231173	0.325887	0.0835	0.0548789	0.0408258	0	0.0231173	0.325887	0.0835	0.0548789	0.0408258	0	0	0	-0.33028	0	0	-0.00748376	-0.0124778	0.0670268	0.09142	0.0424559	0.0262791	0	-0.0124778	0.0670268	0.09142	0.0424559	0.0262791	0	0	0	-0.387086	0	0	-0.303826	-0.00385837	0.70806	-0.0835	-0.0531542	-0.00705709	0	-0.00385837	0.70806	-0.0835	-0.0531542	-0.00705709	0	0	0	0.400895	0	0	0.177211	0.0230258	0.325764	-0.0835	-0.00152132	0.00564705	0	0.0230258	0.325764	-0.0835	-0.00152132	0.00564705	0	0	0	-0.329811	0	0	0.0873827	-0.012417	0.0669315	-0.09142	0.0199387	0.000554023	0	-0.012417	0.0669315	-0.09142	0.0199387	0.000554023	0	0	0	-0.385326	0	0	0.0303207	-0.144314	1.32769	0	-0.457249	-0.0803014	0	-0.144314	1.32769	0	-0.457249	-0.0803014	0	0	0	0.0223409	0	0	0.856118	2.4231	-0.070197	0.864595	0.0835	-0.000503257	0.00170609	0	0.000348657	-0.0015238	0	-0.0850762	0.301816	0	0	0	0.350182	0	0	-0.34241	1771.66	501.667	-1699.15	-0	0	0	0	0	3.54143	0.0836656	0.502496	0.0835	-0.000837296	0.00243348	0	-0.00345154	0.0039511	0	0.0855243	-0.465635	0	0	0	-0.731624	0	0	-0.386451	2589.33	848.536	-2446.34	-0	0	0	0	0	2.36941	-0.0554064	0.0974315	0.0835	0.000380419	0.0016948	0	-0.00146284	-0.00209441	0	-0.176962	0.152885	0	0	0	-0.0568023	0	0	-0.296343	1732.4	-377.59	-1690.75	-0	0	0	0	0	2.43098	-0.0701996	0.864581	-0.0835	-0.000505835	0.00169261	0	-0.00204901	0.00186736	0	0.194165	-0.260268	0	0	0	0.349733	0	0	-0.544167	1777.42	515.177	-1701.12	-0	0	0	0	0	3.52002	0.0834912	0.502402	-0.0835	-0.000845216	0.00242248	0	-0.000676377	0.00235869	0	0.128252	-0.369919	0	0	0	-0.730705	0	0	-0.0898281	2573.68	847.419	-2430.16	-0	0	0	0	0	2.35923	-0.055399	0.0972607	-0.0835	0.000371225	0.00168341	0	0.000426074	0.000489144	0	0.19268	0.345805	0	0	0	-0.0555157	0	0	-0.0570621	1724.96	-372.049	-1684.36	-0	0	0	0	0	0.44739	-0.107173	1.00844	0	2.97204e-05	-0.00032115	0	0.000138804	-0.000765391	0	-0.0325515	-0.00855136	0	0	0	-0.0288213	0	0	0.13474	327.11	-30.5421	325.681	-0	3.11474	0	0	-3.11474	0.265714	0.263709	0.167583	0.167454	0.24643	0.245491	0.149726	0.14884	0.210569	0.210117	0.348354	0.348869	0.160483	0.154054	0.261679	0.263498	0.202594	0.200878	0	0	0	0	0	0	0	0	0	0	0	0	0	0	0	0	0	0	0	0	0	0	0	0	0	0	0	0	0	0	0	0	0	0	0	0	0	0	0	0	0	0	0	0	0	0	0	0	0	0	0	0	0	0	574.322	35.4698	24.51	25.6879	32.0809	10.4585	54.6897	13.6014	23.0082	9.60352	30.6003	26.55	33.9301	28.9836	12.1739	52.4053	15.0335	24.4073	8.58579	0	0	0	0	0	0	0.91757	0.915416	0.815515	0.81665	0.897782	0.900897	0.796403	0.795246	0.862073	0.862195	0.994953	0.994812	0.806589	0.800643	0.909708	0.909189	0.857918	0.8587	-0.155484	-0.885201	-0.615284	-0.0769146	0.968062	1.99931e-10	-0.235351	-0.0382894	0	-17.5411	-2.85376	0	-0.0216127	0.0464132	7.14347	-0.0881168	0.468184	0	-64.4269	342.314	0	31.2944	5.8899	20.4955	0.0607126	-0.00445843	-0.09142	-0.0830473	0.469889	0	-60.7203	343.561	0	-31.4083	-5.55105	20.538	0.0605709	-0.00447512	0.09142
0.3	0.0582289	0.689732	-0.0744112	-0.140801	0.928666	-0.0245853	0.346525	-0.381569	-0.734822	-0.263022	-0.0590908	-0.161926	0.343927	-0.597571	-0.730731	0.0652045	-0.055559	0.0153112	0	1	0	0	0	0	1	0	0	0	0	0	0	0	0	0	-0.0744112	0.928666	0	0.999576	0	0	0.0291103	-0.140801	-0.0245853	0	0	0	0.689732	-0.0041191	0.708105	0.0835	0.979592	0	0	0.200998	-0.046554	-0.00322713	0	0	0	0.308164	0.0235067	0.326195	0.0835	0.986413	0	0	-0.164286	0.0241993	0.0215278	0	0	0	0.0451413	-0.0121135	0.0672097	0.09142	0.981129	0	0	-0.193354	0.0304008	0.0108726	0	0	0	-0.116785	-0.00454203	0.707936	-0.0835	0.979852	0	0	0.199726	-0.0812587	-0.0164434	0	0	0	0.0921618	0.0228232	0.325689	-0.0835	0.986535	0	0	-0.16355	-0.0340812	-0.0165289	0	0	0	0.157366	-0.0122911	0.0668179	-0.09142	0.981612	0	0	-0.190888	0.00806186	-0.0206566	0	0	0	0.172678	-0.148934	1.32688	0	0.999881	0	0	0.015431	-0.466092	-0.0823459	0	0	0	0.847384	0.183695	0.0773105	0.38346	0.109613	0.171644	0.12802	0.295801	0.0977603	0.249353	0.0856928	0.183654	0.040731	0.267045	0.0399866	0.209247	0.0588047	0.176156	0.077449	0.400038	0.109656	0.202336	0.127758	0.266294	0.0980017	0.253333	0.0856251	0.196362	0.0409695	0.279802	0.0400058	0.208143	0.0587035	0.24408	0.0687194	0.296631	0.0682148	0.1468	0.1468	0.792116	-0.244153	0.0123194	0.137799	-0.0244153	-0.0238294	0.333381	0.333381	0.993775	-0.069758	0.0249076	0.360432	-0.0069758	-0.00769431	0.177317	0.177317	0.815936	-0.0714676	0.011959	0.132643	-0.00714676	-0.0112133	0.241231	0.241231	0.917076	0.113429	0.0217412	0.296646	0.0113429	0.0120915	0.19033	0.19033	0.905394	0.465558	0.0207372	0.277514	0.0465558	0.0353358	0.328236	0.328236	0.862969	0.10064	0.0190792	0.247071	0.010064	0.00999353	0.12305	0.12305	0.798647	-0.149976	0.0129324	0.146726	-0.0149976	-0.00764876	0.238661	0.238661	0.908786	-0.00326988	0.0176509	0.221996	-0.000326988	-0.000143875	0.242172	0.242172	0.860977	0.237599	0.0172933	0.215884	0.0237599	0.016228	0.100921	0.100921	0.793535	-0.279019	0.0117993	0.130381	-0.0279019	-0.0272322	0.3699	0.3699	0.99416	-0.0180672	0.0261459	0.386802	-0.00180672	-0.00199281	0.156242	0.156242	0.814266	-0.116133	0.0133285	0.152597	-0.0116133	-0.0182213	0.293813	0.293813	0.91934	0.20382	0.0207689	0.278112	0.020382	0.0217272	0.342325	0.342325	0.898746	0.185097	0.0221427	0.304446	0.0185097	0.0140488	0.263353	0.263353	0.862287	-0.0336734	0.0183554	0.23423	-0.00336734	-0.00334377	0.0889723	0.0889723	0.803323	-0.317685	0.0128773	0.145914	-0.0317685	-0.0162019	0.227782	0.227782	0.909223	-0.0301657	0.0180872	0.229543	-0.00301657	-0.00132729	0.241085	0.241085	0.859495	0.198822	0.0170102	0.211093	0.0198822	0.0135795	0	0	0	0	0	0	0	0	0	0	0	0	0	0	0	0	0	0	-0.0744112	0.928666	0	-0.140801	-0.0245853	0	-0.0744112	0.928666	0	-0.140801	-0.0245853	0	0	0	0.0582289	0	0	0.689732	-0.0041191	0.708105	0.0835	-0.046554	-0.00322713	0	-0.0041191	0.708105	0.0835	-0.046554	-0.00322713	0	0	0	0.404754	0	0	0.308164	0.0235067	0.326195	0.0835	0.0241993	0.0215278	0	0.0235067	0.326195	0.0835	0.0241993	0.0215278	0	0	0	-0.330068	0	0	0.0451413	-0.0121135	0.0672097	0.09142	0.0304008	0.0108726	0	-0.0121135	0.0672097	0.09142	0.0304008	0.0108726	0	0	0	-0.389159	0	0	-0.116785	-0.00454203	0.707936	-0.0835	-0.0812587	-0.0164434	0	-0.00454203	0.707936	-0.0835	-0.0812587	-0.0164434	0	0	0	0.402156	0	0	0.0921618	0.0228232	0.325689	-0.0835	-0.0340812	-0.0165289	0	0.0228232	0.325689	-0.0835	-0.0340812	-0.0165289	0	0	0	-0.328575	0	0	0.157366	-0.0122911	0.0668179	-0.09142	0.00806186	-0.0206566	0	-0.0122911	0.0668179	-0.09142	0.00806186	-0.0206566	0	0	0	-0.384134	0	0	0.172678	-0.148934	1.32688	0	-0.466092	-0.0823459	0	-0.148934	1.32688	0	-0.466092	-0.0823459	0	0	0	0.0308633	0	0	0.847384	2.39872	-0.0710638	0.864368	0.0835	-0.00049942	0.00169078	0	0.000577971	-0.00192501	0	-0.0129123	0.0919416	0	0	0	0.346525	0	0	-0.381569	1753.83	496.785	-1682	-0	0	0	0	0	3.55614	0.0840175	0.502817	0.0835	-0.000860482	0.00245196	0	-0.00123732	6.08023e-05	0	0.12233	-0.441396	0	0	0	-0.734822	0	0	-0.263022	2600.08	864.512	-2452.15	-0	0	0	0	0	2.33987	-0.054979	0.0977034	0.0835	0.000369601	0.00167471	0	-0.000627376	-0.00208955	0	0.0327321	0.290631	0	0	0	-0.0590902	0	0	-0.161926	1710.8	-368.388	-1670.67	-0	0	0	0	0	2.42107	-0.0710806	0.864373	-0.0835	-0.000516146	0.00169565	0	-0.00038939	-0.000643641	0	0.0964725	-0.0883538	0	0	0	0.343927	0	0	-0.597571	1770.18	517.922	-1692.71	-0	0	0	0	0	3.52923	0.0830703	0.502401	-0.0835	-0.000844724	0.0024344	0	0.000202112	0.00124301	0	0.0459692	0.0419399	0	0	0	-0.730731	0	0	0.0652045	2580.4	844.066	-2438.45	-0	0	0	0	0	2.37298	-0.0553092	0.0970958	-0.0835	0.000379212	0.00169122	0	0.000675718	0.000799121	0	0.365256	0.305366	0	0	0	-0.0555587	0	0	0.0153112	1735.01	-380.519	-1692.77	-0	0	0	0	0	0.450786	-0.109073	1.00795	0	3.0078e-05	-0.00032796	0	-0.000128016	-5.52423e-05	0	-0.0367209	0.119155	0	0	0	-0.0273614	0	0	0.157652	329.593	-29.3201	328.287	-0	5.787	0	0	-5.787	0.26757	0.265416	0.165515	0.16665	0.247782	0.250897	0.146403	0.145246	0.21173	0.211922	0.347156	0.347109	0.158914	0.152877	0.260943	0.261719	0.204264	0.202777	0	0	0	0	0	0	0	0	0	0	0	0	0	0	0	0	0	0	0	0	0	0	0	0	0	0	0	0	0	0	0	0	0	0	0	0	0	0	0	0	0	0	0	0	0	0	0	0	0	0	0	0	0	0	574.392	28.6309	21.4294	26.9085	32.3163	9.41001	65.4431	10.6254	20.0249	11.4379	26.5123	21.1082	31.39	33.6627	15.0008	61.1783	13.8026	21.6106	11.358	0	0	0	0	0	0	0.91934	0.917076	0.814266	0.815936	0.898746	0.905394	0.793535	0.792116	0.862287	0.862969	0.99416	0.993775	0.803323	0.798647	0.909223	0.908786	0.859495	0.860977	-0.164363	-0.889582	-0.128813	-0.0793574	0.967648	1.99931e-10	-0.252149	-0.0440813	0	-18.793	-3.28544	0	-0.0256491	0.047549	6.88088	-0.0830254	0.477918	0	-60.7043	349.431	0	31.945	5.54959	21.0065	0.0608931	-0.00447166	-0.09142	-0.0879155	0.46862	0	-64.2797	342.633	0	-31.3235	-5.87645	20.5591	0.0608398	-0.00445926	0.09142
0.31	0.0648874	0.643397	-0.0759125	-0.158794	0.928406	-0.0267525	0.342516	-0.421208	-0.73652	-0.0871805	-0.0603903	-0.0786198	0.338017	-0.580032	-0.729568	0.157216	-0.0553454	0.0263889	0	1	0	0	0	0	1	0	0	0	0	0	0	0	0	0	-0.0759125	0.928406	0	0.999474	0	0	0.032438	-0.158794	-0.0267525	0	0	0	0.643397	-0.00476017	0.708036	0.0835	0.979325	0	0	0.202296	-0.0809569	-0.010458	0	0	0	0.222189	0.0235623	0.326324	0.0835	0.986491	0	0	-0.163817	-0.0124595	0.00245101	0	0	0	0.135008	-0.0118597	0.0672378	0.09142	0.981095	0	0	-0.193525	0.0197407	-0.00588091	0	0	0	0.0563886	-0.00548913	0.707751	-0.0835	0.979777	0	0	0.200092	-0.106566	-0.0190154	0	0	0	0.0633641	0.0223676	0.32547	-0.0835	0.986691	0	0	-0.162607	-0.0550772	-0.0243568	0	0	0	0.22058	-0.0122397	0.0665525	-0.09142	0.981814	0	0	-0.189845	0.00326899	-0.029285	0	0	0	0.246969	-0.153638	1.32604	0	0.999808	0	0	0.0196216	-0.474218	-0.0850489	0	0	0	0.829154	0.171083	0.0770984	0.367789	0.109559	0.169964	0.127873	0.289012	0.0979249	0.271175	0.0856678	0.175455	0.0406796	0.280949	0.0399739	0.221139	0.0588823	0.166012	0.0772131	0.404133	0.109654	0.197479	0.127544	0.290469	0.0981506	0.26667	0.085551	0.203014	0.0408442	0.285218	0.0399973	0.229458	0.0587331	0.232982	0.0691009	0.308691	0.0683064	0.0969728	0.0969728	0.789943	-0.160659	0.0119852	0.133016	-0.0160659	-0.0156803	0.298315	0.298315	0.993279	-0.0219754	0.0246432	0.354906	-0.00219754	-0.00242389	0.152827	0.152827	0.814997	-0.0814366	0.0118118	0.130558	-0.00814366	-0.0127774	0.223941	0.223941	0.91862	0.1705	0.0218002	0.297787	0.01705	0.0181753	0.238607	0.238607	0.910421	0.527457	0.0203588	0.270438	0.0527457	0.040034	0.243979	0.243979	0.862717	0.0206289	0.0196816	0.257967	0.00206289	0.00204845	0.124376	0.124376	0.797638	-0.0673262	0.0128424	0.145403	-0.00673262	-0.00343364	0.282502	0.282502	0.908497	-0.11944	0.0175425	0.220135	-0.011944	-0.00525537	0.185855	0.185855	0.862113	0.096863	0.0172456	0.215072	0.0096863	0.00661574	0.141258	0.141258	0.791118	-0.228374	0.0114438	0.125392	-0.0228374	-0.0222893	0.355206	0.355206	0.994139	-0.00830947	0.0264262	0.392881	-0.000830947	-0.000916534	0.108081	0.108081	0.812903	-0.157418	0.0128694	0.145799	-0.0157418	-0.024699	0.227882	0.227882	0.920737	0.0979116	0.0213767	0.28964	0.00979116	0.0104374	0.266378	0.266378	0.899953	0.148983	0.0225376	0.312197	0.0148983	0.0113078	0.198788	0.198788	0.861541	-0.123004	0.0184361	0.23565	-0.0123004	-0.0122143	0.128775	0.128775	0.800866	-0.306933	0.0132201	0.150982	-0.0306933	-0.0156536	0.291897	0.291897	0.90903	-0.0633962	0.0181137	0.230004	-0.00633962	-0.00278943	0.207381	0.207381	0.859928	-0.0432242	0.0168063	0.207667	-0.00432242	-0.00295221	0	0	0	0	0	0	0	0	0	0	0	0	0	0	0	0	0	0	-0.0759125	0.928406	0	-0.158794	-0.0267525	0	-0.0759125	0.928406	0	-0.158794	-0.0267525	0	0	0	0.0648874	0	0	0.643397	-0.00476017	0.708036	0.0835	-0.0809569	-0.010458	0	-0.00476017	0.708036	0.0835	-0.0809569	-0.010458	0	0	0	0.407403	0	0	0.222189	0.0235623	0.326324	0.0835	-0.0124595	0.00245101	0	0.0235623	0.326324	0.0835	-0.0124595	0.00245101	0	0	0	-0.329117	0	0	0.135008	-0.0118597	0.0672378	0.09142	0.0197407	-0.00588091	0	-0.0118597	0.0672378	0.09142	0.0197407	-0.00588091	0	0	0	-0.389507	0	0	0.0563886	-0.00548913	0.707751	-0.0835	-0.106566	-0.0190154	0	-0.00548913	0.707751	-0.0835	-0.106566	-0.0190154	0	0	0	0.402904	0	0	0.0633641	0.0223676	0.32547	-0.0835	-0.0550772	-0.0243568	0	0.0223676	0.32547	-0.0835	-0.0550772	-0.0243568	0	0	0	-0.326664	0	0	0.22058	-0.0122397	0.0665525	-0.09142	0.00326899	-0.029285	0	-0.0122397	0.0665525	-0.09142	0.00326899	-0.029285	0	0	0	-0.382009	0	0	0.246969	-0.153638	1.32604	0	-0.474218	-0.0850489	0	-0.153638	1.32604	0	-0.474218	-0.0850489	0	0	0	0.0392458	0	0	0.829154	2.38061	-0.0721187	0.864122	0.0835	-0.000492275	0.00167701	0	0.000717521	-0.00142938	0	0.0128086	-0.268236	0	0	0	0.342515	0	0	-0.421208	1740.59	489.003	-1670.49	-0	0	0	0	0	3.59435	0.0839052	0.503003	0.0835	-0.000881866	0.00247017	0	-0.00146058	0.00115936	0	0.664839	-1.04286	0	0	0	-0.73652	0	0	-0.0871805	2628.02	886.622	-2473.94	-0	0	0	0	0	2.32774	-0.0547146	0.0977464	0.0835	0.000359476	0.00166404	0	-0.000604685	-0.000131872	0	0.918508	0.510703	0	0	0	-0.0603836	0	0	-0.0786198	1701.93	-358.306	-1663.79	-0	0	0	0	0	2.42673	-0.0721447	0.864138	-0.0835	-0.000518255	0.00169332	0	-0.000120692	0.00075591	0	-0.0946381	0.365645	0	0	0	0.338016	0	0	-0.580032	1774.31	518.805	-1696.77	-0	0	0	0	0	3.5552	0.0822769	0.502297	-0.0835	-0.000846677	0.00244951	0	-0.000688985	0.0022586	0	-0.16498	0.0668693	0	0	0	-0.729567	0	0	0.157216	2599.4	848.92	-2456.87	-0	0	0	0	0	2.3913	-0.0553221	0.0967389	-0.0835	0.000381649	0.00170302	0	6.18324e-05	0.00165272	0	0.0557955	2.33752	0	0	0	-0.0553393	0	0	0.0263889	1748.41	-381.768	-1706.22	-0	0	0	0	0	0.4525	-0.111106	1.00746	0	2.79099e-05	-0.00032758	0	-0.000199616	-0.000369161	0	0.0369525	-0.0904461	0	0	0	-0.0256338	0	0	0.185758	330.847	-26.7281	329.765	-0	8.67477	0	0	-8.67477	0.26934	0.267076	0.164266	0.165936	0.248746	0.255394	0.143535	0.142116	0.212073	0.212195	0.344953	0.344812	0.156589	0.150643	0.260749	0.260372	0.206782	0.204729	0	0	0	0	0	0	0	0	0	0	0	0	0	0	0	0	0	0	0	0	0	0	0	0	0	0	0	0	0	0	0	0	0	0	0	0	0	0	0	0	0	0	0	0	0	0	0	0	0	0	0	0	0	0	562.535	21.0473	17.8786	25.4289	30.6532	10.282	56.7647	8.61945	28.4874	10.188	25.4738	20.3806	29.8879	31.0747	13.2167	66.8041	14.9367	26.5834	12.2849	0	0	0	0	0	0	0.920737	0.91862	0.812903	0.814997	0.899953	0.910421	0.791118	0.789943	0.861541	0.862717	0.994139	0.993279	0.800866	0.797638	0.90903	0.908497	0.859928	0.862113	-0.173256	-0.888475	0.337169	-0.0819688	0.967182	1.99931e-10	-0.269304	-0.0486529	0	-20.0716	-3.62617	0	-0.0176198	0.0349657	6.62473	-0.086805	0.489026	0	-63.4678	357.553	0	32.6875	5.80222	21.5383	0.0610415	-0.0045265	-0.09142	-0.0953031	0.471319	0	-69.6811	344.607	0	-31.5039	-6.37025	20.7371	0.0610774	-0.00445795	0.09142
0.32	0.0710246	0.589183	-0.0776161	-0.181434	0.928132	-0.0281846	0.338201	-0.439222	-0.73662	0.0612459	-0.0605691	0.00934494	0.332585	-0.501594	-0.727894	0.15478	-0.0550258	0.0544445	0	1	0	0	0	0	1	0	0	0	0	0	0	0	0	0	-0.0776161	0.928132	0	0.99937	0	0	0.0355048	-0.181434	-0.0281846	0	0	0	0.589183	-0.00576795	0.707888	0.0835	0.97914	0	0	0.203188	-0.119394	-0.0172948	0	0	0	0.149961	0.023239	0.326221	0.0835	0.986631	0	0	-0.162967	-0.0493416	-0.0189309	0	0	0	0.211207	-0.0117362	0.0670754	0.09142	0.981244	0	0	-0.192768	0.00701403	-0.023717	0	0	0	0.220552	-0.00668096	0.707557	-0.0835	0.979707	0	0	0.200438	-0.129014	-0.0209001	0	0	0	0.0875892	0.0217438	0.325209	-0.0835	0.986884	0	0	-0.161433	-0.0669297	-0.0281404	0	0	0	0.242369	-0.0122293	0.0662447	-0.09142	0.982069	0	0	-0.18852	-0.0013135	-0.031969	0	0	0	0.296814	-0.158423	1.32518	0	0.999719	0	0	0.0236955	-0.482378	-0.0855309	0	0	0	0.799946	0.170612	0.0769476	0.35762	0.109568	0.176313	0.127701	0.277947	0.0981497	0.256486	0.085716	0.202849	0.0406206	0.287164	0.0399214	0.232221	0.0589302	0.157847	0.0769966	0.394276	0.109681	0.182157	0.127353	0.270483	0.0983464	0.250748	0.0854826	0.19253	0.0407379	0.293382	0.0399627	0.224784	0.0587154	0.271524	0.0693782	0.290285	0.0684627	0.164947	0.164947	0.788398	-0.213552	0.0117113	0.129139	-0.0213552	-0.0208426	0.305434	0.305434	0.99336	0.0283087	0.0246587	0.355229	0.00283087	0.00312245	0.163961	0.163961	0.813902	-0.147805	0.0118514	0.131117	-0.0147805	-0.0231906	0.271902	0.271902	0.920729	0.231214	0.0216048	0.294016	0.0231214	0.0246474	0.270841	0.270841	0.914074	0.0894141	0.0202787	0.268952	0.00894141	0.00678653	0.189055	0.189055	0.863203	0.0952153	0.0194414	0.253598	0.00952153	0.00945488	0.158136	0.158136	0.796481	-0.343052	0.0129727	0.14732	-0.0343052	-0.0174957	0.241815	0.241815	0.907304	-0.132816	0.0177183	0.223155	-0.0132816	-0.00584389	0.199691	0.199691	0.862814	-0.0334937	0.0170474	0.21172	-0.00334937	-0.00228762	0.152122	0.152122	0.7889	-0.179396	0.0111662	0.121541	-0.0179396	-0.017509	0.326903	0.326903	0.994387	0.0500976	0.026606	0.396804	0.00500976	0.00552577	0.15922	0.15922	0.811685	-0.100497	0.0123266	0.137904	-0.0100497	-0.015768	0.193149	0.193149	0.922574	0.278315	0.0214798	0.291613	0.0278315	0.0296684	0.26348	0.26348	0.902012	0.305939	0.0225905	0.313242	0.0305939	0.0232208	0.151795	0.151795	0.860852	-0.0156992	0.0183192	0.233596	-0.00156992	-0.00155893	0.135421	0.135421	0.798783	-0.124848	0.0135276	0.15558	-0.0124848	-0.00636724	0.222336	0.222336	0.908244	-0.0976537	0.0182426	0.232252	-0.00976537	-0.00429676	0.199639	0.199639	0.85967	-0.0104461	0.0167437	0.206621	-0.00104461	-0.00071347	0	0	0	0	0	0	0	0	0	0	0	0	0	0	0	0	0	0	-0.0776161	0.928132	0	-0.181434	-0.0281846	0	-0.0776161	0.928132	0	-0.181434	-0.0281846	0	0	0	0.0710246	0	0	0.589183	-0.00576795	0.707888	0.0835	-0.119394	-0.0172948	0	-0.00576795	0.707888	0.0835	-0.119394	-0.0172948	0	0	0	0.409225	0	0	0.149961	0.023239	0.326221	0.0835	-0.0493416	-0.0189309	0	0.023239	0.326221	0.0835	-0.0493416	-0.0189309	0	0	0	-0.327395	0	0	0.211207	-0.0117362	0.0670754	0.09142	0.00701403	-0.023717	0	-0.0117362	0.0670754	0.09142	0.00701403	-0.023717	0	0	0	-0.387964	0	0	0.220552	-0.00668096	0.707557	-0.0835	-0.129014	-0.0209001	0	-0.00668096	0.707557	-0.0835	-0.129014	-0.0209001	0	0	0	0.403609	0	0	0.0875892	0.0217438	0.325209	-0.0835	-0.0669297	-0.0281404	0	0.0217438	0.325209	-0.0835	-0.0669297	-0.0281404	0	0	0	-0.324285	0	0	0.242369	-0.0122293	0.0662447	-0.09142	-0.0013135	-0.031969	0	-0.0122293	0.0662447	-0.09142	-0.0013135	-0.031969	0	0	0	-0.37931	0	0	0.296814	-0.158423	1.32518	0	-0.482378	-0.0855309	0	-0.158423	1.32518	0	-0.482378	-0.0855309	0	0	0	0.0473955	0	0	0.799946	2.34329	-0.0734108	0.863851	0.0835	-0.000485487	0.00165202	0	-0.000194907	-0.00201772	0	-0.378645	0.400958	0	0	0	0.3382	0	0	-0.439222	1713.3	486.376	-1642.82	-0	0	0	0	0	3.55487	0.0832775	0.503004	0.0835	-0.000879645	0.00245562	0	0.00162201	-0.00244077	0	0.160281	-0.0497491	0	0	0	-0.73662	0	0	0.0612459	2599.16	874.364	-2447.67	-0	0	0	0	0	2.34805	-0.0546381	0.0975178	0.0835	0.000362694	0.00167322	0	0.000984284	0.00227651	0	-0.0123727	0.405066	0	0	0	-0.0605689	0	0	0.00934494	1716.79	-364.598	-1677.62	-0	0	0	0	0	2.42286	-0.0734468	0.863898	-0.0835	-0.000521526	0.00169885	0	-0.000120133	-0.00132717	0	0.133197	-0.633371	0	0	0	0.332584	0	0	-0.501594	1771.48	522.073	-1692.8	-0	0	0	0	0	3.55625	0.0812321	0.502178	-0.0835	-0.000846177	0.00246167	0	0.00098794	-0.000596489	0	-0.0807344	-0.28343	0	0	0	-0.727894	0	0	0.15478	2600.16	842.96	-2459.73	-0	0	0	0	0	2.42294	-0.0553931	0.0963147	-0.0835	0.000385992	0.00172448	0	0.000796017	0.0021489	0	-0.287527	0.013769	0	0	0	-0.0550196	0	0	0.0544445	1771.54	-387.531	-1728.64	-0	0	0	0	0	0.460282	-0.113296	1.00696	0	2.85283e-05	-0.000333957	0	0.000258178	-0.00020843	0	0.0525303	0.112579	0	0	0	-0.02362	0	0	0.210764	336.536	-30.0568	335.191	-0	10.6605	0	0	-10.6605	0.270737	0.26862	0.162903	0.164997	0.249953	0.260421	0.141118	0.139943	0.212287	0.212969	0.34416	0.343775	0.153323	0.148647	0.260155	0.259693	0.207566	0.207508	0	0	-0	0	0	-0	0	0	-0	0	0	-0	0	0	-0	0	0	-0	0	0	-0	0	0	-0	0	0	-0	0	0	-0	0	0	-0	0	0	-0	0	0	-0	0	0	-0	0	0	-0	0	0	-0	0	0	-0	0	0	-0	538.297	26.8132	16.8365	30.4214	33.0478	12.3053	47.8999	16.2809	27.6515	11.9214	23.321	18.7983	28.2181	27.2973	12.5875	44.9459	10.8391	25.5973	10.9719	0	0	0	0	0	0	0.922574	0.920729	0.811685	0.813902	0.902012	0.914074	0.7889	0.788398	0.860852	0.863203	0.994387	0.99336	0.798783	0.796481	0.908244	0.907304	0.85967	0.862814	-0.182112	-0.881902	0.916324	-0.0847551	0.966677	1.99931e-10	-0.286942	-0.051785	0	-21.3862	-3.85961	0	-0.00659415	0.013868	6.36979	-0.083611	0.497221	0	-61.1325	363.545	0	33.2352	5.58873	21.9597	0.0611747	-0.00458145	-0.09142	-0.0930044	0.479428	0	-68.0004	350.536	0	-32.046	-6.2166	21.1732	0.0612721	-0.00448287	0.09142
0.33	0.0766792	0.5439	-0.079564	-0.207167	0.927835	-0.0317983	0.33388	-0.418046	-0.735501	0.1511	-0.0602156	0.0390762	0.328118	-0.397648	-0.726608	0.119805	-0.0544694	0.00903994	0	1	0	0	0	0	1	0	0	0	0	0	0	0	0	0	-0.079564	0.927835	0	0.999265	0	0	0.0383302	-0.207167	-0.0317983	0	0	0	0.5439	-0.00714711	0.7077	0.0835	0.979004	0	0	0.203841	-0.152977	-0.0210481	0	0	0	0.125854	0.0225922	0.325982	0.0835	0.986831	0	0	-0.161757	-0.0766516	-0.0268042	0	0	0	0.276953	-0.0117202	0.0667911	0.09142	0.981514	0	0	-0.19139	-0.00184867	-0.0316743	0	0	0	0.316029	-0.00806925	0.707342	-0.0835	0.979587	0	0	0.20102	-0.148969	-0.0193551	0	0	0	0.146251	0.0210536	0.324932	-0.0835	0.987083	0	0	-0.160212	-0.0708538	-0.0238323	0	0	0	0.266057	-0.0122519	0.0659258	-0.09142	0.982354	0	0	-0.187032	-0.000845215	-0.0302128	0	0	0	0.275097	-0.163295	1.32432	0	0.999619	0	0	0.0275947	-0.491896	-0.0866468	0	0	0	0.761208	0.179235	0.0767222	0.354902	0.109625	0.172245	0.127516	0.272896	0.0983808	0.262943	0.0857748	0.196272	0.0404894	0.306201	0.0398624	0.230174	0.0589161	0.153815	0.0768305	0.375574	0.109773	0.19481	0.127148	0.305309	0.098566	0.248576	0.0854848	0.188451	0.0407066	0.307343	0.0399265	0.21797	0.0587168	0.272059	0.0694649	0.304817	0.0686753	0.132177	0.132177	0.786088	-0.291227	0.0117922	0.13028	-0.0291227	-0.0284237	0.292205	0.292205	0.993883	0.0499299	0.0247393	0.35691	0.00499299	0.00550727	0.185858	0.185858	0.812719	-0.102112	0.0118128	0.130572	-0.0102112	-0.0160214	0.27502	0.27502	0.922897	0.216849	0.0212512	0.287243	0.0216849	0.0231161	0.298341	0.298341	0.915216	0.130659	0.0206077	0.275085	0.0130659	0.00991705	0.199365	0.199365	0.863795	-0.0393656	0.0188357	0.242722	-0.00393656	-0.003909	0.130715	0.130715	0.79391	-0.182093	0.0133725	0.153254	-0.0182093	-0.00928672	0.280788	0.280788	0.905963	-0.220203	0.0179388	0.226965	-0.0220203	-0.00968891	0.194288	0.194288	0.862607	-0.0305764	0.0169521	0.210114	-0.00305764	-0.00208837	0.0510126	0.0510126	0.787198	-0.137303	0.0110834	0.120399	-0.0137303	-0.0134008	0.278842	0.278842	0.995221	0.110586	0.0263078	0.390308	0.0110586	0.0121976	0.127101	0.127101	0.810379	-0.177583	0.0126033	0.141909	-0.0177583	-0.0278628	0.251428	0.251428	0.924634	-0.000738368	0.0213598	0.289317	-7.38368e-05	-7.871e-05	0.275119	0.275119	0.904813	0.174887	0.022573	0.312896	0.0174887	0.0132739	0.214265	0.214265	0.860874	-0.0404711	0.0180441	0.228792	-0.00404711	-0.00401878	0.135106	0.135106	0.798168	-0.0375617	0.0137145	0.158399	-0.00375617	-0.00191565	0.241945	0.241945	0.90742	-0.157944	0.0184297	0.235537	-0.0157944	-0.00694956	0.171216	0.171216	0.85969	0.0224867	0.0165738	0.20379	0.00224867	0.00153584	0	0	0	0	0	0	0	0	0	0	0	0	0	0	0	0	0	0	-0.079564	0.927835	0	-0.207167	-0.0317983	0	-0.079564	0.927835	0	-0.207167	-0.0317983	0	0	0	0.0766792	0	0	0.5439	-0.00714711	0.7077	0.0835	-0.152977	-0.0210481	0	-0.00714711	0.7077	0.0835	-0.152977	-0.0210481	0	0	0	0.41056	0	0	0.125854	0.0225922	0.325982	0.0835	-0.0766516	-0.0268042	0	0.0225922	0.325982	0.0835	-0.0766516	-0.0268042	0	0	0	-0.324941	0	0	0.276953	-0.0117202	0.0667911	0.09142	-0.00184867	-0.0316743	0	-0.0117202	0.0667911	0.09142	-0.00184867	-0.0316743	0	0	0	-0.385157	0	0	0.316029	-0.00806925	0.707342	-0.0835	-0.148969	-0.0193551	0	-0.00806925	0.707342	-0.0835	-0.148969	-0.0193551	0	0	0	0.404797	0	0	0.146251	0.0210536	0.324932	-0.0835	-0.0708538	-0.0238323	0	0.0210536	0.324932	-0.0835	-0.0708538	-0.0238323	0	0	0	-0.321811	0	0	0.266057	-0.0122519	0.0659258	-0.09142	-0.000845215	-0.0302128	0	-0.0122519	0.0659258	-0.09142	-0.000845215	-0.0302128	0	0	0	-0.37628	0	0	0.275097	-0.163295	1.32432	0	-0.491896	-0.0866468	0	-0.163295	1.32432	0	-0.491896	-0.0866468	0	0	0	0.0551965	0	0	0.761208	2.34726	-0.0749979	0.863573	0.0835	-0.000497401	0.00164326	0	-0.00127345	-0.000543104	0	0.0421309	-0.13341	0	0	0	0.33388	0	0	-0.418046	1716.21	503.207	-1640.78	-0	0	0	0	0	3.52071	0.0821968	0.502912	0.0835	-0.000857785	0.00243044	0	0.00124459	-0.000600541	0	-0.659871	0.423646	0	0	0	-0.735501	0	0	0.1511	2574.18	853.733	-2428.48	-0	0	0	0	0	2.38832	-0.0547074	0.097113	0.0835	0.000374824	0.00169903	0	0.0013638	0.00305679	0	-0.259549	1.14878	0	0	0	-0.0602175	0	0	0.0390762	1746.23	-377.461	-1704.94	-0	0	0	0	0	2.39657	-0.0750208	0.863603	-0.0835	-0.000520267	0.001673	0	-0.000502005	-0.000102594	0	-0.332594	1.24091	0	0	0	0.328118	0	0	-0.397648	1752.26	522.555	-1672.53	-0	0	0	0	0	3.51987	0.0801039	0.502048	-0.0835	-0.000832967	0.00244153	0	0.000610828	-0.0017837	0	0.185163	0.295022	0	0	0	-0.726608	0	0	0.119805	2573.57	830.978	-2435.72	-0	0	0	0	0	2.44869	-0.0555066	0.0958649	-0.0835	0.000391934	0.00174254	0	0.000363774	0.00219394	0	0.506889	-0.999511	0	0	0	-0.0544664	0	0	0.00903994	1790.37	-392.638	-1746.78	-0	0	0	0	0	0.44663	-0.115687	1.00647	0	3.22759e-05	-0.000331104	0	0.000173718	0.001056	0	-0.029928	-0.08098	0	0	0	-0.0214845	0	0	0.217308	326.555	-33.3044	324.852	-0	10.3266	0	0	-10.3266	0.272574	0.270729	0.161685	0.163902	0.252012	0.264074	0.1389	0.138398	0.211541	0.212717	0.344139	0.343279	0.150866	0.147638	0.259359	0.258886	0.208573	0.209782	0	0	-0	0	0	-0	0	0	-0	0	0	-0	0	0	-0	0	0	-0	0	0	-0	0	0	-0	0	0	-0	0	0	-0	0	0	-0	0	0	-0	0	0	-0	0	0	-0	0	0	-0	0	0	-0	0	0	-0	0	0	-0	562.899	28.8103	16.3707	29.1867	32.9032	13.0904	55.4526	12.0412	35.0145	11.6072	16.1629	16.7585	31.7956	34.0319	13.3745	54.9051	8.737	30.4437	9.67007	0	0	0	0	0	0	0.924634	0.922897	0.810379	0.812719	0.904813	0.915216	0.787198	0.786088	0.860874	0.863795	0.995221	0.993883	0.798168	0.79391	0.90742	0.905963	0.85969	0.862607	-0.190879	-0.87192	0.942999	-0.087713	0.96615	1.99931e-10	-0.303757	-0.0534256	0	-22.6394	-3.98188	0	0.00240193	-0.00502221	6.21302	-0.0800478	0.504927	0	-58.5272	369.179	0	33.7504	5.35056	22.3558	0.0612894	-0.00462961	-0.09142	-0.0858023	0.486473	0	-62.7346	355.686	0	-32.5168	-5.7352	21.5615	0.0614171	-0.00452244	0.09142
0.34	0.0818244	0.484467	-0.081781	-0.235532	0.927509	-0.0332448	0.330043	-0.341706	-0.73373	0.18715	-0.0599566	0.0232289	0.324802	-0.261719	-0.725596	0.0668818	-0.0548284	-0.0446974	0	1	0	0	0	0	1	0	0	0	0	0	0	0	0	0	-0.081781	0.927509	0	0.999163	0	0	0.0409008	-0.235532	-0.0332448	0	0	0	0.484467	-0.00883257	0.707488	0.0835	0.97887	0	0	0.204481	-0.182612	-0.0202744	0	0	0	0.142761	0.0217331	0.325695	0.0835	0.987079	0	0	-0.160238	-0.0932265	-0.028881	0	0	0	0.32991	-0.011758	0.0664387	0.09142	0.981832	0	0	-0.189752	-0.00572211	-0.0369701	0	0	0	0.353139	-0.00967078	0.707182	-0.0835	0.979403	0	0	0.201916	-0.169073	-0.0153829	0	0	0	0.222748	0.0203395	0.324748	-0.0835	0.987309	0	0	-0.158809	-0.0712835	-0.0151929	0	0	0	0.28963	-0.0122366	0.0656459	-0.09142	0.982585	0	0	-0.185813	0.00227873	-0.0252367	0	0	0	0.244933	-0.168267	1.32345	0	0.99951	0	0	0.0312966	-0.502322	-0.0879538	0	0	0	0.721276	0.166702	0.0765192	0.345088	0.109708	0.172882	0.12733	0.293131	0.0985457	0.249455	0.0857612	0.198557	0.040422	0.29214	0.0397887	0.222074	0.0589115	0.143107	0.0767586	0.3502	0.109916	0.186954	0.126982	0.288646	0.0986407	0.243859	0.0854652	0.1786	0.0407154	0.301832	0.0398757	0.243814	0.0587036	0.282397	0.069526	0.308697	0.0688085	0.135725	0.135725	0.784008	-0.104446	0.0118909	0.131677	-0.0104446	-0.0101939	0.280969	0.280969	0.994635	0.0865844	0.0245958	0.353918	0.00865844	0.00955025	0.125086	0.125086	0.811535	-0.0743666	0.011946	0.13246	-0.00743666	-0.0116681	0.227414	0.227414	0.924443	0.0502297	0.0211749	0.285791	0.00502297	0.00535448	0.261752	0.261752	0.916021	0.0772578	0.0207863	0.278437	0.00772578	0.00586386	0.228079	0.228079	0.863657	0.00593933	0.0184308	0.235556	0.000593933	0.000589775	0.15052	0.15052	0.792588	-0.156802	0.0135906	0.156529	-0.0156802	-0.00799688	0.227529	0.227529	0.904288	-0.0872146	0.0182062	0.231618	-0.00872146	-0.00383744	0.258148	0.258148	0.862541	0.0203008	0.0168236	0.207959	0.00203008	0.00138655	0.126617	0.126617	0.786461	-0.0584886	0.0107567	0.115934	-0.00584886	-0.00570848	0.352036	0.352036	0.996515	0.144584	0.0253499	0.369758	0.0144584	0.0159476	0.146956	0.146956	0.809319	-0.077444	0.0126409	0.142456	-0.0077444	-0.012151	0.222075	0.222075	0.925335	0.140595	0.0216296	0.294493	0.0140595	0.0149875	0.273073	0.273073	0.906568	0.137596	0.0225256	0.311959	0.0137596	0.0104435	0.254962	0.254962	0.860677	-0.00564318	0.0180139	0.228268	-0.000564318	-0.000560368	0.152942	0.152942	0.79834	0.0707047	0.0136997	0.158174	0.00707047	0.00360594	0.243394	0.243394	0.906265	-0.103373	0.0185527	0.237703	-0.0103373	-0.00454842	0.133667	0.133667	0.859496	-0.193128	0.0166442	0.204962	-0.0193128	-0.0131907	0	0	0	0	0	0	0	0	0	0	0	0	0	0	0	0	0	0	-0.081781	0.927509	0	-0.235532	-0.0332448	0	-0.081781	0.927509	0	-0.235532	-0.0332448	0	0	0	0.0818244	0	0	0.484467	-0.00883257	0.707488	0.0835	-0.182612	-0.0202744	0	-0.00883257	0.707488	0.0835	-0.182612	-0.0202744	0	0	0	0.411868	0	0	0.142761	0.0217331	0.325695	0.0835	-0.0932265	-0.028881	0	0.0217331	0.325695	0.0835	-0.0932265	-0.028881	0	0	0	-0.321863	0	0	0.32991	-0.011758	0.0664387	0.09142	-0.00572211	-0.0369701	0	-0.011758	0.0664387	0.09142	-0.00572211	-0.0369701	0	0	0	-0.381819	0	0	0.353139	-0.00967078	0.707182	-0.0835	-0.169073	-0.0153829	0	-0.00967078	0.707182	-0.0835	-0.169073	-0.0153829	0	0	0	0.406627	0	0	0.222748	0.0203395	0.324748	-0.0835	-0.0712835	-0.0151929	0	0.0203395	0.324748	-0.0835	-0.0712835	-0.0151929	0	0	0	-0.318969	0	0	0.28963	-0.0122366	0.0656459	-0.09142	0.00227873	-0.0252367	0	-0.0122366	0.0656459	-0.09142	0.00227873	-0.0252367	0	0	0	-0.373798	0	0	0.244933	-0.168267	1.32345	0	-0.502322	-0.0879538	0	-0.168267	1.32345	0	-0.502322	-0.0879538	0	0	0	0.0626034	0	0	0.721276	2.35573	-0.0768873	0.863271	0.0835	-0.00050877	0.00164089	0	-0.00123547	0.000637447	0	0.0265615	0.108838	0	0	0	0.330043	0	0	-0.341706	1722.4	514.403	-1643.79	-0	0	0	0	0	3.49772	0.0807927	0.502808	0.0835	-0.000847407	0.00242111	0	0.00138833	-0.00203817	0	0.0881106	-0.275036	0	0	0	-0.73373	0	0	0.18715	2557.37	842.886	-2414.47	-0	0	0	0	0	2.42642	-0.0548462	0.0966169	0.0835	0.00038477	0.00172752	0	0.000702016	0.00208604	0	-0.0181492	-0.372923	0	0	0	-0.0599516	0	0	0.0232289	1774.09	-386.128	-1731.56	-0	0	0	0	0	2.42436	-0.0769081	0.86332	-0.0835	-0.000529587	0.00169006	0	-0.00023669	0.000267548	0	0.174793	-0.455435	0	0	0	0.324802	0	0	-0.261719	1772.58	530.666	-1691.28	-0	0	0	0	0	3.48759	0.0788864	0.502031	-0.0835	-0.00082887	0.00242072	0	0.000207238	-0.00276371	0	-0.0233277	-0.0370653	0	0	0	-0.725596	0	0	0.0668818	2549.96	828.195	-2411.72	-0	0	0	0	0	2.46537	-0.0555654	0.0954776	-0.0835	0.000390984	0.00175714	0	-0.000657129	0.00144117	0	-0.0326628	-0.0838159	0	0	0	-0.0548285	0	0	-0.0446974	1802.56	-389.713	-1759.93	-0	0	0	0	0	0.46767	-0.118306	1.00595	0	3.58745e-05	-0.000334121	0	0.000376493	-0.0009606	0	-0.0346274	0.0641038	0	0	0	-0.0192237	0	0	0.236809	341.938	-38.1035	339.808	-0	10.9309	0	0	-10.9309	0.274634	0.272897	0.160379	0.162719	0.254813	0.265216	0.137198	0.136088	0.210852	0.213203	0.344387	0.34336	0.148783	0.146481	0.259164	0.25879	0.21	0.211707	0	0	-0	0	0	-0	0	0	-0	0	0	-0	0	0	-0	0	0	-0	0	0	-0	0	0	-0	0	0	-0	0	0	-0	0	0	-0	0	0	-0	0	0	-0	0	0	-0	0	0	-0	0	0	-0	0	0	-0	0	0	-0	526.906	20.2805	15.7183	23.3839	31.3451	12.412	51.6188	12.1285	25.1525	12.3764	15.9918	17.9867	26.5224	30.6473	13.456	54.9231	8.03201	27.3839	15.0044	0	0	0	0	0	0	0.925335	0.924443	0.809319	0.811535	0.906568	0.916021	0.786461	0.784008	0.860677	0.863657	0.996515	0.994635	0.79834	0.792588	0.906265	0.904288	0.859496	0.862541	-0.199549	-0.862254	1.013	-0.0908362	0.965615	1.99931e-10	-0.320094	-0.0533411	0	-23.8571	-3.97559	0	0.00937746	-0.0182223	6.13324	-0.0850102	0.510779	0	-62.1555	373.458	0	34.1415	5.68225	22.6458	0.0614166	-0.00467813	-0.09142	-0.0821134	0.497071	0	-60.0375	363.435	0	-33.2252	-5.48863	22.0881	0.0615318	-0.00457644	0.09142
0.35	0.0863292	0.424571	-0.0842945	-0.265587	0.927163	-0.0358862	0.327292	-0.217806	-0.732073	0.144979	-0.0596639	0.0263629	0.32291	-0.135849	-0.725206	0.0257487	-0.0552817	-0.0526352	0	1	0	0	0	0	1	0	0	0	0	0	0	0	0	0	-0.0842945	0.927163	0	0.999069	0	0	0.0431512	-0.265587	-0.0358862	0	0	0	0.424571	-0.0107858	0.707287	0.0835	0.978691	0	0	0.205339	-0.206255	-0.0196178	0	0	0	0.206765	0.0207598	0.325431	0.0835	0.98735	0	0	-0.158554	-0.100355	-0.0232195	0	0	0	0.351744	-0.0118302	0.0660896	0.09142	0.982182	0	0	-0.187934	-0.00793307	-0.0320786	0	0	0	0.378107	-0.0114775	0.707023	-0.0835	0.979138	0	0	0.203195	-0.192426	-0.0162248	0	0	0	0.288721	0.0196019	0.32463	-0.0835	0.987547	0	0	-0.157327	-0.0774996	-0.00959311	0	0	0	0.31447	-0.0122129	0.0654212	-0.09142	0.982821	0	0	-0.18456	0.00242773	-0.0213383	0	0	0	0.261835	-0.173349	1.32257	0	0.999395	0	0	0.0347884	-0.513756	-0.0867445	0	0	0	0.677991	0.160266	0.0764471	0.346503	0.109809	0.170844	0.127217	0.292597	0.0986362	0.246455	0.0857554	0.191974	0.0403769	0.284573	0.0397692	0.241433	0.0588505	0.141237	0.076706	0.345136	0.110023	0.184811	0.126906	0.272465	0.0988152	0.246905	0.085444	0.171623	0.0407622	0.310243	0.0398357	0.226019	0.0586496	0.309279	0.0695617	0.30336	0.0689289	0.119339	0.119339	0.78327	-0.0341242	0.0118089	0.130516	-0.00341242	-0.00333052	0.278867	0.278867	0.995548	0.0534966	0.0243659	0.349149	0.00534966	0.00590068	0.134901	0.134901	0.810813	-0.0770241	0.0118141	0.13059	-0.00770241	-0.0120851	0.313772	0.313772	0.925293	0.0668021	0.0212863	0.287912	0.00668021	0.00712111	0.195516	0.195516	0.916491	-0.0760845	0.0209301	0.281148	-0.00760845	-0.00577481	0.257462	0.257462	0.8636	-0.0177797	0.01811	0.22994	-0.00177797	-0.00176552	0.122609	0.122609	0.791704	-0.0354186	0.0138123	0.159881	-0.00354186	-0.00180635	0.228887	0.228887	0.903845	-0.0246575	0.0182775	0.232865	-0.00246575	-0.00108493	0.253251	0.253251	0.861648	-0.124187	0.0169666	0.210359	-0.0124187	-0.008482	0.118538	0.118538	0.785922	-0.0486525	0.0106745	0.114818	-0.00486525	-0.00474848	0.320838	0.320838	0.997486	0.0745807	0.0244942	0.351807	0.00745807	0.00822626	0.2167	0.2167	0.808836	-0.0391453	0.0126925	0.143209	-0.00391453	-0.0061419	0.330258	0.330258	0.926972	0.182756	0.0210436	0.283296	0.0182756	0.0194818	0.219253	0.219253	0.908154	0.166022	0.0224685	0.310836	0.0166022	0.012601	0.219714	0.219714	0.860463	-0.00820543	0.0181585	0.230784	-0.000820543	-0.000814799	0.111301	0.111301	0.799259	0.12557	0.0135579	0.156036	0.012557	0.00640407	0.205918	0.205918	0.905358	-0.142178	0.0186362	0.23918	-0.0142178	-0.00625583	0.29259	0.29259	0.858705	0.00780589	0.0169147	0.209487	0.000780589	0.000533142	0	0	0	0	0	0	0	0	0	0	0	0	0	0	0	0	0	0	-0.0842945	0.927163	0	-0.265587	-0.0358862	0	-0.0842945	0.927163	0	-0.265587	-0.0358862	0	0	0	0.0863292	0	0	0.424571	-0.0107858	0.707287	0.0835	-0.206255	-0.0196178	0	-0.0107858	0.707287	0.0835	-0.206255	-0.0196178	0	0	0	0.413621	0	0	0.206765	0.0207598	0.325431	0.0835	-0.100355	-0.0232195	0	0.0207598	0.325431	0.0835	-0.100355	-0.0232195	0	0	0	-0.318452	0	0	0.351744	-0.0118302	0.0660896	0.09142	-0.00793307	-0.0320786	0	-0.0118302	0.0660896	0.09142	-0.00793307	-0.0320786	0	0	0	-0.378116	0	0	0.378107	-0.0114775	0.707023	-0.0835	-0.192426	-0.0162248	0	-0.0114775	0.707023	-0.0835	-0.192426	-0.0162248	0	0	0	0.409239	0	0	0.288721	0.0196019	0.32463	-0.0835	-0.0774996	-0.00959311	0	0.0196019	0.32463	-0.0835	-0.0774996	-0.00959311	0	0	0	-0.315967	0	0	0.31447	-0.0122129	0.0654212	-0.09142	0.00242773	-0.0213383	0	-0.0122129	0.0654212	-0.09142	0.00242773	-0.0213383	0	0	0	-0.371249	0	0	0.261835	-0.173349	1.32257	0	-0.513756	-0.0867445	0	-0.173349	1.32257	0	-0.513756	-0.0867445	0	0	0	0.0695907	0	0	0.677991	2.35496	-0.0791135	0.862951	0.0835	-0.000518329	0.00164206	0	-0.000813127	-0.000279091	0	-0.0767159	0.120734	0	0	0	0.327291	0	0	-0.217806	1721.84	522.037	-1640.79	-0	0	0	0	0	3.46393	0.0792149	0.502743	0.0835	-0.000834912	0.00239787	0	0.000743553	-0.00182212	0	-0.318829	0.280834	0	0	0	-0.732073	0	0	0.144979	2532.66	832.491	-2391.93	-0	0	0	0	0	2.44821	-0.0550299	0.0961081	0.0835	0.000386644	0.00174475	0	-0.000205129	0.00160139	0	-0.304051	-0.335537	0	0	0	-0.0596605	0	0	0.0263629	1790.01	-386.247	-1747.84	-0	0	0	0	0	2.388	-0.0791225	0.862985	-0.0835	-0.00052727	0.00167516	0	0.000172272	-0.00228884	0	-0.0955453	-0.0828868	0	0	0	0.32291	0	0	-0.135849	1745.99	526.485	-1664.72	-0	0	0	0	0	3.47601	0.0776164	0.502088	-0.0835	-0.000834063	0.00240344	0	-0.000741541	-0.00108865	0	-0.164953	-0.105532	0	0	0	-0.725206	0	0	0.0257487	2541.49	836.477	-2399.89	-0	0	0	0	0	2.4748	-0.0556177	0.0951422	-0.0835	0.000382524	0.00176752	0	-0.000577713	0.000664577	0	-0.177418	0.419994	0	0	0	-0.055279	0	0	-0.0526352	1809.46	-381.407	-1768.8	-0	0	0	0	0	0.464769	-0.121171	1.00543	0	3.88324e-05	-0.000338569	0	0.000224471	0.000191465	0	-0.00888824	0.0558265	0	0	0	-0.0167446	0	0	0.253421	339.817	-40.1614	337.436	-0	10.774	0	0	-10.774	0.275335	0.274443	0.159319	0.161535	0.256568	0.266021	0.136461	0.134008	0.210874	0.213795	0.345221	0.343883	0.148168	0.14391	0.258681	0.257916	0.209757	0.212634	0	0	-0	0	0	-0	0	0	-0	0	0	-0	0	0	-0	0	0	-0	0	0	-0	0	0	-0	0	0	-0	0	0	-0	0	0	-0	0	0	-0	0	0	-0	0	0	-0	0	0	-0	0	0	-0	0	0	-0	0	0	-0	533.59	15.9163	15.7202	23.9506	37.4304	14.0539	57.3054	8.45038	21.5805	16.4405	15.0374	16.8807	29.424	37.0813	11.9167	51.1676	6.76828	28.3056	13.6177	0	0	0	0	0	0	0.926972	0.925293	0.808836	0.810813	0.908154	0.916491	0.785922	0.78327	0.860463	0.8636	0.997486	0.995548	0.799259	0.791704	0.905358	0.903845	0.858705	0.861648	-0.208117	-0.851931	0.900203	-0.0941231	0.965086	1.99931e-10	-0.336659	-0.0525185	0	-25.0917	-3.91428	0	0.008081	-0.0189999	6.0704	-0.0903487	0.509864	0	-66.0587	372.789	0	34.0803	6.03909	22.6367	0.0615547	-0.00469661	-0.09142	-0.079996	0.498342	0	-58.4893	364.365	0	-33.3102	-5.34709	22.1851	0.061628	-0.00461507	0.09142
0.36	0.0903596	0.388609	-0.0870931	-0.29207	0.92679	-0.0386816	0.325628	-0.130231	-0.730769	0.123169	-0.0595066	0.0062739	0.321892	-0.0822759	-0.724845	0.0491388	-0.0557243	-0.0153736	0	1	0	0	0	0	1	0	0	0	0	0	0	0	0	0	-0.0870931	0.92679	0	0.99898	0	0	0.0451644	-0.29207	-0.0386816	0	0	0	0.388609	-0.0129614	0.707107	0.0835	0.978447	0	0	0.206497	-0.228146	-0.0158904	0	0	0	0.258378	0.0197258	0.325239	0.0835	0.98764	0	0	-0.156742	-0.106692	-0.0164653	0	0	0	0.381547	-0.0119079	0.0657983	0.09142	0.98254	0	0	-0.186053	-0.00763553	-0.0268113	0	0	0	0.387821	-0.013548	0.706872	-0.0835	0.978831	0	0	0.204669	-0.220439	-0.0143117	0	0	0	0.306333	0.0187513	0.324538	-0.0835	0.98781	0	0	-0.155661	-0.0939322	-0.00847711	0	0	0	0.355472	-0.0122045	0.0652094	-0.09142	0.983091	0	0	-0.18312	-0.0021054	-0.019785	0	0	0	0.340099	-0.178549	1.32171	0	0.999275	0	0	0.0380766	-0.525608	-0.0872589	0	0	0	0.641685	0.155641	0.076436	0.335693	0.109893	0.198681	0.127047	0.313395	0.0986566	0.243814	0.0857189	0.18067	0.0403947	0.293885	0.0397602	0.264776	0.0587371	0.148275	0.0766483	0.38935	0.110035	0.199303	0.126789	0.296336	0.0988605	0.236998	0.0854614	0.169388	0.0408349	0.29785	0.0398005	0.255959	0.0585474	0.289679	0.0695631	0.330826	0.0690347	0.161274	0.161274	0.783156	-0.00656252	0.0116513	0.128295	-0.000656252	-0.000640502	0.376072	0.376072	0.99631	0.0786911	0.0240587	0.342818	0.00786911	0.00867963	0.144746	0.144746	0.809735	-0.198174	0.0126884	0.143149	-0.0198174	-0.0310935	0.250512	0.250512	0.925484	-0.0290038	0.0215394	0.292757	-0.00290038	-0.00309181	0.224248	0.224248	0.91651	0.055872	0.0210064	0.282594	0.0055872	0.00424068	0.197768	0.197768	0.863231	-0.0044642	0.0180496	0.228886	-0.00044642	-0.000443295	0.093809	0.093809	0.792053	0.0955771	0.0138386	0.160281	0.00955771	0.00487443	0.285645	0.285645	0.903642	-0.0824711	0.0183082	0.233402	-0.00824711	-0.00362873	0.225314	0.225314	0.859987	-0.240258	0.0173695	0.217181	-0.0240258	-0.0164096	0.11958	0.11958	0.785331	-0.134087	0.010753	0.115884	-0.0134087	-0.0130869	0.357794	0.357794	0.997594	-0.12233	0.0246788	0.355646	-0.012233	-0.0134929	0.213177	0.213177	0.80809	-0.0381985	0.0134407	0.154276	-0.00381985	-0.00599334	0.226247	0.226247	0.927397	0.0107795	0.0210329	0.283095	0.00107795	0.0011491	0.209102	0.209102	0.909548	-0.0238309	0.0223064	0.307647	-0.00238309	-0.00180877	0.139469	0.139469	0.860638	0.0497777	0.018022	0.228407	0.00497777	0.00494293	0.125491	0.125491	0.800684	0.106287	0.0133557	0.153004	0.0106287	0.00542065	0.159843	0.159843	0.904557	-0.0519048	0.0187095	0.240479	-0.00519048	-0.00228381	0.173608	0.173608	0.857209	-0.163285	0.0173985	0.217676	-0.0163285	-0.0111524	0	0	0	0	0	0	0	0	0	0	0	0	0	0	0	0	0	0	-0.0870931	0.92679	0	-0.29207	-0.0386816	0	-0.0870931	0.92679	0	-0.29207	-0.0386816	0	0	0	0.0903596	0	0	0.388609	-0.0129614	0.707107	0.0835	-0.228146	-0.0158904	0	-0.0129614	0.707107	0.0835	-0.228146	-0.0158904	0	0	0	0.415987	0	0	0.258378	0.0197258	0.325239	0.0835	-0.106692	-0.0164653	0	0.0197258	0.325239	0.0835	-0.106692	-0.0164653	0	0	0	-0.314781	0	0	0.381547	-0.0119079	0.0657983	0.09142	-0.00763553	-0.0268113	0	-0.0119079	0.0657983	0.09142	-0.00763553	-0.0268113	0	0	0	-0.374288	0	0	0.387821	-0.013548	0.706872	-0.0835	-0.220439	-0.0143117	0	-0.013548	0.706872	-0.0835	-0.220439	-0.0143117	0	0	0	0.412251	0	0	0.306333	0.0187513	0.324538	-0.0835	-0.0939322	-0.00847711	0	0.0187513	0.324538	-0.0835	-0.0939322	-0.00847711	0	0	0	-0.312593	0	0	0.355472	-0.0122045	0.0652094	-0.09142	-0.0021054	-0.019785	0	-0.0122045	0.0652094	-0.09142	-0.0021054	-0.019785	0	0	0	-0.368318	0	0	0.340099	-0.178549	1.32171	0	-0.525608	-0.0872589	0	-0.178549	1.32171	0	-0.525608	-0.0872589	0	0	0	0.0761716	0	0	0.641685	2.38867	-0.0816572	0.862609	0.0835	-0.000528768	0.00164941	0	-0.00183684	0.00272377	0	-0.341956	0.739287	0	0	0	0.325627	0	0	-0.130231	1746.48	537.142	-1661.83	-0	0	0	0	0	3.44602	0.0775297	0.502766	0.0835	-0.000833973	0.00238478	0	0.000305727	-0.00211638	0	0.210977	-0.374578	0	0	0	-0.730769	0	0	0.123169	2519.57	832.978	-2377.89	-0	0	0	0	0	2.4623	-0.0552221	0.0956512	0.0835	0.000379864	0.00175703	0	-0.000789978	0.00159701	0	0.0763691	0.293074	0	0	0	-0.0595044	0	0	0.0062739	1800.32	-378.337	-1760.11	-0	0	0	0	0	2.40809	-0.0816624	0.86263	-0.0835	-0.000533976	0.00166991	0	-0.00166553	0.00118629	0	-0.0914574	-0.0500609	0	0	0	0.321891	0	0	-0.0822759	1760.68	541.569	-1675.32	-0	0	0	0	0	3.44975	0.0761667	0.50219	-0.0835	-0.000837408	0.00238401	0	-7.4327e-05	-0.00149498	0	-0.0129702	0.259425	0	0	0	-0.724845	0	0	0.0491388	2522.29	837.65	-2379.14	-0	0	0	0	0	2.48183	-0.0556962	0.0948032	-0.0835	0.000373926	0.00177491	0	-0.0005332	0.000497553	0	0.128135	-0.122189	0	0	0	-0.0557215	0	0	-0.0153736	1814.6	-372.895	-1775.87	-0	0	0	0	0	0.45476	-0.124285	1.00492	0	4.04865e-05	-0.000334069	0	0.000231832	0.000712052	0	0.0488963	-0.0431875	0	0	0	-0.0141686	0	0	0.253076	332.499	-41.859	329.854	-0	9.11028	0	0	-9.11028	0.276972	0.275293	0.158836	0.160813	0.258154	0.266491	0.135922	0.13327	0.210677	0.213657	0.346515	0.344635	0.14834	0.142588	0.257911	0.256751	0.209641	0.212707	0	0	-0	0	0	-0	0	0	-0	0	0	-0	0	0	-0	0	0	-0	0	0	-0	0	0	-0	0	0	-0	0	0	-0	0	0	-0	0	0	-0	0	0	-0	0	0	-0	0	0	-0	0	0	-0	0	0	-0	0	0	-0	535.329	16.8449	18.2199	34.6533	37.1535	11.6824	47.6785	6.59888	27.7139	19.9328	18.7766	24.5044	30.4724	31.601	13.3921	39.642	7.05288	21.0069	15.8599	0	0	0	0	0	0	0.927397	0.925484	0.80809	0.809735	0.909548	0.91651	0.785331	0.783156	0.860638	0.863231	0.997594	0.99631	0.800684	0.792053	0.904557	0.903642	0.857209	0.859987	-0.216598	-0.84552	0.350419	-0.0975785	0.964564	1.99931e-10	-0.353719	-0.0519867	0	-26.3632	-3.87464	0	0.00450203	-0.0105677	5.99441	-0.093003	0.503865	0	-67.9995	368.402	0	33.6793	6.21651	22.4091	0.0616942	-0.00469422	-0.09142	-0.0830329	0.494635	0	-60.7098	361.654	0	-33.0624	-5.55009	22.042	0.0617233	-0.00461996	0.09142
0.37	0.0941099	0.360824	-0.0901449	-0.31732	0.926396	-0.0403893	0.324638	-0.0648547	-0.729594	0.103283	-0.0593209	0.037491	0.321312	-0.032279	-0.724378	0.0500077	-0.0554243	0.0422037	0	1	0	0	0	0	1	0	0	0	0	0	0	0	0	0	-0.0901449	0.926396	0	0.998893	0	0	0.0470376	-0.31732	-0.0403893	0	0	0	0.360824	-0.0153559	0.70695	0.0835	0.978161	0	0	0.207848	-0.248511	-0.0178716	0	0	0	0.295969	0.0186051	0.325085	0.0835	0.987946	0	0	-0.154798	-0.116333	-0.0156665	0	0	0	0.399252	-0.0119998	0.065541	0.09142	0.982921	0	0	-0.184028	-0.0111377	-0.0254172	0	0	0	0.436743	-0.0158754	0.706722	-0.0835	0.978506	0	0	0.206221	-0.243619	-0.0160531	0	0	0	0.328545	0.0177305	0.324448	-0.0835	0.988092	0	0	-0.153864	-0.108354	-0.00867806	0	0	0	0.378553	-0.0122696	0.0650185	-0.09142	0.983449	0	0	-0.181184	-0.0085851	-0.0193154	0	0	0	0.420756	-0.183872	1.32083	0	0.999151	0	0	0.0412046	-0.53884	-0.0882894	0	0	0	0.612219	0.157935	0.0763991	0.354768	0.109921	0.188001	0.126944	0.296345	0.0986774	0.238689	0.0857237	0.167949	0.0404823	0.297803	0.0397266	0.258431	0.0586177	0.145734	0.0765737	0.402211	0.109963	0.202852	0.126722	0.287148	0.0989034	0.236469	0.0855135	0.164335	0.0409044	0.277984	0.0398133	0.241959	0.0584923	0.279946	0.0696261	0.306538	0.0690715	0.157365	0.157365	0.782778	-0.0309756	0.0116796	0.128692	-0.00309756	-0.00302322	0.362319	0.362319	0.996567	0.0178023	0.0244215	0.350302	0.00178023	0.00196359	0.181459	0.181459	0.809078	-0.000533815	0.0130414	0.148333	-5.33815e-05	-8.37557e-05	0.275054	0.275054	0.92568	0.0680332	0.0214934	0.291876	0.00680332	0.00725234	0.215094	0.215094	0.91734	0.09472	0.0207974	0.278646	0.009472	0.00718924	0.254858	0.254858	0.86328	-0.00193756	0.0177884	0.224361	-0.000193756	-0.0001924	0.171716	0.171716	0.79377	0.229718	0.0136941	0.158089	0.0229718	0.0117156	0.220541	0.220541	0.902878	-0.0851901	0.0184545	0.235971	-0.00851901	-0.00374837	0.268004	0.268004	0.858238	-0.122615	0.0177916	0.224419	-0.0122615	-0.00837457	0.189291	0.189291	0.784566	-0.0393107	0.0109586	0.118688	-0.00393107	-0.00383673	0.320571	0.320571	0.996944	-0.0612709	0.0258192	0.379769	-0.00612709	-0.00675818	0.236015	0.236015	0.80766	-0.00621743	0.0137703	0.159244	-0.000621743	-0.000975516	0.317088	0.317088	0.927799	0.0453898	0.0208524	0.279686	0.00453898	0.00483855	0.289919	0.289919	0.910033	0.111413	0.0222516	0.306575	0.0111413	0.00845628	0.254657	0.254657	0.861163	-0.00932455	0.0175963	0.221059	-0.000932455	-0.000925928	0.169367	0.169367	0.802047	0.150217	0.013263	0.151621	0.0150217	0.00766105	0.246119	0.246119	0.904848	0.0774975	0.018708	0.240451	0.00774975	0.00340989	0.220974	0.220974	0.856403	-0.017036	0.0175916	0.220977	-0.0017036	-0.00116356	0	0	0	0	0	0	0	0	0	0	0	0	0	0	0	0	0	0	-0.0901449	0.926396	0	-0.31732	-0.0403893	0	-0.0901449	0.926396	0	-0.31732	-0.0403893	0	0	0	0.0941099	0	0	0.360824	-0.0153559	0.70695	0.0835	-0.248511	-0.0178716	0	-0.0153559	0.70695	0.0835	-0.248511	-0.0178716	0	0	0	0.418748	0	0	0.295969	0.0186051	0.325085	0.0835	-0.116333	-0.0156665	0	0.0186051	0.325085	0.0835	-0.116333	-0.0156665	0	0	0	-0.310846	0	0	0.399252	-0.0119998	0.065541	0.09142	-0.0111377	-0.0254172	0	-0.0119998	0.065541	0.09142	-0.0111377	-0.0254172	0	0	0	-0.370167	0	0	0.436743	-0.0158754	0.706722	-0.0835	-0.243619	-0.0160531	0	-0.0158754	0.706722	-0.0835	-0.243619	-0.0160531	0	0	0	0.415422	0	0	0.328545	0.0177305	0.324448	-0.0835	-0.108354	-0.00867806	0	0.0177305	0.324448	-0.0835	-0.108354	-0.00867806	0	0	0	-0.308956	0	0	0.378553	-0.0122696	0.0650185	-0.09142	-0.0085851	-0.0193154	0	-0.0122696	0.0650185	-0.09142	-0.0085851	-0.0193154	0	0	0	-0.36438	0	0	0.420756	-0.183872	1.32083	0	-0.53884	-0.0882894	0	-0.183872	1.32083	0	-0.53884	-0.0882894	0	0	0	0.0824325	0	0	0.612219	2.40814	-0.0844807	0.862262	0.0835	-0.000547327	0.00167297	0	-0.000902802	-0.000182491	0	0.199106	-0.54539	0	0	0	0.324638	0	0	-0.0648547	1760.72	551.443	-1672.14	-0	0	0	0	0	3.41315	0.0757099	0.502838	0.0835	-0.000829719	0.00236082	0	9.95398e-05	-0.00219384	0	-0.263771	0.111749	0	0	0	-0.729594	0	0	0.103283	2495.53	829.395	-2353.68	-0	0	0	0	0	2.47693	-0.0554366	0.0952151	0.0835	0.000374969	0.00176996	0	-0.000247277	0.000989556	0	-0.132977	-0.0547475	0	0	0	-0.0593198	0	0	0.037491	1811.02	-374.491	-1771.87	-0	0	0	0	0	2.40949	-0.0844833	0.862263	-0.0835	-0.000549875	0.001674	0	-0.00114557	-0.000445902	0	0.06672	-0.223017	0	0	0	0.321312	0	0	-0.032279	1761.7	555.098	-1671.96	-0	0	0	0	0	3.42424	0.0744992	0.502308	-0.0835	-0.000833549	0.0023644	0	-6.70552e-07	-0.00110096	0	-0.994337	0.476996	0	0	0	-0.724377	0	0	0.0500077	2503.65	833.551	-2360.81	-0	0	0	0	0	2.47397	-0.0558774	0.0944408	-0.0835	0.00037086	0.00177246	0	-0.000351645	-0.000980802	0	-1.26886	1.37311	0	0	0	-0.0554255	0	0	0.0422037	1808.85	-370.18	-1770.57	-0	0	0	0	0	0.460093	-0.127625	1.00438	0	4.53293e-05	-0.000333384	0	0.000473171	7.53701e-05	0	-0.0473108	0.111461	0	0	0	-0.011678	0	0	0.251395	336.398	-48.1307	332.937	-0	7.40957	0	0	-7.40957	0.277397	0.275484	0.15809	0.159735	0.259548	0.26651	0.135331	0.133156	0.210463	0.2136	0.347486	0.345548	0.149259	0.141704	0.256773	0.254967	0.209876	0.212511	0	0	-0	0	0	-0	0	0	-0	0	0	-0	0	0	-0	0	0	-0	0	0	-0	0	0	-0	0	0	-0	0	0	-0	0	0	-0	0	0	-0	0	0	-0	0	0	-0	0	0	-0	0	0	-0	0	0	-0	0	0	-0	542.2	17.7767	18.4679	24.5507	34.8932	11.1632	53.7825	8.19534	25.1171	17.6595	19.2254	21.5626	30.6462	37.2864	13.8819	54.29	8.06537	20.731	12.3629	0	0	0	0	0	0	0.927799	0.92568	0.80766	0.809078	0.910033	0.91734	0.784566	0.782778	0.861163	0.86328	0.996944	0.996567	0.802047	0.79377	0.904848	0.902878	0.856403	0.858238	-0.225042	-0.84391	-0.0279935	-0.101204	0.96404	1.99931e-10	-0.370586	-0.0531335	0	-27.6203	-3.96012	0	0.0042731	-0.0065612	5.93982	-0.086742	0.49093	0	-63.4217	358.945	0	32.8147	5.79801	21.8898	0.0618042	-0.00464404	-0.09142	-0.0810423	0.487158	0	-59.2543	356.187	0	-32.5626	-5.41703	21.7458	0.0618164	-0.00459671	0.09142
0.38	0.0977116	0.365134	-0.0934361	-0.33907	0.925972	-0.0433634	0.324126	-0.0548626	-0.7285	0.134061	-0.0590671	0.00198543	0.321017	-0.0379283	-0.723598	0.100632	-0.0552567	0.0219818	0	1	0	0	0	0	1	0	0	0	0	0	0	0	0	0	-0.0934361	0.925972	0	0.998807	0	0	0.0488364	-0.33907	-0.0433634	0	0	0	0.365134	-0.0179339	0.706748	0.0835	0.977839	0	0	0.209358	-0.266392	-0.0215867	0	0	0	0.310271	0.0173984	0.324925	0.0835	0.988268	0	0	-0.152731	-0.125968	-0.0162918	0	0	0	0.444332	-0.0121128	0.0652733	0.09142	0.983327	0	0	-0.181847	-0.0108663	-0.0287191	0	0	0	0.446317	-0.0184322	0.706558	-0.0835	0.978163	0	0	0.207838	-0.266258	-0.0164777	0	0	0	0.327205	0.0165754	0.324361	-0.0835	0.988404	0	0	-0.151845	-0.122683	-0.0112738	0	0	0	0.427837	-0.01236	0.0648065	-0.09142	0.983832	0	0	-0.179091	-0.0106814	-0.0237307	0	0	0	0.449819	-0.189336	1.31993	0	0.999023	0	0	0.0441976	-0.553393	-0.0912567	0	0	0	0.589032	0.164499	0.0763638	0.354375	0.109946	0.179742	0.126957	0.293765	0.0987448	0.263107	0.0856488	0.159158	0.0405942	0.303452	0.0397018	0.257416	0.0585381	0.160225	0.0763922	0.386619	0.10996	0.212241	0.126647	0.291765	0.0989016	0.231012	0.0854813	0.164819	0.0409644	0.282913	0.0398459	0.236286	0.0584949	0.272384	0.0697145	0.294573	0.0691587	0.0865836	0.0865836	0.782416	-0.0794812	0.0118473	0.131059	-0.00794812	-0.00775737	0.346031	0.346031	0.996792	0.0345073	0.0245685	0.35335	0.00345073	0.00380615	0.195444	0.195444	0.809157	0.0383381	0.0127902	0.144638	0.00383381	0.00601525	0.196235	0.196235	0.926311	0.0548604	0.0212598	0.287407	0.00548604	0.00584812	0.268092	0.268092	0.918505	0.109452	0.020506	0.273183	0.0109452	0.00830739	0.168704	0.168704	0.862525	-0.161739	0.0180171	0.228322	-0.0161739	-0.0160607	0.13782	0.13782	0.795964	0.305888	0.0134687	0.154696	0.0305888	0.0156003	0.169045	0.169045	0.902314	-0.100492	0.0185909	0.238379	-0.0100492	-0.00442163	0.242076	0.242076	0.857073	-0.0721221	0.0180517	0.228923	-0.00721221	-0.00492594	0.137206	0.137206	0.782707	-0.106354	0.0115011	0.126192	-0.0106354	-0.0103801	0.40176	0.40176	0.996917	0.0318025	0.0260642	0.385036	0.00318025	0.00350782	0.149646	0.149646	0.807184	-0.00396798	0.0142548	0.166649	-0.000396798	-0.000622575	0.278103	0.278103	0.927783	0.0171285	0.020858	0.279789	0.00171285	0.0018259	0.272382	0.272382	0.911182	0.143133	0.0218707	0.299153	0.0143133	0.0108638	0.160639	0.160639	0.860839	0.0265061	0.0175333	0.21998	0.00265061	0.00263206	0.150699	0.150698	0.803224	0.11887	0.0131721	0.150268	0.011887	0.00606239	0.239449	0.239449	0.905589	0.0308936	0.0186242	0.238967	0.00308936	0.00135932	0.214048	0.214048	0.85644	0.0290767	0.0175946	0.22103	0.00290767	0.00198594	0	0	0	0	0	0	0	0	0	0	0	0	0	0	0	0	0	0	-0.0934361	0.925972	0	-0.33907	-0.0433634	0	-0.0934361	0.925972	0	-0.33907	-0.0433634	0	0	0	0.0977116	0	0	0.365134	-0.0179339	0.706748	0.0835	-0.266392	-0.0215867	0	-0.0179339	0.706748	0.0835	-0.266392	-0.0215867	0	0	0	0.421838	0	0	0.310271	0.0173984	0.324925	0.0835	-0.125968	-0.0162918	0	0.0173984	0.324925	0.0835	-0.125968	-0.0162918	0	0	0	-0.306662	0	0	0.444332	-0.0121128	0.0652733	0.09142	-0.0108663	-0.0287191	0	-0.0121128	0.0652733	0.09142	-0.0108663	-0.0287191	0	0	0	-0.365729	0	0	0.446317	-0.0184322	0.706558	-0.0835	-0.266258	-0.0164777	0	-0.0184322	0.706558	-0.0835	-0.266258	-0.0164777	0	0	0	0.418729	0	0	0.327205	0.0165754	0.324361	-0.0835	-0.122683	-0.0112738	0	0.0165754	0.324361	-0.0835	-0.122683	-0.0112738	0	0	0	-0.304869	0	0	0.427837	-0.01236	0.0648065	-0.09142	-0.0106814	-0.0237307	0	-0.01236	0.0648065	-0.09142	-0.0106814	-0.0237307	0	0	0	-0.360126	0	0	0.449819	-0.189336	1.31993	0	-0.553393	-0.0912567	0	-0.189336	1.31993	0	-0.553393	-0.0912567	0	0	0	0.0884239	0	0	0.589032	2.3755	-0.0875383	0.861845	0.0835	-0.00055062	0.00165799	0	0.000535488	-0.00217408	0	0.0407323	0.191389	0	0	0	0.324126	0	0	-0.0548626	1736.86	548.179	-1648.08	-0	0	0	0	0	3.43127	0.0737591	0.502915	0.0835	-0.000839941	0.00235564	0	-0.00263686	0.00162752	0	0.320344	0.02673	0	0	0	-0.728499	0	0	0.134061	2508.79	848.528	-2360.93	-0	0	0	0	0	2.48493	-0.0556809	0.0947543	0.0835	0.00036766	0.00177824	0	-0.00111851	0.000762291	0	0.490987	-0.146021	0	0	0	-0.059062	0	0	0.00198543	1816.86	-365.497	-1779.72	-0	0	0	0	0	2.44568	-0.0875541	0.861872	-0.0835	-0.000566408	0.00168425	0	-0.00202796	0.0019141	0	0.180848	-0.536021	0	0	0	0.321016	0	0	-0.0379283	1788.17	575.654	-1692.98	-0	0	0	0	0	3.43401	0.0726168	0.502451	-0.0835	-0.00084237	0.00236794	0	-0.000177652	-0.000886813	0	-0.120603	-0.440772	0	0	0	-0.723597	0	0	0.100632	2510.79	842.949	-2365.06	-0	0	0	0	0	2.45903	-0.0560926	0.094043	-0.0835	0.000362895	0.00176281	0	-0.000442676	-0.000883292	0	-0.333519	-0.0409291	0	0	0	-0.0552574	0	0	0.0219818	1797.93	-362.039	-1761.1	-0	0	0	0	0	0.450662	-0.131194	1.00383	0	4.95315e-05	-0.000326313	0	0.00041762	0.000158794	0	0.0147085	-0.187714	0	0	0	-0.00929019	0	0	0.223898	329.503	-52.0039	325.373	-0	4.74073	0	0	-4.74073	0.277799	0.27568	0.15766	0.159078	0.260033	0.26734	0.134566	0.132778	0.210638	0.213231	0.347594	0.34631	0.150684	0.142053	0.255862	0.253987	0.208849	0.212263	0	0	-0	0	0	-0	0	0	-0	0	0	-0	0	0	-0	0	0	-0	0	0	-0	0	0	-0	0	0	-0	0	0	-0	0	0	-0	0	0	-0	0	0	-0	0	0	-0	0	0	-0	0	0	-0	0	0	-0	0	0	-0	521.246	16.443	17.9551	24.9171	29.4738	12.2915	67.3713	7.02849	24.1824	15.282	19.8148	20.8818	24.4898	34.7769	13.0354	41.0256	7.57639	20.706	11.4521	0	0	0	0	0	0	0.927783	0.926311	0.807184	0.809157	0.911182	0.918505	0.782707	0.782416	0.860839	0.862525	0.996917	0.996792	0.803224	0.795964	0.905589	0.902314	0.85644	0.857073	-0.23349	-0.846758	-0.716764	-0.104996	0.963496	1.99931e-10	-0.386988	-0.0557728	0	-28.8427	-4.15682	0	0.00609148	-0.001142	5.92849	-0.0848062	0.484345	0	-62.0063	354.131	0	32.3746	5.66862	21.6365	0.0619016	-0.0045923	-0.09142	-0.0838444	0.484209	0	-61.3031	354.031	0	-32.3655	-5.60433	21.635	0.0619012	-0.00456667	0.09142
0.39	0.101408	0.378099	-0.0969283	-0.357843	0.925529	-0.0460309	0.323448	-0.0875791	-0.726847	0.193468	-0.0588948	0.0412688	0.320625	-0.0430767	-0.722547	0.110826	-0.0548004	0.0490516	0	1	0	0	0	0	1	0	0	0	0	0	0	0	0	0	-0.0969283	0.925529	0	0.998715	0	0	0.0506821	-0.357843	-0.0460309	0	0	0	0.378099	-0.0207161	0.706528	0.0835	0.977522	0	0	0.210834	-0.288986	-0.0230337	0	0	0	0.29052	0.016055	0.324726	0.0835	0.988622	0	0	-0.150423	-0.142724	-0.0242902	0	0	0	0.483988	-0.0122395	0.0649472	0.09142	0.983764	0	0	-0.179466	-0.0154626	-0.0358666	0	0	0	0.525257	-0.0211804	0.706365	-0.0835	0.977819	0	0	0.209454	-0.282193	-0.0208169	0	0	0	0.335022	0.0152919	0.324203	-0.0835	0.988733	0	0	-0.149692	-0.132482	-0.0178772	0	0	0	0.445848	-0.0124949	0.0645352	-0.09142	0.98426	0	0	-0.176724	-0.0149058	-0.0292518	0	0	0	0.494899	-0.194952	1.319	0	0.99889	0	0	0.0471055	-0.569208	-0.0941358	0	0	0	0.576981	0.151188	0.076381	0.36574	0.109974	0.200324	0.126888	0.306012	0.0988023	0.246637	0.0855683	0.18429	0.040691	0.284958	0.0396942	0.251636	0.0585076	0.155988	0.0763499	0.388452	0.109994	0.219043	0.126625	0.288803	0.0989251	0.220529	0.0855229	0.163248	0.0410301	0.273	0.039873	0.231439	0.0585205	0.264508	0.0697917	0.287286	0.0692659	0.116573	0.116573	0.782592	0.0994847	0.0118369	0.130912	0.00994847	0.00970971	0.304566	0.304566	0.997047	0.00441729	0.0248038	0.358258	0.000441729	0.000487227	0.184622	0.184622	0.80872	-0.0878733	0.0132677	0.151692	-0.00878733	-0.0137873	0.253621	0.253621	0.926851	-0.038749	0.0211147	0.284646	-0.0038749	-0.00413065	0.191723	0.191723	0.919522	0.121855	0.0201691	0.266922	0.0121855	0.00924879	0.20367	0.20367	0.861715	-0.0286612	0.0180274	0.228502	-0.00286612	-0.00284606	0.124782	0.124782	0.797862	-0.0743642	0.0133055	0.152255	-0.00743642	-0.00379258	0.233777	0.233777	0.90214	0.0284218	0.0186565	0.239539	0.00284218	0.00125056	0.22755	0.22755	0.856627	-0.0109789	0.018144	0.230532	-0.00109789	-0.000749857	0.157459	0.157459	0.782273	0.0149545	0.0117528	0.129723	0.00149545	0.00145956	0.301345	0.301345	0.997223	0.0525042	0.0263637	0.391522	0.00525042	0.00579122	0.140606	0.140606	0.80704	-0.0643942	0.0142857	0.167125	-0.00643942	-0.0101034	0.281065	0.281065	0.928003	0.0290048	0.0208068	0.278823	0.00290048	0.00309192	0.350277	0.350277	0.912594	0.151018	0.0215503	0.292968	0.0151018	0.0114622	0.199405	0.199405	0.861257	0.0425824	0.0170522	0.211801	0.00425824	0.00422843	0.0841564	0.0841564	0.804512	0.134608	0.0131641	0.15015	0.0134608	0.00686498	0.304974	0.304974	0.906205	0.0954623	0.0186009	0.238554	0.00954623	0.00420034	0.154032	0.154032	0.856816	0.0460785	0.0174455	0.218478	0.00460785	0.00314716	0	0	0	0	0	0	0	0	0	0	0	0	0	0	0	0	0	0	-0.0969283	0.925529	0	-0.357843	-0.0460309	0	-0.0969283	0.925529	0	-0.357843	-0.0460309	0	0	0	0.101408	0	0	0.378099	-0.0207161	0.706528	0.0835	-0.288986	-0.0230337	0	-0.0207161	0.706528	0.0835	-0.288986	-0.0230337	0	0	0	0.424856	0	0	0.29052	0.016055	0.324726	0.0835	-0.142724	-0.0242902	0	0.016055	0.324726	0.0835	-0.142724	-0.0242902	0	0	0	-0.301992	0	0	0.483988	-0.0122395	0.0649472	0.09142	-0.0154626	-0.0358666	0	-0.0122395	0.0649472	0.09142	-0.0154626	-0.0358666	0	0	0	-0.360886	0	0	0.525257	-0.0211804	0.706365	-0.0835	-0.282193	-0.0208169	0	-0.0211804	0.706365	-0.0835	-0.282193	-0.0208169	0	0	0	0.422033	0	0	0.335022	0.0152919	0.324203	-0.0835	-0.132482	-0.0178772	0	0.0152919	0.324203	-0.0835	-0.132482	-0.0178772	0	0	0	-0.300514	0	0	0.445848	-0.0124949	0.0645352	-0.09142	-0.0149058	-0.0292518	0	-0.0124949	0.0645352	-0.09142	-0.0149058	-0.0292518	0	0	0	-0.355314	0	0	0.494899	-0.194952	1.319	0	-0.569208	-0.0941358	0	-0.194952	1.319	0	-0.569208	-0.0941358	0	0	0	0.0942458	0	0	0.576981	2.37822	-0.0907883	0.861415	0.0835	-0.000551589	0.001647	0	-0.00100443	0.000109836	0	-0.179117	0.368313	0	0	0	0.323448	0	0	-0.0875791	1738.84	556.168	-1647.5	-0	0	0	0	0	3.42277	0.0715837	0.502977	0.0835	-0.000854932	0.00235692	0	0.00017038	-0.00144458	0	0.356977	-0.146378	0	0	0	-0.726847	0	0	0.193468	2502.57	854.377	-2352.21	-0	0	0	0	0	2.48518	-0.0559498	0.094217	0.0835	0.000358045	0.00178069	0	-0.000538226	0.000487119	0	0.12851	-0.0676779	0	0	0	-0.0588962	0	0	0.0412688	1817.05	-357.004	-1781.63	-0	0	0	0	0	2.43012	-0.0908151	0.861449	-0.0835	-0.000578329	0.00168113	0	-0.00117016	-0.000645246	0	-0.0786384	0.257825	0	0	0	0.320624	0	0	-0.0430767	1776.79	583.664	-1678.19	-0	0	0	0	0	3.38285	0.0705572	0.502535	-0.0835	-0.000835657	0.00234044	0	0.00113004	-0.00343444	0	0.100524	-0.0257752	0	0	0	-0.722547	0	0	0.110826	2473.38	831.977	-2329.25	-0	0	0	0	0	2.44721	-0.0563677	0.0935609	-0.0835	0.000359923	0.00175476	0	-0.000402095	-0.000977453	0	0.00290347	-0.149875	0	0	0	-0.0547981	0	0	0.0490516	1789.28	-359.145	-1752.87	-0	0	0	0	0	0.443926	-0.134971	1.00325	0	5.3823e-05	-0.000325121	0	0.000329465	0.000907179	0	-0.0412569	0.0917054	0	0	0	-0.00714294	0	0	0.198882	324.578	-55.7736	319.75	-0	2.84714	0	0	-2.84714	0.277783	0.276311	0.157184	0.159157	0.261182	0.268505	0.132707	0.132416	0.211163	0.21328	0.346944	0.346567	0.152047	0.14377	0.254837	0.253818	0.208151	0.210973	0	0	0	0	0	0	0	0	0	0	0	0	0	0	0	0	0	0	0	0	0	0	0	0	0	0	0	0	0	0	0	0	0	0	0	0	0	0	0	0	0	0	0	0	0	0	0	0	0	0	0	0	0	0	512.292	13.7201	17.1427	31.4058	37.5374	10.1546	51.8475	9.12763	20.515	12.7215	16.353	17.8777	28.6923	34.7489	15.0693	43.9632	5.92302	23.2996	9.65008	0	0	0	0	0	0	0.928003	0.926851	0.80704	0.80872	0.912594	0.919522	0.782273	0.782592	0.861257	0.861715	0.997223	0.997047	0.804512	0.797862	0.906205	0.90214	0.856816	0.856627	-0.242005	-0.856418	-1.16858	-0.108953	0.962921	1.99931e-10	-0.403496	-0.0591777	0	-30.0731	-4.4106	0	0.00446289	-0.00851034	5.92879	-0.0788414	0.479024	0	-57.6451	350.24	0	32.0189	5.26992	21.4448	0.0619775	-0.00454903	-0.09142	-0.0865207	0.482462	0	-63.2599	352.754	0	-32.2487	-5.78322	21.5789	0.0619886	-0.00455022	0.09142
0.4	0.105141	0.359004	-0.100605	-0.377415	0.925051	-0.0497286	0.322586	-0.0653546	-0.72472	0.218832	-0.0583036	0.072732	0.320367	0.00796658	-0.721413	0.105192	-0.054533	0.00881639	0	1	0	0	0	0	1	0	0	0	0	0	0	0	0	0	-0.100605	0.925051	0	0.998619	0	0	0.0525465	-0.377415	-0.0497286	0	0	0	0.359004	-0.0237115	0.706278	0.0835	0.977218	0	0	0.212237	-0.308692	-0.0277736	0	0	0	0.29365	0.0145529	0.324445	0.0835	0.988995	0	0	-0.147951	-0.155772	-0.0306426	0	0	0	0.512482	-0.0124202	0.0645545	0.09142	0.984262	0	0	-0.176715	-0.0200421	-0.041842	0	0	0	0.585214	-0.0240812	0.70615	-0.0835	0.977453	0	0	0.211153	-0.297413	-0.0226159	0	0	0	0.366971	0.0139371	0.324022	-0.0835	0.989075	0	0	-0.147413	-0.137119	-0.0177963	0	0	0	0.472163	-0.0126413	0.0642314	-0.09142	0.984689	0	0	-0.174323	-0.0141382	-0.0308002	0	0	0	0.48098	-0.200729	1.31804	0	0.998751	0	0	0.0499714	-0.585601	-0.0987382	0	0	0	0.571955	0.152445	0.0764673	0.354635	0.110039	0.193639	0.126837	0.291202	0.0988183	0.241687	0.0855423	0.181186	0.0406853	0.269691	0.0397247	0.23891	0.0585175	0.160155	0.0763586	0.37213	0.110092	0.20411	0.126635	0.287304	0.0989551	0.21423	0.0855572	0.155759	0.0411333	0.281096	0.0398875	0.240257	0.0585511	0.260608	0.0698921	0.303365	0.069288	0.0997412	0.0997412	0.783477	0.0417447	0.0116806	0.128708	0.00417447	0.00407429	0.382329	0.382329	0.997631	0.0932183	0.0251313	0.365135	0.00932183	0.010282	0.184484	0.184484	0.808396	0.00693277	0.0133684	0.153193	0.000693277	0.00108775	0.212528	0.212528	0.927001	0.0668467	0.0212275	0.286791	0.00668467	0.00712585	0.329889	0.329889	0.920844	0.0966462	0.0197915	0.259973	0.00966462	0.00733545	0.246079	0.246079	0.861454	-0.0378497	0.0177023	0.22288	-0.00378497	-0.00375848	0.175622	0.175622	0.797751	0.007629	0.0135181	0.155437	0.0007629	0.000389079	0.249425	0.249425	0.902833	0.128498	0.0186025	0.238583	0.0128498	0.00565393	0.262555	0.262555	0.856771	0.0669343	0.017996	0.227955	0.00669343	0.00457161	0.226541	0.226541	0.782363	-0.0043088	0.0119113	0.131966	-0.00043088	-0.000420539	0.330902	0.330902	0.998116	0.103246	0.0260776	0.385326	0.0103246	0.011388	0.169481	0.169481	0.807107	0.0414222	0.0140817	0.163989	0.00414222	0.00649914	0.260484	0.260484	0.928284	0.0249384	0.0206983	0.276784	0.00249384	0.00265843	0.269394	0.269394	0.912886	0.0333374	0.0214888	0.291789	0.00333374	0.00253031	0.237619	0.237619	0.861603	0.0367835	0.0166575	0.205182	0.00367835	0.0036526	0.160736	0.160736	0.806534	0.215531	0.0130585	0.148585	0.0215531	0.0109921	0.240032	0.240032	0.906535	0.0387587	0.0186074	0.238669	0.00387587	0.00170538	0.174803	0.174803	0.857263	-0.0496989	0.0173094	0.216158	-0.00496989	-0.00339443	0	0	0	0	0	0	0	0	0	0	0	0	0	0	0	0	0	0	-0.100605	0.925051	0	-0.377415	-0.0497286	0	-0.100605	0.925051	0	-0.377415	-0.0497286	0	0	0	0.105141	0	0	0.359004	-0.0237115	0.706278	0.0835	-0.308692	-0.0277736	0	-0.0237115	0.706278	0.0835	-0.308692	-0.0277736	0	0	0	0.427727	0	0	0.29365	0.0145529	0.324445	0.0835	-0.155772	-0.0306426	0	0.0145529	0.324445	0.0835	-0.155772	-0.0306426	0	0	0	-0.296993	0	0	0.512482	-0.0124202	0.0645545	0.09142	-0.0200421	-0.041842	0	-0.0124202	0.0645545	0.09142	-0.0200421	-0.041842	0	0	0	-0.355297	0	0	0.585214	-0.0240812	0.70615	-0.0835	-0.297413	-0.0226159	0	-0.0240812	0.70615	-0.0835	-0.297413	-0.0226159	0	0	0	0.425509	0	0	0.366971	0.0139371	0.324022	-0.0835	-0.137119	-0.0177963	0	0.0139371	0.324022	-0.0835	-0.137119	-0.0177963	0	0	0	-0.295904	0	0	0.472163	-0.0126413	0.0642314	-0.09142	-0.0141382	-0.0308002	0	-0.0126413	0.0642314	-0.09142	-0.0141382	-0.0308002	0	0	0	-0.350437	0	0	0.48098	-0.200729	1.31804	0	-0.585601	-0.0987382	0	-0.200729	1.31804	0	-0.585601	-0.0987382	0	0	0	0.0999845	0	0	0.571955	2.37225	-0.0942282	0.860963	0.0835	-0.000560045	0.00164677	0	-0.000299782	-0.00124267	0	0.052206	-0.254515	0	0	0	0.322586	0	0	-0.0653546	1734.48	561.412	-1641.11	-0	0	0	0	0	3.38209	0.0691899	0.502971	0.0835	-0.000844315	0.00233325	0	0.00104228	-0.00239684	0	-0.200148	0.130703	0	0	0	-0.72472	0	0	0.218832	2472.82	840.921	-2325.45	-0	0	0	0	0	2.4851	-0.0562935	0.0935794	0.0835	0.000354428	0.00178301	0	-0.000484008	-0.000385553	0	-0.194802	0.214267	0	0	0	-0.058298	0	0	0.072732	1816.99	-353.492	-1782.27	-0	0	0	0	0	2.42115	-0.0942545	0.860991	-0.0835	-0.00058642	0.00167476	0	-0.000419736	-0.00112929	0	0.0349274	-0.149318	0	0	0	0.320368	0	0	0.00796658	1770.23	588.334	-1669.61	-0	0	0	0	0	3.33398	0.0683797	0.502608	-0.0835	-0.000828259	0.00230521	0	0.000432819	-0.00370902	0	-0.144594	-0.0656087	0	0	0	-0.721412	0	0	0.105192	2437.65	826.849	-2293.13	-0	0	0	0	0	2.43581	-0.0566552	0.0930428	-0.0835	0.000355203	0.00174677	0	-0.0007619	-0.000674877	0	-0.269011	0.246729	0	0	0	-0.0545276	0	0	0.00881639	1780.95	-353.729	-1745.47	-0	0	0	0	0	0.445782	-0.138937	1.00263	0	5.58794e-05	-0.000321597	0	0.000179529	0.00011389	0	0.00385845	0.0676247	0	0	0	-0.00516748	0	0	0.212951	325.935	-56.9422	320.923	-0	2.37751	0	0	-2.37751	0.278003	0.276851	0.15704	0.15872	0.262594	0.269522	0.132273	0.132592	0.210839	0.212525	0.346917	0.346792	0.153224	0.145964	0.254535	0.253265	0.20662	0.208962	0	0	0	0	0	0	0	0	0	0	0	0	0	0	0	0	0	0	0	0	0	0	0	0	0	0	0	0	0	0	0	0	0	0	0	0	0	0	0	0	0	0	0	0	0	0	0	0	0	0	0	0	0	0	512.347	12.933	19.1051	25.2183	30.2862	13.6975	57.5042	8.73515	20.4115	13.0379	21.3331	18.1533	24.9507	33.1728	13.2447	47.8212	7.58966	20.6474	11.9623	0	0	0	0	0	0	0.928284	0.927001	0.807107	0.808396	0.912886	0.920844	0.782363	0.783477	0.861603	0.861454	0.998116	0.997631	0.806534	0.797751	0.906535	0.902833	0.857263	0.856771	-0.250638	-0.87015	-1.47063	-0.113071	0.962309	1.99931e-10	-0.419421	-0.0631304	0	-31.26	-4.7052	0	0.00924455	-0.0152094	5.99408	-0.0769385	0.476088	0	-56.2538	348.093	0	31.8227	5.14273	21.3425	0.062043	-0.0045191	-0.09142	-0.0837553	0.481648	0	-61.2379	352.159	0	-32.1943	-5.59837	21.5745	0.062053	-0.00453877	0.09142
0.41	0.108699	0.360706	-0.104484	-0.396953	0.924523	-0.0551314	0.322077	-0.0490666	-0.722496	0.227828	-0.0575666	0.0816505	0.32067	0.0369483	-0.720404	0.100103	-0.0546141	-0.0131537	0	1	0	0	0	0	1	0	0	0	0	0	0	0	0	0	-0.104484	0.924523	0	0.998523	0	0	0.0543225	-0.396953	-0.0551314	0	0	0	0.360706	-0.0268879	0.70597	0.0835	0.976894	0	0	0.213726	-0.32505	-0.032858	0	0	0	0.311639	0.0129487	0.324126	0.0835	0.989381	0	0	-0.145343	-0.164815	-0.0331276	0	0	0	0.539467	-0.0126313	0.064123	0.09142	0.984789	0	0	-0.173757	-0.022301	-0.0441431	0	0	0	0.621118	-0.0271344	0.70591	-0.0835	0.977044	0	0	0.213039	-0.312346	-0.0249923	0	0	0	0.397654	0.0125381	0.323869	-0.0835	0.989431	0	0	-0.145004	-0.142994	-0.0147344	0	0	0	0.497758	-0.0127788	0.063938	-0.09142	0.985103	0	0	-0.171965	-0.0140078	-0.0288508	0	0	0	0.484604	-0.206675	1.31702	0	0.998604	0	0	0.0528131	-0.602922	-0.104715	0	0	0	0.565885	0.159973	0.0765141	0.354317	0.110117	0.183876	0.12686	0.287839	0.0989026	0.243266	0.0854798	0.177942	0.0407034	0.261086	0.039787	0.246587	0.0585168	0.181013	0.0761733	0.360256	0.1102	0.187926	0.126716	0.282703	0.0989848	0.219942	0.0855265	0.161607	0.0412128	0.284424	0.0399065	0.230539	0.0585534	0.284315	0.0698506	0.29151	0.0693264	0.143761	0.143761	0.783955	-0.0455214	0.011756	0.129769	-0.00455214	-0.00444289	0.388815	0.388815	0.998344	0.103633	0.0252087	0.366771	0.0103633	0.0114308	0.139663	0.139663	0.808544	0.0462908	0.0130459	0.148398	0.00462908	0.00726303	0.267167	0.267167	0.927792	0.048135	0.0209104	0.280777	0.0048135	0.00513119	0.268723	0.268723	0.920297	-0.0694653	0.0197977	0.260087	-0.00694653	-0.00527241	0.183596	0.183596	0.860824	-0.0768459	0.0175336	0.219984	-0.00768459	-0.00763079	0.125702	0.125702	0.798106	0.0768603	0.0136874	0.157988	0.00768603	0.00391987	0.219751	0.219751	0.904251	0.173841	0.0184553	0.235986	0.0173841	0.00764902	0.231889	0.231889	0.856761	-0.00944698	0.0178895	0.22611	-0.000944698	-0.000645229	0.0868027	0.0868027	0.780464	-0.0800241	0.0127216	0.143633	-0.00800241	-0.00781035	0.334377	0.334377	0.999092	0.089436	0.0253745	0.370281	0.0089436	0.00986479	0.190845	0.190845	0.807622	0.0855662	0.013443	0.154312	0.00855662	0.0134253	0.34294	0.34294	0.928563	0.0236803	0.0204525	0.272184	0.00236803	0.00252432	0.285777	0.285777	0.913391	0.0770764	0.0212397	0.287023	0.00770764	0.0058501	0.205071	0.205071	0.861295	-0.0224354	0.0166086	0.204368	-0.00224354	-0.00222784	0.124244	0.124244	0.808093	0.0945275	0.0129351	0.146765	0.00945275	0.0048209	0.224692	0.224692	0.906967	0.0081994	0.018543	0.237532	0.00081994	0.000360773	0.128712	0.128712	0.857297	0.0388092	0.0173539	0.216915	0.00388092	0.00265067	0	0	0	0	0	0	0	0	0	0	0	0	0	0	0	0	0	0	-0.104484	0.924523	0	-0.396953	-0.0551314	0	-0.104484	0.924523	0	-0.396953	-0.0551314	0	0	0	0.108699	0	0	0.360706	-0.0268879	0.70597	0.0835	-0.32505	-0.032858	0	-0.0268879	0.70597	0.0835	-0.32505	-0.032858	0	0	0	0.430776	0	0	0.311639	0.0129487	0.324126	0.0835	-0.164815	-0.0331276	0	0.0129487	0.324126	0.0835	-0.164815	-0.0331276	0	0	0	-0.29172	0	0	0.539467	-0.0126313	0.064123	0.09142	-0.022301	-0.0441431	0	-0.0126313	0.064123	0.09142	-0.022301	-0.0441431	0	0	0	-0.349286	0	0	0.621118	-0.0271344	0.70591	-0.0835	-0.312346	-0.0249923	0	-0.0271344	0.70591	-0.0835	-0.312346	-0.0249923	0	0	0	0.429369	0	0	0.397654	0.0125381	0.323869	-0.0835	-0.142994	-0.0147344	0	0.0125381	0.323869	-0.0835	-0.142994	-0.0147344	0	0	0	-0.291035	0	0	0.497758	-0.0127788	0.063938	-0.09142	-0.0140078	-0.0288508	0	-0.0127788	0.063938	-0.09142	-0.0140078	-0.0288508	0	0	0	-0.345649	0	0	0.484604	-0.206675	1.31702	0	-0.602922	-0.104715	0	-0.206675	1.31702	0	-0.602922	-0.104715	0	0	0	0.105675	0	0	0.565885	2.3398	-0.0978758	0.860439	0.0835	-0.000563018	0.00162666	0	6.18994e-05	-0.00243574	0	0.0364105	0.115281	0	0	0	0.322077	0	0	-0.0490666	1710.75	562.736	-1615.55	-0	0	0	0	0	3.37357	0.0666436	0.502938	0.0835	-0.000840671	0.00232098	0	-0.000224322	-0.000713063	0	-0.119443	0.0604901	0	0	0	-0.722495	0	0	0.227828	2466.6	841.402	-2318.65	-0	0	0	0	0	2.47589	-0.0566783	0.0928837	0.0835	0.000346016	0.00177848	0	-0.00105686	-0.000625797	0	-0.101154	-0.994533	0	0	0	-0.0575654	0	0	0.0816505	1810.25	-343.972	-1777.27	-0	0	0	0	0	2.41669	-0.0979049	0.860479	-0.0835	-0.000592135	0.00166658	0	-0.000560284	-0.000589706	0	0.182366	-0.271255	0	0	0	0.32067	0	0	0.0369483	1766.97	594.689	-1663.89	-0	0	0	0	0	3.33874	0.0661105	0.502717	-0.0835	-0.000838168	0.00229266	0	-0.00138332	-0.000488515	0	0.678336	-0.446133	0	0	0	-0.720403	0	0	0.100103	2441.13	842.672	-2291.07	-0	0	0	0	0	2.42163	-0.0569301	0.0925384	-0.0835	0.000345148	0.00173843	0	-0.00088561	-0.000762146	0	1.03083	-0.0148301	0	0	0	-0.0546107	0	0	-0.0131537	1770.58	-343.436	-1736.96	-0	0	0	0	0	0.437119	-0.143089	1.00197	0	5.93662e-05	-0.000315666	0	0.000362635	0.000344686	0	-0.0527418	-0.105068	0	0	0	-0.00300997	0	0	0.205179	319.601	-61.5132	313.626	-0	1.28776	0	0	-1.28776	0.278284	0.277001	0.157107	0.158396	0.262886	0.270844	0.132363	0.133477	0.211257	0.211715	0.347223	0.347047	0.154512	0.147862	0.255278	0.252614	0.206364	0.207595	0	0	-0	0	0	-0	0	0	-0	0	0	-0	0	0	-0	0	0	-0	0	0	-0	0	0	-0	0	0	-0	0	0	-0	0	0	-0	0	0	-0	0	0	-0	0	0	-0	0	0	-0	0	0	-0	0	0	-0	0	0	-0	508.904	17.7453	19.3091	21.1081	33.6741	14.7534	54.8355	7.30634	18.6603	12.628	17.8786	17.8389	25.2168	38.9536	13.3251	47.1448	6.82455	20.1566	9.00273	0	0	0	0	0	0	0.928563	0.927792	0.807622	0.808544	0.913391	0.920297	0.780464	0.783955	0.861295	0.860824	0.999092	0.998344	0.808093	0.798106	0.906967	0.904251	0.857297	0.856761	-0.259414	-0.884286	-1.52786	-0.117348	0.961654	1.99931e-10	-0.435148	-0.0676381	0	-32.4322	-5.04116	0	0.0135506	-0.0175699	6.09666	-0.0767219	0.469331	0	-56.0954	343.153	0	31.371	5.12824	21.0621	0.0621118	-0.00448668	-0.09142	-0.0832471	0.479916	0	-60.8664	350.892	0	-32.0785	-5.5644	21.5156	0.0621028	-0.00453031	0.09142
0.42	0.112177	0.317785	-0.108554	-0.416647	0.923936	-0.062309	0.321875	0.033083	-0.72031	0.199304	-0.056586	0.0914274	0.321361	0.123443	-0.719524	0.0727156	-0.0548135	-0.0415287	0	1	0	0	0	0	1	0	0	0	0	0	0	0	0	0	-0.108554	0.923936	0	0.998428	0	0	0.0560593	-0.416647	-0.062309	0	0	0	0.317785	-0.0302244	0.705625	0.0835	0.976542	0	0	0.215327	-0.341574	-0.0363187	0	0	0	0.350868	0.0112605	0.323789	0.0835	0.989775	0	0	-0.142641	-0.170827	-0.0339678	0	0	0	0.550172	-0.0128693	0.0636834	0.09142	0.985343	0	0	-0.170584	-0.0240514	-0.0433361	0	0	0	0.6416	-0.0303342	0.70564	-0.0835	0.976597	0	0	0.215076	-0.327654	-0.0288669	0	0	0	0.441229	0.0110896	0.323708	-0.0835	0.989794	0	0	-0.142506	-0.145852	-0.0159109	0	0	0	0.513944	-0.0129194	0.063632	-0.09142	0.985517	0	0	-0.169576	-0.013337	-0.0314783	0	0	0	0.472415	-0.212797	1.31594	0	0.998451	0	0	0.0556368	-0.620414	-0.111678	0	0	0	0.568111	0.154766	0.0765253	0.36748	0.110181	0.175661	0.126914	0.299595	0.098934	0.230853	0.0854335	0.172862	0.0407695	0.285142	0.0398446	0.241479	0.0585155	0.1673	0.0762093	0.370152	0.110268	0.178978	0.126799	0.29553	0.0989197	0.2172	0.0855098	0.154388	0.0412797	0.283659	0.039918	0.214652	0.0586251	0.28214	0.0698043	0.280442	0.0693852	0.0988781	0.0988781	0.784071	0.0790316	0.0119924	0.13312	0.00790316	0.00771348	0.295626	0.295626	0.998919	0.0565525	0.0254147	0.371134	0.00565525	0.00623774	0.171645	0.171645	0.808883	0.0369538	0.0125533	0.141183	0.00369538	0.00579805	0.295241	0.295241	0.928086	-0.0326376	0.0208567	0.279762	-0.00326376	-0.00347917	0.249144	0.249144	0.919687	-0.0582097	0.019766	0.259507	-0.00582097	-0.00441812	0.212508	0.212508	0.860358	-0.0192019	0.0172196	0.214634	-0.00192019	-0.00190675	0.174227	0.174227	0.799403	0.154267	0.0137661	0.159179	0.0154267	0.00786763	0.309828	0.309828	0.90556	-0.0159839	0.0183858	0.234764	-0.00159839	-0.000703291	0.154149	0.154149	0.856743	0.0112258	0.0177568	0.223818	0.00112258	0.000766725	0.138547	0.138547	0.780833	0.124774	0.0128912	0.146119	0.0124774	0.012178	0.336244	0.336244	0.999707	0.0122266	0.0250949	0.364369	0.00122266	0.00134859	0.149757	0.149757	0.808152	0.0867595	0.0129604	0.147139	0.00867595	0.0136126	0.252885	0.252885	0.927952	-0.0220958	0.0207346	0.277464	-0.00220958	-0.00235542	0.222359	0.222359	0.914166	0.109021	0.0209	0.280581	0.0109021	0.00827469	0.261013	0.261012	0.861126	-0.00988673	0.0165264	0.203002	-0.000988673	-0.000981752	0.228583	0.228583	0.809406	0.172449	0.0128351	0.145297	0.0172449	0.00879487	0.291513	0.291513	0.907228	0.00642024	0.0184966	0.236712	0.000642024	0.000282491	0.171675	0.171675	0.858347	0.152111	0.0171379	0.213249	0.0152111	0.0103892	0	0	0	0	0	0	0	0	0	0	0	0	0	0	0	0	0	0	-0.108554	0.923936	0	-0.416647	-0.062309	0	-0.108554	0.923936	0	-0.416647	-0.062309	0	0	0	0.112177	0	0	0.317785	-0.0302244	0.705625	0.0835	-0.341574	-0.0363187	0	-0.0302244	0.705625	0.0835	-0.341574	-0.0363187	0	0	0	0.434053	0	0	0.350868	0.0112605	0.323789	0.0835	-0.170827	-0.0339678	0	0.0112605	0.323789	0.0835	-0.170827	-0.0339678	0	0	0	-0.286258	0	0	0.550172	-0.0128693	0.0636834	0.09142	-0.0240514	-0.0433361	0	-0.0128693	0.0636834	0.09142	-0.0240514	-0.0433361	0	0	0	-0.342844	0	0	0.6416	-0.0303342	0.70564	-0.0835	-0.327654	-0.0288669	0	-0.0303342	0.70564	-0.0835	-0.327654	-0.0288669	0	0	0	0.433539	0	0	0.441229	0.0110896	0.323708	-0.0835	-0.145852	-0.0159109	0	0.0110896	0.323708	-0.0835	-0.145852	-0.0159109	0	0	0	-0.285985	0	0	0.513944	-0.0129194	0.063632	-0.09142	-0.013337	-0.0314783	0	-0.0129194	0.063632	-0.09142	-0.013337	-0.0314783	0	0	0	-0.340799	0	0	0.472415	-0.212797	1.31594	0	-0.620414	-0.111678	0	-0.212797	1.31594	0	-0.620414	-0.111678	0	0	0	0.111331	0	0	0.568111	2.32288	-0.101718	0.859861	0.0835	-0.000562981	0.00160909	0	8.29399e-05	-0.001446	0	-0.113993	0.0910569	0	0	0	0.321874	0	0	0.033083	1698.38	562.603	-1602.49	-0	0	0	0	0	3.35342	0.0639779	0.502892	0.0835	-0.000842251	0.00230947	0	0.000266969	-0.00199351	0	-1.00373	-0.0104149	0	0	0	-0.72031	0	0	0.199304	2451.86	841.382	-2302.98	-0	0	0	0	0	2.46471	-0.0571006	0.0921597	0.0835	0.000338037	0.00176996	0	9.54643e-05	4.9226e-05	0	-1.48518	0.657309	0	0	0	-0.0565835	0	0	0.0914274	1802.08	-338.221	-1770.06	-0	0	0	0	0	2.40981	-0.101749	0.859913	-0.0835	-0.000593536	0.00166096	0	5.04851e-05	-0.000419397	0	0.155076	-0.406183	0	0	0	0.321361	0	0	0.123443	1761.94	593.305	-1659.05	-0	0	0	0	0	3.31482	0.0637581	0.502825	-0.0835	-0.000846796	0.00227606	0	-0.000746533	-0.00186514	0	0.318454	0.0607994	0	0	0	-0.719524	0	0	0.0727156	2423.64	849.227	-2269.99	-0	0	0	0	0	2.40476	-0.0572089	0.0920179	-0.0835	0.000337135	0.0017283	0	-0.000858856	-0.00121555	0	0.603046	-0.998439	0	0	0	-0.0548068	0	0	-0.0415287	1758.25	-335.474	-1725.95	-0	0	0	0	0	0.433309	-0.14743	1.00125	0	5.91427e-05	-0.000312425	0	-0.000320762	0.000139296	0	-0.0270411	-0.113221	0	0	0	-0.000976562	0	0	0.250326	316.815	-57.2437	311.601	-0	0.532874	0	0	-0.532874	0.278563	0.277792	0.157622	0.158544	0.263391	0.270297	0.130464	0.133955	0.211603	0.211454	0.348116	0.347631	0.156534	0.147751	0.255815	0.252059	0.206607	0.206773	0	0	-0	0	0	-0	0	0	-0	0	0	-0	0	0	-0	0	0	-0	0	0	-0	0	0	-0	0	0	-0	0	0	-0	0	0	-0	0	0	-0	0	0	-0	0	0	-0	0	0	-0	0	0	-0	0	0	-0	0	0	-0	508.176	13.0467	16.9725	22.7313	39.4244	13.8263	49.2706	8.44836	25.0226	9.98987	15.9685	18.2589	21.3974	35.164	11.3304	52.4216	9.58009	23.2166	9.5635	0	0	0	0	0	0	0.927952	0.928086	0.808152	0.808883	0.914166	0.919687	0.780833	0.784071	0.861126	0.860358	0.999707	0.998919	0.809406	0.799403	0.907228	0.90556	0.858347	0.856743	-0.268347	-0.902711	-2.28645	-0.121781	0.96095	1.99931e-10	-0.450727	-0.0730169	0	-33.5933	-5.44206	0	0.0127326	-0.0197677	6.22971	-0.0751159	0.467234	0	-54.9212	341.62	0	31.2309	5.0209	20.9966	0.0621785	-0.00445783	-0.09142	-0.0797948	0.474715	0	-58.3422	347.09	0	-31.7309	-5.33365	21.3056	0.0621414	-0.00450885	0.09142
0.43	0.114989	0.296628	-0.112834	-0.438202	0.923268	-0.0703518	0.322961	0.120292	-0.718565	0.158345	-0.0563188	-0.0269243	0.323254	0.186018	-0.718874	0.075096	-0.0558526	-0.158974	0	1	0	0	0	0	1	0	0	0	0	0	0	0	0	0	-0.112834	0.923268	0	0.998348	0	0	0.0574626	-0.438202	-0.0703518	0	0	0	0.296628	-0.0337274	0.705251	0.0835	0.976121	0	0	0.217229	-0.356027	-0.0381053	0	0	0	0.41692	0.00956862	0.323471	0.0835	0.990173	0	0	-0.139848	-0.167508	-0.029786	0	0	0	0.575266	-0.013078	0.0632503	0.09142	0.985843	0	0	-0.167671	-0.0179077	-0.0431796	0	0	0	0.548341	-0.0337022	0.705315	-0.0835	0.976089	0	0	0.217372	-0.344854	-0.0335585	0	0	0	0.482646	0.00962789	0.32356	-0.0835	0.990172	0	0	-0.139856	-0.147556	-0.0152337	0	0	0	0.557742	-0.0130182	0.0633083	-0.09142	0.985881	0	0	-0.16745	-0.00690357	-0.0348207	0	0	0	0.398768	-0.219091	1.31478	0	0.998288	0	0	0.0584952	-0.638342	-0.119261	0	0	0	0.567144	0.167439	0.0766052	0.355666	0.110278	0.173805	0.126971	0.306759	0.0988907	0.225785	0.0854109	0.181427	0.0408293	0.304512	0.0398135	0.238793	0.0585405	0.160679	0.0763667	0.354865	0.110303	0.17595	0.126922	0.349046	0.098819	0.232206	0.0854106	0.184449	0.0412007	0.304306	0.0398991	0.205757	0.0587419	0.270751	0.0697749	0.266538	0.0694751	0.0997346	0.0997346	0.784889	-0.0424439	0.0122094	0.136218	-0.00424439	-0.00414253	0.425805	0.425805	0.999802	0.0947005	0.0251974	0.366532	0.00947005	0.0104455	0.186397	0.186397	0.809247	0.0420349	0.0124802	0.140122	0.00420349	0.00659527	0.181215	0.181215	0.92768	-0.0739818	0.0208847	0.280291	-0.00739818	-0.00788646	0.349107	0.349107	0.9193	-0.00763933	0.0195446	0.255471	-0.000763933	-0.000579825	0.20758	0.20758	0.86013	-0.017462	0.016949	0.210062	-0.0017462	-0.00173398	0.160503	0.160503	0.800575	0.037922	0.0137351	0.158709	0.0037922	0.00193402	0.219133	0.219133	0.904852	-0.118246	0.0185483	0.237627	-0.0118246	-0.00520281	0.224451	0.224451	0.857108	0.00749775	0.0175904	0.220957	0.000749775	0.000512096	0.0973007	0.0973007	0.782446	0.201708	0.0128391	0.145354	0.0201708	0.0196867	0.298978	0.298978	1.00003	0.0559649	0.0248018	0.358215	0.00559649	0.00617293	0.135191	0.135191	0.808933	0.0666433	0.0127103	0.14347	0.00666433	0.0104563	0.313974	0.313974	0.927007	-0.300177	0.0210025	0.282519	-0.0300177	-0.0319989	0.346358	0.346358	0.915351	0.12696	0.0202807	0.268989	0.012696	0.0096363	0.144862	0.144862	0.860127	-0.0688596	0.0169891	0.210738	-0.00688596	-0.00683776	0.206648	0.206648	0.807857	-0.185554	0.0129457	0.146923	-0.0185554	-0.00946326	0.299037	0.299037	0.906798	-0.138099	0.0184278	0.235503	-0.0138099	-0.00607637	0.143943	0.143943	0.860057	0.19668	0.0168602	0.208572	0.019668	0.0134332	0	0	0	0	0	0	0	0	0	0	0	0	0	0	0	0	0	0	-0.112834	0.923268	0	-0.438202	-0.0703518	0	-0.112834	0.923268	0	-0.438202	-0.0703518	0	0	0	0.114989	0	0	0.296628	-0.0337274	0.705251	0.0835	-0.356027	-0.0381053	0	-0.0337274	0.705251	0.0835	-0.356027	-0.0381053	0	0	0	0.437949	0	0	0.41692	0.00956862	0.323471	0.0835	-0.167508	-0.029786	0	0.00956862	0.323471	0.0835	-0.167508	-0.029786	0	0	0	-0.280615	0	0	0.575266	-0.013078	0.0632503	0.09142	-0.0179077	-0.0431796	0	-0.013078	0.0632503	0.09142	-0.0179077	-0.0431796	0	0	0	-0.336934	0	0	0.548341	-0.0337022	0.705315	-0.0835	-0.344854	-0.0335585	0	-0.0337022	0.705315	-0.0835	-0.344854	-0.0335585	0	0	0	0.438243	0	0	0.482646	0.00962789	0.32356	-0.0835	-0.147556	-0.0152337	0	0.00962789	0.32356	-0.0835	-0.147556	-0.0152337	0	0	0	-0.280632	0	0	0.557742	-0.0130182	0.0633083	-0.09142	-0.00690357	-0.0348207	0	-0.0130182	0.0633083	-0.09142	-0.00690357	-0.0348207	0	0	0	-0.336484	0	0	0.398768	-0.219091	1.31478	0	-0.638342	-0.119261	0	-0.219091	1.31478	0	-0.638342	-0.119261	0	0	0	0.117057	0	0	0.567144	2.32978	-0.105822	0.859207	0.0835	-0.00057169	0.00160247	0	-0.00149015	-6.06328e-05	0	0.0376978	0.195135	0	0	0	0.322961	0	0	0.120292	1703.43	578.485	-1602.19	-0	0	0	0	0	3.32682	0.0612746	0.502869	0.0835	-0.000840772	0.00228864	0	-1.35303e-05	-0.00189489	0	-0.17673	0.0341649	0	0	0	-0.718565	0	0	0.158345	2432.41	840.816	-2282.47	-0	0	0	0	0	2.47556	-0.0574769	0.0914648	0.0835	0.000335746	0.00177675	0	-0.000358343	0.00102284	0	-0.0538471	0.333687	0	0	0	-0.0563174	0	0	-0.0269243	1810.01	-335.053	-1778.73	-0	0	0	0	0	2.39023	-0.105842	0.859249	-0.0835	-0.000591628	0.00164498	0	-0.000425786	-0.000274099	0	-0.101588	0.804307	0	0	0	0.323254	0	0	0.186018	1747.62	593.57	-1643.73	-0	0	0	0	0	3.34701	0.0613368	0.502957	-0.0835	-0.000863802	0.00228491	0	-0.00152937	0.000877942	0	0.239966	-0.735381	0	0	0	-0.718874	0	0	0.075096	2447.18	868.782	-2287.77	-0	0	0	0	0	2.40137	-0.0574297	0.0915028	-0.0835	0.000327379	0.00172478	0	-0.000980429	0.000286549	0	0.121408	-0.121291	0	0	0	-0.0558497	0	0	-0.158974	1755.77	-325.483	-1725.33	-0	0	0	0	0	0.42735	-0.151923	1.00048	0	6.33299e-05	-0.000309266	0	0.00111109	0.000798672	0	-0.12216	0.0168676	0	0	0	0.0020716	0	0	0.270516	312.459	-69.908	304.538	-0	3.55985	0	0	-3.55985	0.277952	0.278086	0.158152	0.158883	0.264166	0.269687	0.130833	0.134071	0.211295	0.210824	0.349092	0.348344	0.158093	0.148106	0.256434	0.252365	0.207169	0.206607	0	0	-0	0	0	-0	0	0	-0	0	0	-0	0	0	-0	0	0	-0	0	0	-0	0	0	-0	0	0	-0	0	0	-0	0	0	-0	0	0	-0	0	0	-0	0	0	-0	0	0	-0	0	0	-0	0	0	-0	0	0	-0	552.643	15.8133	20.5903	23.711	35.9146	14.7986	47.7036	8.33816	27.2287	11.8501	13.3345	16.6238	20.1436	67.7323	14.3333	47.692	13.7828	31.9366	8.57344	0	0	0	0	0	0	0.927007	0.92768	0.808933	0.809247	0.915351	0.9193	0.782446	0.784889	0.860127	0.86013	1.00003	0.999802	0.807857	0.800575	0.906798	0.904852	0.860057	0.857108	-0.277486	-0.919974	-0.261707	-0.126368	0.960191	1.99931e-10	-0.466027	-0.0783911	0	-34.7337	-5.8426	0	0.0089916	-0.0161118	6.41532	-0.0812349	0.473387	0	-59.3951	346.118	0	31.6421	5.4299	21.2854	0.0622626	-0.00445747	-0.09142	-0.0786217	0.478652	0	-57.4845	349.968	0	-31.9941	-5.25523	21.5034	0.0621837	-0.00450349	0.09142
0.44	0.118456	0.380615	-0.117343	-0.463214	0.922535	-0.0761029	0.323964	0.100382	-0.717256	0.0952523	-0.0568054	-0.0532795	0.324786	0.143883	-0.718184	0.058766	-0.0577139	-0.222209	0	1	0	0	0	0	1	0	0	0	0	0	0	0	0	0	-0.117343	0.922535	0	0.998247	0	0	0.0591933	-0.463214	-0.0761029	0	0	0	0.380615	-0.0373334	0.704869	0.0835	0.975633	0	0	0.21941	-0.365195	-0.0385737	0	0	0	0.480997	0.00790945	0.323213	0.0835	0.990573	0	0	-0.136986	-0.164228	-0.022249	0	0	0	0.57625	-0.0132432	0.0628446	0.09142	0.986283	0	0	-0.165062	-0.0158045	-0.037671	0	0	0	0.52297	-0.0372196	0.704983	-0.0835	0.975542	0	0	0.219811	-0.357634	-0.0344336	0	0	0	0.524498	0.00814268	0.323414	-0.0835	0.990566	0	0	-0.137038	-0.148439	-0.0110314	0	0	0	0.583264	-0.0130732	0.0629542	-0.09142	0.986199	0	0	-0.165562	-0.00336589	-0.0339196	0	0	0	0.361055	-0.225582	1.31354	0	0.998124	0	0	0.061225	-0.658701	-0.127961	0	0	0	0.529072	0.157876	0.0766595	0.368032	0.110306	0.176496	0.126996	0.287511	0.0988811	0.222796	0.0853891	0.176074	0.040859	0.282747	0.0397914	0.234255	0.0585561	0.160243	0.0765651	0.381838	0.11033	0.167009	0.127027	0.326189	0.0986165	0.246455	0.0853543	0.186918	0.041081	0.290547	0.0398477	0.206893	0.058878	0.302429	0.0696431	0.310374	0.0694128	0.190684	0.190684	0.785446	0.121744	0.0123869	0.138774	0.0121744	0.0118822	0.335173	0.335173	1.00006	0.0584155	0.0254602	0.372102	0.00584155	0.00644323	0.152011	0.152011	0.809407	0.0401312	0.0126235	0.142204	0.00401312	0.00629658	0.312733	0.312733	0.92759	0.0183261	0.0206491	0.27586	0.00183261	0.00195357	0.273097	0.273097	0.917564	-0.206922	0.0196419	0.257241	-0.0206922	-0.0157054	0.176689	0.176689	0.85991	-0.0246152	0.0167387	0.206537	-0.00246152	-0.00244429	0.213446	0.213446	0.801157	0.0866359	0.0136728	0.157768	0.00866359	0.00441843	0.241075	0.241075	0.90435	0.0255226	0.0185596	0.237825	0.00255226	0.001123	0.166295	0.166295	0.857337	0.0467145	0.0176125	0.221335	0.00467145	0.0031906	0.158598	0.158598	0.784479	0.128888	0.0125457	0.141072	0.0128888	0.0125795	0.302196	0.302196	1.00028	-0.0783853	0.0247619	0.357383	-0.00783853	-0.0086459	0.121537	0.121537	0.809606	0.0716124	0.0122377	0.136625	0.00716124	0.011236	0.287297	0.287297	0.925108	-0.06286	0.0218744	0.299225	-0.006286	-0.00670087	0.2024	0.2024	0.91453	-0.186882	0.0201255	0.266115	-0.0186882	-0.0141844	0.252652	0.252652	0.85956	-0.153329	0.0172071	0.214421	-0.0153329	-0.0152255	0.0682878	0.0682878	0.80551	-0.175983	0.0130884	0.149028	-0.0175983	-0.00897511	0.263353	0.263353	0.905629	-0.0577453	0.0183519	0.234169	-0.00577453	-0.00254079	0.248969	0.248969	0.862049	0.13694	0.0166353	0.204813	0.013694	0.009353	0	0	0	0	0	0	0	0	0	0	0	0	0	0	0	0	0	0	-0.117343	0.922535	0	-0.463214	-0.0761029	0	-0.117343	0.922535	0	-0.463214	-0.0761029	0	0	0	0.118456	0	0	0.380615	-0.0373334	0.704869	0.0835	-0.365195	-0.0385737	0	-0.0373334	0.704869	0.0835	-0.365195	-0.0385737	0	0	0	0.44242	0	0	0.480997	0.00790945	0.323213	0.0835	-0.164228	-0.022249	0	0.00790945	0.323213	0.0835	-0.164228	-0.022249	0	0	0	-0.274836	0	0	0.57625	-0.0132432	0.0628446	0.09142	-0.0158045	-0.037671	0	-0.0132432	0.0628446	0.09142	-0.0158045	-0.037671	0	0	0	-0.331641	0	0	0.52297	-0.0372196	0.704983	-0.0835	-0.357634	-0.0344336	0	-0.0372196	0.704983	-0.0835	-0.357634	-0.0344336	0	0	0	0.443242	0	0	0.524498	0.00814268	0.323414	-0.0835	-0.148439	-0.0110314	0	0.00814268	0.323414	-0.0835	-0.148439	-0.0110314	0	0	0	-0.274941	0	0	0.583264	-0.0130732	0.0629542	-0.09142	-0.00336589	-0.0339196	0	-0.0130732	0.0629542	-0.09142	-0.00336589	-0.0339196	0	0	0	-0.332655	0	0	0.361055	-0.225582	1.31354	0	-0.658701	-0.127961	0	-0.225582	1.31354	0	-0.658701	-0.127961	0	0	0	0.122527	0	0	0.529072	2.33338	-0.110115	0.858502	0.0835	-0.000583716	0.00160372	0	-0.000859916	-0.000451803	0	0.13509	-0.286289	0	0	0	0.323964	0	0	0.100382	1706.06	587.636	-1601.66	-0	0	0	0	0	3.31876	0.0585777	0.502906	0.0835	-0.000845723	0.00227669	0	-0.000819683	-0.00101753	0	-0.0795321	-0.126496	0	0	0	-0.717256	0	0	0.0952523	2426.52	848.392	-2273.38	-0	0	0	0	0	2.47317	-0.0577908	0.0908237	0.0835	0.000328641	0.00177985	0	-0.00114865	-0.000669912	0	-0.169482	-0.203664	0	0	0	-0.0568023	0	0	-0.0532795	1808.26	-326.42	-1778.56	-0	0	0	0	0	2.41138	-0.110128	0.858555	-0.0835	-0.0005963	0.00165719	0	4.95613e-05	0.000456013	0	0.116016	-0.328466	0	0	0	0.324786	0	0	0.143883	1763.09	596.074	-1659.27	-0	0	0	0	0	3.35318	0.0588299	0.503102	-0.0835	-0.000875201	0.00227985	0	-0.00269207	0.00212941	0	-0.600879	1.21692	0	0	0	-0.718183	0	0	0.058766	2451.69	883.967	-2286.78	-0	0	0	0	0	2.39873	-0.0575924	0.0909784	-0.0835	0.000318509	0.00172609	0	-0.00162358	-0.00043539	0	-0.245706	-0.343162	0	0	0	-0.0577102	0	0	-0.222209	1753.84	-315.369	-1725.25	-0	0	0	0	0	0.434588	-0.156696	0.99961	0	6.82026e-05	-0.000307851	0	6.06179e-05	-0.000407934	0	-0.0402164	-0.0539384	0	0	0	0.00402647	0	0	0.148456	317.751	-68.5615	310.266	-0	4.76269	0	0	-4.76269	0.277007	0.27768	0.158933	0.159247	0.265351	0.2693	0.132446	0.134889	0.211126	0.210358	0.349707	0.348919	0.159406	0.149403	0.256789	0.253489	0.207168	0.206859	0	0	-0	0	0	-0	0	0	-0	0	0	-0	0	0	-0	0	0	-0	0	0	-0	0	0	-0	0	0	-0	0	0	-0	0	0	-0	0	0	-0	0	0	-0	0	0	-0	0	0	-0	0	0	-0	0	0	-0	0	0	-0	549.277	18.5968	18.152	21.3706	36.9797	19.4301	44.4854	9.72194	20.7524	10.0647	16.7253	20.8497	18.5001	43.9237	17.4668	72.769	10.1455	25.2204	11.5807	0	0	0	0	0	0	0.925108	0.92759	0.809606	0.809407	0.91453	0.917564	0.784479	0.785446	0.85956	0.85991	1.00028	1.00006	0.80551	0.801157	0.905629	0.90435	0.862049	0.857337	-0.286692	-0.921253	-0.281959	-0.131112	0.959384	1.99931e-10	-0.481857	-0.0827725	0	-35.9135	-6.16915	0	0.00711693	-0.0121818	6.61056	-0.0858454	0.479954	0	-62.7661	350.92	0	32.0811	5.73808	21.6045	0.0623686	-0.00449026	-0.09142	-0.0789684	0.476526	0	-57.738	348.413	0	-31.852	-5.27841	21.4254	0.0622411	-0.00450683	0.09142
0.45	0.122522	0.438385	-0.122112	-0.488422	0.921734	-0.0838032	0.325093	0.110594	-0.71666	0.0385643	-0.0575934	-0.116723	0.326239	0.125041	-0.717802	0.0395941	-0.0597392	-0.186748	0	1	0	0	0	0	1	0	0	0	0	0	0	0	0	0	-0.122112	0.921734	0	0.998124	0	0	0.0612229	-0.488422	-0.0838032	0	0	0	0.438385	-0.0410477	0.704479	0.0835	0.975059	0	0	0.221944	-0.377198	-0.0389744	0	0	0	0.548979	0.00628496	0.32303	0.0835	0.990966	0	0	-0.134117	-0.161257	-0.0137039	0	0	0	0.587543	-0.0133834	0.0624978	0.09142	0.986693	0	0	-0.162594	-0.0117139	-0.0318111	0	0	0	0.470821	-0.040875	0.704616	-0.0835	0.974932	0	0	0.222503	-0.373814	-0.0385425	0	0	0	0.563426	0.00663763	0.323322	-0.0835	0.990966	0	0	-0.134115	-0.154877	-0.0091515	0	0	0	0.60302	-0.0131081	0.0626434	-0.09142	0.986518	0	0	-0.16365	-0.00404564	-0.0298444	0	0	0	0.416273	-0.232274	1.31223	0	0.997964	0	0	0.0637825	-0.678543	-0.13567	0	0	0	0.498614	0.172194	0.076656	0.374842	0.110355	0.176962	0.127054	0.304	0.098832	0.22493	0.0853717	0.19771	0.040821	0.275188	0.0398099	0.225305	0.0586175	0.177902	0.0766234	0.368056	0.110299	0.17642	0.127088	0.320618	0.0985692	0.262186	0.0852101	0.183032	0.0410238	0.288223	0.0398223	0.221301	0.0588978	0.290135	0.0695181	0.289542	0.0693209	0.19276	0.19276	0.78541	0.00470182	0.0126951	0.143249	0.000470182	0.000458898	0.379551	0.379551	1.0005	-0.000749316	0.0251767	0.366094	-7.49316e-05	-8.26496e-05	0.189161	0.189161	0.809774	0.0164242	0.0125405	0.140998	0.00164242	0.00257695	0.371508	0.371508	0.927129	-0.083461	0.0206757	0.276358	-0.0083461	-0.00889694	0.328608	0.328608	0.915917	-0.105876	0.0197839	0.259834	-0.0105876	-0.00803595	0.240939	0.240939	0.859735	-0.0532156	0.016685	0.205641	-0.00532156	-0.00528431	0.190705	0.190705	0.800412	-0.14138	0.0137473	0.158895	-0.014138	-0.00721036	0.23549	0.23549	0.904769	0.0504748	0.0183812	0.234684	0.00504748	0.00222089	0.158051	0.158051	0.858236	0.114283	0.0175425	0.220135	0.0114283	0.00780552	0.0958005	0.0958005	0.785076	-0.0937918	0.0125694	0.141417	-0.00937918	-0.00915408	0.306176	0.306176	0.999992	-0.00784924	0.0247947	0.358068	-0.000784924	-0.000865771	0.123388	0.123388	0.809995	-0.0255783	0.0123221	0.137839	-0.00255783	-0.00401323	0.238396	0.238396	0.924664	-0.0374871	0.0218123	0.298022	-0.00374871	-0.00399612	0.237133	0.237133	0.913319	-0.0654285	0.0200278	0.264312	-0.00654285	-0.00496602	0.201508	0.201508	0.858108	-0.166467	0.0178889	0.226102	-0.0166467	-0.0165301	0.152759	0.152759	0.804389	-0.150035	0.012984	0.147485	-0.0150035	-0.00765177	0.262669	0.262669	0.905052	-0.0678291	0.0181702	0.230987	-0.00678291	-0.00298448	0.192038	0.192038	0.862339	0.0464476	0.0169463	0.210018	0.00464476	0.00317237	0	0	0	0	0	0	0	0	0	0	0	0	0	0	0	0	0	0	-0.122112	0.921734	0	-0.488422	-0.0838032	0	-0.122112	0.921734	0	-0.488422	-0.0838032	0	0	0	0.122522	0	0	0.438385	-0.0410477	0.704479	0.0835	-0.377198	-0.0389744	0	-0.0410477	0.704479	0.0835	-0.377198	-0.0389744	0	0	0	0.447616	0	0	0.548979	0.00628496	0.32303	0.0835	-0.161257	-0.0137039	0	0.00628496	0.32303	0.0835	-0.161257	-0.0137039	0	0	0	-0.269044	0	0	0.587543	-0.0133834	0.0624978	0.09142	-0.0117139	-0.0318111	0	-0.0133834	0.0624978	0.09142	-0.0117139	-0.0318111	0	0	0	-0.326638	0	0	0.470821	-0.040875	0.704616	-0.0835	-0.373814	-0.0385425	0	-0.040875	0.704616	-0.0835	-0.373814	-0.0385425	0	0	0	0.448761	0	0	0.563426	0.00663763	0.323322	-0.0835	-0.154877	-0.0091515	0	0.00663763	0.323322	-0.0835	-0.154877	-0.0091515	0	0	0	-0.26904	0	0	0.60302	-0.0131081	0.0626434	-0.09142	-0.00404564	-0.0298444	0	-0.0131081	0.0626434	-0.09142	-0.00404564	-0.0298444	0	0	0	-0.32878	0	0	0.416273	-0.232274	1.31223	0	-0.678543	-0.13567	0	-0.232274	1.31223	0	-0.678543	-0.13567	0	0	0	0.127652	0	0	0.498614	2.34369	-0.114627	0.857731	0.0835	-0.000592917	0.00160085	0	-0.00166813	0.000893995	0	-0.0810913	0.163891	0	0	0	0.325092	0	0	0.110594	1713.59	600.523	-1604.92	-0	0	0	0	0	3.32434	0.0559117	0.503014	0.0835	-0.000857286	0.00226998	0	-0.00165397	0.000729076	0	-0.00529791	0.326876	0	0	0	-0.71666	0	0	0.0385643	2430.6	862.672	-2272.36	-0	0	0	0	0	2.4564	-0.0580704	0.0902537	0.0835	0.000316285	0.00177062	0	-0.00133147	-0.00114948	0	0.0801673	-0.305998	0	0	0	-0.0575902	0	0	-0.116723	1796	-313.71	-1768.39	-0	0	0	0	0	2.40607	-0.114629	0.857784	-0.0835	-0.000595659	0.00165381	0	-0.000450939	0.000164062	0	-0.312865	0.482994	0	0	0	0.326239	0	0	0.125041	1759.21	597.715	-1654.55	-0	0	0	0	0	3.42358	0.0562637	0.503306	-0.0835	-0.000911299	0.00231257	0	-0.00432286	0.00407257	0	-0.259489	0.346569	0	0	0	-0.717802	0	0	0.0395941	2503.16	925.376	-2325.83	-0	0	0	0	0	2.38595	-0.0577355	0.0904949	-0.0835	0.000297554	0.00172019	0	-0.00219974	-0.0002723	0	-0.09283	0.271029	0	0	0	-0.0597364	0	0	-0.186748	1744.5	-293.3	-1719.66	-0	0	0	0	0	0.426189	-0.16178	0.998649	0	6.80089e-05	-0.000308141	0	8.54731e-05	0.000702225	0	0.0500576	-0.0300266	0	0	0	0.00507437	0	0	0.0602285	311.609	-68.5149	303.984	-0	3.95874	0	0	-3.95874	0.275108	0.27759	0.159606	0.159407	0.26453	0.267564	0.134479	0.135446	0.210127	0.21013	0.350027	0.349802	0.157857	0.150575	0.257097	0.25517	0.207673	0.206725	0	0	-0	0	0	-0	0	0	-0	0	0	-0	0	0	-0	0	0	-0	0	0	-0	0	0	-0	0	0	-0	0	0	-0	0	0	-0	0	0	-0	0	0	-0	0	0	-0	0	0	-0	0	0	-0	0	0	-0	0	0	-0	569.796	19.6799	19.7911	24.1984	49.9338	17.6717	55.8445	12.9787	20.1033	9.55893	18.7498	17.622	20.8889	37.7332	13.9477	71.2303	11.4231	25.5316	10.3663	0	0	0	0	0	0	0.924664	0.927129	0.809995	0.809774	0.913319	0.915917	0.785076	0.78541	0.858108	0.859735	0.999992	1.0005	0.804389	0.800412	0.905052	0.904769	0.862339	0.858236	-0.295926	-0.925822	-0.594482	-0.136017	0.958532	1.99931e-10	-0.498587	-0.087408	0	-37.1604	-6.51464	0	0.00196951	-0.00547953	6.77241	-0.0966181	0.475467	0	-70.6426	347.639	0	31.7812	6.45815	21.4081	0.0624957	-0.00449932	-0.09142	-0.0799352	0.472596	0	-58.4449	345.54	0	-31.5892	-5.34303	21.2679	0.0623095	-0.00449109	0.09142
0.46	0.127298	0.503963	-0.127108	-0.509442	0.920872	-0.0884107	0.325987	0.0783796	-0.716295	0.0331289	-0.0591148	-0.168586	0.326954	0.0295335	-0.717066	0.107655	-0.0612296	-0.110766	0	1	0	0	0	0	1	0	0	0	0	0	0	0	0	0	-0.127108	0.920872	0	0.997975	0	0	0.0636062	-0.509442	-0.0884107	0	0	0	0.503963	-0.0448817	0.704103	0.0835	0.974426	0	0	0.224707	-0.390254	-0.0360425	0	0	0	0.582342	0.00466615	0.322934	0.0835	0.991366	0	0	-0.131126	-0.163396	-0.00619535	0	0	0	0.615471	-0.0134783	0.0621997	0.09142	0.987058	0	0	-0.160367	-0.00831515	-0.0276798	0	0	0	0.446885	-0.0447245	0.704202	-0.0835	0.974318	0	0	0.225178	-0.394891	-0.0460349	0	0	0	0.533496	0.00499303	0.323173	-0.0835	0.991379	0	0	-0.131029	-0.173862	-0.0218906	0	0	0	0.641151	-0.0131763	0.0623055	-0.09142	0.986903	0	0	-0.161314	-0.00997018	-0.0387297	0	0	0	0.530385	-0.239164	1.31082	0	0.997805	0	0	0.0662139	-0.698667	-0.143824	0	0	0	0.480497	0.174788	0.0766137	0.414736	0.110305	0.200598	0.126994	0.32263	0.0986692	0.228577	0.0853003	0.191721	0.0407614	0.26378	0.0398381	0.222237	0.0587171	0.165001	0.0766295	0.380575	0.110283	0.167932	0.127133	0.298803	0.0985766	0.26422	0.0850946	0.18187	0.0409564	0.283221	0.0397964	0.217305	0.0589505	0.303222	0.0693851	0.298333	0.0692636	0.0708749	0.0708749	0.784976	0.0119296	0.0128716	0.145832	0.00119296	0.00116433	0.384907	0.384907	1.00004	-0.140839	0.0255822	0.374698	-0.0140839	-0.0155345	0.233886	0.233886	0.809395	-0.0915507	0.0132758	0.151811	-0.00915507	-0.0143643	0.279815	0.279815	0.925602	-0.110015	0.0213351	0.288843	-0.0110015	-0.0117276	0.269524	0.269524	0.914165	-0.18098	0.0198392	0.260849	-0.018098	-0.0137364	0.22219	0.22219	0.859017	-0.0445535	0.0169269	0.209691	-0.00445535	-0.00442416	0.15646	0.15646	0.799243	-0.0693459	0.0137584	0.159063	-0.00693459	-0.00353664	0.290997	0.290997	0.905411	0.0867303	0.0180702	0.229246	0.00867303	0.00381613	0.253222	0.253222	0.859694	0.130402	0.0174777	0.219028	0.0130402	0.00890644	0.131634	0.131634	0.785139	0.0817835	0.0126369	0.142399	0.00817835	0.00798207	0.338875	0.338875	0.999845	-0.0644802	0.0248354	0.358919	-0.00644802	-0.00711217	0.169109	0.169109	0.810278	0.0411642	0.012163	0.135553	0.00411642	0.00645867	0.258811	0.258811	0.924733	0.0582378	0.0215338	0.292652	0.00582378	0.00620815	0.301124	0.301124	0.912564	-0.142996	0.0198763	0.261526	-0.0142996	-0.0108534	0.081983	0.081983	0.856945	-0.124679	0.0182476	0.232342	-0.0124679	-0.0123806	0.188244	0.188244	0.803066	-0.133333	0.0129785	0.147404	-0.0133333	-0.00679999	0.254354	0.254354	0.904464	-0.0485691	0.0180623	0.229107	-0.00485691	-0.00213704	0.238823	0.238823	0.863111	0.0930191	0.0170121	0.211125	0.00930191	0.0063532	0	0	0	0	0	0	0	0	0	0	0	0	0	0	0	0	0	0	-0.127108	0.920872	0	-0.509442	-0.0884107	0	-0.127108	0.920872	0	-0.509442	-0.0884107	0	0	0	0.127298	0	0	0.503963	-0.0448817	0.704103	0.0835	-0.390254	-0.0360425	0	-0.0448817	0.704103	0.0835	-0.390254	-0.0360425	0	0	0	0.453285	0	0	0.582342	0.00466615	0.322934	0.0835	-0.163396	-0.00619535	0	0.00466615	0.322934	0.0835	-0.163396	-0.00619535	0	0	0	-0.26301	0	0	0.615471	-0.0134783	0.0621997	0.09142	-0.00831515	-0.0276798	0	-0.0134783	0.0621997	0.09142	-0.00831515	-0.0276798	0	0	0	-0.322125	0	0	0.446885	-0.0447245	0.704202	-0.0835	-0.394891	-0.0460349	0	-0.0447245	0.704202	-0.0835	-0.394891	-0.0460349	0	0	0	0.454252	0	0	0.533496	0.00499303	0.323173	-0.0835	-0.173862	-0.0218906	0	0.00499303	0.323173	-0.0835	-0.173862	-0.0218906	0	0	0	-0.262814	0	0	0.641151	-0.0131763	0.0623055	-0.09142	-0.00997018	-0.0387297	0	-0.0131763	0.0623055	-0.09142	-0.00997018	-0.0387297	0	0	0	-0.324044	0	0	0.530385	-0.239164	1.31082	0	-0.698667	-0.143824	0	-0.239164	1.31082	0	-0.698667	-0.143824	0	0	0	0.132525	0	0	0.480497	2.41366	-0.119328	0.856935	0.0835	-0.000612035	0.00162853	0	-0.00285503	0.00478575	0	-0.169945	0.00922	0	0	0	0.325985	0	0	0.0783796	1764.75	625.052	-1650.35	-0	0	0	0	0	3.36666	0.053206	0.503214	0.0835	-0.000882428	0.0022881	0	-0.00241798	0.00208754	0	0.117715	-0.136564	0	0	0	-0.716295	0	0	0.0331289	2461.55	890.302	-2294.9	-0	0	0	0	0	2.42423	-0.0582901	0.0897536	0.0835	0.000298955	0.00175267	0	-0.00182681	-0.00257842	0	-0.115657	0.129671	0	0	0	-0.0591104	0	0	-0.168586	1772.48	-295.422	-1747.69	-0	0	0	0	0	2.40064	-0.119319	0.856963	-0.0835	-0.000602663	0.00165607	0	1.14143e-05	-0.00164907	0	0.153509	-0.378467	0	0	0	0.326954	0	0	0.0295335	1755.24	602.61	-1648.55	-0	0	0	0	0	3.46762	0.0534975	0.503463	-0.0835	-0.0009446	0.00234139	0	-0.00290638	0.00233794	0	0.00729012	0.226695	0	0	0	-0.717066	0	0	0.107655	2535.36	954.064	-2349	-0	0	0	0	0	2.37954	-0.0579351	0.0899453	-0.0835	0.000280984	0.00171751	0	-0.0014037	-5.18747e-05	0	0.0780518	0.152294	0	0	0	-0.0612267	0	0	-0.110766	1739.81	-278.269	-1717.41	-0	0	0	0	0	0.43856	-0.167143	0.997594	0	6.87838e-05	-0.000309527	0	0.000101984	-0.0005963	0	0.0361819	-0.0288191	0	0	0	0.00516748	0	0	-0.0234656	320.655	-69.3875	313.057	-0	2.05978	0	0	-2.05978	0.274664	0.277129	0.159995	0.159774	0.263319	0.265917	0.135076	0.13541	0.20956	0.20991	0.350276	0.350058	0.15551	0.151157	0.257199	0.255332	0.209148	0.206929	0	0	-0	0	0	-0	0	0	-0	0	0	-0	0	0	-0	0	0	-0	0	0	-0	0	0	-0	0	0	-0	0	0	-0	0	0	-0	0	0	-0	0	0	-0	0	0	-0	0	0	-0	0	0	-0	0	0	-0	0	0	-0	564.54	13.028	27.3699	35.7201	46.9813	18.6432	53.0481	10.1481	22.1033	12.2039	15.4784	21.3323	21.9216	33.9343	18.2308	54.3671	12.0146	23.8581	11.6144	0	0	0	0	0	0	0.924733	0.925602	0.810278	0.809395	0.912564	0.914165	0.785139	0.784976	0.856945	0.859017	0.999845	1.00004	0.803066	0.799243	0.904464	0.905411	0.863111	0.859694	-0.305233	-0.936809	-1.57955	-0.141096	0.957631	1.99931e-10	-0.516505	-0.0927908	0	-38.4959	-6.91583	0	-0.0138824	0.0070306	6.87451	-0.102409	0.473948	0	-74.8766	346.528	0	31.6796	6.84522	21.3648	0.0626239	-0.00448906	-0.09142	-0.0855353	0.467442	0	-62.5394	341.771	0	-31.2447	-5.71735	21.0474	0.0624009	-0.00446916	0.09142
0.47	0.132549	0.539395	-0.132307	-0.529337	0.919962	-0.0936218	0.326699	0.0666785	-0.716069	0.0174971	-0.0605617	-0.118868	0.326871	-0.0310608	-0.715664	0.157581	-0.0618222	-0.00845402	0	1	0	0	0	0	1	0	0	0	0	0	0	0	0	0	-0.132307	0.919962	0	0.997805	0	0	0.0662261	-0.529337	-0.0936218	0	0	0	0.539395	-0.0488537	0.703722	0.0835	0.973752	0	0	0.227611	-0.403516	-0.0415803	0	0	0	0.606073	0.00300274	0.322859	0.0835	0.991767	0	0	-0.128058	-0.169601	-0.0108313	0	0	0	0.62357	-0.0135738	0.0619337	0.09142	0.987435	0	0	-0.158026	-0.0108756	-0.0279387	0	0	0	0.504702	-0.0487938	0.703704	-0.0835	0.973732	0	0	0.227695	-0.41761	-0.0520892	0	0	0	0.508334	0.00315013	0.322872	-0.0835	0.991804	0	0	-0.127771	-0.193001	-0.0362939	0	0	0	0.665915	-0.0133181	0.0618644	-0.09142	0.987381	0	0	-0.158363	-0.0185016	-0.0474317	0	0	0	0.657461	-0.246259	1.30935	0	0.997645	0	0	0.0685941	-0.719321	-0.150205	0	0	0	0.475061	0.162446	0.0766916	0.401344	0.110227	0.213806	0.126881	0.306542	0.0985981	0.227108	0.0852676	0.185416	0.0407408	0.265258	0.0398487	0.234608	0.0587515	0.171712	0.0766944	0.369685	0.110274	0.172643	0.127146	0.305725	0.0986239	0.228739	0.0850922	0.181391	0.0408876	0.277788	0.0397821	0.224985	0.0589721	0.290198	0.069274	0.287568	0.0691729	0.12682	0.12682	0.785774	0.107	0.0126065	0.141956	0.0107	0.0104432	0.33051	0.33051	0.999342	-0.00477814	0.0263431	0.391074	-0.000477814	-0.000527029	0.107361	0.107361	0.808674	-0.00299129	0.0143671	0.168383	-0.000299129	-0.000469333	0.279256	0.279256	0.924935	-0.0102115	0.0213486	0.289105	-0.00102115	-0.00108855	0.251858	0.251858	0.9127	-0.0902616	0.0198732	0.261472	-0.00902616	-0.00685086	0.219921	0.219921	0.858686	-0.0182942	0.0170002	0.210924	-0.00182942	-0.00181662	0.0943466	0.0943466	0.798838	-0.0117287	0.0136792	0.157864	-0.00117287	-0.000598162	0.305082	0.305082	0.905652	0.0424852	0.0178491	0.225411	0.00424852	0.00186935	0.216095	0.216095	0.860197	0.0463695	0.0176657	0.222248	0.00463695	0.00316704	0.110278	0.110278	0.785803	-0.00722496	0.0126191	0.14214	-0.000722496	-0.000705156	0.395484	0.395484	0.999767	0.0476247	0.0254332	0.371527	0.00476247	0.005253	0.207171	0.207171	0.810364	-0.0204876	0.0121443	0.135287	-0.00204876	-0.00321451	0.254536	0.254536	0.925178	-0.00444327	0.0213556	0.289237	-0.000444327	-0.000473653	0.249031	0.249031	0.911369	-0.0480395	0.0200407	0.264549	-0.00480395	-0.0036462	0.175827	0.175827	0.85692	0.0916165	0.0177803	0.224223	0.00916165	0.00909752	0.1344	0.1344	0.801718	-0.0861074	0.01315	0.149941	-0.00861074	-0.00439148	0.273393	0.273393	0.904139	-0.016109	0.0180205	0.228382	-0.0016109	-0.000708794	0.15242	0.15242	0.863428	0.025297	0.0170298	0.211423	0.0025297	0.00172779	0	0	0	0	0	0	0	0	0	0	0	0	0	0	0	0	0	0	-0.132307	0.919962	0	-0.529337	-0.0936218	0	-0.132307	0.919962	0	-0.529337	-0.0936218	0	0	0	0.132549	0	0	0.539395	-0.0488537	0.703722	0.0835	-0.403516	-0.0415803	0	-0.0488537	0.703722	0.0835	-0.403516	-0.0415803	0	0	0	0.459248	0	0	0.606073	0.00300274	0.322859	0.0835	-0.169601	-0.0108313	0	0.00300274	0.322859	0.0835	-0.169601	-0.0108313	0	0	0	-0.256821	0	0	0.62357	-0.0135738	0.0619337	0.09142	-0.0108756	-0.0279387	0	-0.0135738	0.0619337	0.09142	-0.0108756	-0.0279387	0	0	0	-0.317382	0	0	0.504702	-0.0487938	0.703704	-0.0835	-0.41761	-0.0520892	0	-0.0487938	0.703704	-0.0835	-0.41761	-0.0520892	0	0	0	0.459421	0	0	0.508334	0.00315013	0.322872	-0.0835	-0.193001	-0.0362939	0	0.00315013	0.322872	-0.0835	-0.193001	-0.0362939	0	0	0	-0.256243	0	0	0.665915	-0.0133181	0.0618644	-0.09142	-0.0185016	-0.0474317	0	-0.0133181	0.0618644	-0.09142	-0.0185016	-0.0474317	0	0	0	-0.318065	0	0	0.657461	-0.246259	1.30935	0	-0.719321	-0.150205	0	-0.246259	1.30935	0	-0.719321	-0.150205	0	0	0	0.137296	0	0	0.475061	2.45382	-0.12421	0.856108	0.0835	-0.000639573	0.0016654	0	-0.00187683	0.0016578	0	0.341527	-0.619253	0	0	0	0.326699	0	0	0.0666785	1794.12	648.13	-1672.96	-0	0	0	0	0	3.37473	0.0504258	0.503435	0.0835	-0.000900451	0.00229669	0	-0.00146788	-0.000395704	0	0.149181	-0.193659	0	0	0	-0.716069	0	0	0.0174971	2467.45	905.231	-2295.4	-0	0	0	0	0	2.40166	-0.0585158	0.0892748	0.0835	0.000281353	0.00173628	0	-0.00181254	-0.00125318	0	0.297041	-0.26782	0	0	0	-0.060561	0	0	-0.118868	1755.98	-277.848	-1733.86	-0	0	0	0	0	2.37802	-0.124177	0.856077	-0.0835	-0.000606	0.00163469	0	-0.00107014	-0.00149917	0	-0.249067	0.354328	0	0	0	0.326871	0	0	-0.0310608	1738.7	610.88	-1627.85	-0	0	0	0	0	3.435	0.0504689	0.503476	-0.0835	-0.000952221	0.00233766	0	0.00137082	-0.00363702	0	-0.193932	-0.251194	0	0	0	-0.715664	0	0	0.157581	2511.51	947.758	-2325.82	-0	0	0	0	0	2.38302	-0.0582414	0.0892362	-0.0835	0.00027236	0.00172025	0	-0.000223774	0.00038971	0	-0.634998	-0.153985	0	0	0	-0.0618197	0	0	-0.00845402	1742.35	-271.927	-1721	-0	0	0	0	0	0.437522	-0.172744	0.99647	0	7.06017e-05	-0.000313014	0	9.02414e-05	0.000190482	0	-0.0246077	0.13982	0	0	0	0.00468343	0	0	-0.0643338	319.896	-71.136	311.886	-0	0.99525	0	0	-0.99525	0.274733	0.275602	0.160278	0.159395	0.262564	0.264165	0.135139	0.134976	0.208108	0.209735	0.349992	0.350497	0.154389	0.150412	0.256117	0.254418	0.211136	0.207173	0	0	0	0	0	0	0	0	0	0	0	0	0	0	0	0	0	0	0	0	0	0	0	0	0	0	0	0	0	0	0	0	0	0	0	0	0	0	0	0	0	0	0	0	0	0	0	0	0	0	0	0	0	0	505.613	15.0495	19.4361	21.7623	36.9159	15.0611	49.4579	7.0697	22.8855	11.4852	15.1077	20.0936	26.4525	34.6138	13.6519	42.2525	9.53387	22.7977	9.44344	0	0	0	0	0	0	0.925178	0.924935	0.810364	0.808674	0.911369	0.9127	0.785803	0.785774	0.85692	0.858686	0.999767	0.999342	0.801718	0.798838	0.904139	0.905652	0.863428	0.860197	-0.314691	-0.954617	-1.95011	-0.146358	0.956671	1.99931e-10	-0.535074	-0.0990895	0	-39.8798	-7.38528	0	-0.0182721	0.0190618	6.95366	-0.100701	0.472148	0	-73.6279	345.212	0	31.5593	6.73106	21.3243	0.0627276	-0.00448263	-0.09142	-0.0879812	0.457111	0	-64.3277	334.218	0	-30.5542	-5.88084	20.6041	0.0624998	-0.00442195	0.09142
0.48	0.138039	0.558622	-0.137708	-0.55002	0.918987	-0.101397	0.327344	0.0602773	-0.715864	0.0292213	-0.0615938	-0.101856	0.326535	-0.0299268	-0.714027	0.159012	-0.0618296	-0.00193071	0	1	0	0	0	0	1	0	0	0	0	0	0	0	0	0	-0.137708	0.918987	0	0.997619	0	0	0.0689646	-0.55002	-0.101397	0	0	0	0.558622	-0.0529681	0.703251	0.0835	0.973049	0	0	0.230597	-0.419701	-0.0508851	0	0	0	0.618899	0.0012607	0.322696	0.0835	0.992168	0	0	-0.124914	-0.178674	-0.0202054	0	0	0	0.64812	-0.0136932	0.0616148	0.09142	0.987851	0	0	-0.155405	-0.0124173	-0.0354476	0	0	0	0.546264	-0.053075	0.703172	-0.0835	0.973143	0	0	0.230203	-0.436017	-0.0548064	0	0	0	0.528695	0.00115864	0.322499	-0.0835	0.992232	0	0	-0.124404	-0.202514	-0.0378089	0	0	0	0.687707	-0.013527	0.0613838	-0.09142	0.987912	0	0	-0.155014	-0.0220837	-0.0486008	0	0	0	0.685777	-0.253562	1.30781	0	0.997479	0	0	0.0709574	-0.740238	-0.158783	0	0	0	0.472358	0.180224	0.0767424	0.38173	0.11026	0.204496	0.126944	0.298855	0.0985993	0.219672	0.08527	0.176688	0.0407645	0.273871	0.0398321	0.232657	0.058794	0.160781	0.0767596	0.376638	0.110322	0.19429	0.127022	0.309878	0.0986288	0.215677	0.0851703	0.173778	0.0408779	0.271464	0.0397804	0.210954	0.0590234	0.283212	0.0692275	0.286708	0.0691496	0.15374	0.15374	0.786295	-0.11169	0.0126356	0.14238	-0.011169	-0.010901	0.403401	0.403401	0.999635	0.061681	0.026143	0.386737	0.0061681	0.00680342	0.179051	0.179051	0.809076	0.0301923	0.0140776	0.163927	0.00301923	0.00473718	0.191505	0.191505	0.924947	0.0182914	0.0212055	0.286371	0.00182914	0.00194986	0.285013	0.285013	0.912088	-0.0340381	0.0199316	0.262542	-0.00340381	-0.00258349	0.202421	0.202421	0.858711	0.0399466	0.0169568	0.210194	0.00399466	0.0039667	0.158695	0.158695	0.799304	0.0607396	0.0135532	0.155966	0.00607396	0.00309772	0.242821	0.242821	0.905275	-0.024898	0.0177921	0.224427	-0.0024898	-0.00109551	0.17412	0.17412	0.86082	0.0689752	0.0177123	0.22305	0.00689752	0.00471101	0.0969404	0.0969404	0.786471	0.131233	0.0126218	0.142178	0.0131233	0.0128084	0.3593	0.3593	1.0002	0.0690651	0.0259745	0.383104	0.00690651	0.00761789	0.217175	0.217175	0.809576	-0.0572709	0.0131179	0.149466	-0.00572709	-0.0089858	0.285602	0.285602	0.925223	-0.0308875	0.0213517	0.289162	-0.00308875	-0.0032926	0.296918	0.296918	0.911062	-0.0397053	0.0200562	0.264835	-0.00397053	-0.00301364	0.206908	0.206908	0.857707	0.0795392	0.0169602	0.210252	0.00795392	0.00789824	0.156614	0.156614	0.801528	0.0405549	0.0133163	0.152415	0.00405549	0.0020683	0.265185	0.265185	0.904101	0.025863	0.0180152	0.228289	0.0025863	0.00113797	0.195391	0.195391	0.864179	0.123943	0.0168305	0.208073	0.0123943	0.00846529	0	0	0	0	0	0	0	0	0	0	0	0	0	0	0	0	0	0	-0.137708	0.918987	0	-0.55002	-0.101397	0	-0.137708	0.918987	0	-0.55002	-0.101397	0	0	0	0.138039	0	0	0.558622	-0.0529681	0.703251	0.0835	-0.419701	-0.0508851	0	-0.0529681	0.703251	0.0835	-0.419701	-0.0508851	0	0	0	0.465382	0	0	0.618899	0.0012607	0.322696	0.0835	-0.178674	-0.0202054	0	0.0012607	0.322696	0.0835	-0.178674	-0.0202054	0	0	0	-0.250482	0	0	0.64812	-0.0136932	0.0616148	0.09142	-0.0124173	-0.0354476	0	-0.0136932	0.0616148	0.09142	-0.0124173	-0.0354476	0	0	0	-0.312075	0	0	0.546264	-0.053075	0.703172	-0.0835	-0.436017	-0.0548064	0	-0.053075	0.703172	-0.0835	-0.436017	-0.0548064	0	0	0	0.464573	0	0	0.528695	0.00115864	0.322499	-0.0835	-0.202514	-0.0378089	0	0.00115864	0.322499	-0.0835	-0.202514	-0.0378089	0	0	0	-0.249453	0	0	0.687707	-0.013527	0.0613838	-0.09142	-0.0220837	-0.0486008	0	-0.013527	0.0613838	-0.09142	-0.0220837	-0.0486008	0	0	0	-0.311283	0	0	0.685777	-0.253562	1.30781	0	-0.740238	-0.158783	0	-0.253562	1.30781	0	-0.740238	-0.158783	0	0	0	0.142034	0	0	0.472358	2.42096	-0.129258	0.855171	0.0835	-0.000645399	0.00165588	0	-0.000278115	-0.00178463	0	-0.190557	0.252877	0	0	0	0.327343	0	0	0.0602773	1770.09	646.667	-1647.74	-0	0	0	0	0	3.35801	0.0475381	0.50357	0.0835	-0.000914641	0.00228375	0	-0.00119665	-0.00209622	0	0.0944039	-0.106164	0	0	0	-0.715864	0	0	0.0292213	2455.22	918.537	-2276.93	-0	0	0	0	0	2.38941	-0.0587796	0.088717	0.0835	0.000266582	0.00172848	0	-0.00131492	-0.000785243	0	0.0387685	-0.0718986	0	0	0	-0.0615956	0	0	-0.101856	1747.02	-264.039	-1726.96	-0	0	0	0	0	2.4149	-0.129242	0.855154	-0.0835	-0.000629455	0.00163884	0	-0.00292248	0.00124071	0	0.0873493	-0.0643071	0	0	0	0.326534	0	0	-0.0299268	1765.66	642.779	-1644.5	-0	0	0	0	0	3.36357	0.0472501	0.50342	-0.0835	-0.000932217	0.00229451	0	0.00226077	-0.00483938	0	0.0698752	-0.157647	0	0	0	-0.714027	0	0	0.159012	2459.28	924.855	-2278.75	-0	0	0	0	0	2.38164	-0.0586349	0.0884503	-0.0835	0.000270989	0.00172102	0	-0.000271477	-0.000419013	0	0.0401477	-0.280999	0	0	0	-0.0618274	0	0	-0.00193071	1741.35	-270.464	-1720.21	-0	0	0	0	0	0.423617	-0.178565	0.995277	0	7.17342e-05	-0.000306375	0	0.000197589	0.000903428	0	0.0195575	0.029323	0	0	0	0.00396682	0	0	-0.0862633	309.729	-72.904	301.027	-0	0.442295	0	0	-0.442295	0.275178	0.274935	0.160364	0.158674	0.261369	0.2627	0.135803	0.135774	0.206945	0.209017	0.349845	0.350042	0.153066	0.149243	0.255351	0.254527	0.212294	0.207698	0	0	0	0	0	0	0	0	0	0	0	0	0	0	0	0	0	0	0	0	0	0	0	0	0	0	0	0	0	0	0	0	0	0	0	0	0	0	0	0	0	0	0	0	0	0	0	0	0	0	0	0	0	0	511.47	22.9601	20.7884	25.7445	29.5809	14.0562	44.1261	8.13416	21.61	10.2452	13.3706	19.1961	31.521	39.4562	14.6689	44.0846	8.00086	21.2526	10.1309	0	0	0	0	0	0	0.925223	0.924947	0.809576	0.809076	0.911062	0.912088	0.786471	0.786295	0.857707	0.858711	1.0002	0.999635	0.801528	0.799304	0.904101	0.905275	0.864179	0.86082	-0.32434	-0.974039	-1.88845	-0.151806	0.955642	1.99931e-10	-0.553278	-0.106446	0	-41.2366	-7.93356	0	-0.00999829	0.0211567	7.0808	-0.0919619	0.468478	0	-67.2382	342.529	0	31.314	6.14692	21.2085	0.0627938	-0.00446463	-0.09142	-0.0911139	0.453409	0	-66.6182	331.511	0	-30.3068	-6.09024	20.4594	0.0625957	-0.00437927	0.09142
0.49	0.143817	0.597294	-0.143325	-0.571821	0.917927	-0.109892	0.327809	0.031704	-0.715477	0.0452409	-0.0624902	-0.0834957	0.326308	-0.0164331	-0.712643	0.115412	-0.0620162	-0.0268587	0	1	0	0	0	0	1	0	0	0	0	0	0	0	0	0	-0.143325	0.917927	0	0.997416	0	0	0.0718466	-0.571821	-0.109892	0	0	0	0.597294	-0.0572681	0.702709	0.0835	0.972325	0	0	0.233634	-0.43838	-0.0575422	0	0	0	0.628998	-0.000589032	0.322469	0.0835	0.992576	0	0	-0.121624	-0.190033	-0.0255806	0	0	0	0.674238	-0.0138337	0.0612421	0.09142	0.988292	0	0	-0.152572	-0.0149374	-0.0393708	0	0	0	0.590743	-0.0574953	0.702599	-0.0835	0.9725	0	0	0.232904	-0.446749	-0.0591584	0	0	0	0.58086	-0.000867462	0.322127	-0.0835	0.992657	0	0	-0.120962	-0.201941	-0.0361181	0	0	0	0.696272	-0.0137421	0.0609001	-0.09142	0.98843	0	0	-0.151679	-0.0207268	-0.0474085	0	0	0	0.669414	-0.261081	1.30616	0	0.99731	0	0	0.0732955	-0.76222	-0.169781	0	0	0	0.465068	0.173039	0.076709	0.384901	0.110295	0.203847	0.126986	0.280396	0.0986608	0.217425	0.0853003	0.172101	0.0408006	0.287312	0.0398145	0.224178	0.0588677	0.153924	0.0769166	0.371172	0.110417	0.204899	0.126926	0.311516	0.098609	0.20503	0.0852316	0.170154	0.0409116	0.265461	0.0397949	0.229873	0.0590706	0.274732	0.0692103	0.287445	0.0691105	0.120541	0.120541	0.785952	0.045986	0.0129553	0.147061	0.0045986	0.00448823	0.377887	0.377887	0.999958	0.0382624	0.0260547	0.384833	0.00382624	0.00422034	0.159801	0.159801	0.809343	0.0105873	0.0139412	0.161843	0.00105873	0.00166114	0.294245	0.294245	0.925523	0.0773417	0.0207284	0.277348	0.00773417	0.00824462	0.261099	0.261099	0.911862	0.0243453	0.0199387	0.262673	0.00243453	0.00184781	0.148007	0.148007	0.859016	0.017781	0.0166893	0.205715	0.0017781	0.00176565	0.0991629	0.0991629	0.800011	0.0897303	0.0134319	0.154142	0.00897303	0.00457624	0.247486	0.247486	0.904874	-0.122504	0.017762	0.223909	-0.0122504	-0.0053902	0.210447	0.210447	0.861899	0.130089	0.0176162	0.221398	0.0130089	0.00888511	0.145253	0.145253	0.788079	0.154472	0.0123215	0.13783	0.0154472	0.0150765	0.20194	0.20194	1.00106	0.0975048	0.0259812	0.38325	0.00975048	0.0107548	0.162602	0.162602	0.808962	-0.0205845	0.0138291	0.160136	-0.00205845	-0.00322971	0.270434	0.270434	0.925037	-0.0275254	0.0214565	0.291165	-0.00275254	-0.00293421	0.207234	0.207234	0.910547	-0.0334682	0.0201341	0.266274	-0.00334682	-0.00254024	0.265152	0.265152	0.858324	0.0896354	0.0163983	0.200881	0.00896354	0.0089008	0.0767661	0.0767661	0.802188	0.094698	0.0133716	0.153241	0.0094698	0.0048296	0.209605	0.209605	0.90443	0.056221	0.0179376	0.226944	0.0056221	0.00247372	0.271658	0.271658	0.864869	-0.0736355	0.0167043	0.205964	-0.00736355	-0.0050293	0	0	0	0	0	0	0	0	0	0	0	0	0	0	0	0	0	0	-0.143325	0.917927	0	-0.571821	-0.109892	0	-0.143325	0.917927	0	-0.571821	-0.109892	0	0	0	0.143817	0	0	0.597294	-0.0572681	0.702709	0.0835	-0.43838	-0.0575422	0	-0.0572681	0.702709	0.0835	-0.43838	-0.0575422	0	0	0	0.471626	0	0	0.628998	-0.000589032	0.322469	0.0835	-0.190033	-0.0255806	0	-0.000589032	0.322469	0.0835	-0.190033	-0.0255806	0	0	0	-0.243851	0	0	0.674238	-0.0138337	0.0612421	0.09142	-0.0149374	-0.0393708	0	-0.0138337	0.0612421	0.09142	-0.0149374	-0.0393708	0	0	0	-0.306341	0	0	0.590743	-0.0574953	0.702599	-0.0835	-0.446749	-0.0591584	0	-0.0574953	0.702599	-0.0835	-0.446749	-0.0591584	0	0	0	0.470125	0	0	0.58086	-0.000867462	0.322127	-0.0835	-0.201941	-0.0361181	0	-0.000867462	0.322127	-0.0835	-0.201941	-0.0361181	0	0	0	-0.242518	0	0	0.696272	-0.0137421	0.0609001	-0.09142	-0.0207268	-0.0474085	0	-0.0137421	0.0609001	-0.09142	-0.0207268	-0.0474085	0	0	0	-0.304534	0	0	0.669414	-0.261081	1.30616	0	-0.76222	-0.169781	0	-0.261081	1.30616	0	-0.76222	-0.169781	0	0	0	0.146723	0	0	0.465068	2.40772	-0.134505	0.85415	0.0835	-0.000654206	0.00164133	0	-0.000888586	-0.00189051	0	0.161672	-0.237641	0	0	0	0.32781	0	0	0.031704	1760.41	658.257	-1632.71	-0	0	0	0	0	3.33573	0.0444881	0.503645	0.0835	-0.000923727	0.0022639	0	-0.000443608	-0.0022311	0	-3.83557	0.769699	0	0	0	-0.715477	0	0	0.0452409	2438.93	925.171	-2256.64	-0	0	0	0	0	2.37419	-0.0590748	0.0880853	0.0835	0.000256922	0.00171852	0	4.87622e-05	-0.000909448	0	-7.15656	2.74528	0	0	0	-0.0624911	0	0	-0.0834957	1735.89	-257.016	-1716.76	-0	0	0	0	0	2.43056	-0.134505	0.854156	-0.0835	-0.000653967	0.00164714	0	-0.00203484	0.0003433	0	0.264295	-0.0899189	0	0	0	0.326308	0	0	-0.0164331	1777.11	663.245	-1648.71	-0	0	0	0	0	3.29233	0.0439681	0.503364	-0.0835	-0.000914093	0.00224596	0	0.00158525	-0.00520897	0	0.465323	-0.726847	0	0	0	-0.712643	0	0	0.115412	2407.2	908.931	-2229	-0	0	0	0	0	2.36975	-0.0590317	0.0876615	-0.0835	0.000263758	0.00171459	0	-0.00114597	-0.000925988	0	0.0180019	2.12349	0	0	0	-0.0620123	0	0	-0.0268587	1732.65	-261.542	-1712.8	-0	0	0	0	0	0.420311	-0.18462	0.993986	0	7.53552e-05	-0.000299588	0	0.000392258	0.000380993	0	-0.0516551	-0.0559471	0	0	0	0.00284714	0	0	-0.132226	307.311	-77.6775	297.332	-0	0.281024	0	0	0.281024	0.275223	0.274947	0.159576	0.159076	0.261062	0.262088	0.136471	0.136295	0.20692	0.208686	0.349767	0.349342	0.151718	0.148838	0.254734	0.255047	0.212665	0.208944	0	0	0	0	0	0	0	0	0	0	0	0	0	0	0	0	0	0	0	0	0	0	0	0	0	0	0	0	0	0	0	0	0	0	0	0	0	0	0	0	0	0	0	0	0	0	0	0	0	0	0	0	0	0	498.272	15.4122	20.0849	24.2554	34.9647	12.126	37.7457	6.50399	27.3953	10.9834	15.5619	14.6726	25.9285	38.2262	12.1698	50.1045	5.96292	18.4626	15.1689	0	0	0	0	0	0	0.925037	0.925523	0.808962	0.809343	0.910547	0.911862	0.788079	0.785952	0.858324	0.859016	1.00106	0.999958	0.802188	0.800011	0.90443	0.904874	0.864869	0.861899	-0.334179	-0.992256	-1.82669	-0.157434	0.954535	1.99931e-10	-0.571047	-0.114443	0	-42.5609	-8.52963	0	-0.00543599	0.010848	7.26761	-0.091232	0.46585	0	-66.7045	340.608	0	31.1384	6.09813	21.1101	0.062849	-0.00444841	-0.09142	-0.0908045	0.448608	0	-66.392	328.001	0	-29.9859	-6.06956	20.2723	0.0626854	-0.00434661	0.09142
0.5	0.149929	0.623454	-0.149159	-0.594	0.916777	-0.119583	0.328086	0.0276392	-0.714951	0.0510966	-0.0634132	-0.0964223	0.326273	0.000832498	-0.711646	0.0950921	-0.0623532	-0.0269805	0	1	0	0	0	0	1	0	0	0	0	0	0	0	0	0	-0.149159	0.916777	0	0.997191	0	0	0.0748942	-0.594	-0.119583	0	0	0	0.623454	-0.061744	0.702094	0.0835	0.971573	0	0	0.236739	-0.455306	-0.0653022	0	0	0	0.651093	-0.00253101	0.322176	0.0835	0.992991	0	0	-0.118191	-0.197524	-0.031881	0	0	0	0.70219	-0.0139906	0.0608157	0.09142	0.988745	0	0	-0.149611	-0.0160971	-0.044878	0	0	0	0.605767	-0.0620169	0.701973	-0.0835	0.971788	0	0	0.235858	-0.458973	-0.0661561	0	0	0	0.624286	-0.00289404	0.32179	-0.0835	0.993079	0	0	-0.11745	-0.205542	-0.033059	0	0	0	0.719378	-0.0139395	0.0604564	-0.09142	0.988935	0	0	-0.148349	-0.0193056	-0.0432622	0	0	0	0.692398	-0.268821	1.3044	0	0.997139	0	0	0.0755975	-0.7847	-0.181265	0	0	0	0.459641	0.165667	0.0768007	0.380116	0.110343	0.190406	0.127051	0.281659	0.0987004	0.210267	0.0853401	0.164959	0.0408688	0.291925	0.0397664	0.217028	0.0589616	0.175983	0.0769756	0.376974	0.110532	0.196627	0.126945	0.291814	0.0986265	0.226157	0.0851625	0.158859	0.0410013	0.26225	0.0398262	0.244479	0.0589698	0.27008	0.0692351	0.275518	0.06912	0.121794	0.121794	0.786892	0.126214	0.0129038	0.146305	0.0126214	0.0123184	0.346914	0.346914	1.00039	0.055616	0.0260072	0.383807	0.0055616	0.00613444	0.160265	0.160265	0.809756	0.0717449	0.0135497	0.155912	0.00717449	0.0112568	0.212087	0.212087	0.925895	0.0387512	0.0204994	0.273059	0.00387512	0.00413088	0.273583	0.273583	0.912188	0.0485202	0.0198833	0.261656	0.00485202	0.00368268	0.187317	0.187317	0.859417	0.0341465	0.0163872	0.200698	0.00341465	0.00339074	0.138483	0.138483	0.801348	0.137623	0.0132357	0.151214	0.0137623	0.00701876	0.288587	0.288587	0.903782	-0.13809	0.0178488	0.225407	-0.013809	-0.00607595	0.207538	0.207538	0.863274	0.16654	0.017419	0.218024	0.016654	0.0113747	0.0809437	0.0809437	0.788684	-0.145706	0.0122952	0.137451	-0.0145706	-0.0142209	0.320401	0.320401	1.00211	0.000405361	0.0252881	0.36845	4.05361e-05	4.47113e-05	0.1683	0.1683	0.809081	0.0305847	0.0136641	0.157635	0.00305847	0.00479874	0.287581	0.287581	0.925202	0.0825704	0.0213675	0.289465	0.00825704	0.008802	0.284639	0.284639	0.910671	0.0338625	0.020044	0.264611	0.00338625	0.00257016	0.234411	0.234411	0.857628	-0.050764	0.0167421	0.206597	-0.0050764	-0.00504087	0.0475287	0.0475287	0.803947	0.213055	0.0132102	0.150835	0.0213055	0.0108658	0.217378	0.217378	0.905141	0.0541344	0.017773	0.224098	0.00541344	0.00238191	0.221041	0.221041	0.863394	-0.113853	0.017206	0.214401	-0.0113853	-0.00777619	0	0	0	0	0	0	0	0	0	0	0	0	0	0	0	0	0	0	-0.149159	0.916777	0	-0.594	-0.119583	0	-0.149159	0.916777	0	-0.594	-0.119583	0	0	0	0.149929	0	0	0.623454	-0.061744	0.702094	0.0835	-0.455306	-0.0653022	0	-0.061744	0.702094	0.0835	-0.455306	-0.0653022	0	0	0	0.478015	0	0	0.651093	-0.00253101	0.322176	0.0835	-0.197524	-0.031881	0	-0.00253101	0.322176	0.0835	-0.197524	-0.031881	0	0	0	-0.236936	0	0	0.70219	-0.0139906	0.0608157	0.09142	-0.0160971	-0.044878	0	-0.0139906	0.0608157	0.09142	-0.0160971	-0.044878	0	0	0	-0.300349	0	0	0.605767	-0.0620169	0.701973	-0.0835	-0.458973	-0.0661561	0	-0.0620169	0.701973	-0.0835	-0.458973	-0.0661561	0	0	0	0.476202	0	0	0.624286	-0.00289404	0.32179	-0.0835	-0.205542	-0.033059	0	-0.00289404	0.32179	-0.0835	-0.205542	-0.033059	0	0	0	-0.235444	0	0	0.719378	-0.0139395	0.0604564	-0.09142	-0.0193056	-0.0432622	0	-0.0139395	0.0604564	-0.09142	-0.0193056	-0.0432622	0	0	0	-0.297797	0	0	0.692398	-0.268821	1.3044	0	-0.7847	-0.181265	0	-0.268821	1.3044	0	-0.7847	-0.181265	0	0	0	0.151339	0	0	0.459641	2.37714	-0.139947	0.853038	0.0835	-0.000660837	0.00161962	0	-0.000333786	-0.00279175	0	0.10211	-0.159791	0	0	0	0.328086	0	0	0.0276392	1738.05	662.359	-1606.89	-0	0	0	0	0	3.29408	0.0412922	0.50366	0.0835	-0.000927802	0.00223356	0	-0.000306576	-0.00349687	0	0.0958517	0.0644092	0	0	0	-0.714951	0	0	0.0510966	2408.47	928.8	-2222.18	-0	0	0	0	0	2.36762	-0.0593918	0.0873873	0.0835	0.000247907	0.00171423	0	-0.000739276	-0.000398353	0	0.255202	-0.0175399	0	0	0	-0.0634116	0	0	-0.0964223	1731.1	-246.477	-1713.46	-0	0	0	0	0	2.41055	-0.139946	0.853059	-0.0835	-0.000659898	0.00164048	0	-4.25577e-05	-0.00137844	0	-0.0950507	-0.170423	0	0	0	0.326273	0	0	0.000832498	1762.48	660.092	-1634.2	-0	0	0	0	0	3.29519	0.0406583	0.503339	-0.0835	-0.000924848	0.00222203	0	-0.00256312	-0.000248324	0	0.125796	0.0728219	0	0	0	-0.711646	0	0	0.0950921	2409.29	933.194	-2221.22	-0	0	0	0	0	2.35816	-0.0594083	0.086912	-0.0835	0.000241432	0.00170946	0	-0.00227708	-0.000856847	0	0.315455	-0.0682387	0	0	0	-0.0623498	0	0	-0.0269805	1724.17	-237.029	-1707.8	-0	0	0	0	0	0.41807	-0.19092	0.992585	0	7.65175e-05	-0.000297062	0	7.27177e-05	0.000208169	0	0.066875	0.026685	0	0	0	0.00138107	0	0	-0.163813	305.673	-76.948	295.83	-0	0.337529	0	0	0.337529	0.275037	0.275523	0.158962	0.159343	0.260547	0.261862	0.138079	0.135952	0.207707	0.208711	0.350204	0.349635	0.151528	0.149304	0.254261	0.255588	0.213348	0.210041	0	0	0	0	0	0	0	0	0	0	0	0	0	0	0	0	0	0	0	0	0	0	0	0	0	0	0	0	0	0	0	0	0	0	0	0	0	0	0	0	0	0	0	0	0	0	0	0	0	0	0	0	0	0	505.234	15.0006	18.9381	23.1441	29.4466	12.321	41.0881	7.25003	30.3952	10.6714	20.1394	17.9928	24.2557	35.4104	12.7781	54.8541	5.04072	18.6315	15.3332	0	0	0	0	0	0	0.925202	0.925895	0.809081	0.809756	0.910671	0.912188	0.788684	0.786892	0.857628	0.859417	1.00211	1.00039	0.803947	0.801348	0.905141	0.903782	0.863394	0.863274	-0.344202	-1.01189	-2.02065	-0.163238	0.953345	1.99931e-10	-0.589063	-0.123276	0	-43.9037	-9.18792	0	-0.000843298	0.00569693	7.46385	-0.0990802	0.455885	0	-72.4428	333.322	0	30.4723	6.62272	20.6523	0.0629181	-0.00441182	-0.09142	-0.0892155	0.448917	0	-65.2302	328.227	0	-30.0065	-5.96334	20.3192	0.0627664	-0.00433016	0.09142
0.51	0.156417	0.663058	-0.155215	-0.615803	0.915529	-0.129703	0.328286	0.0247596	-0.714508	0.0318145	-0.0645145	-0.110507	0.326082	-0.0336272	-0.71065	0.113277	-0.0622033	0.0474538	0	1	0	0	0	0	1	0	0	0	0	0	0	0	0	0	-0.155215	0.915529	0	0.996943	0	0	0.0781286	-0.615803	-0.129703	0	0	0	0.663058	-0.0663682	0.701405	0.0835	0.970776	0	0	0.239986	-0.468466	-0.0715453	0	0	0	0.687818	-0.00452351	0.321842	0.0835	0.993406	0	0	-0.11465	-0.200419	-0.0343374	0	0	0	0.719632	-0.0141457	0.0603513	0.09142	0.989192	0	0	-0.146629	-0.0153039	-0.046847	0	0	0	0.609126	-0.0666998	0.701265	-0.0835	0.97104	0	0	0.238916	-0.477309	-0.075181	0	0	0	0.629431	-0.00501367	0.321421	-0.0835	0.9935	0	0	-0.113828	-0.218347	-0.0419871	0	0	0	0.742709	-0.0141562	0.0600078	-0.09142	0.98948	0	0	-0.144668	-0.0235813	-0.047834	0	0	0	0.790162	-0.276789	1.30253	0	0.996964	0	0	0.07787	-0.807523	-0.193544	0	0	0	0.452528	0.15922	0.076949	0.358341	0.110428	0.177533	0.127148	0.289436	0.0987395	0.205178	0.0853784	0.157797	0.040946	0.287526	0.0397127	0.231044	0.0590433	0.165237	0.0769481	0.358732	0.110572	0.191049	0.126985	0.290501	0.098694	0.228984	0.0850978	0.148672	0.0411514	0.254769	0.0398607	0.255811	0.0588996	0.267182	0.0692701	0.284629	0.0691195	0.159597	0.159597	0.788412	0.165399	0.0127014	0.143339	0.0165399	0.0161429	0.357623	0.357623	1.00116	0.124646	0.0255938	0.374945	0.0124646	0.0137484	0.194039	0.194039	0.810376	0.0830669	0.0128999	0.146247	0.00830669	0.0130332	0.298295	0.298295	0.926262	-0.0287091	0.0203677	0.270606	-0.00287091	-0.00306039	0.270484	0.270484	0.91265	0.0672075	0.0198713	0.261437	0.00672075	0.00510105	0.190109	0.190109	0.859802	0.04754	0.0161762	0.197223	0.004754	0.00472073	0.151748	0.151748	0.802863	0.183549	0.0130047	0.147791	0.0183549	0.00936101	0.277415	0.277415	0.902561	-0.0941003	0.0179298	0.226808	-0.00941003	-0.00414041	0.169943	0.169943	0.864469	0.014055	0.0173027	0.216044	0.0014055	0.000959954	0.123886	0.123886	0.788402	0.0341021	0.0124846	0.140186	0.00341021	0.00332836	0.320714	0.320714	1.00246	0.0761533	0.0251811	0.366187	0.00761533	0.00839971	0.18006	0.18006	0.809337	0.0211576	0.0133214	0.152492	0.00211576	0.00331963	0.24177	0.24177	0.925835	0.0516632	0.0210616	0.283637	0.00516632	0.0055073	0.295114	0.295114	0.910666	-0.0360212	0.0199757	0.263353	-0.00360212	-0.00273401	0.236191	0.236191	0.856977	-0.0553129	0.0168608	0.208582	-0.00553129	-0.00549257	0.0619706	0.0619706	0.806889	0.299138	0.0129168	0.146496	0.0299138	0.015256	0.237958	0.237958	0.905924	0.0983882	0.0176934	0.222724	0.00983882	0.00432908	0.205438	0.205438	0.862366	-0.15359	0.0175147	0.21966	-0.015359	-0.0104902	0	0	0	0	0	0	0	0	0	0	0	0	0	0	0	0	0	0	-0.155215	0.915529	0	-0.615803	-0.129703	0	-0.155215	0.915529	0	-0.615803	-0.129703	0	0	0	0.156417	0	0	0.663058	-0.0663682	0.701405	0.0835	-0.468466	-0.0715453	0	-0.0663682	0.701405	0.0835	-0.468466	-0.0715453	0	0	0	0.484703	0	0	0.687818	-0.00452351	0.321842	0.0835	-0.200419	-0.0343374	0	-0.00452351	0.321842	0.0835	-0.200419	-0.0343374	0	0	0	-0.229805	0	0	0.719632	-0.0141457	0.0603513	0.09142	-0.0153039	-0.046847	0	-0.0141457	0.0603513	0.09142	-0.0153039	-0.046847	0	0	0	-0.29432	0	0	0.609126	-0.0666998	0.701265	-0.0835	-0.477309	-0.075181	0	-0.0666998	0.701265	-0.0835	-0.477309	-0.075181	0	0	0	0.482499	0	0	0.629431	-0.00501367	0.321421	-0.0835	-0.218347	-0.0419871	0	-0.00501367	0.321421	-0.0835	-0.218347	-0.0419871	0	0	0	-0.228151	0	0	0.742709	-0.0141562	0.0600078	-0.09142	-0.0235813	-0.047834	0	-0.0141562	0.0600078	-0.09142	-0.0235813	-0.047834	0	0	0	-0.290354	0	0	0.790162	-0.276789	1.30253	0	-0.807523	-0.193544	0	-0.276789	1.30253	0	-0.807523	-0.193544	0	0	0	0.155898	0	0	0.452528	2.3323	-0.145579	0.851823	0.0835	-0.000660777	0.00158753	0	0.000582933	-0.00315209	0	0.20604	0.169652	0	0	0	0.328286	0	0	0.0247596	1705.27	658.119	-1573.15	-0	0	0	0	0	3.24454	0.0380045	0.503634	0.0835	-0.00093101	0.00219652	0	-0.000317037	-0.00461732	0	0.233077	-0.338224	0	0	0	-0.714508	0	0	0.0318145	2372.25	932.042	-2181.49	-0	0	0	0	0	2.36079	-0.0597063	0.0866487	0.0835	0.000238046	0.00171071	0	-0.00138712	-0.000379153	0	0.270576	0.0437041	0	0	0	-0.0645151	0	0	-0.110507	1726.1	-235.364	-1709.98	-0	0	0	0	0	2.38304	-0.145579	0.851858	-0.0835	-0.000660747	0.0016219	0	0.000412941	-0.00195417	0	0.0940242	-0.00612807	0	0	0	0.326082	0	0	-0.0336272	1742.37	658.865	-1612.99	-0	0	0	0	0	3.29639	0.0372136	0.503283	-0.0835	-0.000949293	0.00221708	0	-0.00211972	-0.00144744	0	-0.684495	-0.123718	0	0	0	-0.71065	0	0	0.113277	2410.16	956.196	-2212.37	-0	0	0	0	0	2.33951	-0.0598206	0.0861243	-0.0835	0.000221882	0.00169861	0	-0.00188909	-0.00105882	0	-1.19244	0.281459	0	0	0	-0.0622004	0	0	0.0474538	1710.54	-218.229	-1696.57	-0	0	0	0	0	0.414211	-0.197467	0.991066	0	7.75605e-05	-0.000294231	0	-0.000494421	0.000121534	0	-0.275979	-0.0926659	0	0	0	0	0	0	-0.210531	302.852	-74.6334	293.511	-0	0.752292	0	0	0.752292	0.275202	0.275895	0.159081	0.159756	0.260671	0.262188	0.138684	0.136892	0.208324	0.209016	0.351057	0.349958	0.152188	0.150011	0.254068	0.255555	0.213675	0.210479	0	0	0	0	0	0	0	0	0	0	0	0	0	0	0	0	0	0	0	0	0	0	0	0	0	0	0	0	0	0	0	0	0	0	0	0	0	0	0	0	0	0	0	0	0	0	0	0	0	0	0	0	0	0	508.978	16.7645	18.4619	24.6402	38.3563	12.1525	40.729	7.38909	27.4231	10.1079	15.1046	17.3368	24.6731	32.1066	14.4331	56.046	5.03018	19.1465	16.534	0	0	0	0	0	0	0.925835	0.926262	0.809337	0.810376	0.910666	0.91265	0.788402	0.788412	0.856977	0.859802	1.00246	1.00116	0.806889	0.802863	0.905924	0.902561	0.862366	0.864469	-0.354423	-1.03104	-2.43619	-0.169227	0.952061	1.99931e-10	-0.607762	-0.133097	0	-45.2974	-9.91989	0	-0.0053047	0.0133639	7.63544	-0.102611	0.444119	0	-75.0244	324.719	0	29.6858	6.85873	20.1282	0.0629915	-0.00434959	-0.09142	-0.0921671	0.45004	0	-67.3883	329.048	0	-30.0816	-6.16064	20.3882	0.0628479	-0.00433064	0.09142
0.52	0.162645	0.591044	-0.161481	-0.636228	0.91416	-0.143307	0.329282	0.158589	-0.714458	-0.0115559	-0.0656687	-0.118509	0.326169	0.0354528	-0.709299	0.164622	-0.061471	0.0971807	0	1	0	0	0	0	1	0	0	0	0	0	0	0	0	0	-0.161481	0.91416	0	0.996695	0	0	0.0812329	-0.636228	-0.143307	0	0	0	0.591044	-0.0711466	0.700665	0.0835	0.969903	0	0	0.243491	-0.487417	-0.0758477	0	0	0	0.749633	-0.00654009	0.321518	0.0835	0.993816	0	0	-0.111036	-0.203669	-0.0307261	0	0	0	0.738077	-0.014293	0.0599057	0.09142	0.989636	0	0	-0.143602	-0.0142717	-0.0421889	0	0	0	0.619568	-0.0716088	0.700444	-0.0835	0.970281	0	0	0.241981	-0.503911	-0.0892734	0	0	0	0.626496	-0.00728574	0.320933	-0.0835	0.99393	0	0	-0.110019	-0.236539	-0.0564228	0	0	0	0.791118	-0.0144118	0.0594806	-0.09142	0.990079	0	0	-0.140511	-0.0275913	-0.0584174	0	0	0	0.888299	-0.284971	1.30053	0	0.996781	0	0	0.0801744	-0.828126	-0.206449	0	0	0	0.473656	0.155178	0.0771045	0.350153	0.110534	0.204598	0.12713	0.301818	0.0986871	0.201062	0.0854312	0.157118	0.0410272	0.283179	0.0396768	0.2555	0.059041	0.16536	0.0770038	0.352059	0.110656	0.183354	0.127029	0.282951	0.0987592	0.231748	0.0850315	0.147055	0.0413209	0.252051	0.0399072	0.250543	0.0588293	0.266297	0.0693136	0.285733	0.0690804	0.181252	0.181252	0.790005	0.186778	0.0125618	0.141306	0.0186778	0.0182295	0.360267	0.360267	1.00212	0.090967	0.0248936	0.36014	0.0090967	0.0100337	0.148255	0.148255	0.81026	-0.0622351	0.0136336	0.157176	-0.00622351	-0.00976469	0.227594	0.227594	0.92577	-0.0891252	0.0205178	0.273404	-0.00891252	-0.00950074	0.192391	0.192391	0.913223	0.0544472	0.0197348	0.258938	0.00544472	0.00413254	0.228926	0.228926	0.860335	0.0646005	0.0160392	0.194978	0.00646005	0.00641483	0.182468	0.182468	0.804456	0.130906	0.0127626	0.144235	0.0130906	0.00667623	0.219861	0.219861	0.901747	-0.0631526	0.0179272	0.226762	-0.00631526	-0.00277871	0.21624	0.21624	0.864437	-0.150374	0.017544	0.220162	-0.0150374	-0.0102706	0.13467	0.13467	0.788973	0.0412083	0.0125345	0.14091	0.00412083	0.00402193	0.295584	0.295584	1.00323	0.0730968	0.0248271	0.358747	0.00730968	0.00806258	0.0902402	0.0902402	0.809618	0.0549098	0.0130776	0.148869	0.00549098	0.00861535	0.28501	0.28501	0.926447	0.0552768	0.0207013	0.27684	0.00552768	0.00589251	0.192247	0.192247	0.91015	-0.0435359	0.0199714	0.263276	-0.00435359	-0.00330438	0.136741	0.136741	0.856309	-0.0644938	0.0169466	0.210022	-0.00644938	-0.00640423	0.115061	0.115061	0.810213	0.249569	0.0126703	0.142885	0.0249569	0.012728	0.320763	0.320763	0.906983	0.111365	0.0176473	0.221933	0.0111365	0.00490004	0.220629	0.220629	0.861337	-0.0793435	0.0177081	0.222978	-0.00793435	-0.00541916	0	0	0	0	0	0	0	0	0	0	0	0	0	0	0	0	0	0	-0.161481	0.91416	0	-0.636228	-0.143307	0	-0.161481	0.91416	0	-0.636228	-0.143307	0	0	0	0.162645	0	0	0.591044	-0.0711466	0.700665	0.0835	-0.487417	-0.0758477	0	-0.0711466	0.700665	0.0835	-0.487417	-0.0758477	0	0	0	0.491927	0	0	0.749633	-0.00654009	0.321518	0.0835	-0.203669	-0.0307261	0	-0.00654009	0.321518	0.0835	-0.203669	-0.0307261	0	0	0	-0.222531	0	0	0.738077	-0.014293	0.0599057	0.09142	-0.0142717	-0.0421889	0	-0.014293	0.0599057	0.09142	-0.0142717	-0.0421889	0	0	0	-0.2882	0	0	0.619568	-0.0716088	0.700444	-0.0835	-0.503911	-0.0892734	0	-0.0716088	0.700444	-0.0835	-0.503911	-0.0892734	0	0	0	0.488814	0	0	0.626496	-0.00728574	0.320933	-0.0835	-0.236539	-0.0564228	0	-0.00728574	0.320933	-0.0835	-0.236539	-0.0564228	0	0	0	-0.220485	0	0	0.791118	-0.0144118	0.0594806	-0.09142	-0.0275913	-0.0584174	0	-0.0144118	0.0594806	-0.09142	-0.0275913	-0.0584174	0	0	0	-0.281956	0	0	0.888299	-0.284971	1.30053	0	-0.828126	-0.206449	0	-0.284971	1.30053	0	-0.828126	-0.206449	0	0	0	0.160521	0	0	0.473656	2.34735	-0.151442	0.850507	0.0835	-0.000664011	0.00157434	0	-0.00206757	0.00094147	0	-0.285558	0.382366	0	0	0	0.329281	0	0	0.158589	1716.27	673.437	-1578.63	-0	0	0	0	0	3.18968	0.0346645	0.503614	0.0835	-0.000934411	0.0021514	0	1.82688e-05	-0.00448614	0	-0.0412188	-0.0794715	0	0	0	-0.714458	0	0	-0.0115559	2332.14	934.351	-2136.79	-0	0	0	0	0	2.35276	-0.0600136	0.0859238	0.0835	0.00022259	0.00170654	0	-0.00186874	-0.000157952	0	-0.201485	0.221863	0	0	0	-0.0656691	0	0	-0.118509	1720.23	-218.976	-1706.24	-0	0	0	0	0	2.35783	-0.151437	0.850535	-0.0835	-0.000659361	0.00160286	0	-0.000267565	-0.00230446	0	0.0035212	-0.137749	0	0	0	0.326168	0	0	0.0354528	1723.93	660.581	-1592.35	-0	0	0	0	0	3.28896	0.033546	0.503113	-0.0835	-0.000970032	0.00220221	0	-0.00176036	-0.00133348	0	0.308971	-0.0370166	0	0	0	-0.709299	0	0	0.164622	2404.74	975.764	-2197.87	-0	0	0	0	0	2.32567	-0.060294	0.0852127	-0.0835	0.000202119	0.00169003	0	-0.00172963	-0.000656016	0	0.485955	-0.081439	0	0	0	-0.0614677	0	0	0.0971807	1700.42	-198.775	-1688.76	-0	0	0	0	0	0.407743	-0.204211	0.989435	0	7.19577e-05	-0.000291556	0	0.000115335	0.000408486	0	0.143226	-0.0576845	0	0	0	-0.00218366	0	0	-0.117387	298.123	-72.6405	289.138	-0	2.18711	0	0	2.18711	0.275835	0.276262	0.159337	0.160376	0.260666	0.26265	0.138402	0.138412	0.207628	0.209417	0.352106	0.35039	0.153947	0.151348	0.254232	0.25519	0.214774	0.211278	0	0	0	0	0	0	0	0	0	0	0	0	0	0	0	0	0	0	0	0	0	0	0	0	0	0	0	0	0	0	0	0	0	0	0	0	0	0	0	0	0	0	0	0	0	0	0	0	0	0	0	0	0	0	505.192	17.8631	18.231	27.6154	39.4215	10.1777	44.8849	8.23169	22.9949	16.7689	15.7197	16.3607	17.9093	34.5179	12.0547	46.1312	6.17	23.0056	14.592	0	0	0	0	0	0	0.926447	0.92577	0.809618	0.81026	0.91015	0.913223	0.788973	0.790005	0.856309	0.860335	1.00323	1.00212	0.810213	0.804456	0.906983	0.901747	0.861337	0.864437	-0.364888	-1.06191	-3.11765	-0.175405	0.950674	1.99931e-10	-0.627255	-0.144108	0	-46.7502	-10.7406	0	-0.0202369	0.0245088	7.7726	-0.107261	0.436608	0	-78.424	319.227	0	29.1837	7.16952	19.7936	0.0630583	-0.00428855	-0.09142	-0.096215	0.444223	0	-70.3479	324.795	0	-29.6928	-6.4312	20.1382	0.0629379	-0.00431752	0.09142
0.53	0.168465	0.580198	-0.167943	-0.655044	0.91267	-0.154257	0.331029	0.176336	-0.714464	0.0149482	-0.0666798	-0.0752561	0.326462	0.0207368	-0.707249	0.237847	-0.060362	0.108064	0	1	0	0	0	0	1	0	0	0	0	0	0	0	0	0	-0.167943	0.91267	0	0.996455	0	0	0.0841329	-0.655044	-0.154257	0	0	0	0.580198	-0.0761148	0.699856	0.0835	0.968975	0	0	0.247159	-0.505396	-0.0867336	0	0	0	0.756534	-0.00863974	0.321198	0.0835	0.994229	0	0	-0.107278	-0.216703	-0.0358836	0	0	0	0.771482	-0.0144467	0.0594862	0.09142	0.990101	0	0	-0.14036	-0.017121	-0.0443048	0	0	0	0.696226	-0.0767774	0.699479	-0.0835	0.969537	0	0	0.244945	-0.527679	-0.102427	0	0	0	0.600935	-0.00975325	0.320267	-0.0835	0.99437	0	0	-0.105962	-0.254426	-0.0744842	0	0	0	0.838783	-0.0147112	0.058822	-0.09142	0.99072	0	0	-0.13592	-0.0312425	-0.0724671	0	0	0	0.946846	-0.293368	1.29839	0	0.996584	0	0	0.0825807	-0.850507	-0.219591	0	0	0	0.490134	0.167533	0.0771636	0.362861	0.110579	0.198611	0.12717	0.290973	0.0986297	0.213713	0.0854172	0.163836	0.0410329	0.274917	0.0396629	0.246155	0.058987	0.158488	0.0770968	0.350459	0.11075	0.173284	0.127125	0.27353	0.0988137	0.217615	0.0850139	0.153367	0.0414374	0.275644	0.0398945	0.242046	0.0587937	0.268648	0.0693538	0.284145	0.0690676	0.134295	0.134295	0.79061	0.047555	0.0127188	0.143593	0.0047555	0.00464137	0.375235	0.375235	1.00253	-0.00966419	0.0245379	0.352716	-0.000966419	-0.00106596	0.073769	0.073769	0.810514	0.0509477	0.0139019	0.161243	0.00509477	0.0079937	0.329702	0.329702	0.925232	-0.0399214	0.0203531	0.270333	-0.00399214	-0.00425562	0.24104	0.24104	0.913752	-0.0123111	0.0193576	0.252082	-0.00123111	-0.000934411	0.22157	0.22157	0.860194	-0.0230909	0.0162437	0.198331	-0.00230909	-0.00229292	0.12977	0.12977	0.804567	0.0195708	0.0126677	0.142847	0.00195708	0.000998112	0.378672	0.378672	0.90143	-0.0182989	0.0178344	0.225158	-0.00182989	-0.00080515	0.232384	0.232384	0.863645	-0.00879278	0.0179567	0.227275	-0.000879278	-0.000600547	0.113769	0.113769	0.789926	0.158779	0.0126533	0.142638	0.0158779	0.0154968	0.273908	0.273908	1.00408	0.0769035	0.024784	0.357844	0.00769035	0.00848246	0.13337	0.13337	0.810226	0.0376829	0.0124465	0.139635	0.00376829	0.00591245	0.25778	0.25778	0.926958	0.0830745	0.020415	0.271487	0.00830745	0.00885574	0.263864	0.263864	0.909982	-0.0503336	0.0198416	0.26089	-0.00503336	-0.00382032	0.291112	0.291112	0.856132	-0.00277133	0.0165341	0.20313	-0.000277133	-0.000275193	0.144155	0.144155	0.812498	0.124585	0.0126107	0.142017	0.0124585	0.00635383	0.281775	0.281775	0.906694	-0.0289619	0.0178675	0.225728	-0.00289619	-0.00127432	0.224149	0.224149	0.860816	-0.0194668	0.0176359	0.221738	-0.00194668	-0.00132958	0	0	0	0	0	0	0	0	0	0	0	0	0	0	0	0	0	0	-0.167943	0.91267	0	-0.655044	-0.154257	0	-0.167943	0.91267	0	-0.655044	-0.154257	0	0	0	0.168465	0	0	0.580198	-0.0761148	0.699856	0.0835	-0.505396	-0.0867336	0	-0.0761148	0.699856	0.0835	-0.505396	-0.0867336	0	0	0	0.499494	0	0	0.756534	-0.00863974	0.321198	0.0835	-0.216703	-0.0358836	0	-0.00863974	0.321198	0.0835	-0.216703	-0.0358836	0	0	0	-0.214971	0	0	0.771482	-0.0144467	0.0594862	0.09142	-0.017121	-0.0443048	0	-0.0144467	0.0594862	0.09142	-0.017121	-0.0443048	0	0	0	-0.28165	0	0	0.696226	-0.0767774	0.699479	-0.0835	-0.527679	-0.102427	0	-0.0767774	0.699479	-0.0835	-0.527679	-0.102427	0	0	0	0.494927	0	0	0.600935	-0.00975325	0.320267	-0.0835	-0.254426	-0.0744842	0	-0.00975325	0.320267	-0.0835	-0.254426	-0.0744842	0	0	0	-0.212322	0	0	0.838783	-0.0147112	0.058822	-0.09142	-0.0312425	-0.0724671	0	-0.0147112	0.058822	-0.09142	-0.0312425	-0.0724671	0	0	0	-0.272684	0	0	0.946846	-0.293368	1.29839	0	-0.850507	-0.219591	0	-0.293368	1.29839	0	-0.850507	-0.219591	0	0	0	0.16535	0	0	0.490134	2.35443	-0.157542	0.849086	0.0835	-0.000681624	0.00158098	0	-0.00105846	-0.000508562	0	0.0758202	-0.206309	0	0	0	0.331028	0	0	0.176336	1721.45	686.45	-1578.66	-0	0	0	0	0	3.19467	0.0311869	0.5036	0.0835	-0.00094804	0.00213271	0	-0.00211477	-0.000319129	0	-0.0143337	0.00656343	0	0	0	-0.714464	0	0	0.0149482	2335.79	954.926	-2131.67	-0	0	0	0	0	2.34908	-0.0603368	0.0852042	0.0835	0.000203416	0.00170648	0	-0.00170468	-0.000330776	0	0.0155264	-0.204291	0	0	0	-0.0666816	0	0	-0.0752561	1717.54	-200.119	-1705.84	-0	0	0	0	0	2.31868	-0.157522	0.84908	-0.0835	-0.000661835	0.00157435	0	-0.000343502	-0.00312236	0	-0.135728	-0.0919869	0	0	0	0.326462	0	0	0.0207368	1695.31	663.401	-1560.12	-0	0	0	0	0	3.24515	0.0295902	0.502774	-0.0835	-0.000974972	0.00217569	0	0.000654727	-0.00356225	0	-0.580319	0.0431015	0	0	0	-0.707249	0	0	0.237847	2372.7	972.84	-2164.09	-0	0	0	0	0	2.34042	-0.0608299	0.0841277	-0.0835	0.000194106	0.0016976	0	-0.000270419	0.00135476	0	-1.08959	0.649307	0	0	0	-0.0603559	0	0	0.108064	1711.2	-193.583	-1700.22	-0	0	0	0	0	0.412716	-0.211106	0.987694	0	7.6741e-05	-0.000291452	0	0.000518322	7.40886e-05	0	-0.0182494	0.0731343	0	0	0	-0.00316442	0	0	-0.0900647	301.759	-79.8096	291.013	-0	2.82386	0	0	2.82386	0.276447	0.27577	0.159618	0.16026	0.26015	0.263223	0.138973	0.140005	0.206977	0.209802	0.352464	0.351163	0.156889	0.152863	0.254787	0.254348	0.214168	0.212543	0	0	0	0	0	0	0	0	0	0	0	0	0	0	0	0	0	0	0	0	0	0	0	0	0	0	0	0	0	0	0	0	0	0	0	0	0	0	0	0	0	0	0	0	0	0	0	0	0	0	0	0	0	0	510.412	15.8635	19.5307	18.2745	41.761	11.7872	48.2652	7.01152	28.1754	12.6664	14.1303	15.6873	19.818	31.8251	13.973	55.6701	7.10331	23.7552	12.5717	0	0	0	0	0	0	0.926958	0.925232	0.810226	0.810514	0.909982	0.913752	0.789926	0.79061	0.856132	0.860194	1.00408	1.00253	0.812498	0.804567	0.906694	0.90143	0.860816	0.863645	-0.375667	-1.09223	-2.9889	-0.181783	0.949169	1.99931e-10	-0.647367	-0.156301	0	-48.2491	-11.6493	0	-0.0273569	0.0305979	7.88756	-0.105554	0.437982	0	-77.1762	320.232	0	29.2756	7.05544	19.8807	0.0631084	-0.00425792	-0.09142	-0.100473	0.434882	0	-73.4612	317.965	0	-29.0684	-6.71583	19.729	0.063035	-0.00427389	0.09142
0.54	0.174183	0.552207	-0.174591	-0.674207	0.911068	-0.165448	0.332843	0.202749	-0.714034	0.0688426	-0.0675907	-0.125002	0.326649	0.0293538	-0.704345	0.331539	-0.0596751	0.0652071	0	1	0	0	0	0	1	0	0	0	0	0	0	0	0	0	-0.174591	0.911068	0	0.99621	0	0	0.0869814	-0.674207	-0.165448	0	0	0	0.552207	-0.0812728	0.698925	0.0835	0.968037	0	0	0.250806	-0.526062	-0.0983045	0	0	0	0.754956	-0.0108783	0.320777	0.0835	0.994648	0	0	-0.103319	-0.229436	-0.0461026	0	0	0	0.823798	-0.0146217	0.0589949	0.09142	0.990589	0	0	-0.136868	-0.0166501	-0.0538072	0	0	0	0.698796	-0.0821679	0.698392	-0.0835	0.96881	0	0	0.247807	-0.550905	-0.114316	0	0	0	0.58156	-0.0123792	0.319476	-0.0835	0.994827	0	0	-0.101581	-0.270833	-0.0854162	0	0	0	0.9131	-0.0150151	0.0580413	-0.09142	0.991354	0	0	-0.131215	-0.0305936	-0.0839576	0	0	0	0.978307	-0.301994	1.29613	0	0.996375	0	0	0.0850653	-0.873502	-0.232656	0	0	0	0.508624	0.160765	0.0772615	0.403302	0.110522	0.181827	0.127324	0.303199	0.0985254	0.222948	0.0853662	0.159923	0.0410509	0.309261	0.039573	0.240199	0.0589976	0.156148	0.0772694	0.331922	0.110878	0.162716	0.127202	0.267893	0.0988907	0.241446	0.0848375	0.150215	0.0415096	0.275486	0.0398825	0.240752	0.0587803	0.27647	0.0693277	0.297076	0.0690109	0.0664335	0.0664335	0.791613	0.155345	0.0128075	0.144891	0.0155345	0.0151617	0.347316	0.347316	1.00201	-0.131024	0.0251975	0.366534	-0.0131024	-0.0144519	0.0944693	0.0944693	0.811495	0.0991497	0.0132352	0.151207	0.00991497	0.0155566	0.32018	0.32018	0.924253	-0.0829506	0.0206191	0.275299	-0.00829506	-0.00884253	0.295533	0.295532	0.913408	-0.10382	0.0191108	0.247637	-0.010382	-0.00787996	0.284582	0.284582	0.85968	-0.0815793	0.0164105	0.201082	-0.00815793	-0.00810083	0.23028	0.23028	0.80492	0.0324437	0.0124987	0.140389	0.00324437	0.00165463	0.183302	0.183302	0.899387	-0.207345	0.0180666	0.229182	-0.0207345	-0.0091232	0.170974	0.170974	0.8638	0.0506604	0.0180476	0.228852	0.00506604	0.0034601	0.149267	0.149267	0.791695	0.15202	0.0125081	0.140528	0.015202	0.0148372	0.290575	0.290575	1.00524	0.140359	0.0243914	0.349677	0.0140359	0.0154816	0.163158	0.163158	0.810721	0.0662189	0.0119849	0.133013	0.00662189	0.0103897	0.338384	0.338384	0.92768	0.0695209	0.0200174	0.264121	0.00695209	0.00741092	0.368179	0.368179	0.909234	-0.157982	0.0196796	0.257928	-0.0157982	-0.0119908	0.265591	0.265591	0.854355	-0.153903	0.0168891	0.209056	-0.0153903	-0.0152826	0.168739	0.168739	0.813913	0.165305	0.0125972	0.141821	0.0165305	0.00843055	0.314062	0.314062	0.90642	-0.00801196	0.0179948	0.227937	-0.000801196	-0.000352526	0.187512	0.187512	0.86062	-0.0265096	0.0175207	0.219762	-0.00265096	-0.00181061	0	0	0	0	0	0	0	0	0	0	0	0	0	0	0	0	0	0	-0.174591	0.911068	0	-0.674207	-0.165448	0	-0.174591	0.911068	0	-0.674207	-0.165448	0	0	0	0.174183	0	0	0.552207	-0.0812728	0.698925	0.0835	-0.526062	-0.0983045	0	-0.0812728	0.698925	0.0835	-0.526062	-0.0983045	0	0	0	0.507026	0	0	0.754956	-0.0108783	0.320777	0.0835	-0.229436	-0.0461026	0	-0.0108783	0.320777	0.0835	-0.229436	-0.0461026	0	0	0	-0.207008	0	0	0.823798	-0.0146217	0.0589949	0.09142	-0.0166501	-0.0538072	0	-0.0146217	0.0589949	0.09142	-0.0166501	-0.0538072	0	0	0	-0.274599	0	0	0.698796	-0.0821679	0.698392	-0.0835	-0.550905	-0.114316	0	-0.0821679	0.698392	-0.0835	-0.550905	-0.114316	0	0	0	0.500832	0	0	0.58156	-0.0123792	0.319476	-0.0835	-0.270833	-0.0854162	0	-0.0123792	0.319476	-0.0835	-0.270833	-0.0854162	0	0	0	-0.203514	0	0	0.9131	-0.0150151	0.0580413	-0.09142	-0.0305936	-0.0839576	0	-0.0150151	0.0580413	-0.09142	-0.0305936	-0.0839576	0	0	0	-0.263189	0	0	0.978307	-0.301994	1.29613	0	-0.873502	-0.232656	0	-0.301994	1.29613	0	-0.873502	-0.232656	0	0	0	0.170336	0	0	0.508624	2.33447	-0.163821	0.847538	0.0835	-0.000685722	0.00156991	0	7.15256e-07	-0.00150287	0	-0.0290039	-0.0430617	0	0	0	0.332843	0	0	0.202749	1706.86	685.718	-1563.06	-0	0	0	0	0	3.21688	0.0274947	0.503491	0.0835	-0.000973366	0.00213349	0	-0.00304851	0.000963926	0	-0.133196	0.351551	0	0	0	-0.714034	0	0	0.0688426	2352.03	983.293	-2136.63	-0	0	0	0	0	2.36601	-0.060692	0.0843888	0.0835	0.000192434	0.00171691	0	-0.00110999	0.00129668	0	-0.115775	-0.226907	0	0	0	-0.0675874	0	0	-0.125002	1729.92	-190.287	-1719.42	-0	0	0	0	0	2.28017	-0.163794	0.847513	-0.0835	-0.000658691	0.00154489	0	0.000630796	-0.00266482	0	-0.0100832	-0.0683355	0	0	0	0.326649	0	0	0.0293538	1667.15	655.815	-1532.74	-0	0	0	0	0	3.27339	0.025355	0.502322	-0.0835	-0.000992168	0.00217396	0	-0.00217628	0.00024705	0	0.367309	-0.559783	0	0	0	-0.704345	0	0	0.331539	2393.35	999.254	-2174.76	-0	0	0	0	0	2.35556	-0.0613721	0.0829078	-0.0835	0.00018096	0.00171113	0	-0.00165985	0.00100788	0	0.204047	-0.00111949	0	0	0	-0.0596765	0	0	0.0652071	1722.28	-177.75	-1713.08	-0	0	0	0	0	0.416851	-0.218183	0.985844	0	7.79182e-05	-0.000291936	0	-2.39015e-05	-0.000465378	0	0.0485991	-0.0330147	0	0	0	-0.00378221	0	0	-0.0435828	304.782	-77.7767	294.691	-0	2.67977	0	0	2.67977	0.276958	0.275232	0.160226	0.160514	0.259982	0.263752	0.139926	0.14061	0.206309	0.210335	0.35323	0.352123	0.160213	0.154456	0.255474	0.253119	0.212932	0.214076	0	0	0	0	0	0	0	0	0	0	0	0	0	0	0	0	0	0	0	0	0	0	0	0	0	0	0	0	0	0	0	0	0	0	0	0	0	0	0	0	0	0	0	0	0	0	0	0	0	0	0	0	0	0	571.786	11.9728	25.1853	18.0641	45.6335	16.0671	64.5292	9.77934	30.2653	10.44	15.9838	15.4703	21.0578	37.3619	20.553	73.2202	7.68022	24.3021	11.6783	0	0	0	0	0	0	0.92768	0.924253	0.810721	0.811495	0.909234	0.913408	0.791695	0.791613	0.854355	0.85968	1.00524	1.00201	0.813913	0.80492	0.90642	0.899387	0.86062	0.8638	-0.386751	-1.12413	-3.36695	-0.188362	0.947543	1.99931e-10	-0.667866	-0.168403	0	-49.777	-12.5513	0	-0.0280518	0.0337036	8.02142	-0.114584	0.446846	0	-83.7784	326.713	0	29.8681	7.65902	20.2753	0.0631555	-0.00427794	-0.09142	-0.101842	0.436584	0	-74.4624	319.21	0	-29.1822	-6.80735	19.8344	0.0631263	-0.00424588	0.09142
0.55	0.179363	0.487623	-0.18144	-0.695091	0.90935	-0.177161	0.335268	0.275618	-0.713041	0.127607	-0.0692549	-0.187973	0.327201	0.0794893	-0.700596	0.414071	-0.0590644	0.0534843	0	1	0	0	0	0	1	0	0	0	0	0	0	0	0	0	-0.18144	0.90935	0	0.995981	0	0	0.0895614	-0.695091	-0.177161	0	0	0	0.487623	-0.0866551	0.697887	0.0835	0.967077	0	0	0.254485	-0.550447	-0.108375	0	0	0	0.763241	-0.0132354	0.320297	0.0835	0.995083	0	0	-0.0990422	-0.242211	-0.05116	0	0	0	0.890848	-0.0147717	0.0584235	0.09142	0.991058	0	0	-0.133433	-0.0139223	-0.0610816	0	0	0	0.702875	-0.0878275	0.697195	-0.0835	0.968095	0	0	0.250582	-0.58059	-0.123583	0	0	0	0.567112	-0.0151918	0.31856	-0.0835	0.995298	0	0	-0.0968638	-0.290618	-0.0959781	0	0	0	0.981183	-0.0153309	0.057156	-0.09142	0.992004	0	0	-0.126211	-0.0321809	-0.092241	0	0	0	1.03467	-0.310846	1.29374	0	0.996151	0	0	0.0876579	-0.895883	-0.244448	0	0	0	0.531088	0.175991	0.0774021	0.389087	0.110455	0.171248	0.127499	0.312697	0.0984112	0.250732	0.0851691	0.193796	0.0409101	0.291093	0.0395147	0.227319	0.0590706	0.159618	0.0774081	0.342725	0.111006	0.162659	0.127255	0.290554	0.0988317	0.245947	0.0846458	0.153797	0.041554	0.287039	0.0398511	0.235298	0.0587775	0.273708	0.069219	0.322514	0.0687981	0.156916	0.156916	0.793054	-0.0441534	0.0128149	0.145001	-0.00441534	-0.00430938	0.320749	0.320749	1.0014	-0.0151037	0.0256909	0.37702	-0.00151037	-0.00166593	0.146023	0.146023	0.812615	0.103151	0.0126703	0.142885	0.0103151	0.0161843	0.259878	0.259878	0.923182	-0.116143	0.0208068	0.278823	-0.0116143	-0.0123808	0.29111	0.29111	0.911976	-0.122472	0.0188342	0.242692	-0.0122472	-0.00929566	0.200288	0.200288	0.857695	-0.185573	0.0171995	0.214292	-0.0185573	-0.0184274	0.13309	0.13309	0.802159	-0.343956	0.0126109	0.14202	-0.0343956	-0.0175417	0.291823	0.291823	0.898062	-0.0940704	0.018029	0.228531	-0.00940704	-0.0041391	0.264951	0.264951	0.864869	0.160727	0.0180133	0.228258	0.0160727	0.0109776	0.124768	0.124768	0.793116	0.106032	0.0125496	0.14113	0.0106032	0.0103487	0.383121	0.383121	1.0064	0.0568437	0.0242213	0.346163	0.00568437	0.00626986	0.214974	0.214974	0.81106	0.0192318	0.0117759	0.130051	0.00192318	0.00301747	0.311868	0.311868	0.927126	-0.0439915	0.0203163	0.269649	-0.00439915	-0.00468949	0.368738	0.368738	0.90643	-0.301388	0.0197428	0.259084	-0.0301388	-0.0228754	0.208595	0.208595	0.852425	-0.170097	0.0169942	0.210824	-0.0170097	-0.0168907	0.135314	0.135314	0.814785	0.124228	0.0126675	0.142845	0.0124228	0.00633561	0.264542	0.264542	0.905706	-0.0587424	0.0181859	0.231262	-0.00587424	-0.00258466	0.178691	0.178691	0.860579	-0.00463511	0.0173631	0.217071	-0.000463511	-0.000316578	0	0	0	0	0	0	0	0	0	0	0	0	0	0	0	0	0	0	-0.18144	0.90935	0	-0.695091	-0.177161	0	-0.18144	0.90935	0	-0.695091	-0.177161	0	0	0	0.179363	0	0	0.487623	-0.0866551	0.697887	0.0835	-0.550447	-0.108375	0	-0.0866551	0.697887	0.0835	-0.550447	-0.108375	0	0	0	0.514631	0	0	0.763241	-0.0132354	0.320297	0.0835	-0.242211	-0.05116	0	-0.0132354	0.320297	0.0835	-0.242211	-0.05116	0	0	0	-0.19841	0	0	0.890848	-0.0147717	0.0584235	0.09142	-0.0139223	-0.0610816	0	-0.0147717	0.0584235	0.09142	-0.0139223	-0.0610816	0	0	0	-0.267665	0	0	0.702875	-0.0878275	0.697195	-0.0835	-0.58059	-0.123583	0	-0.0878275	0.697195	-0.0835	-0.58059	-0.123583	0	0	0	0.506564	0	0	0.567112	-0.0151918	0.31856	-0.0835	-0.290618	-0.0959781	0	-0.0151918	0.31856	-0.0835	-0.290618	-0.0959781	0	0	0	-0.194032	0	0	0.981183	-0.0153309	0.057156	-0.09142	-0.0321809	-0.092241	0	-0.0153309	0.057156	-0.09142	-0.0321809	-0.092241	0	0	0	-0.253096	0	0	1.03467	-0.310846	1.29374	0	-0.895883	-0.244448	0	-0.310846	1.29374	0	-0.895883	-0.244448	0	0	0	0.175541	0	0	0.531088	2.32087	-0.170331	0.845868	0.0835	-0.000683501	0.00155692	0	-1.53184e-05	-0.000829399	0	-0.301203	0.220514	0	0	0	0.335267	0	0	0.275618	1696.91	683.571	-1553.14	-0	0	0	0	0	3.31543	0.0235651	0.503335	0.0835	-0.00102016	0.00217479	0	-0.00497288	0.00509553	0	-0.338936	-0.214262	0	0	0	-0.713041	0	0	0.127607	2424.09	1036.35	-2191.39	-0	0	0	0	0	2.37381	-0.0610169	0.0834972	0.0835	0.000175465	0.00172651	0	-0.00182611	0.000296071	0	-0.674822	0.467238	0	0	0	-0.0692534	0	0	-0.187973	1735.62	-171.934	-1727.08	-0	0	0	0	0	2.29539	-0.170307	0.845846	-0.0835	-0.000659421	0.00153553	0	-0.00151581	0.00105216	0	-0.282987	-0.0270169	0	0	0	0.3272	0	0	0.0794893	1678.28	666.332	-1540.33	-0	0	0	0	0	3.2941	0.020807	0.501756	-0.0835	-0.00101508	0.00217891	0	-0.00184849	0.000743032	0	-0.138109	-0.133968	0	0	0	-0.700595	0	0	0.414071	2408.49	1021.1	-2181.33	-0	0	0	0	0	2.37862	-0.0619365	0.0815534	-0.0835	0.000167698	0.00172824	0	-0.00104865	0.00154535	0	-0.534589	-0.0523262	0	0	0	-0.059066	0	0	0.0534843	1739.13	-165.67	-1731.22	-0	0	0	0	0	0.421364	-0.225422	0.983895	0	7.67708e-05	-0.000295393	0	0.000256062	-0.000434995	0	0.229571	-0.0164507	0	0	0	-0.00378221	0	0	0.0434652	308.081	-78.2868	297.969	-0	1.16134	0	0	1.16134	0.27768	0.274253	0.160721	0.161495	0.259234	0.263408	0.141695	0.141613	0.206132	0.210194	0.354082	0.352525	0.162498	0.154567	0.256437	0.252115	0.211758	0.214684	0	0	0	0	0	0	0	0	0	0	0	0	0	0	0	0	0	0	0	0	0	0	0	0	0	0	0	0	0	0	0	0	0	0	0	0	0	0	0	0	0	0	0	0	0	0	0	0	0	0	0	0	0	0	596.097	19.8629	19.1036	20.559	44.8551	16.3058	70.6293	15.1253	28.2933	12.7883	14.8363	18.6008	25.1172	40.7151	25.6105	68.5595	6.89921	25.1009	10.5928	0	0	0	0	0	0	0.927126	0.923182	0.81106	0.812615	0.90643	0.911976	0.793116	0.793054	0.852425	0.857695	1.0064	1.0014	0.814785	0.802159	0.905706	0.898062	0.860579	0.864869	-0.398167	-1.15735	-3.07316	-0.195154	0.945801	1.99931e-10	-0.689795	-0.179122	0	-51.4114	-13.3502	0	-0.0292471	0.0404836	8.12586	-0.121018	0.45663	0	-88.4826	333.867	0	30.5221	8.08908	20.7194	0.0632051	-0.00432515	-0.09142	-0.112867	0.443479	0	-82.5234	324.251	0	-29.643	-7.54429	20.1521	0.0632343	-0.00426161	0.09142
0.56	0.184386	0.525401	-0.188507	-0.717009	0.907532	-0.185336	0.337777	0.212446	-0.71144	0.193451	-0.0707183	-0.102963	0.327754	0.0216886	-0.696118	0.47847	-0.0582438	0.0940236	0	1	0	0	0	0	1	0	0	0	0	0	0	0	0	0	-0.188507	0.907532	0	0.995753	0	0	0.0920625	-0.717009	-0.185336	0	0	0	0.525401	-0.0922932	0.696762	0.0835	0.966111	0	0	0.258126	-0.574877	-0.116296	0	0	0	0.737847	-0.0157607	0.319722	0.0835	0.995525	0	0	-0.094497	-0.262538	-0.063518	0	0	0	0.931298	-0.0149422	0.0577811	0.09142	0.991562	0	0	-0.129632	-0.0195735	-0.0674441	0	0	0	0.828335	-0.09377	0.695923	-0.0835	0.967393	0	0	0.253281	-0.605203	-0.130448	0	0	0	0.54709	-0.0181996	0.317552	-0.0835	0.995772	0	0	-0.091859	-0.309165	-0.104893	0	0	0	1.02556	-0.0156824	0.0562102	-0.09142	0.992675	0	0	-0.120815	-0.0372072	-0.0962594	0	0	0	1.11958	-0.319934	1.29123	0	0.995913	0	0	0.0903193	-0.920822	-0.255622	0	0	0	0.534328	0.183357	0.0774011	0.379844	0.110466	0.165227	0.127648	0.325095	0.0982889	0.254802	0.0850196	0.180582	0.0407784	0.29216	0.0394699	0.232772	0.0591189	0.150659	0.0775654	0.375034	0.111038	0.188285	0.127135	0.295851	0.0987547	0.238508	0.0844857	0.175552	0.0415897	0.282055	0.0398374	0.230407	0.0587864	0.276881	0.0690837	0.327903	0.0685265	0.127077	0.127077	0.793045	-0.0190139	0.0133412	0.152789	-0.00190139	-0.00185576	0.375845	0.375845	1.00151	0.0218427	0.0256494	0.376133	0.00218427	0.00240925	0.180438	0.180438	0.81356	0.0877023	0.0122694	0.13708	0.00877023	0.0137605	0.254317	0.254317	0.922035	-0.172145	0.0209324	0.281191	-0.0172145	-0.0183507	0.165239	0.165239	0.910193	-0.187519	0.018529	0.237286	-0.0187519	-0.0142327	0.198115	0.198115	0.856189	-0.172101	0.0174671	0.218846	-0.0172101	-0.0170897	0.15693	0.15693	0.799576	-0.152158	0.0127707	0.144352	-0.0152158	-0.00776004	0.229487	0.229487	0.897043	-0.107195	0.0179746	0.227585	-0.0107195	-0.00471658	0.248025	0.248025	0.865577	0.114285	0.0180618	0.229099	0.0114285	0.00780564	0.137937	0.137937	0.794728	0.225898	0.0125018	0.140436	0.0225898	0.0220476	0.314773	0.314773	1.00669	0.0198254	0.0254089	0.37101	0.00198254	0.00218674	0.149833	0.149833	0.810291	-0.0291754	0.0129458	0.146923	-0.00291754	-0.00457761	0.238279	0.238279	0.926405	-0.055043	0.0204899	0.272881	-0.0055043	-0.00586758	0.319081	0.319081	0.902852	-0.320948	0.0197935	0.260011	-0.0320948	-0.02436	0.186101	0.186101	0.850812	-0.160465	0.016658	0.20519	-0.0160465	-0.0159342	0.255864	0.255864	0.815485	-0.129166	0.0128229	0.145116	-0.0129166	-0.00658749	0.275393	0.275393	0.905396	-0.00177825	0.0183349	0.23387	-0.000177825	-7.82429e-05	0.210341	0.210341	0.860709	0.00172618	0.0171387	0.213263	0.000172618	0.000117898	0	0	0	0	0	0	0	0	0	0	0	0	0	0	0	0	0	0	-0.188507	0.907532	0	-0.717009	-0.185336	0	-0.188507	0.907532	0	-0.717009	-0.185336	0	0	0	0.184386	0	0	0.525401	-0.0922932	0.696762	0.0835	-0.574877	-0.116296	0	-0.0922932	0.696762	0.0835	-0.574877	-0.116296	0	0	0	0.522163	0	0	0.737847	-0.0157607	0.319722	0.0835	-0.262538	-0.063518	0	-0.0157607	0.319722	0.0835	-0.262538	-0.063518	0	0	0	-0.189276	0	0	0.931298	-0.0149422	0.0577811	0.09142	-0.0195735	-0.0674441	0	-0.0149422	0.0577811	0.09142	-0.0195735	-0.0674441	0	0	0	-0.259995	0	0	0.828335	-0.09377	0.695923	-0.0835	-0.605203	-0.130448	0	-0.09377	0.695923	-0.0835	-0.605203	-0.130448	0	0	0	0.51214	0	0	0.54709	-0.0181996	0.317552	-0.0835	-0.309165	-0.104893	0	-0.0181996	0.317552	-0.0835	-0.309165	-0.104893	0	0	0	-0.183977	0	0	1.02556	-0.0156824	0.0562102	-0.09142	-0.0372072	-0.0962594	0	-0.0156824	0.0562102	-0.09142	-0.0372072	-0.0962594	0	0	0	-0.242221	0	0	1.11958	-0.319934	1.29123	0	-0.920822	-0.255622	0	-0.319934	1.29123	0	-0.920822	-0.255622	0	0	0	0.180885	0	0	0.534328	2.33258	-0.177082	0.844109	0.0835	-0.000693575	0.00155608	0	-0.000726879	0.000112116	0	-0.255067	-0.0786691	0	0	0	0.337776	0	0	0.212446	1705.47	696.889	-1556.59	-0	0	0	0	0	3.36561	0.0193666	0.503088	0.0835	-0.00105917	0.00220898	0	-0.00296193	0.00232254	0	-5.22147	0.44587	0	0	0	-0.71144	0	0	0.193451	2460.77	1068.81	-2216.54	-0	0	0	0	0	2.37982	-0.0613783	0.0824994	0.0835	0.000158831	0.00173229	0	-4.87864e-05	0.000240751	0	-8.33239	2.60902	0	0	0	-0.0707185	0	0	-0.102963	1740.01	-158.737	-1732.76	-0	0	0	0	0	2.35682	-0.177077	0.844112	-0.0835	-0.000689328	0.00155902	0	-0.00340664	0.00294396	0	0.230113	-0.615054	0	0	0	0.327753	0	0	0.0216886	1723.19	704.86	-1572.44	-0	0	0	0	0	3.29631	0.0159555	0.501101	-0.0835	-0.00102445	0.00218159	0	1.90437e-05	-6.16908e-06	0	-1.29952	0.246183	0	0	0	-0.696117	0	0	0.47847	2410.11	1024.39	-2181.57	-0	0	0	0	0	2.39683	-0.0625505	0.0800993	-0.0835	0.000158742	0.00174177	0	-9.63882e-05	0.00180763	0	-2.33594	-0.474637	0	0	0	-0.0582407	0	0	0.0940236	1752.45	-158.556	-1745.26	-0	0	0	0	0	0.428286	-0.232856	0.981853	0	8.53837e-05	-0.000297628	0	0.000703275	-0.000411689	0	-0.115683	-0.0864719	0	0	0	-0.00345267	0	0	0.00892705	313.142	-89.5473	300.066	-0	1.60947	0	0	1.60947	0.277126	0.273182	0.16106	0.162615	0.25643	0.261976	0.143116	0.143054	0.204355	0.20968	0.355243	0.352009	0.163913	0.15492	0.257011	0.251529	0.211001	0.213858	0	0	0	0	0	0	0	0	0	0	0	0	0	0	0	0	0	0	0	0	0	0	0	0	0	0	0	0	0	0	0	0	0	0	0	0	0	0	0	0	0	0	0	0	0	0	0	0	0	0	0	0	0	0	586.362	17.5073	19.8015	22.6044	50.3015	14.9538	69.7131	11.4065	26.0801	12.4369	15.0004	17.6554	24.0219	36.8369	24.8565	63.1567	13.8928	22.4142	11.1797	0	0	0	0	0	0	0.926405	0.922035	0.810291	0.81356	0.902852	0.910193	0.794728	0.793045	0.850812	0.856189	1.00669	1.00151	0.815485	0.799576	0.905396	0.897043	0.860709	0.865577	-0.409884	-1.18363	-2.6017	-0.202174	0.943959	1.99931e-10	-0.712947	-0.188624	0	-53.137	-14.0584	0	-0.0270932	0.040003	8.21528	-0.119292	0.461638	0	-87.2208	337.528	0	30.8568	7.97372	20.9636	0.0632384	-0.00436997	-0.09142	-0.119237	0.444409	0	-87.1802	324.931	0	-29.7052	-7.97002	20.2094	0.063345	-0.00428307	0.09142
0.57	0.189721	0.530526	-0.195806	-0.742391	0.905636	-0.194029	0.339721	0.19594	-0.709089	0.253163	-0.0715586	-0.0372957	0.328024	0.0537854	-0.691315	0.471281	-0.057454	0.03968	0	1	0	0	0	0	1	0	0	0	0	0	0	0	0	0	-0.195806	0.905636	0	0.995504	0	0	0.0947185	-0.742391	-0.194029	0	0	0	0.530526	-0.0981899	0.695564	0.0835	0.965165	0	0	0.26164	-0.602528	-0.124681	0	0	0	0.726465	-0.0184942	0.319032	0.0835	0.995969	0	0	-0.0897026	-0.282387	-0.0749424	0	0	0	0.979628	-0.0151707	0.0570745	0.09142	0.992122	0	0	-0.125273	-0.02628	-0.0735103	0	0	0	0.942333	-0.0999125	0.694566	-0.0835	0.966679	0	0	0.255991	-0.622599	-0.138616	0	0	0	0.584311	-0.0213244	0.316474	-0.0835	0.996237	0	0	-0.0866761	-0.313606	-0.107054	0	0	0	1.05559	-0.0160568	0.0552331	-0.09142	0.993336	0	0	-0.115255	-0.0359681	-0.0975063	0	0	0	1.09527	-0.329281	1.28863	0	0.995668	0	0	0.0929835	-0.94729	-0.265545	0	0	0	0.5359	0.177033	0.0774631	0.375327	0.110505	0.162887	0.127727	0.310017	0.0981727	0.244903	0.0848964	0.169249	0.0407298	0.277428	0.0394429	0.245537	0.0591557	0.14499	0.077788	0.387848	0.111113	0.182232	0.127142	0.31646	0.0986926	0.234019	0.0843258	0.207929	0.0414068	0.277756	0.0398416	0.226271	0.058787	0.257573	0.0689804	0.324929	0.0682907	0.12573	0.12573	0.793679	0.118733	0.0136651	0.157653	0.0118733	0.0115883	0.470962	0.470962	1.00186	0.0616188	0.025841	0.380234	0.00616188	0.00679655	0.191333	0.191333	0.814069	0.100844	0.0121981	0.136057	0.0100844	0.0158224	0.27927	0.27927	0.920945	-0.0615732	0.0210837	0.284058	-0.00615732	-0.0065637	0.256162	0.256162	0.908833	-0.101137	0.0181461	0.230567	-0.0101137	-0.00767633	0.272546	0.272546	0.854949	-0.0925922	0.0174505	0.218561	-0.00925922	-0.00919441	0.140597	0.140597	0.798624	0.0123264	0.0128648	0.145731	0.00123264	0.000628649	0.339695	0.339695	0.896429	-0.00909199	0.0179453	0.227076	-0.000909199	-0.000400047	0.252495	0.252495	0.866115	0.00643479	0.0180566	0.22901	0.000643479	0.000439496	0.14567	0.14567	0.797008	0.265514	0.0123144	0.137729	0.0265514	0.0259142	0.342037	0.342037	1.00737	0.0482664	0.0263017	0.390176	0.00482664	0.00532379	0.116469	0.116469	0.810339	0.0241192	0.0128767	0.145906	0.00241192	0.0037843	0.242122	0.242122	0.925821	-0.145737	0.0207741	0.278208	-0.0145737	-0.0155355	0.28314	0.28314	0.899745	-0.295655	0.0198251	0.260589	-0.0295655	-0.0224402	0.225211	0.225211	0.849202	-0.183284	0.016276	0.198861	-0.0183284	-0.0182001	0.207288	0.207288	0.811898	-0.323662	0.0135392	0.155754	-0.0323662	-0.0165068	0.243066	0.243066	0.905491	0.0270067	0.0183463	0.234071	0.00270067	0.00118829	0.120159	0.120159	0.860718	0.00238653	0.0169162	0.209511	0.000238653	0.000163	0	0	0	0	0	0	0	0	0	0	0	0	0	0	0	0	0	0	-0.195806	0.905636	0	-0.742391	-0.194029	0	-0.195806	0.905636	0	-0.742391	-0.194029	0	0	0	0.189721	0	0	0.530526	-0.0981899	0.695564	0.0835	-0.602528	-0.124681	0	-0.0981899	0.695564	0.0835	-0.602528	-0.124681	0	0	0	0.529443	0	0	0.726465	-0.0184942	0.319032	0.0835	-0.282387	-0.0749424	0	-0.0184942	0.319032	0.0835	-0.282387	-0.0749424	0	0	0	-0.179647	0	0	0.979628	-0.0151707	0.0570745	0.09142	-0.02628	-0.0735103	0	-0.0151707	0.0570745	0.09142	-0.02628	-0.0735103	0	0	0	-0.251205	0	0	0.942333	-0.0999125	0.694566	-0.0835	-0.622599	-0.138616	0	-0.0999125	0.694566	-0.0835	-0.622599	-0.138616	0	0	0	0.517745	0	0	0.584311	-0.0213244	0.316474	-0.0835	-0.313606	-0.107054	0	-0.0213244	0.316474	-0.0835	-0.313606	-0.107054	0	0	0	-0.17357	0	0	1.05559	-0.0160568	0.0552331	-0.09142	-0.0359681	-0.0975063	0	-0.0160568	0.0552331	-0.09142	-0.0359681	-0.0975063	0	0	0	-0.231024	0	0	1.09527	-0.329281	1.28863	0	-0.94729	-0.265545	0	-0.329281	1.28863	0	-0.94729	-0.265545	0	0	0	0.186236	0	0	0.5359	2.35794	-0.184049	0.84229	0.0835	-0.00070788	0.00156793	0	-0.00116599	0.000362188	0	0.351816	-0.597621	0	0	0	0.33972	0	0	0.19594	1724.02	713.196	-1569.58	-0	0	0	0	0	3.38278	0.0148658	0.502728	0.0835	-0.00108616	0.00222129	0	-0.00151485	-0.000501629	0	0.127474	-0.331571	0	0	0	-0.709089	0	0	0.253163	2473.33	1091.1	-2219.65	-0	0	0	0	0	2.38254	-0.0618224	0.0813838	0.0835	0.000145122	0.00173604	0	-0.0013087	5.84573e-05	0	-0.0135076	-0.0432049	0	0	0	-0.0715566	0	0	-0.0372957	1742	-142.592	-1736.16	-0	0	0	0	0	2.348	-0.184049	0.842285	-0.0835	-0.000708431	0.00156341	0	-0.00096035	-0.000361547	0	0.0125024	0.30243	0	0	0	0.328023	0	0	0.0537854	1716.74	712.81	-1561.77	-0	0	0	0	0	3.2964	0.0109187	0.500368	-0.0835	-0.00102121	0.00218254	0	0.000128269	0.000240542	0	-0.196099	0.141729	0	0	0	-0.691315	0	0	0.471281	2410.17	1020.8	-2183.33	-0	0	0	0	0	2.43094	-0.0631895	0.0785959	-0.0835	0.000152744	0.00176656	0	-0.000917628	0.00227837	0	-0.0890337	-0.203103	0	0	0	-0.0574493	0	0	0.03968	1777.39	-150.97	-1770.97	-0	0	0	0	0	0.431848	-0.240548	0.979714	0	8.99285e-05	-0.000301421	0	0.000107467	-0.000178978	0	-0.122931	0.0680408	0	0	0	-0.00345267	0	0	0.00537419	315.747	-90.5648	302.48	-0	1.65814	0	0	1.65814	0.276405	0.272035	0.160291	0.16356	0.252852	0.260193	0.144728	0.143045	0.202425	0.207695	0.356402	0.351402	0.164785	0.152159	0.256532	0.250618	0.210725	0.213652	0	0	0	0	0	0	0	0	0	0	0	0	0	0	0	0	0	0	0	0	0	0	0	0	0	0	0	0	0	0	0	0	0	0	0	0	0	0	0	0	0	0	0	0	0	0	0	0	0	0	0	0	0	0	583.621	16.0658	22.8153	23.2661	41.4792	14.1158	67.9403	7.42047	25.658	13.0171	15.0997	18.9092	19.4504	46.4709	22.9819	69.1612	17.9511	20.5897	8.68628	0	0	0	0	0	0	0.925821	0.920945	0.810339	0.814069	0.899745	0.908833	0.797008	0.793679	0.849202	0.854949	1.00737	1.00186	0.811898	0.798624	0.905491	0.896429	0.860718	0.866115	-0.421861	-1.21061	-2.79771	-0.209425	0.942026	1.99931e-10	-0.736038	-0.19742	0	-54.858	-14.714	0	-0.0235061	0.0263603	8.37438	-0.116845	0.470788	0	-85.4319	344.218	0	31.4684	7.81018	21.3947	0.0632503	-0.00441563	-0.09142	-0.117992	0.443643	0	-86.2704	324.371	0	-29.654	-7.88684	20.2055	0.0634329	-0.00429165	0.09142
0.58	0.194882	0.511781	-0.203381	-0.771301	0.903634	-0.205015	0.341859	0.216531	-0.706259	0.320857	-0.072012	-0.06757	0.329236	0.176009	-0.687062	0.376862	-0.0574968	-0.0377706	0	1	0	0	0	0	1	0	0	0	0	0	0	0	0	0	-0.203381	0.903634	0	0.995256	0	0	0.0972869	-0.771301	-0.205015	0	0	0	0.511781	-0.104371	0.694254	0.0835	0.964204	0	0	0.265161	-0.633292	-0.135231	0	0	0	0.728312	-0.0214145	0.318237	0.0835	0.99641	0	0	-0.0846573	-0.301054	-0.0837	0	0	0	1.04917	-0.0154447	0.056315	0.09142	0.992717	0	0	-0.120471	-0.0275191	-0.0792069	0	0	0	0.981598	-0.106224	0.693168	-0.0835	0.965859	0	0	0.25907	-0.637565	-0.14105	0	0	0	0.68779	-0.0244368	0.315466	-0.0835	0.996683	0	0	-0.0813818	-0.307838	-0.0954463	0	0	0	1.06465	-0.0163891	0.0543045	-0.09142	0.993932	0	0	-0.109997	-0.0305796	-0.0886493	0	0	0	1.02688	-0.338893	1.28591	0	0.995415	0	0	0.095655	-0.973962	-0.276483	0	0	0	0.535362	0.166384	0.0776561	0.392432	0.110506	0.175774	0.127769	0.310557	0.0981079	0.253339	0.0847472	0.159609	0.0407579	0.309528	0.0393813	0.243501	0.0591562	0.139865	0.0780399	0.368425	0.111232	0.175824	0.127214	0.302561	0.0986114	0.233965	0.0841402	0.203397	0.041275	0.267794	0.0398621	0.215383	0.0588257	0.299551	0.0688293	0.311482	0.0680869	0.135149	0.135149	0.795657	0.27862	0.0137285	0.15861	0.027862	0.0271934	0.305739	0.305739	1.00186	0.0659078	0.0266896	0.39863	0.00659078	0.00726963	0.108618	0.108618	0.814335	0.0545554	0.0127327	0.143795	0.00545554	0.00855974	0.332703	0.332703	0.920336	-0.0824298	0.0209428	0.281389	-0.00824298	-0.00878701	0.296747	0.296747	0.906841	-0.428788	0.0178884	0.226091	-0.0428788	-0.032545	0.285819	0.285819	0.853447	-0.143897	0.0175391	0.220076	-0.0143897	-0.014289	0.142245	0.142245	0.799175	0.125129	0.0128152	0.145005	0.0125129	0.00638159	0.260546	0.260546	0.89503	-0.192448	0.0181184	0.230085	-0.0192448	-0.00846771	0.260233	0.260233	0.866123	0.0287643	0.0181059	0.229867	0.00287643	0.0019646	0.0687641	0.0687641	0.799589	0.309202	0.0121652	0.135586	0.0309202	0.0301781	0.347897	0.347897	1.00845	0.165725	0.0264482	0.393361	0.0165725	0.0182794	0.126574	0.126574	0.810799	0.0492939	0.0126528	0.14263	0.00492939	0.00773421	0.301159	0.301159	0.92506	-0.0333264	0.020974	0.28198	-0.00333264	-0.0035526	0.231446	0.231446	0.89706	-0.230647	0.0196929	0.258172	-0.0230647	-0.0175061	0.184799	0.184799	0.847333	-0.187197	0.0162278	0.198069	-0.0187197	-0.0185886	0.162476	0.162476	0.809313	-0.172732	0.0140255	0.163128	-0.0172732	-0.00880935	0.200273	0.200273	0.905957	0.074155	0.0181952	0.231427	0.0074155	0.00326282	0.213269	0.213269	0.861283	0.0679965	0.0167289	0.206374	0.00679965	0.00464416	0	0	0	0	0	0	0	0	0	0	0	0	0	0	0	0	0	0	-0.203381	0.903634	0	-0.771301	-0.205015	0	-0.203381	0.903634	0	-0.771301	-0.205015	0	0	0	0.194882	0	0	0.511781	-0.104371	0.694254	0.0835	-0.633292	-0.135231	0	-0.104371	0.694254	0.0835	-0.633292	-0.135231	0	0	0	0.536741	0	0	0.728312	-0.0214145	0.318237	0.0835	-0.301054	-0.0837	0	-0.0214145	0.318237	0.0835	-0.301054	-0.0837	0	0	0	-0.169517	0	0	1.04917	-0.0154447	0.056315	0.09142	-0.0275191	-0.0792069	0	-0.0154447	0.056315	0.09142	-0.0275191	-0.0792069	0	0	0	-0.241529	0	0	0.981598	-0.106224	0.693168	-0.0835	-0.637565	-0.14105	0	-0.106224	0.693168	-0.0835	-0.637565	-0.14105	0	0	0	0.524118	0	0	0.68779	-0.0244368	0.315466	-0.0835	-0.307838	-0.0954463	0	-0.0244368	0.315466	-0.0835	-0.307838	-0.0954463	0	0	0	-0.162944	0	0	1.06465	-0.0163891	0.0543045	-0.09142	-0.0305796	-0.0886493	0	-0.0163891	0.0543045	-0.09142	-0.0305796	-0.0886493	0	0	0	-0.220441	0	0	1.02688	-0.338893	1.28591	0	-0.973962	-0.276483	0	-0.338893	1.28591	0	-0.973962	-0.276483	0	0	0	0.191603	0	0	0.535362	2.35634	-0.191299	0.840348	0.0835	-0.00071831	0.00156298	0	-0.00158232	-7.68602e-05	0	0.00927401	0.0209572	0	0	0	0.341858	0	0	0.216531	1722.85	725.525	-1562.63	-0	0	0	0	0	3.40875	0.010083	0.502261	0.0835	-0.00110826	0.00222731	0	-0.00228631	0.000411436	0	0.185868	-0.522095	0	0	0	-0.706258	0	0	0.320857	2492.32	1115.7	-2228.65	-0	0	0	0	0	2.39967	-0.0623293	0.0801717	0.0835	0.000131533	0.00174683	0	-0.00148646	0.00153565	0	0.0240983	-0.141451	0	0	0	-0.0720117	0	0	-0.06757	1754.53	-128.658	-1749.8	-0	0	0	0	0	2.34868	-0.191301	0.840348	-0.0835	-0.000720605	0.00156231	0	-0.000681639	-0.00110042	0	0.183847	-0.179173	0	0	0	0.329236	0	0	0.176009	1717.24	723.713	-1557.3	-0	0	0	0	0	3.30833	0.00585036	0.499693	-0.0835	-0.00102681	0.00218844	0	-0.000985622	5.85988e-05	0	-0.048499	-0.153268	0	0	0	-0.687062	0	0	0.376862	2418.9	1030.02	-2188.64	-0	0	0	0	0	2.43997	-0.0637664	0.0771673	-0.0835	0.000139415	0.00177848	0	-0.00181779	0.000166848	0	-0.119734	-0.173649	0	0	0	-0.057499	0	0	-0.0377706	1783.99	-135.9	-1778.81	-0	0	0	0	0	0.427647	-0.248504	0.977483	0	9.18061e-05	-0.000298515	0	0.000408113	6.31362e-05	0	-0.00779629	-0.139906	0	0	0	-0.00323889	0	0	0.0235807	312.676	-94.2222	298.141	-0	1.2906	0	0	1.2906	0.275821	0.270945	0.160339	0.164069	0.249745	0.258833	0.147008	0.143679	0.200812	0.206189	0.356691	0.351506	0.165485	0.149576	0.256124	0.248579	0.210571	0.214195	0	0	0	0	0	0	0	0	0	0	0	0	0	0	0	0	0	0	0	0	0	0	0	0	0	0	0	0	0	0	0	0	0	0	0	0	0	0	0	0	0	0	0	0	0	0	0	0	0	0	0	0	0	0	582.652	15.897	18.1375	18.4716	47.2407	24.8977	77.3748	7.1736	32.8368	13.1943	10.7937	18.366	19.5823	40.1242	19.1778	64.6057	13.248	18.2182	10.7696	0	0	0	0	0	0	0.92506	0.920336	0.810799	0.814335	0.89706	0.906841	0.799589	0.795657	0.847333	0.853447	1.00845	1.00186	0.809313	0.799175	0.905957	0.89503	0.861283	0.866123	-0.434109	-1.23674	-2.44305	-0.216907	0.940008	1.99931e-10	-0.759138	-0.205606	0	-56.5796	-15.3241	0	-0.00923491	0.00576827	8.5979	-0.11947	0.475108	0	-87.3511	347.377	0	31.7572	7.98564	21.5904	0.0632741	-0.00445926	-0.09142	-0.119865	0.444945	0	-87.64	325.323	0	-29.741	-8.01204	20.2821	0.0635002	-0.00429034	0.09142
0.59	0.199881	0.484648	-0.211253	-0.801586	0.901531	-0.215466	0.344122	0.240159	-0.702632	0.397996	-0.0727606	-0.0702138	0.331671	0.308456	-0.683825	0.2766	-0.0581462	-0.0866904	0	1	0	0	0	0	1	0	0	0	0	0	0	0	0	0	-0.211253	0.901531	0	0.99501	0	0	0.0997744	-0.801586	-0.215466	0	0	0	0.484648	-0.110871	0.692851	0.0835	0.963235	0	0	0.26866	-0.666074	-0.144544	0	0	0	0.724807	-0.0245288	0.317347	0.0835	0.996856	0	0	-0.0792311	-0.321209	-0.0936958	0	0	0	1.1228	-0.0157251	0.0554811	0.09142	0.993315	0	0	-0.115437	-0.0289224	-0.0865045	0	0	0	1.05259	-0.112682	0.691746	-0.0835	0.964889	0	0	0.262658	-0.65374	-0.143479	0	0	0	0.793104	-0.0274832	0.314567	-0.0835	0.997103	0	0	-0.0760623	-0.302447	-0.0849349	0	0	0	1.0697	-0.0166661	0.0534689	-0.09142	0.994471	0	0	-0.105015	-0.0254262	-0.0786929	0	0	0	0.983014	-0.348778	1.2831	0	0.995156	0	0	0.0983091	-1.00143	-0.286565	0	0	0	0.532645	0.162532	0.0779413	0.385668	0.110616	0.177064	0.12787	0.331412	0.0979713	0.259019	0.0845551	0.155983	0.0408247	0.300187	0.0393159	0.24704	0.0591554	0.131404	0.0783989	0.358579	0.1114	0.17029	0.127344	0.300932	0.0985648	0.226129	0.083999	0.204798	0.0412098	0.25827	0.0399052	0.212912	0.0588725	0.296808	0.0685169	0.294579	0.067941	0.131201	0.131201	0.798579	0.295252	0.0135954	0.156599	0.0295252	0.0288166	0.307759	0.307759	1.00286	0.0978903	0.0266827	0.398481	0.00978903	0.0107973	0.21026	0.21026	0.814979	0.0282698	0.0126886	0.143153	0.00282698	0.00443554	0.236233	0.236233	0.919055	-0.167743	0.0212245	0.286734	-0.0167743	-0.0178814	0.349767	0.349767	0.902726	-0.391764	0.0179857	0.227777	-0.0391764	-0.0297349	0.217192	0.217192	0.851512	-0.158652	0.0177027	0.222886	-0.0158652	-0.0157541	0.105765	0.105765	0.800484	0.142666	0.0126827	0.143066	0.0142666	0.00727597	0.290489	0.290489	0.893544	-0.11018	0.0182582	0.232525	-0.011018	-0.00484791	0.111985	0.111985	0.866112	0.0156458	0.0182038	0.231577	0.00156458	0.00106861	0.125325	0.125325	0.803268	0.395196	0.0119187	0.132071	0.0395196	0.0385711	0.311771	0.311771	1.00998	0.1528	0.0258516	0.380462	0.01528	0.0168539	0.12693	0.12693	0.811627	0.0996267	0.0125834	0.14162	0.00996267	0.0156314	0.288774	0.288774	0.924623	-0.0533614	0.0207374	0.277518	-0.00533614	-0.00568833	0.257666	0.257666	0.895138	-0.156697	0.0194391	0.253557	-0.0156697	-0.0118933	0.243041	0.243041	0.845912	-0.105814	0.0162779	0.198895	-0.0105814	-0.0105073	0.154761	0.154761	0.808035	-0.127925	0.014305	0.167423	-0.0127925	-0.00652416	0.246583	0.246583	0.906936	0.102166	0.0179096	0.226457	0.0102166	0.00449529	0.236203	0.236203	0.861969	0.0815571	0.0166748	0.205472	0.00815571	0.00557035	0	0	0	0	0	0	0	0	0	0	0	0	0	0	0	0	0	0	-0.211253	0.901531	0	-0.801586	-0.215466	0	-0.211253	0.901531	0	-0.801586	-0.215466	0	0	0	0.199881	0	0	0.484648	-0.110871	0.692851	0.0835	-0.666074	-0.144544	0	-0.110871	0.692851	0.0835	-0.666074	-0.144544	0	0	0	0.544004	0	0	0.724807	-0.0245288	0.317347	0.0835	-0.321209	-0.0936958	0	-0.0245288	0.317347	0.0835	-0.321209	-0.0936958	0	0	0	-0.158628	0	0	1.1228	-0.0157251	0.0554811	0.09142	-0.0289224	-0.0865045	0	-0.0157251	0.0554811	0.09142	-0.0289224	-0.0865045	0	0	0	-0.231389	0	0	1.05259	-0.112682	0.691746	-0.0835	-0.65374	-0.143479	0	-0.112682	0.691746	-0.0835	-0.65374	-0.143479	0	0	0	0.531553	0	0	0.793104	-0.0274832	0.314567	-0.0835	-0.302447	-0.0849349	0	-0.0274832	0.314567	-0.0835	-0.302447	-0.0849349	0	0	0	-0.152272	0	0	1.0697	-0.0166661	0.0534689	-0.09142	-0.0254262	-0.0786929	0	-0.0166661	0.0534689	-0.09142	-0.0254262	-0.0786929	0	0	0	-0.210418	0	0	0.983014	-0.348778	1.2831	0	-1.00143	-0.286565	0	-0.348778	1.2831	0	-1.00143	-0.286565	0	0	0	0.196936	0	0	0.532645	2.36668	-0.198857	0.838311	0.0835	-0.000728592	0.00156315	0	-0.00131547	0.00078854	0	-0.25373	0.28301	0	0	0	0.344122	0	0	0.240159	1730.41	734.59	-1566.74	-0	0	0	0	0	3.42104	0.00496306	0.501703	0.0835	-0.00113566	0.00222749	0	-0.00228989	-0.000819076	0	0.325364	-0.349302	0	0	0	-0.702632	0	0	0.397996	2501.31	1143.12	-2224.82	-0	0	0	0	0	2.41253	-0.0628492	0.0788612	0.0835	0.000112243	0.00175917	0	-0.00207113	0.000741169	0	0.11705	-0.18389	0	0	0	-0.0727563	0	0	-0.0702138	1763.93	-108.238	-1760.6	-0	0	0	0	0	2.31293	-0.19885	0.83829	-0.0835	-0.000721201	0.00154246	0	0.000225008	-0.00271377	0	0.0039115	-0.0781863	0	0	0	0.331671	0	0	0.308456	1691.1	720.175	-1530.09	-0	0	0	0	0	3.29085	0.000836151	0.499107	-0.0835	-0.00103529	0.0021776	0	-0.000620365	-0.00201554	0	0.0433184	-0.0462858	0	0	0	-0.683824	0	0	0.2766	2406.12	1037.31	-2171.03	-0	0	0	0	0	2.42714	-0.0642701	0.0758557	-0.0835	0.000117823	0.00177306	0	-0.00223315	-0.00107636	0	-0.0191554	-0.231385	0	0	0	-0.0581465	0	0	-0.0866904	1774.61	-113.505	-1770.98	-0	0	0	0	0	0.431502	-0.256745	0.975151	0	9.34601e-05	-0.000301398	0	1.04308e-05	1.41859e-05	0	0.0115619	0.0895643	0	0	0	-0.00292969	0	0	0.0479971	315.494	-93.5218	301.314	-0	0.834616	0	0	0.834616	0.27506	0.270336	0.160799	0.164335	0.24706	0.256841	0.149589	0.145657	0.199202	0.204949	0.357372	0.351857	0.161898	0.148624	0.255479	0.247569	0.210632	0.21528	0	0	0	0	0	0	0	0	0	0	0	0	0	0	0	0	0	0	0	0	0	0	0	0	0	0	0	0	0	0	0	0	0	0	0	0	0	0	0	0	0	0	0	0	0	0	0	0	0	0	0	0	0	0	574.648	15.4518	17.9248	25.984	49.4532	25.4596	71.1474	6.16929	29.5793	9.246	13.1287	16.9112	19.158	40.6871	17.0488	61.5538	12.0907	19.7314	11.3807	0	0	0	0	0	0	0.924623	0.919055	0.811627	0.814979	0.895138	0.902726	0.803268	0.798579	0.845912	0.851512	1.00998	1.00286	0.808035	0.800484	0.906936	0.893544	0.861969	0.866112	-0.446611	-1.2626	-2.62372	-0.224624	0.937912	1.99931e-10	-0.783321	-0.213284	0	-58.382	-15.8963	0	0.00443206	-0.0157879	8.81061	-0.125791	0.47314	0	-91.9728	345.937	0	31.6256	8.40816	21.4951	0.0633261	-0.00447702	-0.09142	-0.128133	0.448292	0	-93.6849	327.77	0	-29.9647	-8.56468	20.4328	0.0635696	-0.00430608	0.09142
0.6	0.204807	0.53031	-0.219426	-0.830695	0.899323	-0.22502	0.346385	0.176283	-0.69826	0.476449	-0.0733065	-0.0333441	0.335056	0.316267	-0.681256	0.268073	-0.0593884	-0.157465	0	1	0	0	0	0	1	0	0	0	0	0	0	0	0	0	-0.219426	0.899323	0	0.994761	0	0	0.102225	-0.830695	-0.22502	0	0	0	0.53031	-0.117709	0.691361	0.0835	0.962263	0	0	0.272121	-0.697505	-0.153818	0	0	0	0.706593	-0.0278561	0.316354	0.0835	0.997298	0	0	-0.0734679	-0.342747	-0.105787	0	0	0	1.18304	-0.0160347	0.0545831	0.09142	0.993936	0	0	-0.109965	-0.0331682	-0.0937573	0	0	0	1.1497	-0.119321	0.690298	-0.0835	0.963789	0	0	0.266665	-0.67452	-0.144627	0	0	0	0.846577	-0.0305139	0.31377	-0.0835	0.997502	0	0	-0.0706377	-0.306974	-0.0753535	0	0	0	1.11465	-0.0168919	0.0527314	-0.09142	0.994965	0	0	-0.100222	-0.020551	-0.0695735	0	0	0	0.957185	-0.358939	1.28017	0	0.994892	0	0	0.100944	-1.02975	-0.297603	0	0	0	0.523553	0.157782	0.0782518	0.378233	0.110767	0.188648	0.127872	0.316741	0.0978547	0.245609	0.0844203	0.148661	0.0409214	0.291893	0.0392776	0.229344	0.0592224	0.153789	0.078672	0.368962	0.111531	0.19589	0.127443	0.29397	0.0985023	0.23589	0.083859	0.192084	0.0411815	0.254735	0.039944	0.22321	0.0588866	0.308742	0.0681625	0.287061	0.0678235	0.106742	0.106742	0.801761	0.330112	0.0134687	0.154696	0.0330112	0.0322189	0.302622	0.302622	1.00423	0.146762	0.0267669	0.400329	0.0146762	0.0161878	0.203061	0.203061	0.81499	0.0505359	0.013438	0.154235	0.00505359	0.00792908	0.304767	0.304767	0.917961	-0.0795931	0.0212371	0.286975	-0.00795931	-0.00848462	0.285506	0.285506	0.898057	-0.438924	0.0181246	0.230193	-0.0438924	-0.0333143	0.184966	0.184966	0.850154	-0.105088	0.0173495	0.216842	-0.0105088	-0.0104352	0.131348	0.131348	0.80238	0.2307	0.0125931	0.141762	0.02307	0.0117657	0.177593	0.177593	0.892673	-0.0427052	0.0183354	0.233878	-0.00427052	-0.00187903	0.272657	0.272657	0.867092	0.137315	0.0180215	0.228401	0.0137315	0.00937861	0.127056	0.127056	0.806066	0.0370063	0.0120771	0.134326	0.00370063	0.00361182	0.2701	0.2701	1.01116	0.0454639	0.0253881	0.37057	0.00454639	0.00501467	0.177222	0.177222	0.812254	-0.045107	0.0133033	0.152221	-0.0045107	-0.00707728	0.291008	0.291008	0.924037	-0.0538514	0.0203882	0.270988	-0.00538514	-0.00574056	0.25302	0.25302	0.893591	-0.159327	0.0190527	0.246594	-0.0159327	-0.0120929	0.178821	0.178821	0.844501	-0.147171	0.0165257	0.20299	-0.0147171	-0.014614	0.170371	0.170371	0.80748	0.028675	0.0144072	0.169004	0.0028675	0.00146243	0.20843	0.20843	0.907818	0.0762627	0.0175749	0.220689	0.00762627	0.00335556	0.227403	0.227403	0.862176	0.0209359	0.0168872	0.209024	0.00209359	0.00142992	0	0	0	0	0	0	0	0	0	0	0	0	0	0	0	0	0	0	-0.219426	0.899323	0	-0.830695	-0.22502	0	-0.219426	0.899323	0	-0.830695	-0.22502	0	0	0	0.204807	0	0	0.53031	-0.117709	0.691361	0.0835	-0.697505	-0.153818	0	-0.117709	0.691361	0.0835	-0.697505	-0.153818	0	0	0	0.551192	0	0	0.706593	-0.0278561	0.316354	0.0835	-0.342747	-0.105787	0	-0.0278561	0.316354	0.0835	-0.342747	-0.105787	0	0	0	-0.147068	0	0	1.18304	-0.0160347	0.0545831	0.09142	-0.0331682	-0.0937573	0	-0.0160347	0.0545831	0.09142	-0.0331682	-0.0937573	0	0	0	-0.220375	0	0	1.1497	-0.119321	0.690298	-0.0835	-0.67452	-0.144627	0	-0.119321	0.690298	-0.0835	-0.67452	-0.144627	0	0	0	0.539863	0	0	0.846577	-0.0305139	0.31377	-0.0835	-0.306974	-0.0753535	0	-0.0305139	0.31377	-0.0835	-0.306974	-0.0753535	0	0	0	-0.141393	0	0	1.11465	-0.0168919	0.0527314	-0.09142	-0.020551	-0.0695735	0	-0.0168919	0.0527314	-0.09142	-0.020551	-0.0695735	0	0	0	-0.200782	0	0	0.957185	-0.358939	1.28017	0	-1.02975	-0.297603	0	-0.358939	1.28017	0	-1.02975	-0.297603	0	0	0	0.202232	0	0	0.523553	2.41183	-0.206738	0.836184	0.0835	-0.000756249	0.00158012	0	-0.00346106	0.00116561	0	0.348888	-0.582221	0	0	0	0.346385	0	0	0.176283	1763.41	772.029	-1585.43	-0	0	0	0	0	3.38762	-0.000497285	0.501039	0.0835	-0.00114528	0.0022071	0	0.000227928	-0.00323282	0	0.237176	-0.25907	0	0	0	-0.698261	0	0	0.476449	2476.87	1144.54	-2196.57	-0	0	0	0	0	2.41249	-0.0634135	0.0774427	0.0835	9.54047e-05	0.00176197	0	-0.00142977	-0.000262573	0	0.0921168	-0.520145	0	0	0	-0.0733049	0	0	-0.0333441	1763.9	-92.6399	-1761.47	-0	0	0	0	0	2.2972	-0.206704	0.836121	-0.0835	-0.000721917	0.00151631	0	-0.00159514	-0.000712678	0	-0.544023	0.976709	0	0	0	0.335056	0	0	0.316267	1679.61	729.189	-1513.06	-0	0	0	0	0	3.2998	-0.00420369	0.498607	-0.0835	-0.00105091	0.00216681	0	-0.0025987	0.000255212	0	1.23407	0.191223	0	0	0	-0.681256	0	0	0.268073	2412.66	1059.37	-2167.64	-0	0	0	0	0	2.4057	-0.0647095	0.0746584	-0.0835	9.09269e-05	0.0017603	0	-0.0030529	-0.00177285	0	2.07687	-0.701039	0	0	0	-0.0593841	0	0	-0.157465	1758.93	-85.0234	-1756.88	-0	0	0	0	0	0.424848	-0.265276	0.972721	0	9.79006e-05	-0.000297636	0	0.00099802	0.000821933	0	0.0652349	-0.050977	0	0	0	-0.00258374	0	0	-0.00675642	310.629	-103.809	292.77	-0	1.36642	0	0	1.36642	0.274623	0.269055	0.161627	0.164979	0.245138	0.252726	0.153268	0.148579	0.197333	0.203447	0.358448	0.351864	0.159313	0.149175	0.25541	0.246617	0.210715	0.215976	0	0	0	0	0	0	0	0	0	0	0	0	0	0	0	0	0	0	0	0	0	0	0	0	0	0	0	0	0	0	0	0	0	0	0	0	0	0	0	0	0	0	0	0	0	0	0	0	0	0	0	0	0	0	553.413	13.8515	17.4768	26.3787	45.4543	25.2671	58.2784	6.58184	20.641	13.125	14.7226	16.0889	27.8025	40.1936	16.6349	60.0365	8.99095	17.8905	11.4554	0	0	0	0	0	0	0.924037	0.917961	0.812254	0.81499	0.893591	0.898057	0.806066	0.801761	0.844501	0.850154	1.01116	1.00423	0.80748	0.80238	0.907818	0.892673	0.862176	0.867092	-0.459367	-1.28619	-1.93404	-0.23259	0.935737	1.99931e-10	-0.808731	-0.221258	0	-60.2759	-16.4907	0	0.0193232	-0.0303678	8.98768	-0.133646	0.465194	0	-97.7157	340.128	0	31.0945	8.93317	21.1314	0.063409	-0.00445962	-0.09142	-0.13042	0.44947	0	-95.3569	328.631	0	-30.0435	-8.71753	20.4993	0.0636307	-0.0043174	0.09142
0.61	0.210805	0.635993	-0.227877	-0.858108	0.897041	-0.231753	0.347285	0.0470625	-0.693109	0.54443	-0.0732409	0.0104239	0.337426	0.197035	-0.678247	0.321063	-0.0606568	-0.0967844	0	1	0	0	0	0	1	0	0	0	0	0	0	0	0	0	-0.227877	0.897041	0	0.99445	0	0	0.105207	-0.858108	-0.231753	0	0	0	0.635993	-0.124794	0.689774	0.0835	0.961319	0	0	0.275438	-0.719264	-0.162464	0	0	0	0.683055	-0.0313779	0.315225	0.0835	0.997722	0	0	-0.0674581	-0.359568	-0.116309	0	0	0	1.22748	-0.0163967	0.0536162	0.09142	0.994583	0	0	-0.103942	-0.0371342	-0.0969865	0	0	0	1.23791	-0.12619	0.688841	-0.0835	0.962665	0	0	0.270696	-0.697125	-0.149715	0	0	0	0.833028	-0.0336772	0.312997	-0.0835	0.997888	0	0	-0.0649624	-0.323734	-0.0818885	0	0	0	1.15409	-0.0171161	0.0520477	-0.09142	0.995459	0	0	-0.0951922	-0.0247071	-0.0694687	0	0	0	1.05731	-0.369401	1.27713	0	0.99463	0	0	0.103494	-1.06074	-0.30969	0	0	0	0.507517	0.151283	0.0786018	0.363305	0.110987	0.189864	0.127903	0.308131	0.0977963	0.237236	0.0843128	0.176315	0.0409958	0.279035	0.0392856	0.245433	0.0592309	0.153437	0.0787736	0.355149	0.111634	0.189424	0.127506	0.292668	0.0984265	0.2254	0.0837502	0.205304	0.0411831	0.241124	0.0399861	0.221276	0.0589102	0.291747	0.0678678	0.279125	0.0676993	0.129855	0.129855	0.805347	0.358565	0.0131951	0.15061	0.0358565	0.0349959	0.404074	0.404074	1.00623	0.23396	0.0267248	0.399403	0.023396	0.0258057	0.168916	0.168916	0.81519	0.0437504	0.0134734	0.154768	0.00437504	0.00686444	0.286574	0.286574	0.917413	-0.00890749	0.0213742	0.28959	-0.000890749	-0.000949538	0.219295	0.219295	0.894174	-0.29425	0.0183448	0.234044	-0.029425	-0.0223336	0.154578	0.154578	0.849071	-0.128477	0.0167631	0.206945	-0.0128477	-0.0127578	0.180528	0.180528	0.803839	-0.12124	0.0127394	0.143895	-0.012124	-0.00618323	0.288762	0.288762	0.892854	0.0380068	0.0183109	0.233452	0.00380068	0.0016723	0.25866	0.25866	0.867217	-0.00447702	0.0179885	0.227827	-0.000447702	-0.000305781	0.125306	0.125306	0.807107	0.135114	0.0124994	0.140401	0.0135114	0.0131872	0.392028	0.392028	1.0121	0.113859	0.0253524	0.369814	0.0113859	0.0125586	0.172204	0.172204	0.812658	0.0781588	0.0135779	0.156337	0.00781588	0.0122631	0.358769	0.358769	0.923325	-0.0748568	0.0201629	0.266805	-0.00748568	-0.00797973	0.211766	0.211766	0.891954	-0.160493	0.0186526	0.239469	-0.0160493	-0.0121814	0.226299	0.226299	0.843406	-0.0835904	0.0163364	0.199859	-0.00835904	-0.00830053	0.13992	0.13992	0.807512	-0.101566	0.0144577	0.169788	-0.0101566	-0.00517986	0.233964	0.233964	0.908775	0.135983	0.0172428	0.215026	0.0135983	0.00598327	0.129802	0.129802	0.862522	0.0706638	0.0170987	0.212586	0.00706638	0.00482634	0	0	0	0	0	0	0	0	0	0	0	0	0	0	0	0	0	0	-0.227877	0.897041	0	-0.858108	-0.231753	0	-0.227877	0.897041	0	-0.858108	-0.231753	0	0	0	0.210805	0	0	0.635993	-0.124794	0.689774	0.0835	-0.719264	-0.162464	0	-0.124794	0.689774	0.0835	-0.719264	-0.162464	0	0	0	0.55809	0	0	0.683055	-0.0313779	0.315225	0.0835	-0.359568	-0.116309	0	-0.0313779	0.315225	0.0835	-0.359568	-0.116309	0	0	0	-0.135019	0	0	1.22748	-0.0163967	0.0536162	0.09142	-0.0371342	-0.0969865	0	-0.0163967	0.0536162	0.09142	-0.0371342	-0.0969865	0	0	0	-0.20826	0	0	1.23791	-0.12619	0.688841	-0.0835	-0.697125	-0.149715	0	-0.12619	0.688841	-0.0835	-0.697125	-0.149715	0	0	0	0.548231	0	0	0.833028	-0.0336772	0.312997	-0.0835	-0.323734	-0.0818885	0	-0.0336772	0.312997	-0.0835	-0.323734	-0.0818885	0	0	0	-0.130016	0	0	1.15409	-0.0171161	0.0520477	-0.09142	-0.0247071	-0.0694687	0	-0.0171161	0.0520477	-0.09142	-0.0247071	-0.0694687	0	0	0	-0.190673	0	0	1.05731	-0.369401	1.27713	0	-1.06074	-0.30969	0	-0.369401	1.27713	0	-1.06074	-0.30969	0	0	0	0.20736	0	0	0.507517	2.39768	-0.21482	0.83398	0.0835	-0.000774309	0.00157563	0	-0.000764847	-0.000999644	0	0.0110273	-0.347804	0	0	0	0.347286	0	0	0.0470625	1753.07	777.796	-1571.08	-0	0	0	0	0	3.31465	-0.00624641	0.500226	0.0835	-0.00113467	0.0021598	0	0.00166291	-0.00474679	0	-1.88368	0.225457	0	0	0	-0.693109	0	0	0.54443	2423.52	1129.26	-2144.35	-0	0	0	0	0	2.41236	-0.064049	0.0759002	0.0835	7.92742e-05	0.00176108	0	-0.00108044	0.000534222	0	-3.16251	1.20258	0	0	0	-0.073243	0	0	0.0104239	1763.8	-77.1849	-1762.11	-0	0	0	0	0	2.3184	-0.214791	0.833928	-0.0835	-0.000744447	0.00152326	0	-0.000985563	-0.000564888	0	0.279084	-0.304052	0	0	0	0.337425	0	0	0.197035	1695.11	748.941	-1520.68	-0	0	0	0	0	3.28613	-0.00947146	0.498121	-0.0835	-0.00106754	0.00215864	0	-0.000932932	-0.00235688	0	0.660832	-0.13293	0	0	0	-0.678247	0	0	0.321063	2402.66	1070.57	-2150.97	-0	0	0	0	0	2.37636	-0.0651529	0.0734902	-0.0835	6.81728e-05	0.0017401	0	-0.00206506	-0.00196531	0	0.897464	-0.172164	0	0	0	-0.0606633	0	0	-0.0967844	1737.48	-64.1796	-1736.3	-0	0	0	0	0	0.429596	-0.274163	0.970163	0	0.000104219	-0.000296034	0	-0.000150502	-9.86755e-05	0	-0.130161	0.0620027	0	0	0	-0.00345267	0	0	-0.128476	314.1	-103.328	296.618	-0	3.71969	0	0	3.71969	0.274037	0.267961	0.162254	0.16499	0.243591	0.248057	0.156066	0.151761	0.195912	0.201512	0.359975	0.352863	0.158035	0.150484	0.255667	0.245949	0.210911	0.216094	0	0	0	0	0	0	0	0	0	0	0	0	0	0	0	0	0	0	0	0	0	0	0	0	0	0	0	0	0	0	0	0	0	0	0	0	0	0	0	0	0	0	0	0	0	0	0	0	0	0	0	0	0	0	545.791	14.7028	20.0109	23.8301	37.2923	19.3112	55.8655	11.3005	22.6328	13.3586	14.6143	19.2053	23.9954	46.932	15.251	56.7911	11.104	18.2916	8.75882	0	0	0	0	0	0	0.923325	0.917413	0.812658	0.81519	0.891954	0.894174	0.807107	0.805347	0.843406	0.849071	1.0121	1.00623	0.807512	0.803839	0.908775	0.892854	0.862522	0.867217	-0.472339	-1.30907	-3.07722	-0.240816	0.933477	1.99931e-10	-0.834645	-0.230489	0	-62.2073	-17.1787	0	0.0237016	-0.0297089	9.16008	-0.131866	0.449241	0	-96.4144	328.464	0	30.0282	8.8142	20.4339	0.0635006	-0.00439489	-0.09142	-0.129683	0.446532	0	-94.8182	326.483	0	-29.8471	-8.66828	20.3763	0.0636653	-0.00431705	0.09142
0.62	0.216957	0.58467	-0.23661	-0.887954	0.894651	-0.246512	0.34824	0.162312	-0.687723	0.521153	-0.0734845	-0.0628759	0.339766	0.289233	-0.674923	0.334637	-0.0619154	-0.175849	0	1	0	0	0	0	1	0	0	0	0	0	0	0	0	0	-0.23661	0.894651	0	0.994122	0	0	0.108266	-0.887954	-0.246512	0	0	0	0.58467	-0.132111	0.688095	0.0835	0.960334	0	0	0.278852	-0.743196	-0.172938	0	0	0	0.746982	-0.035008	0.314062	0.0835	0.998124	0	0	-0.0612244	-0.365083	-0.114345	0	0	0	1.26813	-0.0167596	0.0526574	0.09142	0.995201	0	0	-0.0978482	-0.0347779	-0.0936689	0	0	0	1.20526	-0.133306	0.687293	-0.0835	0.961507	0	0	0.274781	-0.725467	-0.159366	0	0	0	0.873903	-0.036979	0.312162	-0.0835	0.998254	0	0	-0.0590651	-0.334967	-0.0833743	0	0	0	1.20854	-0.017359	0.0513447	-0.09142	0.995948	0	0	-0.0899355	-0.0227696	-0.0699546	0	0	0	1.03269	-0.38016	1.27397	0	0.994362	0	0	0.106041	-1.08964	-0.322872	0	0	0	0.51758	0.151979	0.0789323	0.368808	0.111191	0.184824	0.127974	0.302786	0.0977964	0.23459	0.0841803	0.18144	0.040944	0.280906	0.0392919	0.246457	0.0592132	0.159638	0.0789334	0.368195	0.11172	0.179397	0.127643	0.319594	0.0982472	0.223227	0.0836494	0.193663	0.0411718	0.263232	0.0400159	0.209216	0.0590051	0.27385	0.0676854	0.280321	0.0675778	0.216975	0.216975	0.808732	0.297837	0.0130718	0.148783	0.0297837	0.0290688	0.272822	0.272822	1.00808	0.215979	0.0268688	0.402565	0.0215979	0.0238225	0.191257	0.191257	0.815643	0.0652857	0.0133112	0.152339	0.00652857	0.0102433	0.262543	0.262543	0.917414	0.00373927	0.021213	0.286517	0.000373927	0.000398606	0.224757	0.224757	0.89177	-0.184935	0.0182353	0.232127	-0.0184935	-0.0140366	0.143398	0.143398	0.847737	-0.18739	0.0162631	0.198651	-0.018739	-0.0186079	0.238223	0.238223	0.802823	-0.0900133	0.0131512	0.149959	-0.00900133	-0.00459068	0.305726	0.305726	0.892998	0.0107063	0.0182015	0.231535	0.00107063	0.000471076	0.219169	0.219169	0.866957	0.00207487	0.0180842	0.229489	0.000207487	0.000141713	0.20366	0.20366	0.808744	0.121638	0.0128554	0.145594	0.0121638	0.0118719	0.419822	0.419822	1.01288	0.0883579	0.0257641	0.378586	0.00883579	0.00974588	0.228182	0.228182	0.813533	0.121252	0.0132337	0.151184	0.0121252	0.0190245	0.303173	0.303173	0.921644	-0.165561	0.0207322	0.277419	-0.0165561	-0.0176488	0.311187	0.311187	0.890353	-0.219643	0.0182926	0.23313	-0.0219643	-0.0166709	0.156315	0.156315	0.842391	-0.105363	0.0160827	0.195691	-0.0105363	-0.0104626	0.168268	0.168268	0.80729	0.0452892	0.014585	0.171766	0.00452892	0.00230975	0.258713	0.258713	0.909452	-0.083919	0.0169645	0.210322	-0.0083919	-0.00369244	0.210931	0.210931	0.86391	0.177672	0.0170173	0.211212	0.0177672	0.012135	0	0	0	0	0	0	0	0	0	0	0	0	0	0	0	0	0	0	-0.23661	0.894651	0	-0.887954	-0.246512	0	-0.23661	0.894651	0	-0.887954	-0.246512	0	0	0	0.216957	0	0	0.58467	-0.132111	0.688095	0.0835	-0.743196	-0.172938	0	-0.132111	0.688095	0.0835	-0.743196	-0.172938	0	0	0	0.565198	0	0	0.746982	-0.035008	0.314062	0.0835	-0.365083	-0.114345	0	-0.035008	0.314062	0.0835	-0.365083	-0.114345	0	0	0	-0.122525	0	0	1.26813	-0.0167596	0.0526574	0.09142	-0.0347779	-0.0936689	0	-0.0167596	0.0526574	0.09142	-0.0347779	-0.0936689	0	0	0	-0.19601	0	0	1.20526	-0.133306	0.687293	-0.0835	-0.725467	-0.159366	0	-0.133306	0.687293	-0.0835	-0.725467	-0.159366	0	0	0	0.556724	0	0	0.873903	-0.036979	0.312162	-0.0835	-0.334967	-0.0833743	0	-0.036979	0.312162	-0.0835	-0.334967	-0.0833743	0	0	0	-0.118199	0	0	1.20854	-0.017359	0.0513447	-0.09142	-0.0227696	-0.0699546	0	-0.017359	0.0513447	-0.09142	-0.0227696	-0.0699546	0	0	0	-0.180114	0	0	1.03269	-0.38016	1.27397	0	-1.08964	-0.322872	0	-0.38016	1.27397	0	-1.08964	-0.322872	0	0	0	0.212482	0	0	0.51758	2.36476	-0.22316	0.831657	0.0835	-0.000778675	0.0015558	0	-0.000220895	-0.00275771	0	0.028487	0.00496221	0	0	0	0.348241	0	0	0.162312	1729	779.682	-1543.23	-0	0	0	0	0	3.26769	-0.0121896	0.499362	0.0835	-0.00112006	0.00212073	0	0.000563622	-0.00288574	0	-0.00667977	0.454699	0	0	0	-0.687723	0	0	0.521153	2389.18	1118.23	-2111.34	-0	0	0	0	0	2.42384	-0.0646813	0.074356	0.0835	6.26072e-05	0.00177002	0	-0.00207178	0.000627041	0	0.431765	-0.605299	0	0	0	-0.0734868	0	0	-0.0628759	1772.2	-58.601	-1771.23	-0	0	0	0	0	2.32634	-0.223135	0.831621	-0.0835	-0.00075309	0.0015205	0	-0.00138307	0.000324219	0	-0.13932	-0.105816	0	0	0	0.339766	0	0	0.289233	1700.91	759.396	-1521.98	-0	0	0	0	0	3.26963	-0.0149626	0.497559	-0.0835	-0.00107711	0.0021379	0	-0.00123703	-0.00176188	0	-0.607301	0.0137743	0	0	0	-0.674922	0	0	0.334637	2390.6	1081.14	-2132.16	-0	0	0	0	0	2.34835	-0.0656195	0.0722789	-0.0835	5.03883e-05	0.00171971	0	-0.00140771	-0.0017444	0	-0.798193	0.494395	0	0	0	-0.0619122	0	0	-0.175849	1717	-47.6662	-1716.34	-0	0	0	0	0	0.409545	-0.283351	0.967493	0	9.93013e-05	-0.000289828	0	-0.000306487	0.00113186	0	0.14569	0.00292373	0	0	0	-0.00442158	0	0	-0.0670899	299.44	-97.4868	283.127	-0	3.59309	0	0	3.59309	0.273325	0.267413	0.162658	0.16519	0.241954	0.244174	0.157107	0.155347	0.194501	0.200154	0.361163	0.354233	0.15748	0.15238	0.256406	0.244181	0.21161	0.216134	0	0	0	0	0	0	0	0	0	0	0	0	0	0	0	0	0	0	0	0	0	0	0	0	0	0	0	0	0	0	0	0	0	0	0	0	0	0	0	0	0	0	0	0	0	0	0	0	0	0	0	0	0	0	567.533	20.2388	16.2249	25.1214	34.3594	15.9215	60.2893	12.6529	23.577	12.0334	19.8454	20.5605	27.6594	52.5924	19.3689	50.5457	8.98116	24.5016	10.5167	0	0	0	0	0	0	0.921644	0.917414	0.813533	0.815643	0.890353	0.89177	0.808744	0.808732	0.842391	0.847737	1.01288	1.00808	0.80729	0.802823	0.909452	0.892998	0.86391	0.866957	-0.485604	-1.34261	-3.20327	-0.249294	0.931117	1.99931e-10	-0.859921	-0.241317	0	-64.0911	-17.9857	0	0.0228386	-0.0244648	9.40135	-0.128031	0.439232	0	-93.6101	321.146	0	29.3592	8.55783	20.0137	0.0635788	-0.00431991	-0.09142	-0.126395	0.443862	0	-92.414	324.531	0	-29.6686	-8.44849	20.272	0.0636914	-0.00430489	0.09142
0.63	0.223094	0.676996	-0.245643	-0.91702	0.892106	-0.260632	0.349849	0.110928	-0.682543	0.527341	-0.074716	-0.160063	0.342578	0.223211	-0.671497	0.363246	-0.0642277	-0.26355	0	1	0	0	0	0	1	0	0	0	0	0	0	0	0	0	-0.245643	0.892106	0	0.993785	0	0	0.111316	-0.91702	-0.260632	0	0	0	0.676996	-0.139657	0.68633	0.0835	0.959247	0	0	0.282569	-0.763178	-0.17922	0	0	0	0.787924	-0.0386837	0.312949	0.0835	0.998499	0	0	-0.0547724	-0.370944	-0.108871	0	0	0	1.31527	-0.0170805	0.0517508	0.09142	0.995756	0	0	-0.0920275	-0.0307458	-0.0877797	0	0	0	1.1552	-0.14069	0.685663	-0.0835	0.960268	0	0	0.27908	-0.748565	-0.166034	0	0	0	0.900207	-0.040372	0.31134	-0.0835	0.9986	0	0	-0.0528881	-0.344525	-0.0821617	0	0	0	1.26345	-0.0175688	0.0506563	-0.09142	0.996387	0	0	-0.0849242	-0.0201122	-0.0681217	0	0	0	0.999903	-0.391211	1.27065	0	0.994085	0	0	0.108603	-1.12052	-0.341654	0	0	0	0.508375	0.194903	0.0789383	0.38265	0.111406	0.189437	0.128041	0.28232	0.0978182	0.233602	0.0840062	0.197254	0.0408215	0.282899	0.0392748	0.259478	0.0592102	0.175036	0.0789497	0.381243	0.11178	0.203845	0.127655	0.309791	0.098101	0.225073	0.083539	0.186883	0.0412048	0.267143	0.0399725	0.204785	0.0591287	0.264377	0.0675497	0.290296	0.0673512	0.181664	0.181664	0.808794	-0.0706607	0.0139804	0.162441	-0.00706607	-0.00689649	0.438253	0.438253	1.01003	0.0931644	0.0265009	0.394509	0.00931644	0.010276	0.238243	0.238243	0.816068	0.027779	0.0133832	0.153414	0.0027779	0.00435852	0.28901	0.28901	0.917619	0.0660828	0.0206799	0.276437	0.00660828	0.00704443	0.218337	0.218337	0.889983	-0.179762	0.0177983	0.224534	-0.0179762	-0.0136439	0.245959	0.245959	0.845984	-0.233452	0.0159253	0.193122	-0.0233452	-0.0231818	0.127273	0.127273	0.800421	-0.173005	0.0135698	0.156215	-0.0173005	-0.00882327	0.200837	0.200837	0.892609	-0.0256295	0.0180368	0.228664	-0.00256295	-0.0011277	0.219483	0.219483	0.866914	-0.0689105	0.018299	0.233241	-0.00689105	-0.00470659	0.142463	0.142463	0.80891	0.0874442	0.0136421	0.157306	0.00874442	0.00853455	0.250084	0.250084	1.01342	0.0845993	0.026356	0.391354	0.00845993	0.0093313	0.102417	0.102417	0.813606	0.0220458	0.0140803	0.163967	0.00220458	0.00345898	0.251682	0.251682	0.920272	-0.100047	0.0207706	0.278141	-0.0100047	-0.010665	0.21237	0.21237	0.887368	-0.320065	0.0180403	0.228726	-0.0320065	-0.0242929	0.179228	0.179228	0.841279	-0.174454	0.0157728	0.190644	-0.0174454	-0.0173233	0.109274	0.109274	0.807938	0.0912488	0.0144431	0.169561	0.00912488	0.00465369	0.198489	0.198489	0.908465	-0.132013	0.0168346	0.208143	-0.0132013	-0.00580857	0.203043	0.203043	0.865721	0.222357	0.0169977	0.210882	0.0222357	0.015187	0	0	0	0	0	0	0	0	0	0	0	0	0	0	0	0	0	0	-0.245643	0.892106	0	-0.91702	-0.260632	0	-0.245643	0.892106	0	-0.91702	-0.260632	0	0	0	0.223094	0	0	0.676996	-0.139657	0.68633	0.0835	-0.763178	-0.17922	0	-0.139657	0.68633	0.0835	-0.763178	-0.17922	0	0	0	0.572943	0	0	0.787924	-0.0386837	0.312949	0.0835	-0.370944	-0.108871	0	-0.0386837	0.312949	0.0835	-0.370944	-0.108871	0	0	0	-0.1096	0	0	1.31527	-0.0170805	0.0517508	0.09142	-0.0307458	-0.0877797	0	-0.0170805	0.0517508	0.09142	-0.0307458	-0.0877797	0	0	0	-0.184316	0	0	1.1552	-0.14069	0.685663	-0.0835	-0.748565	-0.166034	0	-0.14069	0.685663	-0.0835	-0.748565	-0.166034	0	0	0	0.565672	0	0	0.900207	-0.040372	0.31134	-0.0835	-0.344525	-0.0821617	0	-0.040372	0.31134	-0.0835	-0.344525	-0.0821617	0	0	0	-0.105826	0	0	1.26345	-0.0175688	0.0506563	-0.09142	-0.0201122	-0.0681217	0	-0.0175688	0.0506563	-0.09142	-0.0201122	-0.0681217	0	0	0	-0.170053	0	0	0.999903	-0.391211	1.27065	0	-1.12052	-0.341654	0	-0.391211	1.27065	0	-1.12052	-0.341654	0	0	0	0.217634	0	0	0.508375	2.37125	-0.231815	0.829183	0.0835	-0.000796467	0.00153939	0	-0.00235486	-0.00110212	0	0.171076	-0.0406318	0	0	0	0.349849	0	0	0.110928	1733.74	807.204	-1534.37	-0	0	0	0	0	3.27228	-0.0182624	0.498529	0.0835	-0.00112172	0.00210851	0	-0.00148761	0.000674374	0	0.110787	0.521709	0	0	0	-0.682543	0	0	0.527341	2392.54	1126.56	-2110.71	-0	0	0	0	0	2.43395	-0.0652526	0.0728875	0.0835	4.33922e-05	0.0017783	0	-0.00230273	0.000445321	0	0.748402	-0.41278	0	0	0	-0.074713	0	0	-0.160063	1779.59	-38.9393	-1779.17	-0	0	0	0	0	2.39224	-0.231808	0.829182	-0.0835	-0.000788778	0.00153869	0	-0.00438225	0.00267291	0	0.283061	-0.285725	0	0	0	0.342577	0	0	0.223211	1749.09	808.758	-1550.88	-0	0	0	0	0	3.27521	-0.0206512	0.496995	-0.0835	-0.00109296	0.00212771	0	-0.00228256	-0.00025532	0	-0.720056	-0.00226814	0	0	0	-0.671497	0	0	0.363246	2394.68	1100.4	-2126.88	-0	0	0	0	0	2.32419	-0.0660374	0.0711039	-0.0835	3.38703e-05	0.00170285	0	-0.00171095	-0.00195406	0	-0.886868	0.292935	0	0	0	-0.0642261	0	0	-0.26355	1699.34	-30.5618	-1699.07	-0	0	0	0	0	0.397558	-0.292825	0.964675	0	0.000106961	-0.000272915	0	0.0013662	0.00100943	0	-0.0373607	-0.34503	0	0	0	-0.00548095	0	0	-0.168621	290.676	-115.049	266.939	-0	6.88453	0	0	6.88453	0.271644	0.267414	0.163533	0.165643	0.240353	0.24177	0.158744	0.158732	0.193406	0.199071	0.362098	0.356228	0.157512	0.153839	0.257411	0.243027	0.212143	0.216436	0	0	0	0	0	0	0	0	0	0	0	0	0	0	0	0	0	0	0	0	0	0	0	0	0	0	0	0	0	0	0	0	0	0	0	0	0	0	0	0	0	0	0	0	0	0	0	0	0	0	0	0	0	0	579.037	24.5736	21.7602	29.4223	34.5722	15.1762	76.5261	11.9003	20.1711	14.6927	17.0723	15.9447	20.47	42.6119	19.5432	60.4082	7.2482	24.246	10.1559	0	0	0	0	0	0	0.920272	0.917619	0.813606	0.816068	0.887368	0.889983	0.80891	0.808794	0.841279	0.845984	1.01342	1.01003	0.807938	0.800421	0.908465	0.892609	0.865721	0.866914	-0.499171	-1.36871	-2.63188	-0.258022	0.928643	1.99931e-10	-0.884727	-0.25333	0	-65.94	-18.881	0	0.0207559	-0.0207427	9.70833	-0.125585	0.429894	0	-91.8218	314.319	0	28.735	8.39435	19.6208	0.0636667	-0.00425613	-0.09142	-0.125562	0.439543	0	-91.8052	321.373	0	-29.38	-8.39283	20.0878	0.0637307	-0.00428677	0.09142
0.64	0.230479	0.770313	-0.254943	-0.940999	0.889442	-0.272112	0.35035	0.0187501	-0.677063	0.567764	-0.0762313	-0.144345	0.344187	0.131008	-0.667686	0.393547	-0.0668076	-0.260481	0	1	0	0	0	0	1	0	0	0	0	0	0	0	0	0	-0.254943	0.889442	0	0.993367	0	0	0.114985	-0.940999	-0.272112	0	0	0	0.770313	-0.147383	0.684509	0.0835	0.958125	0	0	0.28635	-0.781854	-0.186143	0	0	0	0.789063	-0.0424569	0.31186	0.0835	0.998843	0	0	-0.048098	-0.383435	-0.111376	0	0	0	1.35683	-0.0173949	0.050896	0.09142	0.996284	0	0	-0.0861254	-0.0325732	-0.0850769	0	0	0	1.21248	-0.148251	0.68394	-0.0835	0.959003	0	0	0.283396	-0.763374	-0.178601	0	0	0	0.901321	-0.0438624	0.310457	-0.0835	0.998919	0	0	-0.0464935	-0.352702	-0.0941948	0	0	0	1.29487	-0.0177728	0.0499444	-0.09142	0.996809	0	0	-0.079829	-0.0201122	-0.0736405	0	0	0	1.03439	-0.402594	1.26713	0	0.993806	0	0	0.111129	-1.15451	-0.360795	0	0	0	0.516515	0.203072	0.0789182	0.399778	0.11148	0.203981	0.127978	0.281003	0.097849	0.234901	0.0837477	0.187117	0.0407756	0.281045	0.0392704	0.251105	0.059203	0.168108	0.0790996	0.357512	0.111944	0.193614	0.12775	0.299691	0.0980281	0.215549	0.0833983	0.178668	0.0412733	0.288871	0.0399051	0.21978	0.0592487	0.259116	0.0674088	0.283186	0.0671321	0.160699	0.160699	0.808589	-0.0332325	0.0146084	0.17213	-0.00332325	-0.00324349	0.354583	0.354583	1.01069	0.101314	0.0273901	0.414099	0.0101314	0.0111749	0.227473	0.227473	0.815663	0.0214152	0.0141201	0.164578	0.00214152	0.00336004	0.249683	0.249683	0.917908	0.0213481	0.0202617	0.268638	0.00213481	0.00227571	0.24212	0.24212	0.888127	-0.209303	0.0173376	0.216639	-0.0209303	-0.0158861	0.244444	0.244444	0.843381	-0.247913	0.0158751	0.192302	-0.0247913	-0.0246177	0.110719	0.110719	0.799522	-0.0226198	0.0137335	0.158686	-0.00226198	-0.00115361	0.201524	0.201524	0.89251	-0.0464703	0.0178116	0.224762	-0.00464703	-0.00204469	0.258098	0.258098	0.866808	0.042602	0.0186239	0.23896	0.0042602	0.00290972	0.173953	0.173953	0.810447	0.225983	0.0138608	0.160618	0.0225983	0.0220559	0.359127	0.359127	1.01491	0.182155	0.0260409	0.384534	0.0182155	0.0200917	0.12657	0.12657	0.814211	0.0505949	0.0136957	0.158114	0.00505949	0.00793834	0.267967	0.267967	0.919588	-0.0404861	0.0207342	0.27746	-0.00404861	-0.00431581	0.220927	0.220927	0.88448	-0.281656	0.0179505	0.227167	-0.0281656	-0.0213777	0.0979373	0.0979373	0.839863	-0.112015	0.0156042	0.18792	-0.0112015	-0.0111231	0.192258	0.192258	0.80928	0.141979	0.0142199	0.166111	0.0141979	0.00724094	0.21869	0.21869	0.906933	-0.290205	0.0167745	0.207137	-0.0290205	-0.012769	0.164342	0.164342	0.867478	0.0651225	0.017036	0.211527	0.00651225	0.00444787	0	0	0	0	0	0	0	0	0	0	0	0	0	0	0	0	0	0	-0.254943	0.889442	0	-0.940999	-0.272112	0	-0.254943	0.889442	0	-0.940999	-0.272112	0	0	0	0.230479	0	0	0.770313	-0.147383	0.684509	0.0835	-0.781854	-0.186143	0	-0.147383	0.684509	0.0835	-0.781854	-0.186143	0	0	0	0.58083	0	0	0.789063	-0.0424569	0.31186	0.0835	-0.383435	-0.111376	0	-0.0424569	0.31186	0.0835	-0.383435	-0.111376	0	0	0	-0.0962331	0	0	1.35683	-0.0173949	0.050896	0.09142	-0.0325732	-0.0850769	0	-0.0173949	0.050896	0.09142	-0.0325732	-0.0850769	0	0	0	-0.172464	0	0	1.21248	-0.148251	0.68394	-0.0835	-0.763374	-0.178601	0	-0.148251	0.68394	-0.0835	-0.763374	-0.178601	0	0	0	0.574666	0	0	0.901321	-0.0438624	0.310457	-0.0835	-0.352702	-0.0941948	0	-0.0438624	0.310457	-0.0835	-0.352702	-0.0941948	0	0	0	-0.0930204	0	0	1.29487	-0.0177728	0.0499444	-0.09142	-0.0201122	-0.0736405	0	-0.0177728	0.0499444	-0.09142	-0.0201122	-0.0736405	0	0	0	-0.159828	0	0	1.03439	-0.402594	1.26713	0	-1.15451	-0.360795	0	-0.402594	1.26713	0	-1.15451	-0.360795	0	0	0	0.222717	0	0	0.516515	2.40001	-0.240665	0.82663	0.0835	-0.000822037	0.00154072	0	-0.00256908	0.00073126	0	0.404613	-0.164206	0	0	0	0.35035	0	0	0.0187501	1754.78	833.751	-1544.05	-0	0	0	0	0	3.3125	-0.0245179	0.497696	0.0835	-0.00114527	0.00212502	0	-0.00281209	0.00125571	0	2.08455	-0.147489	0	0	0	-0.677063	0	0	0.567764	2421.95	1154.43	-2129.11	-0	0	0	0	0	2.42524	-0.0658142	0.0714603	0.0835	2.01464e-05	0.00177449	0	-0.00266077	-0.000689834	0	3.24792	-0.49011	0	0	0	-0.0762328	0	0	-0.144345	1773.22	-15.0012	-1773.16	-0	0	0	0	0	2.38021	-0.240655	0.826634	-0.0835	-0.000812471	0.00154407	0	-0.00055933	-0.00140756	0	0.00352478	-0.173066	0	0	0	0.344186	0	0	0.131008	1740.3	815.021	-1537.66	-0	0	0	0	0	3.2479	-0.0265205	0.49635	-0.0835	-0.00111272	0.00210869	0	-0.00101364	-0.00385927	0	-1.18538	-0.312879	0	0	0	-0.667686	0	0	0.393547	2374.71	1116.02	-2096.13	-0	0	0	0	0	2.30471	-0.0664481	0.0698953	-0.0835	1.35973e-05	0.0016861	0	-0.00172662	-0.000531659	0	-2.11054	0.962302	0	0	0	-0.0668067	0	0	-0.260481	1685.1	-10.2585	-1685.07	-0	0	0	0	0	0.405266	-0.302654	0.961661	0	0.000114381	-0.000271752	0	0.000109971	-0.000222772	0	-0.074419	0.0283539	0	0	0	-0.00775123	0	0	-0.253798	296.311	-115.032	273.071	-0	12.7718	0	0	12.7718	0.270272	0.267619	0.163606	0.166068	0.237368	0.239983	0.15891	0.158794	0.192391	0.197737	0.362875	0.358079	0.15729	0.152823	0.258226	0.242655	0.212289	0.217325	0	0	0	0	0	0	0	0	0	0	0	0	0	0	0	0	0	0	0	0	0	0	0	0	0	0	0	0	0	0	0	0	0	0	0	0	0	0	0	0	0	0	0	0	0	0	0	0	0	0	0	0	0	0	562.395	21.9775	19.6438	29.7424	31.6927	16.1711	77.8848	7.75907	21.1235	13.393	18.512	18.1871	21.1458	37.9043	18.4601	43.945	9.20907	33.4957	9.60529	0	0	0	0	0	0	0.919588	0.917908	0.814211	0.815663	0.88448	0.888127	0.810447	0.808589	0.839863	0.843381	1.01491	1.01069	0.80928	0.799522	0.906933	0.89251	0.867478	0.866808	-0.513035	-1.40639	-5.00792	-0.266998	0.926039	1.99931e-10	-0.909368	-0.267139	0	-67.7765	-19.9102	0	0.012483	-0.0252908	10.0445	-0.127084	0.422373	0	-92.9178	308.819	0	28.2323	8.49455	19.2994	0.0637566	-0.00419605	-0.09142	-0.122781	0.426426	0	-89.772	311.783	0	-28.5032	-8.20696	19.5023	0.0637699	-0.00423419	0.09142
0.65	0.238229	0.779042	-0.264466	-0.961866	0.886643	-0.286904	0.350509	0.0089184	-0.671195	0.611153	-0.0775844	-0.120784	0.345569	0.148165	-0.663676	0.399933	-0.0696341	-0.298047	0	1	0	0	0	0	1	0	0	0	0	0	0	0	0	0	-0.264466	0.886643	0	0.992914	0	0	0.118833	-0.961866	-0.286904	0	0	0	0.779042	-0.155307	0.682572	0.0835	0.956985	0	0	0.290136	-0.802363	-0.200525	0	0	0	0.78796	-0.0463523	0.310685	0.0835	0.99915	0	0	-0.0412166	-0.395807	-0.124025	0	0	0	1.39911	-0.0177241	0.0500153	0.09142	0.9968	0	0	-0.0799351	-0.0336685	-0.091501	0	0	0	1.27833	-0.155986	0.682092	-0.0835	0.957699	0	0	0.287772	-0.781398	-0.190007	0	0	0	0.927206	-0.0474278	0.309483	-0.0835	0.999203	0	0	-0.0399284	-0.359568	-0.0984848	0	0	0	1.32714	-0.0179679	0.0491964	-0.09142	0.997207	0	0	-0.0746865	-0.0193308	-0.0743126	0	0	0	1.02909	-0.414319	1.26342	0	0.993504	0	0	0.113801	-1.18812	-0.380398	0	0	0	0.558156	0.194545	0.0789666	0.385921	0.111643	0.211363	0.127945	0.272191	0.0978788	0.232973	0.0834846	0.175493	0.0408025	0.262378	0.0392708	0.247561	0.0592354	0.186469	0.0792595	0.377863	0.112103	0.182565	0.127864	0.301706	0.0979893	0.199958	0.0833324	0.185668	0.0413066	0.289138	0.0397912	0.218608	0.0593238	0.27276	0.0672187	0.267536	0.0669556	0.104858	0.104858	0.809085	0.133621	0.0150273	0.178709	0.0133621	0.0130414	0.324712	0.324712	1.01218	0.196349	0.0275681	0.418073	0.0196349	0.0216573	0.162563	0.162563	0.815453	0.00786107	0.0144256	0.169287	0.000786107	0.0012334	0.278928	0.278928	0.918188	0.0402661	0.019953	0.262934	0.00402661	0.00429237	0.216719	0.216719	0.885622	-0.349276	0.0170601	0.211933	-0.0349276	-0.02651	0.188237	0.188237	0.840732	-0.238794	0.0157992	0.191073	-0.0238794	-0.0237123	0.143694	0.143694	0.800048	0.121377	0.0137855	0.159474	0.0121377	0.00619022	0.233032	0.233032	0.892519	0.0548606	0.0176122	0.221329	0.00548606	0.00241386	0.242286	0.242286	0.867283	0.0918474	0.0187721	0.24159	0.00918474	0.00627318	0.176849	0.176849	0.812085	0.0548098	0.0142009	0.165817	0.00548098	0.00534944	0.348866	0.348866	1.01635	0.0804352	0.0261582	0.387067	0.00804352	0.008872	0.150364	0.150364	0.814942	0.0789447	0.0132395	0.151271	0.00789447	0.0123864	0.213151	0.213151	0.919224	-0.0585101	0.0206923	0.276672	-0.00585101	-0.00623718	0.27195	0.27195	0.882155	-0.1744	0.0179046	0.226372	-0.01744	-0.013237	0.19244	0.19244	0.839199	-0.064215	0.0149995	0.17827	-0.0064215	-0.00637655	0.148978	0.148978	0.809934	0.0307225	0.0140881	0.164088	0.00307225	0.00156685	0.301146	0.301146	0.904346	-0.278811	0.0168261	0.208001	-0.0278811	-0.0122677	0.250687	0.250687	0.868577	0.109725	0.0172503	0.215153	0.0109725	0.00749423	0	0	0	0	0	0	0	0	0	0	0	0	0	0	0	0	0	0	-0.264466	0.886643	0	-0.961866	-0.286904	0	-0.264466	0.886643	0	-0.961866	-0.286904	0	0	0	0.238229	0	0	0.779042	-0.155307	0.682572	0.0835	-0.802363	-0.200525	0	-0.155307	0.682572	0.0835	-0.802363	-0.200525	0	0	0	0.588739	0	0	0.78796	-0.0463523	0.310685	0.0835	-0.395807	-0.124025	0	-0.0463523	0.310685	0.0835	-0.395807	-0.124025	0	0	0	-0.0824566	0	0	1.39911	-0.0177241	0.0500153	0.09142	-0.0336685	-0.091501	0	-0.0177241	0.0500153	0.09142	-0.0336685	-0.091501	0	0	0	-0.160041	0	0	1.27833	-0.155986	0.682092	-0.0835	-0.781398	-0.190007	0	-0.155986	0.682092	-0.0835	-0.781398	-0.190007	0	0	0	0.583798	0	0	0.927206	-0.0474278	0.309483	-0.0835	-0.359568	-0.0984848	0	-0.0474278	0.309483	-0.0835	-0.359568	-0.0984848	0	0	0	-0.0798781	0	0	1.32714	-0.0179679	0.0491964	-0.09142	-0.0193308	-0.0743126	0	-0.0179679	0.0491964	-0.09142	-0.0193308	-0.0743126	0	0	0	-0.149512	0	0	1.02909	-0.414319	1.26342	0	-1.18812	-0.380398	0	-0.414319	1.26342	0	-1.18812	-0.380398	0	0	0	0.228097	0	0	0.558156	2.40798	-0.24971	0.823951	0.0835	-0.000842735	0.00154167	0	-0.00193918	-0.000158727	0	0.193759	-0.195961	0	0	0	0.350509	0	0	0.0089184	1760.6	851.577	-1540.95	-0	0	0	0	0	3.32251	-0.0309751	0.49675	0.0835	-0.00116853	0.00212926	0	-0.00186867	-0.000875212	0	0.610428	-0.36809	0	0	0	-0.671195	0	0	0.611153	2429.26	1174.61	-2126.41	-0	0	0	0	0	2.41007	-0.0663951	0.0699765	0.0835	-3.7998e-06	0.00176531	0	-0.00262604	-0.00165699	0	0.697055	-0.156135	0	0	0	-0.0775848	0	0	-0.120784	1762.13	8.87782	-1762.11	-0	0	0	0	0	2.36292	-0.24969	0.823936	-0.0835	-0.000822097	0.00152656	0	-0.00109112	-0.0021376	0	-0.12109	0.191064	0	0	0	0.345569	0	0	0.148165	1727.65	827.072	-1516.82	-0	0	0	0	0	3.19225	-0.0325304	0.495588	-0.0835	-0.0011147	0.00206435	0	7.15256e-07	-0.00420954	0	0.0904438	0.14258	0	0	0	-0.663677	0	0	0.399933	2334.02	1114.69	-2050.64	-0	0	0	0	0	2.30384	-0.0668463	0.068644	-0.0835	-4.88013e-06	0.00168514	0	-0.00163942	-0.000363551	0	0.391012	0.346238	0	0	0	-0.0696311	0	0	-0.298047	1684.46	8.05031	-1684.44	-0	0	0	0	0	0.392446	-0.312736	0.958494	0	0.000115216	-0.000267789	0	0.000124216	0.000898898	0	-0.00586653	0.0488154	0	0	0	-0.0101487	0	0	-0.220886	286.938	-115.951	262.467	-0	15.1673	0	0	15.1673	0.269588	0.267908	0.164211	0.165663	0.23448	0.238127	0.160447	0.158589	0.191279	0.195984	0.363422	0.360025	0.157938	0.150421	0.259395	0.242958	0.213081	0.217078	0	0	0	0	0	0	0	0	0	0	0	0	0	0	0	0	0	0	0	0	0	0	0	0	0	0	0	0	0	0	0	0	0	0	0	0	0	0	0	0	0	0	0	0	0	0	0	0	0	0	0	0	0	0	549.814	16.3831	18.2103	25.2293	33.0313	19.2034	69.4759	7.70116	19.1559	12.7759	19.9922	18.5534	21.853	35.8841	16.4905	46.1978	8.2188	36.8479	12.0672	0	0	0	0	0	0	0.919224	0.918188	0.814942	0.815453	0.882155	0.885622	0.812085	0.809085	0.839199	0.840732	1.01635	1.01218	0.809934	0.800048	0.904346	0.892519	0.868577	0.867283	-0.527381	-1.45997	-5.55393	-0.276222	0.923286	1.99931e-10	-0.933877	-0.282661	0	-69.6031	-21.0671	0	0.0180395	-0.0291402	10.409	-0.124022	0.415768	0	-90.6792	303.99	0	27.7907	8.28989	19.0334	0.0638495	-0.00414872	-0.09142	-0.124508	0.41705	0	-91.0343	304.928	0	-27.8765	-8.32236	19.0746	0.0637993	-0.00416923	0.09142
0.66	0.246032	0.779524	-0.274192	-0.982742	0.883689	-0.303634	0.350543	0.00230211	-0.664852	0.6543	-0.0784778	-0.0616337	0.347302	0.202204	-0.659821	0.363769	-0.0728517	-0.32516	0	1	0	0	0	0	1	0	0	0	0	0	0	0	0	0	-0.274192	0.883689	0	0.992443	0	0	0.122706	-0.982742	-0.303634	0	0	0	0.779524	-0.163438	0.680472	0.0835	0.955841	0	0	0.293884	-0.823104	-0.219005	0	0	0	0.781826	-0.0503819	0.309349	0.0835	0.999417	0	0	-0.0341314	-0.409403	-0.141409	0	0	0	1.43613	-0.0180766	0.0490526	0.09142	0.997309	0	0	-0.0733111	-0.0365901	-0.0996209	0	0	0	1.37449	-0.163877	0.680145	-0.0835	0.956316	0	0	0.292334	-0.795539	-0.199529	0	0	0	0.981728	-0.0510393	0.308516	-0.0835	0.999447	0	0	-0.0332373	-0.361744	-0.0960871	0	0	0	1.3455	-0.0181542	0.0484893	-0.09142	0.997574	0	0	-0.069613	-0.0181682	-0.06784	0	0	0	1.02034	-0.426377	1.2595	0	0.993168	0	0	0.11669	-1.2222	-0.403187	0	0	0	0.603181	0.185019	0.079183	0.396307	0.111861	0.200654	0.127988	0.268566	0.0979063	0.222338	0.0832654	0.166789	0.0408906	0.254794	0.0392985	0.268749	0.0592711	0.181537	0.079382	0.367198	0.11224	0.173364	0.127989	0.299214	0.0979534	0.194465	0.0832428	0.173415	0.0413402	0.290185	0.0396634	0.247728	0.0593334	0.256456	0.0669909	0.287501	0.0667816	0.110541	0.110541	0.811301	0.261869	0.015086	0.179639	0.0261869	0.0255584	0.35569	0.35569	1.01415	0.149349	0.0276732	0.420427	0.0149349	0.0164732	0.153904	0.153904	0.815728	0.0435582	0.0140645	0.163724	0.00435582	0.00683428	0.287159	0.287159	0.918445	0.0463614	0.0198092	0.260299	0.00463614	0.00494213	0.243241	0.243241	0.88262	-0.234529	0.0169977	0.21088	-0.0234529	-0.0178007	0.234028	0.234028	0.838524	-0.201248	0.0154482	0.185412	-0.0201248	-0.0199839	0.127611	0.127611	0.801777	0.250454	0.0138363	0.160246	0.0250454	0.0127731	0.249942	0.249942	0.893147	0.0772094	0.0173882	0.2175	0.00772094	0.00339722	0.290573	0.290573	0.867805	-0.0586535	0.018848	0.242938	-0.00586535	-0.00400603	0.186106	0.186106	0.81334	0.20965	0.0146737	0.17315	0.020965	0.0204618	0.380349	0.380349	1.01759	0.159564	0.0263457	0.391131	0.0159564	0.0175999	0.204771	0.204771	0.815736	0.0958569	0.0128098	0.144924	0.00958569	0.0150399	0.305514	0.305514	0.918888	-0.0647727	0.0205213	0.273468	-0.00647727	-0.00690477	0.234208	0.234208	0.879863	-0.329007	0.0177808	0.224231	-0.0329007	-0.0249717	0.189522	0.189522	0.838296	-0.0879021	0.0145569	0.171328	-0.00879021	-0.00872868	0.148519	0.148519	0.810593	0.132505	0.0138745	0.160826	0.0132505	0.00675773	0.301212	0.301212	0.901441	-0.272817	0.0168715	0.208762	-0.0272817	-0.0120039	0.187078	0.187078	0.868717	-0.0550253	0.0178043	0.224637	-0.00550253	-0.00375823	0	0	0	0	0	0	0	0	0	0	0	0	0	0	0	0	0	0	-0.274192	0.883689	0	-0.982742	-0.303634	0	-0.274192	0.883689	0	-0.982742	-0.303634	0	0	0	0.246032	0	0	0.779524	-0.163438	0.680472	0.0835	-0.823104	-0.219005	0	-0.163438	0.680472	0.0835	-0.823104	-0.219005	0	0	0	0.596576	0	0	0.781826	-0.0503819	0.309349	0.0835	-0.409403	-0.141409	0	-0.0503819	0.309349	0.0835	-0.409403	-0.141409	0	0	0	-0.0682761	0	0	1.43613	-0.0180766	0.0490526	0.09142	-0.0365901	-0.0996209	0	-0.0180766	0.0490526	0.09142	-0.0365901	-0.0996209	0	0	0	-0.146754	0	0	1.37449	-0.163877	0.680145	-0.0835	-0.795539	-0.199529	0	-0.163877	0.680145	-0.0835	-0.795539	-0.199529	0	0	0	0.593334	0	0	0.981728	-0.0510393	0.308516	-0.0835	-0.361744	-0.0960871	0	-0.0510393	0.308516	-0.0835	-0.361744	-0.0960871	0	0	0	-0.0664869	0	0	1.3455	-0.0181542	0.0484893	-0.09142	-0.0181682	-0.06784	0	-0.0181542	0.0484893	-0.09142	-0.0181682	-0.06784	0	0	0	-0.139339	0	0	1.02034	-0.426377	1.2595	0	-1.2222	-0.403187	0	-0.426377	1.2595	0	-1.2222	-0.403187	0	0	0	0.233913	0	0	0.603181	2.37905	-0.258946	0.821107	0.0835	-0.000852823	0.00152712	0	-0.000288725	-0.002592	0	0.0666032	-0.280372	0	0	0	0.350543	0	0	0.00230211	1739.45	854.14	-1515.3	-0	0	0	0	0	3.28442	-0.0376447	0.495614	0.0835	-0.00117642	0.00210458	0	2.93851e-05	-0.00338013	0	-0.303073	-0.0815154	0	0	0	-0.664852	0	0	0.6543	2401.42	1176.33	-2093.57	-0	0	0	0	0	2.38826	-0.0670085	0.0683654	0.0835	-2.79248e-05	0.00174904	0	-0.00232793	-0.00163046	0	-0.631163	0.24768	0	0	0	-0.0784772	0	0	-0.0616337	1746.19	32.4264	-1745.89	-0	0	0	0	0	2.35401	-0.258929	0.821089	-0.0835	-0.000835955	0.00150962	0	-0.00114	-0.00175989	0	0.0739565	-0.0293818	0	0	0	0.347302	0	0	0.202204	1721.14	841.153	-1501.6	-0	0	0	0	0	3.15835	-0.0386354	0.494803	-0.0835	-0.00112093	0.00203025	0	-0.000803351	-0.00392307	0	-0.219807	-0.275656	0	0	0	-0.659821	0	0	0.363769	2309.24	1123.55	-2017.48	-0	0	0	0	0	2.3054	-0.0672279	0.0674388	-0.0835	-2.42516e-05	0.0016855	0	-0.00239501	-7.55936e-05	0	-0.389239	-0.0265519	0	0	0	-0.072848	0	0	-0.32516	1685.6	28.8829	-1685.35	-0	0	0	0	0	0.381161	-0.323022	0.955169	0	0.000116527	-0.000258662	0	2.8491e-05	0.000943124	0	-0.0282741	0.051538	0	0	0	-0.0120992	0	0	-0.176343	278.687	-116.696	253.078	-0	15.7041	0	0	15.7041	0.269224	0.268188	0.164942	0.165453	0.232155	0.235622	0.162085	0.159085	0.189863	0.193381	0.364906	0.360694	0.15928	0.149522	0.259022	0.242847	0.214759	0.217035	0	0	0	0	0	0	0	0	0	0	0	0	0	0	0	0	0	0	0	0	0	0	0	0	0	0	0	0	0	0	0	0	0	0	0	0	0	0	0	0	0	0	0	0	0	0	0	0	0	0	0	0	0	0	565.699	16.0387	19.4694	23.6706	33.34	16.5553	68.8315	7.03225	19.5298	17.0385	20.2543	19.134	25.2367	42.5294	20.004	47.1537	7.82544	36.6474	12.8652	0	0	0	0	0	0	0.918888	0.918445	0.815736	0.815728	0.879863	0.88262	0.81334	0.811301	0.838296	0.838524	1.01759	1.01415	0.810593	0.801777	0.901441	0.893147	0.868717	0.867805	-0.54227	-1.51558	-5.52289	-0.285687	0.920371	1.99931e-10	-0.957998	-0.30004	0	-71.4009	-22.3624	0	0.0327891	-0.0382681	10.8165	-0.119786	0.402541	0	-87.5818	294.319	0	26.9066	8.00673	18.4606	0.0639387	-0.00408542	-0.09142	-0.124583	0.407713	0	-91.0894	298.101	0	-27.2524	-8.32739	18.6495	0.0638163	-0.00410771	0.09142
0.67	0.253874	0.789948	-0.284129	-1.00315	0.880545	-0.323683	0.350542	-0.00608641	-0.658121	0.696316	-0.0788256	-0.0396577	0.349551	0.236448	-0.656324	0.349491	-0.0762863	-0.362947	0	1	0	0	0	0	1	0	0	0	0	0	0	0	0	0	-0.284129	0.880545	0	0.991954	0	0	0.126597	-1.00315	-0.323683	0	0	0	0.789948	-0.171773	0.67818	0.0835	0.954682	0	0	0.297629	-0.842642	-0.237679	0	0	0	0.783862	-0.0545433	0.307862	0.0835	0.99964	0	0	-0.026849	-0.421566	-0.15527	0	0	0	1.48018	-0.0184559	0.0480374	0.09142	0.997805	0	0	-0.0662165	-0.0376977	-0.104111	0	0	0	1.44052	-0.171913	0.678091	-0.0835	0.954829	0	0	0.297156	-0.811084	-0.211283	0	0	0	1.0264	-0.0546714	0.307559	-0.0835	0.99965	0	0	-0.0264462	-0.365508	-0.096167	0	0	0	1.37589	-0.0183227	0.0478318	-0.09142	0.997915	0	0	-0.0645475	-0.0153343	-0.0649497	0	0	0	1.01294	-0.438779	1.25533	0	0.992798	0	0	0.119799	-1.25589	-0.429865	0	0	0	0.64616	0.17765	0.0794958	0.386243	0.112084	0.191449	0.128057	0.27624	0.097916	0.225407	0.083017	0.161933	0.0410382	0.268182	0.0393173	0.270285	0.0592214	0.182325	0.0795907	0.367455	0.112392	0.184761	0.128032	0.303519	0.097866	0.198609	0.0831278	0.168927	0.0414051	0.285219	0.0395417	0.250722	0.0593382	0.268344	0.0667921	0.286632	0.0665494	0.176688	0.176688	0.814506	0.326559	0.0149437	0.177389	0.0326559	0.0318722	0.447925	0.447925	1.01617	0.240973	0.0279413	0.426452	0.0240973	0.0265793	0.225238	0.225238	0.816167	0.0440162	0.0135776	0.156334	0.00440162	0.00690615	0.277813	0.277813	0.918536	0.00698098	0.0199041	0.262038	0.000698098	0.000744173	0.151482	0.151482	0.880001	-0.338607	0.0168735	0.208794	-0.0338607	-0.0257003	0.191951	0.191951	0.836022	-0.259047	0.0152518	0.182272	-0.0259047	-0.0257234	0.138787	0.138787	0.80467	0.311657	0.0138102	0.159848	0.0311657	0.0158945	0.288591	0.288591	0.893575	-0.0391483	0.0172748	0.21557	-0.00391483	-0.00172253	0.200745	0.200745	0.867077	-0.0242805	0.0191524	0.248384	-0.00242805	-0.00165836	0.0877244	0.0877244	0.815478	0.238926	0.0148857	0.176475	0.0238926	0.0233192	0.397763	0.397763	1.01896	0.142957	0.0262201	0.388406	0.0142957	0.0157681	0.22556	0.22556	0.816013	0.0679423	0.0133268	0.152572	0.00679423	0.0106602	0.24208	0.24208	0.918068	-0.0975516	0.0204744	0.272591	-0.00975516	-0.010399	0.283447	0.283447	0.876804	-0.322035	0.0177554	0.223794	-0.0322035	-0.0244424	0.11839	0.11839	0.837138	-0.156763	0.0144189	0.169186	-0.0156763	-0.0155665	0.167701	0.167701	0.811864	0.11793	0.0135496	0.15591	0.011793	0.00601443	0.336049	0.336049	0.898675	-0.2347	0.0168679	0.208702	-0.02347	-0.0103268	0.224199	0.224199	0.868788	0.0134897	0.0184176	0.235323	0.00134897	0.000921345	0	0	0	0	0	0	0	0	0	0	0	0	0	0	0	0	0	0	-0.284129	0.880545	0	-1.00315	-0.323683	0	-0.284129	0.880545	0	-1.00315	-0.323683	0	0	0	0.253874	0	0	0.789948	-0.171773	0.67818	0.0835	-0.842642	-0.237679	0	-0.171773	0.67818	0.0835	-0.842642	-0.237679	0	0	0	0.604416	0	0	0.783862	-0.0545433	0.307862	0.0835	-0.421566	-0.15527	0	-0.0545433	0.307862	0.0835	-0.421566	-0.15527	0	0	0	-0.0537044	0	0	1.48018	-0.0184559	0.0480374	0.09142	-0.0376977	-0.104111	0	-0.0184559	0.0480374	0.09142	-0.0376977	-0.104111	0	0	0	-0.13253	0	0	1.44052	-0.171913	0.678091	-0.0835	-0.811084	-0.211283	0	-0.171913	0.678091	-0.0835	-0.811084	-0.211283	0	0	0	0.603425	0	0	1.0264	-0.0546714	0.307559	-0.0835	-0.365508	-0.096167	0	-0.0546714	0.307559	-0.0835	-0.365508	-0.096167	0	0	0	-0.0528985	0	0	1.37589	-0.0183227	0.0478318	-0.09142	-0.0153343	-0.0649497	0	-0.0183227	0.0478318	-0.09142	-0.0153343	-0.0649497	0	0	0	-0.129185	0	0	1.01294	-0.438779	1.25533	0	-1.25589	-0.429865	0	-0.438779	1.25533	0	-1.25589	-0.429865	0	0	0	0.240174	0	0	0.64616	2.34145	-0.268381	0.818062	0.0835	-0.000853091	0.00149804	0	0.000320673	-0.00283763	0	0.000567436	0.102381	0	0	0	0.350542	0	0	-0.00608641	1711.96	851.629	-1485.11	-0	0	0	0	0	3.25136	-0.0445216	0.494293	0.0835	-0.00118057	0.00207335	0	-0.000643134	-0.00342955	0	-0.0721619	0.063018	0	0	0	-0.658121	0	0	0.696316	2377.24	1182.66	-2062.18	-0	0	0	0	0	2.3794	-0.0676576	0.0666522	0.0835	-5.42179e-05	0.00173944	0	-0.00255443	-0.000385508	0	-0.0916018	-0.193343	0	0	0	-0.0788258	0	0	-0.0396577	1739.7	59.1574	-1738.7	-0	0	0	0	0	2.3749	-0.268382	0.818068	-0.0835	-0.000854492	0.00150481	0	-0.00214612	0.000270426	0	0.212132	-0.139745	0	0	0	0.349551	0	0	0.236448	1736.41	864.277	-1506.04	-0	0	0	0	0	3.13131	-0.0447998	0.493998	-0.0835	-0.00113428	0.00199467	0	-0.00194317	-0.00293446	0	-0.189911	0.134956	0	0	0	-0.656323	0	0	0.349491	2289.47	1140.61	-1985.11	-0	0	0	0	0	2.29987	-0.0675863	0.066282	-0.0835	-5.07161e-05	0.00168252	0	-0.00280026	-0.000984125	0	-0.112464	-0.0966212	0	0	0	-0.076286	0	0	-0.362947	1681.55	56.131	-1680.62	-0	0	0	0	0	0.363577	-0.333521	0.951652	0	0.000115275	-0.000245534	0	-0.000152469	0.000940084	0	0.0272374	-0.172875	0	0	0	-0.0137067	0	0	-0.143789	265.831	-114.373	239.968	-0	15.7405	0	0	15.7405	0.268888	0.268445	0.165736	0.165728	0.229863	0.23262	0.16334	0.161301	0.189199	0.190732	0.36635	0.362179	0.159934	0.150048	0.257908	0.242583	0.216817	0.21672	0	0	0	0	0	0	0	0	0	0	0	0	0	0	0	0	0	0	0	0	0	0	0	0	0	0	0	0	0	0	0	0	0	0	0	0	0	0	0	0	0	0	0	0	0	0	0	0	0	0	0	0	0	0	574.839	19.3965	22.0769	28.4776	33.2859	17.1845	69.6258	7.1837	23.9462	13.1539	14.7502	19.6735	27.9308	41.0175	21.059	46.6068	8.21464	36.3674	12.3456	0	0	0	0	0	0	0.918068	0.918536	0.816013	0.816167	0.876804	0.880001	0.815478	0.814506	0.837138	0.836022	1.01896	1.01617	0.811864	0.80467	0.898675	0.893575	0.868788	0.867077	-0.557715	-1.5697	-5.41711	-0.295394	0.917267	1.99931e-10	-0.981841	-0.319981	0	-73.178	-23.8487	0	0.0432734	-0.0444196	11.238	-0.120668	0.387975	0	-88.2271	283.669	0	25.9331	8.06572	17.8126	0.0640367	-0.00399673	-0.09142	-0.123473	0.395541	0	-90.2774	289.201	0	-26.4388	-8.25316	18.0919	0.0638166	-0.00403166	0.09142
0.68	0.261946	0.824846	-0.294264	-1.0228	0.877201	-0.343783	0.350298	-0.0422547	-0.650834	0.753229	-0.0796204	-0.109213	0.35183	0.213154	-0.652739	0.376842	-0.0799765	-0.38983	0	1	0	0	0	0	1	0	0	0	0	0	0	0	0	0	-0.294264	0.877201	0	0.991435	0	0	0.130599	-1.0228	-0.343783	0	0	0	0.824846	-0.18031	0.675718	0.0835	0.95351	0	0	0.301363	-0.863024	-0.253827	0	0	0	0.782591	-0.0588141	0.306251	0.0835	0.999814	0	0	-0.0192939	-0.431844	-0.166353	0	0	0	1.53582	-0.0188152	0.0469618	0.09142	0.998254	0	0	-0.0590709	-0.0347924	-0.110124	0	0	0	1.42661	-0.180111	0.675889	-0.0835	0.953278	0	0	0.302093	-0.827579	-0.229052	0	0	0	1.038	-0.0583642	0.306542	-0.0835	0.99981	0	0	-0.0194805	-0.373174	-0.10758	0	0	0	1.41484	-0.0184684	0.0471633	-0.09142	0.998232	0	0	-0.059435	-0.0138485	-0.0700889	0	0	0	1.02501	-0.451515	1.25088	0	0.992392	0	0	0.123117	-1.28977	-0.458809	0	0	0	0.689108	0.187459	0.0797612	0.405114	0.112284	0.203445	0.128012	0.275608	0.0979265	0.217444	0.0827657	0.156006	0.0412084	0.29354	0.0392685	0.26067	0.0592378	0.172295	0.0799064	0.387572	0.112497	0.196951	0.128052	0.295594	0.0977881	0.192792	0.0830127	0.177915	0.0414349	0.305563	0.0393966	0.246352	0.0593844	0.253143	0.0665835	0.275889	0.0663178	0.199622	0.199622	0.817225	0.168687	0.0149066	0.176803	0.0168687	0.0164638	0.366478	0.366478	1.01799	0.211744	0.0286343	0.44221	0.0211744	0.0233553	0.167539	0.167539	0.815885	-0.00127349	0.0139703	0.162287	-0.000127349	-0.000199811	0.265472	0.265472	0.918635	0.0163251	0.0199477	0.262838	0.00163251	0.00174026	0.268297	0.268297	0.877253	-0.250485	0.0166866	0.205667	-0.0250485	-0.0190118	0.260284	0.260284	0.833491	-0.250037	0.0148705	0.176236	-0.0250037	-0.0248287	0.142714	0.142714	0.808007	0.367306	0.0136748	0.157799	0.0367306	0.0187326	0.158766	0.158766	0.892465	-0.198979	0.0173666	0.21713	-0.0198979	-0.00875508	0.15011	0.15011	0.867318	0.0550642	0.0192336	0.249845	0.00550642	0.00376088	0.137007	0.137007	0.818713	0.345757	0.0147393	0.174178	0.0345757	0.0337459	0.352741	0.352741	1.01992	0.0775704	0.0265952	0.396567	0.00775704	0.00855601	0.163502	0.163502	0.816135	0.0768135	0.0140443	0.163416	0.00768135	0.012052	0.288392	0.288392	0.917337	-0.0674068	0.0203126	0.269582	-0.00674068	-0.00718557	0.269056	0.269056	0.873753	-0.25384	0.017686	0.222599	-0.025384	-0.0192665	0.1301	0.1301	0.835979	-0.12816	0.0142311	0.166283	-0.012816	-0.0127263	0.143552	0.143552	0.812448	-0.0495908	0.0132804	0.15188	-0.00495908	-0.00252913	0.221083	0.221083	0.895376	-0.350063	0.016925	0.209659	-0.0350063	-0.0154028	0.210768	0.210768	0.869465	0.117656	0.0188991	0.24385	0.0117656	0.00803593	0	0	0	0	0	0	0	0	0	0	0	0	0	0	0	0	0	0	-0.294264	0.877201	0	-1.0228	-0.343783	0	-0.294264	0.877201	0	-1.0228	-0.343783	0	0	0	0.261946	0	0	0.824846	-0.18031	0.675718	0.0835	-0.863024	-0.253827	0	-0.18031	0.675718	0.0835	-0.863024	-0.253827	0	0	0	0.612244	0	0	0.782591	-0.0588141	0.306251	0.0835	-0.431844	-0.166353	0	-0.0588141	0.306251	0.0835	-0.431844	-0.166353	0	0	0	-0.0385903	0	0	1.53582	-0.0188152	0.0469618	0.09142	-0.0347924	-0.110124	0	-0.0188152	0.0469618	0.09142	-0.0347924	-0.110124	0	0	0	-0.118211	0	0	1.42661	-0.180111	0.675889	-0.0835	-0.827579	-0.229052	0	-0.180111	0.675889	-0.0835	-0.827579	-0.229052	0	0	0	0.613775	0	0	1.038	-0.0583642	0.306542	-0.0835	-0.373174	-0.10758	0	-0.0583642	0.306542	-0.0835	-0.373174	-0.10758	0	0	0	-0.0389635	0	0	1.41484	-0.0184684	0.0471633	-0.09142	-0.0138485	-0.0700889	0	-0.0184684	0.0471633	-0.09142	-0.0138485	-0.0700889	0	0	0	-0.11894	0	0	1.02501	-0.451515	1.25088	0	-1.28977	-0.458809	0	-0.451515	1.25088	0	-1.28977	-0.458809	0	0	0	0.246861	0	0	0.689108	2.35043	-0.27801	0.814839	0.0835	-0.000863761	0.00148383	0	-0.00175738	-0.000622839	0	0.0580143	-0.0563618	0	0	0	0.350298	0	0	-0.0422547	1718.52	871.773	-1480.99	-0	0	0	0	0	3.21786	-0.0516111	0.492812	0.0835	-0.00118423	0.00204295	0	-8.41618e-05	-0.00310917	0	-0.492103	-0.156724	0	0	0	-0.650834	0	0	0.753229	2352.75	1184.5	-2032.82	-0	0	0	0	0	2.38079	-0.0682783	0.0648703	0.0835	-7.76052e-05	0.00173867	0	-0.00188331	8.14945e-05	0	-0.722249	0.215411	0	0	0	-0.0796176	0	0	-0.109213	1740.72	81.2471	-1738.83	-0	0	0	0	0	2.38233	-0.278024	0.81486	-0.0835	-0.000877351	0.0015049	0	-0.00168943	-0.00102168	0	0.49162	-0.178988	0	0	0	0.351829	0	0	0.213154	1741.85	885.053	-1500.24	-0	0	0	0	0	3.0988	-0.0510916	0.493101	-0.0835	-0.00114729	0.00196213	0	-0.00131702	-0.00335133	0	2.22246	0.38693	0	0	0	-0.652739	0	0	0.376842	2265.69	1151.58	-1951.21	-0	0	0	0	0	2.30217	-0.0679185	0.0651078	-0.0835	-7.68676e-05	0.00168079	0	-0.00303705	0.000213161	0	3.5906	-0.350947	0	0	0	-0.0799762	0	0	-0.38983	1683.24	82.7405	-1681.2	-0	0	0	0	0	0.362181	-0.344229	0.947914	0	0.000116587	-0.000238061	0	0.000333071	0.000215173	0	0.00644732	-0.103093	0	0	0	-0.0150657	0	0	-0.135738	264.81	-118.559	236.787	-0	16.7827	0	0	16.7827	0.268068	0.268536	0.166013	0.166167	0.226804	0.230001	0.165478	0.164506	0.188296	0.188524	0.367586	0.364154	0.160593	0.151777	0.255618	0.24239	0.217965	0.21699	0	0	0	0	0	0	0	0	0	0	0	0	0	0	0	0	0	0	0	0	0	0	0	0	0	0	0	0	0	0	0	0	0	0	0	0	0	0	0	0	0	0	0	0	0	0	0	0	0	0	0	0	0	0	570.72	21.6126	20.026	24.9991	32.3611	17.3166	75.269	7.12288	27.4274	10.6363	16.6958	18.9317	24.0549	41.0647	18.5454	44.0175	8.94256	37.3507	11.8038	0	0	0	0	0	0	0.917337	0.918635	0.816135	0.815885	0.873753	0.877253	0.818713	0.817225	0.835979	0.833491	1.01992	1.01799	0.812448	0.808007	0.895376	0.892465	0.869465	0.867318	-0.573696	-1.62388	-5.52774	-0.305339	0.913952	1.99931e-10	-1.00593	-0.341992	0	-74.9734	-25.4891	0	0.0420123	-0.0480852	11.6505	-0.121379	0.377438	0	-88.7466	275.965	0	25.2287	8.11322	17.3566	0.0641512	-0.0039084	-0.09142	-0.124068	0.391772	0	-90.7128	286.445	0	-26.1868	-8.29296	17.9207	0.0638226	-0.00397897	0.09142
0.69	0.270302	0.844591	-0.304598	-1.0432	0.873651	-0.36578	0.349816	-0.0542842	-0.643041	0.800525	-0.0810053	-0.139594	0.353932	0.202128	-0.648859	0.423521	-0.0839277	-0.430775	0	1	0	0	0	0	1	0	0	0	0	0	0	0	0	0	-0.304598	0.873651	0	0.990881	0	0	0.13474	-1.0432	-0.36578	0	0	0	0.844591	-0.189033	0.673083	0.0835	0.952316	0	0	0.305115	-0.88168	-0.272102	0	0	0	0.790307	-0.0631817	0.304539	0.0835	0.999934	0	0	-0.0114612	-0.441531	-0.177304	0	0	0	1.59083	-0.0191473	0.0458358	0.09142	0.99865	0	0	-0.0519408	-0.0323358	-0.115106	0	0	0	1.45124	-0.18847	0.673494	-0.0835	0.951686	0	0	0.307074	-0.844313	-0.249587	0	0	0	1.04672	-0.0621391	0.305407	-0.0835	0.999924	0	0	-0.0123119	-0.383188	-0.117253	0	0	0	1.47024	-0.0185989	0.0464263	-0.09142	0.998527	0	0	-0.0542495	-0.010877	-0.0761117	0	0	0	1.03946	-0.464592	1.24614	0	0.991948	0	0	0.126647	-1.32443	-0.488267	0	0	0	0.732727	0.191413	0.0799035	0.389686	0.112561	0.19862	0.128015	0.305952	0.0978978	0.228556	0.0824136	0.149002	0.0413975	0.28343	0.0392127	0.261032	0.0593034	0.167068	0.080261	0.390631	0.112612	0.188683	0.128189	0.29294	0.0977217	0.227418	0.0828184	0.167381	0.0414269	0.283669	0.039271	0.236897	0.0595049	0.252547	0.0663605	0.26728	0.0661327	0.138002	0.138002	0.818683	0.169548	0.0151715	0.180995	0.0169548	0.0165478	0.475263	0.475263	1.02049	0.28853	0.0284714	0.438482	0.028853	0.0318249	0.252501	0.252501	0.815905	-0.00680134	0.0136907	0.158039	-0.000680134	-0.00106713	0.258842	0.258842	0.918366	-0.142943	0.0202507	0.268434	-0.0142943	-0.0152378	0.220175	0.220175	0.874315	-0.285697	0.0164143	0.201147	-0.0285697	-0.0216844	0.166844	0.166844	0.829945	-0.329286	0.0149428	0.177374	-0.0329286	-0.0326981	0.202967	0.202967	0.811716	0.416681	0.0134251	0.154042	0.0416681	0.0212507	0.204072	0.204072	0.891199	-0.122124	0.0174074	0.217825	-0.0122124	-0.00537345	0.187255	0.187255	0.868278	0.0503645	0.0192311	0.2498	0.00503645	0.00343989	0.169277	0.169277	0.822347	0.365924	0.0145275	0.170871	0.0365924	0.0357142	0.251055	0.251054	1.02096	0.0933626	0.0268937	0.403111	0.00933626	0.0102979	0.181474	0.181474	0.817012	0.102041	0.0137274	0.158592	0.0102041	0.0160102	0.278972	0.278972	0.916714	-0.0521404	0.0202911	0.269182	-0.00521404	-0.00555817	0.269995	0.269995	0.871314	-0.212815	0.0175239	0.219817	-0.0212815	-0.0161526	0.145918	0.145918	0.834022	-0.406169	0.0145245	0.170823	-0.0406169	-0.0403326	0.17658	0.17658	0.812292	0.0397207	0.0130891	0.149038	0.00397207	0.00202575	0.229046	0.229046	0.892523	-0.213239	0.0168556	0.208494	-0.0213239	-0.00938252	0.174931	0.174931	0.871229	0.245702	0.0191291	0.247967	0.0245702	0.0167815	0	0	0	0	0	0	0	0	0	0	0	0	0	0	0	0	0	0	-0.304598	0.873651	0	-1.0432	-0.36578	0	-0.304598	0.873651	0	-1.0432	-0.36578	0	0	0	0.270302	0	0	0.844591	-0.189033	0.673083	0.0835	-0.88168	-0.272102	0	-0.189033	0.673083	0.0835	-0.88168	-0.272102	0	0	0	0.620118	0	0	0.790307	-0.0631817	0.304539	0.0835	-0.441531	-0.177304	0	-0.0631817	0.304539	0.0835	-0.441531	-0.177304	0	0	0	-0.022923	0	0	1.59083	-0.0191473	0.0458358	0.09142	-0.0323358	-0.115106	0	-0.0191473	0.0458358	0.09142	-0.0323358	-0.115106	0	0	0	-0.103928	0	0	1.45124	-0.18847	0.673494	-0.0835	-0.844313	-0.249587	0	-0.18847	0.673494	-0.0835	-0.844313	-0.249587	0	0	0	0.624234	0	0	1.04672	-0.0621391	0.305407	-0.0835	-0.383188	-0.117253	0	-0.0621391	0.305407	-0.0835	-0.383188	-0.117253	0	0	0	-0.0246245	0	0	1.47024	-0.0185989	0.0464263	-0.09142	-0.010877	-0.0761117	0	-0.0185989	0.0464263	-0.09142	-0.010877	-0.0761117	0	0	0	-0.108552	0	0	1.03946	-0.464592	1.24614	0	-1.32443	-0.488267	0	-0.464592	1.24614	0	-1.32443	-0.488267	0	0	0	0.253976	0	0	0.732727	2.36249	-0.287826	0.811431	0.0835	-0.000877559	0.00148027	0	-0.00162059	0.000694484	0	-0.0895226	0.295603	0	0	0	0.349816	0	0	-0.0542842	1727.34	884.948	-1483.43	-0	0	0	0	0	3.2222	-0.0589023	0.49119	0.0835	-0.00120493	0.00202745	0	-0.00213575	-0.00219031	0	0.429451	-0.600686	0	0	0	-0.643041	0	0	0.800525	2355.92	1211.89	-2020.32	-0	0	0	0	0	2.37208	-0.0688612	0.063036	0.0835	-0.000102796	0.00173306	0	-0.00271404	-0.00107706	0	0.14629	0.068276	0	0	0	-0.0810043	0	0	-0.139594	1734.35	108.044	-1730.98	-0	0	0	0	0	2.34333	-0.287831	0.811433	-0.0835	-0.000883043	0.00148255	0	0.000698864	-0.00271714	0	0.144172	0.100472	0	0	0	0.353931	0	0	0.202128	1713.33	879.856	-1470.16	-0	0	0	0	0	3.10429	-0.0575422	0.49205	-0.0835	-0.00116379	0.00193566	0	-0.00523132	0.00082957	0	-1.06929	0.965709	0	0	0	-0.648859	0	0	0.423521	2269.71	1180.82	-1938.36	-0	0	0	0	0	2.29213	-0.0682327	0.0638562	-0.0835	-0.000103012	0.00167549	0	-0.00340793	-0.00164385	0	-0.549399	-0.35319	0	0	0	-0.083928	0	0	-0.430775	1675.9	109.602	-1672.31	-0	0	0	0	0	0.355108	-0.355153	0.943946	0	0.000117987	-0.000234954	0	-0.000237346	0.000500232	0	-0.0466766	-0.0794368	0	0	0	-0.0163265	0	0	-0.111865	259.638	-116.582	231.992	-0	16.4049	0	0	16.4049	0.267337	0.268635	0.166135	0.165885	0.223753	0.227253	0.168713	0.167225	0.187138	0.186022	0.368964	0.366171	0.161864	0.15467	0.252887	0.242805	0.218851	0.21775	0	0	0	0	0	0	0	0	0	0	0	0	0	0	0	0	0	0	0	0	0	0	0	0	0	0	0	0	0	0	0	0	0	0	0	0	0	0	0	0	0	0	0	0	0	0	0	0	0	0	0	0	0	0	608.257	18.1013	23.0507	31.9211	45.9061	16.7267	73.3414	8.63002	24.9485	11.6366	18.296	16.1263	24.7121	38.9081	17.1886	77.2794	8.41932	30.031	10.4918	0	0	0	0	0	0	0.916714	0.918366	0.817012	0.815905	0.871314	0.874315	0.822347	0.818683	0.834022	0.829945	1.02096	1.02049	0.812292	0.811716	0.892523	0.891199	0.871229	0.868278	-0.59022	-1.67904	-5.55676	-0.315524	0.910414	1.99931e-10	-1.03038	-0.365053	0	-76.7956	-27.2079	0	0.0405333	-0.0495353	12.0733	-0.127745	0.371172	0	-93.4011	271.384	0	24.8099	8.53873	17.0841	0.0642757	-0.00384712	-0.09142	-0.129437	0.389026	0	-94.638	284.437	0	-26.0033	-8.65181	17.784	0.0638379	-0.0039506	0.09142
0.7	0.278906	0.873605	-0.315134	-1.06324	0.869882	-0.386798	0.349127	-0.0753683	-0.634823	0.831451	-0.082473	-0.153106	0.355624	0.136663	-0.644099	0.522382	-0.0880279	-0.366008	0	1	0	0	0	0	1	0	0	0	0	0	0	0	0	0	-0.315134	0.869882	0	0.990292	0	0	0.139002	-1.06324	-0.386798	0	0	0	0.873605	-0.197959	0.670275	0.0835	0.951101	0	0	0.308881	-0.901352	-0.288991	0	0	0	0.798237	-0.0676517	0.30271	0.0835	0.999994	0	0	-0.00339451	-0.451091	-0.186929	0	0	0	1.62969	-0.0194686	0.044673	0.09142	0.999004	0	0	-0.0446162	-0.0321613	-0.117299	0	0	0	1.47658	-0.19704	0.670887	-0.0835	0.950092	0	0	0.31197	-0.869046	-0.271439	0	0	0	1.01027	-0.0660602	0.304123	-0.0835	0.999989	0	0	-0.0047839	-0.401268	-0.140855	0	0	0	1.53265	-0.0187007	0.0456051	-0.09142	0.99881	0	0	-0.0487785	-0.0114474	-0.0876619	0	0	0	1.16664	-0.478016	1.2411	0	0.991462	0	0	0.1304	-1.35877	-0.518615	0	0	0	0.778119	0.18061	0.0801328	0.447051	0.112738	0.215756	0.127879	0.325165	0.0977823	0.21619	0.0821139	0.171405	0.0414553	0.265866	0.0391838	0.238859	0.0593889	0.166629	0.0805769	0.375385	0.11277	0.190534	0.1283	0.282529	0.0976854	0.217209	0.0825312	0.172773	0.0414119	0.278745	0.0391827	0.254537	0.0596667	0.249906	0.0661381	0.261466	0.0659559	0.110418	0.110418	0.821033	0.296213	0.015109	0.180004	0.0296213	0.0289104	0.338822	0.338822	1.0221	0.107753	0.0296309	0.46531	0.0107753	0.0118851	0.13602	0.13602	0.815035	-0.0213881	0.0144877	0.170253	-0.00213881	-0.0033558	0.176376	0.176376	0.917282	-0.155662	0.0210244	0.282932	-0.0155662	-0.0165936	0.194272	0.194272	0.871385	-0.318034	0.0160678	0.195445	-0.0318034	-0.0241388	0.16181	0.16181	0.826928	-0.286027	0.0145326	0.170949	-0.0286027	-0.0284025	0.155648	0.155648	0.812849	0.0830594	0.0135512	0.155935	0.00830594	0.00423603	0.238236	0.238236	0.89054	-0.0102133	0.0173062	0.216101	-0.00102133	-0.000449383	0.191548	0.191548	0.869531	0.235308	0.0191672	0.248652	0.0235308	0.0160715	0.202763	0.202763	0.825583	0.315015	0.0143485	0.168095	0.0315015	0.0307454	0.336707	0.336707	1.02239	0.148133	0.0266584	0.397949	0.0148133	0.0163391	0.0970956	0.0970956	0.817721	0.0432796	0.01355	0.155917	0.00432796	0.00679056	0.241907	0.241907	0.916373	0.00489502	0.0201926	0.267354	0.000489502	0.000521809	0.266383	0.266383	0.868984	-0.219097	0.0171835	0.214019	-0.0219097	-0.0166295	0.11837	0.11837	0.83113	-0.22911	0.0149409	0.177346	-0.022911	-0.0227506	0.142287	0.142287	0.811998	-0.0641141	0.0129131	0.146442	-0.00641141	-0.00326982	0.222954	0.222954	0.890515	-0.20939	0.0166408	0.204904	-0.020939	-0.00921318	0.301669	0.301669	0.873598	0.0950396	0.0192553	0.250236	0.00950396	0.0064912	0	0	0	0	0	0	0	0	0	0	0	0	0	0	0	0	0	0	-0.315134	0.869882	0	-1.06324	-0.386798	0	-0.315134	0.869882	0	-1.06324	-0.386798	0	0	0	0.278906	0	0	0.873605	-0.197959	0.670275	0.0835	-0.901352	-0.288991	0	-0.197959	0.670275	0.0835	-0.901352	-0.288991	0	0	0	0.628034	0	0	0.798237	-0.0676517	0.30271	0.0835	-0.451091	-0.186929	0	-0.0676517	0.30271	0.0835	-0.451091	-0.186929	0	0	0	-0.00678903	0	0	1.62969	-0.0194686	0.044673	0.09142	-0.0321613	-0.117299	0	-0.0194686	0.044673	0.09142	-0.0321613	-0.117299	0	0	0	-0.089262	0	0	1.47658	-0.19704	0.670887	-0.0835	-0.869046	-0.271439	0	-0.19704	0.670887	-0.0835	-0.869046	-0.271439	0	0	0	0.634531	0	0	1.01027	-0.0660602	0.304123	-0.0835	-0.401268	-0.140855	0	-0.0660602	0.304123	-0.0835	-0.401268	-0.140855	0	0	0	-0.00956784	0	0	1.53265	-0.0187007	0.0456051	-0.09142	-0.0114474	-0.0876619	0	-0.0187007	0.0456051	-0.09142	-0.0114474	-0.0876619	0	0	0	-0.0975957	0	0	1.16664	-0.478016	1.2411	0	-1.35877	-0.518615	0	-0.478016	1.2411	0	-1.35877	-0.518615	0	0	0	0.261544	0	0	0.778119	2.42089	-0.297843	0.807837	0.0835	-0.000907212	0.00150049	0	-0.00343215	0.00217819	0	0.282795	-0.210609	0	0	0	0.349126	0	0	-0.0753683	1770.04	922.861	-1510.42	-0	0	0	0	0	3.19912	-0.0663842	0.489406	0.0835	-0.00121275	0.00200623	0	2.67625e-05	-0.00186875	0	0.546418	-0.0413545	0	0	0	-0.634822	0	0	0.831451	2339.05	1212.67	-2000.15	-0	0	0	0	0	2.36432	-0.0694294	0.0611423	0.0835	-0.000125855	0.00172663	0	-0.00188237	-0.00144871	0	0.83998	-0.383436	0	0	0	-0.0824719	0	0	-0.153106	1728.68	129.495	-1723.83	-0	0	0	0	0	2.3179	-0.297816	0.807796	-0.0835	-0.000879586	0.00146033	0	0.000365138	-0.00234929	0	-0.0789599	-0.0919907	0	0	0	0.355624	0	0	0.136663	1694.74	877.921	-1449.62	-0	0	0	0	0	3.11901	-0.0642739	0.490815	-0.0835	-0.001207	0.00193691	0	-0.00223279	-0.00202627	0	-0.595577	-0.329923	0	0	0	-0.644099	0	0	0.522382	2280.48	1214.27	-1930.31	-0	0	0	0	0	2.26913	-0.0685225	0.0624902	-0.0835	-0.00013452	0.00165582	0	-0.00275517	-0.00136389	0	-1.38221	0.431723	0	0	0	-0.0880278	0	0	-0.366008	1659.08	139.848	-1653.18	-0	0	0	0	0	0.358854	-0.366293	0.93974	0	0.000118226	-0.000233114	0	0.00020051	-8.69334e-05	0	-0.0214641	0.022099	0	0	0	-0.0173598	0	0	-0.0954863	262.377	-119.413	233.628	-0	16.1631	0	0	16.1631	0.266714	0.268366	0.167012	0.165905	0.221314	0.224315	0.172347	0.168683	0.185979	0.183491	0.369919	0.36799	0.162448	0.158007	0.250016	0.243509	0.218663	0.217403	0	0	0	0	0	0	0	0	0	0	0	0	0	0	0	0	0	0	0	0	0	0	0	0	0	0	0	0	0	0	0	0	0	0	0	0	0	0	0	0	0	0	0	0	0	0	0	0	0	0	0	0	0	0	555.111	15.8548	20.5769	25.2534	43.9367	16.5539	65.686	7.96658	20.0364	10.9995	20.4675	17.9619	19.0683	31.2592	16.9199	56.8538	9.01601	29.1366	15.0215	0	0	0	0	0	0	0.916373	0.917282	0.817721	0.815035	0.868984	0.871385	0.825583	0.821033	0.83113	0.826928	1.02239	1.0221	0.811998	0.812849	0.890515	0.89054	0.873598	0.869531	-0.607302	-1.73459	-5.52813	-0.325963	0.906638	1.99931e-10	-1.05624	-0.389033	0	-78.7231	-28.9952	0	0.0312824	-0.0428823	12.4378	-0.139238	0.365201	0	-101.804	267.017	0	24.4107	9.30695	16.8176	0.0644332	-0.00380301	-0.09142	-0.126991	0.384599	0	-92.8495	281.2	0	-25.7073	-8.4883	17.5921	0.0638559	-0.00392222	0.09142
0.71	0.287694	0.889423	-0.32589	-1.08715	0.865887	-0.411874	0.348711	-0.0110912	-0.626885	0.759236	-0.0841435	-0.223127	0.356782	0.0937874	-0.638431	0.601642	-0.0909587	-0.229669	0	1	0	0	0	0	1	0	0	0	0	0	0	0	0	0	-0.32589	0.865887	0	0.989672	0	0	0.143351	-1.08715	-0.411874	0	0	0	0.889423	-0.207028	0.667284	0.0835	0.949799	0	0	0.31286	-0.911632	-0.307987	0	0	0	0.878332	-0.0721495	0.300815	0.0835	0.999989	0	0	0.00475988	-0.446944	-0.189818	0	0	0	1.63757	-0.0197812	0.0435014	0.09142	0.999304	0	0	-0.0373032	-0.0283204	-0.116023	0	0	0	1.41444	-0.205883	0.668036	-0.0835	0.948529	0	0	0.31669	-0.897787	-0.297849	0	0	0	0.983211	-0.0701962	0.302583	-0.0835	0.999995	0	0	0.00302233	-0.424766	-0.165197	0	0	0	1.58485	-0.0188542	0.0446858	-0.09142	0.999099	0	0	-0.0424442	-0.0193014	-0.0956454	0	0	0	1.35518	-0.491787	1.23576	0	0.990933	0	0	0.134357	-1.39381	-0.549596	0	0	0	0.814516	0.189488	0.0804075	0.427276	0.112973	0.203641	0.12789	0.305313	0.0977368	0.210359	0.0818313	0.167659	0.0415153	0.291386	0.0391582	0.229658	0.0595608	0.178756	0.0807461	0.398218	0.112929	0.182458	0.128412	0.267452	0.0977106	0.205201	0.0823483	0.164844	0.0414008	0.270694	0.0391021	0.272985	0.0596794	0.247889	0.0659029	0.250821	0.065784	0.142282	0.142282	0.823847	0.14673	0.0150229	0.178639	0.014673	0.0143209	0.482446	0.482446	1.02423	0.266164	0.0301409	0.47733	0.0266164	0.0293579	0.187094	0.187094	0.815106	0.0226695	0.0140993	0.164259	0.00226695	0.00355685	0.248801	0.248801	0.916855	0.00962371	0.0213855	0.289809	0.000962371	0.00102589	0.187971	0.187971	0.868285	-0.334159	0.0158466	0.191841	-0.0334159	-0.0253627	0.152571	0.152571	0.824081	-0.295409	0.0141563	0.165134	-0.0295409	-0.0293341	0.184046	0.184046	0.814025	0.154349	0.0136673	0.157686	0.0154349	0.00787181	0.292951	0.292951	0.88996	-0.207386	0.017186	0.214062	-0.0207386	-0.00912499	0.255225	0.255225	0.872047	0.266782	0.0188187	0.242418	0.0266782	0.0182212	0.167216	0.167216	0.827317	0.221069	0.0147605	0.174509	0.0221069	0.0215763	0.312628	0.312628	1.02383	0.0811692	0.0271344	0.408425	0.00811692	0.00895296	0.170332	0.170332	0.818432	0.0454997	0.0131282	0.149619	0.00454997	0.0071389	0.198732	0.198732	0.91661	0.0606497	0.0198412	0.260884	0.00606497	0.00646526	0.200418	0.200418	0.866719	-0.176368	0.0169109	0.209423	-0.0176368	-0.0133863	0.26492	0.26492	0.829288	-0.188096	0.0145126	0.17064	-0.0188096	-0.0186779	0.146602	0.146602	0.81178	0.040455	0.0129321	0.146721	0.0040455	0.0020632	0.218973	0.218973	0.888684	-0.166342	0.0165288	0.203041	-0.0166342	-0.00731906	0.152175	0.152175	0.873783	0.0263872	0.0197498	0.25921	0.00263872	0.00180225	0	0	0	0	0	0	0	0	0	0	0	0	0	0	0	0	0	0	-0.32589	0.865887	0	-1.08715	-0.411874	0	-0.32589	0.865887	0	-1.08715	-0.411874	0	0	0	0.287694	0	0	0.889423	-0.207028	0.667284	0.0835	-0.911632	-0.307987	0	-0.207028	0.667284	0.0835	-0.911632	-0.307987	0	0	0	0.636405	0	0	0.878332	-0.0721495	0.300815	0.0835	-0.446944	-0.189818	0	-0.0721495	0.300815	0.0835	-0.446944	-0.189818	0	0	0	0.00951979	0	0	1.63757	-0.0197812	0.0435014	0.09142	-0.0283204	-0.116023	0	-0.0197812	0.0435014	0.09142	-0.0283204	-0.116023	0	0	0	-0.0746237	0	0	1.41444	-0.205883	0.668036	-0.0835	-0.897787	-0.297849	0	-0.205883	0.668036	-0.0835	-0.897787	-0.297849	0	0	0	0.644476	0	0	0.983211	-0.0701962	0.302583	-0.0835	-0.424766	-0.165197	0	-0.0701962	0.302583	-0.0835	-0.424766	-0.165197	0	0	0	0.00604467	0	0	1.58485	-0.0188542	0.0446858	-0.09142	-0.0193014	-0.0956454	0	-0.0188542	0.0446858	-0.09142	-0.0193014	-0.0956454	0	0	0	-0.084914	0	0	1.35518	-0.491787	1.23576	0	-1.39381	-0.549596	0	-0.491787	1.23576	0	-1.39381	-0.549596	0	0	0	0.269529	0	0	0.814516	2.40732	-0.308061	0.804005	0.0835	-0.000926346	0.00150096	0	-0.000941038	-0.00153396	0	0.021148	0.0769193	0	0	0	0.34871	0	0	-0.0110912	1760.12	930.636	-1493.97	-0	0	0	0	0	3.16703	-0.0739268	0.487507	0.0835	-0.00121211	0.00198048	0	-0.000676274	-0.00271393	0	0.249575	0.292169	0	0	0	-0.626885	0	0	0.759236	2315.58	1214.31	-1971.65	-0	0	0	0	0	2.34646	-0.0699777	0.0592375	0.0835	-0.000144333	0.00171113	0	-0.00203608	-0.000997514	0	0.894746	0.199922	0	0	0	-0.0841437	0	0	-0.223127	1715.62	148.27	-1709.2	-0	0	0	0	0	2.28681	-0.308015	0.803937	-0.0835	-0.000880778	0.00143345	0	-0.000629067	-0.0030745	0	-0.027909	-0.133914	0	0	0	0.356782	0	0	0.0937874	1672.01	883.646	-1419.43	-0	0	0	0	0	3.09068	-0.0713247	0.489279	-0.0835	-0.0012184	0.00191069	0	-0.000500083	-0.00263275	0	0.044611	0.167289	0	0	0	-0.638431	0	0	0.601642	2259.76	1220.03	-1902.11	-0	0	0	0	0	2.26685	-0.0688861	0.0609376	-0.0835	-0.000160575	0.00165033	0	-0.00214717	-0.000581533	0	0.050095	-0.0263163	0	0	0	-0.0909593	0	0	-0.229669	1657.42	164.727	-1649.21	-0	0	0	0	0	0.343209	-0.377662	0.935296	0	0.000119865	-0.000228658	0	8.70228e-06	0.00138962	0	-0.00690651	0.106777	0	0	0	-0.018152	0	0	-0.0749074	250.938	-119.916	220.431	-0	15.2232	0	0	15.2232	0.266373	0.267282	0.167721	0.165035	0.218984	0.221385	0.175583	0.171033	0.184022	0.179945	0.370962	0.370495	0.162292	0.161716	0.24717	0.243231	0.21899	0.217093	0	0	0	0	0	0	0	0	0	0	0	0	0	0	0	0	0	0	0	0	0	0	0	0	0	0	0	0	0	0	0	0	0	0	0	0	0	0	0	0	0	0	0	0	0	0	0	0	0	0	0	0	0	0	564.454	18.2832	24.5446	26.4047	33.6098	16.5555	63.7862	8.6523	33.3787	12.6088	19.0536	18.0166	23.3587	27.2745	13.8043	67.4016	7.51548	26.4814	11.1811	0	0	0	0	0	0	0.91661	0.916855	0.818432	0.815106	0.866719	0.868285	0.827317	0.823847	0.829288	0.824081	1.02383	1.02423	0.81178	0.814025	0.888684	0.88996	0.873783	0.872047	-0.624926	-1.78636	-4.87894	-0.336661	0.902617	1.99931e-10	-1.08202	-0.41436	0	-80.6442	-30.8829	0	0.0178241	-0.0186495	12.8351	-0.134161	0.351024	0	-98.0925	256.652	0	23.4632	8.96761	16.205	0.0645674	-0.00373459	-0.09142	-0.123797	0.382879	0	-90.5142	279.943	0	-25.5924	-8.27481	17.5256	0.063864	-0.00389695	0.09142
0.72	0.296833	0.943206	-0.336886	-1.11072	0.861634	-0.437219	0.348818	0.0229364	-0.619675	0.679812	-0.0869356	-0.288626	0.357246	-0.0138869	-0.63169	0.755359	-0.0933539	-0.246641	0	1	0	0	0	0	1	0	0	0	0	0	0	0	0	0	-0.336886	0.861634	0	0.989007	0	0	0.147872	-1.11072	-0.437219	0	0	0	0.943206	-0.216199	0.664127	0.0835	0.948343	0	0	0.317247	-0.920879	-0.322862	0	0	0	0.966143	-0.0765842	0.298942	0.0835	0.999916	0	0	0.0129874	-0.440612	-0.18556	0	0	0	1.64595	-0.0200269	0.042381	0.09142	0.999536	0	0	-0.0304753	-0.022754	-0.107153	0	0	0	1.35733	-0.215003	0.664912	-0.0835	0.946998	0	0	0.321241	-0.926278	-0.325284	0	0	0	0.929319	-0.0745651	0.300813	-0.0835	0.999937	0	0	0.0111945	-0.448937	-0.189833	0	0	0	1.68468	-0.0190515	0.0436649	-0.09142	0.999371	0	0	-0.0354748	-0.0194817	-0.109939	0	0	0	1.43804	-0.505909	1.23008	0	0.990366	0	0	0.138473	-1.42918	-0.584767	0	0	0	0.847052	0.193427	0.080588	0.439569	0.1132	0.194805	0.127932	0.286938	0.0977838	0.204432	0.0815553	0.17397	0.0415538	0.288945	0.0390678	0.267945	0.0596422	0.22388	0.080862	0.36646	0.113127	0.17801	0.128481	0.251276	0.097797	0.229802	0.0820007	0.161817	0.04143	0.262045	0.0390421	0.256263	0.0597588	0.236877	0.0656742	0.237645	0.0656578	0.208539	0.208539	0.825697	0.148092	0.0152933	0.182935	0.0148092	0.0144538	0.30109	0.30109	1.02629	0.22303	0.0303695	0.482763	0.022303	0.0246002	0.19283	0.19283	0.815376	0.05125	0.0137837	0.159446	0.005125	0.00804112	0.244841	0.244841	0.917296	0.089333	0.0210964	0.2843	0.0089333	0.00952289	0.177244	0.177244	0.865273	-0.273405	0.0156453	0.188581	-0.0273405	-0.0207514	0.209262	0.209262	0.821302	-0.281188	0.013894	0.161124	-0.0281188	-0.0279219	0.157862	0.157862	0.81478	0.0629037	0.0136356	0.157205	0.00629037	0.00320809	0.168343	0.168343	0.887905	-0.193705	0.0171407	0.213295	-0.0193705	-0.00852304	0.229827	0.229827	0.873239	-0.0391976	0.0190045	0.245732	-0.00391976	-0.00267719	0.139787	0.139787	0.828504	-0.17735	0.0152308	0.181938	-0.017735	-0.0173094	0.415498	0.415498	1.02563	0.280658	0.0272453	0.410882	0.0280658	0.0309565	0.229446	0.229446	0.818871	0.0378467	0.0128501	0.145515	0.00378467	0.00593814	0.162646	0.162646	0.91742	0.107749	0.019292	0.250898	0.0107749	0.011486	0.156538	0.156538	0.865056	-0.152507	0.0163822	0.200615	-0.0152507	-0.0115753	0.165969	0.165969	0.825787	-0.358473	0.0147892	0.174957	-0.0358473	-0.0355964	0.194754	0.194754	0.812353	0.0710661	0.0129003	0.146253	0.00710661	0.00362437	0.299903	0.299903	0.88732	-0.11747	0.0164174	0.201196	-0.011747	-0.00516869	0.224143	0.224143	0.874946	0.173038	0.0198722	0.261452	0.0173038	0.0118185	0	0	0	0	0	0	0	0	0	0	0	0	0	0	0	0	0	0	-0.336886	0.861634	0	-1.11072	-0.437219	0	-0.336886	0.861634	0	-1.11072	-0.437219	0	0	0	0.296833	0	0	0.943206	-0.216199	0.664127	0.0835	-0.920879	-0.322862	0	-0.216199	0.664127	0.0835	-0.920879	-0.322862	0	0	0	0.645651	0	0	0.966143	-0.0765842	0.298942	0.0835	-0.440612	-0.18556	0	-0.0765842	0.298942	0.0835	-0.440612	-0.18556	0	0	0	0.0259756	0	0	1.64595	-0.0200269	0.042381	0.09142	-0.022754	-0.107153	0	-0.0200269	0.042381	0.09142	-0.022754	-0.107153	0	0	0	-0.06096	0	0	1.35733	-0.215003	0.664912	-0.0835	-0.926278	-0.325284	0	-0.215003	0.664912	-0.0835	-0.926278	-0.325284	0	0	0	0.654079	0	0	0.929319	-0.0745651	0.300813	-0.0835	-0.448937	-0.189833	0	-0.0745651	0.300813	-0.0835	-0.448937	-0.189833	0	0	0	0.0223895	0	0	1.68468	-0.0190515	0.0436649	-0.09142	-0.0194817	-0.109939	0	-0.0190515	0.0436649	-0.09142	-0.0194817	-0.109939	0	0	0	-0.0709645	0	0	1.43804	-0.505909	1.23008	0	-1.42918	-0.584767	0	-0.505909	1.23008	0	-1.42918	-0.584767	0	0	0	0.277838	0	0	0.847052	2.38936	-0.318491	0.799907	0.0835	-0.000938505	0.00148302	0	-0.000965238	-0.00270742	0	0.129922	-0.239983	0	0	0	0.348818	0	0	0.0229364	1746.99	942.906	-1470.68	-0	0	0	0	0	3.15494	-0.0814333	0.485579	0.0835	-0.00122271	0.00196004	0	-0.00132579	-0.00206375	0	-0.270127	0.00364995	0	0	0	-0.619675	0	0	0.679812	2306.74	1227.03	-1953.32	-0	0	0	0	0	2.34453	-0.0704337	0.0574299	0.0835	-0.000168718	0.00170612	0	-0.00289421	-0.000412777	0	-0.36439	-0.0207267	0	0	0	-0.0869319	0	0	-0.288626	1714.21	174.315	-1705.33	-0	0	0	0	0	2.25465	-0.318435	0.799826	-0.0835	-0.000882894	0.00140156	0	-0.000558734	-0.00242311	0	-0.30866	0.278623	0	0	0	0.357246	0	0	-0.0138869	1648.49	885.441	-1390.51	-0	0	0	0	0	3.13133	-0.0787448	0.487467	-0.0835	-0.0012472	0.00190985	0	-0.00378817	0.000623718	0	0.178314	-0.255281	0	0	0	-0.631689	0	0	0.755359	2289.48	1259.53	-1911.88	-0	0	0	0	0	2.25825	-0.0693053	0.0592173	-0.0835	-0.000187099	0.00164288	0	-0.00268957	-0.00154907	0	0.206816	0.378391	0	0	0	-0.0933532	0	0	-0.246641	1651.12	192.3	-1639.89	-0	0	0	0	0	0.337239	-0.389291	0.930577	0	0.000121623	-0.000217505	0	0.000464559	0.000776529	0	0.0697227	-0.019532	0	0	0	-0.0189992	0	0	-0.0961538	246.573	-124.374	212.907	-0	17.7399	0	0	17.7399	0.26661	0.266855	0.168432	0.165106	0.216719	0.218285	0.177317	0.173847	0.18113	0.176928	0.372394	0.372101	0.161998	0.162849	0.243778	0.241735	0.220189	0.21781	0	0	0	0	0	0	0	0	0	0	0	0	0	0	0	0	0	0	0	0	0	0	0	0	0	0	0	0	0	0	0	0	0	0	0	0	0	0	0	0	0	0	0	0	0	0	0	0	0	0	0	0	0	0	583.148	22.7618	19.0884	26.0951	31.8358	14.5494	67.3989	8.11797	27.0701	14.475	31.2037	20.0764	27.7362	23.8846	11.7212	75.7152	8.77714	27.5087	12.5895	0	0	0	0	0	0	0.91742	0.917296	0.818871	0.815376	0.865056	0.865273	0.828504	0.825697	0.825787	0.821302	1.02563	1.02629	0.812353	0.81478	0.88732	0.887905	0.874946	0.873239	-0.643048	-1.83646	-5.32105	-0.347614	0.898335	1.99931e-10	-1.10749	-0.440906	0	-82.543	-32.8614	0	-0.00352242	0.00639657	13.2828	-0.137565	0.344503	0	-100.581	251.885	0	23.0273	9.1951	15.9213	0.064671	-0.00366211	-0.09142	-0.126316	0.378508	0	-92.3566	276.747	0	-25.3002	-8.44324	17.3257	0.0639014	-0.00388479	0.09142
0.73	0.306795	1.04207	-0.348087	-1.12786	0.857141	-0.459861	0.348761	-0.0396379	-0.613083	0.65684	-0.0896642	-0.270942	0.356049	-0.217212	-0.623126	0.949913	-0.0956923	-0.214579	0	1	0	0	0	0	1	0	0	0	0	0	0	0	0	0	-0.348087	0.857141	0	0.988258	0	0	0.152797	-1.12786	-0.459861	0	0	0	1.04207	-0.225438	0.660821	0.0835	0.94676	0	0	0.32194	-0.92736	-0.337947	0	0	0	1.00243	-0.0809828	0.297079	0.0835	0.999775	0	0	0.0212353	-0.440454	-0.188554	0	0	0	1.65927	-0.0202434	0.041343	0.09142	0.999722	0	0	-0.023593	-0.0203543	-0.102516	0	0	0	1.38833	-0.224424	0.661523	-0.0835	0.945581	0	0	0.325388	-0.955811	-0.351462	0	0	0	0.824859	-0.0792054	0.298737	-0.0835	0.999803	0	0	0.0198575	-0.477697	-0.224899	0	0	0	1.77477	-0.0192709	0.0424727	-0.09142	0.999608	0	0	-0.0279836	-0.0247677	-0.129085	0	0	0	1.56019	-0.520392	1.22404	0	0.989754	0	0	0.142781	-1.46655	-0.621853	0	0	0	0.896864	0.196767	0.0807166	0.426994	0.113482	0.191641	0.127978	0.274672	0.0978818	0.205902	0.0812655	0.183528	0.041573	0.268715	0.0390127	0.260131	0.0596577	0.210219	0.0808323	0.388795	0.113345	0.21162	0.12832	0.269091	0.0978725	0.216426	0.0816716	0.176238	0.0413984	0.267045	0.0389592	0.24438	0.0598999	0.238274	0.0654721	0.228837	0.0655421	0.145616	0.145616	0.827014	0.175047	0.0156471	0.18861	0.0175047	0.0170846	0.306936	0.306936	1.02885	0.217482	0.0297357	0.467766	0.0217482	0.0239883	0.135777	0.135777	0.815664	0.0221712	0.0134665	0.154662	0.00221712	0.00347866	0.237465	0.237465	0.918216	0.106872	0.0205783	0.274534	0.0106872	0.0113926	0.229236	0.229236	0.86261	-0.308927	0.0154803	0.185926	-0.0308927	-0.0234476	0.209511	0.209511	0.818383	-0.285793	0.0139067	0.161316	-0.0285793	-0.0283793	0.173169	0.173169	0.815157	-0.050484	0.0136335	0.157174	-0.0050484	-0.00257468	0.358753	0.358752	0.886653	-0.0788962	0.0169514	0.210104	-0.00788962	-0.00347143	0.245884	0.245884	0.873465	0.078816	0.0194482	0.253721	0.0078816	0.00538314	0.172267	0.172267	0.8282	0.0757727	0.0159238	0.193095	0.00757727	0.00739541	0.339024	0.339024	1.02761	0.206603	0.0278087	0.42347	0.0206603	0.0227883	0.151561	0.151561	0.817847	-0.121993	0.0138208	0.160009	-0.0121993	-0.0191407	0.299992	0.299992	0.918128	-0.060842	0.0190486	0.246522	-0.0060842	-0.00648576	0.204942	0.204942	0.863532	-0.185198	0.0157319	0.189982	-0.0185198	-0.0140565	0.14598	0.14598	0.822473	-0.322037	0.0142974	0.167305	-0.0322037	-0.0319783	0.131979	0.131979	0.811733	-0.0633648	0.013111	0.149363	-0.00633648	-0.0032316	0.208761	0.208761	0.885437	-0.153905	0.0163968	0.200855	-0.0153905	-0.00677182	0.22071	0.22071	0.877012	0.260053	0.0197186	0.258642	0.0260053	0.0177616	0	0	0	0	0	0	0	0	0	0	0	0	0	0	0	0	0	0	-0.348087	0.857141	0	-1.12786	-0.459861	0	-0.348087	0.857141	0	-1.12786	-0.459861	0	0	0	0.306795	0	0	1.04207	-0.225438	0.660821	0.0835	-0.92736	-0.337947	0	-0.225438	0.660821	0.0835	-0.92736	-0.337947	0	0	0	0.655556	0	0	1.00243	-0.0809828	0.297079	0.0835	-0.440454	-0.188554	0	-0.0809828	0.297079	0.0835	-0.440454	-0.188554	0	0	0	0.0424737	0	0	1.65927	-0.0202434	0.041343	0.09142	-0.0203543	-0.102516	0	-0.0202434	0.041343	0.09142	-0.0203543	-0.102516	0	0	0	-0.0471905	0	0	1.38833	-0.224424	0.661523	-0.0835	-0.955811	-0.351462	0	-0.224424	0.661523	-0.0835	-0.955811	-0.351462	0	0	0	0.662844	0	0	0.824859	-0.0792054	0.298737	-0.0835	-0.477697	-0.224899	0	-0.0792054	0.298737	-0.0835	-0.477697	-0.224899	0	0	0	0.0397177	0	0	1.77477	-0.0192709	0.0424727	-0.09142	-0.0247677	-0.129085	0	-0.0192709	0.0424727	-0.09142	-0.0247677	-0.129085	0	0	0	-0.0559746	0	0	1.56019	-0.520392	1.22404	0	-1.46655	-0.621853	0	-0.520392	1.22404	0	-1.46655	-0.621853	0	0	0	0.286541	0	0	0.896864	2.3586	-0.32907	0.795582	0.0835	-0.000945091	0.00145434	0	-0.000256658	-0.00277331	0	0.130585	-0.0104575	0	0	0	0.348761	0	0	-0.0396379	1724.5	946.261	-1441.69	-0	0	0	0	0	3.15022	-0.0889103	0.48361	0.0835	-0.00124241	0.00194097	0	-0.00218922	-0.00186576	0	0.316165	0.146157	0	0	0	-0.613083	0	0	0.65684	2303.29	1249.54	-1934.89	-0	0	0	0	0	2.33627	-0.0708527	0.0556964	0.0835	-0.000200614	0.00169826	0	-0.00316426	-0.0013656	0	0.444829	0.0804603	0	0	0	-0.0896626	0	0	-0.270942	1708.17	206.733	-1695.61	-0	0	0	0	0	2.30254	-0.329035	0.795525	-0.0835	-0.000910878	0.00139749	0	-0.00415146	0.00130624	0	-0.0369773	0.344434	0	0	0	0.356048	0	0	-0.217212	1683.51	929.806	-1403.45	-0	0	0	0	0	3.12944	-0.0866188	0.48529	-0.0835	-0.00126636	0.00191015	0	8.2016e-05	-0.00130819	0	0.30265	-0.377255	0	0	0	-0.623126	0	0	0.949913	2288.1	1266.09	-1905.89	-0	0	0	0	0	2.26236	-0.0697521	0.0572701	-0.0835	-0.000207409	0.00164086	0	-0.00161921	-9.14782e-05	0	0.0415901	-0.220473	0	0	0	-0.0956923	0	0	-0.214579	1654.13	210.54	-1640.68	-0	0	0	0	0	0.33587	-0.401172	0.925565	0	0.000127643	-0.000210173	0	0.000516415	0.000383675	0	-0.0403107	-0.0663245	0	0	0	-0.0202505	0	0	-0.145207	245.573	-130.701	207.902	-0	23.3996	0	0	23.3996	0.26742	0.267296	0.168871	0.165376	0.215056	0.215273	0.178504	0.175697	0.179288	0.174081	0.373832	0.374232	0.16178	0.164025	0.241511	0.240729	0.222629	0.218677	0	0	0	0	0	0	0	0	0	0	0	0	0	0	0	0	0	0	0	0	0	0	0	0	0	0	0	0	0	0	0	0	0	0	0	0	0	0	0	0	0	0	0	0	0	0	0	0	0	0	0	0	0	0	576.98	19.0483	18.7401	21.6224	30.3627	16.4697	67.9886	10.0009	29.3426	13.3781	21.6618	18.377	32.6809	38.8245	13.0742	66.7229	8.8691	25.1833	12.0901	0	0	0	0	0	0	0.918128	0.918216	0.817847	0.815664	0.863532	0.86261	0.8282	0.827014	0.822473	0.818383	1.02761	1.02885	0.811733	0.815157	0.885437	0.886653	0.877012	0.873465	-0.661711	-1.8967	-6.77816	-0.358822	0.893783	1.99931e-10	-1.13334	-0.468806	0	-84.4691	-34.9408	0	-0.0247843	0.0341304	13.7319	-0.133797	0.344294	0	-97.8261	251.732	0	23.0133	8.94326	15.9463	0.0647568	-0.00362957	-0.09142	-0.128575	0.365546	0	-94.0081	267.27	0	-24.4338	-8.59422	16.7335	0.0639543	-0.00382507	0.09142
0.74	0.317434	1.07483	-0.35946	-1.14734	0.85242	-0.483399	0.34836	-0.00932634	-0.606537	0.623753	-0.0935046	-0.527651	0.353378	-0.28499	-0.613048	1.03946	-0.0975425	-0.213949	0	1	0	0	0	0	1	0	0	0	0	0	0	0	0	0	-0.35946	0.85242	0	0.987431	0	0	0.158051	-1.14734	-0.483399	0	0	0	1.07483	-0.234771	0.657357	0.0835	0.9451	0	0	0.326782	-0.938498	-0.351657	0	0	0	1.06551	-0.0853818	0.295183	0.0835	0.999561	0	0	0.0296238	-0.436448	-0.184614	0	0	0	1.68926	-0.020414	0.0403311	0.09142	0.999853	0	0	-0.0171234	-0.0134693	-0.0979048	0	0	0	1.16161	-0.234097	0.657871	-0.0835	0.944277	0	0	0.329152	-0.976758	-0.377231	0	0	0	0.789844	-0.0840892	0.296336	-0.0835	0.999583	0	0	0.0288775	-0.495003	-0.249464	0	0	0	1.8293	-0.0195522	0.0411036	-0.09142	0.999802	0	0	-0.0198884	-0.0296584	-0.140479	0	0	0	1.61535	-0.535261	1.21762	0	0.989079	0	0	0.147387	-1.50519	-0.658727	0	0	0	0.959569	0.189386	0.0809367	0.41652	0.11375	0.182971	0.128022	0.268734	0.0979881	0.206703	0.0809729	0.179621	0.0415547	0.303777	0.0388913	0.254699	0.0597349	0.203515	0.080953	0.382301	0.113653	0.202399	0.128197	0.28006	0.0978084	0.207998	0.0813386	0.183797	0.0413846	0.259127	0.038906	0.236757	0.0600759	0.232459	0.0652488	0.224298	0.0653868	0.162867	0.162867	0.829269	0.255159	0.0156063	0.187953	0.0255159	0.0249035	0.41239	0.41239	1.03128	0.203164	0.0291218	0.453442	0.0203164	0.022409	0.230067	0.230067	0.815947	0.0253199	0.0130157	0.147954	0.00253199	0.00397269	0.2889	0.2889	0.919213	0.0827841	0.0200933	0.265521	0.00827841	0.00882479	0.264911	0.264911	0.859668	-0.265887	0.0154117	0.184825	-0.0265887	-0.0201808	0.137321	0.137321	0.815437	-0.289378	0.0138892	0.161049	-0.0289378	-0.0287352	0.160171	0.160171	0.814797	-0.0298521	0.0135036	0.155219	-0.00298521	-0.00152246	0.283974	0.283974	0.883892	-0.338163	0.0167723	0.207099	-0.0338163	-0.0148792	0.219001	0.219001	0.874596	0.166389	0.0197384	0.259003	0.0166389	0.0113644	0.194293	0.194293	0.829437	0.169127	0.0160565	0.19526	0.0169127	0.0165068	0.368409	0.368409	1.0304	0.319917	0.028331	0.435284	0.0319917	0.0352868	0.192538	0.192538	0.817061	-0.0687531	0.0136062	0.156763	-0.00687531	-0.0107874	0.293989	0.293989	0.917527	-0.000243806	0.0200334	0.264415	-2.43806e-05	-2.59897e-05	0.211756	0.211756	0.861486	-0.222127	0.0152741	0.182627	-0.0222127	-0.0168594	0.13846	0.13846	0.81912	-0.370087	0.0135974	0.15663	-0.0370087	-0.0367496	0.139455	0.139455	0.811463	-0.0756774	0.0134762	0.154807	-0.00756774	-0.00385955	0.265023	0.265023	0.884227	-0.105341	0.0163128	0.19947	-0.0105341	-0.00463502	0.20559	0.20559	0.879589	0.267646	0.0193371	0.251711	0.0267646	0.0182802	0	0	0	0	0	0	0	0	0	0	0	0	0	0	0	0	0	0	-0.35946	0.85242	0	-1.14734	-0.483399	0	-0.35946	0.85242	0	-1.14734	-0.483399	0	0	0	0.317434	0	0	1.07483	-0.234771	0.657357	0.0835	-0.938498	-0.351657	0	-0.234771	0.657357	0.0835	-0.938498	-0.351657	0	0	0	0.665793	0	0	1.06551	-0.0853818	0.295183	0.0835	-0.436448	-0.184614	0	-0.0853818	0.295183	0.0835	-0.436448	-0.184614	0	0	0	0.0592562	0	0	1.68926	-0.020414	0.0403311	0.09142	-0.0134693	-0.0979048	0	-0.020414	0.0403311	0.09142	-0.0134693	-0.0979048	0	0	0	-0.0342484	0	0	1.16161	-0.234097	0.657871	-0.0835	-0.976758	-0.377231	0	-0.234097	0.657871	-0.0835	-0.976758	-0.377231	0	0	0	0.670811	0	0	0.789844	-0.0840892	0.296336	-0.0835	-0.495003	-0.249464	0	-0.0840892	0.296336	-0.0835	-0.495003	-0.249464	0	0	0	0.057763	0	0	1.8293	-0.0195522	0.0411036	-0.09142	-0.0296584	-0.140479	0	-0.0195522	0.0411036	-0.09142	-0.0296584	-0.140479	0	0	0	-0.0397795	0	0	1.61535	-0.535261	1.21762	0	-1.50519	-0.658727	0	-0.535261	1.21762	0	-1.50519	-0.658727	0	0	0	0.295852	0	0	0.959569	2.33551	-0.339777	0.79105	0.0835	-0.00094834	0.00142725	0	-0.00110912	-0.00231838	0	-0.0763583	0.166493	0	0	0	0.34836	0	0	-0.00932634	1707.61	953.397	-1416.68	-0	0	0	0	0	3.161	-0.0964385	0.481556	0.0835	-0.00126432	0.00193131	0	-0.00215679	-0.000375569	0	0.711755	0.311595	0	0	0	-0.606537	0	0	0.623753	2311.18	1271.34	-1930.09	-0	0	0	0	0	2.38067	-0.0712048	0.0540283	0.0835	-0.000231519	0.00171781	0	-0.0032079	0.00337036	0	1.29147	0.0569227	0	0	0	-0.0935039	0	0	-0.527651	1740.63	237.723	-1724.32	-0	0	0	0	0	2.33387	-0.339773	0.791035	-0.0835	-0.000944495	0.00141239	0	-0.00209785	0.000525504	0	0.115353	-0.147081	0	0	0	0.353377	0	0	-0.28499	1706.42	954.06	-1414.79	-0	0	0	0	0	3.08412	-0.0948676	0.482725	-0.0835	-0.00125694	0.00188375	0	0.000968397	-0.00291216	0	0.00739837	0.895084	0	0	0	-0.613048	0	0	1.03946	2254.96	1253.79	-1874.26	-0	0	0	0	0	2.26738	-0.0702664	0.0550815	-0.0835	-0.000223078	0.00163966	0	-0.00156219	0.0013694	0	0.464994	1.7151	0	0	0	-0.0975413	0	0	-0.213949	1657.8	226.099	-1642.31	-0	0	0	0	0	0.345357	-0.413267	0.920273	0	0.000132442	-0.000210926	0	0.000631809	-0.000289202	0	0.0817976	-0.102928	0	0	0	-0.0215731	0	0	-0.115265	252.508	-136.182	212.638	-0	22.0175	0	0	22.0175	0.268128	0.268216	0.167847	0.165664	0.213532	0.21261	0.1782	0.177014	0.175787	0.171302	0.375627	0.376293	0.162353	0.16478	0.239544	0.240506	0.223764	0.220751	0	0	0	0	0	0	0	0	0	0	0	0	0	0	0	0	0	0	0	0	0	0	0	0	0	0	0	0	0	0	0	0	0	0	0	0	0	0	0	0	0	0	0	0	0	0	0	0	0	0	0	0	0	0	587.06	19.5751	21.574	28.1623	33.4958	16.2608	60.2642	9.03317	39.2787	12.3786	22.6	18.9915	31.277	34.7714	13.7163	67.0623	9.62446	25.0471	11.4047	0	0	0	0	0	0	0.917527	0.919213	0.817061	0.815947	0.861486	0.859668	0.829437	0.829269	0.81912	0.815437	1.0304	1.03128	0.811463	0.814797	0.884227	0.883892	0.879589	0.874596	-0.681039	-1.96413	-6.3375	-0.370291	0.888948	1.99931e-10	-1.1588	-0.49553	0	-86.3666	-36.9325	0	-0.0448032	0.0496928	14.2913	-0.125852	0.356911	0	-92.017	260.957	0	23.8243	8.40078	15.48	0.0605714	-0.0035486	-0.091296	-0.131446	0.420657	0	-96.1071	307.565	0	-27.9253	-8.72602	12.8277	0.0427763	-0.0034214	0.0907947
0.75	0.328278	1.09225	-0.371096	-1.18171	0.847464	-0.506087	0.349282	0.214241	-0.601609	0.334674	-0.100191	-0.795558	0.351139	-0.113382	-0.603254	0.848526	-0.10183	-0.621943	0	1	0	0	0	0	1	0	0	0	0	0	0	0	0	0	-0.371096	0.847464	0	0.986559	0	0	0.163403	-1.18171	-0.506087	0	0	0	1.09225	-0.244189	0.653869	0.0835	0.943161	0	0	0.332337	-0.944184	-0.34282	0	0	0	1.30649	-0.0896296	0.293555	0.0835	0.999279	0	0	0.0379665	-0.410554	-0.136074	0	0	0	1.64116	-0.0205065	0.0395069	0.09142	0.999927	0	0	-0.0121196	-0.00447317	-0.0629046	0	0	0	0.845605	-0.243949	0.65407	-0.0835	0.942852	0	0	0.333212	-0.989292	-0.375232	0	0	0	0.978867	-0.0889935	0.293978	-0.0835	0.999275	0	0	0.0380724	-0.479028	-0.208842	0	0	0	1.82739	-0.0198179	0.0398007	-0.09142	0.999918	0	0	-0.0128332	-0.0223407	-0.110992	0	0	0	1.20545	-0.550529	1.21086	0	0.988344	0	0	0.152237	-1.54796	-0.692387	0	0	0	0.99575	0.18443	0.0811963	0.415947	0.113949	0.200742	0.127954	0.285563	0.0979882	0.193068	0.0807527	0.176616	0.0415243	0.291173	0.0387394	0.25345	0.0598849	0.247732	0.0810203	0.375827	0.11401	0.198627	0.128085	0.306521	0.097781	0.201157	0.0809681	0.169062	0.0413813	0.25571	0.0388404	0.241568	0.0602461	0.243827	0.0649819	0.24567	0.0651616	0.188891	0.188891	0.831929	0.275918	0.0154254	0.185045	0.0275918	0.0269296	0.409171	0.409171	1.03309	0.150863	0.0286367	0.442264	0.0150863	0.0166402	0.149055	0.149055	0.815513	0.0308806	0.0139975	0.162702	0.00308806	0.00484517	0.256944	0.256944	0.919214	-0.076346	0.0197711	0.259603	-0.0076346	-0.00813849	0.222576	0.222576	0.856152	-0.356909	0.0153928	0.184524	-0.0356909	-0.0270894	0.164811	0.164811	0.813219	-0.146535	0.0138593	0.160594	-0.0146535	-0.0145509	0.119101	0.119101	0.814201	-0.104492	0.0129778	0.147395	-0.0104492	-0.00532907	0.279775	0.279775	0.88044	-0.33582	0.0162378	0.198235	-0.033582	-0.0147761	0.161101	0.161101	0.876792	0.258266	0.0202363	0.268167	0.0258266	0.0176396	0.261062	0.261062	0.830126	-0.191345	0.0163459	0.200015	-0.0191345	-0.0186752	0.301916	0.301916	1.03364	0.310856	0.0279437	0.426509	0.0310856	0.0342874	0.125318	0.125318	0.816348	-0.0564876	0.0134595	0.154558	-0.00564876	-0.00886291	0.285772	0.285772	0.91727	-0.092485	0.0206486	0.275851	-0.0092485	-0.0098589	0.197046	0.197046	0.858519	-0.45839	0.0149323	0.177209	-0.045839	-0.0347918	0.189814	0.189814	0.815389	-0.38969	0.0131189	0.14948	-0.038969	-0.0386962	0.151342	0.151342	0.811398	0.0759968	0.013354	0.152978	0.00759968	0.00387584	0.323388	0.323388	0.882735	-0.178194	0.0157066	0.189571	-0.0178194	-0.00784052	0.216344	0.216344	0.88208	0.200639	0.0192769	0.250625	0.0200639	0.0137036	0	0	0	0	0	0	0	0	0	0	0	0	0	0	0	0	0	0	-0.371096	0.847464	0	-1.18171	-0.506087	0	-0.371096	0.847464	0	-1.18171	-0.506087	0	0	0	0.328278	0	0	1.09225	-0.244189	0.653869	0.0835	-0.944184	-0.34282	0	-0.244189	0.653869	0.0835	-0.944184	-0.34282	0	0	0	0.67756	0	0	1.30649	-0.0896296	0.293555	0.0835	-0.410554	-0.136074	0	-0.0896296	0.293555	0.0835	-0.410554	-0.136074	0	0	0	0.0759512	0	0	1.64116	-0.0205065	0.0395069	0.09142	-0.00447317	-0.0629046	0	-0.0205065	0.0395069	0.09142	-0.00447317	-0.0629046	0	0	0	-0.0242398	0	0	0.845605	-0.243949	0.65407	-0.0835	-0.989292	-0.375232	0	-0.243949	0.65407	-0.0835	-0.989292	-0.375232	0	0	0	0.679417	0	0	0.978867	-0.0889935	0.293978	-0.0835	-0.479028	-0.208842	0	-0.0889935	0.293978	-0.0835	-0.479028	-0.208842	0	0	0	0.0761631	0	0	1.82739	-0.0198179	0.0398007	-0.09142	-0.0223407	-0.110992	0	-0.0198179	0.0398007	-0.09142	-0.0223407	-0.110992	0	0	0	-0.0256671	0	0	1.20545	-0.550529	1.21086	0	-1.54796	-0.692387	0	-0.550529	1.21086	0	-1.54796	-0.692387	0	0	0	0.305663	0	0	0.99575	2.3782	-0.350761	0.786317	0.0835	-0.000976741	0.00142305	0	-0.00385571	0.000754178	0	0.150089	-0.194676	0	0	0	0.349283	0	0	0.214241	1738.83	994.321	-1426.48	-0	0	0	0	0	3.16486	-0.103796	0.479717	0.0835	-0.00128465	0.00192565	0	-0.0019356	-0.00160374	0	-0.0353241	-0.358247	0	0	0	-0.601609	0	0	0.334674	2314	1290.95	-1920.42	-0	0	0	0	0	2.40534	-0.0714318	0.052695	0.0835	-0.0002634	0.00173825	0	-0.00321542	-0.000191517	0	-0.0484611	-0.385076	0	0	0	-0.10019	0	0	-0.795558	1758.67	269.618	-1737.88	-0	0	0	0	0	2.40149	-0.350766	0.786319	-0.0835	-0.000981569	0.00142528	0	-0.00537729	0.00301743	0	-0.463416	0.663664	0	0	0	0.351138	0	0	-0.113382	1755.86	1006.09	-1439.04	-0	0	0	0	0	3.10453	-0.103199	0.480137	-0.0835	-0.00125562	0.00188196	0	-0.00201941	0.00142641	0	-0.706168	0.342302	0	0	0	-0.603253	0	0	0.848526	2269.89	1262.19	-1886.6	-0	0	0	0	0	2.32664	-0.0707243	0.0530615	-0.0835	-0.00024344	0.00167775	0	-0.00261441	0.00265498	0	-0.115764	-0.525524	0	0	0	-0.101829	0	0	-0.621943	1701.13	248.496	-1682.89	-0	0	0	0	0	0.390385	-0.425623	0.914717	0	0.000147492	-0.00022243	0	0.00232947	-0.0022071	0	0.105033	-0.176374	0	0	0	-0.0226197	0	0	-0.0964984	285.431	-161.283	235.496	-0	21.1559	0	0	21.1559	0.267527	0.269213	0.167061	0.165947	0.211486	0.209668	0.179437	0.179269	0.172473	0.168383	0.377611	0.378845	0.161733	0.165157	0.23794	0.238918	0.224174	0.223032	0	0	0	0	0	0	0	0	0	0	0	0	0	0	0	0	0	0	0	0	0	0	0	0	0	0	0	0	0	0	0	0	0	0	0	0	0	0	0	0	0	0	0	0	0	0	0	0	0	0	0	0	0	0	609.871	20.8949	21.4014	23.3286	38.5401	17.3855	48.3305	9.43945	37.5968	10.7463	43.0847	16.7068	25.1926	43.9814	18.6033	71.82	7.76975	30.6023	11.9044	0	0	0	0	0	0	0.91727	0.919214	0.816348	0.815513	0.858519	0.856152	0.830126	0.831929	0.815389	0.813219	1.03364	1.03309	0.811398	0.814201	0.882735	0.88044	0.88208	0.876792	-0.700992	-2.02276	-5.4972	-0.382009	0.883913	1.99931e-10	-1.18379	-0.507708	0	-88.2297	-37.8402	0	-0.0531955	0.058274	15.2621	-0.119437	0.480448	0	-87.3265	351.281	0	31.6699	7.87295	7.37953	0.0217871	-0.00313614	-0.0901554	-0.132408	0.496274	0	-96.8109	362.852	0	-32.6804	-8.7193	6.24112	0.0180583	-0.00321622	0.0900653
0.76	0.339354	1.13076	-0.383155	-1.22738	0.842306	-0.523407	0.35303	0.501413	-0.600445	-0.0634593	-0.109519	-1.06242	0.351959	0.259192	-0.597406	0.326701	-0.110123	-1.01213	0	1	0	0	0	0	1	0	0	0	0	0	0	0	0	0	-0.383155	0.842306	0	0.985639	0	0	0.168864	-1.22738	-0.523407	0	0	0	1.13076	-0.25363	0.650537	0.0835	0.940672	0	0	0.339319	-0.944927	-0.323467	0	0	0	1.63217	-0.0935319	0.292567	0.0835	0.998944	0	0	0.0459535	-0.372953	-0.0647991	0	0	0	1.56871	-0.0204795	0.0391519	0.09142	0.999961	0	0	-0.00878979	0.0102035	-0.0102642	0	0	0	0.506285	-0.253813	0.650472	-0.0835	0.940853	0	0	0.338815	-0.980366	-0.345118	0	0	0	1.38995	-0.0935218	0.292382	-0.0835	0.998898	0	0	0.0469365	-0.425033	-0.114384	0	0	0	1.71665	-0.0199528	0.0390565	-0.09142	0.999967	0	0	-0.00810775	-0.00395208	-0.0418011	0	0	0	0.704514	-0.566273	1.20379	0	0.987567	0	0	0.157196	-1.59901	-0.717375	0	0	0	1.0111	0.182951	0.0814522	0.406472	0.114083	0.198568	0.128082	0.278097	0.0979025	0.188889	0.0806602	0.176753	0.0414494	0.271655	0.0385837	0.247854	0.0601465	0.250106	0.0808795	0.362492	0.114306	0.189676	0.128067	0.296311	0.0977103	0.194678	0.080628	0.172947	0.0413821	0.281579	0.0386717	0.236343	0.0604366	0.24077	0.0647271	0.2359	0.0648323	0.1839	0.1839	0.834551	0.300373	0.0154734	0.185815	0.0300373	0.0293164	0.446071	0.446071	1.03429	0.0945163	0.027663	0.420197	0.00945163	0.0104251	0.229932	0.229932	0.816326	0.111092	0.0143081	0.167471	0.0111092	0.0174304	0.27962	0.27962	0.91841	-0.0921986	0.0192833	0.250743	-0.00921986	-0.00982837	0.254623	0.254623	0.852795	-0.31426	0.0154534	0.185494	-0.031426	-0.0238523	0.169517	0.169517	0.812289	-0.0251775	0.0142125	0.165997	-0.00251775	-0.00250012	0.177384	0.177384	0.812734	-0.262663	0.012252	0.13683	-0.0262663	-0.0133958	0.290364	0.290364	0.876903	-0.323037	0.0154714	0.185783	-0.0323037	-0.0142136	0.201621	0.201621	0.880623	0.45049	0.0209231	0.281018	0.045049	0.0307685	0.230522	0.230522	0.828683	-0.0571674	0.0172501	0.215151	-0.00571674	-0.00557954	0.478322	0.478322	1.03632	0.192349	0.0264011	0.392334	0.0192349	0.0212161	0.101215	0.101215	0.816235	0.0273207	0.0133965	0.153614	0.00273207	0.00428662	0.0717338	0.0717338	0.916607	-0.0488991	0.0204799	0.272696	-0.00488991	-0.00521264	0.249224	0.249224	0.854181	-0.407146	0.0147289	0.174014	-0.0407146	-0.0309023	0.180406	0.180406	0.811964	-0.244649	0.0134485	0.154394	-0.0244649	-0.0242937	0.0825094	0.0825094	0.811414	-0.137398	0.0125854	0.141649	-0.0137398	-0.00700728	0.192641	0.192641	0.878903	-0.472429	0.015034	0.178816	-0.0472429	-0.0207869	0.169286	0.169286	0.884869	0.383784	0.0199559	0.262989	0.0383784	0.0262125	0	0	0	0	0	0	0	0	0	0	0	0	0	0	0	0	0	0	-0.383155	0.842306	0	-1.22738	-0.523407	0	-0.383155	0.842306	0	-1.22738	-0.523407	0	0	0	0.339354	0	0	1.13076	-0.25363	0.650537	0.0835	-0.944927	-0.323467	0	-0.25363	0.650537	0.0835	-0.944927	-0.323467	0	0	0	0.692385	0	0	1.63217	-0.0935319	0.292567	0.0835	-0.372953	-0.0647991	0	-0.0935319	0.292567	0.0835	-0.372953	-0.0647991	0	0	0	0.0919394	0	0	1.56871	-0.0204795	0.0391519	0.09142	0.0102035	-0.0102642	0	-0.0204795	0.0391519	0.09142	0.0102035	-0.0102642	0	0	0	-0.0175798	0	0	0.506285	-0.253813	0.650472	-0.0835	-0.980366	-0.345118	0	-0.253813	0.650472	-0.0835	-0.980366	-0.345118	0	0	0	0.691314	0	0	1.38995	-0.0935218	0.292382	-0.0835	-0.425033	-0.114384	0	-0.0935218	0.292382	-0.0835	-0.425033	-0.114384	0	0	0	0.0939076	0	0	1.71665	-0.0199528	0.0390565	-0.09142	-0.00395208	-0.0418011	0	-0.0199528	0.0390565	-0.09142	-0.00395208	-0.0418011	0	0	0	-0.0162157	0	0	0.704514	-0.566273	1.20379	0	-1.59901	-0.717375	0	-0.566273	1.20379	0	-1.59901	-0.717375	0	0	0	0.315702	0	0	1.0111	2.36617	-0.362154	0.78139	0.0835	-0.00100204	0.00141451	0	-0.00160193	-0.002069	0	0.0428267	-0.143381	0	0	0	0.35303	0	0	0.501413	1730.03	1009.35	-1405.07	-0	0	0	0	0	3.15624	-0.110673	0.478479	0.0835	-0.00131524	0.00190008	0	-0.00359619	-0.00369871	0	-0.27905	-0.278961	0	0	0	-0.600445	0	0	-0.0634593	2307.69	1326.95	-1888.03	-0	0	0	0	0	2.35314	-0.0714915	0.0520006	0.0835	-0.00029695	0.00170577	0	-0.00340388	-0.00633257	0	-0.519945	-0.464843	0	0	0	-0.109519	0	0	-1.06242	1720.51	303.533	-1693.52	-0	0	0	0	0	2.49625	-0.362197	0.781442	-0.0835	-0.0010446	0.00146621	0	-0.00550735	0.00276113	0	0.354812	-0.496467	0	0	0	0.35196	0	0	0.259192	1825.14	1069.71	-1478.8	-0	0	0	0	0	3.16593	-0.111029	0.47826	-0.0835	-0.00130175	0.00189984	0	-0.00576079	0.000409007	0	0.30921	-0.268069	0	0	0	-0.597406	0	0	0.326701	2314.78	1320.51	-1901.17	-0	0	0	0	0	2.3252	-0.0709822	0.0518357	-0.0835	-0.000274599	0.00168145	0	-0.00374209	-0.00253188	0	0.790434	-0.984502	0	0	0	-0.110125	0	0	-1.01213	1700.07	281.835	-1676.55	-0	0	0	0	0	0.438111	-0.438401	0.908923	0	0.000173241	-0.000249036	0	0.00211978	-0.00201106	0	-0.199531	0.258896	0	0	0	-0.0236402	0	0	-0.119656	320.326	-185.791	260.942	-0	24.5984	0	0	24.5984	0.26727	0.269214	0.166348	0.165513	0.208519	0.206152	0.180126	0.181929	0.16912	0.165437	0.3804	0.381277	0.161463	0.164797	0.236418	0.237132	0.225872	0.223207	0	0	0	0	0	0	0	0	0	0	0	0	0	0	0	0	0	0	0	0	0	0	0	0	0	0	0	0	0	0	0	0	0	0	0	0	0	0	0	0	0	0	0	0	0	0	0	0	0	0	0	0	0	0	575.243	20.502	22.2852	29.4946	40.5039	17.2262	37.3731	13.967	35.5904	11.6849	32.5764	21.8683	19.2207	27.0218	18.3989	58.2703	9.05753	37.2292	10.4301	0	0	0	0	0	0	0.916607	0.91841	0.816235	0.816326	0.854181	0.852795	0.828683	0.834551	0.811964	0.812289	1.03632	1.03429	0.811414	0.812734	0.878903	0.876903	0.884869	0.880623	-0.721514	-2.07958	-6.32433	-0.393977	0.878842	1.99931e-10	-1.20833	-0.505462	0	-90.0583	-37.6728	0	-0.0357702	0.0452652	16.6252	-0.117858	0.538694	0	-86.1722	393.868	0	35.2828	7.71934	0.615559	0.00225263	-0.00315277	-0.0895803	-0.135179	0.507063	0	-98.8366	370.741	0	-33.2608	-8.86708	2.01128	0.00626756	-0.00316033	0.0897146
0.77	0.351149	1.23125	-0.395621	-1.26127	0.837012	-0.533933	0.358673	0.58291	-0.602265	-0.246695	-0.121418	-1.29381	0.355991	0.499192	-0.596714	-0.128923	-0.121625	-1.25516	0	1	0	0	0	0	1	0	0	0	0	0	0	0	0	0	-0.395621	0.837012	0	0.984626	0	0	0.174674	-1.26127	-0.533933	0	0	0	1.23125	-0.263119	0.647402	0.0835	0.937677	0	0	0.347507	-0.953492	-0.306414	0	0	0	1.81416	-0.0971483	0.292222	0.0835	0.998554	0	0	0.0537525	-0.355523	-0.0127232	0	0	0	1.56747	-0.0203001	0.0392947	0.09142	0.999976	0	0	-0.00693036	0.0242957	0.0327337	0	0	0	0.273656	-0.263519	0.647168	-0.0835	0.938142	0	0	0.346249	-0.962532	-0.317937	0	0	0	1.73044	-0.0974912	0.291693	-0.0835	0.998476	0	0	0.0551852	-0.375082	-0.0323194	0	0	0	1.60152	-0.0198935	0.0389697	-0.09142	0.999984	0	0	-0.00559942	0.0141847	0.0189654	0	0	0	0.346361	-0.582546	1.1965	0	0.986744	0	0	0.162284	-1.65341	-0.740505	0	0	0	1.05768	0.191	0.0817183	0.41677	0.1141	0.212093	0.128236	0.278038	0.0977582	0.186122	0.0806952	0.180385	0.0412702	0.270441	0.038399	0.241815	0.0605472	0.247416	0.0808892	0.414483	0.114305	0.183256	0.128218	0.275221	0.0977038	0.190957	0.0804703	0.162499	0.0413027	0.269638	0.0384611	0.227347	0.0608076	0.242301	0.0644808	0.235607	0.0645115	0.208534	0.208534	0.837278	0.207485	0.0156008	0.187864	0.0207485	0.0202505	0.315929	0.315929	1.03445	-0.0141814	0.0269718	0.404831	-0.00141814	-0.00156421	0.23409	0.23409	0.817313	0.149439	0.0152582	0.182374	0.0149439	0.023447	0.303916	0.303916	0.917056	-0.170733	0.0187248	0.240749	-0.0170733	-0.0182002	0.266732	0.266732	0.849549	-0.287097	0.0156396	0.188491	-0.0287097	-0.0217907	0.13009	0.13009	0.812641	0.086487	0.0146474	0.17274	0.0086487	0.00858816	0.128403	0.128403	0.80922	-0.463315	0.0115108	0.126327	-0.0463315	-0.023629	0.313525	0.313525	0.872705	-0.460865	0.0145832	0.171738	-0.0460865	-0.020278	0.251454	0.251454	0.886489	0.706645	0.0216556	0.294994	0.0706645	0.0482639	0.21382	0.21382	0.828782	0.0695209	0.0179405	0.226992	0.00695209	0.00678524	0.258724	0.258724	1.03631	-0.0739063	0.0262731	0.389556	-0.00739063	-0.00815186	0.172894	0.172894	0.817197	0.125053	0.0135325	0.155654	0.0125053	0.0196209	0.214288	0.214288	0.916546	-0.062708	0.0193325	0.251629	-0.0062708	-0.00668467	0.170137	0.170137	0.849954	-0.371969	0.0148586	0.176049	-0.0371969	-0.0282324	0.190348	0.190348	0.810375	-0.0573583	0.0141423	0.164918	-0.00573583	-0.00569568	0.115346	0.115346	0.809858	-0.225337	0.0116025	0.127611	-0.0225337	-0.0114922	0.23515	0.23515	0.874115	-0.515288	0.0142726	0.166924	-0.0515288	-0.0226727	0.200065	0.200065	0.890302	0.684307	0.020684	0.276515	0.0684307	0.0467382	0	0	0	0	0	0	0	0	0	0	0	0	0	0	0	0	0	0	-0.395621	0.837012	0	-1.26127	-0.533933	0	-0.395621	0.837012	0	-1.26127	-0.533933	0	0	0	0.351149	0	0	1.23125	-0.263119	0.647402	0.0835	-0.953492	-0.306414	0	-0.263119	0.647402	0.0835	-0.953492	-0.306414	0	0	0	0.709822	0	0	1.81416	-0.0971483	0.292222	0.0835	-0.355523	-0.0127232	0	-0.0971483	0.292222	0.0835	-0.355523	-0.0127232	0	0	0	0.107557	0	0	1.56747	-0.0203001	0.0392947	0.09142	0.0242957	0.0327337	0	-0.0203001	0.0392947	0.09142	0.0242957	0.0327337	0	0	0	-0.0138608	0	0	0.273656	-0.263519	0.647168	-0.0835	-0.962532	-0.317937	0	-0.263519	0.647168	-0.0835	-0.962532	-0.317937	0	0	0	0.70714	0	0	1.73044	-0.0974912	0.291693	-0.0835	-0.375082	-0.0323194	0	-0.0974912	0.291693	-0.0835	-0.375082	-0.0323194	0	0	0	0.110427	0	0	1.60152	-0.0198935	0.0389697	-0.09142	0.0141847	0.0189654	0	-0.0198935	0.0389697	-0.09142	0.0141847	0.0189654	0	0	0	-0.0111989	0	0	0.346361	-0.582546	1.1965	0	-1.65341	-0.740505	0	-0.582546	1.1965	0	-1.65341	-0.740505	0	0	0	0.32601	0	0	1.05768	2.37163	-0.373908	0.776343	0.0835	-0.0010238	0.00139759	0	-0.00255907	-0.00146472	0	0.146033	-0.12087	0	0	0	0.358673	0	0	0.58291	1734.02	1035.47	-1390.92	-0	0	0	0	0	3.13801	-0.11719	0.477844	0.0835	-0.00135504	0.001858	0	-0.00396264	-0.00492176	0	0.356216	0.0478647	0	0	0	-0.602266	0	0	-0.246695	2294.37	1367.94	-1841.97	-0	0	0	0	0	2.24497	-0.0713595	0.0519536	0.0835	-0.000329427	0.00162518	0	-0.0028066	-0.00945523	0	0.405603	-0.935602	0	0	0	-0.121415	0	0	-1.29381	1641.42	334.855	-1606.9	-0	0	0	0	0	2.47126	-0.373962	0.776405	-0.0835	-0.0010775	0.00146015	0	-0.00131798	-0.00311375	0	0.0102645	-0.21392	0	0	0	0.355991	0	0	0.499192	1806.87	1083.51	-1445.95	-0	0	0	0	0	3.21643	-0.118066	0.477256	-0.0835	-0.00137042	0.00189906	0	-0.00704128	-0.00140339	0	-2.05709	-0.837052	0	0	0	-0.596714	0	0	-0.128923	2351.7	1393.34	-1894.49	-0	0	0	0	0	2.22859	-0.0709865	0.0514926	-0.0835	-0.000307493	0.00161737	0	-0.00234713	-0.00935207	0	-3.74463	-0.838166	0	0	0	-0.121625	0	0	-1.25516	1629.44	312.032	-1599.29	-0	0	0	0	0	0.420159	-0.451641	0.902966	0	0.000183553	-0.000253424	0	-0.000153422	0.00108361	0	-0.199983	0.23981	0	0	0	-0.025136	0	0	-0.173575	307.201	-182.644	247.009	-0	32.2625	0	0	32.2625	0.266607	0.26841	0.166235	0.166326	0.204181	0.202795	0.178683	0.184551	0.165389	0.163219	0.383639	0.383086	0.161398	0.164201	0.234765	0.235583	0.228294	0.223929	0	0	0	0	0	0	0	0	0	0	0	0	0	0	0	0	0	0	0	0	0	0	0	0	0	0	0	0	0	0	0	0	0	0	0	0	0	0	0	0	0	0	0	0	0	0	0	0	0	0	0	0	0	0	574.583	22.7531	19.1419	31.0532	47.6568	17.0903	30.5493	16.0349	40.9592	13.0213	27.2127	20.0185	23.5988	33.6055	15.8633	42.9196	10.8289	38.7291	11.0041	0	0	0	0	0	0	0.916546	0.917056	0.817197	0.817313	0.849954	0.849549	0.828782	0.837278	0.810375	0.812641	1.03631	1.03445	0.809858	0.80922	0.874115	0.872705	0.890302	0.886489	-0.742679	-2.15439	-8.79043	-0.406191	0.873802	1.99931e-10	-1.23362	-0.503817	0	-91.9435	-37.5502	0	-0.0165896	0.0142319	17.9463	-0.123391	0.507283	0	-90.2177	370.901	0	33.1579	8.0653	-1.69167	-0.00380554	-0.00310565	-0.0893981	-0.13823	0.459625	0	-101.067	336.056	0	-30.1098	-9.05537	0.545757	0.00252972	-0.00301158	0.0895976
0.78	0.364108	1.35552	-0.408321	-1.27495	0.831638	-0.5401	0.363963	0.452403	-0.604596	-0.182961	-0.135044	-1.42127	0.361109	0.478101	-0.598865	-0.219857	-0.135287	-1.49436	0	1	0	0	0	0	1	0	0	0	0	0	0	0	0	0	-0.408321	0.831638	0	0.983474	0	0	0.18105	-1.27495	-0.5401	0	0	0	1.35552	-0.272713	0.644362	0.0835	0.934468	0	0	0.356048	-0.965604	-0.303421	0	0	0	1.80792	-0.100715	0.292181	0.0835	0.998095	0	0	0.0616981	-0.360962	-0.00137683	0	0	0	1.62496	-0.0200162	0.0397299	0.09142	0.999983	0	0	-0.00578459	0.0313503	0.0505379	0	0	0	0.203687	-0.273108	0.644081	-0.0835	0.934975	0	0	0.354715	-0.957762	-0.304273	0	0	0	1.83362	-0.101121	0.291614	-0.0835	0.998005	0	0	0.063134	-0.358101	0.0066158	0	0	0	1.61376	-0.0196752	0.0393603	-0.09142	0.99999	0	0	-0.00446761	0.0299082	0.0520897	0	0	0	0.119406	-0.599351	1.18895	0	0.985831	0	0	0.167744	-1.70441	-0.770601	0	0	0	1.16086	0.197946	0.081882	0.395699	0.114108	0.227126	0.128406	0.305797	0.0974931	0.177865	0.0808367	0.221324	0.040959	0.285646	0.03813	0.2633	0.0610017	0.236389	0.0810274	0.413663	0.114251	0.183196	0.128448	0.277401	0.0976018	0.220114	0.0804105	0.157962	0.0411506	0.297816	0.0381922	0.22422	0.0613496	0.266751	0.0642157	0.218454	0.0642938	0.155748	0.155748	0.838955	0.18842	0.0159569	0.193635	0.018842	0.0183898	0.360941	0.360941	1.03453	0.0217217	0.0264176	0.392694	0.00217217	0.00239591	0.155137	0.155137	0.818393	0.0945881	0.0157912	0.190941	0.00945881	0.0148409	0.175782	0.175782	0.91457	-0.309628	0.0190046	0.245734	-0.0309628	-0.0330063	0.302447	0.302447	0.846056	-0.402767	0.016019	0.194648	-0.0402767	-0.03057	0.148778	0.148778	0.814065	0.16687	0.0145582	0.171348	0.016687	0.0165702	0.149403	0.149403	0.803117	-0.967541	0.0109547	0.118634	-0.0967541	-0.0493446	0.225187	0.225187	0.86659	-0.689202	0.0138141	0.159908	-0.0689202	-0.0303249	0.20733	0.20733	0.893143	0.562068	0.022503	0.311515	0.0562068	0.0383893	0.252775	0.252775	0.830199	0.226262	0.0182797	0.232905	0.0226262	0.0220832	0.345241	0.345241	1.03582	-0.108378	0.025898	0.381458	-0.0108378	-0.011954	0.118169	0.118169	0.818659	0.14608	0.0136495	0.157417	0.014608	0.0229199	0.241073	0.241073	0.915589	-0.164237	0.0187274	0.240794	-0.0164237	-0.0175077	0.182887	0.182887	0.847086	-0.183627	0.0150191	0.178579	-0.0183627	-0.0139373	0.163371	0.163371	0.809773	-0.158342	0.0151691	0.180958	-0.0158342	-0.0157234	0.247636	0.247636	0.806875	-0.408334	0.0105719	0.113433	-0.0408334	-0.020825	0.138089	0.138089	0.868005	-0.816413	0.013562	0.156097	-0.0816413	-0.0359222	0.118882	0.118882	0.898238	0.884484	0.0212213	0.286673	0.0884484	0.0604102	0	0	0	0	0	0	0	0	0	0	0	0	0	0	0	0	0	0	-0.408321	0.831638	0	-1.27495	-0.5401	0	-0.408321	0.831638	0	-1.27495	-0.5401	0	0	0	0.364108	0	0	1.35552	-0.272713	0.644362	0.0835	-0.965604	-0.303421	0	-0.272713	0.644362	0.0835	-0.965604	-0.303421	0	0	0	0.728071	0	0	1.80792	-0.100715	0.292181	0.0835	-0.360962	-0.00137683	0	-0.100715	0.292181	0.0835	-0.360962	-0.00137683	0	0	0	0.123475	0	0	1.62496	-0.0200162	0.0397299	0.09142	0.0313503	0.0505379	0	-0.0200162	0.0397299	0.09142	0.0313503	0.0505379	0	0	0	-0.0115692	0	0	0.203687	-0.273108	0.644081	-0.0835	-0.957762	-0.304273	0	-0.273108	0.644081	-0.0835	-0.957762	-0.304273	0	0	0	0.725218	0	0	1.83362	-0.101121	0.291614	-0.0835	-0.358101	0.0066158	0	-0.101121	0.291614	-0.0835	-0.358101	0.0066158	0	0	0	0.126352	0	0	1.61376	-0.0196752	0.0393603	-0.09142	0.0299082	0.0520897	0	-0.0196752	0.0393603	-0.09142	0.0299082	0.0520897	0	0	0	-0.00893524	0	0	0.119406	-0.599351	1.18895	0	-1.70441	-0.770601	0	-0.599351	1.18895	0	-1.70441	-0.770601	0	0	0	0.337081	0	0	1.16086	2.40113	-0.385836	0.771261	0.0835	-0.00105414	0.00138956	0	-0.00379789	0.000253081	0	-0.0483845	0.189738	0	0	0	0.363963	0	0	0.452403	1755.59	1071.45	-1390.72	-0	0	0	0	0	3.08037	-0.12371	0.477459	0.0835	-0.00138385	0.00179678	0	-0.00142354	-0.00720856	0	0.883691	0.039498	0	0	0	-0.604596	0	0	-0.182961	2252.22	1388.48	-1773.31	-0	0	0	0	0	2.14249	-0.0711045	0.0522718	0.0835	-0.00035423	0.00153863	0	-0.00258548	-0.00718345	0	0.798719	0.827379	0	0	0	-0.135044	0	0	-1.42127	1566.49	359.23	-1524.74	-0	0	0	0	0	2.44215	-0.385869	0.771302	-0.0835	-0.00108662	0.00143051	0	0.000192761	-0.00284094	0	0.124101	0.236139	0	0	0	0.36111	0	0	0.478101	1785.58	1085.74	-1417.56	-0	0	0	0	0	3.25385	-0.124648	0.476825	-0.0835	-0.00144542	0.0018723	0	-0.00934398	-0.00194791	0	0.0602686	0.505256	0	0	0	-0.598865	0	0	-0.219857	2379.06	1475.85	-1865.96	-0	0	0	0	0	2.09711	-0.0707964	0.0517675	-0.0835	-0.000335097	0.00151449	0	-0.00297093	-0.0101077	0	0.998276	0.646166	0	0	0	-0.135288	0	0	-1.49436	1533.31	340.842	-1494.95	-0	0	0	0	0	0.373328	-0.465204	0.896878	0	0.000173956	-0.000233278	0	-0.00165558	0.0025664	0	-0.0571491	-0.0607585	0	0	0	-0.0270282	0	0	-0.194654	272.96	-164.155	218.084	-0	37.2553	0	0	37.2553	0.266546	0.267056	0.167197	0.167313	0.199954	0.199549	0.178782	0.187278	0.161964	0.162289	0.386319	0.384293	0.161414	0.162734	0.233575	0.232165	0.23093	0.225581	0	0	0	0	0	0	0	0	0	0	0	0	0	0	0	0	0	0	0	0	0	0	0	0	0	0	0	0	0	0	0	0	0	0	0	0	0	0	0	0	0	0	0	0	0	0	0	0	0	0	0	0	0	0	618.979	19.9115	19.1211	26.1501	51.8397	21.5218	31.4564	26.0423	44.5295	12.5051	29.1827	23.872	19.7791	42.6451	11.9145	54.4362	17.0394	45.6241	8.86586	0	0	0	0	0	0	0.915589	0.91457	0.818659	0.818393	0.847086	0.846056	0.830199	0.838955	0.809773	0.814065	1.03582	1.03453	0.806875	0.803117	0.868005	0.86659	0.898238	0.893143	-0.764718	-2.25218	-10.6921	-0.418661	0.868725	1.99931e-10	-1.25917	-0.513183	0	-93.8478	-38.2482	0	0.00199017	-0.00681198	18.9945	-0.128351	0.437468	0	-93.8445	319.856	0	28.5893	8.38799	-1.58598	-0.00411059	-0.00288973	-0.0893817	-0.132307	0.396828	0	-96.7368	290.142	0	-25.9808	-8.6623	0.0400415	0.00105739	-0.0027575	0.089545
0.79	0.378235	1.46358	-0.421089	-1.27749	0.826212	-0.546006	0.367435	0.249406	-0.605571	-0.0174438	-0.14946	-1.45056	0.364893	0.27753	-0.600159	-0.0423599	-0.151238	-1.62353	0	1	0	0	0	0	1	0	0	0	0	0	0	0	0	0	-0.421089	0.826212	0	0.982171	0	0	0.187992	-1.27749	-0.546006	0	0	0	1.46358	-0.282424	0.641279	0.0835	0.931298	0	0	0.364257	-0.97555	-0.31472	0	0	0	1.71299	-0.104409	0.292106	0.0835	0.997547	0	0	0.0699922	-0.377532	-0.0154908	0	0	0	1.69554	-0.0196948	0.0402339	0.09142	0.999989	0	0	-0.0046806	0.0320591	0.048128	0	0	0	0.244979	-0.282744	0.641008	-0.0835	0.931761	0	0	0.363073	-0.969712	-0.313143	0	0	0	1.74111	-0.104749	0.291643	-0.0835	0.997446	0	0	0.0714237	-0.369587	-0.00634727	0	0	0	1.69875	-0.0193093	0.0398729	-0.09142	0.999991	0	0	-0.00413434	0.0391489	0.0474032	0	0	0	0.075217	-0.616641	1.18105	0	0.984778	0	0	0.173815	-1.7505	-0.80701	0	0	0	1.29745	0.216261	0.0820473	0.381256	0.114148	0.218468	0.12859	0.28495	0.0972827	0.171442	0.0809916	0.207908	0.0404913	0.271278	0.0378182	0.271064	0.0614636	0.237844	0.0812063	0.415894	0.114158	0.175719	0.128688	0.272975	0.0974529	0.208144	0.0803764	0.20045	0.04072	0.267762	0.0378517	0.222078	0.0620593	0.265508	0.0639108	0.218374	0.0641641	0.21651	0.21651	0.840649	0.0265924	0.0161496	0.196787	0.00265924	0.00259541	0.374842	0.374842	1.03488	0.0673361	0.0262177	0.388355	0.00673361	0.00742717	0.164777	0.164777	0.819565	0.0961255	0.0153652	0.184081	0.00961255	0.0150821	0.241443	0.241443	0.912596	-0.116179	0.0194016	0.252877	-0.0116179	-0.0123846	0.231441	0.231441	0.842039	-0.276584	0.0166699	0.205391	-0.0276584	-0.0209927	0.148591	0.148591	0.815625	0.139739	0.0140524	0.16354	0.0139739	0.0138761	0.16832	0.16832	0.793947	-0.866988	0.0107667	0.11607	-0.0866988	-0.0442164	0.306777	0.306777	0.859505	-0.726649	0.0130198	0.148014	-0.0726649	-0.0319725	0.238385	0.238385	0.899906	0.642796	0.0233845	0.329096	0.0642796	0.0439029	0.153454	0.153454	0.832032	0.212817	0.0183206	0.233619	0.0212817	0.0207709	0.393412	0.393412	1.03498	-0.083976	0.0262311	0.388646	-0.0083976	-0.00926256	0.141873	0.141873	0.820189	0.117287	0.0131137	0.149404	0.0117287	0.0184023	0.334118	0.334118	0.914193	-0.118821	0.0188122	0.242302	-0.0118821	-0.0126663	0.144004	0.144004	0.845377	-0.181465	0.0150053	0.17836	-0.0181465	-0.0137732	0.158765	0.158765	0.80943	0.0491584	0.015673	0.189028	0.00491584	0.00488143	0.120035	0.120035	0.79843	-0.983761	0.010027	0.106159	-0.0983761	-0.0501718	0.233177	0.233177	0.860267	-0.757797	0.01275	0.14405	-0.0757797	-0.0333431	0.162886	0.162886	0.908627	0.974961	0.0214421	0.290891	0.0974961	0.0665899	0	0	0	0	0	0	0	0	0	0	0	0	0	0	0	0	0	0	-0.421089	0.826212	0	-1.27749	-0.546006	0	-0.421089	0.826212	0	-1.27749	-0.546006	0	0	0	0.378235	0	0	1.46358	-0.282424	0.641279	0.0835	-0.97555	-0.31472	0	-0.282424	0.641279	0.0835	-0.97555	-0.31472	0	0	0	0.74567	0	0	1.71299	-0.104409	0.292106	0.0835	-0.377532	-0.0154908	0	-0.104409	0.292106	0.0835	-0.377532	-0.0154908	0	0	0	0.140099	0	0	1.69554	-0.0196948	0.0402339	0.09142	0.0320591	0.048128	0	-0.0196948	0.0402339	0.09142	0.0320591	0.048128	0	0	0	-0.00936124	0	0	0.244979	-0.282744	0.641008	-0.0835	-0.969712	-0.313143	0	-0.282744	0.641008	-0.0835	-0.969712	-0.313143	0	0	0	0.743128	0	0	1.74111	-0.104749	0.291643	-0.0835	-0.369587	-0.00634727	0	-0.104749	0.291643	-0.0835	-0.369587	-0.00634727	0	0	0	0.142969	0	0	1.69875	-0.0193093	0.0398729	-0.09142	0.0391489	0.0474032	0	-0.0193093	0.0398729	-0.09142	0.0391489	0.0474032	0	0	0	-0.0082687	0	0	0.075217	-0.616641	1.18105	0	-1.7505	-0.80701	0	-0.616641	1.18105	0	-1.7505	-0.80701	0	0	0	0.349405	0	0	1.29745	2.40037	-0.397763	0.766167	0.0835	-0.00108349	0.00138301	0	-0.00189424	-0.00201309	0	-0.0169125	-0.113071	0	0	0	0.367435	0	0	0.249406	1755.04	1092.13	-1373.83	-0	0	0	0	0	3.00246	-0.13048	0.476977	0.0835	-0.00138927	0.00172502	0	0.000159264	-0.00763284	0	-0.283986	0.0786576	0	0	0	-0.605571	0	0	-0.0174438	2195.26	1388.75	-1700.16	-0	0	0	0	0	2.0638	-0.0708107	0.0526629	0.0835	-0.00037609	0.00147295	0	-0.00193733	-0.00650903	0	-0.544872	-0.424721	0	0	0	-0.14946	0	0	-1.45056	1508.95	379.837	-1460.36	-0	0	0	0	0	2.4125	-0.397765	0.766188	-0.0835	-0.00108549	0.00140433	0	-7.79629e-05	-0.00312698	0	-0.17035	-0.224239	0	0	0	0.364893	0	0	0.27753	1763.91	1085.85	-1390.07	-0	0	0	0	0	3.26329	-0.13135	0.476438	-0.0835	-0.0015171	0.00184703	0	-0.00354558	-0.00462745	0	-0.565987	-0.654347	0	0	0	-0.600159	0	0	-0.0423599	2385.97	1528.65	-1831.96	-0	0	0	0	0	1.98094	-0.0704387	0.0522461	-0.0835	-0.000355765	0.00142074	0	-0.0012842	-0.00898421	0	-1.96824	-0.0865244	0	0	0	-0.151238	0	0	-1.62353	1448.37	358.249	-1403.36	-0	0	0	0	0	0.340343	-0.478905	0.890659	0	0.000159621	-0.000213578	0	-0.00160372	0.00255436	0	-0.0552771	0.242059	0	0	0	-0.0288295	0	0	-0.16613	248.843	-150.127	198.456	-0	36.0291	0	0	36.0291	0.265589	0.26457	0.168659	0.168393	0.197086	0.196056	0.180199	0.188955	0.160375	0.162641	0.386312	0.384453	0.159858	0.15922	0.231191	0.228664	0.233243	0.228448	0	0	0	0	0	0	0	0	0	0	0	0	0	0	0	0	0	0	0	0	0	0	0	0	0	0	0	0	0	0	0	0	0	0	0	0	0	0	0	0	0	0	0	0	0	0	0	0	0	0	0	0	0	0	593.353	25.2306	19.0554	26.1027	40.1682	17.0814	30.6789	24.0015	47.006	13.776	22.663	24.5055	20.7615	45.8131	11.0219	36.2119	23.0814	43.7069	9.94502	0	0	0	0	0	0	0.914193	0.912596	0.820189	0.819565	0.845377	0.842039	0.832032	0.840649	0.80943	0.815625	1.03498	1.03488	0.79843	0.793947	0.860267	0.859505	0.908627	0.899906	-0.78781	-2.36003	-10.5846	-0.431387	0.863488	1.99931e-10	-1.28471	-0.534823	0	-95.7509	-39.8611	0	0.00397227	-0.00780431	19.7485	-0.134567	0.382648	0	-98.3889	279.774	0	25.0133	8.7965	-1.07804	-0.00292782	-0.00263153	-0.0894055	-0.120583	0.341571	0	-88.1647	249.741	0	-22.3418	-7.88719	-0.587737	-0.00148189	-0.00246865	0.0894598
0.8	0.393381	1.55658	-0.43386	-1.27704	0.820681	-0.560879	0.368842	0.0446076	-0.604773	0.182874	-0.164125	-1.53843	0.366528	0.069761	-0.599608	0.138525	-0.167173	-1.58948	0	1	0	0	0	0	1	0	0	0	0	0	0	0	0	0	-0.43386	0.820681	0	0.980719	0	0	0.195425	-1.27704	-0.560879	0	0	0	1.55658	-0.292232	0.63803	0.0835	0.928252	0	0	0.371953	-0.985907	-0.335744	0	0	0	1.60119	-0.108292	0.291833	0.0835	0.996903	0	0	0.0786441	-0.397824	-0.0382212	0	0	0	1.78407	-0.0193856	0.0406687	0.09142	0.999994	0	0	-0.00333711	0.0321635	0.0368108	0	0	0	0.245638	-0.29251	0.637776	-0.0835	0.928681	0	0	0.370878	-0.983068	-0.332797	0	0	0	1.62635	-0.108555	0.291426	-0.0835	0.99679	0	0	0.080065	-0.3898	-0.0351878	0	0	0	1.76487	-0.0189387	0.0402856	-0.09142	0.999994	0	0	-0.00343553	0.0355813	0.0353167	0	0	0	0.175388	-0.634365	1.17275	0	0.983566	0	0	0.180551	-1.79137	-0.852246	0	0	0	1.43177	0.214933	0.0821079	0.38217	0.11422	0.207963	0.128727	0.287135	0.0971879	0.187873	0.0810383	0.211188	0.0400474	0.278201	0.0374497	0.262752	0.0619994	0.224498	0.081471	0.410363	0.11413	0.178936	0.128806	0.298192	0.0972532	0.195435	0.0804476	0.187621	0.0402426	0.262877	0.0374964	0.222957	0.0627763	0.259375	0.0637445	0.206978	0.064082	0.23097	0.23097	0.84127	0.094623	0.0164905	0.202406	0.0094623	0.0092352	0.380792	0.380792	1.03554	0.0634729	0.0262239	0.388489	0.00634729	0.00700106	0.183015	0.183015	0.820438	0.0673769	0.0146653	0.173018	0.00673769	0.0105714	0.249899	0.249899	0.911707	-0.0882929	0.0196995	0.258291	-0.00882929	-0.00941202	0.190793	0.190793	0.839848	-0.169474	0.0170122	0.211127	-0.0169474	-0.0128631	0.145121	0.145121	0.816096	-0.121102	0.0137388	0.158765	-0.0121102	-0.0120254	0.187115	0.187115	0.785243	-0.923296	0.0105326	0.112902	-0.0923296	-0.0470881	0.181263	0.181263	0.851129	-0.871059	0.01241	0.139108	-0.0871059	-0.0383266	0.17099	0.17099	0.907752	0.92923	0.0239641	0.340878	0.092923	0.0634664	0.188407	0.188407	0.834744	0.300372	0.0180373	0.228674	0.0300372	0.0293163	0.377209	0.377209	1.03472	0.0313408	0.0271867	0.409584	0.00313408	0.00345689	0.109474	0.109474	0.820941	0.0093859	0.0127926	0.144673	0.00093859	0.00147265	0.264015	0.264015	0.912319	-0.146453	0.0198119	0.260347	-0.0146453	-0.0156118	0.172669	0.172669	0.844295	-0.0484118	0.0151048	0.179936	-0.00484118	-0.00367445	0.248115	0.248115	0.810147	0.0962571	0.0152126	0.181649	0.00962571	0.00955833	0.13046	0.13046	0.789071	-0.893177	0.00977369	0.102832	-0.0893177	-0.045552	0.253376	0.253376	0.852191	-0.865392	0.0119467	0.132471	-0.0865392	-0.0380772	0.189156	0.189156	0.919126	0.974709	0.0215896	0.293722	0.0974709	0.0665726	0	0	0	0	0	0	0	0	0	0	0	0	0	0	0	0	0	0	-0.43386	0.820681	0	-1.27704	-0.560879	0	-0.43386	0.820681	0	-1.27704	-0.560879	0	0	0	0.393381	0	0	1.55658	-0.292232	0.63803	0.0835	-0.985907	-0.335744	0	-0.292232	0.63803	0.0835	-0.985907	-0.335744	0	0	0	0.762224	0	0	1.60119	-0.108292	0.291833	0.0835	-0.397824	-0.0382212	0	-0.108292	0.291833	0.0835	-0.397824	-0.0382212	0	0	0	0.157451	0	0	1.78407	-0.0193856	0.0406687	0.09142	0.0321635	0.0368108	0	-0.0193856	0.0406687	0.09142	0.0321635	0.0368108	0	0	0	-0.00667423	0	0	0.245638	-0.29251	0.637776	-0.0835	-0.983068	-0.332797	0	-0.29251	0.637776	-0.0835	-0.983068	-0.332797	0	0	0	0.759909	0	0	1.62635	-0.108555	0.291426	-0.0835	-0.3898	-0.0351878	0	-0.108555	0.291426	-0.0835	-0.3898	-0.0351878	0	0	0	0.160302	0	0	1.76487	-0.0189387	0.0402856	-0.09142	0.0355813	0.0353167	0	-0.0189387	0.0402856	-0.09142	0.0355813	0.0353167	0	0	0	-0.00687107	0	0	0.175388	-0.634365	1.17275	0	-1.79137	-0.852246	0	-0.634365	1.17275	0	-1.79137	-0.852246	0	0	0	0.363094	0	0	1.43177	2.38561	-0.409622	0.760991	0.0835	-0.00109932	0.00136165	0	-0.000782847	-0.00226855	0	0.100638	0.150851	0	0	0	0.368841	0	0	0.0446076	1744.25	1102.89	-1351.31	-0	0	0	0	0	2.95694	-0.137566	0.476224	0.0835	-0.00139444	0.00165987	0	-0.00262332	-0.00458787	0	-0.593249	0.720141	0	0	0	-0.604773	0	0	0.182874	2161.98	1402.98	-1644.93	-0	0	0	0	0	1.99903	-0.0705347	0.0529603	0.0835	-0.000392839	0.0014177	0	-0.00172533	-0.00559368	0	0.0313147	-0.0766637	0	0	0	-0.164123	0	0	-1.53843	1461.6	396.176	-1406.88	-0	0	0	0	0	2.40322	-0.409615	0.761009	-0.0835	-0.00109243	0.00137913	0	-0.00147784	-0.00181186	0	-0.156987	0.0597655	0	0	0	0.366529	0	0	0.069761	1757.12	1099.17	-1370.87	-0	0	0	0	0	3.17937	-0.138356	0.475733	-0.0835	-0.00152709	0.00178367	0	0.00155175	-0.00817585	0	0.469238	-0.171951	0	0	0	-0.599608	0	0	0.138525	2324.61	1522.03	-1757.05	-0	0	0	0	0	1.88422	-0.0700854	0.0525874	-0.0835	-0.000364676	0.0013417	0	-0.000664692	-0.00700408	0	-0.0437386	0.125634	0	0	0	-0.167172	0	0	-1.58948	1377.65	365.961	-1328.16	-0	0	0	0	0	0.285528	-0.492667	0.884273	0	0.000141203	-0.000183277	0	-0.00201297	0.00327057	0	0.0457271	-0.0975327	0	0	0	-0.0302816	0	0	-0.124814	208.764	-129.286	163.914	-0	32.204	0	0	32.204	0.264193	0.262596	0.170189	0.169565	0.195377	0.192039	0.182032	0.190649	0.159773	0.164065	0.385824	0.384527	0.156875	0.153117	0.22656	0.224973	0.237206	0.233235	0	0	0	0	0	0	0	0	0	0	0	0	0	0	0	0	0	0	0	0	0	0	0	0	0	0	0	0	0	0	0	0	0	0	0	0	0	0	0	0	0	0	0	0	0	0	0	0	0	0	0	0	0	0	601.276	26.1561	19.2603	26.5672	38.9246	13.5082	43.2281	25.1126	44.7641	11.6086	23.8691	20.1321	18.8977	45.4186	8.60508	45.2778	21.049	45.5958	10.7583	0	0	0	0	0	0	0.912319	0.911707	0.820941	0.820438	0.844295	0.839848	0.834744	0.84127	0.810147	0.816096	1.03472	1.03554	0.789071	0.785243	0.852191	0.851129	0.919126	0.907752	-0.811949	-2.46058	-9.33347	-0.444361	0.857983	1.99931e-10	-1.30844	-0.565987	0	-97.5196	-42.1838	0	0.00305655	-0.00507996	20.3835	-0.122461	0.342769	0	-89.5377	250.617	0	22.3863	7.99793	-1.53922	-0.00528274	-0.00240428	-0.0893247	-0.106568	0.300709	0	-77.9176	219.864	0	-19.64	-6.96021	-1.40756	-0.00561813	-0.00221178	0.0893279
0.81	0.40937	1.63579	-0.446642	-1.27973	0.814966	-0.582085	0.368299	-0.134936	-0.601889	0.365154	-0.180122	-1.62964	0.366288	-0.107023	-0.597227	0.327733	-0.183395	-1.65314	0	1	0	0	0	0	1	0	0	0	0	0	0	0	0	0	-0.446642	0.814966	0	0.979125	0	0	0.203259	-1.27973	-0.582085	0	0	0	1.63579	-0.302167	0.634537	0.0835	0.925352	0	0	0.37911	-1.0001	-0.361843	0	0	0	1.50085	-0.112367	0.291296	0.0835	0.99614	0	0	0.0877769	-0.415785	-0.0681128	0	0	0	1.866	-0.0190464	0.0409295	0.09142	0.999998	0	0	-0.00217078	0.0337197	0.0170357	0	0	0	0.236364	-0.3024	0.634313	-0.0835	0.925732	0	0	0.37818	-0.995408	-0.359277	0	0	0	1.52876	-0.112554	0.290944	-0.0835	0.996023	0	0	0.0890973	-0.40835	-0.061859	0	0	0	1.85649	-0.0185781	0.0405799	-0.09142	0.999997	0	0	-0.00248176	0.0373354	0.0220649	0	0	0	0.203359	-0.652472	1.16396	0	0.982188	0	0	0.1879	-1.82756	-0.904616	0	0	0	1.54997	0.216943	0.0821668	0.376337	0.114309	0.202721	0.128774	0.292745	0.0971341	0.181384	0.0809503	0.205779	0.039579	0.263655	0.0370652	0.250732	0.0627437	0.217296	0.0817527	0.397145	0.114217	0.177974	0.128831	0.293616	0.0971698	0.215956	0.0803712	0.175087	0.0398047	0.248879	0.0371014	0.2175	0.0635003	0.242939	0.0636642	0.202697	0.0640638	0.202238	0.202238	0.841873	0.0875428	0.0165726	0.20377	0.00875428	0.00854417	0.545546	0.545546	1.03635	0.12009	0.0264783	0.394015	0.012009	0.0132459	0.117766	0.117766	0.820741	-0.000851488	0.0140169	0.162998	-8.51488e-05	-0.000133598	0.340765	0.340765	0.911202	-0.0500735	0.0202489	0.268399	-0.00500735	-0.00533784	0.213964	0.213964	0.838791	-0.0322728	0.0170247	0.211336	-0.00322728	-0.00244951	0.189799	0.189799	0.815209	-0.0851852	0.0135355	0.155699	-0.00851852	-0.00845889	0.103364	0.103364	0.77606	-0.907272	0.0102644	0.109309	-0.0907272	-0.0462709	0.209223	0.209223	0.84239	-0.902002	0.0116631	0.128461	-0.0902002	-0.0396881	0.3005	0.3005	0.918649	1.15334	0.0239296	0.340172	0.115334	0.0787729	0.20958	0.20958	0.83763	0.269497	0.0175028	0.219456	0.0269497	0.0263029	0.414993	0.414993	1.03551	0.12905	0.0275547	0.417772	0.012905	0.0142342	0.155318	0.155318	0.8211	-0.0330453	0.0125476	0.1411	-0.00330453	-0.00518481	0.195236	0.195236	0.911537	-0.0223016	0.0205022	0.27311	-0.00223016	-0.00237735	0.274118	0.274118	0.844055	-0.0160392	0.0150374	0.178869	-0.00160392	-0.00121738	0.0842945	0.0842945	0.809377	-0.0921907	0.015305	0.183122	-0.00921907	-0.00915454	0.157119	0.157119	0.780484	-0.818962	0.00943254	0.0984026	-0.0818962	-0.0417671	0.254195	0.254195	0.843213	-0.894071	0.0112214	0.122303	-0.0894071	-0.0393391	0.235835	0.235835	0.929726	1.12017	0.0216865	0.295589	0.112017	0.0765077	0	0	0	0	0	0	0	0	0	0	0	0	0	0	0	0	0	0	-0.446642	0.814966	0	-1.27973	-0.582085	0	-0.446642	0.814966	0	-1.27973	-0.582085	0	0	0	0.40937	0	0	1.63579	-0.302167	0.634537	0.0835	-1.0001	-0.361843	0	-0.302167	0.634537	0.0835	-1.0001	-0.361843	0	0	0	0.777669	0	0	1.50085	-0.112367	0.291296	0.0835	-0.415785	-0.0681128	0	-0.112367	0.291296	0.0835	-0.415785	-0.0681128	0	0	0	0.17578	0	0	1.866	-0.0190464	0.0409295	0.09142	0.0337197	0.0170357	0	-0.0190464	0.0409295	0.09142	0.0337197	0.0170357	0	0	0	-0.00434157	0	0	0.236364	-0.3024	0.634313	-0.0835	-0.995408	-0.359277	0	-0.3024	0.634313	-0.0835	-0.995408	-0.359277	0	0	0	0.775658	0	0	1.52876	-0.112554	0.290944	-0.0835	-0.40835	-0.061859	0	-0.112554	0.290944	-0.0835	-0.40835	-0.061859	0	0	0	0.178431	0	0	1.85649	-0.0185781	0.0405799	-0.09142	0.0373354	0.0220649	0	-0.0185781	0.0405799	-0.09142	0.0373354	0.0220649	0	0	0	-0.00496352	0	0	0.203359	-0.652472	1.16396	0	-1.82756	-0.904616	0	-0.652472	1.16396	0	-1.82756	-0.904616	0	0	0	0.378048	0	0	1.54997	2.38095	-0.421443	0.755671	0.0835	-0.00111085	0.00134341	0	-0.00136495	-0.00180978	0	-0.0855746	-0.00466752	0	0	0	0.368299	0	0	-0.134936	1740.84	1117.08	-1335.16	-0	0	0	0	0	2.92462	-0.145016	0.475119	0.0835	-0.00141542	0.00161856	0	-0.000395417	-0.00517744	0	-0.482417	-0.372596	0	0	0	-0.601889	0	0	0.365154	2138.34	1416.7	-1601.7	-0	0	0	0	0	1.92018	-0.0702241	0.0531018	0.0835	-0.00040441	0.00135648	0	-0.000375008	-0.00634166	0	-1.11202	-0.224544	0	0	0	-0.180122	0	0	-1.62964	1403.94	405.135	-1344.22	-0	0	0	0	0	2.38248	-0.421432	0.755686	-0.0835	-0.0011003	0.00135891	0	-0.000424743	-0.00219959	0	-0.104271	0.0569704	0	0	0	0.366288	0	0	-0.107023	1741.96	1102.24	-1348.88	-0	0	0	0	0	3.13401	-0.145691	0.474679	-0.0835	-0.00153212	0.00172138	0	-0.000720203	-0.0060149	0	0.648198	-0.211536	0	0	0	-0.597226	0	0	0.327733	2291.44	1534.47	-1701.8	-0	0	0	0	0	1.80595	-0.0697482	0.052784	-0.0835	-0.000376604	0.00127769	0	-0.00130997	-0.00664983	0	0.476088	0.181233	0	0	0	-0.183394	0	0	-1.65314	1320.43	379.138	-1264.83	-0	0	0	0	0	0.261893	-0.506476	0.87763	0	0.000126481	-0.00016091	0	-0.00126159	0.00184155	0	0.064123	-0.0481741	0	0	0	-0.0313113	0	0	-0.0858163	191.484	-119.012	150.008	-0	27.791	0	0	27.791	0.262319	0.261707	0.170941	0.170438	0.194295	0.189848	0.184744	0.19127	0.15943	0.165625	0.384979	0.384882	0.14843	0.143947	0.22145	0.219923	0.244019	0.24002	0	0	0	0	0	0	0	0	0	0	0	0	0	0	0	0	0	0	0	0	0	0	0	0	0	0	0	0	0	0	0	0	0	0	0	0	0	0	0	0	0	0	0	0	0	0	0	0	0	0	0	0	0	0	587.511	24.3305	24.7836	21.5338	43.2693	10.2693	43.9242	21.9462	43.9597	15.2284	24.7826	20.8848	23.8701	30.9051	10.3141	39.5546	19.6764	43.7315	12.0041	0	0	0	0	0	0	0.911537	0.911202	0.8211	0.820741	0.844055	0.838791	0.83763	0.841873	0.809377	0.815209	1.03551	1.03635	0.780484	0.77606	0.843213	0.84239	0.929726	0.918649	-0.837025	-2.54782	-8.10198	-0.457562	0.852131	1.99931e-10	-1.33056	-0.603324	0	-99.1684	-44.9666	0	0.00450422	-0.00635559	20.9764	-0.120552	0.317156	0	-88.1422	231.89	0	20.6871	7.86325	-2.22854	-0.00876102	-0.00223451	-0.0892109	-0.102616	0.282278	0	-75.0281	206.388	0	-18.4063	-6.69122	-2.254	-0.0101743	-0.0020546	0.0891829
0.82	0.426033	1.68847	-0.459472	-1.28707	0.808996	-0.612553	0.366394	-0.219887	-0.597742	0.434307	-0.195918	-1.50569	0.364596	-0.204929	-0.593391	0.410034	-0.199555	-1.56313	0	1	0	0	0	0	1	0	0	0	0	0	0	0	0	0	-0.459472	0.808996	0	0.977398	0	0	0.211409	-1.28707	-0.612553	0	0	0	1.68847	-0.312229	0.630774	0.0835	0.922529	0	0	0.385928	-1.01152	-0.389199	0	0	0	1.46858	-0.116614	0.2905	0.0835	0.995266	0	0	0.0971887	-0.43249	-0.0874076	0	0	0	1.90289	-0.0187477	0.0410897	0.09142	1	0	0	-0.000616588	0.0249447	0.0181601	0	0	0	0.3972	-0.312428	0.63056	-0.0835	0.922876	0	0	0.385098	-1.00856	-0.390765	0	0	0	1.48354	-0.116722	0.290164	-0.0835	0.995141	0	0	0.0984593	-0.423732	-0.0905718	0	0	0	1.89357	-0.0182307	0.0407406	-0.09142	0.999999	0	0	-0.00115838	0.0308641	0.0133738	0	0	0	0.330439	-0.670924	1.15462	0	0.98065	0	0	0.195767	-1.86066	-0.961193	0	0	0	1.6469	0.213083	0.0822573	0.421138	0.114314	0.191282	0.128768	0.338961	0.0970164	0.192771	0.0807929	0.19427	0.0391428	0.246381	0.0366637	0.269775	0.0633409	0.223509	0.0819578	0.401446	0.114358	0.171237	0.128799	0.272098	0.0972356	0.196344	0.0803403	0.172301	0.039381	0.251997	0.036676	0.23829	0.0641338	0.230328	0.0636601	0.244429	0.0638831	0.207051	0.207051	0.8428	0.0954796	0.0164104	0.201082	0.00954796	0.00931881	0.367682	0.367682	1.03639	0.0729362	0.0281197	0.430486	0.00729362	0.00804486	0.221141	0.221141	0.820703	-0.0291863	0.013275	0.1518	-0.00291863	-0.00457933	0.231065	0.231065	0.910097	-0.154688	0.021583	0.293599	-0.0154688	-0.0164897	0.169104	0.169104	0.838736	0.0438004	0.0168421	0.208268	0.00438004	0.00332445	0.0794738	0.0794738	0.813625	-0.223534	0.0134736	0.154768	-0.0223534	-0.0221969	0.180322	0.180322	0.767505	-0.83976	0.00996674	0.105365	-0.083976	-0.0428278	0.291526	0.291526	0.833266	-0.896378	0.010988	0.11909	-0.0896378	-0.0394406	0.270863	0.270863	0.927392	0.878225	0.0244184	0.350235	0.0878225	0.0599828	0.180028	0.180028	0.839731	0.12569	0.0171371	0.213234	0.012569	0.0122674	0.235346	0.235346	1.03679	0.156429	0.028007	0.427938	0.0156429	0.0172542	0.142168	0.142168	0.820898	-0.0134347	0.0122594	0.136938	-0.00134347	-0.0021079	0.319729	0.319729	0.912154	0.139128	0.0206088	0.275105	0.0139128	0.014831	0.178123	0.178123	0.841675	-0.303495	0.0155438	0.186947	-0.0303495	-0.0230353	0.131017	0.131017	0.809067	-0.0165863	0.0146298	0.172465	-0.00165863	-0.00164702	0.0875904	0.0875904	0.772176	-0.840288	0.00911996	0.0943979	-0.0840288	-0.0428547	0.227223	0.227223	0.833545	-1.02643	0.0105964	0.113762	-0.102643	-0.0451629	0.229043	0.229043	0.939001	0.762463	0.0220862	0.303344	0.0762463	0.0520762	0	0	0	0	0	0	0	0	0	0	0	0	0	0	0	0	0	0	-0.459472	0.808996	0	-1.28707	-0.612553	0	-0.459472	0.808996	0	-1.28707	-0.612553	0	0	0	0.426033	0	0	1.68847	-0.312229	0.630774	0.0835	-1.01152	-0.389199	0	-0.312229	0.630774	0.0835	-1.01152	-0.389199	0	0	0	0.792426	0	0	1.46858	-0.116614	0.2905	0.0835	-0.43249	-0.0874076	0	-0.116614	0.2905	0.0835	-0.43249	-0.0874076	0	0	0	0.194685	0	0	1.90289	-0.0187477	0.0410897	0.09142	0.0249447	0.0181601	0	-0.0187477	0.0410897	0.09142	0.0249447	0.0181601	0	0	0	-0.00123318	0	0	0.3972	-0.312428	0.63056	-0.0835	-1.00856	-0.390765	0	-0.312428	0.63056	-0.0835	-1.00856	-0.390765	0	0	0	0.790629	0	0	1.48354	-0.116722	0.290164	-0.0835	-0.423732	-0.0905718	0	-0.116722	0.290164	-0.0835	-0.423732	-0.0905718	0	0	0	0.197238	0	0	1.89357	-0.0182307	0.0407406	-0.09142	0.0308641	0.0133738	0	-0.0182307	0.0407406	-0.09142	0.0308641	0.0133738	0	0	0	-0.00231675	0	0	0.330439	-0.670924	1.15462	0	-1.86066	-0.961193	0	-0.670924	1.15462	0	-1.86066	-0.961193	0	0	0	0.394079	0	0	1.6469	2.38357	-0.433279	0.750134	0.0835	-0.00112325	0.00132966	0	-0.00136948	-0.000540733	0	-0.134414	0.457288	0	0	0	0.366394	0	0	-0.219887	1742.76	1129.49	-1327.2	-0	0	0	0	0	2.90847	-0.152732	0.473673	0.0835	-0.00142869	0.00157815	0	-0.00256312	-0.00326918	0	0.730992	0.2471	0	0	0	-0.597742	0	0	0.434307	2126.54	1437.04	-1567.51	-0	0	0	0	0	1.86605	-0.0699629	0.0531028	0.0835	-0.000417441	0.00130635	0	-0.00156349	-0.00434024	0	1.41642	0.621302	0	0	0	-0.195919	0	0	-1.50569	1364.37	420.465	-1297.96	-0	0	0	0	0	2.35528	-0.433263	0.750138	-0.0835	-0.00110748	0.00133312	0	-0.000521898	-0.00359797	0	0.0597497	-0.293587	0	0	0	0.364596	0	0	-0.204929	1722.07	1109.86	-1316.71	-0	0	0	0	0	3.03925	-0.153308	0.473244	-0.0835	-0.00152001	0.00165212	0	0.00231898	-0.00740068	0	-0.827661	-0.106215	0	0	0	-0.593391	0	0	0.410034	2222.16	1512.46	-1628.02	-0	0	0	0	0	1.75433	-0.0694328	0.0528092	-0.0835	-0.000388429	0.00122803	0	-0.00116551	-0.0032543	0	-1.34115	-0.145919	0	0	0	-0.199555	0	0	-1.56313	1282.69	390.682	-1221.74	-0	0	0	0	0	0.228825	-0.520357	0.870669	0	0.000114501	-0.000143871	0	-0.00157416	0.00232452	0	0.0021925	0.0235353	0	0	0	-0.0319445	0	0	-0.0415637	167.306	-105.181	130.109	-0	21.9705	0	0	21.9705	0.261537	0.261202	0.1711	0.170741	0.194055	0.188791	0.18763	0.191873	0.160147	0.166096	0.384719	0.385539	0.139071	0.135243	0.214063	0.213095	0.253328	0.246431	0	0	0	0	0	0	0	0	0	0	0	0	0	0	0	0	0	0	0	0	0	0	0	0	0	0	0	0	0	0	0	0	0	0	0	0	0	0	0	0	0	0	0	0	0	0	0	0	0	0	0	0	0	0	591.563	24.3781	20.162	30.0506	48.7261	8.11638	46.2945	21.9829	44.7908	15.0151	23.3416	15.7195	21.1855	35.938	15.2274	33.4494	17.6553	44.3657	12.6217	0	0	0	0	0	0	0.912154	0.910097	0.820898	0.820703	0.841675	0.838736	0.839731	0.8428	0.809067	0.813625	1.03679	1.03639	0.772176	0.767505	0.833545	0.833266	0.939001	0.927392	-0.862903	-2.621	-6.32321	-0.470981	0.845888	1.99931e-10	-1.35184	-0.643986	0	-100.755	-47.9972	0	-0.00274216	-0.00568302	21.5555	-0.113031	0.303542	0	-82.6432	221.935	0	19.7492	7.3541	-3.73099	-0.0160171	-0.00213228	-0.0889861	-0.092618	0.265145	0	-67.7179	193.861	0	-17.2324	-6.01948	-3.96528	-0.0197715	-0.00195453	0.0888904
0.83	0.443149	1.73224	-0.472409	-1.30061	0.802673	-0.650952	0.364126	-0.224256	-0.593425	0.419728	-0.211536	-1.63275	0.362402	-0.22653	-0.58923	0.425776	-0.215186	-1.62812	0	1	0	0	0	0	1	0	0	0	0	0	0	0	0	0	-0.472409	0.802673	0	0.975553	0	0	0.219766	-1.30061	-0.650952	0	0	0	1.73224	-0.322409	0.626741	0.0835	0.919638	0	0	0.392766	-1.02289	-0.417094	0	0	0	1.50798	-0.120959	0.289556	0.0835	0.994289	0	0	0.106721	-0.434281	-0.100487	0	0	0	1.92771	-0.018497	0.041238	0.09142	0.999999	0	0	0.00115674	0.026663	0.0101342	0	0	0	0.294961	-0.322577	0.626499	-0.0835	0.919977	0	0	0.391974	-1.02111	-0.419333	0	0	0	1.50571	-0.121008	0.289174	-0.0835	0.994156	0	0	0.10795	-0.431789	-0.103954	0	0	0	1.93148	-0.0179463	0.0408543	-0.09142	1	0	0	0.000567801	0.029243	0.00989723	0	0	0	0.30336	-0.689686	1.14469	0	0.978966	0	0	0.204025	-1.89003	-1.0238	0	0	0	1.71768	0.207724	0.0823427	0.413641	0.114446	0.204758	0.128609	0.320689	0.0969774	0.174887	0.080663	0.187528	0.0387154	0.257845	0.0362132	0.264257	0.0639759	0.213081	0.0821103	0.375266	0.114615	0.167458	0.128752	0.290353	0.0972891	0.195236	0.0802929	0.163345	0.0389749	0.268867	0.0362022	0.239647	0.0647011	0.2402	0.0636766	0.253815	0.0636989	0.23905	0.23905	0.843675	0.103059	0.016155	0.196875	0.0103059	0.0100585	0.427793	0.427793	1.03759	0.148402	0.0285115	0.4394	0.0148402	0.0163688	0.212608	0.212608	0.81969	-0.080339	0.0137134	0.158383	-0.0080339	-0.0126052	0.280794	0.280794	0.909732	0.0377659	0.0223256	0.308024	0.00377659	0.00402585	0.16464	0.16464	0.838953	-0.0841674	0.0165759	0.203823	-0.00841674	-0.00638831	0.133918	0.133918	0.812316	-0.0737415	0.0131782	0.15036	-0.00737415	-0.00732253	0.0749588	0.0749588	0.759125	-0.820278	0.00964529	0.101158	-0.0820278	-0.0418342	0.285784	0.285784	0.823028	-1.04915	0.0105276	0.112837	-0.104915	-0.0461626	0.270864	0.270864	0.93669	1.04599	0.0246527	0.355102	0.104599	0.0714413	0.25224	0.25224	0.841294	0.190432	0.0169075	0.209367	0.0190432	0.0185862	0.296655	0.296655	1.03912	0.242804	0.0274343	0.415087	0.0242804	0.0267813	0.164634	0.164634	0.820601	-0.046879	0.0119029	0.131848	-0.0046879	-0.00735531	0.250586	0.250586	0.912656	0.0535078	0.0209564	0.281646	0.00535078	0.00570393	0.243137	0.243137	0.839248	-0.272355	0.0161239	0.196365	-0.0272355	-0.0206717	0.191197	0.191197	0.808589	-0.11821	0.0140504	0.163511	-0.011821	-0.0117382	0.0756757	0.0756757	0.764214	-0.794217	0.00879598	0.0903004	-0.0794217	-0.040505	0.246911	0.246911	0.822777	-1.19469	0.0102123	0.108615	-0.119469	-0.0525664	0.218135	0.218135	0.947308	0.865641	0.0225671	0.312781	0.0865641	0.0591233	0	0	0	0	0	0	0	0	0	0	0	0	0	0	0	0	0	0	-0.472409	0.802673	0	-1.30061	-0.650952	0	-0.472409	0.802673	0	-1.30061	-0.650952	0	0	0	0.443149	0	0	1.73224	-0.322409	0.626741	0.0835	-1.02289	-0.417094	0	-0.322409	0.626741	0.0835	-1.02289	-0.417094	0	0	0	0.807275	0	0	1.50798	-0.120959	0.289556	0.0835	-0.434281	-0.100487	0	-0.120959	0.289556	0.0835	-0.434281	-0.100487	0	0	0	0.21385	0	0	1.92771	-0.018497	0.041238	0.09142	0.026663	0.0101342	0	-0.018497	0.041238	0.09142	0.026663	0.0101342	0	0	0	0.00231348	0	0	0.294961	-0.322577	0.626499	-0.0835	-1.02111	-0.419333	0	-0.322577	0.626499	-0.0835	-1.02111	-0.419333	0	0	0	0.805552	0	0	1.50571	-0.121008	0.289174	-0.0835	-0.431789	-0.103954	0	-0.121008	0.289174	-0.0835	-0.431789	-0.103954	0	0	0	0.216321	0	0	1.93148	-0.0179463	0.0408543	-0.09142	0.029243	0.00989723	0	-0.0179463	0.0408543	-0.09142	0.029243	0.00989723	0	0	0	0.0011356	0	0	0.30336	-0.689686	1.14469	0	-1.89003	-1.0238	0	-0.689686	1.14469	0	-1.89003	-1.0238	0	0	0	0.410936	0	0	1.71768	2.42032	-0.445218	0.744291	0.0835	-0.00115156	0.00133386	0	-0.00298631	-0.000431478	0	0.174999	-0.434449	0	0	0	0.364125	0	0	-0.224256	1769.63	1165.18	-1331.9	-0	0	0	0	0	2.85051	-0.160581	0.472003	0.0835	-0.0014358	0.00153399	0	0.00124645	-0.00597268	0	-0.256937	-0.316805	0	0	0	-0.593425	0	0	0.419728	2084.16	1431.74	-1514.54	-0	0	0	0	0	1.82594	-0.0697545	0.0530694	0.0835	-0.000429794	0.00127119	0	-0.000874639	-0.00403279	0	-0.569176	-0.436529	0	0	0	-0.211535	0	0	-1.63275	1335.04	431.486	-1263.39	-0	0	0	0	0	2.34222	-0.445183	0.74426	-0.0835	-0.00111678	0.00130281	0	-0.00126338	-0.00208604	0	-0.117495	0.0417852	0	0	0	0.362403	0	0	-0.22653	1712.52	1122.54	-1293.3	-0	0	0	0	0	2.94732	-0.161081	0.471523	-0.0835	-0.00149882	0.00157696	0	0.00139785	-0.00744362	0	-1.20212	0.0475481	0	0	0	-0.58923	0	0	0.425776	2154.94	1494.27	-1552.72	-0	0	0	0	0	1.72855	-0.0691899	0.0527462	-0.0835	-0.000402778	0.00120187	0	-0.00155321	-0.00255841	0	-1.28712	-0.258334	0	0	0	-0.215186	0	0	-1.62812	1263.83	405.782	-1196.92	-0	0	0	0	0	0.208688	-0.534354	0.863311	0	0.000103235	-0.000125393	0	-0.00085485	0.00145072	0	0.0821102	-0.131672	0	0	0	-0.0322047	0	0	-0.0145551	152.583	-98.1742	116.804	-0	18.2227	0	0	18.2227	0.262154	0.260097	0.170898	0.170703	0.191675	0.188736	0.189731	0.1928	0.159377	0.165209	0.385509	0.38635	0.130484	0.12606	0.206363	0.205494	0.263903	0.25347	0	0	0	0	0	0	0	0	0	0	0	0	0	0	0	0	0	0	0	0	0	0	0	0	0	0	0	0	0	0	0	0	0	0	0	0	0	0	0	0	0	0	0	0	0	0	0	0	0	0	0	0	0	0	602.355	26.2327	21.828	33.9663	36.9637	10.2574	35.7852	18.2985	47.731	14.8913	27.566	16.4155	24.292	32.4048	16.6519	49.0806	15.987	49.049	12.412	0	0	0	0	0	0	0.912656	0.909732	0.820601	0.81969	0.839248	0.838953	0.841294	0.843675	0.808589	0.812316	1.03912	1.03759	0.764214	0.759125	0.822777	0.823028	0.947308	0.93669	-0.88942	-2.67737	-5.07778	-0.484601	0.839222	1.99931e-10	-1.37095	-0.687367	0	-102.179	-51.2304	0	-0.00283947	-0.00244413	22.2085	-0.103252	0.294119	0	-75.4931	215.046	0	19.082	6.69886	-5.36706	-0.0242288	-0.00207639	-0.0887347	-0.0837059	0.254775	0	-61.2018	186.279	0	-16.5098	-5.42428	-5.39535	-0.028342	-0.00189243	0.0886294
0.84	0.460749	1.79168	-0.485497	-1.31596	0.795945	-0.692869	0.361941	-0.227527	-0.589438	0.39874	-0.228313	-1.72318	0.36007	-0.246753	-0.584888	0.431846	-0.232159	-1.69423	0	1	0	0	0	0	1	0	0	0	0	0	0	0	0	0	-0.485497	0.795945	0	0.973581	0	0	0.228342	-1.31596	-0.692869	0	0	0	1.79168	-0.33268	0.622416	0.0835	0.916584	0	0	0.399842	-1.03176	-0.44655	0	0	0	1.56415	-0.125307	0.288515	0.0835	0.993207	0	0	0.116362	-0.437404	-0.106315	0	0	0	1.96289	-0.0182222	0.0413369	0.09142	0.999997	0	0	0.0024696	0.0288414	0.0116931	0	0	0	0.239712	-0.332855	0.622149	-0.0835	0.916958	0	0	0.398985	-1.033	-0.450072	0	0	0	1.54493	-0.125347	0.288089	-0.0835	0.99305	0	0	0.117692	-0.436162	-0.114327	0	0	0	1.97677	-0.0176233	0.0409457	-0.09142	0.999998	0	0	0.00188572	0.0327549	0.00956721	0	0	0	0.282543	-0.708734	1.13411	0	0.977145	0	0	0.212574	-1.91825	-1.08927	0	0	0	1.7763	0.216976	0.0823545	0.425517	0.114594	0.223564	0.128445	0.309797	0.0970546	0.188993	0.0805346	0.168455	0.0383272	0.266545	0.0357144	0.260436	0.0646908	0.230869	0.0821579	0.361144	0.114882	0.164639	0.128668	0.281162	0.0973824	0.192014	0.0801683	0.157755	0.038574	0.254244	0.0356816	0.249172	0.0653151	0.228818	0.0636562	0.246986	0.0635349	0.247632	0.247632	0.843796	0.0202927	0.0161928	0.197495	0.00202927	0.00198057	0.365263	0.365263	1.03893	0.114406	0.0287411	0.44466	0.0114406	0.012619	0.138288	0.138288	0.818644	-0.137195	0.0143381	0.167935	-0.0137195	-0.0215259	0.213526	0.213526	0.910456	0.106462	0.0223517	0.308536	0.0106462	0.0113489	0.213549	0.213549	0.838686	0.00718673	0.0165233	0.20295	0.000718673	0.000545473	0.165388	0.165388	0.811023	-0.25635	0.013083	0.148948	-0.025635	-0.0254556	0.126822	0.126822	0.751514	-0.720611	0.00910649	0.0942265	-0.0720611	-0.0367511	0.252229	0.252229	0.811692	-1.16059	0.0101283	0.107501	-0.116059	-0.0510657	0.290929	0.290929	0.947157	1.15222	0.0247645	0.357438	0.115222	0.0786966	0.224367	0.224367	0.841782	0.0126077	0.016876	0.208836	0.00126077	0.00123051	0.290682	0.290682	1.04154	0.223082	0.0265777	0.396184	0.0223082	0.0246059	0.147057	0.147057	0.820063	-0.0518483	0.011718	0.129234	-0.00518483	-0.008135	0.320806	0.320806	0.913531	0.116293	0.0209533	0.281588	0.0116293	0.0123968	0.221841	0.221841	0.837087	-0.146561	0.0165149	0.202812	-0.0146561	-0.011124	0.173372	0.173372	0.807334	-0.123081	0.0138331	0.160195	-0.0123081	-0.0122219	0.142462	0.142462	0.756352	-0.841636	0.0082695	0.0837599	-0.0841636	-0.0429235	0.207338	0.207338	0.810944	-1.14341	0.0098316	0.10359	-0.114341	-0.0503102	0.279916	0.279916	0.956298	0.814934	0.0230694	0.322768	0.0814934	0.05566	0	0	0	0	0	0	0	0	0	0	0	0	0	0	0	0	0	0	-0.485497	0.795945	0	-1.31596	-0.692869	0	-0.485497	0.795945	0	-1.31596	-0.692869	0	0	0	0.460749	0	0	1.79168	-0.33268	0.622416	0.0835	-1.03176	-0.44655	0	-0.33268	0.622416	0.0835	-1.03176	-0.44655	0	0	0	0.82269	0	0	1.56415	-0.125307	0.288515	0.0835	-0.437404	-0.106315	0	-0.125307	0.288515	0.0835	-0.437404	-0.106315	0	0	0	0.233252	0	0	1.96289	-0.0182222	0.0413369	0.09142	0.0288414	0.0116931	0	-0.0182222	0.0413369	0.09142	0.0288414	0.0116931	0	0	0	0.00493921	0	0	0.239712	-0.332855	0.622149	-0.0835	-1.033	-0.450072	0	-0.332855	0.622149	-0.0835	-1.033	-0.450072	0	0	0	0.820819	0	0	1.54493	-0.125347	0.288089	-0.0835	-0.436162	-0.114327	0	-0.125347	0.288089	-0.0835	-0.436162	-0.114327	0	0	0	0.235931	0	0	1.97677	-0.0176233	0.0409457	-0.09142	0.0327549	0.00956721	0	-0.0176233	0.0409457	-0.09142	0.0327549	0.00956721	0	0	0	0.00377144	0	0	0.282543	-0.708734	1.13411	0	-1.91825	-1.08927	0	-0.708734	1.13411	0	-1.91825	-1.08927	0	0	0	0.428418	0	0	1.7763	2.42664	-0.457286	0.738059	0.0835	-0.00117835	0.00132078	0	-0.00276566	-0.00124019	0	-0.127516	0.191142	0	0	0	0.361941	0	0	-0.227527	1774.25	1190.96	-1315.12	-0	0	0	0	0	2.81637	-0.168461	0.470159	0.0835	-0.00143464	0.0014804	0	-0.00265658	-0.00357959	0	-0.629225	0.593604	0	0	0	-0.589437	0	0	0.39874	2059.2	1443.29	-1468.74	-0	0	0	0	0	1.77653	-0.0695106	0.0530337	0.0835	-0.00044056	0.00123012	0	-0.00119787	-0.00467343	0	0.143386	-0.105101	0	0	0	-0.228313	0	0	-1.72318	1298.92	442.877	-1221.08	-0	0	0	0	0	2.34766	-0.457245	0.738024	-0.0835	-0.0011369	0.0012866	0	-0.00213873	-0.00203288	0	0.17822	-0.223733	0	0	0	0.360069	0	0	-0.246753	1716.5	1146.65	-1277.33	-0	0	0	0	0	2.8946	-0.168988	0.469617	-0.0835	-0.00149798	0.00151461	0	7.62939e-06	-0.00599965	0	0.370485	0.147359	0	0	0	-0.584888	0	0	0.431846	2116.4	1497.96	-1495.08	-0	0	0	0	0	1.70018	-0.068898	0.0527024	-0.0835	-0.000421837	0.00117373	0	-0.00203019	-0.00301365	0	0.422397	0.361033	0	0	0	-0.232158	0	0	-1.69423	1243.09	425.763	-1167.91	-0	0	0	0	0	0.195121	-0.548507	0.855494	0	9.81688e-05	-0.000113785	0	-0.000488877	0.00128353	0	0.082019	-0.125168	0	0	0	-0.0323303	0	0	-0.0153804	142.663	-95.2745	106.186	-0	18.4098	0	0	18.4098	0.262656	0.259732	0.170601	0.16969	0.189248	0.188953	0.191294	0.193675	0.159067	0.163625	0.386791	0.386392	0.122176	0.117505	0.197744	0.196796	0.274241	0.262907	0	0	0	0	0	0	0	0	0	0	0	0	0	0	0	0	0	0	0	0	0	0	0	0	0	0	0	0	0	0	0	0	0	0	0	0	0	0	0	0	0	0	0	0	0	0	0	0	0	0	0	0	0	0	609.987	27.5611	20.1717	34.301	31.5174	9.09381	56.0933	16.6929	48.0486	15.5091	26.9134	15.7246	22.999	36.7799	13.1894	46.8356	17.1878	44.0377	14.7884	0	0	0	0	0	0	0.913531	0.910456	0.820063	0.818644	0.837087	0.838686	0.841782	0.843796	0.807334	0.811023	1.04154	1.03893	0.756352	0.751514	0.810944	0.811692	0.956298	0.947157	-0.91645	-2.72614	-4.94851	-0.498405	0.832115	1.99931e-10	-1.38921	-0.732362	0	-103.539	-54.584	0	-0.00545936	0.000128658	22.8959	-0.106229	0.286025	0	-77.6697	209.128	0	18.515	6.87643	-6.57577	-0.0306817	-0.00205182	-0.0885343	-0.0803715	0.245716	0	-58.7639	179.656	0	-15.8847	-5.19574	-6.44196	-0.0352444	-0.00187368	0.0884172
0.85	0.479033	1.86102	-0.498728	-1.32914	0.788804	-0.733283	0.359364	-0.284565	-0.585286	0.417434	-0.245438	-1.66165	0.357382	-0.289206	-0.580649	0.420447	-0.248353	-1.55172	-1	1	0	0	0	0	1	0	0	0	0	0	0	0	0	0	-0.498728	0.788804	0	0.971453	0	0	0.237233	-1.32914	-0.733283	0	0	0	1.86102	-0.343055	0.617776	0.0835	0.913415	0	0	0.407029	-1.04148	-0.480831	0	0	0	1.57646	-0.129717	0.287356	0.0835	0.992002	0	0	0.126218	-0.444462	-0.12727	0	0	0	1.99389	-0.0179259	0.0414435	0.09142	0.999993	0	0	0.0038371	0.0277008	0.0079133	0	0	0	0.332245	-0.343236	0.617491	-0.0835	0.913819	0	0	0.406123	-1.04356	-0.479405	0	0	0	1.57182	-0.129753	0.286871	-0.0835	0.991834	0	0	0.127535	-0.445099	-0.127827	0	0	0	1.99226	-0.0173297	0.0410711	-0.09142	0.999993	0	0	0.00370612	0.0259856	0.0164353	0	0	0	0.440546	-0.728064	1.12286	0	0.97518	0	0	0.221412	-1.94627	-1.15633	0	0	0	1.84243	0.219996	0.0823073	0.40053	0.114765	0.208109	0.128353	0.29217	0.0972136	0.184033	0.080333	0.159017	0.0379457	0.26097	0.0351988	0.267252	0.0653741	0.226734	0.0821803	0.352257	0.115124	0.174471	0.128535	0.290971	0.0974449	0.188161	0.0800457	0.149068	0.038142	0.240275	0.0351848	0.290818	0.0657533	0.222297	0.0636636	0.24072	0.0634555	0.21736	0.21736	0.843313	0.00659705	0.0162657	0.198694	0.000659705	0.000643872	0.361126	0.361126	1.04048	0.209984	0.028423	0.437381	0.0209984	0.0231613	0.164231	0.164231	0.818057	-0.0288866	0.0141121	0.164455	-0.00288866	-0.00453231	0.273505	0.273505	0.911947	0.178613	0.0219636	0.300956	0.0178613	0.0190401	0.171108	0.171108	0.838783	0.0325817	0.0163348	0.199834	0.00325817	0.00247295	0.127297	0.127297	0.808993	-0.162357	0.0132329	0.151174	-0.0162357	-0.016122	0.117068	0.117068	0.744033	-0.758837	0.00843768	0.085834	-0.0758837	-0.0387007	0.211398	0.211398	0.799974	-1.16961	0.00974472	0.102454	-0.116961	-0.0514628	0.235172	0.235172	0.957161	1.06927	0.0250301	0.363006	0.106927	0.0730314	0.158129	0.158129	0.842012	0.0408519	0.0168379	0.208197	0.00408519	0.00398714	0.339135	0.339135	1.04374	0.194614	0.025914	0.381801	0.0194614	0.0214659	0.172825	0.172825	0.819215	-0.138335	0.0118741	0.131441	-0.0138335	-0.0217048	0.291816	0.291816	0.914117	0.0877323	0.0212677	0.287557	0.00877323	0.00935226	0.205729	0.205729	0.836041	-0.0587058	0.0167108	0.206071	-0.00587058	-0.00445577	0.190634	0.190634	0.8061	-0.120794	0.0136156	0.156905	-0.0120794	-0.0119949	0.121698	0.121698	0.747881	-0.81125	0.00787271	0.078925	-0.081125	-0.0413737	0.181811	0.181811	0.799654	-1.095	0.00943853	0.0984795	-0.1095	-0.0481798	0.272339	0.272339	0.962713	0.439887	0.0241071	0.343812	0.0439887	0.0300443	0	0	0	0	0	0	0	0	0	0	0	0	0	0	0	0	0	0	-0.498728	0.788804	0	-1.32914	-0.733283	0	-0.498728	0.788804	0	-1.32914	-0.733283	0	0	0	0.479033	0	0	1.86102	-0.343055	0.617776	0.0835	-1.04148	-0.480831	0	-0.343055	0.617776	0.0835	-1.04148	-0.480831	0	0	0	0.838397	0	0	1.57646	-0.129717	0.287356	0.0835	-0.444462	-0.12727	0	-0.129717	0.287356	0.0835	-0.444462	-0.12727	0	0	0	0.253112	0	0	1.99389	-0.0179259	0.0414435	0.09142	0.0277008	0.0079133	0	-0.0179259	0.0414435	0.09142	0.0277008	0.0079133	0	0	0	0.00767421	0	0	0.332245	-0.343236	0.617491	-0.0835	-1.04356	-0.479405	0	-0.343236	0.617491	-0.0835	-1.04356	-0.479405	0	0	0	0.836415	0	0	1.57182	-0.129753	0.286871	-0.0835	-0.445099	-0.127827	0	-0.129753	0.286871	-0.0835	-0.445099	-0.127827	0	0	0	0.255766	0	0	1.99226	-0.0173297	0.0410711	-0.09142	0.0259856	0.0164353	0	-0.0173297	0.0410711	-0.09142	0.0259856	0.0164353	0	0	0	0.00741225	0	0	0.440546	-0.728064	1.12286	0	-1.94627	-1.15633	0	-0.728064	1.12286	0	-1.94627	-1.15633	0	0	0	0.446524	0	0	1.84243	2.41016	-0.469462	0.731447	0.0835	-0.00120097	0.00130266	0	-0.000700235	-0.00352329	0	0.325815	-0.283162	0	0	0	0.359364	0	0	-0.284565	1762.2	1204.17	-1286.6	-0	0	0	0	0	2.80494	-0.17647	0.468107	0.0835	-0.0014624	0.00144738	0	-0.00161201	-0.0045791	0	0.236721	-0.19419	0	0	0	-0.585285	0	0	0.417434	2050.84	1467.65	-1432.47	-0	0	0	0	0	1.73901	-0.0692461	0.053	0.0835	-0.000455976	0.00119239	0	-0.00133338	-0.00334879	0	0.34111	0.0571524	0	0	0	-0.245436	0	0	-1.66165	1271.48	458.554	-1185.92	-0	0	0	0	0	2.35372	-0.469418	0.731413	-0.0835	-0.00115699	0.00126815	0	-0.00265133	-0.00115669	0	-0.139465	0.0782948	0	0	0	0.357383	0	0	-0.289206	1720.93	1169.07	-1262.87	-0	0	0	0	0	2.83452	-0.176986	0.467497	-0.0835	-0.00149673	0.00145555	0	0.000557482	-0.00618957	0	0.243227	0.170248	0	0	0	-0.580649	0	0	0.420447	2072.47	1494.92	-1435.39	-0	0	0	0	0	1.69437	-0.0686468	0.052641	-0.0835	-0.000445366	0.00115567	0	-0.0029621	-0.000972001	0	0.124135	0.416167	0	0	0	-0.248352	0	0	-1.55172	1238.84	451.094	-1153.79	-0	0	0	0	0	0.192288	-0.562819	0.847194	0	9.71556e-05	-0.000108719	0	-0.000356913	0.000864506	0	0.00573623	0.00591373	0	0	0	-0.0325068	0	0	-0.0185876	140.592	-95.0425	103.601	-0	18.9816	0	0	18.9816	0.263531	0.260456	0.170063	0.168644	0.187087	0.188686	0.191782	0.193796	0.158589	0.162316	0.389119	0.387591	0.114214	0.109125	0.188548	0.187827	0.284818	0.273291	0	0	0	0	0	0	0	0	0	0	0	0	0	0	0	0	0	0	0	0	0	0	0	0	0	0	0	0	0	0	0	0	0	0	0	0	0	0	0	0	0	0	0	0	0	0	0	0	0	0	0	0	0	0	579.944	25.6178	19.1478	27.1068	34.1357	7.94539	43.7764	15.7449	44.8721	14.0588	22.2712	16.7925	30.498	35.4095	10.6	47.8536	15.4356	39.9166	16.2194	0	0	0	0	0	0	0.914117	0.911947	0.819215	0.818057	0.836041	0.838783	0.842012	0.843313	0.8061	0.808993	1.04374	1.04048	0.747881	0.744033	0.799654	0.799974	0.962713	0.957161	-0.943981	-2.77717	-5.16244	-0.512395	0.824547	1.99931e-10	-1.40762	-0.779154	0	-104.912	-58.0715	0	0.00190829	0.00201253	23.5438	-0.102112	0.274477	0	-74.6594	200.685	0	17.6984	6.58423	-8.58849	-0.042031	-0.00205623	-0.0881902	-0.0838273	0.239698	0	-61.2906	175.256	0	-15.4475	-5.40233	-7.86685	-0.0442306	-0.00187939	0.0881429
0.86	0.497979	1.92133	-0.512085	-1.34178	0.781257	-0.774626	0.356232	-0.334652	-0.58093	0.459273	-0.262726	-1.79733	0.354287	-0.320011	-0.576497	0.40955	-0.263327	-1.48531	-1	1	0	0	0	0	1	0	0	0	0	0	0	0	0	0	-0.512085	0.781257	0	0.969162	0	0	0.246425	-1.34178	-0.774626	0	0	0	1.92133	-0.353525	0.612791	0.0835	0.910168	0	0	0.414238	-1.05292	-0.514137	0	0	0	1.58668	-0.134192	0.285977	0.0835	0.990679	0	0	0.136216	-0.451156	-0.144905	0	0	0	2.04595	-0.0176386	0.0414528	0.09142	0.999986	0	0	0.00527764	0.0306893	-0.00189941	0	0	0	0.248621	-0.353722	0.612532	-0.0835	0.910571	0	0	0.413353	-1.05262	-0.511151	0	0	0	1.60132	-0.134252	0.285515	-0.0835	0.990509	0	0	0.137449	-0.452397	-0.143134	0	0	0	2.01087	-0.0171041	0.0412479	-0.09142	0.999981	0	0	0.00622145	0.0205434	0.0164649	0	0	0	0.525554	-0.747671	1.11094	0	0.973057	0	0	0.230564	-1.9736	-1.2249	0	0	0	1.91202	0.21959	0.0823144	0.40568	0.11497	0.200468	0.12829	0.298814	0.0973813	0.19336	0.0801635	0.153427	0.0375471	0.245333	0.0346928	0.261294	0.0661406	0.218007	0.0822467	0.34496	0.115333	0.169432	0.12839	0.307682	0.0975193	0.182364	0.0799218	0.145109	0.0377252	0.229748	0.0347124	0.319375	0.0660819	0.205098	0.0637287	0.226425	0.0634477	0.18751	0.18751	0.843385	0.00571119	0.0162387	0.198249	0.000571119	0.000557412	0.456412	0.456412	1.04234	0.138039	0.0280494	0.428894	0.0138039	0.0152257	0.153035	0.153035	0.817657	-0.052132	0.0135974	0.15663	-0.0052132	-0.00817952	0.266403	0.266403	0.913521	0.111708	0.0218533	0.298814	0.0111708	0.0119081	0.155042	0.155042	0.839641	0.176853	0.0161802	0.197287	0.0176853	0.0134231	0.183697	0.183697	0.807286	-0.261173	0.0132362	0.151221	-0.0261173	-0.0259345	0.110096	0.110096	0.736218	-0.821827	0.00785394	0.0786976	-0.0821827	-0.0419132	0.201776	0.201776	0.788472	-1.12332	0.00929272	0.0966047	-0.112332	-0.049426	0.231255	0.231255	0.968384	1.17108	0.0249688	0.361718	0.117108	0.0799845	0.194053	0.194053	0.842692	0.0705683	0.0165439	0.203294	0.00705683	0.00688747	0.397674	0.397674	1.04563	0.196572	0.0255599	0.374223	0.0196572	0.0216819	0.173503	0.173503	0.81829	-0.0603568	0.0119208	0.132102	-0.00603568	-0.00946999	0.26797	0.26797	0.914815	0.0194511	0.0215709	0.293365	0.00194511	0.00207349	0.171909	0.171909	0.835938	0.0682796	0.0167393	0.206547	0.00682796	0.00518243	0.171874	0.171874	0.804852	-0.0877805	0.0134331	0.154162	-0.00877805	-0.0087166	0.12522	0.12522	0.739709	-0.826842	0.00752554	0.0747632	-0.0826842	-0.0421689	0.184786	0.184786	0.788918	-1.05723	0.0090927	0.0940506	-0.105723	-0.0465182	0.261846	0.261846	0.967524	0.359873	0.0253116	0.368947	0.0359873	0.0245793	0	0	0	0	0	0	0	0	0	0	0	0	0	0	0	0	0	0	-0.512085	0.781257	0	-1.34178	-0.774626	0	-0.512085	0.781257	0	-1.34178	-0.774626	0	0	0	0.497979	0	0	1.92133	-0.353525	0.612791	0.0835	-1.05292	-0.514137	0	-0.353525	0.612791	0.0835	-1.05292	-0.514137	0	0	0	0.854212	0	0	1.58668	-0.134192	0.285977	0.0835	-0.451156	-0.144905	0	-0.134192	0.285977	0.0835	-0.451156	-0.144905	0	0	0	0.273281	0	0	2.04595	-0.0176386	0.0414528	0.09142	0.0306893	-0.00189941	0	-0.0176386	0.0414528	0.09142	0.0306893	-0.00189941	0	0	0	0.0105553	0	0	0.248621	-0.353722	0.612532	-0.0835	-1.05262	-0.511151	0	-0.353722	0.612532	-0.0835	-1.05262	-0.511151	0	0	0	0.852267	0	0	1.60132	-0.134252	0.285515	-0.0835	-0.452397	-0.143134	0	-0.134252	0.285515	-0.0835	-0.452397	-0.143134	0	0	0	0.27577	0	0	2.01087	-0.0171041	0.0412479	-0.09142	0.0205434	0.0164649	0	-0.0171041	0.0412479	-0.09142	0.0205434	0.0164649	0	0	0	0.012443	0	0	0.525554	-0.747671	1.11094	0	-1.9736	-1.2249	0	-0.747671	1.11094	0	-1.9736	-1.2249	0	0	0	0.465314	0	0	1.91202	2.36831	-0.481714	0.724449	0.0835	-0.00120163	0.00126359	0	0.000118256	-0.0035677	0	-0.119676	0.0508103	0	0	0	0.356232	0	0	-0.334652	1731.6	1201.09	-1247.32	-0	0	0	0	0	2.76811	-0.184581	0.465749	0.0835	-0.00147164	0.00139785	0	-0.00156868	-0.00425613	0	-3.50645	-0.389463	0	0	0	-0.58093	0	0	0.459273	2023.91	1476.75	-1383.99	-0	0	0	0	0	1.69395	-0.0689919	0.0528614	0.0835	-0.000464916	0.00115567	0	-0.000297651	-0.00410846	0	-5.17558	-4.49739	0	0	0	-0.262725	0	0	-1.79733	1238.53	465.492	-1147.73	-0	0	0	0	0	2.35326	-0.481694	0.724439	-0.0835	-0.00118113	0.00125378	0	-0.00161362	-0.00211024	0	0.410429	0.349894	0	0	0	0.354287	0	0	-0.320011	1720.59	1188.48	-1244.16	-0	0	0	0	0	2.77678	-0.185088	0.46516	-0.0835	-0.00149328	0.00139976	0	0.000745058	-0.00663534	0	4.79349	1.39681	0	0	0	-0.576496	0	0	0.40955	2030.25	1490.85	-1378.15	-0	0	0	0	0	1.70614	-0.0684788	0.0525596	-0.0835	-0.000474632	0.0011518	0	-0.00376225	-0.000616368	0	6.69593	3.04143	0	0	0	-0.263327	0	0	-1.48531	1247.45	481.907	-1150.61	-0	0	0	0	0	0.181698	-0.577276	0.838426	0	9.4533e-05	-0.000103191	0	-0.000728011	0.000959039	0	-0.0603707	0.0293145	0	0	0	-0.0326678	0	0	-0.00930989	132.849	-90.2229	97.5127	-0	17.7053	0	0	17.7053	0.264117	0.261947	0.169215	0.168057	0.186041	0.188783	0.192012	0.193313	0.157334	0.161023	0.391538	0.388931	0.106352	0.101514	0.178377	0.178329	0.293035	0.281838	0	0	0	0	0	0	0	0	0	0	0	0	0	0	0	0	0	0	0	0	0	0	0	0	0	0	0	0	0	0	0	0	0	0	0	0	0	0	0	0	0	0	0	0	0	0	0	0	0	0	0	0	0	0	579.458	23.5861	22.4158	27.049	34.2133	7.153	59.3298	15.3197	41.1448	13.8084	23.8813	18.3516	25.8366	35.0867	8.05559	41.9168	15.0558	37.6265	17.0851	0	0	0	0	0	0	0.914815	0.913521	0.81829	0.817657	0.835938	0.839641	0.842692	0.843385	0.804852	0.807286	1.04563	1.04234	0.739709	0.736218	0.788918	0.788472	0.967524	0.968384	-0.972023	-2.82797	-4.8537	-0.526565	0.816504	1.99931e-10	-1.42546	-0.827107	0	-106.242	-61.6455	0	0.00496607	0.00130915	24.2076	-0.0951915	0.264909	0	-69.5995	193.689	0	16.9974	6.10781	-11.0864	-0.0564757	-0.00212164	-0.0877564	-0.0845207	0.245027	0	-61.7976	179.152	0	-15.7525	-5.43374	-9.29368	-0.0512028	-0.00195118	0.0879281
0.87	0.517442	1.97075	-0.525578	-1.35672	0.773282	-0.819117	0.352807	-0.34294	-0.576289	0.445774	-0.280557	-1.73126	0.351151	-0.305525	-0.572701	0.356783	-0.277929	-1.46304	-1	1	0	0	0	0	1	0	0	0	0	0	0	0	0	0	-0.525578	0.773282	0	0.966718	0	0	0.255844	-1.35672	-0.819117	0	0	0	1.97075	-0.364122	0.607478	0.0835	0.906818	0	0	0.421523	-1.06497	-0.547299	0	0	0	1.62781	-0.138746	0.284462	0.0835	0.989218	0	0	0.146452	-0.457965	-0.158186	0	0	0	2.07359	-0.0173392	0.0414495	0.09142	0.999978	0	0	0.00670157	0.0275092	0.00260413	0	0	0	0.342328	-0.364293	0.607262	-0.0835	0.907166	0	0	0.420772	-1.06195	-0.5411	0	0	0	1.66523	-0.138804	0.284045	-0.0835	0.989076	0	0	0.147407	-0.457658	-0.148722	0	0	0	2.02201	-0.0169249	0.0414397	-0.09142	0.99996	0	0	0.00898166	0.0163339	0.0227471	0	0	0	0.558969	-0.767541	1.09833	0	0.970769	0	0	0.240018	-1.99909	-1.29583	0	0	0	1.97469	0.211452	0.0823372	0.41694	0.115084	0.191224	0.128207	0.28548	0.0975437	0.187091	0.0799492	0.145701	0.0371181	0.240479	0.0341899	0.276559	0.0668942	0.21258	0.082316	0.36861	0.115462	0.177338	0.128241	0.301238	0.0975953	0.18428	0.0798136	0.136755	0.0373096	0.221158	0.0342533	0.332794	0.0663972	0.195903	0.0638687	0.221384	0.0635205	0.176534	0.176534	0.843619	0.0481247	0.0160512	0.195174	0.00481247	0.00469697	0.429776	0.429776	1.04338	0.13399	0.0285393	0.440035	0.013399	0.0147791	0.130032	0.130032	0.817127	-0.0521386	0.0131073	0.149308	-0.00521386	-0.00818055	0.266094	0.266094	0.915044	0.206522	0.0218147	0.298066	0.0206522	0.0220152	0.135005	0.135005	0.841484	0.191576	0.0157284	0.189926	0.0191576	0.0145407	0.123901	0.123901	0.805128	-0.16275	0.0133429	0.152812	-0.016275	-0.016161	0.0826158	0.0826158	0.727806	-0.857755	0.00726991	0.0717377	-0.0857755	-0.0437455	0.182818	0.182818	0.777044	-1.17259	0.00876283	0.0898844	-0.117259	-0.0515938	0.333077	0.333077	0.979418	0.860965	0.0250555	0.36354	0.0860965	0.0588039	0.127847	0.127847	0.843401	0.0716116	0.0162515	0.198461	0.00716116	0.00698929	0.450226	0.450226	1.0468	0.103436	0.0259735	0.383083	0.0103436	0.011409	0.18601	0.18601	0.817341	-0.112334	0.0121094	0.134787	-0.0112334	-0.0176253	0.25817	0.25817	0.915529	0.106499	0.0219588	0.300863	0.0106499	0.0113528	0.147417	0.147417	0.836897	0.0942702	0.0166289	0.204706	0.00942702	0.00715511	0.14894	0.14894	0.803762	-0.138259	0.0132857	0.15196	-0.0138259	-0.0137291	0.0846232	0.0846232	0.73156	-0.773887	0.00720143	0.0709339	-0.0773887	-0.0394682	0.194962	0.194962	0.778485	-1.03053	0.00875259	0.0897558	-0.103053	-0.0453431	0.203174	0.203174	0.972141	0.432888	0.0264915	0.394304	0.0432888	0.0295663	0	0	0	0	0	0	0	0	0	0	0	0	0	0	0	0	0	0	-0.525578	0.773282	0	-1.35672	-0.819117	0	-0.525578	0.773282	0	-1.35672	-0.819117	0	0	0	0.517442	0	0	1.97075	-0.364122	0.607478	0.0835	-1.06497	-0.547299	0	-0.364122	0.607478	0.0835	-1.06497	-0.547299	0	0	0	0.870249	0	0	1.62781	-0.138746	0.284462	0.0835	-0.457965	-0.158186	0	-0.138746	0.284462	0.0835	-0.457965	-0.158186	0	0	0	0.29396	0	0	2.07359	-0.0173392	0.0414495	0.09142	0.0275092	0.00260413	0	-0.0173392	0.0414495	0.09142	0.0275092	0.00260413	0	0	0	0.0134032	0	0	0.342328	-0.364293	0.607262	-0.0835	-1.06195	-0.5411	0	-0.364293	0.607262	-0.0835	-1.06195	-0.5411	0	0	0	0.868593	0	0	1.66523	-0.138804	0.284045	-0.0835	-0.457658	-0.148722	0	-0.138804	0.284045	-0.0835	-0.457658	-0.148722	0	0	0	0.295892	0	0	2.02201	-0.0169249	0.0414397	-0.09142	0.0163339	0.0227471	0	-0.0169249	0.0414397	-0.09142	0.0163339	0.0227471	0	0	0	0.0179636	0	0	0.558969	-0.767541	1.09833	0	-1.99909	-1.29583	0	-0.767541	1.09833	0	-1.99909	-1.29583	0	0	0	0.484768	0	0	1.97469	2.33637	-0.494085	0.717066	0.0835	-0.00120473	0.00123078	0	0.000145555	-0.00417513	0	0.215461	-0.344388	0	0	0	0.352806	0	0	-0.34294	1708.24	1204.07	-1211.74	-0	0	0	0	0	2.75518	-0.192841	0.463153	0.0835	-0.00149351	0.0013634	0	-0.000679493	-0.00430244	0	-0.132604	-0.393256	0	0	0	-0.576288	0	0	0.445774	2014.46	1495.73	-1349.39	-0	0	0	0	0	1.64863	-0.0687248	0.0527118	0.0835	-0.000473917	0.00111306	0	-0.00124396	-0.00297824	0	-0.87172	0.250788	0	0	0	-0.280557	0	0	-1.73126	1205.4	476.322	-1107.3	-0	0	0	0	0	2.33908	-0.494075	0.717065	-0.0835	-0.00119406	0.00123015	0	-0.00129497	-0.00253582	0	-0.044706	-0.0402794	0	0	0	0.35115	0	0	-0.305525	1710.23	1199.96	-1218.59	-0	0	0	0	0	2.72273	-0.193245	0.462631	-0.0835	-0.00148457	0.00134301	0	0.000111043	-0.0050078	0	-0.60384	0.030763	0	0	0	-0.572701	0	0	0.356783	1990.74	1484.21	-1326.7	-0	0	0	0	0	1.71624	-0.0683612	0.0524675	-0.0835	-0.000501752	0.00114924	0	-0.00274806	-0.000733105	0	-0.655465	-0.263874	0	0	0	-0.277928	0	0	-1.46304	1254.83	507.066	-1147.82	-0	0	0	0	0	0.169057	-0.591876	0.829178	0	8.89301e-05	-9.50098e-05	0	-0.000545621	0.00100273	0	0.0443976	-0.00822258	0	0	0	-0.0326751	0	0	0.00393629	123.606	-85.6998	89.0733	-0	15.7566	0	0	15.7566	0.264815	0.263521	0.16829	0.167657	0.185938	0.189641	0.192692	0.193385	0.1561	0.158993	0.393735	0.390479	0.0978814	0.0940326	0.166802	0.167493	0.301893	0.291784	0	0	0	0	0	0	0	0	0	0	0	0	0	0	0	0	0	0	0	0	0	0	0	0	0	0	0	0	0	0	0	0	0	0	0	0	0	0	0	0	0	0	0	0	0	0	0	0	0	0	0	0	0	0	556.846	22.2709	21.8605	24.4852	33.1324	6.51533	43.9129	13.9906	39.4702	17.9152	19.4661	20.8602	30.4489	33.8843	7.40818	43.8782	12.839	36.0587	15.9069	0	0	0	0	0	0	0.915529	0.915044	0.817341	0.817127	0.836897	0.841484	0.843401	0.843619	0.803762	0.805128	1.0468	1.04338	0.73156	0.727806	0.778485	0.777044	0.972141	0.979418	-1.00054	-2.87268	-4.1714	-0.540911	0.807983	1.99931e-10	-1.44293	-0.875354	0	-107.543	-65.2414	0	0.0100465	-0.0011616	24.908	-0.0867547	0.255635	0	-63.431	186.908	0	16.3195	5.53832	-13.4699	-0.0712968	-0.00226979	-0.0873126	-0.0877673	0.24926	0	-64.1713	182.247	0	-15.9796	-5.62661	-10.9319	-0.0592598	-0.00205692	0.087681
0.88	0.537422	2.02083	-0.539229	-1.37311	0.764849	-0.865863	0.349489	-0.313951	-0.57231	0.351796	-0.296566	-1.53564	0.348214	-0.275923	-0.569451	0.289464	-0.292556	-1.4898	-1	1	0	0	0	0	1	0	0	0	0	0	0	0	0	0	-0.539229	0.764849	0	0.964114	0	0	0.265489	-1.37311	-0.865863	0	0	0	2.02083	-0.374815	0.60184	0.0835	0.903274	0	0	0.429064	-1.07367	-0.57799	0	0	0	1.70688	-0.143357	0.282829	0.0835	0.987654	0	0	0.156653	-0.463973	-0.165609	0	0	0	2.05868	-0.0171269	0.0415466	0.09142	0.999959	0	0	0.00901806	0.0165759	0.0146524	0	0	0	0.523039	-0.374963	0.601692	-0.0835	0.903548	0	0	0.428488	-1.07071	-0.572265	0	0	0	1.74491	-0.1434	0.282533	-0.0835	0.987529	0	0	0.157435	-0.459697	-0.15387	0	0	0	2.03437	-0.0167736	0.0416948	-0.09142	0.99993	0	0	0.0118144	0.014716	0.0259439	0	0	0	0.544577	-0.78766	1.08499	0	0.968314	0	0	0.249736	-2.02365	-1.36898	0	0	0	2.03146	0.200706	0.0824069	0.41187	0.115238	0.179702	0.128147	0.278027	0.0977632	0.17815	0.0798286	0.13539	0.0366905	0.223586	0.0336892	0.287501	0.067385	0.19887	0.0824215	0.406624	0.115497	0.177079	0.128097	0.285154	0.0977513	0.175379	0.0797134	0.129393	0.0369196	0.211952	0.0338041	0.330102	0.0668107	0.205708	0.0639941	0.219573	0.0636093	0.244929	0.244929	0.844333	0.113714	0.0158099	0.191245	0.0113714	0.0110985	0.280633	0.280633	1.04477	0.170984	0.0286396	0.442333	0.0170984	0.0188595	0.134619	0.134619	0.816743	-0.0279668	0.0125967	0.141814	-0.00279668	-0.00438799	0.303486	0.303486	0.917103	0.21727	0.0214906	0.291819	0.021727	0.023161	0.129283	0.129283	0.843137	0.0417947	0.0155282	0.186694	0.00417947	0.00317222	0.1317	0.1317	0.803914	-0.0957984	0.0131451	0.149868	-0.00957984	-0.00951279	0.0885275	0.0885275	0.719422	-0.813557	0.0068287	0.0665979	-0.0813557	-0.0414914	0.173907	0.173907	0.765665	-1.07342	0.00844097	0.0858724	-0.107342	-0.0472304	0.308374	0.308374	0.986604	0.869193	0.0257794	0.378913	0.0869193	0.0593659	0.227589	0.227589	0.844482	0.129656	0.0157875	0.190882	0.0129656	0.0126544	0.323715	0.323715	1.04711	0.0302551	0.0270264	0.406038	0.00302551	0.00333714	0.189792	0.189792	0.816426	-0.0472988	0.0123646	0.138452	-0.00472988	-0.00742118	0.252023	0.252023	0.916992	0.201313	0.0217808	0.297413	0.0201313	0.02146	0.203349	0.203349	0.838067	0.0829628	0.0164787	0.202213	0.00829628	0.00629687	0.0948675	0.0948675	0.802754	-0.0585713	0.0131423	0.149826	-0.00585713	-0.00581613	0.0592492	0.0592492	0.723913	-0.768528	0.00676534	0.0658688	-0.0768528	-0.0391949	0.0818387	0.0818387	0.768275	-0.996467	0.00841066	0.0854979	-0.0996467	-0.0438445	0.335152	0.335152	0.978195	0.618766	0.0272961	0.41201	0.0618766	0.0422617	0	0	0	0	0	0	0	0	0	0	0	0	0	0	0	0	0	0	-0.539229	0.764849	0	-1.37311	-0.865863	0	-0.539229	0.764849	0	-1.37311	-0.865863	0	0	0	0.537422	0	0	2.02083	-0.374815	0.60184	0.0835	-1.07367	-0.57799	0	-0.374815	0.60184	0.0835	-1.07367	-0.57799	0	0	0	0.886912	0	0	1.70688	-0.143357	0.282829	0.0835	-0.463973	-0.165609	0	-0.143357	0.282829	0.0835	-0.463973	-0.165609	0	0	0	0.314602	0	0	2.05868	-0.0171269	0.0415466	0.09142	0.0165759	0.0146524	0	-0.0171269	0.0415466	0.09142	0.0165759	0.0146524	0	0	0	0.0180364	0	0	0.523039	-0.374963	0.601692	-0.0835	-1.07071	-0.572265	0	-0.374963	0.601692	-0.0835	-1.07071	-0.572265	0	0	0	0.885636	0	0	1.74491	-0.1434	0.282533	-0.0835	-0.459697	-0.15387	0	-0.1434	0.282533	-0.0835	-0.459697	-0.15387	0	0	0	0.316186	0	0	2.03437	-0.0167736	0.0416948	-0.09142	0.014716	0.0259439	0	-0.0167736	0.0416948	-0.09142	0.014716	0.0259439	0	0	0	0.0236294	0	0	0.544577	-0.78766	1.08499	0	-2.02365	-1.36898	0	-0.78766	1.08499	0	-2.02365	-1.36898	0	0	0	0.504814	0	0	2.03146	2.26824	-0.506586	0.709248	0.0835	-0.00119564	0.00118047	0	0.00136852	-0.00542653	0	-0.010974	0.162278	0	0	0	0.349489	0	0	-0.313951	1658.43	1189.4	-1155.73	-0	0	0	0	0	2.70118	-0.201129	0.460366	0.0835	-0.00149179	0.00131416	0	0.000478625	-0.00556141	0	0.537322	0.188352	0	0	0	-0.57231	0	0	0.351796	1974.98	1490.23	-1296.05	-0	0	0	0	0	1.64726	-0.0685641	0.0525708	0.0835	-0.000493526	0.00110048	0	-0.00151049	-0.00163223	0	1.00305	0.0176716	0	0	0	-0.296565	0	0	-1.53564	1204.4	496.447	-1097.32	-0	0	0	0	0	2.30756	-0.506597	0.709267	-0.0835	-0.0012061	0.00119993	0	-5.36442e-05	-0.00447303	0	0.430773	-0.35592	0	0	0	0.348214	0	0	-0.275923	1687.18	1206.34	-1179.54	-0	0	0	0	0	2.68309	-0.201453	0.459978	-0.0835	-0.0014863	0.00129867	0	0.000481188	-0.00505877	0	0.708075	0.0773743	0	0	0	-0.56945	0	0	0.289464	1961.75	1484.73	-1282.19	-0	0	0	0	0	1.70904	-0.0682717	0.052431	-0.0835	-0.000524163	0.00113678	0	-0.00186059	-0.00213614	0	0.703816	0.39053	0	0	0	-0.292556	0	0	-1.4898	1249.57	527.761	-1132.65	-0	0	0	0	0	0.158016	-0.606636	0.819415	0	8.53837e-05	-8.74847e-05	0	-0.00058794	0.00101328	0	-0.0218195	-0.00596046	0	0	0	-0.0326094	0	0	0.010623	115.534	-81.9028	81.4857	-0	14.7408	0	0	14.7408	0.265529	0.265044	0.167341	0.167127	0.186897	0.191484	0.193401	0.193619	0.154852	0.157286	0.395628	0.39234	0.0897095	0.0862183	0.15524	0.155849	0.310005	0.30223	0	0	0	0	0	0	0	0	0	0	0	0	0	0	0	0	0	0	0	0	0	0	0	0	0	0	0	0	0	0	0	0	0	0	0	0	0	0	0	0	0	0	0	0	0	0	0	0	0	0	0	0	0	0	526.069	26.1462	17.0688	22.2066	35.2842	6.66732	37.6144	12.737	35.3003	17.5468	24.762	18.0587	27.1081	32.1716	8.60036	30.6286	11.4623	29.9915	20.1723	0	0	0	0	0	0	0.916992	0.917103	0.816426	0.816743	0.838067	0.843137	0.844482	0.844333	0.802754	0.803914	1.04711	1.04477	0.723913	0.719422	0.768275	0.765665	0.978195	0.986604	-1.02948	-2.91268	-3.76081	-0.555428	0.798974	1.99931e-10	-1.45959	-0.924433	0	-108.785	-68.8993	0	0.00937091	-0.00340636	25.6451	-0.0795159	0.245672	0	-58.1383	179.624	0	15.6074	5.05162	-15.4883	-0.0854282	-0.00246599	-0.0868897	-0.0816258	0.24793	0	-59.6809	181.275	0	-15.8217	-5.20898	-13.2922	-0.0725926	-0.00222814	0.0872804
0.89	0.557913	2.07579	-0.553041	-1.38813	0.75593	-0.915988	0.346527	-0.283448	-0.569069	0.30323	-0.312802	-1.66243	0.345663	-0.238106	-0.567087	0.187618	-0.306826	-1.3295	-1	1	0	0	0	0	1	0	0	0	0	0	0	0	0	0	-0.553041	0.75593	0	0.961343	0	0	0.275353	-1.38813	-0.915988	0	0	0	2.07579	-0.385608	0.595912	0.0835	0.899479	0	0	0.436964	-1.08442	-0.606239	0	0	0	1.79234	-0.147995	0.281174	0.0835	0.985974	0	0	0.166901	-0.465214	-0.16483	0	0	0	2.09557	-0.016941	0.041711	0.09142	0.999936	0	0	0.0112848	0.0198091	0.0213004	0	0	0	0.433148	-0.38571	0.595809	-0.0835	0.899668	0	0	0.436575	-1.07855	-0.602791	0	0	0	1.83769	-0.148011	0.280975	-0.0835	0.98588	0	0	0.167452	-0.463913	-0.157189	0	0	0	2.0253	-0.016659	0.0420089	-0.09142	0.99989	0	0	0.0148311	0.00661219	0.0391888	0	0	0	0.6958	-0.808017	1.07091	0	0.965691	0	0	0.259694	-2.04608	-1.44573	0	0	0	2.08641	0.21753	0.0823762	0.398576	0.115452	0.172816	0.128088	0.320808	0.0978673	0.1806	0.0797326	0.126327	0.036279	0.211906	0.0332224	0.288795	0.0679627	0.207442	0.0824445	0.394111	0.115594	0.179774	0.127994	0.272596	0.0979675	0.167182	0.0796889	0.117894	0.0365453	0.191914	0.0333938	0.344263	0.0672452	0.197658	0.0640702	0.217406	0.0636841	0.141953	0.141953	0.844018	-0.0415392	0.015863	0.192108	-0.00415392	-0.00405423	0.343286	0.343286	1.04671	0.158139	0.0278994	0.425509	0.0158139	0.0174427	0.155331	0.155331	0.816368	-0.0507906	0.0121174	0.134902	-0.00507906	-0.00796904	0.204817	0.204817	0.918079	-0.0369126	0.0217702	0.297208	-0.00369126	-0.00393488	0.15943	0.15943	0.844139	0.118017	0.0154977	0.186206	0.0118017	0.00895746	0.135905	0.135905	0.802947	-0.141295	0.0130574	0.148571	-0.0141295	-0.0140306	0.0914962	0.0914962	0.711353	-0.798687	0.00634096	0.0610346	-0.0798687	-0.040733	0.074555	0.074555	0.755054	-1.04863	0.00798206	0.0802487	-0.104863	-0.0461399	0.2708	0.2708	0.995061	0.977164	0.0262244	0.388499	0.0977164	0.0667403	0.16571	0.16571	0.844718	0.0208785	0.0156743	0.189051	0.00208785	0.00203774	0.389211	0.389211	1.04799	0.108212	0.0272375	0.410708	0.0108212	0.0119358	0.166797	0.166797	0.815768	-0.0376647	0.0125423	0.141022	-0.00376647	-0.0059096	0.288249	0.288249	0.91902	0.2197	0.0212192	0.286632	0.02197	0.0234201	0.200077	0.200077	0.839053	0.109912	0.0165265	0.203003	0.0109912	0.00834235	0.240695	0.240695	0.802507	-0.0256109	0.0128105	0.144935	-0.00256109	-0.00254316	0.116758	0.116758	0.716575	-0.693558	0.00633561	0.0609741	-0.0693558	-0.0353715	0.134976	0.134976	0.75895	-0.883575	0.00798473	0.0802819	-0.0883575	-0.0388773	0.275949	0.275949	0.984556	0.590425	0.0279765	0.427249	0.0590425	0.040326	0	0	0	0	0	0	0	0	0	0	0	0	0	0	0	0	0	0	-0.553041	0.75593	0	-1.38813	-0.915988	0	-0.553041	0.75593	0	-1.38813	-0.915988	0	0	0	0.557913	0	0	2.07579	-0.385608	0.595912	0.0835	-1.08442	-0.606239	0	-0.385608	0.595912	0.0835	-1.08442	-0.606239	0	0	0	0.90444	0	0	1.79234	-0.147995	0.281174	0.0835	-0.465214	-0.16483	0	-0.147995	0.281174	0.0835	-0.465214	-0.16483	0	0	0	0.335372	0	0	2.09557	-0.016941	0.041711	0.09142	0.0198091	0.0213004	0	-0.016941	0.041711	0.09142	0.0198091	0.0213004	0	0	0	0.0225701	0	0	0.433148	-0.38571	0.595809	-0.0835	-1.07855	-0.602791	0	-0.38571	0.595809	-0.0835	-1.07855	-0.602791	0	0	0	0.903576	0	0	1.83769	-0.148011	0.280975	-0.0835	-0.463913	-0.157189	0	-0.148011	0.280975	-0.0835	-0.463913	-0.157189	0	0	0	0.336489	0	0	2.0253	-0.016659	0.0420089	-0.09142	0.00661219	0.0391888	0	-0.016659	0.0420089	-0.09142	0.00661219	0.0391888	0	0	0	0.0296633	0	0	0.6958	-0.808017	1.07091	0	-2.04608	-1.44573	0	-0.808017	1.07091	0	-2.04608	-1.44573	0	0	0	0.525412	0	0	2.08641	2.25325	-0.519241	0.700994	0.0835	-0.00119489	0.00114021	0	-0.00102985	-0.0024094	0	-0.309144	0.541159	0	0	0	0.346528	0	0	-0.283448	1647.47	1199.59	-1129.22	-0	0	0	0	0	2.64958	-0.209442	0.457472	0.0835	-0.00148845	0.00125629	0	-0.000629067	-0.00577411	0	-0.263325	0.366212	0	0	0	-0.569069	0	0	0.30323	1937.25	1490.5	-1237.48	-0	0	0	0	0	1.61517	-0.0684276	0.0525017	0.0835	-0.000507116	0.00107318	0	-0.00109871	-0.00397397	0	0.342197	-0.18617	0	0	0	-0.312801	0	0	-1.66243	1180.94	509.241	-1065.5	-0	0	0	0	0	2.26133	-0.519253	0.701005	-0.0835	-0.0012067	0.00115171	0	-0.000145793	-0.0048542	0	0.162213	-0.0904984	0	0	0	0.345663	0	0	-0.238106	1653.38	1207.36	-1129.58	-0	0	0	0	0	2.62479	-0.209654	0.457204	-0.0835	-0.00147724	0.0012458	0	0.000722349	-0.00549522	0	-0.0286974	0.142804	0	0	0	-0.567086	0	0	0.187618	1919.13	1474.89	-1227.9	-0	0	0	0	0	1.69272	-0.0682209	0.0524342	-0.0835	-0.000541866	0.0011152	0	-0.00185123	-0.00219519	0	0.192532	0.536859	0	0	0	-0.306826	0	0	-1.3295	1237.63	545.446	-1110.96	-0	0	0	0	0	0.131486	-0.621561	0.809114	0	7.79629e-05	-7.48187e-05	0	-0.00118864	0.00167561	0	0.0333364	-0.100513	0	0	0	-0.0324995	0	0	0.0106158	96.1367	-70.9257	64.8985	-0	14.6936	0	0	14.6936	0.266992	0.267103	0.166426	0.166743	0.188067	0.193137	0.194482	0.194333	0.153762	0.155128	0.396796	0.393376	0.0815602	0.0778057	0.144235	0.144165	0.315253	0.312646	0	0	0	0	0	0	0	0	0	0	0	0	0	0	0	0	0	0	0	0	0	0	0	0	0	0	0	0	0	0	0	0	0	0	0	0	0	0	0	0	0	0	0	0	0	0	0	0	0	0	0	0	0	0	529.125	23.2344	18.3833	24.2817	35.3683	7.07556	42.0583	11.7434	29.5814	16.4111	21.3123	19.6394	25.0509	33.756	8.47193	42.7366	11.1889	27.5013	18.7885	0	0	0	0	0	0	0.91902	0.918079	0.815768	0.816368	0.839053	0.844139	0.844718	0.844018	0.802507	0.802947	1.04799	1.04671	0.716575	0.711353	0.75895	0.755054	0.984556	0.995061	-1.0588	-2.94857	-3.46598	-0.570105	0.789469	1.99931e-10	-1.47494	-0.974736	0	-109.929	-72.6484	0	0.00708714	-0.00344668	26.4347	-0.0755644	0.239554	0	-55.2491	175.15	0	15.1538	4.78008	-17.2829	-0.0978218	-0.00270301	-0.0865187	-0.0780162	0.240165	0	-57.0418	175.598	0	-15.2691	-4.96008	-14.7795	-0.0833885	-0.0023964	0.0869552
0.9	0.578956	2.1341	-0.566997	-1.40241	0.746518	-0.963912	0.343819	-0.264981	-0.566325	0.244463	-0.329338	-1.58973	0.343253	-0.26123	-0.565175	0.219235	-0.319489	-1.23439	-1	1	0	0	0	0	1	0	0	0	0	0	0	0	0	0	-0.566997	0.746518	0	0.958393	0	0	0.285452	-1.40241	-0.963912	0	0	0	2.1341	-0.396506	0.589698	0.0835	0.895436	0	0	0.445191	-1.09351	-0.636472	0	0	0	1.86912	-0.152665	0.279519	0.0835	0.98416	0	0	0.177283	-0.468604	-0.167727	0	0	0	2.11358	-0.0167456	0.0419856	0.09142	0.999908	0	0	0.0135558	0.0174964	0.0347123	0	0	0	0.523849	-0.396555	0.589612	-0.0835	0.895562	0	0	0.444938	-1.09327	-0.63532	0	0	0	1.87287	-0.152718	0.27939	-0.0835	0.984108	0	0	0.17757	-0.477078	-0.162788	0	0	0	2.0921	-0.0166094	0.0425114	-0.09142	0.999824	0	0	0.0187717	0.00607256	0.0577185	0	0	0	0.857716	-0.828583	1.05604	0	0.962888	0	0	0.269902	-2.06649	-1.52469	0	0	0	2.14655	0.208938	0.0823773	0.404741	0.115608	0.170202	0.12799	0.300263	0.0979307	0.174344	0.0796399	0.120343	0.0358609	0.18654	0.0327877	0.309755	0.0685952	0.198718	0.0824792	0.384836	0.115697	0.192019	0.127889	0.276376	0.0981326	0.201018	0.0794585	0.126668	0.0361508	0.181945	0.0330175	0.333232	0.0677269	0.224446	0.0641104	0.210128	0.0637806	0.215842	0.215842	0.84403	0.0117577	0.0156939	0.189367	0.00117577	0.00114755	0.413259	0.413259	1.04812	0.0869112	0.0275286	0.417191	0.00869112	0.00958631	0.0979057	0.0979057	0.81574	-0.0637446	0.0119104	0.131954	-0.00637446	-0.0100015	0.307275	0.307275	0.918674	0.123736	0.0220664	0.302956	0.0123736	0.0131903	0.20792	0.20792	0.84467	-0.147528	0.015491	0.186098	-0.0147528	-0.0111974	0.1427	0.1427	0.802013	-0.0643971	0.0130455	0.148393	-0.00643971	-0.00639463	0.125622	0.125622	0.703155	-0.834674	0.00583834	0.0554299	-0.0834674	-0.0425684	0.125676	0.125676	0.745175	-0.933421	0.00738489	0.0730946	-0.0933421	-0.0410705	0.292861	0.292861	1.00432	0.707719	0.026539	0.395338	0.0707719	0.0483372	0.164326	0.164326	0.845074	0.0412197	0.0152997	0.183036	0.00412197	0.00402304	0.377274	0.377274	1.04893	0.0880882	0.0266117	0.396927	0.00880882	0.00971613	0.130209	0.130209	0.815098	-0.12428	0.0127827	0.14453	-0.012428	-0.0194995	0.285166	0.285166	0.920568	0.140358	0.0209246	0.281047	0.0140358	0.0149621	0.245318	0.245318	0.840323	0.151432	0.0163536	0.200144	0.0151432	0.0114937	0.156667	0.156667	0.800187	-0.201469	0.0138187	0.159976	-0.0201469	-0.0200058	0.0340746	0.0340746	0.70884	-0.907375	0.00599686	0.0571833	-0.0907375	-0.0462761	0.144151	0.144151	0.750399	-0.829291	0.00766742	0.0764563	-0.0829291	-0.0364888	0.298044	0.298044	0.991609	0.770179	0.0281452	0.431064	0.0770179	0.0526032	0	0	0	0	0	0	0	0	0	0	0	0	0	0	0	0	0	0	-0.566997	0.746518	0	-1.40241	-0.963912	0	-0.566997	0.746518	0	-1.40241	-0.963912	0	0	0	0.578956	0	0	2.1341	-0.396506	0.589698	0.0835	-1.09351	-0.636472	0	-0.396506	0.589698	0.0835	-1.09351	-0.636472	0	0	0	0.922775	0	0	1.86912	-0.152665	0.279519	0.0835	-0.468604	-0.167727	0	-0.152665	0.279519	0.0835	-0.468604	-0.167727	0	0	0	0.35645	0	0	2.11358	-0.0167456	0.0419856	0.09142	0.0174964	0.0347123	0	-0.0167456	0.0419856	0.09142	0.0174964	0.0347123	0	0	0	0.0271124	0	0	0.523849	-0.396555	0.589612	-0.0835	-1.09327	-0.63532	0	-0.396555	0.589612	-0.0835	-1.09327	-0.63532	0	0	0	0.922209	0	0	1.87287	-0.152718	0.27939	-0.0835	-0.477078	-0.162788	0	-0.152718	0.27939	-0.0835	-0.477078	-0.162788	0	0	0	0.357034	0	0	2.0921	-0.0166094	0.0425114	-0.09142	0.00607256	0.0577185	0	-0.0166094	0.0425114	-0.09142	0.00607256	0.0577185	0	0	0	0.0375457	0	0	0.857716	-0.828583	1.05604	0	-2.06649	-1.52469	0	-0.828583	1.05604	0	-2.06649	-1.52469	0	0	0	0.546582	0	0	2.14655	2.2515	-0.532043	0.692311	0.0835	-0.00121349	0.00112158	0	-0.000968695	-0.00307846	0	0.216929	-0.326109	0	0	0	0.343819	0	0	-0.264981	1646.19	1217.91	-1107.54	-0	0	0	0	0	2.60529	-0.217814	0.454483	0.0835	-0.00149339	0.00120169	0	0.000122368	-0.00574046	0	-0.59731	-0.0167973	0	0	0	-0.566325	0	0	0.244463	1904.87	1493	-1183	-0	0	0	0	0	1.56715	-0.0682807	0.0525424	0.0835	-0.000515282	0.00102985	0	-0.00134004	-0.0039993	0	-0.953661	-0.210449	0	0	0	-0.329337	0	0	-1.58973	1145.82	517.873	-1022.12	-0	0	0	0	0	2.23872	-0.532034	0.692302	-0.0835	-0.00120443	0.00111273	0	-0.00126612	-0.00232625	0	-0.463778	0.151237	0	0	0	0.343253	0	0	-0.26123	1636.85	1210.2	-1102.12	-0	0	0	0	0	2.68564	-0.217969	0.454316	-0.0835	-0.00152236	0.00122237	0	-0.00544798	-0.00129876	0	-0.0434611	-0.449405	0	0	0	-0.565175	0	0	0.219235	1963.62	1540.1	-1218.14	-0	0	0	0	0	1.68697	-0.0682518	0.05253	-0.0835	-0.000566363	0.00109661	0	-0.00235272	-0.0016854	0	-0.688576	-0.517358	0	0	0	-0.319489	0	0	-1.23439	1233.43	570.913	-1093.35	-0	0	0	0	0	0.136229	-0.636628	0.798252	0	7.27177e-05	-6.92904e-05	0	-0.000177383	2.00272e-05	0	0.108998	-0.0901384	0	0	0	-0.0323745	0	0	0.0124519	99.6041	-71.6675	69.1718	-0	14.3681	0	0	14.3681	0.26902	0.268079	0.165768	0.166368	0.189053	0.194139	0.194718	0.194018	0.152754	0.153914	0.397114	0.394769	0.0739129	0.0694219	0.133666	0.132821	0.319755	0.324362	0	0	0	0	0	0	0	0	0	0	0	0	0	0	0	0	0	0	0	0	0	0	0	0	0	0	0	0	0	0	0	0	0	0	0	0	0	0	0	0	0	0	0	0	0	0	0	0	0	0	0	0	0	0	540.64	24.6869	20.777	20.8903	37.4267	12.0283	35.5078	12.0052	26.362	17.9788	20.5801	18.9283	28.7989	33.8694	9.39818	53.0202	11.0472	25.6429	19.149	0	0	0	0	0	0	0.920568	0.918674	0.815098	0.81574	0.840323	0.84467	0.845074	0.84403	0.800187	0.802013	1.04893	1.04812	0.70884	0.703155	0.750399	0.745175	0.991609	1.00432	-1.08847	-2.9834	-3.63267	-0.584933	0.779455	1.99931e-10	-1.49041	-1.0263	0	-111.082	-76.4915	0	0.00505257	0.00374885	27.1995	-0.0905691	0.243544	0	-66.2199	178.068	0	15.3886	5.72272	-18.1702	-0.100986	-0.00283432	-0.08642	-0.0776836	0.228549	0	-56.7986	167.104	0	-14.4747	-4.91993	-15.9348	-0.0944872	-0.00256409	0.0866207
0.91	0.60057	2.18179	-0.581099	-1.41769	0.736634	-1.01139	0.341279	-0.233321	-0.564324	0.151984	-0.343234	-1.22977	0.340463	-0.287281	-0.562726	0.26663	-0.332128	-1.27635	-1	1	0	0	0	0	1	0	0	0	0	0	0	0	0	0	-0.581099	0.736634	0	0.955252	0	0	0.295792	-1.41769	-1.01139	0	0	0	2.18179	-0.407497	0.58318	0.0835	0.891149	0	0	0.45371	-1.10545	-0.664716	0	0	0	1.94847	-0.157421	0.277827	0.0835	0.982237	0	0	0.187643	-0.481555	-0.168916	0	0	0	2.10045	-0.0166539	0.0424781	0.09142	0.999853	0	0	0.0171444	0.00184247	0.0622755	0	0	0	0.870678	-0.407577	0.583069	-0.0835	0.891334	0	0	0.453347	-1.10982	-0.672261	0	0	0	1.89451	-0.157534	0.277666	-0.0835	0.982164	0	0	0.188028	-0.48615	-0.180059	0	0	0	2.16114	-0.0165309	0.0430748	-0.09142	0.999734	0	0	0.0230875	0.00877383	0.0578208	0	0	0	0.88479	-0.84936	1.04039	0	0.959889	0	0	0.28038	-2.0879	-1.60172	0	0	0	2.20851	0.205976	0.0823687	0.408975	0.115694	0.162115	0.127929	0.321808	0.0980193	0.164544	0.079604	0.113905	0.0354227	0.172325	0.0323882	0.306527	0.0691264	0.212978	0.0824638	0.380793	0.115784	0.182482	0.127787	0.280513	0.0982506	0.206246	0.0792968	0.115005	0.035733	0.172828	0.0326576	0.351656	0.0682266	0.22567	0.0640337	0.233093	0.0637891	0.171758	0.171758	0.843941	0.0144333	0.0155423	0.186922	0.00144333	0.00140869	0.439423	0.439423	1.0489	0.0709112	0.0275641	0.417982	0.00709112	0.00782151	0.133302	0.133302	0.815353	-0.0481661	0.0115242	0.126514	-0.00481661	-0.00755726	0.278945	0.278945	0.919506	0.0127466	0.0222484	0.306514	0.00127466	0.00135879	0.14492	0.14492	0.843658	-0.0760908	0.0159419	0.19339	-0.00760908	-0.00577529	0.116937	0.116937	0.801651	0.00931607	0.0128014	0.144802	0.000931607	0.000925085	0.0606136	0.0606136	0.694564	-0.768858	0.00559294	0.0527426	-0.0768858	-0.0392117	0.153854	0.153854	0.736095	-0.842252	0.00702375	0.0688574	-0.0842252	-0.0370591	0.357638	0.357638	1.0121	0.808032	0.0267406	0.399751	0.0808032	0.0551886	0.236354	0.236354	0.844916	-0.155416	0.0150078	0.178402	-0.0155416	-0.0151686	0.37802	0.37802	1.04972	0.0835538	0.026379	0.391854	0.00835538	0.00921598	0.196983	0.196983	0.814446	-0.050357	0.0126099	0.142006	-0.0050357	-0.00790101	0.185058	0.185058	0.921675	0.103353	0.020896	0.280507	0.0103353	0.0110174	0.165101	0.165101	0.840437	-0.0600907	0.0163751	0.200497	-0.00600907	-0.00456089	0.151997	0.151997	0.798557	-0.190147	0.0141191	0.164561	-0.0190147	-0.0188816	0.0714747	0.0714747	0.700647	-0.763227	0.00575607	0.0545254	-0.0763227	-0.0389246	0.125287	0.125287	0.742218	-0.802024	0.0072825	0.0718864	-0.0802024	-0.035289	0.314804	0.314804	0.998926	0.555398	0.0282346	0.433092	0.0555398	0.0379337	0	0	0	0	0	0	0	0	0	0	0	0	0	0	0	0	0	0	-0.581099	0.736634	0	-1.41769	-1.01139	0	-0.581099	0.736634	0	-1.41769	-1.01139	0	0	0	0.60057	0	0	2.18179	-0.407497	0.58318	0.0835	-1.10545	-0.664716	0	-0.407497	0.58318	0.0835	-1.10545	-0.664716	0	0	0	0.941849	0	0	1.94847	-0.157421	0.277827	0.0835	-0.481555	-0.168916	0	-0.157421	0.277827	0.0835	-0.481555	-0.168916	0	0	0	0.377524	0	0	2.10045	-0.0166539	0.0424781	0.09142	0.00184247	0.0622755	0	-0.0166539	0.0424781	0.09142	0.00184247	0.0622755	0	0	0	0.0342904	0	0	0.870678	-0.407577	0.583069	-0.0835	-1.10982	-0.672261	0	-0.407577	0.583069	-0.0835	-1.10982	-0.672261	0	0	0	0.941033	0	0	1.89451	-0.157534	0.277666	-0.0835	-0.48615	-0.180059	0	-0.157534	0.277666	-0.0835	-0.48615	-0.180059	0	0	0	0.378307	0	0	2.16114	-0.0165309	0.0430748	-0.09142	0.00877383	0.0578208	0	-0.0165309	0.0430748	-0.09142	0.00877383	0.0578208	0	0	0	0.0461791	0	0	0.88479	-0.84936	1.04039	0	-2.0879	-1.60172	0	-0.84936	1.04039	0	-2.0879	-1.60172	0	0	0	0.568379	0	0	2.20851	2.23575	-0.544967	0.68319	0.0835	-0.00122213	0.00108948	0	-0.00161183	-0.00267601	0	-0.483027	-0.222038	0	0	0	0.341279	0	0	-0.233321	1634.68	1229.48	-1077.28	-0	0	0	0	0	2.57346	-0.226242	0.45138	0.0835	-0.00149912	0.00115418	0	0.000300109	-0.00484669	0	-2.12155	-1.26447	0	0	0	-0.564324	0	0	0.151984	1881.59	1498.14	-1138.4	-0	0	0	0	0	1.54771	-0.0682635	0.0526648	0.0835	-0.000528216	0.00100434	0	-0.000523782	-0.00212361	0	-3.08151	-2.11213	0	0	0	-0.343234	0	0	-1.22977	1131.61	529.229	-1000.23	-0	0	0	0	0	2.23103	-0.544966	0.683191	-0.0835	-0.00122046	0.00109029	0	-0.000791907	-0.00264853	0	-0.234647	-0.269635	0	0	0	0.340462	0	0	-0.287281	1631.23	1224.08	-1078.21	-0	0	0	0	0	2.69542	-0.226491	0.451165	-0.0835	-0.00155979	0.00119913	0	-0.00345415	-0.00284773	0	-1.28951	-0.502659	0	0	0	-0.562726	0	0	0.26663	1970.77	1571.04	-1189.85	-0	0	0	0	0	1.67595	-0.0682579	0.0526471	-0.0835	-0.000586271	0.00107777	0	-0.00217099	-0.00209258	0	-1.68066	-1.07701	0	0	0	-0.332128	0	0	-1.27635	1225.37	590.469	-1073.72	-0	0	0	0	0	0.137745	-0.651831	0.786846	0	7.4625e-05	-7.34776e-05	0	-0.000556231	0.000402093	0	-0.0488729	0.144449	0	0	0	-0.0321825	0	0	0.026722	100.713	-71.3319	71.0971	-0	12.2135	0	0	12.2135	0.270568	0.268674	0.165098	0.16574	0.190323	0.19467	0.195074	0.19403	0.152507	0.152947	0.397994	0.396713	0.0665751	0.0613532	0.123334	0.12123	0.324928	0.33297	0	0	0	0	0	0	0	0	0	0	0	0	0	0	0	0	0	0	0	0	0	0	0	0	0	0	0	0	0	0	0	0	0	0	0	0	0	0	0	0	0	0	0	0	0	0	0	0	0	0	0	0	0	0	530.156	21.5643	21.7792	21.5198	37.1642	9.20106	26.3719	9.5231	24.3549	20.0005	35.4365	18.8005	28.3556	27.6106	9.49793	52.6084	9.94671	23.2627	20.6153	0	0	0	0	0	0	0.921675	0.919506	0.814446	0.815353	0.840437	0.843658	0.844916	0.843941	0.798557	0.801651	1.04972	1.0489	0.700647	0.694564	0.742218	0.736095	0.998926	1.0121	-1.11849	-3.01854	-3.17644	-0.599926	0.768921	1.99931e-10	-1.50753	-1.07778	0	-112.358	-80.3281	0	-0.00981862	0.00401996	27.9168	-0.103521	0.254976	0	-75.69	186.427	0	16.111	6.54113	-19.0028	-0.100748	-0.00291657	-0.08642	-0.0777899	0.227004	0	-56.8763	165.975	0	-14.3435	-4.91525	-16.9327	-0.10109	-0.00271356	0.08642
0.92	0.622635	2.22852	-0.595371	-1.43674	0.726261	-1.06078	0.339324	-0.156338	-0.56353	0.00666904	-0.353517	-0.822027	0.337572	-0.283778	-0.560136	0.23963	-0.343015	-0.951689	-1	1	0	0	0	0	1	0	0	0	0	0	0	0	0	0	-0.595371	0.726261	0	0.951931	0	0	0.306313	-1.43674	-1.06078	0	0	0	2.22852	-0.418612	0.576403	0.0835	0.886542	0	0	0.462648	-1.11691	-0.689133	0	0	0	2.07218	-0.162287	0.276181	0.0835	0.980222	0	0	0.1979	-0.491584	-0.159206	0	0	0	2.07885	-0.0167235	0.0432947	0.09142	0.999748	0	0	0.0224542	-0.0153757	0.101758	0	0	0	1.25682	-0.418784	0.576164	-0.0835	0.886947	0	0	0.461871	-1.13082	-0.705914	0	0	0	1.94474	-0.1625	0.275808	-0.0835	0.98006	0	0	0.198704	-0.50596	-0.189394	0	0	0	2.18437	-0.0165197	0.0437802	-0.09142	0.999593	0	0	0.0285241	-0.00665754	0.0806972	0	0	0	1.23268	-0.870347	1.02396	0	0.956693	0	0	0.291097	-2.10859	-1.67988	0	0	0	2.26112	0.197956	0.0823928	0.418078	0.115741	0.161235	0.127852	0.31283	0.0980762	0.159614	0.0796237	0.103437	0.035067	0.16526	0.0320361	0.346239	0.0695034	0.213975	0.0822812	0.412391	0.115835	0.186917	0.127646	0.291867	0.09837	0.197106	0.0791669	0.109115	0.0353608	0.160791	0.0323209	0.351892	0.0686377	0.218249	0.0640343	0.217806	0.0637945	0.23358	0.23358	0.844189	0.041036	0.0152432	0.182135	0.0041036	0.00400512	0.480097	0.480097	1.04933	0.037718	0.0276255	0.419356	0.0037718	0.0041603	0.174948	0.174948	0.814863	-0.0526393	0.0114499	0.125475	-0.00526393	-0.0082591	0.216215	0.216215	0.92004	0.0827422	0.0224089	0.309661	0.00827422	0.00882032	0.193455	0.193455	0.843666	0.0360136	0.0162029	0.197661	0.00360136	0.00273343	0.118169	0.118169	0.80185	0.0219827	0.0125675	0.141389	0.00219827	0.00218289	-0.0055872	0.01	0.687588	-0.594772	0.00544745	0.0511643	-0.0594772	-0.0303333	0.0583788	0.0583788	0.728094	-0.710072	0.00702003	0.0688144	-0.0710072	-0.0312432	0.473968	0.473968	1.01762	0.367334	0.0269071	0.403407	0.0367334	0.0250889	0.239977	0.239977	0.843045	-0.120579	0.0152247	0.181841	-0.0120579	-0.0117685	0.356839	0.356839	1.05018	-0.0379559	0.0265674	0.39596	-0.00379559	-0.00418653	0.179292	0.179292	0.813551	-0.0763334	0.0127129	0.143508	-0.00763334	-0.0119767	0.291186	0.291186	0.922795	0.0200737	0.020849	0.279618	0.00200737	0.00213986	0.165816	0.165816	0.840507	0.0769628	0.0163801	0.20058	0.00769628	0.00584147	0.118403	0.118403	0.797249	-0.0935594	0.0141007	0.16428	-0.00935594	-0.00929044	0.0302555	0.0302555	0.693349	-0.687298	0.00557069	0.0524999	-0.0687298	-0.0350522	0.0825128	0.0825128	0.734566	-0.684411	0.00706176	0.0693003	-0.0684411	-0.0301141	0.29065	0.29065	1.00494	0.574893	0.0283477	0.435661	0.0574893	0.0392652	0	0	0	0	0	0	0	0	0	0	0	0	0	0	0	0	0	0	-0.595371	0.726261	0	-1.43674	-1.06078	0	-0.595371	0.726261	0	-1.43674	-1.06078	0	0	0	0.622635	0	0	2.22852	-0.418612	0.576403	0.0835	-1.11691	-0.689133	0	-0.418612	0.576403	0.0835	-1.11691	-0.689133	0	0	0	0.961959	0	0	2.07218	-0.162287	0.276181	0.0835	-0.491584	-0.159206	0	-0.162287	0.276181	0.0835	-0.491584	-0.159206	0	0	0	0.398429	0	0	2.07885	-0.0167235	0.0432947	0.09142	-0.0153757	0.101758	0	-0.0167235	0.0432947	0.09142	-0.0153757	0.101758	0	0	0	0.0449122	0	0	1.25682	-0.418784	0.576164	-0.0835	-1.13082	-0.705914	0	-0.418784	0.576164	-0.0835	-1.13082	-0.705914	0	0	0	0.960206	0	0	1.94474	-0.1625	0.275808	-0.0835	-0.50596	-0.189394	0	-0.1625	0.275808	-0.0835	-0.50596	-0.189394	0	0	0	0.400071	0	0	2.18437	-0.0165197	0.0437802	-0.09142	-0.00665754	0.0806972	0	-0.0165197	0.0437802	-0.09142	-0.00665754	0.0806972	0	0	0	0.057056	0	0	1.23268	-0.870347	1.02396	0	-2.10859	-1.67988	0	-0.870347	1.02396	0	-2.10859	-1.67988	0	0	0	0.590747	0	0	2.26112	2.22921	-0.558066	0.673628	0.0835	-0.00124228	0.00106284	0	-0.00129628	-0.00322765	0	0.0573754	-0.0475273	0	0	0	0.339325	0	0	-0.156338	1629.89	1248.19	-1048.12	-0	0	0	0	0	2.53833	-0.234722	0.448258	0.0835	-0.00150019	0.00110728	0	-0.000229061	-0.00481549	0	-0.431028	-0.102347	0	0	0	-0.56353	0	0	0.00666904	1855.91	1500.94	-1091.59	-0	0	0	0	0	1.55187	-0.0684384	0.0529326	0.0835	-0.000544369	0.000993848	0	-0.00207142	-0.000261337	0	-0.744471	-0.0391192	0	0	0	-0.353516	0	0	-0.822027	1134.66	548.375	-993.342	-0	0	0	0	0	2.25077	-0.558067	0.673634	-0.0835	-0.00124395	0.00106853	0	-0.00328732	-0.00190538	0	-0.0710728	0.0180607	0	0	0	0.337571	0	0	-0.283778	1645.66	1258.94	-1059.85	-0	0	0	0	0	2.71703	-0.235217	0.447765	-0.0835	-0.00159651	0.00117785	0	-0.00275606	-0.00241444	0	-0.166792	-0.165256	0	0	0	-0.560136	0	0	0.23963	1986.57	1605.48	-1169.99	-0	0	0	0	0	1.68229	-0.0683478	0.0527894	-0.0835	-0.000608683	0.00106895	0	-0.00129206	-0.000790119	0	-0.300326	-0.3968	0	0	0	-0.343015	0	0	-0.951689	1230.01	611.181	-1067.42	-0	0	0	0	0	0.13608	-0.667197	0.774902	0	7.35819e-05	-7.0706e-05	0	-0.000144482	0.000474215	0	0.0282242	-0.0150666	0	0	0	-0.0318922	0	0	0.0326078	99.4955	-72.7265	67.8985	-0	11.2514	0	0	11.2514	0.271675	0.269506	0.164446	0.165353	0.190437	0.193658	0.194916	0.193941	0.150187	0.152013	0.398926	0.398119	0.0588397	0.0531547	0.113473	0.110333	0.331418	0.340684	0	0	0	0	0	0	0	0	0	0	0	0	0	0	0	0	0	0	0	0	0	0	0	0	0	0	0	0	0	0	0	0	0	0	0	0	0	0	0	0	0	0	0	0	0	0	0	0	0	0	0	0	0	0	517.031	25.1165	23.4899	24.645	32.1671	8.36781	25.9043	6.85502	18.8312	26.2138	33.8651	20.8574	28.9299	35.6262	7.72149	39.0634	8.17753	18.9795	19.6776	0	0	0	0	0	0	0.922795	0.92004	0.813551	0.814863	0.840507	0.843666	0.843045	0.844189	0.797249	0.80185	1.05018	1.04933	0.693349	0.687588	0.734566	0.728094	1.00494	1.01762	-1.14884	-3.04755	-2.71139	-0.615097	0.757881	1.99931e-10	-1.52613	-1.12767	0	-113.745	-84.0466	0	-0.0247857	0.0142552	28.6726	-0.113307	0.271256	0	-82.8446	198.33	0	17.1397	7.15943	-20.1876	-0.100526	-0.00302124	-0.08642	-0.0810006	0.229558	0	-59.2238	167.842	0	-14.5049	-5.11812	-17.1091	-0.100964	-0.00275326	0.08642
0.93	0.645201	2.2887	-0.609854	-1.45832	0.715385	-1.11118	0.338162	-0.0930035	-0.564236	-0.134352	-0.358974	-0.274421	0.334975	-0.240636	-0.558157	0.156263	-0.352047	-0.876999	-1	1	0	0	0	0	1	0	0	0	0	0	0	0	0	0	-0.609854	0.715385	0	0.948414	0	0	0.317034	-1.45832	-1.11118	0	0	0	2.2887	-0.429864	0.569385	0.0835	0.88154	0	0	0.472109	-1.13294	-0.7131	0	0	0	2.19569	-0.167286	0.274661	0.0835	0.978122	0	0	0.208033	-0.509442	-0.146252	0	0	0	2.06134	-0.0169891	0.0445725	0.09142	0.999548	0	0	0.0300719	-0.0382139	0.151047	0	0	0	1.78692	-0.430186	0.568954	-0.0835	0.882291	0	0	0.470704	-1.14764	-0.73316	0	0	0	2.04806	-0.167614	0.273929	-0.0835	0.97782	0	0	0.209447	-0.51481	-0.184549	0	0	0	2.20433	-0.0166354	0.0446883	-0.09142	0.999388	0	0	0.0349786	-0.0147421	0.100738	0	0	0	1.32733	-0.891547	1.00674	0	0.953304	0	0	0.302013	-2.1302	-1.75892	0	0	0	2.30803	0.230223	0.0822741	0.433725	0.11572	0.174943	0.127738	0.28803	0.0982156	0.15882	0.0796646	0.0920214	0.0348255	0.147474	0.0317938	0.388936	0.0696105	0.2227	0.082103	0.412587	0.115845	0.194475	0.127498	0.291274	0.0984147	0.180625	0.0791272	0.0973302	0.0350631	0.148487	0.0320516	0.340916	0.0690675	0.211063	0.0640913	0.221597	0.0638544	0.164263	0.164263	0.842972	-0.247483	0.0153518	0.18387	-0.0247483	-0.0241543	0.34721	0.34721	1.04914	-0.0203038	0.027666	0.420267	-0.00203038	-0.00223951	0.119489	0.119489	0.814137	-0.0681084	0.0121238	0.134994	-0.00681084	-0.0106862	0.134025	0.134025	0.921347	0.176572	0.0218121	0.298017	0.0176572	0.0188226	0.144569	0.144569	0.844417	0.12556	0.0163268	0.1997	0.012556	0.00952998	0.209246	0.209246	0.802262	0.0272759	0.0125502	0.141136	0.00272759	0.0027085	0.0278714	0.0278714	0.682853	-0.358701	0.00538208	0.0504577	-0.0358701	-0.0182937	0.113508	0.113508	0.722587	-0.362942	0.00723887	0.0713733	-0.0362942	-0.0159695	0.350076	0.350076	1.01919	0.127974	0.0272955	0.411999	0.0127974	0.00874064	0.222285	0.222285	0.841219	-0.161747	0.0154291	0.185106	-0.0161747	-0.0157865	0.407209	0.407209	1.05027	0.0178419	0.0271625	0.409045	0.00178419	0.00196796	0.133107	0.133107	0.812606	-0.121644	0.0128794	0.145946	-0.0121644	-0.019086	0.271843	0.271843	0.923215	0.058873	0.0211381	0.28509	0.0058873	0.00627586	0.239217	0.239217	0.841296	0.0218608	0.0162653	0.198687	0.00218608	0.00165923	0.162007	0.162007	0.79685	0.0178646	0.0137228	0.158524	0.00178646	0.00177396	0.0984508	0.0984508	0.687512	-0.480315	0.00543323	0.0510097	-0.0480315	-0.0244961	0.101504	0.101504	0.728445	-0.546331	0.00687566	0.0671402	-0.0546331	-0.0240386	0.385505	0.385505	1.01124	0.656957	0.0281234	0.430569	0.0656957	0.0448702	0	0	0	0	0	0	0	0	0	0	0	0	0	0	0	0	0	0	-0.609854	0.715385	0	-1.45832	-1.11118	0	-0.609854	0.715385	0	-1.45832	-1.11118	0	0	0	0.645201	0	0	2.2887	-0.429864	0.569385	0.0835	-1.13294	-0.7131	0	-0.429864	0.569385	0.0835	-1.13294	-0.7131	0	0	0	0.983363	0	0	2.19569	-0.167286	0.274661	0.0835	-0.509442	-0.146252	0	-0.167286	0.274661	0.0835	-0.509442	-0.146252	0	0	0	0.419127	0	0	2.06134	-0.0169891	0.0445725	0.09142	-0.0382139	0.151047	0	-0.0169891	0.0445725	0.09142	-0.0382139	0.151047	0	0	0	0.060153	0	0	1.78692	-0.430186	0.568954	-0.0835	-1.14764	-0.73316	0	-0.430186	0.568954	-0.0835	-1.14764	-0.73316	0	0	0	0.980176	0	0	2.04806	-0.167614	0.273929	-0.0835	-0.51481	-0.184549	0	-0.167614	0.273929	-0.0835	-0.51481	-0.184549	0	0	0	0.422019	0	0	2.20433	-0.0166354	0.0446883	-0.09142	-0.0147421	0.100738	0	-0.0166354	0.0446883	-0.09142	-0.0147421	0.100738	0	0	0	0.0699715	0	0	1.32733	-0.891547	1.00674	0	-2.1302	-1.75892	0	-0.891547	1.00674	0	-2.1302	-1.75892	0	0	0	0.613607	0	0	2.30803	2.22618	-0.571366	0.663603	0.0835	-0.00126219	0.00103068	0	-0.00237107	-0.00359201	0	-0.0614767	0.0997181	0	0	0	0.338161	0	0	-0.0930035	1627.68	1273	-1014.31	-0	0	0	0	0	2.54449	-0.243266	0.445202	0.0835	-0.00151688	0.00107211	0	-0.00306547	-0.00281593	0	-0.298523	0.499213	0	0	0	-0.564236	0	0	-0.134352	1860.41	1526.86	-1062.94	-0	0	0	0	0	1.58217	-0.0688448	0.0534211	0.0835	-0.000573337	0.0010007	0	-0.00269846	0.000534512	0	0.262936	-0.167844	0	0	0	-0.358975	0	0	-0.274421	1156.81	578.555	-1001.74	-0	0	0	0	0	2.28038	-0.571387	0.663623	-0.0835	-0.00128353	0.00105107	0	-0.00408888	-0.00214541	0	-0.0680299	0.0378819	0	0	0	0.334975	0	0	-0.240636	1667.31	1302.17	-1041.29	-0	0	0	0	0	2.70113	-0.244087	0.444249	-0.0835	-0.00161546	0.00114876	0	-0.000361979	-0.00441155	0	0.8274	0.13296	0	0	0	-0.558158	0	0	0.156263	1974.94	1616.64	-1134.4	-0	0	0	0	0	1.66107	-0.0685755	0.0530274	-0.0835	-0.000617862	0.00105172	0	-0.00025907	-0.00332948	0	0.796338	0.575323	0	0	0	-0.352047	0	0	-0.876999	1214.49	618.363	-1045.29	-0	0	0	0	0	0.132361	-0.682757	0.762393	0	7.6592e-05	-6.74129e-05	0	-0.00017035	0.00117815	0	-0.00977349	-0.0069685	0	0	0	-0.0315918	0	0	0.019335	96.7759	-75.5834	60.4378	-0	13.0405	0	0	13.0405	0.272795	0.27004	0.163551	0.164863	0.190507	0.193666	0.193045	0.194189	0.148557	0.151651	0.39972	0.398904	0.0506472	0.0445637	0.104605	0.099972	0.337852	0.350091	0	0	0	0	0	0	0	0	0	0	0	0	0	0	0	0	0	0	0	0	0	0	0	0	0	0	0	0	0	0	0	0	0	0	0	0	0	0	0	0	0	0	0	0	0	0	0	0	0	0	0	0	0	0	512.999	37.6723	20.581	22.9508	25.3807	7.12022	35.6996	5.0641	14.1888	23.003	35.8328	20.7861	29.0788	34.1897	9.55181	32.7922	7.56145	16.4843	22.5184	0	0	0	0	0	0	0.923215	0.921347	0.812606	0.814137	0.841296	0.844417	0.841219	0.842972	0.79685	0.802262	1.05027	1.04914	0.687512	0.682853	0.728445	0.722587	1.01124	1.01919	-1.17946	-3.07369	-2.72747	-0.630461	0.746346	1.99931e-10	-1.54541	-1.17628	0	-115.181	-87.6699	0	-0.0331851	0.0104004	29.5098	-0.11128	0.27803	0	-81.363	203.282	0	17.5676	7.03139	-20.6581	-0.100379	-0.00310886	-0.08642	-0.0872217	0.228028	0	-63.7724	166.724	0	-14.4083	-5.51121	-17.0037	-0.100934	-0.00275517	0.08642
0.94	0.668506	2.36777	-0.624545	-1.47808	0.704033	-1.15628	0.337036	-0.157178	-0.56533	-0.0249178	-0.361386	-0.33949	0.332681	-0.221032	-0.557031	0.0702024	-0.359654	-0.589482	-1	1	0	0	0	0	1	0	0	0	0	0	0	0	0	0	-0.624545	0.704034	0	0.944656	0	0	0.328064	-1.47808	-1.15628	0	0	0	2.36777	-0.441293	0.562101	0.0835	0.876251	0	0	0.481855	-1.15426	-0.744562	0	0	0	2.2106	-0.172484	0.273212	0.0835	0.975874	0	0	0.218333	-0.528309	-0.148954	0	0	0	2.18568	-0.0173958	0.0462232	0.09142	0.999223	0	0	0.0394027	-0.0352489	0.170903	0	0	0	1.84619	-0.441736	0.561505	-0.0835	0.877298	0	0	0.479946	-1.16175	-0.754735	0	0	0	2.14674	-0.172817	0.272144	-0.0835	0.975442	0	0	0.220257	-0.527468	-0.172369	0	0	0	2.21694	-0.0168434	0.0458916	-0.09142	0.999108	0	0	0.0422385	-0.029065	0.14171	0	0	0	1.62746	-0.912967	0.988734	0	0.949709	0	0	0.313135	-2.15303	-1.83909	0	0	0	2.3686	0.225227	0.082088	0.41995	0.115701	0.168995	0.12771	0.305747	0.0983667	0.211926	0.0794887	0.0824549	0.0346954	0.138026	0.0316804	0.371207	0.0697197	0.219806	0.0819658	0.452487	0.115843	0.196145	0.127369	0.300513	0.0984745	0.17469	0.0791363	0.0923597	0.0348222	0.142641	0.0318267	0.35759	0.0694123	0.198987	0.0642252	0.22516	0.0638495	0.158531	0.158531	0.841066	-0.180298	0.0154527	0.185484	-0.0180298	-0.017597	0.386347	0.386347	1.04897	-0.038584	0.0268854	0.402932	-0.0038584	-0.00425581	0.202246	0.202246	0.813961	-0.0195229	0.012004	0.133284	-0.00195229	-0.00306314	0.277264	0.277264	0.922765	-0.0270894	0.0211601	0.285509	-0.00270894	-0.00288772	0.166164	0.166164	0.846182	0.212989	0.0160843	0.195716	0.0212989	0.0161659	0.0928082	0.0928082	0.800491	-0.29779	0.0138902	0.161066	-0.029779	-0.0295706	0.0609018	0.0609018	0.680302	-0.172863	0.00525635	0.0491074	-0.0172863	-0.00881599	0.110501	0.110501	0.720009	-0.150723	0.007377	0.0730016	-0.0150723	-0.00663182	0.31965	0.31965	1.02079	0.221535	0.0272066	0.410025	0.0221535	0.0151308	0.203696	0.203696	0.839813	-0.110442	0.0155448	0.186964	-0.0110442	-0.0107792	0.403617	0.403617	1.05025	-0.086298	0.0277591	0.422353	-0.0086298	-0.00951867	0.153188	0.153188	0.811784	-0.10116	0.0130455	0.148395	-0.010116	-0.015872	0.168884	0.168884	0.923776	0.0197195	0.0212919	0.288019	0.00197195	0.0021021	0.188368	0.188368	0.841232	0.0255604	0.016482	0.202266	0.00255604	0.00194003	0.106465	0.106465	0.796942	0.0196486	0.0133866	0.153466	0.00196486	0.0019511	0.0376836	0.0376836	0.682788	-0.387065	0.00532961	0.049893	-0.0387065	-0.0197403	0.110739	0.110739	0.723333	-0.469042	0.0067578	0.0657824	-0.0469042	-0.0206378	0.364552	0.364552	1.01629	0.455685	0.0280374	0.428625	0.0455685	0.0311233	0	0	0	0	0	0	0	0	0	0	0	0	0	0	0	0	0	0	-0.624545	0.704034	0	-1.47808	-1.15628	0	-0.624545	0.704034	0	-1.47808	-1.15628	0	0	0	0.668506	0	0	2.36777	-0.441293	0.562101	0.0835	-1.15426	-0.744562	0	-0.441293	0.562101	0.0835	-1.15426	-0.744562	0	0	0	1.00554	0	0	2.2106	-0.172484	0.273212	0.0835	-0.528309	-0.148954	0	-0.172484	0.273212	0.0835	-0.528309	-0.148954	0	0	0	0.440212	0	0	2.18568	-0.0173958	0.0462232	0.09142	-0.0352489	0.170903	0	-0.0173958	0.0462232	0.09142	-0.0352489	0.170903	0	0	0	0.0788257	0	0	1.84619	-0.441736	0.561505	-0.0835	-1.16175	-0.754735	0	-0.441736	0.561505	-0.0835	-1.16175	-0.754735	0	0	0	1.00119	0	0	2.14674	-0.172817	0.272144	-0.0835	-0.527468	-0.172369	0	-0.172817	0.272144	-0.0835	-0.527468	-0.172369	0	0	0	0.444156	0	0	2.21694	-0.0168434	0.0458916	-0.09142	-0.029065	0.14171	0	-0.0168434	0.0458916	-0.09142	-0.029065	0.14171	0	0	0	0.0845022	0	0	1.62746	-0.912967	0.988734	0	-2.15303	-1.83909	0	-0.912967	0.988734	0	-2.15303	-1.83909	0	0	0	0.636985	0	0	2.3686	2.20384	-0.58485	0.653158	0.0835	-0.0012745	0.000996262	0	-0.000287771	-0.00263548	0	-0.279955	0.393121	0	0	0	0.337036	0	0	-0.157178	1611.34	1275.81	-984.246	-0	0	0	0	0	2.66307	-0.252043	0.442112	0.0835	-0.0015958	0.00106406	0	-0.010811	-0.000165671	0	-0.96881	-0.555526	0	0	0	-0.565331	0	0	-0.0249178	1947.11	1631	-1063.52	-0	0	0	0	0	1.5865	-0.0694077	0.054102	0.0835	-0.000601351	0.000994265	0	-0.00256238	-0.00277308	0	-1.00729	-1.14791	0	0	0	-0.361386	0	0	-0.33949	1159.97	606.306	-988.903	-0	0	0	0	0	2.29055	-0.584895	0.653187	-0.0835	-0.00131905	0.00102505	0	-0.0033102	-0.00278771	0	-0.204376	0.104798	0	0	0	0.33268	0	0	-0.221032	1674.75	1334.14	-1012.34	-0	0	0	0	0	2.67997	-0.253041	0.440729	-0.0835	-0.00162244	0.00110656	0	-0.00110817	-0.00404799	0	-0.390791	-0.0111534	0	0	0	-0.557031	0	0	0.0702024	1959.47	1626.05	-1093.38	-0	0	0	0	0	1.63911	-0.0688992	0.053475	-0.0835	-0.000627458	0.00102454	0	-0.000986606	-0.00241071	0	-0.140963	-0.108775	0	0	0	-0.359654	0	0	-0.589482	1198.44	629.366	-1019.88	-0	0	0	0	0	0.135006	-0.698523	0.749332	0	7.99298e-05	-6.45816e-05	0	-0.000494242	0.000476956	0	-0.110205	0.00537443	0	0	0	-0.0315313	0	0	0.000828505	98.7097	-77.0037	61.7579	-0	15.6426	0	0	15.6426	0.273215	0.271347	0.162606	0.164137	0.191296	0.194417	0.191219	0.192972	0.147249	0.15185	0.400181	0.399325	0.0433491	0.0375883	0.0962747	0.090523	0.345567	0.358085	0	0	0	0	0	0	0	0	0	0	0	0	0	0	0	0	0	0	0	0	0	0	0	0	0	0	0	0	0	0	0	0	0	0	0	0	0	0	0	0	0	0	0	0	0	0	0	0	0	0	0	0	0	0	524.05	32.9999	22.1302	25.7319	38.0913	7.26488	57.0634	4.0463	10.0726	21.096	31.3022	26.1006	29.4583	28.367	8.42152	26.507	5.42432	15.1395	22.2902	0	0	0	0	0	0	0.923776	0.922765	0.811784	0.813961	0.841232	0.846182	0.839813	0.841066	0.796942	0.800491	1.05025	1.04897	0.682788	0.680302	0.723333	0.720009	1.01629	1.02079	-1.21035	-3.10508	-3.51556	-0.646017	0.734327	1.99931e-10	-1.5652	-1.22536	0	-116.657	-91.3277	0	-0.0184857	0.00485536	30.3745	-0.112947	0.272059	0	-82.5814	198.917	0	17.1904	7.13668	-20.2034	-0.100274	-0.00311446	-0.08642	-0.0973326	0.217448	0	-71.165	158.988	0	-13.7397	-6.15008	-16.2429	-0.100951	-0.00271177	0.08642
0.95	0.692583	2.44359	-0.639422	-1.49692	0.692254	-1.19783	0.334683	-0.303631	-0.564378	0.180054	-0.365152	-0.315699	0.330565	-0.20355	-0.556801	-0.0114431	-0.364024	-0.348073	-1	1	0	0	0	0	1	0	0	0	0	0	0	0	0	0	-0.639422	0.692254	0	0.940638	0	0	0.339412	-1.49692	-1.19783	0	0	0	2.44359	-0.453015	0.554448	0.0835	0.870965	0	0	0.491344	-1.18767	-0.785322	0	0	0	2.13996	-0.177876	0.271562	0.0835	0.973336	0	0	0.229383	-0.551157	-0.182068	0	0	0	2.32002	-0.0177067	0.047936	0.09142	0.998806	0	0	0.0488481	-0.0340086	0.172017	0	0	0	2.00432	-0.453424	0.553861	-0.0835	0.871975	0	0	0.48955	-1.17515	-0.773858	0	0	0	2.24004	-0.178164	0.270489	-0.0835	0.972938	0	0	0.231066	-0.540465	-0.159474	0	0	0	2.2286	-0.0172241	0.0475172	-0.09142	0.998691	0	0	0.0511393	-0.0443128	0.179672	0	0	0	1.88053	-0.934615	0.969926	0	0.94587	0	0	0.324546	-2.17583	-1.91899	0	0	0	2.44391	0.212797	0.0819608	0.408877	0.115678	0.18413	0.12755	0.295163	0.0983933	0.19193	0.0793639	0.0795514	0.0346027	0.132918	0.0316126	0.382988	0.0698732	0.218126	0.0818651	0.468959	0.115787	0.190278	0.127276	0.285619	0.0985698	0.165765	0.0791819	0.0881943	0.0346617	0.139769	0.0316527	0.371345	0.0696771	0.194045	0.0643768	0.212106	0.0639109	0.184532	0.184532	0.839762	-0.0839478	0.0153183	0.183335	-0.00839478	-0.00819331	0.463223	0.463223	1.04876	0.0214937	0.0270346	0.406219	0.00214937	0.00237075	0.142479	0.142479	0.812937	-0.0897235	0.0124973	0.14037	-0.00897235	-0.0140776	0.353475	0.353475	0.923014	0.083447	0.0215313	0.292604	0.0083447	0.00889545	0.137166	0.137167	0.848179	0.186174	0.0156796	0.189136	0.0186174	0.0141306	0.17161	0.17161	0.799233	-0.0211281	0.0142061	0.1659	-0.00211281	-0.00209802	0.0529696	0.0529696	0.678485	-0.168839	0.00507114	0.0471316	-0.0168839	-0.00861079	0.106846	0.106846	0.718469	-0.150289	0.00711488	0.0699207	-0.0150289	-0.00661272	0.319274	0.319274	1.02303	0.15419	0.027243	0.410832	0.015419	0.0105312	0.224574	0.224574	0.838782	-0.100736	0.0154966	0.186188	-0.0100736	-0.00983186	0.348283	0.348283	1.04975	-0.0727356	0.0285727	0.440801	-0.00727356	-0.00802273	0.162862	0.162862	0.811191	-0.0425218	0.0130046	0.147789	-0.00425218	-0.00667167	0.26139	0.26139	0.92467	0.105233	0.0212069	0.286398	0.0105233	0.0112178	0.28226	0.28226	0.842041	0.171895	0.0166022	0.204261	0.0171895	0.0130469	0.143977	0.143977	0.797401	0.0565939	0.013043	0.148358	0.00565939	0.00561978	0.0114397	0.0114397	0.679642	-0.277324	0.00531984	0.0497879	-0.0277324	-0.0141435	0.0323998	0.0323998	0.719379	-0.329854	0.00694246	0.067913	-0.0329854	-0.0145136	0.393129	0.393129	1.02016	0.291123	0.0277265	0.421622	0.0291123	0.0198837	0	0	0	0	0	0	0	0	0	0	0	0	0	0	0	0	0	0	-0.639422	0.692254	0	-1.49692	-1.19783	0	-0.639422	0.692254	0	-1.49692	-1.19783	0	0	0	0.692583	0	0	2.44359	-0.453015	0.554448	0.0835	-1.18767	-0.785322	0	-0.453015	0.554448	0.0835	-1.18767	-0.785322	0	0	0	1.02727	0	0	2.13996	-0.177876	0.271562	0.0835	-0.551157	-0.182068	0	-0.177876	0.271562	0.0835	-0.551157	-0.182068	0	0	0	0.462887	0	0	2.32002	-0.0177067	0.047936	0.09142	-0.0340086	0.172017	0	-0.0177067	0.047936	0.09142	-0.0340086	0.172017	0	0	0	0.0977351	0	0	2.00432	-0.453424	0.553861	-0.0835	-1.17515	-0.773858	0	-0.453424	0.553861	-0.0835	-1.17515	-0.773858	0	0	0	1.02315	0	0	2.24004	-0.178164	0.270489	-0.0835	-0.540465	-0.159474	0	-0.178164	0.270489	-0.0835	-0.540465	-0.159474	0	0	0	0.466347	0	0	2.2286	-0.0172241	0.0475172	-0.09142	-0.0443128	0.179672	0	-0.0172241	0.0475172	-0.09142	-0.0443128	0.179672	0	0	0	0.102323	0	0	1.88053	-0.934615	0.969926	0	-2.17583	-1.91899	0	-0.934615	0.969926	0	-2.17583	-1.91899	0	0	0	0.661063	0	0	2.44391	2.23764	-0.598516	0.642366	0.0835	-0.00130063	0.000982195	0	-0.00319481	-0.0019933	0	0.262976	-0.295395	0	0	0	0.334683	0	0	-0.303631	1636.06	1315.2	-973.107	-0	0	0	0	0	2.67711	-0.261244	0.438615	0.0835	-0.00165969	0.00104487	0	-0.0011723	-0.00409496	0	0.877205	-0.11543	0	0	0	-0.564378	0	0	0.180054	1957.38	1663.51	-1031.53	-0	0	0	0	0	1.56849	-0.0698583	0.05483	0.0835	-0.000623643	0.000965059	0	-0.00172932	-0.00249334	0	0.113007	0.693247	0	0	0	-0.365151	0	0	-0.315699	1146.81	626.987	-960.237	-0	0	0	0	0	2.27693	-0.598562	0.642377	-0.0835	-0.00134671	0.000993043	0	-0.000821114	-0.00427783	0	0.245994	-0.0991569	0	0	0	0.330565	0	0	-0.20355	1664.78	1350.45	-973.539	-0	0	0	0	0	2.65763	-0.26211	0.437253	-0.0835	-0.00163329	0.00106585	0	-0.000555992	-0.00490773	0	-0.125194	-0.0424902	0	0	0	-0.556801	0	0	-0.0114431	1943.13	1635.1	-1049.87	-0	0	0	0	0	1.6185	-0.0694067	0.0541719	-0.0835	-0.000636339	0.00100225	0	-0.000679992	-0.00278036	0	-0.17652	-0.132408	0	0	0	-0.364024	0	0	-0.348073	1183.37	637.654	-996.876	-0	0	0	0	0	0.138508	-0.714469	0.735756	0	8.08835e-05	-6.47604e-05	0	-0.000159621	0.000436902	0	-0.133595	0.138709	0	0	0	-0.0315162	0	0	0.000314474	101.271	-79.9385	62.1738	-0	15.7151	0	0	15.7151	0.273776	0.272765	0.161784	0.163961	0.191232	0.196182	0.189813	0.191066	0.14685	0.152262	0.400269	0.399142	0.037512	0.0328527	0.0882472	0.0819369	0.351914	0.365383	0	0	0	0	0	0	0	0	0	0	0	0	0	0	0	0	0	0	0	0	0	0	0	0	0	0	0	0	0	0	0	0	0	0	0	0	0	0	0	0	0	0	0	0	0	0	0	0	0	0	0	0	0	0	502.703	27.8066	22.6012	26.6815	40.7091	6.54467	37.2708	3.74226	9.64428	21.5197	31.9814	24.4376	25.9859	33.0195	10.4438	29.1077	4.06233	10.7272	23.8746	0	0	0	0	0	0	0.92467	0.923014	0.811191	0.812937	0.842041	0.848179	0.838782	0.839762	0.797401	0.799233	1.04975	1.04876	0.679642	0.678485	0.719379	0.718469	1.02016	1.02303	-1.24159	-3.14036	-3.44702	-0.661779	0.721809	1.99931e-10	-1.58651	-1.27645	0	-118.245	-95.1358	0	0.0167726	-0.0118506	31.1493	-0.106335	0.255778	0	-77.747	187.013	0	16.1616	6.71889	-18.9841	-0.100247	-0.00304329	-0.08642	-0.113714	0.212894	0	-83.1426	155.658	0	-13.452	-7.18519	-15.9159	-0.100837	-0.00264335	0.08642
0.96	0.717324	2.49878	-0.65449	-1.51616	0.680037	-1.24398	0.331203	-0.371684	-0.562105	0.255868	-0.367167	-0.133522	0.328636	-0.188224	-0.557077	-0.0271592	-0.366257	-0.0910199	-1	1	0	0	0	0	1	0	0	0	0	0	0	0	0	0	-0.65449	0.680037	0	0.936367	0	0	0.351021	-1.51616	-1.24398	0	0	0	2.49878	-0.465028	0.546379	0.0835	0.865693	0	0	0.500576	-1.21361	-0.825068	0	0	0	2.12709	-0.183542	0.269598	0.0835	0.97057	0	0	0.24082	-0.579281	-0.205311	0	0	0	2.38296	-0.0181577	0.0496974	0.09142	0.998223	0	0	0.0595919	-0.0546645	0.181604	0	0	0	2.24944	-0.465272	0.545997	-0.0835	0.866335	0	0	0.499464	-1.19488	-0.799431	0	0	0	2.31055	-0.183659	0.268945	-0.0835	0.970273	0	0	0.242014	-0.560016	-0.151754	0	0	0	2.28339	-0.0177371	0.0495226	-0.09142	0.998121	0	0	0.0612741	-0.0581932	0.220389	0	0	0	2.19237	-0.956488	0.950309	0	0.94177	0	0	0.336259	-2.19698	-2.00103	0	0	0	2.51518	0.217116	0.0818687	0.428595	0.115681	0.174166	0.127433	0.308489	0.0984219	0.181398	0.0793422	0.0754106	0.0345505	0.127925	0.0315586	0.397006	0.0699786	0.210039	0.0817725	0.441268	0.115784	0.187329	0.12722	0.27601	0.0986974	0.178065	0.079197	0.0811695	0.0345801	0.129113	0.0315696	0.372826	0.0698454	0.196273	0.0645196	0.240264	0.0638997	0.209216	0.209216	0.838819	-0.146066	0.0151963	0.18139	-0.0146066	-0.014256	0.403252	0.403252	1.04878	0.0301299	0.0280065	0.427927	0.00301299	0.00332333	0.195254	0.195254	0.812195	-0.0670541	0.0120565	0.134032	-0.00670541	-0.0105208	0.298851	0.298851	0.923283	0.085765	0.02224	0.306348	0.0085765	0.00914255	0.233991	0.233991	0.85006	0.11814	0.0154937	0.186141	0.011814	0.00896684	0.142614	0.142614	0.799015	0.00419532	0.0137286	0.158612	0.000419532	0.000416595	0.0283637	0.0283637	0.677461	-0.023074	0.00513944	0.047858	-0.0023074	-0.00117678	0.0536947	0.0536947	0.717242	-0.0794075	0.00704965	0.06916	-0.00794075	-0.00349393	0.319294	0.319294	1.02458	0.073525	0.0271626	0.409048	0.0073525	0.00502175	0.153009	0.153009	0.837833	-0.0252003	0.0154623	0.185637	-0.00252003	-0.00245955	0.325936	0.325936	1.04972	0.0353835	0.0286226	0.441942	0.00353835	0.0039028	0.124509	0.124509	0.810836	-0.038128	0.0128635	0.145713	-0.0038128	-0.00598228	0.294723	0.294723	0.925866	0.144313	0.0209749	0.281996	0.0144313	0.0153837	0.172864	0.172864	0.841893	-0.0160387	0.0170306	0.211435	-0.00160387	-0.00121734	0.170279	0.170279	0.797553	-0.0849067	0.0130972	0.149158	-0.00849067	-0.00843124	0.0558341	0.0558341	0.678042	-0.0880539	0.0053414	0.05002	-0.00880539	-0.00449075	0.083404	0.083404	0.71749	-0.098938	0.00705814	0.0692586	-0.0098938	-0.00435327	0.384984	0.384984	1.02263	0.245927	0.0274756	0.41601	0.0245927	0.0167968	0	0	0	0	0	0	0	0	0	0	0	0	0	0	0	0	0	0	-0.65449	0.680037	0	-1.51616	-1.24398	0	-0.65449	0.680037	0	-1.51616	-1.24398	0	0	0	0.717324	0	0	2.49878	-0.465028	0.546379	0.0835	-1.21361	-0.825068	0	-0.465028	0.546379	0.0835	-1.21361	-0.825068	0	0	0	1.04853	0	0	2.12709	-0.183542	0.269598	0.0835	-0.579281	-0.205311	0	-0.183542	0.269598	0.0835	-0.579281	-0.205311	0	0	0	0.486422	0	0	2.38296	-0.0181577	0.0496974	0.09142	-0.0546645	0.181604	0	-0.0181577	0.0496974	0.09142	-0.0546645	0.181604	0	0	0	0.119255	0	0	2.24944	-0.465272	0.545997	-0.0835	-1.19488	-0.799431	0	-0.465272	0.545997	-0.0835	-1.19488	-0.799431	0	0	0	1.04596	0	0	2.31055	-0.183659	0.268945	-0.0835	-0.560016	-0.151754	0	-0.183659	0.268945	-0.0835	-0.560016	-0.151754	0	0	0	0.488882	0	0	2.28339	-0.0177371	0.0495226	-0.09142	-0.0581932	0.220389	0	-0.0177371	0.0495226	-0.09142	-0.0581932	0.220389	0	0	0	0.122625	0	0	2.19237	-0.956488	0.950309	0	-2.19698	-2.00103	0	-0.956488	0.950309	0	-2.19698	-2.00103	0	0	0	0.685883	0	0	2.51518	2.23944	-0.612366	0.631184	0.0835	-0.00132787	0.000957251	0	-0.00230086	-0.00306404	0	0.150113	-0.288559	0	0	0	0.331202	0	0	-0.371684	1637.37	1338.36	-943.281	-0	0	0	0	0	2.63758	-0.270817	0.434643	0.0835	-0.0016607	0.00100291	0	0.00122875	-0.00485548	0	-0.224197	-0.292871	0	0	0	-0.562105	0	0	0.255868	1928.48	1656.7	-987.097	-0	0	0	0	0	1.56278	-0.0704455	0.0554676	0.0835	-0.000638366	0.00094986	0	-0.000891022	-0.0017279	0	-0.688662	-0.454254	0	0	0	-0.367167	0	0	-0.133522	1142.63	640.089	-946.518	-0	0	0	0	0	2.24926	-0.612391	0.631179	-0.0835	-0.00135303	0.00095287	0	4.29153e-06	-0.00395286	0	0.0637109	-0.103237	0	0	0	0.328635	0	0	-0.188224	1644.56	1353.01	-934.847	-0	0	0	0	0	2.65513	-0.271341	0.433774	-0.0835	-0.00165045	0.00101972	0	-0.0031637	-0.004437	0	-1.56812	-0.399178	0	0	0	-0.557077	0	0	-0.0271592	1941.31	1660.75	-1005.27	-0	0	0	0	0	1.591	-0.0700441	0.0551165	-0.0835	-0.000648499	0.000971198	0	-0.000912674	-0.00344162	0	-1.35799	-1.08645	0	0	0	-0.366257	0	0	-0.0910199	1163.27	650.263	-964.543	-0	0	0	0	0	0.11031	-0.730599	0.721675	0	7.40588e-05	-5.6833e-05	0	-0.00157714	0.00147069	0	0.0887696	-0.0423069	0	0	0	-0.0314405	0	0	0.0163984	80.6535	-64.7215	48.126	-0	13.3935	0	0	13.3935	0.27467	0.273014	0.161191	0.162937	0.192041	0.198179	0.188782	0.189762	0.146942	0.150491	0.400253	0.398965	0.0327877	0.030302	0.0813325	0.0749197	0.357985	0.368667	0	0	0	0	0	0	0	0	0	0	0	0	0	0	0	0	0	0	0	0	0	0	0	0	0	0	0	0	0	0	0	0	0	0	0	0	0	0	0	0	0	0	0	0	0	0	0	0	0	0	0	0	0	0	486.527	33.3504	21.2333	28.255	37.5882	8.79941	30.8948	2.18827	6.66511	22.0723	22.1458	19.227	22.7466	34.6479	8.87696	40.55	3.31217	7.87924	23.5515	0	0	0	0	0	0	0.925866	0.923283	0.810836	0.812195	0.841893	0.85006	0.837833	0.838819	0.797553	0.799015	1.04972	1.04878	0.678042	0.677461	0.71749	0.717242	1.02263	1.02458	-1.27317	-3.17018	-2.44618	-0.677757	0.708768	1.99931e-10	-1.60792	-1.32951	0	-119.84	-99.0902	0	0.0409238	-0.0201128	31.9111	-0.105507	0.229747	0	-77.1416	167.98	0	14.5169	6.66658	-17.0646	-0.100264	-0.00288093	-0.08642	-0.109691	0.217341	0	-80.2008	158.91	0	-13.733	-6.93095	-16.2261	-0.100769	-0.00265431	0.08642
0.97	0.742602	2.55211	-0.669763	-1.53749	0.667342	-1.29244	0.327414	-0.380688	-0.559446	0.276518	-0.367591	0.0270703	0.326513	-0.23999	-0.556778	0.0901771	-0.366726	-0.0153632	-1	1	0	0	0	0	1	0	0	0	0	0	0	0	0	0	-0.669763	0.667342	0	0.931856	0	0	0.362828	-1.53749	-1.29244	0	0	0	2.55211	-0.477298	0.537954	0.0835	0.860264	0	0	0.509848	-1.23889	-0.857618	0	0	0	2.17143	-0.189465	0.267516	0.0835	0.967591	0	0	0.252521	-0.60384	-0.208925	0	0	0	2.44794	-0.0188112	0.0516477	0.09142	0.997446	0	0	0.0714287	-0.0740301	0.209315	0	0	0	2.47501	-0.477368	0.537808	-0.0835	0.860494	0	0	0.50946	-1.22326	-0.83798	0	0	0	2.31212	-0.189372	0.26737	-0.0835	0.967368	0	0	0.253376	-0.581594	-0.165969	0	0	0	2.4023	-0.0183426	0.051854	-0.09142	0.997351	0	0	0.0727415	-0.0624632	0.240874	0	0	0	2.38694	-0.978555	0.92985	0	0.937407	0	0	0.348237	-2.21488	-2.08592	0	0	0	2.57933	0.222919	0.0817221	0.41145	0.115767	0.177595	0.127248	0.300737	0.0985457	0.176183	0.0793226	0.0697509	0.0345862	0.124183	0.0315512	0.388792	0.0700473	0.201478	0.0817665	0.424599	0.115844	0.176951	0.127192	0.282562	0.0987987	0.176218	0.0791556	0.0757134	0.0345701	0.11663	0.0315692	0.379846	0.0699785	0.213482	0.064522	0.228097	0.0639396	0.234474	0.234474	0.837317	-0.185476	0.0152584	0.182378	-0.0185476	-0.0181025	0.384802	0.384802	1.04956	0.137073	0.0283212	0.435062	0.0137073	0.0151191	0.159812	0.159812	0.811012	-0.0795044	0.0121674	0.135618	-0.00795044	-0.0124742	0.270554	0.270554	0.924444	0.157675	0.022389	0.309272	0.0157675	0.0168081	0.215868	0.215868	0.850093	-0.0084757	0.0157533	0.190327	-0.00084757	-0.000643306	0.171251	0.171251	0.798818	-0.0494483	0.0131723	0.150272	-0.00494483	-0.00491021	0.0112773	0.0112773	0.678162	0.154456	0.00520992	0.0486098	0.0154456	0.00787726	0.10769	0.10769	0.717072	-0.0141001	0.0070417	0.0690669	-0.00141001	-0.000620404	0.317765	0.317765	1.02558	0.0952102	0.0269884	0.405199	0.00952102	0.00650286	0.168111	0.168111	0.837771	0.00396705	0.0151439	0.180556	0.000396705	0.000387184	0.475141	0.475141	1.05026	0.0540166	0.028095	0.429927	0.00540166	0.00595803	0.227733	0.227733	0.810655	-0.0190774	0.0123898	0.138815	-0.00190774	-0.00299324	0.217327	0.217327	0.926817	0.0941887	0.0209793	0.282081	0.00941887	0.0100405	0.281224	0.281224	0.842419	0.118583	0.0172294	0.214797	0.0118583	0.00900043	0.170847	0.170847	0.797136	-0.0154396	0.0133055	0.152255	-0.00154396	-0.00153315	0.028075	0.028075	0.677845	0.0777782	0.00540189	0.0506711	0.00777782	0.00396669	0.0753198	0.0753198	0.717481	0.128068	0.00707019	0.0693989	0.0128068	0.00563501	0.408477	0.408477	1.02458	0.154054	0.0270894	0.407428	0.0154054	0.0105219	0	0	0	0	0	0	0	0	0	0	0	0	0	0	0	0	0	0	-0.669763	0.667342	0	-1.53749	-1.29244	0	-0.669763	0.667342	0	-1.53749	-1.29244	0	0	0	0.742602	0	0	2.55211	-0.477298	0.537954	0.0835	-1.23889	-0.857618	0	-0.477298	0.537954	0.0835	-1.23889	-0.857618	0	0	0	1.07002	0	0	2.17143	-0.189465	0.267516	0.0835	-0.60384	-0.208925	0	-0.189465	0.267516	0.0835	-0.60384	-0.208925	0	0	0	0.51057	0	0	2.44794	-0.0188112	0.0516477	0.09142	-0.0740301	0.209315	0	-0.0188112	0.0516477	0.09142	-0.0740301	0.209315	0	0	0	0.142979	0	0	2.47501	-0.477368	0.537808	-0.0835	-1.22326	-0.83798	0	-0.477368	0.537808	-0.0835	-1.22326	-0.83798	0	0	0	1.06912	0	0	2.31212	-0.189372	0.26737	-0.0835	-0.581594	-0.165969	0	-0.189372	0.26737	-0.0835	-0.581594	-0.165969	0	0	0	0.512337	0	0	2.4023	-0.0183426	0.051854	-0.09142	-0.0624632	0.240874	0	-0.0183426	0.051854	-0.09142	-0.0624632	0.240874	0	0	0	0.145612	0	0	2.38694	-0.978555	0.92985	0	-2.21488	-2.08592	0	-0.978555	0.92985	0	-2.21488	-2.08592	0	0	0	0.711379	0	0	2.57933	2.25262	-0.626423	0.619573	0.0835	-0.0013572	0.000927538	0	-0.00290275	-0.00306964	0	0.234089	-0.0879984	0	0	0	0.327413	0	0	-0.380688	1647.01	1370.43	-913.542	-0	0	0	0	0	2.59702	-0.280701	0.430406	0.0835	-0.00165224	0.000956416	0	0.000693798	-0.00512913	0	-0.0842524	-0.0169064	0	0	0	-0.559447	0	0	0.276518	1898.82	1649.98	-939.714	-0	0	0	0	0	1.54876	-0.0712212	0.0561759	0.0835	-0.000650346	0.000930488	0	-0.00102451	-0.00252292	0	0.0418135	0.243939	0	0	0	-0.367591	0	0	0.0270703	1132.38	652.327	-925.609	-0	0	0	0	0	2.21577	-0.62642	0.619561	-0.0835	-0.00135353	0.000916004	0	0.000926852	-0.00424266	0	0.107702	-0.0779428	0	0	0	0.326513	0	0	-0.23999	1620.07	1349.31	-896.66	-0	0	0	0	0	2.64343	-0.280896	0.430098	-0.0835	-0.00167912	0.000973582	0	-0.000540614	-0.00600615	0	0.240056	-0.0113387	0	0	0	-0.556778	0	0	0.0901771	1932.75	1680.88	-954.024	-0	0	0	0	0	1.55646	-0.0707644	0.0562441	-0.0835	-0.000661373	0.000934303	0	-0.000781931	-0.00480522	0	0.289422	-0.400077	0	0	0	-0.366725	0	0	-0.0153632	1138.01	662.885	-925.011	-0	0	0	0	0	0.0988635	-0.74691	0.707048	0	6.55651e-05	-4.91738e-05	0	-0.00124919	0.00105786	0	0.0209697	-0.0195951	0	0	0	-0.0312198	0	0	0.0272119	72.2843	-58.1694	42.9109	-0	11.7774	0	0	11.7774	0.275866	0.273283	0.160836	0.162195	0.191893	0.20006	0.187833	0.188819	0.147401	0.149233	0.399748	0.398759	0.0296421	0.0284847	0.0758003	0.0710223	0.363988	0.369879	0	0	0	0	0	0	0	0	0	0	0	0	0	0	0	0	0	0	0	0	0	0	0	0	0	0	0	0	0	0	0	0	0	0	0	0	0	0	0	0	0	0	0	0	0	0	0	0	0	0	0	0	0	0	489.166	37.9086	20.0381	26.5766	34.9118	8.99237	37.5041	1.61522	7.00128	21.6399	20.9069	23.5097	28.4814	29.8726	10.8441	34.557	2.02885	5.51257	24.7227	0	0	0	0	0	0	0.926817	0.924444	0.810655	0.811012	0.842419	0.850093	0.837771	0.837317	0.797136	0.798818	1.05026	1.04956	0.677845	0.678162	0.717481	0.717072	1.02458	1.02558	-1.30499	-3.19175	-1.84433	-0.693948	0.69518	1.99931e-10	-1.6289	-1.38511	0	-121.404	-103.234	0	0.0321569	-0.0203433	32.6591	-0.108275	0.201963	0	-79.1658	147.666	0	12.7613	6.84151	-15.0166	-0.100267	-0.00266027	-0.08642	-0.103928	0.214051	0	-75.9871	156.504	0	-13.5251	-6.56681	-15.9784	-0.100806	-0.00265551	0.08642
0.98	0.768472	2.62025	-0.685244	-1.55752	0.654154	-1.34235	0.32349	-0.410319	-0.556461	0.326515	-0.367094	0.0657508	0.323537	-0.358185	-0.554993	0.261909	-0.36553	0.258541	-1	1	0	0	0	0	1	0	0	0	0	0	0	0	0	0	-0.685244	0.654154	0	0.927085	0	0	0.374851	-1.55752	-1.34235	0	0	0	2.62025	-0.489804	0.529198	0.0835	0.854618	0	0	0.519257	-1.26211	-0.891923	0	0	0	2.20994	-0.195605	0.265412	0.0835	0.964368	0	0	0.264563	-0.623245	-0.212828	0	0	0	2.53645	-0.0196088	0.0538788	0.09142	0.996457	0	0	0.0841043	-0.0842451	0.234633	0	0	0	2.6022	-0.489784	0.529189	-0.0835	0.854606	0	0	0.519277	-1.25807	-0.884453	0	0	0	2.26207	-0.195367	0.265574	-0.0835	0.964168	0	0	0.265293	-0.616962	-0.194654	0	0	0	2.52398	-0.019054	0.054382	-0.09142	0.996326	0	0	0.0856379	-0.081252	0.262194	0	0	0	2.78252	-1.00079	0.908535	0	0.932779	0	0	0.360449	-2.23023	-2.17331	0	0	0	2.64254	0.220321	0.0815408	0.410207	0.11591	0.186606	0.127063	0.305926	0.0987068	0.169799	0.0792592	0.0627808	0.0347167	0.117372	0.0315689	0.374398	0.0701284	0.198064	0.081769	0.438866	0.11587	0.199018	0.126991	0.269919	0.0989471	0.172412	0.0791339	0.0676486	0.0346677	0.112576	0.0316375	0.379996	0.0700516	0.209706	0.0645314	0.246588	0.0639378	0.210864	0.210864	0.835459	-0.125268	0.0154314	0.185142	-0.0125268	-0.0122262	0.470612	0.470612	1.05086	0.11702	0.0280777	0.429536	0.011702	0.0129074	0.143635	0.143635	0.809836	-0.165147	0.0122405	0.136666	-0.0165147	-0.0259116	0.252507	0.252507	0.925955	0.11303	0.0223438	0.308382	0.011303	0.012049	0.201302	0.201302	0.850216	0.0603512	0.0159577	0.193649	0.00603512	0.00458066	0.165985	0.165985	0.798179	-0.050049	0.0127922	0.144666	-0.0050049	-0.00496987	0.0339472	0.0339472	0.68072	0.334259	0.00516889	0.0481719	0.0334259	0.0170472	0.0572364	0.0572364	0.717475	0.125701	0.0071015	0.0697648	0.0125701	0.00553084	0.432192	0.432192	1.02677	0.132846	0.0266395	0.397537	0.0132846	0.0090734	0.176334	0.176334	0.837798	-0.0200943	0.0148228	0.175485	-0.00200943	-0.00196121	0.379932	0.379932	1.0505	0.0482701	0.028664	0.44289	0.00482701	0.00532419	0.118956	0.118956	0.809377	-0.0967192	0.0131713	0.150258	-0.00967192	-0.0151752	0.297092	0.297092	0.92821	0.171687	0.0208393	0.279436	0.0171687	0.0183018	0.189227	0.189227	0.842395	0.00783022	0.0175207	0.219762	0.000783022	0.000594314	0.144543	0.144543	0.796917	-0.0316514	0.0130077	0.147835	-0.00316514	-0.00314298	0.0347749	0.0347749	0.679759	0.339358	0.00549278	0.0516547	0.0339358	0.0173073	0.0511173	0.0511173	0.719033	0.181325	0.00703107	0.0689434	0.0181325	0.00797831	0.375574	0.375574	1.02565	0.108725	0.0266936	0.398719	0.0108725	0.00742595	0	0	0	0	0	0	0	0	0	0	0	0	0	0	0	0	0	0	-0.685244	0.654154	0	-1.55752	-1.34235	0	-0.685244	0.654154	0	-1.55752	-1.34235	0	0	0	0.768472	0	0	2.62025	-0.489804	0.529198	0.0835	-1.26211	-0.891923	0	-0.489804	0.529198	0.0835	-1.26211	-0.891923	0	0	0	1.09196	0	0	2.20994	-0.195605	0.265412	0.0835	-0.623245	-0.212828	0	-0.195605	0.265412	0.0835	-0.623245	-0.212828	0	0	0	0.535502	0	0	2.53645	-0.0196088	0.0538788	0.09142	-0.0842451	0.234633	0	-0.0196088	0.0538788	0.09142	-0.0842451	0.234633	0	0	0	0.168408	0	0	2.6022	-0.489784	0.529189	-0.0835	-1.25807	-0.884453	0	-0.489784	0.529189	-0.0835	-1.25807	-0.884453	0	0	0	1.09201	0	0	2.26207	-0.195367	0.265574	-0.0835	-0.616962	-0.194654	0	-0.195367	0.265574	-0.0835	-0.616962	-0.194654	0	0	0	0.537016	0	0	2.52398	-0.019054	0.054382	-0.09142	-0.081252	0.262194	0	-0.019054	0.054382	-0.09142	-0.081252	0.262194	0	0	0	0.171486	0	0	2.78252	-1.00079	0.908535	0	-2.23023	-2.17331	0	-1.00079	0.908535	0	-2.23023	-2.17331	0	0	0	0.737498	0	0	2.64254	2.25246	-0.640684	0.607524	0.0835	-0.00138253	0.000894547	0	-0.00221908	-0.0033915	0	-0.214684	0.171675	0	0	0	0.32349	0	0	-0.410319	1646.89	1392.65	-879.083	-0	0	0	0	0	2.55938	-0.290873	0.425977	0.0835	-0.00165194	0.000907123	0	0.00148809	-0.00582117	0	0.0363507	-0.221846	0	0	0	-0.556461	0	0	0.326515	1871.3	1647.1	-888.168	-0	0	0	0	0	1.52037	-0.072117	0.057073	0.0835	-0.000660896	0.000901639	0	-4.14476e-05	-0.00407432	0	-0.311657	-0.457623	0	0	0	-0.367094	0	0	0.0657508	1111.62	660.976	-893.761	-0	0	0	0	0	2.22062	-0.640668	0.607509	-0.0835	-0.0013659	0.0008789	0	-0.00224626	-0.00379527	0	0.261846	-0.159181	0	0	0	0.323537	0	0	-0.358185	1623.61	1376.14	-861.596	-0	0	0	0	0	2.61076	-0.290878	0.425994	-0.0835	-0.00168198	0.000923097	0	0.000690579	-0.00501171	0	-0.016614	-0.13591	0	0	0	-0.554993	0	0	0.261909	1908.86	1679.73	-906.777	-0	0	0	0	0	1.52153	-0.0715718	0.0574145	-0.0835	-0.000670612	0.000893712	0	-0.000372835	-0.00343329	0	-0.204694	-0.0670842	0	0	0	-0.36553	0	0	0.258541	1112.47	671.333	-887.073	-0	0	0	0	0	0.0802431	-0.763402	0.69186	0	5.64009e-05	-3.96669e-05	0	-0.00123167	0.00127792	0	0.0503883	-0.0507903	0	0	0	-0.0309744	0	0	0.0222888	58.67	-49.1089	32.1011	-0	12.3715	0	0	12.3715	0.276817	0.274444	0.160655	0.161012	0.192419	0.200093	0.187771	0.187317	0.147553	0.149015	0.39972	0.398784	0.0280419	0.0274614	0.0711781	0.069246	0.368437	0.371996	0	0	0	0	0	0	0	0	0	0	0	0	0	0	0	0	0	0	0	0	0	0	0	0	0	0	0	0	0	0	0	0	0	0	0	0	0	0	0	0	0	0	0	0	0	0	0	0	0	0	0	0	0	0	486.195	32.5795	22.8521	31.1126	34.1238	8.36032	36.0314	1.85248	5.03439	25.3969	22.3113	20.7819	27.1256	34.3735	9.03024	32.5944	1.97247	4.71335	23.4062	0	0	0	0	0	0	0.92821	0.925955	0.809377	0.809836	0.842395	0.850216	0.837798	0.835459	0.796917	0.798179	1.0505	1.05086	0.679759	0.68072	0.719033	0.717475	1.02565	1.02677	-1.33701	-3.20817	-1.50422	-0.710346	0.681023	1.99931e-10	-1.64956	-1.44406	0	-122.944	-107.628	0	0.0145777	-0.00542513	33.3471	-0.108256	0.18126	0	-79.152	132.529	0	11.4531	6.84032	-13.4797	-0.100248	-0.00245142	-0.08642	-0.100113	0.199553	0	-73.1978	145.904	0	-12.609	-6.32575	-14.9092	-0.100892	-0.00257802	0.08642
0.99	0.794955	2.67555	-0.700924	-1.57688	0.64046	-1.39536	0.319248	-0.437459	-0.552898	0.373788	-0.365167	0.35107	0.319404	-0.47013	-0.551444	0.461078	-0.362789	0.27215	-1	1	0	0	0	0	1	0	0	0	0	0	0	0	0	0	-0.700924	0.64046	0	0.92204	0	0	0.387094	-1.57688	-1.39536	0	0	0	2.67555	-0.50256	0.520079	0.0835	0.848791	0	0	0.528728	-1.28725	-0.931474	0	0	0	2.23809	-0.201977	0.263241	0.0835	0.960875	0	0	0.276983	-0.650899	-0.222257	0	0	0	2.61188	-0.0205621	0.0564008	0.09142	0.995195	0	0	0.097912	-0.108412	0.269197	0	0	0	2.96295	-0.502522	0.520083	-0.0835	0.84875	0	0	0.528794	-1.28996	-0.935362	0	0	0	2.20542	-0.2017	0.26345	-0.0835	0.960652	0	0	0.277756	-0.649395	-0.227553	0	0	0	2.6665	-0.0199518	0.0570165	-0.09142	0.994998	0	0	0.0998959	-0.0963764	0.268107	0	0	0	2.93865	-1.02316	0.886338	0	0.927873	0	0	0.372895	-2.24319	-2.26311	0	0	0	2.70528	0.216841	0.0814305	0.424734	0.115998	0.189389	0.126855	0.29783	0.0988696	0.167394	0.0791766	0.0706297	0.0348664	0.112022	0.0316505	0.390625	0.070159	0.200752	0.0817302	0.429167	0.115977	0.213046	0.126803	0.292714	0.0990534	0.183877	0.0790368	0.0612942	0.0348898	0.102061	0.0317627	0.399729	0.0700912	0.203117	0.0645958	0.236303	0.0639846	0.220829	0.220829	0.834329	-0.0961798	0.0153936	0.184537	-0.00961798	-0.00938715	0.384562	0.384562	1.05166	0.109637	0.0286755	0.443153	0.0109637	0.012093	0.223898	0.223898	0.808508	-0.151422	0.0124204	0.139257	-0.0151422	-0.0237581	0.284037	0.284037	0.927482	0.17395	0.0223739	0.308976	0.017395	0.018543	0.151393	0.151393	0.851064	0.131445	0.0159833	0.194065	0.0131445	0.00997665	0.198332	0.198332	0.797347	-0.104057	0.012403	0.139004	-0.0104057	-0.0103329	0.0394622	0.0394622	0.683655	0.133695	0.00530324	0.0496099	0.0133695	0.00681847	0.0413828	0.0413828	0.719329	0.223138	0.00711181	0.0698845	0.0223138	0.00981806	0.301954	0.301954	1.02722	0.018388	0.0262936	0.39	0.0018388	0.0012559	0.141455	0.141455	0.8374	-0.0888931	0.0146103	0.17216	-0.00888931	-0.00867597	0.405114	0.405114	1.05147	0.130937	0.0290841	0.45257	0.0130937	0.0144424	0.135064	0.135064	0.808176	-0.212096	0.013284	0.151933	-0.0212096	-0.0332779	0.238521	0.238521	0.929206	0.0623801	0.0212877	0.287941	0.00623801	0.00664972	0.209458	0.209458	0.843011	0.105917	0.017619	0.221448	0.0105917	0.00803912	0.146891	0.146891	0.79594	-0.223584	0.0127537	0.144104	-0.0223584	-0.0222019	0.052978	0.052978	0.684113	0.556667	0.0055453	0.0522252	0.0556667	0.02839	0.0516938	0.0516938	0.721879	0.376865	0.0069747	0.0682879	0.0376865	0.0165821	0.340092	0.340092	1.02622	-0.0308877	0.0261951	0.387867	-0.00308877	-0.00210963	0	0	0	0	0	0	0	0	0	0	0	0	0	0	0	0	0	0	-0.700924	0.64046	0	-1.57688	-1.39536	0	-0.700924	0.64046	0	-1.57688	-1.39536	0	0	0	0.794955	0	0	2.67555	-0.50256	0.520079	0.0835	-1.28725	-0.931474	0	-0.50256	0.520079	0.0835	-1.28725	-0.931474	0	0	0	1.1142	0	0	2.23809	-0.201977	0.263241	0.0835	-0.650899	-0.222257	0	-0.201977	0.263241	0.0835	-0.650899	-0.222257	0	0	0	0.561305	0	0	2.61188	-0.0205621	0.0564008	0.09142	-0.108412	0.269197	0	-0.0205621	0.0564008	0.09142	-0.108412	0.269197	0	0	0	0.196138	0	0	2.96295	-0.502522	0.520083	-0.0835	-1.28996	-0.935362	0	-0.502522	0.520083	-0.0835	-1.28996	-0.935362	0	0	0	1.11436	0	0	2.20542	-0.2017	0.26345	-0.0835	-0.649395	-0.227553	0	-0.2017	0.26345	-0.0835	-0.649395	-0.227553	0	0	0	0.562915	0	0	2.6665	-0.0199518	0.0570165	-0.09142	-0.0963764	0.268107	0	-0.0199518	0.0570165	-0.09142	-0.0963764	0.268107	0	0	0	0.200126	0	0	2.93865	-1.02316	0.886338	0	-2.24319	-2.26311	0	-1.02316	0.886338	0	-2.24319	-2.26311	0	0	0	0.764255	0	0	2.70528	2.25307	-0.655145	0.595031	0.0835	-0.00140572	0.000861585	0	-0.00197387	-0.00386167	0	-0.0221862	-0.154624	0	0	0	0.319249	0	0	-0.437459	1647.34	1414.72	-843.978	-0	0	0	0	0	2.52609	-0.301356	0.421294	0.0835	-0.00164503	0.000857234	0	0.000529289	-0.00434253	0	-0.501099	-0.378253	0	0	0	-0.552898	0	0	0.373788	1846.96	1643.31	-843.093	-0	0	0	0	0	1.48987	-0.0731387	0.0581378	0.0835	-0.000667632	0.000864804	0	-0.00062418	-0.00258255	0	-0.914156	-0.68073	0	0	0	-0.365167	0	0	0.35107	1089.32	668.839	-859.81	-0	0	0	0	0	2.21347	-0.655119	0.595011	-0.0835	-0.00138006	0.000841588	0	-0.0021857	-0.00278986	0	-0.648813	0.327934	0	0	0	0.319403	0	0	-0.47013	1618.39	1390.02	-828.868	-0	0	0	0	0	2.57077	-0.301333	0.421343	-0.0835	-0.00167441	0.000870287	0	-0.000134468	-0.00526312	0	-0.838621	0.00929117	0	0	0	-0.551444	0	0	0.461078	1879.63	1674.85	-853.149	-0	0	0	0	0	1.47642	-0.0725349	0.0585439	-0.0835	-0.000673056	0.000853598	0	-0.000127047	-0.00507578	0	-0.703214	-0.43925	0	0	0	-0.362789	0	0	0.27215	1079.49	673.301	-843.783	-0	0	0	0	0	0.0540645	-0.780064	0.676091	0	4.66555e-05	-3.03388e-05	0	-0.00211489	0.00175726	0	-0.0157492	-0.00249815	0	0	0	-0.0306961	0	0	0.0297301	39.5294	-34.1346	19.9351	-0	11.2309	0	0	11.2309	0.27821	0.275955	0.159377	0.159836	0.192395	0.200216	0.187798	0.185459	0.147136	0.148818	0.40026	0.399561	0.0278449	0.0281617	0.068148	0.0677647	0.371448	0.373911	0	0	0	0	0	0	0	0	0	0	0	0	0	0	0	0	0	0	0	0	0	0	0	0	0	0	0	0	0	0	0	0	0	0	0	0	0	0	0	0	0	0	0	0	0	0	0	0	0	0	0	0	0	0	519.553	31.2226	20.422	36.913	35.7037	7.08719	43.4789	2.13188	4.44492	21.1168	24.216	21.2427	36.8239	32.1468	9.22536	49.7522	2.18089	4.38105	24.5204	0	0	0	0	0	0	0.929206	0.927482	0.808176	0.808508	0.843011	0.851064	0.8374	0.834329	0.79594	0.797347	1.05147	1.05166	0.684113	0.683655	0.721879	0.719329	1.02622	1.02722	-1.36916	-3.21965	-0.70917	-0.726945	0.666261	1.99931e-10	-1.66934	-1.50641	0	-124.419	-112.275	0	-0.00478343	0.000266322	33.9944	-0.0995177	0.164821	0	-72.7627	120.509	0	10.4144	6.28815	-12.2506	-0.100273	-0.00229073	-0.08642	-0.0950783	0.181354	0	-69.5168	132.598	0	-11.4591	-6.00764	-13.5631	-0.101009	-0.00243831	0.08642
1	0.82205	2.73614	-0.716793	-1.59648	0.626232	-1.44811	0.314443	-0.52819	-0.548298	0.565866	-0.361927	0.265532	0.313961	-0.600127	-0.545699	0.658666	-0.35869	0.49647	-1	1	0	0	0	0	1	0	0	0	0	0	0	0	0	0	-0.716793	0.626232	0	0.916712	0	0	0.399549	-1.59648	-1.44811	0	0	0	2.73614	-0.515583	0.510535	0.0835	0.842846	0	0	0.538155	-1.31806	-0.97749	0	0	0	2.20795	-0.20863	0.260933	0.0835	0.957064	0	0	0.289876	-0.677531	-0.242298	0	0	0	2.77382	-0.0217038	0.0591982	0.09142	0.993607	0	0	0.112892	-0.116343	0.288075	0	0	0	3.03935	-0.515598	0.510446	-0.0835	0.842976	0	0	0.537952	-1.32149	-0.989879	0	0	0	2.13601	-0.208379	0.260972	-0.0835	0.956757	0	0	0.290889	-0.683552	-0.266745	0	0	0	2.79468	-0.021028	0.0597888	-0.09142	0.993301	0	0	0.115552	-0.118964	0.280497	0	0	0	3.29115	-1.04564	0.863223	0	0.92268	0	0	0.385565	-2.25269	-2.35571	0	0	0	2.76942	0.213078	0.0813267	0.416039	0.116147	0.204349	0.126568	0.324553	0.0990157	0.17894	0.0789613	0.0677305	0.0350008	0.113663	0.0317697	0.390514	0.0701706	0.193474	0.0816682	0.426907	0.116149	0.202184	0.126572	0.28021	0.0991996	0.179765	0.0788305	0.0570907	0.0351936	0.0939122	0.0319493	0.387068	0.0700768	0.193188	0.0647206	0.239646	0.0640556	0.201448	0.201448	0.833265	-0.082447	0.0152541	0.18231	-0.0082447	-0.00804682	0.44127	0.44127	1.05301	0.158572	0.0287365	0.444554	0.0158572	0.0174904	0.217033	0.217033	0.80668	-0.150611	0.0131353	0.149724	-0.0150611	-0.0236309	0.201641	0.201641	0.928853	0.0343485	0.0226572	0.314563	0.00343485	0.00366155	0.200367	0.200367	0.852709	0.188428	0.0156966	0.189411	0.0188428	0.0143017	0.182892	0.182892	0.795179	-0.213898	0.0125237	0.140752	-0.0213898	-0.0212401	0.0322404	0.0322404	0.686291	0.353605	0.00562783	0.0531233	0.0353605	0.0180339	0.0695793	0.0695793	0.722039	0.180083	0.0071486	0.0703152	0.0180083	0.00792365	0.433354	0.433354	1.02739	-0.0299249	0.0257932	0.379209	-0.00299249	-0.00204387	0.146265	0.146265	0.836764	-0.0600412	0.0143474	0.168077	-0.00600412	-0.00586002	0.381165	0.381165	1.05303	0.179389	0.0294284	0.460571	0.0179389	0.0197866	0.150642	0.150642	0.806706	-0.142495	0.013068	0.148726	-0.0142495	-0.0223575	0.23791	0.23791	0.930578	0.21213	0.021691	0.295679	0.021213	0.0226131	0.182059	0.182059	0.843948	0.0484168	0.0174518	0.218586	0.00484168	0.00367483	0.122021	0.122021	0.793862	-0.225751	0.0124951	0.140339	-0.0225751	-0.022417	0.0359298	0.0359298	0.69007	0.720515	0.00561803	0.0530166	0.0720515	0.0367463	0.0842324	0.0842324	0.726121	0.493364	0.0068299	0.0666116	0.0493364	0.021708	0.434336	0.434336	1.02601	-0.0256681	0.0256774	0.376729	-0.00256681	-0.00175313	0	0	0	0	0	0	0	0	0	0	0	0	0	0	0	0	0	0	-0.716793	0.626232	0	-1.59648	-1.44811	0	-0.716793	0.626232	0	-1.59648	-1.44811	0	0	0	0.82205	0	0	2.73614	-0.515583	0.510535	0.0835	-1.31806	-0.97749	0	-0.515583	0.510535	0.0835	-1.31806	-0.97749	0	0	0	1.13649	0	0	2.20795	-0.20863	0.260933	0.0835	-0.677531	-0.242298	0	-0.20863	0.260933	0.0835	-0.677531	-0.242298	0	0	0	0.588195	0	0	2.77382	-0.0217038	0.0591982	0.09142	-0.116343	0.288075	0	-0.0217038	0.0591982	0.09142	-0.116343	0.288075	0	0	0	0.226267	0	0	3.03935	-0.515598	0.510446	-0.0835	-1.32149	-0.989879	0	-0.515598	0.510446	-0.0835	-1.32149	-0.989879	0	0	0	1.13601	0	0	2.13601	-0.208379	0.260972	-0.0835	-0.683552	-0.266745	0	-0.208379	0.260972	-0.0835	-0.683552	-0.266745	0	0	0	0.590311	0	0	2.79468	-0.021028	0.0597888	-0.09142	-0.118964	0.280497	0	-0.021028	0.0597888	-0.09142	-0.118964	0.280497	0	0	0	0.231622	0	0	3.29115	-1.04564	0.863223	0	-2.25269	-2.35571	0	-1.04564	0.863223	0	-2.25269	-2.35571	0	0	0	0.791641	0	0	2.76942	2.2666	-0.6698	0.582067	0.0835	-0.00142848	0.000830173	0	-0.00263822	-0.00237453	0	-0.123398	0.116621	0	0	0	0.314442	0	0	-0.52819	1657.23	1440.51	-819.347	-0	0	0	0	0	2.52112	-0.312222	0.416257	0.0835	-0.00165856	0.000818253	0	-0.000273824	-0.00482637	0	0.488355	-0.321323	0	0	0	-0.548298	0	0	0.565866	1843.32	1659.45	-802.536	-0	0	0	0	0	1.45713	-0.0743089	0.0593506	0.0835	-0.000676334	0.000829697	0	-0.000728473	-0.00396982	0	-0.116606	0.228965	0	0	0	-0.361927	0	0	0.265532	1065.39	677.743	-822.02	-0	0	0	0	0	2.22155	-0.669781	0.582052	-0.0835	-0.00140926	0.000815421	0	-0.00107634	-0.00359595	0	0.348717	-0.0948238	0	0	0	0.313962	0	0	-0.600127	1624.29	1414.17	-799.026	-0	0	0	0	0	2.53954	-0.3123	0.416076	-0.0835	-0.00167513	0.000825346	0	0.0011332	-0.00511694	0	0.257703	0.196265	0	0	0	-0.5457	0	0	0.658666	1856.79	1671.44	-808.683	-0	0	0	0	0	1.44066	-0.0736331	0.0596595	-0.0835	-0.000679612	0.000813425	0	0.000136785	-0.00436068	0	0.461841	0.142328	0	0	0	-0.358689	0	0	0.49647	1053.34	679.348	-804.992	-0	0	0	0	0	0.0522144	-0.796879	0.659712	0	3.79682e-05	-2.34246e-05	0	-0.000932932	0.000558257	0	-0.0754144	0.0506625	0	0	0	-0.0303995	0	0	0.0332832	38.1767	-32.4448	20.1195	-0	10.6367	0	0	10.6367	0.279206	0.277482	0.158176	0.158508	0.193011	0.201064	0.1874	0.184329	0.146917	0.148179	0.400502	0.40086	0.029759	0.0307197	0.0672035	0.067073	0.373718	0.375046	0	0	0	0	0	0	0	0	0	0	0	0	0	0	0	0	0	0	0	0	0	0	0	0	0	0	0	0	0	0	0	0	0	0	0	0	0	0	0	0	0	0	0	0	0	0	0	0	0	0	0	0	0	0	523.814	28.7172	21.9746	38.2016	32.462	7.91615	51.8607	1.94244	5.26873	27.6479	22.2605	20.3504	32.3094	31.0989	8.68829	46.4033	1.78018	5.03476	27.3543	0	0	0	0	0	0	0.930578	0.928853	0.806706	0.80668	0.843948	0.852709	0.836764	0.833265	0.793862	0.795179	1.05303	1.05301	0.69007	0.686291	0.726121	0.722039	1.02601	1.02739	-1.4014	-3.2257	-0.437726	-0.743737	0.650856	1.99931e-10	-1.68812	-1.57225	0	-125.818	-117.182	0	-0.0180559	0.00482371	34.5924	-0.0998025	0.154043	0	-72.9709	112.629	0	9.7334	6.30615	-11.4561	-0.100315	-0.00216138	-0.08642	-0.0866229	0.156183	0	-63.3346	114.194	0	-9.86864	-5.47337	-11.6954	-0.101172	-0.00224423	0.08642
1.01	0.849634	2.77755	-0.732861	-1.61623	0.611452	-1.50636	0.308698	-0.614154	-0.541605	0.749215	-0.358756	0.461285	0.307545	-0.672827	-0.538287	0.808178	-0.35359	0.545371	-1	1	0	0	0	0	1	0	0	0	0	0	0	0	0	0	-0.732861	0.611452	0	0.911114	0	0	0.412154	-1.61623	-1.50636	0	0	0	2.77755	-0.528927	0.500465	0.0835	0.83692	0	0	0.547326	-1.34855	-1.03521	0	0	0	2.16339	-0.215554	0.258336	0.0835	0.952832	0	0	0.303499	-0.708241	-0.27729	0	0	0	2.91261	-0.0229431	0.0621668	0.09142	0.991693	0	0	0.128628	-0.136331	0.306541	0	0	0	3.37389	-0.528962	0.500255	-0.0835	0.837235	0	0	0.546844	-1.34998	-1.04579	0	0	0	2.10472	-0.215362	0.258123	-0.0835	0.952502	0	0	0.304531	-0.711749	-0.300393	0	0	0	2.9129	-0.0223273	0.0626246	-0.09142	0.991215	0	0	0.132262	-0.14115	0.288761	0	0	0	3.45827	-1.06821	0.839181	0	0.917192	0	0	0.398447	-2.2604	-2.44913	0	0	0	2.82685	0.205963	0.0812549	0.437856	0.116306	0.204123	0.126306	0.306178	0.0991681	0.180103	0.0787143	0.0640865	0.035233	0.10486	0.0318857	0.422039	0.0700966	0.186915	0.081632	0.419084	0.116399	0.193492	0.12635	0.273598	0.0994668	0.168573	0.078614	0.0601321	0.0355591	0.0887824	0.0321661	0.407995	0.0699999	0.211786	0.0647872	0.218411	0.0641415	0.182636	0.182636	0.83253	-0.0399901	0.0150867	0.179649	-0.00399901	-0.00390303	0.390888	0.390888	1.05446	0.141221	0.0295819	0.464159	0.0141221	0.0155767	0.197412	0.197412	0.805008	-0.140805	0.0131416	0.149817	-0.0140805	-0.0220923	0.293899	0.293899	0.930283	0.213463	0.0231153	0.323684	0.0213463	0.0227552	0.18543	0.18543	0.853586	-0.0492022	0.0154798	0.185919	-0.00492022	-0.00373445	0.159857	0.159857	0.792692	-0.275497	0.0122732	0.137135	-0.0275497	-0.0273568	0.037281	0.037281	0.690843	0.544846	0.00582171	0.0552474	0.0544846	0.0277871	0.0713511	0.0713511	0.724675	0.372884	0.00718135	0.0706977	0.0372884	0.0164069	0.468192	0.468192	1.0263	-0.184248	0.0256457	0.376054	-0.0184248	-0.0125841	0.19508	0.19508	0.836393	-0.0235052	0.0141535	0.16509	-0.00235052	-0.00229411	0.459628	0.459628	1.05529	0.262654	0.0297529	0.468172	0.0262654	0.0289708	0.126374	0.126374	0.805292	-0.147458	0.0125905	0.141724	-0.0147458	-0.0231362	0.27037	0.27037	0.933084	0.277408	0.0217355	0.296535	0.0277408	0.0295717	0.176656	0.176656	0.84508	0.229846	0.017316	0.216269	0.0229846	0.0174453	0.174329	0.174329	0.791681	-0.219238	0.0118892	0.131652	-0.0219238	-0.0217703	0.0356956	0.0356956	0.697237	0.627467	0.00577745	0.054761	0.0627467	0.0320008	0.113817	0.113817	0.731048	0.543658	0.00671166	0.0652511	0.0543658	0.0239209	0.470827	0.470827	1.02489	-0.164163	0.025257	0.367791	-0.0164163	-0.0112123	0	0	0	0	0	0	0	0	0	0	0	0	0	0	0	0	0	0	-0.732861	0.611452	0	-1.61623	-1.50636	0	-0.732861	0.611452	0	-1.61623	-1.50636	0	0	0	0.849634	0	0	2.77755	-0.528927	0.500465	0.0835	-1.34855	-1.03521	0	-0.528927	0.500465	0.0835	-1.34855	-1.03521	0	0	0	1.15833	0	0	2.16339	-0.215554	0.258336	0.0835	-0.708241	-0.27729	0	-0.215554	0.258336	0.0835	-0.708241	-0.27729	0	0	0	0.616726	0	0	2.91261	-0.0229431	0.0621668	0.09142	-0.136331	0.306541	0	-0.0229431	0.0621668	0.09142	-0.136331	0.306541	0	0	0	0.25797	0	0	3.37389	-0.528962	0.500255	-0.0835	-1.34998	-1.04579	0	-0.528962	0.500255	-0.0835	-1.34998	-1.04579	0	0	0	1.15718	0	0	2.10472	-0.215362	0.258123	-0.0835	-0.711749	-0.300393	0	-0.215362	0.258123	-0.0835	-0.711749	-0.300393	0	0	0	0.618892	0	0	2.9129	-0.0223273	0.0626246	-0.09142	-0.14115	0.288761	0	-0.0223273	0.0626246	-0.09142	-0.14115	0.288761	0	0	0	0.265302	0	0	3.45827	-1.06821	0.839181	0	-2.2604	-2.44913	0	-1.06821	0.839181	0	-2.2604	-2.44913	0	0	0	0.819645	0	0	2.82685	2.2652	-0.68467	0.568613	0.0835	-0.00145274	0.000803918	0	-0.000973344	-0.00367248	0	0.343807	-0.210715	0	0	0	0.308698	0	0	-0.614154	1656.21	1457.18	-787.174	-0	0	0	0	0	2.48706	-0.323535	0.410641	0.0835	-0.00165552	0.000771999	0	0.000707269	-0.00450873	0	-0.186655	0.0448046	0	0	0	-0.541605	0	0	0.749215	1818.42	1653.22	-757.318	-0	0	0	0	0	1.43327	-0.0755265	0.0606517	0.0835	-0.000689149	0.000794291	0	-0.0010677	-0.00343281	0	-0.132323	0.382783	0	0	0	-0.358756	0	0	0.461285	1047.94	691.214	-787.653	-0	0	0	0	0	2.17729	-0.684626	0.568582	-0.0835	-0.0014095	0.000773013	0	0.00121796	-0.00494742	0	0.147312	-0.0587935	0	0	0	0.307546	0	0	-0.672827	1591.93	1403.95	-750.456	-0	0	0	0	0	2.46953	-0.323673	0.410194	-0.0835	-0.00165337	0.000773609	0	0.00408006	-0.0056572	0	0.149242	0.121829	0	0	0	-0.538288	0	0	0.808178	1805.6	1640.09	-755.187	-0	0	0	0	0	1.40433	-0.0748982	0.060724	-0.0835	-0.000682354	0.000774443	0	-8.59648e-05	-0.00379553	0	-0.00258899	0.0133186	0	0	0	-0.353591	0	0	0.545371	1026.78	682.52	-767.104	-0	0	0	0	0	0.0280306	-0.813849	0.642714	0	2.91914e-05	-1.77622e-05	0	-0.00190902	0.00131106	0	-0.0789307	0.0509863	0	0	0	-0.0299889	0	0	0.0493078	20.4946	-17.8893	10.0002	-0	8.3212	0	0	8.3212	0.280578	0.278853	0.156706	0.15668	0.193948	0.202709	0.186764	0.183265	0.14594	0.147347	0.401466	0.401661	0.0341133	0.0336551	0.0681941	0.067104	0.375166	0.376129	0	0	0	0	0	0	0	0	0	0	0	0	0	0	0	0	0	0	0	0	0	0	0	0	0	0	0	0	0	0	0	0	0	0	0	0	0	0	0	0	0	0	0	0	0	0	0	0	0	0	0	0	0	0	548.54	24.4007	20.9915	35.9411	37.1896	9.1182	53.7245	1.96082	5.02722	38.3673	22.7997	22.6506	29.751	32.8356	8.00117	48.8677	1.85592	5.80531	36.71	0	0	0	0	0	0	0.933084	0.930283	0.805292	0.805008	0.84508	0.853586	0.836393	0.83253	0.791681	0.792692	1.05529	1.05446	0.697237	0.690843	0.731048	0.724675	1.02489	1.0263	-1.43366	-3.22504	0.645576	-0.760712	0.634775	1.99931e-10	-1.70578	-1.64151	0	-127.134	-122.344	0	-0.0173996	0.00274701	35.1406	-0.0914815	0.144442	0	-66.8869	105.61	0	9.12678	5.78037	-10.7437	-0.10042	-0.00206888	-0.08642	-0.0824992	0.133411	0	-60.3195	97.5436	0	-8.42972	-5.21281	-10.0028	-0.101304	-0.00201094	0.08642
1.02	0.877568	2.80456	-0.749125	-1.63567	0.596055	-1.57177	0.302273	-0.662179	-0.533497	0.870085	-0.352345	0.74119	0.300633	-0.701116	-0.52951	0.941622	-0.348075	0.539959	-1	1	0	0	0	0	1	0	0	0	0	0	0	0	0	0	-0.749125	0.596055	0	0.905269	0	0	0.424839	-1.63567	-1.57177	0	0	0	2.80456	-0.542567	0.489798	0.0835	0.830985	0	0	0.556295	-1.3788	-1.09634	0	0	0	2.14238	-0.222826	0.255365	0.0835	0.948233	0	0	0.317576	-0.744259	-0.314737	0	0	0	3.01246	-0.0245016	0.0653161	0.09142	0.989215	0	0	0.146471	-0.172433	0.320393	0	0	0	3.75365	-0.542612	0.489501	-0.0835	0.831441	0	0	0.555613	-1.37988	-1.10289	0	0	0	2.10344	-0.22264	0.254984	-0.0835	0.94786	0	0	0.318688	-0.741894	-0.325287	0	0	0	3.04506	-0.0238749	0.0656112	-0.09142	0.988725	0	0	0.149743	-0.165712	0.307878	0	0	0	3.58502	-1.09083	0.814189	0	0.911418	0	0	0.411482	-2.26275	-2.54623	0	0	0	2.8722	0.215091	0.0811883	0.422269	0.116544	0.195243	0.126073	0.308118	0.0994086	0.175944	0.0784241	0.0584381	0.035586	0.0984528	0.0320872	0.424291	0.0699349	0.183407	0.0815899	0.445672	0.116645	0.186603	0.126117	0.298121	0.0997165	0.16676	0.0783288	0.0570656	0.0359356	0.100413	0.0323018	0.416638	0.0698392	0.226453	0.0647363	0.211191	0.0643156	0.128659	0.128659	0.831847	-0.148875	0.0149831	0.178012	-0.0148875	-0.0145302	0.456301	0.456301	1.05661	0.283448	0.0300663	0.475559	0.0283448	0.0312643	0.156536	0.156536	0.803525	-0.133383	0.0127118	0.143491	-0.0133383	-0.0209279	0.338297	0.338297	0.932538	0.222363	0.0232972	0.32734	0.0222363	0.0237039	0.24109	0.24109	0.852916	-0.166985	0.0155889	0.187672	-0.0166985	-0.0126742	0.180408	0.180408	0.789769	-0.312097	0.0118534	0.131145	-0.0312097	-0.0309912	0.00423176	0.01	0.697764	0.88798	0.00611629	0.058513	0.088798	0.045287	0.0615581	0.0615581	0.729254	0.569494	0.00731372	0.0722544	0.0569494	0.0250577	0.396832	0.396832	1.02394	-0.230655	0.0252891	0.368473	-0.0230655	-0.0157538	0.220414	0.220414	0.835962	0.00226436	0.0140735	0.163861	0.000226436	0.000221002	0.471481	0.471481	1.05753	0.21379	0.0306008	0.488283	0.021379	0.023581	0.162365	0.162365	0.803802	-0.173388	0.0121064	0.134745	-0.0173388	-0.0272045	0.375689	0.375689	0.935427	0.126262	0.0221079	0.303765	0.0126262	0.0134595	0.138486	0.138486	0.847373	0.215266	0.0168469	0.208348	0.0215266	0.0163387	0.163625	0.163625	0.788809	-0.310112	0.0113665	0.124315	-0.0310112	-0.0307941	0.0546221	0.0546221	0.70462	0.819318	0.00598315	0.0570312	0.0819318	0.0417852	0.0381774	0.0381774	0.734132	0.332797	0.00702558	0.0688796	0.0332797	0.0146431	0.452007	0.452007	1.02254	-0.224172	0.0250414	0.363244	-0.0224172	-0.015311	0	0	0	0	0	0	0	0	0	0	0	0	0	0	0	0	0	0	-0.749125	0.596055	0	-1.63567	-1.57177	0	-0.749125	0.596055	0	-1.63567	-1.57177	0	0	0	0.877568	0	0	2.80456	-0.542567	0.489798	0.0835	-1.3788	-1.09634	0	-0.542567	0.489798	0.0835	-1.3788	-1.09634	0	0	0	1.17984	0	0	2.14238	-0.222826	0.255365	0.0835	-0.744259	-0.314737	0	-0.222826	0.255365	0.0835	-0.744259	-0.314737	0	0	0	0.646344	0	0	3.01246	-0.0245016	0.0653161	0.09142	-0.172433	0.320393	0	-0.0245016	0.0653161	0.09142	-0.172433	0.320393	0	0	0	0.293999	0	0	3.75365	-0.542612	0.489501	-0.0835	-1.37988	-1.10289	0	-0.542612	0.489501	-0.0835	-1.37988	-1.10289	0	0	0	1.1782	0	0	2.10344	-0.22264	0.254984	-0.0835	-0.741894	-0.325287	0	-0.22264	0.254984	-0.0835	-0.741894	-0.325287	0	0	0	0.648691	0	0	3.04506	-0.0238749	0.0656112	-0.09142	-0.165712	0.307878	0	-0.0238749	0.0656112	-0.09142	-0.165712	0.307878	0	0	0	0.300616	0	0	3.58502	-1.09083	0.814189	0	-2.26275	-2.54623	0	-1.09083	0.814189	0	-2.26275	-2.54623	0	0	0	0.848159	0	0	2.8722	2.24267	-0.69974	0.55458	0.0835	-0.00145823	0.000764191	0	-0.000380874	-0.00388288	0	-0.106824	-0.0301003	0	0	0	0.302272	0	0	-0.662179	1639.74	1459.96	-746.488	-0	0	0	0	0	2.45554	-0.33527	0.404405	0.0835	-0.00165051	0.000730038	0	0.00105405	-0.00477433	0	-0.315146	-0.421933	0	0	0	-0.533497	0	0	0.870085	1795.37	1647.08	-714.491	-0	0	0	0	0	1.41807	-0.0769963	0.0619078	0.0835	-0.000703394	0.00076735	0	-0.000473455	-0.00334165	0	-0.279473	-0.482403	0	0	0	-0.352345	0	0	0.74119	1036.82	704.31	-760.888	-0	0	0	0	0	2.13893	-0.699679	0.554541	-0.0835	-0.00139731	0.000725627	0	0.000515699	-0.00409055	0	-0.420049	0.0543475	0	0	0	0.300633	0	0	-0.701116	1563.88	1394.96	-706.977	-0	0	0	0	0	2.41377	-0.335433	0.403761	-0.0835	-0.00162655	0.000724673	0	0.00308037	-0.00506866	0	-0.89009	-1.02795	0	0	0	-0.529509	0	0	0.941622	1764.83	1616.52	-708.168	-0	0	0	0	0	1.39552	-0.0763459	0.0618557	-0.0835	-0.000694513	0.000751078	0	-0.000729442	-0.00253324	0	-1.34652	-1.97785	0	0	0	-0.348075	0	0	0.539959	1020.34	695.924	-746.18	-0	0	0	0	0	0.0056815	-0.830972	0.625054	0	1.18166e-05	-6.02007e-06	0	-0.0025022	0.00150263	0	0.0127845	-0.00276804	0	0	0	-0.0294109	0	0	0.0676446	4.15405	2.99737	-2.87609	-0	5.72664	0	0	5.72664	0.283084	0.280283	0.155292	0.155008	0.19508	0.203586	0.186393	0.18253	0.143862	0.145179	0.403032	0.403007	0.0400697	0.0362909	0.0702052	0.0682817	0.376117	0.377128	0	0	0	0	0	0	0	0	0	0	0	0	0	0	0	0	0	0	0	0	0	0	0	0	0	0	0	0	0	0	0	0	0	0	0	0	0	0	0	0	0	0	0	0	0	0	0	0	0	0	0	0	0	0	577.507	28.1022	22.6067	31.2253	40.799	13.394	57.201	1.38164	4.55447	37.7425	23.0014	23.8924	32.7008	43.0541	7.01756	52.8809	2.15552	4.03145	39.2239	0	0	0	0	0	0	0.935427	0.932538	0.803802	0.803525	0.847373	0.852916	0.835962	0.831847	0.788809	0.789769	1.05753	1.05661	0.70462	0.697764	0.734132	0.729254	1.02254	1.02394	-1.46587	-3.21254	1.90012	-0.777855	0.617987	1.99931e-10	-1.72175	-1.71375	0	-128.324	-127.728	0	-0.00978475	-0.000658441	35.6781	-0.0764482	0.128582	0	-55.8954	94.0133	0	8.12462	4.83048	-9.56832	-0.100621	-0.00194263	-0.08642	-0.0727877	0.118391	0	-53.2189	86.5623	0	-7.48071	-4.59918	-8.88444	-0.101508	-0.00183594	0.08642
1.03	0.905657	2.81816	-0.765578	-1.65395	0.579954	-1.64611	0.295598	-0.678263	-0.524097	1.00833	-0.34464	0.807665	0.293781	-0.669092	-0.519736	0.991367	-0.341711	0.770805	-1	1	0	0	0	0	1	0	0	0	0	0	0	0	0	0	-0.765578	0.579954	0	0.899213	0	0	0.437511	-1.65395	-1.64611	0	0	0	2.81816	-0.556519	0.47849	0.0835	0.824981	0	0	0.56516	-1.41079	-1.16329	0	0	0	2.1399	-0.23044	0.25204	0.0835	0.943228	0	0	0.332147	-0.776766	-0.348856	0	0	0	3.14823	-0.0263764	0.0685782	0.09142	0.986211	0	0	0.165494	-0.201251	0.333434	0	0	0	3.95589	-0.556575	0.478169	-0.0835	0.825494	0	0	0.564411	-1.41039	-1.16126	0	0	0	2.14907	-0.230236	0.25163	-0.0835	0.942804	0	0	0.333347	-0.77721	-0.343938	0	0	0	3.14044	-0.0257177	0.0688368	-0.09142	0.985754	0	0	0.168193	-0.206127	0.338694	0	0	0	3.91124	-1.11345	0.788203	0	0.905378	0	0	0.424606	-2.25866	-2.64693	0	0	0	2.90232	0.203201	0.0811141	0.42606	0.116832	0.220251	0.125747	0.310362	0.0996198	0.176277	0.0780658	0.0548997	0.0361011	0.0930835	0.032366	0.414182	0.0697721	0.235247	0.0813838	0.443583	0.116921	0.179508	0.125843	0.322737	0.0997882	0.16081	0.0779886	0.0771815	0.03627	0.0944708	0.0325016	0.417535	0.0696597	0.229598	0.064598	0.203385	0.0644765	0.225224	0.225224	0.831087	-0.0340772	0.014946	0.177425	-0.00340772	-0.00332593	0.360798	0.360799	1.05922	0.308606	0.0304382	0.484397	0.0308606	0.0340392	0.170722	0.170722	0.801444	-0.315094	0.0130001	0.147722	-0.0315094	-0.0494383	0.256304	0.256304	0.93452	0.255009	0.0236491	0.334451	0.0255009	0.0271839	0.146352	0.146352	0.851094	-0.157475	0.0157789	0.190742	-0.0157475	-0.0119524	0.090828	0.090828	0.786162	-0.385702	0.0115012	0.126192	-0.0385702	-0.0383002	0.0537782	0.0537782	0.707864	1.05319	0.00624102	0.0599103	0.105319	0.0537128	0.100796	0.100796	0.735591	0.68821	0.00733673	0.0725257	0.068821	0.0302813	0.271215	0.271215	1.02155	-0.241839	0.0247761	0.357679	-0.0241839	-0.0165176	0.24117	0.24117	0.83385	-0.426879	0.0144903	0.170292	-0.0426879	-0.0416634	0.362465	0.362465	1.06003	0.321318	0.0313641	0.50671	0.0321318	0.0354414	0.102023	0.102023	0.802056	-0.173857	0.0117192	0.12925	-0.0173857	-0.0272782	0.222994	0.222994	0.9361	0.128538	0.0234112	0.329635	0.0128538	0.0137021	0.251949	0.251949	0.849493	0.16005	0.0161287	0.196443	0.016005	0.0121478	0.164801	0.164801	0.785384	-0.34879	0.0108449	0.117134	-0.034879	-0.0346349	0.0188934	0.0188934	0.711176	0.262588	0.00644933	0.06226	0.0262588	0.013392	0.100646	0.100646	0.738673	0.53161	0.00717867	0.070667	0.053161	0.0233908	0.381587	0.381587	1.01991	-0.255965	0.0247769	0.357697	-0.0255965	-0.0174824	0	0	0	0	0	0	0	0	0	0	0	0	0	0	0	0	0	0	-0.765578	0.579954	0	-1.65395	-1.64611	0	-0.765578	0.579954	0	-1.65395	-1.64611	0	0	0	0.905657	0	0	2.81816	-0.556519	0.47849	0.0835	-1.41079	-1.16329	0	-0.556519	0.47849	0.0835	-1.41079	-1.16329	0	0	0	1.20126	0	0	2.1399	-0.23044	0.25204	0.0835	-0.776766	-0.348856	0	-0.23044	0.25204	0.0835	-0.776766	-0.348856	0	0	0	0.677158	0	0	3.14823	-0.0263764	0.0685782	0.09142	-0.201251	0.333434	0	-0.0263764	0.0685782	0.09142	-0.201251	0.333434	0	0	0	0.332518	0	0	3.95589	-0.556575	0.478169	-0.0835	-1.41039	-1.16126	0	-0.556575	0.478169	-0.0835	-1.41039	-1.16126	0	0	0	1.19944	0	0	2.14907	-0.230236	0.25163	-0.0835	-0.77721	-0.343938	0	-0.230236	0.25163	-0.0835	-0.77721	-0.343938	0	0	0	0.679702	0	0	3.14044	-0.0257177	0.0688368	-0.09142	-0.206127	0.338694	0	-0.0257177	0.0688368	-0.09142	-0.206127	0.338694	0	0	0	0.337992	0	0	3.91124	-1.11345	0.788203	0	-2.25866	-2.64693	0	-1.11345	0.788203	0	-2.25866	-2.64693	0	0	0	0.877053	0	0	2.90232	2.26196	-0.715043	0.539892	0.0835	-0.00147495	0.000732273	0	-0.00319684	-0.00298119	0	-0.420461	-0.0408869	0	0	0	0.295597	0	0	-0.678263	1653.84	1489.52	-718.681	-0	0	0	0	0	2.42621	-0.347423	0.397546	0.0835	-0.00164706	0.000684679	0	0.00126028	-0.00481886	0	0.148205	0.0380912	0	0	0	-0.524097	0	0	1.00833	1773.93	1642.95	-668.987	-0	0	0	0	0	1.38003	-0.078701	0.0631509	0.0835	-0.000707865	0.000728071	0	2.58833e-05	-0.00463802	0	0.500005	-1.0028	0	0	0	-0.344639	0	0	0.807665	1009.01	707.815	-719.102	-0	0	0	0	0	2.18005	-0.714987	0.539859	-0.0835	-0.00141895	0.000699401	0	-0.00397658	-0.00216091	0	-0.181059	-0.0999708	0	0	0	0.293782	0	0	-0.669092	1593.95	1437.08	-689.549	-0	0	0	0	0	2.37757	-0.347588	0.396838	-0.0835	-0.00160813	0.000679731	0	0.000912547	-0.00379795	0	-0.250772	0.26163	0	0	0	-0.519735	0	0	0.991367	1738.37	1605.16	-667.364	-0	0	0	0	0	1.37755	-0.0780118	0.0631232	-0.0835	-0.000704765	0.00072217	0	-0.000831097	-0.00216727	0	0.27384	-1.21822	0	0	0	-0.341711	0	0	0.770805	1007.2	706.372	-717.979	-0	0	0	0	0	0.0401115	-0.848228	0.606655	0	-8.74698e-06	6.13928e-06	0	-0.00256813	0.00182176	0	0.228241	-0.0708847	0	0	0	-0.0286137	0	0	0.0841589	29.3276	23.9513	-16.9248	-0	3.43816	0	0	3.43816	0.285427	0.282538	0.153802	0.153525	0.197373	0.202916	0.185962	0.181847	0.141681	0.142692	0.405294	0.404455	0.0472367	0.0408425	0.0738527	0.0707654	0.376114	0.37736	0	0	0	0	0	0	0	0	0	0	0	0	0	0	0	0	0	0	0	0	0	0	0	0	0	0	0	0	0	0	0	0	0	0	0	0	0	0	0	0	0	0	0	0	0	0	0	0	0	0	0	0	0	0	585.864	26.6711	19.5186	45.9223	34.9595	11.1386	52.5193	2.09596	5.55091	33.0295	51.8734	20.1294	27.6319	33.8325	9.4429	53.5369	1.98376	5.60608	37.879	0	0	0	0	0	0	0.9361	0.93452	0.802056	0.801444	0.849493	0.851094	0.83385	0.831087	0.785384	0.786162	1.06003	1.05922	0.711176	0.707864	0.738673	0.735591	1.01991	1.02155	-1.49787	-3.18656	3.20124	-0.795144	0.600457	1.99931e-10	-1.73509	-1.78929	0	-129.319	-133.358	0	0.00370309	0.000382331	36.22	-0.0595182	0.107896	0	-43.5169	78.8883	0	6.81752	3.76073	-8.03872	-0.100935	-0.00174999	-0.08642	-0.0610091	0.102408	0	-44.607	74.8761	0	-6.47079	-3.85494	-7.69882	-0.101824	-0.0016731	0.08642
1.04	0.934065	2.8641	-0.782217	-1.67215	0.563102	-1.72156	0.288442	-0.756577	-0.513056	1.19706	-0.336754	0.724059	0.287108	-0.680351	-0.509524	1.08088	-0.334369	0.588943	-1	1	0	0	0	0	1	0	0	0	0	0	0	0	0	0	-0.782217	0.563102	0	0.892908	0	0	0.450238	-1.67215	-1.72156	0	0	0	2.8641	-0.570781	0.466478	0.0835	0.818929	0	0	0.573894	-1.43827	-1.23706	0	0	0	2.10752	-0.238356	0.248331	0.0835	0.937742	0	0	0.347333	-0.803576	-0.392936	0	0	0	3.30458	-0.0285131	0.0719491	0.09142	0.982687	0	0	0.185272	-0.223667	0.33655	0	0	0	4.02864	-0.57081	0.466243	-0.0835	0.819312	0	0	0.573348	-1.43571	-1.22323	0	0	0	2.18375	-0.238168	0.248088	-0.0835	0.93736	0	0	0.348363	-0.806375	-0.365335	0	0	0	3.26463	-0.0279604	0.0723045	-0.09142	0.98226	0	0	0.187523	-0.235615	0.351563	0	0	0	3.85357	-1.136	0.761196	0	0.899094	0	0	0.437755	-2.25189	-2.75063	0	0	0	2.92724	0.212705	0.0810129	0.394165	0.117257	0.209463	0.125404	0.294663	0.0999338	0.167087	0.077689	0.0548135	0.0366474	0.0958129	0.0326307	0.41122	0.069614	0.254233	0.0810017	0.447994	0.117276	0.176409	0.12556	0.320534	0.0999908	0.162685	0.0775808	0.0711559	0.0365492	0.114772	0.0326757	0.396628	0.0694879	0.219473	0.0645184	0.223851	0.0644466	0.216613	0.216613	0.83005	-0.100244	0.0150939	0.179766	-0.0100244	-0.00978381	0.477719	0.477719	1.06308	0.497207	0.0300705	0.475658	0.0497207	0.0548419	0.111147	0.111147	0.799263	-0.180746	0.0131076	0.149314	-0.0180746	-0.028359	0.241182	0.241182	0.937465	0.34755	0.0233652	0.328709	0.034755	0.0370488	0.103448	0.103448	0.850045	-0.0834633	0.0156587	0.188799	-0.00834633	-0.00633486	0.145629	0.145629	0.782366	-0.419347	0.0108416	0.117089	-0.0419347	-0.0416411	0.0496764	0.0496764	0.718577	1.08688	0.00642194	0.0619494	0.108688	0.0554309	0.0875282	0.0875282	0.741607	0.608192	0.00746921	0.0740931	0.0608192	0.0267604	0.297491	0.297491	1.01924	-0.290875	0.0242049	0.345824	-0.0290875	-0.0198668	0.181675	0.181675	0.829936	-0.401394	0.0154221	0.184993	-0.0401394	-0.0391761	0.464622	0.464622	1.06324	0.262714	0.0311212	0.500812	0.0262714	0.0289774	0.129812	0.129812	0.800255	-0.214469	0.011364	0.12428	-0.0214469	-0.0336501	0.203194	0.203194	0.938	0.177279	0.0236802	0.335086	0.0177279	0.018898	0.238964	0.238964	0.849099	-0.101827	0.0157733	0.190654	-0.0101827	-0.00772864	0.158717	0.158717	0.781277	-0.450128	0.0104788	0.112179	-0.0450128	-0.0446977	0.0494328	0.0494328	0.716652	0.74837	0.00711844	0.0699625	0.074837	0.0381669	0.0688367	0.0688367	0.742629	0.175376	0.00761499	0.0758291	0.0175376	0.00771656	0.512391	0.512391	1.01739	-0.216888	0.0242855	0.347486	-0.0216888	-0.0148135	0	0	0	0	0	0	0	0	0	0	0	0	0	0	0	0	0	0	-0.782217	0.563102	0	-1.67215	-1.72156	0	-0.782217	0.563102	0	-1.67215	-1.72156	0	0	0	0.934065	0	0	2.8641	-0.570781	0.466478	0.0835	-1.43827	-1.23706	0	-0.570781	0.466478	0.0835	-1.43827	-1.23706	0	0	0	1.22251	0	0	2.10752	-0.238356	0.248331	0.0835	-0.803576	-0.392936	0	-0.238356	0.248331	0.0835	-0.803576	-0.392936	0	0	0	0.709451	0	0	3.30458	-0.0285131	0.0719491	0.09142	-0.223667	0.33655	0	-0.0285131	0.0719491	0.09142	-0.223667	0.33655	0	0	0	0.372697	0	0	4.02864	-0.57081	0.466243	-0.0835	-1.43571	-1.22323	0	-0.57081	0.466243	-0.0835	-1.43571	-1.22323	0	0	0	1.22117	0	0	2.18375	-0.238168	0.248088	-0.0835	-0.806375	-0.365335	0	-0.238168	0.248088	-0.0835	-0.806375	-0.365335	0	0	0	0.711649	0	0	3.26463	-0.0279604	0.0723045	-0.09142	-0.235615	0.351563	0	-0.0279604	0.0723045	-0.09142	-0.235615	0.351563	0	0	0	0.37728	0	0	3.85357	-1.136	0.761196	0	-2.25189	-2.75063	0	-1.136	0.761196	0	-2.25189	-2.75063	0	0	0	0.906201	0	0	2.92724	2.2616	-0.730574	0.524497	0.0835	-0.0015046	0.000696629	0	-0.000965953	-0.0044843	0	0.453907	-0.326845	0	0	0	0.288441	0	0	-0.756577	1653.58	1509	-676.184	-0	0	0	0	0	2.36149	-0.359975	0.389984	0.0835	-0.00162458	0.000637889	0	0.00403726	-0.00548011	0	-0.775013	-1.16888	0	0	0	-0.513056	0	0	1.19706	1726.61	1611.44	-620.044	-0	0	0	0	0	1.34774	-0.0805774	0.0644245	0.0835	-0.000711381	0.000690043	0	0.000208572	-0.00400569	0	-1.51138	-1.72134	0	0	0	-0.336754	0	0	0.724059	985.403	710.978	-682.297	-0	0	0	0	0	2.20558	-0.730525	0.524475	-0.0835	-0.00145525	0.000674635	0	-0.0032922	-0.00266647	0	-0.336386	-0.119783	0	0	0	0.287108	0	0	-0.680351	1612.62	1470.26	-662.478	-0	0	0	0	0	2.37963	-0.360099	0.389473	-0.0835	-0.00161636	0.000645697	0	-0.00128794	-0.00383198	0	-0.940399	-0.752955	0	0	0	-0.509523	0	0	1.08088	1739.87	1620.55	-633.219	-0	0	0	0	0	1.36865	-0.0799897	0.0645413	-0.0835	-0.000716984	0.000700951	0	-0.000824615	-0.00233446	0	-0.88579	-1.34595	0	0	0	-0.334368	0	0	0.588943	1000.69	718.579	-696.436	-0	0	0	0	0	0.0480044	-0.865601	0.587454	0	-1.77473e-05	1.59144e-05	0	-0.00146186	0.0012182	0	-0.14826	0.0549984	0	0	0	-0.0278537	0	0	0.0631378	35.0986	26.4021	-23.1266	-0	5.99257	0	0	5.99257	0.2861	0.28452	0.152056	0.151444	0.199493	0.201094	0.18385	0.181087	0.138809	0.139769	0.407526	0.406605	0.0546197	0.047764	0.0785224	0.0731269	0.375623	0.377036	0	0	0	0	0	0	0	0	0	0	0	0	0	0	0	0	0	0	0	0	0	0	0	0	0	0	0	0	0	0	0	0	0	0	0	0	0	0	0	0	0	0	0	0	0	0	0	0	0	0	0	0	0	0	594.063	30.6394	22.2782	32.5944	32.6695	8.39516	56.8272	2.03254	5.26094	35.7759	49.7081	23.5698	30.9019	32.4379	11.8795	58.4548	2.40172	5.38906	40.3048	0	0	0	0	0	0	0.938	0.937465	0.800255	0.799263	0.849099	0.850045	0.829936	0.83005	0.781277	0.782366	1.06324	1.06308	0.716652	0.718577	0.742629	0.741607	1.01739	1.01924	-1.52958	-3.15457	3.21162	-0.812551	0.582155	1.99931e-10	-1.74511	-1.86877	0	-130.065	-139.282	0	0.0210004	0.000242513	36.749	-0.0322052	0.0804526	0	-23.5469	58.8232	0	5.0835	2.03493	-6.00277	-0.101456	-0.001477	-0.08642	-0.0481991	0.0850903	0	-35.2409	62.2141	0	-5.37654	-3.04552	-6.41163	-0.102216	-0.00148606	0.08642
