TimeSlice	Time	ankle_L	hip_L	knee_L
2500	0.5	-0.0872195	-0.212248	2.43564e-006
2505	0.501	-0.0872234	-0.214364	9.0923e-006
2510	0.502	-0.0872239	-0.216453	2.15727e-005
2515	0.503	-0.0872292	-0.218515	4.1371e-005
2520	0.504	-0.0872361	-0.22055	6.95528e-005
2525	0.505	-0.08724	-0.222557	0.00010813
2530	0.506	-0.0872414	-0.224535	0.000160259
2535	0.507	-0.0872397	-0.226482	0.000228619
2540	0.508	-0.0872371	-0.228399	0.000314954
2545	0.509	-0.0872399	-0.230285	0.000419673
2550	0.51	-0.087247	-0.232138	0.000543306
2555	0.511	-0.0872531	-0.233961	0.00068608
2560	0.512	-0.0872571	-0.235751	0.000848098
2565	0.513	-0.08726	-0.237509	0.00102924
2570	0.514	-0.0872615	-0.239235	0.0012301
2575	0.515	-0.087263	-0.240928	0.00145142
2580	0.516	-0.0872642	-0.242587	0.00169448
2585	0.517	-0.0872663	-0.244212	0.00196131
2590	0.518	-0.0873124	-0.245801	0.00225157
2595	0.519	-0.0874774	-0.247355	0.00256364
2600	0.52	-0.0878145	-0.248871	0.00289791
2605	0.521	-0.08837	-0.250349	0.00325501
2610	0.522	-0.0891586	-0.251787	0.00363902
2615	0.523	-0.0901749	-0.253182	0.00405705
2620	0.524	-0.0914118	-0.25453	0.00451753
2625	0.525	-0.0928545	-0.255828	0.00503037
2630	0.526	-0.0944911	-0.257071	0.00560602
2635	0.527	-0.0963146	-0.258255	0.00625541
2640	0.528	-0.0983008	-0.259374	0.006991
2645	0.529	-0.100426	-0.260425	0.00782555
2650	0.53	-0.10267	-0.2614	0.00877313
2655	0.531	-0.105017	-0.262295	0.00984562
2660	0.532	-0.105899	-0.261835	0.013846
2665	0.533	-0.107398	-0.261298	0.0179388
2670	0.534	-0.109591	-0.260688	0.0221076
2675	0.535	-0.112394	-0.260007	0.0263487
2680	0.536	-0.115623	-0.259255	0.0306672
2685	0.537	-0.119071	-0.258432	0.0350713
2690	0.538	-0.122586	-0.257539	0.0395681
2695	0.539	-0.126035	-0.256572	0.0441643
2700	0.54	-0.129357	-0.255533	0.0488625
2705	0.541	-0.132568	-0.254421	0.0536615
2710	0.542	-0.135647	-0.253218	0.0586098
2715	0.543	-0.138665	-0.251926	0.0636955
2720	0.544	-0.142226	-0.250554	0.0688712
2725	0.545	-0.146147	-0.2491	0.0741405
2730	0.546	-0.150215	-0.247567	0.0795119
2735	0.547	-0.154234	-0.245952	0.0849934
2740	0.548	-0.158103	-0.244256	0.0905894
2745	0.549	-0.161788	-0.242479	0.0963012
2750	0.55	-0.165328	-0.24062	0.102127
2755	0.551	-0.168789	-0.23868	0.108065
2760	0.552	-0.172243	-0.236656	0.114111
2765	0.553	-0.175647	-0.234521	0.120349
2770	0.554	-0.179066	-0.232277	0.126766
2775	0.555	-0.183018	-0.229923	0.133336
2780	0.556	-0.187362	-0.227461	0.140062
2785	0.557	-0.191928	-0.22489	0.146952
2790	0.558	-0.19654	-0.222209	0.154016
2795	0.559	-0.201114	-0.219418	0.161257
2800	0.56	-0.205579	-0.216519	0.168678
2805	0.561	-0.209946	-0.213511	0.176274
2810	0.562	-0.214249	-0.210396	0.184043
2815	0.563	-0.218531	-0.207176	0.191975
2820	0.564	-0.222745	-0.203831	0.200131
2825	0.565	-0.226946	-0.200366	0.208491
2830	0.566	-0.231517	-0.196784	0.217028
2835	0.567	-0.236346	-0.19309	0.225731
2840	0.568	-0.241313	-0.189288	0.234595
2845	0.569	-0.246274	-0.185384	0.243612
2850	0.57	-0.251167	-0.181384	0.25277
2855	0.571	-0.255935	-0.177293	0.262055
2860	0.572	-0.260585	-0.173118	0.271452
2865	0.573	-0.265141	-0.168865	0.280942
2870	0.574	-0.269634	-0.164541	0.290505
2875	0.575	-0.274007	-0.160129	0.300189
2880	0.576	-0.278313	-0.155642	0.309962
2885	0.577	-0.282941	-0.151083	0.319784
2890	0.578	-0.28778	-0.146465	0.329632
2895	0.579	-0.292713	-0.141799	0.339485
2900	0.58	-0.29759	-0.137095	0.349319
2905	0.581	-0.30236	-0.132364	0.359113
2910	0.582	-0.30695	-0.127617	0.368844
2915	0.583	-0.311355	-0.122863	0.378486
2920	0.584	-0.315591	-0.118111	0.388017
2925	0.585	-0.31969	-0.113371	0.397411
2930	0.586	-0.323578	-0.108625	0.406723
2935	0.587	-0.327327	-0.103885	0.415918
2940	0.588	-0.331403	-0.0991561	0.424952
2945	0.589	-0.335694	-0.0944474	0.433807
2950	0.59	-0.340045	-0.0897622	0.442482
2955	0.591	-0.344264	-0.0851012	0.450989
2960	0.592	-0.348288	-0.0804649	0.459332
2965	0.593	-0.35203	-0.0758536	0.467518
2970	0.594	-0.349318	-0.0712793	0.475894
2975	0.595	-0.348604	-0.066729	0.483994
2980	0.596	-0.350046	-0.0621989	0.49181
2985	0.597	-0.349235	-0.0576979	0.499582
2990	0.598	-0.349143	-0.0532183	0.507153
2995	0.599	-0.349194	-0.0487577	0.514561
3000	0.6	-0.349204	-0.0443157	0.521818
3005	0.601	-0.349206	-0.0398912	0.528924
3010	0.602	-0.349208	-0.0354834	0.53588
3015	0.603	-0.34921	-0.0310919	0.542691
3020	0.604	-0.349211	-0.0267164	0.549356
3025	0.605	-0.349212	-0.0223564	0.555878
3030	0.606	-0.349213	-0.0180116	0.562259
3035	0.607	-0.349212	-0.0136814	0.568502
3040	0.608	-0.349211	-0.00936539	0.574608
3045	0.609	-0.34921	-0.00506281	0.58058
3050	0.61	-0.349231	-0.000770011	0.586424
3055	0.611	-0.349228	0.00351351	0.592145
3060	0.612	-0.349224	0.00778837	0.597743
3065	0.613	-0.34922	0.0120547	0.603221
3070	0.614	-0.349217	0.0163127	0.608578
3075	0.615	-0.349213	0.0205624	0.613815
3080	0.616	-0.34921	0.0248038	0.618935
3085	0.617	-0.349207	0.0290369	0.623936
3090	0.618	-0.349204	0.0332619	0.628822
3095	0.619	-0.349201	0.037479	0.633591
3100	0.62	-0.349198	0.0416882	0.638247
3105	0.621	-0.349219	0.045893	0.642794
3110	0.622	-0.349216	0.0500931	0.647235
3115	0.623	-0.349211	0.0542888	0.65157
3120	0.624	-0.349207	0.0584799	0.6558
3125	0.625	-0.349203	0.0626662	0.659924
3130	0.626	-0.349199	0.0668471	0.663943
3135	0.627	-0.349196	0.0710222	0.667856
3140	0.628	-0.349192	0.0751911	0.671664
3145	0.629	-0.349189	0.0793535	0.675365
3150	0.63	-0.349187	0.0835091	0.678962
3155	0.631	-0.349184	0.0876577	0.682452
3160	0.632	-0.349206	0.0918024	0.685843
3165	0.633	-0.349203	0.0959425	0.689135
3170	0.634	-0.349198	0.100078	0.692327
3175	0.635	-0.349194	0.104208	0.69542
3180	0.636	-0.34919	0.108332	0.698414
3185	0.637	-0.349186	0.11245	0.701308
3190	0.638	-0.349183	0.116563	0.704101
3195	0.639	-0.34918	0.120668	0.706795
3200	0.64	-0.349177	0.124765	0.709387
3205	0.641	-0.349175	0.128854	0.711877
3210	0.642	-0.349172	0.132933	0.714265
3215	0.643	-0.349195	0.137007	0.716554
3220	0.644	-0.349193	0.141073	0.718748
3225	0.645	-0.349188	0.145132	0.720843
3230	0.646	-0.349184	0.149182	0.722838
3235	0.647	-0.34918	0.153222	0.724734
3240	0.648	-0.349177	0.157253	0.726529
3245	0.649	-0.349174	0.161273	0.728224
3250	0.65	-0.349171	0.165282	0.729818
3255	0.651	-0.349168	0.16928	0.73131
3260	0.652	-0.349166	0.173266	0.732701
3265	0.653	-0.349164	0.177239	0.73399
3270	0.654	-0.349188	0.181204	0.735182
3275	0.655	-0.349185	0.185158	0.736279
3280	0.656	-0.34918	0.189102	0.737279
3285	0.657	-0.349176	0.193033	0.73818
3290	0.658	-0.349173	0.196952	0.738981
3295	0.659	-0.34917	0.200856	0.739681
3300	0.66	-0.349167	0.204746	0.740279
3305	0.661	-0.349164	0.20862	0.740774
3310	0.662	-0.349162	0.212477	0.741165
3315	0.663	-0.34916	0.216321	0.741458
3320	0.664	-0.349157	0.220151	0.741652
3325	0.665	-0.349182	0.223965	0.741745
3330	0.666	-0.349179	0.227763	0.741739
3335	0.667	-0.349175	0.231544	0.741632
3340	0.668	-0.349171	0.235308	0.741423
3345	0.669	-0.349168	0.239053	0.741111
3350	0.67	-0.349164	0.24278	0.740698
3355	0.671	-0.349162	0.246488	0.740181
3360	0.672	-0.349159	0.250177	0.739562
3365	0.673	-0.349157	0.253845	0.73884
3370	0.674	-0.349155	0.257497	0.738021
3375	0.675	-0.349153	0.26113	0.737104
3380	0.676	-0.349177	0.264746	0.736087
3385	0.677	-0.349175	0.268341	0.734973
3390	0.678	-0.34917	0.271918	0.733759
3395	0.679	-0.349167	0.275473	0.732445
3400	0.68	-0.349164	0.279008	0.731031
3405	0.681	-0.34916	0.282521	0.729517
3410	0.682	-0.349158	0.286011	0.727902
3415	0.683	-0.349155	0.28948	0.726186
3420	0.684	-0.349153	0.292925	0.724368
3425	0.685	-0.349147	0.296369	0.722511
3430	0.686	-0.349146	0.299809	0.720605
3435	0.687	-0.349144	0.303242	0.718646
3440	0.688	-0.349143	0.306667	0.716631
3445	0.689	-0.349142	0.310081	0.714554
3450	0.69	-0.349141	0.313485	0.712414
3455	0.691	-0.34914	0.316876	0.710209
3460	0.692	-0.349139	0.320253	0.707938
3465	0.693	-0.349164	0.323617	0.705599
3470	0.694	-0.349163	0.326969	0.703201
3475	0.695	-0.349159	0.33031	0.700743
3480	0.696	-0.349156	0.333639	0.698225
3485	0.697	-0.349153	0.336956	0.695647
3490	0.698	-0.349151	0.340261	0.693011
3495	0.699	-0.349148	0.343554	0.690318
3500	0.7	-0.349146	0.346835	0.687572
3505	0.701	-0.349144	0.350108	0.68478
3510	0.702	-0.349143	0.353373	0.681944
3515	0.703	-0.349141	0.356631	0.679068
3520	0.704	-0.349139	0.359882	0.676153
3525	0.705	-0.349138	0.363126	0.673202
3530	0.706	-0.349136	0.366364	0.670218
3535	0.707	-0.349135	0.369596	0.667203
3540	0.708	-0.349134	0.372823	0.66416
3545	0.709	-0.349132	0.376045	0.661091
3550	0.71	-0.349131	0.379263	0.658
3555	0.711	-0.34913	0.382477	0.654887
3560	0.712	-0.349129	0.385688	0.651755
3565	0.713	-0.349122	0.388925	0.648696
3570	0.714	-0.349122	0.392187	0.645699
3575	0.715	-0.349121	0.395471	0.642758
3580	0.716	-0.349121	0.398773	0.639866
3585	0.717	-0.349121	0.402091	0.637015
3590	0.718	-0.346218	0.401579	0.627268
3595	0.719	-0.34513	0.401082	0.617452
3600	0.72	-0.345236	0.400685	0.608044
3605	0.721	-0.34516	0.40039	0.599027
3610	0.722	-0.344597	0.400221	0.590474
3615	0.723	-0.343381	0.400197	0.582459
3620	0.724	-0.341573	0.400339	0.575031
3625	0.725	-0.339314	0.400659	0.568214
3630	0.726	-0.337284	0.401169	0.561994
3635	0.727	-0.335375	0.401876	0.556393
3640	0.728	-0.332509	0.401475	0.548998
3645	0.729	-0.329596	0.401275	0.542243
3650	0.73	-0.326632	0.401283	0.536144
3655	0.731	-0.323666	0.401502	0.530701
3660	0.732	-0.32055	0.401444	0.524965
3665	0.733	-0.317608	0.401432	0.519534
3670	0.734	-0.314832	0.401433	0.51434
3675	0.735	-0.312234	0.401434	0.50935
3680	0.736	-0.309828	0.401434	0.50456
3685	0.737	-0.307622	0.401434	0.499967
3690	0.738	-0.305617	0.401433	0.495564
3695	0.739	-0.303807	0.401433	0.491348
3700	0.74	-0.302177	0.401433	0.487315
3705	0.741	-0.300708	0.401433	0.48346
3710	0.742	-0.299376	0.401433	0.479779
3715	0.743	-0.298155	0.401433	0.476269
3720	0.744	-0.297017	0.401433	0.472924
3725	0.745	-0.295939	0.401432	0.46974
3730	0.746	-0.294896	0.401432	0.466711
3735	0.747	-0.29387	0.401432	0.463832
3740	0.748	-0.292844	0.401431	0.461096
3745	0.749	-0.29181	0.401431	0.458497
3750	0.75	-0.290761	0.401431	0.456028
3755	0.751	-0.289695	0.40143	0.45368
3760	0.752	-0.288617	0.40143	0.451447
3765	0.753	-0.287531	0.401429	0.449321
3770	0.754	-0.286447	0.401429	0.447293
3775	0.755	-0.285378	0.401428	0.445356
3780	0.756	-0.284336	0.401428	0.443501
3785	0.757	-0.283334	0.401427	0.441721
3790	0.758	-0.282388	0.401426	0.440008
3795	0.759	-0.281181	0.401401	0.438326
3800	0.76	-0.279345	0.401326	0.436634
3805	0.761	-0.276702	0.401153	0.434819
3810	0.762	-0.27325	0.40086	0.432827
3815	0.763	-0.26915	0.400427	0.430596
3820	0.764	-0.2647	0.399835	0.428061
3825	0.765	-0.260125	0.399069	0.425168
3830	0.766	-0.255585	0.398112	0.421872
3835	0.767	-0.251091	0.396954	0.418141
3840	0.768	-0.246493	0.395581	0.413952
3845	0.769	-0.241663	0.393983	0.409289
3850	0.77	-0.231589	0.392141	0.404383
3855	0.771	-0.218897	0.39005	0.399081
3860	0.772	-0.205736	0.387693	0.393212
3865	0.773	-0.193596	0.385072	0.386704
3870	0.774	-0.182854	0.382191	0.379546
3875	0.775	-0.173572	0.379055	0.371745
3880	0.776	-0.165196	0.375667	0.363341
3885	0.777	-0.157112	0.372032	0.354381
3890	0.778	-0.148797	0.368156	0.344909
3895	0.779	-0.139927	0.364043	0.334959
3900	0.78	-0.130443	0.359701	0.324552
3905	0.781	-0.117008	0.355132	0.313866
3910	0.782	-0.10174	0.350345	0.30281
3915	0.783	-0.0862925	0.345334	0.29128
3920	0.784	-0.0865814	0.340127	0.27858
3925	0.785	-0.0870839	0.334729	0.265476
3930	0.786	-0.0870385	0.329155	0.252052
3935	0.787	-0.0869631	0.323419	0.238321
3940	0.788	-0.0869128	0.317534	0.224317
3945	0.789	-0.0868744	0.311513	0.210076
3950	0.79	-0.0868396	0.305369	0.195631
3955	0.791	-0.0868155	0.299116	0.181014
3960	0.792	-0.0866577	0.292765	0.166266
3965	0.793	-0.0866581	0.28633	0.151401
3970	0.794	-0.0866647	0.279803	0.136406
3975	0.795	-0.0866712	0.273201	0.121318
3980	0.796	-0.0866682	0.266535	0.106166
3985	0.797	-0.0866723	0.259818	0.0909826
3990	0.798	-0.0866713	0.253063	0.0757965
3995	0.799	-0.0866745	0.246281	0.0606354
4000	0.8	-0.0866778	0.239483	0.0455253
4005	0.801	-0.0866791	0.232676	0.030485
4010	0.802	-0.0866876	0.225866	0.0155218
4015	0.803	-0.0865455	0.219058	0.000653061
4020	0.804	-0.0865755	0.212252	-0.0141371
4025	0.805	-0.0856649	0.210697	-0.0141086
4030	0.806	-0.0860479	0.211686	-0.00693395
4035	0.807	-0.0866222	0.212597	0.000101476
4040	0.808	-0.0867056	0.213378	0.00689419
4045	0.809	-0.0867168	0.213974	0.0132779
4050	0.81	-0.086744	0.214338	0.0191302
4055	0.811	-0.0867715	0.214432	0.0243539
4060	0.812	-0.0867922	0.214225	0.0288664
4065	0.813	-0.0868144	0.213691	0.0326031
4070	0.814	-0.086656	0.212812	0.0355258
4075	0.815	-0.0866963	0.211573	0.0375762
4080	0.816	-0.0867437	0.209938	0.0386677
4085	0.817	-0.0867841	0.207909	0.0388041
4090	0.818	-0.086814	0.205489	0.037995
4095	0.819	-0.0868427	0.202686	0.0362613
4100	0.82	-0.0868641	0.19951	0.0336309
4105	0.821	-0.0868851	0.195975	0.0301387
4110	0.822	-0.0869037	0.192096	0.0258259
4115	0.823	-0.0869181	0.187889	0.0207351
4120	0.824	-0.0869348	0.183375	0.0149156
4125	0.825	-0.0867503	0.178574	0.00843369
4130	0.826	-0.0867873	0.173504	0.00131647
4135	0.827	-0.0868419	0.16816	-0.00645062
4140	0.828	-0.0864013	0.16526	-0.00723934
4145	0.829	-0.0865718	0.163684	-0.00423157
4150	0.83	-0.0868575	0.162188	-0.00089153
4155	0.831	-0.0869658	0.16043	0.00183786
4160	0.832	-0.0869855	0.158397	0.00392019
4165	0.833	-0.087004	0.156082	0.00533026
4170	0.834	-0.087021	0.153478	0.00605404
4175	0.835	-0.0870384	0.150587	0.00609059
4180	0.836	-0.0868342	0.147412	0.00546107
4185	0.837	-0.0868746	0.143955	0.00414907
4190	0.838	-0.0869312	0.140194	0.00209763
4195	0.839	-0.0869697	0.136144	-0.000650738
4200	0.84	-0.0868658	0.132559	-0.00198521
4205	0.841	-0.0868814	0.129431	-0.00193868
4210	0.842	-0.0869508	0.126506	-0.00122889
4215	0.843	-0.0870194	0.123533	-0.000550356
4220	0.844	-0.0870607	0.120397	-0.000229451
4225	0.845	-0.0870726	0.117105	-0.000246123
4230	0.846	-0.0870741	0.113723	-0.000415094
4235	0.847	-0.0868456	0.110314	-0.00055942
4240	0.848	-0.0868796	0.106902	-0.000627855
4245	0.849	-0.0869363	0.103473	-0.000657833
4250	0.85	-0.086977	0.10003	-0.000639759
4255	0.851	-0.0870087	0.0965651	-0.00059704
4260	0.852	-0.0870369	0.0930712	-0.000553779
4265	0.853	-0.0870579	0.0895445	-0.00052304
4270	0.854	-0.0870759	0.0859856	-0.000505389
4275	0.855	-0.0870906	0.0823976	-0.000494764
4280	0.856	-0.0871018	0.0787821	-0.000487819
4285	0.857	-0.0871134	0.0751422	-0.000478568
4290	0.858	-0.0868875	0.0714786	-0.000457873
4295	0.859	-0.0869259	0.0677905	-0.000451448
4300	0.86	-0.086983	0.0640647	-0.000489118
4305	0.861	-0.0870201	0.060322	-0.000513923
4310	0.862	-0.0870485	0.05657	-0.000508166
4315	0.863	-0.0870747	0.0528073	-0.000478948
4320	0.864	-0.0870954	0.0490289	-0.000442787
4325	0.865	-0.0871135	0.0452314	-0.000412075
4330	0.866	-0.0871282	0.0414145	-0.000390632
4335	0.867	-0.0871389	0.0375784	-0.000379033
4340	0.868	-0.0871496	0.0337268	-0.000370122
4345	0.869	-0.0869174	0.0298615	-0.000351485
4350	0.87	-0.0869553	0.0259826	-0.000346999
4355	0.871	-0.0870129	0.022077	-0.00038614
4360	0.872	-0.0870496	0.0181659	-0.000411365
4365	0.873	-0.0870778	0.0142567	-0.000405067
4370	0.874	-0.0871036	0.0103477	-0.000375237
4375	0.875	-0.0871241	0.0064339	-0.00033876
4380	0.876	-0.0871416	0.00251178	-0.000308188
4385	0.877	-0.0871557	-0.00141903	-0.000287292
4390	0.878	-0.0871661	-0.00535648	-0.000273298
4395	0.879	-0.0871762	-0.00929801	-0.000262046
4400	0.88	-0.0869399	-0.0132421	-0.00024221
4405	0.881	-0.0869774	-0.017189	-0.000238267
4410	0.882	-0.0870355	-0.0211516	-0.000279583
4415	0.883	-0.087072	-0.0251084	-0.000306717
4420	0.884	-0.0871001	-0.0290517	-0.000301505
4425	0.885	-0.0871256	-0.0329834	-0.000272296
4430	0.886	-0.087146	-0.0369088	-0.000236218
4435	0.887	-0.0871634	-0.0408312	-0.000205671
4440	0.888	-0.0871772	-0.044751	-0.000184678
4445	0.889	-0.0871874	-0.0486665	-0.000170703
4450	0.89	-0.0871972	-0.0525749	-0.000159533
4455	0.891	-0.0869575	-0.056475	-0.000139997
4460	0.892	-0.0869949	-0.060367	-0.000136959
4465	0.893	-0.0870536	-0.0642641	-0.000179602
4470	0.894	-0.0870891	-0.0681442	-0.00020774
4475	0.895	-0.0871171	-0.072001	-0.000205098
4480	0.896	-0.0871413	-0.0758354	-0.000177301
4485	0.897	-0.0871622	-0.0796523	-0.000141218
4490	0.898	-0.0869308	-0.0834562	-0.000101912
4495	0.899	-0.0869742	-0.0872496	-9.02351e-005
4500	0.9	-0.0870341	-0.0910264	-8.17252e-005
4505	0.901	-0.0870766	-0.0947841	-7.03731e-005
4510	0.902	-0.0871099	-0.098522	-5.73441e-005
4515	0.903	-0.0871347	-0.10224	-4.36169e-005
4520	0.904	-0.0871576	-0.105937	-3.06898e-005
4525	0.905	-0.087173	-0.109612	-1.86188e-005
4530	0.906	-0.0871891	-0.113265	-7.57893e-006
4535	0.907	-0.0872006	-0.116893	5.00504e-006
4540	0.908	-0.0872072	-0.120492	3.07136e-005
4545	0.909	-0.0872154	-0.124057	7.89775e-005
4550	0.91	-0.0872194	-0.127584	0.000159809
4555	0.911	-0.0872234	-0.131068	0.000282039
4560	0.912	-0.0872279	-0.134511	0.000446446
4565	0.913	-0.0872294	-0.13791	0.000653353
4570	0.914	-0.0872323	-0.141267	0.000902675
4575	0.915	-0.0872359	-0.144581	0.00119333
4580	0.916	-0.087235	-0.147852	0.00152741
4585	0.917	-0.0872386	-0.15108	0.00190426
4590	0.918	-0.0872477	-0.154302	0.00221725
4595	0.919	-0.0872452	-0.157516	0.00248027
4600	0.92	-0.0872451	-0.160717	0.00270169
4605	0.921	-0.0872458	-0.163903	0.00288915
4610	0.922	-0.0872441	-0.167072	0.00305038
4615	0.923	-0.0872448	-0.170223	0.00319033
4620	0.924	-0.0872471	-0.173353	0.00331331
4625	0.925	-0.0872457	-0.176462	0.00342461
4630	0.926	-0.0872459	-0.179548	0.00352747
4635	0.927	-0.0872479	-0.182611	0.0036245
4640	0.928	-0.0872482	-0.185648	0.00371992
4645	0.929	-0.0869981	-0.188658	0.00383358
4650	0.93	-0.0870298	-0.191645	0.00393019
4655	0.931	-0.0870821	-0.194604	0.00402994
4660	0.932	-0.0871132	-0.197536	0.00413838
4665	0.933	-0.0871384	-0.200439	0.00425561
4670	0.934	-0.0871606	-0.203314	0.00438334
4675	0.935	-0.0871773	-0.206158	0.00452389
4680	0.936	-0.0869411	-0.208971	0.00469513
4685	0.937	-0.0869915	-0.211793	0.00475599
4690	0.938	-0.0870525	-0.214617	0.0047409
4695	0.939	-0.087092	-0.217437	0.00466684
4700	0.94	-0.08712	-0.220249	0.00454516
4705	0.941	-0.0871461	-0.223048	0.00438689
4710	0.942	-0.0871673	-0.225831	0.00420373
4715	0.943	-0.0871811	-0.228593	0.00400578
4720	0.944	-0.086944	-0.23133	0.00381762
4725	0.945	-0.0869868	-0.234044	0.00360939
4730	0.946	-0.0870495	-0.236729	0.0034066
4735	0.947	-0.0870905	-0.239383	0.00321925
4740	0.948	-0.0871203	-0.242003	0.00305255
4745	0.949	-0.0871415	-0.244588	0.00291061
4750	0.95	-0.0871639	-0.247136	0.00279578
4755	0.951	-0.0871852	-0.249647	0.00271123
4760	0.952	-0.0872023	-0.252117	0.00266266
4765	0.953	-0.0872156	-0.254545	0.00265529
4770	0.954	-0.0872252	-0.25693	0.00269378
4775	0.955	-0.0872328	-0.259269	0.00278111
4780	0.956	-0.0872385	-0.261562	0.00292016
4785	0.957	-0.0872439	-0.263807	0.00311404
4790	0.958	-0.0870261	-0.261917	0.0121188
4795	0.959	-0.0872345	-0.260001	0.0210995
4800	0.96	-0.0874506	-0.258071	0.0300403
4805	0.961	-0.0879169	-0.256144	0.0388878
4810	0.962	-0.088767	-0.254232	0.047602
4815	0.963	-0.0900504	-0.252344	0.0561546
4820	0.964	-0.0917496	-0.250488	0.0645273
4825	0.965	-0.0937911	-0.248667	0.0727105
4830	0.966	-0.096085	-0.246884	0.0806996
4835	0.967	-0.0985413	-0.245141	0.0884941
4840	0.968	-0.101094	-0.243439	0.0960953
4845	0.969	-0.103699	-0.241776	0.103506
4850	0.97	-0.106338	-0.240151	0.110729
4855	0.971	-0.109008	-0.238563	0.117769
4860	0.972	-0.111717	-0.237009	0.124631
4865	0.973	-0.114471	-0.235486	0.131323
4870	0.974	-0.117261	-0.233991	0.137853
4875	0.975	-0.120093	-0.232519	0.14423
4880	0.976	-0.122974	-0.231067	0.150463
4885	0.977	-0.125908	-0.22963	0.156564
4890	0.978	-0.128896	-0.228203	0.162544
4895	0.979	-0.131939	-0.226782	0.168411
4900	0.98	-0.135036	-0.225363	0.174176
4905	0.981	-0.138189	-0.223942	0.179847
4910	0.982	-0.141399	-0.222516	0.185436
4915	0.983	-0.144651	-0.221079	0.190951
4920	0.984	-0.147937	-0.219627	0.196404
4925	0.985	-0.15124	-0.218156	0.201807
4930	0.986	-0.155097	-0.216662	0.207138
4935	0.987	-0.159276	-0.215138	0.212427
4940	0.988	-0.163552	-0.213578	0.217695
4945	0.989	-0.167748	-0.211979	0.22296
4950	0.99	-0.171782	-0.210338	0.228232
4955	0.991	-0.175645	-0.208652	0.233518
4960	0.992	-0.179386	-0.206919	0.238822
4965	0.993	-0.18308	-0.205137	0.244142
4970	0.994	-0.186794	-0.203304	0.249479
4975	0.995	-0.190473	-0.201389	0.254925
4980	0.996	-0.194155	-0.199387	0.260487
4985	0.997	-0.198307	-0.197295	0.266149
4990	0.998	-0.202799	-0.195106	0.271932
4995	0.999	-0.207485	-0.192818	0.277852
5000	1	-0.2122	-0.190426	0.283923
5005	1.001	-0.216869	-0.18793	0.290156
5010	1.002	-0.221443	-0.185327	0.296558
5015	1.003	-0.225933	-0.182617	0.30313
5020	1.004	-0.230364	-0.179799	0.309874
5025	1.005	-0.234771	-0.176872	0.316787
5030	1.006	-0.239112	-0.173816	0.323929
5035	1.007	-0.24343	-0.170636	0.331285
5040	1.008	-0.248085	-0.167335	0.338829
5045	1.009	-0.25297	-0.163914	0.346554
5050	1.01	-0.257978	-0.160379	0.354455
5055	1.011	-0.262975	-0.156735	0.362522
5060	1.012	-0.267905	-0.152989	0.370741
5065	1.013	-0.272723	-0.149146	0.3791
5070	1.014	-0.277431	-0.145214	0.387578
5075	1.015	-0.282045	-0.141199	0.396158
5080	1.016	-0.28659	-0.137109	0.404817
5085	1.017	-0.291008	-0.13293	0.413597
5090	1.018	-0.295346	-0.128673	0.422469
5095	1.019	-0.299982	-0.124344	0.431388
5100	1.02	-0.304811	-0.119951	0.440337
5105	1.021	-0.309722	-0.115507	0.449292
5110	1.022	-0.314569	-0.111023	0.458231
5115	1.023	-0.319305	-0.106509	0.467127
5120	1.024	-0.323869	-0.101977	0.475958
5125	1.025	-0.328252	-0.0974379	0.484695
5130	1.026	-0.332461	-0.0928984	0.49332
5135	1.027	-0.336486	-0.088361	0.501828
5140	1.028	-0.340312	-0.0838186	0.510244
5145	1.029	-0.344004	-0.0792812	0.518537
5150	1.03	-0.347994	-0.0747484	0.52668
5155	1.031	-0.352135	-0.070219	0.534686
5160	1.032	-0.34935	-0.0657192	0.542928
5165	1.033	-0.348951	-0.0612216	0.550915
5170	1.034	-0.350992	-0.0567229	0.558645
5175	1.035	-0.3493	-0.0522464	0.566436
5180	1.036	-0.34913	-0.0477725	0.574017
5185	1.037	-0.349187	-0.0433059	0.581454
5190	1.038	-0.349201	-0.0388472	0.588762
5195	1.039	-0.349204	-0.0343961	0.595939
5200	1.04	-0.349206	-0.0299529	0.602985
5205	1.041	-0.349229	-0.0255174	0.6099
5210	1.042	-0.349231	-0.0210874	0.616691
5215	1.043	-0.349231	-0.0166635	0.623358
5220	1.044	-0.34923	-0.0122459	0.629901
5225	1.045	-0.349229	-0.00783472	0.63632
5230	1.046	-0.349227	-0.00343008	0.642617
5235	1.047	-0.349225	0.000968023	0.648792
5240	1.048	-0.349223	0.00535982	0.654846
5245	1.049	-0.34922	0.00974535	0.66078
5250	1.05	-0.349218	0.0141245	0.666595
5255	1.051	-0.349215	0.0184971	0.672291
5260	1.052	-0.349235	0.0228631	0.677868
5265	1.053	-0.349232	0.0272251	0.683333
5270	1.054	-0.349227	0.0315827	0.688686
5275	1.055	-0.349222	0.0359357	0.693926
5280	1.056	-0.349218	0.0402838	0.699054
5285	1.057	-0.349215	0.0446269	0.70407
5290	1.058	-0.349211	0.0489648	0.708975
5295	1.059	-0.349208	0.0532977	0.71377
5300	1.06	-0.349204	0.0576253	0.718454
5305	1.061	-0.349201	0.0619474	0.723029
5310	1.062	-0.349198	0.0662636	0.727494
5315	1.063	-0.349219	0.0705734	0.731847
5320	1.064	-0.349215	0.0748795	0.736097
5325	1.065	-0.349211	0.0791809	0.740242
5330	1.066	-0.349206	0.0834775	0.744281
5335	1.067	-0.349202	0.0877684	0.748214
5340	1.068	-0.349198	0.0920535	0.752041
5345	1.069	-0.349194	0.0963323	0.755762
5350	1.07	-0.349191	0.100604	0.759377
5355	1.071	-0.349188	0.104869	0.762886
5360	1.072	-0.349185	0.109127	0.766289
5365	1.073	-0.349182	0.113378	0.769586
5370	1.074	-0.349204	0.117621	0.772777
5375	1.075	-0.349201	0.121858	0.775868
5380	1.076	-0.349197	0.126089	0.778857
5385	1.077	-0.349192	0.130313	0.781744
5390	1.078	-0.349189	0.134529	0.784527
5395	1.079	-0.349185	0.138736	0.787206
5400	1.08	-0.349182	0.142933	0.789779
5405	1.081	-0.349179	0.147121	0.792247
5410	1.082	-0.349176	0.151297	0.794609
5415	1.083	-0.349173	0.155463	0.796864
5420	1.084	-0.349171	0.159616	0.799013
5425	1.085	-0.349194	0.163757	0.801053
5430	1.086	-0.349191	0.167889	0.802993
5435	1.087	-0.349186	0.172009	0.80483
5440	1.088	-0.349182	0.176119	0.806564
5445	1.089	-0.349179	0.180217	0.808195
5450	1.09	-0.349175	0.184303	0.809723
5455	1.091	-0.349172	0.188377	0.811146
5460	1.092	-0.34917	0.192437	0.812465
5465	1.093	-0.349167	0.196483	0.813678
5470	1.094	-0.349165	0.200514	0.814786
5475	1.095	-0.349162	0.204529	0.815786
5480	1.096	-0.349186	0.208528	0.816676
5485	1.097	-0.349183	0.212512	0.817465
5490	1.098	-0.349179	0.21648	0.81815
5495	1.099	-0.349175	0.220433	0.818729
5500	1.1	-0.349172	0.224368	0.819202
5505	1.101	-0.349168	0.228286	0.819567
5510	1.102	-0.349165	0.232184	0.819825
5515	1.103	-0.349163	0.236063	0.819975
5520	1.104	-0.34916	0.239923	0.820016
5525	1.105	-0.349158	0.243762	0.819948
5530	1.106	-0.349156	0.247579	0.819771
5535	1.107	-0.34918	0.251376	0.819483
5540	1.108	-0.349178	0.255153	0.819092
5545	1.109	-0.349174	0.258911	0.818596
5550	1.11	-0.34917	0.262648	0.817995
5555	1.111	-0.349167	0.266365	0.817288
5560	1.112	-0.349163	0.27006	0.816475
5565	1.113	-0.349161	0.273733	0.815555
5570	1.114	-0.349158	0.277383	0.814527
5575	1.115	-0.349156	0.28101	0.813393
5580	1.116	-0.349154	0.284613	0.81215
5585	1.117	-0.349152	0.288191	0.8108
5590	1.118	-0.349176	0.291745	0.809339
5595	1.119	-0.349174	0.295276	0.807777
5600	1.12	-0.34917	0.298784	0.806112
5605	1.121	-0.349166	0.302269	0.804342
5610	1.122	-0.349163	0.305729	0.802467
5615	1.123	-0.34916	0.309164	0.800488
5620	1.124	-0.349157	0.312573	0.798403
5625	1.125	-0.349155	0.315957	0.796212
5630	1.126	-0.349152	0.319313	0.793915
5635	1.127	-0.349151	0.322642	0.791512
5640	1.128	-0.349149	0.325944	0.789002
5645	1.129	-0.349147	0.329217	0.786385
5650	1.13	-0.349172	0.332464	0.783665
5655	1.131	-0.34917	0.335685	0.780845
5660	1.132	-0.349166	0.33888	0.777923
5665	1.133	-0.349163	0.342047	0.774902
5670	1.134	-0.349159	0.34519	0.771787
5675	1.135	-0.349183	0.348309	0.768581
5680	1.136	-0.349174	0.35143	0.765365
5685	1.137	-0.349168	0.354552	0.762135
5690	1.138	-0.349165	0.357674	0.758889
5695	1.139	-0.349155	0.360821	0.755701
5700	1.14	-0.349152	0.363989	0.752558
5705	1.141	-0.34915	0.367175	0.749455
5710	1.142	-0.349142	0.370402	0.746457
5715	1.143	-0.34914	0.373664	0.743549
5720	1.144	-0.349139	0.376956	0.740716
5725	1.145	-0.349138	0.380276	0.737949
5730	1.146	-0.349163	0.383619	0.735232
5735	1.147	-0.349162	0.386979	0.732556
5740	1.148	-0.349158	0.390353	0.729906
5745	1.149	-0.349181	0.393735	0.72727
5750	1.15	-0.349178	0.397121	0.72464
5755	1.151	-0.349167	0.400534	0.722083
5760	1.152	-0.349163	0.403969	0.719582
5765	1.153	-0.343024	0.401666	0.707216
5770	1.154	-0.339848	0.399385	0.694712
5775	1.155	-0.33941	0.397161	0.682184
5780	1.156	-0.341347	0.395028	0.669741
5785	1.157	-0.345302	0.393016	0.657487
5790	1.158	-0.350249	0.391146	0.645547
5795	1.159	-0.3493	0.389401	0.634322
5800	1.16	-0.349079	0.387832	0.623524
5805	1.161	-0.348805	0.386554	0.613881
5810	1.162	-0.346976	0.385526	0.605102
5815	1.163	-0.344352	0.384749	0.597109
5820	1.164	-0.34134	0.384262	0.58998
5825	1.165	-0.338214	0.384066	0.583701
5830	1.166	-0.335032	0.384159	0.578261
5835	1.167	-0.33187	0.384537	0.573638
5840	1.168	-0.328828	0.385191	0.569799
5845	1.169	-0.326224	0.386109	0.566682
5850	1.17	-0.324123	0.38728	0.56424
5855	1.171	-0.322454	0.388725	0.562535
5860	1.172	-0.321337	0.390424	0.561501
5865	1.173	-0.320856	0.392357	0.561074
5870	1.174	-0.321056	0.394503	0.561192
5875	1.175	-0.321955	0.396841	0.561799
5880	1.176	-0.323548	0.399352	0.562845
5885	1.177	-0.325602	0.402016	0.564298
5890	1.178	-0.324793	0.40155	0.560117
5895	1.179	-0.323765	0.401203	0.55632
5900	1.18	-0.322748	0.400982	0.552901
5905	1.181	-0.321872	0.400889	0.549861
5910	1.182	-0.321129	0.400926	0.547201
5915	1.183	-0.320489	0.40109	0.544919
5920	1.184	-0.319936	0.40138	0.543008
5925	1.185	-0.319459	0.401791	0.541455
5930	1.186	-0.31841	0.401458	0.538639
5935	1.187	-0.317364	0.401234	0.536156
5940	1.188	-0.316314	0.401117	0.534001
5945	1.189	-0.31544	0.401102	0.532139
5950	1.19	-0.314746	0.40118	0.530552
5955	1.191	-0.314199	0.401347	0.52922
5960	1.192	-0.313777	0.401592	0.528123
5965	1.193	-0.312998	0.401443	0.526385
5970	1.194	-0.312308	0.401355	0.524842
5975	1.195	-0.311659	0.401319	0.523472
5980	1.196	-0.311031	0.401323	0.522251
5985	1.197	-0.310364	0.401353	0.52115
5990	1.198	-0.309514	0.40139	0.520136
5995	1.199	-0.308341	0.401416	0.519177
6000	1.2	-0.306724	0.401413	0.518237
6005	1.201	-0.304576	0.401358	0.517275
6010	1.202	-0.301813	0.401232	0.516244
6015	1.203	-0.29845	0.400994	0.515042
6020	1.204	-0.294576	0.400627	0.513619
6025	1.205	-0.290295	0.400113	0.511928
6030	1.206	-0.285823	0.399439	0.509918
6035	1.207	-0.281268	0.398588	0.507549
6040	1.208	-0.276684	0.397548	0.504782
6045	1.209	-0.272012	0.396304	0.50159
6050	1.21	-0.267084	0.394845	0.497954
6055	1.211	-0.261789	0.39316	0.49385
6060	1.212	-0.251132	0.391215	0.489477
6065	1.213	-0.237862	0.389008	0.484671
6070	1.214	-0.224229	0.386525	0.479264
6075	1.215	-0.211762	0.383773	0.473191
6080	1.216	-0.200749	0.380759	0.466449
6085	1.217	-0.191246	0.377489	0.45905
6090	1.218	-0.182668	0.373965	0.451038
6095	1.219	-0.174386	0.370193	0.442458
6100	1.22	-0.16586	0.366176	0.433357
6105	1.221	-0.156757	0.361921	0.42377
6110	1.222	-0.146999	0.357435	0.413723
6115	1.223	-0.133237	0.352713	0.403381
6120	1.224	-0.117606	0.347769	0.392662
6125	1.225	-0.101781	0.342605	0.381476
6130	1.226	-0.0869372	0.337236	0.369802
6135	1.227	-0.0866605	0.331724	0.357128
6140	1.228	-0.0870899	0.326044	0.344079
6145	1.229	-0.0870465	0.320209	0.330752
6150	1.23	-0.0869758	0.314231	0.317165
6155	1.231	-0.0869209	0.308123	0.303351
6160	1.232	-0.086877	0.301898	0.289343
6165	1.233	-0.086846	0.295568	0.275174
6170	1.234	-0.0866832	0.289146	0.260883
6175	1.235	-0.0866802	0.282645	0.246487
6180	1.236	-0.0866839	0.27606	0.231978
6185	1.237	-0.0866877	0.269406	0.217392
6190	1.238	-0.0866791	0.262695	0.20276
6195	1.239	-0.086678	0.255941	0.188112
6200	1.24	-0.0866744	0.249155	0.173478
6205	1.241	-0.086676	0.242347	0.158882
6210	1.242	-0.0866775	0.235529	0.144349
6215	1.243	-0.0866773	0.228709	0.129901
6220	1.244	-0.0866835	0.221898	0.11556
6225	1.245	-0.0865406	0.215103	0.101352
6230	1.246	-0.0865686	0.208331	0.0872791
6235	1.247	-0.0866049	0.201569	0.0733024
6240	1.248	-0.0866368	0.194826	0.0594476
6245	1.249	-0.0866554	0.18811	0.0457343
6250	1.25	-0.0866802	0.181431	0.032182
6255	1.251	-0.0866978	0.174793	0.0188031
6260	1.252	-0.0867177	0.168197	0.00559594
6265	1.253	-0.0867357	0.161646	-0.00743848
6270	1.254	-0.0860889	0.158831	-0.00993341
6275	1.255	-0.0862711	0.158292	-0.00603949
6280	1.256	-0.086495	0.158133	-0.00102991
6285	1.257	-0.0866524	0.157922	0.00390091
6290	1.258	-0.0867049	0.157583	0.00855084
6295	1.259	-0.0867502	0.157076	0.0128166
6300	1.26	-0.0867852	0.15637	0.0166135
6305	1.261	-0.0868222	0.155437	0.0198731
6310	1.262	-0.0868496	0.154256	0.0225397
6315	1.263	-0.0868752	0.152808	0.0245676
6320	1.264	-0.0868967	0.151081	0.0259249
6325	1.265	-0.0869131	0.149066	0.0265909
6330	1.266	-0.0869296	0.14676	0.0265547
6335	1.267	-0.0867466	0.144163	0.0258278
6340	1.268	-0.0867854	0.141274	0.0243894
6345	1.269	-0.0868416	0.13807	0.0221818
6350	1.27	-0.0868834	0.134565	0.0192412
6355	1.271	-0.0869114	0.130771	0.0156041
6360	1.272	-0.0869394	0.126706	0.0113118
6365	1.273	-0.0869604	0.122386	0.00640924
6370	1.274	-0.0869802	0.117828	0.000940761
6375	1.275	-0.086997	0.113051	-0.00504432
6380	1.276	-0.0866357	0.110166	-0.00562595
6385	1.277	-0.0867616	0.1083	-0.00328414
6390	1.278	-0.0867565	0.10649	-0.00069364
6395	1.279	-0.0868641	0.104463	0.00137891
6400	1.28	-0.0869222	0.10218	0.0028264
6405	1.281	-0.0869637	0.099639	0.00364468
6410	1.282	-0.0869934	0.0968415	0.00383688
6415	1.283	-0.0870219	0.093792	0.00341431
6420	1.284	-0.0870429	0.0904974	0.00239438
6425	1.285	-0.0870614	0.0869647	0.000795303
6430	1.286	-0.0870763	0.0832044	-0.00135621
6435	1.287	-0.0869551	0.079961	-0.00197292
6440	1.288	-0.086984	0.0770729	-0.0015224
6445	1.289	-0.0868219	0.0742646	-0.000763797
6450	1.29	-0.0869003	0.071344	-0.000253955
6455	1.291	-0.0869675	0.0682469	-0.000163922
6460	1.292	-0.0869974	0.0650374	-0.0003147
6465	1.293	-0.0870112	0.0617912	-0.00049745
6470	1.294	-0.0870297	0.0585521	-0.000592887
6475	1.295	-0.0870493	0.0553255	-0.00058743
6480	1.296	-0.0870707	0.0520948	-0.000529124
6485	1.297	-0.0870892	0.0488432	-0.000466932
6490	1.298	-0.0871029	0.045562	-0.000427427
6495	1.299	-0.0871152	0.0422517	-0.000412335
6500	1.3	-0.0868887	0.0389163	-0.000402576
6505	1.301	-0.0869263	0.0355596	-0.000410597
6510	1.302	-0.086983	0.0321714	-0.000457649
6515	1.303	-0.0870199	0.0287729	-0.000485267
6520	1.304	-0.0870468	0.0253708	-0.000478025
6525	1.305	-0.0870734	0.0219621	-0.000446565
6530	1.306	-0.0870945	0.0185414	-0.000409164
6535	1.307	-0.0871129	0.0151036	-0.000381118
6540	1.308	-0.0871274	0.0116493	-0.000363243
6545	1.309	-0.0871383	0.00818097	-0.000351371
6550	1.31	-0.0871491	0.00470125	-0.000340993
6555	1.311	-0.0869171	0.00121129	-0.000321461
6560	1.312	-0.086955	-0.00228926	-0.000317403
6565	1.313	-0.0870128	-0.00581334	-0.000357758
6570	1.314	-0.0870493	-0.00933988	-0.000384476
6575	1.315	-0.0870762	-0.0128612	-0.000379409
6580	1.316	-0.0871021	-0.0163791	-0.000350368
6585	1.317	-0.0871227	-0.0199001	-0.000316757
6590	1.318	-0.0871404	-0.0234268	-0.000288518
6595	1.319	-0.0871546	-0.0269593	-0.000269043
6600	1.32	-0.0871651	-0.030496	-0.000255664
6605	1.321	-0.0871753	-0.0340342	-0.00024444
6610	1.322	-0.086939	-0.0375728	-0.000224706
6615	1.323	-0.0869766	-0.0411122	-0.000221087
6620	1.324	-0.0870348	-0.0446653	-0.000262771
6625	1.325	-0.0870713	-0.0482107	-0.000290652
6630	1.326	-0.0870981	-0.0517407	-0.000286243
6635	1.327	-0.0871237	-0.0552573	-0.000257646
6640	1.328	-0.0871443	-0.0587669	-0.000224108
6645	1.329	-0.0871617	-0.0622721	-0.000195748
6650	1.33	-0.0871756	-0.0657731	-0.000175766
6655	1.331	-0.087186	-0.0692681	-0.000161946
6660	1.332	-0.0871959	-0.0727546	-0.000150366
6665	1.333	-0.0869562	-0.0762313	-0.000129995
6670	1.334	-0.0869938	-0.0796987	-0.000126208
6675	1.335	-0.0870526	-0.0831699	-0.000168748
6680	1.336	-0.0870879	-0.0866232	-0.000197149
6685	1.337	-0.0871149	-0.0900508	-0.000192801
6690	1.338	-0.0871394	-0.0934544	-0.000163865
6695	1.339	-0.0871605	-0.0968408	-0.000129879
6700	1.34	-0.086929	-0.100213	-9.34565e-005
6705	1.341	-0.0869725	-0.103575	-8.43183e-005
6710	1.342	-0.0870324	-0.106918	-7.76447e-005
6715	1.343	-0.0870748	-0.110242	-6.70817e-005
6720	1.344	-0.0871083	-0.113545	-5.38772e-005
6725	1.345	-0.0871331	-0.116827	-3.9607e-005
6730	1.346	-0.0871562	-0.120088	-2.66352e-005
6735	1.347	-0.0871716	-0.123327	-1.52244e-005
6740	1.348	-0.0871866	-0.126544	-5.1574e-006
6745	1.349	-0.087198	-0.129736	7.14577e-006
6750	1.35	-0.0872049	-0.132898	3.1619e-005
6755	1.351	-0.0872133	-0.136028	7.65477e-005
6760	1.352	-0.0872175	-0.139123	0.00014743
6765	1.353	-0.0872235	-0.142182	0.000245834
6770	1.354	-0.0872282	-0.145205	0.000372039
6775	1.355	-0.0872291	-0.148191	0.000527672
6780	1.356	-0.0872314	-0.151141	0.000712742
6785	1.357	-0.0872346	-0.154055	0.000925848
6790	1.358	-0.0872334	-0.156933	0.00116724
6795	1.359	-0.0872357	-0.159776	0.00143556
6800	1.36	-0.087238	-0.162583	0.00172989
6805	1.361	-0.0869898	-0.165352	0.00206812
6810	1.362	-0.0870235	-0.168089	0.00241307
6815	1.363	-0.087076	-0.170792	0.00278084
6820	1.364	-0.0871074	-0.17346	0.00317402
6825	1.365	-0.0871347	-0.176094	0.00359019
6830	1.366	-0.0871571	-0.178695	0.00402753
6835	1.367	-0.0871711	-0.181263	0.00448565
6840	1.368	-0.0871868	-0.183798	0.00496251
6845	1.369	-0.0871993	-0.186301	0.00545658
6850	1.37	-0.0872057	-0.188773	0.00596782
6855	1.371	-0.0872122	-0.191214	0.00649452
6860	1.372	-0.0872197	-0.193625	0.00703404
6865	1.373	-0.0872243	-0.196005	0.00758577
6870	1.374	-0.0872267	-0.198357	0.00814847
6875	1.375	-0.0872329	-0.20068	0.00871932
6880	1.376	-0.0872366	-0.202975	0.0092976
6885	1.377	-0.0872368	-0.205243	0.00988236
6890	1.378	-0.0872376	-0.207484	0.0104714
6895	1.379	-0.0872483	-0.209737	0.0109581
6900	1.38	-0.0872495	-0.211996	0.0113583
6905	1.381	-0.0872459	-0.214256	0.0116848
6910	1.382	-0.0872451	-0.216514	0.0119474
6915	1.383	-0.0872473	-0.218767	0.0121562
6920	1.384	-0.0872483	-0.221009	0.0123214
6925	1.385	-0.0872461	-0.22324	0.0124513
6930	1.386	-0.0869961	-0.225454	0.0125689
6935	1.387	-0.0870287	-0.227653	0.0126447
6940	1.388	-0.0870834	-0.229833	0.0127033
6945	1.389	-0.0871179	-0.231991	0.0127537
6950	1.39	-0.0871426	-0.234125	0.0128001
6955	1.391	-0.0871591	-0.236234	0.0128457
6960	1.392	-0.087178	-0.238317	0.0128939
6965	1.393	-0.0871965	-0.240371	0.0129501
6970	1.394	-0.0872108	-0.242395	0.0130197
6975	1.395	-0.0872216	-0.244387	0.0131059
6980	1.396	-0.0872288	-0.246347	0.0132112
6985	1.397	-0.0872344	-0.248273	0.0133383
6990	1.398	-0.0872382	-0.250165	0.0134896
6995	1.399	-0.087242	-0.25202	0.0136678
7000	1.4	-0.0872454	-0.253838	0.013876
7005	1.401	-0.0872498	-0.255617	0.0141172
7010	1.402	-0.0872545	-0.257356	0.0143955
7015	1.403	-0.0872598	-0.259052	0.0147154
7020	1.404	-0.0872675	-0.260704	0.0150824
7025	1.405	-0.0874321	-0.262309	0.015492
7030	1.406	-0.0855524	-0.261856	0.0203512
7035	1.407	-0.0871568	-0.261391	0.0250213
7040	1.408	-0.0892639	-0.260893	0.0296793
7045	1.409	-0.091654	-0.260364	0.034328
7050	1.41	-0.0941836	-0.259805	0.0389686
7055	1.411	-0.0967654	-0.259218	0.0436023
7060	1.412	-0.0993451	-0.258602	0.0482282
7065	1.413	-0.10192	-0.25796	0.0528427
7070	1.414	-0.104524	-0.257292	0.0574409
7075	1.415	-0.107187	-0.2566	0.0620189
7080	1.416	-0.109921	-0.255884	0.0665747
7085	1.417	-0.112722	-0.255143	0.0711091
7090	1.418	-0.115571	-0.254377	0.0756246
7095	1.419	-0.118429	-0.253584	0.0801263
7100	1.42	-0.121299	-0.252762	0.0846179
7105	1.421	-0.124191	-0.251908	0.0891038
7110	1.422	-0.127118	-0.251021	0.093589
7115	1.423	-0.130095	-0.250097	0.0980788
7120	1.424	-0.133141	-0.249133	0.102579
7125	1.425	-0.136258	-0.248126	0.107096
7130	1.426	-0.139439	-0.247071	0.111638
7135	1.427	-0.142635	-0.245959	0.116237
7140	1.428	-0.14585	-0.244786	0.120894
7145	1.429	-0.149089	-0.243547	0.125624
7150	1.43	-0.152357	-0.242239	0.130428
7155	1.431	-0.156176	-0.240864	0.13528
7160	1.432	-0.160336	-0.239418	0.140197
7165	1.433	-0.164629	-0.237896	0.145198
7170	1.434	-0.168883	-0.236293	0.150303
7175	1.435	-0.173007	-0.234606	0.155528
7180	1.436	-0.176974	-0.23283	0.160887
7185	1.437	-0.180828	-0.23096	0.166386
7190	1.438	-0.184521	-0.228967	0.172111
7195	1.439	-0.188164	-0.226851	0.178055
7200	1.44	-0.191854	-0.224608	0.184223
7205	1.441	-0.19564	-0.222238	0.190611
7210	1.442	-0.199948	-0.219742	0.197194
7215	1.443	-0.204622	-0.217119	0.203978
7220	1.444	-0.2095	-0.21437	0.210972
7225	1.445	-0.214412	-0.211494	0.218183
7230	1.446	-0.219279	-0.208492	0.225611
7235	1.447	-0.224033	-0.205367	0.23326
7240	1.448	-0.228685	-0.202119	0.24112
7245	1.449	-0.233175	-0.198731	0.249246
7250	1.45	-0.237586	-0.195209	0.257617
7255	1.451	-0.24199	-0.191556	0.266221
7260	1.452	-0.246437	-0.187779	0.275034
7265	1.453	-0.251263	-0.183885	0.284021
7270	1.454	-0.256342	-0.179881	0.293166
7275	1.455	-0.261547	-0.175774	0.302456
7280	1.456	-0.266724	-0.171571	0.311879
7285	1.457	-0.271811	-0.167282	0.321418
7290	1.458	-0.276747	-0.162911	0.331057
7295	1.459	-0.281541	-0.158469	0.340774
7300	1.46	-0.286117	-0.153941	0.350611
7305	1.461	-0.290555	-0.149339	0.360532
7310	1.462	-0.294927	-0.14467	0.370511
7315	1.463	-0.299272	-0.13995	0.380511
7320	1.464	-0.303979	-0.135188	0.39048
7325	1.465	-0.308913	-0.130397	0.400389
7330	1.466	-0.313931	-0.125589	0.410219
7335	1.467	-0.318864	-0.120775	0.41995
7340	1.468	-0.323655	-0.115966	0.429559
7345	1.469	-0.328224	-0.111169	0.439027
7350	1.47	-0.332557	-0.106394	0.448337
7355	1.471	-0.336565	-0.101625	0.457537
7360	1.472	-0.340346	-0.096873	0.466593
7365	1.473	-0.343991	-0.0921431	0.475485
7370	1.474	-0.347503	-0.087435	0.484215
7375	1.475	-0.351371	-0.0827479	0.492755
7380	1.476	-0.349317	-0.0780979	0.50145
7385	1.477	-0.349084	-0.0734687	0.509882
7390	1.478	-0.34915	-0.0688619	0.518133
7395	1.479	-0.349175	-0.0642778	0.526221
7400	1.48	-0.349184	-0.0597156	0.534147
7405	1.481	-0.349191	-0.0551745	0.541911
7410	1.482	-0.349196	-0.0506536	0.549516
7415	1.483	-0.349201	-0.0461522	0.556964
7420	1.484	-0.349205	-0.0416668	0.564261
7425	1.485	-0.349207	-0.0371971	0.571411
7430	1.486	-0.34923	-0.0327425	0.578414
7435	1.487	-0.349232	-0.0283031	0.585274
7440	1.488	-0.349231	-0.0238784	0.591991
7445	1.489	-0.349229	-0.0194681	0.598567
7450	1.49	-0.349227	-0.0150717	0.605005
7455	1.491	-0.349225	-0.0106887	0.611306
7460	1.492	-0.349222	-0.00631863	0.617472
7465	1.493	-0.34922	-0.00196073	0.623506
7470	1.494	-0.349217	0.00238577	0.62941
7475	1.495	-0.349215	0.0067242	0.635191
7480	1.496	-0.349212	0.0110547	0.64085
7485	1.497	-0.349232	0.0153774	0.646387
7490	1.498	-0.349229	0.0196921	0.651805
7495	1.499	-0.349224	0.0239987	0.657103
7500	1.5	-0.349219	0.0282975	0.662284
7505	1.501	-0.349215	0.0325884	0.667346
7510	1.502	-0.349211	0.0368716	0.672293
7515	1.503	-0.349208	0.0411471	0.677123
7520	1.504	-0.349204	0.0454152	0.68184
7525	1.505	-0.349201	0.049676	0.686442
7530	1.506	-0.349198	0.0539325	0.690938
7535	1.507	-0.349195	0.0581845	0.695327
7540	1.508	-0.349216	0.062432	0.699608
7545	1.509	-0.349213	0.066674	0.703783
7550	1.51	-0.349208	0.0709104	0.707852
7555	1.511	-0.349203	0.0751408	0.711813
7560	1.512	-0.3492	0.0793646	0.715668
7565	1.513	-0.349196	0.0835817	0.719415
7570	1.514	-0.349192	0.0877916	0.723056
7575	1.515	-0.349189	0.0919942	0.72659
7580	1.516	-0.349186	0.0961891	0.730017
7585	1.517	-0.349183	0.100379	0.733344
7590	1.518	-0.34918	0.104565	0.736569
7595	1.519	-0.349203	0.108744	0.739693
7600	1.52	-0.3492	0.112919	0.742718
7605	1.521	-0.349195	0.117086	0.745641
7610	1.522	-0.349191	0.121247	0.748463
7615	1.523	-0.349187	0.1254	0.751182
7620	1.524	-0.349183	0.129545	0.753798
7625	1.525	-0.34918	0.13368	0.75631
7630	1.526	-0.349177	0.137805	0.758717
7635	1.527	-0.349174	0.14192	0.76102
7640	1.528	-0.349172	0.146028	0.763223
7645	1.529	-0.349169	0.150127	0.765325
7650	1.53	-0.349193	0.154217	0.767326
7655	1.531	-0.34919	0.158297	0.769227
7660	1.532	-0.349185	0.162367	0.771027
7665	1.533	-0.349181	0.166426	0.772724
7670	1.534	-0.349178	0.170473	0.774318
7675	1.535	-0.349174	0.174509	0.775811
7680	1.536	-0.349171	0.178533	0.7772
7685	1.537	-0.349168	0.182544	0.778487
7690	1.538	-0.349166	0.186542	0.77967
7695	1.539	-0.349164	0.190529	0.780756
7700	1.54	-0.349161	0.194506	0.781743
7705	1.541	-0.349185	0.19847	0.782629
7710	1.542	-0.349183	0.202421	0.783415
7715	1.543	-0.349178	0.206357	0.784098
7720	1.544	-0.349174	0.210278	0.784678
7725	1.545	-0.349171	0.214183	0.785154
7730	1.546	-0.349168	0.21807	0.785524
7735	1.547	-0.349165	0.22194	0.785788
7740	1.548	-0.349162	0.225794	0.785951
7745	1.549	-0.34916	0.229633	0.786013
7750	1.55	-0.349158	0.233455	0.785972
7755	1.551	-0.349155	0.237259	0.785829
7760	1.552	-0.34918	0.241046	0.78558
7765	1.553	-0.349177	0.244813	0.785229
7770	1.554	-0.349173	0.248561	0.784774
7775	1.555	-0.349169	0.252289	0.784213
7780	1.556	-0.349166	0.255997	0.783548
7785	1.557	-0.349163	0.259683	0.782776
7790	1.558	-0.34916	0.263347	0.781899
7795	1.559	-0.349158	0.266993	0.780922
7800	1.56	-0.349155	0.270619	0.779843
7805	1.561	-0.349153	0.274224	0.778663
7810	1.562	-0.349151	0.277809	0.77738
7815	1.563	-0.349176	0.281372	0.775994
7820	1.564	-0.349174	0.284912	0.774506
7825	1.565	-0.349169	0.28843	0.772915
7830	1.566	-0.349166	0.291925	0.771221
7835	1.567	-0.349163	0.295395	0.769422
7840	1.568	-0.34916	0.298842	0.76752
7845	1.569	-0.349157	0.302263	0.765514
7850	1.57	-0.349155	0.305662	0.763409
7855	1.571	-0.349153	0.309039	0.761204
7860	1.572	-0.349151	0.312392	0.7589
7865	1.573	-0.349149	0.315721	0.756496
7870	1.574	-0.349147	0.319025	0.753991
7875	1.575	-0.349146	0.322303	0.751385
7880	1.576	-0.34914	0.325579	0.748747
7885	1.577	-0.349138	0.328851	0.746073
7890	1.578	-0.349164	0.332119	0.743359
7895	1.579	-0.349162	0.33538	0.740607
7900	1.58	-0.349158	0.338634	0.737813
7905	1.581	-0.349155	0.341884	0.734982
7910	1.582	-0.349147	0.345155	0.732191
7915	1.583	-0.349145	0.348444	0.729429
7920	1.584	-0.349143	0.351747	0.72669
7925	1.585	-0.349142	0.355062	0.723965
7930	1.586	-0.34914	0.358385	0.721246
7935	1.587	-0.349139	0.361715	0.718528
7940	1.588	-0.349138	0.365048	0.715804
7945	1.589	-0.349137	0.368381	0.713067
7950	1.59	-0.349135	0.371714	0.710315
7955	1.591	-0.349129	0.375071	0.707623
7960	1.592	-0.349128	0.378449	0.704977
7965	1.593	-0.349128	0.381842	0.702367
7970	1.594	-0.349127	0.385247	0.699782
7975	1.595	-0.349127	0.38866	0.697211
7980	1.596	-0.349127	0.392076	0.694646
7985	1.597	-0.349126	0.395493	0.692076
7990	1.598	-0.349126	0.398907	0.689496
7995	1.599	-0.349153	0.402317	0.686897
8000	1.6	-0.345795	0.401595	0.677006
8005	1.601	-0.344816	0.400902	0.667049
8010	1.602	-0.346058	0.400264	0.657102
8015	1.603	-0.348801	0.399702	0.647265
8020	1.604	-0.352223	0.399233	0.637638
8025	1.605	-0.349327	0.398835	0.628619
8030	1.606	-0.347551	0.398634	0.620337
8035	1.607	-0.345892	0.398581	0.612418
8040	1.608	-0.344888	0.398729	0.605137
8045	1.609	-0.34397	0.399074	0.598448
8050	1.61	-0.343095	0.399623	0.592369
8055	1.611	-0.342196	0.400379	0.586921
8060	1.612	-0.341236	0.401346	0.582113
8065	1.613	-0.340177	0.40252	0.577942
8070	1.614	-0.33697	0.401517	0.570032
8075	1.615	-0.333537	0.400713	0.562753
8080	1.616	-0.32994	0.400116	0.556122
8085	1.617	-0.326245	0.399734	0.550145
8090	1.618	-0.32269	0.399568	0.544803
8095	1.619	-0.319401	0.399616	0.540069
8100	1.62	-0.316428	0.399875	0.535931
8105	1.621	-0.313826	0.400341	0.532366
8110	1.622	-0.311645	0.401008	0.529353
8115	1.623	-0.309925	0.401869	0.526864
8120	1.624	-0.307474	0.401479	0.522191
8125	1.625	-0.305392	0.401267	0.518013
8130	1.626	-0.303711	0.401232	0.514321
8135	1.627	-0.302413	0.401371	0.511108
8140	1.628	-0.301473	0.401681	0.508361
8145	1.629	-0.300205	0.401452	0.50475
8150	1.63	-0.299039	0.401383	0.501602
8155	1.631	-0.298136	0.40147	0.498882
8160	1.632	-0.297191	0.401436	0.496071
8165	1.633	-0.296349	0.40143	0.493442
8170	1.634	-0.295584	0.401431	0.490944
8175	1.635	-0.294859	0.401431	0.488562
8180	1.636	-0.294144	0.40143	0.486293
8185	1.637	-0.293419	0.40143	0.484132
8190	1.638	-0.292666	0.401429	0.482074
8195	1.639	-0.291875	0.401428	0.480114
8200	1.64	-0.291044	0.401428	0.478245
8205	1.641	-0.290176	0.401427	0.476462
8210	1.642	-0.28928	0.401426	0.474757
8215	1.643	-0.288237	0.401414	0.473108
8220	1.644	-0.286788	0.401369	0.47148
8225	1.645	-0.284694	0.401267	0.469831
8230	1.646	-0.281785	0.401086	0.468112
8235	1.647	-0.278116	0.400802	0.466264
8240	1.648	-0.273898	0.400395	0.464216
8245	1.649	-0.269401	0.399844	0.461902
8250	1.65	-0.264885	0.399132	0.459262
8255	1.651	-0.260404	0.398242	0.456252
8260	1.652	-0.255997	0.397162	0.452837
8265	1.653	-0.24635	0.395859	0.449238
8270	1.654	-0.234289	0.394325	0.445265
8275	1.655	-0.222085	0.392538	0.440734
8280	1.656	-0.211233	0.3905	0.43557
8285	1.657	-0.202022	0.388213	0.429759
8290	1.658	-0.194332	0.385676	0.423312
8295	1.659	-0.187502	0.382889	0.416267
8300	1.66	-0.18076	0.379853	0.408668
8305	1.661	-0.173557	0.37657	0.400554
8310	1.662	-0.165456	0.373041	0.391957
8315	1.663	-0.156473	0.369271	0.382888
8320	1.664	-0.143109	0.365255	0.373519
8325	1.665	-0.12769	0.361001	0.363747
8330	1.666	-0.111912	0.356503	0.353464
8335	1.667	-0.0970005	0.351777	0.34264
8340	1.668	-0.0835917	0.346834	0.331273
8345	1.669	-0.0865822	0.34172	0.318766
8350	1.67	-0.0871884	0.336417	0.305977
8355	1.671	-0.087045	0.33094	0.292885
8360	1.672	-0.0869658	0.325301	0.279485
8365	1.673	-0.0869129	0.319513	0.265812
8370	1.674	-0.0868795	0.313588	0.251899
8375	1.675	-0.0867122	0.307538	0.237783
8380	1.676	-0.0867074	0.301375	0.223481
8385	1.677	-0.086704	0.295094	0.208986
8390	1.678	-0.0867029	0.288711	0.194336
8395	1.679	-0.0866925	0.282238	0.179562
8400	1.68	-0.0866882	0.27569	0.1647
8405	1.681	-0.0866795	0.26908	0.149778
8410	1.682	-0.0866758	0.262418	0.134827
8415	1.683	-0.0866764	0.255718	0.119873
8420	1.684	-0.0866711	0.248989	0.104943
8425	1.685	-0.0866772	0.242243	0.0900616
8430	1.686	-0.0865363	0.235488	0.0752575
8435	1.687	-0.0865643	0.228732	0.0605325
8440	1.688	-0.086594	0.221962	0.0458537
8445	1.689	-0.0866219	0.215189	0.0312504
8450	1.69	-0.0866398	0.208424	0.0167442
8455	1.691	-0.0866622	0.201674	0.00235567
8460	1.692	-0.0866806	0.194943	-0.0119104
8465	1.693	-0.0858451	0.192973	-0.012744
8470	1.694	-0.0861515	0.193471	-0.0066459
8475	1.695	-0.0866615	0.194035	-0.000296315
8480	1.696	-0.086757	0.194504	0.00589129
8485	1.697	-0.0865985	0.194823	0.0117684
8490	1.698	-0.0866466	0.194943	0.0171866
8495	1.699	-0.0867021	0.194802	0.0219852
8500	1.7	-0.0867476	0.194371	0.0260972
8505	1.701	-0.0867791	0.19363	0.0294651
8510	1.702	-0.08681	0.192563	0.032049
8515	1.703	-0.0868347	0.191157	0.0338194
8520	1.704	-0.0868551	0.189407	0.0347595
8525	1.705	-0.0868749	0.187309	0.0348619
8530	1.706	-0.0868893	0.184865	0.0341306
8535	1.707	-0.0869096	0.18208	0.0325773
8540	1.708	-0.0867317	0.178961	0.0302346
8545	1.709	-0.0867713	0.175515	0.0270992
8550	1.71	-0.0868236	0.171727	0.0231347
8555	1.711	-0.0868639	0.167616	0.0183944
8560	1.712	-0.0868929	0.163203	0.01293
8565	1.713	-0.08692	0.158509	0.00679899
8570	1.714	-0.0869422	0.153557	5.86959e-005
8575	1.715	-0.0869609	0.148369	-0.00723124
8580	1.716	-0.0864896	0.145699	-0.00734596
8585	1.717	-0.0866712	0.144268	-0.00391801
8590	1.718	-0.0869555	0.142798	-0.000499579
8595	1.719	-0.0868142	0.141092	0.00238348
8600	1.72	-0.0868543	0.139131	0.00465227
8605	1.721	-0.0869116	0.136874	0.00620289
8610	1.722	-0.0869548	0.134321	0.00703833
8615	1.723	-0.0869851	0.131476	0.00716462
8620	1.724	-0.0870122	0.128345	0.00659727
8625	1.725	-0.0870336	0.124934	0.00535654
8630	1.726	-0.0870509	0.121256	0.00346886
8635	1.727	-0.0870661	0.117321	0.000964265
8640	1.728	-0.0870756	0.113144	-0.00212261
8645	1.729	-0.0869022	0.109785	-0.00281692
8650	1.73	-0.0867208	0.10694	-0.00198028
8655	1.731	-0.0868481	0.10418	-0.000830821
8660	1.732	-0.0869581	0.101219	-0.000151825
8665	1.733	-0.087008	0.0980222	-4.12848e-005
8670	1.734	-0.0870216	0.0946775	-0.000258813
8675	1.735	-0.0870285	0.0912882	-0.000516965
8680	1.736	-0.0870387	0.0879131	-0.0006543
8685	1.737	-0.0870553	0.0845593	-0.000653475
8690	1.738	-0.0870755	0.0812049	-0.000577742
8695	1.739	-0.0870915	0.0778259	-0.000496824
8700	1.74	-0.0871074	0.0744095	-0.000448533
8705	1.741	-0.0868832	0.0709551	-0.000426976
8710	1.742	-0.0869214	0.0674667	-0.000442367
8715	1.743	-0.0869758	0.0639391	-0.000502045
8720	1.744	-0.0870115	0.0603969	-0.000538384
8725	1.745	-0.0870391	0.0568476	-0.000533481
8730	1.746	-0.0870655	0.053288	-0.000499595
8735	1.747	-0.0870877	0.049711	-0.000458845
8740	1.748	-0.0871057	0.0461124	-0.000426081
8745	1.749	-0.0871213	0.0424916	-0.000405441
8750	1.75	-0.0871316	0.0388508	-0.000393181
8755	1.751	-0.0871434	0.0351931	-0.000383831
8760	1.752	-0.0869123	0.0315202	-0.000365268
8765	1.753	-0.0869511	0.0278305	-0.000364047
8770	1.754	-0.0870074	0.0241122	-0.000406061
8775	1.755	-0.0870435	0.0203867	-0.000432573
8780	1.756	-0.0870709	0.0166614	-0.000426446
8785	1.757	-0.0870965	0.0129344	-0.000395917
8790	1.758	-0.087118	0.0091989	-0.000361522
8795	1.759	-0.0871352	0.0054524	-0.000332976
8800	1.76	-0.0871501	0.0016948	-0.000313368
8805	1.761	-0.08716	-0.00207184	-0.00029971
8810	1.762	-0.0871711	-0.00584501	-0.000288077
8815	1.763	-0.0869355	-0.00962354	-0.000267853
8820	1.764	-0.0869739	-0.0134076	-0.000263628
8825	1.765	-0.087031	-0.0172101	-0.000304479
8830	1.766	-0.087067	-0.0210111	-0.000333739
8835	1.767	-0.0870942	-0.0248017	-0.000330673
8840	1.768	-0.0871195	-0.0285834	-0.000301904
8845	1.769	-0.0871407	-0.0323614	-0.00026526
8850	1.77	-0.0871578	-0.0361394	-0.000233869
8855	1.771	-0.0871725	-0.0399182	-0.000212497
8860	1.772	-0.0871822	-0.0436957	-0.000198448
8865	1.773	-0.0871928	-0.0474693	-0.000187277
8870	1.774	-0.0869537	-0.0512375	-0.000167593
8875	1.775	-0.0869919	-0.0550007	-0.000164361
8880	1.776	-0.0870496	-0.0587718	-0.00020672
8885	1.777	-0.0870858	-0.0625293	-0.000234799
8890	1.778	-0.0871132	-0.0662654	-0.000230374
8895	1.779	-0.0871384	-0.0699819	-0.000201034
8900	1.78	-0.0871596	-0.073684	-0.000164602
8905	1.781	-0.0871767	-0.0773756	-0.000134151
8910	1.782	-0.0871911	-0.0810572	-0.000113722
8915	1.783	-0.0869529	-0.0847274	-9.21192e-005
8920	1.784	-0.0869924	-0.0883855	-9.13335e-005
8925	1.785	-0.0870516	-0.0920435	-0.000137099
8930	1.786	-0.0870889	-0.0956788	-0.000167028
8935	1.787	-0.0871175	-0.0992837	-0.00016278
8940	1.788	-0.0871405	-0.10286	-0.000132945
8945	1.789	-0.0871627	-0.106415	-9.6025e-005
8950	1.79	-0.0871776	-0.10995	-6.48261e-005
8955	1.791	-0.0871926	-0.113468	-4.39824e-005
8960	1.792	-0.0872064	-0.116984	-8.25021e-005
8965	1.793	-0.0869626	-0.120475	-0.000107058
8970	1.794	-0.0869974	-0.123932	-0.00011759
8975	1.795	-0.0870536	-0.127352	-9.62068e-005
8980	1.796	-0.0870927	-0.130741	-5.86104e-005
8985	1.797	-0.0871255	-0.134104	-2.4601e-005
8990	1.798	-0.0871475	-0.137446	-3.98572e-006
8995	1.799	-0.0871671	-0.140763	8.3285e-006
9000	1.8	-0.0871826	-0.144053	2.05279e-005
9005	1.801	-0.0869455	-0.14731	5.83947e-005
9010	1.802	-0.0869869	-0.150538	9.15043e-005
9015	1.803	-0.0870454	-0.153731	0.000143275
9020	1.804	-0.0868367	-0.156885	0.000238528
9025	1.805	-0.0868982	-0.160003	0.000342754
9030	1.806	-0.0869741	-0.163084	0.000476554
9035	1.807	-0.0870259	-0.166125	0.000644586
9040	1.808	-0.0870702	-0.169126	0.000845972
9045	1.809	-0.0871034	-0.172088	0.00108185
9050	1.81	-0.0871302	-0.17501	0.00135255
9055	1.811	-0.0871542	-0.177893	0.00165674
9060	1.812	-0.0871707	-0.180736	0.00199556
9065	1.813	-0.0871831	-0.183539	0.00236898
9070	1.814	-0.0871963	-0.186304	0.00277507
9075	1.815	-0.0872062	-0.189029	0.0032132
9080	1.816	-0.0869643	-0.191714	0.00370034
9085	1.817	-0.0870032	-0.194363	0.0041989
9090	1.818	-0.0870605	-0.196975	0.00472469
9095	1.819	-0.0870965	-0.199549	0.00528026
9100	1.82	-0.0871248	-0.202086	0.00586372
9105	1.821	-0.0871494	-0.204587	0.00647221
9110	1.822	-0.0871681	-0.207053	0.00710437
9115	1.823	-0.0869336	-0.209481	0.00777625
9120	1.824	-0.0869787	-0.211878	0.00844886
9125	1.825	-0.087048	-0.21428	0.00903223
9130	1.826	-0.0870888	-0.216682	0.00954402
9135	1.827	-0.0871175	-0.219078	0.00999569
9140	1.828	-0.0871453	-0.221466	0.0103967
9145	1.829	-0.087167	-0.223843	0.0107564
9150	1.83	-0.0871825	-0.226204	0.0110848
9155	1.831	-0.0869451	-0.228544	0.0114074
9160	1.832	-0.0869882	-0.230865	0.0116952
9165	1.833	-0.0870515	-0.233164	0.0119706
9170	1.834	-0.087093	-0.235437	0.0122432
9175	1.835	-0.0871234	-0.237683	0.0125192
9180	1.836	-0.0871448	-0.239897	0.0128045
9185	1.837	-0.0871609	-0.24208	0.0131032
9190	1.838	-0.0871803	-0.24423	0.013418
9195	1.839	-0.0872002	-0.246345	0.0137517
9200	1.84	-0.0872164	-0.248426	0.0141061
9205	1.841	-0.0872295	-0.25047	0.0144828
9210	1.842	-0.0872394	-0.252479	0.0148826
9215	1.843	-0.0872469	-0.254451	0.0153075
9220	1.844	-0.0872536	-0.256385	0.0157603
9225	1.845	-0.0872595	-0.258279	0.0162452
9230	1.846	-0.0872659	-0.260131	0.0167666
9235	1.847	-0.0873923	-0.261939	0.0173221
9240	1.848	-0.0856258	-0.261852	0.0219704
9245	1.849	-0.0871596	-0.261752	0.0264344
9250	1.85	-0.0890837	-0.261619	0.0308886
9255	1.851	-0.0912036	-0.261455	0.0353347
9260	1.852	-0.0934248	-0.261262	0.03977
9265	1.853	-0.0956712	-0.261043	0.0441924
9270	1.854	-0.0979234	-0.2608	0.0485978
9275	1.855	-0.100207	-0.260533	0.0529811
9280	1.856	-0.102567	-0.260245	0.0573376
9285	1.857	-0.105037	-0.259934	0.0616654
9290	1.858	-0.107624	-0.259601	0.0659652
9295	1.859	-0.110315	-0.259243	0.0702407
9300	1.86	-0.113079	-0.258859	0.0744977
9305	1.861	-0.115883	-0.258446	0.0787433
9310	1.862	-0.118717	-0.258002	0.0829839
9315	1.863	-0.121579	-0.257523	0.0872264
9320	1.864	-0.124468	-0.257006	0.0914776
9325	1.865	-0.12739	-0.256447	0.0957457
9330	1.866	-0.130357	-0.255843	0.100037
9335	1.867	-0.133383	-0.255191	0.104358
9340	1.868	-0.136465	-0.254484	0.108724
9345	1.869	-0.139606	-0.253721	0.113138
9350	1.87	-0.143357	-0.252903	0.117569
9355	1.871	-0.147467	-0.252025	0.122037
9360	1.872	-0.15168	-0.251085	0.126562
9365	1.873	-0.155802	-0.250077	0.131163
9370	1.874	-0.159726	-0.248998	0.135854
9375	1.875	-0.163434	-0.247844	0.140645
9380	1.876	-0.166974	-0.246611	0.145544
9385	1.877	-0.170423	-0.245296	0.150555
9390	1.878	-0.173857	-0.243895	0.155684
9395	1.879	-0.177239	-0.242377	0.161019
9400	1.88	-0.180628	-0.240737	0.166564
9405	1.881	-0.184539	-0.238976	0.172292
9410	1.882	-0.188847	-0.237094	0.178209
9415	1.883	-0.193391	-0.235088	0.184328
9420	1.884	-0.198008	-0.232956	0.19066
9425	1.885	-0.202612	-0.230698	0.19721
9430	1.886	-0.20714	-0.228314	0.203983
9435	1.887	-0.211584	-0.225803	0.21098
9440	1.888	-0.215972	-0.223165	0.218199
9445	1.889	-0.220337	-0.220402	0.225634
9450	1.89	-0.224644	-0.217494	0.233343
9455	1.891	-0.228939	-0.214444	0.241314
9460	1.892	-0.23359	-0.211256	0.249515
9465	1.893	-0.238501	-0.207936	0.257933
9470	1.894	-0.243558	-0.204489	0.266561
9475	1.895	-0.248629	-0.200922	0.275388
9480	1.896	-0.253648	-0.197241	0.284399
9485	1.897	-0.258565	-0.193452	0.293582
9490	1.898	-0.263375	-0.189562	0.302916
9495	1.899	-0.268095	-0.185578	0.312385
9500	1.9	-0.272747	-0.181507	0.321966
9505	1.901	-0.277281	-0.177337	0.331699
9510	1.902	-0.281743	-0.173075	0.341559
9515	1.903	-0.286506	-0.16873	0.351497
9520	1.904	-0.291477	-0.164314	0.361489
9525	1.905	-0.296545	-0.159836	0.371517
9530	1.906	-0.301578	-0.155305	0.381558
9535	1.907	-0.306519	-0.150732	0.391591
9540	1.908	-0.311303	-0.146128	0.401589
9545	1.909	-0.315909	-0.141504	0.411525
9550	1.91	-0.320346	-0.136871	0.421372
9555	1.911	-0.324637	-0.132238	0.431104
9560	1.912	-0.328713	-0.127592	0.440767
9565	1.913	-0.332639	-0.122941	0.450329
9570	1.914	-0.336868	-0.118295	0.459739
9575	1.915	-0.341297	-0.113664	0.468979
9580	1.916	-0.345763	-0.109047	0.478055
9585	1.917	-0.350093	-0.104448	0.486975
9590	1.918	-0.349268	-0.0998786	0.496016
9595	1.919	-0.349102	-0.0953285	0.504863
9600	1.92	-0.349137	-0.0907978	0.51354
9605	1.921	-0.349159	-0.086286	0.522059
9610	1.922	-0.349172	-0.0817927	0.530421
9615	1.923	-0.349182	-0.077317	0.538627
9620	1.924	-0.349189	-0.0728556	0.546683
9625	1.925	-0.349215	-0.0684082	0.55459
9630	1.926	-0.349219	-0.0639745	0.562349
9635	1.927	-0.349221	-0.059554	0.569963
9640	1.928	-0.349222	-0.0551464	0.577433
9645	1.929	-0.349223	-0.0507513	0.58476
9650	1.93	-0.349224	-0.0463685	0.591947
9655	1.931	-0.349224	-0.0419975	0.598996
9660	1.932	-0.349223	-0.0376376	0.605908
9665	1.933	-0.349221	-0.0332881	0.612686
9670	1.934	-0.34922	-0.0289488	0.619332
9675	1.935	-0.349218	-0.0246163	0.625853
9680	1.936	-0.349238	-0.0202905	0.632249
9685	1.937	-0.349235	-0.0159714	0.638522
9690	1.938	-0.349231	-0.0116588	0.644674
9695	1.939	-0.349226	-0.00735246	0.650706
9700	1.94	-0.349223	-0.0030521	0.656617
9705	1.941	-0.349219	0.0012425	0.662411
9710	1.942	-0.349215	0.00553164	0.668088
9715	1.943	-0.349212	0.00981558	0.67365
9720	1.944	-0.349208	0.0140945	0.679097
9725	1.945	-0.349205	0.0183683	0.68443
9730	1.946	-0.349202	0.02264	0.689656
9735	1.947	-0.349223	0.0269095	0.694773
9740	1.948	-0.34922	0.0311761	0.699784
9745	1.949	-0.349215	0.0354397	0.704688
9750	1.95	-0.34921	0.0397002	0.709485
9755	1.951	-0.349206	0.0439572	0.714176
9760	1.952	-0.349202	0.0482107	0.718761
9765	1.953	-0.349198	0.0524605	0.72324
9770	1.954	-0.349195	0.0567067	0.727614
9775	1.955	-0.349192	0.0609492	0.731883
9780	1.956	-0.349189	0.0651876	0.736048
9785	1.957	-0.349186	0.0694248	0.740115
9790	1.958	-0.349208	0.0736603	0.74408
9795	1.959	-0.349205	0.0778929	0.747947
9800	1.96	-0.3492	0.0821223	0.751713
9805	1.961	-0.349196	0.0863477	0.755378
9810	1.962	-0.349192	0.0905685	0.758941
9815	1.963	-0.349188	0.0947845	0.762402
9820	1.964	-0.349185	0.0989949	0.765761
9825	1.965	-0.349182	0.1032	0.769018
9830	1.966	-0.349179	0.107398	0.772172
9835	1.967	-0.349176	0.11159	0.775224
9840	1.968	-0.349173	0.115778	0.778179
9845	1.969	-0.349196	0.119963	0.781036
9850	1.97	-0.349194	0.124142	0.783795
9855	1.971	-0.349189	0.128315	0.786456
9860	1.972	-0.349185	0.132481	0.789016
9865	1.973	-0.349181	0.136639	0.791475
9870	1.974	-0.349178	0.140788	0.793831
9875	1.975	-0.349175	0.144928	0.796085
9880	1.976	-0.349172	0.149058	0.798234
9885	1.977	-0.349169	0.153177	0.80028
9890	1.978	-0.349166	0.157285	0.80222
9895	1.979	-0.349164	0.161383	0.804061
9900	1.98	-0.349188	0.165473	0.805801
9905	1.981	-0.349185	0.169552	0.807441
9910	1.982	-0.349181	0.173621	0.80898
9915	1.983	-0.349177	0.177678	0.810418
9920	1.984	-0.349173	0.181724	0.811753
9925	1.985	-0.34917	0.185757	0.812987
9930	1.986	-0.349167	0.189778	0.814117
9935	1.987	-0.349165	0.193785	0.815144
9940	1.988	-0.349162	0.197778	0.816068
9945	1.989	-0.34916	0.201756	0.816888
9950	1.99	-0.349158	0.205723	0.81761
9955	1.991	-0.349182	0.209677	0.818231
9960	1.992	-0.349179	0.213618	0.818753
9965	1.993	-0.349175	0.217545	0.819175
9970	1.994	-0.349171	0.221457	0.819495
9975	1.995	-0.349168	0.225354	0.819713
9980	1.996	-0.349165	0.229234	0.819829
9985	1.997	-0.349162	0.233098	0.819842
9990	1.998	-0.349159	0.236945	0.819751
9995	1.999	-0.349157	0.240773	0.819557
10000	2	-0.349155	0.244583	0.819258
10005	2.001	-0.349153	0.248378	0.81886
10010	2.002	-0.349177	0.252155	0.818361
10015	2.003	-0.349175	0.255915	0.817762
10020	2.004	-0.349171	0.259657	0.817061
10025	2.005	-0.349167	0.263379	0.816257
10030	2.006	-0.349164	0.267081	0.81535
10035	2.007	-0.349161	0.270762	0.81434
10040	2.008	-0.349158	0.274422	0.813224
10045	2.009	-0.349156	0.27806	0.812003
10050	2.01	-0.349153	0.281675	0.810677
10055	2.011	-0.349151	0.285266	0.809244
10060	2.012	-0.34915	0.288836	0.807711
10065	2.013	-0.349148	0.292385	0.806075
10070	2.014	-0.349146	0.295911	0.804337
10075	2.015	-0.349145	0.299414	0.802496
10080	2.016	-0.34917	0.302893	0.800549
10085	2.017	-0.349168	0.306347	0.798499
10090	2.018	-0.349164	0.309775	0.796344
10095	2.019	-0.34916	0.313183	0.7941
10100	2.02	-0.349157	0.316568	0.791762
10105	2.021	-0.349155	0.319929	0.789328
10110	2.022	-0.349148	0.323289	0.786867
10115	2.023	-0.349146	0.326645	0.78437
10120	2.024	-0.349171	0.329995	0.781828
10125	2.025	-0.349164	0.333358	0.77931
10130	2.026	-0.34916	0.336733	0.776801
10135	2.027	-0.349157	0.340113	0.77429
10140	2.028	-0.349155	0.343495	0.771767
10145	2.029	-0.349152	0.346876	0.769222
10150	2.03	-0.34915	0.350253	0.766647
10155	2.031	-0.349143	0.353647	0.764109
10160	2.032	-0.349141	0.357053	0.761592
10165	2.033	-0.34914	0.360468	0.759084
10170	2.034	-0.349134	0.363911	0.756648
10175	2.035	-0.349133	0.367376	0.754264
10180	2.036	-0.349133	0.370857	0.751915
10185	2.037	-0.349132	0.374348	0.749585
10190	2.038	-0.349132	0.377844	0.747261
10195	2.039	-0.349158	0.381339	0.744926
10200	2.04	-0.349158	0.38483	0.742573
10205	2.041	-0.349154	0.388312	0.740189
10210	2.042	-0.349152	0.391781	0.737765
10215	2.043	-0.34915	0.395238	0.735298
10220	2.044	-0.349142	0.398706	0.732858
10225	2.045	-0.34914	0.402179	0.730431
10230	2.046	-0.344798	0.401596	0.721055
10235	2.047	-0.342915	0.401023	0.711546
10240	2.048	-0.343289	0.400484	0.701983
10245	2.049	-0.345648	0.400001	0.69244
10250	2.05	-0.349117	0.39959	0.683019
10255	2.051	-0.349219	0.399242	0.673987
10260	2.052	-0.349111	0.39899	0.665235
10265	2.053	-0.349106	0.398851	0.656784
10270	2.054	-0.349112	0.398838	0.648672
10275	2.055	-0.349112	0.398961	0.640927
10280	2.056	-0.349104	0.39926	0.633658
10285	2.057	-0.3491	0.399739	0.62687
10290	2.058	-0.349075	0.400451	0.620875
10295	2.059	-0.348504	0.401369	0.615507
10300	2.06	-0.347627	0.402488	0.610725
10305	2.061	-0.344267	0.401516	0.602413
10310	2.062	-0.341119	0.400743	0.594675
10315	2.063	-0.338157	0.400181	0.587539
10320	2.064	-0.33534	0.399836	0.58103
10325	2.065	-0.332646	0.399712	0.575161
10330	2.066	-0.330083	0.39981	0.569935
10335	2.067	-0.32767	0.40013	0.565344
10340	2.068	-0.325443	0.400668	0.561372
10345	2.069	-0.323442	0.401416	0.557997
10350	2.07	-0.321826	0.402367	0.555181
10355	2.071	-0.318871	0.401502	0.549178
10360	2.072	-0.316084	0.40082	0.543704
10365	2.073	-0.313466	0.400323	0.538762
10370	2.074	-0.311005	0.400011	0.534351
10375	2.075	-0.308816	0.39988	0.530447
10380	2.076	-0.306977	0.399922	0.527018
10385	2.077	-0.305457	0.400129	0.524041
10390	2.078	-0.304232	0.400489	0.52149
10395	2.079	-0.30328	0.40099	0.519333
10400	2.08	-0.302575	0.401619	0.517536
10405	2.081	-0.301287	0.401459	0.51438
10410	2.082	-0.300078	0.401395	0.511526
10415	2.083	-0.299017	0.401411	0.508927
10420	2.084	-0.29806	0.401488	0.506545
10425	2.085	-0.297063	0.401432	0.504005
10430	2.086	-0.296102	0.401396	0.501591
10435	2.087	-0.294974	0.401356	0.499267
10440	2.088	-0.293295	0.401289	0.496998
10445	2.089	-0.290746	0.401168	0.494743
10450	2.09	-0.287263	0.40097	0.492445
10455	2.091	-0.283016	0.400672	0.490032
10460	2.092	-0.278291	0.400252	0.487431
10465	2.093	-0.273427	0.399691	0.484574
10470	2.094	-0.263181	0.39895	0.481659
10475	2.095	-0.250752	0.398014	0.478445
10480	2.096	-0.238793	0.396861	0.47472
10485	2.097	-0.228938	0.395487	0.470387
10490	2.098	-0.221406	0.393888	0.465432
10495	2.099	-0.215813	0.392061	0.459868
10500	2.1	-0.211142	0.390001	0.453741
10505	2.101	-0.206433	0.387703	0.447099
10510	2.102	-0.200968	0.385163	0.439977
10515	2.103	-0.194214	0.38238	0.432405
10520	2.104	-0.186132	0.379353	0.424388
10525	2.105	-0.173011	0.376071	0.4161
10530	2.106	-0.157364	0.372542	0.407421
10535	2.107	-0.141145	0.368759	0.398225
10540	2.108	-0.125789	0.364736	0.388463
10545	2.109	-0.112037	0.360482	0.378122
10550	2.11	-0.100153	0.356008	0.36722
10555	2.111	-0.0896548	0.351325	0.355804
10560	2.112	-0.07999	0.346442	0.343931
10565	2.113	-0.08652	0.341413	0.33099
10570	2.114	-0.0872876	0.336201	0.31797
10575	2.115	-0.0820565	0.330817	0.30492
10580	2.116	-0.0864173	0.325292	0.291157
10585	2.117	-0.0869445	0.319625	0.277335
10590	2.118	-0.0867846	0.313813	0.263292
10595	2.119	-0.086748	0.307871	0.249023
10600	2.12	-0.0867359	0.301811	0.234564
10605	2.121	-0.0867306	0.295646	0.219954
10610	2.122	-0.0867168	0.289389	0.205222
10615	2.123	-0.0867075	0.283054	0.1904
10620	2.124	-0.0866953	0.276652	0.175517
10625	2.125	-0.0866865	0.270195	0.160599
10630	2.126	-0.0866844	0.263693	0.145673
10635	2.127	-0.086542	0.257158	0.130771
10640	2.128	-0.0865622	0.250598	0.115899
10645	2.129	-0.0865859	0.244003	0.101029
10650	2.13	-0.0866122	0.237383	0.0861892
10655	2.131	-0.0866258	0.230749	0.0714036
10660	2.132	-0.086647	0.224111	0.0566973
10665	2.133	-0.0866618	0.217479	0.0420921
10670	2.134	-0.0866792	0.210858	0.0276
10675	2.135	-0.0866945	0.204251	0.0132259
10680	2.136	-0.0867071	0.197662	-0.00102713
10685	2.137	-0.0862329	0.193847	-0.00742
10690	2.138	-0.0860516	0.192543	-0.00672289
10695	2.139	-0.0863526	0.192321	-0.00294569
10700	2.14	-0.0866292	0.192015	0.000682673
10705	2.141	-0.0866946	0.191585	0.00406249
10710	2.142	-0.0867211	0.190991	0.00708265
10715	2.143	-0.0867582	0.190201	0.00965901
10720	2.144	-0.0867874	0.189187	0.0117234
10725	2.145	-0.0868154	0.187931	0.013222
10730	2.146	-0.0868387	0.186415	0.0141125
10735	2.147	-0.0868571	0.184627	0.0143646
10740	2.148	-0.086877	0.18256	0.0139575
10745	2.149	-0.0867025	0.180211	0.0128928
10750	2.15	-0.086742	0.177575	0.0111409
10755	2.151	-0.0867942	0.174626	0.00863826
10760	2.152	-0.0868378	0.171374	0.0054091
10765	2.153	-0.0868662	0.167829	0.00148292
10770	2.154	-0.0868958	0.164004	-0.00310534
10775	2.155	-0.0866474	0.161427	-0.00407132
10780	2.156	-0.0867239	0.159618	-0.00278115
10785	2.157	-0.0868746	0.15793	-0.00103988
10790	2.158	-0.0869741	0.155971	6.18606e-005
10795	2.159	-0.086994	0.153735	0.000511243
10800	2.16	-0.0867961	0.151221	0.00031156
10805	2.161	-0.086839	0.148427	-0.000565507
10810	2.162	-0.0868245	0.145723	-0.00106983
10815	2.163	-0.0868547	0.143137	-0.00112898
10820	2.164	-0.0868972	0.140601	-0.000931212
10825	2.165	-0.0869425	0.138035	-0.000701561
10830	2.166	-0.0869745	0.135393	-0.000567951
10835	2.167	-0.0869962	0.132672	-0.000544025
10840	2.168	-0.0870104	0.12989	-0.000580628
10845	2.169	-0.0870207	0.127066	-0.000622369
10850	2.17	-0.0870332	0.124212	-0.000639644
10855	2.171	-0.0868208	0.121329	-0.000623095
10860	2.172	-0.0868611	0.118411	-0.000608979
10865	2.173	-0.0869161	0.115442	-0.00063695
10870	2.174	-0.0869552	0.112437	-0.000660725
10875	2.175	-0.0869827	0.109405	-0.000660081
10880	2.176	-0.0870105	0.106345	-0.000637989
10885	2.177	-0.0870325	0.103254	-0.000607671
10890	2.178	-0.0870524	0.100128	-0.000580122
10895	2.179	-0.0870686	0.0969663	-0.000559863
10900	2.18	-0.0870811	0.0937707	-0.000545507
10905	2.181	-0.0870937	0.0905431	-0.000533876
10910	2.182	-0.0868709	0.0872846	-0.000514612
10915	2.183	-0.0869096	0.0839948	-0.000511163
10920	2.184	-0.0869648	0.0806613	-0.000550865
10925	2.185	-0.0870024	0.0773033	-0.000579621
10930	2.186	-0.0870294	0.0739291	-0.000576857
10935	2.187	-0.0870563	0.0705374	-0.000549147
10940	2.188	-0.0870777	0.0671232	-0.000513303
10945	2.189	-0.0870966	0.0636828	-0.000482211
10950	2.19	-0.0871118	0.0602155	-0.000460426
10955	2.191	-0.0871234	0.0567232	-0.000445865
10960	2.192	-0.0871347	0.0532083	-0.000434349
10965	2.193	-0.0869048	0.0496724	-0.000414711
10970	2.194	-0.0869429	0.046115	-0.00041097
10975	2.195	-0.086999	0.0425236	-0.000451422
10980	2.196	-0.087036	0.0389177	-0.000480756
10985	2.197	-0.0870628	0.035306	-0.000477796
10990	2.198	-0.0870891	0.0316873	-0.000449264
10995	2.199	-0.0871102	0.0280564	-0.000412394
11000	2.2	-0.0871285	0.0244097	-0.000380455
11005	2.201	-0.087143	0.0207448	-0.000361017
11010	2.202	-0.0871538	0.0170647	-0.000348899
11015	2.203	-0.0871642	0.0133725	-0.000338604
11020	2.204	-0.0869294	0.00966959	-0.000318677
11025	2.205	-0.0869673	0.00595561	-0.000314355
11030	2.206	-0.0870241	0.00221736	-0.000355061
11035	2.207	-0.0870607	-0.00152363	-0.000381848
11040	2.208	-0.0870879	-0.00525962	-0.000376369
11045	2.209	-0.0871139	-0.00899226	-0.000346532
11050	2.21	-0.0871347	-0.0127268	-0.000309739
11055	2.211	-0.0871526	-0.0164667	-0.000278802
11060	2.212	-0.0871667	-0.0202125	-0.000257746
11065	2.213	-0.0871773	-0.0239623	-0.000243973
11070	2.214	-0.0871873	-0.0277136	-0.000233469
11075	2.215	-0.0869488	-0.0314649	-0.000214496
11080	2.216	-0.0869864	-0.0352163	-0.000211545
11085	2.217	-0.0870438	-0.0389811	-0.000253869
11090	2.218	-0.0870805	-0.0427373	-0.000281575
11095	2.219	-0.0871077	-0.0464772	-0.00027621
11100	2.22	-0.0871336	-0.0502029	-0.000246378
11105	2.221	-0.0871544	-0.0539197	-0.000210042
11110	2.222	-0.0871699	-0.0576313	-0.000179657
11115	2.223	-0.0871836	-0.0613382	-0.000159664
11120	2.224	-0.0869465	-0.0650392	-0.000138703
11125	2.225	-0.0869862	-0.0687332	-0.000137999
11130	2.226	-0.0870469	-0.0724321	-0.00018327
11135	2.227	-0.087084	-0.0761134	-0.000212516
11140	2.228	-0.0871125	-0.0797693	-0.000207072
11145	2.229	-0.0871363	-0.0834017	-0.000175588
11150	2.23	-0.0871584	-0.0870163	-0.000136992
11155	2.231	-0.0871739	-0.0906172	-0.000105019
11160	2.232	-0.0871885	-0.094206	-8.59869e-005
11165	2.233	-0.0872027	-0.0977982	-0.000126178
11170	2.234	-0.0872057	-0.101369	-0.000159613
11175	2.235	-0.0872121	-0.104909	-0.000160428
11180	2.236	-0.0872166	-0.108419	-0.000132997
11185	2.237	-0.0872253	-0.111903	-9.53554e-005
11190	2.238	-0.0872312	-0.115367	-6.25993e-005
11195	2.239	-0.086986	-0.118813	-3.15632e-005
11200	2.24	-0.0870195	-0.12224	-2.75063e-005
11205	2.241	-0.0870714	-0.125641	-2.22577e-005
11210	2.242	-0.0871055	-0.129015	-1.05925e-005
11215	2.243	-0.0871373	-0.13238	-4.71559e-005
11220	2.244	-0.0871551	-0.135716	-7.68116e-005
11225	2.245	-0.0871701	-0.139016	-8.02618e-005
11230	2.246	-0.0871862	-0.142281	-6.25093e-005
11235	2.247	-0.0871969	-0.145516	-3.68889e-005
11240	2.248	-0.0872085	-0.148726	-1.56905e-005
11245	2.249	-0.0872176	-0.151911	-2.93955e-006
11250	2.25	-0.0872209	-0.155071	7.1352e-006
11255	2.251	-0.0872244	-0.158203	2.01828e-005
11260	2.252	-0.087229	-0.161304	4.25854e-005
11265	2.253	-0.087231	-0.164373	7.99994e-005
11270	2.254	-0.0872332	-0.167408	0.00013515
11275	2.255	-0.0872377	-0.170409	0.000210248
11280	2.256	-0.0872388	-0.173375	0.000308492
11285	2.257	-0.0869904	-0.176303	0.000448676
11290	2.258	-0.0870232	-0.179197	0.000596204
11295	2.259	-0.0870768	-0.182054	0.000771085
11300	2.26	-0.0871085	-0.184873	0.000977097
11305	2.261	-0.0871421	-0.187692	0.00110846
11310	2.262	-0.0871648	-0.190505	0.00118187
11315	2.263	-0.0871794	-0.193307	0.00121097
11320	2.264	-0.0869426	-0.196092	0.00122332
11325	2.265	-0.0869846	-0.198861	0.00119297
11330	2.266	-0.0870458	-0.201608	0.00114705
11335	2.267	-0.0870843	-0.204331	0.00109589
11340	2.268	-0.0871242	-0.207064	0.000939763
11345	2.269	-0.0871512	-0.2098	0.000700998
11350	2.27	-0.0871707	-0.212532	0.000398192
11355	2.271	-0.0871826	-0.215255	4.68567e-005
11360	2.272	-0.087195	-0.217963	-0.000339028
11365	2.273	-0.0871831	-0.220516	-0.000365269
11370	2.274	-0.087201	-0.222973	-0.000198647
11375	2.275	-0.0872198	-0.225398	-1.81403e-005
11380	2.276	-0.0872297	-0.227833	5.89745e-005
11385	2.277	-0.0872363	-0.23027	5.39471e-005
11390	2.278	-0.0872429	-0.232703	-1.38414e-005
11395	2.279	-0.0872442	-0.235101	-6.22265e-005
11400	2.28	-0.0872456	-0.237458	-6.96925e-005
11405	2.281	-0.0872484	-0.239776	-4.74774e-005
11410	2.282	-0.08725	-0.242063	-1.71448e-005
11415	2.283	-0.0872497	-0.244323	1.22084e-005
11420	2.284	-0.0872487	-0.246553	4.79568e-005
11425	2.285	-0.0872479	-0.248749	9.72727e-005
11430	2.286	-0.0872487	-0.250909	0.000166767
11435	2.287	-0.0872503	-0.25303	0.000262881
11440	2.288	-0.0872537	-0.255111	0.000392162
11445	2.289	-0.0872581	-0.257147	0.000562641
11450	2.29	-0.0872641	-0.259136	0.000780965
11455	2.291	-0.0873611	-0.261078	0.00104539
11460	2.292	-0.0877019	-0.262972	0.00135004
11465	2.293	-0.0847725	-0.261883	0.00814332
11470	2.294	-0.0870953	-0.260803	0.0146133
11475	2.295	-0.0899611	-0.259701	0.0210397
11480	2.296	-0.0930282	-0.258582	0.0274237
11485	2.297	-0.0961234	-0.25745	0.0337611
11490	2.298	-0.0990926	-0.256307	0.0400503
11495	2.299	-0.101903	-0.255157	0.0462859
11500	2.3	-0.104609	-0.254001	0.0524606
11505	2.301	-0.107293	-0.252839	0.0585679
11510	2.302	-0.110015	-0.251672	0.0646048
11515	2.303	-0.112803	-0.250497	0.070572
11520	2.304	-0.115655	-0.249314	0.0764735
11525	2.305	-0.118519	-0.248119	0.0823171
11530	2.306	-0.121405	-0.246909	0.088108
11535	2.307	-0.124318	-0.245681	0.0938537
11540	2.308	-0.127266	-0.244431	0.0995607
11545	2.309	-0.130262	-0.243157	0.105234
11550	2.31	-0.133321	-0.241855	0.11088
11555	2.311	-0.137025	-0.240527	0.116465
11560	2.312	-0.141126	-0.239169	0.122011
11565	2.313	-0.145362	-0.237776	0.12754
11570	2.314	-0.149519	-0.236344	0.13307
11575	2.315	-0.153475	-0.23487	0.138615
11580	2.316	-0.157199	-0.233352	0.144182
11585	2.317	-0.160735	-0.231786	0.149774
11590	2.318	-0.164156	-0.230172	0.155392
11595	2.319	-0.167545	-0.228508	0.161033
11600	2.32	-0.170923	-0.226775	0.166745
11605	2.321	-0.174323	-0.224973	0.172528
11610	2.322	-0.178266	-0.223098	0.178361
11615	2.323	-0.182597	-0.22115	0.184258
11620	2.324	-0.187136	-0.219121	0.190239
11625	2.325	-0.191703	-0.217009	0.196323
11630	2.326	-0.196203	-0.214809	0.202527
11635	2.327	-0.200583	-0.212517	0.208864
11640	2.328	-0.204864	-0.210129	0.215342
11645	2.329	-0.209078	-0.207643	0.221968
11650	2.33	-0.213278	-0.205056	0.228745
11655	2.331	-0.217415	-0.202341	0.235748
11660	2.332	-0.221555	-0.199501	0.242969
11665	2.333	-0.226075	-0.196536	0.250384
11670	2.334	-0.230873	-0.193449	0.257989
11675	2.335	-0.235833	-0.190242	0.265788
11680	2.336	-0.240816	-0.186917	0.273775
11685	2.337	-0.245753	-0.183479	0.281948
11690	2.338	-0.250587	-0.179931	0.290299
11695	2.339	-0.255324	-0.176277	0.298815
11700	2.34	-0.259974	-0.172521	0.307487
11705	2.341	-0.264571	-0.168669	0.316297
11710	2.342	-0.269058	-0.164703	0.325296
11715	2.343	-0.273491	-0.160633	0.334455
11720	2.344	-0.278233	-0.156466	0.343733
11725	2.345	-0.283188	-0.152212	0.353109
11730	2.346	-0.288249	-0.147879	0.362566
11735	2.347	-0.29328	-0.143476	0.372085
11740	2.348	-0.298227	-0.139012	0.381647
11745	2.349	-0.30302	-0.134496	0.391231
11750	2.35	-0.307656	-0.129939	0.40081
11755	2.351	-0.312136	-0.12535	0.410358
11760	2.352	-0.316493	-0.120742	0.419847
11765	2.353	-0.320653	-0.116097	0.429323
11770	2.354	-0.324686	-0.11143	0.43875
11775	2.355	-0.329022	-0.106749	0.448077
11780	2.356	-0.333561	-0.102067	0.457276
11785	2.357	-0.338181	-0.0973916	0.466331
11790	2.358	-0.342713	-0.0927308	0.475235
11795	2.359	-0.347076	-0.088086	0.483989
11800	2.36	-0.351168	-0.0834585	0.492598
11805	2.361	-0.349297	-0.0788638	0.501375
11810	2.362	-0.349072	-0.0742863	0.509907
11815	2.363	-0.349135	-0.0697276	0.518267
11820	2.364	-0.349163	-0.0651855	0.526477
11825	2.365	-0.349174	-0.0606599	0.534537
11830	2.366	-0.349202	-0.0561497	0.542445
11835	2.367	-0.349208	-0.0516547	0.550206
11840	2.368	-0.349212	-0.0471744	0.557818
11845	2.369	-0.349215	-0.0427086	0.565283
11850	2.37	-0.349218	-0.0382572	0.572602
11855	2.371	-0.349219	-0.0338199	0.579776
11860	2.372	-0.34922	-0.0293965	0.586808
11865	2.373	-0.349222	-0.0249869	0.593698
11870	2.374	-0.349221	-0.0205908	0.600449
11875	2.375	-0.349221	-0.0162049	0.607068
11880	2.376	-0.349219	-0.0118288	0.613555
11885	2.377	-0.34924	-0.00746188	0.619913
11890	2.378	-0.349237	-0.00310417	0.626145
11895	2.379	-0.349233	0.00124457	0.63225
11900	2.38	-0.349229	0.00558441	0.638231
11905	2.381	-0.349226	0.00991542	0.644086
11910	2.382	-0.349222	0.0142378	0.649819
11915	2.383	-0.349218	0.0185515	0.655429
11920	2.384	-0.349215	0.0228569	0.660918
11925	2.385	-0.349211	0.027154	0.666287
11930	2.386	-0.349209	0.031446	0.671543
11935	2.387	-0.349205	0.0357331	0.676686
11940	2.388	-0.349226	0.0400157	0.681717
11945	2.389	-0.349222	0.0442932	0.686639
11950	2.39	-0.349218	0.0485656	0.69145
11955	2.391	-0.349213	0.0528323	0.69615
11960	2.392	-0.349209	0.0570931	0.70074
11965	2.393	-0.349205	0.0613477	0.705219
11970	2.394	-0.349201	0.0655958	0.709589
11975	2.395	-0.349198	0.0698371	0.713848
11980	2.396	-0.349194	0.0740716	0.717998
11985	2.397	-0.349192	0.0783021	0.722045
11990	2.398	-0.349189	0.0825283	0.725988
11995	2.399	-0.34921	0.0867501	0.729826
12000	2.4	-0.349207	0.0909671	0.733563
12005	2.401	-0.349202	0.095179	0.737196
12010	2.402	-0.349198	0.0993853	0.740727
12015	2.403	-0.349194	0.103585	0.744153
12020	2.404	-0.34919	0.107778	0.747475
12025	2.405	-0.349187	0.111964	0.750692
12030	2.406	-0.349184	0.116141	0.753803
12035	2.407	-0.34918	0.12031	0.756809
12040	2.408	-0.349178	0.124473	0.759714
12045	2.409	-0.349175	0.128629	0.762519
12050	2.41	-0.349198	0.132778	0.765221
12055	2.411	-0.349195	0.13692	0.767823
12060	2.412	-0.34919	0.141053	0.770323
12065	2.413	-0.349186	0.145178	0.772721
12070	2.414	-0.349183	0.149293	0.775016
12075	2.415	-0.349179	0.153399	0.777209
12080	2.416	-0.349176	0.157495	0.779298
12085	2.417	-0.349173	0.16158	0.781284
12090	2.418	-0.34917	0.165653	0.783166
12095	2.419	-0.349168	0.169718	0.78495
12100	2.42	-0.349166	0.173773	0.786633
12105	2.421	-0.349189	0.177818	0.788213
12110	2.422	-0.349186	0.18185	0.789692
12115	2.423	-0.349182	0.18587	0.791068
12120	2.424	-0.349178	0.189876	0.79234
12125	2.425	-0.349174	0.193868	0.793507
12130	2.426	-0.349171	0.197846	0.794569
12135	2.427	-0.349168	0.201808	0.795526
12140	2.428	-0.349165	0.205754	0.796376
12145	2.429	-0.349163	0.209684	0.79712
12150	2.43	-0.349161	0.2136	0.797763
12155	2.431	-0.349159	0.217501	0.798304
12160	2.432	-0.349183	0.221388	0.798742
12165	2.433	-0.34918	0.225259	0.799078
12170	2.434	-0.349176	0.229113	0.799311
12175	2.435	-0.349172	0.23295	0.79944
12180	2.436	-0.349169	0.23677	0.799466
12185	2.437	-0.349165	0.240572	0.799387
12190	2.438	-0.349163	0.244355	0.799203
12195	2.439	-0.34916	0.248118	0.798914
12200	2.44	-0.349158	0.251863	0.79852
12205	2.441	-0.349156	0.25559	0.798027
12210	2.442	-0.349154	0.2593	0.797432
12215	2.443	-0.349178	0.262991	0.796736
12220	2.444	-0.349176	0.266663	0.795938
12225	2.445	-0.349171	0.270315	0.795039
12230	2.446	-0.349167	0.273947	0.794036
12235	2.447	-0.349164	0.277558	0.792929
12240	2.448	-0.349161	0.281146	0.791719
12245	2.449	-0.349158	0.284712	0.790404
12250	2.45	-0.349156	0.288255	0.788984
12255	2.451	-0.349154	0.291774	0.787459
12260	2.452	-0.349152	0.295273	0.785834
12265	2.453	-0.34915	0.298749	0.784108
12270	2.454	-0.349148	0.302204	0.782281
12275	2.455	-0.349147	0.305635	0.780353
12280	2.456	-0.349146	0.309042	0.778323
12285	2.457	-0.349171	0.312425	0.776189
12290	2.458	-0.349169	0.315783	0.773953
12295	2.459	-0.349165	0.319116	0.771613
12300	2.46	-0.349162	0.322421	0.76917
12305	2.461	-0.349159	0.3257	0.766622
12310	2.462	-0.349183	0.328952	0.763969
12315	2.463	-0.34918	0.332179	0.761218
12320	2.464	-0.349175	0.335381	0.758369
12325	2.465	-0.34917	0.338559	0.755428
12330	2.466	-0.349166	0.341715	0.752398
12335	2.467	-0.349163	0.344849	0.749286
12340	2.468	-0.349159	0.347964	0.746095
12345	2.469	-0.349156	0.351061	0.742834
12350	2.47	-0.34918	0.354145	0.739511
12355	2.471	-0.349176	0.357217	0.736135
12360	2.472	-0.349171	0.360278	0.73271
12365	2.473	-0.349167	0.363331	0.729241
12370	2.474	-0.349162	0.366375	0.725733
12375	2.475	-0.349153	0.36944	0.722271
12380	2.476	-0.34915	0.372525	0.718849
12385	2.477	-0.349147	0.375627	0.715465
12390	2.478	-0.349145	0.378745	0.712115
12395	2.479	-0.349143	0.381878	0.708796
12400	2.48	-0.349141	0.385024	0.705504
12405	2.481	-0.349139	0.388182	0.702237
12410	2.482	-0.349138	0.39135	0.69899
12415	2.483	-0.349136	0.394527	0.695761
12420	2.484	-0.349134	0.397712	0.692546
12425	2.485	-0.349133	0.400902	0.689343
12430	2.486	-0.349132	0.404097	0.686148
12435	2.487	-0.343267	0.401657	0.673093
12440	2.488	-0.339795	0.399222	0.659898
12445	2.489	-0.338624	0.396835	0.646682
12450	2.49	-0.33948	0.394531	0.63356
12455	2.491	-0.34214	0.392347	0.620639
12460	2.492	-0.345861	0.390337	0.608117
12465	2.493	-0.348714	0.388617	0.596821
12470	2.494	-0.348304	0.387154	0.586563
12475	2.495	-0.345243	0.385955	0.57729
12480	2.496	-0.340576	0.38503	0.568948
12485	2.497	-0.335327	0.384386	0.561479
12490	2.498	-0.329693	0.384023	0.554863
12495	2.499	-0.324121	0.383937	0.549036
12500	2.5	-0.318794	0.384123	0.543967
12505	2.501	-0.313911	0.384575	0.53962
12510	2.502	-0.309648	0.385286	0.535955
12515	2.503	-0.30615	0.386248	0.532937
12520	2.504	-0.303353	0.387484	0.530635
12525	2.505	-0.301362	0.388977	0.528991
12530	2.506	-0.300239	0.390709	0.527947
12535	2.507	-0.300006	0.39266	0.527448
12540	2.508	-0.300646	0.394811	0.527443
12545	2.509	-0.301942	0.397145	0.527906
12550	2.51	-0.303842	0.399642	0.528791
12555	2.511	-0.306275	0.40228	0.530047
12560	2.512	-0.306276	0.401555	0.5251
12565	2.513	-0.306068	0.40094	0.52051
12570	2.514	-0.305638	0.400444	0.516299
12575	2.515	-0.304994	0.400071	0.512482
12580	2.516	-0.304202	0.399825	0.50906
12585	2.517	-0.303283	0.399705	0.506032
12590	2.518	-0.302264	0.39971	0.503386
12595	2.519	-0.301328	0.399831	0.50108
12600	2.52	-0.300459	0.400061	0.499097
12605	2.521	-0.299657	0.400391	0.497413
12610	2.522	-0.298928	0.400812	0.496001
12615	2.523	-0.298278	0.401311	0.494831
12620	2.524	-0.297716	0.401877	0.493869
12625	2.525	-0.296556	0.401463	0.491117
12630	2.526	-0.295442	0.401088	0.488511
12635	2.527	-0.294336	0.400739	0.486028
12640	2.528	-0.293218	0.400402	0.48364
12645	2.529	-0.292073	0.40006	0.481311
12650	2.53	-0.290669	0.399693	0.479012
12655	2.531	-0.288754	0.399281	0.476711
12660	2.532	-0.286127	0.398802	0.474368
12665	2.533	-0.282688	0.398234	0.471936
12670	2.534	-0.278616	0.397556	0.469351
12675	2.535	-0.268524	0.396728	0.466823
12680	2.536	-0.255893	0.395732	0.464061
12685	2.537	-0.243899	0.394539	0.460814
12690	2.538	-0.234476	0.393148	0.456973
12695	2.539	-0.227747	0.391553	0.452524
12700	2.54	-0.2234	0.389748	0.447476
12705	2.541	-0.220547	0.387727	0.441867
12710	2.542	-0.217932	0.385485	0.435757
12715	2.543	-0.214646	0.383015	0.429191
12720	2.544	-0.20987	0.380316	0.422211
12725	2.545	-0.203481	0.377385	0.414827
12730	2.546	-0.191393	0.37421	0.407232
12735	2.547	-0.176266	0.370796	0.399294
12740	2.548	-0.160321	0.367135	0.390863
12745	2.549	-0.145086	0.363237	0.381879
12750	2.55	-0.131498	0.359112	0.372316
12755	2.551	-0.119824	0.354767	0.362183
12760	2.552	-0.109641	0.350212	0.351522
12765	2.553	-0.100258	0.345454	0.34039
12770	2.554	-0.0911531	0.340503	0.328841
12775	2.555	-0.0818221	0.335367	0.316923
12780	2.556	-0.0865921	0.330082	0.304038
12785	2.557	-0.0870704	0.324635	0.291048
12790	2.558	-0.0869041	0.319039	0.277821
12795	2.559	-0.0868388	0.313291	0.264305
12800	2.56	-0.0868205	0.307403	0.250537
12805	2.561	-0.0867965	0.301388	0.236549
12810	2.562	-0.0867797	0.295257	0.222375
12815	2.563	-0.0867614	0.289023	0.208044
12820	2.564	-0.0867436	0.282699	0.193589
12825	2.565	-0.0867303	0.276297	0.179039
12830	2.566	-0.0867089	0.269828	0.164421
12835	2.567	-0.0867035	0.263303	0.149763
12840	2.568	-0.0865585	0.256734	0.135095
12845	2.569	-0.0865716	0.25013	0.120427
12850	2.57	-0.0865911	0.24348	0.105733
12855	2.571	-0.0866111	0.236798	0.0910445
12860	2.572	-0.0866222	0.230093	0.0763844
12865	2.573	-0.0866381	0.223375	0.0617768
12870	2.574	-0.0866512	0.216653	0.047244
12875	2.575	-0.0866634	0.209938	0.0328087
12880	2.576	-0.086679	0.203236	0.0184871
12885	2.577	-0.0866869	0.196551	0.00428494
12890	2.578	-0.0867044	0.189885	-0.00979515
12895	2.579	-0.0857833	0.187561	-0.0116141
12900	2.58	-0.0860426	0.187681	-0.00656991
12905	2.581	-0.086532	0.188038	-0.000801513
12910	2.582	-0.0866756	0.188287	0.00476576
12915	2.583	-0.0867002	0.188378	0.0099894
12920	2.584	-0.0867333	0.188268	0.0147539
12925	2.585	-0.0867658	0.187924	0.0189702
12930	2.586	-0.0867935	0.187316	0.0225665
12935	2.587	-0.08682	0.186423	0.0254849
12940	2.588	-0.0868367	0.185228	0.0276813
12945	2.589	-0.0868593	0.183718	0.0291238
12950	2.59	-0.0866898	0.181886	0.0298037
12955	2.591	-0.0867269	0.179726	0.0296858
12960	2.592	-0.0867786	0.17721	0.0287024
12965	2.593	-0.0868196	0.174348	0.0268774
12970	2.594	-0.0868492	0.171147	0.0242359
12975	2.595	-0.0868778	0.16762	0.020809
12980	2.596	-0.0869015	0.163781	0.0166349
12985	2.597	-0.0869216	0.159648	0.0117574
12990	2.598	-0.0869417	0.155238	0.00622334
12995	2.599	-0.0869545	0.150571	8.29068e-005
13000	2.6	-0.0869722	0.145667	-0.00661219
13005	2.601	-0.0863282	0.143057	-0.0067509
13010	2.602	-0.0865205	0.141579	-0.00365012
13015	2.603	-0.0868155	0.140056	-0.000577459
13020	2.604	-0.0869185	0.138265	0.00186236
13025	2.605	-0.0869465	0.136198	0.00363927
13030	2.606	-0.0869753	0.133848	0.00473467
13035	2.607	-0.0870008	0.131215	0.0051468
13040	2.608	-0.0870216	0.128301	0.00488274
13045	2.609	-0.0870405	0.125112	0.00395592
13050	2.61	-0.0870523	0.121656	0.00238616
13055	2.611	-0.0870671	0.117942	0.000198288
13060	2.612	-0.0868549	0.113984	-0.00256364
13065	2.613	-0.0866997	0.110864	-0.00288727
13070	2.614	-0.0868016	0.108183	-0.00189562
13075	2.615	-0.0869291	0.105525	-0.000750157
13080	2.616	-0.0870084	0.102653	-0.000107878
13085	2.617	-0.0870414	0.0995446	-3.71227e-005
13090	2.618	-0.0870466	0.0962924	-0.000276449
13095	2.619	-0.0870455	0.093001	-0.000537819
13100	2.62	-0.0870521	0.089726	-0.000668485
13105	2.621	-0.0870631	0.086471	-0.000660508
13110	2.622	-0.0870812	0.0832126	-0.000581703
13115	2.623	-0.0868653	0.0799259	-0.000494515
13120	2.624	-0.0869058	0.0765977	-0.000458086
13125	2.625	-0.0869614	0.0732155	-0.000499591
13130	2.626	-0.0869971	0.0698064	-0.000544096
13135	2.627	-0.0870239	0.066384	-0.000556626
13140	2.628	-0.0870497	0.0629482	-0.00053878
13145	2.629	-0.0870719	0.0594947	-0.000505176
13150	2.63	-0.0870903	0.0560188	-0.000471515
13155	2.631	-0.0871068	0.0525186	-0.000446253
13160	2.632	-0.0871177	0.0489948	-0.000429687
13165	2.633	-0.0871302	0.0454498	-0.000418051
13170	2.634	-0.0869014	0.0418851	-0.000399712
13175	2.635	-0.0869389	0.0383012	-0.000397132
13180	2.636	-0.0869953	0.0346854	-0.000437869
13185	2.637	-0.0870318	0.031059	-0.000463944
13190	2.638	-0.0870595	0.0274293	-0.000458018
13195	2.639	-0.0870854	0.0237945	-0.000428359
13200	2.64	-0.0871071	0.0201494	-0.000392106
13205	2.641	-0.0871246	0.0164906	-0.000361538
13210	2.642	-0.08714	0.0128177	-0.000340724
13215	2.643	-0.0871501	0.00913245	-0.000327152
13220	2.644	-0.0871616	0.00543738	-0.000316554
13225	2.645	-0.0869275	0.00173401	-0.000297364
13230	2.646	-0.0869648	-0.00197782	-0.000293824
13235	2.647	-0.0870219	-0.00571101	-0.000334716
13240	2.648	-0.0870581	-0.00944414	-0.000361261
13245	2.649	-0.0870857	-0.0131698	-0.000356035
13250	2.65	-0.0871112	-0.0168898	-0.000326805
13255	2.651	-0.0871326	-0.0206093	-0.000290924
13260	2.652	-0.0871497	-0.0243333	-0.00026331
13265	2.653	-0.0871644	-0.0280613	-0.000245285
13270	2.654	-0.0871741	-0.0317909	-0.000232933
13275	2.655	-0.087185	-0.0355195	-0.000221919
13280	2.656	-0.0869472	-0.0392459	-0.000201468
13285	2.657	-0.0869843	-0.0429706	-0.000197109
13290	2.658	-0.087042	-0.0467069	-0.000238671
13295	2.659	-0.0870783	-0.050433	-0.000266288
13300	2.66	-0.0871059	-0.0541414	-0.000261759
13305	2.661	-0.0871312	-0.0578339	-0.000233189
13310	2.662	-0.0871525	-0.0615157	-0.000197689
13315	2.663	-0.0871696	-0.0651903	-0.000167615
13320	2.664	-0.0871841	-0.0688593	-0.00014907
13325	2.665	-0.0871937	-0.0725201	-0.000137053
13330	2.666	-0.0872042	-0.0761694	-0.000126404
13335	2.667	-0.0872091	-0.0798056	-0.000114462
13340	2.668	-0.0872157	-0.0834284	-0.000102797
13345	2.669	-0.0872235	-0.0870547	-0.00014156
13350	2.67	-0.0872238	-0.0906622	-0.000170928
13355	2.671	-0.0872264	-0.094242	-0.000169204
13360	2.672	-0.0869813	-0.0977969	-0.000135568
13365	2.673	-0.0870164	-0.101333	-0.000111267
13370	2.674	-0.0870691	-0.10485	-8.62213e-005
13375	2.675	-0.0871068	-0.108348	-6.43833e-005
13380	2.676	-0.087138	-0.111846	-9.94406e-005
13385	2.677	-0.0871561	-0.115321	-0.000129675
13390	2.678	-0.0871728	-0.118762	-0.00012999
13395	2.679	-0.0871855	-0.122171	-0.000103617
13400	2.68	-0.0871973	-0.125552	-6.73587e-005
13405	2.681	-0.0872078	-0.128909	-3.53413e-005
13410	2.682	-0.0872134	-0.132244	-1.27155e-005
13415	2.683	-0.0872205	-0.135554	1.35805e-006
13420	2.684	-0.0872257	-0.138839	1.4237e-005
13425	2.685	-0.0869801	-0.142092	4.97778e-005
13430	2.686	-0.087015	-0.145317	7.59308e-005
13435	2.687	-0.0870681	-0.148511	0.000115608
13440	2.688	-0.0871029	-0.15167	0.000175624
13445	2.689	-0.0871317	-0.154794	0.00025815
13450	2.69	-0.0871522	-0.157883	0.000367045
13455	2.691	-0.0871676	-0.160934	0.000503817
13460	2.692	-0.0871828	-0.163948	0.000669873
13465	2.693	-0.0871939	-0.166924	0.000866708
13470	2.694	-0.0872034	-0.169862	0.00109385
13475	2.695	-0.0872134	-0.172763	0.00135041
13480	2.696	-0.0872188	-0.175626	0.0016374
13485	2.697	-0.0872244	-0.178452	0.00195426
13490	2.698	-0.0872305	-0.181241	0.00230085
13495	2.699	-0.0872339	-0.183991	0.00267791
13500	2.7	-0.0869865	-0.186702	0.00310167
13505	2.701	-0.0870266	-0.189417	0.00342945
13510	2.702	-0.0870797	-0.192127	0.00369399
13515	2.703	-0.0871114	-0.194828	0.00391053
13520	2.704	-0.0871392	-0.197516	0.00408741
13525	2.705	-0.0871615	-0.200188	0.00423473
13530	2.706	-0.0871772	-0.202842	0.00436132
13535	2.707	-0.0871902	-0.205474	0.00447315
13540	2.708	-0.0872038	-0.208082	0.00457506
13545	2.709	-0.0872126	-0.210666	0.00467321
13550	2.71	-0.087217	-0.213224	0.00477169
13555	2.711	-0.0872229	-0.215754	0.00487232
13560	2.712	-0.0872291	-0.218255	0.00497956
13565	2.713	-0.0872329	-0.220727	0.00509763
13570	2.714	-0.0872323	-0.223167	0.00522957
13575	2.715	-0.0872342	-0.225576	0.00537584
13580	2.716	-0.0872389	-0.227952	0.0055391
13585	2.717	-0.0872427	-0.230295	0.0057225
13590	2.718	-0.0872431	-0.232603	0.00592802
13595	2.719	-0.0872415	-0.234877	0.00615631
13600	2.72	-0.0872468	-0.237153	0.0063031
13605	2.721	-0.0872517	-0.239425	0.00638638
13610	2.722	-0.0872555	-0.241687	0.00642216
13615	2.723	-0.0872574	-0.243934	0.00642464
13620	2.724	-0.0872581	-0.246162	0.00640559
13625	2.725	-0.0872571	-0.248367	0.00637515
13630	2.726	-0.0872559	-0.250545	0.00634149
13635	2.727	-0.0872542	-0.252695	0.00631149
13640	2.728	-0.0872536	-0.254814	0.0062905
13645	2.729	-0.0872533	-0.2569	0.00628409
13650	2.73	-0.0872548	-0.25895	0.00629843
13655	2.731	-0.087257	-0.260963	0.00634036
13660	2.732	-0.0872611	-0.262934	0.00641718
13665	2.733	-0.0871056	-0.261885	0.0129112
13670	2.734	-0.0872558	-0.260806	0.0193955
13675	2.735	-0.0877399	-0.259706	0.0258422
13680	2.736	-0.08867	-0.258595	0.0322235
13685	2.737	-0.0900789	-0.257477	0.0385201
13690	2.738	-0.0919304	-0.256358	0.04472
13695	2.739	-0.0941519	-0.255242	0.0508162
13700	2.74	-0.0966277	-0.254131	0.056807
13705	2.741	-0.0992556	-0.253026	0.0626926
13710	2.742	-0.101961	-0.251928	0.0684741
13715	2.743	-0.104704	-0.250838	0.0741528
13720	2.744	-0.107465	-0.249755	0.0797306
13725	2.745	-0.110239	-0.248678	0.0852106
13730	2.746	-0.113029	-0.247604	0.0905969
13735	2.747	-0.115838	-0.246532	0.095895
13740	2.748	-0.118666	-0.245459	0.101112
13745	2.749	-0.121499	-0.244381	0.106255
13750	2.75	-0.124355	-0.243294	0.111333
13755	2.751	-0.127254	-0.242195	0.116353
13760	2.752	-0.13021	-0.241079	0.121325
13765	2.753	-0.133237	-0.239943	0.126256
13770	2.754	-0.136344	-0.23878	0.131157
13775	2.755	-0.139522	-0.237587	0.136039
13780	2.756	-0.142758	-0.236359	0.140912
13785	2.757	-0.14603	-0.235093	0.145784
13790	2.758	-0.149325	-0.233785	0.150665
13795	2.759	-0.152645	-0.232432	0.15556
13800	2.76	-0.155982	-0.231032	0.160475
13805	2.761	-0.159319	-0.229573	0.165441
13810	2.762	-0.162672	-0.228051	0.170464
13815	2.763	-0.166542	-0.226467	0.175521
13820	2.764	-0.170752	-0.224814	0.180635
13825	2.765	-0.175116	-0.223086	0.185825
13830	2.766	-0.179469	-0.221277	0.19112
13835	2.767	-0.183726	-0.219379	0.196538
13840	2.768	-0.187859	-0.21739	0.20209
13845	2.769	-0.191892	-0.215306	0.207787
13850	2.77	-0.195874	-0.213121	0.213639
13855	2.771	-0.19985	-0.210832	0.219649
13860	2.772	-0.203783	-0.208413	0.225897
13865	2.773	-0.207728	-0.205863	0.232377
13870	2.774	-0.212101	-0.203184	0.239064
13875	2.775	-0.21679	-0.200377	0.245961
13880	2.776	-0.221662	-0.197441	0.253072
13885	2.777	-0.226573	-0.194377	0.260404
13890	2.778	-0.231444	-0.191186	0.267956
13895	2.779	-0.236223	-0.187872	0.275723
13900	2.78	-0.240908	-0.184436	0.283696
13905	2.781	-0.245522	-0.180884	0.291865
13910	2.782	-0.25009	-0.177219	0.300215
13915	2.783	-0.254571	-0.173427	0.308792
13920	2.784	-0.25902	-0.169515	0.317571
13925	2.785	-0.263792	-0.165491	0.326511
13930	2.786	-0.26879	-0.161365	0.335594
13935	2.787	-0.2739	-0.157142	0.344803
13940	2.788	-0.278988	-0.15283	0.354125
13945	2.789	-0.283991	-0.148438	0.363543
13950	2.79	-0.288855	-0.143975	0.373034
13955	2.791	-0.293571	-0.139449	0.382576
13960	2.792	-0.298155	-0.134869	0.392143
13965	2.793	-0.302629	-0.130247	0.401705
13970	2.794	-0.306937	-0.125572	0.411301
13975	2.795	-0.311139	-0.120856	0.420892
13980	2.796	-0.315647	-0.116111	0.430425
13985	2.797	-0.320357	-0.111349	0.439872
13990	2.798	-0.325145	-0.10658	0.449212
13995	2.799	-0.329866	-0.101815	0.458427
14000	2.8	-0.334459	-0.0970622	0.467497
14005	2.801	-0.338823	-0.0923253	0.476421
14010	2.802	-0.34291	-0.087606	0.485199
14015	2.803	-0.346727	-0.0829053	0.49383
14020	2.804	-0.350306	-0.0782239	0.502312
14025	2.805	-0.349248	-0.0735744	0.510885
14030	2.806	-0.34909	-0.0689445	0.519251
14035	2.807	-0.34915	-0.0643346	0.527447
14040	2.808	-0.349174	-0.0597449	0.535487
14045	2.809	-0.349185	-0.0551751	0.54337
14050	2.81	-0.349193	-0.0506218	0.551102
14055	2.811	-0.349199	-0.0460847	0.558682
14060	2.812	-0.349203	-0.0415634	0.566114
14065	2.813	-0.349207	-0.0370571	0.573398
14070	2.814	-0.34921	-0.0325655	0.580537
14075	2.815	-0.349212	-0.0280882	0.587532
14080	2.816	-0.349213	-0.0236252	0.594383
14085	2.817	-0.349215	-0.0191763	0.601094
14090	2.818	-0.349237	-0.0147413	0.607664
14095	2.819	-0.349235	-0.01032	0.614098
14100	2.82	-0.349232	-0.0059118	0.620395
14105	2.821	-0.349229	-0.00151356	0.626563
14110	2.822	-0.349227	0.00287493	0.632604
14115	2.823	-0.349223	0.007254	0.638518
14120	2.824	-0.34922	0.011624	0.644308
14125	2.825	-0.349217	0.0159851	0.649974
14130	2.826	-0.349214	0.0203373	0.655517
14135	2.827	-0.349211	0.0246807	0.660938
14140	2.828	-0.349208	0.0290151	0.666238
14145	2.829	-0.349228	0.0333408	0.671417
14150	2.83	-0.349225	0.0376576	0.676477
14155	2.831	-0.34922	0.0419656	0.68142
14160	2.832	-0.349216	0.046268	0.68625
14165	2.833	-0.349212	0.0505646	0.690969
14170	2.834	-0.349208	0.0548553	0.695577
14175	2.835	-0.349204	0.0591403	0.700076
14180	2.836	-0.349201	0.0634196	0.704465
14185	2.837	-0.349197	0.0676928	0.708744
14190	2.838	-0.349194	0.0719596	0.712915
14195	2.839	-0.349191	0.0762195	0.716977
14200	2.84	-0.349213	0.0804724	0.720928
14205	2.841	-0.34921	0.0847175	0.724771
14210	2.842	-0.349205	0.0889547	0.728506
14215	2.843	-0.3492	0.0931868	0.732137
14220	2.844	-0.349197	0.0974132	0.735664
14225	2.845	-0.349193	0.101634	0.739088
14230	2.846	-0.349189	0.105847	0.742408
14235	2.847	-0.349186	0.110054	0.745623
14240	2.848	-0.349183	0.114254	0.748735
14245	2.849	-0.34918	0.118447	0.751743
14250	2.85	-0.349178	0.122631	0.754647
14255	2.851	-0.3492	0.126808	0.757446
14260	2.852	-0.349197	0.130975	0.760141
14265	2.853	-0.349192	0.135133	0.762731
14270	2.854	-0.349188	0.139284	0.765222
14275	2.855	-0.349185	0.143426	0.767611
14280	2.856	-0.349181	0.14756	0.769898
14285	2.857	-0.349178	0.151685	0.772082
14290	2.858	-0.349175	0.155799	0.774163
14295	2.859	-0.349172	0.159902	0.77614
14300	2.86	-0.34917	0.163993	0.778012
14305	2.861	-0.349167	0.168073	0.77978
14310	2.862	-0.349191	0.17214	0.781441
14315	2.863	-0.349188	0.176194	0.782999
14320	2.864	-0.349183	0.180235	0.784451
14325	2.865	-0.349179	0.184265	0.785804
14330	2.866	-0.349176	0.188284	0.787057
14335	2.867	-0.349173	0.192291	0.788208
14340	2.868	-0.34917	0.196285	0.789258
14345	2.869	-0.349167	0.200266	0.790207
14350	2.87	-0.349164	0.204234	0.791053
14355	2.871	-0.349162	0.208187	0.791796
14360	2.872	-0.34916	0.212125	0.792435
14365	2.873	-0.349184	0.216047	0.792968
14370	2.874	-0.349181	0.219951	0.793395
14375	2.875	-0.349177	0.223836	0.793716
14380	2.876	-0.349173	0.227703	0.793929
14385	2.877	-0.34917	0.231551	0.794034
14390	2.878	-0.349166	0.235378	0.79403
14395	2.879	-0.349163	0.239184	0.793917
14400	2.88	-0.349161	0.242969	0.793695
14405	2.881	-0.349158	0.246732	0.793363
14410	2.882	-0.349156	0.250473	0.792922
14415	2.883	-0.349154	0.254195	0.792378
14420	2.884	-0.349179	0.257896	0.791727
14425	2.885	-0.349176	0.261578	0.790973
14430	2.886	-0.349172	0.265238	0.790115
14435	2.887	-0.349168	0.268876	0.78915
14440	2.888	-0.349165	0.272492	0.78808
14445	2.889	-0.349162	0.276085	0.786904
14450	2.89	-0.349159	0.279654	0.785621
14455	2.891	-0.349157	0.2832	0.784232
14460	2.892	-0.349153	0.286725	0.782746
14465	2.893	-0.349152	0.290226	0.781156
14470	2.894	-0.34915	0.293705	0.779465
14475	2.895	-0.349149	0.297162	0.777672
14480	2.896	-0.349147	0.300596	0.775778
14485	2.897	-0.349146	0.304006	0.773782
14490	2.898	-0.349144	0.307392	0.771684
14495	2.899	-0.349143	0.310754	0.769482
14500	2.9	-0.349164	0.314111	0.767237
14505	2.901	-0.349162	0.31746	0.764944
14510	2.902	-0.349159	0.3208	0.762596
14515	2.903	-0.349156	0.324128	0.76019
14520	2.904	-0.349154	0.327444	0.757721
14525	2.905	-0.349178	0.330749	0.755192
14530	2.906	-0.349175	0.334041	0.752603
14535	2.907	-0.349171	0.337321	0.749952
14540	2.908	-0.349167	0.340587	0.747237
14545	2.909	-0.349163	0.343839	0.74446
14550	2.91	-0.34916	0.347076	0.74162
14555	2.911	-0.349157	0.350299	0.738719
14560	2.912	-0.349154	0.353508	0.735759
14565	2.913	-0.349178	0.356703	0.732739
14570	2.914	-0.349175	0.359884	0.729665
14575	2.915	-0.349169	0.363051	0.726538
14580	2.916	-0.349165	0.366206	0.72336
14585	2.917	-0.349161	0.369349	0.720135
14590	2.918	-0.349158	0.37248	0.716866
14595	2.919	-0.349155	0.375601	0.713555
14600	2.92	-0.349152	0.378712	0.710208
14605	2.921	-0.349149	0.381815	0.706826
14610	2.922	-0.349147	0.38491	0.703414
14615	2.923	-0.349144	0.387998	0.699975
14620	2.924	-0.349136	0.391107	0.696594
14625	2.925	-0.349134	0.394237	0.693265
14630	2.926	-0.349133	0.397384	0.689982
14635	2.927	-0.349132	0.40055	0.686747
14640	2.928	-0.349131	0.403733	0.683554
14645	2.929	-0.343767	0.401642	0.671124
14650	2.93	-0.34074	0.399565	0.658585
14655	2.931	-0.339945	0.397541	0.646045
14660	2.932	-0.341125	0.395603	0.633612
14665	2.933	-0.344057	0.393784	0.621382
14670	2.934	-0.347912	0.392105	0.609469
14675	2.935	-0.350776	0.390682	0.598688
14680	2.936	-0.349117	0.389481	0.588921
14685	2.937	-0.34527	0.388513	0.580015
14690	2.938	-0.34024	0.387822	0.572013
14695	2.939	-0.334807	0.387411	0.564864
14700	2.94	-0.3293	0.38728	0.558535
14705	2.941	-0.324001	0.387422	0.552974
14710	2.942	-0.31908	0.387834	0.548149
14715	2.943	-0.314703	0.388507	0.544026
14720	2.944	-0.311018	0.389435	0.540567
14725	2.945	-0.308135	0.390608	0.537738
14730	2.946	-0.305976	0.392048	0.535605
14735	2.947	-0.304617	0.393738	0.534109
14740	2.948	-0.304095	0.395658	0.533196
14745	2.949	-0.304413	0.397791	0.532815
14750	2.95	-0.305409	0.400119	0.532937
14755	2.951	-0.307012	0.402623	0.533517
14760	2.952	-0.30635	0.401564	0.527532
14765	2.953	-0.305854	0.400652	0.521979
14770	2.954	-0.30542	0.399898	0.516893
14775	2.955	-0.304929	0.399309	0.512302
14780	2.956	-0.304299	0.398891	0.508222
14785	2.957	-0.303488	0.398644	0.50466
14790	2.958	-0.302489	0.398567	0.501609
14795	2.959	-0.30154	0.398654	0.499024
14800	2.96	-0.300635	0.398898	0.49689
14805	2.961	-0.299792	0.399294	0.495181
14810	2.962	-0.299036	0.39983	0.493868
14815	2.963	-0.298391	0.400494	0.492916
14820	2.964	-0.297884	0.401275	0.492288
14825	2.965	-0.297534	0.402157	0.491944
14830	2.966	-0.296213	0.401485	0.488726
14835	2.967	-0.294918	0.400886	0.485735
14840	2.968	-0.293696	0.40035	0.482946
14845	2.969	-0.292511	0.399867	0.48034
14850	2.97	-0.29134	0.399424	0.477888
14855	2.971	-0.290168	0.399004	0.475557
14860	2.972	-0.288987	0.398591	0.47331
14865	2.973	-0.287781	0.398164	0.471107
14870	2.974	-0.286249	0.397705	0.46892
14875	2.975	-0.284082	0.397192	0.466717
14880	2.976	-0.275421	0.396562	0.464676
14885	2.977	-0.263549	0.395794	0.462515
14890	2.978	-0.251694	0.394872	0.459994
14895	2.979	-0.242226	0.39379	0.456967
14900	2.98	-0.235398	0.392537	0.453406
14905	2.981	-0.230965	0.391106	0.449309
14910	2.982	-0.228643	0.389489	0.444679
14915	2.983	-0.227405	0.387677	0.439556
14920	2.984	-0.225947	0.385663	0.434015
14925	2.985	-0.223243	0.383442	0.428108
14930	2.986	-0.218711	0.381008	0.421849
14935	2.987	-0.207841	0.378322	0.415388
14940	2.988	-0.193515	0.375389	0.408575
14945	2.989	-0.178106	0.372214	0.401293
14950	2.99	-0.163576	0.368804	0.393454
14955	2.991	-0.150588	0.365166	0.385036
14960	2.992	-0.139519	0.361308	0.376038
14965	2.993	-0.129904	0.357234	0.366498
14970	2.994	-0.121108	0.35295	0.356465
14975	2.995	-0.112491	0.348463	0.345991
14980	2.996	-0.103599	0.343779	0.335118
14985	2.997	-0.0943591	0.338905	0.323871
14990	2.998	-0.0815052	0.333827	0.31237
14995	2.999	-0.0863505	0.328589	0.299697
15000	3	-0.0871168	0.323179	0.286875
15005	3.001	-0.0869572	0.317611	0.273797
15010	3.002	-0.0868702	0.311895	0.260445
15015	3.003	-0.0868436	0.306045	0.246851
15020	3.004	-0.0868148	0.300071	0.233048
15025	3.005	-0.0867933	0.293986	0.219065
15030	3.006	-0.0867721	0.287801	0.204934
15035	3.007	-0.086751	0.281527	0.19068
15040	3.008	-0.0867359	0.275176	0.176333
15045	3.009	-0.0865882	0.268741	0.161873
15050	3.01	-0.0865941	0.262233	0.147316
15055	3.011	-0.086603	0.255666	0.1327
15060	3.012	-0.0866196	0.24905	0.118054
15065	3.013	-0.086624	0.242396	0.103403
15070	3.014	-0.0866378	0.235717	0.0887734
15075	3.015	-0.0866446	0.22902	0.0741879
15080	3.016	-0.0866559	0.222315	0.0596689
15085	3.017	-0.0866653	0.215612	0.0452374
15090	3.018	-0.086673	0.208919	0.030912
15095	3.019	-0.086686	0.202239	0.0166981
15100	3.02	-0.0865467	0.19556	0.00256765
15105	3.021	-0.0865782	0.188892	-0.0114756
15110	3.022	-0.0857804	0.186863	-0.0124257
15115	3.023	-0.0860933	0.187261	-0.00656269
15120	3.024	-0.0866002	0.187747	-0.000385129
15125	3.025	-0.0867088	0.18813	0.00560551
15130	3.026	-0.0867256	0.188357	0.0112568
15135	3.027	-0.0867546	0.188383	0.0164503
15140	3.028	-0.0867833	0.188173	0.0210933
15145	3.029	-0.0868065	0.187696	0.0251081
15150	3.03	-0.0868298	0.18693	0.0284333
15155	3.031	-0.0866725	0.185828	0.030954
15160	3.032	-0.0867143	0.184379	0.0326233
15165	3.033	-0.0867556	0.182578	0.0334396
15170	3.034	-0.0867966	0.180425	0.0334026
15175	3.035	-0.0868248	0.177922	0.0325191
15180	3.036	-0.0868555	0.175075	0.0308047
15185	3.037	-0.0868782	0.171892	0.0282827
15190	3.038	-0.0869008	0.168386	0.0249831
15195	3.039	-0.0869199	0.164571	0.0209421
15200	3.04	-0.0869354	0.160461	0.0161997
15205	3.041	-0.0869521	0.156074	0.0108011
15210	3.042	-0.086769	0.151399	0.00471943
15215	3.043	-0.0868063	0.146455	-0.00201096
15220	3.044	-0.0865518	0.142963	-0.00455933
15225	3.045	-0.0866082	0.140634	-0.00376107
15230	3.046	-0.0867836	0.138712	-0.00172563
15235	3.047	-0.0869361	0.136596	-0.00012657
15240	3.048	-0.0869768	0.134233	0.000889753
15245	3.049	-0.0869981	0.131617	0.00130516
15250	3.05	-0.0870176	0.128748	0.001115
15255	3.051	-0.0870337	0.125626	0.000322655
15260	3.052	-0.0870494	0.122257	-0.0010606
15265	3.053	-0.0867471	0.119178	-0.00151758
15270	3.054	-0.08679	0.116309	-0.00129733
15275	3.055	-0.0868729	0.113492	-0.000840403
15280	3.056	-0.0869397	0.1106	-0.000492599
15285	3.057	-0.0869775	0.107593	-0.000370783
15290	3.058	-0.0870024	0.104493	-0.000416476
15295	3.059	-0.0870161	0.101342	-0.000515034
15300	3.06	-0.0870303	0.0981685	-0.000582978
15305	3.061	-0.087045	0.0949842	-0.000594752
15310	3.062	-0.0870593	0.0917834	-0.000567242
15315	3.063	-0.0870746	0.0885568	-0.000528546
15320	3.064	-0.0868597	0.0852791	-0.00054059
15325	3.065	-0.0868957	0.0819685	-0.000574915
15330	3.066	-0.0869454	0.0786393	-0.000584124
15335	3.067	-0.0869863	0.0752932	-0.000564738
15340	3.068	-0.0870162	0.0719255	-0.000532364
15345	3.069	-0.0870443	0.0685319	-0.000501485
15350	3.07	-0.0870652	0.065111	-0.00047877
15355	3.071	-0.0870837	0.0616638	-0.000463648
15360	3.072	-0.0870986	0.0581928	-0.000452101
15365	3.073	-0.0871105	0.0546999	-0.000441119
15370	3.074	-0.0871223	0.0511868	-0.000428782
15375	3.075	-0.086898	0.0476349	-0.000458708
15380	3.076	-0.0869329	0.0440646	-0.000496877
15385	3.077	-0.0869837	0.0404889	-0.000499815
15390	3.078	-0.0870244	0.0369067	-0.0004717
15395	3.079	-0.0870544	0.0333119	-0.000433011
15400	3.08	-0.0870818	0.0296998	-0.000399405
15405	3.081	-0.0871021	0.0260693	-0.000376544
15410	3.082	-0.0871197	0.0224225	-0.000362225
15415	3.083	-0.0871337	0.018762	-0.000351227
15420	3.084	-0.0871448	0.0150888	-0.000342722
15425	3.085	-0.0871555	0.0114054	-0.000332225
15430	3.086	-0.0869257	0.00769469	-0.000360863
15435	3.087	-0.0869603	0.0039762	-0.000397351
15440	3.088	-0.0870119	0.000262577	-0.000399001
15445	3.089	-0.0870522	-0.00344722	-0.000370381
15450	3.09	-0.0870822	-0.00715927	-0.000331466
15455	3.091	-0.0871092	-0.0108781	-0.000297951
15460	3.092	-0.0871291	-0.0146046	-0.000275196
15465	3.093	-0.0871461	-0.018337	-0.00026102
15470	3.094	-0.0871597	-0.0220725	-0.000250533
15475	3.095	-0.0871703	-0.0258089	-0.00024009
15480	3.096	-0.0871806	-0.0295446	-0.000228195
15485	3.097	-0.0869468	-0.0332976	-0.000257487
15490	3.098	-0.0869811	-0.0370477	-0.00029554
15495	3.099	-0.0870332	-0.0407818	-0.000298288
15500	3.1	-0.0870734	-0.044501	-0.000270004
15505	3.101	-0.0871036	-0.0482115	-0.000231012
15510	3.102	-0.0871303	-0.0519179	-0.000197433
15515	3.103	-0.0871501	-0.0556227	-0.000177276
15520	3.104	-0.0871667	-0.0593232	-0.000166026
15525	3.105	-0.0871799	-0.0630164	-0.00015723
15530	3.106	-0.0871903	-0.0667008	-0.000149065
15535	3.107	-0.0872002	-0.0703742	-0.000137906
15540	3.108	-0.0869632	-0.0740543	-0.000166654
15545	3.109	-0.0869975	-0.0777213	-0.000203709
15550	3.11	-0.0870503	-0.0813633	-0.000207226
15555	3.111	-0.0870906	-0.0849803	-0.000179524
15560	3.112	-0.0871211	-0.0885784	-0.000140399
15565	3.113	-0.087144	-0.0921625	-0.000106423
15570	3.114	-0.0871636	-0.0957338	-8.40555e-005
15575	3.115	-0.0871767	-0.0992905	-7.09017e-005
15580	3.116	-0.0871896	-0.10283	-6.15445e-005
15585	3.117	-0.0871999	-0.106349	-5.2405e-005
15590	3.118	-0.0872082	-0.109848	-4.18079e-005
15595	3.119	-0.0872158	-0.113325	-2.99995e-005
15600	3.12	-0.0872192	-0.116779	-1.77705e-005
15605	3.121	-0.0872247	-0.120211	-6.09722e-006
15610	3.122	-0.0872288	-0.123617	8.36088e-006
15615	3.123	-0.0872298	-0.126993	3.63765e-005
15620	3.124	-0.0872336	-0.130336	8.69555e-005
15625	3.125	-0.0872341	-0.133641	0.000169492
15630	3.126	-0.0872371	-0.136906	0.000288138
15635	3.127	-0.0872396	-0.140131	0.000443221
15640	3.128	-0.0872388	-0.143315	0.000636432
15645	3.129	-0.0872396	-0.146458	0.000867847
15650	3.13	-0.0872406	-0.149562	0.00113626
15655	3.131	-0.0872386	-0.152625	0.00144181
15660	3.132	-0.0872403	-0.155648	0.0017835
15665	3.133	-0.0872421	-0.158632	0.00216023
15670	3.134	-0.0872396	-0.161576	0.00257181
15675	3.135	-0.0872418	-0.164482	0.0030155
15680	3.136	-0.0872433	-0.167351	0.00348912
15685	3.137	-0.0872416	-0.170182	0.00399206
15690	3.138	-0.0872423	-0.172977	0.00452229
15695	3.139	-0.0872512	-0.175773	0.0049734
15700	3.14	-0.0872496	-0.178566	0.00536066
15705	3.141	-0.0872479	-0.18135	0.00569535
15710	3.142	-0.087256	-0.184161	0.00588264
15715	3.143	-0.0872546	-0.186988	0.00594882
15720	3.144	-0.0870033	-0.189822	0.00593208
15725	3.145	-0.0870402	-0.192699	0.00570991
15730	3.146	-0.0870919	-0.195603	0.0053333
15735	3.147	-0.0871216	-0.198525	0.00483334
15740	3.148	-0.0871465	-0.201457	0.00423273
15745	3.149	-0.0871674	-0.204389	0.00355418
15750	3.15	-0.0871827	-0.207316	0.00281802
15755	3.151	-0.0869455	-0.210228	0.00205778
15760	3.152	-0.0869866	-0.213125	0.00125263
15765	3.153	-0.0870468	-0.216	0.000433838
15770	3.154	-0.0870845	-0.218847	-0.000382872
15775	3.155	-0.0870777	-0.221466	-0.000632668
15780	3.156	-0.0871109	-0.22391	-0.000469149
15785	3.157	-0.0871529	-0.226281	-0.000177693
15790	3.158	-0.0871802	-0.228642	6.89002e-005
15795	3.159	-0.087201	-0.231026	0.000174184
15800	3.16	-0.087214	-0.233426	0.000162297
15805	3.161	-0.0872238	-0.235832	5.58416e-005
15810	3.162	-0.0872289	-0.238239	-0.000125467
15815	3.163	-0.0872182	-0.240573	-0.000178689
15820	3.164	-0.0869733	-0.242845	-0.000127316
15825	3.165	-0.0870147	-0.245082	-6.13622e-005
15830	3.166	-0.0870769	-0.247294	-7.1833e-006
15835	3.167	-0.0871162	-0.249482	4.05963e-005
15840	3.168	-0.0871455	-0.251643	8.95721e-005
15845	3.169	-0.0871671	-0.253773	0.000146148
15850	3.17	-0.0871841	-0.255871	0.000214929
15855	3.171	-0.087197	-0.257935	0.000300432
15860	3.172	-0.0872081	-0.259964	0.000407511
15865	3.173	-0.0872174	-0.261955	0.000541491
15870	3.174	-0.0871126	-0.261858	0.00509656
15875	3.175	-0.0872221	-0.26173	0.00964881
15880	3.176	-0.0872483	-0.261575	0.0142016
15885	3.177	-0.0872573	-0.261398	0.0187366
15890	3.178	-0.0873166	-0.261203	0.023239
15895	3.179	-0.0876796	-0.260995	0.0276853
15900	3.18	-0.0884848	-0.260778	0.0320606
15905	3.181	-0.0897881	-0.260552	0.0363565
15910	3.182	-0.0915506	-0.26032	0.040572
15915	3.183	-0.0936855	-0.26008	0.0447108
15920	3.184	-0.0960862	-0.259832	0.0487799
15925	3.185	-0.0986677	-0.259574	0.0527866
15930	3.186	-0.101346	-0.259304	0.0567397
15935	3.187	-0.104071	-0.259021	0.0606471
15940	3.188	-0.106821	-0.25872	0.0645165
15945	3.189	-0.109592	-0.258401	0.068355
15950	3.19	-0.112384	-0.258058	0.0721706
15955	3.191	-0.115199	-0.257689	0.0759713
15960	3.192	-0.118035	-0.257289	0.079766
15965	3.193	-0.120893	-0.256855	0.0835638
15970	3.194	-0.123759	-0.256383	0.0873744
15975	3.195	-0.126649	-0.255869	0.0912061
15980	3.196	-0.129585	-0.255308	0.0950675
15985	3.197	-0.132593	-0.254696	0.0989657
15990	3.198	-0.135677	-0.25403	0.102908
15995	3.199	-0.138831	-0.253306	0.106901
16000	3.2	-0.14204	-0.252521	0.110953
16005	3.201	-0.145281	-0.251669	0.115081
16010	3.202	-0.148492	-0.250727	0.119343
16015	3.203	-0.151687	-0.249695	0.12374
16020	3.204	-0.155405	-0.248574	0.128242
16025	3.205	-0.159458	-0.247362	0.132864
16030	3.206	-0.163656	-0.246053	0.137623
16035	3.207	-0.167838	-0.244645	0.142536
16040	3.208	-0.171918	-0.243134	0.147616
16045	3.209	-0.175865	-0.241517	0.152871
16050	3.21	-0.179715	-0.239791	0.158307
16055	3.211	-0.183516	-0.237953	0.16393
16060	3.212	-0.187325	-0.235998	0.169749
16065	3.213	-0.191106	-0.233899	0.175839
16070	3.214	-0.194911	-0.231658	0.182192
16075	3.215	-0.199181	-0.229276	0.188783
16080	3.216	-0.203789	-0.226755	0.19561
16085	3.217	-0.208596	-0.224095	0.202679
16090	3.218	-0.213447	-0.221298	0.209993
16095	3.219	-0.218275	-0.218366	0.217551
16100	3.22	-0.223013	-0.2153	0.22535
16105	3.221	-0.227668	-0.212105	0.233379
16110	3.222	-0.232255	-0.208783	0.241632
16115	3.223	-0.236812	-0.205336	0.250097
16120	3.224	-0.241302	-0.20175	0.258821
16125	3.225	-0.245776	-0.198032	0.267777
16130	3.226	-0.250586	-0.19419	0.276927
16135	3.227	-0.255629	-0.190233	0.286251
16140	3.228	-0.260793	-0.186167	0.295736
16145	3.229	-0.265941	-0.182002	0.305365
16150	3.23	-0.271016	-0.177744	0.31512
16155	3.231	-0.275959	-0.173404	0.324981
16160	3.232	-0.280773	-0.16899	0.334923
16165	3.233	-0.285463	-0.164509	0.344926
16170	3.234	-0.290064	-0.159969	0.354967
16175	3.235	-0.294523	-0.155357	0.365086
16180	3.236	-0.298896	-0.150685	0.375247
16185	3.237	-0.30357	-0.145965	0.385395
16190	3.238	-0.308443	-0.141212	0.3955
16195	3.239	-0.313396	-0.136436	0.405537
16200	3.24	-0.318282	-0.13165	0.415484
16205	3.241	-0.323051	-0.126864	0.425316
16210	3.242	-0.327626	-0.122089	0.435011
16215	3.243	-0.331992	-0.117334	0.444546
16220	3.244	-0.336123	-0.112601	0.453922
16225	3.245	-0.340029	-0.107888	0.46314
16230	3.246	-0.343738	-0.103191	0.472211
16235	3.247	-0.347294	-0.0985161	0.481119
16240	3.248	-0.351164	-0.0938622	0.489839
16245	3.249	-0.349308	-0.0892445	0.498702
16250	3.25	-0.349088	-0.0846479	0.507311
16255	3.251	-0.349148	-0.0800736	0.515739
16260	3.252	-0.349174	-0.0755215	0.524004
16265	3.253	-0.349183	-0.0709905	0.532107
16270	3.254	-0.34919	-0.0664795	0.54005
16275	3.255	-0.349196	-0.0619878	0.547834
16280	3.256	-0.3492	-0.0575119	0.555467
16285	3.257	-0.349205	-0.0530515	0.56295
16290	3.258	-0.349207	-0.048606	0.570285
16295	3.259	-0.34923	-0.0441752	0.577473
16300	3.26	-0.349231	-0.0397587	0.584518
16305	3.261	-0.349231	-0.0353561	0.591421
16310	3.262	-0.349229	-0.0309669	0.598184
16315	3.263	-0.349227	-0.0265901	0.60481
16320	3.264	-0.349225	-0.0222253	0.611301
16325	3.265	-0.349223	-0.0178719	0.617658
16330	3.266	-0.34922	-0.0135294	0.623885
16335	3.267	-0.349217	-0.00919459	0.629987
16340	3.268	-0.349215	-0.00486737	0.635966
16345	3.269	-0.349212	-0.000547512	0.641823
16350	3.27	-0.349232	0.00376522	0.647558
16355	3.271	-0.349229	0.00807077	0.653174
16360	3.272	-0.349224	0.0123694	0.658672
16365	3.273	-0.349219	0.0166614	0.664053
16370	3.274	-0.349216	0.0209471	0.669318
16375	3.275	-0.349212	0.0252268	0.674468
16380	3.276	-0.349208	0.0295004	0.679505
16385	3.277	-0.349204	0.033768	0.684428
16390	3.278	-0.349201	0.0380325	0.689244
16395	3.279	-0.349198	0.0422936	0.693954
16400	3.28	-0.349195	0.0465509	0.698557
16405	3.281	-0.349217	0.0508043	0.703051
16410	3.282	-0.349213	0.0550532	0.707441
16415	3.283	-0.349208	0.0592974	0.711724
16420	3.284	-0.349204	0.0635368	0.715901
16425	3.285	-0.3492	0.0677713	0.719973
16430	3.286	-0.349196	0.072001	0.72394
16435	3.287	-0.349192	0.0762257	0.727803
16440	3.288	-0.349189	0.080445	0.731561
16445	3.289	-0.349186	0.0846617	0.73522
16450	3.29	-0.349183	0.0888751	0.738779
16455	3.291	-0.349181	0.0930843	0.742238
16460	3.292	-0.349203	0.0972888	0.745594
16465	3.293	-0.3492	0.101488	0.74885
16470	3.294	-0.349195	0.10568	0.752004
16475	3.295	-0.349191	0.109867	0.755056
16480	3.296	-0.349187	0.114046	0.758005
16485	3.297	-0.349183	0.118218	0.760851
16490	3.298	-0.34918	0.122382	0.763594
16495	3.299	-0.349177	0.126538	0.766235
16500	3.3	-0.349174	0.130688	0.768778
16505	3.301	-0.349172	0.134833	0.771223
16510	3.302	-0.34917	0.138971	0.77357
16515	3.303	-0.349193	0.143102	0.775816
16520	3.304	-0.34919	0.147224	0.777963
16525	3.305	-0.349185	0.151337	0.780008
16530	3.306	-0.349181	0.155439	0.78195
16535	3.307	-0.349178	0.159531	0.783789
16540	3.308	-0.349174	0.16361	0.785524
16545	3.309	-0.349171	0.167677	0.787154
16550	3.31	-0.349168	0.171731	0.788678
16555	3.311	-0.349166	0.175775	0.790103
16560	3.312	-0.349164	0.179807	0.791427
16565	3.313	-0.349161	0.183828	0.79265
16570	3.314	-0.349185	0.187837	0.793769
16575	3.315	-0.349183	0.191832	0.794788
16580	3.316	-0.349178	0.195814	0.795704
16585	3.317	-0.349174	0.199781	0.796517
16590	3.318	-0.349171	0.203734	0.797227
16595	3.319	-0.349168	0.207671	0.797832
16600	3.32	-0.349165	0.211592	0.798334
16605	3.321	-0.349162	0.215497	0.798731
16610	3.322	-0.34916	0.219389	0.799028
16615	3.323	-0.349158	0.223266	0.799226
16620	3.324	-0.349156	0.227128	0.799324
16625	3.325	-0.34918	0.230975	0.79932
16630	3.326	-0.349178	0.234805	0.799215
16635	3.327	-0.349173	0.238618	0.799008
16640	3.328	-0.349169	0.242413	0.798699
16645	3.329	-0.349166	0.246191	0.798287
16650	3.33	-0.349163	0.249949	0.797772
16655	3.331	-0.34916	0.253688	0.797153
16660	3.332	-0.349158	0.257407	0.796429
16665	3.333	-0.349155	0.261108	0.795607
16670	3.334	-0.349153	0.264791	0.794684
16675	3.335	-0.349151	0.268456	0.793661
16680	3.336	-0.349176	0.2721	0.792536
16685	3.337	-0.349174	0.275724	0.791309
16690	3.338	-0.349169	0.279326	0.78998
16695	3.339	-0.349166	0.282907	0.788548
16700	3.34	-0.349162	0.286464	0.787012
16705	3.341	-0.34916	0.289999	0.785371
16710	3.342	-0.349157	0.29351	0.783627
16715	3.343	-0.349155	0.296996	0.781778
16720	3.344	-0.349153	0.30046	0.779829
16725	3.345	-0.349151	0.303903	0.77778
16730	3.346	-0.349149	0.307321	0.77563
16735	3.347	-0.349147	0.310716	0.773379
16740	3.348	-0.349146	0.314086	0.771026
16745	3.349	-0.349144	0.317431	0.768569
16750	3.35	-0.349143	0.320749	0.76601
16755	3.351	-0.349142	0.32404	0.763347
16760	3.352	-0.349141	0.327304	0.760581
16765	3.353	-0.34914	0.330542	0.757714
16770	3.354	-0.349138	0.333755	0.754753
16775	3.355	-0.349137	0.336947	0.751708
16780	3.356	-0.349136	0.340119	0.748582
16785	3.357	-0.349135	0.343273	0.745383
16790	3.358	-0.349134	0.346411	0.742115
16795	3.359	-0.349134	0.349533	0.738783
16800	3.36	-0.349132	0.352641	0.735393
16805	3.361	-0.349131	0.355738	0.731952
16810	3.362	-0.349131	0.358824	0.728464
16815	3.363	-0.34913	0.3619	0.724935
16820	3.364	-0.349129	0.36497	0.721372
16825	3.365	-0.349128	0.368033	0.717779
16830	3.366	-0.349127	0.371092	0.714161
16835	3.367	-0.349126	0.374148	0.710524
16840	3.368	-0.349126	0.377203	0.706871
16845	3.369	-0.349125	0.380256	0.703206
16850	3.37	-0.349125	0.38331	0.699534
16855	3.371	-0.349118	0.386393	0.69594
16860	3.372	-0.349118	0.389503	0.692417
16865	3.373	-0.349118	0.392639	0.688961
16870	3.374	-0.349118	0.395797	0.685567
16875	3.375	-0.349118	0.398977	0.682228
16880	3.376	-0.349119	0.402179	0.678944
16885	3.377	-0.34547	0.401582	0.668989
16890	3.378	-0.343788	0.401008	0.658975
16895	3.379	-0.344023	0.400485	0.648975
16900	3.38	-0.345846	0.400036	0.639073
16905	3.381	-0.348552	0.399679	0.629362
16910	3.382	-0.351573	0.39943	0.619924
16915	3.383	-0.349237	0.399362	0.611627
16920	3.384	-0.345641	0.39947	0.603974
16925	3.385	-0.341962	0.39976	0.59687
16930	3.386	-0.338563	0.40024	0.59031
16935	3.387	-0.335428	0.400917	0.584312
16940	3.388	-0.332564	0.401793	0.578884
16945	3.389	-0.328754	0.401479	0.571484
16950	3.39	-0.325186	0.401363	0.564659
16955	3.391	-0.321892	0.401452	0.558421
16960	3.392	-0.318637	0.401438	0.552203
16965	3.393	-0.315529	0.401434	0.546211
16970	3.394	-0.312578	0.401434	0.540434
16975	3.395	-0.309794	0.401434	0.53486
16980	3.396	-0.307181	0.401434	0.529487
16985	3.397	-0.304744	0.401434	0.524312
16990	3.398	-0.302478	0.401434	0.519332
16995	3.399	-0.300378	0.401434	0.514542
17000	3.4	-0.298433	0.401433	0.509938
17005	3.401	-0.296628	0.401433	0.505517
17010	3.402	-0.294959	0.401433	0.501273
17015	3.403	-0.293444	0.401433	0.497198
17020	3.404	-0.292071	0.401433	0.493286
17025	3.405	-0.290828	0.401432	0.48953
17030	3.406	-0.289702	0.401432	0.485924
17035	3.407	-0.288681	0.401432	0.482462
17040	3.408	-0.287755	0.401432	0.479137
17045	3.409	-0.286913	0.401431	0.475941
17050	3.41	-0.286139	0.401431	0.472869
17055	3.411	-0.285398	0.40143	0.469916
17060	3.412	-0.284663	0.40143	0.467077
17065	3.413	-0.283913	0.401429	0.464349
17070	3.414	-0.283137	0.401428	0.461725
17075	3.415	-0.282329	0.401427	0.459198
17080	3.416	-0.281454	0.401427	0.456765
17085	3.417	-0.280199	0.401417	0.454419
17090	3.418	-0.278275	0.401375	0.452119
17095	3.419	-0.27548	0.401274	0.449812
17100	3.42	-0.27187	0.401091	0.447434
17105	3.421	-0.267676	0.400802	0.444909
17110	3.422	-0.263196	0.400385	0.442164
17115	3.423	-0.258719	0.399822	0.439133
17120	3.424	-0.25432	0.399094	0.435768
17125	3.425	-0.250048	0.398188	0.432028
17130	3.426	-0.240591	0.39707	0.42813
17135	3.427	-0.228694	0.395732	0.423897
17140	3.428	-0.216601	0.39415	0.419139
17145	3.429	-0.205785	0.392325	0.413778
17150	3.43	-0.196537	0.390254	0.407795
17155	3.431	-0.188768	0.387938	0.401195
17160	3.432	-0.181857	0.385375	0.39401
17165	3.433	-0.175053	0.382565	0.386284
17170	3.434	-0.167834	0.379509	0.378049
17175	3.435	-0.159774	0.376208	0.369335
17180	3.436	-0.150886	0.372666	0.360152
17185	3.437	-0.137663	0.368878	0.350671
17190	3.438	-0.122318	0.364851	0.340792
17195	3.439	-0.106584	0.360578	0.3304
17200	3.44	-0.0917069	0.356071	0.319461
17205	3.441	-0.0783517	0.351341	0.30797
17210	3.442	-0.0863505	0.346432	0.295093
17215	3.443	-0.0885627	0.341325	0.282082
17220	3.444	-0.0843002	0.336036	0.269031
17225	3.445	-0.0866737	0.330577	0.25534
17230	3.446	-0.0869789	0.324963	0.241469
17235	3.447	-0.0868751	0.319206	0.227368
17240	3.448	-0.0866935	0.313316	0.213048
17245	3.449	-0.08669	0.307306	0.198529
17250	3.45	-0.0866907	0.301171	0.183802
17255	3.451	-0.0866919	0.294926	0.168907
17260	3.452	-0.0866836	0.288584	0.153875
17265	3.453	-0.0866806	0.28216	0.138739
17270	3.454	-0.086674	0.275665	0.12353
17275	3.455	-0.0866715	0.269112	0.108276
17280	3.456	-0.0866736	0.262512	0.0930066
17285	3.457	-0.0866692	0.255877	0.0777473
17290	3.458	-0.0866766	0.249217	0.0625232
17295	3.459	-0.0865362	0.242542	0.0473633
17300	3.46	-0.0865614	0.235854	0.0322566
17305	3.461	-0.0865916	0.229146	0.0171841
17310	3.462	-0.0866205	0.222429	0.00217647
17315	3.463	-0.0866402	0.215712	-0.0127477
17320	3.464	-0.0857599	0.214016	-0.0134934
17325	3.465	-0.086086	0.214896	-0.00699624
17330	3.466	-0.0866304	0.215818	-0.000298342
17335	3.467	-0.0867282	0.21662	0.00618281
17340	3.468	-0.086735	0.217245	0.0122838
17345	3.469	-0.0867625	0.217647	0.0178788
17350	3.47	-0.0866177	0.217786	0.0228763
17355	3.471	-0.0866623	0.217629	0.0271716
17360	3.472	-0.0867132	0.217123	0.0306352
17365	3.473	-0.0867547	0.216256	0.0332309
17370	3.474	-0.0867835	0.215015	0.0349299
17375	3.475	-0.0868111	0.213395	0.0357184
17380	3.476	-0.0868338	0.211395	0.0355924
17385	3.477	-0.0868551	0.209016	0.0345599
17390	3.478	-0.086877	0.206265	0.0326374
17395	3.479	-0.0868911	0.203153	0.0298497
17400	3.48	-0.0869111	0.199689	0.0262282
17405	3.481	-0.0867324	0.195891	0.02182
17410	3.482	-0.0867689	0.191769	0.0166409
17415	3.483	-0.0868216	0.187315	0.0106672
17420	3.484	-0.0868627	0.182552	0.00396484
17425	3.485	-0.0868917	0.177505	-0.00340423
17430	3.486	-0.0865489	0.174268	-0.00556762
17435	3.487	-0.086624	0.172294	-0.00408811
17440	3.488	-0.0868305	0.170649	-0.00157339
17445	3.489	-0.0869774	0.16874	0.000325704
17450	3.49	-0.0869969	0.166557	0.00158785
17455	3.491	-0.0870141	0.164094	0.00218985
17460	3.492	-0.0868153	0.161349	0.00213511
17465	3.493	-0.0868574	0.158319	0.00139649
17470	3.494	-0.0869143	0.154977	-9.27783e-005
17475	3.495	-0.0868804	0.151753	-0.00112577
17480	3.496	-0.0868818	0.148759	-0.00140111
17485	3.497	-0.0869239	0.14591	-0.00115553
17490	3.498	-0.0869733	0.143068	-0.000773402
17495	3.499	-0.0870112	0.140142	-0.000513862
17500	3.5	-0.0870349	0.13711	-0.000442174
17505	3.501	-0.0870432	0.133993	-0.000493963
17510	3.502	-0.0870524	0.130828	-0.000574353
17515	3.503	-0.0868334	0.127635	-0.000616905
17520	3.504	-0.0868709	0.124419	-0.000629004
17525	3.505	-0.086927	0.121162	-0.000653841
17530	3.506	-0.0869661	0.117876	-0.000658521
17535	3.507	-0.0869956	0.114563	-0.000641169
17540	3.508	-0.0870228	0.11122	-0.00061186
17545	3.509	-0.0870453	0.107844	-0.000582743
17550	3.51	-0.0870636	0.104432	-0.000559654
17555	3.511	-0.0870803	0.100987	-0.000543156
17560	3.512	-0.0870914	0.0975098	-0.000530296
17565	3.513	-0.0871048	0.0940026	-0.000518041
17570	3.514	-0.0868802	0.0904647	-0.000499824
17575	3.515	-0.0869181	0.0868967	-0.000497021
17580	3.516	-0.086974	0.0832864	-0.000536931
17585	3.517	-0.087011	0.0796546	-0.000562171
17590	3.518	-0.0870388	0.0760083	-0.000556263
17595	3.519	-0.087065	0.072346	-0.000526953
17600	3.52	-0.087087	0.0686624	-0.00049114
17605	3.521	-0.0871048	0.0649545	-0.000460593
17610	3.522	-0.0871207	0.0612218	-0.000439251
17615	3.523	-0.0871312	0.0574663	-0.000424653
17620	3.524	-0.0871432	0.0536906	-0.000412672
17625	3.525	-0.0869121	0.0498943	-0.000395165
17630	3.526	-0.0869495	0.0460787	-0.000393046
17635	3.527	-0.0870061	0.0422313	-0.000433894
17640	3.528	-0.0870425	0.0383734	-0.000459506
17645	3.529	-0.0870702	0.0345122	-0.00045303
17650	3.53	-0.087096	0.030646	-0.00042259
17655	3.531	-0.0871176	0.0267697	-0.000385569
17660	3.532	-0.087135	0.0228798	-0.000354467
17665	3.533	-0.0871502	0.018976	-0.000333106
17670	3.534	-0.0871602	0.0150604	-0.0003188
17675	3.535	-0.0871714	0.0111354	-0.000307419
17680	3.536	-0.0869357	0.00720263	-0.000287558
17685	3.537	-0.0869729	0.00326184	-0.000283792
17690	3.538	-0.0870303	-0.000700017	-0.000325191
17695	3.539	-0.0870665	-0.00466129	-0.000352336
17700	3.54	-0.087094	-0.00861573	-0.000349571
17705	3.541	-0.0871193	-0.0125639	-0.00032194
17710	3.542	-0.0871406	-0.0165107	-0.000285867
17715	3.543	-0.0871578	-0.0204596	-0.000254408
17720	3.544	-0.0871726	-0.0244114	-0.000232335
17725	3.545	-0.0871824	-0.0283643	-0.000217618
17730	3.546	-0.0871932	-0.0323171	-0.000208541
17735	3.547	-0.0869538	-0.0362673	-0.000191075
17740	3.548	-0.0869908	-0.0402148	-0.000188609
17745	3.549	-0.0870488	-0.0441737	-0.000232595
17750	3.55	-0.0870851	-0.0481215	-0.000260994
17755	3.551	-0.0871127	-0.0520502	-0.000255286
17760	3.552	-0.0871382	-0.0559617	-0.000224436
17765	3.553	-0.0871596	-0.0598618	-0.000186698
17770	3.554	-0.0871768	-0.0637537	-0.000154977
17775	3.555	-0.0871913	-0.0676382	-0.000133605
17780	3.556	-0.0869532	-0.0715138	-0.000111391
17785	3.557	-0.0869927	-0.0753793	-0.000109782
17790	3.558	-0.087052	-0.0792467	-0.000154543
17795	3.559	-0.0870884	-0.0830935	-0.000183543
17800	3.56	-0.0871172	-0.0869116	-0.000178281
17805	3.561	-0.0871404	-0.0907032	-0.000147048
17810	3.562	-0.0871629	-0.094474	-0.000108988
17815	3.563	-0.0871779	-0.098228	-7.76729e-005
17820	3.564	-0.087193	-0.101966	-5.74676e-005
17825	3.565	-0.0872068	-0.105704	-9.6471e-005
17830	3.566	-0.0869629	-0.109418	-0.000121051
17835	3.567	-0.0869978	-0.113101	-0.000131256
17840	3.568	-0.0870541	-0.116747	-0.000108458
17845	3.569	-0.0870934	-0.120363	-6.88955e-005
17850	3.57	-0.0871253	-0.123954	-3.23915e-005
17855	3.571	-0.0871476	-0.127522	-7.15146e-006
17860	3.572	-0.0871675	-0.131066	1.19277e-005
17865	3.573	-0.0871831	-0.13458	3.51974e-005
17870	3.574	-0.0869461	-0.13806	8.69834e-005
17875	3.575	-0.0869876	-0.14151	0.000135902
17880	3.576	-0.0870462	-0.144924	0.000206313
17885	3.577	-0.0868375	-0.148297	0.000322989
17890	3.578	-0.0868991	-0.151634	0.000450255
17895	3.579	-0.0869751	-0.154934	0.000606812
17900	3.58	-0.087027	-0.158194	0.000795117
17905	3.581	-0.0870705	-0.161418	0.00101208
17910	3.582	-0.0871038	-0.164605	0.00125661
17915	3.583	-0.0871309	-0.167756	0.00152702
17920	3.584	-0.0871551	-0.170873	0.00182002
17925	3.585	-0.0871718	-0.173957	0.00213473
17930	3.586	-0.0871844	-0.177007	0.00246967
17935	3.587	-0.0871976	-0.180026	0.00282191
17940	3.588	-0.0872076	-0.183013	0.00318998
17945	3.589	-0.0869657	-0.185967	0.00359039
17950	3.59	-0.0870046	-0.188894	0.00398537
17955	3.591	-0.087062	-0.191791	0.00439087
17960	3.592	-0.0870969	-0.194659	0.00481012
17965	3.593	-0.0871252	-0.197497	0.00524186
17970	3.594	-0.08715	-0.200306	0.0056844
17975	3.595	-0.0871688	-0.203086	0.00613774
17980	3.596	-0.0869344	-0.205834	0.00661901
17985	3.597	-0.0869795	-0.208557	0.00709108
17990	3.598	-0.0870488	-0.211288	0.00746562
17995	3.599	-0.0870897	-0.214023	0.00776126
18000	3.6	-0.0871183	-0.216757	0.00799046
18005	3.601	-0.0871461	-0.219485	0.00816393
18010	3.602	-0.0871746	-0.222241	0.00818771
18015	3.603	-0.0871887	-0.225016	0.00808866
18020	3.604	-0.0871963	-0.227801	0.00788943
18025	3.605	-0.0872075	-0.230589	0.00760964
18030	3.606	-0.0872192	-0.233373	0.00726656
18035	3.607	-0.0872273	-0.236147	0.00687682
18040	3.608	-0.0872322	-0.238906	0.00645682
18045	3.609	-0.0872336	-0.241643	0.0060213
18050	3.61	-0.0872338	-0.244355	0.00558289
18055	3.611	-0.0872323	-0.247036	0.00515226
18060	3.612	-0.0872378	-0.249684	0.00473793
18065	3.613	-0.0872467	-0.252295	0.00434768
18070	3.614	-0.087255	-0.254868	0.0039886
18075	3.615	-0.0872622	-0.257398	0.00366665
18080	3.616	-0.0872869	-0.259885	0.00338626
18085	3.617	-0.0874331	-0.262328	0.00314541
18090	3.618	-0.0842829	-0.26188	0.00919489
18095	3.619	-0.0870535	-0.261451	0.0148709
18100	3.62	-0.0897987	-0.260996	0.0205367
18105	3.621	-0.0922007	-0.260518	0.0261969
18110	3.622	-0.0941911	-0.260022	0.0318427
18115	3.623	-0.0958152	-0.259513	0.0374592
18120	3.624	-0.0972491	-0.258996	0.0430251
18125	3.625	-0.0986879	-0.258476	0.0485199
18130	3.626	-0.100283	-0.257956	0.0539279
18135	3.627	-0.102114	-0.257439	0.0592401
18140	3.628	-0.104166	-0.256923	0.0644552
18145	3.629	-0.106439	-0.25641	0.0695735
18150	3.63	-0.108906	-0.255898	0.0745994
18155	3.631	-0.111522	-0.255385	0.0795397
18160	3.632	-0.114245	-0.254866	0.0844031
18165	3.633	-0.117038	-0.254341	0.0891988
18170	3.634	-0.119875	-0.253803	0.0939365
18175	3.635	-0.122755	-0.253251	0.0986253
18180	3.636	-0.125664	-0.252679	0.103275
18185	3.637	-0.128594	-0.252083	0.107896
18190	3.638	-0.131546	-0.25146	0.112497
18195	3.639	-0.134527	-0.250804	0.117089
18200	3.64	-0.13755	-0.250112	0.12168
18205	3.641	-0.140625	-0.249379	0.126277
18210	3.642	-0.143751	-0.248603	0.130887
18215	3.643	-0.147479	-0.247783	0.135484
18220	3.644	-0.151568	-0.246915	0.140089
18225	3.645	-0.155765	-0.245993	0.144723
18230	3.646	-0.159876	-0.245015	0.149404
18235	3.647	-0.163798	-0.243977	0.154144
18240	3.648	-0.167516	-0.242876	0.158949
18245	3.649	-0.171066	-0.241709	0.163829
18250	3.65	-0.174519	-0.24047	0.168793
18255	3.651	-0.177945	-0.239155	0.173847
18260	3.652	-0.181307	-0.237731	0.179085
18265	3.653	-0.184672	-0.236193	0.184512
18270	3.654	-0.188558	-0.234542	0.190102
18275	3.655	-0.192843	-0.232774	0.195865
18280	3.656	-0.197365	-0.230889	0.201813
18285	3.657	-0.201956	-0.228883	0.20796
18290	3.658	-0.206528	-0.226755	0.214316
18295	3.659	-0.211016	-0.224504	0.220886
18300	3.66	-0.215416	-0.222128	0.227672
18305	3.661	-0.219758	-0.219628	0.234674
18310	3.662	-0.224077	-0.217005	0.241887
18315	3.663	-0.228335	-0.214237	0.24937
18320	3.664	-0.232593	-0.211328	0.257113
18325	3.665	-0.237216	-0.208282	0.265084
18330	3.666	-0.242102	-0.205103	0.273271
18335	3.667	-0.247133	-0.201797	0.281668
18340	3.668	-0.252175	-0.198371	0.290265
18345	3.669	-0.257157	-0.194829	0.29905
18350	3.67	-0.262031	-0.191178	0.308009
18355	3.671	-0.266792	-0.187425	0.317124
18360	3.672	-0.271461	-0.183575	0.326378
18365	3.673	-0.276062	-0.179638	0.335747
18370	3.674	-0.280548	-0.175598	0.345273
18375	3.675	-0.284974	-0.171466	0.354928
18380	3.676	-0.289712	-0.167249	0.364666
18385	3.677	-0.294664	-0.162959	0.374462
18390	3.678	-0.299713	-0.158604	0.384296
18395	3.679	-0.304722	-0.154196	0.394148
18400	3.68	-0.309631	-0.149744	0.403996
18405	3.681	-0.314375	-0.145256	0.41382
18410	3.682	-0.318938	-0.140743	0.423592
18415	3.683	-0.323332	-0.136217	0.433285
18420	3.684	-0.327581	-0.131687	0.44287
18425	3.685	-0.331618	-0.12714	0.452395
18430	3.686	-0.335521	-0.122584	0.461827
18435	3.687	-0.339738	-0.118029	0.471114
18440	3.688	-0.344152	-0.113483	0.480243
18445	3.689	-0.348594	-0.108946	0.48922
18450	3.69	-0.352895	-0.104422	0.498055
18455	3.691	-0.349376	-0.0999301	0.507165
18460	3.692	-0.348353	-0.0954498	0.515993
18465	3.693	-0.349965	-0.0909765	0.524533
18470	3.694	-0.349252	-0.0865243	0.533045
18475	3.695	-0.34916	-0.0820842	0.541376
18480	3.696	-0.349187	-0.0776569	0.549553
18485	3.697	-0.349198	-0.07324	0.557589
18490	3.698	-0.349222	-0.0688331	0.565484
18495	3.699	-0.349225	-0.0644361	0.573239
18500	3.7	-0.349226	-0.060049	0.580855
18505	3.701	-0.349227	-0.0556717	0.588334
18510	3.702	-0.349228	-0.0513041	0.595676
18515	3.703	-0.349228	-0.046946	0.602884
18520	3.704	-0.349227	-0.042597	0.609958
18525	3.705	-0.349225	-0.0382567	0.616901
18530	3.706	-0.349223	-0.0339245	0.623715
18535	3.707	-0.349222	-0.0296003	0.630402
18540	3.708	-0.34922	-0.0252807	0.636967
18545	3.709	-0.349239	-0.0209659	0.643411
18550	3.71	-0.349236	-0.0166559	0.649736
18555	3.711	-0.349232	-0.0123506	0.655943
18560	3.712	-0.349227	-0.00804986	0.662032
18565	3.713	-0.349223	-0.00375359	0.668004
18570	3.714	-0.349219	0.000538366	0.673862
18575	3.715	-0.349216	0.00482617	0.679604
18580	3.716	-0.349212	0.00911001	0.685233
18585	3.717	-0.349209	0.01339	0.69075
18590	3.718	-0.349206	0.0176659	0.696155
18595	3.719	-0.349203	0.0219409	0.701453
18600	3.72	-0.349223	0.0262146	0.706645
18605	3.721	-0.34922	0.0304863	0.711732
18610	3.722	-0.349215	0.0347559	0.716713
18615	3.723	-0.34921	0.0390232	0.721589
18620	3.724	-0.349206	0.0432878	0.726359
18625	3.725	-0.349202	0.0475496	0.731025
18630	3.726	-0.349199	0.0518084	0.735585
18635	3.727	-0.349195	0.0560642	0.740041
18640	3.728	-0.349192	0.060317	0.744393
18645	3.729	-0.349189	0.0645663	0.748642
18650	3.73	-0.349186	0.0688149	0.752792
18655	3.731	-0.349208	0.0730623	0.756842
18660	3.732	-0.349205	0.0773073	0.760794
18665	3.733	-0.3492	0.0815495	0.764645
18670	3.734	-0.349196	0.0857883	0.768396
18675	3.735	-0.349192	0.090023	0.772045
18680	3.736	-0.349188	0.0942531	0.775592
18685	3.737	-0.349185	0.0984782	0.779038
18690	3.738	-0.349182	0.102698	0.782381
18695	3.739	-0.349178	0.106912	0.785622
18700	3.74	-0.349176	0.111119	0.788761
18705	3.741	-0.349174	0.115324	0.791804
18710	3.742	-0.349197	0.119524	0.794747
18715	3.743	-0.349194	0.12372	0.797594
18720	3.744	-0.349189	0.12791	0.800342
18725	3.745	-0.349185	0.132093	0.802989
18730	3.746	-0.349181	0.136268	0.805535
18735	3.747	-0.349178	0.140436	0.807979
18740	3.748	-0.349174	0.144594	0.810319
18745	3.749	-0.349172	0.148742	0.812556
18750	3.75	-0.349169	0.152879	0.814689
18755	3.751	-0.349166	0.157006	0.816717
18760	3.752	-0.349164	0.161124	0.818645
18765	3.753	-0.349188	0.165233	0.820472
18770	3.754	-0.349185	0.169332	0.822199
18775	3.755	-0.349181	0.17342	0.823825
18780	3.756	-0.349177	0.177498	0.82535
18785	3.757	-0.349173	0.181563	0.826772
18790	3.758	-0.34917	0.185617	0.828091
18795	3.759	-0.349167	0.189658	0.829307
18800	3.76	-0.349164	0.193685	0.83042
18805	3.761	-0.349162	0.197699	0.83143
18810	3.762	-0.34916	0.201698	0.832335
18815	3.763	-0.349158	0.205686	0.833141
18820	3.764	-0.349182	0.209661	0.833846
18825	3.765	-0.349179	0.213623	0.834452
18830	3.766	-0.349175	0.217571	0.834957
18835	3.767	-0.349171	0.221504	0.835361
18840	3.768	-0.349168	0.225422	0.835661
18845	3.769	-0.349165	0.229324	0.835859
18850	3.77	-0.349162	0.233209	0.835953
18855	3.771	-0.349159	0.237076	0.835943
18860	3.772	-0.349157	0.240926	0.835829
18865	3.773	-0.349155	0.244757	0.83561
18870	3.774	-0.349153	0.248572	0.83529
18875	3.775	-0.349177	0.252371	0.834869
18880	3.776	-0.349175	0.256151	0.834347
18885	3.777	-0.34917	0.259913	0.833722
18890	3.778	-0.349167	0.263656	0.832995
18895	3.779	-0.349164	0.267378	0.832163
18900	3.78	-0.349161	0.27108	0.831226
18905	3.781	-0.349158	0.274759	0.830184
18910	3.782	-0.349156	0.278417	0.829035
18915	3.783	-0.349153	0.282051	0.82778
18920	3.784	-0.349151	0.285662	0.826418
18925	3.785	-0.349149	0.289251	0.824954
18930	3.786	-0.349148	0.292819	0.823387
18935	3.787	-0.349146	0.296363	0.821716
18940	3.788	-0.349145	0.299884	0.81994
18945	3.789	-0.34917	0.303381	0.818059
18950	3.79	-0.349168	0.306853	0.816073
18955	3.791	-0.349164	0.310299	0.813981
18960	3.792	-0.349161	0.313718	0.811782
18965	3.793	-0.349158	0.31711	0.809475
18970	3.794	-0.349156	0.320474	0.807061
18975	3.795	-0.349153	0.32381	0.804539
18980	3.796	-0.349151	0.327116	0.801908
18985	3.797	-0.349176	0.330394	0.799168
18990	3.798	-0.349174	0.333641	0.79632
18995	3.799	-0.349169	0.336857	0.793363
19000	3.8	-0.349166	0.340043	0.790298
19005	3.801	-0.349162	0.343198	0.787124
19010	3.802	-0.34916	0.346322	0.783844
19015	3.803	-0.349156	0.349417	0.780464
19020	3.804	-0.349153	0.352485	0.776992
19025	3.805	-0.349151	0.355529	0.773434
19030	3.806	-0.349148	0.35855	0.7698
19035	3.807	-0.349146	0.361551	0.766095
19040	3.808	-0.349144	0.364535	0.762328
19045	3.809	-0.349142	0.367504	0.758507
19050	3.81	-0.34914	0.370459	0.754638
19055	3.811	-0.349138	0.373404	0.750728
19060	3.812	-0.349163	0.37634	0.746785
19065	3.813	-0.349161	0.37927	0.742816
19070	3.814	-0.349156	0.382195	0.738827
19075	3.815	-0.349153	0.385117	0.734824
19080	3.816	-0.34915	0.388038	0.730812
19085	3.817	-0.349147	0.39096	0.726796
19090	3.818	-0.349144	0.393884	0.722782
19095	3.819	-0.349142	0.396811	0.718773
19100	3.82	-0.34914	0.399743	0.714775
19105	3.821	-0.349137	0.40268	0.71079
19110	3.822	-0.34508	0.401593	0.699838
19115	3.823	-0.343293	0.400549	0.688861
19120	3.824	-0.343603	0.399577	0.67795
19125	3.825	-0.345688	0.398702	0.667187
19130	3.826	-0.348758	0.397942	0.656672
19135	3.827	-0.352168	0.397314	0.646491
19140	3.828	-0.349307	0.396796	0.637017
19145	3.829	-0.34781	0.396443	0.627906
19150	3.83	-0.346876	0.396341	0.619708
19155	3.831	-0.345421	0.396459	0.612201
19160	3.832	-0.34385	0.396797	0.605336
19165	3.833	-0.342335	0.397361	0.599121
19170	3.834	-0.340877	0.398154	0.593567
19175	3.835	-0.33941	0.399175	0.58868
19180	3.836	-0.337907	0.400421	0.584456
19185	3.837	-0.336391	0.401885	0.580871
19190	3.838	-0.333082	0.401505	0.574142
19195	3.839	-0.329708	0.401326	0.56802
19200	3.84	-0.326338	0.40135	0.562504
19205	3.841	-0.323035	0.40158	0.557588
19210	3.842	-0.319409	0.401447	0.552208
19215	3.843	-0.316107	0.401429	0.547221
19220	3.844	-0.313077	0.401432	0.542447
19225	3.845	-0.310315	0.401433	0.537835
19230	3.846	-0.307796	0.401433	0.533386
19235	3.847	-0.305495	0.401433	0.5291
19240	3.848	-0.30339	0.401432	0.524973
19245	3.849	-0.301464	0.401432	0.521001
19250	3.85	-0.2997	0.401432	0.517178
19255	3.851	-0.298083	0.401432	0.513498
19260	3.852	-0.296599	0.401431	0.509957
19265	3.853	-0.295236	0.401431	0.506546
19270	3.854	-0.293983	0.40143	0.503262
19275	3.855	-0.292813	0.40143	0.500097
19280	3.856	-0.291702	0.401429	0.497046
19285	3.857	-0.290627	0.401429	0.494106
19290	3.858	-0.289575	0.401428	0.491271
19295	3.859	-0.288535	0.401427	0.488535
19300	3.86	-0.287506	0.401427	0.485891
19305	3.861	-0.286082	0.401416	0.483338
19310	3.862	-0.283847	0.40137	0.480837
19315	3.863	-0.280656	0.401261	0.478332
19320	3.864	-0.276622	0.401066	0.475751
19325	3.865	-0.272017	0.400757	0.473012
19330	3.866	-0.267195	0.400315	0.470042
19335	3.867	-0.257042	0.399682	0.466976
19340	3.868	-0.244748	0.398845	0.463582
19345	3.869	-0.232861	0.397797	0.459703
19350	3.87	-0.223026	0.396536	0.455245
19355	3.871	-0.215476	0.395058	0.450186
19360	3.872	-0.209861	0.393356	0.444537
19365	3.873	-0.205177	0.391426	0.43834
19370	3.874	-0.200482	0.38926	0.431639
19375	3.875	-0.19506	0.386856	0.424467
19380	3.876	-0.188386	0.38421	0.416847
19385	3.877	-0.180406	0.38132	0.408785
19390	3.878	-0.167458	0.378161	0.400411
19395	3.879	-0.152019	0.374742	0.391608
19400	3.88	-0.135957	0.37107	0.382296
19405	3.881	-0.120712	0.367159	0.372427
19410	3.882	-0.107032	0.363016	0.361984
19415	3.883	-0.0952054	0.358653	0.350983
19420	3.884	-0.0847633	0.354079	0.339468
19425	3.885	-0.0867265	0.349333	0.327006
19430	3.886	-0.0871576	0.344399	0.314243
19435	3.887	-0.0870468	0.339288	0.30117
19440	3.888	-0.0869746	0.334012	0.287791
19445	3.889	-0.0867919	0.328564	0.274099
19450	3.89	-0.086773	0.32296	0.260116
19455	3.891	-0.0867572	0.317212	0.245881
19460	3.892	-0.0867519	0.311332	0.23143
19465	3.893	-0.0867349	0.305335	0.216796
19470	3.894	-0.0867274	0.299232	0.202011
19475	3.895	-0.086713	0.293038	0.187108
19480	3.896	-0.0867034	0.286764	0.172115
19485	3.897	-0.0866936	0.280422	0.157059
19490	3.898	-0.086686	0.274022	0.141966
19495	3.899	-0.0866844	0.267575	0.126861
19500	3.9	-0.0865453	0.261072	0.11172
19505	3.901	-0.0865662	0.254525	0.0965569
19510	3.902	-0.0865868	0.247944	0.0814069
19515	3.903	-0.0866134	0.241342	0.0662984
19520	3.904	-0.0866272	0.234728	0.051255
19525	3.905	-0.0866491	0.228111	0.036297
19530	3.906	-0.0866647	0.221496	0.0214314
19535	3.907	-0.0866828	0.214886	0.00666244
19540	3.908	-0.0866981	0.208283	-0.00800566
19545	3.909	-0.0859752	0.205794	-0.0110449
19550	3.91	-0.0861587	0.205861	-0.00688724
19555	3.911	-0.0864318	0.206379	-0.001385
19560	3.912	-0.0866149	0.206784	0.00390134
19565	3.913	-0.0866566	0.207029	0.00884648
19570	3.914	-0.0867005	0.207069	0.0133343
19575	3.915	-0.0867351	0.20687	0.017273
19580	3.916	-0.0867729	0.206403	0.0205886
19585	3.917	-0.0868001	0.205645	0.0232221
19590	3.918	-0.0868266	0.204579	0.0251277
19595	3.919	-0.0868483	0.203192	0.0262731
19600	3.92	-0.0868657	0.201473	0.0266334
19605	3.921	-0.0868828	0.19942	0.0261989
19610	3.922	-0.0867142	0.197005	0.0249014
19615	3.923	-0.0867526	0.194232	0.0227349
19620	3.924	-0.0867984	0.191112	0.019738
19625	3.925	-0.0868411	0.187659	0.0159466
19630	3.926	-0.0868696	0.183886	0.0113988
19635	3.927	-0.0868992	0.179811	0.006138
19640	3.928	-0.0869211	0.175452	0.000211292
19645	3.929	-0.0869425	0.170828	-0.00633158
19650	3.93	-0.0865224	0.168404	-0.00657633
19655	3.931	-0.0866805	0.16708	-0.00364023
19660	3.932	-0.0869305	0.165738	-0.000639645
19665	3.933	-0.0868046	0.164098	0.00166687
19670	3.934	-0.0868446	0.162149	0.0032265
19675	3.935	-0.0868938	0.159889	0.00404098
19680	3.936	-0.0869377	0.157319	0.00411437
19685	3.937	-0.0869677	0.154442	0.003456
19690	3.938	-0.0869967	0.151267	0.00208302
19695	3.939	-0.0870176	0.1478	1.90243e-005
19700	3.94	-0.0870368	0.144055	-0.0027074
19705	3.941	-0.0868539	0.141147	-0.00296772
19710	3.942	-0.0869171	0.138677	-0.00189534
19715	3.943	-0.0870221	0.136208	-0.00070886
19720	3.944	-0.0868631	0.133486	-0.000108948
19725	3.945	-0.0869039	0.130511	-0.000110933
19730	3.946	-0.086934	0.127399	-0.000391903
19735	3.947	-0.0869551	0.124253	-0.000656106
19740	3.948	-0.0869747	0.121124	-0.000768464
19745	3.949	-0.0870029	0.118009	-0.000740453
19750	3.95	-0.0870293	0.11488	-0.000650079
19755	3.951	-0.0870535	0.111712	-0.000568291
19760	3.952	-0.0870715	0.108497	-0.000525602
19765	3.953	-0.0870838	0.105233	-0.000520201
19770	3.954	-0.0870951	0.101931	-0.000529092
19775	3.955	-0.086874	0.0985809	-0.000574269
19780	3.956	-0.0869091	0.0952036	-0.000617089
19785	3.957	-0.0869595	0.0918111	-0.000617534
19790	3.958	-0.0870009	0.0884007	-0.000584996
19795	3.959	-0.0870315	0.0849647	-0.000543375
19800	3.96	-0.0870593	0.0814981	-0.000509329
19805	3.961	-0.0870797	0.0780002	-0.000487624
19810	3.962	-0.0870976	0.0744732	-0.000474884
19815	3.963	-0.0871121	0.0709202	-0.000464917
19820	3.964	-0.0871235	0.0673421	-0.000456791
19825	3.965	-0.0871348	0.0637414	-0.000446097
19830	3.966	-0.086908	0.0601012	-0.000473838
19835	3.967	-0.086943	0.0564406	-0.000509073
19840	3.968	-0.0869942	0.0527723	-0.000509942
19845	3.969	-0.0870348	0.049095	-0.000481087
19850	3.97	-0.0870649	0.0454028	-0.00044245
19855	3.971	-0.087092	0.0416913	-0.00040916
19860	3.972	-0.0871121	0.0379596	-0.0003864
19865	3.973	-0.0871294	0.0342097	-0.000372166
19870	3.974	-0.0871433	0.0304443	-0.000361163
19875	3.975	-0.0871542	0.0266657	-0.000350014
19880	3.976	-0.0871649	0.0228755	-0.000337349
19885	3.977	-0.0869334	0.0190559	-0.000365446
19890	3.978	-0.0869679	0.0152267	-0.000402866
19895	3.979	-0.0870196	0.0114009	-0.000405582
19900	3.98	-0.0870598	0.0075778	-0.000377492
19905	3.981	-0.0870899	0.00374966	-0.000341242
19910	3.982	-0.0871165	-8.69163e-005	-0.000309727
19915	3.983	-0.0871364	-0.00393257	-0.000287592
19920	3.984	-0.0871533	-0.00778557	-0.000273045
19925	3.985	-0.0871668	-0.0116432	-0.000261487
19930	3.986	-0.0871774	-0.0155035	-0.000250069
19935	3.987	-0.0871877	-0.0193649	-0.000237596
19940	3.988	-0.0869525	-0.0232454	-0.000266768
19945	3.989	-0.0869868	-0.0271247	-0.00030515
19950	3.99	-0.0870391	-0.0309897	-0.000308085
19955	3.991	-0.0870794	-0.0348411	-0.000279488
19960	3.992	-0.0871097	-0.0386852	-0.000240084
19965	3.993	-0.0871364	-0.0425267	-0.000206171
19970	3.994	-0.0871563	-0.0463668	-0.000183383
19975	3.995	-0.087173	-0.0502036	-0.000169617
19980	3.996	-0.0871863	-0.0540345	-0.000160022
19985	3.997	-0.0871967	-0.0578571	-0.000150427
19990	3.998	-0.0872065	-0.0616696	-0.000138823
19995	3.999	-0.0872113	-0.0654714	-0.000125996
20000	4	-0.0872173	-0.0692618	-0.000112737
20005	4.001	-0.0872216	-0.0730399	-9.96873e-005
20010	4.002	-0.0872244	-0.0768049	-8.74643e-005
20015	4.003	-0.0872287	-0.0805558	-7.6346e-005
20020	4.004	-0.0872334	-0.0843099	-0.000117248
20025	4.005	-0.0872327	-0.0880445	-0.000149792
20030	4.006	-0.0872336	-0.0917504	-0.000150825
20035	4.007	-0.0869872	-0.0954291	-0.000117204
20040	4.008	-0.0870214	-0.0990886	-9.41299e-005
20045	4.009	-0.0870736	-0.102728	-7.10644e-005
20050	4.01	-0.0871085	-0.106348	-5.03637e-005
20055	4.011	-0.0871365	-0.109948	-3.51753e-005
20060	4.012	-0.0871552	-0.113528	-2.52515e-005
20065	4.013	-0.0871739	-0.117085	-1.669e-005
20070	4.014	-0.0871915	-0.120636	-5.82994e-005
20075	4.015	-0.0869509	-0.12416	-8.1292e-005
20080	4.016	-0.086989	-0.127649	-9.00985e-005
20085	4.017	-0.0870481	-0.1311	-6.90089e-005
20090	4.018	-0.0870873	-0.134518	-3.40447e-005
20095	4.019	-0.0871216	-0.137912	-5.81384e-006
20100	4.02	-0.087145	-0.14128	1.92056e-005
20105	4.021	-0.0871635	-0.144619	4.87693e-005
20110	4.022	-0.0871805	-0.147927	8.81301e-005
20115	4.023	-0.0871914	-0.151202	0.000144112
20120	4.024	-0.0872013	-0.154441	0.000221333
20125	4.025	-0.0872177	-0.157681	0.000218169
20130	4.026	-0.0872233	-0.160915	0.000154513
20135	4.027	-0.0872272	-0.164138	4.53977e-005
20140	4.028	-0.0872331	-0.167346	-9.72275e-005
20145	4.029	-0.0872266	-0.170486	-0.000127551
20150	4.03	-0.08723	-0.173571	-8.35229e-005
20155	4.031	-0.0872389	-0.176624	-2.27319e-005
20160	4.032	-0.0872424	-0.179649	3.74963e-005
20165	4.033	-0.0872404	-0.182647	0.000100996
20170	4.034	-0.0872412	-0.185616	0.000168984
20175	4.035	-0.087244	-0.188557	0.000243021
20180	4.036	-0.0872438	-0.191469	0.00032526
20185	4.037	-0.0872405	-0.194352	0.000416426
20190	4.038	-0.087242	-0.197207	0.00051611
20195	4.039	-0.0872448	-0.200033	0.000626363
20200	4.04	-0.0872444	-0.202829	0.000748469
20205	4.041	-0.087244	-0.205596	0.000881892
20210	4.042	-0.0872472	-0.208333	0.00102662
20215	4.043	-0.0872491	-0.211042	0.00118459
20220	4.044	-0.0872483	-0.21372	0.00135663
20225	4.045	-0.0869978	-0.216366	0.0015596
20230	4.046	-0.0870313	-0.218985	0.00175617
20235	4.047	-0.0870854	-0.221574	0.00196551
20240	4.048	-0.0871203	-0.224133	0.00219214
20245	4.049	-0.0871439	-0.22666	0.00243668
20250	4.05	-0.0871607	-0.229155	0.002699
20255	4.051	-0.0871851	-0.231656	0.00287416
20260	4.052	-0.0872032	-0.234156	0.00298087
20265	4.053	-0.0872164	-0.236649	0.00303575
20270	4.054	-0.0872258	-0.239128	0.00305387
20275	4.055	-0.0872325	-0.24159	0.0030483
20280	4.056	-0.0872366	-0.24403	0.00303071
20285	4.057	-0.08724	-0.246443	0.0030111
20290	4.058	-0.0872424	-0.248827	0.00299829
20295	4.059	-0.0872454	-0.251178	0.00300039
20300	4.06	-0.0872485	-0.253492	0.00302503
20305	4.061	-0.0872529	-0.255768	0.00307966
20310	4.062	-0.0872579	-0.258002	0.00317163
20315	4.063	-0.0872644	-0.260192	0.00330842
20320	4.064	-0.0873716	-0.262334	0.00349001
20325	4.065	-0.084605	-0.261872	0.00933224
20330	4.066	-0.0870859	-0.261417	0.0148581
20335	4.067	-0.0898276	-0.26093	0.0203757
20340	4.068	-0.092548	-0.260413	0.0258905
20345	4.069	-0.0951529	-0.25987	0.0313984
20350	4.07	-0.0975932	-0.259304	0.0368939
20355	4.071	-0.0999198	-0.258716	0.0423667
20360	4.072	-0.102241	-0.258109	0.0478053
20365	4.073	-0.10465	-0.257486	0.0532007
20370	4.074	-0.107197	-0.256846	0.0585487
20375	4.075	-0.109887	-0.25619	0.0638494
20380	4.076	-0.112671	-0.255515	0.0691076
20385	4.077	-0.115524	-0.254819	0.0743285
20390	4.078	-0.118423	-0.254101	0.079518
20395	4.079	-0.121353	-0.253358	0.0846828
20400	4.08	-0.124303	-0.252585	0.0898297
20405	4.081	-0.127275	-0.251781	0.0949654
20410	4.082	-0.130277	-0.250941	0.100097
20415	4.083	-0.133327	-0.250063	0.105232
20420	4.084	-0.136443	-0.249143	0.110373
20425	4.085	-0.139621	-0.248178	0.115528
20430	4.086	-0.143415	-0.24717	0.120666
20435	4.087	-0.147568	-0.246114	0.125807
20440	4.088	-0.151823	-0.245006	0.130972
20445	4.089	-0.155976	-0.24384	0.136187
20450	4.09	-0.159929	-0.242612	0.141462
20455	4.091	-0.163668	-0.241322	0.146801
20460	4.092	-0.167248	-0.239967	0.152203
20465	4.093	-0.170678	-0.238529	0.157722
20470	4.094	-0.174063	-0.237006	0.163356
20475	4.095	-0.177482	-0.235395	0.169107
20480	4.096	-0.180996	-0.233695	0.174975
20485	4.097	-0.185081	-0.231906	0.180938
20490	4.098	-0.18956	-0.230022	0.187014
20495	4.099	-0.194244	-0.228041	0.19322
20500	4.1	-0.198941	-0.225955	0.199583
20505	4.101	-0.203567	-0.223762	0.206114
20510	4.102	-0.208061	-0.22146	0.212823
20515	4.103	-0.212451	-0.219046	0.219713
20520	4.104	-0.216692	-0.216498	0.226851
20525	4.105	-0.220876	-0.213818	0.234224
20530	4.106	-0.22509	-0.211009	0.241824
20535	4.107	-0.229369	-0.208072	0.249639
20540	4.108	-0.23407	-0.205013	0.25764
20545	4.109	-0.239053	-0.201834	0.265825
20550	4.11	-0.244177	-0.198539	0.27419
20555	4.111	-0.249281	-0.195129	0.282739
20560	4.112	-0.254301	-0.191609	0.29146
20565	4.113	-0.259178	-0.187984	0.300347
20570	4.114	-0.263933	-0.18426	0.30938
20575	4.115	-0.268511	-0.180422	0.318605
20580	4.116	-0.272989	-0.176481	0.327991
20585	4.117	-0.277445	-0.172443	0.337513
20590	4.118	-0.281906	-0.16832	0.34714
20595	4.119	-0.286732	-0.164119	0.35683
20600	4.12	-0.291784	-0.15985	0.366565
20605	4.121	-0.296926	-0.155521	0.376328
20610	4.122	-0.301993	-0.151138	0.38611
20615	4.123	-0.306933	-0.14671	0.39589
20620	4.124	-0.311675	-0.142246	0.405649
20625	4.125	-0.316227	-0.137758	0.415359
20630	4.126	-0.320508	-0.133231	0.425062
20635	4.127	-0.324605	-0.12868	0.43472
20640	4.128	-0.328608	-0.124115	0.4443
20645	4.129	-0.332539	-0.119548	0.453769
20650	4.13	-0.336867	-0.114987	0.463075
20655	4.131	-0.341411	-0.110436	0.472217
20660	4.132	-0.345978	-0.105899	0.481203
20665	4.133	-0.35037	-0.101372	0.490048
20670	4.134	-0.34928	-0.0968716	0.499043
20675	4.135	-0.349094	-0.092385	0.507841
20680	4.136	-0.349137	-0.0879127	0.516478
20685	4.137	-0.349161	-0.0834551	0.524968
20690	4.138	-0.349173	-0.0790116	0.533309
20695	4.139	-0.349183	-0.0745816	0.541503
20700	4.14	-0.34919	-0.0701648	0.549551
20705	4.141	-0.349216	-0.0657609	0.557451
20710	4.142	-0.34922	-0.0613694	0.565208
20715	4.143	-0.349222	-0.0569901	0.572822
20720	4.144	-0.349223	-0.05262	0.580299
20725	4.145	-0.349224	-0.048259	0.587641
20730	4.146	-0.349225	-0.043907	0.594849
20735	4.147	-0.349224	-0.0395638	0.601924
20740	4.148	-0.349224	-0.035229	0.608869
20745	4.149	-0.349222	-0.0309022	0.615685
20750	4.15	-0.349221	-0.0265832	0.622373
20755	4.151	-0.349219	-0.0222719	0.628934
20760	4.152	-0.349239	-0.0179681	0.635369
20765	4.153	-0.349236	-0.0136716	0.641681
20770	4.154	-0.349231	-0.00938226	0.64787
20775	4.155	-0.349227	-0.00509677	0.653943
20780	4.156	-0.349223	-0.000815165	0.6599
20785	4.157	-0.349219	0.00346272	0.665744
20790	4.158	-0.349216	0.00773722	0.671474
20795	4.159	-0.349212	0.0120085	0.677092
20800	4.16	-0.349209	0.0162764	0.682599
20805	4.161	-0.349206	0.0205408	0.687995
20810	4.162	-0.349203	0.0248013	0.69328
20815	4.163	-0.349223	0.0290581	0.698454
20820	4.164	-0.34922	0.0333106	0.703519
20825	4.165	-0.349215	0.0375587	0.708475
20830	4.166	-0.34921	0.0418056	0.713327
20835	4.167	-0.349206	0.0460507	0.718075
20840	4.168	-0.349202	0.050294	0.72272
20845	4.169	-0.349199	0.0545351	0.727262
20850	4.17	-0.349195	0.0587739	0.731702
20855	4.171	-0.349192	0.0630103	0.736039
20860	4.172	-0.349189	0.0672436	0.740273
20865	4.173	-0.349186	0.0714734	0.744404
20870	4.174	-0.349208	0.0756994	0.748431
20875	4.175	-0.349205	0.0799206	0.752355
20880	4.176	-0.3492	0.0841368	0.756175
20885	4.177	-0.349196	0.0883507	0.759897
20890	4.178	-0.349192	0.0925616	0.763519
20895	4.179	-0.349188	0.0967689	0.767042
20900	4.18	-0.349185	0.100972	0.770465
20905	4.181	-0.349182	0.105171	0.773788
20910	4.182	-0.349179	0.109365	0.77701
20915	4.183	-0.349176	0.113553	0.780131
20920	4.184	-0.349174	0.117735	0.783153
20925	4.185	-0.349197	0.121912	0.786072
20930	4.186	-0.349194	0.126082	0.78889
20935	4.187	-0.349189	0.130244	0.791607
20940	4.188	-0.349185	0.134401	0.794227
20945	4.189	-0.349181	0.138552	0.796748
20950	4.19	-0.349178	0.142696	0.79917
20955	4.191	-0.349175	0.146832	0.801491
20960	4.192	-0.349172	0.150959	0.803711
20965	4.193	-0.349169	0.155078	0.805829
20970	4.194	-0.349167	0.159186	0.807844
20975	4.195	-0.349164	0.163283	0.809756
20980	4.196	-0.349188	0.167369	0.811564
20985	4.197	-0.349185	0.171444	0.813269
20990	4.198	-0.349181	0.175506	0.81487
20995	4.199	-0.349177	0.179558	0.816372
21000	4.2	-0.349174	0.183601	0.817774
21005	4.201	-0.34917	0.187632	0.819077
21010	4.202	-0.349167	0.191652	0.820278
21015	4.203	-0.349165	0.19566	0.821379
21020	4.204	-0.349162	0.199655	0.822378
21025	4.205	-0.34916	0.203636	0.823275
21030	4.206	-0.349158	0.207604	0.824069
21035	4.207	-0.349182	0.211557	0.824758
21040	4.208	-0.34918	0.215497	0.82535
21045	4.209	-0.349175	0.219424	0.825842
21050	4.21	-0.349171	0.223336	0.826232
21055	4.211	-0.349168	0.227232	0.826519
21060	4.212	-0.349165	0.231111	0.826702
21065	4.213	-0.349162	0.234976	0.826786
21070	4.214	-0.349159	0.238825	0.826769
21075	4.215	-0.349157	0.242658	0.826651
21080	4.216	-0.349155	0.246474	0.82643
21085	4.217	-0.349153	0.250272	0.826105
21090	4.218	-0.349177	0.254051	0.825676
21095	4.219	-0.349175	0.257809	0.825142
21100	4.22	-0.34917	0.261547	0.824502
21105	4.221	-0.349167	0.265264	0.823756
21110	4.222	-0.349163	0.268959	0.822904
21115	4.223	-0.34916	0.272631	0.821943
21120	4.224	-0.349158	0.276283	0.82088
21125	4.225	-0.349156	0.279914	0.819714
21130	4.226	-0.349153	0.283523	0.818444
21135	4.227	-0.349178	0.28711	0.817067
21140	4.228	-0.349175	0.290673	0.815587
21145	4.229	-0.34917	0.294212	0.814001
21150	4.23	-0.349167	0.297727	0.812308
21155	4.231	-0.349163	0.301217	0.810509
21160	4.232	-0.349187	0.304681	0.808601
21165	4.233	-0.349184	0.308118	0.806587
21170	4.234	-0.349178	0.311529	0.804465
21175	4.235	-0.349174	0.314915	0.802241
21180	4.236	-0.34917	0.318276	0.799913
21185	4.237	-0.349193	0.321611	0.797481
21190	4.238	-0.349189	0.32492	0.794945
21195	4.239	-0.349183	0.328201	0.792304
21200	4.24	-0.349179	0.331455	0.789559
21205	4.241	-0.349174	0.33468	0.786707
21210	4.242	-0.349171	0.337879	0.783756
21215	4.243	-0.349167	0.341053	0.780704
21220	4.244	-0.349164	0.344199	0.777552
21225	4.245	-0.349161	0.347319	0.774301
21230	4.246	-0.349157	0.350414	0.770959
21235	4.247	-0.349154	0.353487	0.767533
21240	4.248	-0.349178	0.356539	0.764028
21245	4.249	-0.349175	0.359572	0.760454
21250	4.25	-0.34917	0.362592	0.756822
21255	4.251	-0.349192	0.3656	0.753139
21260	4.252	-0.349187	0.368598	0.749412
21265	4.253	-0.349181	0.371591	0.745651
21270	4.254	-0.349175	0.37458	0.741863
21275	4.255	-0.349165	0.377593	0.73813
21280	4.256	-0.34916	0.380629	0.734446
21285	4.257	-0.349157	0.383685	0.730809
21290	4.258	-0.349154	0.386761	0.727216
21295	4.259	-0.349151	0.389854	0.723663
21300	4.26	-0.349148	0.392964	0.720146
21305	4.261	-0.349146	0.396087	0.71666
21310	4.262	-0.349138	0.399251	0.713283
21315	4.263	-0.349136	0.402451	0.710002
21320	4.264	-0.344994	0.401596	0.699725
21325	4.265	-0.343237	0.400777	0.689397
21330	4.266	-0.343659	0.400021	0.679098
21335	4.267	-0.345919	0.39935	0.668912
21340	4.268	-0.349188	0.398782	0.658934
21345	4.269	-0.349212	0.398309	0.649427
21350	4.27	-0.3491	0.397995	0.640366
21355	4.271	-0.349096	0.397851	0.631765
21360	4.272	-0.349102	0.397886	0.62365
21365	4.273	-0.349071	0.398174	0.616462
21370	4.274	-0.348087	0.398685	0.609994
21375	4.275	-0.346565	0.399416	0.604191
21380	4.276	-0.344821	0.400367	0.599032
21385	4.277	-0.34316	0.401537	0.594495
21390	4.278	-0.340371	0.401482	0.587951
21395	4.279	-0.337503	0.401434	0.581649
21400	4.28	-0.334595	0.401432	0.57566
21405	4.281	-0.331617	0.401434	0.569903
21410	4.282	-0.328587	0.401434	0.564369
21415	4.283	-0.325536	0.401434	0.559052
21420	4.284	-0.322499	0.401434	0.553949
21425	4.285	-0.319515	0.401434	0.549051
21430	4.286	-0.316618	0.401434	0.544351
21435	4.287	-0.313839	0.401434	0.53984
21440	4.288	-0.311259	0.401433	0.535508
21445	4.289	-0.308894	0.401433	0.531346
21450	4.29	-0.30673	0.401433	0.52735
21455	4.291	-0.304748	0.401433	0.523514
21460	4.292	-0.302934	0.401432	0.519833
21465	4.293	-0.301271	0.401432	0.516302
21470	4.294	-0.299747	0.401432	0.512915
21475	4.295	-0.298347	0.401431	0.509666
21480	4.296	-0.297058	0.401431	0.506548
21485	4.297	-0.295871	0.40143	0.503554
21490	4.298	-0.294775	0.40143	0.500679
21495	4.299	-0.293762	0.401429	0.497914
21500	4.3	-0.292824	0.401429	0.495254
21505	4.301	-0.291953	0.401428	0.492692
21510	4.302	-0.291144	0.401427	0.490221
21515	4.303	-0.29033	0.401427	0.487838
21520	4.304	-0.289059	0.401419	0.48555
21525	4.305	-0.286958	0.401378	0.483314
21530	4.306	-0.28383	0.401274	0.481072
21535	4.307	-0.279812	0.401082	0.478751
21540	4.308	-0.269593	0.400757	0.476539
21545	4.309	-0.256763	0.400276	0.474136
21550	4.31	-0.244557	0.399609	0.471279
21555	4.311	-0.234948	0.398751	0.46785
21560	4.312	-0.228069	0.397694	0.463827
21565	4.313	-0.223592	0.396431	0.459214
21570	4.314	-0.220663	0.394951	0.454042
21575	4.315	-0.218012	0.393248	0.448363
21580	4.316	-0.214735	0.391313	0.442217
21585	4.317	-0.209997	0.389138	0.435636
21590	4.318	-0.203576	0.38672	0.428632
21595	4.319	-0.191423	0.384044	0.421389
21600	4.32	-0.176227	0.381114	0.413772
21605	4.321	-0.160236	0.377921	0.40563
21610	4.322	-0.14499	0.374477	0.396901
21615	4.323	-0.131427	0.37079	0.387558
21620	4.324	-0.1198	0.366869	0.377612
21625	4.325	-0.109681	0.362722	0.367105
21630	4.326	-0.100362	0.358357	0.356094
21635	4.327	-0.0913226	0.353781	0.344631
21640	4.328	-0.0820503	0.349004	0.332763
21645	4.329	-0.0866004	0.344066	0.319916
21650	4.33	-0.0870609	0.338947	0.306918
21655	4.331	-0.0869021	0.333663	0.293646
21660	4.332	-0.0868385	0.328209	0.280051
21665	4.333	-0.0868204	0.322598	0.26617
21670	4.334	-0.086797	0.316844	0.252038
21675	4.335	-0.0867804	0.310959	0.23769
21680	4.336	-0.0867628	0.304955	0.223156
21685	4.337	-0.0867452	0.298848	0.208472
21690	4.338	-0.0867326	0.292648	0.193668
21695	4.339	-0.0867117	0.286368	0.17877
21700	4.34	-0.0867015	0.280019	0.163809
21705	4.341	-0.0865568	0.273612	0.148815
21710	4.342	-0.0865708	0.267158	0.133801
21715	4.343	-0.0865911	0.260648	0.118743
21720	4.344	-0.0866117	0.254094	0.103672
21725	4.345	-0.0866236	0.247507	0.088613
21730	4.346	-0.0866397	0.240898	0.0735939
21735	4.347	-0.0866533	0.234278	0.0586382
21740	4.348	-0.0866657	0.227655	0.0437696
21745	4.349	-0.0866823	0.221036	0.0289974
21750	4.35	-0.0866904	0.214423	0.0143252
21755	4.351	-0.0867039	0.207817	-0.000243954
21760	4.352	-0.0860832	0.203896	-0.00719468
21765	4.353	-0.086061	0.202542	-0.00690408
21770	4.354	-0.0863522	0.202359	-0.0032681
21775	4.355	-0.0866432	0.202093	0.000221538
21780	4.356	-0.086698	0.2017	0.00346415
21785	4.357	-0.0867262	0.201141	0.00634661
21790	4.358	-0.0867571	0.200383	0.00878141
21795	4.359	-0.086785	0.199399	0.0107003
21800	4.36	-0.0868125	0.198167	0.0120471
21805	4.361	-0.0868299	0.19667	0.0127765
21810	4.362	-0.0868499	0.194896	0.0128571
21815	4.363	-0.0866813	0.192838	0.0122788
21820	4.364	-0.08672	0.190488	0.011005
21825	4.365	-0.0867734	0.187817	0.00896484
21830	4.366	-0.0868154	0.184833	0.00617814
21835	4.367	-0.0868454	0.181544	0.00266644
21840	4.368	-0.0868742	0.177961	-0.00154036
21845	4.369	-0.0866906	0.175262	-0.00313727
21850	4.37	-0.0867203	0.173267	-0.00264567
21855	4.371	-0.0868335	0.171507	-0.0013787
21860	4.372	-0.0869237	0.169604	-0.000382771
21865	4.373	-0.0869699	0.167425	-3.25166e-005
21870	4.374	-0.0867692	0.165021	-0.000174323
21875	4.375	-0.0867883	0.162509	-0.000499691
21880	4.376	-0.0868243	0.159967	-0.000784353
21885	4.377	-0.0868576	0.157443	-0.000894507
21890	4.378	-0.0868889	0.154927	-0.000856726
21895	4.379	-0.0869239	0.152388	-0.000759056
21900	4.38	-0.0869535	0.1498	-0.000676178
21905	4.381	-0.0869756	0.147154	-0.000637014
21910	4.382	-0.0869946	0.144451	-0.000633868
21915	4.383	-0.087006	0.1417	-0.000646462
21920	4.384	-0.0870192	0.138909	-0.000654598
21925	4.385	-0.0868091	0.136079	-0.000643921
21930	4.386	-0.0868485	0.13321	-0.000639329
21935	4.387	-0.086904	0.130287	-0.000673539
21940	4.388	-0.0869427	0.127328	-0.000696434
21945	4.389	-0.0869716	0.12434	-0.000692534
21950	4.39	-0.0869992	0.121321	-0.000667627
21955	4.391	-0.0870226	0.118267	-0.000636292
21960	4.392	-0.0870418	0.115175	-0.000609103
21965	4.393	-0.0870595	0.112043	-0.000589828
21970	4.394	-0.087071	0.108874	-0.000578759
21975	4.395	-0.0870832	0.105669	-0.000569529
21980	4.396	-0.086862	0.102429	-0.000551239
21985	4.397	-0.0869005	0.0991561	-0.00054681
21990	4.398	-0.0869565	0.0958357	-0.000584883
21995	4.399	-0.086994	0.0924887	-0.000609864
22000	4.4	-0.0870221	0.0891218	-0.000604755
22005	4.401	-0.0870486	0.0857339	-0.000576488
22010	4.402	-0.0870711	0.0823199	-0.000541348
22015	4.403	-0.0870893	0.0788766	-0.000511131
22020	4.404	-0.0871057	0.0754035	-0.000489883
22025	4.405	-0.0871164	0.0719008	-0.000478045
22030	4.406	-0.0871272	0.0683721	-0.000468572
22035	4.407	-0.0868985	0.0648192	-0.000449748
22040	4.408	-0.0869364	0.061242	-0.000445076
22045	4.409	-0.0869931	0.0576273	-0.000484013
22050	4.41	-0.0870299	0.0539961	-0.000509452
22055	4.411	-0.0870578	0.0503557	-0.000503875
22060	4.412	-0.0870837	0.0467048	-0.000474534
22065	4.413	-0.0871056	0.0430382	-0.000438203
22070	4.414	-0.0871232	0.0393526	-0.00040729
22075	4.415	-0.0871388	0.0356476	-0.000385822
22080	4.416	-0.087149	0.031925	-0.000371473
22085	4.417	-0.0871592	0.0281874	-0.000359985
22090	4.418	-0.0869253	0.0244363	-0.000340272
22095	4.419	-0.0869628	0.0206698	-0.000339158
22100	4.42	-0.0870199	0.0168762	-0.000382485
22105	4.421	-0.0870562	0.0130774	-0.000410348
22110	4.422	-0.087084	0.00928106	-0.000404776
22115	4.423	-0.0871097	0.0054853	-0.000374104
22120	4.424	-0.0871313	0.00168461	-0.00033664
22125	4.425	-0.0871486	-0.0021245	-0.000305104
22130	4.426	-0.0871636	-0.00594248	-0.000283709
22135	4.427	-0.0871735	-0.00976883	-0.000272288
22140	4.428	-0.087183	-0.0135999	-0.000263637
22145	4.429	-0.0869451	-0.0174338	-0.000245249
22150	4.43	-0.0869825	-0.0212707	-0.000241611
22155	4.431	-0.0870405	-0.0251238	-0.00028241
22160	4.432	-0.0870768	-0.0289717	-0.000308921
22165	4.433	-0.0871047	-0.0328067	-0.000303364
22170	4.434	-0.0871302	-0.0366305	-0.000273444
22175	4.435	-0.0871517	-0.0404483	-0.000236726
22180	4.436	-0.0871688	-0.0442639	-0.000206028
22185	4.437	-0.0871835	-0.0480776	-0.000185496
22190	4.438	-0.0871933	-0.0518876	-0.000172347
22195	4.439	-0.0872027	-0.0556924	-0.000163996
22200	4.44	-0.0872076	-0.0594889	-0.000154744
22205	4.441	-0.0872143	-0.0632753	-0.000142437
22210	4.442	-0.0872224	-0.0670692	-0.000179509
22215	4.443	-0.087223	-0.0708491	-0.000207859
22220	4.444	-0.0872257	-0.0746058	-0.000205636
22225	4.445	-0.0869806	-0.0783409	-0.00016973
22230	4.446	-0.087016	-0.0820611	-0.000143343
22235	4.447	-0.0870688	-0.0857659	-0.000117034
22240	4.448	-0.0871067	-0.0894559	-9.41067e-005
22245	4.449	-0.087138	-0.0931491	-0.0001282
22250	4.45	-0.087155	-0.0968227	-0.00015788
22255	4.451	-0.0871718	-0.100467	-0.000158218
22260	4.452	-0.0871847	-0.104081	-0.000131889
22265	4.453	-0.0871967	-0.107672	-9.5792e-005
22270	4.454	-0.0872073	-0.111242	-6.44337e-005
22275	4.455	-0.087213	-0.114793	-4.2401e-005
22280	4.456	-0.0872202	-0.118324	-2.85801e-005
22285	4.457	-0.087226	-0.121831	-1.82811e-005
22290	4.458	-0.0869814	-0.125314	1.17778e-006
22295	4.459	-0.0870163	-0.128772	5.31679e-006
22300	4.46	-0.0870692	-0.132197	2.45535e-005
22305	4.461	-0.0871029	-0.135587	6.69005e-005
22310	4.462	-0.0871386	-0.138978	2.99817e-005
22315	4.463	-0.087159	-0.142364	-6.63968e-005
22320	4.464	-0.0871663	-0.1457	-0.000101527
22325	4.465	-0.0871814	-0.14899	-8.33251e-005
22330	4.466	-0.0871953	-0.152245	-4.21177e-005
22335	4.467	-0.0872069	-0.155474	-6.17635e-006
22340	4.468	-0.087217	-0.158677	2.52808e-005
22345	4.469	-0.0872218	-0.161852	5.99336e-005
22350	4.47	-0.0872271	-0.164997	0.000102971
22355	4.471	-0.0872328	-0.168109	0.000159027
22360	4.472	-0.0872348	-0.171188	0.000233446
22365	4.473	-0.0869873	-0.174229	0.000346661
22370	4.474	-0.0870206	-0.177237	0.000464901
22375	4.475	-0.0870742	-0.180208	0.000609136
22380	4.476	-0.0871061	-0.183141	0.000784049
22385	4.477	-0.0871353	-0.186037	0.000988395
22390	4.478	-0.0871584	-0.188894	0.00122377
22395	4.479	-0.0871747	-0.191712	0.00149133
22400	4.48	-0.0871861	-0.194492	0.00179038
22405	4.481	-0.0871997	-0.197233	0.00212115
22410	4.482	-0.0872095	-0.199936	0.00248472
22415	4.483	-0.0872138	-0.202599	0.00288081
22420	4.484	-0.0872192	-0.205225	0.00330666
22425	4.485	-0.0872261	-0.207814	0.00376219
22430	4.486	-0.0872312	-0.210364	0.00424735
22435	4.487	-0.0872319	-0.212878	0.00476072
22440	4.488	-0.0872327	-0.215356	0.0052986
22445	4.489	-0.0872376	-0.217799	0.00585996
22450	4.49	-0.0872424	-0.220206	0.00644525
22455	4.491	-0.0872439	-0.222578	0.00705432
22460	4.492	-0.0872432	-0.224915	0.00768607
22465	4.493	-0.0870005	-0.227252	0.00825164
22470	4.494	-0.0870342	-0.229589	0.00873173
22475	4.495	-0.0870898	-0.231917	0.00915813
22480	4.496	-0.0871268	-0.234232	0.00954706
22485	4.497	-0.0871533	-0.236528	0.00990924
22490	4.498	-0.0871729	-0.238804	0.0102538
22495	4.499	-0.0871881	-0.241055	0.0105887
22500	4.5	-0.0871994	-0.243279	0.010921
22505	4.501	-0.087209	-0.245473	0.0112571
22510	4.502	-0.0872169	-0.247636	0.011603
22515	4.503	-0.087225	-0.249764	0.0119648
22520	4.504	-0.0872325	-0.251855	0.0123483
22525	4.505	-0.08724	-0.253906	0.01276
22530	4.506	-0.0872486	-0.255916	0.0132068
22535	4.507	-0.0872576	-0.257881	0.0136939
22540	4.508	-0.087286	-0.259801	0.0142253
22545	4.509	-0.0875487	-0.261675	0.0147915
22550	4.51	-0.0882005	-0.263502	0.0153872
22555	4.511	-0.0853513	-0.261896	0.0234426
22560	4.512	-0.0871334	-0.260292	0.0312165
22565	4.513	-0.0899432	-0.258673	0.0389073
22570	4.514	-0.0933931	-0.257044	0.046514
22575	4.515	-0.0971157	-0.255409	0.0540408
22580	4.516	-0.100899	-0.253771	0.061488
22585	4.517	-0.104541	-0.252132	0.0688589
22590	4.518	-0.107965	-0.250493	0.076153
22595	4.519	-0.111192	-0.248855	0.0833665
22600	4.52	-0.114277	-0.247218	0.0904954
22605	4.521	-0.117273	-0.245582	0.0975377
22610	4.522	-0.120225	-0.243945	0.104493
22615	4.523	-0.123138	-0.242306	0.111364
22620	4.524	-0.12603	-0.240662	0.118154
22625	4.525	-0.128953	-0.239011	0.124865
22630	4.526	-0.131953	-0.237352	0.131499
22635	4.527	-0.135059	-0.235682	0.138057
22640	4.528	-0.138272	-0.233999	0.144545
22645	4.529	-0.141576	-0.232299	0.150969
22650	4.53	-0.144943	-0.230581	0.157338
22655	4.531	-0.148349	-0.22884	0.163657
22660	4.532	-0.151778	-0.227071	0.169944
22665	4.533	-0.155249	-0.22527	0.176201
22670	4.534	-0.158762	-0.223436	0.182434
22675	4.535	-0.162317	-0.221567	0.188647
22680	4.536	-0.166389	-0.219661	0.194816
22685	4.537	-0.170795	-0.217718	0.200954
22690	4.538	-0.17535	-0.215733	0.207075
22695	4.539	-0.179888	-0.213705	0.213196
22700	4.54	-0.18431	-0.211628	0.219337
22705	4.541	-0.188579	-0.209495	0.225514
22710	4.542	-0.192717	-0.207301	0.231741
22715	4.543	-0.196773	-0.205038	0.238037
22720	4.544	-0.200811	-0.202701	0.244411
22725	4.545	-0.204795	-0.200262	0.250942
22730	4.546	-0.208774	-0.19772	0.257631
22735	4.547	-0.21318	-0.195074	0.264457
22740	4.548	-0.217908	-0.192323	0.271426
22745	4.549	-0.222821	-0.189466	0.278547
22750	4.55	-0.22777	-0.186504	0.285827
22755	4.551	-0.232668	-0.183435	0.29327
22760	4.552	-0.237464	-0.180263	0.300876
22765	4.553	-0.242156	-0.176987	0.308641
22770	4.554	-0.246768	-0.173608	0.316563
22775	4.555	-0.251337	-0.170129	0.32463
22780	4.556	-0.255819	-0.166534	0.332895
22785	4.557	-0.260265	-0.162827	0.341336
22790	4.558	-0.26503	-0.159017	0.349916
22795	4.559	-0.270015	-0.155108	0.358621
22800	4.56	-0.275104	-0.151109	0.367438
22805	4.561	-0.280165	-0.147027	0.376353
22810	4.562	-0.285134	-0.14287	0.38535
22815	4.563	-0.289961	-0.138644	0.394411
22820	4.564	-0.294635	-0.134359	0.403515
22825	4.565	-0.299176	-0.130018	0.412647
22830	4.566	-0.303617	-0.125632	0.42178
22835	4.567	-0.307898	-0.121187	0.430956
22840	4.568	-0.312079	-0.116697	0.440137
22845	4.569	-0.316569	-0.112171	0.449271
22850	4.57	-0.321263	-0.107621	0.458333
22855	4.571	-0.326027	-0.103058	0.467304
22860	4.572	-0.330719	-0.0984933	0.476163
22865	4.573	-0.335275	-0.0939345	0.484892
22870	4.574	-0.339591	-0.0893836	0.493494
22875	4.575	-0.343626	-0.0848421	0.50197
22880	4.576	-0.347395	-0.0803086	0.510323
22885	4.577	-0.350944	-0.0757844	0.518548
22890	4.578	-0.349272	-0.071286	0.526915
22895	4.579	-0.349076	-0.0667962	0.535066
22900	4.58	-0.349153	-0.0623168	0.543064
22905	4.581	-0.349178	-0.057849	0.550926
22910	4.582	-0.349187	-0.0533922	0.558651
22915	4.583	-0.349194	-0.0489459	0.566237
22920	4.584	-0.3492	-0.0445098	0.573687
22925	4.585	-0.349204	-0.0400837	0.581
22930	4.586	-0.349208	-0.0356676	0.588177
22935	4.587	-0.349211	-0.0312588	0.595224
22940	4.588	-0.349213	-0.0268574	0.602142
22945	4.589	-0.349215	-0.0224637	0.608932
22950	4.59	-0.349216	-0.0180779	0.615593
22955	4.591	-0.349237	-0.0136998	0.622127
22960	4.592	-0.349236	-0.00932952	0.628536
22965	4.593	-0.349233	-0.0049666	0.634821
22970	4.594	-0.34923	-0.000610874	0.640983
22975	4.595	-0.349227	0.00373769	0.647023
22980	4.596	-0.349224	0.00807908	0.652942
22985	4.597	-0.34922	0.0124132	0.65874
22990	4.598	-0.349217	0.0167431	0.664423
22995	4.599	-0.349214	0.0210684	0.669992
23000	4.6	-0.349212	0.025389	0.675447
23005	4.601	-0.349209	0.0297046	0.680789
23010	4.602	-0.349229	0.0340155	0.686017
23015	4.603	-0.349225	0.0383212	0.691133
23020	4.604	-0.34922	0.042622	0.696139
23025	4.605	-0.349216	0.0469178	0.701034
23030	4.606	-0.349212	0.0512085	0.705819
23035	4.607	-0.349208	0.0554936	0.710493
23040	4.608	-0.349204	0.0597728	0.715057
23045	4.609	-0.349201	0.0640488	0.719517
23050	4.61	-0.349197	0.0683212	0.723871
23055	4.611	-0.349195	0.0725894	0.72812
23060	4.612	-0.349192	0.0768528	0.732264
23065	4.613	-0.349213	0.0811115	0.736301
23070	4.614	-0.34921	0.0853646	0.740234
23075	4.615	-0.349205	0.089612	0.744062
23080	4.616	-0.3492	0.0938536	0.747784
23085	4.617	-0.349196	0.098089	0.751402
23090	4.618	-0.349193	0.102318	0.754914
23095	4.619	-0.349189	0.10654	0.758321
23100	4.62	-0.349186	0.110757	0.761628
23105	4.621	-0.349183	0.114969	0.764834
23110	4.622	-0.34918	0.119175	0.767938
23115	4.623	-0.349178	0.123374	0.770939
23120	4.624	-0.3492	0.127566	0.773836
23125	4.625	-0.349197	0.131749	0.77663
23130	4.626	-0.349192	0.135924	0.779321
23135	4.627	-0.349188	0.140089	0.781906
23140	4.628	-0.349184	0.144244	0.784387
23145	4.629	-0.349181	0.14839	0.786763
23150	4.63	-0.349178	0.152524	0.789034
23155	4.631	-0.349175	0.156651	0.791205
23160	4.632	-0.349172	0.160769	0.793275
23165	4.633	-0.34917	0.164878	0.795246
23170	4.634	-0.349167	0.168978	0.797115
23175	4.635	-0.349191	0.173067	0.798881
23180	4.636	-0.349188	0.177146	0.800546
23185	4.637	-0.349183	0.181211	0.802108
23190	4.638	-0.349179	0.185264	0.803564
23195	4.639	-0.349176	0.189303	0.804915
23200	4.64	-0.349172	0.193327	0.806159
23205	4.641	-0.349169	0.197335	0.807296
23210	4.642	-0.349167	0.20133	0.80833
23215	4.643	-0.349164	0.205312	0.809262
23220	4.644	-0.349162	0.209279	0.81009
23225	4.645	-0.34916	0.213231	0.810814
23230	4.646	-0.349184	0.217167	0.811431
23235	4.647	-0.349181	0.221086	0.811944
23240	4.648	-0.349177	0.224987	0.812351
23245	4.649	-0.349173	0.228871	0.812652
23250	4.65	-0.349169	0.232736	0.812845
23255	4.651	-0.349166	0.236582	0.812932
23260	4.652	-0.349163	0.240409	0.812911
23265	4.653	-0.349161	0.244219	0.812788
23270	4.654	-0.349159	0.248012	0.812563
23275	4.655	-0.349156	0.251786	0.812234
23280	4.656	-0.349154	0.255541	0.811801
23285	4.657	-0.349179	0.259278	0.811264
23290	4.658	-0.349176	0.262994	0.810622
23295	4.659	-0.349172	0.266689	0.809876
23300	4.66	-0.349168	0.270363	0.809024
23305	4.661	-0.349165	0.274015	0.808066
23310	4.662	-0.349162	0.277644	0.807002
23315	4.663	-0.349159	0.28125	0.805831
23320	4.664	-0.349157	0.284836	0.804559
23325	4.665	-0.349154	0.288401	0.803184
23330	4.666	-0.349179	0.291944	0.801705
23335	4.667	-0.349176	0.295464	0.800124
23340	4.668	-0.349172	0.298961	0.798439
23345	4.669	-0.349168	0.302433	0.79665
23350	4.67	-0.349165	0.305881	0.794756
23355	4.671	-0.349161	0.309304	0.792757
23360	4.672	-0.349159	0.312701	0.790653
23365	4.673	-0.34918	0.316084	0.788478
23370	4.674	-0.349177	0.319452	0.78623
23375	4.675	-0.349173	0.322804	0.783909
23380	4.676	-0.349169	0.32614	0.781511
23385	4.677	-0.349165	0.329457	0.779032
23390	4.678	-0.349189	0.332756	0.77647
23395	4.679	-0.349185	0.336034	0.773827
23400	4.68	-0.349179	0.339292	0.7711
23405	4.681	-0.349174	0.342528	0.768291
23410	4.682	-0.34917	0.345744	0.765401
23415	4.683	-0.349166	0.348939	0.762433
23420	4.684	-0.349163	0.352114	0.759388
23425	4.685	-0.349159	0.35527	0.75627
23430	4.686	-0.349156	0.358407	0.753082
23435	4.687	-0.349153	0.361526	0.749828
23440	4.688	-0.349151	0.364629	0.746513
23445	4.689	-0.349148	0.367716	0.743139
23450	4.69	-0.349146	0.370788	0.739712
23455	4.691	-0.349144	0.373847	0.736236
23460	4.692	-0.349142	0.376895	0.732716
23465	4.693	-0.349139	0.379931	0.729156
23470	4.694	-0.349132	0.382985	0.72564
23475	4.695	-0.349131	0.386055	0.722161
23480	4.696	-0.34913	0.389139	0.718717
23485	4.697	-0.349129	0.392236	0.715304
23490	4.698	-0.349128	0.395344	0.711918
23495	4.699	-0.349127	0.398462	0.708557
23500	4.7	-0.349127	0.401588	0.705215
23505	4.701	-0.346829	0.401557	0.696341
23510	4.702	-0.34673	0.401431	0.68717
23515	4.703	-0.34861	0.401343	0.677976
23520	4.704	-0.351698	0.401312	0.668855
23525	4.705	-0.349311	0.401315	0.660187
23530	4.706	-0.348814	0.401409	0.651651
23535	4.707	-0.350032	0.40161	0.643299
23540	4.708	-0.349196	0.401446	0.634522
23545	4.709	-0.349117	0.401426	0.6261
23550	4.71	-0.349097	0.401434	0.618147
23555	4.711	-0.348681	0.401434	0.610454
23560	4.712	-0.347871	0.401434	0.603023
23565	4.713	-0.34662	0.401434	0.595868
23570	4.714	-0.344985	0.401435	0.588994
23575	4.715	-0.34311	0.401435	0.5824
23580	4.716	-0.341024	0.401435	0.576085
23585	4.717	-0.338684	0.401435	0.570053
23590	4.718	-0.336074	0.401435	0.564303
23595	4.719	-0.333199	0.401435	0.558829
23600	4.72	-0.330093	0.401435	0.553622
23605	4.721	-0.326842	0.401435	0.54867
23610	4.722	-0.323732	0.401434	0.543931
23615	4.723	-0.320789	0.401434	0.539396
23620	4.724	-0.318056	0.401434	0.535057
23625	4.725	-0.31556	0.401434	0.530904
23630	4.726	-0.313319	0.401434	0.526931
23635	4.727	-0.311334	0.401433	0.523131
23640	4.728	-0.309598	0.401433	0.519501
23645	4.729	-0.308052	0.401433	0.51604
23650	4.73	-0.306658	0.401433	0.512746
23655	4.731	-0.305397	0.401433	0.509615
23660	4.732	-0.304255	0.401432	0.506641
23665	4.733	-0.303219	0.401432	0.503817
23670	4.734	-0.30228	0.401432	0.501136
23675	4.735	-0.301407	0.401432	0.498595
23680	4.736	-0.30057	0.401431	0.496188
23685	4.737	-0.299742	0.401431	0.493911
23690	4.738	-0.298902	0.401431	0.491758
23695	4.739	-0.298036	0.40143	0.489724
23700	4.74	-0.297133	0.40143	0.487802
23705	4.741	-0.296192	0.401429	0.485985
23710	4.742	-0.295217	0.401429	0.484265
23715	4.743	-0.294214	0.401428	0.482635
23720	4.744	-0.293198	0.401427	0.481087
23725	4.745	-0.292183	0.401427	0.479614
23730	4.746	-0.291053	0.401418	0.4782
23735	4.747	-0.289513	0.401377	0.476804
23740	4.748	-0.287299	0.401277	0.475381
23745	4.749	-0.27851	0.401071	0.474156
23750	4.75	-0.266513	0.400733	0.472824
23755	4.751	-0.254662	0.400225	0.471081
23760	4.752	-0.245284	0.399541	0.468789
23765	4.753	-0.238635	0.398672	0.465919
23770	4.754	-0.23443	0.397607	0.462464
23775	4.755	-0.232366	0.396336	0.458423
23780	4.756	-0.231234	0.394846	0.453837
23785	4.757	-0.2298	0.393128	0.448757
23790	4.758	-0.227071	0.391173	0.443229
23795	4.759	-0.222603	0.388978	0.43727
23800	4.76	-0.211825	0.386524	0.431098
23805	4.761	-0.197564	0.383813	0.424563
23810	4.762	-0.182198	0.380837	0.417502
23815	4.763	-0.167482	0.377603	0.40984
23820	4.764	-0.15434	0.374121	0.401546
23825	4.765	-0.143157	0.370397	0.392619
23830	4.766	-0.13346	0.366438	0.3831
23835	4.767	-0.124589	0.362252	0.373044
23840	4.768	-0.115885	0.357845	0.362505
23845	4.769	-0.106794	0.353225	0.351536
23850	4.77	-0.0973218	0.348401	0.34016
23855	4.771	-0.0842077	0.343373	0.328543
23860	4.772	-0.0864626	0.338191	0.315879
23865	4.773	-0.0870483	0.332826	0.302924
23870	4.774	-0.0869701	0.327289	0.289673
23875	4.775	-0.0868905	0.321595	0.276126
23880	4.776	-0.0868583	0.315756	0.262316
23885	4.777	-0.0868267	0.309783	0.248275
23890	4.778	-0.0868039	0.303691	0.23404
23895	4.779	-0.0867821	0.297492	0.21964
23900	4.78	-0.0867559	0.291199	0.20511
23905	4.781	-0.086741	0.284824	0.190479
23910	4.782	-0.0865906	0.278379	0.175782
23915	4.783	-0.0865965	0.271875	0.161032
23920	4.784	-0.0866079	0.265305	0.146209
23925	4.785	-0.0866246	0.258681	0.131346
23930	4.786	-0.0866286	0.252015	0.116469
23935	4.787	-0.0866423	0.245317	0.101605
23940	4.788	-0.0866487	0.238598	0.0867766
23945	4.789	-0.08666	0.231867	0.0720108
23950	4.79	-0.086669	0.225135	0.0573293
23955	4.791	-0.086672	0.218412	0.0427543
23960	4.792	-0.0866851	0.2117	0.0282915
23965	4.793	-0.0865439	0.205004	0.013957
23970	4.794	-0.0865771	0.198325	-0.000267606
23975	4.795	-0.0861477	0.194275	-0.00704363
23980	4.796	-0.0861313	0.192732	-0.00674709
23985	4.797	-0.0864003	0.192339	-0.00317206
23990	4.798	-0.0866761	0.191875	0.000285009
23995	4.799	-0.0867242	0.191298	0.00352398
24000	4.8	-0.0867475	0.190568	0.00643187
24005	4.801	-0.0867738	0.189652	0.00892113
24010	4.802	-0.0867932	0.188523	0.0109228
24015	4.803	-0.0868176	0.187159	0.0123795
24020	4.804	-0.0866567	0.185545	0.0132589
24025	4.805	-0.0867003	0.183665	0.0135028
24030	4.806	-0.0867501	0.181483	0.0130219
24035	4.807	-0.0867918	0.178999	0.0118161
24040	4.808	-0.0868201	0.176213	0.00988921
24045	4.809	-0.0868515	0.17313	0.00725299
24050	4.81	-0.0868747	0.169758	0.00392767
24055	4.811	-0.0868978	0.166107	-5.94534e-005
24060	4.812	-0.0867653	0.16304	-0.00228993
24065	4.813	-0.086746	0.160646	-0.00252092
24070	4.814	-0.0868224	0.158606	-0.00165279
24075	4.815	-0.0867054	0.156557	-0.000684458
24080	4.816	-0.0867889	0.154305	-0.000179828
24085	4.817	-0.0868438	0.151823	-0.000199832
24090	4.818	-0.0868695	0.149212	-0.000461907
24095	4.819	-0.0868813	0.146567	-0.000704665
24100	4.82	-0.0869038	0.14393	-0.000809908
24105	4.821	-0.0869274	0.141296	-0.000788483
24110	4.822	-0.0869539	0.138643	-0.000710523
24115	4.823	-0.0869766	0.135946	-0.00063993
24120	4.824	-0.0869911	0.133197	-0.000604074
24125	4.825	-0.0870068	0.130397	-0.000599128
24130	4.826	-0.086799	0.127554	-0.000599743
24135	4.827	-0.0868386	0.124671	-0.000613476
24140	4.828	-0.0868919	0.121738	-0.000660059
24145	4.829	-0.0869315	0.118776	-0.000686806
24150	4.83	-0.0869596	0.115788	-0.000681016
24155	4.831	-0.0869889	0.112772	-0.000654989
24160	4.832	-0.0870114	0.109721	-0.000623649
24165	4.833	-0.0870322	0.106634	-0.000597265
24170	4.834	-0.0870489	0.10351	-0.000578969
24175	4.835	-0.0870601	0.100351	-0.00056627
24180	4.836	-0.0870736	0.0971579	-0.000555762
24185	4.837	-0.0868545	0.0939331	-0.000536917
24190	4.838	-0.0868939	0.0906758	-0.000533014
24195	4.839	-0.0869488	0.0873736	-0.000571654
24200	4.84	-0.0869872	0.0840466	-0.00059736
24205	4.841	-0.0870145	0.0807019	-0.000592782
24210	4.842	-0.0870421	0.0773366	-0.000567323
24215	4.843	-0.0870635	0.0739468	-0.000534544
24220	4.844	-0.0870829	0.0705296	-0.00050532
24225	4.845	-0.0870985	0.0670844	-0.000483857
24230	4.846	-0.0871088	0.0636127	-0.000468568
24235	4.847	-0.0871208	0.0601167	-0.000456254
24240	4.848	-0.0868935	0.0565978	-0.000436123
24245	4.849	-0.0869322	0.0530558	-0.000431951
24250	4.85	-0.086988	0.049478	-0.000471832
24255	4.851	-0.0870254	0.0458853	-0.000498259
24260	4.852	-0.0870526	0.0422854	-0.000493166
24265	4.853	-0.0870793	0.0386751	-0.000466574
24270	4.854	-0.0871003	0.0350506	-0.000432483
24275	4.855	-0.0871189	0.0314088	-0.000402231
24280	4.856	-0.0871337	0.0277492	-0.000380248
24285	4.857	-0.0871435	0.0240734	-0.000364835
24290	4.858	-0.0871545	0.0203836	-0.00035277
24295	4.859	-0.0869216	0.0166814	-0.000332726
24300	4.86	-0.0869597	0.012965	-0.000331582
24305	4.861	-0.0870161	0.00922268	-0.000374802
24310	4.862	-0.0870529	0.0054764	-0.000402578
24315	4.863	-0.0870801	0.00173377	-0.00039689
24320	4.864	-0.0871065	-0.00200704	-0.00036619
24325	4.865	-0.0871275	-0.00575157	-0.000328724
24330	4.866	-0.0871457	-0.00950332	-0.000297263
24335	4.867	-0.0871599	-0.0132628	-0.000276008
24340	4.868	-0.0871693	-0.0170294	-0.000264577
24345	4.869	-0.0871795	-0.0207996	-0.000256046
24350	4.87	-0.0869423	-0.0245713	-0.000237537
24355	4.871	-0.0869802	-0.0283448	-0.000233685
24360	4.872	-0.0870375	-0.0321332	-0.000274172
24365	4.873	-0.0870744	-0.0359153	-0.000300598
24370	4.874	-0.0871016	-0.0396834	-0.000295024
24375	4.875	-0.0871277	-0.0434391	-0.000265275
24380	4.876	-0.0871485	-0.0471878	-0.000228825
24385	4.877	-0.0871664	-0.050933	-0.000198349
24390	4.878	-0.0871804	-0.0546752	-0.00017792
24395	4.879	-0.0871897	-0.0584125	-0.000164744
24400	4.88	-0.0871997	-0.0621423	-0.000154271
24405	4.881	-0.0869594	-0.0658628	-0.000134509
24410	4.882	-0.0869972	-0.0695744	-0.000130685
24415	4.883	-0.0870551	-0.0732904	-0.00017268
24420	4.884	-0.0870922	-0.0769889	-0.000200408
24425	4.885	-0.0871195	-0.0806621	-0.000195252
24430	4.886	-0.087144	-0.0843117	-0.000165368
24435	4.887	-0.0871647	-0.0879433	-0.000128835
24440	4.888	-0.0871811	-0.0915605	-9.82776e-005
24445	4.889	-0.0871954	-0.0951638	-7.78809e-005
24450	4.89	-0.0872066	-0.0987698	-0.000116611
24455	4.891	-0.0872097	-0.102355	-0.000150342
24460	4.892	-0.0872136	-0.105908	-0.000152456
24465	4.893	-0.0869712	-0.109431	-0.000118069
24470	4.894	-0.087008	-0.112931	-9.08625e-005
24475	4.895	-0.0870634	-0.116407	-6.35156e-005
24480	4.896	-0.0871006	-0.119862	-3.98226e-005
24485	4.897	-0.0871307	-0.123294	-2.25757e-005
24490	4.898	-0.0871508	-0.126703	-9.78053e-006
24495	4.899	-0.0871707	-0.130086	1.40791e-006
24500	4.9	-0.0871851	-0.133438	2.34395e-005
24505	4.901	-0.0871949	-0.136758	6.22218e-005
24510	4.902	-0.0872059	-0.140043	0.000121171
24515	4.903	-0.0872125	-0.143292	0.000204391
24520	4.904	-0.0872165	-0.146505	0.000315083
24525	4.905	-0.0872224	-0.14968	0.000454104
24530	4.906	-0.0872259	-0.152818	0.000623667
24535	4.907	-0.087229	-0.155917	0.000824986
24540	4.908	-0.087234	-0.158977	0.00105754
24545	4.909	-0.0872351	-0.161999	0.00132214
24550	4.91	-0.0872374	-0.164983	0.0016187
24555	4.911	-0.0872407	-0.167929	0.00194583
24560	4.912	-0.0872406	-0.170837	0.00230454
24565	4.913	-0.0872397	-0.173706	0.00269474
24570	4.914	-0.0872421	-0.176538	0.00311482
24575	4.915	-0.0872433	-0.179333	0.00356456
24580	4.916	-0.0869941	-0.182087	0.00406048
24585	4.917	-0.0870273	-0.184808	0.00456429
24590	4.918	-0.0870799	-0.187493	0.00509281
24595	4.919	-0.0871122	-0.190142	0.00564834
24600	4.92	-0.0871389	-0.192756	0.00622825
24605	4.921	-0.0871689	-0.195372	0.00672572
24610	4.922	-0.0871843	-0.197986	0.00715576
24615	4.923	-0.0871943	-0.200593	0.00752989
24620	4.924	-0.0872067	-0.20319	0.00785668
24625	4.925	-0.0872154	-0.205775	0.00814659
24630	4.926	-0.0872197	-0.208343	0.0084078
24635	4.927	-0.0872239	-0.210893	0.00864598
24640	4.928	-0.0872375	-0.21346	0.00876181
24645	4.929	-0.0872412	-0.216037	0.00877765
24650	4.93	-0.0872408	-0.218617	0.00871205
24655	4.931	-0.0872416	-0.221194	0.0085804
24660	4.932	-0.0872529	-0.2238	0.00829201
24665	4.933	-0.0872552	-0.226425	0.00787698
24670	4.934	-0.0872533	-0.229059	0.00736112
24675	4.935	-0.0872495	-0.231695	0.00676673
24680	4.936	-0.0872486	-0.234324	0.00611278
24685	4.937	-0.0872525	-0.236942	0.0054173
24690	4.938	-0.0872557	-0.239541	0.00469834
24695	4.939	-0.0872575	-0.242115	0.00397176
24700	4.94	-0.087257	-0.244659	0.00325122
24705	4.941	-0.0872558	-0.247169	0.00254916
24710	4.942	-0.0872534	-0.24964	0.00187599
24715	4.943	-0.0872518	-0.25207	0.00124047
24720	4.944	-0.0872503	-0.254456	0.000649338
24725	4.945	-0.0872492	-0.256795	0.000109272
24730	4.946	-0.08725	-0.259085	-0.000373186
24735	4.947	-0.0872261	-0.261179	-0.000387221
24740	4.948	-0.0872423	-0.263159	-0.000164189
24745	4.949	-0.0870844	-0.261891	0.00696876
24750	4.95	-0.0872503	-0.260584	0.0141137
24755	4.951	-0.0876696	-0.259252	0.0212385
24760	4.952	-0.0885115	-0.257906	0.0283021
24765	4.953	-0.0898514	-0.256556	0.0352741
24770	4.954	-0.0916737	-0.255212	0.0421344
24775	4.955	-0.0938884	-0.253877	0.0488725
24780	4.956	-0.0963782	-0.252555	0.0554834
24785	4.957	-0.0990338	-0.251249	0.0619659
24790	4.958	-0.101774	-0.24996	0.0683201
24795	4.959	-0.104552	-0.248688	0.0745474
24800	4.96	-0.107343	-0.247433	0.0806498
24805	4.961	-0.110141	-0.246192	0.0866306
24810	4.962	-0.112947	-0.244965	0.0924942
24815	4.963	-0.115767	-0.243748	0.0982463
24820	4.964	-0.1186	-0.242539	0.103894
24825	4.965	-0.121435	-0.241334	0.109446
24830	4.966	-0.124292	-0.240129	0.11491
24835	4.967	-0.127192	-0.23892	0.120294
24840	4.968	-0.130152	-0.237703	0.125607
24845	4.969	-0.133182	-0.236473	0.130859
24850	4.97	-0.136291	-0.235225	0.13606
24855	4.971	-0.13947	-0.233955	0.141221
24860	4.972	-0.142707	-0.232659	0.146352
24865	4.973	-0.145982	-0.231332	0.151462
24870	4.974	-0.14928	-0.22997	0.156562
24875	4.975	-0.152607	-0.22857	0.161657
24880	4.976	-0.155952	-0.227125	0.166765
24885	4.977	-0.159829	-0.225635	0.171859
24890	4.978	-0.164035	-0.224096	0.176957
24895	4.979	-0.168366	-0.222502	0.18208
24900	4.98	-0.172642	-0.22085	0.18725
24905	4.981	-0.176782	-0.219132	0.192485
24910	4.982	-0.180756	-0.217344	0.197802
24915	4.983	-0.184609	-0.215481	0.20321
24920	4.984	-0.188403	-0.213537	0.208722
24925	4.985	-0.1922	-0.211508	0.214344
24930	4.986	-0.195964	-0.209363	0.220163
24935	4.987	-0.199742	-0.2071	0.226182
24940	4.988	-0.203979	-0.204717	0.232383
24945	4.989	-0.208552	-0.202212	0.238771
24950	4.99	-0.213323	-0.199585	0.245359
24955	4.991	-0.218134	-0.196835	0.252154
24960	4.992	-0.222913	-0.193961	0.259158
24965	4.993	-0.227597	-0.190966	0.266373
24970	4.994	-0.232193	-0.187851	0.273793
24975	4.995	-0.236728	-0.184617	0.281414
24980	4.996	-0.241236	-0.181268	0.289225
24985	4.997	-0.245675	-0.177785	0.297277
24990	4.998	-0.250091	-0.174175	0.305554
24995	4.999	-0.254837	-0.170442	0.314018
25000	5	-0.259805	-0.166593	0.322657
25005	5.001	0	0	0
25010	5.002	0	0	0
25015	5.003	0	0	0
25020	5.004	0	0	0
25025	5.005	0	0	0
25030	5.006	0	0	0
25035	5.007	0	0	0
25040	5.008	0	0	0
25045	5.009	0	0	0
