TimeSlice	Time	hip_L_flx_rec	hip_L_ext_rec	hip_L	hip_L_flx	hip_L_ext
0	0	1.5698	1.6105	0	0	0
5	0.001	1.56981	1.61051	0	0	0
10	0.002	1.56982	1.61666	3.56216e-017	46.0182	15.3273
15	0.003	1.5698	1.6105	-0.000764329	102.469	63.516
20	0.004	1.57279	1.6105	0.000293842	134.184	100.211
25	0.005	1.58855	1.6105	0.00191093	146.578	112.959
30	0.006	1.6065	1.6105	0.00376999	147.275	111.425
35	0.007	1.62533	1.6105	0.00573876	141.323	104.328
40	0.008	1.64468	1.6105	0.00777927	131.589	94.9788
45	0.009	1.66354	1.6105	0.0097924	120.205	84.7383
50	0.01	1.68153	1.6105	0.0117372	108.317	72.1136
55	0.011	1.69514	1.6105	0.0132526	98.3096	59.8922
60	0.012	1.70814	1.6105	0.0147196	88.437	48.3518
65	0.013	1.72078	1.6105	0.0161622	78.8219	37.5606
70	0.014	1.73312	1.6105	0.0175889	69.5528	27.5006
75	0.015	1.74516	1.6105	0.0189966	60.9116	18.0628
80	0.016	1.75677	1.6105	0.0203752	52.6513	9.17207
85	0.017	1.76787	1.6105	0.0217127	44.8903	0.713639
90	0.018	1.77837	1.6105	0.0230008	37.6753	0
95	0.019	1.78826	1.6105	0.0242356	31.027	0
100	0.02	1.79751	1.6105	0.0254151	24.9136	0
105	0.021	1.80611	1.6105	0.0265384	19.3599	0
110	0.022	1.8141	1.6105	0.0276067	14.3466	0
115	0.023	1.82147	1.6105	0.0286217	10.0143	0
120	0.024	1.82829	1.6105	0.029585	6.18144	0
125	0.025	1.83455	1.6105	0.0304977	3.04002	0
130	0.026	1.84026	1.6105	0.0313601	0.690666	0
135	0.027	1.84543	1.6105	0.0321723	0	0
140	0.028	1.85004	1.6105	0.0329343	0	0
145	0.029	1.85416	1.6105	0.0336469	0	0
150	0.03	1.85776	1.6105	0.034311	0	0
155	0.031	1.86087	1.6105	0.0349282	0.862362	0
160	0.032	1.86347	1.6105	0.0354952	2.59697	0
165	0.033	1.86567	1.6105	0.0360243	4.61351	0
170	0.034	1.86752	1.6105	0.0365173	6.87957	0
175	0.035	1.86901	1.6105	0.0369761	9.5893	0
180	0.036	1.87019	1.6105	0.037402	12.301	0
185	0.037	1.87105	1.6105	0.0377969	15.0233	0
190	0.038	1.87163	1.6105	0.0381628	17.7606	0
195	0.039	1.87193	1.6105	0.038502	20.5575	0
200	0.04	1.87201	1.6105	0.038817	23.7059	0
205	0.041	1.87189	1.6105	0.0391103	26.7633	0
210	0.042	1.87158	1.6105	0.0393847	29.7905	0
215	0.043	1.87113	1.6105	0.0396426	32.8721	0
220	0.044	1.87054	1.6105	0.0398863	36.0547	0
225	0.045	1.86985	1.6105	0.0401179	39.5726	0
230	0.046	1.86907	1.6105	0.0403391	43.0596	0
235	0.047	1.86821	1.6105	0.0405517	46.605	0
240	0.048	1.8673	1.6105	0.0407569	50.2997	0
245	0.049	1.86634	1.6105	0.0409561	54.4649	0
250	0.05	1.86531	1.6105	0.0411472	58.6582	0
255	0.051	1.86422	1.6105	0.0413303	62.9355	0
260	0.052	1.86308	1.6105	0.041506	67.404	0
265	0.053	1.86189	1.6105	0.0416758	72.3963	0
270	0.054	1.86066	1.6105	0.0418408	77.4458	0
275	0.055	1.85942	1.6105	0.0420024	82.6007	0
280	0.056	1.85819	1.6105	0.0421622	87.9223	0
285	0.057	1.85695	1.6105	0.0423215	93.7827	0
290	0.058	1.85575	1.6105	0.0424819	99.7437	0
295	0.059	1.85458	1.6105	0.0426449	105.813	0
300	0.06	1.85347	1.6105	0.0428122	112.309	0
305	0.061	1.85244	1.6105	0.0429853	118.934	0
310	0.062	1.85147	1.6105	0.043166	125.705	0
315	0.063	1.85062	1.6105	0.043356	132.665	0
320	0.064	1.84988	1.6105	0.0435569	140.024	0
325	0.065	1.84929	1.6105	0.0437707	147.575	0
330	0.066	1.84883	1.6105	0.043999	155.343	0
335	0.067	1.84854	1.6105	0.0442437	163.508	0
340	0.068	1.84842	1.6105	0.0445067	171.762	0
345	0.069	1.84851	1.6105	0.0447899	180.214	0
350	0.07	1.84881	1.6105	0.0450953	189.116	0
355	0.071	1.84935	1.6105	0.0454248	198.159	0
360	0.072	1.85012	1.6105	0.0457803	207.326	0
365	0.073	1.85117	1.6105	0.0461641	216.843	0
370	0.074	1.85249	1.6105	0.0465779	226.525	0
375	0.075	1.85411	1.6105	0.047024	236.266	0
380	0.076	1.85604	1.6105	0.0475044	246.07	0
385	0.077	1.85831	1.6105	0.0480211	255.969	0
390	0.078	1.86092	1.6105	0.0485762	265.91	0
395	0.079	1.86389	1.6105	0.0491716	275.777	0
400	0.08	1.86724	1.6105	0.0498093	285.488	0
405	0.081	1.87099	1.6105	0.0504912	295.195	0
410	0.082	1.87515	1.6105	0.0512191	304.752	0
415	0.083	1.8797	1.6105	0.0519949	314.072	0
420	0.084	1.8847	1.6105	0.0528201	323.04	0
425	0.085	1.89013	1.6105	0.0536964	331.942	0
430	0.086	1.896	1.6105	0.0546252	340.598	0
435	0.087	1.90234	1.6105	0.0556079	348.819	0
440	0.088	1.90915	1.6105	0.0566458	356.851	0
445	0.089	1.91642	1.6105	0.05774	364.483	0
450	0.09	1.92416	1.6105	0.0588915	371.789	0
455	0.091	1.93238	1.6105	0.0601013	378.76	0
460	0.092	1.94108	1.6105	0.0613701	385.341	0
465	0.093	1.95025	1.6105	0.0626986	391.604	0
470	0.094	1.95992	1.6105	0.0640873	397.298	0
475	0.095	1.97005	1.6105	0.0655364	402.787	0
480	0.096	1.98066	1.6105	0.0670462	410.502	0
485	0.097	1.99174	1.6105	0.0686169	415.556	0
490	0.098	2.00328	1.6105	0.0702493	418.01	0
495	0.099	2.0153	1.6105	0.0719433	418.182	0
500	0.1	2.02776	1.6105	0.0736984	416.882	0
505	0.101	2.04066	1.6105	0.0755133	414.613	0
510	0.102	2.05399	1.6105	0.0773863	412.279	0
515	0.103	2.0677	1.6105	0.0793157	410.075	0
520	0.104	2.08177	1.6105	0.0812996	408.089	0
525	0.105	2.09621	1.6105	0.0833362	406.784	0
530	0.106	2.11096	1.6105	0.0854237	405.927	0
535	0.107	2.12602	1.6105	0.0875606	405.621	0
540	0.108	2.14138	1.6105	0.0897455	405.713	0
545	0.109	2.15702	1.6105	0.0919773	406.301	0
550	0.11	2.1729	1.6105	0.0942547	407.165	0
555	0.111	2.18905	1.6105	0.0965768	408.2	0
560	0.112	2.20542	1.6105	0.0989428	409.441	0
565	0.113	2.22203	1.6105	0.101352	412.477	0
570	0.114	2.23883	1.6105	0.103803	413.667	0
575	0.115	2.25587	1.6105	0.106296	412.613	0
580	0.116	2.27309	1.6105	0.108831	409.999	0
585	0.117	2.29051	1.6105	0.111406	406.34	0
590	0.118	2.30808	1.6105	0.114019	402.447	0
595	0.119	2.32581	1.6105	0.116669	398.459	0
600	0.12	2.34364	1.6105	0.119353	394.56	0
605	0.121	2.36161	1.6105	0.12207	390.996	0
610	0.122	2.37965	1.6105	0.124818	387.59	3.21297
615	0.123	2.39776	1.6105	0.127595	384.775	6.7546
620	0.124	2.41591	1.6105	0.130399	382.264	10.1914
625	0.125	2.43408	1.6105	0.133227	380.248	13.5639
630	0.126	2.45227	1.6105	0.136077	378.61	16.8287
635	0.127	2.47043	1.6105	0.138947	377.473	19.9689
640	0.128	2.48855	1.6105	0.141836	376.473	23.0306
645	0.129	2.50661	1.6105	0.144742	375.994	25.9835
650	0.13	2.52462	1.6105	0.147662	375.792	28.8308
655	0.131	2.54255	1.6105	0.150597	375.62	31.5944
660	0.132	2.56039	1.6105	0.153544	375.784	34.2468
665	0.133	2.57813	1.6105	0.156503	375.991	36.7897
670	0.134	2.59576	1.6105	0.159473	376.432	39.2644
675	0.135	2.61328	1.6105	0.162451	376.921	41.6414
680	0.136	2.63068	1.6105	0.165439	374.089	43.9181
685	0.137	2.64794	1.6105	0.168434	369.107	46.134
690	0.138	2.66508	1.6105	0.171436	363.184	48.2388
695	0.139	2.68204	1.6105	0.174443	356.771	50.2759
700	0.14	2.69884	1.6105	0.177452	350.852	52.1848
705	0.141	2.71544	1.6105	0.180461	345.582	53.9861
710	0.142	2.73183	1.6105	0.183467	341.011	55.6879
715	0.143	2.74798	1.6105	0.186469	337.491	57.2801
720	0.144	2.76391	1.6105	0.189466	334.71	58.737
725	0.145	2.77957	1.6105	0.192456	332.917	60.1209
730	0.146	2.795	1.6105	0.195438	331.853	61.3846
735	0.147	2.81016	1.6105	0.198412	331.41	62.5897
740	0.148	2.82507	1.6105	0.201376	331.26	63.6872
745	0.149	2.83972	1.6105	0.204332	331.404	64.6871
750	0.15	2.8541	1.6105	0.207277	331.496	65.6335
755	0.151	2.86823	1.6105	0.210213	331.859	66.4888
760	0.152	2.8821	1.6105	0.213139	332.3	67.2692
765	0.153	2.89572	1.6105	0.216054	332.773	68.0058
770	0.154	2.90909	1.6105	0.218958	333.392	68.6584
775	0.155	2.9222	1.6105	0.221852	333.872	69.2859
780	0.156	2.93506	1.6105	0.224735	334.65	69.8354
785	0.157	2.94766	1.6105	0.227607	335.419	70.328
790	0.158	2.96002	1.6105	0.230468	335.392	70.8091
795	0.159	2.97215	1.6105	0.233318	333.9	71.2253
800	0.16	2.98403	1.6105	0.236157	332.206	71.6393
805	0.161	2.99568	1.6105	0.238985	330.605	71.9785
810	0.162	3.00707	1.6105	0.2418	329.447	72.2785
815	0.163	3.01823	1.6105	0.244603	328.745	72.5565
820	0.164	3.02913	1.6105	0.247394	328.301	72.7819
825	0.165	3.0398	1.6105	0.250171	328.199	72.9858
830	0.166	3.0502	1.6105	0.252935	328.316	73.1426
835	0.167	3.06038	1.6105	0.255685	327.746	73.2538
840	0.168	3.07033	1.6105	0.258423	326.11	73.3599
845	0.169	3.08003	1.6105	0.261147	324.559	73.4293
850	0.17	3.08951	1.6105	0.263858	323.042	73.4634
855	0.171	3.09876	1.6105	0.266555	322.067	73.4914
860	0.172	3.10776	1.6105	0.269237	321.241	73.4789
865	0.173	3.11654	1.6105	0.271906	320.88	73.477
870	0.174	3.1251	1.6105	0.27456	320.869	73.4186
875	0.175	3.13341	1.6105	0.2772	320.348	73.3419
880	0.176	3.14152	1.6105	0.279826	318.679	73.2637
885	0.177	3.14941	1.6105	0.282438	316.858	73.1454
890	0.178	3.15707	1.6105	0.285037	315.536	73.0408
895	0.179	3.16453	1.6105	0.287621	314.511	72.9029
900	0.18	3.17177	1.6105	0.290191	313.899	72.7917
905	0.181	3.17882	1.6105	0.292747	313.491	72.6464
910	0.182	3.18566	1.6105	0.29529	312.819	72.4639
915	0.183	3.19229	1.6105	0.297819	310.664	72.3178
920	0.184	3.19874	1.6105	0.300334	308.453	72.1307
925	0.185	3.20498	1.6105	0.302836	306.554	71.9726
930	0.186	3.21105	1.6105	0.305325	305.011	71.7823
935	0.187	3.21692	1.6105	0.3078	303.919	71.5687
940	0.188	3.2226	1.6105	0.310262	303.133	71.3792
945	0.189	3.22812	1.6105	0.312711	302.74	71.1621
950	0.19	3.23344	1.6105	0.315146	302.463	70.973
955	0.191	3.23861	1.6105	0.31757	300.939	70.7661
960	0.192	3.24361	1.6105	0.319981	298.789	70.5407
965	0.193	3.24845	1.6105	0.32238	297.075	70.3273
970	0.194	3.2531	1.6105	0.324767	295.731	70.1077
975	0.195	3.25762	1.6105	0.327141	295.129	69.9067
980	0.196	3.26196	1.6105	0.329504	294.441	69.6976
985	0.197	3.26617	1.6105	0.331855	292.403	69.534
990	0.198	3.27024	1.6105	0.334196	290.42	69.356
995	0.199	3.27418	1.6105	0.336527	288.598	69.1693
1000	0.2	3.27797	1.6105	0.338848	287.387	69.0165
1005	0.201	3.28164	1.6105	0.341159	286.457	68.8439
1010	0.202	3.28518	1.6105	0.343461	286.049	68.7231
1015	0.203	3.28862	1.6105	0.345754	284.313	68.579
1020	0.204	3.29193	1.6105	0.348037	282.282	68.4629
1025	0.205	3.2951	1.6105	0.350312	280.418	68.3505
1030	0.206	3.29819	1.6105	0.352578	279.061	68.2338
1035	0.207	3.30117	1.6105	0.354835	278.244	68.1353
1040	0.208	3.30402	1.6105	0.357084	277.643	68.0412
1045	0.209	3.30679	1.6105	0.359325	276.148	67.9792
1050	0.21	3.30945	1.6105	0.361558	273.981	67.9165
1055	0.211	3.31203	1.6105	0.363785	272.003	67.8738
1060	0.212	3.31449	1.6105	0.366003	270.404	67.8268
1065	0.213	3.31687	1.6105	0.368215	269.343	67.783
1070	0.214	3.31918	1.6105	0.370419	268.672	67.7436
1075	0.215	3.32136	1.6105	0.372615	266.99	67.7191
1080	0.216	3.3235	1.6105	0.374805	264.793	67.7128
1085	0.217	3.32551	1.6105	0.376987	262.905	67.72
1090	0.218	3.32748	1.6105	0.379163	261.376	67.7394
1095	0.219	3.32933	1.6105	0.381332	260.145	67.7507
1100	0.22	3.33111	1.6105	0.383494	259.255	67.7604
1105	0.221	3.33283	1.6105	0.38565	273.804	67.8005
1110	0.222	3.33447	1.6105	0.387799	270.488	67.8353
1115	0.223	3.33605	1.6105	0.389945	266.986	67.9154
1120	0.224	3.33759	1.6105	0.392087	263.952	67.9972
1125	0.225	3.33908	1.6105	0.394226	261.278	68.1123
1130	0.226	3.34051	1.6105	0.39636	259.208	68.2077
1135	0.227	3.34188	1.6105	0.39849	257.304	68.3512
1140	0.228	3.3432	1.6105	0.400614	255.051	68.4754
1145	0.229	3.34446	1.6105	0.402734	252.052	51.9597
1150	0.23	3.31895	1.6105	0.401554	267.701	36.8519
1155	0.231	3.2938	1.6105	0.400384	282.446	23.0574
1160	0.232	3.2691	1.6105	0.399238	296.277	10.5917
1165	0.233	3.24498	1.6105	0.398131	309.367	0
1170	0.234	3.22153	1.6105	0.397076	320.411	0
1175	0.235	3.19891	1.6105	0.396093	329.891	0
1180	0.236	3.17723	1.6105	0.395198	338.115	0
1185	0.237	3.1566	1.6105	0.394404	345.7	0
1190	0.238	3.13739	1.6105	0.393757	352.182	0
1195	0.239	3.11958	1.6105	0.393258	357.482	0
1200	0.24	3.10321	1.6105	0.392911	360.697	0
1205	0.241	3.08824	1.6105	0.392716	362.846	0
1210	0.242	3.07462	1.6105	0.392666	364.577	0
1215	0.243	3.06232	1.6105	0.392759	365.835	0
1220	0.244	3.05132	1.6105	0.392997	365.53	0
1225	0.245	3.04162	1.6105	0.393377	364.199	0
1230	0.246	3.03313	1.6105	0.393894	362.678	0
1235	0.247	3.02582	1.6105	0.394542	360.827	0
1240	0.248	3.01957	1.6105	0.395311	357.594	0
1245	0.249	3.01432	1.6105	0.396193	353.612	0
1250	0.25	3.00992	1.6105	0.397176	349.809	0
1255	0.251	3.00634	1.6105	0.398249	346.344	0
1260	0.252	3.00345	1.6105	0.399404	342.211	0
1265	0.253	3.00122	1.6105	0.400632	337.509	0
1270	0.254	2.99949	1.6105	0.401923	332.929	0
1275	0.255	2.98386	1.6105	0.401492	338.977	0
1280	0.256	2.96887	1.6105	0.401121	343.142	0
1285	0.257	2.95454	1.6105	0.400812	346.567	0
1290	0.258	2.94089	1.6105	0.40057	349.502	0
1295	0.259	2.92796	1.6105	0.400395	352.452	0
1300	0.26	2.91571	1.6105	0.400289	355.131	0
1305	0.261	2.90418	1.6105	0.400253	356.655	0
1310	0.262	2.89334	1.6105	0.400288	357.37	0
1315	0.263	2.88317	1.6105	0.400392	357.811	0
1320	0.264	2.87359	1.6105	0.400553	358.55	0
1325	0.265	2.86455	1.6105	0.400767	357.999	0
1330	0.266	2.85601	1.6105	0.401031	357.207	0
1335	0.267	2.84798	1.6105	0.401344	356.348	0
1340	0.268	2.8404	1.6105	0.401706	355.852	0
1345	0.269	2.82793	1.6105	0.401451	358.296	0
1350	0.27	2.81612	1.6105	0.40126	359.75	0
1355	0.271	2.80492	1.6105	0.40113	360.769	0
1360	0.272	2.79427	1.6105	0.401052	361.995	0
1365	0.273	2.78415	1.6105	0.401025	363.431	0
1370	0.274	2.77456	1.6105	0.401049	364.009	0
1375	0.275	2.76549	1.6105	0.401124	363.755	0
1380	0.276	2.75693	1.6105	0.40125	363.335	0
1385	0.277	2.74886	1.6105	0.401425	363.191	0
1390	0.278	2.74129	1.6105	0.401651	362.962	0
1395	0.279	2.73031	1.6105	0.401444	365.458	0
1400	0.28	2.71994	1.6105	0.401301	365.203	0
1405	0.281	2.71014	1.6105	0.401212	363.518	0
1410	0.282	2.70087	1.6105	0.401173	360.837	0
1415	0.283	2.69208	1.6105	0.401186	357.881	0
1420	0.284	2.68381	1.6105	0.401248	354.928	0
1425	0.285	2.67603	1.6105	0.401359	352.004	0
1430	0.286	2.66874	1.6105	0.401518	349.413	0
1435	0.287	2.65958	1.6105	0.401437	348.542	0
1440	0.288	2.65093	1.6105	0.401408	347.908	0
1445	0.289	2.64274	1.6105	0.401426	347.282	0
1450	0.29	2.63454	1.6105	0.401428	347.108	0
1455	0.291	2.6264	1.6105	0.401428	346.835	0
1460	0.292	2.61836	1.6105	0.401428	346.597	0
1465	0.293	2.6104	1.6105	0.401428	346.063	0
1470	0.294	2.60253	1.6105	0.401428	345.438	0
1475	0.295	2.59473	1.6105	0.401428	344.659	0
1480	0.296	2.58704	1.6105	0.401428	343.547	0
1485	0.297	2.57942	1.6105	0.401428	342.302	0
1490	0.298	2.57189	1.6105	0.401428	340.661	0
1495	0.299	2.56445	1.6105	0.401428	338.908	0
1500	0.3	2.55709	1.6105	0.401428	336.725	0
1505	0.301	2.54981	1.6105	0.401428	334.367	0
1510	0.302	2.54261	1.6105	0.401428	331.535	0
1515	0.303	2.53549	1.6105	0.401428	328.434	0
1520	0.304	2.52845	1.6105	0.401428	324.822	0
1525	0.305	2.52148	1.6105	0.401428	320.815	0
1530	0.306	2.51459	1.6105	0.401428	316.357	0
1535	0.307	2.50778	1.6105	0.401428	311.279	0
1540	0.308	2.50102	1.6105	0.401428	305.685	0.913412
1545	0.309	2.49436	1.6105	0.401427	299.361	11.0692
1550	0.31	2.48777	1.6105	0.401427	292.455	22.7437
1555	0.311	2.48126	1.6105	0.401427	284.79	36.34
1560	0.312	2.47481	1.6105	0.401427	276.426	52.6002
1565	0.313	2.46844	1.6105	0.401427	267.29	71.376
1570	0.314	2.46214	1.6105	0.401427	257.351	93.554
1575	0.315	2.4559	1.6105	0.401426	246.663	118.78
1580	0.316	2.44972	1.6105	0.401426	235.098	147.985
1585	0.317	2.4436	1.6105	0.401421	222.723	180.594
1590	0.318	2.4374	1.6105	0.401402	209.699	217.015
1595	0.319	2.43109	1.6105	0.401357	196.008	256.713
1600	0.32	2.42454	1.6105	0.401277	181.902	299.289
1605	0.321	2.41766	1.6105	0.401146	167.376	344.35
1610	0.322	2.41033	1.6105	0.400949	152.842	391.135
1615	0.323	2.40238	1.6105	0.400669	138.574	438.614
1620	0.324	2.39371	1.6105	0.400288	125.224	486.093
1625	0.325	2.38417	1.6105	0.399788	112.764	532.546
1630	0.326	2.37365	1.6105	0.399155	101.629	577.392
1635	0.327	2.36201	1.6105	0.398371	91.6274	619.04
1640	0.328	2.34904	1.6105	0.397408	82.9473	656.102
1645	0.329	2.33466	1.6105	0.396253	75.8123	700.318
1650	0.33	2.31878	1.6105	0.394898	69.9826	728.868
1655	0.331	2.30136	1.6105	0.39333	65.6828	754.863
1660	0.332	2.28229	1.6105	0.391542	62.6453	777.069
1665	0.333	2.26134	1.6105	0.3895	61.2178	797.199
1670	0.334	2.23855	1.6105	0.387205	61.0594	814.062
1675	0.335	2.21393	1.6105	0.384662	62.3161	828.933
1680	0.336	2.18756	1.6105	0.381875	64.6286	841.312
1685	0.337	2.15947	1.6105	0.378848	68.1753	851.558
1690	0.338	2.12962	1.6105	0.37558	72.6325	859.972
1695	0.339	2.098	1.6105	0.372061	78.0415	866.084
1700	0.34	2.06464	1.6105	0.368297	84.4011	876.921
1705	0.341	2.0296	1.6105	0.364295	91.6164	878.996
1710	0.342	1.99292	1.6105	0.360061	99.813	879.949
1715	0.343	1.9547	1.6105	0.355604	108.656	878.733
1720	0.344	1.91487	1.6105	0.350917	118.35	876.627
1725	0.345	1.87359	1.6105	0.346017	128.493	872.72
1730	0.346	1.831	1.6105	0.340924	139.192	868.068
1735	0.347	1.78728	1.6105	0.335655	150.045	862.29
1740	0.348	1.74254	1.6105	0.330229	161.212	855.77
1745	0.349	1.69695	1.6105	0.32466	172.335	848.653
1750	0.35	1.65041	1.64205	0.318945	183.493	840.599
1755	0.351	1.60311	1.69154	0.313097	194.797	837.275
1760	0.352	1.5698	1.74143	0.30713	205.982	827.702
1765	0.353	1.5698	1.79157	0.301056	217.224	818.204
1770	0.354	1.5698	1.84192	0.29489	228.221	807.906
1775	0.355	1.5698	1.89213	0.288637	239.024	797.969
1780	0.356	1.5698	1.94222	0.282335	249.559	787.449
1785	0.357	1.5698	1.99208	0.275982	260.171	777.042
1790	0.358	1.5698	2.04158	0.269591	270.508	766.284
1795	0.359	1.5698	2.09064	0.263175	280.785	755.433
1800	0.36	1.5698	2.13937	0.256746	290.611	744.559
1805	0.361	1.5698	2.18766	0.250289	300.091	733.294
1810	0.362	1.5698	2.23541	0.243819	309.364	727.015
1815	0.363	1.5698	2.28254	0.237346	318.119	715.276
1820	0.364	1.5698	2.329	0.230881	326.566	704.058
1825	0.365	1.5698	2.37474	0.22443	334.422	692.492
1830	0.366	1.5698	2.41976	0.217998	341.496	681.511
1835	0.367	1.5698	2.46402	0.211588	348.348	670.249
1840	0.368	1.5698	2.50751	0.205205	355.387	659.326
1845	0.369	1.5698	2.55023	0.19885	362.243	648.224
1850	0.37	1.5698	2.59215	0.192526	369.16	637.135
1855	0.371	1.5698	2.63328	0.186236	375.659	626.215
1860	0.372	1.5698	2.67359	0.17998	381.71	615.046
1865	0.373	1.5698	2.71308	0.173762	387.48	609.364
1870	0.374	1.5698	2.75175	0.167583	392.667	597.806
1875	0.375	1.5698	2.78963	0.161443	397.521	586.81
1880	0.376	1.5698	2.82667	0.155344	401.143	575.495
1885	0.377	1.5698	2.86293	0.149289	406.124	564.821
1890	0.378	1.5698	2.89837	0.143274	409.072	553.737
1895	0.379	1.5698	2.933	0.137304	410.527	542.94
1900	0.38	1.5698	2.96684	0.131377	410.565	531.951
1905	0.381	1.5698	2.98115	0.125496	409.975	533.985
1910	0.382	1.5698	2.98029	0.121879	396.924	545.803
1915	0.383	1.5698	2.97421	0.120046	375.303	559.668
1920	0.384	1.5698	2.96841	0.118841	352.361	578.052
1925	0.385	1.5698	2.96322	0.117608	331.242	588.162
1930	0.386	1.5698	2.95888	0.116312	312.871	597.084
1935	0.387	1.5698	2.9556	0.114922	296.964	603.753
1940	0.388	1.5698	2.95354	0.113414	283.679	609.128
1945	0.389	1.5698	2.95286	0.111763	272.497	612.215
1950	0.39	1.5698	2.95361	0.109953	263.537	613.884
1955	0.391	1.5698	2.95591	0.10797	256.207	613.721
1960	0.392	1.5698	2.9598	0.105804	250.692	612.001
1965	0.393	1.5698	2.96555	0.103448	246.042	608.866
1970	0.394	1.5698	2.97313	0.100861	243.234	603.89
1975	0.395	1.5698	2.98249	0.0980489	242.34	604.181
1980	0.396	1.5698	2.99356	0.0950141	242.816	595.631
1985	0.397	1.5698	3.00626	0.091762	244.678	586.287
1990	0.398	1.5698	3.02045	0.088301	247.378	575.321
1995	0.399	1.5698	3.03605	0.0846437	251	563.875
2000	0.4	1.5698	3.05295	0.0807964	255.075	551.097
2005	0.401	1.5698	3.071	0.0767736	259.289	537.914
2010	0.402	1.5698	3.07787	0.0725889	264.122	532.878
2015	0.403	1.5698	3.07906	0.0697249	262.183	531.768
2020	0.404	1.5698	3.08033	0.0675401	257.015	530.349
2025	0.405	1.5698	3.08316	0.065345	252.444	527.039
2030	0.406	1.5698	3.08755	0.0629601	249.494	529.68
2035	0.407	1.5698	3.09349	0.060383	247.693	522.883
2040	0.408	1.5698	3.10094	0.0576119	247.154	515.347
2045	0.409	1.5698	3.10982	0.0546498	247.438	506.25
2050	0.41	1.5698	3.1201	0.051504	248.396	496.765
2055	0.411	1.5698	3.13169	0.0481761	250.408	485.915
2060	0.412	1.5698	3.1398	0.044676	253.651	477.94
2065	0.413	1.5698	3.14582	0.0415836	254.598	471.201
2070	0.414	1.5698	3.15156	0.0387327	254.533	464.503
2075	0.415	1.5698	3.1582	0.0359099	254.126	457.191
2080	0.416	1.5698	3.16574	0.0329687	254.223	448.832
2085	0.417	1.5698	3.17373	0.029909	255.107	440.705
2090	0.418	1.5698	3.18177	0.0267826	256.227	432.014
2095	0.419	1.5698	3.18963	0.0236413	257.606	423.66
2100	0.42	1.5698	3.19731	0.0205102	258.801	415.431
2105	0.421	1.5698	3.20495	0.0173887	260.105	407.115
2110	0.422	1.5698	3.21261	0.0142626	261.263	406.037
2115	0.423	1.5698	3.22032	0.0111246	262.62	396.83
2120	0.424	1.5698	3.22808	0.00796825	263.817	388.001
2125	0.425	1.5698	3.23586	0.00479481	265.2	379.106
2130	0.426	1.5698	3.24377	0.0016081	266.352	369.902
2135	0.427	1.5698	3.25162	-0.00160644	266.964	367.84
2140	0.428	1.5698	3.25939	-0.00482611	268.067	358.089
2145	0.429	1.5698	3.26705	-0.0080438	269.391	348.929
2150	0.43	1.5698	3.27463	-0.0112599	271.126	339.488
2155	0.431	1.5698	3.28221	-0.0144799	272.853	329.927
2160	0.432	1.5698	3.2898	-0.0177082	274.799	320.936
2165	0.433	1.5698	3.29732	-0.0209477	276.54	311.736
2170	0.434	1.5698	3.3048	-0.0241931	278.308	302.378
2175	0.435	1.5698	3.3122	-0.0274417	279.736	293.489
2180	0.436	1.5698	3.31954	-0.030693	280.684	284.292
2185	0.437	1.5698	3.32694	-0.0339462	281.781	274.99
2190	0.438	1.5698	3.33423	-0.0372194	283.283	266.281
2195	0.439	1.5698	3.34136	-0.0404907	285.333	256.817
2200	0.44	1.5698	3.34833	-0.0437511	287.519	247.534
2205	0.441	1.5698	3.35516	-0.0470011	290.001	238.644
2210	0.442	1.5698	3.36191	-0.0502457	292.367	235.737
2215	0.443	1.5698	3.36857	-0.0534895	294.844	226.084
2220	0.444	1.5698	3.37516	-0.0567364	296.999	216.535
2225	0.445	1.5698	3.38162	-0.0599798	299.122	207.537
2230	0.446	1.5698	3.38792	-0.0632169	300.783	198.652
2235	0.447	1.5698	3.3941	-0.0664472	302.323	189.222
2240	0.448	1.5698	3.40031	-0.0696703	303.398	179.93
2245	0.449	1.5698	3.40634	-0.0729043	304.201	171.233
2250	0.45	1.5698	3.41212	-0.0761274	304.586	162.006
2255	0.451	1.5698	3.4177	-0.0793305	305.164	152.972
2260	0.452	1.5698	3.4231	-0.0825144	306.191	144.256
2265	0.453	1.5698	3.42836	-0.0856841	307.238	135.693
2270	0.454	1.5698	3.43347	-0.0888434	308.386	126.571
2275	0.455	1.5698	3.43856	-0.0919935	309.271	117.494
2280	0.456	1.5698	3.44348	-0.0951512	310.395	108.911
2285	0.457	1.5698	3.44816	-0.0982936	311.342	105.13
2290	0.458	1.5698	3.45258	-0.101412	312.448	95.9258
2295	0.459	1.5698	3.45677	-0.104504	313.299	86.8243
2300	0.46	1.5698	3.46076	-0.107574	313.948	78.1468
2305	0.461	1.5698	3.4646	-0.110628	314.648	69.8072
2310	0.462	1.5698	3.46827	-0.113667	315.116	61.0896
2315	0.463	1.5698	3.47179	-0.116692	315.587	52.1235
2320	0.464	1.5698	3.47507	-0.119699	315.755	43.5316
2325	0.465	1.5698	3.47834	-0.122687	315.874	35.2682
2330	0.466	1.5698	3.48134	-0.125674	315.076	31.0857
2335	0.467	1.5698	3.48403	-0.128634	314.785	22.4018
2340	0.468	1.5698	3.48645	-0.13156	314.696	13.8133
2345	0.469	1.5698	3.48864	-0.134454	315.101	5.5599
2350	0.47	1.5698	3.49062	-0.137321	315.473	0
2355	0.471	1.5698	3.49242	-0.140166	315.599	0
2360	0.472	1.5698	3.49404	-0.14299	315.777	0
2365	0.473	1.5698	3.4956	-0.145795	315.806	0
2370	0.474	1.5698	3.49694	-0.148595	316.09	0
2375	0.475	1.5698	3.49797	-0.151367	316.218	0
2380	0.476	1.5698	3.49887	-0.154103	316.417	0
2385	0.477	1.5698	3.49952	-0.156822	316.434	0
2390	0.478	1.5698	3.49989	-0.159511	316.493	0
2395	0.479	1.5698	3.50001	-0.162164	316.175	0
2400	0.48	1.5698	3.49994	-0.164787	315.853	0
2405	0.481	1.5698	3.49971	-0.167385	315.157	0
2410	0.482	1.5698	3.49933	-0.169961	314.183	0
2415	0.483	1.5698	3.49875	-0.172516	312.743	0
2420	0.484	1.5698	3.49803	-0.175048	311.655	0
2425	0.485	1.5698	3.49724	-0.177557	311.183	0
2430	0.486	1.5698	3.49627	-0.180059	310.9	0
2435	0.487	1.5698	3.49503	-0.182533	310.812	0
2440	0.488	1.5698	3.49353	-0.184971	310.33	0
2445	0.489	1.5698	3.49185	-0.187375	309.902	0
2450	0.49	1.5698	3.49005	-0.189752	309.29	0
2455	0.491	1.5698	3.48808	-0.192108	308.921	0
2460	0.492	1.5698	3.48597	-0.194442	308.382	0
2465	0.493	1.5698	3.48371	-0.196753	307.719	0
2470	0.494	1.5698	3.48128	-0.199039	307.151	0
2475	0.495	1.5698	3.47871	-0.201301	306.356	0
2480	0.496	1.5698	3.47597	-0.203539	305.652	0
2485	0.497	1.5698	3.47307	-0.205753	304.76	0
2490	0.498	1.5698	3.47006	-0.207942	304.015	0
2495	0.499	1.5698	3.46687	-0.210107	303.132	0
2500	0.5	1.5698	3.46354	-0.212248	301.854	0
2505	0.501	1.5698	3.46006	-0.214364	301.131	0
2510	0.502	1.5698	3.45641	-0.216453	301.321	0
2515	0.503	1.5698	3.45262	-0.218515	301.891	0
2520	0.504	1.5698	3.44863	-0.22055	302.633	0
2525	0.505	1.5698	3.4445	-0.222557	303.621	0
2530	0.506	1.5698	3.4402	-0.224535	304.74	0
2535	0.507	1.5698	3.43571	-0.226482	306.313	0
2540	0.508	1.5698	3.43102	-0.228399	308.098	0
2545	0.509	1.5698	3.42618	-0.230285	310.371	0
2550	0.51	1.5698	3.42115	-0.232138	312.824	0
2555	0.511	1.5698	3.41597	-0.233961	315.699	0
2560	0.512	1.5698	3.41058	-0.235751	318.652	0
2565	0.513	1.5698	3.40505	-0.237509	321.937	0
2570	0.514	1.5698	3.39934	-0.239235	325.228	0
2575	0.515	1.5698	3.39344	-0.240928	328.561	0
2580	0.516	1.5698	3.38734	-0.242587	332.168	0
2585	0.517	1.5698	3.38107	-0.244212	335.85	0
2590	0.518	1.5698	3.37462	-0.245801	339.861	0
2595	0.519	1.5698	3.36797	-0.247355	342.24	0
2600	0.52	1.5698	3.36112	-0.248871	346.579	0
2605	0.521	1.5698	3.35406	-0.250349	353.006	0
2610	0.522	1.5698	3.34677	-0.251787	361.314	0
2615	0.523	1.5698	3.33922	-0.253182	370.712	0
2620	0.524	1.5698	3.3314	-0.25453	381.486	0
2625	0.525	1.5698	3.32327	-0.255828	393.599	0
2630	0.526	1.5698	3.31481	-0.257071	407.006	0
2635	0.527	1.5698	3.306	-0.258255	421.523	0
2640	0.528	1.5698	3.29678	-0.259374	439.312	0
2645	0.529	1.5698	3.28713	-0.260425	454.552	0
2650	0.53	1.5698	3.27703	-0.2614	467.522	0
2655	0.531	1.5698	3.25736	-0.262295	478.653	0
2660	0.532	1.5698	3.23733	-0.261835	483.197	0
2665	0.533	1.5698	3.21702	-0.261298	487.856	0
2670	0.534	1.5698	3.1964	-0.260688	493.333	0
2675	0.535	1.5698	3.17553	-0.260007	499.68	0
2680	0.536	1.5698	3.15435	-0.259255	507.238	0
2685	0.537	1.5698	3.1329	-0.258432	515.932	0
2690	0.538	1.5698	3.11116	-0.257539	525.492	0
2695	0.539	1.5698	3.08911	-0.256572	536.022	0
2700	0.54	1.5698	3.06677	-0.255533	547.724	0
2705	0.541	1.5698	3.04404	-0.254421	558.298	0
2710	0.542	1.5698	3.0209	-0.253218	565.993	0
2715	0.543	1.5698	2.99742	-0.251926	573.014	0
2720	0.544	1.5698	2.97358	-0.250554	580.195	0
2725	0.545	1.5698	2.94943	-0.2491	586.64	0
2730	0.546	1.5698	2.92496	-0.247567	593.249	0
2735	0.547	1.5698	2.90015	-0.245952	599.543	0
2740	0.548	1.5698	2.87498	-0.244256	606.148	0
2745	0.549	1.5698	2.84949	-0.242479	612.707	0
2750	0.55	1.5698	2.82368	-0.24062	618.026	0
2755	0.551	1.5698	2.79752	-0.23868	622.653	0
2760	0.552	1.5698	2.77082	-0.236656	626.652	0
2765	0.553	1.5698	2.74358	-0.234521	645.098	0
2770	0.554	1.5698	2.71581	-0.232277	647.302	0
2775	0.555	1.5698	2.68756	-0.229923	649.927	0
2780	0.556	1.5698	2.65876	-0.227461	651.932	0
2785	0.557	1.5698	2.62946	-0.22489	654.326	0
2790	0.558	1.5698	2.59964	-0.222209	655.374	0
2795	0.559	1.5698	2.56927	-0.219418	656.001	0
2800	0.56	1.5698	2.53844	-0.216519	655.797	0
2805	0.561	1.5698	2.50709	-0.213511	655.384	0
2810	0.562	1.5698	2.47529	-0.210396	654.8	0
2815	0.563	1.5698	2.44285	-0.207176	653.845	0
2820	0.564	1.5698	2.40982	-0.203831	663.97	0
2825	0.565	1.5698	2.37623	-0.200366	661.319	0
2830	0.566	1.5698	2.34213	-0.196784	658.39	0
2835	0.567	1.5698	2.30752	-0.19309	654.515	0
2840	0.568	1.5698	2.27247	-0.189288	650.782	0
2845	0.569	1.5698	2.23701	-0.185384	646.734	0
2850	0.57	1.5698	2.20118	-0.181384	643.122	0
2855	0.571	1.5698	2.16504	-0.177293	639.318	0
2860	0.572	1.5698	2.12861	-0.173118	635.981	0
2865	0.573	1.5698	2.09198	-0.168865	631.805	0
2870	0.574	1.5698	2.055	-0.164541	626.852	0
2875	0.575	1.5698	2.01776	-0.160129	633.25	0
2880	0.576	1.5698	1.98028	-0.155642	626.835	4.30416
2885	0.577	1.5698	1.94267	-0.151083	621.053	12.4544
2890	0.578	1.5698	1.905	-0.146465	614.967	20.36
2895	0.579	1.5698	1.86735	-0.141799	609.491	27.9553
2900	0.58	1.5698	1.82982	-0.137095	604.623	35.2157
2905	0.581	1.5698	1.79244	-0.132364	599.47	42.074
2910	0.582	1.5698	1.75533	-0.127617	593.77	48.535
2915	0.583	1.5698	1.7185	-0.122863	588.244	54.544
2920	0.584	1.5698	1.68207	-0.118111	583.162	60.1101
2925	0.585	1.58575	1.64589	-0.113371	578.184	65.3484
2930	0.586	1.63259	1.6105	-0.108625	585.466	70.2229
2935	0.587	1.67884	1.6105	-0.103885	579.91	74.7531
2940	0.588	1.72446	1.6105	-0.0991561	575.24	78.8666
2945	0.589	1.76932	1.6105	-0.0944474	571.083	82.6133
2950	0.59	1.81343	1.6105	-0.0897622	566.566	85.9977
2955	0.591	1.85679	1.6105	-0.0851012	561.474	89.0656
2960	0.592	1.8994	1.6105	-0.0804649	556.774	91.8199
2965	0.593	1.94127	1.6105	-0.0758536	552.056	94.2204
2970	0.594	1.98227	1.6105	-0.0712793	547.874	96.3697
2975	0.595	2.02256	1.6105	-0.066729	544.209	98.3242
2980	0.596	2.06217	1.6105	-0.0621989	540.663	100.035
2985	0.597	2.10104	1.6105	-0.0576979	550.343	101.551
2990	0.598	2.13924	1.6105	-0.0532183	546.444	102.944
2995	0.599	2.17681	1.6105	-0.0487577	543.793	104.192
3000	0.6	2.21375	1.6105	-0.0443157	539.652	105.346
3005	0.601	2.25009	1.6105	-0.0398912	535.305	106.387
3010	0.602	2.28584	1.6105	-0.0354834	530.494	107.359
3015	0.603	2.32102	1.6105	-0.0310919	526.14	108.229
3020	0.604	2.35562	1.6105	-0.0267164	521.77	109.048
3025	0.605	2.38967	1.6105	-0.0223564	517.836	109.777
3030	0.606	2.42316	1.6105	-0.0180116	514.379	110.469
3035	0.607	2.45611	1.6105	-0.0136814	510.992	111.105
3040	0.608	2.48856	1.6105	-0.00936539	521.974	111.674
3045	0.609	2.52047	1.6105	-0.00506281	519.349	112.248
3050	0.61	2.55192	1.6105	-0.000770011	516.052	112.806
3055	0.611	2.58292	1.6105	0.00351351	511.291	113.376
3060	0.612	2.61347	1.6105	0.00778837	506.363	113.918
3065	0.613	2.64356	1.6105	0.0120547	501.039	114.477
3070	0.614	2.67322	1.6105	0.0163127	496.195	115.017
3075	0.615	2.70245	1.6105	0.0205624	491.41	115.569
3080	0.616	2.73126	1.6105	0.0248038	487.072	116.092
3085	0.617	2.75964	1.6105	0.0290369	483.255	116.634
3090	0.618	2.78761	1.6105	0.0332619	479.575	117.149
3095	0.619	2.81517	1.6105	0.037479	491.359	117.649
3100	0.62	2.84231	1.6105	0.0416882	486.944	118.195
3105	0.621	2.86911	1.6105	0.045893	484.109	118.741
3110	0.622	2.89553	1.6105	0.0500931	479.48	119.319
3115	0.623	2.9216	1.6105	0.0542888	474.355	119.891
3120	0.624	2.9473	1.6105	0.0584799	468.641	120.491
3125	0.625	2.97265	1.6105	0.0626662	463.286	121.088
3130	0.626	2.99765	1.6105	0.0668471	457.96	121.698
3135	0.627	3.0223	1.6105	0.0710222	453.123	122.283
3140	0.628	3.04658	1.6105	0.0751911	448.895	122.88
3145	0.629	3.07051	1.6105	0.0793535	444.744	123.468
3150	0.63	3.09409	1.6105	0.0835091	457.216	124.037
3155	0.631	3.11731	1.6105	0.0876577	452.099	124.63
3160	0.632	3.14021	1.6105	0.0918024	447.771	125.22
3165	0.633	3.16279	1.6105	0.0959425	443.205	125.84
3170	0.634	3.18506	1.6105	0.100078	440.461	126.433
3175	0.635	3.20699	1.6105	0.104208	436.157	127.051
3180	0.636	3.22861	1.6105	0.108332	431.372	127.633
3185	0.637	3.24991	1.6105	0.11245	425.961	128.24
3190	0.638	3.27089	1.6105	0.116563	420.49	128.815
3195	0.639	3.29153	1.6105	0.120668	415.248	129.402
3200	0.64	3.31185	1.6105	0.124765	410.009	129.96
3205	0.641	3.33185	1.6105	0.128854	422.931	130.48
3210	0.642	3.3515	1.6105	0.132933	416.771	131.033
3215	0.643	3.37088	1.6105	0.137007	411.496	131.555
3220	0.644	3.38993	1.6105	0.141073	406.131	132.087
3225	0.645	3.40867	1.6105	0.145132	401.44	132.579
3230	0.646	3.42709	1.6105	0.149182	396.845	133.081
3235	0.647	3.4452	1.6105	0.153222	392.893	133.533
3240	0.648	3.46298	1.6105	0.157253	388.989	133.996
3245	0.649	3.48046	1.6105	0.161273	385.409	134.405
3250	0.65	3.49761	1.6105	0.165282	382.173	134.81
3255	0.651	3.51444	1.6105	0.16928	378.951	135.164
3260	0.652	3.53095	1.6105	0.173266	391.981	135.477
3265	0.653	3.54712	1.6105	0.177239	387.328	135.82
3270	0.654	3.56303	1.6105	0.181204	382.033	136.128
3275	0.655	3.57862	1.6105	0.185158	375.71	136.452
3280	0.656	3.59393	1.6105	0.189102	369.538	136.725
3285	0.657	3.60892	1.6105	0.193033	363.682	136.999
3290	0.658	3.6236	1.6105	0.196952	358.159	137.226
3295	0.659	3.63797	1.6105	0.200856	353.17	137.449
3300	0.66	3.65202	1.6105	0.204746	348.29	137.621
3305	0.661	3.66575	1.6105	0.20862	361.863	137.771
3310	0.662	3.67914	1.6105	0.212477	356.146	137.891
3315	0.663	3.69225	1.6105	0.216321	351.295	137.966
3320	0.664	3.70504	1.6105	0.220151	346.381	138.04
3325	0.665	3.71754	1.6105	0.223965	342.125	138.07
3330	0.666	3.72973	1.6105	0.227763	337.967	138.078
3335	0.667	3.74161	1.6105	0.231544	334.253	138.04
3340	0.668	3.75317	1.6105	0.235308	330.803	138.007
3345	0.669	3.76442	1.6105	0.239053	327.478	137.928
3350	0.67	3.77536	1.6105	0.24278	324.384	137.843
3355	0.671	3.78599	1.6105	0.246488	321.078	137.697
3360	0.672	3.79629	1.6105	0.250177	334.626	137.551
3365	0.673	3.80628	1.6105	0.253845	329.981	137.366
3370	0.674	3.81599	1.6105	0.257497	325.913	137.146
3375	0.675	3.82539	1.6105	0.26113	321.543	136.938
3380	0.676	3.83453	1.6105	0.264746	317.574	136.685
3385	0.677	3.84336	1.6105	0.268341	313.555	136.434
3390	0.678	3.85191	1.6105	0.271918	309.725	136.124
3395	0.679	3.86015	1.6105	0.275473	306.129	135.82
3400	0.68	3.8681	1.6105	0.279008	302.703	135.456
3405	0.681	3.87575	1.6105	0.282521	299.674	135.078
3410	0.682	3.88308	1.6105	0.286011	296.476	134.664
3415	0.683	3.89014	1.6105	0.28948	309.909	134.237
3420	0.684	3.89687	1.6105	0.292925	305.319	133.892
3425	0.685	3.90352	1.6105	0.296369	301.14	133.601
3430	0.686	3.91004	1.6105	0.299809	296.547	133.381
3435	0.687	3.9164	1.6105	0.303242	292.247	133.176
3440	0.688	3.9226	1.6105	0.306667	287.784	133.018
3445	0.689	3.92862	1.6105	0.310081	283.442	132.851
3450	0.69	3.93445	1.6105	0.313485	279.246	132.715
3455	0.691	3.94009	1.6105	0.316876	275.179	132.549
3460	0.692	3.94553	1.6105	0.320253	288.102	132.415
3465	0.693	3.95078	1.6105	0.323617	282.888	132.263
3470	0.694	3.95586	1.6105	0.326969	278.262	132.142
3475	0.695	3.96076	1.6105	0.33031	273.487	131.993
3480	0.696	3.96548	1.6105	0.333639	269.114	131.827
3485	0.697	3.97001	1.6105	0.336956	264.623	131.709
3490	0.698	3.97439	1.6105	0.340261	260.188	131.57
3495	0.699	3.97859	1.6105	0.343554	272.614	131.468
3500	0.7	3.98262	1.6105	0.346835	266.843	131.382
3505	0.701	3.98654	1.6105	0.350108	261.799	131.339
3510	0.702	3.99031	1.6105	0.353373	257.213	131.289
3515	0.703	3.99395	1.6105	0.356631	252.169	131.296
3520	0.704	3.99749	1.6105	0.359882	247.861	131.286
3525	0.705	4.0009	1.6105	0.363126	243.767	131.337
3530	0.706	4.00421	1.6105	0.366364	239.404	131.381
3535	0.707	4.00742	1.6105	0.369596	235.434	131.412
3540	0.708	4.01051	1.6105	0.372823	231.612	131.498
3545	0.709	4.01354	1.6105	0.376045	227.475	131.573
3550	0.71	4.01644	1.6105	0.379263	223.998	131.723
3555	0.711	4.01929	1.6105	0.382477	219.584	131.872
3560	0.712	4.02204	1.6105	0.385688	215.399	132.231
3565	0.713	4.02496	1.6105	0.388925	211.648	132.728
3570	0.714	4.02804	1.6105	0.392187	208.26	133.363
3575	0.715	4.03122	1.6105	0.395471	203.998	134.087
3580	0.716	4.03451	1.6105	0.398773	199.455	134.925
3585	0.717	4.03788	1.6105	0.402091	195.464	116.37
3590	0.718	4.01008	1.6105	0.401579	213.448	99.4166
3595	0.719	3.98271	1.6105	0.401082	229.149	84.3898
3600	0.72	3.95645	1.6105	0.400685	242.747	71.1039
3605	0.721	3.93132	1.6105	0.40039	255.281	59.5899
3610	0.722	3.90746	1.6105	0.400221	266.442	49.7797
3615	0.723	3.88504	1.6105	0.400197	275.242	41.7124
3620	0.724	3.86422	1.6105	0.400339	281.95	35.243
3625	0.725	3.84507	1.6105	0.400659	287.073	30.3994
3630	0.726	3.82767	1.6105	0.401169	291.061	26.9945
3635	0.727	3.81206	1.6105	0.401876	293.727	18.4471
3640	0.728	3.78767	1.6105	0.401475	302.797	11.649
3645	0.729	3.76517	1.6105	0.401275	310.078	6.49855
3650	0.73	3.74459	1.6105	0.401283	315.038	2.97324
3655	0.731	3.72595	1.6105	0.401502	317.285	0
3660	0.732	3.70528	1.6105	0.401444	320.845	0
3665	0.733	3.68519	1.6105	0.401432	323.829	0
3670	0.734	3.66546	1.6105	0.401433	326.847	0
3675	0.735	3.64592	1.6105	0.401434	329.907	0
3680	0.736	3.6266	1.6105	0.401434	332.61	0
3685	0.737	3.60749	1.6105	0.401434	334.997	0
3690	0.738	3.58859	1.6105	0.401433	336.67	0
3695	0.739	3.5699	1.6105	0.401433	337.865	0
3700	0.74	3.55142	1.6105	0.401433	338.236	0
3705	0.741	3.53314	1.6105	0.401433	338.079	0
3710	0.742	3.51507	1.6105	0.401433	337.098	0
3715	0.743	3.49719	1.6105	0.401433	335.578	0
3720	0.744	3.47951	1.6105	0.401433	333.289	4.04265
3725	0.745	3.46203	1.6105	0.401432	330.43	11.8782
3730	0.746	3.44474	1.6105	0.401432	326.957	20.7651
3735	0.747	3.42764	1.6105	0.401432	322.718	31.4258
3740	0.748	3.41073	1.6105	0.401431	317.837	43.4087
3745	0.749	3.39399	1.6105	0.401431	312.107	57.5809
3750	0.75	3.37745	1.6105	0.401431	305.666	73.6189
3755	0.751	3.36109	1.6105	0.40143	298.401	87.9988
3760	0.752	3.34492	1.6105	0.40143	290.31	111.309
3765	0.753	3.32892	1.6105	0.401429	281.119	145.629
3770	0.754	3.3131	1.6105	0.401429	270.707	191.172
3775	0.755	3.29746	1.6105	0.401428	259.071	245.154
3780	0.756	3.28196	1.6105	0.401428	246.097	303.895
3785	0.757	3.26666	1.6105	0.401427	231.884	364.76
3790	0.758	3.25153	1.6105	0.401426	216.633	425.062
3795	0.759	3.23635	1.6105	0.401401	200.509	483.593
3800	0.76	3.22094	1.6105	0.401326	183.954	536.898
3805	0.761	3.20493	1.6105	0.401153	167.52	585.891
3810	0.762	3.1881	1.6105	0.40086	152.016	630.266
3815	0.763	3.17033	1.6105	0.400427	137.569	670.195
3820	0.764	3.15145	1.6105	0.399835	124.652	706.807
3825	0.765	3.13138	1.6105	0.399069	113.106	739.289
3830	0.766	3.10997	1.6105	0.398112	103.273	777.813
3835	0.767	3.08716	1.6105	0.396954	94.8551	803.264
3840	0.768	3.06282	1.6105	0.395581	87.9396	826.815
3845	0.769	3.03693	1.6105	0.393983	82.6746	846.74
3850	0.77	3.00931	1.6105	0.392141	78.8831	864.78
3855	0.771	2.97995	1.6105	0.39005	76.6979	879.648
3860	0.772	2.94871	1.6105	0.387693	75.9301	892.613
3865	0.773	2.91564	1.6105	0.385072	76.5548	903.332
3870	0.774	2.88075	1.6105	0.382191	78.5426	911.841
3875	0.775	2.84409	1.6105	0.379055	81.9941	918.566
3880	0.776	2.80574	1.6105	0.375667	86.5279	922.921
3885	0.777	2.76569	1.6105	0.372032	92.2404	930.099
3890	0.778	2.72405	1.6105	0.368156	98.7553	930.555
3895	0.779	2.68079	1.6105	0.364043	106.011	930.108
3900	0.78	2.63602	1.6105	0.359701	114.095	927.655
3905	0.781	2.58977	1.6105	0.355132	122.757	924.418
3910	0.782	2.54209	1.6105	0.350345	132.109	919.489
3915	0.783	2.49296	1.6105	0.345334	141.939	913.858
3920	0.784	2.44256	1.6105	0.340127	152.311	907.197
3925	0.785	2.39097	1.6105	0.334729	162.929	899.635
3930	0.786	2.33832	1.6105	0.329155	173.869	891.546
3935	0.787	2.28469	1.6105	0.323419	185.021	882.468
3940	0.788	2.23021	1.6105	0.317534	196.571	875.962
3945	0.789	2.17501	1.6105	0.311513	208.158	865.326
3950	0.79	2.11916	1.6105	0.305369	219.722	854.671
3955	0.791	2.06274	1.6105	0.299116	231.382	843.11
3960	0.792	2.00593	1.6105	0.292765	242.842	831.643
3965	0.793	1.94878	1.6105	0.28633	254.256	819.425
3970	0.794	1.89125	1.6105	0.279803	265.425	807.255
3975	0.795	1.83345	1.6105	0.273201	276.548	794.847
3980	0.796	1.7755	1.6105	0.266535	287.298	782.261
3985	0.797	1.7175	1.63602	0.259818	297.908	769.798
3990	0.798	1.65955	1.69255	0.253063	307.893	757.058
3995	0.799	1.60175	1.74857	0.246281	318.014	747.395
4000	0.8	1.5698	1.804	0.239483	327.909	734.31
4005	0.801	1.5698	1.85881	0.232676	337.538	721.671
4010	0.802	1.5698	1.91298	0.225866	347.07	708.518
4015	0.803	1.5698	1.96649	0.219058	356.178	695.78
4020	0.804	1.5698	1.97401	0.212252	365.074	712.153
4025	0.805	1.5698	1.95968	0.210697	344.821	741.596
4030	0.806	1.5698	1.94617	0.211686	312.867	768.214
4035	0.807	1.5698	1.93391	0.212597	283.965	791.922
4040	0.808	1.5698	1.92336	0.213378	258.381	812.914
4045	0.809	1.5698	1.9149	0.213974	235.44	830.621
4050	0.81	1.5698	1.90885	0.214338	216.256	848.947
4055	0.811	1.5698	1.90544	0.214432	200.281	860.269
4060	0.812	1.5698	1.90488	0.214225	187.255	869.166
4065	0.813	1.5698	1.90729	0.213691	177.126	874.617
4070	0.814	1.5698	1.91277	0.212812	169.339	877.774
4075	0.815	1.5698	1.9216	0.211573	163.942	877.72
4080	0.816	1.5698	1.93373	0.209938	160.623	875.432
4085	0.817	1.5698	1.94909	0.207909	159.477	870.73
4090	0.818	1.5698	1.96759	0.205489	160.035	863.735
4095	0.819	1.5698	1.9891	0.202686	162.466	855
4100	0.82	1.5698	2.01345	0.19951	166.291	844.039
4105	0.821	1.5698	2.04051	0.195975	171.464	836.101
4110	0.822	1.5698	2.07007	0.192096	178.079	821.614
4115	0.823	1.5698	2.10197	0.187889	185.997	806.355
4120	0.824	1.5698	2.13595	0.183375	195.219	789.211
4125	0.825	1.5698	2.17185	0.178574	205.229	771.507
4130	0.826	1.5698	2.2097	0.173504	216.093	752.228
4135	0.827	1.5698	2.22623	0.16816	227.502	747.92
4140	0.828	1.5698	2.23135	0.16526	225.009	751.005
4145	0.829	1.5698	2.23574	0.163684	215.54	753.823
4150	0.83	1.5698	2.24231	0.162188	206.625	754.883
4155	0.831	1.5698	2.25114	0.16043	199.747	753.467
4160	0.832	1.5698	2.26228	0.158397	194.747	756.109
4165	0.833	1.5698	2.27575	0.156082	191.802	750.445
4170	0.834	1.5698	2.29152	0.153478	190.869	743.719
4175	0.835	1.5698	2.30953	0.150587	191.983	734.564
4180	0.836	1.5698	2.32974	0.147412	194.623	724.368
4185	0.837	1.5698	2.35229	0.143955	198.828	711.955
4190	0.838	1.5698	2.37705	0.140194	204.248	698.492
4195	0.839	1.5698	2.39759	0.136144	210.951	688.031
4200	0.84	1.5698	2.41406	0.132559	214.482	680.291
4205	0.841	1.5698	2.42863	0.129431	215.447	674.116
4210	0.842	1.5698	2.44345	0.126506	215.091	667.166
4215	0.843	1.5698	2.45948	0.123533	215.2	666.237
4220	0.844	1.5698	2.47665	0.120397	215.843	656.926
4225	0.845	1.5698	2.49438	0.117105	217.505	647.91
4230	0.846	1.5698	2.51215	0.113723	219.983	638.007
4235	0.847	1.5698	2.52975	0.110314	222.566	628.702
4240	0.848	1.5698	2.54729	0.106902	225.299	618.753
4245	0.849	1.5698	2.56476	0.103473	227.898	609.172
4250	0.85	1.5698	2.58223	0.10003	230.596	599.521
4255	0.851	1.5698	2.59974	0.0965651	233.091	589.662
4260	0.852	1.5698	2.61732	0.0930712	235.717	580.087
4265	0.853	1.5698	2.63497	0.0895445	238.158	569.974
4270	0.854	1.5698	2.65267	0.0859856	240.388	567.462
4275	0.855	1.5698	2.67039	0.0823976	242.78	556.72
4280	0.856	1.5698	2.68814	0.0787821	245.408	546.649
4285	0.857	1.5698	2.70585	0.0751422	248.454	535.726
4290	0.858	1.5698	2.7236	0.0714786	251.516	525.259
4295	0.859	1.5698	2.74144	0.0677905	254.815	514.068
4300	0.86	1.5698	2.75922	0.0640647	258.019	503.259
4305	0.861	1.5698	2.77686	0.060322	261.276	492.479
4310	0.862	1.5698	2.79441	0.05657	264.196	481.631
4315	0.863	1.5698	2.81188	0.0528073	267.133	471.177
4320	0.864	1.5698	2.8293	0.0490289	269.757	460.275
4325	0.865	1.5698	2.84668	0.0452314	272.245	457.268
4330	0.866	1.5698	2.86402	0.0414145	274.92	445.785
4335	0.867	1.5698	2.88127	0.0375784	277.805	434.932
4340	0.868	1.5698	2.89846	0.0337268	281.017	423.3
4345	0.869	1.5698	2.91554	0.0298615	284.18	412.162
4350	0.87	1.5698	2.93264	0.0259826	287.449	401.133
4355	0.871	1.5698	2.9496	0.022077	290.536	389.867
4360	0.872	1.5698	2.96632	0.0181659	293.601	379.394
4365	0.873	1.5698	2.98286	0.0142567	296.247	368.514
4370	0.874	1.5698	2.99925	0.0103477	298.425	357.921
4375	0.875	1.5698	3.01551	0.0064339	300.763	347.51
4380	0.876	1.5698	3.03162	0.00251178	303.633	336.603
4385	0.877	1.5698	3.04762	-0.00141903	306.551	326.102
4390	0.878	1.5698	3.06346	-0.00535648	309.46	315.493
4395	0.879	1.5698	3.07912	-0.00929801	312.466	304.525
4400	0.88	1.5698	3.09463	-0.0132421	315.193	294.21
4405	0.881	1.5698	3.11007	-0.017189	317.876	283.232
4410	0.882	1.5698	3.12528	-0.0211516	320.258	272.451
4415	0.883	1.5698	3.14019	-0.0251084	322.032	262.479
4420	0.884	1.5698	3.15483	-0.0290517	323.941	252.102
4425	0.885	1.5698	3.16925	-0.0329834	326.352	241.715
4430	0.886	1.5698	3.18346	-0.0369088	328.806	231.697
4435	0.887	1.5698	3.1975	-0.0408312	331.53	221.158
4440	0.888	1.5698	3.21132	-0.044751	333.933	210.451
4445	0.889	1.5698	3.22491	-0.0486665	335.994	200.273
4450	0.89	1.5698	3.23826	-0.0525749	338.08	189.857
4455	0.891	1.5698	3.25139	-0.056475	340.004	179.219
4460	0.892	1.5698	3.26441	-0.060367	342.094	168.772
4465	0.893	1.5698	3.27713	-0.0642641	344.121	164.076
4470	0.894	1.5698	3.2895	-0.0681442	346.247	153.141
4475	0.895	1.5698	3.30153	-0.072001	348.075	142.39
4480	0.896	1.5698	3.31329	-0.0758354	349.915	132.194
4485	0.897	1.5698	3.3248	-0.0796523	351.419	122.064
4490	0.898	1.5698	3.33607	-0.0834562	352.941	111.398
4495	0.899	1.5698	3.34709	-0.0872496	354.085	100.933
4500	0.9	1.5698	3.35782	-0.0910264	354.919	90.9946
4505	0.901	1.5698	3.36824	-0.0947841	355.313	80.6646
4510	0.902	1.5698	3.37838	-0.098522	356.089	70.2952
4515	0.903	1.5698	3.38823	-0.10224	357.443	60.1216
4520	0.904	1.5698	3.3978	-0.105937	358.881	50.4126
4525	0.905	1.5698	3.40706	-0.109612	360.511	40.2965
4530	0.906	1.5698	3.41603	-0.113265	361.819	29.9587
4535	0.907	1.5698	3.42464	-0.116893	362.914	19.9867
4540	0.908	1.5698	3.43287	-0.120492	363.457	10.4525
4545	0.909	1.5698	3.44072	-0.124057	363.983	1.11223
4550	0.91	1.5698	3.44814	-0.127584	364.221	0
4555	0.911	1.5698	3.45514	-0.131068	364.283	0
4560	0.912	1.5698	3.46171	-0.134511	364.424	0
4565	0.913	1.5698	3.46788	-0.13791	364.35	0
4570	0.914	1.5698	3.47364	-0.141267	366.938	0
4575	0.915	1.5698	3.47901	-0.144581	367.065	0
4580	0.916	1.5698	3.48396	-0.147852	364.925	0
4585	0.917	1.5698	3.48882	-0.15108	360.809	0
4590	0.918	1.5698	3.49353	-0.154302	355.543	0
4595	0.919	1.5698	3.4981	-0.157516	350.037	0
4600	0.92	1.5698	3.50248	-0.160717	345.019	0
4605	0.921	1.5698	3.50669	-0.163903	340.273	0
4610	0.922	1.5698	3.51069	-0.167072	335.95	0
4615	0.923	1.5698	3.51448	-0.170223	332.29	0
4620	0.924	1.5698	3.51805	-0.173353	328.951	0
4625	0.925	1.5698	3.52142	-0.176462	326.257	0
4630	0.926	1.5698	3.52455	-0.179548	323.958	0
4635	0.927	1.5698	3.52745	-0.182611	322.331	0
4640	0.928	1.5698	3.5301	-0.185648	321.013	0
4645	0.929	1.5698	3.53255	-0.188658	320.268	0
4650	0.93	1.5698	3.53477	-0.191645	319.683	0
4655	0.931	1.5698	3.53672	-0.194604	319.527	0
4660	0.932	1.5698	3.53845	-0.197536	319.307	0
4665	0.933	1.5698	3.53994	-0.200439	319.04	0
4670	0.934	1.5698	3.54117	-0.203314	318.919	0
4675	0.935	1.5698	3.54215	-0.206158	318.62	0
4680	0.936	1.5698	3.54319	-0.208971	318.163	0
4685	0.937	1.5698	3.54422	-0.211793	318.367	0
4690	0.938	1.5698	3.54519	-0.214617	319.43	0
4695	0.939	1.5698	3.54608	-0.217437	320.836	0
4700	0.94	1.5698	3.54689	-0.220249	322.576	0
4705	0.941	1.5698	3.54752	-0.223048	324.363	0
4710	0.942	1.5698	3.54802	-0.225831	326.569	0
4715	0.943	1.5698	3.54831	-0.228593	328.857	0
4720	0.944	1.5698	3.54841	-0.23133	331.239	0
4725	0.945	1.5698	3.54831	-0.234044	333.961	0
4730	0.946	1.5698	3.54798	-0.236729	336.685	0
4735	0.947	1.5698	3.54738	-0.239383	339.616	0
4740	0.948	1.5698	3.54654	-0.242003	342.416	0
4745	0.949	1.5698	3.54543	-0.244588	345.353	0
4750	0.95	1.5698	3.54407	-0.247136	348.093	0
4755	0.951	1.5698	3.54241	-0.249647	350.965	0
4760	0.952	1.5698	3.54045	-0.252117	353.633	0
4765	0.953	1.5698	3.53822	-0.254545	355.462	0
4770	0.954	1.5698	3.53569	-0.25693	358.425	0
4775	0.955	1.5698	3.53282	-0.259269	362.639	0
4780	0.956	1.5698	3.52965	-0.261562	367.766	0
4785	0.957	1.5698	3.49701	-0.263807	373.767	0
4790	0.958	1.5698	3.4645	-0.261917	362.525	0
4795	0.959	1.5698	3.43224	-0.260001	353.804	0
4800	0.96	1.5698	3.40033	-0.258071	347.588	0
4805	0.961	1.5698	3.36884	-0.256144	343.505	0
4810	0.962	1.5698	3.33784	-0.254232	341.349	0
4815	0.963	1.5698	3.3074	-0.252344	340.752	0
4820	0.964	1.5698	3.27751	-0.250488	341.534	0
4825	0.965	1.5698	3.2482	-0.248667	343.41	0
4830	0.966	1.5698	3.21947	-0.246884	346.261	0
4835	0.967	1.5698	3.1913	-0.245141	350.001	0
4840	0.968	1.5698	3.16374	-0.243439	354.61	0
4845	0.969	1.5698	3.13672	-0.241776	360.003	0
4850	0.97	1.5698	3.11023	-0.240151	366.322	0
4855	0.971	1.5698	3.08428	-0.238563	373.405	0
4860	0.972	1.5698	3.05881	-0.237009	381.49	0
4865	0.973	1.5698	3.03379	-0.235486	390.362	0
4870	0.974	1.5698	3.00921	-0.233991	400.246	0
4875	0.975	1.5698	2.98501	-0.232519	412.435	0
4880	0.976	1.5698	2.96118	-0.231067	422.961	0
4885	0.977	1.5698	2.93765	-0.22963	432.413	0
4890	0.978	1.5698	2.91443	-0.228203	441.482	0
4895	0.979	1.5698	2.89144	-0.226782	451.185	0
4900	0.98	1.5698	2.8687	-0.225363	461.727	0
4905	0.981	1.5698	2.84613	-0.223942	473.752	0
4910	0.982	1.5698	2.82371	-0.222516	486.855	0
4915	0.983	1.5698	2.80142	-0.221079	500.68	0
4920	0.984	1.5698	2.77922	-0.219627	513.596	0
4925	0.985	1.5698	2.75709	-0.218156	544.244	0
4930	0.986	1.5698	2.73494	-0.216662	554.855	0
4935	0.987	1.5698	2.71277	-0.215138	567.072	0
4940	0.988	1.5698	2.69053	-0.213578	576.826	0
4945	0.989	1.5698	2.66822	-0.211979	585.818	0
4950	0.99	1.5698	2.64581	-0.210338	593.795	0
4955	0.991	1.5698	2.62327	-0.208652	601.561	0
4960	0.992	1.5698	2.6006	-0.206919	609.168	0
4965	0.993	1.5698	2.57776	-0.205137	616.427	0
4970	0.994	1.5698	2.55456	-0.203304	623.975	0
4975	0.995	1.5698	2.53095	-0.201389	630.58	0
4980	0.996	1.5698	2.50693	-0.199387	648.711	0
4985	0.997	1.5698	2.48242	-0.197295	652.677	0
4990	0.998	1.5698	2.4574	-0.195106	656.574	0
4995	0.999	1.5698	2.43189	-0.192818	659.066	0
5000	1	1.5698	2.40583	-0.190426	661.52	0
5005	1.001	1.5698	2.37923	-0.18793	663.175	0
5010	1.002	1.5698	2.35209	-0.185327	664.647	0
5015	1.003	1.5698	2.32441	-0.182617	666.535	0
5020	1.004	1.5698	2.29617	-0.179799	666.942	0
5025	1.005	1.5698	2.26725	-0.176872	666.892	0
5030	1.006	1.5698	2.23766	-0.173816	665.557	0
5035	1.007	1.5698	2.20743	-0.170636	674.714	0
5040	1.008	1.5698	2.17658	-0.167335	671.713	0
5045	1.009	1.5698	2.14517	-0.163914	669.394	0
5050	1.01	1.5698	2.11323	-0.160379	666.162	0
5055	1.011	1.5698	2.08078	-0.156735	663.291	0
5060	1.012	1.5698	2.0479	-0.152989	659.108	0
5065	1.013	1.5698	2.01462	-0.149146	654.526	0
5070	1.014	1.5698	1.98102	-0.145214	649.699	0
5075	1.015	1.5698	1.94713	-0.141199	644.644	0
5080	1.016	1.5698	1.91285	-0.137109	640.082	0
5085	1.017	1.5698	1.87828	-0.13293	634.929	0
5090	1.018	1.5698	1.84342	-0.128673	640.442	0.103972
5095	1.019	1.5698	1.80841	-0.124344	634.44	7.78149
5100	1.02	1.5698	1.77327	-0.119951	628.922	15.2809
5105	1.021	1.5698	1.7381	-0.115507	622.481	22.5055
5110	1.022	1.5698	1.70301	-0.111023	616.445	29.4339
5115	1.023	1.5698	1.66806	-0.106509	610.178	36.0051
5120	1.024	1.59392	1.63334	-0.101977	604.315	42.1964
5125	1.025	1.63852	1.6105	-0.0974379	598.818	47.9799
5130	1.026	1.68262	1.6105	-0.0928984	593.498	53.3671
5135	1.027	1.72619	1.6105	-0.088361	589.417	58.4463
5140	1.028	1.76929	1.6105	-0.0838186	584.069	63.1802
5145	1.029	1.81187	1.6105	-0.0792812	590.788	67.5967
5150	1.03	1.85389	1.6105	-0.0747484	584.169	71.7197
5155	1.031	1.89539	1.6105	-0.070219	578.792	75.4351
5160	1.032	1.93612	1.6105	-0.0657192	573.223	78.9177
5165	1.033	1.97636	1.6105	-0.0612216	568.562	82.2398
5170	1.034	2.01616	1.6105	-0.0567229	563.826	85.2308
5175	1.035	2.05525	1.6105	-0.0522464	559.542	88.0739
5180	1.036	2.09386	1.6105	-0.0477725	556.123	90.7304
5185	1.037	2.13196	1.6105	-0.0433059	551.564	93.2147
5190	1.038	2.16954	1.6105	-0.0388472	546.985	95.5481
5195	1.039	2.2066	1.6105	-0.0343961	541.559	97.7362
5200	1.04	2.24316	1.6105	-0.0299529	550.276	99.8067
5205	1.041	2.27921	1.6105	-0.0255174	543.933	101.749
5210	1.042	2.31478	1.6105	-0.0210874	538.932	103.606
5215	1.043	2.34988	1.6105	-0.0166635	533.666	105.347
5220	1.044	2.38449	1.6105	-0.0122459	529.23	107.017
5225	1.045	2.41865	1.6105	-0.00783472	524.891	108.59
5230	1.046	2.45234	1.6105	-0.00343008	521.707	110.114
5235	1.047	2.48558	1.6105	0.000968023	517.498	111.539
5240	1.048	2.51833	1.6105	0.00535982	512.335	112.91
5245	1.049	2.55067	1.6105	0.00974535	507.355	114.227
5250	1.05	2.58254	1.6105	0.0141245	501.698	115.48
5255	1.051	2.61398	1.6105	0.0184971	511.836	116.693
5260	1.052	2.64498	1.6105	0.0228631	505.334	117.869
5265	1.053	2.67559	1.6105	0.0272251	500.214	119.01
5270	1.054	2.70577	1.6105	0.0315827	494.875	120.111
5275	1.055	2.73556	1.6105	0.0359357	490.456	121.199
5280	1.056	2.76494	1.6105	0.0402838	486.013	122.238
5285	1.057	2.79392	1.6105	0.0446269	483.021	123.283
5290	1.058	2.82252	1.6105	0.0489648	478.828	124.279
5295	1.059	2.85071	1.6105	0.0532977	473.488	125.24
5300	1.06	2.87852	1.6105	0.0576253	468.233	126.19
5305	1.061	2.90593	1.6105	0.0619474	462.289	127.094
5310	1.062	2.93296	1.6105	0.0662636	473.463	127.997
5315	1.063	2.95961	1.6105	0.0705734	466.61	128.871
5320	1.064	2.9859	1.6105	0.0748795	461.225	129.734
5325	1.065	3.01181	1.6105	0.0791809	455.709	130.575
5330	1.066	3.03737	1.6105	0.0834775	450.971	131.421
5335	1.067	3.06257	1.6105	0.0877684	446.196	132.24
5340	1.068	3.08742	1.6105	0.0920535	441.766	133.053
5345	1.069	3.11188	1.6105	0.0963323	437.627	133.828
5350	1.07	3.13599	1.6105	0.100604	434.988	134.561
5355	1.071	3.15973	1.6105	0.104869	431.494	135.303
5360	1.072	3.18313	1.6105	0.109127	426.334	135.994
5365	1.073	3.20616	1.6105	0.113378	438.037	136.679
5370	1.074	3.22883	1.6105	0.117621	430.846	137.35
5375	1.075	3.25118	1.6105	0.121858	424.686	138.024
5380	1.076	3.27318	1.6105	0.126089	418.191	138.674
5385	1.077	3.29485	1.6105	0.130313	412.481	139.324
5390	1.078	3.31618	1.6105	0.134529	406.876	139.937
5395	1.079	3.33716	1.6105	0.138736	401.758	140.545
5400	1.08	3.35779	1.6105	0.142933	397.082	141.101
5405	1.081	3.37806	1.6105	0.147121	392.489	141.606
5410	1.082	3.39796	1.6105	0.151297	388.653	142.118
5415	1.083	3.41754	1.6105	0.155463	384.434	142.575
5420	1.084	3.43675	1.6105	0.159616	397.086	143.017
5425	1.085	3.4556	1.6105	0.163757	391.832	143.425
5430	1.086	3.47413	1.6105	0.167889	387.7	143.839
5435	1.087	3.49233	1.6105	0.172009	383.198	144.204
5440	1.088	3.51018	1.6105	0.176119	379.311	144.573
5445	1.089	3.52771	1.6105	0.180217	376.017	144.883
5450	1.09	3.54489	1.6105	0.184303	371.528	145.212
5455	1.091	3.56176	1.6105	0.188377	366.259	145.489
5460	1.092	3.57828	1.6105	0.192437	360.316	145.723
5465	1.093	3.59445	1.6105	0.196483	354.765	145.949
5470	1.094	3.61028	1.6105	0.200514	348.836	146.126
5475	1.095	3.62578	1.6105	0.204529	361.93	146.275
5480	1.096	3.6409	1.6105	0.208528	355.164	146.398
5485	1.097	3.65571	1.6105	0.212512	349.696	146.512
5490	1.098	3.67019	1.6105	0.21648	344.127	146.584
5495	1.099	3.68433	1.6105	0.220433	339.355	146.644
5500	1.1	3.69813	1.6105	0.224368	334.682	146.65
5505	1.101	3.7116	1.6105	0.228286	330.445	146.644
5510	1.102	3.72471	1.6105	0.232184	326.576	146.576
5515	1.103	3.73748	1.6105	0.236063	322.778	146.46
5520	1.104	3.74991	1.6105	0.239923	319.708	146.309
5525	1.105	3.76199	1.6105	0.243762	316.307	146.109
5530	1.106	3.77371	1.6105	0.247579	329.779	145.903
5535	1.107	3.78509	1.6105	0.251376	325.086	145.661
5540	1.108	3.79615	1.6105	0.255153	321.325	145.429
5545	1.109	3.80689	1.6105	0.258911	317.125	145.148
5550	1.11	3.81731	1.6105	0.262648	313.411	144.866
5555	1.111	3.8274	1.6105	0.266365	309.518	144.537
5560	1.112	3.83716	1.6105	0.27006	305.815	144.211
5565	1.113	3.84661	1.6105	0.273733	302.28	143.828
5570	1.114	3.85572	1.6105	0.277383	298.629	143.398
5575	1.115	3.8645	1.6105	0.28101	295.527	142.942
5580	1.116	3.87294	1.6105	0.284613	291.971	142.441
5585	1.117	3.88105	1.6105	0.288191	305.299	141.938
5590	1.118	3.88885	1.6105	0.291745	300.558	141.383
5595	1.119	3.89635	1.6105	0.295276	296.876	140.835
5600	1.12	3.90353	1.6105	0.298784	292.81	140.258
5605	1.121	3.91041	1.6105	0.302269	289.179	139.679
5610	1.122	3.91698	1.6105	0.305729	285.361	139.051
5615	1.123	3.92323	1.6105	0.309164	281.678	138.432
5620	1.124	3.92917	1.6105	0.312573	278.134	137.765
5625	1.125	3.93481	1.6105	0.315957	274.449	137.061
5630	1.126	3.94014	1.6105	0.319313	271.266	136.35
5635	1.127	3.94516	1.6105	0.322642	267.628	135.574
5640	1.128	3.94985	1.6105	0.325944	281.061	134.806
5645	1.129	3.95424	1.6105	0.329217	276.201	133.993
5650	1.13	3.95834	1.6105	0.332464	272.282	133.189
5655	1.131	3.96215	1.6105	0.335685	268.089	132.339
5660	1.132	3.96568	1.6105	0.33888	264.453	131.491
5665	1.133	3.96893	1.6105	0.342047	260.866	130.619
5670	1.134	3.97192	1.6105	0.34519	257.5	129.775
5675	1.135	3.97465	1.6105	0.348309	254.267	129.051
5680	1.136	3.97736	1.6105	0.35143	250.703	128.427
5685	1.137	3.98001	1.6105	0.354552	247.895	127.944
5690	1.138	3.98263	1.6105	0.357674	244.216	127.678
5695	1.139	3.98543	1.6105	0.360821	240.789	127.607
5700	1.14	3.98833	1.6105	0.363989	237.753	127.669
5705	1.141	3.99133	1.6105	0.367175	234.069	128.024
5710	1.142	3.99463	1.6105	0.370402	230.42	128.558
5715	1.143	3.99816	1.6105	0.373664	242.53	129.272
5720	1.144	4.00187	1.6105	0.376956	237.046	130.103
5725	1.145	4.00575	1.6105	0.380276	231.759	131.054
5730	1.146	4.00975	1.6105	0.383619	226.591	132.037
5735	1.147	4.01383	1.6105	0.386979	221.12	133.049
5740	1.148	4.01795	1.6105	0.390353	216.34	134.111
5745	1.149	4.02208	1.6105	0.393735	210.899	135.144
5750	1.15	4.02617	1.6105	0.397121	205.56	136.307
5755	1.151	4.0304	1.6105	0.400534	200.471	137.521
5760	1.152	4.03474	1.6105	0.403969	210.993	109.808
5765	1.153	3.99256	1.6105	0.401666	236.841	84.3821
5770	1.154	3.95096	1.6105	0.399385	260.599	61.3027
5775	1.155	3.91025	1.6105	0.397161	282.856	40.4895
5780	1.156	3.87069	1.6105	0.395028	302.955	21.9585
5785	1.157	3.83251	1.6105	0.393016	320.41	5.58305
5790	1.158	3.79586	1.6105	0.391146	336.022	0
5795	1.159	3.76059	1.6105	0.389401	349.818	0
5800	1.16	3.72712	1.6105	0.387832	361.159	0
5805	1.161	3.69638	1.6105	0.386554	370.576	0
5810	1.162	3.66797	1.6105	0.385526	377.499	0
5815	1.163	3.6419	1.6105	0.384749	382.257	0
5820	1.164	3.6185	1.6105	0.384262	385.474	0
5825	1.165	3.59773	1.6105	0.384066	387.319	0
5830	1.166	3.57956	1.6105	0.384159	386.699	0
5835	1.167	3.56389	1.6105	0.384537	384.349	0
5840	1.168	3.55068	1.6105	0.385191	381.211	0
5845	1.169	3.53978	1.6105	0.386109	392.384	0
5850	1.17	3.53107	1.6105	0.38728	385.14	0
5855	1.171	3.5247	1.6105	0.388725	375.367	0
5860	1.172	3.52049	1.6105	0.390424	364.327	0
5865	1.173	3.51823	1.6105	0.392357	352.48	0
5870	1.174	3.51775	1.6105	0.394503	340.346	0
5875	1.175	3.51883	1.6105	0.396841	328.037	6.05577
5880	1.176	3.52131	1.6105	0.399352	315.479	15.4912
5885	1.177	3.52498	1.6105	0.402016	302.908	8.6916
5890	1.178	3.50323	1.6105	0.40155	308.49	3.58488
5895	1.179	3.48267	1.6105	0.401203	312.861	0
5900	1.18	3.46334	1.6105	0.400982	315.721	0
5905	1.181	3.44529	1.6105	0.400889	317.39	0
5910	1.182	3.42846	1.6105	0.400926	317.647	0
5915	1.183	3.41288	1.6105	0.40109	316.819	0.375381
5920	1.184	3.39847	1.6105	0.40138	314.741	3.9747
5925	1.185	3.3852	1.6105	0.401791	311.651	4.84763
5930	1.186	3.36606	1.6105	0.401458	312.43	7.23687
5935	1.187	3.348	1.6105	0.401234	311.77	11.6932
5940	1.188	3.33103	1.6105	0.401117	309.878	17.7423
5945	1.189	3.31504	1.6105	0.401102	306.59	26.0541
5950	1.19	3.3	1.6105	0.40118	302.162	36.2348
5955	1.191	3.28584	1.6105	0.401347	296.426	48.5879
5960	1.192	3.27247	1.6105	0.401592	289.606	57.3876
5965	1.193	3.25607	1.6105	0.401443	284.248	72.601
5970	1.194	3.24033	1.6105	0.401355	277.485	98.0474
5975	1.195	3.2252	1.6105	0.401319	269.209	134.702
5980	1.196	3.21055	1.6105	0.401323	259.354	182.145
5985	1.197	3.19627	1.6105	0.401353	248.011	237.318
5990	1.198	3.18221	1.6105	0.40139	235.382	296.641
5995	1.199	3.16823	1.6105	0.401416	221.581	357.544
6000	1.2	3.15413	1.6105	0.401413	206.931	417.521
6005	1.201	3.1398	1.6105	0.401358	191.557	475.658
6010	1.202	3.12505	1.6105	0.401232	175.879	529.413
6015	1.203	3.10954	1.6105	0.400994	160.276	578.083
6020	1.204	3.09318	1.6105	0.400627	145.603	622.648
6025	1.205	3.07577	1.6105	0.400113	131.938	662.31
6030	1.206	3.05727	1.6105	0.399439	119.784	708.847
6035	1.207	3.03753	1.6105	0.398588	108.937	740.394
6040	1.208	3.01648	1.6105	0.397548	99.536	769.774
6045	1.209	2.99397	1.6105	0.396304	91.7817	795.28
6050	1.21	2.96998	1.6105	0.394845	85.4689	818.766
6055	1.211	2.94439	1.6105	0.39316	80.7943	838.793
6060	1.212	2.91695	1.6105	0.391215	77.6362	856.682
6065	1.213	2.88763	1.6105	0.389008	76.1485	871.928
6070	1.214	2.85635	1.6105	0.386525	76.0739	884.705
6075	1.215	2.8232	1.6105	0.383773	77.3652	895.586
6080	1.216	2.78824	1.6105	0.380759	79.9759	903.93
6085	1.217	2.75146	1.6105	0.377489	84.0281	914.992
6090	1.218	2.71298	1.6105	0.373965	89.1211	918.868
6095	1.219	2.6728	1.6105	0.370193	95.1753	921.538
6100	1.22	2.63096	1.6105	0.366176	102.25	921.907
6105	1.221	2.58752	1.6105	0.361921	110.049	921.25
6110	1.222	2.54254	1.6105	0.357435	118.659	918.671
6115	1.223	2.49599	1.6105	0.352713	127.856	915.145
6120	1.224	2.44797	1.6105	0.347769	137.757	910.329
6125	1.225	2.39851	1.6105	0.342605	148.076	904.366
6130	1.226	2.34772	1.6105	0.337236	158.961	897.882
6135	1.227	2.29613	1.6105	0.331724	169.794	890.263
6140	1.228	2.24353	1.6105	0.326044	180.889	885.088
6145	1.229	2.19003	1.6105	0.320209	192.164	875.77
6150	1.23	2.1357	1.6105	0.314231	203.581	866.293
6155	1.231	2.08067	1.6105	0.308123	215.25	855.733
6160	1.232	2.02503	1.6105	0.301898	226.869	845.109
6165	1.233	1.96891	1.6105	0.295568	238.57	833.683
6170	1.234	1.91238	1.6105	0.289146	250.033	822.235
6175	1.235	1.85556	1.6105	0.282645	261.446	810.414
6180	1.236	1.79841	1.6105	0.27606	272.573	798.304
6185	1.237	1.74107	1.6105	0.269406	283.634	786.201
6190	1.238	1.68361	1.66362	0.262695	294.279	773.69
6195	1.239	1.62614	1.71989	0.255941	304.434	764.094
6200	1.24	1.5698	1.77569	0.249155	314.359	751.248
6205	1.241	1.5698	1.83094	0.242347	324.137	738.846
6210	1.242	1.5698	1.88556	0.235529	333.959	725.944
6215	1.243	1.5698	1.93948	0.228709	343.467	713.453
6220	1.244	1.5698	1.99262	0.221898	352.828	700.649
6225	1.245	1.5698	2.04492	0.215103	361.655	688.216
6230	1.246	1.5698	2.09653	0.208331	370.171	675.741
6235	1.247	1.5698	2.14735	0.201569	378.139	663.27
6240	1.248	1.5698	2.19735	0.194826	385.815	651.086
6245	1.249	1.5698	2.24643	0.18811	392.846	638.724
6250	1.25	1.5698	2.29458	0.181431	398.963	629.762
6255	1.251	1.5698	2.34178	0.174793	404.973	617.386
6260	1.252	1.5698	2.38804	0.168197	410.999	605.56
6265	1.253	1.5698	2.40188	0.161646	418.707	614.54
6270	1.254	1.5698	2.39626	0.158831	404.056	635.795
6275	1.255	1.5698	2.38751	0.158292	377.001	656.885
6280	1.256	1.5698	2.37931	0.158133	348.797	676.077
6285	1.257	1.5698	2.37228	0.157922	322.49	692.755
6290	1.258	1.5698	2.36674	0.157583	298.356	706.865
6295	1.259	1.5698	2.36296	0.157076	276.95	718.73
6300	1.26	1.5698	2.36114	0.15637	257.93	727.826
6305	1.261	1.5698	2.36144	0.155437	242.075	738.714
6310	1.262	1.5698	2.36402	0.154256	228.964	742.507
6315	1.263	1.5698	2.36892	0.152808	218.519	744.525
6320	1.264	1.5698	2.37621	0.151081	210.735	743.667
6325	1.265	1.5698	2.38592	0.149066	205.157	741.181
6330	1.266	1.5698	2.39798	0.14676	201.827	736.256
6335	1.267	1.5698	2.41237	0.144163	200.241	729.83
6340	1.268	1.5698	2.42928	0.141274	200.506	721.503
6345	1.269	1.5698	2.44854	0.13807	202.299	711.41
6350	1.27	1.5698	2.47004	0.134565	205.552	700.153
6355	1.271	1.5698	2.4936	0.130771	210.253	687.11
6360	1.272	1.5698	2.51904	0.126706	216.493	678.159
6365	1.273	1.5698	2.5462	0.122386	223.675	662.19
6370	1.274	1.5698	2.57487	0.117828	231.619	645.884
6375	1.275	1.5698	2.58734	0.113051	240.334	640.459
6380	1.276	1.5698	2.59114	0.110166	238.293	641.387
6385	1.277	1.5698	2.59444	0.1083	231.24	641.636
6390	1.278	1.5698	2.59951	0.10649	224.39	640.541
6395	1.279	1.5698	2.60668	0.104463	219.014	637.567
6400	1.28	1.5698	2.61593	0.10218	215.608	632.809
6405	1.281	1.5698	2.62724	0.099639	214.377	626.698
6410	1.282	1.5698	2.64052	0.0968415	214.776	618.505
6415	1.283	1.5698	2.6557	0.093792	216.871	615.257
6420	1.284	1.5698	2.6727	0.0904974	220.067	603.582
6425	1.285	1.5698	2.6914	0.0869647	224.194	591.384
6430	1.286	1.5698	2.70559	0.0832044	229.315	581.799
6435	1.287	1.5698	2.71667	0.079961	231.154	575.014
6440	1.288	1.5698	2.72698	0.0770729	231.079	568.155
6445	1.289	1.5698	2.7381	0.0742646	230.02	560.994
6450	1.29	1.5698	2.75056	0.071344	230.053	552.837
6455	1.291	1.5698	2.76383	0.0682469	231.228	543.919
6460	1.292	1.5698	2.77724	0.0650374	233.399	535.088
6465	1.293	1.5698	2.79045	0.0617912	235.659	525.821
6470	1.294	1.5698	2.8034	0.0585521	238.049	523.754
6475	1.295	1.5698	2.81626	0.0553255	240.089	513.888
6480	1.296	1.5698	2.82912	0.0520948	241.911	504.662
6485	1.297	1.5698	2.8421	0.0488432	243.802	494.642
6490	1.298	1.5698	2.85516	0.045562	245.563	485.114
6495	1.299	1.5698	2.8683	0.0422517	247.153	475.126
6500	1.3	1.5698	2.88144	0.0389163	248.996	465.512
6505	1.301	1.5698	2.89471	0.0355596	251.322	455.709
6510	1.302	1.5698	2.90791	0.0321714	253.79	445.713
6515	1.303	1.5698	2.92097	0.0287729	256.493	436.024
6520	1.304	1.5698	2.93396	0.0253708	258.948	425.879
6525	1.305	1.5698	2.94688	0.0219621	261.489	423.198
6530	1.306	1.5698	2.95981	0.0185414	263.712	412.325
6535	1.307	1.5698	2.97271	0.0151036	265.723	402.153
6540	1.308	1.5698	2.98558	0.0116493	267.426	391.672
6545	1.309	1.5698	2.99839	0.00818097	269.354	381.531
6550	1.31	1.5698	3.01114	0.00470125	271.746	371.129
6555	1.311	1.5698	3.02384	0.00121129	274.189	360.707
6560	1.312	1.5698	3.03658	-0.00228926	276.882	350.918
6565	1.313	1.5698	3.04917	-0.00581334	279.446	340.694
6570	1.314	1.5698	3.06158	-0.00933988	282.034	330.703
6575	1.315	1.5698	3.07382	-0.0128612	284.217	327.445
6580	1.316	1.5698	3.08595	-0.0163791	286.369	316.855
6585	1.317	1.5698	3.09796	-0.0199001	287.878	306.743
6590	1.318	1.5698	3.10989	-0.0234268	289.631	296.307
6595	1.319	1.5698	3.12172	-0.0269593	291.841	285.831
6600	1.32	1.5698	3.1334	-0.030496	294.093	276.033
6605	1.321	1.5698	3.14496	-0.0340342	296.514	265.489
6610	1.322	1.5698	3.1564	-0.0375728	298.71	255.272
6615	1.323	1.5698	3.1678	-0.0411122	300.92	245.646
6620	1.324	1.5698	3.179	-0.0446653	302.826	235.611
6625	1.325	1.5698	3.18994	-0.0482107	304.14	225.762
6630	1.326	1.5698	3.20064	-0.0517407	305.54	221.834
6635	1.327	1.5698	3.21117	-0.0552573	307.555	211.307
6640	1.328	1.5698	3.22153	-0.0587669	309.829	200.97
6645	1.329	1.5698	3.23172	-0.0622721	312.323	191.177
6650	1.33	1.5698	3.24177	-0.0657731	315.165	180.839
6655	1.331	1.5698	3.25161	-0.0692681	317.932	170.471
6660	1.332	1.5698	3.26125	-0.0727546	320.742	160.425
6665	1.333	1.5698	3.27071	-0.0762313	323.186	151.007
6670	1.334	1.5698	3.28007	-0.0796987	325.519	140.906
6675	1.335	1.5698	3.2892	-0.0831699	327.426	130.852
6680	1.336	1.5698	3.29799	-0.0866232	329.147	121.377
6685	1.337	1.5698	3.30649	-0.0900508	330.266	116.941
6690	1.338	1.5698	3.31477	-0.0934544	331.223	106.922
6695	1.339	1.5698	3.32282	-0.0968408	331.136	97.1012
6700	1.34	1.5698	3.33068	-0.100213	331.353	87.7921
6705	1.341	1.5698	3.33832	-0.103575	332.151	77.8648
6710	1.342	1.5698	3.3457	-0.106918	333.095	68.046
6715	1.343	1.5698	3.35284	-0.110242	334.266	58.536
6720	1.344	1.5698	3.35972	-0.113545	335.209	49.5633
6725	1.345	1.5698	3.36637	-0.116827	335.986	40.2714
6730	1.346	1.5698	3.37275	-0.120088	336.373	30.8332
6735	1.347	1.5698	3.37887	-0.123327	336.84	21.7584
6740	1.348	1.5698	3.38472	-0.126544	337.106	13.0554
6745	1.349	1.5698	3.39028	-0.129736	337.567	4.26264
6750	1.35	1.5698	3.39553	-0.132898	337.814	0
6755	1.351	1.5698	3.40043	-0.136028	337.887	0
6760	1.352	1.5698	3.405	-0.139123	337.97	0
6765	1.353	1.5698	3.40924	-0.142182	337.776	0
6770	1.354	1.5698	3.41315	-0.145205	337.55	0
6775	1.355	1.5698	3.41672	-0.148191	336.975	0
6780	1.356	1.5698	3.41997	-0.151141	336.343	0
6785	1.357	1.5698	3.42292	-0.154055	334.984	0
6790	1.358	1.5698	3.42554	-0.156933	334.339	0
6795	1.359	1.5698	3.42788	-0.159776	333.916	0
6800	1.36	1.5698	3.42989	-0.162583	333.923	0
6805	1.361	1.5698	3.43165	-0.165352	333.741	0
6810	1.362	1.5698	3.4331	-0.168089	333.327	0
6815	1.363	1.5698	3.43427	-0.170792	332.642	0
6820	1.364	1.5698	3.43519	-0.17346	331.604	0
6825	1.365	1.5698	3.43582	-0.176094	330.649	0
6830	1.366	1.5698	3.43621	-0.178695	329.538	0
6835	1.367	1.5698	3.43635	-0.181263	328.629	0
6840	1.368	1.5698	3.43622	-0.183798	327.567	0
6845	1.369	1.5698	3.43587	-0.186301	326.656	0
6850	1.37	1.5698	3.43529	-0.188773	325.514	0
6855	1.371	1.5698	3.43451	-0.191214	324.477	0
6860	1.372	1.5698	3.4335	-0.193625	323.132	0
6865	1.373	1.5698	3.43227	-0.196005	321.531	0
6870	1.374	1.5698	3.43084	-0.198357	319.911	0
6875	1.375	1.5698	3.42924	-0.20068	317.462	0
6880	1.376	1.5698	3.42743	-0.202975	315.72	0
6885	1.377	1.5698	3.42546	-0.205243	314.33	0
6890	1.378	1.5698	3.42358	-0.207484	313.501	0
6895	1.379	1.5698	3.42178	-0.209737	312.909	0
6900	1.38	1.5698	3.42001	-0.211996	312.643	0
6905	1.381	1.5698	3.41821	-0.214256	312.302	0
6910	1.382	1.5698	3.41643	-0.216514	312.352	0
6915	1.383	1.5698	3.41457	-0.218767	312.504	0
6920	1.384	1.5698	3.41266	-0.221009	312.809	0
6925	1.385	1.5698	3.41061	-0.22324	313.532	0
6930	1.386	1.5698	3.40852	-0.225454	314.317	0
6935	1.387	1.5698	3.40628	-0.227653	315.454	0
6940	1.388	1.5698	3.40392	-0.229833	316.552	0
6945	1.389	1.5698	3.40138	-0.231991	317.886	0
6950	1.39	1.5698	3.39872	-0.234125	319.093	0
6955	1.391	1.5698	3.3959	-0.236234	320.516	0
6960	1.392	1.5698	3.39287	-0.238317	321.795	0
6965	1.393	1.5698	3.38968	-0.240371	322.147	0
6970	1.394	1.5698	3.3863	-0.242395	323.313	0
6975	1.395	1.5698	3.38271	-0.244387	325.563	0
6980	1.396	1.5698	3.37892	-0.246347	329.02	0
6985	1.397	1.5698	3.37492	-0.248273	333.175	0
6990	1.398	1.5698	3.37069	-0.250165	337.749	0
6995	1.399	1.5698	3.36626	-0.25202	342.481	0
7000	1.4	1.5698	3.3616	-0.253838	347.874	0
7005	1.401	1.5698	3.35669	-0.255617	353.858	0
7010	1.402	1.5698	3.35153	-0.257356	360.735	0
7015	1.403	1.5698	3.34612	-0.259052	368.303	0
7020	1.404	1.5698	3.34042	-0.260704	376.707	0
7025	1.405	1.5698	3.32008	-0.262309	385.655	0
7030	1.406	1.5698	3.29989	-0.261856	386.051	0
7035	1.407	1.5698	3.27967	-0.261391	387.841	0
7040	1.408	1.5698	3.25944	-0.260893	390.721	0
7045	1.409	1.5698	3.23924	-0.260364	395.9	0
7050	1.41	1.5698	3.21903	-0.259805	398.843	0
7055	1.411	1.5698	3.19885	-0.259218	400.049	0
7060	1.412	1.5698	3.1787	-0.258602	400.504	0
7065	1.413	1.5698	3.15857	-0.25796	401.123	0
7070	1.414	1.5698	3.13849	-0.257292	402.586	0
7075	1.415	1.5698	3.11842	-0.2566	405.44	0
7080	1.416	1.5698	3.09844	-0.255884	409.953	0
7085	1.417	1.5698	3.07847	-0.255143	416.325	0
7090	1.418	1.5698	3.05852	-0.254377	424.468	0
7095	1.419	1.5698	3.03856	-0.253584	434.426	0
7100	1.42	1.5698	3.0186	-0.252762	445.79	0
7105	1.421	1.5698	2.99861	-0.251908	458.702	0
7110	1.422	1.5698	2.97859	-0.251021	472.579	0
7115	1.423	1.5698	2.95847	-0.250097	487.589	0
7120	1.424	1.5698	2.93824	-0.249133	502.3	0
7125	1.425	1.5698	2.9179	-0.248126	515.062	0
7130	1.426	1.5698	2.89735	-0.247071	526.979	0
7135	1.427	1.5698	2.87659	-0.245959	558.506	0
7140	1.428	1.5698	2.85556	-0.244786	567.742	0
7145	1.429	1.5698	2.83426	-0.243547	577.286	0
7150	1.43	1.5698	2.81268	-0.242239	586.111	0
7155	1.431	1.5698	2.79081	-0.240864	595.188	0
7160	1.432	1.5698	2.76864	-0.239418	603.849	0
7165	1.433	1.5698	2.7461	-0.237896	613.268	0
7170	1.434	1.5698	2.72318	-0.236293	621.094	0
7175	1.435	1.5698	2.69984	-0.234606	627.575	0
7180	1.436	1.5698	2.67605	-0.23283	633.844	0
7185	1.437	1.5698	2.65163	-0.23096	638.999	0
7190	1.438	1.5698	2.62655	-0.228967	656.972	0
7195	1.439	1.5698	2.60079	-0.226851	660.445	0
7200	1.44	1.5698	2.57436	-0.224608	664.191	0
7205	1.441	1.5698	2.54727	-0.222238	667.195	0
7210	1.442	1.5698	2.51952	-0.219742	669.164	0
7215	1.443	1.5698	2.49112	-0.217119	669.837	0
7220	1.444	1.5698	2.46205	-0.21437	669.99	0
7225	1.445	1.5698	2.43233	-0.211494	669.721	0
7230	1.446	1.5698	2.402	-0.208492	668.942	0
7235	1.447	1.5698	2.37101	-0.205367	668.379	0
7240	1.448	1.5698	2.33931	-0.202119	667.714	0
7245	1.449	1.5698	2.30691	-0.198731	676.377	0
7250	1.45	1.5698	2.27382	-0.195209	672.863	0
7255	1.451	1.5698	2.24013	-0.191556	669.461	0
7260	1.452	1.5698	2.20585	-0.187779	665.265	0
7265	1.453	1.5698	2.17106	-0.183885	661.273	0
7270	1.454	1.5698	2.13581	-0.179881	656.821	0
7275	1.455	1.5698	2.10014	-0.175774	652.375	0
7280	1.456	1.5698	2.06413	-0.171571	648.037	0
7285	1.457	1.5698	2.02782	-0.167282	642.706	0
7290	1.458	1.5698	1.99128	-0.162911	637.458	0
7295	1.459	1.5698	1.95439	-0.158469	631.468	0
7300	1.46	1.5698	1.91726	-0.153941	636.752	2.9746
7305	1.461	1.5698	1.87993	-0.149339	630.128	11.5926
7310	1.462	1.5698	1.8425	-0.14467	624.34	19.9595
7315	1.463	1.5698	1.80505	-0.13995	618.201	28.0002
7320	1.464	1.5698	1.76771	-0.135188	612.973	35.6794
7325	1.465	1.5698	1.73051	-0.130397	606.94	42.94
7330	1.466	1.5698	1.69356	-0.125589	600.788	49.7508
7335	1.467	1.5698	1.65695	-0.120775	594.719	56.0847
7340	1.468	1.60945	1.62071	-0.115966	588.689	61.9154
7345	1.469	1.65656	1.6105	-0.111169	583.512	67.2548
7350	1.47	1.70292	1.6105	-0.106394	578.136	72.21
7355	1.471	1.74868	1.6105	-0.101625	585.055	76.7623
7360	1.472	1.79372	1.6105	-0.096873	580.798	80.909
7365	1.473	1.83804	1.6105	-0.0921431	576.466	84.6807
7370	1.474	1.88161	1.6105	-0.087435	571.101	88.1119
7375	1.475	1.92447	1.6105	-0.0827479	566.071	91.141
7380	1.476	1.96646	1.6105	-0.0780979	560.992	93.8905
7385	1.477	2.00776	1.6105	-0.0734687	556.405	96.3515
7390	1.478	2.04833	1.6105	-0.0688619	552.216	98.5933
7395	1.479	2.08822	1.6105	-0.0642778	548.082	100.613
7400	1.48	2.12743	1.6105	-0.0597156	544.708	102.439
7405	1.481	2.16596	1.6105	-0.0551745	540.888	104.085
7410	1.482	2.20384	1.6105	-0.0506536	550.158	105.588
7415	1.483	2.24109	1.6105	-0.0461522	545.553	106.955
7420	1.484	2.27775	1.6105	-0.0416668	541.074	108.227
7425	1.485	2.31382	1.6105	-0.0371971	535.819	109.383
7430	1.486	2.34932	1.6105	-0.0327425	531.079	110.462
7435	1.487	2.38426	1.6105	-0.0283031	526.319	111.438
7440	1.488	2.41863	1.6105	-0.0238784	522.107	112.33
7445	1.489	2.45246	1.6105	-0.0194681	518.316	113.178
7450	1.49	2.48576	1.6105	-0.0150717	514.526	113.956
7455	1.491	2.51853	1.6105	-0.0106887	511.445	114.705
7460	1.492	2.5508	1.6105	-0.00631863	509.204	115.397
7465	1.493	2.58256	1.6105	-0.00196073	519.77	116.079
7470	1.494	2.61384	1.6105	0.00238577	514.438	116.725
7475	1.495	2.64466	1.6105	0.0067242	509.34	117.382
7480	1.496	2.67505	1.6105	0.0110547	503.612	118.006
7485	1.497	2.70499	1.6105	0.0153774	498.479	118.647
7490	1.498	2.73451	1.6105	0.0196921	493.485	119.259
7495	1.499	2.76362	1.6105	0.0239987	489.011	119.842
7500	1.5	2.79227	1.6105	0.0282975	484.909	120.449
7505	1.501	2.82053	1.6105	0.0325884	480.796	121.032
7510	1.502	2.84837	1.6105	0.0368716	477.422	121.625
7515	1.503	2.87579	1.6105	0.0411471	473.57	122.205
7520	1.504	2.90283	1.6105	0.0454152	485.191	122.796
7525	1.505	2.92946	1.6105	0.049676	480.217	123.383
7530	1.506	2.95574	1.6105	0.0539325	475.134	123.995
7535	1.507	2.98165	1.6105	0.0581845	469.247	124.597
7540	1.508	3.00722	1.6105	0.062432	463.84	125.225
7545	1.509	3.03242	1.6105	0.066674	458.382	125.839
7550	1.51	3.05726	1.6105	0.0709104	453.264	126.442
7555	1.511	3.08174	1.6105	0.0751408	448.529	127.067
7560	1.512	3.10588	1.6105	0.0793646	443.856	127.666
7565	1.513	3.12965	1.6105	0.0835817	440.02	128.268
7570	1.514	3.15305	1.6105	0.0877916	435.845	128.846
7575	1.515	3.1761	1.6105	0.0919942	448.322	129.437
7580	1.516	3.19881	1.6105	0.0961891	443.651	130.009
7585	1.517	3.22119	1.6105	0.100379	439.878	130.609
7590	1.518	3.24325	1.6105	0.104565	435.999	131.204
7595	1.519	3.265	1.6105	0.108744	431.269	131.811
7600	1.52	3.2864	1.6105	0.112919	425.588	132.401
7605	1.521	3.3075	1.6105	0.117086	419.751	132.961
7610	1.522	3.32826	1.6105	0.121247	414.061	133.53
7615	1.523	3.34869	1.6105	0.1254	408.387	134.081
7620	1.524	3.3688	1.6105	0.129545	403.535	134.617
7625	1.525	3.38856	1.6105	0.13368	398.425	135.12
7630	1.526	3.40798	1.6105	0.137805	411.537	135.623
7635	1.527	3.42707	1.6105	0.14192	405.89	136.098
7640	1.528	3.44585	1.6105	0.146028	401.231	136.578
7645	1.529	3.4643	1.6105	0.150127	396.391	137.03
7650	1.53	3.48245	1.6105	0.154217	392.222	137.486
7655	1.531	3.50028	1.6105	0.158297	388.12	137.892
7660	1.532	3.51779	1.6105	0.162367	384.46	138.262
7665	1.533	3.53497	1.6105	0.166426	381.048	138.644
7670	1.534	3.55184	1.6105	0.170473	377.457	138.986
7675	1.535	3.56838	1.6105	0.174509	374.389	139.327
7680	1.536	3.5846	1.6105	0.178533	370.739	139.629
7685	1.537	3.6005	1.6105	0.182544	383.654	139.929
7690	1.538	3.61608	1.6105	0.186542	378.041	140.191
7695	1.539	3.63135	1.6105	0.190529	372.259	140.464
7700	1.54	3.64633	1.6105	0.194506	365.712	140.7
7705	1.541	3.661	1.6105	0.19847	359.548	140.943
7710	1.542	3.67537	1.6105	0.202421	353.807	141.127
7715	1.543	3.68941	1.6105	0.206357	348.211	141.271
7720	1.544	3.70313	1.6105	0.210278	343.482	141.408
7725	1.545	3.71654	1.6105	0.214183	338.583	141.483
7730	1.546	3.72961	1.6105	0.21807	352.178	141.532
7735	1.547	3.74233	1.6105	0.22194	346.529	141.551
7740	1.548	3.75477	1.6105	0.225794	342.171	141.562
7745	1.549	3.76689	1.6105	0.229633	337.55	141.538
7750	1.55	3.7787	1.6105	0.233455	333.522	141.52
7755	1.551	3.79021	1.6105	0.237259	329.394	141.447
7760	1.552	3.80139	1.6105	0.241046	325.535	141.371
7765	1.553	3.81226	1.6105	0.244813	321.912	141.244
7770	1.554	3.82282	1.6105	0.248561	318.215	141.064
7775	1.555	3.83305	1.6105	0.252289	315.087	140.878
7780	1.556	3.84296	1.6105	0.255997	311.484	140.642
7785	1.557	3.85256	1.6105	0.259683	325.055	140.385
7790	1.558	3.86182	1.6105	0.263347	320.19	140.093
7795	1.559	3.8708	1.6105	0.266993	316.309	139.809
7800	1.56	3.87948	1.6105	0.270619	312.065	139.466
7805	1.561	3.88785	1.6105	0.274224	308.373	139.136
7810	1.562	3.89594	1.6105	0.277809	304.669	138.738
7815	1.563	3.90372	1.6105	0.281372	301.206	138.354
7820	1.564	3.9112	1.6105	0.284912	297.887	137.921
7825	1.565	3.91838	1.6105	0.28843	294.391	137.445
7830	1.566	3.92524	1.6105	0.291925	291.363	136.96
7835	1.567	3.9318	1.6105	0.295395	287.799	136.437
7840	1.568	3.93806	1.6105	0.298842	301.246	135.915
7845	1.569	3.94403	1.6105	0.302263	296.286	135.346
7850	1.57	3.94969	1.6105	0.305662	292.215	134.799
7855	1.571	3.9551	1.6105	0.309039	287.777	134.199
7860	1.572	3.96021	1.6105	0.312392	283.848	133.609
7865	1.573	3.96505	1.6105	0.315721	279.859	132.965
7870	1.574	3.9696	1.6105	0.319025	276.118	132.321
7875	1.575	3.97386	1.6105	0.322303	272.651	131.733
7880	1.576	3.97802	1.6105	0.325579	269.124	131.219
7885	1.577	3.9821	1.6105	0.328851	266.023	130.806
7890	1.578	3.98607	1.6105	0.332119	262.353	130.439
7895	1.579	3.98993	1.6105	0.33538	275.552	130.155
7900	1.58	3.99367	1.6105	0.338634	270.268	129.905
7905	1.581	3.9973	1.6105	0.341884	265.711	129.865
7910	1.582	4.00105	1.6105	0.345155	261.464	129.961
7915	1.583	4.00489	1.6105	0.348444	256.641	130.211
7920	1.584	4.00879	1.6105	0.351747	252.449	130.541
7925	1.585	4.01274	1.6105	0.355062	247.995	130.948
7930	1.586	4.01666	1.6105	0.358385	243.531	131.4
7935	1.587	4.0206	1.6105	0.361715	239.526	131.86
7940	1.588	4.02449	1.6105	0.365048	235.066	132.341
7945	1.589	4.02831	1.6105	0.368381	230.836	132.82
7950	1.59	4.03207	1.6105	0.371714	227.018	133.475
7955	1.591	4.03597	1.6105	0.375071	222.363	134.212
7960	1.592	4.03997	1.6105	0.378449	218.138	135.056
7965	1.593	4.04402	1.6105	0.381842	214.04	135.921
7970	1.594	4.04809	1.6105	0.385247	209.175	136.855
7975	1.595	4.05218	1.6105	0.38866	204.738	137.754
7980	1.596	4.05622	1.6105	0.392076	200.761	138.674
7985	1.597	4.06021	1.6105	0.395493	196.714	139.516
7990	1.598	4.06408	1.6105	0.398907	192.154	140.307
7995	1.599	4.06785	1.6105	0.402317	188.166	120.23
8000	1.6	4.03803	1.6105	0.401595	207.893	101.918
8005	1.601	4.00877	1.6105	0.400902	225.501	85.4024
8010	1.602	3.98028	1.6105	0.400264	241.048	70.5954
8015	1.603	3.95269	1.6105	0.399702	255.373	57.5384
8020	1.604	3.92618	1.6105	0.399233	268.066	45.9071
8025	1.605	3.90051	1.6105	0.398835	278.404	36.2866
8030	1.606	3.87672	1.6105	0.398634	286.98	28.2103
8035	1.607	3.85439	1.6105	0.398581	294.276	21.8948
8040	1.608	3.83394	1.6105	0.398729	300.474	17.119
8045	1.609	3.81532	1.6105	0.399074	304.872	13.7775
8050	1.61	3.79855	1.6105	0.399623	307.002	11.8594
8055	1.611	3.78367	1.6105	0.400379	307.608	11.1875
8060	1.612	3.77065	1.6105	0.401346	307.424	11.7349
8065	1.613	3.75948	1.6105	0.40252	306.296	1.29566
8070	1.614	3.73079	1.6105	0.401517	317.535	0
8075	1.615	3.70403	1.6105	0.400713	325.981	0
8080	1.616	3.67921	1.6105	0.400116	332.396	0
8085	1.617	3.65642	1.6105	0.399734	337.309	0
8090	1.618	3.63562	1.6105	0.399568	340.575	0
8095	1.619	3.61678	1.6105	0.399616	342.55	0
8100	1.62	3.59988	1.6105	0.399875	342.957	0
8105	1.621	3.58482	1.6105	0.400341	342.152	0
8110	1.622	3.57158	1.6105	0.401008	339.871	0
8115	1.623	3.56006	1.6105	0.401869	336.486	0
8120	1.624	3.53854	1.6105	0.401479	339.88	0
8125	1.625	3.51868	1.6105	0.401267	341.725	0
8130	1.626	3.50046	1.6105	0.401232	342.033	0
8135	1.627	3.48387	1.6105	0.401371	340.714	0
8140	1.628	3.46886	1.6105	0.401681	338.043	0
8145	1.629	3.44963	1.6105	0.401452	337.824	0
8150	1.63	3.43193	1.6105	0.401383	336.147	0
8155	1.631	3.41567	1.6105	0.40147	332.915	0.623213
8160	1.632	3.39863	1.6105	0.401436	329.803	9.43285
8165	1.633	3.382	1.6105	0.40143	325.501	23.3012
8170	1.634	3.36559	1.6105	0.401431	320.198	44.03
8175	1.635	3.34936	1.6105	0.401431	313.726	71.6148
8180	1.636	3.33331	1.6105	0.40143	306.124	106.328
8185	1.637	3.31742	1.6105	0.40143	297.372	146.652
8190	1.638	3.30173	1.6105	0.401429	287.443	191.403
8195	1.639	3.28621	1.6105	0.401428	276.417	239.039
8200	1.64	3.27086	1.6105	0.401428	264.312	288.231
8205	1.641	3.25568	1.6105	0.401427	251.173	338.311
8210	1.642	3.24065	1.6105	0.401426	237.116	388.549
8215	1.643	3.22572	1.6105	0.401414	222.131	438.098
8220	1.644	3.21067	1.6105	0.401369	206.602	486.756
8225	1.645	3.19533	1.6105	0.401267	190.5	533.986
8230	1.646	3.17952	1.6105	0.401086	174.473	579.625
8235	1.647	3.16305	1.6105	0.400802	158.892	623.251
8240	1.648	3.14575	1.6105	0.400395	144.217	663.274
8245	1.649	3.12748	1.6105	0.399844	130.913	699.265
8250	1.65	3.10811	1.6105	0.399132	118.91	732.247
8255	1.651	3.08749	1.6105	0.398242	108.5	761.264
8260	1.652	3.06555	1.6105	0.397162	99.4978	797.161
8265	1.653	3.04205	1.6105	0.395859	92.2413	819.858
8270	1.654	3.0169	1.6105	0.394325	86.4604	840.623
8275	1.655	2.98994	1.6105	0.392538	82.436	858.215
8280	1.656	2.96125	1.6105	0.3905	79.7994	873.961
8285	1.657	2.93078	1.6105	0.388213	78.7252	887.068
8290	1.658	2.8986	1.6105	0.385676	78.8572	898.301
8295	1.659	2.86468	1.6105	0.382889	80.1756	907.441
8300	1.66	2.82905	1.6105	0.379853	82.6694	914.634
8305	1.661	2.79172	1.6105	0.37657	86.3388	920.291
8310	1.662	2.75271	1.6105	0.373041	91.2956	923.677
8315	1.663	2.7121	1.6105	0.369271	97.1902	929.789
8320	1.664	2.6698	1.6105	0.365255	104.188	929.55
8325	1.665	2.62592	1.6105	0.361001	111.9	928.222
8330	1.666	2.58039	1.6105	0.356503	120.548	925.044
8335	1.667	2.53337	1.6105	0.351777	129.734	920.948
8340	1.668	2.48491	1.6105	0.346834	139.608	915.628
8345	1.669	2.43544	1.6105	0.34172	149.616	909.488
8350	1.67	2.38477	1.6105	0.336417	159.921	902.419
8355	1.671	2.33304	1.6105	0.33094	170.605	894.51
8360	1.672	2.28035	1.6105	0.325301	181.238	886.154
8365	1.673	2.2268	1.6105	0.319513	192.26	876.878
8370	1.674	2.17249	1.6105	0.313588	203.398	870.209
8375	1.675	2.11753	1.6105	0.307538	214.822	859.663
8380	1.676	2.06198	1.6105	0.301375	226.19	848.951
8385	1.677	2.00585	1.6105	0.295094	237.782	837.389
8390	1.678	1.94924	1.6105	0.288711	249.192	825.736
8395	1.679	1.89224	1.6105	0.282238	260.642	813.558
8400	1.68	1.835	1.6105	0.27569	271.75	801.311
8405	1.681	1.77759	1.6105	0.26908	282.513	788.895
8410	1.682	1.72014	1.63222	0.262418	293.094	776.333
8415	1.683	1.66274	1.68833	0.255718	303.234	763.961
8420	1.684	1.60546	1.74396	0.248989	312.827	751.262
8425	1.685	1.5698	1.79899	0.242243	322.225	741.74
8430	1.686	1.5698	1.85342	0.235488	331.719	728.987
8435	1.687	1.5698	1.90733	0.228732	340.979	716.485
8440	1.688	1.5698	1.96062	0.221962	350.323	703.558
8445	1.689	1.5698	2.01323	0.215189	359.278	690.906
8450	1.69	1.5698	2.06508	0.208424	368.084	678.038
8455	1.691	1.5698	2.11615	0.201674	376.293	665.375
8460	1.692	1.5698	2.12568	0.194943	383.939	679.631
8465	1.693	1.5698	2.11403	0.192973	365.511	706.382
8470	1.694	1.5698	2.10197	0.193471	335.362	731.579
8475	1.695	1.5698	2.09083	0.194035	307.086	753.837
8480	1.696	1.5698	2.08108	0.194504	282.135	777.071
8485	1.697	1.5698	2.07314	0.194823	260.775	793.646
8490	1.698	1.5698	2.06753	0.194943	242.487	807.634
8495	1.699	1.5698	2.06443	0.194802	227.419	818.238
8500	1.7	1.5698	2.06403	0.194371	214.895	826.303
8505	1.701	1.5698	2.06643	0.19363	204.998	831.324
8510	1.702	1.5698	2.0717	0.192563	197.134	833.892
8515	1.703	1.5698	2.07987	0.191157	191.221	833.96
8520	1.704	1.5698	2.09091	0.189407	187.338	831.593
8525	1.705	1.5698	2.10483	0.187309	185.119	827.359
8530	1.706	1.5698	2.1215	0.184865	184.397	820.71
8535	1.707	1.5698	2.14084	0.18208	185.557	816.905
8540	1.708	1.5698	2.16279	0.178961	188.696	806.35
8545	1.709	1.5698	2.18742	0.175515	193.277	794.439
8550	1.71	1.5698	2.21452	0.171727	199.488	780.419
8555	1.711	1.5698	2.24393	0.167616	206.72	765.32
8560	1.712	1.5698	2.27539	0.163203	215.096	748.695
8565	1.713	1.5698	2.30869	0.158509	224.051	731.223
8570	1.714	1.5698	2.34361	0.153557	233.487	712.897
8575	1.715	1.5698	2.35675	0.148369	243.498	709.613
8580	1.716	1.5698	2.35929	0.145699	239.067	713.662
8585	1.717	1.5698	2.36215	0.144268	228.232	716.385
8590	1.718	1.5698	2.36696	0.142798	218.715	723.1
8595	1.719	1.5698	2.37389	0.141092	211.759	721.602
8600	1.72	1.5698	2.38325	0.139131	206.915	718.496
8605	1.721	1.5698	2.39499	0.136874	204.43	712.827
8610	1.722	1.5698	2.40908	0.134321	203.682	705.687
8615	1.723	1.5698	2.42544	0.131476	204.765	696.497
8620	1.724	1.5698	2.44398	0.128345	207.098	685.967
8625	1.725	1.5698	2.46456	0.124934	210.565	674.05
8630	1.726	1.5698	2.48709	0.121256	215.222	660.764
8635	1.727	1.5698	2.51139	0.117321	220.687	646.799
8640	1.728	1.5698	2.52854	0.113144	226.83	637.587
8645	1.729	1.5698	2.54121	0.109785	228.322	638.379
8650	1.73	1.5698	2.55302	0.10694	227.467	632.288
8655	1.731	1.5698	2.56639	0.10418	226.37	625.381
8660	1.732	1.5698	2.58158	0.101219	226.796	616.398
8665	1.733	1.5698	2.59784	0.0980222	228.418	606.923
8670	1.734	1.5698	2.61429	0.0946775	230.931	596.904
8675	1.735	1.5698	2.63046	0.0912882	233.345	587.267
8680	1.736	1.5698	2.64626	0.0879131	235.385	577.861
8685	1.737	1.5698	2.66186	0.0845593	237.254	568.435
8690	1.738	1.5698	2.67753	0.0812049	238.411	559.388
8695	1.739	1.5698	2.69332	0.0778259	240.058	549.784
8700	1.74	1.5698	2.70926	0.0744095	242.021	547.51
8705	1.741	1.5698	2.72529	0.0709551	244.542	537.119
8710	1.742	1.5698	2.74147	0.0674667	247.164	527.058
8715	1.743	1.5698	2.7576	0.0639391	250.144	516.373
8720	1.744	1.5698	2.77358	0.0603969	252.92	506.106
8725	1.745	1.5698	2.78948	0.0568476	255.731	495.527
8730	1.746	1.5698	2.80535	0.053288	258.225	485.13
8735	1.747	1.5698	2.8212	0.049711	260.501	474.723
8740	1.748	1.5698	2.83706	0.0461124	262.431	464.249
8745	1.749	1.5698	2.85291	0.0424916	264.6	454.207
8750	1.75	1.5698	2.8687	0.0388508	267.28	443.575
8755	1.751	1.5698	2.88444	0.0351931	270.044	440.713
8760	1.752	1.5698	2.90014	0.0315202	273.097	429.418
8765	1.753	1.5698	2.91588	0.0278305	276.006	418.52
8770	1.754	1.5698	2.93152	0.0241122	279.082	407.697
8775	1.755	1.5698	2.94696	0.0203867	281.822	396.812
8780	1.756	1.5698	2.96223	0.0166614	284.515	393.463
8785	1.757	1.5698	2.9774	0.0129344	286.805	382.024
8790	1.758	1.5698	2.99247	0.0091989	288.492	371.314
8795	1.759	1.5698	3.00747	0.0054524	290.688	360.165
8800	1.76	1.5698	3.02236	0.0016948	293.112	349.226
8805	1.761	1.5698	3.03712	-0.00207184	295.901	338.836
8810	1.762	1.5698	3.05174	-0.00584501	298.619	327.884
8815	1.763	1.5698	3.06625	-0.00962354	301.452	317.212
8820	1.764	1.5698	3.08074	-0.0134076	304.003	313.158
8825	1.765	1.5698	3.09503	-0.0172101	306.63	301.737
8830	1.766	1.5698	3.10908	-0.0210111	308.829	290.767
8835	1.767	1.5698	3.12288	-0.0248017	310.576	279.88
8840	1.768	1.5698	3.13648	-0.0285834	312.455	268.841
8845	1.769	1.5698	3.14994	-0.0323614	314.535	258.389
8850	1.77	1.5698	3.16322	-0.0361394	316.98	247.381
8855	1.771	1.5698	3.17633	-0.0399182	319.349	236.437
8860	1.772	1.5698	3.18927	-0.0436957	321.787	225.938
8865	1.773	1.5698	3.20198	-0.0474693	323.849	215.764
8870	1.774	1.5698	3.21452	-0.0512375	325.778	205.154
8875	1.775	1.5698	3.22697	-0.0550007	327.433	194.753
8880	1.776	1.5698	3.23915	-0.0587718	329.316	184.603
8885	1.777	1.5698	3.251	-0.0625293	331.006	173.968
8890	1.778	1.5698	3.26258	-0.0662654	332.839	163.746
8895	1.779	1.5698	3.27388	-0.0699819	334.46	154.026
8900	1.78	1.5698	3.28497	-0.073684	335.903	143.712
8905	1.781	1.5698	3.29585	-0.0773756	337.439	133.362
8910	1.782	1.5698	3.30648	-0.0810572	338.752	123.509
8915	1.783	1.5698	3.31691	-0.0847274	340.073	113.401
8920	1.784	1.5698	3.3272	-0.0883855	341.108	103.02
8925	1.785	1.5698	3.33719	-0.0920435	341.534	93.1014
8930	1.786	1.5698	3.3468	-0.0956788	342.215	83.7366
8935	1.787	1.5698	3.35608	-0.0992837	343.497	73.8667
8940	1.788	1.5698	3.36509	-0.10286	344.892	63.9238
8945	1.789	1.5698	3.37381	-0.106415	346.618	54.3191
8950	1.79	1.5698	3.38229	-0.10995	348.097	45.0354
8955	1.791	1.5698	3.39067	-0.113468	349.279	35.2272
8960	1.792	1.5698	3.39872	-0.116984	350.38	25.2286
8965	1.793	1.5698	3.40643	-0.120475	350.373	15.7204
8970	1.794	1.5698	3.41375	-0.123932	351.017	6.63601
8975	1.795	1.5698	3.42073	-0.127352	352.05	0
8980	1.796	1.5698	3.42743	-0.130741	353.744	0
8985	1.797	1.5698	3.43388	-0.134104	355.612	0
8990	1.798	1.5698	3.44006	-0.137446	357.793	0
8995	1.799	1.5698	3.44595	-0.140763	359.725	0
9000	1.8	1.5698	3.4515	-0.144053	361.586	0
9005	1.801	1.5698	3.45675	-0.14731	362.852	0
9010	1.802	1.5698	3.46168	-0.150538	363.548	0
9015	1.803	1.5698	3.46626	-0.153731	363.902	0
9020	1.804	1.5698	3.4705	-0.156885	363.64	0
9025	1.805	1.5698	3.47442	-0.160003	363.078	0
9030	1.806	1.5698	3.47795	-0.163084	361.991	0
9035	1.807	1.5698	3.48116	-0.166125	360.313	0
9040	1.808	1.5698	3.484	-0.169126	359	0
9045	1.809	1.5698	3.48653	-0.172088	358.209	0
9050	1.81	1.5698	3.48872	-0.17501	357.366	0
9055	1.811	1.5698	3.49057	-0.177893	356.853	0
9060	1.812	1.5698	3.49212	-0.180736	356.284	0
9065	1.813	1.5698	3.49334	-0.183539	355.721	0
9070	1.814	1.5698	3.49424	-0.186304	355.317	0
9075	1.815	1.5698	3.49483	-0.189029	354.72	0
9080	1.816	1.5698	3.49514	-0.191714	354.138	0
9085	1.817	1.5698	3.49518	-0.194363	353.225	0
9090	1.818	1.5698	3.49493	-0.196975	352.239	0
9095	1.819	1.5698	3.49438	-0.199549	350.812	0
9100	1.82	1.5698	3.4936	-0.202086	349.272	0
9105	1.821	1.5698	3.49255	-0.204587	347.312	0
9110	1.822	1.5698	3.49122	-0.207053	344.61	0
9115	1.823	1.5698	3.48968	-0.209481	342.35	0
9120	1.824	1.5698	3.4882	-0.211878	340.725	0
9125	1.825	1.5698	3.48672	-0.21428	340.034	0
9130	1.826	1.5698	3.48522	-0.216682	339.599	0
9135	1.827	1.5698	3.48366	-0.219078	339.602	0
9140	1.828	1.5698	3.48204	-0.221466	339.805	0
9145	1.829	1.5698	3.48034	-0.223843	340.553	0
9150	1.83	1.5698	3.47847	-0.226204	341.494	0
9155	1.831	1.5698	3.47651	-0.228544	342.872	0
9160	1.832	1.5698	3.47438	-0.230865	344.321	0
9165	1.833	1.5698	3.4721	-0.233164	346.1	0
9170	1.834	1.5698	3.46963	-0.235437	347.777	0
9175	1.835	1.5698	3.46696	-0.237683	349.38	0
9180	1.836	1.5698	3.4641	-0.239897	351.11	0
9185	1.837	1.5698	3.46102	-0.24208	352.73	0
9190	1.838	1.5698	3.45773	-0.24423	354.478	0
9195	1.839	1.5698	3.45422	-0.246345	356.152	0
9200	1.84	1.5698	3.4505	-0.248426	357.181	0
9205	1.841	1.5698	3.44656	-0.25047	359.606	0
9210	1.842	1.5698	3.44238	-0.252479	363.659	0
9215	1.843	1.5698	3.43798	-0.254451	368.499	0
9220	1.844	1.5698	3.43336	-0.256385	374.287	0
9225	1.845	1.5698	3.42846	-0.258279	380.911	0
9230	1.846	1.5698	3.42332	-0.260131	388.486	0
9235	1.847	1.5698	3.40467	-0.261939	400.229	0
9240	1.848	1.5698	3.38614	-0.261852	401.463	0
9245	1.849	1.5698	3.36756	-0.261752	401.167	0
9250	1.85	1.5698	3.34898	-0.261619	399.753	0
9255	1.851	1.5698	3.3304	-0.261455	398.065	0
9260	1.852	1.5698	3.31183	-0.261262	396.683	0
9265	1.853	1.5698	3.29329	-0.261043	396.27	0
9270	1.854	1.5698	3.27478	-0.2608	397.098	0
9275	1.855	1.5698	3.25633	-0.260533	399.486	0
9280	1.856	1.5698	3.23792	-0.260245	403.47	0
9285	1.857	1.5698	3.21955	-0.259934	409.095	0
9290	1.858	1.5698	3.2012	-0.259601	416.279	0
9295	1.859	1.5698	3.18287	-0.259243	424.993	0
9300	1.86	1.5698	3.16452	-0.258859	434.945	0
9305	1.861	1.5698	3.14615	-0.258446	446.238	0
9310	1.862	1.5698	3.12772	-0.258002	458.444	0
9315	1.863	1.5698	3.10924	-0.257523	473.983	0
9320	1.864	1.5698	3.09064	-0.257006	487.663	0
9325	1.865	1.5698	3.07193	-0.256447	500.107	0
9330	1.866	1.5698	3.05308	-0.255843	511.727	0
9335	1.867	1.5698	3.03405	-0.255191	523.544	0
9340	1.868	1.5698	3.0148	-0.254484	535.958	0
9345	1.869	1.5698	2.99536	-0.253721	548.934	0
9350	1.87	1.5698	2.97571	-0.252903	560.955	0
9355	1.871	1.5698	2.95581	-0.252025	572.797	0
9360	1.872	1.5698	2.93563	-0.251085	583.926	0
9365	1.873	1.5698	2.91517	-0.250077	596.31	0
9370	1.874	1.5698	2.89436	-0.248998	606.694	0
9375	1.875	1.5698	2.87323	-0.247844	615.263	0
9380	1.876	1.5698	2.85171	-0.246611	623.386	0
9385	1.877	1.5698	2.8298	-0.245296	630.289	0
9390	1.878	1.5698	2.80726	-0.243895	651.862	0
9395	1.879	1.5698	2.7841	-0.242377	657.006	0
9400	1.88	1.5698	2.76028	-0.240737	662.481	0
9405	1.881	1.5698	2.73584	-0.238976	668.175	0
9410	1.882	1.5698	2.71074	-0.237094	672.606	0
9415	1.883	1.5698	2.68498	-0.235088	675.55	0
9420	1.884	1.5698	2.65857	-0.232956	677.874	0
9425	1.885	1.5698	2.63149	-0.230698	679.606	0
9430	1.886	1.5698	2.60377	-0.228314	680.613	0
9435	1.887	1.5698	2.57539	-0.225803	681.674	0
9440	1.888	1.5698	2.54636	-0.223165	681.726	0
9445	1.889	1.5698	2.51656	-0.220402	692.487	0
9450	1.89	1.5698	2.48601	-0.217494	690.492	0
9455	1.891	1.5698	2.45474	-0.214444	688.399	0
9460	1.892	1.5698	2.42277	-0.211256	685.262	0
9465	1.893	1.5698	2.39019	-0.207936	682.274	0
9470	1.894	1.5698	2.357	-0.204489	678.841	0
9475	1.895	1.5698	2.32326	-0.200922	675.448	0
9480	1.896	1.5698	2.28904	-0.197241	672.384	0
9485	1.897	1.5698	2.25438	-0.193452	668.261	0
9490	1.898	1.5698	2.21934	-0.189562	664.021	0
9495	1.899	1.5698	2.18395	-0.185578	658.821	0
9500	1.9	1.5698	2.14812	-0.181507	664.688	0
9505	1.901	1.5698	2.1119	-0.177337	658.53	0
9510	1.902	1.5698	2.07539	-0.173075	653.036	0
9515	1.903	1.5698	2.03866	-0.16873	648.045	0
9520	1.904	1.5698	2.00175	-0.164314	642.513	0
9525	1.905	1.5698	1.96475	-0.159836	636.148	0
9530	1.906	1.5698	1.92775	-0.155305	629.752	7.34673
9535	1.907	1.5698	1.8908	-0.150732	623.513	15.1711
9540	1.908	1.5698	1.85403	-0.146128	617.334	22.5681
9545	1.909	1.5698	1.81746	-0.141504	612.05	29.5362
9550	1.91	1.5698	1.78118	-0.136871	606.567	36.0301
9555	1.911	1.5698	1.7451	-0.132238	612.777	42.1942
9560	1.912	1.5698	1.70927	-0.127592	607.292	47.9729
9565	1.913	1.5698	1.67376	-0.122941	601.859	53.3685
9570	1.914	1.59059	1.63866	-0.118295	595.611	58.3298
9575	1.915	1.63625	1.6105	-0.113664	589.899	62.897
9580	1.916	1.68121	1.6105	-0.109047	584.183	67.0823
9585	1.917	1.7255	1.6105	-0.104448	579.017	70.8353
9590	1.918	1.76897	1.6105	-0.0998786	574.43	74.2569
9595	1.919	1.81173	1.6105	-0.0953285	570.057	77.38
9600	1.92	1.85381	1.6105	-0.0907978	566.61	80.2389
9605	1.921	1.89522	1.6105	-0.086286	563.074	82.8367
9610	1.922	1.93596	1.6105	-0.0817927	571.855	85.2233
9615	1.923	1.97606	1.6105	-0.077317	566.617	87.4165
9620	1.924	2.01555	1.6105	-0.0728556	562.13	89.451
9625	1.925	2.05444	1.6105	-0.0684082	557.17	91.325
9630	1.926	2.09275	1.6105	-0.0639745	552.813	93.0826
9635	1.927	2.13048	1.6105	-0.059554	548.385	94.6996
9640	1.928	2.16764	1.6105	-0.0551464	544.351	96.1964
9645	1.929	2.20425	1.6105	-0.0507513	540.639	97.6032
9650	1.93	2.24031	1.6105	-0.0463685	538.002	98.911
9655	1.931	2.27583	1.6105	-0.0419975	534.83	100.153
9660	1.932	2.31084	1.6105	-0.0376376	530.298	101.306
9665	1.933	2.34532	1.6105	-0.0332881	540.555	102.413
9670	1.934	2.37931	1.6105	-0.0289488	534.759	103.474
9675	1.935	2.41284	1.6105	-0.0246163	529.882	104.509
9680	1.936	2.4459	1.6105	-0.0202905	524.85	105.494
9685	1.937	2.47851	1.6105	-0.0159714	520.561	106.476
9690	1.938	2.51068	1.6105	-0.0116588	516.251	107.413
9695	1.939	2.5424	1.6105	-0.00735246	512.272	108.327
9700	1.94	2.57369	1.6105	-0.0030521	508.582	109.238
9705	1.941	2.60456	1.6105	0.0012425	505.114	110.121
9710	1.942	2.63501	1.6105	0.00553164	501.19	111.006
9715	1.943	2.66506	1.6105	0.00981558	496.027	111.866
9720	1.944	2.6947	1.6105	0.0140945	507.316	112.733
9725	1.945	2.72395	1.6105	0.0183683	501.011	113.585
9730	1.946	2.75282	1.6105	0.02264	495.792	114.454
9735	1.947	2.78132	1.6105	0.0269095	490.365	115.323
9740	1.948	2.80948	1.6105	0.0311761	485.643	116.199
9745	1.949	2.83725	1.6105	0.0354397	480.934	117.065
9750	1.95	2.86466	1.6105	0.0397002	476.604	117.925
9755	1.951	2.89173	1.6105	0.0439572	472.613	118.784
9760	1.952	2.91842	1.6105	0.0482107	469.855	119.631
9765	1.953	2.94477	1.6105	0.0524605	466.321	120.484
9770	1.954	2.97076	1.6105	0.0567067	461.222	121.319
9775	1.955	2.99641	1.6105	0.0609492	473.159	122.146
9780	1.956	3.02169	1.6105	0.0651876	466.534	122.981
9785	1.957	3.04668	1.6105	0.0694248	460.716	123.841
9790	1.958	3.07134	1.6105	0.0736603	454.635	124.689
9795	1.959	3.09567	1.6105	0.0778929	449.236	125.558
9800	1.96	3.11969	1.6105	0.0821223	443.955	126.389
9805	1.961	3.14336	1.6105	0.0863477	439.157	127.201
9810	1.962	3.16671	1.6105	0.0905685	434.796	128.014
9815	1.963	3.18972	1.6105	0.0947845	430.535	128.799
9820	1.964	3.21241	1.6105	0.0989949	427.16	129.569
9825	1.965	3.23475	1.6105	0.1032	423.413	130.321
9830	1.966	3.25677	1.6105	0.107398	436.007	131.071
9835	1.967	3.27846	1.6105	0.11159	431.13	131.8
9840	1.968	3.29983	1.6105	0.115778	425.818	132.552
9845	1.969	3.32091	1.6105	0.119963	419.439	133.276
9850	1.97	3.34167	1.6105	0.124142	413.263	134.012
9855	1.971	3.36213	1.6105	0.128315	407.016	134.708
9860	1.972	3.38226	1.6105	0.132481	401.154	135.368
9865	1.973	3.40207	1.6105	0.136639	395.761	136.021
9870	1.974	3.42155	1.6105	0.140788	390.556	136.63
9875	1.975	3.4407	1.6105	0.144928	386.242	137.219
9880	1.976	3.45951	1.6105	0.149058	381.7	137.766
9885	1.977	3.47799	1.6105	0.153177	395.202	138.298
9890	1.978	3.49614	1.6105	0.157285	390.084	138.789
9895	1.979	3.51397	1.6105	0.161383	385.891	139.281
9900	1.98	3.53149	1.6105	0.165473	381.563	139.723
9905	1.981	3.54868	1.6105	0.169552	377.813	140.166
9910	1.982	3.56556	1.6105	0.173621	373.946	140.575
9915	1.983	3.58212	1.6105	0.177678	370.244	140.944
9920	1.984	3.59836	1.6105	0.181724	366.693	141.307
9925	1.985	3.61429	1.6105	0.185757	363.009	141.628
9930	1.986	3.62989	1.6105	0.189778	359.885	141.933
9935	1.987	3.64516	1.6105	0.193785	356.204	142.202
9940	1.988	3.66013	1.6105	0.197778	369.315	142.449
9945	1.989	3.67475	1.6105	0.201756	364.555	142.677
9950	1.99	3.68909	1.6105	0.205723	360.47	142.904
9955	1.991	3.70313	1.6105	0.209677	355.983	143.081
9960	1.992	3.71685	1.6105	0.213618	351.942	143.261
9965	1.993	3.73026	1.6105	0.217545	347.804	143.395
9970	1.994	3.74337	1.6105	0.221457	343.877	143.49
9975	1.995	3.75618	1.6105	0.225354	340.201	143.549
9980	1.996	3.76866	1.6105	0.229234	336.478	143.584
9985	1.997	3.78084	1.6105	0.233098	333.273	143.606
9990	1.998	3.79269	1.6105	0.236945	329.458	143.587
9995	1.999	3.80424	1.6105	0.240773	342.318	143.546
10000	2	3.81544	1.6105	0.244583	337.34	143.483
10005	2.001	3.82638	1.6105	0.248378	332.984	143.428
10010	2.002	3.83702	1.6105	0.252155	328.213	143.325
10015	2.003	3.84735	1.6105	0.255915	323.85	143.223
10020	2.004	3.85738	1.6105	0.259657	319.389	143.061
10025	2.005	3.86709	1.6105	0.263379	315.113	142.854
10030	2.006	3.8765	1.6105	0.267081	311.05	142.638
10035	2.007	3.88561	1.6105	0.270762	306.918	142.366
10040	2.008	3.89439	1.6105	0.274422	303.377	142.073
10045	2.009	3.90286	1.6105	0.27806	299.455	141.725
10050	2.01	3.91102	1.6105	0.281675	312.527	141.355
10055	2.011	3.91884	1.6105	0.285266	307.686	140.964
10060	2.012	3.9264	1.6105	0.288836	303.46	140.573
10065	2.013	3.93365	1.6105	0.292385	298.851	140.132
10070	2.014	3.94059	1.6105	0.295911	294.627	139.696
10075	2.015	3.94724	1.6105	0.299414	290.28	139.213
10080	2.016	3.95359	1.6105	0.302893	286.097	138.677
10085	2.017	3.95963	1.6105	0.306347	282.098	138.131
10090	2.018	3.96535	1.6105	0.309775	278.013	137.551
10095	2.019	3.97081	1.6105	0.313183	274.456	136.992
10100	2.02	3.976	1.6105	0.316568	270.492	136.381
10105	2.021	3.98091	1.6105	0.319929	267.503	135.907
10110	2.022	3.98575	1.6105	0.323289	264.006	135.469
10115	2.023	3.99046	1.6105	0.326645	260.907	135.112
10120	2.024	3.99505	1.6105	0.329995	257.543	134.902
10125	2.025	3.99969	1.6105	0.333358	254.044	134.836
10130	2.026	4.00432	1.6105	0.336733	250.814	134.867
10135	2.027	4.00896	1.6105	0.340113	246.869	134.949
10140	2.028	4.01354	1.6105	0.343495	243.563	135.089
10145	2.029	4.01802	1.6105	0.346876	239.928	135.241
10150	2.03	4.0224	1.6105	0.350253	236.228	135.551
10155	2.031	4.02686	1.6105	0.353647	232.802	135.925
10160	2.032	4.03133	1.6105	0.357053	229.678	136.401
10165	2.033	4.03582	1.6105	0.360468	225.983	137.017
10170	2.034	4.04047	1.6105	0.363911	222.446	137.769
10175	2.035	4.04521	1.6105	0.367376	218.699	138.58
10180	2.036	4.05003	1.6105	0.370857	214.565	139.435
10185	2.037	4.05484	1.6105	0.374348	211.057	140.286
10190	2.038	4.05961	1.6105	0.377844	206.819	141.106
10195	2.039	4.06429	1.6105	0.381339	202.588	141.925
10200	2.04	4.06887	1.6105	0.38483	198.665	142.677
10205	2.041	4.0733	1.6105	0.388312	210.721	143.366
10210	2.042	4.07753	1.6105	0.391781	205.095	143.99
10215	2.043	4.08161	1.6105	0.395238	199.9	144.687
10220	2.044	4.08569	1.6105	0.398706	195.308	145.389
10225	2.045	4.08973	1.6105	0.402179	191.239	125.656
10230	2.046	4.06081	1.6105	0.401596	209.278	107.552
10235	2.047	4.03226	1.6105	0.401023	225.551	91.1535
10240	2.048	4.00429	1.6105	0.400484	240.869	76.3641
10245	2.049	3.9771	1.6105	0.400001	255.088	63.1512
10250	2.05	3.95078	1.6105	0.39959	266.991	51.4066
10255	2.051	3.92524	1.6105	0.399242	277.184	41.1364
10260	2.052	3.90076	1.6105	0.39899	286.349	32.3908
10265	2.053	3.8775	1.6105	0.398851	294.326	25.0227
10270	2.054	3.85548	1.6105	0.398838	301.413	19.0646
10275	2.055	3.83482	1.6105	0.398961	306.65	14.5181
10280	2.056	3.81581	1.6105	0.39926	309.567	11.4004
10285	2.057	3.79848	1.6105	0.399739	311.27	9.75037
10290	2.058	3.78323	1.6105	0.400451	311.607	9.43644
10295	2.059	3.76982	1.6105	0.401369	311.162	10.2245
10300	2.06	3.75821	1.6105	0.402488	309.692	0.487301
10305	2.061	3.72979	1.6105	0.401516	320.423	0
10310	2.062	3.70328	1.6105	0.400743	329.297	0
10315	2.063	3.67877	1.6105	0.400181	336.479	0
10320	2.064	3.65627	1.6105	0.399836	341.572	0
10325	2.065	3.63582	1.6105	0.399712	344.8	0
10330	2.066	3.6174	1.6105	0.39981	346.13	0
10335	2.067	3.60096	1.6105	0.40013	345.445	0
10340	2.068	3.58648	1.6105	0.400668	343.073	0
10345	2.069	3.57388	1.6105	0.401416	338.876	0
10350	2.07	3.56305	1.6105	0.402367	333.293	0
10355	2.071	3.53766	1.6105	0.401502	337.493	0
10360	2.072	3.51401	1.6105	0.40082	339.745	0
10365	2.073	3.49211	1.6105	0.400323	339.888	1.20285
10370	2.074	3.47196	1.6105	0.400011	338.24	8.2044
10375	2.075	3.45348	1.6105	0.39988	334.728	17.1489
10380	2.076	3.43662	1.6105	0.399922	329.607	28.6881
10385	2.077	3.42127	1.6105	0.400129	322.935	42.3095
10390	2.078	3.40733	1.6105	0.400489	314.784	55.7995
10395	2.079	3.39471	1.6105	0.40099	305.275	76.2816
10400	2.08	3.38325	1.6105	0.401619	294.18	102.247
10405	2.081	3.36552	1.6105	0.401459	286.667	139.175
10410	2.082	3.3488	1.6105	0.401395	277.216	185.969
10415	2.083	3.33289	1.6105	0.401411	265.986	239.898
10420	2.084	3.31763	1.6105	0.401488	253.18	297.102
10425	2.085	3.3015	1.6105	0.401432	239.874	355.709
10430	2.086	3.28567	1.6105	0.401396	225.444	414.006
10435	2.087	3.27	1.6105	0.401356	209.915	470.567
10440	2.088	3.25429	1.6105	0.401289	193.607	524.818
10445	2.089	3.23831	1.6105	0.401168	177.05	573.981
10450	2.09	3.22191	1.6105	0.40097	160.774	619.08
10455	2.091	3.20482	1.6105	0.400672	145.458	659.687
10460	2.092	3.18698	1.6105	0.400252	131.201	696.679
10465	2.093	3.16817	1.6105	0.399691	118.414	730.714
10470	2.094	3.1481	1.6105	0.39895	107.067	760.937
10475	2.095	3.12669	1.6105	0.398014	97.4542	797.682
10480	2.096	3.10371	1.6105	0.396861	89.3668	821.322
10485	2.097	3.07919	1.6105	0.395487	83.0106	843.249
10490	2.098	3.0531	1.6105	0.393888	78.0401	861.877
10495	2.099	3.02543	1.6105	0.392061	74.4353	878.798
10500	2.1	2.99614	1.6105	0.390001	72.3361	892.871
10505	2.101	2.96519	1.6105	0.387703	71.5012	905.206
10510	2.102	2.93259	1.6105	0.385163	71.9011	915.227
10515	2.103	2.89831	1.6105	0.38238	73.587	923.438
10520	2.104	2.86238	1.6105	0.379353	76.6852	929.866
10525	2.105	2.82467	1.6105	0.376071	80.918	933.997
10530	2.106	2.78529	1.6105	0.372542	86.359	940.781
10535	2.107	2.74419	1.6105	0.368759	92.6935	941.001
10540	2.108	2.70148	1.6105	0.364736	100.027	940.299
10545	2.109	2.65723	1.6105	0.360482	107.98	937.684
10550	2.11	2.61154	1.6105	0.356008	116.483	934.322
10555	2.111	2.56451	1.6105	0.351325	125.632	929.431
10560	2.112	2.51619	1.6105	0.346442	135.153	924.09
10565	2.113	2.46705	1.6105	0.341413	144.942	917.599
10570	2.114	2.41678	1.6105	0.336201	154.985	910.392
10575	2.115	2.36547	1.6105	0.330817	165.368	902.776
10580	2.116	2.31337	1.6105	0.325292	175.877	894.185
10585	2.117	2.26046	1.6105	0.319625	186.783	888.064
10590	2.118	2.20675	1.6105	0.313813	197.804	877.822
10595	2.119	2.15232	1.6105	0.307871	209.118	867.49
10600	2.12	2.09727	1.6105	0.301811	220.35	856.243
10605	2.121	2.04174	1.6105	0.295646	231.44	845.025
10610	2.122	1.98582	1.6105	0.289389	242.539	833.169
10615	2.123	1.92962	1.6105	0.283054	253.346	821.38
10620	2.124	1.87324	1.6105	0.276652	264.057	809.253
10625	2.125	1.81677	1.6105	0.270195	274.377	797.134
10630	2.126	1.76029	1.6105	0.263693	284.541	785.179
10635	2.127	1.70392	1.64798	0.257158	294.093	772.953
10640	2.128	1.64771	1.70272	0.250598	303.765	763.709
10645	2.129	1.59156	1.75706	0.244003	313.317	750.937
10650	2.13	1.5698	1.81088	0.237383	322.979	738.548
10655	2.131	1.5698	1.86412	0.230749	332.294	725.653
10660	2.132	1.5698	1.91668	0.224111	341.226	713.182
10665	2.133	1.5698	1.96852	0.217479	349.91	700.401
10670	2.134	1.5698	2.01965	0.210858	358.055	687.977
10675	2.135	1.5698	2.07001	0.204251	365.907	675.432
10680	2.136	1.5698	2.09587	0.197662	373.181	678.645
10685	2.137	1.5698	2.09991	0.193847	365.175	695.519
10690	2.138	1.5698	2.09471	0.192543	343.717	716.635
10695	2.139	1.5698	2.09026	0.192321	318.996	739.056
10700	2.14	1.5698	2.08693	0.192015	297.292	755.169
10705	2.141	1.5698	2.08505	0.191585	278.807	769.313
10710	2.142	1.5698	2.08486	0.190991	262.942	780.414
10715	2.143	1.5698	2.08659	0.190201	249.471	789.497
10720	2.144	1.5698	2.09038	0.189187	238.382	795.758
10725	2.145	1.5698	2.09635	0.187931	229.193	800.013
10730	2.146	1.5698	2.10458	0.186415	221.99	801.839
10735	2.147	1.5698	2.11513	0.184627	216.361	801.664
10740	2.148	1.5698	2.12796	0.18256	212.509	799.78
10745	2.149	1.5698	2.14312	0.180211	209.998	795.606
10750	2.15	1.5698	2.16078	0.177575	208.845	794.157
10755	2.151	1.5698	2.18085	0.174626	209.522	785.891
10760	2.152	1.5698	2.2032	0.171374	212.135	776.512
10765	2.153	1.5698	2.2277	0.167829	216.052	764.976
10770	2.154	1.5698	2.2413	0.164004	221.068	761.276
10775	2.155	1.5698	2.24824	0.161427	219.042	761.304
10780	2.156	1.5698	2.25409	0.159618	212.845	761.921
10785	2.157	1.5698	2.26217	0.15793	206.518	760.305
10790	2.158	1.5698	2.27253	0.155971	201.897	756.897
10795	2.159	1.5698	2.28513	0.153735	199.161	752.044
10800	2.16	1.5698	2.29997	0.151221	197.873	745.052
10805	2.161	1.5698	2.3139	0.148427	197.983	744.496
10810	2.162	1.5698	2.32669	0.145723	197.711	738.297
10815	2.163	1.5698	2.33891	0.143137	197.27	732.967
10820	2.164	1.5698	2.35126	0.140601	196.632	726.63
10825	2.165	1.5698	2.36411	0.138035	196.207	720.28
10830	2.166	1.5698	2.3775	0.135393	196.388	712.902
10835	2.167	1.5698	2.39127	0.132672	196.847	705.52
10840	2.168	1.5698	2.40525	0.12989	197.685	697.69
10845	2.169	1.5698	2.41933	0.127066	198.494	689.875
10850	2.17	1.5698	2.4335	0.124212	199.474	682.327
10855	2.171	1.5698	2.44781	0.121329	200.329	674.205
10860	2.172	1.5698	2.46239	0.118411	201.132	672.765
10865	2.173	1.5698	2.47713	0.115442	202.264	663.831
10870	2.174	1.5698	2.49192	0.112437	203.975	655.475
10875	2.175	1.5698	2.5068	0.109405	205.782	646.258
10880	2.176	1.5698	2.52178	0.106345	207.676	637.438
10885	2.177	1.5698	2.53687	0.103254	209.823	627.924
10890	2.178	1.5698	2.5521	0.100128	211.912	618.663
10895	2.179	1.5698	2.56745	0.0969663	214.192	609.057
10900	2.18	1.5698	2.5829	0.0937707	216.331	599.528
10905	2.181	1.5698	2.59844	0.0905431	218.617	590.324
10910	2.182	1.5698	2.61407	0.0872846	220.733	580.6
10915	2.183	1.5698	2.62988	0.0839948	222.772	578.356
10920	2.184	1.5698	2.64573	0.0806613	225.063	567.974
10925	2.185	1.5698	2.66153	0.0773033	227.827	558.261
10930	2.186	1.5698	2.6773	0.0739291	230.589	547.782
10935	2.187	1.5698	2.69307	0.0705374	233.326	537.758
10940	2.188	1.5698	2.7089	0.0671232	236.231	527.135
10945	2.189	1.5698	2.72476	0.0636828	239.009	516.813
10950	2.19	1.5698	2.74066	0.0602155	241.887	506.236
10955	2.191	1.5698	2.75656	0.0567232	244.548	495.788
10960	2.192	1.5698	2.77245	0.0532083	247.279	485.729
10965	2.193	1.5698	2.78833	0.0496724	249.329	475.231
10970	2.194	1.5698	2.80431	0.046115	251.818	472.543
10975	2.195	1.5698	2.82026	0.0425236	254.546	461.413
10980	2.196	1.5698	2.83603	0.0389177	257.712	450.968
10985	2.197	1.5698	2.85171	0.035306	260.772	439.819
10990	2.198	1.5698	2.86728	0.0316873	263.74	429.154
10995	2.199	1.5698	2.88282	0.0280564	266.784	426.109
11000	2.2	1.5698	2.89831	0.0244097	269.613	414.876
11005	2.201	1.5698	2.91376	0.0207448	272.476	404.039
11010	2.202	1.5698	2.92914	0.0170647	275.063	392.966
11015	2.203	1.5698	2.9444	0.0133725	277.27	382.204
11020	2.204	1.5698	2.9596	0.00966959	279.626	371.688
11025	2.205	1.5698	2.97479	0.00595561	282.497	360.66
11030	2.206	1.5698	2.98986	0.00221736	285.47	350.127
11035	2.207	1.5698	3.00467	-0.00152363	288.702	339.562
11040	2.208	1.5698	3.01931	-0.00525962	291.635	328.77
11045	2.209	1.5698	3.03378	-0.00899226	294.297	318.651
11050	2.21	1.5698	3.04813	-0.0127268	296.909	308.002
11055	2.211	1.5698	3.06235	-0.0164667	299.207	297.481
11060	2.212	1.5698	3.07644	-0.0202125	300.996	287.522
11065	2.213	1.5698	3.09036	-0.0239623	302.992	277.309
11070	2.214	1.5698	3.10412	-0.0277136	305.482	267.086
11075	2.215	1.5698	3.11771	-0.0314649	308.036	257.246
11080	2.216	1.5698	3.13126	-0.0352163	310.839	246.613
11085	2.217	1.5698	3.14458	-0.0389811	313.484	236.048
11090	2.218	1.5698	3.15759	-0.0427373	316.125	226.156
11095	2.219	1.5698	3.17034	-0.0464772	318.274	216.47
11100	2.22	1.5698	3.18286	-0.0502029	320.014	206.286
11105	2.221	1.5698	3.19519	-0.0539197	321.222	196.411
11110	2.222	1.5698	3.20733	-0.0576313	322.583	186.734
11115	2.223	1.5698	3.21929	-0.0613382	324.522	176.361
11120	2.224	1.5698	3.23103	-0.0650392	326.742	166.296
11125	2.225	1.5698	3.24268	-0.0687332	329.45	156.607
11130	2.226	1.5698	3.25403	-0.0724321	332.28	146.617
11135	2.227	1.5698	3.26505	-0.0761134	335.295	136.325
11140	2.228	1.5698	3.27575	-0.0797693	337.997	126.299
11145	2.229	1.5698	3.28619	-0.0834017	340.652	116.759
11150	2.23	1.5698	3.29637	-0.0870163	342.843	112.228
11155	2.231	1.5698	3.30636	-0.0906172	344.585	101.831
11160	2.232	1.5698	3.31623	-0.094206	346.169	91.3529
11165	2.233	1.5698	3.32581	-0.0977982	347.36	81.3997
11170	2.234	1.5698	3.33503	-0.101369	348.345	71.9003
11175	2.235	1.5698	3.34392	-0.104909	348.82	61.9938
11180	2.236	1.5698	3.35248	-0.108419	348.8	52.2154
11185	2.237	1.5698	3.36079	-0.111903	349.065	42.7366
11190	2.238	1.5698	3.36884	-0.115367	349.936	33.6223
11195	2.239	1.5698	3.37665	-0.118813	350.852	23.8196
11200	2.24	1.5698	3.38416	-0.12224	352.01	13.985
11205	2.241	1.5698	3.39136	-0.125641	352.698	4.44446
11210	2.242	1.5698	3.39842	-0.129015	353.004	0
11215	2.243	1.5698	3.40514	-0.13238	353.419	0
11220	2.244	1.5698	3.41151	-0.135716	353.646	0
11225	2.245	1.5698	3.41755	-0.139016	353.979	0
11230	2.246	1.5698	3.42326	-0.142281	354.136	0
11235	2.247	1.5698	3.42871	-0.145516	354.406	0
11240	2.248	1.5698	3.4339	-0.148726	354.446	0
11245	2.249	1.5698	3.43883	-0.151911	354.555	0
11250	2.25	1.5698	3.4435	-0.155071	354.331	0
11255	2.251	1.5698	3.44786	-0.158203	354.128	0
11260	2.252	1.5698	3.4519	-0.161304	353.502	0
11265	2.253	1.5698	3.45567	-0.164373	351.806	0
11270	2.254	1.5698	3.45911	-0.167408	350.765	0
11275	2.255	1.5698	3.46224	-0.170409	350.112	0
11280	2.256	1.5698	3.46505	-0.173375	349.968	0
11285	2.257	1.5698	3.46756	-0.176303	349.826	0
11290	2.258	1.5698	3.46976	-0.179197	349.694	0
11295	2.259	1.5698	3.47164	-0.182054	349.134	0
11300	2.26	1.5698	3.47349	-0.184873	348.613	0
11305	2.261	1.5698	3.47527	-0.187692	348.031	0
11310	2.262	1.5698	3.47696	-0.190505	347.775	0
11315	2.263	1.5698	3.47846	-0.193307	347.418	0
11320	2.264	1.5698	3.47984	-0.196092	346.94	0
11325	2.265	1.5698	3.48105	-0.198861	346.639	0
11330	2.266	1.5698	3.48205	-0.201608	346.229	0
11335	2.267	1.5698	3.48309	-0.204331	345.956	0
11340	2.268	1.5698	3.48417	-0.207064	345.683	0
11345	2.269	1.5698	3.48517	-0.2098	345.692	0
11350	2.27	1.5698	3.48609	-0.212532	345.58	0
11355	2.271	1.5698	3.4869	-0.215255	345.132	0
11360	2.272	1.5698	3.48654	-0.217963	345.413	0
11365	2.273	1.5698	3.4855	-0.220516	346.067	0
11370	2.274	1.5698	3.48419	-0.222973	346.863	0
11375	2.275	1.5698	3.483	-0.225398	347.758	0
11380	2.276	1.5698	3.48183	-0.227833	349.174	0
11385	2.277	1.5698	3.48063	-0.23027	350.903	0
11390	2.278	1.5698	3.47918	-0.232703	353.254	0
11395	2.279	1.5698	3.47744	-0.235101	355.845	0
11400	2.28	1.5698	3.47546	-0.237458	358.901	0
11405	2.281	1.5698	3.47325	-0.239776	362.134	0
11410	2.282	1.5698	3.47088	-0.242063	365.777	0
11415	2.283	1.5698	3.46831	-0.244323	369.519	0
11420	2.284	1.5698	3.46553	-0.246553	373.585	0
11425	2.285	1.5698	3.4625	-0.248749	377.628	0
11430	2.286	1.5698	3.45923	-0.250909	381.698	0
11435	2.287	1.5698	3.4557	-0.25303	388.431	0
11440	2.288	1.5698	3.4519	-0.255111	392.179	0
11445	2.289	1.5698	3.44779	-0.257147	391.905	0
11450	2.29	1.5698	3.44339	-0.259136	391.427	0
11455	2.291	1.5698	3.43869	-0.261078	391.833	0
11460	2.292	1.5698	3.41275	-0.262972	393.031	0
11465	2.293	1.5698	3.38713	-0.261883	382.47	0
11470	2.294	1.5698	3.36164	-0.260803	374.977	0
11475	2.295	1.5698	3.33629	-0.259701	370.85	0
11480	2.296	1.5698	3.31111	-0.258582	369.9	0
11485	2.297	1.5698	3.28612	-0.25745	371.988	0
11490	2.298	1.5698	3.26136	-0.256307	376.795	0
11495	2.299	1.5698	3.23677	-0.255157	383.928	0
11500	2.3	1.5698	3.21244	-0.254001	392.78	0
11505	2.301	1.5698	3.18832	-0.252839	403.196	0
11510	2.302	1.5698	3.16437	-0.251672	414.576	0
11515	2.303	1.5698	3.14065	-0.250497	426.895	0
11520	2.304	1.5698	3.11706	-0.249314	439.699	0
11525	2.305	1.5698	3.09362	-0.248119	455.559	0
11530	2.306	1.5698	3.07029	-0.246909	469.42	0
11535	2.307	1.5698	3.04706	-0.245681	481.616	0
11540	2.308	1.5698	3.0239	-0.244431	492.756	0
11545	2.309	1.5698	3.00077	-0.243157	503.39	0
11550	2.31	1.5698	2.97769	-0.241855	514.376	0
11555	2.311	1.5698	2.95462	-0.240527	525.775	0
11560	2.312	1.5698	2.93157	-0.239169	536.621	0
11565	2.313	1.5698	2.90845	-0.237776	547.129	0
11570	2.314	1.5698	2.88526	-0.236344	557.383	0
11575	2.315	1.5698	2.86201	-0.23487	567.143	0
11580	2.316	1.5698	2.83863	-0.233352	578.17	0
11585	2.317	1.5698	2.81515	-0.231786	586.763	0
11590	2.318	1.5698	2.79154	-0.230172	610.826	0
11595	2.319	1.5698	2.76768	-0.228508	616.556	0
11600	2.32	1.5698	2.74355	-0.226775	622.646	0
11605	2.321	1.5698	2.71914	-0.224973	628.008	0
11610	2.322	1.5698	2.69444	-0.223098	633.689	0
11615	2.323	1.5698	2.6694	-0.22115	638.961	0
11620	2.324	1.5698	2.64399	-0.219121	645.122	0
11625	2.325	1.5698	2.6182	-0.217009	649.854	0
11630	2.326	1.5698	2.59198	-0.214809	653.441	0
11635	2.327	1.5698	2.56532	-0.212517	656.765	0
11640	2.328	1.5698	2.53819	-0.210129	658.896	0
11645	2.329	1.5698	2.51059	-0.207643	672.592	0
11650	2.33	1.5698	2.48232	-0.205056	673.155	0
11655	2.331	1.5698	2.45339	-0.202341	673.958	0
11660	2.332	1.5698	2.42381	-0.199501	674.138	0
11665	2.333	1.5698	2.3936	-0.196536	673.531	0
11670	2.334	1.5698	2.36279	-0.193449	671.859	0
11675	2.335	1.5698	2.33143	-0.190242	669.867	0
11680	2.336	1.5698	2.29947	-0.186917	667.646	0
11685	2.337	1.5698	2.26699	-0.183479	665.035	0
11690	2.338	1.5698	2.23403	-0.179931	662.786	0
11695	2.339	1.5698	2.2006	-0.176277	660.586	0
11700	2.34	1.5698	2.16674	-0.172521	667.535	0
11705	2.341	1.5698	2.13233	-0.168669	662.745	0
11710	2.342	1.5698	2.09744	-0.164703	658.045	0
11715	2.343	1.5698	2.06212	-0.160633	652.473	0
11720	2.344	1.5698	2.02646	-0.156466	647.198	0
11725	2.345	1.5698	1.99047	-0.152212	641.655	0
11730	2.346	1.5698	1.95429	-0.147879	636.324	0
11735	2.347	1.5698	1.91794	-0.143476	631.52	2.53858
11740	2.348	1.5698	1.88148	-0.139012	625.81	10.4618
11745	2.349	1.5698	1.84504	-0.134496	620.266	18.1079
11750	2.35	1.5698	1.80864	-0.129939	614.118	25.4244
11755	2.351	1.5698	1.77237	-0.12535	619.698	32.382
11760	2.352	1.5698	1.73613	-0.120742	613.258	39.0922
11765	2.353	1.5698	1.70002	-0.116097	607.644	45.5123
11770	2.354	1.5698	1.66408	-0.11143	601.654	51.5856
11775	2.355	1.60067	1.62841	-0.106749	597.155	57.2973
11780	2.356	1.64669	1.6105	-0.102067	591.617	62.579
11785	2.357	1.69208	1.6105	-0.0973916	585.84	67.4384
11790	2.358	1.73682	1.6105	-0.0927308	580.143	71.9057
11795	2.359	1.78086	1.6105	-0.088086	574.47	75.9946
11800	2.36	1.82423	1.6105	-0.0834585	569.681	79.6572
11805	2.361	1.86677	1.6105	-0.0788638	564.728	82.9971
11810	2.362	1.90864	1.6105	-0.0742863	572.672	86.0589
11815	2.363	1.94983	1.6105	-0.0697276	567.729	88.852
11820	2.364	1.99038	1.6105	-0.0651855	564.992	91.4326
11825	2.365	2.0303	1.6105	-0.0606599	560.781	93.7993
11830	2.366	2.06961	1.6105	-0.0561497	556.277	95.9847
11835	2.367	2.1083	1.6105	-0.0516547	551.161	97.9932
11840	2.368	2.1464	1.6105	-0.0471744	546.116	99.8308
11845	2.369	2.18389	1.6105	-0.0427086	541.293	101.548
11850	2.37	2.22083	1.6105	-0.0382572	536.503	103.115
11855	2.371	2.25718	1.6105	-0.0338199	532.574	104.581
11860	2.372	2.29298	1.6105	-0.0293965	528.302	105.92
11865	2.373	2.32821	1.6105	-0.0249869	538.084	107.182
11870	2.374	2.36291	1.6105	-0.0205908	534.822	108.352
11875	2.375	2.39709	1.6105	-0.0162049	531.184	109.478
11880	2.376	2.43078	1.6105	-0.0118288	526.292	110.534
11885	2.377	2.46399	1.6105	-0.00746188	521.42	111.557
11890	2.378	2.49671	1.6105	-0.00310417	516.158	112.521
11895	2.379	2.52895	1.6105	0.00124457	511.071	113.448
11900	2.38	2.56075	1.6105	0.00558441	506.253	114.345
11905	2.381	2.59207	1.6105	0.00991542	501.471	115.183
11910	2.382	2.62292	1.6105	0.0142378	497.52	116.025
11915	2.383	2.65335	1.6105	0.0185515	493.225	116.818
11920	2.384	2.68333	1.6105	0.0228569	504.176	117.595
11925	2.385	2.71287	1.6105	0.027154	500.876	118.355
11930	2.386	2.74201	1.6105	0.031446	497.113	119.125
11935	2.387	2.77076	1.6105	0.0357331	491.887	119.883
11940	2.388	2.79912	1.6105	0.0400157	486.511	120.654
11945	2.389	2.82709	1.6105	0.0442932	480.71	121.414
11950	2.39	2.85469	1.6105	0.0485656	475.093	122.144
11955	2.391	2.88188	1.6105	0.0528323	469.819	122.89
11960	2.392	2.90871	1.6105	0.0570931	464.653	123.607
11965	2.393	2.93515	1.6105	0.0613477	460.387	124.322
11970	2.394	2.96121	1.6105	0.0655958	455.842	125.017
11975	2.395	2.98689	1.6105	0.0698371	467.732	125.7
11980	2.396	3.0122	1.6105	0.0740716	462.868	126.379
11985	2.397	3.03716	1.6105	0.0783021	458.879	127.086
11990	2.398	3.06178	1.6105	0.0825283	455.367	127.777
11995	2.399	3.08606	1.6105	0.0867501	450.907	128.491
12000	2.4	3.11	1.6105	0.0909671	445.336	129.179
12005	2.401	3.13359	1.6105	0.095179	439.474	129.849
12010	2.402	3.15685	1.6105	0.0993853	433.714	130.525
12015	2.403	3.17976	1.6105	0.103585	427.956	131.167
12020	2.404	3.20232	1.6105	0.107778	423.144	131.805
12025	2.405	3.22454	1.6105	0.111964	418.153	132.415
12030	2.406	3.24641	1.6105	0.116141	430.752	133.027
12035	2.407	3.26793	1.6105	0.12031	425.161	133.617
12040	2.408	3.28912	1.6105	0.124473	420.49	134.226
12045	2.409	3.30999	1.6105	0.128629	415.575	134.811
12050	2.41	3.33055	1.6105	0.132778	411.268	135.399
12055	2.411	3.35077	1.6105	0.13692	406.932	135.954
12060	2.412	3.37066	1.6105	0.141053	402.877	136.483
12065	2.413	3.39023	1.6105	0.145178	399.063	137.006
12070	2.414	3.40947	1.6105	0.149293	395.51	137.492
12075	2.415	3.42836	1.6105	0.153399	391.221	137.975
12080	2.416	3.44693	1.6105	0.157495	385.59	138.418
12085	2.417	3.46517	1.6105	0.16158	398.371	138.859
12090	2.418	3.48309	1.6105	0.165653	391.26	139.257
12095	2.419	3.50067	1.6105	0.169718	385.082	139.67
12100	2.42	3.51796	1.6105	0.173773	378.958	140.033
12105	2.421	3.53493	1.6105	0.177818	373.677	140.405
12110	2.422	3.55158	1.6105	0.18185	368.559	140.729
12115	2.423	3.56789	1.6105	0.18587	363.856	141.018
12120	2.424	3.58388	1.6105	0.189876	359.53	141.283
12125	2.425	3.59951	1.6105	0.193868	355.278	141.511
12130	2.426	3.61483	1.6105	0.197846	351.773	141.73
12135	2.427	3.62982	1.6105	0.201808	347.886	141.879
12140	2.428	3.64444	1.6105	0.205754	361.332	142.027
12145	2.429	3.65874	1.6105	0.209684	356.573	142.147
12150	2.43	3.67275	1.6105	0.2136	352.564	142.264
12155	2.431	3.68643	1.6105	0.217501	348.212	142.338
12160	2.432	3.6998	1.6105	0.221388	344.371	142.398
12165	2.433	3.71283	1.6105	0.225259	340.455	142.419
12170	2.434	3.72556	1.6105	0.229113	336.786	142.399
12175	2.435	3.73797	1.6105	0.23295	333.352	142.36
12180	2.436	3.75007	1.6105	0.23677	329.912	142.269
12185	2.437	3.76184	1.6105	0.240572	327.017	142.186
12190	2.438	3.77329	1.6105	0.244355	323.524	142.046
12195	2.439	3.7844	1.6105	0.248118	336.626	141.918
12200	2.44	3.79522	1.6105	0.251863	331.966	141.749
12205	2.441	3.80573	1.6105	0.25559	327.917	141.584
12210	2.442	3.81593	1.6105	0.2593	323.462	141.377
12215	2.443	3.82584	1.6105	0.262991	319.409	141.181
12220	2.444	3.83545	1.6105	0.266663	315.233	140.93
12225	2.445	3.84475	1.6105	0.270315	311.238	140.634
12230	2.446	3.85373	1.6105	0.273947	307.443	140.333
12235	2.447	3.86242	1.6105	0.277558	303.558	139.986
12240	2.448	3.87079	1.6105	0.281146	300.246	139.622
12245	2.449	3.87885	1.6105	0.284712	296.504	139.205
12250	2.45	3.8866	1.6105	0.288255	309.64	138.769
12255	2.451	3.89403	1.6105	0.291774	305.07	138.306
12260	2.452	3.90119	1.6105	0.295273	301.13	137.85
12265	2.453	3.90804	1.6105	0.298749	296.794	137.361
12270	2.454	3.91462	1.6105	0.302204	292.825	136.87
12275	2.455	3.92089	1.6105	0.305635	288.709	136.339
12280	2.456	3.92687	1.6105	0.309042	284.714	135.775
12285	2.457	3.93256	1.6105	0.312425	280.877	135.19
12290	2.458	3.93793	1.6105	0.315783	276.926	134.573
12295	2.459	3.94303	1.6105	0.319116	273.511	133.938
12300	2.46	3.94782	1.6105	0.322421	269.697	133.243
12305	2.461	3.95229	1.6105	0.3257	283.102	132.552
12310	2.462	3.95648	1.6105	0.328952	278.352	131.816
12315	2.463	3.96039	1.6105	0.332179	274.317	131.075
12320	2.464	3.96401	1.6105	0.335381	270.156	130.311
12325	2.465	3.9674	1.6105	0.338559	266.473	129.568
12330	2.466	3.97053	1.6105	0.341715	262.698	128.821
12335	2.467	3.97344	1.6105	0.344849	259.005	128.066
12340	2.468	3.97612	1.6105	0.347964	272.075	127.364
12345	2.469	3.9786	1.6105	0.351061	267.064	126.689
12350	2.47	3.98093	1.6105	0.354145	262.764	126.102
12355	2.471	3.98314	1.6105	0.357217	258.691	125.526
12360	2.472	3.9852	1.6105	0.360278	254.401	125.028
12365	2.473	3.98714	1.6105	0.363331	250.788	124.57
12370	2.474	3.989	1.6105	0.366375	247.037	124.321
12375	2.475	3.99097	1.6105	0.36944	243.12	124.226
12380	2.476	3.99308	1.6105	0.372525	239.575	124.293
12385	2.477	3.99528	1.6105	0.375627	235.562	124.469
12390	2.478	3.99759	1.6105	0.378745	231.571	124.739
12395	2.479	3.99996	1.6105	0.381878	227.821	125.132
12400	2.48	4.0024	1.6105	0.385024	223.253	125.602
12405	2.481	4.00489	1.6105	0.388182	219.15	126.157
12410	2.482	4.00741	1.6105	0.39135	215.449	126.752
12415	2.483	4.00997	1.6105	0.394527	211.59	127.417
12420	2.484	4.01253	1.6105	0.397712	207.354	128.084
12425	2.485	4.0151	1.6105	0.400902	203.359	128.802
12430	2.486	4.01766	1.6105	0.404097	214.946	101.102
12435	2.487	3.97457	1.6105	0.401657	241.059	75.6539
12440	2.488	3.93194	1.6105	0.399222	265.42	52.4555
12445	2.489	3.89011	1.6105	0.396835	288.12	31.5081
12450	2.49	3.8494	1.6105	0.394531	308.646	12.8598
12455	2.491	3.81005	1.6105	0.392347	326.389	0
12460	2.492	3.77249	1.6105	0.390337	342.255	0
12465	2.493	3.73768	1.6105	0.388617	355.65	0
12470	2.494	3.7053	1.6105	0.387154	366.381	0
12475	2.495	3.67543	1.6105	0.385955	374.35	0
12480	2.496	3.64808	1.6105	0.38503	380.333	0
12485	2.497	3.62332	1.6105	0.384386	384.898	0
12490	2.498	3.60114	1.6105	0.384023	387.452	0
12495	2.499	3.58145	1.6105	0.383937	387.599	0
12500	2.5	3.56423	1.6105	0.384123	386.171	0
12505	2.501	3.54935	1.6105	0.384575	383.921	0
12510	2.502	3.53677	1.6105	0.385286	380.686	0
12515	2.503	3.52637	1.6105	0.386248	376.41	0
12520	2.504	3.51834	1.6105	0.387484	368.83	0
12525	2.505	3.51253	1.6105	0.388977	359.228	0
12530	2.506	3.50871	1.6105	0.390709	348.221	0
12535	2.507	3.50674	1.6105	0.39266	336.104	0
12540	2.508	3.50641	1.6105	0.394811	323.376	2.58318
12545	2.509	3.50759	1.6105	0.397145	310.028	12.9851
12550	2.51	3.51007	1.6105	0.399642	296.486	23.8775
12555	2.511	3.51367	1.6105	0.40228	282.602	17.6274
12560	2.512	3.48994	1.6105	0.401555	288.348	13.4387
12565	2.513	3.46736	1.6105	0.40094	292.498	11.0272
12570	2.514	3.44598	1.6105	0.400444	295.274	10.7087
12575	2.515	3.42583	1.6105	0.400071	296.509	12.1011
12580	2.516	3.40694	1.6105	0.399825	296.414	15.6315
12585	2.517	3.38926	1.6105	0.399705	294.998	20.8634
12590	2.518	3.3728	1.6105	0.39971	292.185	28.371
12595	2.519	3.35745	1.6105	0.399831	288.174	37.6922
12600	2.52	3.34317	1.6105	0.400061	282.822	49.5574
12605	2.521	3.32985	1.6105	0.400391	276.354	63.576
12610	2.522	3.31741	1.6105	0.400812	268.717	76.8895
12615	2.523	3.30575	1.6105	0.401311	259.984	98.4053
12620	2.524	3.29477	1.6105	0.401877	249.958	125.079
12625	2.525	3.27598	1.6105	0.401463	244.406	163.521
12630	2.526	3.2577	1.6105	0.401088	237.161	211.578
12635	2.527	3.23983	1.6105	0.400739	228.187	266.125
12640	2.528	3.22227	1.6105	0.400402	217.684	324.005
12645	2.529	3.20483	1.6105	0.40006	205.968	382.395
12650	2.53	3.1874	1.6105	0.399693	193.174	439.819
12655	2.531	3.16978	1.6105	0.399281	179.725	494.781
12660	2.532	3.15182	1.6105	0.398802	165.746	545.007
12665	2.533	3.13331	1.6105	0.398234	152.088	591.034
12670	2.534	3.11411	1.6105	0.397556	139.037	632.378
12675	2.535	3.09392	1.6105	0.396728	127.3	669.705
12680	2.536	3.07257	1.6105	0.395732	116.782	703.657
12685	2.537	3.04985	1.6105	0.394539	107.928	733.833
12690	2.538	3.02576	1.6105	0.393148	100.426	770.171
12695	2.539	3.00024	1.6105	0.391553	94.3031	793.776
12700	2.54	2.97329	1.6105	0.389748	89.7153	815.461
12705	2.541	2.94485	1.6105	0.387727	86.4018	834.015
12710	2.542	2.91488	1.6105	0.385485	84.5491	850.595
12715	2.543	2.88336	1.6105	0.383015	83.8772	864.606
12720	2.544	2.85025	1.6105	0.380316	84.3755	876.84
12725	2.545	2.81557	1.6105	0.377385	86.0895	886.786
12730	2.546	2.77922	1.6105	0.37421	89.2514	894.704
12735	2.547	2.74125	1.6105	0.370796	93.4741	900.72
12740	2.548	2.70157	1.6105	0.367135	98.9437	904.559
12745	2.549	2.6603	1.6105	0.363237	105.227	911.099
12750	2.55	2.61751	1.6105	0.359112	112.243	911.276
12755	2.551	2.57329	1.6105	0.354767	120.064	910.505
12760	2.552	2.52771	1.6105	0.350212	128.392	907.997
12765	2.553	2.48079	1.6105	0.345454	137.364	904.597
12770	2.554	2.43265	1.6105	0.340503	146.679	899.917
12775	2.555	2.38336	1.6105	0.335367	156.5	894.663
12780	2.556	2.33322	1.6105	0.330082	166.38	888.362
12785	2.557	2.28209	1.6105	0.324635	176.552	881.37
12790	2.558	2.2301	1.6105	0.319039	186.923	873.697
12795	2.559	2.17722	1.6105	0.313291	197.78	865.062
12800	2.56	2.12357	1.6105	0.307403	208.742	858.794
12805	2.561	2.0692	1.6105	0.301388	219.76	848.584
12810	2.562	2.01425	1.6105	0.295257	230.939	838.247
12815	2.563	1.95881	1.6105	0.289023	241.968	827.146
12820	2.564	1.90299	1.6105	0.282699	253.009	815.953
12825	2.565	1.84688	1.6105	0.276297	263.759	804.322
12830	2.566	1.79058	1.6105	0.269828	274.423	792.736
12835	2.567	1.7342	1.61364	0.263303	284.68	780.865
12840	2.568	1.6778	1.66887	0.256734	294.47	768.924
12845	2.569	1.62146	1.72386	0.25013	304.052	756.978
12850	2.57	1.5698	1.77851	0.24348	313.894	744.677
12855	2.571	1.5698	1.83271	0.236798	323.596	735.188
12860	2.572	1.5698	1.8864	0.230093	333.096	722.384
12865	2.573	1.5698	1.93949	0.223375	342.527	709.875
12870	2.574	1.5698	1.9919	0.216653	351.53	697.042
12875	2.575	1.5698	2.04359	0.209938	360.273	684.495
12880	2.576	1.5698	2.09451	0.203236	368.441	671.816
12885	2.577	1.5698	2.14467	0.196551	376.293	659.447
12890	2.578	1.5698	2.15692	0.189885	383.533	671.551
12895	2.579	1.5698	2.1482	0.187561	366.479	696.311
12900	2.58	1.5698	2.13758	0.187681	338.205	720.504
12905	2.581	1.5698	2.12797	0.188038	311.888	741.836
12910	2.582	1.5698	2.11981	0.188287	288.732	763.865
12915	2.583	1.5698	2.11346	0.188378	268.585	779.294
12920	2.584	1.5698	2.10918	0.188268	251.435	792.334
12925	2.585	1.5698	2.10719	0.187924	236.758	802.235
12930	2.586	1.5698	2.10765	0.187316	224.589	809.728
12935	2.587	1.5698	2.11071	0.186423	214.48	814.457
12940	2.588	1.5698	2.11642	0.185228	206.591	816.985
12945	2.589	1.5698	2.12481	0.183718	200.485	817.017
12950	2.59	1.5698	2.13594	0.181886	196.015	814.905
12955	2.591	1.5698	2.14997	0.179726	193.67	810.673
12960	2.592	1.5698	2.16685	0.17721	193.724	804.018
12965	2.593	1.5698	2.18641	0.174348	195.537	799.912
12970	2.594	1.5698	2.20853	0.171147	198.845	789.003
12975	2.595	1.5698	2.23309	0.16762	203.64	776.916
12980	2.596	1.5698	2.25989	0.163781	209.449	762.934
12985	2.597	1.5698	2.28873	0.159648	216.341	747.993
12990	2.598	1.5698	2.31944	0.155238	223.872	731.753
12995	2.599	1.5698	2.35183	0.150571	232.202	714.894
13000	2.6	1.5698	2.36438	0.145667	240.909	711.713
13005	2.601	1.5698	2.36724	0.143057	236.488	714.98
13010	2.602	1.5698	2.37047	0.141579	226.578	717.564
13015	2.603	1.5698	2.37592	0.140056	218.239	717.67
13020	2.604	1.5698	2.38365	0.138265	212.132	721.406
13025	2.605	1.5698	2.39368	0.136198	208.085	716.838
13030	2.606	1.5698	2.406	0.133848	206.098	710.924
13035	2.607	1.5698	2.42057	0.131215	205.686	702.79
13040	2.608	1.5698	2.43729	0.128301	206.91	693.392
13045	2.609	1.5698	2.45609	0.125112	209.299	682.344
13050	2.61	1.5698	2.47683	0.121656	212.988	670.325
13055	2.611	1.5698	2.4994	0.117942	217.518	656.994
13060	2.612	1.5698	2.51469	0.113984	222.904	649.07
13065	2.613	1.5698	2.52612	0.110864	223.585	643.99
13070	2.614	1.5698	2.53724	0.108183	222.358	638.502
13075	2.615	1.5698	2.55004	0.105525	221.205	638.287
13080	2.616	1.5698	2.56467	0.102653	221.343	629.219
13085	2.617	1.5698	2.58035	0.0995446	222.941	619.858
13090	2.618	1.5698	2.59618	0.0962924	225.092	609.831
13095	2.619	1.5698	2.6117	0.093001	227.423	600.355
13100	2.62	1.5698	2.62688	0.089726	229.321	590.882
13105	2.621	1.5698	2.64192	0.086471	231.09	581.845
13110	2.622	1.5698	2.65703	0.0832126	232.155	572.58
13115	2.623	1.5698	2.67232	0.0799259	233.741	563.324
13120	2.624	1.5698	2.68789	0.0765977	235.633	554.006
13125	2.625	1.5698	2.70351	0.0732155	238.177	544.197
13130	2.626	1.5698	2.71907	0.0698064	240.762	541.658
13135	2.627	1.5698	2.73455	0.066384	243.284	531.063
13140	2.628	1.5698	2.75001	0.0629482	245.896	520.956
13145	2.629	1.5698	2.76547	0.0594947	248.327	510.294
13150	2.63	1.5698	2.78097	0.0560188	250.824	499.946
13155	2.631	1.5698	2.79648	0.0525186	253.122	489.35
13160	2.632	1.5698	2.812	0.0489948	255.068	479.129
13165	2.633	1.5698	2.8275	0.0454498	257.187	468.829
13170	2.634	1.5698	2.84298	0.0418851	259.83	458.499
13175	2.635	1.5698	2.85855	0.0383012	262.571	448.19
13180	2.636	1.5698	2.87402	0.0346854	265.721	437.468
13185	2.637	1.5698	2.88934	0.031059	268.677	427.416
13190	2.638	1.5698	2.90453	0.0274293	271.398	416.819
13195	2.639	1.5698	2.91963	0.0237945	274.107	406.548
13200	2.64	1.5698	2.93465	0.0201494	276.524	396.286
13205	2.641	1.5698	2.94962	0.0164906	278.395	385.797
13210	2.642	1.5698	2.96453	0.0128177	280.429	375.781
13215	2.643	1.5698	2.97933	0.00913245	282.986	365.38
13220	2.644	1.5698	2.99402	0.00543738	285.652	355.464
13225	2.645	1.5698	3.00861	0.00173401	288.627	345.133
13230	2.646	1.5698	3.02321	-0.00197782	291.451	334.704
13235	2.647	1.5698	3.03763	-0.00571101	294.453	325
13240	2.648	1.5698	3.05183	-0.00944414	297.064	314.668
13245	2.649	1.5698	3.06581	-0.0131698	299.308	304.688
13250	2.65	1.5698	3.07962	-0.0168898	300.886	301.367
13255	2.651	1.5698	3.0933	-0.0206093	302.638	290.824
13260	2.652	1.5698	3.10683	-0.0243333	304.916	280.48
13265	2.653	1.5698	3.12024	-0.0280613	307.299	270.03
13270	2.654	1.5698	3.13348	-0.0317909	309.975	259.365
13275	2.655	1.5698	3.14654	-0.0355195	312.45	249.132
13280	2.656	1.5698	3.15941	-0.0392459	314.955	239.159
13285	2.657	1.5698	3.17223	-0.0429706	317.065	228.523
13290	2.658	1.5698	3.18483	-0.0467069	319.21	218.354
13295	2.659	1.5698	3.19711	-0.050433	320.436	208.482
13300	2.66	1.5698	3.20913	-0.0541414	321.778	198.261
13305	2.661	1.5698	3.22092	-0.0578339	323.667	188.293
13310	2.662	1.5698	3.23251	-0.0615157	325.827	183.988
13315	2.663	1.5698	3.24391	-0.0651903	328.48	173.103
13320	2.664	1.5698	3.25511	-0.0688593	331.2	162.45
13325	2.665	1.5698	3.26606	-0.0725201	334.151	152.329
13330	2.666	1.5698	3.2768	-0.0761694	336.836	147.49
13335	2.667	1.5698	3.28729	-0.0798056	339.509	136.593
13340	2.668	1.5698	3.29769	-0.0834284	341.706	125.706
13345	2.669	1.5698	3.30779	-0.0870547	343.862	115.361
13350	2.67	1.5698	3.31757	-0.0906622	345.435	110.123
13355	2.671	1.5698	3.32703	-0.094242	346.49	99.323
13360	2.672	1.5698	3.33622	-0.0977969	347.308	88.678
13365	2.673	1.5698	3.34514	-0.101333	346.924	78.6008
13370	2.674	1.5698	3.35382	-0.10485	347.046	68.4093
13375	2.675	1.5698	3.36236	-0.108348	347.511	57.9415
13380	2.676	1.5698	3.37064	-0.111846	348.589	47.8154
13385	2.677	1.5698	3.37855	-0.115321	349.673	38.1212
13390	2.678	1.5698	3.38612	-0.118762	350.85	28.6133
13395	2.679	1.5698	3.39336	-0.122171	351.487	18.612
13400	2.68	1.5698	3.40034	-0.125552	352.071	8.84355
13405	2.681	1.5698	3.40705	-0.128909	352.378	0
13410	2.682	1.5698	3.4135	-0.132244	352.563	0
13415	2.683	1.5698	3.41965	-0.135554	352.908	0
13420	2.684	1.5698	3.42549	-0.138839	353.102	0
13425	2.685	1.5698	3.43104	-0.142092	353.379	0
13430	2.686	1.5698	3.43629	-0.145317	353.423	0
13435	2.687	1.5698	3.44119	-0.148511	353.481	0
13440	2.688	1.5698	3.44577	-0.15167	353.169	0
13445	2.689	1.5698	3.45003	-0.154794	352.829	0
13450	2.69	1.5698	3.45393	-0.157883	352.073	0
13455	2.691	1.5698	3.4575	-0.160934	350.658	0
13460	2.692	1.5698	3.46074	-0.163948	349.561	0
13465	2.693	1.5698	3.46365	-0.166924	348.85	0
13470	2.694	1.5698	3.46626	-0.169862	348.595	0
13475	2.695	1.5698	3.46853	-0.172763	348.318	0
13480	2.696	1.5698	3.47049	-0.175626	347.961	0
13485	2.697	1.5698	3.47215	-0.178452	347.223	0
13490	2.698	1.5698	3.47349	-0.181241	346.555	0
13495	2.699	1.5698	3.47453	-0.183991	345.686	0
13500	2.7	1.5698	3.47555	-0.186702	344.992	0
13505	2.701	1.5698	3.47655	-0.189417	344.279	0
13510	2.702	1.5698	3.47744	-0.192127	343.863	0
13515	2.703	1.5698	3.47824	-0.194828	343.242	0
13520	2.704	1.5698	3.47889	-0.197516	342.465	0
13525	2.705	1.5698	3.47941	-0.200188	341.699	0
13530	2.706	1.5698	3.47974	-0.202842	340.662	0
13535	2.707	1.5698	3.4799	-0.205474	339.586	0
13540	2.708	1.5698	3.47988	-0.208082	337.431	0
13545	2.709	1.5698	3.47963	-0.210666	336.026	0
13550	2.71	1.5698	3.47921	-0.213224	335.141	0
13555	2.711	1.5698	3.47857	-0.215754	335.072	0
13560	2.712	1.5698	3.4777	-0.218255	335.222	0
13565	2.713	1.5698	3.47662	-0.220727	335.603	0
13570	2.714	1.5698	3.47531	-0.223167	335.876	0
13575	2.715	1.5698	3.47378	-0.225576	336.228	0
13580	2.716	1.5698	3.47201	-0.227952	336.959	0
13585	2.717	1.5698	3.47	-0.230295	337.82	0
13590	2.718	1.5698	3.46778	-0.232603	339.042	0
13595	2.719	1.5698	3.46559	-0.234877	340.339	0
13600	2.72	1.5698	3.46339	-0.237153	342.084	0
13605	2.721	1.5698	3.46114	-0.239425	343.895	0
13610	2.722	1.5698	3.45881	-0.241687	346.016	0
13615	2.723	1.5698	3.45634	-0.243934	348.07	0
13620	2.724	1.5698	3.45374	-0.246162	350.362	0
13625	2.725	1.5698	3.45099	-0.248367	352.542	0
13630	2.726	1.5698	3.44805	-0.250545	353.285	0
13635	2.727	1.5698	3.44493	-0.252695	355.445	0
13640	2.728	1.5698	3.44159	-0.254814	359.039	0
13645	2.729	1.5698	3.43806	-0.2569	364.116	0
13650	2.73	1.5698	3.43427	-0.25895	369.875	0
13655	2.731	1.5698	3.43023	-0.260963	376.37	0
13660	2.732	1.5698	3.40466	-0.262934	383.612	0
13665	2.733	1.5698	3.37914	-0.261885	378.496	0
13670	2.734	1.5698	3.35375	-0.260806	378.49	0
13675	2.735	1.5698	3.32854	-0.259706	377.479	0
13680	2.736	1.5698	3.30354	-0.258595	375.049	0
13685	2.737	1.5698	3.27882	-0.257477	371.764	0
13690	2.738	1.5698	3.25436	-0.256358	368.478	0
13695	2.739	1.5698	3.23019	-0.255242	365.743	0
13700	2.74	1.5698	3.20634	-0.254131	364.154	0
13705	2.741	1.5698	3.18276	-0.253026	364.081	0
13710	2.742	1.5698	3.15951	-0.251928	365.706	0
13715	2.743	1.5698	3.13655	-0.250838	369.167	0
13720	2.744	1.5698	3.11386	-0.249755	374.405	0
13725	2.745	1.5698	3.09145	-0.248678	381.407	0
13730	2.746	1.5698	3.06928	-0.247604	389.983	0
13735	2.747	1.5698	3.04732	-0.246532	400.087	0
13740	2.748	1.5698	3.02558	-0.245459	411.57	0
13745	2.749	1.5698	3.00398	-0.244381	424.171	0
13750	2.75	1.5698	2.98254	-0.243294	437.909	0
13755	2.751	1.5698	2.96119	-0.242195	452.361	0
13760	2.752	1.5698	2.93992	-0.241079	469.939	0
13765	2.753	1.5698	2.91869	-0.239943	485.833	0
13770	2.754	1.5698	2.89743	-0.23878	500.617	0
13775	2.755	1.5698	2.87618	-0.237587	514.422	0
13780	2.756	1.5698	2.85486	-0.236359	526.453	0
13785	2.757	1.5698	2.83345	-0.235093	537.868	0
13790	2.758	1.5698	2.81194	-0.233785	548.546	0
13795	2.759	1.5698	2.79031	-0.232432	559.313	0
13800	2.76	1.5698	2.76846	-0.231032	569.663	0
13805	2.761	1.5698	2.7464	-0.229573	579.923	0
13810	2.762	1.5698	2.7241	-0.228051	591.453	0
13815	2.763	1.5698	2.70154	-0.226467	600.915	0
13820	2.764	1.5698	2.67864	-0.224814	623.548	0
13825	2.765	1.5698	2.65539	-0.223086	629.487	0
13830	2.766	1.5698	2.63174	-0.221277	635.451	0
13835	2.767	1.5698	2.60765	-0.219379	640.547	0
13840	2.768	1.5698	2.58309	-0.21739	645.72	0
13845	2.769	1.5698	2.55807	-0.215306	650.353	0
13850	2.77	1.5698	2.5325	-0.213121	656.018	0
13855	2.771	1.5698	2.50624	-0.210832	659.729	0
13860	2.772	1.5698	2.47928	-0.208413	662.201	0
13865	2.773	1.5698	2.45164	-0.205863	663.819	0
13870	2.774	1.5698	2.42329	-0.203184	664.581	0
13875	2.775	1.5698	2.39429	-0.200377	676.193	0
13880	2.776	1.5698	2.3646	-0.197441	675.127	0
13885	2.777	1.5698	2.33424	-0.194377	674.298	0
13890	2.778	1.5698	2.30328	-0.191186	673.022	0
13895	2.779	1.5698	2.27167	-0.187872	671.043	0
13900	2.78	1.5698	2.2395	-0.184436	668.094	0
13905	2.781	1.5698	2.20679	-0.180884	665.22	0
13910	2.782	1.5698	2.1734	-0.177219	661.828	0
13915	2.783	1.5698	2.13941	-0.173427	658.219	0
13920	2.784	1.5698	2.10491	-0.169515	654.458	0
13925	2.785	1.5698	2.06991	-0.165491	651.046	0
13930	2.786	1.5698	2.03449	-0.161365	656.774	0
13935	2.787	1.5698	1.99872	-0.157142	650.63	0
13940	2.788	1.5698	1.96263	-0.15283	644.736	0
13945	2.789	1.5698	1.92631	-0.148438	638.273	0
13950	2.79	1.5698	1.88981	-0.143975	632.274	3.12644
13955	2.791	1.5698	1.8532	-0.139449	626.202	11.4038
13960	2.792	1.5698	1.81658	-0.134869	620.752	19.3704
13965	2.793	1.5698	1.77985	-0.130247	616.127	27.1414
13970	2.794	1.5698	1.74312	-0.125572	610.756	34.626
13975	2.795	1.5698	1.70643	-0.120856	604.974	41.8093
13980	2.796	1.5698	1.66991	-0.116111	598.74	48.6006
13985	2.797	1.59195	1.63364	-0.111349	604.306	54.9756
13990	2.798	1.63894	1.6105	-0.10658	597.369	60.9203
13995	2.799	1.68537	1.6105	-0.101815	591.379	66.3997
14000	2.8	1.73113	1.6105	-0.0970622	585.359	71.4436
14005	2.801	1.77621	1.6105	-0.0923253	580.172	76.0578
14010	2.802	1.82058	1.6105	-0.087606	575.579	80.2869
14015	2.803	1.86425	1.6105	-0.0829053	570.822	84.1359
14020	2.804	1.90721	1.6105	-0.0782239	565.641	87.5909
14025	2.805	1.94936	1.6105	-0.0735744	560.701	90.7269
14030	2.806	1.99083	1.6105	-0.0689445	556.213	93.5978
14035	2.807	2.03161	1.6105	-0.0643346	551.754	96.1937
14040	2.808	2.07171	1.6105	-0.0597449	560.157	98.552
14045	2.809	2.11114	1.6105	-0.0551751	555.076	100.727
14050	2.81	2.14996	1.6105	-0.0506218	550.828	102.71
14055	2.811	2.18815	1.6105	-0.0460847	547.544	104.55
14060	2.812	2.22576	1.6105	-0.0415634	543.58	106.228
14065	2.813	2.26276	1.6105	-0.0370571	538.703	107.788
14070	2.814	2.29919	1.6105	-0.0325655	533.912	109.22
14075	2.815	2.33505	1.6105	-0.0280882	528.911	110.553
14080	2.816	2.37035	1.6105	-0.0236252	524.234	111.769
14085	2.817	2.40508	1.6105	-0.0191763	520.087	112.908
14090	2.818	2.43928	1.6105	-0.0147413	516.023	113.961
14095	2.819	2.47295	1.6105	-0.01032	526.098	114.935
14100	2.82	2.50609	1.6105	-0.0059118	521.246	115.87
14105	2.821	2.53874	1.6105	-0.00151356	517.158	116.752
14110	2.822	2.5709	1.6105	0.00287493	513.28	117.616
14115	2.823	2.6026	1.6105	0.007254	508.748	118.438
14120	2.824	2.63384	1.6105	0.011624	503.425	119.235
14125	2.825	2.66461	1.6105	0.0159851	498.297	119.995
14130	2.826	2.69494	1.6105	0.0203373	493.072	120.74
14135	2.827	2.72481	1.6105	0.0246807	488.282	121.449
14140	2.828	2.75426	1.6105	0.0290151	484.018	122.143
14145	2.829	2.78324	1.6105	0.0333408	479.774	122.817
14150	2.83	2.81182	1.6105	0.0376576	491.039	123.462
14155	2.831	2.83997	1.6105	0.0419656	485.912	124.117
14160	2.832	2.86771	1.6105	0.046268	481.581	124.767
14165	2.833	2.89508	1.6105	0.0505646	478.455	125.424
14170	2.834	2.92205	1.6105	0.0548553	474.39	126.074
14175	2.835	2.94866	1.6105	0.0591403	469.169	126.73
14180	2.836	2.97488	1.6105	0.0634196	463.91	127.36
14185	2.837	3.00072	1.6105	0.0676928	458.422	128.016
14190	2.838	3.02621	1.6105	0.0719596	453.153	128.642
14195	2.839	3.05131	1.6105	0.0762195	448.221	129.286
14200	2.84	3.07604	1.6105	0.0804724	443.308	129.904
14205	2.841	3.1004	1.6105	0.0847175	455.363	130.487
14210	2.842	3.12438	1.6105	0.0889547	449.645	131.101
14215	2.843	3.14803	1.6105	0.0931868	444.82	131.692
14220	2.844	3.17132	1.6105	0.0974132	439.892	132.296
14225	2.845	3.19428	1.6105	0.101634	435.706	132.876
14230	2.846	3.2169	1.6105	0.105847	431.573	133.475
14235	2.847	3.23917	1.6105	0.110054	428.912	134.05
14240	2.848	3.26111	1.6105	0.114254	424.65	134.634
14245	2.849	3.28269	1.6105	0.118447	419.526	135.196
14250	2.85	3.30395	1.6105	0.122631	414.113	135.757
14255	2.851	3.32486	1.6105	0.126808	408.404	136.286
14260	2.852	3.34543	1.6105	0.130975	420.916	136.778
14265	2.853	3.36564	1.6105	0.135133	414.127	137.295
14270	2.854	3.38555	1.6105	0.139284	408.26	137.777
14275	2.855	3.40512	1.6105	0.143426	402.38	138.268
14280	2.856	3.42437	1.6105	0.14756	397.245	138.735
14285	2.857	3.44331	1.6105	0.151685	392.293	139.192
14290	2.858	3.4619	1.6105	0.155799	388.053	139.608
14295	2.859	3.48015	1.6105	0.159902	383.926	140.018
14300	2.86	3.49807	1.6105	0.163993	380.173	140.377
14305	2.861	3.51564	1.6105	0.168073	376.891	140.737
14310	2.862	3.53289	1.6105	0.17214	373.542	141.044
14315	2.863	3.54979	1.6105	0.176194	386.458	141.323
14320	2.864	3.56636	1.6105	0.180235	381.788	141.605
14325	2.865	3.58261	1.6105	0.184265	377.691	141.868
14330	2.866	3.59856	1.6105	0.188284	373.253	142.123
14335	2.867	3.61418	1.6105	0.192291	370.249	142.354
14340	2.868	3.62951	1.6105	0.196285	365.625	142.583
14345	2.869	3.64451	1.6105	0.200266	360.36	142.763
14350	2.87	3.65919	1.6105	0.204234	354.455	142.944
14355	2.871	3.67355	1.6105	0.208187	348.553	143.079
14360	2.872	3.68759	1.6105	0.212125	343.497	143.206
14365	2.873	3.70129	1.6105	0.216047	338.3	143.276
14370	2.874	3.71467	1.6105	0.219951	333.701	143.289
14375	2.875	3.7277	1.6105	0.223836	329.241	143.28
14380	2.876	3.74038	1.6105	0.227703	325.207	143.205
14385	2.877	3.75273	1.6105	0.231551	321.655	143.126
14390	2.878	3.76474	1.6105	0.235378	318.096	142.988
14395	2.879	3.77639	1.6105	0.239184	315.142	142.837
14400	2.88	3.7877	1.6105	0.242969	311.978	142.632
14405	2.881	3.79868	1.6105	0.246732	326.16	142.401
14410	2.882	3.80929	1.6105	0.250473	321.788	142.145
14415	2.883	3.81961	1.6105	0.254195	318.063	141.888
14420	2.884	3.82961	1.6105	0.257896	314.067	141.582
14425	2.885	3.83929	1.6105	0.261578	310.515	141.235
14430	2.886	3.84864	1.6105	0.265238	306.907	140.885
14435	2.887	3.85769	1.6105	0.268876	303.495	140.483
14440	2.888	3.86641	1.6105	0.272492	300.302	140.069
14445	2.889	3.8748	1.6105	0.276085	297.021	139.618
14450	2.89	3.88289	1.6105	0.279654	294.313	139.149
14455	2.891	3.89065	1.6105	0.2832	291.475	138.636
14460	2.892	3.89812	1.6105	0.286725	305.26	138.134
14465	2.893	3.90528	1.6105	0.290226	301.145	137.603
14470	2.894	3.91216	1.6105	0.293705	297.55	137.086
14475	2.895	3.91874	1.6105	0.297162	293.598	136.516
14480	2.896	3.92501	1.6105	0.300596	289.973	135.933
14485	2.897	3.93102	1.6105	0.304006	286.219	135.342
14490	2.898	3.93671	1.6105	0.307392	282.583	134.708
14495	2.899	3.94211	1.6105	0.310754	279.109	134.189
14500	2.9	3.94739	1.6105	0.314111	275.41	133.701
14505	2.901	3.95252	1.6105	0.31746	272.142	133.298
14510	2.902	3.95751	1.6105	0.3208	268.621	132.9
14515	2.903	3.96232	1.6105	0.324128	281.991	132.541
14520	2.904	3.96694	1.6105	0.327444	277.18	132.169
14525	2.905	3.97139	1.6105	0.330749	273.05	131.866
14530	2.906	3.97569	1.6105	0.334041	268.66	131.537
14535	2.907	3.97979	1.6105	0.337321	264.594	131.233
14540	2.908	3.98374	1.6105	0.340587	260.679	130.947
14545	2.909	3.98748	1.6105	0.343839	256.547	130.655
14550	2.91	3.99105	1.6105	0.347076	253.292	130.38
14555	2.911	3.99442	1.6105	0.350299	249.269	130.104
14560	2.912	3.99764	1.6105	0.353508	245.733	129.858
14565	2.913	4.00068	1.6105	0.356703	242.552	129.592
14570	2.914	4.00355	1.6105	0.359884	238.859	129.353
14575	2.915	4.00626	1.6105	0.363051	235.867	129.105
14580	2.916	4.00882	1.6105	0.366206	233.052	128.881
14585	2.917	4.01122	1.6105	0.369349	229.943	128.63
14590	2.918	4.01349	1.6105	0.37248	227.271	128.397
14595	2.919	4.01564	1.6105	0.375601	224.065	128.204
14600	2.92	4.01766	1.6105	0.378712	220.862	128.026
14605	2.921	4.01957	1.6105	0.381815	218.374	127.899
14610	2.922	4.02137	1.6105	0.38491	214.941	127.779
14615	2.923	4.02306	1.6105	0.387998	211.701	127.869
14620	2.924	4.02491	1.6105	0.391107	208.882	128.078
14625	2.925	4.02688	1.6105	0.394237	221.409	128.444
14630	2.926	4.02896	1.6105	0.397384	216.626	128.9
14635	2.927	4.03114	1.6105	0.40055	211.835	129.477
14640	2.928	4.03342	1.6105	0.403733	207.735	103.459
14645	2.929	3.99296	1.6105	0.401642	232.784	79.5714
14650	2.93	3.95303	1.6105	0.399565	255.843	57.8564
14655	2.931	3.91391	1.6105	0.397541	277.216	38.2975
14660	2.932	3.87588	1.6105	0.395603	296.768	20.9484
14665	2.933	3.83921	1.6105	0.393784	313.281	5.68712
14670	2.934	3.80406	1.6105	0.392105	328.075	0
14675	2.935	3.77133	1.6105	0.390682	340.848	0
14680	2.936	3.74075	1.6105	0.389481	351.392	0
14685	2.937	3.7124	1.6105	0.388513	359.163	0
14690	2.938	3.68658	1.6105	0.387822	364.815	0
14695	2.939	3.66334	1.6105	0.387411	369.12	0
14700	2.94	3.64263	1.6105	0.38728	371.46	0
14705	2.941	3.6244	1.6105	0.387422	371.467	0
14710	2.942	3.60855	1.6105	0.387834	369.947	0
14715	2.943	3.59503	1.6105	0.388507	367.662	0
14720	2.944	3.58372	1.6105	0.389435	363.656	0
14725	2.945	3.57455	1.6105	0.390608	358.098	0
14730	2.946	3.56769	1.6105	0.392048	351.544	0
14735	2.947	3.56291	1.6105	0.393738	344.14	0
14740	2.948	3.5601	1.6105	0.395658	336.192	0
14745	2.949	3.55903	1.6105	0.397791	327.471	4.73724
14750	2.95	3.55957	1.6105	0.400119	318.284	13.9724
14755	2.951	3.56153	1.6105	0.402623	308.338	4.86102
14760	2.952	3.53459	1.6105	0.401564	318.954	0
14765	2.953	3.50911	1.6105	0.400652	327.397	0
14770	2.954	3.48518	1.6105	0.399898	333.975	0
14775	2.955	3.46285	1.6105	0.399309	338.478	0
14780	2.956	3.44213	1.6105	0.398891	341.226	0
14785	2.957	3.42304	1.6105	0.398644	342.28	0
14790	2.958	3.40551	1.6105	0.398567	341.556	0
14795	2.959	3.38954	1.6105	0.398654	339.37	0
14800	2.96	3.375	1.6105	0.398898	335.566	4.71916
14805	2.961	3.36185	1.6105	0.399294	330.489	13.2326
14810	2.962	3.35	1.6105	0.39983	324.027	21.4584
14815	2.963	3.33931	1.6105	0.400494	316.455	34.1564
14820	2.964	3.3297	1.6105	0.401275	307.481	52.9286
14825	2.965	3.32103	1.6105	0.402157	297.189	71.7815
14830	2.966	3.29986	1.6105	0.401485	294.679	99.8386
14835	2.967	3.27949	1.6105	0.400886	290.137	137.093
14840	2.968	3.25988	1.6105	0.40035	283.641	181.43
14845	2.969	3.2409	1.6105	0.399867	275.314	230.744
14850	2.97	3.22244	1.6105	0.399424	265.355	282.963
14855	2.971	3.20436	1.6105	0.399004	253.971	336.094
14860	2.972	3.18654	1.6105	0.398591	241.345	389.268
14865	2.973	3.16883	1.6105	0.398164	227.809	441.486
14870	2.974	3.15102	1.6105	0.397705	213.414	491.864
14875	2.975	3.13295	1.6105	0.397192	198.62	540.08
14880	2.976	3.11415	1.6105	0.396562	183.927	585.63
14885	2.977	3.09443	1.6105	0.395794	170.208	626.082
14890	2.978	3.07367	1.6105	0.394872	157.482	663.049
14895	2.979	3.0518	1.6105	0.39379	145.974	695.909
14900	2.98	3.0288	1.6105	0.392537	135.948	725.769
14905	2.981	3.00458	1.6105	0.391106	127.227	752.748
14910	2.982	2.9791	1.6105	0.389489	120.025	776.862
14915	2.983	2.95228	1.6105	0.387677	114.101	799.052
14920	2.984	2.9241	1.6105	0.385663	109.662	818.483
14925	2.985	2.8945	1.6105	0.383442	106.416	842.719
14930	2.986	2.86344	1.6105	0.381008	104.588	856.869
14935	2.987	2.83062	1.6105	0.378322	104.041	869.436
14940	2.988	2.79611	1.6105	0.375389	104.942	879.278
14945	2.989	2.75991	1.6105	0.372214	106.804	887.686
14950	2.99	2.72214	1.6105	0.368804	109.867	893.879
14955	2.991	2.68283	1.6105	0.365166	114.178	898.421
14960	2.992	2.64204	1.6105	0.361308	119.389	901.231
14965	2.993	2.59982	1.6105	0.357234	125.575	902.356
14970	2.994	2.55624	1.6105	0.35295	132.387	902.363
14975	2.995	2.51135	1.6105	0.348463	139.965	900.805
14980	2.996	2.46518	1.6105	0.343779	147.982	901.748
14985	2.997	2.41779	1.6105	0.338905	156.612	897.394
14990	2.998	2.3691	1.6105	0.333827	165.655	892.541
14995	2.999	2.31946	1.6105	0.328589	175.098	886.282
15000	3	2.26874	1.6105	0.323179	184.742	879.493
15005	3.001	2.21709	1.6105	0.317611	194.386	871.71
15010	3.002	2.16458	1.6105	0.311895	204.491	863.411
15015	3.003	2.11133	1.6105	0.306045	214.794	854.436
15020	3.004	2.05741	1.6105	0.300071	225.444	844.764
15025	3.005	2.00292	1.6105	0.293986	236.091	834.837
15030	3.006	1.94798	1.6105	0.287801	246.89	824.276
15035	3.007	1.89266	1.6105	0.281527	257.489	816.332
15040	3.008	1.83708	1.6105	0.275176	268.088	804.728
15045	3.009	1.78113	1.6105	0.268741	278.452	793.196
15050	3.01	1.72495	1.62305	0.262233	288.803	781.041
15055	3.011	1.66863	1.67827	0.255666	298.789	768.988
15060	3.012	1.61225	1.73318	0.24905	308.411	756.606
15065	3.013	1.5698	1.78771	0.242396	317.627	744.306
15070	3.014	1.5698	1.84173	0.235717	326.772	731.946
15075	3.015	1.5698	1.8952	0.22902	336.063	719.429
15080	3.016	1.5698	1.94802	0.222315	345.137	707.147
15085	3.017	1.5698	2.00016	0.215612	354.157	694.672
15090	3.018	1.5698	2.05155	0.208919	362.728	685.242
15095	3.019	1.5698	2.10233	0.202239	371.074	672.434
15100	3.02	1.5698	2.15242	0.19556	378.902	659.996
15105	3.021	1.5698	2.16207	0.188892	386.507	673.501
15110	3.022	1.5698	2.15094	0.186863	368.405	699.698
15115	3.023	1.5698	2.13918	0.187261	338.143	724.022
15120	3.024	1.5698	2.12844	0.187747	310.611	745.909
15125	3.025	1.5698	2.11912	0.18813	286.441	765.06
15130	3.026	1.5698	2.11162	0.188357	265.747	781.259
15135	3.027	1.5698	2.10621	0.188383	248.002	794.927
15140	3.028	1.5698	2.10313	0.188173	233.171	805.564
15145	3.029	1.5698	2.10257	0.187696	220.682	817.328
15150	3.03	1.5698	2.10488	0.18693	210.638	822.061
15155	3.031	1.5698	2.11013	0.185828	202.669	824.578
15160	3.032	1.5698	2.11834	0.184379	196.966	824.115
15165	3.033	1.5698	2.12947	0.182578	193.033	821.638
15170	3.034	1.5698	2.14348	0.180425	190.386	816.74
15175	3.035	1.5698	2.16027	0.177922	190.065	809.951
15180	3.036	1.5698	2.17975	0.175075	191.63	801.232
15185	3.037	1.5698	2.20178	0.171892	195.077	790.558
15190	3.038	1.5698	2.22621	0.168386	199.841	778.607
15195	3.039	1.5698	2.25289	0.164571	205.964	764.912
15200	3.04	1.5698	2.28162	0.160461	212.919	754.956
15205	3.041	1.5698	2.31248	0.156074	220.833	738.24
15210	3.042	1.5698	2.34528	0.151399	229.393	720.95
15215	3.043	1.5698	2.36538	0.146455	238.79	712.085
15220	3.044	1.5698	2.37541	0.142963	239.428	710.419
15225	3.045	1.5698	2.38193	0.140634	233.331	710.543
15230	3.046	1.5698	2.39	0.138712	226.009	709.297
15235	3.047	1.5698	2.40007	0.136596	220.566	706.234
15240	3.048	1.5698	2.41217	0.134233	217.357	701.197
15245	3.049	1.5698	2.42629	0.131617	215.869	694.861
15250	3.05	1.5698	2.44237	0.128748	216.163	686.62
15255	3.051	1.5698	2.46037	0.125626	217.692	683.086
15260	3.052	1.5698	2.47573	0.122257	220.591	674.618
15265	3.053	1.5698	2.48915	0.119178	221.529	667.987
15270	3.054	1.5698	2.50201	0.116309	221.398	661.077
15275	3.055	1.5698	2.51535	0.113492	220.8	654.134
15280	3.056	1.5698	2.52952	0.1106	220.168	646.274
15285	3.057	1.5698	2.54431	0.107593	220.648	638.08
15290	3.058	1.5698	2.55936	0.104493	221.79	629.611
15295	3.059	1.5698	2.57444	0.101342	223.532	620.799
15300	3.06	1.5698	2.58943	0.0981685	225.313	612.325
15305	3.061	1.5698	2.60441	0.0949842	227.273	603.413
15310	3.062	1.5698	2.61943	0.0917834	229.077	601.423
15315	3.063	1.5698	2.63472	0.0885568	231.045	591.493
15320	3.064	1.5698	2.65012	0.0852791	232.944	582.069
15325	3.065	1.5698	2.66548	0.0819685	235.023	572.079
15330	3.066	1.5698	2.68083	0.0786393	236.483	562.598
15335	3.067	1.5698	2.69618	0.0752932	238.155	552.854
15340	3.068	1.5698	2.71159	0.0719255	240.311	543.136
15345	3.069	1.5698	2.72703	0.0685319	242.624	533.291
15350	3.07	1.5698	2.74253	0.065111	245.253	523.112
15355	3.071	1.5698	2.75804	0.0616638	247.823	513.25
15360	3.072	1.5698	2.77357	0.0581928	250.536	502.993
15365	3.073	1.5698	2.78908	0.0546999	253.035	500.274
15370	3.074	1.5698	2.80474	0.0511868	255.602	489.188
15375	3.075	1.5698	2.82037	0.0476349	257.989	478.722
15380	3.076	1.5698	2.83586	0.0440646	260.091	467.881
15385	3.077	1.5698	2.85124	0.0404889	262.272	457.575
15390	3.078	1.5698	2.86653	0.0369067	264.621	446.944
15395	3.079	1.5698	2.88179	0.0333119	267.326	436.366
15400	3.08	1.5698	2.89703	0.0296998	270.042	425.685
15405	3.081	1.5698	2.91223	0.0260693	272.95	414.768
15410	3.082	1.5698	2.92736	0.0224225	275.651	411.62
15415	3.083	1.5698	2.94243	0.018762	278.394	400.31
15420	3.084	1.5698	2.95739	0.0150888	280.837	389.554
15425	3.085	1.5698	2.97241	0.0114054	282.722	378.451
15430	3.086	1.5698	2.98731	0.00769469	284.817	367.631
15435	3.087	1.5698	3.00201	0.0039762	287.432	357.218
15440	3.088	1.5698	3.01648	0.000262577	290.074	346.341
15445	3.089	1.5698	3.03082	-0.00344722	292.672	336.089
15450	3.09	1.5698	3.04504	-0.00715927	295.427	325.312
15455	3.091	1.5698	3.05915	-0.0108781	297.968	314.677
15460	3.092	1.5698	3.07315	-0.0146046	300.518	304.599
15465	3.093	1.5698	3.087	-0.018337	302.745	294.251
15470	3.094	1.5698	3.1007	-0.0220725	304.364	284.051
15475	3.095	1.5698	3.11422	-0.0258089	306.15	273.996
15480	3.096	1.5698	3.12771	-0.0295446	308.467	263.37
15485	3.097	1.5698	3.14103	-0.0332976	310.935	253.103
15490	3.098	1.5698	3.15406	-0.0370477	313.69	243.126
15495	3.099	1.5698	3.16682	-0.0407818	316.132	232.642
15500	3.1	1.5698	3.17935	-0.044501	318.26	222.633
15505	3.101	1.5698	3.1917	-0.0482115	320.28	218.628
15510	3.102	1.5698	3.20387	-0.0519179	321.424	207.984
15515	3.103	1.5698	3.21587	-0.0556227	323.149	197.543
15520	3.104	1.5698	3.22767	-0.0593232	325.248	192.913
15525	3.105	1.5698	3.23925	-0.0630164	327.966	181.816
15530	3.106	1.5698	3.25061	-0.0667008	330.832	170.856
15535	3.107	1.5698	3.26187	-0.0703742	334.025	160.315
15540	3.108	1.5698	3.2729	-0.0740543	337.097	155.16
15545	3.109	1.5698	3.2836	-0.0777213	340.185	143.953
15550	3.11	1.5698	3.29396	-0.0813633	342.742	132.959
15555	3.111	1.5698	3.30406	-0.0849803	344.776	122.541
15560	3.112	1.5698	3.3139	-0.0885784	346.553	112.59
15565	3.113	1.5698	3.32355	-0.0921625	347.814	102.085
15570	3.114	1.5698	3.33293	-0.0957338	348.889	91.538
15575	3.115	1.5698	3.34208	-0.0992905	349.479	81.516
15580	3.116	1.5698	3.35095	-0.10283	349.338	71.7444
15585	3.117	1.5698	3.35958	-0.106349	349.477	61.5232
15590	3.118	1.5698	3.36789	-0.109848	350.258	51.5622
15595	3.119	1.5698	3.37595	-0.113325	351.125	41.949
15600	3.12	1.5698	3.38372	-0.116779	352.281	32.4434
15605	3.121	1.5698	3.3912	-0.120211	353.068	22.4345
15610	3.122	1.5698	3.39834	-0.123617	353.457	12.6953
15615	3.123	1.5698	3.40514	-0.126993	353.826	3.37147
15620	3.124	1.5698	3.41158	-0.130336	353.992	0
15625	3.125	1.5698	3.41762	-0.133641	354.263	0
15630	3.126	1.5698	3.42326	-0.136906	354.328	0
15635	3.127	1.5698	3.42854	-0.140131	354.467	0
15640	3.128	1.5698	3.43344	-0.143315	354.331	0
15645	3.129	1.5698	3.43796	-0.146458	354.202	0
15650	3.13	1.5698	3.44211	-0.149562	353.689	0
15655	3.131	1.5698	3.44591	-0.152625	353.143	0
15660	3.132	1.5698	3.44937	-0.155648	352.175	0
15665	3.133	1.5698	3.45247	-0.158632	350.051	0
15670	3.134	1.5698	3.45524	-0.161576	348.5	0
15675	3.135	1.5698	3.4577	-0.164482	347.362	0
15680	3.136	1.5698	3.45984	-0.167351	346.798	0
15685	3.137	1.5698	3.46167	-0.170182	346.282	0
15690	3.138	1.5698	3.46351	-0.172977	345.873	0
15695	3.139	1.5698	3.46526	-0.175773	345.217	0
15700	3.14	1.5698	3.46696	-0.178566	344.718	0
15705	3.141	1.5698	3.4688	-0.18135	344.125	0
15710	3.142	1.5698	3.47075	-0.184161	343.965	0
15715	3.143	1.5698	3.47271	-0.186988	343.823	0
15720	3.144	1.5698	3.47498	-0.189822	343.666	0
15725	3.145	1.5698	3.47743	-0.192699	343.875	0
15730	3.146	1.5698	3.47994	-0.195603	344.05	0
15735	3.147	1.5698	3.48251	-0.198525	344.338	0
15740	3.148	1.5698	3.48505	-0.201457	344.412	0
15745	3.149	1.5698	3.4875	-0.204389	344.509	0
15750	3.15	1.5698	3.48981	-0.207316	344.264	0
15755	3.151	1.5698	3.49197	-0.210228	343.533	0
15760	3.152	1.5698	3.49394	-0.213125	343.262	0
15765	3.153	1.5698	3.49567	-0.216	343.775	0
15770	3.154	1.5698	3.4957	-0.218847	344.523	0
15775	3.155	1.5698	3.49445	-0.221466	344.328	0
15780	3.156	1.5698	3.49266	-0.22391	343.734	0
15785	3.157	1.5698	3.49082	-0.226281	343.081	0
15790	3.158	1.5698	3.48917	-0.228642	343.012	0
15795	3.159	1.5698	3.48764	-0.231026	343.404	0
15800	3.16	1.5698	3.48617	-0.233426	344.439	0
15805	3.161	1.5698	3.48472	-0.235832	345.702	0
15810	3.162	1.5698	3.48278	-0.238239	347.419	0
15815	3.163	1.5698	3.48039	-0.240573	348.855	0
15820	3.164	1.5698	3.47775	-0.242845	350.365	0
15825	3.165	1.5698	3.47499	-0.245082	351.687	0
15830	3.166	1.5698	3.47205	-0.247294	352.982	0
15835	3.167	1.5698	3.46895	-0.249482	354.442	0
15840	3.168	1.5698	3.46569	-0.251643	354.503	0
15845	3.169	1.5698	3.46222	-0.253773	355.934	0
15850	3.17	1.5698	3.45854	-0.255871	358.7	0
15855	3.171	1.5698	3.45465	-0.257935	362.893	0
15860	3.172	1.5698	3.45053	-0.259964	367.63	0
15865	3.173	1.5698	3.43151	-0.261955	373.199	0
15870	3.174	1.5698	3.41247	-0.261858	370.254	0
15875	3.175	1.5698	3.39345	-0.26173	369.136	0
15880	3.176	1.5698	3.37449	-0.261575	369.562	0
15885	3.177	1.5698	3.3556	-0.261398	372.973	0
15890	3.178	1.5698	3.33685	-0.261203	374.46	0
15895	3.179	1.5698	3.3182	-0.260995	374.347	0
15900	3.18	1.5698	3.29973	-0.260778	373.427	0
15905	3.181	1.5698	3.28139	-0.260552	372.432	0
15910	3.182	1.5698	3.2632	-0.26032	372.084	0
15915	3.183	1.5698	3.24516	-0.26008	372.756	0
15920	3.184	1.5698	3.22725	-0.259832	374.877	0
15925	3.185	1.5698	3.20945	-0.259574	378.541	0
15930	3.186	1.5698	3.19174	-0.259304	383.866	0
15935	3.187	1.5698	3.17409	-0.259021	390.798	0
15940	3.188	1.5698	3.15651	-0.25872	399.282	0
15945	3.189	1.5698	3.13897	-0.258401	409.195	0
15950	3.19	1.5698	3.1214	-0.258058	420.509	0
15955	3.191	1.5698	3.10384	-0.257689	432.863	0
15960	3.192	1.5698	3.0862	-0.257289	446.432	0
15965	3.193	1.5698	3.06849	-0.256855	460.712	0
15970	3.194	1.5698	3.05064	-0.256383	477.657	0
15975	3.195	1.5698	3.03267	-0.255869	492.665	0
15980	3.196	1.5698	3.01455	-0.255308	506.584	0
15985	3.197	1.5698	2.99621	-0.254696	519.778	0
15990	3.198	1.5698	2.97766	-0.25403	533.165	0
15995	3.199	1.5698	2.95887	-0.253306	566	0
16000	3.2	1.5698	2.93979	-0.252521	576.603	0
16005	3.201	1.5698	2.92026	-0.251669	587.562	0
16010	3.202	1.5698	2.90032	-0.250727	597.168	0
16015	3.203	1.5698	2.87994	-0.249695	607.157	0
16020	3.204	1.5698	2.85911	-0.248574	616.671	0
16025	3.205	1.5698	2.8378	-0.247362	624.999	0
16030	3.206	1.5698	2.816	-0.246053	631.846	0
16035	3.207	1.5698	2.79368	-0.244645	638.218	0
16040	3.208	1.5698	2.77083	-0.243134	644.214	0
16045	3.209	1.5698	2.74743	-0.241517	649.707	0
16050	3.21	1.5698	2.72347	-0.239791	668.142	0
16055	3.211	1.5698	2.69887	-0.237953	671.834	0
16060	3.212	1.5698	2.67351	-0.235998	676.278	0
16065	3.213	1.5698	2.64735	-0.233899	678.528	0
16070	3.214	1.5698	2.62044	-0.231658	680.513	0
16075	3.215	1.5698	2.59276	-0.229276	681.094	0
16080	3.216	1.5698	2.56436	-0.226755	681.652	0
16085	3.217	1.5698	2.53525	-0.224095	681.43	0
16090	3.218	1.5698	2.50541	-0.221298	681.1	0
16095	3.219	1.5698	2.47488	-0.218366	680.84	0
16100	3.22	1.5698	2.44368	-0.2153	679.241	0
16105	3.221	1.5698	2.41183	-0.212105	688.088	0
16110	3.222	1.5698	2.37938	-0.208783	684.306	0
16115	3.223	1.5698	2.34622	-0.205336	681.175	0
16120	3.224	1.5698	2.31234	-0.20175	676.979	0
16125	3.225	1.5698	2.27788	-0.198032	673.42	0
16130	3.226	1.5698	2.24287	-0.19419	669.635	0
16135	3.227	1.5698	2.20735	-0.190233	665.33	0
16140	3.228	1.5698	2.1714	-0.186167	659.974	0
16145	3.229	1.5698	2.1351	-0.182002	654.482	0
16150	3.23	1.5698	2.09845	-0.177744	648.916	0
16155	3.231	1.5698	2.06157	-0.173404	643.167	0
16160	3.232	1.5698	2.02453	-0.16899	648.429	0
16165	3.233	1.5698	1.98731	-0.164509	642.001	0
16170	3.234	1.5698	1.94989	-0.159969	636.973	2.29908
16175	3.235	1.5698	1.91231	-0.155357	630.365	10.867
16180	3.236	1.5698	1.87467	-0.150685	624.173	19.1394
16185	3.237	1.5698	1.83709	-0.145965	617.314	27.0531
16190	3.238	1.5698	1.79962	-0.141212	611.25	34.5641
16195	3.239	1.5698	1.76239	-0.136436	605.16	41.631
16200	3.24	1.5698	1.72545	-0.13165	599.601	48.2378
16205	3.241	1.5698	1.68888	-0.126864	594.421	54.3303
16210	3.242	1.5705	1.65276	-0.122089	590.211	59.9076
16215	3.243	1.61764	1.61707	-0.117334	596.74	64.9986
16220	3.244	1.66403	1.6105	-0.112601	590.397	69.6569
16225	3.245	1.70968	1.6105	-0.107888	584.957	73.9265
16230	3.246	1.75463	1.6105	-0.103191	578.843	77.8162
16235	3.247	1.79884	1.6105	-0.0985161	573.885	81.3536
16240	3.248	1.84232	1.6105	-0.0938622	568.692	84.4738
16245	3.249	1.88495	1.6105	-0.0892445	564.557	87.317
16250	3.25	1.92687	1.6105	-0.0846479	560.51	89.8759
16255	3.251	1.96807	1.6105	-0.0800736	558.169	92.196
16260	3.252	2.00857	1.6105	-0.0755215	555.117	94.2884
16265	3.253	2.04839	1.6105	-0.0709905	551.222	96.1914
16270	3.254	2.08754	1.6105	-0.0664795	560.319	97.9258
16275	3.255	2.12607	1.6105	-0.0619878	554.773	99.5158
16280	3.256	2.16397	1.6105	-0.0575119	550.255	100.983
16285	3.257	2.20129	1.6105	-0.0530515	545.057	102.339
16290	3.258	2.23801	1.6105	-0.048606	540.935	103.59
16295	3.259	2.27417	1.6105	-0.0441752	536.482	104.735
16300	3.26	2.30977	1.6105	-0.0397587	532.887	105.797
16305	3.261	2.34479	1.6105	-0.0353561	530.247	106.784
16310	3.262	2.37929	1.6105	-0.0309669	526.781	107.714
16315	3.263	2.41326	1.6105	-0.0265901	522.789	108.584
16320	3.264	2.44672	1.6105	-0.0222253	518.321	109.414
16325	3.265	2.47967	1.6105	-0.0178719	528.897	110.196
16330	3.266	2.51212	1.6105	-0.0135294	523.108	110.98
16335	3.267	2.54412	1.6105	-0.00919459	518.427	111.736
16340	3.268	2.57567	1.6105	-0.00486737	513.14	112.493
16345	3.269	2.60678	1.6105	-0.000547512	508.921	113.223
16350	3.27	2.63745	1.6105	0.00376522	504.389	113.93
16355	3.271	2.66768	1.6105	0.00807077	500.67	114.646
16360	3.272	2.6975	1.6105	0.0123694	497.723	115.334
16365	3.273	2.7269	1.6105	0.0166614	493.86	116.032
16370	3.274	2.75588	1.6105	0.0209471	489.515	116.706
16375	3.275	2.78446	1.6105	0.0252268	484.61	117.405
16380	3.276	2.81265	1.6105	0.0295004	496.11	118.083
16385	3.277	2.84044	1.6105	0.033768	489.779	118.791
16390	3.278	2.86787	1.6105	0.0380325	484.593	119.502
16395	3.279	2.89494	1.6105	0.0422936	478.874	120.237
16400	3.28	2.92165	1.6105	0.0465509	474.284	120.957
16405	3.281	2.948	1.6105	0.0508043	469.423	121.667
16410	3.282	2.97399	1.6105	0.0550532	465.432	122.391
16415	3.283	2.99963	1.6105	0.0592974	461.517	123.093
16420	3.284	3.02491	1.6105	0.0635368	458.977	123.812
16425	3.285	3.04984	1.6105	0.0677713	455.225	124.517
16430	3.286	3.07441	1.6105	0.072001	450.281	125.242
16435	3.287	3.09865	1.6105	0.0762257	462.359	125.942
16440	3.288	3.12253	1.6105	0.080445	455.349	126.682
16445	3.289	3.14612	1.6105	0.0846617	449.433	127.397
16450	3.29	3.16937	1.6105	0.0888751	443.065	128.141
16455	3.291	3.19231	1.6105	0.0930843	437.894	128.84
16460	3.292	3.2149	1.6105	0.0972888	432.676	129.533
16465	3.293	3.23719	1.6105	0.101488	428.341	130.225
16470	3.294	3.25913	1.6105	0.10568	423.951	130.895
16475	3.295	3.28074	1.6105	0.109867	419.964	131.577
16480	3.296	3.30203	1.6105	0.114046	416.296	132.22
16485	3.297	3.32298	1.6105	0.118218	412.573	132.865
16490	3.298	3.34359	1.6105	0.122382	425.298	133.478
16495	3.299	3.36388	1.6105	0.126538	421.042	134.099
16500	3.3	3.38385	1.6105	0.130688	416.324	134.709
16505	3.301	3.40353	1.6105	0.134833	409.956	135.328
16510	3.302	3.4229	1.6105	0.138971	403.955	135.916
16515	3.303	3.44197	1.6105	0.143102	397.431	136.47
16520	3.304	3.46071	1.6105	0.147224	391.64	137.017
16525	3.305	3.47914	1.6105	0.151337	385.974	137.518
16530	3.306	3.49723	1.6105	0.155439	380.938	138.002
16535	3.307	3.51498	1.6105	0.159531	376.507	138.437
16540	3.308	3.53241	1.6105	0.16361	372.302	138.865
16545	3.309	3.5495	1.6105	0.167677	385.867	139.237
16550	3.31	3.56624	1.6105	0.171731	380.624	139.634
16555	3.311	3.5827	1.6105	0.175775	376.431	139.98
16560	3.312	3.59882	1.6105	0.179807	371.653	140.334
16565	3.313	3.61464	1.6105	0.183828	367.821	140.643
16570	3.314	3.63015	1.6105	0.187837	363.602	140.904
16575	3.315	3.64532	1.6105	0.191832	360.021	141.167
16580	3.316	3.66019	1.6105	0.195814	356.29	141.384
16585	3.317	3.67474	1.6105	0.199781	352.833	141.581
16590	3.318	3.68894	1.6105	0.203734	349.553	141.735
16595	3.319	3.70283	1.6105	0.207671	346.148	141.886
16600	3.32	3.71641	1.6105	0.211592	359.43	141.983
16605	3.321	3.72966	1.6105	0.215497	354.727	142.086
16610	3.322	3.74261	1.6105	0.219389	350.964	142.149
16615	3.323	3.75526	1.6105	0.223266	346.642	142.205
16620	3.324	3.7676	1.6105	0.227128	343.109	142.23
16625	3.325	3.77965	1.6105	0.230975	339.017	142.209
16630	3.326	3.79138	1.6105	0.234805	335.379	142.201
16635	3.327	3.80282	1.6105	0.238618	331.492	142.131
16640	3.328	3.81393	1.6105	0.242413	327.808	142.065
16645	3.329	3.82474	1.6105	0.246191	324.257	141.951
16650	3.33	3.83523	1.6105	0.249949	320.539	141.832
16655	3.331	3.84542	1.6105	0.253688	333.571	141.654
16660	3.332	3.85528	1.6105	0.257407	328.49	141.496
16665	3.333	3.86487	1.6105	0.261108	324.292	141.281
16670	3.334	3.87415	1.6105	0.264791	319.483	141.081
16675	3.335	3.88315	1.6105	0.268456	315.475	140.817
16680	3.336	3.89184	1.6105	0.2721	311.08	140.516
16685	3.337	3.90023	1.6105	0.275724	307.317	140.198
16690	3.338	3.90833	1.6105	0.279326	303.497	139.831
16695	3.339	3.91611	1.6105	0.282907	299.905	139.46
16700	3.34	3.92359	1.6105	0.286464	296.439	139.04
16705	3.341	3.93076	1.6105	0.289999	292.798	138.617
16710	3.342	3.93761	1.6105	0.29351	305.953	138.148
16715	3.343	3.94418	1.6105	0.296996	300.879	137.687
16720	3.344	3.95045	1.6105	0.30046	296.628	137.179
16725	3.345	3.95643	1.6105	0.303903	291.768	136.679
16730	3.346	3.96212	1.6105	0.307321	287.66	136.135
16735	3.347	3.96754	1.6105	0.310716	283.198	135.541
16740	3.348	3.97266	1.6105	0.314086	279.302	134.937
16745	3.349	3.97748	1.6105	0.317431	275.335	134.273
16750	3.35	3.98199	1.6105	0.320749	271.69	133.604
16755	3.351	3.98622	1.6105	0.32404	268.381	132.87
16760	3.352	3.99014	1.6105	0.327304	265.051	132.15
16765	3.353	3.99379	1.6105	0.330542	278.618	131.383
16770	3.354	3.99714	1.6105	0.333755	273.907	130.675
16775	3.355	4.00029	1.6105	0.336947	269.93	129.949
16780	3.356	4.0032	1.6105	0.340119	266.225	129.281
16785	3.357	4.00592	1.6105	0.343273	262.307	128.602
16790	3.358	4.00844	1.6105	0.346411	258.843	127.957
16795	3.359	4.0108	1.6105	0.349533	255.173	127.352
16800	3.36	4.01299	1.6105	0.352641	251.478	126.772
16805	3.361	4.01504	1.6105	0.355738	248.678	126.266
16810	3.362	4.01697	1.6105	0.358824	245.107	125.774
16815	3.363	4.01878	1.6105	0.3619	241.974	125.368
16820	3.364	4.0205	1.6105	0.36497	239.223	124.968
16825	3.365	4.02211	1.6105	0.368033	235.933	124.681
16830	3.366	4.02369	1.6105	0.371092	233.169	124.427
16835	3.367	4.02518	1.6105	0.374148	230.36	124.265
16840	3.368	4.02662	1.6105	0.377203	227.013	124.16
16845	3.369	4.02804	1.6105	0.380256	223.772	124.089
16850	3.37	4.0294	1.6105	0.38331	221.221	124.263
16855	3.371	4.031	1.6105	0.386393	217.475	124.591
16860	3.372	4.03277	1.6105	0.389503	213.746	125.103
16865	3.373	4.03473	1.6105	0.392639	210.232	125.713
16870	3.374	4.03683	1.6105	0.395797	222.32	126.464
16875	3.375	4.03905	1.6105	0.398977	217.105	127.302
16880	3.376	4.0414	1.6105	0.402179	211.936	108.965
16885	3.377	4.01289	1.6105	0.401582	229.023	92.2512
16890	3.378	3.98488	1.6105	0.401008	243.618	77.2171
16895	3.379	3.95757	1.6105	0.400485	256.744	63.8085
16900	3.38	3.93117	1.6105	0.400036	268.516	51.9831
16905	3.381	3.90579	1.6105	0.399679	279.361	41.7507
16910	3.382	3.88155	1.6105	0.39943	288.952	33.3088
16915	3.383	3.85907	1.6105	0.399362	296.358	26.5377
16920	3.384	3.83824	1.6105	0.39947	301.268	21.2778
16925	3.385	3.81913	1.6105	0.39976	304.87	17.5269
16930	3.386	3.80178	1.6105	0.40024	307.457	15.1091
16935	3.387	3.78621	1.6105	0.400917	308.952	14.0287
16940	3.388	3.77243	1.6105	0.401793	309.609	7.10052
16945	3.389	3.74919	1.6105	0.401479	316.977	1.86973
16950	3.39	3.72779	1.6105	0.401363	321.65	0
16955	3.391	3.70828	1.6105	0.401452	324.092	0
16960	3.392	3.68814	1.6105	0.401438	326.905	0
16965	3.393	3.66833	1.6105	0.401434	329.206	0
16970	3.394	3.64876	1.6105	0.401434	331.321	0
16975	3.395	3.62941	1.6105	0.401434	332.949	0
16980	3.396	3.61027	1.6105	0.401434	334.291	0
16985	3.397	3.59134	1.6105	0.401434	335.25	0
16990	3.398	3.57262	1.6105	0.401434	335.619	0
16995	3.399	3.55411	1.6105	0.401434	335.598	0
17000	3.4	3.5358	1.6105	0.401433	334.907	0
17005	3.401	3.51769	1.6105	0.401433	333.834	0
17010	3.402	3.49979	1.6105	0.401433	332.058	0
17015	3.403	3.48208	1.6105	0.401433	329.833	4.53072
17020	3.404	3.46457	1.6105	0.401433	326.877	10.7885
17025	3.405	3.44725	1.6105	0.401432	323.363	16.0074
17030	3.406	3.43013	1.6105	0.401432	319.189	24.1727
17035	3.407	3.41319	1.6105	0.401432	314.28	38.2327
17040	3.408	3.39643	1.6105	0.401432	308.409	59.5972
17045	3.409	3.37987	1.6105	0.401431	301.342	89.9719
17050	3.41	3.36347	1.6105	0.401431	293.109	128.723
17055	3.411	3.34727	1.6105	0.40143	283.574	174.529
17060	3.412	3.33125	1.6105	0.40143	272.852	225.348
17065	3.413	3.3154	1.6105	0.401429	260.952	279.117
17070	3.414	3.29973	1.6105	0.401428	247.913	333.899
17075	3.415	3.28421	1.6105	0.401427	233.901	388.673
17080	3.416	3.26888	1.6105	0.401427	218.842	442.36
17085	3.417	3.25366	1.6105	0.401417	203.104	494.485
17090	3.418	3.23833	1.6105	0.401375	186.66	544.499
17095	3.419	3.2227	1.6105	0.401274	170.008	592.294
17100	3.42	3.20656	1.6105	0.401091	154.001	635.932
17105	3.421	3.18976	1.6105	0.400802	138.855	675.496
17110	3.422	3.17208	1.6105	0.400385	125.052	711.516
17115	3.423	3.15344	1.6105	0.399822	112.522	743.753
17120	3.424	3.13365	1.6105	0.399094	101.572	783.255
17125	3.425	3.11261	1.6105	0.398188	92.0015	808.675
17130	3.426	3.0901	1.6105	0.39707	84.188	832.367
17135	3.427	3.06603	1.6105	0.395732	77.8129	852.566
17140	3.428	3.04023	1.6105	0.39415	73.1995	870.969
17145	3.429	3.01271	1.6105	0.392325	69.9755	886.501
17150	3.43	2.98348	1.6105	0.390254	68.1205	900.22
17155	3.431	2.95254	1.6105	0.387938	67.7255	911.573
17160	3.432	2.91989	1.6105	0.385375	68.5329	921.018
17165	3.433	2.88554	1.6105	0.382565	70.5497	928.698
17170	3.434	2.84952	1.6105	0.379509	73.7539	934.312
17175	3.435	2.8118	1.6105	0.376208	78.2602	942.663
17180	3.436	2.77248	1.6105	0.372666	83.7276	944.26
17185	3.437	2.73148	1.6105	0.368878	90.3055	944.809
17190	3.438	2.68887	1.6105	0.364851	97.6305	943.202
17195	3.439	2.64461	1.6105	0.360578	105.932	940.641
17200	3.44	2.5988	1.6105	0.356071	114.806	936.421
17205	3.441	2.55152	1.6105	0.351341	124.21	931.518
17210	3.442	2.50313	1.6105	0.346432	134.047	925.411
17215	3.443	2.45349	1.6105	0.341325	144.212	918.501
17220	3.444	2.40273	1.6105	0.336036	154.823	910.865
17225	3.445	2.35095	1.6105	0.330577	165.57	902.371
17230	3.446	2.29826	1.6105	0.324963	176.549	896.468
17235	3.447	2.24475	1.6105	0.319206	187.651	886.525
17240	3.448	2.19054	1.6105	0.313316	199.075	876.489
17245	3.449	2.1357	1.6105	0.307306	210.461	865.394
17250	3.45	2.08019	1.6105	0.301171	222.094	854.195
17255	3.451	2.02415	1.6105	0.294926	233.578	842.279
17260	3.452	1.96768	1.6105	0.288584	244.892	830.315
17265	3.453	1.91088	1.6105	0.28216	256.155	817.967
17270	3.454	1.85387	1.6105	0.275665	267.091	805.556
17275	3.455	1.79677	1.6105	0.269112	277.889	793.11
17280	3.456	1.73964	1.61371	0.262512	288.253	780.472
17285	3.457	1.68258	1.66943	0.255877	298.091	771.003
17290	3.458	1.6257	1.72464	0.249217	307.692	758.129
17295	3.459	1.5698	1.77932	0.242542	317.398	745.714
17300	3.46	1.5698	1.83354	0.235854	326.878	732.711
17305	3.461	1.5698	1.88721	0.229146	336.464	720.005
17310	3.462	1.5698	1.94024	0.222429	345.691	706.958
17315	3.463	1.5698	1.94926	0.215712	354.504	722.328
17320	3.464	1.5698	1.9361	0.214016	335.703	750.532
17325	3.465	1.5698	1.92271	0.214896	304.643	776.779
17330	3.466	1.5698	1.91051	0.215818	276.202	800.326
17335	3.467	1.5698	1.89993	0.21662	250.712	820.822
17340	3.468	1.5698	1.89138	0.217245	228.405	842.078
17345	3.469	1.5698	1.88517	0.217647	208.622	856.428
17350	3.47	1.5698	1.88158	0.217786	192.397	868.362
17355	3.471	1.5698	1.88101	0.217629	179.196	876.681
17360	3.472	1.5698	1.88356	0.217123	169.199	882.453
17365	3.473	1.5698	1.8893	0.216256	161.709	885.006
17370	3.474	1.5698	1.89824	0.215015	156.509	885.173
17375	3.475	1.5698	1.91037	0.213395	153.596	882.659
17380	3.476	1.5698	1.92563	0.211395	152.522	877.915
17385	3.477	1.5698	1.94392	0.209016	153.371	871.136
17390	3.478	1.5698	1.96514	0.206265	155.72	862.197
17395	3.479	1.5698	1.98914	0.203153	159.72	856.191
17400	3.48	1.5698	2.01578	0.199689	164.925	843.422
17405	3.481	1.5698	2.0449	0.195891	171.255	829.86
17410	3.482	1.5698	2.07655	0.191769	178.833	814.247
17415	3.483	1.5698	2.1105	0.187315	187.96	797.771
17420	3.484	1.5698	2.1465	0.182552	198.052	779.705
17425	3.485	1.5698	2.16661	0.177505	208.919	772.771
17430	3.486	1.5698	2.1757	0.174268	209.374	772.804
17435	3.487	1.5698	2.18193	0.172294	202.956	774.315
17440	3.488	1.5698	2.19035	0.170649	195.512	773.919
17445	3.489	1.5698	2.201	0.16874	190.027	771.324
17450	3.49	1.5698	2.21393	0.166557	186.635	772.939
17455	3.491	1.5698	2.22912	0.164094	184.921	766.209
17460	3.492	1.5698	2.24658	0.161349	185.023	758.551
17465	3.493	1.5698	2.26651	0.158319	186.301	748.561
17470	3.494	1.5698	2.28519	0.154977	189.607	739.97
17475	3.495	1.5698	2.30175	0.151753	192.148	732.298
17480	3.496	1.5698	2.31688	0.148759	193.395	725.726
17485	3.497	1.5698	2.3318	0.14591	194.057	718.893
17490	3.498	1.5698	2.34728	0.143068	194.62	711.574
17495	3.499	1.5698	2.36348	0.140142	195.79	703.751
17500	3.5	1.5698	2.38022	0.13711	197.329	695.227
17505	3.501	1.5698	2.39719	0.133993	199.343	693.629
17510	3.502	1.5698	2.41422	0.130828	201.31	684.235
17515	3.503	1.5698	2.43125	0.127635	203.431	675.577
17520	3.504	1.5698	2.44844	0.124419	205.35	666.103
17525	3.505	1.5698	2.46567	0.121162	207.357	657.25
17530	3.506	1.5698	2.48296	0.117876	209.525	647.867
17535	3.507	1.5698	2.50031	0.114563	211.889	638.681
17540	3.508	1.5698	2.51774	0.11122	214.616	629.089
17545	3.509	1.5698	2.53529	0.107844	217.375	619.388
17550	3.51	1.5698	2.5529	0.104432	220.386	609.683
17555	3.511	1.5698	2.5706	0.100987	223.267	599.612
17560	3.512	1.5698	2.58835	0.0975098	226.304	597.324
17565	3.513	1.5698	2.60616	0.0940026	229.134	586.468
17570	3.514	1.5698	2.62403	0.0904647	232.087	576.343
17575	3.515	1.5698	2.64204	0.0868967	234.833	565.424
17580	3.516	1.5698	2.66003	0.0832864	237.539	555.192
17585	3.517	1.5698	2.67793	0.0796546	240.368	544.578
17590	3.518	1.5698	2.69577	0.0760083	243.322	534.26
17595	3.519	1.5698	2.71358	0.072346	246.599	523.618
17600	3.52	1.5698	2.73139	0.0686624	249.85	512.93
17605	3.521	1.5698	2.7492	0.0649545	253.283	502.287
17610	3.522	1.5698	2.767	0.0612218	256.544	491.333
17615	3.523	1.5698	2.78476	0.0574663	259.89	488.526
17620	3.524	1.5698	2.8025	0.0536906	262.955	476.857
17625	3.525	1.5698	2.82016	0.0498943	266.081	465.942
17630	3.526	1.5698	2.83792	0.0460787	268.602	454.386
17635	3.527	1.5698	2.85553	0.0422313	271.725	443.451
17640	3.528	1.5698	2.87297	0.0383734	274.923	432.098
17645	3.529	1.5698	2.89026	0.0345122	278.14	421.037
17650	3.53	1.5698	2.90742	0.030646	281.536	410.696
17655	3.531	1.5698	2.9245	0.0267697	284.753	399.757
17660	3.532	1.5698	2.94147	0.0228798	288.028	388.974
17665	3.533	1.5698	2.95835	0.018976	291.006	378.59
17670	3.534	1.5698	2.97511	0.0150604	293.985	367.766
17675	3.535	1.5698	2.99175	0.0111354	296.62	357.455
17680	3.536	1.5698	3.00824	0.00720263	299.006	346.858
17685	3.537	1.5698	3.0247	0.00326184	301.579	336.16
17690	3.538	1.5698	3.04097	-0.000700017	304.71	332.48
17695	3.539	1.5698	3.057	-0.00466129	307.8	320.963
17700	3.54	1.5698	3.07278	-0.00861573	310.746	309.929
17705	3.541	1.5698	3.08835	-0.0125639	313.703	299.52
17710	3.542	1.5698	3.10376	-0.0165107	316.336	288.503
17715	3.543	1.5698	3.119	-0.0204596	318.925	277.524
17720	3.544	1.5698	3.13407	-0.0244114	321.149	273.205
17725	3.545	1.5698	3.14896	-0.0283643	323.04	261.75
17730	3.546	1.5698	3.16363	-0.0323171	325.159	250.588
17735	3.547	1.5698	3.17812	-0.0362673	327.771	245.672
17740	3.548	1.5698	3.19252	-0.0402148	330.387	233.615
17745	3.549	1.5698	3.20667	-0.0441737	333.273	221.923
17750	3.55	1.5698	3.22048	-0.0481215	335.684	210.882
17755	3.551	1.5698	3.23397	-0.0520502	337.757	199.569
17760	3.552	1.5698	3.24723	-0.0559617	339.866	188.159
17765	3.553	1.5698	3.26024	-0.0598618	341.846	177.299
17770	3.554	1.5698	3.27303	-0.0637537	343.983	166.491
17775	3.555	1.5698	3.28562	-0.0676382	345.97	155.227
17780	3.556	1.5698	3.29795	-0.0715138	348.1	144.29
17785	3.557	1.5698	3.31014	-0.0753793	349.958	133.699
17790	3.558	1.5698	3.32202	-0.0792467	351.925	123.039
17795	3.559	1.5698	3.33354	-0.0830935	353.489	112.097
17800	3.56	1.5698	3.34468	-0.0869116	354.984	101.572
17805	3.561	1.5698	3.35554	-0.0907032	355.993	91.5202
17810	3.562	1.5698	3.36614	-0.094474	355.975	81.1256
17815	3.563	1.5698	3.37646	-0.098228	356.587	70.5815
17820	3.564	1.5698	3.38666	-0.101966	357.576	60.2776
17825	3.565	1.5698	3.39655	-0.105704	359.167	50.2787
17830	3.566	1.5698	3.40605	-0.109418	360.737	39.9792
17835	3.567	1.5698	3.41516	-0.113101	362.348	29.5937
17840	3.568	1.5698	3.42393	-0.116747	363.473	19.4902
17845	3.569	1.5698	3.43236	-0.120363	364.351	9.8231
17850	3.57	1.5698	3.44054	-0.123954	364.809	4.27632
17855	3.571	1.5698	3.44841	-0.127522	365.409	0
17860	3.572	1.5698	3.45597	-0.131066	365.803	0
17865	3.573	1.5698	3.46315	-0.13458	366.081	0
17870	3.574	1.5698	3.47003	-0.13806	369.068	0
17875	3.575	1.5698	3.47652	-0.14151	369.72	0
17880	3.576	1.5698	3.48261	-0.144924	368.098	0
17885	3.577	1.5698	3.48838	-0.148297	364.52	0
17890	3.578	1.5698	3.49377	-0.151634	360.02	0
17895	3.579	1.5698	3.49878	-0.154934	354.806	0
17900	3.58	1.5698	3.50345	-0.158194	349.346	0
17905	3.581	1.5698	3.50779	-0.161418	344.126	0
17910	3.582	1.5698	3.51178	-0.164605	339.641	0
17915	3.583	1.5698	3.51549	-0.167756	335.575	0
17920	3.584	1.5698	3.51888	-0.170873	332.002	0
17925	3.585	1.5698	3.52196	-0.173957	329.03	0
17930	3.586	1.5698	3.52478	-0.177007	326.374	0
17935	3.587	1.5698	3.52731	-0.180026	324.35	0
17940	3.588	1.5698	3.52955	-0.183013	322.635	0
17945	3.589	1.5698	3.53158	-0.185967	321.504	0
17950	3.59	1.5698	3.53334	-0.188894	320.598	0
17955	3.591	1.5698	3.53485	-0.191791	320.154	0
17960	3.592	1.5698	3.53612	-0.194659	319.723	0
17965	3.593	1.5698	3.53715	-0.197497	319.602	0
17970	3.594	1.5698	3.53795	-0.200306	319.33	0
17975	3.595	1.5698	3.5385	-0.203086	318.994	0
17980	3.596	1.5698	3.53884	-0.205834	318.82	0
17985	3.597	1.5698	3.53926	-0.208557	317.964	0
17990	3.598	1.5698	3.53967	-0.211288	318.093	0
17995	3.599	1.5698	3.54006	-0.214023	318.885	0
18000	3.6	1.5698	3.5404	-0.216757	320.511	0
18005	3.601	1.5698	3.54094	-0.219485	322.309	0
18010	3.602	1.5698	3.54161	-0.222241	324.683	0
18015	3.603	1.5698	3.54233	-0.225016	327.3	0
18020	3.604	1.5698	3.54304	-0.227801	330.504	0
18025	3.605	1.5698	3.54373	-0.230589	333.871	0
18030	3.606	1.5698	3.54433	-0.233373	337.441	0
18035	3.607	1.5698	3.54479	-0.236147	341.368	0
18040	3.608	1.5698	3.5451	-0.238906	345.307	0
18045	3.609	1.5698	3.54521	-0.241643	349.454	0
18050	3.61	1.5698	3.54509	-0.244355	353.499	0
18055	3.611	1.5698	3.54471	-0.247036	357.659	0
18060	3.612	1.5698	3.54406	-0.249684	361.642	0
18065	3.613	1.5698	3.54314	-0.252295	365.756	0
18070	3.614	1.5698	3.54192	-0.254868	369.722	0
18075	3.615	1.5698	3.5404	-0.257398	372.97	0
18080	3.616	1.5698	3.53857	-0.259885	377.662	0
18085	3.617	1.5698	3.51608	-0.262328	383.583	0
18090	3.618	1.5698	3.49396	-0.26188	378.028	0
18095	3.619	1.5698	3.4719	-0.261451	377.703	0
18100	3.62	1.5698	3.44992	-0.260996	376.612	0
18105	3.621	1.5698	3.42805	-0.260518	374.584	0
18110	3.622	1.5698	3.40632	-0.260022	372.201	0
18115	3.623	1.5698	3.38477	-0.259513	369.947	0
18120	3.624	1.5698	3.36341	-0.258996	368.527	0
18125	3.625	1.5698	3.34231	-0.258476	368.195	0
18130	3.626	1.5698	3.32143	-0.257956	369.402	0
18135	3.627	1.5698	3.30082	-0.257439	372.133	0
18140	3.628	1.5698	3.28043	-0.256923	376.499	0
18145	3.629	1.5698	3.26028	-0.25641	382.474	0
18150	3.63	1.5698	3.24033	-0.255898	390.012	0
18155	3.631	1.5698	3.22056	-0.255385	398.876	0
18160	3.632	1.5698	3.20094	-0.254866	409.12	0
18165	3.633	1.5698	3.18146	-0.254341	420.406	0
18170	3.634	1.5698	3.16208	-0.253803	432.85	0
18175	3.635	1.5698	3.14277	-0.253251	446.055	0
18180	3.636	1.5698	3.1235	-0.252679	460.199	0
18185	3.637	1.5698	3.10425	-0.252083	476.147	0
18190	3.638	1.5698	3.08496	-0.25146	490.53	0
18195	3.639	1.5698	3.06563	-0.250804	503.809	0
18200	3.64	1.5698	3.0462	-0.250112	516.544	0
18205	3.641	1.5698	3.02668	-0.249379	529.583	0
18210	3.642	1.5698	3.00703	-0.248603	542.925	0
18215	3.643	1.5698	2.98726	-0.247783	555.272	0
18220	3.644	1.5698	2.96732	-0.246915	567.389	0
18225	3.645	1.5698	2.94716	-0.245993	578.807	0
18230	3.646	1.5698	2.9268	-0.245015	589.898	0
18235	3.647	1.5698	2.9062	-0.243977	601.319	0
18240	3.648	1.5698	2.88532	-0.242876	610.739	0
18245	3.649	1.5698	2.86416	-0.241709	619.514	0
18250	3.65	1.5698	2.84267	-0.24047	627.264	0
18255	3.651	1.5698	2.8206	-0.239155	649.419	0
18260	3.652	1.5698	2.79796	-0.237731	655.013	0
18265	3.653	1.5698	2.77471	-0.236193	660.86	0
18270	3.654	1.5698	2.75088	-0.234542	665.811	0
18275	3.655	1.5698	2.72641	-0.232774	671.193	0
18280	3.656	1.5698	2.70133	-0.230889	674.896	0
18285	3.657	1.5698	2.6756	-0.228883	677.801	0
18290	3.658	1.5698	2.64924	-0.226755	680.003	0
18295	3.659	1.5698	2.62224	-0.224504	681.417	0
18300	3.66	1.5698	2.59456	-0.222128	682.823	0
18305	3.661	1.5698	2.56629	-0.219628	683.472	0
18310	3.662	1.5698	2.53721	-0.217005	694.671	0
18315	3.663	1.5698	2.5074	-0.214237	693.227	0
18320	3.664	1.5698	2.47685	-0.211328	691.476	0
18325	3.665	1.5698	2.44562	-0.208282	688.635	0
18330	3.666	1.5698	2.41375	-0.205103	685.853	0
18335	3.667	1.5698	2.38127	-0.201797	682.602	0
18340	3.668	1.5698	2.34824	-0.198371	679.383	0
18345	3.669	1.5698	2.31471	-0.194829	676.853	0
18350	3.67	1.5698	2.28071	-0.191178	673.011	0
18355	3.671	1.5698	2.24633	-0.187425	668.883	0
18360	3.672	1.5698	2.21157	-0.183575	663.991	0
18365	3.673	1.5698	2.17636	-0.179638	669.99	0
18370	3.674	1.5698	2.14075	-0.175598	663.824	0
18375	3.675	1.5698	2.10483	-0.171466	658.255	0
18380	3.676	1.5698	2.06865	-0.167249	652.271	0
18385	3.677	1.5698	2.03232	-0.162959	646.991	0
18390	3.678	1.5698	1.99588	-0.158604	640.833	0
18395	3.679	1.5698	1.95939	-0.154196	634.552	0
18400	3.68	1.5698	1.92296	-0.149744	628.379	6.84637
18405	3.681	1.5698	1.88661	-0.145256	622.301	14.2403
18410	3.682	1.5698	1.85048	-0.140743	617.013	21.2266
18415	3.683	1.5698	1.81461	-0.136217	611.671	27.7685
18420	3.684	1.5698	1.77887	-0.131687	617.932	33.9993
18425	3.685	1.5698	1.74338	-0.12714	612.465	39.8666
18430	3.686	1.5698	1.70817	-0.122584	606.929	45.3532
18435	3.687	1.5698	1.67332	-0.118029	600.608	50.4432
18440	3.688	1.59204	1.63883	-0.113483	594.769	55.1476
18445	3.689	1.63668	1.6105	-0.108946	588.958	59.4986
18450	3.69	1.68069	1.6105	-0.104422	583.649	63.3779
18455	3.691	1.72385	1.6105	-0.0999301	578.964	66.9821
18460	3.692	1.76642	1.6105	-0.0954498	574.472	70.3331
18465	3.693	1.80841	1.6105	-0.0909765	570.875	73.398
18470	3.694	1.84972	1.6105	-0.0865243	567.51	76.2213
18475	3.695	1.89043	1.6105	-0.0820842	576.186	78.8427
18480	3.696	1.93054	1.6105	-0.0776569	570.868	81.2769
18485	3.697	1.97009	1.6105	-0.07324	566.165	83.5552
18490	3.698	2.00907	1.6105	-0.0688331	561.031	85.6793
18495	3.699	2.04751	1.6105	-0.0644361	556.453	87.656
18500	3.7	2.0854	1.6105	-0.060049	551.849	89.5209
18505	3.701	2.12275	1.6105	-0.0556717	547.622	91.2637
18510	3.702	2.15958	1.6105	-0.0513041	543.755	92.9185
18515	3.703	2.1959	1.6105	-0.046946	540.953	94.4569
18520	3.704	2.23168	1.6105	-0.042597	537.62	95.9337
18525	3.705	2.26698	1.6105	-0.0382567	533.23	97.3199
18530	3.706	2.30179	1.6105	-0.0339245	543.37	98.645
18535	3.707	2.3361	1.6105	-0.0296003	537.446	99.9194
18540	3.708	2.36998	1.6105	-0.0252807	532.463	101.164
18545	3.709	2.40341	1.6105	-0.0209659	527.29	102.357
18550	3.71	2.43639	1.6105	-0.0166559	522.767	103.521
18555	3.711	2.46896	1.6105	-0.0123506	518.232	104.66
18560	3.712	2.50109	1.6105	-0.00804986	514.04	105.768
18565	3.713	2.53281	1.6105	-0.00375359	510.147	106.859
18570	3.714	2.56411	1.6105	0.000538366	506.534	107.913
18575	3.715	2.59499	1.6105	0.00482617	502.467	108.969
18580	3.716	2.62548	1.6105	0.00911001	497.485	109.992
18585	3.717	2.65558	1.6105	0.01339	508.686	111.007
18590	3.718	2.68527	1.6105	0.0176659	502.314	112.003
18595	3.719	2.71461	1.6105	0.0219409	496.964	113.019
18600	3.72	2.74358	1.6105	0.0262146	491.455	114.014
18605	3.721	2.77219	1.6105	0.0304863	486.631	115.006
18610	3.722	2.80045	1.6105	0.0347559	481.83	116
18615	3.723	2.82834	1.6105	0.0390232	477.397	116.969
18620	3.724	2.85587	1.6105	0.0432878	473.316	117.95
18625	3.725	2.88305	1.6105	0.0475496	470.457	118.908
18630	3.726	2.90988	1.6105	0.0518084	466.822	119.869
18635	3.727	2.93635	1.6105	0.0560642	461.932	120.803
18640	3.728	2.96248	1.6105	0.060317	473.782	121.729
18645	3.729	2.98825	1.6105	0.0645663	467.098	122.652
18650	3.73	3.01371	1.6105	0.0688149	461.181	123.607
18655	3.731	3.03886	1.6105	0.0730623	455.059	124.53
18660	3.732	3.06366	1.6105	0.0773073	449.601	125.442
18665	3.733	3.08815	1.6105	0.0815495	444.273	126.361
18670	3.734	3.11231	1.6105	0.0857883	439.389	127.243
18675	3.735	3.13613	1.6105	0.090023	434.944	128.137
18680	3.736	3.15963	1.6105	0.0942531	430.605	128.985
18685	3.737	3.18278	1.6105	0.0984782	427.066	129.819
18690	3.738	3.20559	1.6105	0.102698	423.53	130.628
18695	3.739	3.22808	1.6105	0.106912	436.063	131.434
18700	3.74	3.25023	1.6105	0.111119	431.162	132.223
18705	3.741	3.27207	1.6105	0.115324	425.743	133.036
18710	3.742	3.29362	1.6105	0.119524	419.324	133.811
18715	3.743	3.31484	1.6105	0.12372	413.131	134.552
18720	3.744	3.33575	1.6105	0.12791	406.896	135.302
18725	3.745	3.35634	1.6105	0.132093	401.046	136.005
18730	3.746	3.3766	1.6105	0.136268	395.683	136.7
18735	3.747	3.39653	1.6105	0.140436	390.48	137.344
18740	3.748	3.41612	1.6105	0.144594	386.142	137.983
18745	3.749	3.43538	1.6105	0.148742	381.819	138.563
18750	3.75	3.45429	1.6105	0.152879	395.233	139.129
18755	3.751	3.47286	1.6105	0.157006	390.035	139.663
18760	3.752	3.49113	1.6105	0.161124	385.69	140.195
18765	3.753	3.50908	1.6105	0.165233	381.172	140.672
18770	3.754	3.52671	1.6105	0.169332	377.345	141.12
18775	3.755	3.54402	1.6105	0.17342	373.463	141.558
18780	3.756	3.561	1.6105	0.177498	369.732	141.958
18785	3.757	3.57766	1.6105	0.181563	366.139	142.36
18790	3.758	3.59401	1.6105	0.185617	362.358	142.707
18795	3.759	3.61001	1.6105	0.189658	359.136	143.038
18800	3.76	3.62569	1.6105	0.193685	355.656	143.326
18805	3.761	3.64104	1.6105	0.197699	368.708	143.606
18810	3.762	3.65607	1.6105	0.201698	363.925	143.848
18815	3.763	3.6708	1.6105	0.205686	359.77	144.1
18820	3.764	3.68522	1.6105	0.209661	355.251	144.305
18825	3.765	3.69934	1.6105	0.213623	351.151	144.471
18830	3.766	3.71314	1.6105	0.217571	346.947	144.631
18835	3.767	3.72664	1.6105	0.221504	342.935	144.738
18840	3.768	3.7398	1.6105	0.225422	339.12	144.832
18845	3.769	3.75265	1.6105	0.229324	335.236	144.88
18850	3.77	3.7652	1.6105	0.233209	331.984	144.905
18855	3.771	3.7774	1.6105	0.237076	328.43	144.902
18860	3.772	3.7893	1.6105	0.240926	341.255	144.881
18865	3.773	3.80086	1.6105	0.244757	336.27	144.829
18870	3.774	3.81214	1.6105	0.248572	331.847	144.776
18875	3.775	3.8231	1.6105	0.252371	327.074	144.687
18880	3.776	3.83378	1.6105	0.256151	322.694	144.54
18885	3.777	3.84412	1.6105	0.259913	318.201	144.395
18890	3.778	3.85417	1.6105	0.263656	313.877	144.203
18895	3.779	3.86391	1.6105	0.267378	309.753	143.989
18900	3.78	3.87331	1.6105	0.27108	305.531	143.734
18905	3.781	3.88242	1.6105	0.274759	301.889	143.447
18910	3.782	3.89118	1.6105	0.278417	298.067	143.108
18915	3.783	3.89963	1.6105	0.282051	311.124	142.756
18920	3.784	3.90776	1.6105	0.285662	306.231	142.338
18925	3.785	3.91557	1.6105	0.289251	302.016	141.938
18930	3.786	3.9231	1.6105	0.292819	297.495	141.49
18935	3.787	3.93032	1.6105	0.296363	293.346	141.003
18940	3.788	3.93723	1.6105	0.299884	289.075	140.52
18945	3.789	3.94385	1.6105	0.303381	284.922	139.971
18950	3.79	3.95013	1.6105	0.306853	280.923	139.433
18955	3.791	3.95612	1.6105	0.310299	276.794	138.829
18960	3.792	3.96178	1.6105	0.313718	273.187	138.208
18965	3.793	3.96712	1.6105	0.31711	269.402	137.539
18970	3.794	3.97216	1.6105	0.320474	266.324	136.847
18975	3.795	3.97686	1.6105	0.32381	262.919	136.094
18980	3.796	3.98125	1.6105	0.327116	259.89	135.327
18985	3.797	3.98532	1.6105	0.330394	257.12	134.489
18990	3.798	3.98908	1.6105	0.333641	254.301	133.596
18995	3.799	3.99251	1.6105	0.336857	251.928	132.693
19000	3.8	3.99562	1.6105	0.340043	248.997	131.752
19005	3.801	3.99843	1.6105	0.343198	246.825	130.81
19010	3.802	4.00093	1.6105	0.346322	244.394	129.83
19015	3.803	4.00313	1.6105	0.349417	241.934	128.871
19020	3.804	4.00506	1.6105	0.352485	240.114	127.907
19025	3.805	4.00677	1.6105	0.355529	238.434	126.977
19030	3.806	4.00824	1.6105	0.35855	236.285	126.059
19035	3.807	4.00954	1.6105	0.361551	234.381	125.186
19040	3.808	4.01062	1.6105	0.364535	232.444	124.349
19045	3.809	4.01159	1.6105	0.367504	230.073	123.528
19050	3.81	4.01239	1.6105	0.370459	228.403	122.787
19055	3.811	4.0131	1.6105	0.373404	226.171	122.098
19060	3.812	4.01372	1.6105	0.37634	223.992	121.504
19065	3.813	4.01424	1.6105	0.37927	222.083	120.981
19070	3.814	4.01473	1.6105	0.382195	220.336	120.557
19075	3.815	4.01515	1.6105	0.385117	217.815	120.212
19080	3.816	4.01556	1.6105	0.388038	215.336	119.965
19085	3.817	4.01594	1.6105	0.39096	213.393	119.801
19090	3.818	4.01634	1.6105	0.393884	211.268	119.757
19095	3.819	4.01673	1.6105	0.396811	208.418	119.773
19100	3.82	4.01713	1.6105	0.399743	205.518	119.877
19105	3.821	4.01758	1.6105	0.40268	203.189	99.7656
19110	3.822	3.98539	1.6105	0.401593	238.81	81.4874
19115	3.823	3.95386	1.6105	0.400549	255.444	65.0901
19120	3.824	3.92326	1.6105	0.399577	270.206	50.5319
19125	3.825	3.89377	1.6105	0.398702	283.698	37.8326
19130	3.826	3.86553	1.6105	0.397942	295.906	26.8631
19135	3.827	3.83865	1.6105	0.397314	321.668	17.4675
19140	3.828	3.81295	1.6105	0.396796	328.387	9.72208
19145	3.829	3.78889	1.6105	0.396443	333.227	4.01616
19150	3.83	3.76712	1.6105	0.396341	336.606	0
19155	3.831	3.74737	1.6105	0.396459	338.629	0
19160	3.832	3.72964	1.6105	0.396797	339.707	0
19165	3.833	3.71393	1.6105	0.397361	339.523	0
19170	3.834	3.70025	1.6105	0.398154	338.357	0
19175	3.835	3.68861	1.6105	0.399175	335.913	0.913202
19180	3.836	3.67891	1.6105	0.400421	332.482	4.77356
19185	3.837	3.6711	1.6105	0.401885	327.642	0
19190	3.838	3.64842	1.6105	0.401505	331.908	0
19195	3.839	3.62761	1.6105	0.401326	334.099	0
19200	3.84	3.60871	1.6105	0.40135	334.367	0
19205	3.841	3.59165	1.6105	0.40158	333.187	0
19210	3.842	3.57185	1.6105	0.401447	333.543	0
19215	3.843	3.5532	1.6105	0.401429	332.857	0
19220	3.844	3.53492	1.6105	0.401432	331.394	1.34476
19225	3.845	3.51685	1.6105	0.401433	329.51	7.04392
19230	3.846	3.49895	1.6105	0.401433	326.941	13.9496
19235	3.847	3.48125	1.6105	0.401433	323.844	22.6359
19240	3.848	3.46375	1.6105	0.401432	320.149	32.5643
19245	3.849	3.44642	1.6105	0.401432	315.688	44.4902
19250	3.85	3.4293	1.6105	0.401432	310.574	57.9233
19255	3.851	3.41237	1.6105	0.401432	304.592	73.6983
19260	3.852	3.39563	1.6105	0.401431	297.876	91.4912
19265	3.853	3.37907	1.6105	0.401431	290.255	105.742
19270	3.854	3.3627	1.6105	0.40143	281.838	128.343
19275	3.855	3.3465	1.6105	0.40143	272.366	162.153
19280	3.856	3.33049	1.6105	0.401429	261.676	207.728
19285	3.857	3.31463	1.6105	0.401429	249.773	262.26
19290	3.858	3.29897	1.6105	0.401428	236.516	321.578
19295	3.859	3.28348	1.6105	0.401427	222.013	382.896
19300	3.86	3.26816	1.6105	0.401427	206.503	443.581
19305	3.861	3.25292	1.6105	0.401416	190.053	501.606
19310	3.862	3.23757	1.6105	0.40137	173.243	554.353
19315	3.863	3.22187	1.6105	0.401261	156.614	613.273
19320	3.864	3.20564	1.6105	0.401066	140.926	656.518
19325	3.865	3.18868	1.6105	0.400757	126.242	696.561
19330	3.866	3.17084	1.6105	0.400315	113.036	731.959
19335	3.867	3.15162	1.6105	0.399682	101.357	764.358
19340	3.868	3.13096	1.6105	0.398845	91.5089	793.037
19345	3.869	3.10882	1.6105	0.397797	83.1505	818.968
19350	3.87	3.08519	1.6105	0.396536	76.2898	842.005
19355	3.871	3.06002	1.6105	0.395058	71.04	862.25
19360	3.872	3.03329	1.6105	0.393356	67.1579	880.373
19365	3.873	3.005	1.6105	0.391426	64.6142	895.58
19370	3.874	2.97507	1.6105	0.38926	63.4973	914.117
19375	3.875	2.94349	1.6105	0.386856	63.9714	924.476
19380	3.876	2.91024	1.6105	0.38421	65.6664	933.183
19385	3.877	2.87531	1.6105	0.38132	68.7017	939.188
19390	3.878	2.83854	1.6105	0.378161	72.8617	943.588
19395	3.879	2.79994	1.6105	0.374742	78.2486	945.856
19400	3.88	2.75964	1.6105	0.37107	84.4792	946.711
19405	3.881	2.71773	1.6105	0.367159	91.4596	946.05
19410	3.882	2.67429	1.6105	0.363016	99.2735	943.979
19415	3.883	2.6294	1.6105	0.358653	107.639	940.965
19420	3.884	2.58315	1.6105	0.354079	116.671	936.595
19425	3.885	2.53585	1.6105	0.349333	125.925	934.874
19430	3.886	2.48737	1.6105	0.344399	135.606	928.47
19435	3.887	2.4378	1.6105	0.339288	145.618	921.654
19440	3.888	2.38725	1.6105	0.334012	156.13	913.552
19445	3.889	2.33567	1.6105	0.328564	166.901	904.939
19450	3.89	2.28315	1.6105	0.32296	178.075	895.364
19455	3.891	2.22982	1.6105	0.317212	189.289	885.357
19460	3.892	2.17579	1.6105	0.311332	200.488	874.803
19465	3.893	2.12114	1.6105	0.305335	211.784	863.784
19470	3.894	2.06601	1.6105	0.299232	222.909	852.681
19475	3.895	2.01047	1.6105	0.293038	234.026	840.98
19480	3.896	1.95467	1.6105	0.286764	244.837	832.374
19485	3.897	1.89865	1.6105	0.280422	255.561	820.188
19490	3.898	1.84254	1.6105	0.274022	265.785	808.319
19495	3.899	1.78639	1.6105	0.267575	276.111	795.88
19500	3.9	1.73014	1.62106	0.261072	286.333	783.545
19505	3.901	1.6739	1.67601	0.254525	296.649	770.818
19510	3.902	1.61773	1.73049	0.247944	306.653	758.158
19515	3.903	1.5698	1.78446	0.241342	316.282	745.463
19520	3.904	1.5698	1.83781	0.234728	325.715	732.713
19525	3.905	1.5698	1.89053	0.228111	334.624	720.268
19530	3.906	1.5698	1.9426	0.221496	343.265	707.518
19535	3.907	1.5698	1.994	0.214886	351.362	698.387
19540	3.908	1.5698	2.00926	0.208283	359.216	708.72
19545	3.909	1.5698	2.00248	0.205794	344.136	732.686
19550	3.91	1.5698	1.99191	0.205861	316.547	756.858
19555	3.911	1.5698	1.98241	0.206379	289.299	778.68
19560	3.912	1.5698	1.9744	0.206784	265.69	797.483
19565	3.913	1.5698	1.96821	0.207029	245.192	813.598
19570	3.914	1.5698	1.96415	0.207069	227.593	826.875
19575	3.915	1.5698	1.96242	0.20687	212.888	837.288
19580	3.916	1.5698	1.96321	0.206403	200.563	845.298
19585	3.917	1.5698	1.96663	0.205645	190.677	850.286
19590	3.918	1.5698	1.97278	0.204579	182.798	857.244
19595	3.919	1.5698	1.98171	0.203192	177.083	857.162
19600	3.92	1.5698	1.99342	0.201473	173.116	855.309
19605	3.921	1.5698	2.00811	0.19942	170.657	850.753
19610	3.922	1.5698	2.02573	0.197005	170.274	844.467
19615	3.923	1.5698	2.04613	0.194232	172.17	835.896
19620	3.924	1.5698	2.06917	0.191112	175.713	825.652
19625	3.925	1.5698	2.0947	0.187659	180.683	813.72
19630	3.926	1.5698	2.12253	0.183886	187.061	800.171
19635	3.927	1.5698	2.1525	0.179811	194.36	785.67
19640	3.928	1.5698	2.18439	0.175452	202.649	769.57
19645	3.929	1.5698	2.19716	0.170828	211.486	772.221
19650	3.93	1.5698	2.20043	0.168404	207.847	775.024
19655	3.931	1.5698	2.20385	0.16708	198.404	777.697
19660	3.932	1.5698	2.20975	0.165738	189.97	777.605
19665	3.933	1.5698	2.21822	0.164098	183.418	775.826
19670	3.934	1.5698	2.22925	0.162149	179.516	771.696
19675	3.935	1.5698	2.24279	0.159889	177.741	765.751
19680	3.936	1.5698	2.2588	0.157319	177.875	757.902
19685	3.937	1.5698	2.27718	0.154442	179.914	748.175
19690	3.938	1.5698	2.29782	0.151267	183.332	737.277
19695	3.939	1.5698	2.3206	0.1478	188.175	724.424
19700	3.94	1.5698	2.33605	0.144055	193.963	723.632
19705	3.941	1.5698	2.34762	0.141147	194.935	718.2
19710	3.942	1.5698	2.35906	0.138677	193.304	713.276
19715	3.943	1.5698	2.37252	0.136208	191.936	706.254
19720	3.944	1.5698	2.38797	0.133486	191.872	698.217
19725	3.945	1.5698	2.40441	0.130511	193.116	689.206
19730	3.946	1.5698	2.42096	0.127399	195.139	680.358
19735	3.947	1.5698	2.43719	0.124253	197.374	671.643
19740	3.948	1.5698	2.45311	0.121124	199.715	662.857
19745	3.949	1.5698	2.46899	0.118009	201.855	654.404
19750	3.95	1.5698	2.48503	0.11488	204.168	645.173
19755	3.951	1.5698	2.50128	0.111712	206.442	643.472
19760	3.952	1.5698	2.51776	0.108497	208.973	633.405
19765	3.953	1.5698	2.53437	0.105233	211.437	623.867
19770	3.954	1.5698	2.55122	0.101931	214.071	613.616
19775	3.955	1.5698	2.56809	0.0985809	216.618	603.818
19780	3.956	1.5698	2.58491	0.0952036	219.004	593.81
19785	3.957	1.5698	2.6017	0.0918111	221.459	584.106
19790	3.958	1.5698	2.61851	0.0884007	224.064	574.299
19795	3.959	1.5698	2.63538	0.0849647	227.04	564.181
19800	3.96	1.5698	2.65234	0.0814981	230.051	554.31
19805	3.961	1.5698	2.66934	0.0780002	233.306	543.746
19810	3.962	1.5698	2.68636	0.0744732	236.43	541.373
19815	3.963	1.5698	2.7034	0.0709202	239.655	530.226
19820	3.964	1.5698	2.72044	0.0673421	242.642	519.691
19825	3.965	1.5698	2.7376	0.0637414	245.706	508.515
19830	3.966	1.5698	2.75474	0.0601012	248.588	497.82
19835	3.967	1.5698	2.77176	0.0564406	251.358	486.997
19840	3.968	1.5698	2.78864	0.0527723	254.207	476.455
19845	3.969	1.5698	2.80546	0.049095	257.153	465.847
19850	3.97	1.5698	2.82225	0.0454028	260.413	454.986
19855	3.971	1.5698	2.839	0.0416913	263.628	444.952
19860	3.972	1.5698	2.85572	0.0379596	266.987	434.067
19865	3.973	1.5698	2.87236	0.0342097	270.132	423.676
19870	3.974	1.5698	2.88892	0.0304443	273.301	413.651
19875	3.975	1.5698	2.90539	0.0266657	276.161	403.076
19880	3.976	1.5698	2.92191	0.0228755	278.568	393.095
19885	3.977	1.5698	2.93831	0.0190559	281.189	382.432
19890	3.978	1.5698	2.95449	0.0152267	284.3	372.168
19895	3.979	1.5698	2.97044	0.0114009	287.39	369.087
19900	3.98	1.5698	2.98626	0.0075778	290.407	358.055
19905	3.981	1.5698	3.00197	0.00374966	293.553	347.282
19910	3.982	1.5698	3.01755	-8.69163e-005	296.479	336.812
19915	3.983	1.5698	3.03302	-0.00393257	299.389	325.674
19920	3.984	1.5698	3.04833	-0.00778557	301.98	315.171
19925	3.985	1.5698	3.06348	-0.0116432	303.918	304.625
19930	3.986	1.5698	3.07848	-0.0155035	305.96	293.901
19935	3.987	1.5698	3.09343	-0.0193649	308.551	283.657
19940	3.988	1.5698	3.1082	-0.0232454	311.31	273.133
19945	3.989	1.5698	3.12267	-0.0271247	314.386	262.394
19950	3.99	1.5698	3.13687	-0.0309897	317.174	252.093
19955	3.991	1.5698	3.15084	-0.0348411	319.667	242.031
19960	3.992	1.5698	3.16461	-0.0386852	322.07	231.291
19965	3.993	1.5698	3.17821	-0.0425267	324.108	220.987
19970	3.994	1.5698	3.19161	-0.0463668	325.457	211.169
19975	3.995	1.5698	3.20479	-0.0502036	326.976	200.837
19980	3.996	1.5698	3.21777	-0.0540345	328.962	190.602
19985	3.997	1.5698	3.2305	-0.0578571	331.15	180.721
19990	3.998	1.5698	3.24299	-0.0616696	333.845	170.326
19995	3.999	1.5698	3.25522	-0.0654714	336.595	159.675
20000	4	1.5698	3.26722	-0.0692618	339.648	149.4
20005	4.001	1.5698	3.27897	-0.0730399	342.518	139.536
20010	4.002	1.5698	3.29045	-0.0768049	345.143	129.466
20015	4.003	1.5698	3.30183	-0.0805558	347.689	118.805
20020	4.004	1.5698	3.3129	-0.0843099	349.917	108.505
20025	4.005	1.5698	3.32361	-0.0880445	351.931	98.6474
20030	4.006	1.5698	3.33398	-0.0917504	353.396	93.8598
20035	4.007	1.5698	3.34407	-0.0954291	354.645	83.4524
20040	4.008	1.5698	3.35386	-0.0990886	355.396	73.1087
20045	4.009	1.5698	3.3634	-0.102728	355.314	63.2442
20050	4.01	1.5698	3.37266	-0.106348	355.499	57.9485
20055	4.011	1.5698	3.38164	-0.109948	356.36	47.4322
20060	4.012	1.5698	3.39033	-0.113528	357.375	36.9416
20065	4.013	1.5698	3.39887	-0.117085	358.401	26.7312
20070	4.014	1.5698	3.40708	-0.120636	359.55	16.8727
20075	4.015	1.5698	3.41491	-0.12416	360.232	7.20622
20080	4.016	1.5698	3.42235	-0.127649	360.838	0
20085	4.017	1.5698	3.42948	-0.1311	361.185	0
20090	4.018	1.5698	3.4363	-0.134518	361.683	0
20095	4.019	1.5698	3.44284	-0.137912	362.011	0
20100	4.02	1.5698	3.44907	-0.14128	362.503	0
20105	4.021	1.5698	3.45497	-0.144619	362.735	0
20110	4.022	1.5698	3.46057	-0.147927	363.013	0
20115	4.023	1.5698	3.46579	-0.151202	362.929	0
20120	4.024	1.5698	3.47098	-0.154441	362.485	0
20125	4.025	1.5698	3.47604	-0.157681	362.127	0
20130	4.026	1.5698	3.48097	-0.160915	361.524	0
20135	4.027	1.5698	3.48569	-0.164138	361.564	0
20140	4.028	1.5698	3.48985	-0.167346	359.837	0
20145	4.029	1.5698	3.49354	-0.170486	356.689	0
20150	4.03	1.5698	3.49693	-0.173571	352.303	0
20155	4.031	1.5698	3.50007	-0.176624	347.505	0
20160	4.032	1.5698	3.50295	-0.179649	342.331	0
20165	4.033	1.5698	3.5056	-0.182647	337.465	0
20170	4.034	1.5698	3.50799	-0.185616	332.788	0
20175	4.035	1.5698	3.51011	-0.188557	328.46	0
20180	4.036	1.5698	3.51202	-0.191469	324.786	0
20185	4.037	1.5698	3.51366	-0.194352	321.544	0
20190	4.038	1.5698	3.51506	-0.197207	318.995	0
20195	4.039	1.5698	3.51622	-0.200033	316.84	0
20200	4.04	1.5698	3.51716	-0.202829	315.367	0
20205	4.041	1.5698	3.51786	-0.205596	314.199	0
20210	4.042	1.5698	3.51831	-0.208333	313.593	0
20215	4.043	1.5698	3.51855	-0.211042	313.136	0
20220	4.044	1.5698	3.51854	-0.21372	312.766	0
20225	4.045	1.5698	3.51831	-0.216366	313.046	0
20230	4.046	1.5698	3.51788	-0.218985	314.016	0
20235	4.047	1.5698	3.51722	-0.221574	315.734	0
20240	4.048	1.5698	3.51631	-0.224133	317.633	0
20245	4.049	1.5698	3.51519	-0.22666	320.042	0
20250	4.05	1.5698	3.51413	-0.229155	322.733	0
20255	4.051	1.5698	3.51305	-0.231656	326.18	0
20260	4.052	1.5698	3.51194	-0.234156	329.988	0
20265	4.053	1.5698	3.51075	-0.236649	334.391	0
20270	4.054	1.5698	3.50941	-0.239128	338.963	0
20275	4.055	1.5698	3.50794	-0.24159	343.927	0
20280	4.056	1.5698	3.5063	-0.24403	348.889	0
20285	4.057	1.5698	3.50443	-0.246443	353.861	0
20290	4.058	1.5698	3.50236	-0.248827	359.003	0
20295	4.059	1.5698	3.50007	-0.251178	364.136	0
20300	4.06	1.5698	3.49749	-0.253492	369.469	0
20305	4.061	1.5698	3.49465	-0.255768	374.823	0
20310	4.062	1.5698	3.49149	-0.258002	379.35	0
20315	4.063	1.5698	3.48805	-0.260192	385.826	0
20320	4.064	1.5698	3.46603	-0.262334	394.051	0
20325	4.065	1.5698	3.44427	-0.261872	395.828	0
20330	4.066	1.5698	3.42253	-0.261417	397.757	0
20335	4.067	1.5698	3.40081	-0.26093	398.977	0
20340	4.068	1.5698	3.37914	-0.260413	399.838	0
20345	4.069	1.5698	3.35754	-0.25987	400.95	0
20350	4.07	1.5698	3.33601	-0.259304	402.813	0
20355	4.071	1.5698	3.31459	-0.258716	405.811	0
20360	4.072	1.5698	3.29328	-0.258109	410.257	0
20365	4.073	1.5698	3.27209	-0.257486	416.158	0
20370	4.074	1.5698	3.251	-0.256846	423.619	0
20375	4.075	1.5698	3.22999	-0.25619	432.375	0
20380	4.076	1.5698	3.20909	-0.255515	442.474	0
20385	4.077	1.5698	3.18823	-0.254819	453.56	0
20390	4.078	1.5698	3.16741	-0.254101	465.684	0
20395	4.079	1.5698	3.1466	-0.253358	478.661	0
20400	4.08	1.5698	3.12581	-0.252585	494.194	0
20405	4.081	1.5698	3.10498	-0.251781	508.197	0
20410	4.082	1.5698	3.08407	-0.250941	520.553	0
20415	4.083	1.5698	3.06309	-0.250063	532.362	0
20420	4.084	1.5698	3.04203	-0.249143	543.861	0
20425	4.085	1.5698	3.02086	-0.248178	555.295	0
20430	4.086	1.5698	2.99958	-0.24717	565.474	0
20435	4.087	1.5698	2.97816	-0.246114	594.035	0
20440	4.088	1.5698	2.95653	-0.245006	601.882	0
20445	4.089	1.5698	2.93468	-0.24384	610.527	0
20450	4.09	1.5698	2.91261	-0.242612	619.004	0
20455	4.091	1.5698	2.89031	-0.241322	626.42	0
20460	4.092	1.5698	2.86765	-0.239967	632.591	0
20465	4.093	1.5698	2.8446	-0.238529	638.359	0
20470	4.094	1.5698	2.82112	-0.237006	643.881	0
20475	4.095	1.5698	2.79727	-0.235395	649.02	0
20480	4.096	1.5698	2.773	-0.233695	654.492	0
20485	4.097	1.5698	2.7483	-0.231906	659.158	0
20490	4.098	1.5698	2.72313	-0.230022	675.947	0
20495	4.099	1.5698	2.69748	-0.228041	678.35	0
20500	4.1	1.5698	2.67128	-0.225955	680.934	0
20505	4.101	1.5698	2.64455	-0.223762	682.23	0
20510	4.102	1.5698	2.61726	-0.22146	683.557	0
20515	4.103	1.5698	2.58927	-0.219046	684.143	0
20520	4.104	1.5698	2.56058	-0.216498	684.503	0
20525	4.105	1.5698	2.53121	-0.213818	684.877	0
20530	4.106	1.5698	2.50118	-0.211009	683.875	0
20535	4.107	1.5698	2.47056	-0.208072	682.566	0
20540	4.108	1.5698	2.43934	-0.205013	680.218	0
20545	4.109	1.5698	2.40755	-0.201834	688.86	0
20550	4.11	1.5698	2.3752	-0.198539	685.087	0
20555	4.111	1.5698	2.34234	-0.195129	682.173	0
20560	4.112	1.5698	2.30899	-0.191609	679.132	0
20565	4.113	1.5698	2.27521	-0.187984	675.551	0
20570	4.114	1.5698	2.24088	-0.18426	670.94	0
20575	4.115	1.5698	2.20609	-0.180422	666.01	0
20580	4.116	1.5698	2.17088	-0.176481	660.872	0
20585	4.117	1.5698	2.13535	-0.172443	655.484	0
20590	4.118	1.5698	2.09952	-0.16832	650.599	0
20595	4.119	1.5698	2.0635	-0.164119	645.196	0
20600	4.12	1.5698	2.02732	-0.15985	650.712	0
20605	4.121	1.5698	1.99106	-0.155521	644.029	0
20610	4.122	1.5698	1.95474	-0.151138	638.082	0.792858
20615	4.123	1.5698	1.91847	-0.14671	631.505	8.34871
20620	4.124	1.5698	1.88229	-0.142246	625.639	15.546
20625	4.125	1.5698	1.84612	-0.137758	619.798	22.4931
20630	4.126	1.5698	1.81008	-0.133231	614.374	29.1463
20635	4.127	1.5698	1.77419	-0.12868	609.213	35.4316
20640	4.128	1.5698	1.73861	-0.124115	604.25	41.3235
20645	4.129	1.5698	1.70333	-0.119548	599.2	46.8014
20650	4.13	1.5698	1.66843	-0.114987	593.286	51.8576
20655	4.131	1.59731	1.6339	-0.110436	600.287	56.5312
20660	4.132	1.64189	1.6105	-0.105899	593.65	60.8469
20665	4.133	1.68585	1.6105	-0.101372	588.418	64.7524
20670	4.134	1.72903	1.6105	-0.0968716	583.036	68.3523
20675	4.135	1.77159	1.6105	-0.092385	578.598	71.67
20680	4.136	1.81351	1.6105	-0.0879127	575.359	74.7132
20685	4.137	1.85479	1.6105	-0.0834551	571.444	77.5339
20690	4.138	1.89547	1.6105	-0.0790116	567.043	80.1237
20695	4.139	1.93553	1.6105	-0.0745816	562.329	82.516
20700	4.14	1.97501	1.6105	-0.0701648	558.191	84.7387
20705	4.141	2.0139	1.6105	-0.0657609	553.524	86.7957
20710	4.142	2.05222	1.6105	-0.0613694	562.798	88.7183
20715	4.143	2.08997	1.6105	-0.0569901	557.355	90.5114
20720	4.144	2.12718	1.6105	-0.05262	553.171	92.2131
20725	4.145	2.16388	1.6105	-0.048259	548.62	93.811
20730	4.146	2.20007	1.6105	-0.043907	545.604	95.3235
20735	4.147	2.23574	1.6105	-0.0395638	541.29	96.7532
20740	4.148	2.27093	1.6105	-0.035229	536.521	98.1145
20745	4.149	2.30561	1.6105	-0.0309022	531.66	99.4033
20750	4.15	2.33982	1.6105	-0.0265832	526.668	100.628
20755	4.151	2.37356	1.6105	-0.0222719	522.482	101.803
20760	4.152	2.40683	1.6105	-0.0179681	518.023	102.916
20765	4.153	2.43963	1.6105	-0.0136716	528.712	104.013
20770	4.154	2.47199	1.6105	-0.00938226	523.442	105.073
20775	4.155	2.50393	1.6105	-0.00509677	519.393	106.13
20780	4.156	2.53544	1.6105	-0.000815165	516.296	107.163
20785	4.157	2.56657	1.6105	0.00346272	512.411	108.195
20790	4.158	2.59728	1.6105	0.00773722	507.308	109.197
20795	4.159	2.6276	1.6105	0.0120085	501.897	110.211
20800	4.16	2.65754	1.6105	0.0162764	496.527	111.187
20805	4.161	2.68708	1.6105	0.0205408	491.135	112.144
20810	4.162	2.71625	1.6105	0.0248013	486.657	113.084
20815	4.163	2.74501	1.6105	0.0290581	481.948	114.014
20820	4.164	2.77341	1.6105	0.0333106	493.573	114.938
20825	4.165	2.80142	1.6105	0.0375587	488.001	115.865
20830	4.166	2.82909	1.6105	0.0418056	483.642	116.804
20835	4.167	2.85641	1.6105	0.0460507	478.9	117.739
20840	4.168	2.8834	1.6105	0.050294	475.774	118.674
20845	4.169	2.91002	1.6105	0.0545351	471.107	119.603
20850	4.17	2.93632	1.6105	0.0587739	465.765	120.54
20855	4.171	2.96227	1.6105	0.0630103	460.212	121.438
20860	4.172	2.98788	1.6105	0.0672436	454.592	122.319
20865	4.173	3.01315	1.6105	0.0714734	449.676	123.208
20870	4.174	3.03807	1.6105	0.0756994	444.383	124.077
20875	4.175	3.06266	1.6105	0.0799206	456.753	124.944
20880	4.176	3.08689	1.6105	0.0841368	450.552	125.792
20885	4.177	3.1108	1.6105	0.0883507	445.651	126.652
20890	4.178	3.13439	1.6105	0.0925616	440.51	127.5
20895	4.179	3.15768	1.6105	0.0967689	436.161	128.347
20900	4.18	3.18063	1.6105	0.100972	431.854	129.15
20905	4.181	3.20326	1.6105	0.105171	428.008	129.96
20910	4.182	3.22555	1.6105	0.109365	425.063	130.752
20915	4.183	3.24754	1.6105	0.113553	420.519	131.506
20920	4.184	3.26919	1.6105	0.117735	415.622	132.274
20925	4.185	3.29053	1.6105	0.121912	409.727	132.99
20930	4.186	3.31152	1.6105	0.126082	422.424	133.71
20935	4.187	3.3322	1.6105	0.130244	415.161	134.405
20940	4.188	3.35257	1.6105	0.134401	409.168	135.101
20945	4.189	3.37261	1.6105	0.138552	403.042	135.772
20950	4.19	3.39236	1.6105	0.142696	397.75	136.431
20955	4.191	3.41178	1.6105	0.146832	392.597	137.051
20960	4.192	3.43087	1.6105	0.150959	387.921	137.673
20965	4.193	3.44966	1.6105	0.155078	383.684	138.23
20970	4.194	3.46809	1.6105	0.159186	379.535	138.747
20975	4.195	3.4862	1.6105	0.163283	376.138	139.25
20980	4.196	3.50398	1.6105	0.167369	372.402	139.696
20985	4.197	3.52143	1.6105	0.171444	385.638	140.133
20990	4.198	3.53854	1.6105	0.175506	380.825	140.53
20995	4.199	3.55533	1.6105	0.179558	376.974	140.953
21000	4.2	3.57183	1.6105	0.183601	372.605	141.33
21005	4.201	3.58802	1.6105	0.187632	368.715	141.706
21010	4.202	3.60389	1.6105	0.191652	364.649	142.034
21015	4.203	3.61944	1.6105	0.19566	361.5	142.365
21020	4.204	3.63469	1.6105	0.199655	357.066	142.639
21025	4.205	3.64961	1.6105	0.203636	351.5	142.871
21030	4.206	3.66421	1.6105	0.207604	364.393	143.09
21035	4.207	3.67848	1.6105	0.211557	356.889	143.284
21040	4.208	3.69247	1.6105	0.215497	350.469	143.471
21045	4.209	3.70615	1.6105	0.219424	344.665	143.604
21050	4.21	3.7195	1.6105	0.223336	339.053	143.739
21055	4.211	3.73255	1.6105	0.227232	351.843	143.816
21060	4.212	3.74528	1.6105	0.231111	345.384	143.88
21065	4.213	3.7577	1.6105	0.234976	340.219	143.911
21070	4.214	3.76982	1.6105	0.238825	334.618	143.952
21075	4.215	3.78165	1.6105	0.242658	329.935	143.936
21080	4.216	3.79314	1.6105	0.246474	324.921	143.875
21085	4.217	3.80433	1.6105	0.250272	320.557	143.814
21090	4.218	3.81521	1.6105	0.254051	316.118	143.695
21095	4.219	3.82576	1.6105	0.257809	312.006	143.559
21100	4.22	3.83598	1.6105	0.261547	308.121	143.364
21105	4.221	3.84588	1.6105	0.265264	304.186	143.15
21110	4.222	3.85543	1.6105	0.268959	317.532	142.88
21115	4.223	3.86467	1.6105	0.272631	312.358	142.61
21120	4.224	3.8736	1.6105	0.276283	308.14	142.299
21125	4.225	3.88225	1.6105	0.279914	303.386	141.963
21130	4.226	3.89055	1.6105	0.283523	299.484	141.59
21135	4.227	3.89857	1.6105	0.28711	295.332	141.153
21140	4.228	3.90626	1.6105	0.290673	291.767	140.696
21145	4.229	3.91362	1.6105	0.294212	288.018	140.213
21150	4.23	3.92069	1.6105	0.297727	284.464	139.708
21155	4.231	3.92743	1.6105	0.301217	281.04	139.165
21160	4.232	3.93386	1.6105	0.304681	277.454	138.603
21165	4.233	3.93996	1.6105	0.308118	290.971	137.977
21170	4.234	3.94573	1.6105	0.311529	285.993	137.37
21175	4.235	3.95122	1.6105	0.314915	281.854	136.711
21180	4.236	3.95641	1.6105	0.318276	277.173	136.059
21185	4.237	3.9613	1.6105	0.321611	273.271	135.343
21190	4.238	3.96589	1.6105	0.32492	269.753	134.594
21195	4.239	3.97019	1.6105	0.328201	266.203	133.831
21200	4.24	3.97418	1.6105	0.331455	279.501	132.997
21205	4.241	3.97786	1.6105	0.33468	274.829	132.185
21210	4.242	3.98126	1.6105	0.337879	270.692	131.345
21215	4.243	3.9844	1.6105	0.341053	266.491	130.518
21220	4.244	3.98725	1.6105	0.344199	262.608	129.653
21225	4.245	3.98983	1.6105	0.347319	259.456	128.815
21230	4.246	3.99215	1.6105	0.350414	255.837	127.963
21235	4.247	3.99424	1.6105	0.353487	252.391	127.165
21240	4.248	3.99613	1.6105	0.356539	265.527	126.36
21245	4.249	3.99782	1.6105	0.359572	260.701	125.583
21250	4.25	3.99936	1.6105	0.362592	256.557	124.884
21255	4.251	4.00077	1.6105	0.3656	268.686	124.214
21260	4.252	4.00206	1.6105	0.368598	263.333	123.654
21265	4.253	4.0033	1.6105	0.371591	258.417	123.13
21270	4.254	4.00446	1.6105	0.37458	253.701	122.865
21275	4.255	4.00581	1.6105	0.377593	248.782	122.753
21280	4.256	4.00728	1.6105	0.380629	244.23	122.854
21285	4.257	4.00891	1.6105	0.383685	239.511	123.079
21290	4.258	4.01067	1.6105	0.386761	234.276	123.463
21295	4.259	4.01253	1.6105	0.389854	229.591	123.914
21300	4.26	4.01447	1.6105	0.392964	225.343	124.467
21305	4.261	4.01652	1.6105	0.396087	220.647	125.249
21310	4.262	4.01883	1.6105	0.399251	215.45	126.193
21315	4.263	4.02138	1.6105	0.402451	210.698	106.693
21320	4.264	3.99101	1.6105	0.401596	229.278	88.9516
21325	4.265	3.96125	1.6105	0.400777	245.671	73.0306
21330	4.266	3.93233	1.6105	0.400021	260.213	58.8028
21335	4.267	3.90439	1.6105	0.39935	273.373	46.3236
21340	4.268	3.87758	1.6105	0.398782	285.452	35.379
21345	4.269	3.85185	1.6105	0.398309	294.864	26.2356
21350	4.27	3.82767	1.6105	0.397995	302.461	18.7402
21355	4.271	3.80513	1.6105	0.397851	308.51	12.8233
21360	4.272	3.7843	1.6105	0.397886	313.522	8.81546
21365	4.273	3.76578	1.6105	0.398174	316.858	6.31143
21370	4.274	3.74924	1.6105	0.398685	319.05	5.29966
21375	4.275	3.7347	1.6105	0.399416	319.853	5.54356
21380	4.276	3.72209	1.6105	0.400367	334.511	7.07301
21385	4.277	3.71142	1.6105	0.401537	330.175	2.38506
21390	4.278	3.69093	1.6105	0.401482	332.456	0
21395	4.279	3.67072	1.6105	0.401434	334.595	0
21400	4.28	3.6511	1.6105	0.401432	336.345	0
21405	4.281	3.63174	1.6105	0.401434	338.21	0
21410	4.282	3.61258	1.6105	0.401434	339.715	0
21415	4.283	3.59362	1.6105	0.401434	340.99	0
21420	4.284	3.57488	1.6105	0.401434	341.599	0
21425	4.285	3.55634	1.6105	0.401434	341.742	0
21430	4.286	3.53801	1.6105	0.401434	341.12	0
21435	4.287	3.51988	1.6105	0.401434	339.932	0
21440	4.288	3.50195	1.6105	0.401433	338.142	1.49768
21445	4.289	3.48422	1.6105	0.401433	335.569	8.7154
21450	4.29	3.46668	1.6105	0.401433	332.422	17.1476
21455	4.291	3.44933	1.6105	0.401433	328.468	27.4139
21460	4.292	3.43218	1.6105	0.401432	323.931	39.022
21465	4.293	3.4152	1.6105	0.401432	318.571	52.261
21470	4.294	3.39843	1.6105	0.401432	312.545	67.7052
21475	4.295	3.38184	1.6105	0.401431	305.653	85.145
21480	4.296	3.36544	1.6105	0.401431	297.962	105.4
21485	4.297	3.34921	1.6105	0.40143	289.422	122.416
21490	4.298	3.33317	1.6105	0.40143	279.977	149.357
21495	4.299	3.3173	1.6105	0.401429	269.43	188.172
21500	4.3	3.30159	1.6105	0.401429	257.663	238.156
21505	4.301	3.28607	1.6105	0.401428	244.6	295.822
21510	4.302	3.27072	1.6105	0.401427	230.345	356.574
21515	4.303	3.25555	1.6105	0.401427	214.912	418.141
21520	4.304	3.24047	1.6105	0.401419	198.627	489.103
21525	4.305	3.2253	1.6105	0.401378	181.636	543.068
21530	4.306	3.20978	1.6105	0.401274	164.923	593.571
21535	4.307	3.19373	1.6105	0.401082	148.796	638.539
21540	4.308	3.17675	1.6105	0.400757	134.029	679.984
21545	4.309	3.15871	1.6105	0.400276	120.545	716.824
21550	4.31	3.13937	1.6105	0.399609	108.59	750.451
21555	4.311	3.11866	1.6105	0.398751	98.342	780.478
21560	4.312	3.09659	1.6105	0.397694	89.5785	807.48
21565	4.313	3.07305	1.6105	0.396431	82.493	831.685
21570	4.314	3.04801	1.6105	0.394951	76.8052	852.852
21575	4.315	3.02142	1.6105	0.393248	72.4782	877.651
21580	4.316	2.99321	1.6105	0.391313	69.6673	893.164
21585	4.317	2.96333	1.6105	0.389138	68.575	906.932
21590	4.318	2.93176	1.6105	0.38672	68.8349	917.572
21595	4.319	2.8984	1.6105	0.384044	70.6445	926.45
21600	4.32	2.86327	1.6105	0.381114	73.5736	932.735
21605	4.321	2.82634	1.6105	0.377921	77.6118	937.416
21610	4.322	2.78769	1.6105	0.374477	82.7766	940.116
21615	4.323	2.74739	1.6105	0.37079	88.7556	941.327
21620	4.324	2.70554	1.6105	0.366869	95.6619	941.143
21625	4.325	2.66219	1.6105	0.362722	103.172	939.449
21630	4.326	2.6174	1.6105	0.358357	111.447	940.286
21635	4.327	2.57125	1.6105	0.353781	120.176	935.864
21640	4.328	2.52382	1.6105	0.349004	129.419	931.091
21645	4.329	2.47542	1.6105	0.344066	138.904	924.9
21650	4.33	2.42593	1.6105	0.338947	149	918.185
21655	4.331	2.37543	1.6105	0.333663	159.344	910.218
21660	4.332	2.3239	1.6105	0.328209	169.956	901.711
21665	4.333	2.27145	1.6105	0.322598	180.932	892.339
21670	4.334	2.21819	1.6105	0.316844	191.961	882.468
21675	4.335	2.16423	1.6105	0.310959	203.174	872.156
21680	4.336	2.10965	1.6105	0.304955	214.268	861.308
21685	4.337	2.05458	1.6105	0.298848	225.413	853.314
21690	4.338	1.99911	1.6105	0.292648	236.306	841.561
21695	4.339	1.94334	1.6105	0.286368	247.17	830.083
21700	4.34	1.88739	1.6105	0.280019	257.526	818.014
21705	4.341	1.83132	1.6105	0.273612	268.014	806.184
21710	4.342	1.77522	1.6105	0.267158	278.31	793.801
21715	4.343	1.71903	1.63117	0.260648	288.494	781.463
21720	4.344	1.66283	1.68604	0.254094	298.692	768.837
21725	4.345	1.60672	1.74047	0.247507	308.561	756.23
21730	4.346	1.5698	1.79439	0.240898	318.268	743.675
21735	4.347	1.5698	1.84768	0.234278	327.493	731.015
21740	4.348	1.5698	1.90033	0.227655	336.448	721.78
21745	4.349	1.5698	1.95232	0.221036	344.836	708.929
21750	4.35	1.5698	2.00363	0.214423	352.981	696.634
21755	4.351	1.5698	2.03114	0.207817	360.564	698.948
21760	4.352	1.5698	2.03626	0.203896	352.948	715.404
21765	4.353	1.5698	2.03135	0.202542	332.577	736.602
21770	4.354	1.5698	2.02718	0.202359	308.167	755.678
21775	4.355	1.5698	2.02416	0.202093	286.921	772.153
21780	4.356	1.5698	2.02261	0.2017	268.391	786.194
21785	4.357	1.5698	2.02276	0.201141	252.625	797.833
21790	4.358	1.5698	2.02486	0.200383	239.093	806.834
21795	4.359	1.5698	2.02906	0.199399	227.907	817.525
21800	4.36	1.5698	2.03548	0.198167	218.59	821.431
21805	4.361	1.5698	2.04423	0.19667	211.336	823.684
21810	4.362	1.5698	2.05532	0.194896	205.705	823.24
21815	4.363	1.5698	2.0688	0.192838	201.427	821.234
21820	4.364	1.5698	2.08489	0.190488	199.057	816.81
21825	4.365	1.5698	2.10349	0.187817	198.701	810.704
21830	4.366	1.5698	2.12449	0.184833	200.32	802.578
21835	4.367	1.5698	2.14779	0.181544	203.362	792.828
21840	4.368	1.5698	2.16328	0.177961	207.846	788.337
21845	4.369	1.5698	2.17259	0.175262	206.963	787.503
21850	4.37	1.5698	2.17983	0.173267	202.37	792.868
21855	4.371	1.5698	2.18821	0.171507	196.61	791.297
21860	4.372	1.5698	2.19885	0.169604	192.096	788.478
21865	4.373	1.5698	2.2113	0.167425	189.145	783.532
21870	4.374	1.5698	2.22454	0.165021	187.693	778.39
21875	4.375	1.5698	2.23789	0.162509	186.482	772.663
21880	4.376	1.5698	2.25095	0.159967	185.669	767.322
21885	4.377	1.5698	2.26381	0.157443	185.192	761.702
21890	4.378	1.5698	2.27673	0.154927	184.753	755.888
21895	4.379	1.5698	2.28992	0.152388	184.701	749.813
21900	4.38	1.5698	2.30347	0.1498	184.815	743.077
21905	4.381	1.5698	2.31736	0.147154	185.36	742.465
21910	4.382	1.5698	2.3315	0.144451	185.973	734.543
21915	4.383	1.5698	2.34585	0.1417	186.893	727.172
21920	4.384	1.5698	2.36036	0.138909	187.749	718.958
21925	4.385	1.5698	2.37505	0.136079	188.852	711.172
21930	4.386	1.5698	2.39005	0.13321	189.657	702.804
21935	4.387	1.5698	2.40516	0.130287	190.85	694.675
21940	4.388	1.5698	2.42039	0.127328	192.531	686.21
21945	4.389	1.5698	2.4357	0.12434	194.356	677.643
21950	4.39	1.5698	2.45113	0.121321	196.497	669.017
21955	4.391	1.5698	2.46673	0.118267	198.619	659.954
21960	4.392	1.5698	2.48247	0.115175	200.991	658.158
21965	4.393	1.5698	2.49837	0.112043	203.251	648.164
21970	4.394	1.5698	2.5144	0.108874	205.706	638.865
21975	4.395	1.5698	2.53053	0.105669	207.995	628.804
21980	4.396	1.5698	2.54678	0.102429	210.458	619.278
21985	4.397	1.5698	2.56324	0.0991561	212.528	609.268
21990	4.398	1.5698	2.57973	0.0958357	214.899	599.616
21995	4.399	1.5698	2.59621	0.0924887	217.679	589.724
22000	4.4	1.5698	2.61269	0.0891218	220.514	579.803
22005	4.401	1.5698	2.62919	0.0857339	223.596	569.918
22010	4.402	1.5698	2.64575	0.0823199	226.575	559.66
22015	4.403	1.5698	2.66238	0.0788766	229.721	557.311
22020	4.404	1.5698	2.67907	0.0754035	232.682	546.203
22025	4.405	1.5698	2.6958	0.0719008	235.761	535.859
22030	4.406	1.5698	2.71251	0.0683721	238.598	524.825
22035	4.407	1.5698	2.72925	0.0648192	241.155	514.404
22040	4.408	1.5698	2.74611	0.061242	243.826	503.55
22045	4.409	1.5698	2.76292	0.0576273	246.768	493.028
22050	4.41	1.5698	2.77961	0.0539961	250.066	482.302
22055	4.411	1.5698	2.79619	0.0503557	253.292	471.593
22060	4.412	1.5698	2.81271	0.0467048	256.661	461.524
22065	4.413	1.5698	2.8292	0.0430382	259.821	450.899
22070	4.414	1.5698	2.84566	0.0393526	263.068	440.688
22075	4.415	1.5698	2.86207	0.0356476	266.029	430.264
22080	4.416	1.5698	2.87842	0.031925	269.038	419.786
22085	4.417	1.5698	2.89469	0.0281874	271.418	416.889
22090	4.418	1.5698	2.9109	0.0244363	274.301	405.777
22095	4.419	1.5698	2.92713	0.0206698	277.31	394.983
22100	4.42	1.5698	2.94322	0.0168762	280.464	384.142
22105	4.421	1.5698	2.9591	0.0130774	283.796	373.06
22110	4.422	1.5698	2.97479	0.00928106	286.878	362.774
22115	4.423	1.5698	2.99033	0.0054853	289.936	351.925
22120	4.424	1.5698	3.00576	0.00168461	292.673	341.267
22125	4.425	1.5698	3.02108	-0.0021245	295.385	337.716
22130	4.426	1.5698	3.03628	-0.00594248	297.195	326.302
22135	4.427	1.5698	3.05134	-0.00976883	299.472	315.513
22140	4.428	1.5698	3.06626	-0.0135999	301.929	304.931
22145	4.429	1.5698	3.08102	-0.0174338	304.852	293.824
22150	4.43	1.5698	3.09571	-0.0212707	307.719	282.985
22155	4.431	1.5698	3.1102	-0.0251238	310.53	272.432
22160	4.432	1.5698	3.12441	-0.0289717	313.346	261.326
22165	4.433	1.5698	3.13836	-0.0328067	315.77	250.776
22170	4.434	1.5698	3.15209	-0.0366305	318.067	240.794
22175	4.435	1.5698	3.16564	-0.0404483	319.326	230.246
22180	4.436	1.5698	3.17901	-0.0442639	321.05	219.935
22185	4.437	1.5698	3.19219	-0.0480776	323.01	215.516
22190	4.438	1.5698	3.20515	-0.0518876	325.374	204.294
22195	4.439	1.5698	3.21791	-0.0556924	327.633	193.255
22200	4.44	1.5698	3.23043	-0.0594889	330.201	182.801
22205	4.441	1.5698	3.24286	-0.0632753	332.671	172.336
22210	4.442	1.5698	3.25501	-0.0670692	335.169	161.348
22215	4.443	1.5698	3.26684	-0.0708491	337.786	150.605
22220	4.444	1.5698	3.27834	-0.0746058	340.153	140.469
22225	4.445	1.5698	3.28959	-0.0783409	342.48	130.032
22230	4.446	1.5698	3.30059	-0.0820611	344.479	119.352
22235	4.447	1.5698	3.31133	-0.0857659	346.405	109.032
22240	4.448	1.5698	3.32195	-0.0894559	347.903	99.008
22245	4.449	1.5698	3.33228	-0.0931491	349.4	89.1592
22250	4.45	1.5698	3.34228	-0.0968227	350.418	78.807
22255	4.451	1.5698	3.35189	-0.100467	350.542	68.7669
22260	4.452	1.5698	3.36122	-0.104081	350.787	59.2003
22265	4.453	1.5698	3.37026	-0.107672	351.403	49.4835
22270	4.454	1.5698	3.37904	-0.111242	352.529	39.3331
22275	4.455	1.5698	3.38755	-0.114793	353.716	29.4277
22280	4.456	1.5698	3.39578	-0.118324	355.043	19.8028
22285	4.457	1.5698	3.40371	-0.121831	355.958	10.6188
22290	4.458	1.5698	3.41134	-0.125314	356.697	1.07285
22295	4.459	1.5698	3.41863	-0.128772	357.103	0
22300	4.46	1.5698	3.42556	-0.132197	357.608	0
22305	4.461	1.5698	3.4324	-0.135587	357.881	0
22310	4.462	1.5698	3.43912	-0.138978	358.481	0
22315	4.463	1.5698	3.44538	-0.142364	358.965	0
22320	4.464	1.5698	3.45118	-0.1457	359.145	0
22325	4.465	1.5698	3.45666	-0.14899	359.244	0
22330	4.466	1.5698	3.46187	-0.152245	359.041	0
22335	4.467	1.5698	3.4668	-0.155474	358.821	0
22340	4.468	1.5698	3.47145	-0.158677	358.267	0
22345	4.469	1.5698	3.47584	-0.161852	357.038	0
22350	4.47	1.5698	3.4799	-0.164997	356.219	0
22355	4.471	1.5698	3.48365	-0.168109	356.094	0
22360	4.472	1.5698	3.48708	-0.171188	356.111	0
22365	4.473	1.5698	3.4902	-0.174229	356.412	0
22370	4.474	1.5698	3.49303	-0.177237	356.331	0
22375	4.475	1.5698	3.4955	-0.180208	355.834	0
22380	4.476	1.5698	3.49766	-0.183141	355.291	0
22385	4.477	1.5698	3.49951	-0.186037	354.567	0
22390	4.478	1.5698	3.50104	-0.188894	353.97	0
22395	4.479	1.5698	3.50227	-0.191712	353.21	0
22400	4.48	1.5698	3.50319	-0.194492	352.561	0
22405	4.481	1.5698	3.50381	-0.197233	351.693	0
22410	4.482	1.5698	3.5041	-0.199936	350.97	0
22415	4.483	1.5698	3.50412	-0.202599	350.017	0
22420	4.484	1.5698	3.50388	-0.205225	349.234	0
22425	4.485	1.5698	3.50332	-0.207814	348.233	0
22430	4.486	1.5698	3.50251	-0.210364	346.144	0
22435	4.487	1.5698	3.50145	-0.212878	344.932	0
22440	4.488	1.5698	3.50011	-0.215356	344.469	0
22445	4.489	1.5698	3.49855	-0.217799	344.874	0
22450	4.49	1.5698	3.49675	-0.220206	345.655	0
22455	4.491	1.5698	3.49468	-0.222578	346.649	0
22460	4.492	1.5698	3.49264	-0.224915	347.653	0
22465	4.493	1.5698	3.49063	-0.227252	349.291	0
22470	4.494	1.5698	3.48859	-0.229589	351.279	0
22475	4.495	1.5698	3.48643	-0.231917	353.917	0
22480	4.496	1.5698	3.48419	-0.234232	356.764	0
22485	4.497	1.5698	3.48183	-0.236528	359.852	0
22490	4.498	1.5698	3.4793	-0.238804	363.321	0
22495	4.499	1.5698	3.47659	-0.241055	366.867	0
22500	4.5	1.5698	3.47371	-0.243279	370.652	0
22505	4.501	1.5698	3.4706	-0.245473	374.467	0
22510	4.502	1.5698	3.4673	-0.247636	378.495	0
22515	4.503	1.5698	3.46376	-0.249764	382.547	0
22520	4.504	1.5698	3.45999	-0.251855	388.201	0
22525	4.505	1.5698	3.45593	-0.253906	389.713	0
22530	4.506	1.5698	3.45162	-0.255916	390.958	0
22535	4.507	1.5698	3.44702	-0.257881	392.247	0
22540	4.508	1.5698	3.44213	-0.259801	393.69	0
22545	4.509	1.5698	3.43697	-0.261675	396.267	0
22550	4.51	1.5698	3.40736	-0.263502	400.402	0
22555	4.511	1.5698	3.37808	-0.261896	391.368	0
22560	4.512	1.5698	3.349	-0.260292	385.9	0
22565	4.513	1.5698	3.32014	-0.258673	383.783	0
22570	4.514	1.5698	3.29153	-0.257044	384.674	0
22575	4.515	1.5698	3.26319	-0.255409	388.103	0
22580	4.516	1.5698	3.23514	-0.253771	393.693	0
22585	4.517	1.5698	3.20739	-0.252132	400.918	0
22590	4.518	1.5698	3.17992	-0.250493	409.573	0
22595	4.519	1.5698	3.15274	-0.248855	419.356	0
22600	4.52	1.5698	3.12583	-0.247218	429.912	0
22605	4.521	1.5698	3.09921	-0.245582	441.308	0
22610	4.522	1.5698	3.07282	-0.243945	454.027	0
22615	4.523	1.5698	3.04668	-0.242306	465.21	0
22620	4.524	1.5698	3.02076	-0.240662	475.096	0
22625	4.525	1.5698	2.99505	-0.239011	484.823	0
22630	4.526	1.5698	2.9695	-0.237352	494.671	0
22635	4.527	1.5698	2.94412	-0.235682	505.421	0
22640	4.528	1.5698	2.91889	-0.233999	516.255	0
22645	4.529	1.5698	2.89378	-0.232299	526.584	0
22650	4.53	1.5698	2.86876	-0.230581	555.211	0
22655	4.531	1.5698	2.84378	-0.22884	563.475	0
22660	4.532	1.5698	2.81883	-0.227071	572.546	0
22665	4.533	1.5698	2.79388	-0.22527	580.937	0
22670	4.534	1.5698	2.76891	-0.223436	588.756	0
22675	4.535	1.5698	2.74395	-0.221567	595.133	0
22680	4.536	1.5698	2.71895	-0.219661	601.715	0
22685	4.537	1.5698	2.6939	-0.217718	607.812	0
22690	4.538	1.5698	2.66879	-0.215733	614.101	0
22695	4.539	1.5698	2.64354	-0.213705	620.405	0
22700	4.54	1.5698	2.61817	-0.211628	626.41	0
22705	4.541	1.5698	2.59258	-0.209495	644.481	0
22710	4.542	1.5698	2.56673	-0.207301	648.638	0
22715	4.543	1.5698	2.54061	-0.205038	652.679	0
22720	4.544	1.5698	2.51397	-0.202701	655.155	0
22725	4.545	1.5698	2.48685	-0.200262	657.781	0
22730	4.546	1.5698	2.45918	-0.19772	659.294	0
22735	4.547	1.5698	2.43103	-0.195074	660.963	0
22740	4.548	1.5698	2.40239	-0.192323	661.956	0
22745	4.549	1.5698	2.37319	-0.189466	663.037	0
22750	4.55	1.5698	2.3435	-0.186504	663.062	0
22755	4.551	1.5698	2.31331	-0.183435	662.214	0
22760	4.552	1.5698	2.28264	-0.180263	671.914	0
22765	4.553	1.5698	2.25146	-0.176987	669.366	0
22770	4.554	1.5698	2.21985	-0.173608	667.537	0
22775	4.555	1.5698	2.18762	-0.170129	664.722	0
22780	4.556	1.5698	2.15487	-0.166534	662.835	0
22785	4.557	1.5698	2.12161	-0.162827	659.138	0
22790	4.558	1.5698	2.08792	-0.159017	655.175	0
22795	4.559	1.5698	2.05383	-0.155108	650.435	0
22800	4.56	1.5698	2.01942	-0.151109	645.711	0
22805	4.561	1.5698	1.98473	-0.147027	641.015	0
22810	4.562	1.5698	1.94982	-0.14287	636.179	0
22815	4.563	1.5698	1.91474	-0.138644	642.04	0
22820	4.564	1.5698	1.87954	-0.134359	636.799	3.90266
22825	4.565	1.5698	1.84429	-0.130018	631.723	11.0987
22830	4.566	1.5698	1.80887	-0.125632	625.523	18.1956
22835	4.567	1.5698	1.77342	-0.121187	619.929	25.0832
22840	4.568	1.5698	1.73798	-0.116697	613.688	31.7421
22845	4.569	1.5698	1.70263	-0.112171	608.076	38.1035
22850	4.57	1.5698	1.66748	-0.107621	602.311	44.1302
22855	4.571	1.59586	1.63259	-0.103058	597.042	49.7792
22860	4.572	1.6407	1.6105	-0.0984933	592.948	55.0329
22865	4.573	1.68498	1.6105	-0.0939345	587.943	59.9096
22870	4.574	1.72866	1.6105	-0.0893836	594.648	64.42
22875	4.575	1.77174	1.6105	-0.0848421	588.161	68.6139
22880	4.576	1.81423	1.6105	-0.0803086	582.783	72.5096
22885	4.577	1.85616	1.6105	-0.0757844	576.865	76.03
22890	4.578	1.89734	1.6105	-0.071286	572.193	79.2962
22895	4.579	1.93795	1.6105	-0.0667962	567.297	82.3193
22900	4.58	1.97799	1.6105	-0.0623168	563.312	85.1336
22905	4.581	2.01745	1.6105	-0.057849	560.1	87.7404
22910	4.582	2.05635	1.6105	-0.0533922	556.123	90.1742
22915	4.583	2.09468	1.6105	-0.0489459	551.602	92.4417
22920	4.584	2.13247	1.6105	-0.0445098	546.559	94.5669
22925	4.585	2.16972	1.6105	-0.0400837	555.381	96.5474
22930	4.586	2.20644	1.6105	-0.0356676	549.288	98.4252
22935	4.587	2.24266	1.6105	-0.0312588	544.419	100.192
22940	4.588	2.27839	1.6105	-0.0268574	539.029	101.869
22945	4.589	2.31361	1.6105	-0.0224637	534.769	103.442
22950	4.59	2.34835	1.6105	-0.0180779	530.207	104.927
22955	4.591	2.38261	1.6105	-0.0136998	527.321	106.337
22960	4.592	2.41639	1.6105	-0.00932952	523.144	107.682
22965	4.593	2.44971	1.6105	-0.0049666	518.467	108.968
22970	4.594	2.48254	1.6105	-0.000610874	513.561	110.2
22975	4.595	2.51494	1.6105	0.00373769	508.336	111.396
22980	4.596	2.54689	1.6105	0.00807908	518.582	112.523
22985	4.597	2.57837	1.6105	0.0124132	512.397	113.644
22990	4.598	2.60946	1.6105	0.0167431	507.476	114.718
22995	4.599	2.64012	1.6105	0.0210684	502.04	115.778
23000	4.6	2.67037	1.6105	0.025389	497.737	116.799
23005	4.601	2.70022	1.6105	0.0297046	493.19	117.78
23010	4.602	2.72967	1.6105	0.0340155	490.327	118.76
23015	4.603	2.75873	1.6105	0.0383212	485.978	119.705
23020	4.604	2.78738	1.6105	0.042622	480.941	120.648
23025	4.605	2.81564	1.6105	0.0469178	475.635	121.556
23030	4.606	2.84351	1.6105	0.0512085	470.025	122.469
23035	4.607	2.87101	1.6105	0.0554936	481.315	123.34
23040	4.608	2.89811	1.6105	0.0597728	474.729	124.221
23045	4.609	2.92485	1.6105	0.0640488	469.463	125.085
23050	4.61	2.95125	1.6105	0.0683212	463.771	125.947
23055	4.611	2.97728	1.6105	0.0725894	459.351	126.776
23060	4.612	3.00295	1.6105	0.0768528	454.637	127.583
23065	4.613	3.02826	1.6105	0.0811115	450.648	128.4
23070	4.614	3.05322	1.6105	0.0853646	446.509	129.188
23075	4.615	3.07783	1.6105	0.089612	443.012	129.976
23080	4.616	3.10207	1.6105	0.0938536	438.473	130.726
23085	4.617	3.12594	1.6105	0.098089	433.03	131.485
23090	4.618	3.14949	1.6105	0.102318	444.973	132.2
23095	4.619	3.17266	1.6105	0.10654	437.896	132.934
23100	4.62	3.19552	1.6105	0.110757	432.119	133.625
23105	4.621	3.21803	1.6105	0.114969	425.926	134.342
23110	4.622	3.24023	1.6105	0.119175	420.82	135.021
23115	4.623	3.26208	1.6105	0.123374	415.431	135.672
23120	4.624	3.28359	1.6105	0.127566	410.856	136.316
23125	4.625	3.30476	1.6105	0.131749	406.291	136.915
23130	4.626	3.32557	1.6105	0.135924	402.183	137.524
23135	4.627	3.34606	1.6105	0.140089	398.389	138.077
23140	4.628	3.36618	1.6105	0.144244	394.565	138.625
23145	4.629	3.38595	1.6105	0.14839	407.184	139.14
23150	4.63	3.4054	1.6105	0.152524	402.196	139.657
23155	4.631	3.42452	1.6105	0.156651	399.725	140.134
23160	4.632	3.44331	1.6105	0.160769	394.968	140.629
23165	4.633	3.46179	1.6105	0.164878	389.837	141.077
23170	4.634	3.47994	1.6105	0.168978	383.551	141.497
23175	4.635	3.49778	1.6105	0.173067	377.59	141.901
23180	4.636	3.51528	1.6105	0.177146	371.611	142.266
23185	4.637	3.53246	1.6105	0.181211	366.107	142.621
23190	4.638	3.54929	1.6105	0.185264	361.002	142.923
23195	4.639	3.56577	1.6105	0.189303	355.998	143.216
23200	4.64	3.58191	1.6105	0.193327	369.287	143.456
23205	4.641	3.59771	1.6105	0.197335	363.378	143.69
23210	4.642	3.61317	1.6105	0.20133	358.666	143.889
23215	4.643	3.62832	1.6105	0.205312	353.523	144.075
23220	4.644	3.64313	1.6105	0.209279	349.382	144.214
23225	4.645	3.65762	1.6105	0.213231	344.93	144.318
23230	4.646	3.67178	1.6105	0.217167	341.145	144.397
23235	4.647	3.68559	1.6105	0.221086	337.279	144.442
23240	4.648	3.6991	1.6105	0.224987	333.728	144.454
23245	4.649	3.71223	1.6105	0.228871	330.426	144.42
23250	4.65	3.72504	1.6105	0.232736	327.043	144.374
23255	4.651	3.73751	1.6105	0.236582	340.354	144.262
23260	4.652	3.74964	1.6105	0.240409	335.862	144.166
23265	4.653	3.76147	1.6105	0.244219	332.259	144.028
23270	4.654	3.77298	1.6105	0.248012	327.921	143.897
23275	4.655	3.78416	1.6105	0.251786	324.281	143.72
23280	4.656	3.79504	1.6105	0.255541	320.149	143.509
23285	4.657	3.8056	1.6105	0.259278	316.52	143.284
23290	4.658	3.81584	1.6105	0.262994	312.686	143.025
23295	4.659	3.82577	1.6105	0.266689	309.07	142.747
23300	4.66	3.83536	1.6105	0.270363	305.606	142.424
23305	4.661	3.84464	1.6105	0.274015	302.003	142.088
23310	4.662	3.85358	1.6105	0.277644	315.135	141.694
23315	4.663	3.8622	1.6105	0.28125	310.243	141.321
23320	4.664	3.87054	1.6105	0.284836	306.253	140.891
23325	4.665	3.87856	1.6105	0.288401	301.695	140.46
23330	4.666	3.88627	1.6105	0.291944	298.014	139.98
23335	4.667	3.8937	1.6105	0.295464	293.988	139.467
23340	4.668	3.90082	1.6105	0.298961	290.469	138.942
23345	4.669	3.90762	1.6105	0.302433	286.733	138.382
23350	4.67	3.91411	1.6105	0.305881	283.19	137.819
23355	4.671	3.9203	1.6105	0.309304	279.759	137.201
23360	4.672	3.92617	1.6105	0.312701	276.157	136.652
23365	4.673	3.93184	1.6105	0.316084	289.345	136.111
23370	4.674	3.9373	1.6105	0.319452	284.265	135.609
23375	4.675	3.94253	1.6105	0.322804	279.987	135.104
23380	4.676	3.94756	1.6105	0.32614	275.148	134.62
23385	4.677	3.95235	1.6105	0.329457	271.068	134.103
23390	4.678	3.9569	1.6105	0.332756	266.652	133.576
23395	4.679	3.96123	1.6105	0.336034	262.806	133.035
23400	4.68	3.96528	1.6105	0.339292	258.976	132.476
23405	4.681	3.96913	1.6105	0.342528	255.425	131.929
23410	4.682	3.97272	1.6105	0.345744	252.012	131.354
23415	4.683	3.97608	1.6105	0.348939	248.415	130.808
23420	4.684	3.97921	1.6105	0.352114	245.505	130.245
23425	4.685	3.98213	1.6105	0.35527	242.824	129.728
23430	4.686	3.98486	1.6105	0.358407	239.764	129.185
23435	4.687	3.98738	1.6105	0.361526	237.044	128.681
23440	4.688	3.98971	1.6105	0.364629	234.332	128.163
23445	4.689	3.99187	1.6105	0.367716	231.251	127.651
23450	4.69	3.99387	1.6105	0.370788	228.899	127.192
23455	4.691	3.99574	1.6105	0.373847	225.958	126.729
23460	4.692	3.99745	1.6105	0.376895	223.2	126.319
23465	4.693	3.99904	1.6105	0.379931	220.996	126.058
23470	4.694	4.00075	1.6105	0.382985	218.1	125.979
23475	4.695	4.00254	1.6105	0.386055	215.235	126.015
23480	4.696	4.00442	1.6105	0.389139	212.659	126.197
23485	4.697	4.00636	1.6105	0.392236	209.228	126.452
23490	4.698	4.00835	1.6105	0.395344	205.581	126.824
23495	4.699	4.01038	1.6105	0.398462	202.496	127.232
23500	4.7	4.01244	1.6105	0.401588	199.763	111.688
23505	4.701	3.98882	1.6105	0.401557	214.058	96.9623
23510	4.702	3.96469	1.6105	0.401431	227.475	83.6139
23515	4.703	3.94113	1.6105	0.401343	240.126	71.6894
23520	4.704	3.9183	1.6105	0.401312	251.387	60.8958
23525	4.705	3.89599	1.6105	0.401315	260.988	51.4912
23530	4.706	3.87467	1.6105	0.401409	269.706	43.386
23535	4.707	3.85444	1.6105	0.40161	277.567	34.1753
23540	4.708	3.83149	1.6105	0.401446	286.075	26.4491
23545	4.709	3.80994	1.6105	0.401426	292.782	19.59
23550	4.71	3.78887	1.6105	0.401434	299.225	13.274
23555	4.711	3.76797	1.6105	0.401434	305.448	7.50914
23560	4.712	3.7473	1.6105	0.401434	310.873	2.31309
23565	4.713	3.72687	1.6105	0.401434	315.064	0
23570	4.714	3.70666	1.6105	0.401435	319.154	0
23575	4.715	3.68666	1.6105	0.401435	323.121	0
23580	4.716	3.66689	1.6105	0.401435	327.313	0
23585	4.717	3.64733	1.6105	0.401435	346.521	0
23590	4.718	3.62799	1.6105	0.401435	347.829	0
23595	4.719	3.60887	1.6105	0.401435	348.903	0
23600	4.72	3.58996	1.6105	0.401435	350.046	0
23605	4.721	3.57125	1.6105	0.401435	351.515	0
23610	4.722	3.55275	1.6105	0.401434	352.853	0
23615	4.723	3.53446	1.6105	0.401434	354.22	0
23620	4.724	3.51637	1.6105	0.401434	355.161	0
23625	4.725	3.49848	1.6105	0.401434	355.889	0
23630	4.726	3.48078	1.6105	0.401434	356.041	0
23635	4.727	3.46328	1.6105	0.401433	355.858	0
23640	4.728	3.44598	1.6105	0.401433	355.255	0
23645	4.729	3.42887	1.6105	0.401433	354.042	0
23650	4.73	3.41194	1.6105	0.401433	352.432	0
23655	4.731	3.3952	1.6105	0.401433	350.154	0
23660	4.732	3.37863	1.6105	0.401432	347.497	0
23665	4.733	3.36226	1.6105	0.401432	344.142	0
23670	4.734	3.34607	1.6105	0.401432	340.33	7.81598
23675	4.735	3.33006	1.6105	0.401432	335.784	16.8268
23680	4.736	3.31422	1.6105	0.401431	330.655	27.7506
23685	4.737	3.29857	1.6105	0.401431	324.731	40.2903
23690	4.738	3.28308	1.6105	0.401431	318.158	52.357
23695	4.739	3.26777	1.6105	0.40143	310.79	71.492
23700	4.74	3.25263	1.6105	0.40143	302.329	101.048
23705	4.741	3.23765	1.6105	0.401429	292.708	141.419
23710	4.742	3.22282	1.6105	0.401429	281.767	191.269
23715	4.743	3.20817	1.6105	0.401428	269.544	247.812
23720	4.744	3.19368	1.6105	0.401427	256.09	307.89
23725	4.745	3.17936	1.6105	0.401427	241.422	368.662
23730	4.746	3.16512	1.6105	0.401418	225.839	428.501
23735	4.747	3.15076	1.6105	0.401377	209.404	485.995
23740	4.748	3.13611	1.6105	0.401277	192.671	539.021
23745	4.749	3.12075	1.6105	0.401071	176.047	586.959
23750	4.75	3.10448	1.6105	0.400733	160.229	630.749
23755	4.751	3.08702	1.6105	0.400225	145.861	669.58
23760	4.752	3.06834	1.6105	0.399541	132.871	715.429
23765	4.753	3.04833	1.6105	0.398672	121.527	746.168
23770	4.754	3.02695	1.6105	0.397607	111.661	774.932
23775	4.755	3.00413	1.6105	0.396336	103.498	800.052
23780	4.756	2.97977	1.6105	0.394846	96.7802	822.95
23785	4.757	2.9538	1.6105	0.393128	91.753	842.811
23790	4.758	2.92619	1.6105	0.391173	88.085	860.411
23795	4.759	2.89688	1.6105	0.388978	86.0159	875.444
23800	4.76	2.86574	1.6105	0.386524	85.0803	888.16
23805	4.761	2.83282	1.6105	0.383813	85.6252	898.938
23810	4.762	2.79804	1.6105	0.380837	87.786	907.083
23815	4.763	2.76149	1.6105	0.377603	91.1748	918.098
23820	4.764	2.72322	1.6105	0.374121	95.8234	921.814
23825	4.765	2.68334	1.6105	0.370397	101.355	924.5
23830	4.766	2.64187	1.6105	0.366438	107.88	925.094
23835	4.767	2.59888	1.6105	0.362252	115.047	924.583
23840	4.768	2.55443	1.6105	0.357845	123.022	922.449
23845	4.769	2.5086	1.6105	0.353225	131.467	919.284
23850	4.77	2.46146	1.6105	0.348401	140.573	914.873
23855	4.771	2.41299	1.6105	0.343373	150.042	909.589
23860	4.772	2.36364	1.6105	0.338191	159.632	903.545
23865	4.773	2.31312	1.6105	0.332826	169.634	896.356
23870	4.774	2.26157	1.6105	0.327289	179.977	891.547
23875	4.775	2.20908	1.6105	0.321595	190.794	882.476
23880	4.776	2.15577	1.6105	0.315756	201.748	873.255
23885	4.777	2.1017	1.6105	0.309783	212.983	863.078
23890	4.778	2.04704	1.6105	0.303691	224.14	852.685
23895	4.779	1.99183	1.6105	0.297492	235.4	841.662
23900	4.78	1.93624	1.6105	0.291199	246.41	830.45
23905	4.781	1.8803	1.6105	0.284824	257.414	818.941
23910	4.782	1.82416	1.6105	0.278379	268.034	807.202
23915	4.783	1.7679	1.6105	0.271875	278.315	795.437
23920	4.784	1.71145	1.63639	0.265305	288.288	783.22
23925	4.785	1.6549	1.69193	0.258681	298.197	773.869
23930	4.786	1.59836	1.74709	0.252015	308.275	761.102
23935	4.787	1.5698	1.80181	0.245317	318.166	748.755
23940	4.788	1.5698	1.85599	0.238598	328.053	735.977
23945	4.789	1.5698	1.90956	0.231867	337.532	723.465
23950	4.79	1.5698	1.96243	0.225135	346.821	710.758
23955	4.791	1.5698	2.01457	0.218412	355.52	698.242
23960	4.792	1.5698	2.06596	0.2117	363.944	685.765
23965	4.793	1.5698	2.11661	0.205004	371.728	673.296
23970	4.794	1.5698	2.14398	0.198325	378.962	675.869
23975	4.795	1.5698	2.14955	0.194275	371.209	691.572
23980	4.796	1.5698	2.14524	0.192732	351.147	715.618
23985	4.797	1.5698	2.1416	0.192339	327.417	733.707
23990	4.798	1.5698	2.13896	0.191875	306.499	749.986
23995	4.799	1.5698	2.13766	0.191298	288.465	763.456
24000	4.8	1.5698	2.13797	0.190568	272.781	774.797
24005	4.801	1.5698	2.14011	0.189652	259.54	783.48
24010	4.802	1.5698	2.14423	0.188523	248.212	789.985
24015	4.803	1.5698	2.15045	0.187159	238.983	794.189
24020	4.804	1.5698	2.15888	0.185545	231.366	796.126
24025	4.805	1.5698	2.16981	0.183665	224.718	796.096
24030	4.806	1.5698	2.18321	0.181483	220.493	793.619
24035	4.807	1.5698	2.19904	0.178999	218.349	793.491
24040	4.808	1.5698	2.21724	0.176213	218.296	786.636
24045	4.809	1.5698	2.23771	0.17313	219.761	778.676
24050	4.81	1.5698	2.26034	0.169758	222.759	768.616
24055	4.811	1.5698	2.27775	0.166107	226.734	762.347
24060	4.812	1.5698	2.28926	0.16304	227.244	759.587
24065	4.813	1.5698	2.29764	0.160646	223.758	758.754
24070	4.814	1.5698	2.30599	0.158606	218.651	757.472
24075	4.815	1.5698	2.31601	0.156557	213.671	754.609
24080	4.816	1.5698	2.32786	0.154305	209.542	750.559
24085	4.817	1.5698	2.34069	0.151823	207.331	745.236
24090	4.818	1.5698	2.35367	0.149212	206.153	745.126
24095	4.819	1.5698	2.36643	0.146567	205.622	738.835
24100	4.82	1.5698	2.37905	0.14393	205.094	733.183
24105	4.821	1.5698	2.3917	0.141296	204.805	726.739
24110	4.822	1.5698	2.40458	0.138643	204.489	720.359
24115	4.823	1.5698	2.41777	0.135946	204.533	713.306
24120	4.824	1.5698	2.43123	0.133197	204.617	706.149
24125	4.825	1.5698	2.44492	0.130397	205.04	698.71
24130	4.826	1.5698	2.4588	0.127554	205.413	691.026
24135	4.827	1.5698	2.47295	0.124671	205.446	683.503
24140	4.828	1.5698	2.48722	0.121738	206.105	675.464
24145	4.829	1.5698	2.50152	0.118776	207.062	673.886
24150	4.83	1.5698	2.51592	0.115788	208.466	664.916
24155	4.831	1.5698	2.53045	0.112772	209.969	656.517
24160	4.832	1.5698	2.54511	0.109721	211.799	647.367
24165	4.833	1.5698	2.55995	0.106634	213.579	638.434
24170	4.834	1.5698	2.57491	0.10351	215.605	629.048
24175	4.835	1.5698	2.58998	0.100351	217.476	619.759
24180	4.836	1.5698	2.60517	0.0971579	219.52	610.371
24185	4.837	1.5698	2.62044	0.0939331	221.395	600.846
24190	4.838	1.5698	2.63594	0.0906758	222.861	591.628
24195	4.839	1.5698	2.65146	0.0873736	224.9	581.943
24200	4.84	1.5698	2.66695	0.0840466	227.13	579.532
24205	4.841	1.5698	2.68245	0.0807019	229.716	569.021
24210	4.842	1.5698	2.69798	0.0773366	232.3	559.189
24215	4.843	1.5698	2.71357	0.0739468	235.113	548.697
24220	4.844	1.5698	2.7292	0.0705296	237.782	538.514
24225	4.845	1.5698	2.74489	0.0670844	240.59	527.956
24230	4.846	1.5698	2.76058	0.0636127	243.17	517.582
24235	4.847	1.5698	2.7763	0.0601167	245.844	507.176
24240	4.848	1.5698	2.79204	0.0565978	247.981	496.775
24245	4.849	1.5698	2.80787	0.0530558	250.355	486.669
24250	4.85	1.5698	2.82366	0.049478	253.236	476.032
24255	4.851	1.5698	2.83934	0.0458853	256.174	473.174
24260	4.852	1.5698	2.85492	0.0422854	259.303	461.759
24265	4.853	1.5698	2.87043	0.0386751	262.24	451.093
24270	4.854	1.5698	2.8859	0.0350506	265.258	440.129
24275	4.855	1.5698	2.90134	0.0314088	268.003	429.305
24280	4.856	1.5698	2.91673	0.0277492	270.796	418.871
24285	4.857	1.5698	2.93207	0.0240734	273.285	408.005
24290	4.858	1.5698	2.94732	0.0203836	275.598	404.693
24295	4.859	1.5698	2.96251	0.0166814	278.067	393.206
24300	4.86	1.5698	2.97775	0.012965	280.73	382.223
24305	4.861	1.5698	2.99281	0.00922268	283.793	371.102
24310	4.862	1.5698	3.0077	0.0054764	286.724	360.003
24315	4.863	1.5698	3.02238	0.00173377	289.697	349.499
24320	4.864	1.5698	3.03691	-0.00200704	292.334	338.747
24325	4.865	1.5698	3.05135	-0.00575157	294.951	328.148
24330	4.866	1.5698	3.06566	-0.00950332	297.238	324.346
24335	4.867	1.5698	3.07987	-0.0132628	299.165	313.116
24340	4.868	1.5698	3.09393	-0.0170294	301.297	302.284
24345	4.869	1.5698	3.10786	-0.0207996	303.934	291.348
24350	4.87	1.5698	3.12161	-0.0245713	306.589	280.137
24355	4.871	1.5698	3.13532	-0.0283448	309.161	269.422
24360	4.872	1.5698	3.14882	-0.0321332	311.876	258.548
24365	4.873	1.5698	3.16204	-0.0359153	314.263	247.621
24370	4.874	1.5698	3.17499	-0.0396834	316.517	237.179
24375	4.875	1.5698	3.18775	-0.0434391	318.337	227.107
24380	4.876	1.5698	3.20032	-0.0471878	319.738	216.688
24385	4.877	1.5698	3.2127	-0.050933	321.335	206.557
24390	4.878	1.5698	3.22491	-0.0546752	323.561	196.237
24395	4.879	1.5698	3.23692	-0.0584125	326.034	185.517
24400	4.88	1.5698	3.24868	-0.0621423	329.009	175.183
24405	4.881	1.5698	3.26025	-0.0658628	331.936	165.289
24410	4.882	1.5698	3.2717	-0.0695744	334.784	154.84
24415	4.883	1.5698	3.28287	-0.0732904	337.727	144.198
24420	4.884	1.5698	3.29371	-0.0769889	340.279	134.079
24425	4.885	1.5698	3.30422	-0.0806621	342.635	124.425
24430	4.886	1.5698	3.31447	-0.0843117	344.448	114.678
24435	4.887	1.5698	3.32447	-0.0879433	346.075	104.627
24440	4.888	1.5698	3.33425	-0.0915605	347.203	94.7864
24445	4.889	1.5698	3.34391	-0.0951638	348.208	85.3039
24450	4.89	1.5698	3.3533	-0.0987698	348.33	75.2778
24455	4.891	1.5698	3.36232	-0.102355	349.104	65.4029
24460	4.892	1.5698	3.37098	-0.105908	350.03	55.8965
24465	4.893	1.5698	3.37938	-0.109431	351.024	46.8204
24470	4.894	1.5698	3.38747	-0.112931	352.215	37.0585
24475	4.895	1.5698	3.39531	-0.116407	353.085	27.3087
24480	4.896	1.5698	3.40286	-0.119862	353.776	17.812
24485	4.897	1.5698	3.41012	-0.123294	354.145	8.7974
24490	4.898	1.5698	3.41712	-0.126703	354.61	0
24495	4.899	1.5698	3.42379	-0.130086	354.918	0
24500	4.9	1.5698	3.43011	-0.133438	355.384	0
24505	4.901	1.5698	3.43608	-0.136758	355.618	0
24510	4.902	1.5698	3.44172	-0.140043	355.94	0
24515	4.903	1.5698	3.44699	-0.143292	355.942	0
24520	4.904	1.5698	3.45192	-0.146505	355.633	0
24525	4.905	1.5698	3.45647	-0.14968	355.26	0
24530	4.906	1.5698	3.46069	-0.152818	354.514	0
24535	4.907	1.5698	3.46457	-0.155917	352.94	0
24540	4.908	1.5698	3.4681	-0.158977	351.715	0
24545	4.909	1.5698	3.47129	-0.161999	351.186	0
24550	4.91	1.5698	3.47417	-0.164983	350.859	0
24555	4.911	1.5698	3.47669	-0.167929	350.861	0
24560	4.912	1.5698	3.4789	-0.170837	350.551	0
24565	4.913	1.5698	3.4808	-0.173706	350.106	0
24570	4.914	1.5698	3.48239	-0.176538	349.301	0
24575	4.915	1.5698	3.48366	-0.179333	348.306	0
24580	4.916	1.5698	3.48467	-0.182087	347.438	0
24585	4.917	1.5698	3.48537	-0.184808	346.455	0
24590	4.918	1.5698	3.48581	-0.187493	345.58	0
24595	4.919	1.5698	3.48595	-0.190142	344.509	0
24600	4.92	1.5698	3.48613	-0.192756	343.474	0
24605	4.921	1.5698	3.48627	-0.195372	342.325	0
24610	4.922	1.5698	3.48638	-0.197986	341.306	0
24615	4.923	1.5698	3.48638	-0.200593	340.039	0
24620	4.924	1.5698	3.48629	-0.20319	338.04	0
24625	4.925	1.5698	3.48606	-0.205775	336.479	0
24630	4.926	1.5698	3.48573	-0.208343	335.546	0
24635	4.927	1.5698	3.4855	-0.210893	335.416	0
24640	4.928	1.5698	3.48535	-0.21346	335.747	0
24645	4.929	1.5698	3.48522	-0.216037	336.455	0
24650	4.93	1.5698	3.48505	-0.218617	337.176	0
24655	4.931	1.5698	3.48511	-0.221194	338.282	0
24660	4.932	1.5698	3.4853	-0.2238	339.693	0
24665	4.933	1.5698	3.48553	-0.226425	341.703	0
24670	4.934	1.5698	3.48577	-0.229059	343.879	0
24675	4.935	1.5698	3.48598	-0.231695	346.526	0
24680	4.936	1.5698	3.48607	-0.234324	349.188	0
24685	4.937	1.5698	3.48603	-0.236942	351.841	0
24690	4.938	1.5698	3.48578	-0.239541	354.681	0
24695	4.939	1.5698	3.48534	-0.242115	357.399	0
24700	4.94	1.5698	3.48462	-0.244659	360.253	0
24705	4.941	1.5698	3.48364	-0.247169	362.952	0
24710	4.942	1.5698	3.48238	-0.24964	364.511	0
24715	4.943	1.5698	3.48081	-0.25207	367.244	0
24720	4.944	1.5698	3.47891	-0.254456	371.58	0
24725	4.945	1.5698	3.47667	-0.256795	377.008	0
24730	4.946	1.5698	3.47303	-0.259085	383.123	0
24735	4.947	1.5698	3.46865	-0.261179	392.402	0
24740	4.948	1.5698	3.44108	-0.263159	399.459	0
24745	4.949	1.5698	3.41355	-0.261891	390.005	0
24750	4.95	1.5698	3.38612	-0.260584	380.16	0
24755	4.951	1.5698	3.35885	-0.259252	370.787	0
24760	4.952	1.5698	3.33189	-0.257906	362.385	0
24765	4.953	1.5698	3.30522	-0.256556	355.626	0
24770	4.954	1.5698	3.27888	-0.255212	350.63	0
24775	4.955	1.5698	3.25294	-0.253877	347.717	0
24780	4.956	1.5698	3.22736	-0.252555	346.815	0
24785	4.957	1.5698	3.20217	-0.251249	347.969	0
24790	4.958	1.5698	3.17737	-0.24996	350.989	0
24795	4.959	1.5698	3.15295	-0.248688	355.802	0
24800	4.96	1.5698	3.12888	-0.247433	362.256	0
24805	4.961	1.5698	3.10518	-0.246192	370.261	0
24810	4.962	1.5698	3.08178	-0.244965	379.569	0
24815	4.963	1.5698	3.05868	-0.243748	390.244	0
24820	4.964	1.5698	3.03587	-0.242539	401.933	0
24825	4.965	1.5698	3.01327	-0.241334	414.81	0
24830	4.966	1.5698	2.9909	-0.240129	428.427	0
24835	4.967	1.5698	2.96867	-0.23892	443.024	0
24840	4.968	1.5698	2.94661	-0.237703	459.688	0
24845	4.969	1.5698	2.92465	-0.236473	474.961	0
24850	4.97	1.5698	2.90274	-0.235225	489.181	0
24855	4.971	1.5698	2.88089	-0.233955	502.783	0
24860	4.972	1.5698	2.85901	-0.232659	515.988	0
24865	4.973	1.5698	2.83714	-0.231332	527.747	0
24870	4.974	1.5698	2.8152	-0.22997	557.89	0
24875	4.975	1.5698	2.79314	-0.22857	567.173	0
24880	4.976	1.5698	2.77101	-0.227125	577.224	0
24885	4.977	1.5698	2.74872	-0.225635	586.242	0
24890	4.978	1.5698	2.72627	-0.224096	597.021	0
24895	4.979	1.5698	2.70364	-0.222502	605.392	0
24900	4.98	1.5698	2.68075	-0.22085	613.109	0
24905	4.981	1.5698	2.65758	-0.219132	620.002	0
24910	4.982	1.5698	2.63408	-0.217344	626.334	0
24915	4.983	1.5698	2.61022	-0.215481	632.738	0
24920	4.984	1.5698	2.58599	-0.213537	638.27	0
24925	4.985	1.5698	2.56115	-0.211508	655.851	0
24930	4.986	1.5698	2.5357	-0.209363	660.487	0
24935	4.987	1.5698	2.5096	-0.2071	664.4	0
24940	4.988	1.5698	2.48288	-0.204717	666.129	0
24945	4.989	1.5698	2.45551	-0.202212	667.772	0
24950	4.99	1.5698	2.42747	-0.199585	668.099	0
24955	4.991	1.5698	2.39881	-0.196835	668.526	0
24960	4.992	1.5698	2.36952	-0.193961	668.514	0
24965	4.993	1.5698	2.33961	-0.190966	668.124	0
24970	4.994	1.5698	2.30909	-0.187851	667.98	0
24975	4.995	1.5698	2.27801	-0.184617	666.234	0
24980	4.996	1.5698	2.24621	-0.181268	674.807	0
24985	4.997	1.5698	2.21374	-0.177785	671.031	0
24990	4.998	1.5698	2.18067	-0.174175	667.904	0
24995	4.999	1.5698	2.14701	-0.170442	663.621	0
25000	5	1.5698	2.11284	-0.166593	659.87	0
25005	5.001	0	0	0	0	0
25010	5.002	0	0	0	0	0
25015	5.003	0	0	0	0	0
25020	5.004	0	0	0	0	0
25025	5.005	0	0	0	0	0
25030	5.006	0	0	0	0	0
25035	5.007	0	0	0	0	0
25040	5.008	0	0	0	0	0
25045	5.009	0	0	0	0	0
