2026-09-08 10:38:45.771 | INFO     | myoconverter.O2MPipeline:O2MPipeline:52 - Start the conversion pipeline for : gait2392_simbody
2026-09-08 10:38:45.771 | INFO     | myoconverter.O2MPipeline:coordinate_kwargs:75 - Coordinate the input configurations, remove conflicts.
2026-09-08 10:38:45.773 | INFO     | myoconverter.O2MPipeline:coordinate_kwargs:86 -    Checking configurations for step 2 conversion.
2026-09-08 10:38:45.773 | INFO     | myoconverter.O2MPipeline:coordinate_kwargs:103 -        All good now.
2026-09-08 10:38:45.773 | INFO     | myoconverter.O2MPipeline:coordinate_kwargs:119 -    Checking configurations for step 3 conversion.
2026-09-08 10:38:45.773 | INFO     | myoconverter.O2MPipeline:coordinate_kwargs:136 -        All good now.
2026-09-08 10:38:45.773 | INFO     | myoconverter.conversion_steps.O2MSteps:__init__:84 - Given OpenSim model file: C:\Users\Ben\Documents\GitHub\Bipedal_Robot\Solid_Models\OpenSim\Gait2392_Robotbody\mjc\gait2392_simbody\gait2392_simbody.osim
2026-09-08 10:38:45.773 | INFO     | myoconverter.conversion_steps.O2MSteps:__init__:85 - Reading mesh files from folder C:\Users\Ben\Documents\GitHub\myoconverter\models\osim\Gait2354Simbody\Geometry
2026-09-08 10:38:45.773 | INFO     | myoconverter.conversion_steps.O2MSteps:__init__:86 - Converted model will be saved in folder C:\Users\Ben\Documents\GitHub\Bipedal_Robot\Solid_Models\OpenSim\Gait2392_Robotbody\mjc\gait2392_simbody
2026-09-08 10:38:45.781 | INFO     | myoconverter.conversion_steps.O2MSteps:PipelineExecution:124 - Started step 1 conversion - cvt1.
2026-09-08 10:38:45.813 | INFO     | myoconverter.xml.converter:convert:40 - Commencing the conversion procedure!
2026-09-08 10:38:45.813 | INFO     | myoconverter.xml.converter:_parse_ground:138 - Parsing the ground
2026-09-08 10:38:45.813 | INFO     | myoconverter.xml.parsers:parse:59 - [BodyParser: Ground] ground
2026-09-08 10:38:45.813 | INFO     | myoconverter.xml.converter:_parse_constraints:147 - Starting to parse constraints
2026-09-08 10:38:45.813 | INFO     | myoconverter.xml.converter:_parse_bodies_and_joints:80 - Starting to parse bodies, wrapping objects, and joints
2026-09-08 10:38:45.819 | INFO     | myoconverter.xml.parsers:parse:59 - [BodyParser: Body] pelvis
2026-09-08 10:38:45.852 | INFO     | myoconverter.xml.parsers:parse:59 - [JointParser: CustomJoint] ground_pelvis
2026-09-08 10:38:45.852 | INFO     | myoconverter.xml.parsers:parse:59 - [BodyParser: Body] femur_r
2026-09-08 10:38:45.868 | INFO     | myoconverter.xml.parsers:parse:59 - [JointParser: CustomJoint] hip_r
2026-09-08 10:38:45.870 | INFO     | myoconverter.xml.parsers:parse:59 - [BodyParser: Body] tibia_r
2026-09-08 10:38:45.882 | INFO     | myoconverter.xml.parsers:parse:59 - [JointParser: CustomJoint] knee_r
2026-09-08 10:38:46.166 | INFO     | myoconverter.xml.parsers:parse:59 - [BodyParser: Body] talus_r
2026-09-08 10:38:46.177 | INFO     | myoconverter.xml.parsers:parse:59 - [JointParser: CustomJoint] ankle_r
2026-09-08 10:38:46.177 | INFO     | myoconverter.xml.parsers:parse:59 - [BodyParser: Body] calcn_r
2026-09-08 10:38:46.208 | INFO     | myoconverter.xml.parsers:parse:59 - [JointParser: CustomJoint] subtalar_r
2026-09-08 10:38:46.208 | INFO     | myoconverter.xml.parsers:parse:59 - [BodyParser: Body] toes_r
2026-09-08 10:38:46.233 | INFO     | myoconverter.xml.parsers:parse:59 - [JointParser: CustomJoint] mtp_r
2026-09-08 10:38:46.234 | INFO     | myoconverter.xml.parsers:parse:59 - [BodyParser: Body] femur_l
2026-09-08 10:38:46.248 | INFO     | myoconverter.xml.parsers:parse:59 - [JointParser: CustomJoint] hip_l
2026-09-08 10:38:46.250 | INFO     | myoconverter.xml.parsers:parse:59 - [BodyParser: Body] tibia_l
2026-09-08 10:38:46.265 | INFO     | myoconverter.xml.parsers:parse:59 - [JointParser: CustomJoint] knee_l
2026-09-08 10:38:46.594 | INFO     | myoconverter.xml.parsers:parse:59 - [BodyParser: Body] talus_l
2026-09-08 10:38:46.604 | INFO     | myoconverter.xml.parsers:parse:59 - [JointParser: CustomJoint] ankle_l
2026-09-08 10:38:46.604 | INFO     | myoconverter.xml.parsers:parse:59 - [BodyParser: Body] calcn_l
2026-09-08 10:38:46.624 | INFO     | myoconverter.xml.parsers:parse:59 - [JointParser: CustomJoint] subtalar_l
2026-09-08 10:38:46.624 | INFO     | myoconverter.xml.parsers:parse:59 - [BodyParser: Body] toes_l
2026-09-08 10:38:46.645 | INFO     | myoconverter.xml.parsers:parse:59 - [JointParser: CustomJoint] mtp_l
2026-09-08 10:38:46.655 | INFO     | myoconverter.xml.parsers:parse:59 - [BodyParser: Body] torso
2026-09-08 10:38:48.770 | INFO     | myoconverter.xml.parsers:parse:59 - [JointParser: CustomJoint] back
2026-09-08 10:38:48.770 | INFO     | myoconverter.xml.converter:_parse_forces:156 - Starting to parse forces, including path points and wrap paths
2026-09-08 10:38:48.770 | INFO     | myoconverter.xml.parsers:parse:59 - [ForceParser: Thelen2003Muscle] glut_med1_r
2026-09-08 10:38:48.770 | INFO     | myoconverter.xml.parsers:parse:59 - [PathPointParser: PathPoint] glut_med1_r-P1
2026-09-08 10:38:48.770 | INFO     | myoconverter.xml.parsers:parse:59 - [PathPointParser: PathPoint] glut_med1_r-P2
2026-09-08 10:38:48.770 | INFO     | myoconverter.xml.parsers:parse:59 - [PathWrapSetParser: PathWrapSet] 
2026-09-08 10:38:48.770 | INFO     | myoconverter.xml.parsers:parse:59 - [ForceParser: Thelen2003Muscle] glut_med2_r
2026-09-08 10:38:48.770 | INFO     | myoconverter.xml.parsers:parse:59 - [PathPointParser: PathPoint] glut_med2_r-P1
2026-09-08 10:38:48.770 | INFO     | myoconverter.xml.parsers:parse:59 - [PathPointParser: PathPoint] glut_med2_r-P2
2026-09-08 10:38:48.770 | INFO     | myoconverter.xml.parsers:parse:59 - [PathWrapSetParser: PathWrapSet] 
2026-09-08 10:38:48.770 | INFO     | myoconverter.xml.parsers:parse:59 - [ForceParser: Thelen2003Muscle] glut_med3_r
2026-09-08 10:38:48.770 | INFO     | myoconverter.xml.parsers:parse:59 - [PathPointParser: PathPoint] glut_med3_r-P1
2026-09-08 10:38:48.770 | INFO     | myoconverter.xml.parsers:parse:59 - [PathPointParser: PathPoint] glut_med3_r-P2
2026-09-08 10:38:48.770 | INFO     | myoconverter.xml.parsers:parse:59 - [PathWrapSetParser: PathWrapSet] 
2026-09-08 10:38:48.770 | INFO     | myoconverter.xml.parsers:parse:59 - [ForceParser: Thelen2003Muscle] glut_min1_r
2026-09-08 10:38:48.770 | INFO     | myoconverter.xml.parsers:parse:59 - [PathPointParser: PathPoint] glut_min1_r-P1
2026-09-08 10:38:48.770 | INFO     | myoconverter.xml.parsers:parse:59 - [PathPointParser: PathPoint] glut_min1_r-P2
2026-09-08 10:38:48.770 | INFO     | myoconverter.xml.parsers:parse:59 - [PathWrapSetParser: PathWrapSet] 
2026-09-08 10:38:48.770 | INFO     | myoconverter.xml.parsers:parse:59 - [ForceParser: Thelen2003Muscle] glut_min2_r
2026-09-08 10:38:48.770 | INFO     | myoconverter.xml.parsers:parse:59 - [PathPointParser: PathPoint] glut_min2_r-P1
2026-09-08 10:38:48.770 | INFO     | myoconverter.xml.parsers:parse:59 - [PathPointParser: PathPoint] glut_min2_r-P2
2026-09-08 10:38:48.770 | INFO     | myoconverter.xml.parsers:parse:59 - [PathWrapSetParser: PathWrapSet] 
2026-09-08 10:38:48.770 | INFO     | myoconverter.xml.parsers:parse:59 - [ForceParser: Thelen2003Muscle] glut_min3_r
2026-09-08 10:38:48.770 | INFO     | myoconverter.xml.parsers:parse:59 - [PathPointParser: PathPoint] glut_min3_r-P1
2026-09-08 10:38:48.770 | INFO     | myoconverter.xml.parsers:parse:59 - [PathPointParser: PathPoint] glut_min3_r-P2
2026-09-08 10:38:48.770 | INFO     | myoconverter.xml.parsers:parse:59 - [PathWrapSetParser: PathWrapSet] 
2026-09-08 10:38:48.770 | INFO     | myoconverter.xml.parsers:parse:59 - [ForceParser: Thelen2003Muscle] semimem_r
2026-09-08 10:38:48.770 | INFO     | myoconverter.xml.parsers:parse:59 - [PathPointParser: PathPoint] semimem_r-P1
2026-09-08 10:38:48.770 | INFO     | myoconverter.xml.parsers:parse:59 - [PathPointParser: ConditionalPathPoint] semimem_r-P2
2026-09-08 10:38:49.178 | INFO     | myoconverter.xml.parsers:parse:59 - [PathPointParser: PathPoint] semimem_r-P3
2026-09-08 10:38:49.178 | INFO     | myoconverter.xml.parsers:parse:59 - [PathWrapSetParser: PathWrapSet] 
2026-09-08 10:38:49.178 | INFO     | myoconverter.xml.parsers:parse:59 - [ForceParser: Thelen2003Muscle] semiten_r
2026-09-08 10:38:49.178 | INFO     | myoconverter.xml.parsers:parse:59 - [PathPointParser: PathPoint] semiten_r-P1
2026-09-08 10:38:49.178 | INFO     | myoconverter.xml.parsers:parse:59 - [PathPointParser: ConditionalPathPoint] semiten_r-P2
2026-09-08 10:38:49.609 | INFO     | myoconverter.xml.parsers:parse:59 - [PathPointParser: PathPoint] semiten_r-P3
2026-09-08 10:38:49.611 | INFO     | myoconverter.xml.parsers:parse:59 - [PathPointParser: PathPoint] semiten_r-P4
2026-09-08 10:38:49.611 | INFO     | myoconverter.xml.parsers:parse:59 - [PathPointParser: PathPoint] semiten_r-P5
2026-09-08 10:38:49.611 | INFO     | myoconverter.xml.parsers:parse:59 - [PathWrapSetParser: PathWrapSet] 
2026-09-08 10:38:49.611 | INFO     | myoconverter.xml.parsers:parse:59 - [ForceParser: Thelen2003Muscle] bifemlh_r
2026-09-08 10:38:49.611 | INFO     | myoconverter.xml.parsers:parse:59 - [PathPointParser: PathPoint] bifemlh_r-P1
2026-09-08 10:38:49.611 | INFO     | myoconverter.xml.parsers:parse:59 - [PathPointParser: PathPoint] bifemlh_r-P2
2026-09-08 10:38:49.611 | INFO     | myoconverter.xml.parsers:parse:59 - [PathPointParser: PathPoint] bifemlh_r-P3
2026-09-08 10:38:49.611 | INFO     | myoconverter.xml.parsers:parse:59 - [PathWrapSetParser: PathWrapSet] 
2026-09-08 10:38:49.611 | INFO     | myoconverter.xml.parsers:parse:59 - [ForceParser: Thelen2003Muscle] bifemsh_r
2026-09-08 10:38:49.613 | INFO     | myoconverter.xml.parsers:parse:59 - [PathPointParser: PathPoint] bifemsh_r-P1
2026-09-08 10:38:49.613 | INFO     | myoconverter.xml.parsers:parse:59 - [PathPointParser: PathPoint] bifemsh_r-P2
2026-09-08 10:38:49.613 | INFO     | myoconverter.xml.parsers:parse:59 - [PathPointParser: PathPoint] bifemsh_r-P3
2026-09-08 10:38:49.613 | INFO     | myoconverter.xml.parsers:parse:59 - [PathWrapSetParser: PathWrapSet] 
2026-09-08 10:38:49.613 | INFO     | myoconverter.xml.parsers:parse:59 - [ForceParser: Thelen2003Muscle] sar_r
2026-09-08 10:38:49.613 | INFO     | myoconverter.xml.parsers:parse:59 - [PathPointParser: PathPoint] sar_r-P1
2026-09-08 10:38:49.613 | INFO     | myoconverter.xml.parsers:parse:59 - [PathPointParser: PathPoint] sar_r-P2
2026-09-08 10:38:49.613 | INFO     | myoconverter.xml.parsers:parse:59 - [PathPointParser: PathPoint] sar_r-P3
2026-09-08 10:38:49.615 | INFO     | myoconverter.xml.parsers:parse:59 - [PathPointParser: PathPoint] sar_r-P4
2026-09-08 10:38:49.615 | INFO     | myoconverter.xml.parsers:parse:59 - [PathPointParser: PathPoint] sar_r-P5
2026-09-08 10:38:49.615 | INFO     | myoconverter.xml.parsers:parse:59 - [PathWrapSetParser: PathWrapSet] 
2026-09-08 10:38:49.615 | INFO     | myoconverter.xml.parsers:parse:59 - [ForceParser: Thelen2003Muscle] add_long_r
2026-09-08 10:38:49.615 | INFO     | myoconverter.xml.parsers:parse:59 - [PathPointParser: PathPoint] add_long_r-P1
2026-09-08 10:38:49.615 | INFO     | myoconverter.xml.parsers:parse:59 - [PathPointParser: PathPoint] add_long_r-P2
2026-09-08 10:38:49.615 | INFO     | myoconverter.xml.parsers:parse:59 - [PathWrapSetParser: PathWrapSet] 
2026-09-08 10:38:49.615 | INFO     | myoconverter.xml.parsers:parse:59 - [ForceParser: Thelen2003Muscle] add_brev_r
2026-09-08 10:38:49.617 | INFO     | myoconverter.xml.parsers:parse:59 - [PathPointParser: PathPoint] add_brev_r-P1
2026-09-08 10:38:49.617 | INFO     | myoconverter.xml.parsers:parse:59 - [PathPointParser: PathPoint] add_brev_r-P2
2026-09-08 10:38:49.617 | INFO     | myoconverter.xml.parsers:parse:59 - [PathWrapSetParser: PathWrapSet] 
2026-09-08 10:38:49.617 | INFO     | myoconverter.xml.parsers:parse:59 - [ForceParser: Thelen2003Muscle] add_mag1_r
2026-09-08 10:38:49.617 | INFO     | myoconverter.xml.parsers:parse:59 - [PathPointParser: PathPoint] add_mag1_r-P1
2026-09-08 10:38:49.617 | INFO     | myoconverter.xml.parsers:parse:59 - [PathPointParser: PathPoint] add_mag1_r-P2
2026-09-08 10:38:49.617 | INFO     | myoconverter.xml.parsers:parse:59 - [PathWrapSetParser: PathWrapSet] 
2026-09-08 10:38:49.617 | INFO     | myoconverter.xml.parsers:parse:59 - [ForceParser: Thelen2003Muscle] add_mag2_r
2026-09-08 10:38:49.619 | INFO     | myoconverter.xml.parsers:parse:59 - [PathPointParser: PathPoint] add_mag2_r-P1
2026-09-08 10:38:49.619 | INFO     | myoconverter.xml.parsers:parse:59 - [PathPointParser: PathPoint] add_mag2_r-P2
2026-09-08 10:38:49.619 | INFO     | myoconverter.xml.parsers:parse:59 - [PathWrapSetParser: PathWrapSet] 
2026-09-08 10:38:49.619 | INFO     | myoconverter.xml.parsers:parse:59 - [ForceParser: Thelen2003Muscle] add_mag3_r
2026-09-08 10:38:49.619 | INFO     | myoconverter.xml.parsers:parse:59 - [PathPointParser: PathPoint] add_mag3_r-P1
2026-09-08 10:38:49.619 | INFO     | myoconverter.xml.parsers:parse:59 - [PathPointParser: PathPoint] add_mag3_r-P2
2026-09-08 10:38:49.619 | INFO     | myoconverter.xml.parsers:parse:59 - [PathWrapSetParser: PathWrapSet] 
2026-09-08 10:38:49.619 | INFO     | myoconverter.xml.parsers:parse:59 - [ForceParser: Thelen2003Muscle] tfl_r
2026-09-08 10:38:49.619 | INFO     | myoconverter.xml.parsers:parse:59 - [PathPointParser: PathPoint] tfl_r-P1
2026-09-08 10:38:49.621 | INFO     | myoconverter.xml.parsers:parse:59 - [PathPointParser: PathPoint] tfl_r-P2
2026-09-08 10:38:49.621 | INFO     | myoconverter.xml.parsers:parse:59 - [PathPointParser: PathPoint] tfl_r-P3
2026-09-08 10:38:49.621 | INFO     | myoconverter.xml.parsers:parse:59 - [PathPointParser: PathPoint] tfl_r-P4
2026-09-08 10:38:49.621 | INFO     | myoconverter.xml.parsers:parse:59 - [PathWrapSetParser: PathWrapSet] 
2026-09-08 10:38:49.621 | INFO     | myoconverter.xml.parsers:parse:59 - [ForceParser: Thelen2003Muscle] pect_r
2026-09-08 10:38:49.621 | INFO     | myoconverter.xml.parsers:parse:59 - [PathPointParser: PathPoint] pect_r-P1
2026-09-08 10:38:49.621 | INFO     | myoconverter.xml.parsers:parse:59 - [PathPointParser: PathPoint] pect_r-P2
2026-09-08 10:38:49.621 | INFO     | myoconverter.xml.parsers:parse:59 - [PathWrapSetParser: PathWrapSet] 
2026-09-08 10:38:49.621 | INFO     | myoconverter.xml.parsers:parse:59 - [ForceParser: Thelen2003Muscle] grac_r
2026-09-08 10:38:49.623 | INFO     | myoconverter.xml.parsers:parse:59 - [PathPointParser: PathPoint] grac_r-P1
2026-09-08 10:38:49.623 | INFO     | myoconverter.xml.parsers:parse:59 - [PathPointParser: ConditionalPathPoint] grac_r-P2
2026-09-08 10:38:50.263 | INFO     | myoconverter.xml.parsers:parse:59 - [PathPointParser: PathPoint] grac_r-P3
2026-09-08 10:38:50.263 | INFO     | myoconverter.xml.parsers:parse:59 - [PathPointParser: PathPoint] grac_r-P4
2026-09-08 10:38:50.263 | INFO     | myoconverter.xml.parsers:parse:59 - [PathWrapSetParser: PathWrapSet] 
2026-09-08 10:38:50.263 | INFO     | myoconverter.xml.parsers:parse:59 - [ForceParser: Thelen2003Muscle] glut_max1_r
2026-09-08 10:38:50.263 | INFO     | myoconverter.xml.parsers:parse:59 - [PathPointParser: PathPoint] glut_max1_r-P1
2026-09-08 10:38:50.263 | INFO     | myoconverter.xml.parsers:parse:59 - [PathPointParser: PathPoint] glut_max1_r-P2
2026-09-08 10:38:50.263 | INFO     | myoconverter.xml.parsers:parse:59 - [PathPointParser: PathPoint] glut_max1_r-P3
2026-09-08 10:38:50.263 | INFO     | myoconverter.xml.parsers:parse:59 - [PathPointParser: PathPoint] glut_max1_r-P4
2026-09-08 10:38:50.263 | INFO     | myoconverter.xml.parsers:parse:59 - [PathWrapSetParser: PathWrapSet] 
2026-09-08 10:38:50.263 | INFO     | myoconverter.xml.parsers:parse:59 - [ForceParser: Thelen2003Muscle] glut_max2_r
2026-09-08 10:38:50.263 | INFO     | myoconverter.xml.parsers:parse:59 - [PathPointParser: PathPoint] glut_max2_r-P1
2026-09-08 10:38:50.263 | INFO     | myoconverter.xml.parsers:parse:59 - [PathPointParser: PathPoint] glut_max2_r-P2
2026-09-08 10:38:50.263 | INFO     | myoconverter.xml.parsers:parse:59 - [PathPointParser: PathPoint] glut_max2_r-P3
2026-09-08 10:38:50.263 | INFO     | myoconverter.xml.parsers:parse:59 - [PathPointParser: PathPoint] glut_max2_r-P4
2026-09-08 10:38:50.263 | INFO     | myoconverter.xml.parsers:parse:59 - [PathWrapSetParser: PathWrapSet] 
2026-09-08 10:38:50.263 | INFO     | myoconverter.xml.parsers:parse:59 - [ForceParser: Thelen2003Muscle] glut_max3_r
2026-09-08 10:38:50.263 | INFO     | myoconverter.xml.parsers:parse:59 - [PathPointParser: PathPoint] glut_max3_r-P1
2026-09-08 10:38:50.263 | INFO     | myoconverter.xml.parsers:parse:59 - [PathPointParser: PathPoint] glut_max3_r-P2
2026-09-08 10:38:50.263 | INFO     | myoconverter.xml.parsers:parse:59 - [PathPointParser: PathPoint] glut_max3_r-P3
2026-09-08 10:38:50.263 | INFO     | myoconverter.xml.parsers:parse:59 - [PathPointParser: PathPoint] glut_max3_r-P4
2026-09-08 10:38:50.263 | INFO     | myoconverter.xml.parsers:parse:59 - [PathWrapSetParser: PathWrapSet] 
2026-09-08 10:38:50.263 | INFO     | myoconverter.xml.parsers:parse:59 - [ForceParser: Thelen2003Muscle] iliacus_r
2026-09-08 10:38:50.263 | INFO     | myoconverter.xml.parsers:parse:59 - [PathPointParser: PathPoint] iliacus_r-P1
2026-09-08 10:38:50.263 | INFO     | myoconverter.xml.parsers:parse:59 - [PathPointParser: PathPoint] iliacus_r-P2
2026-09-08 10:38:50.263 | INFO     | myoconverter.xml.parsers:parse:59 - [PathPointParser: ConditionalPathPoint] iliacus_r-P3
2026-09-08 10:38:50.825 | INFO     | myoconverter.xml.parsers:parse:59 - [PathPointParser: PathPoint] iliacus_r-P4
2026-09-08 10:38:50.825 | INFO     | myoconverter.xml.parsers:parse:59 - [PathPointParser: PathPoint] iliacus_r-P5
2026-09-08 10:38:50.825 | INFO     | myoconverter.xml.parsers:parse:59 - [PathWrapSetParser: PathWrapSet] 
2026-09-08 10:38:50.825 | INFO     | myoconverter.xml.parsers:parse:59 - [ForceParser: Thelen2003Muscle] psoas_r
2026-09-08 10:38:50.825 | INFO     | myoconverter.xml.parsers:parse:59 - [PathPointParser: PathPoint] psoas_r-P1
2026-09-08 10:38:50.825 | INFO     | myoconverter.xml.parsers:parse:59 - [PathPointParser: PathPoint] psoas_r-P2
2026-09-08 10:38:50.825 | INFO     | myoconverter.xml.parsers:parse:59 - [PathPointParser: ConditionalPathPoint] psoas_r-P3
2026-09-08 10:38:51.211 | INFO     | myoconverter.xml.parsers:parse:59 - [PathPointParser: PathPoint] psoas_r-P4
2026-09-08 10:38:51.211 | INFO     | myoconverter.xml.parsers:parse:59 - [PathPointParser: PathPoint] psoas_r-P5
2026-09-08 10:38:51.211 | INFO     | myoconverter.xml.parsers:parse:59 - [PathWrapSetParser: PathWrapSet] 
2026-09-08 10:38:51.211 | INFO     | myoconverter.xml.parsers:parse:59 - [ForceParser: Thelen2003Muscle] quad_fem_r
2026-09-08 10:38:51.211 | INFO     | myoconverter.xml.parsers:parse:59 - [PathPointParser: PathPoint] quad_fem_r-P1
2026-09-08 10:38:51.211 | INFO     | myoconverter.xml.parsers:parse:59 - [PathPointParser: PathPoint] quad_fem_r-P2
2026-09-08 10:38:51.211 | INFO     | myoconverter.xml.parsers:parse:59 - [PathWrapSetParser: PathWrapSet] 
2026-09-08 10:38:51.211 | INFO     | myoconverter.xml.parsers:parse:59 - [ForceParser: Thelen2003Muscle] gem_r
2026-09-08 10:38:51.211 | INFO     | myoconverter.xml.parsers:parse:59 - [PathPointParser: PathPoint] gem_r-P1
2026-09-08 10:38:51.211 | INFO     | myoconverter.xml.parsers:parse:59 - [PathPointParser: PathPoint] gem_r-P2
2026-09-08 10:38:51.211 | INFO     | myoconverter.xml.parsers:parse:59 - [PathWrapSetParser: PathWrapSet] 
2026-09-08 10:38:51.211 | INFO     | myoconverter.xml.parsers:parse:59 - [ForceParser: Thelen2003Muscle] peri_r
2026-09-08 10:38:51.211 | INFO     | myoconverter.xml.parsers:parse:59 - [PathPointParser: PathPoint] peri_r-P1
2026-09-08 10:38:51.211 | INFO     | myoconverter.xml.parsers:parse:59 - [PathPointParser: PathPoint] peri_r-P2
2026-09-08 10:38:51.211 | INFO     | myoconverter.xml.parsers:parse:59 - [PathPointParser: PathPoint] peri_r-P3
2026-09-08 10:38:51.211 | INFO     | myoconverter.xml.parsers:parse:59 - [PathWrapSetParser: PathWrapSet] 
2026-09-08 10:38:51.211 | INFO     | myoconverter.xml.parsers:parse:59 - [ForceParser: Thelen2003Muscle] rect_fem_r
2026-09-08 10:38:51.211 | INFO     | myoconverter.xml.parsers:parse:59 - [PathPointParser: PathPoint] rect_fem_r-P1
2026-09-08 10:38:51.211 | INFO     | myoconverter.xml.parsers:parse:59 - [PathPointParser: ConditionalPathPoint] rect_fem_r-P2
2026-09-08 10:38:51.211 | WARNING  | myoconverter.xml.path_points.ConditionalPathPoint:parse:79 - Suitable 'anchor' PathPoint was not found for ConditionalPathPoint rect_fem_r-P2, treating this as a normal PathPoint.
2026-09-08 10:38:51.211 | INFO     | myoconverter.xml.parsers:parse:59 - [PathPointParser: MovingPathPoint] rect_fem_r-P3
2026-09-08 10:38:51.669 | INFO     | myoconverter.xml.parsers:parse:59 - [PathWrapSetParser: PathWrapSet] 
2026-09-08 10:38:51.669 | INFO     | myoconverter.xml.parsers:parse:59 - [ForceParser: Thelen2003Muscle] vas_med_r
2026-09-08 10:38:51.669 | INFO     | myoconverter.xml.parsers:parse:59 - [PathPointParser: PathPoint] vas_med_r-P1
2026-09-08 10:38:51.669 | INFO     | myoconverter.xml.parsers:parse:59 - [PathPointParser: PathPoint] vas_med_r-P2
2026-09-08 10:38:51.669 | INFO     | myoconverter.xml.parsers:parse:59 - [PathPointParser: ConditionalPathPoint] vas_med_r-P3
2026-09-08 10:38:52.054 | INFO     | myoconverter.xml.parsers:parse:59 - [PathPointParser: ConditionalPathPoint] vas_med_r-P4
2026-09-08 10:38:52.440 | INFO     | myoconverter.xml.parsers:parse:59 - [PathPointParser: MovingPathPoint] vas_med_r-P5
2026-09-08 10:38:52.880 | INFO     | myoconverter.xml.parsers:parse:59 - [PathWrapSetParser: PathWrapSet] 
2026-09-08 10:38:52.880 | INFO     | myoconverter.xml.parsers:parse:59 - [ForceParser: Thelen2003Muscle] vas_int_r
2026-09-08 10:38:52.880 | INFO     | myoconverter.xml.parsers:parse:59 - [PathPointParser: PathPoint] vas_int_r-P1
2026-09-08 10:38:52.880 | INFO     | myoconverter.xml.parsers:parse:59 - [PathPointParser: PathPoint] vas_int_r-P2
2026-09-08 10:38:52.880 | INFO     | myoconverter.xml.parsers:parse:59 - [PathPointParser: ConditionalPathPoint] vas_int_r-P3
2026-09-08 10:38:53.300 | INFO     | myoconverter.xml.parsers:parse:59 - [PathPointParser: MovingPathPoint] vas_int_r-P4
2026-09-08 10:38:53.739 | INFO     | myoconverter.xml.parsers:parse:59 - [PathWrapSetParser: PathWrapSet] 
2026-09-08 10:38:53.739 | INFO     | myoconverter.xml.parsers:parse:59 - [ForceParser: Thelen2003Muscle] vas_lat_r
2026-09-08 10:38:53.739 | INFO     | myoconverter.xml.parsers:parse:59 - [PathPointParser: PathPoint] vas_lat_r-P1
2026-09-08 10:38:53.739 | INFO     | myoconverter.xml.parsers:parse:59 - [PathPointParser: PathPoint] vas_lat_r-P2
2026-09-08 10:38:53.739 | INFO     | myoconverter.xml.parsers:parse:59 - [PathPointParser: ConditionalPathPoint] vas_lat_r-P3
2026-09-08 10:38:54.115 | INFO     | myoconverter.xml.parsers:parse:59 - [PathPointParser: ConditionalPathPoint] vas_lat_r-P4
2026-09-08 10:38:54.652 | INFO     | myoconverter.xml.parsers:parse:59 - [PathPointParser: MovingPathPoint] vas_lat_r-P5
2026-09-08 10:38:55.018 | INFO     | myoconverter.xml.parsers:parse:59 - [PathWrapSetParser: PathWrapSet] 
2026-09-08 10:38:55.018 | INFO     | myoconverter.xml.parsers:parse:59 - [ForceParser: Thelen2003Muscle] med_gas_r
2026-09-08 10:38:55.018 | INFO     | myoconverter.xml.parsers:parse:59 - [PathPointParser: PathPoint] med_gas_r-P1
2026-09-08 10:38:55.018 | INFO     | myoconverter.xml.parsers:parse:59 - [PathPointParser: ConditionalPathPoint] med_gas_r-P2
2026-09-08 10:38:55.414 | INFO     | myoconverter.xml.parsers:parse:59 - [PathPointParser: PathPoint] med_gas_r-P3
2026-09-08 10:38:55.416 | INFO     | myoconverter.xml.parsers:parse:59 - [PathWrapSetParser: PathWrapSet] 
2026-09-08 10:38:55.416 | INFO     | myoconverter.xml.parsers:parse:59 - [ForceParser: Thelen2003Muscle] lat_gas_r
2026-09-08 10:38:55.416 | INFO     | myoconverter.xml.parsers:parse:59 - [PathPointParser: PathPoint] lat_gas_r-P1
2026-09-08 10:38:55.416 | INFO     | myoconverter.xml.parsers:parse:59 - [PathPointParser: ConditionalPathPoint] lat_gas_r-P2
2026-09-08 10:38:55.897 | INFO     | myoconverter.xml.parsers:parse:59 - [PathPointParser: PathPoint] lat_gas_r-P3
2026-09-08 10:38:55.897 | INFO     | myoconverter.xml.parsers:parse:59 - [PathWrapSetParser: PathWrapSet] 
2026-09-08 10:38:55.897 | INFO     | myoconverter.xml.parsers:parse:59 - [ForceParser: Thelen2003Muscle] soleus_r
2026-09-08 10:38:55.897 | INFO     | myoconverter.xml.parsers:parse:59 - [PathPointParser: PathPoint] soleus_r-P1
2026-09-08 10:38:55.897 | INFO     | myoconverter.xml.parsers:parse:59 - [PathPointParser: PathPoint] soleus_r-P2
2026-09-08 10:38:55.897 | INFO     | myoconverter.xml.parsers:parse:59 - [PathWrapSetParser: PathWrapSet] 
2026-09-08 10:38:55.897 | INFO     | myoconverter.xml.parsers:parse:59 - [ForceParser: Thelen2003Muscle] tib_post_r
2026-09-08 10:38:55.897 | INFO     | myoconverter.xml.parsers:parse:59 - [PathPointParser: PathPoint] tib_post_r-P1
2026-09-08 10:38:55.897 | INFO     | myoconverter.xml.parsers:parse:59 - [PathPointParser: PathPoint] tib_post_r-P2
2026-09-08 10:38:55.897 | INFO     | myoconverter.xml.parsers:parse:59 - [PathPointParser: PathPoint] tib_post_r-P3
2026-09-08 10:38:55.897 | INFO     | myoconverter.xml.parsers:parse:59 - [PathPointParser: PathPoint] tib_post_r-P4
2026-09-08 10:38:55.897 | INFO     | myoconverter.xml.parsers:parse:59 - [PathWrapSetParser: PathWrapSet] 
2026-09-08 10:38:55.897 | INFO     | myoconverter.xml.parsers:parse:59 - [ForceParser: Thelen2003Muscle] flex_dig_r
2026-09-08 10:38:55.906 | INFO     | myoconverter.xml.parsers:parse:59 - [PathPointParser: PathPoint] flex_dig_r-P1
2026-09-08 10:38:55.906 | INFO     | myoconverter.xml.parsers:parse:59 - [PathPointParser: PathPoint] flex_dig_r-P2
2026-09-08 10:38:55.906 | INFO     | myoconverter.xml.parsers:parse:59 - [PathPointParser: PathPoint] flex_dig_r-P3
2026-09-08 10:38:55.906 | INFO     | myoconverter.xml.parsers:parse:59 - [PathPointParser: PathPoint] flex_dig_r-P4
2026-09-08 10:38:55.906 | INFO     | myoconverter.xml.parsers:parse:59 - [PathPointParser: PathPoint] flex_dig_r-P5
2026-09-08 10:38:55.906 | INFO     | myoconverter.xml.parsers:parse:59 - [PathPointParser: PathPoint] flex_dig_r-P6
2026-09-08 10:38:55.906 | INFO     | myoconverter.xml.parsers:parse:59 - [PathPointParser: PathPoint] flex_dig_r-P7
2026-09-08 10:38:55.906 | INFO     | myoconverter.xml.parsers:parse:59 - [PathPointParser: PathPoint] flex_dig_r-P8
2026-09-08 10:38:55.906 | INFO     | myoconverter.xml.parsers:parse:59 - [PathWrapSetParser: PathWrapSet] 
2026-09-08 10:38:55.906 | INFO     | myoconverter.xml.parsers:parse:59 - [ForceParser: Thelen2003Muscle] flex_hal_r
2026-09-08 10:38:55.906 | INFO     | myoconverter.xml.parsers:parse:59 - [PathPointParser: PathPoint] flex_hal_r-P1
2026-09-08 10:38:55.906 | INFO     | myoconverter.xml.parsers:parse:59 - [PathPointParser: PathPoint] flex_hal_r-P2
2026-09-08 10:38:55.906 | INFO     | myoconverter.xml.parsers:parse:59 - [PathPointParser: PathPoint] flex_hal_r-P3
2026-09-08 10:38:55.906 | INFO     | myoconverter.xml.parsers:parse:59 - [PathPointParser: PathPoint] flex_hal_r-P4
2026-09-08 10:38:55.906 | INFO     | myoconverter.xml.parsers:parse:59 - [PathPointParser: PathPoint] flex_hal_r-P5
2026-09-08 10:38:55.906 | INFO     | myoconverter.xml.parsers:parse:59 - [PathPointParser: PathPoint] flex_hal_r-P6
2026-09-08 10:38:55.906 | INFO     | myoconverter.xml.parsers:parse:59 - [PathPointParser: PathPoint] flex_hal_r-P7
2026-09-08 10:38:55.906 | INFO     | myoconverter.xml.parsers:parse:59 - [PathWrapSetParser: PathWrapSet] 
2026-09-08 10:38:55.906 | INFO     | myoconverter.xml.parsers:parse:59 - [ForceParser: Thelen2003Muscle] tib_ant_r
2026-09-08 10:38:55.906 | INFO     | myoconverter.xml.parsers:parse:59 - [PathPointParser: PathPoint] tib_ant_r-P1
2026-09-08 10:38:55.906 | INFO     | myoconverter.xml.parsers:parse:59 - [PathPointParser: PathPoint] tib_ant_r-P2
2026-09-08 10:38:55.906 | INFO     | myoconverter.xml.parsers:parse:59 - [PathPointParser: PathPoint] tib_ant_r-P3
2026-09-08 10:38:55.906 | INFO     | myoconverter.xml.parsers:parse:59 - [PathWrapSetParser: PathWrapSet] 
2026-09-08 10:38:55.906 | INFO     | myoconverter.xml.parsers:parse:59 - [ForceParser: Thelen2003Muscle] per_brev_r
2026-09-08 10:38:55.906 | INFO     | myoconverter.xml.parsers:parse:59 - [PathPointParser: PathPoint] per_brev_r-P1
2026-09-08 10:38:55.906 | INFO     | myoconverter.xml.parsers:parse:59 - [PathPointParser: PathPoint] per_brev_r-P2
2026-09-08 10:38:55.906 | INFO     | myoconverter.xml.parsers:parse:59 - [PathPointParser: PathPoint] per_brev_r-P3
2026-09-08 10:38:55.906 | INFO     | myoconverter.xml.parsers:parse:59 - [PathPointParser: PathPoint] per_brev_r-P4
2026-09-08 10:38:55.906 | INFO     | myoconverter.xml.parsers:parse:59 - [PathPointParser: PathPoint] per_brev_r-P5
2026-09-08 10:38:55.906 | INFO     | myoconverter.xml.parsers:parse:59 - [PathWrapSetParser: PathWrapSet] 
2026-09-08 10:38:55.906 | INFO     | myoconverter.xml.parsers:parse:59 - [ForceParser: Thelen2003Muscle] per_long_r
2026-09-08 10:38:55.906 | INFO     | myoconverter.xml.parsers:parse:59 - [PathPointParser: PathPoint] per_long_r-P1
2026-09-08 10:38:55.906 | INFO     | myoconverter.xml.parsers:parse:59 - [PathPointParser: PathPoint] per_long_r-P2
2026-09-08 10:38:55.906 | INFO     | myoconverter.xml.parsers:parse:59 - [PathPointParser: PathPoint] per_long_r-P3
2026-09-08 10:38:55.906 | INFO     | myoconverter.xml.parsers:parse:59 - [PathPointParser: PathPoint] per_long_r-P4
2026-09-08 10:38:55.906 | INFO     | myoconverter.xml.parsers:parse:59 - [PathPointParser: PathPoint] per_long_r-P5
2026-09-08 10:38:55.906 | INFO     | myoconverter.xml.parsers:parse:59 - [PathPointParser: PathPoint] per_long_r-P6
2026-09-08 10:38:55.906 | INFO     | myoconverter.xml.parsers:parse:59 - [PathPointParser: PathPoint] per_long_r-P7
2026-09-08 10:38:55.906 | INFO     | myoconverter.xml.parsers:parse:59 - [PathWrapSetParser: PathWrapSet] 
2026-09-08 10:38:55.906 | INFO     | myoconverter.xml.parsers:parse:59 - [ForceParser: Thelen2003Muscle] per_tert_r
2026-09-08 10:38:55.906 | INFO     | myoconverter.xml.parsers:parse:59 - [PathPointParser: PathPoint] per_tert_r-P1
2026-09-08 10:38:55.906 | INFO     | myoconverter.xml.parsers:parse:59 - [PathPointParser: PathPoint] per_tert_r-P2
2026-09-08 10:38:55.906 | INFO     | myoconverter.xml.parsers:parse:59 - [PathPointParser: PathPoint] per_tert_r-P3
2026-09-08 10:38:55.906 | INFO     | myoconverter.xml.parsers:parse:59 - [PathWrapSetParser: PathWrapSet] 
2026-09-08 10:38:55.906 | INFO     | myoconverter.xml.parsers:parse:59 - [ForceParser: Thelen2003Muscle] ext_dig_r
2026-09-08 10:38:55.906 | INFO     | myoconverter.xml.parsers:parse:59 - [PathPointParser: PathPoint] ext_dig_r-P1
2026-09-08 10:38:55.906 | INFO     | myoconverter.xml.parsers:parse:59 - [PathPointParser: PathPoint] ext_dig_r-P2
2026-09-08 10:38:55.906 | INFO     | myoconverter.xml.parsers:parse:59 - [PathPointParser: PathPoint] ext_dig_r-P3
2026-09-08 10:38:55.906 | INFO     | myoconverter.xml.parsers:parse:59 - [PathPointParser: PathPoint] ext_dig_r-P4
2026-09-08 10:38:55.906 | INFO     | myoconverter.xml.parsers:parse:59 - [PathPointParser: PathPoint] ext_dig_r-P5
2026-09-08 10:38:55.906 | INFO     | myoconverter.xml.parsers:parse:59 - [PathPointParser: PathPoint] ext_dig_r-P6
2026-09-08 10:38:55.906 | INFO     | myoconverter.xml.parsers:parse:59 - [PathWrapSetParser: PathWrapSet] 
2026-09-08 10:38:55.906 | INFO     | myoconverter.xml.parsers:parse:59 - [ForceParser: Thelen2003Muscle] ext_hal_r
2026-09-08 10:38:55.906 | INFO     | myoconverter.xml.parsers:parse:59 - [PathPointParser: PathPoint] ext_hal_r-P1
2026-09-08 10:38:55.906 | INFO     | myoconverter.xml.parsers:parse:59 - [PathPointParser: PathPoint] ext_hal_r-P2
2026-09-08 10:38:55.906 | INFO     | myoconverter.xml.parsers:parse:59 - [PathPointParser: PathPoint] ext_hal_r-P3
2026-09-08 10:38:55.906 | INFO     | myoconverter.xml.parsers:parse:59 - [PathPointParser: PathPoint] ext_hal_r-P4
2026-09-08 10:38:55.906 | INFO     | myoconverter.xml.parsers:parse:59 - [PathPointParser: PathPoint] ext_hal_r-P5
2026-09-08 10:38:55.906 | INFO     | myoconverter.xml.parsers:parse:59 - [PathPointParser: PathPoint] ext_hal_r-P6
2026-09-08 10:38:55.906 | INFO     | myoconverter.xml.parsers:parse:59 - [PathPointParser: PathPoint] ext_hal_r-P7
2026-09-08 10:38:55.906 | INFO     | myoconverter.xml.parsers:parse:59 - [PathWrapSetParser: PathWrapSet] 
2026-09-08 10:38:55.906 | INFO     | myoconverter.xml.parsers:parse:59 - [ForceParser: Thelen2003Muscle] glut_med1_l
2026-09-08 10:38:55.906 | INFO     | myoconverter.xml.parsers:parse:59 - [PathPointParser: PathPoint] glut_med1_l-P1
2026-09-08 10:38:55.906 | INFO     | myoconverter.xml.parsers:parse:59 - [PathPointParser: PathPoint] glut_med1_l-P2
2026-09-08 10:38:55.906 | INFO     | myoconverter.xml.parsers:parse:59 - [PathWrapSetParser: PathWrapSet] 
2026-09-08 10:38:55.906 | INFO     | myoconverter.xml.parsers:parse:59 - [ForceParser: Thelen2003Muscle] glut_med2_l
2026-09-08 10:38:55.906 | INFO     | myoconverter.xml.parsers:parse:59 - [PathPointParser: PathPoint] glut_med2_l-P1
2026-09-08 10:38:55.906 | INFO     | myoconverter.xml.parsers:parse:59 - [PathPointParser: PathPoint] glut_med2_l-P2
2026-09-08 10:38:55.906 | INFO     | myoconverter.xml.parsers:parse:59 - [PathWrapSetParser: PathWrapSet] 
2026-09-08 10:38:55.906 | INFO     | myoconverter.xml.parsers:parse:59 - [ForceParser: Thelen2003Muscle] glut_med3_l
2026-09-08 10:38:55.906 | INFO     | myoconverter.xml.parsers:parse:59 - [PathPointParser: PathPoint] glut_med3_l-P1
2026-09-08 10:38:55.906 | INFO     | myoconverter.xml.parsers:parse:59 - [PathPointParser: PathPoint] glut_med3_l-P2
2026-09-08 10:38:55.906 | INFO     | myoconverter.xml.parsers:parse:59 - [PathWrapSetParser: PathWrapSet] 
2026-09-08 10:38:55.906 | INFO     | myoconverter.xml.parsers:parse:59 - [ForceParser: Thelen2003Muscle] glut_min1_l
2026-09-08 10:38:55.906 | INFO     | myoconverter.xml.parsers:parse:59 - [PathPointParser: PathPoint] glut_min1_l-P1
2026-09-08 10:38:55.906 | INFO     | myoconverter.xml.parsers:parse:59 - [PathPointParser: PathPoint] glut_min1_l-P2
2026-09-08 10:38:55.906 | INFO     | myoconverter.xml.parsers:parse:59 - [PathWrapSetParser: PathWrapSet] 
2026-09-08 10:38:55.906 | INFO     | myoconverter.xml.parsers:parse:59 - [ForceParser: Thelen2003Muscle] glut_min2_l
2026-09-08 10:38:55.916 | INFO     | myoconverter.xml.parsers:parse:59 - [PathPointParser: PathPoint] glut_min2_l-P1
2026-09-08 10:38:55.916 | INFO     | myoconverter.xml.parsers:parse:59 - [PathPointParser: PathPoint] glut_min2_l-P2
2026-09-08 10:38:55.916 | INFO     | myoconverter.xml.parsers:parse:59 - [PathWrapSetParser: PathWrapSet] 
2026-09-08 10:38:55.916 | INFO     | myoconverter.xml.parsers:parse:59 - [ForceParser: Thelen2003Muscle] glut_min3_l
2026-09-08 10:38:55.916 | INFO     | myoconverter.xml.parsers:parse:59 - [PathPointParser: PathPoint] glut_min3_l-P1
2026-09-08 10:38:55.916 | INFO     | myoconverter.xml.parsers:parse:59 - [PathPointParser: PathPoint] glut_min3_l-P2
2026-09-08 10:38:55.916 | INFO     | myoconverter.xml.parsers:parse:59 - [PathWrapSetParser: PathWrapSet] 
2026-09-08 10:38:55.916 | INFO     | myoconverter.xml.parsers:parse:59 - [ForceParser: Thelen2003Muscle] semimem_l
2026-09-08 10:38:55.916 | INFO     | myoconverter.xml.parsers:parse:59 - [PathPointParser: PathPoint] semimem_l-P1
2026-09-08 10:38:55.916 | INFO     | myoconverter.xml.parsers:parse:59 - [PathPointParser: ConditionalPathPoint] semimem_l-P2
2026-09-08 10:38:56.297 | INFO     | myoconverter.xml.parsers:parse:59 - [PathPointParser: PathPoint] semimem_l-P3
2026-09-08 10:38:56.297 | INFO     | myoconverter.xml.parsers:parse:59 - [PathWrapSetParser: PathWrapSet] 
2026-09-08 10:38:56.297 | INFO     | myoconverter.xml.parsers:parse:59 - [ForceParser: Thelen2003Muscle] semiten_l
2026-09-08 10:38:56.297 | INFO     | myoconverter.xml.parsers:parse:59 - [PathPointParser: PathPoint] semiten_l-P1
2026-09-08 10:38:56.297 | INFO     | myoconverter.xml.parsers:parse:59 - [PathPointParser: ConditionalPathPoint] semiten_l-P2
2026-09-08 10:38:56.723 | INFO     | myoconverter.xml.parsers:parse:59 - [PathPointParser: PathPoint] semiten_l-P3
2026-09-08 10:38:56.723 | INFO     | myoconverter.xml.parsers:parse:59 - [PathPointParser: PathPoint] semiten_l-P4
2026-09-08 10:38:56.723 | INFO     | myoconverter.xml.parsers:parse:59 - [PathPointParser: PathPoint] semiten_l-P5
2026-09-08 10:38:56.723 | INFO     | myoconverter.xml.parsers:parse:59 - [PathWrapSetParser: PathWrapSet] 
2026-09-08 10:38:56.723 | INFO     | myoconverter.xml.parsers:parse:59 - [ForceParser: Thelen2003Muscle] bifemlh_l
2026-09-08 10:38:56.723 | INFO     | myoconverter.xml.parsers:parse:59 - [PathPointParser: PathPoint] bifemlh_l-P1
2026-09-08 10:38:56.723 | INFO     | myoconverter.xml.parsers:parse:59 - [PathPointParser: PathPoint] bifemlh_l-P2
2026-09-08 10:38:56.723 | INFO     | myoconverter.xml.parsers:parse:59 - [PathPointParser: PathPoint] bifemlh_l-P3
2026-09-08 10:38:56.723 | INFO     | myoconverter.xml.parsers:parse:59 - [PathWrapSetParser: PathWrapSet] 
2026-09-08 10:38:56.723 | INFO     | myoconverter.xml.parsers:parse:59 - [ForceParser: Thelen2003Muscle] bifemsh_l
2026-09-08 10:38:56.723 | INFO     | myoconverter.xml.parsers:parse:59 - [PathPointParser: PathPoint] bifemsh_l-P1
2026-09-08 10:38:56.723 | INFO     | myoconverter.xml.parsers:parse:59 - [PathPointParser: PathPoint] bifemsh_l-P2
2026-09-08 10:38:56.723 | INFO     | myoconverter.xml.parsers:parse:59 - [PathPointParser: PathPoint] bifemsh_l-P3
2026-09-08 10:38:56.723 | INFO     | myoconverter.xml.parsers:parse:59 - [PathWrapSetParser: PathWrapSet] 
2026-09-08 10:38:56.723 | INFO     | myoconverter.xml.parsers:parse:59 - [ForceParser: Thelen2003Muscle] sar_l
2026-09-08 10:38:56.723 | INFO     | myoconverter.xml.parsers:parse:59 - [PathPointParser: PathPoint] sar_l-P1
2026-09-08 10:38:56.723 | INFO     | myoconverter.xml.parsers:parse:59 - [PathPointParser: PathPoint] sar_l-P2
2026-09-08 10:38:56.723 | INFO     | myoconverter.xml.parsers:parse:59 - [PathPointParser: PathPoint] sar_l-P3
2026-09-08 10:38:56.723 | INFO     | myoconverter.xml.parsers:parse:59 - [PathPointParser: PathPoint] sar_l-P4
2026-09-08 10:38:56.723 | INFO     | myoconverter.xml.parsers:parse:59 - [PathPointParser: PathPoint] sar_l-P5
2026-09-08 10:38:56.723 | INFO     | myoconverter.xml.parsers:parse:59 - [PathWrapSetParser: PathWrapSet] 
2026-09-08 10:38:56.723 | INFO     | myoconverter.xml.parsers:parse:59 - [ForceParser: Thelen2003Muscle] add_long_l
2026-09-08 10:38:56.723 | INFO     | myoconverter.xml.parsers:parse:59 - [PathPointParser: PathPoint] add_long_l-P1
2026-09-08 10:38:56.723 | INFO     | myoconverter.xml.parsers:parse:59 - [PathPointParser: PathPoint] add_long_l-P2
2026-09-08 10:38:56.723 | INFO     | myoconverter.xml.parsers:parse:59 - [PathWrapSetParser: PathWrapSet] 
2026-09-08 10:38:56.723 | INFO     | myoconverter.xml.parsers:parse:59 - [ForceParser: Thelen2003Muscle] add_brev_l
2026-09-08 10:38:56.723 | INFO     | myoconverter.xml.parsers:parse:59 - [PathPointParser: PathPoint] add_brev_l-P1
2026-09-08 10:38:56.723 | INFO     | myoconverter.xml.parsers:parse:59 - [PathPointParser: PathPoint] add_brev_l-P2
2026-09-08 10:38:56.723 | INFO     | myoconverter.xml.parsers:parse:59 - [PathWrapSetParser: PathWrapSet] 
2026-09-08 10:38:56.723 | INFO     | myoconverter.xml.parsers:parse:59 - [ForceParser: Thelen2003Muscle] add_mag1_l
2026-09-08 10:38:56.723 | INFO     | myoconverter.xml.parsers:parse:59 - [PathPointParser: PathPoint] add_mag1_l-P1
2026-09-08 10:38:56.723 | INFO     | myoconverter.xml.parsers:parse:59 - [PathPointParser: PathPoint] add_mag1_l-P2
2026-09-08 10:38:56.733 | INFO     | myoconverter.xml.parsers:parse:59 - [PathWrapSetParser: PathWrapSet] 
2026-09-08 10:38:56.733 | INFO     | myoconverter.xml.parsers:parse:59 - [ForceParser: Thelen2003Muscle] add_mag2_l
2026-09-08 10:38:56.733 | INFO     | myoconverter.xml.parsers:parse:59 - [PathPointParser: PathPoint] add_mag2_l-P1
2026-09-08 10:38:56.733 | INFO     | myoconverter.xml.parsers:parse:59 - [PathPointParser: PathPoint] add_mag2_l-P2
2026-09-08 10:38:56.733 | INFO     | myoconverter.xml.parsers:parse:59 - [PathWrapSetParser: PathWrapSet] 
2026-09-08 10:38:56.733 | INFO     | myoconverter.xml.parsers:parse:59 - [ForceParser: Thelen2003Muscle] add_mag3_l
2026-09-08 10:38:56.733 | INFO     | myoconverter.xml.parsers:parse:59 - [PathPointParser: PathPoint] add_mag3_l-P1
2026-09-08 10:38:56.733 | INFO     | myoconverter.xml.parsers:parse:59 - [PathPointParser: PathPoint] add_mag3_l-P2
2026-09-08 10:38:56.733 | INFO     | myoconverter.xml.parsers:parse:59 - [PathWrapSetParser: PathWrapSet] 
2026-09-08 10:38:56.733 | INFO     | myoconverter.xml.parsers:parse:59 - [ForceParser: Thelen2003Muscle] tfl_l
2026-09-08 10:38:56.733 | INFO     | myoconverter.xml.parsers:parse:59 - [PathPointParser: PathPoint] tfl_l-P1
2026-09-08 10:38:56.733 | INFO     | myoconverter.xml.parsers:parse:59 - [PathPointParser: PathPoint] tfl_l-P2
2026-09-08 10:38:56.733 | INFO     | myoconverter.xml.parsers:parse:59 - [PathPointParser: PathPoint] tfl_l-P3
2026-09-08 10:38:56.733 | INFO     | myoconverter.xml.parsers:parse:59 - [PathPointParser: PathPoint] tfl_l-P4
2026-09-08 10:38:56.733 | INFO     | myoconverter.xml.parsers:parse:59 - [PathWrapSetParser: PathWrapSet] 
2026-09-08 10:38:56.733 | INFO     | myoconverter.xml.parsers:parse:59 - [ForceParser: Thelen2003Muscle] pect_l
2026-09-08 10:38:56.733 | INFO     | myoconverter.xml.parsers:parse:59 - [PathPointParser: PathPoint] pect_l-P1
2026-09-08 10:38:56.733 | INFO     | myoconverter.xml.parsers:parse:59 - [PathPointParser: PathPoint] pect_l-P2
2026-09-08 10:38:56.733 | INFO     | myoconverter.xml.parsers:parse:59 - [PathWrapSetParser: PathWrapSet] 
2026-09-08 10:38:56.733 | INFO     | myoconverter.xml.parsers:parse:59 - [ForceParser: Thelen2003Muscle] grac_l
2026-09-08 10:38:56.733 | INFO     | myoconverter.xml.parsers:parse:59 - [PathPointParser: PathPoint] grac_l-P1
2026-09-08 10:38:56.733 | INFO     | myoconverter.xml.parsers:parse:59 - [PathPointParser: ConditionalPathPoint] grac_l-P2
2026-09-08 10:38:57.121 | INFO     | myoconverter.xml.parsers:parse:59 - [PathPointParser: PathPoint] grac_l-P3
2026-09-08 10:38:57.121 | INFO     | myoconverter.xml.parsers:parse:59 - [PathPointParser: PathPoint] grac_l-P4
2026-09-08 10:38:57.121 | INFO     | myoconverter.xml.parsers:parse:59 - [PathWrapSetParser: PathWrapSet] 
2026-09-08 10:38:57.121 | INFO     | myoconverter.xml.parsers:parse:59 - [ForceParser: Thelen2003Muscle] glut_max1_l
2026-09-08 10:38:57.121 | INFO     | myoconverter.xml.parsers:parse:59 - [PathPointParser: PathPoint] glut_max1_l-P1
2026-09-08 10:38:57.121 | INFO     | myoconverter.xml.parsers:parse:59 - [PathPointParser: PathPoint] glut_max1_l-P2
2026-09-08 10:38:57.121 | INFO     | myoconverter.xml.parsers:parse:59 - [PathPointParser: PathPoint] glut_max1_l-P3
2026-09-08 10:38:57.121 | INFO     | myoconverter.xml.parsers:parse:59 - [PathPointParser: PathPoint] glut_max1_l-P4
2026-09-08 10:38:57.121 | INFO     | myoconverter.xml.parsers:parse:59 - [PathWrapSetParser: PathWrapSet] 
2026-09-08 10:38:57.121 | INFO     | myoconverter.xml.parsers:parse:59 - [ForceParser: Thelen2003Muscle] glut_max2_l
2026-09-08 10:38:57.121 | INFO     | myoconverter.xml.parsers:parse:59 - [PathPointParser: PathPoint] glut_max2_l-P1
2026-09-08 10:38:57.121 | INFO     | myoconverter.xml.parsers:parse:59 - [PathPointParser: PathPoint] glut_max2_l-P2
2026-09-08 10:38:57.121 | INFO     | myoconverter.xml.parsers:parse:59 - [PathPointParser: PathPoint] glut_max2_l-P3
2026-09-08 10:38:57.121 | INFO     | myoconverter.xml.parsers:parse:59 - [PathPointParser: PathPoint] glut_max2_l-P4
2026-09-08 10:38:57.121 | INFO     | myoconverter.xml.parsers:parse:59 - [PathWrapSetParser: PathWrapSet] 
2026-09-08 10:38:57.121 | INFO     | myoconverter.xml.parsers:parse:59 - [ForceParser: Thelen2003Muscle] glut_max3_l
2026-09-08 10:38:57.121 | INFO     | myoconverter.xml.parsers:parse:59 - [PathPointParser: PathPoint] glut_max3_l-P1
2026-09-08 10:38:57.121 | INFO     | myoconverter.xml.parsers:parse:59 - [PathPointParser: PathPoint] glut_max3_l-P2
2026-09-08 10:38:57.121 | INFO     | myoconverter.xml.parsers:parse:59 - [PathPointParser: PathPoint] glut_max3_l-P3
2026-09-08 10:38:57.121 | INFO     | myoconverter.xml.parsers:parse:59 - [PathPointParser: PathPoint] glut_max3_l-P4
2026-09-08 10:38:57.121 | INFO     | myoconverter.xml.parsers:parse:59 - [PathWrapSetParser: PathWrapSet] 
2026-09-08 10:38:57.121 | INFO     | myoconverter.xml.parsers:parse:59 - [ForceParser: Thelen2003Muscle] iliacus_l
2026-09-08 10:38:57.121 | INFO     | myoconverter.xml.parsers:parse:59 - [PathPointParser: PathPoint] iliacus_l-P1
2026-09-08 10:38:57.121 | INFO     | myoconverter.xml.parsers:parse:59 - [PathPointParser: PathPoint] iliacus_l-P2
2026-09-08 10:38:57.121 | INFO     | myoconverter.xml.parsers:parse:59 - [PathPointParser: ConditionalPathPoint] iliacus_l-P3
2026-09-08 10:38:57.529 | INFO     | myoconverter.xml.parsers:parse:59 - [PathPointParser: PathPoint] iliacus_l-P4
2026-09-08 10:38:57.529 | INFO     | myoconverter.xml.parsers:parse:59 - [PathPointParser: PathPoint] iliacus_l-P5
2026-09-08 10:38:57.529 | INFO     | myoconverter.xml.parsers:parse:59 - [PathWrapSetParser: PathWrapSet] 
2026-09-08 10:38:57.529 | INFO     | myoconverter.xml.parsers:parse:59 - [ForceParser: Thelen2003Muscle] psoas_l
2026-09-08 10:38:57.529 | INFO     | myoconverter.xml.parsers:parse:59 - [PathPointParser: PathPoint] psoas_l-P1
2026-09-08 10:38:57.529 | INFO     | myoconverter.xml.parsers:parse:59 - [PathPointParser: PathPoint] psoas_l-P2
2026-09-08 10:38:57.529 | INFO     | myoconverter.xml.parsers:parse:59 - [PathPointParser: ConditionalPathPoint] psoas_l-P3
2026-09-08 10:38:57.976 | INFO     | myoconverter.xml.parsers:parse:59 - [PathPointParser: PathPoint] psoas_l-P4
2026-09-08 10:38:57.976 | INFO     | myoconverter.xml.parsers:parse:59 - [PathPointParser: PathPoint] psoas_l-P5
2026-09-08 10:38:57.976 | INFO     | myoconverter.xml.parsers:parse:59 - [PathWrapSetParser: PathWrapSet] 
2026-09-08 10:38:57.976 | INFO     | myoconverter.xml.parsers:parse:59 - [ForceParser: Thelen2003Muscle] quad_fem_l
2026-09-08 10:38:57.976 | INFO     | myoconverter.xml.parsers:parse:59 - [PathPointParser: PathPoint] quad_fem_l-P1
2026-09-08 10:38:57.976 | INFO     | myoconverter.xml.parsers:parse:59 - [PathPointParser: PathPoint] quad_fem_l-P2
2026-09-08 10:38:57.976 | INFO     | myoconverter.xml.parsers:parse:59 - [PathWrapSetParser: PathWrapSet] 
2026-09-08 10:38:57.976 | INFO     | myoconverter.xml.parsers:parse:59 - [ForceParser: Thelen2003Muscle] gem_l
2026-09-08 10:38:57.976 | INFO     | myoconverter.xml.parsers:parse:59 - [PathPointParser: PathPoint] gem_l-P1
2026-09-08 10:38:57.976 | INFO     | myoconverter.xml.parsers:parse:59 - [PathPointParser: PathPoint] gem_l-P2
2026-09-08 10:38:57.976 | INFO     | myoconverter.xml.parsers:parse:59 - [PathWrapSetParser: PathWrapSet] 
2026-09-08 10:38:57.976 | INFO     | myoconverter.xml.parsers:parse:59 - [ForceParser: Thelen2003Muscle] peri_l
2026-09-08 10:38:57.976 | INFO     | myoconverter.xml.parsers:parse:59 - [PathPointParser: PathPoint] peri_l-P1
2026-09-08 10:38:57.976 | INFO     | myoconverter.xml.parsers:parse:59 - [PathPointParser: PathPoint] peri_l-P2
2026-09-08 10:38:57.976 | INFO     | myoconverter.xml.parsers:parse:59 - [PathPointParser: PathPoint] peri_l-P3
2026-09-08 10:38:57.976 | INFO     | myoconverter.xml.parsers:parse:59 - [PathWrapSetParser: PathWrapSet] 
2026-09-08 10:38:57.976 | INFO     | myoconverter.xml.parsers:parse:59 - [ForceParser: Thelen2003Muscle] rect_fem_l
2026-09-08 10:38:57.976 | INFO     | myoconverter.xml.parsers:parse:59 - [PathPointParser: PathPoint] rect_fem_l-P1
2026-09-08 10:38:57.976 | INFO     | myoconverter.xml.parsers:parse:59 - [PathPointParser: ConditionalPathPoint] rect_fem_l-P2
2026-09-08 10:38:57.976 | WARNING  | myoconverter.xml.path_points.ConditionalPathPoint:parse:79 - Suitable 'anchor' PathPoint was not found for ConditionalPathPoint rect_fem_l-P2, treating this as a normal PathPoint.
2026-09-08 10:38:57.976 | INFO     | myoconverter.xml.parsers:parse:59 - [PathPointParser: MovingPathPoint] rect_fem_l-P3
2026-09-08 10:38:58.445 | INFO     | myoconverter.xml.parsers:parse:59 - [PathWrapSetParser: PathWrapSet] 
2026-09-08 10:38:58.445 | INFO     | myoconverter.xml.parsers:parse:59 - [ForceParser: Thelen2003Muscle] vas_med_l
2026-09-08 10:38:58.445 | INFO     | myoconverter.xml.parsers:parse:59 - [PathPointParser: PathPoint] vas_med_l-P1
2026-09-08 10:38:58.445 | INFO     | myoconverter.xml.parsers:parse:59 - [PathPointParser: PathPoint] vas_med_l-P2
2026-09-08 10:38:58.445 | INFO     | myoconverter.xml.parsers:parse:59 - [PathPointParser: ConditionalPathPoint] vas_med_l-P3
2026-09-08 10:38:58.865 | INFO     | myoconverter.xml.parsers:parse:59 - [PathPointParser: ConditionalPathPoint] vas_med_l-P4
2026-09-08 10:38:59.221 | INFO     | myoconverter.xml.parsers:parse:59 - [PathPointParser: MovingPathPoint] vas_med_l-P5
2026-09-08 10:38:59.691 | INFO     | myoconverter.xml.parsers:parse:59 - [PathWrapSetParser: PathWrapSet] 
2026-09-08 10:38:59.691 | INFO     | myoconverter.xml.parsers:parse:59 - [ForceParser: Thelen2003Muscle] vas_int_l
2026-09-08 10:38:59.691 | INFO     | myoconverter.xml.parsers:parse:59 - [PathPointParser: PathPoint] vas_int_l-P1
2026-09-08 10:38:59.691 | INFO     | myoconverter.xml.parsers:parse:59 - [PathPointParser: PathPoint] vas_int_l-P2
2026-09-08 10:38:59.691 | INFO     | myoconverter.xml.parsers:parse:59 - [PathPointParser: ConditionalPathPoint] vas_int_l-P3
2026-09-08 10:39:00.091 | INFO     | myoconverter.xml.parsers:parse:59 - [PathPointParser: MovingPathPoint] vas_int_l-P4
2026-09-08 10:39:00.468 | INFO     | myoconverter.xml.parsers:parse:59 - [PathWrapSetParser: PathWrapSet] 
2026-09-08 10:39:00.468 | INFO     | myoconverter.xml.parsers:parse:59 - [ForceParser: Thelen2003Muscle] vas_lat_l
2026-09-08 10:39:00.468 | INFO     | myoconverter.xml.parsers:parse:59 - [PathPointParser: PathPoint] vas_lat_l-P1
2026-09-08 10:39:00.468 | INFO     | myoconverter.xml.parsers:parse:59 - [PathPointParser: PathPoint] vas_lat_l-P2
2026-09-08 10:39:00.468 | INFO     | myoconverter.xml.parsers:parse:59 - [PathPointParser: ConditionalPathPoint] vas_lat_l-P3
2026-09-08 10:39:00.926 | INFO     | myoconverter.xml.parsers:parse:59 - [PathPointParser: ConditionalPathPoint] vas_lat_l-P4
2026-09-08 10:39:01.325 | INFO     | myoconverter.xml.parsers:parse:59 - [PathPointParser: MovingPathPoint] vas_lat_l-P5
2026-09-08 10:39:01.786 | INFO     | myoconverter.xml.parsers:parse:59 - [PathWrapSetParser: PathWrapSet] 
2026-09-08 10:39:01.786 | INFO     | myoconverter.xml.parsers:parse:59 - [ForceParser: Thelen2003Muscle] med_gas_l
2026-09-08 10:39:01.786 | INFO     | myoconverter.xml.parsers:parse:59 - [PathPointParser: PathPoint] med_gas_l-P1
2026-09-08 10:39:01.786 | INFO     | myoconverter.xml.parsers:parse:59 - [PathPointParser: ConditionalPathPoint] med_gas_l-P2
2026-09-08 10:39:02.163 | INFO     | myoconverter.xml.parsers:parse:59 - [PathPointParser: PathPoint] med_gas_l-P3
2026-09-08 10:39:02.163 | INFO     | myoconverter.xml.parsers:parse:59 - [PathWrapSetParser: PathWrapSet] 
2026-09-08 10:39:02.163 | INFO     | myoconverter.xml.parsers:parse:59 - [ForceParser: Thelen2003Muscle] lat_gas_l
2026-09-08 10:39:02.163 | INFO     | myoconverter.xml.parsers:parse:59 - [PathPointParser: PathPoint] lat_gas_l-P1
2026-09-08 10:39:02.163 | INFO     | myoconverter.xml.parsers:parse:59 - [PathPointParser: ConditionalPathPoint] lat_gas_l-P2
2026-09-08 10:39:02.736 | INFO     | myoconverter.xml.parsers:parse:59 - [PathPointParser: PathPoint] lat_gas_l-P3
2026-09-08 10:39:02.736 | INFO     | myoconverter.xml.parsers:parse:59 - [PathWrapSetParser: PathWrapSet] 
2026-09-08 10:39:02.736 | INFO     | myoconverter.xml.parsers:parse:59 - [ForceParser: Thelen2003Muscle] soleus_l
2026-09-08 10:39:02.736 | INFO     | myoconverter.xml.parsers:parse:59 - [PathPointParser: PathPoint] soleus_l-P1
2026-09-08 10:39:02.736 | INFO     | myoconverter.xml.parsers:parse:59 - [PathPointParser: PathPoint] soleus_l-P2
2026-09-08 10:39:02.736 | INFO     | myoconverter.xml.parsers:parse:59 - [PathWrapSetParser: PathWrapSet] 
2026-09-08 10:39:02.736 | INFO     | myoconverter.xml.parsers:parse:59 - [ForceParser: Thelen2003Muscle] tib_post_l
2026-09-08 10:39:02.736 | INFO     | myoconverter.xml.parsers:parse:59 - [PathPointParser: PathPoint] tib_post_l-P1
2026-09-08 10:39:02.736 | INFO     | myoconverter.xml.parsers:parse:59 - [PathPointParser: PathPoint] tib_post_l-P2
2026-09-08 10:39:02.736 | INFO     | myoconverter.xml.parsers:parse:59 - [PathPointParser: PathPoint] tib_post_l-P3
2026-09-08 10:39:02.736 | INFO     | myoconverter.xml.parsers:parse:59 - [PathPointParser: PathPoint] tib_post_l-P4
2026-09-08 10:39:02.736 | INFO     | myoconverter.xml.parsers:parse:59 - [PathWrapSetParser: PathWrapSet] 
2026-09-08 10:39:02.736 | INFO     | myoconverter.xml.parsers:parse:59 - [ForceParser: Thelen2003Muscle] flex_dig_l
2026-09-08 10:39:02.736 | INFO     | myoconverter.xml.parsers:parse:59 - [PathPointParser: PathPoint] flex_dig_l-P1
2026-09-08 10:39:02.736 | INFO     | myoconverter.xml.parsers:parse:59 - [PathPointParser: PathPoint] flex_dig_l-P2
2026-09-08 10:39:02.736 | INFO     | myoconverter.xml.parsers:parse:59 - [PathPointParser: PathPoint] flex_dig_l-P3
2026-09-08 10:39:02.736 | INFO     | myoconverter.xml.parsers:parse:59 - [PathPointParser: PathPoint] flex_dig_l-P4
2026-09-08 10:39:02.736 | INFO     | myoconverter.xml.parsers:parse:59 - [PathPointParser: PathPoint] flex_dig_l-P5
2026-09-08 10:39:02.736 | INFO     | myoconverter.xml.parsers:parse:59 - [PathPointParser: PathPoint] flex_dig_l-P6
2026-09-08 10:39:02.736 | INFO     | myoconverter.xml.parsers:parse:59 - [PathPointParser: PathPoint] flex_dig_l-P7
2026-09-08 10:39:02.736 | INFO     | myoconverter.xml.parsers:parse:59 - [PathPointParser: PathPoint] flex_dig_l-P8
2026-09-08 10:39:02.736 | INFO     | myoconverter.xml.parsers:parse:59 - [PathWrapSetParser: PathWrapSet] 
2026-09-08 10:39:02.736 | INFO     | myoconverter.xml.parsers:parse:59 - [ForceParser: Thelen2003Muscle] flex_hal_l
2026-09-08 10:39:02.736 | INFO     | myoconverter.xml.parsers:parse:59 - [PathPointParser: PathPoint] flex_hal_l-P1
2026-09-08 10:39:02.736 | INFO     | myoconverter.xml.parsers:parse:59 - [PathPointParser: PathPoint] flex_hal_l-P2
2026-09-08 10:39:02.736 | INFO     | myoconverter.xml.parsers:parse:59 - [PathPointParser: PathPoint] flex_hal_l-P3
2026-09-08 10:39:02.736 | INFO     | myoconverter.xml.parsers:parse:59 - [PathPointParser: PathPoint] flex_hal_l-P4
2026-09-08 10:39:02.736 | INFO     | myoconverter.xml.parsers:parse:59 - [PathPointParser: PathPoint] flex_hal_l-P5
2026-09-08 10:39:02.736 | INFO     | myoconverter.xml.parsers:parse:59 - [PathPointParser: PathPoint] flex_hal_l-P6
2026-09-08 10:39:02.736 | INFO     | myoconverter.xml.parsers:parse:59 - [PathPointParser: PathPoint] flex_hal_l-P7
2026-09-08 10:39:02.736 | INFO     | myoconverter.xml.parsers:parse:59 - [PathWrapSetParser: PathWrapSet] 
2026-09-08 10:39:02.736 | INFO     | myoconverter.xml.parsers:parse:59 - [ForceParser: Thelen2003Muscle] tib_ant_l
2026-09-08 10:39:02.736 | INFO     | myoconverter.xml.parsers:parse:59 - [PathPointParser: PathPoint] tib_ant_l-P1
2026-09-08 10:39:02.736 | INFO     | myoconverter.xml.parsers:parse:59 - [PathPointParser: PathPoint] tib_ant_l-P2
2026-09-08 10:39:02.736 | INFO     | myoconverter.xml.parsers:parse:59 - [PathPointParser: PathPoint] tib_ant_l-P3
2026-09-08 10:39:02.736 | INFO     | myoconverter.xml.parsers:parse:59 - [PathWrapSetParser: PathWrapSet] 
2026-09-08 10:39:02.736 | INFO     | myoconverter.xml.parsers:parse:59 - [ForceParser: Thelen2003Muscle] per_brev_l
2026-09-08 10:39:02.736 | INFO     | myoconverter.xml.parsers:parse:59 - [PathPointParser: PathPoint] per_brev_l-P1
2026-09-08 10:39:02.736 | INFO     | myoconverter.xml.parsers:parse:59 - [PathPointParser: PathPoint] per_brev_l-P2
2026-09-08 10:39:02.736 | INFO     | myoconverter.xml.parsers:parse:59 - [PathPointParser: PathPoint] per_brev_l-P3
2026-09-08 10:39:02.736 | INFO     | myoconverter.xml.parsers:parse:59 - [PathPointParser: PathPoint] per_brev_l-P4
2026-09-08 10:39:02.736 | INFO     | myoconverter.xml.parsers:parse:59 - [PathPointParser: PathPoint] per_brev_l-P5
2026-09-08 10:39:02.736 | INFO     | myoconverter.xml.parsers:parse:59 - [PathWrapSetParser: PathWrapSet] 
2026-09-08 10:39:02.736 | INFO     | myoconverter.xml.parsers:parse:59 - [ForceParser: Thelen2003Muscle] per_long_l
2026-09-08 10:39:02.736 | INFO     | myoconverter.xml.parsers:parse:59 - [PathPointParser: PathPoint] per_long_l-P1
2026-09-08 10:39:02.736 | INFO     | myoconverter.xml.parsers:parse:59 - [PathPointParser: PathPoint] per_long_l-P2
2026-09-08 10:39:02.736 | INFO     | myoconverter.xml.parsers:parse:59 - [PathPointParser: PathPoint] per_long_l-P3
2026-09-08 10:39:02.736 | INFO     | myoconverter.xml.parsers:parse:59 - [PathPointParser: PathPoint] per_long_l-P4
2026-09-08 10:39:02.736 | INFO     | myoconverter.xml.parsers:parse:59 - [PathPointParser: PathPoint] per_long_l-P5
2026-09-08 10:39:02.736 | INFO     | myoconverter.xml.parsers:parse:59 - [PathPointParser: PathPoint] per_long_l-P6
2026-09-08 10:39:02.736 | INFO     | myoconverter.xml.parsers:parse:59 - [PathPointParser: PathPoint] per_long_l-P7
2026-09-08 10:39:02.736 | INFO     | myoconverter.xml.parsers:parse:59 - [PathWrapSetParser: PathWrapSet] 
2026-09-08 10:39:02.736 | INFO     | myoconverter.xml.parsers:parse:59 - [ForceParser: Thelen2003Muscle] per_tert_l
2026-09-08 10:39:02.736 | INFO     | myoconverter.xml.parsers:parse:59 - [PathPointParser: PathPoint] per_tert_l-P1
2026-09-08 10:39:02.736 | INFO     | myoconverter.xml.parsers:parse:59 - [PathPointParser: PathPoint] per_tert_l-P2
2026-09-08 10:39:02.736 | INFO     | myoconverter.xml.parsers:parse:59 - [PathPointParser: PathPoint] per_tert_l-P3
2026-09-08 10:39:02.736 | INFO     | myoconverter.xml.parsers:parse:59 - [PathWrapSetParser: PathWrapSet] 
2026-09-08 10:39:02.736 | INFO     | myoconverter.xml.parsers:parse:59 - [ForceParser: Thelen2003Muscle] ext_dig_l
2026-09-08 10:39:02.736 | INFO     | myoconverter.xml.parsers:parse:59 - [PathPointParser: PathPoint] ext_dig_l-P1
2026-09-08 10:39:02.736 | INFO     | myoconverter.xml.parsers:parse:59 - [PathPointParser: PathPoint] ext_dig_l-P2
2026-09-08 10:39:02.736 | INFO     | myoconverter.xml.parsers:parse:59 - [PathPointParser: PathPoint] ext_dig_l-P3
2026-09-08 10:39:02.736 | INFO     | myoconverter.xml.parsers:parse:59 - [PathPointParser: PathPoint] ext_dig_l-P4
2026-09-08 10:39:02.736 | INFO     | myoconverter.xml.parsers:parse:59 - [PathPointParser: PathPoint] ext_dig_l-P5
2026-09-08 10:39:02.736 | INFO     | myoconverter.xml.parsers:parse:59 - [PathPointParser: PathPoint] ext_dig_l-P6
2026-09-08 10:39:02.736 | INFO     | myoconverter.xml.parsers:parse:59 - [PathWrapSetParser: PathWrapSet] 
2026-09-08 10:39:02.736 | INFO     | myoconverter.xml.parsers:parse:59 - [ForceParser: Thelen2003Muscle] ext_hal_l
2026-09-08 10:39:02.736 | INFO     | myoconverter.xml.parsers:parse:59 - [PathPointParser: PathPoint] ext_hal_l-P1
2026-09-08 10:39:02.736 | INFO     | myoconverter.xml.parsers:parse:59 - [PathPointParser: PathPoint] ext_hal_l-P2
2026-09-08 10:39:02.746 | INFO     | myoconverter.xml.parsers:parse:59 - [PathPointParser: PathPoint] ext_hal_l-P3
2026-09-08 10:39:02.746 | INFO     | myoconverter.xml.parsers:parse:59 - [PathPointParser: PathPoint] ext_hal_l-P4
2026-09-08 10:39:02.746 | INFO     | myoconverter.xml.parsers:parse:59 - [PathPointParser: PathPoint] ext_hal_l-P5
2026-09-08 10:39:02.746 | INFO     | myoconverter.xml.parsers:parse:59 - [PathPointParser: PathPoint] ext_hal_l-P6
2026-09-08 10:39:02.746 | INFO     | myoconverter.xml.parsers:parse:59 - [PathPointParser: PathPoint] ext_hal_l-P7
2026-09-08 10:39:02.746 | INFO     | myoconverter.xml.parsers:parse:59 - [PathWrapSetParser: PathWrapSet] 
2026-09-08 10:39:02.746 | INFO     | myoconverter.xml.parsers:parse:59 - [ForceParser: Thelen2003Muscle] ercspn_r
2026-09-08 10:39:02.746 | INFO     | myoconverter.xml.parsers:parse:59 - [PathPointParser: PathPoint] ercspn_r-P1
2026-09-08 10:39:02.746 | INFO     | myoconverter.xml.parsers:parse:59 - [PathPointParser: PathPoint] ercspn_r-P2
2026-09-08 10:39:02.746 | INFO     | myoconverter.xml.parsers:parse:59 - [PathWrapSetParser: PathWrapSet] 
2026-09-08 10:39:02.746 | INFO     | myoconverter.xml.parsers:parse:59 - [ForceParser: Thelen2003Muscle] ercspn_l
2026-09-08 10:39:02.746 | INFO     | myoconverter.xml.parsers:parse:59 - [PathPointParser: PathPoint] ercspn_l-P1
2026-09-08 10:39:02.746 | INFO     | myoconverter.xml.parsers:parse:59 - [PathPointParser: PathPoint] ercspn_l-P2
2026-09-08 10:39:02.746 | INFO     | myoconverter.xml.parsers:parse:59 - [PathWrapSetParser: PathWrapSet] 
2026-09-08 10:39:02.746 | INFO     | myoconverter.xml.parsers:parse:59 - [ForceParser: Thelen2003Muscle] intobl_r
2026-09-08 10:39:02.746 | INFO     | myoconverter.xml.parsers:parse:59 - [PathPointParser: PathPoint] intobl_r-P1
2026-09-08 10:39:02.746 | INFO     | myoconverter.xml.parsers:parse:59 - [PathPointParser: PathPoint] intobl_r-P2
2026-09-08 10:39:02.746 | INFO     | myoconverter.xml.parsers:parse:59 - [PathWrapSetParser: PathWrapSet] 
2026-09-08 10:39:02.746 | INFO     | myoconverter.xml.parsers:parse:59 - [ForceParser: Thelen2003Muscle] intobl_l
2026-09-08 10:39:02.746 | INFO     | myoconverter.xml.parsers:parse:59 - [PathPointParser: PathPoint] intobl_l-P1
2026-09-08 10:39:02.746 | INFO     | myoconverter.xml.parsers:parse:59 - [PathPointParser: PathPoint] intobl_l-P2
2026-09-08 10:39:02.746 | INFO     | myoconverter.xml.parsers:parse:59 - [PathWrapSetParser: PathWrapSet] 
2026-09-08 10:39:02.746 | INFO     | myoconverter.xml.parsers:parse:59 - [ForceParser: Thelen2003Muscle] extobl_r
2026-09-08 10:39:02.746 | INFO     | myoconverter.xml.parsers:parse:59 - [PathPointParser: PathPoint] extobl_r-P1
2026-09-08 10:39:02.746 | INFO     | myoconverter.xml.parsers:parse:59 - [PathPointParser: PathPoint] extobl_r-P2
2026-09-08 10:39:02.746 | INFO     | myoconverter.xml.parsers:parse:59 - [PathWrapSetParser: PathWrapSet] 
2026-09-08 10:39:02.746 | INFO     | myoconverter.xml.parsers:parse:59 - [ForceParser: Thelen2003Muscle] extobl_l
2026-09-08 10:39:02.746 | INFO     | myoconverter.xml.parsers:parse:59 - [PathPointParser: PathPoint] extobl_l-P1
2026-09-08 10:39:02.746 | INFO     | myoconverter.xml.parsers:parse:59 - [PathPointParser: PathPoint] extobl_l-P2
2026-09-08 10:39:02.746 | INFO     | myoconverter.xml.parsers:parse:59 - [PathWrapSetParser: PathWrapSet] 
2026-09-08 10:39:02.746 | INFO     | myoconverter.xml.converter:_parse_markers:165 - Starting to parse markers
2026-09-08 10:39:02.746 | INFO     | myoconverter.xml.converter:_set_keyframe:176 - Setting the default keyframe
2026-09-08 10:39:02.757 | INFO     | myoconverter.xml.converter:convert:65 - Writing the converted model into C:\Users\Ben\Documents\GitHub\Bipedal_Robot\Solid_Models\OpenSim\Gait2392_Robotbody\mjc\gait2392_simbody\gait2392_simbody_cvt1.xml
2026-09-08 10:39:02.757 | INFO     | myoconverter.xml.converter:convert:68 - All good, conversion procedure is finished
2026-09-08 10:39:02.757 | INFO     | myoconverter.conversion_steps.O2MSteps:PipelineExecution:126 - Finished step 1 conversion - cvt1.
2026-09-08 10:39:02.757 | INFO     | myoconverter.conversion_steps.O2MSteps:PipelineExecution:145 - validation is set to False, skipped step 1 validation - vlt1.
2026-09-08 10:39:02.757 | INFO     | myoconverter.conversion_steps.O2MSteps:PipelineExecution:171 - xxx_cvt2 model already exist, process from it
2026-09-08 10:39:03.003 | INFO     | myoconverter.conversion_steps.O2MStep2:__init__:102 - Overwrite command confirmed
2026-09-08 10:39:03.003 | INFO     | myoconverter.conversion_steps.O2MStep2:__init__:103 - Generating MA data from OsimMuscleStates, may take a while
2026-09-08 10:39:03.003 | INFO     | myoconverter.optimization.model_states.OsimMuscleStates:getWrapingCoords:75 - Extract the joints that muscle wrapped over from Osim model
2026-09-08 10:39:05.254 | INFO     | myoconverter.optimization.model_states.OsimMuscleStates:getMomentArms:173 - Calculate moment arms from Osim model
2026-09-08 10:39:05.254 | INFO     | myoconverter.optimization.model_states.OsimMuscleStates:getMomentArms:178 - Muscle: glut_med1_r
2026-09-08 10:39:05.285 | INFO     | myoconverter.optimization.model_states.OsimMuscleStates:getMomentArms:178 - Muscle: glut_med2_r
2026-09-08 10:39:05.315 | INFO     | myoconverter.optimization.model_states.OsimMuscleStates:getMomentArms:178 - Muscle: glut_med3_r
2026-09-08 10:39:05.356 | INFO     | myoconverter.optimization.model_states.OsimMuscleStates:getMomentArms:178 - Muscle: glut_min1_r
2026-09-08 10:39:05.397 | INFO     | myoconverter.optimization.model_states.OsimMuscleStates:getMomentArms:178 - Muscle: glut_min2_r
2026-09-08 10:39:05.435 | INFO     | myoconverter.optimization.model_states.OsimMuscleStates:getMomentArms:178 - Muscle: glut_min3_r
2026-09-08 10:39:05.480 | INFO     | myoconverter.optimization.model_states.OsimMuscleStates:getMomentArms:178 - Muscle: semimem_r
2026-09-08 10:39:05.541 | INFO     | myoconverter.optimization.model_states.OsimMuscleStates:getMomentArms:178 - Muscle: semiten_r
2026-09-08 10:39:05.603 | INFO     | myoconverter.optimization.model_states.OsimMuscleStates:getMomentArms:178 - Muscle: bifemlh_r
2026-09-08 10:39:05.653 | INFO     | myoconverter.optimization.model_states.OsimMuscleStates:getMomentArms:178 - Muscle: bifemsh_r
2026-09-08 10:39:05.674 | INFO     | myoconverter.optimization.model_states.OsimMuscleStates:getMomentArms:178 - Muscle: sar_r
2026-09-08 10:39:05.746 | INFO     | myoconverter.optimization.model_states.OsimMuscleStates:getMomentArms:178 - Muscle: add_long_r
2026-09-08 10:39:05.797 | INFO     | myoconverter.optimization.model_states.OsimMuscleStates:getMomentArms:178 - Muscle: add_brev_r
2026-09-08 10:39:05.837 | INFO     | myoconverter.optimization.model_states.OsimMuscleStates:getMomentArms:178 - Muscle: add_mag1_r
2026-09-08 10:39:05.878 | INFO     | myoconverter.optimization.model_states.OsimMuscleStates:getMomentArms:178 - Muscle: add_mag2_r
2026-09-08 10:39:05.919 | INFO     | myoconverter.optimization.model_states.OsimMuscleStates:getMomentArms:178 - Muscle: add_mag3_r
2026-09-08 10:39:05.970 | INFO     | myoconverter.optimization.model_states.OsimMuscleStates:getMomentArms:178 - Muscle: tfl_r
2026-09-08 10:39:06.021 | INFO     | myoconverter.optimization.model_states.OsimMuscleStates:getMomentArms:178 - Muscle: pect_r
2026-09-08 10:39:06.052 | INFO     | myoconverter.optimization.model_states.OsimMuscleStates:getMomentArms:178 - Muscle: grac_r
2026-09-08 10:39:06.106 | INFO     | myoconverter.optimization.model_states.OsimMuscleStates:getMomentArms:178 - Muscle: glut_max1_r
2026-09-08 10:39:06.134 | INFO     | myoconverter.optimization.model_states.OsimMuscleStates:getMomentArms:178 - Muscle: glut_max2_r
2026-09-08 10:39:06.175 | INFO     | myoconverter.optimization.model_states.OsimMuscleStates:getMomentArms:178 - Muscle: glut_max3_r
2026-09-08 10:39:06.226 | INFO     | myoconverter.optimization.model_states.OsimMuscleStates:getMomentArms:178 - Muscle: iliacus_r
2026-09-08 10:39:06.278 | INFO     | myoconverter.optimization.model_states.OsimMuscleStates:getMomentArms:178 - Muscle: psoas_r
2026-09-08 10:39:06.319 | INFO     | myoconverter.optimization.model_states.OsimMuscleStates:getMomentArms:178 - Muscle: quad_fem_r
2026-09-08 10:39:06.359 | INFO     | myoconverter.optimization.model_states.OsimMuscleStates:getMomentArms:178 - Muscle: gem_r
2026-09-08 10:39:06.390 | INFO     | myoconverter.optimization.model_states.OsimMuscleStates:getMomentArms:178 - Muscle: peri_r
2026-09-08 10:39:06.436 | INFO     | myoconverter.optimization.model_states.OsimMuscleStates:getMomentArms:178 - Muscle: rect_fem_r
2026-09-08 10:39:06.492 | INFO     | myoconverter.optimization.model_states.OsimMuscleStates:getMomentArms:178 - Muscle: vas_med_r
2026-09-08 10:39:06.513 | INFO     | myoconverter.optimization.model_states.OsimMuscleStates:getMomentArms:178 - Muscle: vas_int_r
2026-09-08 10:39:06.533 | INFO     | myoconverter.optimization.model_states.OsimMuscleStates:getMomentArms:178 - Muscle: vas_lat_r
2026-09-08 10:39:06.554 | INFO     | myoconverter.optimization.model_states.OsimMuscleStates:getMomentArms:178 - Muscle: med_gas_r
2026-09-08 10:39:06.597 | INFO     | myoconverter.optimization.model_states.OsimMuscleStates:getMomentArms:178 - Muscle: lat_gas_r
2026-09-08 10:39:06.646 | INFO     | myoconverter.optimization.model_states.OsimMuscleStates:getMomentArms:178 - Muscle: soleus_r
2026-09-08 10:39:06.676 | INFO     | myoconverter.optimization.model_states.OsimMuscleStates:getMomentArms:178 - Muscle: tib_post_r
2026-09-08 10:39:06.717 | INFO     | myoconverter.optimization.model_states.OsimMuscleStates:getMomentArms:178 - Muscle: flex_dig_r
2026-09-08 10:39:06.789 | INFO     | myoconverter.optimization.model_states.OsimMuscleStates:getMomentArms:178 - Muscle: flex_hal_r
2026-09-08 10:39:06.840 | INFO     | myoconverter.optimization.model_states.OsimMuscleStates:getMomentArms:178 - Muscle: tib_ant_r
2026-09-08 10:39:06.881 | INFO     | myoconverter.optimization.model_states.OsimMuscleStates:getMomentArms:178 - Muscle: per_brev_r
2026-09-08 10:39:06.906 | INFO     | myoconverter.optimization.model_states.OsimMuscleStates:getMomentArms:178 - Muscle: per_long_r
2026-09-08 10:39:06.932 | INFO     | myoconverter.optimization.model_states.OsimMuscleStates:getMomentArms:178 - Muscle: per_tert_r
2026-09-08 10:39:06.963 | INFO     | myoconverter.optimization.model_states.OsimMuscleStates:getMomentArms:178 - Muscle: ext_dig_r
2026-09-08 10:39:07.006 | INFO     | myoconverter.optimization.model_states.OsimMuscleStates:getMomentArms:178 - Muscle: ext_hal_r
2026-09-08 10:39:07.044 | INFO     | myoconverter.optimization.model_states.OsimMuscleStates:getMomentArms:178 - Muscle: glut_med1_l
2026-09-08 10:39:07.091 | INFO     | myoconverter.optimization.model_states.OsimMuscleStates:getMomentArms:178 - Muscle: glut_med2_l
2026-09-08 10:39:07.137 | INFO     | myoconverter.optimization.model_states.OsimMuscleStates:getMomentArms:178 - Muscle: glut_med3_l
2026-09-08 10:39:07.168 | INFO     | myoconverter.optimization.model_states.OsimMuscleStates:getMomentArms:178 - Muscle: glut_min1_l
2026-09-08 10:39:07.206 | INFO     | myoconverter.optimization.model_states.OsimMuscleStates:getMomentArms:178 - Muscle: glut_min2_l
2026-09-08 10:39:07.240 | INFO     | myoconverter.optimization.model_states.OsimMuscleStates:getMomentArms:178 - Muscle: glut_min3_l
2026-09-08 10:39:07.271 | INFO     | myoconverter.optimization.model_states.OsimMuscleStates:getMomentArms:178 - Muscle: semimem_l
2026-09-08 10:39:07.332 | INFO     | myoconverter.optimization.model_states.OsimMuscleStates:getMomentArms:178 - Muscle: semiten_l
2026-09-08 10:39:07.383 | INFO     | myoconverter.optimization.model_states.OsimMuscleStates:getMomentArms:178 - Muscle: bifemlh_l
2026-09-08 10:39:07.445 | INFO     | myoconverter.optimization.model_states.OsimMuscleStates:getMomentArms:178 - Muscle: bifemsh_l
2026-09-08 10:39:07.466 | INFO     | myoconverter.optimization.model_states.OsimMuscleStates:getMomentArms:178 - Muscle: sar_l
2026-09-08 10:39:07.527 | INFO     | myoconverter.optimization.model_states.OsimMuscleStates:getMomentArms:178 - Muscle: add_long_l
2026-09-08 10:39:07.567 | INFO     | myoconverter.optimization.model_states.OsimMuscleStates:getMomentArms:178 - Muscle: add_brev_l
2026-09-08 10:39:07.618 | INFO     | myoconverter.optimization.model_states.OsimMuscleStates:getMomentArms:178 - Muscle: add_mag1_l
2026-09-08 10:39:07.659 | INFO     | myoconverter.optimization.model_states.OsimMuscleStates:getMomentArms:178 - Muscle: add_mag2_l
2026-09-08 10:39:07.718 | INFO     | myoconverter.optimization.model_states.OsimMuscleStates:getMomentArms:178 - Muscle: add_mag3_l
2026-09-08 10:39:07.750 | INFO     | myoconverter.optimization.model_states.OsimMuscleStates:getMomentArms:178 - Muscle: tfl_l
2026-09-08 10:39:07.822 | INFO     | myoconverter.optimization.model_states.OsimMuscleStates:getMomentArms:178 - Muscle: pect_l
2026-09-08 10:39:07.873 | INFO     | myoconverter.optimization.model_states.OsimMuscleStates:getMomentArms:178 - Muscle: grac_l
2026-09-08 10:39:07.934 | INFO     | myoconverter.optimization.model_states.OsimMuscleStates:getMomentArms:178 - Muscle: glut_max1_l
2026-09-08 10:39:07.975 | INFO     | myoconverter.optimization.model_states.OsimMuscleStates:getMomentArms:178 - Muscle: glut_max2_l
2026-09-08 10:39:08.020 | INFO     | myoconverter.optimization.model_states.OsimMuscleStates:getMomentArms:178 - Muscle: glut_max3_l
2026-09-08 10:39:08.063 | INFO     | myoconverter.optimization.model_states.OsimMuscleStates:getMomentArms:178 - Muscle: iliacus_l
2026-09-08 10:39:08.097 | INFO     | myoconverter.optimization.model_states.OsimMuscleStates:getMomentArms:178 - Muscle: psoas_l
2026-09-08 10:39:08.137 | INFO     | myoconverter.optimization.model_states.OsimMuscleStates:getMomentArms:178 - Muscle: quad_fem_l
2026-09-08 10:39:08.178 | INFO     | myoconverter.optimization.model_states.OsimMuscleStates:getMomentArms:178 - Muscle: gem_l
2026-09-08 10:39:08.219 | INFO     | myoconverter.optimization.model_states.OsimMuscleStates:getMomentArms:178 - Muscle: peri_l
2026-09-08 10:39:08.271 | INFO     | myoconverter.optimization.model_states.OsimMuscleStates:getMomentArms:178 - Muscle: rect_fem_l
2026-09-08 10:39:08.322 | INFO     | myoconverter.optimization.model_states.OsimMuscleStates:getMomentArms:178 - Muscle: vas_med_l
2026-09-08 10:39:08.350 | INFO     | myoconverter.optimization.model_states.OsimMuscleStates:getMomentArms:178 - Muscle: vas_int_l
2026-09-08 10:39:08.373 | INFO     | myoconverter.optimization.model_states.OsimMuscleStates:getMomentArms:178 - Muscle: vas_lat_l
2026-09-08 10:39:08.393 | INFO     | myoconverter.optimization.model_states.OsimMuscleStates:getMomentArms:178 - Muscle: med_gas_l
2026-09-08 10:39:08.441 | INFO     | myoconverter.optimization.model_states.OsimMuscleStates:getMomentArms:178 - Muscle: lat_gas_l
2026-09-08 10:39:08.484 | INFO     | myoconverter.optimization.model_states.OsimMuscleStates:getMomentArms:178 - Muscle: soleus_l
2026-09-08 10:39:08.525 | INFO     | myoconverter.optimization.model_states.OsimMuscleStates:getMomentArms:178 - Muscle: tib_post_l
2026-09-08 10:39:08.555 | INFO     | myoconverter.optimization.model_states.OsimMuscleStates:getMomentArms:178 - Muscle: flex_dig_l
2026-09-08 10:39:08.628 | INFO     | myoconverter.optimization.model_states.OsimMuscleStates:getMomentArms:178 - Muscle: flex_hal_l
2026-09-08 10:39:08.688 | INFO     | myoconverter.optimization.model_states.OsimMuscleStates:getMomentArms:178 - Muscle: tib_ant_l
2026-09-08 10:39:08.730 | INFO     | myoconverter.optimization.model_states.OsimMuscleStates:getMomentArms:178 - Muscle: per_brev_l
2026-09-08 10:39:08.771 | INFO     | myoconverter.optimization.model_states.OsimMuscleStates:getMomentArms:178 - Muscle: per_long_l
2026-09-08 10:39:08.812 | INFO     | myoconverter.optimization.model_states.OsimMuscleStates:getMomentArms:178 - Muscle: per_tert_l
2026-09-08 10:39:08.853 | INFO     | myoconverter.optimization.model_states.OsimMuscleStates:getMomentArms:178 - Muscle: ext_dig_l
2026-09-08 10:39:08.915 | INFO     | myoconverter.optimization.model_states.OsimMuscleStates:getMomentArms:178 - Muscle: ext_hal_l
2026-09-08 10:39:08.972 | INFO     | myoconverter.optimization.model_states.OsimMuscleStates:getMomentArms:178 - Muscle: ercspn_r
2026-09-08 10:39:09.008 | INFO     | myoconverter.optimization.model_states.OsimMuscleStates:getMomentArms:178 - Muscle: ercspn_l
2026-09-08 10:39:09.050 | INFO     | myoconverter.optimization.model_states.OsimMuscleStates:getMomentArms:178 - Muscle: intobl_r
2026-09-08 10:39:09.090 | INFO     | myoconverter.optimization.model_states.OsimMuscleStates:getMomentArms:178 - Muscle: intobl_l
2026-09-08 10:39:09.131 | INFO     | myoconverter.optimization.model_states.OsimMuscleStates:getMomentArms:178 - Muscle: extobl_r
2026-09-08 10:39:09.161 | INFO     | myoconverter.optimization.model_states.OsimMuscleStates:getMomentArms:178 - Muscle: extobl_l
2026-09-08 10:39:09.458 | INFO     | myoconverter.conversion_steps.O2MStep2:__init__:173 - Finished cvt2 initialize
2026-09-08 10:39:09.458 | INFO     | myoconverter.conversion_steps.O2MSteps:PipelineExecution:198 - Started step 2 conversion - cvt2.
2026-09-08 10:39:09.458 | INFO     | myoconverter.conversion_steps.O2MStep2:optMomentArms:191 - Running MA optimization with the given muscle list one by one
2026-09-08 10:39:09.458 | INFO     | myoconverter.conversion_steps.O2MStep2:optMomentArms:195 - Muscle : glut_med1_r 
2026-09-08 10:39:09.458 | INFO     | myoconverter.conversion_steps.O2MStep2:optMomentArms:208 -     At joints: hip_adduction_r
2026-09-08 10:39:09.510 | INFO     | myoconverter.conversion_steps.O2MStep2:optMomentArms:220 -     MA errors between Osim and Mjc models are smaller than throshold, optimization skipped
2026-09-08 10:39:09.510 | INFO     | myoconverter.conversion_steps.O2MStep2:optMomentArms:195 - Muscle : glut_med2_r 
2026-09-08 10:39:09.510 | INFO     | myoconverter.conversion_steps.O2MStep2:optMomentArms:208 -     At joints: hip_adduction_r
2026-09-08 10:39:09.561 | INFO     | myoconverter.conversion_steps.O2MStep2:optMomentArms:220 -     MA errors between Osim and Mjc models are smaller than throshold, optimization skipped
2026-09-08 10:39:09.561 | INFO     | myoconverter.conversion_steps.O2MStep2:optMomentArms:195 - Muscle : glut_med3_r 
2026-09-08 10:39:09.561 | INFO     | myoconverter.conversion_steps.O2MStep2:optMomentArms:208 -     At joints: hip_adduction_r
2026-09-08 10:39:09.612 | INFO     | myoconverter.conversion_steps.O2MStep2:optMomentArms:220 -     MA errors between Osim and Mjc models are smaller than throshold, optimization skipped
2026-09-08 10:39:09.612 | INFO     | myoconverter.conversion_steps.O2MStep2:optMomentArms:195 - Muscle : glut_min1_r 
2026-09-08 10:39:09.612 | INFO     | myoconverter.conversion_steps.O2MStep2:optMomentArms:208 -     At joints: hip_adduction_r
2026-09-08 10:39:09.654 | INFO     | myoconverter.conversion_steps.O2MStep2:optMomentArms:220 -     MA errors between Osim and Mjc models are smaller than throshold, optimization skipped
2026-09-08 10:39:09.654 | INFO     | myoconverter.conversion_steps.O2MStep2:optMomentArms:195 - Muscle : glut_min2_r 
2026-09-08 10:39:09.654 | INFO     | myoconverter.conversion_steps.O2MStep2:optMomentArms:208 -     At joints: hip_adduction_r
2026-09-08 10:39:09.705 | INFO     | myoconverter.conversion_steps.O2MStep2:optMomentArms:220 -     MA errors between Osim and Mjc models are smaller than throshold, optimization skipped
2026-09-08 10:39:09.705 | INFO     | myoconverter.conversion_steps.O2MStep2:optMomentArms:195 - Muscle : glut_min3_r 
2026-09-08 10:39:09.708 | INFO     | myoconverter.conversion_steps.O2MStep2:optMomentArms:208 -     At joints: hip_adduction_r
2026-09-08 10:39:09.745 | INFO     | myoconverter.conversion_steps.O2MStep2:optMomentArms:220 -     MA errors between Osim and Mjc models are smaller than throshold, optimization skipped
2026-09-08 10:39:09.745 | INFO     | myoconverter.conversion_steps.O2MStep2:optMomentArms:195 - Muscle : semimem_r 
2026-09-08 10:39:09.745 | INFO     | myoconverter.conversion_steps.O2MStep2:optMomentArms:208 -     At joints: hip_adduction_r
2026-09-08 10:39:09.849 | INFO     | myoconverter.conversion_steps.O2MStep2:optMomentArms:227 -     Start MA optimization
2026-09-08 10:39:09.849 | INFO     | myoconverter.conversion_steps.O2MStep2:optMomentArms:231 -     No wrapping information extracted, skipped
2026-09-08 10:39:09.849 | INFO     | myoconverter.conversion_steps.O2MStep2:optMomentArms:195 - Muscle : semiten_r 
2026-09-08 10:39:09.859 | INFO     | myoconverter.conversion_steps.O2MStep2:optMomentArms:208 -     At joints: hip_adduction_r
2026-09-08 10:39:09.951 | INFO     | myoconverter.conversion_steps.O2MStep2:optMomentArms:227 -     Start MA optimization
2026-09-08 10:39:09.951 | INFO     | myoconverter.conversion_steps.O2MStep2:optMomentArms:231 -     No wrapping information extracted, skipped
2026-09-08 10:39:09.951 | INFO     | myoconverter.conversion_steps.O2MStep2:optMomentArms:195 - Muscle : bifemlh_r 
2026-09-08 10:39:09.961 | INFO     | myoconverter.conversion_steps.O2MStep2:optMomentArms:208 -     At joints: hip_adduction_r
2026-09-08 10:39:10.054 | INFO     | myoconverter.conversion_steps.O2MStep2:optMomentArms:227 -     Start MA optimization
2026-09-08 10:39:10.054 | INFO     | myoconverter.conversion_steps.O2MStep2:optMomentArms:231 -     No wrapping information extracted, skipped
2026-09-08 10:39:10.054 | INFO     | myoconverter.conversion_steps.O2MStep2:optMomentArms:195 - Muscle : bifemsh_r 
2026-09-08 10:39:10.064 | INFO     | myoconverter.conversion_steps.O2MStep2:optMomentArms:208 -     At joints: knee_angle_r
2026-09-08 10:39:10.094 | INFO     | myoconverter.conversion_steps.O2MStep2:optMomentArms:227 -     Start MA optimization
2026-09-08 10:39:10.094 | INFO     | myoconverter.conversion_steps.O2MStep2:optMomentArms:231 -     No wrapping information extracted, skipped
2026-09-08 10:39:10.094 | INFO     | myoconverter.conversion_steps.O2MStep2:optMomentArms:195 - Muscle : sar_r 
2026-09-08 10:39:10.094 | INFO     | myoconverter.conversion_steps.O2MStep2:optMomentArms:208 -     At joints: hip_adduction_r
2026-09-08 10:39:10.125 | INFO     | myoconverter.conversion_steps.O2MStep2:optMomentArms:220 -     MA errors between Osim and Mjc models are smaller than throshold, optimization skipped
2026-09-08 10:39:10.136 | INFO     | myoconverter.conversion_steps.O2MStep2:optMomentArms:208 -     At joints: knee_angle_r
2026-09-08 10:39:10.156 | INFO     | myoconverter.conversion_steps.O2MStep2:optMomentArms:227 -     Start MA optimization
2026-09-08 10:39:10.156 | INFO     | myoconverter.conversion_steps.O2MStep2:optMomentArms:231 -     No wrapping information extracted, skipped
2026-09-08 10:39:10.156 | INFO     | myoconverter.conversion_steps.O2MStep2:optMomentArms:195 - Muscle : add_long_r 
2026-09-08 10:39:10.156 | INFO     | myoconverter.conversion_steps.O2MStep2:optMomentArms:208 -     At joints: hip_adduction_r
2026-09-08 10:39:10.197 | INFO     | myoconverter.conversion_steps.O2MStep2:optMomentArms:220 -     MA errors between Osim and Mjc models are smaller than throshold, optimization skipped
2026-09-08 10:39:10.197 | INFO     | myoconverter.conversion_steps.O2MStep2:optMomentArms:195 - Muscle : add_brev_r 
2026-09-08 10:39:10.197 | INFO     | myoconverter.conversion_steps.O2MStep2:optMomentArms:208 -     At joints: hip_adduction_r
2026-09-08 10:39:10.249 | INFO     | myoconverter.conversion_steps.O2MStep2:optMomentArms:220 -     MA errors between Osim and Mjc models are smaller than throshold, optimization skipped
2026-09-08 10:39:10.249 | INFO     | myoconverter.conversion_steps.O2MStep2:optMomentArms:195 - Muscle : add_mag1_r 
2026-09-08 10:39:10.249 | INFO     | myoconverter.conversion_steps.O2MStep2:optMomentArms:208 -     At joints: hip_adduction_r
2026-09-08 10:39:10.279 | INFO     | myoconverter.conversion_steps.O2MStep2:optMomentArms:220 -     MA errors between Osim and Mjc models are smaller than throshold, optimization skipped
2026-09-08 10:39:10.279 | INFO     | myoconverter.conversion_steps.O2MStep2:optMomentArms:195 - Muscle : add_mag2_r 
2026-09-08 10:39:10.290 | INFO     | myoconverter.conversion_steps.O2MStep2:optMomentArms:208 -     At joints: hip_adduction_r
2026-09-08 10:39:10.331 | INFO     | myoconverter.conversion_steps.O2MStep2:optMomentArms:220 -     MA errors between Osim and Mjc models are smaller than throshold, optimization skipped
2026-09-08 10:39:10.331 | INFO     | myoconverter.conversion_steps.O2MStep2:optMomentArms:195 - Muscle : add_mag3_r 
2026-09-08 10:39:10.331 | INFO     | myoconverter.conversion_steps.O2MStep2:optMomentArms:208 -     At joints: hip_adduction_r
2026-09-08 10:39:10.382 | INFO     | myoconverter.conversion_steps.O2MStep2:optMomentArms:220 -     MA errors between Osim and Mjc models are smaller than throshold, optimization skipped
2026-09-08 10:39:10.382 | INFO     | myoconverter.conversion_steps.O2MStep2:optMomentArms:195 - Muscle : tfl_r 
2026-09-08 10:39:10.392 | INFO     | myoconverter.conversion_steps.O2MStep2:optMomentArms:208 -     At joints: hip_adduction_r
2026-09-08 10:39:10.433 | INFO     | myoconverter.conversion_steps.O2MStep2:optMomentArms:220 -     MA errors between Osim and Mjc models are smaller than throshold, optimization skipped
2026-09-08 10:39:10.433 | INFO     | myoconverter.conversion_steps.O2MStep2:optMomentArms:208 -     At joints: knee_angle_r
2026-09-08 10:39:10.459 | INFO     | myoconverter.conversion_steps.O2MStep2:optMomentArms:227 -     Start MA optimization
2026-09-08 10:39:10.459 | INFO     | myoconverter.conversion_steps.O2MStep2:optMomentArms:231 -     No wrapping information extracted, skipped
2026-09-08 10:39:10.459 | INFO     | myoconverter.conversion_steps.O2MStep2:optMomentArms:195 - Muscle : pect_r 
2026-09-08 10:39:10.474 | INFO     | myoconverter.conversion_steps.O2MStep2:optMomentArms:208 -     At joints: hip_adduction_r
2026-09-08 10:39:10.524 | INFO     | myoconverter.conversion_steps.O2MStep2:optMomentArms:220 -     MA errors between Osim and Mjc models are smaller than throshold, optimization skipped
2026-09-08 10:39:10.524 | INFO     | myoconverter.conversion_steps.O2MStep2:optMomentArms:195 - Muscle : grac_r 
2026-09-08 10:39:10.524 | INFO     | myoconverter.conversion_steps.O2MStep2:optMomentArms:208 -     At joints: hip_adduction_r
2026-09-08 10:39:10.627 | INFO     | myoconverter.conversion_steps.O2MStep2:optMomentArms:227 -     Start MA optimization
2026-09-08 10:39:10.627 | INFO     | myoconverter.conversion_steps.O2MStep2:optMomentArms:231 -     No wrapping information extracted, skipped
2026-09-08 10:39:10.627 | INFO     | myoconverter.conversion_steps.O2MStep2:optMomentArms:195 - Muscle : glut_max1_r 
2026-09-08 10:39:10.627 | INFO     | myoconverter.conversion_steps.O2MStep2:optMomentArms:208 -     At joints: hip_adduction_r
2026-09-08 10:39:10.678 | INFO     | myoconverter.conversion_steps.O2MStep2:optMomentArms:220 -     MA errors between Osim and Mjc models are smaller than throshold, optimization skipped
2026-09-08 10:39:10.678 | INFO     | myoconverter.conversion_steps.O2MStep2:optMomentArms:195 - Muscle : glut_max2_r 
2026-09-08 10:39:10.678 | INFO     | myoconverter.conversion_steps.O2MStep2:optMomentArms:208 -     At joints: hip_adduction_r
2026-09-08 10:39:10.729 | INFO     | myoconverter.conversion_steps.O2MStep2:optMomentArms:220 -     MA errors between Osim and Mjc models are smaller than throshold, optimization skipped
2026-09-08 10:39:10.729 | INFO     | myoconverter.conversion_steps.O2MStep2:optMomentArms:195 - Muscle : glut_max3_r 
2026-09-08 10:39:10.729 | INFO     | myoconverter.conversion_steps.O2MStep2:optMomentArms:208 -     At joints: hip_adduction_r
2026-09-08 10:39:10.770 | INFO     | myoconverter.conversion_steps.O2MStep2:optMomentArms:220 -     MA errors between Osim and Mjc models are smaller than throshold, optimization skipped
2026-09-08 10:39:10.770 | INFO     | myoconverter.conversion_steps.O2MStep2:optMomentArms:195 - Muscle : iliacus_r 
2026-09-08 10:39:10.790 | INFO     | myoconverter.conversion_steps.O2MStep2:optMomentArms:208 -     At joints: hip_adduction_r
2026-09-08 10:39:10.831 | INFO     | myoconverter.conversion_steps.O2MStep2:optMomentArms:227 -     Start MA optimization
2026-09-08 10:39:10.831 | INFO     | myoconverter.conversion_steps.O2MStep2:optMomentArms:231 -     No wrapping information extracted, skipped
2026-09-08 10:39:10.831 | INFO     | myoconverter.conversion_steps.O2MStep2:optMomentArms:195 - Muscle : psoas_r 
2026-09-08 10:39:10.831 | INFO     | myoconverter.conversion_steps.O2MStep2:optMomentArms:208 -     At joints: hip_adduction_r
2026-09-08 10:39:10.882 | INFO     | myoconverter.conversion_steps.O2MStep2:optMomentArms:227 -     Start MA optimization
2026-09-08 10:39:10.882 | INFO     | myoconverter.conversion_steps.O2MStep2:optMomentArms:231 -     No wrapping information extracted, skipped
2026-09-08 10:39:10.882 | INFO     | myoconverter.conversion_steps.O2MStep2:optMomentArms:195 - Muscle : quad_fem_r 
2026-09-08 10:39:10.882 | INFO     | myoconverter.conversion_steps.O2MStep2:optMomentArms:208 -     At joints: hip_adduction_r
2026-09-08 10:39:10.934 | INFO     | myoconverter.conversion_steps.O2MStep2:optMomentArms:220 -     MA errors between Osim and Mjc models are smaller than throshold, optimization skipped
2026-09-08 10:39:10.934 | INFO     | myoconverter.conversion_steps.O2MStep2:optMomentArms:195 - Muscle : gem_r 
2026-09-08 10:39:10.934 | INFO     | myoconverter.conversion_steps.O2MStep2:optMomentArms:208 -     At joints: hip_adduction_r
2026-09-08 10:39:10.985 | INFO     | myoconverter.conversion_steps.O2MStep2:optMomentArms:220 -     MA errors between Osim and Mjc models are smaller than throshold, optimization skipped
2026-09-08 10:39:10.985 | INFO     | myoconverter.conversion_steps.O2MStep2:optMomentArms:195 - Muscle : peri_r 
2026-09-08 10:39:10.995 | INFO     | myoconverter.conversion_steps.O2MStep2:optMomentArms:208 -     At joints: hip_adduction_r
2026-09-08 10:39:11.036 | INFO     | myoconverter.conversion_steps.O2MStep2:optMomentArms:220 -     MA errors between Osim and Mjc models are smaller than throshold, optimization skipped
2026-09-08 10:39:11.036 | INFO     | myoconverter.conversion_steps.O2MStep2:optMomentArms:195 - Muscle : rect_fem_r 
2026-09-08 10:39:11.056 | INFO     | myoconverter.conversion_steps.O2MStep2:optMomentArms:208 -     At joints: hip_adduction_r
2026-09-08 10:39:11.137 | INFO     | myoconverter.conversion_steps.O2MStep2:optMomentArms:227 -     Start MA optimization
2026-09-08 10:39:11.137 | INFO     | myoconverter.conversion_steps.O2MStep2:optMomentArms:231 -     No wrapping information extracted, skipped
2026-09-08 10:39:11.137 | INFO     | myoconverter.conversion_steps.O2MStep2:optMomentArms:195 - Muscle : vas_med_r 
2026-09-08 10:39:11.137 | INFO     | myoconverter.conversion_steps.O2MStep2:optMomentArms:208 -     At joints: knee_angle_r
2026-09-08 10:39:11.158 | INFO     | myoconverter.conversion_steps.O2MStep2:optMomentArms:227 -     Start MA optimization
2026-09-08 10:39:11.158 | INFO     | myoconverter.conversion_steps.O2MStep2:optMomentArms:231 -     No wrapping information extracted, skipped
2026-09-08 10:39:11.158 | INFO     | myoconverter.conversion_steps.O2MStep2:optMomentArms:195 - Muscle : vas_int_r 
2026-09-08 10:39:11.169 | INFO     | myoconverter.conversion_steps.O2MStep2:optMomentArms:208 -     At joints: knee_angle_r
2026-09-08 10:39:11.189 | INFO     | myoconverter.conversion_steps.O2MStep2:optMomentArms:227 -     Start MA optimization
2026-09-08 10:39:11.189 | INFO     | myoconverter.conversion_steps.O2MStep2:optMomentArms:231 -     No wrapping information extracted, skipped
2026-09-08 10:39:11.189 | INFO     | myoconverter.conversion_steps.O2MStep2:optMomentArms:195 - Muscle : vas_lat_r 
2026-09-08 10:39:11.189 | INFO     | myoconverter.conversion_steps.O2MStep2:optMomentArms:208 -     At joints: knee_angle_r
2026-09-08 10:39:11.209 | INFO     | myoconverter.conversion_steps.O2MStep2:optMomentArms:227 -     Start MA optimization
2026-09-08 10:39:11.209 | INFO     | myoconverter.conversion_steps.O2MStep2:optMomentArms:231 -     No wrapping information extracted, skipped
2026-09-08 10:39:11.209 | INFO     | myoconverter.conversion_steps.O2MStep2:optMomentArms:195 - Muscle : med_gas_r 
2026-09-08 10:39:11.230 | INFO     | myoconverter.conversion_steps.O2MStep2:optMomentArms:208 -     At joints: ankle_angle_r
2026-09-08 10:39:11.291 | INFO     | myoconverter.conversion_steps.O2MStep2:optMomentArms:227 -     Start MA optimization
2026-09-08 10:39:11.291 | INFO     | myoconverter.conversion_steps.O2MStep2:optMomentArms:231 -     No wrapping information extracted, skipped
2026-09-08 10:39:11.291 | INFO     | myoconverter.conversion_steps.O2MStep2:optMomentArms:195 - Muscle : lat_gas_r 
2026-09-08 10:39:11.291 | INFO     | myoconverter.conversion_steps.O2MStep2:optMomentArms:208 -     At joints: ankle_angle_r
2026-09-08 10:39:11.352 | INFO     | myoconverter.conversion_steps.O2MStep2:optMomentArms:227 -     Start MA optimization
2026-09-08 10:39:11.352 | INFO     | myoconverter.conversion_steps.O2MStep2:optMomentArms:231 -     No wrapping information extracted, skipped
2026-09-08 10:39:11.352 | INFO     | myoconverter.conversion_steps.O2MStep2:optMomentArms:195 - Muscle : soleus_r 
2026-09-08 10:39:11.352 | INFO     | myoconverter.conversion_steps.O2MStep2:optMomentArms:208 -     At joints: ankle_angle_r
2026-09-08 10:39:11.383 | INFO     | myoconverter.conversion_steps.O2MStep2:optMomentArms:220 -     MA errors between Osim and Mjc models are smaller than throshold, optimization skipped
2026-09-08 10:39:11.383 | INFO     | myoconverter.conversion_steps.O2MStep2:optMomentArms:195 - Muscle : tib_post_r 
2026-09-08 10:39:11.383 | INFO     | myoconverter.conversion_steps.O2MStep2:optMomentArms:208 -     At joints: ankle_angle_r
2026-09-08 10:39:11.414 | INFO     | myoconverter.conversion_steps.O2MStep2:optMomentArms:220 -     MA errors between Osim and Mjc models are smaller than throshold, optimization skipped
2026-09-08 10:39:11.414 | INFO     | myoconverter.conversion_steps.O2MStep2:optMomentArms:195 - Muscle : flex_dig_r 
2026-09-08 10:39:11.414 | INFO     | myoconverter.conversion_steps.O2MStep2:optMomentArms:208 -     At joints: mtp_angle_r
2026-09-08 10:39:11.434 | INFO     | myoconverter.conversion_steps.O2MStep2:optMomentArms:220 -     MA errors between Osim and Mjc models are smaller than throshold, optimization skipped
2026-09-08 10:39:11.434 | INFO     | myoconverter.conversion_steps.O2MStep2:optMomentArms:208 -     At joints: ankle_angle_r
2026-09-08 10:39:11.454 | INFO     | myoconverter.conversion_steps.O2MStep2:optMomentArms:220 -     MA errors between Osim and Mjc models are smaller than throshold, optimization skipped
2026-09-08 10:39:11.454 | INFO     | myoconverter.conversion_steps.O2MStep2:optMomentArms:195 - Muscle : flex_hal_r 
2026-09-08 10:39:11.454 | INFO     | myoconverter.conversion_steps.O2MStep2:optMomentArms:208 -     At joints: mtp_angle_r
2026-09-08 10:39:11.474 | INFO     | myoconverter.conversion_steps.O2MStep2:optMomentArms:220 -     MA errors between Osim and Mjc models are smaller than throshold, optimization skipped
2026-09-08 10:39:11.474 | INFO     | myoconverter.conversion_steps.O2MStep2:optMomentArms:208 -     At joints: ankle_angle_r
2026-09-08 10:39:11.495 | INFO     | myoconverter.conversion_steps.O2MStep2:optMomentArms:220 -     MA errors between Osim and Mjc models are smaller than throshold, optimization skipped
2026-09-08 10:39:11.505 | INFO     | myoconverter.conversion_steps.O2MStep2:optMomentArms:195 - Muscle : tib_ant_r 
2026-09-08 10:39:11.506 | INFO     | myoconverter.conversion_steps.O2MStep2:optMomentArms:208 -     At joints: ankle_angle_r
2026-09-08 10:39:11.526 | INFO     | myoconverter.conversion_steps.O2MStep2:optMomentArms:220 -     MA errors between Osim and Mjc models are smaller than throshold, optimization skipped
2026-09-08 10:39:11.526 | INFO     | myoconverter.conversion_steps.O2MStep2:optMomentArms:195 - Muscle : per_brev_r 
2026-09-08 10:39:11.547 | INFO     | myoconverter.conversion_steps.O2MStep2:optMomentArms:208 -     At joints: ankle_angle_r
2026-09-08 10:39:11.578 | INFO     | myoconverter.conversion_steps.O2MStep2:optMomentArms:220 -     MA errors between Osim and Mjc models are smaller than throshold, optimization skipped
2026-09-08 10:39:11.578 | INFO     | myoconverter.conversion_steps.O2MStep2:optMomentArms:195 - Muscle : per_long_r 
2026-09-08 10:39:11.588 | INFO     | myoconverter.conversion_steps.O2MStep2:optMomentArms:208 -     At joints: ankle_angle_r
2026-09-08 10:39:11.610 | INFO     | myoconverter.conversion_steps.O2MStep2:optMomentArms:220 -     MA errors between Osim and Mjc models are smaller than throshold, optimization skipped
2026-09-08 10:39:11.610 | INFO     | myoconverter.conversion_steps.O2MStep2:optMomentArms:195 - Muscle : per_tert_r 
2026-09-08 10:39:11.618 | INFO     | myoconverter.conversion_steps.O2MStep2:optMomentArms:208 -     At joints: ankle_angle_r
2026-09-08 10:39:11.649 | INFO     | myoconverter.conversion_steps.O2MStep2:optMomentArms:220 -     MA errors between Osim and Mjc models are smaller than throshold, optimization skipped
2026-09-08 10:39:11.649 | INFO     | myoconverter.conversion_steps.O2MStep2:optMomentArms:195 - Muscle : ext_dig_r 
2026-09-08 10:39:11.670 | INFO     | myoconverter.conversion_steps.O2MStep2:optMomentArms:208 -     At joints: mtp_angle_r
2026-09-08 10:39:11.680 | INFO     | myoconverter.conversion_steps.O2MStep2:optMomentArms:220 -     MA errors between Osim and Mjc models are smaller than throshold, optimization skipped
2026-09-08 10:39:11.680 | INFO     | myoconverter.conversion_steps.O2MStep2:optMomentArms:208 -     At joints: ankle_angle_r
2026-09-08 10:39:11.721 | INFO     | myoconverter.conversion_steps.O2MStep2:optMomentArms:220 -     MA errors between Osim and Mjc models are smaller than throshold, optimization skipped
2026-09-08 10:39:11.721 | INFO     | myoconverter.conversion_steps.O2MStep2:optMomentArms:195 - Muscle : ext_hal_r 
2026-09-08 10:39:11.739 | INFO     | myoconverter.conversion_steps.O2MStep2:optMomentArms:208 -     At joints: mtp_angle_r
2026-09-08 10:39:11.751 | INFO     | myoconverter.conversion_steps.O2MStep2:optMomentArms:220 -     MA errors between Osim and Mjc models are smaller than throshold, optimization skipped
2026-09-08 10:39:11.751 | INFO     | myoconverter.conversion_steps.O2MStep2:optMomentArms:208 -     At joints: ankle_angle_r
2026-09-08 10:39:11.792 | INFO     | myoconverter.conversion_steps.O2MStep2:optMomentArms:220 -     MA errors between Osim and Mjc models are smaller than throshold, optimization skipped
2026-09-08 10:39:11.792 | INFO     | myoconverter.conversion_steps.O2MStep2:optMomentArms:195 - Muscle : glut_med1_l 
2026-09-08 10:39:11.792 | INFO     | myoconverter.conversion_steps.O2MStep2:optMomentArms:208 -     At joints: hip_adduction_l
2026-09-08 10:39:11.844 | INFO     | myoconverter.conversion_steps.O2MStep2:optMomentArms:220 -     MA errors between Osim and Mjc models are smaller than throshold, optimization skipped
2026-09-08 10:39:11.844 | INFO     | myoconverter.conversion_steps.O2MStep2:optMomentArms:195 - Muscle : glut_med2_l 
2026-09-08 10:39:11.844 | INFO     | myoconverter.conversion_steps.O2MStep2:optMomentArms:208 -     At joints: hip_adduction_l
2026-09-08 10:39:11.895 | INFO     | myoconverter.conversion_steps.O2MStep2:optMomentArms:220 -     MA errors between Osim and Mjc models are smaller than throshold, optimization skipped
2026-09-08 10:39:11.895 | INFO     | myoconverter.conversion_steps.O2MStep2:optMomentArms:195 - Muscle : glut_med3_l 
2026-09-08 10:39:11.895 | INFO     | myoconverter.conversion_steps.O2MStep2:optMomentArms:208 -     At joints: hip_adduction_l
2026-09-08 10:39:11.956 | INFO     | myoconverter.conversion_steps.O2MStep2:optMomentArms:220 -     MA errors between Osim and Mjc models are smaller than throshold, optimization skipped
2026-09-08 10:39:11.956 | INFO     | myoconverter.conversion_steps.O2MStep2:optMomentArms:195 - Muscle : glut_min1_l 
2026-09-08 10:39:11.956 | INFO     | myoconverter.conversion_steps.O2MStep2:optMomentArms:208 -     At joints: hip_adduction_l
2026-09-08 10:39:12.017 | INFO     | myoconverter.conversion_steps.O2MStep2:optMomentArms:220 -     MA errors between Osim and Mjc models are smaller than throshold, optimization skipped
2026-09-08 10:39:12.017 | INFO     | myoconverter.conversion_steps.O2MStep2:optMomentArms:195 - Muscle : glut_min2_l 
2026-09-08 10:39:12.038 | INFO     | myoconverter.conversion_steps.O2MStep2:optMomentArms:208 -     At joints: hip_adduction_l
2026-09-08 10:39:12.078 | INFO     | myoconverter.conversion_steps.O2MStep2:optMomentArms:220 -     MA errors between Osim and Mjc models are smaller than throshold, optimization skipped
2026-09-08 10:39:12.088 | INFO     | myoconverter.conversion_steps.O2MStep2:optMomentArms:195 - Muscle : glut_min3_l 
2026-09-08 10:39:12.088 | INFO     | myoconverter.conversion_steps.O2MStep2:optMomentArms:208 -     At joints: hip_adduction_l
2026-09-08 10:39:12.129 | INFO     | myoconverter.conversion_steps.O2MStep2:optMomentArms:220 -     MA errors between Osim and Mjc models are smaller than throshold, optimization skipped
2026-09-08 10:39:12.129 | INFO     | myoconverter.conversion_steps.O2MStep2:optMomentArms:195 - Muscle : semimem_l 
2026-09-08 10:39:12.129 | INFO     | myoconverter.conversion_steps.O2MStep2:optMomentArms:208 -     At joints: hip_adduction_l
2026-09-08 10:39:12.222 | INFO     | myoconverter.conversion_steps.O2MStep2:optMomentArms:227 -     Start MA optimization
2026-09-08 10:39:12.222 | INFO     | myoconverter.conversion_steps.O2MStep2:optMomentArms:231 -     No wrapping information extracted, skipped
2026-09-08 10:39:12.222 | INFO     | myoconverter.conversion_steps.O2MStep2:optMomentArms:195 - Muscle : semiten_l 
2026-09-08 10:39:12.222 | INFO     | myoconverter.conversion_steps.O2MStep2:optMomentArms:208 -     At joints: hip_adduction_l
2026-09-08 10:39:12.294 | INFO     | myoconverter.conversion_steps.O2MStep2:optMomentArms:227 -     Start MA optimization
2026-09-08 10:39:12.294 | INFO     | myoconverter.conversion_steps.O2MStep2:optMomentArms:231 -     No wrapping information extracted, skipped
2026-09-08 10:39:12.304 | INFO     | myoconverter.conversion_steps.O2MStep2:optMomentArms:195 - Muscle : bifemlh_l 
2026-09-08 10:39:12.304 | INFO     | myoconverter.conversion_steps.O2MStep2:optMomentArms:208 -     At joints: hip_adduction_l
2026-09-08 10:39:12.375 | INFO     | myoconverter.conversion_steps.O2MStep2:optMomentArms:227 -     Start MA optimization
2026-09-08 10:39:12.375 | INFO     | myoconverter.conversion_steps.O2MStep2:optMomentArms:231 -     No wrapping information extracted, skipped
2026-09-08 10:39:12.375 | INFO     | myoconverter.conversion_steps.O2MStep2:optMomentArms:195 - Muscle : bifemsh_l 
2026-09-08 10:39:12.375 | INFO     | myoconverter.conversion_steps.O2MStep2:optMomentArms:208 -     At joints: knee_angle_l
2026-09-08 10:39:12.406 | INFO     | myoconverter.conversion_steps.O2MStep2:optMomentArms:227 -     Start MA optimization
2026-09-08 10:39:12.406 | INFO     | myoconverter.conversion_steps.O2MStep2:optMomentArms:231 -     No wrapping information extracted, skipped
2026-09-08 10:39:12.406 | INFO     | myoconverter.conversion_steps.O2MStep2:optMomentArms:195 - Muscle : sar_l 
2026-09-08 10:39:12.406 | INFO     | myoconverter.conversion_steps.O2MStep2:optMomentArms:208 -     At joints: knee_angle_l
2026-09-08 10:39:12.426 | INFO     | myoconverter.conversion_steps.O2MStep2:optMomentArms:227 -     Start MA optimization
2026-09-08 10:39:12.426 | INFO     | myoconverter.conversion_steps.O2MStep2:optMomentArms:231 -     No wrapping information extracted, skipped
2026-09-08 10:39:12.426 | INFO     | myoconverter.conversion_steps.O2MStep2:optMomentArms:208 -     At joints: hip_adduction_l
2026-09-08 10:39:12.477 | INFO     | myoconverter.conversion_steps.O2MStep2:optMomentArms:220 -     MA errors between Osim and Mjc models are smaller than throshold, optimization skipped
2026-09-08 10:39:12.477 | INFO     | myoconverter.conversion_steps.O2MStep2:optMomentArms:195 - Muscle : add_long_l 
2026-09-08 10:39:12.477 | INFO     | myoconverter.conversion_steps.O2MStep2:optMomentArms:208 -     At joints: hip_adduction_l
2026-09-08 10:39:12.521 | INFO     | myoconverter.conversion_steps.O2MStep2:optMomentArms:220 -     MA errors between Osim and Mjc models are smaller than throshold, optimization skipped
2026-09-08 10:39:12.521 | INFO     | myoconverter.conversion_steps.O2MStep2:optMomentArms:195 - Muscle : add_brev_l 
2026-09-08 10:39:12.521 | INFO     | myoconverter.conversion_steps.O2MStep2:optMomentArms:208 -     At joints: hip_adduction_l
2026-09-08 10:39:12.579 | INFO     | myoconverter.conversion_steps.O2MStep2:optMomentArms:220 -     MA errors between Osim and Mjc models are smaller than throshold, optimization skipped
2026-09-08 10:39:12.579 | INFO     | myoconverter.conversion_steps.O2MStep2:optMomentArms:195 - Muscle : add_mag1_l 
2026-09-08 10:39:12.579 | INFO     | myoconverter.conversion_steps.O2MStep2:optMomentArms:208 -     At joints: hip_adduction_l
2026-09-08 10:39:12.630 | INFO     | myoconverter.conversion_steps.O2MStep2:optMomentArms:220 -     MA errors between Osim and Mjc models are smaller than throshold, optimization skipped
2026-09-08 10:39:12.630 | INFO     | myoconverter.conversion_steps.O2MStep2:optMomentArms:195 - Muscle : add_mag2_l 
2026-09-08 10:39:12.630 | INFO     | myoconverter.conversion_steps.O2MStep2:optMomentArms:208 -     At joints: hip_adduction_l
2026-09-08 10:39:12.672 | INFO     | myoconverter.conversion_steps.O2MStep2:optMomentArms:220 -     MA errors between Osim and Mjc models are smaller than throshold, optimization skipped
2026-09-08 10:39:12.672 | INFO     | myoconverter.conversion_steps.O2MStep2:optMomentArms:195 - Muscle : add_mag3_l 
2026-09-08 10:39:12.682 | INFO     | myoconverter.conversion_steps.O2MStep2:optMomentArms:208 -     At joints: hip_adduction_l
2026-09-08 10:39:12.743 | INFO     | myoconverter.conversion_steps.O2MStep2:optMomentArms:220 -     MA errors between Osim and Mjc models are smaller than throshold, optimization skipped
2026-09-08 10:39:12.743 | INFO     | myoconverter.conversion_steps.O2MStep2:optMomentArms:195 - Muscle : tfl_l 
2026-09-08 10:39:12.743 | INFO     | myoconverter.conversion_steps.O2MStep2:optMomentArms:208 -     At joints: knee_angle_l
2026-09-08 10:39:12.773 | INFO     | myoconverter.conversion_steps.O2MStep2:optMomentArms:227 -     Start MA optimization
2026-09-08 10:39:12.773 | INFO     | myoconverter.conversion_steps.O2MStep2:optMomentArms:231 -     No wrapping information extracted, skipped
2026-09-08 10:39:12.773 | INFO     | myoconverter.conversion_steps.O2MStep2:optMomentArms:208 -     At joints: hip_adduction_l
2026-09-08 10:39:12.824 | INFO     | myoconverter.conversion_steps.O2MStep2:optMomentArms:220 -     MA errors between Osim and Mjc models are smaller than throshold, optimization skipped
2026-09-08 10:39:12.824 | INFO     | myoconverter.conversion_steps.O2MStep2:optMomentArms:195 - Muscle : pect_l 
2026-09-08 10:39:12.824 | INFO     | myoconverter.conversion_steps.O2MStep2:optMomentArms:208 -     At joints: hip_adduction_l
2026-09-08 10:39:12.875 | INFO     | myoconverter.conversion_steps.O2MStep2:optMomentArms:220 -     MA errors between Osim and Mjc models are smaller than throshold, optimization skipped
2026-09-08 10:39:12.875 | INFO     | myoconverter.conversion_steps.O2MStep2:optMomentArms:195 - Muscle : grac_l 
2026-09-08 10:39:12.875 | INFO     | myoconverter.conversion_steps.O2MStep2:optMomentArms:208 -     At joints: hip_adduction_l
2026-09-08 10:39:12.967 | INFO     | myoconverter.conversion_steps.O2MStep2:optMomentArms:227 -     Start MA optimization
2026-09-08 10:39:12.967 | INFO     | myoconverter.conversion_steps.O2MStep2:optMomentArms:231 -     No wrapping information extracted, skipped
2026-09-08 10:39:12.967 | INFO     | myoconverter.conversion_steps.O2MStep2:optMomentArms:195 - Muscle : glut_max1_l 
2026-09-08 10:39:12.967 | INFO     | myoconverter.conversion_steps.O2MStep2:optMomentArms:208 -     At joints: hip_adduction_l
2026-09-08 10:39:12.998 | INFO     | myoconverter.conversion_steps.O2MStep2:optMomentArms:220 -     MA errors between Osim and Mjc models are smaller than throshold, optimization skipped
2026-09-08 10:39:13.008 | INFO     | myoconverter.conversion_steps.O2MStep2:optMomentArms:195 - Muscle : glut_max2_l 
2026-09-08 10:39:13.008 | INFO     | myoconverter.conversion_steps.O2MStep2:optMomentArms:208 -     At joints: hip_adduction_l
2026-09-08 10:39:13.060 | INFO     | myoconverter.conversion_steps.O2MStep2:optMomentArms:220 -     MA errors between Osim and Mjc models are smaller than throshold, optimization skipped
2026-09-08 10:39:13.060 | INFO     | myoconverter.conversion_steps.O2MStep2:optMomentArms:195 - Muscle : glut_max3_l 
2026-09-08 10:39:13.060 | INFO     | myoconverter.conversion_steps.O2MStep2:optMomentArms:208 -     At joints: hip_adduction_l
2026-09-08 10:39:13.101 | INFO     | myoconverter.conversion_steps.O2MStep2:optMomentArms:220 -     MA errors between Osim and Mjc models are smaller than throshold, optimization skipped
2026-09-08 10:39:13.101 | INFO     | myoconverter.conversion_steps.O2MStep2:optMomentArms:195 - Muscle : iliacus_l 
2026-09-08 10:39:13.101 | INFO     | myoconverter.conversion_steps.O2MStep2:optMomentArms:208 -     At joints: hip_adduction_l
2026-09-08 10:39:13.142 | INFO     | myoconverter.conversion_steps.O2MStep2:optMomentArms:227 -     Start MA optimization
2026-09-08 10:39:13.142 | INFO     | myoconverter.conversion_steps.O2MStep2:optMomentArms:231 -     No wrapping information extracted, skipped
2026-09-08 10:39:13.142 | INFO     | myoconverter.conversion_steps.O2MStep2:optMomentArms:195 - Muscle : psoas_l 
2026-09-08 10:39:13.153 | INFO     | myoconverter.conversion_steps.O2MStep2:optMomentArms:208 -     At joints: hip_adduction_l
2026-09-08 10:39:13.183 | INFO     | myoconverter.conversion_steps.O2MStep2:optMomentArms:227 -     Start MA optimization
2026-09-08 10:39:13.183 | INFO     | myoconverter.conversion_steps.O2MStep2:optMomentArms:231 -     No wrapping information extracted, skipped
2026-09-08 10:39:13.183 | INFO     | myoconverter.conversion_steps.O2MStep2:optMomentArms:195 - Muscle : quad_fem_l 
2026-09-08 10:39:13.183 | INFO     | myoconverter.conversion_steps.O2MStep2:optMomentArms:208 -     At joints: hip_adduction_l
2026-09-08 10:39:13.234 | INFO     | myoconverter.conversion_steps.O2MStep2:optMomentArms:220 -     MA errors between Osim and Mjc models are smaller than throshold, optimization skipped
2026-09-08 10:39:13.234 | INFO     | myoconverter.conversion_steps.O2MStep2:optMomentArms:195 - Muscle : gem_l 
2026-09-08 10:39:13.234 | INFO     | myoconverter.conversion_steps.O2MStep2:optMomentArms:208 -     At joints: hip_adduction_l
2026-09-08 10:39:13.275 | INFO     | myoconverter.conversion_steps.O2MStep2:optMomentArms:220 -     MA errors between Osim and Mjc models are smaller than throshold, optimization skipped
2026-09-08 10:39:13.275 | INFO     | myoconverter.conversion_steps.O2MStep2:optMomentArms:195 - Muscle : peri_l 
2026-09-08 10:39:13.275 | INFO     | myoconverter.conversion_steps.O2MStep2:optMomentArms:208 -     At joints: hip_adduction_l
2026-09-08 10:39:13.337 | INFO     | myoconverter.conversion_steps.O2MStep2:optMomentArms:220 -     MA errors between Osim and Mjc models are smaller than throshold, optimization skipped
2026-09-08 10:39:13.337 | INFO     | myoconverter.conversion_steps.O2MStep2:optMomentArms:195 - Muscle : rect_fem_l 
2026-09-08 10:39:13.337 | INFO     | myoconverter.conversion_steps.O2MStep2:optMomentArms:208 -     At joints: hip_adduction_l
2026-09-08 10:39:13.420 | INFO     | myoconverter.conversion_steps.O2MStep2:optMomentArms:227 -     Start MA optimization
2026-09-08 10:39:13.420 | INFO     | myoconverter.conversion_steps.O2MStep2:optMomentArms:231 -     No wrapping information extracted, skipped
2026-09-08 10:39:13.420 | INFO     | myoconverter.conversion_steps.O2MStep2:optMomentArms:195 - Muscle : vas_med_l 
2026-09-08 10:39:13.438 | INFO     | myoconverter.conversion_steps.O2MStep2:optMomentArms:208 -     At joints: knee_angle_l
2026-09-08 10:39:13.459 | INFO     | myoconverter.conversion_steps.O2MStep2:optMomentArms:227 -     Start MA optimization
2026-09-08 10:39:13.459 | INFO     | myoconverter.conversion_steps.O2MStep2:optMomentArms:231 -     No wrapping information extracted, skipped
2026-09-08 10:39:13.469 | INFO     | myoconverter.conversion_steps.O2MStep2:optMomentArms:195 - Muscle : vas_int_l 
2026-09-08 10:39:13.469 | INFO     | myoconverter.conversion_steps.O2MStep2:optMomentArms:208 -     At joints: knee_angle_l
2026-09-08 10:39:13.499 | INFO     | myoconverter.conversion_steps.O2MStep2:optMomentArms:227 -     Start MA optimization
2026-09-08 10:39:13.499 | INFO     | myoconverter.conversion_steps.O2MStep2:optMomentArms:231 -     No wrapping information extracted, skipped
2026-09-08 10:39:13.499 | INFO     | myoconverter.conversion_steps.O2MStep2:optMomentArms:195 - Muscle : vas_lat_l 
2026-09-08 10:39:13.499 | INFO     | myoconverter.conversion_steps.O2MStep2:optMomentArms:208 -     At joints: knee_angle_l
2026-09-08 10:39:13.540 | INFO     | myoconverter.conversion_steps.O2MStep2:optMomentArms:227 -     Start MA optimization
2026-09-08 10:39:13.540 | INFO     | myoconverter.conversion_steps.O2MStep2:optMomentArms:231 -     No wrapping information extracted, skipped
2026-09-08 10:39:13.540 | INFO     | myoconverter.conversion_steps.O2MStep2:optMomentArms:195 - Muscle : med_gas_l 
2026-09-08 10:39:13.540 | INFO     | myoconverter.conversion_steps.O2MStep2:optMomentArms:208 -     At joints: ankle_angle_l
2026-09-08 10:39:13.612 | INFO     | myoconverter.conversion_steps.O2MStep2:optMomentArms:227 -     Start MA optimization
2026-09-08 10:39:13.612 | INFO     | myoconverter.conversion_steps.O2MStep2:optMomentArms:231 -     No wrapping information extracted, skipped
2026-09-08 10:39:13.612 | INFO     | myoconverter.conversion_steps.O2MStep2:optMomentArms:195 - Muscle : lat_gas_l 
2026-09-08 10:39:13.612 | INFO     | myoconverter.conversion_steps.O2MStep2:optMomentArms:208 -     At joints: ankle_angle_l
2026-09-08 10:39:13.694 | INFO     | myoconverter.conversion_steps.O2MStep2:optMomentArms:227 -     Start MA optimization
2026-09-08 10:39:13.694 | INFO     | myoconverter.conversion_steps.O2MStep2:optMomentArms:231 -     No wrapping information extracted, skipped
2026-09-08 10:39:13.694 | INFO     | myoconverter.conversion_steps.O2MStep2:optMomentArms:195 - Muscle : soleus_l 
2026-09-08 10:39:13.704 | INFO     | myoconverter.conversion_steps.O2MStep2:optMomentArms:208 -     At joints: ankle_angle_l
2026-09-08 10:39:13.745 | INFO     | myoconverter.conversion_steps.O2MStep2:optMomentArms:220 -     MA errors between Osim and Mjc models are smaller than throshold, optimization skipped
2026-09-08 10:39:13.745 | INFO     | myoconverter.conversion_steps.O2MStep2:optMomentArms:195 - Muscle : tib_post_l 
2026-09-08 10:39:13.745 | INFO     | myoconverter.conversion_steps.O2MStep2:optMomentArms:208 -     At joints: ankle_angle_l
2026-09-08 10:39:13.786 | INFO     | myoconverter.conversion_steps.O2MStep2:optMomentArms:220 -     MA errors between Osim and Mjc models are smaller than throshold, optimization skipped
2026-09-08 10:39:13.786 | INFO     | myoconverter.conversion_steps.O2MStep2:optMomentArms:195 - Muscle : flex_dig_l 
2026-09-08 10:39:13.786 | INFO     | myoconverter.conversion_steps.O2MStep2:optMomentArms:208 -     At joints: ankle_angle_l
2026-09-08 10:39:13.817 | INFO     | myoconverter.conversion_steps.O2MStep2:optMomentArms:220 -     MA errors between Osim and Mjc models are smaller than throshold, optimization skipped
2026-09-08 10:39:13.817 | INFO     | myoconverter.conversion_steps.O2MStep2:optMomentArms:208 -     At joints: mtp_angle_l
2026-09-08 10:39:13.837 | INFO     | myoconverter.conversion_steps.O2MStep2:optMomentArms:220 -     MA errors between Osim and Mjc models are smaller than throshold, optimization skipped
2026-09-08 10:39:13.848 | INFO     | myoconverter.conversion_steps.O2MStep2:optMomentArms:195 - Muscle : flex_hal_l 
2026-09-08 10:39:13.848 | INFO     | myoconverter.conversion_steps.O2MStep2:optMomentArms:208 -     At joints: ankle_angle_l
2026-09-08 10:39:13.878 | INFO     | myoconverter.conversion_steps.O2MStep2:optMomentArms:220 -     MA errors between Osim and Mjc models are smaller than throshold, optimization skipped
2026-09-08 10:39:13.878 | INFO     | myoconverter.conversion_steps.O2MStep2:optMomentArms:208 -     At joints: mtp_angle_l
2026-09-08 10:39:13.888 | INFO     | myoconverter.conversion_steps.O2MStep2:optMomentArms:220 -     MA errors between Osim and Mjc models are smaller than throshold, optimization skipped
2026-09-08 10:39:13.888 | INFO     | myoconverter.conversion_steps.O2MStep2:optMomentArms:195 - Muscle : tib_ant_l 
2026-09-08 10:39:13.888 | INFO     | myoconverter.conversion_steps.O2MStep2:optMomentArms:208 -     At joints: ankle_angle_l
2026-09-08 10:39:13.919 | INFO     | myoconverter.conversion_steps.O2MStep2:optMomentArms:220 -     MA errors between Osim and Mjc models are smaller than throshold, optimization skipped
2026-09-08 10:39:13.919 | INFO     | myoconverter.conversion_steps.O2MStep2:optMomentArms:195 - Muscle : per_brev_l 
2026-09-08 10:39:13.919 | INFO     | myoconverter.conversion_steps.O2MStep2:optMomentArms:208 -     At joints: ankle_angle_l
2026-09-08 10:39:13.940 | INFO     | myoconverter.conversion_steps.O2MStep2:optMomentArms:220 -     MA errors between Osim and Mjc models are smaller than throshold, optimization skipped
2026-09-08 10:39:13.950 | INFO     | myoconverter.conversion_steps.O2MStep2:optMomentArms:195 - Muscle : per_long_l 
2026-09-08 10:39:13.950 | INFO     | myoconverter.conversion_steps.O2MStep2:optMomentArms:208 -     At joints: ankle_angle_l
2026-09-08 10:39:13.978 | INFO     | myoconverter.conversion_steps.O2MStep2:optMomentArms:220 -     MA errors between Osim and Mjc models are smaller than throshold, optimization skipped
2026-09-08 10:39:13.978 | INFO     | myoconverter.conversion_steps.O2MStep2:optMomentArms:195 - Muscle : per_tert_l 
2026-09-08 10:39:13.981 | INFO     | myoconverter.conversion_steps.O2MStep2:optMomentArms:208 -     At joints: ankle_angle_l
2026-09-08 10:39:14.001 | INFO     | myoconverter.conversion_steps.O2MStep2:optMomentArms:220 -     MA errors between Osim and Mjc models are smaller than throshold, optimization skipped
2026-09-08 10:39:14.001 | INFO     | myoconverter.conversion_steps.O2MStep2:optMomentArms:195 - Muscle : ext_dig_l 
2026-09-08 10:39:14.001 | INFO     | myoconverter.conversion_steps.O2MStep2:optMomentArms:208 -     At joints: ankle_angle_l
2026-09-08 10:39:14.022 | INFO     | myoconverter.conversion_steps.O2MStep2:optMomentArms:220 -     MA errors between Osim and Mjc models are smaller than throshold, optimization skipped
2026-09-08 10:39:14.022 | INFO     | myoconverter.conversion_steps.O2MStep2:optMomentArms:208 -     At joints: mtp_angle_l
2026-09-08 10:39:14.032 | INFO     | myoconverter.conversion_steps.O2MStep2:optMomentArms:220 -     MA errors between Osim and Mjc models are smaller than throshold, optimization skipped
2026-09-08 10:39:14.032 | INFO     | myoconverter.conversion_steps.O2MStep2:optMomentArms:195 - Muscle : ext_hal_l 
2026-09-08 10:39:14.043 | INFO     | myoconverter.conversion_steps.O2MStep2:optMomentArms:208 -     At joints: ankle_angle_l
2026-09-08 10:39:14.073 | INFO     | myoconverter.conversion_steps.O2MStep2:optMomentArms:220 -     MA errors between Osim and Mjc models are smaller than throshold, optimization skipped
2026-09-08 10:39:14.073 | INFO     | myoconverter.conversion_steps.O2MStep2:optMomentArms:208 -     At joints: mtp_angle_l
2026-09-08 10:39:14.083 | INFO     | myoconverter.conversion_steps.O2MStep2:optMomentArms:220 -     MA errors between Osim and Mjc models are smaller than throshold, optimization skipped
2026-09-08 10:39:14.083 | INFO     | myoconverter.conversion_steps.O2MStep2:optMomentArms:195 - Muscle : ercspn_r 
2026-09-08 10:39:14.093 | INFO     | myoconverter.conversion_steps.O2MStep2:optMomentArms:208 -     At joints: lumbar_bending
2026-09-08 10:39:14.124 | INFO     | myoconverter.conversion_steps.O2MStep2:optMomentArms:220 -     MA errors between Osim and Mjc models are smaller than throshold, optimization skipped
2026-09-08 10:39:14.124 | INFO     | myoconverter.conversion_steps.O2MStep2:optMomentArms:195 - Muscle : ercspn_l 
2026-09-08 10:39:14.135 | INFO     | myoconverter.conversion_steps.O2MStep2:optMomentArms:208 -     At joints: lumbar_bending
2026-09-08 10:39:14.176 | INFO     | myoconverter.conversion_steps.O2MStep2:optMomentArms:220 -     MA errors between Osim and Mjc models are smaller than throshold, optimization skipped
2026-09-08 10:39:14.176 | INFO     | myoconverter.conversion_steps.O2MStep2:optMomentArms:195 - Muscle : intobl_r 
2026-09-08 10:39:14.176 | INFO     | myoconverter.conversion_steps.O2MStep2:optMomentArms:208 -     At joints: lumbar_bending
2026-09-08 10:39:14.228 | INFO     | myoconverter.conversion_steps.O2MStep2:optMomentArms:220 -     MA errors between Osim and Mjc models are smaller than throshold, optimization skipped
2026-09-08 10:39:14.228 | INFO     | myoconverter.conversion_steps.O2MStep2:optMomentArms:195 - Muscle : intobl_l 
2026-09-08 10:39:14.228 | INFO     | myoconverter.conversion_steps.O2MStep2:optMomentArms:208 -     At joints: lumbar_bending
2026-09-08 10:39:14.259 | INFO     | myoconverter.conversion_steps.O2MStep2:optMomentArms:220 -     MA errors between Osim and Mjc models are smaller than throshold, optimization skipped
2026-09-08 10:39:14.259 | INFO     | myoconverter.conversion_steps.O2MStep2:optMomentArms:195 - Muscle : extobl_r 
2026-09-08 10:39:14.259 | INFO     | myoconverter.conversion_steps.O2MStep2:optMomentArms:208 -     At joints: lumbar_bending
2026-09-08 10:39:14.289 | INFO     | myoconverter.conversion_steps.O2MStep2:optMomentArms:220 -     MA errors between Osim and Mjc models are smaller than throshold, optimization skipped
2026-09-08 10:39:14.289 | INFO     | myoconverter.conversion_steps.O2MStep2:optMomentArms:195 - Muscle : extobl_l 
2026-09-08 10:39:14.289 | INFO     | myoconverter.conversion_steps.O2MStep2:optMomentArms:208 -     At joints: lumbar_bending
2026-09-08 10:39:14.330 | INFO     | myoconverter.conversion_steps.O2MStep2:optMomentArms:220 -     MA errors between Osim and Mjc models are smaller than throshold, optimization skipped
2026-09-08 10:39:14.341 | INFO     | myoconverter.conversion_steps.O2MSteps:PipelineExecution:200 - Finished step 2 conversion - cvt2.
2026-09-08 10:39:14.341 | INFO     | myoconverter.conversion_steps.O2MSteps:PipelineExecution:210 - validation is set to False, skipped step 2 validation - val2.
2026-09-08 10:39:14.341 | INFO     | myoconverter.conversion_steps.O2MSteps:PipelineExecution:233 - xxx_cvt3 model already exist, process from it
2026-09-08 10:39:14.504 | INFO     | myoconverter.conversion_steps.O2MStep3:__init__:96 - Overwrite command confirmed
2026-09-08 10:39:14.504 | INFO     | myoconverter.conversion_steps.O2MStep3:__init__:97 - Generating force map data from OsimMuscleStates, may take a while
2026-09-08 10:39:14.504 | INFO     | myoconverter.optimization.model_states.OsimMuscleStates:getWrapingCoords:75 - Extract the joints that muscle wrapped over from Osim model
2026-09-08 10:39:16.564 | INFO     | myoconverter.optimization.model_states.OsimMuscleStates:getMuscleForceMaps:277 - Calculate muscle force curves from Osim model
2026-09-08 10:39:16.564 | INFO     | myoconverter.optimization.model_states.OsimMuscleStates:getMuscleForceMaps:282 - Muscle: glut_med1_r
2026-09-08 10:39:16.595 | INFO     | myoconverter.optimization.model_states.OsimMuscleStates:getMuscleForceMaps:282 - Muscle: glut_med2_r
2026-09-08 10:39:16.636 | INFO     | myoconverter.optimization.model_states.OsimMuscleStates:getMuscleForceMaps:282 - Muscle: glut_med3_r
2026-09-08 10:39:16.679 | INFO     | myoconverter.optimization.model_states.OsimMuscleStates:getMuscleForceMaps:282 - Muscle: glut_min1_r
2026-09-08 10:39:16.717 | INFO     | myoconverter.optimization.model_states.OsimMuscleStates:getMuscleForceMaps:282 - Muscle: glut_min2_r
2026-09-08 10:39:16.779 | INFO     | myoconverter.optimization.model_states.OsimMuscleStates:getMuscleForceMaps:282 - Muscle: glut_min3_r
2026-09-08 10:39:16.841 | INFO     | myoconverter.optimization.model_states.OsimMuscleStates:getMuscleForceMaps:282 - Muscle: semimem_r
2026-09-08 10:39:16.893 | INFO     | myoconverter.optimization.model_states.OsimMuscleStates:getMuscleForceMaps:282 - Muscle: semiten_r
2026-09-08 10:39:16.964 | INFO     | myoconverter.optimization.model_states.OsimMuscleStates:getMuscleForceMaps:282 - Muscle: bifemlh_r
2026-09-08 10:39:17.026 | INFO     | myoconverter.optimization.model_states.OsimMuscleStates:getMuscleForceMaps:282 - Muscle: bifemsh_r
2026-09-08 10:39:17.056 | INFO     | myoconverter.optimization.model_states.OsimMuscleStates:getMuscleForceMaps:282 - Muscle: sar_r
2026-09-08 10:39:17.128 | INFO     | myoconverter.optimization.model_states.OsimMuscleStates:getMuscleForceMaps:282 - Muscle: add_long_r
2026-09-08 10:39:17.190 | INFO     | myoconverter.optimization.model_states.OsimMuscleStates:getMuscleForceMaps:282 - Muscle: add_brev_r
2026-09-08 10:39:17.241 | INFO     | myoconverter.optimization.model_states.OsimMuscleStates:getMuscleForceMaps:282 - Muscle: add_mag1_r
2026-09-08 10:39:17.281 | INFO     | myoconverter.optimization.model_states.OsimMuscleStates:getMuscleForceMaps:282 - Muscle: add_mag2_r
2026-09-08 10:39:17.323 | INFO     | myoconverter.optimization.model_states.OsimMuscleStates:getMuscleForceMaps:282 - Muscle: add_mag3_r
2026-09-08 10:39:17.364 | INFO     | myoconverter.optimization.model_states.OsimMuscleStates:getMuscleForceMaps:282 - Muscle: tfl_r
2026-09-08 10:39:17.416 | INFO     | myoconverter.optimization.model_states.OsimMuscleStates:getMuscleForceMaps:282 - Muscle: pect_r
2026-09-08 10:39:17.466 | INFO     | myoconverter.optimization.model_states.OsimMuscleStates:getMuscleForceMaps:282 - Muscle: grac_r
2026-09-08 10:39:17.538 | INFO     | myoconverter.optimization.model_states.OsimMuscleStates:getMuscleForceMaps:282 - Muscle: glut_max1_r
2026-09-08 10:39:17.599 | INFO     | myoconverter.optimization.model_states.OsimMuscleStates:getMuscleForceMaps:282 - Muscle: glut_max2_r
2026-09-08 10:39:17.650 | INFO     | myoconverter.optimization.model_states.OsimMuscleStates:getMuscleForceMaps:282 - Muscle: glut_max3_r
2026-09-08 10:39:17.701 | INFO     | myoconverter.optimization.model_states.OsimMuscleStates:getMuscleForceMaps:282 - Muscle: iliacus_r
2026-09-08 10:39:17.763 | INFO     | myoconverter.optimization.model_states.OsimMuscleStates:getMuscleForceMaps:282 - Muscle: psoas_r
2026-09-08 10:39:17.816 | INFO     | myoconverter.optimization.model_states.OsimMuscleStates:getMuscleForceMaps:282 - Muscle: quad_fem_r
2026-09-08 10:39:17.865 | INFO     | myoconverter.optimization.model_states.OsimMuscleStates:getMuscleForceMaps:282 - Muscle: gem_r
2026-09-08 10:39:17.918 | INFO     | myoconverter.optimization.model_states.OsimMuscleStates:getMuscleForceMaps:282 - Muscle: peri_r
2026-09-08 10:39:17.957 | INFO     | myoconverter.optimization.model_states.OsimMuscleStates:getMuscleForceMaps:282 - Muscle: rect_fem_r
2026-09-08 10:39:18.040 | INFO     | myoconverter.optimization.model_states.OsimMuscleStates:getMuscleForceMaps:282 - Muscle: vas_med_r
2026-09-08 10:39:18.091 | INFO     | myoconverter.optimization.model_states.OsimMuscleStates:getMuscleForceMaps:282 - Muscle: vas_int_r
2026-09-08 10:39:18.132 | INFO     | myoconverter.optimization.model_states.OsimMuscleStates:getMuscleForceMaps:282 - Muscle: vas_lat_r
2026-09-08 10:39:18.183 | INFO     | myoconverter.optimization.model_states.OsimMuscleStates:getMuscleForceMaps:282 - Muscle: med_gas_r
2026-09-08 10:39:18.234 | INFO     | myoconverter.optimization.model_states.OsimMuscleStates:getMuscleForceMaps:282 - Muscle: lat_gas_r
2026-09-08 10:39:18.295 | INFO     | myoconverter.optimization.model_states.OsimMuscleStates:getMuscleForceMaps:282 - Muscle: soleus_r
2026-09-08 10:39:18.346 | INFO     | myoconverter.optimization.model_states.OsimMuscleStates:getMuscleForceMaps:282 - Muscle: tib_post_r
2026-09-08 10:39:18.386 | INFO     | myoconverter.optimization.model_states.OsimMuscleStates:getMuscleForceMaps:282 - Muscle: flex_dig_r
2026-09-08 10:39:18.427 | INFO     | myoconverter.optimization.model_states.OsimMuscleStates:getMuscleForceMaps:282 - Muscle: flex_hal_r
2026-09-08 10:39:18.468 | INFO     | myoconverter.optimization.model_states.OsimMuscleStates:getMuscleForceMaps:282 - Muscle: tib_ant_r
2026-09-08 10:39:18.518 | INFO     | myoconverter.optimization.model_states.OsimMuscleStates:getMuscleForceMaps:282 - Muscle: per_brev_r
2026-09-08 10:39:18.559 | INFO     | myoconverter.optimization.model_states.OsimMuscleStates:getMuscleForceMaps:282 - Muscle: per_long_r
2026-09-08 10:39:18.600 | INFO     | myoconverter.optimization.model_states.OsimMuscleStates:getMuscleForceMaps:282 - Muscle: per_tert_r
2026-09-08 10:39:18.640 | INFO     | myoconverter.optimization.model_states.OsimMuscleStates:getMuscleForceMaps:282 - Muscle: ext_dig_r
2026-09-08 10:39:18.691 | INFO     | myoconverter.optimization.model_states.OsimMuscleStates:getMuscleForceMaps:282 - Muscle: ext_hal_r
2026-09-08 10:39:18.691 | WARNING  | myoconverter.optimization.model_states.OsimMuscleStates:getMuscleForceMaps:304 - Muscle ext_hal_r: equilibrium unusable, writing placeholder force map
2026-09-08 10:39:18.691 | INFO     | myoconverter.optimization.model_states.OsimMuscleStates:getMuscleForceMaps:282 - Muscle: glut_med1_l
2026-09-08 10:39:18.753 | INFO     | myoconverter.optimization.model_states.OsimMuscleStates:getMuscleForceMaps:282 - Muscle: glut_med2_l
2026-09-08 10:39:18.804 | INFO     | myoconverter.optimization.model_states.OsimMuscleStates:getMuscleForceMaps:282 - Muscle: glut_med3_l
2026-09-08 10:39:18.865 | INFO     | myoconverter.optimization.model_states.OsimMuscleStates:getMuscleForceMaps:282 - Muscle: glut_min1_l
2026-09-08 10:39:18.917 | INFO     | myoconverter.optimization.model_states.OsimMuscleStates:getMuscleForceMaps:282 - Muscle: glut_min2_l
2026-09-08 10:39:18.957 | INFO     | myoconverter.optimization.model_states.OsimMuscleStates:getMuscleForceMaps:282 - Muscle: glut_min3_l
2026-09-08 10:39:19.009 | INFO     | myoconverter.optimization.model_states.OsimMuscleStates:getMuscleForceMaps:282 - Muscle: semimem_l
2026-09-08 10:39:19.090 | INFO     | myoconverter.optimization.model_states.OsimMuscleStates:getMuscleForceMaps:282 - Muscle: semiten_l
2026-09-08 10:39:19.162 | INFO     | myoconverter.optimization.model_states.OsimMuscleStates:getMuscleForceMaps:282 - Muscle: bifemlh_l
2026-09-08 10:39:19.224 | INFO     | myoconverter.optimization.model_states.OsimMuscleStates:getMuscleForceMaps:282 - Muscle: bifemsh_l
2026-09-08 10:39:19.254 | INFO     | myoconverter.optimization.model_states.OsimMuscleStates:getMuscleForceMaps:282 - Muscle: sar_l
2026-09-08 10:39:19.305 | INFO     | myoconverter.optimization.model_states.OsimMuscleStates:getMuscleForceMaps:282 - Muscle: add_long_l
2026-09-08 10:39:19.367 | INFO     | myoconverter.optimization.model_states.OsimMuscleStates:getMuscleForceMaps:282 - Muscle: add_brev_l
2026-09-08 10:39:19.398 | INFO     | myoconverter.optimization.model_states.OsimMuscleStates:getMuscleForceMaps:282 - Muscle: add_mag1_l
2026-09-08 10:39:19.449 | INFO     | myoconverter.optimization.model_states.OsimMuscleStates:getMuscleForceMaps:282 - Muscle: add_mag2_l
2026-09-08 10:39:19.500 | INFO     | myoconverter.optimization.model_states.OsimMuscleStates:getMuscleForceMaps:282 - Muscle: add_mag3_l
2026-09-08 10:39:19.550 | INFO     | myoconverter.optimization.model_states.OsimMuscleStates:getMuscleForceMaps:282 - Muscle: tfl_l
2026-09-08 10:39:19.605 | INFO     | myoconverter.optimization.model_states.OsimMuscleStates:getMuscleForceMaps:282 - Muscle: pect_l
2026-09-08 10:39:19.642 | INFO     | myoconverter.optimization.model_states.OsimMuscleStates:getMuscleForceMaps:282 - Muscle: grac_l
2026-09-08 10:39:19.695 | INFO     | myoconverter.optimization.model_states.OsimMuscleStates:getMuscleForceMaps:282 - Muscle: glut_max1_l
2026-09-08 10:39:19.734 | INFO     | myoconverter.optimization.model_states.OsimMuscleStates:getMuscleForceMaps:282 - Muscle: glut_max2_l
2026-09-08 10:39:19.785 | INFO     | myoconverter.optimization.model_states.OsimMuscleStates:getMuscleForceMaps:282 - Muscle: glut_max3_l
2026-09-08 10:39:19.847 | INFO     | myoconverter.optimization.model_states.OsimMuscleStates:getMuscleForceMaps:282 - Muscle: iliacus_l
2026-09-08 10:39:19.888 | INFO     | myoconverter.optimization.model_states.OsimMuscleStates:getMuscleForceMaps:282 - Muscle: psoas_l
2026-09-08 10:39:19.948 | INFO     | myoconverter.optimization.model_states.OsimMuscleStates:getMuscleForceMaps:282 - Muscle: quad_fem_l
2026-09-08 10:39:20.000 | INFO     | myoconverter.optimization.model_states.OsimMuscleStates:getMuscleForceMaps:282 - Muscle: gem_l
2026-09-08 10:39:20.061 | INFO     | myoconverter.optimization.model_states.OsimMuscleStates:getMuscleForceMaps:282 - Muscle: peri_l
2026-09-08 10:39:20.142 | INFO     | myoconverter.optimization.model_states.OsimMuscleStates:getMuscleForceMaps:282 - Muscle: rect_fem_l
2026-09-08 10:39:20.227 | INFO     | myoconverter.optimization.model_states.OsimMuscleStates:getMuscleForceMaps:282 - Muscle: vas_med_l
2026-09-08 10:39:20.303 | INFO     | myoconverter.optimization.model_states.OsimMuscleStates:getMuscleForceMaps:282 - Muscle: vas_int_l
2026-09-08 10:39:20.375 | INFO     | myoconverter.optimization.model_states.OsimMuscleStates:getMuscleForceMaps:282 - Muscle: vas_lat_l
2026-09-08 10:39:20.442 | INFO     | myoconverter.optimization.model_states.OsimMuscleStates:getMuscleForceMaps:282 - Muscle: med_gas_l
2026-09-08 10:39:20.518 | INFO     | myoconverter.optimization.model_states.OsimMuscleStates:getMuscleForceMaps:282 - Muscle: lat_gas_l
2026-09-08 10:39:20.578 | INFO     | myoconverter.optimization.model_states.OsimMuscleStates:getMuscleForceMaps:282 - Muscle: soleus_l
2026-09-08 10:39:20.640 | INFO     | myoconverter.optimization.model_states.OsimMuscleStates:getMuscleForceMaps:282 - Muscle: tib_post_l
2026-09-08 10:39:20.681 | INFO     | myoconverter.optimization.model_states.OsimMuscleStates:getMuscleForceMaps:282 - Muscle: flex_dig_l
2026-09-08 10:39:20.732 | INFO     | myoconverter.optimization.model_states.OsimMuscleStates:getMuscleForceMaps:282 - Muscle: flex_hal_l
2026-09-08 10:39:20.773 | INFO     | myoconverter.optimization.model_states.OsimMuscleStates:getMuscleForceMaps:282 - Muscle: tib_ant_l
2026-09-08 10:39:20.818 | INFO     | myoconverter.optimization.model_states.OsimMuscleStates:getMuscleForceMaps:282 - Muscle: per_brev_l
2026-09-08 10:39:20.857 | INFO     | myoconverter.optimization.model_states.OsimMuscleStates:getMuscleForceMaps:282 - Muscle: per_long_l
2026-09-08 10:39:20.907 | INFO     | myoconverter.optimization.model_states.OsimMuscleStates:getMuscleForceMaps:282 - Muscle: per_tert_l
2026-09-08 10:39:20.947 | INFO     | myoconverter.optimization.model_states.OsimMuscleStates:getMuscleForceMaps:282 - Muscle: ext_dig_l
2026-09-08 10:39:20.998 | INFO     | myoconverter.optimization.model_states.OsimMuscleStates:getMuscleForceMaps:282 - Muscle: ext_hal_l
2026-09-08 10:39:20.998 | WARNING  | myoconverter.optimization.model_states.OsimMuscleStates:getMuscleForceMaps:304 - Muscle ext_hal_l: equilibrium unusable, writing placeholder force map
2026-09-08 10:39:20.998 | INFO     | myoconverter.optimization.model_states.OsimMuscleStates:getMuscleForceMaps:282 - Muscle: ercspn_r
2026-09-08 10:39:20.998 | WARNING  | myoconverter.optimization.model_states.OsimMuscleStates:getMuscleForceMaps:304 - Muscle ercspn_r: equilibrium unusable, writing placeholder force map
2026-09-08 10:39:20.998 | INFO     | myoconverter.optimization.model_states.OsimMuscleStates:getMuscleForceMaps:282 - Muscle: ercspn_l
2026-09-08 10:39:20.998 | WARNING  | myoconverter.optimization.model_states.OsimMuscleStates:getMuscleForceMaps:304 - Muscle ercspn_l: equilibrium unusable, writing placeholder force map
2026-09-08 10:39:20.998 | INFO     | myoconverter.optimization.model_states.OsimMuscleStates:getMuscleForceMaps:282 - Muscle: intobl_r
2026-09-08 10:39:20.998 | WARNING  | myoconverter.optimization.model_states.OsimMuscleStates:getMuscleForceMaps:304 - Muscle intobl_r: equilibrium unusable, writing placeholder force map
2026-09-08 10:39:20.998 | INFO     | myoconverter.optimization.model_states.OsimMuscleStates:getMuscleForceMaps:282 - Muscle: intobl_l
2026-09-08 10:39:20.998 | WARNING  | myoconverter.optimization.model_states.OsimMuscleStates:getMuscleForceMaps:304 - Muscle intobl_l: equilibrium unusable, writing placeholder force map
2026-09-08 10:39:20.998 | INFO     | myoconverter.optimization.model_states.OsimMuscleStates:getMuscleForceMaps:282 - Muscle: extobl_r
2026-09-08 10:39:20.998 | WARNING  | myoconverter.optimization.model_states.OsimMuscleStates:getMuscleForceMaps:304 - Muscle extobl_r: equilibrium unusable, writing placeholder force map
2026-09-08 10:39:20.998 | INFO     | myoconverter.optimization.model_states.OsimMuscleStates:getMuscleForceMaps:282 - Muscle: extobl_l
2026-09-08 10:39:20.998 | WARNING  | myoconverter.optimization.model_states.OsimMuscleStates:getMuscleForceMaps:304 - Muscle extobl_l: equilibrium unusable, writing placeholder force map
2026-09-08 10:39:21.378 | INFO     | myoconverter.conversion_steps.O2MStep3:__init__:195 - Finished cvt3 initialize ...
2026-09-08 10:39:21.378 | INFO     | myoconverter.conversion_steps.O2MSteps:PipelineExecution:260 - Started step 3 conversion - cvt3.
2026-09-08 10:39:21.378 | INFO     | myoconverter.conversion_steps.O2MStep3:optMuscleForce:208 - Running MF optimization with the given muscle list one by one
2026-09-08 10:39:21.388 | INFO     | myoconverter.conversion_steps.O2MStep3:optMuscleForce:293 - Muscle : glut_med1_r 
2026-09-08 10:39:28.398 | INFO     | myoconverter.optimization.utils.UtilsForceOpt:fmOptPSO_cust:197 -         PSO iteration: 0 ; 0 percentage similarities; Best obj: 0.20623
2026-09-08 10:39:28.579 | INFO     | myoconverter.optimization.utils.UtilsForceOpt:fmOptPSO_cust:197 -         PSO iteration: 1 ; 1 percentage similarities; Best obj: 0.14183
2026-09-08 10:39:28.749 | INFO     | myoconverter.optimization.utils.UtilsForceOpt:fmOptPSO_cust:197 -         PSO iteration: 2 ; 1 percentage similarities; Best obj: 0.14183
2026-09-08 10:39:28.859 | INFO     | myoconverter.optimization.utils.UtilsForceOpt:fmOptPSO_cust:197 -         PSO iteration: 3 ; 1 percentage similarities; Best obj: 0.14183
2026-09-08 10:39:28.980 | INFO     | myoconverter.optimization.utils.UtilsForceOpt:fmOptPSO_cust:197 -         PSO iteration: 4 ; 1 percentage similarities; Best obj: 0.14183
2026-09-08 10:39:29.090 | INFO     | myoconverter.optimization.utils.UtilsForceOpt:fmOptPSO_cust:197 -         PSO iteration: 5 ; 1 percentage similarities; Best obj: 0.14183
2026-09-08 10:39:29.210 | INFO     | myoconverter.optimization.utils.UtilsForceOpt:fmOptPSO_cust:197 -         PSO iteration: 6 ; 1 percentage similarities; Best obj: 0.12199
2026-09-08 10:39:29.331 | INFO     | myoconverter.optimization.utils.UtilsForceOpt:fmOptPSO_cust:197 -         PSO iteration: 7 ; 1 percentage similarities; Best obj: 0.117
2026-09-08 10:39:29.452 | INFO     | myoconverter.optimization.utils.UtilsForceOpt:fmOptPSO_cust:197 -         PSO iteration: 8 ; 1 percentage similarities; Best obj: 0.11585
2026-09-08 10:39:29.562 | INFO     | myoconverter.optimization.utils.UtilsForceOpt:fmOptPSO_cust:197 -         PSO iteration: 9 ; 2 percentage similarities; Best obj: 0.10782
2026-09-08 10:39:29.683 | INFO     | myoconverter.optimization.utils.UtilsForceOpt:fmOptPSO_cust:197 -         PSO iteration: 10 ; 1 percentage similarities; Best obj: 0.10609
2026-09-08 10:39:29.794 | INFO     | myoconverter.optimization.utils.UtilsForceOpt:fmOptPSO_cust:197 -         PSO iteration: 11 ; 2 percentage similarities; Best obj: 0.10298
2026-09-08 10:39:29.904 | INFO     | myoconverter.optimization.utils.UtilsForceOpt:fmOptPSO_cust:197 -         PSO iteration: 12 ; 1 percentage similarities; Best obj: 0.10209
2026-09-08 10:39:30.014 | INFO     | myoconverter.optimization.utils.UtilsForceOpt:fmOptPSO_cust:197 -         PSO iteration: 13 ; 1 percentage similarities; Best obj: 0.10191
2026-09-08 10:39:30.124 | INFO     | myoconverter.optimization.utils.UtilsForceOpt:fmOptPSO_cust:197 -         PSO iteration: 14 ; 1 percentage similarities; Best obj: 0.10186
2026-09-08 10:39:30.245 | INFO     | myoconverter.optimization.utils.UtilsForceOpt:fmOptPSO_cust:197 -         PSO iteration: 15 ; 4 percentage similarities; Best obj: 0.10063
2026-09-08 10:39:30.349 | INFO     | myoconverter.optimization.utils.UtilsForceOpt:fmOptPSO_cust:197 -         PSO iteration: 16 ; 2 percentage similarities; Best obj: 0.10025
2026-09-08 10:39:30.455 | INFO     | myoconverter.optimization.utils.UtilsForceOpt:fmOptPSO_cust:197 -         PSO iteration: 17 ; 2 percentage similarities; Best obj: 0.10016
2026-09-08 10:39:30.571 | INFO     | myoconverter.optimization.utils.UtilsForceOpt:fmOptPSO_cust:197 -         PSO iteration: 18 ; 4 percentage similarities; Best obj: 0.09942
2026-09-08 10:39:30.677 | INFO     | myoconverter.optimization.utils.UtilsForceOpt:fmOptPSO_cust:197 -         PSO iteration: 19 ; 4 percentage similarities; Best obj: 0.09917
2026-09-08 10:39:30.797 | INFO     | myoconverter.optimization.utils.UtilsForceOpt:fmOptPSO_cust:197 -         PSO iteration: 20 ; 4 percentage similarities; Best obj: 0.09912
2026-09-08 10:39:30.908 | INFO     | myoconverter.optimization.utils.UtilsForceOpt:fmOptPSO_cust:197 -         PSO iteration: 21 ; 5 percentage similarities; Best obj: 0.0989
2026-09-08 10:39:31.009 | INFO     | myoconverter.optimization.utils.UtilsForceOpt:fmOptPSO_cust:197 -         PSO iteration: 22 ; 6 percentage similarities; Best obj: 0.09883
2026-09-08 10:39:31.109 | INFO     | myoconverter.optimization.utils.UtilsForceOpt:fmOptPSO_cust:197 -         PSO iteration: 23 ; 8 percentage similarities; Best obj: 0.0988
2026-09-08 10:39:31.211 | INFO     | myoconverter.optimization.utils.UtilsForceOpt:fmOptPSO_cust:197 -         PSO iteration: 24 ; 11 percentage similarities; Best obj: 0.09872
2026-09-08 10:39:31.320 | INFO     | myoconverter.optimization.utils.UtilsForceOpt:fmOptPSO_cust:197 -         PSO iteration: 25 ; 16 percentage similarities; Best obj: 0.09871
2026-09-08 10:39:31.431 | INFO     | myoconverter.optimization.utils.UtilsForceOpt:fmOptPSO_cust:197 -         PSO iteration: 26 ; 21 percentage similarities; Best obj: 0.0987
2026-09-08 10:39:31.531 | INFO     | myoconverter.optimization.utils.UtilsForceOpt:fmOptPSO_cust:197 -         PSO iteration: 27 ; 35 percentage similarities; Best obj: 0.09869
2026-09-08 10:39:31.531 | INFO     | myoconverter.optimization.utils.UtilsForceOpt:fmOptPSO_cust:205 -         Break the optimization, since certain number of similar particles reached
2026-09-08 10:39:31.636 | INFO     | myoconverter.conversion_steps.O2MStep3:optMuscleForce:293 - Muscle : glut_med2_r 
2026-09-08 10:39:38.689 | INFO     | myoconverter.optimization.utils.UtilsForceOpt:fmOptPSO_cust:197 -         PSO iteration: 0 ; 0 percentage similarities; Best obj: 0.09627
2026-09-08 10:39:38.836 | INFO     | myoconverter.optimization.utils.UtilsForceOpt:fmOptPSO_cust:197 -         PSO iteration: 1 ; 1 percentage similarities; Best obj: 0.09627
2026-09-08 10:39:38.957 | INFO     | myoconverter.optimization.utils.UtilsForceOpt:fmOptPSO_cust:197 -         PSO iteration: 2 ; 1 percentage similarities; Best obj: 0.04845
2026-09-08 10:39:39.069 | INFO     | myoconverter.optimization.utils.UtilsForceOpt:fmOptPSO_cust:197 -         PSO iteration: 3 ; 1 percentage similarities; Best obj: 0.03601
2026-09-08 10:39:39.198 | INFO     | myoconverter.optimization.utils.UtilsForceOpt:fmOptPSO_cust:197 -         PSO iteration: 4 ; 1 percentage similarities; Best obj: 0.03336
2026-09-08 10:39:39.335 | INFO     | myoconverter.optimization.utils.UtilsForceOpt:fmOptPSO_cust:197 -         PSO iteration: 5 ; 1 percentage similarities; Best obj: 0.03016
2026-09-08 10:39:39.460 | INFO     | myoconverter.optimization.utils.UtilsForceOpt:fmOptPSO_cust:197 -         PSO iteration: 6 ; 1 percentage similarities; Best obj: 0.02982
2026-09-08 10:39:39.578 | INFO     | myoconverter.optimization.utils.UtilsForceOpt:fmOptPSO_cust:197 -         PSO iteration: 7 ; 1 percentage similarities; Best obj: 0.02855
2026-09-08 10:39:39.738 | INFO     | myoconverter.optimization.utils.UtilsForceOpt:fmOptPSO_cust:197 -         PSO iteration: 8 ; 1 percentage similarities; Best obj: 0.02792
2026-09-08 10:39:39.868 | INFO     | myoconverter.optimization.utils.UtilsForceOpt:fmOptPSO_cust:197 -         PSO iteration: 9 ; 2 percentage similarities; Best obj: 0.02743
2026-09-08 10:39:39.988 | INFO     | myoconverter.optimization.utils.UtilsForceOpt:fmOptPSO_cust:197 -         PSO iteration: 10 ; 2 percentage similarities; Best obj: 0.02716
2026-09-08 10:39:40.099 | INFO     | myoconverter.optimization.utils.UtilsForceOpt:fmOptPSO_cust:197 -         PSO iteration: 11 ; 2 percentage similarities; Best obj: 0.02695
2026-09-08 10:39:40.209 | INFO     | myoconverter.optimization.utils.UtilsForceOpt:fmOptPSO_cust:197 -         PSO iteration: 12 ; 5 percentage similarities; Best obj: 0.02687
2026-09-08 10:39:40.331 | INFO     | myoconverter.optimization.utils.UtilsForceOpt:fmOptPSO_cust:197 -         PSO iteration: 13 ; 5 percentage similarities; Best obj: 0.02659
2026-09-08 10:39:40.452 | INFO     | myoconverter.optimization.utils.UtilsForceOpt:fmOptPSO_cust:197 -         PSO iteration: 14 ; 4 percentage similarities; Best obj: 0.02654
2026-09-08 10:39:40.562 | INFO     | myoconverter.optimization.utils.UtilsForceOpt:fmOptPSO_cust:197 -         PSO iteration: 15 ; 5 percentage similarities; Best obj: 0.02649
2026-09-08 10:39:40.683 | INFO     | myoconverter.optimization.utils.UtilsForceOpt:fmOptPSO_cust:197 -         PSO iteration: 16 ; 8 percentage similarities; Best obj: 0.02642
2026-09-08 10:39:40.827 | INFO     | myoconverter.optimization.utils.UtilsForceOpt:fmOptPSO_cust:197 -         PSO iteration: 17 ; 9 percentage similarities; Best obj: 0.02639
2026-09-08 10:39:40.974 | INFO     | myoconverter.optimization.utils.UtilsForceOpt:fmOptPSO_cust:197 -         PSO iteration: 18 ; 9 percentage similarities; Best obj: 0.02638
2026-09-08 10:39:41.086 | INFO     | myoconverter.optimization.utils.UtilsForceOpt:fmOptPSO_cust:197 -         PSO iteration: 19 ; 14 percentage similarities; Best obj: 0.02632
2026-09-08 10:39:41.195 | INFO     | myoconverter.optimization.utils.UtilsForceOpt:fmOptPSO_cust:197 -         PSO iteration: 20 ; 20 percentage similarities; Best obj: 0.0263
2026-09-08 10:39:41.306 | INFO     | myoconverter.optimization.utils.UtilsForceOpt:fmOptPSO_cust:197 -         PSO iteration: 21 ; 36 percentage similarities; Best obj: 0.0263
2026-09-08 10:39:41.306 | INFO     | myoconverter.optimization.utils.UtilsForceOpt:fmOptPSO_cust:205 -         Break the optimization, since certain number of similar particles reached
2026-09-08 10:39:41.416 | INFO     | myoconverter.conversion_steps.O2MStep3:optMuscleForce:293 - Muscle : glut_med3_r 
2026-09-08 10:39:48.784 | INFO     | myoconverter.optimization.utils.UtilsForceOpt:fmOptPSO_cust:197 -         PSO iteration: 0 ; 0 percentage similarities; Best obj: 0.13665
2026-09-08 10:39:48.895 | INFO     | myoconverter.optimization.utils.UtilsForceOpt:fmOptPSO_cust:197 -         PSO iteration: 1 ; 1 percentage similarities; Best obj: 0.13665
2026-09-08 10:39:49.005 | INFO     | myoconverter.optimization.utils.UtilsForceOpt:fmOptPSO_cust:197 -         PSO iteration: 2 ; 1 percentage similarities; Best obj: 0.13665
2026-09-08 10:39:49.126 | INFO     | myoconverter.optimization.utils.UtilsForceOpt:fmOptPSO_cust:197 -         PSO iteration: 3 ; 1 percentage similarities; Best obj: 0.13665
2026-09-08 10:39:49.237 | INFO     | myoconverter.optimization.utils.UtilsForceOpt:fmOptPSO_cust:197 -         PSO iteration: 4 ; 1 percentage similarities; Best obj: 0.13665
2026-09-08 10:39:49.347 | INFO     | myoconverter.optimization.utils.UtilsForceOpt:fmOptPSO_cust:197 -         PSO iteration: 5 ; 1 percentage similarities; Best obj: 0.13401
2026-09-08 10:39:49.460 | INFO     | myoconverter.optimization.utils.UtilsForceOpt:fmOptPSO_cust:197 -         PSO iteration: 6 ; 1 percentage similarities; Best obj: 0.12658
2026-09-08 10:39:49.569 | INFO     | myoconverter.optimization.utils.UtilsForceOpt:fmOptPSO_cust:197 -         PSO iteration: 7 ; 1 percentage similarities; Best obj: 0.12486
2026-09-08 10:39:49.679 | INFO     | myoconverter.optimization.utils.UtilsForceOpt:fmOptPSO_cust:197 -         PSO iteration: 8 ; 2 percentage similarities; Best obj: 0.11905
2026-09-08 10:39:49.810 | INFO     | myoconverter.optimization.utils.UtilsForceOpt:fmOptPSO_cust:197 -         PSO iteration: 9 ; 1 percentage similarities; Best obj: 0.10816
2026-09-08 10:39:49.920 | INFO     | myoconverter.optimization.utils.UtilsForceOpt:fmOptPSO_cust:197 -         PSO iteration: 10 ; 1 percentage similarities; Best obj: 0.10245
2026-09-08 10:39:50.040 | INFO     | myoconverter.optimization.utils.UtilsForceOpt:fmOptPSO_cust:197 -         PSO iteration: 11 ; 1 percentage similarities; Best obj: 0.09929
2026-09-08 10:39:50.141 | INFO     | myoconverter.optimization.utils.UtilsForceOpt:fmOptPSO_cust:197 -         PSO iteration: 12 ; 2 percentage similarities; Best obj: 0.0926
2026-09-08 10:39:50.262 | INFO     | myoconverter.optimization.utils.UtilsForceOpt:fmOptPSO_cust:197 -         PSO iteration: 13 ; 1 percentage similarities; Best obj: 0.09073
2026-09-08 10:39:50.373 | INFO     | myoconverter.optimization.utils.UtilsForceOpt:fmOptPSO_cust:197 -         PSO iteration: 14 ; 2 percentage similarities; Best obj: 0.08724
2026-09-08 10:39:50.484 | INFO     | myoconverter.optimization.utils.UtilsForceOpt:fmOptPSO_cust:197 -         PSO iteration: 15 ; 1 percentage similarities; Best obj: 0.08443
2026-09-08 10:39:50.594 | INFO     | myoconverter.optimization.utils.UtilsForceOpt:fmOptPSO_cust:197 -         PSO iteration: 16 ; 1 percentage similarities; Best obj: 0.08129
2026-09-08 10:39:50.704 | INFO     | myoconverter.optimization.utils.UtilsForceOpt:fmOptPSO_cust:197 -         PSO iteration: 17 ; 1 percentage similarities; Best obj: 0.08051
2026-09-08 10:39:50.815 | INFO     | myoconverter.optimization.utils.UtilsForceOpt:fmOptPSO_cust:197 -         PSO iteration: 18 ; 1 percentage similarities; Best obj: 0.07999
2026-09-08 10:39:50.935 | INFO     | myoconverter.optimization.utils.UtilsForceOpt:fmOptPSO_cust:197 -         PSO iteration: 19 ; 2 percentage similarities; Best obj: 0.07963
2026-09-08 10:39:51.042 | INFO     | myoconverter.optimization.utils.UtilsForceOpt:fmOptPSO_cust:197 -         PSO iteration: 20 ; 4 percentage similarities; Best obj: 0.07954
2026-09-08 10:39:51.145 | INFO     | myoconverter.optimization.utils.UtilsForceOpt:fmOptPSO_cust:197 -         PSO iteration: 21 ; 4 percentage similarities; Best obj: 0.07889
2026-09-08 10:39:51.256 | INFO     | myoconverter.optimization.utils.UtilsForceOpt:fmOptPSO_cust:197 -         PSO iteration: 22 ; 4 percentage similarities; Best obj: 0.07877
2026-09-08 10:39:51.368 | INFO     | myoconverter.optimization.utils.UtilsForceOpt:fmOptPSO_cust:197 -         PSO iteration: 23 ; 6 percentage similarities; Best obj: 0.07854
2026-09-08 10:39:51.477 | INFO     | myoconverter.optimization.utils.UtilsForceOpt:fmOptPSO_cust:197 -         PSO iteration: 24 ; 15 percentage similarities; Best obj: 0.07851
2026-09-08 10:39:51.598 | INFO     | myoconverter.optimization.utils.UtilsForceOpt:fmOptPSO_cust:197 -         PSO iteration: 25 ; 20 percentage similarities; Best obj: 0.0785
2026-09-08 10:39:51.713 | INFO     | myoconverter.optimization.utils.UtilsForceOpt:fmOptPSO_cust:197 -         PSO iteration: 26 ; 21 percentage similarities; Best obj: 0.0785
2026-09-08 10:39:51.819 | INFO     | myoconverter.optimization.utils.UtilsForceOpt:fmOptPSO_cust:197 -         PSO iteration: 27 ; 24 percentage similarities; Best obj: 0.0785
2026-09-08 10:39:51.930 | INFO     | myoconverter.optimization.utils.UtilsForceOpt:fmOptPSO_cust:197 -         PSO iteration: 28 ; 26 percentage similarities; Best obj: 0.0785
2026-09-08 10:39:52.041 | INFO     | myoconverter.optimization.utils.UtilsForceOpt:fmOptPSO_cust:197 -         PSO iteration: 29 ; 29 percentage similarities; Best obj: 0.0785
2026-09-08 10:39:52.151 | INFO     | myoconverter.optimization.utils.UtilsForceOpt:fmOptPSO_cust:197 -         PSO iteration: 30 ; 38 percentage similarities; Best obj: 0.0785
2026-09-08 10:39:52.151 | INFO     | myoconverter.optimization.utils.UtilsForceOpt:fmOptPSO_cust:205 -         Break the optimization, since certain number of similar particles reached
2026-09-08 10:39:52.269 | INFO     | myoconverter.conversion_steps.O2MStep3:optMuscleForce:293 - Muscle : glut_min1_r 
2026-09-08 10:39:59.336 | INFO     | myoconverter.optimization.utils.UtilsForceOpt:fmOptPSO_cust:197 -         PSO iteration: 0 ; 0 percentage similarities; Best obj: 0.13756
2026-09-08 10:39:59.447 | INFO     | myoconverter.optimization.utils.UtilsForceOpt:fmOptPSO_cust:197 -         PSO iteration: 1 ; 1 percentage similarities; Best obj: 0.07611
2026-09-08 10:39:59.568 | INFO     | myoconverter.optimization.utils.UtilsForceOpt:fmOptPSO_cust:197 -         PSO iteration: 2 ; 1 percentage similarities; Best obj: 0.07066
2026-09-08 10:39:59.678 | INFO     | myoconverter.optimization.utils.UtilsForceOpt:fmOptPSO_cust:197 -         PSO iteration: 3 ; 1 percentage similarities; Best obj: 0.07066
2026-09-08 10:39:59.788 | INFO     | myoconverter.optimization.utils.UtilsForceOpt:fmOptPSO_cust:197 -         PSO iteration: 4 ; 1 percentage similarities; Best obj: 0.07066
2026-09-08 10:39:59.910 | INFO     | myoconverter.optimization.utils.UtilsForceOpt:fmOptPSO_cust:197 -         PSO iteration: 5 ; 1 percentage similarities; Best obj: 0.07066
2026-09-08 10:40:00.020 | INFO     | myoconverter.optimization.utils.UtilsForceOpt:fmOptPSO_cust:197 -         PSO iteration: 6 ; 1 percentage similarities; Best obj: 0.06288
2026-09-08 10:40:00.130 | INFO     | myoconverter.optimization.utils.UtilsForceOpt:fmOptPSO_cust:197 -         PSO iteration: 7 ; 1 percentage similarities; Best obj: 0.05967
2026-09-08 10:40:00.242 | INFO     | myoconverter.optimization.utils.UtilsForceOpt:fmOptPSO_cust:197 -         PSO iteration: 8 ; 1 percentage similarities; Best obj: 0.05632
2026-09-08 10:40:00.353 | INFO     | myoconverter.optimization.utils.UtilsForceOpt:fmOptPSO_cust:197 -         PSO iteration: 9 ; 1 percentage similarities; Best obj: 0.05406
2026-09-08 10:40:00.474 | INFO     | myoconverter.optimization.utils.UtilsForceOpt:fmOptPSO_cust:197 -         PSO iteration: 10 ; 1 percentage similarities; Best obj: 0.05296
2026-09-08 10:40:00.592 | INFO     | myoconverter.optimization.utils.UtilsForceOpt:fmOptPSO_cust:197 -         PSO iteration: 11 ; 8 percentage similarities; Best obj: 0.0522
2026-09-08 10:40:00.694 | INFO     | myoconverter.optimization.utils.UtilsForceOpt:fmOptPSO_cust:197 -         PSO iteration: 12 ; 5 percentage similarities; Best obj: 0.05202
2026-09-08 10:40:00.805 | INFO     | myoconverter.optimization.utils.UtilsForceOpt:fmOptPSO_cust:197 -         PSO iteration: 13 ; 5 percentage similarities; Best obj: 0.05125
2026-09-08 10:40:00.926 | INFO     | myoconverter.optimization.utils.UtilsForceOpt:fmOptPSO_cust:197 -         PSO iteration: 14 ; 4 percentage similarities; Best obj: 0.05106
2026-09-08 10:40:01.047 | INFO     | myoconverter.optimization.utils.UtilsForceOpt:fmOptPSO_cust:197 -         PSO iteration: 15 ; 4 percentage similarities; Best obj: 0.05102
2026-09-08 10:40:01.157 | INFO     | myoconverter.optimization.utils.UtilsForceOpt:fmOptPSO_cust:197 -         PSO iteration: 16 ; 9 percentage similarities; Best obj: 0.05077
2026-09-08 10:40:01.268 | INFO     | myoconverter.optimization.utils.UtilsForceOpt:fmOptPSO_cust:197 -         PSO iteration: 17 ; 14 percentage similarities; Best obj: 0.05065
2026-09-08 10:40:01.379 | INFO     | myoconverter.optimization.utils.UtilsForceOpt:fmOptPSO_cust:197 -         PSO iteration: 18 ; 19 percentage similarities; Best obj: 0.05054
2026-09-08 10:40:01.500 | INFO     | myoconverter.optimization.utils.UtilsForceOpt:fmOptPSO_cust:197 -         PSO iteration: 19 ; 30 percentage similarities; Best obj: 0.05052
2026-09-08 10:40:01.611 | INFO     | myoconverter.optimization.utils.UtilsForceOpt:fmOptPSO_cust:197 -         PSO iteration: 20 ; 41 percentage similarities; Best obj: 0.0505
2026-09-08 10:40:01.611 | INFO     | myoconverter.optimization.utils.UtilsForceOpt:fmOptPSO_cust:205 -         Break the optimization, since certain number of similar particles reached
2026-09-08 10:40:01.722 | INFO     | myoconverter.conversion_steps.O2MStep3:optMuscleForce:293 - Muscle : glut_min2_r 
2026-09-08 10:40:08.906 | INFO     | myoconverter.optimization.utils.UtilsForceOpt:fmOptPSO_cust:197 -         PSO iteration: 0 ; 0 percentage similarities; Best obj: 0.0738
2026-09-08 10:40:09.027 | INFO     | myoconverter.optimization.utils.UtilsForceOpt:fmOptPSO_cust:197 -         PSO iteration: 1 ; 1 percentage similarities; Best obj: 0.0738
2026-09-08 10:40:09.149 | INFO     | myoconverter.optimization.utils.UtilsForceOpt:fmOptPSO_cust:197 -         PSO iteration: 2 ; 1 percentage similarities; Best obj: 0.0738
2026-09-08 10:40:09.262 | INFO     | myoconverter.optimization.utils.UtilsForceOpt:fmOptPSO_cust:197 -         PSO iteration: 3 ; 1 percentage similarities; Best obj: 0.0738
2026-09-08 10:40:09.381 | INFO     | myoconverter.optimization.utils.UtilsForceOpt:fmOptPSO_cust:197 -         PSO iteration: 4 ; 1 percentage similarities; Best obj: 0.0738
2026-09-08 10:40:09.501 | INFO     | myoconverter.optimization.utils.UtilsForceOpt:fmOptPSO_cust:197 -         PSO iteration: 5 ; 1 percentage similarities; Best obj: 0.0738
2026-09-08 10:40:09.620 | INFO     | myoconverter.optimization.utils.UtilsForceOpt:fmOptPSO_cust:197 -         PSO iteration: 6 ; 1 percentage similarities; Best obj: 0.07286
2026-09-08 10:40:09.731 | INFO     | myoconverter.optimization.utils.UtilsForceOpt:fmOptPSO_cust:197 -         PSO iteration: 7 ; 1 percentage similarities; Best obj: 0.07264
2026-09-08 10:40:09.851 | INFO     | myoconverter.optimization.utils.UtilsForceOpt:fmOptPSO_cust:197 -         PSO iteration: 8 ; 1 percentage similarities; Best obj: 0.07262
2026-09-08 10:40:09.982 | INFO     | myoconverter.optimization.utils.UtilsForceOpt:fmOptPSO_cust:197 -         PSO iteration: 9 ; 1 percentage similarities; Best obj: 0.07262
2026-09-08 10:40:10.092 | INFO     | myoconverter.optimization.utils.UtilsForceOpt:fmOptPSO_cust:197 -         PSO iteration: 10 ; 1 percentage similarities; Best obj: 0.07262
2026-09-08 10:40:10.223 | INFO     | myoconverter.optimization.utils.UtilsForceOpt:fmOptPSO_cust:197 -         PSO iteration: 11 ; 1 percentage similarities; Best obj: 0.07262
2026-09-08 10:40:10.334 | INFO     | myoconverter.optimization.utils.UtilsForceOpt:fmOptPSO_cust:197 -         PSO iteration: 12 ; 1 percentage similarities; Best obj: 0.07262
2026-09-08 10:40:10.455 | INFO     | myoconverter.optimization.utils.UtilsForceOpt:fmOptPSO_cust:197 -         PSO iteration: 13 ; 1 percentage similarities; Best obj: 0.07262
2026-09-08 10:40:10.576 | INFO     | myoconverter.optimization.utils.UtilsForceOpt:fmOptPSO_cust:197 -         PSO iteration: 14 ; 2 percentage similarities; Best obj: 0.07213
2026-09-08 10:40:10.702 | INFO     | myoconverter.optimization.utils.UtilsForceOpt:fmOptPSO_cust:197 -         PSO iteration: 15 ; 4 percentage similarities; Best obj: 0.07203
2026-09-08 10:40:10.817 | INFO     | myoconverter.optimization.utils.UtilsForceOpt:fmOptPSO_cust:197 -         PSO iteration: 16 ; 5 percentage similarities; Best obj: 0.07134
2026-09-08 10:40:10.938 | INFO     | myoconverter.optimization.utils.UtilsForceOpt:fmOptPSO_cust:197 -         PSO iteration: 17 ; 4 percentage similarities; Best obj: 0.07116
2026-09-08 10:40:11.060 | INFO     | myoconverter.optimization.utils.UtilsForceOpt:fmOptPSO_cust:197 -         PSO iteration: 18 ; 5 percentage similarities; Best obj: 0.07079
2026-09-08 10:40:11.170 | INFO     | myoconverter.optimization.utils.UtilsForceOpt:fmOptPSO_cust:197 -         PSO iteration: 19 ; 5 percentage similarities; Best obj: 0.07071
2026-09-08 10:40:11.291 | INFO     | myoconverter.optimization.utils.UtilsForceOpt:fmOptPSO_cust:197 -         PSO iteration: 20 ; 5 percentage similarities; Best obj: 0.07065
2026-09-08 10:40:11.402 | INFO     | myoconverter.optimization.utils.UtilsForceOpt:fmOptPSO_cust:197 -         PSO iteration: 21 ; 6 percentage similarities; Best obj: 0.07061
2026-09-08 10:40:11.522 | INFO     | myoconverter.optimization.utils.UtilsForceOpt:fmOptPSO_cust:197 -         PSO iteration: 22 ; 6 percentage similarities; Best obj: 0.07049
2026-09-08 10:40:11.653 | INFO     | myoconverter.optimization.utils.UtilsForceOpt:fmOptPSO_cust:197 -         PSO iteration: 23 ; 8 percentage similarities; Best obj: 0.07044
2026-09-08 10:40:11.773 | INFO     | myoconverter.optimization.utils.UtilsForceOpt:fmOptPSO_cust:197 -         PSO iteration: 24 ; 8 percentage similarities; Best obj: 0.07043
2026-09-08 10:40:11.903 | INFO     | myoconverter.optimization.utils.UtilsForceOpt:fmOptPSO_cust:197 -         PSO iteration: 25 ; 8 percentage similarities; Best obj: 0.07035
2026-09-08 10:40:12.015 | INFO     | myoconverter.optimization.utils.UtilsForceOpt:fmOptPSO_cust:197 -         PSO iteration: 26 ; 9 percentage similarities; Best obj: 0.07033
2026-09-08 10:40:12.136 | INFO     | myoconverter.optimization.utils.UtilsForceOpt:fmOptPSO_cust:197 -         PSO iteration: 27 ; 11 percentage similarities; Best obj: 0.07031
2026-09-08 10:40:12.257 | INFO     | myoconverter.optimization.utils.UtilsForceOpt:fmOptPSO_cust:197 -         PSO iteration: 28 ; 15 percentage similarities; Best obj: 0.07028
2026-09-08 10:40:12.368 | INFO     | myoconverter.optimization.utils.UtilsForceOpt:fmOptPSO_cust:197 -         PSO iteration: 29 ; 20 percentage similarities; Best obj: 0.07026
2026-09-08 10:40:12.488 | INFO     | myoconverter.optimization.utils.UtilsForceOpt:fmOptPSO_cust:197 -         PSO iteration: 30 ; 31 percentage similarities; Best obj: 0.07025
2026-09-08 10:40:12.488 | INFO     | myoconverter.optimization.utils.UtilsForceOpt:fmOptPSO_cust:205 -         Break the optimization, since certain number of similar particles reached
2026-09-08 10:40:12.608 | INFO     | myoconverter.conversion_steps.O2MStep3:optMuscleForce:293 - Muscle : glut_min3_r 
2026-09-08 10:40:20.171 | INFO     | myoconverter.optimization.utils.UtilsForceOpt:fmOptPSO_cust:197 -         PSO iteration: 0 ; 0 percentage similarities; Best obj: 0.26679
2026-09-08 10:40:20.283 | INFO     | myoconverter.optimization.utils.UtilsForceOpt:fmOptPSO_cust:197 -         PSO iteration: 1 ; 1 percentage similarities; Best obj: 0.26679
2026-09-08 10:40:20.404 | INFO     | myoconverter.optimization.utils.UtilsForceOpt:fmOptPSO_cust:197 -         PSO iteration: 2 ; 1 percentage similarities; Best obj: 0.26679
2026-09-08 10:40:20.525 | INFO     | myoconverter.optimization.utils.UtilsForceOpt:fmOptPSO_cust:197 -         PSO iteration: 3 ; 1 percentage similarities; Best obj: 0.26679
2026-09-08 10:40:20.646 | INFO     | myoconverter.optimization.utils.UtilsForceOpt:fmOptPSO_cust:197 -         PSO iteration: 4 ; 1 percentage similarities; Best obj: 0.26679
2026-09-08 10:40:20.769 | INFO     | myoconverter.optimization.utils.UtilsForceOpt:fmOptPSO_cust:197 -         PSO iteration: 5 ; 1 percentage similarities; Best obj: 0.26679
2026-09-08 10:40:20.897 | INFO     | myoconverter.optimization.utils.UtilsForceOpt:fmOptPSO_cust:197 -         PSO iteration: 6 ; 1 percentage similarities; Best obj: 0.25837
2026-09-08 10:40:21.018 | INFO     | myoconverter.optimization.utils.UtilsForceOpt:fmOptPSO_cust:197 -         PSO iteration: 7 ; 1 percentage similarities; Best obj: 0.2526
2026-09-08 10:40:21.138 | INFO     | myoconverter.optimization.utils.UtilsForceOpt:fmOptPSO_cust:197 -         PSO iteration: 8 ; 2 percentage similarities; Best obj: 0.24754
2026-09-08 10:40:21.269 | INFO     | myoconverter.optimization.utils.UtilsForceOpt:fmOptPSO_cust:197 -         PSO iteration: 9 ; 1 percentage similarities; Best obj: 0.24664
2026-09-08 10:40:21.392 | INFO     | myoconverter.optimization.utils.UtilsForceOpt:fmOptPSO_cust:197 -         PSO iteration: 10 ; 2 percentage similarities; Best obj: 0.24644
2026-09-08 10:40:21.510 | INFO     | myoconverter.optimization.utils.UtilsForceOpt:fmOptPSO_cust:197 -         PSO iteration: 11 ; 2 percentage similarities; Best obj: 0.24575
2026-09-08 10:40:21.641 | INFO     | myoconverter.optimization.utils.UtilsForceOpt:fmOptPSO_cust:197 -         PSO iteration: 12 ; 2 percentage similarities; Best obj: 0.24554
2026-09-08 10:40:21.761 | INFO     | myoconverter.optimization.utils.UtilsForceOpt:fmOptPSO_cust:197 -         PSO iteration: 13 ; 4 percentage similarities; Best obj: 0.24549
2026-09-08 10:40:21.881 | INFO     | myoconverter.optimization.utils.UtilsForceOpt:fmOptPSO_cust:197 -         PSO iteration: 14 ; 5 percentage similarities; Best obj: 0.24506
2026-09-08 10:40:22.012 | INFO     | myoconverter.optimization.utils.UtilsForceOpt:fmOptPSO_cust:197 -         PSO iteration: 15 ; 6 percentage similarities; Best obj: 0.24489
2026-09-08 10:40:22.134 | INFO     | myoconverter.optimization.utils.UtilsForceOpt:fmOptPSO_cust:197 -         PSO iteration: 16 ; 9 percentage similarities; Best obj: 0.24485
2026-09-08 10:40:22.252 | INFO     | myoconverter.optimization.utils.UtilsForceOpt:fmOptPSO_cust:197 -         PSO iteration: 17 ; 10 percentage similarities; Best obj: 0.24484
2026-09-08 10:40:22.383 | INFO     | myoconverter.optimization.utils.UtilsForceOpt:fmOptPSO_cust:197 -         PSO iteration: 18 ; 11 percentage similarities; Best obj: 0.24472
2026-09-08 10:40:22.495 | INFO     | myoconverter.optimization.utils.UtilsForceOpt:fmOptPSO_cust:197 -         PSO iteration: 19 ; 16 percentage similarities; Best obj: 0.2447
2026-09-08 10:40:22.620 | INFO     | myoconverter.optimization.utils.UtilsForceOpt:fmOptPSO_cust:197 -         PSO iteration: 20 ; 21 percentage similarities; Best obj: 0.24469
2026-09-08 10:40:22.737 | INFO     | myoconverter.optimization.utils.UtilsForceOpt:fmOptPSO_cust:197 -         PSO iteration: 21 ; 24 percentage similarities; Best obj: 0.24467
2026-09-08 10:40:22.858 | INFO     | myoconverter.optimization.utils.UtilsForceOpt:fmOptPSO_cust:197 -         PSO iteration: 22 ; 34 percentage similarities; Best obj: 0.24465
2026-09-08 10:40:22.858 | INFO     | myoconverter.optimization.utils.UtilsForceOpt:fmOptPSO_cust:205 -         Break the optimization, since certain number of similar particles reached
2026-09-08 10:40:22.968 | INFO     | myoconverter.conversion_steps.O2MStep3:optMuscleForce:293 - Muscle : semimem_r 
2026-09-08 10:40:30.479 | INFO     | myoconverter.optimization.utils.UtilsForceOpt:fmOptPSO_cust:197 -         PSO iteration: 0 ; 0 percentage similarities; Best obj: 0.11373
2026-09-08 10:40:30.663 | INFO     | myoconverter.optimization.utils.UtilsForceOpt:fmOptPSO_cust:197 -         PSO iteration: 1 ; 1 percentage similarities; Best obj: 0.11373
2026-09-08 10:40:30.841 | INFO     | myoconverter.optimization.utils.UtilsForceOpt:fmOptPSO_cust:197 -         PSO iteration: 2 ; 1 percentage similarities; Best obj: 0.11373
2026-09-08 10:40:31.022 | INFO     | myoconverter.optimization.utils.UtilsForceOpt:fmOptPSO_cust:197 -         PSO iteration: 3 ; 1 percentage similarities; Best obj: 0.11373
2026-09-08 10:40:31.193 | INFO     | myoconverter.optimization.utils.UtilsForceOpt:fmOptPSO_cust:197 -         PSO iteration: 4 ; 1 percentage similarities; Best obj: 0.11373
2026-09-08 10:40:31.374 | INFO     | myoconverter.optimization.utils.UtilsForceOpt:fmOptPSO_cust:197 -         PSO iteration: 5 ; 1 percentage similarities; Best obj: 0.11229
2026-09-08 10:40:31.565 | INFO     | myoconverter.optimization.utils.UtilsForceOpt:fmOptPSO_cust:197 -         PSO iteration: 6 ; 2 percentage similarities; Best obj: 0.09811
2026-09-08 10:40:31.766 | INFO     | myoconverter.optimization.utils.UtilsForceOpt:fmOptPSO_cust:197 -         PSO iteration: 7 ; 1 percentage similarities; Best obj: 0.09612
2026-09-08 10:40:31.958 | INFO     | myoconverter.optimization.utils.UtilsForceOpt:fmOptPSO_cust:197 -         PSO iteration: 8 ; 1 percentage similarities; Best obj: 0.09593
2026-09-08 10:40:32.169 | INFO     | myoconverter.optimization.utils.UtilsForceOpt:fmOptPSO_cust:197 -         PSO iteration: 9 ; 1 percentage similarities; Best obj: 0.0959
2026-09-08 10:40:32.361 | INFO     | myoconverter.optimization.utils.UtilsForceOpt:fmOptPSO_cust:197 -         PSO iteration: 10 ; 1 percentage similarities; Best obj: 0.09589
2026-09-08 10:40:32.542 | INFO     | myoconverter.optimization.utils.UtilsForceOpt:fmOptPSO_cust:197 -         PSO iteration: 11 ; 2 percentage similarities; Best obj: 0.09559
2026-09-08 10:40:32.713 | INFO     | myoconverter.optimization.utils.UtilsForceOpt:fmOptPSO_cust:197 -         PSO iteration: 12 ; 2 percentage similarities; Best obj: 0.09551
2026-09-08 10:40:32.885 | INFO     | myoconverter.optimization.utils.UtilsForceOpt:fmOptPSO_cust:197 -         PSO iteration: 13 ; 2 percentage similarities; Best obj: 0.09549
2026-09-08 10:40:33.056 | INFO     | myoconverter.optimization.utils.UtilsForceOpt:fmOptPSO_cust:197 -         PSO iteration: 14 ; 2 percentage similarities; Best obj: 0.09549
2026-09-08 10:40:33.239 | INFO     | myoconverter.optimization.utils.UtilsForceOpt:fmOptPSO_cust:197 -         PSO iteration: 15 ; 4 percentage similarities; Best obj: 0.0935
2026-09-08 10:40:33.418 | INFO     | myoconverter.optimization.utils.UtilsForceOpt:fmOptPSO_cust:197 -         PSO iteration: 16 ; 1 percentage similarities; Best obj: 0.09307
2026-09-08 10:40:33.600 | INFO     | myoconverter.optimization.utils.UtilsForceOpt:fmOptPSO_cust:197 -         PSO iteration: 17 ; 1 percentage similarities; Best obj: 0.09298
2026-09-08 10:40:33.792 | INFO     | myoconverter.optimization.utils.UtilsForceOpt:fmOptPSO_cust:197 -         PSO iteration: 18 ; 4 percentage similarities; Best obj: 0.09274
2026-09-08 10:40:33.972 | INFO     | myoconverter.optimization.utils.UtilsForceOpt:fmOptPSO_cust:197 -         PSO iteration: 19 ; 5 percentage similarities; Best obj: 0.09263
2026-09-08 10:40:34.153 | INFO     | myoconverter.optimization.utils.UtilsForceOpt:fmOptPSO_cust:197 -         PSO iteration: 20 ; 10 percentage similarities; Best obj: 0.09255
2026-09-08 10:40:34.324 | INFO     | myoconverter.optimization.utils.UtilsForceOpt:fmOptPSO_cust:197 -         PSO iteration: 21 ; 15 percentage similarities; Best obj: 0.09252
2026-09-08 10:40:34.495 | INFO     | myoconverter.optimization.utils.UtilsForceOpt:fmOptPSO_cust:197 -         PSO iteration: 22 ; 15 percentage similarities; Best obj: 0.09251
2026-09-08 10:40:34.677 | INFO     | myoconverter.optimization.utils.UtilsForceOpt:fmOptPSO_cust:197 -         PSO iteration: 23 ; 32 percentage similarities; Best obj: 0.09248
2026-09-08 10:40:34.677 | INFO     | myoconverter.optimization.utils.UtilsForceOpt:fmOptPSO_cust:205 -         Break the optimization, since certain number of similar particles reached
2026-09-08 10:40:34.824 | INFO     | myoconverter.conversion_steps.O2MStep3:optMuscleForce:293 - Muscle : semiten_r 
2026-09-08 10:40:42.279 | INFO     | myoconverter.optimization.utils.UtilsForceOpt:fmOptPSO_cust:197 -         PSO iteration: 0 ; 0 percentage similarities; Best obj: 0.14434
2026-09-08 10:40:42.460 | INFO     | myoconverter.optimization.utils.UtilsForceOpt:fmOptPSO_cust:197 -         PSO iteration: 1 ; 1 percentage similarities; Best obj: 0.07923
2026-09-08 10:40:42.640 | INFO     | myoconverter.optimization.utils.UtilsForceOpt:fmOptPSO_cust:197 -         PSO iteration: 2 ; 1 percentage similarities; Best obj: 0.07923
2026-09-08 10:40:42.826 | INFO     | myoconverter.optimization.utils.UtilsForceOpt:fmOptPSO_cust:197 -         PSO iteration: 3 ; 1 percentage similarities; Best obj: 0.07852
2026-09-08 10:40:43.018 | INFO     | myoconverter.optimization.utils.UtilsForceOpt:fmOptPSO_cust:197 -         PSO iteration: 4 ; 2 percentage similarities; Best obj: 0.07852
2026-09-08 10:40:43.203 | INFO     | myoconverter.optimization.utils.UtilsForceOpt:fmOptPSO_cust:197 -         PSO iteration: 5 ; 2 percentage similarities; Best obj: 0.07852
2026-09-08 10:40:43.395 | INFO     | myoconverter.optimization.utils.UtilsForceOpt:fmOptPSO_cust:197 -         PSO iteration: 6 ; 2 percentage similarities; Best obj: 0.073
2026-09-08 10:40:43.567 | INFO     | myoconverter.optimization.utils.UtilsForceOpt:fmOptPSO_cust:197 -         PSO iteration: 7 ; 1 percentage similarities; Best obj: 0.0722
2026-09-08 10:40:43.752 | INFO     | myoconverter.optimization.utils.UtilsForceOpt:fmOptPSO_cust:197 -         PSO iteration: 8 ; 1 percentage similarities; Best obj: 0.07206
2026-09-08 10:40:43.940 | INFO     | myoconverter.optimization.utils.UtilsForceOpt:fmOptPSO_cust:197 -         PSO iteration: 9 ; 1 percentage similarities; Best obj: 0.07203
2026-09-08 10:40:44.121 | INFO     | myoconverter.optimization.utils.UtilsForceOpt:fmOptPSO_cust:197 -         PSO iteration: 10 ; 1 percentage similarities; Best obj: 0.07202
2026-09-08 10:40:44.303 | INFO     | myoconverter.optimization.utils.UtilsForceOpt:fmOptPSO_cust:197 -         PSO iteration: 11 ; 1 percentage similarities; Best obj: 0.07108
2026-09-08 10:40:44.495 | INFO     | myoconverter.optimization.utils.UtilsForceOpt:fmOptPSO_cust:197 -         PSO iteration: 12 ; 1 percentage similarities; Best obj: 0.07082
2026-09-08 10:40:44.676 | INFO     | myoconverter.optimization.utils.UtilsForceOpt:fmOptPSO_cust:197 -         PSO iteration: 13 ; 4 percentage similarities; Best obj: 0.06977
2026-09-08 10:40:44.857 | INFO     | myoconverter.optimization.utils.UtilsForceOpt:fmOptPSO_cust:197 -         PSO iteration: 14 ; 5 percentage similarities; Best obj: 0.0694
2026-09-08 10:40:45.048 | INFO     | myoconverter.optimization.utils.UtilsForceOpt:fmOptPSO_cust:197 -         PSO iteration: 15 ; 2 percentage similarities; Best obj: 0.06932
2026-09-08 10:40:45.218 | INFO     | myoconverter.optimization.utils.UtilsForceOpt:fmOptPSO_cust:197 -         PSO iteration: 16 ; 15 percentage similarities; Best obj: 0.0687
2026-09-08 10:40:45.400 | INFO     | myoconverter.optimization.utils.UtilsForceOpt:fmOptPSO_cust:197 -         PSO iteration: 17 ; 6 percentage similarities; Best obj: 0.06856
2026-09-08 10:40:45.591 | INFO     | myoconverter.optimization.utils.UtilsForceOpt:fmOptPSO_cust:197 -         PSO iteration: 18 ; 12 percentage similarities; Best obj: 0.06852
2026-09-08 10:40:45.782 | INFO     | myoconverter.optimization.utils.UtilsForceOpt:fmOptPSO_cust:197 -         PSO iteration: 19 ; 22 percentage similarities; Best obj: 0.06844
2026-09-08 10:40:45.954 | INFO     | myoconverter.optimization.utils.UtilsForceOpt:fmOptPSO_cust:197 -         PSO iteration: 20 ; 26 percentage similarities; Best obj: 0.0684
2026-09-08 10:40:46.163 | INFO     | myoconverter.optimization.utils.UtilsForceOpt:fmOptPSO_cust:197 -         PSO iteration: 21 ; 28 percentage similarities; Best obj: 0.0683
2026-09-08 10:40:46.365 | INFO     | myoconverter.optimization.utils.UtilsForceOpt:fmOptPSO_cust:197 -         PSO iteration: 22 ; 30 percentage similarities; Best obj: 0.0682
2026-09-08 10:40:46.587 | INFO     | myoconverter.optimization.utils.UtilsForceOpt:fmOptPSO_cust:197 -         PSO iteration: 23 ; 49 percentage similarities; Best obj: 0.06816
2026-09-08 10:40:46.587 | INFO     | myoconverter.optimization.utils.UtilsForceOpt:fmOptPSO_cust:205 -         Break the optimization, since certain number of similar particles reached
2026-09-08 10:40:46.771 | INFO     | myoconverter.conversion_steps.O2MStep3:optMuscleForce:293 - Muscle : bifemlh_r 
2026-09-08 10:40:56.905 | INFO     | myoconverter.optimization.utils.UtilsForceOpt:fmOptPSO_cust:197 -         PSO iteration: 0 ; 0 percentage similarities; Best obj: 0.20574
2026-09-08 10:40:57.145 | INFO     | myoconverter.optimization.utils.UtilsForceOpt:fmOptPSO_cust:197 -         PSO iteration: 1 ; 1 percentage similarities; Best obj: 0.14497
2026-09-08 10:40:57.384 | INFO     | myoconverter.optimization.utils.UtilsForceOpt:fmOptPSO_cust:197 -         PSO iteration: 2 ; 1 percentage similarities; Best obj: 0.13495
2026-09-08 10:40:57.619 | INFO     | myoconverter.optimization.utils.UtilsForceOpt:fmOptPSO_cust:197 -         PSO iteration: 3 ; 1 percentage similarities; Best obj: 0.13495
2026-09-08 10:40:57.858 | INFO     | myoconverter.optimization.utils.UtilsForceOpt:fmOptPSO_cust:197 -         PSO iteration: 4 ; 1 percentage similarities; Best obj: 0.13495
2026-09-08 10:40:58.089 | INFO     | myoconverter.optimization.utils.UtilsForceOpt:fmOptPSO_cust:197 -         PSO iteration: 5 ; 1 percentage similarities; Best obj: 0.13495
2026-09-08 10:40:58.320 | INFO     | myoconverter.optimization.utils.UtilsForceOpt:fmOptPSO_cust:197 -         PSO iteration: 6 ; 1 percentage similarities; Best obj: 0.13319
2026-09-08 10:40:58.551 | INFO     | myoconverter.optimization.utils.UtilsForceOpt:fmOptPSO_cust:197 -         PSO iteration: 7 ; 1 percentage similarities; Best obj: 0.13103
2026-09-08 10:40:58.773 | INFO     | myoconverter.optimization.utils.UtilsForceOpt:fmOptPSO_cust:197 -         PSO iteration: 8 ; 2 percentage similarities; Best obj: 0.12978
2026-09-08 10:40:58.975 | INFO     | myoconverter.optimization.utils.UtilsForceOpt:fmOptPSO_cust:197 -         PSO iteration: 9 ; 2 percentage similarities; Best obj: 0.12924
2026-09-08 10:40:59.205 | INFO     | myoconverter.optimization.utils.UtilsForceOpt:fmOptPSO_cust:197 -         PSO iteration: 10 ; 2 percentage similarities; Best obj: 0.12748
2026-09-08 10:40:59.455 | INFO     | myoconverter.optimization.utils.UtilsForceOpt:fmOptPSO_cust:197 -         PSO iteration: 11 ; 2 percentage similarities; Best obj: 0.12544
2026-09-08 10:40:59.687 | INFO     | myoconverter.optimization.utils.UtilsForceOpt:fmOptPSO_cust:197 -         PSO iteration: 12 ; 2 percentage similarities; Best obj: 0.12467
2026-09-08 10:40:59.908 | INFO     | myoconverter.optimization.utils.UtilsForceOpt:fmOptPSO_cust:197 -         PSO iteration: 13 ; 6 percentage similarities; Best obj: 0.12349
2026-09-08 10:41:00.139 | INFO     | myoconverter.optimization.utils.UtilsForceOpt:fmOptPSO_cust:197 -         PSO iteration: 14 ; 6 percentage similarities; Best obj: 0.12325
2026-09-08 10:41:00.370 | INFO     | myoconverter.optimization.utils.UtilsForceOpt:fmOptPSO_cust:197 -         PSO iteration: 15 ; 9 percentage similarities; Best obj: 0.12288
2026-09-08 10:41:00.592 | INFO     | myoconverter.optimization.utils.UtilsForceOpt:fmOptPSO_cust:197 -         PSO iteration: 16 ; 12 percentage similarities; Best obj: 0.12265
2026-09-08 10:41:00.825 | INFO     | myoconverter.optimization.utils.UtilsForceOpt:fmOptPSO_cust:197 -         PSO iteration: 17 ; 20 percentage similarities; Best obj: 0.12256
2026-09-08 10:41:01.039 | INFO     | myoconverter.optimization.utils.UtilsForceOpt:fmOptPSO_cust:197 -         PSO iteration: 18 ; 40 percentage similarities; Best obj: 0.12253
2026-09-08 10:41:01.039 | INFO     | myoconverter.optimization.utils.UtilsForceOpt:fmOptPSO_cust:205 -         Break the optimization, since certain number of similar particles reached
2026-09-08 10:41:01.188 | INFO     | myoconverter.conversion_steps.O2MStep3:optMuscleForce:293 - Muscle : bifemsh_r 
2026-09-08 10:41:11.584 | INFO     | myoconverter.optimization.utils.UtilsForceOpt:fmOptPSO_cust:197 -         PSO iteration: 0 ; 0 percentage similarities; Best obj: 0.03409
2026-09-08 10:41:11.774 | INFO     | myoconverter.optimization.utils.UtilsForceOpt:fmOptPSO_cust:197 -         PSO iteration: 1 ; 1 percentage similarities; Best obj: 0.03409
2026-09-08 10:41:11.965 | INFO     | myoconverter.optimization.utils.UtilsForceOpt:fmOptPSO_cust:197 -         PSO iteration: 2 ; 1 percentage similarities; Best obj: 0.03409
2026-09-08 10:41:12.146 | INFO     | myoconverter.optimization.utils.UtilsForceOpt:fmOptPSO_cust:197 -         PSO iteration: 3 ; 1 percentage similarities; Best obj: 0.03409
2026-09-08 10:41:12.333 | INFO     | myoconverter.optimization.utils.UtilsForceOpt:fmOptPSO_cust:197 -         PSO iteration: 4 ; 1 percentage similarities; Best obj: 0.03409
2026-09-08 10:41:12.508 | INFO     | myoconverter.optimization.utils.UtilsForceOpt:fmOptPSO_cust:197 -         PSO iteration: 5 ; 1 percentage similarities; Best obj: 0.03409
2026-09-08 10:41:12.670 | INFO     | myoconverter.optimization.utils.UtilsForceOpt:fmOptPSO_cust:197 -         PSO iteration: 6 ; 1 percentage similarities; Best obj: 0.03409
2026-09-08 10:41:12.851 | INFO     | myoconverter.optimization.utils.UtilsForceOpt:fmOptPSO_cust:197 -         PSO iteration: 7 ; 1 percentage similarities; Best obj: 0.02496
2026-09-08 10:41:13.041 | INFO     | myoconverter.optimization.utils.UtilsForceOpt:fmOptPSO_cust:197 -         PSO iteration: 8 ; 1 percentage similarities; Best obj: 0.02339
2026-09-08 10:41:13.204 | INFO     | myoconverter.optimization.utils.UtilsForceOpt:fmOptPSO_cust:197 -         PSO iteration: 9 ; 1 percentage similarities; Best obj: 0.0231
2026-09-08 10:41:13.385 | INFO     | myoconverter.optimization.utils.UtilsForceOpt:fmOptPSO_cust:197 -         PSO iteration: 10 ; 2 percentage similarities; Best obj: 0.02286
2026-09-08 10:41:13.556 | INFO     | myoconverter.optimization.utils.UtilsForceOpt:fmOptPSO_cust:197 -         PSO iteration: 11 ; 2 percentage similarities; Best obj: 0.02278
2026-09-08 10:41:13.738 | INFO     | myoconverter.optimization.utils.UtilsForceOpt:fmOptPSO_cust:197 -         PSO iteration: 12 ; 2 percentage similarities; Best obj: 0.02235
2026-09-08 10:41:13.909 | INFO     | myoconverter.optimization.utils.UtilsForceOpt:fmOptPSO_cust:197 -         PSO iteration: 13 ; 1 percentage similarities; Best obj: 0.02076
2026-09-08 10:41:14.080 | INFO     | myoconverter.optimization.utils.UtilsForceOpt:fmOptPSO_cust:197 -         PSO iteration: 14 ; 1 percentage similarities; Best obj: 0.02046
2026-09-08 10:41:14.252 | INFO     | myoconverter.optimization.utils.UtilsForceOpt:fmOptPSO_cust:197 -         PSO iteration: 15 ; 1 percentage similarities; Best obj: 0.02031
2026-09-08 10:41:14.423 | INFO     | myoconverter.optimization.utils.UtilsForceOpt:fmOptPSO_cust:197 -         PSO iteration: 16 ; 5 percentage similarities; Best obj: 0.02017
2026-09-08 10:41:14.604 | INFO     | myoconverter.optimization.utils.UtilsForceOpt:fmOptPSO_cust:197 -         PSO iteration: 17 ; 14 percentage similarities; Best obj: 0.02013
2026-09-08 10:41:14.785 | INFO     | myoconverter.optimization.utils.UtilsForceOpt:fmOptPSO_cust:197 -         PSO iteration: 18 ; 15 percentage similarities; Best obj: 0.02009
2026-09-08 10:41:14.956 | INFO     | myoconverter.optimization.utils.UtilsForceOpt:fmOptPSO_cust:197 -         PSO iteration: 19 ; 19 percentage similarities; Best obj: 0.02008
2026-09-08 10:41:15.137 | INFO     | myoconverter.optimization.utils.UtilsForceOpt:fmOptPSO_cust:197 -         PSO iteration: 20 ; 28 percentage similarities; Best obj: 0.02006
2026-09-08 10:41:15.308 | INFO     | myoconverter.optimization.utils.UtilsForceOpt:fmOptPSO_cust:197 -         PSO iteration: 21 ; 35 percentage similarities; Best obj: 0.02006
2026-09-08 10:41:15.479 | INFO     | myoconverter.optimization.utils.UtilsForceOpt:fmOptPSO_cust:197 -         PSO iteration: 22 ; 40 percentage similarities; Best obj: 0.02005
2026-09-08 10:41:15.649 | INFO     | myoconverter.optimization.utils.UtilsForceOpt:fmOptPSO_cust:197 -         PSO iteration: 23 ; 46 percentage similarities; Best obj: 0.02004
2026-09-08 10:41:15.649 | INFO     | myoconverter.optimization.utils.UtilsForceOpt:fmOptPSO_cust:205 -         Break the optimization, since certain number of similar particles reached
2026-09-08 10:41:15.763 | INFO     | myoconverter.conversion_steps.O2MStep3:optMuscleForce:293 - Muscle : sar_r 
2026-09-08 10:41:23.550 | INFO     | myoconverter.optimization.utils.UtilsForceOpt:fmOptPSO_cust:197 -         PSO iteration: 0 ; 0 percentage similarities; Best obj: 0.04375
2026-09-08 10:41:23.740 | INFO     | myoconverter.optimization.utils.UtilsForceOpt:fmOptPSO_cust:197 -         PSO iteration: 1 ; 1 percentage similarities; Best obj: 0.04375
2026-09-08 10:41:23.946 | INFO     | myoconverter.optimization.utils.UtilsForceOpt:fmOptPSO_cust:197 -         PSO iteration: 2 ; 1 percentage similarities; Best obj: 0.04375
2026-09-08 10:41:24.132 | INFO     | myoconverter.optimization.utils.UtilsForceOpt:fmOptPSO_cust:197 -         PSO iteration: 3 ; 1 percentage similarities; Best obj: 0.04375
2026-09-08 10:41:24.333 | INFO     | myoconverter.optimization.utils.UtilsForceOpt:fmOptPSO_cust:197 -         PSO iteration: 4 ; 1 percentage similarities; Best obj: 0.04375
2026-09-08 10:41:24.523 | INFO     | myoconverter.optimization.utils.UtilsForceOpt:fmOptPSO_cust:197 -         PSO iteration: 5 ; 1 percentage similarities; Best obj: 0.04375
2026-09-08 10:41:24.715 | INFO     | myoconverter.optimization.utils.UtilsForceOpt:fmOptPSO_cust:197 -         PSO iteration: 6 ; 1 percentage similarities; Best obj: 0.04375
2026-09-08 10:41:24.917 | INFO     | myoconverter.optimization.utils.UtilsForceOpt:fmOptPSO_cust:197 -         PSO iteration: 7 ; 1 percentage similarities; Best obj: 0.04375
2026-09-08 10:41:25.108 | INFO     | myoconverter.optimization.utils.UtilsForceOpt:fmOptPSO_cust:197 -         PSO iteration: 8 ; 1 percentage similarities; Best obj: 0.04287
2026-09-08 10:41:25.289 | INFO     | myoconverter.optimization.utils.UtilsForceOpt:fmOptPSO_cust:197 -         PSO iteration: 9 ; 1 percentage similarities; Best obj: 0.03792
2026-09-08 10:41:25.480 | INFO     | myoconverter.optimization.utils.UtilsForceOpt:fmOptPSO_cust:197 -         PSO iteration: 10 ; 2 percentage similarities; Best obj: 0.02858
2026-09-08 10:41:25.665 | INFO     | myoconverter.optimization.utils.UtilsForceOpt:fmOptPSO_cust:197 -         PSO iteration: 11 ; 1 percentage similarities; Best obj: 0.02715
2026-09-08 10:41:25.848 | INFO     | myoconverter.optimization.utils.UtilsForceOpt:fmOptPSO_cust:197 -         PSO iteration: 12 ; 1 percentage similarities; Best obj: 0.02687
2026-09-08 10:41:26.032 | INFO     | myoconverter.optimization.utils.UtilsForceOpt:fmOptPSO_cust:197 -         PSO iteration: 13 ; 1 percentage similarities; Best obj: 0.0268
2026-09-08 10:41:26.234 | INFO     | myoconverter.optimization.utils.UtilsForceOpt:fmOptPSO_cust:197 -         PSO iteration: 14 ; 1 percentage similarities; Best obj: 0.02678
2026-09-08 10:41:26.425 | INFO     | myoconverter.optimization.utils.UtilsForceOpt:fmOptPSO_cust:197 -         PSO iteration: 15 ; 1 percentage similarities; Best obj: 0.02623
2026-09-08 10:41:26.612 | INFO     | myoconverter.optimization.utils.UtilsForceOpt:fmOptPSO_cust:197 -         PSO iteration: 16 ; 2 percentage similarities; Best obj: 0.02596
2026-09-08 10:41:26.807 | INFO     | myoconverter.optimization.utils.UtilsForceOpt:fmOptPSO_cust:197 -         PSO iteration: 17 ; 2 percentage similarities; Best obj: 0.02589
2026-09-08 10:41:26.995 | INFO     | myoconverter.optimization.utils.UtilsForceOpt:fmOptPSO_cust:197 -         PSO iteration: 18 ; 2 percentage similarities; Best obj: 0.02573
2026-09-08 10:41:27.175 | INFO     | myoconverter.optimization.utils.UtilsForceOpt:fmOptPSO_cust:197 -         PSO iteration: 19 ; 4 percentage similarities; Best obj: 0.02568
2026-09-08 10:41:27.378 | INFO     | myoconverter.optimization.utils.UtilsForceOpt:fmOptPSO_cust:197 -         PSO iteration: 20 ; 5 percentage similarities; Best obj: 0.0256
2026-09-08 10:41:27.566 | INFO     | myoconverter.optimization.utils.UtilsForceOpt:fmOptPSO_cust:197 -         PSO iteration: 21 ; 5 percentage similarities; Best obj: 0.02553
2026-09-08 10:41:27.747 | INFO     | myoconverter.optimization.utils.UtilsForceOpt:fmOptPSO_cust:197 -         PSO iteration: 22 ; 5 percentage similarities; Best obj: 0.02543
2026-09-08 10:41:27.937 | INFO     | myoconverter.optimization.utils.UtilsForceOpt:fmOptPSO_cust:197 -         PSO iteration: 23 ; 5 percentage similarities; Best obj: 0.0254
2026-09-08 10:41:28.127 | INFO     | myoconverter.optimization.utils.UtilsForceOpt:fmOptPSO_cust:197 -         PSO iteration: 24 ; 6 percentage similarities; Best obj: 0.02532
2026-09-08 10:41:28.319 | INFO     | myoconverter.optimization.utils.UtilsForceOpt:fmOptPSO_cust:197 -         PSO iteration: 25 ; 9 percentage similarities; Best obj: 0.02529
2026-09-08 10:41:28.510 | INFO     | myoconverter.optimization.utils.UtilsForceOpt:fmOptPSO_cust:197 -         PSO iteration: 26 ; 14 percentage similarities; Best obj: 0.02524
2026-09-08 10:41:28.711 | INFO     | myoconverter.optimization.utils.UtilsForceOpt:fmOptPSO_cust:197 -         PSO iteration: 27 ; 16 percentage similarities; Best obj: 0.02522
2026-09-08 10:41:28.892 | INFO     | myoconverter.optimization.utils.UtilsForceOpt:fmOptPSO_cust:197 -         PSO iteration: 28 ; 25 percentage similarities; Best obj: 0.02521
2026-09-08 10:41:29.084 | INFO     | myoconverter.optimization.utils.UtilsForceOpt:fmOptPSO_cust:197 -         PSO iteration: 29 ; 30 percentage similarities; Best obj: 0.02515
2026-09-08 10:41:29.266 | INFO     | myoconverter.optimization.utils.UtilsForceOpt:fmOptPSO_cust:197 -         PSO iteration: 30 ; 36 percentage similarities; Best obj: 0.02514
2026-09-08 10:41:29.447 | INFO     | myoconverter.optimization.utils.UtilsForceOpt:fmOptPSO_cust:197 -         PSO iteration: 31 ; 45 percentage similarities; Best obj: 0.02514
2026-09-08 10:41:29.447 | INFO     | myoconverter.optimization.utils.UtilsForceOpt:fmOptPSO_cust:205 -         Break the optimization, since certain number of similar particles reached
2026-09-08 10:41:29.558 | INFO     | myoconverter.conversion_steps.O2MStep3:optMuscleForce:293 - Muscle : add_long_r 
2026-09-08 10:41:37.653 | INFO     | myoconverter.optimization.utils.UtilsForceOpt:fmOptPSO_cust:197 -         PSO iteration: 0 ; 0 percentage similarities; Best obj: 0.05131
2026-09-08 10:41:37.783 | INFO     | myoconverter.optimization.utils.UtilsForceOpt:fmOptPSO_cust:197 -         PSO iteration: 1 ; 1 percentage similarities; Best obj: 0.05131
2026-09-08 10:41:37.915 | INFO     | myoconverter.optimization.utils.UtilsForceOpt:fmOptPSO_cust:197 -         PSO iteration: 2 ; 1 percentage similarities; Best obj: 0.05131
2026-09-08 10:41:38.045 | INFO     | myoconverter.optimization.utils.UtilsForceOpt:fmOptPSO_cust:197 -         PSO iteration: 3 ; 1 percentage similarities; Best obj: 0.05131
2026-09-08 10:41:38.185 | INFO     | myoconverter.optimization.utils.UtilsForceOpt:fmOptPSO_cust:197 -         PSO iteration: 4 ; 1 percentage similarities; Best obj: 0.05131
2026-09-08 10:41:38.316 | INFO     | myoconverter.optimization.utils.UtilsForceOpt:fmOptPSO_cust:197 -         PSO iteration: 5 ; 1 percentage similarities; Best obj: 0.0406
2026-09-08 10:41:38.448 | INFO     | myoconverter.optimization.utils.UtilsForceOpt:fmOptPSO_cust:197 -         PSO iteration: 6 ; 1 percentage similarities; Best obj: 0.04019
2026-09-08 10:41:38.577 | INFO     | myoconverter.optimization.utils.UtilsForceOpt:fmOptPSO_cust:197 -         PSO iteration: 7 ; 1 percentage similarities; Best obj: 0.04019
2026-09-08 10:41:38.708 | INFO     | myoconverter.optimization.utils.UtilsForceOpt:fmOptPSO_cust:197 -         PSO iteration: 8 ; 1 percentage similarities; Best obj: 0.04019
2026-09-08 10:41:38.840 | INFO     | myoconverter.optimization.utils.UtilsForceOpt:fmOptPSO_cust:197 -         PSO iteration: 9 ; 1 percentage similarities; Best obj: 0.04019
2026-09-08 10:41:38.964 | INFO     | myoconverter.optimization.utils.UtilsForceOpt:fmOptPSO_cust:197 -         PSO iteration: 10 ; 1 percentage similarities; Best obj: 0.04019
2026-09-08 10:41:39.091 | INFO     | myoconverter.optimization.utils.UtilsForceOpt:fmOptPSO_cust:197 -         PSO iteration: 11 ; 1 percentage similarities; Best obj: 0.04019
2026-09-08 10:41:39.212 | INFO     | myoconverter.optimization.utils.UtilsForceOpt:fmOptPSO_cust:197 -         PSO iteration: 12 ; 1 percentage similarities; Best obj: 0.04019
2026-09-08 10:41:39.347 | INFO     | myoconverter.optimization.utils.UtilsForceOpt:fmOptPSO_cust:197 -         PSO iteration: 13 ; 1 percentage similarities; Best obj: 0.04001
2026-09-08 10:41:39.476 | INFO     | myoconverter.optimization.utils.UtilsForceOpt:fmOptPSO_cust:197 -         PSO iteration: 14 ; 2 percentage similarities; Best obj: 0.03986
2026-09-08 10:41:39.604 | INFO     | myoconverter.optimization.utils.UtilsForceOpt:fmOptPSO_cust:197 -         PSO iteration: 15 ; 2 percentage similarities; Best obj: 0.03949
2026-09-08 10:41:39.746 | INFO     | myoconverter.optimization.utils.UtilsForceOpt:fmOptPSO_cust:197 -         PSO iteration: 16 ; 2 percentage similarities; Best obj: 0.03942
2026-09-08 10:41:39.867 | INFO     | myoconverter.optimization.utils.UtilsForceOpt:fmOptPSO_cust:197 -         PSO iteration: 17 ; 2 percentage similarities; Best obj: 0.0394
2026-09-08 10:41:39.988 | INFO     | myoconverter.optimization.utils.UtilsForceOpt:fmOptPSO_cust:197 -         PSO iteration: 18 ; 2 percentage similarities; Best obj: 0.03827
2026-09-08 10:41:40.109 | INFO     | myoconverter.optimization.utils.UtilsForceOpt:fmOptPSO_cust:197 -         PSO iteration: 19 ; 1 percentage similarities; Best obj: 0.03788
2026-09-08 10:41:40.249 | INFO     | myoconverter.optimization.utils.UtilsForceOpt:fmOptPSO_cust:197 -         PSO iteration: 20 ; 1 percentage similarities; Best obj: 0.03779
2026-09-08 10:41:40.370 | INFO     | myoconverter.optimization.utils.UtilsForceOpt:fmOptPSO_cust:197 -         PSO iteration: 21 ; 1 percentage similarities; Best obj: 0.03713
2026-09-08 10:41:40.496 | INFO     | myoconverter.optimization.utils.UtilsForceOpt:fmOptPSO_cust:197 -         PSO iteration: 22 ; 4 percentage similarities; Best obj: 0.03695
2026-09-08 10:41:40.621 | INFO     | myoconverter.optimization.utils.UtilsForceOpt:fmOptPSO_cust:197 -         PSO iteration: 23 ; 4 percentage similarities; Best obj: 0.03691
2026-09-08 10:41:40.752 | INFO     | myoconverter.optimization.utils.UtilsForceOpt:fmOptPSO_cust:197 -         PSO iteration: 24 ; 6 percentage similarities; Best obj: 0.03689
2026-09-08 10:41:40.872 | INFO     | myoconverter.optimization.utils.UtilsForceOpt:fmOptPSO_cust:197 -         PSO iteration: 25 ; 8 percentage similarities; Best obj: 0.03684
2026-09-08 10:41:40.994 | INFO     | myoconverter.optimization.utils.UtilsForceOpt:fmOptPSO_cust:197 -         PSO iteration: 26 ; 6 percentage similarities; Best obj: 0.03669
2026-09-08 10:41:41.125 | INFO     | myoconverter.optimization.utils.UtilsForceOpt:fmOptPSO_cust:197 -         PSO iteration: 27 ; 8 percentage similarities; Best obj: 0.03665
2026-09-08 10:41:41.255 | INFO     | myoconverter.optimization.utils.UtilsForceOpt:fmOptPSO_cust:197 -         PSO iteration: 28 ; 15 percentage similarities; Best obj: 0.03661
2026-09-08 10:41:41.375 | INFO     | myoconverter.optimization.utils.UtilsForceOpt:fmOptPSO_cust:197 -         PSO iteration: 29 ; 21 percentage similarities; Best obj: 0.03659
2026-09-08 10:41:41.507 | INFO     | myoconverter.optimization.utils.UtilsForceOpt:fmOptPSO_cust:197 -         PSO iteration: 30 ; 36 percentage similarities; Best obj: 0.03657
2026-09-08 10:41:41.638 | INFO     | myoconverter.optimization.utils.UtilsForceOpt:fmOptPSO_cust:197 -         PSO iteration: 31 ; 48 percentage similarities; Best obj: 0.03656
2026-09-08 10:41:41.638 | INFO     | myoconverter.optimization.utils.UtilsForceOpt:fmOptPSO_cust:205 -         Break the optimization, since certain number of similar particles reached
2026-09-08 10:41:41.749 | INFO     | myoconverter.conversion_steps.O2MStep3:optMuscleForce:293 - Muscle : add_brev_r 
2026-09-08 10:41:49.771 | INFO     | myoconverter.optimization.utils.UtilsForceOpt:fmOptPSO_cust:197 -         PSO iteration: 0 ; 0 percentage similarities; Best obj: 0.05822
2026-09-08 10:41:49.901 | INFO     | myoconverter.optimization.utils.UtilsForceOpt:fmOptPSO_cust:197 -         PSO iteration: 1 ; 1 percentage similarities; Best obj: 0.05822
2026-09-08 10:41:50.033 | INFO     | myoconverter.optimization.utils.UtilsForceOpt:fmOptPSO_cust:197 -         PSO iteration: 2 ; 1 percentage similarities; Best obj: 0.05822
2026-09-08 10:41:50.153 | INFO     | myoconverter.optimization.utils.UtilsForceOpt:fmOptPSO_cust:197 -         PSO iteration: 3 ; 1 percentage similarities; Best obj: 0.04257
2026-09-08 10:41:50.273 | INFO     | myoconverter.optimization.utils.UtilsForceOpt:fmOptPSO_cust:197 -         PSO iteration: 4 ; 1 percentage similarities; Best obj: 0.03532
2026-09-08 10:41:50.404 | INFO     | myoconverter.optimization.utils.UtilsForceOpt:fmOptPSO_cust:197 -         PSO iteration: 5 ; 1 percentage similarities; Best obj: 0.03397
2026-09-08 10:41:50.546 | INFO     | myoconverter.optimization.utils.UtilsForceOpt:fmOptPSO_cust:197 -         PSO iteration: 6 ; 1 percentage similarities; Best obj: 0.03367
2026-09-08 10:41:50.686 | INFO     | myoconverter.optimization.utils.UtilsForceOpt:fmOptPSO_cust:197 -         PSO iteration: 7 ; 1 percentage similarities; Best obj: 0.0336
2026-09-08 10:41:50.816 | INFO     | myoconverter.optimization.utils.UtilsForceOpt:fmOptPSO_cust:197 -         PSO iteration: 8 ; 1 percentage similarities; Best obj: 0.02895
2026-09-08 10:41:50.957 | INFO     | myoconverter.optimization.utils.UtilsForceOpt:fmOptPSO_cust:197 -         PSO iteration: 9 ; 1 percentage similarities; Best obj: 0.02793
2026-09-08 10:41:51.078 | INFO     | myoconverter.optimization.utils.UtilsForceOpt:fmOptPSO_cust:197 -         PSO iteration: 10 ; 1 percentage similarities; Best obj: 0.0277
2026-09-08 10:41:51.208 | INFO     | myoconverter.optimization.utils.UtilsForceOpt:fmOptPSO_cust:197 -         PSO iteration: 11 ; 1 percentage similarities; Best obj: 0.02742
2026-09-08 10:41:51.349 | INFO     | myoconverter.optimization.utils.UtilsForceOpt:fmOptPSO_cust:197 -         PSO iteration: 12 ; 2 percentage similarities; Best obj: 0.02651
2026-09-08 10:41:51.470 | INFO     | myoconverter.optimization.utils.UtilsForceOpt:fmOptPSO_cust:197 -         PSO iteration: 13 ; 1 percentage similarities; Best obj: 0.02629
2026-09-08 10:41:51.611 | INFO     | myoconverter.optimization.utils.UtilsForceOpt:fmOptPSO_cust:197 -         PSO iteration: 14 ; 1 percentage similarities; Best obj: 0.02624
2026-09-08 10:41:51.733 | INFO     | myoconverter.optimization.utils.UtilsForceOpt:fmOptPSO_cust:197 -         PSO iteration: 15 ; 2 percentage similarities; Best obj: 0.02604
2026-09-08 10:41:51.863 | INFO     | myoconverter.optimization.utils.UtilsForceOpt:fmOptPSO_cust:197 -         PSO iteration: 16 ; 2 percentage similarities; Best obj: 0.02573
2026-09-08 10:41:52.004 | INFO     | myoconverter.optimization.utils.UtilsForceOpt:fmOptPSO_cust:197 -         PSO iteration: 17 ; 4 percentage similarities; Best obj: 0.02464
2026-09-08 10:41:52.135 | INFO     | myoconverter.optimization.utils.UtilsForceOpt:fmOptPSO_cust:197 -         PSO iteration: 18 ; 1 percentage similarities; Best obj: 0.02441
2026-09-08 10:41:52.265 | INFO     | myoconverter.optimization.utils.UtilsForceOpt:fmOptPSO_cust:197 -         PSO iteration: 19 ; 1 percentage similarities; Best obj: 0.02436
2026-09-08 10:41:52.406 | INFO     | myoconverter.optimization.utils.UtilsForceOpt:fmOptPSO_cust:197 -         PSO iteration: 20 ; 2 percentage similarities; Best obj: 0.02431
2026-09-08 10:41:52.563 | INFO     | myoconverter.optimization.utils.UtilsForceOpt:fmOptPSO_cust:197 -         PSO iteration: 21 ; 4 percentage similarities; Best obj: 0.02402
2026-09-08 10:41:52.697 | INFO     | myoconverter.optimization.utils.UtilsForceOpt:fmOptPSO_cust:197 -         PSO iteration: 22 ; 1 percentage similarities; Best obj: 0.02397
2026-09-08 10:41:52.828 | INFO     | myoconverter.optimization.utils.UtilsForceOpt:fmOptPSO_cust:197 -         PSO iteration: 23 ; 1 percentage similarities; Best obj: 0.02396
2026-09-08 10:41:52.969 | INFO     | myoconverter.optimization.utils.UtilsForceOpt:fmOptPSO_cust:197 -         PSO iteration: 24 ; 5 percentage similarities; Best obj: 0.02395
2026-09-08 10:41:53.110 | INFO     | myoconverter.optimization.utils.UtilsForceOpt:fmOptPSO_cust:197 -         PSO iteration: 25 ; 9 percentage similarities; Best obj: 0.02392
2026-09-08 10:41:53.246 | INFO     | myoconverter.optimization.utils.UtilsForceOpt:fmOptPSO_cust:197 -         PSO iteration: 26 ; 10 percentage similarities; Best obj: 0.02392
2026-09-08 10:41:53.381 | INFO     | myoconverter.optimization.utils.UtilsForceOpt:fmOptPSO_cust:197 -         PSO iteration: 27 ; 11 percentage similarities; Best obj: 0.02391
2026-09-08 10:41:53.533 | INFO     | myoconverter.optimization.utils.UtilsForceOpt:fmOptPSO_cust:197 -         PSO iteration: 28 ; 14 percentage similarities; Best obj: 0.0239
2026-09-08 10:41:53.715 | INFO     | myoconverter.optimization.utils.UtilsForceOpt:fmOptPSO_cust:197 -         PSO iteration: 29 ; 20 percentage similarities; Best obj: 0.02388
2026-09-08 10:41:53.875 | INFO     | myoconverter.optimization.utils.UtilsForceOpt:fmOptPSO_cust:197 -         PSO iteration: 30 ; 31 percentage similarities; Best obj: 0.02387
2026-09-08 10:41:54.032 | INFO     | myoconverter.optimization.utils.UtilsForceOpt:fmOptPSO_cust:197 -         PSO iteration: 31 ; 42 percentage similarities; Best obj: 0.02387
2026-09-08 10:41:54.032 | INFO     | myoconverter.optimization.utils.UtilsForceOpt:fmOptPSO_cust:205 -         Break the optimization, since certain number of similar particles reached
2026-09-08 10:41:54.162 | INFO     | myoconverter.conversion_steps.O2MStep3:optMuscleForce:293 - Muscle : add_mag1_r 
2026-09-08 10:42:02.818 | INFO     | myoconverter.optimization.utils.UtilsForceOpt:fmOptPSO_cust:197 -         PSO iteration: 0 ; 0 percentage similarities; Best obj: 0.22115
2026-09-08 10:42:02.978 | INFO     | myoconverter.optimization.utils.UtilsForceOpt:fmOptPSO_cust:197 -         PSO iteration: 1 ; 1 percentage similarities; Best obj: 0.15504
2026-09-08 10:42:03.146 | INFO     | myoconverter.optimization.utils.UtilsForceOpt:fmOptPSO_cust:197 -         PSO iteration: 2 ; 1 percentage similarities; Best obj: 0.11987
2026-09-08 10:42:03.289 | INFO     | myoconverter.optimization.utils.UtilsForceOpt:fmOptPSO_cust:197 -         PSO iteration: 3 ; 1 percentage similarities; Best obj: 0.08631
2026-09-08 10:42:03.427 | INFO     | myoconverter.optimization.utils.UtilsForceOpt:fmOptPSO_cust:197 -         PSO iteration: 4 ; 1 percentage similarities; Best obj: 0.07812
2026-09-08 10:42:03.567 | INFO     | myoconverter.optimization.utils.UtilsForceOpt:fmOptPSO_cust:197 -         PSO iteration: 5 ; 1 percentage similarities; Best obj: 0.07637
2026-09-08 10:42:03.705 | INFO     | myoconverter.optimization.utils.UtilsForceOpt:fmOptPSO_cust:197 -         PSO iteration: 6 ; 1 percentage similarities; Best obj: 0.07595
2026-09-08 10:42:03.838 | INFO     | myoconverter.optimization.utils.UtilsForceOpt:fmOptPSO_cust:197 -         PSO iteration: 7 ; 1 percentage similarities; Best obj: 0.07585
2026-09-08 10:42:03.968 | INFO     | myoconverter.optimization.utils.UtilsForceOpt:fmOptPSO_cust:197 -         PSO iteration: 8 ; 1 percentage similarities; Best obj: 0.07413
2026-09-08 10:42:04.108 | INFO     | myoconverter.optimization.utils.UtilsForceOpt:fmOptPSO_cust:197 -         PSO iteration: 9 ; 2 percentage similarities; Best obj: 0.06635
2026-09-08 10:42:04.229 | INFO     | myoconverter.optimization.utils.UtilsForceOpt:fmOptPSO_cust:197 -         PSO iteration: 10 ; 1 percentage similarities; Best obj: 0.06501
2026-09-08 10:42:04.370 | INFO     | myoconverter.optimization.utils.UtilsForceOpt:fmOptPSO_cust:197 -         PSO iteration: 11 ; 1 percentage similarities; Best obj: 0.06398
2026-09-08 10:42:04.492 | INFO     | myoconverter.optimization.utils.UtilsForceOpt:fmOptPSO_cust:197 -         PSO iteration: 12 ; 2 percentage similarities; Best obj: 0.06233
2026-09-08 10:42:04.633 | INFO     | myoconverter.optimization.utils.UtilsForceOpt:fmOptPSO_cust:197 -         PSO iteration: 13 ; 4 percentage similarities; Best obj: 0.06102
2026-09-08 10:42:04.764 | INFO     | myoconverter.optimization.utils.UtilsForceOpt:fmOptPSO_cust:197 -         PSO iteration: 14 ; 2 percentage similarities; Best obj: 0.06077
2026-09-08 10:42:04.894 | INFO     | myoconverter.optimization.utils.UtilsForceOpt:fmOptPSO_cust:197 -         PSO iteration: 15 ; 4 percentage similarities; Best obj: 0.06071
2026-09-08 10:42:05.025 | INFO     | myoconverter.optimization.utils.UtilsForceOpt:fmOptPSO_cust:197 -         PSO iteration: 16 ; 8 percentage similarities; Best obj: 0.0607
2026-09-08 10:42:05.156 | INFO     | myoconverter.optimization.utils.UtilsForceOpt:fmOptPSO_cust:197 -         PSO iteration: 17 ; 8 percentage similarities; Best obj: 0.0607
2026-09-08 10:42:05.280 | INFO     | myoconverter.optimization.utils.UtilsForceOpt:fmOptPSO_cust:197 -         PSO iteration: 18 ; 9 percentage similarities; Best obj: 0.06036
2026-09-08 10:42:05.408 | INFO     | myoconverter.optimization.utils.UtilsForceOpt:fmOptPSO_cust:197 -         PSO iteration: 19 ; 9 percentage similarities; Best obj: 0.06026
2026-09-08 10:42:05.539 | INFO     | myoconverter.optimization.utils.UtilsForceOpt:fmOptPSO_cust:197 -         PSO iteration: 20 ; 9 percentage similarities; Best obj: 0.06023
2026-09-08 10:42:05.672 | INFO     | myoconverter.optimization.utils.UtilsForceOpt:fmOptPSO_cust:197 -         PSO iteration: 21 ; 9 percentage similarities; Best obj: 0.05998
2026-09-08 10:42:05.811 | INFO     | myoconverter.optimization.utils.UtilsForceOpt:fmOptPSO_cust:197 -         PSO iteration: 22 ; 9 percentage similarities; Best obj: 0.05994
2026-09-08 10:42:05.932 | INFO     | myoconverter.optimization.utils.UtilsForceOpt:fmOptPSO_cust:197 -         PSO iteration: 23 ; 12 percentage similarities; Best obj: 0.05993
2026-09-08 10:42:06.063 | INFO     | myoconverter.optimization.utils.UtilsForceOpt:fmOptPSO_cust:197 -         PSO iteration: 24 ; 16 percentage similarities; Best obj: 0.05979
2026-09-08 10:42:06.184 | INFO     | myoconverter.optimization.utils.UtilsForceOpt:fmOptPSO_cust:197 -         PSO iteration: 25 ; 22 percentage similarities; Best obj: 0.05977
2026-09-08 10:42:06.314 | INFO     | myoconverter.optimization.utils.UtilsForceOpt:fmOptPSO_cust:197 -         PSO iteration: 26 ; 35 percentage similarities; Best obj: 0.05977
2026-09-08 10:42:06.325 | INFO     | myoconverter.optimization.utils.UtilsForceOpt:fmOptPSO_cust:205 -         Break the optimization, since certain number of similar particles reached
2026-09-08 10:42:06.434 | INFO     | myoconverter.conversion_steps.O2MStep3:optMuscleForce:293 - Muscle : add_mag2_r 
2026-09-08 10:42:15.211 | INFO     | myoconverter.optimization.utils.UtilsForceOpt:fmOptPSO_cust:197 -         PSO iteration: 0 ; 0 percentage similarities; Best obj: 0.09251
2026-09-08 10:42:15.352 | INFO     | myoconverter.optimization.utils.UtilsForceOpt:fmOptPSO_cust:197 -         PSO iteration: 1 ; 1 percentage similarities; Best obj: 0.09251
2026-09-08 10:42:15.495 | INFO     | myoconverter.optimization.utils.UtilsForceOpt:fmOptPSO_cust:197 -         PSO iteration: 2 ; 1 percentage similarities; Best obj: 0.09251
2026-09-08 10:42:15.633 | INFO     | myoconverter.optimization.utils.UtilsForceOpt:fmOptPSO_cust:197 -         PSO iteration: 3 ; 1 percentage similarities; Best obj: 0.09251
2026-09-08 10:42:15.764 | INFO     | myoconverter.optimization.utils.UtilsForceOpt:fmOptPSO_cust:197 -         PSO iteration: 4 ; 1 percentage similarities; Best obj: 0.09251
2026-09-08 10:42:15.905 | INFO     | myoconverter.optimization.utils.UtilsForceOpt:fmOptPSO_cust:197 -         PSO iteration: 5 ; 1 percentage similarities; Best obj: 0.08152
2026-09-08 10:42:16.036 | INFO     | myoconverter.optimization.utils.UtilsForceOpt:fmOptPSO_cust:197 -         PSO iteration: 6 ; 1 percentage similarities; Best obj: 0.07853
2026-09-08 10:42:16.176 | INFO     | myoconverter.optimization.utils.UtilsForceOpt:fmOptPSO_cust:197 -         PSO iteration: 7 ; 2 percentage similarities; Best obj: 0.06023
2026-09-08 10:42:16.306 | INFO     | myoconverter.optimization.utils.UtilsForceOpt:fmOptPSO_cust:197 -         PSO iteration: 8 ; 1 percentage similarities; Best obj: 0.05368
2026-09-08 10:42:16.437 | INFO     | myoconverter.optimization.utils.UtilsForceOpt:fmOptPSO_cust:197 -         PSO iteration: 9 ; 1 percentage similarities; Best obj: 0.05127
2026-09-08 10:42:16.568 | INFO     | myoconverter.optimization.utils.UtilsForceOpt:fmOptPSO_cust:197 -         PSO iteration: 10 ; 1 percentage similarities; Best obj: 0.04586
2026-09-08 10:42:16.706 | INFO     | myoconverter.optimization.utils.UtilsForceOpt:fmOptPSO_cust:197 -         PSO iteration: 11 ; 1 percentage similarities; Best obj: 0.04234
2026-09-08 10:42:16.830 | INFO     | myoconverter.optimization.utils.UtilsForceOpt:fmOptPSO_cust:197 -         PSO iteration: 12 ; 1 percentage similarities; Best obj: 0.03805
2026-09-08 10:42:16.962 | INFO     | myoconverter.optimization.utils.UtilsForceOpt:fmOptPSO_cust:197 -         PSO iteration: 13 ; 1 percentage similarities; Best obj: 0.03611
2026-09-08 10:42:17.102 | INFO     | myoconverter.optimization.utils.UtilsForceOpt:fmOptPSO_cust:197 -         PSO iteration: 14 ; 4 percentage similarities; Best obj: 0.03506
2026-09-08 10:42:17.233 | INFO     | myoconverter.optimization.utils.UtilsForceOpt:fmOptPSO_cust:197 -         PSO iteration: 15 ; 4 percentage similarities; Best obj: 0.03484
2026-09-08 10:42:17.363 | INFO     | myoconverter.optimization.utils.UtilsForceOpt:fmOptPSO_cust:197 -         PSO iteration: 16 ; 4 percentage similarities; Best obj: 0.0348
2026-09-08 10:42:17.502 | INFO     | myoconverter.optimization.utils.UtilsForceOpt:fmOptPSO_cust:197 -         PSO iteration: 17 ; 4 percentage similarities; Best obj: 0.03479
2026-09-08 10:42:17.627 | INFO     | myoconverter.optimization.utils.UtilsForceOpt:fmOptPSO_cust:197 -         PSO iteration: 18 ; 9 percentage similarities; Best obj: 0.03458
2026-09-08 10:42:17.756 | INFO     | myoconverter.optimization.utils.UtilsForceOpt:fmOptPSO_cust:197 -         PSO iteration: 19 ; 11 percentage similarities; Best obj: 0.03453
2026-09-08 10:42:17.897 | INFO     | myoconverter.optimization.utils.UtilsForceOpt:fmOptPSO_cust:197 -         PSO iteration: 20 ; 19 percentage similarities; Best obj: 0.03451
2026-09-08 10:42:18.028 | INFO     | myoconverter.optimization.utils.UtilsForceOpt:fmOptPSO_cust:197 -         PSO iteration: 21 ; 21 percentage similarities; Best obj: 0.0345
2026-09-08 10:42:18.159 | INFO     | myoconverter.optimization.utils.UtilsForceOpt:fmOptPSO_cust:197 -         PSO iteration: 22 ; 24 percentage similarities; Best obj: 0.03447
2026-09-08 10:42:18.290 | INFO     | myoconverter.optimization.utils.UtilsForceOpt:fmOptPSO_cust:197 -         PSO iteration: 23 ; 34 percentage similarities; Best obj: 0.03446
2026-09-08 10:42:18.423 | INFO     | myoconverter.optimization.utils.UtilsForceOpt:fmOptPSO_cust:197 -         PSO iteration: 24 ; 35 percentage similarities; Best obj: 0.03443
2026-09-08 10:42:18.552 | INFO     | myoconverter.optimization.utils.UtilsForceOpt:fmOptPSO_cust:197 -         PSO iteration: 25 ; 42 percentage similarities; Best obj: 0.03442
2026-09-08 10:42:18.704 | INFO     | myoconverter.optimization.utils.UtilsForceOpt:fmOptPSO_cust:197 -         PSO iteration: 26 ; 45 percentage similarities; Best obj: 0.03441
2026-09-08 10:42:18.874 | INFO     | myoconverter.optimization.utils.UtilsForceOpt:fmOptPSO_cust:197 -         PSO iteration: 27 ; 49 percentage similarities; Best obj: 0.03437
2026-09-08 10:42:18.874 | INFO     | myoconverter.optimization.utils.UtilsForceOpt:fmOptPSO_cust:205 -         Break the optimization, since certain number of similar particles reached
2026-09-08 10:42:19.004 | INFO     | myoconverter.conversion_steps.O2MStep3:optMuscleForce:293 - Muscle : add_mag3_r 
2026-09-08 10:42:27.472 | INFO     | myoconverter.optimization.utils.UtilsForceOpt:fmOptPSO_cust:197 -         PSO iteration: 0 ; 0 percentage similarities; Best obj: 0.0524
2026-09-08 10:42:27.603 | INFO     | myoconverter.optimization.utils.UtilsForceOpt:fmOptPSO_cust:197 -         PSO iteration: 1 ; 1 percentage similarities; Best obj: 0.0524
2026-09-08 10:42:27.733 | INFO     | myoconverter.optimization.utils.UtilsForceOpt:fmOptPSO_cust:197 -         PSO iteration: 2 ; 1 percentage similarities; Best obj: 0.0524
2026-09-08 10:42:27.873 | INFO     | myoconverter.optimization.utils.UtilsForceOpt:fmOptPSO_cust:197 -         PSO iteration: 3 ; 1 percentage similarities; Best obj: 0.0524
2026-09-08 10:42:28.024 | INFO     | myoconverter.optimization.utils.UtilsForceOpt:fmOptPSO_cust:197 -         PSO iteration: 4 ; 2 percentage similarities; Best obj: 0.04822
2026-09-08 10:42:28.155 | INFO     | myoconverter.optimization.utils.UtilsForceOpt:fmOptPSO_cust:197 -         PSO iteration: 5 ; 1 percentage similarities; Best obj: 0.04752
2026-09-08 10:42:28.296 | INFO     | myoconverter.optimization.utils.UtilsForceOpt:fmOptPSO_cust:197 -         PSO iteration: 6 ; 1 percentage similarities; Best obj: 0.04738
2026-09-08 10:42:28.436 | INFO     | myoconverter.optimization.utils.UtilsForceOpt:fmOptPSO_cust:197 -         PSO iteration: 7 ; 2 percentage similarities; Best obj: 0.0452
2026-09-08 10:42:28.578 | INFO     | myoconverter.optimization.utils.UtilsForceOpt:fmOptPSO_cust:197 -         PSO iteration: 8 ; 1 percentage similarities; Best obj: 0.04439
2026-09-08 10:42:28.718 | INFO     | myoconverter.optimization.utils.UtilsForceOpt:fmOptPSO_cust:197 -         PSO iteration: 9 ; 2 percentage similarities; Best obj: 0.04374
2026-09-08 10:42:28.858 | INFO     | myoconverter.optimization.utils.UtilsForceOpt:fmOptPSO_cust:197 -         PSO iteration: 10 ; 2 percentage similarities; Best obj: 0.03798
2026-09-08 10:42:28.999 | INFO     | myoconverter.optimization.utils.UtilsForceOpt:fmOptPSO_cust:197 -         PSO iteration: 11 ; 1 percentage similarities; Best obj: 0.03642
2026-09-08 10:42:29.140 | INFO     | myoconverter.optimization.utils.UtilsForceOpt:fmOptPSO_cust:197 -         PSO iteration: 12 ; 1 percentage similarities; Best obj: 0.03608
2026-09-08 10:42:29.281 | INFO     | myoconverter.optimization.utils.UtilsForceOpt:fmOptPSO_cust:197 -         PSO iteration: 13 ; 1 percentage similarities; Best obj: 0.03489
2026-09-08 10:42:29.424 | INFO     | myoconverter.optimization.utils.UtilsForceOpt:fmOptPSO_cust:197 -         PSO iteration: 14 ; 1 percentage similarities; Best obj: 0.03205
2026-09-08 10:42:29.563 | INFO     | myoconverter.optimization.utils.UtilsForceOpt:fmOptPSO_cust:197 -         PSO iteration: 15 ; 1 percentage similarities; Best obj: 0.03133
2026-09-08 10:42:29.708 | INFO     | myoconverter.optimization.utils.UtilsForceOpt:fmOptPSO_cust:197 -         PSO iteration: 16 ; 1 percentage similarities; Best obj: 0.03117
2026-09-08 10:42:29.845 | INFO     | myoconverter.optimization.utils.UtilsForceOpt:fmOptPSO_cust:197 -         PSO iteration: 17 ; 1 percentage similarities; Best obj: 0.03113
2026-09-08 10:42:29.986 | INFO     | myoconverter.optimization.utils.UtilsForceOpt:fmOptPSO_cust:197 -         PSO iteration: 18 ; 1 percentage similarities; Best obj: 0.03043
2026-09-08 10:42:30.127 | INFO     | myoconverter.optimization.utils.UtilsForceOpt:fmOptPSO_cust:197 -         PSO iteration: 19 ; 2 percentage similarities; Best obj: 0.02997
2026-09-08 10:42:30.273 | INFO     | myoconverter.optimization.utils.UtilsForceOpt:fmOptPSO_cust:197 -         PSO iteration: 20 ; 2 percentage similarities; Best obj: 0.02987
2026-09-08 10:42:30.406 | INFO     | myoconverter.optimization.utils.UtilsForceOpt:fmOptPSO_cust:197 -         PSO iteration: 21 ; 2 percentage similarities; Best obj: 0.02985
2026-09-08 10:42:30.556 | INFO     | myoconverter.optimization.utils.UtilsForceOpt:fmOptPSO_cust:197 -         PSO iteration: 22 ; 2 percentage similarities; Best obj: 0.02984
2026-09-08 10:42:30.699 | INFO     | myoconverter.optimization.utils.UtilsForceOpt:fmOptPSO_cust:197 -         PSO iteration: 23 ; 8 percentage similarities; Best obj: 0.02974
2026-09-08 10:42:30.837 | INFO     | myoconverter.optimization.utils.UtilsForceOpt:fmOptPSO_cust:197 -         PSO iteration: 24 ; 8 percentage similarities; Best obj: 0.02959
2026-09-08 10:42:30.979 | INFO     | myoconverter.optimization.utils.UtilsForceOpt:fmOptPSO_cust:197 -         PSO iteration: 25 ; 19 percentage similarities; Best obj: 0.02956
2026-09-08 10:42:31.111 | INFO     | myoconverter.optimization.utils.UtilsForceOpt:fmOptPSO_cust:197 -         PSO iteration: 26 ; 20 percentage similarities; Best obj: 0.02954
2026-09-08 10:42:31.251 | INFO     | myoconverter.optimization.utils.UtilsForceOpt:fmOptPSO_cust:197 -         PSO iteration: 27 ; 22 percentage similarities; Best obj: 0.02946
2026-09-08 10:42:31.402 | INFO     | myoconverter.optimization.utils.UtilsForceOpt:fmOptPSO_cust:197 -         PSO iteration: 28 ; 30 percentage similarities; Best obj: 0.0294
2026-09-08 10:42:31.564 | INFO     | myoconverter.optimization.utils.UtilsForceOpt:fmOptPSO_cust:197 -         PSO iteration: 29 ; 50 percentage similarities; Best obj: 0.02939
2026-09-08 10:42:31.564 | INFO     | myoconverter.optimization.utils.UtilsForceOpt:fmOptPSO_cust:205 -         Break the optimization, since certain number of similar particles reached
2026-09-08 10:42:31.728 | INFO     | myoconverter.conversion_steps.O2MStep3:optMuscleForce:293 - Muscle : tfl_r 
2026-09-08 10:42:40.700 | INFO     | myoconverter.optimization.utils.UtilsForceOpt:fmOptPSO_cust:197 -         PSO iteration: 0 ; 0 percentage similarities; Best obj: 0.21504
2026-09-08 10:42:40.971 | INFO     | myoconverter.optimization.utils.UtilsForceOpt:fmOptPSO_cust:197 -         PSO iteration: 1 ; 1 percentage similarities; Best obj: 0.09897
2026-09-08 10:42:41.222 | INFO     | myoconverter.optimization.utils.UtilsForceOpt:fmOptPSO_cust:197 -         PSO iteration: 2 ; 1 percentage similarities; Best obj: 0.09664
2026-09-08 10:42:41.459 | INFO     | myoconverter.optimization.utils.UtilsForceOpt:fmOptPSO_cust:197 -         PSO iteration: 3 ; 1 percentage similarities; Best obj: 0.09664
2026-09-08 10:42:41.677 | INFO     | myoconverter.optimization.utils.UtilsForceOpt:fmOptPSO_cust:197 -         PSO iteration: 4 ; 1 percentage similarities; Best obj: 0.09664
2026-09-08 10:42:41.907 | INFO     | myoconverter.optimization.utils.UtilsForceOpt:fmOptPSO_cust:197 -         PSO iteration: 5 ; 1 percentage similarities; Best obj: 0.09321
2026-09-08 10:42:42.138 | INFO     | myoconverter.optimization.utils.UtilsForceOpt:fmOptPSO_cust:197 -         PSO iteration: 6 ; 1 percentage similarities; Best obj: 0.08821
2026-09-08 10:42:42.359 | INFO     | myoconverter.optimization.utils.UtilsForceOpt:fmOptPSO_cust:197 -         PSO iteration: 7 ; 1 percentage similarities; Best obj: 0.08482
2026-09-08 10:42:42.570 | INFO     | myoconverter.optimization.utils.UtilsForceOpt:fmOptPSO_cust:197 -         PSO iteration: 8 ; 1 percentage similarities; Best obj: 0.08362
2026-09-08 10:42:42.787 | INFO     | myoconverter.optimization.utils.UtilsForceOpt:fmOptPSO_cust:197 -         PSO iteration: 9 ; 1 percentage similarities; Best obj: 0.08207
2026-09-08 10:42:43.012 | INFO     | myoconverter.optimization.utils.UtilsForceOpt:fmOptPSO_cust:197 -         PSO iteration: 10 ; 1 percentage similarities; Best obj: 0.08148
2026-09-08 10:42:43.261 | INFO     | myoconverter.optimization.utils.UtilsForceOpt:fmOptPSO_cust:197 -         PSO iteration: 11 ; 2 percentage similarities; Best obj: 0.08024
2026-09-08 10:42:43.498 | INFO     | myoconverter.optimization.utils.UtilsForceOpt:fmOptPSO_cust:197 -         PSO iteration: 12 ; 1 percentage similarities; Best obj: 0.08
2026-09-08 10:42:43.725 | INFO     | myoconverter.optimization.utils.UtilsForceOpt:fmOptPSO_cust:197 -         PSO iteration: 13 ; 2 percentage similarities; Best obj: 0.0797
2026-09-08 10:42:43.957 | INFO     | myoconverter.optimization.utils.UtilsForceOpt:fmOptPSO_cust:197 -         PSO iteration: 14 ; 2 percentage similarities; Best obj: 0.07959
2026-09-08 10:42:44.169 | INFO     | myoconverter.optimization.utils.UtilsForceOpt:fmOptPSO_cust:197 -         PSO iteration: 15 ; 2 percentage similarities; Best obj: 0.07957
2026-09-08 10:42:44.379 | INFO     | myoconverter.optimization.utils.UtilsForceOpt:fmOptPSO_cust:197 -         PSO iteration: 16 ; 2 percentage similarities; Best obj: 0.07938
2026-09-08 10:42:44.601 | INFO     | myoconverter.optimization.utils.UtilsForceOpt:fmOptPSO_cust:197 -         PSO iteration: 17 ; 2 percentage similarities; Best obj: 0.07934
2026-09-08 10:42:44.823 | INFO     | myoconverter.optimization.utils.UtilsForceOpt:fmOptPSO_cust:197 -         PSO iteration: 18 ; 2 percentage similarities; Best obj: 0.07933
2026-09-08 10:42:45.044 | INFO     | myoconverter.optimization.utils.UtilsForceOpt:fmOptPSO_cust:197 -         PSO iteration: 19 ; 2 percentage similarities; Best obj: 0.07932
2026-09-08 10:42:45.255 | INFO     | myoconverter.optimization.utils.UtilsForceOpt:fmOptPSO_cust:197 -         PSO iteration: 20 ; 2 percentage similarities; Best obj: 0.07924
2026-09-08 10:42:45.476 | INFO     | myoconverter.optimization.utils.UtilsForceOpt:fmOptPSO_cust:197 -         PSO iteration: 21 ; 2 percentage similarities; Best obj: 0.07922
2026-09-08 10:42:45.697 | INFO     | myoconverter.optimization.utils.UtilsForceOpt:fmOptPSO_cust:197 -         PSO iteration: 22 ; 4 percentage similarities; Best obj: 0.07922
2026-09-08 10:42:45.909 | INFO     | myoconverter.optimization.utils.UtilsForceOpt:fmOptPSO_cust:197 -         PSO iteration: 23 ; 4 percentage similarities; Best obj: 0.07921
2026-09-08 10:42:46.131 | INFO     | myoconverter.optimization.utils.UtilsForceOpt:fmOptPSO_cust:197 -         PSO iteration: 24 ; 4 percentage similarities; Best obj: 0.07921
2026-09-08 10:42:46.332 | INFO     | myoconverter.optimization.utils.UtilsForceOpt:fmOptPSO_cust:197 -         PSO iteration: 25 ; 4 percentage similarities; Best obj: 0.0792
2026-09-08 10:42:46.546 | INFO     | myoconverter.optimization.utils.UtilsForceOpt:fmOptPSO_cust:197 -         PSO iteration: 26 ; 4 percentage similarities; Best obj: 0.0792
2026-09-08 10:42:46.765 | INFO     | myoconverter.optimization.utils.UtilsForceOpt:fmOptPSO_cust:197 -         PSO iteration: 27 ; 4 percentage similarities; Best obj: 0.0792
2026-09-08 10:42:46.986 | INFO     | myoconverter.optimization.utils.UtilsForceOpt:fmOptPSO_cust:197 -         PSO iteration: 28 ; 4 percentage similarities; Best obj: 0.0792
2026-09-08 10:42:47.197 | INFO     | myoconverter.optimization.utils.UtilsForceOpt:fmOptPSO_cust:197 -         PSO iteration: 29 ; 4 percentage similarities; Best obj: 0.0792
2026-09-08 10:42:47.418 | INFO     | myoconverter.optimization.utils.UtilsForceOpt:fmOptPSO_cust:197 -         PSO iteration: 30 ; 4 percentage similarities; Best obj: 0.0792
2026-09-08 10:42:47.639 | INFO     | myoconverter.optimization.utils.UtilsForceOpt:fmOptPSO_cust:197 -         PSO iteration: 31 ; 4 percentage similarities; Best obj: 0.07919
2026-09-08 10:42:47.861 | INFO     | myoconverter.optimization.utils.UtilsForceOpt:fmOptPSO_cust:197 -         PSO iteration: 32 ; 5 percentage similarities; Best obj: 0.07919
2026-09-08 10:42:48.083 | INFO     | myoconverter.optimization.utils.UtilsForceOpt:fmOptPSO_cust:197 -         PSO iteration: 33 ; 8 percentage similarities; Best obj: 0.07919
2026-09-08 10:42:48.295 | INFO     | myoconverter.optimization.utils.UtilsForceOpt:fmOptPSO_cust:197 -         PSO iteration: 34 ; 9 percentage similarities; Best obj: 0.07919
2026-09-08 10:42:48.495 | INFO     | myoconverter.optimization.utils.UtilsForceOpt:fmOptPSO_cust:197 -         PSO iteration: 35 ; 9 percentage similarities; Best obj: 0.07919
2026-09-08 10:42:48.726 | INFO     | myoconverter.optimization.utils.UtilsForceOpt:fmOptPSO_cust:197 -         PSO iteration: 36 ; 12 percentage similarities; Best obj: 0.07919
2026-09-08 10:42:48.938 | INFO     | myoconverter.optimization.utils.UtilsForceOpt:fmOptPSO_cust:197 -         PSO iteration: 37 ; 14 percentage similarities; Best obj: 0.07919
2026-09-08 10:42:49.148 | INFO     | myoconverter.optimization.utils.UtilsForceOpt:fmOptPSO_cust:197 -         PSO iteration: 38 ; 16 percentage similarities; Best obj: 0.07919
2026-09-08 10:42:49.369 | INFO     | myoconverter.optimization.utils.UtilsForceOpt:fmOptPSO_cust:197 -         PSO iteration: 39 ; 20 percentage similarities; Best obj: 0.07919
2026-09-08 10:42:49.591 | INFO     | myoconverter.optimization.utils.UtilsForceOpt:fmOptPSO_cust:197 -         PSO iteration: 40 ; 24 percentage similarities; Best obj: 0.07919
2026-09-08 10:42:49.794 | INFO     | myoconverter.optimization.utils.UtilsForceOpt:fmOptPSO_cust:197 -         PSO iteration: 41 ; 44 percentage similarities; Best obj: 0.07919
2026-09-08 10:42:49.794 | INFO     | myoconverter.optimization.utils.UtilsForceOpt:fmOptPSO_cust:205 -         Break the optimization, since certain number of similar particles reached
2026-09-08 10:42:49.944 | INFO     | myoconverter.conversion_steps.O2MStep3:optMuscleForce:293 - Muscle : pect_r 
2026-09-08 10:42:58.867 | INFO     | myoconverter.optimization.utils.UtilsForceOpt:fmOptPSO_cust:197 -         PSO iteration: 0 ; 0 percentage similarities; Best obj: 0.0921
2026-09-08 10:42:59.010 | INFO     | myoconverter.optimization.utils.UtilsForceOpt:fmOptPSO_cust:197 -         PSO iteration: 1 ; 1 percentage similarities; Best obj: 0.08656
2026-09-08 10:42:59.165 | INFO     | myoconverter.optimization.utils.UtilsForceOpt:fmOptPSO_cust:197 -         PSO iteration: 2 ; 1 percentage similarities; Best obj: 0.08656
2026-09-08 10:42:59.319 | INFO     | myoconverter.optimization.utils.UtilsForceOpt:fmOptPSO_cust:197 -         PSO iteration: 3 ; 1 percentage similarities; Best obj: 0.08656
2026-09-08 10:42:59.477 | INFO     | myoconverter.optimization.utils.UtilsForceOpt:fmOptPSO_cust:197 -         PSO iteration: 4 ; 1 percentage similarities; Best obj: 0.08656
2026-09-08 10:42:59.624 | INFO     | myoconverter.optimization.utils.UtilsForceOpt:fmOptPSO_cust:197 -         PSO iteration: 5 ; 1 percentage similarities; Best obj: 0.08572
2026-09-08 10:42:59.765 | INFO     | myoconverter.optimization.utils.UtilsForceOpt:fmOptPSO_cust:197 -         PSO iteration: 6 ; 2 percentage similarities; Best obj: 0.08392
2026-09-08 10:42:59.919 | INFO     | myoconverter.optimization.utils.UtilsForceOpt:fmOptPSO_cust:197 -         PSO iteration: 7 ; 2 percentage similarities; Best obj: 0.07995
2026-09-08 10:43:00.075 | INFO     | myoconverter.optimization.utils.UtilsForceOpt:fmOptPSO_cust:197 -         PSO iteration: 8 ; 1 percentage similarities; Best obj: 0.07883
2026-09-08 10:43:00.236 | INFO     | myoconverter.optimization.utils.UtilsForceOpt:fmOptPSO_cust:197 -         PSO iteration: 9 ; 1 percentage similarities; Best obj: 0.07021
2026-09-08 10:43:00.381 | INFO     | myoconverter.optimization.utils.UtilsForceOpt:fmOptPSO_cust:197 -         PSO iteration: 10 ; 1 percentage similarities; Best obj: 0.06549
2026-09-08 10:43:00.518 | INFO     | myoconverter.optimization.utils.UtilsForceOpt:fmOptPSO_cust:197 -         PSO iteration: 11 ; 1 percentage similarities; Best obj: 0.06101
2026-09-08 10:43:00.669 | INFO     | myoconverter.optimization.utils.UtilsForceOpt:fmOptPSO_cust:197 -         PSO iteration: 12 ; 1 percentage similarities; Best obj: 0.05894
2026-09-08 10:43:00.809 | INFO     | myoconverter.optimization.utils.UtilsForceOpt:fmOptPSO_cust:197 -         PSO iteration: 13 ; 1 percentage similarities; Best obj: 0.05798
2026-09-08 10:43:00.960 | INFO     | myoconverter.optimization.utils.UtilsForceOpt:fmOptPSO_cust:197 -         PSO iteration: 14 ; 2 percentage similarities; Best obj: 0.05758
2026-09-08 10:43:01.111 | INFO     | myoconverter.optimization.utils.UtilsForceOpt:fmOptPSO_cust:197 -         PSO iteration: 15 ; 2 percentage similarities; Best obj: 0.05744
2026-09-08 10:43:01.252 | INFO     | myoconverter.optimization.utils.UtilsForceOpt:fmOptPSO_cust:197 -         PSO iteration: 16 ; 2 percentage similarities; Best obj: 0.05664
2026-09-08 10:43:01.394 | INFO     | myoconverter.optimization.utils.UtilsForceOpt:fmOptPSO_cust:197 -         PSO iteration: 17 ; 1 percentage similarities; Best obj: 0.05652
2026-09-08 10:43:01.535 | INFO     | myoconverter.optimization.utils.UtilsForceOpt:fmOptPSO_cust:197 -         PSO iteration: 18 ; 4 percentage similarities; Best obj: 0.0565
2026-09-08 10:43:01.676 | INFO     | myoconverter.optimization.utils.UtilsForceOpt:fmOptPSO_cust:197 -         PSO iteration: 19 ; 4 percentage similarities; Best obj: 0.05649
2026-09-08 10:43:01.818 | INFO     | myoconverter.optimization.utils.UtilsForceOpt:fmOptPSO_cust:197 -         PSO iteration: 20 ; 4 percentage similarities; Best obj: 0.05642
2026-09-08 10:43:01.972 | INFO     | myoconverter.optimization.utils.UtilsForceOpt:fmOptPSO_cust:197 -         PSO iteration: 21 ; 6 percentage similarities; Best obj: 0.0564
2026-09-08 10:43:02.104 | INFO     | myoconverter.optimization.utils.UtilsForceOpt:fmOptPSO_cust:197 -         PSO iteration: 22 ; 10 percentage similarities; Best obj: 0.05639
2026-09-08 10:43:02.250 | INFO     | myoconverter.optimization.utils.UtilsForceOpt:fmOptPSO_cust:197 -         PSO iteration: 23 ; 11 percentage similarities; Best obj: 0.05639
2026-09-08 10:43:02.401 | INFO     | myoconverter.optimization.utils.UtilsForceOpt:fmOptPSO_cust:197 -         PSO iteration: 24 ; 15 percentage similarities; Best obj: 0.05639
2026-09-08 10:43:02.542 | INFO     | myoconverter.optimization.utils.UtilsForceOpt:fmOptPSO_cust:197 -         PSO iteration: 25 ; 15 percentage similarities; Best obj: 0.05638
2026-09-08 10:43:02.683 | INFO     | myoconverter.optimization.utils.UtilsForceOpt:fmOptPSO_cust:197 -         PSO iteration: 26 ; 21 percentage similarities; Best obj: 0.05638
2026-09-08 10:43:02.815 | INFO     | myoconverter.optimization.utils.UtilsForceOpt:fmOptPSO_cust:197 -         PSO iteration: 27 ; 24 percentage similarities; Best obj: 0.05637
2026-09-08 10:43:02.973 | INFO     | myoconverter.optimization.utils.UtilsForceOpt:fmOptPSO_cust:197 -         PSO iteration: 28 ; 26 percentage similarities; Best obj: 0.05637
2026-09-08 10:43:03.155 | INFO     | myoconverter.optimization.utils.UtilsForceOpt:fmOptPSO_cust:197 -         PSO iteration: 29 ; 29 percentage similarities; Best obj: 0.05637
2026-09-08 10:43:03.328 | INFO     | myoconverter.optimization.utils.UtilsForceOpt:fmOptPSO_cust:197 -         PSO iteration: 30 ; 42 percentage similarities; Best obj: 0.05637
2026-09-08 10:43:03.328 | INFO     | myoconverter.optimization.utils.UtilsForceOpt:fmOptPSO_cust:205 -         Break the optimization, since certain number of similar particles reached
2026-09-08 10:43:03.468 | INFO     | myoconverter.conversion_steps.O2MStep3:optMuscleForce:293 - Muscle : grac_r 
2026-09-08 10:43:12.901 | INFO     | myoconverter.optimization.utils.UtilsForceOpt:fmOptPSO_cust:197 -         PSO iteration: 0 ; 0 percentage similarities; Best obj: 0.0795
2026-09-08 10:43:13.136 | INFO     | myoconverter.optimization.utils.UtilsForceOpt:fmOptPSO_cust:197 -         PSO iteration: 1 ; 1 percentage similarities; Best obj: 0.0795
2026-09-08 10:43:13.378 | INFO     | myoconverter.optimization.utils.UtilsForceOpt:fmOptPSO_cust:197 -         PSO iteration: 2 ; 1 percentage similarities; Best obj: 0.05568
2026-09-08 10:43:13.628 | INFO     | myoconverter.optimization.utils.UtilsForceOpt:fmOptPSO_cust:197 -         PSO iteration: 3 ; 1 percentage similarities; Best obj: 0.03999
2026-09-08 10:43:13.867 | INFO     | myoconverter.optimization.utils.UtilsForceOpt:fmOptPSO_cust:197 -         PSO iteration: 4 ; 1 percentage similarities; Best obj: 0.03071
2026-09-08 10:43:14.109 | INFO     | myoconverter.optimization.utils.UtilsForceOpt:fmOptPSO_cust:197 -         PSO iteration: 5 ; 1 percentage similarities; Best obj: 0.02921
2026-09-08 10:43:14.340 | INFO     | myoconverter.optimization.utils.UtilsForceOpt:fmOptPSO_cust:197 -         PSO iteration: 6 ; 1 percentage similarities; Best obj: 0.0289
2026-09-08 10:43:14.571 | INFO     | myoconverter.optimization.utils.UtilsForceOpt:fmOptPSO_cust:197 -         PSO iteration: 7 ; 1 percentage similarities; Best obj: 0.02882
2026-09-08 10:43:14.807 | INFO     | myoconverter.optimization.utils.UtilsForceOpt:fmOptPSO_cust:197 -         PSO iteration: 8 ; 1 percentage similarities; Best obj: 0.02881
2026-09-08 10:43:15.034 | INFO     | myoconverter.optimization.utils.UtilsForceOpt:fmOptPSO_cust:197 -         PSO iteration: 9 ; 1 percentage similarities; Best obj: 0.0288
2026-09-08 10:43:15.266 | INFO     | myoconverter.optimization.utils.UtilsForceOpt:fmOptPSO_cust:197 -         PSO iteration: 10 ; 1 percentage similarities; Best obj: 0.02858
2026-09-08 10:43:15.487 | INFO     | myoconverter.optimization.utils.UtilsForceOpt:fmOptPSO_cust:197 -         PSO iteration: 11 ; 2 percentage similarities; Best obj: 0.0279
2026-09-08 10:43:15.709 | INFO     | myoconverter.optimization.utils.UtilsForceOpt:fmOptPSO_cust:197 -         PSO iteration: 12 ; 1 percentage similarities; Best obj: 0.02763
2026-09-08 10:43:15.940 | INFO     | myoconverter.optimization.utils.UtilsForceOpt:fmOptPSO_cust:197 -         PSO iteration: 13 ; 4 percentage similarities; Best obj: 0.02743
2026-09-08 10:43:16.172 | INFO     | myoconverter.optimization.utils.UtilsForceOpt:fmOptPSO_cust:197 -         PSO iteration: 14 ; 4 percentage similarities; Best obj: 0.02737
2026-09-08 10:43:16.404 | INFO     | myoconverter.optimization.utils.UtilsForceOpt:fmOptPSO_cust:197 -         PSO iteration: 15 ; 4 percentage similarities; Best obj: 0.02736
2026-09-08 10:43:16.625 | INFO     | myoconverter.optimization.utils.UtilsForceOpt:fmOptPSO_cust:197 -         PSO iteration: 16 ; 4 percentage similarities; Best obj: 0.02736
2026-09-08 10:43:16.857 | INFO     | myoconverter.optimization.utils.UtilsForceOpt:fmOptPSO_cust:197 -         PSO iteration: 17 ; 4 percentage similarities; Best obj: 0.02736
2026-09-08 10:43:17.085 | INFO     | myoconverter.optimization.utils.UtilsForceOpt:fmOptPSO_cust:197 -         PSO iteration: 18 ; 4 percentage similarities; Best obj: 0.02735
2026-09-08 10:43:17.309 | INFO     | myoconverter.optimization.utils.UtilsForceOpt:fmOptPSO_cust:197 -         PSO iteration: 19 ; 9 percentage similarities; Best obj: 0.02733
2026-09-08 10:43:17.541 | INFO     | myoconverter.optimization.utils.UtilsForceOpt:fmOptPSO_cust:197 -         PSO iteration: 20 ; 16 percentage similarities; Best obj: 0.02732
2026-09-08 10:43:17.762 | INFO     | myoconverter.optimization.utils.UtilsForceOpt:fmOptPSO_cust:197 -         PSO iteration: 21 ; 20 percentage similarities; Best obj: 0.02731
2026-09-08 10:43:17.973 | INFO     | myoconverter.optimization.utils.UtilsForceOpt:fmOptPSO_cust:197 -         PSO iteration: 22 ; 21 percentage similarities; Best obj: 0.0273
2026-09-08 10:43:18.204 | INFO     | myoconverter.optimization.utils.UtilsForceOpt:fmOptPSO_cust:197 -         PSO iteration: 23 ; 31 percentage similarities; Best obj: 0.02729
2026-09-08 10:43:18.436 | INFO     | myoconverter.optimization.utils.UtilsForceOpt:fmOptPSO_cust:197 -         PSO iteration: 24 ; 49 percentage similarities; Best obj: 0.02729
2026-09-08 10:43:18.436 | INFO     | myoconverter.optimization.utils.UtilsForceOpt:fmOptPSO_cust:205 -         Break the optimization, since certain number of similar particles reached
2026-09-08 10:43:18.567 | INFO     | myoconverter.conversion_steps.O2MStep3:optMuscleForce:293 - Muscle : glut_max1_r 
2026-09-08 10:43:28.334 | INFO     | myoconverter.optimization.utils.UtilsForceOpt:fmOptPSO_cust:197 -         PSO iteration: 0 ; 0 percentage similarities; Best obj: 0.05956
2026-09-08 10:43:28.504 | INFO     | myoconverter.optimization.utils.UtilsForceOpt:fmOptPSO_cust:197 -         PSO iteration: 1 ; 1 percentage similarities; Best obj: 0.05956
2026-09-08 10:43:28.675 | INFO     | myoconverter.optimization.utils.UtilsForceOpt:fmOptPSO_cust:197 -         PSO iteration: 2 ; 1 percentage similarities; Best obj: 0.05956
2026-09-08 10:43:28.836 | INFO     | myoconverter.optimization.utils.UtilsForceOpt:fmOptPSO_cust:197 -         PSO iteration: 3 ; 1 percentage similarities; Best obj: 0.05956
2026-09-08 10:43:29.007 | INFO     | myoconverter.optimization.utils.UtilsForceOpt:fmOptPSO_cust:197 -         PSO iteration: 4 ; 1 percentage similarities; Best obj: 0.05956
2026-09-08 10:43:29.166 | INFO     | myoconverter.optimization.utils.UtilsForceOpt:fmOptPSO_cust:197 -         PSO iteration: 5 ; 1 percentage similarities; Best obj: 0.05919
2026-09-08 10:43:29.319 | INFO     | myoconverter.optimization.utils.UtilsForceOpt:fmOptPSO_cust:197 -         PSO iteration: 6 ; 2 percentage similarities; Best obj: 0.05627
2026-09-08 10:43:29.480 | INFO     | myoconverter.optimization.utils.UtilsForceOpt:fmOptPSO_cust:197 -         PSO iteration: 7 ; 1 percentage similarities; Best obj: 0.05577
2026-09-08 10:43:29.642 | INFO     | myoconverter.optimization.utils.UtilsForceOpt:fmOptPSO_cust:197 -         PSO iteration: 8 ; 1 percentage similarities; Best obj: 0.05575
2026-09-08 10:43:29.795 | INFO     | myoconverter.optimization.utils.UtilsForceOpt:fmOptPSO_cust:197 -         PSO iteration: 9 ; 2 percentage similarities; Best obj: 0.05538
2026-09-08 10:43:29.954 | INFO     | myoconverter.optimization.utils.UtilsForceOpt:fmOptPSO_cust:197 -         PSO iteration: 10 ; 2 percentage similarities; Best obj: 0.05528
2026-09-08 10:43:30.116 | INFO     | myoconverter.optimization.utils.UtilsForceOpt:fmOptPSO_cust:197 -         PSO iteration: 11 ; 5 percentage similarities; Best obj: 0.05526
2026-09-08 10:43:30.270 | INFO     | myoconverter.optimization.utils.UtilsForceOpt:fmOptPSO_cust:197 -         PSO iteration: 12 ; 5 percentage similarities; Best obj: 0.0551
2026-09-08 10:43:30.430 | INFO     | myoconverter.optimization.utils.UtilsForceOpt:fmOptPSO_cust:197 -         PSO iteration: 13 ; 5 percentage similarities; Best obj: 0.05504
2026-09-08 10:43:30.600 | INFO     | myoconverter.optimization.utils.UtilsForceOpt:fmOptPSO_cust:197 -         PSO iteration: 14 ; 5 percentage similarities; Best obj: 0.055
2026-09-08 10:43:30.761 | INFO     | myoconverter.optimization.utils.UtilsForceOpt:fmOptPSO_cust:197 -         PSO iteration: 15 ; 11 percentage similarities; Best obj: 0.05499
2026-09-08 10:43:30.913 | INFO     | myoconverter.optimization.utils.UtilsForceOpt:fmOptPSO_cust:197 -         PSO iteration: 16 ; 12 percentage similarities; Best obj: 0.05498
2026-09-08 10:43:31.063 | INFO     | myoconverter.optimization.utils.UtilsForceOpt:fmOptPSO_cust:197 -         PSO iteration: 17 ; 15 percentage similarities; Best obj: 0.05496
2026-09-08 10:43:31.235 | INFO     | myoconverter.optimization.utils.UtilsForceOpt:fmOptPSO_cust:197 -         PSO iteration: 18 ; 21 percentage similarities; Best obj: 0.05494
2026-09-08 10:43:31.394 | INFO     | myoconverter.optimization.utils.UtilsForceOpt:fmOptPSO_cust:197 -         PSO iteration: 19 ; 30 percentage similarities; Best obj: 0.05491
2026-09-08 10:43:31.555 | INFO     | myoconverter.optimization.utils.UtilsForceOpt:fmOptPSO_cust:197 -         PSO iteration: 20 ; 34 percentage similarities; Best obj: 0.05488
2026-09-08 10:43:31.716 | INFO     | myoconverter.optimization.utils.UtilsForceOpt:fmOptPSO_cust:197 -         PSO iteration: 21 ; 50 percentage similarities; Best obj: 0.05488
2026-09-08 10:43:31.716 | INFO     | myoconverter.optimization.utils.UtilsForceOpt:fmOptPSO_cust:205 -         Break the optimization, since certain number of similar particles reached
2026-09-08 10:43:31.867 | INFO     | myoconverter.conversion_steps.O2MStep3:optMuscleForce:293 - Muscle : glut_max2_r 
2026-09-08 10:43:41.893 | INFO     | myoconverter.optimization.utils.UtilsForceOpt:fmOptPSO_cust:197 -         PSO iteration: 0 ; 0 percentage similarities; Best obj: 0.05212
2026-09-08 10:43:42.044 | INFO     | myoconverter.optimization.utils.UtilsForceOpt:fmOptPSO_cust:197 -         PSO iteration: 1 ; 1 percentage similarities; Best obj: 0.05212
2026-09-08 10:43:42.194 | INFO     | myoconverter.optimization.utils.UtilsForceOpt:fmOptPSO_cust:197 -         PSO iteration: 2 ; 1 percentage similarities; Best obj: 0.05212
2026-09-08 10:43:42.347 | INFO     | myoconverter.optimization.utils.UtilsForceOpt:fmOptPSO_cust:197 -         PSO iteration: 3 ; 1 percentage similarities; Best obj: 0.05212
2026-09-08 10:43:42.496 | INFO     | myoconverter.optimization.utils.UtilsForceOpt:fmOptPSO_cust:197 -         PSO iteration: 4 ; 1 percentage similarities; Best obj: 0.05212
2026-09-08 10:43:42.657 | INFO     | myoconverter.optimization.utils.UtilsForceOpt:fmOptPSO_cust:197 -         PSO iteration: 5 ; 1 percentage similarities; Best obj: 0.04762
2026-09-08 10:43:42.807 | INFO     | myoconverter.optimization.utils.UtilsForceOpt:fmOptPSO_cust:197 -         PSO iteration: 6 ; 1 percentage similarities; Best obj: 0.04611
2026-09-08 10:43:42.955 | INFO     | myoconverter.optimization.utils.UtilsForceOpt:fmOptPSO_cust:197 -         PSO iteration: 7 ; 1 percentage similarities; Best obj: 0.04579
2026-09-08 10:43:43.109 | INFO     | myoconverter.optimization.utils.UtilsForceOpt:fmOptPSO_cust:197 -         PSO iteration: 8 ; 1 percentage similarities; Best obj: 0.04571
2026-09-08 10:43:43.260 | INFO     | myoconverter.optimization.utils.UtilsForceOpt:fmOptPSO_cust:197 -         PSO iteration: 9 ; 1 percentage similarities; Best obj: 0.04569
2026-09-08 10:43:43.407 | INFO     | myoconverter.optimization.utils.UtilsForceOpt:fmOptPSO_cust:197 -         PSO iteration: 10 ; 1 percentage similarities; Best obj: 0.04568
2026-09-08 10:43:43.553 | INFO     | myoconverter.optimization.utils.UtilsForceOpt:fmOptPSO_cust:197 -         PSO iteration: 11 ; 1 percentage similarities; Best obj: 0.04568
2026-09-08 10:43:43.714 | INFO     | myoconverter.optimization.utils.UtilsForceOpt:fmOptPSO_cust:197 -         PSO iteration: 12 ; 1 percentage similarities; Best obj: 0.04568
2026-09-08 10:43:43.866 | INFO     | myoconverter.optimization.utils.UtilsForceOpt:fmOptPSO_cust:197 -         PSO iteration: 13 ; 1 percentage similarities; Best obj: 0.04568
2026-09-08 10:43:44.017 | INFO     | myoconverter.optimization.utils.UtilsForceOpt:fmOptPSO_cust:197 -         PSO iteration: 14 ; 1 percentage similarities; Best obj: 0.04388
2026-09-08 10:43:44.157 | INFO     | myoconverter.optimization.utils.UtilsForceOpt:fmOptPSO_cust:197 -         PSO iteration: 15 ; 2 percentage similarities; Best obj: 0.04329
2026-09-08 10:43:44.312 | INFO     | myoconverter.optimization.utils.UtilsForceOpt:fmOptPSO_cust:197 -         PSO iteration: 16 ; 2 percentage similarities; Best obj: 0.04316
2026-09-08 10:43:44.465 | INFO     | myoconverter.optimization.utils.UtilsForceOpt:fmOptPSO_cust:197 -         PSO iteration: 17 ; 2 percentage similarities; Best obj: 0.04303
2026-09-08 10:43:44.621 | INFO     | myoconverter.optimization.utils.UtilsForceOpt:fmOptPSO_cust:197 -         PSO iteration: 18 ; 2 percentage similarities; Best obj: 0.04291
2026-09-08 10:43:44.772 | INFO     | myoconverter.optimization.utils.UtilsForceOpt:fmOptPSO_cust:197 -         PSO iteration: 19 ; 5 percentage similarities; Best obj: 0.04242
2026-09-08 10:43:44.924 | INFO     | myoconverter.optimization.utils.UtilsForceOpt:fmOptPSO_cust:197 -         PSO iteration: 20 ; 4 percentage similarities; Best obj: 0.0421
2026-09-08 10:43:45.065 | INFO     | myoconverter.optimization.utils.UtilsForceOpt:fmOptPSO_cust:197 -         PSO iteration: 21 ; 5 percentage similarities; Best obj: 0.04204
2026-09-08 10:43:45.216 | INFO     | myoconverter.optimization.utils.UtilsForceOpt:fmOptPSO_cust:197 -         PSO iteration: 22 ; 5 percentage similarities; Best obj: 0.04195
2026-09-08 10:43:45.377 | INFO     | myoconverter.optimization.utils.UtilsForceOpt:fmOptPSO_cust:197 -         PSO iteration: 23 ; 6 percentage similarities; Best obj: 0.04186
2026-09-08 10:43:45.518 | INFO     | myoconverter.optimization.utils.UtilsForceOpt:fmOptPSO_cust:197 -         PSO iteration: 24 ; 18 percentage similarities; Best obj: 0.04184
2026-09-08 10:43:45.669 | INFO     | myoconverter.optimization.utils.UtilsForceOpt:fmOptPSO_cust:197 -         PSO iteration: 25 ; 26 percentage similarities; Best obj: 0.04182
2026-09-08 10:43:45.820 | INFO     | myoconverter.optimization.utils.UtilsForceOpt:fmOptPSO_cust:197 -         PSO iteration: 26 ; 36 percentage similarities; Best obj: 0.04181
2026-09-08 10:43:45.971 | INFO     | myoconverter.optimization.utils.UtilsForceOpt:fmOptPSO_cust:197 -         PSO iteration: 27 ; 45 percentage similarities; Best obj: 0.0418
2026-09-08 10:43:45.971 | INFO     | myoconverter.optimization.utils.UtilsForceOpt:fmOptPSO_cust:205 -         Break the optimization, since certain number of similar particles reached
2026-09-08 10:43:46.092 | INFO     | myoconverter.conversion_steps.O2MStep3:optMuscleForce:293 - Muscle : glut_max3_r 
2026-09-08 10:43:55.988 | INFO     | myoconverter.optimization.utils.UtilsForceOpt:fmOptPSO_cust:197 -         PSO iteration: 0 ; 0 percentage similarities; Best obj: 0.09167
2026-09-08 10:43:56.139 | INFO     | myoconverter.optimization.utils.UtilsForceOpt:fmOptPSO_cust:197 -         PSO iteration: 1 ; 1 percentage similarities; Best obj: 0.09167
2026-09-08 10:43:56.300 | INFO     | myoconverter.optimization.utils.UtilsForceOpt:fmOptPSO_cust:197 -         PSO iteration: 2 ; 1 percentage similarities; Best obj: 0.06963
2026-09-08 10:43:56.461 | INFO     | myoconverter.optimization.utils.UtilsForceOpt:fmOptPSO_cust:197 -         PSO iteration: 3 ; 1 percentage similarities; Best obj: 0.06963
2026-09-08 10:43:56.612 | INFO     | myoconverter.optimization.utils.UtilsForceOpt:fmOptPSO_cust:197 -         PSO iteration: 4 ; 1 percentage similarities; Best obj: 0.06963
2026-09-08 10:43:56.762 | INFO     | myoconverter.optimization.utils.UtilsForceOpt:fmOptPSO_cust:197 -         PSO iteration: 5 ; 2 percentage similarities; Best obj: 0.0503
2026-09-08 10:43:56.925 | INFO     | myoconverter.optimization.utils.UtilsForceOpt:fmOptPSO_cust:197 -         PSO iteration: 6 ; 1 percentage similarities; Best obj: 0.04584
2026-09-08 10:43:57.086 | INFO     | myoconverter.optimization.utils.UtilsForceOpt:fmOptPSO_cust:197 -         PSO iteration: 7 ; 1 percentage similarities; Best obj: 0.0448
2026-09-08 10:43:57.238 | INFO     | myoconverter.optimization.utils.UtilsForceOpt:fmOptPSO_cust:197 -         PSO iteration: 8 ; 1 percentage similarities; Best obj: 0.04455
2026-09-08 10:43:57.399 | INFO     | myoconverter.optimization.utils.UtilsForceOpt:fmOptPSO_cust:197 -         PSO iteration: 9 ; 1 percentage similarities; Best obj: 0.04449
2026-09-08 10:43:57.560 | INFO     | myoconverter.optimization.utils.UtilsForceOpt:fmOptPSO_cust:197 -         PSO iteration: 10 ; 1 percentage similarities; Best obj: 0.04447
2026-09-08 10:43:57.721 | INFO     | myoconverter.optimization.utils.UtilsForceOpt:fmOptPSO_cust:197 -         PSO iteration: 11 ; 1 percentage similarities; Best obj: 0.03984
2026-09-08 10:43:57.870 | INFO     | myoconverter.optimization.utils.UtilsForceOpt:fmOptPSO_cust:197 -         PSO iteration: 12 ; 1 percentage similarities; Best obj: 0.03867
2026-09-08 10:43:58.021 | INFO     | myoconverter.optimization.utils.UtilsForceOpt:fmOptPSO_cust:197 -         PSO iteration: 13 ; 2 percentage similarities; Best obj: 0.03766
2026-09-08 10:43:58.171 | INFO     | myoconverter.optimization.utils.UtilsForceOpt:fmOptPSO_cust:197 -         PSO iteration: 14 ; 1 percentage similarities; Best obj: 0.03743
2026-09-08 10:43:58.337 | INFO     | myoconverter.optimization.utils.UtilsForceOpt:fmOptPSO_cust:197 -         PSO iteration: 15 ; 1 percentage similarities; Best obj: 0.03738
2026-09-08 10:43:58.493 | INFO     | myoconverter.optimization.utils.UtilsForceOpt:fmOptPSO_cust:197 -         PSO iteration: 16 ; 1 percentage similarities; Best obj: 0.03681
2026-09-08 10:43:58.653 | INFO     | myoconverter.optimization.utils.UtilsForceOpt:fmOptPSO_cust:197 -         PSO iteration: 17 ; 1 percentage similarities; Best obj: 0.03648
2026-09-08 10:43:58.805 | INFO     | myoconverter.optimization.utils.UtilsForceOpt:fmOptPSO_cust:197 -         PSO iteration: 18 ; 2 percentage similarities; Best obj: 0.03524
2026-09-08 10:43:58.966 | INFO     | myoconverter.optimization.utils.UtilsForceOpt:fmOptPSO_cust:197 -         PSO iteration: 19 ; 1 percentage similarities; Best obj: 0.03458
2026-09-08 10:43:59.126 | INFO     | myoconverter.optimization.utils.UtilsForceOpt:fmOptPSO_cust:197 -         PSO iteration: 20 ; 1 percentage similarities; Best obj: 0.03377
2026-09-08 10:43:59.278 | INFO     | myoconverter.optimization.utils.UtilsForceOpt:fmOptPSO_cust:197 -         PSO iteration: 21 ; 1 percentage similarities; Best obj: 0.03356
2026-09-08 10:43:59.440 | INFO     | myoconverter.optimization.utils.UtilsForceOpt:fmOptPSO_cust:197 -         PSO iteration: 22 ; 1 percentage similarities; Best obj: 0.03352
2026-09-08 10:43:59.581 | INFO     | myoconverter.optimization.utils.UtilsForceOpt:fmOptPSO_cust:197 -         PSO iteration: 23 ; 4 percentage similarities; Best obj: 0.03344
2026-09-08 10:43:59.738 | INFO     | myoconverter.optimization.utils.UtilsForceOpt:fmOptPSO_cust:197 -         PSO iteration: 24 ; 4 percentage similarities; Best obj: 0.03321
2026-09-08 10:43:59.884 | INFO     | myoconverter.optimization.utils.UtilsForceOpt:fmOptPSO_cust:197 -         PSO iteration: 25 ; 4 percentage similarities; Best obj: 0.03317
2026-09-08 10:44:00.038 | INFO     | myoconverter.optimization.utils.UtilsForceOpt:fmOptPSO_cust:197 -         PSO iteration: 26 ; 9 percentage similarities; Best obj: 0.03311
2026-09-08 10:44:00.191 | INFO     | myoconverter.optimization.utils.UtilsForceOpt:fmOptPSO_cust:197 -         PSO iteration: 27 ; 12 percentage similarities; Best obj: 0.0331
2026-09-08 10:44:00.346 | INFO     | myoconverter.optimization.utils.UtilsForceOpt:fmOptPSO_cust:197 -         PSO iteration: 28 ; 15 percentage similarities; Best obj: 0.03309
2026-09-08 10:44:00.497 | INFO     | myoconverter.optimization.utils.UtilsForceOpt:fmOptPSO_cust:197 -         PSO iteration: 29 ; 26 percentage similarities; Best obj: 0.03306
2026-09-08 10:44:00.648 | INFO     | myoconverter.optimization.utils.UtilsForceOpt:fmOptPSO_cust:197 -         PSO iteration: 30 ; 42 percentage similarities; Best obj: 0.03306
2026-09-08 10:44:00.648 | INFO     | myoconverter.optimization.utils.UtilsForceOpt:fmOptPSO_cust:205 -         Break the optimization, since certain number of similar particles reached
2026-09-08 10:44:00.779 | INFO     | myoconverter.conversion_steps.O2MStep3:optMuscleForce:293 - Muscle : iliacus_r 
2026-09-08 10:44:10.195 | INFO     | myoconverter.optimization.utils.UtilsForceOpt:fmOptPSO_cust:197 -         PSO iteration: 0 ; 0 percentage similarities; Best obj: 0.13662
2026-09-08 10:44:10.346 | INFO     | myoconverter.optimization.utils.UtilsForceOpt:fmOptPSO_cust:197 -         PSO iteration: 1 ; 1 percentage similarities; Best obj: 0.095
2026-09-08 10:44:10.497 | INFO     | myoconverter.optimization.utils.UtilsForceOpt:fmOptPSO_cust:197 -         PSO iteration: 2 ; 1 percentage similarities; Best obj: 0.095
2026-09-08 10:44:10.647 | INFO     | myoconverter.optimization.utils.UtilsForceOpt:fmOptPSO_cust:197 -         PSO iteration: 3 ; 1 percentage similarities; Best obj: 0.095
2026-09-08 10:44:10.808 | INFO     | myoconverter.optimization.utils.UtilsForceOpt:fmOptPSO_cust:197 -         PSO iteration: 4 ; 1 percentage similarities; Best obj: 0.095
2026-09-08 10:44:10.960 | INFO     | myoconverter.optimization.utils.UtilsForceOpt:fmOptPSO_cust:197 -         PSO iteration: 5 ; 1 percentage similarities; Best obj: 0.095
2026-09-08 10:44:11.120 | INFO     | myoconverter.optimization.utils.UtilsForceOpt:fmOptPSO_cust:197 -         PSO iteration: 6 ; 1 percentage similarities; Best obj: 0.08048
2026-09-08 10:44:11.281 | INFO     | myoconverter.optimization.utils.UtilsForceOpt:fmOptPSO_cust:197 -         PSO iteration: 7 ; 1 percentage similarities; Best obj: 0.07655
2026-09-08 10:44:11.440 | INFO     | myoconverter.optimization.utils.UtilsForceOpt:fmOptPSO_cust:197 -         PSO iteration: 8 ; 1 percentage similarities; Best obj: 0.07229
2026-09-08 10:44:11.601 | INFO     | myoconverter.optimization.utils.UtilsForceOpt:fmOptPSO_cust:197 -         PSO iteration: 9 ; 1 percentage similarities; Best obj: 0.06127
2026-09-08 10:44:11.760 | INFO     | myoconverter.optimization.utils.UtilsForceOpt:fmOptPSO_cust:197 -         PSO iteration: 10 ; 1 percentage similarities; Best obj: 0.05885
2026-09-08 10:44:11.911 | INFO     | myoconverter.optimization.utils.UtilsForceOpt:fmOptPSO_cust:197 -         PSO iteration: 11 ; 1 percentage similarities; Best obj: 0.05837
2026-09-08 10:44:12.061 | INFO     | myoconverter.optimization.utils.UtilsForceOpt:fmOptPSO_cust:197 -         PSO iteration: 12 ; 1 percentage similarities; Best obj: 0.05826
2026-09-08 10:44:12.213 | INFO     | myoconverter.optimization.utils.UtilsForceOpt:fmOptPSO_cust:197 -         PSO iteration: 13 ; 1 percentage similarities; Best obj: 0.05352
2026-09-08 10:44:12.364 | INFO     | myoconverter.optimization.utils.UtilsForceOpt:fmOptPSO_cust:197 -         PSO iteration: 14 ; 1 percentage similarities; Best obj: 0.05279
2026-09-08 10:44:12.526 | INFO     | myoconverter.optimization.utils.UtilsForceOpt:fmOptPSO_cust:197 -         PSO iteration: 15 ; 1 percentage similarities; Best obj: 0.05265
2026-09-08 10:44:12.676 | INFO     | myoconverter.optimization.utils.UtilsForceOpt:fmOptPSO_cust:197 -         PSO iteration: 16 ; 1 percentage similarities; Best obj: 0.05262
2026-09-08 10:44:12.827 | INFO     | myoconverter.optimization.utils.UtilsForceOpt:fmOptPSO_cust:197 -         PSO iteration: 17 ; 5 percentage similarities; Best obj: 0.05261
2026-09-08 10:44:12.988 | INFO     | myoconverter.optimization.utils.UtilsForceOpt:fmOptPSO_cust:197 -         PSO iteration: 18 ; 5 percentage similarities; Best obj: 0.05216
2026-09-08 10:44:13.144 | INFO     | myoconverter.optimization.utils.UtilsForceOpt:fmOptPSO_cust:197 -         PSO iteration: 19 ; 4 percentage similarities; Best obj: 0.05158
2026-09-08 10:44:13.297 | INFO     | myoconverter.optimization.utils.UtilsForceOpt:fmOptPSO_cust:197 -         PSO iteration: 20 ; 5 percentage similarities; Best obj: 0.05147
2026-09-08 10:44:13.457 | INFO     | myoconverter.optimization.utils.UtilsForceOpt:fmOptPSO_cust:197 -         PSO iteration: 21 ; 6 percentage similarities; Best obj: 0.0514
2026-09-08 10:44:13.628 | INFO     | myoconverter.optimization.utils.UtilsForceOpt:fmOptPSO_cust:197 -         PSO iteration: 22 ; 8 percentage similarities; Best obj: 0.05128
2026-09-08 10:44:13.779 | INFO     | myoconverter.optimization.utils.UtilsForceOpt:fmOptPSO_cust:197 -         PSO iteration: 23 ; 8 percentage similarities; Best obj: 0.05122
2026-09-08 10:44:13.934 | INFO     | myoconverter.optimization.utils.UtilsForceOpt:fmOptPSO_cust:197 -         PSO iteration: 24 ; 9 percentage similarities; Best obj: 0.05116
2026-09-08 10:44:14.080 | INFO     | myoconverter.optimization.utils.UtilsForceOpt:fmOptPSO_cust:197 -         PSO iteration: 25 ; 10 percentage similarities; Best obj: 0.05106
2026-09-08 10:44:14.230 | INFO     | myoconverter.optimization.utils.UtilsForceOpt:fmOptPSO_cust:197 -         PSO iteration: 26 ; 12 percentage similarities; Best obj: 0.05103
2026-09-08 10:44:14.391 | INFO     | myoconverter.optimization.utils.UtilsForceOpt:fmOptPSO_cust:197 -         PSO iteration: 27 ; 15 percentage similarities; Best obj: 0.05103
2026-09-08 10:44:14.553 | INFO     | myoconverter.optimization.utils.UtilsForceOpt:fmOptPSO_cust:197 -         PSO iteration: 28 ; 16 percentage similarities; Best obj: 0.05102
2026-09-08 10:44:14.713 | INFO     | myoconverter.optimization.utils.UtilsForceOpt:fmOptPSO_cust:197 -         PSO iteration: 29 ; 16 percentage similarities; Best obj: 0.05096
2026-09-08 10:44:14.864 | INFO     | myoconverter.optimization.utils.UtilsForceOpt:fmOptPSO_cust:197 -         PSO iteration: 30 ; 19 percentage similarities; Best obj: 0.05094
2026-09-08 10:44:15.015 | INFO     | myoconverter.optimization.utils.UtilsForceOpt:fmOptPSO_cust:197 -         PSO iteration: 31 ; 21 percentage similarities; Best obj: 0.05094
2026-09-08 10:44:15.176 | INFO     | myoconverter.optimization.utils.UtilsForceOpt:fmOptPSO_cust:197 -         PSO iteration: 32 ; 34 percentage similarities; Best obj: 0.05094
2026-09-08 10:44:15.327 | INFO     | myoconverter.optimization.utils.UtilsForceOpt:fmOptPSO_cust:197 -         PSO iteration: 33 ; 39 percentage similarities; Best obj: 0.05093
2026-09-08 10:44:15.327 | INFO     | myoconverter.optimization.utils.UtilsForceOpt:fmOptPSO_cust:205 -         Break the optimization, since certain number of similar particles reached
2026-09-08 10:44:15.476 | INFO     | myoconverter.conversion_steps.O2MStep3:optMuscleForce:293 - Muscle : psoas_r 
2026-09-08 10:44:24.866 | INFO     | myoconverter.optimization.utils.UtilsForceOpt:fmOptPSO_cust:197 -         PSO iteration: 0 ; 0 percentage similarities; Best obj: 0.12782
2026-09-08 10:44:25.017 | INFO     | myoconverter.optimization.utils.UtilsForceOpt:fmOptPSO_cust:197 -         PSO iteration: 1 ; 4 percentage similarities; Best obj: 0.04383
2026-09-08 10:44:25.175 | INFO     | myoconverter.optimization.utils.UtilsForceOpt:fmOptPSO_cust:197 -         PSO iteration: 2 ; 1 percentage similarities; Best obj: 0.02944
2026-09-08 10:44:25.318 | INFO     | myoconverter.optimization.utils.UtilsForceOpt:fmOptPSO_cust:197 -         PSO iteration: 3 ; 1 percentage similarities; Best obj: 0.02944
2026-09-08 10:44:25.458 | INFO     | myoconverter.optimization.utils.UtilsForceOpt:fmOptPSO_cust:197 -         PSO iteration: 4 ; 1 percentage similarities; Best obj: 0.02944
2026-09-08 10:44:25.610 | INFO     | myoconverter.optimization.utils.UtilsForceOpt:fmOptPSO_cust:197 -         PSO iteration: 5 ; 1 percentage similarities; Best obj: 0.02944
2026-09-08 10:44:25.770 | INFO     | myoconverter.optimization.utils.UtilsForceOpt:fmOptPSO_cust:197 -         PSO iteration: 6 ; 1 percentage similarities; Best obj: 0.02944
2026-09-08 10:44:25.920 | INFO     | myoconverter.optimization.utils.UtilsForceOpt:fmOptPSO_cust:197 -         PSO iteration: 7 ; 1 percentage similarities; Best obj: 0.02944
2026-09-08 10:44:26.062 | INFO     | myoconverter.optimization.utils.UtilsForceOpt:fmOptPSO_cust:197 -         PSO iteration: 8 ; 1 percentage similarities; Best obj: 0.02944
2026-09-08 10:44:26.196 | INFO     | myoconverter.optimization.utils.UtilsForceOpt:fmOptPSO_cust:197 -         PSO iteration: 9 ; 1 percentage similarities; Best obj: 0.02627
2026-09-08 10:44:26.343 | INFO     | myoconverter.optimization.utils.UtilsForceOpt:fmOptPSO_cust:197 -         PSO iteration: 10 ; 1 percentage similarities; Best obj: 0.02367
2026-09-08 10:44:26.483 | INFO     | myoconverter.optimization.utils.UtilsForceOpt:fmOptPSO_cust:197 -         PSO iteration: 11 ; 2 percentage similarities; Best obj: 0.02153
2026-09-08 10:44:26.646 | INFO     | myoconverter.optimization.utils.UtilsForceOpt:fmOptPSO_cust:197 -         PSO iteration: 12 ; 1 percentage similarities; Best obj: 0.02113
2026-09-08 10:44:26.798 | INFO     | myoconverter.optimization.utils.UtilsForceOpt:fmOptPSO_cust:197 -         PSO iteration: 13 ; 1 percentage similarities; Best obj: 0.02095
2026-09-08 10:44:26.949 | INFO     | myoconverter.optimization.utils.UtilsForceOpt:fmOptPSO_cust:197 -         PSO iteration: 14 ; 2 percentage similarities; Best obj: 0.0204
2026-09-08 10:44:27.090 | INFO     | myoconverter.optimization.utils.UtilsForceOpt:fmOptPSO_cust:197 -         PSO iteration: 15 ; 2 percentage similarities; Best obj: 0.01978
2026-09-08 10:44:27.241 | INFO     | myoconverter.optimization.utils.UtilsForceOpt:fmOptPSO_cust:197 -         PSO iteration: 16 ; 4 percentage similarities; Best obj: 0.01947
2026-09-08 10:44:27.393 | INFO     | myoconverter.optimization.utils.UtilsForceOpt:fmOptPSO_cust:197 -         PSO iteration: 17 ; 4 percentage similarities; Best obj: 0.01876
2026-09-08 10:44:27.534 | INFO     | myoconverter.optimization.utils.UtilsForceOpt:fmOptPSO_cust:197 -         PSO iteration: 18 ; 1 percentage similarities; Best obj: 0.01864
2026-09-08 10:44:27.691 | INFO     | myoconverter.optimization.utils.UtilsForceOpt:fmOptPSO_cust:197 -         PSO iteration: 19 ; 1 percentage similarities; Best obj: 0.01861
2026-09-08 10:44:27.826 | INFO     | myoconverter.optimization.utils.UtilsForceOpt:fmOptPSO_cust:197 -         PSO iteration: 20 ; 4 percentage similarities; Best obj: 0.01856
2026-09-08 10:44:27.978 | INFO     | myoconverter.optimization.utils.UtilsForceOpt:fmOptPSO_cust:197 -         PSO iteration: 21 ; 4 percentage similarities; Best obj: 0.01853
2026-09-08 10:44:28.120 | INFO     | myoconverter.optimization.utils.UtilsForceOpt:fmOptPSO_cust:197 -         PSO iteration: 22 ; 4 percentage similarities; Best obj: 0.01852
2026-09-08 10:44:28.269 | INFO     | myoconverter.optimization.utils.UtilsForceOpt:fmOptPSO_cust:197 -         PSO iteration: 23 ; 4 percentage similarities; Best obj: 0.01848
2026-09-08 10:44:28.409 | INFO     | myoconverter.optimization.utils.UtilsForceOpt:fmOptPSO_cust:197 -         PSO iteration: 24 ; 6 percentage similarities; Best obj: 0.01847
2026-09-08 10:44:28.560 | INFO     | myoconverter.optimization.utils.UtilsForceOpt:fmOptPSO_cust:197 -         PSO iteration: 25 ; 8 percentage similarities; Best obj: 0.01847
2026-09-08 10:44:28.711 | INFO     | myoconverter.optimization.utils.UtilsForceOpt:fmOptPSO_cust:197 -         PSO iteration: 26 ; 9 percentage similarities; Best obj: 0.01847
2026-09-08 10:44:28.851 | INFO     | myoconverter.optimization.utils.UtilsForceOpt:fmOptPSO_cust:197 -         PSO iteration: 27 ; 18 percentage similarities; Best obj: 0.01847
2026-09-08 10:44:29.013 | INFO     | myoconverter.optimization.utils.UtilsForceOpt:fmOptPSO_cust:197 -         PSO iteration: 28 ; 30 percentage similarities; Best obj: 0.01846
2026-09-08 10:44:29.013 | INFO     | myoconverter.optimization.utils.UtilsForceOpt:fmOptPSO_cust:205 -         Break the optimization, since certain number of similar particles reached
2026-09-08 10:44:29.179 | INFO     | myoconverter.conversion_steps.O2MStep3:optMuscleForce:293 - Muscle : quad_fem_r 
2026-09-08 10:44:39.273 | INFO     | myoconverter.optimization.utils.UtilsForceOpt:fmOptPSO_cust:197 -         PSO iteration: 0 ; 0 percentage similarities; Best obj: 2.27621
2026-09-08 10:44:39.443 | INFO     | myoconverter.optimization.utils.UtilsForceOpt:fmOptPSO_cust:197 -         PSO iteration: 1 ; 4 percentage similarities; Best obj: 2.22783
2026-09-08 10:44:39.614 | INFO     | myoconverter.optimization.utils.UtilsForceOpt:fmOptPSO_cust:197 -         PSO iteration: 2 ; 1 percentage similarities; Best obj: 2.21606
2026-09-08 10:44:39.775 | INFO     | myoconverter.optimization.utils.UtilsForceOpt:fmOptPSO_cust:197 -         PSO iteration: 3 ; 1 percentage similarities; Best obj: 2.21327
2026-09-08 10:44:39.955 | INFO     | myoconverter.optimization.utils.UtilsForceOpt:fmOptPSO_cust:197 -         PSO iteration: 4 ; 1 percentage similarities; Best obj: 2.21258
2026-09-08 10:44:40.145 | INFO     | myoconverter.optimization.utils.UtilsForceOpt:fmOptPSO_cust:197 -         PSO iteration: 5 ; 1 percentage similarities; Best obj: 2.21241
2026-09-08 10:44:40.325 | INFO     | myoconverter.optimization.utils.UtilsForceOpt:fmOptPSO_cust:197 -         PSO iteration: 6 ; 1 percentage similarities; Best obj: 2.1717
2026-09-08 10:44:40.489 | INFO     | myoconverter.optimization.utils.UtilsForceOpt:fmOptPSO_cust:197 -         PSO iteration: 7 ; 1 percentage similarities; Best obj: 2.07819
2026-09-08 10:44:40.666 | INFO     | myoconverter.optimization.utils.UtilsForceOpt:fmOptPSO_cust:197 -         PSO iteration: 8 ; 1 percentage similarities; Best obj: 2.03792
2026-09-08 10:44:40.826 | INFO     | myoconverter.optimization.utils.UtilsForceOpt:fmOptPSO_cust:197 -         PSO iteration: 9 ; 1 percentage similarities; Best obj: 2.02903
2026-09-08 10:44:40.997 | INFO     | myoconverter.optimization.utils.UtilsForceOpt:fmOptPSO_cust:197 -         PSO iteration: 10 ; 1 percentage similarities; Best obj: 2.02688
2026-09-08 10:44:41.167 | INFO     | myoconverter.optimization.utils.UtilsForceOpt:fmOptPSO_cust:197 -         PSO iteration: 11 ; 2 percentage similarities; Best obj: 1.99816
2026-09-08 10:44:41.337 | INFO     | myoconverter.optimization.utils.UtilsForceOpt:fmOptPSO_cust:197 -         PSO iteration: 12 ; 1 percentage similarities; Best obj: 1.99169
2026-09-08 10:44:41.499 | INFO     | myoconverter.optimization.utils.UtilsForceOpt:fmOptPSO_cust:197 -         PSO iteration: 13 ; 2 percentage similarities; Best obj: 1.97432
2026-09-08 10:44:41.669 | INFO     | myoconverter.optimization.utils.UtilsForceOpt:fmOptPSO_cust:197 -         PSO iteration: 14 ; 2 percentage similarities; Best obj: 1.96481
2026-09-08 10:44:41.843 | INFO     | myoconverter.optimization.utils.UtilsForceOpt:fmOptPSO_cust:197 -         PSO iteration: 15 ; 2 percentage similarities; Best obj: 1.96024
2026-09-08 10:44:42.009 | INFO     | myoconverter.optimization.utils.UtilsForceOpt:fmOptPSO_cust:197 -         PSO iteration: 16 ; 2 percentage similarities; Best obj: 1.95639
2026-09-08 10:44:42.182 | INFO     | myoconverter.optimization.utils.UtilsForceOpt:fmOptPSO_cust:197 -         PSO iteration: 17 ; 2 percentage similarities; Best obj: 1.95098
2026-09-08 10:44:42.353 | INFO     | myoconverter.optimization.utils.UtilsForceOpt:fmOptPSO_cust:197 -         PSO iteration: 18 ; 2 percentage similarities; Best obj: 1.94958
2026-09-08 10:44:42.512 | INFO     | myoconverter.optimization.utils.UtilsForceOpt:fmOptPSO_cust:197 -         PSO iteration: 19 ; 6 percentage similarities; Best obj: 1.94733
2026-09-08 10:44:42.673 | INFO     | myoconverter.optimization.utils.UtilsForceOpt:fmOptPSO_cust:197 -         PSO iteration: 20 ; 10 percentage similarities; Best obj: 1.94698
2026-09-08 10:44:42.845 | INFO     | myoconverter.optimization.utils.UtilsForceOpt:fmOptPSO_cust:197 -         PSO iteration: 21 ; 14 percentage similarities; Best obj: 1.94691
2026-09-08 10:44:43.006 | INFO     | myoconverter.optimization.utils.UtilsForceOpt:fmOptPSO_cust:197 -         PSO iteration: 22 ; 15 percentage similarities; Best obj: 1.94689
2026-09-08 10:44:43.167 | INFO     | myoconverter.optimization.utils.UtilsForceOpt:fmOptPSO_cust:197 -         PSO iteration: 23 ; 25 percentage similarities; Best obj: 1.94689
2026-09-08 10:44:43.327 | INFO     | myoconverter.optimization.utils.UtilsForceOpt:fmOptPSO_cust:197 -         PSO iteration: 24 ; 32 percentage similarities; Best obj: 1.94678
2026-09-08 10:44:43.488 | INFO     | myoconverter.optimization.utils.UtilsForceOpt:fmOptPSO_cust:197 -         PSO iteration: 25 ; 39 percentage similarities; Best obj: 1.94668
2026-09-08 10:44:43.488 | INFO     | myoconverter.optimization.utils.UtilsForceOpt:fmOptPSO_cust:205 -         Break the optimization, since certain number of similar particles reached
2026-09-08 10:44:43.630 | INFO     | myoconverter.conversion_steps.O2MStep3:optMuscleForce:293 - Muscle : gem_r 
2026-09-08 10:44:53.476 | INFO     | myoconverter.optimization.utils.UtilsForceOpt:fmOptPSO_cust:197 -         PSO iteration: 0 ; 0 percentage similarities; Best obj: 1.46367
2026-09-08 10:44:53.649 | INFO     | myoconverter.optimization.utils.UtilsForceOpt:fmOptPSO_cust:197 -         PSO iteration: 1 ; 1 percentage similarities; Best obj: 1.46367
2026-09-08 10:44:53.799 | INFO     | myoconverter.optimization.utils.UtilsForceOpt:fmOptPSO_cust:197 -         PSO iteration: 2 ; 1 percentage similarities; Best obj: 1.46367
2026-09-08 10:44:53.945 | INFO     | myoconverter.optimization.utils.UtilsForceOpt:fmOptPSO_cust:197 -         PSO iteration: 3 ; 1 percentage similarities; Best obj: 1.46367
2026-09-08 10:44:54.103 | INFO     | myoconverter.optimization.utils.UtilsForceOpt:fmOptPSO_cust:197 -         PSO iteration: 4 ; 1 percentage similarities; Best obj: 1.46367
2026-09-08 10:44:54.244 | INFO     | myoconverter.optimization.utils.UtilsForceOpt:fmOptPSO_cust:197 -         PSO iteration: 5 ; 1 percentage similarities; Best obj: 1.46367
2026-09-08 10:44:54.395 | INFO     | myoconverter.optimization.utils.UtilsForceOpt:fmOptPSO_cust:197 -         PSO iteration: 6 ; 1 percentage similarities; Best obj: 1.46367
2026-09-08 10:44:54.548 | INFO     | myoconverter.optimization.utils.UtilsForceOpt:fmOptPSO_cust:197 -         PSO iteration: 7 ; 1 percentage similarities; Best obj: 1.46367
2026-09-08 10:44:54.716 | INFO     | myoconverter.optimization.utils.UtilsForceOpt:fmOptPSO_cust:197 -         PSO iteration: 8 ; 1 percentage similarities; Best obj: 1.46367
2026-09-08 10:44:54.877 | INFO     | myoconverter.optimization.utils.UtilsForceOpt:fmOptPSO_cust:197 -         PSO iteration: 9 ; 4 percentage similarities; Best obj: 1.45796
2026-09-08 10:44:55.108 | INFO     | myoconverter.optimization.utils.UtilsForceOpt:fmOptPSO_cust:197 -         PSO iteration: 10 ; 2 percentage similarities; Best obj: 1.457
2026-09-08 10:44:55.290 | INFO     | myoconverter.optimization.utils.UtilsForceOpt:fmOptPSO_cust:197 -         PSO iteration: 11 ; 2 percentage similarities; Best obj: 1.45679
2026-09-08 10:44:55.441 | INFO     | myoconverter.optimization.utils.UtilsForceOpt:fmOptPSO_cust:197 -         PSO iteration: 12 ; 2 percentage similarities; Best obj: 1.45674
2026-09-08 10:44:55.592 | INFO     | myoconverter.optimization.utils.UtilsForceOpt:fmOptPSO_cust:197 -         PSO iteration: 13 ; 4 percentage similarities; Best obj: 1.45666
2026-09-08 10:44:55.742 | INFO     | myoconverter.optimization.utils.UtilsForceOpt:fmOptPSO_cust:197 -         PSO iteration: 14 ; 4 percentage similarities; Best obj: 1.45545
2026-09-08 10:44:55.898 | INFO     | myoconverter.optimization.utils.UtilsForceOpt:fmOptPSO_cust:197 -         PSO iteration: 15 ; 4 percentage similarities; Best obj: 1.45524
2026-09-08 10:44:56.049 | INFO     | myoconverter.optimization.utils.UtilsForceOpt:fmOptPSO_cust:197 -         PSO iteration: 16 ; 4 percentage similarities; Best obj: 1.45519
2026-09-08 10:44:56.196 | INFO     | myoconverter.optimization.utils.UtilsForceOpt:fmOptPSO_cust:197 -         PSO iteration: 17 ; 4 percentage similarities; Best obj: 1.45498
2026-09-08 10:44:56.349 | INFO     | myoconverter.optimization.utils.UtilsForceOpt:fmOptPSO_cust:197 -         PSO iteration: 18 ; 8 percentage similarities; Best obj: 1.45493
2026-09-08 10:44:56.509 | INFO     | myoconverter.optimization.utils.UtilsForceOpt:fmOptPSO_cust:197 -         PSO iteration: 19 ; 10 percentage similarities; Best obj: 1.45487
2026-09-08 10:44:56.660 | INFO     | myoconverter.optimization.utils.UtilsForceOpt:fmOptPSO_cust:197 -         PSO iteration: 20 ; 15 percentage similarities; Best obj: 1.45485
2026-09-08 10:44:56.811 | INFO     | myoconverter.optimization.utils.UtilsForceOpt:fmOptPSO_cust:197 -         PSO iteration: 21 ; 26 percentage similarities; Best obj: 1.45483
2026-09-08 10:44:56.969 | INFO     | myoconverter.optimization.utils.UtilsForceOpt:fmOptPSO_cust:197 -         PSO iteration: 22 ; 40 percentage similarities; Best obj: 1.45482
2026-09-08 10:44:57.120 | INFO     | myoconverter.optimization.utils.UtilsForceOpt:fmOptPSO_cust:197 -         PSO iteration: 23 ; 49 percentage similarities; Best obj: 1.45481
2026-09-08 10:44:57.120 | INFO     | myoconverter.optimization.utils.UtilsForceOpt:fmOptPSO_cust:205 -         Break the optimization, since certain number of similar particles reached
2026-09-08 10:44:57.244 | INFO     | myoconverter.conversion_steps.O2MStep3:optMuscleForce:293 - Muscle : peri_r 
2026-09-08 10:45:06.608 | INFO     | myoconverter.optimization.utils.UtilsForceOpt:fmOptPSO_cust:197 -         PSO iteration: 0 ; 0 percentage similarities; Best obj: 0.28788
2026-09-08 10:45:06.759 | INFO     | myoconverter.optimization.utils.UtilsForceOpt:fmOptPSO_cust:197 -         PSO iteration: 1 ; 1 percentage similarities; Best obj: 0.28788
2026-09-08 10:45:06.911 | INFO     | myoconverter.optimization.utils.UtilsForceOpt:fmOptPSO_cust:197 -         PSO iteration: 2 ; 1 percentage similarities; Best obj: 0.26427
2026-09-08 10:45:07.072 | INFO     | myoconverter.optimization.utils.UtilsForceOpt:fmOptPSO_cust:197 -         PSO iteration: 3 ; 1 percentage similarities; Best obj: 0.26427
2026-09-08 10:45:07.213 | INFO     | myoconverter.optimization.utils.UtilsForceOpt:fmOptPSO_cust:197 -         PSO iteration: 4 ; 1 percentage similarities; Best obj: 0.26427
2026-09-08 10:45:07.384 | INFO     | myoconverter.optimization.utils.UtilsForceOpt:fmOptPSO_cust:197 -         PSO iteration: 5 ; 1 percentage similarities; Best obj: 0.26427
2026-09-08 10:45:07.535 | INFO     | myoconverter.optimization.utils.UtilsForceOpt:fmOptPSO_cust:197 -         PSO iteration: 6 ; 1 percentage similarities; Best obj: 0.26061
2026-09-08 10:45:07.696 | INFO     | myoconverter.optimization.utils.UtilsForceOpt:fmOptPSO_cust:197 -         PSO iteration: 7 ; 1 percentage similarities; Best obj: 0.25933
2026-09-08 10:45:07.837 | INFO     | myoconverter.optimization.utils.UtilsForceOpt:fmOptPSO_cust:197 -         PSO iteration: 8 ; 2 percentage similarities; Best obj: 0.25186
2026-09-08 10:45:07.999 | INFO     | myoconverter.optimization.utils.UtilsForceOpt:fmOptPSO_cust:197 -         PSO iteration: 9 ; 1 percentage similarities; Best obj: 0.24932
2026-09-08 10:45:08.150 | INFO     | myoconverter.optimization.utils.UtilsForceOpt:fmOptPSO_cust:197 -         PSO iteration: 10 ; 1 percentage similarities; Best obj: 0.24789
2026-09-08 10:45:08.292 | INFO     | myoconverter.optimization.utils.UtilsForceOpt:fmOptPSO_cust:197 -         PSO iteration: 11 ; 4 percentage similarities; Best obj: 0.24696
2026-09-08 10:45:08.443 | INFO     | myoconverter.optimization.utils.UtilsForceOpt:fmOptPSO_cust:197 -         PSO iteration: 12 ; 4 percentage similarities; Best obj: 0.24305
2026-09-08 10:45:08.584 | INFO     | myoconverter.optimization.utils.UtilsForceOpt:fmOptPSO_cust:197 -         PSO iteration: 13 ; 1 percentage similarities; Best obj: 0.24213
2026-09-08 10:45:08.737 | INFO     | myoconverter.optimization.utils.UtilsForceOpt:fmOptPSO_cust:197 -         PSO iteration: 14 ; 1 percentage similarities; Best obj: 0.24196
2026-09-08 10:45:08.887 | INFO     | myoconverter.optimization.utils.UtilsForceOpt:fmOptPSO_cust:197 -         PSO iteration: 15 ; 5 percentage similarities; Best obj: 0.24192
2026-09-08 10:45:09.048 | INFO     | myoconverter.optimization.utils.UtilsForceOpt:fmOptPSO_cust:197 -         PSO iteration: 16 ; 6 percentage similarities; Best obj: 0.2416
2026-09-08 10:45:09.188 | INFO     | myoconverter.optimization.utils.UtilsForceOpt:fmOptPSO_cust:197 -         PSO iteration: 17 ; 8 percentage similarities; Best obj: 0.24152
2026-09-08 10:45:09.349 | INFO     | myoconverter.optimization.utils.UtilsForceOpt:fmOptPSO_cust:197 -         PSO iteration: 18 ; 10 percentage similarities; Best obj: 0.24146
2026-09-08 10:45:09.500 | INFO     | myoconverter.optimization.utils.UtilsForceOpt:fmOptPSO_cust:197 -         PSO iteration: 19 ; 10 percentage similarities; Best obj: 0.24141
2026-09-08 10:45:09.652 | INFO     | myoconverter.optimization.utils.UtilsForceOpt:fmOptPSO_cust:197 -         PSO iteration: 20 ; 12 percentage similarities; Best obj: 0.24134
2026-09-08 10:45:09.792 | INFO     | myoconverter.optimization.utils.UtilsForceOpt:fmOptPSO_cust:197 -         PSO iteration: 21 ; 15 percentage similarities; Best obj: 0.24123
2026-09-08 10:45:09.944 | INFO     | myoconverter.optimization.utils.UtilsForceOpt:fmOptPSO_cust:197 -         PSO iteration: 22 ; 26 percentage similarities; Best obj: 0.2412
2026-09-08 10:45:10.105 | INFO     | myoconverter.optimization.utils.UtilsForceOpt:fmOptPSO_cust:197 -         PSO iteration: 23 ; 45 percentage similarities; Best obj: 0.24119
2026-09-08 10:45:10.105 | INFO     | myoconverter.optimization.utils.UtilsForceOpt:fmOptPSO_cust:205 -         Break the optimization, since certain number of similar particles reached
2026-09-08 10:45:10.257 | INFO     | myoconverter.conversion_steps.O2MStep3:optMuscleForce:293 - Muscle : rect_fem_r 
2026-09-08 10:45:19.848 | INFO     | myoconverter.optimization.utils.UtilsForceOpt:fmOptPSO_cust:197 -         PSO iteration: 0 ; 0 percentage similarities; Best obj: 0.18059
2026-09-08 10:45:20.089 | INFO     | myoconverter.optimization.utils.UtilsForceOpt:fmOptPSO_cust:197 -         PSO iteration: 1 ; 1 percentage similarities; Best obj: 0.18059
2026-09-08 10:45:20.331 | INFO     | myoconverter.optimization.utils.UtilsForceOpt:fmOptPSO_cust:197 -         PSO iteration: 2 ; 1 percentage similarities; Best obj: 0.18059
2026-09-08 10:45:20.562 | INFO     | myoconverter.optimization.utils.UtilsForceOpt:fmOptPSO_cust:197 -         PSO iteration: 3 ; 1 percentage similarities; Best obj: 0.17303
2026-09-08 10:45:20.804 | INFO     | myoconverter.optimization.utils.UtilsForceOpt:fmOptPSO_cust:197 -         PSO iteration: 4 ; 1 percentage similarities; Best obj: 0.17129
2026-09-08 10:45:21.043 | INFO     | myoconverter.optimization.utils.UtilsForceOpt:fmOptPSO_cust:197 -         PSO iteration: 5 ; 1 percentage similarities; Best obj: 0.17097
2026-09-08 10:45:21.288 | INFO     | myoconverter.optimization.utils.UtilsForceOpt:fmOptPSO_cust:197 -         PSO iteration: 6 ; 1 percentage similarities; Best obj: 0.1709
2026-09-08 10:45:21.519 | INFO     | myoconverter.optimization.utils.UtilsForceOpt:fmOptPSO_cust:197 -         PSO iteration: 7 ; 4 percentage similarities; Best obj: 0.16932
2026-09-08 10:45:21.755 | INFO     | myoconverter.optimization.utils.UtilsForceOpt:fmOptPSO_cust:197 -         PSO iteration: 8 ; 4 percentage similarities; Best obj: 0.16804
2026-09-08 10:45:21.984 | INFO     | myoconverter.optimization.utils.UtilsForceOpt:fmOptPSO_cust:197 -         PSO iteration: 9 ; 4 percentage similarities; Best obj: 0.16723
2026-09-08 10:45:22.212 | INFO     | myoconverter.optimization.utils.UtilsForceOpt:fmOptPSO_cust:197 -         PSO iteration: 10 ; 6 percentage similarities; Best obj: 0.16511
2026-09-08 10:45:22.464 | INFO     | myoconverter.optimization.utils.UtilsForceOpt:fmOptPSO_cust:197 -         PSO iteration: 11 ; 5 percentage similarities; Best obj: 0.1647
2026-09-08 10:45:22.685 | INFO     | myoconverter.optimization.utils.UtilsForceOpt:fmOptPSO_cust:197 -         PSO iteration: 12 ; 16 percentage similarities; Best obj: 0.16462
2026-09-08 10:45:22.927 | INFO     | myoconverter.optimization.utils.UtilsForceOpt:fmOptPSO_cust:197 -         PSO iteration: 13 ; 34 percentage similarities; Best obj: 0.16444
2026-09-08 10:45:22.927 | INFO     | myoconverter.optimization.utils.UtilsForceOpt:fmOptPSO_cust:205 -         Break the optimization, since certain number of similar particles reached
2026-09-08 10:45:23.070 | INFO     | myoconverter.conversion_steps.O2MStep3:optMuscleForce:293 - Muscle : vas_med_r 
2026-09-08 10:45:33.098 | INFO     | myoconverter.optimization.utils.UtilsForceOpt:fmOptPSO_cust:197 -         PSO iteration: 0 ; 0 percentage similarities; Best obj: 0.11415
2026-09-08 10:45:33.323 | INFO     | myoconverter.optimization.utils.UtilsForceOpt:fmOptPSO_cust:197 -         PSO iteration: 1 ; 1 percentage similarities; Best obj: 0.11415
2026-09-08 10:45:33.544 | INFO     | myoconverter.optimization.utils.UtilsForceOpt:fmOptPSO_cust:197 -         PSO iteration: 2 ; 1 percentage similarities; Best obj: 0.11415
2026-09-08 10:45:33.756 | INFO     | myoconverter.optimization.utils.UtilsForceOpt:fmOptPSO_cust:197 -         PSO iteration: 3 ; 1 percentage similarities; Best obj: 0.10759
2026-09-08 10:45:33.972 | INFO     | myoconverter.optimization.utils.UtilsForceOpt:fmOptPSO_cust:197 -         PSO iteration: 4 ; 1 percentage similarities; Best obj: 0.08695
2026-09-08 10:45:34.199 | INFO     | myoconverter.optimization.utils.UtilsForceOpt:fmOptPSO_cust:197 -         PSO iteration: 5 ; 1 percentage similarities; Best obj: 0.082
2026-09-08 10:45:34.390 | INFO     | myoconverter.optimization.utils.UtilsForceOpt:fmOptPSO_cust:197 -         PSO iteration: 6 ; 1 percentage similarities; Best obj: 0.07506
2026-09-08 10:45:34.602 | INFO     | myoconverter.optimization.utils.UtilsForceOpt:fmOptPSO_cust:197 -         PSO iteration: 7 ; 2 percentage similarities; Best obj: 0.07278
2026-09-08 10:45:34.824 | INFO     | myoconverter.optimization.utils.UtilsForceOpt:fmOptPSO_cust:197 -         PSO iteration: 8 ; 1 percentage similarities; Best obj: 0.06088
2026-09-08 10:45:35.035 | INFO     | myoconverter.optimization.utils.UtilsForceOpt:fmOptPSO_cust:197 -         PSO iteration: 9 ; 1 percentage similarities; Best obj: 0.05821
2026-09-08 10:45:35.256 | INFO     | myoconverter.optimization.utils.UtilsForceOpt:fmOptPSO_cust:197 -         PSO iteration: 10 ; 1 percentage similarities; Best obj: 0.0547
2026-09-08 10:45:35.468 | INFO     | myoconverter.optimization.utils.UtilsForceOpt:fmOptPSO_cust:197 -         PSO iteration: 11 ; 1 percentage similarities; Best obj: 0.05241
2026-09-08 10:45:35.689 | INFO     | myoconverter.optimization.utils.UtilsForceOpt:fmOptPSO_cust:197 -         PSO iteration: 12 ; 1 percentage similarities; Best obj: 0.05169
2026-09-08 10:45:35.901 | INFO     | myoconverter.optimization.utils.UtilsForceOpt:fmOptPSO_cust:197 -         PSO iteration: 13 ; 2 percentage similarities; Best obj: 0.04821
2026-09-08 10:45:36.102 | INFO     | myoconverter.optimization.utils.UtilsForceOpt:fmOptPSO_cust:197 -         PSO iteration: 14 ; 1 percentage similarities; Best obj: 0.04747
2026-09-08 10:45:36.323 | INFO     | myoconverter.optimization.utils.UtilsForceOpt:fmOptPSO_cust:197 -         PSO iteration: 15 ; 1 percentage similarities; Best obj: 0.04534
2026-09-08 10:45:36.535 | INFO     | myoconverter.optimization.utils.UtilsForceOpt:fmOptPSO_cust:197 -         PSO iteration: 16 ; 1 percentage similarities; Best obj: 0.0449
2026-09-08 10:45:36.766 | INFO     | myoconverter.optimization.utils.UtilsForceOpt:fmOptPSO_cust:197 -         PSO iteration: 17 ; 1 percentage similarities; Best obj: 0.04454
2026-09-08 10:45:36.989 | INFO     | myoconverter.optimization.utils.UtilsForceOpt:fmOptPSO_cust:197 -         PSO iteration: 18 ; 5 percentage similarities; Best obj: 0.04394
2026-09-08 10:45:37.209 | INFO     | myoconverter.optimization.utils.UtilsForceOpt:fmOptPSO_cust:197 -         PSO iteration: 19 ; 6 percentage similarities; Best obj: 0.04309
2026-09-08 10:45:37.421 | INFO     | myoconverter.optimization.utils.UtilsForceOpt:fmOptPSO_cust:197 -         PSO iteration: 20 ; 4 percentage similarities; Best obj: 0.04273
2026-09-08 10:45:37.652 | INFO     | myoconverter.optimization.utils.UtilsForceOpt:fmOptPSO_cust:197 -         PSO iteration: 21 ; 1 percentage similarities; Best obj: 0.04266
2026-09-08 10:45:37.877 | INFO     | myoconverter.optimization.utils.UtilsForceOpt:fmOptPSO_cust:197 -         PSO iteration: 22 ; 2 percentage similarities; Best obj: 0.04253
2026-09-08 10:45:38.078 | INFO     | myoconverter.optimization.utils.UtilsForceOpt:fmOptPSO_cust:197 -         PSO iteration: 23 ; 8 percentage similarities; Best obj: 0.04245
2026-09-08 10:45:38.305 | INFO     | myoconverter.optimization.utils.UtilsForceOpt:fmOptPSO_cust:197 -         PSO iteration: 24 ; 9 percentage similarities; Best obj: 0.04243
2026-09-08 10:45:38.517 | INFO     | myoconverter.optimization.utils.UtilsForceOpt:fmOptPSO_cust:197 -         PSO iteration: 25 ; 11 percentage similarities; Best obj: 0.04243
2026-09-08 10:45:38.729 | INFO     | myoconverter.optimization.utils.UtilsForceOpt:fmOptPSO_cust:197 -         PSO iteration: 26 ; 11 percentage similarities; Best obj: 0.04243
2026-09-08 10:45:38.940 | INFO     | myoconverter.optimization.utils.UtilsForceOpt:fmOptPSO_cust:197 -         PSO iteration: 27 ; 12 percentage similarities; Best obj: 0.04228
2026-09-08 10:45:39.150 | INFO     | myoconverter.optimization.utils.UtilsForceOpt:fmOptPSO_cust:197 -         PSO iteration: 28 ; 14 percentage similarities; Best obj: 0.04226
2026-09-08 10:45:39.421 | INFO     | myoconverter.optimization.utils.UtilsForceOpt:fmOptPSO_cust:197 -         PSO iteration: 29 ; 36 percentage similarities; Best obj: 0.04225
2026-09-08 10:45:39.421 | INFO     | myoconverter.optimization.utils.UtilsForceOpt:fmOptPSO_cust:205 -         Break the optimization, since certain number of similar particles reached
2026-09-08 10:45:39.581 | INFO     | myoconverter.conversion_steps.O2MStep3:optMuscleForce:293 - Muscle : vas_int_r 
2026-09-08 10:45:48.984 | INFO     | myoconverter.optimization.utils.UtilsForceOpt:fmOptPSO_cust:197 -         PSO iteration: 0 ; 0 percentage similarities; Best obj: 0.08869
2026-09-08 10:45:49.208 | INFO     | myoconverter.optimization.utils.UtilsForceOpt:fmOptPSO_cust:197 -         PSO iteration: 1 ; 1 percentage similarities; Best obj: 0.08869
2026-09-08 10:45:49.437 | INFO     | myoconverter.optimization.utils.UtilsForceOpt:fmOptPSO_cust:197 -         PSO iteration: 2 ; 1 percentage similarities; Best obj: 0.08869
2026-09-08 10:45:49.678 | INFO     | myoconverter.optimization.utils.UtilsForceOpt:fmOptPSO_cust:197 -         PSO iteration: 3 ; 1 percentage similarities; Best obj: 0.08869
2026-09-08 10:45:49.920 | INFO     | myoconverter.optimization.utils.UtilsForceOpt:fmOptPSO_cust:197 -         PSO iteration: 4 ; 1 percentage similarities; Best obj: 0.06674
2026-09-08 10:45:50.144 | INFO     | myoconverter.optimization.utils.UtilsForceOpt:fmOptPSO_cust:197 -         PSO iteration: 5 ; 1 percentage similarities; Best obj: 0.06247
2026-09-08 10:45:50.372 | INFO     | myoconverter.optimization.utils.UtilsForceOpt:fmOptPSO_cust:197 -         PSO iteration: 6 ; 1 percentage similarities; Best obj: 0.05196
2026-09-08 10:45:50.605 | INFO     | myoconverter.optimization.utils.UtilsForceOpt:fmOptPSO_cust:197 -         PSO iteration: 7 ; 1 percentage similarities; Best obj: 0.04935
2026-09-08 10:45:50.814 | INFO     | myoconverter.optimization.utils.UtilsForceOpt:fmOptPSO_cust:197 -         PSO iteration: 8 ; 1 percentage similarities; Best obj: 0.04879
2026-09-08 10:45:51.034 | INFO     | myoconverter.optimization.utils.UtilsForceOpt:fmOptPSO_cust:197 -         PSO iteration: 9 ; 1 percentage similarities; Best obj: 0.04418
2026-09-08 10:45:51.245 | INFO     | myoconverter.optimization.utils.UtilsForceOpt:fmOptPSO_cust:197 -         PSO iteration: 10 ; 1 percentage similarities; Best obj: 0.04304
2026-09-08 10:45:51.456 | INFO     | myoconverter.optimization.utils.UtilsForceOpt:fmOptPSO_cust:197 -         PSO iteration: 11 ; 1 percentage similarities; Best obj: 0.04279
2026-09-08 10:45:51.676 | INFO     | myoconverter.optimization.utils.UtilsForceOpt:fmOptPSO_cust:197 -         PSO iteration: 12 ; 1 percentage similarities; Best obj: 0.0414
2026-09-08 10:45:51.887 | INFO     | myoconverter.optimization.utils.UtilsForceOpt:fmOptPSO_cust:197 -         PSO iteration: 13 ; 1 percentage similarities; Best obj: 0.04108
2026-09-08 10:45:52.099 | INFO     | myoconverter.optimization.utils.UtilsForceOpt:fmOptPSO_cust:197 -         PSO iteration: 14 ; 1 percentage similarities; Best obj: 0.04098
2026-09-08 10:45:52.311 | INFO     | myoconverter.optimization.utils.UtilsForceOpt:fmOptPSO_cust:197 -         PSO iteration: 15 ; 2 percentage similarities; Best obj: 0.04074
2026-09-08 10:45:52.531 | INFO     | myoconverter.optimization.utils.UtilsForceOpt:fmOptPSO_cust:197 -         PSO iteration: 16 ; 4 percentage similarities; Best obj: 0.04033
2026-09-08 10:45:52.763 | INFO     | myoconverter.optimization.utils.UtilsForceOpt:fmOptPSO_cust:197 -         PSO iteration: 17 ; 6 percentage similarities; Best obj: 0.04013
2026-09-08 10:45:52.975 | INFO     | myoconverter.optimization.utils.UtilsForceOpt:fmOptPSO_cust:197 -         PSO iteration: 18 ; 9 percentage similarities; Best obj: 0.03988
2026-09-08 10:45:53.186 | INFO     | myoconverter.optimization.utils.UtilsForceOpt:fmOptPSO_cust:197 -         PSO iteration: 19 ; 8 percentage similarities; Best obj: 0.03983
2026-09-08 10:45:53.408 | INFO     | myoconverter.optimization.utils.UtilsForceOpt:fmOptPSO_cust:197 -         PSO iteration: 20 ; 9 percentage similarities; Best obj: 0.03983
2026-09-08 10:45:53.630 | INFO     | myoconverter.optimization.utils.UtilsForceOpt:fmOptPSO_cust:197 -         PSO iteration: 21 ; 14 percentage similarities; Best obj: 0.03982
2026-09-08 10:45:53.850 | INFO     | myoconverter.optimization.utils.UtilsForceOpt:fmOptPSO_cust:197 -         PSO iteration: 22 ; 20 percentage similarities; Best obj: 0.03977
2026-09-08 10:45:54.063 | INFO     | myoconverter.optimization.utils.UtilsForceOpt:fmOptPSO_cust:197 -         PSO iteration: 23 ; 30 percentage similarities; Best obj: 0.03975
2026-09-08 10:45:54.273 | INFO     | myoconverter.optimization.utils.UtilsForceOpt:fmOptPSO_cust:197 -         PSO iteration: 24 ; 44 percentage similarities; Best obj: 0.03974
2026-09-08 10:45:54.273 | INFO     | myoconverter.optimization.utils.UtilsForceOpt:fmOptPSO_cust:205 -         Break the optimization, since certain number of similar particles reached
2026-09-08 10:45:54.425 | INFO     | myoconverter.conversion_steps.O2MStep3:optMuscleForce:293 - Muscle : vas_lat_r 
2026-09-08 10:46:03.796 | INFO     | myoconverter.optimization.utils.UtilsForceOpt:fmOptPSO_cust:197 -         PSO iteration: 0 ; 0 percentage similarities; Best obj: 0.04916
2026-09-08 10:46:04.016 | INFO     | myoconverter.optimization.utils.UtilsForceOpt:fmOptPSO_cust:197 -         PSO iteration: 1 ; 1 percentage similarities; Best obj: 0.04916
2026-09-08 10:46:04.238 | INFO     | myoconverter.optimization.utils.UtilsForceOpt:fmOptPSO_cust:197 -         PSO iteration: 2 ; 1 percentage similarities; Best obj: 0.04467
2026-09-08 10:46:04.449 | INFO     | myoconverter.optimization.utils.UtilsForceOpt:fmOptPSO_cust:197 -         PSO iteration: 3 ; 1 percentage similarities; Best obj: 0.04467
2026-09-08 10:46:04.660 | INFO     | myoconverter.optimization.utils.UtilsForceOpt:fmOptPSO_cust:197 -         PSO iteration: 4 ; 1 percentage similarities; Best obj: 0.04467
2026-09-08 10:46:04.862 | INFO     | myoconverter.optimization.utils.UtilsForceOpt:fmOptPSO_cust:197 -         PSO iteration: 5 ; 1 percentage similarities; Best obj: 0.04467
2026-09-08 10:46:05.084 | INFO     | myoconverter.optimization.utils.UtilsForceOpt:fmOptPSO_cust:197 -         PSO iteration: 6 ; 1 percentage similarities; Best obj: 0.04467
2026-09-08 10:46:05.295 | INFO     | myoconverter.optimization.utils.UtilsForceOpt:fmOptPSO_cust:197 -         PSO iteration: 7 ; 1 percentage similarities; Best obj: 0.04431
2026-09-08 10:46:05.516 | INFO     | myoconverter.optimization.utils.UtilsForceOpt:fmOptPSO_cust:197 -         PSO iteration: 8 ; 1 percentage similarities; Best obj: 0.04424
2026-09-08 10:46:05.738 | INFO     | myoconverter.optimization.utils.UtilsForceOpt:fmOptPSO_cust:197 -         PSO iteration: 9 ; 1 percentage similarities; Best obj: 0.04423
2026-09-08 10:46:05.958 | INFO     | myoconverter.optimization.utils.UtilsForceOpt:fmOptPSO_cust:197 -         PSO iteration: 10 ; 1 percentage similarities; Best obj: 0.04423
2026-09-08 10:46:06.171 | INFO     | myoconverter.optimization.utils.UtilsForceOpt:fmOptPSO_cust:197 -         PSO iteration: 11 ; 1 percentage similarities; Best obj: 0.04422
2026-09-08 10:46:06.382 | INFO     | myoconverter.optimization.utils.UtilsForceOpt:fmOptPSO_cust:197 -         PSO iteration: 12 ; 1 percentage similarities; Best obj: 0.04422
2026-09-08 10:46:06.595 | INFO     | myoconverter.optimization.utils.UtilsForceOpt:fmOptPSO_cust:197 -         PSO iteration: 13 ; 1 percentage similarities; Best obj: 0.04422
2026-09-08 10:46:06.817 | INFO     | myoconverter.optimization.utils.UtilsForceOpt:fmOptPSO_cust:197 -         PSO iteration: 14 ; 1 percentage similarities; Best obj: 0.04288
2026-09-08 10:46:07.018 | INFO     | myoconverter.optimization.utils.UtilsForceOpt:fmOptPSO_cust:197 -         PSO iteration: 15 ; 1 percentage similarities; Best obj: 0.04233
2026-09-08 10:46:07.230 | INFO     | myoconverter.optimization.utils.UtilsForceOpt:fmOptPSO_cust:197 -         PSO iteration: 16 ; 1 percentage similarities; Best obj: 0.03829
2026-09-08 10:46:07.447 | INFO     | myoconverter.optimization.utils.UtilsForceOpt:fmOptPSO_cust:197 -         PSO iteration: 17 ; 1 percentage similarities; Best obj: 0.03757
2026-09-08 10:46:07.663 | INFO     | myoconverter.optimization.utils.UtilsForceOpt:fmOptPSO_cust:197 -         PSO iteration: 18 ; 2 percentage similarities; Best obj: 0.03727
2026-09-08 10:46:07.876 | INFO     | myoconverter.optimization.utils.UtilsForceOpt:fmOptPSO_cust:197 -         PSO iteration: 19 ; 5 percentage similarities; Best obj: 0.037
2026-09-08 10:46:08.087 | INFO     | myoconverter.optimization.utils.UtilsForceOpt:fmOptPSO_cust:197 -         PSO iteration: 20 ; 6 percentage similarities; Best obj: 0.03668
2026-09-08 10:46:08.288 | INFO     | myoconverter.optimization.utils.UtilsForceOpt:fmOptPSO_cust:197 -         PSO iteration: 21 ; 6 percentage similarities; Best obj: 0.03662
2026-09-08 10:46:08.500 | INFO     | myoconverter.optimization.utils.UtilsForceOpt:fmOptPSO_cust:197 -         PSO iteration: 22 ; 9 percentage similarities; Best obj: 0.03652
2026-09-08 10:46:08.701 | INFO     | myoconverter.optimization.utils.UtilsForceOpt:fmOptPSO_cust:197 -         PSO iteration: 23 ; 11 percentage similarities; Best obj: 0.03648
2026-09-08 10:46:08.922 | INFO     | myoconverter.optimization.utils.UtilsForceOpt:fmOptPSO_cust:197 -         PSO iteration: 24 ; 15 percentage similarities; Best obj: 0.03646
2026-09-08 10:46:09.142 | INFO     | myoconverter.optimization.utils.UtilsForceOpt:fmOptPSO_cust:197 -         PSO iteration: 25 ; 28 percentage similarities; Best obj: 0.03645
2026-09-08 10:46:09.348 | INFO     | myoconverter.optimization.utils.UtilsForceOpt:fmOptPSO_cust:197 -         PSO iteration: 26 ; 40 percentage similarities; Best obj: 0.03645
2026-09-08 10:46:09.565 | INFO     | myoconverter.optimization.utils.UtilsForceOpt:fmOptPSO_cust:197 -         PSO iteration: 27 ; 48 percentage similarities; Best obj: 0.03644
2026-09-08 10:46:09.565 | INFO     | myoconverter.optimization.utils.UtilsForceOpt:fmOptPSO_cust:205 -         Break the optimization, since certain number of similar particles reached
2026-09-08 10:46:09.697 | INFO     | myoconverter.conversion_steps.O2MStep3:optMuscleForce:293 - Muscle : med_gas_r 
2026-09-08 10:46:19.030 | INFO     | myoconverter.optimization.utils.UtilsForceOpt:fmOptPSO_cust:197 -         PSO iteration: 0 ; 0 percentage similarities; Best obj: 0.16768
2026-09-08 10:46:19.242 | INFO     | myoconverter.optimization.utils.UtilsForceOpt:fmOptPSO_cust:197 -         PSO iteration: 1 ; 1 percentage similarities; Best obj: 0.08995
2026-09-08 10:46:19.463 | INFO     | myoconverter.optimization.utils.UtilsForceOpt:fmOptPSO_cust:197 -         PSO iteration: 2 ; 1 percentage similarities; Best obj: 0.08995
2026-09-08 10:46:19.684 | INFO     | myoconverter.optimization.utils.UtilsForceOpt:fmOptPSO_cust:197 -         PSO iteration: 3 ; 1 percentage similarities; Best obj: 0.08995
2026-09-08 10:46:19.905 | INFO     | myoconverter.optimization.utils.UtilsForceOpt:fmOptPSO_cust:197 -         PSO iteration: 4 ; 1 percentage similarities; Best obj: 0.08995
2026-09-08 10:46:20.116 | INFO     | myoconverter.optimization.utils.UtilsForceOpt:fmOptPSO_cust:197 -         PSO iteration: 5 ; 1 percentage similarities; Best obj: 0.08995
2026-09-08 10:46:20.336 | INFO     | myoconverter.optimization.utils.UtilsForceOpt:fmOptPSO_cust:197 -         PSO iteration: 6 ; 1 percentage similarities; Best obj: 0.08995
2026-09-08 10:46:20.557 | INFO     | myoconverter.optimization.utils.UtilsForceOpt:fmOptPSO_cust:197 -         PSO iteration: 7 ; 1 percentage similarities; Best obj: 0.08995
2026-09-08 10:46:20.757 | INFO     | myoconverter.optimization.utils.UtilsForceOpt:fmOptPSO_cust:197 -         PSO iteration: 8 ; 1 percentage similarities; Best obj: 0.08995
2026-09-08 10:46:20.989 | INFO     | myoconverter.optimization.utils.UtilsForceOpt:fmOptPSO_cust:197 -         PSO iteration: 9 ; 1 percentage similarities; Best obj: 0.08992
2026-09-08 10:46:21.211 | INFO     | myoconverter.optimization.utils.UtilsForceOpt:fmOptPSO_cust:197 -         PSO iteration: 10 ; 1 percentage similarities; Best obj: 0.0899
2026-09-08 10:46:21.442 | INFO     | myoconverter.optimization.utils.UtilsForceOpt:fmOptPSO_cust:197 -         PSO iteration: 11 ; 1 percentage similarities; Best obj: 0.0899
2026-09-08 10:46:21.673 | INFO     | myoconverter.optimization.utils.UtilsForceOpt:fmOptPSO_cust:197 -         PSO iteration: 12 ; 1 percentage similarities; Best obj: 0.0899
2026-09-08 10:46:21.885 | INFO     | myoconverter.optimization.utils.UtilsForceOpt:fmOptPSO_cust:197 -         PSO iteration: 13 ; 1 percentage similarities; Best obj: 0.0899
2026-09-08 10:46:22.106 | INFO     | myoconverter.optimization.utils.UtilsForceOpt:fmOptPSO_cust:197 -         PSO iteration: 14 ; 1 percentage similarities; Best obj: 0.0899
2026-09-08 10:46:22.318 | INFO     | myoconverter.optimization.utils.UtilsForceOpt:fmOptPSO_cust:197 -         PSO iteration: 15 ; 1 percentage similarities; Best obj: 0.0899
2026-09-08 10:46:22.539 | INFO     | myoconverter.optimization.utils.UtilsForceOpt:fmOptPSO_cust:197 -         PSO iteration: 16 ; 1 percentage similarities; Best obj: 0.0899
2026-09-08 10:46:22.751 | INFO     | myoconverter.optimization.utils.UtilsForceOpt:fmOptPSO_cust:197 -         PSO iteration: 17 ; 1 percentage similarities; Best obj: 0.0899
2026-09-08 10:46:22.963 | INFO     | myoconverter.optimization.utils.UtilsForceOpt:fmOptPSO_cust:197 -         PSO iteration: 18 ; 1 percentage similarities; Best obj: 0.0899
2026-09-08 10:46:23.196 | INFO     | myoconverter.optimization.utils.UtilsForceOpt:fmOptPSO_cust:197 -         PSO iteration: 19 ; 5 percentage similarities; Best obj: 0.0899
2026-09-08 10:46:23.407 | INFO     | myoconverter.optimization.utils.UtilsForceOpt:fmOptPSO_cust:197 -         PSO iteration: 20 ; 9 percentage similarities; Best obj: 0.0899
2026-09-08 10:46:23.689 | INFO     | myoconverter.optimization.utils.UtilsForceOpt:fmOptPSO_cust:197 -         PSO iteration: 21 ; 9 percentage similarities; Best obj: 0.0899
2026-09-08 10:46:23.689 | INFO     | myoconverter.optimization.utils.UtilsForceOpt:fmOptPSO_cust:217 -         Break the optimization, since global obj maintained the same value for certain iterations
2026-09-08 10:46:23.861 | INFO     | myoconverter.conversion_steps.O2MStep3:optMuscleForce:293 - Muscle : lat_gas_r 
2026-09-08 10:46:33.407 | INFO     | myoconverter.optimization.utils.UtilsForceOpt:fmOptPSO_cust:197 -         PSO iteration: 0 ; 0 percentage similarities; Best obj: 0.18009
2026-09-08 10:46:33.628 | INFO     | myoconverter.optimization.utils.UtilsForceOpt:fmOptPSO_cust:197 -         PSO iteration: 1 ; 1 percentage similarities; Best obj: 0.04842
2026-09-08 10:46:33.859 | INFO     | myoconverter.optimization.utils.UtilsForceOpt:fmOptPSO_cust:197 -         PSO iteration: 2 ; 1 percentage similarities; Best obj: 0.04842
2026-09-08 10:46:34.071 | INFO     | myoconverter.optimization.utils.UtilsForceOpt:fmOptPSO_cust:197 -         PSO iteration: 3 ; 1 percentage similarities; Best obj: 0.04842
2026-09-08 10:46:34.303 | INFO     | myoconverter.optimization.utils.UtilsForceOpt:fmOptPSO_cust:197 -         PSO iteration: 4 ; 1 percentage similarities; Best obj: 0.04842
2026-09-08 10:46:34.540 | INFO     | myoconverter.optimization.utils.UtilsForceOpt:fmOptPSO_cust:197 -         PSO iteration: 5 ; 1 percentage similarities; Best obj: 0.04842
2026-09-08 10:46:34.775 | INFO     | myoconverter.optimization.utils.UtilsForceOpt:fmOptPSO_cust:197 -         PSO iteration: 6 ; 1 percentage similarities; Best obj: 0.04842
2026-09-08 10:46:34.996 | INFO     | myoconverter.optimization.utils.UtilsForceOpt:fmOptPSO_cust:197 -         PSO iteration: 7 ; 1 percentage similarities; Best obj: 0.04842
2026-09-08 10:46:35.218 | INFO     | myoconverter.optimization.utils.UtilsForceOpt:fmOptPSO_cust:197 -         PSO iteration: 8 ; 1 percentage similarities; Best obj: 0.04373
2026-09-08 10:46:35.439 | INFO     | myoconverter.optimization.utils.UtilsForceOpt:fmOptPSO_cust:197 -         PSO iteration: 9 ; 1 percentage similarities; Best obj: 0.04184
2026-09-08 10:46:35.672 | INFO     | myoconverter.optimization.utils.UtilsForceOpt:fmOptPSO_cust:197 -         PSO iteration: 10 ; 1 percentage similarities; Best obj: 0.0414
2026-09-08 10:46:35.883 | INFO     | myoconverter.optimization.utils.UtilsForceOpt:fmOptPSO_cust:197 -         PSO iteration: 11 ; 1 percentage similarities; Best obj: 0.04129
2026-09-08 10:46:36.105 | INFO     | myoconverter.optimization.utils.UtilsForceOpt:fmOptPSO_cust:197 -         PSO iteration: 12 ; 1 percentage similarities; Best obj: 0.0382
2026-09-08 10:46:36.326 | INFO     | myoconverter.optimization.utils.UtilsForceOpt:fmOptPSO_cust:197 -         PSO iteration: 13 ; 1 percentage similarities; Best obj: 0.03743
2026-09-08 10:46:36.537 | INFO     | myoconverter.optimization.utils.UtilsForceOpt:fmOptPSO_cust:197 -         PSO iteration: 14 ; 1 percentage similarities; Best obj: 0.03725
2026-09-08 10:46:36.772 | INFO     | myoconverter.optimization.utils.UtilsForceOpt:fmOptPSO_cust:197 -         PSO iteration: 15 ; 1 percentage similarities; Best obj: 0.03713
2026-09-08 10:46:36.999 | INFO     | myoconverter.optimization.utils.UtilsForceOpt:fmOptPSO_cust:197 -         PSO iteration: 16 ; 2 percentage similarities; Best obj: 0.03657
2026-09-08 10:46:37.211 | INFO     | myoconverter.optimization.utils.UtilsForceOpt:fmOptPSO_cust:197 -         PSO iteration: 17 ; 1 percentage similarities; Best obj: 0.03644
2026-09-08 10:46:37.433 | INFO     | myoconverter.optimization.utils.UtilsForceOpt:fmOptPSO_cust:197 -         PSO iteration: 18 ; 2 percentage similarities; Best obj: 0.03608
2026-09-08 10:46:37.644 | INFO     | myoconverter.optimization.utils.UtilsForceOpt:fmOptPSO_cust:197 -         PSO iteration: 19 ; 2 percentage similarities; Best obj: 0.036
2026-09-08 10:46:37.869 | INFO     | myoconverter.optimization.utils.UtilsForceOpt:fmOptPSO_cust:197 -         PSO iteration: 20 ; 2 percentage similarities; Best obj: 0.03592
2026-09-08 10:46:38.076 | INFO     | myoconverter.optimization.utils.UtilsForceOpt:fmOptPSO_cust:197 -         PSO iteration: 21 ; 2 percentage similarities; Best obj: 0.0359
2026-09-08 10:46:38.288 | INFO     | myoconverter.optimization.utils.UtilsForceOpt:fmOptPSO_cust:197 -         PSO iteration: 22 ; 2 percentage similarities; Best obj: 0.03586
2026-09-08 10:46:38.511 | INFO     | myoconverter.optimization.utils.UtilsForceOpt:fmOptPSO_cust:197 -         PSO iteration: 23 ; 2 percentage similarities; Best obj: 0.03586
2026-09-08 10:46:38.743 | INFO     | myoconverter.optimization.utils.UtilsForceOpt:fmOptPSO_cust:197 -         PSO iteration: 24 ; 4 percentage similarities; Best obj: 0.03586
2026-09-08 10:46:38.965 | INFO     | myoconverter.optimization.utils.UtilsForceOpt:fmOptPSO_cust:197 -         PSO iteration: 25 ; 6 percentage similarities; Best obj: 0.03586
2026-09-08 10:46:39.187 | INFO     | myoconverter.optimization.utils.UtilsForceOpt:fmOptPSO_cust:197 -         PSO iteration: 26 ; 10 percentage similarities; Best obj: 0.03586
2026-09-08 10:46:39.429 | INFO     | myoconverter.optimization.utils.UtilsForceOpt:fmOptPSO_cust:197 -         PSO iteration: 27 ; 11 percentage similarities; Best obj: 0.03586
2026-09-08 10:46:39.650 | INFO     | myoconverter.optimization.utils.UtilsForceOpt:fmOptPSO_cust:197 -         PSO iteration: 28 ; 18 percentage similarities; Best obj: 0.03586
2026-09-08 10:46:39.877 | INFO     | myoconverter.optimization.utils.UtilsForceOpt:fmOptPSO_cust:197 -         PSO iteration: 29 ; 21 percentage similarities; Best obj: 0.03586
2026-09-08 10:46:40.098 | INFO     | myoconverter.optimization.utils.UtilsForceOpt:fmOptPSO_cust:197 -         PSO iteration: 30 ; 36 percentage similarities; Best obj: 0.03586
2026-09-08 10:46:40.325 | INFO     | myoconverter.optimization.utils.UtilsForceOpt:fmOptPSO_cust:197 -         PSO iteration: 31 ; 50 percentage similarities; Best obj: 0.03586
2026-09-08 10:46:40.325 | INFO     | myoconverter.optimization.utils.UtilsForceOpt:fmOptPSO_cust:205 -         Break the optimization, since certain number of similar particles reached
2026-09-08 10:46:40.470 | INFO     | myoconverter.conversion_steps.O2MStep3:optMuscleForce:293 - Muscle : soleus_r 
2026-09-08 10:46:49.739 | INFO     | myoconverter.optimization.utils.UtilsForceOpt:fmOptPSO_cust:197 -         PSO iteration: 0 ; 0 percentage similarities; Best obj: 0.08587
2026-09-08 10:46:49.871 | INFO     | myoconverter.optimization.utils.UtilsForceOpt:fmOptPSO_cust:197 -         PSO iteration: 1 ; 1 percentage similarities; Best obj: 0.0834
2026-09-08 10:46:50.001 | INFO     | myoconverter.optimization.utils.UtilsForceOpt:fmOptPSO_cust:197 -         PSO iteration: 2 ; 1 percentage similarities; Best obj: 0.05381
2026-09-08 10:46:50.134 | INFO     | myoconverter.optimization.utils.UtilsForceOpt:fmOptPSO_cust:197 -         PSO iteration: 3 ; 1 percentage similarities; Best obj: 0.04731
2026-09-08 10:46:50.264 | INFO     | myoconverter.optimization.utils.UtilsForceOpt:fmOptPSO_cust:197 -         PSO iteration: 4 ; 1 percentage similarities; Best obj: 0.04607
2026-09-08 10:46:50.393 | INFO     | myoconverter.optimization.utils.UtilsForceOpt:fmOptPSO_cust:197 -         PSO iteration: 5 ; 2 percentage similarities; Best obj: 0.04185
2026-09-08 10:46:50.527 | INFO     | myoconverter.optimization.utils.UtilsForceOpt:fmOptPSO_cust:197 -         PSO iteration: 6 ; 1 percentage similarities; Best obj: 0.0411
2026-09-08 10:46:50.657 | INFO     | myoconverter.optimization.utils.UtilsForceOpt:fmOptPSO_cust:197 -         PSO iteration: 7 ; 1 percentage similarities; Best obj: 0.04094
2026-09-08 10:46:50.793 | INFO     | myoconverter.optimization.utils.UtilsForceOpt:fmOptPSO_cust:197 -         PSO iteration: 8 ; 1 percentage similarities; Best obj: 0.0409
2026-09-08 10:46:50.919 | INFO     | myoconverter.optimization.utils.UtilsForceOpt:fmOptPSO_cust:197 -         PSO iteration: 9 ; 1 percentage similarities; Best obj: 0.04087
2026-09-08 10:46:51.050 | INFO     | myoconverter.optimization.utils.UtilsForceOpt:fmOptPSO_cust:197 -         PSO iteration: 10 ; 2 percentage similarities; Best obj: 0.04045
2026-09-08 10:46:51.171 | INFO     | myoconverter.optimization.utils.UtilsForceOpt:fmOptPSO_cust:197 -         PSO iteration: 11 ; 2 percentage similarities; Best obj: 0.04011
2026-09-08 10:46:51.302 | INFO     | myoconverter.optimization.utils.UtilsForceOpt:fmOptPSO_cust:197 -         PSO iteration: 12 ; 2 percentage similarities; Best obj: 0.04003
2026-09-08 10:46:51.425 | INFO     | myoconverter.optimization.utils.UtilsForceOpt:fmOptPSO_cust:197 -         PSO iteration: 13 ; 2 percentage similarities; Best obj: 0.04001
2026-09-08 10:46:51.554 | INFO     | myoconverter.optimization.utils.UtilsForceOpt:fmOptPSO_cust:197 -         PSO iteration: 14 ; 2 percentage similarities; Best obj: 0.03982
2026-09-08 10:46:51.684 | INFO     | myoconverter.optimization.utils.UtilsForceOpt:fmOptPSO_cust:197 -         PSO iteration: 15 ; 2 percentage similarities; Best obj: 0.03978
2026-09-08 10:46:51.814 | INFO     | myoconverter.optimization.utils.UtilsForceOpt:fmOptPSO_cust:197 -         PSO iteration: 16 ; 2 percentage similarities; Best obj: 0.03978
2026-09-08 10:46:51.945 | INFO     | myoconverter.optimization.utils.UtilsForceOpt:fmOptPSO_cust:197 -         PSO iteration: 17 ; 2 percentage similarities; Best obj: 0.03977
2026-09-08 10:46:52.065 | INFO     | myoconverter.optimization.utils.UtilsForceOpt:fmOptPSO_cust:197 -         PSO iteration: 18 ; 2 percentage similarities; Best obj: 0.03974
2026-09-08 10:46:52.187 | INFO     | myoconverter.optimization.utils.UtilsForceOpt:fmOptPSO_cust:197 -         PSO iteration: 19 ; 2 percentage similarities; Best obj: 0.03973
2026-09-08 10:46:52.317 | INFO     | myoconverter.optimization.utils.UtilsForceOpt:fmOptPSO_cust:197 -         PSO iteration: 20 ; 2 percentage similarities; Best obj: 0.03973
2026-09-08 10:46:52.448 | INFO     | myoconverter.optimization.utils.UtilsForceOpt:fmOptPSO_cust:197 -         PSO iteration: 21 ; 6 percentage similarities; Best obj: 0.03973
2026-09-08 10:46:52.579 | INFO     | myoconverter.optimization.utils.UtilsForceOpt:fmOptPSO_cust:197 -         PSO iteration: 22 ; 6 percentage similarities; Best obj: 0.03973
2026-09-08 10:46:52.699 | INFO     | myoconverter.optimization.utils.UtilsForceOpt:fmOptPSO_cust:197 -         PSO iteration: 23 ; 8 percentage similarities; Best obj: 0.03973
2026-09-08 10:46:52.831 | INFO     | myoconverter.optimization.utils.UtilsForceOpt:fmOptPSO_cust:197 -         PSO iteration: 24 ; 9 percentage similarities; Best obj: 0.03972
2026-09-08 10:46:52.962 | INFO     | myoconverter.optimization.utils.UtilsForceOpt:fmOptPSO_cust:197 -         PSO iteration: 25 ; 10 percentage similarities; Best obj: 0.03972
2026-09-08 10:46:53.083 | INFO     | myoconverter.optimization.utils.UtilsForceOpt:fmOptPSO_cust:197 -         PSO iteration: 26 ; 10 percentage similarities; Best obj: 0.03972
2026-09-08 10:46:53.204 | INFO     | myoconverter.optimization.utils.UtilsForceOpt:fmOptPSO_cust:197 -         PSO iteration: 27 ; 10 percentage similarities; Best obj: 0.03972
2026-09-08 10:46:53.335 | INFO     | myoconverter.optimization.utils.UtilsForceOpt:fmOptPSO_cust:197 -         PSO iteration: 28 ; 15 percentage similarities; Best obj: 0.03972
2026-09-08 10:46:53.466 | INFO     | myoconverter.optimization.utils.UtilsForceOpt:fmOptPSO_cust:197 -         PSO iteration: 29 ; 16 percentage similarities; Best obj: 0.03972
2026-09-08 10:46:53.587 | INFO     | myoconverter.optimization.utils.UtilsForceOpt:fmOptPSO_cust:197 -         PSO iteration: 30 ; 16 percentage similarities; Best obj: 0.03972
2026-09-08 10:46:53.717 | INFO     | myoconverter.optimization.utils.UtilsForceOpt:fmOptPSO_cust:197 -         PSO iteration: 31 ; 20 percentage similarities; Best obj: 0.03972
2026-09-08 10:46:53.838 | INFO     | myoconverter.optimization.utils.UtilsForceOpt:fmOptPSO_cust:197 -         PSO iteration: 32 ; 24 percentage similarities; Best obj: 0.03972
2026-09-08 10:46:53.968 | INFO     | myoconverter.optimization.utils.UtilsForceOpt:fmOptPSO_cust:197 -         PSO iteration: 33 ; 24 percentage similarities; Best obj: 0.03972
2026-09-08 10:46:54.089 | INFO     | myoconverter.optimization.utils.UtilsForceOpt:fmOptPSO_cust:197 -         PSO iteration: 34 ; 30 percentage similarities; Best obj: 0.03972
2026-09-08 10:46:54.210 | INFO     | myoconverter.optimization.utils.UtilsForceOpt:fmOptPSO_cust:197 -         PSO iteration: 35 ; 46 percentage similarities; Best obj: 0.03972
2026-09-08 10:46:54.210 | INFO     | myoconverter.optimization.utils.UtilsForceOpt:fmOptPSO_cust:205 -         Break the optimization, since certain number of similar particles reached
2026-09-08 10:46:54.332 | INFO     | myoconverter.conversion_steps.O2MStep3:optMuscleForce:293 - Muscle : tib_post_r 
2026-09-08 10:47:04.082 | INFO     | myoconverter.optimization.utils.UtilsForceOpt:fmOptPSO_cust:197 -         PSO iteration: 0 ; 0 percentage similarities; Best obj: 0.13316
2026-09-08 10:47:04.203 | INFO     | myoconverter.optimization.utils.UtilsForceOpt:fmOptPSO_cust:197 -         PSO iteration: 1 ; 1 percentage similarities; Best obj: 0.13004
2026-09-08 10:47:04.344 | INFO     | myoconverter.optimization.utils.UtilsForceOpt:fmOptPSO_cust:197 -         PSO iteration: 2 ; 1 percentage similarities; Best obj: 0.08323
2026-09-08 10:47:04.485 | INFO     | myoconverter.optimization.utils.UtilsForceOpt:fmOptPSO_cust:197 -         PSO iteration: 3 ; 1 percentage similarities; Best obj: 0.07028
2026-09-08 10:47:04.615 | INFO     | myoconverter.optimization.utils.UtilsForceOpt:fmOptPSO_cust:197 -         PSO iteration: 4 ; 1 percentage similarities; Best obj: 0.06732
2026-09-08 10:47:04.745 | INFO     | myoconverter.optimization.utils.UtilsForceOpt:fmOptPSO_cust:197 -         PSO iteration: 5 ; 1 percentage similarities; Best obj: 0.0666
2026-09-08 10:47:04.886 | INFO     | myoconverter.optimization.utils.UtilsForceOpt:fmOptPSO_cust:197 -         PSO iteration: 6 ; 1 percentage similarities; Best obj: 0.06191
2026-09-08 10:47:05.026 | INFO     | myoconverter.optimization.utils.UtilsForceOpt:fmOptPSO_cust:197 -         PSO iteration: 7 ; 1 percentage similarities; Best obj: 0.05499
2026-09-08 10:47:05.166 | INFO     | myoconverter.optimization.utils.UtilsForceOpt:fmOptPSO_cust:197 -         PSO iteration: 8 ; 1 percentage similarities; Best obj: 0.04558
2026-09-08 10:47:05.296 | INFO     | myoconverter.optimization.utils.UtilsForceOpt:fmOptPSO_cust:197 -         PSO iteration: 9 ; 1 percentage similarities; Best obj: 0.04041
2026-09-08 10:47:05.427 | INFO     | myoconverter.optimization.utils.UtilsForceOpt:fmOptPSO_cust:197 -         PSO iteration: 10 ; 2 percentage similarities; Best obj: 0.03886
2026-09-08 10:47:05.558 | INFO     | myoconverter.optimization.utils.UtilsForceOpt:fmOptPSO_cust:197 -         PSO iteration: 11 ; 2 percentage similarities; Best obj: 0.03742
2026-09-08 10:47:05.699 | INFO     | myoconverter.optimization.utils.UtilsForceOpt:fmOptPSO_cust:197 -         PSO iteration: 12 ; 1 percentage similarities; Best obj: 0.03717
2026-09-08 10:47:05.838 | INFO     | myoconverter.optimization.utils.UtilsForceOpt:fmOptPSO_cust:197 -         PSO iteration: 13 ; 2 percentage similarities; Best obj: 0.03712
2026-09-08 10:47:05.969 | INFO     | myoconverter.optimization.utils.UtilsForceOpt:fmOptPSO_cust:197 -         PSO iteration: 14 ; 2 percentage similarities; Best obj: 0.03711
2026-09-08 10:47:06.100 | INFO     | myoconverter.optimization.utils.UtilsForceOpt:fmOptPSO_cust:197 -         PSO iteration: 15 ; 5 percentage similarities; Best obj: 0.03709
2026-09-08 10:47:06.232 | INFO     | myoconverter.optimization.utils.UtilsForceOpt:fmOptPSO_cust:197 -         PSO iteration: 16 ; 11 percentage similarities; Best obj: 0.03705
2026-09-08 10:47:06.362 | INFO     | myoconverter.optimization.utils.UtilsForceOpt:fmOptPSO_cust:197 -         PSO iteration: 17 ; 14 percentage similarities; Best obj: 0.03703
2026-09-08 10:47:06.483 | INFO     | myoconverter.optimization.utils.UtilsForceOpt:fmOptPSO_cust:197 -         PSO iteration: 18 ; 16 percentage similarities; Best obj: 0.03689
2026-09-08 10:47:06.616 | INFO     | myoconverter.optimization.utils.UtilsForceOpt:fmOptPSO_cust:197 -         PSO iteration: 19 ; 19 percentage similarities; Best obj: 0.03687
2026-09-08 10:47:06.741 | INFO     | myoconverter.optimization.utils.UtilsForceOpt:fmOptPSO_cust:197 -         PSO iteration: 20 ; 32 percentage similarities; Best obj: 0.03686
2026-09-08 10:47:06.871 | INFO     | myoconverter.optimization.utils.UtilsForceOpt:fmOptPSO_cust:197 -         PSO iteration: 21 ; 40 percentage similarities; Best obj: 0.03685
2026-09-08 10:47:06.871 | INFO     | myoconverter.optimization.utils.UtilsForceOpt:fmOptPSO_cust:205 -         Break the optimization, since certain number of similar particles reached
2026-09-08 10:47:07.001 | INFO     | myoconverter.conversion_steps.O2MStep3:optMuscleForce:293 - Muscle : flex_dig_r 
2026-09-08 10:47:17.377 | INFO     | myoconverter.optimization.utils.UtilsForceOpt:fmOptPSO_cust:197 -         PSO iteration: 0 ; 0 percentage similarities; Best obj: 0.01859
2026-09-08 10:47:17.498 | INFO     | myoconverter.optimization.utils.UtilsForceOpt:fmOptPSO_cust:197 -         PSO iteration: 1 ; 1 percentage similarities; Best obj: 0.01859
2026-09-08 10:47:17.617 | INFO     | myoconverter.optimization.utils.UtilsForceOpt:fmOptPSO_cust:197 -         PSO iteration: 2 ; 1 percentage similarities; Best obj: 0.01859
2026-09-08 10:47:17.748 | INFO     | myoconverter.optimization.utils.UtilsForceOpt:fmOptPSO_cust:197 -         PSO iteration: 3 ; 1 percentage similarities; Best obj: 0.01859
2026-09-08 10:47:17.880 | INFO     | myoconverter.optimization.utils.UtilsForceOpt:fmOptPSO_cust:197 -         PSO iteration: 4 ; 1 percentage similarities; Best obj: 0.01859
2026-09-08 10:47:18.010 | INFO     | myoconverter.optimization.utils.UtilsForceOpt:fmOptPSO_cust:197 -         PSO iteration: 5 ; 1 percentage similarities; Best obj: 0.01859
2026-09-08 10:47:18.141 | INFO     | myoconverter.optimization.utils.UtilsForceOpt:fmOptPSO_cust:197 -         PSO iteration: 6 ; 1 percentage similarities; Best obj: 0.01859
2026-09-08 10:47:18.272 | INFO     | myoconverter.optimization.utils.UtilsForceOpt:fmOptPSO_cust:197 -         PSO iteration: 7 ; 1 percentage similarities; Best obj: 0.01859
2026-09-08 10:47:18.403 | INFO     | myoconverter.optimization.utils.UtilsForceOpt:fmOptPSO_cust:197 -         PSO iteration: 8 ; 1 percentage similarities; Best obj: 0.01859
2026-09-08 10:47:18.534 | INFO     | myoconverter.optimization.utils.UtilsForceOpt:fmOptPSO_cust:197 -         PSO iteration: 9 ; 1 percentage similarities; Best obj: 0.01859
2026-09-08 10:47:18.654 | INFO     | myoconverter.optimization.utils.UtilsForceOpt:fmOptPSO_cust:197 -         PSO iteration: 10 ; 1 percentage similarities; Best obj: 0.01859
2026-09-08 10:47:18.796 | INFO     | myoconverter.optimization.utils.UtilsForceOpt:fmOptPSO_cust:197 -         PSO iteration: 11 ; 1 percentage similarities; Best obj: 0.01859
2026-09-08 10:47:18.796 | INFO     | myoconverter.optimization.utils.UtilsForceOpt:fmOptPSO_cust:217 -         Break the optimization, since global obj maintained the same value for certain iterations
2026-09-08 10:47:18.926 | INFO     | myoconverter.conversion_steps.O2MStep3:optMuscleForce:293 - Muscle : flex_hal_r 
2026-09-08 10:47:28.395 | INFO     | myoconverter.optimization.utils.UtilsForceOpt:fmOptPSO_cust:197 -         PSO iteration: 0 ; 0 percentage similarities; Best obj: 0.05944
2026-09-08 10:47:28.516 | INFO     | myoconverter.optimization.utils.UtilsForceOpt:fmOptPSO_cust:197 -         PSO iteration: 1 ; 1 percentage similarities; Best obj: 0.05944
2026-09-08 10:47:28.646 | INFO     | myoconverter.optimization.utils.UtilsForceOpt:fmOptPSO_cust:197 -         PSO iteration: 2 ; 1 percentage similarities; Best obj: 0.05944
2026-09-08 10:47:28.778 | INFO     | myoconverter.optimization.utils.UtilsForceOpt:fmOptPSO_cust:197 -         PSO iteration: 3 ; 1 percentage similarities; Best obj: 0.05944
2026-09-08 10:47:28.918 | INFO     | myoconverter.optimization.utils.UtilsForceOpt:fmOptPSO_cust:197 -         PSO iteration: 4 ; 1 percentage similarities; Best obj: 0.05944
2026-09-08 10:47:29.049 | INFO     | myoconverter.optimization.utils.UtilsForceOpt:fmOptPSO_cust:197 -         PSO iteration: 5 ; 1 percentage similarities; Best obj: 0.03804
2026-09-08 10:47:29.180 | INFO     | myoconverter.optimization.utils.UtilsForceOpt:fmOptPSO_cust:197 -         PSO iteration: 6 ; 1 percentage similarities; Best obj: 0.03206
2026-09-08 10:47:29.310 | INFO     | myoconverter.optimization.utils.UtilsForceOpt:fmOptPSO_cust:197 -         PSO iteration: 7 ; 1 percentage similarities; Best obj: 0.03087
2026-09-08 10:47:29.471 | INFO     | myoconverter.optimization.utils.UtilsForceOpt:fmOptPSO_cust:197 -         PSO iteration: 8 ; 1 percentage similarities; Best obj: 0.0306
2026-09-08 10:47:29.623 | INFO     | myoconverter.optimization.utils.UtilsForceOpt:fmOptPSO_cust:197 -         PSO iteration: 9 ; 1 percentage similarities; Best obj: 0.03053
2026-09-08 10:47:29.785 | INFO     | myoconverter.optimization.utils.UtilsForceOpt:fmOptPSO_cust:197 -         PSO iteration: 10 ; 1 percentage similarities; Best obj: 0.03051
2026-09-08 10:47:29.934 | INFO     | myoconverter.optimization.utils.UtilsForceOpt:fmOptPSO_cust:197 -         PSO iteration: 11 ; 1 percentage similarities; Best obj: 0.03051
2026-09-08 10:47:30.085 | INFO     | myoconverter.optimization.utils.UtilsForceOpt:fmOptPSO_cust:197 -         PSO iteration: 12 ; 2 percentage similarities; Best obj: 0.03041
2026-09-08 10:47:30.240 | INFO     | myoconverter.optimization.utils.UtilsForceOpt:fmOptPSO_cust:197 -         PSO iteration: 13 ; 2 percentage similarities; Best obj: 0.03037
2026-09-08 10:47:30.415 | INFO     | myoconverter.optimization.utils.UtilsForceOpt:fmOptPSO_cust:197 -         PSO iteration: 14 ; 2 percentage similarities; Best obj: 0.03014
2026-09-08 10:47:30.575 | INFO     | myoconverter.optimization.utils.UtilsForceOpt:fmOptPSO_cust:197 -         PSO iteration: 15 ; 4 percentage similarities; Best obj: 0.02986
2026-09-08 10:47:30.726 | INFO     | myoconverter.optimization.utils.UtilsForceOpt:fmOptPSO_cust:197 -         PSO iteration: 16 ; 2 percentage similarities; Best obj: 0.02917
2026-09-08 10:47:30.877 | INFO     | myoconverter.optimization.utils.UtilsForceOpt:fmOptPSO_cust:197 -         PSO iteration: 17 ; 2 percentage similarities; Best obj: 0.02899
2026-09-08 10:47:31.060 | INFO     | myoconverter.optimization.utils.UtilsForceOpt:fmOptPSO_cust:197 -         PSO iteration: 18 ; 2 percentage similarities; Best obj: 0.02861
2026-09-08 10:47:31.257 | INFO     | myoconverter.optimization.utils.UtilsForceOpt:fmOptPSO_cust:197 -         PSO iteration: 19 ; 1 percentage similarities; Best obj: 0.02848
2026-09-08 10:47:31.389 | INFO     | myoconverter.optimization.utils.UtilsForceOpt:fmOptPSO_cust:197 -         PSO iteration: 20 ; 1 percentage similarities; Best obj: 0.02822
2026-09-08 10:47:31.530 | INFO     | myoconverter.optimization.utils.UtilsForceOpt:fmOptPSO_cust:197 -         PSO iteration: 21 ; 4 percentage similarities; Best obj: 0.02799
2026-09-08 10:47:31.677 | INFO     | myoconverter.optimization.utils.UtilsForceOpt:fmOptPSO_cust:197 -         PSO iteration: 22 ; 6 percentage similarities; Best obj: 0.02785
2026-09-08 10:47:31.856 | INFO     | myoconverter.optimization.utils.UtilsForceOpt:fmOptPSO_cust:197 -         PSO iteration: 23 ; 6 percentage similarities; Best obj: 0.02769
2026-09-08 10:47:32.065 | INFO     | myoconverter.optimization.utils.UtilsForceOpt:fmOptPSO_cust:197 -         PSO iteration: 24 ; 9 percentage similarities; Best obj: 0.02763
2026-09-08 10:47:32.253 | INFO     | myoconverter.optimization.utils.UtilsForceOpt:fmOptPSO_cust:197 -         PSO iteration: 25 ; 15 percentage similarities; Best obj: 0.02756
2026-09-08 10:47:32.400 | INFO     | myoconverter.optimization.utils.UtilsForceOpt:fmOptPSO_cust:197 -         PSO iteration: 26 ; 19 percentage similarities; Best obj: 0.02755
2026-09-08 10:47:32.552 | INFO     | myoconverter.optimization.utils.UtilsForceOpt:fmOptPSO_cust:197 -         PSO iteration: 27 ; 24 percentage similarities; Best obj: 0.02754
2026-09-08 10:47:32.693 | INFO     | myoconverter.optimization.utils.UtilsForceOpt:fmOptPSO_cust:197 -         PSO iteration: 28 ; 49 percentage similarities; Best obj: 0.0275
2026-09-08 10:47:32.693 | INFO     | myoconverter.optimization.utils.UtilsForceOpt:fmOptPSO_cust:205 -         Break the optimization, since certain number of similar particles reached
2026-09-08 10:47:32.887 | INFO     | myoconverter.conversion_steps.O2MStep3:optMuscleForce:293 - Muscle : tib_ant_r 
2026-09-08 10:47:45.390 | INFO     | myoconverter.optimization.utils.UtilsForceOpt:fmOptPSO_cust:197 -         PSO iteration: 0 ; 0 percentage similarities; Best obj: 0.09703
2026-09-08 10:47:45.517 | INFO     | myoconverter.optimization.utils.UtilsForceOpt:fmOptPSO_cust:197 -         PSO iteration: 1 ; 1 percentage similarities; Best obj: 0.09703
2026-09-08 10:47:45.655 | INFO     | myoconverter.optimization.utils.UtilsForceOpt:fmOptPSO_cust:197 -         PSO iteration: 2 ; 1 percentage similarities; Best obj: 0.09703
2026-09-08 10:47:45.779 | INFO     | myoconverter.optimization.utils.UtilsForceOpt:fmOptPSO_cust:197 -         PSO iteration: 3 ; 1 percentage similarities; Best obj: 0.08661
2026-09-08 10:47:45.909 | INFO     | myoconverter.optimization.utils.UtilsForceOpt:fmOptPSO_cust:197 -         PSO iteration: 4 ; 1 percentage similarities; Best obj: 0.07983
2026-09-08 10:47:46.050 | INFO     | myoconverter.optimization.utils.UtilsForceOpt:fmOptPSO_cust:197 -         PSO iteration: 5 ; 1 percentage similarities; Best obj: 0.07813
2026-09-08 10:47:46.181 | INFO     | myoconverter.optimization.utils.UtilsForceOpt:fmOptPSO_cust:197 -         PSO iteration: 6 ; 1 percentage similarities; Best obj: 0.07527
2026-09-08 10:47:46.312 | INFO     | myoconverter.optimization.utils.UtilsForceOpt:fmOptPSO_cust:197 -         PSO iteration: 7 ; 1 percentage similarities; Best obj: 0.06146
2026-09-08 10:47:46.445 | INFO     | myoconverter.optimization.utils.UtilsForceOpt:fmOptPSO_cust:197 -         PSO iteration: 8 ; 1 percentage similarities; Best obj: 0.05604
2026-09-08 10:47:46.574 | INFO     | myoconverter.optimization.utils.UtilsForceOpt:fmOptPSO_cust:197 -         PSO iteration: 9 ; 1 percentage similarities; Best obj: 0.05496
2026-09-08 10:47:46.704 | INFO     | myoconverter.optimization.utils.UtilsForceOpt:fmOptPSO_cust:197 -         PSO iteration: 10 ; 1 percentage similarities; Best obj: 0.05471
2026-09-08 10:47:46.844 | INFO     | myoconverter.optimization.utils.UtilsForceOpt:fmOptPSO_cust:197 -         PSO iteration: 11 ; 1 percentage similarities; Best obj: 0.05465
2026-09-08 10:47:46.975 | INFO     | myoconverter.optimization.utils.UtilsForceOpt:fmOptPSO_cust:197 -         PSO iteration: 12 ; 1 percentage similarities; Best obj: 0.05463
2026-09-08 10:47:47.126 | INFO     | myoconverter.optimization.utils.UtilsForceOpt:fmOptPSO_cust:197 -         PSO iteration: 13 ; 1 percentage similarities; Best obj: 0.0545
2026-09-08 10:47:47.261 | INFO     | myoconverter.optimization.utils.UtilsForceOpt:fmOptPSO_cust:197 -         PSO iteration: 14 ; 2 percentage similarities; Best obj: 0.05269
2026-09-08 10:47:47.409 | INFO     | myoconverter.optimization.utils.UtilsForceOpt:fmOptPSO_cust:197 -         PSO iteration: 15 ; 2 percentage similarities; Best obj: 0.05166
2026-09-08 10:47:47.541 | INFO     | myoconverter.optimization.utils.UtilsForceOpt:fmOptPSO_cust:197 -         PSO iteration: 16 ; 2 percentage similarities; Best obj: 0.05136
2026-09-08 10:47:47.672 | INFO     | myoconverter.optimization.utils.UtilsForceOpt:fmOptPSO_cust:197 -         PSO iteration: 17 ; 2 percentage similarities; Best obj: 0.05124
2026-09-08 10:47:47.802 | INFO     | myoconverter.optimization.utils.UtilsForceOpt:fmOptPSO_cust:197 -         PSO iteration: 18 ; 2 percentage similarities; Best obj: 0.04777
2026-09-08 10:47:47.944 | INFO     | myoconverter.optimization.utils.UtilsForceOpt:fmOptPSO_cust:197 -         PSO iteration: 19 ; 2 percentage similarities; Best obj: 0.04676
2026-09-08 10:47:48.086 | INFO     | myoconverter.optimization.utils.UtilsForceOpt:fmOptPSO_cust:197 -         PSO iteration: 20 ; 2 percentage similarities; Best obj: 0.04655
2026-09-08 10:47:48.226 | INFO     | myoconverter.optimization.utils.UtilsForceOpt:fmOptPSO_cust:197 -         PSO iteration: 21 ; 2 percentage similarities; Best obj: 0.04649
2026-09-08 10:47:48.388 | INFO     | myoconverter.optimization.utils.UtilsForceOpt:fmOptPSO_cust:197 -         PSO iteration: 22 ; 2 percentage similarities; Best obj: 0.04589
2026-09-08 10:47:48.529 | INFO     | myoconverter.optimization.utils.UtilsForceOpt:fmOptPSO_cust:197 -         PSO iteration: 23 ; 4 percentage similarities; Best obj: 0.04553
2026-09-08 10:47:48.662 | INFO     | myoconverter.optimization.utils.UtilsForceOpt:fmOptPSO_cust:197 -         PSO iteration: 24 ; 6 percentage similarities; Best obj: 0.04535
2026-09-08 10:47:48.801 | INFO     | myoconverter.optimization.utils.UtilsForceOpt:fmOptPSO_cust:197 -         PSO iteration: 25 ; 6 percentage similarities; Best obj: 0.04497
2026-09-08 10:47:48.962 | INFO     | myoconverter.optimization.utils.UtilsForceOpt:fmOptPSO_cust:197 -         PSO iteration: 26 ; 6 percentage similarities; Best obj: 0.0449
2026-09-08 10:47:49.112 | INFO     | myoconverter.optimization.utils.UtilsForceOpt:fmOptPSO_cust:197 -         PSO iteration: 27 ; 9 percentage similarities; Best obj: 0.04483
2026-09-08 10:47:49.263 | INFO     | myoconverter.optimization.utils.UtilsForceOpt:fmOptPSO_cust:197 -         PSO iteration: 28 ; 22 percentage similarities; Best obj: 0.04477
2026-09-08 10:47:49.415 | INFO     | myoconverter.optimization.utils.UtilsForceOpt:fmOptPSO_cust:197 -         PSO iteration: 29 ; 22 percentage similarities; Best obj: 0.0447
2026-09-08 10:47:49.556 | INFO     | myoconverter.optimization.utils.UtilsForceOpt:fmOptPSO_cust:197 -         PSO iteration: 30 ; 26 percentage similarities; Best obj: 0.04467
2026-09-08 10:47:49.698 | INFO     | myoconverter.optimization.utils.UtilsForceOpt:fmOptPSO_cust:197 -         PSO iteration: 31 ; 34 percentage similarities; Best obj: 0.04466
2026-09-08 10:47:49.829 | INFO     | myoconverter.optimization.utils.UtilsForceOpt:fmOptPSO_cust:197 -         PSO iteration: 32 ; 35 percentage similarities; Best obj: 0.04455
2026-09-08 10:47:49.963 | INFO     | myoconverter.optimization.utils.UtilsForceOpt:fmOptPSO_cust:197 -         PSO iteration: 33 ; 44 percentage similarities; Best obj: 0.04453
2026-09-08 10:47:49.963 | INFO     | myoconverter.optimization.utils.UtilsForceOpt:fmOptPSO_cust:205 -         Break the optimization, since certain number of similar particles reached
2026-09-08 10:47:50.089 | INFO     | myoconverter.conversion_steps.O2MStep3:optMuscleForce:293 - Muscle : per_brev_r 
2026-09-08 10:47:59.745 | INFO     | myoconverter.optimization.utils.UtilsForceOpt:fmOptPSO_cust:197 -         PSO iteration: 0 ; 0 percentage similarities; Best obj: 0.18759
2026-09-08 10:47:59.866 | INFO     | myoconverter.optimization.utils.UtilsForceOpt:fmOptPSO_cust:197 -         PSO iteration: 1 ; 1 percentage similarities; Best obj: 0.13473
2026-09-08 10:47:59.997 | INFO     | myoconverter.optimization.utils.UtilsForceOpt:fmOptPSO_cust:197 -         PSO iteration: 2 ; 1 percentage similarities; Best obj: 0.11292
2026-09-08 10:48:00.138 | INFO     | myoconverter.optimization.utils.UtilsForceOpt:fmOptPSO_cust:197 -         PSO iteration: 3 ; 1 percentage similarities; Best obj: 0.0964
2026-09-08 10:48:00.278 | INFO     | myoconverter.optimization.utils.UtilsForceOpt:fmOptPSO_cust:197 -         PSO iteration: 4 ; 1 percentage similarities; Best obj: 0.08663
2026-09-08 10:48:00.409 | INFO     | myoconverter.optimization.utils.UtilsForceOpt:fmOptPSO_cust:197 -         PSO iteration: 5 ; 1 percentage similarities; Best obj: 0.08338
2026-09-08 10:48:00.530 | INFO     | myoconverter.optimization.utils.UtilsForceOpt:fmOptPSO_cust:197 -         PSO iteration: 6 ; 1 percentage similarities; Best obj: 0.08264
2026-09-08 10:48:00.672 | INFO     | myoconverter.optimization.utils.UtilsForceOpt:fmOptPSO_cust:197 -         PSO iteration: 7 ; 1 percentage similarities; Best obj: 0.08086
2026-09-08 10:48:00.814 | INFO     | myoconverter.optimization.utils.UtilsForceOpt:fmOptPSO_cust:197 -         PSO iteration: 8 ; 1 percentage similarities; Best obj: 0.07665
2026-09-08 10:48:00.953 | INFO     | myoconverter.optimization.utils.UtilsForceOpt:fmOptPSO_cust:197 -         PSO iteration: 9 ; 4 percentage similarities; Best obj: 0.07139
2026-09-08 10:48:01.094 | INFO     | myoconverter.optimization.utils.UtilsForceOpt:fmOptPSO_cust:197 -         PSO iteration: 10 ; 1 percentage similarities; Best obj: 0.06901
2026-09-08 10:48:01.235 | INFO     | myoconverter.optimization.utils.UtilsForceOpt:fmOptPSO_cust:197 -         PSO iteration: 11 ; 1 percentage similarities; Best obj: 0.06776
2026-09-08 10:48:01.355 | INFO     | myoconverter.optimization.utils.UtilsForceOpt:fmOptPSO_cust:197 -         PSO iteration: 12 ; 1 percentage similarities; Best obj: 0.06706
2026-09-08 10:48:01.486 | INFO     | myoconverter.optimization.utils.UtilsForceOpt:fmOptPSO_cust:197 -         PSO iteration: 13 ; 2 percentage similarities; Best obj: 0.06663
2026-09-08 10:48:01.617 | INFO     | myoconverter.optimization.utils.UtilsForceOpt:fmOptPSO_cust:197 -         PSO iteration: 14 ; 2 percentage similarities; Best obj: 0.06632
2026-09-08 10:48:01.747 | INFO     | myoconverter.optimization.utils.UtilsForceOpt:fmOptPSO_cust:197 -         PSO iteration: 15 ; 2 percentage similarities; Best obj: 0.06542
2026-09-08 10:48:01.867 | INFO     | myoconverter.optimization.utils.UtilsForceOpt:fmOptPSO_cust:197 -         PSO iteration: 16 ; 1 percentage similarities; Best obj: 0.0652
2026-09-08 10:48:01.998 | INFO     | myoconverter.optimization.utils.UtilsForceOpt:fmOptPSO_cust:197 -         PSO iteration: 17 ; 1 percentage similarities; Best obj: 0.06515
2026-09-08 10:48:02.129 | INFO     | myoconverter.optimization.utils.UtilsForceOpt:fmOptPSO_cust:197 -         PSO iteration: 18 ; 4 percentage similarities; Best obj: 0.06514
2026-09-08 10:48:02.260 | INFO     | myoconverter.optimization.utils.UtilsForceOpt:fmOptPSO_cust:197 -         PSO iteration: 19 ; 6 percentage similarities; Best obj: 0.06452
2026-09-08 10:48:02.391 | INFO     | myoconverter.optimization.utils.UtilsForceOpt:fmOptPSO_cust:197 -         PSO iteration: 20 ; 8 percentage similarities; Best obj: 0.06436
2026-09-08 10:48:02.522 | INFO     | myoconverter.optimization.utils.UtilsForceOpt:fmOptPSO_cust:197 -         PSO iteration: 21 ; 9 percentage similarities; Best obj: 0.06426
2026-09-08 10:48:02.663 | INFO     | myoconverter.optimization.utils.UtilsForceOpt:fmOptPSO_cust:197 -         PSO iteration: 22 ; 14 percentage similarities; Best obj: 0.06423
2026-09-08 10:48:02.804 | INFO     | myoconverter.optimization.utils.UtilsForceOpt:fmOptPSO_cust:197 -         PSO iteration: 23 ; 16 percentage similarities; Best obj: 0.06422
2026-09-08 10:48:02.935 | INFO     | myoconverter.optimization.utils.UtilsForceOpt:fmOptPSO_cust:197 -         PSO iteration: 24 ; 20 percentage similarities; Best obj: 0.06417
2026-09-08 10:48:03.066 | INFO     | myoconverter.optimization.utils.UtilsForceOpt:fmOptPSO_cust:197 -         PSO iteration: 25 ; 31 percentage similarities; Best obj: 0.06416
2026-09-08 10:48:03.198 | INFO     | myoconverter.optimization.utils.UtilsForceOpt:fmOptPSO_cust:197 -         PSO iteration: 26 ; 42 percentage similarities; Best obj: 0.06416
2026-09-08 10:48:03.198 | INFO     | myoconverter.optimization.utils.UtilsForceOpt:fmOptPSO_cust:205 -         Break the optimization, since certain number of similar particles reached
2026-09-08 10:48:03.318 | INFO     | myoconverter.conversion_steps.O2MStep3:optMuscleForce:293 - Muscle : per_long_r 
2026-09-08 10:48:12.901 | INFO     | myoconverter.optimization.utils.UtilsForceOpt:fmOptPSO_cust:197 -         PSO iteration: 0 ; 0 percentage similarities; Best obj: 0.09115
2026-09-08 10:48:13.062 | INFO     | myoconverter.optimization.utils.UtilsForceOpt:fmOptPSO_cust:197 -         PSO iteration: 1 ; 1 percentage similarities; Best obj: 0.05501
2026-09-08 10:48:13.224 | INFO     | myoconverter.optimization.utils.UtilsForceOpt:fmOptPSO_cust:197 -         PSO iteration: 2 ; 1 percentage similarities; Best obj: 0.05501
2026-09-08 10:48:13.365 | INFO     | myoconverter.optimization.utils.UtilsForceOpt:fmOptPSO_cust:197 -         PSO iteration: 3 ; 1 percentage similarities; Best obj: 0.05501
2026-09-08 10:48:13.485 | INFO     | myoconverter.optimization.utils.UtilsForceOpt:fmOptPSO_cust:197 -         PSO iteration: 4 ; 1 percentage similarities; Best obj: 0.05501
2026-09-08 10:48:13.626 | INFO     | myoconverter.optimization.utils.UtilsForceOpt:fmOptPSO_cust:197 -         PSO iteration: 5 ; 1 percentage similarities; Best obj: 0.05501
2026-09-08 10:48:13.768 | INFO     | myoconverter.optimization.utils.UtilsForceOpt:fmOptPSO_cust:197 -         PSO iteration: 6 ; 1 percentage similarities; Best obj: 0.04741
2026-09-08 10:48:13.902 | INFO     | myoconverter.optimization.utils.UtilsForceOpt:fmOptPSO_cust:197 -         PSO iteration: 7 ; 1 percentage similarities; Best obj: 0.04563
2026-09-08 10:48:14.020 | INFO     | myoconverter.optimization.utils.UtilsForceOpt:fmOptPSO_cust:197 -         PSO iteration: 8 ; 1 percentage similarities; Best obj: 0.04525
2026-09-08 10:48:14.150 | INFO     | myoconverter.optimization.utils.UtilsForceOpt:fmOptPSO_cust:197 -         PSO iteration: 9 ; 1 percentage similarities; Best obj: 0.04305
2026-09-08 10:48:14.281 | INFO     | myoconverter.optimization.utils.UtilsForceOpt:fmOptPSO_cust:197 -         PSO iteration: 10 ; 1 percentage similarities; Best obj: 0.04202
2026-09-08 10:48:14.411 | INFO     | myoconverter.optimization.utils.UtilsForceOpt:fmOptPSO_cust:197 -         PSO iteration: 11 ; 2 percentage similarities; Best obj: 0.04108
2026-09-08 10:48:14.543 | INFO     | myoconverter.optimization.utils.UtilsForceOpt:fmOptPSO_cust:197 -         PSO iteration: 12 ; 5 percentage similarities; Best obj: 0.0408
2026-09-08 10:48:14.684 | INFO     | myoconverter.optimization.utils.UtilsForceOpt:fmOptPSO_cust:197 -         PSO iteration: 13 ; 5 percentage similarities; Best obj: 0.04033
2026-09-08 10:48:14.815 | INFO     | myoconverter.optimization.utils.UtilsForceOpt:fmOptPSO_cust:197 -         PSO iteration: 14 ; 5 percentage similarities; Best obj: 0.04023
2026-09-08 10:48:14.957 | INFO     | myoconverter.optimization.utils.UtilsForceOpt:fmOptPSO_cust:197 -         PSO iteration: 15 ; 9 percentage similarities; Best obj: 0.04017
2026-09-08 10:48:15.087 | INFO     | myoconverter.optimization.utils.UtilsForceOpt:fmOptPSO_cust:197 -         PSO iteration: 16 ; 9 percentage similarities; Best obj: 0.0401
2026-09-08 10:48:15.227 | INFO     | myoconverter.optimization.utils.UtilsForceOpt:fmOptPSO_cust:197 -         PSO iteration: 17 ; 9 percentage similarities; Best obj: 0.04004
2026-09-08 10:48:15.348 | INFO     | myoconverter.optimization.utils.UtilsForceOpt:fmOptPSO_cust:197 -         PSO iteration: 18 ; 10 percentage similarities; Best obj: 0.03988
2026-09-08 10:48:15.478 | INFO     | myoconverter.optimization.utils.UtilsForceOpt:fmOptPSO_cust:197 -         PSO iteration: 19 ; 11 percentage similarities; Best obj: 0.03983
2026-09-08 10:48:15.631 | INFO     | myoconverter.optimization.utils.UtilsForceOpt:fmOptPSO_cust:197 -         PSO iteration: 20 ; 15 percentage similarities; Best obj: 0.03976
2026-09-08 10:48:15.762 | INFO     | myoconverter.optimization.utils.UtilsForceOpt:fmOptPSO_cust:197 -         PSO iteration: 21 ; 16 percentage similarities; Best obj: 0.03969
2026-09-08 10:48:15.913 | INFO     | myoconverter.optimization.utils.UtilsForceOpt:fmOptPSO_cust:197 -         PSO iteration: 22 ; 19 percentage similarities; Best obj: 0.03964
2026-09-08 10:48:16.034 | INFO     | myoconverter.optimization.utils.UtilsForceOpt:fmOptPSO_cust:197 -         PSO iteration: 23 ; 34 percentage similarities; Best obj: 0.03962
2026-09-08 10:48:16.034 | INFO     | myoconverter.optimization.utils.UtilsForceOpt:fmOptPSO_cust:205 -         Break the optimization, since certain number of similar particles reached
2026-09-08 10:48:16.165 | INFO     | myoconverter.conversion_steps.O2MStep3:optMuscleForce:293 - Muscle : per_tert_r 
2026-09-08 10:48:25.952 | INFO     | myoconverter.optimization.utils.UtilsForceOpt:fmOptPSO_cust:197 -         PSO iteration: 0 ; 0 percentage similarities; Best obj: 0.13564
2026-09-08 10:48:26.092 | INFO     | myoconverter.optimization.utils.UtilsForceOpt:fmOptPSO_cust:197 -         PSO iteration: 1 ; 1 percentage similarities; Best obj: 0.0761
2026-09-08 10:48:26.224 | INFO     | myoconverter.optimization.utils.UtilsForceOpt:fmOptPSO_cust:197 -         PSO iteration: 2 ; 1 percentage similarities; Best obj: 0.07249
2026-09-08 10:48:26.354 | INFO     | myoconverter.optimization.utils.UtilsForceOpt:fmOptPSO_cust:197 -         PSO iteration: 3 ; 1 percentage similarities; Best obj: 0.07249
2026-09-08 10:48:26.494 | INFO     | myoconverter.optimization.utils.UtilsForceOpt:fmOptPSO_cust:197 -         PSO iteration: 4 ; 1 percentage similarities; Best obj: 0.06314
2026-09-08 10:48:26.641 | INFO     | myoconverter.optimization.utils.UtilsForceOpt:fmOptPSO_cust:197 -         PSO iteration: 5 ; 1 percentage similarities; Best obj: 0.05622
2026-09-08 10:48:26.781 | INFO     | myoconverter.optimization.utils.UtilsForceOpt:fmOptPSO_cust:197 -         PSO iteration: 6 ; 1 percentage similarities; Best obj: 0.04485
2026-09-08 10:48:26.913 | INFO     | myoconverter.optimization.utils.UtilsForceOpt:fmOptPSO_cust:197 -         PSO iteration: 7 ; 2 percentage similarities; Best obj: 0.03937
2026-09-08 10:48:27.052 | INFO     | myoconverter.optimization.utils.UtilsForceOpt:fmOptPSO_cust:197 -         PSO iteration: 8 ; 1 percentage similarities; Best obj: 0.03824
2026-09-08 10:48:27.174 | INFO     | myoconverter.optimization.utils.UtilsForceOpt:fmOptPSO_cust:197 -         PSO iteration: 9 ; 1 percentage similarities; Best obj: 0.03768
2026-09-08 10:48:27.313 | INFO     | myoconverter.optimization.utils.UtilsForceOpt:fmOptPSO_cust:197 -         PSO iteration: 10 ; 2 percentage similarities; Best obj: 0.03616
2026-09-08 10:48:27.437 | INFO     | myoconverter.optimization.utils.UtilsForceOpt:fmOptPSO_cust:197 -         PSO iteration: 11 ; 1 percentage similarities; Best obj: 0.03559
2026-09-08 10:48:27.568 | INFO     | myoconverter.optimization.utils.UtilsForceOpt:fmOptPSO_cust:197 -         PSO iteration: 12 ; 2 percentage similarities; Best obj: 0.03535
2026-09-08 10:48:27.700 | INFO     | myoconverter.optimization.utils.UtilsForceOpt:fmOptPSO_cust:197 -         PSO iteration: 13 ; 2 percentage similarities; Best obj: 0.03456
2026-09-08 10:48:27.828 | INFO     | myoconverter.optimization.utils.UtilsForceOpt:fmOptPSO_cust:197 -         PSO iteration: 14 ; 1 percentage similarities; Best obj: 0.03436
2026-09-08 10:48:27.959 | INFO     | myoconverter.optimization.utils.UtilsForceOpt:fmOptPSO_cust:197 -         PSO iteration: 15 ; 1 percentage similarities; Best obj: 0.03431
2026-09-08 10:48:28.090 | INFO     | myoconverter.optimization.utils.UtilsForceOpt:fmOptPSO_cust:197 -         PSO iteration: 16 ; 2 percentage similarities; Best obj: 0.0343
2026-09-08 10:48:28.230 | INFO     | myoconverter.optimization.utils.UtilsForceOpt:fmOptPSO_cust:197 -         PSO iteration: 17 ; 8 percentage similarities; Best obj: 0.03403
2026-09-08 10:48:28.360 | INFO     | myoconverter.optimization.utils.UtilsForceOpt:fmOptPSO_cust:197 -         PSO iteration: 18 ; 9 percentage similarities; Best obj: 0.03398
2026-09-08 10:48:28.491 | INFO     | myoconverter.optimization.utils.UtilsForceOpt:fmOptPSO_cust:197 -         PSO iteration: 19 ; 11 percentage similarities; Best obj: 0.03397
2026-09-08 10:48:28.622 | INFO     | myoconverter.optimization.utils.UtilsForceOpt:fmOptPSO_cust:197 -         PSO iteration: 20 ; 18 percentage similarities; Best obj: 0.03397
2026-09-08 10:48:28.757 | INFO     | myoconverter.optimization.utils.UtilsForceOpt:fmOptPSO_cust:197 -         PSO iteration: 21 ; 25 percentage similarities; Best obj: 0.03395
2026-09-08 10:48:28.884 | INFO     | myoconverter.optimization.utils.UtilsForceOpt:fmOptPSO_cust:197 -         PSO iteration: 22 ; 49 percentage similarities; Best obj: 0.03394
2026-09-08 10:48:28.884 | INFO     | myoconverter.optimization.utils.UtilsForceOpt:fmOptPSO_cust:205 -         Break the optimization, since certain number of similar particles reached
2026-09-08 10:48:29.015 | INFO     | myoconverter.conversion_steps.O2MStep3:optMuscleForce:293 - Muscle : ext_dig_r 
2026-09-08 10:48:38.830 | INFO     | myoconverter.optimization.utils.UtilsForceOpt:fmOptPSO_cust:197 -         PSO iteration: 0 ; 0 percentage similarities; Best obj: 0.17012
2026-09-08 10:48:38.951 | INFO     | myoconverter.optimization.utils.UtilsForceOpt:fmOptPSO_cust:197 -         PSO iteration: 1 ; 1 percentage similarities; Best obj: 0.08711
2026-09-08 10:48:39.092 | INFO     | myoconverter.optimization.utils.UtilsForceOpt:fmOptPSO_cust:197 -         PSO iteration: 2 ; 1 percentage similarities; Best obj: 0.08711
2026-09-08 10:48:39.223 | INFO     | myoconverter.optimization.utils.UtilsForceOpt:fmOptPSO_cust:197 -         PSO iteration: 3 ; 1 percentage similarities; Best obj: 0.08567
2026-09-08 10:48:39.354 | INFO     | myoconverter.optimization.utils.UtilsForceOpt:fmOptPSO_cust:197 -         PSO iteration: 4 ; 1 percentage similarities; Best obj: 0.0803
2026-09-08 10:48:39.494 | INFO     | myoconverter.optimization.utils.UtilsForceOpt:fmOptPSO_cust:197 -         PSO iteration: 5 ; 1 percentage similarities; Best obj: 0.06543
2026-09-08 10:48:39.635 | INFO     | myoconverter.optimization.utils.UtilsForceOpt:fmOptPSO_cust:197 -         PSO iteration: 6 ; 1 percentage similarities; Best obj: 0.06122
2026-09-08 10:48:39.767 | INFO     | myoconverter.optimization.utils.UtilsForceOpt:fmOptPSO_cust:197 -         PSO iteration: 7 ; 1 percentage similarities; Best obj: 0.05673
2026-09-08 10:48:39.897 | INFO     | myoconverter.optimization.utils.UtilsForceOpt:fmOptPSO_cust:197 -         PSO iteration: 8 ; 1 percentage similarities; Best obj: 0.04379
2026-09-08 10:48:40.048 | INFO     | myoconverter.optimization.utils.UtilsForceOpt:fmOptPSO_cust:197 -         PSO iteration: 9 ; 1 percentage similarities; Best obj: 0.03791
2026-09-08 10:48:40.191 | INFO     | myoconverter.optimization.utils.UtilsForceOpt:fmOptPSO_cust:197 -         PSO iteration: 10 ; 1 percentage similarities; Best obj: 0.03664
2026-09-08 10:48:40.351 | INFO     | myoconverter.optimization.utils.UtilsForceOpt:fmOptPSO_cust:197 -         PSO iteration: 11 ; 2 percentage similarities; Best obj: 0.03144
2026-09-08 10:48:40.492 | INFO     | myoconverter.optimization.utils.UtilsForceOpt:fmOptPSO_cust:197 -         PSO iteration: 12 ; 1 percentage similarities; Best obj: 0.03058
2026-09-08 10:48:40.634 | INFO     | myoconverter.optimization.utils.UtilsForceOpt:fmOptPSO_cust:197 -         PSO iteration: 13 ; 1 percentage similarities; Best obj: 0.03034
2026-09-08 10:48:40.775 | INFO     | myoconverter.optimization.utils.UtilsForceOpt:fmOptPSO_cust:197 -         PSO iteration: 14 ; 2 percentage similarities; Best obj: 0.03008
2026-09-08 10:48:40.915 | INFO     | myoconverter.optimization.utils.UtilsForceOpt:fmOptPSO_cust:197 -         PSO iteration: 15 ; 2 percentage similarities; Best obj: 0.0287
2026-09-08 10:48:41.054 | INFO     | myoconverter.optimization.utils.UtilsForceOpt:fmOptPSO_cust:197 -         PSO iteration: 16 ; 1 percentage similarities; Best obj: 0.02829
2026-09-08 10:48:41.207 | INFO     | myoconverter.optimization.utils.UtilsForceOpt:fmOptPSO_cust:197 -         PSO iteration: 17 ; 2 percentage similarities; Best obj: 0.02783
2026-09-08 10:48:41.354 | INFO     | myoconverter.optimization.utils.UtilsForceOpt:fmOptPSO_cust:197 -         PSO iteration: 18 ; 1 percentage similarities; Best obj: 0.0277
2026-09-08 10:48:41.526 | INFO     | myoconverter.optimization.utils.UtilsForceOpt:fmOptPSO_cust:197 -         PSO iteration: 19 ; 6 percentage similarities; Best obj: 0.0276
2026-09-08 10:48:41.669 | INFO     | myoconverter.optimization.utils.UtilsForceOpt:fmOptPSO_cust:197 -         PSO iteration: 20 ; 8 percentage similarities; Best obj: 0.02754
2026-09-08 10:48:41.821 | INFO     | myoconverter.optimization.utils.UtilsForceOpt:fmOptPSO_cust:197 -         PSO iteration: 21 ; 11 percentage similarities; Best obj: 0.02753
2026-09-08 10:48:41.965 | INFO     | myoconverter.optimization.utils.UtilsForceOpt:fmOptPSO_cust:197 -         PSO iteration: 22 ; 16 percentage similarities; Best obj: 0.02747
2026-09-08 10:48:42.127 | INFO     | myoconverter.optimization.utils.UtilsForceOpt:fmOptPSO_cust:197 -         PSO iteration: 23 ; 22 percentage similarities; Best obj: 0.02747
2026-09-08 10:48:42.127 | INFO     | myoconverter.optimization.utils.UtilsForceOpt:fmOptPSO_cust:205 -         Break the optimization, since certain number of similar particles reached
2026-09-08 10:48:42.283 | WARNING  | myoconverter.conversion_steps.O2MStep3:optMuscleForce:219 -     Muscle ext_hal_r: placeholder force map, keeping default muscle parameters
2026-09-08 10:48:42.307 | INFO     | myoconverter.conversion_steps.O2MStep3:optMuscleForce:293 - Muscle : glut_med1_l 
2026-09-08 10:48:53.548 | INFO     | myoconverter.optimization.utils.UtilsForceOpt:fmOptPSO_cust:197 -         PSO iteration: 0 ; 0 percentage similarities; Best obj: 0.19456
2026-09-08 10:48:53.746 | INFO     | myoconverter.optimization.utils.UtilsForceOpt:fmOptPSO_cust:197 -         PSO iteration: 1 ; 1 percentage similarities; Best obj: 0.17911
2026-09-08 10:48:53.949 | INFO     | myoconverter.optimization.utils.UtilsForceOpt:fmOptPSO_cust:197 -         PSO iteration: 2 ; 1 percentage similarities; Best obj: 0.13488
2026-09-08 10:48:54.140 | INFO     | myoconverter.optimization.utils.UtilsForceOpt:fmOptPSO_cust:197 -         PSO iteration: 3 ; 1 percentage similarities; Best obj: 0.13271
2026-09-08 10:48:54.316 | INFO     | myoconverter.optimization.utils.UtilsForceOpt:fmOptPSO_cust:197 -         PSO iteration: 4 ; 1 percentage similarities; Best obj: 0.13098
2026-09-08 10:48:54.479 | INFO     | myoconverter.optimization.utils.UtilsForceOpt:fmOptPSO_cust:197 -         PSO iteration: 5 ; 1 percentage similarities; Best obj: 0.12995
2026-09-08 10:48:54.640 | INFO     | myoconverter.optimization.utils.UtilsForceOpt:fmOptPSO_cust:197 -         PSO iteration: 6 ; 1 percentage similarities; Best obj: 0.12532
2026-09-08 10:48:54.821 | INFO     | myoconverter.optimization.utils.UtilsForceOpt:fmOptPSO_cust:197 -         PSO iteration: 7 ; 1 percentage similarities; Best obj: 0.11985
2026-09-08 10:48:54.991 | INFO     | myoconverter.optimization.utils.UtilsForceOpt:fmOptPSO_cust:197 -         PSO iteration: 8 ; 1 percentage similarities; Best obj: 0.11848
2026-09-08 10:48:55.151 | INFO     | myoconverter.optimization.utils.UtilsForceOpt:fmOptPSO_cust:197 -         PSO iteration: 9 ; 2 percentage similarities; Best obj: 0.11794
2026-09-08 10:48:55.312 | INFO     | myoconverter.optimization.utils.UtilsForceOpt:fmOptPSO_cust:197 -         PSO iteration: 10 ; 4 percentage similarities; Best obj: 0.11759
2026-09-08 10:48:55.492 | INFO     | myoconverter.optimization.utils.UtilsForceOpt:fmOptPSO_cust:197 -         PSO iteration: 11 ; 4 percentage similarities; Best obj: 0.11728
2026-09-08 10:48:55.682 | INFO     | myoconverter.optimization.utils.UtilsForceOpt:fmOptPSO_cust:197 -         PSO iteration: 12 ; 5 percentage similarities; Best obj: 0.11548
2026-09-08 10:48:55.842 | INFO     | myoconverter.optimization.utils.UtilsForceOpt:fmOptPSO_cust:197 -         PSO iteration: 13 ; 1 percentage similarities; Best obj: 0.11445
2026-09-08 10:48:55.992 | INFO     | myoconverter.optimization.utils.UtilsForceOpt:fmOptPSO_cust:197 -         PSO iteration: 14 ; 4 percentage similarities; Best obj: 0.11317
2026-09-08 10:48:56.142 | INFO     | myoconverter.optimization.utils.UtilsForceOpt:fmOptPSO_cust:197 -         PSO iteration: 15 ; 2 percentage similarities; Best obj: 0.11282
2026-09-08 10:48:56.294 | INFO     | myoconverter.optimization.utils.UtilsForceOpt:fmOptPSO_cust:197 -         PSO iteration: 16 ; 2 percentage similarities; Best obj: 0.11231
2026-09-08 10:48:56.444 | INFO     | myoconverter.optimization.utils.UtilsForceOpt:fmOptPSO_cust:197 -         PSO iteration: 17 ; 5 percentage similarities; Best obj: 0.1121
2026-09-08 10:48:56.618 | INFO     | myoconverter.optimization.utils.UtilsForceOpt:fmOptPSO_cust:197 -         PSO iteration: 18 ; 5 percentage similarities; Best obj: 0.11206
2026-09-08 10:48:56.786 | INFO     | myoconverter.optimization.utils.UtilsForceOpt:fmOptPSO_cust:197 -         PSO iteration: 19 ; 6 percentage similarities; Best obj: 0.11205
2026-09-08 10:48:56.949 | INFO     | myoconverter.optimization.utils.UtilsForceOpt:fmOptPSO_cust:197 -         PSO iteration: 20 ; 6 percentage similarities; Best obj: 0.11193
2026-09-08 10:48:57.098 | INFO     | myoconverter.optimization.utils.UtilsForceOpt:fmOptPSO_cust:197 -         PSO iteration: 21 ; 6 percentage similarities; Best obj: 0.11186
2026-09-08 10:48:57.259 | INFO     | myoconverter.optimization.utils.UtilsForceOpt:fmOptPSO_cust:197 -         PSO iteration: 22 ; 9 percentage similarities; Best obj: 0.11185
2026-09-08 10:48:57.410 | INFO     | myoconverter.optimization.utils.UtilsForceOpt:fmOptPSO_cust:197 -         PSO iteration: 23 ; 10 percentage similarities; Best obj: 0.11184
2026-09-08 10:48:57.565 | INFO     | myoconverter.optimization.utils.UtilsForceOpt:fmOptPSO_cust:197 -         PSO iteration: 24 ; 11 percentage similarities; Best obj: 0.11179
2026-09-08 10:48:57.721 | INFO     | myoconverter.optimization.utils.UtilsForceOpt:fmOptPSO_cust:197 -         PSO iteration: 25 ; 12 percentage similarities; Best obj: 0.11177
2026-09-08 10:48:57.883 | INFO     | myoconverter.optimization.utils.UtilsForceOpt:fmOptPSO_cust:197 -         PSO iteration: 26 ; 20 percentage similarities; Best obj: 0.11175
2026-09-08 10:48:58.044 | INFO     | myoconverter.optimization.utils.UtilsForceOpt:fmOptPSO_cust:197 -         PSO iteration: 27 ; 28 percentage similarities; Best obj: 0.11173
2026-09-08 10:48:58.195 | INFO     | myoconverter.optimization.utils.UtilsForceOpt:fmOptPSO_cust:197 -         PSO iteration: 28 ; 46 percentage similarities; Best obj: 0.11172
2026-09-08 10:48:58.195 | INFO     | myoconverter.optimization.utils.UtilsForceOpt:fmOptPSO_cust:205 -         Break the optimization, since certain number of similar particles reached
2026-09-08 10:48:58.356 | INFO     | myoconverter.conversion_steps.O2MStep3:optMuscleForce:293 - Muscle : glut_med2_l 
2026-09-08 10:49:08.720 | INFO     | myoconverter.optimization.utils.UtilsForceOpt:fmOptPSO_cust:197 -         PSO iteration: 0 ; 0 percentage similarities; Best obj: 0.12559
2026-09-08 10:49:08.915 | INFO     | myoconverter.optimization.utils.UtilsForceOpt:fmOptPSO_cust:197 -         PSO iteration: 1 ; 1 percentage similarities; Best obj: 0.05334
2026-09-08 10:49:09.086 | INFO     | myoconverter.optimization.utils.UtilsForceOpt:fmOptPSO_cust:197 -         PSO iteration: 2 ; 1 percentage similarities; Best obj: 0.05334
2026-09-08 10:49:09.228 | INFO     | myoconverter.optimization.utils.UtilsForceOpt:fmOptPSO_cust:197 -         PSO iteration: 3 ; 1 percentage similarities; Best obj: 0.05334
2026-09-08 10:49:09.369 | INFO     | myoconverter.optimization.utils.UtilsForceOpt:fmOptPSO_cust:197 -         PSO iteration: 4 ; 1 percentage similarities; Best obj: 0.05334
2026-09-08 10:49:09.530 | INFO     | myoconverter.optimization.utils.UtilsForceOpt:fmOptPSO_cust:197 -         PSO iteration: 5 ; 1 percentage similarities; Best obj: 0.05334
2026-09-08 10:49:09.681 | INFO     | myoconverter.optimization.utils.UtilsForceOpt:fmOptPSO_cust:197 -         PSO iteration: 6 ; 1 percentage similarities; Best obj: 0.05334
2026-09-08 10:49:09.833 | INFO     | myoconverter.optimization.utils.UtilsForceOpt:fmOptPSO_cust:197 -         PSO iteration: 7 ; 1 percentage similarities; Best obj: 0.05334
2026-09-08 10:49:09.984 | INFO     | myoconverter.optimization.utils.UtilsForceOpt:fmOptPSO_cust:197 -         PSO iteration: 8 ; 1 percentage similarities; Best obj: 0.05334
2026-09-08 10:49:10.135 | INFO     | myoconverter.optimization.utils.UtilsForceOpt:fmOptPSO_cust:197 -         PSO iteration: 9 ; 1 percentage similarities; Best obj: 0.05329
2026-09-08 10:49:10.286 | INFO     | myoconverter.optimization.utils.UtilsForceOpt:fmOptPSO_cust:197 -         PSO iteration: 10 ; 2 percentage similarities; Best obj: 0.05177
2026-09-08 10:49:10.439 | INFO     | myoconverter.optimization.utils.UtilsForceOpt:fmOptPSO_cust:197 -         PSO iteration: 11 ; 1 percentage similarities; Best obj: 0.05046
2026-09-08 10:49:10.589 | INFO     | myoconverter.optimization.utils.UtilsForceOpt:fmOptPSO_cust:197 -         PSO iteration: 12 ; 1 percentage similarities; Best obj: 0.04737
2026-09-08 10:49:10.750 | INFO     | myoconverter.optimization.utils.UtilsForceOpt:fmOptPSO_cust:197 -         PSO iteration: 13 ; 1 percentage similarities; Best obj: 0.04441
2026-09-08 10:49:10.890 | INFO     | myoconverter.optimization.utils.UtilsForceOpt:fmOptPSO_cust:197 -         PSO iteration: 14 ; 1 percentage similarities; Best obj: 0.04326
2026-09-08 10:49:11.031 | INFO     | myoconverter.optimization.utils.UtilsForceOpt:fmOptPSO_cust:197 -         PSO iteration: 15 ; 1 percentage similarities; Best obj: 0.04113
2026-09-08 10:49:11.181 | INFO     | myoconverter.optimization.utils.UtilsForceOpt:fmOptPSO_cust:197 -         PSO iteration: 16 ; 1 percentage similarities; Best obj: 0.04058
2026-09-08 10:49:11.331 | INFO     | myoconverter.optimization.utils.UtilsForceOpt:fmOptPSO_cust:197 -         PSO iteration: 17 ; 1 percentage similarities; Best obj: 0.04045
2026-09-08 10:49:11.471 | INFO     | myoconverter.optimization.utils.UtilsForceOpt:fmOptPSO_cust:197 -         PSO iteration: 18 ; 4 percentage similarities; Best obj: 0.03973
2026-09-08 10:49:11.615 | INFO     | myoconverter.optimization.utils.UtilsForceOpt:fmOptPSO_cust:197 -         PSO iteration: 19 ; 5 percentage similarities; Best obj: 0.03945
2026-09-08 10:49:11.756 | INFO     | myoconverter.optimization.utils.UtilsForceOpt:fmOptPSO_cust:197 -         PSO iteration: 20 ; 5 percentage similarities; Best obj: 0.03934
2026-09-08 10:49:11.916 | INFO     | myoconverter.optimization.utils.UtilsForceOpt:fmOptPSO_cust:197 -         PSO iteration: 21 ; 9 percentage similarities; Best obj: 0.03909
2026-09-08 10:49:12.087 | INFO     | myoconverter.optimization.utils.UtilsForceOpt:fmOptPSO_cust:197 -         PSO iteration: 22 ; 10 percentage similarities; Best obj: 0.03904
2026-09-08 10:49:12.287 | INFO     | myoconverter.optimization.utils.UtilsForceOpt:fmOptPSO_cust:197 -         PSO iteration: 23 ; 11 percentage similarities; Best obj: 0.03893
2026-09-08 10:49:12.479 | INFO     | myoconverter.optimization.utils.UtilsForceOpt:fmOptPSO_cust:197 -         PSO iteration: 24 ; 11 percentage similarities; Best obj: 0.0389
2026-09-08 10:49:12.640 | INFO     | myoconverter.optimization.utils.UtilsForceOpt:fmOptPSO_cust:197 -         PSO iteration: 25 ; 11 percentage similarities; Best obj: 0.03884
2026-09-08 10:49:12.802 | INFO     | myoconverter.optimization.utils.UtilsForceOpt:fmOptPSO_cust:197 -         PSO iteration: 26 ; 21 percentage similarities; Best obj: 0.03881
2026-09-08 10:49:12.953 | INFO     | myoconverter.optimization.utils.UtilsForceOpt:fmOptPSO_cust:197 -         PSO iteration: 27 ; 41 percentage similarities; Best obj: 0.03878
2026-09-08 10:49:13.104 | INFO     | myoconverter.optimization.utils.UtilsForceOpt:fmOptPSO_cust:197 -         PSO iteration: 28 ; 49 percentage similarities; Best obj: 0.03877
2026-09-08 10:49:13.104 | INFO     | myoconverter.optimization.utils.UtilsForceOpt:fmOptPSO_cust:205 -         Break the optimization, since certain number of similar particles reached
2026-09-08 10:49:13.258 | INFO     | myoconverter.conversion_steps.O2MStep3:optMuscleForce:293 - Muscle : glut_med3_l 
2026-09-08 10:49:22.786 | INFO     | myoconverter.optimization.utils.UtilsForceOpt:fmOptPSO_cust:197 -         PSO iteration: 0 ; 0 percentage similarities; Best obj: 0.14591
2026-09-08 10:49:22.937 | INFO     | myoconverter.optimization.utils.UtilsForceOpt:fmOptPSO_cust:197 -         PSO iteration: 1 ; 1 percentage similarities; Best obj: 0.13811
2026-09-08 10:49:23.078 | INFO     | myoconverter.optimization.utils.UtilsForceOpt:fmOptPSO_cust:197 -         PSO iteration: 2 ; 1 percentage similarities; Best obj: 0.10296
2026-09-08 10:49:23.229 | INFO     | myoconverter.optimization.utils.UtilsForceOpt:fmOptPSO_cust:197 -         PSO iteration: 3 ; 1 percentage similarities; Best obj: 0.10296
2026-09-08 10:49:23.378 | INFO     | myoconverter.optimization.utils.UtilsForceOpt:fmOptPSO_cust:197 -         PSO iteration: 4 ; 1 percentage similarities; Best obj: 0.09558
2026-09-08 10:49:23.512 | INFO     | myoconverter.optimization.utils.UtilsForceOpt:fmOptPSO_cust:197 -         PSO iteration: 5 ; 1 percentage similarities; Best obj: 0.08213
2026-09-08 10:49:23.653 | INFO     | myoconverter.optimization.utils.UtilsForceOpt:fmOptPSO_cust:197 -         PSO iteration: 6 ; 1 percentage similarities; Best obj: 0.07848
2026-09-08 10:49:23.793 | INFO     | myoconverter.optimization.utils.UtilsForceOpt:fmOptPSO_cust:197 -         PSO iteration: 7 ; 1 percentage similarities; Best obj: 0.07308
2026-09-08 10:49:23.934 | INFO     | myoconverter.optimization.utils.UtilsForceOpt:fmOptPSO_cust:197 -         PSO iteration: 8 ; 1 percentage similarities; Best obj: 0.07122
2026-09-08 10:49:24.079 | INFO     | myoconverter.optimization.utils.UtilsForceOpt:fmOptPSO_cust:197 -         PSO iteration: 9 ; 1 percentage similarities; Best obj: 0.06554
2026-09-08 10:49:24.227 | INFO     | myoconverter.optimization.utils.UtilsForceOpt:fmOptPSO_cust:197 -         PSO iteration: 10 ; 1 percentage similarities; Best obj: 0.0639
2026-09-08 10:49:24.359 | INFO     | myoconverter.optimization.utils.UtilsForceOpt:fmOptPSO_cust:197 -         PSO iteration: 11 ; 1 percentage similarities; Best obj: 0.06312
2026-09-08 10:49:24.510 | INFO     | myoconverter.optimization.utils.UtilsForceOpt:fmOptPSO_cust:197 -         PSO iteration: 12 ; 2 percentage similarities; Best obj: 0.06241
2026-09-08 10:49:24.652 | INFO     | myoconverter.optimization.utils.UtilsForceOpt:fmOptPSO_cust:197 -         PSO iteration: 13 ; 2 percentage similarities; Best obj: 0.06208
2026-09-08 10:49:24.793 | INFO     | myoconverter.optimization.utils.UtilsForceOpt:fmOptPSO_cust:197 -         PSO iteration: 14 ; 2 percentage similarities; Best obj: 0.06156
2026-09-08 10:49:24.934 | INFO     | myoconverter.optimization.utils.UtilsForceOpt:fmOptPSO_cust:197 -         PSO iteration: 15 ; 2 percentage similarities; Best obj: 0.06147
2026-09-08 10:49:25.075 | INFO     | myoconverter.optimization.utils.UtilsForceOpt:fmOptPSO_cust:197 -         PSO iteration: 16 ; 4 percentage similarities; Best obj: 0.06145
2026-09-08 10:49:25.215 | INFO     | myoconverter.optimization.utils.UtilsForceOpt:fmOptPSO_cust:197 -         PSO iteration: 17 ; 8 percentage similarities; Best obj: 0.06144
2026-09-08 10:49:25.357 | INFO     | myoconverter.optimization.utils.UtilsForceOpt:fmOptPSO_cust:197 -         PSO iteration: 18 ; 9 percentage similarities; Best obj: 0.06142
2026-09-08 10:49:25.509 | INFO     | myoconverter.optimization.utils.UtilsForceOpt:fmOptPSO_cust:197 -         PSO iteration: 19 ; 10 percentage similarities; Best obj: 0.06141
2026-09-08 10:49:25.650 | INFO     | myoconverter.optimization.utils.UtilsForceOpt:fmOptPSO_cust:197 -         PSO iteration: 20 ; 15 percentage similarities; Best obj: 0.06138
2026-09-08 10:49:25.811 | INFO     | myoconverter.optimization.utils.UtilsForceOpt:fmOptPSO_cust:197 -         PSO iteration: 21 ; 19 percentage similarities; Best obj: 0.06137
2026-09-08 10:49:25.972 | INFO     | myoconverter.optimization.utils.UtilsForceOpt:fmOptPSO_cust:197 -         PSO iteration: 22 ; 22 percentage similarities; Best obj: 0.06137
2026-09-08 10:49:26.114 | INFO     | myoconverter.optimization.utils.UtilsForceOpt:fmOptPSO_cust:197 -         PSO iteration: 23 ; 28 percentage similarities; Best obj: 0.06137
2026-09-08 10:49:26.254 | INFO     | myoconverter.optimization.utils.UtilsForceOpt:fmOptPSO_cust:197 -         PSO iteration: 24 ; 31 percentage similarities; Best obj: 0.06137
2026-09-08 10:49:26.407 | INFO     | myoconverter.optimization.utils.UtilsForceOpt:fmOptPSO_cust:197 -         PSO iteration: 25 ; 41 percentage similarities; Best obj: 0.06137
2026-09-08 10:49:26.556 | INFO     | myoconverter.optimization.utils.UtilsForceOpt:fmOptPSO_cust:197 -         PSO iteration: 26 ; 42 percentage similarities; Best obj: 0.06137
2026-09-08 10:49:26.704 | INFO     | myoconverter.optimization.utils.UtilsForceOpt:fmOptPSO_cust:197 -         PSO iteration: 27 ; 44 percentage similarities; Best obj: 0.06137
2026-09-08 10:49:26.704 | INFO     | myoconverter.optimization.utils.UtilsForceOpt:fmOptPSO_cust:205 -         Break the optimization, since certain number of similar particles reached
2026-09-08 10:49:26.827 | INFO     | myoconverter.conversion_steps.O2MStep3:optMuscleForce:293 - Muscle : glut_min1_l 
2026-09-08 10:49:36.759 | INFO     | myoconverter.optimization.utils.UtilsForceOpt:fmOptPSO_cust:197 -         PSO iteration: 0 ; 0 percentage similarities; Best obj: 0.11025
2026-09-08 10:49:36.910 | INFO     | myoconverter.optimization.utils.UtilsForceOpt:fmOptPSO_cust:197 -         PSO iteration: 1 ; 1 percentage similarities; Best obj: 0.11025
2026-09-08 10:49:37.051 | INFO     | myoconverter.optimization.utils.UtilsForceOpt:fmOptPSO_cust:197 -         PSO iteration: 2 ; 1 percentage similarities; Best obj: 0.11025
2026-09-08 10:49:37.181 | INFO     | myoconverter.optimization.utils.UtilsForceOpt:fmOptPSO_cust:197 -         PSO iteration: 3 ; 1 percentage similarities; Best obj: 0.11025
2026-09-08 10:49:37.332 | INFO     | myoconverter.optimization.utils.UtilsForceOpt:fmOptPSO_cust:197 -         PSO iteration: 4 ; 1 percentage similarities; Best obj: 0.11025
2026-09-08 10:49:37.472 | INFO     | myoconverter.optimization.utils.UtilsForceOpt:fmOptPSO_cust:197 -         PSO iteration: 5 ; 1 percentage similarities; Best obj: 0.1018
2026-09-08 10:49:37.623 | INFO     | myoconverter.optimization.utils.UtilsForceOpt:fmOptPSO_cust:197 -         PSO iteration: 6 ; 2 percentage similarities; Best obj: 0.09516
2026-09-08 10:49:37.763 | INFO     | myoconverter.optimization.utils.UtilsForceOpt:fmOptPSO_cust:197 -         PSO iteration: 7 ; 2 percentage similarities; Best obj: 0.07436
2026-09-08 10:49:37.914 | INFO     | myoconverter.optimization.utils.UtilsForceOpt:fmOptPSO_cust:197 -         PSO iteration: 8 ; 1 percentage similarities; Best obj: 0.06813
2026-09-08 10:49:38.046 | INFO     | myoconverter.optimization.utils.UtilsForceOpt:fmOptPSO_cust:197 -         PSO iteration: 9 ; 1 percentage similarities; Best obj: 0.06684
2026-09-08 10:49:38.187 | INFO     | myoconverter.optimization.utils.UtilsForceOpt:fmOptPSO_cust:197 -         PSO iteration: 10 ; 1 percentage similarities; Best obj: 0.06653
2026-09-08 10:49:38.328 | INFO     | myoconverter.optimization.utils.UtilsForceOpt:fmOptPSO_cust:197 -         PSO iteration: 11 ; 1 percentage similarities; Best obj: 0.06646
2026-09-08 10:49:38.473 | INFO     | myoconverter.optimization.utils.UtilsForceOpt:fmOptPSO_cust:197 -         PSO iteration: 12 ; 1 percentage similarities; Best obj: 0.06455
2026-09-08 10:49:38.631 | INFO     | myoconverter.optimization.utils.UtilsForceOpt:fmOptPSO_cust:197 -         PSO iteration: 13 ; 1 percentage similarities; Best obj: 0.06202
2026-09-08 10:49:38.782 | INFO     | myoconverter.optimization.utils.UtilsForceOpt:fmOptPSO_cust:197 -         PSO iteration: 14 ; 2 percentage similarities; Best obj: 0.05957
2026-09-08 10:49:38.922 | INFO     | myoconverter.optimization.utils.UtilsForceOpt:fmOptPSO_cust:197 -         PSO iteration: 15 ; 1 percentage similarities; Best obj: 0.05863
2026-09-08 10:49:39.073 | INFO     | myoconverter.optimization.utils.UtilsForceOpt:fmOptPSO_cust:197 -         PSO iteration: 16 ; 4 percentage similarities; Best obj: 0.05826
2026-09-08 10:49:39.224 | INFO     | myoconverter.optimization.utils.UtilsForceOpt:fmOptPSO_cust:197 -         PSO iteration: 17 ; 5 percentage similarities; Best obj: 0.058
2026-09-08 10:49:39.365 | INFO     | myoconverter.optimization.utils.UtilsForceOpt:fmOptPSO_cust:197 -         PSO iteration: 18 ; 6 percentage similarities; Best obj: 0.05778
2026-09-08 10:49:39.516 | INFO     | myoconverter.optimization.utils.UtilsForceOpt:fmOptPSO_cust:197 -         PSO iteration: 19 ; 6 percentage similarities; Best obj: 0.05754
2026-09-08 10:49:39.656 | INFO     | myoconverter.optimization.utils.UtilsForceOpt:fmOptPSO_cust:197 -         PSO iteration: 20 ; 10 percentage similarities; Best obj: 0.05729
2026-09-08 10:49:39.797 | INFO     | myoconverter.optimization.utils.UtilsForceOpt:fmOptPSO_cust:197 -         PSO iteration: 21 ; 14 percentage similarities; Best obj: 0.05708
2026-09-08 10:49:39.948 | INFO     | myoconverter.optimization.utils.UtilsForceOpt:fmOptPSO_cust:197 -         PSO iteration: 22 ; 12 percentage similarities; Best obj: 0.05693
2026-09-08 10:49:40.098 | INFO     | myoconverter.optimization.utils.UtilsForceOpt:fmOptPSO_cust:197 -         PSO iteration: 23 ; 19 percentage similarities; Best obj: 0.05688
2026-09-08 10:49:40.239 | INFO     | myoconverter.optimization.utils.UtilsForceOpt:fmOptPSO_cust:197 -         PSO iteration: 24 ; 21 percentage similarities; Best obj: 0.0568
2026-09-08 10:49:40.380 | INFO     | myoconverter.optimization.utils.UtilsForceOpt:fmOptPSO_cust:197 -         PSO iteration: 25 ; 41 percentage similarities; Best obj: 0.05679
2026-09-08 10:49:40.521 | INFO     | myoconverter.optimization.utils.UtilsForceOpt:fmOptPSO_cust:197 -         PSO iteration: 26 ; 50 percentage similarities; Best obj: 0.05679
2026-09-08 10:49:40.521 | INFO     | myoconverter.optimization.utils.UtilsForceOpt:fmOptPSO_cust:205 -         Break the optimization, since certain number of similar particles reached
2026-09-08 10:49:40.652 | INFO     | myoconverter.conversion_steps.O2MStep3:optMuscleForce:293 - Muscle : glut_min2_l 
2026-09-08 10:49:50.846 | INFO     | myoconverter.optimization.utils.UtilsForceOpt:fmOptPSO_cust:197 -         PSO iteration: 0 ; 0 percentage similarities; Best obj: 0.08534
2026-09-08 10:49:51.011 | INFO     | myoconverter.optimization.utils.UtilsForceOpt:fmOptPSO_cust:197 -         PSO iteration: 1 ; 1 percentage similarities; Best obj: 0.08534
2026-09-08 10:49:51.187 | INFO     | myoconverter.optimization.utils.UtilsForceOpt:fmOptPSO_cust:197 -         PSO iteration: 2 ; 1 percentage similarities; Best obj: 0.08534
2026-09-08 10:49:51.353 | INFO     | myoconverter.optimization.utils.UtilsForceOpt:fmOptPSO_cust:197 -         PSO iteration: 3 ; 1 percentage similarities; Best obj: 0.07362
2026-09-08 10:49:51.507 | INFO     | myoconverter.optimization.utils.UtilsForceOpt:fmOptPSO_cust:197 -         PSO iteration: 4 ; 1 percentage similarities; Best obj: 0.07052
2026-09-08 10:49:51.678 | INFO     | myoconverter.optimization.utils.UtilsForceOpt:fmOptPSO_cust:197 -         PSO iteration: 5 ; 1 percentage similarities; Best obj: 0.06992
2026-09-08 10:49:51.849 | INFO     | myoconverter.optimization.utils.UtilsForceOpt:fmOptPSO_cust:197 -         PSO iteration: 6 ; 1 percentage similarities; Best obj: 0.06978
2026-09-08 10:49:52.001 | INFO     | myoconverter.optimization.utils.UtilsForceOpt:fmOptPSO_cust:197 -         PSO iteration: 7 ; 1 percentage similarities; Best obj: 0.06974
2026-09-08 10:49:52.138 | INFO     | myoconverter.optimization.utils.UtilsForceOpt:fmOptPSO_cust:197 -         PSO iteration: 8 ; 1 percentage similarities; Best obj: 0.06973
2026-09-08 10:49:52.299 | INFO     | myoconverter.optimization.utils.UtilsForceOpt:fmOptPSO_cust:197 -         PSO iteration: 9 ; 1 percentage similarities; Best obj: 0.06973
2026-09-08 10:49:52.449 | INFO     | myoconverter.optimization.utils.UtilsForceOpt:fmOptPSO_cust:197 -         PSO iteration: 10 ; 1 percentage similarities; Best obj: 0.06973
2026-09-08 10:49:52.601 | INFO     | myoconverter.optimization.utils.UtilsForceOpt:fmOptPSO_cust:197 -         PSO iteration: 11 ; 1 percentage similarities; Best obj: 0.06973
2026-09-08 10:49:52.750 | INFO     | myoconverter.optimization.utils.UtilsForceOpt:fmOptPSO_cust:197 -         PSO iteration: 12 ; 2 percentage similarities; Best obj: 0.06904
2026-09-08 10:49:52.911 | INFO     | myoconverter.optimization.utils.UtilsForceOpt:fmOptPSO_cust:197 -         PSO iteration: 13 ; 2 percentage similarities; Best obj: 0.06873
2026-09-08 10:49:53.062 | INFO     | myoconverter.optimization.utils.UtilsForceOpt:fmOptPSO_cust:197 -         PSO iteration: 14 ; 2 percentage similarities; Best obj: 0.06804
2026-09-08 10:49:53.222 | INFO     | myoconverter.optimization.utils.UtilsForceOpt:fmOptPSO_cust:197 -         PSO iteration: 15 ; 4 percentage similarities; Best obj: 0.06733
2026-09-08 10:49:53.373 | INFO     | myoconverter.optimization.utils.UtilsForceOpt:fmOptPSO_cust:197 -         PSO iteration: 16 ; 5 percentage similarities; Best obj: 0.06666
2026-09-08 10:49:53.524 | INFO     | myoconverter.optimization.utils.UtilsForceOpt:fmOptPSO_cust:197 -         PSO iteration: 17 ; 5 percentage similarities; Best obj: 0.0665
2026-09-08 10:49:53.676 | INFO     | myoconverter.optimization.utils.UtilsForceOpt:fmOptPSO_cust:197 -         PSO iteration: 18 ; 5 percentage similarities; Best obj: 0.06635
2026-09-08 10:49:53.818 | INFO     | myoconverter.optimization.utils.UtilsForceOpt:fmOptPSO_cust:197 -         PSO iteration: 19 ; 5 percentage similarities; Best obj: 0.06631
2026-09-08 10:49:53.970 | INFO     | myoconverter.optimization.utils.UtilsForceOpt:fmOptPSO_cust:197 -         PSO iteration: 20 ; 6 percentage similarities; Best obj: 0.0663
2026-09-08 10:49:54.121 | INFO     | myoconverter.optimization.utils.UtilsForceOpt:fmOptPSO_cust:197 -         PSO iteration: 21 ; 6 percentage similarities; Best obj: 0.06627
2026-09-08 10:49:54.283 | INFO     | myoconverter.optimization.utils.UtilsForceOpt:fmOptPSO_cust:197 -         PSO iteration: 22 ; 9 percentage similarities; Best obj: 0.06623
2026-09-08 10:49:54.433 | INFO     | myoconverter.optimization.utils.UtilsForceOpt:fmOptPSO_cust:197 -         PSO iteration: 23 ; 14 percentage similarities; Best obj: 0.06621
2026-09-08 10:49:54.590 | INFO     | myoconverter.optimization.utils.UtilsForceOpt:fmOptPSO_cust:197 -         PSO iteration: 24 ; 22 percentage similarities; Best obj: 0.0662
2026-09-08 10:49:54.746 | INFO     | myoconverter.optimization.utils.UtilsForceOpt:fmOptPSO_cust:197 -         PSO iteration: 25 ; 28 percentage similarities; Best obj: 0.06617
2026-09-08 10:49:54.905 | INFO     | myoconverter.optimization.utils.UtilsForceOpt:fmOptPSO_cust:197 -         PSO iteration: 26 ; 45 percentage similarities; Best obj: 0.06617
2026-09-08 10:49:54.905 | INFO     | myoconverter.optimization.utils.UtilsForceOpt:fmOptPSO_cust:205 -         Break the optimization, since certain number of similar particles reached
2026-09-08 10:49:55.059 | INFO     | myoconverter.conversion_steps.O2MStep3:optMuscleForce:293 - Muscle : glut_min3_l 
2026-09-08 10:50:05.022 | INFO     | myoconverter.optimization.utils.UtilsForceOpt:fmOptPSO_cust:197 -         PSO iteration: 0 ; 0 percentage similarities; Best obj: 0.23446
2026-09-08 10:50:05.210 | INFO     | myoconverter.optimization.utils.UtilsForceOpt:fmOptPSO_cust:197 -         PSO iteration: 1 ; 1 percentage similarities; Best obj: 0.23446
2026-09-08 10:50:05.376 | INFO     | myoconverter.optimization.utils.UtilsForceOpt:fmOptPSO_cust:197 -         PSO iteration: 2 ; 1 percentage similarities; Best obj: 0.23446
2026-09-08 10:50:05.536 | INFO     | myoconverter.optimization.utils.UtilsForceOpt:fmOptPSO_cust:197 -         PSO iteration: 3 ; 1 percentage similarities; Best obj: 0.23446
2026-09-08 10:50:05.696 | INFO     | myoconverter.optimization.utils.UtilsForceOpt:fmOptPSO_cust:197 -         PSO iteration: 4 ; 1 percentage similarities; Best obj: 0.23446
2026-09-08 10:50:05.876 | INFO     | myoconverter.optimization.utils.UtilsForceOpt:fmOptPSO_cust:197 -         PSO iteration: 5 ; 1 percentage similarities; Best obj: 0.23446
2026-09-08 10:50:06.046 | INFO     | myoconverter.optimization.utils.UtilsForceOpt:fmOptPSO_cust:197 -         PSO iteration: 6 ; 1 percentage similarities; Best obj: 0.23446
2026-09-08 10:50:06.211 | INFO     | myoconverter.optimization.utils.UtilsForceOpt:fmOptPSO_cust:197 -         PSO iteration: 7 ; 1 percentage similarities; Best obj: 0.23103
2026-09-08 10:50:06.388 | INFO     | myoconverter.optimization.utils.UtilsForceOpt:fmOptPSO_cust:197 -         PSO iteration: 8 ; 1 percentage similarities; Best obj: 0.23103
2026-09-08 10:50:06.588 | INFO     | myoconverter.optimization.utils.UtilsForceOpt:fmOptPSO_cust:197 -         PSO iteration: 9 ; 1 percentage similarities; Best obj: 0.23103
2026-09-08 10:50:06.758 | INFO     | myoconverter.optimization.utils.UtilsForceOpt:fmOptPSO_cust:197 -         PSO iteration: 10 ; 4 percentage similarities; Best obj: 0.23009
2026-09-08 10:50:06.921 | INFO     | myoconverter.optimization.utils.UtilsForceOpt:fmOptPSO_cust:197 -         PSO iteration: 11 ; 4 percentage similarities; Best obj: 0.22682
2026-09-08 10:50:07.102 | INFO     | myoconverter.optimization.utils.UtilsForceOpt:fmOptPSO_cust:197 -         PSO iteration: 12 ; 2 percentage similarities; Best obj: 0.22601
2026-09-08 10:50:07.309 | INFO     | myoconverter.optimization.utils.UtilsForceOpt:fmOptPSO_cust:197 -         PSO iteration: 13 ; 2 percentage similarities; Best obj: 0.22583
2026-09-08 10:50:07.463 | INFO     | myoconverter.optimization.utils.UtilsForceOpt:fmOptPSO_cust:197 -         PSO iteration: 14 ; 4 percentage similarities; Best obj: 0.22466
2026-09-08 10:50:07.635 | INFO     | myoconverter.optimization.utils.UtilsForceOpt:fmOptPSO_cust:197 -         PSO iteration: 15 ; 4 percentage similarities; Best obj: 0.22446
2026-09-08 10:50:07.807 | INFO     | myoconverter.optimization.utils.UtilsForceOpt:fmOptPSO_cust:197 -         PSO iteration: 16 ; 4 percentage similarities; Best obj: 0.22442
2026-09-08 10:50:07.977 | INFO     | myoconverter.optimization.utils.UtilsForceOpt:fmOptPSO_cust:197 -         PSO iteration: 17 ; 5 percentage similarities; Best obj: 0.22441
2026-09-08 10:50:08.159 | INFO     | myoconverter.optimization.utils.UtilsForceOpt:fmOptPSO_cust:197 -         PSO iteration: 18 ; 8 percentage similarities; Best obj: 0.2244
2026-09-08 10:50:08.320 | INFO     | myoconverter.optimization.utils.UtilsForceOpt:fmOptPSO_cust:197 -         PSO iteration: 19 ; 8 percentage similarities; Best obj: 0.22437
2026-09-08 10:50:08.480 | INFO     | myoconverter.optimization.utils.UtilsForceOpt:fmOptPSO_cust:197 -         PSO iteration: 20 ; 11 percentage similarities; Best obj: 0.2243
2026-09-08 10:50:08.652 | INFO     | myoconverter.optimization.utils.UtilsForceOpt:fmOptPSO_cust:197 -         PSO iteration: 21 ; 14 percentage similarities; Best obj: 0.22428
2026-09-08 10:50:08.854 | INFO     | myoconverter.optimization.utils.UtilsForceOpt:fmOptPSO_cust:197 -         PSO iteration: 22 ; 19 percentage similarities; Best obj: 0.22427
2026-09-08 10:50:09.045 | INFO     | myoconverter.optimization.utils.UtilsForceOpt:fmOptPSO_cust:197 -         PSO iteration: 23 ; 22 percentage similarities; Best obj: 0.22425
2026-09-08 10:50:09.247 | INFO     | myoconverter.optimization.utils.UtilsForceOpt:fmOptPSO_cust:197 -         PSO iteration: 24 ; 28 percentage similarities; Best obj: 0.22424
2026-09-08 10:50:09.413 | INFO     | myoconverter.optimization.utils.UtilsForceOpt:fmOptPSO_cust:197 -         PSO iteration: 25 ; 34 percentage similarities; Best obj: 0.22424
2026-09-08 10:50:09.619 | INFO     | myoconverter.optimization.utils.UtilsForceOpt:fmOptPSO_cust:197 -         PSO iteration: 26 ; 41 percentage similarities; Best obj: 0.22422
2026-09-08 10:50:09.619 | INFO     | myoconverter.optimization.utils.UtilsForceOpt:fmOptPSO_cust:205 -         Break the optimization, since certain number of similar particles reached
2026-09-08 10:50:09.801 | INFO     | myoconverter.conversion_steps.O2MStep3:optMuscleForce:293 - Muscle : semimem_l 
2026-09-08 10:50:21.694 | INFO     | myoconverter.optimization.utils.UtilsForceOpt:fmOptPSO_cust:197 -         PSO iteration: 0 ; 0 percentage similarities; Best obj: 0.18097
2026-09-08 10:50:21.947 | INFO     | myoconverter.optimization.utils.UtilsForceOpt:fmOptPSO_cust:197 -         PSO iteration: 1 ; 1 percentage similarities; Best obj: 0.13074
2026-09-08 10:50:22.188 | INFO     | myoconverter.optimization.utils.UtilsForceOpt:fmOptPSO_cust:197 -         PSO iteration: 2 ; 1 percentage similarities; Best obj: 0.12324
2026-09-08 10:50:22.457 | INFO     | myoconverter.optimization.utils.UtilsForceOpt:fmOptPSO_cust:197 -         PSO iteration: 3 ; 1 percentage similarities; Best obj: 0.12223
2026-09-08 10:50:22.756 | INFO     | myoconverter.optimization.utils.UtilsForceOpt:fmOptPSO_cust:197 -         PSO iteration: 4 ; 1 percentage similarities; Best obj: 0.12203
2026-09-08 10:50:22.993 | INFO     | myoconverter.optimization.utils.UtilsForceOpt:fmOptPSO_cust:197 -         PSO iteration: 5 ; 1 percentage similarities; Best obj: 0.12198
2026-09-08 10:50:23.278 | INFO     | myoconverter.optimization.utils.UtilsForceOpt:fmOptPSO_cust:197 -         PSO iteration: 6 ; 1 percentage similarities; Best obj: 0.12197
2026-09-08 10:50:23.527 | INFO     | myoconverter.optimization.utils.UtilsForceOpt:fmOptPSO_cust:197 -         PSO iteration: 7 ; 1 percentage similarities; Best obj: 0.12197
2026-09-08 10:50:23.755 | INFO     | myoconverter.optimization.utils.UtilsForceOpt:fmOptPSO_cust:197 -         PSO iteration: 8 ; 1 percentage similarities; Best obj: 0.12197
2026-09-08 10:50:23.990 | INFO     | myoconverter.optimization.utils.UtilsForceOpt:fmOptPSO_cust:197 -         PSO iteration: 9 ; 2 percentage similarities; Best obj: 0.11741
2026-09-08 10:50:24.265 | INFO     | myoconverter.optimization.utils.UtilsForceOpt:fmOptPSO_cust:197 -         PSO iteration: 10 ; 1 percentage similarities; Best obj: 0.11628
2026-09-08 10:50:24.544 | INFO     | myoconverter.optimization.utils.UtilsForceOpt:fmOptPSO_cust:197 -         PSO iteration: 11 ; 4 percentage similarities; Best obj: 0.11335
2026-09-08 10:50:24.786 | INFO     | myoconverter.optimization.utils.UtilsForceOpt:fmOptPSO_cust:197 -         PSO iteration: 12 ; 1 percentage similarities; Best obj: 0.11228
2026-09-08 10:50:25.058 | INFO     | myoconverter.optimization.utils.UtilsForceOpt:fmOptPSO_cust:197 -         PSO iteration: 13 ; 1 percentage similarities; Best obj: 0.11135
2026-09-08 10:50:25.290 | INFO     | myoconverter.optimization.utils.UtilsForceOpt:fmOptPSO_cust:197 -         PSO iteration: 14 ; 4 percentage similarities; Best obj: 0.11005
2026-09-08 10:50:25.501 | INFO     | myoconverter.optimization.utils.UtilsForceOpt:fmOptPSO_cust:197 -         PSO iteration: 15 ; 5 percentage similarities; Best obj: 0.10812
2026-09-08 10:50:25.743 | INFO     | myoconverter.optimization.utils.UtilsForceOpt:fmOptPSO_cust:197 -         PSO iteration: 16 ; 2 percentage similarities; Best obj: 0.10769
2026-09-08 10:50:26.031 | INFO     | myoconverter.optimization.utils.UtilsForceOpt:fmOptPSO_cust:197 -         PSO iteration: 17 ; 5 percentage similarities; Best obj: 0.1067
2026-09-08 10:50:26.331 | INFO     | myoconverter.optimization.utils.UtilsForceOpt:fmOptPSO_cust:197 -         PSO iteration: 18 ; 6 percentage similarities; Best obj: 0.10575
2026-09-08 10:50:26.598 | INFO     | myoconverter.optimization.utils.UtilsForceOpt:fmOptPSO_cust:197 -         PSO iteration: 19 ; 6 percentage similarities; Best obj: 0.10477
2026-09-08 10:50:26.858 | INFO     | myoconverter.optimization.utils.UtilsForceOpt:fmOptPSO_cust:197 -         PSO iteration: 20 ; 6 percentage similarities; Best obj: 0.10453
2026-09-08 10:50:27.079 | INFO     | myoconverter.optimization.utils.UtilsForceOpt:fmOptPSO_cust:197 -         PSO iteration: 21 ; 6 percentage similarities; Best obj: 0.10438
2026-09-08 10:50:27.340 | INFO     | myoconverter.optimization.utils.UtilsForceOpt:fmOptPSO_cust:197 -         PSO iteration: 22 ; 6 percentage similarities; Best obj: 0.10415
2026-09-08 10:50:27.651 | INFO     | myoconverter.optimization.utils.UtilsForceOpt:fmOptPSO_cust:197 -         PSO iteration: 23 ; 10 percentage similarities; Best obj: 0.10409
2026-09-08 10:50:27.945 | INFO     | myoconverter.optimization.utils.UtilsForceOpt:fmOptPSO_cust:197 -         PSO iteration: 24 ; 21 percentage similarities; Best obj: 0.10408
2026-09-08 10:50:28.197 | INFO     | myoconverter.optimization.utils.UtilsForceOpt:fmOptPSO_cust:197 -         PSO iteration: 25 ; 24 percentage similarities; Best obj: 0.10402
2026-09-08 10:50:28.459 | INFO     | myoconverter.optimization.utils.UtilsForceOpt:fmOptPSO_cust:197 -         PSO iteration: 26 ; 36 percentage similarities; Best obj: 0.10401
2026-09-08 10:50:28.459 | INFO     | myoconverter.optimization.utils.UtilsForceOpt:fmOptPSO_cust:205 -         Break the optimization, since certain number of similar particles reached
2026-09-08 10:50:28.634 | INFO     | myoconverter.conversion_steps.O2MStep3:optMuscleForce:293 - Muscle : semiten_l 
2026-09-08 10:50:40.926 | INFO     | myoconverter.optimization.utils.UtilsForceOpt:fmOptPSO_cust:197 -         PSO iteration: 0 ; 0 percentage similarities; Best obj: 0.16453
2026-09-08 10:50:41.208 | INFO     | myoconverter.optimization.utils.UtilsForceOpt:fmOptPSO_cust:197 -         PSO iteration: 1 ; 1 percentage similarities; Best obj: 0.10353
2026-09-08 10:50:41.537 | INFO     | myoconverter.optimization.utils.UtilsForceOpt:fmOptPSO_cust:197 -         PSO iteration: 2 ; 1 percentage similarities; Best obj: 0.10353
2026-09-08 10:50:41.854 | INFO     | myoconverter.optimization.utils.UtilsForceOpt:fmOptPSO_cust:197 -         PSO iteration: 3 ; 1 percentage similarities; Best obj: 0.10353
2026-09-08 10:50:42.125 | INFO     | myoconverter.optimization.utils.UtilsForceOpt:fmOptPSO_cust:197 -         PSO iteration: 4 ; 1 percentage similarities; Best obj: 0.08366
2026-09-08 10:50:42.397 | INFO     | myoconverter.optimization.utils.UtilsForceOpt:fmOptPSO_cust:197 -         PSO iteration: 5 ; 1 percentage similarities; Best obj: 0.08103
2026-09-08 10:50:42.669 | INFO     | myoconverter.optimization.utils.UtilsForceOpt:fmOptPSO_cust:197 -         PSO iteration: 6 ; 1 percentage similarities; Best obj: 0.08064
2026-09-08 10:50:42.948 | INFO     | myoconverter.optimization.utils.UtilsForceOpt:fmOptPSO_cust:197 -         PSO iteration: 7 ; 1 percentage similarities; Best obj: 0.08055
2026-09-08 10:50:43.231 | INFO     | myoconverter.optimization.utils.UtilsForceOpt:fmOptPSO_cust:197 -         PSO iteration: 8 ; 1 percentage similarities; Best obj: 0.08053
2026-09-08 10:50:43.520 | INFO     | myoconverter.optimization.utils.UtilsForceOpt:fmOptPSO_cust:197 -         PSO iteration: 9 ; 1 percentage similarities; Best obj: 0.08053
2026-09-08 10:50:43.770 | INFO     | myoconverter.optimization.utils.UtilsForceOpt:fmOptPSO_cust:197 -         PSO iteration: 10 ; 1 percentage similarities; Best obj: 0.08024
2026-09-08 10:50:44.038 | INFO     | myoconverter.optimization.utils.UtilsForceOpt:fmOptPSO_cust:197 -         PSO iteration: 11 ; 2 percentage similarities; Best obj: 0.07946
2026-09-08 10:50:44.296 | INFO     | myoconverter.optimization.utils.UtilsForceOpt:fmOptPSO_cust:197 -         PSO iteration: 12 ; 2 percentage similarities; Best obj: 0.07797
2026-09-08 10:50:44.597 | INFO     | myoconverter.optimization.utils.UtilsForceOpt:fmOptPSO_cust:197 -         PSO iteration: 13 ; 1 percentage similarities; Best obj: 0.07769
2026-09-08 10:50:44.957 | INFO     | myoconverter.optimization.utils.UtilsForceOpt:fmOptPSO_cust:197 -         PSO iteration: 14 ; 2 percentage similarities; Best obj: 0.07763
2026-09-08 10:50:45.306 | INFO     | myoconverter.optimization.utils.UtilsForceOpt:fmOptPSO_cust:197 -         PSO iteration: 15 ; 4 percentage similarities; Best obj: 0.07728
2026-09-08 10:50:45.594 | INFO     | myoconverter.optimization.utils.UtilsForceOpt:fmOptPSO_cust:197 -         PSO iteration: 16 ; 6 percentage similarities; Best obj: 0.07721
2026-09-08 10:50:45.826 | INFO     | myoconverter.optimization.utils.UtilsForceOpt:fmOptPSO_cust:197 -         PSO iteration: 17 ; 9 percentage similarities; Best obj: 0.0772
2026-09-08 10:50:46.069 | INFO     | myoconverter.optimization.utils.UtilsForceOpt:fmOptPSO_cust:197 -         PSO iteration: 18 ; 10 percentage similarities; Best obj: 0.07715
2026-09-08 10:50:46.309 | INFO     | myoconverter.optimization.utils.UtilsForceOpt:fmOptPSO_cust:197 -         PSO iteration: 19 ; 20 percentage similarities; Best obj: 0.07711
2026-09-08 10:50:46.598 | INFO     | myoconverter.optimization.utils.UtilsForceOpt:fmOptPSO_cust:197 -         PSO iteration: 20 ; 25 percentage similarities; Best obj: 0.07705
2026-09-08 10:50:46.916 | INFO     | myoconverter.optimization.utils.UtilsForceOpt:fmOptPSO_cust:197 -         PSO iteration: 21 ; 26 percentage similarities; Best obj: 0.07703
2026-09-08 10:50:47.177 | INFO     | myoconverter.optimization.utils.UtilsForceOpt:fmOptPSO_cust:197 -         PSO iteration: 22 ; 36 percentage similarities; Best obj: 0.07687
2026-09-08 10:50:47.457 | INFO     | myoconverter.optimization.utils.UtilsForceOpt:fmOptPSO_cust:197 -         PSO iteration: 23 ; 44 percentage similarities; Best obj: 0.07684
2026-09-08 10:50:47.457 | INFO     | myoconverter.optimization.utils.UtilsForceOpt:fmOptPSO_cust:205 -         Break the optimization, since certain number of similar particles reached
2026-09-08 10:50:47.601 | INFO     | myoconverter.conversion_steps.O2MStep3:optMuscleForce:293 - Muscle : bifemlh_l 
2026-09-08 10:50:59.180 | INFO     | myoconverter.optimization.utils.UtilsForceOpt:fmOptPSO_cust:197 -         PSO iteration: 0 ; 0 percentage similarities; Best obj: 0.12922
2026-09-08 10:50:59.472 | INFO     | myoconverter.optimization.utils.UtilsForceOpt:fmOptPSO_cust:197 -         PSO iteration: 1 ; 1 percentage similarities; Best obj: 0.12922
2026-09-08 10:50:59.714 | INFO     | myoconverter.optimization.utils.UtilsForceOpt:fmOptPSO_cust:197 -         PSO iteration: 2 ; 1 percentage similarities; Best obj: 0.12922
2026-09-08 10:50:59.955 | INFO     | myoconverter.optimization.utils.UtilsForceOpt:fmOptPSO_cust:197 -         PSO iteration: 3 ; 1 percentage similarities; Best obj: 0.12922
2026-09-08 10:51:00.242 | INFO     | myoconverter.optimization.utils.UtilsForceOpt:fmOptPSO_cust:197 -         PSO iteration: 4 ; 1 percentage similarities; Best obj: 0.1275
2026-09-08 10:51:00.538 | INFO     | myoconverter.optimization.utils.UtilsForceOpt:fmOptPSO_cust:197 -         PSO iteration: 5 ; 1 percentage similarities; Best obj: 0.12525
2026-09-08 10:51:00.808 | INFO     | myoconverter.optimization.utils.UtilsForceOpt:fmOptPSO_cust:197 -         PSO iteration: 6 ; 2 percentage similarities; Best obj: 0.11934
2026-09-08 10:51:01.081 | INFO     | myoconverter.optimization.utils.UtilsForceOpt:fmOptPSO_cust:197 -         PSO iteration: 7 ; 1 percentage similarities; Best obj: 0.11329
2026-09-08 10:51:01.334 | INFO     | myoconverter.optimization.utils.UtilsForceOpt:fmOptPSO_cust:197 -         PSO iteration: 8 ; 1 percentage similarities; Best obj: 0.10999
2026-09-08 10:51:01.586 | INFO     | myoconverter.optimization.utils.UtilsForceOpt:fmOptPSO_cust:197 -         PSO iteration: 9 ; 2 percentage similarities; Best obj: 0.10897
2026-09-08 10:51:01.838 | INFO     | myoconverter.optimization.utils.UtilsForceOpt:fmOptPSO_cust:197 -         PSO iteration: 10 ; 4 percentage similarities; Best obj: 0.10683
2026-09-08 10:51:02.140 | INFO     | myoconverter.optimization.utils.UtilsForceOpt:fmOptPSO_cust:197 -         PSO iteration: 11 ; 2 percentage similarities; Best obj: 0.1061
2026-09-08 10:51:02.421 | INFO     | myoconverter.optimization.utils.UtilsForceOpt:fmOptPSO_cust:197 -         PSO iteration: 12 ; 5 percentage similarities; Best obj: 0.10579
2026-09-08 10:51:02.735 | INFO     | myoconverter.optimization.utils.UtilsForceOpt:fmOptPSO_cust:197 -         PSO iteration: 13 ; 5 percentage similarities; Best obj: 0.10561
2026-09-08 10:51:03.025 | INFO     | myoconverter.optimization.utils.UtilsForceOpt:fmOptPSO_cust:197 -         PSO iteration: 14 ; 8 percentage similarities; Best obj: 0.10545
2026-09-08 10:51:03.267 | INFO     | myoconverter.optimization.utils.UtilsForceOpt:fmOptPSO_cust:197 -         PSO iteration: 15 ; 10 percentage similarities; Best obj: 0.10539
2026-09-08 10:51:03.489 | INFO     | myoconverter.optimization.utils.UtilsForceOpt:fmOptPSO_cust:197 -         PSO iteration: 16 ; 10 percentage similarities; Best obj: 0.10525
2026-09-08 10:51:03.771 | INFO     | myoconverter.optimization.utils.UtilsForceOpt:fmOptPSO_cust:197 -         PSO iteration: 17 ; 11 percentage similarities; Best obj: 0.1051
2026-09-08 10:51:04.063 | INFO     | myoconverter.optimization.utils.UtilsForceOpt:fmOptPSO_cust:197 -         PSO iteration: 18 ; 12 percentage similarities; Best obj: 0.10507
2026-09-08 10:51:04.316 | INFO     | myoconverter.optimization.utils.UtilsForceOpt:fmOptPSO_cust:197 -         PSO iteration: 19 ; 12 percentage similarities; Best obj: 0.10505
2026-09-08 10:51:04.586 | INFO     | myoconverter.optimization.utils.UtilsForceOpt:fmOptPSO_cust:197 -         PSO iteration: 20 ; 14 percentage similarities; Best obj: 0.10463
2026-09-08 10:51:04.828 | INFO     | myoconverter.optimization.utils.UtilsForceOpt:fmOptPSO_cust:197 -         PSO iteration: 21 ; 15 percentage similarities; Best obj: 0.10456
2026-09-08 10:51:05.049 | INFO     | myoconverter.optimization.utils.UtilsForceOpt:fmOptPSO_cust:197 -         PSO iteration: 22 ; 24 percentage similarities; Best obj: 0.10453
2026-09-08 10:51:05.292 | INFO     | myoconverter.optimization.utils.UtilsForceOpt:fmOptPSO_cust:197 -         PSO iteration: 23 ; 38 percentage similarities; Best obj: 0.10449
2026-09-08 10:51:05.595 | INFO     | myoconverter.optimization.utils.UtilsForceOpt:fmOptPSO_cust:197 -         PSO iteration: 24 ; 45 percentage similarities; Best obj: 0.10449
2026-09-08 10:51:05.876 | INFO     | myoconverter.optimization.utils.UtilsForceOpt:fmOptPSO_cust:197 -         PSO iteration: 25 ; 49 percentage similarities; Best obj: 0.10449
2026-09-08 10:51:06.129 | INFO     | myoconverter.optimization.utils.UtilsForceOpt:fmOptPSO_cust:197 -         PSO iteration: 26 ; 50 percentage similarities; Best obj: 0.10446
2026-09-08 10:51:06.129 | INFO     | myoconverter.optimization.utils.UtilsForceOpt:fmOptPSO_cust:205 -         Break the optimization, since certain number of similar particles reached
2026-09-08 10:51:06.291 | INFO     | myoconverter.conversion_steps.O2MStep3:optMuscleForce:293 - Muscle : bifemsh_l 
2026-09-08 10:51:18.650 | INFO     | myoconverter.optimization.utils.UtilsForceOpt:fmOptPSO_cust:197 -         PSO iteration: 0 ; 0 percentage similarities; Best obj: 0.06019
2026-09-08 10:51:18.919 | INFO     | myoconverter.optimization.utils.UtilsForceOpt:fmOptPSO_cust:197 -         PSO iteration: 1 ; 1 percentage similarities; Best obj: 0.06019
2026-09-08 10:51:19.212 | INFO     | myoconverter.optimization.utils.UtilsForceOpt:fmOptPSO_cust:197 -         PSO iteration: 2 ; 1 percentage similarities; Best obj: 0.04255
2026-09-08 10:51:19.507 | INFO     | myoconverter.optimization.utils.UtilsForceOpt:fmOptPSO_cust:197 -         PSO iteration: 3 ; 1 percentage similarities; Best obj: 0.03345
2026-09-08 10:51:19.817 | INFO     | myoconverter.optimization.utils.UtilsForceOpt:fmOptPSO_cust:197 -         PSO iteration: 4 ; 1 percentage similarities; Best obj: 0.03141
2026-09-08 10:51:20.111 | INFO     | myoconverter.optimization.utils.UtilsForceOpt:fmOptPSO_cust:197 -         PSO iteration: 5 ; 1 percentage similarities; Best obj: 0.03092
2026-09-08 10:51:20.355 | INFO     | myoconverter.optimization.utils.UtilsForceOpt:fmOptPSO_cust:197 -         PSO iteration: 6 ; 1 percentage similarities; Best obj: 0.02843
2026-09-08 10:51:20.626 | INFO     | myoconverter.optimization.utils.UtilsForceOpt:fmOptPSO_cust:197 -         PSO iteration: 7 ; 1 percentage similarities; Best obj: 0.02781
2026-09-08 10:51:20.887 | INFO     | myoconverter.optimization.utils.UtilsForceOpt:fmOptPSO_cust:197 -         PSO iteration: 8 ; 1 percentage similarities; Best obj: 0.02562
2026-09-08 10:51:21.176 | INFO     | myoconverter.optimization.utils.UtilsForceOpt:fmOptPSO_cust:197 -         PSO iteration: 9 ; 1 percentage similarities; Best obj: 0.02458
2026-09-08 10:51:21.456 | INFO     | myoconverter.optimization.utils.UtilsForceOpt:fmOptPSO_cust:197 -         PSO iteration: 10 ; 1 percentage similarities; Best obj: 0.02433
2026-09-08 10:51:21.782 | INFO     | myoconverter.optimization.utils.UtilsForceOpt:fmOptPSO_cust:197 -         PSO iteration: 11 ; 1 percentage similarities; Best obj: 0.02426
2026-09-08 10:51:22.064 | INFO     | myoconverter.optimization.utils.UtilsForceOpt:fmOptPSO_cust:197 -         PSO iteration: 12 ; 4 percentage similarities; Best obj: 0.02191
2026-09-08 10:51:22.325 | INFO     | myoconverter.optimization.utils.UtilsForceOpt:fmOptPSO_cust:197 -         PSO iteration: 13 ; 1 percentage similarities; Best obj: 0.02127
2026-09-08 10:51:22.597 | INFO     | myoconverter.optimization.utils.UtilsForceOpt:fmOptPSO_cust:197 -         PSO iteration: 14 ; 1 percentage similarities; Best obj: 0.02104
2026-09-08 10:51:22.911 | INFO     | myoconverter.optimization.utils.UtilsForceOpt:fmOptPSO_cust:197 -         PSO iteration: 15 ; 5 percentage similarities; Best obj: 0.01981
2026-09-08 10:51:23.152 | INFO     | myoconverter.optimization.utils.UtilsForceOpt:fmOptPSO_cust:197 -         PSO iteration: 16 ; 1 percentage similarities; Best obj: 0.01956
2026-09-08 10:51:23.398 | INFO     | myoconverter.optimization.utils.UtilsForceOpt:fmOptPSO_cust:197 -         PSO iteration: 17 ; 2 percentage similarities; Best obj: 0.01889
2026-09-08 10:51:23.623 | INFO     | myoconverter.optimization.utils.UtilsForceOpt:fmOptPSO_cust:197 -         PSO iteration: 18 ; 1 percentage similarities; Best obj: 0.0187
2026-09-08 10:51:23.844 | INFO     | myoconverter.optimization.utils.UtilsForceOpt:fmOptPSO_cust:197 -         PSO iteration: 19 ; 4 percentage similarities; Best obj: 0.01853
2026-09-08 10:51:24.055 | INFO     | myoconverter.optimization.utils.UtilsForceOpt:fmOptPSO_cust:197 -         PSO iteration: 20 ; 4 percentage similarities; Best obj: 0.0184
2026-09-08 10:51:24.306 | INFO     | myoconverter.optimization.utils.UtilsForceOpt:fmOptPSO_cust:197 -         PSO iteration: 21 ; 5 percentage similarities; Best obj: 0.01834
2026-09-08 10:51:24.574 | INFO     | myoconverter.optimization.utils.UtilsForceOpt:fmOptPSO_cust:197 -         PSO iteration: 22 ; 9 percentage similarities; Best obj: 0.0182
2026-09-08 10:51:24.833 | INFO     | myoconverter.optimization.utils.UtilsForceOpt:fmOptPSO_cust:197 -         PSO iteration: 23 ; 9 percentage similarities; Best obj: 0.01818
2026-09-08 10:51:25.078 | INFO     | myoconverter.optimization.utils.UtilsForceOpt:fmOptPSO_cust:197 -         PSO iteration: 24 ; 9 percentage similarities; Best obj: 0.01817
2026-09-08 10:51:25.310 | INFO     | myoconverter.optimization.utils.UtilsForceOpt:fmOptPSO_cust:197 -         PSO iteration: 25 ; 9 percentage similarities; Best obj: 0.01817
2026-09-08 10:51:25.522 | INFO     | myoconverter.optimization.utils.UtilsForceOpt:fmOptPSO_cust:197 -         PSO iteration: 26 ; 11 percentage similarities; Best obj: 0.01816
2026-09-08 10:51:25.744 | INFO     | myoconverter.optimization.utils.UtilsForceOpt:fmOptPSO_cust:197 -         PSO iteration: 27 ; 12 percentage similarities; Best obj: 0.01812
2026-09-08 10:51:26.065 | INFO     | myoconverter.optimization.utils.UtilsForceOpt:fmOptPSO_cust:197 -         PSO iteration: 28 ; 15 percentage similarities; Best obj: 0.0181
2026-09-08 10:51:26.364 | INFO     | myoconverter.optimization.utils.UtilsForceOpt:fmOptPSO_cust:197 -         PSO iteration: 29 ; 22 percentage similarities; Best obj: 0.01809
2026-09-08 10:51:26.614 | INFO     | myoconverter.optimization.utils.UtilsForceOpt:fmOptPSO_cust:197 -         PSO iteration: 30 ; 36 percentage similarities; Best obj: 0.01809
2026-09-08 10:51:26.614 | INFO     | myoconverter.optimization.utils.UtilsForceOpt:fmOptPSO_cust:205 -         Break the optimization, since certain number of similar particles reached
2026-09-08 10:51:26.794 | INFO     | myoconverter.conversion_steps.O2MStep3:optMuscleForce:293 - Muscle : sar_l 
2026-09-08 10:51:37.899 | INFO     | myoconverter.optimization.utils.UtilsForceOpt:fmOptPSO_cust:197 -         PSO iteration: 0 ; 0 percentage similarities; Best obj: 0.07737
2026-09-08 10:51:38.171 | INFO     | myoconverter.optimization.utils.UtilsForceOpt:fmOptPSO_cust:197 -         PSO iteration: 1 ; 1 percentage similarities; Best obj: 0.05841
2026-09-08 10:51:38.454 | INFO     | myoconverter.optimization.utils.UtilsForceOpt:fmOptPSO_cust:197 -         PSO iteration: 2 ; 1 percentage similarities; Best obj: 0.05841
2026-09-08 10:51:38.706 | INFO     | myoconverter.optimization.utils.UtilsForceOpt:fmOptPSO_cust:197 -         PSO iteration: 3 ; 1 percentage similarities; Best obj: 0.05841
2026-09-08 10:51:38.979 | INFO     | myoconverter.optimization.utils.UtilsForceOpt:fmOptPSO_cust:197 -         PSO iteration: 4 ; 1 percentage similarities; Best obj: 0.044
2026-09-08 10:51:39.219 | INFO     | myoconverter.optimization.utils.UtilsForceOpt:fmOptPSO_cust:197 -         PSO iteration: 5 ; 1 percentage similarities; Best obj: 0.044
2026-09-08 10:51:39.450 | INFO     | myoconverter.optimization.utils.UtilsForceOpt:fmOptPSO_cust:197 -         PSO iteration: 6 ; 1 percentage similarities; Best obj: 0.044
2026-09-08 10:51:39.693 | INFO     | myoconverter.optimization.utils.UtilsForceOpt:fmOptPSO_cust:197 -         PSO iteration: 7 ; 1 percentage similarities; Best obj: 0.04394
2026-09-08 10:51:39.993 | INFO     | myoconverter.optimization.utils.UtilsForceOpt:fmOptPSO_cust:197 -         PSO iteration: 8 ; 1 percentage similarities; Best obj: 0.03988
2026-09-08 10:51:40.295 | INFO     | myoconverter.optimization.utils.UtilsForceOpt:fmOptPSO_cust:197 -         PSO iteration: 9 ; 1 percentage similarities; Best obj: 0.03533
2026-09-08 10:51:40.557 | INFO     | myoconverter.optimization.utils.UtilsForceOpt:fmOptPSO_cust:197 -         PSO iteration: 10 ; 2 percentage similarities; Best obj: 0.03405
2026-09-08 10:51:40.830 | INFO     | myoconverter.optimization.utils.UtilsForceOpt:fmOptPSO_cust:197 -         PSO iteration: 11 ; 2 percentage similarities; Best obj: 0.03342
2026-09-08 10:51:41.131 | INFO     | myoconverter.optimization.utils.UtilsForceOpt:fmOptPSO_cust:197 -         PSO iteration: 12 ; 2 percentage similarities; Best obj: 0.03325
2026-09-08 10:51:41.442 | INFO     | myoconverter.optimization.utils.UtilsForceOpt:fmOptPSO_cust:197 -         PSO iteration: 13 ; 5 percentage similarities; Best obj: 0.0329
2026-09-08 10:51:41.748 | INFO     | myoconverter.optimization.utils.UtilsForceOpt:fmOptPSO_cust:197 -         PSO iteration: 14 ; 5 percentage similarities; Best obj: 0.0299
2026-09-08 10:51:42.064 | INFO     | myoconverter.optimization.utils.UtilsForceOpt:fmOptPSO_cust:197 -         PSO iteration: 15 ; 1 percentage similarities; Best obj: 0.02939
2026-09-08 10:51:42.353 | INFO     | myoconverter.optimization.utils.UtilsForceOpt:fmOptPSO_cust:197 -         PSO iteration: 16 ; 1 percentage similarities; Best obj: 0.02928
2026-09-08 10:51:42.675 | INFO     | myoconverter.optimization.utils.UtilsForceOpt:fmOptPSO_cust:197 -         PSO iteration: 17 ; 8 percentage similarities; Best obj: 0.02891
2026-09-08 10:51:42.968 | INFO     | myoconverter.optimization.utils.UtilsForceOpt:fmOptPSO_cust:197 -         PSO iteration: 18 ; 5 percentage similarities; Best obj: 0.02863
2026-09-08 10:51:43.250 | INFO     | myoconverter.optimization.utils.UtilsForceOpt:fmOptPSO_cust:197 -         PSO iteration: 19 ; 8 percentage similarities; Best obj: 0.02854
2026-09-08 10:51:43.563 | INFO     | myoconverter.optimization.utils.UtilsForceOpt:fmOptPSO_cust:197 -         PSO iteration: 20 ; 9 percentage similarities; Best obj: 0.02839
2026-09-08 10:51:43.858 | INFO     | myoconverter.optimization.utils.UtilsForceOpt:fmOptPSO_cust:197 -         PSO iteration: 21 ; 10 percentage similarities; Best obj: 0.02834
2026-09-08 10:51:44.226 | INFO     | myoconverter.optimization.utils.UtilsForceOpt:fmOptPSO_cust:197 -         PSO iteration: 22 ; 18 percentage similarities; Best obj: 0.02824
2026-09-08 10:51:44.516 | INFO     | myoconverter.optimization.utils.UtilsForceOpt:fmOptPSO_cust:197 -         PSO iteration: 23 ; 22 percentage similarities; Best obj: 0.02822
2026-09-08 10:51:44.757 | INFO     | myoconverter.optimization.utils.UtilsForceOpt:fmOptPSO_cust:197 -         PSO iteration: 24 ; 26 percentage similarities; Best obj: 0.02821
2026-09-08 10:51:45.041 | INFO     | myoconverter.optimization.utils.UtilsForceOpt:fmOptPSO_cust:197 -         PSO iteration: 25 ; 29 percentage similarities; Best obj: 0.02821
2026-09-08 10:51:45.353 | INFO     | myoconverter.optimization.utils.UtilsForceOpt:fmOptPSO_cust:197 -         PSO iteration: 26 ; 32 percentage similarities; Best obj: 0.02821
2026-09-08 10:51:45.636 | INFO     | myoconverter.optimization.utils.UtilsForceOpt:fmOptPSO_cust:197 -         PSO iteration: 27 ; 34 percentage similarities; Best obj: 0.02821
2026-09-08 10:51:45.916 | INFO     | myoconverter.optimization.utils.UtilsForceOpt:fmOptPSO_cust:197 -         PSO iteration: 28 ; 41 percentage similarities; Best obj: 0.02818
2026-09-08 10:51:46.158 | INFO     | myoconverter.optimization.utils.UtilsForceOpt:fmOptPSO_cust:197 -         PSO iteration: 29 ; 48 percentage similarities; Best obj: 0.02817
2026-09-08 10:51:46.158 | INFO     | myoconverter.optimization.utils.UtilsForceOpt:fmOptPSO_cust:205 -         Break the optimization, since certain number of similar particles reached
2026-09-08 10:51:46.279 | INFO     | myoconverter.conversion_steps.O2MStep3:optMuscleForce:293 - Muscle : add_long_l 
2026-09-08 10:51:57.464 | INFO     | myoconverter.optimization.utils.UtilsForceOpt:fmOptPSO_cust:197 -         PSO iteration: 0 ; 0 percentage similarities; Best obj: 0.08644
2026-09-08 10:51:57.631 | INFO     | myoconverter.optimization.utils.UtilsForceOpt:fmOptPSO_cust:197 -         PSO iteration: 1 ; 1 percentage similarities; Best obj: 0.08201
2026-09-08 10:51:57.802 | INFO     | myoconverter.optimization.utils.UtilsForceOpt:fmOptPSO_cust:197 -         PSO iteration: 2 ; 1 percentage similarities; Best obj: 0.05626
2026-09-08 10:51:58.002 | INFO     | myoconverter.optimization.utils.UtilsForceOpt:fmOptPSO_cust:197 -         PSO iteration: 3 ; 1 percentage similarities; Best obj: 0.05082
2026-09-08 10:51:58.175 | INFO     | myoconverter.optimization.utils.UtilsForceOpt:fmOptPSO_cust:197 -         PSO iteration: 4 ; 1 percentage similarities; Best obj: 0.04956
2026-09-08 10:51:58.320 | INFO     | myoconverter.optimization.utils.UtilsForceOpt:fmOptPSO_cust:197 -         PSO iteration: 5 ; 1 percentage similarities; Best obj: 0.04926
2026-09-08 10:51:58.478 | INFO     | myoconverter.optimization.utils.UtilsForceOpt:fmOptPSO_cust:197 -         PSO iteration: 6 ; 1 percentage similarities; Best obj: 0.04475
2026-09-08 10:51:58.629 | INFO     | myoconverter.optimization.utils.UtilsForceOpt:fmOptPSO_cust:197 -         PSO iteration: 7 ; 1 percentage similarities; Best obj: 0.04362
2026-09-08 10:51:58.848 | INFO     | myoconverter.optimization.utils.UtilsForceOpt:fmOptPSO_cust:197 -         PSO iteration: 8 ; 1 percentage similarities; Best obj: 0.04338
2026-09-08 10:51:59.061 | INFO     | myoconverter.optimization.utils.UtilsForceOpt:fmOptPSO_cust:197 -         PSO iteration: 9 ; 2 percentage similarities; Best obj: 0.04273
2026-09-08 10:51:59.247 | INFO     | myoconverter.optimization.utils.UtilsForceOpt:fmOptPSO_cust:197 -         PSO iteration: 10 ; 1 percentage similarities; Best obj: 0.04244
2026-09-08 10:51:59.421 | INFO     | myoconverter.optimization.utils.UtilsForceOpt:fmOptPSO_cust:197 -         PSO iteration: 11 ; 2 percentage similarities; Best obj: 0.03827
2026-09-08 10:51:59.618 | INFO     | myoconverter.optimization.utils.UtilsForceOpt:fmOptPSO_cust:197 -         PSO iteration: 12 ; 2 percentage similarities; Best obj: 0.03705
2026-09-08 10:51:59.808 | INFO     | myoconverter.optimization.utils.UtilsForceOpt:fmOptPSO_cust:197 -         PSO iteration: 13 ; 1 percentage similarities; Best obj: 0.03629
2026-09-08 10:51:59.980 | INFO     | myoconverter.optimization.utils.UtilsForceOpt:fmOptPSO_cust:197 -         PSO iteration: 14 ; 1 percentage similarities; Best obj: 0.03584
2026-09-08 10:52:00.137 | INFO     | myoconverter.optimization.utils.UtilsForceOpt:fmOptPSO_cust:197 -         PSO iteration: 15 ; 2 percentage similarities; Best obj: 0.03426
2026-09-08 10:52:00.282 | INFO     | myoconverter.optimization.utils.UtilsForceOpt:fmOptPSO_cust:197 -         PSO iteration: 16 ; 1 percentage similarities; Best obj: 0.03318
2026-09-08 10:52:00.472 | INFO     | myoconverter.optimization.utils.UtilsForceOpt:fmOptPSO_cust:197 -         PSO iteration: 17 ; 2 percentage similarities; Best obj: 0.0327
2026-09-08 10:52:00.679 | INFO     | myoconverter.optimization.utils.UtilsForceOpt:fmOptPSO_cust:197 -         PSO iteration: 18 ; 4 percentage similarities; Best obj: 0.03224
2026-09-08 10:52:00.895 | INFO     | myoconverter.optimization.utils.UtilsForceOpt:fmOptPSO_cust:197 -         PSO iteration: 19 ; 1 percentage similarities; Best obj: 0.0319
2026-09-08 10:52:01.086 | INFO     | myoconverter.optimization.utils.UtilsForceOpt:fmOptPSO_cust:197 -         PSO iteration: 20 ; 4 percentage similarities; Best obj: 0.03167
2026-09-08 10:52:01.276 | INFO     | myoconverter.optimization.utils.UtilsForceOpt:fmOptPSO_cust:197 -         PSO iteration: 21 ; 4 percentage similarities; Best obj: 0.03155
2026-09-08 10:52:01.469 | INFO     | myoconverter.optimization.utils.UtilsForceOpt:fmOptPSO_cust:197 -         PSO iteration: 22 ; 4 percentage similarities; Best obj: 0.03148
2026-09-08 10:52:01.644 | INFO     | myoconverter.optimization.utils.UtilsForceOpt:fmOptPSO_cust:197 -         PSO iteration: 23 ; 5 percentage similarities; Best obj: 0.03144
2026-09-08 10:52:01.801 | INFO     | myoconverter.optimization.utils.UtilsForceOpt:fmOptPSO_cust:197 -         PSO iteration: 24 ; 5 percentage similarities; Best obj: 0.03133
2026-09-08 10:52:01.963 | INFO     | myoconverter.optimization.utils.UtilsForceOpt:fmOptPSO_cust:197 -         PSO iteration: 25 ; 5 percentage similarities; Best obj: 0.03131
2026-09-08 10:52:02.132 | INFO     | myoconverter.optimization.utils.UtilsForceOpt:fmOptPSO_cust:197 -         PSO iteration: 26 ; 8 percentage similarities; Best obj: 0.0313
2026-09-08 10:52:02.327 | INFO     | myoconverter.optimization.utils.UtilsForceOpt:fmOptPSO_cust:197 -         PSO iteration: 27 ; 8 percentage similarities; Best obj: 0.03129
2026-09-08 10:52:02.541 | INFO     | myoconverter.optimization.utils.UtilsForceOpt:fmOptPSO_cust:197 -         PSO iteration: 28 ; 8 percentage similarities; Best obj: 0.03123
2026-09-08 10:52:02.740 | INFO     | myoconverter.optimization.utils.UtilsForceOpt:fmOptPSO_cust:197 -         PSO iteration: 29 ; 12 percentage similarities; Best obj: 0.03122
2026-09-08 10:52:02.902 | INFO     | myoconverter.optimization.utils.UtilsForceOpt:fmOptPSO_cust:197 -         PSO iteration: 30 ; 18 percentage similarities; Best obj: 0.03122
2026-09-08 10:52:03.118 | INFO     | myoconverter.optimization.utils.UtilsForceOpt:fmOptPSO_cust:197 -         PSO iteration: 31 ; 24 percentage similarities; Best obj: 0.03121
2026-09-08 10:52:03.291 | INFO     | myoconverter.optimization.utils.UtilsForceOpt:fmOptPSO_cust:197 -         PSO iteration: 32 ; 36 percentage similarities; Best obj: 0.03121
2026-09-08 10:52:03.462 | INFO     | myoconverter.optimization.utils.UtilsForceOpt:fmOptPSO_cust:197 -         PSO iteration: 33 ; 50 percentage similarities; Best obj: 0.03121
2026-09-08 10:52:03.462 | INFO     | myoconverter.optimization.utils.UtilsForceOpt:fmOptPSO_cust:205 -         Break the optimization, since certain number of similar particles reached
2026-09-08 10:52:03.613 | INFO     | myoconverter.conversion_steps.O2MStep3:optMuscleForce:293 - Muscle : add_brev_l 
2026-09-08 10:52:15.331 | INFO     | myoconverter.optimization.utils.UtilsForceOpt:fmOptPSO_cust:197 -         PSO iteration: 0 ; 0 percentage similarities; Best obj: 0.09565
2026-09-08 10:52:15.493 | INFO     | myoconverter.optimization.utils.UtilsForceOpt:fmOptPSO_cust:197 -         PSO iteration: 1 ; 1 percentage similarities; Best obj: 0.08101
2026-09-08 10:52:15.656 | INFO     | myoconverter.optimization.utils.UtilsForceOpt:fmOptPSO_cust:197 -         PSO iteration: 2 ; 1 percentage similarities; Best obj: 0.08101
2026-09-08 10:52:15.805 | INFO     | myoconverter.optimization.utils.UtilsForceOpt:fmOptPSO_cust:197 -         PSO iteration: 3 ; 1 percentage similarities; Best obj: 0.06656
2026-09-08 10:52:16.011 | INFO     | myoconverter.optimization.utils.UtilsForceOpt:fmOptPSO_cust:197 -         PSO iteration: 4 ; 1 percentage similarities; Best obj: 0.06288
2026-09-08 10:52:16.225 | INFO     | myoconverter.optimization.utils.UtilsForceOpt:fmOptPSO_cust:197 -         PSO iteration: 5 ; 1 percentage similarities; Best obj: 0.06203
2026-09-08 10:52:16.437 | INFO     | myoconverter.optimization.utils.UtilsForceOpt:fmOptPSO_cust:197 -         PSO iteration: 6 ; 1 percentage similarities; Best obj: 0.05772
2026-09-08 10:52:16.617 | INFO     | myoconverter.optimization.utils.UtilsForceOpt:fmOptPSO_cust:197 -         PSO iteration: 7 ; 1 percentage similarities; Best obj: 0.05609
2026-09-08 10:52:16.820 | INFO     | myoconverter.optimization.utils.UtilsForceOpt:fmOptPSO_cust:197 -         PSO iteration: 8 ; 2 percentage similarities; Best obj: 0.048
2026-09-08 10:52:17.011 | INFO     | myoconverter.optimization.utils.UtilsForceOpt:fmOptPSO_cust:197 -         PSO iteration: 9 ; 1 percentage similarities; Best obj: 0.0418
2026-09-08 10:52:17.182 | INFO     | myoconverter.optimization.utils.UtilsForceOpt:fmOptPSO_cust:197 -         PSO iteration: 10 ; 1 percentage similarities; Best obj: 0.04003
2026-09-08 10:52:17.350 | INFO     | myoconverter.optimization.utils.UtilsForceOpt:fmOptPSO_cust:197 -         PSO iteration: 11 ; 2 percentage similarities; Best obj: 0.03698
2026-09-08 10:52:17.505 | INFO     | myoconverter.optimization.utils.UtilsForceOpt:fmOptPSO_cust:197 -         PSO iteration: 12 ; 1 percentage similarities; Best obj: 0.03584
2026-09-08 10:52:17.707 | INFO     | myoconverter.optimization.utils.UtilsForceOpt:fmOptPSO_cust:197 -         PSO iteration: 13 ; 1 percentage similarities; Best obj: 0.03479
2026-09-08 10:52:17.929 | INFO     | myoconverter.optimization.utils.UtilsForceOpt:fmOptPSO_cust:197 -         PSO iteration: 14 ; 1 percentage similarities; Best obj: 0.03441
2026-09-08 10:52:18.145 | INFO     | myoconverter.optimization.utils.UtilsForceOpt:fmOptPSO_cust:197 -         PSO iteration: 15 ; 4 percentage similarities; Best obj: 0.03412
2026-09-08 10:52:18.321 | INFO     | myoconverter.optimization.utils.UtilsForceOpt:fmOptPSO_cust:197 -         PSO iteration: 16 ; 4 percentage similarities; Best obj: 0.03286
2026-09-08 10:52:18.512 | INFO     | myoconverter.optimization.utils.UtilsForceOpt:fmOptPSO_cust:197 -         PSO iteration: 17 ; 2 percentage similarities; Best obj: 0.03267
2026-09-08 10:52:18.694 | INFO     | myoconverter.optimization.utils.UtilsForceOpt:fmOptPSO_cust:197 -         PSO iteration: 18 ; 2 percentage similarities; Best obj: 0.03254
2026-09-08 10:52:18.876 | INFO     | myoconverter.optimization.utils.UtilsForceOpt:fmOptPSO_cust:197 -         PSO iteration: 19 ; 4 percentage similarities; Best obj: 0.03236
2026-09-08 10:52:19.046 | INFO     | myoconverter.optimization.utils.UtilsForceOpt:fmOptPSO_cust:197 -         PSO iteration: 20 ; 4 percentage similarities; Best obj: 0.0323
2026-09-08 10:52:19.211 | INFO     | myoconverter.optimization.utils.UtilsForceOpt:fmOptPSO_cust:197 -         PSO iteration: 21 ; 4 percentage similarities; Best obj: 0.03219
2026-09-08 10:52:19.398 | INFO     | myoconverter.optimization.utils.UtilsForceOpt:fmOptPSO_cust:197 -         PSO iteration: 22 ; 6 percentage similarities; Best obj: 0.03215
2026-09-08 10:52:19.590 | INFO     | myoconverter.optimization.utils.UtilsForceOpt:fmOptPSO_cust:197 -         PSO iteration: 23 ; 9 percentage similarities; Best obj: 0.03207
2026-09-08 10:52:19.800 | INFO     | myoconverter.optimization.utils.UtilsForceOpt:fmOptPSO_cust:197 -         PSO iteration: 24 ; 12 percentage similarities; Best obj: 0.03204
2026-09-08 10:52:19.972 | INFO     | myoconverter.optimization.utils.UtilsForceOpt:fmOptPSO_cust:197 -         PSO iteration: 25 ; 18 percentage similarities; Best obj: 0.03202
2026-09-08 10:52:20.154 | INFO     | myoconverter.optimization.utils.UtilsForceOpt:fmOptPSO_cust:197 -         PSO iteration: 26 ; 20 percentage similarities; Best obj: 0.03199
2026-09-08 10:52:20.345 | INFO     | myoconverter.optimization.utils.UtilsForceOpt:fmOptPSO_cust:197 -         PSO iteration: 27 ; 28 percentage similarities; Best obj: 0.03198
2026-09-08 10:52:20.506 | INFO     | myoconverter.optimization.utils.UtilsForceOpt:fmOptPSO_cust:197 -         PSO iteration: 28 ; 32 percentage similarities; Best obj: 0.03197
2026-09-08 10:52:20.668 | INFO     | myoconverter.optimization.utils.UtilsForceOpt:fmOptPSO_cust:197 -         PSO iteration: 29 ; 45 percentage similarities; Best obj: 0.03196
2026-09-08 10:52:20.668 | INFO     | myoconverter.optimization.utils.UtilsForceOpt:fmOptPSO_cust:205 -         Break the optimization, since certain number of similar particles reached
2026-09-08 10:52:20.799 | INFO     | myoconverter.conversion_steps.O2MStep3:optMuscleForce:293 - Muscle : add_mag1_l 
2026-09-08 10:52:32.682 | INFO     | myoconverter.optimization.utils.UtilsForceOpt:fmOptPSO_cust:197 -         PSO iteration: 0 ; 0 percentage similarities; Best obj: 0.12735
2026-09-08 10:52:32.833 | INFO     | myoconverter.optimization.utils.UtilsForceOpt:fmOptPSO_cust:197 -         PSO iteration: 1 ; 1 percentage similarities; Best obj: 0.11358
2026-09-08 10:52:32.973 | INFO     | myoconverter.optimization.utils.UtilsForceOpt:fmOptPSO_cust:197 -         PSO iteration: 2 ; 1 percentage similarities; Best obj: 0.11358
2026-09-08 10:52:33.166 | INFO     | myoconverter.optimization.utils.UtilsForceOpt:fmOptPSO_cust:197 -         PSO iteration: 3 ; 1 percentage similarities; Best obj: 0.11358
2026-09-08 10:52:33.384 | INFO     | myoconverter.optimization.utils.UtilsForceOpt:fmOptPSO_cust:197 -         PSO iteration: 4 ; 1 percentage similarities; Best obj: 0.10177
2026-09-08 10:52:33.627 | INFO     | myoconverter.optimization.utils.UtilsForceOpt:fmOptPSO_cust:197 -         PSO iteration: 5 ; 1 percentage similarities; Best obj: 0.09298
2026-09-08 10:52:33.807 | INFO     | myoconverter.optimization.utils.UtilsForceOpt:fmOptPSO_cust:197 -         PSO iteration: 6 ; 1 percentage similarities; Best obj: 0.09029
2026-09-08 10:52:33.979 | INFO     | myoconverter.optimization.utils.UtilsForceOpt:fmOptPSO_cust:197 -         PSO iteration: 7 ; 1 percentage similarities; Best obj: 0.08634
2026-09-08 10:52:34.162 | INFO     | myoconverter.optimization.utils.UtilsForceOpt:fmOptPSO_cust:197 -         PSO iteration: 8 ; 1 percentage similarities; Best obj: 0.08284
2026-09-08 10:52:34.321 | INFO     | myoconverter.optimization.utils.UtilsForceOpt:fmOptPSO_cust:197 -         PSO iteration: 9 ; 2 percentage similarities; Best obj: 0.07837
2026-09-08 10:52:34.472 | INFO     | myoconverter.optimization.utils.UtilsForceOpt:fmOptPSO_cust:197 -         PSO iteration: 10 ; 1 percentage similarities; Best obj: 0.07655
2026-09-08 10:52:34.624 | INFO     | myoconverter.optimization.utils.UtilsForceOpt:fmOptPSO_cust:197 -         PSO iteration: 11 ; 1 percentage similarities; Best obj: 0.07461
2026-09-08 10:52:34.784 | INFO     | myoconverter.optimization.utils.UtilsForceOpt:fmOptPSO_cust:197 -         PSO iteration: 12 ; 1 percentage similarities; Best obj: 0.07378
2026-09-08 10:52:34.974 | INFO     | myoconverter.optimization.utils.UtilsForceOpt:fmOptPSO_cust:197 -         PSO iteration: 13 ; 4 percentage similarities; Best obj: 0.07059
2026-09-08 10:52:35.170 | INFO     | myoconverter.optimization.utils.UtilsForceOpt:fmOptPSO_cust:197 -         PSO iteration: 14 ; 1 percentage similarities; Best obj: 0.06992
2026-09-08 10:52:35.371 | INFO     | myoconverter.optimization.utils.UtilsForceOpt:fmOptPSO_cust:197 -         PSO iteration: 15 ; 1 percentage similarities; Best obj: 0.06977
2026-09-08 10:52:35.532 | INFO     | myoconverter.optimization.utils.UtilsForceOpt:fmOptPSO_cust:197 -         PSO iteration: 16 ; 1 percentage similarities; Best obj: 0.06866
2026-09-08 10:52:35.706 | INFO     | myoconverter.optimization.utils.UtilsForceOpt:fmOptPSO_cust:197 -         PSO iteration: 17 ; 1 percentage similarities; Best obj: 0.06821
2026-09-08 10:52:35.870 | INFO     | myoconverter.optimization.utils.UtilsForceOpt:fmOptPSO_cust:197 -         PSO iteration: 18 ; 1 percentage similarities; Best obj: 0.06812
2026-09-08 10:52:36.031 | INFO     | myoconverter.optimization.utils.UtilsForceOpt:fmOptPSO_cust:197 -         PSO iteration: 19 ; 2 percentage similarities; Best obj: 0.06809
2026-09-08 10:52:36.183 | INFO     | myoconverter.optimization.utils.UtilsForceOpt:fmOptPSO_cust:197 -         PSO iteration: 20 ; 2 percentage similarities; Best obj: 0.06794
2026-09-08 10:52:36.333 | INFO     | myoconverter.optimization.utils.UtilsForceOpt:fmOptPSO_cust:197 -         PSO iteration: 21 ; 2 percentage similarities; Best obj: 0.06761
2026-09-08 10:52:36.494 | INFO     | myoconverter.optimization.utils.UtilsForceOpt:fmOptPSO_cust:197 -         PSO iteration: 22 ; 4 percentage similarities; Best obj: 0.06753
2026-09-08 10:52:36.693 | INFO     | myoconverter.optimization.utils.UtilsForceOpt:fmOptPSO_cust:197 -         PSO iteration: 23 ; 5 percentage similarities; Best obj: 0.06751
2026-09-08 10:52:36.890 | INFO     | myoconverter.optimization.utils.UtilsForceOpt:fmOptPSO_cust:197 -         PSO iteration: 24 ; 5 percentage similarities; Best obj: 0.0675
2026-09-08 10:52:37.090 | INFO     | myoconverter.optimization.utils.UtilsForceOpt:fmOptPSO_cust:197 -         PSO iteration: 25 ; 5 percentage similarities; Best obj: 0.06742
2026-09-08 10:52:37.241 | INFO     | myoconverter.optimization.utils.UtilsForceOpt:fmOptPSO_cust:197 -         PSO iteration: 26 ; 8 percentage similarities; Best obj: 0.06739
2026-09-08 10:52:37.434 | INFO     | myoconverter.optimization.utils.UtilsForceOpt:fmOptPSO_cust:197 -         PSO iteration: 27 ; 11 percentage similarities; Best obj: 0.06738
2026-09-08 10:52:37.615 | INFO     | myoconverter.optimization.utils.UtilsForceOpt:fmOptPSO_cust:197 -         PSO iteration: 28 ; 15 percentage similarities; Best obj: 0.06736
2026-09-08 10:52:37.778 | INFO     | myoconverter.optimization.utils.UtilsForceOpt:fmOptPSO_cust:197 -         PSO iteration: 29 ; 34 percentage similarities; Best obj: 0.06735
2026-09-08 10:52:37.927 | INFO     | myoconverter.optimization.utils.UtilsForceOpt:fmOptPSO_cust:197 -         PSO iteration: 30 ; 39 percentage similarities; Best obj: 0.06734
2026-09-08 10:52:37.927 | INFO     | myoconverter.optimization.utils.UtilsForceOpt:fmOptPSO_cust:205 -         Break the optimization, since certain number of similar particles reached
2026-09-08 10:52:38.088 | INFO     | myoconverter.conversion_steps.O2MStep3:optMuscleForce:293 - Muscle : add_mag2_l 
2026-09-08 10:52:49.699 | INFO     | myoconverter.optimization.utils.UtilsForceOpt:fmOptPSO_cust:197 -         PSO iteration: 0 ; 0 percentage similarities; Best obj: 0.10596
2026-09-08 10:52:49.861 | INFO     | myoconverter.optimization.utils.UtilsForceOpt:fmOptPSO_cust:197 -         PSO iteration: 1 ; 1 percentage similarities; Best obj: 0.05509
2026-09-08 10:52:50.011 | INFO     | myoconverter.optimization.utils.UtilsForceOpt:fmOptPSO_cust:197 -         PSO iteration: 2 ; 1 percentage similarities; Best obj: 0.0463
2026-09-08 10:52:50.162 | INFO     | myoconverter.optimization.utils.UtilsForceOpt:fmOptPSO_cust:197 -         PSO iteration: 3 ; 1 percentage similarities; Best obj: 0.0463
2026-09-08 10:52:50.349 | INFO     | myoconverter.optimization.utils.UtilsForceOpt:fmOptPSO_cust:197 -         PSO iteration: 4 ; 1 percentage similarities; Best obj: 0.0463
2026-09-08 10:52:50.546 | INFO     | myoconverter.optimization.utils.UtilsForceOpt:fmOptPSO_cust:197 -         PSO iteration: 5 ; 1 percentage similarities; Best obj: 0.0463
2026-09-08 10:52:50.766 | INFO     | myoconverter.optimization.utils.UtilsForceOpt:fmOptPSO_cust:197 -         PSO iteration: 6 ; 1 percentage similarities; Best obj: 0.04347
2026-09-08 10:52:50.938 | INFO     | myoconverter.optimization.utils.UtilsForceOpt:fmOptPSO_cust:197 -         PSO iteration: 7 ; 1 percentage similarities; Best obj: 0.04163
2026-09-08 10:52:51.110 | INFO     | myoconverter.optimization.utils.UtilsForceOpt:fmOptPSO_cust:197 -         PSO iteration: 8 ; 1 percentage similarities; Best obj: 0.03892
2026-09-08 10:52:51.301 | INFO     | myoconverter.optimization.utils.UtilsForceOpt:fmOptPSO_cust:197 -         PSO iteration: 9 ; 2 percentage similarities; Best obj: 0.03703
2026-09-08 10:52:51.461 | INFO     | myoconverter.optimization.utils.UtilsForceOpt:fmOptPSO_cust:197 -         PSO iteration: 10 ; 1 percentage similarities; Best obj: 0.03663
2026-09-08 10:52:51.623 | INFO     | myoconverter.optimization.utils.UtilsForceOpt:fmOptPSO_cust:197 -         PSO iteration: 11 ; 1 percentage similarities; Best obj: 0.03634
2026-09-08 10:52:51.775 | INFO     | myoconverter.optimization.utils.UtilsForceOpt:fmOptPSO_cust:197 -         PSO iteration: 12 ; 4 percentage similarities; Best obj: 0.03608
2026-09-08 10:52:51.916 | INFO     | myoconverter.optimization.utils.UtilsForceOpt:fmOptPSO_cust:197 -         PSO iteration: 13 ; 4 percentage similarities; Best obj: 0.03602
2026-09-08 10:52:52.101 | INFO     | myoconverter.optimization.utils.UtilsForceOpt:fmOptPSO_cust:197 -         PSO iteration: 14 ; 4 percentage similarities; Best obj: 0.03559
2026-09-08 10:52:52.298 | INFO     | myoconverter.optimization.utils.UtilsForceOpt:fmOptPSO_cust:197 -         PSO iteration: 15 ; 2 percentage similarities; Best obj: 0.0355
2026-09-08 10:52:52.510 | INFO     | myoconverter.optimization.utils.UtilsForceOpt:fmOptPSO_cust:197 -         PSO iteration: 16 ; 5 percentage similarities; Best obj: 0.03547
2026-09-08 10:52:52.682 | INFO     | myoconverter.optimization.utils.UtilsForceOpt:fmOptPSO_cust:197 -         PSO iteration: 17 ; 11 percentage similarities; Best obj: 0.03537
2026-09-08 10:52:52.871 | INFO     | myoconverter.optimization.utils.UtilsForceOpt:fmOptPSO_cust:197 -         PSO iteration: 18 ; 11 percentage similarities; Best obj: 0.03533
2026-09-08 10:52:53.072 | INFO     | myoconverter.optimization.utils.UtilsForceOpt:fmOptPSO_cust:197 -         PSO iteration: 19 ; 14 percentage similarities; Best obj: 0.03531
2026-09-08 10:52:53.237 | INFO     | myoconverter.optimization.utils.UtilsForceOpt:fmOptPSO_cust:197 -         PSO iteration: 20 ; 16 percentage similarities; Best obj: 0.03524
2026-09-08 10:52:53.398 | INFO     | myoconverter.optimization.utils.UtilsForceOpt:fmOptPSO_cust:197 -         PSO iteration: 21 ; 18 percentage similarities; Best obj: 0.0352
2026-09-08 10:52:53.549 | INFO     | myoconverter.optimization.utils.UtilsForceOpt:fmOptPSO_cust:197 -         PSO iteration: 22 ; 22 percentage similarities; Best obj: 0.03515
2026-09-08 10:52:53.741 | INFO     | myoconverter.optimization.utils.UtilsForceOpt:fmOptPSO_cust:197 -         PSO iteration: 23 ; 34 percentage similarities; Best obj: 0.03514
2026-09-08 10:52:53.932 | INFO     | myoconverter.optimization.utils.UtilsForceOpt:fmOptPSO_cust:197 -         PSO iteration: 24 ; 38 percentage similarities; Best obj: 0.03512
2026-09-08 10:52:54.154 | INFO     | myoconverter.optimization.utils.UtilsForceOpt:fmOptPSO_cust:197 -         PSO iteration: 25 ; 41 percentage similarities; Best obj: 0.03511
2026-09-08 10:52:54.154 | INFO     | myoconverter.optimization.utils.UtilsForceOpt:fmOptPSO_cust:205 -         Break the optimization, since certain number of similar particles reached
2026-09-08 10:52:54.325 | INFO     | myoconverter.conversion_steps.O2MStep3:optMuscleForce:293 - Muscle : add_mag3_l 
2026-09-08 10:53:06.119 | INFO     | myoconverter.optimization.utils.UtilsForceOpt:fmOptPSO_cust:197 -         PSO iteration: 0 ; 0 percentage similarities; Best obj: 0.09678
2026-09-08 10:53:06.305 | INFO     | myoconverter.optimization.utils.UtilsForceOpt:fmOptPSO_cust:197 -         PSO iteration: 1 ; 1 percentage similarities; Best obj: 0.09678
2026-09-08 10:53:06.487 | INFO     | myoconverter.optimization.utils.UtilsForceOpt:fmOptPSO_cust:197 -         PSO iteration: 2 ; 1 percentage similarities; Best obj: 0.08059
2026-09-08 10:53:06.685 | INFO     | myoconverter.optimization.utils.UtilsForceOpt:fmOptPSO_cust:197 -         PSO iteration: 3 ; 1 percentage similarities; Best obj: 0.06634
2026-09-08 10:53:06.855 | INFO     | myoconverter.optimization.utils.UtilsForceOpt:fmOptPSO_cust:197 -         PSO iteration: 4 ; 1 percentage similarities; Best obj: 0.06368
2026-09-08 10:53:07.032 | INFO     | myoconverter.optimization.utils.UtilsForceOpt:fmOptPSO_cust:197 -         PSO iteration: 5 ; 1 percentage similarities; Best obj: 0.06308
2026-09-08 10:53:07.196 | INFO     | myoconverter.optimization.utils.UtilsForceOpt:fmOptPSO_cust:197 -         PSO iteration: 6 ; 1 percentage similarities; Best obj: 0.06293
2026-09-08 10:53:07.348 | INFO     | myoconverter.optimization.utils.UtilsForceOpt:fmOptPSO_cust:197 -         PSO iteration: 7 ; 1 percentage similarities; Best obj: 0.0629
2026-09-08 10:53:07.537 | INFO     | myoconverter.optimization.utils.UtilsForceOpt:fmOptPSO_cust:197 -         PSO iteration: 8 ; 1 percentage similarities; Best obj: 0.06279
2026-09-08 10:53:07.748 | INFO     | myoconverter.optimization.utils.UtilsForceOpt:fmOptPSO_cust:197 -         PSO iteration: 9 ; 2 percentage similarities; Best obj: 0.05879
2026-09-08 10:53:07.964 | INFO     | myoconverter.optimization.utils.UtilsForceOpt:fmOptPSO_cust:197 -         PSO iteration: 10 ; 1 percentage similarities; Best obj: 0.05655
2026-09-08 10:53:08.144 | INFO     | myoconverter.optimization.utils.UtilsForceOpt:fmOptPSO_cust:197 -         PSO iteration: 11 ; 1 percentage similarities; Best obj: 0.05543
2026-09-08 10:53:08.347 | INFO     | myoconverter.optimization.utils.UtilsForceOpt:fmOptPSO_cust:197 -         PSO iteration: 12 ; 1 percentage similarities; Best obj: 0.04722
2026-09-08 10:53:08.552 | INFO     | myoconverter.optimization.utils.UtilsForceOpt:fmOptPSO_cust:197 -         PSO iteration: 13 ; 1 percentage similarities; Best obj: 0.04426
2026-09-08 10:53:08.793 | INFO     | myoconverter.optimization.utils.UtilsForceOpt:fmOptPSO_cust:197 -         PSO iteration: 14 ; 1 percentage similarities; Best obj: 0.04323
2026-09-08 10:53:08.974 | INFO     | myoconverter.optimization.utils.UtilsForceOpt:fmOptPSO_cust:197 -         PSO iteration: 15 ; 4 percentage similarities; Best obj: 0.04056
2026-09-08 10:53:09.156 | INFO     | myoconverter.optimization.utils.UtilsForceOpt:fmOptPSO_cust:197 -         PSO iteration: 16 ; 2 percentage similarities; Best obj: 0.03283
2026-09-08 10:53:09.365 | INFO     | myoconverter.optimization.utils.UtilsForceOpt:fmOptPSO_cust:197 -         PSO iteration: 17 ; 1 percentage similarities; Best obj: 0.03096
2026-09-08 10:53:09.580 | INFO     | myoconverter.optimization.utils.UtilsForceOpt:fmOptPSO_cust:197 -         PSO iteration: 18 ; 1 percentage similarities; Best obj: 0.03056
2026-09-08 10:53:09.787 | INFO     | myoconverter.optimization.utils.UtilsForceOpt:fmOptPSO_cust:197 -         PSO iteration: 19 ; 4 percentage similarities; Best obj: 0.0297
2026-09-08 10:53:09.948 | INFO     | myoconverter.optimization.utils.UtilsForceOpt:fmOptPSO_cust:197 -         PSO iteration: 20 ; 1 percentage similarities; Best obj: 0.02944
2026-09-08 10:53:10.148 | INFO     | myoconverter.optimization.utils.UtilsForceOpt:fmOptPSO_cust:197 -         PSO iteration: 21 ; 1 percentage similarities; Best obj: 0.02937
2026-09-08 10:53:10.317 | INFO     | myoconverter.optimization.utils.UtilsForceOpt:fmOptPSO_cust:197 -         PSO iteration: 22 ; 1 percentage similarities; Best obj: 0.02904
2026-09-08 10:53:10.478 | INFO     | myoconverter.optimization.utils.UtilsForceOpt:fmOptPSO_cust:197 -         PSO iteration: 23 ; 4 percentage similarities; Best obj: 0.02883
2026-09-08 10:53:10.640 | INFO     | myoconverter.optimization.utils.UtilsForceOpt:fmOptPSO_cust:197 -         PSO iteration: 24 ; 6 percentage similarities; Best obj: 0.02868
2026-09-08 10:53:10.792 | INFO     | myoconverter.optimization.utils.UtilsForceOpt:fmOptPSO_cust:197 -         PSO iteration: 25 ; 8 percentage similarities; Best obj: 0.0284
2026-09-08 10:53:10.992 | INFO     | myoconverter.optimization.utils.UtilsForceOpt:fmOptPSO_cust:197 -         PSO iteration: 26 ; 5 percentage similarities; Best obj: 0.02834
2026-09-08 10:53:11.205 | INFO     | myoconverter.optimization.utils.UtilsForceOpt:fmOptPSO_cust:197 -         PSO iteration: 27 ; 10 percentage similarities; Best obj: 0.02826
2026-09-08 10:53:11.434 | INFO     | myoconverter.optimization.utils.UtilsForceOpt:fmOptPSO_cust:197 -         PSO iteration: 28 ; 14 percentage similarities; Best obj: 0.02824
2026-09-08 10:53:11.609 | INFO     | myoconverter.optimization.utils.UtilsForceOpt:fmOptPSO_cust:197 -         PSO iteration: 29 ; 16 percentage similarities; Best obj: 0.02823
2026-09-08 10:53:11.780 | INFO     | myoconverter.optimization.utils.UtilsForceOpt:fmOptPSO_cust:197 -         PSO iteration: 30 ; 21 percentage similarities; Best obj: 0.02821
2026-09-08 10:53:11.961 | INFO     | myoconverter.optimization.utils.UtilsForceOpt:fmOptPSO_cust:197 -         PSO iteration: 31 ; 34 percentage similarities; Best obj: 0.0282
2026-09-08 10:53:11.961 | INFO     | myoconverter.optimization.utils.UtilsForceOpt:fmOptPSO_cust:205 -         Break the optimization, since certain number of similar particles reached
2026-09-08 10:53:12.123 | INFO     | myoconverter.conversion_steps.O2MStep3:optMuscleForce:293 - Muscle : tfl_l 
2026-09-08 10:53:23.580 | INFO     | myoconverter.optimization.utils.UtilsForceOpt:fmOptPSO_cust:197 -         PSO iteration: 0 ; 0 percentage similarities; Best obj: 0.19819
2026-09-08 10:53:23.855 | INFO     | myoconverter.optimization.utils.UtilsForceOpt:fmOptPSO_cust:197 -         PSO iteration: 1 ; 1 percentage similarities; Best obj: 0.10611
2026-09-08 10:53:24.133 | INFO     | myoconverter.optimization.utils.UtilsForceOpt:fmOptPSO_cust:197 -         PSO iteration: 2 ; 1 percentage similarities; Best obj: 0.10223
2026-09-08 10:53:24.408 | INFO     | myoconverter.optimization.utils.UtilsForceOpt:fmOptPSO_cust:197 -         PSO iteration: 3 ; 1 percentage similarities; Best obj: 0.10223
2026-09-08 10:53:24.678 | INFO     | myoconverter.optimization.utils.UtilsForceOpt:fmOptPSO_cust:197 -         PSO iteration: 4 ; 1 percentage similarities; Best obj: 0.10223
2026-09-08 10:53:24.991 | INFO     | myoconverter.optimization.utils.UtilsForceOpt:fmOptPSO_cust:197 -         PSO iteration: 5 ; 1 percentage similarities; Best obj: 0.09317
2026-09-08 10:53:25.283 | INFO     | myoconverter.optimization.utils.UtilsForceOpt:fmOptPSO_cust:197 -         PSO iteration: 6 ; 1 percentage similarities; Best obj: 0.09173
2026-09-08 10:53:25.546 | INFO     | myoconverter.optimization.utils.UtilsForceOpt:fmOptPSO_cust:197 -         PSO iteration: 7 ; 1 percentage similarities; Best obj: 0.09146
2026-09-08 10:53:25.807 | INFO     | myoconverter.optimization.utils.UtilsForceOpt:fmOptPSO_cust:197 -         PSO iteration: 8 ; 1 percentage similarities; Best obj: 0.0914
2026-09-08 10:53:26.028 | INFO     | myoconverter.optimization.utils.UtilsForceOpt:fmOptPSO_cust:197 -         PSO iteration: 9 ; 1 percentage similarities; Best obj: 0.09139
2026-09-08 10:53:26.269 | INFO     | myoconverter.optimization.utils.UtilsForceOpt:fmOptPSO_cust:197 -         PSO iteration: 10 ; 2 percentage similarities; Best obj: 0.09078
2026-09-08 10:53:26.542 | INFO     | myoconverter.optimization.utils.UtilsForceOpt:fmOptPSO_cust:197 -         PSO iteration: 11 ; 2 percentage similarities; Best obj: 0.09067
2026-09-08 10:53:26.856 | INFO     | myoconverter.optimization.utils.UtilsForceOpt:fmOptPSO_cust:197 -         PSO iteration: 12 ; 4 percentage similarities; Best obj: 0.09019
2026-09-08 10:53:27.147 | INFO     | myoconverter.optimization.utils.UtilsForceOpt:fmOptPSO_cust:197 -         PSO iteration: 13 ; 4 percentage similarities; Best obj: 0.09014
2026-09-08 10:53:27.419 | INFO     | myoconverter.optimization.utils.UtilsForceOpt:fmOptPSO_cust:197 -         PSO iteration: 14 ; 4 percentage similarities; Best obj: 0.09013
2026-09-08 10:53:27.678 | INFO     | myoconverter.optimization.utils.UtilsForceOpt:fmOptPSO_cust:197 -         PSO iteration: 15 ; 4 percentage similarities; Best obj: 0.09012
2026-09-08 10:53:27.976 | INFO     | myoconverter.optimization.utils.UtilsForceOpt:fmOptPSO_cust:197 -         PSO iteration: 16 ; 5 percentage similarities; Best obj: 0.09012
2026-09-08 10:53:28.264 | INFO     | myoconverter.optimization.utils.UtilsForceOpt:fmOptPSO_cust:197 -         PSO iteration: 17 ; 10 percentage similarities; Best obj: 0.09012
2026-09-08 10:53:28.566 | INFO     | myoconverter.optimization.utils.UtilsForceOpt:fmOptPSO_cust:197 -         PSO iteration: 18 ; 11 percentage similarities; Best obj: 0.09012
2026-09-08 10:53:28.818 | INFO     | myoconverter.optimization.utils.UtilsForceOpt:fmOptPSO_cust:197 -         PSO iteration: 19 ; 11 percentage similarities; Best obj: 0.09011
2026-09-08 10:53:29.092 | INFO     | myoconverter.optimization.utils.UtilsForceOpt:fmOptPSO_cust:197 -         PSO iteration: 20 ; 12 percentage similarities; Best obj: 0.09011
2026-09-08 10:53:29.344 | INFO     | myoconverter.optimization.utils.UtilsForceOpt:fmOptPSO_cust:197 -         PSO iteration: 21 ; 18 percentage similarities; Best obj: 0.09011
2026-09-08 10:53:29.576 | INFO     | myoconverter.optimization.utils.UtilsForceOpt:fmOptPSO_cust:197 -         PSO iteration: 22 ; 21 percentage similarities; Best obj: 0.09011
2026-09-08 10:53:29.848 | INFO     | myoconverter.optimization.utils.UtilsForceOpt:fmOptPSO_cust:197 -         PSO iteration: 23 ; 25 percentage similarities; Best obj: 0.0901
2026-09-08 10:53:30.134 | INFO     | myoconverter.optimization.utils.UtilsForceOpt:fmOptPSO_cust:197 -         PSO iteration: 24 ; 34 percentage similarities; Best obj: 0.0901
2026-09-08 10:53:30.430 | INFO     | myoconverter.optimization.utils.UtilsForceOpt:fmOptPSO_cust:197 -         PSO iteration: 25 ; 50 percentage similarities; Best obj: 0.0901
2026-09-08 10:53:30.430 | INFO     | myoconverter.optimization.utils.UtilsForceOpt:fmOptPSO_cust:205 -         Break the optimization, since certain number of similar particles reached
2026-09-08 10:53:30.602 | INFO     | myoconverter.conversion_steps.O2MStep3:optMuscleForce:293 - Muscle : pect_l 
2026-09-08 10:53:42.454 | INFO     | myoconverter.optimization.utils.UtilsForceOpt:fmOptPSO_cust:197 -         PSO iteration: 0 ; 0 percentage similarities; Best obj: 0.09441
2026-09-08 10:53:42.625 | INFO     | myoconverter.optimization.utils.UtilsForceOpt:fmOptPSO_cust:197 -         PSO iteration: 1 ; 1 percentage similarities; Best obj: 0.09441
2026-09-08 10:53:42.823 | INFO     | myoconverter.optimization.utils.UtilsForceOpt:fmOptPSO_cust:197 -         PSO iteration: 2 ; 1 percentage similarities; Best obj: 0.09441
2026-09-08 10:53:43.013 | INFO     | myoconverter.optimization.utils.UtilsForceOpt:fmOptPSO_cust:197 -         PSO iteration: 3 ; 1 percentage similarities; Best obj: 0.08587
2026-09-08 10:53:43.174 | INFO     | myoconverter.optimization.utils.UtilsForceOpt:fmOptPSO_cust:197 -         PSO iteration: 4 ; 1 percentage similarities; Best obj: 0.07704
2026-09-08 10:53:43.335 | INFO     | myoconverter.optimization.utils.UtilsForceOpt:fmOptPSO_cust:197 -         PSO iteration: 5 ; 1 percentage similarities; Best obj: 0.07044
2026-09-08 10:53:43.486 | INFO     | myoconverter.optimization.utils.UtilsForceOpt:fmOptPSO_cust:197 -         PSO iteration: 6 ; 1 percentage similarities; Best obj: 0.06789
2026-09-08 10:53:43.691 | INFO     | myoconverter.optimization.utils.UtilsForceOpt:fmOptPSO_cust:197 -         PSO iteration: 7 ; 2 percentage similarities; Best obj: 0.05918
2026-09-08 10:53:43.895 | INFO     | myoconverter.optimization.utils.UtilsForceOpt:fmOptPSO_cust:197 -         PSO iteration: 8 ; 1 percentage similarities; Best obj: 0.05736
2026-09-08 10:53:44.086 | INFO     | myoconverter.optimization.utils.UtilsForceOpt:fmOptPSO_cust:197 -         PSO iteration: 9 ; 1 percentage similarities; Best obj: 0.05615
2026-09-08 10:53:44.267 | INFO     | myoconverter.optimization.utils.UtilsForceOpt:fmOptPSO_cust:197 -         PSO iteration: 10 ; 1 percentage similarities; Best obj: 0.05059
2026-09-08 10:53:44.449 | INFO     | myoconverter.optimization.utils.UtilsForceOpt:fmOptPSO_cust:197 -         PSO iteration: 11 ; 1 percentage similarities; Best obj: 0.04939
2026-09-08 10:53:44.631 | INFO     | myoconverter.optimization.utils.UtilsForceOpt:fmOptPSO_cust:197 -         PSO iteration: 12 ; 1 percentage similarities; Best obj: 0.04913
2026-09-08 10:53:44.802 | INFO     | myoconverter.optimization.utils.UtilsForceOpt:fmOptPSO_cust:197 -         PSO iteration: 13 ; 4 percentage similarities; Best obj: 0.04855
2026-09-08 10:53:44.964 | INFO     | myoconverter.optimization.utils.UtilsForceOpt:fmOptPSO_cust:197 -         PSO iteration: 14 ; 2 percentage similarities; Best obj: 0.04798
2026-09-08 10:53:45.125 | INFO     | myoconverter.optimization.utils.UtilsForceOpt:fmOptPSO_cust:197 -         PSO iteration: 15 ; 4 percentage similarities; Best obj: 0.04749
2026-09-08 10:53:45.296 | INFO     | myoconverter.optimization.utils.UtilsForceOpt:fmOptPSO_cust:197 -         PSO iteration: 16 ; 4 percentage similarities; Best obj: 0.04733
2026-09-08 10:53:45.498 | INFO     | myoconverter.optimization.utils.UtilsForceOpt:fmOptPSO_cust:197 -         PSO iteration: 17 ; 4 percentage similarities; Best obj: 0.04728
2026-09-08 10:53:45.701 | INFO     | myoconverter.optimization.utils.UtilsForceOpt:fmOptPSO_cust:197 -         PSO iteration: 18 ; 4 percentage similarities; Best obj: 0.04713
2026-09-08 10:53:45.882 | INFO     | myoconverter.optimization.utils.UtilsForceOpt:fmOptPSO_cust:197 -         PSO iteration: 19 ; 4 percentage similarities; Best obj: 0.04677
2026-09-08 10:53:46.044 | INFO     | myoconverter.optimization.utils.UtilsForceOpt:fmOptPSO_cust:197 -         PSO iteration: 20 ; 5 percentage similarities; Best obj: 0.04661
2026-09-08 10:53:46.238 | INFO     | myoconverter.optimization.utils.UtilsForceOpt:fmOptPSO_cust:197 -         PSO iteration: 21 ; 6 percentage similarities; Best obj: 0.04652
2026-09-08 10:53:46.407 | INFO     | myoconverter.optimization.utils.UtilsForceOpt:fmOptPSO_cust:197 -         PSO iteration: 22 ; 6 percentage similarities; Best obj: 0.04638
2026-09-08 10:53:46.569 | INFO     | myoconverter.optimization.utils.UtilsForceOpt:fmOptPSO_cust:197 -         PSO iteration: 23 ; 8 percentage similarities; Best obj: 0.04634
2026-09-08 10:53:46.730 | INFO     | myoconverter.optimization.utils.UtilsForceOpt:fmOptPSO_cust:197 -         PSO iteration: 24 ; 14 percentage similarities; Best obj: 0.04634
2026-09-08 10:53:46.891 | INFO     | myoconverter.optimization.utils.UtilsForceOpt:fmOptPSO_cust:197 -         PSO iteration: 25 ; 16 percentage similarities; Best obj: 0.04632
2026-09-08 10:53:47.061 | INFO     | myoconverter.optimization.utils.UtilsForceOpt:fmOptPSO_cust:197 -         PSO iteration: 26 ; 21 percentage similarities; Best obj: 0.04629
2026-09-08 10:53:47.253 | INFO     | myoconverter.optimization.utils.UtilsForceOpt:fmOptPSO_cust:197 -         PSO iteration: 27 ; 35 percentage similarities; Best obj: 0.04627
2026-09-08 10:53:47.253 | INFO     | myoconverter.optimization.utils.UtilsForceOpt:fmOptPSO_cust:205 -         Break the optimization, since certain number of similar particles reached
2026-09-08 10:53:47.424 | INFO     | myoconverter.conversion_steps.O2MStep3:optMuscleForce:293 - Muscle : grac_l 
2026-09-08 10:53:58.790 | INFO     | myoconverter.optimization.utils.UtilsForceOpt:fmOptPSO_cust:197 -         PSO iteration: 0 ; 0 percentage similarities; Best obj: 0.04485
2026-09-08 10:53:59.031 | INFO     | myoconverter.optimization.utils.UtilsForceOpt:fmOptPSO_cust:197 -         PSO iteration: 1 ; 1 percentage similarities; Best obj: 0.04485
2026-09-08 10:53:59.325 | INFO     | myoconverter.optimization.utils.UtilsForceOpt:fmOptPSO_cust:197 -         PSO iteration: 2 ; 1 percentage similarities; Best obj: 0.04485
2026-09-08 10:53:59.616 | INFO     | myoconverter.optimization.utils.UtilsForceOpt:fmOptPSO_cust:197 -         PSO iteration: 3 ; 1 percentage similarities; Best obj: 0.03782
2026-09-08 10:53:59.869 | INFO     | myoconverter.optimization.utils.UtilsForceOpt:fmOptPSO_cust:197 -         PSO iteration: 4 ; 1 percentage similarities; Best obj: 0.03121
2026-09-08 10:54:00.151 | INFO     | myoconverter.optimization.utils.UtilsForceOpt:fmOptPSO_cust:197 -         PSO iteration: 5 ; 1 percentage similarities; Best obj: 0.0249
2026-09-08 10:54:00.393 | INFO     | myoconverter.optimization.utils.UtilsForceOpt:fmOptPSO_cust:197 -         PSO iteration: 6 ; 1 percentage similarities; Best obj: 0.0249
2026-09-08 10:54:00.626 | INFO     | myoconverter.optimization.utils.UtilsForceOpt:fmOptPSO_cust:197 -         PSO iteration: 7 ; 1 percentage similarities; Best obj: 0.0249
2026-09-08 10:54:00.888 | INFO     | myoconverter.optimization.utils.UtilsForceOpt:fmOptPSO_cust:197 -         PSO iteration: 8 ; 1 percentage similarities; Best obj: 0.02487
2026-09-08 10:54:01.190 | INFO     | myoconverter.optimization.utils.UtilsForceOpt:fmOptPSO_cust:197 -         PSO iteration: 9 ; 2 percentage similarities; Best obj: 0.02408
2026-09-08 10:54:01.431 | INFO     | myoconverter.optimization.utils.UtilsForceOpt:fmOptPSO_cust:197 -         PSO iteration: 10 ; 1 percentage similarities; Best obj: 0.02385
2026-09-08 10:54:01.704 | INFO     | myoconverter.optimization.utils.UtilsForceOpt:fmOptPSO_cust:197 -         PSO iteration: 11 ; 1 percentage similarities; Best obj: 0.02379
2026-09-08 10:54:01.957 | INFO     | myoconverter.optimization.utils.UtilsForceOpt:fmOptPSO_cust:197 -         PSO iteration: 12 ; 2 percentage similarities; Best obj: 0.02216
2026-09-08 10:54:02.189 | INFO     | myoconverter.optimization.utils.UtilsForceOpt:fmOptPSO_cust:197 -         PSO iteration: 13 ; 1 percentage similarities; Best obj: 0.02002
2026-09-08 10:54:02.411 | INFO     | myoconverter.optimization.utils.UtilsForceOpt:fmOptPSO_cust:197 -         PSO iteration: 14 ; 1 percentage similarities; Best obj: 0.01925
2026-09-08 10:54:02.689 | INFO     | myoconverter.optimization.utils.UtilsForceOpt:fmOptPSO_cust:197 -         PSO iteration: 15 ; 2 percentage similarities; Best obj: 0.01881
2026-09-08 10:54:02.992 | INFO     | myoconverter.optimization.utils.UtilsForceOpt:fmOptPSO_cust:197 -         PSO iteration: 16 ; 1 percentage similarities; Best obj: 0.01832
2026-09-08 10:54:03.254 | INFO     | myoconverter.optimization.utils.UtilsForceOpt:fmOptPSO_cust:197 -         PSO iteration: 17 ; 1 percentage similarities; Best obj: 0.01818
2026-09-08 10:54:03.556 | INFO     | myoconverter.optimization.utils.UtilsForceOpt:fmOptPSO_cust:197 -         PSO iteration: 18 ; 1 percentage similarities; Best obj: 0.01808
2026-09-08 10:54:03.829 | INFO     | myoconverter.optimization.utils.UtilsForceOpt:fmOptPSO_cust:197 -         PSO iteration: 19 ; 2 percentage similarities; Best obj: 0.01711
2026-09-08 10:54:04.078 | INFO     | myoconverter.optimization.utils.UtilsForceOpt:fmOptPSO_cust:197 -         PSO iteration: 20 ; 1 percentage similarities; Best obj: 0.01693
2026-09-08 10:54:04.348 | INFO     | myoconverter.optimization.utils.UtilsForceOpt:fmOptPSO_cust:197 -         PSO iteration: 21 ; 1 percentage similarities; Best obj: 0.01677
2026-09-08 10:54:04.651 | INFO     | myoconverter.optimization.utils.UtilsForceOpt:fmOptPSO_cust:197 -         PSO iteration: 22 ; 2 percentage similarities; Best obj: 0.0167
2026-09-08 10:54:04.908 | INFO     | myoconverter.optimization.utils.UtilsForceOpt:fmOptPSO_cust:197 -         PSO iteration: 23 ; 2 percentage similarities; Best obj: 0.01669
2026-09-08 10:54:05.190 | INFO     | myoconverter.optimization.utils.UtilsForceOpt:fmOptPSO_cust:197 -         PSO iteration: 24 ; 2 percentage similarities; Best obj: 0.01668
2026-09-08 10:54:05.443 | INFO     | myoconverter.optimization.utils.UtilsForceOpt:fmOptPSO_cust:197 -         PSO iteration: 25 ; 6 percentage similarities; Best obj: 0.01666
2026-09-08 10:54:05.685 | INFO     | myoconverter.optimization.utils.UtilsForceOpt:fmOptPSO_cust:197 -         PSO iteration: 26 ; 8 percentage similarities; Best obj: 0.01665
2026-09-08 10:54:05.950 | INFO     | myoconverter.optimization.utils.UtilsForceOpt:fmOptPSO_cust:197 -         PSO iteration: 27 ; 8 percentage similarities; Best obj: 0.01665
2026-09-08 10:54:06.246 | INFO     | myoconverter.optimization.utils.UtilsForceOpt:fmOptPSO_cust:197 -         PSO iteration: 28 ; 9 percentage similarities; Best obj: 0.01664
2026-09-08 10:54:06.526 | INFO     | myoconverter.optimization.utils.UtilsForceOpt:fmOptPSO_cust:197 -         PSO iteration: 29 ; 9 percentage similarities; Best obj: 0.01663
2026-09-08 10:54:06.774 | INFO     | myoconverter.optimization.utils.UtilsForceOpt:fmOptPSO_cust:197 -         PSO iteration: 30 ; 12 percentage similarities; Best obj: 0.01662
2026-09-08 10:54:07.047 | INFO     | myoconverter.optimization.utils.UtilsForceOpt:fmOptPSO_cust:197 -         PSO iteration: 31 ; 15 percentage similarities; Best obj: 0.0166
2026-09-08 10:54:07.354 | INFO     | myoconverter.optimization.utils.UtilsForceOpt:fmOptPSO_cust:197 -         PSO iteration: 32 ; 18 percentage similarities; Best obj: 0.0166
2026-09-08 10:54:07.589 | INFO     | myoconverter.optimization.utils.UtilsForceOpt:fmOptPSO_cust:197 -         PSO iteration: 33 ; 20 percentage similarities; Best obj: 0.01659
2026-09-08 10:54:07.879 | INFO     | myoconverter.optimization.utils.UtilsForceOpt:fmOptPSO_cust:197 -         PSO iteration: 34 ; 30 percentage similarities; Best obj: 0.01659
2026-09-08 10:54:08.178 | INFO     | myoconverter.optimization.utils.UtilsForceOpt:fmOptPSO_cust:197 -         PSO iteration: 35 ; 35 percentage similarities; Best obj: 0.01659
2026-09-08 10:54:08.420 | INFO     | myoconverter.optimization.utils.UtilsForceOpt:fmOptPSO_cust:197 -         PSO iteration: 36 ; 39 percentage similarities; Best obj: 0.01659
2026-09-08 10:54:08.690 | INFO     | myoconverter.optimization.utils.UtilsForceOpt:fmOptPSO_cust:197 -         PSO iteration: 37 ; 39 percentage similarities; Best obj: 0.01659
2026-09-08 10:54:08.943 | INFO     | myoconverter.optimization.utils.UtilsForceOpt:fmOptPSO_cust:197 -         PSO iteration: 38 ; 46 percentage similarities; Best obj: 0.01659
2026-09-08 10:54:09.175 | INFO     | myoconverter.optimization.utils.UtilsForceOpt:fmOptPSO_cust:197 -         PSO iteration: 39 ; 49 percentage similarities; Best obj: 0.01659
2026-09-08 10:54:09.175 | INFO     | myoconverter.optimization.utils.UtilsForceOpt:fmOptPSO_cust:205 -         Break the optimization, since certain number of similar particles reached
2026-09-08 10:54:09.359 | INFO     | myoconverter.conversion_steps.O2MStep3:optMuscleForce:293 - Muscle : glut_max1_l 
2026-09-08 10:54:20.955 | INFO     | myoconverter.optimization.utils.UtilsForceOpt:fmOptPSO_cust:197 -         PSO iteration: 0 ; 0 percentage similarities; Best obj: 0.10556
2026-09-08 10:54:21.147 | INFO     | myoconverter.optimization.utils.UtilsForceOpt:fmOptPSO_cust:197 -         PSO iteration: 1 ; 1 percentage similarities; Best obj: 0.10556
2026-09-08 10:54:21.317 | INFO     | myoconverter.optimization.utils.UtilsForceOpt:fmOptPSO_cust:197 -         PSO iteration: 2 ; 1 percentage similarities; Best obj: 0.08579
2026-09-08 10:54:21.508 | INFO     | myoconverter.optimization.utils.UtilsForceOpt:fmOptPSO_cust:197 -         PSO iteration: 3 ; 1 percentage similarities; Best obj: 0.07781
2026-09-08 10:54:21.729 | INFO     | myoconverter.optimization.utils.UtilsForceOpt:fmOptPSO_cust:197 -         PSO iteration: 4 ; 1 percentage similarities; Best obj: 0.07202
2026-09-08 10:54:21.961 | INFO     | myoconverter.optimization.utils.UtilsForceOpt:fmOptPSO_cust:197 -         PSO iteration: 5 ; 1 percentage similarities; Best obj: 0.07117
2026-09-08 10:54:22.183 | INFO     | myoconverter.optimization.utils.UtilsForceOpt:fmOptPSO_cust:197 -         PSO iteration: 6 ; 1 percentage similarities; Best obj: 0.06399
2026-09-08 10:54:22.414 | INFO     | myoconverter.optimization.utils.UtilsForceOpt:fmOptPSO_cust:197 -         PSO iteration: 7 ; 1 percentage similarities; Best obj: 0.06256
2026-09-08 10:54:22.625 | INFO     | myoconverter.optimization.utils.UtilsForceOpt:fmOptPSO_cust:197 -         PSO iteration: 8 ; 1 percentage similarities; Best obj: 0.06227
2026-09-08 10:54:22.837 | INFO     | myoconverter.optimization.utils.UtilsForceOpt:fmOptPSO_cust:197 -         PSO iteration: 9 ; 1 percentage similarities; Best obj: 0.0622
2026-09-08 10:54:23.019 | INFO     | myoconverter.optimization.utils.UtilsForceOpt:fmOptPSO_cust:197 -         PSO iteration: 10 ; 1 percentage similarities; Best obj: 0.06218
2026-09-08 10:54:23.221 | INFO     | myoconverter.optimization.utils.UtilsForceOpt:fmOptPSO_cust:197 -         PSO iteration: 11 ; 2 percentage similarities; Best obj: 0.06174
2026-09-08 10:54:23.442 | INFO     | myoconverter.optimization.utils.UtilsForceOpt:fmOptPSO_cust:197 -         PSO iteration: 12 ; 2 percentage similarities; Best obj: 0.06155
2026-09-08 10:54:23.673 | INFO     | myoconverter.optimization.utils.UtilsForceOpt:fmOptPSO_cust:197 -         PSO iteration: 13 ; 2 percentage similarities; Best obj: 0.0615
2026-09-08 10:54:23.885 | INFO     | myoconverter.optimization.utils.UtilsForceOpt:fmOptPSO_cust:197 -         PSO iteration: 14 ; 2 percentage similarities; Best obj: 0.0612
2026-09-08 10:54:24.107 | INFO     | myoconverter.optimization.utils.UtilsForceOpt:fmOptPSO_cust:197 -         PSO iteration: 15 ; 2 percentage similarities; Best obj: 0.06108
2026-09-08 10:54:24.299 | INFO     | myoconverter.optimization.utils.UtilsForceOpt:fmOptPSO_cust:197 -         PSO iteration: 16 ; 2 percentage similarities; Best obj: 0.06105
2026-09-08 10:54:24.510 | INFO     | myoconverter.optimization.utils.UtilsForceOpt:fmOptPSO_cust:197 -         PSO iteration: 17 ; 2 percentage similarities; Best obj: 0.0609
2026-09-08 10:54:24.691 | INFO     | myoconverter.optimization.utils.UtilsForceOpt:fmOptPSO_cust:197 -         PSO iteration: 18 ; 2 percentage similarities; Best obj: 0.06085
2026-09-08 10:54:24.882 | INFO     | myoconverter.optimization.utils.UtilsForceOpt:fmOptPSO_cust:197 -         PSO iteration: 19 ; 5 percentage similarities; Best obj: 0.06074
2026-09-08 10:54:25.093 | INFO     | myoconverter.optimization.utils.UtilsForceOpt:fmOptPSO_cust:197 -         PSO iteration: 20 ; 8 percentage similarities; Best obj: 0.06064
2026-09-08 10:54:25.319 | INFO     | myoconverter.optimization.utils.UtilsForceOpt:fmOptPSO_cust:197 -         PSO iteration: 21 ; 8 percentage similarities; Best obj: 0.0606
2026-09-08 10:54:25.546 | INFO     | myoconverter.optimization.utils.UtilsForceOpt:fmOptPSO_cust:197 -         PSO iteration: 22 ; 9 percentage similarities; Best obj: 0.06059
2026-09-08 10:54:25.768 | INFO     | myoconverter.optimization.utils.UtilsForceOpt:fmOptPSO_cust:197 -         PSO iteration: 23 ; 10 percentage similarities; Best obj: 0.06057
2026-09-08 10:54:25.960 | INFO     | myoconverter.optimization.utils.UtilsForceOpt:fmOptPSO_cust:197 -         PSO iteration: 24 ; 22 percentage similarities; Best obj: 0.06056
2026-09-08 10:54:26.182 | INFO     | myoconverter.optimization.utils.UtilsForceOpt:fmOptPSO_cust:197 -         PSO iteration: 25 ; 31 percentage similarities; Best obj: 0.06053
2026-09-08 10:54:26.182 | INFO     | myoconverter.optimization.utils.UtilsForceOpt:fmOptPSO_cust:205 -         Break the optimization, since certain number of similar particles reached
2026-09-08 10:54:26.344 | INFO     | myoconverter.conversion_steps.O2MStep3:optMuscleForce:293 - Muscle : glut_max2_l 
2026-09-08 10:54:37.997 | INFO     | myoconverter.optimization.utils.UtilsForceOpt:fmOptPSO_cust:197 -         PSO iteration: 0 ; 0 percentage similarities; Best obj: 0.04067
2026-09-08 10:54:38.178 | INFO     | myoconverter.optimization.utils.UtilsForceOpt:fmOptPSO_cust:197 -         PSO iteration: 1 ; 1 percentage similarities; Best obj: 0.04067
2026-09-08 10:54:38.338 | INFO     | myoconverter.optimization.utils.UtilsForceOpt:fmOptPSO_cust:197 -         PSO iteration: 2 ; 1 percentage similarities; Best obj: 0.04067
2026-09-08 10:54:38.519 | INFO     | myoconverter.optimization.utils.UtilsForceOpt:fmOptPSO_cust:197 -         PSO iteration: 3 ; 1 percentage similarities; Best obj: 0.04067
2026-09-08 10:54:38.732 | INFO     | myoconverter.optimization.utils.UtilsForceOpt:fmOptPSO_cust:197 -         PSO iteration: 4 ; 1 percentage similarities; Best obj: 0.04067
2026-09-08 10:54:38.930 | INFO     | myoconverter.optimization.utils.UtilsForceOpt:fmOptPSO_cust:197 -         PSO iteration: 5 ; 1 percentage similarities; Best obj: 0.04067
2026-09-08 10:54:39.142 | INFO     | myoconverter.optimization.utils.UtilsForceOpt:fmOptPSO_cust:197 -         PSO iteration: 6 ; 1 percentage similarities; Best obj: 0.04067
2026-09-08 10:54:39.323 | INFO     | myoconverter.optimization.utils.UtilsForceOpt:fmOptPSO_cust:197 -         PSO iteration: 7 ; 1 percentage similarities; Best obj: 0.04067
2026-09-08 10:54:39.519 | INFO     | myoconverter.optimization.utils.UtilsForceOpt:fmOptPSO_cust:197 -         PSO iteration: 8 ; 1 percentage similarities; Best obj: 0.04067
2026-09-08 10:54:39.704 | INFO     | myoconverter.optimization.utils.UtilsForceOpt:fmOptPSO_cust:197 -         PSO iteration: 9 ; 1 percentage similarities; Best obj: 0.04067
2026-09-08 10:54:39.865 | INFO     | myoconverter.optimization.utils.UtilsForceOpt:fmOptPSO_cust:197 -         PSO iteration: 10 ; 1 percentage similarities; Best obj: 0.04067
2026-09-08 10:54:40.046 | INFO     | myoconverter.optimization.utils.UtilsForceOpt:fmOptPSO_cust:197 -         PSO iteration: 11 ; 1 percentage similarities; Best obj: 0.04067
2026-09-08 10:54:40.046 | INFO     | myoconverter.optimization.utils.UtilsForceOpt:fmOptPSO_cust:217 -         Break the optimization, since global obj maintained the same value for certain iterations
2026-09-08 10:54:40.226 | INFO     | myoconverter.conversion_steps.O2MStep3:optMuscleForce:293 - Muscle : glut_max3_l 
2026-09-08 10:54:52.151 | INFO     | myoconverter.optimization.utils.UtilsForceOpt:fmOptPSO_cust:197 -         PSO iteration: 0 ; 0 percentage similarities; Best obj: 0.07416
2026-09-08 10:54:52.334 | INFO     | myoconverter.optimization.utils.UtilsForceOpt:fmOptPSO_cust:197 -         PSO iteration: 1 ; 1 percentage similarities; Best obj: 0.05185
2026-09-08 10:54:52.554 | INFO     | myoconverter.optimization.utils.UtilsForceOpt:fmOptPSO_cust:197 -         PSO iteration: 2 ; 1 percentage similarities; Best obj: 0.05185
2026-09-08 10:54:52.800 | INFO     | myoconverter.optimization.utils.UtilsForceOpt:fmOptPSO_cust:197 -         PSO iteration: 3 ; 1 percentage similarities; Best obj: 0.0474
2026-09-08 10:54:52.998 | INFO     | myoconverter.optimization.utils.UtilsForceOpt:fmOptPSO_cust:197 -         PSO iteration: 4 ; 1 percentage similarities; Best obj: 0.04503
2026-09-08 10:54:53.187 | INFO     | myoconverter.optimization.utils.UtilsForceOpt:fmOptPSO_cust:197 -         PSO iteration: 5 ; 2 percentage similarities; Best obj: 0.03998
2026-09-08 10:54:53.399 | INFO     | myoconverter.optimization.utils.UtilsForceOpt:fmOptPSO_cust:197 -         PSO iteration: 6 ; 1 percentage similarities; Best obj: 0.03793
2026-09-08 10:54:53.588 | INFO     | myoconverter.optimization.utils.UtilsForceOpt:fmOptPSO_cust:197 -         PSO iteration: 7 ; 1 percentage similarities; Best obj: 0.03607
2026-09-08 10:54:53.762 | INFO     | myoconverter.optimization.utils.UtilsForceOpt:fmOptPSO_cust:197 -         PSO iteration: 8 ; 1 percentage similarities; Best obj: 0.03425
2026-09-08 10:54:53.922 | INFO     | myoconverter.optimization.utils.UtilsForceOpt:fmOptPSO_cust:197 -         PSO iteration: 9 ; 1 percentage similarities; Best obj: 0.03376
2026-09-08 10:54:54.103 | INFO     | myoconverter.optimization.utils.UtilsForceOpt:fmOptPSO_cust:197 -         PSO iteration: 10 ; 1 percentage similarities; Best obj: 0.03364
2026-09-08 10:54:54.314 | INFO     | myoconverter.optimization.utils.UtilsForceOpt:fmOptPSO_cust:197 -         PSO iteration: 11 ; 1 percentage similarities; Best obj: 0.0327
2026-09-08 10:54:54.535 | INFO     | myoconverter.optimization.utils.UtilsForceOpt:fmOptPSO_cust:197 -         PSO iteration: 12 ; 1 percentage similarities; Best obj: 0.03239
2026-09-08 10:54:54.746 | INFO     | myoconverter.optimization.utils.UtilsForceOpt:fmOptPSO_cust:197 -         PSO iteration: 13 ; 2 percentage similarities; Best obj: 0.03121
2026-09-08 10:54:54.988 | INFO     | myoconverter.optimization.utils.UtilsForceOpt:fmOptPSO_cust:197 -         PSO iteration: 14 ; 1 percentage similarities; Best obj: 0.03103
2026-09-08 10:54:55.210 | INFO     | myoconverter.optimization.utils.UtilsForceOpt:fmOptPSO_cust:197 -         PSO iteration: 15 ; 1 percentage similarities; Best obj: 0.031
2026-09-08 10:54:55.411 | INFO     | myoconverter.optimization.utils.UtilsForceOpt:fmOptPSO_cust:197 -         PSO iteration: 16 ; 2 percentage similarities; Best obj: 0.03087
2026-09-08 10:54:55.602 | INFO     | myoconverter.optimization.utils.UtilsForceOpt:fmOptPSO_cust:197 -         PSO iteration: 17 ; 4 percentage similarities; Best obj: 0.02964
2026-09-08 10:54:55.806 | INFO     | myoconverter.optimization.utils.UtilsForceOpt:fmOptPSO_cust:197 -         PSO iteration: 18 ; 1 percentage similarities; Best obj: 0.02923
2026-09-08 10:54:56.018 | INFO     | myoconverter.optimization.utils.UtilsForceOpt:fmOptPSO_cust:197 -         PSO iteration: 19 ; 2 percentage similarities; Best obj: 0.02899
2026-09-08 10:54:56.245 | INFO     | myoconverter.optimization.utils.UtilsForceOpt:fmOptPSO_cust:197 -         PSO iteration: 20 ; 2 percentage similarities; Best obj: 0.0288
2026-09-08 10:54:56.472 | INFO     | myoconverter.optimization.utils.UtilsForceOpt:fmOptPSO_cust:197 -         PSO iteration: 21 ; 2 percentage similarities; Best obj: 0.02867
2026-09-08 10:54:56.701 | INFO     | myoconverter.optimization.utils.UtilsForceOpt:fmOptPSO_cust:197 -         PSO iteration: 22 ; 2 percentage similarities; Best obj: 0.02861
2026-09-08 10:54:56.903 | INFO     | myoconverter.optimization.utils.UtilsForceOpt:fmOptPSO_cust:197 -         PSO iteration: 23 ; 2 percentage similarities; Best obj: 0.02857
2026-09-08 10:54:57.064 | INFO     | myoconverter.optimization.utils.UtilsForceOpt:fmOptPSO_cust:197 -         PSO iteration: 24 ; 4 percentage similarities; Best obj: 0.02845
2026-09-08 10:54:57.229 | INFO     | myoconverter.optimization.utils.UtilsForceOpt:fmOptPSO_cust:197 -         PSO iteration: 25 ; 4 percentage similarities; Best obj: 0.02838
2026-09-08 10:54:57.378 | INFO     | myoconverter.optimization.utils.UtilsForceOpt:fmOptPSO_cust:197 -         PSO iteration: 26 ; 6 percentage similarities; Best obj: 0.02831
2026-09-08 10:54:57.542 | INFO     | myoconverter.optimization.utils.UtilsForceOpt:fmOptPSO_cust:197 -         PSO iteration: 27 ; 6 percentage similarities; Best obj: 0.02822
2026-09-08 10:54:57.749 | INFO     | myoconverter.optimization.utils.UtilsForceOpt:fmOptPSO_cust:197 -         PSO iteration: 28 ; 9 percentage similarities; Best obj: 0.0282
2026-09-08 10:54:57.960 | INFO     | myoconverter.optimization.utils.UtilsForceOpt:fmOptPSO_cust:197 -         PSO iteration: 29 ; 11 percentage similarities; Best obj: 0.02817
2026-09-08 10:54:58.152 | INFO     | myoconverter.optimization.utils.UtilsForceOpt:fmOptPSO_cust:197 -         PSO iteration: 30 ; 16 percentage similarities; Best obj: 0.02812
2026-09-08 10:54:58.322 | INFO     | myoconverter.optimization.utils.UtilsForceOpt:fmOptPSO_cust:197 -         PSO iteration: 31 ; 19 percentage similarities; Best obj: 0.02807
2026-09-08 10:54:58.523 | INFO     | myoconverter.optimization.utils.UtilsForceOpt:fmOptPSO_cust:197 -         PSO iteration: 32 ; 29 percentage similarities; Best obj: 0.02806
2026-09-08 10:54:58.684 | INFO     | myoconverter.optimization.utils.UtilsForceOpt:fmOptPSO_cust:197 -         PSO iteration: 33 ; 50 percentage similarities; Best obj: 0.02804
2026-09-08 10:54:58.684 | INFO     | myoconverter.optimization.utils.UtilsForceOpt:fmOptPSO_cust:205 -         Break the optimization, since certain number of similar particles reached
2026-09-08 10:54:58.870 | INFO     | myoconverter.conversion_steps.O2MStep3:optMuscleForce:293 - Muscle : iliacus_l 
2026-09-08 10:55:10.377 | INFO     | myoconverter.optimization.utils.UtilsForceOpt:fmOptPSO_cust:197 -         PSO iteration: 0 ; 0 percentage similarities; Best obj: 0.09071
2026-09-08 10:55:10.637 | INFO     | myoconverter.optimization.utils.UtilsForceOpt:fmOptPSO_cust:197 -         PSO iteration: 1 ; 1 percentage similarities; Best obj: 0.05232
2026-09-08 10:55:10.836 | INFO     | myoconverter.optimization.utils.UtilsForceOpt:fmOptPSO_cust:197 -         PSO iteration: 2 ; 1 percentage similarities; Best obj: 0.05232
2026-09-08 10:55:10.993 | INFO     | myoconverter.optimization.utils.UtilsForceOpt:fmOptPSO_cust:197 -         PSO iteration: 3 ; 1 percentage similarities; Best obj: 0.04422
2026-09-08 10:55:11.148 | INFO     | myoconverter.optimization.utils.UtilsForceOpt:fmOptPSO_cust:197 -         PSO iteration: 4 ; 1 percentage similarities; Best obj: 0.04297
2026-09-08 10:55:11.321 | INFO     | myoconverter.optimization.utils.UtilsForceOpt:fmOptPSO_cust:197 -         PSO iteration: 5 ; 1 percentage similarities; Best obj: 0.04297
2026-09-08 10:55:11.518 | INFO     | myoconverter.optimization.utils.UtilsForceOpt:fmOptPSO_cust:197 -         PSO iteration: 6 ; 1 percentage similarities; Best obj: 0.04297
2026-09-08 10:55:11.713 | INFO     | myoconverter.optimization.utils.UtilsForceOpt:fmOptPSO_cust:197 -         PSO iteration: 7 ; 1 percentage similarities; Best obj: 0.04297
2026-09-08 10:55:11.917 | INFO     | myoconverter.optimization.utils.UtilsForceOpt:fmOptPSO_cust:197 -         PSO iteration: 8 ; 1 percentage similarities; Best obj: 0.04297
2026-09-08 10:55:12.129 | INFO     | myoconverter.optimization.utils.UtilsForceOpt:fmOptPSO_cust:197 -         PSO iteration: 9 ; 1 percentage similarities; Best obj: 0.04297
2026-09-08 10:55:12.319 | INFO     | myoconverter.optimization.utils.UtilsForceOpt:fmOptPSO_cust:197 -         PSO iteration: 10 ; 1 percentage similarities; Best obj: 0.04297
2026-09-08 10:55:12.466 | INFO     | myoconverter.optimization.utils.UtilsForceOpt:fmOptPSO_cust:197 -         PSO iteration: 11 ; 1 percentage similarities; Best obj: 0.04297
2026-09-08 10:55:12.650 | INFO     | myoconverter.optimization.utils.UtilsForceOpt:fmOptPSO_cust:197 -         PSO iteration: 12 ; 1 percentage similarities; Best obj: 0.04297
2026-09-08 10:55:12.828 | INFO     | myoconverter.optimization.utils.UtilsForceOpt:fmOptPSO_cust:197 -         PSO iteration: 13 ; 1 percentage similarities; Best obj: 0.04297
2026-09-08 10:55:13.012 | INFO     | myoconverter.optimization.utils.UtilsForceOpt:fmOptPSO_cust:197 -         PSO iteration: 14 ; 1 percentage similarities; Best obj: 0.04297
2026-09-08 10:55:13.222 | INFO     | myoconverter.optimization.utils.UtilsForceOpt:fmOptPSO_cust:197 -         PSO iteration: 15 ; 2 percentage similarities; Best obj: 0.04107
2026-09-08 10:55:13.422 | INFO     | myoconverter.optimization.utils.UtilsForceOpt:fmOptPSO_cust:197 -         PSO iteration: 16 ; 1 percentage similarities; Best obj: 0.04066
2026-09-08 10:55:13.642 | INFO     | myoconverter.optimization.utils.UtilsForceOpt:fmOptPSO_cust:197 -         PSO iteration: 17 ; 1 percentage similarities; Best obj: 0.04056
2026-09-08 10:55:13.782 | INFO     | myoconverter.optimization.utils.UtilsForceOpt:fmOptPSO_cust:197 -         PSO iteration: 18 ; 1 percentage similarities; Best obj: 0.04023
2026-09-08 10:55:13.973 | INFO     | myoconverter.optimization.utils.UtilsForceOpt:fmOptPSO_cust:197 -         PSO iteration: 19 ; 2 percentage similarities; Best obj: 0.04007
2026-09-08 10:55:14.133 | INFO     | myoconverter.optimization.utils.UtilsForceOpt:fmOptPSO_cust:197 -         PSO iteration: 20 ; 2 percentage similarities; Best obj: 0.03959
2026-09-08 10:55:14.294 | INFO     | myoconverter.optimization.utils.UtilsForceOpt:fmOptPSO_cust:197 -         PSO iteration: 21 ; 1 percentage similarities; Best obj: 0.03948
2026-09-08 10:55:14.445 | INFO     | myoconverter.optimization.utils.UtilsForceOpt:fmOptPSO_cust:197 -         PSO iteration: 22 ; 4 percentage similarities; Best obj: 0.03922
2026-09-08 10:55:14.595 | INFO     | myoconverter.optimization.utils.UtilsForceOpt:fmOptPSO_cust:197 -         PSO iteration: 23 ; 2 percentage similarities; Best obj: 0.03891
2026-09-08 10:55:14.780 | INFO     | myoconverter.optimization.utils.UtilsForceOpt:fmOptPSO_cust:197 -         PSO iteration: 24 ; 8 percentage similarities; Best obj: 0.03865
2026-09-08 10:55:15.008 | INFO     | myoconverter.optimization.utils.UtilsForceOpt:fmOptPSO_cust:197 -         PSO iteration: 25 ; 8 percentage similarities; Best obj: 0.0385
2026-09-08 10:55:15.207 | INFO     | myoconverter.optimization.utils.UtilsForceOpt:fmOptPSO_cust:197 -         PSO iteration: 26 ; 8 percentage similarities; Best obj: 0.03804
2026-09-08 10:55:15.376 | INFO     | myoconverter.optimization.utils.UtilsForceOpt:fmOptPSO_cust:197 -         PSO iteration: 27 ; 1 percentage similarities; Best obj: 0.03796
2026-09-08 10:55:15.532 | INFO     | myoconverter.optimization.utils.UtilsForceOpt:fmOptPSO_cust:197 -         PSO iteration: 28 ; 1 percentage similarities; Best obj: 0.03794
2026-09-08 10:55:15.721 | INFO     | myoconverter.optimization.utils.UtilsForceOpt:fmOptPSO_cust:197 -         PSO iteration: 29 ; 5 percentage similarities; Best obj: 0.03794
2026-09-08 10:55:15.878 | INFO     | myoconverter.optimization.utils.UtilsForceOpt:fmOptPSO_cust:197 -         PSO iteration: 30 ; 10 percentage similarities; Best obj: 0.03788
2026-09-08 10:55:16.039 | INFO     | myoconverter.optimization.utils.UtilsForceOpt:fmOptPSO_cust:197 -         PSO iteration: 31 ; 10 percentage similarities; Best obj: 0.03786
2026-09-08 10:55:16.191 | INFO     | myoconverter.optimization.utils.UtilsForceOpt:fmOptPSO_cust:197 -         PSO iteration: 32 ; 12 percentage similarities; Best obj: 0.03786
2026-09-08 10:55:16.342 | INFO     | myoconverter.optimization.utils.UtilsForceOpt:fmOptPSO_cust:197 -         PSO iteration: 33 ; 14 percentage similarities; Best obj: 0.03786
2026-09-08 10:55:16.528 | INFO     | myoconverter.optimization.utils.UtilsForceOpt:fmOptPSO_cust:197 -         PSO iteration: 34 ; 18 percentage similarities; Best obj: 0.03786
2026-09-08 10:55:16.741 | INFO     | myoconverter.optimization.utils.UtilsForceOpt:fmOptPSO_cust:197 -         PSO iteration: 35 ; 18 percentage similarities; Best obj: 0.03786
2026-09-08 10:55:16.944 | INFO     | myoconverter.optimization.utils.UtilsForceOpt:fmOptPSO_cust:197 -         PSO iteration: 36 ; 18 percentage similarities; Best obj: 0.03786
2026-09-08 10:55:17.111 | INFO     | myoconverter.optimization.utils.UtilsForceOpt:fmOptPSO_cust:197 -         PSO iteration: 37 ; 19 percentage similarities; Best obj: 0.03786
2026-09-08 10:55:17.292 | INFO     | myoconverter.optimization.utils.UtilsForceOpt:fmOptPSO_cust:197 -         PSO iteration: 38 ; 19 percentage similarities; Best obj: 0.03784
2026-09-08 10:55:17.512 | INFO     | myoconverter.optimization.utils.UtilsForceOpt:fmOptPSO_cust:197 -         PSO iteration: 39 ; 22 percentage similarities; Best obj: 0.03784
2026-09-08 10:55:17.707 | INFO     | myoconverter.optimization.utils.UtilsForceOpt:fmOptPSO_cust:197 -         PSO iteration: 40 ; 28 percentage similarities; Best obj: 0.03784
2026-09-08 10:55:17.879 | INFO     | myoconverter.optimization.utils.UtilsForceOpt:fmOptPSO_cust:197 -         PSO iteration: 41 ; 32 percentage similarities; Best obj: 0.03784
2026-09-08 10:55:17.879 | INFO     | myoconverter.optimization.utils.UtilsForceOpt:fmOptPSO_cust:205 -         Break the optimization, since certain number of similar particles reached
2026-09-08 10:55:18.023 | INFO     | myoconverter.conversion_steps.O2MStep3:optMuscleForce:293 - Muscle : psoas_l 
2026-09-08 10:55:29.171 | INFO     | myoconverter.optimization.utils.UtilsForceOpt:fmOptPSO_cust:197 -         PSO iteration: 0 ; 0 percentage similarities; Best obj: 0.10347
2026-09-08 10:55:29.347 | INFO     | myoconverter.optimization.utils.UtilsForceOpt:fmOptPSO_cust:197 -         PSO iteration: 1 ; 1 percentage similarities; Best obj: 0.07987
2026-09-08 10:55:29.532 | INFO     | myoconverter.optimization.utils.UtilsForceOpt:fmOptPSO_cust:197 -         PSO iteration: 2 ; 1 percentage similarities; Best obj: 0.0459
2026-09-08 10:55:29.703 | INFO     | myoconverter.optimization.utils.UtilsForceOpt:fmOptPSO_cust:197 -         PSO iteration: 3 ; 1 percentage similarities; Best obj: 0.03698
2026-09-08 10:55:29.873 | INFO     | myoconverter.optimization.utils.UtilsForceOpt:fmOptPSO_cust:197 -         PSO iteration: 4 ; 1 percentage similarities; Best obj: 0.03198
2026-09-08 10:55:30.023 | INFO     | myoconverter.optimization.utils.UtilsForceOpt:fmOptPSO_cust:197 -         PSO iteration: 5 ; 1 percentage similarities; Best obj: 0.03164
2026-09-08 10:55:30.186 | INFO     | myoconverter.optimization.utils.UtilsForceOpt:fmOptPSO_cust:197 -         PSO iteration: 6 ; 1 percentage similarities; Best obj: 0.03162
2026-09-08 10:55:30.395 | INFO     | myoconverter.optimization.utils.UtilsForceOpt:fmOptPSO_cust:197 -         PSO iteration: 7 ; 1 percentage similarities; Best obj: 0.03162
2026-09-08 10:55:30.606 | INFO     | myoconverter.optimization.utils.UtilsForceOpt:fmOptPSO_cust:197 -         PSO iteration: 8 ; 1 percentage similarities; Best obj: 0.03097
2026-09-08 10:55:30.901 | INFO     | myoconverter.optimization.utils.UtilsForceOpt:fmOptPSO_cust:197 -         PSO iteration: 9 ; 1 percentage similarities; Best obj: 0.02992
2026-09-08 10:55:31.178 | INFO     | myoconverter.optimization.utils.UtilsForceOpt:fmOptPSO_cust:197 -         PSO iteration: 10 ; 1 percentage similarities; Best obj: 0.02843
2026-09-08 10:55:31.341 | INFO     | myoconverter.optimization.utils.UtilsForceOpt:fmOptPSO_cust:197 -         PSO iteration: 11 ; 2 percentage similarities; Best obj: 0.02773
2026-09-08 10:55:31.502 | INFO     | myoconverter.optimization.utils.UtilsForceOpt:fmOptPSO_cust:197 -         PSO iteration: 12 ; 2 percentage similarities; Best obj: 0.02754
2026-09-08 10:55:31.662 | INFO     | myoconverter.optimization.utils.UtilsForceOpt:fmOptPSO_cust:197 -         PSO iteration: 13 ; 4 percentage similarities; Best obj: 0.02734
2026-09-08 10:55:31.813 | INFO     | myoconverter.optimization.utils.UtilsForceOpt:fmOptPSO_cust:197 -         PSO iteration: 14 ; 4 percentage similarities; Best obj: 0.02723
2026-09-08 10:55:31.984 | INFO     | myoconverter.optimization.utils.UtilsForceOpt:fmOptPSO_cust:197 -         PSO iteration: 15 ; 5 percentage similarities; Best obj: 0.02718
2026-09-08 10:55:32.198 | INFO     | myoconverter.optimization.utils.UtilsForceOpt:fmOptPSO_cust:197 -         PSO iteration: 16 ; 11 percentage similarities; Best obj: 0.02704
2026-09-08 10:55:32.409 | INFO     | myoconverter.optimization.utils.UtilsForceOpt:fmOptPSO_cust:197 -         PSO iteration: 17 ; 12 percentage similarities; Best obj: 0.02696
2026-09-08 10:55:32.611 | INFO     | myoconverter.optimization.utils.UtilsForceOpt:fmOptPSO_cust:197 -         PSO iteration: 18 ; 12 percentage similarities; Best obj: 0.02691
2026-09-08 10:55:32.781 | INFO     | myoconverter.optimization.utils.UtilsForceOpt:fmOptPSO_cust:197 -         PSO iteration: 19 ; 22 percentage similarities; Best obj: 0.02682
2026-09-08 10:55:32.973 | INFO     | myoconverter.optimization.utils.UtilsForceOpt:fmOptPSO_cust:197 -         PSO iteration: 20 ; 21 percentage similarities; Best obj: 0.0268
2026-09-08 10:55:33.134 | INFO     | myoconverter.optimization.utils.UtilsForceOpt:fmOptPSO_cust:197 -         PSO iteration: 21 ; 21 percentage similarities; Best obj: 0.02675
2026-09-08 10:55:33.275 | INFO     | myoconverter.optimization.utils.UtilsForceOpt:fmOptPSO_cust:197 -         PSO iteration: 22 ; 29 percentage similarities; Best obj: 0.02671
2026-09-08 10:55:33.437 | INFO     | myoconverter.optimization.utils.UtilsForceOpt:fmOptPSO_cust:197 -         PSO iteration: 23 ; 31 percentage similarities; Best obj: 0.02669
2026-09-08 10:55:33.581 | INFO     | myoconverter.optimization.utils.UtilsForceOpt:fmOptPSO_cust:197 -         PSO iteration: 24 ; 34 percentage similarities; Best obj: 0.02669
2026-09-08 10:55:33.809 | INFO     | myoconverter.optimization.utils.UtilsForceOpt:fmOptPSO_cust:197 -         PSO iteration: 25 ; 36 percentage similarities; Best obj: 0.02664
2026-09-08 10:55:33.811 | INFO     | myoconverter.optimization.utils.UtilsForceOpt:fmOptPSO_cust:205 -         Break the optimization, since certain number of similar particles reached
2026-09-08 10:55:34.044 | INFO     | myoconverter.conversion_steps.O2MStep3:optMuscleForce:293 - Muscle : quad_fem_l 
2026-09-08 10:55:45.655 | INFO     | myoconverter.optimization.utils.UtilsForceOpt:fmOptPSO_cust:197 -         PSO iteration: 0 ; 0 percentage similarities; Best obj: 2.17693
2026-09-08 10:55:45.926 | INFO     | myoconverter.optimization.utils.UtilsForceOpt:fmOptPSO_cust:197 -         PSO iteration: 1 ; 1 percentage similarities; Best obj: 1.92817
2026-09-08 10:55:46.196 | INFO     | myoconverter.optimization.utils.UtilsForceOpt:fmOptPSO_cust:197 -         PSO iteration: 2 ; 1 percentage similarities; Best obj: 1.92817
2026-09-08 10:55:46.386 | INFO     | myoconverter.optimization.utils.UtilsForceOpt:fmOptPSO_cust:197 -         PSO iteration: 3 ; 1 percentage similarities; Best obj: 1.92817
2026-09-08 10:55:46.571 | INFO     | myoconverter.optimization.utils.UtilsForceOpt:fmOptPSO_cust:197 -         PSO iteration: 4 ; 2 percentage similarities; Best obj: 1.86492
2026-09-08 10:55:46.765 | INFO     | myoconverter.optimization.utils.UtilsForceOpt:fmOptPSO_cust:197 -         PSO iteration: 5 ; 1 percentage similarities; Best obj: 1.8512
2026-09-08 10:55:46.936 | INFO     | myoconverter.optimization.utils.UtilsForceOpt:fmOptPSO_cust:197 -         PSO iteration: 6 ; 2 percentage similarities; Best obj: 1.83923
2026-09-08 10:55:47.087 | INFO     | myoconverter.optimization.utils.UtilsForceOpt:fmOptPSO_cust:197 -         PSO iteration: 7 ; 2 percentage similarities; Best obj: 1.82746
2026-09-08 10:55:47.244 | INFO     | myoconverter.optimization.utils.UtilsForceOpt:fmOptPSO_cust:197 -         PSO iteration: 8 ; 2 percentage similarities; Best obj: 1.82336
2026-09-08 10:55:47.409 | INFO     | myoconverter.optimization.utils.UtilsForceOpt:fmOptPSO_cust:197 -         PSO iteration: 9 ; 2 percentage similarities; Best obj: 1.81438
2026-09-08 10:55:47.640 | INFO     | myoconverter.optimization.utils.UtilsForceOpt:fmOptPSO_cust:197 -         PSO iteration: 10 ; 2 percentage similarities; Best obj: 1.81176
2026-09-08 10:55:47.851 | INFO     | myoconverter.optimization.utils.UtilsForceOpt:fmOptPSO_cust:197 -         PSO iteration: 11 ; 2 percentage similarities; Best obj: 1.81117
2026-09-08 10:55:48.037 | INFO     | myoconverter.optimization.utils.UtilsForceOpt:fmOptPSO_cust:197 -         PSO iteration: 12 ; 2 percentage similarities; Best obj: 1.81103
2026-09-08 10:55:48.198 | INFO     | myoconverter.optimization.utils.UtilsForceOpt:fmOptPSO_cust:197 -         PSO iteration: 13 ; 2 percentage similarities; Best obj: 1.80999
2026-09-08 10:55:48.409 | INFO     | myoconverter.optimization.utils.UtilsForceOpt:fmOptPSO_cust:197 -         PSO iteration: 14 ; 4 percentage similarities; Best obj: 1.80922
2026-09-08 10:55:48.613 | INFO     | myoconverter.optimization.utils.UtilsForceOpt:fmOptPSO_cust:197 -         PSO iteration: 15 ; 4 percentage similarities; Best obj: 1.80881
2026-09-08 10:55:48.787 | INFO     | myoconverter.optimization.utils.UtilsForceOpt:fmOptPSO_cust:197 -         PSO iteration: 16 ; 5 percentage similarities; Best obj: 1.8065
2026-09-08 10:55:48.946 | INFO     | myoconverter.optimization.utils.UtilsForceOpt:fmOptPSO_cust:197 -         PSO iteration: 17 ; 5 percentage similarities; Best obj: 1.80609
2026-09-08 10:55:49.103 | INFO     | myoconverter.optimization.utils.UtilsForceOpt:fmOptPSO_cust:197 -         PSO iteration: 18 ; 5 percentage similarities; Best obj: 1.80553
2026-09-08 10:55:49.288 | INFO     | myoconverter.optimization.utils.UtilsForceOpt:fmOptPSO_cust:197 -         PSO iteration: 19 ; 10 percentage similarities; Best obj: 1.80533
2026-09-08 10:55:49.483 | INFO     | myoconverter.optimization.utils.UtilsForceOpt:fmOptPSO_cust:197 -         PSO iteration: 20 ; 12 percentage similarities; Best obj: 1.80529
2026-09-08 10:55:49.715 | INFO     | myoconverter.optimization.utils.UtilsForceOpt:fmOptPSO_cust:197 -         PSO iteration: 21 ; 19 percentage similarities; Best obj: 1.80528
2026-09-08 10:55:49.919 | INFO     | myoconverter.optimization.utils.UtilsForceOpt:fmOptPSO_cust:197 -         PSO iteration: 22 ; 34 percentage similarities; Best obj: 1.80515
2026-09-08 10:55:50.134 | INFO     | myoconverter.optimization.utils.UtilsForceOpt:fmOptPSO_cust:197 -         PSO iteration: 23 ; 49 percentage similarities; Best obj: 1.80513
2026-09-08 10:55:50.134 | INFO     | myoconverter.optimization.utils.UtilsForceOpt:fmOptPSO_cust:205 -         Break the optimization, since certain number of similar particles reached
2026-09-08 10:55:50.277 | INFO     | myoconverter.conversion_steps.O2MStep3:optMuscleForce:293 - Muscle : gem_l 
2026-09-08 10:56:01.708 | INFO     | myoconverter.optimization.utils.UtilsForceOpt:fmOptPSO_cust:197 -         PSO iteration: 0 ; 0 percentage similarities; Best obj: 1.53963
2026-09-08 10:56:01.859 | INFO     | myoconverter.optimization.utils.UtilsForceOpt:fmOptPSO_cust:197 -         PSO iteration: 1 ; 1 percentage similarities; Best obj: 1.53963
2026-09-08 10:56:02.019 | INFO     | myoconverter.optimization.utils.UtilsForceOpt:fmOptPSO_cust:197 -         PSO iteration: 2 ; 1 percentage similarities; Best obj: 1.53963
2026-09-08 10:56:02.220 | INFO     | myoconverter.optimization.utils.UtilsForceOpt:fmOptPSO_cust:197 -         PSO iteration: 3 ; 1 percentage similarities; Best obj: 1.53963
2026-09-08 10:56:02.432 | INFO     | myoconverter.optimization.utils.UtilsForceOpt:fmOptPSO_cust:197 -         PSO iteration: 4 ; 1 percentage similarities; Best obj: 1.53431
2026-09-08 10:56:02.622 | INFO     | myoconverter.optimization.utils.UtilsForceOpt:fmOptPSO_cust:197 -         PSO iteration: 5 ; 2 percentage similarities; Best obj: 1.52195
2026-09-08 10:56:02.801 | INFO     | myoconverter.optimization.utils.UtilsForceOpt:fmOptPSO_cust:197 -         PSO iteration: 6 ; 2 percentage similarities; Best obj: 1.5153
2026-09-08 10:56:02.998 | INFO     | myoconverter.optimization.utils.UtilsForceOpt:fmOptPSO_cust:197 -         PSO iteration: 7 ; 2 percentage similarities; Best obj: 1.51399
2026-09-08 10:56:03.173 | INFO     | myoconverter.optimization.utils.UtilsForceOpt:fmOptPSO_cust:197 -         PSO iteration: 8 ; 2 percentage similarities; Best obj: 1.5111
2026-09-08 10:56:03.362 | INFO     | myoconverter.optimization.utils.UtilsForceOpt:fmOptPSO_cust:197 -         PSO iteration: 9 ; 2 percentage similarities; Best obj: 1.51019
2026-09-08 10:56:03.515 | INFO     | myoconverter.optimization.utils.UtilsForceOpt:fmOptPSO_cust:197 -         PSO iteration: 10 ; 2 percentage similarities; Best obj: 1.50666
2026-09-08 10:56:03.673 | INFO     | myoconverter.optimization.utils.UtilsForceOpt:fmOptPSO_cust:197 -         PSO iteration: 11 ; 2 percentage similarities; Best obj: 1.50599
2026-09-08 10:56:03.903 | INFO     | myoconverter.optimization.utils.UtilsForceOpt:fmOptPSO_cust:197 -         PSO iteration: 12 ; 2 percentage similarities; Best obj: 1.50585
2026-09-08 10:56:04.100 | INFO     | myoconverter.optimization.utils.UtilsForceOpt:fmOptPSO_cust:197 -         PSO iteration: 13 ; 4 percentage similarities; Best obj: 1.50582
2026-09-08 10:56:04.271 | INFO     | myoconverter.optimization.utils.UtilsForceOpt:fmOptPSO_cust:197 -         PSO iteration: 14 ; 5 percentage similarities; Best obj: 1.50581
2026-09-08 10:56:04.442 | INFO     | myoconverter.optimization.utils.UtilsForceOpt:fmOptPSO_cust:197 -         PSO iteration: 15 ; 5 percentage similarities; Best obj: 1.5058
2026-09-08 10:56:04.593 | INFO     | myoconverter.optimization.utils.UtilsForceOpt:fmOptPSO_cust:197 -         PSO iteration: 16 ; 5 percentage similarities; Best obj: 1.50544
2026-09-08 10:56:04.764 | INFO     | myoconverter.optimization.utils.UtilsForceOpt:fmOptPSO_cust:197 -         PSO iteration: 17 ; 5 percentage similarities; Best obj: 1.50536
2026-09-08 10:56:04.951 | INFO     | myoconverter.optimization.utils.UtilsForceOpt:fmOptPSO_cust:197 -         PSO iteration: 18 ; 8 percentage similarities; Best obj: 1.50513
2026-09-08 10:56:05.145 | INFO     | myoconverter.optimization.utils.UtilsForceOpt:fmOptPSO_cust:197 -         PSO iteration: 19 ; 11 percentage similarities; Best obj: 1.50507
2026-09-08 10:56:05.297 | INFO     | myoconverter.optimization.utils.UtilsForceOpt:fmOptPSO_cust:197 -         PSO iteration: 20 ; 15 percentage similarities; Best obj: 1.50506
2026-09-08 10:56:05.468 | INFO     | myoconverter.optimization.utils.UtilsForceOpt:fmOptPSO_cust:197 -         PSO iteration: 21 ; 26 percentage similarities; Best obj: 1.50502
2026-09-08 10:56:05.661 | INFO     | myoconverter.optimization.utils.UtilsForceOpt:fmOptPSO_cust:197 -         PSO iteration: 22 ; 39 percentage similarities; Best obj: 1.50501
2026-09-08 10:56:05.662 | INFO     | myoconverter.optimization.utils.UtilsForceOpt:fmOptPSO_cust:205 -         Break the optimization, since certain number of similar particles reached
2026-09-08 10:56:05.827 | INFO     | myoconverter.conversion_steps.O2MStep3:optMuscleForce:293 - Muscle : peri_l 
2026-09-08 10:56:17.721 | INFO     | myoconverter.optimization.utils.UtilsForceOpt:fmOptPSO_cust:197 -         PSO iteration: 0 ; 0 percentage similarities; Best obj: 0.41044
2026-09-08 10:56:17.868 | INFO     | myoconverter.optimization.utils.UtilsForceOpt:fmOptPSO_cust:197 -         PSO iteration: 1 ; 1 percentage similarities; Best obj: 0.3879
2026-09-08 10:56:18.029 | INFO     | myoconverter.optimization.utils.UtilsForceOpt:fmOptPSO_cust:197 -         PSO iteration: 2 ; 2 percentage similarities; Best obj: 0.37273
2026-09-08 10:56:18.190 | INFO     | myoconverter.optimization.utils.UtilsForceOpt:fmOptPSO_cust:197 -         PSO iteration: 3 ; 1 percentage similarities; Best obj: 0.34095
2026-09-08 10:56:18.365 | INFO     | myoconverter.optimization.utils.UtilsForceOpt:fmOptPSO_cust:197 -         PSO iteration: 4 ; 1 percentage similarities; Best obj: 0.33149
2026-09-08 10:56:18.577 | INFO     | myoconverter.optimization.utils.UtilsForceOpt:fmOptPSO_cust:197 -         PSO iteration: 5 ; 1 percentage similarities; Best obj: 0.32918
2026-09-08 10:56:18.806 | INFO     | myoconverter.optimization.utils.UtilsForceOpt:fmOptPSO_cust:197 -         PSO iteration: 6 ; 1 percentage similarities; Best obj: 0.28606
2026-09-08 10:56:18.995 | INFO     | myoconverter.optimization.utils.UtilsForceOpt:fmOptPSO_cust:197 -         PSO iteration: 7 ; 1 percentage similarities; Best obj: 0.27827
2026-09-08 10:56:19.167 | INFO     | myoconverter.optimization.utils.UtilsForceOpt:fmOptPSO_cust:197 -         PSO iteration: 8 ; 1 percentage similarities; Best obj: 0.27666
2026-09-08 10:56:19.389 | INFO     | myoconverter.optimization.utils.UtilsForceOpt:fmOptPSO_cust:197 -         PSO iteration: 9 ; 1 percentage similarities; Best obj: 0.27628
2026-09-08 10:56:19.614 | INFO     | myoconverter.optimization.utils.UtilsForceOpt:fmOptPSO_cust:197 -         PSO iteration: 10 ; 1 percentage similarities; Best obj: 0.2718
2026-09-08 10:56:19.785 | INFO     | myoconverter.optimization.utils.UtilsForceOpt:fmOptPSO_cust:197 -         PSO iteration: 11 ; 1 percentage similarities; Best obj: 0.27011
2026-09-08 10:56:19.956 | INFO     | myoconverter.optimization.utils.UtilsForceOpt:fmOptPSO_cust:197 -         PSO iteration: 12 ; 2 percentage similarities; Best obj: 0.26864
2026-09-08 10:56:20.129 | INFO     | myoconverter.optimization.utils.UtilsForceOpt:fmOptPSO_cust:197 -         PSO iteration: 13 ; 2 percentage similarities; Best obj: 0.26825
2026-09-08 10:56:20.298 | INFO     | myoconverter.optimization.utils.UtilsForceOpt:fmOptPSO_cust:197 -         PSO iteration: 14 ; 2 percentage similarities; Best obj: 0.26818
2026-09-08 10:56:20.487 | INFO     | myoconverter.optimization.utils.UtilsForceOpt:fmOptPSO_cust:197 -         PSO iteration: 15 ; 2 percentage similarities; Best obj: 0.26815
2026-09-08 10:56:20.669 | INFO     | myoconverter.optimization.utils.UtilsForceOpt:fmOptPSO_cust:197 -         PSO iteration: 16 ; 6 percentage similarities; Best obj: 0.268
2026-09-08 10:56:20.830 | INFO     | myoconverter.optimization.utils.UtilsForceOpt:fmOptPSO_cust:197 -         PSO iteration: 17 ; 8 percentage similarities; Best obj: 0.26796
2026-09-08 10:56:21.049 | INFO     | myoconverter.optimization.utils.UtilsForceOpt:fmOptPSO_cust:197 -         PSO iteration: 18 ; 11 percentage similarities; Best obj: 0.26793
2026-09-08 10:56:21.278 | INFO     | myoconverter.optimization.utils.UtilsForceOpt:fmOptPSO_cust:197 -         PSO iteration: 19 ; 15 percentage similarities; Best obj: 0.26792
2026-09-08 10:56:21.460 | INFO     | myoconverter.optimization.utils.UtilsForceOpt:fmOptPSO_cust:197 -         PSO iteration: 20 ; 21 percentage similarities; Best obj: 0.26789
2026-09-08 10:56:21.621 | INFO     | myoconverter.optimization.utils.UtilsForceOpt:fmOptPSO_cust:197 -         PSO iteration: 21 ; 32 percentage similarities; Best obj: 0.26788
2026-09-08 10:56:21.787 | INFO     | myoconverter.optimization.utils.UtilsForceOpt:fmOptPSO_cust:197 -         PSO iteration: 22 ; 38 percentage similarities; Best obj: 0.26788
2026-09-08 10:56:21.787 | INFO     | myoconverter.optimization.utils.UtilsForceOpt:fmOptPSO_cust:205 -         Break the optimization, since certain number of similar particles reached
2026-09-08 10:56:21.969 | INFO     | myoconverter.conversion_steps.O2MStep3:optMuscleForce:293 - Muscle : rect_fem_l 
2026-09-08 10:56:34.377 | INFO     | myoconverter.optimization.utils.UtilsForceOpt:fmOptPSO_cust:197 -         PSO iteration: 0 ; 0 percentage similarities; Best obj: 0.17853
2026-09-08 10:56:34.697 | INFO     | myoconverter.optimization.utils.UtilsForceOpt:fmOptPSO_cust:197 -         PSO iteration: 1 ; 1 percentage similarities; Best obj: 0.17853
2026-09-08 10:56:35.022 | INFO     | myoconverter.optimization.utils.UtilsForceOpt:fmOptPSO_cust:197 -         PSO iteration: 2 ; 1 percentage similarities; Best obj: 0.17853
2026-09-08 10:56:35.344 | INFO     | myoconverter.optimization.utils.UtilsForceOpt:fmOptPSO_cust:197 -         PSO iteration: 3 ; 2 percentage similarities; Best obj: 0.16533
2026-09-08 10:56:35.614 | INFO     | myoconverter.optimization.utils.UtilsForceOpt:fmOptPSO_cust:197 -         PSO iteration: 4 ; 1 percentage similarities; Best obj: 0.16318
2026-09-08 10:56:35.962 | INFO     | myoconverter.optimization.utils.UtilsForceOpt:fmOptPSO_cust:197 -         PSO iteration: 5 ; 1 percentage similarities; Best obj: 0.16277
2026-09-08 10:56:36.297 | INFO     | myoconverter.optimization.utils.UtilsForceOpt:fmOptPSO_cust:197 -         PSO iteration: 6 ; 1 percentage similarities; Best obj: 0.16267
2026-09-08 10:56:36.618 | INFO     | myoconverter.optimization.utils.UtilsForceOpt:fmOptPSO_cust:197 -         PSO iteration: 7 ; 1 percentage similarities; Best obj: 0.16265
2026-09-08 10:56:36.911 | INFO     | myoconverter.optimization.utils.UtilsForceOpt:fmOptPSO_cust:197 -         PSO iteration: 8 ; 1 percentage similarities; Best obj: 0.16264
2026-09-08 10:56:37.163 | INFO     | myoconverter.optimization.utils.UtilsForceOpt:fmOptPSO_cust:197 -         PSO iteration: 9 ; 1 percentage similarities; Best obj: 0.16264
2026-09-08 10:56:37.535 | INFO     | myoconverter.optimization.utils.UtilsForceOpt:fmOptPSO_cust:197 -         PSO iteration: 10 ; 1 percentage similarities; Best obj: 0.16264
2026-09-08 10:56:37.880 | INFO     | myoconverter.optimization.utils.UtilsForceOpt:fmOptPSO_cust:197 -         PSO iteration: 11 ; 1 percentage similarities; Best obj: 0.16264
2026-09-08 10:56:38.199 | INFO     | myoconverter.optimization.utils.UtilsForceOpt:fmOptPSO_cust:197 -         PSO iteration: 12 ; 2 percentage similarities; Best obj: 0.16137
2026-09-08 10:56:38.485 | INFO     | myoconverter.optimization.utils.UtilsForceOpt:fmOptPSO_cust:197 -         PSO iteration: 13 ; 2 percentage similarities; Best obj: 0.16108
2026-09-08 10:56:38.746 | INFO     | myoconverter.optimization.utils.UtilsForceOpt:fmOptPSO_cust:197 -         PSO iteration: 14 ; 2 percentage similarities; Best obj: 0.16059
2026-09-08 10:56:39.002 | INFO     | myoconverter.optimization.utils.UtilsForceOpt:fmOptPSO_cust:197 -         PSO iteration: 15 ; 2 percentage similarities; Best obj: 0.16047
2026-09-08 10:56:39.328 | INFO     | myoconverter.optimization.utils.UtilsForceOpt:fmOptPSO_cust:197 -         PSO iteration: 16 ; 5 percentage similarities; Best obj: 0.16032
2026-09-08 10:56:39.636 | INFO     | myoconverter.optimization.utils.UtilsForceOpt:fmOptPSO_cust:197 -         PSO iteration: 17 ; 6 percentage similarities; Best obj: 0.16013
2026-09-08 10:56:39.907 | INFO     | myoconverter.optimization.utils.UtilsForceOpt:fmOptPSO_cust:197 -         PSO iteration: 18 ; 14 percentage similarities; Best obj: 0.16008
2026-09-08 10:56:40.180 | INFO     | myoconverter.optimization.utils.UtilsForceOpt:fmOptPSO_cust:197 -         PSO iteration: 19 ; 18 percentage similarities; Best obj: 0.16007
2026-09-08 10:56:40.429 | INFO     | myoconverter.optimization.utils.UtilsForceOpt:fmOptPSO_cust:197 -         PSO iteration: 20 ; 18 percentage similarities; Best obj: 0.16002
2026-09-08 10:56:40.673 | INFO     | myoconverter.optimization.utils.UtilsForceOpt:fmOptPSO_cust:197 -         PSO iteration: 21 ; 21 percentage similarities; Best obj: 0.15999
2026-09-08 10:56:40.996 | INFO     | myoconverter.optimization.utils.UtilsForceOpt:fmOptPSO_cust:197 -         PSO iteration: 22 ; 24 percentage similarities; Best obj: 0.15996
2026-09-08 10:56:41.379 | INFO     | myoconverter.optimization.utils.UtilsForceOpt:fmOptPSO_cust:197 -         PSO iteration: 23 ; 28 percentage similarities; Best obj: 0.15992
2026-09-08 10:56:41.689 | INFO     | myoconverter.optimization.utils.UtilsForceOpt:fmOptPSO_cust:197 -         PSO iteration: 24 ; 34 percentage similarities; Best obj: 0.15988
2026-09-08 10:56:41.940 | INFO     | myoconverter.optimization.utils.UtilsForceOpt:fmOptPSO_cust:197 -         PSO iteration: 25 ; 49 percentage similarities; Best obj: 0.15987
2026-09-08 10:56:41.940 | INFO     | myoconverter.optimization.utils.UtilsForceOpt:fmOptPSO_cust:205 -         Break the optimization, since certain number of similar particles reached
2026-09-08 10:56:42.100 | INFO     | myoconverter.conversion_steps.O2MStep3:optMuscleForce:293 - Muscle : vas_med_l 
2026-09-08 10:56:54.077 | INFO     | myoconverter.optimization.utils.UtilsForceOpt:fmOptPSO_cust:197 -         PSO iteration: 0 ; 0 percentage similarities; Best obj: 0.10888
2026-09-08 10:56:54.304 | INFO     | myoconverter.optimization.utils.UtilsForceOpt:fmOptPSO_cust:197 -         PSO iteration: 1 ; 1 percentage similarities; Best obj: 0.08499
2026-09-08 10:56:54.555 | INFO     | myoconverter.optimization.utils.UtilsForceOpt:fmOptPSO_cust:197 -         PSO iteration: 2 ; 1 percentage similarities; Best obj: 0.08499
2026-09-08 10:56:54.844 | INFO     | myoconverter.optimization.utils.UtilsForceOpt:fmOptPSO_cust:197 -         PSO iteration: 3 ; 1 percentage similarities; Best obj: 0.08499
2026-09-08 10:56:55.120 | INFO     | myoconverter.optimization.utils.UtilsForceOpt:fmOptPSO_cust:197 -         PSO iteration: 4 ; 1 percentage similarities; Best obj: 0.06413
2026-09-08 10:56:55.375 | INFO     | myoconverter.optimization.utils.UtilsForceOpt:fmOptPSO_cust:197 -         PSO iteration: 5 ; 1 percentage similarities; Best obj: 0.04743
2026-09-08 10:56:55.649 | INFO     | myoconverter.optimization.utils.UtilsForceOpt:fmOptPSO_cust:197 -         PSO iteration: 6 ; 1 percentage similarities; Best obj: 0.0464
2026-09-08 10:56:55.880 | INFO     | myoconverter.optimization.utils.UtilsForceOpt:fmOptPSO_cust:197 -         PSO iteration: 7 ; 1 percentage similarities; Best obj: 0.0464
2026-09-08 10:56:56.147 | INFO     | myoconverter.optimization.utils.UtilsForceOpt:fmOptPSO_cust:197 -         PSO iteration: 8 ; 1 percentage similarities; Best obj: 0.0464
2026-09-08 10:56:56.453 | INFO     | myoconverter.optimization.utils.UtilsForceOpt:fmOptPSO_cust:197 -         PSO iteration: 9 ; 1 percentage similarities; Best obj: 0.0464
2026-09-08 10:56:56.852 | INFO     | myoconverter.optimization.utils.UtilsForceOpt:fmOptPSO_cust:197 -         PSO iteration: 10 ; 1 percentage similarities; Best obj: 0.04296
2026-09-08 10:56:57.181 | INFO     | myoconverter.optimization.utils.UtilsForceOpt:fmOptPSO_cust:197 -         PSO iteration: 11 ; 1 percentage similarities; Best obj: 0.04174
2026-09-08 10:56:57.448 | INFO     | myoconverter.optimization.utils.UtilsForceOpt:fmOptPSO_cust:197 -         PSO iteration: 12 ; 1 percentage similarities; Best obj: 0.04151
2026-09-08 10:56:57.699 | INFO     | myoconverter.optimization.utils.UtilsForceOpt:fmOptPSO_cust:197 -         PSO iteration: 13 ; 1 percentage similarities; Best obj: 0.04086
2026-09-08 10:56:57.953 | INFO     | myoconverter.optimization.utils.UtilsForceOpt:fmOptPSO_cust:197 -         PSO iteration: 14 ; 1 percentage similarities; Best obj: 0.04065
2026-09-08 10:56:58.251 | INFO     | myoconverter.optimization.utils.UtilsForceOpt:fmOptPSO_cust:197 -         PSO iteration: 15 ; 4 percentage similarities; Best obj: 0.04056
2026-09-08 10:56:58.546 | INFO     | myoconverter.optimization.utils.UtilsForceOpt:fmOptPSO_cust:197 -         PSO iteration: 16 ; 4 percentage similarities; Best obj: 0.0404
2026-09-08 10:56:58.801 | INFO     | myoconverter.optimization.utils.UtilsForceOpt:fmOptPSO_cust:197 -         PSO iteration: 17 ; 4 percentage similarities; Best obj: 0.04022
2026-09-08 10:56:59.064 | INFO     | myoconverter.optimization.utils.UtilsForceOpt:fmOptPSO_cust:197 -         PSO iteration: 18 ; 4 percentage similarities; Best obj: 0.04017
2026-09-08 10:56:59.303 | INFO     | myoconverter.optimization.utils.UtilsForceOpt:fmOptPSO_cust:197 -         PSO iteration: 19 ; 10 percentage similarities; Best obj: 0.0401
2026-09-08 10:56:59.531 | INFO     | myoconverter.optimization.utils.UtilsForceOpt:fmOptPSO_cust:197 -         PSO iteration: 20 ; 14 percentage similarities; Best obj: 0.04004
2026-09-08 10:56:59.793 | INFO     | myoconverter.optimization.utils.UtilsForceOpt:fmOptPSO_cust:197 -         PSO iteration: 21 ; 15 percentage similarities; Best obj: 0.04002
2026-09-08 10:57:00.082 | INFO     | myoconverter.optimization.utils.UtilsForceOpt:fmOptPSO_cust:197 -         PSO iteration: 22 ; 24 percentage similarities; Best obj: 0.03999
2026-09-08 10:57:00.352 | INFO     | myoconverter.optimization.utils.UtilsForceOpt:fmOptPSO_cust:197 -         PSO iteration: 23 ; 29 percentage similarities; Best obj: 0.03993
2026-09-08 10:57:00.608 | INFO     | myoconverter.optimization.utils.UtilsForceOpt:fmOptPSO_cust:197 -         PSO iteration: 24 ; 50 percentage similarities; Best obj: 0.03991
2026-09-08 10:57:00.608 | INFO     | myoconverter.optimization.utils.UtilsForceOpt:fmOptPSO_cust:205 -         Break the optimization, since certain number of similar particles reached
2026-09-08 10:57:00.788 | INFO     | myoconverter.conversion_steps.O2MStep3:optMuscleForce:293 - Muscle : vas_int_l 
2026-09-08 10:57:12.247 | INFO     | myoconverter.optimization.utils.UtilsForceOpt:fmOptPSO_cust:197 -         PSO iteration: 0 ; 0 percentage similarities; Best obj: 0.12572
2026-09-08 10:57:12.488 | INFO     | myoconverter.optimization.utils.UtilsForceOpt:fmOptPSO_cust:197 -         PSO iteration: 1 ; 2 percentage similarities; Best obj: 0.10115
2026-09-08 10:57:12.760 | INFO     | myoconverter.optimization.utils.UtilsForceOpt:fmOptPSO_cust:197 -         PSO iteration: 2 ; 1 percentage similarities; Best obj: 0.07523
2026-09-08 10:57:12.992 | INFO     | myoconverter.optimization.utils.UtilsForceOpt:fmOptPSO_cust:197 -         PSO iteration: 3 ; 1 percentage similarities; Best obj: 0.05485
2026-09-08 10:57:13.212 | INFO     | myoconverter.optimization.utils.UtilsForceOpt:fmOptPSO_cust:197 -         PSO iteration: 4 ; 1 percentage similarities; Best obj: 0.04152
2026-09-08 10:57:13.448 | INFO     | myoconverter.optimization.utils.UtilsForceOpt:fmOptPSO_cust:197 -         PSO iteration: 5 ; 1 percentage similarities; Best obj: 0.03581
2026-09-08 10:57:13.727 | INFO     | myoconverter.optimization.utils.UtilsForceOpt:fmOptPSO_cust:197 -         PSO iteration: 6 ; 1 percentage similarities; Best obj: 0.03471
2026-09-08 10:57:13.997 | INFO     | myoconverter.optimization.utils.UtilsForceOpt:fmOptPSO_cust:197 -         PSO iteration: 7 ; 1 percentage similarities; Best obj: 0.03446
2026-09-08 10:57:14.248 | INFO     | myoconverter.optimization.utils.UtilsForceOpt:fmOptPSO_cust:197 -         PSO iteration: 8 ; 1 percentage similarities; Best obj: 0.0344
2026-09-08 10:57:14.499 | INFO     | myoconverter.optimization.utils.UtilsForceOpt:fmOptPSO_cust:197 -         PSO iteration: 9 ; 1 percentage similarities; Best obj: 0.03362
2026-09-08 10:57:14.770 | INFO     | myoconverter.optimization.utils.UtilsForceOpt:fmOptPSO_cust:197 -         PSO iteration: 10 ; 1 percentage similarities; Best obj: 0.03115
2026-09-08 10:57:15.001 | INFO     | myoconverter.optimization.utils.UtilsForceOpt:fmOptPSO_cust:197 -         PSO iteration: 11 ; 1 percentage similarities; Best obj: 0.03053
2026-09-08 10:57:15.263 | INFO     | myoconverter.optimization.utils.UtilsForceOpt:fmOptPSO_cust:197 -         PSO iteration: 12 ; 1 percentage similarities; Best obj: 0.03026
2026-09-08 10:57:15.550 | INFO     | myoconverter.optimization.utils.UtilsForceOpt:fmOptPSO_cust:197 -         PSO iteration: 13 ; 2 percentage similarities; Best obj: 0.02985
2026-09-08 10:57:15.797 | INFO     | myoconverter.optimization.utils.UtilsForceOpt:fmOptPSO_cust:197 -         PSO iteration: 14 ; 2 percentage similarities; Best obj: 0.02968
2026-09-08 10:57:16.059 | INFO     | myoconverter.optimization.utils.UtilsForceOpt:fmOptPSO_cust:197 -         PSO iteration: 15 ; 5 percentage similarities; Best obj: 0.02961
2026-09-08 10:57:16.290 | INFO     | myoconverter.optimization.utils.UtilsForceOpt:fmOptPSO_cust:197 -         PSO iteration: 16 ; 5 percentage similarities; Best obj: 0.02942
2026-09-08 10:57:16.522 | INFO     | myoconverter.optimization.utils.UtilsForceOpt:fmOptPSO_cust:197 -         PSO iteration: 17 ; 5 percentage similarities; Best obj: 0.0293
2026-09-08 10:57:16.742 | INFO     | myoconverter.optimization.utils.UtilsForceOpt:fmOptPSO_cust:197 -         PSO iteration: 18 ; 6 percentage similarities; Best obj: 0.02914
2026-09-08 10:57:17.004 | INFO     | myoconverter.optimization.utils.UtilsForceOpt:fmOptPSO_cust:197 -         PSO iteration: 19 ; 6 percentage similarities; Best obj: 0.02904
2026-09-08 10:57:17.277 | INFO     | myoconverter.optimization.utils.UtilsForceOpt:fmOptPSO_cust:197 -         PSO iteration: 20 ; 6 percentage similarities; Best obj: 0.02891
2026-09-08 10:57:17.527 | INFO     | myoconverter.optimization.utils.UtilsForceOpt:fmOptPSO_cust:197 -         PSO iteration: 21 ; 11 percentage similarities; Best obj: 0.02887
2026-09-08 10:57:17.778 | INFO     | myoconverter.optimization.utils.UtilsForceOpt:fmOptPSO_cust:197 -         PSO iteration: 22 ; 16 percentage similarities; Best obj: 0.02884
2026-09-08 10:57:18.020 | INFO     | myoconverter.optimization.utils.UtilsForceOpt:fmOptPSO_cust:197 -         PSO iteration: 23 ; 21 percentage similarities; Best obj: 0.02879
2026-09-08 10:57:18.231 | INFO     | myoconverter.optimization.utils.UtilsForceOpt:fmOptPSO_cust:197 -         PSO iteration: 24 ; 34 percentage similarities; Best obj: 0.02877
2026-09-08 10:57:18.453 | INFO     | myoconverter.optimization.utils.UtilsForceOpt:fmOptPSO_cust:197 -         PSO iteration: 25 ; 36 percentage similarities; Best obj: 0.02876
2026-09-08 10:57:18.705 | INFO     | myoconverter.optimization.utils.UtilsForceOpt:fmOptPSO_cust:197 -         PSO iteration: 26 ; 44 percentage similarities; Best obj: 0.02875
2026-09-08 10:57:18.705 | INFO     | myoconverter.optimization.utils.UtilsForceOpt:fmOptPSO_cust:205 -         Break the optimization, since certain number of similar particles reached
2026-09-08 10:57:18.927 | INFO     | myoconverter.conversion_steps.O2MStep3:optMuscleForce:293 - Muscle : vas_lat_l 
2026-09-08 10:57:30.232 | INFO     | myoconverter.optimization.utils.UtilsForceOpt:fmOptPSO_cust:197 -         PSO iteration: 0 ; 0 percentage similarities; Best obj: 0.11222
2026-09-08 10:57:30.458 | INFO     | myoconverter.optimization.utils.UtilsForceOpt:fmOptPSO_cust:197 -         PSO iteration: 1 ; 1 percentage similarities; Best obj: 0.05842
2026-09-08 10:57:30.694 | INFO     | myoconverter.optimization.utils.UtilsForceOpt:fmOptPSO_cust:197 -         PSO iteration: 2 ; 1 percentage similarities; Best obj: 0.05842
2026-09-08 10:57:30.961 | INFO     | myoconverter.optimization.utils.UtilsForceOpt:fmOptPSO_cust:197 -         PSO iteration: 3 ; 1 percentage similarities; Best obj: 0.05842
2026-09-08 10:57:31.240 | INFO     | myoconverter.optimization.utils.UtilsForceOpt:fmOptPSO_cust:197 -         PSO iteration: 4 ; 1 percentage similarities; Best obj: 0.0567
2026-09-08 10:57:31.473 | INFO     | myoconverter.optimization.utils.UtilsForceOpt:fmOptPSO_cust:197 -         PSO iteration: 5 ; 1 percentage similarities; Best obj: 0.05356
2026-09-08 10:57:31.709 | INFO     | myoconverter.optimization.utils.UtilsForceOpt:fmOptPSO_cust:197 -         PSO iteration: 6 ; 1 percentage similarities; Best obj: 0.0457
2026-09-08 10:57:31.940 | INFO     | myoconverter.optimization.utils.UtilsForceOpt:fmOptPSO_cust:197 -         PSO iteration: 7 ; 1 percentage similarities; Best obj: 0.04335
2026-09-08 10:57:32.142 | INFO     | myoconverter.optimization.utils.UtilsForceOpt:fmOptPSO_cust:197 -         PSO iteration: 8 ; 1 percentage similarities; Best obj: 0.04282
2026-09-08 10:57:32.362 | INFO     | myoconverter.optimization.utils.UtilsForceOpt:fmOptPSO_cust:197 -         PSO iteration: 9 ; 1 percentage similarities; Best obj: 0.04269
2026-09-08 10:57:32.617 | INFO     | myoconverter.optimization.utils.UtilsForceOpt:fmOptPSO_cust:197 -         PSO iteration: 10 ; 1 percentage similarities; Best obj: 0.04266
2026-09-08 10:57:32.977 | INFO     | myoconverter.optimization.utils.UtilsForceOpt:fmOptPSO_cust:197 -         PSO iteration: 11 ; 1 percentage similarities; Best obj: 0.03951
2026-09-08 10:57:33.243 | INFO     | myoconverter.optimization.utils.UtilsForceOpt:fmOptPSO_cust:197 -         PSO iteration: 12 ; 1 percentage similarities; Best obj: 0.03894
2026-09-08 10:57:33.496 | INFO     | myoconverter.optimization.utils.UtilsForceOpt:fmOptPSO_cust:197 -         PSO iteration: 13 ; 1 percentage similarities; Best obj: 0.03882
2026-09-08 10:57:33.717 | INFO     | myoconverter.optimization.utils.UtilsForceOpt:fmOptPSO_cust:197 -         PSO iteration: 14 ; 2 percentage similarities; Best obj: 0.03839
2026-09-08 10:57:33.929 | INFO     | myoconverter.optimization.utils.UtilsForceOpt:fmOptPSO_cust:197 -         PSO iteration: 15 ; 1 percentage similarities; Best obj: 0.03829
2026-09-08 10:57:34.172 | INFO     | myoconverter.optimization.utils.UtilsForceOpt:fmOptPSO_cust:197 -         PSO iteration: 16 ; 6 percentage similarities; Best obj: 0.0379
2026-09-08 10:57:34.437 | INFO     | myoconverter.optimization.utils.UtilsForceOpt:fmOptPSO_cust:197 -         PSO iteration: 17 ; 8 percentage similarities; Best obj: 0.03777
2026-09-08 10:57:34.697 | INFO     | myoconverter.optimization.utils.UtilsForceOpt:fmOptPSO_cust:197 -         PSO iteration: 18 ; 12 percentage similarities; Best obj: 0.03761
2026-09-08 10:57:34.961 | INFO     | myoconverter.optimization.utils.UtilsForceOpt:fmOptPSO_cust:197 -         PSO iteration: 19 ; 15 percentage similarities; Best obj: 0.03756
2026-09-08 10:57:35.216 | INFO     | myoconverter.optimization.utils.UtilsForceOpt:fmOptPSO_cust:197 -         PSO iteration: 20 ; 25 percentage similarities; Best obj: 0.03755
2026-09-08 10:57:35.216 | INFO     | myoconverter.optimization.utils.UtilsForceOpt:fmOptPSO_cust:205 -         Break the optimization, since certain number of similar particles reached
2026-09-08 10:57:35.359 | INFO     | myoconverter.conversion_steps.O2MStep3:optMuscleForce:293 - Muscle : med_gas_l 
2026-09-08 10:57:46.741 | INFO     | myoconverter.optimization.utils.UtilsForceOpt:fmOptPSO_cust:197 -         PSO iteration: 0 ; 0 percentage similarities; Best obj: 0.16929
2026-09-08 10:57:47.032 | INFO     | myoconverter.optimization.utils.UtilsForceOpt:fmOptPSO_cust:197 -         PSO iteration: 1 ; 1 percentage similarities; Best obj: 0.16929
2026-09-08 10:57:47.283 | INFO     | myoconverter.optimization.utils.UtilsForceOpt:fmOptPSO_cust:197 -         PSO iteration: 2 ; 1 percentage similarities; Best obj: 0.1141
2026-09-08 10:57:47.515 | INFO     | myoconverter.optimization.utils.UtilsForceOpt:fmOptPSO_cust:197 -         PSO iteration: 3 ; 1 percentage similarities; Best obj: 0.10642
2026-09-08 10:57:47.747 | INFO     | myoconverter.optimization.utils.UtilsForceOpt:fmOptPSO_cust:197 -         PSO iteration: 4 ; 1 percentage similarities; Best obj: 0.1063
2026-09-08 10:57:48.010 | INFO     | myoconverter.optimization.utils.UtilsForceOpt:fmOptPSO_cust:197 -         PSO iteration: 5 ; 1 percentage similarities; Best obj: 0.1063
2026-09-08 10:57:48.302 | INFO     | myoconverter.optimization.utils.UtilsForceOpt:fmOptPSO_cust:197 -         PSO iteration: 6 ; 1 percentage similarities; Best obj: 0.1063
2026-09-08 10:57:48.570 | INFO     | myoconverter.optimization.utils.UtilsForceOpt:fmOptPSO_cust:197 -         PSO iteration: 7 ; 1 percentage similarities; Best obj: 0.1063
2026-09-08 10:57:48.854 | INFO     | myoconverter.optimization.utils.UtilsForceOpt:fmOptPSO_cust:197 -         PSO iteration: 8 ; 1 percentage similarities; Best obj: 0.1063
2026-09-08 10:57:49.094 | INFO     | myoconverter.optimization.utils.UtilsForceOpt:fmOptPSO_cust:197 -         PSO iteration: 9 ; 1 percentage similarities; Best obj: 0.1063
2026-09-08 10:57:49.325 | INFO     | myoconverter.optimization.utils.UtilsForceOpt:fmOptPSO_cust:197 -         PSO iteration: 10 ; 1 percentage similarities; Best obj: 0.1063
2026-09-08 10:57:49.537 | INFO     | myoconverter.optimization.utils.UtilsForceOpt:fmOptPSO_cust:197 -         PSO iteration: 11 ; 1 percentage similarities; Best obj: 0.1063
2026-09-08 10:57:49.806 | INFO     | myoconverter.optimization.utils.UtilsForceOpt:fmOptPSO_cust:197 -         PSO iteration: 12 ; 1 percentage similarities; Best obj: 0.1063
2026-09-08 10:57:50.090 | INFO     | myoconverter.optimization.utils.UtilsForceOpt:fmOptPSO_cust:197 -         PSO iteration: 13 ; 1 percentage similarities; Best obj: 0.1063
2026-09-08 10:57:50.331 | INFO     | myoconverter.optimization.utils.UtilsForceOpt:fmOptPSO_cust:197 -         PSO iteration: 14 ; 1 percentage similarities; Best obj: 0.1049
2026-09-08 10:57:50.582 | INFO     | myoconverter.optimization.utils.UtilsForceOpt:fmOptPSO_cust:197 -         PSO iteration: 15 ; 1 percentage similarities; Best obj: 0.10419
2026-09-08 10:57:50.814 | INFO     | myoconverter.optimization.utils.UtilsForceOpt:fmOptPSO_cust:197 -         PSO iteration: 16 ; 2 percentage similarities; Best obj: 0.1036
2026-09-08 10:57:51.036 | INFO     | myoconverter.optimization.utils.UtilsForceOpt:fmOptPSO_cust:197 -         PSO iteration: 17 ; 4 percentage similarities; Best obj: 0.10334
2026-09-08 10:57:51.246 | INFO     | myoconverter.optimization.utils.UtilsForceOpt:fmOptPSO_cust:197 -         PSO iteration: 18 ; 4 percentage similarities; Best obj: 0.10328
2026-09-08 10:57:51.497 | INFO     | myoconverter.optimization.utils.UtilsForceOpt:fmOptPSO_cust:197 -         PSO iteration: 19 ; 4 percentage similarities; Best obj: 0.10299
2026-09-08 10:57:51.780 | INFO     | myoconverter.optimization.utils.UtilsForceOpt:fmOptPSO_cust:197 -         PSO iteration: 20 ; 4 percentage similarities; Best obj: 0.10292
2026-09-08 10:57:52.029 | INFO     | myoconverter.optimization.utils.UtilsForceOpt:fmOptPSO_cust:197 -         PSO iteration: 21 ; 4 percentage similarities; Best obj: 0.1029
2026-09-08 10:57:52.273 | INFO     | myoconverter.optimization.utils.UtilsForceOpt:fmOptPSO_cust:197 -         PSO iteration: 22 ; 4 percentage similarities; Best obj: 0.10281
2026-09-08 10:57:52.532 | INFO     | myoconverter.optimization.utils.UtilsForceOpt:fmOptPSO_cust:197 -         PSO iteration: 23 ; 4 percentage similarities; Best obj: 0.10279
2026-09-08 10:57:52.743 | INFO     | myoconverter.optimization.utils.UtilsForceOpt:fmOptPSO_cust:197 -         PSO iteration: 24 ; 8 percentage similarities; Best obj: 0.10279
2026-09-08 10:57:53.064 | INFO     | myoconverter.optimization.utils.UtilsForceOpt:fmOptPSO_cust:197 -         PSO iteration: 25 ; 12 percentage similarities; Best obj: 0.10279
2026-09-08 10:57:53.387 | INFO     | myoconverter.optimization.utils.UtilsForceOpt:fmOptPSO_cust:197 -         PSO iteration: 26 ; 15 percentage similarities; Best obj: 0.10279
2026-09-08 10:57:53.669 | INFO     | myoconverter.optimization.utils.UtilsForceOpt:fmOptPSO_cust:197 -         PSO iteration: 27 ; 20 percentage similarities; Best obj: 0.10279
2026-09-08 10:57:53.921 | INFO     | myoconverter.optimization.utils.UtilsForceOpt:fmOptPSO_cust:197 -         PSO iteration: 28 ; 22 percentage similarities; Best obj: 0.10279
2026-09-08 10:57:54.194 | INFO     | myoconverter.optimization.utils.UtilsForceOpt:fmOptPSO_cust:197 -         PSO iteration: 29 ; 22 percentage similarities; Best obj: 0.10279
2026-09-08 10:57:54.446 | INFO     | myoconverter.optimization.utils.UtilsForceOpt:fmOptPSO_cust:197 -         PSO iteration: 30 ; 29 percentage similarities; Best obj: 0.10279
2026-09-08 10:57:54.668 | INFO     | myoconverter.optimization.utils.UtilsForceOpt:fmOptPSO_cust:197 -         PSO iteration: 31 ; 46 percentage similarities; Best obj: 0.10278
2026-09-08 10:57:54.668 | INFO     | myoconverter.optimization.utils.UtilsForceOpt:fmOptPSO_cust:205 -         Break the optimization, since certain number of similar particles reached
2026-09-08 10:57:54.830 | INFO     | myoconverter.conversion_steps.O2MStep3:optMuscleForce:293 - Muscle : lat_gas_l 
2026-09-08 10:58:05.950 | INFO     | myoconverter.optimization.utils.UtilsForceOpt:fmOptPSO_cust:197 -         PSO iteration: 0 ; 0 percentage similarities; Best obj: 0.04561
2026-09-08 10:58:06.200 | INFO     | myoconverter.optimization.utils.UtilsForceOpt:fmOptPSO_cust:197 -         PSO iteration: 1 ; 1 percentage similarities; Best obj: 0.04057
2026-09-08 10:58:06.421 | INFO     | myoconverter.optimization.utils.UtilsForceOpt:fmOptPSO_cust:197 -         PSO iteration: 2 ; 1 percentage similarities; Best obj: 0.04057
2026-09-08 10:58:06.632 | INFO     | myoconverter.optimization.utils.UtilsForceOpt:fmOptPSO_cust:197 -         PSO iteration: 3 ; 1 percentage similarities; Best obj: 0.04057
2026-09-08 10:58:06.880 | INFO     | myoconverter.optimization.utils.UtilsForceOpt:fmOptPSO_cust:197 -         PSO iteration: 4 ; 1 percentage similarities; Best obj: 0.04057
2026-09-08 10:58:07.153 | INFO     | myoconverter.optimization.utils.UtilsForceOpt:fmOptPSO_cust:197 -         PSO iteration: 5 ; 1 percentage similarities; Best obj: 0.04057
2026-09-08 10:58:07.427 | INFO     | myoconverter.optimization.utils.UtilsForceOpt:fmOptPSO_cust:197 -         PSO iteration: 6 ; 2 percentage similarities; Best obj: 0.04001
2026-09-08 10:58:07.664 | INFO     | myoconverter.optimization.utils.UtilsForceOpt:fmOptPSO_cust:197 -         PSO iteration: 7 ; 2 percentage similarities; Best obj: 0.03837
2026-09-08 10:58:07.909 | INFO     | myoconverter.optimization.utils.UtilsForceOpt:fmOptPSO_cust:197 -         PSO iteration: 8 ; 1 percentage similarities; Best obj: 0.03806
2026-09-08 10:58:08.130 | INFO     | myoconverter.optimization.utils.UtilsForceOpt:fmOptPSO_cust:197 -         PSO iteration: 9 ; 1 percentage similarities; Best obj: 0.03779
2026-09-08 10:58:08.341 | INFO     | myoconverter.optimization.utils.UtilsForceOpt:fmOptPSO_cust:197 -         PSO iteration: 10 ; 2 percentage similarities; Best obj: 0.03769
2026-09-08 10:58:08.577 | INFO     | myoconverter.optimization.utils.UtilsForceOpt:fmOptPSO_cust:197 -         PSO iteration: 11 ; 2 percentage similarities; Best obj: 0.03766
2026-09-08 10:58:08.849 | INFO     | myoconverter.optimization.utils.UtilsForceOpt:fmOptPSO_cust:197 -         PSO iteration: 12 ; 2 percentage similarities; Best obj: 0.03766
2026-09-08 10:58:09.118 | INFO     | myoconverter.optimization.utils.UtilsForceOpt:fmOptPSO_cust:197 -         PSO iteration: 13 ; 4 percentage similarities; Best obj: 0.03766
2026-09-08 10:58:09.352 | INFO     | myoconverter.optimization.utils.UtilsForceOpt:fmOptPSO_cust:197 -         PSO iteration: 14 ; 4 percentage similarities; Best obj: 0.03754
2026-09-08 10:58:09.607 | INFO     | myoconverter.optimization.utils.UtilsForceOpt:fmOptPSO_cust:197 -         PSO iteration: 15 ; 5 percentage similarities; Best obj: 0.03746
2026-09-08 10:58:09.828 | INFO     | myoconverter.optimization.utils.UtilsForceOpt:fmOptPSO_cust:197 -         PSO iteration: 16 ; 5 percentage similarities; Best obj: 0.03733
2026-09-08 10:58:10.039 | INFO     | myoconverter.optimization.utils.UtilsForceOpt:fmOptPSO_cust:197 -         PSO iteration: 17 ; 5 percentage similarities; Best obj: 0.03727
2026-09-08 10:58:10.293 | INFO     | myoconverter.optimization.utils.UtilsForceOpt:fmOptPSO_cust:197 -         PSO iteration: 18 ; 8 percentage similarities; Best obj: 0.03721
2026-09-08 10:58:10.582 | INFO     | myoconverter.optimization.utils.UtilsForceOpt:fmOptPSO_cust:197 -         PSO iteration: 19 ; 10 percentage similarities; Best obj: 0.0372
2026-09-08 10:58:10.845 | INFO     | myoconverter.optimization.utils.UtilsForceOpt:fmOptPSO_cust:197 -         PSO iteration: 20 ; 10 percentage similarities; Best obj: 0.03717
2026-09-08 10:58:11.088 | INFO     | myoconverter.optimization.utils.UtilsForceOpt:fmOptPSO_cust:197 -         PSO iteration: 21 ; 11 percentage similarities; Best obj: 0.03716
2026-09-08 10:58:11.341 | INFO     | myoconverter.optimization.utils.UtilsForceOpt:fmOptPSO_cust:197 -         PSO iteration: 22 ; 12 percentage similarities; Best obj: 0.03715
2026-09-08 10:58:11.553 | INFO     | myoconverter.optimization.utils.UtilsForceOpt:fmOptPSO_cust:197 -         PSO iteration: 23 ; 12 percentage similarities; Best obj: 0.03715
2026-09-08 10:58:11.775 | INFO     | myoconverter.optimization.utils.UtilsForceOpt:fmOptPSO_cust:197 -         PSO iteration: 24 ; 15 percentage similarities; Best obj: 0.03715
2026-09-08 10:58:12.057 | INFO     | myoconverter.optimization.utils.UtilsForceOpt:fmOptPSO_cust:197 -         PSO iteration: 25 ; 18 percentage similarities; Best obj: 0.03715
2026-09-08 10:58:12.430 | INFO     | myoconverter.optimization.utils.UtilsForceOpt:fmOptPSO_cust:197 -         PSO iteration: 26 ; 18 percentage similarities; Best obj: 0.03715
2026-09-08 10:58:12.681 | INFO     | myoconverter.optimization.utils.UtilsForceOpt:fmOptPSO_cust:197 -         PSO iteration: 27 ; 18 percentage similarities; Best obj: 0.03715
2026-09-08 10:58:12.933 | INFO     | myoconverter.optimization.utils.UtilsForceOpt:fmOptPSO_cust:197 -         PSO iteration: 28 ; 18 percentage similarities; Best obj: 0.03714
2026-09-08 10:58:13.174 | INFO     | myoconverter.optimization.utils.UtilsForceOpt:fmOptPSO_cust:197 -         PSO iteration: 29 ; 21 percentage similarities; Best obj: 0.03714
2026-09-08 10:58:13.406 | INFO     | myoconverter.optimization.utils.UtilsForceOpt:fmOptPSO_cust:197 -         PSO iteration: 30 ; 24 percentage similarities; Best obj: 0.03714
2026-09-08 10:58:13.627 | INFO     | myoconverter.optimization.utils.UtilsForceOpt:fmOptPSO_cust:197 -         PSO iteration: 31 ; 38 percentage similarities; Best obj: 0.03713
2026-09-08 10:58:13.898 | INFO     | myoconverter.optimization.utils.UtilsForceOpt:fmOptPSO_cust:197 -         PSO iteration: 32 ; 44 percentage similarities; Best obj: 0.03713
2026-09-08 10:58:14.168 | INFO     | myoconverter.optimization.utils.UtilsForceOpt:fmOptPSO_cust:197 -         PSO iteration: 33 ; 45 percentage similarities; Best obj: 0.03713
2026-09-08 10:58:14.168 | INFO     | myoconverter.optimization.utils.UtilsForceOpt:fmOptPSO_cust:205 -         Break the optimization, since certain number of similar particles reached
2026-09-08 10:58:14.319 | INFO     | myoconverter.conversion_steps.O2MStep3:optMuscleForce:293 - Muscle : soleus_l 
2026-09-08 10:58:25.915 | INFO     | myoconverter.optimization.utils.UtilsForceOpt:fmOptPSO_cust:197 -         PSO iteration: 0 ; 0 percentage similarities; Best obj: 0.14896
2026-09-08 10:58:26.107 | INFO     | myoconverter.optimization.utils.UtilsForceOpt:fmOptPSO_cust:197 -         PSO iteration: 1 ; 1 percentage similarities; Best obj: 0.07953
2026-09-08 10:58:26.281 | INFO     | myoconverter.optimization.utils.UtilsForceOpt:fmOptPSO_cust:197 -         PSO iteration: 2 ; 1 percentage similarities; Best obj: 0.07673
2026-09-08 10:58:26.418 | INFO     | myoconverter.optimization.utils.UtilsForceOpt:fmOptPSO_cust:197 -         PSO iteration: 3 ; 1 percentage similarities; Best obj: 0.07673
2026-09-08 10:58:26.584 | INFO     | myoconverter.optimization.utils.UtilsForceOpt:fmOptPSO_cust:197 -         PSO iteration: 4 ; 1 percentage similarities; Best obj: 0.07673
2026-09-08 10:58:26.755 | INFO     | myoconverter.optimization.utils.UtilsForceOpt:fmOptPSO_cust:197 -         PSO iteration: 5 ; 1 percentage similarities; Best obj: 0.07614
2026-09-08 10:58:26.885 | INFO     | myoconverter.optimization.utils.UtilsForceOpt:fmOptPSO_cust:197 -         PSO iteration: 6 ; 2 percentage similarities; Best obj: 0.0683
2026-09-08 10:58:27.035 | INFO     | myoconverter.optimization.utils.UtilsForceOpt:fmOptPSO_cust:197 -         PSO iteration: 7 ; 1 percentage similarities; Best obj: 0.06547
2026-09-08 10:58:27.157 | INFO     | myoconverter.optimization.utils.UtilsForceOpt:fmOptPSO_cust:197 -         PSO iteration: 8 ; 2 percentage similarities; Best obj: 0.06319
2026-09-08 10:58:27.287 | INFO     | myoconverter.optimization.utils.UtilsForceOpt:fmOptPSO_cust:197 -         PSO iteration: 9 ; 1 percentage similarities; Best obj: 0.06261
2026-09-08 10:58:27.441 | INFO     | myoconverter.optimization.utils.UtilsForceOpt:fmOptPSO_cust:197 -         PSO iteration: 10 ; 1 percentage similarities; Best obj: 0.06203
2026-09-08 10:58:27.625 | INFO     | myoconverter.optimization.utils.UtilsForceOpt:fmOptPSO_cust:197 -         PSO iteration: 11 ; 2 percentage similarities; Best obj: 0.06118
2026-09-08 10:58:27.807 | INFO     | myoconverter.optimization.utils.UtilsForceOpt:fmOptPSO_cust:197 -         PSO iteration: 12 ; 2 percentage similarities; Best obj: 0.06057
2026-09-08 10:58:27.987 | INFO     | myoconverter.optimization.utils.UtilsForceOpt:fmOptPSO_cust:197 -         PSO iteration: 13 ; 2 percentage similarities; Best obj: 0.05937
2026-09-08 10:58:28.128 | INFO     | myoconverter.optimization.utils.UtilsForceOpt:fmOptPSO_cust:197 -         PSO iteration: 14 ; 1 percentage similarities; Best obj: 0.05913
2026-09-08 10:58:28.290 | INFO     | myoconverter.optimization.utils.UtilsForceOpt:fmOptPSO_cust:197 -         PSO iteration: 15 ; 1 percentage similarities; Best obj: 0.05907
2026-09-08 10:58:28.467 | INFO     | myoconverter.optimization.utils.UtilsForceOpt:fmOptPSO_cust:197 -         PSO iteration: 16 ; 2 percentage similarities; Best obj: 0.05906
2026-09-08 10:58:28.610 | INFO     | myoconverter.optimization.utils.UtilsForceOpt:fmOptPSO_cust:197 -         PSO iteration: 17 ; 2 percentage similarities; Best obj: 0.05906
2026-09-08 10:58:28.741 | INFO     | myoconverter.optimization.utils.UtilsForceOpt:fmOptPSO_cust:197 -         PSO iteration: 18 ; 2 percentage similarities; Best obj: 0.05889
2026-09-08 10:58:28.871 | INFO     | myoconverter.optimization.utils.UtilsForceOpt:fmOptPSO_cust:197 -         PSO iteration: 19 ; 2 percentage similarities; Best obj: 0.05886
2026-09-08 10:58:29.013 | INFO     | myoconverter.optimization.utils.UtilsForceOpt:fmOptPSO_cust:197 -         PSO iteration: 20 ; 2 percentage similarities; Best obj: 0.05875
2026-09-08 10:58:29.163 | INFO     | myoconverter.optimization.utils.UtilsForceOpt:fmOptPSO_cust:197 -         PSO iteration: 21 ; 4 percentage similarities; Best obj: 0.05873
2026-09-08 10:58:29.343 | INFO     | myoconverter.optimization.utils.UtilsForceOpt:fmOptPSO_cust:197 -         PSO iteration: 22 ; 8 percentage similarities; Best obj: 0.05867
2026-09-08 10:58:29.506 | INFO     | myoconverter.optimization.utils.UtilsForceOpt:fmOptPSO_cust:197 -         PSO iteration: 23 ; 8 percentage similarities; Best obj: 0.05865
2026-09-08 10:58:29.685 | INFO     | myoconverter.optimization.utils.UtilsForceOpt:fmOptPSO_cust:197 -         PSO iteration: 24 ; 8 percentage similarities; Best obj: 0.05865
2026-09-08 10:58:29.836 | INFO     | myoconverter.optimization.utils.UtilsForceOpt:fmOptPSO_cust:197 -         PSO iteration: 25 ; 8 percentage similarities; Best obj: 0.05856
2026-09-08 10:58:29.987 | INFO     | myoconverter.optimization.utils.UtilsForceOpt:fmOptPSO_cust:197 -         PSO iteration: 26 ; 8 percentage similarities; Best obj: 0.05847
2026-09-08 10:58:30.156 | INFO     | myoconverter.optimization.utils.UtilsForceOpt:fmOptPSO_cust:197 -         PSO iteration: 27 ; 9 percentage similarities; Best obj: 0.05843
2026-09-08 10:58:30.304 | INFO     | myoconverter.optimization.utils.UtilsForceOpt:fmOptPSO_cust:197 -         PSO iteration: 28 ; 14 percentage similarities; Best obj: 0.05841
2026-09-08 10:58:30.448 | INFO     | myoconverter.optimization.utils.UtilsForceOpt:fmOptPSO_cust:197 -         PSO iteration: 29 ; 16 percentage similarities; Best obj: 0.05839
2026-09-08 10:58:30.580 | INFO     | myoconverter.optimization.utils.UtilsForceOpt:fmOptPSO_cust:197 -         PSO iteration: 30 ; 24 percentage similarities; Best obj: 0.05839
2026-09-08 10:58:30.711 | INFO     | myoconverter.optimization.utils.UtilsForceOpt:fmOptPSO_cust:197 -         PSO iteration: 31 ; 26 percentage similarities; Best obj: 0.05839
2026-09-08 10:58:30.853 | INFO     | myoconverter.optimization.utils.UtilsForceOpt:fmOptPSO_cust:197 -         PSO iteration: 32 ; 35 percentage similarities; Best obj: 0.05839
2026-09-08 10:58:31.034 | INFO     | myoconverter.optimization.utils.UtilsForceOpt:fmOptPSO_cust:197 -         PSO iteration: 33 ; 41 percentage similarities; Best obj: 0.05838
2026-09-08 10:58:31.227 | INFO     | myoconverter.optimization.utils.UtilsForceOpt:fmOptPSO_cust:197 -         PSO iteration: 34 ; 50 percentage similarities; Best obj: 0.05838
2026-09-08 10:58:31.227 | INFO     | myoconverter.optimization.utils.UtilsForceOpt:fmOptPSO_cust:205 -         Break the optimization, since certain number of similar particles reached
2026-09-08 10:58:31.408 | INFO     | myoconverter.conversion_steps.O2MStep3:optMuscleForce:293 - Muscle : tib_post_l 
2026-09-08 10:58:42.611 | INFO     | myoconverter.optimization.utils.UtilsForceOpt:fmOptPSO_cust:197 -         PSO iteration: 0 ; 0 percentage similarities; Best obj: 0.12812
2026-09-08 10:58:42.732 | INFO     | myoconverter.optimization.utils.UtilsForceOpt:fmOptPSO_cust:197 -         PSO iteration: 1 ; 1 percentage similarities; Best obj: 0.08337
2026-09-08 10:58:42.862 | INFO     | myoconverter.optimization.utils.UtilsForceOpt:fmOptPSO_cust:197 -         PSO iteration: 2 ; 1 percentage similarities; Best obj: 0.08337
2026-09-08 10:58:43.044 | INFO     | myoconverter.optimization.utils.UtilsForceOpt:fmOptPSO_cust:197 -         PSO iteration: 3 ; 1 percentage similarities; Best obj: 0.08194
2026-09-08 10:58:43.237 | INFO     | myoconverter.optimization.utils.UtilsForceOpt:fmOptPSO_cust:197 -         PSO iteration: 4 ; 1 percentage similarities; Best obj: 0.07999
2026-09-08 10:58:43.426 | INFO     | myoconverter.optimization.utils.UtilsForceOpt:fmOptPSO_cust:197 -         PSO iteration: 5 ; 1 percentage similarities; Best obj: 0.07958
2026-09-08 10:58:43.577 | INFO     | myoconverter.optimization.utils.UtilsForceOpt:fmOptPSO_cust:197 -         PSO iteration: 6 ; 1 percentage similarities; Best obj: 0.07726
2026-09-08 10:58:43.737 | INFO     | myoconverter.optimization.utils.UtilsForceOpt:fmOptPSO_cust:197 -         PSO iteration: 7 ; 1 percentage similarities; Best obj: 0.07164
2026-09-08 10:58:43.908 | INFO     | myoconverter.optimization.utils.UtilsForceOpt:fmOptPSO_cust:197 -         PSO iteration: 8 ; 1 percentage similarities; Best obj: 0.07164
2026-09-08 10:58:44.050 | INFO     | myoconverter.optimization.utils.UtilsForceOpt:fmOptPSO_cust:197 -         PSO iteration: 9 ; 1 percentage similarities; Best obj: 0.07004
2026-09-08 10:58:44.197 | INFO     | myoconverter.optimization.utils.UtilsForceOpt:fmOptPSO_cust:197 -         PSO iteration: 10 ; 1 percentage similarities; Best obj: 0.06227
2026-09-08 10:58:44.321 | INFO     | myoconverter.optimization.utils.UtilsForceOpt:fmOptPSO_cust:197 -         PSO iteration: 11 ; 1 percentage similarities; Best obj: 0.06019
2026-09-08 10:58:44.462 | INFO     | myoconverter.optimization.utils.UtilsForceOpt:fmOptPSO_cust:197 -         PSO iteration: 12 ; 2 percentage similarities; Best obj: 0.05977
2026-09-08 10:58:44.604 | INFO     | myoconverter.optimization.utils.UtilsForceOpt:fmOptPSO_cust:197 -         PSO iteration: 13 ; 4 percentage similarities; Best obj: 0.05926
2026-09-08 10:58:44.777 | INFO     | myoconverter.optimization.utils.UtilsForceOpt:fmOptPSO_cust:197 -         PSO iteration: 14 ; 4 percentage similarities; Best obj: 0.05681
2026-09-08 10:58:44.950 | INFO     | myoconverter.optimization.utils.UtilsForceOpt:fmOptPSO_cust:197 -         PSO iteration: 15 ; 1 percentage similarities; Best obj: 0.05637
2026-09-08 10:58:45.141 | INFO     | myoconverter.optimization.utils.UtilsForceOpt:fmOptPSO_cust:197 -         PSO iteration: 16 ; 1 percentage similarities; Best obj: 0.05607
2026-09-08 10:58:45.290 | INFO     | myoconverter.optimization.utils.UtilsForceOpt:fmOptPSO_cust:197 -         PSO iteration: 17 ; 5 percentage similarities; Best obj: 0.05582
2026-09-08 10:58:45.436 | INFO     | myoconverter.optimization.utils.UtilsForceOpt:fmOptPSO_cust:197 -         PSO iteration: 18 ; 9 percentage similarities; Best obj: 0.05553
2026-09-08 10:58:45.613 | INFO     | myoconverter.optimization.utils.UtilsForceOpt:fmOptPSO_cust:197 -         PSO iteration: 19 ; 11 percentage similarities; Best obj: 0.05533
2026-09-08 10:58:45.755 | INFO     | myoconverter.optimization.utils.UtilsForceOpt:fmOptPSO_cust:197 -         PSO iteration: 20 ; 11 percentage similarities; Best obj: 0.05526
2026-09-08 10:58:45.886 | INFO     | myoconverter.optimization.utils.UtilsForceOpt:fmOptPSO_cust:197 -         PSO iteration: 21 ; 19 percentage similarities; Best obj: 0.05512
2026-09-08 10:58:46.022 | INFO     | myoconverter.optimization.utils.UtilsForceOpt:fmOptPSO_cust:197 -         PSO iteration: 22 ; 21 percentage similarities; Best obj: 0.05507
2026-09-08 10:58:46.158 | INFO     | myoconverter.optimization.utils.UtilsForceOpt:fmOptPSO_cust:197 -         PSO iteration: 23 ; 25 percentage similarities; Best obj: 0.05504
2026-09-08 10:58:46.290 | INFO     | myoconverter.optimization.utils.UtilsForceOpt:fmOptPSO_cust:197 -         PSO iteration: 24 ; 29 percentage similarities; Best obj: 0.055
2026-09-08 10:58:46.462 | INFO     | myoconverter.optimization.utils.UtilsForceOpt:fmOptPSO_cust:197 -         PSO iteration: 25 ; 39 percentage similarities; Best obj: 0.05499
2026-09-08 10:58:46.644 | INFO     | myoconverter.optimization.utils.UtilsForceOpt:fmOptPSO_cust:197 -         PSO iteration: 26 ; 50 percentage similarities; Best obj: 0.05499
2026-09-08 10:58:46.644 | INFO     | myoconverter.optimization.utils.UtilsForceOpt:fmOptPSO_cust:205 -         Break the optimization, since certain number of similar particles reached
2026-09-08 10:58:46.846 | INFO     | myoconverter.conversion_steps.O2MStep3:optMuscleForce:293 - Muscle : flex_dig_l 
2026-09-08 10:58:58.362 | INFO     | myoconverter.optimization.utils.UtilsForceOpt:fmOptPSO_cust:197 -         PSO iteration: 0 ; 0 percentage similarities; Best obj: 0.14885
2026-09-08 10:58:58.531 | INFO     | myoconverter.optimization.utils.UtilsForceOpt:fmOptPSO_cust:197 -         PSO iteration: 1 ; 1 percentage similarities; Best obj: 0.14885
2026-09-08 10:58:58.706 | INFO     | myoconverter.optimization.utils.UtilsForceOpt:fmOptPSO_cust:197 -         PSO iteration: 2 ; 1 percentage similarities; Best obj: 0.14885
2026-09-08 10:58:58.896 | INFO     | myoconverter.optimization.utils.UtilsForceOpt:fmOptPSO_cust:197 -         PSO iteration: 3 ; 1 percentage similarities; Best obj: 0.14463
2026-09-08 10:58:59.053 | INFO     | myoconverter.optimization.utils.UtilsForceOpt:fmOptPSO_cust:197 -         PSO iteration: 4 ; 1 percentage similarities; Best obj: 0.12416
2026-09-08 10:58:59.203 | INFO     | myoconverter.optimization.utils.UtilsForceOpt:fmOptPSO_cust:197 -         PSO iteration: 5 ; 1 percentage similarities; Best obj: 0.115
2026-09-08 10:58:59.400 | INFO     | myoconverter.optimization.utils.UtilsForceOpt:fmOptPSO_cust:197 -         PSO iteration: 6 ; 1 percentage similarities; Best obj: 0.08264
2026-09-08 10:58:59.580 | INFO     | myoconverter.optimization.utils.UtilsForceOpt:fmOptPSO_cust:197 -         PSO iteration: 7 ; 1 percentage similarities; Best obj: 0.07516
2026-09-08 10:58:59.721 | INFO     | myoconverter.optimization.utils.UtilsForceOpt:fmOptPSO_cust:197 -         PSO iteration: 8 ; 1 percentage similarities; Best obj: 0.07452
2026-09-08 10:58:59.873 | INFO     | myoconverter.optimization.utils.UtilsForceOpt:fmOptPSO_cust:197 -         PSO iteration: 9 ; 1 percentage similarities; Best obj: 0.07443
2026-09-08 10:59:00.024 | INFO     | myoconverter.optimization.utils.UtilsForceOpt:fmOptPSO_cust:197 -         PSO iteration: 10 ; 1 percentage similarities; Best obj: 0.07441
2026-09-08 10:59:00.219 | INFO     | myoconverter.optimization.utils.UtilsForceOpt:fmOptPSO_cust:197 -         PSO iteration: 11 ; 1 percentage similarities; Best obj: 0.07338
2026-09-08 10:59:00.425 | INFO     | myoconverter.optimization.utils.UtilsForceOpt:fmOptPSO_cust:197 -         PSO iteration: 12 ; 1 percentage similarities; Best obj: 0.06561
2026-09-08 10:59:00.621 | INFO     | myoconverter.optimization.utils.UtilsForceOpt:fmOptPSO_cust:197 -         PSO iteration: 13 ; 1 percentage similarities; Best obj: 0.05906
2026-09-08 10:59:00.766 | INFO     | myoconverter.optimization.utils.UtilsForceOpt:fmOptPSO_cust:197 -         PSO iteration: 14 ; 1 percentage similarities; Best obj: 0.05771
2026-09-08 10:59:00.949 | INFO     | myoconverter.optimization.utils.UtilsForceOpt:fmOptPSO_cust:197 -         PSO iteration: 15 ; 2 percentage similarities; Best obj: 0.05723
2026-09-08 10:59:01.159 | INFO     | myoconverter.optimization.utils.UtilsForceOpt:fmOptPSO_cust:197 -         PSO iteration: 16 ; 2 percentage similarities; Best obj: 0.05702
2026-09-08 10:59:01.334 | INFO     | myoconverter.optimization.utils.UtilsForceOpt:fmOptPSO_cust:197 -         PSO iteration: 17 ; 2 percentage similarities; Best obj: 0.05696
2026-09-08 10:59:01.480 | INFO     | myoconverter.optimization.utils.UtilsForceOpt:fmOptPSO_cust:197 -         PSO iteration: 18 ; 4 percentage similarities; Best obj: 0.05693
2026-09-08 10:59:01.640 | INFO     | myoconverter.optimization.utils.UtilsForceOpt:fmOptPSO_cust:197 -         PSO iteration: 19 ; 4 percentage similarities; Best obj: 0.05514
2026-09-08 10:59:01.831 | INFO     | myoconverter.optimization.utils.UtilsForceOpt:fmOptPSO_cust:197 -         PSO iteration: 20 ; 1 percentage similarities; Best obj: 0.05442
2026-09-08 10:59:02.033 | INFO     | myoconverter.optimization.utils.UtilsForceOpt:fmOptPSO_cust:197 -         PSO iteration: 21 ; 2 percentage similarities; Best obj: 0.05422
2026-09-08 10:59:02.255 | INFO     | myoconverter.optimization.utils.UtilsForceOpt:fmOptPSO_cust:197 -         PSO iteration: 22 ; 2 percentage similarities; Best obj: 0.05382
2026-09-08 10:59:02.415 | INFO     | myoconverter.optimization.utils.UtilsForceOpt:fmOptPSO_cust:197 -         PSO iteration: 23 ; 5 percentage similarities; Best obj: 0.05357
2026-09-08 10:59:02.566 | INFO     | myoconverter.optimization.utils.UtilsForceOpt:fmOptPSO_cust:197 -         PSO iteration: 24 ; 5 percentage similarities; Best obj: 0.05331
2026-09-08 10:59:02.758 | INFO     | myoconverter.optimization.utils.UtilsForceOpt:fmOptPSO_cust:197 -         PSO iteration: 25 ; 6 percentage similarities; Best obj: 0.05322
2026-09-08 10:59:02.909 | INFO     | myoconverter.optimization.utils.UtilsForceOpt:fmOptPSO_cust:197 -         PSO iteration: 26 ; 9 percentage similarities; Best obj: 0.05318
2026-09-08 10:59:03.050 | INFO     | myoconverter.optimization.utils.UtilsForceOpt:fmOptPSO_cust:197 -         PSO iteration: 27 ; 9 percentage similarities; Best obj: 0.05314
2026-09-08 10:59:03.181 | INFO     | myoconverter.optimization.utils.UtilsForceOpt:fmOptPSO_cust:197 -         PSO iteration: 28 ; 11 percentage similarities; Best obj: 0.05312
2026-09-08 10:59:03.322 | INFO     | myoconverter.optimization.utils.UtilsForceOpt:fmOptPSO_cust:197 -         PSO iteration: 29 ; 16 percentage similarities; Best obj: 0.0531
2026-09-08 10:59:03.453 | INFO     | myoconverter.optimization.utils.UtilsForceOpt:fmOptPSO_cust:197 -         PSO iteration: 30 ; 30 percentage similarities; Best obj: 0.0531
2026-09-08 10:59:03.453 | INFO     | myoconverter.optimization.utils.UtilsForceOpt:fmOptPSO_cust:205 -         Break the optimization, since certain number of similar particles reached
2026-09-08 10:59:03.610 | INFO     | myoconverter.conversion_steps.O2MStep3:optMuscleForce:293 - Muscle : flex_hal_l 
2026-09-08 10:59:14.825 | INFO     | myoconverter.optimization.utils.UtilsForceOpt:fmOptPSO_cust:197 -         PSO iteration: 0 ; 0 percentage similarities; Best obj: 0.1086
2026-09-08 10:59:14.980 | INFO     | myoconverter.optimization.utils.UtilsForceOpt:fmOptPSO_cust:197 -         PSO iteration: 1 ; 1 percentage similarities; Best obj: 0.08437
2026-09-08 10:59:15.113 | INFO     | myoconverter.optimization.utils.UtilsForceOpt:fmOptPSO_cust:197 -         PSO iteration: 2 ; 1 percentage similarities; Best obj: 0.08387
2026-09-08 10:59:15.243 | INFO     | myoconverter.optimization.utils.UtilsForceOpt:fmOptPSO_cust:197 -         PSO iteration: 3 ; 2 percentage similarities; Best obj: 0.08173
2026-09-08 10:59:15.365 | INFO     | myoconverter.optimization.utils.UtilsForceOpt:fmOptPSO_cust:197 -         PSO iteration: 4 ; 1 percentage similarities; Best obj: 0.08134
2026-09-08 10:59:15.506 | INFO     | myoconverter.optimization.utils.UtilsForceOpt:fmOptPSO_cust:197 -         PSO iteration: 5 ; 1 percentage similarities; Best obj: 0.07124
2026-09-08 10:59:15.666 | INFO     | myoconverter.optimization.utils.UtilsForceOpt:fmOptPSO_cust:197 -         PSO iteration: 6 ; 2 percentage similarities; Best obj: 0.05978
2026-09-08 10:59:15.856 | INFO     | myoconverter.optimization.utils.UtilsForceOpt:fmOptPSO_cust:197 -         PSO iteration: 7 ; 1 percentage similarities; Best obj: 0.05679
2026-09-08 10:59:16.044 | INFO     | myoconverter.optimization.utils.UtilsForceOpt:fmOptPSO_cust:197 -         PSO iteration: 8 ; 1 percentage similarities; Best obj: 0.05449
2026-09-08 10:59:16.224 | INFO     | myoconverter.optimization.utils.UtilsForceOpt:fmOptPSO_cust:197 -         PSO iteration: 9 ; 2 percentage similarities; Best obj: 0.04358
2026-09-08 10:59:16.366 | INFO     | myoconverter.optimization.utils.UtilsForceOpt:fmOptPSO_cust:197 -         PSO iteration: 10 ; 1 percentage similarities; Best obj: 0.04102
2026-09-08 10:59:16.527 | INFO     | myoconverter.optimization.utils.UtilsForceOpt:fmOptPSO_cust:197 -         PSO iteration: 11 ; 1 percentage similarities; Best obj: 0.03911
2026-09-08 10:59:16.701 | INFO     | myoconverter.optimization.utils.UtilsForceOpt:fmOptPSO_cust:197 -         PSO iteration: 12 ; 1 percentage similarities; Best obj: 0.03714
2026-09-08 10:59:16.849 | INFO     | myoconverter.optimization.utils.UtilsForceOpt:fmOptPSO_cust:197 -         PSO iteration: 13 ; 1 percentage similarities; Best obj: 0.03636
2026-09-08 10:59:17.000 | INFO     | myoconverter.optimization.utils.UtilsForceOpt:fmOptPSO_cust:197 -         PSO iteration: 14 ; 1 percentage similarities; Best obj: 0.03439
2026-09-08 10:59:17.139 | INFO     | myoconverter.optimization.utils.UtilsForceOpt:fmOptPSO_cust:197 -         PSO iteration: 15 ; 1 percentage similarities; Best obj: 0.0338
2026-09-08 10:59:17.280 | INFO     | myoconverter.optimization.utils.UtilsForceOpt:fmOptPSO_cust:197 -         PSO iteration: 16 ; 1 percentage similarities; Best obj: 0.03272
2026-09-08 10:59:17.465 | INFO     | myoconverter.optimization.utils.UtilsForceOpt:fmOptPSO_cust:197 -         PSO iteration: 17 ; 2 percentage similarities; Best obj: 0.02777
2026-09-08 10:59:17.653 | INFO     | myoconverter.optimization.utils.UtilsForceOpt:fmOptPSO_cust:197 -         PSO iteration: 18 ; 1 percentage similarities; Best obj: 0.02678
2026-09-08 10:59:17.844 | INFO     | myoconverter.optimization.utils.UtilsForceOpt:fmOptPSO_cust:197 -         PSO iteration: 19 ; 1 percentage similarities; Best obj: 0.02611
2026-09-08 10:59:18.026 | INFO     | myoconverter.optimization.utils.UtilsForceOpt:fmOptPSO_cust:197 -         PSO iteration: 20 ; 1 percentage similarities; Best obj: 0.02573
2026-09-08 10:59:18.188 | INFO     | myoconverter.optimization.utils.UtilsForceOpt:fmOptPSO_cust:197 -         PSO iteration: 21 ; 1 percentage similarities; Best obj: 0.02564
2026-09-08 10:59:18.380 | INFO     | myoconverter.optimization.utils.UtilsForceOpt:fmOptPSO_cust:197 -         PSO iteration: 22 ; 2 percentage similarities; Best obj: 0.02553
2026-09-08 10:59:18.521 | INFO     | myoconverter.optimization.utils.UtilsForceOpt:fmOptPSO_cust:197 -         PSO iteration: 23 ; 2 percentage similarities; Best obj: 0.02532
2026-09-08 10:59:18.666 | INFO     | myoconverter.optimization.utils.UtilsForceOpt:fmOptPSO_cust:197 -         PSO iteration: 24 ; 5 percentage similarities; Best obj: 0.02515
2026-09-08 10:59:18.832 | INFO     | myoconverter.optimization.utils.UtilsForceOpt:fmOptPSO_cust:197 -         PSO iteration: 25 ; 6 percentage similarities; Best obj: 0.025
2026-09-08 10:59:19.024 | INFO     | myoconverter.optimization.utils.UtilsForceOpt:fmOptPSO_cust:197 -         PSO iteration: 26 ; 8 percentage similarities; Best obj: 0.02496
2026-09-08 10:59:19.206 | INFO     | myoconverter.optimization.utils.UtilsForceOpt:fmOptPSO_cust:197 -         PSO iteration: 27 ; 11 percentage similarities; Best obj: 0.02495
2026-09-08 10:59:19.397 | INFO     | myoconverter.optimization.utils.UtilsForceOpt:fmOptPSO_cust:197 -         PSO iteration: 28 ; 15 percentage similarities; Best obj: 0.02494
2026-09-08 10:59:19.578 | INFO     | myoconverter.optimization.utils.UtilsForceOpt:fmOptPSO_cust:197 -         PSO iteration: 29 ; 18 percentage similarities; Best obj: 0.02491
2026-09-08 10:59:19.728 | INFO     | myoconverter.optimization.utils.UtilsForceOpt:fmOptPSO_cust:197 -         PSO iteration: 30 ; 19 percentage similarities; Best obj: 0.0249
2026-09-08 10:59:19.868 | INFO     | myoconverter.optimization.utils.UtilsForceOpt:fmOptPSO_cust:197 -         PSO iteration: 31 ; 20 percentage similarities; Best obj: 0.0249
2026-09-08 10:59:20.029 | INFO     | myoconverter.optimization.utils.UtilsForceOpt:fmOptPSO_cust:197 -         PSO iteration: 32 ; 22 percentage similarities; Best obj: 0.0249
2026-09-08 10:59:20.201 | INFO     | myoconverter.optimization.utils.UtilsForceOpt:fmOptPSO_cust:197 -         PSO iteration: 33 ; 28 percentage similarities; Best obj: 0.0249
2026-09-08 10:59:20.352 | INFO     | myoconverter.optimization.utils.UtilsForceOpt:fmOptPSO_cust:197 -         PSO iteration: 34 ; 30 percentage similarities; Best obj: 0.02489
2026-09-08 10:59:20.513 | INFO     | myoconverter.optimization.utils.UtilsForceOpt:fmOptPSO_cust:197 -         PSO iteration: 35 ; 45 percentage similarities; Best obj: 0.02489
2026-09-08 10:59:20.513 | INFO     | myoconverter.optimization.utils.UtilsForceOpt:fmOptPSO_cust:205 -         Break the optimization, since certain number of similar particles reached
2026-09-08 10:59:20.656 | INFO     | myoconverter.conversion_steps.O2MStep3:optMuscleForce:293 - Muscle : tib_ant_l 
2026-09-08 10:59:31.638 | INFO     | myoconverter.optimization.utils.UtilsForceOpt:fmOptPSO_cust:197 -         PSO iteration: 0 ; 0 percentage similarities; Best obj: 0.08407
2026-09-08 10:59:31.798 | INFO     | myoconverter.optimization.utils.UtilsForceOpt:fmOptPSO_cust:197 -         PSO iteration: 1 ; 1 percentage similarities; Best obj: 0.0773
2026-09-08 10:59:31.960 | INFO     | myoconverter.optimization.utils.UtilsForceOpt:fmOptPSO_cust:197 -         PSO iteration: 2 ; 1 percentage similarities; Best obj: 0.0773
2026-09-08 10:59:32.101 | INFO     | myoconverter.optimization.utils.UtilsForceOpt:fmOptPSO_cust:197 -         PSO iteration: 3 ; 1 percentage similarities; Best obj: 0.0773
2026-09-08 10:59:32.241 | INFO     | myoconverter.optimization.utils.UtilsForceOpt:fmOptPSO_cust:197 -         PSO iteration: 4 ; 1 percentage similarities; Best obj: 0.0729
2026-09-08 10:59:32.372 | INFO     | myoconverter.optimization.utils.UtilsForceOpt:fmOptPSO_cust:197 -         PSO iteration: 5 ; 1 percentage similarities; Best obj: 0.07012
2026-09-08 10:59:32.513 | INFO     | myoconverter.optimization.utils.UtilsForceOpt:fmOptPSO_cust:197 -         PSO iteration: 6 ; 1 percentage similarities; Best obj: 0.06945
2026-09-08 10:59:32.665 | INFO     | myoconverter.optimization.utils.UtilsForceOpt:fmOptPSO_cust:197 -         PSO iteration: 7 ; 1 percentage similarities; Best obj: 0.06755
2026-09-08 10:59:32.785 | INFO     | myoconverter.optimization.utils.UtilsForceOpt:fmOptPSO_cust:197 -         PSO iteration: 8 ; 1 percentage similarities; Best obj: 0.0558
2026-09-08 10:59:32.915 | INFO     | myoconverter.optimization.utils.UtilsForceOpt:fmOptPSO_cust:197 -         PSO iteration: 9 ; 1 percentage similarities; Best obj: 0.05238
2026-09-08 10:59:33.045 | INFO     | myoconverter.optimization.utils.UtilsForceOpt:fmOptPSO_cust:197 -         PSO iteration: 10 ; 1 percentage similarities; Best obj: 0.05035
2026-09-08 10:59:33.214 | INFO     | myoconverter.optimization.utils.UtilsForceOpt:fmOptPSO_cust:197 -         PSO iteration: 11 ; 1 percentage similarities; Best obj: 0.04937
2026-09-08 10:59:33.392 | INFO     | myoconverter.optimization.utils.UtilsForceOpt:fmOptPSO_cust:197 -         PSO iteration: 12 ; 2 percentage similarities; Best obj: 0.04517
2026-09-08 10:59:33.581 | INFO     | myoconverter.optimization.utils.UtilsForceOpt:fmOptPSO_cust:197 -         PSO iteration: 13 ; 4 percentage similarities; Best obj: 0.0415
2026-09-08 10:59:33.796 | INFO     | myoconverter.optimization.utils.UtilsForceOpt:fmOptPSO_cust:197 -         PSO iteration: 14 ; 1 percentage similarities; Best obj: 0.04037
2026-09-08 10:59:34.021 | INFO     | myoconverter.optimization.utils.UtilsForceOpt:fmOptPSO_cust:197 -         PSO iteration: 15 ; 1 percentage similarities; Best obj: 0.03981
2026-09-08 10:59:34.230 | INFO     | myoconverter.optimization.utils.UtilsForceOpt:fmOptPSO_cust:197 -         PSO iteration: 16 ; 4 percentage similarities; Best obj: 0.03931
2026-09-08 10:59:34.428 | INFO     | myoconverter.optimization.utils.UtilsForceOpt:fmOptPSO_cust:197 -         PSO iteration: 17 ; 4 percentage similarities; Best obj: 0.03913
2026-09-08 10:59:34.629 | INFO     | myoconverter.optimization.utils.UtilsForceOpt:fmOptPSO_cust:197 -         PSO iteration: 18 ; 2 percentage similarities; Best obj: 0.03897
2026-09-08 10:59:34.834 | INFO     | myoconverter.optimization.utils.UtilsForceOpt:fmOptPSO_cust:197 -         PSO iteration: 19 ; 4 percentage similarities; Best obj: 0.03841
2026-09-08 10:59:35.020 | INFO     | myoconverter.optimization.utils.UtilsForceOpt:fmOptPSO_cust:197 -         PSO iteration: 20 ; 4 percentage similarities; Best obj: 0.03826
2026-09-08 10:59:35.212 | INFO     | myoconverter.optimization.utils.UtilsForceOpt:fmOptPSO_cust:197 -         PSO iteration: 21 ; 5 percentage similarities; Best obj: 0.03801
2026-09-08 10:59:35.394 | INFO     | myoconverter.optimization.utils.UtilsForceOpt:fmOptPSO_cust:197 -         PSO iteration: 22 ; 5 percentage similarities; Best obj: 0.03794
2026-09-08 10:59:35.575 | INFO     | myoconverter.optimization.utils.UtilsForceOpt:fmOptPSO_cust:197 -         PSO iteration: 23 ; 6 percentage similarities; Best obj: 0.03792
2026-09-08 10:59:35.745 | INFO     | myoconverter.optimization.utils.UtilsForceOpt:fmOptPSO_cust:197 -         PSO iteration: 24 ; 12 percentage similarities; Best obj: 0.03791
2026-09-08 10:59:35.891 | INFO     | myoconverter.optimization.utils.UtilsForceOpt:fmOptPSO_cust:197 -         PSO iteration: 25 ; 12 percentage similarities; Best obj: 0.03791
2026-09-08 10:59:36.027 | INFO     | myoconverter.optimization.utils.UtilsForceOpt:fmOptPSO_cust:197 -         PSO iteration: 26 ; 14 percentage similarities; Best obj: 0.03787
2026-09-08 10:59:36.157 | INFO     | myoconverter.optimization.utils.UtilsForceOpt:fmOptPSO_cust:197 -         PSO iteration: 27 ; 16 percentage similarities; Best obj: 0.03784
2026-09-08 10:59:36.291 | INFO     | myoconverter.optimization.utils.UtilsForceOpt:fmOptPSO_cust:197 -         PSO iteration: 28 ; 28 percentage similarities; Best obj: 0.03783
2026-09-08 10:59:36.441 | INFO     | myoconverter.optimization.utils.UtilsForceOpt:fmOptPSO_cust:197 -         PSO iteration: 29 ; 42 percentage similarities; Best obj: 0.03782
2026-09-08 10:59:36.441 | INFO     | myoconverter.optimization.utils.UtilsForceOpt:fmOptPSO_cust:205 -         Break the optimization, since certain number of similar particles reached
2026-09-08 10:59:36.641 | INFO     | myoconverter.conversion_steps.O2MStep3:optMuscleForce:293 - Muscle : per_brev_l 
2026-09-08 10:59:48.603 | INFO     | myoconverter.optimization.utils.UtilsForceOpt:fmOptPSO_cust:197 -         PSO iteration: 0 ; 0 percentage similarities; Best obj: 0.16016
2026-09-08 10:59:48.792 | INFO     | myoconverter.optimization.utils.UtilsForceOpt:fmOptPSO_cust:197 -         PSO iteration: 1 ; 1 percentage similarities; Best obj: 0.16016
2026-09-08 10:59:48.984 | INFO     | myoconverter.optimization.utils.UtilsForceOpt:fmOptPSO_cust:197 -         PSO iteration: 2 ; 1 percentage similarities; Best obj: 0.15635
2026-09-08 10:59:49.131 | INFO     | myoconverter.optimization.utils.UtilsForceOpt:fmOptPSO_cust:197 -         PSO iteration: 3 ; 1 percentage similarities; Best obj: 0.15571
2026-09-08 10:59:49.293 | INFO     | myoconverter.optimization.utils.UtilsForceOpt:fmOptPSO_cust:197 -         PSO iteration: 4 ; 2 percentage similarities; Best obj: 0.13432
2026-09-08 10:59:49.483 | INFO     | myoconverter.optimization.utils.UtilsForceOpt:fmOptPSO_cust:197 -         PSO iteration: 5 ; 1 percentage similarities; Best obj: 0.087
2026-09-08 10:59:49.643 | INFO     | myoconverter.optimization.utils.UtilsForceOpt:fmOptPSO_cust:197 -         PSO iteration: 6 ; 1 percentage similarities; Best obj: 0.07875
2026-09-08 10:59:49.833 | INFO     | myoconverter.optimization.utils.UtilsForceOpt:fmOptPSO_cust:197 -         PSO iteration: 7 ; 1 percentage similarities; Best obj: 0.07709
2026-09-08 10:59:50.029 | INFO     | myoconverter.optimization.utils.UtilsForceOpt:fmOptPSO_cust:197 -         PSO iteration: 8 ; 1 percentage similarities; Best obj: 0.0767
2026-09-08 10:59:50.194 | INFO     | myoconverter.optimization.utils.UtilsForceOpt:fmOptPSO_cust:197 -         PSO iteration: 9 ; 1 percentage similarities; Best obj: 0.07661
2026-09-08 10:59:50.377 | INFO     | myoconverter.optimization.utils.UtilsForceOpt:fmOptPSO_cust:197 -         PSO iteration: 10 ; 1 percentage similarities; Best obj: 0.07658
2026-09-08 10:59:50.568 | INFO     | myoconverter.optimization.utils.UtilsForceOpt:fmOptPSO_cust:197 -         PSO iteration: 11 ; 1 percentage similarities; Best obj: 0.07599
2026-09-08 10:59:50.756 | INFO     | myoconverter.optimization.utils.UtilsForceOpt:fmOptPSO_cust:197 -         PSO iteration: 12 ; 2 percentage similarities; Best obj: 0.07329
2026-09-08 10:59:50.906 | INFO     | myoconverter.optimization.utils.UtilsForceOpt:fmOptPSO_cust:197 -         PSO iteration: 13 ; 1 percentage similarities; Best obj: 0.06908
2026-09-08 10:59:51.076 | INFO     | myoconverter.optimization.utils.UtilsForceOpt:fmOptPSO_cust:197 -         PSO iteration: 14 ; 1 percentage similarities; Best obj: 0.06628
2026-09-08 10:59:51.247 | INFO     | myoconverter.optimization.utils.UtilsForceOpt:fmOptPSO_cust:197 -         PSO iteration: 15 ; 2 percentage similarities; Best obj: 0.06504
2026-09-08 10:59:51.397 | INFO     | myoconverter.optimization.utils.UtilsForceOpt:fmOptPSO_cust:197 -         PSO iteration: 16 ; 4 percentage similarities; Best obj: 0.06482
2026-09-08 10:59:51.538 | INFO     | myoconverter.optimization.utils.UtilsForceOpt:fmOptPSO_cust:197 -         PSO iteration: 17 ; 6 percentage similarities; Best obj: 0.06477
2026-09-08 10:59:51.688 | INFO     | myoconverter.optimization.utils.UtilsForceOpt:fmOptPSO_cust:197 -         PSO iteration: 18 ; 10 percentage similarities; Best obj: 0.06462
2026-09-08 10:59:51.838 | INFO     | myoconverter.optimization.utils.UtilsForceOpt:fmOptPSO_cust:197 -         PSO iteration: 19 ; 16 percentage similarities; Best obj: 0.06445
2026-09-08 10:59:51.999 | INFO     | myoconverter.optimization.utils.UtilsForceOpt:fmOptPSO_cust:197 -         PSO iteration: 20 ; 29 percentage similarities; Best obj: 0.06428
2026-09-08 10:59:51.999 | INFO     | myoconverter.optimization.utils.UtilsForceOpt:fmOptPSO_cust:205 -         Break the optimization, since certain number of similar particles reached
2026-09-08 10:59:52.181 | INFO     | myoconverter.conversion_steps.O2MStep3:optMuscleForce:293 - Muscle : per_long_l 
2026-09-08 11:00:05.157 | INFO     | myoconverter.optimization.utils.UtilsForceOpt:fmOptPSO_cust:197 -         PSO iteration: 0 ; 0 percentage similarities; Best obj: 0.13345
2026-09-08 11:00:05.426 | INFO     | myoconverter.optimization.utils.UtilsForceOpt:fmOptPSO_cust:197 -         PSO iteration: 1 ; 1 percentage similarities; Best obj: 0.10098
2026-09-08 11:00:05.598 | INFO     | myoconverter.optimization.utils.UtilsForceOpt:fmOptPSO_cust:197 -         PSO iteration: 2 ; 1 percentage similarities; Best obj: 0.09318
2026-09-08 11:00:05.790 | INFO     | myoconverter.optimization.utils.UtilsForceOpt:fmOptPSO_cust:197 -         PSO iteration: 3 ; 1 percentage similarities; Best obj: 0.09318
2026-09-08 11:00:05.990 | INFO     | myoconverter.optimization.utils.UtilsForceOpt:fmOptPSO_cust:197 -         PSO iteration: 4 ; 1 percentage similarities; Best obj: 0.09318
2026-09-08 11:00:06.197 | INFO     | myoconverter.optimization.utils.UtilsForceOpt:fmOptPSO_cust:197 -         PSO iteration: 5 ; 1 percentage similarities; Best obj: 0.08954
2026-09-08 11:00:06.355 | INFO     | myoconverter.optimization.utils.UtilsForceOpt:fmOptPSO_cust:197 -         PSO iteration: 6 ; 1 percentage similarities; Best obj: 0.08038
2026-09-08 11:00:06.532 | INFO     | myoconverter.optimization.utils.UtilsForceOpt:fmOptPSO_cust:197 -         PSO iteration: 7 ; 1 percentage similarities; Best obj: 0.07555
2026-09-08 11:00:06.725 | INFO     | myoconverter.optimization.utils.UtilsForceOpt:fmOptPSO_cust:197 -         PSO iteration: 8 ; 1 percentage similarities; Best obj: 0.06738
2026-09-08 11:00:06.886 | INFO     | myoconverter.optimization.utils.UtilsForceOpt:fmOptPSO_cust:197 -         PSO iteration: 9 ; 1 percentage similarities; Best obj: 0.05638
2026-09-08 11:00:07.038 | INFO     | myoconverter.optimization.utils.UtilsForceOpt:fmOptPSO_cust:197 -         PSO iteration: 10 ; 1 percentage similarities; Best obj: 0.05434
2026-09-08 11:00:07.186 | INFO     | myoconverter.optimization.utils.UtilsForceOpt:fmOptPSO_cust:197 -         PSO iteration: 11 ; 1 percentage similarities; Best obj: 0.05331
2026-09-08 11:00:07.347 | INFO     | myoconverter.optimization.utils.UtilsForceOpt:fmOptPSO_cust:197 -         PSO iteration: 12 ; 1 percentage similarities; Best obj: 0.05145
2026-09-08 11:00:07.527 | INFO     | myoconverter.optimization.utils.UtilsForceOpt:fmOptPSO_cust:197 -         PSO iteration: 13 ; 4 percentage similarities; Best obj: 0.05092
2026-09-08 11:00:07.727 | INFO     | myoconverter.optimization.utils.UtilsForceOpt:fmOptPSO_cust:197 -         PSO iteration: 14 ; 4 percentage similarities; Best obj: 0.05028
2026-09-08 11:00:07.940 | INFO     | myoconverter.optimization.utils.UtilsForceOpt:fmOptPSO_cust:197 -         PSO iteration: 15 ; 8 percentage similarities; Best obj: 0.04997
2026-09-08 11:00:08.112 | INFO     | myoconverter.optimization.utils.UtilsForceOpt:fmOptPSO_cust:197 -         PSO iteration: 16 ; 10 percentage similarities; Best obj: 0.04966
2026-09-08 11:00:08.284 | INFO     | myoconverter.optimization.utils.UtilsForceOpt:fmOptPSO_cust:197 -         PSO iteration: 17 ; 14 percentage similarities; Best obj: 0.04949
2026-09-08 11:00:08.472 | INFO     | myoconverter.optimization.utils.UtilsForceOpt:fmOptPSO_cust:197 -         PSO iteration: 18 ; 16 percentage similarities; Best obj: 0.0493
2026-09-08 11:00:08.640 | INFO     | myoconverter.optimization.utils.UtilsForceOpt:fmOptPSO_cust:197 -         PSO iteration: 19 ; 20 percentage similarities; Best obj: 0.04926
2026-09-08 11:00:08.792 | INFO     | myoconverter.optimization.utils.UtilsForceOpt:fmOptPSO_cust:197 -         PSO iteration: 20 ; 35 percentage similarities; Best obj: 0.0492
2026-09-08 11:00:08.794 | INFO     | myoconverter.optimization.utils.UtilsForceOpt:fmOptPSO_cust:205 -         Break the optimization, since certain number of similar particles reached
2026-09-08 11:00:08.959 | INFO     | myoconverter.conversion_steps.O2MStep3:optMuscleForce:293 - Muscle : per_tert_l 
2026-09-08 11:00:21.222 | INFO     | myoconverter.optimization.utils.UtilsForceOpt:fmOptPSO_cust:197 -         PSO iteration: 0 ; 0 percentage similarities; Best obj: 0.08808
2026-09-08 11:00:21.420 | INFO     | myoconverter.optimization.utils.UtilsForceOpt:fmOptPSO_cust:197 -         PSO iteration: 1 ; 1 percentage similarities; Best obj: 0.0731
2026-09-08 11:00:21.605 | INFO     | myoconverter.optimization.utils.UtilsForceOpt:fmOptPSO_cust:197 -         PSO iteration: 2 ; 1 percentage similarities; Best obj: 0.0731
2026-09-08 11:00:21.795 | INFO     | myoconverter.optimization.utils.UtilsForceOpt:fmOptPSO_cust:197 -         PSO iteration: 3 ; 1 percentage similarities; Best obj: 0.0731
2026-09-08 11:00:21.947 | INFO     | myoconverter.optimization.utils.UtilsForceOpt:fmOptPSO_cust:197 -         PSO iteration: 4 ; 1 percentage similarities; Best obj: 0.0731
2026-09-08 11:00:22.114 | INFO     | myoconverter.optimization.utils.UtilsForceOpt:fmOptPSO_cust:197 -         PSO iteration: 5 ; 1 percentage similarities; Best obj: 0.0717
2026-09-08 11:00:22.285 | INFO     | myoconverter.optimization.utils.UtilsForceOpt:fmOptPSO_cust:197 -         PSO iteration: 6 ; 1 percentage similarities; Best obj: 0.06722
2026-09-08 11:00:22.420 | INFO     | myoconverter.optimization.utils.UtilsForceOpt:fmOptPSO_cust:197 -         PSO iteration: 7 ; 1 percentage similarities; Best obj: 0.06188
2026-09-08 11:00:22.548 | INFO     | myoconverter.optimization.utils.UtilsForceOpt:fmOptPSO_cust:197 -         PSO iteration: 8 ; 1 percentage similarities; Best obj: 0.05882
2026-09-08 11:00:22.678 | INFO     | myoconverter.optimization.utils.UtilsForceOpt:fmOptPSO_cust:197 -         PSO iteration: 9 ; 1 percentage similarities; Best obj: 0.05354
2026-09-08 11:00:22.799 | INFO     | myoconverter.optimization.utils.UtilsForceOpt:fmOptPSO_cust:197 -         PSO iteration: 10 ; 1 percentage similarities; Best obj: 0.05054
2026-09-08 11:00:22.960 | INFO     | myoconverter.optimization.utils.UtilsForceOpt:fmOptPSO_cust:197 -         PSO iteration: 11 ; 1 percentage similarities; Best obj: 0.04031
2026-09-08 11:00:23.132 | INFO     | myoconverter.optimization.utils.UtilsForceOpt:fmOptPSO_cust:197 -         PSO iteration: 12 ; 1 percentage similarities; Best obj: 0.03782
2026-09-08 11:00:23.314 | INFO     | myoconverter.optimization.utils.UtilsForceOpt:fmOptPSO_cust:197 -         PSO iteration: 13 ; 1 percentage similarities; Best obj: 0.03728
2026-09-08 11:00:23.475 | INFO     | myoconverter.optimization.utils.UtilsForceOpt:fmOptPSO_cust:197 -         PSO iteration: 14 ; 1 percentage similarities; Best obj: 0.03712
2026-09-08 11:00:23.606 | INFO     | myoconverter.optimization.utils.UtilsForceOpt:fmOptPSO_cust:197 -         PSO iteration: 15 ; 2 percentage similarities; Best obj: 0.036
2026-09-08 11:00:23.778 | INFO     | myoconverter.optimization.utils.UtilsForceOpt:fmOptPSO_cust:197 -         PSO iteration: 16 ; 1 percentage similarities; Best obj: 0.03575
2026-09-08 11:00:23.939 | INFO     | myoconverter.optimization.utils.UtilsForceOpt:fmOptPSO_cust:197 -         PSO iteration: 17 ; 1 percentage similarities; Best obj: 0.0355
2026-09-08 11:00:24.080 | INFO     | myoconverter.optimization.utils.UtilsForceOpt:fmOptPSO_cust:197 -         PSO iteration: 18 ; 2 percentage similarities; Best obj: 0.0353
2026-09-08 11:00:24.210 | INFO     | myoconverter.optimization.utils.UtilsForceOpt:fmOptPSO_cust:197 -         PSO iteration: 19 ; 4 percentage similarities; Best obj: 0.03511
2026-09-08 11:00:24.340 | INFO     | myoconverter.optimization.utils.UtilsForceOpt:fmOptPSO_cust:197 -         PSO iteration: 20 ; 4 percentage similarities; Best obj: 0.03469
2026-09-08 11:00:24.472 | INFO     | myoconverter.optimization.utils.UtilsForceOpt:fmOptPSO_cust:197 -         PSO iteration: 21 ; 1 percentage similarities; Best obj: 0.03455
2026-09-08 11:00:24.614 | INFO     | myoconverter.optimization.utils.UtilsForceOpt:fmOptPSO_cust:197 -         PSO iteration: 22 ; 4 percentage similarities; Best obj: 0.03416
2026-09-08 11:00:24.796 | INFO     | myoconverter.optimization.utils.UtilsForceOpt:fmOptPSO_cust:197 -         PSO iteration: 23 ; 4 percentage similarities; Best obj: 0.03409
2026-09-08 11:00:24.997 | INFO     | myoconverter.optimization.utils.UtilsForceOpt:fmOptPSO_cust:197 -         PSO iteration: 24 ; 8 percentage similarities; Best obj: 0.03402
2026-09-08 11:00:25.189 | INFO     | myoconverter.optimization.utils.UtilsForceOpt:fmOptPSO_cust:197 -         PSO iteration: 25 ; 11 percentage similarities; Best obj: 0.03394
2026-09-08 11:00:25.351 | INFO     | myoconverter.optimization.utils.UtilsForceOpt:fmOptPSO_cust:197 -         PSO iteration: 26 ; 14 percentage similarities; Best obj: 0.03391
2026-09-08 11:00:25.512 | INFO     | myoconverter.optimization.utils.UtilsForceOpt:fmOptPSO_cust:197 -         PSO iteration: 27 ; 22 percentage similarities; Best obj: 0.03388
2026-09-08 11:00:25.673 | INFO     | myoconverter.optimization.utils.UtilsForceOpt:fmOptPSO_cust:197 -         PSO iteration: 28 ; 29 percentage similarities; Best obj: 0.03387
2026-09-08 11:00:25.814 | INFO     | myoconverter.optimization.utils.UtilsForceOpt:fmOptPSO_cust:197 -         PSO iteration: 29 ; 39 percentage similarities; Best obj: 0.03386
2026-09-08 11:00:25.947 | INFO     | myoconverter.optimization.utils.UtilsForceOpt:fmOptPSO_cust:197 -         PSO iteration: 30 ; 49 percentage similarities; Best obj: 0.03385
2026-09-08 11:00:25.947 | INFO     | myoconverter.optimization.utils.UtilsForceOpt:fmOptPSO_cust:205 -         Break the optimization, since certain number of similar particles reached
2026-09-08 11:00:26.086 | INFO     | myoconverter.conversion_steps.O2MStep3:optMuscleForce:293 - Muscle : ext_dig_l 
2026-09-08 11:00:38.182 | INFO     | myoconverter.optimization.utils.UtilsForceOpt:fmOptPSO_cust:197 -         PSO iteration: 0 ; 0 percentage similarities; Best obj: 0.03628
2026-09-08 11:00:38.357 | INFO     | myoconverter.optimization.utils.UtilsForceOpt:fmOptPSO_cust:197 -         PSO iteration: 1 ; 1 percentage similarities; Best obj: 0.03628
2026-09-08 11:00:38.619 | INFO     | myoconverter.optimization.utils.UtilsForceOpt:fmOptPSO_cust:197 -         PSO iteration: 2 ; 1 percentage similarities; Best obj: 0.03628
2026-09-08 11:00:38.877 | INFO     | myoconverter.optimization.utils.UtilsForceOpt:fmOptPSO_cust:197 -         PSO iteration: 3 ; 1 percentage similarities; Best obj: 0.03628
2026-09-08 11:00:39.054 | INFO     | myoconverter.optimization.utils.UtilsForceOpt:fmOptPSO_cust:197 -         PSO iteration: 4 ; 1 percentage similarities; Best obj: 0.03628
2026-09-08 11:00:39.205 | INFO     | myoconverter.optimization.utils.UtilsForceOpt:fmOptPSO_cust:197 -         PSO iteration: 5 ; 1 percentage similarities; Best obj: 0.03628
2026-09-08 11:00:39.376 | INFO     | myoconverter.optimization.utils.UtilsForceOpt:fmOptPSO_cust:197 -         PSO iteration: 6 ; 1 percentage similarities; Best obj: 0.03628
2026-09-08 11:00:39.528 | INFO     | myoconverter.optimization.utils.UtilsForceOpt:fmOptPSO_cust:197 -         PSO iteration: 7 ; 1 percentage similarities; Best obj: 0.03628
2026-09-08 11:00:39.676 | INFO     | myoconverter.optimization.utils.UtilsForceOpt:fmOptPSO_cust:197 -         PSO iteration: 8 ; 1 percentage similarities; Best obj: 0.03628
2026-09-08 11:00:39.841 | INFO     | myoconverter.optimization.utils.UtilsForceOpt:fmOptPSO_cust:197 -         PSO iteration: 9 ; 1 percentage similarities; Best obj: 0.03628
2026-09-08 11:00:39.978 | INFO     | myoconverter.optimization.utils.UtilsForceOpt:fmOptPSO_cust:197 -         PSO iteration: 10 ; 1 percentage similarities; Best obj: 0.03628
2026-09-08 11:00:40.131 | INFO     | myoconverter.optimization.utils.UtilsForceOpt:fmOptPSO_cust:197 -         PSO iteration: 11 ; 1 percentage similarities; Best obj: 0.02331
2026-09-08 11:00:40.309 | INFO     | myoconverter.optimization.utils.UtilsForceOpt:fmOptPSO_cust:197 -         PSO iteration: 12 ; 1 percentage similarities; Best obj: 0.01989
2026-09-08 11:00:40.492 | INFO     | myoconverter.optimization.utils.UtilsForceOpt:fmOptPSO_cust:197 -         PSO iteration: 13 ; 1 percentage similarities; Best obj: 0.01907
2026-09-08 11:00:40.662 | INFO     | myoconverter.optimization.utils.UtilsForceOpt:fmOptPSO_cust:197 -         PSO iteration: 14 ; 1 percentage similarities; Best obj: 0.01887
2026-09-08 11:00:40.813 | INFO     | myoconverter.optimization.utils.UtilsForceOpt:fmOptPSO_cust:197 -         PSO iteration: 15 ; 1 percentage similarities; Best obj: 0.01752
2026-09-08 11:00:40.983 | INFO     | myoconverter.optimization.utils.UtilsForceOpt:fmOptPSO_cust:197 -         PSO iteration: 16 ; 1 percentage similarities; Best obj: 0.01604
2026-09-08 11:00:41.154 | INFO     | myoconverter.optimization.utils.UtilsForceOpt:fmOptPSO_cust:197 -         PSO iteration: 17 ; 1 percentage similarities; Best obj: 0.01544
2026-09-08 11:00:41.285 | INFO     | myoconverter.optimization.utils.UtilsForceOpt:fmOptPSO_cust:197 -         PSO iteration: 18 ; 2 percentage similarities; Best obj: 0.01398
2026-09-08 11:00:41.426 | INFO     | myoconverter.optimization.utils.UtilsForceOpt:fmOptPSO_cust:197 -         PSO iteration: 19 ; 1 percentage similarities; Best obj: 0.01368
2026-09-08 11:00:41.567 | INFO     | myoconverter.optimization.utils.UtilsForceOpt:fmOptPSO_cust:197 -         PSO iteration: 20 ; 1 percentage similarities; Best obj: 0.01362
2026-09-08 11:00:41.708 | INFO     | myoconverter.optimization.utils.UtilsForceOpt:fmOptPSO_cust:197 -         PSO iteration: 21 ; 1 percentage similarities; Best obj: 0.01339
2026-09-08 11:00:41.868 | INFO     | myoconverter.optimization.utils.UtilsForceOpt:fmOptPSO_cust:197 -         PSO iteration: 22 ; 1 percentage similarities; Best obj: 0.01323
2026-09-08 11:00:42.047 | INFO     | myoconverter.optimization.utils.UtilsForceOpt:fmOptPSO_cust:197 -         PSO iteration: 23 ; 2 percentage similarities; Best obj: 0.01311
2026-09-08 11:00:42.252 | INFO     | myoconverter.optimization.utils.UtilsForceOpt:fmOptPSO_cust:197 -         PSO iteration: 24 ; 2 percentage similarities; Best obj: 0.01305
2026-09-08 11:00:42.428 | INFO     | myoconverter.optimization.utils.UtilsForceOpt:fmOptPSO_cust:197 -         PSO iteration: 25 ; 5 percentage similarities; Best obj: 0.01291
2026-09-08 11:00:42.569 | INFO     | myoconverter.optimization.utils.UtilsForceOpt:fmOptPSO_cust:197 -         PSO iteration: 26 ; 5 percentage similarities; Best obj: 0.01252
2026-09-08 11:00:42.759 | INFO     | myoconverter.optimization.utils.UtilsForceOpt:fmOptPSO_cust:197 -         PSO iteration: 27 ; 2 percentage similarities; Best obj: 0.01243
2026-09-08 11:00:42.922 | INFO     | myoconverter.optimization.utils.UtilsForceOpt:fmOptPSO_cust:197 -         PSO iteration: 28 ; 2 percentage similarities; Best obj: 0.01229
2026-09-08 11:00:43.065 | INFO     | myoconverter.optimization.utils.UtilsForceOpt:fmOptPSO_cust:197 -         PSO iteration: 29 ; 5 percentage similarities; Best obj: 0.01222
2026-09-08 11:00:43.193 | INFO     | myoconverter.optimization.utils.UtilsForceOpt:fmOptPSO_cust:197 -         PSO iteration: 30 ; 4 percentage similarities; Best obj: 0.01218
2026-09-08 11:00:43.324 | INFO     | myoconverter.optimization.utils.UtilsForceOpt:fmOptPSO_cust:197 -         PSO iteration: 31 ; 8 percentage similarities; Best obj: 0.01212
2026-09-08 11:00:43.465 | INFO     | myoconverter.optimization.utils.UtilsForceOpt:fmOptPSO_cust:197 -         PSO iteration: 32 ; 8 percentage similarities; Best obj: 0.01211
2026-09-08 11:00:43.635 | INFO     | myoconverter.optimization.utils.UtilsForceOpt:fmOptPSO_cust:197 -         PSO iteration: 33 ; 8 percentage similarities; Best obj: 0.01205
2026-09-08 11:00:43.827 | INFO     | myoconverter.optimization.utils.UtilsForceOpt:fmOptPSO_cust:197 -         PSO iteration: 34 ; 9 percentage similarities; Best obj: 0.01204
2026-09-08 11:00:44.018 | INFO     | myoconverter.optimization.utils.UtilsForceOpt:fmOptPSO_cust:197 -         PSO iteration: 35 ; 19 percentage similarities; Best obj: 0.01204
2026-09-08 11:00:44.176 | INFO     | myoconverter.optimization.utils.UtilsForceOpt:fmOptPSO_cust:197 -         PSO iteration: 36 ; 29 percentage similarities; Best obj: 0.01203
2026-09-08 11:00:44.318 | INFO     | myoconverter.optimization.utils.UtilsForceOpt:fmOptPSO_cust:197 -         PSO iteration: 37 ; 35 percentage similarities; Best obj: 0.01203
2026-09-08 11:00:44.514 | INFO     | myoconverter.optimization.utils.UtilsForceOpt:fmOptPSO_cust:197 -         PSO iteration: 38 ; 49 percentage similarities; Best obj: 0.01202
2026-09-08 11:00:44.514 | INFO     | myoconverter.optimization.utils.UtilsForceOpt:fmOptPSO_cust:205 -         Break the optimization, since certain number of similar particles reached
2026-09-08 11:00:44.647 | WARNING  | myoconverter.conversion_steps.O2MStep3:optMuscleForce:219 -     Muscle ext_hal_l: placeholder force map, keeping default muscle parameters
2026-09-08 11:00:44.658 | WARNING  | myoconverter.conversion_steps.O2MStep3:optMuscleForce:219 -     Muscle ercspn_r: placeholder force map, keeping default muscle parameters
2026-09-08 11:00:44.658 | WARNING  | myoconverter.conversion_steps.O2MStep3:optMuscleForce:219 -     Muscle ercspn_l: placeholder force map, keeping default muscle parameters
2026-09-08 11:00:44.668 | WARNING  | myoconverter.conversion_steps.O2MStep3:optMuscleForce:219 -     Muscle intobl_r: placeholder force map, keeping default muscle parameters
2026-09-08 11:00:44.668 | WARNING  | myoconverter.conversion_steps.O2MStep3:optMuscleForce:219 -     Muscle intobl_l: placeholder force map, keeping default muscle parameters
2026-09-08 11:00:44.668 | WARNING  | myoconverter.conversion_steps.O2MStep3:optMuscleForce:219 -     Muscle extobl_r: placeholder force map, keeping default muscle parameters
2026-09-08 11:00:44.678 | WARNING  | myoconverter.conversion_steps.O2MStep3:optMuscleForce:219 -     Muscle extobl_l: placeholder force map, keeping default muscle parameters
2026-09-08 11:00:44.688 | INFO     | myoconverter.conversion_steps.O2MSteps:PipelineExecution:262 - Finished step 3 conversion - cvt3.
2026-09-08 11:00:44.688 | INFO     | myoconverter.conversion_steps.O2MSteps:PipelineExecution:272 - Skipped step 3 validation - val3.
