TimeSlice	Time	toe_L_contact	toe_R_contact	foot_L_contact	foot_R_contact
0	0	0	0	0	0
1	0.0002	0	0	0	0
2	0.0004	0	0	0	0
3	0.0006	0	0	0	0
4	0.0008	0	0	0	0
5	0.001	0	0	0	0
6	0.0012	0	0	0	0
7	0.0014	0	0	0	0
8	0.0016	0	0	0	0
9	0.0018	0	0	0	0
10	0.002	0	0	0	0
11	0.0022	0	0	0	0
12	0.0024	0	0	0	0
13	0.0026	0	0	0	0
14	0.0028	0	0	0	0
15	0.003	0	0	0	0
16	0.0032	0	0	0	0
17	0.0034	0	0	0	0
18	0.0036	0	0	0	0
19	0.0038	0	0	0	0
20	0.004	0	0	0	0
21	0.0042	0	0	0	0
22	0.0044	0	0	0	0
23	0.0046	0	0	0	0
24	0.0048	0	0	0	0
25	0.005	1	0	0	0
26	0.0052	1	0	0	0
27	0.0054	1	0	0	0
28	0.0056	1	0	0	0
29	0.0058	1	0	0	0
30	0.006	1	0	0	0
31	0.0062	1	0	0	0
32	0.0064	1	0	0	0
33	0.0066	1	0	0	0
34	0.0068	1	0	0	0
35	0.007	0	0	0	0
36	0.0072	0	0	0	0
37	0.0074	0	0	0	0
38	0.0076	0	0	0	0
39	0.0078	0	0	0	0
40	0.008	0	0	0	0
41	0.0082	0	0	0	0
42	0.0084	0	0	0	0
43	0.0086	0	0	0	0
44	0.0088	0	0	0	0
45	0.009	0	0	0	0
46	0.0092	0	0	0	0
47	0.0094	0	0	0	0
48	0.0096	0	0	0	0
49	0.0098	0	0	0	0
50	0.01	0	0	0	0
51	0.0102	0	0	0	0
52	0.0104	0	0	0	0
53	0.0106	0	0	0	0
54	0.0108	0	0	0	0
55	0.011	0	0	0	0
56	0.0112	0	0	0	0
57	0.0114	0	0	0	0
58	0.0116	0	0	0	0
59	0.0118	0	0	0	0
60	0.012	0	0	0	0
61	0.0122	0	0	0	0
62	0.0124	0	0	0	0
63	0.0126	0	0	0	0
64	0.0128	0	0	0	0
65	0.013	1	0	0	0
66	0.0132	1	0	0	0
67	0.0134	1	0	0	0
68	0.0136	1	0	0	0
69	0.0138	1	0	0	0
70	0.014	0	0	0	0
71	0.0142	0	0	0	0
72	0.0144	0	0	0	0
73	0.0146	0	0	0	0
74	0.0148	0	0	0	0
75	0.015	0	0	0	0
76	0.0152	0	0	0	0
77	0.0154	0	0	0	0
78	0.0156	0	0	0	0
79	0.0158	0	0	0	0
80	0.016	0	0	0	0
81	0.0162	0	0	0	0
82	0.0164	0	0	0	0
83	0.0166	0	0	0	0
84	0.0168	0	0	0	0
85	0.017	0	0	0	0
86	0.0172	0	0	0	0
87	0.0174	0	0	0	0
88	0.0176	0	0	0	0
89	0.0178	0	0	0	0
90	0.018	0	0	0	0
91	0.0182	0	0	0	0
92	0.0184	0	0	0	0
93	0.0186	0	0	0	0
94	0.0188	0	0	0	0
95	0.019	0	0	0	0
96	0.0192	0	0	0	0
97	0.0194	0	0	0	0
98	0.0196	0	0	0	0
99	0.0198	0	0	0	0
100	0.02	0	0	0	0
101	0.0202	0	0	0	0
102	0.0204	0	0	0	0
103	0.0206	0	0	0	0
104	0.0208	0	0	0	0
105	0.021	0	0	0	0
106	0.0212	0	0	0	0
107	0.0214	0	0	0	0
108	0.0216	0	0	0	0
109	0.0218	0	0	0	0
110	0.022	0	0	0	0
111	0.0222	0	0	0	0
112	0.0224	0	0	0	0
113	0.0226	0	0	0	0
114	0.0228	0	0	0	0
115	0.023	1	0	0	0
116	0.0232	1	0	0	0
117	0.0234	1	0	0	0
118	0.0236	1	0	0	0
119	0.0238	1	0	0	0
120	0.024	1	0	0	0
121	0.0242	1	0	0	0
122	0.0244	1	0	0	0
123	0.0246	1	0	0	0
124	0.0248	1	0	0	0
125	0.025	1	0	0	0
126	0.0252	1	0	0	0
127	0.0254	1	0	0	0
128	0.0256	1	0	0	0
129	0.0258	1	0	0	0
130	0.026	1	0	0	0
131	0.0262	1	0	0	0
132	0.0264	1	0	0	0
133	0.0266	1	0	0	0
134	0.0268	1	0	0	0
135	0.027	1	0	0	0
136	0.0272	1	0	0	0
137	0.0274	1	0	0	0
138	0.0276	1	0	0	0
139	0.0278	1	0	0	0
140	0.028	1	0	0	0
141	0.0282	1	0	0	0
142	0.0284	1	0	0	0
143	0.0286	1	0	0	0
144	0.0288	1	0	0	0
145	0.029	1	0	0	0
146	0.0292	1	0	0	0
147	0.0294	1	0	0	0
148	0.0296	1	0	0	0
149	0.0298	1	0	0	0
150	0.03	1	0	0	0
151	0.0302	1	0	0	0
152	0.0304	1	0	0	0
153	0.0306	1	0	0	0
154	0.0308	1	0	0	0
155	0.031	1	0	0	0
156	0.0312	1	0	0	0
157	0.0314	1	0	0	0
158	0.0316	1	0	0	0
159	0.0318	1	0	0	0
160	0.032	1	0	0	0
161	0.0322	1	0	0	0
162	0.0324	1	0	0	0
163	0.0326	1	0	0	0
164	0.0328	1	0	0	0
165	0.033	1	0	0	0
166	0.0332	1	0	0	0
167	0.0334	1	0	0	0
168	0.0336	1	0	0	0
169	0.0338	1	0	0	0
170	0.034	1	0	0	0
171	0.0342	1	0	0	0
172	0.0344	1	0	0	0
173	0.0346	1	0	0	0
174	0.0348	1	0	0	0
175	0.035	1	0	0	0
176	0.0352	1	0	0	0
177	0.0354	1	0	0	0
178	0.0356	1	0	0	0
179	0.0358	1	0	0	0
180	0.036	1	0	0	0
181	0.0362	1	0	0	0
182	0.0364	1	0	0	0
183	0.0366	1	0	0	0
184	0.0368	1	0	0	0
185	0.037	1	0	0	0
186	0.0372	1	0	0	0
187	0.0374	1	0	0	0
188	0.0376	1	0	0	0
189	0.0378	1	0	0	0
190	0.038	1	0	0	0
191	0.0382	1	0	0	0
192	0.0384	1	0	0	0
193	0.0386	1	0	0	0
194	0.0388	1	0	0	0
195	0.039	1	0	0	0
196	0.0392	1	0	0	0
197	0.0394	1	0	0	0
198	0.0396	1	0	0	0
199	0.0398	1	0	0	0
200	0.04	1	0	0	0
201	0.0402	1	0	0	0
202	0.0404	1	0	0	0
203	0.0406	1	0	0	0
204	0.0408	1	0	0	0
205	0.041	1	0	0	0
206	0.0412	1	0	0	0
207	0.0414	1	0	0	0
208	0.0416	1	0	0	0
209	0.0418	1	0	0	0
210	0.042	1	0	0	0
211	0.0422	1	0	0	0
212	0.0424	1	0	0	0
213	0.0426	1	0	0	0
214	0.0428	1	0	0	0
215	0.043	1	0	0	0
216	0.0432	1	0	0	0
217	0.0434	1	0	0	0
218	0.0436	1	0	0	0
219	0.0438	1	0	0	0
220	0.044	1	0	0	0
221	0.0442	1	0	0	0
222	0.0444	1	0	0	0
223	0.0446	1	0	0	0
224	0.0448	1	0	0	0
225	0.045	1	0	0	0
226	0.0452	1	0	0	0
227	0.0454	1	0	0	0
228	0.0456	1	0	0	0
229	0.0458	1	0	0	0
230	0.046	1	0	0	0
231	0.0462	1	0	0	0
232	0.0464	1	0	0	0
233	0.0466	1	0	0	0
234	0.0468	1	0	0	0
235	0.047	1	0	0	0
236	0.0472	1	0	0	0
237	0.0474	1	0	0	0
238	0.0476	1	0	0	0
239	0.0478	1	0	0	0
240	0.048	1	0	0	0
241	0.0482	1	0	0	0
242	0.0484	1	0	0	0
243	0.0486	1	0	0	0
244	0.0488	1	0	0	0
245	0.049	1	0	0	0
246	0.0492	1	0	0	0
247	0.0494	1	0	0	0
248	0.0496	1	0	0	0
249	0.0498	1	0	0	0
250	0.05	1	0	0	0
251	0.0502	1	0	0	0
252	0.0504	1	0	0	0
253	0.0506	1	0	0	0
254	0.0508	1	0	0	0
255	0.051	1	0	0	0
256	0.0512	1	0	0	0
257	0.0514	1	0	0	0
258	0.0516	1	0	0	0
259	0.0518	1	0	0	0
260	0.052	1	0	0	0
261	0.0522	1	0	0	0
262	0.0524	1	0	0	0
263	0.0526	1	0	0	0
264	0.0528	1	0	0	0
265	0.053	1	0	0	0
266	0.0532	1	0	0	0
267	0.0534	1	0	0	0
268	0.0536	1	0	0	0
269	0.0538	1	0	0	0
270	0.054	1	0	0	0
271	0.0542	1	0	0	0
272	0.0544	1	0	0	0
273	0.0546	1	0	0	0
274	0.0548	1	0	0	0
275	0.055	1	0	0	0
276	0.0552	1	0	0	0
277	0.0554	1	0	0	0
278	0.0556	1	0	0	0
279	0.0558	1	0	0	0
280	0.056	1	0	0	0
281	0.0562	1	0	0	0
282	0.0564	1	0	0	0
283	0.0566	1	0	0	0
284	0.0568	1	0	0	0
285	0.057	1	0	0	0
286	0.0572	1	0	0	0
287	0.0574	1	0	0	0
288	0.0576	1	0	0	0
289	0.0578	1	0	0	0
290	0.058	1	0	0	0
291	0.0582	1	0	0	0
292	0.0584	1	0	0	0
293	0.0586	1	0	0	0
294	0.0588	1	0	0	0
295	0.059	1	0	0	0
296	0.0592	1	0	0	0
297	0.0594	1	0	0	0
298	0.0596	1	0	0	0
299	0.0598	1	0	0	0
300	0.06	1	0	0	0
301	0.0602	1	0	0	0
302	0.0604	1	0	0	0
303	0.0606	1	0	0	0
304	0.0608	1	0	0	0
305	0.061	1	0	0	0
306	0.0612	1	0	0	0
307	0.0614	1	0	0	0
308	0.0616	1	0	0	0
309	0.0618	1	0	0	0
310	0.062	1	0	0	0
311	0.0622	1	0	0	0
312	0.0624	1	0	0	0
313	0.0626	1	0	0	0
314	0.0628	1	0	0	0
315	0.063	1	0	0	0
316	0.0632	1	0	0	0
317	0.0634	1	0	0	0
318	0.0636	1	0	0	0
319	0.0638	1	0	0	0
320	0.064	1	0	0	0
321	0.0642	1	0	0	0
322	0.0644	1	0	0	0
323	0.0646	1	0	0	0
324	0.0648	1	0	0	0
325	0.065	1	0	0	0
326	0.0652	1	0	0	0
327	0.0654	1	0	0	0
328	0.0656	1	0	0	0
329	0.0658	1	0	0	0
330	0.066	1	0	0	0
331	0.0662	1	0	0	0
332	0.0664	1	0	0	0
333	0.0666	1	0	0	0
334	0.0668	1	0	0	0
335	0.067	1	0	0	0
336	0.0672	1	0	0	0
337	0.0674	1	0	0	0
338	0.0676	1	0	0	0
339	0.0678	1	0	0	0
340	0.068	1	0	0	0
341	0.0682	1	0	0	0
342	0.0684	1	0	0	0
343	0.0686	1	0	0	0
344	0.0688	1	0	0	0
345	0.069	1	0	0	0
346	0.0692	1	0	0	0
347	0.0694	1	0	0	0
348	0.0696	1	0	0	0
349	0.0698	1	0	0	0
350	0.07	1	0	0	0
351	0.0702	1	0	0	0
352	0.0704	1	0	0	0
353	0.0706	1	0	0	0
354	0.0708	1	0	0	0
355	0.071	1	0	0	0
356	0.0712	1	0	0	0
357	0.0714	1	0	0	0
358	0.0716	1	0	0	0
359	0.0718	1	0	0	0
360	0.072	1	0	0	0
361	0.0722	1	0	0	0
362	0.0724	1	0	0	0
363	0.0726	1	0	0	0
364	0.0728	1	0	0	0
365	0.073	1	0	0	0
366	0.0732	1	0	0	0
367	0.0734	1	0	0	0
368	0.0736	1	0	0	0
369	0.0738	1	0	0	0
370	0.074	1	0	0	0
371	0.0742	1	0	0	0
372	0.0744	1	0	0	0
373	0.0746	1	0	0	0
374	0.0748	1	0	0	0
375	0.075	1	0	0	0
376	0.0752	1	0	0	0
377	0.0754	1	0	0	0
378	0.0756	1	0	0	0
379	0.0758	1	0	0	0
380	0.076	1	0	0	0
381	0.0762	1	0	0	0
382	0.0764	1	0	0	0
383	0.0766	1	0	0	0
384	0.0768	1	0	0	0
385	0.077	1	0	0	0
386	0.0772	1	0	0	0
387	0.0774	1	0	0	0
388	0.0776	1	0	0	0
389	0.0778	1	0	0	0
390	0.078	1	1	0	0
391	0.0782	1	1	0	0
392	0.0784	1	1	0	0
393	0.0786	1	1	0	0
394	0.0788	1	1	0	0
395	0.079	1	1	0	0
396	0.0792	1	1	0	0
397	0.0794	1	1	0	0
398	0.0796	1	1	0	0
399	0.0798	1	1	0	0
400	0.08	1	1	0	0
401	0.0802	1	1	0	0
402	0.0804	1	1	0	0
403	0.0806	1	1	0	0
404	0.0808	1	1	0	0
405	0.081	1	1	0	0
406	0.0812	1	1	0	0
407	0.0814	1	1	0	0
408	0.0816	1	1	0	0
409	0.0818	1	1	0	0
410	0.082	2	1	0	0
411	0.0822	2	1	0	0
412	0.0824	2	1	0	0
413	0.0826	2	1	0	0
414	0.0828	2	1	0	0
415	0.083	2	1	0	0
416	0.0832	2	1	0	0
417	0.0834	2	1	0	0
418	0.0836	2	1	0	0
419	0.0838	2	1	0	0
420	0.084	2	1	0	0
421	0.0842	2	1	0	0
422	0.0844	2	1	0	0
423	0.0846	2	1	0	0
424	0.0848	2	1	0	0
425	0.085	2	1	0	0
426	0.0852	2	1	0	0
427	0.0854	2	1	0	0
428	0.0856	2	1	0	0
429	0.0858	2	1	0	0
430	0.086	2	1	0	0
431	0.0862	2	1	0	0
432	0.0864	2	1	0	0
433	0.0866	2	1	0	0
434	0.0868	2	1	0	0
435	0.087	2	1	0	0
436	0.0872	2	1	0	0
437	0.0874	2	1	0	0
438	0.0876	2	1	0	0
439	0.0878	2	1	0	0
440	0.088	2	1	0	0
441	0.0882	2	1	0	0
442	0.0884	2	1	0	0
443	0.0886	2	1	0	0
444	0.0888	2	1	0	0
445	0.089	2	1	0	0
446	0.0892	2	1	0	0
447	0.0894	2	1	0	0
448	0.0896	2	1	0	0
449	0.0898	2	1	0	0
450	0.09	2	1	0	0
451	0.0902	2	1	0	0
452	0.0904	2	1	0	0
453	0.0906	2	1	0	0
454	0.0908	2	1	0	0
455	0.091	2	1	0	0
456	0.0912	2	1	0	0
457	0.0914	2	1	0	0
458	0.0916	2	1	0	0
459	0.0918	2	1	0	0
460	0.092	2	1	0	0
461	0.0922	2	1	0	0
462	0.0924	2	1	0	0
463	0.0926	2	1	0	0
464	0.0928	2	1	0	0
465	0.093	2	1	0	0
466	0.0932	2	1	0	0
467	0.0934	2	1	0	0
468	0.0936	2	1	0	0
469	0.0938	2	1	0	0
470	0.094	2	1	0	0
471	0.0942	2	1	0	0
472	0.0944	2	1	0	0
473	0.0946	2	1	0	0
474	0.0948	2	1	0	0
475	0.095	2	1	0	0
476	0.0952	2	1	0	0
477	0.0954	2	1	0	0
478	0.0956	2	1	0	0
479	0.0958	2	1	0	0
480	0.096	2	1	0	0
481	0.0962	2	1	0	0
482	0.0964	2	1	0	0
483	0.0966	2	1	0	0
484	0.0968	2	1	0	0
485	0.097	2	1	0	0
486	0.0972	2	1	0	0
487	0.0974	2	1	0	0
488	0.0976	2	1	0	0
489	0.0978	2	1	0	0
490	0.098	2	1	0	0
491	0.0982	2	1	0	0
492	0.0984	2	1	0	0
493	0.0986	2	1	0	0
494	0.0988	2	1	0	0
495	0.099	2	1	0	0
496	0.0992	2	1	0	0
497	0.0994	2	1	0	0
498	0.0996	2	1	0	0
499	0.0998	2	1	0	0
500	0.1	2	1	0	0
501	0.1002	2	1	0	0
502	0.1004	2	1	0	0
503	0.1006	2	1	0	0
504	0.1008	2	1	0	0
505	0.101	2	1	0	0
506	0.1012	2	1	0	0
507	0.1014	2	1	0	0
508	0.1016	2	1	0	0
509	0.1018	2	1	0	0
510	0.102	2	1	0	0
511	0.1022	2	1	0	0
512	0.1024	2	1	0	0
513	0.1026	2	1	0	0
514	0.1028	2	1	0	0
515	0.103	2	1	0	0
516	0.1032	2	1	0	0
517	0.1034	2	1	0	0
518	0.1036	2	1	0	0
519	0.1038	2	1	0	0
520	0.104	2	1	0	0
521	0.1042	2	1	0	0
522	0.1044	2	1	0	0
523	0.1046	2	1	0	0
524	0.1048	2	1	0	0
525	0.105	2	1	0	0
526	0.1052	2	1	0	0
527	0.1054	2	1	0	0
528	0.1056	2	1	0	0
529	0.1058	2	1	0	0
530	0.106	2	1	0	0
531	0.1062	2	1	0	0
532	0.1064	2	1	0	0
533	0.1066	2	1	0	0
534	0.1068	2	1	0	0
535	0.107	2	1	0	0
536	0.1072	2	1	0	0
537	0.1074	2	1	0	0
538	0.1076	2	1	0	0
539	0.1078	2	1	0	0
540	0.108	2	1	0	0
541	0.1082	2	1	0	0
542	0.1084	2	1	0	0
543	0.1086	2	1	0	0
544	0.1088	2	1	0	0
545	0.109	2	1	0	0
546	0.1092	2	1	0	0
547	0.1094	2	1	0	0
548	0.1096	2	1	0	0
549	0.1098	2	1	0	0
550	0.11	2	1	0	0
551	0.1102	2	1	0	0
552	0.1104	2	1	0	0
553	0.1106	2	1	0	0
554	0.1108	2	1	0	0
555	0.111	2	1	0	0
556	0.1112	2	1	0	0
557	0.1114	2	1	0	0
558	0.1116	2	1	0	0
559	0.1118	2	1	0	0
560	0.112	2	1	0	0
561	0.1122	2	1	0	0
562	0.1124	2	1	0	0
563	0.1126	2	1	0	0
564	0.1128	2	1	0	0
565	0.113	2	1	0	0
566	0.1132	2	1	0	0
567	0.1134	2	1	0	0
568	0.1136	2	1	0	0
569	0.1138	2	1	0	0
570	0.114	2	1	0	0
571	0.1142	2	1	0	0
572	0.1144	2	1	0	0
573	0.1146	2	1	0	0
574	0.1148	2	1	0	0
575	0.115	2	1	0	0
576	0.1152	2	1	0	0
577	0.1154	2	1	0	0
578	0.1156	2	1	0	0
579	0.1158	2	1	0	0
580	0.116	2	1	0	0
581	0.1162	2	1	0	0
582	0.1164	2	1	0	0
583	0.1166	2	1	0	0
584	0.1168	2	1	0	0
585	0.117	2	1	0	0
586	0.1172	2	1	0	0
587	0.1174	2	1	0	0
588	0.1176	2	1	0	0
589	0.1178	2	1	0	0
590	0.118	2	1	0	0
591	0.1182	2	1	0	0
592	0.1184	2	1	0	0
593	0.1186	2	1	0	0
594	0.1188	2	1	0	0
595	0.119	2	1	0	0
596	0.1192	2	1	0	0
597	0.1194	2	1	0	0
598	0.1196	2	1	0	0
599	0.1198	2	1	0	0
600	0.12	2	1	0	0
601	0.1202	2	1	0	0
602	0.1204	2	1	0	0
603	0.1206	2	1	0	0
604	0.1208	2	1	0	0
605	0.121	2	1	0	0
606	0.1212	2	1	0	0
607	0.1214	2	1	0	0
608	0.1216	2	1	0	0
609	0.1218	2	1	0	0
610	0.122	2	1	0	0
611	0.1222	2	1	0	0
612	0.1224	2	1	0	0
613	0.1226	2	1	0	0
614	0.1228	2	1	0	0
615	0.123	2	1	0	0
616	0.1232	2	1	0	0
617	0.1234	2	1	0	0
618	0.1236	2	1	0	0
619	0.1238	2	1	0	0
620	0.124	2	1	0	0
621	0.1242	2	1	0	0
622	0.1244	2	1	0	0
623	0.1246	2	1	0	0
624	0.1248	2	1	0	0
625	0.125	2	1	0	0
626	0.1252	2	1	0	0
627	0.1254	2	1	0	0
628	0.1256	2	1	0	0
629	0.1258	2	1	0	0
630	0.126	2	1	0	0
631	0.1262	2	1	0	0
632	0.1264	2	1	0	0
633	0.1266	2	1	0	0
634	0.1268	2	1	0	0
635	0.127	2	1	0	0
636	0.1272	2	1	0	0
637	0.1274	2	1	0	0
638	0.1276	2	1	0	0
639	0.1278	2	1	0	0
640	0.128	2	1	0	0
641	0.1282	2	1	0	0
642	0.1284	2	1	0	0
643	0.1286	2	1	0	0
644	0.1288	2	1	0	0
645	0.129	2	1	0	0
646	0.1292	2	1	0	0
647	0.1294	2	1	0	0
648	0.1296	2	1	0	0
649	0.1298	2	1	0	0
650	0.13	2	1	0	0
651	0.1302	2	1	0	0
652	0.1304	2	1	0	0
653	0.1306	2	1	0	0
654	0.1308	2	1	0	0
655	0.131	2	1	0	0
656	0.1312	2	1	0	0
657	0.1314	2	1	0	0
658	0.1316	2	1	0	0
659	0.1318	2	1	0	0
660	0.132	2	1	0	0
661	0.1322	2	1	0	0
662	0.1324	2	1	0	0
663	0.1326	2	1	0	0
664	0.1328	2	1	0	0
665	0.133	2	1	0	0
666	0.1332	2	1	0	0
667	0.1334	2	1	0	0
668	0.1336	2	1	0	0
669	0.1338	2	1	0	0
670	0.134	2	1	0	0
671	0.1342	2	1	0	0
672	0.1344	2	1	0	0
673	0.1346	2	1	0	0
674	0.1348	2	1	0	0
675	0.135	2	1	0	0
676	0.1352	2	1	0	0
677	0.1354	2	1	0	0
678	0.1356	2	1	0	0
679	0.1358	2	1	0	0
680	0.136	2	1	0	0
681	0.1362	2	1	0	0
682	0.1364	2	1	0	0
683	0.1366	2	1	0	0
684	0.1368	2	1	0	0
685	0.137	2	1	0	0
686	0.1372	2	1	0	0
687	0.1374	2	1	0	0
688	0.1376	2	1	0	0
689	0.1378	2	1	0	0
690	0.138	2	1	0	0
691	0.1382	2	1	0	0
692	0.1384	2	1	0	0
693	0.1386	2	1	0	0
694	0.1388	2	1	0	0
695	0.139	2	1	0	0
696	0.1392	2	1	0	0
697	0.1394	2	1	0	0
698	0.1396	2	1	0	0
699	0.1398	2	1	0	0
700	0.14	2	1	0	0
701	0.1402	2	1	0	0
702	0.1404	2	1	0	0
703	0.1406	2	1	0	0
704	0.1408	2	1	0	0
705	0.141	2	1	0	0
706	0.1412	2	1	0	0
707	0.1414	2	1	0	0
708	0.1416	2	1	0	0
709	0.1418	2	1	0	0
710	0.142	2	1	0	0
711	0.1422	2	1	0	0
712	0.1424	2	1	0	0
713	0.1426	2	1	0	0
714	0.1428	2	1	0	0
715	0.143	2	1	0	0
716	0.1432	2	1	0	0
717	0.1434	2	1	0	0
718	0.1436	2	1	0	0
719	0.1438	2	1	0	0
720	0.144	2	1	0	0
721	0.1442	2	1	0	0
722	0.1444	2	1	0	0
723	0.1446	2	1	0	0
724	0.1448	2	1	0	0
725	0.145	2	1	0	0
726	0.1452	2	1	0	0
727	0.1454	2	1	0	0
728	0.1456	2	1	0	0
729	0.1458	2	1	0	0
730	0.146	2	1	0	0
731	0.1462	2	1	0	0
732	0.1464	2	1	0	0
733	0.1466	2	1	0	0
734	0.1468	2	1	0	0
735	0.147	2	1	0	0
736	0.1472	2	1	0	0
737	0.1474	2	1	0	0
738	0.1476	2	1	0	0
739	0.1478	2	1	0	0
740	0.148	2	1	0	0
741	0.1482	2	1	0	0
742	0.1484	2	1	0	0
743	0.1486	2	1	0	0
744	0.1488	2	1	0	0
745	0.149	2	1	0	0
746	0.1492	2	1	0	0
747	0.1494	2	1	0	0
748	0.1496	2	1	0	0
749	0.1498	2	1	0	0
750	0.15	2	1	0	0
751	0.1502	2	1	0	0
752	0.1504	2	1	0	0
753	0.1506	2	1	0	0
754	0.1508	2	1	0	0
755	0.151	2	1	0	0
756	0.1512	2	1	0	0
757	0.1514	2	1	0	0
758	0.1516	2	1	0	0
759	0.1518	2	1	0	0
760	0.152	2	1	0	0
761	0.1522	2	1	0	0
762	0.1524	2	1	0	0
763	0.1526	2	1	0	0
764	0.1528	2	1	0	0
765	0.153	2	1	0	0
766	0.1532	2	1	0	0
767	0.1534	2	1	0	0
768	0.1536	2	1	0	0
769	0.1538	2	1	0	0
770	0.154	2	1	0	0
771	0.1542	2	1	0	0
772	0.1544	2	1	0	0
773	0.1546	2	1	0	0
774	0.1548	2	1	0	0
775	0.155	2	1	0	0
776	0.1552	2	1	0	0
777	0.1554	2	1	0	0
778	0.1556	2	1	0	0
779	0.1558	2	1	0	0
780	0.156	2	1	0	0
781	0.1562	2	1	0	0
782	0.1564	2	1	0	0
783	0.1566	2	1	0	0
784	0.1568	2	1	0	0
785	0.157	2	1	0	0
786	0.1572	2	1	0	0
787	0.1574	2	1	0	0
788	0.1576	2	1	0	0
789	0.1578	2	1	0	0
790	0.158	2	1	0	0
791	0.1582	2	1	0	0
792	0.1584	2	1	0	0
793	0.1586	2	1	0	0
794	0.1588	2	1	0	0
795	0.159	2	1	0	0
796	0.1592	2	1	0	0
797	0.1594	2	1	0	0
798	0.1596	2	1	0	0
799	0.1598	2	1	0	0
800	0.16	2	1	0	0
801	0.1602	2	1	0	0
802	0.1604	2	1	0	0
803	0.1606	2	1	0	0
804	0.1608	2	1	0	0
805	0.161	2	1	0	0
806	0.1612	2	1	0	0
807	0.1614	2	1	0	0
808	0.1616	2	1	0	0
809	0.1618	2	1	0	0
810	0.162	2	1	0	0
811	0.1622	2	1	0	0
812	0.1624	2	1	0	0
813	0.1626	2	1	0	0
814	0.1628	2	1	0	0
815	0.163	2	1	0	0
816	0.1632	2	1	0	0
817	0.1634	2	1	0	0
818	0.1636	2	1	0	0
819	0.1638	2	1	0	0
820	0.164	2	1	0	0
821	0.1642	2	1	0	0
822	0.1644	2	1	0	0
823	0.1646	2	1	0	0
824	0.1648	2	1	0	0
825	0.165	2	1	0	0
826	0.1652	2	1	0	0
827	0.1654	2	1	0	0
828	0.1656	2	1	0	0
829	0.1658	2	1	0	0
830	0.166	2	1	0	0
831	0.1662	2	1	0	0
832	0.1664	2	1	0	0
833	0.1666	2	1	0	0
834	0.1668	2	1	0	0
835	0.167	2	1	0	0
836	0.1672	2	1	0	0
837	0.1674	2	1	0	0
838	0.1676	2	1	0	0
839	0.1678	2	1	0	0
840	0.168	2	1	0	0
841	0.1682	2	1	0	0
842	0.1684	2	1	0	0
843	0.1686	2	1	0	0
844	0.1688	2	1	0	0
845	0.169	2	1	0	0
846	0.1692	2	1	0	0
847	0.1694	2	1	0	0
848	0.1696	2	1	0	0
849	0.1698	2	1	0	0
850	0.17	2	1	0	0
851	0.1702	2	1	0	0
852	0.1704	2	1	0	0
853	0.1706	2	1	0	0
854	0.1708	2	1	0	0
855	0.171	2	1	0	0
856	0.1712	2	1	0	0
857	0.1714	2	1	0	0
858	0.1716	2	1	0	0
859	0.1718	2	1	0	0
860	0.172	2	1	0	0
861	0.1722	2	1	0	0
862	0.1724	2	1	0	0
863	0.1726	2	1	0	0
864	0.1728	2	1	0	0
865	0.173	2	1	0	0
866	0.1732	2	1	0	0
867	0.1734	2	1	0	0
868	0.1736	2	1	0	0
869	0.1738	2	1	0	0
870	0.174	2	1	0	0
871	0.1742	2	1	0	0
872	0.1744	2	1	0	0
873	0.1746	2	1	0	0
874	0.1748	2	1	0	0
875	0.175	2	1	0	0
876	0.1752	2	1	0	0
877	0.1754	2	1	0	0
878	0.1756	2	1	0	0
879	0.1758	2	1	0	0
880	0.176	2	1	0	0
881	0.1762	2	1	0	0
882	0.1764	2	1	0	0
883	0.1766	2	1	0	0
884	0.1768	2	1	0	0
885	0.177	2	1	0	0
886	0.1772	2	1	0	0
887	0.1774	2	1	0	0
888	0.1776	2	1	0	0
889	0.1778	2	1	0	0
890	0.178	2	1	0	0
891	0.1782	2	1	0	0
892	0.1784	2	1	0	0
893	0.1786	2	1	0	0
894	0.1788	2	1	0	0
895	0.179	2	1	0	0
896	0.1792	2	1	0	0
897	0.1794	2	1	0	0
898	0.1796	2	1	0	0
899	0.1798	2	1	0	0
900	0.18	2	1	0	0
901	0.1802	2	1	0	0
902	0.1804	2	1	0	0
903	0.1806	2	1	0	0
904	0.1808	2	1	0	0
905	0.181	2	1	0	0
906	0.1812	2	1	0	0
907	0.1814	2	1	0	0
908	0.1816	2	1	0	0
909	0.1818	2	1	0	0
910	0.182	2	1	0	0
911	0.1822	2	1	0	0
912	0.1824	2	1	0	0
913	0.1826	2	1	0	0
914	0.1828	2	1	0	0
915	0.183	2	1	0	0
916	0.1832	2	1	0	0
917	0.1834	2	1	0	0
918	0.1836	2	1	0	0
919	0.1838	2	1	0	0
920	0.184	2	1	0	0
921	0.1842	2	1	0	0
922	0.1844	2	1	0	0
923	0.1846	2	1	0	0
924	0.1848	2	1	0	0
925	0.185	2	1	0	0
926	0.1852	2	1	0	0
927	0.1854	2	1	0	0
928	0.1856	2	1	0	0
929	0.1858	2	1	0	0
930	0.186	2	1	0	0
931	0.1862	2	1	0	0
932	0.1864	2	1	0	0
933	0.1866	2	1	0	0
934	0.1868	2	1	0	0
935	0.187	2	1	0	0
936	0.1872	2	1	0	0
937	0.1874	2	1	0	0
938	0.1876	2	1	0	0
939	0.1878	2	1	0	0
940	0.188	2	1	0	0
941	0.1882	2	1	0	0
942	0.1884	2	1	0	0
943	0.1886	2	1	0	0
944	0.1888	2	1	0	0
945	0.189	2	1	0	0
946	0.1892	2	1	0	0
947	0.1894	2	1	0	0
948	0.1896	2	1	0	0
949	0.1898	2	1	0	0
950	0.19	2	1	0	0
951	0.1902	2	1	0	0
952	0.1904	2	1	0	0
953	0.1906	2	1	0	0
954	0.1908	2	1	0	0
955	0.191	2	1	0	0
956	0.1912	2	1	0	0
957	0.1914	2	1	0	0
958	0.1916	2	1	0	0
959	0.1918	2	1	0	0
960	0.192	2	1	0	0
961	0.1922	2	1	0	0
962	0.1924	2	1	0	0
963	0.1926	2	1	0	0
964	0.1928	2	1	0	0
965	0.193	2	1	0	0
966	0.1932	2	1	0	0
967	0.1934	2	1	0	0
968	0.1936	2	1	0	0
969	0.1938	2	1	0	0
970	0.194	2	1	0	0
971	0.1942	2	1	0	0
972	0.1944	2	1	0	0
973	0.1946	2	1	0	0
974	0.1948	2	1	0	0
975	0.195	2	1	0	0
976	0.1952	2	1	0	0
977	0.1954	2	1	0	0
978	0.1956	2	1	0	0
979	0.1958	2	1	0	0
980	0.196	2	1	0	0
981	0.1962	2	1	0	0
982	0.1964	2	1	0	0
983	0.1966	2	1	0	0
984	0.1968	2	1	0	0
985	0.197	2	1	0	0
986	0.1972	2	1	0	0
987	0.1974	2	1	0	0
988	0.1976	2	1	0	0
989	0.1978	2	1	0	0
990	0.198	2	1	0	0
991	0.1982	2	1	0	0
992	0.1984	2	1	0	0
993	0.1986	2	1	0	0
994	0.1988	2	1	0	0
995	0.199	2	1	0	0
996	0.1992	2	1	0	0
997	0.1994	2	1	0	0
998	0.1996	2	1	0	0
999	0.1998	2	1	0	0
1000	0.2	2	1	0	0
1001	0.2002	2	1	0	0
1002	0.2004	2	1	0	0
1003	0.2006	2	1	0	0
1004	0.2008	2	1	0	0
1005	0.201	2	1	0	0
1006	0.2012	2	1	0	0
1007	0.2014	2	1	0	0
1008	0.2016	2	1	0	0
1009	0.2018	2	1	0	0
1010	0.202	2	1	0	0
1011	0.2022	2	1	0	0
1012	0.2024	2	1	0	0
1013	0.2026	2	1	0	0
1014	0.2028	2	1	0	0
1015	0.203	2	1	0	0
1016	0.2032	2	1	0	0
1017	0.2034	2	1	0	0
1018	0.2036	2	1	0	0
1019	0.2038	2	1	0	0
1020	0.204	2	1	0	0
1021	0.2042	2	1	0	0
1022	0.2044	2	1	0	0
1023	0.2046	2	1	0	0
1024	0.2048	2	1	0	0
1025	0.205	2	1	0	0
1026	0.2052	2	1	0	0
1027	0.2054	2	1	0	0
1028	0.2056	2	1	0	0
1029	0.2058	2	1	0	0
1030	0.206	2	1	0	0
1031	0.2062	2	1	0	0
1032	0.2064	2	1	0	0
1033	0.2066	2	1	0	0
1034	0.2068	2	1	0	0
1035	0.207	2	1	0	0
1036	0.2072	2	1	0	0
1037	0.2074	2	1	0	0
1038	0.2076	2	1	0	0
1039	0.2078	2	1	0	0
1040	0.208	2	1	0	0
1041	0.2082	2	1	0	0
1042	0.2084	2	1	0	0
1043	0.2086	2	1	0	0
1044	0.2088	2	1	0	0
1045	0.209	2	1	0	0
1046	0.2092	2	1	0	0
1047	0.2094	2	1	0	0
1048	0.2096	2	1	0	0
1049	0.2098	2	1	0	0
1050	0.21	2	1	0	0
1051	0.2102	2	1	0	0
1052	0.2104	2	1	0	0
1053	0.2106	2	1	0	0
1054	0.2108	2	1	0	0
1055	0.211	2	1	0	0
1056	0.2112	2	1	0	0
1057	0.2114	2	1	0	0
1058	0.2116	2	1	0	0
1059	0.2118	2	1	0	0
1060	0.212	2	1	0	0
1061	0.2122	2	1	0	0
1062	0.2124	2	1	0	0
1063	0.2126	2	1	0	0
1064	0.2128	2	1	0	0
1065	0.213	2	1	0	0
1066	0.2132	2	1	0	0
1067	0.2134	2	1	0	0
1068	0.2136	2	1	0	0
1069	0.2138	2	1	0	0
1070	0.214	2	1	0	0
1071	0.2142	2	1	0	0
1072	0.2144	2	1	0	0
1073	0.2146	2	1	0	0
1074	0.2148	2	1	0	0
1075	0.215	2	1	0	0
1076	0.2152	2	1	0	0
1077	0.2154	2	1	0	0
1078	0.2156	2	1	0	0
1079	0.2158	2	1	0	0
1080	0.216	2	1	0	0
1081	0.2162	2	1	0	0
1082	0.2164	2	1	0	0
1083	0.2166	2	1	0	0
1084	0.2168	2	1	0	0
1085	0.217	2	1	0	0
1086	0.2172	2	1	0	0
1087	0.2174	2	1	0	0
1088	0.2176	2	1	0	0
1089	0.2178	2	1	0	0
1090	0.218	2	1	0	0
1091	0.2182	2	1	0	0
1092	0.2184	2	1	0	0
1093	0.2186	2	1	0	0
1094	0.2188	2	1	0	0
1095	0.219	2	1	0	0
1096	0.2192	2	1	0	0
1097	0.2194	2	1	0	0
1098	0.2196	2	1	0	0
1099	0.2198	2	1	0	0
1100	0.22	2	1	0	0
1101	0.2202	2	1	0	0
1102	0.2204	2	1	0	0
1103	0.2206	2	1	0	0
1104	0.2208	2	1	0	0
1105	0.221	2	1	0	0
1106	0.2212	2	1	0	0
1107	0.2214	2	1	0	0
1108	0.2216	2	1	0	0
1109	0.2218	2	1	0	0
1110	0.222	2	1	0	0
1111	0.2222	2	1	0	0
1112	0.2224	2	1	0	0
1113	0.2226	2	1	0	0
1114	0.2228	2	1	0	0
1115	0.223	2	1	0	0
1116	0.2232	2	1	0	0
1117	0.2234	2	1	0	0
1118	0.2236	2	1	0	0
1119	0.2238	2	1	0	0
1120	0.224	2	1	0	0
1121	0.2242	2	1	0	0
1122	0.2244	2	1	0	0
1123	0.2246	2	1	0	0
1124	0.2248	2	1	0	0
1125	0.225	2	1	0	0
1126	0.2252	2	1	0	0
1127	0.2254	2	1	0	0
1128	0.2256	2	1	0	0
1129	0.2258	2	1	0	0
1130	0.226	2	1	0	0
1131	0.2262	2	1	0	0
1132	0.2264	2	1	0	0
1133	0.2266	2	1	0	0
1134	0.2268	2	1	0	0
1135	0.227	2	1	0	0
1136	0.2272	2	1	0	0
1137	0.2274	2	1	0	0
1138	0.2276	2	1	0	0
1139	0.2278	2	1	0	0
1140	0.228	2	1	0	0
1141	0.2282	2	1	0	0
1142	0.2284	2	1	0	0
1143	0.2286	2	1	0	0
1144	0.2288	2	1	0	0
1145	0.229	2	1	0	0
1146	0.2292	2	1	0	0
1147	0.2294	2	1	0	0
1148	0.2296	2	1	0	0
1149	0.2298	2	1	0	0
1150	0.23	2	1	0	0
1151	0.2302	2	1	0	0
1152	0.2304	2	1	0	0
1153	0.2306	2	1	0	0
1154	0.2308	2	1	0	0
1155	0.231	2	1	0	0
1156	0.2312	2	1	0	0
1157	0.2314	2	1	0	0
1158	0.2316	2	1	0	0
1159	0.2318	2	1	0	0
1160	0.232	2	1	0	0
1161	0.2322	2	1	0	0
1162	0.2324	2	1	0	0
1163	0.2326	2	1	0	0
1164	0.2328	2	1	0	0
1165	0.233	2	1	0	0
1166	0.2332	2	1	0	0
1167	0.2334	2	1	0	0
1168	0.2336	2	1	0	0
1169	0.2338	2	1	0	0
1170	0.234	2	1	0	0
1171	0.2342	2	1	0	0
1172	0.2344	2	1	0	0
1173	0.2346	2	1	0	0
1174	0.2348	2	1	0	0
1175	0.235	2	1	0	0
1176	0.2352	2	1	0	0
1177	0.2354	2	1	0	0
1178	0.2356	2	1	0	0
1179	0.2358	2	1	0	0
1180	0.236	2	1	0	0
1181	0.2362	2	1	0	0
1182	0.2364	2	1	0	0
1183	0.2366	2	1	0	0
1184	0.2368	2	1	0	0
1185	0.237	2	1	0	0
1186	0.2372	2	1	0	0
1187	0.2374	2	1	0	0
1188	0.2376	2	1	0	0
1189	0.2378	2	1	0	0
1190	0.238	1	1	0	0
1191	0.2382	1	1	0	0
1192	0.2384	1	1	0	0
1193	0.2386	1	1	0	0
1194	0.2388	1	1	0	0
1195	0.239	1	1	0	0
1196	0.2392	1	1	0	0
1197	0.2394	1	1	0	0
1198	0.2396	1	1	0	0
1199	0.2398	1	1	0	0
1200	0.24	1	1	0	0
1201	0.2402	1	1	0	0
1202	0.2404	1	1	0	0
1203	0.2406	1	1	0	0
1204	0.2408	1	1	0	0
1205	0.241	1	1	0	0
1206	0.2412	1	1	0	0
1207	0.2414	1	1	0	0
1208	0.2416	1	1	0	0
1209	0.2418	1	1	0	0
1210	0.242	1	1	0	0
1211	0.2422	1	1	0	0
1212	0.2424	1	1	0	0
1213	0.2426	1	1	0	0
1214	0.2428	1	1	0	0
1215	0.243	1	1	0	0
1216	0.2432	1	1	0	0
1217	0.2434	1	1	0	0
1218	0.2436	1	1	0	0
1219	0.2438	1	1	0	0
1220	0.244	1	1	0	0
1221	0.2442	1	1	0	0
1222	0.2444	1	1	0	0
1223	0.2446	1	1	0	0
1224	0.2448	1	1	0	0
1225	0.245	1	1	0	0
1226	0.2452	1	1	0	0
1227	0.2454	1	1	0	0
1228	0.2456	1	1	0	0
1229	0.2458	1	1	0	0
1230	0.246	0	1	0	0
1231	0.2462	0	1	0	0
1232	0.2464	0	1	0	0
1233	0.2466	0	1	0	0
1234	0.2468	0	1	0	0
1235	0.247	0	1	0	0
1236	0.2472	0	1	0	0
1237	0.2474	0	1	0	0
1238	0.2476	0	1	0	0
1239	0.2478	0	1	0	0
1240	0.248	0	1	0	0
1241	0.2482	0	1	0	0
1242	0.2484	0	1	0	0
1243	0.2486	0	1	0	0
1244	0.2488	0	1	0	0
1245	0.249	0	1	0	0
1246	0.2492	0	1	0	0
1247	0.2494	0	1	0	0
1248	0.2496	0	1	0	0
1249	0.2498	0	1	0	0
1250	0.25	0	1	0	0
1251	0.2502	0	1	0	0
1252	0.2504	0	1	0	0
1253	0.2506	0	1	0	0
1254	0.2508	0	1	0	0
1255	0.251	0	1	0	0
1256	0.2512	0	1	0	0
1257	0.2514	0	1	0	0
1258	0.2516	0	1	0	0
1259	0.2518	0	1	0	0
1260	0.252	0	1	0	0
1261	0.2522	0	1	0	0
1262	0.2524	0	1	0	0
1263	0.2526	0	1	0	0
1264	0.2528	0	1	0	0
1265	0.253	0	1	0	0
1266	0.2532	0	1	0	0
1267	0.2534	0	1	0	0
1268	0.2536	0	1	0	0
1269	0.2538	0	1	0	0
1270	0.254	0	1	0	0
1271	0.2542	0	1	0	0
1272	0.2544	0	1	0	0
1273	0.2546	0	1	0	0
1274	0.2548	0	1	0	0
1275	0.255	0	1	0	0
1276	0.2552	0	1	0	0
1277	0.2554	0	1	0	0
1278	0.2556	0	1	0	0
1279	0.2558	0	1	0	0
1280	0.256	0	1	0	0
1281	0.2562	0	1	0	0
1282	0.2564	0	1	0	0
1283	0.2566	0	1	0	0
1284	0.2568	0	1	0	0
1285	0.257	0	1	0	0
1286	0.2572	0	1	0	0
1287	0.2574	0	1	0	0
1288	0.2576	0	1	0	0
1289	0.2578	0	1	0	0
1290	0.258	0	1	0	0
1291	0.2582	0	1	0	0
1292	0.2584	0	1	0	0
1293	0.2586	0	1	0	0
1294	0.2588	0	1	0	0
1295	0.259	0	1	0	0
1296	0.2592	0	1	0	0
1297	0.2594	0	1	0	0
1298	0.2596	0	1	0	0
1299	0.2598	0	1	0	0
1300	0.26	0	1	0	0
1301	0.2602	0	1	0	0
1302	0.2604	0	1	0	0
1303	0.2606	0	1	0	0
1304	0.2608	0	1	0	0
1305	0.261	0	1	0	0
1306	0.2612	0	1	0	0
1307	0.2614	0	1	0	0
1308	0.2616	0	1	0	0
1309	0.2618	0	1	0	0
1310	0.262	0	1	0	0
1311	0.2622	0	1	0	0
1312	0.2624	0	1	0	0
1313	0.2626	0	1	0	0
1314	0.2628	0	1	0	0
1315	0.263	0	1	0	0
1316	0.2632	0	1	0	0
1317	0.2634	0	1	0	0
1318	0.2636	0	1	0	0
1319	0.2638	0	1	0	0
1320	0.264	0	1	0	0
1321	0.2642	0	1	0	0
1322	0.2644	0	1	0	0
1323	0.2646	0	1	0	0
1324	0.2648	0	1	0	0
1325	0.265	0	1	0	0
1326	0.2652	0	1	0	0
1327	0.2654	0	1	0	0
1328	0.2656	0	1	0	0
1329	0.2658	0	1	0	0
1330	0.266	0	1	0	0
1331	0.2662	0	1	0	0
1332	0.2664	0	1	0	0
1333	0.2666	0	1	0	0
1334	0.2668	0	1	0	0
1335	0.267	0	1	0	0
1336	0.2672	0	1	0	0
1337	0.2674	0	1	0	0
1338	0.2676	0	1	0	0
1339	0.2678	0	1	0	0
1340	0.268	0	1	0	0
1341	0.2682	0	1	0	0
1342	0.2684	0	1	0	0
1343	0.2686	0	1	0	0
1344	0.2688	0	1	0	0
1345	0.269	0	1	0	0
1346	0.2692	0	1	0	0
1347	0.2694	0	1	0	0
1348	0.2696	0	1	0	0
1349	0.2698	0	1	0	0
1350	0.27	0	1	0	0
1351	0.2702	0	1	0	0
1352	0.2704	0	1	0	0
1353	0.2706	0	1	0	0
1354	0.2708	0	1	0	0
1355	0.271	0	1	0	0
1356	0.2712	0	1	0	0
1357	0.2714	0	1	0	0
1358	0.2716	0	1	0	0
1359	0.2718	0	1	0	0
1360	0.272	0	1	0	0
1361	0.2722	0	1	0	0
1362	0.2724	0	1	0	0
1363	0.2726	0	1	0	0
1364	0.2728	0	1	0	0
1365	0.273	0	1	0	0
1366	0.2732	0	1	0	0
1367	0.2734	0	1	0	0
1368	0.2736	0	1	0	0
1369	0.2738	0	1	0	0
1370	0.274	0	1	0	0
1371	0.2742	0	1	0	0
1372	0.2744	0	1	0	0
1373	0.2746	0	1	0	0
1374	0.2748	0	1	0	0
1375	0.275	0	1	0	0
1376	0.2752	0	1	0	0
1377	0.2754	0	1	0	0
1378	0.2756	0	1	0	0
1379	0.2758	0	1	0	0
1380	0.276	0	1	0	0
1381	0.2762	0	1	0	0
1382	0.2764	0	1	0	0
1383	0.2766	0	1	0	0
1384	0.2768	0	1	0	0
1385	0.277	0	1	0	0
1386	0.2772	0	1	0	0
1387	0.2774	0	1	0	0
1388	0.2776	0	1	0	0
1389	0.2778	0	1	0	0
1390	0.278	0	1	0	0
1391	0.2782	0	1	0	0
1392	0.2784	0	1	0	0
1393	0.2786	0	1	0	0
1394	0.2788	0	1	0	0
1395	0.279	0	1	0	0
1396	0.2792	0	1	0	0
1397	0.2794	0	1	0	0
1398	0.2796	0	1	0	0
1399	0.2798	0	1	0	0
1400	0.28	0	1	0	0
1401	0.2802	0	1	0	0
1402	0.2804	0	1	0	0
1403	0.2806	0	1	0	0
1404	0.2808	0	1	0	0
1405	0.281	0	1	0	0
1406	0.2812	0	1	0	0
1407	0.2814	0	1	0	0
1408	0.2816	0	1	0	0
1409	0.2818	0	1	0	0
1410	0.282	0	1	0	0
1411	0.2822	0	1	0	0
1412	0.2824	0	1	0	0
1413	0.2826	0	1	0	0
1414	0.2828	0	1	0	0
1415	0.283	0	1	0	0
1416	0.2832	0	1	0	0
1417	0.2834	0	1	0	0
1418	0.2836	0	1	0	0
1419	0.2838	0	1	0	0
1420	0.284	0	1	0	0
1421	0.2842	0	1	0	0
1422	0.2844	0	1	0	0
1423	0.2846	0	1	0	0
1424	0.2848	0	1	0	0
1425	0.285	0	1	0	0
1426	0.2852	0	1	0	0
1427	0.2854	0	1	0	0
1428	0.2856	0	1	0	0
1429	0.2858	0	1	0	0
1430	0.286	0	1	0	0
1431	0.2862	0	1	0	0
1432	0.2864	0	1	0	0
1433	0.2866	0	1	0	0
1434	0.2868	0	1	0	0
1435	0.287	0	1	0	0
1436	0.2872	0	1	0	0
1437	0.2874	0	1	0	0
1438	0.2876	0	1	0	0
1439	0.2878	0	1	0	0
1440	0.288	0	1	0	0
1441	0.2882	0	1	0	0
1442	0.2884	0	1	0	0
1443	0.2886	0	1	0	0
1444	0.2888	0	1	0	0
1445	0.289	0	1	0	0
1446	0.2892	0	1	0	0
1447	0.2894	0	1	0	0
1448	0.2896	0	1	0	0
1449	0.2898	0	1	0	0
1450	0.29	0	1	0	0
1451	0.2902	0	1	0	0
1452	0.2904	0	1	0	0
1453	0.2906	0	1	0	0
1454	0.2908	0	1	0	0
1455	0.291	0	1	0	0
1456	0.2912	0	1	0	0
1457	0.2914	0	1	0	0
1458	0.2916	0	1	0	0
1459	0.2918	0	1	0	0
1460	0.292	0	1	0	0
1461	0.2922	0	1	0	0
1462	0.2924	0	1	0	0
1463	0.2926	0	1	0	0
1464	0.2928	0	1	0	0
1465	0.293	0	1	0	0
1466	0.2932	0	1	0	0
1467	0.2934	0	1	0	0
1468	0.2936	0	1	0	0
1469	0.2938	0	1	0	0
1470	0.294	0	1	0	0
1471	0.2942	0	1	0	0
1472	0.2944	0	1	0	0
1473	0.2946	0	1	0	0
1474	0.2948	0	1	0	0
1475	0.295	0	1	0	0
1476	0.2952	0	1	0	0
1477	0.2954	0	1	0	0
1478	0.2956	0	1	0	0
1479	0.2958	0	1	0	0
1480	0.296	0	1	0	0
1481	0.2962	0	1	0	0
1482	0.2964	0	1	0	0
1483	0.2966	0	1	0	0
1484	0.2968	0	1	0	0
1485	0.297	0	1	0	0
1486	0.2972	0	1	0	0
1487	0.2974	0	1	0	0
1488	0.2976	0	1	0	0
1489	0.2978	0	1	0	0
1490	0.298	0	1	0	0
1491	0.2982	0	1	0	0
1492	0.2984	0	1	0	0
1493	0.2986	0	1	0	0
1494	0.2988	0	1	0	0
1495	0.299	0	1	0	0
1496	0.2992	0	1	0	0
1497	0.2994	0	1	0	0
1498	0.2996	0	1	0	0
1499	0.2998	0	1	0	0
1500	0.3	0	1	0	0
1501	0.3002	0	1	0	0
1502	0.3004	0	1	0	0
1503	0.3006	0	1	0	0
1504	0.3008	0	1	0	0
1505	0.301	0	1	0	0
1506	0.3012	0	1	0	0
1507	0.3014	0	1	0	0
1508	0.3016	0	1	0	0
1509	0.3018	0	1	0	0
1510	0.302	0	1	0	0
1511	0.3022	0	1	0	0
1512	0.3024	0	1	0	0
1513	0.3026	0	1	0	0
1514	0.3028	0	1	0	0
1515	0.303	0	1	0	0
1516	0.3032	0	1	0	0
1517	0.3034	0	1	0	0
1518	0.3036	0	1	0	0
1519	0.3038	0	1	0	0
1520	0.304	0	1	0	0
1521	0.3042	0	1	0	0
1522	0.3044	0	1	0	0
1523	0.3046	0	1	0	0
1524	0.3048	0	1	0	0
1525	0.305	0	1	0	0
1526	0.3052	0	1	0	0
1527	0.3054	0	1	0	0
1528	0.3056	0	1	0	0
1529	0.3058	0	1	0	0
1530	0.306	0	1	0	0
1531	0.3062	0	1	0	0
1532	0.3064	0	1	0	0
1533	0.3066	0	1	0	0
1534	0.3068	0	1	0	0
1535	0.307	0	1	0	0
1536	0.3072	0	1	0	0
1537	0.3074	0	1	0	0
1538	0.3076	0	1	0	0
1539	0.3078	0	1	0	0
1540	0.308	0	1	0	0
1541	0.3082	0	1	0	0
1542	0.3084	0	1	0	0
1543	0.3086	0	1	0	0
1544	0.3088	0	1	0	0
1545	0.309	1	1	0	0
1546	0.3092	1	1	0	0
1547	0.3094	1	1	0	0
1548	0.3096	1	1	0	0
1549	0.3098	1	1	0	0
1550	0.31	1	1	0	0
1551	0.3102	1	1	0	0
1552	0.3104	1	1	0	0
1553	0.3106	1	1	0	0
1554	0.3108	1	1	0	0
1555	0.311	1	1	0	0
1556	0.3112	1	1	0	0
1557	0.3114	1	1	0	0
1558	0.3116	1	1	0	0
1559	0.3118	1	1	0	0
1560	0.312	1	1	0	0
1561	0.3122	1	1	0	0
1562	0.3124	1	1	0	0
1563	0.3126	1	1	0	0
1564	0.3128	1	1	0	0
1565	0.313	1	1	0	0
1566	0.3132	1	1	0	0
1567	0.3134	1	1	0	0
1568	0.3136	1	1	0	0
1569	0.3138	1	1	0	0
1570	0.314	1	1	0	0
1571	0.3142	1	1	0	0
1572	0.3144	1	1	0	0
1573	0.3146	1	1	0	0
1574	0.3148	1	1	0	0
1575	0.315	1	1	0	0
1576	0.3152	1	1	0	0
1577	0.3154	1	1	0	0
1578	0.3156	1	1	0	0
1579	0.3158	1	1	0	0
1580	0.316	1	1	0	0
1581	0.3162	1	1	0	0
1582	0.3164	1	1	0	0
1583	0.3166	1	1	0	0
1584	0.3168	1	1	0	0
1585	0.317	1	1	0	0
1586	0.3172	1	1	0	0
1587	0.3174	1	1	0	0
1588	0.3176	1	1	0	0
1589	0.3178	1	1	0	0
1590	0.318	1	1	0	0
1591	0.3182	1	1	0	0
1592	0.3184	1	1	0	0
1593	0.3186	1	1	0	0
1594	0.3188	1	1	0	0
1595	0.319	1	1	0	0
1596	0.3192	1	1	0	0
1597	0.3194	1	1	0	0
1598	0.3196	1	1	0	0
1599	0.3198	1	1	0	0
1600	0.32	1	0	0	0
1601	0.3202	1	0	0	0
1602	0.3204	1	0	0	0
1603	0.3206	1	0	0	0
1604	0.3208	1	0	0	0
1605	0.321	1	0	0	0
1606	0.3212	1	0	0	0
1607	0.3214	1	0	0	0
1608	0.3216	1	0	0	0
1609	0.3218	1	0	0	0
1610	0.322	1	0	0	0
1611	0.3222	1	0	0	0
1612	0.3224	1	0	0	0
1613	0.3226	1	0	0	0
1614	0.3228	1	0	0	0
1615	0.323	1	0	0	0
1616	0.3232	1	0	0	0
1617	0.3234	1	0	0	0
1618	0.3236	1	0	0	0
1619	0.3238	1	0	0	0
1620	0.324	1	0	0	0
1621	0.3242	1	0	0	0
1622	0.3244	1	0	0	0
1623	0.3246	1	0	0	0
1624	0.3248	1	0	0	0
1625	0.325	1	0	0	0
1626	0.3252	1	0	0	0
1627	0.3254	1	0	0	0
1628	0.3256	1	0	0	0
1629	0.3258	1	0	0	0
1630	0.326	1	0	0	0
1631	0.3262	1	0	0	0
1632	0.3264	1	0	0	0
1633	0.3266	1	0	0	0
1634	0.3268	1	0	0	0
1635	0.327	1	0	0	0
1636	0.3272	1	0	0	0
1637	0.3274	1	0	0	0
1638	0.3276	1	0	0	0
1639	0.3278	1	0	0	0
1640	0.328	1	0	0	0
1641	0.3282	1	0	0	0
1642	0.3284	1	0	0	0
1643	0.3286	1	0	0	0
1644	0.3288	1	0	0	0
1645	0.329	1	0	0	0
1646	0.3292	1	0	0	0
1647	0.3294	1	0	0	0
1648	0.3296	1	0	0	0
1649	0.3298	1	0	0	0
1650	0.33	1	0	0	0
1651	0.3302	1	0	0	0
1652	0.3304	1	0	0	0
1653	0.3306	1	0	0	0
1654	0.3308	1	0	0	0
1655	0.331	1	0	0	0
1656	0.3312	1	0	0	0
1657	0.3314	1	0	0	0
1658	0.3316	1	0	0	0
1659	0.3318	1	0	0	0
1660	0.332	2	0	0	0
1661	0.3322	2	0	0	0
1662	0.3324	2	0	0	0
1663	0.3326	2	0	0	0
1664	0.3328	2	0	0	0
1665	0.333	2	0	0	0
1666	0.3332	2	0	0	0
1667	0.3334	2	0	0	0
1668	0.3336	2	0	0	0
1669	0.3338	2	0	0	0
1670	0.334	2	0	0	0
1671	0.3342	2	0	0	0
1672	0.3344	2	0	0	0
1673	0.3346	2	0	0	0
1674	0.3348	2	0	0	0
1675	0.335	2	0	0	0
1676	0.3352	2	0	0	0
1677	0.3354	2	0	0	0
1678	0.3356	2	0	0	0
1679	0.3358	2	0	0	0
1680	0.336	2	0	0	0
1681	0.3362	2	0	0	0
1682	0.3364	2	0	0	0
1683	0.3366	2	0	0	0
1684	0.3368	2	0	0	0
1685	0.337	2	0	0	0
1686	0.3372	2	0	0	0
1687	0.3374	2	0	0	0
1688	0.3376	2	0	0	0
1689	0.3378	2	0	0	0
1690	0.338	2	0	0	0
1691	0.3382	2	0	0	0
1692	0.3384	2	0	0	0
1693	0.3386	2	0	0	0
1694	0.3388	2	0	0	0
1695	0.339	2	0	0	0
1696	0.3392	2	0	0	0
1697	0.3394	2	0	0	0
1698	0.3396	2	0	0	0
1699	0.3398	2	0	0	0
1700	0.34	2	0	0	0
1701	0.3402	2	0	0	0
1702	0.3404	2	0	0	0
1703	0.3406	2	0	0	0
1704	0.3408	2	0	0	0
1705	0.341	2	0	0	0
1706	0.3412	2	0	0	0
1707	0.3414	2	0	0	0
1708	0.3416	2	0	0	0
1709	0.3418	2	0	0	0
1710	0.342	2	0	0	0
1711	0.3422	2	0	0	0
1712	0.3424	2	0	0	0
1713	0.3426	2	0	0	0
1714	0.3428	2	0	0	0
1715	0.343	2	0	0	0
1716	0.3432	2	0	0	0
1717	0.3434	2	0	0	0
1718	0.3436	2	0	0	0
1719	0.3438	2	0	0	0
1720	0.344	2	0	0	0
1721	0.3442	2	0	0	0
1722	0.3444	2	0	0	0
1723	0.3446	2	0	0	0
1724	0.3448	2	0	0	0
1725	0.345	2	0	0	0
1726	0.3452	2	0	0	0
1727	0.3454	2	0	0	0
1728	0.3456	2	0	0	0
1729	0.3458	2	0	0	0
1730	0.346	2	0	0	0
1731	0.3462	2	0	0	0
1732	0.3464	2	0	0	0
1733	0.3466	2	0	0	0
1734	0.3468	2	0	0	0
1735	0.347	2	0	0	0
1736	0.3472	2	0	0	0
1737	0.3474	2	0	0	0
1738	0.3476	2	0	0	0
1739	0.3478	2	0	0	0
1740	0.348	2	0	0	0
1741	0.3482	2	0	0	0
1742	0.3484	2	0	0	0
1743	0.3486	2	0	0	0
1744	0.3488	2	0	0	0
1745	0.349	2	0	0	0
1746	0.3492	2	0	0	0
1747	0.3494	2	0	0	0
1748	0.3496	2	0	0	0
1749	0.3498	2	0	0	0
1750	0.35	2	0	0	0
1751	0.3502	2	0	0	0
1752	0.3504	2	0	0	0
1753	0.3506	2	0	0	0
1754	0.3508	2	0	0	0
1755	0.351	2	0	0	0
1756	0.3512	2	0	0	0
1757	0.3514	2	0	0	0
1758	0.3516	2	0	0	0
1759	0.3518	2	0	0	0
1760	0.352	2	0	0	0
1761	0.3522	2	0	0	0
1762	0.3524	2	0	0	0
1763	0.3526	2	0	0	0
1764	0.3528	2	0	0	0
1765	0.353	2	0	0	0
1766	0.3532	2	0	0	0
1767	0.3534	2	0	0	0
1768	0.3536	2	0	0	0
1769	0.3538	2	0	0	0
1770	0.354	2	0	0	0
1771	0.3542	2	0	0	0
1772	0.3544	2	0	0	0
1773	0.3546	2	0	0	0
1774	0.3548	2	0	0	0
1775	0.355	2	0	0	0
1776	0.3552	2	0	0	0
1777	0.3554	2	0	0	0
1778	0.3556	2	0	0	0
1779	0.3558	2	0	0	0
1780	0.356	2	0	0	0
1781	0.3562	2	0	0	0
1782	0.3564	2	0	0	0
1783	0.3566	2	0	0	0
1784	0.3568	2	0	0	0
1785	0.357	2	0	0	0
1786	0.3572	2	0	0	0
1787	0.3574	2	0	0	0
1788	0.3576	2	0	0	0
1789	0.3578	2	0	0	0
1790	0.358	2	0	0	0
1791	0.3582	2	0	0	0
1792	0.3584	2	0	0	0
1793	0.3586	2	0	0	0
1794	0.3588	2	0	0	0
1795	0.359	2	0	0	0
1796	0.3592	2	0	0	0
1797	0.3594	2	0	0	0
1798	0.3596	2	0	0	0
1799	0.3598	2	0	0	0
1800	0.36	2	0	0	0
1801	0.3602	2	0	0	0
1802	0.3604	2	0	0	0
1803	0.3606	2	0	0	0
1804	0.3608	2	0	0	0
1805	0.361	2	0	0	0
1806	0.3612	2	0	0	0
1807	0.3614	2	0	0	0
1808	0.3616	2	0	0	0
1809	0.3618	2	0	0	0
1810	0.362	2	0	0	0
1811	0.3622	2	0	0	0
1812	0.3624	2	0	0	0
1813	0.3626	2	0	0	0
1814	0.3628	2	0	0	0
1815	0.363	2	0	0	0
1816	0.3632	2	0	0	0
1817	0.3634	2	0	0	0
1818	0.3636	2	0	0	0
1819	0.3638	2	0	0	0
1820	0.364	2	0	0	0
1821	0.3642	2	0	0	0
1822	0.3644	2	0	0	0
1823	0.3646	2	0	0	0
1824	0.3648	2	0	0	0
1825	0.365	2	0	0	0
1826	0.3652	2	0	0	0
1827	0.3654	2	0	0	0
1828	0.3656	2	0	0	0
1829	0.3658	2	0	0	0
1830	0.366	2	0	0	0
1831	0.3662	2	0	0	0
1832	0.3664	2	0	0	0
1833	0.3666	2	0	0	0
1834	0.3668	2	0	0	0
1835	0.367	2	0	0	0
1836	0.3672	2	0	0	0
1837	0.3674	2	0	0	0
1838	0.3676	2	0	0	0
1839	0.3678	2	0	0	0
1840	0.368	2	0	0	0
1841	0.3682	2	0	0	0
1842	0.3684	2	0	0	0
1843	0.3686	2	0	0	0
1844	0.3688	2	0	0	0
1845	0.369	2	0	0	0
1846	0.3692	2	0	0	0
1847	0.3694	2	0	0	0
1848	0.3696	2	0	0	0
1849	0.3698	2	0	0	0
1850	0.37	2	0	0	0
1851	0.3702	2	0	0	0
1852	0.3704	2	0	0	0
1853	0.3706	2	0	0	0
1854	0.3708	2	0	0	0
1855	0.371	2	0	0	0
1856	0.3712	2	0	0	0
1857	0.3714	2	0	0	0
1858	0.3716	2	0	0	0
1859	0.3718	2	0	0	0
1860	0.372	2	0	0	0
1861	0.3722	2	0	0	0
1862	0.3724	2	0	0	0
1863	0.3726	2	0	0	0
1864	0.3728	2	0	0	0
1865	0.373	2	0	0	0
1866	0.3732	2	0	0	0
1867	0.3734	2	0	0	0
1868	0.3736	2	0	0	0
1869	0.3738	2	0	0	0
1870	0.374	2	0	0	0
1871	0.3742	2	0	0	0
1872	0.3744	2	0	0	0
1873	0.3746	2	0	0	0
1874	0.3748	2	0	0	0
1875	0.375	2	0	0	0
1876	0.3752	2	0	0	0
1877	0.3754	2	0	0	0
1878	0.3756	2	0	0	0
1879	0.3758	2	0	0	0
1880	0.376	2	0	0	0
1881	0.3762	2	0	0	0
1882	0.3764	2	0	0	0
1883	0.3766	2	0	0	0
1884	0.3768	2	0	0	0
1885	0.377	2	0	0	0
1886	0.3772	2	0	0	0
1887	0.3774	2	0	0	0
1888	0.3776	2	0	0	0
1889	0.3778	2	0	0	0
1890	0.378	2	0	0	0
1891	0.3782	2	0	0	0
1892	0.3784	2	0	0	0
1893	0.3786	2	0	0	0
1894	0.3788	2	0	0	0
1895	0.379	2	0	0	0
1896	0.3792	2	0	0	0
1897	0.3794	2	0	0	0
1898	0.3796	2	0	0	0
1899	0.3798	2	0	0	0
1900	0.38	2	0	0	0
1901	0.3802	2	0	0	0
1902	0.3804	2	0	0	0
1903	0.3806	2	0	0	0
1904	0.3808	2	0	0	0
1905	0.381	2	0	0	0
1906	0.3812	2	0	0	0
1907	0.3814	2	0	0	0
1908	0.3816	2	0	0	0
1909	0.3818	2	0	0	0
1910	0.382	2	0	0	0
1911	0.3822	2	0	0	0
1912	0.3824	2	0	0	0
1913	0.3826	2	0	0	0
1914	0.3828	2	0	0	0
1915	0.383	2	0	0	0
1916	0.3832	2	0	0	0
1917	0.3834	2	0	0	0
1918	0.3836	2	0	0	0
1919	0.3838	2	0	0	0
1920	0.384	2	0	0	0
1921	0.3842	2	0	0	0
1922	0.3844	2	0	0	0
1923	0.3846	2	0	0	0
1924	0.3848	2	0	0	0
1925	0.385	2	0	0	0
1926	0.3852	2	0	0	0
1927	0.3854	2	0	0	0
1928	0.3856	2	0	0	0
1929	0.3858	2	0	0	0
1930	0.386	2	0	0	0
1931	0.3862	2	0	0	0
1932	0.3864	2	0	0	0
1933	0.3866	2	0	0	0
1934	0.3868	2	0	0	0
1935	0.387	2	0	0	0
1936	0.3872	2	0	0	0
1937	0.3874	2	0	0	0
1938	0.3876	2	0	0	0
1939	0.3878	2	0	0	0
1940	0.388	2	0	0	0
1941	0.3882	2	0	0	0
1942	0.3884	2	0	0	0
1943	0.3886	2	0	0	0
1944	0.3888	2	0	0	0
1945	0.389	2	0	0	0
1946	0.3892	2	0	0	0
1947	0.3894	2	0	0	0
1948	0.3896	2	0	0	0
1949	0.3898	2	0	0	0
1950	0.39	2	0	0	0
1951	0.3902	2	0	0	0
1952	0.3904	2	0	0	0
1953	0.3906	2	0	0	0
1954	0.3908	2	0	0	0
1955	0.391	2	0	0	0
1956	0.3912	2	0	0	0
1957	0.3914	2	0	0	0
1958	0.3916	2	0	0	0
1959	0.3918	2	0	0	0
1960	0.392	2	0	0	0
1961	0.3922	2	0	0	0
1962	0.3924	2	0	0	0
1963	0.3926	2	0	0	0
1964	0.3928	2	0	0	0
1965	0.393	2	0	0	0
1966	0.3932	2	0	0	0
1967	0.3934	2	0	0	0
1968	0.3936	2	0	0	0
1969	0.3938	2	0	0	0
1970	0.394	2	0	0	0
1971	0.3942	2	0	0	0
1972	0.3944	2	0	0	0
1973	0.3946	2	0	0	0
1974	0.3948	2	0	0	0
1975	0.395	2	0	0	0
1976	0.3952	2	0	0	0
1977	0.3954	2	0	0	0
1978	0.3956	2	0	0	0
1979	0.3958	2	0	0	0
1980	0.396	2	0	0	0
1981	0.3962	2	0	0	0
1982	0.3964	2	0	0	0
1983	0.3966	2	0	0	0
1984	0.3968	2	0	0	0
1985	0.397	2	0	0	0
1986	0.3972	2	0	0	0
1987	0.3974	2	0	0	0
1988	0.3976	2	0	0	0
1989	0.3978	2	0	0	0
1990	0.398	2	0	0	0
1991	0.3982	2	0	0	0
1992	0.3984	2	0	0	0
1993	0.3986	2	0	0	0
1994	0.3988	2	0	0	0
1995	0.399	2	0	0	0
1996	0.3992	2	0	0	0
1997	0.3994	2	0	0	0
1998	0.3996	2	0	0	0
1999	0.3998	2	0	0	0
2000	0.4	2	0	0	0
2001	0.4002	2	0	0	0
2002	0.4004	2	0	0	0
2003	0.4006	2	0	0	0
2004	0.4008	2	0	0	0
2005	0.401	2	0	0	0
2006	0.4012	2	0	0	0
2007	0.4014	2	0	0	0
2008	0.4016	2	0	0	0
2009	0.4018	2	0	0	0
2010	0.402	2	0	0	0
2011	0.4022	2	0	0	0
2012	0.4024	2	0	0	0
2013	0.4026	2	0	0	0
2014	0.4028	2	0	0	0
2015	0.403	2	0	0	0
2016	0.4032	2	0	0	0
2017	0.4034	2	0	0	0
2018	0.4036	2	0	0	0
2019	0.4038	2	0	0	0
2020	0.404	2	0	0	0
2021	0.4042	2	0	0	0
2022	0.4044	2	0	0	0
2023	0.4046	2	0	0	0
2024	0.4048	2	0	0	0
2025	0.405	2	0	0	0
2026	0.4052	2	0	0	0
2027	0.4054	2	0	0	0
2028	0.4056	2	0	0	0
2029	0.4058	2	0	0	0
2030	0.406	2	0	0	0
2031	0.4062	2	0	0	0
2032	0.4064	2	0	0	0
2033	0.4066	2	0	0	0
2034	0.4068	2	0	0	0
2035	0.407	2	0	0	0
2036	0.4072	2	0	0	0
2037	0.4074	2	0	0	0
2038	0.4076	2	0	0	0
2039	0.4078	2	0	0	0
2040	0.408	2	0	0	0
2041	0.4082	2	0	0	0
2042	0.4084	2	0	0	0
2043	0.4086	2	0	0	0
2044	0.4088	2	0	0	0
2045	0.409	2	0	0	0
2046	0.4092	2	0	0	0
2047	0.4094	2	0	0	0
2048	0.4096	2	0	0	0
2049	0.4098	2	0	0	0
2050	0.41	2	0	0	0
2051	0.4102	2	0	0	0
2052	0.4104	2	0	0	0
2053	0.4106	2	0	0	0
2054	0.4108	2	0	0	0
2055	0.411	2	0	0	0
2056	0.4112	2	0	0	0
2057	0.4114	2	0	0	0
2058	0.4116	2	0	0	0
2059	0.4118	2	0	0	0
2060	0.412	2	0	0	0
2061	0.4122	2	0	0	0
2062	0.4124	2	0	0	0
2063	0.4126	2	0	0	0
2064	0.4128	2	0	0	0
2065	0.413	2	0	0	0
2066	0.4132	2	0	0	0
2067	0.4134	2	0	0	0
2068	0.4136	2	0	0	0
2069	0.4138	2	0	0	0
2070	0.414	2	0	0	0
2071	0.4142	2	0	0	0
2072	0.4144	2	0	0	0
2073	0.4146	2	0	0	0
2074	0.4148	2	0	0	0
2075	0.415	2	0	0	0
2076	0.4152	2	0	0	0
2077	0.4154	2	0	0	0
2078	0.4156	2	0	0	0
2079	0.4158	2	0	0	0
2080	0.416	2	0	0	0
2081	0.4162	2	0	0	0
2082	0.4164	2	0	0	0
2083	0.4166	2	0	0	0
2084	0.4168	2	0	0	0
2085	0.417	2	0	0	0
2086	0.4172	2	0	0	0
2087	0.4174	2	0	0	0
2088	0.4176	2	0	0	0
2089	0.4178	2	0	0	0
2090	0.418	2	0	0	0
2091	0.4182	2	0	0	0
2092	0.4184	2	0	0	0
2093	0.4186	2	0	0	0
2094	0.4188	2	0	0	0
2095	0.419	2	0	0	0
2096	0.4192	2	0	0	0
2097	0.4194	2	0	0	0
2098	0.4196	2	0	0	0
2099	0.4198	2	0	0	0
2100	0.42	2	0	0	0
2101	0.4202	2	0	0	0
2102	0.4204	2	0	0	0
2103	0.4206	2	0	0	0
2104	0.4208	2	0	0	0
2105	0.421	2	1	0	0
2106	0.4212	2	1	0	0
2107	0.4214	2	1	0	0
2108	0.4216	2	1	0	0
2109	0.4218	2	1	0	0
2110	0.422	2	1	0	0
2111	0.4222	2	1	0	0
2112	0.4224	2	1	0	0
2113	0.4226	2	1	0	0
2114	0.4228	2	1	0	0
2115	0.423	2	1	0	0
2116	0.4232	2	1	0	0
2117	0.4234	2	1	0	0
2118	0.4236	2	1	0	0
2119	0.4238	2	1	0	0
2120	0.424	2	1	0	0
2121	0.4242	2	1	0	0
2122	0.4244	2	1	0	0
2123	0.4246	2	1	0	0
2124	0.4248	2	1	0	0
2125	0.425	2	1	0	0
2126	0.4252	2	1	0	0
2127	0.4254	2	1	0	0
2128	0.4256	2	1	0	0
2129	0.4258	2	1	0	0
2130	0.426	2	1	0	0
2131	0.4262	2	1	0	0
2132	0.4264	2	1	0	0
2133	0.4266	2	1	0	0
2134	0.4268	2	1	0	0
2135	0.427	2	1	0	0
2136	0.4272	2	1	0	0
2137	0.4274	2	1	0	0
2138	0.4276	2	1	0	0
2139	0.4278	2	1	0	0
2140	0.428	2	1	0	0
2141	0.4282	2	1	0	0
2142	0.4284	2	1	0	0
2143	0.4286	2	1	0	0
2144	0.4288	2	1	0	0
2145	0.429	2	1	0	0
2146	0.4292	2	1	0	0
2147	0.4294	2	1	0	0
2148	0.4296	2	1	0	0
2149	0.4298	2	1	0	0
2150	0.43	2	1	0	0
2151	0.4302	2	1	0	0
2152	0.4304	2	1	0	0
2153	0.4306	2	1	0	0
2154	0.4308	2	1	0	0
2155	0.431	2	1	0	0
2156	0.4312	2	1	0	0
2157	0.4314	2	1	0	0
2158	0.4316	2	1	0	0
2159	0.4318	2	1	0	0
2160	0.432	2	1	0	0
2161	0.4322	2	1	0	0
2162	0.4324	2	1	0	0
2163	0.4326	2	1	0	0
2164	0.4328	2	1	0	0
2165	0.433	2	1	0	0
2166	0.4332	2	1	0	0
2167	0.4334	2	1	0	0
2168	0.4336	2	1	0	0
2169	0.4338	2	1	0	0
2170	0.434	2	1	0	0
2171	0.4342	2	1	0	0
2172	0.4344	2	1	0	0
2173	0.4346	2	1	0	0
2174	0.4348	2	1	0	0
2175	0.435	2	1	0	0
2176	0.4352	2	1	0	0
2177	0.4354	2	1	0	0
2178	0.4356	2	1	0	0
2179	0.4358	2	1	0	0
2180	0.436	2	1	0	0
2181	0.4362	2	1	0	0
2182	0.4364	2	1	0	0
2183	0.4366	2	1	0	0
2184	0.4368	2	1	0	0
2185	0.437	2	1	0	0
2186	0.4372	2	1	0	0
2187	0.4374	2	1	0	0
2188	0.4376	2	1	0	0
2189	0.4378	2	1	0	0
2190	0.438	2	0	0	0
2191	0.4382	2	0	0	0
2192	0.4384	2	0	0	0
2193	0.4386	2	0	0	0
2194	0.4388	2	0	0	0
2195	0.439	2	0	0	0
2196	0.4392	2	0	0	0
2197	0.4394	2	0	0	0
2198	0.4396	2	0	0	0
2199	0.4398	2	0	0	0
2200	0.44	2	0	0	0
2201	0.4402	2	0	0	0
2202	0.4404	2	0	0	0
2203	0.4406	2	0	0	0
2204	0.4408	2	0	0	0
2205	0.441	2	0	0	0
2206	0.4412	2	0	0	0
2207	0.4414	2	0	0	0
2208	0.4416	2	0	0	0
2209	0.4418	2	0	0	0
2210	0.442	2	0	0	0
2211	0.4422	2	0	0	0
2212	0.4424	2	0	0	0
2213	0.4426	2	0	0	0
2214	0.4428	2	0	0	0
2215	0.443	2	0	0	0
2216	0.4432	2	0	0	0
2217	0.4434	2	0	0	0
2218	0.4436	2	0	0	0
2219	0.4438	2	0	0	0
2220	0.444	2	0	0	0
2221	0.4442	2	0	0	0
2222	0.4444	2	0	0	0
2223	0.4446	2	0	0	0
2224	0.4448	2	0	0	0
2225	0.445	2	0	0	0
2226	0.4452	2	0	0	0
2227	0.4454	2	0	0	0
2228	0.4456	2	0	0	0
2229	0.4458	2	0	0	0
2230	0.446	2	0	0	0
2231	0.4462	2	0	0	0
2232	0.4464	2	0	0	0
2233	0.4466	2	0	0	0
2234	0.4468	2	0	0	0
2235	0.447	2	0	0	0
2236	0.4472	2	0	0	0
2237	0.4474	2	0	0	0
2238	0.4476	2	0	0	0
2239	0.4478	2	0	0	0
2240	0.448	2	0	0	0
2241	0.4482	2	0	0	0
2242	0.4484	2	0	0	0
2243	0.4486	2	0	0	0
2244	0.4488	2	0	0	0
2245	0.449	2	0	0	0
2246	0.4492	2	0	0	0
2247	0.4494	2	0	0	0
2248	0.4496	2	0	0	0
2249	0.4498	2	0	0	0
2250	0.45	2	0	0	0
2251	0.4502	2	0	0	0
2252	0.4504	2	0	0	0
2253	0.4506	2	0	0	0
2254	0.4508	2	0	0	0
2255	0.451	2	0	0	0
2256	0.4512	2	0	0	0
2257	0.4514	2	0	0	0
2258	0.4516	2	0	0	0
2259	0.4518	2	0	0	0
2260	0.452	2	0	0	0
2261	0.4522	2	0	0	0
2262	0.4524	2	0	0	0
2263	0.4526	2	0	0	0
2264	0.4528	2	0	0	0
2265	0.453	2	1	0	0
2266	0.4532	2	1	0	0
2267	0.4534	2	1	0	0
2268	0.4536	2	1	0	0
2269	0.4538	2	1	0	0
2270	0.454	2	1	0	0
2271	0.4542	2	1	0	0
2272	0.4544	2	1	0	0
2273	0.4546	2	1	0	0
2274	0.4548	2	1	0	0
2275	0.455	2	1	0	0
2276	0.4552	2	1	0	0
2277	0.4554	2	1	0	0
2278	0.4556	2	1	0	0
2279	0.4558	2	1	0	0
2280	0.456	2	1	0	0
2281	0.4562	2	1	0	0
2282	0.4564	2	1	0	0
2283	0.4566	2	1	0	0
2284	0.4568	2	1	0	0
2285	0.457	2	1	0	0
2286	0.4572	2	1	0	0
2287	0.4574	2	1	0	0
2288	0.4576	2	1	0	0
2289	0.4578	2	1	0	0
2290	0.458	2	1	0	0
2291	0.4582	2	1	0	0
2292	0.4584	2	1	0	0
2293	0.4586	2	1	0	0
2294	0.4588	2	1	0	0
2295	0.459	2	1	0	0
2296	0.4592	2	1	0	0
2297	0.4594	2	1	0	0
2298	0.4596	2	1	0	0
2299	0.4598	2	1	0	0
2300	0.46	2	1	0	0
2301	0.4602	2	1	0	0
2302	0.4604	2	1	0	0
2303	0.4606	2	1	0	0
2304	0.4608	2	1	0	0
2305	0.461	2	1	0	0
2306	0.4612	2	1	0	0
2307	0.4614	2	1	0	0
2308	0.4616	2	1	0	0
2309	0.4618	2	1	0	0
2310	0.462	2	1	0	0
2311	0.4622	2	1	0	0
2312	0.4624	2	1	0	0
2313	0.4626	2	1	0	0
2314	0.4628	2	1	0	0
2315	0.463	2	1	0	0
2316	0.4632	2	1	0	0
2317	0.4634	2	1	0	0
2318	0.4636	2	1	0	0
2319	0.4638	2	1	0	0
2320	0.464	2	1	0	0
2321	0.4642	2	1	0	0
2322	0.4644	2	1	0	0
2323	0.4646	2	1	0	0
2324	0.4648	2	1	0	0
2325	0.465	2	1	0	0
2326	0.4652	2	1	0	0
2327	0.4654	2	1	0	0
2328	0.4656	2	1	0	0
2329	0.4658	2	1	0	0
2330	0.466	2	1	0	0
2331	0.4662	2	1	0	0
2332	0.4664	2	1	0	0
2333	0.4666	2	1	0	0
2334	0.4668	2	1	0	0
2335	0.467	2	1	0	0
2336	0.4672	2	1	0	0
2337	0.4674	2	1	0	0
2338	0.4676	2	1	0	0
2339	0.4678	2	1	0	0
2340	0.468	2	1	0	0
2341	0.4682	2	1	0	0
2342	0.4684	2	1	0	0
2343	0.4686	2	1	0	0
2344	0.4688	2	1	0	0
2345	0.469	2	1	0	0
2346	0.4692	2	1	0	0
2347	0.4694	2	1	0	0
2348	0.4696	2	1	0	0
2349	0.4698	2	1	0	0
2350	0.47	2	1	0	0
2351	0.4702	2	1	0	0
2352	0.4704	2	1	0	0
2353	0.4706	2	1	0	0
2354	0.4708	2	1	0	0
2355	0.471	2	1	0	0
2356	0.4712	2	1	0	0
2357	0.4714	2	1	0	0
2358	0.4716	2	1	0	0
2359	0.4718	2	1	0	0
2360	0.472	2	1	0	0
2361	0.4722	2	1	0	0
2362	0.4724	2	1	0	0
2363	0.4726	2	1	0	0
2364	0.4728	2	1	0	0
2365	0.473	2	1	0	0
2366	0.4732	2	1	0	0
2367	0.4734	2	1	0	0
2368	0.4736	2	1	0	0
2369	0.4738	2	1	0	0
2370	0.474	2	1	0	0
2371	0.4742	2	1	0	0
2372	0.4744	2	1	0	0
2373	0.4746	2	1	0	0
2374	0.4748	2	1	0	0
2375	0.475	2	1	0	0
2376	0.4752	2	1	0	0
2377	0.4754	2	1	0	0
2378	0.4756	2	1	0	0
2379	0.4758	2	1	0	0
2380	0.476	2	1	0	0
2381	0.4762	2	1	0	0
2382	0.4764	2	1	0	0
2383	0.4766	2	1	0	0
2384	0.4768	2	1	0	0
2385	0.477	2	1	0	0
2386	0.4772	2	1	0	0
2387	0.4774	2	1	0	0
2388	0.4776	2	1	0	0
2389	0.4778	2	1	0	0
2390	0.478	2	1	0	0
2391	0.4782	2	1	0	0
2392	0.4784	2	1	0	0
2393	0.4786	2	1	0	0
2394	0.4788	2	1	0	0
2395	0.479	2	1	0	0
2396	0.4792	2	1	0	0
2397	0.4794	2	1	0	0
2398	0.4796	2	1	0	0
2399	0.4798	2	1	0	0
2400	0.48	2	1	0	0
2401	0.4802	2	1	0	0
2402	0.4804	2	1	0	0
2403	0.4806	2	1	0	0
2404	0.4808	2	1	0	0
2405	0.481	2	1	0	0
2406	0.4812	2	1	0	0
2407	0.4814	2	1	0	0
2408	0.4816	2	1	0	0
2409	0.4818	2	1	0	0
2410	0.482	2	1	0	0
2411	0.4822	2	1	0	0
2412	0.4824	2	1	0	0
2413	0.4826	2	1	0	0
2414	0.4828	2	1	0	0
2415	0.483	2	1	0	0
2416	0.4832	2	1	0	0
2417	0.4834	2	1	0	0
2418	0.4836	2	1	0	0
2419	0.4838	2	1	0	0
2420	0.484	2	1	0	0
2421	0.4842	2	1	0	0
2422	0.4844	2	1	0	0
2423	0.4846	2	1	0	0
2424	0.4848	2	1	0	0
2425	0.485	2	2	0	0
2426	0.4852	2	2	0	0
2427	0.4854	2	2	0	0
2428	0.4856	2	2	0	0
2429	0.4858	2	2	0	0
2430	0.486	2	2	0	0
2431	0.4862	2	2	0	0
2432	0.4864	2	2	0	0
2433	0.4866	2	2	0	0
2434	0.4868	2	2	0	0
2435	0.487	2	2	0	0
2436	0.4872	2	2	0	0
2437	0.4874	2	2	0	0
2438	0.4876	2	2	0	0
2439	0.4878	2	2	0	0
2440	0.488	2	2	0	0
2441	0.4882	2	2	0	0
2442	0.4884	2	2	0	0
2443	0.4886	2	2	0	0
2444	0.4888	2	2	0	0
2445	0.489	2	2	0	0
2446	0.4892	2	2	0	0
2447	0.4894	2	2	0	0
2448	0.4896	2	2	0	0
2449	0.4898	2	2	0	0
2450	0.49	2	2	0	0
2451	0.4902	2	2	0	0
2452	0.4904	2	2	0	0
2453	0.4906	2	2	0	0
2454	0.4908	2	2	0	0
2455	0.491	2	2	0	0
2456	0.4912	2	2	0	0
2457	0.4914	2	2	0	0
2458	0.4916	2	2	0	0
2459	0.4918	2	2	0	0
2460	0.492	2	2	0	0
2461	0.4922	2	2	0	0
2462	0.4924	2	2	0	0
2463	0.4926	2	2	0	0
2464	0.4928	2	2	0	0
2465	0.493	2	2	0	0
2466	0.4932	2	2	0	0
2467	0.4934	2	2	0	0
2468	0.4936	2	2	0	0
2469	0.4938	2	2	0	0
2470	0.494	2	2	0	0
2471	0.4942	2	2	0	0
2472	0.4944	2	2	0	0
2473	0.4946	2	2	0	0
2474	0.4948	2	2	0	0
2475	0.495	2	2	0	0
2476	0.4952	2	2	0	0
2477	0.4954	2	2	0	0
2478	0.4956	2	2	0	0
2479	0.4958	2	2	0	0
2480	0.496	2	2	0	0
2481	0.4962	2	2	0	0
2482	0.4964	2	2	0	0
2483	0.4966	2	2	0	0
2484	0.4968	2	2	0	0
2485	0.497	2	2	0	0
2486	0.4972	2	2	0	0
2487	0.4974	2	2	0	0
2488	0.4976	2	2	0	0
2489	0.4978	2	2	0	0
2490	0.498	2	2	0	0
2491	0.4982	2	2	0	0
2492	0.4984	2	2	0	0
2493	0.4986	2	2	0	0
2494	0.4988	2	2	0	0
2495	0.499	2	2	0	0
2496	0.4992	2	2	0	0
2497	0.4994	2	2	0	0
2498	0.4996	2	2	0	0
2499	0.4998	2	2	0	0
2500	0.5	2	2	0	0
2501	0.5002	2	2	0	0
2502	0.5004	2	2	0	0
2503	0.5006	2	2	0	0
2504	0.5008	2	2	0	0
2505	0.501	2	2	0	0
2506	0.5012	2	2	0	0
2507	0.5014	2	2	0	0
2508	0.5016	2	2	0	0
2509	0.5018	2	2	0	0
2510	0.502	2	2	0	0
2511	0.5022	2	2	0	0
2512	0.5024	2	2	0	0
2513	0.5026	2	2	0	0
2514	0.5028	2	2	0	0
2515	0.503	2	2	0	0
2516	0.5032	2	2	0	0
2517	0.5034	2	2	0	0
2518	0.5036	2	2	0	0
2519	0.5038	2	2	0	0
2520	0.504	2	2	0	0
2521	0.5042	2	2	0	0
2522	0.5044	2	2	0	0
2523	0.5046	2	2	0	0
2524	0.5048	2	2	0	0
2525	0.505	2	2	0	0
2526	0.5052	2	2	0	0
2527	0.5054	2	2	0	0
2528	0.5056	2	2	0	0
2529	0.5058	2	2	0	0
2530	0.506	2	2	0	0
2531	0.5062	2	2	0	0
2532	0.5064	2	2	0	0
2533	0.5066	2	2	0	0
2534	0.5068	2	2	0	0
2535	0.507	2	2	0	0
2536	0.5072	2	2	0	0
2537	0.5074	2	2	0	0
2538	0.5076	2	2	0	0
2539	0.5078	2	2	0	0
2540	0.508	2	2	0	0
2541	0.5082	2	2	0	0
2542	0.5084	2	2	0	0
2543	0.5086	2	2	0	0
2544	0.5088	2	2	0	0
2545	0.509	2	2	0	0
2546	0.5092	2	2	0	0
2547	0.5094	2	2	0	0
2548	0.5096	2	2	0	0
2549	0.5098	2	2	0	0
2550	0.51	2	2	0	0
2551	0.5102	2	2	0	0
2552	0.5104	2	2	0	0
2553	0.5106	2	2	0	0
2554	0.5108	2	2	0	0
2555	0.511	2	2	0	0
2556	0.5112	2	2	0	0
2557	0.5114	2	2	0	0
2558	0.5116	2	2	0	0
2559	0.5118	2	2	0	0
2560	0.512	2	2	0	0
2561	0.5122	2	2	0	0
2562	0.5124	2	2	0	0
2563	0.5126	2	2	0	0
2564	0.5128	2	2	0	0
2565	0.513	2	2	0	0
2566	0.5132	2	2	0	0
2567	0.5134	2	2	0	0
2568	0.5136	2	2	0	0
2569	0.5138	2	2	0	0
2570	0.514	2	2	0	0
2571	0.5142	2	2	0	0
2572	0.5144	2	2	0	0
2573	0.5146	2	2	0	0
2574	0.5148	2	2	0	0
2575	0.515	2	2	0	0
2576	0.5152	2	2	0	0
2577	0.5154	2	2	0	0
2578	0.5156	2	2	0	0
2579	0.5158	2	2	0	0
2580	0.516	2	2	0	0
2581	0.5162	2	2	0	0
2582	0.5164	2	2	0	0
2583	0.5166	2	2	0	0
2584	0.5168	2	2	0	0
2585	0.517	2	2	0	0
2586	0.5172	2	2	0	0
2587	0.5174	2	2	0	0
2588	0.5176	2	2	0	0
2589	0.5178	2	2	0	0
2590	0.518	2	2	0	0
2591	0.5182	2	2	0	0
2592	0.5184	2	2	0	0
2593	0.5186	2	2	0	0
2594	0.5188	2	2	0	0
2595	0.519	2	2	0	0
2596	0.5192	2	2	0	0
2597	0.5194	2	2	0	0
2598	0.5196	2	2	0	0
2599	0.5198	2	2	0	0
2600	0.52	2	2	0	0
2601	0.5202	2	2	0	0
2602	0.5204	2	2	0	0
2603	0.5206	2	2	0	0
2604	0.5208	2	2	0	0
2605	0.521	2	2	0	0
2606	0.5212	2	2	0	0
2607	0.5214	2	2	0	0
2608	0.5216	2	2	0	0
2609	0.5218	2	2	0	0
2610	0.522	2	2	0	0
2611	0.5222	2	2	0	0
2612	0.5224	2	2	0	0
2613	0.5226	2	2	0	0
2614	0.5228	2	2	0	0
2615	0.523	2	2	0	0
2616	0.5232	2	2	0	0
2617	0.5234	2	2	0	0
2618	0.5236	2	2	0	0
2619	0.5238	2	2	0	0
2620	0.524	2	2	0	0
2621	0.5242	2	2	0	0
2622	0.5244	2	2	0	0
2623	0.5246	2	2	0	0
2624	0.5248	2	2	0	0
2625	0.525	2	2	0	0
2626	0.5252	2	2	0	0
2627	0.5254	2	2	0	0
2628	0.5256	2	2	0	0
2629	0.5258	2	2	0	0
2630	0.526	2	2	0	0
2631	0.5262	2	2	0	0
2632	0.5264	2	2	0	0
2633	0.5266	2	2	0	0
2634	0.5268	2	2	0	0
2635	0.527	2	2	0	0
2636	0.5272	2	2	0	0
2637	0.5274	2	2	0	0
2638	0.5276	2	2	0	0
2639	0.5278	2	2	0	0
2640	0.528	2	2	0	0
2641	0.5282	2	2	0	0
2642	0.5284	2	2	0	0
2643	0.5286	2	2	0	0
2644	0.5288	2	2	0	0
2645	0.529	2	2	0	0
2646	0.5292	2	2	0	0
2647	0.5294	2	2	0	0
2648	0.5296	2	2	0	0
2649	0.5298	2	2	0	0
2650	0.53	2	2	0	0
2651	0.5302	2	2	0	0
2652	0.5304	2	2	0	0
2653	0.5306	2	2	0	0
2654	0.5308	2	2	0	0
2655	0.531	2	2	0	0
2656	0.5312	2	2	0	0
2657	0.5314	2	2	0	0
2658	0.5316	2	2	0	0
2659	0.5318	2	2	0	0
2660	0.532	2	2	0	0
2661	0.5322	2	2	0	0
2662	0.5324	2	2	0	0
2663	0.5326	2	2	0	0
2664	0.5328	2	2	0	0
2665	0.533	2	2	0	0
2666	0.5332	2	2	0	0
2667	0.5334	2	2	0	0
2668	0.5336	2	2	0	0
2669	0.5338	2	2	0	0
2670	0.534	2	2	0	0
2671	0.5342	2	2	0	0
2672	0.5344	2	2	0	0
2673	0.5346	2	2	0	0
2674	0.5348	2	2	0	0
2675	0.535	2	2	0	0
2676	0.5352	2	2	0	0
2677	0.5354	2	2	0	0
2678	0.5356	2	2	0	0
2679	0.5358	2	2	0	0
2680	0.536	2	2	0	0
2681	0.5362	2	2	0	0
2682	0.5364	2	2	0	0
2683	0.5366	2	2	0	0
2684	0.5368	2	2	0	0
2685	0.537	2	2	0	0
2686	0.5372	2	2	0	0
2687	0.5374	2	2	0	0
2688	0.5376	2	2	0	0
2689	0.5378	2	2	0	0
2690	0.538	2	2	0	0
2691	0.5382	2	2	0	0
2692	0.5384	2	2	0	0
2693	0.5386	2	2	0	0
2694	0.5388	2	2	0	0
2695	0.539	2	2	0	0
2696	0.5392	2	2	0	0
2697	0.5394	2	2	0	0
2698	0.5396	2	2	0	0
2699	0.5398	2	2	0	0
2700	0.54	2	2	0	0
2701	0.5402	2	2	0	0
2702	0.5404	2	2	0	0
2703	0.5406	2	2	0	0
2704	0.5408	2	2	0	0
2705	0.541	2	2	0	0
2706	0.5412	2	2	0	0
2707	0.5414	2	2	0	0
2708	0.5416	2	2	0	0
2709	0.5418	2	2	0	0
2710	0.542	2	2	0	0
2711	0.5422	2	2	0	0
2712	0.5424	2	2	0	0
2713	0.5426	2	2	0	0
2714	0.5428	2	2	0	0
2715	0.543	2	2	0	0
2716	0.5432	2	2	0	0
2717	0.5434	2	2	0	0
2718	0.5436	2	2	0	0
2719	0.5438	2	2	0	0
2720	0.544	2	2	0	0
2721	0.5442	2	2	0	0
2722	0.5444	2	2	0	0
2723	0.5446	2	2	0	0
2724	0.5448	2	2	0	0
2725	0.545	2	2	0	0
2726	0.5452	2	2	0	0
2727	0.5454	2	2	0	0
2728	0.5456	2	2	0	0
2729	0.5458	2	2	0	0
2730	0.546	2	2	0	0
2731	0.5462	2	2	0	0
2732	0.5464	2	2	0	0
2733	0.5466	2	2	0	0
2734	0.5468	2	2	0	0
2735	0.547	2	2	0	0
2736	0.5472	2	2	0	0
2737	0.5474	2	2	0	0
2738	0.5476	2	2	0	0
2739	0.5478	2	2	0	0
2740	0.548	2	2	0	0
2741	0.5482	2	2	0	0
2742	0.5484	2	2	0	0
2743	0.5486	2	2	0	0
2744	0.5488	2	2	0	0
2745	0.549	2	2	0	0
2746	0.5492	2	2	0	0
2747	0.5494	2	2	0	0
2748	0.5496	2	2	0	0
2749	0.5498	2	2	0	0
2750	0.55	2	2	0	0
2751	0.5502	2	2	0	0
2752	0.5504	2	2	0	0
2753	0.5506	2	2	0	0
2754	0.5508	2	2	0	0
2755	0.551	2	2	0	0
2756	0.5512	2	2	0	0
2757	0.5514	2	2	0	0
2758	0.5516	2	2	0	0
2759	0.5518	2	2	0	0
2760	0.552	2	2	0	0
2761	0.5522	2	2	0	0
2762	0.5524	2	2	0	0
2763	0.5526	2	2	0	0
2764	0.5528	2	2	0	0
2765	0.553	2	2	0	0
2766	0.5532	2	2	0	0
2767	0.5534	2	2	0	0
2768	0.5536	2	2	0	0
2769	0.5538	2	2	0	0
2770	0.554	2	2	0	0
2771	0.5542	2	2	0	0
2772	0.5544	2	2	0	0
2773	0.5546	2	2	0	0
2774	0.5548	2	2	0	0
2775	0.555	2	2	0	0
2776	0.5552	2	2	0	0
2777	0.5554	2	2	0	0
2778	0.5556	2	2	0	0
2779	0.5558	2	2	0	0
2780	0.556	2	2	0	0
2781	0.5562	2	2	0	0
2782	0.5564	2	2	0	0
2783	0.5566	2	2	0	0
2784	0.5568	2	2	0	0
2785	0.557	2	2	0	0
2786	0.5572	2	2	0	0
2787	0.5574	2	2	0	0
2788	0.5576	2	2	0	0
2789	0.5578	2	2	0	0
2790	0.558	2	2	0	0
2791	0.5582	2	2	0	0
2792	0.5584	2	2	0	0
2793	0.5586	2	2	0	0
2794	0.5588	2	2	0	0
2795	0.559	2	2	0	0
2796	0.5592	2	2	0	0
2797	0.5594	2	2	0	0
2798	0.5596	2	2	0	0
2799	0.5598	2	2	0	0
2800	0.56	2	2	0	0
2801	0.5602	2	2	0	0
2802	0.5604	2	2	0	0
2803	0.5606	2	2	0	0
2804	0.5608	2	2	0	0
2805	0.561	2	2	0	0
2806	0.5612	2	2	0	0
2807	0.5614	2	2	0	0
2808	0.5616	2	2	0	0
2809	0.5618	2	2	0	0
2810	0.562	2	2	0	0
2811	0.5622	2	2	0	0
2812	0.5624	2	2	0	0
2813	0.5626	2	2	0	0
2814	0.5628	2	2	0	0
2815	0.563	2	2	0	0
2816	0.5632	2	2	0	0
2817	0.5634	2	2	0	0
2818	0.5636	2	2	0	0
2819	0.5638	2	2	0	0
2820	0.564	2	2	0	0
2821	0.5642	2	2	0	0
2822	0.5644	2	2	0	0
2823	0.5646	2	2	0	0
2824	0.5648	2	2	0	0
2825	0.565	2	2	0	0
2826	0.5652	2	2	0	0
2827	0.5654	2	2	0	0
2828	0.5656	2	2	0	0
2829	0.5658	2	2	0	0
2830	0.566	2	2	0	0
2831	0.5662	2	2	0	0
2832	0.5664	2	2	0	0
2833	0.5666	2	2	0	0
2834	0.5668	2	2	0	0
2835	0.567	2	2	0	0
2836	0.5672	2	2	0	0
2837	0.5674	2	2	0	0
2838	0.5676	2	2	0	0
2839	0.5678	2	2	0	0
2840	0.568	2	2	0	0
2841	0.5682	2	2	0	0
2842	0.5684	2	2	0	0
2843	0.5686	2	2	0	0
2844	0.5688	2	2	0	0
2845	0.569	2	2	0	0
2846	0.5692	2	2	0	0
2847	0.5694	2	2	0	0
2848	0.5696	2	2	0	0
2849	0.5698	2	2	0	0
2850	0.57	2	2	0	0
2851	0.5702	2	2	0	0
2852	0.5704	2	2	0	0
2853	0.5706	2	2	0	0
2854	0.5708	2	2	0	0
2855	0.571	2	2	0	0
2856	0.5712	2	2	0	0
2857	0.5714	2	2	0	0
2858	0.5716	2	2	0	0
2859	0.5718	2	2	0	0
2860	0.572	2	2	0	0
2861	0.5722	2	2	0	0
2862	0.5724	2	2	0	0
2863	0.5726	2	2	0	0
2864	0.5728	2	2	0	0
2865	0.573	2	2	0	0
2866	0.5732	2	2	0	0
2867	0.5734	2	2	0	0
2868	0.5736	2	2	0	0
2869	0.5738	2	2	0	0
2870	0.574	2	2	0	0
2871	0.5742	2	2	0	0
2872	0.5744	2	2	0	0
2873	0.5746	2	2	0	0
2874	0.5748	2	2	0	0
2875	0.575	2	2	0	0
2876	0.5752	2	2	0	0
2877	0.5754	2	2	0	0
2878	0.5756	2	2	0	0
2879	0.5758	2	2	0	0
2880	0.576	2	2	0	0
2881	0.5762	2	2	0	0
2882	0.5764	2	2	0	0
2883	0.5766	2	2	0	0
2884	0.5768	2	2	0	0
2885	0.577	2	2	0	0
2886	0.5772	2	2	0	0
2887	0.5774	2	2	0	0
2888	0.5776	2	2	0	0
2889	0.5778	2	2	0	0
2890	0.578	2	2	0	0
2891	0.5782	2	2	0	0
2892	0.5784	2	2	0	0
2893	0.5786	2	2	0	0
2894	0.5788	2	2	0	0
2895	0.579	2	2	0	0
2896	0.5792	2	2	0	0
2897	0.5794	2	2	0	0
2898	0.5796	2	2	0	0
2899	0.5798	2	2	0	0
2900	0.58	2	2	0	0
2901	0.5802	2	2	0	0
2902	0.5804	2	2	0	0
2903	0.5806	2	2	0	0
2904	0.5808	2	2	0	0
2905	0.581	2	2	0	0
2906	0.5812	2	2	0	0
2907	0.5814	2	2	0	0
2908	0.5816	2	2	0	0
2909	0.5818	2	2	0	0
2910	0.582	2	2	0	0
2911	0.5822	2	2	0	0
2912	0.5824	2	2	0	0
2913	0.5826	2	2	0	0
2914	0.5828	2	2	0	0
2915	0.583	2	2	0	0
2916	0.5832	2	2	0	0
2917	0.5834	2	2	0	0
2918	0.5836	2	2	0	0
2919	0.5838	2	2	0	0
2920	0.584	2	2	0	0
2921	0.5842	2	2	0	0
2922	0.5844	2	2	0	0
2923	0.5846	2	2	0	0
2924	0.5848	2	2	0	0
2925	0.585	2	2	0	0
2926	0.5852	2	2	0	0
2927	0.5854	2	2	0	0
2928	0.5856	2	2	0	0
2929	0.5858	2	2	0	0
2930	0.586	2	2	0	0
2931	0.5862	2	2	0	0
2932	0.5864	2	2	0	0
2933	0.5866	2	2	0	0
2934	0.5868	2	2	0	0
2935	0.587	2	2	0	0
2936	0.5872	2	2	0	0
2937	0.5874	2	2	0	0
2938	0.5876	2	2	0	0
2939	0.5878	2	2	0	0
2940	0.588	2	2	0	0
2941	0.5882	2	2	0	0
2942	0.5884	2	2	0	0
2943	0.5886	2	2	0	0
2944	0.5888	2	2	0	0
2945	0.589	2	2	0	0
2946	0.5892	2	2	0	0
2947	0.5894	2	2	0	0
2948	0.5896	2	2	0	0
2949	0.5898	2	2	0	0
2950	0.59	2	2	0	0
2951	0.5902	2	2	0	0
2952	0.5904	2	2	0	0
2953	0.5906	2	2	0	0
2954	0.5908	2	2	0	0
2955	0.591	2	2	0	0
2956	0.5912	2	2	0	0
2957	0.5914	2	2	0	0
2958	0.5916	2	2	0	0
2959	0.5918	2	2	0	0
2960	0.592	2	2	0	0
2961	0.5922	2	2	0	0
2962	0.5924	2	2	0	0
2963	0.5926	2	2	0	0
2964	0.5928	2	2	0	0
2965	0.593	2	2	0	0
2966	0.5932	2	2	0	0
2967	0.5934	2	2	0	0
2968	0.5936	2	2	0	0
2969	0.5938	2	2	0	0
2970	0.594	2	2	0	0
2971	0.5942	2	2	0	0
2972	0.5944	2	2	0	0
2973	0.5946	2	2	0	0
2974	0.5948	2	2	0	0
2975	0.595	2	2	0	0
2976	0.5952	2	2	0	0
2977	0.5954	2	2	0	0
2978	0.5956	2	2	0	0
2979	0.5958	2	2	0	0
2980	0.596	2	2	0	0
2981	0.5962	2	2	0	0
2982	0.5964	2	2	0	0
2983	0.5966	2	2	0	0
2984	0.5968	2	2	0	0
2985	0.597	2	2	0	0
2986	0.5972	2	2	0	0
2987	0.5974	2	2	0	0
2988	0.5976	2	2	0	0
2989	0.5978	2	2	0	0
2990	0.598	2	2	0	0
2991	0.5982	2	2	0	0
2992	0.5984	2	2	0	0
2993	0.5986	2	2	0	0
2994	0.5988	2	2	0	0
2995	0.599	2	2	0	0
2996	0.5992	2	2	0	0
2997	0.5994	2	2	0	0
2998	0.5996	2	2	0	0
2999	0.5998	2	2	0	0
3000	0.6	2	2	0	0
3001	0.6002	2	2	0	0
3002	0.6004	2	2	0	0
3003	0.6006	2	2	0	0
3004	0.6008	2	2	0	0
3005	0.601	2	2	0	0
3006	0.6012	2	2	0	0
3007	0.6014	2	2	0	0
3008	0.6016	2	2	0	0
3009	0.6018	2	2	0	0
3010	0.602	2	2	0	0
3011	0.6022	2	2	0	0
3012	0.6024	2	2	0	0
3013	0.6026	2	2	0	0
3014	0.6028	2	2	0	0
3015	0.603	2	2	0	0
3016	0.6032	2	2	0	0
3017	0.6034	2	2	0	0
3018	0.6036	2	2	0	0
3019	0.6038	2	2	0	0
3020	0.604	2	2	0	0
3021	0.6042	2	2	0	0
3022	0.6044	2	2	0	0
3023	0.6046	2	2	0	0
3024	0.6048	2	2	0	0
3025	0.605	2	2	0	0
3026	0.6052	2	2	0	0
3027	0.6054	2	2	0	0
3028	0.6056	2	2	0	0
3029	0.6058	2	2	0	0
3030	0.606	2	2	0	0
3031	0.6062	2	2	0	0
3032	0.6064	2	2	0	0
3033	0.6066	2	2	0	0
3034	0.6068	2	2	0	0
3035	0.607	2	2	0	0
3036	0.6072	2	2	0	0
3037	0.6074	2	2	0	0
3038	0.6076	2	2	0	0
3039	0.6078	2	2	0	0
3040	0.608	2	2	0	0
3041	0.6082	2	2	0	0
3042	0.6084	2	2	0	0
3043	0.6086	2	2	0	0
3044	0.6088	2	2	0	0
3045	0.609	2	2	0	0
3046	0.6092	2	2	0	0
3047	0.6094	2	2	0	0
3048	0.6096	2	2	0	0
3049	0.6098	2	2	0	0
3050	0.61	2	2	0	0
3051	0.6102	2	2	0	0
3052	0.6104	2	2	0	0
3053	0.6106	2	2	0	0
3054	0.6108	2	2	0	0
3055	0.611	2	2	0	0
3056	0.6112	2	2	0	0
3057	0.6114	2	2	0	0
3058	0.6116	2	2	0	0
3059	0.6118	2	2	0	0
3060	0.612	2	2	0	0
3061	0.6122	2	2	0	0
3062	0.6124	2	2	0	0
3063	0.6126	2	2	0	0
3064	0.6128	2	2	0	0
3065	0.613	2	2	0	0
3066	0.6132	2	2	0	0
3067	0.6134	2	2	0	0
3068	0.6136	2	2	0	0
3069	0.6138	2	2	0	0
3070	0.614	2	2	0	0
3071	0.6142	2	2	0	0
3072	0.6144	2	2	0	0
3073	0.6146	2	2	0	0
3074	0.6148	2	2	0	0
3075	0.615	2	2	0	0
3076	0.6152	2	2	0	0
3077	0.6154	2	2	0	0
3078	0.6156	2	2	0	0
3079	0.6158	2	2	0	0
3080	0.616	2	2	0	0
3081	0.6162	2	2	0	0
3082	0.6164	2	2	0	0
3083	0.6166	2	2	0	0
3084	0.6168	2	2	0	0
3085	0.617	2	2	0	0
3086	0.6172	2	2	0	0
3087	0.6174	2	2	0	0
3088	0.6176	2	2	0	0
3089	0.6178	2	2	0	0
3090	0.618	2	2	0	0
3091	0.6182	2	2	0	0
3092	0.6184	2	2	0	0
3093	0.6186	2	2	0	0
3094	0.6188	2	2	0	0
3095	0.619	2	2	0	0
3096	0.6192	2	2	0	0
3097	0.6194	2	2	0	0
3098	0.6196	2	2	0	0
3099	0.6198	2	2	0	0
3100	0.62	2	2	0	0
3101	0.6202	2	2	0	0
3102	0.6204	2	2	0	0
3103	0.6206	2	2	0	0
3104	0.6208	2	2	0	0
3105	0.621	2	2	0	0
3106	0.6212	2	2	0	0
3107	0.6214	2	2	0	0
3108	0.6216	2	2	0	0
3109	0.6218	2	2	0	0
3110	0.622	2	2	0	0
3111	0.6222	2	2	0	0
3112	0.6224	2	2	0	0
3113	0.6226	2	2	0	0
3114	0.6228	2	2	0	0
3115	0.623	2	2	0	0
3116	0.6232	2	2	0	0
3117	0.6234	2	2	0	0
3118	0.6236	2	2	0	0
3119	0.6238	2	2	0	0
3120	0.624	2	2	0	0
3121	0.6242	2	2	0	0
3122	0.6244	2	2	0	0
3123	0.6246	2	2	0	0
3124	0.6248	2	2	0	0
3125	0.625	2	2	0	0
3126	0.6252	2	2	0	0
3127	0.6254	2	2	0	0
3128	0.6256	2	2	0	0
3129	0.6258	2	2	0	0
3130	0.626	2	2	0	0
3131	0.6262	2	2	0	0
3132	0.6264	2	2	0	0
3133	0.6266	2	2	0	0
3134	0.6268	2	2	0	0
3135	0.627	2	2	0	0
3136	0.6272	2	2	0	0
3137	0.6274	2	2	0	0
3138	0.6276	2	2	0	0
3139	0.6278	2	2	0	0
3140	0.628	2	2	0	0
3141	0.6282	2	2	0	0
3142	0.6284	2	2	0	0
3143	0.6286	2	2	0	0
3144	0.6288	2	2	0	0
3145	0.629	2	2	0	0
3146	0.6292	2	2	0	0
3147	0.6294	2	2	0	0
3148	0.6296	2	2	0	0
3149	0.6298	2	2	0	0
3150	0.63	2	2	0	0
3151	0.6302	2	2	0	0
3152	0.6304	2	2	0	0
3153	0.6306	2	2	0	0
3154	0.6308	2	2	0	0
3155	0.631	2	2	0	0
3156	0.6312	2	2	0	0
3157	0.6314	2	2	0	0
3158	0.6316	2	2	0	0
3159	0.6318	2	2	0	0
3160	0.632	2	2	0	0
3161	0.6322	2	2	0	0
3162	0.6324	2	2	0	0
3163	0.6326	2	2	0	0
3164	0.6328	2	2	0	0
3165	0.633	2	2	0	0
3166	0.6332	2	2	0	0
3167	0.6334	2	2	0	0
3168	0.6336	2	2	0	0
3169	0.6338	2	2	0	0
3170	0.634	2	2	0	0
3171	0.6342	2	2	0	0
3172	0.6344	2	2	0	0
3173	0.6346	2	2	0	0
3174	0.6348	2	2	0	0
3175	0.635	2	2	0	0
3176	0.6352	2	2	0	0
3177	0.6354	2	2	0	0
3178	0.6356	2	2	0	0
3179	0.6358	2	2	0	0
3180	0.636	2	2	0	0
3181	0.6362	2	2	0	0
3182	0.6364	2	2	0	0
3183	0.6366	2	2	0	0
3184	0.6368	2	2	0	0
3185	0.637	2	2	0	0
3186	0.6372	2	2	0	0
3187	0.6374	2	2	0	0
3188	0.6376	2	2	0	0
3189	0.6378	2	2	0	0
3190	0.638	2	2	0	0
3191	0.6382	2	2	0	0
3192	0.6384	2	2	0	0
3193	0.6386	2	2	0	0
3194	0.6388	2	2	0	0
3195	0.639	2	2	0	0
3196	0.6392	2	2	0	0
3197	0.6394	2	2	0	0
3198	0.6396	2	2	0	0
3199	0.6398	2	2	0	0
3200	0.64	2	2	0	0
3201	0.6402	2	2	0	0
3202	0.6404	2	2	0	0
3203	0.6406	2	2	0	0
3204	0.6408	2	2	0	0
3205	0.641	2	1	0	0
3206	0.6412	2	1	0	0
3207	0.6414	2	1	0	0
3208	0.6416	2	1	0	0
3209	0.6418	2	1	0	0
3210	0.642	2	1	0	0
3211	0.6422	2	1	0	0
3212	0.6424	2	1	0	0
3213	0.6426	2	1	0	0
3214	0.6428	2	1	0	0
3215	0.643	2	1	0	0
3216	0.6432	2	1	0	0
3217	0.6434	2	1	0	0
3218	0.6436	2	1	0	0
3219	0.6438	2	1	0	0
3220	0.644	2	1	0	0
3221	0.6442	2	1	0	0
3222	0.6444	2	1	0	0
3223	0.6446	2	1	0	0
3224	0.6448	2	1	0	0
3225	0.645	2	1	0	0
3226	0.6452	2	1	0	0
3227	0.6454	2	1	0	0
3228	0.6456	2	1	0	0
3229	0.6458	2	1	0	0
3230	0.646	2	1	0	0
3231	0.6462	2	1	0	0
3232	0.6464	2	1	0	0
3233	0.6466	2	1	0	0
3234	0.6468	2	1	0	0
3235	0.647	2	1	0	0
3236	0.6472	2	1	0	0
3237	0.6474	2	1	0	0
3238	0.6476	2	1	0	0
3239	0.6478	2	1	0	0
3240	0.648	2	1	0	0
3241	0.6482	2	1	0	0
3242	0.6484	2	1	0	0
3243	0.6486	2	1	0	0
3244	0.6488	2	1	0	0
3245	0.649	2	1	0	0
3246	0.6492	2	1	0	0
3247	0.6494	2	1	0	0
3248	0.6496	2	1	0	0
3249	0.6498	2	1	0	0
3250	0.65	2	1	0	0
3251	0.6502	2	1	0	0
3252	0.6504	2	1	0	0
3253	0.6506	2	1	0	0
3254	0.6508	2	1	0	0
3255	0.651	2	1	0	0
3256	0.6512	2	1	0	0
3257	0.6514	2	1	0	0
3258	0.6516	2	1	0	0
3259	0.6518	2	1	0	0
3260	0.652	2	1	0	0
3261	0.6522	2	1	0	0
3262	0.6524	2	1	0	0
3263	0.6526	2	1	0	0
3264	0.6528	2	1	0	0
3265	0.653	2	1	0	0
3266	0.6532	2	1	0	0
3267	0.6534	2	1	0	0
3268	0.6536	2	1	0	0
3269	0.6538	2	1	0	0
3270	0.654	2	1	0	0
3271	0.6542	2	1	0	0
3272	0.6544	2	1	0	0
3273	0.6546	2	1	0	0
3274	0.6548	2	1	0	0
3275	0.655	2	1	0	0
3276	0.6552	2	1	0	0
3277	0.6554	2	1	0	0
3278	0.6556	2	1	0	0
3279	0.6558	2	1	0	0
3280	0.656	2	1	0	0
3281	0.6562	2	1	0	0
3282	0.6564	2	1	0	0
3283	0.6566	2	1	0	0
3284	0.6568	2	1	0	0
3285	0.657	2	1	0	0
3286	0.6572	2	1	0	0
3287	0.6574	2	1	0	0
3288	0.6576	2	1	0	0
3289	0.6578	2	1	0	0
3290	0.658	2	1	0	0
3291	0.6582	2	1	0	0
3292	0.6584	2	1	0	0
3293	0.6586	2	1	0	0
3294	0.6588	2	1	0	0
3295	0.659	2	1	0	0
3296	0.6592	2	1	0	0
3297	0.6594	2	1	0	0
3298	0.6596	2	1	0	0
3299	0.6598	2	1	0	0
3300	0.66	2	1	0	0
3301	0.6602	2	1	0	0
3302	0.6604	2	1	0	0
3303	0.6606	2	1	0	0
3304	0.6608	2	1	0	0
3305	0.661	2	1	0	0
3306	0.6612	2	1	0	0
3307	0.6614	2	1	0	0
3308	0.6616	2	1	0	0
3309	0.6618	2	1	0	0
3310	0.662	2	1	0	0
3311	0.6622	2	1	0	0
3312	0.6624	2	1	0	0
3313	0.6626	2	1	0	0
3314	0.6628	2	1	0	0
3315	0.663	2	1	0	0
3316	0.6632	2	1	0	0
3317	0.6634	2	1	0	0
3318	0.6636	2	1	0	0
3319	0.6638	2	1	0	0
3320	0.664	2	1	0	0
3321	0.6642	2	1	0	0
3322	0.6644	2	1	0	0
3323	0.6646	2	1	0	0
3324	0.6648	2	1	0	0
3325	0.665	2	1	0	0
3326	0.6652	2	1	0	0
3327	0.6654	2	1	0	0
3328	0.6656	2	1	0	0
3329	0.6658	2	1	0	0
3330	0.666	2	1	0	0
3331	0.6662	2	1	0	0
3332	0.6664	2	1	0	0
3333	0.6666	2	1	0	0
3334	0.6668	2	1	0	0
3335	0.667	2	1	0	0
3336	0.6672	2	1	0	0
3337	0.6674	2	1	0	0
3338	0.6676	2	1	0	0
3339	0.6678	2	1	0	0
3340	0.668	2	1	0	0
3341	0.6682	2	1	0	0
3342	0.6684	2	1	0	0
3343	0.6686	2	1	0	0
3344	0.6688	2	1	0	0
3345	0.669	2	1	0	0
3346	0.6692	2	1	0	0
3347	0.6694	2	1	0	0
3348	0.6696	2	1	0	0
3349	0.6698	2	1	0	0
3350	0.67	2	1	0	0
3351	0.6702	2	1	0	0
3352	0.6704	2	1	0	0
3353	0.6706	2	1	0	0
3354	0.6708	2	1	0	0
3355	0.671	2	1	0	0
3356	0.6712	2	1	0	0
3357	0.6714	2	1	0	0
3358	0.6716	2	1	0	0
3359	0.6718	2	1	0	0
3360	0.672	2	1	0	0
3361	0.6722	2	1	0	0
3362	0.6724	2	1	0	0
3363	0.6726	2	1	0	0
3364	0.6728	2	1	0	0
3365	0.673	2	1	0	0
3366	0.6732	2	1	0	0
3367	0.6734	2	1	0	0
3368	0.6736	2	1	0	0
3369	0.6738	2	1	0	0
3370	0.674	2	1	0	0
3371	0.6742	2	1	0	0
3372	0.6744	2	1	0	0
3373	0.6746	2	1	0	0
3374	0.6748	2	1	0	0
3375	0.675	2	1	0	0
3376	0.6752	2	1	0	0
3377	0.6754	2	1	0	0
3378	0.6756	2	1	0	0
3379	0.6758	2	1	0	0
3380	0.676	2	1	0	0
3381	0.6762	2	1	0	0
3382	0.6764	2	1	0	0
3383	0.6766	2	1	0	0
3384	0.6768	2	1	0	0
3385	0.677	2	1	0	0
3386	0.6772	2	1	0	0
3387	0.6774	2	1	0	0
3388	0.6776	2	1	0	0
3389	0.6778	2	1	0	0
3390	0.678	2	1	0	0
3391	0.6782	2	1	0	0
3392	0.6784	2	1	0	0
3393	0.6786	2	1	0	0
3394	0.6788	2	1	0	0
3395	0.679	2	1	0	0
3396	0.6792	2	1	0	0
3397	0.6794	2	1	0	0
3398	0.6796	2	1	0	0
3399	0.6798	2	1	0	0
3400	0.68	2	1	0	0
3401	0.6802	2	1	0	0
3402	0.6804	2	1	0	0
3403	0.6806	2	1	0	0
3404	0.6808	2	1	0	0
3405	0.681	2	1	0	0
3406	0.6812	2	1	0	0
3407	0.6814	2	1	0	0
3408	0.6816	2	1	0	0
3409	0.6818	2	1	0	0
3410	0.682	2	1	0	0
3411	0.6822	2	1	0	0
3412	0.6824	2	1	0	0
3413	0.6826	2	1	0	0
3414	0.6828	2	1	0	0
3415	0.683	2	1	0	0
3416	0.6832	2	1	0	0
3417	0.6834	2	1	0	0
3418	0.6836	2	1	0	0
3419	0.6838	2	1	0	0
3420	0.684	2	1	0	0
3421	0.6842	2	1	0	0
3422	0.6844	2	1	0	0
3423	0.6846	2	1	0	0
3424	0.6848	2	1	0	0
3425	0.685	1	1	0	0
3426	0.6852	1	1	0	0
3427	0.6854	1	1	0	0
3428	0.6856	1	1	0	0
3429	0.6858	1	1	0	0
3430	0.686	1	1	0	0
3431	0.6862	1	1	0	0
3432	0.6864	1	1	0	0
3433	0.6866	1	1	0	0
3434	0.6868	1	1	0	0
3435	0.687	1	1	0	0
3436	0.6872	1	1	0	0
3437	0.6874	1	1	0	0
3438	0.6876	1	1	0	0
3439	0.6878	1	1	0	0
3440	0.688	1	1	0	0
3441	0.6882	1	1	0	0
3442	0.6884	1	1	0	0
3443	0.6886	1	1	0	0
3444	0.6888	1	1	0	0
3445	0.689	1	1	0	0
3446	0.6892	1	1	0	0
3447	0.6894	1	1	0	0
3448	0.6896	1	1	0	0
3449	0.6898	1	1	0	0
3450	0.69	1	1	0	0
3451	0.6902	1	1	0	0
3452	0.6904	1	1	0	0
3453	0.6906	1	1	0	0
3454	0.6908	1	1	0	0
3455	0.691	1	1	0	0
3456	0.6912	1	1	0	0
3457	0.6914	1	1	0	0
3458	0.6916	1	1	0	0
3459	0.6918	1	1	0	0
3460	0.692	1	1	0	0
3461	0.6922	1	1	0	0
3462	0.6924	1	1	0	0
3463	0.6926	1	1	0	0
3464	0.6928	1	1	0	0
3465	0.693	1	1	0	0
3466	0.6932	1	1	0	0
3467	0.6934	1	1	0	0
3468	0.6936	1	1	0	0
3469	0.6938	1	1	0	0
3470	0.694	1	1	0	0
3471	0.6942	1	1	0	0
3472	0.6944	1	1	0	0
3473	0.6946	1	1	0	0
3474	0.6948	1	1	0	0
3475	0.695	1	1	0	0
3476	0.6952	1	1	0	0
3477	0.6954	1	1	0	0
3478	0.6956	1	1	0	0
3479	0.6958	1	1	0	0
3480	0.696	1	1	0	0
3481	0.6962	1	1	0	0
3482	0.6964	1	1	0	0
3483	0.6966	1	1	0	0
3484	0.6968	1	1	0	0
3485	0.697	1	1	0	0
3486	0.6972	1	1	0	0
3487	0.6974	1	1	0	0
3488	0.6976	1	1	0	0
3489	0.6978	1	1	0	0
3490	0.698	1	1	0	0
3491	0.6982	1	1	0	0
3492	0.6984	1	1	0	0
3493	0.6986	1	1	0	0
3494	0.6988	1	1	0	0
3495	0.699	1	1	0	0
3496	0.6992	1	1	0	0
3497	0.6994	1	1	0	0
3498	0.6996	1	1	0	0
3499	0.6998	1	1	0	0
3500	0.7	1	1	0	0
3501	0.7002	1	1	0	0
3502	0.7004	1	1	0	0
3503	0.7006	1	1	0	0
3504	0.7008	1	1	0	0
3505	0.701	1	1	0	0
3506	0.7012	1	1	0	0
3507	0.7014	1	1	0	0
3508	0.7016	1	1	0	0
3509	0.7018	1	1	0	0
3510	0.702	1	1	0	0
3511	0.7022	1	1	0	0
3512	0.7024	1	1	0	0
3513	0.7026	1	1	0	0
3514	0.7028	1	1	0	0
3515	0.703	1	1	0	0
3516	0.7032	1	1	0	0
3517	0.7034	1	1	0	0
3518	0.7036	1	1	0	0
3519	0.7038	1	1	0	0
3520	0.704	1	1	0	0
3521	0.7042	1	1	0	0
3522	0.7044	1	1	0	0
3523	0.7046	1	1	0	0
3524	0.7048	1	1	0	0
3525	0.705	1	1	0	0
3526	0.7052	1	1	0	0
3527	0.7054	1	1	0	0
3528	0.7056	1	1	0	0
3529	0.7058	1	1	0	0
3530	0.706	1	1	0	0
3531	0.7062	1	1	0	0
3532	0.7064	1	1	0	0
3533	0.7066	1	1	0	0
3534	0.7068	1	1	0	0
3535	0.707	1	1	0	0
3536	0.7072	1	1	0	0
3537	0.7074	1	1	0	0
3538	0.7076	1	1	0	0
3539	0.7078	1	1	0	0
3540	0.708	1	1	0	0
3541	0.7082	1	1	0	0
3542	0.7084	1	1	0	0
3543	0.7086	1	1	0	0
3544	0.7088	1	1	0	0
3545	0.709	1	1	0	0
3546	0.7092	1	1	0	0
3547	0.7094	1	1	0	0
3548	0.7096	1	1	0	0
3549	0.7098	1	1	0	0
3550	0.71	1	1	0	0
3551	0.7102	1	1	0	0
3552	0.7104	1	1	0	0
3553	0.7106	1	1	0	0
3554	0.7108	1	1	0	0
3555	0.711	1	1	0	0
3556	0.7112	1	1	0	0
3557	0.7114	1	1	0	0
3558	0.7116	1	1	0	0
3559	0.7118	1	1	0	0
3560	0.712	1	1	0	0
3561	0.7122	1	1	0	0
3562	0.7124	1	1	0	0
3563	0.7126	1	1	0	0
3564	0.7128	1	1	0	0
3565	0.713	1	1	0	0
3566	0.7132	1	1	0	0
3567	0.7134	1	1	0	0
3568	0.7136	1	1	0	0
3569	0.7138	1	1	0	0
3570	0.714	1	1	0	0
3571	0.7142	1	1	0	0
3572	0.7144	1	1	0	0
3573	0.7146	1	1	0	0
3574	0.7148	1	1	0	0
3575	0.715	1	1	0	0
3576	0.7152	1	1	0	0
3577	0.7154	1	1	0	0
3578	0.7156	1	1	0	0
3579	0.7158	1	1	0	0
3580	0.716	1	1	0	0
3581	0.7162	1	1	0	0
3582	0.7164	1	1	0	0
3583	0.7166	1	1	0	0
3584	0.7168	1	1	0	0
3585	0.717	1	1	0	0
3586	0.7172	1	1	0	0
3587	0.7174	1	1	0	0
3588	0.7176	1	1	0	0
3589	0.7178	1	1	0	0
3590	0.718	1	1	0	0
3591	0.7182	1	1	0	0
3592	0.7184	1	1	0	0
3593	0.7186	1	1	0	0
3594	0.7188	1	1	0	0
3595	0.719	1	1	0	0
3596	0.7192	1	1	0	0
3597	0.7194	1	1	0	0
3598	0.7196	1	1	0	0
3599	0.7198	1	1	0	0
3600	0.72	1	1	0	0
3601	0.7202	1	1	0	0
3602	0.7204	1	1	0	0
3603	0.7206	1	1	0	0
3604	0.7208	1	1	0	0
3605	0.721	1	1	0	0
3606	0.7212	1	1	0	0
3607	0.7214	1	1	0	0
3608	0.7216	1	1	0	0
3609	0.7218	1	1	0	0
3610	0.722	1	1	0	0
3611	0.7222	1	1	0	0
3612	0.7224	1	1	0	0
3613	0.7226	1	1	0	0
3614	0.7228	1	1	0	0
3615	0.723	0	1	0	0
3616	0.7232	0	1	0	0
3617	0.7234	0	1	0	0
3618	0.7236	0	1	0	0
3619	0.7238	0	1	0	0
3620	0.724	0	1	0	0
3621	0.7242	0	1	0	0
3622	0.7244	0	1	0	0
3623	0.7246	0	1	0	0
3624	0.7248	0	1	0	0
3625	0.725	0	1	0	0
3626	0.7252	0	1	0	0
3627	0.7254	0	1	0	0
3628	0.7256	0	1	0	0
3629	0.7258	0	1	0	0
3630	0.726	0	1	0	0
3631	0.7262	0	1	0	0
3632	0.7264	0	1	0	0
3633	0.7266	0	1	0	0
3634	0.7268	0	1	0	0
3635	0.727	0	1	0	0
3636	0.7272	0	1	0	0
3637	0.7274	0	1	0	0
3638	0.7276	0	1	0	0
3639	0.7278	0	1	0	0
3640	0.728	0	1	0	0
3641	0.7282	0	1	0	0
3642	0.7284	0	1	0	0
3643	0.7286	0	1	0	0
3644	0.7288	0	1	0	0
3645	0.729	0	1	0	0
3646	0.7292	0	1	0	0
3647	0.7294	0	1	0	0
3648	0.7296	0	1	0	0
3649	0.7298	0	1	0	0
3650	0.73	0	1	0	0
3651	0.7302	0	1	0	0
3652	0.7304	0	1	0	0
3653	0.7306	0	1	0	0
3654	0.7308	0	1	0	0
3655	0.731	0	1	0	0
3656	0.7312	0	1	0	0
3657	0.7314	0	1	0	0
3658	0.7316	0	1	0	0
3659	0.7318	0	1	0	0
3660	0.732	0	1	0	0
3661	0.7322	0	1	0	0
3662	0.7324	0	1	0	0
3663	0.7326	0	1	0	0
3664	0.7328	0	1	0	0
3665	0.733	0	1	0	0
3666	0.7332	0	1	0	0
3667	0.7334	0	1	0	0
3668	0.7336	0	1	0	0
3669	0.7338	0	1	0	0
3670	0.734	0	1	0	0
3671	0.7342	0	1	0	0
3672	0.7344	0	1	0	0
3673	0.7346	0	1	0	0
3674	0.7348	0	1	0	0
3675	0.735	0	1	0	0
3676	0.7352	0	1	0	0
3677	0.7354	0	1	0	0
3678	0.7356	0	1	0	0
3679	0.7358	0	1	0	0
3680	0.736	0	1	0	0
3681	0.7362	0	1	0	0
3682	0.7364	0	1	0	0
3683	0.7366	0	1	0	0
3684	0.7368	0	1	0	0
3685	0.737	0	1	0	0
3686	0.7372	0	1	0	0
3687	0.7374	0	1	0	0
3688	0.7376	0	1	0	0
3689	0.7378	0	1	0	0
3690	0.738	0	1	0	0
3691	0.7382	0	1	0	0
3692	0.7384	0	1	0	0
3693	0.7386	0	1	0	0
3694	0.7388	0	1	0	0
3695	0.739	0	1	0	0
3696	0.7392	0	1	0	0
3697	0.7394	0	1	0	0
3698	0.7396	0	1	0	0
3699	0.7398	0	1	0	0
3700	0.74	0	1	0	0
3701	0.7402	0	1	0	0
3702	0.7404	0	1	0	0
3703	0.7406	0	1	0	0
3704	0.7408	0	1	0	0
3705	0.741	0	1	0	0
3706	0.7412	0	1	0	0
3707	0.7414	0	1	0	0
3708	0.7416	0	1	0	0
3709	0.7418	0	1	0	0
3710	0.742	0	2	0	0
3711	0.7422	0	2	0	0
3712	0.7424	0	2	0	0
3713	0.7426	0	2	0	0
3714	0.7428	0	2	0	0
3715	0.743	0	2	0	0
3716	0.7432	0	2	0	0
3717	0.7434	0	2	0	0
3718	0.7436	0	2	0	0
3719	0.7438	0	2	0	0
3720	0.744	0	2	0	0
3721	0.7442	0	2	0	0
3722	0.7444	0	2	0	0
3723	0.7446	0	2	0	0
3724	0.7448	0	2	0	0
3725	0.745	0	2	0	0
3726	0.7452	0	2	0	0
3727	0.7454	0	2	0	0
3728	0.7456	0	2	0	0
3729	0.7458	0	2	0	0
3730	0.746	0	2	0	0
3731	0.7462	0	2	0	0
3732	0.7464	0	2	0	0
3733	0.7466	0	2	0	0
3734	0.7468	0	2	0	0
3735	0.747	0	2	0	0
3736	0.7472	0	2	0	0
3737	0.7474	0	2	0	0
3738	0.7476	0	2	0	0
3739	0.7478	0	2	0	0
3740	0.748	0	2	0	0
3741	0.7482	0	2	0	0
3742	0.7484	0	2	0	0
3743	0.7486	0	2	0	0
3744	0.7488	0	2	0	0
3745	0.749	0	2	0	0
3746	0.7492	0	2	0	0
3747	0.7494	0	2	0	0
3748	0.7496	0	2	0	0
3749	0.7498	0	2	0	0
3750	0.75	0	2	0	0
3751	0.7502	0	2	0	0
3752	0.7504	0	2	0	0
3753	0.7506	0	2	0	0
3754	0.7508	0	2	0	0
3755	0.751	0	2	0	0
3756	0.7512	0	2	0	0
3757	0.7514	0	2	0	0
3758	0.7516	0	2	0	0
3759	0.7518	0	2	0	0
3760	0.752	0	2	0	0
3761	0.7522	0	2	0	0
3762	0.7524	0	2	0	0
3763	0.7526	0	2	0	0
3764	0.7528	0	2	0	0
3765	0.753	0	2	0	0
3766	0.7532	0	2	0	0
3767	0.7534	0	2	0	0
3768	0.7536	0	2	0	0
3769	0.7538	0	2	0	0
3770	0.754	0	2	0	0
3771	0.7542	0	2	0	0
3772	0.7544	0	2	0	0
3773	0.7546	0	2	0	0
3774	0.7548	0	2	0	0
3775	0.755	0	2	0	0
3776	0.7552	0	2	0	0
3777	0.7554	0	2	0	0
3778	0.7556	0	2	0	0
3779	0.7558	0	2	0	0
3780	0.756	0	2	0	0
3781	0.7562	0	2	0	0
3782	0.7564	0	2	0	0
3783	0.7566	0	2	0	0
3784	0.7568	0	2	0	0
3785	0.757	0	2	0	0
3786	0.7572	0	2	0	0
3787	0.7574	0	2	0	0
3788	0.7576	0	2	0	0
3789	0.7578	0	2	0	0
3790	0.758	0	2	0	0
3791	0.7582	0	2	0	0
3792	0.7584	0	2	0	0
3793	0.7586	0	2	0	0
3794	0.7588	0	2	0	0
3795	0.759	0	2	0	0
3796	0.7592	0	2	0	0
3797	0.7594	0	2	0	0
3798	0.7596	0	2	0	0
3799	0.7598	0	2	0	0
3800	0.76	0	2	0	0
3801	0.7602	0	2	0	0
3802	0.7604	0	2	0	0
3803	0.7606	0	2	0	0
3804	0.7608	0	2	0	0
3805	0.761	0	2	0	0
3806	0.7612	0	2	0	0
3807	0.7614	0	2	0	0
3808	0.7616	0	2	0	0
3809	0.7618	0	2	0	0
3810	0.762	0	2	0	0
3811	0.7622	0	2	0	0
3812	0.7624	0	2	0	0
3813	0.7626	0	2	0	0
3814	0.7628	0	2	0	0
3815	0.763	0	2	0	0
3816	0.7632	0	2	0	0
3817	0.7634	0	2	0	0
3818	0.7636	0	2	0	0
3819	0.7638	0	2	0	0
3820	0.764	0	2	0	0
3821	0.7642	0	2	0	0
3822	0.7644	0	2	0	0
3823	0.7646	0	2	0	0
3824	0.7648	0	2	0	0
3825	0.765	0	2	0	0
3826	0.7652	0	2	0	0
3827	0.7654	0	2	0	0
3828	0.7656	0	2	0	0
3829	0.7658	0	2	0	0
3830	0.766	0	2	0	0
3831	0.7662	0	2	0	0
3832	0.7664	0	2	0	0
3833	0.7666	0	2	0	0
3834	0.7668	0	2	0	0
3835	0.767	0	2	0	0
3836	0.7672	0	2	0	0
3837	0.7674	0	2	0	0
3838	0.7676	0	2	0	0
3839	0.7678	0	2	0	0
3840	0.768	0	2	0	0
3841	0.7682	0	2	0	0
3842	0.7684	0	2	0	0
3843	0.7686	0	2	0	0
3844	0.7688	0	2	0	0
3845	0.769	0	2	0	0
3846	0.7692	0	2	0	0
3847	0.7694	0	2	0	0
3848	0.7696	0	2	0	0
3849	0.7698	0	2	0	0
3850	0.77	0	2	0	0
3851	0.7702	0	2	0	0
3852	0.7704	0	2	0	0
3853	0.7706	0	2	0	0
3854	0.7708	0	2	0	0
3855	0.771	0	2	0	0
3856	0.7712	0	2	0	0
3857	0.7714	0	2	0	0
3858	0.7716	0	2	0	0
3859	0.7718	0	2	0	0
3860	0.772	0	2	0	0
3861	0.7722	0	2	0	0
3862	0.7724	0	2	0	0
3863	0.7726	0	2	0	0
3864	0.7728	0	2	0	0
3865	0.773	0	2	0	0
3866	0.7732	0	2	0	0
3867	0.7734	0	2	0	0
3868	0.7736	0	2	0	0
3869	0.7738	0	2	0	0
3870	0.774	0	2	0	0
3871	0.7742	0	2	0	0
3872	0.7744	0	2	0	0
3873	0.7746	0	2	0	0
3874	0.7748	0	2	0	0
3875	0.775	0	2	0	0
3876	0.7752	0	2	0	0
3877	0.7754	0	2	0	0
3878	0.7756	0	2	0	0
3879	0.7758	0	2	0	0
3880	0.776	0	2	0	0
3881	0.7762	0	2	0	0
3882	0.7764	0	2	0	0
3883	0.7766	0	2	0	0
3884	0.7768	0	2	0	0
3885	0.777	0	2	0	0
3886	0.7772	0	2	0	0
3887	0.7774	0	2	0	0
3888	0.7776	0	2	0	0
3889	0.7778	0	2	0	0
3890	0.778	0	2	0	0
3891	0.7782	0	2	0	0
3892	0.7784	0	2	0	0
3893	0.7786	0	2	0	0
3894	0.7788	0	2	0	0
3895	0.779	0	2	0	0
3896	0.7792	0	2	0	0
3897	0.7794	0	2	0	0
3898	0.7796	0	2	0	0
3899	0.7798	0	2	0	0
3900	0.78	0	2	0	0
3901	0.7802	0	2	0	0
3902	0.7804	0	2	0	0
3903	0.7806	0	2	0	0
3904	0.7808	0	2	0	0
3905	0.781	0	2	0	0
3906	0.7812	0	2	0	0
3907	0.7814	0	2	0	0
3908	0.7816	0	2	0	0
3909	0.7818	0	2	0	0
3910	0.782	0	2	0	0
3911	0.7822	0	2	0	0
3912	0.7824	0	2	0	0
3913	0.7826	0	2	0	0
3914	0.7828	0	2	0	0
3915	0.783	0	2	0	0
3916	0.7832	0	2	0	0
3917	0.7834	0	2	0	0
3918	0.7836	0	2	0	0
3919	0.7838	0	2	0	0
3920	0.784	0	2	0	0
3921	0.7842	0	2	0	0
3922	0.7844	0	2	0	0
3923	0.7846	0	2	0	0
3924	0.7848	0	2	0	0
3925	0.785	0	2	0	0
3926	0.7852	0	2	0	0
3927	0.7854	0	2	0	0
3928	0.7856	0	2	0	0
3929	0.7858	0	2	0	0
3930	0.786	0	2	0	0
3931	0.7862	0	2	0	0
3932	0.7864	0	2	0	0
3933	0.7866	0	2	0	0
3934	0.7868	0	2	0	0
3935	0.787	0	2	0	0
3936	0.7872	0	2	0	0
3937	0.7874	0	2	0	0
3938	0.7876	0	2	0	0
3939	0.7878	0	2	0	0
3940	0.788	0	2	0	0
3941	0.7882	0	2	0	0
3942	0.7884	0	2	0	0
3943	0.7886	0	2	0	0
3944	0.7888	0	2	0	0
3945	0.789	0	2	0	0
3946	0.7892	0	2	0	0
3947	0.7894	0	2	0	0
3948	0.7896	0	2	0	0
3949	0.7898	0	2	0	0
3950	0.79	0	2	0	0
3951	0.7902	0	2	0	0
3952	0.7904	0	2	0	0
3953	0.7906	0	2	0	0
3954	0.7908	0	2	0	0
3955	0.791	0	2	0	0
3956	0.7912	0	2	0	0
3957	0.7914	0	2	0	0
3958	0.7916	0	2	0	0
3959	0.7918	0	2	0	0
3960	0.792	0	2	0	0
3961	0.7922	0	2	0	0
3962	0.7924	0	2	0	0
3963	0.7926	0	2	0	0
3964	0.7928	0	2	0	0
3965	0.793	0	2	0	0
3966	0.7932	0	2	0	0
3967	0.7934	0	2	0	0
3968	0.7936	0	2	0	0
3969	0.7938	0	2	0	0
3970	0.794	0	2	0	0
3971	0.7942	0	2	0	0
3972	0.7944	0	2	0	0
3973	0.7946	0	2	0	0
3974	0.7948	0	2	0	0
3975	0.795	0	2	0	0
3976	0.7952	0	2	0	0
3977	0.7954	0	2	0	0
3978	0.7956	0	2	0	0
3979	0.7958	0	2	0	0
3980	0.796	0	2	0	0
3981	0.7962	0	2	0	0
3982	0.7964	0	2	0	0
3983	0.7966	0	2	0	0
3984	0.7968	0	2	0	0
3985	0.797	0	2	0	0
3986	0.7972	0	2	0	0
3987	0.7974	0	2	0	0
3988	0.7976	0	2	0	0
3989	0.7978	0	2	0	0
3990	0.798	0	2	0	0
3991	0.7982	0	2	0	0
3992	0.7984	0	2	0	0
3993	0.7986	0	2	0	0
3994	0.7988	0	2	0	0
3995	0.799	0	2	0	0
3996	0.7992	0	2	0	0
3997	0.7994	0	2	0	0
3998	0.7996	0	2	0	0
3999	0.7998	0	2	0	0
4000	0.8	0	2	0	0
4001	0.8002	0	2	0	0
4002	0.8004	0	2	0	0
4003	0.8006	0	2	0	0
4004	0.8008	0	2	0	0
4005	0.801	0	2	0	0
4006	0.8012	0	2	0	0
4007	0.8014	0	2	0	0
4008	0.8016	0	2	0	0
4009	0.8018	0	2	0	0
4010	0.802	0	2	0	0
4011	0.8022	0	2	0	0
4012	0.8024	0	2	0	0
4013	0.8026	0	2	0	0
4014	0.8028	0	2	0	0
4015	0.803	0	2	0	0
4016	0.8032	0	2	0	0
4017	0.8034	0	2	0	0
4018	0.8036	0	2	0	0
4019	0.8038	0	2	0	0
4020	0.804	0	2	0	0
4021	0.8042	0	2	0	0
4022	0.8044	0	2	0	0
4023	0.8046	0	2	0	0
4024	0.8048	0	2	0	0
4025	0.805	0	2	0	0
4026	0.8052	0	2	0	0
4027	0.8054	0	2	0	0
4028	0.8056	0	2	0	0
4029	0.8058	0	2	0	0
4030	0.806	0	2	0	0
4031	0.8062	0	2	0	0
4032	0.8064	0	2	0	0
4033	0.8066	0	2	0	0
4034	0.8068	0	2	0	0
4035	0.807	0	2	0	0
4036	0.8072	0	2	0	0
4037	0.8074	0	2	0	0
4038	0.8076	0	2	0	0
4039	0.8078	0	2	0	0
4040	0.808	0	2	0	0
4041	0.8082	0	2	0	0
4042	0.8084	0	2	0	0
4043	0.8086	0	2	0	0
4044	0.8088	0	2	0	0
4045	0.809	0	2	0	0
4046	0.8092	0	2	0	0
4047	0.8094	0	2	0	0
4048	0.8096	0	2	0	0
4049	0.8098	0	2	0	0
4050	0.81	0	2	0	0
4051	0.8102	0	2	0	0
4052	0.8104	0	2	0	0
4053	0.8106	0	2	0	0
4054	0.8108	0	2	0	0
4055	0.811	0	2	0	0
4056	0.8112	0	2	0	0
4057	0.8114	0	2	0	0
4058	0.8116	0	2	0	0
4059	0.8118	0	2	0	0
4060	0.812	0	2	0	0
4061	0.8122	0	2	0	0
4062	0.8124	0	2	0	0
4063	0.8126	0	2	0	0
4064	0.8128	0	2	0	0
4065	0.813	0	2	0	0
4066	0.8132	0	2	0	0
4067	0.8134	0	2	0	0
4068	0.8136	0	2	0	0
4069	0.8138	0	2	0	0
4070	0.814	0	2	0	0
4071	0.8142	0	2	0	0
4072	0.8144	0	2	0	0
4073	0.8146	0	2	0	0
4074	0.8148	0	2	0	0
4075	0.815	0	2	0	0
4076	0.8152	0	2	0	0
4077	0.8154	0	2	0	0
4078	0.8156	0	2	0	0
4079	0.8158	0	2	0	0
4080	0.816	0	2	0	0
4081	0.8162	0	2	0	0
4082	0.8164	0	2	0	0
4083	0.8166	0	2	0	0
4084	0.8168	0	2	0	0
4085	0.817	0	2	0	0
4086	0.8172	0	2	0	0
4087	0.8174	0	2	0	0
4088	0.8176	0	2	0	0
4089	0.8178	0	2	0	0
4090	0.818	0	2	0	0
4091	0.8182	0	2	0	0
4092	0.8184	0	2	0	0
4093	0.8186	0	2	0	0
4094	0.8188	0	2	0	0
4095	0.819	0	2	0	0
4096	0.8192	0	2	0	0
4097	0.8194	0	2	0	0
4098	0.8196	0	2	0	0
4099	0.8198	0	2	0	0
4100	0.82	0	2	0	0
4101	0.8202	0	2	0	0
4102	0.8204	0	2	0	0
4103	0.8206	0	2	0	0
4104	0.8208	0	2	0	0
4105	0.821	0	2	0	0
4106	0.8212	0	2	0	0
4107	0.8214	0	2	0	0
4108	0.8216	0	2	0	0
4109	0.8218	0	2	0	0
4110	0.822	0	2	0	0
4111	0.8222	0	2	0	0
4112	0.8224	0	2	0	0
4113	0.8226	0	2	0	0
4114	0.8228	0	2	0	0
4115	0.823	0	2	0	0
4116	0.8232	0	2	0	0
4117	0.8234	0	2	0	0
4118	0.8236	0	2	0	0
4119	0.8238	0	2	0	0
4120	0.824	0	2	0	0
4121	0.8242	0	2	0	0
4122	0.8244	0	2	0	0
4123	0.8246	0	2	0	0
4124	0.8248	0	2	0	0
4125	0.825	0	2	0	0
4126	0.8252	0	2	0	0
4127	0.8254	0	2	0	0
4128	0.8256	0	2	0	0
4129	0.8258	0	2	0	0
4130	0.826	0	2	0	0
4131	0.8262	0	2	0	0
4132	0.8264	0	2	0	0
4133	0.8266	0	2	0	0
4134	0.8268	0	2	0	0
4135	0.827	0	2	0	0
4136	0.8272	0	2	0	0
4137	0.8274	0	2	0	0
4138	0.8276	0	2	0	0
4139	0.8278	0	2	0	0
4140	0.828	0	2	0	0
4141	0.8282	0	2	0	0
4142	0.8284	0	2	0	0
4143	0.8286	0	2	0	0
4144	0.8288	0	2	0	0
4145	0.829	0	2	0	0
4146	0.8292	0	2	0	0
4147	0.8294	0	2	0	0
4148	0.8296	0	2	0	0
4149	0.8298	0	2	0	0
4150	0.83	0	2	0	0
4151	0.8302	0	2	0	0
4152	0.8304	0	2	0	0
4153	0.8306	0	2	0	0
4154	0.8308	0	2	0	0
4155	0.831	0	2	0	0
4156	0.8312	0	2	0	0
4157	0.8314	0	2	0	0
4158	0.8316	0	2	0	0
4159	0.8318	0	2	0	0
4160	0.832	0	2	0	0
4161	0.8322	0	2	0	0
4162	0.8324	0	2	0	0
4163	0.8326	0	2	0	0
4164	0.8328	0	2	0	0
4165	0.833	0	2	0	0
4166	0.8332	0	2	0	0
4167	0.8334	0	2	0	0
4168	0.8336	0	2	0	0
4169	0.8338	0	2	0	0
4170	0.834	0	2	0	0
4171	0.8342	0	2	0	0
4172	0.8344	0	2	0	0
4173	0.8346	0	2	0	0
4174	0.8348	0	2	0	0
4175	0.835	0	2	0	0
4176	0.8352	0	2	0	0
4177	0.8354	0	2	0	0
4178	0.8356	0	2	0	0
4179	0.8358	0	2	0	0
4180	0.836	0	2	0	0
4181	0.8362	0	2	0	0
4182	0.8364	0	2	0	0
4183	0.8366	0	2	0	0
4184	0.8368	0	2	0	0
4185	0.837	0	2	0	0
4186	0.8372	0	2	0	0
4187	0.8374	0	2	0	0
4188	0.8376	0	2	0	0
4189	0.8378	0	2	0	0
4190	0.838	0	2	0	0
4191	0.8382	0	2	0	0
4192	0.8384	0	2	0	0
4193	0.8386	0	2	0	0
4194	0.8388	0	2	0	0
4195	0.839	0	2	0	0
4196	0.8392	0	2	0	0
4197	0.8394	0	2	0	0
4198	0.8396	0	2	0	0
4199	0.8398	0	2	0	0
4200	0.84	0	2	0	0
4201	0.8402	0	2	0	0
4202	0.8404	0	2	0	0
4203	0.8406	0	2	0	0
4204	0.8408	0	2	0	0
4205	0.841	0	2	0	0
4206	0.8412	0	2	0	0
4207	0.8414	0	2	0	0
4208	0.8416	0	2	0	0
4209	0.8418	0	2	0	0
4210	0.842	0	2	0	0
4211	0.8422	0	2	0	0
4212	0.8424	0	2	0	0
4213	0.8426	0	2	0	0
4214	0.8428	0	2	0	0
4215	0.843	0	2	0	0
4216	0.8432	0	2	0	0
4217	0.8434	0	2	0	0
4218	0.8436	0	2	0	0
4219	0.8438	0	2	0	0
4220	0.844	0	2	0	0
4221	0.8442	0	2	0	0
4222	0.8444	0	2	0	0
4223	0.8446	0	2	0	0
4224	0.8448	0	2	0	0
4225	0.845	0	2	0	0
4226	0.8452	0	2	0	0
4227	0.8454	0	2	0	0
4228	0.8456	0	2	0	0
4229	0.8458	0	2	0	0
4230	0.846	0	2	0	0
4231	0.8462	0	2	0	0
4232	0.8464	0	2	0	0
4233	0.8466	0	2	0	0
4234	0.8468	0	2	0	0
4235	0.847	0	2	0	0
4236	0.8472	0	2	0	0
4237	0.8474	0	2	0	0
4238	0.8476	0	2	0	0
4239	0.8478	0	2	0	0
4240	0.848	0	2	0	0
4241	0.8482	0	2	0	0
4242	0.8484	0	2	0	0
4243	0.8486	0	2	0	0
4244	0.8488	0	2	0	0
4245	0.849	0	2	0	0
4246	0.8492	0	2	0	0
4247	0.8494	0	2	0	0
4248	0.8496	0	2	0	0
4249	0.8498	0	2	0	0
4250	0.85	0	2	0	0
4251	0.8502	0	2	0	0
4252	0.8504	0	2	0	0
4253	0.8506	0	2	0	0
4254	0.8508	0	2	0	0
4255	0.851	0	2	0	0
4256	0.8512	0	2	0	0
4257	0.8514	0	2	0	0
4258	0.8516	0	2	0	0
4259	0.8518	0	2	0	0
4260	0.852	0	2	0	0
4261	0.8522	0	2	0	0
4262	0.8524	0	2	0	0
4263	0.8526	0	2	0	0
4264	0.8528	0	2	0	0
4265	0.853	0	2	0	0
4266	0.8532	0	2	0	0
4267	0.8534	0	2	0	0
4268	0.8536	0	2	0	0
4269	0.8538	0	2	0	0
4270	0.854	0	2	0	0
4271	0.8542	0	2	0	0
4272	0.8544	0	2	0	0
4273	0.8546	0	2	0	0
4274	0.8548	0	2	0	0
4275	0.855	0	2	0	0
4276	0.8552	0	2	0	0
4277	0.8554	0	2	0	0
4278	0.8556	0	2	0	0
4279	0.8558	0	2	0	0
4280	0.856	0	2	0	0
4281	0.8562	0	2	0	0
4282	0.8564	0	2	0	0
4283	0.8566	0	2	0	0
4284	0.8568	0	2	0	0
4285	0.857	0	2	0	0
4286	0.8572	0	2	0	0
4287	0.8574	0	2	0	0
4288	0.8576	0	2	0	0
4289	0.8578	0	2	0	0
4290	0.858	0	2	0	0
4291	0.8582	0	2	0	0
4292	0.8584	0	2	0	0
4293	0.8586	0	2	0	0
4294	0.8588	0	2	0	0
4295	0.859	0	2	0	0
4296	0.8592	0	2	0	0
4297	0.8594	0	2	0	0
4298	0.8596	0	2	0	0
4299	0.8598	0	2	0	0
4300	0.86	0	2	0	0
4301	0.8602	0	2	0	0
4302	0.8604	0	2	0	0
4303	0.8606	0	2	0	0
4304	0.8608	0	2	0	0
4305	0.861	0	2	0	0
4306	0.8612	0	2	0	0
4307	0.8614	0	2	0	0
4308	0.8616	0	2	0	0
4309	0.8618	0	2	0	0
4310	0.862	0	2	0	0
4311	0.8622	0	2	0	0
4312	0.8624	0	2	0	0
4313	0.8626	0	2	0	0
4314	0.8628	0	2	0	0
4315	0.863	0	2	0	0
4316	0.8632	0	2	0	0
4317	0.8634	0	2	0	0
4318	0.8636	0	2	0	0
4319	0.8638	0	2	0	0
4320	0.864	0	2	0	0
4321	0.8642	0	2	0	0
4322	0.8644	0	2	0	0
4323	0.8646	0	2	0	0
4324	0.8648	0	2	0	0
4325	0.865	0	2	0	0
4326	0.8652	0	2	0	0
4327	0.8654	0	2	0	0
4328	0.8656	0	2	0	0
4329	0.8658	0	2	0	0
4330	0.866	0	2	0	0
4331	0.8662	0	2	0	0
4332	0.8664	0	2	0	0
4333	0.8666	0	2	0	0
4334	0.8668	0	2	0	0
4335	0.867	0	2	0	0
4336	0.8672	0	2	0	0
4337	0.8674	0	2	0	0
4338	0.8676	0	2	0	0
4339	0.8678	0	2	0	0
4340	0.868	0	2	0	0
4341	0.8682	0	2	0	0
4342	0.8684	0	2	0	0
4343	0.8686	0	2	0	0
4344	0.8688	0	2	0	0
4345	0.869	0	2	0	0
4346	0.8692	0	2	0	0
4347	0.8694	0	2	0	0
4348	0.8696	0	2	0	0
4349	0.8698	0	2	0	0
4350	0.87	0	2	0	0
4351	0.8702	0	2	0	0
4352	0.8704	0	2	0	0
4353	0.8706	0	2	0	0
4354	0.8708	0	2	0	0
4355	0.871	0	2	0	0
4356	0.8712	0	2	0	0
4357	0.8714	0	2	0	0
4358	0.8716	0	2	0	0
4359	0.8718	0	2	0	0
4360	0.872	0	2	0	0
4361	0.8722	0	2	0	0
4362	0.8724	0	2	0	0
4363	0.8726	0	2	0	0
4364	0.8728	0	2	0	0
4365	0.873	0	2	0	0
4366	0.8732	0	2	0	0
4367	0.8734	0	2	0	0
4368	0.8736	0	2	0	0
4369	0.8738	0	2	0	0
4370	0.874	0	2	0	0
4371	0.8742	0	2	0	0
4372	0.8744	0	2	0	0
4373	0.8746	0	2	0	0
4374	0.8748	0	2	0	0
4375	0.875	0	2	0	0
4376	0.8752	0	2	0	0
4377	0.8754	0	2	0	0
4378	0.8756	0	2	0	0
4379	0.8758	0	2	0	0
4380	0.876	0	2	0	0
4381	0.8762	0	2	0	0
4382	0.8764	0	2	0	0
4383	0.8766	0	2	0	0
4384	0.8768	0	2	0	0
4385	0.877	0	2	0	0
4386	0.8772	0	2	0	0
4387	0.8774	0	2	0	0
4388	0.8776	0	2	0	0
4389	0.8778	0	2	0	0
4390	0.878	0	2	0	0
4391	0.8782	0	2	0	0
4392	0.8784	0	2	0	0
4393	0.8786	0	2	0	0
4394	0.8788	0	2	0	0
4395	0.879	0	2	0	0
4396	0.8792	0	2	0	0
4397	0.8794	0	2	0	0
4398	0.8796	0	2	0	0
4399	0.8798	0	2	0	0
4400	0.88	0	2	0	0
4401	0.8802	0	2	0	0
4402	0.8804	0	2	0	0
4403	0.8806	0	2	0	0
4404	0.8808	0	2	0	0
4405	0.881	0	2	0	0
4406	0.8812	0	2	0	0
4407	0.8814	0	2	0	0
4408	0.8816	0	2	0	0
4409	0.8818	0	2	0	0
4410	0.882	0	2	0	0
4411	0.8822	0	2	0	0
4412	0.8824	0	2	0	0
4413	0.8826	0	2	0	0
4414	0.8828	0	2	0	0
4415	0.883	0	2	0	0
4416	0.8832	0	2	0	0
4417	0.8834	0	2	0	0
4418	0.8836	0	2	0	0
4419	0.8838	0	2	0	0
4420	0.884	0	2	0	0
4421	0.8842	0	2	0	0
4422	0.8844	0	2	0	0
4423	0.8846	0	2	0	0
4424	0.8848	0	2	0	0
4425	0.885	0	2	0	0
4426	0.8852	0	2	0	0
4427	0.8854	0	2	0	0
4428	0.8856	0	2	0	0
4429	0.8858	0	2	0	0
4430	0.886	0	2	0	0
4431	0.8862	0	2	0	0
4432	0.8864	0	2	0	0
4433	0.8866	0	2	0	0
4434	0.8868	0	2	0	0
4435	0.887	0	2	0	0
4436	0.8872	0	2	0	0
4437	0.8874	0	2	0	0
4438	0.8876	0	2	0	0
4439	0.8878	0	2	0	0
4440	0.888	0	2	0	0
4441	0.8882	0	2	0	0
4442	0.8884	0	2	0	0
4443	0.8886	0	2	0	0
4444	0.8888	0	2	0	0
4445	0.889	0	2	0	0
4446	0.8892	0	2	0	0
4447	0.8894	0	2	0	0
4448	0.8896	0	2	0	0
4449	0.8898	0	2	0	0
4450	0.89	0	2	0	0
4451	0.8902	0	2	0	0
4452	0.8904	0	2	0	0
4453	0.8906	0	2	0	0
4454	0.8908	0	2	0	0
4455	0.891	0	2	0	0
4456	0.8912	0	2	0	0
4457	0.8914	0	2	0	0
4458	0.8916	0	2	0	0
4459	0.8918	0	2	0	0
4460	0.892	0	2	0	0
4461	0.8922	0	2	0	0
4462	0.8924	0	2	0	0
4463	0.8926	0	2	0	0
4464	0.8928	0	2	0	0
4465	0.893	0	2	0	0
4466	0.8932	0	2	0	0
4467	0.8934	0	2	0	0
4468	0.8936	0	2	0	0
4469	0.8938	0	2	0	0
4470	0.894	0	2	0	0
4471	0.8942	0	2	0	0
4472	0.8944	0	2	0	0
4473	0.8946	0	2	0	0
4474	0.8948	0	2	0	0
4475	0.895	0	2	0	0
4476	0.8952	0	2	0	0
4477	0.8954	0	2	0	0
4478	0.8956	0	2	0	0
4479	0.8958	0	2	0	0
4480	0.896	0	2	0	0
4481	0.8962	0	2	0	0
4482	0.8964	0	2	0	0
4483	0.8966	0	2	0	0
4484	0.8968	0	2	0	0
4485	0.897	0	2	0	0
4486	0.8972	0	2	0	0
4487	0.8974	0	2	0	0
4488	0.8976	0	2	0	0
4489	0.8978	0	2	0	0
4490	0.898	0	2	0	0
4491	0.8982	0	2	0	0
4492	0.8984	0	2	0	0
4493	0.8986	0	2	0	0
4494	0.8988	0	2	0	0
4495	0.899	0	2	0	0
4496	0.8992	0	2	0	0
4497	0.8994	0	2	0	0
4498	0.8996	0	2	0	0
4499	0.8998	0	2	0	0
4500	0.9	0	2	0	0
4501	0.9002	0	2	0	0
4502	0.9004	0	2	0	0
4503	0.9006	0	2	0	0
4504	0.9008	0	2	0	0
4505	0.901	0	2	0	0
4506	0.9012	0	2	0	0
4507	0.9014	0	2	0	0
4508	0.9016	0	2	0	0
4509	0.9018	0	2	0	0
4510	0.902	0	2	0	0
4511	0.9022	0	2	0	0
4512	0.9024	0	2	0	0
4513	0.9026	0	2	0	0
4514	0.9028	0	2	0	0
4515	0.903	0	2	0	0
4516	0.9032	0	2	0	0
4517	0.9034	0	2	0	0
4518	0.9036	0	2	0	0
4519	0.9038	0	2	0	0
4520	0.904	0	2	0	0
4521	0.9042	0	2	0	0
4522	0.9044	0	2	0	0
4523	0.9046	0	2	0	0
4524	0.9048	0	2	0	0
4525	0.905	0	2	0	0
4526	0.9052	0	2	0	0
4527	0.9054	0	2	0	0
4528	0.9056	0	2	0	0
4529	0.9058	0	2	0	0
4530	0.906	0	2	0	0
4531	0.9062	0	2	0	0
4532	0.9064	0	2	0	0
4533	0.9066	0	2	0	0
4534	0.9068	0	2	0	0
4535	0.907	0	2	0	0
4536	0.9072	0	2	0	0
4537	0.9074	0	2	0	0
4538	0.9076	0	2	0	0
4539	0.9078	0	2	0	0
4540	0.908	0	2	0	0
4541	0.9082	0	2	0	0
4542	0.9084	0	2	0	0
4543	0.9086	0	2	0	0
4544	0.9088	0	2	0	0
4545	0.909	0	2	0	0
4546	0.9092	0	2	0	0
4547	0.9094	0	2	0	0
4548	0.9096	0	2	0	0
4549	0.9098	0	2	0	0
4550	0.91	0	2	0	0
4551	0.9102	0	2	0	0
4552	0.9104	0	2	0	0
4553	0.9106	0	2	0	0
4554	0.9108	0	2	0	0
4555	0.911	0	2	0	0
4556	0.9112	0	2	0	0
4557	0.9114	0	2	0	0
4558	0.9116	0	2	0	0
4559	0.9118	0	2	0	0
4560	0.912	0	2	0	0
4561	0.9122	0	2	0	0
4562	0.9124	0	2	0	0
4563	0.9126	0	2	0	0
4564	0.9128	0	2	0	0
4565	0.913	0	2	0	0
4566	0.9132	0	2	0	0
4567	0.9134	0	2	0	0
4568	0.9136	0	2	0	0
4569	0.9138	0	2	0	0
4570	0.914	0	2	0	0
4571	0.9142	0	2	0	0
4572	0.9144	0	2	0	0
4573	0.9146	0	2	0	0
4574	0.9148	0	2	0	0
4575	0.915	0	2	0	0
4576	0.9152	0	2	0	0
4577	0.9154	0	2	0	0
4578	0.9156	0	2	0	0
4579	0.9158	0	2	0	0
4580	0.916	0	2	0	0
4581	0.9162	0	2	0	0
4582	0.9164	0	2	0	0
4583	0.9166	0	2	0	0
4584	0.9168	0	2	0	0
4585	0.917	0	2	1	0
4586	0.9172	0	2	1	0
4587	0.9174	0	2	1	0
4588	0.9176	0	2	1	0
4589	0.9178	0	2	1	0
4590	0.918	0	2	1	0
4591	0.9182	0	2	1	0
4592	0.9184	0	2	1	0
4593	0.9186	0	2	1	0
4594	0.9188	0	2	1	0
4595	0.919	0	2	1	0
4596	0.9192	0	2	1	0
4597	0.9194	0	2	1	0
4598	0.9196	0	2	1	0
4599	0.9198	0	2	1	0
4600	0.92	0	2	1	0
4601	0.9202	0	2	1	0
4602	0.9204	0	2	1	0
4603	0.9206	0	2	1	0
4604	0.9208	0	2	1	0
4605	0.921	0	2	1	0
4606	0.9212	0	2	1	0
4607	0.9214	0	2	1	0
4608	0.9216	0	2	1	0
4609	0.9218	0	2	1	0
4610	0.922	0	2	1	0
4611	0.9222	0	2	1	0
4612	0.9224	0	2	1	0
4613	0.9226	0	2	1	0
4614	0.9228	0	2	1	0
4615	0.923	0	2	1	0
4616	0.9232	0	2	1	0
4617	0.9234	0	2	1	0
4618	0.9236	0	2	1	0
4619	0.9238	0	2	1	0
4620	0.924	0	2	1	0
4621	0.9242	0	2	1	0
4622	0.9244	0	2	1	0
4623	0.9246	0	2	1	0
4624	0.9248	0	2	1	0
4625	0.925	0	2	2	0
4626	0.9252	0	2	2	0
4627	0.9254	0	2	2	0
4628	0.9256	0	2	2	0
4629	0.9258	0	2	2	0
4630	0.926	0	2	2	0
4631	0.9262	0	2	2	0
4632	0.9264	0	2	2	0
4633	0.9266	0	2	2	0
4634	0.9268	0	2	2	0
4635	0.927	0	2	2	0
4636	0.9272	0	2	2	0
4637	0.9274	0	2	2	0
4638	0.9276	0	2	2	0
4639	0.9278	0	2	2	0
4640	0.928	0	2	2	0
4641	0.9282	0	2	2	0
4642	0.9284	0	2	2	0
4643	0.9286	0	2	2	0
4644	0.9288	0	2	2	0
4645	0.929	0	2	2	0
4646	0.9292	0	2	2	0
4647	0.9294	0	2	2	0
4648	0.9296	0	2	2	0
4649	0.9298	0	2	2	0
4650	0.93	0	2	2	0
4651	0.9302	0	2	2	0
4652	0.9304	0	2	2	0
4653	0.9306	0	2	2	0
4654	0.9308	0	2	2	0
4655	0.931	0	2	2	0
4656	0.9312	0	2	2	0
4657	0.9314	0	2	2	0
4658	0.9316	0	2	2	0
4659	0.9318	0	2	2	0
4660	0.932	0	2	2	0
4661	0.9322	0	2	2	0
4662	0.9324	0	2	2	0
4663	0.9326	0	2	2	0
4664	0.9328	0	2	2	0
4665	0.933	0	2	2	0
4666	0.9332	0	2	2	0
4667	0.9334	0	2	2	0
4668	0.9336	0	2	2	0
4669	0.9338	0	2	2	0
4670	0.934	0	2	2	0
4671	0.9342	0	2	2	0
4672	0.9344	0	2	2	0
4673	0.9346	0	2	2	0
4674	0.9348	0	2	2	0
4675	0.935	0	2	2	0
4676	0.9352	0	2	2	0
4677	0.9354	0	2	2	0
4678	0.9356	0	2	2	0
4679	0.9358	0	2	2	0
4680	0.936	0	2	2	0
4681	0.9362	0	2	2	0
4682	0.9364	0	2	2	0
4683	0.9366	0	2	2	0
4684	0.9368	0	2	2	0
4685	0.937	0	2	2	0
4686	0.9372	0	2	2	0
4687	0.9374	0	2	2	0
4688	0.9376	0	2	2	0
4689	0.9378	0	2	2	0
4690	0.938	0	2	2	0
4691	0.9382	0	2	2	0
4692	0.9384	0	2	2	0
4693	0.9386	0	2	2	0
4694	0.9388	0	2	2	0
4695	0.939	0	2	2	0
4696	0.9392	0	2	2	0
4697	0.9394	0	2	2	0
4698	0.9396	0	2	2	0
4699	0.9398	0	2	2	0
4700	0.94	0	2	2	0
4701	0.9402	0	2	2	0
4702	0.9404	0	2	2	0
4703	0.9406	0	2	2	0
4704	0.9408	0	2	2	0
4705	0.941	0	2	2	0
4706	0.9412	0	2	2	0
4707	0.9414	0	2	2	0
4708	0.9416	0	2	2	0
4709	0.9418	0	2	2	0
4710	0.942	0	2	2	0
4711	0.9422	0	2	2	0
4712	0.9424	0	2	2	0
4713	0.9426	0	2	2	0
4714	0.9428	0	2	2	0
4715	0.943	0	2	2	0
4716	0.9432	0	2	2	0
4717	0.9434	0	2	2	0
4718	0.9436	0	2	2	0
4719	0.9438	0	2	2	0
4720	0.944	0	2	2	0
4721	0.9442	0	2	2	0
4722	0.9444	0	2	2	0
4723	0.9446	0	2	2	0
4724	0.9448	0	2	2	0
4725	0.945	0	2	2	0
4726	0.9452	0	2	2	0
4727	0.9454	0	2	2	0
4728	0.9456	0	2	2	0
4729	0.9458	0	2	2	0
4730	0.946	0	2	2	0
4731	0.9462	0	2	2	0
4732	0.9464	0	2	2	0
4733	0.9466	0	2	2	0
4734	0.9468	0	2	2	0
4735	0.947	0	2	2	0
4736	0.9472	0	2	2	0
4737	0.9474	0	2	2	0
4738	0.9476	0	2	2	0
4739	0.9478	0	2	2	0
4740	0.948	0	2	2	0
4741	0.9482	0	2	2	0
4742	0.9484	0	2	2	0
4743	0.9486	0	2	2	0
4744	0.9488	0	2	2	0
4745	0.949	0	2	2	0
4746	0.9492	0	2	2	0
4747	0.9494	0	2	2	0
4748	0.9496	0	2	2	0
4749	0.9498	0	2	2	0
4750	0.95	0	2	2	0
4751	0.9502	0	2	2	0
4752	0.9504	0	2	2	0
4753	0.9506	0	2	2	0
4754	0.9508	0	2	2	0
4755	0.951	0	2	2	0
4756	0.9512	0	2	2	0
4757	0.9514	0	2	2	0
4758	0.9516	0	2	2	0
4759	0.9518	0	2	2	0
4760	0.952	0	2	2	0
4761	0.9522	0	2	2	0
4762	0.9524	0	2	2	0
4763	0.9526	0	2	2	0
4764	0.9528	0	2	2	0
4765	0.953	0	2	2	0
4766	0.9532	0	2	2	0
4767	0.9534	0	2	2	0
4768	0.9536	0	2	2	0
4769	0.9538	0	2	2	0
4770	0.954	0	2	2	0
4771	0.9542	0	2	2	0
4772	0.9544	0	2	2	0
4773	0.9546	0	2	2	0
4774	0.9548	0	2	2	0
4775	0.955	0	2	2	0
4776	0.9552	0	2	2	0
4777	0.9554	0	2	2	0
4778	0.9556	0	2	2	0
4779	0.9558	0	2	2	0
4780	0.956	0	2	2	0
4781	0.9562	0	2	2	0
4782	0.9564	0	2	2	0
4783	0.9566	0	2	2	0
4784	0.9568	0	2	2	0
4785	0.957	0	2	2	0
4786	0.9572	0	2	2	0
4787	0.9574	0	2	2	0
4788	0.9576	0	2	2	0
4789	0.9578	0	2	2	0
4790	0.958	0	2	2	0
4791	0.9582	0	2	2	0
4792	0.9584	0	2	2	0
4793	0.9586	0	2	2	0
4794	0.9588	0	2	2	0
4795	0.959	0	2	2	0
4796	0.9592	0	2	2	0
4797	0.9594	0	2	2	0
4798	0.9596	0	2	2	0
4799	0.9598	0	2	2	0
4800	0.96	0	2	2	0
4801	0.9602	0	2	2	0
4802	0.9604	0	2	2	0
4803	0.9606	0	2	2	0
4804	0.9608	0	2	2	0
4805	0.961	0	2	2	0
4806	0.9612	0	2	2	0
4807	0.9614	0	2	2	0
4808	0.9616	0	2	2	0
4809	0.9618	0	2	2	0
4810	0.962	0	2	2	0
4811	0.9622	0	2	2	0
4812	0.9624	0	2	2	0
4813	0.9626	0	2	2	0
4814	0.9628	0	2	2	0
4815	0.963	0	2	2	0
4816	0.9632	0	2	2	0
4817	0.9634	0	2	2	0
4818	0.9636	0	2	2	0
4819	0.9638	0	2	2	0
4820	0.964	0	2	2	0
4821	0.9642	0	2	2	0
4822	0.9644	0	2	2	0
4823	0.9646	0	2	2	0
4824	0.9648	0	2	2	0
4825	0.965	0	2	2	0
4826	0.9652	0	2	2	0
4827	0.9654	0	2	2	0
4828	0.9656	0	2	2	0
4829	0.9658	0	2	2	0
4830	0.966	0	2	2	0
4831	0.9662	0	2	2	0
4832	0.9664	0	2	2	0
4833	0.9666	0	2	2	0
4834	0.9668	0	2	2	0
4835	0.967	0	2	2	0
4836	0.9672	0	2	2	0
4837	0.9674	0	2	2	0
4838	0.9676	0	2	2	0
4839	0.9678	0	2	2	0
4840	0.968	0	2	2	0
4841	0.9682	0	2	2	0
4842	0.9684	0	2	2	0
4843	0.9686	0	2	2	0
4844	0.9688	0	2	2	0
4845	0.969	0	2	2	0
4846	0.9692	0	2	2	0
4847	0.9694	0	2	2	0
4848	0.9696	0	2	2	0
4849	0.9698	0	2	2	0
4850	0.97	0	2	2	0
4851	0.9702	0	2	2	0
4852	0.9704	0	2	2	0
4853	0.9706	0	2	2	0
4854	0.9708	0	2	2	0
4855	0.971	0	2	2	0
4856	0.9712	0	2	2	0
4857	0.9714	0	2	2	0
4858	0.9716	0	2	2	0
4859	0.9718	0	2	2	0
4860	0.972	0	2	2	0
4861	0.9722	0	2	2	0
4862	0.9724	0	2	2	0
4863	0.9726	0	2	2	0
4864	0.9728	0	2	2	0
4865	0.973	0	2	2	0
4866	0.9732	0	2	2	0
4867	0.9734	0	2	2	0
4868	0.9736	0	2	2	0
4869	0.9738	0	2	2	0
4870	0.974	0	2	2	0
4871	0.9742	0	2	2	0
4872	0.9744	0	2	2	0
4873	0.9746	0	2	2	0
4874	0.9748	0	2	2	0
4875	0.975	0	2	2	0
4876	0.9752	0	2	2	0
4877	0.9754	0	2	2	0
4878	0.9756	0	2	2	0
4879	0.9758	0	2	2	0
4880	0.976	0	2	2	0
4881	0.9762	0	2	2	0
4882	0.9764	0	2	2	0
4883	0.9766	0	2	2	0
4884	0.9768	0	2	2	0
4885	0.977	0	2	2	0
4886	0.9772	0	2	2	0
4887	0.9774	0	2	2	0
4888	0.9776	0	2	2	0
4889	0.9778	0	2	2	0
4890	0.978	0	2	2	0
4891	0.9782	0	2	2	0
4892	0.9784	0	2	2	0
4893	0.9786	0	2	2	0
4894	0.9788	0	2	2	0
4895	0.979	0	2	2	0
4896	0.9792	0	2	2	0
4897	0.9794	0	2	2	0
4898	0.9796	0	2	2	0
4899	0.9798	0	2	2	0
4900	0.98	0	2	2	0
4901	0.9802	0	2	2	0
4902	0.9804	0	2	2	0
4903	0.9806	0	2	2	0
4904	0.9808	0	2	2	0
4905	0.981	0	2	2	0
4906	0.9812	0	2	2	0
4907	0.9814	0	2	2	0
4908	0.9816	0	2	2	0
4909	0.9818	0	2	2	0
4910	0.982	0	2	2	0
4911	0.9822	0	2	2	0
4912	0.9824	0	2	2	0
4913	0.9826	0	2	2	0
4914	0.9828	0	2	2	0
4915	0.983	0	2	2	0
4916	0.9832	0	2	2	0
4917	0.9834	0	2	2	0
4918	0.9836	0	2	2	0
4919	0.9838	0	2	2	0
4920	0.984	0	2	2	0
4921	0.9842	0	2	2	0
4922	0.9844	0	2	2	0
4923	0.9846	0	2	2	0
4924	0.9848	0	2	2	0
4925	0.985	0	2	2	0
4926	0.9852	0	2	2	0
4927	0.9854	0	2	2	0
4928	0.9856	0	2	2	0
4929	0.9858	0	2	2	0
4930	0.986	0	2	2	0
4931	0.9862	0	2	2	0
4932	0.9864	0	2	2	0
4933	0.9866	0	2	2	0
4934	0.9868	0	2	2	0
4935	0.987	0	2	2	0
4936	0.9872	0	2	2	0
4937	0.9874	0	2	2	0
4938	0.9876	0	2	2	0
4939	0.9878	0	2	2	0
4940	0.988	0	2	2	0
4941	0.9882	0	2	2	0
4942	0.9884	0	2	2	0
4943	0.9886	0	2	2	0
4944	0.9888	0	2	2	0
4945	0.989	0	2	2	0
4946	0.9892	0	2	2	0
4947	0.9894	0	2	2	0
4948	0.9896	0	2	2	0
4949	0.9898	0	2	2	0
4950	0.99	0	2	2	0
4951	0.9902	0	2	2	0
4952	0.9904	0	2	2	0
4953	0.9906	0	2	2	0
4954	0.9908	0	2	2	0
4955	0.991	0	2	2	0
4956	0.9912	0	2	2	0
4957	0.9914	0	2	2	0
4958	0.9916	0	2	2	0
4959	0.9918	0	2	2	0
4960	0.992	0	2	2	0
4961	0.9922	0	2	2	0
4962	0.9924	0	2	2	0
4963	0.9926	0	2	2	0
4964	0.9928	0	2	2	0
4965	0.993	0	2	2	0
4966	0.9932	0	2	2	0
4967	0.9934	0	2	2	0
4968	0.9936	0	2	2	0
4969	0.9938	0	2	2	0
4970	0.994	0	2	2	0
4971	0.9942	0	2	2	0
4972	0.9944	0	2	2	0
4973	0.9946	0	2	2	0
4974	0.9948	0	2	2	0
4975	0.995	0	2	2	0
4976	0.9952	0	2	2	0
4977	0.9954	0	2	2	0
4978	0.9956	0	2	2	0
4979	0.9958	0	2	2	0
4980	0.996	0	2	2	0
4981	0.9962	0	2	2	0
4982	0.9964	0	2	2	0
4983	0.9966	0	2	2	0
4984	0.9968	0	2	2	0
4985	0.997	0	2	2	0
4986	0.9972	0	2	2	0
4987	0.9974	0	2	2	0
4988	0.9976	0	2	2	0
4989	0.9978	0	2	2	0
4990	0.998	0	2	2	0
4991	0.9982	0	2	2	0
4992	0.9984	0	2	2	0
4993	0.9986	0	2	2	0
4994	0.9988	0	2	2	0
4995	0.999	0	2	2	0
4996	0.9992	0	2	2	0
4997	0.9994	0	2	2	0
4998	0.9996	0	2	2	0
4999	0.9998	0	2	2	0
5000	1	0	2	2	0
5001	1.0002	0	2	2	0
5002	1.0004	0	2	2	0
5003	1.0006	0	2	2	0
5004	1.0008	0	2	2	0
5005	1.001	0	2	2	0
5006	1.0012	0	2	2	0
5007	1.0014	0	2	2	0
5008	1.0016	0	2	2	0
5009	1.0018	0	2	2	0
5010	1.002	0	2	2	0
5011	1.0022	0	2	2	0
5012	1.0024	0	2	2	0
5013	1.0026	0	2	2	0
5014	1.0028	0	2	2	0
5015	1.003	0	2	2	0
5016	1.0032	0	2	2	0
5017	1.0034	0	2	2	0
5018	1.0036	0	2	2	0
5019	1.0038	0	2	2	0
5020	1.004	0	2	2	0
5021	1.0042	0	2	2	0
5022	1.0044	0	2	2	0
5023	1.0046	0	2	2	0
5024	1.0048	0	2	2	0
5025	1.005	0	2	2	0
5026	1.0052	0	2	2	0
5027	1.0054	0	2	2	0
5028	1.0056	0	2	2	0
5029	1.0058	0	2	2	0
5030	1.006	0	2	2	0
5031	1.0062	0	2	2	0
5032	1.0064	0	2	2	0
5033	1.0066	0	2	2	0
5034	1.0068	0	2	2	0
5035	1.007	0	2	2	0
5036	1.0072	0	2	2	0
5037	1.0074	0	2	2	0
5038	1.0076	0	2	2	0
5039	1.0078	0	2	2	0
5040	1.008	0	2	2	0
5041	1.0082	0	2	2	0
5042	1.0084	0	2	2	0
5043	1.0086	0	2	2	0
5044	1.0088	0	2	2	0
5045	1.009	0	2	2	0
5046	1.0092	0	2	2	0
5047	1.0094	0	2	2	0
5048	1.0096	0	2	2	0
5049	1.0098	0	2	2	0
5050	1.01	0	2	2	0
5051	1.0102	0	2	2	0
5052	1.0104	0	2	2	0
5053	1.0106	0	2	2	0
5054	1.0108	0	2	2	0
5055	1.011	0	2	2	0
5056	1.0112	0	2	2	0
5057	1.0114	0	2	2	0
5058	1.0116	0	2	2	0
5059	1.0118	0	2	2	0
5060	1.012	0	2	2	0
5061	1.0122	0	2	2	0
5062	1.0124	0	2	2	0
5063	1.0126	0	2	2	0
5064	1.0128	0	2	2	0
5065	1.013	0	2	2	0
5066	1.0132	0	2	2	0
5067	1.0134	0	2	2	0
5068	1.0136	0	2	2	0
5069	1.0138	0	2	2	0
5070	1.014	0	2	2	0
5071	1.0142	0	2	2	0
5072	1.0144	0	2	2	0
5073	1.0146	0	2	2	0
5074	1.0148	0	2	2	0
5075	1.015	0	2	2	0
5076	1.0152	0	2	2	0
5077	1.0154	0	2	2	0
5078	1.0156	0	2	2	0
5079	1.0158	0	2	2	0
5080	1.016	0	2	2	0
5081	1.0162	0	2	2	0
5082	1.0164	0	2	2	0
5083	1.0166	0	2	2	0
5084	1.0168	0	2	2	0
5085	1.017	0	2	2	0
5086	1.0172	0	2	2	0
5087	1.0174	0	2	2	0
5088	1.0176	0	2	2	0
5089	1.0178	0	2	2	0
5090	1.018	0	2	2	0
5091	1.0182	0	2	2	0
5092	1.0184	0	2	2	0
5093	1.0186	0	2	2	0
5094	1.0188	0	2	2	0
5095	1.019	0	2	2	0
5096	1.0192	0	2	2	0
5097	1.0194	0	2	2	0
5098	1.0196	0	2	2	0
5099	1.0198	0	2	2	0
5100	1.02	0	2	2	0
5101	1.0202	0	2	2	0
5102	1.0204	0	2	2	0
5103	1.0206	0	2	2	0
5104	1.0208	0	2	2	0
5105	1.021	0	2	2	0
5106	1.0212	0	2	2	0
5107	1.0214	0	2	2	0
5108	1.0216	0	2	2	0
5109	1.0218	0	2	2	0
5110	1.022	0	2	2	0
5111	1.0222	0	2	2	0
5112	1.0224	0	2	2	0
5113	1.0226	0	2	2	0
5114	1.0228	0	2	2	0
5115	1.023	0	2	2	0
5116	1.0232	0	2	2	0
5117	1.0234	0	2	2	0
5118	1.0236	0	2	2	0
5119	1.0238	0	2	2	0
5120	1.024	0	2	2	0
5121	1.0242	0	2	2	0
5122	1.0244	0	2	2	0
5123	1.0246	0	2	2	0
5124	1.0248	0	2	2	0
5125	1.025	0	2	2	0
5126	1.0252	0	2	2	0
5127	1.0254	0	2	2	0
5128	1.0256	0	2	2	0
5129	1.0258	0	2	2	0
5130	1.026	0	2	2	0
5131	1.0262	0	2	2	0
5132	1.0264	0	2	2	0
5133	1.0266	0	2	2	0
5134	1.0268	0	2	2	0
5135	1.027	0	2	2	0
5136	1.0272	0	2	2	0
5137	1.0274	0	2	2	0
5138	1.0276	0	2	2	0
5139	1.0278	0	2	2	0
5140	1.028	0	2	2	0
5141	1.0282	0	2	2	0
5142	1.0284	0	2	2	0
5143	1.0286	0	2	2	0
5144	1.0288	0	2	2	0
5145	1.029	0	2	2	0
5146	1.0292	0	2	2	0
5147	1.0294	0	2	2	0
5148	1.0296	0	2	2	0
5149	1.0298	0	2	2	0
5150	1.03	0	2	2	0
5151	1.0302	0	2	2	0
5152	1.0304	0	2	2	0
5153	1.0306	0	2	2	0
5154	1.0308	0	2	2	0
5155	1.031	0	2	2	0
5156	1.0312	0	2	2	0
5157	1.0314	0	2	2	0
5158	1.0316	0	2	2	0
5159	1.0318	0	2	2	0
5160	1.032	0	2	2	0
5161	1.0322	0	2	2	0
5162	1.0324	0	2	2	0
5163	1.0326	0	2	2	0
5164	1.0328	0	2	2	0
5165	1.033	0	2	2	0
5166	1.0332	0	2	2	0
5167	1.0334	0	2	2	0
5168	1.0336	0	2	2	0
5169	1.0338	0	2	2	0
5170	1.034	0	2	2	0
5171	1.0342	0	2	2	0
5172	1.0344	0	2	2	0
5173	1.0346	0	2	2	0
5174	1.0348	0	2	2	0
5175	1.035	0	2	2	0
5176	1.0352	0	2	2	0
5177	1.0354	0	2	2	0
5178	1.0356	0	2	2	0
5179	1.0358	0	2	2	0
5180	1.036	0	2	2	0
5181	1.0362	0	2	2	0
5182	1.0364	0	2	2	0
5183	1.0366	0	2	2	0
5184	1.0368	0	2	2	0
5185	1.037	0	2	2	0
5186	1.0372	0	2	2	0
5187	1.0374	0	2	2	0
5188	1.0376	0	2	2	0
5189	1.0378	0	2	2	0
5190	1.038	0	2	2	0
5191	1.0382	0	2	2	0
5192	1.0384	0	2	2	0
5193	1.0386	0	2	2	0
5194	1.0388	0	2	2	0
5195	1.039	0	2	2	0
5196	1.0392	0	2	2	0
5197	1.0394	0	2	2	0
5198	1.0396	0	2	2	0
5199	1.0398	0	2	2	0
5200	1.04	0	2	2	0
5201	1.0402	0	2	2	0
5202	1.0404	0	2	2	0
5203	1.0406	0	2	2	0
5204	1.0408	0	2	2	0
5205	1.041	0	2	2	0
5206	1.0412	0	2	2	0
5207	1.0414	0	2	2	0
5208	1.0416	0	2	2	0
5209	1.0418	0	2	2	0
5210	1.042	0	2	2	0
5211	1.0422	0	2	2	0
5212	1.0424	0	2	2	0
5213	1.0426	0	2	2	0
5214	1.0428	0	2	2	0
5215	1.043	0	2	2	0
5216	1.0432	0	2	2	0
5217	1.0434	0	2	2	0
5218	1.0436	0	2	2	0
5219	1.0438	0	2	2	0
5220	1.044	0	2	2	0
5221	1.0442	0	2	2	0
5222	1.0444	0	2	2	0
5223	1.0446	0	2	2	0
5224	1.0448	0	2	2	0
5225	1.045	0	2	2	0
5226	1.0452	0	2	2	0
5227	1.0454	0	2	2	0
5228	1.0456	0	2	2	0
5229	1.0458	0	2	2	0
5230	1.046	0	2	2	0
5231	1.0462	0	2	2	0
5232	1.0464	0	2	2	0
5233	1.0466	0	2	2	0
5234	1.0468	0	2	2	0
5235	1.047	0	2	2	0
5236	1.0472	0	2	2	0
5237	1.0474	0	2	2	0
5238	1.0476	0	2	2	0
5239	1.0478	0	2	2	0
5240	1.048	0	1	2	0
5241	1.0482	0	1	2	0
5242	1.0484	0	1	2	0
5243	1.0486	0	1	2	0
5244	1.0488	0	1	2	0
5245	1.049	0	1	2	0
5246	1.0492	0	1	2	0
5247	1.0494	0	1	2	0
5248	1.0496	0	1	2	0
5249	1.0498	0	1	2	0
5250	1.05	0	1	2	0
5251	1.0502	0	1	2	0
5252	1.0504	0	1	2	0
5253	1.0506	0	1	2	0
5254	1.0508	0	1	2	0
5255	1.051	0	1	2	0
5256	1.0512	0	1	2	0
5257	1.0514	0	1	2	0
5258	1.0516	0	1	2	0
5259	1.0518	0	1	2	0
5260	1.052	0	1	2	0
5261	1.0522	0	1	2	0
5262	1.0524	0	1	2	0
5263	1.0526	0	1	2	0
5264	1.0528	0	1	2	0
5265	1.053	0	1	2	0
5266	1.0532	0	1	2	0
5267	1.0534	0	1	2	0
5268	1.0536	0	1	2	0
5269	1.0538	0	1	2	0
5270	1.054	0	1	2	0
5271	1.0542	0	1	2	0
5272	1.0544	0	1	2	0
5273	1.0546	0	1	2	0
5274	1.0548	0	1	2	0
5275	1.055	0	1	2	0
5276	1.0552	0	1	2	0
5277	1.0554	0	1	2	0
5278	1.0556	0	1	2	0
5279	1.0558	0	1	2	0
5280	1.056	0	1	2	0
5281	1.0562	0	1	2	0
5282	1.0564	0	1	2	0
5283	1.0566	0	1	2	0
5284	1.0568	0	1	2	0
5285	1.057	0	1	2	0
5286	1.0572	0	1	2	0
5287	1.0574	0	1	2	0
5288	1.0576	0	1	2	0
5289	1.0578	0	1	2	0
5290	1.058	0	1	2	0
5291	1.0582	0	1	2	0
5292	1.0584	0	1	2	0
5293	1.0586	0	1	2	0
5294	1.0588	0	1	2	0
5295	1.059	0	1	2	0
5296	1.0592	0	1	2	0
5297	1.0594	0	1	2	0
5298	1.0596	0	1	2	0
5299	1.0598	0	1	2	0
5300	1.06	0	1	2	0
5301	1.0602	0	1	2	0
5302	1.0604	0	1	2	0
5303	1.0606	0	1	2	0
5304	1.0608	0	1	2	0
5305	1.061	0	1	2	0
5306	1.0612	0	1	2	0
5307	1.0614	0	1	2	0
5308	1.0616	0	1	2	0
5309	1.0618	0	1	2	0
5310	1.062	0	1	2	0
5311	1.0622	0	1	2	0
5312	1.0624	0	1	2	0
5313	1.0626	0	1	2	0
5314	1.0628	0	1	2	0
5315	1.063	0	1	2	0
5316	1.0632	0	1	2	0
5317	1.0634	0	1	2	0
5318	1.0636	0	1	2	0
5319	1.0638	0	1	2	0
5320	1.064	0	1	2	0
5321	1.0642	0	1	2	0
5322	1.0644	0	1	2	0
5323	1.0646	0	1	2	0
5324	1.0648	0	1	2	0
5325	1.065	0	1	2	0
5326	1.0652	0	1	2	0
5327	1.0654	0	1	2	0
5328	1.0656	0	1	2	0
5329	1.0658	0	1	2	0
5330	1.066	0	1	2	0
5331	1.0662	0	1	2	0
5332	1.0664	0	1	2	0
5333	1.0666	0	1	2	0
5334	1.0668	0	1	2	0
5335	1.067	0	1	2	0
5336	1.0672	0	1	2	0
5337	1.0674	0	1	2	0
5338	1.0676	0	1	2	0
5339	1.0678	0	1	2	0
5340	1.068	0	1	2	0
5341	1.0682	0	1	2	0
5342	1.0684	0	1	2	0
5343	1.0686	0	1	2	0
5344	1.0688	0	1	2	0
5345	1.069	0	1	2	0
5346	1.0692	0	1	2	0
5347	1.0694	0	1	2	0
5348	1.0696	0	1	2	0
5349	1.0698	0	1	2	0
5350	1.07	0	1	2	0
5351	1.0702	0	1	2	0
5352	1.0704	0	1	2	0
5353	1.0706	0	1	2	0
5354	1.0708	0	1	2	0
5355	1.071	0	1	2	0
5356	1.0712	0	1	2	0
5357	1.0714	0	1	2	0
5358	1.0716	0	1	2	0
5359	1.0718	0	1	2	0
5360	1.072	0	0	2	0
5361	1.0722	0	0	2	0
5362	1.0724	0	0	2	0
5363	1.0726	0	0	2	0
5364	1.0728	0	0	2	0
5365	1.073	0	0	2	0
5366	1.0732	0	0	2	0
5367	1.0734	0	0	2	0
5368	1.0736	0	0	2	0
5369	1.0738	0	0	2	0
5370	1.074	0	0	2	0
5371	1.0742	0	0	2	0
5372	1.0744	0	0	2	0
5373	1.0746	0	0	2	0
5374	1.0748	0	0	2	0
5375	1.075	0	0	2	0
5376	1.0752	0	0	2	0
5377	1.0754	0	0	2	0
5378	1.0756	0	0	2	0
5379	1.0758	0	0	2	0
5380	1.076	0	0	2	0
5381	1.0762	0	0	2	0
5382	1.0764	0	0	2	0
5383	1.0766	0	0	2	0
5384	1.0768	0	0	2	0
5385	1.077	0	0	2	0
5386	1.0772	0	0	2	0
5387	1.0774	0	0	2	0
5388	1.0776	0	0	2	0
5389	1.0778	0	0	2	0
5390	1.078	0	0	2	0
5391	1.0782	0	0	2	0
5392	1.0784	0	0	2	0
5393	1.0786	0	0	2	0
5394	1.0788	0	0	2	0
5395	1.079	0	0	2	0
5396	1.0792	0	0	2	0
5397	1.0794	0	0	2	0
5398	1.0796	0	0	2	0
5399	1.0798	0	0	2	0
5400	1.08	0	0	2	0
5401	1.0802	0	0	2	0
5402	1.0804	0	0	2	0
5403	1.0806	0	0	2	0
5404	1.0808	0	0	2	0
5405	1.081	0	0	2	0
5406	1.0812	0	0	2	0
5407	1.0814	0	0	2	0
5408	1.0816	0	0	2	0
5409	1.0818	0	0	2	0
5410	1.082	0	0	2	0
5411	1.0822	0	0	2	0
5412	1.0824	0	0	2	0
5413	1.0826	0	0	2	0
5414	1.0828	0	0	2	0
5415	1.083	0	0	2	0
5416	1.0832	0	0	2	0
5417	1.0834	0	0	2	0
5418	1.0836	0	0	2	0
5419	1.0838	0	0	2	0
5420	1.084	0	0	2	0
5421	1.0842	0	0	2	0
5422	1.0844	0	0	2	0
5423	1.0846	0	0	2	0
5424	1.0848	0	0	2	0
5425	1.085	0	0	2	0
5426	1.0852	0	0	2	0
5427	1.0854	0	0	2	0
5428	1.0856	0	0	2	0
5429	1.0858	0	0	2	0
5430	1.086	0	0	2	0
5431	1.0862	0	0	2	0
5432	1.0864	0	0	2	0
5433	1.0866	0	0	2	0
5434	1.0868	0	0	2	0
5435	1.087	0	0	2	0
5436	1.0872	0	0	2	0
5437	1.0874	0	0	2	0
5438	1.0876	0	0	2	0
5439	1.0878	0	0	2	0
5440	1.088	0	0	2	0
5441	1.0882	0	0	2	0
5442	1.0884	0	0	2	0
5443	1.0886	0	0	2	0
5444	1.0888	0	0	2	0
5445	1.089	0	0	2	0
5446	1.0892	0	0	2	0
5447	1.0894	0	0	2	0
5448	1.0896	0	0	2	0
5449	1.0898	0	0	2	0
5450	1.09	0	0	2	0
5451	1.0902	0	0	2	0
5452	1.0904	0	0	2	0
5453	1.0906	0	0	2	0
5454	1.0908	0	0	2	0
5455	1.091	0	0	2	0
5456	1.0912	0	0	2	0
5457	1.0914	0	0	2	0
5458	1.0916	0	0	2	0
5459	1.0918	0	0	2	0
5460	1.092	0	0	2	0
5461	1.0922	0	0	2	0
5462	1.0924	0	0	2	0
5463	1.0926	0	0	2	0
5464	1.0928	0	0	2	0
5465	1.093	0	0	2	0
5466	1.0932	0	0	2	0
5467	1.0934	0	0	2	0
5468	1.0936	0	0	2	0
5469	1.0938	0	0	2	0
5470	1.094	0	0	2	0
5471	1.0942	0	0	2	0
5472	1.0944	0	0	2	0
5473	1.0946	0	0	2	0
5474	1.0948	0	0	2	0
5475	1.095	0	0	2	0
5476	1.0952	0	0	2	0
5477	1.0954	0	0	2	0
5478	1.0956	0	0	2	0
5479	1.0958	0	0	2	0
5480	1.096	0	0	2	0
5481	1.0962	0	0	2	0
5482	1.0964	0	0	2	0
5483	1.0966	0	0	2	0
5484	1.0968	0	0	2	0
5485	1.097	0	0	2	0
5486	1.0972	0	0	2	0
5487	1.0974	0	0	2	0
5488	1.0976	0	0	2	0
5489	1.0978	0	0	2	0
5490	1.098	0	0	2	0
5491	1.0982	0	0	2	0
5492	1.0984	0	0	2	0
5493	1.0986	0	0	2	0
5494	1.0988	0	0	2	0
5495	1.099	0	0	2	0
5496	1.0992	0	0	2	0
5497	1.0994	0	0	2	0
5498	1.0996	0	0	2	0
5499	1.0998	0	0	2	0
5500	1.1	0	0	2	0
5501	1.1002	0	0	2	0
5502	1.1004	0	0	2	0
5503	1.1006	0	0	2	0
5504	1.1008	0	0	2	0
5505	1.101	0	0	2	0
5506	1.1012	0	0	2	0
5507	1.1014	0	0	2	0
5508	1.1016	0	0	2	0
5509	1.1018	0	0	2	0
5510	1.102	0	0	2	0
5511	1.1022	0	0	2	0
5512	1.1024	0	0	2	0
5513	1.1026	0	0	2	0
5514	1.1028	0	0	2	0
5515	1.103	0	0	2	0
5516	1.1032	0	0	2	0
5517	1.1034	0	0	2	0
5518	1.1036	0	0	2	0
5519	1.1038	0	0	2	0
5520	1.104	0	0	2	0
5521	1.1042	0	0	2	0
5522	1.1044	0	0	2	0
5523	1.1046	0	0	2	0
5524	1.1048	0	0	2	0
5525	1.105	0	0	2	0
5526	1.1052	0	0	2	0
5527	1.1054	0	0	2	0
5528	1.1056	0	0	2	0
5529	1.1058	0	0	2	0
5530	1.106	0	0	2	0
5531	1.1062	0	0	2	0
5532	1.1064	0	0	2	0
5533	1.1066	0	0	2	0
5534	1.1068	0	0	2	0
5535	1.107	0	0	2	0
5536	1.1072	0	0	2	0
5537	1.1074	0	0	2	0
5538	1.1076	0	0	2	0
5539	1.1078	0	0	2	0
5540	1.108	0	0	2	0
5541	1.1082	0	0	2	0
5542	1.1084	0	0	2	0
5543	1.1086	0	0	2	0
5544	1.1088	0	0	2	0
5545	1.109	0	0	2	0
5546	1.1092	0	0	2	0
5547	1.1094	0	0	2	0
5548	1.1096	0	0	2	0
5549	1.1098	0	0	2	0
5550	1.11	0	0	2	0
5551	1.1102	0	0	2	0
5552	1.1104	0	0	2	0
5553	1.1106	0	0	2	0
5554	1.1108	0	0	2	0
5555	1.111	0	0	2	0
5556	1.1112	0	0	2	0
5557	1.1114	0	0	2	0
5558	1.1116	0	0	2	0
5559	1.1118	0	0	2	0
5560	1.112	0	0	2	0
5561	1.1122	0	0	2	0
5562	1.1124	0	0	2	0
5563	1.1126	0	0	2	0
5564	1.1128	0	0	2	0
5565	1.113	0	0	2	0
5566	1.1132	0	0	2	0
5567	1.1134	0	0	2	0
5568	1.1136	0	0	2	0
5569	1.1138	0	0	2	0
5570	1.114	0	0	2	0
5571	1.1142	0	0	2	0
5572	1.1144	0	0	2	0
5573	1.1146	0	0	2	0
5574	1.1148	0	0	2	0
5575	1.115	0	0	2	0
5576	1.1152	0	0	2	0
5577	1.1154	0	0	2	0
5578	1.1156	0	0	2	0
5579	1.1158	0	0	2	0
5580	1.116	0	0	2	0
5581	1.1162	0	0	2	0
5582	1.1164	0	0	2	0
5583	1.1166	0	0	2	0
5584	1.1168	0	0	2	0
5585	1.117	0	0	1	0
5586	1.1172	0	0	1	0
5587	1.1174	0	0	1	0
5588	1.1176	0	0	1	0
5589	1.1178	0	0	1	0
5590	1.118	0	0	1	0
5591	1.1182	0	0	1	0
5592	1.1184	0	0	1	0
5593	1.1186	0	0	1	0
5594	1.1188	0	0	1	0
5595	1.119	0	0	1	0
5596	1.1192	0	0	1	0
5597	1.1194	0	0	1	0
5598	1.1196	0	0	1	0
5599	1.1198	0	0	1	0
5600	1.12	0	0	1	0
5601	1.1202	0	0	1	0
5602	1.1204	0	0	1	0
5603	1.1206	0	0	1	0
5604	1.1208	0	0	1	0
5605	1.121	0	0	1	0
5606	1.1212	0	0	1	0
5607	1.1214	0	0	1	0
5608	1.1216	0	0	1	0
5609	1.1218	0	0	1	0
5610	1.122	0	0	1	0
5611	1.1222	0	0	1	0
5612	1.1224	0	0	1	0
5613	1.1226	0	0	1	0
5614	1.1228	0	0	1	0
5615	1.123	0	0	1	0
5616	1.1232	0	0	1	0
5617	1.1234	0	0	1	0
5618	1.1236	0	0	1	0
5619	1.1238	0	0	1	0
5620	1.124	0	0	0	0
5621	1.1242	0	0	0	0
5622	1.1244	0	0	0	0
5623	1.1246	0	0	0	0
5624	1.1248	0	0	0	0
5625	1.125	0	0	0	0
5626	1.1252	0	0	0	0
5627	1.1254	0	0	0	0
5628	1.1256	0	0	0	0
5629	1.1258	0	0	0	0
5630	1.126	0	0	0	0
5631	1.1262	0	0	0	0
5632	1.1264	0	0	0	0
5633	1.1266	0	0	0	0
5634	1.1268	0	0	0	0
5635	1.127	0	0	0	0
5636	1.1272	0	0	0	0
5637	1.1274	0	0	0	0
5638	1.1276	0	0	0	0
5639	1.1278	0	0	0	0
5640	1.128	0	0	0	0
5641	1.1282	0	0	0	0
5642	1.1284	0	0	0	0
5643	1.1286	0	0	0	0
5644	1.1288	0	0	0	0
5645	1.129	0	0	0	0
5646	1.1292	0	0	0	0
5647	1.1294	0	0	0	0
5648	1.1296	0	0	0	0
5649	1.1298	0	0	0	0
5650	1.13	0	0	0	0
5651	1.1302	0	0	0	0
5652	1.1304	0	0	0	0
5653	1.1306	0	0	0	0
5654	1.1308	0	0	0	0
5655	1.131	0	0	0	0
5656	1.1312	0	0	0	0
5657	1.1314	0	0	0	0
5658	1.1316	0	0	0	0
5659	1.1318	0	0	0	0
5660	1.132	0	0	0	0
5661	1.1322	0	0	0	0
5662	1.1324	0	0	0	0
5663	1.1326	0	0	0	0
5664	1.1328	0	0	0	0
5665	1.133	0	0	0	0
5666	1.1332	0	0	0	0
5667	1.1334	0	0	0	0
5668	1.1336	0	0	0	0
5669	1.1338	0	0	0	0
5670	1.134	0	0	0	0
5671	1.1342	0	0	0	0
5672	1.1344	0	0	0	0
5673	1.1346	0	0	0	0
5674	1.1348	0	0	0	0
5675	1.135	0	0	0	0
5676	1.1352	0	0	0	0
5677	1.1354	0	0	0	0
5678	1.1356	0	0	0	0
5679	1.1358	0	0	0	0
5680	1.136	0	0	0	0
5681	1.1362	0	0	0	0
5682	1.1364	0	0	0	0
5683	1.1366	0	0	0	0
5684	1.1368	0	0	0	0
5685	1.137	0	0	0	0
5686	1.1372	0	0	0	0
5687	1.1374	0	0	0	0
5688	1.1376	0	0	0	0
5689	1.1378	0	0	0	0
5690	1.138	0	0	0	0
5691	1.1382	0	0	0	0
5692	1.1384	0	0	0	0
5693	1.1386	0	0	0	0
5694	1.1388	0	0	0	0
5695	1.139	0	0	0	0
5696	1.1392	0	0	0	0
5697	1.1394	0	0	0	0
5698	1.1396	0	0	0	0
5699	1.1398	0	0	0	0
5700	1.14	0	0	0	0
5701	1.1402	0	0	0	0
5702	1.1404	0	0	0	0
5703	1.1406	0	0	0	0
5704	1.1408	0	0	0	0
5705	1.141	0	0	0	0
5706	1.1412	0	0	0	0
5707	1.1414	0	0	0	0
5708	1.1416	0	0	0	0
5709	1.1418	0	0	0	0
5710	1.142	0	0	0	0
5711	1.1422	0	0	0	0
5712	1.1424	0	0	0	0
5713	1.1426	0	0	0	0
5714	1.1428	0	0	0	0
5715	1.143	0	0	0	0
5716	1.1432	0	0	0	0
5717	1.1434	0	0	0	0
5718	1.1436	0	0	0	0
5719	1.1438	0	0	0	0
5720	1.144	0	0	0	0
5721	1.1442	0	0	0	0
5722	1.1444	0	0	0	0
5723	1.1446	0	0	0	0
5724	1.1448	0	0	0	0
5725	1.145	0	0	0	0
5726	1.1452	0	0	0	0
5727	1.1454	0	0	0	0
5728	1.1456	0	0	0	0
5729	1.1458	0	0	0	0
5730	1.146	0	0	0	0
5731	1.1462	0	0	0	0
5732	1.1464	0	0	0	0
5733	1.1466	0	0	0	0
5734	1.1468	0	0	0	0
5735	1.147	0	0	0	0
5736	1.1472	0	0	0	0
5737	1.1474	0	0	0	0
5738	1.1476	0	0	0	0
5739	1.1478	0	0	0	0
5740	1.148	0	0	0	0
5741	1.1482	0	0	0	0
5742	1.1484	0	0	0	0
5743	1.1486	0	0	0	0
5744	1.1488	0	0	0	0
5745	1.149	0	0	0	0
5746	1.1492	0	0	0	0
5747	1.1494	0	0	0	0
5748	1.1496	0	0	0	0
5749	1.1498	0	0	0	0
5750	1.15	0	0	0	0
5751	1.1502	0	0	0	0
5752	1.1504	0	0	0	0
5753	1.1506	0	0	0	0
5754	1.1508	0	0	0	0
5755	1.151	0	0	0	0
5756	1.1512	0	0	0	0
5757	1.1514	0	0	0	0
5758	1.1516	0	0	0	0
5759	1.1518	0	0	0	0
5760	1.152	0	0	0	0
5761	1.1522	0	0	0	0
5762	1.1524	0	0	0	0
5763	1.1526	0	0	0	0
5764	1.1528	0	0	0	0
5765	1.153	0	0	0	0
5766	1.1532	0	0	0	0
5767	1.1534	0	0	0	0
5768	1.1536	0	0	0	0
5769	1.1538	0	0	0	0
5770	1.154	0	0	0	0
5771	1.1542	0	0	0	0
5772	1.1544	0	0	0	0
5773	1.1546	0	0	0	0
5774	1.1548	0	0	0	0
5775	1.155	0	0	0	0
5776	1.1552	0	0	0	0
5777	1.1554	0	0	0	0
5778	1.1556	0	0	0	0
5779	1.1558	0	0	0	0
5780	1.156	0	0	0	0
5781	1.1562	0	0	0	0
5782	1.1564	0	0	0	0
5783	1.1566	0	0	0	0
5784	1.1568	0	0	0	0
5785	1.157	0	0	0	0
5786	1.1572	0	0	0	0
5787	1.1574	0	0	0	0
5788	1.1576	0	0	0	0
5789	1.1578	0	0	0	0
5790	1.158	0	0	0	0
5791	1.1582	0	0	0	0
5792	1.1584	0	0	0	0
5793	1.1586	0	0	0	0
5794	1.1588	0	0	0	0
5795	1.159	0	0	0	0
5796	1.1592	0	0	0	0
5797	1.1594	0	0	0	0
5798	1.1596	0	0	0	0
5799	1.1598	0	0	0	0
5800	1.16	0	0	0	0
5801	1.1602	0	0	0	0
5802	1.1604	0	0	0	0
5803	1.1606	0	0	0	0
5804	1.1608	0	0	0	0
5805	1.161	0	0	0	0
5806	1.1612	0	0	0	0
5807	1.1614	0	0	0	0
5808	1.1616	0	0	0	0
5809	1.1618	0	0	0	0
5810	1.162	0	0	0	0
5811	1.1622	0	0	0	0
5812	1.1624	0	0	0	0
5813	1.1626	0	0	0	0
5814	1.1628	0	0	0	0
5815	1.163	0	0	0	0
5816	1.1632	0	0	0	0
5817	1.1634	0	0	0	0
5818	1.1636	0	0	0	0
5819	1.1638	0	0	0	0
5820	1.164	0	0	0	0
5821	1.1642	0	0	0	0
5822	1.1644	0	0	0	0
5823	1.1646	0	0	0	0
5824	1.1648	0	0	0	0
5825	1.165	0	0	0	0
5826	1.1652	0	0	0	0
5827	1.1654	0	0	0	0
5828	1.1656	0	0	0	0
5829	1.1658	0	0	0	0
5830	1.166	0	0	0	0
5831	1.1662	0	0	0	0
5832	1.1664	0	0	0	0
5833	1.1666	0	0	0	0
5834	1.1668	0	0	0	0
5835	1.167	0	0	0	0
5836	1.1672	0	0	0	0
5837	1.1674	0	0	0	0
5838	1.1676	0	0	0	0
5839	1.1678	0	0	0	0
5840	1.168	0	0	0	0
5841	1.1682	0	0	0	0
5842	1.1684	0	0	0	0
5843	1.1686	0	0	0	0
5844	1.1688	0	0	0	0
5845	1.169	0	0	0	0
5846	1.1692	0	0	0	0
5847	1.1694	0	0	0	0
5848	1.1696	0	0	0	0
5849	1.1698	0	0	0	0
5850	1.17	0	0	0	0
5851	1.1702	0	0	0	0
5852	1.1704	0	0	0	0
5853	1.1706	0	0	0	0
5854	1.1708	0	0	0	0
5855	1.171	0	0	0	0
5856	1.1712	0	0	0	0
5857	1.1714	0	0	0	0
5858	1.1716	0	0	0	0
5859	1.1718	0	0	0	0
5860	1.172	0	0	0	0
5861	1.1722	0	0	0	0
5862	1.1724	0	0	0	0
5863	1.1726	0	0	0	0
5864	1.1728	0	0	0	0
5865	1.173	0	0	0	0
5866	1.1732	0	0	0	0
5867	1.1734	0	0	0	0
5868	1.1736	0	0	0	0
5869	1.1738	0	0	0	0
5870	1.174	0	0	0	0
5871	1.1742	0	0	0	0
5872	1.1744	0	0	0	0
5873	1.1746	0	0	0	0
5874	1.1748	0	0	0	0
5875	1.175	0	0	0	0
5876	1.1752	0	0	0	0
5877	1.1754	0	0	0	0
5878	1.1756	0	0	0	0
5879	1.1758	0	0	0	0
5880	1.176	0	0	0	0
5881	1.1762	0	0	0	0
5882	1.1764	0	0	0	0
5883	1.1766	0	0	0	0
5884	1.1768	0	0	0	0
5885	1.177	0	0	0	0
5886	1.1772	0	0	0	0
5887	1.1774	0	0	0	0
5888	1.1776	0	0	0	0
5889	1.1778	0	0	0	0
5890	1.178	0	0	0	0
5891	1.1782	0	0	0	0
5892	1.1784	0	0	0	0
5893	1.1786	0	0	0	0
5894	1.1788	0	0	0	0
5895	1.179	0	0	0	0
5896	1.1792	0	0	0	0
5897	1.1794	0	0	0	0
5898	1.1796	0	0	0	0
5899	1.1798	0	0	0	0
5900	1.18	0	0	0	0
5901	1.1802	0	0	0	0
5902	1.1804	0	0	0	0
5903	1.1806	0	0	0	0
5904	1.1808	0	0	0	0
5905	1.181	0	0	0	0
5906	1.1812	0	0	0	0
5907	1.1814	0	0	0	0
5908	1.1816	0	0	0	0
5909	1.1818	0	0	0	0
5910	1.182	0	0	0	0
5911	1.1822	0	0	0	0
5912	1.1824	0	0	0	0
5913	1.1826	0	0	0	0
5914	1.1828	0	0	0	0
5915	1.183	0	0	0	0
5916	1.1832	0	0	0	0
5917	1.1834	0	0	0	0
5918	1.1836	0	0	0	0
5919	1.1838	0	0	0	0
5920	1.184	0	0	0	0
5921	1.1842	0	0	0	0
5922	1.1844	0	0	0	0
5923	1.1846	0	0	0	0
5924	1.1848	0	0	0	0
5925	1.185	0	0	0	0
5926	1.1852	0	0	0	0
5927	1.1854	0	0	0	0
5928	1.1856	0	0	0	0
5929	1.1858	0	0	0	0
5930	1.186	0	0	0	0
5931	1.1862	0	0	0	0
5932	1.1864	0	0	0	0
5933	1.1866	0	0	0	0
5934	1.1868	0	0	0	0
5935	1.187	0	0	0	0
5936	1.1872	0	0	0	0
5937	1.1874	0	0	0	0
5938	1.1876	0	0	0	0
5939	1.1878	0	0	0	0
5940	1.188	0	0	0	0
5941	1.1882	0	0	0	0
5942	1.1884	0	0	0	0
5943	1.1886	0	0	0	0
5944	1.1888	0	0	0	0
5945	1.189	0	0	0	0
5946	1.1892	0	0	0	0
5947	1.1894	0	0	0	0
5948	1.1896	0	0	0	0
5949	1.1898	0	0	0	0
5950	1.19	0	0	0	0
5951	1.1902	0	0	0	0
5952	1.1904	0	0	0	0
5953	1.1906	0	0	0	0
5954	1.1908	0	0	0	0
5955	1.191	0	0	0	0
5956	1.1912	0	0	0	0
5957	1.1914	0	0	0	0
5958	1.1916	0	0	0	0
5959	1.1918	0	0	0	0
5960	1.192	0	0	0	0
5961	1.1922	0	0	0	0
5962	1.1924	0	0	0	0
5963	1.1926	0	0	0	0
5964	1.1928	0	0	0	0
5965	1.193	0	0	0	0
5966	1.1932	0	0	0	0
5967	1.1934	0	0	0	0
5968	1.1936	0	0	0	0
5969	1.1938	0	0	0	0
5970	1.194	0	0	0	0
5971	1.1942	0	0	0	0
5972	1.1944	0	0	0	0
5973	1.1946	0	0	0	0
5974	1.1948	0	0	0	0
5975	1.195	0	0	0	0
5976	1.1952	0	0	0	0
5977	1.1954	0	0	0	0
5978	1.1956	0	0	0	0
5979	1.1958	0	0	0	0
5980	1.196	0	0	0	0
5981	1.1962	0	0	0	0
5982	1.1964	0	0	0	0
5983	1.1966	0	0	0	0
5984	1.1968	0	0	0	0
5985	1.197	0	0	0	0
5986	1.1972	0	0	0	0
5987	1.1974	0	0	0	0
5988	1.1976	0	0	0	0
5989	1.1978	0	0	0	0
5990	1.198	0	0	0	0
5991	1.1982	0	0	0	0
5992	1.1984	0	0	0	0
5993	1.1986	0	0	0	0
5994	1.1988	0	0	0	0
5995	1.199	0	0	0	0
5996	1.1992	0	0	0	0
5997	1.1994	0	0	0	0
5998	1.1996	0	0	0	0
5999	1.1998	0	0	0	0
6000	1.2	0	0	0	0
6001	1.2002	0	0	0	0
6002	1.2004	0	0	0	0
6003	1.2006	0	0	0	0
6004	1.2008	0	0	0	0
6005	1.201	0	0	0	0
6006	1.2012	0	0	0	0
6007	1.2014	0	0	0	0
6008	1.2016	0	0	0	0
6009	1.2018	0	0	0	0
6010	1.202	0	0	0	0
6011	1.2022	0	0	0	0
6012	1.2024	0	0	0	0
6013	1.2026	0	0	0	0
6014	1.2028	0	0	0	0
6015	1.203	0	0	0	0
6016	1.2032	0	0	0	0
6017	1.2034	0	0	0	0
6018	1.2036	0	0	0	0
6019	1.2038	0	0	0	0
6020	1.204	0	0	0	0
6021	1.2042	0	0	0	0
6022	1.2044	0	0	0	0
6023	1.2046	0	0	0	0
6024	1.2048	0	0	0	0
6025	1.205	0	0	0	0
6026	1.2052	0	0	0	0
6027	1.2054	0	0	0	0
6028	1.2056	0	0	0	0
6029	1.2058	0	0	0	0
6030	1.206	0	0	0	0
6031	1.2062	0	0	0	0
6032	1.2064	0	0	0	0
6033	1.2066	0	0	0	0
6034	1.2068	0	0	0	0
6035	1.207	0	0	0	0
6036	1.2072	0	0	0	0
6037	1.2074	0	0	0	0
6038	1.2076	0	0	0	0
6039	1.2078	0	0	0	0
6040	1.208	0	0	0	0
6041	1.2082	0	0	0	0
6042	1.2084	0	0	0	0
6043	1.2086	0	0	0	0
6044	1.2088	0	0	0	0
6045	1.209	0	0	0	0
6046	1.2092	0	0	0	0
6047	1.2094	0	0	0	0
6048	1.2096	0	0	0	0
6049	1.2098	0	0	0	0
6050	1.21	0	0	0	0
6051	1.2102	0	0	0	0
6052	1.2104	0	0	0	0
6053	1.2106	0	0	0	0
6054	1.2108	0	0	0	0
6055	1.211	0	0	0	0
6056	1.2112	0	0	0	0
6057	1.2114	0	0	0	0
6058	1.2116	0	0	0	0
6059	1.2118	0	0	0	0
6060	1.212	0	0	0	0
6061	1.2122	0	0	0	0
6062	1.2124	0	0	0	0
6063	1.2126	0	0	0	0
6064	1.2128	0	0	0	0
6065	1.213	0	0	0	0
6066	1.2132	0	0	0	0
6067	1.2134	0	0	0	0
6068	1.2136	0	0	0	0
6069	1.2138	0	0	0	0
6070	1.214	0	0	0	0
6071	1.2142	0	0	0	0
6072	1.2144	0	0	0	0
6073	1.2146	0	0	0	0
6074	1.2148	0	0	0	0
6075	1.215	0	0	0	0
6076	1.2152	0	0	0	0
6077	1.2154	0	0	0	0
6078	1.2156	0	0	0	0
6079	1.2158	0	0	0	0
6080	1.216	0	0	0	0
6081	1.2162	0	0	0	0
6082	1.2164	0	0	0	0
6083	1.2166	0	0	0	0
6084	1.2168	0	0	0	0
6085	1.217	0	0	0	0
6086	1.2172	0	0	0	0
6087	1.2174	0	0	0	0
6088	1.2176	0	0	0	0
6089	1.2178	0	0	0	0
6090	1.218	0	0	0	0
6091	1.2182	0	0	0	0
6092	1.2184	0	0	0	0
6093	1.2186	0	0	0	0
6094	1.2188	0	0	0	0
6095	1.219	0	0	0	0
6096	1.2192	0	0	0	0
6097	1.2194	0	0	0	0
6098	1.2196	0	0	0	0
6099	1.2198	0	0	0	0
6100	1.22	0	0	0	0
6101	1.2202	0	0	0	0
6102	1.2204	0	0	0	0
6103	1.2206	0	0	0	0
6104	1.2208	0	0	0	0
6105	1.221	0	0	0	0
6106	1.2212	0	0	0	0
6107	1.2214	0	0	0	0
6108	1.2216	0	0	0	0
6109	1.2218	0	0	0	0
6110	1.222	0	0	0	0
6111	1.2222	0	0	0	0
6112	1.2224	0	0	0	0
6113	1.2226	0	0	0	0
6114	1.2228	0	0	0	0
6115	1.223	0	0	0	0
6116	1.2232	0	0	0	0
6117	1.2234	0	0	0	0
6118	1.2236	0	0	0	0
6119	1.2238	0	0	0	0
6120	1.224	0	1	0	0
6121	1.2242	0	1	0	0
6122	1.2244	0	1	0	0
6123	1.2246	0	1	0	0
6124	1.2248	0	1	0	0
6125	1.225	0	1	0	0
6126	1.2252	0	1	0	0
6127	1.2254	0	1	0	0
6128	1.2256	0	1	0	0
6129	1.2258	0	1	0	0
6130	1.226	0	1	0	0
6131	1.2262	0	1	0	0
6132	1.2264	0	1	0	0
6133	1.2266	0	1	0	0
6134	1.2268	0	1	0	0
6135	1.227	0	1	0	0
6136	1.2272	0	1	0	0
6137	1.2274	0	1	0	0
6138	1.2276	0	1	0	0
6139	1.2278	0	1	0	0
6140	1.228	1	1	0	0
6141	1.2282	1	1	0	0
6142	1.2284	1	1	0	0
6143	1.2286	1	1	0	0
6144	1.2288	1	1	0	0
6145	1.229	1	1	0	0
6146	1.2292	1	1	0	0
6147	1.2294	1	1	0	0
6148	1.2296	1	1	0	0
6149	1.2298	1	1	0	0
6150	1.23	1	1	0	0
6151	1.2302	1	1	0	0
6152	1.2304	1	1	0	0
6153	1.2306	1	1	0	0
6154	1.2308	1	1	0	0
6155	1.231	1	1	0	0
6156	1.2312	1	1	0	0
6157	1.2314	1	1	0	0
6158	1.2316	1	1	0	0
6159	1.2318	1	1	0	0
6160	1.232	1	1	0	0
6161	1.2322	1	1	0	0
6162	1.2324	1	1	0	0
6163	1.2326	1	1	0	0
6164	1.2328	1	1	0	0
6165	1.233	1	1	0	0
6166	1.2332	1	1	0	0
6167	1.2334	1	1	0	0
6168	1.2336	1	1	0	0
6169	1.2338	1	1	0	0
6170	1.234	1	1	0	0
6171	1.2342	1	1	0	0
6172	1.2344	1	1	0	0
6173	1.2346	1	1	0	0
6174	1.2348	1	1	0	0
6175	1.235	1	1	0	0
6176	1.2352	1	1	0	0
6177	1.2354	1	1	0	0
6178	1.2356	1	1	0	0
6179	1.2358	1	1	0	0
6180	1.236	1	1	0	0
6181	1.2362	1	1	0	0
6182	1.2364	1	1	0	0
6183	1.2366	1	1	0	0
6184	1.2368	1	1	0	0
6185	1.237	1	1	0	0
6186	1.2372	1	1	0	0
6187	1.2374	1	1	0	0
6188	1.2376	1	1	0	0
6189	1.2378	1	1	0	0
6190	1.238	1	1	0	0
6191	1.2382	1	1	0	0
6192	1.2384	1	1	0	0
6193	1.2386	1	1	0	0
6194	1.2388	1	1	0	0
6195	1.239	1	1	0	0
6196	1.2392	1	1	0	0
6197	1.2394	1	1	0	0
6198	1.2396	1	1	0	0
6199	1.2398	1	1	0	0
6200	1.24	1	1	0	0
6201	1.2402	1	1	0	0
6202	1.2404	1	1	0	0
6203	1.2406	1	1	0	0
6204	1.2408	1	1	0	0
6205	1.241	1	1	0	0
6206	1.2412	1	1	0	0
6207	1.2414	1	1	0	0
6208	1.2416	1	1	0	0
6209	1.2418	1	1	0	0
6210	1.242	1	1	0	0
6211	1.2422	1	1	0	0
6212	1.2424	1	1	0	0
6213	1.2426	1	1	0	0
6214	1.2428	1	1	0	0
6215	1.243	1	1	0	0
6216	1.2432	1	1	0	0
6217	1.2434	1	1	0	0
6218	1.2436	1	1	0	0
6219	1.2438	1	1	0	0
6220	1.244	1	1	0	0
6221	1.2442	1	1	0	0
6222	1.2444	1	1	0	0
6223	1.2446	1	1	0	0
6224	1.2448	1	1	0	0
6225	1.245	1	1	0	0
6226	1.2452	1	1	0	0
6227	1.2454	1	1	0	0
6228	1.2456	1	1	0	0
6229	1.2458	1	1	0	0
6230	1.246	1	1	0	0
6231	1.2462	1	1	0	0
6232	1.2464	1	1	0	0
6233	1.2466	1	1	0	0
6234	1.2468	1	1	0	0
6235	1.247	1	1	0	0
6236	1.2472	1	1	0	0
6237	1.2474	1	1	0	0
6238	1.2476	1	1	0	0
6239	1.2478	1	1	0	0
6240	1.248	1	1	0	0
6241	1.2482	1	1	0	0
6242	1.2484	1	1	0	0
6243	1.2486	1	1	0	0
6244	1.2488	1	1	0	0
6245	1.249	1	1	0	0
6246	1.2492	1	1	0	0
6247	1.2494	1	1	0	0
6248	1.2496	1	1	0	0
6249	1.2498	1	1	0	0
6250	1.25	1	1	0	0
6251	1.2502	1	1	0	0
6252	1.2504	1	1	0	0
6253	1.2506	1	1	0	0
6254	1.2508	1	1	0	0
6255	1.251	1	1	0	0
6256	1.2512	1	1	0	0
6257	1.2514	1	1	0	0
6258	1.2516	1	1	0	0
6259	1.2518	1	1	0	0
6260	1.252	1	1	0	0
6261	1.2522	1	1	0	0
6262	1.2524	1	1	0	0
6263	1.2526	1	1	0	0
6264	1.2528	1	1	0	0
6265	1.253	1	1	0	0
6266	1.2532	1	1	0	0
6267	1.2534	1	1	0	0
6268	1.2536	1	1	0	0
6269	1.2538	1	1	0	0
6270	1.254	1	1	0	0
6271	1.2542	1	1	0	0
6272	1.2544	1	1	0	0
6273	1.2546	1	1	0	0
6274	1.2548	1	1	0	0
6275	1.255	1	1	0	0
6276	1.2552	1	1	0	0
6277	1.2554	1	1	0	0
6278	1.2556	1	1	0	0
6279	1.2558	1	1	0	0
6280	1.256	1	1	0	0
6281	1.2562	1	1	0	0
6282	1.2564	1	1	0	0
6283	1.2566	1	1	0	0
6284	1.2568	1	1	0	0
6285	1.257	1	1	0	0
6286	1.2572	1	1	0	0
6287	1.2574	1	1	0	0
6288	1.2576	1	1	0	0
6289	1.2578	1	1	0	0
6290	1.258	1	1	0	0
6291	1.2582	1	1	0	0
6292	1.2584	1	1	0	0
6293	1.2586	1	1	0	0
6294	1.2588	1	1	0	0
6295	1.259	1	1	0	0
6296	1.2592	1	1	0	0
6297	1.2594	1	1	0	0
6298	1.2596	1	1	0	0
6299	1.2598	1	1	0	0
6300	1.26	1	1	0	0
6301	1.2602	1	1	0	0
6302	1.2604	1	1	0	0
6303	1.2606	1	1	0	0
6304	1.2608	1	1	0	0
6305	1.261	1	1	0	0
6306	1.2612	1	1	0	0
6307	1.2614	1	1	0	0
6308	1.2616	1	1	0	0
6309	1.2618	1	1	0	0
6310	1.262	1	1	0	0
6311	1.2622	1	1	0	0
6312	1.2624	1	1	0	0
6313	1.2626	1	1	0	0
6314	1.2628	1	1	0	0
6315	1.263	1	1	0	0
6316	1.2632	1	1	0	0
6317	1.2634	1	1	0	0
6318	1.2636	1	1	0	0
6319	1.2638	1	1	0	0
6320	1.264	1	1	0	0
6321	1.2642	1	1	0	0
6322	1.2644	1	1	0	0
6323	1.2646	1	1	0	0
6324	1.2648	1	1	0	0
6325	1.265	1	1	0	0
6326	1.2652	1	1	0	0
6327	1.2654	1	1	0	0
6328	1.2656	1	1	0	0
6329	1.2658	1	1	0	0
6330	1.266	1	1	0	0
6331	1.2662	1	1	0	0
6332	1.2664	1	1	0	0
6333	1.2666	1	1	0	0
6334	1.2668	1	1	0	0
6335	1.267	1	1	0	0
6336	1.2672	1	1	0	0
6337	1.2674	1	1	0	0
6338	1.2676	1	1	0	0
6339	1.2678	1	1	0	0
6340	1.268	1	1	0	0
6341	1.2682	1	1	0	0
6342	1.2684	1	1	0	0
6343	1.2686	1	1	0	0
6344	1.2688	1	1	0	0
6345	1.269	1	1	0	0
6346	1.2692	1	1	0	0
6347	1.2694	1	1	0	0
6348	1.2696	1	1	0	0
6349	1.2698	1	1	0	0
6350	1.27	1	1	0	0
6351	1.2702	1	1	0	0
6352	1.2704	1	1	0	0
6353	1.2706	1	1	0	0
6354	1.2708	1	1	0	0
6355	1.271	1	1	0	0
6356	1.2712	1	1	0	0
6357	1.2714	1	1	0	0
6358	1.2716	1	1	0	0
6359	1.2718	1	1	0	0
6360	1.272	1	1	0	0
6361	1.2722	1	1	0	0
6362	1.2724	1	1	0	0
6363	1.2726	1	1	0	0
6364	1.2728	1	1	0	0
6365	1.273	1	1	0	0
6366	1.2732	1	1	0	0
6367	1.2734	1	1	0	0
6368	1.2736	1	1	0	0
6369	1.2738	1	1	0	0
6370	1.274	1	1	0	0
6371	1.2742	1	1	0	0
6372	1.2744	1	1	0	0
6373	1.2746	1	1	0	0
6374	1.2748	1	1	0	0
6375	1.275	1	1	0	0
6376	1.2752	1	1	0	0
6377	1.2754	1	1	0	0
6378	1.2756	1	1	0	0
6379	1.2758	1	1	0	0
6380	1.276	1	1	0	0
6381	1.2762	1	1	0	0
6382	1.2764	1	1	0	0
6383	1.2766	1	1	0	0
6384	1.2768	1	1	0	0
6385	1.277	1	1	0	0
6386	1.2772	1	1	0	0
6387	1.2774	1	1	0	0
6388	1.2776	1	1	0	0
6389	1.2778	1	1	0	0
6390	1.278	1	1	0	0
6391	1.2782	1	1	0	0
6392	1.2784	1	1	0	0
6393	1.2786	1	1	0	0
6394	1.2788	1	1	0	0
6395	1.279	1	1	0	0
6396	1.2792	1	1	0	0
6397	1.2794	1	1	0	0
6398	1.2796	1	1	0	0
6399	1.2798	1	1	0	0
6400	1.28	1	1	0	0
6401	1.2802	1	1	0	0
6402	1.2804	1	1	0	0
6403	1.2806	1	1	0	0
6404	1.2808	1	1	0	0
6405	1.281	1	1	0	0
6406	1.2812	1	1	0	0
6407	1.2814	1	1	0	0
6408	1.2816	1	1	0	0
6409	1.2818	1	1	0	0
6410	1.282	1	1	0	0
6411	1.2822	1	1	0	0
6412	1.2824	1	1	0	0
6413	1.2826	1	1	0	0
6414	1.2828	1	1	0	0
6415	1.283	1	1	0	0
6416	1.2832	1	1	0	0
6417	1.2834	1	1	0	0
6418	1.2836	1	1	0	0
6419	1.2838	1	1	0	0
6420	1.284	1	1	0	0
6421	1.2842	1	1	0	0
6422	1.2844	1	1	0	0
6423	1.2846	1	1	0	0
6424	1.2848	1	1	0	0
6425	1.285	1	1	0	0
6426	1.2852	1	1	0	0
6427	1.2854	1	1	0	0
6428	1.2856	1	1	0	0
6429	1.2858	1	1	0	0
6430	1.286	1	1	0	0
6431	1.2862	1	1	0	0
6432	1.2864	1	1	0	0
6433	1.2866	1	1	0	0
6434	1.2868	1	1	0	0
6435	1.287	1	1	0	0
6436	1.2872	1	1	0	0
6437	1.2874	1	1	0	0
6438	1.2876	1	1	0	0
6439	1.2878	1	1	0	0
6440	1.288	1	1	0	0
6441	1.2882	1	1	0	0
6442	1.2884	1	1	0	0
6443	1.2886	1	1	0	0
6444	1.2888	1	1	0	0
6445	1.289	1	1	0	0
6446	1.2892	1	1	0	0
6447	1.2894	1	1	0	0
6448	1.2896	1	1	0	0
6449	1.2898	1	1	0	0
6450	1.29	1	1	0	0
6451	1.2902	1	1	0	0
6452	1.2904	1	1	0	0
6453	1.2906	1	1	0	0
6454	1.2908	1	1	0	0
6455	1.291	0	1	0	0
6456	1.2912	0	1	0	0
6457	1.2914	0	1	0	0
6458	1.2916	0	1	0	0
6459	1.2918	0	1	0	0
6460	1.292	0	1	0	0
6461	1.2922	0	1	0	0
6462	1.2924	0	1	0	0
6463	1.2926	0	1	0	0
6464	1.2928	0	1	0	0
6465	1.293	0	1	0	0
6466	1.2932	0	1	0	0
6467	1.2934	0	1	0	0
6468	1.2936	0	1	0	0
6469	1.2938	0	1	0	0
6470	1.294	0	1	0	0
6471	1.2942	0	1	0	0
6472	1.2944	0	1	0	0
6473	1.2946	0	1	0	0
6474	1.2948	0	1	0	0
6475	1.295	0	1	0	0
6476	1.2952	0	1	0	0
6477	1.2954	0	1	0	0
6478	1.2956	0	1	0	0
6479	1.2958	0	1	0	0
6480	1.296	0	1	0	0
6481	1.2962	0	1	0	0
6482	1.2964	0	1	0	0
6483	1.2966	0	1	0	0
6484	1.2968	0	1	0	0
6485	1.297	0	1	0	0
6486	1.2972	0	1	0	0
6487	1.2974	0	1	0	0
6488	1.2976	0	1	0	0
6489	1.2978	0	1	0	0
6490	1.298	0	1	0	0
6491	1.2982	0	1	0	0
6492	1.2984	0	1	0	0
6493	1.2986	0	1	0	0
6494	1.2988	0	1	0	0
6495	1.299	0	1	0	0
6496	1.2992	0	1	0	0
6497	1.2994	0	1	0	0
6498	1.2996	0	1	0	0
6499	1.2998	0	1	0	0
6500	1.3	0	1	0	0
6501	1.3002	0	1	0	0
6502	1.3004	0	1	0	0
6503	1.3006	0	1	0	0
6504	1.3008	0	1	0	0
6505	1.301	0	1	0	0
6506	1.3012	0	1	0	0
6507	1.3014	0	1	0	0
6508	1.3016	0	1	0	0
6509	1.3018	0	1	0	0
6510	1.302	0	1	0	0
6511	1.3022	0	1	0	0
6512	1.3024	0	1	0	0
6513	1.3026	0	1	0	0
6514	1.3028	0	1	0	0
6515	1.303	0	1	0	0
6516	1.3032	0	1	0	0
6517	1.3034	0	1	0	0
6518	1.3036	0	1	0	0
6519	1.3038	0	1	0	0
6520	1.304	0	1	0	0
6521	1.3042	0	1	0	0
6522	1.3044	0	1	0	0
6523	1.3046	0	1	0	0
6524	1.3048	0	1	0	0
6525	1.305	0	1	0	0
6526	1.3052	0	1	0	0
6527	1.3054	0	1	0	0
6528	1.3056	0	1	0	0
6529	1.3058	0	1	0	0
6530	1.306	0	1	0	0
6531	1.3062	0	1	0	0
6532	1.3064	0	1	0	0
6533	1.3066	0	1	0	0
6534	1.3068	0	1	0	0
6535	1.307	0	1	0	0
6536	1.3072	0	1	0	0
6537	1.3074	0	1	0	0
6538	1.3076	0	1	0	0
6539	1.3078	0	1	0	0
6540	1.308	0	1	0	0
6541	1.3082	0	1	0	0
6542	1.3084	0	1	0	0
6543	1.3086	0	1	0	0
6544	1.3088	0	1	0	0
6545	1.309	0	1	0	0
6546	1.3092	0	1	0	0
6547	1.3094	0	1	0	0
6548	1.3096	0	1	0	0
6549	1.3098	0	1	0	0
6550	1.31	0	1	0	0
6551	1.3102	0	1	0	0
6552	1.3104	0	1	0	0
6553	1.3106	0	1	0	0
6554	1.3108	0	1	0	0
6555	1.311	0	1	0	0
6556	1.3112	0	1	0	0
6557	1.3114	0	1	0	0
6558	1.3116	0	1	0	0
6559	1.3118	0	1	0	0
6560	1.312	0	1	0	0
6561	1.3122	0	1	0	0
6562	1.3124	0	1	0	0
6563	1.3126	0	1	0	0
6564	1.3128	0	1	0	0
6565	1.313	0	1	0	0
6566	1.3132	0	1	0	0
6567	1.3134	0	1	0	0
6568	1.3136	0	1	0	0
6569	1.3138	0	1	0	0
6570	1.314	0	1	0	0
6571	1.3142	0	1	0	0
6572	1.3144	0	1	0	0
6573	1.3146	0	1	0	0
6574	1.3148	0	1	0	0
6575	1.315	0	1	0	0
6576	1.3152	0	1	0	0
6577	1.3154	0	1	0	0
6578	1.3156	0	1	0	0
6579	1.3158	0	1	0	0
6580	1.316	0	1	0	0
6581	1.3162	0	1	0	0
6582	1.3164	0	1	0	0
6583	1.3166	0	1	0	0
6584	1.3168	0	1	0	0
6585	1.317	0	1	0	0
6586	1.3172	0	1	0	0
6587	1.3174	0	1	0	0
6588	1.3176	0	1	0	0
6589	1.3178	0	1	0	0
6590	1.318	0	1	0	0
6591	1.3182	0	1	0	0
6592	1.3184	0	1	0	0
6593	1.3186	0	1	0	0
6594	1.3188	0	1	0	0
6595	1.319	1	1	0	0
6596	1.3192	1	1	0	0
6597	1.3194	1	1	0	0
6598	1.3196	1	1	0	0
6599	1.3198	1	1	0	0
6600	1.32	1	1	0	0
6601	1.3202	1	1	0	0
6602	1.3204	1	1	0	0
6603	1.3206	1	1	0	0
6604	1.3208	1	1	0	0
6605	1.321	1	1	0	0
6606	1.3212	1	1	0	0
6607	1.3214	1	1	0	0
6608	1.3216	1	1	0	0
6609	1.3218	1	1	0	0
6610	1.322	1	1	0	0
6611	1.3222	1	1	0	0
6612	1.3224	1	1	0	0
6613	1.3226	1	1	0	0
6614	1.3228	1	1	0	0
6615	1.323	1	1	0	0
6616	1.3232	1	1	0	0
6617	1.3234	1	1	0	0
6618	1.3236	1	1	0	0
6619	1.3238	1	1	0	0
6620	1.324	1	1	0	0
6621	1.3242	1	1	0	0
6622	1.3244	1	1	0	0
6623	1.3246	1	1	0	0
6624	1.3248	1	1	0	0
6625	1.325	1	1	0	0
6626	1.3252	1	1	0	0
6627	1.3254	1	1	0	0
6628	1.3256	1	1	0	0
6629	1.3258	1	1	0	0
6630	1.326	1	1	0	0
6631	1.3262	1	1	0	0
6632	1.3264	1	1	0	0
6633	1.3266	1	1	0	0
6634	1.3268	1	1	0	0
6635	1.327	1	1	0	0
6636	1.3272	1	1	0	0
6637	1.3274	1	1	0	0
6638	1.3276	1	1	0	0
6639	1.3278	1	1	0	0
6640	1.328	1	1	0	0
6641	1.3282	1	1	0	0
6642	1.3284	1	1	0	0
6643	1.3286	1	1	0	0
6644	1.3288	1	1	0	0
6645	1.329	1	1	0	0
6646	1.3292	1	1	0	0
6647	1.3294	1	1	0	0
6648	1.3296	1	1	0	0
6649	1.3298	1	1	0	0
6650	1.33	1	1	0	0
6651	1.3302	1	1	0	0
6652	1.3304	1	1	0	0
6653	1.3306	1	1	0	0
6654	1.3308	1	1	0	0
6655	1.331	1	1	0	0
6656	1.3312	1	1	0	0
6657	1.3314	1	1	0	0
6658	1.3316	1	1	0	0
6659	1.3318	1	1	0	0
6660	1.332	1	1	0	0
6661	1.3322	1	1	0	0
6662	1.3324	1	1	0	0
6663	1.3326	1	1	0	0
6664	1.3328	1	1	0	0
6665	1.333	1	1	0	0
6666	1.3332	1	1	0	0
6667	1.3334	1	1	0	0
6668	1.3336	1	1	0	0
6669	1.3338	1	1	0	0
6670	1.334	1	1	0	0
6671	1.3342	1	1	0	0
6672	1.3344	1	1	0	0
6673	1.3346	1	1	0	0
6674	1.3348	1	1	0	0
6675	1.335	1	1	0	0
6676	1.3352	1	1	0	0
6677	1.3354	1	1	0	0
6678	1.3356	1	1	0	0
6679	1.3358	1	1	0	0
6680	1.336	1	1	0	0
6681	1.3362	1	1	0	0
6682	1.3364	1	1	0	0
6683	1.3366	1	1	0	0
6684	1.3368	1	1	0	0
6685	1.337	1	1	0	0
6686	1.3372	1	1	0	0
6687	1.3374	1	1	0	0
6688	1.3376	1	1	0	0
6689	1.3378	1	1	0	0
6690	1.338	1	1	0	0
6691	1.3382	1	1	0	0
6692	1.3384	1	1	0	0
6693	1.3386	1	1	0	0
6694	1.3388	1	1	0	0
6695	1.339	1	1	0	0
6696	1.3392	1	1	0	0
6697	1.3394	1	1	0	0
6698	1.3396	1	1	0	0
6699	1.3398	1	1	0	0
6700	1.34	1	1	0	0
6701	1.3402	1	1	0	0
6702	1.3404	1	1	0	0
6703	1.3406	1	1	0	0
6704	1.3408	1	1	0	0
6705	1.341	1	1	0	0
6706	1.3412	1	1	0	0
6707	1.3414	1	1	0	0
6708	1.3416	1	1	0	0
6709	1.3418	1	1	0	0
6710	1.342	1	1	0	0
6711	1.3422	1	1	0	0
6712	1.3424	1	1	0	0
6713	1.3426	1	1	0	0
6714	1.3428	1	1	0	0
6715	1.343	1	1	0	0
6716	1.3432	1	1	0	0
6717	1.3434	1	1	0	0
6718	1.3436	1	1	0	0
6719	1.3438	1	1	0	0
6720	1.344	1	1	0	0
6721	1.3442	1	1	0	0
6722	1.3444	1	1	0	0
6723	1.3446	1	1	0	0
6724	1.3448	1	1	0	0
6725	1.345	1	1	0	0
6726	1.3452	1	1	0	0
6727	1.3454	1	1	0	0
6728	1.3456	1	1	0	0
6729	1.3458	1	1	0	0
6730	1.346	1	1	0	0
6731	1.3462	1	1	0	0
6732	1.3464	1	1	0	0
6733	1.3466	1	1	0	0
6734	1.3468	1	1	0	0
6735	1.347	1	1	0	0
6736	1.3472	1	1	0	0
6737	1.3474	1	1	0	0
6738	1.3476	1	1	0	0
6739	1.3478	1	1	0	0
6740	1.348	1	1	0	0
6741	1.3482	1	1	0	0
6742	1.3484	1	1	0	0
6743	1.3486	1	1	0	0
6744	1.3488	1	1	0	0
6745	1.349	1	1	0	0
6746	1.3492	1	1	0	0
6747	1.3494	1	1	0	0
6748	1.3496	1	1	0	0
6749	1.3498	1	1	0	0
6750	1.35	1	1	0	0
6751	1.3502	1	1	0	0
6752	1.3504	1	1	0	0
6753	1.3506	1	1	0	0
6754	1.3508	1	1	0	0
6755	1.351	1	1	0	0
6756	1.3512	1	1	0	0
6757	1.3514	1	1	0	0
6758	1.3516	1	1	0	0
6759	1.3518	1	1	0	0
6760	1.352	1	1	0	0
6761	1.3522	1	1	0	0
6762	1.3524	1	1	0	0
6763	1.3526	1	1	0	0
6764	1.3528	1	1	0	0
6765	1.353	1	1	0	0
6766	1.3532	1	1	0	0
6767	1.3534	1	1	0	0
6768	1.3536	1	1	0	0
6769	1.3538	1	1	0	0
6770	1.354	1	1	0	0
6771	1.3542	1	1	0	0
6772	1.3544	1	1	0	0
6773	1.3546	1	1	0	0
6774	1.3548	1	1	0	0
6775	1.355	1	1	0	0
6776	1.3552	1	1	0	0
6777	1.3554	1	1	0	0
6778	1.3556	1	1	0	0
6779	1.3558	1	1	0	0
6780	1.356	1	1	0	0
6781	1.3562	1	1	0	0
6782	1.3564	1	1	0	0
6783	1.3566	1	1	0	0
6784	1.3568	1	1	0	0
6785	1.357	1	1	0	0
6786	1.3572	1	1	0	0
6787	1.3574	1	1	0	0
6788	1.3576	1	1	0	0
6789	1.3578	1	1	0	0
6790	1.358	1	1	0	0
6791	1.3582	1	1	0	0
6792	1.3584	1	1	0	0
6793	1.3586	1	1	0	0
6794	1.3588	1	1	0	0
6795	1.359	1	1	0	0
6796	1.3592	1	1	0	0
6797	1.3594	1	1	0	0
6798	1.3596	1	1	0	0
6799	1.3598	1	1	0	0
6800	1.36	1	1	0	0
6801	1.3602	1	1	0	0
6802	1.3604	1	1	0	0
6803	1.3606	1	1	0	0
6804	1.3608	1	1	0	0
6805	1.361	1	1	0	0
6806	1.3612	1	1	0	0
6807	1.3614	1	1	0	0
6808	1.3616	1	1	0	0
6809	1.3618	1	1	0	0
6810	1.362	1	1	0	0
6811	1.3622	1	1	0	0
6812	1.3624	1	1	0	0
6813	1.3626	1	1	0	0
6814	1.3628	1	1	0	0
6815	1.363	1	1	0	0
6816	1.3632	1	1	0	0
6817	1.3634	1	1	0	0
6818	1.3636	1	1	0	0
6819	1.3638	1	1	0	0
6820	1.364	1	1	0	0
6821	1.3642	1	1	0	0
6822	1.3644	1	1	0	0
6823	1.3646	1	1	0	0
6824	1.3648	1	1	0	0
6825	1.365	1	1	0	0
6826	1.3652	1	1	0	0
6827	1.3654	1	1	0	0
6828	1.3656	1	1	0	0
6829	1.3658	1	1	0	0
6830	1.366	1	1	0	0
6831	1.3662	1	1	0	0
6832	1.3664	1	1	0	0
6833	1.3666	1	1	0	0
6834	1.3668	1	1	0	0
6835	1.367	1	1	0	0
6836	1.3672	1	1	0	0
6837	1.3674	1	1	0	0
6838	1.3676	1	1	0	0
6839	1.3678	1	1	0	0
6840	1.368	1	1	0	0
6841	1.3682	1	1	0	0
6842	1.3684	1	1	0	0
6843	1.3686	1	1	0	0
6844	1.3688	1	1	0	0
6845	1.369	1	1	0	0
6846	1.3692	1	1	0	0
6847	1.3694	1	1	0	0
6848	1.3696	1	1	0	0
6849	1.3698	1	1	0	0
6850	1.37	1	1	0	0
6851	1.3702	1	1	0	0
6852	1.3704	1	1	0	0
6853	1.3706	1	1	0	0
6854	1.3708	1	1	0	0
6855	1.371	1	1	0	0
6856	1.3712	1	1	0	0
6857	1.3714	1	1	0	0
6858	1.3716	1	1	0	0
6859	1.3718	1	1	0	0
6860	1.372	1	1	0	0
6861	1.3722	1	1	0	0
6862	1.3724	1	1	0	0
6863	1.3726	1	1	0	0
6864	1.3728	1	1	0	0
6865	1.373	1	1	0	0
6866	1.3732	1	1	0	0
6867	1.3734	1	1	0	0
6868	1.3736	1	1	0	0
6869	1.3738	1	1	0	0
6870	1.374	1	1	0	0
6871	1.3742	1	1	0	0
6872	1.3744	1	1	0	0
6873	1.3746	1	1	0	0
6874	1.3748	1	1	0	0
6875	1.375	1	1	0	0
6876	1.3752	1	1	0	0
6877	1.3754	1	1	0	0
6878	1.3756	1	1	0	0
6879	1.3758	1	1	0	0
6880	1.376	1	1	0	0
6881	1.3762	1	1	0	0
6882	1.3764	1	1	0	0
6883	1.3766	1	1	0	0
6884	1.3768	1	1	0	0
6885	1.377	1	1	0	0
6886	1.3772	1	1	0	0
6887	1.3774	1	1	0	0
6888	1.3776	1	1	0	0
6889	1.3778	1	1	0	0
6890	1.378	1	1	0	0
6891	1.3782	1	1	0	0
6892	1.3784	1	1	0	0
6893	1.3786	1	1	0	0
6894	1.3788	1	1	0	0
6895	1.379	1	1	0	0
6896	1.3792	1	1	0	0
6897	1.3794	1	1	0	0
6898	1.3796	1	1	0	0
6899	1.3798	1	1	0	0
6900	1.38	1	1	0	0
6901	1.3802	1	1	0	0
6902	1.3804	1	1	0	0
6903	1.3806	1	1	0	0
6904	1.3808	1	1	0	0
6905	1.381	1	1	0	0
6906	1.3812	1	1	0	0
6907	1.3814	1	1	0	0
6908	1.3816	1	1	0	0
6909	1.3818	1	1	0	0
6910	1.382	1	1	0	0
6911	1.3822	1	1	0	0
6912	1.3824	1	1	0	0
6913	1.3826	1	1	0	0
6914	1.3828	1	1	0	0
6915	1.383	1	1	0	0
6916	1.3832	1	1	0	0
6917	1.3834	1	1	0	0
6918	1.3836	1	1	0	0
6919	1.3838	1	1	0	0
6920	1.384	1	1	0	0
6921	1.3842	1	1	0	0
6922	1.3844	1	1	0	0
6923	1.3846	1	1	0	0
6924	1.3848	1	1	0	0
6925	1.385	1	1	0	0
6926	1.3852	1	1	0	0
6927	1.3854	1	1	0	0
6928	1.3856	1	1	0	0
6929	1.3858	1	1	0	0
6930	1.386	1	1	0	0
6931	1.3862	1	1	0	0
6932	1.3864	1	1	0	0
6933	1.3866	1	1	0	0
6934	1.3868	1	1	0	0
6935	1.387	1	1	0	0
6936	1.3872	1	1	0	0
6937	1.3874	1	1	0	0
6938	1.3876	1	1	0	0
6939	1.3878	1	1	0	0
6940	1.388	1	1	0	0
6941	1.3882	1	1	0	0
6942	1.3884	1	1	0	0
6943	1.3886	1	1	0	0
6944	1.3888	1	1	0	0
6945	1.389	1	1	0	0
6946	1.3892	1	1	0	0
6947	1.3894	1	1	0	0
6948	1.3896	1	1	0	0
6949	1.3898	1	1	0	0
6950	1.39	1	1	0	0
6951	1.3902	1	1	0	0
6952	1.3904	1	1	0	0
6953	1.3906	1	1	0	0
6954	1.3908	1	1	0	0
6955	1.391	1	1	0	0
6956	1.3912	1	1	0	0
6957	1.3914	1	1	0	0
6958	1.3916	1	1	0	0
6959	1.3918	1	1	0	0
6960	1.392	1	1	0	0
6961	1.3922	1	1	0	0
6962	1.3924	1	1	0	0
6963	1.3926	1	1	0	0
6964	1.3928	1	1	0	0
6965	1.393	1	0	0	0
6966	1.3932	1	0	0	0
6967	1.3934	1	0	0	0
6968	1.3936	1	0	0	0
6969	1.3938	1	0	0	0
6970	1.394	1	0	0	0
6971	1.3942	1	0	0	0
6972	1.3944	1	0	0	0
6973	1.3946	1	0	0	0
6974	1.3948	1	0	0	0
6975	1.395	1	0	0	0
6976	1.3952	1	0	0	0
6977	1.3954	1	0	0	0
6978	1.3956	1	0	0	0
6979	1.3958	1	0	0	0
6980	1.396	1	0	0	0
6981	1.3962	1	0	0	0
6982	1.3964	1	0	0	0
6983	1.3966	1	0	0	0
6984	1.3968	1	0	0	0
6985	1.397	1	0	0	0
6986	1.3972	1	0	0	0
6987	1.3974	1	0	0	0
6988	1.3976	1	0	0	0
6989	1.3978	1	0	0	0
6990	1.398	1	0	0	0
6991	1.3982	1	0	0	0
6992	1.3984	1	0	0	0
6993	1.3986	1	0	0	0
6994	1.3988	1	0	0	0
6995	1.399	1	0	0	0
6996	1.3992	1	0	0	0
6997	1.3994	1	0	0	0
6998	1.3996	1	0	0	0
6999	1.3998	1	0	0	0
7000	1.4	0	0	0	0
7001	1.4002	0	0	0	0
7002	1.4004	0	0	0	0
7003	1.4006	0	0	0	0
7004	1.4008	0	0	0	0
7005	1.401	0	0	0	0
7006	1.4012	0	0	0	0
7007	1.4014	0	0	0	0
7008	1.4016	0	0	0	0
7009	1.4018	0	0	0	0
7010	1.402	0	0	0	0
7011	1.4022	0	0	0	0
7012	1.4024	0	0	0	0
7013	1.4026	0	0	0	0
7014	1.4028	0	0	0	0
7015	1.403	0	0	0	0
7016	1.4032	0	0	0	0
7017	1.4034	0	0	0	0
7018	1.4036	0	0	0	0
7019	1.4038	0	0	0	0
7020	1.404	0	0	0	0
7021	1.4042	0	0	0	0
7022	1.4044	0	0	0	0
7023	1.4046	0	0	0	0
7024	1.4048	0	0	0	0
7025	1.405	0	0	0	0
7026	1.4052	0	0	0	0
7027	1.4054	0	0	0	0
7028	1.4056	0	0	0	0
7029	1.4058	0	0	0	0
7030	1.406	0	0	0	0
7031	1.4062	0	0	0	0
7032	1.4064	0	0	0	0
7033	1.4066	0	0	0	0
7034	1.4068	0	0	0	0
7035	1.407	0	0	0	0
7036	1.4072	0	0	0	0
7037	1.4074	0	0	0	0
7038	1.4076	0	0	0	0
7039	1.4078	0	0	0	0
7040	1.408	0	0	0	0
7041	1.4082	0	0	0	0
7042	1.4084	0	0	0	0
7043	1.4086	0	0	0	0
7044	1.4088	0	0	0	0
7045	1.409	0	0	0	0
7046	1.4092	0	0	0	0
7047	1.4094	0	0	0	0
7048	1.4096	0	0	0	0
7049	1.4098	0	0	0	0
7050	1.41	0	0	0	0
7051	1.4102	0	0	0	0
7052	1.4104	0	0	0	0
7053	1.4106	0	0	0	0
7054	1.4108	0	0	0	0
7055	1.411	0	0	0	0
7056	1.4112	0	0	0	0
7057	1.4114	0	0	0	0
7058	1.4116	0	0	0	0
7059	1.4118	0	0	0	0
7060	1.412	0	0	0	0
7061	1.4122	0	0	0	0
7062	1.4124	0	0	0	0
7063	1.4126	0	0	0	0
7064	1.4128	0	0	0	0
7065	1.413	0	0	0	0
7066	1.4132	0	0	0	0
7067	1.4134	0	0	0	0
7068	1.4136	0	0	0	0
7069	1.4138	0	0	0	0
7070	1.414	0	0	0	0
7071	1.4142	0	0	0	0
7072	1.4144	0	0	0	0
7073	1.4146	0	0	0	0
7074	1.4148	0	0	0	0
7075	1.415	0	0	0	0
7076	1.4152	0	0	0	0
7077	1.4154	0	0	0	0
7078	1.4156	0	0	0	0
7079	1.4158	0	0	0	0
7080	1.416	0	0	0	0
7081	1.4162	0	0	0	0
7082	1.4164	0	0	0	0
7083	1.4166	0	0	0	0
7084	1.4168	0	0	0	0
7085	1.417	0	0	0	0
7086	1.4172	0	0	0	0
7087	1.4174	0	0	0	0
7088	1.4176	0	0	0	0
7089	1.4178	0	0	0	0
7090	1.418	0	0	0	0
7091	1.4182	0	0	0	0
7092	1.4184	0	0	0	0
7093	1.4186	0	0	0	0
7094	1.4188	0	0	0	0
7095	1.419	0	0	0	0
7096	1.4192	0	0	0	0
7097	1.4194	0	0	0	0
7098	1.4196	0	0	0	0
7099	1.4198	0	0	0	0
7100	1.42	0	0	0	0
7101	1.4202	0	0	0	0
7102	1.4204	0	0	0	0
7103	1.4206	0	0	0	0
7104	1.4208	0	0	0	0
7105	1.421	0	0	0	0
7106	1.4212	0	0	0	0
7107	1.4214	0	0	0	0
7108	1.4216	0	0	0	0
7109	1.4218	0	0	0	0
7110	1.422	0	0	0	0
7111	1.4222	0	0	0	0
7112	1.4224	0	0	0	0
7113	1.4226	0	0	0	0
7114	1.4228	0	0	0	0
7115	1.423	0	0	0	0
7116	1.4232	0	0	0	0
7117	1.4234	0	0	0	0
7118	1.4236	0	0	0	0
7119	1.4238	0	0	0	0
7120	1.424	0	0	0	0
7121	1.4242	0	0	0	0
7122	1.4244	0	0	0	0
7123	1.4246	0	0	0	0
7124	1.4248	0	0	0	0
7125	1.425	0	0	0	0
7126	1.4252	0	0	0	0
7127	1.4254	0	0	0	0
7128	1.4256	0	0	0	0
7129	1.4258	0	0	0	0
7130	1.426	0	0	0	0
7131	1.4262	0	0	0	0
7132	1.4264	0	0	0	0
7133	1.4266	0	0	0	0
7134	1.4268	0	0	0	0
7135	1.427	0	0	0	0
7136	1.4272	0	0	0	0
7137	1.4274	0	0	0	0
7138	1.4276	0	0	0	0
7139	1.4278	0	0	0	0
7140	1.428	0	0	0	0
7141	1.4282	0	0	0	0
7142	1.4284	0	0	0	0
7143	1.4286	0	0	0	0
7144	1.4288	0	0	0	0
7145	1.429	0	0	0	0
7146	1.4292	0	0	0	0
7147	1.4294	0	0	0	0
7148	1.4296	0	0	0	0
7149	1.4298	0	0	0	0
7150	1.43	0	0	0	0
7151	1.4302	0	0	0	0
7152	1.4304	0	0	0	0
7153	1.4306	0	0	0	0
7154	1.4308	0	0	0	0
7155	1.431	0	0	0	0
7156	1.4312	0	0	0	0
7157	1.4314	0	0	0	0
7158	1.4316	0	0	0	0
7159	1.4318	0	0	0	0
7160	1.432	0	0	0	0
7161	1.4322	0	0	0	0
7162	1.4324	0	0	0	0
7163	1.4326	0	0	0	0
7164	1.4328	0	0	0	0
7165	1.433	0	0	0	0
7166	1.4332	0	0	0	0
7167	1.4334	0	0	0	0
7168	1.4336	0	0	0	0
7169	1.4338	0	0	0	0
7170	1.434	0	0	0	0
7171	1.4342	0	0	0	0
7172	1.4344	0	0	0	0
7173	1.4346	0	0	0	0
7174	1.4348	0	0	0	0
7175	1.435	0	0	0	0
7176	1.4352	0	0	0	0
7177	1.4354	0	0	0	0
7178	1.4356	0	0	0	0
7179	1.4358	0	0	0	0
7180	1.436	0	0	0	0
7181	1.4362	0	0	0	0
7182	1.4364	0	0	0	0
7183	1.4366	0	0	0	0
7184	1.4368	0	0	0	0
7185	1.437	0	0	0	0
7186	1.4372	0	0	0	0
7187	1.4374	0	0	0	0
7188	1.4376	0	0	0	0
7189	1.4378	0	0	0	0
7190	1.438	0	0	0	0
7191	1.4382	0	0	0	0
7192	1.4384	0	0	0	0
7193	1.4386	0	0	0	0
7194	1.4388	0	0	0	0
7195	1.439	0	0	0	0
7196	1.4392	0	0	0	0
7197	1.4394	0	0	0	0
7198	1.4396	0	0	0	0
7199	1.4398	0	0	0	0
7200	1.44	0	0	0	0
7201	1.4402	0	0	0	0
7202	1.4404	0	0	0	0
7203	1.4406	0	0	0	0
7204	1.4408	0	0	0	0
7205	1.441	0	0	0	0
7206	1.4412	0	0	0	0
7207	1.4414	0	0	0	0
7208	1.4416	0	0	0	0
7209	1.4418	0	0	0	0
7210	1.442	0	0	0	0
7211	1.4422	0	0	0	0
7212	1.4424	0	0	0	0
7213	1.4426	0	0	0	0
7214	1.4428	0	0	0	0
7215	1.443	0	0	0	0
7216	1.4432	0	0	0	0
7217	1.4434	0	0	0	0
7218	1.4436	0	0	0	0
7219	1.4438	0	0	0	0
7220	1.444	0	0	0	0
7221	1.4442	0	0	0	0
7222	1.4444	0	0	0	0
7223	1.4446	0	0	0	0
7224	1.4448	0	0	0	0
7225	1.445	0	0	0	0
7226	1.4452	0	0	0	0
7227	1.4454	0	0	0	0
7228	1.4456	0	0	0	0
7229	1.4458	0	0	0	0
7230	1.446	0	0	0	0
7231	1.4462	0	0	0	0
7232	1.4464	0	0	0	0
7233	1.4466	0	0	0	0
7234	1.4468	0	0	0	0
7235	1.447	0	0	0	0
7236	1.4472	0	0	0	0
7237	1.4474	0	0	0	0
7238	1.4476	0	0	0	0
7239	1.4478	0	0	0	0
7240	1.448	0	0	0	0
7241	1.4482	0	0	0	0
7242	1.4484	0	0	0	0
7243	1.4486	0	0	0	0
7244	1.4488	0	0	0	0
7245	1.449	0	0	0	0
7246	1.4492	0	0	0	0
7247	1.4494	0	0	0	0
7248	1.4496	0	0	0	0
7249	1.4498	0	0	0	0
7250	1.45	0	0	0	0
7251	1.4502	0	0	0	0
7252	1.4504	0	0	0	0
7253	1.4506	0	0	0	0
7254	1.4508	0	0	0	0
7255	1.451	0	0	0	0
7256	1.4512	0	0	0	0
7257	1.4514	0	0	0	0
7258	1.4516	0	0	0	0
7259	1.4518	0	0	0	0
7260	1.452	0	0	0	0
7261	1.4522	0	0	0	0
7262	1.4524	0	0	0	0
7263	1.4526	0	0	0	0
7264	1.4528	0	0	0	0
7265	1.453	0	0	0	0
7266	1.4532	0	0	0	0
7267	1.4534	0	0	0	0
7268	1.4536	0	0	0	0
7269	1.4538	0	0	0	0
7270	1.454	0	0	0	0
7271	1.4542	0	0	0	0
7272	1.4544	0	0	0	0
7273	1.4546	0	0	0	0
7274	1.4548	0	0	0	0
7275	1.455	0	0	0	0
7276	1.4552	0	0	0	0
7277	1.4554	0	0	0	0
7278	1.4556	0	0	0	0
7279	1.4558	0	0	0	0
7280	1.456	0	0	0	0
7281	1.4562	0	0	0	0
7282	1.4564	0	0	0	0
7283	1.4566	0	0	0	0
7284	1.4568	0	0	0	0
7285	1.457	0	0	0	0
7286	1.4572	0	0	0	0
7287	1.4574	0	0	0	0
7288	1.4576	0	0	0	0
7289	1.4578	0	0	0	0
7290	1.458	0	0	0	0
7291	1.4582	0	0	0	0
7292	1.4584	0	0	0	0
7293	1.4586	0	0	0	0
7294	1.4588	0	0	0	0
7295	1.459	0	0	0	0
7296	1.4592	0	0	0	0
7297	1.4594	0	0	0	0
7298	1.4596	0	0	0	0
7299	1.4598	0	0	0	0
7300	1.46	0	0	0	0
7301	1.4602	0	0	0	0
7302	1.4604	0	0	0	0
7303	1.4606	0	0	0	0
7304	1.4608	0	0	0	0
7305	1.461	0	0	0	0
7306	1.4612	0	0	0	0
7307	1.4614	0	0	0	0
7308	1.4616	0	0	0	0
7309	1.4618	0	0	0	0
7310	1.462	0	0	0	0
7311	1.4622	0	0	0	0
7312	1.4624	0	0	0	0
7313	1.4626	0	0	0	0
7314	1.4628	0	0	0	0
7315	1.463	0	0	0	0
7316	1.4632	0	0	0	0
7317	1.4634	0	0	0	0
7318	1.4636	0	0	0	0
7319	1.4638	0	0	0	0
7320	1.464	0	0	0	0
7321	1.4642	0	0	0	0
7322	1.4644	0	0	0	0
7323	1.4646	0	0	0	0
7324	1.4648	0	0	0	0
7325	1.465	0	0	0	0
7326	1.4652	0	0	0	0
7327	1.4654	0	0	0	0
7328	1.4656	0	0	0	0
7329	1.4658	0	0	0	0
7330	1.466	0	0	0	0
7331	1.4662	0	0	0	0
7332	1.4664	0	0	0	0
7333	1.4666	0	0	0	0
7334	1.4668	0	0	0	0
7335	1.467	0	0	0	0
7336	1.4672	0	0	0	0
7337	1.4674	0	0	0	0
7338	1.4676	0	0	0	0
7339	1.4678	0	0	0	0
7340	1.468	0	0	0	0
7341	1.4682	0	0	0	0
7342	1.4684	0	0	0	0
7343	1.4686	0	0	0	0
7344	1.4688	0	0	0	0
7345	1.469	0	0	0	0
7346	1.4692	0	0	0	0
7347	1.4694	0	0	0	0
7348	1.4696	0	0	0	0
7349	1.4698	0	0	0	0
7350	1.47	0	0	0	0
7351	1.4702	0	0	0	0
7352	1.4704	0	0	0	0
7353	1.4706	0	0	0	0
7354	1.4708	0	0	0	0
7355	1.471	0	0	0	0
7356	1.4712	0	0	0	0
7357	1.4714	0	0	0	0
7358	1.4716	0	0	0	0
7359	1.4718	0	0	0	0
7360	1.472	0	0	0	0
7361	1.4722	0	0	0	0
7362	1.4724	0	0	0	0
7363	1.4726	0	0	0	0
7364	1.4728	0	0	0	0
7365	1.473	0	0	0	0
7366	1.4732	0	0	0	0
7367	1.4734	0	0	0	0
7368	1.4736	0	0	0	0
7369	1.4738	0	0	0	0
7370	1.474	0	0	0	0
7371	1.4742	0	0	0	0
7372	1.4744	0	0	0	0
7373	1.4746	0	0	0	0
7374	1.4748	0	0	0	0
7375	1.475	0	0	0	0
7376	1.4752	0	0	0	0
7377	1.4754	0	0	0	0
7378	1.4756	0	0	0	0
7379	1.4758	0	0	0	0
7380	1.476	0	0	0	0
7381	1.4762	0	0	0	0
7382	1.4764	0	0	0	0
7383	1.4766	0	0	0	0
7384	1.4768	0	0	0	0
7385	1.477	0	0	0	0
7386	1.4772	0	0	0	0
7387	1.4774	0	0	0	0
7388	1.4776	0	0	0	0
7389	1.4778	0	0	0	0
7390	1.478	0	0	0	0
7391	1.4782	0	0	0	0
7392	1.4784	0	0	0	0
7393	1.4786	0	0	0	0
7394	1.4788	0	0	0	0
7395	1.479	0	0	0	0
7396	1.4792	0	0	0	0
7397	1.4794	0	0	0	0
7398	1.4796	0	0	0	0
7399	1.4798	0	0	0	0
7400	1.48	0	0	0	0
7401	1.4802	0	0	0	0
7402	1.4804	0	0	0	0
7403	1.4806	0	0	0	0
7404	1.4808	0	0	0	0
7405	1.481	0	0	0	0
7406	1.4812	0	0	0	0
7407	1.4814	0	0	0	0
7408	1.4816	0	0	0	0
7409	1.4818	0	0	0	0
7410	1.482	0	0	0	0
7411	1.4822	0	0	0	0
7412	1.4824	0	0	0	0
7413	1.4826	0	0	0	0
7414	1.4828	0	0	0	0
7415	1.483	0	0	0	0
7416	1.4832	0	0	0	0
7417	1.4834	0	0	0	0
7418	1.4836	0	0	0	0
7419	1.4838	0	0	0	0
7420	1.484	0	0	0	0
7421	1.4842	0	0	0	0
7422	1.4844	0	0	0	0
7423	1.4846	0	0	0	0
7424	1.4848	0	0	0	0
7425	1.485	0	0	0	0
7426	1.4852	0	0	0	0
7427	1.4854	0	0	0	0
7428	1.4856	0	0	0	0
7429	1.4858	0	0	0	0
7430	1.486	0	0	0	0
7431	1.4862	0	0	0	0
7432	1.4864	0	0	0	0
7433	1.4866	0	0	0	0
7434	1.4868	0	0	0	0
7435	1.487	0	0	0	0
7436	1.4872	0	0	0	0
7437	1.4874	0	0	0	0
7438	1.4876	0	0	0	0
7439	1.4878	0	0	0	0
7440	1.488	0	0	0	0
7441	1.4882	0	0	0	0
7442	1.4884	0	0	0	0
7443	1.4886	0	0	0	0
7444	1.4888	0	0	0	0
7445	1.489	0	0	0	0
7446	1.4892	0	0	0	0
7447	1.4894	0	0	0	0
7448	1.4896	0	0	0	0
7449	1.4898	0	0	0	0
7450	1.49	0	0	0	0
7451	1.4902	0	0	0	0
7452	1.4904	0	0	0	0
7453	1.4906	0	0	0	0
7454	1.4908	0	0	0	0
7455	1.491	0	0	0	0
7456	1.4912	0	0	0	0
7457	1.4914	0	0	0	0
7458	1.4916	0	0	0	0
7459	1.4918	0	0	0	0
7460	1.492	0	0	0	0
7461	1.4922	0	0	0	0
7462	1.4924	0	0	0	0
7463	1.4926	0	0	0	0
7464	1.4928	0	0	0	0
7465	1.493	0	0	0	0
7466	1.4932	0	0	0	0
7467	1.4934	0	0	0	0
7468	1.4936	0	0	0	0
7469	1.4938	0	0	0	0
7470	1.494	0	0	0	0
7471	1.4942	0	0	0	0
7472	1.4944	0	0	0	0
7473	1.4946	0	0	0	0
7474	1.4948	0	0	0	0
7475	1.495	0	0	0	0
7476	1.4952	0	0	0	0
7477	1.4954	0	0	0	0
7478	1.4956	0	0	0	0
7479	1.4958	0	0	0	0
7480	1.496	0	0	0	0
7481	1.4962	0	0	0	0
7482	1.4964	0	0	0	0
7483	1.4966	0	0	0	0
7484	1.4968	0	0	0	0
7485	1.497	0	0	0	0
7486	1.4972	0	0	0	0
7487	1.4974	0	0	0	0
7488	1.4976	0	0	0	0
7489	1.4978	0	0	0	0
7490	1.498	0	0	0	0
7491	1.4982	0	0	0	0
7492	1.4984	0	0	0	0
7493	1.4986	0	0	0	0
7494	1.4988	0	0	0	0
7495	1.499	0	0	0	0
7496	1.4992	0	0	0	0
7497	1.4994	0	0	0	0
7498	1.4996	0	0	0	0
7499	1.4998	0	0	0	0
7500	1.5	0	0	0	0
7501	1.5002	0	0	0	0
7502	1.5004	0	0	0	0
7503	1.5006	0	0	0	0
7504	1.5008	0	0	0	0
7505	1.501	0	0	0	0
7506	1.5012	0	0	0	0
7507	1.5014	0	0	0	0
7508	1.5016	0	0	0	0
7509	1.5018	0	0	0	0
7510	1.502	0	0	0	0
7511	1.5022	0	0	0	0
7512	1.5024	0	0	0	0
7513	1.5026	0	0	0	0
7514	1.5028	0	0	0	0
7515	1.503	0	0	0	0
7516	1.5032	0	0	0	0
7517	1.5034	0	0	0	0
7518	1.5036	0	0	0	0
7519	1.5038	0	0	0	0
7520	1.504	0	0	0	0
7521	1.5042	0	0	0	0
7522	1.5044	0	0	0	0
7523	1.5046	0	0	0	0
7524	1.5048	0	0	0	0
7525	1.505	0	0	0	0
7526	1.5052	0	0	0	0
7527	1.5054	0	0	0	0
7528	1.5056	0	0	0	0
7529	1.5058	0	0	0	0
7530	1.506	0	0	0	0
7531	1.5062	0	0	0	0
7532	1.5064	0	0	0	0
7533	1.5066	0	0	0	0
7534	1.5068	0	0	0	0
7535	1.507	0	0	0	0
7536	1.5072	0	0	0	0
7537	1.5074	0	0	0	0
7538	1.5076	0	0	0	0
7539	1.5078	0	0	0	0
7540	1.508	0	0	0	0
7541	1.5082	0	0	0	0
7542	1.5084	0	0	0	0
7543	1.5086	0	0	0	0
7544	1.5088	0	0	0	0
7545	1.509	0	0	0	0
7546	1.5092	0	0	0	0
7547	1.5094	0	0	0	0
7548	1.5096	0	0	0	0
7549	1.5098	0	0	0	0
7550	1.51	0	0	0	0
7551	1.5102	0	0	0	0
7552	1.5104	0	0	0	0
7553	1.5106	0	0	0	0
7554	1.5108	0	0	0	0
7555	1.511	0	0	0	0
7556	1.5112	0	0	0	0
7557	1.5114	0	0	0	0
7558	1.5116	0	0	0	0
7559	1.5118	0	0	0	0
7560	1.512	0	0	0	0
7561	1.5122	0	0	0	0
7562	1.5124	0	0	0	0
7563	1.5126	0	0	0	0
7564	1.5128	0	0	0	0
7565	1.513	0	0	0	0
7566	1.5132	0	0	0	0
7567	1.5134	0	0	0	0
7568	1.5136	0	0	0	0
7569	1.5138	0	0	0	0
7570	1.514	0	0	0	0
7571	1.5142	0	0	0	0
7572	1.5144	0	0	0	0
7573	1.5146	0	0	0	0
7574	1.5148	0	0	0	0
7575	1.515	0	0	0	0
7576	1.5152	0	0	0	0
7577	1.5154	0	0	0	0
7578	1.5156	0	0	0	0
7579	1.5158	0	0	0	0
7580	1.516	0	0	0	0
7581	1.5162	0	0	0	0
7582	1.5164	0	0	0	0
7583	1.5166	0	0	0	0
7584	1.5168	0	0	0	0
7585	1.517	0	0	0	0
7586	1.5172	0	0	0	0
7587	1.5174	0	0	0	0
7588	1.5176	0	0	0	0
7589	1.5178	0	0	0	0
7590	1.518	0	0	0	0
7591	1.5182	0	0	0	0
7592	1.5184	0	0	0	0
7593	1.5186	0	0	0	0
7594	1.5188	0	0	0	0
7595	1.519	0	0	0	0
7596	1.5192	0	0	0	0
7597	1.5194	0	0	0	0
7598	1.5196	0	0	0	0
7599	1.5198	0	0	0	0
7600	1.52	0	0	0	0
7601	1.5202	0	0	0	0
7602	1.5204	0	0	0	0
7603	1.5206	0	0	0	0
7604	1.5208	0	0	0	0
7605	1.521	0	0	0	0
7606	1.5212	0	0	0	0
7607	1.5214	0	0	0	0
7608	1.5216	0	0	0	0
7609	1.5218	0	0	0	0
7610	1.522	0	0	0	0
7611	1.5222	0	0	0	0
7612	1.5224	0	0	0	0
7613	1.5226	0	0	0	0
7614	1.5228	0	0	0	0
7615	1.523	0	0	0	0
7616	1.5232	0	0	0	0
7617	1.5234	0	0	0	0
7618	1.5236	0	0	0	0
7619	1.5238	0	0	0	0
7620	1.524	0	0	0	0
7621	1.5242	0	0	0	0
7622	1.5244	0	0	0	0
7623	1.5246	0	0	0	0
7624	1.5248	0	0	0	0
7625	1.525	0	0	0	0
7626	1.5252	0	0	0	0
7627	1.5254	0	0	0	0
7628	1.5256	0	0	0	0
7629	1.5258	0	0	0	0
7630	1.526	0	0	0	0
7631	1.5262	0	0	0	0
7632	1.5264	0	0	0	0
7633	1.5266	0	0	0	0
7634	1.5268	0	0	0	0
7635	1.527	0	0	0	0
7636	1.5272	0	0	0	0
7637	1.5274	0	0	0	0
7638	1.5276	0	0	0	0
7639	1.5278	0	0	0	0
7640	1.528	0	0	0	0
7641	1.5282	0	0	0	0
7642	1.5284	0	0	0	0
7643	1.5286	0	0	0	0
7644	1.5288	0	0	0	0
7645	1.529	0	0	0	0
7646	1.5292	0	0	0	0
7647	1.5294	0	0	0	0
7648	1.5296	0	0	0	0
7649	1.5298	0	0	0	0
7650	1.53	0	0	0	0
7651	1.5302	0	0	0	0
7652	1.5304	0	0	0	0
7653	1.5306	0	0	0	0
7654	1.5308	0	0	0	0
7655	1.531	0	0	0	0
7656	1.5312	0	0	0	0
7657	1.5314	0	0	0	0
7658	1.5316	0	0	0	0
7659	1.5318	0	0	0	0
7660	1.532	0	0	0	0
7661	1.5322	0	0	0	0
7662	1.5324	0	0	0	0
7663	1.5326	0	0	0	0
7664	1.5328	0	0	0	0
7665	1.533	0	0	0	0
7666	1.5332	0	0	0	0
7667	1.5334	0	0	0	0
7668	1.5336	0	0	0	0
7669	1.5338	0	0	0	0
7670	1.534	0	0	0	0
7671	1.5342	0	0	0	0
7672	1.5344	0	0	0	0
7673	1.5346	0	0	0	0
7674	1.5348	0	0	0	0
7675	1.535	0	0	0	0
7676	1.5352	0	0	0	0
7677	1.5354	0	0	0	0
7678	1.5356	0	0	0	0
7679	1.5358	0	0	0	0
7680	1.536	0	0	0	0
7681	1.5362	0	0	0	0
7682	1.5364	0	0	0	0
7683	1.5366	0	0	0	0
7684	1.5368	0	0	0	0
7685	1.537	0	0	0	0
7686	1.5372	0	0	0	0
7687	1.5374	0	0	0	0
7688	1.5376	0	0	0	0
7689	1.5378	0	0	0	0
7690	1.538	0	0	0	0
7691	1.5382	0	0	0	0
7692	1.5384	0	0	0	0
7693	1.5386	0	0	0	0
7694	1.5388	0	0	0	0
7695	1.539	0	0	0	0
7696	1.5392	0	0	0	0
7697	1.5394	0	0	0	0
7698	1.5396	0	0	0	0
7699	1.5398	0	0	0	0
7700	1.54	0	0	0	0
7701	1.5402	0	0	0	0
7702	1.5404	0	0	0	0
7703	1.5406	0	0	0	0
7704	1.5408	0	0	0	0
7705	1.541	0	0	0	0
7706	1.5412	0	0	0	0
7707	1.5414	0	0	0	0
7708	1.5416	0	0	0	0
7709	1.5418	0	0	0	0
7710	1.542	0	0	0	0
7711	1.5422	0	0	0	0
7712	1.5424	0	0	0	0
7713	1.5426	0	0	0	0
7714	1.5428	0	0	0	0
7715	1.543	0	0	0	0
7716	1.5432	0	0	0	0
7717	1.5434	0	0	0	0
7718	1.5436	0	0	0	0
7719	1.5438	0	0	0	0
7720	1.544	0	0	0	0
7721	1.5442	0	0	0	0
7722	1.5444	0	0	0	0
7723	1.5446	0	0	0	0
7724	1.5448	0	0	0	0
7725	1.545	0	0	0	0
7726	1.5452	0	0	0	0
7727	1.5454	0	0	0	0
7728	1.5456	0	0	0	0
7729	1.5458	0	0	0	0
7730	1.546	0	0	0	0
7731	1.5462	0	0	0	0
7732	1.5464	0	0	0	0
7733	1.5466	0	0	0	0
7734	1.5468	0	0	0	0
7735	1.547	0	0	0	0
7736	1.5472	0	0	0	0
7737	1.5474	0	0	0	0
7738	1.5476	0	0	0	0
7739	1.5478	0	0	0	0
7740	1.548	0	0	0	0
7741	1.5482	0	0	0	0
7742	1.5484	0	0	0	0
7743	1.5486	0	0	0	0
7744	1.5488	0	0	0	0
7745	1.549	0	0	0	0
7746	1.5492	0	0	0	0
7747	1.5494	0	0	0	0
7748	1.5496	0	0	0	0
7749	1.5498	0	0	0	0
7750	1.55	0	0	0	0
7751	1.5502	0	0	0	0
7752	1.5504	0	0	0	0
7753	1.5506	0	0	0	0
7754	1.5508	0	0	0	0
7755	1.551	0	0	0	0
7756	1.5512	0	0	0	0
7757	1.5514	0	0	0	0
7758	1.5516	0	0	0	0
7759	1.5518	0	0	0	0
7760	1.552	0	0	0	0
7761	1.5522	0	0	0	0
7762	1.5524	0	0	0	0
7763	1.5526	0	0	0	0
7764	1.5528	0	0	0	0
7765	1.553	0	0	0	0
7766	1.5532	0	0	0	0
7767	1.5534	0	0	0	0
7768	1.5536	0	0	0	0
7769	1.5538	0	0	0	0
7770	1.554	0	0	0	0
7771	1.5542	0	0	0	0
7772	1.5544	0	0	0	0
7773	1.5546	0	0	0	0
7774	1.5548	0	0	0	0
7775	1.555	0	0	0	0
7776	1.5552	0	0	0	0
7777	1.5554	0	0	0	0
7778	1.5556	0	0	0	0
7779	1.5558	0	0	0	0
7780	1.556	0	0	0	0
7781	1.5562	0	0	0	0
7782	1.5564	0	0	0	0
7783	1.5566	0	0	0	0
7784	1.5568	0	0	0	0
7785	1.557	0	0	0	0
7786	1.5572	0	0	0	0
7787	1.5574	0	0	0	0
7788	1.5576	0	0	0	0
7789	1.5578	0	0	0	0
7790	1.558	0	0	0	0
7791	1.5582	0	0	0	0
7792	1.5584	0	0	0	0
7793	1.5586	0	0	0	0
7794	1.5588	0	0	0	0
7795	1.559	0	0	0	0
7796	1.5592	0	0	0	0
7797	1.5594	0	0	0	0
7798	1.5596	0	0	0	0
7799	1.5598	0	0	0	0
7800	1.56	0	0	0	0
7801	1.5602	0	0	0	0
7802	1.5604	0	0	0	0
7803	1.5606	0	0	0	0
7804	1.5608	0	0	0	0
7805	1.561	0	0	0	0
7806	1.5612	0	0	0	0
7807	1.5614	0	0	0	0
7808	1.5616	0	0	0	0
7809	1.5618	0	0	0	0
7810	1.562	0	0	0	0
7811	1.5622	0	0	0	0
7812	1.5624	0	0	0	0
7813	1.5626	0	0	0	0
7814	1.5628	0	0	0	0
7815	1.563	0	0	0	0
7816	1.5632	0	0	0	0
7817	1.5634	0	0	0	0
7818	1.5636	0	0	0	0
7819	1.5638	0	0	0	0
7820	1.564	0	0	0	0
7821	1.5642	0	0	0	0
7822	1.5644	0	0	0	0
7823	1.5646	0	0	0	0
7824	1.5648	0	0	0	0
7825	1.565	0	0	0	0
7826	1.5652	0	0	0	0
7827	1.5654	0	0	0	0
7828	1.5656	0	0	0	0
7829	1.5658	0	0	0	0
7830	1.566	0	1	0	0
7831	1.5662	0	1	0	0
7832	1.5664	0	1	0	0
7833	1.5666	0	1	0	0
7834	1.5668	0	1	0	0
7835	1.567	0	1	0	0
7836	1.5672	0	1	0	0
7837	1.5674	0	1	0	0
7838	1.5676	0	1	0	0
7839	1.5678	0	1	0	0
7840	1.568	0	1	0	0
7841	1.5682	0	1	0	0
7842	1.5684	0	1	0	0
7843	1.5686	0	1	0	0
7844	1.5688	0	1	0	0
7845	1.569	0	1	0	0
7846	1.5692	0	1	0	0
7847	1.5694	0	1	0	0
7848	1.5696	0	1	0	0
7849	1.5698	0	1	0	0
7850	1.57	0	1	0	0
7851	1.5702	0	1	0	0
7852	1.5704	0	1	0	0
7853	1.5706	0	1	0	0
7854	1.5708	0	1	0	0
7855	1.571	0	1	0	0
7856	1.5712	0	1	0	0
7857	1.5714	0	1	0	0
7858	1.5716	0	1	0	0
7859	1.5718	0	1	0	0
7860	1.572	0	1	0	0
7861	1.5722	0	1	0	0
7862	1.5724	0	1	0	0
7863	1.5726	0	1	0	0
7864	1.5728	0	1	0	0
7865	1.573	0	1	0	0
7866	1.5732	0	1	0	0
7867	1.5734	0	1	0	0
7868	1.5736	0	1	0	0
7869	1.5738	0	1	0	0
7870	1.574	0	1	0	0
7871	1.5742	0	1	0	0
7872	1.5744	0	1	0	0
7873	1.5746	0	1	0	0
7874	1.5748	0	1	0	0
7875	1.575	0	1	0	0
7876	1.5752	0	1	0	0
7877	1.5754	0	1	0	0
7878	1.5756	0	1	0	0
7879	1.5758	0	1	0	0
7880	1.576	0	1	0	0
7881	1.5762	0	1	0	0
7882	1.5764	0	1	0	0
7883	1.5766	0	1	0	0
7884	1.5768	0	1	0	0
7885	1.577	0	1	0	0
7886	1.5772	0	1	0	0
7887	1.5774	0	1	0	0
7888	1.5776	0	1	0	0
7889	1.5778	0	1	0	0
7890	1.578	0	1	0	0
7891	1.5782	0	1	0	0
7892	1.5784	0	1	0	0
7893	1.5786	0	1	0	0
7894	1.5788	0	1	0	0
7895	1.579	0	1	0	0
7896	1.5792	0	1	0	0
7897	1.5794	0	1	0	0
7898	1.5796	0	1	0	0
7899	1.5798	0	1	0	0
7900	1.58	0	1	0	0
7901	1.5802	0	1	0	0
7902	1.5804	0	1	0	0
7903	1.5806	0	1	0	0
7904	1.5808	0	1	0	0
7905	1.581	0	1	0	0
7906	1.5812	0	1	0	0
7907	1.5814	0	1	0	0
7908	1.5816	0	1	0	0
7909	1.5818	0	1	0	0
7910	1.582	0	1	0	0
7911	1.5822	0	1	0	0
7912	1.5824	0	1	0	0
7913	1.5826	0	1	0	0
7914	1.5828	0	1	0	0
7915	1.583	0	1	0	0
7916	1.5832	0	1	0	0
7917	1.5834	0	1	0	0
7918	1.5836	0	1	0	0
7919	1.5838	0	1	0	0
7920	1.584	0	1	0	0
7921	1.5842	0	1	0	0
7922	1.5844	0	1	0	0
7923	1.5846	0	1	0	0
7924	1.5848	0	1	0	0
7925	1.585	0	1	0	0
7926	1.5852	0	1	0	0
7927	1.5854	0	1	0	0
7928	1.5856	0	1	0	0
7929	1.5858	0	1	0	0
7930	1.586	0	1	0	0
7931	1.5862	0	1	0	0
7932	1.5864	0	1	0	0
7933	1.5866	0	1	0	0
7934	1.5868	0	1	0	0
7935	1.587	0	1	0	0
7936	1.5872	0	1	0	0
7937	1.5874	0	1	0	0
7938	1.5876	0	1	0	0
7939	1.5878	0	1	0	0
7940	1.588	0	1	0	0
7941	1.5882	0	1	0	0
7942	1.5884	0	1	0	0
7943	1.5886	0	1	0	0
7944	1.5888	0	1	0	0
7945	1.589	0	1	0	0
7946	1.5892	0	1	0	0
7947	1.5894	0	1	0	0
7948	1.5896	0	1	0	0
7949	1.5898	0	1	0	0
7950	1.59	0	1	0	0
7951	1.5902	0	1	0	0
7952	1.5904	0	1	0	0
7953	1.5906	0	1	0	0
7954	1.5908	0	1	0	0
7955	1.591	0	1	0	0
7956	1.5912	0	1	0	0
7957	1.5914	0	1	0	0
7958	1.5916	0	1	0	0
7959	1.5918	0	1	0	0
7960	1.592	0	1	0	0
7961	1.5922	0	1	0	0
7962	1.5924	0	1	0	0
7963	1.5926	0	1	0	0
7964	1.5928	0	1	0	0
7965	1.593	0	1	0	0
7966	1.5932	0	1	0	0
7967	1.5934	0	1	0	0
7968	1.5936	0	1	0	0
7969	1.5938	0	1	0	0
7970	1.594	0	1	0	0
7971	1.5942	0	1	0	0
7972	1.5944	0	1	0	0
7973	1.5946	0	1	0	0
7974	1.5948	0	1	0	0
7975	1.595	0	1	0	0
7976	1.5952	0	1	0	0
7977	1.5954	0	1	0	0
7978	1.5956	0	1	0	0
7979	1.5958	0	1	0	0
7980	1.596	0	1	0	0
7981	1.5962	0	1	0	0
7982	1.5964	0	1	0	0
7983	1.5966	0	1	0	0
7984	1.5968	0	1	0	0
7985	1.597	0	1	0	0
7986	1.5972	0	1	0	0
7987	1.5974	0	1	0	0
7988	1.5976	0	1	0	0
7989	1.5978	0	1	0	0
7990	1.598	0	1	0	0
7991	1.5982	0	1	0	0
7992	1.5984	0	1	0	0
7993	1.5986	0	1	0	0
7994	1.5988	0	1	0	0
7995	1.599	0	1	0	0
7996	1.5992	0	1	0	0
7997	1.5994	0	1	0	0
7998	1.5996	0	1	0	0
7999	1.5998	0	1	0	0
8000	1.6	0	1	0	0
8001	1.6002	0	1	0	0
8002	1.6004	0	1	0	0
8003	1.6006	0	1	0	0
8004	1.6008	0	1	0	0
8005	1.601	0	1	0	0
8006	1.6012	0	1	0	0
8007	1.6014	0	1	0	0
8008	1.6016	0	1	0	0
8009	1.6018	0	1	0	0
8010	1.602	0	1	0	0
8011	1.6022	0	1	0	0
8012	1.6024	0	1	0	0
8013	1.6026	0	1	0	0
8014	1.6028	0	1	0	0
8015	1.603	0	1	0	0
8016	1.6032	0	1	0	0
8017	1.6034	0	1	0	0
8018	1.6036	0	1	0	0
8019	1.6038	0	1	0	0
8020	1.604	0	1	0	0
8021	1.6042	0	1	0	0
8022	1.6044	0	1	0	0
8023	1.6046	0	1	0	0
8024	1.6048	0	1	0	0
8025	1.605	0	1	0	0
8026	1.6052	0	1	0	0
8027	1.6054	0	1	0	0
8028	1.6056	0	1	0	0
8029	1.6058	0	1	0	0
8030	1.606	0	1	0	0
8031	1.6062	0	1	0	0
8032	1.6064	0	1	0	0
8033	1.6066	0	1	0	0
8034	1.6068	0	1	0	0
8035	1.607	0	1	0	0
8036	1.6072	0	1	0	0
8037	1.6074	0	1	0	0
8038	1.6076	0	1	0	0
8039	1.6078	0	1	0	0
8040	1.608	0	1	0	0
8041	1.6082	0	1	0	0
8042	1.6084	0	1	0	0
8043	1.6086	0	1	0	0
8044	1.6088	0	1	0	0
8045	1.609	0	1	0	0
8046	1.6092	0	1	0	0
8047	1.6094	0	1	0	0
8048	1.6096	0	1	0	0
8049	1.6098	0	1	0	0
8050	1.61	0	1	0	0
8051	1.6102	0	1	0	0
8052	1.6104	0	1	0	0
8053	1.6106	0	1	0	0
8054	1.6108	0	1	0	0
8055	1.611	0	1	0	0
8056	1.6112	0	1	0	0
8057	1.6114	0	1	0	0
8058	1.6116	0	1	0	0
8059	1.6118	0	1	0	0
8060	1.612	0	1	0	0
8061	1.6122	0	1	0	0
8062	1.6124	0	1	0	0
8063	1.6126	0	1	0	0
8064	1.6128	0	1	0	0
8065	1.613	0	1	0	0
8066	1.6132	0	1	0	0
8067	1.6134	0	1	0	0
8068	1.6136	0	1	0	0
8069	1.6138	0	1	0	0
8070	1.614	0	1	0	0
8071	1.6142	0	1	0	0
8072	1.6144	0	1	0	0
8073	1.6146	0	1	0	0
8074	1.6148	0	1	0	0
8075	1.615	0	1	0	0
8076	1.6152	0	1	0	0
8077	1.6154	0	1	0	0
8078	1.6156	0	1	0	0
8079	1.6158	0	1	0	0
8080	1.616	0	1	0	0
8081	1.6162	0	1	0	0
8082	1.6164	0	1	0	0
8083	1.6166	0	1	0	0
8084	1.6168	0	1	0	0
8085	1.617	0	1	0	0
8086	1.6172	0	1	0	0
8087	1.6174	0	1	0	0
8088	1.6176	0	1	0	0
8089	1.6178	0	1	0	0
8090	1.618	0	1	0	0
8091	1.6182	0	1	0	0
8092	1.6184	0	1	0	0
8093	1.6186	0	1	0	0
8094	1.6188	0	1	0	0
8095	1.619	0	1	0	0
8096	1.6192	0	1	0	0
8097	1.6194	0	1	0	0
8098	1.6196	0	1	0	0
8099	1.6198	0	1	0	0
8100	1.62	0	1	0	0
8101	1.6202	0	1	0	0
8102	1.6204	0	1	0	0
8103	1.6206	0	1	0	0
8104	1.6208	0	1	0	0
8105	1.621	0	1	0	0
8106	1.6212	0	1	0	0
8107	1.6214	0	1	0	0
8108	1.6216	0	1	0	0
8109	1.6218	0	1	0	0
8110	1.622	0	1	0	0
8111	1.6222	0	1	0	0
8112	1.6224	0	1	0	0
8113	1.6226	0	1	0	0
8114	1.6228	0	1	0	0
8115	1.623	0	1	0	0
8116	1.6232	0	1	0	0
8117	1.6234	0	1	0	0
8118	1.6236	0	1	0	0
8119	1.6238	0	1	0	0
8120	1.624	0	1	0	0
8121	1.6242	0	1	0	0
8122	1.6244	0	1	0	0
8123	1.6246	0	1	0	0
8124	1.6248	0	1	0	0
8125	1.625	0	1	0	0
8126	1.6252	0	1	0	0
8127	1.6254	0	1	0	0
8128	1.6256	0	1	0	0
8129	1.6258	0	1	0	0
8130	1.626	0	1	0	0
8131	1.6262	0	1	0	0
8132	1.6264	0	1	0	0
8133	1.6266	0	1	0	0
8134	1.6268	0	1	0	0
8135	1.627	0	1	0	0
8136	1.6272	0	1	0	0
8137	1.6274	0	1	0	0
8138	1.6276	0	1	0	0
8139	1.6278	0	1	0	0
8140	1.628	0	1	0	0
8141	1.6282	0	1	0	0
8142	1.6284	0	1	0	0
8143	1.6286	0	1	0	0
8144	1.6288	0	1	0	0
8145	1.629	0	1	0	0
8146	1.6292	0	1	0	0
8147	1.6294	0	1	0	0
8148	1.6296	0	1	0	0
8149	1.6298	0	1	0	0
8150	1.63	0	1	0	0
8151	1.6302	0	1	0	0
8152	1.6304	0	1	0	0
8153	1.6306	0	1	0	0
8154	1.6308	0	1	0	0
8155	1.631	0	1	0	0
8156	1.6312	0	1	0	0
8157	1.6314	0	1	0	0
8158	1.6316	0	1	0	0
8159	1.6318	0	1	0	0
8160	1.632	0	1	0	0
8161	1.6322	0	1	0	0
8162	1.6324	0	1	0	0
8163	1.6326	0	1	0	0
8164	1.6328	0	1	0	0
8165	1.633	0	1	0	0
8166	1.6332	0	1	0	0
8167	1.6334	0	1	0	0
8168	1.6336	0	1	0	0
8169	1.6338	0	1	0	0
8170	1.634	0	1	0	0
8171	1.6342	0	1	0	0
8172	1.6344	0	1	0	0
8173	1.6346	0	1	0	0
8174	1.6348	0	1	0	0
8175	1.635	0	1	0	0
8176	1.6352	0	1	0	0
8177	1.6354	0	1	0	0
8178	1.6356	0	1	0	0
8179	1.6358	0	1	0	0
8180	1.636	0	1	0	0
8181	1.6362	0	1	0	0
8182	1.6364	0	1	0	0
8183	1.6366	0	1	0	0
8184	1.6368	0	1	0	0
8185	1.637	0	1	0	0
8186	1.6372	0	1	0	0
8187	1.6374	0	1	0	0
8188	1.6376	0	1	0	0
8189	1.6378	0	1	0	0
8190	1.638	0	1	0	0
8191	1.6382	0	1	0	0
8192	1.6384	0	1	0	0
8193	1.6386	0	1	0	0
8194	1.6388	0	1	0	0
8195	1.639	0	1	0	0
8196	1.6392	0	1	0	0
8197	1.6394	0	1	0	0
8198	1.6396	0	1	0	0
8199	1.6398	0	1	0	0
8200	1.64	0	1	0	0
8201	1.6402	0	1	0	0
8202	1.6404	0	1	0	0
8203	1.6406	0	1	0	0
8204	1.6408	0	1	0	0
8205	1.641	0	1	0	0
8206	1.6412	0	1	0	0
8207	1.6414	0	1	0	0
8208	1.6416	0	1	0	0
8209	1.6418	0	1	0	0
8210	1.642	0	1	0	0
8211	1.6422	0	1	0	0
8212	1.6424	0	1	0	0
8213	1.6426	0	1	0	0
8214	1.6428	0	1	0	0
8215	1.643	0	1	0	0
8216	1.6432	0	1	0	0
8217	1.6434	0	1	0	0
8218	1.6436	0	1	0	0
8219	1.6438	0	1	0	0
8220	1.644	0	1	0	0
8221	1.6442	0	1	0	0
8222	1.6444	0	1	0	0
8223	1.6446	0	1	0	0
8224	1.6448	0	1	0	0
8225	1.645	0	1	0	0
8226	1.6452	0	1	0	0
8227	1.6454	0	1	0	0
8228	1.6456	0	1	0	0
8229	1.6458	0	1	0	0
8230	1.646	0	1	0	0
8231	1.6462	0	1	0	0
8232	1.6464	0	1	0	0
8233	1.6466	0	1	0	0
8234	1.6468	0	1	0	0
8235	1.647	0	1	0	0
8236	1.6472	0	1	0	0
8237	1.6474	0	1	0	0
8238	1.6476	0	1	0	0
8239	1.6478	0	1	0	0
8240	1.648	0	1	0	0
8241	1.6482	0	1	0	0
8242	1.6484	0	1	0	0
8243	1.6486	0	1	0	0
8244	1.6488	0	1	0	0
8245	1.649	0	1	0	0
8246	1.6492	0	1	0	0
8247	1.6494	0	1	0	0
8248	1.6496	0	1	0	0
8249	1.6498	0	1	0	0
8250	1.65	0	1	0	0
8251	1.6502	0	1	0	0
8252	1.6504	0	1	0	0
8253	1.6506	0	1	0	0
8254	1.6508	0	1	0	0
8255	1.651	0	1	0	0
8256	1.6512	0	1	0	0
8257	1.6514	0	1	0	0
8258	1.6516	0	1	0	0
8259	1.6518	0	1	0	0
8260	1.652	0	1	0	0
8261	1.6522	0	1	0	0
8262	1.6524	0	1	0	0
8263	1.6526	0	1	0	0
8264	1.6528	0	1	0	0
8265	1.653	0	1	0	0
8266	1.6532	0	1	0	0
8267	1.6534	0	1	0	0
8268	1.6536	0	1	0	0
8269	1.6538	0	1	0	0
8270	1.654	0	1	0	0
8271	1.6542	0	1	0	0
8272	1.6544	0	1	0	0
8273	1.6546	0	1	0	0
8274	1.6548	0	1	0	0
8275	1.655	0	1	0	0
8276	1.6552	0	1	0	0
8277	1.6554	0	1	0	0
8278	1.6556	0	1	0	0
8279	1.6558	0	1	0	0
8280	1.656	0	1	0	0
8281	1.6562	0	1	0	0
8282	1.6564	0	1	0	0
8283	1.6566	0	1	0	0
8284	1.6568	0	1	0	0
8285	1.657	0	1	0	0
8286	1.6572	0	1	0	0
8287	1.6574	0	1	0	0
8288	1.6576	0	1	0	0
8289	1.6578	0	1	0	0
8290	1.658	0	1	0	0
8291	1.6582	0	1	0	0
8292	1.6584	0	1	0	0
8293	1.6586	0	1	0	0
8294	1.6588	0	1	0	0
8295	1.659	0	1	0	0
8296	1.6592	0	1	0	0
8297	1.6594	0	1	0	0
8298	1.6596	0	1	0	0
8299	1.6598	0	1	0	0
8300	1.66	0	1	0	0
8301	1.6602	0	1	0	0
8302	1.6604	0	1	0	0
8303	1.6606	0	1	0	0
8304	1.6608	0	1	0	0
8305	1.661	0	1	0	0
8306	1.6612	0	1	0	0
8307	1.6614	0	1	0	0
8308	1.6616	0	1	0	0
8309	1.6618	0	1	0	0
8310	1.662	0	1	0	0
8311	1.6622	0	1	0	0
8312	1.6624	0	1	0	0
8313	1.6626	0	1	0	0
8314	1.6628	0	1	0	0
8315	1.663	0	1	0	0
8316	1.6632	0	1	0	0
8317	1.6634	0	1	0	0
8318	1.6636	0	1	0	0
8319	1.6638	0	1	0	0
8320	1.664	0	1	0	0
8321	1.6642	0	1	0	0
8322	1.6644	0	1	0	0
8323	1.6646	0	1	0	0
8324	1.6648	0	1	0	0
8325	1.665	0	1	0	0
8326	1.6652	0	1	0	0
8327	1.6654	0	1	0	0
8328	1.6656	0	1	0	0
8329	1.6658	0	1	0	0
8330	1.666	0	1	0	0
8331	1.6662	0	1	0	0
8332	1.6664	0	1	0	0
8333	1.6666	0	1	0	0
8334	1.6668	0	1	0	0
8335	1.667	0	1	0	0
8336	1.6672	0	1	0	0
8337	1.6674	0	1	0	0
8338	1.6676	0	1	0	0
8339	1.6678	0	1	0	0
8340	1.668	0	1	0	0
8341	1.6682	0	1	0	0
8342	1.6684	0	1	0	0
8343	1.6686	0	1	0	0
8344	1.6688	0	1	0	0
8345	1.669	0	1	0	0
8346	1.6692	0	1	0	0
8347	1.6694	0	1	0	0
8348	1.6696	0	1	0	0
8349	1.6698	0	1	0	0
8350	1.67	0	1	0	0
8351	1.6702	0	1	0	0
8352	1.6704	0	1	0	0
8353	1.6706	0	1	0	0
8354	1.6708	0	1	0	0
8355	1.671	0	1	0	0
8356	1.6712	0	1	0	0
8357	1.6714	0	1	0	0
8358	1.6716	0	1	0	0
8359	1.6718	0	1	0	0
8360	1.672	0	1	0	0
8361	1.6722	0	1	0	0
8362	1.6724	0	1	0	0
8363	1.6726	0	1	0	0
8364	1.6728	0	1	0	0
8365	1.673	0	1	0	0
8366	1.6732	0	1	0	0
8367	1.6734	0	1	0	0
8368	1.6736	0	1	0	0
8369	1.6738	0	1	0	0
8370	1.674	0	1	0	0
8371	1.6742	0	1	0	0
8372	1.6744	0	1	0	0
8373	1.6746	0	1	0	0
8374	1.6748	0	1	0	0
8375	1.675	0	1	0	0
8376	1.6752	0	1	0	0
8377	1.6754	0	1	0	0
8378	1.6756	0	1	0	0
8379	1.6758	0	1	0	0
8380	1.676	0	1	0	0
8381	1.6762	0	1	0	0
8382	1.6764	0	1	0	0
8383	1.6766	0	1	0	0
8384	1.6768	0	1	0	0
8385	1.677	0	1	0	0
8386	1.6772	0	1	0	0
8387	1.6774	0	1	0	0
8388	1.6776	0	1	0	0
8389	1.6778	0	1	0	0
8390	1.678	0	1	0	0
8391	1.6782	0	1	0	0
8392	1.6784	0	1	0	0
8393	1.6786	0	1	0	0
8394	1.6788	0	1	0	0
8395	1.679	0	1	0	0
8396	1.6792	0	1	0	0
8397	1.6794	0	1	0	0
8398	1.6796	0	1	0	0
8399	1.6798	0	1	0	0
8400	1.68	0	1	0	0
8401	1.6802	0	1	0	0
8402	1.6804	0	1	0	0
8403	1.6806	0	1	0	0
8404	1.6808	0	1	0	0
8405	1.681	0	1	0	0
8406	1.6812	0	1	0	0
8407	1.6814	0	1	0	0
8408	1.6816	0	1	0	0
8409	1.6818	0	1	0	0
8410	1.682	0	1	0	0
8411	1.6822	0	1	0	0
8412	1.6824	0	1	0	0
8413	1.6826	0	1	0	0
8414	1.6828	0	1	0	0
8415	1.683	0	1	0	0
8416	1.6832	0	1	0	0
8417	1.6834	0	1	0	0
8418	1.6836	0	1	0	0
8419	1.6838	0	1	0	0
8420	1.684	0	1	0	0
8421	1.6842	0	1	0	0
8422	1.6844	0	1	0	0
8423	1.6846	0	1	0	0
8424	1.6848	0	1	0	0
8425	1.685	0	1	0	0
8426	1.6852	0	1	0	0
8427	1.6854	0	1	0	0
8428	1.6856	0	1	0	0
8429	1.6858	0	1	0	0
8430	1.686	0	1	0	0
8431	1.6862	0	1	0	0
8432	1.6864	0	1	0	0
8433	1.6866	0	1	0	0
8434	1.6868	0	1	0	0
8435	1.687	0	1	0	0
8436	1.6872	0	1	0	0
8437	1.6874	0	1	0	0
8438	1.6876	0	1	0	0
8439	1.6878	0	1	0	0
8440	1.688	0	1	0	0
8441	1.6882	0	1	0	0
8442	1.6884	0	1	0	0
8443	1.6886	0	1	0	0
8444	1.6888	0	1	0	0
8445	1.689	0	1	0	0
8446	1.6892	0	1	0	0
8447	1.6894	0	1	0	0
8448	1.6896	0	1	0	0
8449	1.6898	0	1	0	0
8450	1.69	0	1	0	0
8451	1.6902	0	1	0	0
8452	1.6904	0	1	0	0
8453	1.6906	0	1	0	0
8454	1.6908	0	1	0	0
8455	1.691	0	1	0	0
8456	1.6912	0	1	0	0
8457	1.6914	0	1	0	0
8458	1.6916	0	1	0	0
8459	1.6918	0	1	0	0
8460	1.692	0	1	0	0
8461	1.6922	0	1	0	0
8462	1.6924	0	1	0	0
8463	1.6926	0	1	0	0
8464	1.6928	0	1	0	0
8465	1.693	0	1	0	0
8466	1.6932	0	1	0	0
8467	1.6934	0	1	0	0
8468	1.6936	0	1	0	0
8469	1.6938	0	1	0	0
8470	1.694	0	1	0	0
8471	1.6942	0	1	0	0
8472	1.6944	0	1	0	0
8473	1.6946	0	1	0	0
8474	1.6948	0	1	0	0
8475	1.695	0	1	0	0
8476	1.6952	0	1	0	0
8477	1.6954	0	1	0	0
8478	1.6956	0	1	0	0
8479	1.6958	0	1	0	0
8480	1.696	0	1	0	0
8481	1.6962	0	1	0	0
8482	1.6964	0	1	0	0
8483	1.6966	0	1	0	0
8484	1.6968	0	1	0	0
8485	1.697	0	1	0	0
8486	1.6972	0	1	0	0
8487	1.6974	0	1	0	0
8488	1.6976	0	1	0	0
8489	1.6978	0	1	0	0
8490	1.698	0	1	0	0
8491	1.6982	0	1	0	0
8492	1.6984	0	1	0	0
8493	1.6986	0	1	0	0
8494	1.6988	0	1	0	0
8495	1.699	0	1	0	0
8496	1.6992	0	1	0	0
8497	1.6994	0	1	0	0
8498	1.6996	0	1	0	0
8499	1.6998	0	1	0	0
8500	1.7	0	1	0	0
8501	1.7002	0	1	0	0
8502	1.7004	0	1	0	0
8503	1.7006	0	1	0	0
8504	1.7008	0	1	0	0
8505	1.701	0	1	0	0
8506	1.7012	0	1	0	0
8507	1.7014	0	1	0	0
8508	1.7016	0	1	0	0
8509	1.7018	0	1	0	0
8510	1.702	0	1	0	0
8511	1.7022	0	1	0	0
8512	1.7024	0	1	0	0
8513	1.7026	0	1	0	0
8514	1.7028	0	1	0	0
8515	1.703	0	1	0	0
8516	1.7032	0	1	0	0
8517	1.7034	0	1	0	0
8518	1.7036	0	1	0	0
8519	1.7038	0	1	0	0
8520	1.704	0	1	0	0
8521	1.7042	0	1	0	0
8522	1.7044	0	1	0	0
8523	1.7046	0	1	0	0
8524	1.7048	0	1	0	0
8525	1.705	0	1	0	0
8526	1.7052	0	1	0	0
8527	1.7054	0	1	0	0
8528	1.7056	0	1	0	0
8529	1.7058	0	1	0	0
8530	1.706	0	1	0	0
8531	1.7062	0	1	0	0
8532	1.7064	0	1	0	0
8533	1.7066	0	1	0	0
8534	1.7068	0	1	0	0
8535	1.707	0	1	0	0
8536	1.7072	0	1	0	0
8537	1.7074	0	1	0	0
8538	1.7076	0	1	0	0
8539	1.7078	0	1	0	0
8540	1.708	0	1	0	0
8541	1.7082	0	1	0	0
8542	1.7084	0	1	0	0
8543	1.7086	0	1	0	0
8544	1.7088	0	1	0	0
8545	1.709	0	1	0	0
8546	1.7092	0	1	0	0
8547	1.7094	0	1	0	0
8548	1.7096	0	1	0	0
8549	1.7098	0	1	0	0
8550	1.71	0	1	0	0
8551	1.7102	0	1	0	0
8552	1.7104	0	1	0	0
8553	1.7106	0	1	0	0
8554	1.7108	0	1	0	0
8555	1.711	0	1	0	0
8556	1.7112	0	1	0	0
8557	1.7114	0	1	0	0
8558	1.7116	0	1	0	0
8559	1.7118	0	1	0	0
8560	1.712	0	1	0	0
8561	1.7122	0	1	0	0
8562	1.7124	0	1	0	0
8563	1.7126	0	1	0	0
8564	1.7128	0	1	0	0
8565	1.713	0	1	0	0
8566	1.7132	0	1	0	0
8567	1.7134	0	1	0	0
8568	1.7136	0	1	0	0
8569	1.7138	0	1	0	0
8570	1.714	0	1	0	0
8571	1.7142	0	1	0	0
8572	1.7144	0	1	0	0
8573	1.7146	0	1	0	0
8574	1.7148	0	1	0	0
8575	1.715	0	1	0	0
8576	1.7152	0	1	0	0
8577	1.7154	0	1	0	0
8578	1.7156	0	1	0	0
8579	1.7158	0	1	0	0
8580	1.716	0	1	0	0
8581	1.7162	0	1	0	0
8582	1.7164	0	1	0	0
8583	1.7166	0	1	0	0
8584	1.7168	0	1	0	0
8585	1.717	0	1	0	0
8586	1.7172	0	1	0	0
8587	1.7174	0	1	0	0
8588	1.7176	0	1	0	0
8589	1.7178	0	1	0	0
8590	1.718	0	1	0	0
8591	1.7182	0	1	0	0
8592	1.7184	0	1	0	0
8593	1.7186	0	1	0	0
8594	1.7188	0	1	0	0
8595	1.719	0	1	0	0
8596	1.7192	0	1	0	0
8597	1.7194	0	1	0	0
8598	1.7196	0	1	0	0
8599	1.7198	0	1	0	0
8600	1.72	0	1	0	0
8601	1.7202	0	1	0	0
8602	1.7204	0	1	0	0
8603	1.7206	0	1	0	0
8604	1.7208	0	1	0	0
8605	1.721	0	1	0	0
8606	1.7212	0	1	0	0
8607	1.7214	0	1	0	0
8608	1.7216	0	1	0	0
8609	1.7218	0	1	0	0
8610	1.722	0	1	0	0
8611	1.7222	0	1	0	0
8612	1.7224	0	1	0	0
8613	1.7226	0	1	0	0
8614	1.7228	0	1	0	0
8615	1.723	0	1	0	0
8616	1.7232	0	1	0	0
8617	1.7234	0	1	0	0
8618	1.7236	0	1	0	0
8619	1.7238	0	1	0	0
8620	1.724	0	1	0	0
8621	1.7242	0	1	0	0
8622	1.7244	0	1	0	0
8623	1.7246	0	1	0	0
8624	1.7248	0	1	0	0
8625	1.725	0	1	0	0
8626	1.7252	0	1	0	0
8627	1.7254	0	1	0	0
8628	1.7256	0	1	0	0
8629	1.7258	0	1	0	0
8630	1.726	0	1	0	0
8631	1.7262	0	1	0	0
8632	1.7264	0	1	0	0
8633	1.7266	0	1	0	0
8634	1.7268	0	1	0	0
8635	1.727	0	1	0	0
8636	1.7272	0	1	0	0
8637	1.7274	0	1	0	0
8638	1.7276	0	1	0	0
8639	1.7278	0	1	0	0
8640	1.728	0	1	0	0
8641	1.7282	0	1	0	0
8642	1.7284	0	1	0	0
8643	1.7286	0	1	0	0
8644	1.7288	0	1	0	0
8645	1.729	0	1	0	0
8646	1.7292	0	1	0	0
8647	1.7294	0	1	0	0
8648	1.7296	0	1	0	0
8649	1.7298	0	1	0	0
8650	1.73	0	1	0	0
8651	1.7302	0	1	0	0
8652	1.7304	0	1	0	0
8653	1.7306	0	1	0	0
8654	1.7308	0	1	0	0
8655	1.731	0	1	0	0
8656	1.7312	0	1	0	0
8657	1.7314	0	1	0	0
8658	1.7316	0	1	0	0
8659	1.7318	0	1	0	0
8660	1.732	0	1	0	0
8661	1.7322	0	1	0	0
8662	1.7324	0	1	0	0
8663	1.7326	0	1	0	0
8664	1.7328	0	1	0	0
8665	1.733	0	1	0	0
8666	1.7332	0	1	0	0
8667	1.7334	0	1	0	0
8668	1.7336	0	1	0	0
8669	1.7338	0	1	0	0
8670	1.734	0	1	0	0
8671	1.7342	0	1	0	0
8672	1.7344	0	1	0	0
8673	1.7346	0	1	0	0
8674	1.7348	0	1	0	0
8675	1.735	0	1	0	0
8676	1.7352	0	1	0	0
8677	1.7354	0	1	0	0
8678	1.7356	0	1	0	0
8679	1.7358	0	1	0	0
8680	1.736	0	1	0	0
8681	1.7362	0	1	0	0
8682	1.7364	0	1	0	0
8683	1.7366	0	1	0	0
8684	1.7368	0	1	0	0
8685	1.737	0	1	0	0
8686	1.7372	0	1	0	0
8687	1.7374	0	1	0	0
8688	1.7376	0	1	0	0
8689	1.7378	0	1	0	0
8690	1.738	0	1	0	0
8691	1.7382	0	1	0	0
8692	1.7384	0	1	0	0
8693	1.7386	0	1	0	0
8694	1.7388	0	1	0	0
8695	1.739	0	1	0	0
8696	1.7392	0	1	0	0
8697	1.7394	0	1	0	0
8698	1.7396	0	1	0	0
8699	1.7398	0	1	0	0
8700	1.74	0	1	0	0
8701	1.7402	0	1	0	0
8702	1.7404	0	1	0	0
8703	1.7406	0	1	0	0
8704	1.7408	0	1	0	0
8705	1.741	0	1	0	0
8706	1.7412	0	1	0	0
8707	1.7414	0	1	0	0
8708	1.7416	0	1	0	0
8709	1.7418	0	1	0	0
8710	1.742	0	1	0	0
8711	1.7422	0	1	0	0
8712	1.7424	0	1	0	0
8713	1.7426	0	1	0	0
8714	1.7428	0	1	0	0
8715	1.743	0	1	0	0
8716	1.7432	0	1	0	0
8717	1.7434	0	1	0	0
8718	1.7436	0	1	0	0
8719	1.7438	0	1	0	0
8720	1.744	0	1	0	0
8721	1.7442	0	1	0	0
8722	1.7444	0	1	0	0
8723	1.7446	0	1	0	0
8724	1.7448	0	1	0	0
8725	1.745	0	1	0	0
8726	1.7452	0	1	0	0
8727	1.7454	0	1	0	0
8728	1.7456	0	1	0	0
8729	1.7458	0	1	0	0
8730	1.746	0	1	0	0
8731	1.7462	0	1	0	0
8732	1.7464	0	1	0	0
8733	1.7466	0	1	0	0
8734	1.7468	0	1	0	0
8735	1.747	0	1	0	0
8736	1.7472	0	1	0	0
8737	1.7474	0	1	0	0
8738	1.7476	0	1	0	0
8739	1.7478	0	1	0	0
8740	1.748	0	1	0	0
8741	1.7482	0	1	0	0
8742	1.7484	0	1	0	0
8743	1.7486	0	1	0	0
8744	1.7488	0	1	0	0
8745	1.749	0	1	0	0
8746	1.7492	0	1	0	0
8747	1.7494	0	1	0	0
8748	1.7496	0	1	0	0
8749	1.7498	0	1	0	0
8750	1.75	0	1	0	0
8751	1.7502	0	1	0	0
8752	1.7504	0	1	0	0
8753	1.7506	0	1	0	0
8754	1.7508	0	1	0	0
8755	1.751	0	1	0	0
8756	1.7512	0	1	0	0
8757	1.7514	0	1	0	0
8758	1.7516	0	1	0	0
8759	1.7518	0	1	0	0
8760	1.752	0	1	0	0
8761	1.7522	0	1	0	0
8762	1.7524	0	1	0	0
8763	1.7526	0	1	0	0
8764	1.7528	0	1	0	0
8765	1.753	0	1	0	0
8766	1.7532	0	1	0	0
8767	1.7534	0	1	0	0
8768	1.7536	0	1	0	0
8769	1.7538	0	1	0	0
8770	1.754	0	1	0	0
8771	1.7542	0	1	0	0
8772	1.7544	0	1	0	0
8773	1.7546	0	1	0	0
8774	1.7548	0	1	0	0
8775	1.755	0	1	0	0
8776	1.7552	0	1	0	0
8777	1.7554	0	1	0	0
8778	1.7556	0	1	0	0
8779	1.7558	0	1	0	0
8780	1.756	0	1	0	0
8781	1.7562	0	1	0	0
8782	1.7564	0	1	0	0
8783	1.7566	0	1	0	0
8784	1.7568	0	1	0	0
8785	1.757	0	1	0	0
8786	1.7572	0	1	0	0
8787	1.7574	0	1	0	0
8788	1.7576	0	1	0	0
8789	1.7578	0	1	0	0
8790	1.758	0	1	0	0
8791	1.7582	0	1	0	0
8792	1.7584	0	1	0	0
8793	1.7586	0	1	0	0
8794	1.7588	0	1	0	0
8795	1.759	0	1	0	0
8796	1.7592	0	1	0	0
8797	1.7594	0	1	0	0
8798	1.7596	0	1	0	0
8799	1.7598	0	1	0	0
8800	1.76	0	1	0	0
8801	1.7602	0	1	0	0
8802	1.7604	0	1	0	0
8803	1.7606	0	1	0	0
8804	1.7608	0	1	0	0
8805	1.761	0	1	0	0
8806	1.7612	0	1	0	0
8807	1.7614	0	1	0	0
8808	1.7616	0	1	0	0
8809	1.7618	0	1	0	0
8810	1.762	0	1	0	0
8811	1.7622	0	1	0	0
8812	1.7624	0	1	0	0
8813	1.7626	0	1	0	0
8814	1.7628	0	1	0	0
8815	1.763	0	1	0	0
8816	1.7632	0	1	0	0
8817	1.7634	0	1	0	0
8818	1.7636	0	1	0	0
8819	1.7638	0	1	0	0
8820	1.764	0	1	0	0
8821	1.7642	0	1	0	0
8822	1.7644	0	1	0	0
8823	1.7646	0	1	0	0
8824	1.7648	0	1	0	0
8825	1.765	0	1	0	0
8826	1.7652	0	1	0	0
8827	1.7654	0	1	0	0
8828	1.7656	0	1	0	0
8829	1.7658	0	1	0	0
8830	1.766	0	1	0	0
8831	1.7662	0	1	0	0
8832	1.7664	0	1	0	0
8833	1.7666	0	1	0	0
8834	1.7668	0	1	0	0
8835	1.767	0	1	0	0
8836	1.7672	0	1	0	0
8837	1.7674	0	1	0	0
8838	1.7676	0	1	0	0
8839	1.7678	0	1	0	0
8840	1.768	0	1	0	0
8841	1.7682	0	1	0	0
8842	1.7684	0	1	0	0
8843	1.7686	0	1	0	0
8844	1.7688	0	1	0	0
8845	1.769	0	1	0	0
8846	1.7692	0	1	0	0
8847	1.7694	0	1	0	0
8848	1.7696	0	1	0	0
8849	1.7698	0	1	0	0
8850	1.77	0	1	0	0
8851	1.7702	0	1	0	0
8852	1.7704	0	1	0	0
8853	1.7706	0	1	0	0
8854	1.7708	0	1	0	0
8855	1.771	0	1	0	0
8856	1.7712	0	1	0	0
8857	1.7714	0	1	0	0
8858	1.7716	0	1	0	0
8859	1.7718	0	1	0	0
8860	1.772	0	1	0	0
8861	1.7722	0	1	0	0
8862	1.7724	0	1	0	0
8863	1.7726	0	1	0	0
8864	1.7728	0	1	0	0
8865	1.773	0	1	0	0
8866	1.7732	0	1	0	0
8867	1.7734	0	1	0	0
8868	1.7736	0	1	0	0
8869	1.7738	0	1	0	0
8870	1.774	0	1	0	0
8871	1.7742	0	1	0	0
8872	1.7744	0	1	0	0
8873	1.7746	0	1	0	0
8874	1.7748	0	1	0	0
8875	1.775	0	1	0	0
8876	1.7752	0	1	0	0
8877	1.7754	0	1	0	0
8878	1.7756	0	1	0	0
8879	1.7758	0	1	0	0
8880	1.776	0	1	0	0
8881	1.7762	0	1	0	0
8882	1.7764	0	1	0	0
8883	1.7766	0	1	0	0
8884	1.7768	0	1	0	0
8885	1.777	0	1	0	0
8886	1.7772	0	1	0	0
8887	1.7774	0	1	0	0
8888	1.7776	0	1	0	0
8889	1.7778	0	1	0	0
8890	1.778	0	1	0	0
8891	1.7782	0	1	0	0
8892	1.7784	0	1	0	0
8893	1.7786	0	1	0	0
8894	1.7788	0	1	0	0
8895	1.779	0	1	0	0
8896	1.7792	0	1	0	0
8897	1.7794	0	1	0	0
8898	1.7796	0	1	0	0
8899	1.7798	0	1	0	0
8900	1.78	0	1	0	0
8901	1.7802	0	1	0	0
8902	1.7804	0	1	0	0
8903	1.7806	0	1	0	0
8904	1.7808	0	1	0	0
8905	1.781	0	1	0	0
8906	1.7812	0	1	0	0
8907	1.7814	0	1	0	0
8908	1.7816	0	1	0	0
8909	1.7818	0	1	0	0
8910	1.782	0	1	0	0
8911	1.7822	0	1	0	0
8912	1.7824	0	1	0	0
8913	1.7826	0	1	0	0
8914	1.7828	0	1	0	0
8915	1.783	0	1	0	0
8916	1.7832	0	1	0	0
8917	1.7834	0	1	0	0
8918	1.7836	0	1	0	0
8919	1.7838	0	1	0	0
8920	1.784	0	1	0	0
8921	1.7842	0	1	0	0
8922	1.7844	0	1	0	0
8923	1.7846	0	1	0	0
8924	1.7848	0	1	0	0
8925	1.785	0	1	0	0
8926	1.7852	0	1	0	0
8927	1.7854	0	1	0	0
8928	1.7856	0	1	0	0
8929	1.7858	0	1	0	0
8930	1.786	0	1	0	0
8931	1.7862	0	1	0	0
8932	1.7864	0	1	0	0
8933	1.7866	0	1	0	0
8934	1.7868	0	1	0	0
8935	1.787	0	1	0	0
8936	1.7872	0	1	0	0
8937	1.7874	0	1	0	0
8938	1.7876	0	1	0	0
8939	1.7878	0	1	0	0
8940	1.788	0	1	0	0
8941	1.7882	0	1	0	0
8942	1.7884	0	1	0	0
8943	1.7886	0	1	0	0
8944	1.7888	0	1	0	0
8945	1.789	0	1	0	0
8946	1.7892	0	1	0	0
8947	1.7894	0	1	0	0
8948	1.7896	0	1	0	0
8949	1.7898	0	1	0	0
8950	1.79	0	1	0	0
8951	1.7902	0	1	0	0
8952	1.7904	0	1	0	0
8953	1.7906	0	1	0	0
8954	1.7908	0	1	0	0
8955	1.791	0	1	0	0
8956	1.7912	0	1	0	0
8957	1.7914	0	1	0	0
8958	1.7916	0	1	0	0
8959	1.7918	0	1	0	0
8960	1.792	0	1	0	0
8961	1.7922	0	1	0	0
8962	1.7924	0	1	0	0
8963	1.7926	0	1	0	0
8964	1.7928	0	1	0	0
8965	1.793	0	1	0	0
8966	1.7932	0	1	0	0
8967	1.7934	0	1	0	0
8968	1.7936	0	1	0	0
8969	1.7938	0	1	0	0
8970	1.794	0	1	0	0
8971	1.7942	0	1	0	0
8972	1.7944	0	1	0	0
8973	1.7946	0	1	0	0
8974	1.7948	0	1	0	0
8975	1.795	0	1	0	0
8976	1.7952	0	1	0	0
8977	1.7954	0	1	0	0
8978	1.7956	0	1	0	0
8979	1.7958	0	1	0	0
8980	1.796	0	1	0	0
8981	1.7962	0	1	0	0
8982	1.7964	0	1	0	0
8983	1.7966	0	1	0	0
8984	1.7968	0	1	0	0
8985	1.797	0	1	0	0
8986	1.7972	0	1	0	0
8987	1.7974	0	1	0	0
8988	1.7976	0	1	0	0
8989	1.7978	0	1	0	0
8990	1.798	0	1	0	0
8991	1.7982	0	1	0	0
8992	1.7984	0	1	0	0
8993	1.7986	0	1	0	0
8994	1.7988	0	1	0	0
8995	1.799	0	1	0	0
8996	1.7992	0	1	0	0
8997	1.7994	0	1	0	0
8998	1.7996	0	1	0	0
8999	1.7998	0	1	0	0
9000	1.8	0	1	0	0
9001	1.8002	0	1	0	0
9002	1.8004	0	1	0	0
9003	1.8006	0	1	0	0
9004	1.8008	0	1	0	0
9005	1.801	0	1	0	0
9006	1.8012	0	1	0	0
9007	1.8014	0	1	0	0
9008	1.8016	0	1	0	0
9009	1.8018	0	1	0	0
9010	1.802	0	1	0	0
9011	1.8022	0	1	0	0
9012	1.8024	0	1	0	0
9013	1.8026	0	1	0	0
9014	1.8028	0	1	0	0
9015	1.803	0	1	0	0
9016	1.8032	0	1	0	0
9017	1.8034	0	1	0	0
9018	1.8036	0	1	0	0
9019	1.8038	0	1	0	0
9020	1.804	0	1	0	0
9021	1.8042	0	1	0	0
9022	1.8044	0	1	0	0
9023	1.8046	0	1	0	0
9024	1.8048	0	1	0	0
9025	1.805	0	1	0	0
9026	1.8052	0	1	0	0
9027	1.8054	0	1	0	0
9028	1.8056	0	1	0	0
9029	1.8058	0	1	0	0
9030	1.806	0	1	0	0
9031	1.8062	0	1	0	0
9032	1.8064	0	1	0	0
9033	1.8066	0	1	0	0
9034	1.8068	0	1	0	0
9035	1.807	0	1	0	0
9036	1.8072	0	1	0	0
9037	1.8074	0	1	0	0
9038	1.8076	0	1	0	0
9039	1.8078	0	1	0	0
9040	1.808	0	0	0	0
9041	1.8082	0	0	0	0
9042	1.8084	0	0	0	0
9043	1.8086	0	0	0	0
9044	1.8088	0	0	0	0
9045	1.809	0	0	0	0
9046	1.8092	0	0	0	0
9047	1.8094	0	0	0	0
9048	1.8096	0	0	0	0
9049	1.8098	0	0	0	0
9050	1.81	0	0	0	0
9051	1.8102	0	0	0	0
9052	1.8104	0	0	0	0
9053	1.8106	0	0	0	0
9054	1.8108	0	0	0	0
9055	1.811	0	0	0	0
9056	1.8112	0	0	0	0
9057	1.8114	0	0	0	0
9058	1.8116	0	0	0	0
9059	1.8118	0	0	0	0
9060	1.812	0	0	0	0
9061	1.8122	0	0	0	0
9062	1.8124	0	0	0	0
9063	1.8126	0	0	0	0
9064	1.8128	0	0	0	0
9065	1.813	0	0	0	0
9066	1.8132	0	0	0	0
9067	1.8134	0	0	0	0
9068	1.8136	0	0	0	0
9069	1.8138	0	0	0	0
9070	1.814	0	0	0	0
9071	1.8142	0	0	0	0
9072	1.8144	0	0	0	0
9073	1.8146	0	0	0	0
9074	1.8148	0	0	0	0
9075	1.815	0	0	0	0
9076	1.8152	0	0	0	0
9077	1.8154	0	0	0	0
9078	1.8156	0	0	0	0
9079	1.8158	0	0	0	0
9080	1.816	0	0	0	0
9081	1.8162	0	0	0	0
9082	1.8164	0	0	0	0
9083	1.8166	0	0	0	0
9084	1.8168	0	0	0	0
9085	1.817	0	0	0	0
9086	1.8172	0	0	0	0
9087	1.8174	0	0	0	0
9088	1.8176	0	0	0	0
9089	1.8178	0	0	0	0
9090	1.818	0	0	0	0
9091	1.8182	0	0	0	0
9092	1.8184	0	0	0	0
9093	1.8186	0	0	0	0
9094	1.8188	0	0	0	0
9095	1.819	0	0	0	0
9096	1.8192	0	0	0	0
9097	1.8194	0	0	0	0
9098	1.8196	0	0	0	0
9099	1.8198	0	0	0	0
9100	1.82	0	0	0	0
9101	1.8202	0	0	0	0
9102	1.8204	0	0	0	0
9103	1.8206	0	0	0	0
9104	1.8208	0	0	0	0
9105	1.821	0	0	0	0
9106	1.8212	0	0	0	0
9107	1.8214	0	0	0	0
9108	1.8216	0	0	0	0
9109	1.8218	0	0	0	0
9110	1.822	0	0	0	0
9111	1.8222	0	0	0	0
9112	1.8224	0	0	0	0
9113	1.8226	0	0	0	0
9114	1.8228	0	0	0	0
9115	1.823	0	0	0	0
9116	1.8232	0	0	0	0
9117	1.8234	0	0	0	0
9118	1.8236	0	0	0	0
9119	1.8238	0	0	0	0
9120	1.824	0	0	0	0
9121	1.8242	0	0	0	0
9122	1.8244	0	0	0	0
9123	1.8246	0	0	0	0
9124	1.8248	0	0	0	0
9125	1.825	0	0	0	0
9126	1.8252	0	0	0	0
9127	1.8254	0	0	0	0
9128	1.8256	0	0	0	0
9129	1.8258	0	0	0	0
9130	1.826	0	0	0	0
9131	1.8262	0	0	0	0
9132	1.8264	0	0	0	0
9133	1.8266	0	0	0	0
9134	1.8268	0	0	0	0
9135	1.827	0	0	0	0
9136	1.8272	0	0	0	0
9137	1.8274	0	0	0	0
9138	1.8276	0	0	0	0
9139	1.8278	0	0	0	0
9140	1.828	0	0	0	0
9141	1.8282	0	0	0	0
9142	1.8284	0	0	0	0
9143	1.8286	0	0	0	0
9144	1.8288	0	0	0	0
9145	1.829	0	0	0	0
9146	1.8292	0	0	0	0
9147	1.8294	0	0	0	0
9148	1.8296	0	0	0	0
9149	1.8298	0	0	0	0
9150	1.83	0	0	0	0
9151	1.8302	0	0	0	0
9152	1.8304	0	0	0	0
9153	1.8306	0	0	0	0
9154	1.8308	0	0	0	0
9155	1.831	0	0	0	0
9156	1.8312	0	0	0	0
9157	1.8314	0	0	0	0
9158	1.8316	0	0	0	0
9159	1.8318	0	0	0	0
9160	1.832	0	0	0	0
9161	1.8322	0	0	0	0
9162	1.8324	0	0	0	0
9163	1.8326	0	0	0	0
9164	1.8328	0	0	0	0
9165	1.833	0	0	0	0
9166	1.8332	0	0	0	0
9167	1.8334	0	0	0	0
9168	1.8336	0	0	0	0
9169	1.8338	0	0	0	0
9170	1.834	0	0	0	0
9171	1.8342	0	0	0	0
9172	1.8344	0	0	0	0
9173	1.8346	0	0	0	0
9174	1.8348	0	0	0	0
9175	1.835	0	0	0	0
9176	1.8352	0	0	0	0
9177	1.8354	0	0	0	0
9178	1.8356	0	0	0	0
9179	1.8358	0	0	0	0
9180	1.836	0	0	0	0
9181	1.8362	0	0	0	0
9182	1.8364	0	0	0	0
9183	1.8366	0	0	0	0
9184	1.8368	0	0	0	0
9185	1.837	0	0	0	0
9186	1.8372	0	0	0	0
9187	1.8374	0	0	0	0
9188	1.8376	0	0	0	0
9189	1.8378	0	0	0	0
9190	1.838	0	0	0	0
9191	1.8382	0	0	0	0
9192	1.8384	0	0	0	0
9193	1.8386	0	0	0	0
9194	1.8388	0	0	0	0
9195	1.839	0	0	0	0
9196	1.8392	0	0	0	0
9197	1.8394	0	0	0	0
9198	1.8396	0	0	0	0
9199	1.8398	0	0	0	0
9200	1.84	0	0	0	0
9201	1.8402	0	0	0	0
9202	1.8404	0	0	0	0
9203	1.8406	0	0	0	0
9204	1.8408	0	0	0	0
9205	1.841	0	0	0	0
9206	1.8412	0	0	0	0
9207	1.8414	0	0	0	0
9208	1.8416	0	0	0	0
9209	1.8418	0	0	0	0
9210	1.842	0	0	0	0
9211	1.8422	0	0	0	0
9212	1.8424	0	0	0	0
9213	1.8426	0	0	0	0
9214	1.8428	0	0	0	0
9215	1.843	0	0	0	0
9216	1.8432	0	0	0	0
9217	1.8434	0	0	0	0
9218	1.8436	0	0	0	0
9219	1.8438	0	0	0	0
9220	1.844	0	0	0	0
9221	1.8442	0	0	0	0
9222	1.8444	0	0	0	0
9223	1.8446	0	0	0	0
9224	1.8448	0	0	0	0
9225	1.845	0	0	0	0
9226	1.8452	0	0	0	0
9227	1.8454	0	0	0	0
9228	1.8456	0	0	0	0
9229	1.8458	0	0	0	0
9230	1.846	0	0	0	0
9231	1.8462	0	0	0	0
9232	1.8464	0	0	0	0
9233	1.8466	0	0	0	0
9234	1.8468	0	0	0	0
9235	1.847	0	0	0	0
9236	1.8472	0	0	0	0
9237	1.8474	0	0	0	0
9238	1.8476	0	0	0	0
9239	1.8478	0	0	0	0
9240	1.848	0	0	0	0
9241	1.8482	0	0	0	0
9242	1.8484	0	0	0	0
9243	1.8486	0	0	0	0
9244	1.8488	0	0	0	0
9245	1.849	0	0	0	0
9246	1.8492	0	0	0	0
9247	1.8494	0	0	0	0
9248	1.8496	0	0	0	0
9249	1.8498	0	0	0	0
9250	1.85	0	0	0	0
9251	1.8502	0	0	0	0
9252	1.8504	0	0	0	0
9253	1.8506	0	0	0	0
9254	1.8508	0	0	0	0
9255	1.851	0	0	0	0
9256	1.8512	0	0	0	0
9257	1.8514	0	0	0	0
9258	1.8516	0	0	0	0
9259	1.8518	0	0	0	0
9260	1.852	0	0	0	0
9261	1.8522	0	0	0	0
9262	1.8524	0	0	0	0
9263	1.8526	0	0	0	0
9264	1.8528	0	0	0	0
9265	1.853	0	0	0	0
9266	1.8532	0	0	0	0
9267	1.8534	0	0	0	0
9268	1.8536	0	0	0	0
9269	1.8538	0	0	0	0
9270	1.854	0	0	0	0
9271	1.8542	0	0	0	0
9272	1.8544	0	0	0	0
9273	1.8546	0	0	0	0
9274	1.8548	0	0	0	0
9275	1.855	0	0	0	0
9276	1.8552	0	0	0	0
9277	1.8554	0	0	0	0
9278	1.8556	0	0	0	0
9279	1.8558	0	0	0	0
9280	1.856	0	0	0	0
9281	1.8562	0	0	0	0
9282	1.8564	0	0	0	0
9283	1.8566	0	0	0	0
9284	1.8568	0	0	0	0
9285	1.857	0	0	0	0
9286	1.8572	0	0	0	0
9287	1.8574	0	0	0	0
9288	1.8576	0	0	0	0
9289	1.8578	0	0	0	0
9290	1.858	0	0	0	0
9291	1.8582	0	0	0	0
9292	1.8584	0	0	0	0
9293	1.8586	0	0	0	0
9294	1.8588	0	0	0	0
9295	1.859	0	0	0	0
9296	1.8592	0	0	0	0
9297	1.8594	0	0	0	0
9298	1.8596	0	0	0	0
9299	1.8598	0	0	0	0
9300	1.86	0	0	0	0
9301	1.8602	0	0	0	0
9302	1.8604	0	0	0	0
9303	1.8606	0	0	0	0
9304	1.8608	0	0	0	0
9305	1.861	0	0	0	0
9306	1.8612	0	0	0	0
9307	1.8614	0	0	0	0
9308	1.8616	0	0	0	0
9309	1.8618	0	0	0	0
9310	1.862	0	0	0	0
9311	1.8622	0	0	0	0
9312	1.8624	0	0	0	0
9313	1.8626	0	0	0	0
9314	1.8628	0	0	0	0
9315	1.863	0	0	0	0
9316	1.8632	0	0	0	0
9317	1.8634	0	0	0	0
9318	1.8636	0	0	0	0
9319	1.8638	0	0	0	0
9320	1.864	0	0	0	0
9321	1.8642	0	0	0	0
9322	1.8644	0	0	0	0
9323	1.8646	0	0	0	0
9324	1.8648	0	0	0	0
9325	1.865	0	0	0	0
9326	1.8652	0	0	0	0
9327	1.8654	0	0	0	0
9328	1.8656	0	0	0	0
9329	1.8658	0	0	0	0
9330	1.866	0	0	0	0
9331	1.8662	0	0	0	0
9332	1.8664	0	0	0	0
9333	1.8666	0	0	0	0
9334	1.8668	0	0	0	0
9335	1.867	0	0	0	0
9336	1.8672	0	0	0	0
9337	1.8674	0	0	0	0
9338	1.8676	0	0	0	0
9339	1.8678	0	0	0	0
9340	1.868	0	0	0	0
9341	1.8682	0	0	0	0
9342	1.8684	0	0	0	0
9343	1.8686	0	0	0	0
9344	1.8688	0	0	0	0
9345	1.869	0	0	0	0
9346	1.8692	0	0	0	0
9347	1.8694	0	0	0	0
9348	1.8696	0	0	0	0
9349	1.8698	0	0	0	0
9350	1.87	0	0	0	0
9351	1.8702	0	0	0	0
9352	1.8704	0	0	0	0
9353	1.8706	0	0	0	0
9354	1.8708	0	0	0	0
9355	1.871	0	0	0	0
9356	1.8712	0	0	0	0
9357	1.8714	0	0	0	0
9358	1.8716	0	0	0	0
9359	1.8718	0	0	0	0
9360	1.872	0	0	0	0
9361	1.8722	0	0	0	0
9362	1.8724	0	0	0	0
9363	1.8726	0	0	0	0
9364	1.8728	0	0	0	0
9365	1.873	0	0	0	0
9366	1.8732	0	0	0	0
9367	1.8734	0	0	0	0
9368	1.8736	0	0	0	0
9369	1.8738	0	0	0	0
9370	1.874	0	0	0	0
9371	1.8742	0	0	0	0
9372	1.8744	0	0	0	0
9373	1.8746	0	0	0	0
9374	1.8748	0	0	0	0
9375	1.875	0	0	0	0
9376	1.8752	0	0	0	0
9377	1.8754	0	0	0	0
9378	1.8756	0	0	0	0
9379	1.8758	0	0	0	0
9380	1.876	0	0	0	0
9381	1.8762	0	0	0	0
9382	1.8764	0	0	0	0
9383	1.8766	0	0	0	0
9384	1.8768	0	0	0	0
9385	1.877	0	0	0	0
9386	1.8772	0	0	0	0
9387	1.8774	0	0	0	0
9388	1.8776	0	0	0	0
9389	1.8778	0	0	0	0
9390	1.878	0	0	0	0
9391	1.8782	0	0	0	0
9392	1.8784	0	0	0	0
9393	1.8786	0	0	0	0
9394	1.8788	0	0	0	0
9395	1.879	0	0	0	0
9396	1.8792	0	0	0	0
9397	1.8794	0	0	0	0
9398	1.8796	0	0	0	0
9399	1.8798	0	0	0	0
9400	1.88	0	0	0	0
9401	1.8802	0	0	0	0
9402	1.8804	0	0	0	0
9403	1.8806	0	0	0	0
9404	1.8808	0	0	0	0
9405	1.881	0	0	0	0
9406	1.8812	0	0	0	0
9407	1.8814	0	0	0	0
9408	1.8816	0	0	0	0
9409	1.8818	0	0	0	0
9410	1.882	0	0	0	0
9411	1.8822	0	0	0	0
9412	1.8824	0	0	0	0
9413	1.8826	0	0	0	0
9414	1.8828	0	0	0	0
9415	1.883	0	0	0	0
9416	1.8832	0	0	0	0
9417	1.8834	0	0	0	0
9418	1.8836	0	0	0	0
9419	1.8838	0	0	0	0
9420	1.884	0	0	0	0
9421	1.8842	0	0	0	0
9422	1.8844	0	0	0	0
9423	1.8846	0	0	0	0
9424	1.8848	0	0	0	0
9425	1.885	0	0	0	0
9426	1.8852	0	0	0	0
9427	1.8854	0	0	0	0
9428	1.8856	0	0	0	0
9429	1.8858	0	0	0	0
9430	1.886	0	0	0	0
9431	1.8862	0	0	0	0
9432	1.8864	0	0	0	0
9433	1.8866	0	0	0	0
9434	1.8868	0	0	0	0
9435	1.887	0	0	0	0
9436	1.8872	0	0	0	0
9437	1.8874	0	0	0	0
9438	1.8876	0	0	0	0
9439	1.8878	0	0	0	0
9440	1.888	0	0	0	0
9441	1.8882	0	0	0	0
9442	1.8884	0	0	0	0
9443	1.8886	0	0	0	0
9444	1.8888	0	0	0	0
9445	1.889	0	0	0	0
9446	1.8892	0	0	0	0
9447	1.8894	0	0	0	0
9448	1.8896	0	0	0	0
9449	1.8898	0	0	0	0
9450	1.89	0	0	0	0
9451	1.8902	0	0	0	0
9452	1.8904	0	0	0	0
9453	1.8906	0	0	0	0
9454	1.8908	0	0	0	0
9455	1.891	0	0	0	0
9456	1.8912	0	0	0	0
9457	1.8914	0	0	0	0
9458	1.8916	0	0	0	0
9459	1.8918	0	0	0	0
9460	1.892	0	0	0	0
9461	1.8922	0	0	0	0
9462	1.8924	0	0	0	0
9463	1.8926	0	0	0	0
9464	1.8928	0	0	0	0
9465	1.893	0	0	0	0
9466	1.8932	0	0	0	0
9467	1.8934	0	0	0	0
9468	1.8936	0	0	0	0
9469	1.8938	0	0	0	0
9470	1.894	0	0	0	0
9471	1.8942	0	0	0	0
9472	1.8944	0	0	0	0
9473	1.8946	0	0	0	0
9474	1.8948	0	0	0	0
9475	1.895	0	0	0	0
9476	1.8952	0	0	0	0
9477	1.8954	0	0	0	0
9478	1.8956	0	0	0	0
9479	1.8958	0	0	0	0
9480	1.896	0	0	0	0
9481	1.8962	0	0	0	0
9482	1.8964	0	0	0	0
9483	1.8966	0	0	0	0
9484	1.8968	0	0	0	0
9485	1.897	0	0	0	0
9486	1.8972	0	0	0	0
9487	1.8974	0	0	0	0
9488	1.8976	0	0	0	0
9489	1.8978	0	0	0	0
9490	1.898	0	0	0	0
9491	1.8982	0	0	0	0
9492	1.8984	0	0	0	0
9493	1.8986	0	0	0	0
9494	1.8988	0	0	0	0
9495	1.899	0	0	0	0
9496	1.8992	0	0	0	0
9497	1.8994	0	0	0	0
9498	1.8996	0	0	0	0
9499	1.8998	0	0	0	0
9500	1.9	0	0	0	0
9501	1.9002	0	0	0	0
9502	1.9004	0	0	0	0
9503	1.9006	0	0	0	0
9504	1.9008	0	0	0	0
9505	1.901	0	0	0	0
9506	1.9012	0	0	0	0
9507	1.9014	0	0	0	0
9508	1.9016	0	0	0	0
9509	1.9018	0	0	0	0
9510	1.902	0	0	0	0
9511	1.9022	0	0	0	0
9512	1.9024	0	0	0	0
9513	1.9026	0	0	0	0
9514	1.9028	0	0	0	0
9515	1.903	0	0	0	0
9516	1.9032	0	0	0	0
9517	1.9034	0	0	0	0
9518	1.9036	0	0	0	0
9519	1.9038	0	0	0	0
9520	1.904	0	0	0	0
9521	1.9042	0	0	0	0
9522	1.9044	0	0	0	0
9523	1.9046	0	0	0	0
9524	1.9048	0	0	0	0
9525	1.905	0	0	0	0
9526	1.9052	0	0	0	0
9527	1.9054	0	0	0	0
9528	1.9056	0	0	0	0
9529	1.9058	0	0	0	0
9530	1.906	0	0	0	0
9531	1.9062	0	0	0	0
9532	1.9064	0	0	0	0
9533	1.9066	0	0	0	0
9534	1.9068	0	0	0	0
9535	1.907	0	0	0	0
9536	1.9072	0	0	0	0
9537	1.9074	0	0	0	0
9538	1.9076	0	0	0	0
9539	1.9078	0	0	0	0
9540	1.908	0	0	0	0
9541	1.9082	0	0	0	0
9542	1.9084	0	0	0	0
9543	1.9086	0	0	0	0
9544	1.9088	0	0	0	0
9545	1.909	0	0	0	0
9546	1.9092	0	0	0	0
9547	1.9094	0	0	0	0
9548	1.9096	0	0	0	0
9549	1.9098	0	0	0	0
9550	1.91	0	0	0	0
9551	1.9102	0	0	0	0
9552	1.9104	0	0	0	0
9553	1.9106	0	0	0	0
9554	1.9108	0	0	0	0
9555	1.911	0	0	0	0
9556	1.9112	0	0	0	0
9557	1.9114	0	0	0	0
9558	1.9116	0	0	0	0
9559	1.9118	0	0	0	0
9560	1.912	0	0	0	0
9561	1.9122	0	0	0	0
9562	1.9124	0	0	0	0
9563	1.9126	0	0	0	0
9564	1.9128	0	0	0	0
9565	1.913	0	0	0	0
9566	1.9132	0	0	0	0
9567	1.9134	0	0	0	0
9568	1.9136	0	0	0	0
9569	1.9138	0	0	0	0
9570	1.914	0	0	0	0
9571	1.9142	0	0	0	0
9572	1.9144	0	0	0	0
9573	1.9146	0	0	0	0
9574	1.9148	0	0	0	0
9575	1.915	0	0	0	0
9576	1.9152	0	0	0	0
9577	1.9154	0	0	0	0
9578	1.9156	0	0	0	0
9579	1.9158	0	0	0	0
9580	1.916	0	0	0	0
9581	1.9162	0	0	0	0
9582	1.9164	0	0	0	0
9583	1.9166	0	0	0	0
9584	1.9168	0	0	0	0
9585	1.917	0	0	0	0
9586	1.9172	0	0	0	0
9587	1.9174	0	0	0	0
9588	1.9176	0	0	0	0
9589	1.9178	0	0	0	0
9590	1.918	0	0	0	0
9591	1.9182	0	0	0	0
9592	1.9184	0	0	0	0
9593	1.9186	0	0	0	0
9594	1.9188	0	0	0	0
9595	1.919	0	0	0	0
9596	1.9192	0	0	0	0
9597	1.9194	0	0	0	0
9598	1.9196	0	0	0	0
9599	1.9198	0	0	0	0
9600	1.92	0	0	0	0
9601	1.9202	0	0	0	0
9602	1.9204	0	0	0	0
9603	1.9206	0	0	0	0
9604	1.9208	0	0	0	0
9605	1.921	0	0	0	0
9606	1.9212	0	0	0	0
9607	1.9214	0	0	0	0
9608	1.9216	0	0	0	0
9609	1.9218	0	0	0	0
9610	1.922	0	0	0	0
9611	1.9222	0	0	0	0
9612	1.9224	0	0	0	0
9613	1.9226	0	0	0	0
9614	1.9228	0	0	0	0
9615	1.923	0	0	0	0
9616	1.9232	0	0	0	0
9617	1.9234	0	0	0	0
9618	1.9236	0	0	0	0
9619	1.9238	0	0	0	0
9620	1.924	0	0	0	0
9621	1.9242	0	0	0	0
9622	1.9244	0	0	0	0
9623	1.9246	0	0	0	0
9624	1.9248	0	0	0	0
9625	1.925	0	0	0	0
9626	1.9252	0	0	0	0
9627	1.9254	0	0	0	0
9628	1.9256	0	0	0	0
9629	1.9258	0	0	0	0
9630	1.926	0	0	0	0
9631	1.9262	0	0	0	0
9632	1.9264	0	0	0	0
9633	1.9266	0	0	0	0
9634	1.9268	0	0	0	0
9635	1.927	0	0	0	0
9636	1.9272	0	0	0	0
9637	1.9274	0	0	0	0
9638	1.9276	0	0	0	0
9639	1.9278	0	0	0	0
9640	1.928	0	0	0	0
9641	1.9282	0	0	0	0
9642	1.9284	0	0	0	0
9643	1.9286	0	0	0	0
9644	1.9288	0	0	0	0
9645	1.929	0	0	0	0
9646	1.9292	0	0	0	0
9647	1.9294	0	0	0	0
9648	1.9296	0	0	0	0
9649	1.9298	0	0	0	0
9650	1.93	0	0	0	0
9651	1.9302	0	0	0	0
9652	1.9304	0	0	0	0
9653	1.9306	0	0	0	0
9654	1.9308	0	0	0	0
9655	1.931	0	0	0	0
9656	1.9312	0	0	0	0
9657	1.9314	0	0	0	0
9658	1.9316	0	0	0	0
9659	1.9318	0	0	0	0
9660	1.932	0	0	0	0
9661	1.9322	0	0	0	0
9662	1.9324	0	0	0	0
9663	1.9326	0	0	0	0
9664	1.9328	0	0	0	0
9665	1.933	0	0	0	0
9666	1.9332	0	0	0	0
9667	1.9334	0	0	0	0
9668	1.9336	0	0	0	0
9669	1.9338	0	0	0	0
9670	1.934	0	0	0	0
9671	1.9342	0	0	0	0
9672	1.9344	0	0	0	0
9673	1.9346	0	0	0	0
9674	1.9348	0	0	0	0
9675	1.935	0	0	0	0
9676	1.9352	0	0	0	0
9677	1.9354	0	0	0	0
9678	1.9356	0	0	0	0
9679	1.9358	0	0	0	0
9680	1.936	0	0	0	0
9681	1.9362	0	0	0	0
9682	1.9364	0	0	0	0
9683	1.9366	0	0	0	0
9684	1.9368	0	0	0	0
9685	1.937	0	0	0	0
9686	1.9372	0	0	0	0
9687	1.9374	0	0	0	0
9688	1.9376	0	0	0	0
9689	1.9378	0	0	0	0
9690	1.938	0	0	0	0
9691	1.9382	0	0	0	0
9692	1.9384	0	0	0	0
9693	1.9386	0	0	0	0
9694	1.9388	0	0	0	0
9695	1.939	0	0	0	0
9696	1.9392	0	0	0	0
9697	1.9394	0	0	0	0
9698	1.9396	0	0	0	0
9699	1.9398	0	0	0	0
9700	1.94	0	0	0	0
9701	1.9402	0	0	0	0
9702	1.9404	0	0	0	0
9703	1.9406	0	0	0	0
9704	1.9408	0	0	0	0
9705	1.941	0	0	0	0
9706	1.9412	0	0	0	0
9707	1.9414	0	0	0	0
9708	1.9416	0	0	0	0
9709	1.9418	0	0	0	0
9710	1.942	0	0	0	0
9711	1.9422	0	0	0	0
9712	1.9424	0	0	0	0
9713	1.9426	0	0	0	0
9714	1.9428	0	0	0	0
9715	1.943	0	0	0	0
9716	1.9432	0	0	0	0
9717	1.9434	0	0	0	0
9718	1.9436	0	0	0	0
9719	1.9438	0	0	0	0
9720	1.944	0	0	0	0
9721	1.9442	0	0	0	0
9722	1.9444	0	0	0	0
9723	1.9446	0	0	0	0
9724	1.9448	0	0	0	0
9725	1.945	0	0	0	0
9726	1.9452	0	0	0	0
9727	1.9454	0	0	0	0
9728	1.9456	0	0	0	0
9729	1.9458	0	0	0	0
9730	1.946	0	0	0	0
9731	1.9462	0	0	0	0
9732	1.9464	0	0	0	0
9733	1.9466	0	0	0	0
9734	1.9468	0	0	0	0
9735	1.947	0	0	0	0
9736	1.9472	0	0	0	0
9737	1.9474	0	0	0	0
9738	1.9476	0	0	0	0
9739	1.9478	0	0	0	0
9740	1.948	0	0	0	0
9741	1.9482	0	0	0	0
9742	1.9484	0	0	0	0
9743	1.9486	0	0	0	0
9744	1.9488	0	0	0	0
9745	1.949	0	0	0	0
9746	1.9492	0	0	0	0
9747	1.9494	0	0	0	0
9748	1.9496	0	0	0	0
9749	1.9498	0	0	0	0
9750	1.95	0	0	0	0
9751	1.9502	0	0	0	0
9752	1.9504	0	0	0	0
9753	1.9506	0	0	0	0
9754	1.9508	0	0	0	0
9755	1.951	0	0	0	0
9756	1.9512	0	0	0	0
9757	1.9514	0	0	0	0
9758	1.9516	0	0	0	0
9759	1.9518	0	0	0	0
9760	1.952	0	0	0	0
9761	1.9522	0	0	0	0
9762	1.9524	0	0	0	0
9763	1.9526	0	0	0	0
9764	1.9528	0	0	0	0
9765	1.953	0	0	0	0
9766	1.9532	0	0	0	0
9767	1.9534	0	0	0	0
9768	1.9536	0	0	0	0
9769	1.9538	0	0	0	0
9770	1.954	0	0	0	0
9771	1.9542	0	0	0	0
9772	1.9544	0	0	0	0
9773	1.9546	0	0	0	0
9774	1.9548	0	0	0	0
9775	1.955	0	0	0	0
9776	1.9552	0	0	0	0
9777	1.9554	0	0	0	0
9778	1.9556	0	0	0	0
9779	1.9558	0	0	0	0
9780	1.956	0	0	0	0
9781	1.9562	0	0	0	0
9782	1.9564	0	0	0	0
9783	1.9566	0	0	0	0
9784	1.9568	0	0	0	0
9785	1.957	0	0	0	0
9786	1.9572	0	0	0	0
9787	1.9574	0	0	0	0
9788	1.9576	0	0	0	0
9789	1.9578	0	0	0	0
9790	1.958	0	0	0	0
9791	1.9582	0	0	0	0
9792	1.9584	0	0	0	0
9793	1.9586	0	0	0	0
9794	1.9588	0	0	0	0
9795	1.959	0	0	0	0
9796	1.9592	0	0	0	0
9797	1.9594	0	0	0	0
9798	1.9596	0	0	0	0
9799	1.9598	0	0	0	0
9800	1.96	0	0	0	0
9801	1.9602	0	0	0	0
9802	1.9604	0	0	0	0
9803	1.9606	0	0	0	0
9804	1.9608	0	0	0	0
9805	1.961	0	0	0	0
9806	1.9612	0	0	0	0
9807	1.9614	0	0	0	0
9808	1.9616	0	0	0	0
9809	1.9618	0	0	0	0
9810	1.962	0	0	0	0
9811	1.9622	0	0	0	0
9812	1.9624	0	0	0	0
9813	1.9626	0	0	0	0
9814	1.9628	0	0	0	0
9815	1.963	0	0	0	0
9816	1.9632	0	0	0	0
9817	1.9634	0	0	0	0
9818	1.9636	0	0	0	0
9819	1.9638	0	0	0	0
9820	1.964	0	0	0	0
9821	1.9642	0	0	0	0
9822	1.9644	0	0	0	0
9823	1.9646	0	0	0	0
9824	1.9648	0	0	0	0
9825	1.965	0	0	0	0
9826	1.9652	0	0	0	0
9827	1.9654	0	0	0	0
9828	1.9656	0	0	0	0
9829	1.9658	0	0	0	0
9830	1.966	0	0	0	0
9831	1.9662	0	0	0	0
9832	1.9664	0	0	0	0
9833	1.9666	0	0	0	0
9834	1.9668	0	0	0	0
9835	1.967	0	0	0	0
9836	1.9672	0	0	0	0
9837	1.9674	0	0	0	0
9838	1.9676	0	0	0	0
9839	1.9678	0	0	0	0
9840	1.968	0	0	0	0
9841	1.9682	0	0	0	0
9842	1.9684	0	0	0	0
9843	1.9686	0	0	0	0
9844	1.9688	0	0	0	0
9845	1.969	0	0	0	0
9846	1.9692	0	0	0	0
9847	1.9694	0	0	0	0
9848	1.9696	0	0	0	0
9849	1.9698	0	0	0	0
9850	1.97	0	0	0	0
9851	1.9702	0	0	0	0
9852	1.9704	0	0	0	0
9853	1.9706	0	0	0	0
9854	1.9708	0	0	0	0
9855	1.971	0	0	0	0
9856	1.9712	0	0	0	0
9857	1.9714	0	0	0	0
9858	1.9716	0	0	0	0
9859	1.9718	0	0	0	0
9860	1.972	0	0	0	0
9861	1.9722	0	0	0	0
9862	1.9724	0	0	0	0
9863	1.9726	0	0	0	0
9864	1.9728	0	0	0	0
9865	1.973	0	0	0	0
9866	1.9732	0	0	0	0
9867	1.9734	0	0	0	0
9868	1.9736	0	0	0	0
9869	1.9738	0	0	0	0
9870	1.974	0	0	0	0
9871	1.9742	0	0	0	0
9872	1.9744	0	0	0	0
9873	1.9746	0	0	0	0
9874	1.9748	0	0	0	0
9875	1.975	0	0	0	0
9876	1.9752	0	0	0	0
9877	1.9754	0	0	0	0
9878	1.9756	0	0	0	0
9879	1.9758	0	0	0	0
9880	1.976	0	0	0	0
9881	1.9762	0	0	0	0
9882	1.9764	0	0	0	0
9883	1.9766	0	0	0	0
9884	1.9768	0	0	0	0
9885	1.977	0	0	0	0
9886	1.9772	0	0	0	0
9887	1.9774	0	0	0	0
9888	1.9776	0	0	0	0
9889	1.9778	0	0	0	0
9890	1.978	0	0	0	0
9891	1.9782	0	0	0	0
9892	1.9784	0	0	0	0
9893	1.9786	0	0	0	0
9894	1.9788	0	0	0	0
9895	1.979	0	0	0	0
9896	1.9792	0	0	0	0
9897	1.9794	0	0	0	0
9898	1.9796	0	0	0	0
9899	1.9798	0	0	0	0
9900	1.98	0	0	0	0
9901	1.9802	0	0	0	0
9902	1.9804	0	0	0	0
9903	1.9806	0	0	0	0
9904	1.9808	0	0	0	0
9905	1.981	0	0	0	0
9906	1.9812	0	0	0	0
9907	1.9814	0	0	0	0
9908	1.9816	0	0	0	0
9909	1.9818	0	0	0	0
9910	1.982	0	0	0	0
9911	1.9822	0	0	0	0
9912	1.9824	0	0	0	0
9913	1.9826	0	0	0	0
9914	1.9828	0	0	0	0
9915	1.983	0	0	0	0
9916	1.9832	0	0	0	0
9917	1.9834	0	0	0	0
9918	1.9836	0	0	0	0
9919	1.9838	0	0	0	0
9920	1.984	0	0	0	0
9921	1.9842	0	0	0	0
9922	1.9844	0	0	0	0
9923	1.9846	0	0	0	0
9924	1.9848	0	0	0	0
9925	1.985	0	0	0	0
9926	1.9852	0	0	0	0
9927	1.9854	0	0	0	0
9928	1.9856	0	0	0	0
9929	1.9858	0	0	0	0
9930	1.986	0	0	0	0
9931	1.9862	0	0	0	0
9932	1.9864	0	0	0	0
9933	1.9866	0	0	0	0
9934	1.9868	0	0	0	0
9935	1.987	0	0	0	0
9936	1.9872	0	0	0	0
9937	1.9874	0	0	0	0
9938	1.9876	0	0	0	0
9939	1.9878	0	0	0	0
9940	1.988	0	0	0	0
9941	1.9882	0	0	0	0
9942	1.9884	0	0	0	0
9943	1.9886	0	0	0	0
9944	1.9888	0	0	0	0
9945	1.989	0	0	0	0
9946	1.9892	0	0	0	0
9947	1.9894	0	0	0	0
9948	1.9896	0	0	0	0
9949	1.9898	0	0	0	0
9950	1.99	0	0	0	0
9951	1.9902	0	0	0	0
9952	1.9904	0	0	0	0
9953	1.9906	0	0	0	0
9954	1.9908	0	0	0	0
9955	1.991	0	0	0	0
9956	1.9912	0	0	0	0
9957	1.9914	0	0	0	0
9958	1.9916	0	0	0	0
9959	1.9918	0	0	0	0
9960	1.992	0	0	0	0
9961	1.9922	0	0	0	0
9962	1.9924	0	0	0	0
9963	1.9926	0	0	0	0
9964	1.9928	0	0	0	0
9965	1.993	0	0	0	0
9966	1.9932	0	0	0	0
9967	1.9934	0	0	0	0
9968	1.9936	0	0	0	0
9969	1.9938	0	0	0	0
9970	1.994	0	0	0	0
9971	1.9942	0	0	0	0
9972	1.9944	0	0	0	0
9973	1.9946	0	0	0	0
9974	1.9948	0	0	0	0
9975	1.995	0	0	0	0
9976	1.9952	0	0	0	0
9977	1.9954	0	0	0	0
9978	1.9956	0	0	0	0
9979	1.9958	0	0	0	0
9980	1.996	0	0	0	0
9981	1.9962	0	0	0	0
9982	1.9964	0	0	0	0
9983	1.9966	0	0	0	0
9984	1.9968	0	0	0	0
9985	1.997	0	0	0	0
9986	1.9972	0	0	0	0
9987	1.9974	0	0	0	0
9988	1.9976	0	0	0	0
9989	1.9978	0	0	0	0
9990	1.998	0	0	0	0
9991	1.9982	0	0	0	0
9992	1.9984	0	0	0	0
9993	1.9986	0	0	0	0
9994	1.9988	0	0	0	0
9995	1.999	0	0	0	0
9996	1.9992	0	0	0	0
9997	1.9994	0	0	0	0
9998	1.9996	0	0	0	0
9999	1.9998	0	0	0	0
10000	2	0	0	0	0
10001	2.0002	0	0	0	0
10002	2.0004	0	0	0	0
10003	2.0006	0	0	0	0
10004	2.0008	0	0	0	0
10005	2.001	0	0	0	0
10006	2.0012	0	0	0	0
10007	2.0014	0	0	0	0
10008	2.0016	0	0	0	0
10009	2.0018	0	0	0	0
10010	2.002	0	0	0	0
10011	2.0022	0	0	0	0
10012	2.0024	0	0	0	0
10013	2.0026	0	0	0	0
10014	2.0028	0	0	0	0
10015	2.003	0	0	0	0
10016	2.0032	0	0	0	0
10017	2.0034	0	0	0	0
10018	2.0036	0	0	0	0
10019	2.0038	0	0	0	0
10020	2.004	0	0	0	0
10021	2.0042	0	0	0	0
10022	2.0044	0	0	0	0
10023	2.0046	0	0	0	0
10024	2.0048	0	0	0	0
10025	2.005	0	0	0	0
10026	2.0052	0	0	0	0
10027	2.0054	0	0	0	0
10028	2.0056	0	0	0	0
10029	2.0058	0	0	0	0
10030	2.006	0	0	0	0
10031	2.0062	0	0	0	0
10032	2.0064	0	0	0	0
10033	2.0066	0	0	0	0
10034	2.0068	0	0	0	0
10035	2.007	0	0	0	0
10036	2.0072	0	0	0	0
10037	2.0074	0	0	0	0
10038	2.0076	0	0	0	0
10039	2.0078	0	0	0	0
10040	2.008	0	0	0	0
10041	2.0082	0	0	0	0
10042	2.0084	0	0	0	0
10043	2.0086	0	0	0	0
10044	2.0088	0	0	0	0
10045	2.009	0	0	0	0
10046	2.0092	0	0	0	0
10047	2.0094	0	0	0	0
10048	2.0096	0	0	0	0
10049	2.0098	0	0	0	0
10050	2.01	0	0	0	0
10051	2.0102	0	0	0	0
10052	2.0104	0	0	0	0
10053	2.0106	0	0	0	0
10054	2.0108	0	0	0	0
10055	2.011	0	0	0	0
10056	2.0112	0	0	0	0
10057	2.0114	0	0	0	0
10058	2.0116	0	0	0	0
10059	2.0118	0	0	0	0
10060	2.012	0	0	0	0
10061	2.0122	0	0	0	0
10062	2.0124	0	0	0	0
10063	2.0126	0	0	0	0
10064	2.0128	0	0	0	0
10065	2.013	0	0	0	0
10066	2.0132	0	0	0	0
10067	2.0134	0	0	0	0
10068	2.0136	0	0	0	0
10069	2.0138	0	0	0	0
10070	2.014	0	0	0	0
10071	2.0142	0	0	0	0
10072	2.0144	0	0	0	0
10073	2.0146	0	0	0	0
10074	2.0148	0	0	0	0
10075	2.015	0	0	0	0
10076	2.0152	0	0	0	0
10077	2.0154	0	0	0	0
10078	2.0156	0	0	0	0
10079	2.0158	0	0	0	0
10080	2.016	0	0	0	0
10081	2.0162	0	0	0	0
10082	2.0164	0	0	0	0
10083	2.0166	0	0	0	0
10084	2.0168	0	0	0	0
10085	2.017	0	0	0	0
10086	2.0172	0	0	0	0
10087	2.0174	0	0	0	0
10088	2.0176	0	0	0	0
10089	2.0178	0	0	0	0
10090	2.018	0	0	0	0
10091	2.0182	0	0	0	0
10092	2.0184	0	0	0	0
10093	2.0186	0	0	0	0
10094	2.0188	0	0	0	0
10095	2.019	0	0	0	0
10096	2.0192	0	0	0	0
10097	2.0194	0	0	0	0
10098	2.0196	0	0	0	0
10099	2.0198	0	0	0	0
10100	2.02	0	0	0	0
10101	2.0202	0	0	0	0
10102	2.0204	0	0	0	0
10103	2.0206	0	0	0	0
10104	2.0208	0	0	0	0
10105	2.021	0	0	0	0
10106	2.0212	0	0	0	0
10107	2.0214	0	0	0	0
10108	2.0216	0	0	0	0
10109	2.0218	0	0	0	0
10110	2.022	0	0	0	0
10111	2.0222	0	0	0	0
10112	2.0224	0	0	0	0
10113	2.0226	0	0	0	0
10114	2.0228	0	0	0	0
10115	2.023	0	0	0	0
10116	2.0232	0	0	0	0
10117	2.0234	0	0	0	0
10118	2.0236	0	0	0	0
10119	2.0238	0	0	0	0
10120	2.024	0	0	0	0
10121	2.0242	0	0	0	0
10122	2.0244	0	0	0	0
10123	2.0246	0	0	0	0
10124	2.0248	0	0	0	0
10125	2.025	0	0	0	0
10126	2.0252	0	0	0	0
10127	2.0254	0	0	0	0
10128	2.0256	0	0	0	0
10129	2.0258	0	0	0	0
10130	2.026	0	0	0	0
10131	2.0262	0	0	0	0
10132	2.0264	0	0	0	0
10133	2.0266	0	0	0	0
10134	2.0268	0	0	0	0
10135	2.027	0	0	0	0
10136	2.0272	0	0	0	0
10137	2.0274	0	0	0	0
10138	2.0276	0	0	0	0
10139	2.0278	0	0	0	0
10140	2.028	0	0	0	0
10141	2.0282	0	0	0	0
10142	2.0284	0	0	0	0
10143	2.0286	0	0	0	0
10144	2.0288	0	0	0	0
10145	2.029	0	0	0	0
10146	2.0292	0	0	0	0
10147	2.0294	0	0	0	0
10148	2.0296	0	0	0	0
10149	2.0298	0	0	0	0
10150	2.03	0	0	0	0
10151	2.0302	0	0	0	0
10152	2.0304	0	0	0	0
10153	2.0306	0	0	0	0
10154	2.0308	0	0	0	0
10155	2.031	0	1	0	0
10156	2.0312	0	1	0	0
10157	2.0314	0	1	0	0
10158	2.0316	0	1	0	0
10159	2.0318	0	1	0	0
10160	2.032	0	1	0	0
10161	2.0322	0	1	0	0
10162	2.0324	0	1	0	0
10163	2.0326	0	1	0	0
10164	2.0328	0	1	0	0
10165	2.033	0	1	0	0
10166	2.0332	0	1	0	0
10167	2.0334	0	1	0	0
10168	2.0336	0	1	0	0
10169	2.0338	0	1	0	0
10170	2.034	0	1	0	0
10171	2.0342	0	1	0	0
10172	2.0344	0	1	0	0
10173	2.0346	0	1	0	0
10174	2.0348	0	1	0	0
10175	2.035	0	1	0	0
10176	2.0352	0	1	0	0
10177	2.0354	0	1	0	0
10178	2.0356	0	1	0	0
10179	2.0358	0	1	0	0
10180	2.036	0	1	0	0
10181	2.0362	0	1	0	0
10182	2.0364	0	1	0	0
10183	2.0366	0	1	0	0
10184	2.0368	0	1	0	0
10185	2.037	0	1	0	0
10186	2.0372	0	1	0	0
10187	2.0374	0	1	0	0
10188	2.0376	0	1	0	0
10189	2.0378	0	1	0	0
10190	2.038	0	1	0	0
10191	2.0382	0	1	0	0
10192	2.0384	0	1	0	0
10193	2.0386	0	1	0	0
10194	2.0388	0	1	0	0
10195	2.039	0	1	0	0
10196	2.0392	0	1	0	0
10197	2.0394	0	1	0	0
10198	2.0396	0	1	0	0
10199	2.0398	0	1	0	0
10200	2.04	0	1	0	0
10201	2.0402	0	1	0	0
10202	2.0404	0	1	0	0
10203	2.0406	0	1	0	0
10204	2.0408	0	1	0	0
10205	2.041	0	1	0	0
10206	2.0412	0	1	0	0
10207	2.0414	0	1	0	0
10208	2.0416	0	1	0	0
10209	2.0418	0	1	0	0
10210	2.042	0	1	0	0
10211	2.0422	0	1	0	0
10212	2.0424	0	1	0	0
10213	2.0426	0	1	0	0
10214	2.0428	0	1	0	0
10215	2.043	0	1	0	0
10216	2.0432	0	1	0	0
10217	2.0434	0	1	0	0
10218	2.0436	0	1	0	0
10219	2.0438	0	1	0	0
10220	2.044	0	1	0	0
10221	2.0442	0	1	0	0
10222	2.0444	0	1	0	0
10223	2.0446	0	1	0	0
10224	2.0448	0	1	0	0
10225	2.045	0	1	0	0
10226	2.0452	0	1	0	0
10227	2.0454	0	1	0	0
10228	2.0456	0	1	0	0
10229	2.0458	0	1	0	0
10230	2.046	0	1	0	0
10231	2.0462	0	1	0	0
10232	2.0464	0	1	0	0
10233	2.0466	0	1	0	0
10234	2.0468	0	1	0	0
10235	2.047	0	1	0	0
10236	2.0472	0	1	0	0
10237	2.0474	0	1	0	0
10238	2.0476	0	1	0	0
10239	2.0478	0	1	0	0
10240	2.048	0	1	0	0
10241	2.0482	0	1	0	0
10242	2.0484	0	1	0	0
10243	2.0486	0	1	0	0
10244	2.0488	0	1	0	0
10245	2.049	0	1	0	0
10246	2.0492	0	1	0	0
10247	2.0494	0	1	0	0
10248	2.0496	0	1	0	0
10249	2.0498	0	1	0	0
10250	2.05	0	1	0	0
10251	2.0502	0	1	0	0
10252	2.0504	0	1	0	0
10253	2.0506	0	1	0	0
10254	2.0508	0	1	0	0
10255	2.051	0	1	0	0
10256	2.0512	0	1	0	0
10257	2.0514	0	1	0	0
10258	2.0516	0	1	0	0
10259	2.0518	0	1	0	0
10260	2.052	0	1	0	0
10261	2.0522	0	1	0	0
10262	2.0524	0	1	0	0
10263	2.0526	0	1	0	0
10264	2.0528	0	1	0	0
10265	2.053	0	1	0	0
10266	2.0532	0	1	0	0
10267	2.0534	0	1	0	0
10268	2.0536	0	1	0	0
10269	2.0538	0	1	0	0
10270	2.054	0	1	0	0
10271	2.0542	0	1	0	0
10272	2.0544	0	1	0	0
10273	2.0546	0	1	0	0
10274	2.0548	0	1	0	0
10275	2.055	0	1	0	0
10276	2.0552	0	1	0	0
10277	2.0554	0	1	0	0
10278	2.0556	0	1	0	0
10279	2.0558	0	1	0	0
10280	2.056	0	1	0	1
10281	2.0562	0	1	0	1
10282	2.0564	0	1	0	1
10283	2.0566	0	1	0	1
10284	2.0568	0	1	0	1
10285	2.057	0	1	0	1
10286	2.0572	0	1	0	1
10287	2.0574	0	1	0	1
10288	2.0576	0	1	0	1
10289	2.0578	0	1	0	1
10290	2.058	0	1	0	1
10291	2.0582	0	1	0	1
10292	2.0584	0	1	0	1
10293	2.0586	0	1	0	1
10294	2.0588	0	1	0	1
10295	2.059	0	1	0	1
10296	2.0592	0	1	0	1
10297	2.0594	0	1	0	1
10298	2.0596	0	1	0	1
10299	2.0598	0	1	0	1
10300	2.06	0	1	0	1
10301	2.0602	0	1	0	1
10302	2.0604	0	1	0	1
10303	2.0606	0	1	0	1
10304	2.0608	0	1	0	1
10305	2.061	0	1	0	1
10306	2.0612	0	1	0	1
10307	2.0614	0	1	0	1
10308	2.0616	0	1	0	1
10309	2.0618	0	1	0	1
10310	2.062	0	1	0	1
10311	2.0622	0	1	0	1
10312	2.0624	0	1	0	1
10313	2.0626	0	1	0	1
10314	2.0628	0	1	0	1
10315	2.063	0	1	0	1
10316	2.0632	0	1	0	1
10317	2.0634	0	1	0	1
10318	2.0636	0	1	0	1
10319	2.0638	0	1	0	1
10320	2.064	0	1	0	1
10321	2.0642	0	1	0	1
10322	2.0644	0	1	0	1
10323	2.0646	0	1	0	1
10324	2.0648	0	1	0	1
10325	2.065	0	1	0	1
10326	2.0652	0	1	0	1
10327	2.0654	0	1	0	1
10328	2.0656	0	1	0	1
10329	2.0658	0	1	0	1
10330	2.066	0	1	0	1
10331	2.0662	0	1	0	1
10332	2.0664	0	1	0	1
10333	2.0666	0	1	0	1
10334	2.0668	0	1	0	1
10335	2.067	0	1	0	1
10336	2.0672	0	1	0	1
10337	2.0674	0	1	0	1
10338	2.0676	0	1	0	1
10339	2.0678	0	1	0	1
10340	2.068	0	1	0	1
10341	2.0682	0	1	0	1
10342	2.0684	0	1	0	1
10343	2.0686	0	1	0	1
10344	2.0688	0	1	0	1
10345	2.069	0	1	0	1
10346	2.0692	0	1	0	1
10347	2.0694	0	1	0	1
10348	2.0696	0	1	0	1
10349	2.0698	0	1	0	1
10350	2.07	0	1	0	1
10351	2.0702	0	1	0	1
10352	2.0704	0	1	0	1
10353	2.0706	0	1	0	1
10354	2.0708	0	1	0	1
10355	2.071	0	1	0	1
10356	2.0712	0	1	0	1
10357	2.0714	0	1	0	1
10358	2.0716	0	1	0	1
10359	2.0718	0	1	0	1
10360	2.072	0	1	0	1
10361	2.0722	0	1	0	1
10362	2.0724	0	1	0	1
10363	2.0726	0	1	0	1
10364	2.0728	0	1	0	1
10365	2.073	0	1	0	1
10366	2.0732	0	1	0	1
10367	2.0734	0	1	0	1
10368	2.0736	0	1	0	1
10369	2.0738	0	1	0	1
10370	2.074	0	1	0	1
10371	2.0742	0	1	0	1
10372	2.0744	0	1	0	1
10373	2.0746	0	1	0	1
10374	2.0748	0	1	0	1
10375	2.075	0	1	0	1
10376	2.0752	0	1	0	1
10377	2.0754	0	1	0	1
10378	2.0756	0	1	0	1
10379	2.0758	0	1	0	1
10380	2.076	0	1	0	1
10381	2.0762	0	1	0	1
10382	2.0764	0	1	0	1
10383	2.0766	0	1	0	1
10384	2.0768	0	1	0	1
10385	2.077	0	1	0	1
10386	2.0772	0	1	0	1
10387	2.0774	0	1	0	1
10388	2.0776	0	1	0	1
10389	2.0778	0	1	0	1
10390	2.078	0	1	0	1
10391	2.0782	0	1	0	1
10392	2.0784	0	1	0	1
10393	2.0786	0	1	0	1
10394	2.0788	0	1	0	1
10395	2.079	0	1	0	1
10396	2.0792	0	1	0	1
10397	2.0794	0	1	0	1
10398	2.0796	0	1	0	1
10399	2.0798	0	1	0	1
10400	2.08	0	1	0	1
10401	2.0802	0	1	0	1
10402	2.0804	0	1	0	1
10403	2.0806	0	1	0	1
10404	2.0808	0	1	0	1
10405	2.081	0	1	0	1
10406	2.0812	0	1	0	1
10407	2.0814	0	1	0	1
10408	2.0816	0	1	0	1
10409	2.0818	0	1	0	1
10410	2.082	0	1	0	1
10411	2.0822	0	1	0	1
10412	2.0824	0	1	0	1
10413	2.0826	0	1	0	1
10414	2.0828	0	1	0	1
10415	2.083	0	1	0	1
10416	2.0832	0	1	0	1
10417	2.0834	0	1	0	1
10418	2.0836	0	1	0	1
10419	2.0838	0	1	0	1
10420	2.084	0	1	0	1
10421	2.0842	0	1	0	1
10422	2.0844	0	1	0	1
10423	2.0846	0	1	0	1
10424	2.0848	0	1	0	1
10425	2.085	0	1	0	1
10426	2.0852	0	1	0	1
10427	2.0854	0	1	0	1
10428	2.0856	0	1	0	1
10429	2.0858	0	1	0	1
10430	2.086	0	1	0	1
10431	2.0862	0	1	0	1
10432	2.0864	0	1	0	1
10433	2.0866	0	1	0	1
10434	2.0868	0	1	0	1
10435	2.087	0	1	0	1
10436	2.0872	0	1	0	1
10437	2.0874	0	1	0	1
10438	2.0876	0	1	0	1
10439	2.0878	0	1	0	1
10440	2.088	0	1	0	1
10441	2.0882	0	1	0	1
10442	2.0884	0	1	0	1
10443	2.0886	0	1	0	1
10444	2.0888	0	1	0	1
10445	2.089	0	1	0	1
10446	2.0892	0	1	0	1
10447	2.0894	0	1	0	1
10448	2.0896	0	1	0	1
10449	2.0898	0	1	0	1
10450	2.09	0	1	0	1
10451	2.0902	0	1	0	1
10452	2.0904	0	1	0	1
10453	2.0906	0	1	0	1
10454	2.0908	0	1	0	1
10455	2.091	0	1	0	1
10456	2.0912	0	1	0	1
10457	2.0914	0	1	0	1
10458	2.0916	0	1	0	1
10459	2.0918	0	1	0	1
10460	2.092	0	1	0	1
10461	2.0922	0	1	0	1
10462	2.0924	0	1	0	1
10463	2.0926	0	1	0	1
10464	2.0928	0	1	0	1
10465	2.093	0	1	0	1
10466	2.0932	0	1	0	1
10467	2.0934	0	1	0	1
10468	2.0936	0	1	0	1
10469	2.0938	0	1	0	1
10470	2.094	0	1	0	1
10471	2.0942	0	1	0	1
10472	2.0944	0	1	0	1
10473	2.0946	0	1	0	1
10474	2.0948	0	1	0	1
10475	2.095	0	1	0	1
10476	2.0952	0	1	0	1
10477	2.0954	0	1	0	1
10478	2.0956	0	1	0	1
10479	2.0958	0	1	0	1
10480	2.096	0	1	0	1
10481	2.0962	0	1	0	1
10482	2.0964	0	1	0	1
10483	2.0966	0	1	0	1
10484	2.0968	0	1	0	1
10485	2.097	0	1	0	1
10486	2.0972	0	1	0	1
10487	2.0974	0	1	0	1
10488	2.0976	0	1	0	1
10489	2.0978	0	1	0	1
10490	2.098	0	1	0	1
10491	2.0982	0	1	0	1
10492	2.0984	0	1	0	1
10493	2.0986	0	1	0	1
10494	2.0988	0	1	0	1
10495	2.099	0	1	0	1
10496	2.0992	0	1	0	1
10497	2.0994	0	1	0	1
10498	2.0996	0	1	0	1
10499	2.0998	0	1	0	1
10500	2.1	0	1	0	1
10501	2.1002	0	1	0	1
10502	2.1004	0	1	0	1
10503	2.1006	0	1	0	1
10504	2.1008	0	1	0	1
10505	2.101	0	1	0	1
10506	2.1012	0	1	0	1
10507	2.1014	0	1	0	1
10508	2.1016	0	1	0	1
10509	2.1018	0	1	0	1
10510	2.102	0	1	0	1
10511	2.1022	0	1	0	1
10512	2.1024	0	1	0	1
10513	2.1026	0	1	0	1
10514	2.1028	0	1	0	1
10515	2.103	0	1	0	1
10516	2.1032	0	1	0	1
10517	2.1034	0	1	0	1
10518	2.1036	0	1	0	1
10519	2.1038	0	1	0	1
10520	2.104	0	1	0	1
10521	2.1042	0	1	0	1
10522	2.1044	0	1	0	1
10523	2.1046	0	1	0	1
10524	2.1048	0	1	0	1
10525	2.105	0	1	0	1
10526	2.1052	0	1	0	1
10527	2.1054	0	1	0	1
10528	2.1056	0	1	0	1
10529	2.1058	0	1	0	1
10530	2.106	0	1	0	1
10531	2.1062	0	1	0	1
10532	2.1064	0	1	0	1
10533	2.1066	0	1	0	1
10534	2.1068	0	1	0	1
10535	2.107	0	1	0	0
10536	2.1072	0	1	0	0
10537	2.1074	0	1	0	0
10538	2.1076	0	1	0	0
10539	2.1078	0	1	0	0
10540	2.108	0	0	0	0
10541	2.1082	0	0	0	0
10542	2.1084	0	0	0	0
10543	2.1086	0	0	0	0
10544	2.1088	0	0	0	0
10545	2.109	0	0	0	0
10546	2.1092	0	0	0	0
10547	2.1094	0	0	0	0
10548	2.1096	0	0	0	0
10549	2.1098	0	0	0	0
10550	2.11	0	0	0	0
10551	2.1102	0	0	0	0
10552	2.1104	0	0	0	0
10553	2.1106	0	0	0	0
10554	2.1108	0	0	0	0
10555	2.111	0	0	0	0
10556	2.1112	0	0	0	0
10557	2.1114	0	0	0	0
10558	2.1116	0	0	0	0
10559	2.1118	0	0	0	0
10560	2.112	0	0	0	0
10561	2.1122	0	0	0	0
10562	2.1124	0	0	0	0
10563	2.1126	0	0	0	0
10564	2.1128	0	0	0	0
10565	2.113	0	0	0	0
10566	2.1132	0	0	0	0
10567	2.1134	0	0	0	0
10568	2.1136	0	0	0	0
10569	2.1138	0	0	0	0
10570	2.114	0	0	0	0
10571	2.1142	0	0	0	0
10572	2.1144	0	0	0	0
10573	2.1146	0	0	0	0
10574	2.1148	0	0	0	0
10575	2.115	0	0	0	0
10576	2.1152	0	0	0	0
10577	2.1154	0	0	0	0
10578	2.1156	0	0	0	0
10579	2.1158	0	0	0	0
10580	2.116	0	0	0	0
10581	2.1162	0	0	0	0
10582	2.1164	0	0	0	0
10583	2.1166	0	0	0	0
10584	2.1168	0	0	0	0
10585	2.117	0	0	0	0
10586	2.1172	0	0	0	0
10587	2.1174	0	0	0	0
10588	2.1176	0	0	0	0
10589	2.1178	0	0	0	0
10590	2.118	0	0	0	0
10591	2.1182	0	0	0	0
10592	2.1184	0	0	0	0
10593	2.1186	0	0	0	0
10594	2.1188	0	0	0	0
10595	2.119	0	0	0	0
10596	2.1192	0	0	0	0
10597	2.1194	0	0	0	0
10598	2.1196	0	0	0	0
10599	2.1198	0	0	0	0
10600	2.12	0	0	0	0
10601	2.1202	0	0	0	0
10602	2.1204	0	0	0	0
10603	2.1206	0	0	0	0
10604	2.1208	0	0	0	0
10605	2.121	0	0	0	0
10606	2.1212	0	0	0	0
10607	2.1214	0	0	0	0
10608	2.1216	0	0	0	0
10609	2.1218	0	0	0	0
10610	2.122	0	0	0	0
10611	2.1222	0	0	0	0
10612	2.1224	0	0	0	0
10613	2.1226	0	0	0	0
10614	2.1228	0	0	0	0
10615	2.123	0	0	0	0
10616	2.1232	0	0	0	0
10617	2.1234	0	0	0	0
10618	2.1236	0	0	0	0
10619	2.1238	0	0	0	0
10620	2.124	0	0	0	0
10621	2.1242	0	0	0	0
10622	2.1244	0	0	0	0
10623	2.1246	0	0	0	0
10624	2.1248	0	0	0	0
10625	2.125	0	0	0	0
10626	2.1252	0	0	0	0
10627	2.1254	0	0	0	0
10628	2.1256	0	0	0	0
10629	2.1258	0	0	0	0
10630	2.126	0	0	0	0
10631	2.1262	0	0	0	0
10632	2.1264	0	0	0	0
10633	2.1266	0	0	0	0
10634	2.1268	0	0	0	0
10635	2.127	0	0	0	0
10636	2.1272	0	0	0	0
10637	2.1274	0	0	0	0
10638	2.1276	0	0	0	0
10639	2.1278	0	0	0	0
10640	2.128	0	0	0	0
10641	2.1282	0	0	0	0
10642	2.1284	0	0	0	0
10643	2.1286	0	0	0	0
10644	2.1288	0	0	0	0
10645	2.129	0	0	0	0
10646	2.1292	0	0	0	0
10647	2.1294	0	0	0	0
10648	2.1296	0	0	0	0
10649	2.1298	0	0	0	0
10650	2.13	0	1	0	0
10651	2.1302	0	1	0	0
10652	2.1304	0	1	0	0
10653	2.1306	0	1	0	0
10654	2.1308	0	1	0	0
10655	2.131	0	1	0	0
10656	2.1312	0	1	0	0
10657	2.1314	0	1	0	0
10658	2.1316	0	1	0	0
10659	2.1318	0	1	0	0
10660	2.132	0	1	0	0
10661	2.1322	0	1	0	0
10662	2.1324	0	1	0	0
10663	2.1326	0	1	0	0
10664	2.1328	0	1	0	0
10665	2.133	0	1	0	0
10666	2.1332	0	1	0	0
10667	2.1334	0	1	0	0
10668	2.1336	0	1	0	0
10669	2.1338	0	1	0	0
10670	2.134	0	1	0	0
10671	2.1342	0	1	0	0
10672	2.1344	0	1	0	0
10673	2.1346	0	1	0	0
10674	2.1348	0	1	0	0
10675	2.135	0	1	0	0
10676	2.1352	0	1	0	0
10677	2.1354	0	1	0	0
10678	2.1356	0	1	0	0
10679	2.1358	0	1	0	0
10680	2.136	0	1	0	0
10681	2.1362	0	1	0	0
10682	2.1364	0	1	0	0
10683	2.1366	0	1	0	0
10684	2.1368	0	1	0	0
10685	2.137	0	1	0	0
10686	2.1372	0	1	0	0
10687	2.1374	0	1	0	0
10688	2.1376	0	1	0	0
10689	2.1378	0	1	0	0
10690	2.138	0	1	0	0
10691	2.1382	0	1	0	0
10692	2.1384	0	1	0	0
10693	2.1386	0	1	0	0
10694	2.1388	0	1	0	0
10695	2.139	0	1	0	0
10696	2.1392	0	1	0	0
10697	2.1394	0	1	0	0
10698	2.1396	0	1	0	0
10699	2.1398	0	1	0	0
10700	2.14	0	1	0	0
10701	2.1402	0	1	0	0
10702	2.1404	0	1	0	0
10703	2.1406	0	1	0	0
10704	2.1408	0	1	0	0
10705	2.141	0	1	0	0
10706	2.1412	0	1	0	0
10707	2.1414	0	1	0	0
10708	2.1416	0	1	0	0
10709	2.1418	0	1	0	0
10710	2.142	0	1	0	0
10711	2.1422	0	1	0	0
10712	2.1424	0	1	0	0
10713	2.1426	0	1	0	0
10714	2.1428	0	1	0	0
10715	2.143	0	1	0	0
10716	2.1432	0	1	0	0
10717	2.1434	0	1	0	0
10718	2.1436	0	1	0	0
10719	2.1438	0	1	0	0
10720	2.144	0	1	0	0
10721	2.1442	0	1	0	0
10722	2.1444	0	1	0	0
10723	2.1446	0	1	0	0
10724	2.1448	0	1	0	0
10725	2.145	0	1	0	0
10726	2.1452	0	1	0	0
10727	2.1454	0	1	0	0
10728	2.1456	0	1	0	0
10729	2.1458	0	1	0	0
10730	2.146	0	1	0	0
10731	2.1462	0	1	0	0
10732	2.1464	0	1	0	0
10733	2.1466	0	1	0	0
10734	2.1468	0	1	0	0
10735	2.147	0	1	0	0
10736	2.1472	0	1	0	0
10737	2.1474	0	1	0	0
10738	2.1476	0	1	0	0
10739	2.1478	0	1	0	0
10740	2.148	0	1	0	0
10741	2.1482	0	1	0	0
10742	2.1484	0	1	0	0
10743	2.1486	0	1	0	0
10744	2.1488	0	1	0	0
10745	2.149	0	1	0	0
10746	2.1492	0	1	0	0
10747	2.1494	0	1	0	0
10748	2.1496	0	1	0	0
10749	2.1498	0	1	0	0
10750	2.15	0	1	0	0
10751	2.1502	0	1	0	0
10752	2.1504	0	1	0	0
10753	2.1506	0	1	0	0
10754	2.1508	0	1	0	0
10755	2.151	0	1	0	0
10756	2.1512	0	1	0	0
10757	2.1514	0	1	0	0
10758	2.1516	0	1	0	0
10759	2.1518	0	1	0	0
10760	2.152	0	1	0	0
10761	2.1522	0	1	0	0
10762	2.1524	0	1	0	0
10763	2.1526	0	1	0	0
10764	2.1528	0	1	0	0
10765	2.153	0	1	0	0
10766	2.1532	0	1	0	0
10767	2.1534	0	1	0	0
10768	2.1536	0	1	0	0
10769	2.1538	0	1	0	0
10770	2.154	0	1	0	0
10771	2.1542	0	1	0	0
10772	2.1544	0	1	0	0
10773	2.1546	0	1	0	0
10774	2.1548	0	1	0	0
10775	2.155	0	1	0	0
10776	2.1552	0	1	0	0
10777	2.1554	0	1	0	0
10778	2.1556	0	1	0	0
10779	2.1558	0	1	0	0
10780	2.156	0	1	0	0
10781	2.1562	0	1	0	0
10782	2.1564	0	1	0	0
10783	2.1566	0	1	0	0
10784	2.1568	0	1	0	0
10785	2.157	0	1	0	0
10786	2.1572	0	1	0	0
10787	2.1574	0	1	0	0
10788	2.1576	0	1	0	0
10789	2.1578	0	1	0	0
10790	2.158	0	1	0	0
10791	2.1582	0	1	0	0
10792	2.1584	0	1	0	0
10793	2.1586	0	1	0	0
10794	2.1588	0	1	0	0
10795	2.159	0	1	0	0
10796	2.1592	0	1	0	0
10797	2.1594	0	1	0	0
10798	2.1596	0	1	0	0
10799	2.1598	0	1	0	0
10800	2.16	0	1	0	0
10801	2.1602	0	1	0	0
10802	2.1604	0	1	0	0
10803	2.1606	0	1	0	0
10804	2.1608	0	1	0	0
10805	2.161	0	1	0	0
10806	2.1612	0	1	0	0
10807	2.1614	0	1	0	0
10808	2.1616	0	1	0	0
10809	2.1618	0	1	0	0
10810	2.162	0	1	0	0
10811	2.1622	0	1	0	0
10812	2.1624	0	1	0	0
10813	2.1626	0	1	0	0
10814	2.1628	0	1	0	0
10815	2.163	0	1	0	0
10816	2.1632	0	1	0	0
10817	2.1634	0	1	0	0
10818	2.1636	0	1	0	0
10819	2.1638	0	1	0	0
10820	2.164	0	1	0	0
10821	2.1642	0	1	0	0
10822	2.1644	0	1	0	0
10823	2.1646	0	1	0	0
10824	2.1648	0	1	0	0
10825	2.165	0	1	0	0
10826	2.1652	0	1	0	0
10827	2.1654	0	1	0	0
10828	2.1656	0	1	0	0
10829	2.1658	0	1	0	0
10830	2.166	0	1	0	0
10831	2.1662	0	1	0	0
10832	2.1664	0	1	0	0
10833	2.1666	0	1	0	0
10834	2.1668	0	1	0	0
10835	2.167	0	1	0	0
10836	2.1672	0	1	0	0
10837	2.1674	0	1	0	0
10838	2.1676	0	1	0	0
10839	2.1678	0	1	0	0
10840	2.168	0	1	0	0
10841	2.1682	0	1	0	0
10842	2.1684	0	1	0	0
10843	2.1686	0	1	0	0
10844	2.1688	0	1	0	0
10845	2.169	0	0	0	0
10846	2.1692	0	0	0	0
10847	2.1694	0	0	0	0
10848	2.1696	0	0	0	0
10849	2.1698	0	0	0	0
10850	2.17	0	0	0	0
10851	2.1702	0	0	0	0
10852	2.1704	0	0	0	0
10853	2.1706	0	0	0	0
10854	2.1708	0	0	0	0
10855	2.171	0	0	0	0
10856	2.1712	0	0	0	0
10857	2.1714	0	0	0	0
10858	2.1716	0	0	0	0
10859	2.1718	0	0	0	0
10860	2.172	0	0	0	0
10861	2.1722	0	0	0	0
10862	2.1724	0	0	0	0
10863	2.1726	0	0	0	0
10864	2.1728	0	0	0	0
10865	2.173	0	0	0	0
10866	2.1732	0	0	0	0
10867	2.1734	0	0	0	0
10868	2.1736	0	0	0	0
10869	2.1738	0	0	0	0
10870	2.174	0	0	0	0
10871	2.1742	0	0	0	0
10872	2.1744	0	0	0	0
10873	2.1746	0	0	0	0
10874	2.1748	0	0	0	0
10875	2.175	0	0	0	0
10876	2.1752	0	0	0	0
10877	2.1754	0	0	0	0
10878	2.1756	0	0	0	0
10879	2.1758	0	0	0	0
10880	2.176	0	0	0	0
10881	2.1762	0	0	0	0
10882	2.1764	0	0	0	0
10883	2.1766	0	0	0	0
10884	2.1768	0	0	0	0
10885	2.177	0	0	0	0
10886	2.1772	0	0	0	0
10887	2.1774	0	0	0	0
10888	2.1776	0	0	0	0
10889	2.1778	0	0	0	0
10890	2.178	0	0	0	0
10891	2.1782	0	0	0	0
10892	2.1784	0	0	0	0
10893	2.1786	0	0	0	0
10894	2.1788	0	0	0	0
10895	2.179	0	0	0	0
10896	2.1792	0	0	0	0
10897	2.1794	0	0	0	0
10898	2.1796	0	0	0	0
10899	2.1798	0	0	0	0
10900	2.18	0	0	0	0
10901	2.1802	0	0	0	0
10902	2.1804	0	0	0	0
10903	2.1806	0	0	0	0
10904	2.1808	0	0	0	0
10905	2.181	0	0	0	0
10906	2.1812	0	0	0	0
10907	2.1814	0	0	0	0
10908	2.1816	0	0	0	0
10909	2.1818	0	0	0	0
10910	2.182	0	0	0	0
10911	2.1822	0	0	0	0
10912	2.1824	0	0	0	0
10913	2.1826	0	0	0	0
10914	2.1828	0	0	0	0
10915	2.183	0	0	0	0
10916	2.1832	0	0	0	0
10917	2.1834	0	0	0	0
10918	2.1836	0	0	0	0
10919	2.1838	0	0	0	0
10920	2.184	0	0	0	0
10921	2.1842	0	0	0	0
10922	2.1844	0	0	0	0
10923	2.1846	0	0	0	0
10924	2.1848	0	0	0	0
10925	2.185	0	0	0	0
10926	2.1852	0	0	0	0
10927	2.1854	0	0	0	0
10928	2.1856	0	0	0	0
10929	2.1858	0	0	0	0
10930	2.186	0	0	0	0
10931	2.1862	0	0	0	0
10932	2.1864	0	0	0	0
10933	2.1866	0	0	0	0
10934	2.1868	0	0	0	0
10935	2.187	0	0	0	0
10936	2.1872	0	0	0	0
10937	2.1874	0	0	0	0
10938	2.1876	0	0	0	0
10939	2.1878	0	0	0	0
10940	2.188	0	0	0	0
10941	2.1882	0	0	0	0
10942	2.1884	0	0	0	0
10943	2.1886	0	0	0	0
10944	2.1888	0	0	0	0
10945	2.189	0	0	0	0
10946	2.1892	0	0	0	0
10947	2.1894	0	0	0	0
10948	2.1896	0	0	0	0
10949	2.1898	0	0	0	0
10950	2.19	0	0	0	0
10951	2.1902	0	0	0	0
10952	2.1904	0	0	0	0
10953	2.1906	0	0	0	0
10954	2.1908	0	0	0	0
10955	2.191	0	0	0	0
10956	2.1912	0	0	0	0
10957	2.1914	0	0	0	0
10958	2.1916	0	0	0	0
10959	2.1918	0	0	0	0
10960	2.192	0	0	0	0
10961	2.1922	0	0	0	0
10962	2.1924	0	0	0	0
10963	2.1926	0	0	0	0
10964	2.1928	0	0	0	0
10965	2.193	0	0	0	0
10966	2.1932	0	0	0	0
10967	2.1934	0	0	0	0
10968	2.1936	0	0	0	0
10969	2.1938	0	0	0	0
10970	2.194	0	0	0	0
10971	2.1942	0	0	0	0
10972	2.1944	0	0	0	0
10973	2.1946	0	0	0	0
10974	2.1948	0	0	0	0
10975	2.195	0	0	0	0
10976	2.1952	0	0	0	0
10977	2.1954	0	0	0	0
10978	2.1956	0	0	0	0
10979	2.1958	0	0	0	0
10980	2.196	0	0	0	0
10981	2.1962	0	0	0	0
10982	2.1964	0	0	0	0
10983	2.1966	0	0	0	0
10984	2.1968	0	0	0	0
10985	2.197	0	0	0	0
10986	2.1972	0	0	0	0
10987	2.1974	0	0	0	0
10988	2.1976	0	0	0	0
10989	2.1978	0	0	0	0
10990	2.198	0	0	0	0
10991	2.1982	0	0	0	0
10992	2.1984	0	0	0	0
10993	2.1986	0	0	0	0
10994	2.1988	0	0	0	0
10995	2.199	0	0	0	0
10996	2.1992	0	0	0	0
10997	2.1994	0	0	0	0
10998	2.1996	0	0	0	0
10999	2.1998	0	0	0	0
11000	2.2	0	0	0	0
11001	2.2002	0	0	0	0
11002	2.2004	0	0	0	0
11003	2.2006	0	0	0	0
11004	2.2008	0	0	0	0
11005	2.201	0	0	0	0
11006	2.2012	0	0	0	0
11007	2.2014	0	0	0	0
11008	2.2016	0	0	0	0
11009	2.2018	0	0	0	0
11010	2.202	0	0	0	0
11011	2.2022	0	0	0	0
11012	2.2024	0	0	0	0
11013	2.2026	0	0	0	0
11014	2.2028	0	0	0	0
11015	2.203	0	0	0	0
11016	2.2032	0	0	0	0
11017	2.2034	0	0	0	0
11018	2.2036	0	0	0	0
11019	2.2038	0	0	0	0
11020	2.204	0	0	0	0
11021	2.2042	0	0	0	0
11022	2.2044	0	0	0	0
11023	2.2046	0	0	0	0
11024	2.2048	0	0	0	0
11025	2.205	0	0	0	0
11026	2.2052	0	0	0	0
11027	2.2054	0	0	0	0
11028	2.2056	0	0	0	0
11029	2.2058	0	0	0	0
11030	2.206	0	0	0	0
11031	2.2062	0	0	0	0
11032	2.2064	0	0	0	0
11033	2.2066	0	0	0	0
11034	2.2068	0	0	0	0
11035	2.207	0	0	0	0
11036	2.2072	0	0	0	0
11037	2.2074	0	0	0	0
11038	2.2076	0	0	0	0
11039	2.2078	0	0	0	0
11040	2.208	0	0	0	0
11041	2.2082	0	0	0	0
11042	2.2084	0	0	0	0
11043	2.2086	0	0	0	0
11044	2.2088	0	0	0	0
11045	2.209	0	0	0	0
11046	2.2092	0	0	0	0
11047	2.2094	0	0	0	0
11048	2.2096	0	0	0	0
11049	2.2098	0	0	0	0
11050	2.21	0	0	0	0
11051	2.2102	0	0	0	0
11052	2.2104	0	0	0	0
11053	2.2106	0	0	0	0
11054	2.2108	0	0	0	0
11055	2.211	0	0	0	0
11056	2.2112	0	0	0	0
11057	2.2114	0	0	0	0
11058	2.2116	0	0	0	0
11059	2.2118	0	0	0	0
11060	2.212	0	0	0	0
11061	2.2122	0	0	0	0
11062	2.2124	0	0	0	0
11063	2.2126	0	0	0	0
11064	2.2128	0	0	0	0
11065	2.213	0	0	0	0
11066	2.2132	0	0	0	0
11067	2.2134	0	0	0	0
11068	2.2136	0	0	0	0
11069	2.2138	0	0	0	0
11070	2.214	0	0	0	0
11071	2.2142	0	0	0	0
11072	2.2144	0	0	0	0
11073	2.2146	0	0	0	0
11074	2.2148	0	0	0	0
11075	2.215	0	0	0	0
11076	2.2152	0	0	0	0
11077	2.2154	0	0	0	0
11078	2.2156	0	0	0	0
11079	2.2158	0	0	0	0
11080	2.216	0	0	0	0
11081	2.2162	0	0	0	0
11082	2.2164	0	0	0	0
11083	2.2166	0	0	0	0
11084	2.2168	0	0	0	0
11085	2.217	0	0	0	0
11086	2.2172	0	0	0	0
11087	2.2174	0	0	0	0
11088	2.2176	0	0	0	0
11089	2.2178	0	0	0	0
11090	2.218	0	0	0	0
11091	2.2182	0	0	0	0
11092	2.2184	0	0	0	0
11093	2.2186	0	0	0	0
11094	2.2188	0	0	0	0
11095	2.219	0	0	0	0
11096	2.2192	0	0	0	0
11097	2.2194	0	0	0	0
11098	2.2196	0	0	0	0
11099	2.2198	0	0	0	0
11100	2.22	0	0	0	0
11101	2.2202	0	0	0	0
11102	2.2204	0	0	0	0
11103	2.2206	0	0	0	0
11104	2.2208	0	0	0	0
11105	2.221	0	0	0	0
11106	2.2212	0	0	0	0
11107	2.2214	0	0	0	0
11108	2.2216	0	0	0	0
11109	2.2218	0	0	0	0
11110	2.222	0	0	0	0
11111	2.2222	0	0	0	0
11112	2.2224	0	0	0	0
11113	2.2226	0	0	0	0
11114	2.2228	0	0	0	0
11115	2.223	0	0	0	0
11116	2.2232	0	0	0	0
11117	2.2234	0	0	0	0
11118	2.2236	0	0	0	0
11119	2.2238	0	0	0	0
11120	2.224	0	0	0	0
11121	2.2242	0	0	0	0
11122	2.2244	0	0	0	0
11123	2.2246	0	0	0	0
11124	2.2248	0	0	0	0
11125	2.225	0	0	0	0
11126	2.2252	0	0	0	0
11127	2.2254	0	0	0	0
11128	2.2256	0	0	0	0
11129	2.2258	0	0	0	0
11130	2.226	0	0	0	0
11131	2.2262	0	0	0	0
11132	2.2264	0	0	0	0
11133	2.2266	0	0	0	0
11134	2.2268	0	0	0	0
11135	2.227	0	0	0	0
11136	2.2272	0	0	0	0
11137	2.2274	0	0	0	0
11138	2.2276	0	0	0	0
11139	2.2278	0	0	0	0
11140	2.228	0	0	0	0
11141	2.2282	0	0	0	0
11142	2.2284	0	0	0	0
11143	2.2286	0	0	0	0
11144	2.2288	0	0	0	0
11145	2.229	0	0	0	0
11146	2.2292	0	0	0	0
11147	2.2294	0	0	0	0
11148	2.2296	0	0	0	0
11149	2.2298	0	0	0	0
11150	2.23	0	0	0	0
11151	2.2302	0	0	0	0
11152	2.2304	0	0	0	0
11153	2.2306	0	0	0	0
11154	2.2308	0	0	0	0
11155	2.231	0	0	0	0
11156	2.2312	0	0	0	0
11157	2.2314	0	0	0	0
11158	2.2316	0	0	0	0
11159	2.2318	0	0	0	0
11160	2.232	0	0	0	0
11161	2.2322	0	0	0	0
11162	2.2324	0	0	0	0
11163	2.2326	0	0	0	0
11164	2.2328	0	0	0	0
11165	2.233	0	0	0	0
11166	2.2332	0	0	0	0
11167	2.2334	0	0	0	0
11168	2.2336	0	0	0	0
11169	2.2338	0	0	0	0
11170	2.234	0	0	0	0
11171	2.2342	0	0	0	0
11172	2.2344	0	0	0	0
11173	2.2346	0	0	0	0
11174	2.2348	0	0	0	0
11175	2.235	0	0	0	0
11176	2.2352	0	0	0	0
11177	2.2354	0	0	0	0
11178	2.2356	0	0	0	0
11179	2.2358	0	0	0	0
11180	2.236	0	0	0	0
11181	2.2362	0	0	0	0
11182	2.2364	0	0	0	0
11183	2.2366	0	0	0	0
11184	2.2368	0	0	0	0
11185	2.237	0	0	0	0
11186	2.2372	0	0	0	0
11187	2.2374	0	0	0	0
11188	2.2376	0	0	0	0
11189	2.2378	0	0	0	0
11190	2.238	0	0	0	0
11191	2.2382	0	0	0	0
11192	2.2384	0	0	0	0
11193	2.2386	0	0	0	0
11194	2.2388	0	0	0	0
11195	2.239	0	0	0	0
11196	2.2392	0	0	0	0
11197	2.2394	0	0	0	0
11198	2.2396	0	0	0	0
11199	2.2398	0	0	0	0
11200	2.24	0	0	0	0
11201	2.2402	0	0	0	0
11202	2.2404	0	0	0	0
11203	2.2406	0	0	0	0
11204	2.2408	0	0	0	0
11205	2.241	0	0	0	0
11206	2.2412	0	0	0	0
11207	2.2414	0	0	0	0
11208	2.2416	0	0	0	0
11209	2.2418	0	0	0	0
11210	2.242	0	0	0	0
11211	2.2422	0	0	0	0
11212	2.2424	0	0	0	0
11213	2.2426	0	0	0	0
11214	2.2428	0	0	0	0
11215	2.243	0	0	0	0
11216	2.2432	0	0	0	0
11217	2.2434	0	0	0	0
11218	2.2436	0	0	0	0
11219	2.2438	0	0	0	0
11220	2.244	0	0	0	0
11221	2.2442	0	0	0	0
11222	2.2444	0	0	0	0
11223	2.2446	0	0	0	0
11224	2.2448	0	0	0	0
11225	2.245	0	0	0	0
11226	2.2452	0	0	0	0
11227	2.2454	0	0	0	0
11228	2.2456	0	0	0	0
11229	2.2458	0	0	0	0
11230	2.246	0	0	0	0
11231	2.2462	0	0	0	0
11232	2.2464	0	0	0	0
11233	2.2466	0	0	0	0
11234	2.2468	0	0	0	0
11235	2.247	0	0	0	0
11236	2.2472	0	0	0	0
11237	2.2474	0	0	0	0
11238	2.2476	0	0	0	0
11239	2.2478	0	0	0	0
11240	2.248	0	0	0	0
11241	2.2482	0	0	0	0
11242	2.2484	0	0	0	0
11243	2.2486	0	0	0	0
11244	2.2488	0	0	0	0
11245	2.249	0	0	0	0
11246	2.2492	0	0	0	0
11247	2.2494	0	0	0	0
11248	2.2496	0	0	0	0
11249	2.2498	0	0	0	0
11250	2.25	0	0	0	0
11251	2.2502	0	0	0	0
11252	2.2504	0	0	0	0
11253	2.2506	0	0	0	0
11254	2.2508	0	0	0	0
11255	2.251	0	0	0	0
11256	2.2512	0	0	0	0
11257	2.2514	0	0	0	0
11258	2.2516	0	0	0	0
11259	2.2518	0	0	0	0
11260	2.252	0	0	0	0
11261	2.2522	0	0	0	0
11262	2.2524	0	0	0	0
11263	2.2526	0	0	0	0
11264	2.2528	0	0	0	0
11265	2.253	0	0	0	0
11266	2.2532	0	0	0	0
11267	2.2534	0	0	0	0
11268	2.2536	0	0	0	0
11269	2.2538	0	0	0	0
11270	2.254	0	0	0	0
11271	2.2542	0	0	0	0
11272	2.2544	0	0	0	0
11273	2.2546	0	0	0	0
11274	2.2548	0	0	0	0
11275	2.255	0	0	0	0
11276	2.2552	0	0	0	0
11277	2.2554	0	0	0	0
11278	2.2556	0	0	0	0
11279	2.2558	0	0	0	0
11280	2.256	0	0	0	0
11281	2.2562	0	0	0	0
11282	2.2564	0	0	0	0
11283	2.2566	0	0	0	0
11284	2.2568	0	0	0	0
11285	2.257	0	0	0	0
11286	2.2572	0	0	0	0
11287	2.2574	0	0	0	0
11288	2.2576	0	0	0	0
11289	2.2578	0	0	0	0
11290	2.258	0	0	0	0
11291	2.2582	0	0	0	0
11292	2.2584	0	0	0	0
11293	2.2586	0	0	0	0
11294	2.2588	0	0	0	0
11295	2.259	0	0	0	0
11296	2.2592	0	0	0	0
11297	2.2594	0	0	0	0
11298	2.2596	0	0	0	0
11299	2.2598	0	0	0	0
11300	2.26	0	0	0	0
11301	2.2602	0	0	0	0
11302	2.2604	0	0	0	0
11303	2.2606	0	0	0	0
11304	2.2608	0	0	0	0
11305	2.261	0	0	0	0
11306	2.2612	0	0	0	0
11307	2.2614	0	0	0	0
11308	2.2616	0	0	0	0
11309	2.2618	0	0	0	0
11310	2.262	0	0	0	0
11311	2.2622	0	0	0	0
11312	2.2624	0	0	0	0
11313	2.2626	0	0	0	0
11314	2.2628	0	0	0	0
11315	2.263	0	0	0	0
11316	2.2632	0	0	0	0
11317	2.2634	0	0	0	0
11318	2.2636	0	0	0	0
11319	2.2638	0	0	0	0
11320	2.264	0	0	0	0
11321	2.2642	0	0	0	0
11322	2.2644	0	0	0	0
11323	2.2646	0	0	0	0
11324	2.2648	0	0	0	0
11325	2.265	0	0	0	0
11326	2.2652	0	0	0	0
11327	2.2654	0	0	0	0
11328	2.2656	0	0	0	0
11329	2.2658	0	0	0	0
11330	2.266	0	0	0	0
11331	2.2662	0	0	0	0
11332	2.2664	0	0	0	0
11333	2.2666	0	0	0	0
11334	2.2668	0	0	0	0
11335	2.267	0	0	0	0
11336	2.2672	0	0	0	0
11337	2.2674	0	0	0	0
11338	2.2676	0	0	0	0
11339	2.2678	0	0	0	0
11340	2.268	0	0	0	0
11341	2.2682	0	0	0	0
11342	2.2684	0	0	0	0
11343	2.2686	0	0	0	0
11344	2.2688	0	0	0	0
11345	2.269	0	0	0	0
11346	2.2692	0	0	0	0
11347	2.2694	0	0	0	0
11348	2.2696	0	0	0	0
11349	2.2698	0	0	0	0
11350	2.27	0	0	0	0
11351	2.2702	0	0	0	0
11352	2.2704	0	0	0	0
11353	2.2706	0	0	0	0
11354	2.2708	0	0	0	0
11355	2.271	0	0	0	0
11356	2.2712	0	0	0	0
11357	2.2714	0	0	0	0
11358	2.2716	0	0	0	0
11359	2.2718	0	0	0	0
11360	2.272	0	0	0	0
11361	2.2722	0	0	0	0
11362	2.2724	0	0	0	0
11363	2.2726	0	0	0	0
11364	2.2728	0	0	0	0
11365	2.273	0	0	0	0
11366	2.2732	0	0	0	0
11367	2.2734	0	0	0	0
11368	2.2736	0	0	0	0
11369	2.2738	0	0	0	0
11370	2.274	0	0	0	0
11371	2.2742	0	0	0	0
11372	2.2744	0	0	0	0
11373	2.2746	0	0	0	0
11374	2.2748	0	0	0	0
11375	2.275	0	0	0	0
11376	2.2752	0	0	0	0
11377	2.2754	0	0	0	0
11378	2.2756	0	0	0	0
11379	2.2758	0	0	0	0
11380	2.276	0	0	0	0
11381	2.2762	0	0	0	0
11382	2.2764	0	0	0	0
11383	2.2766	0	0	0	0
11384	2.2768	0	0	0	0
11385	2.277	0	0	0	0
11386	2.2772	0	0	0	0
11387	2.2774	0	0	0	0
11388	2.2776	0	0	0	0
11389	2.2778	0	0	0	0
11390	2.278	0	0	0	0
11391	2.2782	0	0	0	0
11392	2.2784	0	0	0	0
11393	2.2786	0	0	0	0
11394	2.2788	0	0	0	0
11395	2.279	0	0	0	0
11396	2.2792	0	0	0	0
11397	2.2794	0	0	0	0
11398	2.2796	0	0	0	0
11399	2.2798	0	0	0	0
11400	2.28	0	0	0	0
11401	2.2802	0	0	0	0
11402	2.2804	0	0	0	0
11403	2.2806	0	0	0	0
11404	2.2808	0	0	0	0
11405	2.281	0	0	0	0
11406	2.2812	0	0	0	0
11407	2.2814	0	0	0	0
11408	2.2816	0	0	0	0
11409	2.2818	0	0	0	0
11410	2.282	0	0	0	0
11411	2.2822	0	0	0	0
11412	2.2824	0	0	0	0
11413	2.2826	0	0	0	0
11414	2.2828	0	0	0	0
11415	2.283	0	0	0	0
11416	2.2832	0	0	0	0
11417	2.2834	0	0	0	0
11418	2.2836	0	0	0	0
11419	2.2838	0	0	0	0
11420	2.284	0	1	0	0
11421	2.2842	0	1	0	0
11422	2.2844	0	1	0	0
11423	2.2846	0	1	0	0
11424	2.2848	0	1	0	0
11425	2.285	0	0	0	0
11426	2.2852	0	0	0	0
11427	2.2854	0	0	0	0
11428	2.2856	0	0	0	0
11429	2.2858	0	0	0	0
11430	2.286	0	1	0	0
11431	2.2862	0	1	0	0
11432	2.2864	0	1	0	0
11433	2.2866	0	1	0	0
11434	2.2868	0	1	0	0
11435	2.287	0	1	0	0
11436	2.2872	0	1	0	0
11437	2.2874	0	1	0	0
11438	2.2876	0	1	0	0
11439	2.2878	0	1	0	0
11440	2.288	0	1	0	0
11441	2.2882	0	1	0	0
11442	2.2884	0	1	0	0
11443	2.2886	0	1	0	0
11444	2.2888	0	1	0	0
11445	2.289	0	0	0	0
11446	2.2892	0	0	0	0
11447	2.2894	0	0	0	0
11448	2.2896	0	0	0	0
11449	2.2898	0	0	0	0
11450	2.29	0	0	0	0
11451	2.2902	0	0	0	0
11452	2.2904	0	0	0	0
11453	2.2906	0	0	0	0
11454	2.2908	0	0	0	0
11455	2.291	0	0	0	0
11456	2.2912	0	0	0	0
11457	2.2914	0	0	0	0
11458	2.2916	0	0	0	0
11459	2.2918	0	0	0	0
11460	2.292	0	0	0	0
11461	2.2922	0	0	0	0
11462	2.2924	0	0	0	0
11463	2.2926	0	0	0	0
11464	2.2928	0	0	0	0
11465	2.293	0	0	0	0
11466	2.2932	0	0	0	0
11467	2.2934	0	0	0	0
11468	2.2936	0	0	0	0
11469	2.2938	0	0	0	0
11470	2.294	0	0	0	0
11471	2.2942	0	0	0	0
11472	2.2944	0	0	0	0
11473	2.2946	0	0	0	0
11474	2.2948	0	0	0	0
11475	2.295	0	0	0	0
11476	2.2952	0	0	0	0
11477	2.2954	0	0	0	0
11478	2.2956	0	0	0	0
11479	2.2958	0	0	0	0
11480	2.296	0	0	0	0
11481	2.2962	0	0	0	0
11482	2.2964	0	0	0	0
11483	2.2966	0	0	0	0
11484	2.2968	0	0	0	0
11485	2.297	0	0	0	0
11486	2.2972	0	0	0	0
11487	2.2974	0	0	0	0
11488	2.2976	0	0	0	0
11489	2.2978	0	0	0	0
11490	2.298	0	0	0	0
11491	2.2982	0	0	0	0
11492	2.2984	0	0	0	0
11493	2.2986	0	0	0	0
11494	2.2988	0	0	0	0
11495	2.299	0	0	0	0
11496	2.2992	0	0	0	0
11497	2.2994	0	0	0	0
11498	2.2996	0	0	0	0
11499	2.2998	0	0	0	0
11500	2.3	0	0	0	0
11501	2.3002	0	0	0	0
11502	2.3004	0	0	0	0
11503	2.3006	0	0	0	0
11504	2.3008	0	0	0	0
11505	2.301	0	1	0	0
11506	2.3012	0	1	0	0
11507	2.3014	0	1	0	0
11508	2.3016	0	1	0	0
11509	2.3018	0	1	0	0
11510	2.302	0	1	0	0
11511	2.3022	0	1	0	0
11512	2.3024	0	1	0	0
11513	2.3026	0	1	0	0
11514	2.3028	0	1	0	0
11515	2.303	0	0	0	0
11516	2.3032	0	0	0	0
11517	2.3034	0	0	0	0
11518	2.3036	0	0	0	0
11519	2.3038	0	0	0	0
11520	2.304	0	0	0	0
11521	2.3042	0	0	0	0
11522	2.3044	0	0	0	0
11523	2.3046	0	0	0	0
11524	2.3048	0	0	0	0
11525	2.305	0	0	0	0
11526	2.3052	0	0	0	0
11527	2.3054	0	0	0	0
11528	2.3056	0	0	0	0
11529	2.3058	0	0	0	0
11530	2.306	0	0	0	0
11531	2.3062	0	0	0	0
11532	2.3064	0	0	0	0
11533	2.3066	0	0	0	0
11534	2.3068	0	0	0	0
11535	2.307	0	0	0	0
11536	2.3072	0	0	0	0
11537	2.3074	0	0	0	0
11538	2.3076	0	0	0	0
11539	2.3078	0	0	0	0
11540	2.308	0	0	0	0
11541	2.3082	0	0	0	0
11542	2.3084	0	0	0	0
11543	2.3086	0	0	0	0
11544	2.3088	0	0	0	0
11545	2.309	0	0	0	0
11546	2.3092	0	0	0	0
11547	2.3094	0	0	0	0
11548	2.3096	0	0	0	0
11549	2.3098	0	0	0	0
11550	2.31	0	0	0	0
11551	2.3102	0	0	0	0
11552	2.3104	0	0	0	0
11553	2.3106	0	0	0	0
11554	2.3108	0	0	0	0
11555	2.311	0	0	0	0
11556	2.3112	0	0	0	0
11557	2.3114	0	0	0	0
11558	2.3116	0	0	0	0
11559	2.3118	0	0	0	0
11560	2.312	0	0	0	0
11561	2.3122	0	0	0	0
11562	2.3124	0	0	0	0
11563	2.3126	0	0	0	0
11564	2.3128	0	0	0	0
11565	2.313	0	0	0	0
11566	2.3132	0	0	0	0
11567	2.3134	0	0	0	0
11568	2.3136	0	0	0	0
11569	2.3138	0	0	0	0
11570	2.314	0	0	0	0
11571	2.3142	0	0	0	0
11572	2.3144	0	0	0	0
11573	2.3146	0	0	0	0
11574	2.3148	0	0	0	0
11575	2.315	0	0	0	0
11576	2.3152	0	0	0	0
11577	2.3154	0	0	0	0
11578	2.3156	0	0	0	0
11579	2.3158	0	0	0	0
11580	2.316	0	0	0	0
11581	2.3162	0	0	0	0
11582	2.3164	0	0	0	0
11583	2.3166	0	0	0	0
11584	2.3168	0	0	0	0
11585	2.317	0	0	0	0
11586	2.3172	0	0	0	0
11587	2.3174	0	0	0	0
11588	2.3176	0	0	0	0
11589	2.3178	0	0	0	0
11590	2.318	0	0	0	0
11591	2.3182	0	0	0	0
11592	2.3184	0	0	0	0
11593	2.3186	0	0	0	0
11594	2.3188	0	0	0	0
11595	2.319	0	0	0	0
11596	2.3192	0	0	0	0
11597	2.3194	0	0	0	0
11598	2.3196	0	0	0	0
11599	2.3198	0	0	0	0
11600	2.32	0	0	0	0
11601	2.3202	0	0	0	0
11602	2.3204	0	0	0	0
11603	2.3206	0	0	0	0
11604	2.3208	0	0	0	0
11605	2.321	0	0	0	0
11606	2.3212	0	0	0	0
11607	2.3214	0	0	0	0
11608	2.3216	0	0	0	0
11609	2.3218	0	0	0	0
11610	2.322	0	0	0	0
11611	2.3222	0	0	0	0
11612	2.3224	0	0	0	0
11613	2.3226	0	0	0	0
11614	2.3228	0	0	0	0
11615	2.323	0	0	0	0
11616	2.3232	0	0	0	0
11617	2.3234	0	0	0	0
11618	2.3236	0	0	0	0
11619	2.3238	0	0	0	0
11620	2.324	0	0	0	0
11621	2.3242	0	0	0	0
11622	2.3244	0	0	0	0
11623	2.3246	0	0	0	0
11624	2.3248	0	0	0	0
11625	2.325	0	0	0	0
11626	2.3252	0	0	0	0
11627	2.3254	0	0	0	0
11628	2.3256	0	0	0	0
11629	2.3258	0	0	0	0
11630	2.326	0	0	0	0
11631	2.3262	0	0	0	0
11632	2.3264	0	0	0	0
11633	2.3266	0	0	0	0
11634	2.3268	0	0	0	0
11635	2.327	0	0	0	0
11636	2.3272	0	0	0	0
11637	2.3274	0	0	0	0
11638	2.3276	0	0	0	0
11639	2.3278	0	0	0	0
11640	2.328	0	0	0	0
11641	2.3282	0	0	0	0
11642	2.3284	0	0	0	0
11643	2.3286	0	0	0	0
11644	2.3288	0	0	0	0
11645	2.329	0	0	0	0
11646	2.3292	0	0	0	0
11647	2.3294	0	0	0	0
11648	2.3296	0	0	0	0
11649	2.3298	0	0	0	0
11650	2.33	0	0	0	0
11651	2.3302	0	0	0	0
11652	2.3304	0	0	0	0
11653	2.3306	0	0	0	0
11654	2.3308	0	0	0	0
11655	2.331	0	0	0	0
11656	2.3312	0	0	0	0
11657	2.3314	0	0	0	0
11658	2.3316	0	0	0	0
11659	2.3318	0	0	0	0
11660	2.332	0	0	0	0
11661	2.3322	0	0	0	0
11662	2.3324	0	0	0	0
11663	2.3326	0	0	0	0
11664	2.3328	0	0	0	0
11665	2.333	0	0	0	0
11666	2.3332	0	0	0	0
11667	2.3334	0	0	0	0
11668	2.3336	0	0	0	0
11669	2.3338	0	0	0	0
11670	2.334	0	0	0	0
11671	2.3342	0	0	0	0
11672	2.3344	0	0	0	0
11673	2.3346	0	0	0	0
11674	2.3348	0	0	0	0
11675	2.335	0	0	0	0
11676	2.3352	0	0	0	0
11677	2.3354	0	0	0	0
11678	2.3356	0	0	0	0
11679	2.3358	0	0	0	0
11680	2.336	0	0	0	0
11681	2.3362	0	0	0	0
11682	2.3364	0	0	0	0
11683	2.3366	0	0	0	0
11684	2.3368	0	0	0	0
11685	2.337	0	0	0	0
11686	2.3372	0	0	0	0
11687	2.3374	0	0	0	0
11688	2.3376	0	0	0	0
11689	2.3378	0	0	0	0
11690	2.338	0	0	0	0
11691	2.3382	0	0	0	0
11692	2.3384	0	0	0	0
11693	2.3386	0	0	0	0
11694	2.3388	0	0	0	0
11695	2.339	0	0	0	0
11696	2.3392	0	0	0	0
11697	2.3394	0	0	0	0
11698	2.3396	0	0	0	0
11699	2.3398	0	0	0	0
11700	2.34	0	0	0	0
11701	2.3402	0	0	0	0
11702	2.3404	0	0	0	0
11703	2.3406	0	0	0	0
11704	2.3408	0	0	0	0
11705	2.341	0	0	0	0
11706	2.3412	0	0	0	0
11707	2.3414	0	0	0	0
11708	2.3416	0	0	0	0
11709	2.3418	0	0	0	0
11710	2.342	0	0	0	0
11711	2.3422	0	0	0	0
11712	2.3424	0	0	0	0
11713	2.3426	0	0	0	0
11714	2.3428	0	0	0	0
11715	2.343	0	0	0	0
11716	2.3432	0	0	0	0
11717	2.3434	0	0	0	0
11718	2.3436	0	0	0	0
11719	2.3438	0	0	0	0
11720	2.344	0	0	0	0
11721	2.3442	0	0	0	0
11722	2.3444	0	0	0	0
11723	2.3446	0	0	0	0
11724	2.3448	0	0	0	0
11725	2.345	0	0	0	0
11726	2.3452	0	0	0	0
11727	2.3454	0	0	0	0
11728	2.3456	0	0	0	0
11729	2.3458	0	0	0	0
11730	2.346	0	0	0	0
11731	2.3462	0	0	0	0
11732	2.3464	0	0	0	0
11733	2.3466	0	0	0	0
11734	2.3468	0	0	0	0
11735	2.347	0	0	0	0
11736	2.3472	0	0	0	0
11737	2.3474	0	0	0	0
11738	2.3476	0	0	0	0
11739	2.3478	0	0	0	0
11740	2.348	0	0	0	0
11741	2.3482	0	0	0	0
11742	2.3484	0	0	0	0
11743	2.3486	0	0	0	0
11744	2.3488	0	0	0	0
11745	2.349	0	0	0	0
11746	2.3492	0	0	0	0
11747	2.3494	0	0	0	0
11748	2.3496	0	0	0	0
11749	2.3498	0	0	0	0
11750	2.35	0	0	0	0
11751	2.3502	0	0	0	0
11752	2.3504	0	0	0	0
11753	2.3506	0	0	0	0
11754	2.3508	0	0	0	0
11755	2.351	0	0	0	0
11756	2.3512	0	0	0	0
11757	2.3514	0	0	0	0
11758	2.3516	0	0	0	0
11759	2.3518	0	0	0	0
11760	2.352	0	0	0	0
11761	2.3522	0	0	0	0
11762	2.3524	0	0	0	0
11763	2.3526	0	0	0	0
11764	2.3528	0	0	0	0
11765	2.353	0	0	0	0
11766	2.3532	0	0	0	0
11767	2.3534	0	0	0	0
11768	2.3536	0	0	0	0
11769	2.3538	0	0	0	0
11770	2.354	0	0	0	0
11771	2.3542	0	0	0	0
11772	2.3544	0	0	0	0
11773	2.3546	0	0	0	0
11774	2.3548	0	0	0	0
11775	2.355	0	0	0	0
11776	2.3552	0	0	0	0
11777	2.3554	0	0	0	0
11778	2.3556	0	0	0	0
11779	2.3558	0	0	0	0
11780	2.356	0	0	0	0
11781	2.3562	0	0	0	0
11782	2.3564	0	0	0	0
11783	2.3566	0	0	0	0
11784	2.3568	0	0	0	0
11785	2.357	0	0	0	0
11786	2.3572	0	0	0	0
11787	2.3574	0	0	0	0
11788	2.3576	0	0	0	0
11789	2.3578	0	0	0	0
11790	2.358	0	0	0	0
11791	2.3582	0	0	0	0
11792	2.3584	0	0	0	0
11793	2.3586	0	0	0	0
11794	2.3588	0	0	0	0
11795	2.359	0	0	0	0
11796	2.3592	0	0	0	0
11797	2.3594	0	0	0	0
11798	2.3596	0	0	0	0
11799	2.3598	0	0	0	0
11800	2.36	0	0	0	0
11801	2.3602	0	0	0	0
11802	2.3604	0	0	0	0
11803	2.3606	0	0	0	0
11804	2.3608	0	0	0	0
11805	2.361	0	0	0	0
11806	2.3612	0	0	0	0
11807	2.3614	0	0	0	0
11808	2.3616	0	0	0	0
11809	2.3618	0	0	0	0
11810	2.362	0	0	0	0
11811	2.3622	0	0	0	0
11812	2.3624	0	0	0	0
11813	2.3626	0	0	0	0
11814	2.3628	0	0	0	0
11815	2.363	0	0	0	0
11816	2.3632	0	0	0	0
11817	2.3634	0	0	0	0
11818	2.3636	0	0	0	0
11819	2.3638	0	0	0	0
11820	2.364	0	0	0	0
11821	2.3642	0	0	0	0
11822	2.3644	0	0	0	0
11823	2.3646	0	0	0	0
11824	2.3648	0	0	0	0
11825	2.365	0	0	0	0
11826	2.3652	0	0	0	0
11827	2.3654	0	0	0	0
11828	2.3656	0	0	0	0
11829	2.3658	0	0	0	0
11830	2.366	0	0	0	0
11831	2.3662	0	0	0	0
11832	2.3664	0	0	0	0
11833	2.3666	0	0	0	0
11834	2.3668	0	0	0	0
11835	2.367	0	0	0	0
11836	2.3672	0	0	0	0
11837	2.3674	0	0	0	0
11838	2.3676	0	0	0	0
11839	2.3678	0	0	0	0
11840	2.368	0	0	0	0
11841	2.3682	0	0	0	0
11842	2.3684	0	0	0	0
11843	2.3686	0	0	0	0
11844	2.3688	0	0	0	0
11845	2.369	0	0	0	0
11846	2.3692	0	0	0	0
11847	2.3694	0	0	0	0
11848	2.3696	0	0	0	0
11849	2.3698	0	0	0	0
11850	2.37	0	0	0	0
11851	2.3702	0	0	0	0
11852	2.3704	0	0	0	0
11853	2.3706	0	0	0	0
11854	2.3708	0	0	0	0
11855	2.371	0	0	0	0
11856	2.3712	0	0	0	0
11857	2.3714	0	0	0	0
11858	2.3716	0	0	0	0
11859	2.3718	0	0	0	0
11860	2.372	0	0	0	0
11861	2.3722	0	0	0	0
11862	2.3724	0	0	0	0
11863	2.3726	0	0	0	0
11864	2.3728	0	0	0	0
11865	2.373	0	0	0	0
11866	2.3732	0	0	0	0
11867	2.3734	0	0	0	0
11868	2.3736	0	0	0	0
11869	2.3738	0	0	0	0
11870	2.374	0	0	0	0
11871	2.3742	0	0	0	0
11872	2.3744	0	0	0	0
11873	2.3746	0	0	0	0
11874	2.3748	0	0	0	0
11875	2.375	0	0	0	0
11876	2.3752	0	0	0	0
11877	2.3754	0	0	0	0
11878	2.3756	0	0	0	0
11879	2.3758	0	0	0	0
11880	2.376	0	0	0	0
11881	2.3762	0	0	0	0
11882	2.3764	0	0	0	0
11883	2.3766	0	0	0	0
11884	2.3768	0	0	0	0
11885	2.377	0	0	0	0
11886	2.3772	0	0	0	0
11887	2.3774	0	0	0	0
11888	2.3776	0	0	0	0
11889	2.3778	0	0	0	0
11890	2.378	0	0	0	0
11891	2.3782	0	0	0	0
11892	2.3784	0	0	0	0
11893	2.3786	0	0	0	0
11894	2.3788	0	0	0	0
11895	2.379	0	0	0	0
11896	2.3792	0	0	0	0
11897	2.3794	0	0	0	0
11898	2.3796	0	0	0	0
11899	2.3798	0	0	0	0
11900	2.38	0	0	0	0
11901	2.3802	0	0	0	0
11902	2.3804	0	0	0	0
11903	2.3806	0	0	0	0
11904	2.3808	0	0	0	0
11905	2.381	0	0	0	0
11906	2.3812	0	0	0	0
11907	2.3814	0	0	0	0
11908	2.3816	0	0	0	0
11909	2.3818	0	0	0	0
11910	2.382	0	0	0	0
11911	2.3822	0	0	0	0
11912	2.3824	0	0	0	0
11913	2.3826	0	0	0	0
11914	2.3828	0	0	0	0
11915	2.383	0	0	0	0
11916	2.3832	0	0	0	0
11917	2.3834	0	0	0	0
11918	2.3836	0	0	0	0
11919	2.3838	0	0	0	0
11920	2.384	0	0	0	0
11921	2.3842	0	0	0	0
11922	2.3844	0	0	0	0
11923	2.3846	0	0	0	0
11924	2.3848	0	0	0	0
11925	2.385	0	0	0	0
11926	2.3852	0	0	0	0
11927	2.3854	0	0	0	0
11928	2.3856	0	0	0	0
11929	2.3858	0	0	0	0
11930	2.386	0	0	0	0
11931	2.3862	0	0	0	0
11932	2.3864	0	0	0	0
11933	2.3866	0	0	0	0
11934	2.3868	0	0	0	0
11935	2.387	0	0	0	0
11936	2.3872	0	0	0	0
11937	2.3874	0	0	0	0
11938	2.3876	0	0	0	0
11939	2.3878	0	0	0	0
11940	2.388	0	0	0	0
11941	2.3882	0	0	0	0
11942	2.3884	0	0	0	0
11943	2.3886	0	0	0	0
11944	2.3888	0	0	0	0
11945	2.389	0	0	0	0
11946	2.3892	0	0	0	0
11947	2.3894	0	0	0	0
11948	2.3896	0	0	0	0
11949	2.3898	0	0	0	0
11950	2.39	0	0	0	0
11951	2.3902	0	0	0	0
11952	2.3904	0	0	0	0
11953	2.3906	0	0	0	0
11954	2.3908	0	0	0	0
11955	2.391	0	0	0	0
11956	2.3912	0	0	0	0
11957	2.3914	0	0	0	0
11958	2.3916	0	0	0	0
11959	2.3918	0	0	0	0
11960	2.392	0	0	0	0
11961	2.3922	0	0	0	0
11962	2.3924	0	0	0	0
11963	2.3926	0	0	0	0
11964	2.3928	0	0	0	0
11965	2.393	0	0	0	0
11966	2.3932	0	0	0	0
11967	2.3934	0	0	0	0
11968	2.3936	0	0	0	0
11969	2.3938	0	0	0	0
11970	2.394	0	0	0	0
11971	2.3942	0	0	0	0
11972	2.3944	0	0	0	0
11973	2.3946	0	0	0	0
11974	2.3948	0	0	0	0
11975	2.395	0	0	0	0
11976	2.3952	0	0	0	0
11977	2.3954	0	0	0	0
11978	2.3956	0	0	0	0
11979	2.3958	0	0	0	0
11980	2.396	0	0	0	0
11981	2.3962	0	0	0	0
11982	2.3964	0	0	0	0
11983	2.3966	0	0	0	0
11984	2.3968	0	0	0	0
11985	2.397	0	0	0	0
11986	2.3972	0	0	0	0
11987	2.3974	0	0	0	0
11988	2.3976	0	0	0	0
11989	2.3978	0	0	0	0
11990	2.398	0	0	0	0
11991	2.3982	0	0	0	0
11992	2.3984	0	0	0	0
11993	2.3986	0	0	0	0
11994	2.3988	0	0	0	0
11995	2.399	0	0	0	0
11996	2.3992	0	0	0	0
11997	2.3994	0	0	0	0
11998	2.3996	0	0	0	0
11999	2.3998	0	0	0	0
12000	2.4	0	0	0	0
12001	2.4002	0	0	0	0
12002	2.4004	0	0	0	0
12003	2.4006	0	0	0	0
12004	2.4008	0	0	0	0
12005	2.401	0	0	0	0
12006	2.4012	0	0	0	0
12007	2.4014	0	0	0	0
12008	2.4016	0	0	0	0
12009	2.4018	0	0	0	0
12010	2.402	0	0	0	0
12011	2.4022	0	0	0	0
12012	2.4024	0	0	0	0
12013	2.4026	0	0	0	0
12014	2.4028	0	0	0	0
12015	2.403	0	0	0	0
12016	2.4032	0	0	0	0
12017	2.4034	0	0	0	0
12018	2.4036	0	0	0	0
12019	2.4038	0	0	0	0
12020	2.404	0	0	0	0
12021	2.4042	0	0	0	0
12022	2.4044	0	0	0	0
12023	2.4046	0	0	0	0
12024	2.4048	0	0	0	0
12025	2.405	0	0	0	0
12026	2.4052	0	0	0	0
12027	2.4054	0	0	0	0
12028	2.4056	0	0	0	0
12029	2.4058	0	0	0	0
12030	2.406	0	0	0	0
12031	2.4062	0	0	0	0
12032	2.4064	0	0	0	0
12033	2.4066	0	0	0	0
12034	2.4068	0	0	0	0
12035	2.407	0	0	0	0
12036	2.4072	0	0	0	0
12037	2.4074	0	0	0	0
12038	2.4076	0	0	0	0
12039	2.4078	0	0	0	0
12040	2.408	0	0	0	0
12041	2.4082	0	0	0	0
12042	2.4084	0	0	0	0
12043	2.4086	0	0	0	0
12044	2.4088	0	0	0	0
12045	2.409	0	0	0	0
12046	2.4092	0	0	0	0
12047	2.4094	0	0	0	0
12048	2.4096	0	0	0	0
12049	2.4098	0	0	0	0
12050	2.41	0	0	0	0
12051	2.4102	0	0	0	0
12052	2.4104	0	0	0	0
12053	2.4106	0	0	0	0
12054	2.4108	0	0	0	0
12055	2.411	0	0	0	0
12056	2.4112	0	0	0	0
12057	2.4114	0	0	0	0
12058	2.4116	0	0	0	0
12059	2.4118	0	0	0	0
12060	2.412	0	0	0	0
12061	2.4122	0	0	0	0
12062	2.4124	0	0	0	0
12063	2.4126	0	0	0	0
12064	2.4128	0	0	0	0
12065	2.413	0	0	0	0
12066	2.4132	0	0	0	0
12067	2.4134	0	0	0	0
12068	2.4136	0	0	0	0
12069	2.4138	0	0	0	0
12070	2.414	0	0	0	0
12071	2.4142	0	0	0	0
12072	2.4144	0	0	0	0
12073	2.4146	0	0	0	0
12074	2.4148	0	0	0	0
12075	2.415	0	0	0	0
12076	2.4152	0	0	0	0
12077	2.4154	0	0	0	0
12078	2.4156	0	0	0	0
12079	2.4158	0	0	0	0
12080	2.416	0	0	0	0
12081	2.4162	0	0	0	0
12082	2.4164	0	0	0	0
12083	2.4166	0	0	0	0
12084	2.4168	0	0	0	0
12085	2.417	0	0	0	0
12086	2.4172	0	0	0	0
12087	2.4174	0	0	0	0
12088	2.4176	0	0	0	0
12089	2.4178	0	0	0	0
12090	2.418	0	0	0	0
12091	2.4182	0	0	0	0
12092	2.4184	0	0	0	0
12093	2.4186	0	0	0	0
12094	2.4188	0	0	0	0
12095	2.419	0	0	0	0
12096	2.4192	0	0	0	0
12097	2.4194	0	0	0	0
12098	2.4196	0	0	0	0
12099	2.4198	0	0	0	0
12100	2.42	0	0	0	0
12101	2.4202	0	0	0	0
12102	2.4204	0	0	0	0
12103	2.4206	0	0	0	0
12104	2.4208	0	0	0	0
12105	2.421	0	0	0	0
12106	2.4212	0	0	0	0
12107	2.4214	0	0	0	0
12108	2.4216	0	0	0	0
12109	2.4218	0	0	0	0
12110	2.422	0	0	0	0
12111	2.4222	0	0	0	0
12112	2.4224	0	0	0	0
12113	2.4226	0	0	0	0
12114	2.4228	0	0	0	0
12115	2.423	0	0	0	0
12116	2.4232	0	0	0	0
12117	2.4234	0	0	0	0
12118	2.4236	0	0	0	0
12119	2.4238	0	0	0	0
12120	2.424	0	0	0	0
12121	2.4242	0	0	0	0
12122	2.4244	0	0	0	0
12123	2.4246	0	0	0	0
12124	2.4248	0	0	0	0
12125	2.425	0	0	0	0
12126	2.4252	0	0	0	0
12127	2.4254	0	0	0	0
12128	2.4256	0	0	0	0
12129	2.4258	0	0	0	0
12130	2.426	0	0	0	0
12131	2.4262	0	0	0	0
12132	2.4264	0	0	0	0
12133	2.4266	0	0	0	0
12134	2.4268	0	0	0	0
12135	2.427	0	0	0	0
12136	2.4272	0	0	0	0
12137	2.4274	0	0	0	0
12138	2.4276	0	0	0	0
12139	2.4278	0	0	0	0
12140	2.428	0	0	0	0
12141	2.4282	0	0	0	0
12142	2.4284	0	0	0	0
12143	2.4286	0	0	0	0
12144	2.4288	0	0	0	0
12145	2.429	0	0	0	0
12146	2.4292	0	0	0	0
12147	2.4294	0	0	0	0
12148	2.4296	0	0	0	0
12149	2.4298	0	0	0	0
12150	2.43	0	0	0	0
12151	2.4302	0	0	0	0
12152	2.4304	0	0	0	0
12153	2.4306	0	0	0	0
12154	2.4308	0	0	0	0
12155	2.431	0	0	0	0
12156	2.4312	0	0	0	0
12157	2.4314	0	0	0	0
12158	2.4316	0	0	0	0
12159	2.4318	0	0	0	0
12160	2.432	0	0	0	0
12161	2.4322	0	0	0	0
12162	2.4324	0	0	0	0
12163	2.4326	0	0	0	0
12164	2.4328	0	0	0	0
12165	2.433	0	0	0	0
12166	2.4332	0	0	0	0
12167	2.4334	0	0	0	0
12168	2.4336	0	0	0	0
12169	2.4338	0	0	0	0
12170	2.434	0	0	0	0
12171	2.4342	0	0	0	0
12172	2.4344	0	0	0	0
12173	2.4346	0	0	0	0
12174	2.4348	0	0	0	0
12175	2.435	0	0	0	0
12176	2.4352	0	0	0	0
12177	2.4354	0	0	0	0
12178	2.4356	0	0	0	0
12179	2.4358	0	0	0	0
12180	2.436	0	0	0	0
12181	2.4362	0	0	0	0
12182	2.4364	0	0	0	0
12183	2.4366	0	0	0	0
12184	2.4368	0	0	0	0
12185	2.437	0	0	0	0
12186	2.4372	0	0	0	0
12187	2.4374	0	0	0	0
12188	2.4376	0	0	0	0
12189	2.4378	0	0	0	0
12190	2.438	0	0	0	0
12191	2.4382	0	0	0	0
12192	2.4384	0	0	0	0
12193	2.4386	0	0	0	0
12194	2.4388	0	0	0	0
12195	2.439	0	0	0	0
12196	2.4392	0	0	0	0
12197	2.4394	0	0	0	0
12198	2.4396	0	0	0	0
12199	2.4398	0	0	0	0
12200	2.44	0	0	0	0
12201	2.4402	0	0	0	0
12202	2.4404	0	0	0	0
12203	2.4406	0	0	0	0
12204	2.4408	0	0	0	0
12205	2.441	0	0	0	0
12206	2.4412	0	0	0	0
12207	2.4414	0	0	0	0
12208	2.4416	0	0	0	0
12209	2.4418	0	0	0	0
12210	2.442	0	0	0	0
12211	2.4422	0	0	0	0
12212	2.4424	0	0	0	0
12213	2.4426	0	0	0	0
12214	2.4428	0	0	0	0
12215	2.443	0	0	0	0
12216	2.4432	0	0	0	0
12217	2.4434	0	0	0	0
12218	2.4436	0	0	0	0
12219	2.4438	0	0	0	0
12220	2.444	0	0	0	0
12221	2.4442	0	0	0	0
12222	2.4444	0	0	0	0
12223	2.4446	0	0	0	0
12224	2.4448	0	0	0	0
12225	2.445	0	0	0	0
12226	2.4452	0	0	0	0
12227	2.4454	0	0	0	0
12228	2.4456	0	0	0	0
12229	2.4458	0	0	0	0
12230	2.446	0	0	0	0
12231	2.4462	0	0	0	0
12232	2.4464	0	0	0	0
12233	2.4466	0	0	0	0
12234	2.4468	0	0	0	0
12235	2.447	0	0	0	0
12236	2.4472	0	0	0	0
12237	2.4474	0	0	0	0
12238	2.4476	0	0	0	0
12239	2.4478	0	0	0	0
12240	2.448	0	0	0	0
12241	2.4482	0	0	0	0
12242	2.4484	0	0	0	0
12243	2.4486	0	0	0	0
12244	2.4488	0	0	0	0
12245	2.449	0	0	0	0
12246	2.4492	0	0	0	0
12247	2.4494	0	0	0	0
12248	2.4496	0	0	0	0
12249	2.4498	0	0	0	0
12250	2.45	0	0	0	0
12251	2.4502	0	0	0	0
12252	2.4504	0	0	0	0
12253	2.4506	0	0	0	0
12254	2.4508	0	0	0	0
12255	2.451	0	0	0	0
12256	2.4512	0	0	0	0
12257	2.4514	0	0	0	0
12258	2.4516	0	0	0	0
12259	2.4518	0	0	0	0
12260	2.452	0	0	0	0
12261	2.4522	0	0	0	0
12262	2.4524	0	0	0	0
12263	2.4526	0	0	0	0
12264	2.4528	0	0	0	0
12265	2.453	0	0	0	0
12266	2.4532	0	0	0	0
12267	2.4534	0	0	0	0
12268	2.4536	0	0	0	0
12269	2.4538	0	0	0	0
12270	2.454	0	0	0	0
12271	2.4542	0	0	0	0
12272	2.4544	0	0	0	0
12273	2.4546	0	0	0	0
12274	2.4548	0	0	0	0
12275	2.455	0	0	0	0
12276	2.4552	0	0	0	0
12277	2.4554	0	0	0	0
12278	2.4556	0	0	0	0
12279	2.4558	0	0	0	0
12280	2.456	0	0	0	0
12281	2.4562	0	0	0	0
12282	2.4564	0	0	0	0
12283	2.4566	0	0	0	0
12284	2.4568	0	0	0	0
12285	2.457	0	0	0	0
12286	2.4572	0	0	0	0
12287	2.4574	0	0	0	0
12288	2.4576	0	0	0	0
12289	2.4578	0	0	0	0
12290	2.458	0	0	0	0
12291	2.4582	0	0	0	0
12292	2.4584	0	0	0	0
12293	2.4586	0	0	0	0
12294	2.4588	0	0	0	0
12295	2.459	0	0	0	0
12296	2.4592	0	0	0	0
12297	2.4594	0	0	0	0
12298	2.4596	0	0	0	0
12299	2.4598	0	0	0	0
12300	2.46	0	0	0	0
12301	2.4602	0	0	0	0
12302	2.4604	0	0	0	0
12303	2.4606	0	0	0	0
12304	2.4608	0	0	0	0
12305	2.461	0	0	0	0
12306	2.4612	0	0	0	0
12307	2.4614	0	0	0	0
12308	2.4616	0	0	0	0
12309	2.4618	0	0	0	0
12310	2.462	0	0	0	0
12311	2.4622	0	0	0	0
12312	2.4624	0	0	0	0
12313	2.4626	0	0	0	0
12314	2.4628	0	0	0	0
12315	2.463	0	0	0	0
12316	2.4632	0	0	0	0
12317	2.4634	0	0	0	0
12318	2.4636	0	0	0	0
12319	2.4638	0	0	0	0
12320	2.464	0	0	0	0
12321	2.4642	0	0	0	0
12322	2.4644	0	0	0	0
12323	2.4646	0	0	0	0
12324	2.4648	0	0	0	0
12325	2.465	0	0	0	0
12326	2.4652	0	0	0	0
12327	2.4654	0	0	0	0
12328	2.4656	0	0	0	0
12329	2.4658	0	0	0	0
12330	2.466	0	0	0	0
12331	2.4662	0	0	0	0
12332	2.4664	0	0	0	0
12333	2.4666	0	0	0	0
12334	2.4668	0	0	0	0
12335	2.467	0	0	0	0
12336	2.4672	0	0	0	0
12337	2.4674	0	0	0	0
12338	2.4676	0	0	0	0
12339	2.4678	0	0	0	0
12340	2.468	0	1	0	0
12341	2.4682	0	1	0	0
12342	2.4684	0	1	0	0
12343	2.4686	0	1	0	0
12344	2.4688	0	1	0	0
12345	2.469	0	1	0	0
12346	2.4692	0	1	0	0
12347	2.4694	0	1	0	0
12348	2.4696	0	1	0	0
12349	2.4698	0	1	0	0
12350	2.47	0	1	0	0
12351	2.4702	0	1	0	0
12352	2.4704	0	1	0	0
12353	2.4706	0	1	0	0
12354	2.4708	0	1	0	0
12355	2.471	0	1	0	0
12356	2.4712	0	1	0	0
12357	2.4714	0	1	0	0
12358	2.4716	0	1	0	0
12359	2.4718	0	1	0	0
12360	2.472	0	1	0	0
12361	2.4722	0	1	0	0
12362	2.4724	0	1	0	0
12363	2.4726	0	1	0	0
12364	2.4728	0	1	0	0
12365	2.473	0	1	0	0
12366	2.4732	0	1	0	0
12367	2.4734	0	1	0	0
12368	2.4736	0	1	0	0
12369	2.4738	0	1	0	0
12370	2.474	0	1	0	0
12371	2.4742	0	1	0	0
12372	2.4744	0	1	0	0
12373	2.4746	0	1	0	0
12374	2.4748	0	1	0	0
12375	2.475	0	1	0	0
12376	2.4752	0	1	0	0
12377	2.4754	0	1	0	0
12378	2.4756	0	1	0	0
12379	2.4758	0	1	0	0
12380	2.476	0	0	0	0
12381	2.4762	0	0	0	0
12382	2.4764	0	0	0	0
12383	2.4766	0	0	0	0
12384	2.4768	0	0	0	0
12385	2.477	0	0	0	0
12386	2.4772	0	0	0	0
12387	2.4774	0	0	0	0
12388	2.4776	0	0	0	0
12389	2.4778	0	0	0	0
12390	2.478	0	0	0	0
12391	2.4782	0	0	0	0
12392	2.4784	0	0	0	0
12393	2.4786	0	0	0	0
12394	2.4788	0	0	0	0
12395	2.479	0	0	0	0
12396	2.4792	0	0	0	0
12397	2.4794	0	0	0	0
12398	2.4796	0	0	0	0
12399	2.4798	0	0	0	0
12400	2.48	0	0	0	0
12401	2.4802	0	0	0	0
12402	2.4804	0	0	0	0
12403	2.4806	0	0	0	0
12404	2.4808	0	0	0	0
12405	2.481	0	0	0	0
12406	2.4812	0	0	0	0
12407	2.4814	0	0	0	0
12408	2.4816	0	0	0	0
12409	2.4818	0	0	0	0
12410	2.482	0	0	0	0
12411	2.4822	0	0	0	0
12412	2.4824	0	0	0	0
12413	2.4826	0	0	0	0
12414	2.4828	0	0	0	0
12415	2.483	0	0	0	0
12416	2.4832	0	0	0	0
12417	2.4834	0	0	0	0
12418	2.4836	0	0	0	0
12419	2.4838	0	0	0	0
12420	2.484	0	0	0	0
12421	2.4842	0	0	0	0
12422	2.4844	0	0	0	0
12423	2.4846	0	0	0	0
12424	2.4848	0	0	0	0
12425	2.485	0	0	0	0
12426	2.4852	0	0	0	0
12427	2.4854	0	0	0	0
12428	2.4856	0	0	0	0
12429	2.4858	0	0	0	0
12430	2.486	0	0	0	0
12431	2.4862	0	0	0	0
12432	2.4864	0	0	0	0
12433	2.4866	0	0	0	0
12434	2.4868	0	0	0	0
12435	2.487	0	0	0	0
12436	2.4872	0	0	0	0
12437	2.4874	0	0	0	0
12438	2.4876	0	0	0	0
12439	2.4878	0	0	0	0
12440	2.488	0	0	0	0
12441	2.4882	0	0	0	0
12442	2.4884	0	0	0	0
12443	2.4886	0	0	0	0
12444	2.4888	0	0	0	0
12445	2.489	0	0	0	0
12446	2.4892	0	0	0	0
12447	2.4894	0	0	0	0
12448	2.4896	0	0	0	0
12449	2.4898	0	0	0	0
12450	2.49	0	0	0	0
12451	2.4902	0	0	0	0
12452	2.4904	0	0	0	0
12453	2.4906	0	0	0	0
12454	2.4908	0	0	0	0
12455	2.491	0	0	0	0
12456	2.4912	0	0	0	0
12457	2.4914	0	0	0	0
12458	2.4916	0	0	0	0
12459	2.4918	0	0	0	0
12460	2.492	0	0	0	0
12461	2.4922	0	0	0	0
12462	2.4924	0	0	0	0
12463	2.4926	0	0	0	0
12464	2.4928	0	0	0	0
12465	2.493	0	0	0	0
12466	2.4932	0	0	0	0
12467	2.4934	0	0	0	0
12468	2.4936	0	0	0	0
12469	2.4938	0	0	0	0
12470	2.494	0	0	0	0
12471	2.4942	0	0	0	0
12472	2.4944	0	0	0	0
12473	2.4946	0	0	0	0
12474	2.4948	0	0	0	0
12475	2.495	0	0	0	0
12476	2.4952	0	0	0	0
12477	2.4954	0	0	0	0
12478	2.4956	0	0	0	0
12479	2.4958	0	0	0	0
12480	2.496	0	0	0	0
12481	2.4962	0	0	0	0
12482	2.4964	0	0	0	0
12483	2.4966	0	0	0	0
12484	2.4968	0	0	0	0
12485	2.497	0	0	0	0
12486	2.4972	0	0	0	0
12487	2.4974	0	0	0	0
12488	2.4976	0	0	0	0
12489	2.4978	0	0	0	0
12490	2.498	0	0	0	0
12491	2.4982	0	0	0	0
12492	2.4984	0	0	0	0
12493	2.4986	0	0	0	0
12494	2.4988	0	0	0	0
12495	2.499	0	0	0	0
12496	2.4992	0	0	0	0
12497	2.4994	0	0	0	0
12498	2.4996	0	0	0	0
12499	2.4998	0	0	0	0
12500	2.5	0	0	0	0
12501	2.5002	0	0	0	0
12502	2.5004	0	0	0	0
12503	2.5006	0	0	0	0
12504	2.5008	0	0	0	0
12505	2.501	0	0	0	0
12506	2.5012	0	0	0	0
12507	2.5014	0	0	0	0
12508	2.5016	0	0	0	0
12509	2.5018	0	0	0	0
12510	2.502	0	0	0	0
12511	2.5022	0	0	0	0
12512	2.5024	0	0	0	0
12513	2.5026	0	0	0	0
12514	2.5028	0	0	0	0
12515	2.503	0	0	0	0
12516	2.5032	0	0	0	0
12517	2.5034	0	0	0	0
12518	2.5036	0	0	0	0
12519	2.5038	0	0	0	0
12520	2.504	0	0	0	0
12521	2.5042	0	0	0	0
12522	2.5044	0	0	0	0
12523	2.5046	0	0	0	0
12524	2.5048	0	0	0	0
12525	2.505	0	0	0	0
12526	2.5052	0	0	0	0
12527	2.5054	0	0	0	0
12528	2.5056	0	0	0	0
12529	2.5058	0	0	0	0
12530	2.506	0	0	0	0
12531	2.5062	0	0	0	0
12532	2.5064	0	0	0	0
12533	2.5066	0	0	0	0
12534	2.5068	0	0	0	0
12535	2.507	0	0	0	0
12536	2.5072	0	0	0	0
12537	2.5074	0	0	0	0
12538	2.5076	0	0	0	0
12539	2.5078	0	0	0	0
12540	2.508	0	0	0	0
12541	2.5082	0	0	0	0
12542	2.5084	0	0	0	0
12543	2.5086	0	0	0	0
12544	2.5088	0	0	0	0
12545	2.509	0	0	0	0
12546	2.5092	0	0	0	0
12547	2.5094	0	0	0	0
12548	2.5096	0	0	0	0
12549	2.5098	0	0	0	0
12550	2.51	0	0	0	0
12551	2.5102	0	0	0	0
12552	2.5104	0	0	0	0
12553	2.5106	0	0	0	0
12554	2.5108	0	0	0	0
12555	2.511	0	0	0	0
12556	2.5112	0	0	0	0
12557	2.5114	0	0	0	0
12558	2.5116	0	0	0	0
12559	2.5118	0	0	0	0
12560	2.512	0	0	0	0
12561	2.5122	0	0	0	0
12562	2.5124	0	0	0	0
12563	2.5126	0	0	0	0
12564	2.5128	0	0	0	0
12565	2.513	0	0	0	0
12566	2.5132	0	0	0	0
12567	2.5134	0	0	0	0
12568	2.5136	0	0	0	0
12569	2.5138	0	0	0	0
12570	2.514	0	0	0	0
12571	2.5142	0	0	0	0
12572	2.5144	0	0	0	0
12573	2.5146	0	0	0	0
12574	2.5148	0	0	0	0
12575	2.515	0	0	0	0
12576	2.5152	0	0	0	0
12577	2.5154	0	0	0	0
12578	2.5156	0	0	0	0
12579	2.5158	0	0	0	0
12580	2.516	0	0	0	0
12581	2.5162	0	0	0	0
12582	2.5164	0	0	0	0
12583	2.5166	0	0	0	0
12584	2.5168	0	0	0	0
12585	2.517	0	0	0	0
12586	2.5172	0	0	0	0
12587	2.5174	0	0	0	0
12588	2.5176	0	0	0	0
12589	2.5178	0	0	0	0
12590	2.518	0	0	0	0
12591	2.5182	0	0	0	0
12592	2.5184	0	0	0	0
12593	2.5186	0	0	0	0
12594	2.5188	0	0	0	0
12595	2.519	0	0	0	0
12596	2.5192	0	0	0	0
12597	2.5194	0	0	0	0
12598	2.5196	0	0	0	0
12599	2.5198	0	0	0	0
12600	2.52	0	0	0	0
12601	2.5202	0	0	0	0
12602	2.5204	0	0	0	0
12603	2.5206	0	0	0	0
12604	2.5208	0	0	0	0
12605	2.521	0	0	0	0
12606	2.5212	0	0	0	0
12607	2.5214	0	0	0	0
12608	2.5216	0	0	0	0
12609	2.5218	0	0	0	0
12610	2.522	0	0	0	0
12611	2.5222	0	0	0	0
12612	2.5224	0	0	0	0
12613	2.5226	0	0	0	0
12614	2.5228	0	0	0	0
12615	2.523	0	0	0	0
12616	2.5232	0	0	0	0
12617	2.5234	0	0	0	0
12618	2.5236	0	0	0	0
12619	2.5238	0	0	0	0
12620	2.524	0	0	0	0
12621	2.5242	0	0	0	0
12622	2.5244	0	0	0	0
12623	2.5246	0	0	0	0
12624	2.5248	0	0	0	0
12625	2.525	0	0	0	0
12626	2.5252	0	0	0	0
12627	2.5254	0	0	0	0
12628	2.5256	0	0	0	0
12629	2.5258	0	0	0	0
12630	2.526	0	0	0	0
12631	2.5262	0	0	0	0
12632	2.5264	0	0	0	0
12633	2.5266	0	0	0	0
12634	2.5268	0	0	0	0
12635	2.527	0	1	0	0
12636	2.5272	0	1	0	0
12637	2.5274	0	1	0	0
12638	2.5276	0	1	0	0
12639	2.5278	0	1	0	0
12640	2.528	0	1	0	0
12641	2.5282	0	1	0	0
12642	2.5284	0	1	0	0
12643	2.5286	0	1	0	0
12644	2.5288	0	1	0	0
12645	2.529	0	1	0	0
12646	2.5292	0	1	0	0
12647	2.5294	0	1	0	0
12648	2.5296	0	1	0	0
12649	2.5298	0	1	0	0
12650	2.53	0	1	0	0
12651	2.5302	0	1	0	0
12652	2.5304	0	1	0	0
12653	2.5306	0	1	0	0
12654	2.5308	0	1	0	0
12655	2.531	0	1	0	0
12656	2.5312	0	1	0	0
12657	2.5314	0	1	0	0
12658	2.5316	0	1	0	0
12659	2.5318	0	1	0	0
12660	2.532	0	1	0	0
12661	2.5322	0	1	0	0
12662	2.5324	0	1	0	0
12663	2.5326	0	1	0	0
12664	2.5328	0	1	0	0
12665	2.533	0	1	0	0
12666	2.5332	0	1	0	0
12667	2.5334	0	1	0	0
12668	2.5336	0	1	0	0
12669	2.5338	0	1	0	0
12670	2.534	0	1	0	0
12671	2.5342	0	1	0	0
12672	2.5344	0	1	0	0
12673	2.5346	0	1	0	0
12674	2.5348	0	1	0	0
12675	2.535	0	1	0	0
12676	2.5352	0	1	0	0
12677	2.5354	0	1	0	0
12678	2.5356	0	1	0	0
12679	2.5358	0	1	0	0
12680	2.536	0	1	0	0
12681	2.5362	0	1	0	0
12682	2.5364	0	1	0	0
12683	2.5366	0	1	0	0
12684	2.5368	0	1	0	0
12685	2.537	0	1	0	0
12686	2.5372	0	1	0	0
12687	2.5374	0	1	0	0
12688	2.5376	0	1	0	0
12689	2.5378	0	1	0	0
12690	2.538	0	1	0	0
12691	2.5382	0	1	0	0
12692	2.5384	0	1	0	0
12693	2.5386	0	1	0	0
12694	2.5388	0	1	0	0
12695	2.539	0	1	0	0
12696	2.5392	0	1	0	0
12697	2.5394	0	1	0	0
12698	2.5396	0	1	0	0
12699	2.5398	0	1	0	0
12700	2.54	0	1	0	0
12701	2.5402	0	1	0	0
12702	2.5404	0	1	0	0
12703	2.5406	0	1	0	0
12704	2.5408	0	1	0	0
12705	2.541	0	1	0	0
12706	2.5412	0	1	0	0
12707	2.5414	0	1	0	0
12708	2.5416	0	1	0	0
12709	2.5418	0	1	0	0
12710	2.542	0	1	0	0
12711	2.5422	0	1	0	0
12712	2.5424	0	1	0	0
12713	2.5426	0	1	0	0
12714	2.5428	0	1	0	0
12715	2.543	0	1	0	0
12716	2.5432	0	1	0	0
12717	2.5434	0	1	0	0
12718	2.5436	0	1	0	0
12719	2.5438	0	1	0	0
12720	2.544	0	1	0	0
12721	2.5442	0	1	0	0
12722	2.5444	0	1	0	0
12723	2.5446	0	1	0	0
12724	2.5448	0	1	0	0
12725	2.545	0	1	0	0
12726	2.5452	0	1	0	0
12727	2.5454	0	1	0	0
12728	2.5456	0	1	0	0
12729	2.5458	0	1	0	0
12730	2.546	0	1	0	0
12731	2.5462	0	1	0	0
12732	2.5464	0	1	0	0
12733	2.5466	0	1	0	0
12734	2.5468	0	1	0	0
12735	2.547	0	1	0	0
12736	2.5472	0	1	0	0
12737	2.5474	0	1	0	0
12738	2.5476	0	1	0	0
12739	2.5478	0	1	0	0
12740	2.548	0	1	0	0
12741	2.5482	0	1	0	0
12742	2.5484	0	1	0	0
12743	2.5486	0	1	0	0
12744	2.5488	0	1	0	0
12745	2.549	0	1	0	0
12746	2.5492	0	1	0	0
12747	2.5494	0	1	0	0
12748	2.5496	0	1	0	0
12749	2.5498	0	1	0	0
12750	2.55	0	1	0	0
12751	2.5502	0	1	0	0
12752	2.5504	0	1	0	0
12753	2.5506	0	1	0	0
12754	2.5508	0	1	0	0
12755	2.551	0	1	0	0
12756	2.5512	0	1	0	0
12757	2.5514	0	1	0	0
12758	2.5516	0	1	0	0
12759	2.5518	0	1	0	0
12760	2.552	0	1	0	0
12761	2.5522	0	1	0	0
12762	2.5524	0	1	0	0
12763	2.5526	0	1	0	0
12764	2.5528	0	1	0	0
12765	2.553	0	1	0	0
12766	2.5532	0	1	0	0
12767	2.5534	0	1	0	0
12768	2.5536	0	1	0	0
12769	2.5538	0	1	0	0
12770	2.554	0	1	0	0
12771	2.5542	0	1	0	0
12772	2.5544	0	1	0	0
12773	2.5546	0	1	0	0
12774	2.5548	0	1	0	0
12775	2.555	0	1	0	0
12776	2.5552	0	1	0	0
12777	2.5554	0	1	0	0
12778	2.5556	0	1	0	0
12779	2.5558	0	1	0	0
12780	2.556	0	1	0	0
12781	2.5562	0	1	0	0
12782	2.5564	0	1	0	0
12783	2.5566	0	1	0	0
12784	2.5568	0	1	0	0
12785	2.557	0	1	0	0
12786	2.5572	0	1	0	0
12787	2.5574	0	1	0	0
12788	2.5576	0	1	0	0
12789	2.5578	0	1	0	0
12790	2.558	0	1	0	0
12791	2.5582	0	1	0	0
12792	2.5584	0	1	0	0
12793	2.5586	0	1	0	0
12794	2.5588	0	1	0	0
12795	2.559	0	1	0	0
12796	2.5592	0	1	0	0
12797	2.5594	0	1	0	0
12798	2.5596	0	1	0	0
12799	2.5598	0	1	0	0
12800	2.56	0	1	0	0
12801	2.5602	0	1	0	0
12802	2.5604	0	1	0	0
12803	2.5606	0	1	0	0
12804	2.5608	0	1	0	0
12805	2.561	0	1	0	0
12806	2.5612	0	1	0	0
12807	2.5614	0	1	0	0
12808	2.5616	0	1	0	0
12809	2.5618	0	1	0	0
12810	2.562	0	1	0	0
12811	2.5622	0	1	0	0
12812	2.5624	0	1	0	0
12813	2.5626	0	1	0	0
12814	2.5628	0	1	0	0
12815	2.563	0	1	0	0
12816	2.5632	0	1	0	0
12817	2.5634	0	1	0	0
12818	2.5636	0	1	0	0
12819	2.5638	0	1	0	0
12820	2.564	0	1	0	0
12821	2.5642	0	1	0	0
12822	2.5644	0	1	0	0
12823	2.5646	0	1	0	0
12824	2.5648	0	1	0	0
12825	2.565	0	1	0	0
12826	2.5652	0	1	0	0
12827	2.5654	0	1	0	0
12828	2.5656	0	1	0	0
12829	2.5658	0	1	0	0
12830	2.566	0	1	0	0
12831	2.5662	0	1	0	0
12832	2.5664	0	1	0	0
12833	2.5666	0	1	0	0
12834	2.5668	0	1	0	0
12835	2.567	0	1	0	0
12836	2.5672	0	1	0	0
12837	2.5674	0	1	0	0
12838	2.5676	0	1	0	0
12839	2.5678	0	1	0	0
12840	2.568	0	1	0	0
12841	2.5682	0	1	0	0
12842	2.5684	0	1	0	0
12843	2.5686	0	1	0	0
12844	2.5688	0	1	0	0
12845	2.569	0	1	0	0
12846	2.5692	0	1	0	0
12847	2.5694	0	1	0	0
12848	2.5696	0	1	0	0
12849	2.5698	0	1	0	0
12850	2.57	0	1	0	0
12851	2.5702	0	1	0	0
12852	2.5704	0	1	0	0
12853	2.5706	0	1	0	0
12854	2.5708	0	1	0	0
12855	2.571	0	1	0	0
12856	2.5712	0	1	0	0
12857	2.5714	0	1	0	0
12858	2.5716	0	1	0	0
12859	2.5718	0	1	0	0
12860	2.572	0	1	0	0
12861	2.5722	0	1	0	0
12862	2.5724	0	1	0	0
12863	2.5726	0	1	0	0
12864	2.5728	0	1	0	0
12865	2.573	0	0	0	0
12866	2.5732	0	0	0	0
12867	2.5734	0	0	0	0
12868	2.5736	0	0	0	0
12869	2.5738	0	0	0	0
12870	2.574	0	0	0	0
12871	2.5742	0	0	0	0
12872	2.5744	0	0	0	0
12873	2.5746	0	0	0	0
12874	2.5748	0	0	0	0
12875	2.575	0	0	0	0
12876	2.5752	0	0	0	0
12877	2.5754	0	0	0	0
12878	2.5756	0	0	0	0
12879	2.5758	0	0	0	0
12880	2.576	0	0	0	0
12881	2.5762	0	0	0	0
12882	2.5764	0	0	0	0
12883	2.5766	0	0	0	0
12884	2.5768	0	0	0	0
12885	2.577	0	0	0	0
12886	2.5772	0	0	0	0
12887	2.5774	0	0	0	0
12888	2.5776	0	0	0	0
12889	2.5778	0	0	0	0
12890	2.578	0	0	0	0
12891	2.5782	0	0	0	0
12892	2.5784	0	0	0	0
12893	2.5786	0	0	0	0
12894	2.5788	0	0	0	0
12895	2.579	0	0	0	0
12896	2.5792	0	0	0	0
12897	2.5794	0	0	0	0
12898	2.5796	0	0	0	0
12899	2.5798	0	0	0	0
12900	2.58	0	0	0	0
12901	2.5802	0	0	0	0
12902	2.5804	0	0	0	0
12903	2.5806	0	0	0	0
12904	2.5808	0	0	0	0
12905	2.581	0	0	0	0
12906	2.5812	0	0	0	0
12907	2.5814	0	0	0	0
12908	2.5816	0	0	0	0
12909	2.5818	0	0	0	0
12910	2.582	0	0	0	0
12911	2.5822	0	0	0	0
12912	2.5824	0	0	0	0
12913	2.5826	0	0	0	0
12914	2.5828	0	0	0	0
12915	2.583	0	0	0	0
12916	2.5832	0	0	0	0
12917	2.5834	0	0	0	0
12918	2.5836	0	0	0	0
12919	2.5838	0	0	0	0
12920	2.584	0	0	0	0
12921	2.5842	0	0	0	0
12922	2.5844	0	0	0	0
12923	2.5846	0	0	0	0
12924	2.5848	0	0	0	0
12925	2.585	0	0	0	0
12926	2.5852	0	0	0	0
12927	2.5854	0	0	0	0
12928	2.5856	0	0	0	0
12929	2.5858	0	0	0	0
12930	2.586	0	0	0	0
12931	2.5862	0	0	0	0
12932	2.5864	0	0	0	0
12933	2.5866	0	0	0	0
12934	2.5868	0	0	0	0
12935	2.587	0	0	0	0
12936	2.5872	0	0	0	0
12937	2.5874	0	0	0	0
12938	2.5876	0	0	0	0
12939	2.5878	0	0	0	0
12940	2.588	0	0	0	0
12941	2.5882	0	0	0	0
12942	2.5884	0	0	0	0
12943	2.5886	0	0	0	0
12944	2.5888	0	0	0	0
12945	2.589	0	0	0	0
12946	2.5892	0	0	0	0
12947	2.5894	0	0	0	0
12948	2.5896	0	0	0	0
12949	2.5898	0	0	0	0
12950	2.59	0	0	0	0
12951	2.5902	0	0	0	0
12952	2.5904	0	0	0	0
12953	2.5906	0	0	0	0
12954	2.5908	0	0	0	0
12955	2.591	0	0	0	0
12956	2.5912	0	0	0	0
12957	2.5914	0	0	0	0
12958	2.5916	0	0	0	0
12959	2.5918	0	0	0	0
12960	2.592	0	0	0	0
12961	2.5922	0	0	0	0
12962	2.5924	0	0	0	0
12963	2.5926	0	0	0	0
12964	2.5928	0	0	0	0
12965	2.593	0	0	0	0
12966	2.5932	0	0	0	0
12967	2.5934	0	0	0	0
12968	2.5936	0	0	0	0
12969	2.5938	0	0	0	0
12970	2.594	0	0	0	0
12971	2.5942	0	0	0	0
12972	2.5944	0	0	0	0
12973	2.5946	0	0	0	0
12974	2.5948	0	0	0	0
12975	2.595	0	0	0	0
12976	2.5952	0	0	0	0
12977	2.5954	0	0	0	0
12978	2.5956	0	0	0	0
12979	2.5958	0	0	0	0
12980	2.596	0	0	0	0
12981	2.5962	0	0	0	0
12982	2.5964	0	0	0	0
12983	2.5966	0	0	0	0
12984	2.5968	0	0	0	0
12985	2.597	0	0	0	0
12986	2.5972	0	0	0	0
12987	2.5974	0	0	0	0
12988	2.5976	0	0	0	0
12989	2.5978	0	0	0	0
12990	2.598	0	0	0	0
12991	2.5982	0	0	0	0
12992	2.5984	0	0	0	0
12993	2.5986	0	0	0	0
12994	2.5988	0	0	0	0
12995	2.599	0	0	0	0
12996	2.5992	0	0	0	0
12997	2.5994	0	0	0	0
12998	2.5996	0	0	0	0
12999	2.5998	0	0	0	0
13000	2.6	0	0	0	0
13001	2.6002	0	0	0	0
13002	2.6004	0	0	0	0
13003	2.6006	0	0	0	0
13004	2.6008	0	0	0	0
13005	2.601	0	0	0	0
13006	2.6012	0	0	0	0
13007	2.6014	0	0	0	0
13008	2.6016	0	0	0	0
13009	2.6018	0	0	0	0
13010	2.602	0	0	0	0
13011	2.6022	0	0	0	0
13012	2.6024	0	0	0	0
13013	2.6026	0	0	0	0
13014	2.6028	0	0	0	0
13015	2.603	0	0	0	0
13016	2.6032	0	0	0	0
13017	2.6034	0	0	0	0
13018	2.6036	0	0	0	0
13019	2.6038	0	0	0	0
13020	2.604	0	0	0	0
13021	2.6042	0	0	0	0
13022	2.6044	0	0	0	0
13023	2.6046	0	0	0	0
13024	2.6048	0	0	0	0
13025	2.605	0	0	0	0
13026	2.6052	0	0	0	0
13027	2.6054	0	0	0	0
13028	2.6056	0	0	0	0
13029	2.6058	0	0	0	0
13030	2.606	0	0	0	0
13031	2.6062	0	0	0	0
13032	2.6064	0	0	0	0
13033	2.6066	0	0	0	0
13034	2.6068	0	0	0	0
13035	2.607	0	0	0	0
13036	2.6072	0	0	0	0
13037	2.6074	0	0	0	0
13038	2.6076	0	0	0	0
13039	2.6078	0	0	0	0
13040	2.608	0	0	0	0
13041	2.6082	0	0	0	0
13042	2.6084	0	0	0	0
13043	2.6086	0	0	0	0
13044	2.6088	0	0	0	0
13045	2.609	0	0	0	0
13046	2.6092	0	0	0	0
13047	2.6094	0	0	0	0
13048	2.6096	0	0	0	0
13049	2.6098	0	0	0	0
13050	2.61	0	0	0	0
13051	2.6102	0	0	0	0
13052	2.6104	0	0	0	0
13053	2.6106	0	0	0	0
13054	2.6108	0	0	0	0
13055	2.611	0	0	0	0
13056	2.6112	0	0	0	0
13057	2.6114	0	0	0	0
13058	2.6116	0	0	0	0
13059	2.6118	0	0	0	0
13060	2.612	0	0	0	0
13061	2.6122	0	0	0	0
13062	2.6124	0	0	0	0
13063	2.6126	0	0	0	0
13064	2.6128	0	0	0	0
13065	2.613	0	0	0	0
13066	2.6132	0	0	0	0
13067	2.6134	0	0	0	0
13068	2.6136	0	0	0	0
13069	2.6138	0	0	0	0
13070	2.614	0	0	0	0
13071	2.6142	0	0	0	0
13072	2.6144	0	0	0	0
13073	2.6146	0	0	0	0
13074	2.6148	0	0	0	0
13075	2.615	0	0	0	0
13076	2.6152	0	0	0	0
13077	2.6154	0	0	0	0
13078	2.6156	0	0	0	0
13079	2.6158	0	0	0	0
13080	2.616	0	0	0	0
13081	2.6162	0	0	0	0
13082	2.6164	0	0	0	0
13083	2.6166	0	0	0	0
13084	2.6168	0	0	0	0
13085	2.617	0	0	0	0
13086	2.6172	0	0	0	0
13087	2.6174	0	0	0	0
13088	2.6176	0	0	0	0
13089	2.6178	0	0	0	0
13090	2.618	0	0	0	0
13091	2.6182	0	0	0	0
13092	2.6184	0	0	0	0
13093	2.6186	0	0	0	0
13094	2.6188	0	0	0	0
13095	2.619	0	0	0	0
13096	2.6192	0	0	0	0
13097	2.6194	0	0	0	0
13098	2.6196	0	0	0	0
13099	2.6198	0	0	0	0
13100	2.62	0	0	0	0
13101	2.6202	0	0	0	0
13102	2.6204	0	0	0	0
13103	2.6206	0	0	0	0
13104	2.6208	0	0	0	0
13105	2.621	0	0	0	0
13106	2.6212	0	0	0	0
13107	2.6214	0	0	0	0
13108	2.6216	0	0	0	0
13109	2.6218	0	0	0	0
13110	2.622	0	0	0	0
13111	2.6222	0	0	0	0
13112	2.6224	0	0	0	0
13113	2.6226	0	0	0	0
13114	2.6228	0	0	0	0
13115	2.623	0	0	0	0
13116	2.6232	0	0	0	0
13117	2.6234	0	0	0	0
13118	2.6236	0	0	0	0
13119	2.6238	0	0	0	0
13120	2.624	0	0	0	0
13121	2.6242	0	0	0	0
13122	2.6244	0	0	0	0
13123	2.6246	0	0	0	0
13124	2.6248	0	0	0	0
13125	2.625	0	0	0	0
13126	2.6252	0	0	0	0
13127	2.6254	0	0	0	0
13128	2.6256	0	0	0	0
13129	2.6258	0	0	0	0
13130	2.626	0	0	0	0
13131	2.6262	0	0	0	0
13132	2.6264	0	0	0	0
13133	2.6266	0	0	0	0
13134	2.6268	0	0	0	0
13135	2.627	0	0	0	0
13136	2.6272	0	0	0	0
13137	2.6274	0	0	0	0
13138	2.6276	0	0	0	0
13139	2.6278	0	0	0	0
13140	2.628	0	0	0	0
13141	2.6282	0	0	0	0
13142	2.6284	0	0	0	0
13143	2.6286	0	0	0	0
13144	2.6288	0	0	0	0
13145	2.629	0	0	0	0
13146	2.6292	0	0	0	0
13147	2.6294	0	0	0	0
13148	2.6296	0	0	0	0
13149	2.6298	0	0	0	0
13150	2.63	0	0	0	0
13151	2.6302	0	0	0	0
13152	2.6304	0	0	0	0
13153	2.6306	0	0	0	0
13154	2.6308	0	0	0	0
13155	2.631	0	0	0	0
13156	2.6312	0	0	0	0
13157	2.6314	0	0	0	0
13158	2.6316	0	0	0	0
13159	2.6318	0	0	0	0
13160	2.632	0	0	0	0
13161	2.6322	0	0	0	0
13162	2.6324	0	0	0	0
13163	2.6326	0	0	0	0
13164	2.6328	0	0	0	0
13165	2.633	0	0	0	0
13166	2.6332	0	0	0	0
13167	2.6334	0	0	0	0
13168	2.6336	0	0	0	0
13169	2.6338	0	0	0	0
13170	2.634	0	0	0	0
13171	2.6342	0	0	0	0
13172	2.6344	0	0	0	0
13173	2.6346	0	0	0	0
13174	2.6348	0	0	0	0
13175	2.635	0	0	0	0
13176	2.6352	0	0	0	0
13177	2.6354	0	0	0	0
13178	2.6356	0	0	0	0
13179	2.6358	0	0	0	0
13180	2.636	0	0	0	0
13181	2.6362	0	0	0	0
13182	2.6364	0	0	0	0
13183	2.6366	0	0	0	0
13184	2.6368	0	0	0	0
13185	2.637	0	0	0	0
13186	2.6372	0	0	0	0
13187	2.6374	0	0	0	0
13188	2.6376	0	0	0	0
13189	2.6378	0	0	0	0
13190	2.638	0	0	0	0
13191	2.6382	0	0	0	0
13192	2.6384	0	0	0	0
13193	2.6386	0	0	0	0
13194	2.6388	0	0	0	0
13195	2.639	0	0	0	0
13196	2.6392	0	0	0	0
13197	2.6394	0	0	0	0
13198	2.6396	0	0	0	0
13199	2.6398	0	0	0	0
13200	2.64	0	0	0	0
13201	2.6402	0	0	0	0
13202	2.6404	0	0	0	0
13203	2.6406	0	0	0	0
13204	2.6408	0	0	0	0
13205	2.641	0	0	0	0
13206	2.6412	0	0	0	0
13207	2.6414	0	0	0	0
13208	2.6416	0	0	0	0
13209	2.6418	0	0	0	0
13210	2.642	0	0	0	0
13211	2.6422	0	0	0	0
13212	2.6424	0	0	0	0
13213	2.6426	0	0	0	0
13214	2.6428	0	0	0	0
13215	2.643	0	0	0	0
13216	2.6432	0	0	0	0
13217	2.6434	0	0	0	0
13218	2.6436	0	0	0	0
13219	2.6438	0	0	0	0
13220	2.644	0	0	0	0
13221	2.6442	0	0	0	0
13222	2.6444	0	0	0	0
13223	2.6446	0	0	0	0
13224	2.6448	0	0	0	0
13225	2.645	0	0	0	0
13226	2.6452	0	0	0	0
13227	2.6454	0	0	0	0
13228	2.6456	0	0	0	0
13229	2.6458	0	0	0	0
13230	2.646	0	0	0	0
13231	2.6462	0	0	0	0
13232	2.6464	0	0	0	0
13233	2.6466	0	0	0	0
13234	2.6468	0	0	0	0
13235	2.647	0	0	0	0
13236	2.6472	0	0	0	0
13237	2.6474	0	0	0	0
13238	2.6476	0	0	0	0
13239	2.6478	0	0	0	0
13240	2.648	0	0	0	0
13241	2.6482	0	0	0	0
13242	2.6484	0	0	0	0
13243	2.6486	0	0	0	0
13244	2.6488	0	0	0	0
13245	2.649	0	0	0	0
13246	2.6492	0	0	0	0
13247	2.6494	0	0	0	0
13248	2.6496	0	0	0	0
13249	2.6498	0	0	0	0
13250	2.65	0	0	0	0
13251	2.6502	0	0	0	0
13252	2.6504	0	0	0	0
13253	2.6506	0	0	0	0
13254	2.6508	0	0	0	0
13255	2.651	0	0	0	0
13256	2.6512	0	0	0	0
13257	2.6514	0	0	0	0
13258	2.6516	0	0	0	0
13259	2.6518	0	0	0	0
13260	2.652	0	0	0	0
13261	2.6522	0	0	0	0
13262	2.6524	0	0	0	0
13263	2.6526	0	0	0	0
13264	2.6528	0	0	0	0
13265	2.653	0	0	0	0
13266	2.6532	0	0	0	0
13267	2.6534	0	0	0	0
13268	2.6536	0	0	0	0
13269	2.6538	0	0	0	0
13270	2.654	0	0	0	0
13271	2.6542	0	0	0	0
13272	2.6544	0	0	0	0
13273	2.6546	0	0	0	0
13274	2.6548	0	0	0	0
13275	2.655	0	0	0	0
13276	2.6552	0	0	0	0
13277	2.6554	0	0	0	0
13278	2.6556	0	0	0	0
13279	2.6558	0	0	0	0
13280	2.656	0	0	0	0
13281	2.6562	0	0	0	0
13282	2.6564	0	0	0	0
13283	2.6566	0	0	0	0
13284	2.6568	0	0	0	0
13285	2.657	0	0	0	0
13286	2.6572	0	0	0	0
13287	2.6574	0	0	0	0
13288	2.6576	0	0	0	0
13289	2.6578	0	0	0	0
13290	2.658	0	0	0	0
13291	2.6582	0	0	0	0
13292	2.6584	0	0	0	0
13293	2.6586	0	0	0	0
13294	2.6588	0	0	0	0
13295	2.659	0	0	0	0
13296	2.6592	0	0	0	0
13297	2.6594	0	0	0	0
13298	2.6596	0	0	0	0
13299	2.6598	0	0	0	0
13300	2.66	0	0	0	0
13301	2.6602	0	0	0	0
13302	2.6604	0	0	0	0
13303	2.6606	0	0	0	0
13304	2.6608	0	0	0	0
13305	2.661	0	0	0	0
13306	2.6612	0	0	0	0
13307	2.6614	0	0	0	0
13308	2.6616	0	0	0	0
13309	2.6618	0	0	0	0
13310	2.662	0	0	0	0
13311	2.6622	0	0	0	0
13312	2.6624	0	0	0	0
13313	2.6626	0	0	0	0
13314	2.6628	0	0	0	0
13315	2.663	0	0	0	0
13316	2.6632	0	0	0	0
13317	2.6634	0	0	0	0
13318	2.6636	0	0	0	0
13319	2.6638	0	0	0	0
13320	2.664	0	0	0	0
13321	2.6642	0	0	0	0
13322	2.6644	0	0	0	0
13323	2.6646	0	0	0	0
13324	2.6648	0	0	0	0
13325	2.665	0	0	0	0
13326	2.6652	0	0	0	0
13327	2.6654	0	0	0	0
13328	2.6656	0	0	0	0
13329	2.6658	0	0	0	0
13330	2.666	0	0	0	0
13331	2.6662	0	0	0	0
13332	2.6664	0	0	0	0
13333	2.6666	0	0	0	0
13334	2.6668	0	0	0	0
13335	2.667	0	0	0	0
13336	2.6672	0	0	0	0
13337	2.6674	0	0	0	0
13338	2.6676	0	0	0	0
13339	2.6678	0	0	0	0
13340	2.668	0	0	0	0
13341	2.6682	0	0	0	0
13342	2.6684	0	0	0	0
13343	2.6686	0	0	0	0
13344	2.6688	0	0	0	0
13345	2.669	0	0	0	0
13346	2.6692	0	0	0	0
13347	2.6694	0	0	0	0
13348	2.6696	0	0	0	0
13349	2.6698	0	0	0	0
13350	2.67	0	0	0	0
13351	2.6702	0	0	0	0
13352	2.6704	0	0	0	0
13353	2.6706	0	0	0	0
13354	2.6708	0	0	0	0
13355	2.671	0	0	0	0
13356	2.6712	0	0	0	0
13357	2.6714	0	0	0	0
13358	2.6716	0	0	0	0
13359	2.6718	0	0	0	0
13360	2.672	0	0	0	0
13361	2.6722	0	0	0	0
13362	2.6724	0	0	0	0
13363	2.6726	0	0	0	0
13364	2.6728	0	0	0	0
13365	2.673	0	0	0	0
13366	2.6732	0	0	0	0
13367	2.6734	0	0	0	0
13368	2.6736	0	0	0	0
13369	2.6738	0	0	0	0
13370	2.674	0	0	0	0
13371	2.6742	0	0	0	0
13372	2.6744	0	0	0	0
13373	2.6746	0	0	0	0
13374	2.6748	0	0	0	0
13375	2.675	0	0	0	0
13376	2.6752	0	0	0	0
13377	2.6754	0	0	0	0
13378	2.6756	0	0	0	0
13379	2.6758	0	0	0	0
13380	2.676	0	0	0	0
13381	2.6762	0	0	0	0
13382	2.6764	0	0	0	0
13383	2.6766	0	0	0	0
13384	2.6768	0	0	0	0
13385	2.677	0	0	0	0
13386	2.6772	0	0	0	0
13387	2.6774	0	0	0	0
13388	2.6776	0	0	0	0
13389	2.6778	0	0	0	0
13390	2.678	0	0	0	0
13391	2.6782	0	0	0	0
13392	2.6784	0	0	0	0
13393	2.6786	0	0	0	0
13394	2.6788	0	0	0	0
13395	2.679	0	0	0	0
13396	2.6792	0	0	0	0
13397	2.6794	0	0	0	0
13398	2.6796	0	0	0	0
13399	2.6798	0	0	0	0
13400	2.68	0	0	0	0
13401	2.6802	0	0	0	0
13402	2.6804	0	0	0	0
13403	2.6806	0	0	0	0
13404	2.6808	0	0	0	0
13405	2.681	0	0	0	0
13406	2.6812	0	0	0	0
13407	2.6814	0	0	0	0
13408	2.6816	0	0	0	0
13409	2.6818	0	0	0	0
13410	2.682	0	0	0	0
13411	2.6822	0	0	0	0
13412	2.6824	0	0	0	0
13413	2.6826	0	0	0	0
13414	2.6828	0	0	0	0
13415	2.683	0	0	0	0
13416	2.6832	0	0	0	0
13417	2.6834	0	0	0	0
13418	2.6836	0	0	0	0
13419	2.6838	0	0	0	0
13420	2.684	0	0	0	0
13421	2.6842	0	0	0	0
13422	2.6844	0	0	0	0
13423	2.6846	0	0	0	0
13424	2.6848	0	0	0	0
13425	2.685	0	0	0	0
13426	2.6852	0	0	0	0
13427	2.6854	0	0	0	0
13428	2.6856	0	0	0	0
13429	2.6858	0	0	0	0
13430	2.686	0	0	0	0
13431	2.6862	0	0	0	0
13432	2.6864	0	0	0	0
13433	2.6866	0	0	0	0
13434	2.6868	0	0	0	0
13435	2.687	0	0	0	0
13436	2.6872	0	0	0	0
13437	2.6874	0	0	0	0
13438	2.6876	0	0	0	0
13439	2.6878	0	0	0	0
13440	2.688	0	0	0	0
13441	2.6882	0	0	0	0
13442	2.6884	0	0	0	0
13443	2.6886	0	0	0	0
13444	2.6888	0	0	0	0
13445	2.689	0	0	0	0
13446	2.6892	0	0	0	0
13447	2.6894	0	0	0	0
13448	2.6896	0	0	0	0
13449	2.6898	0	0	0	0
13450	2.69	0	0	0	0
13451	2.6902	0	0	0	0
13452	2.6904	0	0	0	0
13453	2.6906	0	0	0	0
13454	2.6908	0	0	0	0
13455	2.691	0	0	0	0
13456	2.6912	0	0	0	0
13457	2.6914	0	0	0	0
13458	2.6916	0	0	0	0
13459	2.6918	0	0	0	0
13460	2.692	0	0	0	0
13461	2.6922	0	0	0	0
13462	2.6924	0	0	0	0
13463	2.6926	0	0	0	0
13464	2.6928	0	0	0	0
13465	2.693	0	0	0	0
13466	2.6932	0	0	0	0
13467	2.6934	0	0	0	0
13468	2.6936	0	0	0	0
13469	2.6938	0	0	0	0
13470	2.694	0	0	0	0
13471	2.6942	0	0	0	0
13472	2.6944	0	0	0	0
13473	2.6946	0	0	0	0
13474	2.6948	0	0	0	0
13475	2.695	0	0	0	0
13476	2.6952	0	0	0	0
13477	2.6954	0	0	0	0
13478	2.6956	0	0	0	0
13479	2.6958	0	0	0	0
13480	2.696	0	0	0	0
13481	2.6962	0	0	0	0
13482	2.6964	0	0	0	0
13483	2.6966	0	0	0	0
13484	2.6968	0	0	0	0
13485	2.697	0	0	0	0
13486	2.6972	0	0	0	0
13487	2.6974	0	0	0	0
13488	2.6976	0	0	0	0
13489	2.6978	0	0	0	0
13490	2.698	0	0	0	0
13491	2.6982	0	0	0	0
13492	2.6984	0	0	0	0
13493	2.6986	0	0	0	0
13494	2.6988	0	0	0	0
13495	2.699	0	0	0	0
13496	2.6992	0	0	0	0
13497	2.6994	0	0	0	0
13498	2.6996	0	0	0	0
13499	2.6998	0	0	0	0
13500	2.7	0	0	0	0
13501	2.7002	0	0	0	0
13502	2.7004	0	0	0	0
13503	2.7006	0	0	0	0
13504	2.7008	0	0	0	0
13505	2.701	0	0	0	0
13506	2.7012	0	0	0	0
13507	2.7014	0	0	0	0
13508	2.7016	0	0	0	0
13509	2.7018	0	0	0	0
13510	2.702	0	0	0	0
13511	2.7022	0	0	0	0
13512	2.7024	0	0	0	0
13513	2.7026	0	0	0	0
13514	2.7028	0	0	0	0
13515	2.703	0	0	0	0
13516	2.7032	0	0	0	0
13517	2.7034	0	0	0	0
13518	2.7036	0	0	0	0
13519	2.7038	0	0	0	0
13520	2.704	0	0	0	0
13521	2.7042	0	0	0	0
13522	2.7044	0	0	0	0
13523	2.7046	0	0	0	0
13524	2.7048	0	0	0	0
13525	2.705	0	0	0	0
13526	2.7052	0	0	0	0
13527	2.7054	0	0	0	0
13528	2.7056	0	0	0	0
13529	2.7058	0	0	0	0
13530	2.706	0	0	0	0
13531	2.7062	0	0	0	0
13532	2.7064	0	0	0	0
13533	2.7066	0	0	0	0
13534	2.7068	0	0	0	0
13535	2.707	0	0	0	0
13536	2.7072	0	0	0	0
13537	2.7074	0	0	0	0
13538	2.7076	0	0	0	0
13539	2.7078	0	0	0	0
13540	2.708	0	0	0	0
13541	2.7082	0	0	0	0
13542	2.7084	0	0	0	0
13543	2.7086	0	0	0	0
13544	2.7088	0	0	0	0
13545	2.709	0	0	0	0
13546	2.7092	0	0	0	0
13547	2.7094	0	0	0	0
13548	2.7096	0	0	0	0
13549	2.7098	0	0	0	0
13550	2.71	0	0	0	0
13551	2.7102	0	0	0	0
13552	2.7104	0	0	0	0
13553	2.7106	0	0	0	0
13554	2.7108	0	0	0	0
13555	2.711	0	0	0	0
13556	2.7112	0	0	0	0
13557	2.7114	0	0	0	0
13558	2.7116	0	0	0	0
13559	2.7118	0	0	0	0
13560	2.712	0	0	0	0
13561	2.7122	0	0	0	0
13562	2.7124	0	0	0	0
13563	2.7126	0	0	0	0
13564	2.7128	0	0	0	0
13565	2.713	0	0	0	0
13566	2.7132	0	0	0	0
13567	2.7134	0	0	0	0
13568	2.7136	0	0	0	0
13569	2.7138	0	0	0	0
13570	2.714	0	0	0	0
13571	2.7142	0	0	0	0
13572	2.7144	0	0	0	0
13573	2.7146	0	0	0	0
13574	2.7148	0	0	0	0
13575	2.715	0	0	0	0
13576	2.7152	0	0	0	0
13577	2.7154	0	0	0	0
13578	2.7156	0	0	0	0
13579	2.7158	0	0	0	0
13580	2.716	0	0	0	0
13581	2.7162	0	0	0	0
13582	2.7164	0	0	0	0
13583	2.7166	0	0	0	0
13584	2.7168	0	0	0	0
13585	2.717	0	0	0	0
13586	2.7172	0	0	0	0
13587	2.7174	0	0	0	0
13588	2.7176	0	0	0	0
13589	2.7178	0	0	0	0
13590	2.718	0	0	0	0
13591	2.7182	0	0	0	0
13592	2.7184	0	0	0	0
13593	2.7186	0	0	0	0
13594	2.7188	0	0	0	0
13595	2.719	0	0	0	0
13596	2.7192	0	0	0	0
13597	2.7194	0	0	0	0
13598	2.7196	0	0	0	0
13599	2.7198	0	0	0	0
13600	2.72	0	0	0	0
13601	2.7202	0	0	0	0
13602	2.7204	0	0	0	0
13603	2.7206	0	0	0	0
13604	2.7208	0	0	0	0
13605	2.721	0	0	0	0
13606	2.7212	0	0	0	0
13607	2.7214	0	0	0	0
13608	2.7216	0	0	0	0
13609	2.7218	0	0	0	0
13610	2.722	0	0	0	0
13611	2.7222	0	0	0	0
13612	2.7224	0	0	0	0
13613	2.7226	0	0	0	0
13614	2.7228	0	0	0	0
13615	2.723	0	0	0	0
13616	2.7232	0	0	0	0
13617	2.7234	0	0	0	0
13618	2.7236	0	0	0	0
13619	2.7238	0	0	0	0
13620	2.724	0	0	0	0
13621	2.7242	0	0	0	0
13622	2.7244	0	0	0	0
13623	2.7246	0	0	0	0
13624	2.7248	0	0	0	0
13625	2.725	0	0	0	0
13626	2.7252	0	0	0	0
13627	2.7254	0	0	0	0
13628	2.7256	0	0	0	0
13629	2.7258	0	0	0	0
13630	2.726	0	0	0	0
13631	2.7262	0	0	0	0
13632	2.7264	0	0	0	0
13633	2.7266	0	0	0	0
13634	2.7268	0	0	0	0
13635	2.727	0	0	0	0
13636	2.7272	0	0	0	0
13637	2.7274	0	0	0	0
13638	2.7276	0	0	0	0
13639	2.7278	0	0	0	0
13640	2.728	0	0	0	0
13641	2.7282	0	0	0	0
13642	2.7284	0	0	0	0
13643	2.7286	0	0	0	0
13644	2.7288	0	0	0	0
13645	2.729	0	0	0	0
13646	2.7292	0	0	0	0
13647	2.7294	0	0	0	0
13648	2.7296	0	0	0	0
13649	2.7298	0	0	0	0
13650	2.73	0	0	0	0
13651	2.7302	0	0	0	0
13652	2.7304	0	0	0	0
13653	2.7306	0	0	0	0
13654	2.7308	0	0	0	0
13655	2.731	0	0	0	0
13656	2.7312	0	0	0	0
13657	2.7314	0	0	0	0
13658	2.7316	0	0	0	0
13659	2.7318	0	0	0	0
13660	2.732	0	0	0	0
13661	2.7322	0	0	0	0
13662	2.7324	0	0	0	0
13663	2.7326	0	0	0	0
13664	2.7328	0	0	0	0
13665	2.733	0	0	0	0
13666	2.7332	0	0	0	0
13667	2.7334	0	0	0	0
13668	2.7336	0	0	0	0
13669	2.7338	0	0	0	0
13670	2.734	0	0	0	0
13671	2.7342	0	0	0	0
13672	2.7344	0	0	0	0
13673	2.7346	0	0	0	0
13674	2.7348	0	0	0	0
13675	2.735	0	0	0	0
13676	2.7352	0	0	0	0
13677	2.7354	0	0	0	0
13678	2.7356	0	0	0	0
13679	2.7358	0	0	0	0
13680	2.736	0	0	0	0
13681	2.7362	0	0	0	0
13682	2.7364	0	0	0	0
13683	2.7366	0	0	0	0
13684	2.7368	0	0	0	0
13685	2.737	0	0	0	0
13686	2.7372	0	0	0	0
13687	2.7374	0	0	0	0
13688	2.7376	0	0	0	0
13689	2.7378	0	0	0	0
13690	2.738	0	0	0	0
13691	2.7382	0	0	0	0
13692	2.7384	0	0	0	0
13693	2.7386	0	0	0	0
13694	2.7388	0	0	0	0
13695	2.739	0	0	0	0
13696	2.7392	0	0	0	0
13697	2.7394	0	0	0	0
13698	2.7396	0	0	0	0
13699	2.7398	0	0	0	0
13700	2.74	0	0	0	0
13701	2.7402	0	0	0	0
13702	2.7404	0	0	0	0
13703	2.7406	0	0	0	0
13704	2.7408	0	0	0	0
13705	2.741	0	0	0	0
13706	2.7412	0	0	0	0
13707	2.7414	0	0	0	0
13708	2.7416	0	0	0	0
13709	2.7418	0	0	0	0
13710	2.742	0	0	0	0
13711	2.7422	0	0	0	0
13712	2.7424	0	0	0	0
13713	2.7426	0	0	0	0
13714	2.7428	0	0	0	0
13715	2.743	0	0	0	0
13716	2.7432	0	0	0	0
13717	2.7434	0	0	0	0
13718	2.7436	0	0	0	0
13719	2.7438	0	0	0	0
13720	2.744	0	0	0	0
13721	2.7442	0	0	0	0
13722	2.7444	0	0	0	0
13723	2.7446	0	0	0	0
13724	2.7448	0	0	0	0
13725	2.745	0	0	0	0
13726	2.7452	0	0	0	0
13727	2.7454	0	0	0	0
13728	2.7456	0	0	0	0
13729	2.7458	0	0	0	0
13730	2.746	0	0	0	0
13731	2.7462	0	0	0	0
13732	2.7464	0	0	0	0
13733	2.7466	0	0	0	0
13734	2.7468	0	0	0	0
13735	2.747	0	0	0	0
13736	2.7472	0	0	0	0
13737	2.7474	0	0	0	0
13738	2.7476	0	0	0	0
13739	2.7478	0	0	0	0
13740	2.748	0	0	0	0
13741	2.7482	0	0	0	0
13742	2.7484	0	0	0	0
13743	2.7486	0	0	0	0
13744	2.7488	0	0	0	0
13745	2.749	0	0	0	0
13746	2.7492	0	0	0	0
13747	2.7494	0	0	0	0
13748	2.7496	0	0	0	0
13749	2.7498	0	0	0	0
13750	2.75	0	0	0	0
13751	2.7502	0	0	0	0
13752	2.7504	0	0	0	0
13753	2.7506	0	0	0	0
13754	2.7508	0	0	0	0
13755	2.751	0	0	0	0
13756	2.7512	0	0	0	0
13757	2.7514	0	0	0	0
13758	2.7516	0	0	0	0
13759	2.7518	0	0	0	0
13760	2.752	0	0	0	0
13761	2.7522	0	0	0	0
13762	2.7524	0	0	0	0
13763	2.7526	0	0	0	0
13764	2.7528	0	0	0	0
13765	2.753	0	0	0	0
13766	2.7532	0	0	0	0
13767	2.7534	0	0	0	0
13768	2.7536	0	0	0	0
13769	2.7538	0	0	0	0
13770	2.754	0	0	0	0
13771	2.7542	0	0	0	0
13772	2.7544	0	0	0	0
13773	2.7546	0	0	0	0
13774	2.7548	0	0	0	0
13775	2.755	0	0	0	0
13776	2.7552	0	0	0	0
13777	2.7554	0	0	0	0
13778	2.7556	0	0	0	0
13779	2.7558	0	0	0	0
13780	2.756	0	0	0	0
13781	2.7562	0	0	0	0
13782	2.7564	0	0	0	0
13783	2.7566	0	0	0	0
13784	2.7568	0	0	0	0
13785	2.757	0	0	0	0
13786	2.7572	0	0	0	0
13787	2.7574	0	0	0	0
13788	2.7576	0	0	0	0
13789	2.7578	0	0	0	0
13790	2.758	0	0	0	0
13791	2.7582	0	0	0	0
13792	2.7584	0	0	0	0
13793	2.7586	0	0	0	0
13794	2.7588	0	0	0	0
13795	2.759	0	0	0	0
13796	2.7592	0	0	0	0
13797	2.7594	0	0	0	0
13798	2.7596	0	0	0	0
13799	2.7598	0	0	0	0
13800	2.76	0	0	0	0
13801	2.7602	0	0	0	0
13802	2.7604	0	0	0	0
13803	2.7606	0	0	0	0
13804	2.7608	0	0	0	0
13805	2.761	0	0	0	0
13806	2.7612	0	0	0	0
13807	2.7614	0	0	0	0
13808	2.7616	0	0	0	0
13809	2.7618	0	0	0	0
13810	2.762	0	0	0	0
13811	2.7622	0	0	0	0
13812	2.7624	0	0	0	0
13813	2.7626	0	0	0	0
13814	2.7628	0	0	0	0
13815	2.763	0	0	0	0
13816	2.7632	0	0	0	0
13817	2.7634	0	0	0	0
13818	2.7636	0	0	0	0
13819	2.7638	0	0	0	0
13820	2.764	0	0	0	0
13821	2.7642	0	0	0	0
13822	2.7644	0	0	0	0
13823	2.7646	0	0	0	0
13824	2.7648	0	0	0	0
13825	2.765	0	0	0	0
13826	2.7652	0	0	0	0
13827	2.7654	0	0	0	0
13828	2.7656	0	0	0	0
13829	2.7658	0	0	0	0
13830	2.766	0	0	0	0
13831	2.7662	0	0	0	0
13832	2.7664	0	0	0	0
13833	2.7666	0	0	0	0
13834	2.7668	0	0	0	0
13835	2.767	0	0	0	0
13836	2.7672	0	0	0	0
13837	2.7674	0	0	0	0
13838	2.7676	0	0	0	0
13839	2.7678	0	0	0	0
13840	2.768	0	0	0	0
13841	2.7682	0	0	0	0
13842	2.7684	0	0	0	0
13843	2.7686	0	0	0	0
13844	2.7688	0	0	0	0
13845	2.769	0	0	0	0
13846	2.7692	0	0	0	0
13847	2.7694	0	0	0	0
13848	2.7696	0	0	0	0
13849	2.7698	0	0	0	0
13850	2.77	0	0	0	0
13851	2.7702	0	0	0	0
13852	2.7704	0	0	0	0
13853	2.7706	0	0	0	0
13854	2.7708	0	0	0	0
13855	2.771	0	0	0	0
13856	2.7712	0	0	0	0
13857	2.7714	0	0	0	0
13858	2.7716	0	0	0	0
13859	2.7718	0	0	0	0
13860	2.772	0	0	0	0
13861	2.7722	0	0	0	0
13862	2.7724	0	0	0	0
13863	2.7726	0	0	0	0
13864	2.7728	0	0	0	0
13865	2.773	0	0	0	0
13866	2.7732	0	0	0	0
13867	2.7734	0	0	0	0
13868	2.7736	0	0	0	0
13869	2.7738	0	0	0	0
13870	2.774	0	0	0	0
13871	2.7742	0	0	0	0
13872	2.7744	0	0	0	0
13873	2.7746	0	0	0	0
13874	2.7748	0	0	0	0
13875	2.775	0	0	0	0
13876	2.7752	0	0	0	0
13877	2.7754	0	0	0	0
13878	2.7756	0	0	0	0
13879	2.7758	0	0	0	0
13880	2.776	0	0	0	0
13881	2.7762	0	0	0	0
13882	2.7764	0	0	0	0
13883	2.7766	0	0	0	0
13884	2.7768	0	0	0	0
13885	2.777	0	0	0	0
13886	2.7772	0	0	0	0
13887	2.7774	0	0	0	0
13888	2.7776	0	0	0	0
13889	2.7778	0	0	0	0
13890	2.778	0	0	0	0
13891	2.7782	0	0	0	0
13892	2.7784	0	0	0	0
13893	2.7786	0	0	0	0
13894	2.7788	0	0	0	0
13895	2.779	0	0	0	0
13896	2.7792	0	0	0	0
13897	2.7794	0	0	0	0
13898	2.7796	0	0	0	0
13899	2.7798	0	0	0	0
13900	2.78	0	0	0	0
13901	2.7802	0	0	0	0
13902	2.7804	0	0	0	0
13903	2.7806	0	0	0	0
13904	2.7808	0	0	0	0
13905	2.781	0	0	0	0
13906	2.7812	0	0	0	0
13907	2.7814	0	0	0	0
13908	2.7816	0	0	0	0
13909	2.7818	0	0	0	0
13910	2.782	0	0	0	0
13911	2.7822	0	0	0	0
13912	2.7824	0	0	0	0
13913	2.7826	0	0	0	0
13914	2.7828	0	0	0	0
13915	2.783	0	0	0	0
13916	2.7832	0	0	0	0
13917	2.7834	0	0	0	0
13918	2.7836	0	0	0	0
13919	2.7838	0	0	0	0
13920	2.784	0	0	0	0
13921	2.7842	0	0	0	0
13922	2.7844	0	0	0	0
13923	2.7846	0	0	0	0
13924	2.7848	0	0	0	0
13925	2.785	0	0	0	0
13926	2.7852	0	0	0	0
13927	2.7854	0	0	0	0
13928	2.7856	0	0	0	0
13929	2.7858	0	0	0	0
13930	2.786	0	0	0	0
13931	2.7862	0	0	0	0
13932	2.7864	0	0	0	0
13933	2.7866	0	0	0	0
13934	2.7868	0	0	0	0
13935	2.787	0	0	0	0
13936	2.7872	0	0	0	0
13937	2.7874	0	0	0	0
13938	2.7876	0	0	0	0
13939	2.7878	0	0	0	0
13940	2.788	0	0	0	0
13941	2.7882	0	0	0	0
13942	2.7884	0	0	0	0
13943	2.7886	0	0	0	0
13944	2.7888	0	0	0	0
13945	2.789	0	0	0	0
13946	2.7892	0	0	0	0
13947	2.7894	0	0	0	0
13948	2.7896	0	0	0	0
13949	2.7898	0	0	0	0
13950	2.79	0	0	0	0
13951	2.7902	0	0	0	0
13952	2.7904	0	0	0	0
13953	2.7906	0	0	0	0
13954	2.7908	0	0	0	0
13955	2.791	0	0	0	0
13956	2.7912	0	0	0	0
13957	2.7914	0	0	0	0
13958	2.7916	0	0	0	0
13959	2.7918	0	0	0	0
13960	2.792	0	0	0	0
13961	2.7922	0	0	0	0
13962	2.7924	0	0	0	0
13963	2.7926	0	0	0	0
13964	2.7928	0	0	0	0
13965	2.793	0	0	0	0
13966	2.7932	0	0	0	0
13967	2.7934	0	0	0	0
13968	2.7936	0	0	0	0
13969	2.7938	0	0	0	0
13970	2.794	0	0	0	0
13971	2.7942	0	0	0	0
13972	2.7944	0	0	0	0
13973	2.7946	0	0	0	0
13974	2.7948	0	0	0	0
13975	2.795	0	0	0	0
13976	2.7952	0	0	0	0
13977	2.7954	0	0	0	0
13978	2.7956	0	0	0	0
13979	2.7958	0	0	0	0
13980	2.796	0	0	0	0
13981	2.7962	0	0	0	0
13982	2.7964	0	0	0	0
13983	2.7966	0	0	0	0
13984	2.7968	0	0	0	0
13985	2.797	0	0	0	0
13986	2.7972	0	0	0	0
13987	2.7974	0	0	0	0
13988	2.7976	0	0	0	0
13989	2.7978	0	0	0	0
13990	2.798	0	0	0	0
13991	2.7982	0	0	0	0
13992	2.7984	0	0	0	0
13993	2.7986	0	0	0	0
13994	2.7988	0	0	0	0
13995	2.799	0	0	0	0
13996	2.7992	0	0	0	0
13997	2.7994	0	0	0	0
13998	2.7996	0	0	0	0
13999	2.7998	0	0	0	0
14000	2.8	0	0	0	0
14001	2.8002	0	0	0	0
14002	2.8004	0	0	0	0
14003	2.8006	0	0	0	0
14004	2.8008	0	0	0	0
14005	2.801	0	0	0	0
14006	2.8012	0	0	0	0
14007	2.8014	0	0	0	0
14008	2.8016	0	0	0	0
14009	2.8018	0	0	0	0
14010	2.802	0	0	0	0
14011	2.8022	0	0	0	0
14012	2.8024	0	0	0	0
14013	2.8026	0	0	0	0
14014	2.8028	0	0	0	0
14015	2.803	0	0	0	0
14016	2.8032	0	0	0	0
14017	2.8034	0	0	0	0
14018	2.8036	0	0	0	0
14019	2.8038	0	0	0	0
14020	2.804	0	0	0	0
14021	2.8042	0	0	0	0
14022	2.8044	0	0	0	0
14023	2.8046	0	0	0	0
14024	2.8048	0	0	0	0
14025	2.805	0	0	0	0
14026	2.8052	0	0	0	0
14027	2.8054	0	0	0	0
14028	2.8056	0	0	0	0
14029	2.8058	0	0	0	0
14030	2.806	0	0	0	0
14031	2.8062	0	0	0	0
14032	2.8064	0	0	0	0
14033	2.8066	0	0	0	0
14034	2.8068	0	0	0	0
14035	2.807	0	0	0	0
14036	2.8072	0	0	0	0
14037	2.8074	0	0	0	0
14038	2.8076	0	0	0	0
14039	2.8078	0	0	0	0
14040	2.808	0	0	0	0
14041	2.8082	0	0	0	0
14042	2.8084	0	0	0	0
14043	2.8086	0	0	0	0
14044	2.8088	0	0	0	0
14045	2.809	0	0	0	0
14046	2.8092	0	0	0	0
14047	2.8094	0	0	0	0
14048	2.8096	0	0	0	0
14049	2.8098	0	0	0	0
14050	2.81	0	0	0	0
14051	2.8102	0	0	0	0
14052	2.8104	0	0	0	0
14053	2.8106	0	0	0	0
14054	2.8108	0	0	0	0
14055	2.811	0	0	0	0
14056	2.8112	0	0	0	0
14057	2.8114	0	0	0	0
14058	2.8116	0	0	0	0
14059	2.8118	0	0	0	0
14060	2.812	0	0	0	0
14061	2.8122	0	0	0	0
14062	2.8124	0	0	0	0
14063	2.8126	0	0	0	0
14064	2.8128	0	0	0	0
14065	2.813	0	0	0	0
14066	2.8132	0	0	0	0
14067	2.8134	0	0	0	0
14068	2.8136	0	0	0	0
14069	2.8138	0	0	0	0
14070	2.814	0	0	0	0
14071	2.8142	0	0	0	0
14072	2.8144	0	0	0	0
14073	2.8146	0	0	0	0
14074	2.8148	0	0	0	0
14075	2.815	0	0	0	0
14076	2.8152	0	0	0	0
14077	2.8154	0	0	0	0
14078	2.8156	0	0	0	0
14079	2.8158	0	0	0	0
14080	2.816	0	0	0	0
14081	2.8162	0	0	0	0
14082	2.8164	0	0	0	0
14083	2.8166	0	0	0	0
14084	2.8168	0	0	0	0
14085	2.817	0	0	0	0
14086	2.8172	0	0	0	0
14087	2.8174	0	0	0	0
14088	2.8176	0	0	0	0
14089	2.8178	0	0	0	0
14090	2.818	0	0	0	0
14091	2.8182	0	0	0	0
14092	2.8184	0	0	0	0
14093	2.8186	0	0	0	0
14094	2.8188	0	0	0	0
14095	2.819	0	0	0	0
14096	2.8192	0	0	0	0
14097	2.8194	0	0	0	0
14098	2.8196	0	0	0	0
14099	2.8198	0	0	0	0
14100	2.82	0	0	0	0
14101	2.8202	0	0	0	0
14102	2.8204	0	0	0	0
14103	2.8206	0	0	0	0
14104	2.8208	0	0	0	0
14105	2.821	0	0	0	0
14106	2.8212	0	0	0	0
14107	2.8214	0	0	0	0
14108	2.8216	0	0	0	0
14109	2.8218	0	0	0	0
14110	2.822	0	0	0	0
14111	2.8222	0	0	0	0
14112	2.8224	0	0	0	0
14113	2.8226	0	0	0	0
14114	2.8228	0	0	0	0
14115	2.823	0	0	0	0
14116	2.8232	0	0	0	0
14117	2.8234	0	0	0	0
14118	2.8236	0	0	0	0
14119	2.8238	0	0	0	0
14120	2.824	0	0	0	0
14121	2.8242	0	0	0	0
14122	2.8244	0	0	0	0
14123	2.8246	0	0	0	0
14124	2.8248	0	0	0	0
14125	2.825	0	0	0	0
14126	2.8252	0	0	0	0
14127	2.8254	0	0	0	0
14128	2.8256	0	0	0	0
14129	2.8258	0	0	0	0
14130	2.826	0	0	0	0
14131	2.8262	0	0	0	0
14132	2.8264	0	0	0	0
14133	2.8266	0	0	0	0
14134	2.8268	0	0	0	0
14135	2.827	0	0	0	0
14136	2.8272	0	0	0	0
14137	2.8274	0	0	0	0
14138	2.8276	0	0	0	0
14139	2.8278	0	0	0	0
14140	2.828	0	0	0	0
14141	2.8282	0	0	0	0
14142	2.8284	0	0	0	0
14143	2.8286	0	0	0	0
14144	2.8288	0	0	0	0
14145	2.829	0	0	0	0
14146	2.8292	0	0	0	0
14147	2.8294	0	0	0	0
14148	2.8296	0	0	0	0
14149	2.8298	0	0	0	0
14150	2.83	0	0	0	0
14151	2.8302	0	0	0	0
14152	2.8304	0	0	0	0
14153	2.8306	0	0	0	0
14154	2.8308	0	0	0	0
14155	2.831	0	0	0	0
14156	2.8312	0	0	0	0
14157	2.8314	0	0	0	0
14158	2.8316	0	0	0	0
14159	2.8318	0	0	0	0
14160	2.832	0	0	0	0
14161	2.8322	0	0	0	0
14162	2.8324	0	0	0	0
14163	2.8326	0	0	0	0
14164	2.8328	0	0	0	0
14165	2.833	0	0	0	0
14166	2.8332	0	0	0	0
14167	2.8334	0	0	0	0
14168	2.8336	0	0	0	0
14169	2.8338	0	0	0	0
14170	2.834	0	0	0	0
14171	2.8342	0	0	0	0
14172	2.8344	0	0	0	0
14173	2.8346	0	0	0	0
14174	2.8348	0	0	0	0
14175	2.835	0	0	0	0
14176	2.8352	0	0	0	0
14177	2.8354	0	0	0	0
14178	2.8356	0	0	0	0
14179	2.8358	0	0	0	0
14180	2.836	0	0	0	0
14181	2.8362	0	0	0	0
14182	2.8364	0	0	0	0
14183	2.8366	0	0	0	0
14184	2.8368	0	0	0	0
14185	2.837	0	0	0	0
14186	2.8372	0	0	0	0
14187	2.8374	0	0	0	0
14188	2.8376	0	0	0	0
14189	2.8378	0	0	0	0
14190	2.838	0	0	0	0
14191	2.8382	0	0	0	0
14192	2.8384	0	0	0	0
14193	2.8386	0	0	0	0
14194	2.8388	0	0	0	0
14195	2.839	0	0	0	0
14196	2.8392	0	0	0	0
14197	2.8394	0	0	0	0
14198	2.8396	0	0	0	0
14199	2.8398	0	0	0	0
14200	2.84	0	0	0	0
14201	2.8402	0	0	0	0
14202	2.8404	0	0	0	0
14203	2.8406	0	0	0	0
14204	2.8408	0	0	0	0
14205	2.841	0	0	0	0
14206	2.8412	0	0	0	0
14207	2.8414	0	0	0	0
14208	2.8416	0	0	0	0
14209	2.8418	0	0	0	0
14210	2.842	0	0	0	0
14211	2.8422	0	0	0	0
14212	2.8424	0	0	0	0
14213	2.8426	0	0	0	0
14214	2.8428	0	0	0	0
14215	2.843	0	0	0	0
14216	2.8432	0	0	0	0
14217	2.8434	0	0	0	0
14218	2.8436	0	0	0	0
14219	2.8438	0	0	0	0
14220	2.844	0	0	0	0
14221	2.8442	0	0	0	0
14222	2.8444	0	0	0	0
14223	2.8446	0	0	0	0
14224	2.8448	0	0	0	0
14225	2.845	0	0	0	0
14226	2.8452	0	0	0	0
14227	2.8454	0	0	0	0
14228	2.8456	0	0	0	0
14229	2.8458	0	0	0	0
14230	2.846	0	0	0	0
14231	2.8462	0	0	0	0
14232	2.8464	0	0	0	0
14233	2.8466	0	0	0	0
14234	2.8468	0	0	0	0
14235	2.847	0	0	0	0
14236	2.8472	0	0	0	0
14237	2.8474	0	0	0	0
14238	2.8476	0	0	0	0
14239	2.8478	0	0	0	0
14240	2.848	0	0	0	0
14241	2.8482	0	0	0	0
14242	2.8484	0	0	0	0
14243	2.8486	0	0	0	0
14244	2.8488	0	0	0	0
14245	2.849	0	0	0	0
14246	2.8492	0	0	0	0
14247	2.8494	0	0	0	0
14248	2.8496	0	0	0	0
14249	2.8498	0	0	0	0
14250	2.85	0	0	0	0
14251	2.8502	0	0	0	0
14252	2.8504	0	0	0	0
14253	2.8506	0	0	0	0
14254	2.8508	0	0	0	0
14255	2.851	0	0	0	0
14256	2.8512	0	0	0	0
14257	2.8514	0	0	0	0
14258	2.8516	0	0	0	0
14259	2.8518	0	0	0	0
14260	2.852	0	0	0	0
14261	2.8522	0	0	0	0
14262	2.8524	0	0	0	0
14263	2.8526	0	0	0	0
14264	2.8528	0	0	0	0
14265	2.853	0	0	0	0
14266	2.8532	0	0	0	0
14267	2.8534	0	0	0	0
14268	2.8536	0	0	0	0
14269	2.8538	0	0	0	0
14270	2.854	0	0	0	0
14271	2.8542	0	0	0	0
14272	2.8544	0	0	0	0
14273	2.8546	0	0	0	0
14274	2.8548	0	0	0	0
14275	2.855	0	0	0	0
14276	2.8552	0	0	0	0
14277	2.8554	0	0	0	0
14278	2.8556	0	0	0	0
14279	2.8558	0	0	0	0
14280	2.856	0	0	0	0
14281	2.8562	0	0	0	0
14282	2.8564	0	0	0	0
14283	2.8566	0	0	0	0
14284	2.8568	0	0	0	0
14285	2.857	0	0	0	0
14286	2.8572	0	0	0	0
14287	2.8574	0	0	0	0
14288	2.8576	0	0	0	0
14289	2.8578	0	0	0	0
14290	2.858	0	0	0	0
14291	2.8582	0	0	0	0
14292	2.8584	0	0	0	0
14293	2.8586	0	0	0	0
14294	2.8588	0	0	0	0
14295	2.859	0	0	0	0
14296	2.8592	0	0	0	0
14297	2.8594	0	0	0	0
14298	2.8596	0	0	0	0
14299	2.8598	0	0	0	0
14300	2.86	0	0	0	0
14301	2.8602	0	0	0	0
14302	2.8604	0	0	0	0
14303	2.8606	0	0	0	0
14304	2.8608	0	0	0	0
14305	2.861	0	0	0	0
14306	2.8612	0	0	0	0
14307	2.8614	0	0	0	0
14308	2.8616	0	0	0	0
14309	2.8618	0	0	0	0
14310	2.862	0	0	0	0
14311	2.8622	0	0	0	0
14312	2.8624	0	0	0	0
14313	2.8626	0	0	0	0
14314	2.8628	0	0	0	0
14315	2.863	0	0	0	0
14316	2.8632	0	0	0	0
14317	2.8634	0	0	0	0
14318	2.8636	0	0	0	0
14319	2.8638	0	0	0	0
14320	2.864	0	0	0	0
14321	2.8642	0	0	0	0
14322	2.8644	0	0	0	0
14323	2.8646	0	0	0	0
14324	2.8648	0	0	0	0
14325	2.865	0	0	0	0
14326	2.8652	0	0	0	0
14327	2.8654	0	0	0	0
14328	2.8656	0	0	0	0
14329	2.8658	0	0	0	0
14330	2.866	0	0	0	0
14331	2.8662	0	0	0	0
14332	2.8664	0	0	0	0
14333	2.8666	0	0	0	0
14334	2.8668	0	0	0	0
14335	2.867	0	0	0	0
14336	2.8672	0	0	0	0
14337	2.8674	0	0	0	0
14338	2.8676	0	0	0	0
14339	2.8678	0	0	0	0
14340	2.868	0	0	0	0
14341	2.8682	0	0	0	0
14342	2.8684	0	0	0	0
14343	2.8686	0	0	0	0
14344	2.8688	0	0	0	0
14345	2.869	0	0	0	0
14346	2.8692	0	0	0	0
14347	2.8694	0	0	0	0
14348	2.8696	0	0	0	0
14349	2.8698	0	0	0	0
14350	2.87	0	0	0	0
14351	2.8702	0	0	0	0
14352	2.8704	0	0	0	0
14353	2.8706	0	0	0	0
14354	2.8708	0	0	0	0
14355	2.871	0	0	0	0
14356	2.8712	0	0	0	0
14357	2.8714	0	0	0	0
14358	2.8716	0	0	0	0
14359	2.8718	0	0	0	0
14360	2.872	0	0	0	0
14361	2.8722	0	0	0	0
14362	2.8724	0	0	0	0
14363	2.8726	0	0	0	0
14364	2.8728	0	0	0	0
14365	2.873	0	0	0	0
14366	2.8732	0	0	0	0
14367	2.8734	0	0	0	0
14368	2.8736	0	0	0	0
14369	2.8738	0	0	0	0
14370	2.874	0	0	0	0
14371	2.8742	0	0	0	0
14372	2.8744	0	0	0	0
14373	2.8746	0	0	0	0
14374	2.8748	0	0	0	0
14375	2.875	0	0	0	0
14376	2.8752	0	0	0	0
14377	2.8754	0	0	0	0
14378	2.8756	0	0	0	0
14379	2.8758	0	0	0	0
14380	2.876	0	0	0	0
14381	2.8762	0	0	0	0
14382	2.8764	0	0	0	0
14383	2.8766	0	0	0	0
14384	2.8768	0	0	0	0
14385	2.877	0	0	0	0
14386	2.8772	0	0	0	0
14387	2.8774	0	0	0	0
14388	2.8776	0	0	0	0
14389	2.8778	0	0	0	0
14390	2.878	0	0	0	0
14391	2.8782	0	0	0	0
14392	2.8784	0	0	0	0
14393	2.8786	0	0	0	0
14394	2.8788	0	0	0	0
14395	2.879	0	0	0	0
14396	2.8792	0	0	0	0
14397	2.8794	0	0	0	0
14398	2.8796	0	0	0	0
14399	2.8798	0	0	0	0
14400	2.88	0	0	0	0
14401	2.8802	0	0	0	0
14402	2.8804	0	0	0	0
14403	2.8806	0	0	0	0
14404	2.8808	0	0	0	0
14405	2.881	0	0	0	0
14406	2.8812	0	0	0	0
14407	2.8814	0	0	0	0
14408	2.8816	0	0	0	0
14409	2.8818	0	0	0	0
14410	2.882	0	0	0	0
14411	2.8822	0	0	0	0
14412	2.8824	0	0	0	0
14413	2.8826	0	0	0	0
14414	2.8828	0	0	0	0
14415	2.883	0	0	0	0
14416	2.8832	0	0	0	0
14417	2.8834	0	0	0	0
14418	2.8836	0	0	0	0
14419	2.8838	0	0	0	0
14420	2.884	0	0	0	0
14421	2.8842	0	0	0	0
14422	2.8844	0	0	0	0
14423	2.8846	0	0	0	0
14424	2.8848	0	0	0	0
14425	2.885	0	0	0	0
14426	2.8852	0	0	0	0
14427	2.8854	0	0	0	0
14428	2.8856	0	0	0	0
14429	2.8858	0	0	0	0
14430	2.886	0	0	0	0
14431	2.8862	0	0	0	0
14432	2.8864	0	0	0	0
14433	2.8866	0	0	0	0
14434	2.8868	0	0	0	0
14435	2.887	0	0	0	0
14436	2.8872	0	0	0	0
14437	2.8874	0	0	0	0
14438	2.8876	0	0	0	0
14439	2.8878	0	0	0	0
14440	2.888	0	0	0	0
14441	2.8882	0	0	0	0
14442	2.8884	0	0	0	0
14443	2.8886	0	0	0	0
14444	2.8888	0	0	0	0
14445	2.889	0	0	0	0
14446	2.8892	0	0	0	0
14447	2.8894	0	0	0	0
14448	2.8896	0	0	0	0
14449	2.8898	0	0	0	0
14450	2.89	0	0	0	0
14451	2.8902	0	0	0	0
14452	2.8904	0	0	0	0
14453	2.8906	0	0	0	0
14454	2.8908	0	0	0	0
14455	2.891	0	0	0	0
14456	2.8912	0	0	0	0
14457	2.8914	0	0	0	0
14458	2.8916	0	0	0	0
14459	2.8918	0	0	0	0
14460	2.892	0	0	0	0
14461	2.8922	0	0	0	0
14462	2.8924	0	0	0	0
14463	2.8926	0	0	0	0
14464	2.8928	0	0	0	0
14465	2.893	0	0	0	0
14466	2.8932	0	0	0	0
14467	2.8934	0	0	0	0
14468	2.8936	0	0	0	0
14469	2.8938	0	0	0	0
14470	2.894	0	0	0	0
14471	2.8942	0	0	0	0
14472	2.8944	0	0	0	0
14473	2.8946	0	0	0	0
14474	2.8948	0	0	0	0
14475	2.895	0	0	0	0
14476	2.8952	0	0	0	0
14477	2.8954	0	0	0	0
14478	2.8956	0	0	0	0
14479	2.8958	0	0	0	0
14480	2.896	0	0	0	0
14481	2.8962	0	0	0	0
14482	2.8964	0	0	0	0
14483	2.8966	0	0	0	0
14484	2.8968	0	0	0	0
14485	2.897	0	0	0	0
14486	2.8972	0	0	0	0
14487	2.8974	0	0	0	0
14488	2.8976	0	0	0	0
14489	2.8978	0	0	0	0
14490	2.898	0	0	0	0
14491	2.8982	0	0	0	0
14492	2.8984	0	0	0	0
14493	2.8986	0	0	0	0
14494	2.8988	0	0	0	0
14495	2.899	0	0	0	0
14496	2.8992	0	0	0	0
14497	2.8994	0	0	0	0
14498	2.8996	0	0	0	0
14499	2.8998	0	0	0	0
14500	2.9	0	0	0	0
14501	2.9002	0	0	0	0
14502	2.9004	0	0	0	0
14503	2.9006	0	0	0	0
14504	2.9008	0	0	0	0
14505	2.901	0	0	0	0
14506	2.9012	0	0	0	0
14507	2.9014	0	0	0	0
14508	2.9016	0	0	0	0
14509	2.9018	0	0	0	0
14510	2.902	0	0	0	0
14511	2.9022	0	0	0	0
14512	2.9024	0	0	0	0
14513	2.9026	0	0	0	0
14514	2.9028	0	0	0	0
14515	2.903	0	0	0	0
14516	2.9032	0	0	0	0
14517	2.9034	0	0	0	0
14518	2.9036	0	0	0	0
14519	2.9038	0	0	0	0
14520	2.904	0	0	0	0
14521	2.9042	0	0	0	0
14522	2.9044	0	0	0	0
14523	2.9046	0	0	0	0
14524	2.9048	0	0	0	0
14525	2.905	0	0	0	0
14526	2.9052	0	0	0	0
14527	2.9054	0	0	0	0
14528	2.9056	0	0	0	0
14529	2.9058	0	0	0	0
14530	2.906	0	0	0	0
14531	2.9062	0	0	0	0
14532	2.9064	0	0	0	0
14533	2.9066	0	0	0	0
14534	2.9068	0	0	0	0
14535	2.907	0	0	0	0
14536	2.9072	0	0	0	0
14537	2.9074	0	0	0	0
14538	2.9076	0	0	0	0
14539	2.9078	0	0	0	0
14540	2.908	0	0	0	0
14541	2.9082	0	0	0	0
14542	2.9084	0	0	0	0
14543	2.9086	0	0	0	0
14544	2.9088	0	0	0	0
14545	2.909	0	0	0	0
14546	2.9092	0	0	0	0
14547	2.9094	0	0	0	0
14548	2.9096	0	0	0	0
14549	2.9098	0	0	0	0
14550	2.91	0	0	0	0
14551	2.9102	0	0	0	0
14552	2.9104	0	0	0	0
14553	2.9106	0	0	0	0
14554	2.9108	0	0	0	0
14555	2.911	0	0	0	0
14556	2.9112	0	0	0	0
14557	2.9114	0	0	0	0
14558	2.9116	0	0	0	0
14559	2.9118	0	0	0	0
14560	2.912	0	0	0	0
14561	2.9122	0	0	0	0
14562	2.9124	0	0	0	0
14563	2.9126	0	0	0	0
14564	2.9128	0	0	0	0
14565	2.913	0	0	0	0
14566	2.9132	0	0	0	0
14567	2.9134	0	0	0	0
14568	2.9136	0	0	0	0
14569	2.9138	0	0	0	0
14570	2.914	0	0	0	0
14571	2.9142	0	0	0	0
14572	2.9144	0	0	0	0
14573	2.9146	0	0	0	0
14574	2.9148	0	0	0	0
14575	2.915	0	0	0	0
14576	2.9152	0	0	0	0
14577	2.9154	0	0	0	0
14578	2.9156	0	0	0	0
14579	2.9158	0	0	0	0
14580	2.916	0	0	0	0
14581	2.9162	0	0	0	0
14582	2.9164	0	0	0	0
14583	2.9166	0	0	0	0
14584	2.9168	0	0	0	0
14585	2.917	0	0	0	0
14586	2.9172	0	0	0	0
14587	2.9174	0	0	0	0
14588	2.9176	0	0	0	0
14589	2.9178	0	0	0	0
14590	2.918	0	0	0	0
14591	2.9182	0	0	0	0
14592	2.9184	0	0	0	0
14593	2.9186	0	0	0	0
14594	2.9188	0	0	0	0
14595	2.919	0	0	0	0
14596	2.9192	0	0	0	0
14597	2.9194	0	0	0	0
14598	2.9196	0	0	0	0
14599	2.9198	0	0	0	0
14600	2.92	0	0	0	0
14601	2.9202	0	0	0	0
14602	2.9204	0	0	0	0
14603	2.9206	0	0	0	0
14604	2.9208	0	0	0	0
14605	2.921	0	0	0	0
14606	2.9212	0	0	0	0
14607	2.9214	0	0	0	0
14608	2.9216	0	0	0	0
14609	2.9218	0	0	0	0
14610	2.922	0	0	0	0
14611	2.9222	0	0	0	0
14612	2.9224	0	0	0	0
14613	2.9226	0	0	0	0
14614	2.9228	0	0	0	0
14615	2.923	0	0	0	0
14616	2.9232	0	0	0	0
14617	2.9234	0	0	0	0
14618	2.9236	0	0	0	0
14619	2.9238	0	0	0	0
14620	2.924	0	0	0	0
14621	2.9242	0	0	0	0
14622	2.9244	0	0	0	0
14623	2.9246	0	0	0	0
14624	2.9248	0	0	0	0
14625	2.925	0	0	0	0
14626	2.9252	0	0	0	0
14627	2.9254	0	0	0	0
14628	2.9256	0	0	0	0
14629	2.9258	0	0	0	0
14630	2.926	0	0	0	0
14631	2.9262	0	0	0	0
14632	2.9264	0	0	0	0
14633	2.9266	0	0	0	0
14634	2.9268	0	0	0	0
14635	2.927	0	0	0	0
14636	2.9272	0	0	0	0
14637	2.9274	0	0	0	0
14638	2.9276	0	0	0	0
14639	2.9278	0	0	0	0
14640	2.928	0	0	0	0
14641	2.9282	0	0	0	0
14642	2.9284	0	0	0	0
14643	2.9286	0	0	0	0
14644	2.9288	0	0	0	0
14645	2.929	0	0	0	0
14646	2.9292	0	0	0	0
14647	2.9294	0	0	0	0
14648	2.9296	0	0	0	0
14649	2.9298	0	0	0	0
14650	2.93	0	0	0	0
14651	2.9302	0	0	0	0
14652	2.9304	0	0	0	0
14653	2.9306	0	0	0	0
14654	2.9308	0	0	0	0
14655	2.931	0	0	0	0
14656	2.9312	0	0	0	0
14657	2.9314	0	0	0	0
14658	2.9316	0	0	0	0
14659	2.9318	0	0	0	0
14660	2.932	0	0	0	0
14661	2.9322	0	0	0	0
14662	2.9324	0	0	0	0
14663	2.9326	0	0	0	0
14664	2.9328	0	0	0	0
14665	2.933	0	0	0	0
14666	2.9332	0	0	0	0
14667	2.9334	0	0	0	0
14668	2.9336	0	0	0	0
14669	2.9338	0	0	0	0
14670	2.934	0	1	0	0
14671	2.9342	0	1	0	0
14672	2.9344	0	1	0	0
14673	2.9346	0	1	0	0
14674	2.9348	0	1	0	0
14675	2.935	0	1	0	0
14676	2.9352	0	1	0	0
14677	2.9354	0	1	0	0
14678	2.9356	0	1	0	0
14679	2.9358	0	1	0	0
14680	2.936	0	1	0	0
14681	2.9362	0	1	0	0
14682	2.9364	0	1	0	0
14683	2.9366	0	1	0	0
14684	2.9368	0	1	0	0
14685	2.937	0	1	0	0
14686	2.9372	0	1	0	0
14687	2.9374	0	1	0	0
14688	2.9376	0	1	0	0
14689	2.9378	0	1	0	0
14690	2.938	0	1	0	0
14691	2.9382	0	1	0	0
14692	2.9384	0	1	0	0
14693	2.9386	0	1	0	0
14694	2.9388	0	1	0	0
14695	2.939	0	1	0	0
14696	2.9392	0	1	0	0
14697	2.9394	0	1	0	0
14698	2.9396	0	1	0	0
14699	2.9398	0	1	0	0
14700	2.94	0	1	0	0
14701	2.9402	0	1	0	0
14702	2.9404	0	1	0	0
14703	2.9406	0	1	0	0
14704	2.9408	0	1	0	0
14705	2.941	0	1	0	0
14706	2.9412	0	1	0	0
14707	2.9414	0	1	0	0
14708	2.9416	0	1	0	0
14709	2.9418	0	1	0	0
14710	2.942	0	1	0	0
14711	2.9422	0	1	0	0
14712	2.9424	0	1	0	0
14713	2.9426	0	1	0	0
14714	2.9428	0	1	0	0
14715	2.943	0	1	0	0
14716	2.9432	0	1	0	0
14717	2.9434	0	1	0	0
14718	2.9436	0	1	0	0
14719	2.9438	0	1	0	0
14720	2.944	0	1	0	0
14721	2.9442	0	1	0	0
14722	2.9444	0	1	0	0
14723	2.9446	0	1	0	0
14724	2.9448	0	1	0	0
14725	2.945	0	1	0	0
14726	2.9452	0	1	0	0
14727	2.9454	0	1	0	0
14728	2.9456	0	1	0	0
14729	2.9458	0	1	0	0
14730	2.946	0	1	0	0
14731	2.9462	0	1	0	0
14732	2.9464	0	1	0	0
14733	2.9466	0	1	0	0
14734	2.9468	0	1	0	0
14735	2.947	0	1	0	0
14736	2.9472	0	1	0	0
14737	2.9474	0	1	0	0
14738	2.9476	0	1	0	0
14739	2.9478	0	1	0	0
14740	2.948	0	1	0	0
14741	2.9482	0	1	0	0
14742	2.9484	0	1	0	0
14743	2.9486	0	1	0	0
14744	2.9488	0	1	0	0
14745	2.949	0	1	0	0
14746	2.9492	0	1	0	0
14747	2.9494	0	1	0	0
14748	2.9496	0	1	0	0
14749	2.9498	0	1	0	0
14750	2.95	0	0	0	0
14751	2.9502	0	0	0	0
14752	2.9504	0	0	0	0
14753	2.9506	0	0	0	0
14754	2.9508	0	0	0	0
14755	2.951	0	0	0	0
14756	2.9512	0	0	0	0
14757	2.9514	0	0	0	0
14758	2.9516	0	0	0	0
14759	2.9518	0	0	0	0
14760	2.952	0	0	0	0
14761	2.9522	0	0	0	0
14762	2.9524	0	0	0	0
14763	2.9526	0	0	0	0
14764	2.9528	0	0	0	0
14765	2.953	0	0	0	0
14766	2.9532	0	0	0	0
14767	2.9534	0	0	0	0
14768	2.9536	0	0	0	0
14769	2.9538	0	0	0	0
14770	2.954	0	0	0	0
14771	2.9542	0	0	0	0
14772	2.9544	0	0	0	0
14773	2.9546	0	0	0	0
14774	2.9548	0	0	0	0
14775	2.955	0	0	0	0
14776	2.9552	0	0	0	0
14777	2.9554	0	0	0	0
14778	2.9556	0	0	0	0
14779	2.9558	0	0	0	0
14780	2.956	0	0	0	0
14781	2.9562	0	0	0	0
14782	2.9564	0	0	0	0
14783	2.9566	0	0	0	0
14784	2.9568	0	0	0	0
14785	2.957	0	0	0	0
14786	2.9572	0	0	0	0
14787	2.9574	0	0	0	0
14788	2.9576	0	0	0	0
14789	2.9578	0	0	0	0
14790	2.958	0	0	0	0
14791	2.9582	0	0	0	0
14792	2.9584	0	0	0	0
14793	2.9586	0	0	0	0
14794	2.9588	0	0	0	0
14795	2.959	0	0	0	0
14796	2.9592	0	0	0	0
14797	2.9594	0	0	0	0
14798	2.9596	0	0	0	0
14799	2.9598	0	0	0	0
14800	2.96	0	0	0	0
14801	2.9602	0	0	0	0
14802	2.9604	0	0	0	0
14803	2.9606	0	0	0	0
14804	2.9608	0	0	0	0
14805	2.961	0	0	0	0
14806	2.9612	0	0	0	0
14807	2.9614	0	0	0	0
14808	2.9616	0	0	0	0
14809	2.9618	0	0	0	0
14810	2.962	0	0	0	0
14811	2.9622	0	0	0	0
14812	2.9624	0	0	0	0
14813	2.9626	0	0	0	0
14814	2.9628	0	0	0	0
14815	2.963	0	0	0	0
14816	2.9632	0	0	0	0
14817	2.9634	0	0	0	0
14818	2.9636	0	0	0	0
14819	2.9638	0	0	0	0
14820	2.964	0	0	0	0
14821	2.9642	0	0	0	0
14822	2.9644	0	0	0	0
14823	2.9646	0	0	0	0
14824	2.9648	0	0	0	0
14825	2.965	0	0	0	0
14826	2.9652	0	0	0	0
14827	2.9654	0	0	0	0
14828	2.9656	0	0	0	0
14829	2.9658	0	0	0	0
14830	2.966	0	0	0	0
14831	2.9662	0	0	0	0
14832	2.9664	0	0	0	0
14833	2.9666	0	0	0	0
14834	2.9668	0	0	0	0
14835	2.967	0	0	0	0
14836	2.9672	0	0	0	0
14837	2.9674	0	0	0	0
14838	2.9676	0	0	0	0
14839	2.9678	0	0	0	0
14840	2.968	0	0	0	0
14841	2.9682	0	0	0	0
14842	2.9684	0	0	0	0
14843	2.9686	0	0	0	0
14844	2.9688	0	0	0	0
14845	2.969	0	0	0	0
14846	2.9692	0	0	0	0
14847	2.9694	0	0	0	0
14848	2.9696	0	0	0	0
14849	2.9698	0	0	0	0
14850	2.97	0	0	0	0
14851	2.9702	0	0	0	0
14852	2.9704	0	0	0	0
14853	2.9706	0	0	0	0
14854	2.9708	0	0	0	0
14855	2.971	0	0	0	0
14856	2.9712	0	0	0	0
14857	2.9714	0	0	0	0
14858	2.9716	0	0	0	0
14859	2.9718	0	0	0	0
14860	2.972	0	0	0	0
14861	2.9722	0	0	0	0
14862	2.9724	0	0	0	0
14863	2.9726	0	0	0	0
14864	2.9728	0	0	0	0
14865	2.973	0	0	0	0
14866	2.9732	0	0	0	0
14867	2.9734	0	0	0	0
14868	2.9736	0	0	0	0
14869	2.9738	0	0	0	0
14870	2.974	0	0	0	0
14871	2.9742	0	0	0	0
14872	2.9744	0	0	0	0
14873	2.9746	0	0	0	0
14874	2.9748	0	0	0	0
14875	2.975	0	0	0	0
14876	2.9752	0	0	0	0
14877	2.9754	0	0	0	0
14878	2.9756	0	0	0	0
14879	2.9758	0	0	0	0
14880	2.976	0	0	0	0
14881	2.9762	0	0	0	0
14882	2.9764	0	0	0	0
14883	2.9766	0	0	0	0
14884	2.9768	0	0	0	0
14885	2.977	0	0	0	0
14886	2.9772	0	0	0	0
14887	2.9774	0	0	0	0
14888	2.9776	0	0	0	0
14889	2.9778	0	0	0	0
14890	2.978	0	1	0	0
14891	2.9782	0	1	0	0
14892	2.9784	0	1	0	0
14893	2.9786	0	1	0	0
14894	2.9788	0	1	0	0
14895	2.979	0	1	0	0
14896	2.9792	0	1	0	0
14897	2.9794	0	1	0	0
14898	2.9796	0	1	0	0
14899	2.9798	0	1	0	0
14900	2.98	0	1	0	0
14901	2.9802	0	1	0	0
14902	2.9804	0	1	0	0
14903	2.9806	0	1	0	0
14904	2.9808	0	1	0	0
14905	2.981	0	1	0	0
14906	2.9812	0	1	0	0
14907	2.9814	0	1	0	0
14908	2.9816	0	1	0	0
14909	2.9818	0	1	0	0
14910	2.982	0	1	0	0
14911	2.9822	0	1	0	0
14912	2.9824	0	1	0	0
14913	2.9826	0	1	0	0
14914	2.9828	0	1	0	0
14915	2.983	0	1	0	0
14916	2.9832	0	1	0	0
14917	2.9834	0	1	0	0
14918	2.9836	0	1	0	0
14919	2.9838	0	1	0	0
14920	2.984	0	1	0	0
14921	2.9842	0	1	0	0
14922	2.9844	0	1	0	0
14923	2.9846	0	1	0	0
14924	2.9848	0	1	0	0
14925	2.985	0	1	0	0
14926	2.9852	0	1	0	0
14927	2.9854	0	1	0	0
14928	2.9856	0	1	0	0
14929	2.9858	0	1	0	0
14930	2.986	0	1	0	0
14931	2.9862	0	1	0	0
14932	2.9864	0	1	0	0
14933	2.9866	0	1	0	0
14934	2.9868	0	1	0	0
14935	2.987	0	1	0	0
14936	2.9872	0	1	0	0
14937	2.9874	0	1	0	0
14938	2.9876	0	1	0	0
14939	2.9878	0	1	0	0
14940	2.988	0	1	0	0
14941	2.9882	0	1	0	0
14942	2.9884	0	1	0	0
14943	2.9886	0	1	0	0
14944	2.9888	0	1	0	0
14945	2.989	0	1	0	0
14946	2.9892	0	1	0	0
14947	2.9894	0	1	0	0
14948	2.9896	0	1	0	0
14949	2.9898	0	1	0	0
14950	2.99	0	1	0	0
14951	2.9902	0	1	0	0
14952	2.9904	0	1	0	0
14953	2.9906	0	1	0	0
14954	2.9908	0	1	0	0
14955	2.991	0	1	0	0
14956	2.9912	0	1	0	0
14957	2.9914	0	1	0	0
14958	2.9916	0	1	0	0
14959	2.9918	0	1	0	0
14960	2.992	0	1	0	0
14961	2.9922	0	1	0	0
14962	2.9924	0	1	0	0
14963	2.9926	0	1	0	0
14964	2.9928	0	1	0	0
14965	2.993	0	1	0	0
14966	2.9932	0	1	0	0
14967	2.9934	0	1	0	0
14968	2.9936	0	1	0	0
14969	2.9938	0	1	0	0
14970	2.994	0	1	0	0
14971	2.9942	0	1	0	0
14972	2.9944	0	1	0	0
14973	2.9946	0	1	0	0
14974	2.9948	0	1	0	0
14975	2.995	0	1	0	0
14976	2.9952	0	1	0	0
14977	2.9954	0	1	0	0
14978	2.9956	0	1	0	0
14979	2.9958	0	1	0	0
14980	2.996	0	1	0	0
14981	2.9962	0	1	0	0
14982	2.9964	0	1	0	0
14983	2.9966	0	1	0	0
14984	2.9968	0	1	0	0
14985	2.997	0	1	0	0
14986	2.9972	0	1	0	0
14987	2.9974	0	1	0	0
14988	2.9976	0	1	0	0
14989	2.9978	0	1	0	0
14990	2.998	0	1	0	0
14991	2.9982	0	1	0	0
14992	2.9984	0	1	0	0
14993	2.9986	0	1	0	0
14994	2.9988	0	1	0	0
14995	2.999	0	1	0	0
14996	2.9992	0	1	0	0
14997	2.9994	0	1	0	0
14998	2.9996	0	1	0	0
14999	2.9998	0	1	0	0
15000	3	0	1	0	0
15001	3.0002	0	1	0	0
15002	3.0004	0	1	0	0
15003	3.0006	0	1	0	0
15004	3.0008	0	1	0	0
15005	3.001	0	1	0	0
15006	3.0012	0	1	0	0
15007	3.0014	0	1	0	0
15008	3.0016	0	1	0	0
15009	3.0018	0	1	0	0
15010	3.002	0	1	0	0
15011	3.0022	0	1	0	0
15012	3.0024	0	1	0	0
15013	3.0026	0	1	0	0
15014	3.0028	0	1	0	0
15015	3.003	0	1	0	0
15016	3.0032	0	1	0	0
15017	3.0034	0	1	0	0
15018	3.0036	0	1	0	0
15019	3.0038	0	1	0	0
15020	3.004	0	1	0	0
15021	3.0042	0	1	0	0
15022	3.0044	0	1	0	0
15023	3.0046	0	1	0	0
15024	3.0048	0	1	0	0
15025	3.005	0	1	0	0
15026	3.0052	0	1	0	0
15027	3.0054	0	1	0	0
15028	3.0056	0	1	0	0
15029	3.0058	0	1	0	0
15030	3.006	0	1	0	0
15031	3.0062	0	1	0	0
15032	3.0064	0	1	0	0
15033	3.0066	0	1	0	0
15034	3.0068	0	1	0	0
15035	3.007	0	1	0	0
15036	3.0072	0	1	0	0
15037	3.0074	0	1	0	0
15038	3.0076	0	1	0	0
15039	3.0078	0	1	0	0
15040	3.008	0	1	0	0
15041	3.0082	0	1	0	0
15042	3.0084	0	1	0	0
15043	3.0086	0	1	0	0
15044	3.0088	0	1	0	0
15045	3.009	0	1	0	0
15046	3.0092	0	1	0	0
15047	3.0094	0	1	0	0
15048	3.0096	0	1	0	0
15049	3.0098	0	1	0	0
15050	3.01	0	1	0	0
15051	3.0102	0	1	0	0
15052	3.0104	0	1	0	0
15053	3.0106	0	1	0	0
15054	3.0108	0	1	0	0
15055	3.011	0	1	0	0
15056	3.0112	0	1	0	0
15057	3.0114	0	1	0	0
15058	3.0116	0	1	0	0
15059	3.0118	0	1	0	0
15060	3.012	0	1	0	0
15061	3.0122	0	1	0	0
15062	3.0124	0	1	0	0
15063	3.0126	0	1	0	0
15064	3.0128	0	1	0	0
15065	3.013	0	1	0	0
15066	3.0132	0	1	0	0
15067	3.0134	0	1	0	0
15068	3.0136	0	1	0	0
15069	3.0138	0	1	0	0
15070	3.014	0	1	0	0
15071	3.0142	0	1	0	0
15072	3.0144	0	1	0	0
15073	3.0146	0	1	0	0
15074	3.0148	0	1	0	0
15075	3.015	0	1	0	0
15076	3.0152	0	1	0	0
15077	3.0154	0	1	0	0
15078	3.0156	0	1	0	0
15079	3.0158	0	1	0	0
15080	3.016	0	1	0	0
15081	3.0162	0	1	0	0
15082	3.0164	0	1	0	0
15083	3.0166	0	1	0	0
15084	3.0168	0	1	0	0
15085	3.017	0	1	0	0
15086	3.0172	0	1	0	0
15087	3.0174	0	1	0	0
15088	3.0176	0	1	0	0
15089	3.0178	0	1	0	0
15090	3.018	0	1	0	0
15091	3.0182	0	1	0	0
15092	3.0184	0	1	0	0
15093	3.0186	0	1	0	0
15094	3.0188	0	1	0	0
15095	3.019	0	1	0	0
15096	3.0192	0	1	0	0
15097	3.0194	0	1	0	0
15098	3.0196	0	1	0	0
15099	3.0198	0	1	0	0
15100	3.02	0	1	0	0
15101	3.0202	0	1	0	0
15102	3.0204	0	1	0	0
15103	3.0206	0	1	0	0
15104	3.0208	0	1	0	0
15105	3.021	0	1	0	0
15106	3.0212	0	1	0	0
15107	3.0214	0	1	0	0
15108	3.0216	0	1	0	0
15109	3.0218	0	1	0	0
15110	3.022	0	1	0	0
15111	3.0222	0	1	0	0
15112	3.0224	0	1	0	0
15113	3.0226	0	1	0	0
15114	3.0228	0	1	0	0
15115	3.023	0	1	0	1
15116	3.0232	0	1	0	1
15117	3.0234	0	1	0	1
15118	3.0236	0	1	0	1
15119	3.0238	0	1	0	1
15120	3.024	0	1	0	1
15121	3.0242	0	1	0	1
15122	3.0244	0	1	0	1
15123	3.0246	0	1	0	1
15124	3.0248	0	1	0	1
15125	3.025	0	1	0	1
15126	3.0252	0	1	0	1
15127	3.0254	0	1	0	1
15128	3.0256	0	1	0	1
15129	3.0258	0	1	0	1
15130	3.026	0	1	0	1
15131	3.0262	0	1	0	1
15132	3.0264	0	1	0	1
15133	3.0266	0	1	0	1
15134	3.0268	0	1	0	1
15135	3.027	0	1	0	1
15136	3.0272	0	1	0	1
15137	3.0274	0	1	0	1
15138	3.0276	0	1	0	1
15139	3.0278	0	1	0	1
15140	3.028	0	1	0	1
15141	3.0282	0	1	0	1
15142	3.0284	0	1	0	1
15143	3.0286	0	1	0	1
15144	3.0288	0	1	0	1
15145	3.029	0	1	0	1
15146	3.0292	0	1	0	1
15147	3.0294	0	1	0	1
15148	3.0296	0	1	0	1
15149	3.0298	0	1	0	1
15150	3.03	0	1	0	1
15151	3.0302	0	1	0	1
15152	3.0304	0	1	0	1
15153	3.0306	0	1	0	1
15154	3.0308	0	1	0	1
15155	3.031	0	1	0	1
15156	3.0312	0	1	0	1
15157	3.0314	0	1	0	1
15158	3.0316	0	1	0	1
15159	3.0318	0	1	0	1
15160	3.032	0	1	0	1
15161	3.0322	0	1	0	1
15162	3.0324	0	1	0	1
15163	3.0326	0	1	0	1
15164	3.0328	0	1	0	1
15165	3.033	0	1	0	1
15166	3.0332	0	1	0	1
15167	3.0334	0	1	0	1
15168	3.0336	0	1	0	1
15169	3.0338	0	1	0	1
15170	3.034	0	1	0	1
15171	3.0342	0	1	0	1
15172	3.0344	0	1	0	1
15173	3.0346	0	1	0	1
15174	3.0348	0	1	0	1
15175	3.035	0	1	0	1
15176	3.0352	0	1	0	1
15177	3.0354	0	1	0	1
15178	3.0356	0	1	0	1
15179	3.0358	0	1	0	1
15180	3.036	0	1	0	1
15181	3.0362	0	1	0	1
15182	3.0364	0	1	0	1
15183	3.0366	0	1	0	1
15184	3.0368	0	1	0	1
15185	3.037	0	1	0	1
15186	3.0372	0	1	0	1
15187	3.0374	0	1	0	1
15188	3.0376	0	1	0	1
15189	3.0378	0	1	0	1
15190	3.038	0	1	0	1
15191	3.0382	0	1	0	1
15192	3.0384	0	1	0	1
15193	3.0386	0	1	0	1
15194	3.0388	0	1	0	1
15195	3.039	0	1	0	1
15196	3.0392	0	1	0	1
15197	3.0394	0	1	0	1
15198	3.0396	0	1	0	1
15199	3.0398	0	1	0	1
15200	3.04	0	1	0	1
15201	3.0402	0	1	0	1
15202	3.0404	0	1	0	1
15203	3.0406	0	1	0	1
15204	3.0408	0	1	0	1
15205	3.041	0	1	0	0
15206	3.0412	0	1	0	0
15207	3.0414	0	1	0	0
15208	3.0416	0	1	0	0
15209	3.0418	0	1	0	0
15210	3.042	0	1	0	0
15211	3.0422	0	1	0	0
15212	3.0424	0	1	0	0
15213	3.0426	0	1	0	0
15214	3.0428	0	1	0	0
15215	3.043	0	1	0	0
15216	3.0432	0	1	0	0
15217	3.0434	0	1	0	0
15218	3.0436	0	1	0	0
15219	3.0438	0	1	0	0
15220	3.044	0	1	0	0
15221	3.0442	0	1	0	0
15222	3.0444	0	1	0	0
15223	3.0446	0	1	0	0
15224	3.0448	0	1	0	0
15225	3.045	0	1	0	0
15226	3.0452	0	1	0	0
15227	3.0454	0	1	0	0
15228	3.0456	0	1	0	0
15229	3.0458	0	1	0	0
15230	3.046	0	1	0	0
15231	3.0462	0	1	0	0
15232	3.0464	0	1	0	0
15233	3.0466	0	1	0	0
15234	3.0468	0	1	0	0
15235	3.047	0	0	0	0
15236	3.0472	0	0	0	0
15237	3.0474	0	0	0	0
15238	3.0476	0	0	0	0
15239	3.0478	0	0	0	0
15240	3.048	0	0	0	0
15241	3.0482	0	0	0	0
15242	3.0484	0	0	0	0
15243	3.0486	0	0	0	0
15244	3.0488	0	0	0	0
15245	3.049	0	0	0	0
15246	3.0492	0	0	0	0
15247	3.0494	0	0	0	0
15248	3.0496	0	0	0	0
15249	3.0498	0	0	0	0
15250	3.05	0	0	0	0
15251	3.0502	0	0	0	0
15252	3.0504	0	0	0	0
15253	3.0506	0	0	0	0
15254	3.0508	0	0	0	0
15255	3.051	0	0	0	0
15256	3.0512	0	0	0	0
15257	3.0514	0	0	0	0
15258	3.0516	0	0	0	0
15259	3.0518	0	0	0	0
15260	3.052	0	0	0	0
15261	3.0522	0	0	0	0
15262	3.0524	0	0	0	0
15263	3.0526	0	0	0	0
15264	3.0528	0	0	0	0
15265	3.053	0	0	0	0
15266	3.0532	0	0	0	0
15267	3.0534	0	0	0	0
15268	3.0536	0	0	0	0
15269	3.0538	0	0	0	0
15270	3.054	0	0	0	0
15271	3.0542	0	0	0	0
15272	3.0544	0	0	0	0
15273	3.0546	0	0	0	0
15274	3.0548	0	0	0	0
15275	3.055	0	0	0	0
15276	3.0552	0	0	0	0
15277	3.0554	0	0	0	0
15278	3.0556	0	0	0	0
15279	3.0558	0	0	0	0
15280	3.056	0	0	0	0
15281	3.0562	0	0	0	0
15282	3.0564	0	0	0	0
15283	3.0566	0	0	0	0
15284	3.0568	0	0	0	0
15285	3.057	0	0	0	0
15286	3.0572	0	0	0	0
15287	3.0574	0	0	0	0
15288	3.0576	0	0	0	0
15289	3.0578	0	0	0	0
15290	3.058	0	0	0	0
15291	3.0582	0	0	0	0
15292	3.0584	0	0	0	0
15293	3.0586	0	0	0	0
15294	3.0588	0	0	0	0
15295	3.059	0	0	0	0
15296	3.0592	0	0	0	0
15297	3.0594	0	0	0	0
15298	3.0596	0	0	0	0
15299	3.0598	0	0	0	0
15300	3.06	0	0	0	0
15301	3.0602	0	0	0	0
15302	3.0604	0	0	0	0
15303	3.0606	0	0	0	0
15304	3.0608	0	0	0	0
15305	3.061	0	0	0	0
15306	3.0612	0	0	0	0
15307	3.0614	0	0	0	0
15308	3.0616	0	0	0	0
15309	3.0618	0	0	0	0
15310	3.062	0	0	0	0
15311	3.0622	0	0	0	0
15312	3.0624	0	0	0	0
15313	3.0626	0	0	0	0
15314	3.0628	0	0	0	0
15315	3.063	0	0	0	0
15316	3.0632	0	0	0	0
15317	3.0634	0	0	0	0
15318	3.0636	0	0	0	0
15319	3.0638	0	0	0	0
15320	3.064	0	0	0	0
15321	3.0642	0	0	0	0
15322	3.0644	0	0	0	0
15323	3.0646	0	0	0	0
15324	3.0648	0	0	0	0
15325	3.065	0	0	0	0
15326	3.0652	0	0	0	0
15327	3.0654	0	0	0	0
15328	3.0656	0	0	0	0
15329	3.0658	0	0	0	0
15330	3.066	0	0	0	0
15331	3.0662	0	0	0	0
15332	3.0664	0	0	0	0
15333	3.0666	0	0	0	0
15334	3.0668	0	0	0	0
15335	3.067	0	0	0	0
15336	3.0672	0	0	0	0
15337	3.0674	0	0	0	0
15338	3.0676	0	0	0	0
15339	3.0678	0	0	0	0
15340	3.068	0	0	0	0
15341	3.0682	0	0	0	0
15342	3.0684	0	0	0	0
15343	3.0686	0	0	0	0
15344	3.0688	0	0	0	0
15345	3.069	0	0	0	0
15346	3.0692	0	0	0	0
15347	3.0694	0	0	0	0
15348	3.0696	0	0	0	0
15349	3.0698	0	0	0	0
15350	3.07	0	0	0	0
15351	3.0702	0	0	0	0
15352	3.0704	0	0	0	0
15353	3.0706	0	0	0	0
15354	3.0708	0	0	0	0
15355	3.071	0	0	0	0
15356	3.0712	0	0	0	0
15357	3.0714	0	0	0	0
15358	3.0716	0	0	0	0
15359	3.0718	0	0	0	0
15360	3.072	0	0	0	0
15361	3.0722	0	0	0	0
15362	3.0724	0	0	0	0
15363	3.0726	0	0	0	0
15364	3.0728	0	0	0	0
15365	3.073	0	0	0	0
15366	3.0732	0	0	0	0
15367	3.0734	0	0	0	0
15368	3.0736	0	0	0	0
15369	3.0738	0	0	0	0
15370	3.074	0	0	0	0
15371	3.0742	0	0	0	0
15372	3.0744	0	0	0	0
15373	3.0746	0	0	0	0
15374	3.0748	0	0	0	0
15375	3.075	0	0	0	0
15376	3.0752	0	0	0	0
15377	3.0754	0	0	0	0
15378	3.0756	0	0	0	0
15379	3.0758	0	0	0	0
15380	3.076	0	0	0	0
15381	3.0762	0	0	0	0
15382	3.0764	0	0	0	0
15383	3.0766	0	0	0	0
15384	3.0768	0	0	0	0
15385	3.077	0	0	0	0
15386	3.0772	0	0	0	0
15387	3.0774	0	0	0	0
15388	3.0776	0	0	0	0
15389	3.0778	0	0	0	0
15390	3.078	0	0	0	0
15391	3.0782	0	0	0	0
15392	3.0784	0	0	0	0
15393	3.0786	0	0	0	0
15394	3.0788	0	0	0	0
15395	3.079	0	0	0	0
15396	3.0792	0	0	0	0
15397	3.0794	0	0	0	0
15398	3.0796	0	0	0	0
15399	3.0798	0	0	0	0
15400	3.08	0	0	0	0
15401	3.0802	0	0	0	0
15402	3.0804	0	0	0	0
15403	3.0806	0	0	0	0
15404	3.0808	0	0	0	0
15405	3.081	0	0	0	0
15406	3.0812	0	0	0	0
15407	3.0814	0	0	0	0
15408	3.0816	0	0	0	0
15409	3.0818	0	0	0	0
15410	3.082	0	0	0	0
15411	3.0822	0	0	0	0
15412	3.0824	0	0	0	0
15413	3.0826	0	0	0	0
15414	3.0828	0	0	0	0
15415	3.083	0	0	0	0
15416	3.0832	0	0	0	0
15417	3.0834	0	0	0	0
15418	3.0836	0	0	0	0
15419	3.0838	0	0	0	0
15420	3.084	0	0	0	0
15421	3.0842	0	0	0	0
15422	3.0844	0	0	0	0
15423	3.0846	0	0	0	0
15424	3.0848	0	0	0	0
15425	3.085	0	0	0	0
15426	3.0852	0	0	0	0
15427	3.0854	0	0	0	0
15428	3.0856	0	0	0	0
15429	3.0858	0	0	0	0
15430	3.086	0	0	0	0
15431	3.0862	0	0	0	0
15432	3.0864	0	0	0	0
15433	3.0866	0	0	0	0
15434	3.0868	0	0	0	0
15435	3.087	0	0	0	0
15436	3.0872	0	0	0	0
15437	3.0874	0	0	0	0
15438	3.0876	0	0	0	0
15439	3.0878	0	0	0	0
15440	3.088	0	0	0	0
15441	3.0882	0	0	0	0
15442	3.0884	0	0	0	0
15443	3.0886	0	0	0	0
15444	3.0888	0	0	0	0
15445	3.089	0	0	0	0
15446	3.0892	0	0	0	0
15447	3.0894	0	0	0	0
15448	3.0896	0	0	0	0
15449	3.0898	0	0	0	0
15450	3.09	0	0	0	0
15451	3.0902	0	0	0	0
15452	3.0904	0	0	0	0
15453	3.0906	0	0	0	0
15454	3.0908	0	0	0	0
15455	3.091	0	0	0	0
15456	3.0912	0	0	0	0
15457	3.0914	0	0	0	0
15458	3.0916	0	0	0	0
15459	3.0918	0	0	0	0
15460	3.092	0	0	0	0
15461	3.0922	0	0	0	0
15462	3.0924	0	0	0	0
15463	3.0926	0	0	0	0
15464	3.0928	0	0	0	0
15465	3.093	0	0	0	0
15466	3.0932	0	0	0	0
15467	3.0934	0	0	0	0
15468	3.0936	0	0	0	0
15469	3.0938	0	0	0	0
15470	3.094	0	0	0	0
15471	3.0942	0	0	0	0
15472	3.0944	0	0	0	0
15473	3.0946	0	0	0	0
15474	3.0948	0	0	0	0
15475	3.095	0	0	0	0
15476	3.0952	0	0	0	0
15477	3.0954	0	0	0	0
15478	3.0956	0	0	0	0
15479	3.0958	0	0	0	0
15480	3.096	0	0	0	0
15481	3.0962	0	0	0	0
15482	3.0964	0	0	0	0
15483	3.0966	0	0	0	0
15484	3.0968	0	0	0	0
15485	3.097	0	0	0	0
15486	3.0972	0	0	0	0
15487	3.0974	0	0	0	0
15488	3.0976	0	0	0	0
15489	3.0978	0	0	0	0
15490	3.098	0	0	0	0
15491	3.0982	0	0	0	0
15492	3.0984	0	0	0	0
15493	3.0986	0	0	0	0
15494	3.0988	0	0	0	0
15495	3.099	0	0	0	0
15496	3.0992	0	0	0	0
15497	3.0994	0	0	0	0
15498	3.0996	0	0	0	0
15499	3.0998	0	0	0	0
15500	3.1	0	0	0	0
15501	3.1002	0	0	0	0
15502	3.1004	0	0	0	0
15503	3.1006	0	0	0	0
15504	3.1008	0	0	0	0
15505	3.101	0	0	0	0
15506	3.1012	0	0	0	0
15507	3.1014	0	0	0	0
15508	3.1016	0	0	0	0
15509	3.1018	0	0	0	0
15510	3.102	0	0	0	0
15511	3.1022	0	0	0	0
15512	3.1024	0	0	0	0
15513	3.1026	0	0	0	0
15514	3.1028	0	0	0	0
15515	3.103	0	0	0	0
15516	3.1032	0	0	0	0
15517	3.1034	0	0	0	0
15518	3.1036	0	0	0	0
15519	3.1038	0	0	0	0
15520	3.104	0	0	0	0
15521	3.1042	0	0	0	0
15522	3.1044	0	0	0	0
15523	3.1046	0	0	0	0
15524	3.1048	0	0	0	0
15525	3.105	0	0	0	0
15526	3.1052	0	0	0	0
15527	3.1054	0	0	0	0
15528	3.1056	0	0	0	0
15529	3.1058	0	0	0	0
15530	3.106	0	0	0	0
15531	3.1062	0	0	0	0
15532	3.1064	0	0	0	0
15533	3.1066	0	0	0	0
15534	3.1068	0	0	0	0
15535	3.107	0	0	0	0
15536	3.1072	0	0	0	0
15537	3.1074	0	0	0	0
15538	3.1076	0	0	0	0
15539	3.1078	0	0	0	0
15540	3.108	0	1	0	0
15541	3.1082	0	1	0	0
15542	3.1084	0	1	0	0
15543	3.1086	0	1	0	0
15544	3.1088	0	1	0	0
15545	3.109	0	1	0	0
15546	3.1092	0	1	0	0
15547	3.1094	0	1	0	0
15548	3.1096	0	1	0	0
15549	3.1098	0	1	0	0
15550	3.11	0	1	0	0
15551	3.1102	0	1	0	0
15552	3.1104	0	1	0	0
15553	3.1106	0	1	0	0
15554	3.1108	0	1	0	0
15555	3.111	0	1	0	0
15556	3.1112	0	1	0	0
15557	3.1114	0	1	0	0
15558	3.1116	0	1	0	0
15559	3.1118	0	1	0	0
15560	3.112	0	1	0	0
15561	3.1122	0	1	0	0
15562	3.1124	0	1	0	0
15563	3.1126	0	1	0	0
15564	3.1128	0	1	0	0
15565	3.113	0	1	0	0
15566	3.1132	0	1	0	0
15567	3.1134	0	1	0	0
15568	3.1136	0	1	0	0
15569	3.1138	0	1	0	0
15570	3.114	0	1	0	0
15571	3.1142	0	1	0	0
15572	3.1144	0	1	0	0
15573	3.1146	0	1	0	0
15574	3.1148	0	1	0	0
15575	3.115	0	1	0	0
15576	3.1152	0	1	0	0
15577	3.1154	0	1	0	0
15578	3.1156	0	1	0	0
15579	3.1158	0	1	0	0
15580	3.116	0	1	0	0
15581	3.1162	0	1	0	0
15582	3.1164	0	1	0	0
15583	3.1166	0	1	0	0
15584	3.1168	0	1	0	0
15585	3.117	0	1	0	0
15586	3.1172	0	1	0	0
15587	3.1174	0	1	0	0
15588	3.1176	0	1	0	0
15589	3.1178	0	1	0	0
15590	3.118	0	1	0	0
15591	3.1182	0	1	0	0
15592	3.1184	0	1	0	0
15593	3.1186	0	1	0	0
15594	3.1188	0	1	0	0
15595	3.119	0	1	0	0
15596	3.1192	0	1	0	0
15597	3.1194	0	1	0	0
15598	3.1196	0	1	0	0
15599	3.1198	0	1	0	0
15600	3.12	0	1	0	0
15601	3.1202	0	1	0	0
15602	3.1204	0	1	0	0
15603	3.1206	0	1	0	0
15604	3.1208	0	1	0	0
15605	3.121	0	1	0	0
15606	3.1212	0	1	0	0
15607	3.1214	0	1	0	0
15608	3.1216	0	1	0	0
15609	3.1218	0	1	0	0
15610	3.122	0	1	0	0
15611	3.1222	0	1	0	0
15612	3.1224	0	1	0	0
15613	3.1226	0	1	0	0
15614	3.1228	0	1	0	0
15615	3.123	0	1	0	0
15616	3.1232	0	1	0	0
15617	3.1234	0	1	0	0
15618	3.1236	0	1	0	0
15619	3.1238	0	1	0	0
15620	3.124	0	1	0	0
15621	3.1242	0	1	0	0
15622	3.1244	0	1	0	0
15623	3.1246	0	1	0	0
15624	3.1248	0	1	0	0
15625	3.125	0	1	0	0
15626	3.1252	0	1	0	0
15627	3.1254	0	1	0	0
15628	3.1256	0	1	0	0
15629	3.1258	0	1	0	0
15630	3.126	0	1	0	0
15631	3.1262	0	1	0	0
15632	3.1264	0	1	0	0
15633	3.1266	0	1	0	0
15634	3.1268	0	1	0	0
15635	3.127	0	1	0	0
15636	3.1272	0	1	0	0
15637	3.1274	0	1	0	0
15638	3.1276	0	1	0	0
15639	3.1278	0	1	0	0
15640	3.128	0	1	0	0
15641	3.1282	0	1	0	0
15642	3.1284	0	1	0	0
15643	3.1286	0	1	0	0
15644	3.1288	0	1	0	0
15645	3.129	0	1	0	0
15646	3.1292	0	1	0	0
15647	3.1294	0	1	0	0
15648	3.1296	0	1	0	0
15649	3.1298	0	1	0	0
15650	3.13	0	1	0	0
15651	3.1302	0	1	0	0
15652	3.1304	0	1	0	0
15653	3.1306	0	1	0	0
15654	3.1308	0	1	0	0
15655	3.131	0	1	0	0
15656	3.1312	0	1	0	0
15657	3.1314	0	1	0	0
15658	3.1316	0	1	0	0
15659	3.1318	0	1	0	0
15660	3.132	0	1	0	0
15661	3.1322	0	1	0	0
15662	3.1324	0	1	0	0
15663	3.1326	0	1	0	0
15664	3.1328	0	1	0	0
15665	3.133	0	1	0	0
15666	3.1332	0	1	0	0
15667	3.1334	0	1	0	0
15668	3.1336	0	1	0	0
15669	3.1338	0	1	0	0
15670	3.134	0	1	0	0
15671	3.1342	0	1	0	0
15672	3.1344	0	1	0	0
15673	3.1346	0	1	0	0
15674	3.1348	0	1	0	0
15675	3.135	0	1	0	0
15676	3.1352	0	1	0	0
15677	3.1354	0	1	0	0
15678	3.1356	0	1	0	0
15679	3.1358	0	1	0	0
15680	3.136	0	1	0	0
15681	3.1362	0	1	0	0
15682	3.1364	0	1	0	0
15683	3.1366	0	1	0	0
15684	3.1368	0	1	0	0
15685	3.137	0	1	0	0
15686	3.1372	0	1	0	0
15687	3.1374	0	1	0	0
15688	3.1376	0	1	0	0
15689	3.1378	0	1	0	0
15690	3.138	0	1	0	0
15691	3.1382	0	1	0	0
15692	3.1384	0	1	0	0
15693	3.1386	0	1	0	0
15694	3.1388	0	1	0	0
15695	3.139	0	0	0	0
15696	3.1392	0	0	0	0
15697	3.1394	0	0	0	0
15698	3.1396	0	0	0	0
15699	3.1398	0	0	0	0
15700	3.14	0	0	0	0
15701	3.1402	0	0	0	0
15702	3.1404	0	0	0	0
15703	3.1406	0	0	0	0
15704	3.1408	0	0	0	0
15705	3.141	0	0	0	0
15706	3.1412	0	0	0	0
15707	3.1414	0	0	0	0
15708	3.1416	0	0	0	0
15709	3.1418	0	0	0	0
15710	3.142	0	0	0	0
15711	3.1422	0	0	0	0
15712	3.1424	0	0	0	0
15713	3.1426	0	0	0	0
15714	3.1428	0	0	0	0
15715	3.143	0	0	0	0
15716	3.1432	0	0	0	0
15717	3.1434	0	0	0	0
15718	3.1436	0	0	0	0
15719	3.1438	0	0	0	0
15720	3.144	0	0	0	0
15721	3.1442	0	0	0	0
15722	3.1444	0	0	0	0
15723	3.1446	0	0	0	0
15724	3.1448	0	0	0	0
15725	3.145	0	0	0	0
15726	3.1452	0	0	0	0
15727	3.1454	0	0	0	0
15728	3.1456	0	0	0	0
15729	3.1458	0	0	0	0
15730	3.146	0	0	0	0
15731	3.1462	0	0	0	0
15732	3.1464	0	0	0	0
15733	3.1466	0	0	0	0
15734	3.1468	0	0	0	0
15735	3.147	0	0	0	0
15736	3.1472	0	0	0	0
15737	3.1474	0	0	0	0
15738	3.1476	0	0	0	0
15739	3.1478	0	0	0	0
15740	3.148	0	0	0	0
15741	3.1482	0	0	0	0
15742	3.1484	0	0	0	0
15743	3.1486	0	0	0	0
15744	3.1488	0	0	0	0
15745	3.149	0	0	0	0
15746	3.1492	0	0	0	0
15747	3.1494	0	0	0	0
15748	3.1496	0	0	0	0
15749	3.1498	0	0	0	0
15750	3.15	0	0	0	0
15751	3.1502	0	0	0	0
15752	3.1504	0	0	0	0
15753	3.1506	0	0	0	0
15754	3.1508	0	0	0	0
15755	3.151	0	0	0	0
15756	3.1512	0	0	0	0
15757	3.1514	0	0	0	0
15758	3.1516	0	0	0	0
15759	3.1518	0	0	0	0
15760	3.152	0	0	0	0
15761	3.1522	0	0	0	0
15762	3.1524	0	0	0	0
15763	3.1526	0	0	0	0
15764	3.1528	0	0	0	0
15765	3.153	0	0	0	0
15766	3.1532	0	0	0	0
15767	3.1534	0	0	0	0
15768	3.1536	0	0	0	0
15769	3.1538	0	0	0	0
15770	3.154	0	0	0	0
15771	3.1542	0	0	0	0
15772	3.1544	0	0	0	0
15773	3.1546	0	0	0	0
15774	3.1548	0	0	0	0
15775	3.155	0	0	0	0
15776	3.1552	0	0	0	0
15777	3.1554	0	0	0	0
15778	3.1556	0	0	0	0
15779	3.1558	0	0	0	0
15780	3.156	0	0	0	0
15781	3.1562	0	0	0	0
15782	3.1564	0	0	0	0
15783	3.1566	0	0	0	0
15784	3.1568	0	0	0	0
15785	3.157	0	0	0	0
15786	3.1572	0	0	0	0
15787	3.1574	0	0	0	0
15788	3.1576	0	0	0	0
15789	3.1578	0	0	0	0
15790	3.158	0	0	0	0
15791	3.1582	0	0	0	0
15792	3.1584	0	0	0	0
15793	3.1586	0	0	0	0
15794	3.1588	0	0	0	0
15795	3.159	0	0	0	0
15796	3.1592	0	0	0	0
15797	3.1594	0	0	0	0
15798	3.1596	0	0	0	0
15799	3.1598	0	0	0	0
15800	3.16	0	0	0	0
15801	3.1602	0	0	0	0
15802	3.1604	0	0	0	0
15803	3.1606	0	0	0	0
15804	3.1608	0	0	0	0
15805	3.161	0	0	0	0
15806	3.1612	0	0	0	0
15807	3.1614	0	0	0	0
15808	3.1616	0	0	0	0
15809	3.1618	0	0	0	0
15810	3.162	0	0	0	0
15811	3.1622	0	0	0	0
15812	3.1624	0	0	0	0
15813	3.1626	0	0	0	0
15814	3.1628	0	0	0	0
15815	3.163	0	0	0	0
15816	3.1632	0	0	0	0
15817	3.1634	0	0	0	0
15818	3.1636	0	0	0	0
15819	3.1638	0	0	0	0
15820	3.164	0	0	0	0
15821	3.1642	0	0	0	0
15822	3.1644	0	0	0	0
15823	3.1646	0	0	0	0
15824	3.1648	0	0	0	0
15825	3.165	0	0	0	0
15826	3.1652	0	0	0	0
15827	3.1654	0	0	0	0
15828	3.1656	0	0	0	0
15829	3.1658	0	0	0	0
15830	3.166	0	0	0	0
15831	3.1662	0	0	0	0
15832	3.1664	0	0	0	0
15833	3.1666	0	0	0	0
15834	3.1668	0	0	0	0
15835	3.167	0	0	0	0
15836	3.1672	0	0	0	0
15837	3.1674	0	0	0	0
15838	3.1676	0	0	0	0
15839	3.1678	0	0	0	0
15840	3.168	0	0	0	0
15841	3.1682	0	0	0	0
15842	3.1684	0	0	0	0
15843	3.1686	0	0	0	0
15844	3.1688	0	0	0	0
15845	3.169	0	0	0	0
15846	3.1692	0	0	0	0
15847	3.1694	0	0	0	0
15848	3.1696	0	0	0	0
15849	3.1698	0	0	0	0
15850	3.17	0	0	0	0
15851	3.1702	0	0	0	0
15852	3.1704	0	0	0	0
15853	3.1706	0	0	0	0
15854	3.1708	0	0	0	0
15855	3.171	0	0	0	0
15856	3.1712	0	0	0	0
15857	3.1714	0	0	0	0
15858	3.1716	0	0	0	0
15859	3.1718	0	0	0	0
15860	3.172	0	0	0	0
15861	3.1722	0	0	0	0
15862	3.1724	0	0	0	0
15863	3.1726	0	0	0	0
15864	3.1728	0	0	0	0
15865	3.173	0	0	0	0
15866	3.1732	0	0	0	0
15867	3.1734	0	0	0	0
15868	3.1736	0	0	0	0
15869	3.1738	0	0	0	0
15870	3.174	0	0	0	0
15871	3.1742	0	0	0	0
15872	3.1744	0	0	0	0
15873	3.1746	0	0	0	0
15874	3.1748	0	0	0	0
15875	3.175	0	0	0	0
15876	3.1752	0	0	0	0
15877	3.1754	0	0	0	0
15878	3.1756	0	0	0	0
15879	3.1758	0	0	0	0
15880	3.176	0	0	0	0
15881	3.1762	0	0	0	0
15882	3.1764	0	0	0	0
15883	3.1766	0	0	0	0
15884	3.1768	0	0	0	0
15885	3.177	0	0	0	0
15886	3.1772	0	0	0	0
15887	3.1774	0	0	0	0
15888	3.1776	0	0	0	0
15889	3.1778	0	0	0	0
15890	3.178	0	0	0	0
15891	3.1782	0	0	0	0
15892	3.1784	0	0	0	0
15893	3.1786	0	0	0	0
15894	3.1788	0	0	0	0
15895	3.179	0	0	0	0
15896	3.1792	0	0	0	0
15897	3.1794	0	0	0	0
15898	3.1796	0	0	0	0
15899	3.1798	0	0	0	0
15900	3.18	0	0	0	0
15901	3.1802	0	0	0	0
15902	3.1804	0	0	0	0
15903	3.1806	0	0	0	0
15904	3.1808	0	0	0	0
15905	3.181	0	0	0	0
15906	3.1812	0	0	0	0
15907	3.1814	0	0	0	0
15908	3.1816	0	0	0	0
15909	3.1818	0	0	0	0
15910	3.182	0	0	0	0
15911	3.1822	0	0	0	0
15912	3.1824	0	0	0	0
15913	3.1826	0	0	0	0
15914	3.1828	0	0	0	0
15915	3.183	0	0	0	0
15916	3.1832	0	0	0	0
15917	3.1834	0	0	0	0
15918	3.1836	0	0	0	0
15919	3.1838	0	0	0	0
15920	3.184	0	0	0	0
15921	3.1842	0	0	0	0
15922	3.1844	0	0	0	0
15923	3.1846	0	0	0	0
15924	3.1848	0	0	0	0
15925	3.185	0	0	0	0
15926	3.1852	0	0	0	0
15927	3.1854	0	0	0	0
15928	3.1856	0	0	0	0
15929	3.1858	0	0	0	0
15930	3.186	0	0	0	0
15931	3.1862	0	0	0	0
15932	3.1864	0	0	0	0
15933	3.1866	0	0	0	0
15934	3.1868	0	0	0	0
15935	3.187	0	0	0	0
15936	3.1872	0	0	0	0
15937	3.1874	0	0	0	0
15938	3.1876	0	0	0	0
15939	3.1878	0	0	0	0
15940	3.188	0	0	0	0
15941	3.1882	0	0	0	0
15942	3.1884	0	0	0	0
15943	3.1886	0	0	0	0
15944	3.1888	0	0	0	0
15945	3.189	0	0	0	0
15946	3.1892	0	0	0	0
15947	3.1894	0	0	0	0
15948	3.1896	0	0	0	0
15949	3.1898	0	0	0	0
15950	3.19	0	0	0	0
15951	3.1902	0	0	0	0
15952	3.1904	0	0	0	0
15953	3.1906	0	0	0	0
15954	3.1908	0	0	0	0
15955	3.191	0	0	0	0
15956	3.1912	0	0	0	0
15957	3.1914	0	0	0	0
15958	3.1916	0	0	0	0
15959	3.1918	0	0	0	0
15960	3.192	0	0	0	0
15961	3.1922	0	0	0	0
15962	3.1924	0	0	0	0
15963	3.1926	0	0	0	0
15964	3.1928	0	0	0	0
15965	3.193	0	0	0	0
15966	3.1932	0	0	0	0
15967	3.1934	0	0	0	0
15968	3.1936	0	0	0	0
15969	3.1938	0	0	0	0
15970	3.194	0	0	0	0
15971	3.1942	0	0	0	0
15972	3.1944	0	0	0	0
15973	3.1946	0	0	0	0
15974	3.1948	0	0	0	0
15975	3.195	0	0	0	0
15976	3.1952	0	0	0	0
15977	3.1954	0	0	0	0
15978	3.1956	0	0	0	0
15979	3.1958	0	0	0	0
15980	3.196	0	0	0	0
15981	3.1962	0	0	0	0
15982	3.1964	0	0	0	0
15983	3.1966	0	0	0	0
15984	3.1968	0	0	0	0
15985	3.197	0	0	0	0
15986	3.1972	0	0	0	0
15987	3.1974	0	0	0	0
15988	3.1976	0	0	0	0
15989	3.1978	0	0	0	0
15990	3.198	0	0	0	0
15991	3.1982	0	0	0	0
15992	3.1984	0	0	0	0
15993	3.1986	0	0	0	0
15994	3.1988	0	0	0	0
15995	3.199	0	0	0	0
15996	3.1992	0	0	0	0
15997	3.1994	0	0	0	0
15998	3.1996	0	0	0	0
15999	3.1998	0	0	0	0
16000	3.2	0	0	0	0
16001	3.2002	0	0	0	0
16002	3.2004	0	0	0	0
16003	3.2006	0	0	0	0
16004	3.2008	0	0	0	0
16005	3.201	0	0	0	0
16006	3.2012	0	0	0	0
16007	3.2014	0	0	0	0
16008	3.2016	0	0	0	0
16009	3.2018	0	0	0	0
16010	3.202	0	0	0	0
16011	3.2022	0	0	0	0
16012	3.2024	0	0	0	0
16013	3.2026	0	0	0	0
16014	3.2028	0	0	0	0
16015	3.203	0	0	0	0
16016	3.2032	0	0	0	0
16017	3.2034	0	0	0	0
16018	3.2036	0	0	0	0
16019	3.2038	0	0	0	0
16020	3.204	0	0	0	0
16021	3.2042	0	0	0	0
16022	3.2044	0	0	0	0
16023	3.2046	0	0	0	0
16024	3.2048	0	0	0	0
16025	3.205	0	0	0	0
16026	3.2052	0	0	0	0
16027	3.2054	0	0	0	0
16028	3.2056	0	0	0	0
16029	3.2058	0	0	0	0
16030	3.206	0	0	0	0
16031	3.2062	0	0	0	0
16032	3.2064	0	0	0	0
16033	3.2066	0	0	0	0
16034	3.2068	0	0	0	0
16035	3.207	0	0	0	0
16036	3.2072	0	0	0	0
16037	3.2074	0	0	0	0
16038	3.2076	0	0	0	0
16039	3.2078	0	0	0	0
16040	3.208	0	0	0	0
16041	3.2082	0	0	0	0
16042	3.2084	0	0	0	0
16043	3.2086	0	0	0	0
16044	3.2088	0	0	0	0
16045	3.209	0	0	0	0
16046	3.2092	0	0	0	0
16047	3.2094	0	0	0	0
16048	3.2096	0	0	0	0
16049	3.2098	0	0	0	0
16050	3.21	0	0	0	0
16051	3.2102	0	0	0	0
16052	3.2104	0	0	0	0
16053	3.2106	0	0	0	0
16054	3.2108	0	0	0	0
16055	3.211	0	0	0	0
16056	3.2112	0	0	0	0
16057	3.2114	0	0	0	0
16058	3.2116	0	0	0	0
16059	3.2118	0	0	0	0
16060	3.212	0	0	0	0
16061	3.2122	0	0	0	0
16062	3.2124	0	0	0	0
16063	3.2126	0	0	0	0
16064	3.2128	0	0	0	0
16065	3.213	0	0	0	0
16066	3.2132	0	0	0	0
16067	3.2134	0	0	0	0
16068	3.2136	0	0	0	0
16069	3.2138	0	0	0	0
16070	3.214	0	1	0	0
16071	3.2142	0	1	0	0
16072	3.2144	0	1	0	0
16073	3.2146	0	1	0	0
16074	3.2148	0	1	0	0
16075	3.215	0	1	0	0
16076	3.2152	0	1	0	0
16077	3.2154	0	1	0	0
16078	3.2156	0	1	0	0
16079	3.2158	0	1	0	0
16080	3.216	0	0	0	0
16081	3.2162	0	0	0	0
16082	3.2164	0	0	0	0
16083	3.2166	0	0	0	0
16084	3.2168	0	0	0	0
16085	3.217	0	0	0	0
16086	3.2172	0	0	0	0
16087	3.2174	0	0	0	0
16088	3.2176	0	0	0	0
16089	3.2178	0	0	0	0
16090	3.218	0	0	0	0
16091	3.2182	0	0	0	0
16092	3.2184	0	0	0	0
16093	3.2186	0	0	0	0
16094	3.2188	0	0	0	0
16095	3.219	0	0	0	0
16096	3.2192	0	0	0	0
16097	3.2194	0	0	0	0
16098	3.2196	0	0	0	0
16099	3.2198	0	0	0	0
16100	3.22	0	0	0	0
16101	3.2202	0	0	0	0
16102	3.2204	0	0	0	0
16103	3.2206	0	0	0	0
16104	3.2208	0	0	0	0
16105	3.221	0	0	0	0
16106	3.2212	0	0	0	0
16107	3.2214	0	0	0	0
16108	3.2216	0	0	0	0
16109	3.2218	0	0	0	0
16110	3.222	0	0	0	0
16111	3.2222	0	0	0	0
16112	3.2224	0	0	0	0
16113	3.2226	0	0	0	0
16114	3.2228	0	0	0	0
16115	3.223	0	0	0	0
16116	3.2232	0	0	0	0
16117	3.2234	0	0	0	0
16118	3.2236	0	0	0	0
16119	3.2238	0	0	0	0
16120	3.224	0	0	0	0
16121	3.2242	0	0	0	0
16122	3.2244	0	0	0	0
16123	3.2246	0	0	0	0
16124	3.2248	0	0	0	0
16125	3.225	0	0	0	0
16126	3.2252	0	0	0	0
16127	3.2254	0	0	0	0
16128	3.2256	0	0	0	0
16129	3.2258	0	0	0	0
16130	3.226	0	0	0	0
16131	3.2262	0	0	0	0
16132	3.2264	0	0	0	0
16133	3.2266	0	0	0	0
16134	3.2268	0	0	0	0
16135	3.227	0	0	0	0
16136	3.2272	0	0	0	0
16137	3.2274	0	0	0	0
16138	3.2276	0	0	0	0
16139	3.2278	0	0	0	0
16140	3.228	0	0	0	0
16141	3.2282	0	0	0	0
16142	3.2284	0	0	0	0
16143	3.2286	0	0	0	0
16144	3.2288	0	0	0	0
16145	3.229	0	0	0	0
16146	3.2292	0	0	0	0
16147	3.2294	0	0	0	0
16148	3.2296	0	0	0	0
16149	3.2298	0	0	0	0
16150	3.23	0	0	0	0
16151	3.2302	0	0	0	0
16152	3.2304	0	0	0	0
16153	3.2306	0	0	0	0
16154	3.2308	0	0	0	0
16155	3.231	0	0	0	0
16156	3.2312	0	0	0	0
16157	3.2314	0	0	0	0
16158	3.2316	0	0	0	0
16159	3.2318	0	0	0	0
16160	3.232	0	0	0	0
16161	3.2322	0	0	0	0
16162	3.2324	0	0	0	0
16163	3.2326	0	0	0	0
16164	3.2328	0	0	0	0
16165	3.233	0	0	0	0
16166	3.2332	0	0	0	0
16167	3.2334	0	0	0	0
16168	3.2336	0	0	0	0
16169	3.2338	0	0	0	0
16170	3.234	0	0	0	0
16171	3.2342	0	0	0	0
16172	3.2344	0	0	0	0
16173	3.2346	0	0	0	0
16174	3.2348	0	0	0	0
16175	3.235	0	0	0	0
16176	3.2352	0	0	0	0
16177	3.2354	0	0	0	0
16178	3.2356	0	0	0	0
16179	3.2358	0	0	0	0
16180	3.236	0	0	0	0
16181	3.2362	0	0	0	0
16182	3.2364	0	0	0	0
16183	3.2366	0	0	0	0
16184	3.2368	0	0	0	0
16185	3.237	0	0	0	0
16186	3.2372	0	0	0	0
16187	3.2374	0	0	0	0
16188	3.2376	0	0	0	0
16189	3.2378	0	0	0	0
16190	3.238	0	0	0	0
16191	3.2382	0	0	0	0
16192	3.2384	0	0	0	0
16193	3.2386	0	0	0	0
16194	3.2388	0	0	0	0
16195	3.239	0	0	0	0
16196	3.2392	0	0	0	0
16197	3.2394	0	0	0	0
16198	3.2396	0	0	0	0
16199	3.2398	0	0	0	0
16200	3.24	0	0	0	0
16201	3.2402	0	0	0	0
16202	3.2404	0	0	0	0
16203	3.2406	0	0	0	0
16204	3.2408	0	0	0	0
16205	3.241	0	0	0	0
16206	3.2412	0	0	0	0
16207	3.2414	0	0	0	0
16208	3.2416	0	0	0	0
16209	3.2418	0	0	0	0
16210	3.242	0	0	0	0
16211	3.2422	0	0	0	0
16212	3.2424	0	0	0	0
16213	3.2426	0	0	0	0
16214	3.2428	0	0	0	0
16215	3.243	0	0	0	0
16216	3.2432	0	0	0	0
16217	3.2434	0	0	0	0
16218	3.2436	0	0	0	0
16219	3.2438	0	0	0	0
16220	3.244	0	0	0	0
16221	3.2442	0	0	0	0
16222	3.2444	0	0	0	0
16223	3.2446	0	0	0	0
16224	3.2448	0	0	0	0
16225	3.245	0	0	0	0
16226	3.2452	0	0	0	0
16227	3.2454	0	0	0	0
16228	3.2456	0	0	0	0
16229	3.2458	0	0	0	0
16230	3.246	0	0	0	0
16231	3.2462	0	0	0	0
16232	3.2464	0	0	0	0
16233	3.2466	0	0	0	0
16234	3.2468	0	0	0	0
16235	3.247	0	0	0	0
16236	3.2472	0	0	0	0
16237	3.2474	0	0	0	0
16238	3.2476	0	0	0	0
16239	3.2478	0	0	0	0
16240	3.248	0	0	0	0
16241	3.2482	0	0	0	0
16242	3.2484	0	0	0	0
16243	3.2486	0	0	0	0
16244	3.2488	0	0	0	0
16245	3.249	0	0	0	0
16246	3.2492	0	0	0	0
16247	3.2494	0	0	0	0
16248	3.2496	0	0	0	0
16249	3.2498	0	0	0	0
16250	3.25	0	0	0	0
16251	3.2502	0	0	0	0
16252	3.2504	0	0	0	0
16253	3.2506	0	0	0	0
16254	3.2508	0	0	0	0
16255	3.251	0	0	0	0
16256	3.2512	0	0	0	0
16257	3.2514	0	0	0	0
16258	3.2516	0	0	0	0
16259	3.2518	0	0	0	0
16260	3.252	0	0	0	0
16261	3.2522	0	0	0	0
16262	3.2524	0	0	0	0
16263	3.2526	0	0	0	0
16264	3.2528	0	0	0	0
16265	3.253	0	0	0	0
16266	3.2532	0	0	0	0
16267	3.2534	0	0	0	0
16268	3.2536	0	0	0	0
16269	3.2538	0	0	0	0
16270	3.254	0	0	0	0
16271	3.2542	0	0	0	0
16272	3.2544	0	0	0	0
16273	3.2546	0	0	0	0
16274	3.2548	0	0	0	0
16275	3.255	0	0	0	0
16276	3.2552	0	0	0	0
16277	3.2554	0	0	0	0
16278	3.2556	0	0	0	0
16279	3.2558	0	0	0	0
16280	3.256	0	0	0	0
16281	3.2562	0	0	0	0
16282	3.2564	0	0	0	0
16283	3.2566	0	0	0	0
16284	3.2568	0	0	0	0
16285	3.257	0	0	0	0
16286	3.2572	0	0	0	0
16287	3.2574	0	0	0	0
16288	3.2576	0	0	0	0
16289	3.2578	0	0	0	0
16290	3.258	0	0	0	0
16291	3.2582	0	0	0	0
16292	3.2584	0	0	0	0
16293	3.2586	0	0	0	0
16294	3.2588	0	0	0	0
16295	3.259	0	0	0	0
16296	3.2592	0	0	0	0
16297	3.2594	0	0	0	0
16298	3.2596	0	0	0	0
16299	3.2598	0	0	0	0
16300	3.26	0	0	0	0
16301	3.2602	0	0	0	0
16302	3.2604	0	0	0	0
16303	3.2606	0	0	0	0
16304	3.2608	0	0	0	0
16305	3.261	0	0	0	0
16306	3.2612	0	0	0	0
16307	3.2614	0	0	0	0
16308	3.2616	0	0	0	0
16309	3.2618	0	0	0	0
16310	3.262	0	0	0	0
16311	3.2622	0	0	0	0
16312	3.2624	0	0	0	0
16313	3.2626	0	0	0	0
16314	3.2628	0	0	0	0
16315	3.263	0	0	0	0
16316	3.2632	0	0	0	0
16317	3.2634	0	0	0	0
16318	3.2636	0	0	0	0
16319	3.2638	0	0	0	0
16320	3.264	0	0	0	0
16321	3.2642	0	0	0	0
16322	3.2644	0	0	0	0
16323	3.2646	0	0	0	0
16324	3.2648	0	0	0	0
16325	3.265	0	0	0	0
16326	3.2652	0	0	0	0
16327	3.2654	0	0	0	0
16328	3.2656	0	0	0	0
16329	3.2658	0	0	0	0
16330	3.266	0	0	0	0
16331	3.2662	0	0	0	0
16332	3.2664	0	0	0	0
16333	3.2666	0	0	0	0
16334	3.2668	0	0	0	0
16335	3.267	0	0	0	0
16336	3.2672	0	0	0	0
16337	3.2674	0	0	0	0
16338	3.2676	0	0	0	0
16339	3.2678	0	0	0	0
16340	3.268	0	0	0	0
16341	3.2682	0	0	0	0
16342	3.2684	0	0	0	0
16343	3.2686	0	0	0	0
16344	3.2688	0	0	0	0
16345	3.269	0	0	0	0
16346	3.2692	0	0	0	0
16347	3.2694	0	0	0	0
16348	3.2696	0	0	0	0
16349	3.2698	0	0	0	0
16350	3.27	0	0	0	0
16351	3.2702	0	0	0	0
16352	3.2704	0	0	0	0
16353	3.2706	0	0	0	0
16354	3.2708	0	0	0	0
16355	3.271	0	0	0	0
16356	3.2712	0	0	0	0
16357	3.2714	0	0	0	0
16358	3.2716	0	0	0	0
16359	3.2718	0	0	0	0
16360	3.272	0	0	0	0
16361	3.2722	0	0	0	0
16362	3.2724	0	0	0	0
16363	3.2726	0	0	0	0
16364	3.2728	0	0	0	0
16365	3.273	0	0	0	0
16366	3.2732	0	0	0	0
16367	3.2734	0	0	0	0
16368	3.2736	0	0	0	0
16369	3.2738	0	0	0	0
16370	3.274	0	0	0	0
16371	3.2742	0	0	0	0
16372	3.2744	0	0	0	0
16373	3.2746	0	0	0	0
16374	3.2748	0	0	0	0
16375	3.275	0	0	0	0
16376	3.2752	0	0	0	0
16377	3.2754	0	0	0	0
16378	3.2756	0	0	0	0
16379	3.2758	0	0	0	0
16380	3.276	0	0	0	0
16381	3.2762	0	0	0	0
16382	3.2764	0	0	0	0
16383	3.2766	0	0	0	0
16384	3.2768	0	0	0	0
16385	3.277	0	0	0	0
16386	3.2772	0	0	0	0
16387	3.2774	0	0	0	0
16388	3.2776	0	0	0	0
16389	3.2778	0	0	0	0
16390	3.278	0	0	0	0
16391	3.2782	0	0	0	0
16392	3.2784	0	0	0	0
16393	3.2786	0	0	0	0
16394	3.2788	0	0	0	0
16395	3.279	0	0	0	0
16396	3.2792	0	0	0	0
16397	3.2794	0	0	0	0
16398	3.2796	0	0	0	0
16399	3.2798	0	0	0	0
16400	3.28	0	0	0	0
16401	3.2802	0	0	0	0
16402	3.2804	0	0	0	0
16403	3.2806	0	0	0	0
16404	3.2808	0	0	0	0
16405	3.281	0	0	0	0
16406	3.2812	0	0	0	0
16407	3.2814	0	0	0	0
16408	3.2816	0	0	0	0
16409	3.2818	0	0	0	0
16410	3.282	0	0	0	0
16411	3.2822	0	0	0	0
16412	3.2824	0	0	0	0
16413	3.2826	0	0	0	0
16414	3.2828	0	0	0	0
16415	3.283	0	0	0	0
16416	3.2832	0	0	0	0
16417	3.2834	0	0	0	0
16418	3.2836	0	0	0	0
16419	3.2838	0	0	0	0
16420	3.284	0	0	0	0
16421	3.2842	0	0	0	0
16422	3.2844	0	0	0	0
16423	3.2846	0	0	0	0
16424	3.2848	0	0	0	0
16425	3.285	0	0	0	0
16426	3.2852	0	0	0	0
16427	3.2854	0	0	0	0
16428	3.2856	0	0	0	0
16429	3.2858	0	0	0	0
16430	3.286	0	0	0	0
16431	3.2862	0	0	0	0
16432	3.2864	0	0	0	0
16433	3.2866	0	0	0	0
16434	3.2868	0	0	0	0
16435	3.287	0	0	0	0
16436	3.2872	0	0	0	0
16437	3.2874	0	0	0	0
16438	3.2876	0	0	0	0
16439	3.2878	0	0	0	0
16440	3.288	0	0	0	0
16441	3.2882	0	0	0	0
16442	3.2884	0	0	0	0
16443	3.2886	0	0	0	0
16444	3.2888	0	0	0	0
16445	3.289	0	0	0	0
16446	3.2892	0	0	0	0
16447	3.2894	0	0	0	0
16448	3.2896	0	0	0	0
16449	3.2898	0	0	0	0
16450	3.29	0	0	0	0
16451	3.2902	0	0	0	0
16452	3.2904	0	0	0	0
16453	3.2906	0	0	0	0
16454	3.2908	0	0	0	0
16455	3.291	0	0	0	0
16456	3.2912	0	0	0	0
16457	3.2914	0	0	0	0
16458	3.2916	0	0	0	0
16459	3.2918	0	0	0	0
16460	3.292	0	0	0	0
16461	3.2922	0	0	0	0
16462	3.2924	0	0	0	0
16463	3.2926	0	0	0	0
16464	3.2928	0	0	0	0
16465	3.293	0	0	0	0
16466	3.2932	0	0	0	0
16467	3.2934	0	0	0	0
16468	3.2936	0	0	0	0
16469	3.2938	0	0	0	0
16470	3.294	0	0	0	0
16471	3.2942	0	0	0	0
16472	3.2944	0	0	0	0
16473	3.2946	0	0	0	0
16474	3.2948	0	0	0	0
16475	3.295	0	0	0	0
16476	3.2952	0	0	0	0
16477	3.2954	0	0	0	0
16478	3.2956	0	0	0	0
16479	3.2958	0	0	0	0
16480	3.296	0	0	0	0
16481	3.2962	0	0	0	0
16482	3.2964	0	0	0	0
16483	3.2966	0	0	0	0
16484	3.2968	0	0	0	0
16485	3.297	0	0	0	0
16486	3.2972	0	0	0	0
16487	3.2974	0	0	0	0
16488	3.2976	0	0	0	0
16489	3.2978	0	0	0	0
16490	3.298	0	0	0	0
16491	3.2982	0	0	0	0
16492	3.2984	0	0	0	0
16493	3.2986	0	0	0	0
16494	3.2988	0	0	0	0
16495	3.299	0	0	0	0
16496	3.2992	0	0	0	0
16497	3.2994	0	0	0	0
16498	3.2996	0	0	0	0
16499	3.2998	0	0	0	0
16500	3.3	0	0	0	0
16501	3.3002	0	0	0	0
16502	3.3004	0	0	0	0
16503	3.3006	0	0	0	0
16504	3.3008	0	0	0	0
16505	3.301	0	0	0	0
16506	3.3012	0	0	0	0
16507	3.3014	0	0	0	0
16508	3.3016	0	0	0	0
16509	3.3018	0	0	0	0
16510	3.302	0	0	0	0
16511	3.3022	0	0	0	0
16512	3.3024	0	0	0	0
16513	3.3026	0	0	0	0
16514	3.3028	0	0	0	0
16515	3.303	0	0	0	0
16516	3.3032	0	0	0	0
16517	3.3034	0	0	0	0
16518	3.3036	0	0	0	0
16519	3.3038	0	0	0	0
16520	3.304	0	0	0	0
16521	3.3042	0	0	0	0
16522	3.3044	0	0	0	0
16523	3.3046	0	0	0	0
16524	3.3048	0	0	0	0
16525	3.305	0	0	0	0
16526	3.3052	0	0	0	0
16527	3.3054	0	0	0	0
16528	3.3056	0	0	0	0
16529	3.3058	0	0	0	0
16530	3.306	0	0	0	0
16531	3.3062	0	0	0	0
16532	3.3064	0	0	0	0
16533	3.3066	0	0	0	0
16534	3.3068	0	0	0	0
16535	3.307	0	0	0	0
16536	3.3072	0	0	0	0
16537	3.3074	0	0	0	0
16538	3.3076	0	0	0	0
16539	3.3078	0	0	0	0
16540	3.308	0	0	0	0
16541	3.3082	0	0	0	0
16542	3.3084	0	0	0	0
16543	3.3086	0	0	0	0
16544	3.3088	0	0	0	0
16545	3.309	0	0	0	0
16546	3.3092	0	0	0	0
16547	3.3094	0	0	0	0
16548	3.3096	0	0	0	0
16549	3.3098	0	0	0	0
16550	3.31	0	0	0	0
16551	3.3102	0	0	0	0
16552	3.3104	0	0	0	0
16553	3.3106	0	0	0	0
16554	3.3108	0	0	0	0
16555	3.311	0	0	0	0
16556	3.3112	0	0	0	0
16557	3.3114	0	0	0	0
16558	3.3116	0	0	0	0
16559	3.3118	0	0	0	0
16560	3.312	0	0	0	0
16561	3.3122	0	0	0	0
16562	3.3124	0	0	0	0
16563	3.3126	0	0	0	0
16564	3.3128	0	0	0	0
16565	3.313	0	0	0	0
16566	3.3132	0	0	0	0
16567	3.3134	0	0	0	0
16568	3.3136	0	0	0	0
16569	3.3138	0	0	0	0
16570	3.314	0	0	0	0
16571	3.3142	0	0	0	0
16572	3.3144	0	0	0	0
16573	3.3146	0	0	0	0
16574	3.3148	0	0	0	0
16575	3.315	0	0	0	0
16576	3.3152	0	0	0	0
16577	3.3154	0	0	0	0
16578	3.3156	0	0	0	0
16579	3.3158	0	0	0	0
16580	3.316	0	0	0	0
16581	3.3162	0	0	0	0
16582	3.3164	0	0	0	0
16583	3.3166	0	0	0	0
16584	3.3168	0	0	0	0
16585	3.317	0	0	0	0
16586	3.3172	0	0	0	0
16587	3.3174	0	0	0	0
16588	3.3176	0	0	0	0
16589	3.3178	0	0	0	0
16590	3.318	0	0	0	0
16591	3.3182	0	0	0	0
16592	3.3184	0	0	0	0
16593	3.3186	0	0	0	0
16594	3.3188	0	0	0	0
16595	3.319	0	0	0	0
16596	3.3192	0	0	0	0
16597	3.3194	0	0	0	0
16598	3.3196	0	0	0	0
16599	3.3198	0	0	0	0
16600	3.32	0	0	0	0
16601	3.3202	0	0	0	0
16602	3.3204	0	0	0	0
16603	3.3206	0	0	0	0
16604	3.3208	0	0	0	0
16605	3.321	0	0	0	0
16606	3.3212	0	0	0	0
16607	3.3214	0	0	0	0
16608	3.3216	0	0	0	0
16609	3.3218	0	0	0	0
16610	3.322	0	0	0	0
16611	3.3222	0	0	0	0
16612	3.3224	0	0	0	0
16613	3.3226	0	0	0	0
16614	3.3228	0	0	0	0
16615	3.323	0	0	0	0
16616	3.3232	0	0	0	0
16617	3.3234	0	0	0	0
16618	3.3236	0	0	0	0
16619	3.3238	0	0	0	0
16620	3.324	0	0	0	0
16621	3.3242	0	0	0	0
16622	3.3244	0	0	0	0
16623	3.3246	0	0	0	0
16624	3.3248	0	0	0	0
16625	3.325	0	0	0	0
16626	3.3252	0	0	0	0
16627	3.3254	0	0	0	0
16628	3.3256	0	0	0	0
16629	3.3258	0	0	0	0
16630	3.326	0	0	0	0
16631	3.3262	0	0	0	0
16632	3.3264	0	0	0	0
16633	3.3266	0	0	0	0
16634	3.3268	0	0	0	0
16635	3.327	0	0	0	0
16636	3.3272	0	0	0	0
16637	3.3274	0	0	0	0
16638	3.3276	0	0	0	0
16639	3.3278	0	0	0	0
16640	3.328	0	0	0	0
16641	3.3282	0	0	0	0
16642	3.3284	0	0	0	0
16643	3.3286	0	0	0	0
16644	3.3288	0	0	0	0
16645	3.329	0	0	0	0
16646	3.3292	0	0	0	0
16647	3.3294	0	0	0	0
16648	3.3296	0	0	0	0
16649	3.3298	0	0	0	0
16650	3.33	0	0	0	0
16651	3.3302	0	0	0	0
16652	3.3304	0	0	0	0
16653	3.3306	0	0	0	0
16654	3.3308	0	0	0	0
16655	3.331	0	0	0	0
16656	3.3312	0	0	0	0
16657	3.3314	0	0	0	0
16658	3.3316	0	0	0	0
16659	3.3318	0	0	0	0
16660	3.332	0	0	0	0
16661	3.3322	0	0	0	0
16662	3.3324	0	0	0	0
16663	3.3326	0	0	0	0
16664	3.3328	0	0	0	0
16665	3.333	0	0	0	0
16666	3.3332	0	0	0	0
16667	3.3334	0	0	0	0
16668	3.3336	0	0	0	0
16669	3.3338	0	0	0	0
16670	3.334	0	0	0	0
16671	3.3342	0	0	0	0
16672	3.3344	0	0	0	0
16673	3.3346	0	0	0	0
16674	3.3348	0	0	0	0
16675	3.335	0	0	0	0
16676	3.3352	0	0	0	0
16677	3.3354	0	0	0	0
16678	3.3356	0	0	0	0
16679	3.3358	0	0	0	0
16680	3.336	0	0	0	0
16681	3.3362	0	0	0	0
16682	3.3364	0	0	0	0
16683	3.3366	0	0	0	0
16684	3.3368	0	0	0	0
16685	3.337	0	0	0	0
16686	3.3372	0	0	0	0
16687	3.3374	0	0	0	0
16688	3.3376	0	0	0	0
16689	3.3378	0	0	0	0
16690	3.338	0	0	0	0
16691	3.3382	0	0	0	0
16692	3.3384	0	0	0	0
16693	3.3386	0	0	0	0
16694	3.3388	0	0	0	0
16695	3.339	0	0	0	0
16696	3.3392	0	0	0	0
16697	3.3394	0	0	0	0
16698	3.3396	0	0	0	0
16699	3.3398	0	0	0	0
16700	3.34	0	0	0	0
16701	3.3402	0	0	0	0
16702	3.3404	0	0	0	0
16703	3.3406	0	0	0	0
16704	3.3408	0	0	0	0
16705	3.341	0	0	0	0
16706	3.3412	0	0	0	0
16707	3.3414	0	0	0	0
16708	3.3416	0	0	0	0
16709	3.3418	0	0	0	0
16710	3.342	0	0	0	0
16711	3.3422	0	0	0	0
16712	3.3424	0	0	0	0
16713	3.3426	0	0	0	0
16714	3.3428	0	0	0	0
16715	3.343	0	0	0	0
16716	3.3432	0	0	0	0
16717	3.3434	0	0	0	0
16718	3.3436	0	0	0	0
16719	3.3438	0	0	0	0
16720	3.344	0	0	0	0
16721	3.3442	0	0	0	0
16722	3.3444	0	0	0	0
16723	3.3446	0	0	0	0
16724	3.3448	0	0	0	0
16725	3.345	0	0	0	0
16726	3.3452	0	0	0	0
16727	3.3454	0	0	0	0
16728	3.3456	0	0	0	0
16729	3.3458	0	0	0	0
16730	3.346	0	0	0	0
16731	3.3462	0	0	0	0
16732	3.3464	0	0	0	0
16733	3.3466	0	0	0	0
16734	3.3468	0	0	0	0
16735	3.347	0	0	0	0
16736	3.3472	0	0	0	0
16737	3.3474	0	0	0	0
16738	3.3476	0	0	0	0
16739	3.3478	0	0	0	0
16740	3.348	0	0	0	0
16741	3.3482	0	0	0	0
16742	3.3484	0	0	0	0
16743	3.3486	0	0	0	0
16744	3.3488	0	0	0	0
16745	3.349	0	0	0	0
16746	3.3492	0	0	0	0
16747	3.3494	0	0	0	0
16748	3.3496	0	0	0	0
16749	3.3498	0	0	0	0
16750	3.35	0	0	0	0
16751	3.3502	0	0	0	0
16752	3.3504	0	0	0	0
16753	3.3506	0	0	0	0
16754	3.3508	0	0	0	0
16755	3.351	0	0	0	0
16756	3.3512	0	0	0	0
16757	3.3514	0	0	0	0
16758	3.3516	0	0	0	0
16759	3.3518	0	0	0	0
16760	3.352	0	0	0	0
16761	3.3522	0	0	0	0
16762	3.3524	0	0	0	0
16763	3.3526	0	0	0	0
16764	3.3528	0	0	0	0
16765	3.353	0	0	0	0
16766	3.3532	0	0	0	0
16767	3.3534	0	0	0	0
16768	3.3536	0	0	0	0
16769	3.3538	0	0	0	0
16770	3.354	0	0	0	0
16771	3.3542	0	0	0	0
16772	3.3544	0	0	0	0
16773	3.3546	0	0	0	0
16774	3.3548	0	0	0	0
16775	3.355	0	0	0	0
16776	3.3552	0	0	0	0
16777	3.3554	0	0	0	0
16778	3.3556	0	0	0	0
16779	3.3558	0	0	0	0
16780	3.356	0	0	0	0
16781	3.3562	0	0	0	0
16782	3.3564	0	0	0	0
16783	3.3566	0	0	0	0
16784	3.3568	0	0	0	0
16785	3.357	0	0	0	0
16786	3.3572	0	0	0	0
16787	3.3574	0	0	0	0
16788	3.3576	0	0	0	0
16789	3.3578	0	0	0	0
16790	3.358	0	0	0	0
16791	3.3582	0	0	0	0
16792	3.3584	0	0	0	0
16793	3.3586	0	0	0	0
16794	3.3588	0	0	0	0
16795	3.359	0	0	0	0
16796	3.3592	0	0	0	0
16797	3.3594	0	0	0	0
16798	3.3596	0	0	0	0
16799	3.3598	0	0	0	0
16800	3.36	0	0	0	0
16801	3.3602	0	0	0	0
16802	3.3604	0	0	0	0
16803	3.3606	0	0	0	0
16804	3.3608	0	0	0	0
16805	3.361	0	0	0	0
16806	3.3612	0	0	0	0
16807	3.3614	0	0	0	0
16808	3.3616	0	0	0	0
16809	3.3618	0	0	0	0
16810	3.362	0	0	0	0
16811	3.3622	0	0	0	0
16812	3.3624	0	0	0	0
16813	3.3626	0	0	0	0
16814	3.3628	0	0	0	0
16815	3.363	0	0	0	0
16816	3.3632	0	0	0	0
16817	3.3634	0	0	0	0
16818	3.3636	0	0	0	0
16819	3.3638	0	0	0	0
16820	3.364	0	0	0	0
16821	3.3642	0	0	0	0
16822	3.3644	0	0	0	0
16823	3.3646	0	0	0	0
16824	3.3648	0	0	0	0
16825	3.365	0	0	0	0
16826	3.3652	0	0	0	0
16827	3.3654	0	0	0	0
16828	3.3656	0	0	0	0
16829	3.3658	0	0	0	0
16830	3.366	0	0	0	0
16831	3.3662	0	0	0	0
16832	3.3664	0	0	0	0
16833	3.3666	0	0	0	0
16834	3.3668	0	0	0	0
16835	3.367	0	0	0	0
16836	3.3672	0	0	0	0
16837	3.3674	0	0	0	0
16838	3.3676	0	0	0	0
16839	3.3678	0	0	0	0
16840	3.368	0	0	0	0
16841	3.3682	0	0	0	0
16842	3.3684	0	0	0	0
16843	3.3686	0	0	0	0
16844	3.3688	0	0	0	0
16845	3.369	0	0	0	0
16846	3.3692	0	0	0	0
16847	3.3694	0	0	0	0
16848	3.3696	0	0	0	0
16849	3.3698	0	0	0	0
16850	3.37	0	0	0	0
16851	3.3702	0	0	0	0
16852	3.3704	0	0	0	0
16853	3.3706	0	0	0	0
16854	3.3708	0	0	0	0
16855	3.371	0	0	0	0
16856	3.3712	0	0	0	0
16857	3.3714	0	0	0	0
16858	3.3716	0	0	0	0
16859	3.3718	0	0	0	0
16860	3.372	0	0	0	0
16861	3.3722	0	0	0	0
16862	3.3724	0	0	0	0
16863	3.3726	0	0	0	0
16864	3.3728	0	0	0	0
16865	3.373	0	0	0	0
16866	3.3732	0	0	0	0
16867	3.3734	0	0	0	0
16868	3.3736	0	0	0	0
16869	3.3738	0	0	0	0
16870	3.374	0	0	0	0
16871	3.3742	0	0	0	0
16872	3.3744	0	0	0	0
16873	3.3746	0	0	0	0
16874	3.3748	0	0	0	0
16875	3.375	0	0	0	0
16876	3.3752	0	0	0	0
16877	3.3754	0	0	0	0
16878	3.3756	0	0	0	0
16879	3.3758	0	0	0	0
16880	3.376	0	0	0	0
16881	3.3762	0	0	0	0
16882	3.3764	0	0	0	0
16883	3.3766	0	0	0	0
16884	3.3768	0	0	0	0
16885	3.377	0	0	0	0
16886	3.3772	0	0	0	0
16887	3.3774	0	0	0	0
16888	3.3776	0	0	0	0
16889	3.3778	0	0	0	0
16890	3.378	0	0	0	0
16891	3.3782	0	0	0	0
16892	3.3784	0	0	0	0
16893	3.3786	0	0	0	0
16894	3.3788	0	0	0	0
16895	3.379	0	0	0	0
16896	3.3792	0	0	0	0
16897	3.3794	0	0	0	0
16898	3.3796	0	0	0	0
16899	3.3798	0	0	0	0
16900	3.38	0	0	0	0
16901	3.3802	0	0	0	0
16902	3.3804	0	0	0	0
16903	3.3806	0	0	0	0
16904	3.3808	0	0	0	0
16905	3.381	0	0	0	0
16906	3.3812	0	0	0	0
16907	3.3814	0	0	0	0
16908	3.3816	0	0	0	0
16909	3.3818	0	0	0	0
16910	3.382	0	0	0	0
16911	3.3822	0	0	0	0
16912	3.3824	0	0	0	0
16913	3.3826	0	0	0	0
16914	3.3828	0	0	0	0
16915	3.383	0	0	0	0
16916	3.3832	0	0	0	0
16917	3.3834	0	0	0	0
16918	3.3836	0	0	0	0
16919	3.3838	0	0	0	0
16920	3.384	0	0	0	0
16921	3.3842	0	0	0	0
16922	3.3844	0	0	0	0
16923	3.3846	0	0	0	0
16924	3.3848	0	0	0	0
16925	3.385	0	0	0	0
16926	3.3852	0	0	0	0
16927	3.3854	0	0	0	0
16928	3.3856	0	0	0	0
16929	3.3858	0	0	0	0
16930	3.386	0	0	0	0
16931	3.3862	0	0	0	0
16932	3.3864	0	0	0	0
16933	3.3866	0	0	0	0
16934	3.3868	0	0	0	0
16935	3.387	0	0	0	0
16936	3.3872	0	0	0	0
16937	3.3874	0	0	0	0
16938	3.3876	0	0	0	0
16939	3.3878	0	0	0	0
16940	3.388	0	0	0	0
16941	3.3882	0	0	0	0
16942	3.3884	0	0	0	0
16943	3.3886	0	0	0	0
16944	3.3888	0	0	0	0
16945	3.389	0	0	0	0
16946	3.3892	0	0	0	0
16947	3.3894	0	0	0	0
16948	3.3896	0	0	0	0
16949	3.3898	0	0	0	0
16950	3.39	0	0	0	0
16951	3.3902	0	0	0	0
16952	3.3904	0	0	0	0
16953	3.3906	0	0	0	0
16954	3.3908	0	0	0	0
16955	3.391	0	0	0	0
16956	3.3912	0	0	0	0
16957	3.3914	0	0	0	0
16958	3.3916	0	0	0	0
16959	3.3918	0	0	0	0
16960	3.392	0	0	0	0
16961	3.3922	0	0	0	0
16962	3.3924	0	0	0	0
16963	3.3926	0	0	0	0
16964	3.3928	0	0	0	0
16965	3.393	0	0	0	0
16966	3.3932	0	0	0	0
16967	3.3934	0	0	0	0
16968	3.3936	0	0	0	0
16969	3.3938	0	0	0	0
16970	3.394	0	0	0	0
16971	3.3942	0	0	0	0
16972	3.3944	0	0	0	0
16973	3.3946	0	0	0	0
16974	3.3948	0	0	0	0
16975	3.395	0	0	0	0
16976	3.3952	0	0	0	0
16977	3.3954	0	0	0	0
16978	3.3956	0	0	0	0
16979	3.3958	0	0	0	0
16980	3.396	0	0	0	0
16981	3.3962	0	0	0	0
16982	3.3964	0	0	0	0
16983	3.3966	0	0	0	0
16984	3.3968	0	0	0	0
16985	3.397	0	0	0	0
16986	3.3972	0	0	0	0
16987	3.3974	0	0	0	0
16988	3.3976	0	0	0	0
16989	3.3978	0	0	0	0
16990	3.398	0	0	0	0
16991	3.3982	0	0	0	0
16992	3.3984	0	0	0	0
16993	3.3986	0	0	0	0
16994	3.3988	0	0	0	0
16995	3.399	0	0	0	0
16996	3.3992	0	0	0	0
16997	3.3994	0	0	0	0
16998	3.3996	0	0	0	0
16999	3.3998	0	0	0	0
17000	3.4	0	0	0	0
17001	3.4002	0	0	0	0
17002	3.4004	0	0	0	0
17003	3.4006	0	0	0	0
17004	3.4008	0	0	0	0
17005	3.401	0	0	0	0
17006	3.4012	0	0	0	0
17007	3.4014	0	0	0	0
17008	3.4016	0	0	0	0
17009	3.4018	0	0	0	0
17010	3.402	0	0	0	0
17011	3.4022	0	0	0	0
17012	3.4024	0	0	0	0
17013	3.4026	0	0	0	0
17014	3.4028	0	0	0	0
17015	3.403	0	1	0	0
17016	3.4032	0	1	0	0
17017	3.4034	0	1	0	0
17018	3.4036	0	1	0	0
17019	3.4038	0	1	0	0
17020	3.404	0	1	0	0
17021	3.4042	0	1	0	0
17022	3.4044	0	1	0	0
17023	3.4046	0	1	0	0
17024	3.4048	0	1	0	0
17025	3.405	0	1	0	0
17026	3.4052	0	1	0	0
17027	3.4054	0	1	0	0
17028	3.4056	0	1	0	0
17029	3.4058	0	1	0	0
17030	3.406	0	1	0	0
17031	3.4062	0	1	0	0
17032	3.4064	0	1	0	0
17033	3.4066	0	1	0	0
17034	3.4068	0	1	0	0
17035	3.407	0	1	0	0
17036	3.4072	0	1	0	0
17037	3.4074	0	1	0	0
17038	3.4076	0	1	0	0
17039	3.4078	0	1	0	0
17040	3.408	0	1	0	0
17041	3.4082	0	1	0	0
17042	3.4084	0	1	0	0
17043	3.4086	0	1	0	0
17044	3.4088	0	1	0	0
17045	3.409	0	1	0	0
17046	3.4092	0	1	0	0
17047	3.4094	0	1	0	0
17048	3.4096	0	1	0	0
17049	3.4098	0	1	0	0
17050	3.41	0	1	0	0
17051	3.4102	0	1	0	0
17052	3.4104	0	1	0	0
17053	3.4106	0	1	0	0
17054	3.4108	0	1	0	0
17055	3.411	0	1	0	0
17056	3.4112	0	1	0	0
17057	3.4114	0	1	0	0
17058	3.4116	0	1	0	0
17059	3.4118	0	1	0	0
17060	3.412	0	1	0	0
17061	3.4122	0	1	0	0
17062	3.4124	0	1	0	0
17063	3.4126	0	1	0	0
17064	3.4128	0	1	0	0
17065	3.413	0	1	0	0
17066	3.4132	0	1	0	0
17067	3.4134	0	1	0	0
17068	3.4136	0	1	0	0
17069	3.4138	0	1	0	0
17070	3.414	0	1	0	0
17071	3.4142	0	1	0	0
17072	3.4144	0	1	0	0
17073	3.4146	0	1	0	0
17074	3.4148	0	1	0	0
17075	3.415	0	1	0	0
17076	3.4152	0	1	0	0
17077	3.4154	0	1	0	0
17078	3.4156	0	1	0	0
17079	3.4158	0	1	0	0
17080	3.416	0	1	0	0
17081	3.4162	0	1	0	0
17082	3.4164	0	1	0	0
17083	3.4166	0	1	0	0
17084	3.4168	0	1	0	0
17085	3.417	0	1	0	0
17086	3.4172	0	1	0	0
17087	3.4174	0	1	0	0
17088	3.4176	0	1	0	0
17089	3.4178	0	1	0	0
17090	3.418	0	1	0	0
17091	3.4182	0	1	0	0
17092	3.4184	0	1	0	0
17093	3.4186	0	1	0	0
17094	3.4188	0	1	0	0
17095	3.419	0	1	0	0
17096	3.4192	0	1	0	0
17097	3.4194	0	1	0	0
17098	3.4196	0	1	0	0
17099	3.4198	0	1	0	0
17100	3.42	0	1	0	0
17101	3.4202	0	1	0	0
17102	3.4204	0	1	0	0
17103	3.4206	0	1	0	0
17104	3.4208	0	1	0	0
17105	3.421	0	1	0	0
17106	3.4212	0	1	0	0
17107	3.4214	0	1	0	0
17108	3.4216	0	1	0	0
17109	3.4218	0	1	0	0
17110	3.422	0	1	0	0
17111	3.4222	0	1	0	0
17112	3.4224	0	1	0	0
17113	3.4226	0	1	0	0
17114	3.4228	0	1	0	0
17115	3.423	0	1	0	0
17116	3.4232	0	1	0	0
17117	3.4234	0	1	0	0
17118	3.4236	0	1	0	0
17119	3.4238	0	1	0	0
17120	3.424	0	1	0	0
17121	3.4242	0	1	0	0
17122	3.4244	0	1	0	0
17123	3.4246	0	1	0	0
17124	3.4248	0	1	0	0
17125	3.425	0	1	0	0
17126	3.4252	0	1	0	0
17127	3.4254	0	1	0	0
17128	3.4256	0	1	0	0
17129	3.4258	0	1	0	0
17130	3.426	0	1	0	0
17131	3.4262	0	1	0	0
17132	3.4264	0	1	0	0
17133	3.4266	0	1	0	0
17134	3.4268	0	1	0	0
17135	3.427	0	1	0	0
17136	3.4272	0	1	0	0
17137	3.4274	0	1	0	0
17138	3.4276	0	1	0	0
17139	3.4278	0	1	0	0
17140	3.428	0	1	0	0
17141	3.4282	0	1	0	0
17142	3.4284	0	1	0	0
17143	3.4286	0	1	0	0
17144	3.4288	0	1	0	0
17145	3.429	0	1	0	0
17146	3.4292	0	1	0	0
17147	3.4294	0	1	0	0
17148	3.4296	0	1	0	0
17149	3.4298	0	1	0	0
17150	3.43	0	1	0	0
17151	3.4302	0	1	0	0
17152	3.4304	0	1	0	0
17153	3.4306	0	1	0	0
17154	3.4308	0	1	0	0
17155	3.431	0	1	0	0
17156	3.4312	0	1	0	0
17157	3.4314	0	1	0	0
17158	3.4316	0	1	0	0
17159	3.4318	0	1	0	0
17160	3.432	0	1	0	0
17161	3.4322	0	1	0	0
17162	3.4324	0	1	0	0
17163	3.4326	0	1	0	0
17164	3.4328	0	1	0	0
17165	3.433	0	1	0	0
17166	3.4332	0	1	0	0
17167	3.4334	0	1	0	0
17168	3.4336	0	1	0	0
17169	3.4338	0	1	0	0
17170	3.434	0	1	0	0
17171	3.4342	0	1	0	0
17172	3.4344	0	1	0	0
17173	3.4346	0	1	0	0
17174	3.4348	0	1	0	0
17175	3.435	0	1	0	0
17176	3.4352	0	1	0	0
17177	3.4354	0	1	0	0
17178	3.4356	0	1	0	0
17179	3.4358	0	1	0	0
17180	3.436	0	1	0	0
17181	3.4362	0	1	0	0
17182	3.4364	0	1	0	0
17183	3.4366	0	1	0	0
17184	3.4368	0	1	0	0
17185	3.437	0	1	0	0
17186	3.4372	0	1	0	0
17187	3.4374	0	1	0	0
17188	3.4376	0	1	0	0
17189	3.4378	0	1	0	0
17190	3.438	0	1	0	0
17191	3.4382	0	1	0	0
17192	3.4384	0	1	0	0
17193	3.4386	0	1	0	0
17194	3.4388	0	1	0	0
17195	3.439	0	1	0	0
17196	3.4392	0	1	0	0
17197	3.4394	0	1	0	0
17198	3.4396	0	1	0	0
17199	3.4398	0	1	0	0
17200	3.44	0	1	0	0
17201	3.4402	0	1	0	0
17202	3.4404	0	1	0	0
17203	3.4406	0	1	0	0
17204	3.4408	0	1	0	0
17205	3.441	0	1	0	0
17206	3.4412	0	1	0	0
17207	3.4414	0	1	0	0
17208	3.4416	0	1	0	0
17209	3.4418	0	1	0	0
17210	3.442	0	1	0	0
17211	3.4422	0	1	0	0
17212	3.4424	0	1	0	0
17213	3.4426	0	1	0	0
17214	3.4428	0	1	0	0
17215	3.443	0	1	0	0
17216	3.4432	0	1	0	0
17217	3.4434	0	1	0	0
17218	3.4436	0	1	0	0
17219	3.4438	0	1	0	0
17220	3.444	0	2	0	0
17221	3.4442	0	2	0	0
17222	3.4444	0	2	0	0
17223	3.4446	0	2	0	0
17224	3.4448	0	2	0	0
17225	3.445	0	2	0	0
17226	3.4452	0	2	0	0
17227	3.4454	0	2	0	0
17228	3.4456	0	2	0	0
17229	3.4458	0	2	0	0
17230	3.446	0	2	0	0
17231	3.4462	0	2	0	0
17232	3.4464	0	2	0	0
17233	3.4466	0	2	0	0
17234	3.4468	0	2	0	0
17235	3.447	0	2	0	0
17236	3.4472	0	2	0	0
17237	3.4474	0	2	0	0
17238	3.4476	0	2	0	0
17239	3.4478	0	2	0	0
17240	3.448	0	2	0	0
17241	3.4482	0	2	0	0
17242	3.4484	0	2	0	0
17243	3.4486	0	2	0	0
17244	3.4488	0	2	0	0
17245	3.449	0	2	0	0
17246	3.4492	0	2	0	0
17247	3.4494	0	2	0	0
17248	3.4496	0	2	0	0
17249	3.4498	0	2	0	0
17250	3.45	0	2	0	0
17251	3.4502	0	2	0	0
17252	3.4504	0	2	0	0
17253	3.4506	0	2	0	0
17254	3.4508	0	2	0	0
17255	3.451	0	2	0	0
17256	3.4512	0	2	0	0
17257	3.4514	0	2	0	0
17258	3.4516	0	2	0	0
17259	3.4518	0	2	0	0
17260	3.452	0	2	0	0
17261	3.4522	0	2	0	0
17262	3.4524	0	2	0	0
17263	3.4526	0	2	0	0
17264	3.4528	0	2	0	0
17265	3.453	0	2	0	0
17266	3.4532	0	2	0	0
17267	3.4534	0	2	0	0
17268	3.4536	0	2	0	0
17269	3.4538	0	2	0	0
17270	3.454	0	2	0	0
17271	3.4542	0	2	0	0
17272	3.4544	0	2	0	0
17273	3.4546	0	2	0	0
17274	3.4548	0	2	0	0
17275	3.455	0	2	0	0
17276	3.4552	0	2	0	0
17277	3.4554	0	2	0	0
17278	3.4556	0	2	0	0
17279	3.4558	0	2	0	0
17280	3.456	0	2	0	0
17281	3.4562	0	2	0	0
17282	3.4564	0	2	0	0
17283	3.4566	0	2	0	0
17284	3.4568	0	2	0	0
17285	3.457	0	2	0	0
17286	3.4572	0	2	0	0
17287	3.4574	0	2	0	0
17288	3.4576	0	2	0	0
17289	3.4578	0	2	0	0
17290	3.458	0	2	0	0
17291	3.4582	0	2	0	0
17292	3.4584	0	2	0	0
17293	3.4586	0	2	0	0
17294	3.4588	0	2	0	0
17295	3.459	0	2	0	0
17296	3.4592	0	2	0	0
17297	3.4594	0	2	0	0
17298	3.4596	0	2	0	0
17299	3.4598	0	2	0	0
17300	3.46	0	2	0	0
17301	3.4602	0	2	0	0
17302	3.4604	0	2	0	0
17303	3.4606	0	2	0	0
17304	3.4608	0	2	0	0
17305	3.461	0	2	0	0
17306	3.4612	0	2	0	0
17307	3.4614	0	2	0	0
17308	3.4616	0	2	0	0
17309	3.4618	0	2	0	0
17310	3.462	0	2	0	0
17311	3.4622	0	2	0	0
17312	3.4624	0	2	0	0
17313	3.4626	0	2	0	0
17314	3.4628	0	2	0	0
17315	3.463	0	2	0	0
17316	3.4632	0	2	0	0
17317	3.4634	0	2	0	0
17318	3.4636	0	2	0	0
17319	3.4638	0	2	0	0
17320	3.464	0	2	0	0
17321	3.4642	0	2	0	0
17322	3.4644	0	2	0	0
17323	3.4646	0	2	0	0
17324	3.4648	0	2	0	0
17325	3.465	0	2	0	0
17326	3.4652	0	2	0	0
17327	3.4654	0	2	0	0
17328	3.4656	0	2	0	0
17329	3.4658	0	2	0	0
17330	3.466	0	2	0	0
17331	3.4662	0	2	0	0
17332	3.4664	0	2	0	0
17333	3.4666	0	2	0	0
17334	3.4668	0	2	0	0
17335	3.467	0	2	0	0
17336	3.4672	0	2	0	0
17337	3.4674	0	2	0	0
17338	3.4676	0	2	0	0
17339	3.4678	0	2	0	0
17340	3.468	0	2	0	0
17341	3.4682	0	2	0	0
17342	3.4684	0	2	0	0
17343	3.4686	0	2	0	0
17344	3.4688	0	2	0	0
17345	3.469	0	2	0	0
17346	3.4692	0	2	0	0
17347	3.4694	0	2	0	0
17348	3.4696	0	2	0	0
17349	3.4698	0	2	0	0
17350	3.47	0	2	0	0
17351	3.4702	0	2	0	0
17352	3.4704	0	2	0	0
17353	3.4706	0	2	0	0
17354	3.4708	0	2	0	0
17355	3.471	0	2	0	1
17356	3.4712	0	2	0	1
17357	3.4714	0	2	0	1
17358	3.4716	0	2	0	1
17359	3.4718	0	2	0	1
17360	3.472	0	2	0	1
17361	3.4722	0	2	0	1
17362	3.4724	0	2	0	1
17363	3.4726	0	2	0	1
17364	3.4728	0	2	0	1
17365	3.473	0	2	0	1
17366	3.4732	0	2	0	1
17367	3.4734	0	2	0	1
17368	3.4736	0	2	0	1
17369	3.4738	0	2	0	1
17370	3.474	0	2	0	1
17371	3.4742	0	2	0	1
17372	3.4744	0	2	0	1
17373	3.4746	0	2	0	1
17374	3.4748	0	2	0	1
17375	3.475	0	2	0	1
17376	3.4752	0	2	0	1
17377	3.4754	0	2	0	1
17378	3.4756	0	2	0	1
17379	3.4758	0	2	0	1
17380	3.476	0	2	0	1
17381	3.4762	0	2	0	1
17382	3.4764	0	2	0	1
17383	3.4766	0	2	0	1
17384	3.4768	0	2	0	1
17385	3.477	0	2	0	1
17386	3.4772	0	2	0	1
17387	3.4774	0	2	0	1
17388	3.4776	0	2	0	1
17389	3.4778	0	2	0	1
17390	3.478	0	2	0	1
17391	3.4782	0	2	0	1
17392	3.4784	0	2	0	1
17393	3.4786	0	2	0	1
17394	3.4788	0	2	0	1
17395	3.479	0	2	0	1
17396	3.4792	0	2	0	1
17397	3.4794	0	2	0	1
17398	3.4796	0	2	0	1
17399	3.4798	0	2	0	1
17400	3.48	0	2	0	1
17401	3.4802	0	2	0	1
17402	3.4804	0	2	0	1
17403	3.4806	0	2	0	1
17404	3.4808	0	2	0	1
17405	3.481	0	2	0	1
17406	3.4812	0	2	0	1
17407	3.4814	0	2	0	1
17408	3.4816	0	2	0	1
17409	3.4818	0	2	0	1
17410	3.482	0	2	0	1
17411	3.4822	0	2	0	1
17412	3.4824	0	2	0	1
17413	3.4826	0	2	0	1
17414	3.4828	0	2	0	1
17415	3.483	0	2	0	1
17416	3.4832	0	2	0	1
17417	3.4834	0	2	0	1
17418	3.4836	0	2	0	1
17419	3.4838	0	2	0	1
17420	3.484	0	2	0	1
17421	3.4842	0	2	0	1
17422	3.4844	0	2	0	1
17423	3.4846	0	2	0	1
17424	3.4848	0	2	0	1
17425	3.485	0	2	0	1
17426	3.4852	0	2	0	1
17427	3.4854	0	2	0	1
17428	3.4856	0	2	0	1
17429	3.4858	0	2	0	1
17430	3.486	0	2	0	1
17431	3.4862	0	2	0	1
17432	3.4864	0	2	0	1
17433	3.4866	0	2	0	1
17434	3.4868	0	2	0	1
17435	3.487	0	2	0	1
17436	3.4872	0	2	0	1
17437	3.4874	0	2	0	1
17438	3.4876	0	2	0	1
17439	3.4878	0	2	0	1
17440	3.488	0	2	0	1
17441	3.4882	0	2	0	1
17442	3.4884	0	2	0	1
17443	3.4886	0	2	0	1
17444	3.4888	0	2	0	1
17445	3.489	0	2	0	1
17446	3.4892	0	2	0	1
17447	3.4894	0	2	0	1
17448	3.4896	0	2	0	1
17449	3.4898	0	2	0	1
17450	3.49	0	2	0	1
17451	3.4902	0	2	0	1
17452	3.4904	0	2	0	1
17453	3.4906	0	2	0	1
17454	3.4908	0	2	0	1
17455	3.491	0	2	0	1
17456	3.4912	0	2	0	1
17457	3.4914	0	2	0	1
17458	3.4916	0	2	0	1
17459	3.4918	0	2	0	1
17460	3.492	0	2	0	1
17461	3.4922	0	2	0	1
17462	3.4924	0	2	0	1
17463	3.4926	0	2	0	1
17464	3.4928	0	2	0	1
17465	3.493	0	2	0	1
17466	3.4932	0	2	0	1
17467	3.4934	0	2	0	1
17468	3.4936	0	2	0	1
17469	3.4938	0	2	0	1
17470	3.494	0	2	0	1
17471	3.4942	0	2	0	1
17472	3.4944	0	2	0	1
17473	3.4946	0	2	0	1
17474	3.4948	0	2	0	1
17475	3.495	0	2	0	1
17476	3.4952	0	2	0	1
17477	3.4954	0	2	0	1
17478	3.4956	0	2	0	1
17479	3.4958	0	2	0	1
17480	3.496	0	2	0	1
17481	3.4962	0	2	0	1
17482	3.4964	0	2	0	1
17483	3.4966	0	2	0	1
17484	3.4968	0	2	0	1
17485	3.497	0	2	0	1
17486	3.4972	0	2	0	1
17487	3.4974	0	2	0	1
17488	3.4976	0	2	0	1
17489	3.4978	0	2	0	1
17490	3.498	0	2	0	1
17491	3.4982	0	2	0	1
17492	3.4984	0	2	0	1
17493	3.4986	0	2	0	1
17494	3.4988	0	2	0	1
17495	3.499	0	2	0	1
17496	3.4992	0	2	0	1
17497	3.4994	0	2	0	1
17498	3.4996	0	2	0	1
17499	3.4998	0	2	0	1
17500	3.5	0	2	0	1
17501	3.5002	0	2	0	1
17502	3.5004	0	2	0	1
17503	3.5006	0	2	0	1
17504	3.5008	0	2	0	1
17505	3.501	0	2	0	1
17506	3.5012	0	2	0	1
17507	3.5014	0	2	0	1
17508	3.5016	0	2	0	1
17509	3.5018	0	2	0	1
17510	3.502	0	2	0	1
17511	3.5022	0	2	0	1
17512	3.5024	0	2	0	1
17513	3.5026	0	2	0	1
17514	3.5028	0	2	0	1
17515	3.503	0	2	0	1
17516	3.5032	0	2	0	1
17517	3.5034	0	2	0	1
17518	3.5036	0	2	0	1
17519	3.5038	0	2	0	1
17520	3.504	0	2	0	1
17521	3.5042	0	2	0	1
17522	3.5044	0	2	0	1
17523	3.5046	0	2	0	1
17524	3.5048	0	2	0	1
17525	3.505	0	2	0	1
17526	3.5052	0	2	0	1
17527	3.5054	0	2	0	1
17528	3.5056	0	2	0	1
17529	3.5058	0	2	0	1
17530	3.506	0	2	0	1
17531	3.5062	0	2	0	1
17532	3.5064	0	2	0	1
17533	3.5066	0	2	0	1
17534	3.5068	0	2	0	1
17535	3.507	0	2	0	1
17536	3.5072	0	2	0	1
17537	3.5074	0	2	0	1
17538	3.5076	0	2	0	1
17539	3.5078	0	2	0	1
17540	3.508	0	2	0	1
17541	3.5082	0	2	0	1
17542	3.5084	0	2	0	1
17543	3.5086	0	2	0	1
17544	3.5088	0	2	0	1
17545	3.509	0	2	0	1
17546	3.5092	0	2	0	1
17547	3.5094	0	2	0	1
17548	3.5096	0	2	0	1
17549	3.5098	0	2	0	1
17550	3.51	0	2	0	1
17551	3.5102	0	2	0	1
17552	3.5104	0	2	0	1
17553	3.5106	0	2	0	1
17554	3.5108	0	2	0	1
17555	3.511	0	2	0	1
17556	3.5112	0	2	0	1
17557	3.5114	0	2	0	1
17558	3.5116	0	2	0	1
17559	3.5118	0	2	0	1
17560	3.512	0	2	0	1
17561	3.5122	0	2	0	1
17562	3.5124	0	2	0	1
17563	3.5126	0	2	0	1
17564	3.5128	0	2	0	1
17565	3.513	0	2	0	1
17566	3.5132	0	2	0	1
17567	3.5134	0	2	0	1
17568	3.5136	0	2	0	1
17569	3.5138	0	2	0	1
17570	3.514	0	2	0	1
17571	3.5142	0	2	0	1
17572	3.5144	0	2	0	1
17573	3.5146	0	2	0	1
17574	3.5148	0	2	0	1
17575	3.515	0	2	0	1
17576	3.5152	0	2	0	1
17577	3.5154	0	2	0	1
17578	3.5156	0	2	0	1
17579	3.5158	0	2	0	1
17580	3.516	0	2	0	1
17581	3.5162	0	2	0	1
17582	3.5164	0	2	0	1
17583	3.5166	0	2	0	1
17584	3.5168	0	2	0	1
17585	3.517	0	2	0	1
17586	3.5172	0	2	0	1
17587	3.5174	0	2	0	1
17588	3.5176	0	2	0	1
17589	3.5178	0	2	0	1
17590	3.518	0	2	0	1
17591	3.5182	0	2	0	1
17592	3.5184	0	2	0	1
17593	3.5186	0	2	0	1
17594	3.5188	0	2	0	1
17595	3.519	0	1	0	0
17596	3.5192	0	1	0	0
17597	3.5194	0	1	0	0
17598	3.5196	0	1	0	0
17599	3.5198	0	1	0	0
17600	3.52	0	1	0	0
17601	3.5202	0	1	0	0
17602	3.5204	0	1	0	0
17603	3.5206	0	1	0	0
17604	3.5208	0	1	0	0
17605	3.521	0	1	0	0
17606	3.5212	0	1	0	0
17607	3.5214	0	1	0	0
17608	3.5216	0	1	0	0
17609	3.5218	0	1	0	0
17610	3.522	0	1	0	0
17611	3.5222	0	1	0	0
17612	3.5224	0	1	0	0
17613	3.5226	0	1	0	0
17614	3.5228	0	1	0	0
17615	3.523	0	1	0	0
17616	3.5232	0	1	0	0
17617	3.5234	0	1	0	0
17618	3.5236	0	1	0	0
17619	3.5238	0	1	0	0
17620	3.524	0	1	0	0
17621	3.5242	0	1	0	0
17622	3.5244	0	1	0	0
17623	3.5246	0	1	0	0
17624	3.5248	0	1	0	0
17625	3.525	0	0	0	0
17626	3.5252	0	0	0	0
17627	3.5254	0	0	0	0
17628	3.5256	0	0	0	0
17629	3.5258	0	0	0	0
17630	3.526	0	0	0	0
17631	3.5262	0	0	0	0
17632	3.5264	0	0	0	0
17633	3.5266	0	0	0	0
17634	3.5268	0	0	0	0
17635	3.527	0	0	0	0
17636	3.5272	0	0	0	0
17637	3.5274	0	0	0	0
17638	3.5276	0	0	0	0
17639	3.5278	0	0	0	0
17640	3.528	0	0	0	0
17641	3.5282	0	0	0	0
17642	3.5284	0	0	0	0
17643	3.5286	0	0	0	0
17644	3.5288	0	0	0	0
17645	3.529	0	0	0	0
17646	3.5292	0	0	0	0
17647	3.5294	0	0	0	0
17648	3.5296	0	0	0	0
17649	3.5298	0	0	0	0
17650	3.53	0	0	0	0
17651	3.5302	0	0	0	0
17652	3.5304	0	0	0	0
17653	3.5306	0	0	0	0
17654	3.5308	0	0	0	0
17655	3.531	0	0	0	0
17656	3.5312	0	0	0	0
17657	3.5314	0	0	0	0
17658	3.5316	0	0	0	0
17659	3.5318	0	0	0	0
17660	3.532	0	0	0	0
17661	3.5322	0	0	0	0
17662	3.5324	0	0	0	0
17663	3.5326	0	0	0	0
17664	3.5328	0	0	0	0
17665	3.533	0	0	0	0
17666	3.5332	0	0	0	0
17667	3.5334	0	0	0	0
17668	3.5336	0	0	0	0
17669	3.5338	0	0	0	0
17670	3.534	0	0	0	0
17671	3.5342	0	0	0	0
17672	3.5344	0	0	0	0
17673	3.5346	0	0	0	0
17674	3.5348	0	0	0	0
17675	3.535	0	0	0	0
17676	3.5352	0	0	0	0
17677	3.5354	0	0	0	0
17678	3.5356	0	0	0	0
17679	3.5358	0	0	0	0
17680	3.536	0	0	0	0
17681	3.5362	0	0	0	0
17682	3.5364	0	0	0	0
17683	3.5366	0	0	0	0
17684	3.5368	0	0	0	0
17685	3.537	0	0	0	0
17686	3.5372	0	0	0	0
17687	3.5374	0	0	0	0
17688	3.5376	0	0	0	0
17689	3.5378	0	0	0	0
17690	3.538	0	0	0	0
17691	3.5382	0	0	0	0
17692	3.5384	0	0	0	0
17693	3.5386	0	0	0	0
17694	3.5388	0	0	0	0
17695	3.539	0	0	0	0
17696	3.5392	0	0	0	0
17697	3.5394	0	0	0	0
17698	3.5396	0	0	0	0
17699	3.5398	0	0	0	0
17700	3.54	0	0	0	0
17701	3.5402	0	0	0	0
17702	3.5404	0	0	0	0
17703	3.5406	0	0	0	0
17704	3.5408	0	0	0	0
17705	3.541	0	0	0	0
17706	3.5412	0	0	0	0
17707	3.5414	0	0	0	0
17708	3.5416	0	0	0	0
17709	3.5418	0	0	0	0
17710	3.542	0	0	0	0
17711	3.5422	0	0	0	0
17712	3.5424	0	0	0	0
17713	3.5426	0	0	0	0
17714	3.5428	0	0	0	0
17715	3.543	0	1	0	0
17716	3.5432	0	1	0	0
17717	3.5434	0	1	0	0
17718	3.5436	0	1	0	0
17719	3.5438	0	1	0	0
17720	3.544	0	1	0	0
17721	3.5442	0	1	0	0
17722	3.5444	0	1	0	0
17723	3.5446	0	1	0	0
17724	3.5448	0	1	0	0
17725	3.545	0	1	0	0
17726	3.5452	0	1	0	0
17727	3.5454	0	1	0	0
17728	3.5456	0	1	0	0
17729	3.5458	0	1	0	0
17730	3.546	0	1	0	0
17731	3.5462	0	1	0	0
17732	3.5464	0	1	0	0
17733	3.5466	0	1	0	0
17734	3.5468	0	1	0	0
17735	3.547	0	1	0	0
17736	3.5472	0	1	0	0
17737	3.5474	0	1	0	0
17738	3.5476	0	1	0	0
17739	3.5478	0	1	0	0
17740	3.548	0	1	0	0
17741	3.5482	0	1	0	0
17742	3.5484	0	1	0	0
17743	3.5486	0	1	0	0
17744	3.5488	0	1	0	0
17745	3.549	0	1	0	0
17746	3.5492	0	1	0	0
17747	3.5494	0	1	0	0
17748	3.5496	0	1	0	0
17749	3.5498	0	1	0	0
17750	3.55	0	1	0	0
17751	3.5502	0	1	0	0
17752	3.5504	0	1	0	0
17753	3.5506	0	1	0	0
17754	3.5508	0	1	0	0
17755	3.551	0	1	0	0
17756	3.5512	0	1	0	0
17757	3.5514	0	1	0	0
17758	3.5516	0	1	0	0
17759	3.5518	0	1	0	0
17760	3.552	0	0	0	0
17761	3.5522	0	0	0	0
17762	3.5524	0	0	0	0
17763	3.5526	0	0	0	0
17764	3.5528	0	0	0	0
17765	3.553	0	0	0	0
17766	3.5532	0	0	0	0
17767	3.5534	0	0	0	0
17768	3.5536	0	0	0	0
17769	3.5538	0	0	0	0
17770	3.554	0	0	0	0
17771	3.5542	0	0	0	0
17772	3.5544	0	0	0	0
17773	3.5546	0	0	0	0
17774	3.5548	0	0	0	0
17775	3.555	0	0	0	0
17776	3.5552	0	0	0	0
17777	3.5554	0	0	0	0
17778	3.5556	0	0	0	0
17779	3.5558	0	0	0	0
17780	3.556	0	0	0	0
17781	3.5562	0	0	0	0
17782	3.5564	0	0	0	0
17783	3.5566	0	0	0	0
17784	3.5568	0	0	0	0
17785	3.557	0	0	0	0
17786	3.5572	0	0	0	0
17787	3.5574	0	0	0	0
17788	3.5576	0	0	0	0
17789	3.5578	0	0	0	0
17790	3.558	0	0	0	0
17791	3.5582	0	0	0	0
17792	3.5584	0	0	0	0
17793	3.5586	0	0	0	0
17794	3.5588	0	0	0	0
17795	3.559	0	0	0	0
17796	3.5592	0	0	0	0
17797	3.5594	0	0	0	0
17798	3.5596	0	0	0	0
17799	3.5598	0	0	0	0
17800	3.56	0	0	0	0
17801	3.5602	0	0	0	0
17802	3.5604	0	0	0	0
17803	3.5606	0	0	0	0
17804	3.5608	0	0	0	0
17805	3.561	0	0	0	0
17806	3.5612	0	0	0	0
17807	3.5614	0	0	0	0
17808	3.5616	0	0	0	0
17809	3.5618	0	0	0	0
17810	3.562	0	0	0	0
17811	3.5622	0	0	0	0
17812	3.5624	0	0	0	0
17813	3.5626	0	0	0	0
17814	3.5628	0	0	0	0
17815	3.563	0	0	0	0
17816	3.5632	0	0	0	0
17817	3.5634	0	0	0	0
17818	3.5636	0	0	0	0
17819	3.5638	0	0	0	0
17820	3.564	0	0	0	0
17821	3.5642	0	0	0	0
17822	3.5644	0	0	0	0
17823	3.5646	0	0	0	0
17824	3.5648	0	0	0	0
17825	3.565	0	0	0	0
17826	3.5652	0	0	0	0
17827	3.5654	0	0	0	0
17828	3.5656	0	0	0	0
17829	3.5658	0	0	0	0
17830	3.566	0	0	0	0
17831	3.5662	0	0	0	0
17832	3.5664	0	0	0	0
17833	3.5666	0	0	0	0
17834	3.5668	0	0	0	0
17835	3.567	0	0	0	0
17836	3.5672	0	0	0	0
17837	3.5674	0	0	0	0
17838	3.5676	0	0	0	0
17839	3.5678	0	0	0	0
17840	3.568	0	0	0	0
17841	3.5682	0	0	0	0
17842	3.5684	0	0	0	0
17843	3.5686	0	0	0	0
17844	3.5688	0	0	0	0
17845	3.569	0	0	0	0
17846	3.5692	0	0	0	0
17847	3.5694	0	0	0	0
17848	3.5696	0	0	0	0
17849	3.5698	0	0	0	0
17850	3.57	0	0	0	0
17851	3.5702	0	0	0	0
17852	3.5704	0	0	0	0
17853	3.5706	0	0	0	0
17854	3.5708	0	0	0	0
17855	3.571	0	0	0	0
17856	3.5712	0	0	0	0
17857	3.5714	0	0	0	0
17858	3.5716	0	0	0	0
17859	3.5718	0	0	0	0
17860	3.572	0	0	0	0
17861	3.5722	0	0	0	0
17862	3.5724	0	0	0	0
17863	3.5726	0	0	0	0
17864	3.5728	0	0	0	0
17865	3.573	0	0	0	0
17866	3.5732	0	0	0	0
17867	3.5734	0	0	0	0
17868	3.5736	0	0	0	0
17869	3.5738	0	0	0	0
17870	3.574	0	0	0	0
17871	3.5742	0	0	0	0
17872	3.5744	0	0	0	0
17873	3.5746	0	0	0	0
17874	3.5748	0	0	0	0
17875	3.575	0	0	0	0
17876	3.5752	0	0	0	0
17877	3.5754	0	0	0	0
17878	3.5756	0	0	0	0
17879	3.5758	0	0	0	0
17880	3.576	0	0	0	0
17881	3.5762	0	0	0	0
17882	3.5764	0	0	0	0
17883	3.5766	0	0	0	0
17884	3.5768	0	0	0	0
17885	3.577	0	0	0	0
17886	3.5772	0	0	0	0
17887	3.5774	0	0	0	0
17888	3.5776	0	0	0	0
17889	3.5778	0	0	0	0
17890	3.578	0	0	0	0
17891	3.5782	0	0	0	0
17892	3.5784	0	0	0	0
17893	3.5786	0	0	0	0
17894	3.5788	0	0	0	0
17895	3.579	0	0	0	0
17896	3.5792	0	0	0	0
17897	3.5794	0	0	0	0
17898	3.5796	0	0	0	0
17899	3.5798	0	0	0	0
17900	3.58	0	0	0	0
17901	3.5802	0	0	0	0
17902	3.5804	0	0	0	0
17903	3.5806	0	0	0	0
17904	3.5808	0	0	0	0
17905	3.581	0	0	0	0
17906	3.5812	0	0	0	0
17907	3.5814	0	0	0	0
17908	3.5816	0	0	0	0
17909	3.5818	0	0	0	0
17910	3.582	0	0	0	0
17911	3.5822	0	0	0	0
17912	3.5824	0	0	0	0
17913	3.5826	0	0	0	0
17914	3.5828	0	0	0	0
17915	3.583	0	0	0	0
17916	3.5832	0	0	0	0
17917	3.5834	0	0	0	0
17918	3.5836	0	0	0	0
17919	3.5838	0	0	0	0
17920	3.584	0	0	0	0
17921	3.5842	0	0	0	0
17922	3.5844	0	0	0	0
17923	3.5846	0	0	0	0
17924	3.5848	0	0	0	0
17925	3.585	0	0	0	0
17926	3.5852	0	0	0	0
17927	3.5854	0	0	0	0
17928	3.5856	0	0	0	0
17929	3.5858	0	0	0	0
17930	3.586	0	0	0	0
17931	3.5862	0	0	0	0
17932	3.5864	0	0	0	0
17933	3.5866	0	0	0	0
17934	3.5868	0	0	0	0
17935	3.587	0	0	0	0
17936	3.5872	0	0	0	0
17937	3.5874	0	0	0	0
17938	3.5876	0	0	0	0
17939	3.5878	0	0	0	0
17940	3.588	0	0	0	0
17941	3.5882	0	0	0	0
17942	3.5884	0	0	0	0
17943	3.5886	0	0	0	0
17944	3.5888	0	0	0	0
17945	3.589	0	0	0	0
17946	3.5892	0	0	0	0
17947	3.5894	0	0	0	0
17948	3.5896	0	0	0	0
17949	3.5898	0	0	0	0
17950	3.59	0	0	0	0
17951	3.5902	0	0	0	0
17952	3.5904	0	0	0	0
17953	3.5906	0	0	0	0
17954	3.5908	0	0	0	0
17955	3.591	0	0	0	0
17956	3.5912	0	0	0	0
17957	3.5914	0	0	0	0
17958	3.5916	0	0	0	0
17959	3.5918	0	0	0	0
17960	3.592	0	0	0	0
17961	3.5922	0	0	0	0
17962	3.5924	0	0	0	0
17963	3.5926	0	0	0	0
17964	3.5928	0	0	0	0
17965	3.593	0	0	0	0
17966	3.5932	0	0	0	0
17967	3.5934	0	0	0	0
17968	3.5936	0	0	0	0
17969	3.5938	0	0	0	0
17970	3.594	0	0	0	0
17971	3.5942	0	0	0	0
17972	3.5944	0	0	0	0
17973	3.5946	0	0	0	0
17974	3.5948	0	0	0	0
17975	3.595	0	0	0	0
17976	3.5952	0	0	0	0
17977	3.5954	0	0	0	0
17978	3.5956	0	0	0	0
17979	3.5958	0	0	0	0
17980	3.596	0	0	0	0
17981	3.5962	0	0	0	0
17982	3.5964	0	0	0	0
17983	3.5966	0	0	0	0
17984	3.5968	0	0	0	0
17985	3.597	0	0	0	0
17986	3.5972	0	0	0	0
17987	3.5974	0	0	0	0
17988	3.5976	0	0	0	0
17989	3.5978	0	0	0	0
17990	3.598	0	0	0	0
17991	3.5982	0	0	0	0
17992	3.5984	0	0	0	0
17993	3.5986	0	0	0	0
17994	3.5988	0	0	0	0
17995	3.599	0	0	0	0
17996	3.5992	0	0	0	0
17997	3.5994	0	0	0	0
17998	3.5996	0	0	0	0
17999	3.5998	0	0	0	0
18000	3.6	0	0	0	0
18001	3.6002	0	0	0	0
18002	3.6004	0	0	0	0
18003	3.6006	0	0	0	0
18004	3.6008	0	0	0	0
18005	3.601	0	0	0	0
18006	3.6012	0	0	0	0
18007	3.6014	0	0	0	0
18008	3.6016	0	0	0	0
18009	3.6018	0	0	0	0
18010	3.602	0	0	0	0
18011	3.6022	0	0	0	0
18012	3.6024	0	0	0	0
18013	3.6026	0	0	0	0
18014	3.6028	0	0	0	0
18015	3.603	0	0	0	0
18016	3.6032	0	0	0	0
18017	3.6034	0	0	0	0
18018	3.6036	0	0	0	0
18019	3.6038	0	0	0	0
18020	3.604	0	0	0	0
18021	3.6042	0	0	0	0
18022	3.6044	0	0	0	0
18023	3.6046	0	0	0	0
18024	3.6048	0	0	0	0
18025	3.605	0	0	0	0
18026	3.6052	0	0	0	0
18027	3.6054	0	0	0	0
18028	3.6056	0	0	0	0
18029	3.6058	0	0	0	0
18030	3.606	0	0	0	0
18031	3.6062	0	0	0	0
18032	3.6064	0	0	0	0
18033	3.6066	0	0	0	0
18034	3.6068	0	0	0	0
18035	3.607	0	0	0	0
18036	3.6072	0	0	0	0
18037	3.6074	0	0	0	0
18038	3.6076	0	0	0	0
18039	3.6078	0	0	0	0
18040	3.608	0	0	0	0
18041	3.6082	0	0	0	0
18042	3.6084	0	0	0	0
18043	3.6086	0	0	0	0
18044	3.6088	0	0	0	0
18045	3.609	0	0	0	0
18046	3.6092	0	0	0	0
18047	3.6094	0	0	0	0
18048	3.6096	0	0	0	0
18049	3.6098	0	0	0	0
18050	3.61	0	0	0	0
18051	3.6102	0	0	0	0
18052	3.6104	0	0	0	0
18053	3.6106	0	0	0	0
18054	3.6108	0	0	0	0
18055	3.611	0	0	0	0
18056	3.6112	0	0	0	0
18057	3.6114	0	0	0	0
18058	3.6116	0	0	0	0
18059	3.6118	0	0	0	0
18060	3.612	0	0	0	0
18061	3.6122	0	0	0	0
18062	3.6124	0	0	0	0
18063	3.6126	0	0	0	0
18064	3.6128	0	0	0	0
18065	3.613	0	0	0	0
18066	3.6132	0	0	0	0
18067	3.6134	0	0	0	0
18068	3.6136	0	0	0	0
18069	3.6138	0	0	0	0
18070	3.614	0	0	0	0
18071	3.6142	0	0	0	0
18072	3.6144	0	0	0	0
18073	3.6146	0	0	0	0
18074	3.6148	0	0	0	0
18075	3.615	0	0	0	0
18076	3.6152	0	0	0	0
18077	3.6154	0	0	0	0
18078	3.6156	0	0	0	0
18079	3.6158	0	0	0	0
18080	3.616	0	0	0	0
18081	3.6162	0	0	0	0
18082	3.6164	0	0	0	0
18083	3.6166	0	0	0	0
18084	3.6168	0	0	0	0
18085	3.617	0	0	0	0
18086	3.6172	0	0	0	0
18087	3.6174	0	0	0	0
18088	3.6176	0	0	0	0
18089	3.6178	0	0	0	0
18090	3.618	0	0	0	0
18091	3.6182	0	0	0	0
18092	3.6184	0	0	0	0
18093	3.6186	0	0	0	0
18094	3.6188	0	0	0	0
18095	3.619	0	0	0	0
18096	3.6192	0	0	0	0
18097	3.6194	0	0	0	0
18098	3.6196	0	0	0	0
18099	3.6198	0	0	0	0
18100	3.62	0	0	0	0
18101	3.6202	0	0	0	0
18102	3.6204	0	0	0	0
18103	3.6206	0	0	0	0
18104	3.6208	0	0	0	0
18105	3.621	0	0	0	0
18106	3.6212	0	0	0	0
18107	3.6214	0	0	0	0
18108	3.6216	0	0	0	0
18109	3.6218	0	0	0	0
18110	3.622	0	0	0	0
18111	3.6222	0	0	0	0
18112	3.6224	0	0	0	0
18113	3.6226	0	0	0	0
18114	3.6228	0	0	0	0
18115	3.623	0	0	0	0
18116	3.6232	0	0	0	0
18117	3.6234	0	0	0	0
18118	3.6236	0	0	0	0
18119	3.6238	0	0	0	0
18120	3.624	0	0	0	0
18121	3.6242	0	0	0	0
18122	3.6244	0	0	0	0
18123	3.6246	0	0	0	0
18124	3.6248	0	0	0	0
18125	3.625	0	0	0	0
18126	3.6252	0	0	0	0
18127	3.6254	0	0	0	0
18128	3.6256	0	0	0	0
18129	3.6258	0	0	0	0
18130	3.626	0	0	0	0
18131	3.6262	0	0	0	0
18132	3.6264	0	0	0	0
18133	3.6266	0	0	0	0
18134	3.6268	0	0	0	0
18135	3.627	0	0	0	0
18136	3.6272	0	0	0	0
18137	3.6274	0	0	0	0
18138	3.6276	0	0	0	0
18139	3.6278	0	0	0	0
18140	3.628	0	0	0	0
18141	3.6282	0	0	0	0
18142	3.6284	0	0	0	0
18143	3.6286	0	0	0	0
18144	3.6288	0	0	0	0
18145	3.629	0	0	0	0
18146	3.6292	0	0	0	0
18147	3.6294	0	0	0	0
18148	3.6296	0	0	0	0
18149	3.6298	0	0	0	0
18150	3.63	0	0	0	0
18151	3.6302	0	0	0	0
18152	3.6304	0	0	0	0
18153	3.6306	0	0	0	0
18154	3.6308	0	0	0	0
18155	3.631	0	0	0	0
18156	3.6312	0	0	0	0
18157	3.6314	0	0	0	0
18158	3.6316	0	0	0	0
18159	3.6318	0	0	0	0
18160	3.632	0	0	0	0
18161	3.6322	0	0	0	0
18162	3.6324	0	0	0	0
18163	3.6326	0	0	0	0
18164	3.6328	0	0	0	0
18165	3.633	0	0	0	0
18166	3.6332	0	0	0	0
18167	3.6334	0	0	0	0
18168	3.6336	0	0	0	0
18169	3.6338	0	0	0	0
18170	3.634	0	0	0	0
18171	3.6342	0	0	0	0
18172	3.6344	0	0	0	0
18173	3.6346	0	0	0	0
18174	3.6348	0	0	0	0
18175	3.635	0	0	0	0
18176	3.6352	0	0	0	0
18177	3.6354	0	0	0	0
18178	3.6356	0	0	0	0
18179	3.6358	0	0	0	0
18180	3.636	0	0	0	0
18181	3.6362	0	0	0	0
18182	3.6364	0	0	0	0
18183	3.6366	0	0	0	0
18184	3.6368	0	0	0	0
18185	3.637	0	0	0	0
18186	3.6372	0	0	0	0
18187	3.6374	0	0	0	0
18188	3.6376	0	0	0	0
18189	3.6378	0	0	0	0
18190	3.638	0	0	0	0
18191	3.6382	0	0	0	0
18192	3.6384	0	0	0	0
18193	3.6386	0	0	0	0
18194	3.6388	0	0	0	0
18195	3.639	0	0	0	0
18196	3.6392	0	0	0	0
18197	3.6394	0	0	0	0
18198	3.6396	0	0	0	0
18199	3.6398	0	0	0	0
18200	3.64	0	0	0	0
18201	3.6402	0	0	0	0
18202	3.6404	0	0	0	0
18203	3.6406	0	0	0	0
18204	3.6408	0	0	0	0
18205	3.641	0	0	0	0
18206	3.6412	0	0	0	0
18207	3.6414	0	0	0	0
18208	3.6416	0	0	0	0
18209	3.6418	0	0	0	0
18210	3.642	0	0	0	0
18211	3.6422	0	0	0	0
18212	3.6424	0	0	0	0
18213	3.6426	0	0	0	0
18214	3.6428	0	0	0	0
18215	3.643	0	0	0	0
18216	3.6432	0	0	0	0
18217	3.6434	0	0	0	0
18218	3.6436	0	0	0	0
18219	3.6438	0	0	0	0
18220	3.644	0	0	0	0
18221	3.6442	0	0	0	0
18222	3.6444	0	0	0	0
18223	3.6446	0	0	0	0
18224	3.6448	0	0	0	0
18225	3.645	0	0	0	0
18226	3.6452	0	0	0	0
18227	3.6454	0	0	0	0
18228	3.6456	0	0	0	0
18229	3.6458	0	0	0	0
18230	3.646	0	0	0	0
18231	3.6462	0	0	0	0
18232	3.6464	0	0	0	0
18233	3.6466	0	0	0	0
18234	3.6468	0	0	0	0
18235	3.647	0	0	0	0
18236	3.6472	0	0	0	0
18237	3.6474	0	0	0	0
18238	3.6476	0	0	0	0
18239	3.6478	0	0	0	0
18240	3.648	0	0	0	0
18241	3.6482	0	0	0	0
18242	3.6484	0	0	0	0
18243	3.6486	0	0	0	0
18244	3.6488	0	0	0	0
18245	3.649	0	0	0	0
18246	3.6492	0	0	0	0
18247	3.6494	0	0	0	0
18248	3.6496	0	0	0	0
18249	3.6498	0	0	0	0
18250	3.65	0	0	0	0
18251	3.6502	0	0	0	0
18252	3.6504	0	0	0	0
18253	3.6506	0	0	0	0
18254	3.6508	0	0	0	0
18255	3.651	0	0	0	0
18256	3.6512	0	0	0	0
18257	3.6514	0	0	0	0
18258	3.6516	0	0	0	0
18259	3.6518	0	0	0	0
18260	3.652	0	0	0	0
18261	3.6522	0	0	0	0
18262	3.6524	0	0	0	0
18263	3.6526	0	0	0	0
18264	3.6528	0	0	0	0
18265	3.653	0	0	0	0
18266	3.6532	0	0	0	0
18267	3.6534	0	0	0	0
18268	3.6536	0	0	0	0
18269	3.6538	0	0	0	0
18270	3.654	0	0	0	0
18271	3.6542	0	0	0	0
18272	3.6544	0	0	0	0
18273	3.6546	0	0	0	0
18274	3.6548	0	0	0	0
18275	3.655	0	0	0	0
18276	3.6552	0	0	0	0
18277	3.6554	0	0	0	0
18278	3.6556	0	0	0	0
18279	3.6558	0	0	0	0
18280	3.656	0	0	0	0
18281	3.6562	0	0	0	0
18282	3.6564	0	0	0	0
18283	3.6566	0	0	0	0
18284	3.6568	0	0	0	0
18285	3.657	0	0	0	0
18286	3.6572	0	0	0	0
18287	3.6574	0	0	0	0
18288	3.6576	0	0	0	0
18289	3.6578	0	0	0	0
18290	3.658	0	0	0	0
18291	3.6582	0	0	0	0
18292	3.6584	0	0	0	0
18293	3.6586	0	0	0	0
18294	3.6588	0	0	0	0
18295	3.659	0	0	0	0
18296	3.6592	0	0	0	0
18297	3.6594	0	0	0	0
18298	3.6596	0	0	0	0
18299	3.6598	0	0	0	0
18300	3.66	0	0	0	0
18301	3.6602	0	0	0	0
18302	3.6604	0	0	0	0
18303	3.6606	0	0	0	0
18304	3.6608	0	0	0	0
18305	3.661	0	0	0	0
18306	3.6612	0	0	0	0
18307	3.6614	0	0	0	0
18308	3.6616	0	0	0	0
18309	3.6618	0	0	0	0
18310	3.662	0	0	0	0
18311	3.6622	0	0	0	0
18312	3.6624	0	0	0	0
18313	3.6626	0	0	0	0
18314	3.6628	0	0	0	0
18315	3.663	0	0	0	0
18316	3.6632	0	0	0	0
18317	3.6634	0	0	0	0
18318	3.6636	0	0	0	0
18319	3.6638	0	0	0	0
18320	3.664	0	0	0	0
18321	3.6642	0	0	0	0
18322	3.6644	0	0	0	0
18323	3.6646	0	0	0	0
18324	3.6648	0	0	0	0
18325	3.665	0	0	0	0
18326	3.6652	0	0	0	0
18327	3.6654	0	0	0	0
18328	3.6656	0	0	0	0
18329	3.6658	0	0	0	0
18330	3.666	0	0	0	0
18331	3.6662	0	0	0	0
18332	3.6664	0	0	0	0
18333	3.6666	0	0	0	0
18334	3.6668	0	0	0	0
18335	3.667	0	0	0	0
18336	3.6672	0	0	0	0
18337	3.6674	0	0	0	0
18338	3.6676	0	0	0	0
18339	3.6678	0	0	0	0
18340	3.668	0	0	0	0
18341	3.6682	0	0	0	0
18342	3.6684	0	0	0	0
18343	3.6686	0	0	0	0
18344	3.6688	0	0	0	0
18345	3.669	0	0	0	0
18346	3.6692	0	0	0	0
18347	3.6694	0	0	0	0
18348	3.6696	0	0	0	0
18349	3.6698	0	0	0	0
18350	3.67	0	0	0	0
18351	3.6702	0	0	0	0
18352	3.6704	0	0	0	0
18353	3.6706	0	0	0	0
18354	3.6708	0	0	0	0
18355	3.671	0	0	0	0
18356	3.6712	0	0	0	0
18357	3.6714	0	0	0	0
18358	3.6716	0	0	0	0
18359	3.6718	0	0	0	0
18360	3.672	0	0	0	0
18361	3.6722	0	0	0	0
18362	3.6724	0	0	0	0
18363	3.6726	0	0	0	0
18364	3.6728	0	0	0	0
18365	3.673	0	0	0	0
18366	3.6732	0	0	0	0
18367	3.6734	0	0	0	0
18368	3.6736	0	0	0	0
18369	3.6738	0	0	0	0
18370	3.674	0	0	0	0
18371	3.6742	0	0	0	0
18372	3.6744	0	0	0	0
18373	3.6746	0	0	0	0
18374	3.6748	0	0	0	0
18375	3.675	0	0	0	0
18376	3.6752	0	0	0	0
18377	3.6754	0	0	0	0
18378	3.6756	0	0	0	0
18379	3.6758	0	0	0	0
18380	3.676	0	0	0	0
18381	3.6762	0	0	0	0
18382	3.6764	0	0	0	0
18383	3.6766	0	0	0	0
18384	3.6768	0	0	0	0
18385	3.677	0	0	0	0
18386	3.6772	0	0	0	0
18387	3.6774	0	0	0	0
18388	3.6776	0	0	0	0
18389	3.6778	0	0	0	0
18390	3.678	0	0	0	0
18391	3.6782	0	0	0	0
18392	3.6784	0	0	0	0
18393	3.6786	0	0	0	0
18394	3.6788	0	0	0	0
18395	3.679	0	1	0	0
18396	3.6792	0	1	0	0
18397	3.6794	0	1	0	0
18398	3.6796	0	1	0	0
18399	3.6798	0	1	0	0
18400	3.68	0	1	0	0
18401	3.6802	0	1	0	0
18402	3.6804	0	1	0	0
18403	3.6806	0	1	0	0
18404	3.6808	0	1	0	0
18405	3.681	0	1	0	0
18406	3.6812	0	1	0	0
18407	3.6814	0	1	0	0
18408	3.6816	0	1	0	0
18409	3.6818	0	1	0	0
18410	3.682	0	1	0	0
18411	3.6822	0	1	0	0
18412	3.6824	0	1	0	0
18413	3.6826	0	1	0	0
18414	3.6828	0	1	0	0
18415	3.683	0	1	0	0
18416	3.6832	0	1	0	0
18417	3.6834	0	1	0	0
18418	3.6836	0	1	0	0
18419	3.6838	0	1	0	0
18420	3.684	0	1	0	0
18421	3.6842	0	1	0	0
18422	3.6844	0	1	0	0
18423	3.6846	0	1	0	0
18424	3.6848	0	1	0	0
18425	3.685	0	0	0	0
18426	3.6852	0	0	0	0
18427	3.6854	0	0	0	0
18428	3.6856	0	0	0	0
18429	3.6858	0	0	0	0
18430	3.686	0	0	0	0
18431	3.6862	0	0	0	0
18432	3.6864	0	0	0	0
18433	3.6866	0	0	0	0
18434	3.6868	0	0	0	0
18435	3.687	0	0	0	0
18436	3.6872	0	0	0	0
18437	3.6874	0	0	0	0
18438	3.6876	0	0	0	0
18439	3.6878	0	0	0	0
18440	3.688	0	0	0	0
18441	3.6882	0	0	0	0
18442	3.6884	0	0	0	0
18443	3.6886	0	0	0	0
18444	3.6888	0	0	0	0
18445	3.689	0	0	0	0
18446	3.6892	0	0	0	0
18447	3.6894	0	0	0	0
18448	3.6896	0	0	0	0
18449	3.6898	0	0	0	0
18450	3.69	0	0	0	0
18451	3.6902	0	0	0	0
18452	3.6904	0	0	0	0
18453	3.6906	0	0	0	0
18454	3.6908	0	0	0	0
18455	3.691	0	0	0	0
18456	3.6912	0	0	0	0
18457	3.6914	0	0	0	0
18458	3.6916	0	0	0	0
18459	3.6918	0	0	0	0
18460	3.692	0	0	0	0
18461	3.6922	0	0	0	0
18462	3.6924	0	0	0	0
18463	3.6926	0	0	0	0
18464	3.6928	0	0	0	0
18465	3.693	0	0	0	0
18466	3.6932	0	0	0	0
18467	3.6934	0	0	0	0
18468	3.6936	0	0	0	0
18469	3.6938	0	0	0	0
18470	3.694	0	0	0	0
18471	3.6942	0	0	0	0
18472	3.6944	0	0	0	0
18473	3.6946	0	0	0	0
18474	3.6948	0	0	0	0
18475	3.695	0	0	0	0
18476	3.6952	0	0	0	0
18477	3.6954	0	0	0	0
18478	3.6956	0	0	0	0
18479	3.6958	0	0	0	0
18480	3.696	0	0	0	0
18481	3.6962	0	0	0	0
18482	3.6964	0	0	0	0
18483	3.6966	0	0	0	0
18484	3.6968	0	0	0	0
18485	3.697	0	0	0	0
18486	3.6972	0	0	0	0
18487	3.6974	0	0	0	0
18488	3.6976	0	0	0	0
18489	3.6978	0	0	0	0
18490	3.698	0	0	0	0
18491	3.6982	0	0	0	0
18492	3.6984	0	0	0	0
18493	3.6986	0	0	0	0
18494	3.6988	0	0	0	0
18495	3.699	0	0	0	0
18496	3.6992	0	0	0	0
18497	3.6994	0	0	0	0
18498	3.6996	0	0	0	0
18499	3.6998	0	0	0	0
18500	3.7	0	0	0	0
18501	3.7002	0	0	0	0
18502	3.7004	0	0	0	0
18503	3.7006	0	0	0	0
18504	3.7008	0	0	0	0
18505	3.701	0	0	0	0
18506	3.7012	0	0	0	0
18507	3.7014	0	0	0	0
18508	3.7016	0	0	0	0
18509	3.7018	0	0	0	0
18510	3.702	0	0	0	0
18511	3.7022	0	0	0	0
18512	3.7024	0	0	0	0
18513	3.7026	0	0	0	0
18514	3.7028	0	0	0	0
18515	3.703	0	0	0	0
18516	3.7032	0	0	0	0
18517	3.7034	0	0	0	0
18518	3.7036	0	0	0	0
18519	3.7038	0	0	0	0
18520	3.704	0	0	0	0
18521	3.7042	0	0	0	0
18522	3.7044	0	0	0	0
18523	3.7046	0	0	0	0
18524	3.7048	0	0	0	0
18525	3.705	0	0	0	0
18526	3.7052	0	0	0	0
18527	3.7054	0	0	0	0
18528	3.7056	0	0	0	0
18529	3.7058	0	0	0	0
18530	3.706	0	0	0	0
18531	3.7062	0	0	0	0
18532	3.7064	0	0	0	0
18533	3.7066	0	0	0	0
18534	3.7068	0	0	0	0
18535	3.707	0	0	0	0
18536	3.7072	0	0	0	0
18537	3.7074	0	0	0	0
18538	3.7076	0	0	0	0
18539	3.7078	0	0	0	0
18540	3.708	0	0	0	0
18541	3.7082	0	0	0	0
18542	3.7084	0	0	0	0
18543	3.7086	0	0	0	0
18544	3.7088	0	0	0	0
18545	3.709	0	0	0	0
18546	3.7092	0	0	0	0
18547	3.7094	0	0	0	0
18548	3.7096	0	0	0	0
18549	3.7098	0	0	0	0
18550	3.71	0	0	0	0
18551	3.7102	0	0	0	0
18552	3.7104	0	0	0	0
18553	3.7106	0	0	0	0
18554	3.7108	0	0	0	0
18555	3.711	0	0	0	0
18556	3.7112	0	0	0	0
18557	3.7114	0	0	0	0
18558	3.7116	0	0	0	0
18559	3.7118	0	0	0	0
18560	3.712	0	0	0	0
18561	3.7122	0	0	0	0
18562	3.7124	0	0	0	0
18563	3.7126	0	0	0	0
18564	3.7128	0	0	0	0
18565	3.713	0	0	0	0
18566	3.7132	0	0	0	0
18567	3.7134	0	0	0	0
18568	3.7136	0	0	0	0
18569	3.7138	0	0	0	0
18570	3.714	0	0	0	0
18571	3.7142	0	0	0	0
18572	3.7144	0	0	0	0
18573	3.7146	0	0	0	0
18574	3.7148	0	0	0	0
18575	3.715	0	0	0	0
18576	3.7152	0	0	0	0
18577	3.7154	0	0	0	0
18578	3.7156	0	0	0	0
18579	3.7158	0	0	0	0
18580	3.716	0	0	0	0
18581	3.7162	0	0	0	0
18582	3.7164	0	0	0	0
18583	3.7166	0	0	0	0
18584	3.7168	0	0	0	0
18585	3.717	0	0	0	0
18586	3.7172	0	0	0	0
18587	3.7174	0	0	0	0
18588	3.7176	0	0	0	0
18589	3.7178	0	0	0	0
18590	3.718	0	0	0	0
18591	3.7182	0	0	0	0
18592	3.7184	0	0	0	0
18593	3.7186	0	0	0	0
18594	3.7188	0	0	0	0
18595	3.719	0	0	0	0
18596	3.7192	0	0	0	0
18597	3.7194	0	0	0	0
18598	3.7196	0	0	0	0
18599	3.7198	0	0	0	0
18600	3.72	0	0	0	0
18601	3.7202	0	0	0	0
18602	3.7204	0	0	0	0
18603	3.7206	0	0	0	0
18604	3.7208	0	0	0	0
18605	3.721	0	0	0	0
18606	3.7212	0	0	0	0
18607	3.7214	0	0	0	0
18608	3.7216	0	0	0	0
18609	3.7218	0	0	0	0
18610	3.722	0	0	0	0
18611	3.7222	0	0	0	0
18612	3.7224	0	0	0	0
18613	3.7226	0	0	0	0
18614	3.7228	0	0	0	0
18615	3.723	0	0	0	0
18616	3.7232	0	0	0	0
18617	3.7234	0	0	0	0
18618	3.7236	0	0	0	0
18619	3.7238	0	0	0	0
18620	3.724	0	0	0	0
18621	3.7242	0	0	0	0
18622	3.7244	0	0	0	0
18623	3.7246	0	0	0	0
18624	3.7248	0	0	0	0
18625	3.725	0	0	0	0
18626	3.7252	0	0	0	0
18627	3.7254	0	0	0	0
18628	3.7256	0	0	0	0
18629	3.7258	0	0	0	0
18630	3.726	0	0	0	0
18631	3.7262	0	0	0	0
18632	3.7264	0	0	0	0
18633	3.7266	0	0	0	0
18634	3.7268	0	0	0	0
18635	3.727	0	0	0	0
18636	3.7272	0	0	0	0
18637	3.7274	0	0	0	0
18638	3.7276	0	0	0	0
18639	3.7278	0	0	0	0
18640	3.728	0	0	0	0
18641	3.7282	0	0	0	0
18642	3.7284	0	0	0	0
18643	3.7286	0	0	0	0
18644	3.7288	0	0	0	0
18645	3.729	0	0	0	0
18646	3.7292	0	0	0	0
18647	3.7294	0	0	0	0
18648	3.7296	0	0	0	0
18649	3.7298	0	0	0	0
18650	3.73	0	0	0	0
18651	3.7302	0	0	0	0
18652	3.7304	0	0	0	0
18653	3.7306	0	0	0	0
18654	3.7308	0	0	0	0
18655	3.731	0	0	0	0
18656	3.7312	0	0	0	0
18657	3.7314	0	0	0	0
18658	3.7316	0	0	0	0
18659	3.7318	0	0	0	0
18660	3.732	0	0	0	0
18661	3.7322	0	0	0	0
18662	3.7324	0	0	0	0
18663	3.7326	0	0	0	0
18664	3.7328	0	0	0	0
18665	3.733	0	0	0	0
18666	3.7332	0	0	0	0
18667	3.7334	0	0	0	0
18668	3.7336	0	0	0	0
18669	3.7338	0	0	0	0
18670	3.734	0	0	0	0
18671	3.7342	0	0	0	0
18672	3.7344	0	0	0	0
18673	3.7346	0	0	0	0
18674	3.7348	0	0	0	0
18675	3.735	0	0	0	0
18676	3.7352	0	0	0	0
18677	3.7354	0	0	0	0
18678	3.7356	0	0	0	0
18679	3.7358	0	0	0	0
18680	3.736	0	0	0	0
18681	3.7362	0	0	0	0
18682	3.7364	0	0	0	0
18683	3.7366	0	0	0	0
18684	3.7368	0	0	0	0
18685	3.737	0	0	0	0
18686	3.7372	0	0	0	0
18687	3.7374	0	0	0	0
18688	3.7376	0	0	0	0
18689	3.7378	0	0	0	0
18690	3.738	0	0	0	0
18691	3.7382	0	0	0	0
18692	3.7384	0	0	0	0
18693	3.7386	0	0	0	0
18694	3.7388	0	0	0	0
18695	3.739	0	0	0	0
18696	3.7392	0	0	0	0
18697	3.7394	0	0	0	0
18698	3.7396	0	0	0	0
18699	3.7398	0	0	0	0
18700	3.74	0	0	0	0
18701	3.7402	0	0	0	0
18702	3.7404	0	0	0	0
18703	3.7406	0	0	0	0
18704	3.7408	0	0	0	0
18705	3.741	0	0	0	0
18706	3.7412	0	0	0	0
18707	3.7414	0	0	0	0
18708	3.7416	0	0	0	0
18709	3.7418	0	0	0	0
18710	3.742	0	0	0	0
18711	3.7422	0	0	0	0
18712	3.7424	0	0	0	0
18713	3.7426	0	0	0	0
18714	3.7428	0	0	0	0
18715	3.743	0	0	0	0
18716	3.7432	0	0	0	0
18717	3.7434	0	0	0	0
18718	3.7436	0	0	0	0
18719	3.7438	0	0	0	0
18720	3.744	0	0	0	0
18721	3.7442	0	0	0	0
18722	3.7444	0	0	0	0
18723	3.7446	0	0	0	0
18724	3.7448	0	0	0	0
18725	3.745	0	0	0	0
18726	3.7452	0	0	0	0
18727	3.7454	0	0	0	0
18728	3.7456	0	0	0	0
18729	3.7458	0	0	0	0
18730	3.746	0	0	0	0
18731	3.7462	0	0	0	0
18732	3.7464	0	0	0	0
18733	3.7466	0	0	0	0
18734	3.7468	0	0	0	0
18735	3.747	0	0	0	0
18736	3.7472	0	0	0	0
18737	3.7474	0	0	0	0
18738	3.7476	0	0	0	0
18739	3.7478	0	0	0	0
18740	3.748	0	0	0	0
18741	3.7482	0	0	0	0
18742	3.7484	0	0	0	0
18743	3.7486	0	0	0	0
18744	3.7488	0	0	0	0
18745	3.749	0	0	0	0
18746	3.7492	0	0	0	0
18747	3.7494	0	0	0	0
18748	3.7496	0	0	0	0
18749	3.7498	0	0	0	0
18750	3.75	0	0	0	0
18751	3.7502	0	0	0	0
18752	3.7504	0	0	0	0
18753	3.7506	0	0	0	0
18754	3.7508	0	0	0	0
18755	3.751	0	0	0	0
18756	3.7512	0	0	0	0
18757	3.7514	0	0	0	0
18758	3.7516	0	0	0	0
18759	3.7518	0	0	0	0
18760	3.752	0	0	0	0
18761	3.7522	0	0	0	0
18762	3.7524	0	0	0	0
18763	3.7526	0	0	0	0
18764	3.7528	0	0	0	0
18765	3.753	0	0	0	0
18766	3.7532	0	0	0	0
18767	3.7534	0	0	0	0
18768	3.7536	0	0	0	0
18769	3.7538	0	0	0	0
18770	3.754	0	0	0	0
18771	3.7542	0	0	0	0
18772	3.7544	0	0	0	0
18773	3.7546	0	0	0	0
18774	3.7548	0	0	0	0
18775	3.755	0	0	0	0
18776	3.7552	0	0	0	0
18777	3.7554	0	0	0	0
18778	3.7556	0	0	0	0
18779	3.7558	0	0	0	0
18780	3.756	0	0	0	0
18781	3.7562	0	0	0	0
18782	3.7564	0	0	0	0
18783	3.7566	0	0	0	0
18784	3.7568	0	0	0	0
18785	3.757	0	0	0	0
18786	3.7572	0	0	0	0
18787	3.7574	0	0	0	0
18788	3.7576	0	0	0	0
18789	3.7578	0	0	0	0
18790	3.758	0	0	0	0
18791	3.7582	0	0	0	0
18792	3.7584	0	0	0	0
18793	3.7586	0	0	0	0
18794	3.7588	0	0	0	0
18795	3.759	0	0	0	0
18796	3.7592	0	0	0	0
18797	3.7594	0	0	0	0
18798	3.7596	0	0	0	0
18799	3.7598	0	0	0	0
18800	3.76	0	0	0	0
18801	3.7602	0	0	0	0
18802	3.7604	0	0	0	0
18803	3.7606	0	0	0	0
18804	3.7608	0	0	0	0
18805	3.761	0	0	0	0
18806	3.7612	0	0	0	0
18807	3.7614	0	0	0	0
18808	3.7616	0	0	0	0
18809	3.7618	0	0	0	0
18810	3.762	0	0	0	0
18811	3.7622	0	0	0	0
18812	3.7624	0	0	0	0
18813	3.7626	0	0	0	0
18814	3.7628	0	0	0	0
18815	3.763	0	0	0	0
18816	3.7632	0	0	0	0
18817	3.7634	0	0	0	0
18818	3.7636	0	0	0	0
18819	3.7638	0	0	0	0
18820	3.764	0	0	0	0
18821	3.7642	0	0	0	0
18822	3.7644	0	0	0	0
18823	3.7646	0	0	0	0
18824	3.7648	0	0	0	0
18825	3.765	0	0	0	0
18826	3.7652	0	0	0	0
18827	3.7654	0	0	0	0
18828	3.7656	0	0	0	0
18829	3.7658	0	0	0	0
18830	3.766	0	0	0	0
18831	3.7662	0	0	0	0
18832	3.7664	0	0	0	0
18833	3.7666	0	0	0	0
18834	3.7668	0	0	0	0
18835	3.767	0	0	0	0
18836	3.7672	0	0	0	0
18837	3.7674	0	0	0	0
18838	3.7676	0	0	0	0
18839	3.7678	0	0	0	0
18840	3.768	0	0	0	0
18841	3.7682	0	0	0	0
18842	3.7684	0	0	0	0
18843	3.7686	0	0	0	0
18844	3.7688	0	0	0	0
18845	3.769	0	0	0	0
18846	3.7692	0	0	0	0
18847	3.7694	0	0	0	0
18848	3.7696	0	0	0	0
18849	3.7698	0	0	0	0
18850	3.77	0	0	0	0
18851	3.7702	0	0	0	0
18852	3.7704	0	0	0	0
18853	3.7706	0	0	0	0
18854	3.7708	0	0	0	0
18855	3.771	0	0	0	0
18856	3.7712	0	0	0	0
18857	3.7714	0	0	0	0
18858	3.7716	0	0	0	0
18859	3.7718	0	0	0	0
18860	3.772	0	0	0	0
18861	3.7722	0	0	0	0
18862	3.7724	0	0	0	0
18863	3.7726	0	0	0	0
18864	3.7728	0	0	0	0
18865	3.773	0	0	0	0
18866	3.7732	0	0	0	0
18867	3.7734	0	0	0	0
18868	3.7736	0	0	0	0
18869	3.7738	0	0	0	0
18870	3.774	0	0	0	0
18871	3.7742	0	0	0	0
18872	3.7744	0	0	0	0
18873	3.7746	0	0	0	0
18874	3.7748	0	0	0	0
18875	3.775	0	0	0	0
18876	3.7752	0	0	0	0
18877	3.7754	0	0	0	0
18878	3.7756	0	0	0	0
18879	3.7758	0	0	0	0
18880	3.776	0	0	0	0
18881	3.7762	0	0	0	0
18882	3.7764	0	0	0	0
18883	3.7766	0	0	0	0
18884	3.7768	0	0	0	0
18885	3.777	0	0	0	0
18886	3.7772	0	0	0	0
18887	3.7774	0	0	0	0
18888	3.7776	0	0	0	0
18889	3.7778	0	0	0	0
18890	3.778	0	0	0	0
18891	3.7782	0	0	0	0
18892	3.7784	0	0	0	0
18893	3.7786	0	0	0	0
18894	3.7788	0	0	0	0
18895	3.779	0	0	0	0
18896	3.7792	0	0	0	0
18897	3.7794	0	0	0	0
18898	3.7796	0	0	0	0
18899	3.7798	0	0	0	0
18900	3.78	0	0	0	0
18901	3.7802	0	0	0	0
18902	3.7804	0	0	0	0
18903	3.7806	0	0	0	0
18904	3.7808	0	0	0	0
18905	3.781	0	0	0	0
18906	3.7812	0	0	0	0
18907	3.7814	0	0	0	0
18908	3.7816	0	0	0	0
18909	3.7818	0	0	0	0
18910	3.782	0	0	0	0
18911	3.7822	0	0	0	0
18912	3.7824	0	0	0	0
18913	3.7826	0	0	0	0
18914	3.7828	0	0	0	0
18915	3.783	0	0	0	0
18916	3.7832	0	0	0	0
18917	3.7834	0	0	0	0
18918	3.7836	0	0	0	0
18919	3.7838	0	0	0	0
18920	3.784	0	0	0	0
18921	3.7842	0	0	0	0
18922	3.7844	0	0	0	0
18923	3.7846	0	0	0	0
18924	3.7848	0	0	0	0
18925	3.785	0	0	0	0
18926	3.7852	0	0	0	0
18927	3.7854	0	0	0	0
18928	3.7856	0	0	0	0
18929	3.7858	0	0	0	0
18930	3.786	0	0	0	0
18931	3.7862	0	0	0	0
18932	3.7864	0	0	0	0
18933	3.7866	0	0	0	0
18934	3.7868	0	0	0	0
18935	3.787	0	0	0	0
18936	3.7872	0	0	0	0
18937	3.7874	0	0	0	0
18938	3.7876	0	0	0	0
18939	3.7878	0	0	0	0
18940	3.788	0	0	0	0
18941	3.7882	0	0	0	0
18942	3.7884	0	0	0	0
18943	3.7886	0	0	0	0
18944	3.7888	0	0	0	0
18945	3.789	0	0	0	0
18946	3.7892	0	0	0	0
18947	3.7894	0	0	0	0
18948	3.7896	0	0	0	0
18949	3.7898	0	0	0	0
18950	3.79	0	0	0	0
18951	3.7902	0	0	0	0
18952	3.7904	0	0	0	0
18953	3.7906	0	0	0	0
18954	3.7908	0	0	0	0
18955	3.791	0	0	0	0
18956	3.7912	0	0	0	0
18957	3.7914	0	0	0	0
18958	3.7916	0	0	0	0
18959	3.7918	0	0	0	0
18960	3.792	0	0	0	0
18961	3.7922	0	0	0	0
18962	3.7924	0	0	0	0
18963	3.7926	0	0	0	0
18964	3.7928	0	0	0	0
18965	3.793	0	0	0	0
18966	3.7932	0	0	0	0
18967	3.7934	0	0	0	0
18968	3.7936	0	0	0	0
18969	3.7938	0	0	0	0
18970	3.794	0	0	0	0
18971	3.7942	0	0	0	0
18972	3.7944	0	0	0	0
18973	3.7946	0	0	0	0
18974	3.7948	0	0	0	0
18975	3.795	0	0	0	0
18976	3.7952	0	0	0	0
18977	3.7954	0	0	0	0
18978	3.7956	0	0	0	0
18979	3.7958	0	0	0	0
18980	3.796	0	0	0	0
18981	3.7962	0	0	0	0
18982	3.7964	0	0	0	0
18983	3.7966	0	0	0	0
18984	3.7968	0	0	0	0
18985	3.797	0	0	0	0
18986	3.7972	0	0	0	0
18987	3.7974	0	0	0	0
18988	3.7976	0	0	0	0
18989	3.7978	0	0	0	0
18990	3.798	0	0	0	0
18991	3.7982	0	0	0	0
18992	3.7984	0	0	0	0
18993	3.7986	0	0	0	0
18994	3.7988	0	0	0	0
18995	3.799	0	0	0	0
18996	3.7992	0	0	0	0
18997	3.7994	0	0	0	0
18998	3.7996	0	0	0	0
18999	3.7998	0	0	0	0
19000	3.8	0	0	0	0
19001	3.8002	0	0	0	0
19002	3.8004	0	0	0	0
19003	3.8006	0	0	0	0
19004	3.8008	0	0	0	0
19005	3.801	0	0	0	0
19006	3.8012	0	0	0	0
19007	3.8014	0	0	0	0
19008	3.8016	0	0	0	0
19009	3.8018	0	0	0	0
19010	3.802	0	0	0	0
19011	3.8022	0	0	0	0
19012	3.8024	0	0	0	0
19013	3.8026	0	0	0	0
19014	3.8028	0	0	0	0
19015	3.803	0	0	0	0
19016	3.8032	0	0	0	0
19017	3.8034	0	0	0	0
19018	3.8036	0	0	0	0
19019	3.8038	0	0	0	0
19020	3.804	0	0	0	0
19021	3.8042	0	0	0	0
19022	3.8044	0	0	0	0
19023	3.8046	0	0	0	0
19024	3.8048	0	0	0	0
19025	3.805	0	0	0	0
19026	3.8052	0	0	0	0
19027	3.8054	0	0	0	0
19028	3.8056	0	0	0	0
19029	3.8058	0	0	0	0
19030	3.806	0	0	0	0
19031	3.8062	0	0	0	0
19032	3.8064	0	0	0	0
19033	3.8066	0	0	0	0
19034	3.8068	0	0	0	0
19035	3.807	0	0	0	0
19036	3.8072	0	0	0	0
19037	3.8074	0	0	0	0
19038	3.8076	0	0	0	0
19039	3.8078	0	0	0	0
19040	3.808	0	0	0	0
19041	3.8082	0	0	0	0
19042	3.8084	0	0	0	0
19043	3.8086	0	0	0	0
19044	3.8088	0	0	0	0
19045	3.809	0	0	0	0
19046	3.8092	0	0	0	0
19047	3.8094	0	0	0	0
19048	3.8096	0	0	0	0
19049	3.8098	0	0	0	0
19050	3.81	0	0	0	0
19051	3.8102	0	0	0	0
19052	3.8104	0	0	0	0
19053	3.8106	0	0	0	0
19054	3.8108	0	0	0	0
19055	3.811	0	0	0	0
19056	3.8112	0	0	0	0
19057	3.8114	0	0	0	0
19058	3.8116	0	0	0	0
19059	3.8118	0	0	0	0
19060	3.812	0	0	0	0
19061	3.8122	0	0	0	0
19062	3.8124	0	0	0	0
19063	3.8126	0	0	0	0
19064	3.8128	0	0	0	0
19065	3.813	0	0	0	0
19066	3.8132	0	0	0	0
19067	3.8134	0	0	0	0
19068	3.8136	0	0	0	0
19069	3.8138	0	0	0	0
19070	3.814	0	0	0	0
19071	3.8142	0	0	0	0
19072	3.8144	0	0	0	0
19073	3.8146	0	0	0	0
19074	3.8148	0	0	0	0
19075	3.815	0	0	0	0
19076	3.8152	0	0	0	0
19077	3.8154	0	0	0	0
19078	3.8156	0	0	0	0
19079	3.8158	0	0	0	0
19080	3.816	0	0	0	0
19081	3.8162	0	0	0	0
19082	3.8164	0	0	0	0
19083	3.8166	0	0	0	0
19084	3.8168	0	0	0	0
19085	3.817	0	0	0	0
19086	3.8172	0	0	0	0
19087	3.8174	0	0	0	0
19088	3.8176	0	0	0	0
19089	3.8178	0	0	0	0
19090	3.818	0	0	0	0
19091	3.8182	0	0	0	0
19092	3.8184	0	0	0	0
19093	3.8186	0	0	0	0
19094	3.8188	0	0	0	0
19095	3.819	0	0	0	0
19096	3.8192	0	0	0	0
19097	3.8194	0	0	0	0
19098	3.8196	0	0	0	0
19099	3.8198	0	0	0	0
19100	3.82	0	0	0	0
19101	3.8202	0	0	0	0
19102	3.8204	0	0	0	0
19103	3.8206	0	0	0	0
19104	3.8208	0	0	0	0
19105	3.821	0	0	0	0
19106	3.8212	0	0	0	0
19107	3.8214	0	0	0	0
19108	3.8216	0	0	0	0
19109	3.8218	0	0	0	0
19110	3.822	0	0	0	0
19111	3.8222	0	0	0	0
19112	3.8224	0	0	0	0
19113	3.8226	0	0	0	0
19114	3.8228	0	0	0	0
19115	3.823	0	0	0	0
19116	3.8232	0	0	0	0
19117	3.8234	0	0	0	0
19118	3.8236	0	0	0	0
19119	3.8238	0	0	0	0
19120	3.824	0	0	0	0
19121	3.8242	0	0	0	0
19122	3.8244	0	0	0	0
19123	3.8246	0	0	0	0
19124	3.8248	0	0	0	0
19125	3.825	0	0	0	0
19126	3.8252	0	0	0	0
19127	3.8254	0	0	0	0
19128	3.8256	0	0	0	0
19129	3.8258	0	0	0	0
19130	3.826	0	0	0	0
19131	3.8262	0	0	0	0
19132	3.8264	0	0	0	0
19133	3.8266	0	0	0	0
19134	3.8268	0	0	0	0
19135	3.827	0	0	0	0
19136	3.8272	0	0	0	0
19137	3.8274	0	0	0	0
19138	3.8276	0	0	0	0
19139	3.8278	0	0	0	0
19140	3.828	0	0	0	0
19141	3.8282	0	0	0	0
19142	3.8284	0	0	0	0
19143	3.8286	0	0	0	0
19144	3.8288	0	0	0	0
19145	3.829	0	0	0	0
19146	3.8292	0	0	0	0
19147	3.8294	0	0	0	0
19148	3.8296	0	0	0	0
19149	3.8298	0	0	0	0
19150	3.83	0	0	0	0
19151	3.8302	0	0	0	0
19152	3.8304	0	0	0	0
19153	3.8306	0	0	0	0
19154	3.8308	0	0	0	0
19155	3.831	0	0	0	0
19156	3.8312	0	0	0	0
19157	3.8314	0	0	0	0
19158	3.8316	0	0	0	0
19159	3.8318	0	0	0	0
19160	3.832	0	0	0	0
19161	3.8322	0	0	0	0
19162	3.8324	0	0	0	0
19163	3.8326	0	0	0	0
19164	3.8328	0	0	0	0
19165	3.833	0	0	0	0
19166	3.8332	0	0	0	0
19167	3.8334	0	0	0	0
19168	3.8336	0	0	0	0
19169	3.8338	0	0	0	0
19170	3.834	0	0	0	0
19171	3.8342	0	0	0	0
19172	3.8344	0	0	0	0
19173	3.8346	0	0	0	0
19174	3.8348	0	0	0	0
19175	3.835	0	0	0	0
19176	3.8352	0	0	0	0
19177	3.8354	0	0	0	0
19178	3.8356	0	0	0	0
19179	3.8358	0	0	0	0
19180	3.836	0	0	0	0
19181	3.8362	0	0	0	0
19182	3.8364	0	0	0	0
19183	3.8366	0	0	0	0
19184	3.8368	0	0	0	0
19185	3.837	0	0	0	0
19186	3.8372	0	0	0	0
19187	3.8374	0	0	0	0
19188	3.8376	0	0	0	0
19189	3.8378	0	0	0	0
19190	3.838	0	0	0	0
19191	3.8382	0	0	0	0
19192	3.8384	0	0	0	0
19193	3.8386	0	0	0	0
19194	3.8388	0	0	0	0
19195	3.839	0	0	0	0
19196	3.8392	0	0	0	0
19197	3.8394	0	0	0	0
19198	3.8396	0	0	0	0
19199	3.8398	0	0	0	0
19200	3.84	0	0	0	0
19201	3.8402	0	0	0	0
19202	3.8404	0	0	0	0
19203	3.8406	0	0	0	0
19204	3.8408	0	0	0	0
19205	3.841	0	0	0	0
19206	3.8412	0	0	0	0
19207	3.8414	0	0	0	0
19208	3.8416	0	0	0	0
19209	3.8418	0	0	0	0
19210	3.842	0	0	0	0
19211	3.8422	0	0	0	0
19212	3.8424	0	0	0	0
19213	3.8426	0	0	0	0
19214	3.8428	0	0	0	0
19215	3.843	0	0	0	0
19216	3.8432	0	0	0	0
19217	3.8434	0	0	0	0
19218	3.8436	0	0	0	0
19219	3.8438	0	0	0	0
19220	3.844	0	0	0	0
19221	3.8442	0	0	0	0
19222	3.8444	0	0	0	0
19223	3.8446	0	0	0	0
19224	3.8448	0	0	0	0
19225	3.845	0	0	0	0
19226	3.8452	0	0	0	0
19227	3.8454	0	0	0	0
19228	3.8456	0	0	0	0
19229	3.8458	0	0	0	0
19230	3.846	0	0	0	0
19231	3.8462	0	0	0	0
19232	3.8464	0	0	0	0
19233	3.8466	0	0	0	0
19234	3.8468	0	0	0	0
19235	3.847	0	0	0	0
19236	3.8472	0	0	0	0
19237	3.8474	0	0	0	0
19238	3.8476	0	0	0	0
19239	3.8478	0	0	0	0
19240	3.848	0	0	0	0
19241	3.8482	0	0	0	0
19242	3.8484	0	0	0	0
19243	3.8486	0	0	0	0
19244	3.8488	0	0	0	0
19245	3.849	0	0	0	0
19246	3.8492	0	0	0	0
19247	3.8494	0	0	0	0
19248	3.8496	0	0	0	0
19249	3.8498	0	0	0	0
19250	3.85	0	0	0	0
19251	3.8502	0	0	0	0
19252	3.8504	0	0	0	0
19253	3.8506	0	0	0	0
19254	3.8508	0	0	0	0
19255	3.851	0	0	0	0
19256	3.8512	0	0	0	0
19257	3.8514	0	0	0	0
19258	3.8516	0	0	0	0
19259	3.8518	0	0	0	0
19260	3.852	0	0	0	0
19261	3.8522	0	0	0	0
19262	3.8524	0	0	0	0
19263	3.8526	0	0	0	0
19264	3.8528	0	0	0	0
19265	3.853	0	0	0	0
19266	3.8532	0	0	0	0
19267	3.8534	0	0	0	0
19268	3.8536	0	0	0	0
19269	3.8538	0	0	0	0
19270	3.854	0	0	0	0
19271	3.8542	0	0	0	0
19272	3.8544	0	0	0	0
19273	3.8546	0	0	0	0
19274	3.8548	0	0	0	0
19275	3.855	0	0	0	0
19276	3.8552	0	0	0	0
19277	3.8554	0	0	0	0
19278	3.8556	0	0	0	0
19279	3.8558	0	0	0	0
19280	3.856	0	0	0	0
19281	3.8562	0	0	0	0
19282	3.8564	0	0	0	0
19283	3.8566	0	0	0	0
19284	3.8568	0	0	0	0
19285	3.857	0	0	0	0
19286	3.8572	0	0	0	0
19287	3.8574	0	0	0	0
19288	3.8576	0	0	0	0
19289	3.8578	0	0	0	0
19290	3.858	0	0	0	0
19291	3.8582	0	0	0	0
19292	3.8584	0	0	0	0
19293	3.8586	0	0	0	0
19294	3.8588	0	0	0	0
19295	3.859	0	0	0	0
19296	3.8592	0	0	0	0
19297	3.8594	0	0	0	0
19298	3.8596	0	0	0	0
19299	3.8598	0	0	0	0
19300	3.86	0	0	0	0
19301	3.8602	0	0	0	0
19302	3.8604	0	0	0	0
19303	3.8606	0	0	0	0
19304	3.8608	0	0	0	0
19305	3.861	0	0	0	0
19306	3.8612	0	0	0	0
19307	3.8614	0	0	0	0
19308	3.8616	0	0	0	0
19309	3.8618	0	0	0	0
19310	3.862	0	0	0	0
19311	3.8622	0	0	0	0
19312	3.8624	0	0	0	0
19313	3.8626	0	0	0	0
19314	3.8628	0	0	0	0
19315	3.863	0	0	0	0
19316	3.8632	0	0	0	0
19317	3.8634	0	0	0	0
19318	3.8636	0	0	0	0
19319	3.8638	0	0	0	0
19320	3.864	0	0	0	0
19321	3.8642	0	0	0	0
19322	3.8644	0	0	0	0
19323	3.8646	0	0	0	0
19324	3.8648	0	0	0	0
19325	3.865	0	0	0	0
19326	3.8652	0	0	0	0
19327	3.8654	0	0	0	0
19328	3.8656	0	0	0	0
19329	3.8658	0	0	0	0
19330	3.866	0	0	0	0
19331	3.8662	0	0	0	0
19332	3.8664	0	0	0	0
19333	3.8666	0	0	0	0
19334	3.8668	0	0	0	0
19335	3.867	0	0	0	0
19336	3.8672	0	0	0	0
19337	3.8674	0	0	0	0
19338	3.8676	0	0	0	0
19339	3.8678	0	0	0	0
19340	3.868	0	0	0	0
19341	3.8682	0	0	0	0
19342	3.8684	0	0	0	0
19343	3.8686	0	0	0	0
19344	3.8688	0	0	0	0
19345	3.869	0	0	0	0
19346	3.8692	0	0	0	0
19347	3.8694	0	0	0	0
19348	3.8696	0	0	0	0
19349	3.8698	0	0	0	0
19350	3.87	0	0	0	0
19351	3.8702	0	0	0	0
19352	3.8704	0	0	0	0
19353	3.8706	0	0	0	0
19354	3.8708	0	0	0	0
19355	3.871	0	0	0	0
19356	3.8712	0	0	0	0
19357	3.8714	0	0	0	0
19358	3.8716	0	0	0	0
19359	3.8718	0	0	0	0
19360	3.872	0	0	0	0
19361	3.8722	0	0	0	0
19362	3.8724	0	0	0	0
19363	3.8726	0	0	0	0
19364	3.8728	0	0	0	0
19365	3.873	0	0	0	0
19366	3.8732	0	0	0	0
19367	3.8734	0	0	0	0
19368	3.8736	0	0	0	0
19369	3.8738	0	0	0	0
19370	3.874	0	0	0	0
19371	3.8742	0	0	0	0
19372	3.8744	0	0	0	0
19373	3.8746	0	0	0	0
19374	3.8748	0	0	0	0
19375	3.875	0	0	0	0
19376	3.8752	0	0	0	0
19377	3.8754	0	0	0	0
19378	3.8756	0	0	0	0
19379	3.8758	0	0	0	0
19380	3.876	0	0	0	0
19381	3.8762	0	0	0	0
19382	3.8764	0	0	0	0
19383	3.8766	0	0	0	0
19384	3.8768	0	0	0	0
19385	3.877	0	0	0	0
19386	3.8772	0	0	0	0
19387	3.8774	0	0	0	0
19388	3.8776	0	0	0	0
19389	3.8778	0	0	0	0
19390	3.878	0	0	0	0
19391	3.8782	0	0	0	0
19392	3.8784	0	0	0	0
19393	3.8786	0	0	0	0
19394	3.8788	0	0	0	0
19395	3.879	0	0	0	0
19396	3.8792	0	0	0	0
19397	3.8794	0	0	0	0
19398	3.8796	0	0	0	0
19399	3.8798	0	0	0	0
19400	3.88	0	0	0	0
19401	3.8802	0	0	0	0
19402	3.8804	0	0	0	0
19403	3.8806	0	0	0	0
19404	3.8808	0	0	0	0
19405	3.881	0	1	0	0
19406	3.8812	0	1	0	0
19407	3.8814	0	1	0	0
19408	3.8816	0	1	0	0
19409	3.8818	0	1	0	0
19410	3.882	0	1	0	0
19411	3.8822	0	1	0	0
19412	3.8824	0	1	0	0
19413	3.8826	0	1	0	0
19414	3.8828	0	1	0	0
19415	3.883	0	1	0	0
19416	3.8832	0	1	0	0
19417	3.8834	0	1	0	0
19418	3.8836	0	1	0	0
19419	3.8838	0	1	0	0
19420	3.884	0	1	0	0
19421	3.8842	0	1	0	0
19422	3.8844	0	1	0	0
19423	3.8846	0	1	0	0
19424	3.8848	0	1	0	0
19425	3.885	0	1	0	0
19426	3.8852	0	1	0	0
19427	3.8854	0	1	0	0
19428	3.8856	0	1	0	0
19429	3.8858	0	1	0	0
19430	3.886	0	1	0	0
19431	3.8862	0	1	0	0
19432	3.8864	0	1	0	0
19433	3.8866	0	1	0	0
19434	3.8868	0	1	0	0
19435	3.887	0	1	0	0
19436	3.8872	0	1	0	0
19437	3.8874	0	1	0	0
19438	3.8876	0	1	0	0
19439	3.8878	0	1	0	0
19440	3.888	0	1	0	0
19441	3.8882	0	1	0	0
19442	3.8884	0	1	0	0
19443	3.8886	0	1	0	0
19444	3.8888	0	1	0	0
19445	3.889	0	1	0	0
19446	3.8892	0	1	0	0
19447	3.8894	0	1	0	0
19448	3.8896	0	1	0	0
19449	3.8898	0	1	0	0
19450	3.89	0	1	0	0
19451	3.8902	0	1	0	0
19452	3.8904	0	1	0	0
19453	3.8906	0	1	0	0
19454	3.8908	0	1	0	0
19455	3.891	0	1	0	0
19456	3.8912	0	1	0	0
19457	3.8914	0	1	0	0
19458	3.8916	0	1	0	0
19459	3.8918	0	1	0	0
19460	3.892	0	0	0	0
19461	3.8922	0	0	0	0
19462	3.8924	0	0	0	0
19463	3.8926	0	0	0	0
19464	3.8928	0	0	0	0
19465	3.893	0	0	0	0
19466	3.8932	0	0	0	0
19467	3.8934	0	0	0	0
19468	3.8936	0	0	0	0
19469	3.8938	0	0	0	0
19470	3.894	0	0	0	0
19471	3.8942	0	0	0	0
19472	3.8944	0	0	0	0
19473	3.8946	0	0	0	0
19474	3.8948	0	0	0	0
19475	3.895	0	0	0	0
19476	3.8952	0	0	0	0
19477	3.8954	0	0	0	0
19478	3.8956	0	0	0	0
19479	3.8958	0	0	0	0
19480	3.896	0	0	0	0
19481	3.8962	0	0	0	0
19482	3.8964	0	0	0	0
19483	3.8966	0	0	0	0
19484	3.8968	0	0	0	0
19485	3.897	0	0	0	0
19486	3.8972	0	0	0	0
19487	3.8974	0	0	0	0
19488	3.8976	0	0	0	0
19489	3.8978	0	0	0	0
19490	3.898	0	0	0	0
19491	3.8982	0	0	0	0
19492	3.8984	0	0	0	0
19493	3.8986	0	0	0	0
19494	3.8988	0	0	0	0
19495	3.899	0	0	0	0
19496	3.8992	0	0	0	0
19497	3.8994	0	0	0	0
19498	3.8996	0	0	0	0
19499	3.8998	0	0	0	0
19500	3.9	0	0	0	0
19501	3.9002	0	0	0	0
19502	3.9004	0	0	0	0
19503	3.9006	0	0	0	0
19504	3.9008	0	0	0	0
19505	3.901	0	0	0	0
19506	3.9012	0	0	0	0
19507	3.9014	0	0	0	0
19508	3.9016	0	0	0	0
19509	3.9018	0	0	0	0
19510	3.902	0	0	0	0
19511	3.9022	0	0	0	0
19512	3.9024	0	0	0	0
19513	3.9026	0	0	0	0
19514	3.9028	0	0	0	0
19515	3.903	0	0	0	0
19516	3.9032	0	0	0	0
19517	3.9034	0	0	0	0
19518	3.9036	0	0	0	0
19519	3.9038	0	0	0	0
19520	3.904	0	0	0	0
19521	3.9042	0	0	0	0
19522	3.9044	0	0	0	0
19523	3.9046	0	0	0	0
19524	3.9048	0	0	0	0
19525	3.905	0	0	0	0
19526	3.9052	0	0	0	0
19527	3.9054	0	0	0	0
19528	3.9056	0	0	0	0
19529	3.9058	0	0	0	0
19530	3.906	0	0	0	0
19531	3.9062	0	0	0	0
19532	3.9064	0	0	0	0
19533	3.9066	0	0	0	0
19534	3.9068	0	0	0	0
19535	3.907	0	0	0	0
19536	3.9072	0	0	0	0
19537	3.9074	0	0	0	0
19538	3.9076	0	0	0	0
19539	3.9078	0	0	0	0
19540	3.908	0	0	0	0
19541	3.9082	0	0	0	0
19542	3.9084	0	0	0	0
19543	3.9086	0	0	0	0
19544	3.9088	0	0	0	0
19545	3.909	0	0	0	0
19546	3.9092	0	0	0	0
19547	3.9094	0	0	0	0
19548	3.9096	0	0	0	0
19549	3.9098	0	0	0	0
19550	3.91	0	0	0	0
19551	3.9102	0	0	0	0
19552	3.9104	0	0	0	0
19553	3.9106	0	0	0	0
19554	3.9108	0	0	0	0
19555	3.911	0	0	0	0
19556	3.9112	0	0	0	0
19557	3.9114	0	0	0	0
19558	3.9116	0	0	0	0
19559	3.9118	0	0	0	0
19560	3.912	0	0	0	0
19561	3.9122	0	0	0	0
19562	3.9124	0	0	0	0
19563	3.9126	0	0	0	0
19564	3.9128	0	0	0	0
19565	3.913	0	0	0	0
19566	3.9132	0	0	0	0
19567	3.9134	0	0	0	0
19568	3.9136	0	0	0	0
19569	3.9138	0	0	0	0
19570	3.914	0	0	0	0
19571	3.9142	0	0	0	0
19572	3.9144	0	0	0	0
19573	3.9146	0	0	0	0
19574	3.9148	0	0	0	0
19575	3.915	0	0	0	0
19576	3.9152	0	0	0	0
19577	3.9154	0	0	0	0
19578	3.9156	0	0	0	0
19579	3.9158	0	0	0	0
19580	3.916	0	0	0	0
19581	3.9162	0	0	0	0
19582	3.9164	0	0	0	0
19583	3.9166	0	0	0	0
19584	3.9168	0	0	0	0
19585	3.917	0	0	0	0
19586	3.9172	0	0	0	0
19587	3.9174	0	0	0	0
19588	3.9176	0	0	0	0
19589	3.9178	0	0	0	0
19590	3.918	0	0	0	0
19591	3.9182	0	0	0	0
19592	3.9184	0	0	0	0
19593	3.9186	0	0	0	0
19594	3.9188	0	0	0	0
19595	3.919	0	0	0	0
19596	3.9192	0	0	0	0
19597	3.9194	0	0	0	0
19598	3.9196	0	0	0	0
19599	3.9198	0	0	0	0
19600	3.92	0	0	0	0
19601	3.9202	0	0	0	0
19602	3.9204	0	0	0	0
19603	3.9206	0	0	0	0
19604	3.9208	0	0	0	0
19605	3.921	0	0	0	0
19606	3.9212	0	0	0	0
19607	3.9214	0	0	0	0
19608	3.9216	0	0	0	0
19609	3.9218	0	0	0	0
19610	3.922	0	0	0	0
19611	3.9222	0	0	0	0
19612	3.9224	0	0	0	0
19613	3.9226	0	0	0	0
19614	3.9228	0	0	0	0
19615	3.923	0	0	0	0
19616	3.9232	0	0	0	0
19617	3.9234	0	0	0	0
19618	3.9236	0	0	0	0
19619	3.9238	0	0	0	0
19620	3.924	0	0	0	0
19621	3.9242	0	0	0	0
19622	3.9244	0	0	0	0
19623	3.9246	0	0	0	0
19624	3.9248	0	0	0	0
19625	3.925	0	1	0	0
19626	3.9252	0	1	0	0
19627	3.9254	0	1	0	0
19628	3.9256	0	1	0	0
19629	3.9258	0	1	0	0
19630	3.926	0	1	0	0
19631	3.9262	0	1	0	0
19632	3.9264	0	1	0	0
19633	3.9266	0	1	0	0
19634	3.9268	0	1	0	0
19635	3.927	0	1	0	0
19636	3.9272	0	1	0	0
19637	3.9274	0	1	0	0
19638	3.9276	0	1	0	0
19639	3.9278	0	1	0	0
19640	3.928	0	1	0	0
19641	3.9282	0	1	0	0
19642	3.9284	0	1	0	0
19643	3.9286	0	1	0	0
19644	3.9288	0	1	0	0
19645	3.929	0	1	0	0
19646	3.9292	0	1	0	0
19647	3.9294	0	1	0	0
19648	3.9296	0	1	0	0
19649	3.9298	0	1	0	0
19650	3.93	0	1	0	0
19651	3.9302	0	1	0	0
19652	3.9304	0	1	0	0
19653	3.9306	0	1	0	0
19654	3.9308	0	1	0	0
19655	3.931	0	1	0	0
19656	3.9312	0	1	0	0
19657	3.9314	0	1	0	0
19658	3.9316	0	1	0	0
19659	3.9318	0	1	0	0
19660	3.932	0	1	0	0
19661	3.9322	0	1	0	0
19662	3.9324	0	1	0	0
19663	3.9326	0	1	0	0
19664	3.9328	0	1	0	0
19665	3.933	0	1	0	0
19666	3.9332	0	1	0	0
19667	3.9334	0	1	0	0
19668	3.9336	0	1	0	0
19669	3.9338	0	1	0	0
19670	3.934	0	1	0	0
19671	3.9342	0	1	0	0
19672	3.9344	0	1	0	0
19673	3.9346	0	1	0	0
19674	3.9348	0	1	0	0
19675	3.935	0	1	0	0
19676	3.9352	0	1	0	0
19677	3.9354	0	1	0	0
19678	3.9356	0	1	0	0
19679	3.9358	0	1	0	0
19680	3.936	0	1	0	0
19681	3.9362	0	1	0	0
19682	3.9364	0	1	0	0
19683	3.9366	0	1	0	0
19684	3.9368	0	1	0	0
19685	3.937	0	1	0	0
19686	3.9372	0	1	0	0
19687	3.9374	0	1	0	0
19688	3.9376	0	1	0	0
19689	3.9378	0	1	0	0
19690	3.938	0	1	0	0
19691	3.9382	0	1	0	0
19692	3.9384	0	1	0	0
19693	3.9386	0	1	0	0
19694	3.9388	0	1	0	0
19695	3.939	0	1	0	0
19696	3.9392	0	1	0	0
19697	3.9394	0	1	0	0
19698	3.9396	0	1	0	0
19699	3.9398	0	1	0	0
19700	3.94	0	1	0	0
19701	3.9402	0	1	0	0
19702	3.9404	0	1	0	0
19703	3.9406	0	1	0	0
19704	3.9408	0	1	0	0
19705	3.941	0	1	0	0
19706	3.9412	0	1	0	0
19707	3.9414	0	1	0	0
19708	3.9416	0	1	0	0
19709	3.9418	0	1	0	0
19710	3.942	0	1	0	0
19711	3.9422	0	1	0	0
19712	3.9424	0	1	0	0
19713	3.9426	0	1	0	0
19714	3.9428	0	1	0	0
19715	3.943	0	1	0	0
19716	3.9432	0	1	0	0
19717	3.9434	0	1	0	0
19718	3.9436	0	1	0	0
19719	3.9438	0	1	0	0
19720	3.944	0	1	0	0
19721	3.9442	0	1	0	0
19722	3.9444	0	1	0	0
19723	3.9446	0	1	0	0
19724	3.9448	0	1	0	0
19725	3.945	0	1	0	0
19726	3.9452	0	1	0	0
19727	3.9454	0	1	0	0
19728	3.9456	0	1	0	0
19729	3.9458	0	1	0	0
19730	3.946	0	1	0	0
19731	3.9462	0	1	0	0
19732	3.9464	0	1	0	0
19733	3.9466	0	1	0	0
19734	3.9468	0	1	0	0
19735	3.947	0	1	0	0
19736	3.9472	0	1	0	0
19737	3.9474	0	1	0	0
19738	3.9476	0	1	0	0
19739	3.9478	0	1	0	0
19740	3.948	0	1	0	0
19741	3.9482	0	1	0	0
19742	3.9484	0	1	0	0
19743	3.9486	0	1	0	0
19744	3.9488	0	1	0	0
19745	3.949	0	1	0	0
19746	3.9492	0	1	0	0
19747	3.9494	0	1	0	0
19748	3.9496	0	1	0	0
19749	3.9498	0	1	0	0
19750	3.95	0	1	0	0
19751	3.9502	0	1	0	0
19752	3.9504	0	1	0	0
19753	3.9506	0	1	0	0
19754	3.9508	0	1	0	0
19755	3.951	0	1	0	0
19756	3.9512	0	1	0	0
19757	3.9514	0	1	0	0
19758	3.9516	0	1	0	0
19759	3.9518	0	1	0	0
19760	3.952	0	1	0	0
19761	3.9522	0	1	0	0
19762	3.9524	0	1	0	0
19763	3.9526	0	1	0	0
19764	3.9528	0	1	0	0
19765	3.953	0	1	0	0
19766	3.9532	0	1	0	0
19767	3.9534	0	1	0	0
19768	3.9536	0	1	0	0
19769	3.9538	0	1	0	0
19770	3.954	0	1	0	0
19771	3.9542	0	1	0	0
19772	3.9544	0	1	0	0
19773	3.9546	0	1	0	0
19774	3.9548	0	1	0	0
19775	3.955	0	1	0	0
19776	3.9552	0	1	0	0
19777	3.9554	0	1	0	0
19778	3.9556	0	1	0	0
19779	3.9558	0	1	0	0
19780	3.956	0	1	0	0
19781	3.9562	0	1	0	0
19782	3.9564	0	1	0	0
19783	3.9566	0	1	0	0
19784	3.9568	0	1	0	0
19785	3.957	0	1	0	0
19786	3.9572	0	1	0	0
19787	3.9574	0	1	0	0
19788	3.9576	0	1	0	0
19789	3.9578	0	1	0	0
19790	3.958	0	1	0	0
19791	3.9582	0	1	0	0
19792	3.9584	0	1	0	0
19793	3.9586	0	1	0	0
19794	3.9588	0	1	0	0
19795	3.959	0	1	0	0
19796	3.9592	0	1	0	0
19797	3.9594	0	1	0	0
19798	3.9596	0	1	0	0
19799	3.9598	0	1	0	0
19800	3.96	0	1	0	0
19801	3.9602	0	1	0	0
19802	3.9604	0	1	0	0
19803	3.9606	0	1	0	0
19804	3.9608	0	1	0	0
19805	3.961	0	1	0	0
19806	3.9612	0	1	0	0
19807	3.9614	0	1	0	0
19808	3.9616	0	1	0	0
19809	3.9618	0	1	0	0
19810	3.962	0	1	0	0
19811	3.9622	0	1	0	0
19812	3.9624	0	1	0	0
19813	3.9626	0	1	0	0
19814	3.9628	0	1	0	0
19815	3.963	0	1	0	0
19816	3.9632	0	1	0	0
19817	3.9634	0	1	0	0
19818	3.9636	0	1	0	0
19819	3.9638	0	1	0	0
19820	3.964	0	1	0	0
19821	3.9642	0	1	0	0
19822	3.9644	0	1	0	0
19823	3.9646	0	1	0	0
19824	3.9648	0	1	0	0
19825	3.965	0	1	0	0
19826	3.9652	0	1	0	0
19827	3.9654	0	1	0	0
19828	3.9656	0	1	0	0
19829	3.9658	0	1	0	0
19830	3.966	0	1	0	0
19831	3.9662	0	1	0	0
19832	3.9664	0	1	0	0
19833	3.9666	0	1	0	0
19834	3.9668	0	1	0	0
19835	3.967	0	1	0	0
19836	3.9672	0	1	0	0
19837	3.9674	0	1	0	0
19838	3.9676	0	1	0	0
19839	3.9678	0	1	0	0
19840	3.968	0	1	0	0
19841	3.9682	0	1	0	0
19842	3.9684	0	1	0	0
19843	3.9686	0	1	0	0
19844	3.9688	0	1	0	0
19845	3.969	0	1	0	0
19846	3.9692	0	1	0	0
19847	3.9694	0	1	0	0
19848	3.9696	0	1	0	0
19849	3.9698	0	1	0	0
19850	3.97	0	1	0	0
19851	3.9702	0	1	0	0
19852	3.9704	0	1	0	0
19853	3.9706	0	1	0	0
19854	3.9708	0	1	0	0
19855	3.971	0	1	0	0
19856	3.9712	0	1	0	0
19857	3.9714	0	1	0	0
19858	3.9716	0	1	0	0
19859	3.9718	0	1	0	0
19860	3.972	0	1	0	0
19861	3.9722	0	1	0	0
19862	3.9724	0	1	0	0
19863	3.9726	0	1	0	0
19864	3.9728	0	1	0	0
19865	3.973	0	1	0	0
19866	3.9732	0	1	0	0
19867	3.9734	0	1	0	0
19868	3.9736	0	1	0	0
19869	3.9738	0	1	0	0
19870	3.974	0	1	0	0
19871	3.9742	0	1	0	0
19872	3.9744	0	1	0	0
19873	3.9746	0	1	0	0
19874	3.9748	0	1	0	0
19875	3.975	0	1	0	0
19876	3.9752	0	1	0	0
19877	3.9754	0	1	0	0
19878	3.9756	0	1	0	0
19879	3.9758	0	1	0	0
19880	3.976	0	1	0	0
19881	3.9762	0	1	0	0
19882	3.9764	0	1	0	0
19883	3.9766	0	1	0	0
19884	3.9768	0	1	0	0
19885	3.977	0	1	0	0
19886	3.9772	0	1	0	0
19887	3.9774	0	1	0	0
19888	3.9776	0	1	0	0
19889	3.9778	0	1	0	0
19890	3.978	0	1	0	0
19891	3.9782	0	1	0	0
19892	3.9784	0	1	0	0
19893	3.9786	0	1	0	0
19894	3.9788	0	1	0	0
19895	3.979	0	1	0	0
19896	3.9792	0	1	0	0
19897	3.9794	0	1	0	0
19898	3.9796	0	1	0	0
19899	3.9798	0	1	0	0
19900	3.98	0	1	0	0
19901	3.9802	0	1	0	0
19902	3.9804	0	1	0	0
19903	3.9806	0	1	0	0
19904	3.9808	0	1	0	0
19905	3.981	0	1	0	0
19906	3.9812	0	1	0	0
19907	3.9814	0	1	0	0
19908	3.9816	0	1	0	0
19909	3.9818	0	1	0	0
19910	3.982	0	1	0	0
19911	3.9822	0	1	0	0
19912	3.9824	0	1	0	0
19913	3.9826	0	1	0	0
19914	3.9828	0	1	0	0
19915	3.983	0	1	0	0
19916	3.9832	0	1	0	0
19917	3.9834	0	1	0	0
19918	3.9836	0	1	0	0
19919	3.9838	0	1	0	0
19920	3.984	0	1	0	0
19921	3.9842	0	1	0	0
19922	3.9844	0	1	0	0
19923	3.9846	0	1	0	0
19924	3.9848	0	1	0	0
19925	3.985	0	0	0	0
19926	3.9852	0	0	0	0
19927	3.9854	0	0	0	0
19928	3.9856	0	0	0	0
19929	3.9858	0	0	0	0
19930	3.986	0	0	0	0
19931	3.9862	0	0	0	0
19932	3.9864	0	0	0	0
19933	3.9866	0	0	0	0
19934	3.9868	0	0	0	0
19935	3.987	0	0	0	0
19936	3.9872	0	0	0	0
19937	3.9874	0	0	0	0
19938	3.9876	0	0	0	0
19939	3.9878	0	0	0	0
19940	3.988	0	0	0	0
19941	3.9882	0	0	0	0
19942	3.9884	0	0	0	0
19943	3.9886	0	0	0	0
19944	3.9888	0	0	0	0
19945	3.989	0	0	0	0
19946	3.9892	0	0	0	0
19947	3.9894	0	0	0	0
19948	3.9896	0	0	0	0
19949	3.9898	0	0	0	0
19950	3.99	0	0	0	0
19951	3.9902	0	0	0	0
19952	3.9904	0	0	0	0
19953	3.9906	0	0	0	0
19954	3.9908	0	0	0	0
19955	3.991	0	0	0	0
19956	3.9912	0	0	0	0
19957	3.9914	0	0	0	0
19958	3.9916	0	0	0	0
19959	3.9918	0	0	0	0
19960	3.992	0	0	0	0
19961	3.9922	0	0	0	0
19962	3.9924	0	0	0	0
19963	3.9926	0	0	0	0
19964	3.9928	0	0	0	0
19965	3.993	0	0	0	0
19966	3.9932	0	0	0	0
19967	3.9934	0	0	0	0
19968	3.9936	0	0	0	0
19969	3.9938	0	0	0	0
19970	3.994	0	0	0	0
19971	3.9942	0	0	0	0
19972	3.9944	0	0	0	0
19973	3.9946	0	0	0	0
19974	3.9948	0	0	0	0
19975	3.995	0	0	0	0
19976	3.9952	0	0	0	0
19977	3.9954	0	0	0	0
19978	3.9956	0	0	0	0
19979	3.9958	0	0	0	0
19980	3.996	0	0	0	0
19981	3.9962	0	0	0	0
19982	3.9964	0	0	0	0
19983	3.9966	0	0	0	0
19984	3.9968	0	0	0	0
19985	3.997	0	0	0	0
19986	3.9972	0	0	0	0
19987	3.9974	0	0	0	0
19988	3.9976	0	0	0	0
19989	3.9978	0	0	0	0
19990	3.998	0	0	0	0
19991	3.9982	0	0	0	0
19992	3.9984	0	0	0	0
19993	3.9986	0	0	0	0
19994	3.9988	0	0	0	0
19995	3.999	0	0	0	0
19996	3.9992	0	0	0	0
19997	3.9994	0	0	0	0
19998	3.9996	0	0	0	0
19999	3.9998	0	0	0	0
20000	4	0	0	0	0
20001	4.0002	0	0	0	0
20002	4.0004	0	0	0	0
20003	4.0006	0	0	0	0
20004	4.0008	0	0	0	0
20005	4.001	0	0	0	0
20006	4.0012	0	0	0	0
20007	4.0014	0	0	0	0
20008	4.0016	0	0	0	0
20009	4.0018	0	0	0	0
20010	4.002	0	0	0	0
20011	4.0022	0	0	0	0
20012	4.0024	0	0	0	0
20013	4.0026	0	0	0	0
20014	4.0028	0	0	0	0
20015	4.003	0	0	0	0
20016	4.0032	0	0	0	0
20017	4.0034	0	0	0	0
20018	4.0036	0	0	0	0
20019	4.0038	0	0	0	0
20020	4.004	0	0	0	0
20021	4.0042	0	0	0	0
20022	4.0044	0	0	0	0
20023	4.0046	0	0	0	0
20024	4.0048	0	0	0	0
20025	4.005	0	0	0	0
20026	4.0052	0	0	0	0
20027	4.0054	0	0	0	0
20028	4.0056	0	0	0	0
20029	4.0058	0	0	0	0
20030	4.006	0	0	0	0
20031	4.0062	0	0	0	0
20032	4.0064	0	0	0	0
20033	4.0066	0	0	0	0
20034	4.0068	0	0	0	0
20035	4.007	0	0	0	0
20036	4.0072	0	0	0	0
20037	4.0074	0	0	0	0
20038	4.0076	0	0	0	0
20039	4.0078	0	0	0	0
20040	4.008	0	0	0	0
20041	4.0082	0	0	0	0
20042	4.0084	0	0	0	0
20043	4.0086	0	0	0	0
20044	4.0088	0	0	0	0
20045	4.009	0	0	0	0
20046	4.0092	0	0	0	0
20047	4.0094	0	0	0	0
20048	4.0096	0	0	0	0
20049	4.0098	0	0	0	0
20050	4.01	0	0	0	0
20051	4.0102	0	0	0	0
20052	4.0104	0	0	0	0
20053	4.0106	0	0	0	0
20054	4.0108	0	0	0	0
20055	4.011	0	0	0	0
20056	4.0112	0	0	0	0
20057	4.0114	0	0	0	0
20058	4.0116	0	0	0	0
20059	4.0118	0	0	0	0
20060	4.012	0	0	0	0
20061	4.0122	0	0	0	0
20062	4.0124	0	0	0	0
20063	4.0126	0	0	0	0
20064	4.0128	0	0	0	0
20065	4.013	0	0	0	0
20066	4.0132	0	0	0	0
20067	4.0134	0	0	0	0
20068	4.0136	0	0	0	0
20069	4.0138	0	0	0	0
20070	4.014	0	0	0	0
20071	4.0142	0	0	0	0
20072	4.0144	0	0	0	0
20073	4.0146	0	0	0	0
20074	4.0148	0	0	0	0
20075	4.015	0	0	0	0
20076	4.0152	0	0	0	0
20077	4.0154	0	0	0	0
20078	4.0156	0	0	0	0
20079	4.0158	0	0	0	0
20080	4.016	0	0	0	0
20081	4.0162	0	0	0	0
20082	4.0164	0	0	0	0
20083	4.0166	0	0	0	0
20084	4.0168	0	0	0	0
20085	4.017	0	0	0	0
20086	4.0172	0	0	0	0
20087	4.0174	0	0	0	0
20088	4.0176	0	0	0	0
20089	4.0178	0	0	0	0
20090	4.018	0	0	0	0
20091	4.0182	0	0	0	0
20092	4.0184	0	0	0	0
20093	4.0186	0	0	0	0
20094	4.0188	0	0	0	0
20095	4.019	0	0	0	0
20096	4.0192	0	0	0	0
20097	4.0194	0	0	0	0
20098	4.0196	0	0	0	0
20099	4.0198	0	0	0	0
20100	4.02	0	0	0	0
20101	4.0202	0	0	0	0
20102	4.0204	0	0	0	0
20103	4.0206	0	0	0	0
20104	4.0208	0	0	0	0
20105	4.021	0	0	0	0
20106	4.0212	0	0	0	0
20107	4.0214	0	0	0	0
20108	4.0216	0	0	0	0
20109	4.0218	0	0	0	0
20110	4.022	0	0	0	0
20111	4.0222	0	0	0	0
20112	4.0224	0	0	0	0
20113	4.0226	0	0	0	0
20114	4.0228	0	0	0	0
20115	4.023	0	0	0	0
20116	4.0232	0	0	0	0
20117	4.0234	0	0	0	0
20118	4.0236	0	0	0	0
20119	4.0238	0	0	0	0
20120	4.024	0	0	0	0
20121	4.0242	0	0	0	0
20122	4.0244	0	0	0	0
20123	4.0246	0	0	0	0
20124	4.0248	0	0	0	0
20125	4.025	0	0	0	0
20126	4.0252	0	0	0	0
20127	4.0254	0	0	0	0
20128	4.0256	0	0	0	0
20129	4.0258	0	0	0	0
20130	4.026	0	0	0	0
20131	4.0262	0	0	0	0
20132	4.0264	0	0	0	0
20133	4.0266	0	0	0	0
20134	4.0268	0	0	0	0
20135	4.027	0	0	0	0
20136	4.0272	0	0	0	0
20137	4.0274	0	0	0	0
20138	4.0276	0	0	0	0
20139	4.0278	0	0	0	0
20140	4.028	0	0	0	0
20141	4.0282	0	0	0	0
20142	4.0284	0	0	0	0
20143	4.0286	0	0	0	0
20144	4.0288	0	0	0	0
20145	4.029	0	0	0	0
20146	4.0292	0	0	0	0
20147	4.0294	0	0	0	0
20148	4.0296	0	0	0	0
20149	4.0298	0	0	0	0
20150	4.03	0	0	0	0
20151	4.0302	0	0	0	0
20152	4.0304	0	0	0	0
20153	4.0306	0	0	0	0
20154	4.0308	0	0	0	0
20155	4.031	0	0	0	0
20156	4.0312	0	0	0	0
20157	4.0314	0	0	0	0
20158	4.0316	0	0	0	0
20159	4.0318	0	0	0	0
20160	4.032	0	0	0	0
20161	4.0322	0	0	0	0
20162	4.0324	0	0	0	0
20163	4.0326	0	0	0	0
20164	4.0328	0	0	0	0
20165	4.033	0	0	0	0
20166	4.0332	0	0	0	0
20167	4.0334	0	0	0	0
20168	4.0336	0	0	0	0
20169	4.0338	0	0	0	0
20170	4.034	0	0	0	0
20171	4.0342	0	0	0	0
20172	4.0344	0	0	0	0
20173	4.0346	0	0	0	0
20174	4.0348	0	0	0	0
20175	4.035	0	0	0	0
20176	4.0352	0	0	0	0
20177	4.0354	0	0	0	0
20178	4.0356	0	0	0	0
20179	4.0358	0	0	0	0
20180	4.036	0	0	0	0
20181	4.0362	0	0	0	0
20182	4.0364	0	0	0	0
20183	4.0366	0	0	0	0
20184	4.0368	0	0	0	0
20185	4.037	0	0	0	0
20186	4.0372	0	0	0	0
20187	4.0374	0	0	0	0
20188	4.0376	0	0	0	0
20189	4.0378	0	0	0	0
20190	4.038	0	0	0	0
20191	4.0382	0	0	0	0
20192	4.0384	0	0	0	0
20193	4.0386	0	0	0	0
20194	4.0388	0	0	0	0
20195	4.039	0	0	0	0
20196	4.0392	0	0	0	0
20197	4.0394	0	0	0	0
20198	4.0396	0	0	0	0
20199	4.0398	0	0	0	0
20200	4.04	0	0	0	0
20201	4.0402	0	0	0	0
20202	4.0404	0	0	0	0
20203	4.0406	0	0	0	0
20204	4.0408	0	0	0	0
20205	4.041	0	0	0	0
20206	4.0412	0	0	0	0
20207	4.0414	0	0	0	0
20208	4.0416	0	0	0	0
20209	4.0418	0	0	0	0
20210	4.042	0	0	0	0
20211	4.0422	0	0	0	0
20212	4.0424	0	0	0	0
20213	4.0426	0	0	0	0
20214	4.0428	0	0	0	0
20215	4.043	0	0	0	0
20216	4.0432	0	0	0	0
20217	4.0434	0	0	0	0
20218	4.0436	0	0	0	0
20219	4.0438	0	0	0	0
20220	4.044	0	0	0	0
20221	4.0442	0	0	0	0
20222	4.0444	0	0	0	0
20223	4.0446	0	0	0	0
20224	4.0448	0	0	0	0
20225	4.045	0	0	0	0
20226	4.0452	0	0	0	0
20227	4.0454	0	0	0	0
20228	4.0456	0	0	0	0
20229	4.0458	0	0	0	0
20230	4.046	0	0	0	0
20231	4.0462	0	0	0	0
20232	4.0464	0	0	0	0
20233	4.0466	0	0	0	0
20234	4.0468	0	0	0	0
20235	4.047	0	0	0	0
20236	4.0472	0	0	0	0
20237	4.0474	0	0	0	0
20238	4.0476	0	0	0	0
20239	4.0478	0	0	0	0
20240	4.048	0	0	0	0
20241	4.0482	0	0	0	0
20242	4.0484	0	0	0	0
20243	4.0486	0	0	0	0
20244	4.0488	0	0	0	0
20245	4.049	0	0	0	0
20246	4.0492	0	0	0	0
20247	4.0494	0	0	0	0
20248	4.0496	0	0	0	0
20249	4.0498	0	0	0	0
20250	4.05	0	0	0	0
20251	4.0502	0	0	0	0
20252	4.0504	0	0	0	0
20253	4.0506	0	0	0	0
20254	4.0508	0	0	0	0
20255	4.051	0	0	0	0
20256	4.0512	0	0	0	0
20257	4.0514	0	0	0	0
20258	4.0516	0	0	0	0
20259	4.0518	0	0	0	0
20260	4.052	0	0	0	0
20261	4.0522	0	0	0	0
20262	4.0524	0	0	0	0
20263	4.0526	0	0	0	0
20264	4.0528	0	0	0	0
20265	4.053	0	0	0	0
20266	4.0532	0	0	0	0
20267	4.0534	0	0	0	0
20268	4.0536	0	0	0	0
20269	4.0538	0	0	0	0
20270	4.054	0	0	0	0
20271	4.0542	0	0	0	0
20272	4.0544	0	0	0	0
20273	4.0546	0	0	0	0
20274	4.0548	0	0	0	0
20275	4.055	0	0	0	0
20276	4.0552	0	0	0	0
20277	4.0554	0	0	0	0
20278	4.0556	0	0	0	0
20279	4.0558	0	0	0	0
20280	4.056	0	0	0	0
20281	4.0562	0	0	0	0
20282	4.0564	0	0	0	0
20283	4.0566	0	0	0	0
20284	4.0568	0	0	0	0
20285	4.057	0	0	0	0
20286	4.0572	0	0	0	0
20287	4.0574	0	0	0	0
20288	4.0576	0	0	0	0
20289	4.0578	0	0	0	0
20290	4.058	0	0	0	0
20291	4.0582	0	0	0	0
20292	4.0584	0	0	0	0
20293	4.0586	0	0	0	0
20294	4.0588	0	0	0	0
20295	4.059	0	0	0	0
20296	4.0592	0	0	0	0
20297	4.0594	0	0	0	0
20298	4.0596	0	0	0	0
20299	4.0598	0	0	0	0
20300	4.06	0	0	0	0
20301	4.0602	0	0	0	0
20302	4.0604	0	0	0	0
20303	4.0606	0	0	0	0
20304	4.0608	0	0	0	0
20305	4.061	0	0	0	0
20306	4.0612	0	0	0	0
20307	4.0614	0	0	0	0
20308	4.0616	0	0	0	0
20309	4.0618	0	0	0	0
20310	4.062	0	0	0	0
20311	4.0622	0	0	0	0
20312	4.0624	0	0	0	0
20313	4.0626	0	0	0	0
20314	4.0628	0	0	0	0
20315	4.063	0	0	0	0
20316	4.0632	0	0	0	0
20317	4.0634	0	0	0	0
20318	4.0636	0	0	0	0
20319	4.0638	0	0	0	0
20320	4.064	0	0	0	0
20321	4.0642	0	0	0	0
20322	4.0644	0	0	0	0
20323	4.0646	0	0	0	0
20324	4.0648	0	0	0	0
20325	4.065	0	0	0	0
20326	4.0652	0	0	0	0
20327	4.0654	0	0	0	0
20328	4.0656	0	0	0	0
20329	4.0658	0	0	0	0
20330	4.066	0	0	0	0
20331	4.0662	0	0	0	0
20332	4.0664	0	0	0	0
20333	4.0666	0	0	0	0
20334	4.0668	0	0	0	0
20335	4.067	0	0	0	0
20336	4.0672	0	0	0	0
20337	4.0674	0	0	0	0
20338	4.0676	0	0	0	0
20339	4.0678	0	0	0	0
20340	4.068	0	0	0	0
20341	4.0682	0	0	0	0
20342	4.0684	0	0	0	0
20343	4.0686	0	0	0	0
20344	4.0688	0	0	0	0
20345	4.069	0	0	0	0
20346	4.0692	0	0	0	0
20347	4.0694	0	0	0	0
20348	4.0696	0	0	0	0
20349	4.0698	0	0	0	0
20350	4.07	0	0	0	0
20351	4.0702	0	0	0	0
20352	4.0704	0	0	0	0
20353	4.0706	0	0	0	0
20354	4.0708	0	0	0	0
20355	4.071	0	0	0	0
20356	4.0712	0	0	0	0
20357	4.0714	0	0	0	0
20358	4.0716	0	0	0	0
20359	4.0718	0	0	0	0
20360	4.072	0	0	0	0
20361	4.0722	0	0	0	0
20362	4.0724	0	0	0	0
20363	4.0726	0	0	0	0
20364	4.0728	0	0	0	0
20365	4.073	0	0	0	0
20366	4.0732	0	0	0	0
20367	4.0734	0	0	0	0
20368	4.0736	0	0	0	0
20369	4.0738	0	0	0	0
20370	4.074	0	0	0	0
20371	4.0742	0	0	0	0
20372	4.0744	0	0	0	0
20373	4.0746	0	0	0	0
20374	4.0748	0	0	0	0
20375	4.075	0	0	0	0
20376	4.0752	0	0	0	0
20377	4.0754	0	0	0	0
20378	4.0756	0	0	0	0
20379	4.0758	0	0	0	0
20380	4.076	0	0	0	0
20381	4.0762	0	0	0	0
20382	4.0764	0	0	0	0
20383	4.0766	0	0	0	0
20384	4.0768	0	0	0	0
20385	4.077	0	0	0	0
20386	4.0772	0	0	0	0
20387	4.0774	0	0	0	0
20388	4.0776	0	0	0	0
20389	4.0778	0	0	0	0
20390	4.078	0	0	0	0
20391	4.0782	0	0	0	0
20392	4.0784	0	0	0	0
20393	4.0786	0	0	0	0
20394	4.0788	0	0	0	0
20395	4.079	0	0	0	0
20396	4.0792	0	0	0	0
20397	4.0794	0	0	0	0
20398	4.0796	0	0	0	0
20399	4.0798	0	0	0	0
20400	4.08	0	0	0	0
20401	4.0802	0	0	0	0
20402	4.0804	0	0	0	0
20403	4.0806	0	0	0	0
20404	4.0808	0	0	0	0
20405	4.081	0	0	0	0
20406	4.0812	0	0	0	0
20407	4.0814	0	0	0	0
20408	4.0816	0	0	0	0
20409	4.0818	0	0	0	0
20410	4.082	0	0	0	0
20411	4.0822	0	0	0	0
20412	4.0824	0	0	0	0
20413	4.0826	0	0	0	0
20414	4.0828	0	0	0	0
20415	4.083	0	0	0	0
20416	4.0832	0	0	0	0
20417	4.0834	0	0	0	0
20418	4.0836	0	0	0	0
20419	4.0838	0	0	0	0
20420	4.084	0	0	0	0
20421	4.0842	0	0	0	0
20422	4.0844	0	0	0	0
20423	4.0846	0	0	0	0
20424	4.0848	0	0	0	0
20425	4.085	0	0	0	0
20426	4.0852	0	0	0	0
20427	4.0854	0	0	0	0
20428	4.0856	0	0	0	0
20429	4.0858	0	0	0	0
20430	4.086	0	0	0	0
20431	4.0862	0	0	0	0
20432	4.0864	0	0	0	0
20433	4.0866	0	0	0	0
20434	4.0868	0	0	0	0
20435	4.087	0	0	0	0
20436	4.0872	0	0	0	0
20437	4.0874	0	0	0	0
20438	4.0876	0	0	0	0
20439	4.0878	0	0	0	0
20440	4.088	0	0	0	0
20441	4.0882	0	0	0	0
20442	4.0884	0	0	0	0
20443	4.0886	0	0	0	0
20444	4.0888	0	0	0	0
20445	4.089	0	0	0	0
20446	4.0892	0	0	0	0
20447	4.0894	0	0	0	0
20448	4.0896	0	0	0	0
20449	4.0898	0	0	0	0
20450	4.09	0	0	0	0
20451	4.0902	0	0	0	0
20452	4.0904	0	0	0	0
20453	4.0906	0	0	0	0
20454	4.0908	0	0	0	0
20455	4.091	0	0	0	0
20456	4.0912	0	0	0	0
20457	4.0914	0	0	0	0
20458	4.0916	0	0	0	0
20459	4.0918	0	0	0	0
20460	4.092	0	0	0	0
20461	4.0922	0	0	0	0
20462	4.0924	0	0	0	0
20463	4.0926	0	0	0	0
20464	4.0928	0	0	0	0
20465	4.093	0	0	0	0
20466	4.0932	0	0	0	0
20467	4.0934	0	0	0	0
20468	4.0936	0	0	0	0
20469	4.0938	0	0	0	0
20470	4.094	0	0	0	0
20471	4.0942	0	0	0	0
20472	4.0944	0	0	0	0
20473	4.0946	0	0	0	0
20474	4.0948	0	0	0	0
20475	4.095	0	0	0	0
20476	4.0952	0	0	0	0
20477	4.0954	0	0	0	0
20478	4.0956	0	0	0	0
20479	4.0958	0	0	0	0
20480	4.096	0	0	0	0
20481	4.0962	0	0	0	0
20482	4.0964	0	0	0	0
20483	4.0966	0	0	0	0
20484	4.0968	0	0	0	0
20485	4.097	0	0	0	0
20486	4.0972	0	0	0	0
20487	4.0974	0	0	0	0
20488	4.0976	0	0	0	0
20489	4.0978	0	0	0	0
20490	4.098	0	0	0	0
20491	4.0982	0	0	0	0
20492	4.0984	0	0	0	0
20493	4.0986	0	0	0	0
20494	4.0988	0	0	0	0
20495	4.099	0	0	0	0
20496	4.0992	0	0	0	0
20497	4.0994	0	0	0	0
20498	4.0996	0	0	0	0
20499	4.0998	0	0	0	0
20500	4.1	0	0	0	0
20501	4.1002	0	0	0	0
20502	4.1004	0	0	0	0
20503	4.1006	0	0	0	0
20504	4.1008	0	0	0	0
20505	4.101	0	0	0	0
20506	4.1012	0	0	0	0
20507	4.1014	0	0	0	0
20508	4.1016	0	0	0	0
20509	4.1018	0	0	0	0
20510	4.102	0	0	0	0
20511	4.1022	0	0	0	0
20512	4.1024	0	0	0	0
20513	4.1026	0	0	0	0
20514	4.1028	0	0	0	0
20515	4.103	0	0	0	0
20516	4.1032	0	0	0	0
20517	4.1034	0	0	0	0
20518	4.1036	0	0	0	0
20519	4.1038	0	0	0	0
20520	4.104	0	0	0	0
20521	4.1042	0	0	0	0
20522	4.1044	0	0	0	0
20523	4.1046	0	0	0	0
20524	4.1048	0	0	0	0
20525	4.105	0	0	0	0
20526	4.1052	0	0	0	0
20527	4.1054	0	0	0	0
20528	4.1056	0	0	0	0
20529	4.1058	0	0	0	0
20530	4.106	0	0	0	0
20531	4.1062	0	0	0	0
20532	4.1064	0	0	0	0
20533	4.1066	0	0	0	0
20534	4.1068	0	0	0	0
20535	4.107	0	0	0	0
20536	4.1072	0	0	0	0
20537	4.1074	0	0	0	0
20538	4.1076	0	0	0	0
20539	4.1078	0	0	0	0
20540	4.108	0	0	0	0
20541	4.1082	0	0	0	0
20542	4.1084	0	0	0	0
20543	4.1086	0	0	0	0
20544	4.1088	0	0	0	0
20545	4.109	0	0	0	0
20546	4.1092	0	0	0	0
20547	4.1094	0	0	0	0
20548	4.1096	0	0	0	0
20549	4.1098	0	0	0	0
20550	4.11	0	0	0	0
20551	4.1102	0	0	0	0
20552	4.1104	0	0	0	0
20553	4.1106	0	0	0	0
20554	4.1108	0	0	0	0
20555	4.111	0	0	0	0
20556	4.1112	0	0	0	0
20557	4.1114	0	0	0	0
20558	4.1116	0	0	0	0
20559	4.1118	0	0	0	0
20560	4.112	0	0	0	0
20561	4.1122	0	0	0	0
20562	4.1124	0	0	0	0
20563	4.1126	0	0	0	0
20564	4.1128	0	0	0	0
20565	4.113	0	0	0	0
20566	4.1132	0	0	0	0
20567	4.1134	0	0	0	0
20568	4.1136	0	0	0	0
20569	4.1138	0	0	0	0
20570	4.114	0	0	0	0
20571	4.1142	0	0	0	0
20572	4.1144	0	0	0	0
20573	4.1146	0	0	0	0
20574	4.1148	0	0	0	0
20575	4.115	0	0	0	0
20576	4.1152	0	0	0	0
20577	4.1154	0	0	0	0
20578	4.1156	0	0	0	0
20579	4.1158	0	0	0	0
20580	4.116	0	0	0	0
20581	4.1162	0	0	0	0
20582	4.1164	0	0	0	0
20583	4.1166	0	0	0	0
20584	4.1168	0	0	0	0
20585	4.117	0	0	0	0
20586	4.1172	0	0	0	0
20587	4.1174	0	0	0	0
20588	4.1176	0	0	0	0
20589	4.1178	0	0	0	0
20590	4.118	0	0	0	0
20591	4.1182	0	0	0	0
20592	4.1184	0	0	0	0
20593	4.1186	0	0	0	0
20594	4.1188	0	0	0	0
20595	4.119	0	0	0	0
20596	4.1192	0	0	0	0
20597	4.1194	0	0	0	0
20598	4.1196	0	0	0	0
20599	4.1198	0	0	0	0
20600	4.12	0	0	0	0
20601	4.1202	0	0	0	0
20602	4.1204	0	0	0	0
20603	4.1206	0	0	0	0
20604	4.1208	0	0	0	0
20605	4.121	0	0	0	0
20606	4.1212	0	0	0	0
20607	4.1214	0	0	0	0
20608	4.1216	0	0	0	0
20609	4.1218	0	0	0	0
20610	4.122	0	0	0	0
20611	4.1222	0	0	0	0
20612	4.1224	0	0	0	0
20613	4.1226	0	0	0	0
20614	4.1228	0	0	0	0
20615	4.123	0	0	0	0
20616	4.1232	0	0	0	0
20617	4.1234	0	0	0	0
20618	4.1236	0	0	0	0
20619	4.1238	0	0	0	0
20620	4.124	0	0	0	0
20621	4.1242	0	0	0	0
20622	4.1244	0	0	0	0
20623	4.1246	0	0	0	0
20624	4.1248	0	0	0	0
20625	4.125	0	0	0	0
20626	4.1252	0	0	0	0
20627	4.1254	0	0	0	0
20628	4.1256	0	0	0	0
20629	4.1258	0	0	0	0
20630	4.126	0	0	0	0
20631	4.1262	0	0	0	0
20632	4.1264	0	0	0	0
20633	4.1266	0	0	0	0
20634	4.1268	0	0	0	0
20635	4.127	0	0	0	0
20636	4.1272	0	0	0	0
20637	4.1274	0	0	0	0
20638	4.1276	0	0	0	0
20639	4.1278	0	0	0	0
20640	4.128	0	0	0	0
20641	4.1282	0	0	0	0
20642	4.1284	0	0	0	0
20643	4.1286	0	0	0	0
20644	4.1288	0	0	0	0
20645	4.129	0	0	0	0
20646	4.1292	0	0	0	0
20647	4.1294	0	0	0	0
20648	4.1296	0	0	0	0
20649	4.1298	0	0	0	0
20650	4.13	0	0	0	0
20651	4.1302	0	0	0	0
20652	4.1304	0	0	0	0
20653	4.1306	0	0	0	0
20654	4.1308	0	0	0	0
20655	4.131	0	0	0	0
20656	4.1312	0	0	0	0
20657	4.1314	0	0	0	0
20658	4.1316	0	0	0	0
20659	4.1318	0	0	0	0
20660	4.132	0	0	0	0
20661	4.1322	0	0	0	0
20662	4.1324	0	0	0	0
20663	4.1326	0	0	0	0
20664	4.1328	0	0	0	0
20665	4.133	0	0	0	0
20666	4.1332	0	0	0	0
20667	4.1334	0	0	0	0
20668	4.1336	0	0	0	0
20669	4.1338	0	0	0	0
20670	4.134	0	0	0	0
20671	4.1342	0	0	0	0
20672	4.1344	0	0	0	0
20673	4.1346	0	0	0	0
20674	4.1348	0	0	0	0
20675	4.135	0	0	0	0
20676	4.1352	0	0	0	0
20677	4.1354	0	0	0	0
20678	4.1356	0	0	0	0
20679	4.1358	0	0	0	0
20680	4.136	0	0	0	0
20681	4.1362	0	0	0	0
20682	4.1364	0	0	0	0
20683	4.1366	0	0	0	0
20684	4.1368	0	0	0	0
20685	4.137	0	0	0	0
20686	4.1372	0	0	0	0
20687	4.1374	0	0	0	0
20688	4.1376	0	0	0	0
20689	4.1378	0	0	0	0
20690	4.138	0	0	0	0
20691	4.1382	0	0	0	0
20692	4.1384	0	0	0	0
20693	4.1386	0	0	0	0
20694	4.1388	0	0	0	0
20695	4.139	0	0	0	0
20696	4.1392	0	0	0	0
20697	4.1394	0	0	0	0
20698	4.1396	0	0	0	0
20699	4.1398	0	0	0	0
20700	4.14	0	0	0	0
20701	4.1402	0	0	0	0
20702	4.1404	0	0	0	0
20703	4.1406	0	0	0	0
20704	4.1408	0	0	0	0
20705	4.141	0	0	0	0
20706	4.1412	0	0	0	0
20707	4.1414	0	0	0	0
20708	4.1416	0	0	0	0
20709	4.1418	0	0	0	0
20710	4.142	0	0	0	0
20711	4.1422	0	0	0	0
20712	4.1424	0	0	0	0
20713	4.1426	0	0	0	0
20714	4.1428	0	0	0	0
20715	4.143	0	0	0	0
20716	4.1432	0	0	0	0
20717	4.1434	0	0	0	0
20718	4.1436	0	0	0	0
20719	4.1438	0	0	0	0
20720	4.144	0	0	0	0
20721	4.1442	0	0	0	0
20722	4.1444	0	0	0	0
20723	4.1446	0	0	0	0
20724	4.1448	0	0	0	0
20725	4.145	0	0	0	0
20726	4.1452	0	0	0	0
20727	4.1454	0	0	0	0
20728	4.1456	0	0	0	0
20729	4.1458	0	0	0	0
20730	4.146	0	0	0	0
20731	4.1462	0	0	0	0
20732	4.1464	0	0	0	0
20733	4.1466	0	0	0	0
20734	4.1468	0	0	0	0
20735	4.147	0	0	0	0
20736	4.1472	0	0	0	0
20737	4.1474	0	0	0	0
20738	4.1476	0	0	0	0
20739	4.1478	0	0	0	0
20740	4.148	0	0	0	0
20741	4.1482	0	0	0	0
20742	4.1484	0	0	0	0
20743	4.1486	0	0	0	0
20744	4.1488	0	0	0	0
20745	4.149	0	0	0	0
20746	4.1492	0	0	0	0
20747	4.1494	0	0	0	0
20748	4.1496	0	0	0	0
20749	4.1498	0	0	0	0
20750	4.15	0	0	0	0
20751	4.1502	0	0	0	0
20752	4.1504	0	0	0	0
20753	4.1506	0	0	0	0
20754	4.1508	0	0	0	0
20755	4.151	0	0	0	0
20756	4.1512	0	0	0	0
20757	4.1514	0	0	0	0
20758	4.1516	0	0	0	0
20759	4.1518	0	0	0	0
20760	4.152	0	0	0	0
20761	4.1522	0	0	0	0
20762	4.1524	0	0	0	0
20763	4.1526	0	0	0	0
20764	4.1528	0	0	0	0
20765	4.153	0	0	0	0
20766	4.1532	0	0	0	0
20767	4.1534	0	0	0	0
20768	4.1536	0	0	0	0
20769	4.1538	0	0	0	0
20770	4.154	0	0	0	0
20771	4.1542	0	0	0	0
20772	4.1544	0	0	0	0
20773	4.1546	0	0	0	0
20774	4.1548	0	0	0	0
20775	4.155	0	0	0	0
20776	4.1552	0	0	0	0
20777	4.1554	0	0	0	0
20778	4.1556	0	0	0	0
20779	4.1558	0	0	0	0
20780	4.156	0	0	0	0
20781	4.1562	0	0	0	0
20782	4.1564	0	0	0	0
20783	4.1566	0	0	0	0
20784	4.1568	0	0	0	0
20785	4.157	0	0	0	0
20786	4.1572	0	0	0	0
20787	4.1574	0	0	0	0
20788	4.1576	0	0	0	0
20789	4.1578	0	0	0	0
20790	4.158	0	0	0	0
20791	4.1582	0	0	0	0
20792	4.1584	0	0	0	0
20793	4.1586	0	0	0	0
20794	4.1588	0	0	0	0
20795	4.159	0	0	0	0
20796	4.1592	0	0	0	0
20797	4.1594	0	0	0	0
20798	4.1596	0	0	0	0
20799	4.1598	0	0	0	0
20800	4.16	0	0	0	0
20801	4.1602	0	0	0	0
20802	4.1604	0	0	0	0
20803	4.1606	0	0	0	0
20804	4.1608	0	0	0	0
20805	4.161	0	0	0	0
20806	4.1612	0	0	0	0
20807	4.1614	0	0	0	0
20808	4.1616	0	0	0	0
20809	4.1618	0	0	0	0
20810	4.162	0	0	0	0
20811	4.1622	0	0	0	0
20812	4.1624	0	0	0	0
20813	4.1626	0	0	0	0
20814	4.1628	0	0	0	0
20815	4.163	0	0	0	0
20816	4.1632	0	0	0	0
20817	4.1634	0	0	0	0
20818	4.1636	0	0	0	0
20819	4.1638	0	0	0	0
20820	4.164	0	0	0	0
20821	4.1642	0	0	0	0
20822	4.1644	0	0	0	0
20823	4.1646	0	0	0	0
20824	4.1648	0	0	0	0
20825	4.165	0	0	0	0
20826	4.1652	0	0	0	0
20827	4.1654	0	0	0	0
20828	4.1656	0	0	0	0
20829	4.1658	0	0	0	0
20830	4.166	0	0	0	0
20831	4.1662	0	0	0	0
20832	4.1664	0	0	0	0
20833	4.1666	0	0	0	0
20834	4.1668	0	0	0	0
20835	4.167	0	0	0	0
20836	4.1672	0	0	0	0
20837	4.1674	0	0	0	0
20838	4.1676	0	0	0	0
20839	4.1678	0	0	0	0
20840	4.168	0	0	0	0
20841	4.1682	0	0	0	0
20842	4.1684	0	0	0	0
20843	4.1686	0	0	0	0
20844	4.1688	0	0	0	0
20845	4.169	0	0	0	0
20846	4.1692	0	0	0	0
20847	4.1694	0	0	0	0
20848	4.1696	0	0	0	0
20849	4.1698	0	0	0	0
20850	4.17	0	0	0	0
20851	4.1702	0	0	0	0
20852	4.1704	0	0	0	0
20853	4.1706	0	0	0	0
20854	4.1708	0	0	0	0
20855	4.171	0	0	0	0
20856	4.1712	0	0	0	0
20857	4.1714	0	0	0	0
20858	4.1716	0	0	0	0
20859	4.1718	0	0	0	0
20860	4.172	0	0	0	0
20861	4.1722	0	0	0	0
20862	4.1724	0	0	0	0
20863	4.1726	0	0	0	0
20864	4.1728	0	0	0	0
20865	4.173	0	0	0	0
20866	4.1732	0	0	0	0
20867	4.1734	0	0	0	0
20868	4.1736	0	0	0	0
20869	4.1738	0	0	0	0
20870	4.174	0	0	0	0
20871	4.1742	0	0	0	0
20872	4.1744	0	0	0	0
20873	4.1746	0	0	0	0
20874	4.1748	0	0	0	0
20875	4.175	0	0	0	0
20876	4.1752	0	0	0	0
20877	4.1754	0	0	0	0
20878	4.1756	0	0	0	0
20879	4.1758	0	0	0	0
20880	4.176	0	0	0	0
20881	4.1762	0	0	0	0
20882	4.1764	0	0	0	0
20883	4.1766	0	0	0	0
20884	4.1768	0	0	0	0
20885	4.177	0	0	0	0
20886	4.1772	0	0	0	0
20887	4.1774	0	0	0	0
20888	4.1776	0	0	0	0
20889	4.1778	0	0	0	0
20890	4.178	0	0	0	0
20891	4.1782	0	0	0	0
20892	4.1784	0	0	0	0
20893	4.1786	0	0	0	0
20894	4.1788	0	0	0	0
20895	4.179	0	0	0	0
20896	4.1792	0	0	0	0
20897	4.1794	0	0	0	0
20898	4.1796	0	0	0	0
20899	4.1798	0	0	0	0
20900	4.18	0	0	0	0
20901	4.1802	0	0	0	0
20902	4.1804	0	0	0	0
20903	4.1806	0	0	0	0
20904	4.1808	0	0	0	0
20905	4.181	0	0	0	0
20906	4.1812	0	0	0	0
20907	4.1814	0	0	0	0
20908	4.1816	0	0	0	0
20909	4.1818	0	0	0	0
20910	4.182	0	0	0	0
20911	4.1822	0	0	0	0
20912	4.1824	0	0	0	0
20913	4.1826	0	0	0	0
20914	4.1828	0	0	0	0
20915	4.183	0	0	0	0
20916	4.1832	0	0	0	0
20917	4.1834	0	0	0	0
20918	4.1836	0	0	0	0
20919	4.1838	0	0	0	0
20920	4.184	0	0	0	0
20921	4.1842	0	0	0	0
20922	4.1844	0	0	0	0
20923	4.1846	0	0	0	0
20924	4.1848	0	0	0	0
20925	4.185	0	0	0	0
20926	4.1852	0	0	0	0
20927	4.1854	0	0	0	0
20928	4.1856	0	0	0	0
20929	4.1858	0	0	0	0
20930	4.186	0	0	0	0
20931	4.1862	0	0	0	0
20932	4.1864	0	0	0	0
20933	4.1866	0	0	0	0
20934	4.1868	0	0	0	0
20935	4.187	0	0	0	0
20936	4.1872	0	0	0	0
20937	4.1874	0	0	0	0
20938	4.1876	0	0	0	0
20939	4.1878	0	0	0	0
20940	4.188	0	0	0	0
20941	4.1882	0	0	0	0
20942	4.1884	0	0	0	0
20943	4.1886	0	0	0	0
20944	4.1888	0	0	0	0
20945	4.189	0	0	0	0
20946	4.1892	0	0	0	0
20947	4.1894	0	0	0	0
20948	4.1896	0	0	0	0
20949	4.1898	0	0	0	0
20950	4.19	0	0	0	0
20951	4.1902	0	0	0	0
20952	4.1904	0	0	0	0
20953	4.1906	0	0	0	0
20954	4.1908	0	0	0	0
20955	4.191	0	0	0	0
20956	4.1912	0	0	0	0
20957	4.1914	0	0	0	0
20958	4.1916	0	0	0	0
20959	4.1918	0	0	0	0
20960	4.192	0	0	0	0
20961	4.1922	0	0	0	0
20962	4.1924	0	0	0	0
20963	4.1926	0	0	0	0
20964	4.1928	0	0	0	0
20965	4.193	0	0	0	0
20966	4.1932	0	0	0	0
20967	4.1934	0	0	0	0
20968	4.1936	0	0	0	0
20969	4.1938	0	0	0	0
20970	4.194	0	0	0	0
20971	4.1942	0	0	0	0
20972	4.1944	0	0	0	0
20973	4.1946	0	0	0	0
20974	4.1948	0	0	0	0
20975	4.195	0	0	0	0
20976	4.1952	0	0	0	0
20977	4.1954	0	0	0	0
20978	4.1956	0	0	0	0
20979	4.1958	0	0	0	0
20980	4.196	0	0	0	0
20981	4.1962	0	0	0	0
20982	4.1964	0	0	0	0
20983	4.1966	0	0	0	0
20984	4.1968	0	0	0	0
20985	4.197	0	0	0	0
20986	4.1972	0	0	0	0
20987	4.1974	0	0	0	0
20988	4.1976	0	0	0	0
20989	4.1978	0	0	0	0
20990	4.198	0	0	0	0
20991	4.1982	0	0	0	0
20992	4.1984	0	0	0	0
20993	4.1986	0	0	0	0
20994	4.1988	0	0	0	0
20995	4.199	0	0	0	0
20996	4.1992	0	0	0	0
20997	4.1994	0	0	0	0
20998	4.1996	0	0	0	0
20999	4.1998	0	0	0	0
21000	4.2	0	0	0	0
21001	4.2002	0	0	0	0
21002	4.2004	0	0	0	0
21003	4.2006	0	0	0	0
21004	4.2008	0	0	0	0
21005	4.201	0	0	0	0
21006	4.2012	0	0	0	0
21007	4.2014	0	0	0	0
21008	4.2016	0	0	0	0
21009	4.2018	0	0	0	0
21010	4.202	0	0	0	0
21011	4.2022	0	0	0	0
21012	4.2024	0	0	0	0
21013	4.2026	0	0	0	0
21014	4.2028	0	0	0	0
21015	4.203	0	0	0	0
21016	4.2032	0	0	0	0
21017	4.2034	0	0	0	0
21018	4.2036	0	0	0	0
21019	4.2038	0	0	0	0
21020	4.204	0	0	0	0
21021	4.2042	0	0	0	0
21022	4.2044	0	0	0	0
21023	4.2046	0	0	0	0
21024	4.2048	0	0	0	0
21025	4.205	0	0	0	0
21026	4.2052	0	0	0	0
21027	4.2054	0	0	0	0
21028	4.2056	0	0	0	0
21029	4.2058	0	0	0	0
21030	4.206	0	0	0	0
21031	4.2062	0	0	0	0
21032	4.2064	0	0	0	0
21033	4.2066	0	0	0	0
21034	4.2068	0	0	0	0
21035	4.207	0	0	0	0
21036	4.2072	0	0	0	0
21037	4.2074	0	0	0	0
21038	4.2076	0	0	0	0
21039	4.2078	0	0	0	0
21040	4.208	0	0	0	0
21041	4.2082	0	0	0	0
21042	4.2084	0	0	0	0
21043	4.2086	0	0	0	0
21044	4.2088	0	0	0	0
21045	4.209	0	0	0	0
21046	4.2092	0	0	0	0
21047	4.2094	0	0	0	0
21048	4.2096	0	0	0	0
21049	4.2098	0	0	0	0
21050	4.21	0	0	0	0
21051	4.2102	0	0	0	0
21052	4.2104	0	0	0	0
21053	4.2106	0	0	0	0
21054	4.2108	0	0	0	0
21055	4.211	0	0	0	0
21056	4.2112	0	0	0	0
21057	4.2114	0	0	0	0
21058	4.2116	0	0	0	0
21059	4.2118	0	0	0	0
21060	4.212	0	0	0	0
21061	4.2122	0	0	0	0
21062	4.2124	0	0	0	0
21063	4.2126	0	0	0	0
21064	4.2128	0	0	0	0
21065	4.213	0	0	0	0
21066	4.2132	0	0	0	0
21067	4.2134	0	0	0	0
21068	4.2136	0	0	0	0
21069	4.2138	0	0	0	0
21070	4.214	0	0	0	0
21071	4.2142	0	0	0	0
21072	4.2144	0	0	0	0
21073	4.2146	0	0	0	0
21074	4.2148	0	0	0	0
21075	4.215	0	0	0	0
21076	4.2152	0	0	0	0
21077	4.2154	0	0	0	0
21078	4.2156	0	0	0	0
21079	4.2158	0	0	0	0
21080	4.216	0	0	0	0
21081	4.2162	0	0	0	0
21082	4.2164	0	0	0	0
21083	4.2166	0	0	0	0
21084	4.2168	0	0	0	0
21085	4.217	0	0	0	0
21086	4.2172	0	0	0	0
21087	4.2174	0	0	0	0
21088	4.2176	0	0	0	0
21089	4.2178	0	0	0	0
21090	4.218	0	0	0	0
21091	4.2182	0	0	0	0
21092	4.2184	0	0	0	0
21093	4.2186	0	0	0	0
21094	4.2188	0	0	0	0
21095	4.219	0	0	0	0
21096	4.2192	0	0	0	0
21097	4.2194	0	0	0	0
21098	4.2196	0	0	0	0
21099	4.2198	0	0	0	0
21100	4.22	0	0	0	0
21101	4.2202	0	0	0	0
21102	4.2204	0	0	0	0
21103	4.2206	0	0	0	0
21104	4.2208	0	0	0	0
21105	4.221	0	0	0	0
21106	4.2212	0	0	0	0
21107	4.2214	0	0	0	0
21108	4.2216	0	0	0	0
21109	4.2218	0	0	0	0
21110	4.222	0	0	0	0
21111	4.2222	0	0	0	0
21112	4.2224	0	0	0	0
21113	4.2226	0	0	0	0
21114	4.2228	0	0	0	0
21115	4.223	0	0	0	0
21116	4.2232	0	0	0	0
21117	4.2234	0	0	0	0
21118	4.2236	0	0	0	0
21119	4.2238	0	0	0	0
21120	4.224	0	0	0	0
21121	4.2242	0	0	0	0
21122	4.2244	0	0	0	0
21123	4.2246	0	0	0	0
21124	4.2248	0	0	0	0
21125	4.225	0	0	0	0
21126	4.2252	0	0	0	0
21127	4.2254	0	0	0	0
21128	4.2256	0	0	0	0
21129	4.2258	0	0	0	0
21130	4.226	0	0	0	0
21131	4.2262	0	0	0	0
21132	4.2264	0	0	0	0
21133	4.2266	0	0	0	0
21134	4.2268	0	0	0	0
21135	4.227	0	0	0	0
21136	4.2272	0	0	0	0
21137	4.2274	0	0	0	0
21138	4.2276	0	0	0	0
21139	4.2278	0	0	0	0
21140	4.228	0	0	0	0
21141	4.2282	0	0	0	0
21142	4.2284	0	0	0	0
21143	4.2286	0	0	0	0
21144	4.2288	0	0	0	0
21145	4.229	0	0	0	0
21146	4.2292	0	0	0	0
21147	4.2294	0	0	0	0
21148	4.2296	0	0	0	0
21149	4.2298	0	0	0	0
21150	4.23	0	0	0	0
21151	4.2302	0	0	0	0
21152	4.2304	0	0	0	0
21153	4.2306	0	0	0	0
21154	4.2308	0	0	0	0
21155	4.231	0	0	0	0
21156	4.2312	0	0	0	0
21157	4.2314	0	0	0	0
21158	4.2316	0	0	0	0
21159	4.2318	0	0	0	0
21160	4.232	0	0	0	0
21161	4.2322	0	0	0	0
21162	4.2324	0	0	0	0
21163	4.2326	0	0	0	0
21164	4.2328	0	0	0	0
21165	4.233	0	0	0	0
21166	4.2332	0	0	0	0
21167	4.2334	0	0	0	0
21168	4.2336	0	0	0	0
21169	4.2338	0	0	0	0
21170	4.234	0	0	0	0
21171	4.2342	0	0	0	0
21172	4.2344	0	0	0	0
21173	4.2346	0	0	0	0
21174	4.2348	0	0	0	0
21175	4.235	0	0	0	0
21176	4.2352	0	0	0	0
21177	4.2354	0	0	0	0
21178	4.2356	0	0	0	0
21179	4.2358	0	0	0	0
21180	4.236	0	0	0	0
21181	4.2362	0	0	0	0
21182	4.2364	0	0	0	0
21183	4.2366	0	0	0	0
21184	4.2368	0	0	0	0
21185	4.237	0	0	0	0
21186	4.2372	0	0	0	0
21187	4.2374	0	0	0	0
21188	4.2376	0	0	0	0
21189	4.2378	0	0	0	0
21190	4.238	0	0	0	0
21191	4.2382	0	0	0	0
21192	4.2384	0	0	0	0
21193	4.2386	0	0	0	0
21194	4.2388	0	0	0	0
21195	4.239	0	0	0	0
21196	4.2392	0	0	0	0
21197	4.2394	0	0	0	0
21198	4.2396	0	0	0	0
21199	4.2398	0	0	0	0
21200	4.24	0	0	0	0
21201	4.2402	0	0	0	0
21202	4.2404	0	0	0	0
21203	4.2406	0	0	0	0
21204	4.2408	0	0	0	0
21205	4.241	0	0	0	0
21206	4.2412	0	0	0	0
21207	4.2414	0	0	0	0
21208	4.2416	0	0	0	0
21209	4.2418	0	0	0	0
21210	4.242	0	0	0	0
21211	4.2422	0	0	0	0
21212	4.2424	0	0	0	0
21213	4.2426	0	0	0	0
21214	4.2428	0	0	0	0
21215	4.243	0	0	0	0
21216	4.2432	0	0	0	0
21217	4.2434	0	0	0	0
21218	4.2436	0	0	0	0
21219	4.2438	0	0	0	0
21220	4.244	0	0	0	0
21221	4.2442	0	0	0	0
21222	4.2444	0	0	0	0
21223	4.2446	0	0	0	0
21224	4.2448	0	0	0	0
21225	4.245	0	0	0	0
21226	4.2452	0	0	0	0
21227	4.2454	0	0	0	0
21228	4.2456	0	0	0	0
21229	4.2458	0	0	0	0
21230	4.246	0	0	0	0
21231	4.2462	0	0	0	0
21232	4.2464	0	0	0	0
21233	4.2466	0	0	0	0
21234	4.2468	0	0	0	0
21235	4.247	0	0	0	0
21236	4.2472	0	0	0	0
21237	4.2474	0	0	0	0
21238	4.2476	0	0	0	0
21239	4.2478	0	0	0	0
21240	4.248	0	0	0	0
21241	4.2482	0	0	0	0
21242	4.2484	0	0	0	0
21243	4.2486	0	0	0	0
21244	4.2488	0	0	0	0
21245	4.249	0	0	0	0
21246	4.2492	0	0	0	0
21247	4.2494	0	0	0	0
21248	4.2496	0	0	0	0
21249	4.2498	0	0	0	0
21250	4.25	0	0	0	0
21251	4.2502	0	0	0	0
21252	4.2504	0	0	0	0
21253	4.2506	0	0	0	0
21254	4.2508	0	0	0	0
21255	4.251	0	0	0	0
21256	4.2512	0	0	0	0
21257	4.2514	0	0	0	0
21258	4.2516	0	0	0	0
21259	4.2518	0	0	0	0
21260	4.252	0	0	0	0
21261	4.2522	0	0	0	0
21262	4.2524	0	0	0	0
21263	4.2526	0	0	0	0
21264	4.2528	0	0	0	0
21265	4.253	0	0	0	0
21266	4.2532	0	0	0	0
21267	4.2534	0	0	0	0
21268	4.2536	0	0	0	0
21269	4.2538	0	0	0	0
21270	4.254	0	0	0	0
21271	4.2542	0	0	0	0
21272	4.2544	0	0	0	0
21273	4.2546	0	0	0	0
21274	4.2548	0	0	0	0
21275	4.255	0	0	0	0
21276	4.2552	0	0	0	0
21277	4.2554	0	0	0	0
21278	4.2556	0	0	0	0
21279	4.2558	0	0	0	0
21280	4.256	0	0	0	0
21281	4.2562	0	0	0	0
21282	4.2564	0	0	0	0
21283	4.2566	0	0	0	0
21284	4.2568	0	0	0	0
21285	4.257	0	0	0	0
21286	4.2572	0	0	0	0
21287	4.2574	0	0	0	0
21288	4.2576	0	0	0	0
21289	4.2578	0	0	0	0
21290	4.258	0	0	0	0
21291	4.2582	0	0	0	0
21292	4.2584	0	0	0	0
21293	4.2586	0	0	0	0
21294	4.2588	0	0	0	0
21295	4.259	0	0	0	0
21296	4.2592	0	0	0	0
21297	4.2594	0	0	0	0
21298	4.2596	0	0	0	0
21299	4.2598	0	0	0	0
21300	4.26	0	0	0	0
21301	4.2602	0	0	0	0
21302	4.2604	0	0	0	0
21303	4.2606	0	0	0	0
21304	4.2608	0	0	0	0
21305	4.261	0	0	0	0
21306	4.2612	0	0	0	0
21307	4.2614	0	0	0	0
21308	4.2616	0	0	0	0
21309	4.2618	0	0	0	0
21310	4.262	0	0	0	0
21311	4.2622	0	0	0	0
21312	4.2624	0	0	0	0
21313	4.2626	0	0	0	0
21314	4.2628	0	0	0	0
21315	4.263	0	0	0	0
21316	4.2632	0	0	0	0
21317	4.2634	0	0	0	0
21318	4.2636	0	0	0	0
21319	4.2638	0	0	0	0
21320	4.264	0	0	0	0
21321	4.2642	0	0	0	0
21322	4.2644	0	0	0	0
21323	4.2646	0	0	0	0
21324	4.2648	0	0	0	0
21325	4.265	0	0	0	0
21326	4.2652	0	0	0	0
21327	4.2654	0	0	0	0
21328	4.2656	0	0	0	0
21329	4.2658	0	0	0	0
21330	4.266	0	0	0	0
21331	4.2662	0	0	0	0
21332	4.2664	0	0	0	0
21333	4.2666	0	0	0	0
21334	4.2668	0	0	0	0
21335	4.267	0	0	0	0
21336	4.2672	0	0	0	0
21337	4.2674	0	0	0	0
21338	4.2676	0	0	0	0
21339	4.2678	0	0	0	0
21340	4.268	0	0	0	0
21341	4.2682	0	0	0	0
21342	4.2684	0	0	0	0
21343	4.2686	0	0	0	0
21344	4.2688	0	0	0	0
21345	4.269	0	0	0	0
21346	4.2692	0	0	0	0
21347	4.2694	0	0	0	0
21348	4.2696	0	0	0	0
21349	4.2698	0	0	0	0
21350	4.27	0	0	0	0
21351	4.2702	0	0	0	0
21352	4.2704	0	0	0	0
21353	4.2706	0	0	0	0
21354	4.2708	0	0	0	0
21355	4.271	0	0	0	0
21356	4.2712	0	0	0	0
21357	4.2714	0	0	0	0
21358	4.2716	0	0	0	0
21359	4.2718	0	0	0	0
21360	4.272	0	0	0	0
21361	4.2722	0	0	0	0
21362	4.2724	0	0	0	0
21363	4.2726	0	0	0	0
21364	4.2728	0	0	0	0
21365	4.273	0	0	0	0
21366	4.2732	0	0	0	0
21367	4.2734	0	0	0	0
21368	4.2736	0	0	0	0
21369	4.2738	0	0	0	0
21370	4.274	0	0	0	0
21371	4.2742	0	0	0	0
21372	4.2744	0	0	0	0
21373	4.2746	0	0	0	0
21374	4.2748	0	0	0	0
21375	4.275	0	0	0	0
21376	4.2752	0	0	0	0
21377	4.2754	0	0	0	0
21378	4.2756	0	0	0	0
21379	4.2758	0	0	0	0
21380	4.276	0	0	0	0
21381	4.2762	0	0	0	0
21382	4.2764	0	0	0	0
21383	4.2766	0	0	0	0
21384	4.2768	0	0	0	0
21385	4.277	0	0	0	0
21386	4.2772	0	0	0	0
21387	4.2774	0	0	0	0
21388	4.2776	0	0	0	0
21389	4.2778	0	0	0	0
21390	4.278	0	0	0	0
21391	4.2782	0	0	0	0
21392	4.2784	0	0	0	0
21393	4.2786	0	0	0	0
21394	4.2788	0	0	0	0
21395	4.279	0	0	0	0
21396	4.2792	0	0	0	0
21397	4.2794	0	0	0	0
21398	4.2796	0	0	0	0
21399	4.2798	0	0	0	0
21400	4.28	0	0	0	0
21401	4.2802	0	0	0	0
21402	4.2804	0	0	0	0
21403	4.2806	0	0	0	0
21404	4.2808	0	0	0	0
21405	4.281	0	0	0	0
21406	4.2812	0	0	0	0
21407	4.2814	0	0	0	0
21408	4.2816	0	0	0	0
21409	4.2818	0	0	0	0
21410	4.282	0	0	0	0
21411	4.2822	0	0	0	0
21412	4.2824	0	0	0	0
21413	4.2826	0	0	0	0
21414	4.2828	0	0	0	0
21415	4.283	0	0	0	0
21416	4.2832	0	0	0	0
21417	4.2834	0	0	0	0
21418	4.2836	0	0	0	0
21419	4.2838	0	0	0	0
21420	4.284	0	0	0	0
21421	4.2842	0	0	0	0
21422	4.2844	0	0	0	0
21423	4.2846	0	0	0	0
21424	4.2848	0	0	0	0
21425	4.285	0	0	0	0
21426	4.2852	0	0	0	0
21427	4.2854	0	0	0	0
21428	4.2856	0	0	0	0
21429	4.2858	0	0	0	0
21430	4.286	0	0	0	0
21431	4.2862	0	0	0	0
21432	4.2864	0	0	0	0
21433	4.2866	0	0	0	0
21434	4.2868	0	0	0	0
21435	4.287	0	0	0	0
21436	4.2872	0	0	0	0
21437	4.2874	0	0	0	0
21438	4.2876	0	0	0	0
21439	4.2878	0	0	0	0
21440	4.288	0	0	0	0
21441	4.2882	0	0	0	0
21442	4.2884	0	0	0	0
21443	4.2886	0	0	0	0
21444	4.2888	0	0	0	0
21445	4.289	0	0	0	0
21446	4.2892	0	0	0	0
21447	4.2894	0	0	0	0
21448	4.2896	0	0	0	0
21449	4.2898	0	0	0	0
21450	4.29	0	0	0	0
21451	4.2902	0	0	0	0
21452	4.2904	0	0	0	0
21453	4.2906	0	0	0	0
21454	4.2908	0	0	0	0
21455	4.291	0	0	0	0
21456	4.2912	0	0	0	0
21457	4.2914	0	0	0	0
21458	4.2916	0	0	0	0
21459	4.2918	0	0	0	0
21460	4.292	0	0	0	0
21461	4.2922	0	0	0	0
21462	4.2924	0	0	0	0
21463	4.2926	0	0	0	0
21464	4.2928	0	0	0	0
21465	4.293	0	0	0	0
21466	4.2932	0	0	0	0
21467	4.2934	0	0	0	0
21468	4.2936	0	0	0	0
21469	4.2938	0	0	0	0
21470	4.294	0	0	0	0
21471	4.2942	0	0	0	0
21472	4.2944	0	0	0	0
21473	4.2946	0	0	0	0
21474	4.2948	0	0	0	0
21475	4.295	0	0	0	0
21476	4.2952	0	0	0	0
21477	4.2954	0	0	0	0
21478	4.2956	0	0	0	0
21479	4.2958	0	0	0	0
21480	4.296	0	0	0	0
21481	4.2962	0	0	0	0
21482	4.2964	0	0	0	0
21483	4.2966	0	0	0	0
21484	4.2968	0	0	0	0
21485	4.297	0	0	0	0
21486	4.2972	0	0	0	0
21487	4.2974	0	0	0	0
21488	4.2976	0	0	0	0
21489	4.2978	0	0	0	0
21490	4.298	0	0	0	0
21491	4.2982	0	0	0	0
21492	4.2984	0	0	0	0
21493	4.2986	0	0	0	0
21494	4.2988	0	0	0	0
21495	4.299	0	0	0	0
21496	4.2992	0	0	0	0
21497	4.2994	0	0	0	0
21498	4.2996	0	0	0	0
21499	4.2998	0	0	0	0
21500	4.3	0	0	0	0
21501	4.3002	0	0	0	0
21502	4.3004	0	0	0	0
21503	4.3006	0	0	0	0
21504	4.3008	0	0	0	0
21505	4.301	0	0	0	0
21506	4.3012	0	0	0	0
21507	4.3014	0	0	0	0
21508	4.3016	0	0	0	0
21509	4.3018	0	0	0	0
21510	4.302	0	0	0	0
21511	4.3022	0	0	0	0
21512	4.3024	0	0	0	0
21513	4.3026	0	0	0	0
21514	4.3028	0	0	0	0
21515	4.303	0	0	0	0
21516	4.3032	0	0	0	0
21517	4.3034	0	0	0	0
21518	4.3036	0	0	0	0
21519	4.3038	0	0	0	0
21520	4.304	0	0	0	0
21521	4.3042	0	0	0	0
21522	4.3044	0	0	0	0
21523	4.3046	0	0	0	0
21524	4.3048	0	0	0	0
21525	4.305	0	0	0	0
21526	4.3052	0	0	0	0
21527	4.3054	0	0	0	0
21528	4.3056	0	0	0	0
21529	4.3058	0	0	0	0
21530	4.306	0	0	0	0
21531	4.3062	0	0	0	0
21532	4.3064	0	0	0	0
21533	4.3066	0	0	0	0
21534	4.3068	0	0	0	0
21535	4.307	0	0	0	0
21536	4.3072	0	0	0	0
21537	4.3074	0	0	0	0
21538	4.3076	0	0	0	0
21539	4.3078	0	0	0	0
21540	4.308	0	0	0	0
21541	4.3082	0	0	0	0
21542	4.3084	0	0	0	0
21543	4.3086	0	0	0	0
21544	4.3088	0	0	0	0
21545	4.309	0	0	0	0
21546	4.3092	0	0	0	0
21547	4.3094	0	0	0	0
21548	4.3096	0	0	0	0
21549	4.3098	0	0	0	0
21550	4.31	0	0	0	0
21551	4.3102	0	0	0	0
21552	4.3104	0	0	0	0
21553	4.3106	0	0	0	0
21554	4.3108	0	0	0	0
21555	4.311	0	0	0	0
21556	4.3112	0	0	0	0
21557	4.3114	0	0	0	0
21558	4.3116	0	0	0	0
21559	4.3118	0	0	0	0
21560	4.312	0	0	0	0
21561	4.3122	0	0	0	0
21562	4.3124	0	0	0	0
21563	4.3126	0	0	0	0
21564	4.3128	0	0	0	0
21565	4.313	0	0	0	0
21566	4.3132	0	0	0	0
21567	4.3134	0	0	0	0
21568	4.3136	0	0	0	0
21569	4.3138	0	0	0	0
21570	4.314	0	0	0	0
21571	4.3142	0	0	0	0
21572	4.3144	0	0	0	0
21573	4.3146	0	0	0	0
21574	4.3148	0	0	0	0
21575	4.315	0	0	0	0
21576	4.3152	0	0	0	0
21577	4.3154	0	0	0	0
21578	4.3156	0	0	0	0
21579	4.3158	0	0	0	0
21580	4.316	0	0	0	0
21581	4.3162	0	0	0	0
21582	4.3164	0	0	0	0
21583	4.3166	0	0	0	0
21584	4.3168	0	0	0	0
21585	4.317	0	0	0	0
21586	4.3172	0	0	0	0
21587	4.3174	0	0	0	0
21588	4.3176	0	0	0	0
21589	4.3178	0	0	0	0
21590	4.318	0	0	0	0
21591	4.3182	0	0	0	0
21592	4.3184	0	0	0	0
21593	4.3186	0	0	0	0
21594	4.3188	0	0	0	0
21595	4.319	0	0	0	0
21596	4.3192	0	0	0	0
21597	4.3194	0	0	0	0
21598	4.3196	0	0	0	0
21599	4.3198	0	0	0	0
21600	4.32	0	0	0	0
21601	4.3202	0	0	0	0
21602	4.3204	0	0	0	0
21603	4.3206	0	0	0	0
21604	4.3208	0	0	0	0
21605	4.321	0	0	0	0
21606	4.3212	0	0	0	0
21607	4.3214	0	0	0	0
21608	4.3216	0	0	0	0
21609	4.3218	0	0	0	0
21610	4.322	0	0	0	0
21611	4.3222	0	0	0	0
21612	4.3224	0	0	0	0
21613	4.3226	0	0	0	0
21614	4.3228	0	0	0	0
21615	4.323	0	0	0	0
21616	4.3232	0	0	0	0
21617	4.3234	0	0	0	0
21618	4.3236	0	0	0	0
21619	4.3238	0	0	0	0
21620	4.324	0	0	0	0
21621	4.3242	0	0	0	0
21622	4.3244	0	0	0	0
21623	4.3246	0	0	0	0
21624	4.3248	0	0	0	0
21625	4.325	0	0	0	0
21626	4.3252	0	0	0	0
21627	4.3254	0	0	0	0
21628	4.3256	0	0	0	0
21629	4.3258	0	0	0	0
21630	4.326	0	0	0	0
21631	4.3262	0	0	0	0
21632	4.3264	0	0	0	0
21633	4.3266	0	0	0	0
21634	4.3268	0	0	0	0
21635	4.327	0	0	0	0
21636	4.3272	0	0	0	0
21637	4.3274	0	0	0	0
21638	4.3276	0	0	0	0
21639	4.3278	0	0	0	0
21640	4.328	0	0	0	0
21641	4.3282	0	0	0	0
21642	4.3284	0	0	0	0
21643	4.3286	0	0	0	0
21644	4.3288	0	0	0	0
21645	4.329	0	0	0	0
21646	4.3292	0	0	0	0
21647	4.3294	0	0	0	0
21648	4.3296	0	0	0	0
21649	4.3298	0	0	0	0
21650	4.33	0	0	0	0
21651	4.3302	0	0	0	0
21652	4.3304	0	0	0	0
21653	4.3306	0	0	0	0
21654	4.3308	0	0	0	0
21655	4.331	0	0	0	0
21656	4.3312	0	0	0	0
21657	4.3314	0	0	0	0
21658	4.3316	0	0	0	0
21659	4.3318	0	0	0	0
21660	4.332	0	0	0	0
21661	4.3322	0	0	0	0
21662	4.3324	0	0	0	0
21663	4.3326	0	0	0	0
21664	4.3328	0	0	0	0
21665	4.333	0	0	0	0
21666	4.3332	0	0	0	0
21667	4.3334	0	0	0	0
21668	4.3336	0	0	0	0
21669	4.3338	0	0	0	0
21670	4.334	0	0	0	0
21671	4.3342	0	0	0	0
21672	4.3344	0	0	0	0
21673	4.3346	0	0	0	0
21674	4.3348	0	0	0	0
21675	4.335	0	0	0	0
21676	4.3352	0	0	0	0
21677	4.3354	0	0	0	0
21678	4.3356	0	0	0	0
21679	4.3358	0	0	0	0
21680	4.336	0	0	0	0
21681	4.3362	0	0	0	0
21682	4.3364	0	0	0	0
21683	4.3366	0	0	0	0
21684	4.3368	0	0	0	0
21685	4.337	0	0	0	0
21686	4.3372	0	0	0	0
21687	4.3374	0	0	0	0
21688	4.3376	0	0	0	0
21689	4.3378	0	0	0	0
21690	4.338	0	0	0	0
21691	4.3382	0	0	0	0
21692	4.3384	0	0	0	0
21693	4.3386	0	0	0	0
21694	4.3388	0	0	0	0
21695	4.339	0	0	0	0
21696	4.3392	0	0	0	0
21697	4.3394	0	0	0	0
21698	4.3396	0	0	0	0
21699	4.3398	0	0	0	0
21700	4.34	0	0	0	0
21701	4.3402	0	0	0	0
21702	4.3404	0	0	0	0
21703	4.3406	0	0	0	0
21704	4.3408	0	0	0	0
21705	4.341	0	0	0	0
21706	4.3412	0	0	0	0
21707	4.3414	0	0	0	0
21708	4.3416	0	0	0	0
21709	4.3418	0	0	0	0
21710	4.342	0	0	0	0
21711	4.3422	0	0	0	0
21712	4.3424	0	0	0	0
21713	4.3426	0	0	0	0
21714	4.3428	0	0	0	0
21715	4.343	0	0	0	0
21716	4.3432	0	0	0	0
21717	4.3434	0	0	0	0
21718	4.3436	0	0	0	0
21719	4.3438	0	0	0	0
21720	4.344	0	0	0	0
21721	4.3442	0	0	0	0
21722	4.3444	0	0	0	0
21723	4.3446	0	0	0	0
21724	4.3448	0	0	0	0
21725	4.345	0	0	0	0
21726	4.3452	0	0	0	0
21727	4.3454	0	0	0	0
21728	4.3456	0	0	0	0
21729	4.3458	0	0	0	0
21730	4.346	0	1	0	0
21731	4.3462	0	1	0	0
21732	4.3464	0	1	0	0
21733	4.3466	0	1	0	0
21734	4.3468	0	1	0	0
21735	4.347	0	1	0	0
21736	4.3472	0	1	0	0
21737	4.3474	0	1	0	0
21738	4.3476	0	1	0	0
21739	4.3478	0	1	0	0
21740	4.348	0	1	0	0
21741	4.3482	0	1	0	0
21742	4.3484	0	1	0	0
21743	4.3486	0	1	0	0
21744	4.3488	0	1	0	0
21745	4.349	0	1	0	0
21746	4.3492	0	1	0	0
21747	4.3494	0	1	0	0
21748	4.3496	0	1	0	0
21749	4.3498	0	1	0	0
21750	4.35	0	1	0	0
21751	4.3502	0	1	0	0
21752	4.3504	0	1	0	0
21753	4.3506	0	1	0	0
21754	4.3508	0	1	0	0
21755	4.351	0	1	0	0
21756	4.3512	0	1	0	0
21757	4.3514	0	1	0	0
21758	4.3516	0	1	0	0
21759	4.3518	0	1	0	0
21760	4.352	0	1	0	0
21761	4.3522	0	1	0	0
21762	4.3524	0	1	0	0
21763	4.3526	0	1	0	0
21764	4.3528	0	1	0	0
21765	4.353	0	1	0	0
21766	4.3532	0	1	0	0
21767	4.3534	0	1	0	0
21768	4.3536	0	1	0	0
21769	4.3538	0	1	0	0
21770	4.354	0	1	0	0
21771	4.3542	0	1	0	0
21772	4.3544	0	1	0	0
21773	4.3546	0	1	0	0
21774	4.3548	0	1	0	0
21775	4.355	0	1	0	0
21776	4.3552	0	1	0	0
21777	4.3554	0	1	0	0
21778	4.3556	0	1	0	0
21779	4.3558	0	1	0	0
21780	4.356	0	1	0	0
21781	4.3562	0	1	0	0
21782	4.3564	0	1	0	0
21783	4.3566	0	1	0	0
21784	4.3568	0	1	0	0
21785	4.357	0	1	0	0
21786	4.3572	0	1	0	0
21787	4.3574	0	1	0	0
21788	4.3576	0	1	0	0
21789	4.3578	0	1	0	0
21790	4.358	0	1	0	0
21791	4.3582	0	1	0	0
21792	4.3584	0	1	0	0
21793	4.3586	0	1	0	0
21794	4.3588	0	1	0	0
21795	4.359	0	1	0	0
21796	4.3592	0	1	0	0
21797	4.3594	0	1	0	0
21798	4.3596	0	1	0	0
21799	4.3598	0	1	0	0
21800	4.36	0	1	0	0
21801	4.3602	0	1	0	0
21802	4.3604	0	1	0	0
21803	4.3606	0	1	0	0
21804	4.3608	0	1	0	0
21805	4.361	0	0	0	0
21806	4.3612	0	0	0	0
21807	4.3614	0	0	0	0
21808	4.3616	0	0	0	0
21809	4.3618	0	0	0	0
21810	4.362	0	0	0	0
21811	4.3622	0	0	0	0
21812	4.3624	0	0	0	0
21813	4.3626	0	0	0	0
21814	4.3628	0	0	0	0
21815	4.363	0	0	0	0
21816	4.3632	0	0	0	0
21817	4.3634	0	0	0	0
21818	4.3636	0	0	0	0
21819	4.3638	0	0	0	0
21820	4.364	0	0	0	0
21821	4.3642	0	0	0	0
21822	4.3644	0	0	0	0
21823	4.3646	0	0	0	0
21824	4.3648	0	0	0	0
21825	4.365	0	0	0	0
21826	4.3652	0	0	0	0
21827	4.3654	0	0	0	0
21828	4.3656	0	0	0	0
21829	4.3658	0	0	0	0
21830	4.366	0	0	0	0
21831	4.3662	0	0	0	0
21832	4.3664	0	0	0	0
21833	4.3666	0	0	0	0
21834	4.3668	0	0	0	0
21835	4.367	0	0	0	0
21836	4.3672	0	0	0	0
21837	4.3674	0	0	0	0
21838	4.3676	0	0	0	0
21839	4.3678	0	0	0	0
21840	4.368	0	0	0	0
21841	4.3682	0	0	0	0
21842	4.3684	0	0	0	0
21843	4.3686	0	0	0	0
21844	4.3688	0	0	0	0
21845	4.369	0	0	0	0
21846	4.3692	0	0	0	0
21847	4.3694	0	0	0	0
21848	4.3696	0	0	0	0
21849	4.3698	0	0	0	0
21850	4.37	0	0	0	0
21851	4.3702	0	0	0	0
21852	4.3704	0	0	0	0
21853	4.3706	0	0	0	0
21854	4.3708	0	0	0	0
21855	4.371	0	0	0	0
21856	4.3712	0	0	0	0
21857	4.3714	0	0	0	0
21858	4.3716	0	0	0	0
21859	4.3718	0	0	0	0
21860	4.372	0	0	0	0
21861	4.3722	0	0	0	0
21862	4.3724	0	0	0	0
21863	4.3726	0	0	0	0
21864	4.3728	0	0	0	0
21865	4.373	0	0	0	0
21866	4.3732	0	0	0	0
21867	4.3734	0	0	0	0
21868	4.3736	0	0	0	0
21869	4.3738	0	0	0	0
21870	4.374	0	0	0	0
21871	4.3742	0	0	0	0
21872	4.3744	0	0	0	0
21873	4.3746	0	0	0	0
21874	4.3748	0	0	0	0
21875	4.375	0	0	0	0
21876	4.3752	0	0	0	0
21877	4.3754	0	0	0	0
21878	4.3756	0	0	0	0
21879	4.3758	0	0	0	0
21880	4.376	0	0	0	0
21881	4.3762	0	0	0	0
21882	4.3764	0	0	0	0
21883	4.3766	0	0	0	0
21884	4.3768	0	0	0	0
21885	4.377	0	0	0	0
21886	4.3772	0	0	0	0
21887	4.3774	0	0	0	0
21888	4.3776	0	0	0	0
21889	4.3778	0	0	0	0
21890	4.378	0	0	0	0
21891	4.3782	0	0	0	0
21892	4.3784	0	0	0	0
21893	4.3786	0	0	0	0
21894	4.3788	0	0	0	0
21895	4.379	0	0	0	0
21896	4.3792	0	0	0	0
21897	4.3794	0	0	0	0
21898	4.3796	0	0	0	0
21899	4.3798	0	0	0	0
21900	4.38	0	0	0	0
21901	4.3802	0	0	0	0
21902	4.3804	0	0	0	0
21903	4.3806	0	0	0	0
21904	4.3808	0	0	0	0
21905	4.381	0	0	0	0
21906	4.3812	0	0	0	0
21907	4.3814	0	0	0	0
21908	4.3816	0	0	0	0
21909	4.3818	0	0	0	0
21910	4.382	0	0	0	0
21911	4.3822	0	0	0	0
21912	4.3824	0	0	0	0
21913	4.3826	0	0	0	0
21914	4.3828	0	0	0	0
21915	4.383	0	0	0	0
21916	4.3832	0	0	0	0
21917	4.3834	0	0	0	0
21918	4.3836	0	0	0	0
21919	4.3838	0	0	0	0
21920	4.384	0	0	0	0
21921	4.3842	0	0	0	0
21922	4.3844	0	0	0	0
21923	4.3846	0	0	0	0
21924	4.3848	0	0	0	0
21925	4.385	0	0	0	0
21926	4.3852	0	0	0	0
21927	4.3854	0	0	0	0
21928	4.3856	0	0	0	0
21929	4.3858	0	0	0	0
21930	4.386	0	0	0	0
21931	4.3862	0	0	0	0
21932	4.3864	0	0	0	0
21933	4.3866	0	0	0	0
21934	4.3868	0	0	0	0
21935	4.387	0	0	0	0
21936	4.3872	0	0	0	0
21937	4.3874	0	0	0	0
21938	4.3876	0	0	0	0
21939	4.3878	0	0	0	0
21940	4.388	0	0	0	0
21941	4.3882	0	0	0	0
21942	4.3884	0	0	0	0
21943	4.3886	0	0	0	0
21944	4.3888	0	0	0	0
21945	4.389	0	0	0	0
21946	4.3892	0	0	0	0
21947	4.3894	0	0	0	0
21948	4.3896	0	0	0	0
21949	4.3898	0	0	0	0
21950	4.39	0	0	0	0
21951	4.3902	0	0	0	0
21952	4.3904	0	0	0	0
21953	4.3906	0	0	0	0
21954	4.3908	0	0	0	0
21955	4.391	0	0	0	0
21956	4.3912	0	0	0	0
21957	4.3914	0	0	0	0
21958	4.3916	0	0	0	0
21959	4.3918	0	0	0	0
21960	4.392	0	0	0	0
21961	4.3922	0	0	0	0
21962	4.3924	0	0	0	0
21963	4.3926	0	0	0	0
21964	4.3928	0	0	0	0
21965	4.393	0	0	0	0
21966	4.3932	0	0	0	0
21967	4.3934	0	0	0	0
21968	4.3936	0	0	0	0
21969	4.3938	0	0	0	0
21970	4.394	0	0	0	0
21971	4.3942	0	0	0	0
21972	4.3944	0	0	0	0
21973	4.3946	0	0	0	0
21974	4.3948	0	0	0	0
21975	4.395	0	0	0	0
21976	4.3952	0	0	0	0
21977	4.3954	0	0	0	0
21978	4.3956	0	0	0	0
21979	4.3958	0	0	0	0
21980	4.396	0	0	0	0
21981	4.3962	0	0	0	0
21982	4.3964	0	0	0	0
21983	4.3966	0	0	0	0
21984	4.3968	0	0	0	0
21985	4.397	0	0	0	0
21986	4.3972	0	0	0	0
21987	4.3974	0	0	0	0
21988	4.3976	0	0	0	0
21989	4.3978	0	0	0	0
21990	4.398	0	0	0	0
21991	4.3982	0	0	0	0
21992	4.3984	0	0	0	0
21993	4.3986	0	0	0	0
21994	4.3988	0	0	0	0
21995	4.399	0	0	0	0
21996	4.3992	0	0	0	0
21997	4.3994	0	0	0	0
21998	4.3996	0	0	0	0
21999	4.3998	0	0	0	0
22000	4.4	0	0	0	0
22001	4.4002	0	0	0	0
22002	4.4004	0	0	0	0
22003	4.4006	0	0	0	0
22004	4.4008	0	0	0	0
22005	4.401	0	0	0	0
22006	4.4012	0	0	0	0
22007	4.4014	0	0	0	0
22008	4.4016	0	0	0	0
22009	4.4018	0	0	0	0
22010	4.402	0	0	0	0
22011	4.4022	0	0	0	0
22012	4.4024	0	0	0	0
22013	4.4026	0	0	0	0
22014	4.4028	0	0	0	0
22015	4.403	0	0	0	0
22016	4.4032	0	0	0	0
22017	4.4034	0	0	0	0
22018	4.4036	0	0	0	0
22019	4.4038	0	0	0	0
22020	4.404	0	0	0	0
22021	4.4042	0	0	0	0
22022	4.4044	0	0	0	0
22023	4.4046	0	0	0	0
22024	4.4048	0	0	0	0
22025	4.405	0	0	0	0
22026	4.4052	0	0	0	0
22027	4.4054	0	0	0	0
22028	4.4056	0	0	0	0
22029	4.4058	0	0	0	0
22030	4.406	0	0	0	0
22031	4.4062	0	0	0	0
22032	4.4064	0	0	0	0
22033	4.4066	0	0	0	0
22034	4.4068	0	0	0	0
22035	4.407	0	0	0	0
22036	4.4072	0	0	0	0
22037	4.4074	0	0	0	0
22038	4.4076	0	0	0	0
22039	4.4078	0	0	0	0
22040	4.408	0	1	0	0
22041	4.4082	0	1	0	0
22042	4.4084	0	1	0	0
22043	4.4086	0	1	0	0
22044	4.4088	0	1	0	0
22045	4.409	0	1	0	0
22046	4.4092	0	1	0	0
22047	4.4094	0	1	0	0
22048	4.4096	0	1	0	0
22049	4.4098	0	1	0	0
22050	4.41	0	1	0	0
22051	4.4102	0	1	0	0
22052	4.4104	0	1	0	0
22053	4.4106	0	1	0	0
22054	4.4108	0	1	0	0
22055	4.411	0	1	0	0
22056	4.4112	0	1	0	0
22057	4.4114	0	1	0	0
22058	4.4116	0	1	0	0
22059	4.4118	0	1	0	0
22060	4.412	0	1	0	0
22061	4.4122	0	1	0	0
22062	4.4124	0	1	0	0
22063	4.4126	0	1	0	0
22064	4.4128	0	1	0	0
22065	4.413	0	1	0	0
22066	4.4132	0	1	0	0
22067	4.4134	0	1	0	0
22068	4.4136	0	1	0	0
22069	4.4138	0	1	0	0
22070	4.414	0	1	0	0
22071	4.4142	0	1	0	0
22072	4.4144	0	1	0	0
22073	4.4146	0	1	0	0
22074	4.4148	0	1	0	0
22075	4.415	0	1	0	0
22076	4.4152	0	1	0	0
22077	4.4154	0	1	0	0
22078	4.4156	0	1	0	0
22079	4.4158	0	1	0	0
22080	4.416	0	1	0	0
22081	4.4162	0	1	0	0
22082	4.4164	0	1	0	0
22083	4.4166	0	1	0	0
22084	4.4168	0	1	0	0
22085	4.417	0	1	0	0
22086	4.4172	0	1	0	0
22087	4.4174	0	1	0	0
22088	4.4176	0	1	0	0
22089	4.4178	0	1	0	0
22090	4.418	0	1	0	0
22091	4.4182	0	1	0	0
22092	4.4184	0	1	0	0
22093	4.4186	0	1	0	0
22094	4.4188	0	1	0	0
22095	4.419	0	1	0	0
22096	4.4192	0	1	0	0
22097	4.4194	0	1	0	0
22098	4.4196	0	1	0	0
22099	4.4198	0	1	0	0
22100	4.42	0	1	0	0
22101	4.4202	0	1	0	0
22102	4.4204	0	1	0	0
22103	4.4206	0	1	0	0
22104	4.4208	0	1	0	0
22105	4.421	0	1	0	0
22106	4.4212	0	1	0	0
22107	4.4214	0	1	0	0
22108	4.4216	0	1	0	0
22109	4.4218	0	1	0	0
22110	4.422	0	1	0	0
22111	4.4222	0	1	0	0
22112	4.4224	0	1	0	0
22113	4.4226	0	1	0	0
22114	4.4228	0	1	0	0
22115	4.423	0	1	0	0
22116	4.4232	0	1	0	0
22117	4.4234	0	1	0	0
22118	4.4236	0	1	0	0
22119	4.4238	0	1	0	0
22120	4.424	0	1	0	0
22121	4.4242	0	1	0	0
22122	4.4244	0	1	0	0
22123	4.4246	0	1	0	0
22124	4.4248	0	1	0	0
22125	4.425	0	1	0	0
22126	4.4252	0	1	0	0
22127	4.4254	0	1	0	0
22128	4.4256	0	1	0	0
22129	4.4258	0	1	0	0
22130	4.426	0	1	0	0
22131	4.4262	0	1	0	0
22132	4.4264	0	1	0	0
22133	4.4266	0	1	0	0
22134	4.4268	0	1	0	0
22135	4.427	0	1	0	0
22136	4.4272	0	1	0	0
22137	4.4274	0	1	0	0
22138	4.4276	0	1	0	0
22139	4.4278	0	1	0	0
22140	4.428	0	1	0	0
22141	4.4282	0	1	0	0
22142	4.4284	0	1	0	0
22143	4.4286	0	1	0	0
22144	4.4288	0	1	0	0
22145	4.429	0	1	0	0
22146	4.4292	0	1	0	0
22147	4.4294	0	1	0	0
22148	4.4296	0	1	0	0
22149	4.4298	0	1	0	0
22150	4.43	0	1	0	0
22151	4.4302	0	1	0	0
22152	4.4304	0	1	0	0
22153	4.4306	0	1	0	0
22154	4.4308	0	1	0	0
22155	4.431	0	1	0	0
22156	4.4312	0	1	0	0
22157	4.4314	0	1	0	0
22158	4.4316	0	1	0	0
22159	4.4318	0	1	0	0
22160	4.432	0	1	0	0
22161	4.4322	0	1	0	0
22162	4.4324	0	1	0	0
22163	4.4326	0	1	0	0
22164	4.4328	0	1	0	0
22165	4.433	0	1	0	0
22166	4.4332	0	1	0	0
22167	4.4334	0	1	0	0
22168	4.4336	0	1	0	0
22169	4.4338	0	1	0	0
22170	4.434	0	1	0	0
22171	4.4342	0	1	0	0
22172	4.4344	0	1	0	0
22173	4.4346	0	1	0	0
22174	4.4348	0	1	0	0
22175	4.435	0	1	0	0
22176	4.4352	0	1	0	0
22177	4.4354	0	1	0	0
22178	4.4356	0	1	0	0
22179	4.4358	0	1	0	0
22180	4.436	0	1	0	0
22181	4.4362	0	1	0	0
22182	4.4364	0	1	0	0
22183	4.4366	0	1	0	0
22184	4.4368	0	1	0	0
22185	4.437	0	1	0	0
22186	4.4372	0	1	0	0
22187	4.4374	0	1	0	0
22188	4.4376	0	1	0	0
22189	4.4378	0	1	0	0
22190	4.438	0	1	0	0
22191	4.4382	0	1	0	0
22192	4.4384	0	1	0	0
22193	4.4386	0	1	0	0
22194	4.4388	0	1	0	0
22195	4.439	0	1	0	0
22196	4.4392	0	1	0	0
22197	4.4394	0	1	0	0
22198	4.4396	0	1	0	0
22199	4.4398	0	1	0	0
22200	4.44	0	1	0	0
22201	4.4402	0	1	0	0
22202	4.4404	0	1	0	0
22203	4.4406	0	1	0	0
22204	4.4408	0	1	0	0
22205	4.441	0	1	0	0
22206	4.4412	0	1	0	0
22207	4.4414	0	1	0	0
22208	4.4416	0	1	0	0
22209	4.4418	0	1	0	0
22210	4.442	0	1	0	0
22211	4.4422	0	1	0	0
22212	4.4424	0	1	0	0
22213	4.4426	0	1	0	0
22214	4.4428	0	1	0	0
22215	4.443	0	1	0	0
22216	4.4432	0	1	0	0
22217	4.4434	0	1	0	0
22218	4.4436	0	1	0	0
22219	4.4438	0	1	0	0
22220	4.444	0	1	0	0
22221	4.4442	0	1	0	0
22222	4.4444	0	1	0	0
22223	4.4446	0	1	0	0
22224	4.4448	0	1	0	0
22225	4.445	0	1	0	0
22226	4.4452	0	1	0	0
22227	4.4454	0	1	0	0
22228	4.4456	0	1	0	0
22229	4.4458	0	1	0	0
22230	4.446	0	1	0	0
22231	4.4462	0	1	0	0
22232	4.4464	0	1	0	0
22233	4.4466	0	1	0	0
22234	4.4468	0	1	0	0
22235	4.447	0	1	0	0
22236	4.4472	0	1	0	0
22237	4.4474	0	1	0	0
22238	4.4476	0	1	0	0
22239	4.4478	0	1	0	0
22240	4.448	0	1	0	0
22241	4.4482	0	1	0	0
22242	4.4484	0	1	0	0
22243	4.4486	0	1	0	0
22244	4.4488	0	1	0	0
22245	4.449	0	1	0	0
22246	4.4492	0	1	0	0
22247	4.4494	0	1	0	0
22248	4.4496	0	1	0	0
22249	4.4498	0	1	0	0
22250	4.45	0	1	0	0
22251	4.4502	0	1	0	0
22252	4.4504	0	1	0	0
22253	4.4506	0	1	0	0
22254	4.4508	0	1	0	0
22255	4.451	0	1	0	0
22256	4.4512	0	1	0	0
22257	4.4514	0	1	0	0
22258	4.4516	0	1	0	0
22259	4.4518	0	1	0	0
22260	4.452	0	1	0	0
22261	4.4522	0	1	0	0
22262	4.4524	0	1	0	0
22263	4.4526	0	1	0	0
22264	4.4528	0	1	0	0
22265	4.453	0	1	0	0
22266	4.4532	0	1	0	0
22267	4.4534	0	1	0	0
22268	4.4536	0	1	0	0
22269	4.4538	0	1	0	0
22270	4.454	0	1	0	0
22271	4.4542	0	1	0	0
22272	4.4544	0	1	0	0
22273	4.4546	0	1	0	0
22274	4.4548	0	1	0	0
22275	4.455	0	1	0	0
22276	4.4552	0	1	0	0
22277	4.4554	0	1	0	0
22278	4.4556	0	1	0	0
22279	4.4558	0	1	0	0
22280	4.456	0	1	0	0
22281	4.4562	0	1	0	0
22282	4.4564	0	1	0	0
22283	4.4566	0	1	0	0
22284	4.4568	0	1	0	0
22285	4.457	0	1	0	0
22286	4.4572	0	1	0	0
22287	4.4574	0	1	0	0
22288	4.4576	0	1	0	0
22289	4.4578	0	1	0	0
22290	4.458	0	1	0	0
22291	4.4582	0	1	0	0
22292	4.4584	0	1	0	0
22293	4.4586	0	1	0	0
22294	4.4588	0	1	0	0
22295	4.459	0	1	0	0
22296	4.4592	0	1	0	0
22297	4.4594	0	1	0	0
22298	4.4596	0	1	0	0
22299	4.4598	0	1	0	0
22300	4.46	0	0	0	0
22301	4.4602	0	0	0	0
22302	4.4604	0	0	0	0
22303	4.4606	0	0	0	0
22304	4.4608	0	0	0	0
22305	4.461	0	0	0	0
22306	4.4612	0	0	0	0
22307	4.4614	0	0	0	0
22308	4.4616	0	0	0	0
22309	4.4618	0	0	0	0
22310	4.462	0	0	0	0
22311	4.4622	0	0	0	0
22312	4.4624	0	0	0	0
22313	4.4626	0	0	0	0
22314	4.4628	0	0	0	0
22315	4.463	0	0	0	0
22316	4.4632	0	0	0	0
22317	4.4634	0	0	0	0
22318	4.4636	0	0	0	0
22319	4.4638	0	0	0	0
22320	4.464	0	0	0	0
22321	4.4642	0	0	0	0
22322	4.4644	0	0	0	0
22323	4.4646	0	0	0	0
22324	4.4648	0	0	0	0
22325	4.465	0	0	0	0
22326	4.4652	0	0	0	0
22327	4.4654	0	0	0	0
22328	4.4656	0	0	0	0
22329	4.4658	0	0	0	0
22330	4.466	0	0	0	0
22331	4.4662	0	0	0	0
22332	4.4664	0	0	0	0
22333	4.4666	0	0	0	0
22334	4.4668	0	0	0	0
22335	4.467	0	0	0	0
22336	4.4672	0	0	0	0
22337	4.4674	0	0	0	0
22338	4.4676	0	0	0	0
22339	4.4678	0	0	0	0
22340	4.468	0	0	0	0
22341	4.4682	0	0	0	0
22342	4.4684	0	0	0	0
22343	4.4686	0	0	0	0
22344	4.4688	0	0	0	0
22345	4.469	0	0	0	0
22346	4.4692	0	0	0	0
22347	4.4694	0	0	0	0
22348	4.4696	0	0	0	0
22349	4.4698	0	0	0	0
22350	4.47	0	0	0	0
22351	4.4702	0	0	0	0
22352	4.4704	0	0	0	0
22353	4.4706	0	0	0	0
22354	4.4708	0	0	0	0
22355	4.471	0	0	0	0
22356	4.4712	0	0	0	0
22357	4.4714	0	0	0	0
22358	4.4716	0	0	0	0
22359	4.4718	0	0	0	0
22360	4.472	0	0	0	0
22361	4.4722	0	0	0	0
22362	4.4724	0	0	0	0
22363	4.4726	0	0	0	0
22364	4.4728	0	0	0	0
22365	4.473	0	0	0	0
22366	4.4732	0	0	0	0
22367	4.4734	0	0	0	0
22368	4.4736	0	0	0	0
22369	4.4738	0	0	0	0
22370	4.474	0	0	0	0
22371	4.4742	0	0	0	0
22372	4.4744	0	0	0	0
22373	4.4746	0	0	0	0
22374	4.4748	0	0	0	0
22375	4.475	0	0	0	0
22376	4.4752	0	0	0	0
22377	4.4754	0	0	0	0
22378	4.4756	0	0	0	0
22379	4.4758	0	0	0	0
22380	4.476	0	0	0	0
22381	4.4762	0	0	0	0
22382	4.4764	0	0	0	0
22383	4.4766	0	0	0	0
22384	4.4768	0	0	0	0
22385	4.477	0	0	0	0
22386	4.4772	0	0	0	0
22387	4.4774	0	0	0	0
22388	4.4776	0	0	0	0
22389	4.4778	0	0	0	0
22390	4.478	0	0	0	0
22391	4.4782	0	0	0	0
22392	4.4784	0	0	0	0
22393	4.4786	0	0	0	0
22394	4.4788	0	0	0	0
22395	4.479	0	0	0	0
22396	4.4792	0	0	0	0
22397	4.4794	0	0	0	0
22398	4.4796	0	0	0	0
22399	4.4798	0	0	0	0
22400	4.48	0	0	0	0
22401	4.4802	0	0	0	0
22402	4.4804	0	0	0	0
22403	4.4806	0	0	0	0
22404	4.4808	0	0	0	0
22405	4.481	0	0	0	0
22406	4.4812	0	0	0	0
22407	4.4814	0	0	0	0
22408	4.4816	0	0	0	0
22409	4.4818	0	0	0	0
22410	4.482	0	0	0	0
22411	4.4822	0	0	0	0
22412	4.4824	0	0	0	0
22413	4.4826	0	0	0	0
22414	4.4828	0	0	0	0
22415	4.483	0	0	0	0
22416	4.4832	0	0	0	0
22417	4.4834	0	0	0	0
22418	4.4836	0	0	0	0
22419	4.4838	0	0	0	0
22420	4.484	0	0	0	0
22421	4.4842	0	0	0	0
22422	4.4844	0	0	0	0
22423	4.4846	0	0	0	0
22424	4.4848	0	0	0	0
22425	4.485	0	0	0	0
22426	4.4852	0	0	0	0
22427	4.4854	0	0	0	0
22428	4.4856	0	0	0	0
22429	4.4858	0	0	0	0
22430	4.486	0	0	0	0
22431	4.4862	0	0	0	0
22432	4.4864	0	0	0	0
22433	4.4866	0	0	0	0
22434	4.4868	0	0	0	0
22435	4.487	0	0	0	0
22436	4.4872	0	0	0	0
22437	4.4874	0	0	0	0
22438	4.4876	0	0	0	0
22439	4.4878	0	0	0	0
22440	4.488	0	0	0	0
22441	4.4882	0	0	0	0
22442	4.4884	0	0	0	0
22443	4.4886	0	0	0	0
22444	4.4888	0	0	0	0
22445	4.489	0	0	0	0
22446	4.4892	0	0	0	0
22447	4.4894	0	0	0	0
22448	4.4896	0	0	0	0
22449	4.4898	0	0	0	0
22450	4.49	0	0	0	0
22451	4.4902	0	0	0	0
22452	4.4904	0	0	0	0
22453	4.4906	0	0	0	0
22454	4.4908	0	0	0	0
22455	4.491	0	0	0	0
22456	4.4912	0	0	0	0
22457	4.4914	0	0	0	0
22458	4.4916	0	0	0	0
22459	4.4918	0	0	0	0
22460	4.492	0	0	0	0
22461	4.4922	0	0	0	0
22462	4.4924	0	0	0	0
22463	4.4926	0	0	0	0
22464	4.4928	0	0	0	0
22465	4.493	0	0	0	0
22466	4.4932	0	0	0	0
22467	4.4934	0	0	0	0
22468	4.4936	0	0	0	0
22469	4.4938	0	0	0	0
22470	4.494	0	0	0	0
22471	4.4942	0	0	0	0
22472	4.4944	0	0	0	0
22473	4.4946	0	0	0	0
22474	4.4948	0	0	0	0
22475	4.495	0	0	0	0
22476	4.4952	0	0	0	0
22477	4.4954	0	0	0	0
22478	4.4956	0	0	0	0
22479	4.4958	0	0	0	0
22480	4.496	0	0	0	0
22481	4.4962	0	0	0	0
22482	4.4964	0	0	0	0
22483	4.4966	0	0	0	0
22484	4.4968	0	0	0	0
22485	4.497	0	0	0	0
22486	4.4972	0	0	0	0
22487	4.4974	0	0	0	0
22488	4.4976	0	0	0	0
22489	4.4978	0	0	0	0
22490	4.498	0	0	0	0
22491	4.4982	0	0	0	0
22492	4.4984	0	0	0	0
22493	4.4986	0	0	0	0
22494	4.4988	0	0	0	0
22495	4.499	0	0	0	0
22496	4.4992	0	0	0	0
22497	4.4994	0	0	0	0
22498	4.4996	0	0	0	0
22499	4.4998	0	0	0	0
22500	4.5	0	0	0	0
22501	4.5002	0	0	0	0
22502	4.5004	0	0	0	0
22503	4.5006	0	0	0	0
22504	4.5008	0	0	0	0
22505	4.501	0	0	0	0
22506	4.5012	0	0	0	0
22507	4.5014	0	0	0	0
22508	4.5016	0	0	0	0
22509	4.5018	0	0	0	0
22510	4.502	0	0	0	0
22511	4.5022	0	0	0	0
22512	4.5024	0	0	0	0
22513	4.5026	0	0	0	0
22514	4.5028	0	0	0	0
22515	4.503	0	0	0	0
22516	4.5032	0	0	0	0
22517	4.5034	0	0	0	0
22518	4.5036	0	0	0	0
22519	4.5038	0	0	0	0
22520	4.504	0	0	0	0
22521	4.5042	0	0	0	0
22522	4.5044	0	0	0	0
22523	4.5046	0	0	0	0
22524	4.5048	0	0	0	0
22525	4.505	0	0	0	0
22526	4.5052	0	0	0	0
22527	4.5054	0	0	0	0
22528	4.5056	0	0	0	0
22529	4.5058	0	0	0	0
22530	4.506	0	0	0	0
22531	4.5062	0	0	0	0
22532	4.5064	0	0	0	0
22533	4.5066	0	0	0	0
22534	4.5068	0	0	0	0
22535	4.507	0	0	0	0
22536	4.5072	0	0	0	0
22537	4.5074	0	0	0	0
22538	4.5076	0	0	0	0
22539	4.5078	0	0	0	0
22540	4.508	0	0	0	0
22541	4.5082	0	0	0	0
22542	4.5084	0	0	0	0
22543	4.5086	0	0	0	0
22544	4.5088	0	0	0	0
22545	4.509	0	0	0	0
22546	4.5092	0	0	0	0
22547	4.5094	0	0	0	0
22548	4.5096	0	0	0	0
22549	4.5098	0	0	0	0
22550	4.51	0	0	0	0
22551	4.5102	0	0	0	0
22552	4.5104	0	0	0	0
22553	4.5106	0	0	0	0
22554	4.5108	0	0	0	0
22555	4.511	0	0	0	0
22556	4.5112	0	0	0	0
22557	4.5114	0	0	0	0
22558	4.5116	0	0	0	0
22559	4.5118	0	0	0	0
22560	4.512	0	0	0	0
22561	4.5122	0	0	0	0
22562	4.5124	0	0	0	0
22563	4.5126	0	0	0	0
22564	4.5128	0	0	0	0
22565	4.513	0	0	0	0
22566	4.5132	0	0	0	0
22567	4.5134	0	0	0	0
22568	4.5136	0	0	0	0
22569	4.5138	0	0	0	0
22570	4.514	0	0	0	0
22571	4.5142	0	0	0	0
22572	4.5144	0	0	0	0
22573	4.5146	0	0	0	0
22574	4.5148	0	0	0	0
22575	4.515	0	0	0	0
22576	4.5152	0	0	0	0
22577	4.5154	0	0	0	0
22578	4.5156	0	0	0	0
22579	4.5158	0	0	0	0
22580	4.516	0	0	0	0
22581	4.5162	0	0	0	0
22582	4.5164	0	0	0	0
22583	4.5166	0	0	0	0
22584	4.5168	0	0	0	0
22585	4.517	0	0	0	0
22586	4.5172	0	0	0	0
22587	4.5174	0	0	0	0
22588	4.5176	0	0	0	0
22589	4.5178	0	0	0	0
22590	4.518	0	0	0	0
22591	4.5182	0	0	0	0
22592	4.5184	0	0	0	0
22593	4.5186	0	0	0	0
22594	4.5188	0	0	0	0
22595	4.519	0	0	0	0
22596	4.5192	0	0	0	0
22597	4.5194	0	0	0	0
22598	4.5196	0	0	0	0
22599	4.5198	0	0	0	0
22600	4.52	0	0	0	0
22601	4.5202	0	0	0	0
22602	4.5204	0	0	0	0
22603	4.5206	0	0	0	0
22604	4.5208	0	0	0	0
22605	4.521	0	0	0	0
22606	4.5212	0	0	0	0
22607	4.5214	0	0	0	0
22608	4.5216	0	0	0	0
22609	4.5218	0	0	0	0
22610	4.522	0	0	0	0
22611	4.5222	0	0	0	0
22612	4.5224	0	0	0	0
22613	4.5226	0	0	0	0
22614	4.5228	0	0	0	0
22615	4.523	0	0	0	0
22616	4.5232	0	0	0	0
22617	4.5234	0	0	0	0
22618	4.5236	0	0	0	0
22619	4.5238	0	0	0	0
22620	4.524	0	0	0	0
22621	4.5242	0	0	0	0
22622	4.5244	0	0	0	0
22623	4.5246	0	0	0	0
22624	4.5248	0	0	0	0
22625	4.525	0	0	0	0
22626	4.5252	0	0	0	0
22627	4.5254	0	0	0	0
22628	4.5256	0	0	0	0
22629	4.5258	0	0	0	0
22630	4.526	0	0	0	0
22631	4.5262	0	0	0	0
22632	4.5264	0	0	0	0
22633	4.5266	0	0	0	0
22634	4.5268	0	0	0	0
22635	4.527	0	0	0	0
22636	4.5272	0	0	0	0
22637	4.5274	0	0	0	0
22638	4.5276	0	0	0	0
22639	4.5278	0	0	0	0
22640	4.528	0	0	0	0
22641	4.5282	0	0	0	0
22642	4.5284	0	0	0	0
22643	4.5286	0	0	0	0
22644	4.5288	0	0	0	0
22645	4.529	0	0	0	0
22646	4.5292	0	0	0	0
22647	4.5294	0	0	0	0
22648	4.5296	0	0	0	0
22649	4.5298	0	0	0	0
22650	4.53	0	0	0	0
22651	4.5302	0	0	0	0
22652	4.5304	0	0	0	0
22653	4.5306	0	0	0	0
22654	4.5308	0	0	0	0
22655	4.531	0	0	0	0
22656	4.5312	0	0	0	0
22657	4.5314	0	0	0	0
22658	4.5316	0	0	0	0
22659	4.5318	0	0	0	0
22660	4.532	0	0	0	0
22661	4.5322	0	0	0	0
22662	4.5324	0	0	0	0
22663	4.5326	0	0	0	0
22664	4.5328	0	0	0	0
22665	4.533	0	0	0	0
22666	4.5332	0	0	0	0
22667	4.5334	0	0	0	0
22668	4.5336	0	0	0	0
22669	4.5338	0	0	0	0
22670	4.534	0	0	0	0
22671	4.5342	0	0	0	0
22672	4.5344	0	0	0	0
22673	4.5346	0	0	0	0
22674	4.5348	0	0	0	0
22675	4.535	0	0	0	0
22676	4.5352	0	0	0	0
22677	4.5354	0	0	0	0
22678	4.5356	0	0	0	0
22679	4.5358	0	0	0	0
22680	4.536	0	0	0	0
22681	4.5362	0	0	0	0
22682	4.5364	0	0	0	0
22683	4.5366	0	0	0	0
22684	4.5368	0	0	0	0
22685	4.537	0	0	0	0
22686	4.5372	0	0	0	0
22687	4.5374	0	0	0	0
22688	4.5376	0	0	0	0
22689	4.5378	0	0	0	0
22690	4.538	0	0	0	0
22691	4.5382	0	0	0	0
22692	4.5384	0	0	0	0
22693	4.5386	0	0	0	0
22694	4.5388	0	0	0	0
22695	4.539	0	0	0	0
22696	4.5392	0	0	0	0
22697	4.5394	0	0	0	0
22698	4.5396	0	0	0	0
22699	4.5398	0	0	0	0
22700	4.54	0	0	0	0
22701	4.5402	0	0	0	0
22702	4.5404	0	0	0	0
22703	4.5406	0	0	0	0
22704	4.5408	0	0	0	0
22705	4.541	0	0	0	0
22706	4.5412	0	0	0	0
22707	4.5414	0	0	0	0
22708	4.5416	0	0	0	0
22709	4.5418	0	0	0	0
22710	4.542	0	0	0	0
22711	4.5422	0	0	0	0
22712	4.5424	0	0	0	0
22713	4.5426	0	0	0	0
22714	4.5428	0	0	0	0
22715	4.543	0	0	0	0
22716	4.5432	0	0	0	0
22717	4.5434	0	0	0	0
22718	4.5436	0	0	0	0
22719	4.5438	0	0	0	0
22720	4.544	0	0	0	0
22721	4.5442	0	0	0	0
22722	4.5444	0	0	0	0
22723	4.5446	0	0	0	0
22724	4.5448	0	0	0	0
22725	4.545	0	0	0	0
22726	4.5452	0	0	0	0
22727	4.5454	0	0	0	0
22728	4.5456	0	0	0	0
22729	4.5458	0	0	0	0
22730	4.546	0	0	0	0
22731	4.5462	0	0	0	0
22732	4.5464	0	0	0	0
22733	4.5466	0	0	0	0
22734	4.5468	0	0	0	0
22735	4.547	0	0	0	0
22736	4.5472	0	0	0	0
22737	4.5474	0	0	0	0
22738	4.5476	0	0	0	0
22739	4.5478	0	0	0	0
22740	4.548	0	0	0	0
22741	4.5482	0	0	0	0
22742	4.5484	0	0	0	0
22743	4.5486	0	0	0	0
22744	4.5488	0	0	0	0
22745	4.549	0	0	0	0
22746	4.5492	0	0	0	0
22747	4.5494	0	0	0	0
22748	4.5496	0	0	0	0
22749	4.5498	0	0	0	0
22750	4.55	0	0	0	0
22751	4.5502	0	0	0	0
22752	4.5504	0	0	0	0
22753	4.5506	0	0	0	0
22754	4.5508	0	0	0	0
22755	4.551	0	0	0	0
22756	4.5512	0	0	0	0
22757	4.5514	0	0	0	0
22758	4.5516	0	0	0	0
22759	4.5518	0	0	0	0
22760	4.552	0	0	0	0
22761	4.5522	0	0	0	0
22762	4.5524	0	0	0	0
22763	4.5526	0	0	0	0
22764	4.5528	0	0	0	0
22765	4.553	0	0	0	0
22766	4.5532	0	0	0	0
22767	4.5534	0	0	0	0
22768	4.5536	0	0	0	0
22769	4.5538	0	0	0	0
22770	4.554	0	0	0	0
22771	4.5542	0	0	0	0
22772	4.5544	0	0	0	0
22773	4.5546	0	0	0	0
22774	4.5548	0	0	0	0
22775	4.555	0	0	0	0
22776	4.5552	0	0	0	0
22777	4.5554	0	0	0	0
22778	4.5556	0	0	0	0
22779	4.5558	0	0	0	0
22780	4.556	0	0	0	0
22781	4.5562	0	0	0	0
22782	4.5564	0	0	0	0
22783	4.5566	0	0	0	0
22784	4.5568	0	0	0	0
22785	4.557	0	0	0	0
22786	4.5572	0	0	0	0
22787	4.5574	0	0	0	0
22788	4.5576	0	0	0	0
22789	4.5578	0	0	0	0
22790	4.558	0	0	0	0
22791	4.5582	0	0	0	0
22792	4.5584	0	0	0	0
22793	4.5586	0	0	0	0
22794	4.5588	0	0	0	0
22795	4.559	0	0	0	0
22796	4.5592	0	0	0	0
22797	4.5594	0	0	0	0
22798	4.5596	0	0	0	0
22799	4.5598	0	0	0	0
22800	4.56	0	0	0	0
22801	4.5602	0	0	0	0
22802	4.5604	0	0	0	0
22803	4.5606	0	0	0	0
22804	4.5608	0	0	0	0
22805	4.561	0	0	0	0
22806	4.5612	0	0	0	0
22807	4.5614	0	0	0	0
22808	4.5616	0	0	0	0
22809	4.5618	0	0	0	0
22810	4.562	0	0	0	0
22811	4.5622	0	0	0	0
22812	4.5624	0	0	0	0
22813	4.5626	0	0	0	0
22814	4.5628	0	0	0	0
22815	4.563	0	0	0	0
22816	4.5632	0	0	0	0
22817	4.5634	0	0	0	0
22818	4.5636	0	0	0	0
22819	4.5638	0	0	0	0
22820	4.564	0	0	0	0
22821	4.5642	0	0	0	0
22822	4.5644	0	0	0	0
22823	4.5646	0	0	0	0
22824	4.5648	0	0	0	0
22825	4.565	0	0	0	0
22826	4.5652	0	0	0	0
22827	4.5654	0	0	0	0
22828	4.5656	0	0	0	0
22829	4.5658	0	0	0	0
22830	4.566	0	0	0	0
22831	4.5662	0	0	0	0
22832	4.5664	0	0	0	0
22833	4.5666	0	0	0	0
22834	4.5668	0	0	0	0
22835	4.567	0	0	0	0
22836	4.5672	0	0	0	0
22837	4.5674	0	0	0	0
22838	4.5676	0	0	0	0
22839	4.5678	0	0	0	0
22840	4.568	0	0	0	0
22841	4.5682	0	0	0	0
22842	4.5684	0	0	0	0
22843	4.5686	0	0	0	0
22844	4.5688	0	0	0	0
22845	4.569	0	0	0	0
22846	4.5692	0	0	0	0
22847	4.5694	0	0	0	0
22848	4.5696	0	0	0	0
22849	4.5698	0	0	0	0
22850	4.57	0	0	0	0
22851	4.5702	0	0	0	0
22852	4.5704	0	0	0	0
22853	4.5706	0	0	0	0
22854	4.5708	0	0	0	0
22855	4.571	0	0	0	0
22856	4.5712	0	0	0	0
22857	4.5714	0	0	0	0
22858	4.5716	0	0	0	0
22859	4.5718	0	0	0	0
22860	4.572	0	0	0	0
22861	4.5722	0	0	0	0
22862	4.5724	0	0	0	0
22863	4.5726	0	0	0	0
22864	4.5728	0	0	0	0
22865	4.573	0	0	0	0
22866	4.5732	0	0	0	0
22867	4.5734	0	0	0	0
22868	4.5736	0	0	0	0
22869	4.5738	0	0	0	0
22870	4.574	0	0	0	0
22871	4.5742	0	0	0	0
22872	4.5744	0	0	0	0
22873	4.5746	0	0	0	0
22874	4.5748	0	0	0	0
22875	4.575	0	0	0	0
22876	4.5752	0	0	0	0
22877	4.5754	0	0	0	0
22878	4.5756	0	0	0	0
22879	4.5758	0	0	0	0
22880	4.576	0	0	0	0
22881	4.5762	0	0	0	0
22882	4.5764	0	0	0	0
22883	4.5766	0	0	0	0
22884	4.5768	0	0	0	0
22885	4.577	0	0	0	0
22886	4.5772	0	0	0	0
22887	4.5774	0	0	0	0
22888	4.5776	0	0	0	0
22889	4.5778	0	0	0	0
22890	4.578	0	0	0	0
22891	4.5782	0	0	0	0
22892	4.5784	0	0	0	0
22893	4.5786	0	0	0	0
22894	4.5788	0	0	0	0
22895	4.579	0	0	0	0
22896	4.5792	0	0	0	0
22897	4.5794	0	0	0	0
22898	4.5796	0	0	0	0
22899	4.5798	0	0	0	0
22900	4.58	0	0	0	0
22901	4.5802	0	0	0	0
22902	4.5804	0	0	0	0
22903	4.5806	0	0	0	0
22904	4.5808	0	0	0	0
22905	4.581	0	0	0	0
22906	4.5812	0	0	0	0
22907	4.5814	0	0	0	0
22908	4.5816	0	0	0	0
22909	4.5818	0	0	0	0
22910	4.582	0	0	0	0
22911	4.5822	0	0	0	0
22912	4.5824	0	0	0	0
22913	4.5826	0	0	0	0
22914	4.5828	0	0	0	0
22915	4.583	0	0	0	0
22916	4.5832	0	0	0	0
22917	4.5834	0	0	0	0
22918	4.5836	0	0	0	0
22919	4.5838	0	0	0	0
22920	4.584	0	0	0	0
22921	4.5842	0	0	0	0
22922	4.5844	0	0	0	0
22923	4.5846	0	0	0	0
22924	4.5848	0	0	0	0
22925	4.585	0	0	0	0
22926	4.5852	0	0	0	0
22927	4.5854	0	0	0	0
22928	4.5856	0	0	0	0
22929	4.5858	0	0	0	0
22930	4.586	0	0	0	0
22931	4.5862	0	0	0	0
22932	4.5864	0	0	0	0
22933	4.5866	0	0	0	0
22934	4.5868	0	0	0	0
22935	4.587	0	0	0	0
22936	4.5872	0	0	0	0
22937	4.5874	0	0	0	0
22938	4.5876	0	0	0	0
22939	4.5878	0	0	0	0
22940	4.588	0	0	0	0
22941	4.5882	0	0	0	0
22942	4.5884	0	0	0	0
22943	4.5886	0	0	0	0
22944	4.5888	0	0	0	0
22945	4.589	0	0	0	0
22946	4.5892	0	0	0	0
22947	4.5894	0	0	0	0
22948	4.5896	0	0	0	0
22949	4.5898	0	0	0	0
22950	4.59	0	0	0	0
22951	4.5902	0	0	0	0
22952	4.5904	0	0	0	0
22953	4.5906	0	0	0	0
22954	4.5908	0	0	0	0
22955	4.591	0	0	0	0
22956	4.5912	0	0	0	0
22957	4.5914	0	0	0	0
22958	4.5916	0	0	0	0
22959	4.5918	0	0	0	0
22960	4.592	0	0	0	0
22961	4.5922	0	0	0	0
22962	4.5924	0	0	0	0
22963	4.5926	0	0	0	0
22964	4.5928	0	0	0	0
22965	4.593	0	0	0	0
22966	4.5932	0	0	0	0
22967	4.5934	0	0	0	0
22968	4.5936	0	0	0	0
22969	4.5938	0	0	0	0
22970	4.594	0	0	0	0
22971	4.5942	0	0	0	0
22972	4.5944	0	0	0	0
22973	4.5946	0	0	0	0
22974	4.5948	0	0	0	0
22975	4.595	0	0	0	0
22976	4.5952	0	0	0	0
22977	4.5954	0	0	0	0
22978	4.5956	0	0	0	0
22979	4.5958	0	0	0	0
22980	4.596	0	0	0	0
22981	4.5962	0	0	0	0
22982	4.5964	0	0	0	0
22983	4.5966	0	0	0	0
22984	4.5968	0	0	0	0
22985	4.597	0	0	0	0
22986	4.5972	0	0	0	0
22987	4.5974	0	0	0	0
22988	4.5976	0	0	0	0
22989	4.5978	0	0	0	0
22990	4.598	0	0	0	0
22991	4.5982	0	0	0	0
22992	4.5984	0	0	0	0
22993	4.5986	0	0	0	0
22994	4.5988	0	0	0	0
22995	4.599	0	0	0	0
22996	4.5992	0	0	0	0
22997	4.5994	0	0	0	0
22998	4.5996	0	0	0	0
22999	4.5998	0	0	0	0
23000	4.6	0	0	0	0
23001	4.6002	0	0	0	0
23002	4.6004	0	0	0	0
23003	4.6006	0	0	0	0
23004	4.6008	0	0	0	0
23005	4.601	0	0	0	0
23006	4.6012	0	0	0	0
23007	4.6014	0	0	0	0
23008	4.6016	0	0	0	0
23009	4.6018	0	0	0	0
23010	4.602	0	0	0	0
23011	4.6022	0	0	0	0
23012	4.6024	0	0	0	0
23013	4.6026	0	0	0	0
23014	4.6028	0	0	0	0
23015	4.603	0	0	0	0
23016	4.6032	0	0	0	0
23017	4.6034	0	0	0	0
23018	4.6036	0	0	0	0
23019	4.6038	0	0	0	0
23020	4.604	0	0	0	0
23021	4.6042	0	0	0	0
23022	4.6044	0	0	0	0
23023	4.6046	0	0	0	0
23024	4.6048	0	0	0	0
23025	4.605	0	0	0	0
23026	4.6052	0	0	0	0
23027	4.6054	0	0	0	0
23028	4.6056	0	0	0	0
23029	4.6058	0	0	0	0
23030	4.606	0	0	0	0
23031	4.6062	0	0	0	0
23032	4.6064	0	0	0	0
23033	4.6066	0	0	0	0
23034	4.6068	0	0	0	0
23035	4.607	0	0	0	0
23036	4.6072	0	0	0	0
23037	4.6074	0	0	0	0
23038	4.6076	0	0	0	0
23039	4.6078	0	0	0	0
23040	4.608	0	0	0	0
23041	4.6082	0	0	0	0
23042	4.6084	0	0	0	0
23043	4.6086	0	0	0	0
23044	4.6088	0	0	0	0
23045	4.609	0	0	0	0
23046	4.6092	0	0	0	0
23047	4.6094	0	0	0	0
23048	4.6096	0	0	0	0
23049	4.6098	0	0	0	0
23050	4.61	0	0	0	0
23051	4.6102	0	0	0	0
23052	4.6104	0	0	0	0
23053	4.6106	0	0	0	0
23054	4.6108	0	0	0	0
23055	4.611	0	0	0	0
23056	4.6112	0	0	0	0
23057	4.6114	0	0	0	0
23058	4.6116	0	0	0	0
23059	4.6118	0	0	0	0
23060	4.612	0	0	0	0
23061	4.6122	0	0	0	0
23062	4.6124	0	0	0	0
23063	4.6126	0	0	0	0
23064	4.6128	0	0	0	0
23065	4.613	0	0	0	0
23066	4.6132	0	0	0	0
23067	4.6134	0	0	0	0
23068	4.6136	0	0	0	0
23069	4.6138	0	0	0	0
23070	4.614	0	0	0	0
23071	4.6142	0	0	0	0
23072	4.6144	0	0	0	0
23073	4.6146	0	0	0	0
23074	4.6148	0	0	0	0
23075	4.615	0	0	0	0
23076	4.6152	0	0	0	0
23077	4.6154	0	0	0	0
23078	4.6156	0	0	0	0
23079	4.6158	0	0	0	0
23080	4.616	0	0	0	0
23081	4.6162	0	0	0	0
23082	4.6164	0	0	0	0
23083	4.6166	0	0	0	0
23084	4.6168	0	0	0	0
23085	4.617	0	0	0	0
23086	4.6172	0	0	0	0
23087	4.6174	0	0	0	0
23088	4.6176	0	0	0	0
23089	4.6178	0	0	0	0
23090	4.618	0	0	0	0
23091	4.6182	0	0	0	0
23092	4.6184	0	0	0	0
23093	4.6186	0	0	0	0
23094	4.6188	0	0	0	0
23095	4.619	0	0	0	0
23096	4.6192	0	0	0	0
23097	4.6194	0	0	0	0
23098	4.6196	0	0	0	0
23099	4.6198	0	0	0	0
23100	4.62	0	0	0	0
23101	4.6202	0	0	0	0
23102	4.6204	0	0	0	0
23103	4.6206	0	0	0	0
23104	4.6208	0	0	0	0
23105	4.621	0	0	0	0
23106	4.6212	0	0	0	0
23107	4.6214	0	0	0	0
23108	4.6216	0	0	0	0
23109	4.6218	0	0	0	0
23110	4.622	0	0	0	0
23111	4.6222	0	0	0	0
23112	4.6224	0	0	0	0
23113	4.6226	0	0	0	0
23114	4.6228	0	0	0	0
23115	4.623	0	0	0	0
23116	4.6232	0	0	0	0
23117	4.6234	0	0	0	0
23118	4.6236	0	0	0	0
23119	4.6238	0	0	0	0
23120	4.624	0	0	0	0
23121	4.6242	0	0	0	0
23122	4.6244	0	0	0	0
23123	4.6246	0	0	0	0
23124	4.6248	0	0	0	0
23125	4.625	0	0	0	0
23126	4.6252	0	0	0	0
23127	4.6254	0	0	0	0
23128	4.6256	0	0	0	0
23129	4.6258	0	0	0	0
23130	4.626	0	0	0	0
23131	4.6262	0	0	0	0
23132	4.6264	0	0	0	0
23133	4.6266	0	0	0	0
23134	4.6268	0	0	0	0
23135	4.627	0	0	0	0
23136	4.6272	0	0	0	0
23137	4.6274	0	0	0	0
23138	4.6276	0	0	0	0
23139	4.6278	0	0	0	0
23140	4.628	0	0	0	0
23141	4.6282	0	0	0	0
23142	4.6284	0	0	0	0
23143	4.6286	0	0	0	0
23144	4.6288	0	0	0	0
23145	4.629	0	0	0	0
23146	4.6292	0	0	0	0
23147	4.6294	0	0	0	0
23148	4.6296	0	0	0	0
23149	4.6298	0	0	0	0
23150	4.63	0	0	0	0
23151	4.6302	0	0	0	0
23152	4.6304	0	0	0	0
23153	4.6306	0	0	0	0
23154	4.6308	0	0	0	0
23155	4.631	0	0	0	0
23156	4.6312	0	0	0	0
23157	4.6314	0	0	0	0
23158	4.6316	0	0	0	0
23159	4.6318	0	0	0	0
23160	4.632	0	0	0	0
23161	4.6322	0	0	0	0
23162	4.6324	0	0	0	0
23163	4.6326	0	0	0	0
23164	4.6328	0	0	0	0
23165	4.633	0	0	0	0
23166	4.6332	0	0	0	0
23167	4.6334	0	0	0	0
23168	4.6336	0	0	0	0
23169	4.6338	0	0	0	0
23170	4.634	0	0	0	0
23171	4.6342	0	0	0	0
23172	4.6344	0	0	0	0
23173	4.6346	0	0	0	0
23174	4.6348	0	0	0	0
23175	4.635	0	0	0	0
23176	4.6352	0	0	0	0
23177	4.6354	0	0	0	0
23178	4.6356	0	0	0	0
23179	4.6358	0	0	0	0
23180	4.636	0	0	0	0
23181	4.6362	0	0	0	0
23182	4.6364	0	0	0	0
23183	4.6366	0	0	0	0
23184	4.6368	0	0	0	0
23185	4.637	0	0	0	0
23186	4.6372	0	0	0	0
23187	4.6374	0	0	0	0
23188	4.6376	0	0	0	0
23189	4.6378	0	0	0	0
23190	4.638	0	0	0	0
23191	4.6382	0	0	0	0
23192	4.6384	0	0	0	0
23193	4.6386	0	0	0	0
23194	4.6388	0	0	0	0
23195	4.639	0	0	0	0
23196	4.6392	0	0	0	0
23197	4.6394	0	0	0	0
23198	4.6396	0	0	0	0
23199	4.6398	0	0	0	0
23200	4.64	0	0	0	0
23201	4.6402	0	0	0	0
23202	4.6404	0	0	0	0
23203	4.6406	0	0	0	0
23204	4.6408	0	0	0	0
23205	4.641	0	0	0	0
23206	4.6412	0	0	0	0
23207	4.6414	0	0	0	0
23208	4.6416	0	0	0	0
23209	4.6418	0	0	0	0
23210	4.642	0	0	0	0
23211	4.6422	0	0	0	0
23212	4.6424	0	0	0	0
23213	4.6426	0	0	0	0
23214	4.6428	0	0	0	0
23215	4.643	0	0	0	0
23216	4.6432	0	0	0	0
23217	4.6434	0	0	0	0
23218	4.6436	0	0	0	0
23219	4.6438	0	0	0	0
23220	4.644	0	0	0	0
23221	4.6442	0	0	0	0
23222	4.6444	0	0	0	0
23223	4.6446	0	0	0	0
23224	4.6448	0	0	0	0
23225	4.645	0	0	0	0
23226	4.6452	0	0	0	0
23227	4.6454	0	0	0	0
23228	4.6456	0	0	0	0
23229	4.6458	0	0	0	0
23230	4.646	0	0	0	0
23231	4.6462	0	0	0	0
23232	4.6464	0	0	0	0
23233	4.6466	0	0	0	0
23234	4.6468	0	0	0	0
23235	4.647	0	0	0	0
23236	4.6472	0	0	0	0
23237	4.6474	0	0	0	0
23238	4.6476	0	0	0	0
23239	4.6478	0	0	0	0
23240	4.648	0	0	0	0
23241	4.6482	0	0	0	0
23242	4.6484	0	0	0	0
23243	4.6486	0	0	0	0
23244	4.6488	0	0	0	0
23245	4.649	0	0	0	0
23246	4.6492	0	0	0	0
23247	4.6494	0	0	0	0
23248	4.6496	0	0	0	0
23249	4.6498	0	0	0	0
23250	4.65	0	0	0	0
23251	4.6502	0	0	0	0
23252	4.6504	0	0	0	0
23253	4.6506	0	0	0	0
23254	4.6508	0	0	0	0
23255	4.651	0	0	0	0
23256	4.6512	0	0	0	0
23257	4.6514	0	0	0	0
23258	4.6516	0	0	0	0
23259	4.6518	0	0	0	0
23260	4.652	0	0	0	0
23261	4.6522	0	0	0	0
23262	4.6524	0	0	0	0
23263	4.6526	0	0	0	0
23264	4.6528	0	0	0	0
23265	4.653	0	0	0	0
23266	4.6532	0	0	0	0
23267	4.6534	0	0	0	0
23268	4.6536	0	0	0	0
23269	4.6538	0	0	0	0
23270	4.654	0	0	0	0
23271	4.6542	0	0	0	0
23272	4.6544	0	0	0	0
23273	4.6546	0	0	0	0
23274	4.6548	0	0	0	0
23275	4.655	0	0	0	0
23276	4.6552	0	0	0	0
23277	4.6554	0	0	0	0
23278	4.6556	0	0	0	0
23279	4.6558	0	0	0	0
23280	4.656	0	0	0	0
23281	4.6562	0	0	0	0
23282	4.6564	0	0	0	0
23283	4.6566	0	0	0	0
23284	4.6568	0	0	0	0
23285	4.657	0	0	0	0
23286	4.6572	0	0	0	0
23287	4.6574	0	0	0	0
23288	4.6576	0	0	0	0
23289	4.6578	0	0	0	0
23290	4.658	0	0	0	0
23291	4.6582	0	0	0	0
23292	4.6584	0	0	0	0
23293	4.6586	0	0	0	0
23294	4.6588	0	0	0	0
23295	4.659	0	0	0	0
23296	4.6592	0	0	0	0
23297	4.6594	0	0	0	0
23298	4.6596	0	0	0	0
23299	4.6598	0	0	0	0
23300	4.66	0	0	0	0
23301	4.6602	0	0	0	0
23302	4.6604	0	0	0	0
23303	4.6606	0	0	0	0
23304	4.6608	0	0	0	0
23305	4.661	0	0	0	0
23306	4.6612	0	0	0	0
23307	4.6614	0	0	0	0
23308	4.6616	0	0	0	0
23309	4.6618	0	0	0	0
23310	4.662	0	0	0	0
23311	4.6622	0	0	0	0
23312	4.6624	0	0	0	0
23313	4.6626	0	0	0	0
23314	4.6628	0	0	0	0
23315	4.663	0	0	0	0
23316	4.6632	0	0	0	0
23317	4.6634	0	0	0	0
23318	4.6636	0	0	0	0
23319	4.6638	0	0	0	0
23320	4.664	0	0	0	0
23321	4.6642	0	0	0	0
23322	4.6644	0	0	0	0
23323	4.6646	0	0	0	0
23324	4.6648	0	0	0	0
23325	4.665	0	0	0	0
23326	4.6652	0	0	0	0
23327	4.6654	0	0	0	0
23328	4.6656	0	0	0	0
23329	4.6658	0	0	0	0
23330	4.666	0	0	0	0
23331	4.6662	0	0	0	0
23332	4.6664	0	0	0	0
23333	4.6666	0	0	0	0
23334	4.6668	0	0	0	0
23335	4.667	0	0	0	0
23336	4.6672	0	0	0	0
23337	4.6674	0	0	0	0
23338	4.6676	0	0	0	0
23339	4.6678	0	0	0	0
23340	4.668	0	0	0	0
23341	4.6682	0	0	0	0
23342	4.6684	0	0	0	0
23343	4.6686	0	0	0	0
23344	4.6688	0	0	0	0
23345	4.669	0	0	0	0
23346	4.6692	0	0	0	0
23347	4.6694	0	0	0	0
23348	4.6696	0	0	0	0
23349	4.6698	0	0	0	0
23350	4.67	0	0	0	0
23351	4.6702	0	0	0	0
23352	4.6704	0	0	0	0
23353	4.6706	0	0	0	0
23354	4.6708	0	0	0	0
23355	4.671	0	0	0	0
23356	4.6712	0	0	0	0
23357	4.6714	0	0	0	0
23358	4.6716	0	0	0	0
23359	4.6718	0	0	0	0
23360	4.672	0	0	0	0
23361	4.6722	0	0	0	0
23362	4.6724	0	0	0	0
23363	4.6726	0	0	0	0
23364	4.6728	0	0	0	0
23365	4.673	0	0	0	0
23366	4.6732	0	0	0	0
23367	4.6734	0	0	0	0
23368	4.6736	0	0	0	0
23369	4.6738	0	0	0	0
23370	4.674	0	0	0	0
23371	4.6742	0	0	0	0
23372	4.6744	0	0	0	0
23373	4.6746	0	0	0	0
23374	4.6748	0	0	0	0
23375	4.675	0	0	0	0
23376	4.6752	0	0	0	0
23377	4.6754	0	0	0	0
23378	4.6756	0	0	0	0
23379	4.6758	0	0	0	0
23380	4.676	0	0	0	0
23381	4.6762	0	0	0	0
23382	4.6764	0	0	0	0
23383	4.6766	0	0	0	0
23384	4.6768	0	0	0	0
23385	4.677	0	0	0	0
23386	4.6772	0	0	0	0
23387	4.6774	0	0	0	0
23388	4.6776	0	0	0	0
23389	4.6778	0	0	0	0
23390	4.678	0	0	0	0
23391	4.6782	0	0	0	0
23392	4.6784	0	0	0	0
23393	4.6786	0	0	0	0
23394	4.6788	0	0	0	0
23395	4.679	0	0	0	0
23396	4.6792	0	0	0	0
23397	4.6794	0	0	0	0
23398	4.6796	0	0	0	0
23399	4.6798	0	0	0	0
23400	4.68	0	0	0	0
23401	4.6802	0	0	0	0
23402	4.6804	0	0	0	0
23403	4.6806	0	0	0	0
23404	4.6808	0	0	0	0
23405	4.681	0	0	0	0
23406	4.6812	0	0	0	0
23407	4.6814	0	0	0	0
23408	4.6816	0	0	0	0
23409	4.6818	0	0	0	0
23410	4.682	0	0	0	0
23411	4.6822	0	0	0	0
23412	4.6824	0	0	0	0
23413	4.6826	0	0	0	0
23414	4.6828	0	0	0	0
23415	4.683	0	0	0	0
23416	4.6832	0	0	0	0
23417	4.6834	0	0	0	0
23418	4.6836	0	0	0	0
23419	4.6838	0	0	0	0
23420	4.684	0	0	0	0
23421	4.6842	0	0	0	0
23422	4.6844	0	0	0	0
23423	4.6846	0	0	0	0
23424	4.6848	0	0	0	0
23425	4.685	0	0	0	0
23426	4.6852	0	0	0	0
23427	4.6854	0	0	0	0
23428	4.6856	0	0	0	0
23429	4.6858	0	0	0	0
23430	4.686	0	0	0	0
23431	4.6862	0	0	0	0
23432	4.6864	0	0	0	0
23433	4.6866	0	0	0	0
23434	4.6868	0	0	0	0
23435	4.687	0	0	0	0
23436	4.6872	0	0	0	0
23437	4.6874	0	0	0	0
23438	4.6876	0	0	0	0
23439	4.6878	0	0	0	0
23440	4.688	0	0	0	0
23441	4.6882	0	0	0	0
23442	4.6884	0	0	0	0
23443	4.6886	0	0	0	0
23444	4.6888	0	0	0	0
23445	4.689	0	0	0	0
23446	4.6892	0	0	0	0
23447	4.6894	0	0	0	0
23448	4.6896	0	0	0	0
23449	4.6898	0	0	0	0
23450	4.69	0	0	0	0
23451	4.6902	0	0	0	0
23452	4.6904	0	0	0	0
23453	4.6906	0	0	0	0
23454	4.6908	0	0	0	0
23455	4.691	0	0	0	0
23456	4.6912	0	0	0	0
23457	4.6914	0	0	0	0
23458	4.6916	0	0	0	0
23459	4.6918	0	0	0	0
23460	4.692	0	0	0	0
23461	4.6922	0	0	0	0
23462	4.6924	0	0	0	0
23463	4.6926	0	0	0	0
23464	4.6928	0	0	0	0
23465	4.693	0	0	0	0
23466	4.6932	0	0	0	0
23467	4.6934	0	0	0	0
23468	4.6936	0	0	0	0
23469	4.6938	0	0	0	0
23470	4.694	0	0	0	0
23471	4.6942	0	0	0	0
23472	4.6944	0	0	0	0
23473	4.6946	0	0	0	0
23474	4.6948	0	0	0	0
23475	4.695	0	0	0	0
23476	4.6952	0	0	0	0
23477	4.6954	0	0	0	0
23478	4.6956	0	0	0	0
23479	4.6958	0	0	0	0
23480	4.696	0	0	0	0
23481	4.6962	0	0	0	0
23482	4.6964	0	0	0	0
23483	4.6966	0	0	0	0
23484	4.6968	0	0	0	0
23485	4.697	0	0	0	0
23486	4.6972	0	0	0	0
23487	4.6974	0	0	0	0
23488	4.6976	0	0	0	0
23489	4.6978	0	0	0	0
23490	4.698	0	0	0	0
23491	4.6982	0	0	0	0
23492	4.6984	0	0	0	0
23493	4.6986	0	0	0	0
23494	4.6988	0	0	0	0
23495	4.699	0	0	0	0
23496	4.6992	0	0	0	0
23497	4.6994	0	0	0	0
23498	4.6996	0	0	0	0
23499	4.6998	0	0	0	0
23500	4.7	0	0	0	0
23501	4.7002	0	0	0	0
23502	4.7004	0	0	0	0
23503	4.7006	0	0	0	0
23504	4.7008	0	0	0	0
23505	4.701	0	0	0	0
23506	4.7012	0	0	0	0
23507	4.7014	0	0	0	0
23508	4.7016	0	0	0	0
23509	4.7018	0	0	0	0
23510	4.702	0	0	0	0
23511	4.7022	0	0	0	0
23512	4.7024	0	0	0	0
23513	4.7026	0	0	0	0
23514	4.7028	0	0	0	0
23515	4.703	0	0	0	0
23516	4.7032	0	0	0	0
23517	4.7034	0	0	0	0
23518	4.7036	0	0	0	0
23519	4.7038	0	0	0	0
23520	4.704	0	0	0	0
23521	4.7042	0	0	0	0
23522	4.7044	0	0	0	0
23523	4.7046	0	0	0	0
23524	4.7048	0	0	0	0
23525	4.705	0	0	0	0
23526	4.7052	0	0	0	0
23527	4.7054	0	0	0	0
23528	4.7056	0	0	0	0
23529	4.7058	0	0	0	0
23530	4.706	0	0	0	0
23531	4.7062	0	0	0	0
23532	4.7064	0	0	0	0
23533	4.7066	0	0	0	0
23534	4.7068	0	0	0	0
23535	4.707	0	0	0	0
23536	4.7072	0	0	0	0
23537	4.7074	0	0	0	0
23538	4.7076	0	0	0	0
23539	4.7078	0	0	0	0
23540	4.708	0	0	0	0
23541	4.7082	0	0	0	0
23542	4.7084	0	0	0	0
23543	4.7086	0	0	0	0
23544	4.7088	0	0	0	0
23545	4.709	0	0	0	0
23546	4.7092	0	0	0	0
23547	4.7094	0	0	0	0
23548	4.7096	0	0	0	0
23549	4.7098	0	0	0	0
23550	4.71	0	0	0	0
23551	4.7102	0	0	0	0
23552	4.7104	0	0	0	0
23553	4.7106	0	0	0	0
23554	4.7108	0	0	0	0
23555	4.711	0	0	0	0
23556	4.7112	0	0	0	0
23557	4.7114	0	0	0	0
23558	4.7116	0	0	0	0
23559	4.7118	0	0	0	0
23560	4.712	0	0	0	0
23561	4.7122	0	0	0	0
23562	4.7124	0	0	0	0
23563	4.7126	0	0	0	0
23564	4.7128	0	0	0	0
23565	4.713	0	0	0	0
23566	4.7132	0	0	0	0
23567	4.7134	0	0	0	0
23568	4.7136	0	0	0	0
23569	4.7138	0	0	0	0
23570	4.714	0	0	0	0
23571	4.7142	0	0	0	0
23572	4.7144	0	0	0	0
23573	4.7146	0	0	0	0
23574	4.7148	0	0	0	0
23575	4.715	0	0	0	0
23576	4.7152	0	0	0	0
23577	4.7154	0	0	0	0
23578	4.7156	0	0	0	0
23579	4.7158	0	0	0	0
23580	4.716	0	0	0	0
23581	4.7162	0	0	0	0
23582	4.7164	0	0	0	0
23583	4.7166	0	0	0	0
23584	4.7168	0	0	0	0
23585	4.717	0	0	0	0
23586	4.7172	0	0	0	0
23587	4.7174	0	0	0	0
23588	4.7176	0	0	0	0
23589	4.7178	0	0	0	0
23590	4.718	0	0	0	0
23591	4.7182	0	0	0	0
23592	4.7184	0	0	0	0
23593	4.7186	0	0	0	0
23594	4.7188	0	0	0	0
23595	4.719	0	0	0	0
23596	4.7192	0	0	0	0
23597	4.7194	0	0	0	0
23598	4.7196	0	0	0	0
23599	4.7198	0	0	0	0
23600	4.72	0	0	0	0
23601	4.7202	0	0	0	0
23602	4.7204	0	0	0	0
23603	4.7206	0	0	0	0
23604	4.7208	0	0	0	0
23605	4.721	0	0	0	0
23606	4.7212	0	0	0	0
23607	4.7214	0	0	0	0
23608	4.7216	0	0	0	0
23609	4.7218	0	0	0	0
23610	4.722	0	0	0	0
23611	4.7222	0	0	0	0
23612	4.7224	0	0	0	0
23613	4.7226	0	0	0	0
23614	4.7228	0	0	0	0
23615	4.723	0	0	0	0
23616	4.7232	0	0	0	0
23617	4.7234	0	0	0	0
23618	4.7236	0	0	0	0
23619	4.7238	0	0	0	0
23620	4.724	0	0	0	0
23621	4.7242	0	0	0	0
23622	4.7244	0	0	0	0
23623	4.7246	0	0	0	0
23624	4.7248	0	0	0	0
23625	4.725	0	0	0	0
23626	4.7252	0	0	0	0
23627	4.7254	0	0	0	0
23628	4.7256	0	0	0	0
23629	4.7258	0	0	0	0
23630	4.726	0	0	0	0
23631	4.7262	0	0	0	0
23632	4.7264	0	0	0	0
23633	4.7266	0	0	0	0
23634	4.7268	0	0	0	0
23635	4.727	0	0	0	0
23636	4.7272	0	0	0	0
23637	4.7274	0	0	0	0
23638	4.7276	0	0	0	0
23639	4.7278	0	0	0	0
23640	4.728	0	0	0	0
23641	4.7282	0	0	0	0
23642	4.7284	0	0	0	0
23643	4.7286	0	0	0	0
23644	4.7288	0	0	0	0
23645	4.729	0	0	0	0
23646	4.7292	0	0	0	0
23647	4.7294	0	0	0	0
23648	4.7296	0	0	0	0
23649	4.7298	0	0	0	0
23650	4.73	0	0	0	0
23651	4.7302	0	0	0	0
23652	4.7304	0	0	0	0
23653	4.7306	0	0	0	0
23654	4.7308	0	0	0	0
23655	4.731	0	0	0	0
23656	4.7312	0	0	0	0
23657	4.7314	0	0	0	0
23658	4.7316	0	0	0	0
23659	4.7318	0	0	0	0
23660	4.732	0	0	0	0
23661	4.7322	0	0	0	0
23662	4.7324	0	0	0	0
23663	4.7326	0	0	0	0
23664	4.7328	0	0	0	0
23665	4.733	0	0	0	0
23666	4.7332	0	0	0	0
23667	4.7334	0	0	0	0
23668	4.7336	0	0	0	0
23669	4.7338	0	0	0	0
23670	4.734	0	0	0	0
23671	4.7342	0	0	0	0
23672	4.7344	0	0	0	0
23673	4.7346	0	0	0	0
23674	4.7348	0	0	0	0
23675	4.735	0	0	0	0
23676	4.7352	0	0	0	0
23677	4.7354	0	0	0	0
23678	4.7356	0	0	0	0
23679	4.7358	0	0	0	0
23680	4.736	0	0	0	0
23681	4.7362	0	0	0	0
23682	4.7364	0	0	0	0
23683	4.7366	0	0	0	0
23684	4.7368	0	0	0	0
23685	4.737	0	0	0	0
23686	4.7372	0	0	0	0
23687	4.7374	0	0	0	0
23688	4.7376	0	0	0	0
23689	4.7378	0	0	0	0
23690	4.738	0	0	0	0
23691	4.7382	0	0	0	0
23692	4.7384	0	0	0	0
23693	4.7386	0	0	0	0
23694	4.7388	0	0	0	0
23695	4.739	0	0	0	0
23696	4.7392	0	0	0	0
23697	4.7394	0	0	0	0
23698	4.7396	0	0	0	0
23699	4.7398	0	0	0	0
23700	4.74	0	0	0	0
23701	4.7402	0	0	0	0
23702	4.7404	0	0	0	0
23703	4.7406	0	0	0	0
23704	4.7408	0	0	0	0
23705	4.741	0	0	0	0
23706	4.7412	0	0	0	0
23707	4.7414	0	0	0	0
23708	4.7416	0	0	0	0
23709	4.7418	0	0	0	0
23710	4.742	0	0	0	0
23711	4.7422	0	0	0	0
23712	4.7424	0	0	0	0
23713	4.7426	0	0	0	0
23714	4.7428	0	0	0	0
23715	4.743	0	0	0	0
23716	4.7432	0	0	0	0
23717	4.7434	0	0	0	0
23718	4.7436	0	0	0	0
23719	4.7438	0	0	0	0
23720	4.744	0	0	0	0
23721	4.7442	0	0	0	0
23722	4.7444	0	0	0	0
23723	4.7446	0	0	0	0
23724	4.7448	0	0	0	0
23725	4.745	0	0	0	0
23726	4.7452	0	0	0	0
23727	4.7454	0	0	0	0
23728	4.7456	0	0	0	0
23729	4.7458	0	0	0	0
23730	4.746	0	0	0	0
23731	4.7462	0	0	0	0
23732	4.7464	0	0	0	0
23733	4.7466	0	0	0	0
23734	4.7468	0	0	0	0
23735	4.747	0	0	0	0
23736	4.7472	0	0	0	0
23737	4.7474	0	0	0	0
23738	4.7476	0	0	0	0
23739	4.7478	0	0	0	0
23740	4.748	0	0	0	0
23741	4.7482	0	0	0	0
23742	4.7484	0	0	0	0
23743	4.7486	0	0	0	0
23744	4.7488	0	0	0	0
23745	4.749	0	0	0	0
23746	4.7492	0	0	0	0
23747	4.7494	0	0	0	0
23748	4.7496	0	0	0	0
23749	4.7498	0	0	0	0
23750	4.75	0	0	0	0
23751	4.7502	0	0	0	0
23752	4.7504	0	0	0	0
23753	4.7506	0	0	0	0
23754	4.7508	0	0	0	0
23755	4.751	0	0	0	0
23756	4.7512	0	0	0	0
23757	4.7514	0	0	0	0
23758	4.7516	0	0	0	0
23759	4.7518	0	0	0	0
23760	4.752	0	0	0	0
23761	4.7522	0	0	0	0
23762	4.7524	0	0	0	0
23763	4.7526	0	0	0	0
23764	4.7528	0	0	0	0
23765	4.753	0	0	0	0
23766	4.7532	0	0	0	0
23767	4.7534	0	0	0	0
23768	4.7536	0	0	0	0
23769	4.7538	0	0	0	0
23770	4.754	0	0	0	0
23771	4.7542	0	0	0	0
23772	4.7544	0	0	0	0
23773	4.7546	0	0	0	0
23774	4.7548	0	0	0	0
23775	4.755	0	0	0	0
23776	4.7552	0	0	0	0
23777	4.7554	0	0	0	0
23778	4.7556	0	0	0	0
23779	4.7558	0	0	0	0
23780	4.756	0	0	0	0
23781	4.7562	0	0	0	0
23782	4.7564	0	0	0	0
23783	4.7566	0	0	0	0
23784	4.7568	0	0	0	0
23785	4.757	0	0	0	0
23786	4.7572	0	0	0	0
23787	4.7574	0	0	0	0
23788	4.7576	0	0	0	0
23789	4.7578	0	0	0	0
23790	4.758	0	0	0	0
23791	4.7582	0	0	0	0
23792	4.7584	0	0	0	0
23793	4.7586	0	0	0	0
23794	4.7588	0	0	0	0
23795	4.759	0	0	0	0
23796	4.7592	0	0	0	0
23797	4.7594	0	0	0	0
23798	4.7596	0	0	0	0
23799	4.7598	0	0	0	0
23800	4.76	0	0	0	0
23801	4.7602	0	0	0	0
23802	4.7604	0	0	0	0
23803	4.7606	0	0	0	0
23804	4.7608	0	0	0	0
23805	4.761	0	0	0	0
23806	4.7612	0	0	0	0
23807	4.7614	0	0	0	0
23808	4.7616	0	0	0	0
23809	4.7618	0	0	0	0
23810	4.762	0	0	0	0
23811	4.7622	0	0	0	0
23812	4.7624	0	0	0	0
23813	4.7626	0	0	0	0
23814	4.7628	0	0	0	0
23815	4.763	0	0	0	0
23816	4.7632	0	0	0	0
23817	4.7634	0	0	0	0
23818	4.7636	0	0	0	0
23819	4.7638	0	0	0	0
23820	4.764	0	0	0	0
23821	4.7642	0	0	0	0
23822	4.7644	0	0	0	0
23823	4.7646	0	0	0	0
23824	4.7648	0	0	0	0
23825	4.765	0	0	0	0
23826	4.7652	0	0	0	0
23827	4.7654	0	0	0	0
23828	4.7656	0	0	0	0
23829	4.7658	0	0	0	0
23830	4.766	0	0	0	0
23831	4.7662	0	0	0	0
23832	4.7664	0	0	0	0
23833	4.7666	0	0	0	0
23834	4.7668	0	0	0	0
23835	4.767	0	0	0	0
23836	4.7672	0	0	0	0
23837	4.7674	0	0	0	0
23838	4.7676	0	0	0	0
23839	4.7678	0	0	0	0
23840	4.768	0	0	0	0
23841	4.7682	0	0	0	0
23842	4.7684	0	0	0	0
23843	4.7686	0	0	0	0
23844	4.7688	0	0	0	0
23845	4.769	0	0	0	0
23846	4.7692	0	0	0	0
23847	4.7694	0	0	0	0
23848	4.7696	0	0	0	0
23849	4.7698	0	0	0	0
23850	4.77	0	0	0	0
23851	4.7702	0	0	0	0
23852	4.7704	0	0	0	0
23853	4.7706	0	0	0	0
23854	4.7708	0	0	0	0
23855	4.771	0	0	0	0
23856	4.7712	0	0	0	0
23857	4.7714	0	0	0	0
23858	4.7716	0	0	0	0
23859	4.7718	0	0	0	0
23860	4.772	0	0	0	0
23861	4.7722	0	0	0	0
23862	4.7724	0	0	0	0
23863	4.7726	0	0	0	0
23864	4.7728	0	0	0	0
23865	4.773	0	0	0	0
23866	4.7732	0	0	0	0
23867	4.7734	0	0	0	0
23868	4.7736	0	0	0	0
23869	4.7738	0	0	0	0
23870	4.774	0	0	0	0
23871	4.7742	0	0	0	0
23872	4.7744	0	0	0	0
23873	4.7746	0	0	0	0
23874	4.7748	0	0	0	0
23875	4.775	0	0	0	0
23876	4.7752	0	0	0	0
23877	4.7754	0	0	0	0
23878	4.7756	0	0	0	0
23879	4.7758	0	0	0	0
23880	4.776	0	0	0	0
23881	4.7762	0	0	0	0
23882	4.7764	0	0	0	0
23883	4.7766	0	0	0	0
23884	4.7768	0	0	0	0
23885	4.777	0	0	0	0
23886	4.7772	0	0	0	0
23887	4.7774	0	0	0	0
23888	4.7776	0	0	0	0
23889	4.7778	0	0	0	0
23890	4.778	0	0	0	0
23891	4.7782	0	0	0	0
23892	4.7784	0	0	0	0
23893	4.7786	0	0	0	0
23894	4.7788	0	0	0	0
23895	4.779	0	0	0	0
23896	4.7792	0	0	0	0
23897	4.7794	0	0	0	0
23898	4.7796	0	0	0	0
23899	4.7798	0	0	0	0
23900	4.78	0	0	0	0
23901	4.7802	0	0	0	0
23902	4.7804	0	0	0	0
23903	4.7806	0	0	0	0
23904	4.7808	0	0	0	0
23905	4.781	0	0	0	0
23906	4.7812	0	0	0	0
23907	4.7814	0	0	0	0
23908	4.7816	0	0	0	0
23909	4.7818	0	0	0	0
23910	4.782	0	0	0	0
23911	4.7822	0	0	0	0
23912	4.7824	0	0	0	0
23913	4.7826	0	0	0	0
23914	4.7828	0	0	0	0
23915	4.783	0	0	0	0
23916	4.7832	0	0	0	0
23917	4.7834	0	0	0	0
23918	4.7836	0	0	0	0
23919	4.7838	0	0	0	0
23920	4.784	0	0	0	0
23921	4.7842	0	0	0	0
23922	4.7844	0	0	0	0
23923	4.7846	0	0	0	0
23924	4.7848	0	0	0	0
23925	4.785	0	0	0	0
23926	4.7852	0	0	0	0
23927	4.7854	0	0	0	0
23928	4.7856	0	0	0	0
23929	4.7858	0	0	0	0
23930	4.786	0	0	0	0
23931	4.7862	0	0	0	0
23932	4.7864	0	0	0	0
23933	4.7866	0	0	0	0
23934	4.7868	0	0	0	0
23935	4.787	0	0	0	0
23936	4.7872	0	0	0	0
23937	4.7874	0	0	0	0
23938	4.7876	0	0	0	0
23939	4.7878	0	0	0	0
23940	4.788	0	0	0	0
23941	4.7882	0	0	0	0
23942	4.7884	0	0	0	0
23943	4.7886	0	0	0	0
23944	4.7888	0	0	0	0
23945	4.789	0	0	0	0
23946	4.7892	0	0	0	0
23947	4.7894	0	0	0	0
23948	4.7896	0	0	0	0
23949	4.7898	0	0	0	0
23950	4.79	0	0	0	0
23951	4.7902	0	0	0	0
23952	4.7904	0	0	0	0
23953	4.7906	0	0	0	0
23954	4.7908	0	0	0	0
23955	4.791	0	0	0	0
23956	4.7912	0	0	0	0
23957	4.7914	0	0	0	0
23958	4.7916	0	0	0	0
23959	4.7918	0	0	0	0
23960	4.792	0	0	0	0
23961	4.7922	0	0	0	0
23962	4.7924	0	0	0	0
23963	4.7926	0	0	0	0
23964	4.7928	0	0	0	0
23965	4.793	0	0	0	0
23966	4.7932	0	0	0	0
23967	4.7934	0	0	0	0
23968	4.7936	0	0	0	0
23969	4.7938	0	0	0	0
23970	4.794	0	0	0	0
23971	4.7942	0	0	0	0
23972	4.7944	0	0	0	0
23973	4.7946	0	0	0	0
23974	4.7948	0	0	0	0
23975	4.795	0	0	0	0
23976	4.7952	0	0	0	0
23977	4.7954	0	0	0	0
23978	4.7956	0	0	0	0
23979	4.7958	0	0	0	0
23980	4.796	0	0	0	0
23981	4.7962	0	0	0	0
23982	4.7964	0	0	0	0
23983	4.7966	0	0	0	0
23984	4.7968	0	0	0	0
23985	4.797	0	0	0	0
23986	4.7972	0	0	0	0
23987	4.7974	0	0	0	0
23988	4.7976	0	0	0	0
23989	4.7978	0	0	0	0
23990	4.798	0	0	0	0
23991	4.7982	0	0	0	0
23992	4.7984	0	0	0	0
23993	4.7986	0	0	0	0
23994	4.7988	0	0	0	0
23995	4.799	0	0	0	0
23996	4.7992	0	0	0	0
23997	4.7994	0	0	0	0
23998	4.7996	0	0	0	0
23999	4.7998	0	0	0	0
24000	4.8	0	0	0	0
24001	4.8002	0	0	0	0
24002	4.8004	0	0	0	0
24003	4.8006	0	0	0	0
24004	4.8008	0	0	0	0
24005	4.801	0	0	0	0
24006	4.8012	0	0	0	0
24007	4.8014	0	0	0	0
24008	4.8016	0	0	0	0
24009	4.8018	0	0	0	0
24010	4.802	0	0	0	0
24011	4.8022	0	0	0	0
24012	4.8024	0	0	0	0
24013	4.8026	0	0	0	0
24014	4.8028	0	0	0	0
24015	4.803	0	0	0	0
24016	4.8032	0	0	0	0
24017	4.8034	0	0	0	0
24018	4.8036	0	0	0	0
24019	4.8038	0	0	0	0
24020	4.804	0	0	0	0
24021	4.8042	0	0	0	0
24022	4.8044	0	0	0	0
24023	4.8046	0	0	0	0
24024	4.8048	0	0	0	0
24025	4.805	0	0	0	0
24026	4.8052	0	0	0	0
24027	4.8054	0	0	0	0
24028	4.8056	0	0	0	0
24029	4.8058	0	0	0	0
24030	4.806	0	0	0	0
24031	4.8062	0	0	0	0
24032	4.8064	0	0	0	0
24033	4.8066	0	0	0	0
24034	4.8068	0	0	0	0
24035	4.807	0	0	0	0
24036	4.8072	0	0	0	0
24037	4.8074	0	0	0	0
24038	4.8076	0	0	0	0
24039	4.8078	0	0	0	0
24040	4.808	0	0	0	0
24041	4.8082	0	0	0	0
24042	4.8084	0	0	0	0
24043	4.8086	0	0	0	0
24044	4.8088	0	0	0	0
24045	4.809	0	0	0	0
24046	4.8092	0	0	0	0
24047	4.8094	0	0	0	0
24048	4.8096	0	0	0	0
24049	4.8098	0	0	0	0
24050	4.81	0	0	0	0
24051	4.8102	0	0	0	0
24052	4.8104	0	0	0	0
24053	4.8106	0	0	0	0
24054	4.8108	0	0	0	0
24055	4.811	0	0	0	0
24056	4.8112	0	0	0	0
24057	4.8114	0	0	0	0
24058	4.8116	0	0	0	0
24059	4.8118	0	0	0	0
24060	4.812	0	0	0	0
24061	4.8122	0	0	0	0
24062	4.8124	0	0	0	0
24063	4.8126	0	0	0	0
24064	4.8128	0	0	0	0
24065	4.813	0	0	0	0
24066	4.8132	0	0	0	0
24067	4.8134	0	0	0	0
24068	4.8136	0	0	0	0
24069	4.8138	0	0	0	0
24070	4.814	0	0	0	0
24071	4.8142	0	0	0	0
24072	4.8144	0	0	0	0
24073	4.8146	0	0	0	0
24074	4.8148	0	0	0	0
24075	4.815	0	0	0	0
24076	4.8152	0	0	0	0
24077	4.8154	0	0	0	0
24078	4.8156	0	0	0	0
24079	4.8158	0	0	0	0
24080	4.816	0	0	0	0
24081	4.8162	0	0	0	0
24082	4.8164	0	0	0	0
24083	4.8166	0	0	0	0
24084	4.8168	0	0	0	0
24085	4.817	0	0	0	0
24086	4.8172	0	0	0	0
24087	4.8174	0	0	0	0
24088	4.8176	0	0	0	0
24089	4.8178	0	0	0	0
24090	4.818	0	0	0	0
24091	4.8182	0	0	0	0
24092	4.8184	0	0	0	0
24093	4.8186	0	0	0	0
24094	4.8188	0	0	0	0
24095	4.819	0	0	0	0
24096	4.8192	0	0	0	0
24097	4.8194	0	0	0	0
24098	4.8196	0	0	0	0
24099	4.8198	0	0	0	0
24100	4.82	0	0	0	0
24101	4.8202	0	0	0	0
24102	4.8204	0	0	0	0
24103	4.8206	0	0	0	0
24104	4.8208	0	0	0	0
24105	4.821	0	0	0	0
24106	4.8212	0	0	0	0
24107	4.8214	0	0	0	0
24108	4.8216	0	0	0	0
24109	4.8218	0	0	0	0
24110	4.822	0	0	0	0
24111	4.8222	0	0	0	0
24112	4.8224	0	0	0	0
24113	4.8226	0	0	0	0
24114	4.8228	0	0	0	0
24115	4.823	0	0	0	0
24116	4.8232	0	0	0	0
24117	4.8234	0	0	0	0
24118	4.8236	0	0	0	0
24119	4.8238	0	0	0	0
24120	4.824	0	1	0	0
24121	4.8242	0	1	0	0
24122	4.8244	0	1	0	0
24123	4.8246	0	1	0	0
24124	4.8248	0	1	0	0
24125	4.825	0	1	0	0
24126	4.8252	0	1	0	0
24127	4.8254	0	1	0	0
24128	4.8256	0	1	0	0
24129	4.8258	0	1	0	0
24130	4.826	0	1	0	0
24131	4.8262	0	1	0	0
24132	4.8264	0	1	0	0
24133	4.8266	0	1	0	0
24134	4.8268	0	1	0	0
24135	4.827	0	1	0	0
24136	4.8272	0	1	0	0
24137	4.8274	0	1	0	0
24138	4.8276	0	1	0	0
24139	4.8278	0	1	0	0
24140	4.828	0	1	0	0
24141	4.8282	0	1	0	0
24142	4.8284	0	1	0	0
24143	4.8286	0	1	0	0
24144	4.8288	0	1	0	0
24145	4.829	0	1	0	0
24146	4.8292	0	1	0	0
24147	4.8294	0	1	0	0
24148	4.8296	0	1	0	0
24149	4.8298	0	1	0	0
24150	4.83	0	1	0	0
24151	4.8302	0	1	0	0
24152	4.8304	0	1	0	0
24153	4.8306	0	1	0	0
24154	4.8308	0	1	0	0
24155	4.831	0	1	0	0
24156	4.8312	0	1	0	0
24157	4.8314	0	1	0	0
24158	4.8316	0	1	0	0
24159	4.8318	0	1	0	0
24160	4.832	0	1	0	0
24161	4.8322	0	1	0	0
24162	4.8324	0	1	0	0
24163	4.8326	0	1	0	0
24164	4.8328	0	1	0	0
24165	4.833	0	1	0	0
24166	4.8332	0	1	0	0
24167	4.8334	0	1	0	0
24168	4.8336	0	1	0	0
24169	4.8338	0	1	0	0
24170	4.834	0	1	0	0
24171	4.8342	0	1	0	0
24172	4.8344	0	1	0	0
24173	4.8346	0	1	0	0
24174	4.8348	0	1	0	0
24175	4.835	0	1	0	0
24176	4.8352	0	1	0	0
24177	4.8354	0	1	0	0
24178	4.8356	0	1	0	0
24179	4.8358	0	1	0	0
24180	4.836	0	1	0	0
24181	4.8362	0	1	0	0
24182	4.8364	0	1	0	0
24183	4.8366	0	1	0	0
24184	4.8368	0	1	0	0
24185	4.837	0	1	0	0
24186	4.8372	0	1	0	0
24187	4.8374	0	1	0	0
24188	4.8376	0	1	0	0
24189	4.8378	0	1	0	0
24190	4.838	0	0	0	0
24191	4.8382	0	0	0	0
24192	4.8384	0	0	0	0
24193	4.8386	0	0	0	0
24194	4.8388	0	0	0	0
24195	4.839	0	0	0	0
24196	4.8392	0	0	0	0
24197	4.8394	0	0	0	0
24198	4.8396	0	0	0	0
24199	4.8398	0	0	0	0
24200	4.84	0	0	0	0
24201	4.8402	0	0	0	0
24202	4.8404	0	0	0	0
24203	4.8406	0	0	0	0
24204	4.8408	0	0	0	0
24205	4.841	0	0	0	0
24206	4.8412	0	0	0	0
24207	4.8414	0	0	0	0
24208	4.8416	0	0	0	0
24209	4.8418	0	0	0	0
24210	4.842	0	0	0	0
24211	4.8422	0	0	0	0
24212	4.8424	0	0	0	0
24213	4.8426	0	0	0	0
24214	4.8428	0	0	0	0
24215	4.843	0	0	0	0
24216	4.8432	0	0	0	0
24217	4.8434	0	0	0	0
24218	4.8436	0	0	0	0
24219	4.8438	0	0	0	0
24220	4.844	0	0	0	0
24221	4.8442	0	0	0	0
24222	4.8444	0	0	0	0
24223	4.8446	0	0	0	0
24224	4.8448	0	0	0	0
24225	4.845	0	0	0	0
24226	4.8452	0	0	0	0
24227	4.8454	0	0	0	0
24228	4.8456	0	0	0	0
24229	4.8458	0	0	0	0
24230	4.846	0	0	0	0
24231	4.8462	0	0	0	0
24232	4.8464	0	0	0	0
24233	4.8466	0	0	0	0
24234	4.8468	0	0	0	0
24235	4.847	0	0	0	0
24236	4.8472	0	0	0	0
24237	4.8474	0	0	0	0
24238	4.8476	0	0	0	0
24239	4.8478	0	0	0	0
24240	4.848	0	0	0	0
24241	4.8482	0	0	0	0
24242	4.8484	0	0	0	0
24243	4.8486	0	0	0	0
24244	4.8488	0	0	0	0
24245	4.849	0	0	0	0
24246	4.8492	0	0	0	0
24247	4.8494	0	0	0	0
24248	4.8496	0	0	0	0
24249	4.8498	0	0	0	0
24250	4.85	0	0	0	0
24251	4.8502	0	0	0	0
24252	4.8504	0	0	0	0
24253	4.8506	0	0	0	0
24254	4.8508	0	0	0	0
24255	4.851	0	0	0	0
24256	4.8512	0	0	0	0
24257	4.8514	0	0	0	0
24258	4.8516	0	0	0	0
24259	4.8518	0	0	0	0
24260	4.852	0	0	0	0
24261	4.8522	0	0	0	0
24262	4.8524	0	0	0	0
24263	4.8526	0	0	0	0
24264	4.8528	0	0	0	0
24265	4.853	0	0	0	0
24266	4.8532	0	0	0	0
24267	4.8534	0	0	0	0
24268	4.8536	0	0	0	0
24269	4.8538	0	0	0	0
24270	4.854	0	0	0	0
24271	4.8542	0	0	0	0
24272	4.8544	0	0	0	0
24273	4.8546	0	0	0	0
24274	4.8548	0	0	0	0
24275	4.855	0	0	0	0
24276	4.8552	0	0	0	0
24277	4.8554	0	0	0	0
24278	4.8556	0	0	0	0
24279	4.8558	0	0	0	0
24280	4.856	0	0	0	0
24281	4.8562	0	0	0	0
24282	4.8564	0	0	0	0
24283	4.8566	0	0	0	0
24284	4.8568	0	0	0	0
24285	4.857	0	0	0	0
24286	4.8572	0	0	0	0
24287	4.8574	0	0	0	0
24288	4.8576	0	0	0	0
24289	4.8578	0	0	0	0
24290	4.858	0	0	0	0
24291	4.8582	0	0	0	0
24292	4.8584	0	0	0	0
24293	4.8586	0	0	0	0
24294	4.8588	0	0	0	0
24295	4.859	0	0	0	0
24296	4.8592	0	0	0	0
24297	4.8594	0	0	0	0
24298	4.8596	0	0	0	0
24299	4.8598	0	0	0	0
24300	4.86	0	0	0	0
24301	4.8602	0	0	0	0
24302	4.8604	0	0	0	0
24303	4.8606	0	0	0	0
24304	4.8608	0	0	0	0
24305	4.861	0	0	0	0
24306	4.8612	0	0	0	0
24307	4.8614	0	0	0	0
24308	4.8616	0	0	0	0
24309	4.8618	0	0	0	0
24310	4.862	0	0	0	0
24311	4.8622	0	0	0	0
24312	4.8624	0	0	0	0
24313	4.8626	0	0	0	0
24314	4.8628	0	0	0	0
24315	4.863	0	0	0	0
24316	4.8632	0	0	0	0
24317	4.8634	0	0	0	0
24318	4.8636	0	0	0	0
24319	4.8638	0	0	0	0
24320	4.864	0	0	0	0
24321	4.8642	0	0	0	0
24322	4.8644	0	0	0	0
24323	4.8646	0	0	0	0
24324	4.8648	0	0	0	0
24325	4.865	0	0	0	0
24326	4.8652	0	0	0	0
24327	4.8654	0	0	0	0
24328	4.8656	0	0	0	0
24329	4.8658	0	0	0	0
24330	4.866	0	0	0	0
24331	4.8662	0	0	0	0
24332	4.8664	0	0	0	0
24333	4.8666	0	0	0	0
24334	4.8668	0	0	0	0
24335	4.867	0	0	0	0
24336	4.8672	0	0	0	0
24337	4.8674	0	0	0	0
24338	4.8676	0	0	0	0
24339	4.8678	0	0	0	0
24340	4.868	0	0	0	0
24341	4.8682	0	0	0	0
24342	4.8684	0	0	0	0
24343	4.8686	0	0	0	0
24344	4.8688	0	0	0	0
24345	4.869	0	0	0	0
24346	4.8692	0	0	0	0
24347	4.8694	0	0	0	0
24348	4.8696	0	0	0	0
24349	4.8698	0	0	0	0
24350	4.87	0	0	0	0
24351	4.8702	0	0	0	0
24352	4.8704	0	0	0	0
24353	4.8706	0	0	0	0
24354	4.8708	0	0	0	0
24355	4.871	0	0	0	0
24356	4.8712	0	0	0	0
24357	4.8714	0	0	0	0
24358	4.8716	0	0	0	0
24359	4.8718	0	0	0	0
24360	4.872	0	0	0	0
24361	4.8722	0	0	0	0
24362	4.8724	0	0	0	0
24363	4.8726	0	0	0	0
24364	4.8728	0	0	0	0
24365	4.873	0	0	0	0
24366	4.8732	0	0	0	0
24367	4.8734	0	0	0	0
24368	4.8736	0	0	0	0
24369	4.8738	0	0	0	0
24370	4.874	0	0	0	0
24371	4.8742	0	0	0	0
24372	4.8744	0	0	0	0
24373	4.8746	0	0	0	0
24374	4.8748	0	0	0	0
24375	4.875	0	0	0	0
24376	4.8752	0	0	0	0
24377	4.8754	0	0	0	0
24378	4.8756	0	0	0	0
24379	4.8758	0	0	0	0
24380	4.876	0	0	0	0
24381	4.8762	0	0	0	0
24382	4.8764	0	0	0	0
24383	4.8766	0	0	0	0
24384	4.8768	0	0	0	0
24385	4.877	0	0	0	0
24386	4.8772	0	0	0	0
24387	4.8774	0	0	0	0
24388	4.8776	0	0	0	0
24389	4.8778	0	0	0	0
24390	4.878	0	0	0	0
24391	4.8782	0	0	0	0
24392	4.8784	0	0	0	0
24393	4.8786	0	0	0	0
24394	4.8788	0	0	0	0
24395	4.879	0	0	0	0
24396	4.8792	0	0	0	0
24397	4.8794	0	0	0	0
24398	4.8796	0	0	0	0
24399	4.8798	0	0	0	0
24400	4.88	0	0	0	0
24401	4.8802	0	0	0	0
24402	4.8804	0	0	0	0
24403	4.8806	0	0	0	0
24404	4.8808	0	0	0	0
24405	4.881	0	0	0	0
24406	4.8812	0	0	0	0
24407	4.8814	0	0	0	0
24408	4.8816	0	0	0	0
24409	4.8818	0	0	0	0
24410	4.882	0	0	0	0
24411	4.8822	0	0	0	0
24412	4.8824	0	0	0	0
24413	4.8826	0	0	0	0
24414	4.8828	0	0	0	0
24415	4.883	0	0	0	0
24416	4.8832	0	0	0	0
24417	4.8834	0	0	0	0
24418	4.8836	0	0	0	0
24419	4.8838	0	0	0	0
24420	4.884	0	0	0	0
24421	4.8842	0	0	0	0
24422	4.8844	0	0	0	0
24423	4.8846	0	0	0	0
24424	4.8848	0	0	0	0
24425	4.885	0	0	0	0
24426	4.8852	0	0	0	0
24427	4.8854	0	0	0	0
24428	4.8856	0	0	0	0
24429	4.8858	0	0	0	0
24430	4.886	0	0	0	0
24431	4.8862	0	0	0	0
24432	4.8864	0	0	0	0
24433	4.8866	0	0	0	0
24434	4.8868	0	0	0	0
24435	4.887	0	0	0	0
24436	4.8872	0	0	0	0
24437	4.8874	0	0	0	0
24438	4.8876	0	0	0	0
24439	4.8878	0	0	0	0
24440	4.888	0	0	0	0
24441	4.8882	0	0	0	0
24442	4.8884	0	0	0	0
24443	4.8886	0	0	0	0
24444	4.8888	0	0	0	0
24445	4.889	0	0	0	0
24446	4.8892	0	0	0	0
24447	4.8894	0	0	0	0
24448	4.8896	0	0	0	0
24449	4.8898	0	0	0	0
24450	4.89	0	0	0	0
24451	4.8902	0	0	0	0
24452	4.8904	0	0	0	0
24453	4.8906	0	0	0	0
24454	4.8908	0	0	0	0
24455	4.891	0	0	0	0
24456	4.8912	0	0	0	0
24457	4.8914	0	0	0	0
24458	4.8916	0	0	0	0
24459	4.8918	0	0	0	0
24460	4.892	0	0	0	0
24461	4.8922	0	0	0	0
24462	4.8924	0	0	0	0
24463	4.8926	0	0	0	0
24464	4.8928	0	0	0	0
24465	4.893	0	0	0	0
24466	4.8932	0	0	0	0
24467	4.8934	0	0	0	0
24468	4.8936	0	0	0	0
24469	4.8938	0	0	0	0
24470	4.894	0	0	0	0
24471	4.8942	0	0	0	0
24472	4.8944	0	0	0	0
24473	4.8946	0	0	0	0
24474	4.8948	0	0	0	0
24475	4.895	0	0	0	0
24476	4.8952	0	0	0	0
24477	4.8954	0	0	0	0
24478	4.8956	0	0	0	0
24479	4.8958	0	0	0	0
24480	4.896	0	0	0	0
24481	4.8962	0	0	0	0
24482	4.8964	0	0	0	0
24483	4.8966	0	0	0	0
24484	4.8968	0	0	0	0
24485	4.897	0	0	0	0
24486	4.8972	0	0	0	0
24487	4.8974	0	0	0	0
24488	4.8976	0	0	0	0
24489	4.8978	0	0	0	0
24490	4.898	0	0	0	0
24491	4.8982	0	0	0	0
24492	4.8984	0	0	0	0
24493	4.8986	0	0	0	0
24494	4.8988	0	0	0	0
24495	4.899	0	0	0	0
24496	4.8992	0	0	0	0
24497	4.8994	0	0	0	0
24498	4.8996	0	0	0	0
24499	4.8998	0	0	0	0
24500	4.9	0	1	0	0
24501	4.9002	0	1	0	0
24502	4.9004	0	1	0	0
24503	4.9006	0	1	0	0
24504	4.9008	0	1	0	0
24505	4.901	0	1	0	0
24506	4.9012	0	1	0	0
24507	4.9014	0	1	0	0
24508	4.9016	0	1	0	0
24509	4.9018	0	1	0	0
24510	4.902	0	1	0	0
24511	4.9022	0	1	0	0
24512	4.9024	0	1	0	0
24513	4.9026	0	1	0	0
24514	4.9028	0	1	0	0
24515	4.903	0	1	0	0
24516	4.9032	0	1	0	0
24517	4.9034	0	1	0	0
24518	4.9036	0	1	0	0
24519	4.9038	0	1	0	0
24520	4.904	0	1	0	0
24521	4.9042	0	1	0	0
24522	4.9044	0	1	0	0
24523	4.9046	0	1	0	0
24524	4.9048	0	1	0	0
24525	4.905	0	1	0	0
24526	4.9052	0	1	0	0
24527	4.9054	0	1	0	0
24528	4.9056	0	1	0	0
24529	4.9058	0	1	0	0
24530	4.906	0	1	0	0
24531	4.9062	0	1	0	0
24532	4.9064	0	1	0	0
24533	4.9066	0	1	0	0
24534	4.9068	0	1	0	0
24535	4.907	0	1	0	0
24536	4.9072	0	1	0	0
24537	4.9074	0	1	0	0
24538	4.9076	0	1	0	0
24539	4.9078	0	1	0	0
24540	4.908	0	1	0	0
24541	4.9082	0	1	0	0
24542	4.9084	0	1	0	0
24543	4.9086	0	1	0	0
24544	4.9088	0	1	0	0
24545	4.909	0	1	0	0
24546	4.9092	0	1	0	0
24547	4.9094	0	1	0	0
24548	4.9096	0	1	0	0
24549	4.9098	0	1	0	0
24550	4.91	0	1	0	0
24551	4.9102	0	1	0	0
24552	4.9104	0	1	0	0
24553	4.9106	0	1	0	0
24554	4.9108	0	1	0	0
24555	4.911	0	1	0	0
24556	4.9112	0	1	0	0
24557	4.9114	0	1	0	0
24558	4.9116	0	1	0	0
24559	4.9118	0	1	0	0
24560	4.912	0	1	0	0
24561	4.9122	0	1	0	0
24562	4.9124	0	1	0	0
24563	4.9126	0	1	0	0
24564	4.9128	0	1	0	0
24565	4.913	0	1	0	0
24566	4.9132	0	1	0	0
24567	4.9134	0	1	0	0
24568	4.9136	0	1	0	0
24569	4.9138	0	1	0	0
24570	4.914	0	1	0	0
24571	4.9142	0	1	0	0
24572	4.9144	0	1	0	0
24573	4.9146	0	1	0	0
24574	4.9148	0	1	0	0
24575	4.915	0	1	0	0
24576	4.9152	0	1	0	0
24577	4.9154	0	1	0	0
24578	4.9156	0	1	0	0
24579	4.9158	0	1	0	0
24580	4.916	0	1	0	0
24581	4.9162	0	1	0	0
24582	4.9164	0	1	0	0
24583	4.9166	0	1	0	0
24584	4.9168	0	1	0	0
24585	4.917	0	1	0	0
24586	4.9172	0	1	0	0
24587	4.9174	0	1	0	0
24588	4.9176	0	1	0	0
24589	4.9178	0	1	0	0
24590	4.918	0	1	0	0
24591	4.9182	0	1	0	0
24592	4.9184	0	1	0	0
24593	4.9186	0	1	0	0
24594	4.9188	0	1	0	0
24595	4.919	0	1	0	0
24596	4.9192	0	1	0	0
24597	4.9194	0	1	0	0
24598	4.9196	0	1	0	0
24599	4.9198	0	1	0	0
24600	4.92	0	1	0	0
24601	4.9202	0	1	0	0
24602	4.9204	0	1	0	0
24603	4.9206	0	1	0	0
24604	4.9208	0	1	0	0
24605	4.921	0	1	0	0
24606	4.9212	0	1	0	0
24607	4.9214	0	1	0	0
24608	4.9216	0	1	0	0
24609	4.9218	0	1	0	0
24610	4.922	0	1	0	0
24611	4.9222	0	1	0	0
24612	4.9224	0	1	0	0
24613	4.9226	0	1	0	0
24614	4.9228	0	1	0	0
24615	4.923	0	1	0	0
24616	4.9232	0	1	0	0
24617	4.9234	0	1	0	0
24618	4.9236	0	1	0	0
24619	4.9238	0	1	0	0
24620	4.924	0	1	0	0
24621	4.9242	0	1	0	0
24622	4.9244	0	1	0	0
24623	4.9246	0	1	0	0
24624	4.9248	0	1	0	0
24625	4.925	0	1	0	0
24626	4.9252	0	1	0	0
24627	4.9254	0	1	0	0
24628	4.9256	0	1	0	0
24629	4.9258	0	1	0	0
24630	4.926	0	1	0	0
24631	4.9262	0	1	0	0
24632	4.9264	0	1	0	0
24633	4.9266	0	1	0	0
24634	4.9268	0	1	0	0
24635	4.927	0	1	0	0
24636	4.9272	0	1	0	0
24637	4.9274	0	1	0	0
24638	4.9276	0	1	0	0
24639	4.9278	0	1	0	0
24640	4.928	0	1	0	0
24641	4.9282	0	1	0	0
24642	4.9284	0	1	0	0
24643	4.9286	0	1	0	0
24644	4.9288	0	1	0	0
24645	4.929	0	1	0	0
24646	4.9292	0	1	0	0
24647	4.9294	0	1	0	0
24648	4.9296	0	1	0	0
24649	4.9298	0	1	0	0
24650	4.93	0	1	0	0
24651	4.9302	0	1	0	0
24652	4.9304	0	1	0	0
24653	4.9306	0	1	0	0
24654	4.9308	0	1	0	0
24655	4.931	0	1	0	0
24656	4.9312	0	1	0	0
24657	4.9314	0	1	0	0
24658	4.9316	0	1	0	0
24659	4.9318	0	1	0	0
24660	4.932	0	1	0	0
24661	4.9322	0	1	0	0
24662	4.9324	0	1	0	0
24663	4.9326	0	1	0	0
24664	4.9328	0	1	0	0
24665	4.933	0	1	0	0
24666	4.9332	0	1	0	0
24667	4.9334	0	1	0	0
24668	4.9336	0	1	0	0
24669	4.9338	0	1	0	0
24670	4.934	0	1	0	0
24671	4.9342	0	1	0	0
24672	4.9344	0	1	0	0
24673	4.9346	0	1	0	0
24674	4.9348	0	1	0	0
24675	4.935	0	1	0	0
24676	4.9352	0	1	0	0
24677	4.9354	0	1	0	0
24678	4.9356	0	1	0	0
24679	4.9358	0	1	0	0
24680	4.936	0	1	0	0
24681	4.9362	0	1	0	0
24682	4.9364	0	1	0	0
24683	4.9366	0	1	0	0
24684	4.9368	0	1	0	0
24685	4.937	0	1	0	0
24686	4.9372	0	1	0	0
24687	4.9374	0	1	0	0
24688	4.9376	0	1	0	0
24689	4.9378	0	1	0	0
24690	4.938	0	1	0	0
24691	4.9382	0	1	0	0
24692	4.9384	0	1	0	0
24693	4.9386	0	1	0	0
24694	4.9388	0	1	0	0
24695	4.939	0	1	0	0
24696	4.9392	0	1	0	0
24697	4.9394	0	1	0	0
24698	4.9396	0	1	0	0
24699	4.9398	0	1	0	0
24700	4.94	0	1	0	0
24701	4.9402	0	1	0	0
24702	4.9404	0	1	0	0
24703	4.9406	0	1	0	0
24704	4.9408	0	1	0	0
24705	4.941	0	0	0	0
24706	4.9412	0	0	0	0
24707	4.9414	0	0	0	0
24708	4.9416	0	0	0	0
24709	4.9418	0	0	0	0
24710	4.942	0	0	0	0
24711	4.9422	0	0	0	0
24712	4.9424	0	0	0	0
24713	4.9426	0	0	0	0
24714	4.9428	0	0	0	0
24715	4.943	0	0	0	0
24716	4.9432	0	0	0	0
24717	4.9434	0	0	0	0
24718	4.9436	0	0	0	0
24719	4.9438	0	0	0	0
24720	4.944	0	0	0	0
24721	4.9442	0	0	0	0
24722	4.9444	0	0	0	0
24723	4.9446	0	0	0	0
24724	4.9448	0	0	0	0
24725	4.945	0	0	0	0
24726	4.9452	0	0	0	0
24727	4.9454	0	0	0	0
24728	4.9456	0	0	0	0
24729	4.9458	0	0	0	0
24730	4.946	0	0	0	0
24731	4.9462	0	0	0	0
24732	4.9464	0	0	0	0
24733	4.9466	0	0	0	0
24734	4.9468	0	0	0	0
24735	4.947	0	0	0	0
24736	4.9472	0	0	0	0
24737	4.9474	0	0	0	0
24738	4.9476	0	0	0	0
24739	4.9478	0	0	0	0
24740	4.948	0	0	0	0
24741	4.9482	0	0	0	0
24742	4.9484	0	0	0	0
24743	4.9486	0	0	0	0
24744	4.9488	0	0	0	0
24745	4.949	0	0	0	0
24746	4.9492	0	0	0	0
24747	4.9494	0	0	0	0
24748	4.9496	0	0	0	0
24749	4.9498	0	0	0	0
24750	4.95	0	0	0	0
24751	4.9502	0	0	0	0
24752	4.9504	0	0	0	0
24753	4.9506	0	0	0	0
24754	4.9508	0	0	0	0
24755	4.951	0	0	0	0
24756	4.9512	0	0	0	0
24757	4.9514	0	0	0	0
24758	4.9516	0	0	0	0
24759	4.9518	0	0	0	0
24760	4.952	0	0	0	0
24761	4.9522	0	0	0	0
24762	4.9524	0	0	0	0
24763	4.9526	0	0	0	0
24764	4.9528	0	0	0	0
24765	4.953	0	0	0	0
24766	4.9532	0	0	0	0
24767	4.9534	0	0	0	0
24768	4.9536	0	0	0	0
24769	4.9538	0	0	0	0
24770	4.954	0	0	0	0
24771	4.9542	0	0	0	0
24772	4.9544	0	0	0	0
24773	4.9546	0	0	0	0
24774	4.9548	0	0	0	0
24775	4.955	0	0	0	0
24776	4.9552	0	0	0	0
24777	4.9554	0	0	0	0
24778	4.9556	0	0	0	0
24779	4.9558	0	0	0	0
24780	4.956	0	0	0	0
24781	4.9562	0	0	0	0
24782	4.9564	0	0	0	0
24783	4.9566	0	0	0	0
24784	4.9568	0	0	0	0
24785	4.957	0	0	0	0
24786	4.9572	0	0	0	0
24787	4.9574	0	0	0	0
24788	4.9576	0	0	0	0
24789	4.9578	0	0	0	0
24790	4.958	0	0	0	0
24791	4.9582	0	0	0	0
24792	4.9584	0	0	0	0
24793	4.9586	0	0	0	0
24794	4.9588	0	0	0	0
24795	4.959	0	0	0	0
24796	4.9592	0	0	0	0
24797	4.9594	0	0	0	0
24798	4.9596	0	0	0	0
24799	4.9598	0	0	0	0
24800	4.96	0	0	0	0
24801	4.9602	0	0	0	0
24802	4.9604	0	0	0	0
24803	4.9606	0	0	0	0
24804	4.9608	0	0	0	0
24805	4.961	0	0	0	0
24806	4.9612	0	0	0	0
24807	4.9614	0	0	0	0
24808	4.9616	0	0	0	0
24809	4.9618	0	0	0	0
24810	4.962	0	0	0	0
24811	4.9622	0	0	0	0
24812	4.9624	0	0	0	0
24813	4.9626	0	0	0	0
24814	4.9628	0	0	0	0
24815	4.963	0	0	0	0
24816	4.9632	0	0	0	0
24817	4.9634	0	0	0	0
24818	4.9636	0	0	0	0
24819	4.9638	0	0	0	0
24820	4.964	0	0	0	0
24821	4.9642	0	0	0	0
24822	4.9644	0	0	0	0
24823	4.9646	0	0	0	0
24824	4.9648	0	0	0	0
24825	4.965	0	0	0	0
24826	4.9652	0	0	0	0
24827	4.9654	0	0	0	0
24828	4.9656	0	0	0	0
24829	4.9658	0	0	0	0
24830	4.966	0	0	0	0
24831	4.9662	0	0	0	0
24832	4.9664	0	0	0	0
24833	4.9666	0	0	0	0
24834	4.9668	0	0	0	0
24835	4.967	0	0	0	0
24836	4.9672	0	0	0	0
24837	4.9674	0	0	0	0
24838	4.9676	0	0	0	0
24839	4.9678	0	0	0	0
24840	4.968	0	0	0	0
24841	4.9682	0	0	0	0
24842	4.9684	0	0	0	0
24843	4.9686	0	0	0	0
24844	4.9688	0	0	0	0
24845	4.969	0	0	0	0
24846	4.9692	0	0	0	0
24847	4.9694	0	0	0	0
24848	4.9696	0	0	0	0
24849	4.9698	0	0	0	0
24850	4.97	0	0	0	0
24851	4.9702	0	0	0	0
24852	4.9704	0	0	0	0
24853	4.9706	0	0	0	0
24854	4.9708	0	0	0	0
24855	4.971	0	0	0	0
24856	4.9712	0	0	0	0
24857	4.9714	0	0	0	0
24858	4.9716	0	0	0	0
24859	4.9718	0	0	0	0
24860	4.972	0	0	0	0
24861	4.9722	0	0	0	0
24862	4.9724	0	0	0	0
24863	4.9726	0	0	0	0
24864	4.9728	0	0	0	0
24865	4.973	0	0	0	0
24866	4.9732	0	0	0	0
24867	4.9734	0	0	0	0
24868	4.9736	0	0	0	0
24869	4.9738	0	0	0	0
24870	4.974	0	0	0	0
24871	4.9742	0	0	0	0
24872	4.9744	0	0	0	0
24873	4.9746	0	0	0	0
24874	4.9748	0	0	0	0
24875	4.975	0	0	0	0
24876	4.9752	0	0	0	0
24877	4.9754	0	0	0	0
24878	4.9756	0	0	0	0
24879	4.9758	0	0	0	0
24880	4.976	0	0	0	0
24881	4.9762	0	0	0	0
24882	4.9764	0	0	0	0
24883	4.9766	0	0	0	0
24884	4.9768	0	0	0	0
24885	4.977	0	0	0	0
24886	4.9772	0	0	0	0
24887	4.9774	0	0	0	0
24888	4.9776	0	0	0	0
24889	4.9778	0	0	0	0
24890	4.978	0	0	0	0
24891	4.9782	0	0	0	0
24892	4.9784	0	0	0	0
24893	4.9786	0	0	0	0
24894	4.9788	0	0	0	0
24895	4.979	0	0	0	0
24896	4.9792	0	0	0	0
24897	4.9794	0	0	0	0
24898	4.9796	0	0	0	0
24899	4.9798	0	0	0	0
24900	4.98	0	0	0	0
24901	4.9802	0	0	0	0
24902	4.9804	0	0	0	0
24903	4.9806	0	0	0	0
24904	4.9808	0	0	0	0
24905	4.981	0	0	0	0
24906	4.9812	0	0	0	0
24907	4.9814	0	0	0	0
24908	4.9816	0	0	0	0
24909	4.9818	0	0	0	0
24910	4.982	0	0	0	0
24911	4.9822	0	0	0	0
24912	4.9824	0	0	0	0
24913	4.9826	0	0	0	0
24914	4.9828	0	0	0	0
24915	4.983	0	0	0	0
24916	4.9832	0	0	0	0
24917	4.9834	0	0	0	0
24918	4.9836	0	0	0	0
24919	4.9838	0	0	0	0
24920	4.984	0	0	0	0
24921	4.9842	0	0	0	0
24922	4.9844	0	0	0	0
24923	4.9846	0	0	0	0
24924	4.9848	0	0	0	0
24925	4.985	0	0	0	0
24926	4.9852	0	0	0	0
24927	4.9854	0	0	0	0
24928	4.9856	0	0	0	0
24929	4.9858	0	0	0	0
24930	4.986	0	0	0	0
24931	4.9862	0	0	0	0
24932	4.9864	0	0	0	0
24933	4.9866	0	0	0	0
24934	4.9868	0	0	0	0
24935	4.987	0	0	0	0
24936	4.9872	0	0	0	0
24937	4.9874	0	0	0	0
24938	4.9876	0	0	0	0
24939	4.9878	0	0	0	0
24940	4.988	0	0	0	0
24941	4.9882	0	0	0	0
24942	4.9884	0	0	0	0
24943	4.9886	0	0	0	0
24944	4.9888	0	0	0	0
24945	4.989	0	0	0	0
24946	4.9892	0	0	0	0
24947	4.9894	0	0	0	0
24948	4.9896	0	0	0	0
24949	4.9898	0	0	0	0
24950	4.99	0	0	0	0
24951	4.9902	0	0	0	0
24952	4.9904	0	0	0	0
24953	4.9906	0	0	0	0
24954	4.9908	0	0	0	0
24955	4.991	0	0	0	0
24956	4.9912	0	0	0	0
24957	4.9914	0	0	0	0
24958	4.9916	0	0	0	0
24959	4.9918	0	0	0	0
24960	4.992	0	0	0	0
24961	4.9922	0	0	0	0
24962	4.9924	0	0	0	0
24963	4.9926	0	0	0	0
24964	4.9928	0	0	0	0
24965	4.993	0	0	0	0
24966	4.9932	0	0	0	0
24967	4.9934	0	0	0	0
24968	4.9936	0	0	0	0
24969	4.9938	0	0	0	0
24970	4.994	0	0	0	0
24971	4.9942	0	0	0	0
24972	4.9944	0	0	0	0
24973	4.9946	0	0	0	0
24974	4.9948	0	0	0	0
24975	4.995	0	0	0	0
24976	4.9952	0	0	0	0
24977	4.9954	0	0	0	0
24978	4.9956	0	0	0	0
24979	4.9958	0	0	0	0
24980	4.996	0	0	0	0
24981	4.9962	0	0	0	0
24982	4.9964	0	0	0	0
24983	4.9966	0	0	0	0
24984	4.9968	0	0	0	0
24985	4.997	0	0	0	0
24986	4.9972	0	0	0	0
24987	4.9974	0	0	0	0
24988	4.9976	0	0	0	0
24989	4.9978	0	0	0	0
24990	4.998	0	0	0	0
24991	4.9982	0	0	0	0
24992	4.9984	0	0	0	0
24993	4.9986	0	0	0	0
24994	4.9988	0	0	0	0
24995	4.999	0	0	0	0
24996	4.9992	0	0	0	0
24997	4.9994	0	0	0	0
24998	4.9996	0	0	0	0
24999	4.9998	0	0	0	0
25000	5	0	0	0	0
25001	5.0002	0	0	0	0
25002	5.0004	0	0	0	0
25003	5.0006	0	0	0	0
25004	5.0008	0	0	0	0
25005	5.001	0	0	0	0
25006	5.0012	0	0	0	0
25007	5.0014	0	0	0	0
25008	5.0016	0	0	0	0
25009	5.0018	0	0	0	0
