TimeSlice	Time	ankle_L	hip_L	knee_L
2500	0.5	-0.0863455	0.348866	1.03862
2505	0.501	-0.0863531	0.349315	1.03811
2510	0.502	-0.0863602	0.349835	1.03758
2515	0.503	-0.0863667	0.350419	1.03703
2520	0.504	-0.0863727	0.351057	1.03647
2525	0.505	-0.0863783	0.35174	1.0359
2530	0.506	-0.0863836	0.352459	1.03531
2535	0.507	-0.0863886	0.353209	1.0347
2540	0.508	-0.0863935	0.353983	1.03408
2545	0.509	-0.0863984	0.35478	1.03344
2550	0.51	-0.0864033	0.355598	1.03279
2555	0.511	-0.0864083	0.356437	1.03212
2560	0.512	-0.0864134	0.357301	1.03143
2565	0.513	-0.0864186	0.358193	1.03074
2570	0.514	-0.0864239	0.359115	1.03002
2575	0.515	-0.0864293	0.360074	1.0293
2580	0.516	-0.0864347	0.361071	1.02856
2585	0.517	-0.0864401	0.362112	1.0278
2590	0.518	-0.0864454	0.363197	1.02704
2595	0.519	-0.0864507	0.36433	1.02626
2600	0.52	-0.0864558	0.36551	1.02546
2605	0.521	-0.0864607	0.366738	1.02466
2610	0.522	-0.0864652	0.368012	1.02384
2615	0.523	-0.0864701	0.36933	1.023
2620	0.524	-0.0864748	0.370691	1.02216
2625	0.525	-0.0864793	0.372093	1.02129
2630	0.526	-0.0864836	0.373531	1.02042
2635	0.527	-0.0864877	0.375006	1.01953
2640	0.528	-0.0864917	0.376514	1.01862
2645	0.529	-0.0864954	0.378052	1.0177
2650	0.53	-0.0864991	0.379618	1.01677
2655	0.531	-0.0865026	0.381207	1.01582
2660	0.532	-0.0865061	0.382819	1.01486
2665	0.533	-0.0865089	0.384451	1.01389
2670	0.534	-0.0865119	0.386103	1.0129
2675	0.535	-0.086515	0.387774	1.01191
2680	0.536	-0.0865184	0.389465	1.0109
2685	0.537	-0.0865218	0.391173	1.00989
2690	0.538	-0.0865252	0.392899	1.00886
2695	0.539	-0.0865286	0.394642	1.00783
2700	0.54	-0.086532	0.3964	1.00678
2705	0.541	-0.0865353	0.398171	1.00573
2710	0.542	-0.0865385	0.399955	1.00468
2715	0.543	-0.0865415	0.40175	1.00361
2720	0.544	-0.0857679	0.401465	1.00235
2725	0.545	-0.0859138	0.401427	1.0012
2730	0.546	-0.0861156	0.401429	1.00017
2735	0.547	-0.0862498	0.401429	0.999229
2740	0.548	-0.0863339	0.401428	0.998336
2745	0.549	-0.0863963	0.401428	0.997474
2750	0.55	-0.0864476	0.401428	0.99663
2755	0.551	-0.086472	0.401428	0.995795
2760	0.552	-0.0864858	0.401427	0.994966
2765	0.553	-0.0864977	0.401427	0.994138
2770	0.554	-0.0865093	0.401427	0.99331
2775	0.555	-0.08652	0.401427	0.992479
2780	0.556	-0.0865295	0.401427	0.991645
2785	0.557	-0.0865376	0.401427	0.990805
2790	0.558	-0.086544	0.401427	0.989959
2795	0.559	-0.0865483	0.401427	0.989105
2800	0.56	-0.0865507	0.401427	0.988242
2805	0.561	-0.0865513	0.401427	0.98737
2810	0.562	-0.0865503	0.401427	0.986488
2815	0.563	-0.0865481	0.401427	0.985597
2820	0.564	-0.0865452	0.401427	0.984696
2825	0.565	-0.0865422	0.401427	0.983787
2830	0.566	-0.0865395	0.401427	0.98287
2835	0.567	-0.0865375	0.401428	0.981945
2840	0.568	-0.0865362	0.401428	0.981014
2845	0.569	-0.0865358	0.401428	0.980078
2850	0.57	-0.0865362	0.401428	0.979136
2855	0.571	-0.0865374	0.401428	0.978189
2860	0.572	-0.0865394	0.401428	0.977238
2865	0.573	-0.086542	0.401428	0.976281
2870	0.574	-0.0865451	0.401428	0.975321
2875	0.575	-0.0865483	0.401428	0.974355
2880	0.576	-0.0865516	0.401428	0.973384
2885	0.577	-0.0865549	0.401427	0.972409
2890	0.578	-0.0865579	0.401427	0.971427
2895	0.579	-0.0865605	0.401427	0.97044
2900	0.58	-0.0865628	0.401427	0.969447
2905	0.581	-0.0865646	0.401427	0.968448
2910	0.582	-0.0865661	0.401427	0.967443
2915	0.583	-0.0865671	0.401427	0.966432
2920	0.584	-0.0865679	0.401428	0.965414
2925	0.585	-0.0865685	0.401428	0.96439
2930	0.586	-0.0865689	0.401428	0.96336
2935	0.587	-0.0865693	0.401428	0.962324
2940	0.588	-0.0865697	0.401428	0.961282
2945	0.589	-0.0865702	0.401428	0.960235
2950	0.59	-0.0865709	0.401428	0.959182
2955	0.591	-0.086572	0.401428	0.958125
2960	0.592	-0.0865733	0.401428	0.957062
2965	0.593	-0.0865749	0.401428	0.955995
2970	0.594	-0.0865767	0.401428	0.954924
2975	0.595	-0.0865787	0.401428	0.953848
2980	0.596	-0.0865808	0.401428	0.952768
2985	0.597	-0.086583	0.401428	0.951684
2990	0.598	-0.0865854	0.401428	0.950596
2995	0.599	-0.0865877	0.401427	0.949504
3000	0.6	-0.0865901	0.401427	0.948408
3005	0.601	-0.0865926	0.401427	0.947309
3010	0.602	-0.086595	0.401427	0.946207
3015	0.603	-0.0865975	0.401427	0.945101
3020	0.604	-0.0866	0.401427	0.943992
3025	0.605	-0.0866026	0.401427	0.94288
3030	0.606	-0.0866052	0.401427	0.941766
3035	0.607	-0.0866079	0.401427	0.940649
3040	0.608	-0.0866108	0.401427	0.93953
3045	0.609	-0.0866139	0.401427	0.93841
3050	0.61	-0.0866173	0.401427	0.937289
3055	0.611	-0.0866211	0.401427	0.936166
3060	0.612	-0.0866252	0.401427	0.935044
3065	0.613	-0.0866299	0.401427	0.933921
3070	0.614	-0.0866351	0.401427	0.932799
3075	0.615	-0.0866404	0.401427	0.931679
3080	0.616	-0.0866456	0.401427	0.93056
3085	0.617	-0.0866514	0.401427	0.929444
3090	0.618	-0.0866579	0.401426	0.928331
3095	0.619	-0.0866655	0.401426	0.927223
3100	0.62	-0.0866744	0.401426	0.926121
3105	0.621	-0.0866835	0.401421	0.925025
3110	0.622	-0.0866902	0.401399	0.923936
3115	0.623	-0.0866951	0.401345	0.922852
3120	0.624	-0.0866991	0.401247	0.921776
3125	0.625	-0.0867025	0.401092	0.920707
3130	0.626	-0.0867057	0.400868	0.919648
3135	0.627	-0.0867086	0.40056	0.918601
3140	0.628	-0.0867114	0.400158	0.917567
3145	0.629	-0.0867108	0.399653	0.916547
3150	0.63	-0.086715	0.399042	0.915544
3155	0.631	-0.08672	0.398322	0.914562
3160	0.632	-0.0867246	0.397492	0.913603
3165	0.633	-0.0867294	0.396549	0.912668
3170	0.634	-0.0867345	0.395494	0.91176
3175	0.635	-0.0867407	0.394329	0.910881
3180	0.636	-0.0867474	0.393058	0.910031
3185	0.637	-0.0867589	0.391693	0.909212
3190	0.638	-0.0867733	0.39025	0.908426
3195	0.639	-0.0867845	0.388747	0.907674
3200	0.64	-0.0867957	0.387211	0.906955
3205	0.641	-0.0868076	0.385648	0.906268
3210	0.642	-0.0868198	0.384058	0.905613
3215	0.643	-0.0868324	0.38244	0.904989
3220	0.644	-0.0868483	0.380804	0.904375
3225	0.645	-0.0868589	0.379136	0.903798
3230	0.646	-0.0868736	0.377433	0.903256
3235	0.647	-0.0868897	0.375693	0.902747
3240	0.648	-0.0869086	0.373923	0.902273
3245	0.649	-0.0869299	0.37213	0.901834
3250	0.65	-0.086953	0.370324	0.901432
3255	0.651	-0.0869788	0.368513	0.901067
3260	0.652	-0.087004	0.366707	0.900739
3265	0.653	-0.0870291	0.36492	0.900451
3270	0.654	-0.0870529	0.363165	0.900205
3275	0.655	-0.0870776	0.361457	0.900002
3280	0.656	-0.0871038	0.359811	0.899843
3285	0.657	-0.0871306	0.358243	0.899731
3290	0.658	-0.0871524	0.356767	0.899665
3295	0.659	-0.0871584	0.355403	0.899652
3300	0.66	-0.0871626	0.35417	0.899699
3305	0.661	-0.087168	0.353086	0.899809
3310	0.662	-0.087174	0.352168	0.899987
3315	0.663	-0.0871805	0.35143	0.900238
3320	0.664	-0.0871877	0.350884	0.900567
3325	0.665	-0.0871953	0.350541	0.900977
3330	0.666	-0.0872036	0.350405	0.901471
3335	0.667	-0.0872125	0.350482	0.902051
3340	0.668	-0.0872223	0.350772	0.902717
3345	0.669	-0.087233	0.351274	0.90347
3350	0.67	-0.0872447	0.351983	0.904309
3355	0.671	-0.0872575	0.352892	0.905233
3360	0.672	-0.0873704	0.353995	0.906235
3365	0.673	-0.0878798	0.355289	0.907292
3370	0.674	-0.0890671	0.356767	0.908384
3375	0.675	-0.0911781	0.358423	0.909496
3380	0.676	-0.0944088	0.360248	0.910616
3385	0.677	-0.0987544	0.362228	0.911744
3390	0.678	-0.103972	0.364349	0.912899
3395	0.679	-0.109723	0.366584	0.914102
3400	0.68	-0.115409	0.368904	0.915392
3405	0.681	-0.120815	0.371283	0.916783
3410	0.682	-0.125985	0.3737	0.918273
3415	0.683	-0.130833	0.376135	0.919862
3420	0.684	-0.135427	0.378573	0.921543
3425	0.685	-0.139924	0.381	0.923304
3430	0.686	-0.144503	0.383405	0.92513
3435	0.687	-0.149309	0.385776	0.927009
3440	0.688	-0.154416	0.388101	0.928934
3445	0.689	-0.15982	0.390368	0.930903
3450	0.69	-0.165454	0.392565	0.932918
3455	0.691	-0.17122	0.394679	0.934983
3460	0.692	-0.177027	0.396702	0.937102
3465	0.693	-0.182808	0.398625	0.939276
3470	0.694	-0.18854	0.400442	0.941506
3475	0.695	-0.194235	0.40215	0.943788
3480	0.696	-0.196131	0.401462	0.946022
3485	0.697	-0.19914	0.400686	0.948259
3490	0.698	-0.203785	0.399857	0.950461
3495	0.699	-0.20962	0.398996	0.95265
3500	0.7	-0.216216	0.398122	0.954847
3505	0.701	-0.223037	0.397249	0.957083
3510	0.702	-0.229625	0.396391	0.959382
3515	0.703	-0.23572	0.395563	0.96176
3520	0.704	-0.241561	0.394788	0.964206
3525	0.705	-0.24715	0.394083	0.966715
3530	0.706	-0.25258	0.393468	0.969279
3535	0.707	-0.257976	0.392959	0.971886
3540	0.708	-0.263453	0.392573	0.974527
3545	0.709	-0.269083	0.392323	0.977193
3550	0.71	-0.274865	0.39218	0.97988
3555	0.711	-0.280763	0.39213	0.982585
3560	0.712	-0.286722	0.392159	0.985307
3565	0.713	-0.292692	0.392261	0.988045
3570	0.714	-0.298645	0.392433	0.990796
3575	0.715	-0.304577	0.392682	0.99356
3580	0.716	-0.310504	0.393015	0.996338
3585	0.717	-0.316447	0.393443	0.999132
3590	0.718	-0.322426	0.393979	1.00195
3595	0.719	-0.328447	0.394631	1.00478
3600	0.72	-0.334479	0.39541	1.00763
3605	0.721	-0.340448	0.39632	1.0105
3610	0.722	-0.346249	0.397362	1.0134
3615	0.723	-0.351784	0.398537	1.01633
3620	0.724	-0.349353	0.39969	1.01965
3625	0.725	-0.349081	0.401005	1.02289
3630	0.726	-0.349162	0.402447	1.02612
3635	0.727	-0.34829	0.401467	1.02915
3640	0.728	-0.351333	0.400705	1.032
3645	0.729	-0.349367	0.400011	1.0351
3650	0.73	-0.349173	0.399531	1.03813
3655	0.731	-0.349238	0.399245	1.04115
3660	0.732	-0.349258	0.399144	1.04418
3665	0.733	-0.349266	0.399219	1.04722
3670	0.734	-0.349381	0.399388	1.04954
3675	0.735	-0.349452	0.399601	1.05076
3680	0.736	-0.349463	0.399841	1.05085
3685	0.737	-0.349427	0.400125	1.05007
3690	0.738	-0.349366	0.400485	1.0488
3695	0.739	-0.349299	0.40096	1.04746
3700	0.74	-0.349282	0.40156	1.04613
3705	0.741	-0.349229	0.40144	1.04472
3710	0.742	-0.349272	0.401427	1.04332
3715	0.743	-0.34927	0.401428	1.04191
3720	0.744	-0.349266	0.401429	1.0405
3725	0.745	-0.349265	0.401429	1.03908
3730	0.746	-0.349264	0.401429	1.03765
3735	0.747	-0.349262	0.401429	1.03622
3740	0.748	-0.349261	0.401429	1.03478
3745	0.749	-0.34926	0.401428	1.03333
3750	0.75	-0.349258	0.401428	1.03188
3755	0.751	-0.349257	0.401428	1.03042
3760	0.752	-0.349255	0.401428	1.02896
3765	0.753	-0.349253	0.401428	1.0275
3770	0.754	-0.349251	0.401428	1.02604
3775	0.755	-0.349249	0.401428	1.02457
3780	0.756	-0.349247	0.401428	1.0231
3785	0.757	-0.349245	0.401428	1.02163
3790	0.758	-0.349243	0.401428	1.02015
3795	0.759	-0.349241	0.401428	1.01867
3800	0.76	-0.349239	0.401428	1.01718
3805	0.761	-0.349237	0.401428	1.0157
3810	0.762	-0.349235	0.401428	1.0142
3815	0.763	-0.349234	0.401428	1.0127
3820	0.764	-0.349232	0.401428	1.0112
3825	0.765	-0.34923	0.401428	1.00969
3830	0.766	-0.349229	0.401428	1.00818
3835	0.767	-0.349227	0.401428	1.00667
3840	0.768	-0.349225	0.401428	1.00515
3845	0.769	-0.349224	0.401428	1.00363
3850	0.77	-0.349222	0.401428	1.00211
3855	0.771	-0.34922	0.401428	1.00058
3860	0.772	-0.349219	0.401428	0.999056
3865	0.773	-0.349218	0.401428	0.997521
3870	0.774	-0.349218	0.401427	0.995983
3875	0.775	-0.349218	0.401426	0.994447
3880	0.776	-0.349217	0.401419	0.992919
3885	0.777	-0.349215	0.401378	0.991398
3890	0.778	-0.349213	0.401287	0.989886
3895	0.779	-0.349211	0.401134	0.988382
3900	0.78	-0.349209	0.400916	0.986885
3905	0.781	-0.349208	0.400636	0.985396
3910	0.782	-0.349206	0.400301	0.983914
3915	0.783	-0.349205	0.399919	0.98244
3920	0.784	-0.349204	0.399501	0.980973
3925	0.785	-0.349203	0.399058	0.979513
3930	0.786	-0.349202	0.398599	0.97806
3935	0.787	-0.349201	0.398126	0.976614
3940	0.788	-0.349199	0.397628	0.975174
3945	0.789	-0.349198	0.397095	0.973743
3950	0.79	-0.349196	0.396521	0.972322
3955	0.791	-0.349194	0.395905	0.970912
3960	0.792	-0.349193	0.395245	0.969514
3965	0.793	-0.349192	0.394546	0.968128
3970	0.794	-0.349191	0.393813	0.966753
3975	0.795	-0.34919	0.393054	0.965391
3980	0.796	-0.349189	0.392278	0.964041
3985	0.797	-0.349188	0.391492	0.962704
3990	0.798	-0.349187	0.390708	0.96138
3995	0.799	-0.349186	0.389933	0.96007
4000	0.8	-0.349185	0.389177	0.958773
4005	0.801	-0.349184	0.388447	0.957492
4010	0.802	-0.349183	0.387751	0.956224
4015	0.803	-0.349182	0.387096	0.954972
4020	0.804	-0.349181	0.386487	0.953735
4025	0.805	-0.349247	0.389336	0.951782
4030	0.806	-0.349185	0.39213	0.94987
4035	0.807	-0.349174	0.394827	0.94799
4040	0.808	-0.34917	0.397403	0.94614
4045	0.809	-0.34919	0.400876	0.944062
4050	0.81	-0.349168	0.404188	0.94199
4055	0.811	-0.341875	0.401522	0.939506
4060	0.812	-0.333492	0.401513	0.934607
4065	0.813	-0.328326	0.401324	0.929587
4070	0.814	-0.326048	0.40093	0.924466
4075	0.815	-0.326412	0.400334	0.919259
4080	0.816	-0.329252	0.399557	0.913977
4085	0.817	-0.334469	0.398632	0.908622
4090	0.818	-0.341546	0.397594	0.903217
4095	0.819	-0.348764	0.396466	0.897836
4100	0.82	-0.356662	0.398522	0.891721
4105	0.821	-0.349548	0.400202	0.886306
4110	0.822	-0.344567	0.401804	0.880777
4115	0.823	-0.339487	0.401457	0.874972
4120	0.824	-0.337845	0.401071	0.869014
4125	0.825	-0.339055	0.400652	0.862931
4130	0.826	-0.342327	0.400203	0.856756
4135	0.827	-0.34629	0.399717	0.850552
4140	0.828	-0.349911	0.399185	0.844367
4145	0.829	-0.349201	0.39854	0.838387
4150	0.83	-0.348746	0.397874	0.832399
4155	0.831	-0.348827	0.397203	0.826393
4160	0.832	-0.349467	0.39654	0.820376
4165	0.833	-0.349118	0.395868	0.814428
4170	0.834	-0.349078	0.395217	0.808495
4175	0.835	-0.349084	0.394594	0.802595
4180	0.836	-0.349083	0.394004	0.796737
4185	0.837	-0.34908	0.393452	0.790924
4190	0.838	-0.349076	0.392943	0.785162
4195	0.839	-0.349071	0.392481	0.779453
4200	0.84	-0.349066	0.392065	0.773801
4205	0.841	-0.348917	0.391693	0.768216
4210	0.842	-0.348507	0.391363	0.762703
4215	0.843	-0.347753	0.391072	0.757269
4220	0.844	-0.346598	0.390813	0.751915
4225	0.845	-0.345013	0.390582	0.746644
4230	0.846	-0.34297	0.390374	0.741455
4235	0.847	-0.340424	0.390179	0.736349
4240	0.848	-0.337305	0.389987	0.731325
4245	0.849	-0.333521	0.389788	0.726384
4250	0.85	-0.328955	0.389568	0.721527
4255	0.851	-0.32347	0.389315	0.716753
4260	0.852	-0.316929	0.389015	0.712064
4265	0.853	-0.309206	0.388654	0.707456
4270	0.854	-0.30021	0.388219	0.702927
4275	0.855	-0.289898	0.387695	0.698467
4280	0.856	-0.278291	0.38707	0.694066
4285	0.857	-0.265466	0.386334	0.68971
4290	0.858	-0.251522	0.385477	0.685385
4295	0.859	-0.236593	0.384489	0.681074
4300	0.86	-0.220928	0.383364	0.676756
4305	0.861	-0.204747	0.382095	0.672414
4310	0.862	-0.188223	0.380676	0.668033
4315	0.863	-0.171472	0.379101	0.663602
4320	0.864	-0.15457	0.377363	0.659112
4325	0.865	-0.137561	0.375459	0.654558
4330	0.866	-0.120477	0.373387	0.649934
4335	0.867	-0.10335	0.371146	0.645236
4340	0.868	-0.0862184	0.36874	0.640463
4345	0.869	-0.0865181	0.366554	0.635136
4350	0.87	-0.0869797	0.364249	0.629778
4355	0.871	-0.0868876	0.361808	0.624414
4360	0.872	-0.0867856	0.359235	0.619024
4365	0.873	-0.0867046	0.356536	0.613605
4370	0.874	-0.0866397	0.353716	0.608156
4375	0.875	-0.0865851	0.350783	0.602677
4380	0.876	-0.0865382	0.347747	0.59717
4385	0.877	-0.0864982	0.344619	0.591637
4390	0.878	-0.086463	0.34141	0.586082
4395	0.879	-0.0864318	0.338134	0.580508
4400	0.88	-0.0864043	0.334806	0.574921
4405	0.881	-0.0863806	0.331437	0.569325
4410	0.882	-0.0863624	0.328041	0.563724
4415	0.883	-0.0863479	0.324631	0.558122
4420	0.884	-0.0863365	0.321217	0.552524
4425	0.885	-0.0863282	0.317811	0.546934
4430	0.886	-0.0863227	0.314422	0.541355
4435	0.887	-0.0863197	0.31106	0.53579
4440	0.888	-0.0863193	0.307733	0.530242
4445	0.889	-0.0863196	0.304449	0.524714
4450	0.89	-0.0863212	0.301214	0.519209
4455	0.891	-0.0863241	0.298036	0.513729
4460	0.892	-0.0863279	0.294919	0.508276
4465	0.893	-0.0863326	0.29187	0.502852
4470	0.894	-0.0863381	0.288892	0.497457
4475	0.895	-0.0863442	0.285988	0.492094
4480	0.896	-0.086351	0.283163	0.486763
4485	0.897	-0.0863584	0.280418	0.481464
4490	0.898	-0.0863663	0.277755	0.476199
4495	0.899	-0.0863814	0.275409	0.470914
4500	0.9	-0.0863839	0.273137	0.465662
4505	0.901	-0.0863921	0.270935	0.460443
4510	0.902	-0.0864015	0.268803	0.455254
4515	0.903	-0.0864112	0.266741	0.450095
4520	0.904	-0.0864214	0.264752	0.444965
4525	0.905	-0.0864318	0.262839	0.439862
4530	0.906	-0.0864423	0.261002	0.434784
4535	0.907	-0.086453	0.259242	0.42973
4540	0.908	-0.0864637	0.257557	0.424697
4545	0.909	-0.0864744	0.255942	0.419684
4550	0.91	-0.0864851	0.254395	0.414688
4555	0.911	-0.0864959	0.25291	0.409708
4560	0.912	-0.0865066	0.251482	0.404741
4565	0.913	-0.0865172	0.250107	0.399784
4570	0.914	-0.0865278	0.248776	0.394836
4575	0.915	-0.0865382	0.247483	0.389894
4580	0.916	-0.0865487	0.246221	0.384957
4585	0.917	-0.0865591	0.244988	0.380021
4590	0.918	-0.0865694	0.243778	0.375085
4595	0.919	-0.0865797	0.24259	0.370148
4600	0.92	-0.0870169	0.242321	0.367605
4605	0.921	-0.0867485	0.242703	0.365816
4610	0.922	-0.0866826	0.243599	0.364476
4615	0.923	-0.0866864	0.244884	0.363473
4620	0.924	-0.0866876	0.246462	0.36272
4625	0.925	-0.086681	0.248255	0.362148
4630	0.926	-0.0866796	0.250203	0.361699
4635	0.927	-0.0866788	0.252256	0.361333
4640	0.928	-0.0866784	0.254389	0.361023
4645	0.929	-0.0866782	0.256584	0.360745
4650	0.93	-0.0866777	0.258826	0.360486
4655	0.931	-0.0866748	0.261105	0.360237
4660	0.932	-0.0866789	0.263455	0.360038
4665	0.933	-0.0866752	0.265849	0.359862
4670	0.934	-0.0866726	0.268271	0.359693
4675	0.935	-0.0866716	0.27071	0.35952
4680	0.936	-0.0866716	0.273161	0.359338
4685	0.937	-0.086672	0.27562	0.359144
4690	0.938	-0.0866728	0.278085	0.358936
4695	0.939	-0.0866739	0.280554	0.358712
4700	0.94	-0.0866753	0.283027	0.358471
4705	0.941	-0.0866769	0.285502	0.358214
4710	0.942	-0.0866787	0.287979	0.357939
4715	0.943	-0.0866808	0.290459	0.357647
4720	0.944	-0.0866831	0.29294	0.357337
4725	0.945	-0.0866856	0.295423	0.357009
4730	0.946	-0.0866884	0.297908	0.356663
4735	0.947	-0.0866914	0.300395	0.356299
4740	0.948	-0.0866945	0.302884	0.355917
4745	0.949	-0.0866979	0.305376	0.355517
4750	0.95	-0.0867014	0.30787	0.355097
4755	0.951	-0.0867051	0.310368	0.354659
4760	0.952	-0.086709	0.312872	0.354202
4765	0.953	-0.0867129	0.315381	0.353726
4770	0.954	-0.086717	0.317899	0.35323
4775	0.955	-0.0867212	0.320426	0.352715
4780	0.956	-0.0867253	0.322963	0.35218
4785	0.957	-0.0867295	0.325508	0.351625
4790	0.958	-0.0867338	0.32806	0.351052
4795	0.959	-0.086738	0.330618	0.350461
4800	0.96	-0.0867423	0.333178	0.349851
4805	0.961	-0.0867467	0.335739	0.349224
4810	0.962	-0.086751	0.338298	0.34858
4815	0.963	-0.0867554	0.340853	0.347919
4820	0.964	-0.0867599	0.343404	0.347242
4825	0.965	-0.0867643	0.345948	0.346549
4830	0.966	-0.0867688	0.348485	0.345841
4835	0.967	-0.0867732	0.351015	0.345118
4840	0.968	-0.0867776	0.353535	0.34438
4845	0.969	-0.0867821	0.356047	0.343628
4850	0.97	-0.0867865	0.358549	0.342861
4855	0.971	-0.0867909	0.36104	0.342081
4860	0.972	-0.0867952	0.363521	0.341287
4865	0.973	-0.0867995	0.365989	0.340479
4870	0.974	-0.0868038	0.368444	0.339659
4875	0.975	-0.0868081	0.370887	0.338825
4880	0.976	-0.0868123	0.373316	0.337978
4885	0.977	-0.0868164	0.375732	0.337119
4890	0.978	-0.0868206	0.378134	0.336246
4895	0.979	-0.0868247	0.380522	0.335362
4900	0.98	-0.0868287	0.382896	0.334464
4905	0.981	-0.0868328	0.385258	0.333554
4910	0.982	-0.0868367	0.387606	0.332632
4915	0.983	-0.0868406	0.389942	0.331697
4920	0.984	-0.0868445	0.392265	0.33075
4925	0.985	-0.0868483	0.394576	0.32979
4930	0.986	-0.0868521	0.396876	0.328817
4935	0.987	-0.0868558	0.399165	0.327832
4940	0.988	-0.0868594	0.401443	0.326834
4945	0.989	-0.0868015	0.401475	0.325551
4950	0.99	-0.0868781	0.401433	0.32448
4955	0.991	-0.0868918	0.40143	0.323583
4960	0.992	-0.0868883	0.401429	0.322794
4965	0.993	-0.0868891	0.401429	0.322074
4970	0.994	-0.0868916	0.401428	0.321398
4975	0.995	-0.0868938	0.401428	0.320746
4980	0.996	-0.0868959	0.401428	0.320105
4985	0.997	-0.0868978	0.401428	0.319463
4990	0.998	-0.086899	0.401428	0.318813
4995	0.999	-0.0869013	0.401428	0.318151
5000	1	-0.0869037	0.401428	0.317474
5005	1.001	-0.0869062	0.401428	0.316781
5010	1.002	-0.0869088	0.401428	0.316071
5015	1.003	-0.0869115	0.401428	0.315343
5020	1.004	-0.0869142	0.401428	0.314598
5025	1.005	-0.0869169	0.401428	0.313834
5030	1.006	-0.0869197	0.401428	0.313053
5035	1.007	-0.0869225	0.401428	0.312253
5040	1.008	-0.0869253	0.401428	0.311435
5045	1.009	-0.0869279	0.401428	0.310599
5050	1.01	-0.0869304	0.401428	0.309744
5055	1.011	-0.0869329	0.401428	0.308871
5060	1.012	-0.0869353	0.401428	0.30798
5065	1.013	-0.0869377	0.401428	0.30707
5070	1.014	-0.08694	0.401428	0.306144
5075	1.015	-0.0869422	0.401428	0.305201
5080	1.016	-0.0869444	0.401428	0.304243
5085	1.017	-0.0869465	0.401428	0.303268
5090	1.018	-0.0869485	0.401428	0.302276
5095	1.019	-0.0869505	0.401428	0.301269
5100	1.02	-0.0869525	0.401428	0.300244
5105	1.021	-0.0869544	0.401428	0.299202
5110	1.022	-0.0869563	0.401428	0.298142
5115	1.023	-0.0869582	0.401428	0.297065
5120	1.024	-0.08696	0.401428	0.29597
5125	1.025	-0.0869618	0.401428	0.294857
5130	1.026	-0.0869636	0.401428	0.293728
5135	1.027	-0.0869653	0.401428	0.292582
5140	1.028	-0.086967	0.401428	0.291419
5145	1.029	-0.0869686	0.401428	0.29024
5150	1.03	-0.0869703	0.401428	0.289044
5155	1.031	-0.0869719	0.401428	0.287832
5160	1.032	-0.0869734	0.401428	0.286603
5165	1.033	-0.0869749	0.401428	0.285359
5170	1.034	-0.0869761	0.401428	0.284096
5175	1.035	-0.0869779	0.401428	0.282815
5180	1.036	-0.0869794	0.401428	0.281518
5185	1.037	-0.0869808	0.401428	0.280207
5190	1.038	-0.0869824	0.401428	0.278882
5195	1.039	-0.0869838	0.401428	0.277547
5200	1.04	-0.0869851	0.401428	0.276202
5205	1.041	-0.0869865	0.401428	0.274848
5210	1.042	-0.0869878	0.401428	0.273486
5215	1.043	-0.086989	0.401428	0.272116
5220	1.044	-0.0869902	0.401428	0.27074
5225	1.045	-0.0869914	0.401428	0.269357
5230	1.046	-0.0869927	0.401428	0.267969
5235	1.047	-0.0869941	0.401428	0.266574
5240	1.048	-0.0869956	0.401428	0.265174
5245	1.049	-0.0869974	0.401428	0.26377
5250	1.05	-0.0869993	0.401427	0.262363
5255	1.051	-0.0870012	0.401427	0.260952
5260	1.052	-0.0870035	0.401427	0.259539
5265	1.053	-0.087006	0.401427	0.258124
5270	1.054	-0.0870088	0.401427	0.256708
5275	1.055	-0.0870119	0.401427	0.255293
5280	1.056	-0.0870152	0.401427	0.253878
5285	1.057	-0.0870188	0.401427	0.252466
5290	1.058	-0.0870225	0.401426	0.251058
5295	1.059	-0.0870265	0.401426	0.249653
5300	1.06	-0.0870306	0.401426	0.248255
5305	1.061	-0.0870346	0.40142	0.246864
5310	1.062	-0.0870387	0.401399	0.245479
5315	1.063	-0.087043	0.401352	0.244104
5320	1.064	-0.0870475	0.40127	0.242739
5325	1.065	-0.0870521	0.401145	0.241388
5330	1.066	-0.0870569	0.400967	0.240053
5335	1.067	-0.0870618	0.400731	0.238736
5340	1.068	-0.0870669	0.400431	0.237441
5345	1.069	-0.0870721	0.400064	0.23617
5350	1.07	-0.0870776	0.399627	0.234925
5355	1.071	-0.0870834	0.399123	0.233708
5360	1.072	-0.0870896	0.398554	0.232522
5365	1.073	-0.0870965	0.397923	0.231368
5370	1.074	-0.0871039	0.397235	0.230247
5375	1.075	-0.0871119	0.39648	0.229161
5380	1.076	-0.0871199	0.395653	0.228112
5385	1.077	-0.0871286	0.394748	0.227101
5390	1.078	-0.0871384	0.393758	0.226131
5395	1.079	-0.0871491	0.392679	0.225204
5400	1.08	-0.0871605	0.391506	0.224323
5405	1.081	-0.0871773	0.390232	0.223455
5410	1.082	-0.0871853	0.388856	0.222647
5415	1.083	-0.0871973	0.387377	0.221905
5420	1.084	-0.0872132	0.385786	0.221196
5425	1.085	-0.0872254	0.384085	0.220549
5430	1.086	-0.0872398	0.382271	0.21996
5435	1.087	-0.0872545	0.380341	0.219427
5440	1.088	-0.087314	0.378301	0.218945
5445	1.089	-0.0876585	0.376164	0.218492
5450	1.09	-0.0884515	0.373941	0.218047
5455	1.091	-0.0897705	0.371646	0.2176
5460	1.092	-0.091618	0.369293	0.217147
5465	1.093	-0.0939419	0.366894	0.216692
5470	1.094	-0.0966584	0.364465	0.216238
5475	1.095	-0.0996835	0.362024	0.215793
5480	1.096	-0.102936	0.359591	0.215368
5485	1.097	-0.10632	0.357186	0.214971
5490	1.098	-0.10976	0.354827	0.21461
5495	1.099	-0.113201	0.352533	0.214286
5500	1.1	-0.116616	0.350322	0.214001
5505	1.101	-0.12	0.348209	0.213752
5510	1.102	-0.123354	0.34621	0.213535
5515	1.103	-0.126595	0.344339	0.213328
5520	1.104	-0.129674	0.342612	0.213107
5525	1.105	-0.132701	0.341051	0.212867
5530	1.106	-0.1358	0.339675	0.212616
5535	1.107	-0.139092	0.338509	0.212377
5540	1.108	-0.142644	0.337573	0.212183
5545	1.109	-0.146473	0.336884	0.212069
5550	1.11	-0.150562	0.336458	0.212074
5555	1.111	-0.154873	0.336309	0.212242
5560	1.112	-0.159364	0.336445	0.212614
5565	1.113	-0.164007	0.336876	0.213234
5570	1.114	-0.16878	0.337605	0.214141
5575	1.115	-0.173665	0.338634	0.215373
5580	1.116	-0.178652	0.339964	0.216963
5585	1.117	-0.183731	0.341588	0.21894
5590	1.118	-0.188893	0.343498	0.221327
5595	1.119	-0.194132	0.345684	0.22414
5600	1.12	-0.199439	0.34813	0.227393
5605	1.121	-0.20481	0.350822	0.23109
5610	1.122	-0.210226	0.353741	0.235234
5615	1.123	-0.215689	0.356868	0.239819
5620	1.124	-0.221205	0.360181	0.244834
5625	1.125	-0.226781	0.363658	0.250264
5630	1.126	-0.232424	0.367276	0.256091
5635	1.127	-0.238133	0.37101	0.262292
5640	1.128	-0.2439	0.374836	0.268841
5645	1.129	-0.249716	0.378731	0.275709
5650	1.13	-0.255535	0.382653	0.282856
5655	1.131	-0.261372	0.386585	0.290254
5660	1.132	-0.267233	0.390509	0.29787
5665	1.133	-0.273124	0.394404	0.305672
5670	1.134	-0.279043	0.39825	0.313625
5675	1.135	-0.284985	0.402028	0.321696
5680	1.136	-0.285067	0.401496	0.328392
5685	1.137	-0.286641	0.400888	0.335095
5690	1.138	-0.290409	0.400254	0.341768
5695	1.139	-0.296262	0.399636	0.348409
5700	1.14	-0.303631	0.399058	0.355031
5705	1.141	-0.311797	0.398537	0.361649
5710	1.142	-0.320218	0.398089	0.368274
5715	1.143	-0.328327	0.397725	0.374917
5720	1.144	-0.335811	0.397461	0.381579
5725	1.145	-0.342607	0.397313	0.38825
5730	1.146	-0.34884	0.397297	0.39491
5735	1.147	-0.35469	0.397429	0.40154
5740	1.148	-0.349489	0.397547	0.408607
5745	1.149	-0.348189	0.397879	0.41543
5750	1.15	-0.351135	0.398443	0.421978
5755	1.151	-0.349389	0.399103	0.428649
5760	1.152	-0.349202	0.399958	0.43517
5765	1.153	-0.349264	0.400989	0.441599
5770	1.154	-0.349285	0.402191	0.447949
5775	1.155	-0.349177	0.401462	0.45352
5780	1.156	-0.349282	0.400906	0.459007
5785	1.157	-0.349302	0.400524	0.464427
5790	1.158	-0.349311	0.400325	0.469781
5795	1.159	-0.349319	0.400312	0.475072
5800	1.16	-0.349325	0.400487	0.480302
5805	1.161	-0.349331	0.400852	0.485473
5810	1.162	-0.349335	0.401406	0.490587
5815	1.163	-0.349336	0.402147	0.495646
5820	1.164	-0.349244	0.401454	0.500149
5825	1.165	-0.349321	0.400948	0.504592
5830	1.166	-0.34933	0.400631	0.50899
5835	1.167	-0.349328	0.400509	0.513343
5840	1.168	-0.349328	0.400582	0.517651
5845	1.169	-0.349327	0.400854	0.521917
5850	1.17	-0.349326	0.401323	0.526142
5855	1.171	-0.349324	0.401987	0.530327
5860	1.172	-0.349241	0.40145	0.534065
5865	1.173	-0.349307	0.401106	0.537758
5870	1.174	-0.349313	0.400955	0.541418
5875	1.175	-0.349311	0.401	0.545045
5880	1.176	-0.349309	0.401242	0.548639
5885	1.177	-0.349308	0.401679	0.552201
5890	1.178	-0.349255	0.401441	0.555487
5895	1.179	-0.349296	0.401396	0.558739
5900	1.18	-0.349299	0.401544	0.561965
5905	1.181	-0.34927	0.401434	0.565038
5910	1.182	-0.349285	0.401428	0.568058
5915	1.183	-0.34928	0.401429	0.571003
5920	1.184	-0.349276	0.401429	0.57387
5925	1.185	-0.349273	0.401429	0.576661
5930	1.186	-0.349271	0.401429	0.579377
5935	1.187	-0.349268	0.401429	0.58202
5940	1.188	-0.349266	0.401429	0.584591
5945	1.189	-0.349263	0.401429	0.587091
5950	1.19	-0.349261	0.401429	0.58952
5955	1.191	-0.349258	0.401429	0.591881
5960	1.192	-0.349256	0.401429	0.594174
5965	1.193	-0.349253	0.401429	0.596401
5970	1.194	-0.349251	0.401429	0.598561
5975	1.195	-0.349249	0.401429	0.600657
5980	1.196	-0.349247	0.401429	0.60269
5985	1.197	-0.349244	0.401429	0.604661
5990	1.198	-0.349242	0.401429	0.606573
5995	1.199	-0.34924	0.401429	0.608428
6000	1.2	-0.349238	0.401429	0.610227
6005	1.201	-0.349236	0.401429	0.611972
6010	1.202	-0.349235	0.401429	0.613665
6015	1.203	-0.349233	0.401429	0.615306
6020	1.204	-0.349231	0.401429	0.616899
6025	1.205	-0.349229	0.401429	0.618444
6030	1.206	-0.349227	0.401429	0.619942
6035	1.207	-0.349225	0.401429	0.621395
6040	1.208	-0.349224	0.401429	0.622805
6045	1.209	-0.349222	0.401429	0.624171
6050	1.21	-0.34922	0.401429	0.625497
6055	1.211	-0.349219	0.401429	0.626782
6060	1.212	-0.349217	0.401429	0.628028
6065	1.213	-0.349215	0.401429	0.629236
6070	1.214	-0.349214	0.401429	0.630407
6075	1.215	-0.349212	0.401429	0.631541
6080	1.216	-0.349211	0.401428	0.63264
6085	1.217	-0.349209	0.401428	0.633703
6090	1.218	-0.349211	0.401426	0.634765
6095	1.219	-0.349211	0.401398	0.635836
6100	1.22	-0.349208	0.401312	0.636918
6105	1.221	-0.349206	0.401155	0.638009
6110	1.222	-0.349204	0.400927	0.639107
6115	1.223	-0.349203	0.40064	0.640208
6120	1.224	-0.349201	0.400298	0.641306
6125	1.225	-0.349201	0.399927	0.642399
6130	1.226	-0.349201	0.39956	0.643489
6135	1.227	-0.3492	0.399231	0.644574
6140	1.228	-0.3492	0.398966	0.645656
6145	1.229	-0.3492	0.398792	0.646732
6150	1.23	-0.349199	0.398732	0.647803
6155	1.231	-0.349199	0.398808	0.648865
6160	1.232	-0.349193	0.399043	0.649972
6165	1.233	-0.349183	0.399452	0.651097
6170	1.234	-0.349179	0.400044	0.65224
6175	1.235	-0.349176	0.400824	0.653404
6180	1.236	-0.349173	0.401794	0.654593
6185	1.237	-0.34908	0.401452	0.655454
6190	1.238	-0.349152	0.401305	0.656353
6195	1.239	-0.349156	0.401355	0.657309
6200	1.24	-0.34915	0.401605	0.658325
6205	1.241	-0.34911	0.401437	0.65926
6210	1.242	-0.349135	0.401427	0.660256
6215	1.243	-0.349127	0.401429	0.661287
6220	1.244	-0.349121	0.40143	0.662355
6225	1.245	-0.349117	0.40143	0.663464
6230	1.246	-0.349114	0.40143	0.66462
6235	1.247	-0.349112	0.40143	0.665826
6240	1.248	-0.349108	0.40143	0.667082
6245	1.249	-0.349104	0.40143	0.668389
6250	1.25	-0.3491	0.401429	0.669752
6255	1.251	-0.349096	0.401429	0.671178
6260	1.252	-0.349092	0.401429	0.672672
6265	1.253	-0.349088	0.401429	0.674242
6270	1.254	-0.349083	0.401429	0.675893
6275	1.255	-0.349077	0.401429	0.677592
6280	1.256	-0.349069	0.401429	0.679299
6285	1.257	-0.34899	0.401429	0.681016
6290	1.258	-0.348733	0.401429	0.68275
6295	1.259	-0.348255	0.401429	0.684505
6300	1.26	-0.347568	0.401429	0.68628
6305	1.261	-0.346719	0.401429	0.688071
6310	1.262	-0.345771	0.401429	0.689874
6315	1.263	-0.344781	0.401429	0.691684
6320	1.264	-0.343788	0.401429	0.693499
6325	1.265	-0.342803	0.401429	0.695318
6330	1.266	-0.341819	0.401429	0.69714
6335	1.267	-0.340784	0.401429	0.698972
6340	1.268	-0.339644	0.401429	0.700815
6345	1.269	-0.338499	0.401429	0.702664
6350	1.27	-0.337376	0.401429	0.704516
6355	1.271	-0.336277	0.401429	0.706371
6360	1.272	-0.33518	0.401428	0.708229
6365	1.273	-0.334034	0.401428	0.710096
6370	1.274	-0.332802	0.401428	0.711972
6375	1.275	-0.33146	0.401428	0.713861
6380	1.276	-0.329955	0.401428	0.715766
6385	1.277	-0.328224	0.401428	0.71769
6390	1.278	-0.326217	0.401428	0.719637
6395	1.279	-0.323894	0.401428	0.721607
6400	1.28	-0.321218	0.401428	0.723603
6405	1.281	-0.318139	0.401427	0.725623
6410	1.282	-0.314588	0.401427	0.727671
6415	1.283	-0.310469	0.401427	0.729748
6420	1.284	-0.305661	0.401426	0.731855
6425	1.285	-0.300026	0.401426	0.733993
6430	1.286	-0.293387	0.401402	0.736157
6435	1.287	-0.285595	0.40133	0.738338
6440	1.288	-0.276555	0.401182	0.740522
6445	1.289	-0.266166	0.400936	0.742707
6450	1.29	-0.254292	0.400564	0.744893
6455	1.291	-0.240842	0.400046	0.747077
6460	1.292	-0.225825	0.399365	0.749251
6465	1.293	-0.209372	0.398508	0.751403
6470	1.294	-0.19157	0.397464	0.753522
6475	1.295	-0.172872	0.396231	0.755584
6480	1.296	-0.153705	0.394809	0.757568
6485	1.297	-0.134404	0.393196	0.759458
6490	1.298	-0.115176	0.391393	0.761246
6495	1.299	-0.096114	0.389397	0.762929
6500	1.3	-0.0772132	0.387206	0.764506
6505	1.301	-0.0860851	0.385438	0.765206
6510	1.302	-0.0871586	0.383347	0.766075
6515	1.303	-0.0868958	0.384039	0.76621
6520	1.304	-0.0866802	0.384428	0.766297
6525	1.305	-0.0865998	0.384442	0.766318
6530	1.306	-0.0865384	0.384054	0.766271
6535	1.307	-0.0864827	0.383268	0.766152
6540	1.308	-0.086462	0.383341	0.765655
6545	1.309	-0.0864005	0.383253	0.765029
6550	1.31	-0.0863627	0.383145	0.764243
6555	1.311	-0.0863295	0.383026	0.763296
6560	1.312	-0.086298	0.382885	0.762196
6565	1.313	-0.0862733	0.382704	0.760944
6570	1.314	-0.086253	0.382472	0.759545
6575	1.315	-0.0862364	0.382174	0.758003
6580	1.316	-0.0862209	0.381689	0.756337
6585	1.317	-0.0862118	0.381048	0.754552
6590	1.318	-0.0862051	0.380241	0.752653
6595	1.319	-0.0862011	0.379276	0.750638
6600	1.32	-0.0862002	0.37817	0.748503
6605	1.321	-0.0861993	0.376931	0.746245
6610	1.322	-0.0861892	0.375553	0.74412
6615	1.323	-0.0861454	0.374054	0.742047
6620	1.324	-0.0861351	0.372434	0.740028
6625	1.325	-0.0861302	0.370688	0.73809
6630	1.326	-0.0849791	0.369292	0.736865
6635	1.327	-0.0851368	0.368181	0.735864
6640	1.328	-0.0854155	0.367232	0.735029
6645	1.329	-0.0849157	0.366648	0.734455
6650	1.33	-0.0851075	0.366366	0.734139
6655	1.331	-0.0853948	0.366272	0.734022
6660	1.332	-0.0856112	0.366282	0.734033
6665	1.333	-0.0857521	0.366351	0.734116
6670	1.334	-0.0858374	0.366456	0.734238
6675	1.335	-0.0858941	0.366585	0.734374
6680	1.336	-0.085934	0.366733	0.734506
6685	1.337	-0.0859696	0.366911	0.734623
6690	1.338	-0.0859974	0.367124	0.734721
6695	1.339	-0.0860195	0.367377	0.734794
6700	1.34	-0.0860387	0.367671	0.734836
6705	1.341	-0.0860561	0.368007	0.734845
6710	1.342	-0.0860721	0.368384	0.734818
6715	1.343	-0.0860873	0.3688	0.734753
6720	1.344	-0.086102	0.369251	0.734647
6725	1.345	-0.0861156	0.369736	0.734499
6730	1.346	-0.086128	0.370249	0.734307
6735	1.347	-0.0861403	0.370788	0.73407
6740	1.348	-0.0861525	0.371351	0.733788
6745	1.349	-0.0861645	0.371935	0.733459
6750	1.35	-0.0861763	0.372538	0.733082
6755	1.351	-0.0861878	0.373157	0.732657
6760	1.352	-0.0861992	0.373793	0.732182
6765	1.353	-0.0862103	0.374443	0.731658
6770	1.354	-0.0862213	0.375107	0.731082
6775	1.355	-0.086232	0.375786	0.730455
6780	1.356	-0.0862424	0.376479	0.729775
6785	1.357	-0.0862526	0.377187	0.729043
6790	1.358	-0.0862624	0.377912	0.728259
6795	1.359	-0.0862718	0.378652	0.727422
6800	1.36	-0.086281	0.379406	0.726531
6805	1.361	-0.0862899	0.380172	0.725587
6810	1.362	-0.0862986	0.380948	0.724588
6815	1.363	-0.0863072	0.381733	0.723534
6820	1.364	-0.0863156	0.382526	0.722425
6825	1.365	-0.0863239	0.383325	0.721259
6830	1.366	-0.0863321	0.384132	0.720036
6835	1.367	-0.0863399	0.384948	0.718756
6840	1.368	-0.0863475	0.385772	0.717419
6845	1.369	-0.0863547	0.386605	0.716024
6850	1.37	-0.0863616	0.387446	0.714571
6855	1.371	-0.0863686	0.388293	0.713058
6860	1.372	-0.0863754	0.389145	0.711486
6865	1.373	-0.0863822	0.390004	0.709854
6870	1.374	-0.0863888	0.390868	0.70816
6875	1.375	-0.0863952	0.391739	0.706405
6880	1.376	-0.0864015	0.392618	0.704588
6885	1.377	-0.0864075	0.393504	0.702709
6890	1.378	-0.0864127	0.394394	0.700768
6895	1.379	-0.0864175	0.395284	0.698766
6900	1.38	-0.0864221	0.396171	0.696703
6905	1.381	-0.0864266	0.397052	0.694582
6910	1.382	-0.0864309	0.397923	0.692401
6915	1.383	-0.0864352	0.398781	0.690161
6920	1.384	-0.0864394	0.399623	0.687864
6925	1.385	-0.0864435	0.400447	0.685509
6930	1.386	-0.0864474	0.40125	0.683097
6935	1.387	-0.0864514	0.40203	0.680628
6940	1.388	-0.0862704	0.401449	0.677751
6945	1.389	-0.0863522	0.400853	0.674828
6950	1.39	-0.086393	0.400227	0.671877
6955	1.391	-0.0864064	0.399575	0.668892
6960	1.392	-0.0864141	0.398908	0.665868
6965	1.393	-0.0865771	0.398182	0.662663
6970	1.394	-0.0866706	0.397422	0.659396
6975	1.395	-0.086686	0.396647	0.655992
6980	1.396	-0.086724	0.395856	0.652352
6985	1.397	-0.0867749	0.395059	0.648502
6990	1.398	-0.0868083	0.394235	0.644413
6995	1.399	-0.0868302	0.393384	0.640086
7000	1.4	-0.0868421	0.392509	0.635521
7005	1.401	-0.0868449	0.391611	0.63072
7010	1.402	-0.0868417	0.390693	0.625684
7015	1.403	-0.0868301	0.389761	0.620415
7020	1.404	-0.0868265	0.388815	0.614911
7025	1.405	-0.0868237	0.387856	0.60917
7030	1.406	-0.0868206	0.386888	0.603208
7035	1.407	-0.0868189	0.385911	0.597042
7040	1.408	-0.0868183	0.384927	0.59069
7045	1.409	-0.0868197	0.383935	0.58417
7050	1.41	-0.0868228	0.382935	0.577497
7055	1.411	-0.0868278	0.381925	0.570689
7060	1.412	-0.0868322	0.380903	0.563763
7065	1.413	-0.086836	0.379867	0.556735
7070	1.414	-0.0868396	0.378816	0.549621
7075	1.415	-0.086843	0.377747	0.542437
7080	1.416	-0.0868461	0.37666	0.535197
7085	1.417	-0.0868489	0.375553	0.527917
7090	1.418	-0.0868515	0.374424	0.520611
7095	1.419	-0.0868538	0.373274	0.513291
7100	1.42	-0.086856	0.372099	0.50597
7105	1.421	-0.0868582	0.370901	0.498659
7110	1.422	-0.0868601	0.369679	0.491369
7115	1.423	-0.0868623	0.368431	0.484109
7120	1.424	-0.086865	0.36716	0.476888
7125	1.425	-0.0868677	0.365867	0.469711
7130	1.426	-0.0868702	0.364551	0.462585
7135	1.427	-0.0868727	0.363212	0.455516
7140	1.428	-0.0868752	0.36185	0.448509
7145	1.429	-0.0868777	0.360464	0.441567
7150	1.43	-0.0868803	0.359053	0.434693
7155	1.431	-0.0868829	0.357615	0.42789
7160	1.432	-0.0868854	0.356151	0.421159
7165	1.433	-0.086888	0.354657	0.414502
7170	1.434	-0.0868906	0.353133	0.407918
7175	1.435	-0.0868931	0.351578	0.401407
7180	1.436	-0.0868956	0.34999	0.394968
7185	1.437	-0.0868981	0.348367	0.3886
7190	1.438	-0.0869101	0.346756	0.382272
7195	1.439	-0.0869137	0.345163	0.375981
7200	1.44	-0.0869164	0.343595	0.369725
7205	1.441	-0.0869192	0.342058	0.363502
7210	1.442	-0.0869219	0.340557	0.35731
7215	1.443	-0.0869243	0.339098	0.351146
7220	1.444	-0.0869265	0.337683	0.345009
7225	1.445	-0.0869264	0.336133	0.339024
7230	1.446	-0.0869262	0.334468	0.333181
7235	1.447	-0.0869266	0.332702	0.327472
7240	1.448	-0.086928	0.330848	0.321891
7245	1.449	-0.0869295	0.328916	0.316433
7250	1.45	-0.0869312	0.326919	0.311092
7255	1.451	-0.0869331	0.324866	0.305863
7260	1.452	-0.086935	0.322768	0.30074
7265	1.453	-0.086937	0.320632	0.295718
7270	1.454	-0.0869391	0.318469	0.29079
7275	1.455	-0.0869407	0.316334	0.285927
7280	1.456	-0.0869425	0.314231	0.281124
7285	1.457	-0.0869443	0.312161	0.276376
7290	1.458	-0.0869413	0.310081	0.271702
7295	1.459	-0.0869425	0.307993	0.267095
7300	1.46	-0.0869442	0.305901	0.262552
7305	1.461	-0.0869458	0.303804	0.258068
7310	1.462	-0.0869475	0.301704	0.253638
7315	1.463	-0.0869492	0.299602	0.249258
7320	1.464	-0.0869509	0.297496	0.244925
7325	1.465	-0.0869527	0.295385	0.240632
7330	1.466	-0.0869545	0.29327	0.236378
7335	1.467	-0.086956	0.291147	0.232158
7340	1.468	-0.0869576	0.289017	0.227969
7345	1.469	-0.086959	0.286877	0.223808
7350	1.47	-0.0869605	0.284725	0.219672
7355	1.471	-0.0869619	0.282559	0.215559
7360	1.472	-0.0869632	0.280378	0.211467
7365	1.473	-0.0869645	0.278178	0.207394
7370	1.474	-0.0869658	0.275959	0.203338
7375	1.475	-0.086967	0.273717	0.199298
7380	1.476	-0.0869534	0.271506	0.195432
7385	1.477	-0.0869659	0.269268	0.191588
7390	1.478	-0.0869697	0.267008	0.187762
7395	1.479	-0.0869711	0.264733	0.18395
7400	1.48	-0.0869728	0.262454	0.180148
7405	1.481	-0.0869744	0.260175	0.176353
7410	1.482	-0.0869759	0.257901	0.172563
7415	1.483	-0.0869772	0.255637	0.168776
7420	1.484	-0.0869785	0.253387	0.164992
7425	1.485	-0.0869791	0.251152	0.161211
7430	1.486	-0.0869813	0.248941	0.157429
7435	1.487	-0.0869819	0.246752	0.153646
7440	1.488	-0.0869827	0.244583	0.149861
7445	1.489	-0.0869836	0.242435	0.146075
7450	1.49	-0.0869845	0.240309	0.142288
7455	1.491	-0.0869856	0.238202	0.1385
7460	1.492	-0.0869866	0.236112	0.134711
7465	1.493	-0.0869879	0.234038	0.130922
7470	1.494	-0.0869894	0.231977	0.127134
7475	1.495	-0.0869914	0.229925	0.123346
7480	1.496	-0.0869941	0.22788	0.11956
7485	1.497	-0.0869979	0.225837	0.115777
7490	1.498	-0.0870027	0.223793	0.111999
7495	1.499	-0.0870087	0.221744	0.108226
7500	1.5	-0.0870157	0.219685	0.10446
7505	1.501	-0.0870238	0.217613	0.100703
7510	1.502	-0.0870326	0.215521	0.0969566
7515	1.503	-0.0870421	0.213406	0.0932228
7520	1.504	-0.0870522	0.211262	0.0895041
7525	1.505	-0.0870626	0.209086	0.0858029
7530	1.506	-0.0870732	0.206873	0.0821221
7535	1.507	-0.087084	0.204619	0.0784647
7540	1.508	-0.0870949	0.202318	0.0748342
7545	1.509	-0.0871058	0.199967	0.0712343
7550	1.51	-0.0871169	0.197561	0.0676689
7555	1.511	-0.0871283	0.195095	0.0641426
7560	1.512	-0.0871401	0.192566	0.0606603
7565	1.513	-0.0871523	0.189973	0.0572277
7570	1.514	-0.087165	0.187311	0.0538506
7575	1.515	-0.0871782	0.184581	0.0505353
7580	1.516	-0.0871919	0.18178	0.0472886
7585	1.517	-0.087206	0.178908	0.0441181
7590	1.518	-0.0872206	0.175966	0.0410316
7595	1.519	-0.0872355	0.172954	0.0380379
7600	1.52	-0.0872505	0.169877	0.0351463
7605	1.521	-0.0872657	0.166741	0.0323672
7610	1.522	-0.0875918	0.163558	0.0297025
7615	1.523	-0.0884552	0.160344	0.0271577
7620	1.524	-0.0899393	0.157115	0.0247436
7625	1.525	-0.0920114	0.153887	0.022475
7630	1.526	-0.094567	0.150677	0.0203695
7635	1.527	-0.0975489	0.147519	0.0184256
7640	1.528	-0.100757	0.144416	0.0166841
7645	1.529	-0.104058	0.14139	0.0151639
7650	1.53	-0.107368	0.138462	0.0138829
7655	1.531	-0.110652	0.135657	0.0128583
7660	1.532	-0.113914	0.132998	0.012106
7665	1.533	-0.117181	0.130508	0.0116407
7670	1.534	-0.120479	0.128211	0.0114772
7675	1.535	-0.123832	0.126129	0.0116303
7680	1.536	-0.127258	0.124283	0.0121156
7685	1.537	-0.130757	0.122694	0.0129505
7690	1.538	-0.134356	0.121381	0.014153
7695	1.539	-0.138092	0.120363	0.0157421
7700	1.54	-0.142002	0.119657	0.017739
7705	1.541	-0.146112	0.119277	0.0201664
7710	1.542	-0.15044	0.119236	0.0230483
7715	1.543	-0.15499	0.119538	0.0264057
7720	1.544	-0.159756	0.120187	0.0302587
7725	1.545	-0.164728	0.121182	0.0346251
7730	1.546	-0.1699	0.122521	0.0395192
7735	1.547	-0.175261	0.124197	0.0449508
7740	1.548	-0.180789	0.126204	0.0509251
7745	1.549	-0.186459	0.128528	0.0574423
7750	1.55	-0.192249	0.131156	0.064497
7755	1.551	-0.19814	0.13407	0.0720779
7760	1.552	-0.204124	0.137252	0.0801687
7765	1.553	-0.210194	0.140681	0.0887479
7770	1.554	-0.216346	0.144334	0.0977897
7775	1.555	-0.222576	0.148189	0.107265
7780	1.556	-0.228874	0.152219	0.117141
7785	1.557	-0.235236	0.156401	0.127383
7790	1.558	-0.241658	0.16071	0.137954
7795	1.559	-0.248136	0.16512	0.148815
7800	1.56	-0.254664	0.169607	0.159928
7805	1.561	-0.261234	0.174147	0.171253
7810	1.562	-0.267845	0.178719	0.18275
7815	1.563	-0.274488	0.183302	0.194381
7820	1.564	-0.281154	0.187875	0.206108
7825	1.565	-0.287832	0.192421	0.217895
7830	1.566	-0.294514	0.196923	0.229707
7835	1.567	-0.301193	0.201368	0.241511
7840	1.568	-0.307875	0.205584	0.253117
7845	1.569	-0.314536	0.209643	0.264567
7850	1.57	-0.321166	0.213564	0.275867
7855	1.571	-0.327755	0.217345	0.286997
7860	1.572	-0.334262	0.221008	0.297991
7865	1.573	-0.340655	0.224567	0.308877
7870	1.574	-0.346929	0.228032	0.31967
7875	1.575	-0.353087	0.231407	0.33038
7880	1.576	-0.349449	0.234537	0.341452
7885	1.577	-0.349076	0.23762	0.352308
7890	1.578	-0.349197	0.240628	0.363077
7895	1.579	-0.349242	0.243556	0.373788
7900	1.58	-0.349262	0.246412	0.384443
7905	1.581	-0.349278	0.249202	0.395044
7910	1.582	-0.349292	0.251933	0.405594
7915	1.583	-0.349304	0.254609	0.416096
7920	1.584	-0.349314	0.257236	0.426553
7925	1.585	-0.349323	0.259819	0.436967
7930	1.586	-0.34933	0.262364	0.447341
7935	1.587	-0.349337	0.264875	0.457678
7940	1.588	-0.349342	0.267357	0.467978
7945	1.589	-0.349345	0.269814	0.478245
7950	1.59	-0.349348	0.272252	0.48848
7955	1.591	-0.349349	0.274676	0.498686
7960	1.592	-0.34935	0.27709	0.508863
7965	1.593	-0.349349	0.279498	0.519013
7970	1.594	-0.349348	0.281905	0.529139
7975	1.595	-0.349347	0.284315	0.539241
7980	1.596	-0.349344	0.286731	0.549321
7985	1.597	-0.349342	0.289157	0.55938
7990	1.598	-0.34934	0.291594	0.569418
7995	1.599	-0.349338	0.294046	0.579438
8000	1.6	-0.349335	0.296514	0.58944
8005	1.601	-0.349332	0.298999	0.599424
8010	1.602	-0.349329	0.301504	0.609391
8015	1.603	-0.349326	0.304028	0.619343
8020	1.604	-0.349323	0.306572	0.629279
8025	1.605	-0.34932	0.309136	0.639201
8030	1.606	-0.349316	0.311721	0.649108
8035	1.607	-0.349313	0.314324	0.659001
8040	1.608	-0.34931	0.316947	0.668881
8045	1.609	-0.349306	0.319587	0.678748
8050	1.61	-0.349303	0.322244	0.688603
8055	1.611	-0.349299	0.324917	0.698445
8060	1.612	-0.349296	0.327603	0.708275
8065	1.613	-0.349293	0.330301	0.718094
8070	1.614	-0.349289	0.33301	0.727902
8075	1.615	-0.349286	0.335728	0.737698
8080	1.616	-0.349282	0.338453	0.747483
8085	1.617	-0.349279	0.341183	0.757258
8090	1.618	-0.349276	0.343916	0.767023
8095	1.619	-0.349273	0.346652	0.776777
8100	1.62	-0.34927	0.349387	0.786522
8105	1.621	-0.349266	0.35212	0.796257
8110	1.622	-0.349263	0.354849	0.805983
8115	1.623	-0.349261	0.357572	0.8157
8120	1.624	-0.349258	0.360289	0.825407
8125	1.625	-0.349255	0.362997	0.835106
8130	1.626	-0.349252	0.365695	0.844797
8135	1.627	-0.349249	0.368381	0.85448
8140	1.628	-0.349247	0.371054	0.864154
8145	1.629	-0.349244	0.373712	0.873821
8150	1.63	-0.349241	0.376355	0.88348
8155	1.631	-0.349239	0.378981	0.893132
8160	1.632	-0.349236	0.38159	0.902777
8165	1.633	-0.349234	0.38418	0.912415
8170	1.634	-0.349232	0.38675	0.922046
8175	1.635	-0.349229	0.389299	0.931672
8180	1.636	-0.349227	0.391827	0.941291
8185	1.637	-0.349225	0.394332	0.950905
8190	1.638	-0.349223	0.396815	0.960513
8195	1.639	-0.349221	0.399275	0.970116
8200	1.64	-0.349219	0.40171	0.979714
8205	1.641	-0.348635	0.401469	0.989025
8210	1.642	-0.351836	0.401284	0.998153
8215	1.643	-0.349381	0.400999	1.00755
8220	1.644	-0.349138	0.400787	1.01683
8225	1.645	-0.349203	0.40064	1.0261
8230	1.646	-0.349215	0.400574	1.03537
8235	1.647	-0.349215	0.400608	1.04464
8240	1.648	-0.349215	0.400761	1.0539
8245	1.649	-0.349783	0.400701	1.05935
8250	1.65	-0.34989	0.400393	1.06067
8255	1.651	-0.349777	0.399921	1.05852
8260	1.652	-0.349558	0.39942	1.05422
8265	1.653	-0.349308	0.399044	1.04929
8270	1.654	-0.349201	0.398861	1.04438
8275	1.655	-0.349203	0.398871	1.03948
8280	1.656	-0.349204	0.399067	1.0346
8285	1.657	-0.349202	0.399442	1.02975
8290	1.658	-0.3492	0.399988	1.02492
8295	1.659	-0.349199	0.400697	1.02012
8300	1.66	-0.349197	0.401555	1.01535
8305	1.661	-0.349126	0.401444	1.01049
8310	1.662	-0.349182	0.401427	1.00564
8315	1.663	-0.349184	0.401428	1.00082
8320	1.664	-0.349182	0.401428	0.996013
8325	1.665	-0.349182	0.401428	0.99122
8330	1.666	-0.349182	0.401428	0.986441
8335	1.667	-0.349182	0.401428	0.981678
8340	1.668	-0.349182	0.401428	0.976928
8345	1.669	-0.349176	0.40143	0.972179
8350	1.67	-0.349174	0.40143	0.96743
8355	1.671	-0.349176	0.401429	0.962688
8360	1.672	-0.349178	0.401428	0.957961
8365	1.673	-0.349179	0.401428	0.953255
8370	1.674	-0.349179	0.401427	0.94857
8375	1.675	-0.349178	0.401427	0.943906
8380	1.676	-0.349178	0.401427	0.939265
8385	1.677	-0.349178	0.401427	0.934646
8390	1.678	-0.349175	0.401428	0.930044
8395	1.679	-0.349173	0.401428	0.925457
8400	1.68	-0.349173	0.401428	0.920886
8405	1.681	-0.349173	0.401428	0.916334
8410	1.682	-0.349173	0.401428	0.911803
8415	1.683	-0.349172	0.401427	0.907294
8420	1.684	-0.349172	0.401427	0.902806
8425	1.685	-0.349171	0.401427	0.898339
8430	1.686	-0.34917	0.401428	0.893893
8435	1.687	-0.349169	0.401428	0.889468
8440	1.688	-0.349168	0.401428	0.885062
8445	1.689	-0.349168	0.401427	0.880677
8450	1.69	-0.349167	0.401427	0.876312
8455	1.691	-0.349167	0.401427	0.871967
8460	1.692	-0.349166	0.401427	0.867643
8465	1.693	-0.349165	0.401427	0.863339
8470	1.694	-0.349164	0.401427	0.859055
8475	1.695	-0.349164	0.401427	0.85479
8480	1.696	-0.349163	0.401427	0.850544
8485	1.697	-0.349162	0.401427	0.846317
8490	1.698	-0.349162	0.401427	0.842109
8495	1.699	-0.349161	0.401427	0.837919
8500	1.7	-0.34916	0.401427	0.833746
8505	1.701	-0.349159	0.401427	0.829591
8510	1.702	-0.349159	0.401427	0.825453
8515	1.703	-0.349158	0.401427	0.821331
8520	1.704	-0.349157	0.401427	0.817225
8525	1.705	-0.349156	0.401427	0.813135
8530	1.706	-0.349156	0.401427	0.80906
8535	1.707	-0.349155	0.401427	0.804999
8540	1.708	-0.349154	0.401427	0.800952
8545	1.709	-0.349153	0.401427	0.796919
8550	1.71	-0.349152	0.401427	0.792898
8555	1.711	-0.349152	0.401427	0.78889
8560	1.712	-0.349151	0.401427	0.784893
8565	1.713	-0.349149	0.401427	0.780908
8570	1.714	-0.349148	0.401427	0.776933
8575	1.715	-0.349147	0.401427	0.772968
8580	1.716	-0.349146	0.401427	0.769012
8585	1.717	-0.349144	0.401427	0.765065
8590	1.718	-0.349143	0.401427	0.761126
8595	1.719	-0.349141	0.401427	0.757195
8600	1.72	-0.349139	0.401427	0.75327
8605	1.721	-0.349138	0.401427	0.749352
8610	1.722	-0.349136	0.401427	0.745439
8615	1.723	-0.349134	0.401427	0.741531
8620	1.724	-0.349132	0.401427	0.737628
8625	1.725	-0.349129	0.401427	0.733728
8630	1.726	-0.349127	0.401427	0.729831
8635	1.727	-0.349125	0.401427	0.725937
8640	1.728	-0.349122	0.401427	0.722044
8645	1.729	-0.34912	0.401427	0.718153
8650	1.73	-0.349117	0.401427	0.714262
8655	1.731	-0.349114	0.401427	0.710371
8660	1.732	-0.349111	0.401427	0.706479
8665	1.733	-0.349108	0.401427	0.702586
8670	1.734	-0.349105	0.401427	0.69869
8675	1.735	-0.349101	0.401427	0.694793
8680	1.736	-0.349098	0.401427	0.690892
8685	1.737	-0.349094	0.401427	0.686987
8690	1.738	-0.349089	0.401427	0.683077
8695	1.739	-0.349084	0.401427	0.679163
8700	1.74	-0.349078	0.401427	0.675243
8705	1.741	-0.349072	0.401427	0.671316
8710	1.742	-0.349011	0.401427	0.667386
8715	1.743	-0.348682	0.401427	0.663461
8720	1.744	-0.347914	0.401427	0.65955
8725	1.745	-0.346585	0.401427	0.655659
8730	1.746	-0.344614	0.401427	0.65179
8735	1.747	-0.341937	0.401426	0.647945
8740	1.748	-0.338482	0.401426	0.644128
8745	1.749	-0.334158	0.401426	0.640341
8750	1.75	-0.328832	0.401418	0.636587
8755	1.751	-0.322343	0.401388	0.632868
8760	1.752	-0.314533	0.40132	0.629186
8765	1.753	-0.305276	0.401197	0.625538
8770	1.754	-0.294505	0.401005	0.62192
8775	1.755	-0.282231	0.400727	0.618322
8780	1.756	-0.268539	0.400351	0.614732
8785	1.757	-0.253554	0.399864	0.611135
8790	1.758	-0.237428	0.399256	0.607513
8795	1.759	-0.220468	0.398518	0.603847
8800	1.76	-0.20295	0.397643	0.600114
8805	1.761	-0.18509	0.396623	0.596301
8810	1.762	-0.167029	0.395453	0.592393
8815	1.763	-0.14885	0.394126	0.588382
8820	1.764	-0.13059	0.392638	0.584264
8825	1.765	-0.11227	0.390985	0.580036
8830	1.766	-0.0939098	0.389167	0.575697
8835	1.767	-0.075546	0.387188	0.571247
8840	1.768	-0.0860159	0.385683	0.56594
8845	1.769	-0.0872063	0.383878	0.560843
8850	1.77	-0.0868285	0.381917	0.555745
8855	1.771	-0.0866745	0.37984	0.550595
8860	1.772	-0.0866095	0.377651	0.545393
8865	1.773	-0.0865521	0.375359	0.540139
8870	1.774	-0.0865001	0.372978	0.534835
8875	1.775	-0.0864554	0.370521	0.529484
8880	1.776	-0.0864157	0.368001	0.524092
8885	1.777	-0.0863801	0.365432	0.518662
8890	1.778	-0.0863486	0.362831	0.513203
8895	1.779	-0.08632	0.360216	0.507719
8900	1.78	-0.0862983	0.357602	0.502215
8905	1.781	-0.0862807	0.355006	0.496696
8910	1.782	-0.0862666	0.352441	0.491167
8915	1.783	-0.0862559	0.349921	0.485632
8920	1.784	-0.0862483	0.347459	0.480094
8925	1.785	-0.0862435	0.345067	0.474558
8930	1.786	-0.0862412	0.342754	0.469026
8935	1.787	-0.086241	0.340529	0.463502
8940	1.788	-0.0862415	0.3384	0.457986
8945	1.789	-0.0862434	0.336376	0.452483
8950	1.79	-0.0862463	0.334466	0.446993
8955	1.791	-0.0862503	0.332676	0.441518
8960	1.792	-0.0862551	0.331012	0.436061
8965	1.793	-0.0862608	0.329481	0.430621
8970	1.794	-0.0862671	0.328086	0.4252
8975	1.795	-0.0862741	0.326833	0.419797
8980	1.796	-0.0862818	0.325724	0.414414
8985	1.797	-0.0862901	0.324761	0.409049
8990	1.798	-0.0862989	0.323946	0.403703
8995	1.799	-0.0863081	0.32328	0.398373
9000	1.8	-0.0863178	0.32276	0.39306
9005	1.801	-0.0863279	0.322385	0.387762
9010	1.802	-0.0863384	0.322152	0.382476
9015	1.803	-0.0863492	0.322055	0.377201
9020	1.804	-0.0863601	0.322089	0.371935
9025	1.805	-0.0863714	0.322249	0.366676
9030	1.806	-0.0863832	0.322528	0.361425
9035	1.807	-0.0863949	0.32291	0.356186
9040	1.808	-0.0864066	0.323378	0.350964
9045	1.809	-0.0864183	0.323916	0.345761
9050	1.81	-0.0864302	0.324504	0.340584
9055	1.811	-0.086442	0.325127	0.335434
9060	1.812	-0.0864538	0.325764	0.330318
9065	1.813	-0.0864656	0.326396	0.325236
9070	1.814	-0.0864774	0.327004	0.320193
9075	1.815	-0.0864891	0.327569	0.31519
9080	1.816	-0.0865007	0.328073	0.31023
9085	1.817	-0.0865122	0.328498	0.305312
9090	1.818	-0.0865237	0.328827	0.30044
9095	1.819	-0.086535	0.329046	0.295613
9100	1.82	-0.0865462	0.32914	0.290833
9105	1.821	-0.0865573	0.329097	0.2861
9110	1.822	-0.0865682	0.328906	0.281414
9115	1.823	-0.0865789	0.328557	0.276774
9120	1.824	-0.0865896	0.32804	0.272181
9125	1.825	-0.0866	0.327348	0.267632
9130	1.826	-0.0866103	0.326475	0.263126
9135	1.827	-0.0866205	0.325414	0.25866
9140	1.828	-0.0866305	0.324163	0.254232
9145	1.829	-0.0866403	0.322716	0.24984
9150	1.83	-0.0866491	0.321085	0.245491
9155	1.831	-0.0866594	0.319255	0.241168
9160	1.832	-0.0866687	0.317227	0.236871
9165	1.833	-0.0866777	0.315003	0.232595
9170	1.834	-0.0866866	0.312584	0.228338
9175	1.835	-0.0866953	0.309975	0.224095
9180	1.836	-0.0867025	0.307109	0.219816
9185	1.837	-0.086712	0.304006	0.215504
9190	1.838	-0.0867208	0.300684	0.211163
9195	1.839	-0.0867298	0.297176	0.206803
9200	1.84	-0.0867385	0.293518	0.202439
9205	1.841	-0.0867424	0.289822	0.198156
9210	1.842	-0.0867554	0.286013	0.193877
9215	1.843	-0.0867646	0.282123	0.189609
9220	1.844	-0.0867706	0.278206	0.18539
9225	1.845	-0.0867795	0.274271	0.181212
9230	1.846	-0.0867873	0.270344	0.177083
9235	1.847	-0.0867947	0.266447	0.173008
9240	1.848	-0.0868019	0.262598	0.168994
9245	1.849	-0.0868088	0.258819	0.165045
9250	1.85	-0.0867893	0.255197	0.161383
9255	1.851	-0.0867957	0.251719	0.15797
9260	1.852	-0.0868257	0.248415	0.154637
9265	1.853	-0.0868364	0.245287	0.151361
9270	1.854	-0.0868439	0.24239	0.14814
9275	1.855	-0.086851	0.239752	0.144966
9280	1.856	-0.0868559	0.237369	0.141838
9285	1.857	-0.0868638	0.235283	0.138745
9290	1.858	-0.0868683	0.233483	0.135682
9295	1.859	-0.0868736	0.231986	0.132643
9300	1.86	-0.0868787	0.230795	0.129617
9305	1.861	-0.0868832	0.229911	0.126598
9310	1.862	-0.0868868	0.229329	0.123577
9315	1.863	-0.0868905	0.229039	0.120547
9320	1.864	-0.0868941	0.22903	0.117499
9325	1.865	-0.0868973	0.229288	0.114426
9330	1.866	-0.0868935	0.229829	0.111378
9335	1.867	-0.0868996	0.230596	0.108304
9340	1.868	-0.0869017	0.231594	0.105212
9345	1.869	-0.0869092	0.232797	0.102055
9350	1.87	-0.0869129	0.23418	0.0988173
9355	1.871	-0.0869152	0.235717	0.0954917
9360	1.872	-0.0869175	0.237382	0.0920702
9365	1.873	-0.0869196	0.239144	0.0885457
9370	1.874	-0.0869219	0.240979	0.0849155
9375	1.875	-0.0869244	0.24287	0.0811833
9380	1.876	-0.0869269	0.244796	0.0773535
9385	1.877	-0.0869293	0.246741	0.0734312
9390	1.878	-0.0869316	0.248684	0.0694223
9395	1.879	-0.0869338	0.250606	0.0653331
9400	1.88	-0.0869359	0.252488	0.0611704
9405	1.881	-0.086938	0.254312	0.0569411
9410	1.882	-0.0869401	0.25606	0.0526524
9415	1.883	-0.0869422	0.257714	0.0483112
9420	1.884	-0.0869442	0.259259	0.0439249
9425	1.885	-0.0869315	0.260551	0.0395316
9430	1.886	-0.0869331	0.261686	0.0351781
9435	1.887	-0.0869422	0.262685	0.0308323
9440	1.888	-0.0869511	0.263564	0.0264658
9445	1.889	-0.0869569	0.264335	0.0220739
9450	1.89	-0.08696	0.265007	0.0176601
9455	1.891	-0.0869629	0.265589	0.0132278
9460	1.892	-0.0869657	0.266088	0.00878083
9465	1.893	-0.0869659	0.266506	0.00433881
9470	1.894	-0.086968	0.26685	-9.36238e-005
9475	1.895	-0.0868954	0.267668	-0.00262264
9480	1.896	-0.0868873	0.269048	-0.00298525
9485	1.897	-0.0869244	0.270771	-0.00195013
9490	1.898	-0.0869693	0.272538	-0.000562408
9495	1.899	-0.0869881	0.274222	0.000722354
9500	1.9	-0.0869915	0.275813	0.00185581
9505	1.901	-0.0869937	0.277303	0.00279598
9510	1.902	-0.0869962	0.278685	0.00350743
9515	1.903	-0.0869987	0.279954	0.00396077
9520	1.904	-0.0870013	0.281107	0.00413242
9525	1.905	-0.0870039	0.282141	0.00400433
9530	1.906	-0.0870063	0.283055	0.00356351
9535	1.907	-0.0870087	0.283848	0.00280168
9540	1.908	-0.0870113	0.284521	0.00171477
9545	1.909	-0.0870133	0.285075	0.000302647
9550	1.91	-0.087015	0.285512	-0.0014313
9555	1.911	-0.0869582	0.286254	-0.00201997
9560	1.912	-0.086969	0.287237	-0.00169488
9565	1.913	-0.086995	0.28831	-0.00097858
9570	1.914	-0.0870158	0.289336	-0.000343656
9575	1.915	-0.0870258	0.290248	-3.11517e-005
9580	1.916	-0.0870263	0.291045	-4.42574e-005
9585	1.917	-0.0870213	0.291766	-0.000245703
9590	1.918	-0.0870175	0.292467	-0.000479707
9595	1.919	-0.0870152	0.293179	-0.000637314
9600	1.92	-0.0870155	0.293909	-0.000685597
9605	1.921	-0.0870182	0.294645	-0.00065166
9610	1.922	-0.0870217	0.295368	-0.000586269
9615	1.923	-0.0870246	0.296062	-0.000532402
9620	1.924	-0.0870264	0.296714	-0.000510117
9625	1.925	-0.0870273	0.297318	-0.000517377
9630	1.926	-0.0870277	0.297872	-0.000539912
9635	1.927	-0.0868929	0.294167	-0.000213022
9640	1.928	-0.0870185	0.290327	-0.000179204
9645	1.929	-0.0870328	0.286401	-0.000322114
9650	1.93	-0.0870295	0.282452	-0.000509489
9655	1.931	-0.0870288	0.278528	-0.000644457
9660	1.932	-0.0870313	0.274658	-0.000692042
9665	1.933	-0.0870356	0.270849	-0.000669606
9670	1.934	-0.0870403	0.267108	-0.000613455
9675	1.935	-0.0870452	0.263454	-0.000553986
9680	1.936	-0.0870409	0.259874	-0.00048105
9685	1.937	-0.0870511	0.256416	-0.000450099
9690	1.938	-0.0870546	0.253101	-0.000455294
9695	1.939	-0.0870557	0.24995	-0.000475074
9700	1.94	-0.0870567	0.246979	-0.000491105
9705	1.941	-0.0870579	0.244198	-0.000494704
9710	1.942	-0.0870531	0.241557	-0.000470431
9715	1.943	-0.0870503	0.23907	-0.000420653
9720	1.944	-0.0870614	0.23677	-0.000404655
9725	1.945	-0.0870614	0.234643	-0.000410439
9730	1.946	-0.0870639	0.232716	-0.00043091
9735	1.947	-0.0870618	0.230973	-0.000443548
9740	1.948	-0.0870614	0.229414	-0.000442536
9745	1.949	-0.0870658	0.22805	-0.000445611
9750	1.95	-0.0870639	0.226859	-0.000442976
9755	1.951	-0.0870628	0.225831	-0.000435007
9760	1.952	-0.0870671	0.224974	-0.000440584
9765	1.953	-0.0870645	0.224262	-0.000445918
9770	1.954	-0.0869736	0.220751	-0.000255541
9775	1.955	-0.0870596	0.217335	-0.000245247
9780	1.956	-0.08707	0.214055	-0.000334272
9785	1.957	-0.0870656	0.210943	-0.000429724
9790	1.958	-0.0870679	0.208035	-0.000490431
9795	1.959	-0.0870713	0.205353	-0.000503678
9800	1.96	-0.0870745	0.202902	-0.000480453
9805	1.961	-0.0870777	0.200682	-0.00044328
9810	1.962	-0.08708	0.198688	-0.00041057
9815	1.963	-0.0870815	0.196914	-0.000392008
9820	1.964	-0.0870825	0.195357	-0.000388508
9825	1.965	-0.0870829	0.194014	-0.000395027
9830	1.966	-0.0870837	0.192878	-0.000405025
9835	1.967	-0.0870166	0.189728	-0.000281205
9840	1.968	-0.0870823	0.186742	-0.000277421
9845	1.969	-0.0870921	0.183947	-0.000337233
9850	1.97	-0.0870931	0.181371	-0.000405666
9855	1.971	-0.0870965	0.179031	-0.000446983
9860	1.972	-0.0870989	0.176924	-0.000443276
9865	1.973	-0.0871062	0.175052	-0.000418723
9870	1.974	-0.0870853	0.172529	-0.000341355
9875	1.975	-0.0871113	0.170042	-0.000308464
9880	1.976	-0.0871173	0.167526	-0.000306871
9885	1.977	-0.0871221	0.164981	-0.000320954
9890	1.978	-0.0871287	0.162417	-0.000335186
9895	1.979	-0.0871365	0.159845	-0.000340115
9900	1.98	-0.0871451	0.157268	-0.000333824
9905	1.981	-0.0871547	0.154693	-0.000319627
9910	1.982	-0.087165	0.152122	-0.000302477
9915	1.983	-0.087176	0.149559	-0.000286172
9920	1.984	-0.0871875	0.147012	-0.000272202
9925	1.985	-0.0871996	0.144487	-0.000260069
9930	1.986	-0.0872122	0.141992	-0.000248257
9935	1.987	-0.0872253	0.139537	-0.000235275
9940	1.988	-0.0872389	0.137126	-0.000220875
9945	1.989	-0.0872528	0.134771	-0.000203919
9950	1.99	-0.0872771	0.132481	-0.000184644
9955	1.991	-0.0876088	0.130277	-0.000168416
9960	1.992	-0.0884564	0.128176	-0.000154993
9965	1.993	-0.0898935	0.126197	-0.000140174
9970	1.994	-0.0918893	0.124354	-0.000119911
9975	1.995	-0.0943509	0.122662	-9.28515e-005
9980	1.996	-0.0971636	0.121132	-6.05469e-005
9985	1.997	-0.100234	0.119773	-2.65685e-005
9990	1.998	-0.103064	0.118267	0.000135995
9995	1.999	-0.105459	0.116423	0.000483071
10000	2	-0.107806	0.114455	0.000959631
10005	2.001	-0.110517	0.112627	0.00149911
10010	2.002	-0.113673	0.110998	0.00209561
10015	2.003	-0.117181	0.109571	0.00276636
10020	2.004	-0.120916	0.108354	0.00353039
10025	2.005	-0.124759	0.107359	0.00440907
10030	2.006	-0.128808	0.106755	0.00538646
10035	2.007	-0.132949	0.106771	0.00655113
10040	2.008	-0.135302	0.105146	0.00820898
10045	2.009	-0.137873	0.103931	0.0101356
10050	2.01	-0.140639	0.102601	0.0123404
10055	2.011	-0.143955	0.101504	0.0148164
10060	2.012	-0.147977	0.100758	0.0175548
10065	2.013	-0.152693	0.100425	0.0205744
10070	2.014	-0.157899	0.100736	0.0239687
10075	2.015	-0.162361	0.100281	0.027925
10080	2.016	-0.166832	0.0998474	0.0323577
10085	2.017	-0.171483	0.0994659	0.0372589
10090	2.018	-0.176536	0.0993221	0.04261
10095	2.019	-0.182067	0.0996499	0.0484401
10100	2.02	-0.18793	0.100493	0.0547878
10105	2.021	-0.193586	0.101306	0.0617315
10110	2.022	-0.199406	0.102552	0.0692092
10115	2.023	-0.205357	0.104021	0.077196
10120	2.024	-0.211472	0.105708	0.085659
10125	2.025	-0.21776	0.107635	0.0945696
10130	2.026	-0.224181	0.109858	0.103924
10135	2.027	-0.230543	0.11227	0.113738
10140	2.028	-0.236792	0.114807	0.123996
10145	2.029	-0.243017	0.11748	0.134647
10150	2.03	-0.249324	0.120318	0.145631
10155	2.031	-0.255777	0.123337	0.156892
10160	2.032	-0.262401	0.126518	0.168388
10165	2.033	-0.269133	0.129858	0.180093
10170	2.034	-0.275905	0.133344	0.191983
10175	2.035	-0.282527	0.136734	0.204056
10180	2.036	-0.289152	0.140232	0.216247
10185	2.037	-0.295777	0.143811	0.228522
10190	2.038	-0.302355	0.147307	0.240844
10195	2.039	-0.30898	0.150809	0.253163
10200	2.04	-0.315612	0.154296	0.265461
10205	2.041	-0.322182	0.157757	0.277742
10210	2.042	-0.32865	0.161186	0.290007
10215	2.043	-0.335005	0.164575	0.302255
10220	2.044	-0.341247	0.167918	0.314486
10225	2.045	-0.34738	0.171205	0.326699
10230	2.046	-0.353421	0.17443	0.338893
10235	2.047	-0.349458	0.17742	0.351515
10240	2.048	-0.349068	0.180378	0.363963
10245	2.049	-0.349197	0.183263	0.376374
10250	2.05	-0.349242	0.186063	0.388776
10255	2.051	-0.34926	0.18878	0.401166
10260	2.052	-0.349276	0.191415	0.413546
10265	2.053	-0.34929	0.193969	0.425916
10270	2.054	-0.349301	0.196443	0.438277
10275	2.055	-0.349311	0.19884	0.450632
10280	2.056	-0.34932	0.201161	0.462981
10285	2.057	-0.349327	0.203409	0.475328
10290	2.058	-0.349334	0.205585	0.487672
10295	2.059	-0.349339	0.207691	0.50001
10300	2.06	-0.349342	0.209729	0.51235
10305	2.061	-0.349344	0.211699	0.524688
10310	2.062	-0.349346	0.213601	0.537028
10315	2.063	-0.349346	0.215438	0.54937
10320	2.064	-0.349346	0.217213	0.561718
10325	2.065	-0.349345	0.21893	0.57407
10330	2.066	-0.349344	0.220593	0.586432
10335	2.067	-0.349342	0.222207	0.598801
10340	2.068	-0.34934	0.223778	0.611183
10345	2.069	-0.349338	0.225314	0.623581
10350	2.07	-0.349336	0.226826	0.635997
10355	2.071	-0.349334	0.22832	0.648435
10360	2.072	-0.349332	0.229805	0.660896
10365	2.073	-0.349329	0.231287	0.673381
10370	2.074	-0.349327	0.232772	0.685891
10375	2.075	-0.349324	0.234265	0.698428
10380	2.076	-0.349322	0.235763	0.710981
10385	2.077	-0.349319	0.237266	0.723554
10390	2.078	-0.349316	0.23878	0.736148
10395	2.079	-0.349313	0.240308	0.748765
10400	2.08	-0.34931	0.241853	0.761406
10405	2.081	-0.349307	0.243419	0.77407
10410	2.082	-0.349304	0.245008	0.786759
10415	2.083	-0.349301	0.246621	0.799472
10420	2.084	-0.349298	0.24826	0.812208
10425	2.085	-0.349295	0.249914	0.824963
10430	2.086	-0.349295	0.251515	0.837668
10435	2.087	-0.349291	0.25308	0.850344
10440	2.088	-0.349287	0.254621	0.863004
10445	2.089	-0.349284	0.256178	0.875664
10450	2.09	-0.349281	0.257779	0.888337
10455	2.091	-0.349278	0.259449	0.901033
10460	2.092	-0.349276	0.261211	0.913761
10465	2.093	-0.349273	0.263081	0.926526
10470	2.094	-0.34927	0.265069	0.939333
10475	2.095	-0.349267	0.26718	0.952182
10480	2.096	-0.349264	0.269363	0.965061
10485	2.097	-0.349267	0.271483	0.977835
10490	2.098	-0.34926	0.273572	0.99057
10495	2.099	-0.349257	0.275672	1.00328
10500	2.1	-0.349255	0.277824	1.01598
10505	2.101	-0.349252	0.28006	1.0287
10510	2.102	-0.34925	0.2824	1.04143
10515	2.103	-0.349246	0.284839	1.0542
10520	2.104	-0.349947	0.286842	1.06229
10525	2.105	-0.350129	0.288292	1.06498
10530	2.106	-0.350023	0.289261	1.06292
10535	2.107	-0.349761	0.289918	1.05769
10540	2.108	-0.349439	0.290472	1.05126
10545	2.109	-0.349234	0.291062	1.04488
10550	2.11	-0.349233	0.291689	1.03853
10555	2.111	-0.349237	0.292347	1.03223
10560	2.112	-0.349235	0.293036	1.02598
10565	2.113	-0.349233	0.293756	1.01977
10570	2.114	-0.349231	0.294509	1.01362
10575	2.115	-0.349229	0.295295	1.00751
10580	2.116	-0.349228	0.296115	1.00145
10585	2.117	-0.349227	0.296969	0.995434
10590	2.118	-0.349226	0.297858	0.989468
10595	2.119	-0.349225	0.298781	0.983546
10600	2.12	-0.349223	0.299738	0.97767
10605	2.121	-0.349222	0.300729	0.971836
10610	2.122	-0.349221	0.301754	0.966045
10615	2.123	-0.34922	0.302812	0.960296
10620	2.124	-0.349219	0.303903	0.954585
10625	2.125	-0.349218	0.305028	0.948913
10630	2.126	-0.349217	0.306185	0.943278
10635	2.127	-0.349217	0.307352	0.937649
10640	2.128	-0.349216	0.308529	0.932024
10645	2.129	-0.349214	0.309724	0.92641
10650	2.13	-0.349213	0.310944	0.920816
10655	2.131	-0.349212	0.312229	0.91525
10660	2.132	-0.349211	0.313632	0.909728
10665	2.133	-0.34921	0.315152	0.904249
10670	2.134	-0.349208	0.316746	0.898817
10675	2.135	-0.349215	0.318253	0.893266
10680	2.136	-0.349207	0.319743	0.887719
10685	2.137	-0.349203	0.321215	0.882199
10690	2.138	-0.349202	0.32267	0.876708
10695	2.139	-0.349201	0.324125	0.871246
10700	2.14	-0.349201	0.325605	0.865814
10705	2.141	-0.3492	0.327121	0.860414
10710	2.142	-0.349198	0.32866	0.855049
10715	2.143	-0.349199	0.330209	0.849691
10720	2.144	-0.349198	0.331813	0.844356
10725	2.145	-0.349196	0.333467	0.839049
10730	2.146	-0.349202	0.335023	0.833631
10735	2.147	-0.349194	0.336535	0.828206
10740	2.148	-0.349191	0.337998	0.822793
10745	2.149	-0.34919	0.339424	0.817399
10750	2.15	-0.349189	0.340837	0.812027
10755	2.151	-0.349188	0.342256	0.806682
10760	2.152	-0.349186	0.343677	0.801369
10765	2.153	-0.349186	0.34511	0.796076
10770	2.154	-0.349185	0.346584	0.790815
10775	2.155	-0.34919	0.347933	0.785455
10780	2.156	-0.349182	0.34922	0.780097
10785	2.157	-0.34918	0.350455	0.774761
10790	2.158	-0.349179	0.351656	0.769453
10795	2.159	-0.349178	0.352852	0.764176
10800	2.16	-0.349178	0.354075	0.758935
10805	2.161	-0.349176	0.35533	0.753736
10810	2.162	-0.349179	0.356501	0.748485
10815	2.163	-0.349174	0.357667	0.743268
10820	2.164	-0.349172	0.358839	0.738086
10825	2.165	-0.349171	0.360032	0.732945
10830	2.166	-0.349171	0.361265	0.727847
10835	2.167	-0.34917	0.362551	0.722794
10840	2.168	-0.349168	0.363882	0.717792
10845	2.169	-0.349167	0.365247	0.712829
10850	2.17	-0.349167	0.366675	0.707912
10855	2.171	-0.349165	0.368156	0.703045
10860	2.172	-0.349168	0.369501	0.698107
10865	2.173	-0.349162	0.370805	0.693196
10870	2.174	-0.349159	0.372082	0.688328
10875	2.175	-0.349158	0.373334	0.683506
10880	2.176	-0.349156	0.374564	0.678731
10885	2.177	-0.349155	0.375777	0.674005
10890	2.178	-0.349155	0.377053	0.669329
10895	2.179	-0.349155	0.37843	0.664703
10900	2.18	-0.349153	0.379902	0.660132
10905	2.181	-0.349152	0.381448	0.6556
10910	2.182	-0.34915	0.383071	0.651115
10915	2.183	-0.349151	0.384601	0.646576
10920	2.184	-0.349145	0.386108	0.642059
10925	2.185	-0.349142	0.387605	0.637577
10930	2.186	-0.349139	0.389092	0.633128
10935	2.187	-0.349137	0.390569	0.628711
10940	2.188	-0.349136	0.392073	0.624325
10945	2.189	-0.349134	0.393636	0.619967
10950	2.19	-0.349133	0.395277	0.615635
10955	2.191	-0.349131	0.397007	0.611325
10960	2.192	-0.349128	0.398824	0.607031
10965	2.193	-0.349125	0.400716	0.60275
10970	2.194	-0.349122	0.402665	0.598476
10975	2.195	-0.345543	0.401479	0.593558
10980	2.196	-0.344069	0.400301	0.588515
10985	2.197	-0.344575	0.399191	0.583395
10990	2.198	-0.346467	0.398141	0.578224
10995	2.199	-0.349004	0.397151	0.573041
11000	2.2	-0.351601	0.39626	0.567886
11005	2.201	-0.349241	0.395418	0.56299
11010	2.202	-0.347788	0.39475	0.558087
11015	2.203	-0.347385	0.394276	0.553175
11020	2.204	-0.347764	0.393993	0.548267
11025	2.205	-0.3485	0.393892	0.543387
11030	2.206	-0.349111	0.393954	0.538555
11035	2.207	-0.349072	0.394164	0.533796
11040	2.208	-0.348335	0.39451	0.529111
11045	2.209	-0.346803	0.394986	0.524501
11050	2.21	-0.344455	0.395584	0.519963
11055	2.211	-0.341298	0.396296	0.515491
11060	2.212	-0.337317	0.397111	0.511079
11065	2.213	-0.332453	0.398017	0.50672
11070	2.214	-0.326595	0.398996	0.502411
11075	2.215	-0.319592	0.400029	0.498148
11080	2.216	-0.31129	0.401092	0.493925
11085	2.217	-0.301567	0.402159	0.489736
11090	2.218	-0.287697	0.401456	0.485143
11095	2.219	-0.273125	0.400722	0.480518
11100	2.22	-0.258088	0.399967	0.475852
11105	2.221	-0.242789	0.399171	0.471127
11110	2.222	-0.227223	0.398335	0.466342
11115	2.223	-0.211283	0.397445	0.461497
11120	2.224	-0.194853	0.396483	0.456595
11125	2.225	-0.177877	0.395432	0.451633
11130	2.226	-0.160382	0.394278	0.446606
11135	2.227	-0.142464	0.393012	0.441509
11140	2.228	-0.124258	0.391628	0.436335
11145	2.229	-0.105906	0.390125	0.431078
11150	2.23	-0.0875294	0.388502	0.425736
11155	2.231	-0.0692127	0.386762	0.420307
11160	2.232	-0.0857371	0.385645	0.413943
11165	2.233	-0.0895316	0.384204	0.40792
11170	2.234	-0.0801324	0.382393	0.402258
11175	2.235	-0.0860762	0.380798	0.396167
11180	2.236	-0.0867929	0.379002	0.390218
11185	2.237	-0.086557	0.377095	0.384292
11190	2.238	-0.0864705	0.375106	0.37836
11195	2.239	-0.0864352	0.37304	0.372426
11200	2.24	-0.0864016	0.370907	0.366496
11205	2.241	-0.0863694	0.368723	0.360573
11210	2.242	-0.0863405	0.366502	0.354662
11215	2.243	-0.0863143	0.364259	0.348768
11220	2.244	-0.0862949	0.362009	0.342892
11225	2.245	-0.0862794	0.359765	0.33704
11230	2.246	-0.0862671	0.357539	0.331214
11235	2.247	-0.086258	0.355342	0.325416
11240	2.248	-0.0862519	0.353185	0.319649
11245	2.249	-0.0862483	0.351077	0.313914
11250	2.25	-0.0862472	0.349025	0.308214
11255	2.251	-0.0862475	0.347039	0.302548
11260	2.252	-0.0862488	0.345124	0.296918
11265	2.253	-0.0862513	0.343288	0.291323
11270	2.254	-0.0862549	0.341536	0.285765
11275	2.255	-0.0862594	0.339873	0.280242
11280	2.256	-0.0862648	0.338305	0.274755
11285	2.257	-0.0862709	0.336837	0.269302
11290	2.258	-0.0862777	0.335472	0.263882
11295	2.259	-0.0862852	0.334213	0.258494
11300	2.26	-0.0862933	0.333065	0.253136
11305	2.261	-0.086302	0.332027	0.247807
11310	2.262	-0.0863112	0.331103	0.242504
11315	2.263	-0.0863209	0.330292	0.237225
11320	2.264	-0.086331	0.329595	0.231968
11325	2.265	-0.0863415	0.32901	0.22673
11330	2.266	-0.0863523	0.328536	0.221509
11335	2.267	-0.0863634	0.328171	0.216302
11340	2.268	-0.086375	0.327916	0.211109
11345	2.269	-0.0863872	0.327782	0.205931
11350	2.27	-0.0863989	0.327754	0.200764
11355	2.271	-0.0864116	0.32785	0.195613
11360	2.272	-0.0864235	0.32805	0.190473
11365	2.273	-0.0864364	0.328375	0.185348
11370	2.274	-0.0864484	0.328805	0.180234
11375	2.275	-0.0864614	0.329361	0.175137
11380	2.276	-0.0864733	0.330019	0.170051
11385	2.277	-0.0864862	0.330804	0.164983
11390	2.278	-0.086498	0.33169	0.159927
11395	2.279	-0.0865107	0.332702	0.154889
11400	2.28	-0.0865222	0.333811	0.149864
11405	2.281	-0.0865347	0.335046	0.144859
11410	2.282	-0.0865459	0.336375	0.139866
11415	2.283	-0.0865517	0.337984	0.134995
11420	2.284	-0.0865694	0.339707	0.130139
11425	2.285	-0.0865805	0.341497	0.12529
11430	2.286	-0.0865906	0.343431	0.120488
11435	2.287	-0.0865946	0.345525	0.115785
11440	2.288	-0.0866115	0.347681	0.111101
11445	2.289	-0.0866227	0.349867	0.106426
11450	2.29	-0.0866326	0.35207	0.101759
11455	2.291	-0.0866418	0.35431	0.0971153
11460	2.292	-0.0866453	0.356645	0.0925583
11465	2.293	-0.0866601	0.358996	0.0880211
11470	2.294	-0.0866702	0.361333	0.0834924
11475	2.295	-0.0866789	0.363655	0.0789749
11480	2.296	-0.0866874	0.365957	0.0744691
11485	2.297	-0.0866903	0.368287	0.0700323
11490	2.298	-0.0867035	0.370593	0.0656109
11495	2.299	-0.0867125	0.372854	0.061195
11500	2.3	-0.086715	0.375124	0.0568413
11505	2.301	-0.0867274	0.377357	0.0524987
11510	2.302	-0.0867309	0.379503	0.0481753
11515	2.303	-0.0867421	0.381534	0.0438298
11520	2.304	-0.0867503	0.383443	0.0394542
11525	2.305	-0.0867574	0.385241	0.0350507
11530	2.306	-0.0867645	0.386936	0.0306207
11535	2.307	-0.0867714	0.388535	0.0261646
11540	2.308	-0.0867783	0.390046	0.0216831
11545	2.309	-0.0867849	0.391475	0.0171768
11550	2.31	-0.0867914	0.39283	0.0126466
11555	2.311	-0.0867977	0.394118	0.00809368
11560	2.312	-0.0868039	0.395345	0.00351932
11565	2.313	-0.0868098	0.396518	-0.00107498
11570	2.314	-0.0867193	0.3983	-0.00329663
11575	2.315	-0.0867253	0.400685	-0.00320776
11580	2.316	-0.0867756	0.403393	-0.00183237
11585	2.317	-0.0865039	0.401507	-0.00219196
11590	2.318	-0.0867505	0.399926	-0.00155917
11595	2.319	-0.0868171	0.398463	-0.000626251
11600	2.32	-0.0868469	0.397001	0.000103586
11605	2.321	-0.0868546	0.39555	0.000589669
11610	2.322	-0.0868627	0.394115	0.000797882
11615	2.323	-0.0868708	0.392704	0.000701608
11620	2.324	-0.0868781	0.391321	0.000280893
11625	2.325	-0.0868842	0.389963	-0.000476833
11630	2.326	-0.0868627	0.388811	-0.000915312
11635	2.327	-0.0868642	0.38788	-0.000987345
11640	2.328	-0.0868746	0.387134	-0.000820264
11645	2.329	-0.0868858	0.386523	-0.000590345
11650	2.33	-0.086894	0.386008	-0.000427129
11655	2.331	-0.0868993	0.385576	-0.000377516
11660	2.332	-0.0869016	0.385231	-0.000419567
11665	2.333	-0.0869025	0.384985	-0.00050075
11670	2.334	-0.0869037	0.384853	-0.00057313
11675	2.335	-0.086906	0.38484	-0.000612038
11680	2.336	-0.08691	0.384948	-0.000617064
11685	2.337	-0.0869141	0.385174	-0.000602022
11690	2.338	-0.086918	0.385512	-0.000583275
11695	2.339	-0.0869217	0.385961	-0.00057199
11700	2.34	-0.0869249	0.386518	-0.000571365
11705	2.341	-0.0869278	0.387183	-0.000578538
11710	2.342	-0.0869305	0.387955	-0.000587835
11715	2.343	-0.0869331	0.388826	-0.000594033
11720	2.344	-0.0869357	0.389791	-0.000595047
11725	2.345	-0.0869384	0.390842	-0.00059183
11730	2.346	-0.0869411	0.39197	-0.000586705
11735	2.347	-0.0869437	0.393168	-0.000581801
11740	2.348	-0.0869461	0.394428	-0.000578265
11745	2.349	-0.0869485	0.395741	-0.000576191
11750	2.35	-0.0869508	0.3971	-0.000575023
11755	2.351	-0.0869531	0.398497	-0.000574066
11760	2.352	-0.0869553	0.399925	-0.000572824
11765	2.353	-0.0869576	0.401377	-0.000571157
11770	2.354	-0.0869598	0.402844	-0.000569174
11775	2.355	-0.0867662	0.401476	-0.00171773
11780	2.356	-0.0868966	0.400385	-0.0019033
11785	2.357	-0.0869362	0.399476	-0.00144588
11790	2.358	-0.0869587	0.398626	-0.000810816
11795	2.359	-0.086976	0.397743	-0.000340802
11800	2.36	-0.0869847	0.396797	-0.000164294
11805	2.361	-0.086986	0.395801	-0.000232188
11810	2.362	-0.0869834	0.394796	-0.000413152
11815	2.363	-0.086981	0.393816	-0.00058338
11820	2.364	-0.0869809	0.39288	-0.000675546
11825	2.365	-0.0869831	0.391992	-0.000683392
11830	2.366	-0.0869865	0.391141	-0.000638713
11835	2.367	-0.0869899	0.390317	-0.000582012
11840	2.368	-0.0869922	0.38951	-0.000541742
11845	2.369	-0.0869943	0.388716	-0.000527591
11850	2.37	-0.0869958	0.387936	-0.00053413
11855	2.371	-0.0869969	0.387171	-0.000549509
11860	2.372	-0.0869982	0.386422	-0.000563148
11865	2.373	-0.0869997	0.385688	-0.000569641
11870	2.374	-0.0870016	0.384968	-0.000568897
11875	2.375	-0.0870034	0.384256	-0.000563869
11880	2.376	-0.0870052	0.383551	-0.000558082
11885	2.377	-0.0870069	0.382848	-0.000553904
11890	2.378	-0.0870084	0.382144	-0.000552027
11895	2.379	-0.0870099	0.381437	-0.000551898
11900	2.38	-0.0870114	0.380724	-0.000552468
11905	2.381	-0.0870128	0.380003	-0.000552845
11910	2.382	-0.0870142	0.37927	-0.0005526
11915	2.383	-0.0870156	0.378523	-0.00055176
11920	2.384	-0.087017	0.377759	-0.000550598
11925	2.385	-0.0870183	0.376976	-0.000549426
11930	2.386	-0.0870197	0.37617	-0.000548433
11935	2.387	-0.0870209	0.375339	-0.000547675
11940	2.388	-0.0870222	0.37448	-0.000547096
11945	2.389	-0.0870235	0.373592	-0.000546602
11950	2.39	-0.0870247	0.372671	-0.000546116
11955	2.391	-0.0870259	0.371716	-0.000545606
11960	2.392	-0.087027	0.370724	-0.000545075
11965	2.393	-0.0870282	0.369694	-0.000544543
11970	2.394	-0.0870293	0.368624	-0.000544029
11975	2.395	-0.0870304	0.367511	-0.00054355
11980	2.396	-0.0870315	0.366355	-0.000543107
11985	2.397	-0.0870325	0.365153	-0.000542698
11990	2.398	-0.0870336	0.363903	-0.000542317
11995	2.399	-0.0870346	0.362605	-0.000541971
12000	2.4	-0.0870356	0.361258	-0.000541644
12005	2.401	-0.0870366	0.359859	-0.000541344
12010	2.402	-0.0870375	0.358409	-0.000541071
12015	2.403	-0.0870384	0.356905	-0.000540818
12020	2.404	-0.0870393	0.355348	-0.000540586
12025	2.405	-0.0870402	0.353736	-0.000540368
12030	2.406	-0.0870411	0.352069	-0.000540158
12035	2.407	-0.087042	0.350346	-0.000539953
12040	2.408	-0.0870428	0.348566	-0.000539759
12045	2.409	-0.0870436	0.346729	-0.000539568
12050	2.41	-0.0870444	0.344834	-0.000539371
12055	2.411	-0.0870451	0.342881	-0.000539163
12060	2.412	-0.0870459	0.340869	-0.000538945
12065	2.413	-0.0870466	0.338797	-0.000538716
12070	2.414	-0.0870474	0.336665	-0.000538167
12075	2.415	-0.0870484	0.334476	-0.000535686
12080	2.416	-0.0870497	0.332236	-0.000531085
12085	2.417	-0.087051	0.329945	-0.000525077
12090	2.418	-0.0870525	0.327608	-0.000518613
12095	2.419	-0.0870542	0.325228	-0.000512379
12100	2.42	-0.087056	0.322807	-0.000506619
12105	2.421	-0.087058	0.32035	-0.000501229
12110	2.422	-0.0870603	0.317857	-0.000495925
12115	2.423	-0.0870628	0.315334	-0.000490461
12120	2.424	-0.0870656	0.312781	-0.00048471
12125	2.425	-0.0870687	0.310203	-0.000478659
12130	2.426	-0.0870721	0.3076	-0.000472369
12135	2.427	-0.0870757	0.304974	-0.000465906
12140	2.428	-0.0870796	0.302329	-0.000459312
12145	2.429	-0.0870839	0.299664	-0.000452587
12150	2.43	-0.0870885	0.296982	-0.000445685
12155	2.431	-0.0870934	0.294284	-0.000438427
12160	2.432	-0.0870989	0.29157	-0.000430753
12165	2.433	-0.0871049	0.288842	-0.000422704
12170	2.434	-0.0871115	0.2861	-0.00041436
12175	2.435	-0.0871187	0.283344	-0.000405772
12180	2.436	-0.0871267	0.280575	-0.000396902
12185	2.437	-0.0871353	0.277795	-0.00038764
12190	2.438	-0.0871404	0.274997	-0.000394446
12195	2.439	-0.0871339	0.272053	-0.000355853
12200	2.44	-0.0871517	0.269011	-0.000316225
12205	2.441	-0.0871737	0.26594	-0.000307592
12210	2.442	-0.0871884	0.262868	-0.00031677
12215	2.443	-0.0872011	0.259818	-0.000326066
12220	2.444	-0.0872149	0.256808	-0.000325042
12225	2.445	-0.0872294	0.253854	-0.000311609
12230	2.446	-0.0872443	0.250968	-0.000289377
12235	2.447	-0.0872594	0.248165	-0.000263681
12240	2.448	-0.0874449	0.245468	-0.000244117
12245	2.449	-0.0880549	0.2429	-0.000231202
12250	2.45	-0.0892245	0.240479	-0.000220218
12255	2.451	-0.090968	0.23822	-0.000205322
12260	2.452	-0.0932189	0.236135	-0.000183223
12265	2.453	-0.0958706	0.23423	-0.00015425
12270	2.454	-0.0988153	0.232512	-0.000121456
12275	2.455	-0.101956	0.230983	-8.84625e-005
12280	2.456	-0.105192	0.229648	-5.74164e-005
12285	2.457	-0.10846	0.22851	-2.96983e-005
12290	2.458	-0.111735	0.227572	-5.80487e-006
12295	2.459	-0.114998	0.22684	2.90983e-005
12300	2.46	-0.118236	0.226322	9.50974e-005
12305	2.461	-0.121453	0.226022	0.000212157
12310	2.462	-0.124659	0.225946	0.000400456
12315	2.463	-0.127871	0.226097	0.000680683
12320	2.464	-0.131096	0.226474	0.00107502
12325	2.465	-0.134358	0.22708	0.00160664
12330	2.466	-0.137704	0.227913	0.00229993
12335	2.467	-0.141195	0.228984	0.00317961
12340	2.468	-0.144851	0.230288	0.00427605
12345	2.469	-0.148681	0.231821	0.00562345
12350	2.47	-0.152684	0.233577	0.00725815
12355	2.471	-0.156856	0.235549	0.00921756
12360	2.472	-0.161188	0.237727	0.0115388
12365	2.473	-0.165677	0.240103	0.0142572
12370	2.474	-0.170378	0.242668	0.0173877
12375	2.475	-0.175466	0.24547	0.0209193
12380	2.476	-0.180838	0.248471	0.0248737
12385	2.477	-0.186251	0.251609	0.0293049
12390	2.478	-0.191541	0.25483	0.0342537
12395	2.479	-0.196688	0.2581	0.0397372
12400	2.48	-0.201775	0.261393	0.0457536
12405	2.481	-0.206904	0.264691	0.0522921
12410	2.482	-0.212129	0.267972	0.0593394
12415	2.483	-0.217507	0.271212	0.0668792
12420	2.484	-0.223056	0.274384	0.074893
12425	2.485	-0.228764	0.277464	0.0833601
12430	2.486	-0.234608	0.280429	0.0922564
12435	2.487	-0.240559	0.283258	0.101555
12440	2.488	-0.246591	0.285931	0.111227
12445	2.489	-0.252692	0.288435	0.121239
12450	2.49	-0.258856	0.290757	0.131558
12455	2.491	-0.265064	0.292885	0.142151
12460	2.492	-0.271306	0.294811	0.152983
12465	2.493	-0.277571	0.296528	0.16402
12470	2.494	-0.283858	0.298031	0.175228
12475	2.495	-0.290165	0.299316	0.186573
12480	2.496	-0.296496	0.300383	0.198022
12485	2.497	-0.302851	0.301232	0.209544
12490	2.498	-0.309232	0.301867	0.221107
12495	2.499	-0.315638	0.30229	0.232683
12500	2.5	-0.322065	0.302509	0.244242
12505	2.501	-0.328508	0.30253	0.25576
12510	2.502	-0.334957	0.302361	0.267211
12515	2.503	-0.341392	0.302014	0.27858
12520	2.504	-0.347755	0.301507	0.289876
12525	2.505	-0.354	0.300857	0.301108
12530	2.506	-0.349484	0.299914	0.312771
12535	2.507	-0.348723	0.29891	0.324216
12540	2.508	-0.352019	0.297887	0.335441
12545	2.509	-0.349433	0.296713	0.346893
12550	2.51	-0.349183	0.295537	0.358213
12555	2.511	-0.349273	0.294364	0.369493
12560	2.512	-0.349299	0.293205	0.380752
12565	2.513	-0.349308	0.292077	0.391994
12570	2.514	-0.349316	0.290995	0.403224
12575	2.515	-0.349324	0.289975	0.414447
12580	2.516	-0.349331	0.289031	0.425666
12585	2.517	-0.349338	0.288177	0.436883
12590	2.518	-0.349343	0.287425	0.4481
12595	2.519	-0.349346	0.286786	0.45932
12600	2.52	-0.349348	0.286269	0.470544
12605	2.521	-0.349349	0.285883	0.481775
12610	2.522	-0.34935	0.285632	0.493013
12615	2.523	-0.349349	0.285523	0.50426
12620	2.524	-0.349348	0.28556	0.515517
12625	2.525	-0.349347	0.285745	0.526783
12630	2.526	-0.349344	0.28608	0.538061
12635	2.527	-0.349342	0.286565	0.549349
12640	2.528	-0.34934	0.287198	0.560648
12645	2.529	-0.349337	0.287978	0.571957
12650	2.53	-0.349334	0.288901	0.583276
12655	2.531	-0.349332	0.289962	0.594606
12660	2.532	-0.349328	0.291157	0.605944
12665	2.533	-0.349325	0.29248	0.617292
12670	2.534	-0.349322	0.293924	0.628647
12675	2.535	-0.349319	0.295483	0.64001
12680	2.536	-0.349315	0.297147	0.65138
12685	2.537	-0.349312	0.29891	0.662755
12690	2.538	-0.349308	0.300763	0.674136
12695	2.539	-0.349305	0.302698	0.685522
12700	2.54	-0.349301	0.304705	0.696911
12705	2.541	-0.349297	0.306776	0.708304
12710	2.542	-0.349294	0.308903	0.719699
12715	2.543	-0.349291	0.311076	0.731096
12720	2.544	-0.349287	0.313288	0.742495
12725	2.545	-0.349284	0.315529	0.753894
12730	2.546	-0.34928	0.317793	0.765293
12735	2.547	-0.349277	0.320073	0.776692
12740	2.548	-0.349274	0.32236	0.788091
12745	2.549	-0.349271	0.324649	0.799488
12750	2.55	-0.349267	0.326934	0.810885
12755	2.551	-0.349264	0.32921	0.82228
12760	2.552	-0.349261	0.331472	0.833673
12765	2.553	-0.349258	0.333714	0.845063
12770	2.554	-0.349256	0.335935	0.856451
12775	2.555	-0.349253	0.338131	0.867837
12780	2.556	-0.34925	0.340299	0.879219
12785	2.557	-0.349248	0.342438	0.890598
12790	2.558	-0.349245	0.344547	0.901974
12795	2.559	-0.349243	0.346624	0.913346
12800	2.56	-0.34924	0.348669	0.924715
12805	2.561	-0.349238	0.350684	0.936079
12810	2.562	-0.349236	0.352668	0.947439
12815	2.563	-0.349234	0.354623	0.958794
12820	2.564	-0.349232	0.356552	0.970145
12825	2.565	-0.349229	0.358455	0.98149
12830	2.566	-0.349227	0.360336	0.992831
12835	2.567	-0.349226	0.362197	1.00417
12840	2.568	-0.349224	0.364041	1.01549
12845	2.569	-0.349222	0.365871	1.02682
12850	2.57	-0.34922	0.367692	1.03813
12855	2.571	-0.349218	0.369507	1.04944
12860	2.572	-0.349698	0.371004	1.05751
12865	2.573	-0.349911	0.372069	1.06125
12870	2.574	-0.349891	0.372725	1.06082
12875	2.575	-0.349716	0.37308	1.0573
12880	2.576	-0.349463	0.373288	1.05224
12885	2.577	-0.349214	0.373502	1.0472
12890	2.578	-0.349207	0.373732	1.04217
12895	2.579	-0.349212	0.373978	1.03717
12900	2.58	-0.349211	0.374241	1.03218
12905	2.581	-0.34921	0.374528	1.02722
12910	2.582	-0.349209	0.374841	1.02227
12915	2.583	-0.349208	0.375185	1.01735
12920	2.584	-0.349207	0.375563	1.01245
12925	2.585	-0.349207	0.375993	1.00757
12930	2.586	-0.349206	0.376464	1.0027
12935	2.587	-0.349205	0.376977	0.997852
12940	2.588	-0.349204	0.377533	0.993014
12945	2.589	-0.349203	0.378132	0.98819
12950	2.59	-0.349202	0.378774	0.983371
12955	2.591	-0.349201	0.379461	0.978559
12960	2.592	-0.3492	0.38019	0.973755
12965	2.593	-0.349199	0.380959	0.968961
12970	2.594	-0.349198	0.381767	0.964177
12975	2.595	-0.349197	0.382612	0.959401
12980	2.596	-0.349196	0.383492	0.954632
12985	2.597	-0.349195	0.384403	0.949868
12990	2.598	-0.349194	0.385345	0.945109
12995	2.599	-0.349193	0.386315	0.940353
13000	2.6	-0.349192	0.387309	0.935599
13005	2.601	-0.349191	0.388326	0.930846
13010	2.602	-0.34919	0.389363	0.926092
13015	2.603	-0.349189	0.390416	0.921336
13020	2.604	-0.349188	0.391484	0.916577
13025	2.605	-0.349187	0.392565	0.911814
13030	2.606	-0.349187	0.393654	0.907045
13035	2.607	-0.349186	0.394752	0.90227
13040	2.608	-0.349185	0.395854	0.897486
13045	2.609	-0.349184	0.396959	0.892692
13050	2.61	-0.349183	0.398064	0.887887
13055	2.611	-0.349182	0.399169	0.883069
13060	2.612	-0.349181	0.400271	0.878236
13065	2.613	-0.34918	0.401369	0.873388
13070	2.614	-0.349179	0.402461	0.868523
13075	2.615	-0.348612	0.401461	0.863348
13080	2.616	-0.350863	0.400515	0.858028
13085	2.617	-0.349289	0.399516	0.85287
13090	2.618	-0.349126	0.398581	0.847627
13095	2.619	-0.349168	0.397705	0.842357
13100	2.62	-0.349177	0.396902	0.837068
13105	2.621	-0.349178	0.396187	0.83176
13110	2.622	-0.349179	0.395575	0.826432
13115	2.623	-0.34918	0.395076	0.82108
13120	2.624	-0.34918	0.3947	0.815705
13125	2.625	-0.34918	0.394457	0.810305
13130	2.626	-0.349179	0.394352	0.804877
13135	2.627	-0.349178	0.39439	0.799424
13140	2.628	-0.349175	0.394577	0.793949
13145	2.629	-0.349174	0.394915	0.788455
13150	2.63	-0.349173	0.395403	0.782945
13155	2.631	-0.349171	0.396042	0.777423
13160	2.632	-0.34917	0.396829	0.771892
13165	2.633	-0.349168	0.397759	0.766354
13170	2.634	-0.349166	0.398829	0.760813
13175	2.635	-0.349164	0.400032	0.755273
13180	2.636	-0.349162	0.401361	0.749737
13185	2.637	-0.34916	0.402808	0.744207
13190	2.638	-0.34686	0.401474	0.738224
13195	2.639	-0.347309	0.400298	0.732135
13200	2.64	-0.349929	0.399296	0.725977
13205	2.641	-0.349245	0.398384	0.720009
13210	2.642	-0.349121	0.39764	0.714061
13215	2.643	-0.349137	0.397065	0.708162
13220	2.644	-0.349143	0.396661	0.702325
13225	2.645	-0.349143	0.396433	0.696557
13230	2.646	-0.349142	0.396383	0.690862
13235	2.647	-0.34914	0.396513	0.685244
13240	2.648	-0.349138	0.396822	0.679705
13245	2.649	-0.349135	0.39731	0.674249
13250	2.65	-0.34913	0.397973	0.668875
13255	2.651	-0.349127	0.398809	0.663584
13260	2.652	-0.349124	0.399812	0.658374
13265	2.653	-0.349121	0.400975	0.653244
13270	2.654	-0.349118	0.402292	0.648191
13275	2.655	-0.346777	0.401465	0.642778
13280	2.656	-0.346134	0.40081	0.637364
13285	2.657	-0.346974	0.400331	0.63196
13290	2.658	-0.348755	0.400024	0.626594
13295	2.659	-0.350874	0.399881	0.621295
13300	2.66	-0.349208	0.399829	0.616251
13305	2.661	-0.348394	0.399943	0.611249
13310	2.662	-0.348428	0.400223	0.60629
13315	2.663	-0.349038	0.400664	0.601381
13320	2.664	-0.349839	0.401256	0.596539
13325	2.665	-0.349118	0.401962	0.591836
13330	2.666	-0.346351	0.401449	0.586942
13335	2.667	-0.344033	0.401071	0.582089
13340	2.668	-0.342251	0.400831	0.577274
13345	2.669	-0.340817	0.400727	0.572501
13350	2.67	-0.339361	0.40075	0.567787
13355	2.671	-0.337466	0.400886	0.563145
13360	2.672	-0.334773	0.401118	0.558587
13365	2.673	-0.330992	0.40143	0.554119
13370	2.674	-0.325357	0.401432	0.549665
13375	2.675	-0.318369	0.401427	0.545281
13380	2.676	-0.310063	0.401426	0.540963
13385	2.677	-0.300421	0.401426	0.536705
13390	2.678	-0.289428	0.401425	0.5325
13395	2.679	-0.277063	0.401406	0.528336
13400	2.68	-0.263348	0.401354	0.524198
13405	2.681	-0.248332	0.401253	0.520071
13410	2.682	-0.232225	0.40109	0.515933
13415	2.683	-0.215298	0.400854	0.511758
13420	2.684	-0.197803	0.400534	0.507526
13425	2.685	-0.179941	0.400123	0.503219
13430	2.686	-0.161856	0.399611	0.498822
13435	2.687	-0.14364	0.398992	0.494324
13440	2.688	-0.125348	0.398261	0.489719
13445	2.689	-0.107023	0.397422	0.485001
13450	2.69	-0.0887034	0.396479	0.480169
13455	2.691	-0.0704244	0.395441	0.475219
13460	2.692	-0.0857935	0.395032	0.469316
13465	2.693	-0.0888282	0.394338	0.463704
13470	2.694	-0.0790948	0.393321	0.458397
13475	2.695	-0.0860386	0.392598	0.452583
13480	2.696	-0.0868316	0.391705	0.446892
13485	2.697	-0.086563	0.390784	0.441186
13490	2.698	-0.0864709	0.389866	0.435432
13495	2.699	-0.0864359	0.388951	0.429639
13500	2.7	-0.0864017	0.388046	0.423812
13505	2.701	-0.0863685	0.387156	0.417958
13510	2.702	-0.0863385	0.386282	0.412082
13515	2.703	-0.0863107	0.385423	0.40619
13520	2.704	-0.0862902	0.384584	0.400286
13525	2.705	-0.0862735	0.383769	0.394375
13530	2.706	-0.0862602	0.382979	0.388461
13535	2.707	-0.0862501	0.38222	0.382548
13540	2.708	-0.0862431	0.381495	0.376641
13545	2.709	-0.0862388	0.380808	0.370742
13550	2.71	-0.0862368	0.380164	0.364854
13555	2.711	-0.0862371	0.379566	0.358982
13560	2.712	-0.086238	0.379018	0.353128
13565	2.713	-0.08624	0.378522	0.347295
13570	2.714	-0.0862431	0.378082	0.341485
13575	2.715	-0.0862472	0.377701	0.3357
13580	2.716	-0.0862522	0.37738	0.329943
13585	2.717	-0.0862579	0.377121	0.324216
13590	2.718	-0.0862645	0.376927	0.318518
13595	2.719	-0.0862717	0.376797	0.312851
13600	2.72	-0.0862796	0.376734	0.307216
13605	2.721	-0.0862882	0.376738	0.301614
13610	2.722	-0.0862973	0.37681	0.296044
13615	2.723	-0.0863069	0.376952	0.290507
13620	2.724	-0.0863171	0.377164	0.285004
13625	2.725	-0.0863277	0.37745	0.279534
13630	2.726	-0.0863388	0.377809	0.274096
13635	2.727	-0.0863501	0.378243	0.268691
13640	2.728	-0.0863618	0.378754	0.263318
13645	2.729	-0.0863736	0.37934	0.257976
13650	2.73	-0.0863857	0.380002	0.252665
13655	2.731	-0.0863979	0.380741	0.247383
13660	2.732	-0.0864103	0.381555	0.242129
13665	2.733	-0.0864228	0.382445	0.236902
13670	2.734	-0.0864353	0.38341	0.231702
13675	2.735	-0.0864478	0.384448	0.226527
13680	2.736	-0.0864603	0.385559	0.221376
13685	2.737	-0.0864727	0.386743	0.216247
13690	2.738	-0.0864851	0.387998	0.211141
13695	2.739	-0.0864975	0.389323	0.206056
13700	2.74	-0.0865096	0.390717	0.20099
13705	2.741	-0.0865217	0.392178	0.195942
13710	2.742	-0.0865337	0.393706	0.190912
13715	2.743	-0.0865454	0.395299	0.185899
13720	2.744	-0.086557	0.396956	0.180901
13725	2.745	-0.0865683	0.398674	0.175919
13730	2.746	-0.0865793	0.400443	0.170953
13735	2.747	-0.0865896	0.402274	0.166015
13740	2.748	-0.0864364	0.401471	0.159693
13745	2.749	-0.0865855	0.400703	0.153382
13750	2.75	-0.0866142	0.39997	0.147107
13755	2.751	-0.0866258	0.399276	0.140878
13760	2.752	-0.0866371	0.398627	0.134705
13765	2.753	-0.0866487	0.398024	0.128599
13770	2.754	-0.0866597	0.397471	0.122566
13775	2.755	-0.0866698	0.396968	0.116616
13780	2.756	-0.0866793	0.396518	0.110754
13785	2.757	-0.086688	0.396119	0.104984
13790	2.758	-0.0866962	0.395772	0.0993117
13795	2.759	-0.0867041	0.395476	0.0937384
13800	2.76	-0.0867109	0.39523	0.0882663
13805	2.761	-0.0867185	0.395033	0.082896
13810	2.762	-0.086726	0.394881	0.077627
13815	2.763	-0.0867334	0.394772	0.0724582
13820	2.764	-0.0867407	0.394703	0.0673874
13825	2.765	-0.0867478	0.394671	0.0624119
13830	2.766	-0.0867549	0.394672	0.0575284
13835	2.767	-0.0867618	0.394702	0.0527329
13840	2.768	-0.0867687	0.394757	0.0480212
13845	2.769	-0.0867753	0.394833	0.0433885
13850	2.77	-0.0867818	0.394926	0.03883
13855	2.771	-0.0867881	0.395032	0.0343406
13860	2.772	-0.0867943	0.395147	0.0299149
13865	2.773	-0.0868004	0.395267	0.0255477
13870	2.774	-0.0868063	0.395387	0.0212336
13875	2.775	-0.0868121	0.395503	0.0169672
13880	2.776	-0.0868177	0.395612	0.0127436
13885	2.777	-0.0868233	0.395711	0.00855752
13890	2.778	-0.0868287	0.395794	0.00440417
13895	2.779	-0.086834	0.39586	0.00027892
13900	2.78	-0.0868392	0.395904	-0.00382269
13905	2.781	-0.0867103	0.396844	-0.00457584
13910	2.782	-0.0867576	0.39838	-0.00307957
13915	2.783	-0.0868331	0.400063	-0.000934669
13920	2.784	-0.0868649	0.401686	0.00111972
13925	2.785	-0.0867775	0.401455	0.00187327
13930	2.786	-0.0868601	0.40114	0.00241843
13935	2.787	-0.0868754	0.400734	0.00272866
13940	2.788	-0.08688	0.400237	0.00277426
13945	2.789	-0.0868873	0.399648	0.0025324
13950	2.79	-0.0868934	0.398967	0.00198663
13955	2.791	-0.086899	0.398193	0.00112541
13960	2.792	-0.0869042	0.397329	-5.8073e-005
13965	2.793	-0.0868823	0.396557	-0.000907966
13970	2.794	-0.0868774	0.395941	-0.00120746
13975	2.795	-0.086887	0.395453	-0.00106382
13980	2.796	-0.0869016	0.395023	-0.000728692
13985	2.797	-0.0869142	0.394591	-0.000430466
13990	2.798	-0.0869214	0.394123	-0.000286198
13995	2.799	-0.0869243	0.393622	-0.000297976
14000	2.8	-0.0869242	0.393105	-0.000399754
14005	2.801	-0.0869236	0.392594	-0.000513935
14010	2.802	-0.0869243	0.392102	-0.000589418
14015	2.803	-0.0869273	0.391634	-0.000612634
14020	2.804	-0.0869311	0.391184	-0.000597601
14025	2.805	-0.086935	0.390743	-0.000568603
14030	2.806	-0.0869386	0.390306	-0.000545553
14035	2.807	-0.0869418	0.389868	-0.000537343
14040	2.808	-0.0869444	0.389429	-0.000542642
14045	2.809	-0.0869468	0.388987	-0.000554675
14050	2.81	-0.0869491	0.388543	-0.000566453
14055	2.811	-0.0869515	0.388097	-0.000572972
14060	2.812	-0.086954	0.387647	-0.000573542
14065	2.813	-0.0869566	0.387189	-0.000570234
14070	2.814	-0.0869592	0.386721	-0.000565886
14075	2.815	-0.0869617	0.386241	-0.000562577
14080	2.816	-0.0869641	0.385745	-0.00056106
14085	2.817	-0.0869664	0.385232	-0.000561026
14090	2.818	-0.0869686	0.384699	-0.000561668
14095	2.819	-0.0869709	0.384144	-0.000562229
14100	2.82	-0.0869731	0.383566	-0.000562305
14105	2.821	-0.0869753	0.382962	-0.000561882
14110	2.822	-0.0869774	0.38233	-0.000561169
14115	2.823	-0.0869795	0.381668	-0.000560396
14120	2.824	-0.0869817	0.380974	-0.000559743
14125	2.825	-0.0869837	0.380245	-0.000559266
14130	2.826	-0.0869857	0.37948	-0.000558934
14135	2.827	-0.0869877	0.378678	-0.000558672
14140	2.828	-0.0869897	0.377835	-0.000558409
14145	2.829	-0.0869917	0.376952	-0.000558115
14150	2.83	-0.0869936	0.376025	-0.000557798
14155	2.831	-0.0869955	0.375054	-0.00055748
14160	2.832	-0.0869973	0.374036	-0.000557189
14165	2.833	-0.0869992	0.372971	-0.000556937
14170	2.834	-0.087001	0.371858	-0.000556709
14175	2.835	-0.0870028	0.370694	-0.000556503
14180	2.836	-0.0870045	0.36948	-0.000556323
14185	2.837	-0.0870063	0.368212	-0.000556163
14190	2.838	-0.087008	0.366892	-0.000556018
14195	2.839	-0.0869952	0.365509	-0.000501336
14200	2.84	-0.0870005	0.36402	-0.000461967
14205	2.841	-0.0870102	0.362455	-0.000471583
14210	2.842	-0.0870162	0.360843	-0.000518449
14215	2.843	-0.0870171	0.359208	-0.000567147
14220	2.844	-0.0870186	0.357563	-0.000597251
14225	2.845	-0.0870176	0.355911	-0.00059345
14230	2.846	-0.0870229	0.354262	-0.00058428
14235	2.847	-0.0870255	0.352623	-0.000576433
14240	2.848	-0.0870275	0.350998	-0.000572645
14245	2.849	-0.0870256	0.349384	-0.000559769
14250	2.85	-0.0870302	0.34779	-0.000560218
14255	2.851	-0.0870323	0.346225	-0.00056994
14260	2.852	-0.0870336	0.344695	-0.000580675
14265	2.853	-0.0870312	0.343192	-0.000574751
14270	2.854	-0.0870357	0.341725	-0.000574075
14275	2.855	-0.0870378	0.340299	-0.000578457
14280	2.856	-0.087039	0.338918	-0.00058349
14285	2.857	-0.0870386	0.337575	-0.000581661
14290	2.858	-0.0870404	0.336272	-0.000578583
14295	2.859	-0.0870419	0.335008	-0.000576799
14300	2.86	-0.0870431	0.333784	-0.00057643
14305	2.861	-0.0870441	0.332597	-0.00057673
14310	2.862	-0.0870451	0.331447	-0.000577114
14315	2.863	-0.0870461	0.33033	-0.000577341
14320	2.864	-0.0870472	0.329247	-0.000577405
14325	2.865	-0.0870482	0.328193	-0.000577365
14330	2.866	-0.0870492	0.327168	-0.00057727
14335	2.867	-0.0870501	0.326168	-0.000577151
14340	2.868	-0.087051	0.325191	-0.000577033
14345	2.869	-0.0870519	0.324233	-0.000576922
14350	2.87	-0.0870528	0.323293	-0.000576824
14355	2.871	-0.0870536	0.322366	-0.000576742
14360	2.872	-0.0870544	0.32145	-0.000576659
14365	2.873	-0.0870553	0.320542	-0.000576566
14370	2.874	-0.087056	0.319639	-0.000576472
14375	2.875	-0.0870568	0.318737	-0.00057637
14380	2.876	-0.0870575	0.317833	-0.000576269
14385	2.877	-0.0870582	0.316924	-0.000576177
14390	2.878	-0.087059	0.316007	-0.000576099
14395	2.879	-0.0870597	0.315079	-0.000576023
14400	2.88	-0.0870603	0.314137	-0.000575953
14405	2.881	-0.087061	0.313177	-0.000575891
14410	2.882	-0.0870616	0.312198	-0.00057583
14415	2.883	-0.0870622	0.311194	-0.000575759
14420	2.884	-0.0870629	0.310165	-0.000575681
14425	2.885	-0.0870635	0.309106	-0.000575595
14430	2.886	-0.087064	0.308016	-0.000575497
14435	2.887	-0.0870646	0.30689	-0.000575386
14440	2.888	-0.0870652	0.305726	-0.000575265
14445	2.889	-0.0870657	0.304521	-0.000575132
14450	2.89	-0.0870662	0.303272	-0.000574994
14455	2.891	-0.0870667	0.301977	-0.000574848
14460	2.892	-0.0870672	0.300632	-0.000574691
14465	2.893	-0.0870676	0.299236	-0.000574525
14470	2.894	-0.0870681	0.297784	-0.000574344
14475	2.895	-0.0870685	0.296274	-0.000574146
14480	2.896	-0.0870692	0.294706	-0.000572869
14485	2.897	-0.0870699	0.29308	-0.000570065
14490	2.898	-0.0870707	0.291397	-0.000565988
14495	2.899	-0.0870716	0.289656	-0.000561191
14500	2.9	-0.0870727	0.287859	-0.000556177
14505	2.901	-0.0870739	0.286005	-0.000551201
14510	2.902	-0.0870753	0.284095	-0.000546259
14515	2.903	-0.0870769	0.282131	-0.000541195
14520	2.904	-0.0870787	0.280113	-0.000535833
14525	2.905	-0.0870808	0.278043	-0.000530048
14530	2.906	-0.0870832	0.275921	-0.000523795
14535	2.907	-0.087086	0.273749	-0.000517084
14540	2.908	-0.0870891	0.271527	-0.000509954
14545	2.909	-0.0870926	0.269257	-0.000502419
14550	2.91	-0.0870966	0.266939	-0.000494487
14555	2.911	-0.0871012	0.264574	-0.000486101
14560	2.912	-0.0871064	0.262164	-0.000477214
14565	2.913	-0.0871122	0.25971	-0.000467768
14570	2.914	-0.0871186	0.257212	-0.000457675
14575	2.915	-0.0871256	0.254671	-0.000446622
14580	2.916	-0.0871333	0.252087	-0.000434484
14585	2.917	-0.0871417	0.249461	-0.000421253
14590	2.918	-0.0871508	0.246792	-0.000406982
14595	2.919	-0.0871606	0.244083	-0.000391683
14600	2.92	-0.087171	0.241334	-0.000375341
14605	2.921	-0.0871822	0.238548	-0.000358204
14610	2.922	-0.0871382	0.234022	-0.000212681
14615	2.923	-0.0872023	0.229438	-0.000177863
14620	2.924	-0.0872217	0.224833	-0.000205191
14625	2.925	-0.0872342	0.220248	-0.000243916
14630	2.926	-0.0872487	0.215717	-0.000259048
14635	2.927	-0.0872649	0.211268	-0.000239707
14640	2.928	-0.0876155	0.206926	-0.000199552
14645	2.929	-0.0885396	0.202716	-0.000153187
14650	2.93	-0.090135	0.19866	-0.000109184
14655	2.931	-0.0923611	0.194779	-6.92218e-005
14660	2.932	-0.0950969	0.19109	-3.15055e-005
14665	2.933	-0.0981906	0.187611	1.02742e-005
14670	2.934	-0.101493	0.184364	8.38422e-005
14675	2.935	-0.104866	0.181368	0.000215459
14680	2.936	-0.108239	0.178643	0.000427817
14685	2.937	-0.111583	0.176204	0.000740492
14690	2.938	-0.114898	0.174065	0.00117039
14695	2.939	-0.118197	0.172238	0.0017321
14700	2.94	-0.121522	0.170743	0.00243599
14705	2.941	-0.124877	0.169581	0.00329262
14710	2.942	-0.128259	0.168753	0.00431392
14715	2.943	-0.13164	0.168256	0.00551244
14720	2.944	-0.135038	0.168083	0.0068989
14725	2.945	-0.138471	0.168223	0.00848223
14730	2.946	-0.14197	0.168661	0.0102722
14735	2.947	-0.145565	0.169384	0.012281
14740	2.948	-0.149283	0.170376	0.0145243
14745	2.949	-0.153144	0.171625	0.0170209
14750	2.95	-0.157437	0.173218	0.0197495
14755	2.951	-0.161878	0.175034	0.0227629
14760	2.952	-0.16655	0.177077	0.0260581
14765	2.953	-0.171347	0.179327	0.029679
14770	2.954	-0.176179	0.181739	0.0336679
14775	2.955	-0.181	0.184276	0.0380599
14780	2.956	-0.182234	0.182067	0.0435304
14785	2.957	-0.184726	0.180001	0.0493562
14790	2.958	-0.188796	0.178084	0.0555673
14795	2.959	-0.194276	0.176321	0.062201
14800	2.96	-0.200787	0.174721	0.0692878
14805	2.961	-0.207903	0.1733	0.0768476
14810	2.962	-0.215319	0.172071	0.0848874
14815	2.963	-0.222703	0.171041	0.0934111
14820	2.964	-0.229857	0.170212	0.102414
14825	2.965	-0.236722	0.169586	0.11188
14830	2.966	-0.243346	0.169161	0.121789
14835	2.967	-0.249824	0.168934	0.13211
14840	2.968	-0.256251	0.1689	0.142808
14845	2.969	-0.262699	0.169053	0.15385
14850	2.97	-0.269155	0.169388	0.165202
14855	2.971	-0.275678	0.169894	0.176825
14860	2.972	-0.282297	0.170562	0.188679
14865	2.973	-0.289013	0.171379	0.200727
14870	2.974	-0.295812	0.17233	0.212929
14875	2.975	-0.302668	0.173404	0.225246
14880	2.976	-0.309558	0.174584	0.237643
14885	2.977	-0.316444	0.175857	0.250081
14890	2.978	-0.323318	0.177208	0.262525
14895	2.979	-0.330145	0.178629	0.274962
14900	2.98	-0.336883	0.180114	0.287394
14905	2.981	-0.34349	0.181657	0.299821
14910	2.982	-0.349947	0.183254	0.312243
14915	2.983	-0.349339	0.184787	0.324971
14920	2.984	-0.349145	0.186361	0.337676
14925	2.985	-0.349189	0.187974	0.350366
14930	2.986	-0.349226	0.189624	0.363053
14935	2.987	-0.349252	0.191306	0.375737
14940	2.988	-0.349272	0.19302	0.388417
14945	2.989	-0.349289	0.194763	0.401093
14950	2.99	-0.349303	0.196531	0.413765
14955	2.991	-0.349314	0.198323	0.426433
14960	2.992	-0.349324	0.200137	0.439098
14965	2.993	-0.349332	0.201969	0.451759
14970	2.994	-0.349338	0.203816	0.464418
14975	2.995	-0.349345	0.205676	0.477075
14980	2.996	-0.349349	0.207546	0.48973
14985	2.997	-0.349352	0.209425	0.502384
14990	2.998	-0.349353	0.211309	0.515036
14995	2.999	-0.349354	0.213198	0.527689
15000	3	-0.349354	0.21509	0.540341
15005	3.001	-0.349353	0.216984	0.552994
15010	3.002	-0.349352	0.21888	0.565649
15015	3.003	-0.349351	0.220776	0.578306
15020	3.004	-0.349349	0.222673	0.590965
15025	3.005	-0.349347	0.22457	0.603627
15030	3.006	-0.349344	0.226468	0.616294
15035	3.007	-0.349342	0.228367	0.628965
15040	3.008	-0.349339	0.230267	0.64164
15045	3.009	-0.349337	0.232168	0.654322
15050	3.01	-0.349334	0.234072	0.66701
15055	3.011	-0.349331	0.23598	0.679704
15060	3.012	-0.349328	0.237891	0.692406
15065	3.013	-0.349325	0.239809	0.705116
15070	3.014	-0.349322	0.241732	0.717833
15075	3.015	-0.349318	0.243664	0.730559
15080	3.016	-0.349315	0.245605	0.743295
15085	3.017	-0.349312	0.247556	0.756039
15090	3.018	-0.349309	0.249519	0.768793
15095	3.019	-0.349306	0.251494	0.781557
15100	3.02	-0.349303	0.253485	0.794331
15105	3.021	-0.349299	0.25549	0.807116
15110	3.022	-0.349296	0.257513	0.81991
15115	3.023	-0.349293	0.259553	0.832715
15120	3.024	-0.34929	0.261613	0.845531
15125	3.025	-0.349287	0.263692	0.858357
15130	3.026	-0.349284	0.265793	0.871194
15135	3.027	-0.349281	0.267916	0.884041
15140	3.028	-0.349278	0.270062	0.896899
15145	3.029	-0.349275	0.272232	0.909767
15150	3.03	-0.349272	0.274427	0.922646
15155	3.031	-0.349269	0.276648	0.935535
15160	3.032	-0.349266	0.278893	0.948434
15165	3.033	-0.349264	0.281165	0.961344
15170	3.034	-0.349261	0.283463	0.974263
15175	3.035	-0.349258	0.285788	0.987191
15180	3.036	-0.349256	0.288138	1.00013
15185	3.037	-0.349253	0.290515	1.01307
15190	3.038	-0.349251	0.292918	1.02603
15195	3.039	-0.349248	0.295346	1.03899
15200	3.04	-0.349246	0.2978	1.05196
15205	3.041	-0.349873	0.299829	1.06072
15210	3.042	-0.350089	0.301313	1.06428
15215	3.043	-0.350026	0.302308	1.06303
15220	3.044	-0.349793	0.302966	1.0584
15225	3.045	-0.349485	0.303485	1.05226
15230	3.046	-0.349233	0.304036	1.04616
15235	3.047	-0.349229	0.304623	1.0401
15240	3.048	-0.349234	0.305245	1.03408
15245	3.049	-0.349232	0.305905	1.0281
15250	3.05	-0.34923	0.306605	1.02218
15255	3.051	-0.349228	0.307348	1.01629
15260	3.052	-0.349227	0.308138	1.01046
15265	3.053	-0.349225	0.308977	1.00467
15270	3.054	-0.349225	0.309869	0.998921
15275	3.055	-0.349225	0.310818	0.993206
15280	3.056	-0.349223	0.311825	0.987521
15285	3.057	-0.349222	0.312894	0.981871
15290	3.058	-0.34922	0.314027	0.976259
15295	3.059	-0.349219	0.315225	0.970685
15300	3.06	-0.349218	0.316489	0.965146
15305	3.061	-0.349217	0.317819	0.959642
15310	3.062	-0.349216	0.319217	0.954169
15315	3.063	-0.349215	0.3207	0.948717
15320	3.064	-0.349215	0.322242	0.943275
15325	3.065	-0.349213	0.323837	0.93785
15330	3.066	-0.349211	0.325479	0.932448
15335	3.067	-0.349209	0.32716	0.927072
15340	3.068	-0.349208	0.328873	0.921719
15345	3.069	-0.349207	0.33061	0.916388
15350	3.07	-0.349205	0.332367	0.911075
15355	3.071	-0.349204	0.334136	0.90578
15360	3.072	-0.349203	0.335912	0.9005
15365	3.073	-0.349202	0.33769	0.895234
15370	3.074	-0.349201	0.339463	0.889981
15375	3.075	-0.3492	0.341228	0.884739
15380	3.076	-0.349198	0.342982	0.879508
15385	3.077	-0.349197	0.344719	0.874284
15390	3.078	-0.349196	0.346438	0.869066
15395	3.079	-0.349195	0.348135	0.863854
15400	3.08	-0.349194	0.349809	0.858644
15405	3.081	-0.349193	0.351458	0.853436
15410	3.082	-0.349192	0.353081	0.848227
15415	3.083	-0.349191	0.354678	0.843017
15420	3.084	-0.34919	0.356249	0.837803
15425	3.085	-0.349189	0.357793	0.832583
15430	3.086	-0.349188	0.359311	0.827357
15435	3.087	-0.349187	0.360805	0.822121
15440	3.088	-0.349187	0.362275	0.816874
15445	3.089	-0.349186	0.363725	0.811615
15450	3.09	-0.349185	0.365158	0.806347
15455	3.091	-0.349183	0.366577	0.80107
15460	3.092	-0.349182	0.367983	0.795786
15465	3.093	-0.349181	0.369381	0.790496
15470	3.094	-0.34918	0.370772	0.785202
15475	3.095	-0.349179	0.37216	0.779905
15480	3.096	-0.349177	0.373548	0.774607
15485	3.097	-0.349176	0.374939	0.769309
15490	3.098	-0.349175	0.376336	0.764013
15495	3.099	-0.349174	0.377742	0.758721
15500	3.1	-0.349172	0.37916	0.753436
15505	3.101	-0.349171	0.380593	0.74816
15510	3.102	-0.34917	0.382042	0.742895
15515	3.103	-0.349168	0.383512	0.737643
15520	3.104	-0.349167	0.385004	0.732408
15525	3.105	-0.349166	0.38652	0.727191
15530	3.106	-0.349164	0.388062	0.721996
15535	3.107	-0.349163	0.389632	0.716823
15540	3.108	-0.349162	0.39123	0.711676
15545	3.109	-0.34916	0.39286	0.706557
15550	3.11	-0.349159	0.39452	0.701466
15555	3.111	-0.349158	0.396212	0.696407
15560	3.112	-0.349156	0.397935	0.69138
15565	3.113	-0.349155	0.399691	0.686387
15570	3.114	-0.349153	0.401479	0.681429
15575	3.115	-0.348411	0.401457	0.676134
15580	3.116	-0.349718	0.401427	0.670771
15585	3.117	-0.349199	0.40142	0.665537
15590	3.118	-0.349126	0.401491	0.660332
15595	3.119	-0.349126	0.40143	0.655127
15600	3.12	-0.349138	0.401427	0.649968
15605	3.121	-0.349135	0.401428	0.644844
15610	3.122	-0.349133	0.401428	0.639758
15615	3.123	-0.349132	0.401428	0.634711
15620	3.124	-0.34913	0.401428	0.629703
15625	3.125	-0.349128	0.401429	0.624735
15630	3.126	-0.349126	0.401429	0.619809
15635	3.127	-0.349123	0.401429	0.614924
15640	3.128	-0.34912	0.401429	0.610081
15645	3.129	-0.349118	0.401429	0.605278
15650	3.13	-0.349115	0.401429	0.600516
15655	3.131	-0.349113	0.401429	0.595793
15660	3.132	-0.34911	0.401429	0.591107
15665	3.133	-0.349107	0.401429	0.586457
15670	3.134	-0.349105	0.401429	0.58184
15675	3.135	-0.349102	0.401429	0.577255
15680	3.136	-0.349099	0.401429	0.572699
15685	3.137	-0.349096	0.401429	0.568169
15690	3.138	-0.349092	0.401429	0.563666
15695	3.139	-0.349089	0.401429	0.559186
15700	3.14	-0.349086	0.401429	0.554728
15705	3.141	-0.349082	0.401429	0.550288
15710	3.142	-0.349077	0.401429	0.545863
15715	3.143	-0.349072	0.401429	0.541451
15720	3.144	-0.349067	0.401429	0.537048
15725	3.145	-0.348911	0.401429	0.53266
15730	3.146	-0.348462	0.401429	0.52829
15735	3.147	-0.347616	0.401429	0.523941
15740	3.148	-0.346344	0.401429	0.519605
15745	3.149	-0.344561	0.401429	0.51529
15750	3.15	-0.34221	0.401429	0.510996
15755	3.151	-0.339236	0.401428	0.506722
15760	3.152	-0.335549	0.401428	0.50247
15765	3.153	-0.331028	0.401428	0.498244
15770	3.154	-0.325527	0.401428	0.494046
15775	3.155	-0.318883	0.401427	0.489883
15780	3.156	-0.310946	0.401427	0.485756
15785	3.157	-0.301597	0.401427	0.481668
15790	3.158	-0.290777	0.401426	0.477615
15795	3.159	-0.278495	0.401426	0.473591
15800	3.16	-0.264821	0.401414	0.469581
15805	3.161	-0.249883	0.401375	0.465568
15810	3.162	-0.233774	0.401296	0.461536
15815	3.163	-0.216778	0.401165	0.45746
15820	3.164	-0.199185	0.400971	0.453318
15825	3.165	-0.181226	0.400704	0.449093
15830	3.166	-0.163067	0.400352	0.444769
15835	3.167	-0.144813	0.399912	0.440339
15840	3.168	-0.126523	0.399384	0.4358
15845	3.169	-0.108223	0.398767	0.431149
15850	3.17	-0.0899326	0.398061	0.426385
15855	3.171	-0.0716738	0.397269	0.42151
15860	3.172	-0.0858409	0.397079	0.415722
15865	3.173	-0.0881306	0.396619	0.410221
15870	3.174	-0.0781326	0.395849	0.405018
15875	3.175	-0.085999	0.39539	0.39929
15880	3.176	-0.086924	0.396547	0.393262
15885	3.177	-0.0865767	0.397636	0.387234
15890	3.178	-0.0864723	0.39867	0.381164
15895	3.179	-0.0864387	0.399665	0.37507
15900	3.18	-0.0864043	0.400627	0.368962
15905	3.181	-0.0863702	0.401562	0.362849
15910	3.182	-0.0862666	0.401444	0.356329
15915	3.183	-0.0863027	0.40132	0.349819
15920	3.184	-0.0862885	0.401196	0.343333
15925	3.185	-0.0862701	0.40108	0.336882
15930	3.186	-0.0862571	0.40098	0.330473
15935	3.187	-0.086248	0.400903	0.324114
15940	3.188	-0.0862419	0.400856	0.317811
15945	3.189	-0.0862391	0.400844	0.311569
15950	3.19	-0.086237	0.400874	0.305392
15955	3.191	-0.0862363	0.400951	0.299284
15960	3.192	-0.0862372	0.401081	0.293248
15965	3.193	-0.0862393	0.401271	0.287285
15970	3.194	-0.0862424	0.401525	0.281395
15975	3.195	-0.0862184	0.401433	0.275394
15980	3.196	-0.0862472	0.401419	0.269467
15985	3.197	-0.0862573	0.401488	0.263615
15990	3.198	-0.0862488	0.40143	0.257742
15995	3.199	-0.086267	0.401427	0.251924
16000	3.2	-0.086273	0.401428	0.246139
16005	3.201	-0.0862805	0.401428	0.24038
16010	3.202	-0.0862894	0.401428	0.234645
16015	3.203	-0.0862991	0.401428	0.22893
16020	3.204	-0.0863091	0.401428	0.223234
16025	3.205	-0.0863196	0.401428	0.217554
16030	3.206	-0.0863305	0.401428	0.211888
16035	3.207	-0.0863417	0.401428	0.206233
16040	3.208	-0.0863527	0.401429	0.200584
16045	3.209	-0.0863657	0.401428	0.194948
16050	3.21	-0.086377	0.401429	0.189316
16055	3.211	-0.0863902	0.401428	0.183695
16060	3.212	-0.0864018	0.401429	0.178076
16065	3.213	-0.0864151	0.401428	0.172467
16070	3.214	-0.0864268	0.401429	0.166859
16075	3.215	-0.0864217	0.401432	0.161269
16080	3.216	-0.0864496	0.401429	0.15567
16085	3.217	-0.0864662	0.401428	0.150071
16090	3.218	-0.0864801	0.401428	0.144487
16095	3.219	-0.0864875	0.401429	0.138908
16100	3.22	-0.0865035	0.401428	0.133346
16105	3.221	-0.086517	0.401428	0.127812
16110	3.222	-0.086528	0.401428	0.122314
16115	3.223	-0.0865408	0.401427	0.116861
16120	3.224	-0.0865529	0.401427	0.111466
16125	3.225	-0.0865646	0.401427	0.106138
16130	3.226	-0.0865763	0.401427	0.100887
16135	3.227	-0.0865877	0.401426	0.095724
16140	3.228	-0.086599	0.401426	0.0906581
16145	3.229	-0.0866096	0.401419	0.0856944
16150	3.23	-0.0866195	0.40139	0.0808323
16155	3.231	-0.0866291	0.401324	0.0760706
16160	3.232	-0.0866385	0.401206	0.0714071
16165	3.233	-0.0866454	0.400945	0.0668178
16170	3.234	-0.0866546	0.400534	0.0623004
16175	3.235	-0.086664	0.399972	0.0578519
16180	3.236	-0.0866733	0.39926	0.0534684
16185	3.237	-0.0866825	0.398401	0.0491453
16190	3.238	-0.0866916	0.397403	0.0448773
16195	3.239	-0.0867005	0.396272	0.0406588
16200	3.24	-0.0867093	0.395017	0.0364839
16205	3.241	-0.0867179	0.393649	0.0323463
16210	3.242	-0.0867263	0.392178	0.0282401
16215	3.243	-0.0867345	0.390615	0.0241589
16220	3.244	-0.0867425	0.388971	0.020097
16225	3.245	-0.0867504	0.387257	0.0160486
16230	3.246	-0.0867581	0.385484	0.0120082
16235	3.247	-0.0867656	0.383661	0.00797078
16240	3.248	-0.086773	0.3818	0.00393164
16245	3.249	-0.0867801	0.37991	-0.000113406
16250	3.25	-0.0867165	0.378483	-0.00241715
16255	3.251	-0.0867126	0.377598	-0.00274483
16260	3.252	-0.0867504	0.377066	-0.00180256
16265	3.253	-0.0867958	0.376629	-0.00054559
16270	3.254	-0.0868177	0.376172	0.000579708
16275	3.255	-0.0868249	0.375688	0.00152379
16280	3.256	-0.0868307	0.375173	0.00224435
16285	3.257	-0.0868368	0.374623	0.00270633
16290	3.258	-0.0868427	0.374034	0.00288134
16295	3.259	-0.0868484	0.373406	0.0027471
16300	3.26	-0.0868541	0.372736	0.00228705
16305	3.261	-0.0868595	0.372023	0.00149
16310	3.262	-0.086865	0.371267	0.000349592
16315	3.263	-0.0868701	0.370468	-0.00113609
16320	3.264	-0.0868245	0.369971	-0.00171888
16325	3.265	-0.0868337	0.369741	-0.00153231
16330	3.266	-0.086857	0.369662	-0.000980872
16335	3.267	-0.0868774	0.369624	-0.000457022
16340	3.268	-0.0868892	0.369564	-0.000177804
16345	3.269	-0.0868935	0.369477	-0.000165082
16350	3.27	-0.0868925	0.36939	-0.000317236
16355	3.271	-0.0868906	0.369337	-0.000503909
16360	3.272	-0.0868904	0.369344	-0.000633669
16365	3.273	-0.0868932	0.369414	-0.000677027
16370	3.274	-0.0868977	0.369542	-0.000653304
16375	3.275	-0.0869028	0.369714	-0.000601976
16380	3.276	-0.0869076	0.36992	-0.000557412
16385	3.277	-0.0869115	0.370153	-0.000536947
16390	3.278	-0.0869147	0.370412	-0.000540351
16395	3.279	-0.0869173	0.370695	-0.000557164
16400	3.28	-0.0869199	0.371004	-0.000574612
16405	3.281	-0.0869227	0.371337	-0.000584751
16410	3.282	-0.0869256	0.371692	-0.000586016
16415	3.283	-0.0869287	0.372064	-0.000581216
16420	3.284	-0.0869317	0.372448	-0.000574499
16425	3.285	-0.0869347	0.372841	-0.000569069
16430	3.286	-0.0869375	0.373238	-0.000566243
16435	3.287	-0.0869402	0.373637	-0.000565682
16440	3.288	-0.0869428	0.374033	-0.000566237
16445	3.289	-0.0869454	0.374424	-0.000566766
16450	3.29	-0.0869479	0.374807	-0.000566626
16455	3.291	-0.0869505	0.375178	-0.000565715
16460	3.292	-0.086953	0.375534	-0.000564307
16465	3.293	-0.0869554	0.375871	-0.00056278
16470	3.294	-0.0869579	0.376187	-0.000561416
16475	3.295	-0.0869603	0.376477	-0.000560318
16480	3.296	-0.0869626	0.37674	-0.000559429
16485	3.297	-0.0869649	0.376972	-0.000558651
16490	3.298	-0.0869672	0.377171	-0.000557896
16495	3.299	-0.0869694	0.377333	-0.000557107
16500	3.3	-0.0869716	0.377457	-0.000556288
16505	3.301	-0.0869738	0.37754	-0.00055546
16510	3.302	-0.086976	0.377579	-0.000554659
16515	3.303	-0.0869781	0.377573	-0.0005539
16520	3.304	-0.0869802	0.377519	-0.000553203
16525	3.305	-0.0869822	0.377415	-0.000552555
16530	3.306	-0.0869842	0.377259	-0.000551952
16535	3.307	-0.0869862	0.37705	-0.000551392
16540	3.308	-0.0869882	0.376786	-0.000550862
16545	3.309	-0.0869901	0.376465	-0.000550366
16550	3.31	-0.086992	0.376087	-0.000549944
16555	3.311	-0.0869939	0.375649	-0.00054962
16560	3.312	-0.0869957	0.375151	-0.000549384
16565	3.313	-0.0869975	0.37459	-0.000549208
16570	3.314	-0.0869993	0.373967	-0.000549063
16575	3.315	-0.0870011	0.373281	-0.000548917
16580	3.316	-0.0870028	0.37253	-0.000548777
16585	3.317	-0.0870045	0.371714	-0.000548651
16590	3.318	-0.0870062	0.370833	-0.000548552
16595	3.319	-0.0870078	0.369885	-0.000548471
16600	3.32	-0.0870094	0.368871	-0.000548412
16605	3.321	-0.0870111	0.367791	-0.000548377
16610	3.322	-0.0870126	0.366643	-0.000548368
16615	3.323	-0.0870142	0.365429	-0.000548383
16620	3.324	-0.0870157	0.364149	-0.000548409
16625	3.325	-0.0870172	0.362801	-0.000548453
16630	3.326	-0.0870186	0.361387	-0.000548512
16635	3.327	-0.0870201	0.359907	-0.000548572
16640	3.328	-0.0870215	0.358361	-0.000548644
16645	3.329	-0.0870229	0.356749	-0.000548733
16650	3.33	-0.0870243	0.355071	-0.000548828
16655	3.331	-0.0870256	0.353329	-0.000548927
16660	3.332	-0.0870269	0.351522	-0.000549037
16665	3.333	-0.0870283	0.349651	-0.000549146
16670	3.334	-0.0870295	0.347717	-0.000549258
16675	3.335	-0.0870308	0.34572	-0.000549381
16680	3.336	-0.0870258	0.343645	-0.000537487
16685	3.337	-0.0870157	0.341454	-0.000483006
16690	3.338	-0.0870226	0.339151	-0.000445049
16695	3.339	-0.0870328	0.336769	-0.00046116
16700	3.34	-0.0870389	0.334349	-0.000514972
16705	3.341	-0.0870399	0.331923	-0.000566424
16710	3.342	-0.0870413	0.329518	-0.000591651
16715	3.343	-0.0870437	0.327149	-0.000590016
16720	3.344	-0.0870435	0.324813	-0.000563114
16725	3.345	-0.0870482	0.322528	-0.000538646
16730	3.346	-0.087051	0.320305	-0.000526618
16735	3.347	-0.0870523	0.318155	-0.000524617
16740	3.348	-0.0870531	0.316085	-0.000526763
16745	3.349	-0.087054	0.314104	-0.000528845
16750	3.35	-0.087055	0.312217	-0.00052939
16755	3.351	-0.0870561	0.310428	-0.000528685
16760	3.352	-0.0870571	0.308741	-0.000527605
16765	3.353	-0.087058	0.307158	-0.000526887
16770	3.354	-0.0870588	0.305677	-0.000526925
16775	3.355	-0.0870595	0.3043	-0.000527788
16780	3.356	-0.0870601	0.303024	-0.000529337
16785	3.357	-0.0870606	0.301845	-0.000531381
16790	3.358	-0.087061	0.300761	-0.000533735
16795	3.359	-0.0870614	0.299767	-0.000536293
16800	3.36	-0.0870617	0.298856	-0.000539
16805	3.361	-0.0870619	0.298023	-0.000541858
16810	3.362	-0.0870621	0.297261	-0.000544858
16815	3.363	-0.0870623	0.296563	-0.000547987
16820	3.364	-0.0870626	0.29592	-0.000551207
16825	3.365	-0.0870629	0.295325	-0.000554452
16830	3.366	-0.0870632	0.294769	-0.000557647
16835	3.367	-0.0870638	0.294245	-0.000560743
16840	3.368	-0.0870645	0.293742	-0.000563692
16845	3.369	-0.0870655	0.293254	-0.000566442
16850	3.37	-0.0870666	0.292771	-0.000568945
16855	3.371	-0.0870681	0.292286	-0.000571157
16860	3.372	-0.0870698	0.29179	-0.000572819
16865	3.373	-0.087072	0.291278	-0.000573256
16870	3.374	-0.0870745	0.290744	-0.000572584
16875	3.375	-0.0870773	0.290183	-0.000571306
16880	3.376	-0.0870805	0.289587	-0.000569947
16885	3.377	-0.087084	0.288951	-0.000568811
16890	3.378	-0.0870877	0.288272	-0.000569187
16895	3.379	-0.0870921	0.287545	-0.000569578
16900	3.38	-0.087097	0.286765	-0.000569236
16905	3.381	-0.0871025	0.285926	-0.000568093
16910	3.382	-0.0871087	0.285021	-0.000566435
16915	3.383	-0.0871156	0.284048	-0.000563602
16920	3.384	-0.0871234	0.283004	-0.000559179
16925	3.385	-0.087132	0.281887	-0.000553236
16930	3.386	-0.0871413	0.280696	-0.00054605
16935	3.387	-0.0871513	0.279431	-0.000537879
16940	3.388	-0.0871621	0.278091	-0.000528832
16945	3.389	-0.0871735	0.276679	-0.000518827
16950	3.39	-0.0871857	0.275195	-0.000507685
16955	3.391	-0.0871983	0.273644	-0.000494883
16960	3.392	-0.0872114	0.272028	-0.000480034
16965	3.393	-0.0872249	0.270351	-0.000463024
16970	3.394	-0.0872388	0.268621	-0.000443905
16975	3.395	-0.087253	0.266842	-0.000422812
16980	3.396	-0.0872849	0.265024	-0.000400143
16985	3.397	-0.087639	0.263184	-0.000380988
16990	3.398	-0.0885118	0.261339	-0.000364083
16995	3.399	-0.0899736	0.259504	-0.000344868
17000	3.4	-0.0919936	0.257695	-0.000319399
17005	3.401	-0.0944806	0.255923	-0.000286698
17010	3.402	-0.0973189	0.2542	-0.000248615
17015	3.403	-0.100422	0.252536	-0.000209141
17020	3.404	-0.103665	0.250939	-0.000170245
17025	3.405	-0.106959	0.249421	-0.000133663
17030	3.406	-0.110255	0.247989	-0.000100138
17035	3.407	-0.113555	0.24666	-6.87704e-005
17040	3.408	-0.116866	0.245444	-3.75513e-005
17045	3.409	-0.120199	0.244348	-4.49181e-006
17050	3.41	-0.123544	0.243387	5.45193e-005
17055	3.411	-0.126895	0.242572	0.000168025
17060	3.412	-0.130258	0.241916	0.000365829
17065	3.413	-0.133667	0.241441	0.000675397
17070	3.414	-0.137143	0.241155	0.00113031
17075	3.415	-0.14068	0.241052	0.00177484
17080	3.416	-0.144328	0.24114	0.00264578
17085	3.417	-0.148135	0.241428	0.00378329
17090	3.418	-0.152132	0.241923	0.00522919
17095	3.419	-0.15634	0.242632	0.0070258
17100	3.42	-0.160757	0.24356	0.0092132
17105	3.421	-0.165372	0.244708	0.0118294
17110	3.422	-0.170173	0.246077	0.0149089
17115	3.423	-0.175151	0.247666	0.0184811
17120	3.424	-0.180297	0.249471	0.0225698
17125	3.425	-0.185582	0.251487	0.0271935
17130	3.426	-0.192013	0.253885	0.032086
17135	3.427	-0.198793	0.256537	0.0373826
17140	3.428	-0.20515	0.259315	0.0432223
17145	3.429	-0.210878	0.262153	0.0496492
17150	3.43	-0.216112	0.265017	0.0566555
17155	3.431	-0.221081	0.267876	0.064221
17160	3.432	-0.226012	0.270702	0.0723205
17165	3.433	-0.231062	0.273472	0.0809246
17170	3.434	-0.236371	0.276162	0.0899995
17175	3.435	-0.2415	0.277702	0.0996068
17180	3.436	-0.24725	0.279031	0.109545
17185	3.437	-0.253525	0.280256	0.11979
17190	3.438	-0.26009	0.281346	0.130338
17195	3.439	-0.26678	0.282291	0.141172
17200	3.44	-0.27354	0.283087	0.152257
17205	3.441	-0.280307	0.283735	0.163553
17210	3.442	-0.287045	0.284234	0.175024
17215	3.443	-0.29374	0.284586	0.186634
17220	3.444	-0.300389	0.284788	0.198349
17225	3.445	-0.306997	0.284841	0.210139
17230	3.446	-0.313575	0.284748	0.221973
17235	3.447	-0.320134	0.284512	0.233819
17240	3.448	-0.32666	0.28414	0.245652
17245	3.449	-0.333166	0.283637	0.257441
17250	3.45	-0.339675	0.283013	0.26916
17255	3.451	-0.346152	0.28228	0.280812
17260	3.452	-0.352566	0.281456	0.292403
17265	3.453	-0.34944	0.280406	0.304371
17270	3.454	-0.34909	0.279328	0.316172
17275	3.455	-0.349197	0.278215	0.327915
17280	3.456	-0.349243	0.277077	0.339631
17285	3.457	-0.349264	0.275934	0.35132
17290	3.458	-0.349281	0.274803	0.362989
17295	3.459	-0.349296	0.273702	0.374641
17300	3.46	-0.349308	0.272647	0.38628
17305	3.461	-0.349319	0.271652	0.397911
17310	3.462	-0.349328	0.27073	0.409538
17315	3.463	-0.349335	0.269894	0.421162
17320	3.464	-0.349343	0.269153	0.432788
17325	3.465	-0.349348	0.268517	0.444418
17330	3.466	-0.349351	0.267994	0.456054
17335	3.467	-0.349354	0.267591	0.467698
17340	3.468	-0.349355	0.267313	0.479352
17345	3.469	-0.349356	0.267166	0.491018
17350	3.47	-0.349355	0.267153	0.502696
17355	3.471	-0.349355	0.267276	0.514388
17360	3.472	-0.349353	0.267536	0.526094
17365	3.473	-0.349351	0.267934	0.537815
17370	3.474	-0.349349	0.268469	0.549552
17375	3.475	-0.349347	0.269138	0.561304
17380	3.476	-0.349344	0.269939	0.573073
17385	3.477	-0.349341	0.270868	0.584858
17390	3.478	-0.349338	0.271921	0.596658
17395	3.479	-0.349335	0.273091	0.608475
17400	3.48	-0.349332	0.274374	0.620308
17405	3.481	-0.349329	0.275763	0.632156
17410	3.482	-0.349325	0.277251	0.64402
17415	3.483	-0.349322	0.27883	0.655898
17420	3.484	-0.349318	0.280494	0.667792
17425	3.485	-0.349315	0.282234	0.679699
17430	3.486	-0.349311	0.284042	0.691621
17435	3.487	-0.349308	0.285911	0.703557
17440	3.488	-0.349304	0.287833	0.715506
17445	3.489	-0.349301	0.289799	0.727468
17450	3.49	-0.349297	0.291804	0.739444
17455	3.491	-0.349294	0.293838	0.751432
17460	3.492	-0.34929	0.295896	0.763433
17465	3.493	-0.349287	0.297971	0.775447
17470	3.494	-0.349284	0.300056	0.787473
17475	3.495	-0.349281	0.302147	0.799512
17480	3.496	-0.349277	0.304238	0.811564
17485	3.497	-0.349274	0.306324	0.823627
17490	3.498	-0.349271	0.308401	0.835704
17495	3.499	-0.349268	0.310467	0.847793
17500	3.5	-0.349265	0.312517	0.859895
17505	3.501	-0.349262	0.314551	0.872009
17510	3.502	-0.34926	0.316565	0.884136
17515	3.503	-0.349257	0.318559	0.896277
17520	3.504	-0.349254	0.320532	0.90843
17525	3.505	-0.349252	0.322484	0.920597
17530	3.506	-0.349249	0.324414	0.932776
17535	3.507	-0.349247	0.326325	0.94497
17540	3.508	-0.349245	0.328217	0.957177
17545	3.509	-0.349242	0.330092	0.969397
17550	3.51	-0.34924	0.331951	0.981631
17555	3.511	-0.349238	0.333797	0.993879
17560	3.512	-0.349236	0.335633	1.00614
17565	3.513	-0.349234	0.337461	1.01842
17570	3.514	-0.349232	0.339285	1.0307
17575	3.515	-0.34923	0.341107	1.04301
17580	3.516	-0.349228	0.342931	1.05532
17585	3.517	-0.349954	0.344278	1.0628
17590	3.518	-0.350109	0.345084	1.06489
17595	3.519	-0.349978	0.345443	1.06237
17600	3.52	-0.349701	0.345531	1.05692
17605	3.521	-0.349381	0.345545	1.05051
17610	3.522	-0.349213	0.345595	1.04413
17615	3.523	-0.349215	0.345686	1.0378
17620	3.524	-0.349218	0.345818	1.03151
17625	3.525	-0.349216	0.345996	1.02528
17630	3.526	-0.349214	0.346225	1.0191
17635	3.527	-0.349213	0.34651	1.01297
17640	3.528	-0.349212	0.346855	1.00689
17645	3.529	-0.349211	0.347263	1.00086
17650	3.53	-0.34921	0.347739	0.994879
17655	3.531	-0.34921	0.348284	0.988951
17660	3.532	-0.349209	0.348897	0.983068
17665	3.533	-0.349208	0.349577	0.977227
17670	3.534	-0.349207	0.350325	0.971428
17675	3.535	-0.349206	0.351142	0.965671
17680	3.536	-0.349205	0.352026	0.959954
17685	3.537	-0.349203	0.352977	0.954277
17690	3.538	-0.349202	0.353994	0.948639
17695	3.539	-0.349201	0.355073	0.943038
17700	3.54	-0.3492	0.356212	0.937473
17705	3.541	-0.349199	0.357409	0.931943
17710	3.542	-0.349198	0.35866	0.926447
17715	3.543	-0.349197	0.359961	0.920983
17720	3.544	-0.349195	0.361304	0.915551
17725	3.545	-0.349194	0.362697	0.910156
17730	3.546	-0.349193	0.364138	0.904796
17735	3.547	-0.349192	0.365621	0.899467
17740	3.548	-0.349191	0.367144	0.894166
17745	3.549	-0.34919	0.368703	0.888889
17750	3.55	-0.349189	0.370294	0.883635
17755	3.551	-0.349188	0.371916	0.878401
17760	3.552	-0.349194	0.373918	0.8732
17765	3.553	-0.349192	0.376177	0.868025
17770	3.554	-0.349186	0.378507	0.862871
17775	3.555	-0.349182	0.380815	0.857735
17780	3.556	-0.34918	0.383028	0.852616
17785	3.557	-0.34918	0.385304	0.847537
17790	3.558	-0.349183	0.387546	0.842407
17795	3.559	-0.349179	0.389852	0.837307
17800	3.56	-0.349176	0.392171	0.832245
17805	3.561	-0.349174	0.394443	0.827204
17810	3.562	-0.349172	0.396651	0.822199
17815	3.563	-0.34917	0.398755	0.817215
17820	3.564	-0.349168	0.400758	0.812266
17825	3.565	-0.349168	0.402637	0.807333
17830	3.566	-0.346956	0.401475	0.802014
17835	3.567	-0.347719	0.400243	0.796576
17840	3.568	-0.3508	0.398928	0.791055
17845	3.569	-0.349297	0.397399	0.785774
17850	3.57	-0.349112	0.395832	0.780474
17855	3.571	-0.349153	0.394267	0.775223
17860	3.572	-0.349165	0.392657	0.769999
17865	3.573	-0.349165	0.391033	0.764828
17870	3.574	-0.349166	0.389436	0.759715
17875	3.575	-0.349167	0.387934	0.754667
17880	3.576	-0.349168	0.386562	0.749691
17885	3.577	-0.349166	0.385314	0.744799
17890	3.578	-0.349165	0.384171	0.739974
17895	3.579	-0.349164	0.383171	0.735225
17900	3.58	-0.349163	0.382319	0.730556
17905	3.581	-0.349162	0.381617	0.725968
17910	3.582	-0.349161	0.381064	0.721462
17915	3.583	-0.34916	0.380661	0.717041
17920	3.584	-0.349159	0.380412	0.712702
17925	3.585	-0.349158	0.380323	0.708446
17930	3.586	-0.349157	0.380399	0.70427
17935	3.587	-0.349155	0.380646	0.700174
17940	3.588	-0.349154	0.381066	0.696155
17945	3.589	-0.349153	0.381658	0.692208
17950	3.59	-0.349151	0.382419	0.688331
17955	3.591	-0.349148	0.383319	0.684527
17960	3.592	-0.349146	0.384329	0.680772
17965	3.593	-0.349145	0.385478	0.677068
17970	3.594	-0.349143	0.386763	0.67341
17975	3.595	-0.34914	0.388179	0.669794
17980	3.596	-0.349138	0.389714	0.666215
17985	3.597	-0.349135	0.391355	0.662668
17990	3.598	-0.349131	0.393065	0.659154
17995	3.599	-0.349128	0.394809	0.65565
18000	3.6	-0.349125	0.396593	0.652163
18005	3.601	-0.349122	0.398397	0.648674
18010	3.602	-0.349119	0.400244	0.645181
18015	3.603	-0.349116	0.402131	0.641682
18020	3.604	-0.346243	0.401469	0.637699
18025	3.605	-0.345077	0.400811	0.633631
18030	3.606	-0.345493	0.400131	0.629479
18035	3.607	-0.346977	0.399426	0.625263
18040	3.608	-0.348903	0.398694	0.621009
18045	3.609	-0.350871	0.39782	0.616639
18050	3.61	-0.349187	0.396909	0.612424
18055	3.611	-0.347909	0.39607	0.608186
18060	3.612	-0.347133	0.395334	0.603925
18065	3.613	-0.346698	0.394715	0.599652
18070	3.614	-0.346247	0.394215	0.595383
18075	3.615	-0.34547	0.393832	0.591132
18080	3.616	-0.344048	0.393553	0.586916
18085	3.617	-0.341735	0.393362	0.582743
18090	3.618	-0.33837	0.393239	0.578619
18095	3.619	-0.333855	0.393161	0.574545
18100	3.62	-0.328124	0.393112	0.570522
18105	3.621	-0.321117	0.393077	0.566544
18110	3.622	-0.312772	0.393047	0.562609
18115	3.623	-0.303037	0.393018	0.55871
18120	3.624	-0.291885	0.392983	0.554838
18125	3.625	-0.279336	0.392937	0.550981
18130	3.626	-0.265446	0.392871	0.547125
18135	3.627	-0.250307	0.392775	0.543255
18140	3.628	-0.234134	0.392634	0.53935
18145	3.629	-0.217189	0.392435	0.535388
18150	3.63	-0.199708	0.392161	0.531351
18155	3.631	-0.181872	0.391799	0.527224
18160	3.632	-0.163806	0.391334	0.522994
18165	3.633	-0.145592	0.390755	0.518655
18170	3.634	-0.127283	0.390054	0.5142
18175	3.635	-0.108916	0.389224	0.509627
18180	3.636	-0.0905292	0.388265	0.504933
18185	3.637	-0.0721691	0.38718	0.500119
18190	3.638	-0.0858668	0.386661	0.494384
18195	3.639	-0.0877914	0.385814	0.488928
18200	3.64	-0.0775253	0.384593	0.483766
18205	3.641	-0.0859741	0.383647	0.478051
18210	3.642	-0.0868862	0.382423	0.472509
18215	3.643	-0.0865673	0.381052	0.466968
18220	3.644	-0.0864674	0.379565	0.461388
18225	3.645	-0.0864341	0.377962	0.455777
18230	3.646	-0.0864009	0.376249	0.450143
18235	3.647	-0.086368	0.374435	0.444488
18240	3.648	-0.0863383	0.372529	0.438818
18245	3.649	-0.0863107	0.370545	0.433137
18250	3.65	-0.08629	0.368492	0.427447
18255	3.651	-0.0862732	0.366384	0.421753
18260	3.652	-0.0862597	0.364228	0.416056
18265	3.653	-0.0862495	0.362037	0.410359
18270	3.654	-0.0862426	0.359824	0.404665
18275	3.655	-0.0862386	0.357604	0.398977
18280	3.656	-0.086237	0.355394	0.393298
18285	3.657	-0.0862381	0.353207	0.387632
18290	3.658	-0.0862394	0.351057	0.38198
18295	3.659	-0.086242	0.348955	0.376345
18300	3.66	-0.0862456	0.346914	0.37073
18305	3.661	-0.0862502	0.344945	0.365137
18310	3.662	-0.0862557	0.34306	0.359567
18315	3.663	-0.086262	0.341266	0.354022
18320	3.664	-0.0862689	0.339575	0.348504
18325	3.665	-0.0862765	0.337994	0.343012
18330	3.666	-0.0862847	0.336531	0.337549
18335	3.667	-0.0862935	0.335192	0.332113
18340	3.668	-0.0863027	0.333982	0.326705
18345	3.669	-0.0863125	0.332907	0.321325
18350	3.67	-0.0863227	0.331969	0.315972
18355	3.671	-0.0863333	0.33117	0.310644
18360	3.672	-0.0863441	0.330512	0.305341
18365	3.673	-0.0863553	0.329994	0.30006
18370	3.674	-0.0863667	0.329614	0.294801
18375	3.675	-0.0863784	0.329373	0.289561
18380	3.676	-0.0863906	0.329273	0.284341
18385	3.677	-0.0864029	0.329317	0.279141
18390	3.678	-0.0864153	0.329506	0.273962
18395	3.679	-0.0864229	0.32999	0.2689
18400	3.68	-0.0864361	0.330725	0.263922
18405	3.681	-0.0864537	0.331614	0.258958
18410	3.682	-0.0864665	0.332638	0.253999
18415	3.683	-0.08647	0.334035	0.249205
18420	3.684	-0.086491	0.335588	0.244418
18425	3.685	-0.0865048	0.337283	0.23963
18430	3.686	-0.0865171	0.339112	0.234836
18435	3.687	-0.0865293	0.341073	0.230033
18440	3.688	-0.0865409	0.343202	0.225241
18445	3.689	-0.0865527	0.345454	0.220445
18450	3.69	-0.0865638	0.347814	0.21565
18455	3.691	-0.0865744	0.350262	0.210859
18460	3.692	-0.0865849	0.352776	0.206074
18465	3.693	-0.0865948	0.355335	0.201298
18470	3.694	-0.0866047	0.357917	0.196534
18475	3.695	-0.0866144	0.360499	0.191786
18480	3.696	-0.0866239	0.36306	0.187057
18485	3.697	-0.0866332	0.365579	0.18235
18490	3.698	-0.0866423	0.368034	0.177668
18495	3.699	-0.0866512	0.370405	0.173013
18500	3.7	-0.0866598	0.372675	0.168389
18505	3.701	-0.0866683	0.374825	0.163797
18510	3.702	-0.0866766	0.376839	0.159238
18515	3.703	-0.0866848	0.378702	0.154714
18520	3.704	-0.0866928	0.380401	0.150226
18525	3.705	-0.0867007	0.381923	0.145773
18530	3.706	-0.0867084	0.383259	0.141357
18535	3.707	-0.086716	0.384401	0.136975
18540	3.708	-0.0867235	0.385342	0.132628
18545	3.709	-0.086731	0.386079	0.128313
18550	3.71	-0.0867383	0.386612	0.12403
18555	3.711	-0.0867455	0.386941	0.119777
18560	3.712	-0.0867526	0.387065	0.115551
18565	3.713	-0.0867595	0.386988	0.11135
18570	3.714	-0.0867572	0.386644	0.10719
18575	3.715	-0.0867546	0.386171	0.103191
18580	3.716	-0.0867655	0.385558	0.0993065
18585	3.717	-0.0867812	0.384808	0.0954617
18590	3.718	-0.0867946	0.383924	0.0916081
18595	3.719	-0.0868018	0.382939	0.087743
18600	3.72	-0.0868078	0.381879	0.0838673
18605	3.721	-0.0868144	0.380764	0.0799764
18610	3.722	-0.0868211	0.379612	0.0760635
18615	3.723	-0.0868275	0.378442	0.0721235
18620	3.724	-0.0868335	0.377269	0.0681536
18625	3.725	-0.0868389	0.376108	0.0641534
18630	3.726	-0.0868444	0.374972	0.0601213
18635	3.727	-0.0868504	0.373869	0.0560495
18640	3.728	-0.0868548	0.372807	0.0519425
18645	3.729	-0.0868609	0.371781	0.0477856
18650	3.73	-0.0868649	0.370799	0.0435861
18655	3.731	-0.0868705	0.369868	0.0393379
18660	3.732	-0.0868744	0.368989	0.0350461
18665	3.733	-0.0868787	0.368174	0.0307151
18670	3.734	-0.0868832	0.367425	0.0263461
18675	3.735	-0.0868875	0.366748	0.0219407
18680	3.736	-0.0868916	0.366144	0.0175012
18685	3.737	-0.0868956	0.365616	0.0130298
18690	3.738	-0.0868995	0.365164	0.00852932
18695	3.739	-0.0869033	0.36479	0.00400265
18700	3.74	-0.0869069	0.364492	-0.000546876
18705	3.741	-0.0868241	0.364868	-0.0029687
18710	3.742	-0.0868211	0.365954	-0.00313733
18715	3.743	-0.0868639	0.367501	-0.00194072
18720	3.744	-0.0869108	0.369197	-0.00048057
18725	3.745	-0.0869299	0.370928	0.000843384
18730	3.746	-0.0869336	0.372681	0.00198144
18735	3.747	-0.0869368	0.374439	0.00289083
18740	3.748	-0.0869402	0.37619	0.00353595
18745	3.749	-0.0869437	0.377923	0.00388792
18750	3.75	-0.0869471	0.379626	0.00392403
18755	3.751	-0.0869504	0.38129	0.00362757
18760	3.752	-0.0869537	0.382908	0.00298721
18765	3.753	-0.0869569	0.384473	0.00199661
18770	3.754	-0.0869604	0.385978	0.000653772
18775	3.755	-0.086963	0.387419	-0.00103904
18780	3.756	-0.0869134	0.389149	-0.00178402
18785	3.757	-0.0869186	0.391141	-0.00166388
18790	3.758	-0.0869405	0.393273	-0.00109395
18795	3.759	-0.0869609	0.395418	-0.00050913
18800	3.76	-0.0869725	0.397502	-0.000169309
18805	3.761	-0.0869762	0.399506	-0.000121552
18810	3.762	-0.0869735	0.401452	-0.000268259
18815	3.763	-0.0868379	0.401459	-0.00123986
18820	3.764	-0.0869062	0.40143	-0.00160352
18825	3.765	-0.086931	0.401428	-0.00141706
18830	3.766	-0.0869547	0.401427	-0.000970526
18835	3.767	-0.0869756	0.401423	-0.000534568
18840	3.768	-0.0869864	0.40137	-0.000292852
18845	3.769	-0.08699	0.401263	-0.000269575
18850	3.77	-0.0869893	0.40113	-0.000383999
18855	3.771	-0.0869874	0.401001	-0.00053035
18860	3.772	-0.0869867	0.400899	-0.000633857
18865	3.773	-0.086988	0.400834	-0.000669073
18870	3.774	-0.0869906	0.400802	-0.000649876
18875	3.775	-0.0869937	0.400795	-0.000607118
18880	3.776	-0.0869961	0.400807	-0.000568485
18885	3.777	-0.0869982	0.400835	-0.000548352
18890	3.778	-0.0869999	0.400877	-0.000547283
18895	3.779	-0.0870013	0.400936	-0.000557582
18900	3.78	-0.0870026	0.401013	-0.000570007
18905	3.781	-0.0870041	0.40111	-0.000578314
18910	3.782	-0.0870057	0.401225	-0.000580584
18915	3.783	-0.0870073	0.401358	-0.000578238
18920	3.784	-0.087009	0.401506	-0.000574039
18925	3.785	-0.0869942	0.40143	-0.000665081
18930	3.786	-0.0870065	0.401388	-0.000678354
18935	3.787	-0.0870115	0.40137	-0.000640446
18940	3.788	-0.0870146	0.401365	-0.000588868
18945	3.789	-0.0870171	0.401364	-0.000550931
18950	3.79	-0.0870188	0.401362	-0.000536685
18955	3.791	-0.08702	0.40136	-0.000541988
18960	3.792	-0.0870209	0.401358	-0.000556248
18965	3.793	-0.0870218	0.401357	-0.000569548
18970	3.794	-0.0870229	0.401358	-0.000576545
18975	3.795	-0.0870242	0.401358	-0.000576786
18980	3.796	-0.0870256	0.401354	-0.000572838
18985	3.797	-0.0870269	0.401345	-0.000567955
18990	3.798	-0.0870281	0.401326	-0.000564397
18995	3.799	-0.0870293	0.401296	-0.000562947
19000	3.8	-0.0870304	0.401252	-0.000563161
19005	3.801	-0.0870315	0.401194	-0.000564089
19010	3.802	-0.0870325	0.401118	-0.000564885
19015	3.803	-0.0870336	0.401024	-0.00056512
19020	3.804	-0.0870346	0.400909	-0.000564788
19025	3.805	-0.0870357	0.400771	-0.000564123
19030	3.806	-0.0870367	0.400608	-0.000563404
19035	3.807	-0.0870377	0.400417	-0.00056283
19040	3.808	-0.0870386	0.400198	-0.000562455
19045	3.809	-0.0870396	0.399949	-0.000562085
19050	3.81	-0.0870405	0.399668	-0.000561521
19055	3.811	-0.0870414	0.399353	-0.000561014
19060	3.812	-0.0870423	0.399003	-0.000560705
19065	3.813	-0.0870432	0.398616	-0.000560593
19070	3.814	-0.0870441	0.398191	-0.000560617
19075	3.815	-0.0870449	0.397725	-0.00056071
19080	3.816	-0.0870458	0.397218	-0.000560834
19085	3.817	-0.0870466	0.396669	-0.000560915
19090	3.818	-0.0870474	0.396075	-0.000560932
19095	3.819	-0.0870482	0.395437	-0.000560913
19100	3.82	-0.0870491	0.394752	-0.000560875
19105	3.821	-0.0870498	0.39402	-0.000560848
19110	3.822	-0.0870506	0.39324	-0.000560844
19115	3.823	-0.0870513	0.39241	-0.000560865
19120	3.824	-0.087052	0.39153	-0.000560901
19125	3.825	-0.0870527	0.390599	-0.000560933
19130	3.826	-0.0870534	0.389615	-0.000560942
19135	3.827	-0.087054	0.388578	-0.000560936
19140	3.828	-0.0870547	0.387486	-0.000560925
19145	3.829	-0.0870554	0.386338	-0.000560895
19150	3.83	-0.087056	0.385133	-0.00056086
19155	3.831	-0.0870567	0.383869	-0.000560803
19160	3.832	-0.0870576	0.382546	-0.000560732
19165	3.833	-0.0870585	0.381162	-0.000560644
19170	3.834	-0.0870596	0.379716	-0.000560542
19175	3.835	-0.0870608	0.378206	-0.000560409
19180	3.836	-0.0870623	0.376631	-0.000560249
19185	3.837	-0.087064	0.374989	-0.000560055
19190	3.838	-0.0870659	0.373279	-0.000559816
19195	3.839	-0.0870681	0.371499	-0.000559529
19200	3.84	-0.0870706	0.369647	-0.000559182
19205	3.841	-0.0870734	0.367721	-0.000558789
19210	3.842	-0.0870765	0.365721	-0.000558338
19215	3.843	-0.0870799	0.363643	-0.000557818
19220	3.844	-0.0870837	0.361486	-0.000557226
19225	3.845	-0.0870879	0.359247	-0.000556554
19230	3.846	-0.0870928	0.356928	-0.000554877
19235	3.847	-0.0870478	0.352991	-0.000399368
19240	3.848	-0.0871023	0.348949	-0.000373022
19245	3.849	-0.0871155	0.344839	-0.000422355
19250	3.85	-0.0871223	0.340699	-0.000487856
19255	3.851	-0.0871308	0.336563	-0.000527715
19260	3.852	-0.0871414	0.332454	-0.000528335
19265	3.853	-0.0871534	0.328385	-0.00049828
19270	3.854	-0.087166	0.324366	-0.000455305
19275	3.855	-0.0871789	0.320409	-0.000415013
19280	3.856	-0.0871918	0.316522	-0.0003852
19285	3.857	-0.0872048	0.312717	-0.000365759
19290	3.858	-0.0872178	0.309007	-0.000352003
19295	3.859	-0.0872311	0.305402	-0.000338516
19300	3.86	-0.0872166	0.30106	-0.000246627
19305	3.861	-0.0872571	0.296825	-0.000216327
19310	3.862	-0.0874445	0.292725	-0.000223908
19315	3.863	-0.0880331	0.288794	-0.000242397
19320	3.864	-0.0891675	0.285058	-0.000249423
19325	3.865	-0.0908902	0.281539	-0.000235471
19330	3.866	-0.0931611	0.27825	-0.000201837
19335	3.867	-0.0958849	0.2752	-0.000156753
19340	3.868	-0.0989606	0.272393	-0.000110129
19345	3.869	-0.102246	0.269833	-6.77509e-005
19350	3.87	-0.105623	0.267521	-3.20498e-005
19355	3.871	-0.109017	0.26546	-2.95858e-006
19360	3.872	-0.112026	0.263218	0.000107048
19365	3.873	-0.11508	0.261236	0.000240942
19370	3.874	-0.118216	0.259524	0.000418677
19375	3.875	-0.121325	0.257947	0.00068342
19380	3.876	-0.124536	0.256641	0.00103297
19385	3.877	-0.127785	0.255571	0.00149531
19390	3.878	-0.131084	0.254737	0.00209076
19395	3.879	-0.134454	0.254143	0.0028398
19400	3.88	-0.137914	0.253791	0.00376451
19405	3.881	-0.141407	0.253577	0.00490098
19410	3.882	-0.144982	0.253518	0.00627362
19415	3.883	-0.148687	0.253623	0.00791057
19420	3.884	-0.152563	0.253901	0.00984252
19425	3.885	-0.15664	0.25436	0.0121009
19430	3.886	-0.160932	0.255009	0.0147172
19435	3.887	-0.16544	0.255855	0.0177225
19440	3.888	-0.170155	0.256906	0.0211457
19445	3.889	-0.175063	0.258171	0.0250127
19450	3.89	-0.180158	0.259652	0.0293453
19455	3.891	-0.185417	0.261351	0.0341606
19460	3.892	-0.190813	0.263266	0.0394709
19465	3.893	-0.195878	0.26459	0.0453756
19470	3.894	-0.2011	0.265944	0.0517797
19475	3.895	-0.206356	0.26689	0.0587028
19480	3.896	-0.21159	0.267323	0.0661599
19485	3.897	-0.21705	0.267571	0.074103
19490	3.898	-0.222913	0.26793	0.0824893
19495	3.899	-0.229063	0.268379	0.0913207
19500	3.9	-0.235414	0.268905	0.100581
19505	3.901	-0.24192	0.269501	0.110244
19510	3.902	-0.248513	0.270157	0.12028
19515	3.903	-0.255125	0.270862	0.130659
19520	3.904	-0.261711	0.271601	0.141351
19525	3.905	-0.268253	0.272358	0.152324
19530	3.906	-0.274755	0.27312	0.163543
19535	3.907	-0.281237	0.273875	0.174972
19540	3.908	-0.28772	0.274608	0.186573
19545	3.909	-0.294201	0.275309	0.198312
19550	3.91	-0.300697	0.275971	0.210152
19555	3.911	-0.307227	0.276584	0.22206
19560	3.912	-0.313801	0.277141	0.234002
19565	3.913	-0.320413	0.277636	0.245946
19570	3.914	-0.327052	0.278062	0.257861
19575	3.915	-0.333698	0.278416	0.269719
19580	3.916	-0.340281	0.278701	0.281524
19585	3.917	-0.346766	0.27892	0.29328
19590	3.918	-0.353118	0.279079	0.304992
19595	3.919	-0.349455	0.279026	0.317114
19600	3.92	-0.349074	0.278965	0.329053
19605	3.921	-0.349196	0.278871	0.340939
19610	3.922	-0.349242	0.278744	0.352802
19615	3.923	-0.349262	0.278594	0.364642
19620	3.924	-0.349279	0.278433	0.376463
19625	3.925	-0.349293	0.278267	0.388266
19630	3.926	-0.349305	0.278107	0.400056
19635	3.927	-0.349315	0.277959	0.411833
19640	3.928	-0.349324	0.277831	0.423602
19645	3.929	-0.349332	0.277729	0.435365
19650	3.93	-0.349339	0.277659	0.447122
19655	3.931	-0.349343	0.277627	0.458877
19660	3.932	-0.349347	0.277637	0.470632
19665	3.933	-0.349349	0.277695	0.482387
19670	3.934	-0.349351	0.277803	0.494144
19675	3.935	-0.349351	0.277967	0.505905
19680	3.936	-0.349351	0.278191	0.517671
19685	3.937	-0.34935	0.278477	0.529444
19690	3.938	-0.349349	0.278829	0.541224
19695	3.939	-0.349347	0.279248	0.553012
19700	3.94	-0.349345	0.279736	0.56481
19705	3.941	-0.349343	0.280295	0.576618
19710	3.942	-0.349341	0.280925	0.588436
19715	3.943	-0.349338	0.281625	0.600265
19720	3.944	-0.349335	0.282396	0.612105
19725	3.945	-0.349333	0.283238	0.623957
19730	3.946	-0.34933	0.284149	0.63582
19735	3.947	-0.349327	0.285128	0.647696
19740	3.948	-0.349324	0.286172	0.659584
19745	3.949	-0.34932	0.287281	0.671484
19750	3.95	-0.349317	0.288452	0.683396
19755	3.951	-0.349314	0.289683	0.69532
19760	3.952	-0.349311	0.290971	0.707256
19765	3.953	-0.349307	0.292313	0.719205
19770	3.954	-0.349304	0.293707	0.731165
19775	3.955	-0.349301	0.29515	0.743138
19780	3.956	-0.349297	0.296638	0.755122
19785	3.957	-0.349294	0.298169	0.767118
19790	3.958	-0.349291	0.29974	0.779126
19795	3.959	-0.349288	0.301347	0.791144
19800	3.96	-0.349285	0.302988	0.803174
19805	3.961	-0.349281	0.304661	0.815215
19810	3.962	-0.349278	0.306361	0.827266
19815	3.963	-0.349275	0.308088	0.839327
19820	3.964	-0.349272	0.309837	0.851398
19825	3.965	-0.349269	0.311608	0.863479
19830	3.966	-0.349267	0.313397	0.87557
19835	3.967	-0.349264	0.315203	0.88767
19840	3.968	-0.349261	0.317025	0.899778
19845	3.969	-0.349258	0.318859	0.911896
19850	3.97	-0.349256	0.320706	0.924021
19855	3.971	-0.349253	0.322564	0.936155
19860	3.972	-0.349251	0.324431	0.948297
19865	3.973	-0.349248	0.326307	0.960446
19870	3.974	-0.349246	0.328192	0.972602
19875	3.975	-0.349243	0.330085	0.984765
19880	3.976	-0.349241	0.331985	0.996934
19885	3.977	-0.349239	0.333892	1.00911
19890	3.978	-0.349236	0.335808	1.02129
19895	3.979	-0.349234	0.337731	1.03348
19900	3.98	-0.349232	0.339662	1.04567
19905	3.981	-0.34923	0.341602	1.05786
19910	3.982	-0.350042	0.343009	1.06464
19915	3.983	-0.350161	0.343838	1.06576
19920	3.984	-0.34998	0.34421	1.06229
19925	3.985	-0.349668	0.344315	1.05613
19930	3.986	-0.349329	0.344362	1.04933
19935	3.987	-0.349218	0.344424	1.04257
19940	3.988	-0.349222	0.344504	1.03583
19945	3.989	-0.349223	0.3446	1.02913
19950	3.99	-0.349221	0.344718	1.02247
19955	3.991	-0.349219	0.344862	1.01584
19960	3.992	-0.349218	0.345034	1.00925
19965	3.993	-0.349217	0.345239	1.0027
19970	3.994	-0.349216	0.345481	0.99618
19975	3.995	-0.349216	0.345763	0.989697
19980	3.996	-0.349215	0.346089	0.983248
19985	3.997	-0.349214	0.346464	0.976833
19990	3.998	-0.349213	0.346889	0.970449
19995	3.999	-0.349212	0.34737	0.964096
20000	4	-0.349213	0.347902	0.957754
20005	4.001	-0.349212	0.348486	0.951422
20010	4.002	-0.349211	0.349155	0.945099
20015	4.003	-0.34921	0.34988	0.93878
20020	4.004	-0.349208	0.350658	0.932472
20025	4.005	-0.349207	0.351484	0.926183
20030	4.006	-0.349205	0.352353	0.919913
20035	4.007	-0.349205	0.353262	0.913661
20040	4.008	-0.349204	0.354204	0.907423
20045	4.009	-0.349203	0.355175	0.901196
20050	4.01	-0.349202	0.356172	0.894981
20055	4.011	-0.349201	0.35719	0.888775
20060	4.012	-0.3492	0.358225	0.88258
20065	4.013	-0.349198	0.359273	0.876393
20070	4.014	-0.349197	0.360332	0.870221
20075	4.015	-0.349195	0.361399	0.864069
20080	4.016	-0.349193	0.36247	0.857941
20085	4.017	-0.349191	0.363545	0.851842
20090	4.018	-0.34919	0.36462	0.845776
20095	4.019	-0.349188	0.365695	0.839745
20100	4.02	-0.349186	0.366767	0.833753
20105	4.021	-0.349185	0.367836	0.827802
20110	4.022	-0.349183	0.368901	0.821896
20115	4.023	-0.349182	0.36996	0.816034
20120	4.024	-0.349181	0.371014	0.810218
20125	4.025	-0.34918	0.372063	0.80445
20130	4.026	-0.349178	0.373107	0.798732
20135	4.027	-0.349177	0.374147	0.793063
20140	4.028	-0.349176	0.375182	0.787443
20145	4.029	-0.349175	0.376214	0.781873
20150	4.03	-0.349174	0.377243	0.776352
20155	4.031	-0.349173	0.37827	0.770879
20160	4.032	-0.349172	0.379296	0.765454
20165	4.033	-0.349171	0.380323	0.760078
20170	4.034	-0.34917	0.381351	0.754749
20175	4.035	-0.349169	0.382382	0.749469
20180	4.036	-0.349168	0.383418	0.744235
20185	4.037	-0.349167	0.384459	0.73905
20190	4.038	-0.349166	0.385509	0.733912
20195	4.039	-0.349165	0.386567	0.728821
20200	4.04	-0.349164	0.387637	0.723777
20205	4.041	-0.349163	0.388719	0.71878
20210	4.042	-0.349162	0.389814	0.71383
20215	4.043	-0.349161	0.390925	0.708926
20220	4.044	-0.34916	0.392052	0.704068
20225	4.045	-0.349159	0.393198	0.699255
20230	4.046	-0.349158	0.394362	0.694487
20235	4.047	-0.349157	0.395546	0.689764
20240	4.048	-0.349156	0.396751	0.685084
20245	4.049	-0.349155	0.397978	0.680446
20250	4.05	-0.349154	0.399226	0.67585
20255	4.051	-0.349153	0.400498	0.671295
20260	4.052	-0.349152	0.401792	0.666778
20265	4.053	-0.348673	0.401454	0.661946
20270	4.054	-0.350272	0.401181	0.65706
20275	4.055	-0.349225	0.400907	0.652336
20280	4.056	-0.349111	0.400708	0.647614
20285	4.057	-0.349138	0.400589	0.642932
20290	4.058	-0.349143	0.400559	0.6383
20295	4.059	-0.349143	0.40063	0.633717
20300	4.06	-0.349142	0.400815	0.629183
20305	4.061	-0.349141	0.401119	0.624697
20310	4.062	-0.34914	0.401552	0.620257
20315	4.063	-0.349097	0.401438	0.615696
20320	4.064	-0.349128	0.401426	0.611169
20325	4.065	-0.349123	0.401428	0.606659
20330	4.066	-0.349119	0.401428	0.602159
20335	4.067	-0.349116	0.401428	0.59767
20340	4.068	-0.349114	0.401428	0.593191
20345	4.069	-0.349111	0.401428	0.588721
20350	4.07	-0.349109	0.401428	0.584259
20355	4.071	-0.349106	0.401428	0.579803
20360	4.072	-0.349103	0.401428	0.575353
20365	4.073	-0.3491	0.401428	0.570907
20370	4.074	-0.349096	0.401428	0.566464
20375	4.075	-0.349093	0.401428	0.562022
20380	4.076	-0.349089	0.401428	0.557581
20385	4.077	-0.349085	0.401428	0.55314
20390	4.078	-0.34908	0.401428	0.548697
20395	4.079	-0.349074	0.401428	0.544251
20400	4.08	-0.349068	0.401428	0.539802
20405	4.081	-0.348915	0.401428	0.535356
20410	4.082	-0.348448	0.401428	0.530922
20415	4.083	-0.347543	0.401428	0.526503
20420	4.084	-0.346117	0.401428	0.522105
20425	4.085	-0.344113	0.401428	0.517728
20430	4.086	-0.341475	0.401428	0.513375
20435	4.087	-0.338133	0.401428	0.509047
20440	4.088	-0.333993	0.401427	0.504748
20445	4.089	-0.328928	0.401427	0.500481
20450	4.09	-0.322789	0.401427	0.496252
20455	4.091	-0.315422	0.401427	0.492066
20460	4.092	-0.306693	0.401426	0.487923
20465	4.093	-0.296515	0.401426	0.483824
20470	4.094	-0.284849	0.401415	0.479761
20475	4.095	-0.271729	0.401377	0.475721
20480	4.096	-0.257268	0.401298	0.471685
20485	4.097	-0.241587	0.401164	0.467636
20490	4.098	-0.224902	0.400964	0.463552
20495	4.099	-0.207518	0.400689	0.459408
20500	4.1	-0.189692	0.400331	0.455186
20505	4.101	-0.171616	0.399882	0.450867
20510	4.102	-0.15341	0.399335	0.446442
20515	4.103	-0.135138	0.398686	0.4419
20520	4.104	-0.116837	0.397938	0.437239
20525	4.105	-0.0985314	0.397096	0.432458
20530	4.106	-0.0802471	0.396169	0.427555
20535	4.107	-0.0862052	0.395672	0.421915
20540	4.108	-0.087097	0.395042	0.416366
20545	4.109	-0.0868505	0.394349	0.410805
20550	4.11	-0.0867074	0.393619	0.405198
20555	4.111	-0.0866331	0.392856	0.399544
20560	4.112	-0.0865715	0.392063	0.393845
20565	4.113	-0.0865171	0.391245	0.388104
20570	4.114	-0.0864702	0.390409	0.382324
20575	4.115	-0.0864293	0.38956	0.376511
20580	4.116	-0.0863925	0.388707	0.370669
20585	4.117	-0.0863596	0.387856	0.364805
20590	4.118	-0.0863292	0.387015	0.358925
20595	4.119	-0.0863059	0.386191	0.353036
20600	4.12	-0.0862868	0.385391	0.347142
20605	4.121	-0.0862713	0.384623	0.341251
20610	4.122	-0.0862593	0.383891	0.335365
20615	4.123	-0.0862503	0.383204	0.329491
20620	4.124	-0.0862443	0.382567	0.323631
20625	4.125	-0.0862408	0.381987	0.31779
20630	4.126	-0.0862401	0.381469	0.311969
20635	4.127	-0.0862402	0.38102	0.306172
20640	4.128	-0.0862416	0.380645	0.300401
20645	4.129	-0.0862442	0.380349	0.294658
20650	4.13	-0.0862478	0.380138	0.288946
20655	4.131	-0.0862525	0.380017	0.283266
20660	4.132	-0.086258	0.37999	0.277619
20665	4.133	-0.0862643	0.380061	0.272007
20670	4.134	-0.0862714	0.380242	0.266432
20675	4.135	-0.0862788	0.380519	0.260892
20680	4.136	-0.0862874	0.380911	0.255391
20685	4.137	-0.0862959	0.381403	0.249925
20690	4.138	-0.0863057	0.382014	0.244498
20695	4.139	-0.0863152	0.382725	0.239104
20700	4.14	-0.086326	0.383559	0.233751
20705	4.141	-0.0863363	0.384493	0.22843
20710	4.142	-0.086348	0.385551	0.223148
20715	4.143	-0.0863589	0.386707	0.217897
20720	4.144	-0.0863711	0.387989	0.212684
20725	4.145	-0.0863824	0.389375	0.207505
20730	4.146	-0.0863951	0.390885	0.202363
20735	4.147	-0.0864075	0.392517	0.197257
20740	4.148	-0.0864187	0.394224	0.192172
20745	4.149	-0.0864322	0.396048	0.187119
20750	4.15	-0.086444	0.398015	0.182106
20755	4.151	-0.0864562	0.400108	0.17713
20760	4.152	-0.0864683	0.402303	0.17219
20765	4.153	-0.0862889	0.401478	0.165669
20770	4.154	-0.0864625	0.400713	0.159168
20775	4.155	-0.086496	0.399999	0.152715
20780	4.156	-0.0865096	0.399336	0.146321
20785	4.157	-0.086523	0.398727	0.139999
20790	4.158	-0.086537	0.398175	0.13376
20795	4.159	-0.0865496	0.397707	0.127632
20800	4.16	-0.0865626	0.397291	0.121605
20805	4.161	-0.0865743	0.396926	0.115686
20810	4.162	-0.0865852	0.396609	0.10988
20815	4.163	-0.0865955	0.396337	0.104191
20820	4.164	-0.0866054	0.396105	0.0986205
20825	4.165	-0.0866143	0.395908	0.0931701
20830	4.166	-0.086624	0.395743	0.0878391
20835	4.167	-0.0866335	0.395602	0.0826259
20840	4.168	-0.086643	0.395481	0.0775281
20845	4.169	-0.0866524	0.395374	0.0725423
20850	4.17	-0.0866615	0.395275	0.0676641
20855	4.171	-0.0866706	0.395178	0.0628888
20860	4.172	-0.0866797	0.395081	0.058211
20865	4.173	-0.0866886	0.394978	0.0536248
20870	4.174	-0.0866974	0.394868	0.0491242
20875	4.175	-0.0867058	0.394746	0.0447026
20880	4.176	-0.086714	0.39461	0.0403537
20885	4.177	-0.0867221	0.394457	0.0360707
20890	4.178	-0.08673	0.394283	0.0318471
20895	4.179	-0.0867377	0.394087	0.0276763
20900	4.18	-0.0867453	0.393866	0.0235518
20905	4.181	-0.0867526	0.393617	0.0194675
20910	4.182	-0.0867597	0.393338	0.0154173
20915	4.183	-0.0867667	0.393028	0.0113957
20920	4.184	-0.0867735	0.392683	0.00739714
20925	4.185	-0.0867802	0.392303	0.00341671
20930	4.186	-0.0867866	0.391886	-0.000550229
20935	4.187	-0.0867168	0.391955	-0.00261288
20940	4.188	-0.0867188	0.392532	-0.00270669
20945	4.189	-0.0867601	0.393393	-0.0016346
20950	4.19	-0.0868035	0.394272	-0.000363817
20955	4.191	-0.0868222	0.395081	0.000789743
20960	4.192	-0.0868284	0.395808	0.00177716
20965	4.193	-0.0868339	0.396442	0.0025567
20970	4.194	-0.0868395	0.396976	0.00309357
20975	4.195	-0.0868452	0.397402	0.00335945
20980	4.196	-0.0868507	0.397716	0.00333189
20985	4.197	-0.0868561	0.397912	0.00299409
20990	4.198	-0.0868614	0.397989	0.00233433
20995	4.199	-0.0868668	0.397944	0.00134563
21000	4.2	-0.0868719	0.397776	2.54012e-005
21005	4.201	-0.0868764	0.397486	-0.00162496
21010	4.202	-0.0868195	0.397493	-0.00208585
21015	4.203	-0.0868354	0.397715	-0.00166192
21020	4.204	-0.0868651	0.397997	-0.000906781
21025	4.205	-0.086888	0.398209	-0.000285889
21030	4.206	-0.0868993	0.398292	-1.32696e-005
21035	4.207	-0.0869011	0.398254	-6.46394e-005
21040	4.208	-0.0868978	0.398137	-0.000286878
21045	4.209	-0.0868945	0.397986	-0.00051691
21050	4.21	-0.0868944	0.397827	-0.000655685
21055	4.211	-0.0868974	0.397667	-0.000683902
21060	4.212	-0.0869026	0.397494	-0.000637354
21065	4.213	-0.0869082	0.397294	-0.000568715
21070	4.214	-0.0869131	0.397054	-0.000518067
21075	4.215	-0.0869169	0.396771	-0.000500945
21080	4.216	-0.0869198	0.396444	-0.000511935
21085	4.217	-0.0869223	0.396078	-0.00053514
21090	4.218	-0.0869247	0.395677	-0.000555576
21095	4.219	-0.0869275	0.395242	-0.0005657
21100	4.22	-0.0869305	0.394772	-0.000565491
21105	4.221	-0.0869337	0.394266	-0.00055925
21110	4.222	-0.0869367	0.393721	-0.000552026
21115	4.223	-0.0869397	0.393137	-0.000547138
21120	4.224	-0.0869425	0.392511	-0.000545532
21125	4.225	-0.0869452	0.391844	-0.000546371
21130	4.226	-0.0869478	0.391136	-0.000548148
21135	4.227	-0.0869504	0.390386	-0.000549578
21140	4.228	-0.086953	0.389594	-0.000550065
21145	4.229	-0.0869556	0.388759	-0.000549663
21150	4.23	-0.0869581	0.387881	-0.00054878
21155	4.231	-0.0869607	0.386958	-0.000547855
21160	4.232	-0.0869631	0.385991	-0.000547165
21165	4.233	-0.0869656	0.384978	-0.000546766
21170	4.234	-0.086968	0.38392	-0.000546578
21175	4.235	-0.0869703	0.382815	-0.000546462
21180	4.236	-0.0869726	0.381663	-0.000546311
21185	4.237	-0.0869749	0.380464	-0.000546074
21190	4.238	-0.0869771	0.379218	-0.000545774
21195	4.239	-0.0869794	0.377923	-0.000545427
21200	4.24	-0.0869815	0.376579	-0.000545083
21205	4.241	-0.0869837	0.375186	-0.00054477
21210	4.242	-0.0869857	0.373744	-0.000544486
21215	4.243	-0.0869878	0.372252	-0.000544229
21220	4.244	-0.0869899	0.37071	-0.000543986
21225	4.245	-0.0869919	0.369117	-0.000543734
21230	4.246	-0.0869939	0.367473	-0.000543472
21235	4.247	-0.0869958	0.365778	-0.000543209
21240	4.248	-0.0869977	0.364032	-0.000542938
21245	4.249	-0.0869996	0.362233	-0.000542671
21250	4.25	-0.0870015	0.360383	-0.000542413
21255	4.251	-0.0870033	0.35848	-0.00054216
21260	4.252	-0.0870051	0.356524	-0.000541921
21265	4.253	-0.0870068	0.354515	-0.000541672
21270	4.254	-0.0870084	0.352457	-0.000543641
21275	4.255	-0.08701	0.35035	-0.000546005
21280	4.256	-0.0870116	0.348195	-0.000547519
21285	4.257	-0.0870134	0.345993	-0.000546917
21290	4.258	-0.0870154	0.343749	-0.000543404
21295	4.259	-0.0870174	0.341464	-0.00053772
21300	4.26	-0.0870194	0.339143	-0.000531215
21305	4.261	-0.0870214	0.336789	-0.000525004
21310	4.262	-0.0870234	0.334404	-0.000519609
21315	4.263	-0.0870252	0.331991	-0.000515014
21320	4.264	-0.0870271	0.329554	-0.000510872
21325	4.265	-0.0870289	0.327096	-0.000506806
21330	4.266	-0.0870306	0.324618	-0.000502586
21335	4.267	-0.0870323	0.322124	-0.000498162
21340	4.268	-0.087034	0.319615	-0.000493598
21345	4.269	-0.0870121	0.316969	-0.000426401
21350	4.27	-0.0870195	0.314195	-0.000373063
21355	4.271	-0.0870344	0.311377	-0.00037956
21360	4.272	-0.0870425	0.308578	-0.000430427
21365	4.273	-0.0870439	0.305833	-0.000484615
21370	4.274	-0.087045	0.303171	-0.000514548
21375	4.275	-0.0870477	0.300608	-0.000519206
21380	4.276	-0.0870504	0.298156	-0.000506072
21385	4.277	-0.087053	0.295824	-0.000487382
21390	4.278	-0.0870554	0.29362	-0.000473671
21395	4.279	-0.0870567	0.29155	-0.000467163
21400	4.28	-0.0870577	0.289619	-0.000466772
21405	4.281	-0.0870585	0.287831	-0.000470104
21410	4.282	-0.087059	0.286189	-0.000474762
21415	4.283	-0.0870598	0.284695	-0.000479158
21420	4.284	-0.0870605	0.283349	-0.000482669
21425	4.285	-0.0870611	0.282147	-0.000485474
21430	4.286	-0.0870617	0.281087	-0.000488194
21435	4.287	-0.0870622	0.280163	-0.000491408
21440	4.288	-0.0870626	0.27937	-0.00049544
21445	4.289	-0.0870629	0.278699	-0.000500296
21450	4.29	-0.0870631	0.278143	-0.000505759
21455	4.291	-0.0870632	0.277694	-0.000511566
21460	4.292	-0.0870632	0.277342	-0.000517513
21465	4.293	-0.0870633	0.277077	-0.000523477
21470	4.294	-0.0870632	0.276889	-0.000529415
21475	4.295	-0.0870632	0.276768	-0.000535351
21480	4.296	-0.0870631	0.276702	-0.000541283
21485	4.297	-0.087063	0.27668	-0.000547166
21490	4.298	-0.0870629	0.276692	-0.000552959
21495	4.299	-0.0870628	0.276727	-0.000558601
21500	4.3	-0.0870626	0.276774	-0.000564018
21505	4.301	-0.0870629	0.276828	-0.000567135
21510	4.302	-0.0870633	0.276883	-0.00056753
21515	4.303	-0.0870637	0.276933	-0.000566093
21520	4.304	-0.0870641	0.276973	-0.000564105
21525	4.305	-0.0870646	0.276996	-0.000562531
21530	4.306	-0.087065	0.276998	-0.000561748
21535	4.307	-0.0870653	0.276972	-0.000561641
21540	4.308	-0.0870656	0.276915	-0.000561841
21545	4.309	-0.087066	0.27682	-0.000561995
21550	4.31	-0.0870663	0.276684	-0.000561908
21555	4.311	-0.0870666	0.2765	-0.000561541
21560	4.312	-0.087067	0.276264	-0.000560993
21565	4.313	-0.0870674	0.27597	-0.000560379
21570	4.314	-0.0870679	0.275615	-0.000559769
21575	4.315	-0.0870686	0.275192	-0.000559191
21580	4.316	-0.0870694	0.274698	-0.000558612
21585	4.317	-0.0870704	0.274126	-0.000558015
21590	4.318	-0.0870717	0.273474	-0.000557349
21595	4.319	-0.0870732	0.272734	-0.000556602
21600	4.32	-0.087075	0.271904	-0.000555757
21605	4.321	-0.0870771	0.270977	-0.000554811
21610	4.322	-0.0870795	0.269949	-0.000553779
21615	4.323	-0.0870823	0.268815	-0.00055266
21620	4.324	-0.0870856	0.26757	-0.000551441
21625	4.325	-0.0870894	0.266208	-0.000550115
21630	4.326	-0.0870135	0.262292	-0.000351152
21635	4.327	-0.0870931	0.258211	-0.000322481
21640	4.328	-0.0871084	0.254014	-0.000389875
21645	4.329	-0.0871145	0.249755	-0.000475446
21650	4.33	-0.0871225	0.245477	-0.000525584
21655	4.331	-0.0871331	0.241211	-0.000523994
21660	4.332	-0.0871452	0.236976	-0.000482904
21665	4.333	-0.087158	0.232785	-0.000425934
21670	4.334	-0.0871709	0.22865	-0.000373371
21675	4.335	-0.0871837	0.224587	-0.000334978
21680	4.336	-0.0871963	0.220609	-0.000310265
21685	4.337	-0.0872089	0.216735	-0.000292942
21690	4.338	-0.0872218	0.212979	-0.000276009
21695	4.339	-0.0872351	0.209355	-0.000254947
21700	4.34	-0.087249	0.205876	-0.000228557
21705	4.341	-0.0872635	0.202552	-0.000198135
21710	4.342	-0.0875219	0.1994	-0.000170008
21715	4.343	-0.0882656	0.196435	-0.000146673
21720	4.344	-0.0896057	0.193672	-0.000125144
21725	4.345	-0.0915286	0.191122	-0.000100841
21730	4.346	-0.0939492	0.188794	-7.13227e-005
21735	4.347	-0.0967507	0.186695	-3.72844e-005
21740	4.348	-0.0998398	0.184835	-2.26637e-006
21745	4.349	-0.103076	0.183223	5.44596e-005
21750	4.35	-0.106355	0.18187	0.000153291
21755	4.351	-0.109626	0.18078	0.000311466
21760	4.352	-0.112872	0.17996	0.000543699
21765	4.353	-0.116091	0.179412	0.000862576
21770	4.354	-0.119295	0.179135	0.00127917
21775	4.355	-0.122493	0.17913	0.00180601
21780	4.356	-0.125693	0.179393	0.00245503
21785	4.357	-0.128893	0.179918	0.00323848
21790	4.358	-0.132098	0.1807	0.00416853
21795	4.359	-0.135353	0.18173	0.00525698
21800	4.36	-0.138716	0.183013	0.00651586
21805	4.361	-0.142372	0.184606	0.00793972
21810	4.362	-0.146201	0.186446	0.00955319
21815	4.363	-0.15009	0.188479	0.0113874
21820	4.364	-0.154219	0.19074	0.0134341
21825	4.365	-0.158508	0.193207	0.015731
21830	4.366	-0.162838	0.195825	0.0183287
21835	4.367	-0.167162	0.198552	0.0212706
21840	4.368	-0.171496	0.20136	0.024593
21845	4.369	-0.175905	0.204234	0.0283227
21850	4.37	-0.177026	0.202614	0.0331284
21855	4.371	-0.179472	0.201094	0.0383048
21860	4.372	-0.183491	0.199676	0.0438875
21865	4.373	-0.188889	0.198366	0.049917
21870	4.374	-0.195283	0.197174	0.056426
21875	4.375	-0.202257	0.196118	0.063437
21880	4.376	-0.209524	0.195212	0.0709588
21885	4.377	-0.216756	0.194466	0.0789978
21890	4.378	-0.223759	0.193884	0.0875505
21895	4.379	-0.230474	0.193469	0.0966039
21900	4.38	-0.236953	0.193221	0.106136
21905	4.381	-0.243296	0.193142	0.116118
21910	4.382	-0.249602	0.193229	0.126518
21915	4.383	-0.255943	0.193481	0.1373
21920	4.384	-0.262312	0.19389	0.148429
21925	4.385	-0.268762	0.194451	0.159866
21930	4.386	-0.275314	0.195154	0.171571
21935	4.387	-0.281967	0.19599	0.183504
21940	4.388	-0.288706	0.196946	0.195623
21945	4.389	-0.295503	0.19801	0.207889
21950	4.39	-0.302337	0.19917	0.220262
21955	4.391	-0.309188	0.200414	0.232704
21960	4.392	-0.316043	0.201731	0.245178
21965	4.393	-0.322906	0.203108	0.257646
21970	4.394	-0.329743	0.204538	0.270087
21975	4.395	-0.33649	0.206017	0.282504
21980	4.396	-0.343099	0.207541	0.294899
21985	4.397	-0.349544	0.209109	0.307271
21990	4.398	-0.349323	0.210612	0.319917
21995	4.399	-0.349152	0.212147	0.332538
22000	4.4	-0.349188	0.213717	0.345131
22005	4.401	-0.349221	0.215323	0.357705
22010	4.402	-0.349247	0.216964	0.370262
22015	4.403	-0.349268	0.21864	0.382801
22020	4.404	-0.349285	0.220351	0.395324
22025	4.405	-0.349299	0.222095	0.407831
22030	4.406	-0.34931	0.223872	0.420322
22035	4.407	-0.34932	0.225679	0.432798
22040	4.408	-0.349328	0.227515	0.445259
22045	4.409	-0.349335	0.229378	0.457706
22050	4.41	-0.349341	0.231265	0.47014
22055	4.411	-0.349345	0.233174	0.482561
22060	4.412	-0.349348	0.235103	0.494969
22065	4.413	-0.349349	0.23705	0.507366
22070	4.414	-0.34935	0.239014	0.519751
22075	4.415	-0.34935	0.240993	0.532126
22080	4.416	-0.349349	0.242986	0.544491
22085	4.417	-0.349348	0.244992	0.556847
22090	4.418	-0.349346	0.247009	0.569194
22095	4.419	-0.349344	0.249037	0.581534
22100	4.42	-0.349342	0.251075	0.593866
22105	4.421	-0.34934	0.253122	0.606192
22110	4.422	-0.349337	0.255177	0.618511
22115	4.423	-0.349335	0.25724	0.630825
22120	4.424	-0.349332	0.25931	0.643134
22125	4.425	-0.349329	0.261386	0.655437
22130	4.426	-0.349326	0.263469	0.667737
22135	4.427	-0.349323	0.265559	0.680032
22140	4.428	-0.34932	0.267655	0.692324
22145	4.429	-0.349316	0.269758	0.704614
22150	4.43	-0.349313	0.271867	0.716901
22155	4.431	-0.34931	0.273983	0.729185
22160	4.432	-0.349307	0.276106	0.741468
22165	4.433	-0.349303	0.278236	0.753748
22170	4.434	-0.3493	0.280375	0.766027
22175	4.435	-0.349297	0.282521	0.778305
22180	4.436	-0.349294	0.284678	0.790582
22185	4.437	-0.349291	0.286843	0.802857
22190	4.438	-0.349288	0.28902	0.815132
22195	4.439	-0.349284	0.291208	0.827406
22200	4.44	-0.349281	0.293408	0.839678
22205	4.441	-0.349278	0.295621	0.85195
22210	4.442	-0.349275	0.297847	0.864221
22215	4.443	-0.349273	0.300089	0.876491
22220	4.444	-0.34927	0.302345	0.88876
22225	4.445	-0.349267	0.304619	0.901027
22230	4.446	-0.349264	0.306909	0.913294
22235	4.447	-0.349261	0.309217	0.925559
22240	4.448	-0.349258	0.311544	0.937822
22245	4.449	-0.349256	0.31389	0.950083
22250	4.45	-0.349253	0.316256	0.962342
22255	4.451	-0.349251	0.318642	0.974598
22260	4.452	-0.349248	0.321049	0.986852
22265	4.453	-0.349246	0.323478	0.999103
22270	4.454	-0.349243	0.325928	1.01135
22275	4.455	-0.349241	0.328401	1.02359
22280	4.456	-0.349238	0.330895	1.03583
22285	4.457	-0.349236	0.333412	1.04807
22290	4.458	-0.349699	0.335631	1.05718
22295	4.459	-0.349951	0.337403	1.0618
22300	4.46	-0.34996	0.338736	1.06192
22305	4.461	-0.349794	0.339736	1.05858
22310	4.462	-0.349531	0.340565	1.05336
22315	4.463	-0.349263	0.341392	1.04795
22320	4.464	-0.34922	0.342246	1.04255
22325	4.465	-0.349225	0.343124	1.03718
22330	4.466	-0.349224	0.344028	1.03183
22335	4.467	-0.349222	0.344957	1.02652
22340	4.468	-0.34922	0.345914	1.02123
22345	4.469	-0.349219	0.3469	1.01597
22350	4.47	-0.349217	0.347916	1.01074
22355	4.471	-0.349217	0.348964	1.00554
22360	4.472	-0.349216	0.350045	1.00036
22365	4.473	-0.349215	0.351161	0.995211
22370	4.474	-0.349213	0.352312	0.990084
22375	4.475	-0.349213	0.353518	0.98498
22380	4.476	-0.349212	0.354761	0.979889
22385	4.477	-0.349211	0.356039	0.974799
22390	4.478	-0.34921	0.35735	0.969712
22395	4.479	-0.349208	0.358692	0.964634
22400	4.48	-0.349207	0.360059	0.95957
22405	4.481	-0.349205	0.361449	0.954521
22410	4.482	-0.349204	0.362858	0.949484
22415	4.483	-0.349203	0.364283	0.944458
22420	4.484	-0.349202	0.365721	0.93944
22425	4.485	-0.349201	0.367168	0.93443
22430	4.486	-0.3492	0.368622	0.929426
22435	4.487	-0.349199	0.370079	0.924426
22440	4.488	-0.349198	0.371537	0.91943
22445	4.489	-0.349197	0.372993	0.914437
22450	4.49	-0.349196	0.374446	0.909445
22455	4.491	-0.349195	0.375894	0.904454
22460	4.492	-0.349194	0.377334	0.899461
22465	4.493	-0.349193	0.378765	0.894465
22470	4.494	-0.349192	0.380186	0.889466
22475	4.495	-0.349191	0.381595	0.88446
22480	4.496	-0.34919	0.382992	0.879448
22485	4.497	-0.349189	0.384375	0.874427
22490	4.498	-0.349189	0.385745	0.869396
22495	4.499	-0.349188	0.387101	0.864353
22500	4.5	-0.349187	0.388442	0.859295
22505	4.501	-0.349186	0.389769	0.854223
22510	4.502	-0.349185	0.391084	0.849135
22515	4.503	-0.349184	0.392385	0.844029
22520	4.504	-0.349183	0.393675	0.838903
22525	4.505	-0.349183	0.394952	0.833756
22530	4.506	-0.349182	0.396219	0.828587
22535	4.507	-0.349181	0.397475	0.823392
22540	4.508	-0.34918	0.398722	0.818171
22545	4.509	-0.34918	0.39996	0.812921
22550	4.51	-0.349179	0.401191	0.807642
22555	4.511	-0.349178	0.402414	0.80233
22560	4.512	-0.348484	0.401462	0.796638
22565	4.513	-0.35059	0.400568	0.790795
22570	4.514	-0.349274	0.399637	0.78509
22575	4.515	-0.349129	0.398775	0.779319
22580	4.516	-0.349164	0.397988	0.773533
22585	4.517	-0.349172	0.397292	0.767748
22590	4.518	-0.349173	0.396706	0.761971
22595	4.519	-0.349173	0.396247	0.756206
22600	4.52	-0.349173	0.395927	0.750459
22605	4.521	-0.349172	0.395761	0.744735
22610	4.522	-0.349171	0.395755	0.739039
22615	4.523	-0.34917	0.395914	0.733377
22620	4.524	-0.349168	0.396239	0.727755
22625	4.525	-0.349165	0.396731	0.722176
22630	4.526	-0.349164	0.39739	0.716646
22635	4.527	-0.349162	0.398214	0.711167
22640	4.528	-0.349161	0.399198	0.705743
22645	4.529	-0.349159	0.40034	0.700376
22650	4.53	-0.349158	0.401634	0.695069
22655	4.531	-0.348867	0.401454	0.689482
22660	4.532	-0.350693	0.401426	0.683859
22665	4.533	-0.349246	0.401427	0.678443
22670	4.534	-0.349092	0.401429	0.673004
22675	4.535	-0.349131	0.401429	0.667601
22680	4.536	-0.349138	0.401429	0.662249
22685	4.537	-0.349136	0.401429	0.656949
22690	4.538	-0.349134	0.401429	0.651704
22695	4.539	-0.349132	0.401429	0.646514
22700	4.54	-0.349131	0.401429	0.641382
22705	4.541	-0.349129	0.401429	0.636308
22710	4.542	-0.349126	0.401429	0.631294
22715	4.543	-0.349124	0.401429	0.626337
22720	4.544	-0.349122	0.401429	0.62144
22725	4.545	-0.349119	0.401429	0.616599
22730	4.546	-0.349117	0.401429	0.611815
22735	4.547	-0.349115	0.401429	0.607085
22740	4.548	-0.349113	0.401429	0.602407
22745	4.549	-0.34911	0.401429	0.59778
22750	4.55	-0.349108	0.401429	0.593199
22755	4.551	-0.349106	0.401429	0.588664
22760	4.552	-0.349103	0.401429	0.584169
22765	4.553	-0.349101	0.401429	0.579713
22770	4.554	-0.349098	0.401429	0.575291
22775	4.555	-0.349095	0.401429	0.5709
22780	4.556	-0.349092	0.401429	0.566537
22785	4.557	-0.349089	0.401429	0.562198
22790	4.558	-0.349085	0.401429	0.557879
22795	4.559	-0.349081	0.401429	0.553578
22800	4.56	-0.349076	0.401429	0.549291
22805	4.561	-0.349071	0.401429	0.545014
22810	4.562	-0.349035	0.401429	0.540746
22815	4.563	-0.348795	0.401428	0.536494
22820	4.564	-0.348212	0.401428	0.532261
22825	4.565	-0.34719	0.401428	0.528049
22830	4.566	-0.345665	0.401428	0.523861
22835	4.567	-0.343584	0.401428	0.519694
22840	4.568	-0.340893	0.401428	0.51555
22845	4.569	-0.337514	0.401428	0.511429
22850	4.57	-0.333341	0.401428	0.507335
22855	4.571	-0.328239	0.401427	0.503269
22860	4.572	-0.322051	0.401427	0.499237
22865	4.573	-0.314619	0.401427	0.495242
22870	4.574	-0.305811	0.401426	0.491285
22875	4.575	-0.295539	0.401426	0.487364
22880	4.576	-0.283776	0.401419	0.483471
22885	4.577	-0.270557	0.401389	0.479592
22890	4.578	-0.256002	0.401323	0.475708
22895	4.579	-0.240228	0.401209	0.4718
22900	4.58	-0.223459	0.401036	0.467845
22905	4.581	-0.206004	0.400796	0.463818
22910	4.582	-0.188121	0.400483	0.459698
22915	4.583	-0.169997	0.400094	0.455469
22920	4.584	-0.15175	0.399625	0.451118
22925	4.585	-0.133447	0.399077	0.44664
22930	4.586	-0.115126	0.398457	0.442031
22935	4.587	-0.0968054	0.39777	0.43729
22940	4.588	-0.0785079	0.397025	0.432416
22945	4.589	-0.0861312	0.396773	0.426755
22950	4.59	-0.0871382	0.396387	0.421217
22955	4.591	-0.0868428	0.395959	0.415662
22960	4.592	-0.0866952	0.395519	0.410049
22965	4.593	-0.0866243	0.395066	0.404381
22970	4.594	-0.086564	0.394602	0.398661
22975	4.595	-0.0865104	0.394129	0.392892
22980	4.596	-0.086464	0.393651	0.38708
22985	4.597	-0.0864233	0.393174	0.381232
22990	4.598	-0.0863866	0.392703	0.375353
22995	4.599	-0.0863539	0.392245	0.369453
23000	4.6	-0.0863238	0.391807	0.363538
23005	4.601	-0.0863421	0.392706	0.357278
23010	4.602	-0.086288	0.393639	0.351019
23015	4.603	-0.086269	0.394612	0.344767
23020	4.604	-0.0862574	0.395629	0.33853
23025	4.605	-0.086248	0.396697	0.332319
23030	4.606	-0.0862414	0.397822	0.326141
23035	4.607	-0.0862372	0.39901	0.320002
23040	4.608	-0.0862354	0.400266	0.313906
23045	4.609	-0.0862361	0.401595	0.307859
23050	4.61	-0.0861336	0.401453	0.301194
23055	4.611	-0.0862242	0.401399	0.294579
23060	4.612	-0.086241	0.401431	0.288028
23065	4.613	-0.0862366	0.401428	0.281491
23070	4.614	-0.0862441	0.401428	0.274986
23075	4.615	-0.0862516	0.401428	0.268519
23080	4.616	-0.0862591	0.401428	0.262092
23085	4.617	-0.0862671	0.401428	0.255707
23090	4.618	-0.0862754	0.401428	0.249369
23095	4.619	-0.0862832	0.401428	0.243081
23100	4.62	-0.0862923	0.401428	0.236846
23105	4.621	-0.0863021	0.401428	0.230665
23110	4.622	-0.0863119	0.401428	0.224539
23115	4.623	-0.0863225	0.401428	0.21847
23120	4.624	-0.0863338	0.401428	0.212456
23125	4.625	-0.0863454	0.401428	0.206498
23130	4.626	-0.0863573	0.401428	0.200596
23135	4.627	-0.0863693	0.401428	0.194747
23140	4.628	-0.0863815	0.401428	0.188953
23145	4.629	-0.0863939	0.401428	0.18321
23150	4.63	-0.0864065	0.401428	0.177519
23155	4.631	-0.0864191	0.401428	0.171876
23160	4.632	-0.0864318	0.401428	0.16628
23165	4.633	-0.0864444	0.401428	0.160729
23170	4.634	-0.0864572	0.401428	0.155222
23175	4.635	-0.0864698	0.401428	0.149757
23180	4.636	-0.0864825	0.401428	0.144331
23185	4.637	-0.0864951	0.401428	0.138943
23190	4.638	-0.0865076	0.401427	0.133596
23195	4.639	-0.0865199	0.401427	0.12829
23200	4.64	-0.0865322	0.401427	0.123029
23205	4.641	-0.0865443	0.401427	0.117814
23210	4.642	-0.0865561	0.401427	0.112646
23215	4.643	-0.0865659	0.401427	0.107527
23220	4.644	-0.0865794	0.401427	0.102459
23225	4.645	-0.0865912	0.401427	0.0974409
23230	4.646	-0.0866013	0.401427	0.0924729
23235	4.647	-0.0866121	0.401427	0.0875541
23240	4.648	-0.0866228	0.401426	0.0826841
23245	4.649	-0.0866331	0.401426	0.0778619
23250	4.65	-0.0866432	0.401426	0.0730868
23255	4.651	-0.086653	0.401426	0.0683576
23260	4.652	-0.0866626	0.401426	0.0636733
23265	4.653	-0.086672	0.401426	0.0590328
23270	4.654	-0.0866812	0.401426	0.0544348
23275	4.655	-0.0866901	0.401426	0.0498783
23280	4.656	-0.0866988	0.401426	0.0453619
23285	4.657	-0.0867074	0.401426	0.0408844
23290	4.658	-0.0867157	0.401426	0.0364447
23295	4.659	-0.0867237	0.401423	0.0320397
23300	4.66	-0.0867314	0.401415	0.0276667
23305	4.661	-0.0867389	0.401399	0.0233226
23310	4.662	-0.0867463	0.401371	0.0190047
23315	4.663	-0.0867534	0.40133	0.0147102
23320	4.664	-0.0867604	0.401273	0.0104365
23325	4.665	-0.0867672	0.401197	0.00618109
23330	4.666	-0.0867739	0.401101	0.00194165
23335	4.667	-0.0867804	0.400981	-0.00228405
23340	4.668	-0.0866764	0.401591	-0.00376331
23345	4.669	-0.0866067	0.401449	-0.0035761
23350	4.67	-0.0867143	0.40143	-0.00207836
23355	4.671	-0.0867965	0.401426	-0.000385296
23360	4.672	-0.0868182	0.401365	0.00117634
23365	4.673	-0.0868244	0.40124	0.00255185
23370	4.674	-0.0868305	0.401042	0.00369529
23375	4.675	-0.0868369	0.400768	0.0045687
23380	4.676	-0.086843	0.400412	0.00514113
23385	4.677	-0.0868488	0.399972	0.00538826
23390	4.678	-0.0868545	0.399446	0.00529192
23395	4.679	-0.0868599	0.398831	0.00483967
23400	4.68	-0.086865	0.398129	0.00402427
23405	4.681	-0.0868704	0.397338	0.0028432
23410	4.682	-0.086875	0.39646	0.00129838
23415	4.683	-0.0868792	0.395496	-0.000604423
23420	4.684	-0.0868347	0.39478	-0.00165526
23425	4.685	-0.0868348	0.394337	-0.001765
23430	4.686	-0.0868555	0.394068	-0.00128252
23435	4.687	-0.0868789	0.393846	-0.000665239
23440	4.688	-0.0868951	0.393578	-0.000237546
23445	4.689	-0.0869026	0.393234	-0.000107508
23450	4.69	-0.0869027	0.392831	-0.000210515
23455	4.691	-0.0869001	0.392405	-0.000408752
23460	4.692	-0.0868982	0.391988	-0.000580443
23465	4.693	-0.0868998	0.391594	-0.000665456
23470	4.694	-0.0869036	0.391221	-0.000665344
23475	4.695	-0.0869085	0.390857	-0.000617184
23480	4.696	-0.0869136	0.390486	-0.000563012
23485	4.697	-0.0869178	0.390099	-0.00052979
23490	4.698	-0.0869212	0.389692	-0.000524157
23495	4.699	-0.0869239	0.389264	-0.000538031
23500	4.7	-0.0869264	0.388817	-0.000557358
23505	4.701	-0.086929	0.388352	-0.000571513
23510	4.702	-0.0869318	0.387867	-0.00057652
23515	4.703	-0.0869348	0.387359	-0.000573919
23520	4.704	-0.0869378	0.386824	-0.000567785
23525	4.705	-0.0869408	0.38626	-0.00056198
23530	4.706	-0.0869436	0.385664	-0.0005586
23535	4.707	-0.0869463	0.385032	-0.000557856
23540	4.708	-0.0869489	0.384364	-0.000558761
23545	4.709	-0.0869515	0.383658	-0.000560053
23550	4.71	-0.0869541	0.382913	-0.000560842
23555	4.711	-0.0869566	0.382125	-0.000560832
23560	4.712	-0.0869591	0.381295	-0.000560197
23565	4.713	-0.0869617	0.380419	-0.000559313
23570	4.714	-0.0869641	0.379497	-0.000558511
23575	4.715	-0.0869665	0.378527	-0.000557948
23580	4.716	-0.0869689	0.377507	-0.000557632
23585	4.717	-0.0869713	0.376437	-0.00055747
23590	4.718	-0.0869736	0.375316	-0.000557354
23595	4.719	-0.0869759	0.374141	-0.000557209
23600	4.72	-0.0869781	0.372913	-0.000557013
23605	4.721	-0.0869803	0.371631	-0.000556785
23610	4.722	-0.0869825	0.370293	-0.00055655
23615	4.723	-0.0869847	0.3689	-0.000556337
23620	4.724	-0.0869868	0.36745	-0.000556156
23625	4.725	-0.0869889	0.365944	-0.000556012
23630	4.726	-0.0869909	0.36438	-0.00055589
23635	4.727	-0.086993	0.362758	-0.000555793
23640	4.728	-0.086995	0.361078	-0.000555697
23645	4.729	-0.086997	0.35934	-0.000555612
23650	4.73	-0.0869989	0.357544	-0.000555529
23655	4.731	-0.0870008	0.355688	-0.000555443
23660	4.732	-0.0870027	0.353775	-0.000555363
23665	4.733	-0.0870046	0.351802	-0.000555286
23670	4.734	-0.0870064	0.349771	-0.000555218
23675	4.735	-0.0870082	0.34768	-0.000555152
23680	4.736	-0.08701	0.345531	-0.00055509
23685	4.737	-0.0870117	0.343324	-0.000555026
23690	4.738	-0.0870137	0.341062	-0.000553194
23695	4.739	-0.0870159	0.33875	-0.000549086
23700	4.74	-0.087018	0.336394	-0.000543323
23705	4.741	-0.0870202	0.333996	-0.000536977
23710	4.742	-0.0870222	0.331561	-0.000530896
23715	4.743	-0.0870243	0.329094	-0.000525463
23720	4.744	-0.0870263	0.326597	-0.000520631
23725	4.745	-0.0870283	0.324077	-0.000516142
23730	4.746	-0.0870302	0.321536	-0.000511702
23735	4.747	-0.0870321	0.318978	-0.000507164
23740	4.748	-0.0870339	0.316407	-0.000502487
23745	4.749	-0.0870357	0.313826	-0.000497742
23750	4.75	-0.0870375	0.311238	-0.000493028
23755	4.751	-0.0870392	0.308645	-0.000488425
23760	4.752	-0.0870408	0.30605	-0.000483989
23765	4.753	-0.0870425	0.303456	-0.000479692
23770	4.754	-0.087044	0.300863	-0.000475519
23775	4.755	-0.0870455	0.298273	-0.000471444
23780	4.756	-0.087047	0.295689	-0.00046746
23785	4.757	-0.0870484	0.29311	-0.000463567
23790	4.758	-0.0870498	0.290538	-0.000459772
23795	4.759	-0.0870511	0.287972	-0.000456095
23800	4.76	-0.0870524	0.285414	-0.000452544
23805	4.761	-0.0870537	0.282862	-0.000449102
23810	4.762	-0.0870546	0.280324	-0.000450216
23815	4.763	-0.0870556	0.277799	-0.000452097
23820	4.764	-0.0870566	0.275289	-0.000452298
23825	4.765	-0.0870577	0.27279	-0.000450147
23830	4.766	-0.0870587	0.270301	-0.000446279
23835	4.767	-0.0870598	0.267821	-0.000441823
23840	4.768	-0.0870608	0.265346	-0.000437726
23845	4.769	-0.0870617	0.262875	-0.000434419
23850	4.77	-0.0870627	0.260405	-0.000431805
23855	4.771	-0.0870635	0.257934	-0.000429582
23860	4.772	-0.0870644	0.255459	-0.000427392
23865	4.773	-0.0870653	0.25298	-0.000425014
23870	4.774	-0.0870661	0.250492	-0.000422388
23875	4.775	-0.0870669	0.247995	-0.000419571
23880	4.776	-0.0870677	0.245486	-0.000416661
23885	4.777	-0.0870685	0.242963	-0.000413719
23890	4.778	-0.0870693	0.240423	-0.000410761
23895	4.779	-0.0870701	0.237865	-0.000407789
23900	4.78	-0.0870708	0.235286	-0.000404744
23905	4.781	-0.086844	0.225978	0.000216113
23910	4.782	-0.0870487	0.216552	0.000506015
23915	4.783	-0.0870807	0.207088	0.000512721
23920	4.784	-0.0870859	0.19767	0.00025975
23925	4.785	-0.0870917	0.188321	-0.000280182
23930	4.786	-0.0870802	0.179261	-0.000614448
23935	4.787	-0.0870859	0.170574	-0.000665618
23940	4.788	-0.0870768	0.162057	-0.000491826
23945	4.789	-0.0871037	0.153911	-0.000262065
23950	4.79	-0.0871193	0.146209	-8.74808e-005
23955	4.791	-0.0871248	0.138986	-9.31189e-006
23960	4.792	-0.0871266	0.132289	-1.17271e-005
23965	4.793	-0.0871266	0.126163	-5.24242e-005
23970	4.794	-0.0871249	0.120641	-8.95026e-005
23975	4.795	-0.0871257	0.11575	-0.000105879
23980	4.796	-0.087127	0.111496	-9.97849e-005
23985	4.797	-0.0871284	0.107879	-8.10335e-005
23990	4.798	-0.0871297	0.104895	-6.21667e-005
23995	4.799	-0.0871307	0.102534	-5.18361e-005
24000	4.8	-0.0871307	0.100763	-5.68495e-005
24005	4.801	-0.0871304	0.099569	-6.81168e-005
24010	4.802	-0.0871307	0.0989285	-8.2308e-005
24015	4.803	-0.0871298	0.0988011	-9.6501e-005
24020	4.804	-0.0871308	0.0991566	-0.00011115
24025	4.805	-0.0871323	0.0999659	-0.000126718
24030	4.806	-0.0871338	0.101195	-0.000143533
24035	4.807	-0.0871355	0.102804	-0.000161515
24040	4.808	-0.0871374	0.104751	-0.000180348
24045	4.809	-0.0871399	0.106993	-0.000199613
24050	4.81	-0.087143	0.109486	-0.000218894
24055	4.811	-0.0871467	0.112186	-0.000237795
24060	4.812	-0.087151	0.115046	-0.000255851
24065	4.813	-0.087156	0.118021	-0.000272729
24070	4.814	-0.0871618	0.121066	-0.00028821
24075	4.815	-0.0871683	0.124136	-0.000302059
24080	4.816	-0.0870397	0.12303	-9.17326e-005
24085	4.817	-0.0871697	0.121818	-7.44278e-005
24090	4.818	-0.0871953	0.120539	-0.000160553
24095	4.819	-0.0872052	0.119235	-0.000263691
24100	4.82	-0.0872179	0.11794	-0.000325191
24105	4.821	-0.0872334	0.11667	-0.000328007
24110	4.822	-0.0872502	0.115432	-0.000286429
24115	4.823	-0.0872781	0.114229	-0.000227134
24120	4.824	-0.0876738	0.113073	-0.000178585
24125	4.825	-0.0886307	0.111978	-0.000149231
24130	4.826	-0.0901972	0.11096	-0.000133069
24135	4.827	-0.0923099	0.110035	-0.000118951
24140	4.828	-0.0948507	0.109215	-9.86348e-005
24145	4.829	-0.0976931	0.10851	-6.99222e-005
24150	4.83	-0.100746	0.107927	-3.70925e-005
24155	4.831	-0.103911	0.107476	-2.78764e-006
24160	4.832	-0.107109	0.10717	5.1028e-005
24165	4.833	-0.110301	0.107022	0.000141826
24170	4.834	-0.11348	0.107046	0.000284925
24175	4.835	-0.116651	0.107252	0.000496851
24180	4.836	-0.119823	0.107652	0.000794632
24185	4.837	-0.123109	0.108292	0.00118203
24190	4.838	-0.126485	0.10924	0.00171228
24195	4.839	-0.129911	0.110424	0.00236661
24200	4.84	-0.133312	0.111805	0.00316628
24205	4.841	-0.13669	0.113375	0.00413356
24210	4.842	-0.140085	0.115137	0.00529133
24215	4.843	-0.143713	0.117168	0.00664868
24220	4.844	-0.147538	0.119442	0.00823586
24225	4.845	-0.151465	0.121899	0.0100903
24230	4.846	-0.155444	0.124496	0.01225
24235	4.847	-0.159498	0.127214	0.0147494
24240	4.848	-0.163682	0.130044	0.0176206
24245	4.849	-0.168047	0.132982	0.020894
24250	4.85	-0.172617	0.136017	0.0245983
24255	4.851	-0.175218	0.13626	0.0291147
24260	4.852	-0.178691	0.136617	0.0340736
24265	4.853	-0.183179	0.137086	0.0394987
24270	4.854	-0.188571	0.137664	0.0454151
24275	4.855	-0.194633	0.138357	0.0518433
24280	4.856	-0.201106	0.139174	0.0587968
24285	4.857	-0.20781	0.14012	0.0662793
24290	4.858	-0.214523	0.141195	0.0742899
24295	4.859	-0.221117	0.142395	0.0828201
24300	4.86	-0.227554	0.143718	0.091853
24305	4.861	-0.233862	0.145159	0.101364
24310	4.862	-0.240107	0.146712	0.111323
24315	4.863	-0.246354	0.14837	0.121697
24320	4.864	-0.252652	0.150128	0.132448
24325	4.865	-0.258988	0.151973	0.14354
24330	4.866	-0.265401	0.153897	0.154933
24335	4.867	-0.271906	0.15589	0.166588
24340	4.868	-0.278499	0.157941	0.178463
24345	4.869	-0.285164	0.160038	0.19052
24350	4.87	-0.291881	0.16217	0.202718
24355	4.871	-0.298631	0.164326	0.215019
24360	4.872	-0.305397	0.166496	0.227385
24365	4.873	-0.312169	0.16867	0.239778
24370	4.874	-0.318947	0.170839	0.252162
24375	4.875	-0.325718	0.172995	0.264505
24380	4.876	-0.332419	0.175139	0.276808
24385	4.877	-0.339001	0.177271	0.289074
24390	4.878	-0.345432	0.179393	0.301307
24395	4.879	-0.351696	0.181507	0.313507
24400	4.88	-0.349398	0.18348	0.326057
24405	4.881	-0.349104	0.185472	0.338488
24410	4.882	-0.34919	0.18747	0.350875
24415	4.883	-0.349234	0.189471	0.363239
24420	4.884	-0.349256	0.19148	0.375581
24425	4.885	-0.349274	0.193502	0.3879
24430	4.886	-0.349289	0.195542	0.400198
24435	4.887	-0.349302	0.197602	0.412476
24440	4.888	-0.349312	0.199685	0.424736
24445	4.889	-0.349321	0.201794	0.436978
24450	4.89	-0.349328	0.203929	0.449204
24455	4.891	-0.349335	0.206093	0.461415
24460	4.892	-0.34934	0.208286	0.47361
24465	4.893	-0.349344	0.210509	0.485792
24470	4.894	-0.349346	0.212763	0.497961
24475	4.895	-0.349348	0.215048	0.510117
24480	4.896	-0.349348	0.217366	0.522261
24485	4.897	-0.349348	0.219715	0.534394
24490	4.898	-0.349347	0.222097	0.546516
24495	4.899	-0.349345	0.22451	0.558628
24500	4.9	-0.349343	0.226956	0.570731
24505	4.901	-0.349341	0.229433	0.582823
24510	4.902	-0.349339	0.231941	0.594907
24515	4.903	-0.349337	0.234478	0.606982
24520	4.904	-0.349334	0.237045	0.619048
24525	4.905	-0.349331	0.239639	0.631106
24530	4.906	-0.349328	0.24226	0.643155
24535	4.907	-0.349325	0.244907	0.655197
24540	4.908	-0.349322	0.247577	0.66723
24545	4.909	-0.349319	0.25027	0.679256
24550	4.91	-0.349316	0.252985	0.691274
24555	4.911	-0.349312	0.255719	0.703284
24560	4.912	-0.349309	0.258471	0.715286
24565	4.913	-0.349306	0.26124	0.727281
24570	4.914	-0.349303	0.264025	0.739268
24575	4.915	-0.349299	0.266823	0.751247
24580	4.916	-0.349296	0.269634	0.763219
24585	4.917	-0.349293	0.272457	0.775182
24590	4.918	-0.349289	0.27529	0.787137
24595	4.919	-0.349286	0.278133	0.799085
24600	4.92	-0.349283	0.280984	0.811024
24605	4.921	-0.34928	0.283842	0.822954
24610	4.922	-0.349277	0.286707	0.834876
24615	4.923	-0.349274	0.289579	0.84679
24620	4.924	-0.349271	0.292456	0.858694
24625	4.925	-0.349268	0.295338	0.87059
24630	4.926	-0.349265	0.298225	0.882476
24635	4.927	-0.349262	0.301117	0.894352
24640	4.928	-0.349259	0.304013	0.906219
24645	4.929	-0.349256	0.306913	0.918076
24650	4.93	-0.349254	0.309817	0.929922
24655	4.931	-0.349251	0.312726	0.941757
24660	4.932	-0.349248	0.315639	0.953582
24665	4.933	-0.349246	0.318557	0.965395
24670	4.934	-0.349243	0.32148	0.977197
24675	4.935	-0.349241	0.324408	0.988986
24680	4.936	-0.349238	0.327342	1.00076
24685	4.937	-0.349236	0.330282	1.01253
24690	4.938	-0.349234	0.333229	1.02428
24695	4.939	-0.349231	0.336182	1.03602
24700	4.94	-0.349229	0.339143	1.04774
24705	4.941	-0.349662	0.341812	1.05653
24710	4.942	-0.349907	0.344044	1.06104
24715	4.943	-0.349921	0.345842	1.06125
24720	4.944	-0.349765	0.347306	1.05811
24725	4.945	-0.349516	0.348587	1.05315
24730	4.946	-0.34926	0.349847	1.04797
24735	4.947	-0.349215	0.351115	1.04279
24740	4.948	-0.349219	0.352388	1.03763
24745	4.949	-0.349219	0.353669	1.03247
24750	4.95	-0.349217	0.354956	1.02733
24755	4.951	-0.349215	0.356253	1.02221
24760	4.952	-0.349214	0.357561	1.0171
24765	4.953	-0.349213	0.35888	1.012
24770	4.954	-0.349212	0.360213	1.00692
24775	4.955	-0.349211	0.361561	1.00184
24780	4.956	-0.34921	0.362925	0.996777
24785	4.957	-0.349209	0.364307	0.991723
24790	4.958	-0.349208	0.365709	0.986677
24795	4.959	-0.349207	0.367133	0.981639
24800	4.96	-0.349206	0.368579	0.976607
24805	4.961	-0.349205	0.370049	0.971579
24810	4.962	-0.349204	0.371545	0.966554
24815	4.963	-0.349203	0.373079	0.961529
24820	4.964	-0.349202	0.374638	0.956497
24825	4.965	-0.349201	0.376222	0.951459
24830	4.966	-0.3492	0.377829	0.946412
24835	4.967	-0.349199	0.379458	0.941356
24840	4.968	-0.349198	0.381108	0.936289
24845	4.969	-0.349197	0.382777	0.931209
24850	4.97	-0.349196	0.384463	0.926115
24855	4.971	-0.349195	0.386163	0.921006
24860	4.972	-0.349194	0.387875	0.91588
24865	4.973	-0.349193	0.389595	0.910735
24870	4.974	-0.349192	0.39132	0.905572
24875	4.975	-0.349191	0.393047	0.900389
24880	4.976	-0.34919	0.394772	0.895185
24885	4.977	-0.349189	0.396493	0.889958
24890	4.978	-0.349188	0.398205	0.884708
24895	4.979	-0.349187	0.399907	0.879431
24900	4.98	-0.349186	0.401594	0.874128
24905	4.981	-0.349073	0.401456	0.868526
24910	4.982	-0.349167	0.40131	0.862889
24915	4.983	-0.349178	0.401166	0.85723
24920	4.984	-0.349179	0.401041	0.851544
24925	4.985	-0.34918	0.40095	0.845829
24930	4.986	-0.349182	0.400906	0.840084
24935	4.987	-0.349184	0.40092	0.834309
24940	4.988	-0.349185	0.401004	0.828503
24945	4.989	-0.349184	0.401168	0.822671
24950	4.99	-0.349183	0.401423	0.81682
24955	4.991	-0.349182	0.401774	0.810952
24960	4.992	-0.349131	0.401439	0.804937
24965	4.993	-0.349172	0.401218	0.798912
24970	4.994	-0.349175	0.401121	0.79289
24975	4.995	-0.349174	0.401159	0.786873
24980	4.996	-0.349173	0.401337	0.780869
24985	4.997	-0.349173	0.401657	0.774882
24990	4.998	-0.34913	0.401438	0.768791
24995	4.999	-0.349165	0.401366	0.762723
25000	5	-0.349168	0.401444	0.756689
25005	5.001	0	0	0
25010	5.002	0	0	0
25015	5.003	0	0	0
25020	5.004	0	0	0
25025	5.005	0	0	0
25030	5.006	0	0	0
25035	5.007	0	0	0
25040	5.008	0	0	0
25045	5.009	0	0	0
