TimeSlice	Time	hip_L_flx_rec	hip_L_ext_rec	hip_L	hip_L_flx	hip_L_ext
0	0	1.5698	1.6105	0	0	0
5	0.001	1.5701	1.61063	0	0	0
10	0.002	1.5704	1.6105	1.30848e-017	45.4419	19.398
15	0.003	1.57783	1.6105	0.00141472	97.7511	80.1166
20	0.004	1.5861	1.6105	0.00301313	145.71	136.482
25	0.005	1.59298	1.6105	0.0043521	189.51	186.687
30	0.006	1.59827	1.6105	0.00538615	227.109	229.784
35	0.007	1.6026	1.6105	0.00624113	254.717	263
40	0.008	1.60681	1.6105	0.0070888	268.803	277.224
45	0.009	1.61878	1.6105	0.00948121	257.97	282.029
50	0.01	1.63062	1.6105	0.0118749	239.591	271.06
55	0.011	1.64218	1.6105	0.0142392	217.805	251.674
60	0.012	1.65342	1.6105	0.0165629	194.937	229.191
65	0.013	1.6644	1.6105	0.0188666	172.086	206.241
70	0.014	1.67535	1.6105	0.0211824	149.638	184.093
75	0.015	1.6864	1.6105	0.0235447	127.681	163.369
80	0.016	1.69753	1.6105	0.0259509	106.377	144.104
85	0.017	1.709	1.6105	0.0284474	85.4849	126.755
90	0.018	1.72035	1.6105	0.0309463	65.6701	110.841
95	0.019	1.73149	1.6105	0.0334286	47.0527	96.2461
100	0.02	1.74234	1.6105	0.0358765	29.6619	82.8828
105	0.021	1.75282	1.6105	0.0382743	13.5458	70.6349
110	0.022	1.76284	1.6105	0.0406035	0	59.4165
115	0.023	1.7723	1.6105	0.0428428	0	49.0905
120	0.024	1.78112	1.6105	0.0449761	0	39.5292
125	0.025	1.78933	1.6105	0.0470024	0	30.7677
130	0.026	1.79698	1.6105	0.0489351	0	22.6899
135	0.027	1.80405	1.6105	0.0507695	0	15.2635
140	0.028	1.81063	1.6105	0.0525153	0	8.49157
145	0.029	1.81675	1.6105	0.0541852	0	2.35754
150	0.03	1.8225	1.6105	0.0557922	0	0
155	0.031	1.82792	1.6105	0.0573445	0	0
160	0.032	1.83303	1.6105	0.0588462	0	0
165	0.033	1.83786	1.6105	0.0603012	0	0
170	0.034	1.84244	1.6105	0.0617134	0	0
175	0.035	1.84677	1.6105	0.0630875	0	0
180	0.036	1.85089	1.6105	0.0644293	0	0
185	0.037	1.85486	1.6105	0.0657455	0	0
190	0.038	1.8587	1.6105	0.0670446	0	0
195	0.039	1.86245	1.6105	0.0683353	0	0
200	0.04	1.86617	1.6105	0.0696258	0	0
205	0.041	1.86989	1.6105	0.070924	0	0
210	0.042	1.87365	1.6105	0.0722376	0	0
215	0.043	1.87747	1.6105	0.0735738	0	0
220	0.044	1.8814	1.6105	0.0749389	0	0
225	0.045	1.88546	1.6105	0.0763392	0	0
230	0.046	1.88966	1.6105	0.0777804	0	0
235	0.047	1.89405	1.6105	0.0792678	0	0
240	0.048	1.89865	1.6105	0.0808062	0	0
245	0.049	1.90407	1.6105	0.0825245	0	0
250	0.05	1.91021	1.6105	0.084403	0	0
255	0.051	1.91676	1.6105	0.0863825	0	0
260	0.052	1.92349	1.6105	0.0884103	0	1.75596
265	0.053	1.93034	1.6105	0.0904813	0	7.68163
270	0.054	1.93757	1.6105	0.0926469	0	15.6355
275	0.055	1.94622	1.6105	0.0951227	0	24.3614
280	0.056	1.95598	1.6105	0.0978518	0	33.4748
285	0.057	1.96638	1.6105	0.100736	0	42.7419
290	0.058	1.97694	1.6105	0.103679	0	52.1244
295	0.059	1.98741	1.6105	0.106631	0	61.6961
300	0.06	1.99777	1.6105	0.109583	0	71.4204
305	0.061	2.00797	1.6105	0.112529	0	81.2919
310	0.062	2.01802	1.6105	0.115467	0	91.1521
315	0.063	2.02879	1.6105	0.118582	0	101.638
320	0.064	2.04031	1.6105	0.121881	0	112.834
325	0.065	2.05239	1.6105	0.12533	0	124.571
330	0.066	2.0649	1.6105	0.128901	0	136.69
335	0.067	2.07795	1.6105	0.132615	0	149.24
340	0.068	2.09148	1.6105	0.136467	0	162.175
345	0.069	2.1054	1.6105	0.140437	0	175.419
350	0.07	2.11957	1.6105	0.144498	0	188.846
355	0.071	2.13394	1.6105	0.148643	0	202.411
360	0.072	2.1485	1.6105	0.152866	0	216.074
365	0.073	2.16322	1.6105	0.157164	0	229.817
370	0.074	2.17807	1.6105	0.161532	0	243.612
375	0.075	2.19306	1.6105	0.165969	0	257.357
380	0.076	2.20867	1.6105	0.170584	0	271.413
385	0.077	2.2249	1.6105	0.175378	0	285.823
390	0.078	2.2416	1.6105	0.180323	0	300.481
395	0.079	2.2586	1.6105	0.185384	0	315.231
400	0.08	2.27578	1.6105	0.190532	0	329.989
405	0.081	2.29301	1.6105	0.195744	0	344.656
410	0.082	2.31021	1.6105	0.201005	0	359.197
415	0.083	2.32734	1.6105	0.206303	0	373.563
420	0.084	2.34436	1.6105	0.211628	0	387.751
425	0.085	2.36123	1.6105	0.216974	0	401.722
430	0.086	2.37791	1.6105	0.222336	0	415.483
435	0.087	2.39441	1.6105	0.227708	0	429.011
440	0.088	2.41071	1.6105	0.233089	0	442.326
445	0.089	2.42678	1.6105	0.238475	0	455.409
450	0.09	2.44265	1.6105	0.243866	0	468.277
455	0.091	2.4583	1.6105	0.249258	0	480.923
460	0.092	2.47369	1.6105	0.254652	0	493.346
465	0.093	2.48889	1.6105	0.260047	0	505.562
470	0.094	2.50385	1.6105	0.265441	0	517.568
475	0.095	2.51857	1.6105	0.270833	0	529.367
480	0.096	2.53306	1.6105	0.276225	0	540.97
485	0.097	2.54732	1.6105	0.281614	0	552.369
490	0.098	2.56134	1.6105	0.287002	0	563.582
495	0.099	2.57516	1.6105	0.292387	0	574.619
500	0.1	2.58873	1.6105	0.297769	0	585.469
505	0.101	2.60209	1.6105	0.303149	0	596.132
510	0.102	2.6153	1.6105	0.308545	0	606.67
515	0.103	2.62841	1.6105	0.313965	0	617.113
520	0.104	2.64137	1.6105	0.319402	0	627.457
525	0.105	2.65417	1.6105	0.324848	0	637.671
530	0.106	2.66675	1.6105	0.330295	0	647.733
535	0.107	2.67912	1.6105	0.335738	0	657.638
540	0.108	2.69125	1.6105	0.341175	0	667.173
545	0.109	2.70312	1.6105	0.346596	0	676.733
550	0.11	2.71475	1.6105	0.352006	0	686.127
555	0.111	2.72612	1.6105	0.357404	0	695.346
560	0.112	2.73726	1.6105	0.362791	0	704.415
565	0.113	2.74817	1.6105	0.368166	0	713.331
570	0.114	2.75884	1.6105	0.37353	0	722.097
575	0.115	2.76926	1.6105	0.378881	0	730.713
580	0.116	2.77944	1.6105	0.384219	0	739.186
585	0.117	2.78941	1.6105	0.389543	0	747.524
590	0.118	2.79913	1.6105	0.394852	0	755.708
595	0.119	2.80861	1.6105	0.400145	0	763.737
600	0.12	2.81785	1.6105	0.405422	0	792.278
605	0.121	2.79121	1.6105	0.401597	0	774.596
610	0.122	2.77134	1.6105	0.39943	0	763.002
615	0.123	2.7567	1.6105	0.398542	0	756.058
620	0.124	2.74569	1.6105	0.398525	0	752.322
625	0.125	2.737	1.6105	0.399067	0	750.651
630	0.126	2.72978	1.6105	0.399953	0	750.294
635	0.127	2.72349	1.6105	0.401053	0	750.79
640	0.128	2.71781	1.6105	0.402294	0	756.883
645	0.129	2.70405	1.6105	0.401467	0	752.32
650	0.13	2.69236	1.6105	0.401126	0	749.573
655	0.131	2.68245	1.6105	0.401203	0	748.34
660	0.132	2.67384	1.6105	0.401585	0	750.009
665	0.133	2.66326	1.6105	0.40144	0	749.04
670	0.134	2.65333	1.6105	0.401429	0	748.909
675	0.135	2.64354	1.6105	0.401431	0	749.053
680	0.136	2.63387	1.6105	0.401431	0	749.371
685	0.137	2.6243	1.6105	0.401431	0	749.883
690	0.138	2.61482	1.6105	0.401431	0	750.582
695	0.139	2.60545	1.6105	0.401431	0	751.443
700	0.14	2.5962	1.6105	0.401431	0	752.506
705	0.141	2.58703	1.6105	0.401431	0	753.712
710	0.142	2.57796	1.6105	0.401431	0	755.055
715	0.143	2.56901	1.6105	0.401431	0	756.524
720	0.144	2.56014	1.6105	0.401431	0	758.11
725	0.145	2.55137	1.6105	0.401431	0	759.797
730	0.146	2.5427	1.6105	0.401431	0	761.588
735	0.147	2.53411	1.6105	0.401431	0	763.451
740	0.148	2.52563	1.6105	0.401431	0	765.401
745	0.149	2.51723	1.6105	0.401431	0	767.42
750	0.15	2.50894	1.6105	0.401431	0	769.498
755	0.151	2.50072	1.6105	0.401431	0	771.639
760	0.152	2.49261	1.6105	0.401431	0	773.815
765	0.153	2.48457	1.6105	0.40143	0	776.036
770	0.154	2.47664	1.6105	0.40143	0	778.305
775	0.155	2.46878	1.6105	0.40143	0	780.589
780	0.156	2.46101	1.6105	0.40143	0	782.898
785	0.157	2.45331	1.6105	0.40143	0	785.223
790	0.158	2.44572	1.6105	0.40143	0	787.57
795	0.159	2.43819	1.6105	0.401429	0	789.926
800	0.16	2.43078	1.6105	0.401429	0	792.29
805	0.161	2.42342	1.6105	0.401429	0	794.654
810	0.162	2.41614	1.6105	0.401429	0	797.01
815	0.163	2.40895	1.6105	0.401429	0	799.374
820	0.164	2.40185	1.6105	0.401428	0	801.713
825	0.165	2.39481	1.6105	0.401428	0	804.029
830	0.166	2.38785	1.6105	0.401428	0	806.285
835	0.167	2.38097	1.6105	0.401428	0	808.475
840	0.168	2.37417	1.6105	0.401427	0	810.565
845	0.169	2.36744	1.6105	0.401427	0	812.529
850	0.17	2.36078	1.6105	0.401427	0	814.353
855	0.171	2.35421	1.6105	0.401426	0	816
860	0.172	2.3477	1.6105	0.401426	0	817.454
865	0.173	2.34125	1.6105	0.401421	0	818.731
870	0.174	2.33478	1.6105	0.401395	0	819.744
875	0.175	2.32825	1.6105	0.401336	0	820.457
880	0.176	2.32163	1.6105	0.401233	0	820.83
885	0.177	2.31486	1.6105	0.401073	0	820.805
890	0.178	2.3079	1.6105	0.400847	0	820.352
895	0.179	2.30071	1.6105	0.400544	0	819.455
900	0.18	2.29324	1.6105	0.400153	0	818.068
905	0.181	2.28548	1.6105	0.399663	0	816.175
910	0.182	2.27737	1.6105	0.399065	0	813.73
915	0.183	2.26888	1.6105	0.398347	0	810.701
920	0.184	2.25996	1.6105	0.3975	0	807.06
925	0.185	2.25057	1.6105	0.396512	0	802.754
930	0.186	2.24071	1.6105	0.395375	0	797.765
935	0.187	2.23032	1.6105	0.39408	0	792.024
940	0.188	2.21936	1.6105	0.39262	0	785.523
945	0.189	2.20784	1.6105	0.390986	0	778.193
950	0.19	2.19572	1.6105	0.389173	0	770.034
955	0.191	2.18299	1.6105	0.387177	0	760.972
960	0.192	2.16962	1.6105	0.384991	0	750.992
965	0.193	2.15561	1.6105	0.382614	0	740.043
970	0.194	2.14095	1.6105	0.380042	0	728.107
975	0.195	2.12564	1.6105	0.377275	0	715.146
980	0.196	2.10966	1.6105	0.374311	16.056	701.12
985	0.197	2.09304	1.6105	0.371151	35.0516	685.983
990	0.198	2.07585	1.6105	0.367806	54.7763	669.731
995	0.199	2.05808	1.6105	0.364292	75.0811	652.353
1000	0.2	2.03981	1.6105	0.360623	95.9109	633.863
1005	0.201	2.02115	1.6105	0.356816	117.162	614.302
1010	0.202	2.00215	1.6105	0.35289	138.791	593.673
1015	0.203	1.9829	1.6105	0.348867	160.652	572.011
1020	0.204	1.96346	1.6105	0.344765	182.701	549.334
1025	0.205	1.94395	1.6105	0.340607	204.853	525.721
1030	0.206	1.92441	1.6105	0.33641	227.061	501.192
1035	0.207	1.90492	1.6105	0.332187	249.296	475.797
1040	0.208	1.88555	1.6105	0.327959	271.469	449.633
1045	0.209	1.86644	1.6105	0.323756	293.422	422.811
1050	0.21	1.84769	1.6105	0.319608	314.956	395.469
1055	0.211	1.82946	1.6105	0.315546	335.881	367.771
1060	0.212	1.81181	1.6105	0.3116	356.058	339.856
1065	0.213	1.79493	1.6105	0.307799	375.255	311.942
1070	0.214	1.77893	1.6105	0.304171	393.342	284.192
1075	0.215	1.76389	1.6105	0.300743	410.135	256.804
1080	0.216	1.74993	1.6105	0.297541	425.451	229.985
1085	0.217	1.73714	1.6105	0.294589	439.193	203.912
1090	0.218	1.72563	1.6105	0.291908	451.2	178.792
1095	0.219	1.71545	1.6105	0.289518	461.367	154.784
1100	0.22	1.70668	1.6105	0.287435	469.643	132.052
1105	0.221	1.69938	1.6105	0.285674	475.923	110.743
1110	0.222	1.69359	1.6105	0.284245	480.198	90.9271
1115	0.223	1.68929	1.6105	0.283158	482.467	72.7096
1120	0.224	1.68654	1.6105	0.282418	482.722	56.1327
1125	0.225	1.68535	1.6105	0.282026	481.004	41.2265
1130	0.226	1.68565	1.6105	0.281983	477.374	28.0746
1135	0.227	1.68744	1.6105	0.282286	471.894	16.6779
1140	0.228	1.69071	1.6105	0.282926	464.654	6.97043
1145	0.229	1.69532	1.6105	0.283897	455.746	0
1150	0.23	1.70127	1.6105	0.285185	445.279	0
1155	0.231	1.70849	1.6105	0.286776	433.381	0
1160	0.232	1.71686	1.6105	0.288658	420.185	0
1165	0.233	1.72631	1.6105	0.290818	405.777	0
1170	0.234	1.7368	1.6105	0.293241	390.306	0
1175	0.235	1.74824	1.6105	0.295912	373.923	0
1180	0.236	1.76052	1.6105	0.298811	356.738	0
1185	0.237	1.7735	1.6105	0.301911	339.02	0
1190	0.238	1.78704	1.6105	0.305175	321.025	0
1195	0.239	1.80095	1.6105	0.30857	303.008	0
1200	0.24	1.81514	1.6105	0.312067	285.174	0
1205	0.241	1.82947	1.6105	0.315642	267.668	0
1210	0.242	1.84384	1.6105	0.319274	250.592	0
1215	0.243	1.85821	1.6105	0.322947	234.029	0
1220	0.244	1.87252	1.6105	0.326645	218.029	0
1225	0.245	1.88666	1.6105	0.330353	202.688	0
1230	0.246	1.90063	1.6105	0.334059	188.013	0
1235	0.247	1.91435	1.6105	0.337751	174.024	0
1240	0.248	1.92781	1.6105	0.341418	160.779	0
1245	0.249	1.94094	1.6105	0.345051	148.262	0
1250	0.25	1.95372	1.6105	0.348637	136.545	0
1255	0.251	1.96609	1.6105	0.352168	125.612	0
1260	0.252	1.97806	1.6105	0.355633	115.499	0
1265	0.253	1.98953	1.6105	0.359024	106.206	0
1270	0.254	2.00055	1.6105	0.362333	97.7517	0
1275	0.255	2.01107	1.6105	0.365555	90.1193	0
1280	0.256	2.02105	1.6105	0.368684	83.2905	0
1285	0.257	2.03056	1.6105	0.371717	77.2584	0
1290	0.258	2.03954	1.6105	0.374652	71.9737	0
1295	0.259	2.04796	1.6105	0.377486	67.4147	0
1300	0.26	2.05591	1.6105	0.38022	63.534	0
1305	0.261	2.06335	1.6105	0.382854	60.2881	0
1310	0.262	2.07028	1.6105	0.385392	57.6282	0
1315	0.263	2.07677	1.6105	0.387835	55.4968	0
1320	0.264	2.08283	1.6105	0.390188	53.8254	0
1325	0.265	2.08846	1.6105	0.392454	52.5619	0
1330	0.266	2.09371	1.6105	0.39464	51.6571	0
1335	0.267	2.09858	1.6105	0.39675	51.0265	0
1340	0.268	2.10312	1.6105	0.398789	50.6295	0
1345	0.269	2.10732	1.6105	0.400765	50.4061	0
1350	0.27	2.11129	1.6105	0.402681	50.2945	0
1355	0.271	2.10278	1.6105	0.401475	76.6947	0
1360	0.272	2.0943	1.6105	0.40025	101.222	0
1365	0.273	2.08603	1.6105	0.399051	123.664	0
1370	0.274	2.07808	1.6105	0.397917	143.852	0
1375	0.275	2.07062	1.6105	0.396884	161.688	0
1380	0.276	2.06369	1.6105	0.39597	177.194	0
1385	0.277	2.05738	1.6105	0.395188	190.449	0
1390	0.278	2.05165	1.6105	0.394548	201.533	0
1395	0.279	2.04665	1.6105	0.394063	210.501	0
1400	0.28	2.04234	1.6105	0.393743	217.423	0
1405	0.281	2.03876	1.6105	0.393596	222.366	0
1410	0.282	2.03593	1.6105	0.393631	225.386	0
1415	0.283	2.0339	1.6105	0.393856	226.544	0
1420	0.284	2.03267	1.6105	0.39428	225.888	0
1425	0.285	2.03226	1.6105	0.394904	223.501	0
1430	0.286	2.03266	1.6105	0.395731	219.476	0
1435	0.287	2.03389	1.6105	0.396762	213.899	0
1440	0.288	2.03584	1.6105	0.397991	206.899	0
1445	0.289	2.03857	1.6105	0.399415	198.58	0
1450	0.29	2.04203	1.6105	0.401027	189.071	0
1455	0.291	2.04615	1.6105	0.402819	178.497	0
1460	0.292	2.03777	1.6105	0.401478	195.419	0
1465	0.293	2.03009	1.6105	0.400286	209.827	0
1470	0.294	2.02292	1.6105	0.399228	222.032	0
1475	0.295	2.01616	1.6105	0.398256	232.603	0
1480	0.296	2.00966	1.6105	0.397329	242.047	0
1485	0.297	2.00328	1.6105	0.39643	250.604	0
1490	0.298	1.99717	1.6105	0.395582	258.145	0
1495	0.299	1.99154	1.6105	0.394838	264.307	0
1500	0.3	1.9866	1.6105	0.39426	268.659	0
1505	0.301	1.98264	1.6105	0.393901	270.873	0
1510	0.302	1.97966	1.6105	0.393795	270.796	0
1515	0.303	1.97784	1.6105	0.393959	268.432	0
1520	0.304	1.9771	1.6105	0.394389	263.955	0
1525	0.305	1.97729	1.6105	0.395064	257.676	0
1530	0.306	1.97842	1.6105	0.395956	249.934	0
1535	0.307	1.98024	1.6105	0.397039	241.032	0
1540	0.308	1.98273	1.6105	0.398289	231.219	0
1545	0.309	1.98577	1.6105	0.399686	220.719	0
1550	0.31	1.98946	1.6105	0.401255	209.342	0
1555	0.311	1.9936	1.6105	0.402947	197.538	0
1560	0.312	1.98518	1.6105	0.401478	213.573	0
1565	0.313	1.97752	1.6105	0.400175	227.053	0
1570	0.314	1.97079	1.6105	0.399083	237.784	0
1575	0.315	1.96501	1.6105	0.398218	245.813	0
1580	0.316	1.96026	1.6105	0.397593	251.224	0
1585	0.317	1.95655	1.6105	0.397219	254.129	0
1590	0.318	1.95385	1.6105	0.397085	254.764	0
1595	0.319	1.95208	1.6105	0.397173	253.466	0
1600	0.32	1.95111	1.6105	0.397464	250.504	0
1605	0.321	1.95096	1.6105	0.397948	246.07	0
1610	0.322	1.95154	1.6105	0.398623	240.278	0
1615	0.323	1.95291	1.6105	0.39949	233.181	0
1620	0.324	1.95502	1.6105	0.400551	224.842	0
1625	0.325	1.9578	1.6105	0.401786	215.468	0
1630	0.326	1.95425	1.6105	0.401447	220.135	0
1635	0.327	1.95078	1.6105	0.401131	224.229	0
1640	0.328	1.94745	1.6105	0.400832	227.831	0
1645	0.329	1.94438	1.6105	0.400602	230.538	0
1650	0.33	1.94188	1.6105	0.400505	231.874	0
1655	0.331	1.94015	1.6105	0.400589	231.532	0
1660	0.332	1.93913	1.6105	0.400859	229.581	0
1665	0.333	1.93891	1.6105	0.401315	226.114	0
1670	0.334	1.93937	1.6105	0.401957	221.229	0
1675	0.335	1.93534	1.6105	0.401447	226.522	0
1680	0.336	1.93199	1.6105	0.401108	229.958	0
1685	0.337	1.92934	1.6105	0.400931	231.742	0
1690	0.338	1.92699	1.6105	0.400831	232.708	0
1695	0.339	1.92404	1.6105	0.400566	234.99	0
1700	0.34	1.92089	1.6105	0.400249	237.534	0
1705	0.341	1.91773	1.6105	0.399932	239.884	0
1710	0.342	1.91459	1.6105	0.399608	242.112	0
1715	0.343	1.91145	1.6105	0.39928	244.208	0
1720	0.344	1.90928	1.6105	0.399178	244.239	0
1725	0.345	1.90787	1.6105	0.399276	242.538	0
1730	0.346	1.90765	1.6105	0.399659	238.486	0
1735	0.347	1.90852	1.6105	0.400314	232.365	0
1740	0.348	1.91035	1.6105	0.40122	224.459	0
1745	0.349	1.91298	1.6105	0.402321	215.368	0
1750	0.35	1.90792	1.6105	0.401459	223.694	0
1755	0.351	1.90327	1.6105	0.400675	230.782	0
1760	0.352	1.89883	1.6105	0.399926	237.096	0
1765	0.353	1.89456	1.6105	0.399202	242.774	0
1770	0.354	1.89028	1.6105	0.398455	248.281	0
1775	0.355	1.88587	1.6105	0.397651	253.93	0
1780	0.356	1.88128	1.6105	0.396781	259.812	0
1785	0.357	1.8764	1.6105	0.395823	266.104	0
1790	0.358	1.8712	1.6105	0.39477	272.831	0
1795	0.359	1.8903	1.6105	0.399943	225.607	0
1800	0.36	1.9191	1.6105	0.407647	159.623	0
1805	0.361	1.89385	1.6105	0.40169	215.26	0
1810	0.362	1.87531	1.6105	0.397387	252.99	0
1815	0.363	1.85871	1.6105	0.393538	284.315	0
1820	0.364	1.84195	1.6105	0.389626	314.118	0
1825	0.365	1.82498	1.6105	0.385627	342.767	0
1830	0.366	1.80846	1.6105	0.381713	368.921	0
1835	0.367	1.79317	1.6105	0.378067	391.231	0
1840	0.368	1.77955	1.6105	0.374817	408.9	0
1845	0.369	1.76794	1.6105	0.372039	421.638	0
1850	0.37	1.75846	1.6105	0.36977	429.457	0
1855	0.371	1.75123	1.6105	0.368033	432.507	0
1860	0.372	1.74626	1.6105	0.366837	431.004	0
1865	0.373	1.74352	1.6105	0.366186	425.221	0
1870	0.374	1.74297	1.6105	0.36607	415.48	0
1875	0.375	1.74454	1.6105	0.366472	402.145	0
1880	0.376	1.74811	1.6105	0.367368	385.633	0
1885	0.377	1.75348	1.6105	0.368722	366.389	0
1890	0.378	1.76048	1.6105	0.370491	344.901	0
1895	0.379	1.76883	1.6105	0.372625	321.688	0
1900	0.38	1.77842	1.6105	0.375073	297.223	0
1905	0.381	1.7889	1.6105	0.377785	271.953	0
1910	0.382	1.8001	1.6105	0.380706	246.302	0
1915	0.383	1.81181	1.6105	0.383784	220.673	0
1920	0.384	1.82377	1.6105	0.386968	195.425	0
1925	0.385	1.83581	1.6105	0.390211	170.854	0
1930	0.386	1.84785	1.6105	0.393482	147.128	0
1935	0.387	1.85973	1.6105	0.396752	124.371	0
1940	0.388	1.87135	1.6105	0.400002	102.609	0
1945	0.389	1.88271	1.6105	0.403217	81.8602	0
1950	0.39	1.87457	1.6105	0.401515	103.904	0
1955	0.391	1.86831	1.6105	0.400268	119.778	0
1960	0.392	1.86259	1.6105	0.399137	132.795	0
1965	0.393	1.85687	1.6105	0.397998	144.21	0
1970	0.394	1.8513	1.6105	0.396871	153.969	0
1975	0.395	1.84558	1.6105	0.395703	162.643	0
1980	0.396	1.83965	1.6105	0.394468	170.554	0
1985	0.397	1.83349	1.6105	0.393157	177.825	5.63285
1990	0.398	1.82709	1.6105	0.39178	184.423	16.6909
1995	0.399	1.8206	1.6105	0.390351	190.248	30.0455
2000	0.4	1.81419	1.6105	0.388936	194.794	46.1014
2005	0.401	1.80801	1.6105	0.387566	197.848	65.0301
2010	0.402	1.80214	1.6105	0.386259	199.341	87.0092
2015	0.403	1.79673	1.6105	0.385041	199.118	112.051
2020	0.404	1.79175	1.6105	0.383934	197.064	140.189
2025	0.405	1.78736	1.6105	0.382952	193.166	171.237
2030	0.406	1.7835	1.6105	0.382094	187.481	204.927
2035	0.407	1.7802	1.6105	0.381373	179.999	240.94
2040	0.408	1.77749	1.6105	0.380786	170.808	278.787
2045	0.409	1.77528	1.6105	0.380318	160.11	318.001
2050	0.41	1.77349	1.6105	0.379949	148.133	357.966
2055	0.411	1.77204	1.6105	0.379661	135.091	398.195
2060	0.412	1.77087	1.6105	0.379435	121.198	438.177
2065	0.413	1.76987	1.6105	0.379252	106.682	477.444
2070	0.414	1.76897	1.6105	0.379092	91.7674	515.646
2075	0.415	1.76807	1.6105	0.378936	76.9336	552.439
2080	0.416	1.76719	1.6105	0.378767	62.6232	587.57
2085	0.417	1.76615	1.6105	0.378567	49.1274	620.833
2090	0.418	1.76499	1.6105	0.378321	36.6413	652.087
2095	0.419	1.7635	1.6105	0.378012	25.3015	681.246
2100	0.42	1.76181	1.6105	0.377629	15.1754	708.335
2105	0.421	1.75976	1.6105	0.377162	6.29458	733.317
2110	0.422	1.75736	1.6105	0.376604	0	756.309
2115	0.423	1.75465	1.6105	0.375951	0	777.339
2120	0.424	1.75156	1.6105	0.375202	0	796.506
2125	0.425	1.74812	1.6105	0.374362	0	813.89
2130	0.426	1.74441	1.6105	0.373442	0	829.638
2135	0.427	1.74041	1.6105	0.372449	0	843.851
2140	0.428	1.73621	1.6105	0.371397	0	856.675
2145	0.429	1.73189	1.6105	0.3703	0	868.252
2150	0.43	1.7275	1.6105	0.369174	0	878.652
2155	0.431	1.72307	1.6105	0.368035	0	888.044
2160	0.432	1.71871	1.6105	0.366902	0	896.556
2165	0.433	1.71454	1.6105	0.365791	0	904.275
2170	0.434	1.7105	1.6105	0.364722	0	911.328
2175	0.435	1.70674	1.6105	0.36371	0	917.791
2180	0.436	1.70332	1.6105	0.362771	0	923.816
2185	0.437	1.70032	1.6105	0.361921	0	929.479
2190	0.438	1.69772	1.6105	0.361169	0	934.805
2195	0.439	1.6956	1.6105	0.360525	0	939.935
2200	0.44	1.69398	1.6105	0.359998	0	944.84
2205	0.441	1.69284	1.6105	0.359595	0	949.609
2210	0.442	1.69226	1.6105	0.359321	0	954.265
2215	0.443	1.69225	1.6105	0.359182	0	958.869
2220	0.444	1.69278	1.6105	0.359183	0	963.416
2225	0.445	1.69391	1.6105	0.359325	0	967.985
2230	0.446	1.6956	1.6105	0.359606	0	972.534
2235	0.447	1.69783	1.6105	0.360025	0	977.085
2240	0.448	1.70051	1.6105	0.360576	0	981.673
2245	0.449	1.70378	1.6105	0.361255	0	986.278
2250	0.45	1.70746	1.6105	0.362058	0	991.435
2255	0.451	1.7106	1.6105	0.362734	0	996.209
2260	0.452	1.71293	1.6105	0.363221	0	1000.41
2265	0.453	1.71439	1.6105	0.363498	0	1003.88
2270	0.454	1.71499	1.6105	0.363568	0	1006.59
2275	0.455	1.71484	1.6105	0.363447	0	1008.61
2280	0.456	1.71394	1.6105	0.363155	0	1009.93
2285	0.457	1.71247	1.6105	0.36271	0	1010.74
2290	0.458	1.71045	1.6105	0.362125	0	1011.04
2295	0.459	1.70791	1.6105	0.361404	0	1010.77
2300	0.46	1.70483	1.6105	0.360555	0	1010.04
2305	0.461	1.70137	1.6105	0.359599	0	1008.86
2310	0.462	1.6976	1.6105	0.358564	0	1007.37
2315	0.463	1.69369	1.6105	0.357485	0	1005.67
2320	0.464	1.68978	1.6105	0.356397	0	1003.86
2325	0.465	1.68603	1.6105	0.355331	0	1002.1
2330	0.466	1.68242	1.6105	0.354304	0	1000.42
2335	0.467	1.67912	1.6105	0.353331	0	998.869
2340	0.468	1.67608	1.6105	0.352421	0	997.465
2345	0.469	1.67333	1.6105	0.35158	0	996.233
2350	0.47	1.6709	1.6105	0.350815	0	995.189
2355	0.471	1.66887	1.6105	0.350127	0	994.328
2360	0.472	1.66714	1.6105	0.349519	0	993.664
2365	0.473	1.66578	1.6105	0.348993	0	993.191
2370	0.474	1.66476	1.6105	0.348548	0	992.9
2375	0.475	1.66409	1.6105	0.348182	0	992.779
2380	0.476	1.66374	1.6105	0.347892	0	992.821
2385	0.477	1.66364	1.6105	0.347674	0	993.016
2390	0.478	1.66386	1.6105	0.347523	0	993.315
2395	0.479	1.66431	1.6105	0.347435	0	993.747
2400	0.48	1.665	1.6105	0.347404	0	994.266
2405	0.481	1.66591	1.6105	0.347426	0	994.866
2410	0.482	1.66699	1.6105	0.347497	0	995.514
2415	0.483	1.66827	1.6105	0.347612	0	996.237
2420	0.484	1.6697	1.6105	0.347768	0	997.285
2425	0.485	1.67116	1.6105	0.347939	0	998.216
2430	0.486	1.6725	1.6105	0.348084	0	999.076
2435	0.487	1.67365	1.6105	0.348184	0	999.727
2440	0.488	1.67456	1.6105	0.34823	0	1000.2
2445	0.489	1.67522	1.6105	0.348223	0	1000.43
2450	0.49	1.6757	1.6105	0.348172	0	1000.47
2455	0.491	1.6761	1.6105	0.34809	0	1000.34
2460	0.492	1.67641	1.6105	0.347997	0	1000.09
2465	0.493	1.67677	1.6105	0.347911	0	999.763
2470	0.494	1.67718	1.6105	0.347852	0	999.441
2475	0.495	1.67782	1.6105	0.347839	0	999.155
2480	0.496	1.67869	1.6105	0.347887	0	999.015
2485	0.497	1.67988	1.6105	0.348009	0	998.995
2490	0.498	1.68135	1.6105	0.348211	0	999.116
2495	0.499	1.68316	1.6105	0.348497	0	999.451
2500	0.5	1.6853	1.6105	0.348866	0	999.964
2505	0.501	1.68773	1.6105	0.349315	0	1000.67
2510	0.502	1.69046	1.6105	0.349835	0	1001.53
2515	0.503	1.6934	1.6105	0.350419	0	1002.5
2520	0.504	1.69651	1.6105	0.351057	0	1003.56
2525	0.505	1.69981	1.6105	0.35174	0	1004.72
2530	0.506	1.70319	1.6105	0.352459	0	1005.91
2535	0.507	1.70667	1.6105	0.353209	0	1007.12
2540	0.508	1.71026	1.6105	0.353983	0	1008.32
2545	0.509	1.71383	1.6105	0.35478	0	1009.51
2550	0.51	1.71749	1.6105	0.355598	0	1010.69
2555	0.511	1.72121	1.6105	0.356437	0	1011.84
2560	0.512	1.72494	1.6105	0.357301	0	1012.96
2565	0.513	1.7288	1.6105	0.358193	0	1014.1
2570	0.514	1.73272	1.6105	0.359115	0	1015.24
2575	0.515	1.73676	1.6105	0.360074	0	1016.36
2580	0.516	1.74086	1.6105	0.361071	0	1017.53
2585	0.517	1.74517	1.6105	0.362112	0	1018.73
2590	0.518	1.74953	1.6105	0.363197	0	1019.97
2595	0.519	1.75411	1.6105	0.36433	0	1021.3
2600	0.52	1.75881	1.6105	0.36551	0	1022.66
2605	0.521	1.76365	1.6105	0.366738	0	1024.07
2610	0.522	1.76859	1.6105	0.368012	0	1025.52
2615	0.523	1.77369	1.6105	0.36933	0	1027.04
2620	0.524	1.77889	1.6105	0.370691	0	1028.6
2625	0.525	1.78421	1.6105	0.372093	0	1030.2
2630	0.526	1.78962	1.6105	0.373531	0	1031.84
2635	0.527	1.79515	1.6105	0.375006	0	1033.5
2640	0.528	1.8007	1.6105	0.376514	0	1035.17
2645	0.529	1.80632	1.6105	0.378052	0	1036.86
2650	0.53	1.81198	1.6105	0.379618	0	1038.58
2655	0.531	1.8177	1.6105	0.381207	0	1040.27
2660	0.532	1.82341	1.6105	0.382819	0	1041.98
2665	0.533	1.82917	1.6105	0.384451	0	1043.68
2670	0.534	1.83494	1.6105	0.386103	0	1045.37
2675	0.535	1.8407	1.6105	0.387774	0	1047.03
2680	0.536	1.8465	1.6105	0.389465	0	1048.7
2685	0.537	1.8523	1.6105	0.391173	0	1050.33
2690	0.538	1.85805	1.6105	0.392899	0	1051.96
2695	0.539	1.86385	1.6105	0.394642	0	1053.58
2700	0.54	1.86964	1.6105	0.3964	0	1055.19
2705	0.541	1.8754	1.6105	0.398171	0	1056.76
2710	0.542	1.88117	1.6105	0.399955	0	1058.33
2715	0.543	1.8869	1.6105	0.40175	0	1066.62
2720	0.544	1.88437	1.6105	0.401465	0	1063.01
2725	0.545	1.88287	1.6105	0.401427	0	1060.43
2730	0.546	1.88154	1.6105	0.401429	0	1058.03
2735	0.547	1.88019	1.6105	0.401429	0	1055.59
2740	0.548	1.87886	1.6105	0.401428	0	1053.27
2745	0.549	1.87757	1.6105	0.401428	0	1051.03
2750	0.55	1.87628	1.6105	0.401428	0	1048.89
2755	0.551	1.87498	1.6105	0.401428	0	1046.93
2760	0.552	1.87374	1.6105	0.401427	0	1045.1
2765	0.553	1.87248	1.6105	0.401427	0	1043.36
2770	0.554	1.87125	1.6105	0.401427	0	1041.74
2775	0.555	1.87003	1.6105	0.401427	0	1040.24
2780	0.556	1.86881	1.6105	0.401427	0	1038.83
2785	0.557	1.86765	1.6105	0.401427	0	1037.5
2790	0.558	1.86644	1.6105	0.401427	0	1036.27
2795	0.559	1.86527	1.6105	0.401427	0	1035.11
2800	0.56	1.86413	1.6105	0.401427	0	1034.01
2805	0.561	1.86298	1.6105	0.401427	0	1033.03
2810	0.562	1.86185	1.6105	0.401427	0	1032.06
2815	0.563	1.86074	1.6105	0.401427	0	1031.21
2820	0.564	1.85965	1.6105	0.401427	0	1030.39
2825	0.565	1.85854	1.6105	0.401427	0	1029.62
2830	0.566	1.85749	1.6105	0.401427	0	1028.92
2835	0.567	1.85638	1.6105	0.401428	0	1028.26
2840	0.568	1.85536	1.6105	0.401428	0	1027.64
2845	0.569	1.8543	1.6105	0.401428	0	1027.05
2850	0.57	1.85328	1.6105	0.401428	0	1026.54
2855	0.571	1.85225	1.6105	0.401428	0	1026.01
2860	0.572	1.85127	1.6105	0.401428	0	1025.56
2865	0.573	1.85026	1.6105	0.401428	0	1025.09
2870	0.574	1.84928	1.6105	0.401428	0	1024.66
2875	0.575	1.84828	1.6105	0.401428	0	1024.24
2880	0.576	1.84733	1.6105	0.401428	0	1023.87
2885	0.577	1.84637	1.6105	0.401427	0	1023.48
2890	0.578	1.8454	1.6105	0.401427	0	1023.14
2895	0.579	1.84449	1.6105	0.401427	0	1022.81
2900	0.58	1.84358	1.6105	0.401427	0	1022.5
2905	0.581	1.84265	1.6105	0.401427	0	1022.18
2910	0.582	1.84176	1.6105	0.401427	0	1021.91
2915	0.583	1.84086	1.6105	0.401427	0	1021.65
2920	0.584	1.84002	1.6105	0.401428	0	1021.38
2925	0.585	1.83911	1.6105	0.401428	0	1021.12
2930	0.586	1.83826	1.6105	0.401428	0	1020.89
2935	0.587	1.83742	1.6105	0.401428	0	1020.67
2940	0.588	1.83655	1.6105	0.401428	0	1020.45
2945	0.589	1.83575	1.6105	0.401428	0	1020.24
2950	0.59	1.83488	1.6105	0.401428	0	1020.05
2955	0.591	1.83412	1.6105	0.401428	0	1019.87
2960	0.592	1.83329	1.6105	0.401428	0	1019.68
2965	0.593	1.83249	1.6105	0.401428	0	1019.5
2970	0.594	1.83171	1.6105	0.401428	0	1019.34
2975	0.595	1.83091	1.6105	0.401428	0	1019.18
2980	0.596	1.83015	1.6105	0.401428	0	1019.02
2985	0.597	1.82941	1.6105	0.401428	0	1018.89
2990	0.598	1.82864	1.6105	0.401428	0	1018.74
2995	0.599	1.82791	1.6105	0.401427	0	1018.63
3000	0.6	1.82716	1.6105	0.401427	0	1018.49
3005	0.601	1.82645	1.6105	0.401427	0	1018.36
3010	0.602	1.82572	1.6105	0.401427	0	1018.26
3015	0.603	1.82502	1.6105	0.401427	0	1018.14
3020	0.604	1.8243	1.6105	0.401427	0	1018.04
3025	0.605	1.82358	1.6105	0.401427	0	1017.92
3030	0.606	1.8229	1.6105	0.401427	0	1017.83
3035	0.607	1.82221	1.6105	0.401427	0	1017.75
3040	0.608	1.82156	1.6105	0.401427	0	1017.66
3045	0.609	1.8209	1.6105	0.401427	0	1017.56
3050	0.61	1.82024	1.6105	0.401427	0	1017.49
3055	0.611	1.8196	1.6105	0.401427	0	1017.38
3060	0.612	1.81895	1.6105	0.401427	0	1017.27
3065	0.613	1.81832	1.6105	0.401427	0	1017.14
3070	0.614	1.8177	1.6105	0.401427	0	1017.01
3075	0.615	1.81706	1.6105	0.401427	0	1016.86
3080	0.616	1.81643	1.6105	0.401427	0	1016.69
3085	0.617	1.81583	1.6105	0.401427	0	1016.53
3090	0.618	1.81523	1.6105	0.401426	0	1016.32
3095	0.619	1.81465	1.6105	0.401426	0	1016.1
3100	0.62	1.81403	1.6105	0.401426	0	1015.88
3105	0.621	1.81344	1.6105	0.401421	0	1015.64
3110	0.622	1.81278	1.6105	0.401399	0	1015.37
3115	0.623	1.81202	1.6105	0.401345	0	1015.02
3120	0.624	1.81107	1.6105	0.401247	0	1014.52
3125	0.625	1.8099	1.6105	0.401092	0	1013.87
3130	0.626	1.80849	1.6105	0.400868	0	1013.02
3135	0.627	1.80676	1.6105	0.40056	0	1011.93
3140	0.628	1.80466	1.6105	0.400158	0	1010.57
3145	0.629	1.8022	1.6105	0.399653	0	1008.87
3150	0.63	1.79933	1.6105	0.399042	0	1006.81
3155	0.631	1.79605	1.6105	0.398322	0	1004.38
3160	0.632	1.79237	1.6105	0.397492	0	1001.54
3165	0.633	1.78829	1.6105	0.396549	0	998.29
3170	0.634	1.78381	1.6105	0.395494	0	994.532
3175	0.635	1.77893	1.6105	0.394329	0	990.29
3180	0.636	1.77368	1.6105	0.393058	0	985.428
3185	0.637	1.76809	1.6105	0.391693	0	979.905
3190	0.638	1.76222	1.6105	0.39025	0	973.774
3195	0.639	1.75624	1.6105	0.388747	0	966.936
3200	0.64	1.75012	1.6105	0.387211	0	959.359
3205	0.641	1.74397	1.6105	0.385648	0	951.028
3210	0.642	1.73776	1.6105	0.384058	0	941.772
3215	0.643	1.73145	1.6105	0.38244	0	930.983
3220	0.644	1.72518	1.6105	0.380804	0	919.58
3225	0.645	1.7188	1.6105	0.379136	0	906.623
3230	0.646	1.7124	1.6105	0.377433	12.237	891.861
3235	0.647	1.70585	1.6105	0.375693	26.4949	874.986
3240	0.648	1.69922	1.6105	0.373923	41.4299	855.672
3245	0.649	1.69258	1.6105	0.37213	57.0283	833.639
3250	0.65	1.68596	1.6105	0.370324	73.2789	808.511
3255	0.651	1.67936	1.6105	0.368513	90.1403	779.996
3260	0.652	1.6728	1.6105	0.366707	107.542	747.938
3265	0.653	1.6664	1.6105	0.36492	125.393	712.323
3270	0.654	1.6602	1.6105	0.363165	143.542	673.31
3275	0.655	1.65421	1.6105	0.361457	161.824	631.286
3280	0.656	1.64852	1.6105	0.359811	180.042	586.965
3285	0.657	1.64325	1.6105	0.358243	197.991	541.166
3290	0.658	1.63837	1.6105	0.356767	215.465	494.826
3295	0.659	1.634	1.6105	0.355403	232.219	448.868
3300	0.66	1.63014	1.6105	0.35417	248.006	404.151
3305	0.661	1.62697	1.6105	0.353086	262.606	361.675
3310	0.662	1.62451	1.61208	0.352168	275.807	322.027
3315	0.663	1.62277	1.61496	0.35143	287.414	285.459
3320	0.664	1.62188	1.61514	0.350884	297.268	251.996
3325	0.665	1.62179	1.61257	0.350541	305.284	221.493
3330	0.666	1.62259	1.6105	0.350405	311.43	193.847
3335	0.667	1.62422	1.6105	0.350482	315.702	168.885
3340	0.668	1.62673	1.6105	0.350772	318.14	146.426
3345	0.669	1.63009	1.6105	0.351274	318.823	126.3
3350	0.67	1.63423	1.6105	0.351983	317.842	108.334
3355	0.671	1.63918	1.6105	0.352892	315.325	92.3301
3360	0.672	1.64485	1.6105	0.353995	311.38	78.1312
3365	0.673	1.65124	1.6105	0.355289	306.09	65.6159
3370	0.674	1.65828	1.6105	0.356767	299.563	54.6516
3375	0.675	1.66605	1.6105	0.358423	291.903	45.0739
3380	0.676	1.67435	1.6105	0.360248	283.236	36.7923
3385	0.677	1.68323	1.6105	0.362228	273.708	29.6542
3390	0.678	1.69256	1.6105	0.364349	263.477	23.4874
3395	0.679	1.70225	1.6105	0.366584	252.774	18.2334
3400	0.68	1.71221	1.6105	0.368904	241.872	13.6776
3405	0.681	1.72225	1.6105	0.371283	230.979	9.73057
3410	0.682	1.73236	1.6105	0.3737	220.249	6.25709
3415	0.683	1.74238	1.6105	0.376135	209.814	3.2001
3420	0.684	1.75236	1.6105	0.378573	199.784	0.468006
3425	0.685	1.76211	1.6105	0.381	190.219	0
3430	0.686	1.77173	1.6105	0.383405	181.181	0
3435	0.687	1.78105	1.6105	0.385776	172.718	0
3440	0.688	1.79008	1.6105	0.388101	164.888	0
3445	0.689	1.79879	1.6105	0.390368	157.751	0
3450	0.69	1.80712	1.6105	0.392565	151.352	0
3455	0.691	1.81504	1.6105	0.394679	145.737	0
3460	0.692	1.8225	1.6105	0.396702	140.953	0
3465	0.693	1.82949	1.6105	0.398625	137.002	0
3470	0.694	1.83598	1.6105	0.400442	133.876	0
3475	0.695	1.84192	1.6105	0.40215	131.552	0
3480	0.696	1.83841	1.6105	0.401462	149.686	0
3485	0.697	1.83455	1.6105	0.400686	167.155	0
3490	0.698	1.83051	1.6105	0.399857	183.723	0
3495	0.699	1.82644	1.6105	0.398996	199.285	0
3500	0.7	1.82233	1.6105	0.398122	213.775	0
3505	0.701	1.81825	1.6105	0.397249	227.164	0
3510	0.702	1.81429	1.6105	0.396391	239.424	0
3515	0.703	1.81048	1.6105	0.395563	250.509	0
3520	0.704	1.80691	1.6105	0.394788	260.331	0
3525	0.705	1.80366	1.6105	0.394083	268.821	0
3530	0.706	1.80085	1.6105	0.393468	275.917	0
3535	0.707	1.79846	1.6105	0.392959	281.571	0
3540	0.708	1.79657	1.6105	0.392573	285.746	0
3545	0.709	1.79521	1.6105	0.392323	288.437	0
3550	0.71	1.79435	1.6105	0.39218	289.968	0
3555	0.711	1.79388	1.6105	0.39213	290.56	0
3560	0.712	1.79368	1.6105	0.392159	290.385	0
3565	0.713	1.79379	1.6105	0.392261	289.541	0
3570	0.714	1.79421	1.6105	0.392433	288.086	0
3575	0.715	1.79489	1.6105	0.392682	286.017	0
3580	0.716	1.79593	1.6105	0.393015	283.297	0
3585	0.717	1.79733	1.6105	0.393443	279.864	0
3590	0.718	1.79912	1.6105	0.393979	275.664	0
3595	0.719	1.80137	1.6105	0.394631	270.653	0
3600	0.72	1.80412	1.6105	0.39541	264.799	0
3605	0.721	1.80735	1.6105	0.39632	258.106	0
3610	0.722	1.81108	1.6105	0.397362	250.592	0
3615	0.723	1.81525	1.6105	0.398537	242.315	0
3620	0.724	1.81933	1.6105	0.39969	234.64	0
3625	0.725	1.82398	1.6105	0.401005	225.928	0
3630	0.726	1.8291	1.6105	0.402447	216.549	0
3635	0.727	1.82459	1.6105	0.401467	228.454	0
3640	0.728	1.82101	1.6105	0.400705	237.628	0
3645	0.729	1.81769	1.6105	0.400011	245.498	0
3650	0.73	1.81523	1.6105	0.399531	250.948	0
3655	0.731	1.8136	1.6105	0.399245	254.298	0
3660	0.732	1.81271	1.6105	0.399144	255.782	0
3665	0.733	1.81249	1.6105	0.399219	255.603	0
3670	0.734	1.81268	1.6105	0.399388	254.554	0
3675	0.735	1.81304	1.6105	0.399601	253.152	0
3680	0.736	1.81345	1.6105	0.399841	251.532	0
3685	0.737	1.814	1.6105	0.400125	249.59	0
3690	0.738	1.81488	1.6105	0.400485	247.06	0
3695	0.739	1.81617	1.6105	0.40096	243.646	0
3700	0.74	1.81797	1.6105	0.40156	239.312	0
3705	0.741	1.81691	1.6105	0.40144	241.391	0
3710	0.742	1.81625	1.6105	0.401427	242.361	0
3715	0.743	1.81571	1.6105	0.401428	243.086	0
3720	0.744	1.81511	1.6105	0.401429	243.717	0
3725	0.745	1.81456	1.6105	0.401429	244.267	0
3730	0.746	1.81399	1.6105	0.401429	244.731	0
3735	0.747	1.81343	1.6105	0.401429	245.12	0
3740	0.748	1.81288	1.6105	0.401429	245.448	0
3745	0.749	1.81233	1.6105	0.401428	245.712	0
3750	0.75	1.81179	1.6105	0.401428	245.931	0
3755	0.751	1.81128	1.6105	0.401428	246.094	0
3760	0.752	1.81069	1.6105	0.401428	246.211	0
3765	0.753	1.8102	1.6105	0.401428	246.299	0
3770	0.754	1.80967	1.6105	0.401428	246.349	0
3775	0.755	1.80916	1.6105	0.401428	246.362	0
3780	0.756	1.80867	1.6105	0.401428	246.35	0
3785	0.757	1.80814	1.6105	0.401428	246.299	0
3790	0.758	1.80764	1.6105	0.401428	246.234	0
3795	0.759	1.80713	1.6105	0.401428	246.144	0
3800	0.76	1.80664	1.6105	0.401428	246.034	0
3805	0.761	1.80618	1.6105	0.401428	245.911	0
3810	0.762	1.80571	1.6105	0.401428	245.768	0
3815	0.763	1.80523	1.6105	0.401428	245.599	0
3820	0.764	1.80477	1.6105	0.401428	245.426	0
3825	0.765	1.80433	1.6105	0.401428	245.24	0
3830	0.766	1.80383	1.6105	0.401428	245.038	0
3835	0.767	1.8034	1.6105	0.401428	244.826	0
3840	0.768	1.80294	1.6105	0.401428	244.606	0
3845	0.769	1.8025	1.6105	0.401428	244.363	0
3850	0.77	1.80207	1.6105	0.401428	244.127	0
3855	0.771	1.80162	1.6105	0.401428	243.881	0
3860	0.772	1.80119	1.6105	0.401428	243.625	0
3865	0.773	1.80076	1.6105	0.401428	243.35	0
3870	0.774	1.80033	1.6105	0.401427	243.088	0
3875	0.775	1.79991	1.6105	0.401426	242.817	0
3880	0.776	1.79947	1.6105	0.401419	242.596	0
3885	0.777	1.79892	1.6105	0.401378	242.645	0
3890	0.778	1.79815	1.6105	0.401287	243.114	0
3895	0.779	1.79712	1.6105	0.401134	244.05	0
3900	0.78	1.79588	1.6105	0.400916	245.474	0
3905	0.781	1.79442	1.6105	0.400636	247.316	0
3910	0.782	1.79276	1.6105	0.400301	249.505	0
3915	0.783	1.7909	1.6105	0.399919	251.946	0
3920	0.784	1.78896	1.6105	0.399501	254.514	0
3925	0.785	1.78689	1.6105	0.399058	257.155	0
3930	0.786	1.78479	1.6105	0.398599	259.753	0
3935	0.787	1.78266	1.6105	0.398126	262.308	0
3940	0.788	1.78048	1.6105	0.397628	264.935	0
3945	0.789	1.77816	1.6105	0.397095	267.704	0
3950	0.79	1.77571	1.6105	0.396521	270.659	0
3955	0.791	1.77308	1.6105	0.395905	273.813	0
3960	0.792	1.77037	1.6105	0.395245	277.172	0
3965	0.793	1.76744	1.6105	0.394546	280.677	0
3970	0.794	1.76448	1.6105	0.393813	284.284	0
3975	0.795	1.76145	1.6105	0.393054	287.92	0
3980	0.796	1.75835	1.6105	0.392278	291.522	0
3985	0.797	1.75523	1.6105	0.391492	295.003	0
3990	0.798	1.75213	1.6105	0.390708	298.311	0
3995	0.799	1.74915	1.6105	0.389933	301.389	0
4000	0.8	1.74623	1.6105	0.389177	304.166	0
4005	0.801	1.74347	1.6105	0.388447	306.589	0
4010	0.802	1.74084	1.6105	0.387751	308.638	0
4015	0.803	1.73842	1.6105	0.387096	310.252	0
4020	0.804	1.73623	1.6105	0.386487	311.444	0
4025	0.805	1.74779	1.6105	0.389336	282.961	0
4030	0.806	1.75899	1.6105	0.39213	256.813	0
4035	0.807	1.76968	1.6105	0.394827	233.165	0
4040	0.808	1.77976	1.6105	0.397403	211.995	0
4045	0.809	1.79326	1.6105	0.400876	184.373	0
4050	0.81	1.80594	1.6105	0.404188	159.709	0
4055	0.811	1.79492	1.6105	0.401522	187.833	0
4060	0.812	1.79445	1.6105	0.401513	191.052	0
4065	0.813	1.79328	1.6105	0.401324	195.424	0
4070	0.814	1.79135	1.6105	0.40093	201.061	0
4075	0.815	1.78863	1.6105	0.400334	207.88	0
4080	0.816	1.78519	1.6105	0.399557	215.646	0
4085	0.817	1.7813	1.6105	0.398632	223.987	0
4090	0.818	1.7769	1.6105	0.397594	232.623	0
4095	0.819	1.77223	1.6105	0.396466	241.335	0
4100	0.82	1.78015	1.6105	0.398522	222.025	0
4105	0.821	1.78655	1.6105	0.400202	207.059	0
4110	0.822	1.79252	1.6105	0.401804	193.575	0
4115	0.823	1.79081	1.6105	0.401457	197.515	0
4120	0.824	1.78896	1.6105	0.401071	201.329	0
4125	0.825	1.78696	1.6105	0.400652	204.987	0
4130	0.826	1.78488	1.6105	0.400203	208.448	0
4135	0.827	1.78272	1.6105	0.399717	211.811	0
4140	0.828	1.78032	1.6105	0.399185	215.127	0
4145	0.829	1.77757	1.6105	0.39854	218.977	0
4150	0.83	1.77475	1.6105	0.397874	222.542	0
4155	0.831	1.77192	1.6105	0.397203	225.701	0
4160	0.832	1.76913	1.6105	0.39654	228.348	0
4165	0.833	1.76634	1.6105	0.395868	230.686	0
4170	0.834	1.76372	1.6105	0.395217	232.416	0
4175	0.835	1.76117	1.6105	0.394594	233.543	0
4180	0.836	1.7588	1.6105	0.394004	234.033	0
4185	0.837	1.75658	1.6105	0.393452	233.855	0
4190	0.838	1.75457	1.6105	0.392943	232.999	0
4195	0.839	1.75274	1.6105	0.392481	231.442	0
4200	0.84	1.75117	1.6105	0.392065	229.186	0
4205	0.841	1.74971	1.6105	0.391693	226.289	0
4210	0.842	1.74847	1.6105	0.391363	222.763	0
4215	0.843	1.74744	1.6105	0.391072	218.617	0
4220	0.844	1.74648	1.6105	0.390813	213.913	0
4225	0.845	1.74568	1.6105	0.390582	208.67	16.3789
4230	0.846	1.74493	1.6105	0.390374	202.929	35.816
4235	0.847	1.7443	1.6105	0.390179	196.717	57.5319
4240	0.848	1.74367	1.6105	0.389987	190.125	81.6234
4245	0.849	1.74297	1.6105	0.389788	183.187	108.118
4250	0.85	1.74225	1.6105	0.389568	175.992	137.039
4255	0.851	1.7414	1.6105	0.389315	168.578	168.257
4260	0.852	1.74033	1.6105	0.389015	161.026	201.561
4265	0.853	1.73905	1.6105	0.388654	153.42	236.75
4270	0.854	1.7375	1.6105	0.388219	145.813	273.436
4275	0.855	1.73562	1.6105	0.387695	138.272	311.178
4280	0.856	1.73334	1.6105	0.38707	130.866	349.578
4285	0.857	1.73067	1.6105	0.386334	123.648	388.099
4290	0.858	1.72752	1.6105	0.385477	116.682	426.314
4295	0.859	1.72385	1.6105	0.384489	110.016	463.772
4300	0.86	1.71971	1.6105	0.383364	103.713	500.166
4305	0.861	1.71501	1.6105	0.382095	97.85	535.125
4310	0.862	1.70977	1.6105	0.380676	92.6947	568.391
4315	0.863	1.70395	1.6105	0.379101	88.5849	599.819
4320	0.864	1.69753	1.6105	0.377363	85.6715	629.153
4325	0.865	1.69047	1.6105	0.375459	84.0438	656.369
4330	0.866	1.68283	1.6105	0.373387	83.7222	681.425
4335	0.867	1.67458	1.6105	0.371146	84.6576	704.298
4340	0.868	1.6657	1.6105	0.36874	86.7863	725.003
4345	0.869	1.65778	1.6105	0.366554	86.8189	744.772
4350	0.87	1.64946	1.6105	0.364249	87.7831	762.652
4355	0.871	1.64062	1.6105	0.361808	89.8048	778.717
4360	0.872	1.63135	1.62117	0.359235	92.7835	793.057
4365	0.873	1.62164	1.6541	0.356536	96.604	805.814
4370	0.874	1.61151	1.68816	0.353716	101.191	817.031
4375	0.875	1.60095	1.72324	0.350783	106.419	826.886
4380	0.876	1.5901	1.75919	0.347747	112.18	835.457
4385	0.877	1.57892	1.7958	0.344619	118.36	842.904
4390	0.878	1.5698	1.83291	0.34141	124.827	849.29
4395	0.879	1.5698	1.87033	0.338134	131.466	854.762
4400	0.88	1.5698	1.90788	0.334806	138.168	859.36
4405	0.881	1.5698	1.94537	0.331437	144.828	863.246
4410	0.882	1.5698	1.98268	0.328041	151.345	866.45
4415	0.883	1.5698	2.01962	0.324631	157.656	869.116
4420	0.884	1.5698	2.05605	0.321217	163.683	871.287
4425	0.885	1.5698	2.09188	0.317811	169.36	873.003
4430	0.886	1.5698	2.12697	0.314422	174.661	874.371
4435	0.887	1.5698	2.16123	0.31106	179.529	875.399
4440	0.888	1.5698	2.19455	0.307733	183.948	876.183
4445	0.889	1.5698	2.22687	0.304449	187.881	876.748
4450	0.89	1.5698	2.2581	0.301214	191.314	877.114
4455	0.891	1.5698	2.28819	0.298036	194.237	877.347
4460	0.892	1.5698	2.31708	0.294919	196.646	877.463
4465	0.893	1.5698	2.34474	0.29187	198.539	877.475
4470	0.894	1.5698	2.37111	0.288892	199.91	877.445
4475	0.895	1.5698	2.3962	0.285988	200.768	877.357
4480	0.896	1.5698	2.41999	0.283163	201.137	877.244
4485	0.897	1.5698	2.44243	0.280418	201.026	877.162
4490	0.898	1.5698	2.46052	0.277755	200.428	875.724
4495	0.899	1.5698	2.47745	0.275409	197.466	876.395
4500	0.9	1.5698	2.4933	0.273137	194.308	877.021
4505	0.901	1.5698	2.50809	0.270935	190.99	877.595
4510	0.902	1.5698	2.52182	0.268803	187.521	878.109
4515	0.903	1.5698	2.53445	0.266741	183.896	878.553
4520	0.904	1.5698	2.54598	0.264752	180.078	878.964
4525	0.905	1.5698	2.55639	0.262839	176.065	879.354
4530	0.906	1.5698	2.56572	0.261002	171.832	879.774
4535	0.907	1.5698	2.57398	0.259242	167.406	880.188
4540	0.908	1.5698	2.58126	0.257557	162.795	880.603
4545	0.909	1.5698	2.58759	0.255942	158.044	881.026
4550	0.91	1.5698	2.59306	0.254395	153.17	881.464
4555	0.911	1.5698	2.59774	0.25291	148.221	881.881
4560	0.912	1.5698	2.60171	0.251482	143.238	882.303
4565	0.913	1.5698	2.60508	0.250107	138.255	882.74
4570	0.914	1.5698	2.60792	0.248776	133.333	883.103
4575	0.915	1.5698	2.61034	0.247483	128.5	883.43
4580	0.916	1.5698	2.61239	0.246221	123.811	883.683
4585	0.917	1.5698	2.61412	0.244988	119.275	883.878
4590	0.918	1.5698	2.61554	0.243778	114.902	884.025
4595	0.919	1.5698	2.60508	0.24259	110.69	885.092
4600	0.92	1.5698	2.58629	0.242321	99.3022	887.919
4605	0.921	1.5698	2.56106	0.242703	83.4565	892.211
4610	0.922	1.5698	2.53103	0.243599	64.631	897.537
4615	0.923	1.5698	2.49755	0.244884	44.0448	903.543
4620	0.924	1.5698	2.46162	0.246462	22.6137	909.92
4625	0.925	1.5698	2.42404	0.248255	0.991792	916.45
4630	0.926	1.5698	2.38548	0.250203	0	922.992
4635	0.927	1.5698	2.34626	0.252256	0	929.38
4640	0.928	1.5698	2.30662	0.254389	0	935.564
4645	0.929	1.5698	2.26678	0.256584	0	941.532
4650	0.93	1.5698	2.22683	0.258826	0	947.26
4655	0.931	1.5698	2.18637	0.261105	0	952.81
4660	0.932	1.5698	2.14572	0.263455	0	958.242
4665	0.933	1.5698	2.10511	0.265849	0	963.448
4670	0.934	1.5698	2.06468	0.268271	0	968.486
4675	0.935	1.5698	2.02449	0.27071	0	973.296
4680	0.936	1.5698	1.98459	0.273161	0	977.86
4685	0.937	1.5698	1.94499	0.27562	0	982.223
4690	0.938	1.5698	1.90573	0.278085	0	986.382
4695	0.939	1.5698	1.8668	0.280554	0	990.375
4700	0.94	1.5698	1.82821	0.283027	0	994.174
4705	0.941	1.5698	1.78997	0.285502	0	997.797
4710	0.942	1.5698	1.75208	0.287979	0	1001.28
4715	0.943	1.57907	1.71451	0.290459	0	1004.62
4720	0.944	1.59121	1.6773	0.29294	0	1007.81
4725	0.945	1.60316	1.64041	0.295423	0	1010.87
4730	0.946	1.61501	1.6105	0.297908	0	1013.82
4735	0.947	1.62673	1.6105	0.300395	0	1016.68
4740	0.948	1.63835	1.6105	0.302884	0	1019.45
4745	0.949	1.64984	1.6105	0.305376	0	1022.1
4750	0.95	1.66121	1.6105	0.30787	0	1024.67
4755	0.951	1.67245	1.6105	0.310368	0	1027.17
4760	0.952	1.68354	1.6105	0.312872	0	1029.58
4765	0.953	1.69459	1.6105	0.315381	0	1031.93
4770	0.954	1.7055	1.6105	0.317899	0	1034.25
4775	0.955	1.71638	1.6105	0.320426	0	1036.52
4780	0.956	1.72712	1.6105	0.322963	0	1038.75
4785	0.957	1.73776	1.6105	0.325508	0	1040.94
4790	0.958	1.74833	1.6105	0.32806	0	1043.16
4795	0.959	1.75883	1.6105	0.330618	0	1045.3
4800	0.96	1.76915	1.6105	0.333178	0	1047.43
4805	0.961	1.7794	1.6105	0.335739	0	1049.53
4810	0.962	1.78949	1.6105	0.338298	0	1051.57
4815	0.963	1.79947	1.6105	0.340853	0	1053.56
4820	0.964	1.80926	1.6105	0.343404	0	1055.51
4825	0.965	1.81896	1.6105	0.345948	0	1057.43
4830	0.966	1.82851	1.6105	0.348485	0	1059.3
4835	0.967	1.8379	1.6105	0.351015	0	1061.11
4840	0.968	1.84717	1.6105	0.353535	0	1062.89
4845	0.969	1.85628	1.6105	0.356047	0	1064.61
4850	0.97	1.8652	1.6105	0.358549	0	1066.25
4855	0.971	1.874	1.6105	0.36104	0	1067.91
4860	0.972	1.88267	1.6105	0.363521	0	1069.49
4865	0.973	1.89116	1.6105	0.365989	0	1071.01
4870	0.974	1.89951	1.6105	0.368444	0	1072.53
4875	0.975	1.90771	1.6105	0.370887	0	1073.96
4880	0.976	1.91576	1.6105	0.373316	0	1075.34
4885	0.977	1.92362	1.6105	0.375732	0	1076.69
4890	0.978	1.93139	1.6105	0.378134	0	1077.97
4895	0.979	1.93894	1.6105	0.380522	0	1079.22
4900	0.98	1.9464	1.6105	0.382896	0	1080.4
4905	0.981	1.95369	1.6105	0.385258	0	1081.59
4910	0.982	1.96089	1.6105	0.387606	0	1082.72
4915	0.983	1.96789	1.6105	0.389942	0	1083.8
4920	0.984	1.97477	1.6105	0.392265	0	1084.88
4925	0.985	1.98155	1.6105	0.394576	0	1085.89
4930	0.986	1.98819	1.6105	0.396876	0	1086.9
4935	0.987	1.9947	1.6105	0.399165	0	1087.88
4940	0.988	2.00108	1.6105	0.401443	0	1096.46
4945	0.989	1.99855	1.6105	0.401475	0	1092.62
4950	0.99	1.99581	1.6105	0.401433	0	1088.2
4955	0.991	1.99319	1.6105	0.40143	0	1084.1
4960	0.992	1.99064	1.6105	0.401429	0	1080.16
4965	0.993	1.98808	1.6105	0.401429	0	1076.39
4970	0.994	1.98557	1.6105	0.401428	0	1072.82
4975	0.995	1.98309	1.6105	0.401428	0	1069.47
4980	0.996	1.98065	1.6105	0.401428	0	1066.28
4985	0.997	1.97824	1.6105	0.401428	0	1063.3
4990	0.998	1.97582	1.6105	0.401428	0	1060.51
4995	0.999	1.97345	1.6105	0.401428	0	1057.92
5000	1	1.97111	1.6105	0.401428	0	1055.51
5005	1.001	1.9688	1.6105	0.401428	0	1053.26
5010	1.002	1.9665	1.6105	0.401428	0	1051.15
5015	1.003	1.9642	1.6105	0.401428	0	1049.2
5020	1.004	1.96201	1.6105	0.401428	0	1047.4
5025	1.005	1.95976	1.6105	0.401428	0	1045.68
5030	1.006	1.95758	1.6105	0.401428	0	1044.1
5035	1.007	1.95541	1.6105	0.401428	0	1042.63
5040	1.008	1.95329	1.6105	0.401428	0	1041.24
5045	1.009	1.95113	1.6105	0.401428	0	1039.94
5050	1.01	1.94906	1.6105	0.401428	0	1038.73
5055	1.011	1.94696	1.6105	0.401428	0	1037.59
5060	1.012	1.94492	1.6105	0.401428	0	1036.56
5065	1.013	1.9429	1.6105	0.401428	0	1035.55
5070	1.014	1.94088	1.6105	0.401428	0	1034.66
5075	1.015	1.93893	1.6105	0.401428	0	1033.79
5080	1.016	1.93695	1.6105	0.401428	0	1033
5085	1.017	1.93504	1.6105	0.401428	0	1032.24
5090	1.018	1.9331	1.6105	0.401428	0	1031.5
5095	1.019	1.93121	1.6105	0.401428	0	1030.82
5100	1.02	1.92932	1.6105	0.401428	0	1030.19
5105	1.021	1.92749	1.6105	0.401428	0	1029.6
5110	1.022	1.92564	1.6105	0.401428	0	1029.01
5115	1.023	1.92385	1.6105	0.401428	0	1028.49
5120	1.024	1.92208	1.6105	0.401428	0	1027.98
5125	1.025	1.92029	1.6105	0.401428	0	1027.49
5130	1.026	1.91852	1.6105	0.401428	0	1027.04
5135	1.027	1.91683	1.6105	0.401428	0	1026.62
5140	1.028	1.91509	1.6105	0.401428	0	1026.19
5145	1.029	1.9134	1.6105	0.401428	0	1025.8
5150	1.03	1.91172	1.6105	0.401428	0	1025.45
5155	1.031	1.91009	1.6105	0.401428	0	1025.08
5160	1.032	1.90844	1.6105	0.401428	0	1024.74
5165	1.033	1.90681	1.6105	0.401428	0	1024.42
5170	1.034	1.90523	1.6105	0.401428	0	1024.11
5175	1.035	1.90364	1.6105	0.401428	0	1023.83
5180	1.036	1.90208	1.6105	0.401428	0	1023.57
5185	1.037	1.90052	1.6105	0.401428	0	1023.36
5190	1.038	1.89903	1.6105	0.401428	0	1023.15
5195	1.039	1.89749	1.6105	0.401428	0	1022.92
5200	1.04	1.89598	1.6105	0.401428	0	1022.73
5205	1.041	1.89451	1.6105	0.401428	0	1022.54
5210	1.042	1.89305	1.6105	0.401428	0	1022.33
5215	1.043	1.89158	1.6105	0.401428	0	1022.14
5220	1.044	1.89016	1.6105	0.401428	0	1021.98
5225	1.045	1.88878	1.6105	0.401428	0	1021.79
5230	1.046	1.88735	1.6105	0.401428	0	1021.6
5235	1.047	1.88599	1.6105	0.401428	0	1021.42
5240	1.048	1.88463	1.6105	0.401428	0	1021.21
5245	1.049	1.88324	1.6105	0.401428	0	1020.99
5250	1.05	1.88193	1.6105	0.401427	0	1020.79
5255	1.051	1.88059	1.6105	0.401427	0	1020.58
5260	1.052	1.87928	1.6105	0.401427	0	1020.37
5265	1.053	1.87802	1.6105	0.401427	0	1020.14
5270	1.054	1.87672	1.6105	0.401427	0	1019.86
5275	1.055	1.87546	1.6105	0.401427	0	1019.6
5280	1.056	1.8742	1.6105	0.401427	0	1019.33
5285	1.057	1.87299	1.6105	0.401427	0	1019.02
5290	1.058	1.87174	1.6105	0.401426	0	1018.7
5295	1.059	1.87054	1.6105	0.401426	0	1018.36
5300	1.06	1.86934	1.6105	0.401426	0	1018.01
5305	1.061	1.86814	1.6105	0.40142	0	1017.65
5310	1.062	1.86687	1.6105	0.401399	0	1017.23
5315	1.063	1.86551	1.6105	0.401352	0	1016.73
5320	1.064	1.86405	1.6105	0.40127	0	1016.14
5325	1.065	1.86246	1.6105	0.401145	0	1015.39
5330	1.066	1.86063	1.6105	0.400967	0	1014.44
5335	1.067	1.85862	1.6105	0.400731	0	1013.25
5340	1.068	1.85636	1.6105	0.400431	0	1011.82
5345	1.069	1.85387	1.6105	0.400064	0	1010.06
5350	1.07	1.85112	1.6105	0.399627	0	1007.98
5355	1.071	1.84815	1.6105	0.399123	0	1005.51
5360	1.072	1.84496	1.6105	0.398554	0	1002.64
5365	1.073	1.84152	1.6105	0.397923	0	999.296
5370	1.074	1.83791	1.6105	0.397235	0	995.521
5375	1.075	1.83405	1.6105	0.39648	0	991.247
5380	1.076	1.82998	1.6105	0.395653	0	986.393
5385	1.077	1.8256	1.6105	0.394748	0	980.865
5390	1.078	1.82098	1.6105	0.393758	0	974.547
5395	1.079	1.81602	1.6105	0.392679	0	967.286
5400	1.08	1.81071	1.6105	0.391506	0	958.301
5405	1.081	1.80507	1.6105	0.390232	0	948.945
5410	1.082	1.79905	1.6105	0.388856	0	938.241
5415	1.083	1.79273	1.6105	0.387377	0	925.354
5420	1.084	1.78598	1.6105	0.385786	0	911.009
5425	1.085	1.77886	1.6105	0.384085	0	894.353
5430	1.086	1.77136	1.6105	0.382271	7.93968	875.116
5435	1.087	1.76346	1.6105	0.380341	26.5278	852.934
5440	1.088	1.75516	1.6105	0.378301	46.2489	827.464
5445	1.089	1.74659	1.6105	0.376164	66.9909	798.429
5450	1.09	1.73771	1.6105	0.373941	88.6514	765.601
5455	1.091	1.72859	1.6105	0.371646	111.127	729.003
5460	1.092	1.71938	1.6105	0.369293	134.291	688.79
5465	1.093	1.71	1.6105	0.366894	157.99	645.304
5470	1.094	1.70058	1.6105	0.364465	182.047	599.232
5475	1.095	1.69119	1.6105	0.362024	206.237	551.423
5480	1.096	1.68195	1.6105	0.359591	230.298	502.819
5485	1.097	1.67287	1.6105	0.357186	253.978	454.373
5490	1.098	1.66404	1.6105	0.354827	277.039	406.975
5495	1.099	1.65552	1.6105	0.352533	299.244	361.521
5500	1.1	1.64748	1.6105	0.350322	320.358	318.783
5505	1.101	1.63982	1.6105	0.348209	340.155	279.054
5510	1.102	1.63276	1.6105	0.34621	358.448	242.344
5515	1.103	1.62625	1.62578	0.344339	375.092	208.626
5520	1.104	1.62039	1.64207	0.342612	389.962	177.773
5525	1.105	1.61526	1.65573	0.341051	402.923	149.665
5530	1.106	1.61094	1.66648	0.339675	413.849	124.18
5535	1.107	1.60752	1.67407	0.338509	422.628	101.257
5540	1.108	1.60508	1.67833	0.337573	429.176	80.7612
5545	1.109	1.60369	1.67906	0.336884	433.455	62.5442
5550	1.11	1.60341	1.67613	0.336458	435.443	46.5102
5555	1.111	1.60422	1.66947	0.336309	435.152	32.5272
5560	1.112	1.60624	1.65898	0.336445	432.619	20.5016
5565	1.113	1.60951	1.64465	0.336876	427.892	10.2725
5570	1.114	1.61391	1.6265	0.337605	421.051	1.72754
5575	1.115	1.61952	1.6105	0.338634	412.184	0
5580	1.116	1.62629	1.6105	0.339964	401.401	0
5585	1.117	1.63425	1.6105	0.341588	388.844	0
5590	1.118	1.64328	1.6105	0.343498	374.668	0
5595	1.119	1.65335	1.6105	0.345684	359.044	0
5600	1.12	1.66438	1.6105	0.34813	342.14	0
5605	1.121	1.67628	1.6105	0.350822	324.144	0
5610	1.122	1.689	1.6105	0.353741	305.246	0
5615	1.123	1.70238	1.6105	0.356868	285.63	0
5620	1.124	1.7164	1.6105	0.360181	265.494	0
5625	1.125	1.73091	1.6105	0.363658	245.02	0
5630	1.126	1.74577	1.6105	0.367276	224.4	0
5635	1.127	1.76098	1.6105	0.37101	203.807	0
5640	1.128	1.77633	1.6105	0.374836	183.421	0
5645	1.129	1.79178	1.6105	0.378731	163.392	0
5650	1.13	1.80716	1.6105	0.382653	144.022	0
5655	1.131	1.82235	1.6105	0.386585	125.379	0
5660	1.132	1.83735	1.6105	0.390509	107.564	0
5665	1.133	1.85199	1.6105	0.394404	90.6711	0
5670	1.134	1.86629	1.6105	0.39825	74.7933	1.29742
5675	1.135	1.88008	1.6105	0.402028	60.0094	11.9699
5680	1.136	1.87674	1.6105	0.401496	82.7583	1.66151
5685	1.137	1.87311	1.6105	0.400888	104.306	0
5690	1.138	1.86943	1.6105	0.400254	124.326	0
5695	1.139	1.86584	1.6105	0.399636	142.587	0
5700	1.14	1.86244	1.6105	0.399058	159.029	0
5705	1.141	1.85934	1.6105	0.398537	173.654	0
5710	1.142	1.85653	1.6105	0.398089	186.47	0
5715	1.143	1.85406	1.6105	0.397725	197.511	0
5720	1.144	1.85206	1.6105	0.397461	206.783	0
5725	1.145	1.85047	1.6105	0.397313	214.277	0
5730	1.146	1.84947	1.6105	0.397297	219.989	0
5735	1.147	1.84904	1.6105	0.397429	223.893	0
5740	1.148	1.84856	1.6105	0.397547	227.511	0
5745	1.149	1.84893	1.6105	0.397879	228.917	0
5750	1.15	1.85023	1.6105	0.398443	228.093	0
5755	1.151	1.85188	1.6105	0.399103	226.346	0
5760	1.152	1.85428	1.6105	0.399958	222.886	0
5765	1.153	1.85735	1.6105	0.400989	217.987	0
5770	1.154	1.86108	1.6105	0.402191	211.766	0
5775	1.155	1.85711	1.6105	0.401462	222.41	0
5780	1.156	1.85389	1.6105	0.400906	230.753	0
5785	1.157	1.85138	1.6105	0.400524	236.931	0
5790	1.158	1.84962	1.6105	0.400325	241.037	0
5795	1.159	1.84859	1.6105	0.400312	243.176	0
5800	1.16	1.84831	1.6105	0.400487	243.463	0
5805	1.161	1.84881	1.6105	0.400852	242.008	0
5810	1.162	1.85001	1.6105	0.401406	238.928	0
5815	1.163	1.85199	1.6105	0.402147	234.34	0
5820	1.164	1.84825	1.6105	0.401454	242.294	0
5825	1.165	1.84533	1.6105	0.400948	248.042	0
5830	1.166	1.84317	1.6105	0.400631	251.731	0
5835	1.167	1.84176	1.6105	0.400509	253.451	0
5840	1.168	1.84116	1.6105	0.400582	253.309	0
5845	1.169	1.84134	1.6105	0.400854	251.421	0
5850	1.17	1.84233	1.6105	0.401323	247.899	0
5855	1.171	1.84405	1.6105	0.401987	242.861	0
5860	1.172	1.84101	1.6105	0.40145	248.421	0
5865	1.173	1.83877	1.6105	0.401106	251.907	0
5870	1.174	1.83733	1.6105	0.400955	253.466	0
5875	1.175	1.83667	1.6105	0.401	253.192	0
5880	1.176	1.8368	1.6105	0.401242	251.206	0
5885	1.177	1.83765	1.6105	0.401679	247.612	0
5890	1.178	1.83588	1.6105	0.401441	250.02	0
5895	1.179	1.83488	1.6105	0.401396	250.564	0
5900	1.18	1.83463	1.6105	0.401544	249.385	0
5905	1.181	1.83337	1.6105	0.401434	250.453	0
5910	1.182	1.83258	1.6105	0.401428	250.529	0
5915	1.183	1.83176	1.6105	0.401429	250.493	0
5920	1.184	1.83098	1.6105	0.401429	250.439	0
5925	1.185	1.8302	1.6105	0.401429	250.365	0
5930	1.186	1.82945	1.6105	0.401429	250.262	0
5935	1.187	1.82866	1.6105	0.401429	250.132	0
5940	1.188	1.8279	1.6105	0.401429	249.986	0
5945	1.189	1.82718	1.6105	0.401429	249.82	0
5950	1.19	1.82641	1.6105	0.401429	249.639	0
5955	1.191	1.82572	1.6105	0.401429	249.439	0
5960	1.192	1.825	1.6105	0.401429	249.231	0
5965	1.193	1.82425	1.6105	0.401429	249.008	0
5970	1.194	1.82356	1.6105	0.401429	248.776	0
5975	1.195	1.82287	1.6105	0.401429	248.53	0
5980	1.196	1.82216	1.6105	0.401429	248.284	0
5985	1.197	1.8215	1.6105	0.401429	248.021	0
5990	1.198	1.8208	1.6105	0.401429	247.756	0
5995	1.199	1.82013	1.6105	0.401429	247.48	0
6000	1.2	1.81948	1.6105	0.401429	247.206	0
6005	1.201	1.81884	1.6105	0.401429	246.919	0
6010	1.202	1.8182	1.6105	0.401429	246.63	0
6015	1.203	1.81753	1.6105	0.401429	246.333	0
6020	1.204	1.81692	1.6105	0.401429	246.035	0
6025	1.205	1.81627	1.6105	0.401429	245.737	0
6030	1.206	1.81567	1.6105	0.401429	245.428	0
6035	1.207	1.81505	1.6105	0.401429	245.12	0
6040	1.208	1.81444	1.6105	0.401429	244.805	0
6045	1.209	1.81384	1.6105	0.401429	244.486	0
6050	1.21	1.81326	1.6105	0.401429	244.169	0
6055	1.211	1.81269	1.6105	0.401429	243.848	0
6060	1.212	1.8121	1.6105	0.401429	243.525	0
6065	1.213	1.81153	1.6105	0.401429	243.199	0
6070	1.214	1.81095	1.6105	0.401429	242.87	0
6075	1.215	1.81042	1.6105	0.401429	242.539	0
6080	1.216	1.80986	1.6105	0.401428	242.202	0
6085	1.217	1.80928	1.6105	0.401428	241.869	0
6090	1.218	1.80875	1.6105	0.401426	241.552	0
6095	1.219	1.8081	1.6105	0.401398	241.451	0
6100	1.22	1.80726	1.6105	0.401312	241.826	0
6105	1.221	1.80609	1.6105	0.401155	242.768	0
6110	1.222	1.80471	1.6105	0.400927	244.245	0
6115	1.223	1.80311	1.6105	0.40064	246.108	0
6120	1.224	1.80125	1.6105	0.400298	248.314	0
6125	1.225	1.79936	1.6105	0.399927	250.605	0
6130	1.226	1.7975	1.6105	0.39956	252.72	0
6135	1.227	1.79576	1.6105	0.399231	254.365	0
6140	1.228	1.79433	1.6105	0.398966	255.348	0
6145	1.229	1.79325	1.6105	0.398792	255.505	0
6150	1.23	1.79265	1.6105	0.398732	254.662	0
6155	1.231	1.79257	1.6105	0.398808	252.707	0
6160	1.232	1.79315	1.6105	0.399043	249.523	0
6165	1.233	1.79438	1.6105	0.399452	245.036	0
6170	1.234	1.79633	1.6105	0.400044	239.254	0
6175	1.235	1.79902	1.6105	0.400824	232.201	0
6180	1.236	1.80242	1.6105	0.401794	223.938	0
6185	1.237	1.80058	1.6105	0.401452	227.438	0
6190	1.238	1.79957	1.6105	0.401305	228.98	0
6195	1.239	1.79934	1.6105	0.401355	228.689	0
6200	1.24	1.79991	1.6105	0.401605	226.643	0
6205	1.241	1.79883	1.6105	0.401437	228.282	0
6210	1.242	1.79834	1.6105	0.401427	228.405	0
6215	1.243	1.79795	1.6105	0.401429	228.369	0
6220	1.244	1.79757	1.6105	0.40143	228.312	0
6225	1.245	1.79713	1.6105	0.40143	228.219	0
6230	1.246	1.79674	1.6105	0.40143	228.101	0
6235	1.247	1.79636	1.6105	0.40143	227.95	0
6240	1.248	1.79597	1.6105	0.40143	227.765	0
6245	1.249	1.79561	1.6105	0.40143	227.558	0
6250	1.25	1.79522	1.6105	0.401429	227.317	0
6255	1.251	1.79487	1.6105	0.401429	227.038	0
6260	1.252	1.79448	1.6105	0.401429	226.716	0
6265	1.253	1.79411	1.6105	0.401429	226.34	0
6270	1.254	1.79378	1.6105	0.401429	225.912	0
6275	1.255	1.79344	1.6105	0.401429	225.424	0
6280	1.256	1.79309	1.6105	0.401429	224.867	0
6285	1.257	1.79271	1.6105	0.401429	224.232	0
6290	1.258	1.79239	1.6105	0.401429	223.513	0
6295	1.259	1.79203	1.6105	0.401429	222.704	0
6300	1.26	1.7917	1.6105	0.401429	221.795	0
6305	1.261	1.79136	1.6105	0.401429	220.782	0
6310	1.262	1.79109	1.6105	0.401429	219.65	0
6315	1.263	1.79074	1.6105	0.401429	218.4	0
6320	1.264	1.79041	1.6105	0.401429	217.005	0
6325	1.265	1.7901	1.6105	0.401429	215.448	0
6330	1.266	1.78981	1.6105	0.401429	213.705	0
6335	1.267	1.78951	1.6105	0.401429	211.762	0
6340	1.268	1.78919	1.6105	0.401429	209.594	0
6345	1.269	1.7889	1.6105	0.401429	207.197	0
6350	1.27	1.78859	1.6105	0.401429	204.536	0
6355	1.271	1.78833	1.6105	0.401429	201.592	0
6360	1.272	1.788	1.6105	0.401428	198.347	0
6365	1.273	1.78773	1.6105	0.401428	194.762	0
6370	1.274	1.78745	1.6105	0.401428	190.827	0
6375	1.275	1.78717	1.6105	0.401428	186.493	0
6380	1.276	1.78688	1.6105	0.401428	181.737	3.96032
6385	1.277	1.7866	1.6105	0.401428	176.524	23.4893
6390	1.278	1.78633	1.6105	0.401428	170.821	45.9341
6395	1.279	1.78607	1.6105	0.401428	164.58	71.4035
6400	1.28	1.78581	1.6105	0.401428	157.77	100.04
6405	1.281	1.78555	1.6105	0.401427	150.366	131.794
6410	1.282	1.78529	1.6105	0.401427	142.307	166.513
6415	1.283	1.78503	1.6105	0.401427	133.597	203.976
6420	1.284	1.78481	1.6105	0.401426	124.191	243.716
6425	1.285	1.78455	1.6105	0.401426	114.085	285.251
6430	1.286	1.7842	1.6105	0.401402	103.467	328.02
6435	1.287	1.78366	1.6105	0.40133	92.5643	371.267
6440	1.288	1.78286	1.6105	0.401182	81.5971	414.415
6445	1.289	1.78164	1.6105	0.400936	70.7808	456.785
6450	1.29	1.77997	1.6105	0.400564	60.3519	497.886
6455	1.291	1.77775	1.6105	0.400046	50.5167	537.3
6460	1.292	1.77488	1.6105	0.399365	41.7056	574.649
6465	1.293	1.77132	1.6105	0.398508	34.2759	609.766
6470	1.294	1.76713	1.6105	0.397464	28.4461	642.457
6475	1.295	1.76215	1.6105	0.396231	24.2553	672.669
6480	1.296	1.75657	1.6105	0.394809	21.6945	700.395
6485	1.297	1.75019	1.6105	0.393196	20.7094	725.705
6490	1.298	1.74314	1.6105	0.391393	21.2409	748.652
6495	1.299	1.73541	1.6105	0.389397	23.224	769.384
6500	1.3	1.72697	1.6105	0.387206	26.6043	788.107
6505	1.301	1.72025	1.6105	0.385438	26.0885	806.254
6510	1.302	1.71232	1.6105	0.383347	28.3035	804.87
6515	1.303	1.71553	1.6105	0.384039	6.81614	828.133
6520	1.304	1.71751	1.6105	0.384428	0	849.084
6525	1.305	1.71799	1.6105	0.384442	0	867.571
6530	1.306	1.71688	1.6105	0.384054	0	883.522
6535	1.307	1.71415	1.6105	0.383268	0	889.899
6540	1.308	1.71491	1.6105	0.383341	0	903.725
6545	1.309	1.71504	1.6105	0.383253	0	915.216
6550	1.31	1.71503	1.6105	0.383145	0	925.65
6555	1.311	1.71499	1.6105	0.383026	0	935.294
6560	1.312	1.71489	1.6105	0.382885	0	944.16
6565	1.313	1.71464	1.6105	0.382704	0	952.269
6570	1.314	1.71415	1.6105	0.382472	0	959.61
6575	1.315	1.71343	1.6105	0.382174	0	966.713
6580	1.316	1.71198	1.6105	0.381689	0	972.67
6585	1.317	1.70989	1.6105	0.381048	0	977.811
6590	1.318	1.70718	1.6105	0.380241	0	982.004
6595	1.319	1.70389	1.6105	0.379276	0	985.333
6600	1.32	1.70006	1.6105	0.37817	0	987.876
6605	1.321	1.69572	1.6105	0.376931	0	989.529
6610	1.322	1.69087	1.6105	0.375553	0	990.673
6615	1.323	1.68562	1.6105	0.374054	0	991.309
6620	1.324	1.67988	1.6105	0.372434	0	991.45
6625	1.325	1.67367	1.6105	0.370688	0	991.69
6630	1.326	1.66895	1.6105	0.369292	0	992.538
6635	1.327	1.6654	1.6105	0.368181	0	993.93
6640	1.328	1.66254	1.6105	0.367232	0	995.67
6645	1.329	1.66118	1.6105	0.366648	0	998.096
6650	1.33	1.66101	1.6105	0.366366	0	1000.99
6655	1.331	1.66162	1.6105	0.366272	0	1003.96
6660	1.332	1.66264	1.6105	0.366282	0	1006.88
6665	1.333	1.66387	1.6105	0.366351	0	1009.57
6670	1.334	1.66523	1.6105	0.366456	0	1012.1
6675	1.335	1.66673	1.6105	0.366585	0	1014.38
6680	1.336	1.66821	1.6105	0.366733	0	1016.4
6685	1.337	1.66986	1.6105	0.366911	0	1018.23
6690	1.338	1.67156	1.6105	0.367124	0	1019.91
6695	1.339	1.67347	1.6105	0.367377	0	1021.5
6700	1.34	1.67551	1.6105	0.367671	0	1023.02
6705	1.341	1.67769	1.6105	0.368007	0	1024.46
6710	1.342	1.68002	1.6105	0.368384	0	1025.86
6715	1.343	1.68247	1.6105	0.3688	0	1027.22
6720	1.344	1.68502	1.6105	0.369251	0	1028.53
6725	1.345	1.68773	1.6105	0.369736	0	1029.85
6730	1.346	1.69051	1.6105	0.370249	0	1031.06
6735	1.347	1.69332	1.6105	0.370788	0	1032.26
6740	1.348	1.69625	1.6105	0.371351	0	1033.43
6745	1.349	1.69925	1.6105	0.371935	0	1034.54
6750	1.35	1.70226	1.6105	0.372538	0	1035.6
6755	1.351	1.70528	1.6105	0.373157	0	1036.6
6760	1.352	1.70839	1.6105	0.373793	0	1037.56
6765	1.353	1.7115	1.6105	0.374443	0	1038.47
6770	1.354	1.71463	1.6105	0.375107	0	1039.31
6775	1.355	1.71776	1.6105	0.375786	0	1040.12
6780	1.356	1.72098	1.6105	0.376479	0	1040.88
6785	1.357	1.7242	1.6105	0.377187	0	1041.61
6790	1.358	1.72743	1.6105	0.377912	0	1042.31
6795	1.359	1.73072	1.6105	0.378652	0	1043
6800	1.36	1.73402	1.6105	0.379406	0	1043.67
6805	1.361	1.73734	1.6105	0.380172	0	1044.29
6810	1.362	1.74064	1.6105	0.380948	0	1044.88
6815	1.363	1.74397	1.6105	0.381733	0	1045.46
6820	1.364	1.7473	1.6105	0.382526	0	1046.02
6825	1.365	1.75063	1.6105	0.383325	0	1046.51
6830	1.366	1.7539	1.6105	0.384132	0	1046.96
6835	1.367	1.75721	1.6105	0.384948	0	1047.42
6840	1.368	1.76054	1.6105	0.385772	0	1047.85
6845	1.369	1.76386	1.6105	0.386605	0	1048.27
6850	1.37	1.76716	1.6105	0.387446	0	1048.64
6855	1.371	1.77046	1.6105	0.388293	0	1049.01
6860	1.372	1.77376	1.6105	0.389145	0	1049.37
6865	1.373	1.77703	1.6105	0.390004	0	1049.71
6870	1.374	1.78031	1.6105	0.390868	0	1050
6875	1.375	1.78355	1.6105	0.391739	0	1050.3
6880	1.376	1.78685	1.6105	0.392618	0	1050.59
6885	1.377	1.79008	1.6105	0.393504	0	1050.88
6890	1.378	1.79333	1.6105	0.394394	0	1051.18
6895	1.379	1.79653	1.6105	0.395284	0	1051.47
6900	1.38	1.79968	1.6105	0.396171	0	1051.77
6905	1.381	1.80282	1.6105	0.397052	0	1052.04
6910	1.382	1.80586	1.6105	0.397923	0	1052.28
6915	1.383	1.80881	1.6105	0.398781	0	1052.51
6920	1.384	1.81169	1.6105	0.399623	0	1052.65
6925	1.385	1.81442	1.6105	0.400447	0	1052.79
6930	1.386	1.81711	1.6105	0.40125	0	1052.85
6935	1.387	1.81964	1.6105	0.40203	0	1056.72
6940	1.388	1.81685	1.6105	0.401449	0	1053.27
6945	1.389	1.81399	1.6105	0.400853	0	1050
6950	1.39	1.81105	1.6105	0.400227	0	1046.82
6955	1.391	1.80807	1.6105	0.399575	0	1043.7
6960	1.392	1.80503	1.6105	0.398908	0	1039.28
6965	1.393	1.80188	1.6105	0.398182	0	1035.76
6970	1.394	1.79862	1.6105	0.397422	0	1032.3
6975	1.395	1.79535	1.6105	0.396647	0	1028.96
6980	1.396	1.79205	1.6105	0.395856	0	1026.02
6985	1.397	1.78876	1.6105	0.395059	0	1022.9
6990	1.398	1.7854	1.6105	0.394235	0	1019.9
6995	1.399	1.78198	1.6105	0.393384	0	1016.97
7000	1.4	1.77851	1.6105	0.392509	0	1014.1
7005	1.401	1.77499	1.6105	0.391611	0	1011.28
7010	1.402	1.77138	1.6105	0.390693	0	1008.52
7015	1.403	1.76781	1.6105	0.389761	0	1005.87
7020	1.404	1.76422	1.6105	0.388815	0	1003.3
7025	1.405	1.76061	1.6105	0.387856	0	1000.82
7030	1.406	1.75703	1.6105	0.386888	0	998.47
7035	1.407	1.75345	1.6105	0.385911	0	996.211
7040	1.408	1.74986	1.6105	0.384927	0	994.097
7045	1.409	1.7463	1.6105	0.383935	0	992.055
7050	1.41	1.74273	1.6105	0.382935	0	990.12
7055	1.411	1.73917	1.6105	0.381925	0	988.253
7060	1.412	1.73558	1.6105	0.380903	0	986.459
7065	1.413	1.73199	1.6105	0.379867	0	984.734
7070	1.414	1.72839	1.6105	0.378816	0	983.032
7075	1.415	1.72476	1.6105	0.377747	0	981.408
7080	1.416	1.72108	1.6105	0.37666	0	979.795
7085	1.417	1.71736	1.6105	0.375553	0	978.19
7090	1.418	1.71359	1.6105	0.374424	0	976.611
7095	1.419	1.70975	1.6105	0.373274	0	975.01
7100	1.42	1.70588	1.6105	0.372099	0	973.452
7105	1.421	1.70195	1.6105	0.370901	0	971.835
7110	1.422	1.69793	1.6105	0.369679	0	970.239
7115	1.423	1.69385	1.6105	0.368431	0	968.58
7120	1.424	1.68974	1.6105	0.36716	0	966.904
7125	1.425	1.68557	1.6105	0.365867	0	965.186
7130	1.426	1.68133	1.6105	0.364551	0	963.452
7135	1.427	1.67705	1.6105	0.363212	0	961.71
7140	1.428	1.6727	1.6105	0.36185	0	959.95
7145	1.429	1.66832	1.6105	0.360464	0	958.145
7150	1.43	1.66383	1.6105	0.359053	0	956.306
7155	1.431	1.65931	1.6105	0.357615	0	954.46
7160	1.432	1.65471	1.6105	0.356151	0	952.546
7165	1.433	1.65	1.6105	0.354657	0	950.596
7170	1.434	1.64524	1.61658	0.353133	0	948.627
7175	1.435	1.6404	1.63361	0.351578	0	946.576
7180	1.436	1.63542	1.65093	0.34999	0	944.495
7185	1.437	1.63039	1.66791	0.348367	0	940.962
7190	1.438	1.62543	1.68447	0.346756	0	937.568
7195	1.439	1.62058	1.70051	0.345163	0	934.334
7200	1.44	1.6159	1.71599	0.343595	0	931.224
7205	1.441	1.61136	1.73081	0.342058	0	928.315
7210	1.442	1.60706	1.74494	0.340557	0	925.563
7215	1.443	1.6029	1.75834	0.339098	0	922.975
7220	1.444	1.59901	1.77332	0.337683	0	921.944
7225	1.445	1.59457	1.78964	0.336133	1.08327	920.547
7230	1.446	1.58964	1.80709	0.334468	3.90549	918.869
7235	1.447	1.58434	1.82549	0.332702	7.39354	916.923
7240	1.448	1.57868	1.8447	0.330848	11.3947	914.746
7245	1.449	1.57275	1.86455	0.328916	15.776	912.405
7250	1.45	1.5698	1.88492	0.326919	20.4307	909.913
7255	1.451	1.5698	1.90565	0.324866	25.2553	907.287
7260	1.452	1.5698	1.92664	0.322768	30.163	904.584
7265	1.453	1.5698	1.94777	0.320632	35.0807	901.808
7270	1.454	1.5698	1.9683	0.318469	39.9407	898.821
7275	1.455	1.5698	1.98819	0.316334	44.2975	895.973
7280	1.456	1.5698	2.00741	0.314231	48.1625	893.279
7285	1.457	1.5698	2.02657	0.312161	51.5642	891.437
7290	1.458	1.5698	2.04563	0.310081	54.9125	889.527
7295	1.459	1.5698	2.06454	0.307993	58.1967	887.539
7300	1.46	1.5698	2.0833	0.305901	61.3918	885.561
7305	1.461	1.5698	2.1019	0.303804	64.5057	883.526
7310	1.462	1.5698	2.12034	0.301704	67.5426	881.475
7315	1.463	1.5698	2.13865	0.299602	70.4984	879.396
7320	1.464	1.5698	2.1568	0.297496	73.3999	877.321
7325	1.465	1.5698	2.17485	0.295385	76.2421	875.223
7330	1.466	1.5698	2.19278	0.29327	79.0526	873.104
7335	1.467	1.5698	2.21064	0.291147	81.8298	870.969
7340	1.468	1.5698	2.22844	0.289017	84.6033	868.822
7345	1.469	1.5698	2.24621	0.286877	87.3758	866.654
7350	1.47	1.5698	2.26399	0.284725	90.1688	864.468
7355	1.471	1.5698	2.28177	0.282559	93.0001	862.252
7360	1.472	1.5698	2.29961	0.280378	95.8724	860.001
7365	1.473	1.5698	2.31753	0.278178	98.8078	857.71
7370	1.474	1.5698	2.33556	0.275959	101.823	855.39
7375	1.475	1.5698	2.35299	0.273717	104.926	855.898
7380	1.476	1.5698	2.37061	0.271506	107.668	853.664
7385	1.477	1.5698	2.38832	0.269268	110.564	851.307
7390	1.478	1.5698	2.40605	0.267008	113.553	848.833
7395	1.479	1.5698	2.42365	0.264733	116.57	846.284
7400	1.48	1.5698	2.44108	0.262454	119.532	843.697
7405	1.481	1.5698	2.45825	0.260175	122.406	841.117
7410	1.482	1.5698	2.47512	0.257901	125.156	838.554
7415	1.483	1.5698	2.49164	0.255637	127.749	836.005
7420	1.484	1.5698	2.50781	0.253387	130.18	833.606
7425	1.485	1.5698	2.52348	0.251152	132.446	831.056
7430	1.486	1.5698	2.53872	0.248941	134.474	828.653
7435	1.487	1.5698	2.55355	0.246752	136.31	826.305
7440	1.488	1.5698	2.56795	0.244583	137.986	824.027
7445	1.489	1.5698	2.58193	0.242435	139.501	821.81
7450	1.49	1.5698	2.59553	0.240309	140.86	819.639
7455	1.491	1.5698	2.60875	0.238202	142.103	817.505
7460	1.492	1.5698	2.62165	0.236112	143.232	815.398
7465	1.493	1.5698	2.63425	0.234038	144.287	813.306
7470	1.494	1.5698	2.64662	0.231977	145.281	811.195
7475	1.495	1.5698	2.65877	0.229925	146.272	809.034
7480	1.496	1.5698	2.67077	0.22788	147.307	806.817
7485	1.497	1.5698	2.68266	0.225837	148.462	804.499
7490	1.498	1.5698	2.69451	0.223793	149.795	802.083
7495	1.499	1.5698	2.70635	0.221744	151.37	799.536
7500	1.5	1.5698	2.71829	0.219685	153.22	796.833
7505	1.501	1.5698	2.73031	0.217613	155.433	793.966
7510	1.502	1.5698	2.74255	0.215521	158.019	790.904
7515	1.503	1.5698	2.755	0.213406	161.075	787.617
7520	1.504	1.5698	2.76776	0.211262	164.625	784.086
7525	1.505	1.5698	2.78087	0.209086	168.737	780.271
7530	1.506	1.5698	2.79437	0.206873	173.474	776.148
7535	1.507	1.5698	2.80831	0.204619	178.878	771.672
7540	1.508	1.5698	2.82278	0.202318	185.002	766.828
7545	1.509	1.5698	2.83779	0.199967	191.948	761.512
7550	1.51	1.5698	2.85339	0.197561	199.75	755.691
7555	1.511	1.5698	2.86965	0.195095	208.486	749.287
7560	1.512	1.5698	2.88657	0.192566	218.238	742.2
7565	1.513	1.5698	2.90419	0.189973	229.055	734.352
7570	1.514	1.5698	2.92249	0.187311	241.014	725.581
7575	1.515	1.5698	2.94149	0.184581	254.168	715.755
7580	1.516	1.5698	2.96118	0.18178	268.588	704.624
7585	1.517	1.5698	2.98158	0.178908	284.328	691.925
7590	1.518	1.5698	3.00261	0.175966	301.454	677.316
7595	1.519	1.5698	3.02426	0.172954	319.976	660.47
7600	1.52	1.5698	3.04642	0.169877	339.927	641.023
7605	1.521	1.5698	3.06894	0.166741	361.241	618.614
7610	1.522	1.5698	3.09159	0.163558	383.826	592.925
7615	1.523	1.5698	3.11419	0.160344	407.511	563.745
7620	1.524	1.5698	3.13653	0.157115	432.121	531.007
7625	1.525	1.5698	3.15837	0.153887	457.447	494.852
7630	1.526	1.5698	3.17936	0.150677	483.242	455.21
7635	1.527	1.5698	3.19939	0.147519	509.162	413.846
7640	1.528	1.5698	3.21824	0.144416	535.014	371.042
7645	1.529	1.5698	3.23564	0.14139	560.529	327.82
7650	1.53	1.5698	3.25134	0.138462	585.392	285.205
7655	1.531	1.5698	3.26502	0.135657	609.323	244.136
7660	1.532	1.5698	3.27642	0.132998	632	205.554
7665	1.533	1.5698	3.28528	0.130508	653.134	169.863
7670	1.534	1.5698	3.29137	0.128211	672.448	137.159
7675	1.535	1.5698	3.29442	0.126129	689.725	107.425
7680	1.536	1.5698	3.29425	0.124283	704.751	80.5886
7685	1.537	1.5698	3.29062	0.122694	717.417	56.5368
7690	1.538	1.5698	3.28337	0.121381	727.587	35.1292
7695	1.539	1.5698	3.27229	0.120363	735.227	16.278
7700	1.54	1.5698	3.25727	0.119657	740.276	0
7705	1.541	1.5698	3.23818	0.119277	742.762	0
7710	1.542	1.5698	3.21499	0.119236	742.699	0
7715	1.543	1.5698	3.18773	0.119538	740.171	0
7720	1.544	1.5698	3.15644	0.120187	735.317	0
7725	1.545	1.5698	3.12117	0.121182	728.254	0
7730	1.546	1.5698	3.08203	0.122521	719.115	0
7735	1.547	1.5698	3.03919	0.124197	708.059	0
7740	1.548	1.5698	2.99276	0.126204	695.283	0
7745	1.549	1.5698	2.94303	0.128528	680.923	0
7750	1.55	1.5698	2.89019	0.131156	665.22	0
7755	1.551	1.5698	2.8345	0.13407	648.342	0
7760	1.552	1.5698	2.77623	0.137252	630.494	0
7765	1.553	1.5698	2.71572	0.140681	611.87	0
7770	1.554	1.5698	2.65325	0.144334	592.685	0
7775	1.555	1.5698	2.58913	0.148189	573.13	0
7780	1.556	1.5698	2.52371	0.152219	553.374	0
7785	1.557	1.5698	2.45729	0.156401	533.619	0
7790	1.558	1.5698	2.39021	0.16071	514.027	0
7795	1.559	1.5698	2.32277	0.16512	494.751	0
7800	1.56	1.5698	2.25527	0.169607	475.947	0
7805	1.561	1.5698	2.18799	0.174147	457.73	0
7810	1.562	1.5698	2.12117	0.178719	440.218	0
7815	1.563	1.5698	2.05507	0.183302	423.484	0
7820	1.564	1.5698	1.98993	0.187875	407.632	0
7825	1.565	1.5698	1.92594	0.192421	392.725	0
7830	1.566	1.5698	1.86324	0.196923	378.808	0
7835	1.567	1.5698	1.80403	0.201368	365.892	0
7840	1.568	1.5698	1.74735	0.205584	355.294	0
7845	1.569	1.58021	1.69294	0.209643	346.26	0
7850	1.57	1.59886	1.64084	0.213564	338.514	0
7855	1.571	1.61665	1.6105	0.217345	331.995	0
7860	1.572	1.63368	1.6105	0.221008	326.427	0
7865	1.573	1.65005	1.6105	0.224567	321.623	0
7870	1.574	1.6658	1.6105	0.228032	317.474	0
7875	1.575	1.68095	1.6105	0.231407	313.87	0
7880	1.576	1.69483	1.6105	0.234537	312.076	0
7885	1.577	1.70834	1.6105	0.23762	310.313	0
7890	1.578	1.72136	1.6105	0.240628	308.838	0
7895	1.579	1.73387	1.6105	0.243556	307.633	0
7900	1.58	1.74591	1.6105	0.246412	306.67	0
7905	1.581	1.75753	1.6105	0.249202	305.854	0
7910	1.582	1.76875	1.6105	0.251933	305.122	0
7915	1.583	1.77958	1.6105	0.254609	304.434	0
7920	1.584	1.79009	1.6105	0.257236	303.749	0
7925	1.585	1.8003	1.6105	0.259819	302.997	0
7930	1.586	1.81019	1.6105	0.262364	302.183	0
7935	1.587	1.81985	1.6105	0.264875	301.247	0
7940	1.588	1.82926	1.6105	0.267357	300.186	0
7945	1.589	1.83845	1.6105	0.269814	298.943	0
7950	1.59	1.84746	1.6105	0.272252	297.521	0
7955	1.591	1.8563	1.6105	0.274676	295.886	0
7960	1.592	1.865	1.6105	0.27709	294.025	0
7965	1.593	1.87357	1.6105	0.279498	291.916	0
7970	1.594	1.88203	1.6105	0.281905	289.552	0
7975	1.595	1.89041	1.6105	0.284315	286.925	0
7980	1.596	1.89871	1.6105	0.286731	284.009	0
7985	1.597	1.90698	1.6105	0.289157	280.827	0
7990	1.598	1.9152	1.6105	0.291594	277.352	0
7995	1.599	1.92338	1.6105	0.294046	273.604	0
8000	1.6	1.93152	1.6105	0.296514	269.582	0
8005	1.601	1.93966	1.6105	0.298999	265.298	0
8010	1.602	1.94777	1.6105	0.301504	260.748	0
8015	1.603	1.95587	1.6105	0.304028	255.954	0
8020	1.604	1.96397	1.6105	0.306572	250.931	0
8025	1.605	1.97206	1.6105	0.309136	245.687	0
8030	1.606	1.98014	1.6105	0.311721	240.231	0
8035	1.607	1.9882	1.6105	0.314324	234.605	0
8040	1.608	1.99623	1.6105	0.316947	228.793	0
8045	1.609	2.00426	1.6105	0.319587	222.826	0
8050	1.61	2.01225	1.6105	0.322244	216.735	0
8055	1.611	2.02023	1.6105	0.324917	210.516	0
8060	1.612	2.02814	1.6105	0.327603	204.211	0
8065	1.613	2.03602	1.6105	0.330301	197.828	0
8070	1.614	2.04385	1.6105	0.33301	191.362	0
8075	1.615	2.05161	1.6105	0.335728	184.863	0
8080	1.616	2.05932	1.6105	0.338453	178.33	0
8085	1.617	2.06695	1.6105	0.341183	171.765	0
8090	1.618	2.0745	1.6105	0.343916	165.22	0
8095	1.619	2.08195	1.6105	0.346652	158.664	0
8100	1.62	2.08933	1.6105	0.349387	152.152	0
8105	1.621	2.0966	1.6105	0.35212	145.668	0
8110	1.622	2.10377	1.6105	0.354849	139.219	0
8115	1.623	2.11082	1.6105	0.357572	132.828	0
8120	1.624	2.11775	1.6105	0.360289	126.505	0
8125	1.625	2.12457	1.6105	0.362997	120.25	0
8130	1.626	2.13127	1.6105	0.365695	114.07	0
8135	1.627	2.13782	1.6105	0.368381	107.978	0
8140	1.628	2.14423	1.6105	0.371054	101.976	0
8145	1.629	2.15052	1.6105	0.373712	96.0705	0
8150	1.63	2.15665	1.6105	0.376355	90.2604	0
8155	1.631	2.16265	1.6105	0.378981	84.5504	0
8160	1.632	2.1685	1.6105	0.38159	78.9562	0
8165	1.633	2.17419	1.6105	0.38418	73.4583	0
8170	1.634	2.17975	1.6105	0.38675	68.0682	0
8175	1.635	2.18513	1.6105	0.389299	62.787	0
8180	1.636	2.19036	1.6105	0.391827	57.6188	0
8185	1.637	2.19546	1.6105	0.394332	52.5631	0
8190	1.638	2.20038	1.6105	0.396815	47.6084	0
8195	1.639	2.20517	1.6105	0.399275	42.7727	0
8200	1.64	2.20978	1.6105	0.40171	38.0429	0
8205	1.641	2.20379	1.6105	0.401469	56.2136	0
8210	1.642	2.19808	1.6105	0.401284	72.3797	0
8215	1.643	2.19204	1.6105	0.400999	88.0339	0
8220	1.644	2.18636	1.6105	0.400787	101.756	0
8225	1.645	2.18101	1.6105	0.40064	113.785	0
8230	1.646	2.17602	1.6105	0.400574	124.13	0
8235	1.647	2.17148	1.6105	0.400608	132.753	0
8240	1.648	2.16746	1.6105	0.400761	139.634	0
8245	1.649	2.16266	1.6105	0.400701	147.751	0
8250	1.65	2.15693	1.6105	0.400393	157.344	0
8255	1.651	2.15064	1.6105	0.399921	167.637	0
8260	1.652	2.14431	1.6105	0.39942	177.418	0
8265	1.653	2.13854	1.6105	0.399044	185.433	0
8270	1.654	2.13362	1.6105	0.398861	191.2	0
8275	1.655	2.12948	1.6105	0.398871	194.889	0
8280	1.656	2.12614	1.6105	0.399067	196.7	0
8285	1.657	2.12355	1.6105	0.399442	196.812	0
8290	1.658	2.12163	1.6105	0.399988	195.398	0
8295	1.659	2.12039	1.6105	0.400697	192.64	0
8300	1.66	2.11978	1.6105	0.401555	188.698	0
8305	1.661	2.11534	1.6105	0.401444	193.273	0
8310	1.662	2.11132	1.6105	0.401427	196.678	0
8315	1.663	2.10744	1.6105	0.401428	199.652	0
8320	1.664	2.10357	1.6105	0.401428	202.362	0
8325	1.665	2.09975	1.6105	0.401428	204.844	0
8330	1.666	2.09599	1.6105	0.401428	207.114	0
8335	1.667	2.09226	1.6105	0.401428	209.181	0
8340	1.668	2.08857	1.6105	0.401428	211.071	0
8345	1.669	2.08491	1.6105	0.40143	212.784	0
8350	1.67	2.08131	1.6105	0.40143	214.343	0
8355	1.671	2.07773	1.6105	0.401429	215.795	0
8360	1.672	2.0742	1.6105	0.401428	217.101	0
8365	1.673	2.0707	1.6105	0.401428	218.284	0
8370	1.674	2.06725	1.6105	0.401427	219.352	0
8375	1.675	2.06383	1.6105	0.401427	220.323	0
8380	1.676	2.06046	1.6105	0.401427	221.205	0
8385	1.677	2.0571	1.6105	0.401427	221.993	0
8390	1.678	2.05383	1.6105	0.401428	222.695	0
8395	1.679	2.05056	1.6105	0.401428	223.319	0
8400	1.68	2.04731	1.6105	0.401428	223.885	0
8405	1.681	2.04412	1.6105	0.401428	224.405	0
8410	1.682	2.04096	1.6105	0.401428	224.85	0
8415	1.683	2.03782	1.6105	0.401427	225.23	0
8420	1.684	2.03473	1.6105	0.401427	225.57	0
8425	1.685	2.03168	1.6105	0.401427	225.858	0
8430	1.686	2.02865	1.6105	0.401428	226.105	0
8435	1.687	2.02566	1.6105	0.401428	226.306	0
8440	1.688	2.02268	1.6105	0.401428	226.463	0
8445	1.689	2.01977	1.6105	0.401427	226.599	0
8450	1.69	2.01688	1.6105	0.401427	226.684	0
8455	1.691	2.014	1.6105	0.401427	226.749	0
8460	1.692	2.01118	1.6105	0.401427	226.782	0
8465	1.693	2.00838	1.6105	0.401427	226.797	0
8470	1.694	2.00561	1.6105	0.401427	226.785	0
8475	1.695	2.00288	1.6105	0.401427	226.743	0
8480	1.696	2.00016	1.6105	0.401427	226.679	0
8485	1.697	1.99748	1.6105	0.401427	226.592	0
8490	1.698	1.99483	1.6105	0.401427	226.491	0
8495	1.699	1.99221	1.6105	0.401427	226.361	0
8500	1.7	1.98962	1.6105	0.401427	226.218	0
8505	1.701	1.98705	1.6105	0.401427	226.069	0
8510	1.702	1.98451	1.6105	0.401427	225.886	0
8515	1.703	1.98201	1.6105	0.401427	225.698	0
8520	1.704	1.97953	1.6105	0.401427	225.492	0
8525	1.705	1.97707	1.6105	0.401427	225.293	0
8530	1.706	1.97463	1.6105	0.401427	225.059	0
8535	1.707	1.97224	1.6105	0.401427	224.809	0
8540	1.708	1.96987	1.6105	0.401427	224.566	0
8545	1.709	1.96753	1.6105	0.401427	224.305	0
8550	1.71	1.96521	1.6105	0.401427	224.029	0
8555	1.711	1.96291	1.6105	0.401427	223.749	0
8560	1.712	1.96064	1.6105	0.401427	223.451	0
8565	1.713	1.95841	1.6105	0.401427	223.153	0
8570	1.714	1.95618	1.6105	0.401427	222.837	0
8575	1.715	1.954	1.6105	0.401427	222.513	0
8580	1.716	1.95182	1.6105	0.401427	222.164	0
8585	1.717	1.94967	1.6105	0.401427	221.812	0
8590	1.718	1.94754	1.6105	0.401427	221.416	0
8595	1.719	1.94545	1.6105	0.401427	220.997	0
8600	1.72	1.94337	1.6105	0.401427	220.539	0
8605	1.721	1.94132	1.6105	0.401427	220.036	0
8610	1.722	1.93929	1.6105	0.401427	219.468	0
8615	1.723	1.93728	1.6105	0.401427	218.842	0
8620	1.724	1.93531	1.6105	0.401427	218.162	0
8625	1.725	1.93335	1.6105	0.401427	217.387	0
8630	1.726	1.93139	1.6105	0.401427	216.547	0
8635	1.727	1.92948	1.6105	0.401427	215.612	0
8640	1.728	1.92759	1.6105	0.401427	214.6	0
8645	1.729	1.92571	1.6105	0.401427	213.475	0
8650	1.73	1.92385	1.6105	0.401427	212.254	0
8655	1.731	1.92203	1.6105	0.401427	210.931	0
8660	1.732	1.92021	1.6105	0.401427	209.463	0
8665	1.733	1.91841	1.6105	0.401427	207.831	0
8670	1.734	1.91664	1.6105	0.401427	206.04	0
8675	1.735	1.91489	1.6105	0.401427	204.054	0
8680	1.736	1.91315	1.6105	0.401427	201.847	0
8685	1.737	1.91145	1.6105	0.401427	199.412	0
8690	1.738	1.90974	1.6105	0.401427	196.744	0
8695	1.739	1.90807	1.6105	0.401427	193.799	0
8700	1.74	1.90641	1.6105	0.401427	190.567	0
8705	1.741	1.90477	1.6105	0.401427	187.036	0
8710	1.742	1.90315	1.6105	0.401427	183.163	0
8715	1.743	1.90155	1.6105	0.401427	178.926	0
8720	1.744	1.89997	1.6105	0.401427	174.329	0
8725	1.745	1.8984	1.6105	0.401427	169.306	0
8730	1.746	1.89685	1.6105	0.401427	163.838	14.0789
8735	1.747	1.89532	1.6105	0.401426	157.89	34.788
8740	1.748	1.8938	1.6105	0.401426	151.452	58.215
8745	1.749	1.89232	1.6105	0.401426	144.49	84.4911
8750	1.75	1.8908	1.6105	0.401418	137.022	113.625
8755	1.751	1.88922	1.6105	0.401388	129.167	145.545
8760	1.752	1.8875	1.6105	0.40132	121.014	180.026
8765	1.753	1.88559	1.6105	0.401197	112.658	216.717
8770	1.754	1.88344	1.6105	0.401005	104.203	255.2
8775	1.755	1.88096	1.6105	0.400727	95.7427	294.942
8780	1.756	1.87813	1.6105	0.400351	87.3739	335.381
8785	1.757	1.87488	1.6105	0.399864	79.1735	375.945
8790	1.758	1.87121	1.6105	0.399256	71.2246	416.086
8795	1.759	1.86704	1.6105	0.398518	63.6218	455.328
8800	1.76	1.86239	1.6105	0.397643	56.4267	493.24
8805	1.761	1.85721	1.6105	0.396623	49.9415	529.499
8810	1.762	1.85149	1.6105	0.395453	44.5028	563.808
8815	1.763	1.84518	1.6105	0.394126	40.2752	595.989
8820	1.764	1.83831	1.6105	0.392638	37.3951	625.901
8825	1.765	1.83085	1.6105	0.390985	35.8414	653.507
8830	1.766	1.82281	1.6105	0.389167	35.5968	678.8
8835	1.767	1.81417	1.6105	0.387188	36.6053	701.606
8840	1.768	1.80752	1.6105	0.385683	33.4107	724.206
8845	1.769	1.79972	1.6105	0.383878	32.932	744.231
8850	1.77	1.79137	1.6105	0.381917	33.7653	762.21
8855	1.771	1.78263	1.6105	0.37984	35.499	778.357
8860	1.772	1.77353	1.6105	0.377651	38.0233	792.788
8865	1.773	1.76405	1.6105	0.375359	41.235	805.618
8870	1.774	1.75435	1.6105	0.372978	44.9581	817.026
8875	1.775	1.74438	1.6105	0.370521	49.0829	827.138
8880	1.776	1.73426	1.6105	0.368001	53.4662	836.077
8885	1.777	1.72401	1.6105	0.365432	57.9952	843.951
8890	1.778	1.71373	1.6105	0.362831	62.5079	850.899
8895	1.779	1.70347	1.6105	0.360216	66.8705	857.007
8900	1.78	1.69329	1.6105	0.357602	70.9876	862.393
8905	1.781	1.68327	1.6105	0.355006	74.7501	867.141
8910	1.782	1.67346	1.6105	0.352441	78.0749	871.362
8915	1.783	1.66391	1.6105	0.349921	80.9006	875.112
8920	1.784	1.65466	1.6105	0.347459	83.1544	878.477
8925	1.785	1.64578	1.6105	0.345067	84.7813	881.526
8930	1.786	1.63729	1.6105	0.342754	85.7634	884.316
8935	1.787	1.62925	1.61579	0.340529	86.0788	886.902
8940	1.788	1.62167	1.63832	0.3384	85.7098	889.314
8945	1.789	1.61457	1.65912	0.336376	84.6298	891.604
8950	1.79	1.60801	1.67814	0.334466	82.8289	893.812
8955	1.791	1.602	1.69527	0.332676	80.3185	895.97
8960	1.792	1.59657	1.7105	0.331012	77.0592	898.11
8965	1.793	1.59173	1.72376	0.329481	73.0936	900.264
8970	1.794	1.58749	1.73503	0.328086	68.4009	902.436
8975	1.795	1.58389	1.74427	0.326833	63.0098	904.67
8980	1.796	1.58091	1.75151	0.325724	56.9258	906.968
8985	1.797	1.57857	1.7567	0.324761	50.189	909.346
8990	1.798	1.57687	1.75993	0.323946	42.7971	911.82
8995	1.799	1.5758	1.76117	0.32328	34.8263	914.388
9000	1.8	1.57536	1.76049	0.32276	26.2864	917.058
9005	1.801	1.57552	1.75797	0.322385	17.2359	919.83
9010	1.802	1.57628	1.75368	0.322152	7.73309	922.691
9015	1.803	1.57759	1.74773	0.322055	0	925.649
9020	1.804	1.57944	1.74018	0.322089	0	928.678
9025	1.805	1.5818	1.73113	0.322249	0	931.798
9030	1.806	1.58462	1.72084	0.322528	0	935.027
9035	1.807	1.58786	1.70949	0.32291	0	938.338
9040	1.808	1.59142	1.69738	0.323378	0	941.684
9045	1.809	1.59522	1.68471	0.323916	0	945.036
9050	1.81	1.59921	1.67173	0.324504	0	948.361
9055	1.811	1.60329	1.65868	0.325127	0	951.599
9060	1.812	1.60741	1.64583	0.325764	0	954.721
9065	1.813	1.61144	1.63343	0.326396	0	957.672
9070	1.814	1.61533	1.62173	0.327004	0	960.415
9075	1.815	1.61902	1.61098	0.327569	0	962.919
9080	1.816	1.62241	1.6105	0.328073	0	965.139
9085	1.817	1.62542	1.6105	0.328498	0	967.047
9090	1.818	1.62801	1.6105	0.328827	0	968.622
9095	1.819	1.63011	1.6105	0.329046	0	969.848
9100	1.82	1.63168	1.6105	0.32914	0	970.693
9105	1.821	1.63266	1.6105	0.329097	0	971.154
9110	1.822	1.63302	1.6105	0.328906	0	971.212
9115	1.823	1.6327	1.6105	0.328557	0	970.855
9120	1.824	1.6317	1.6105	0.32804	0	970.07
9125	1.825	1.62997	1.6105	0.327348	0	968.864
9130	1.826	1.6275	1.6105	0.326475	0	967.219
9135	1.827	1.62426	1.61722	0.325414	0	965.149
9140	1.828	1.62027	1.63227	0.324163	0	962.661
9145	1.829	1.6155	1.64959	0.322716	0	959.922
9150	1.83	1.60999	1.66935	0.321085	0	956.595
9155	1.831	1.60369	1.69152	0.319255	0	952.886
9160	1.832	1.59662	1.71605	0.317227	0	948.794
9165	1.833	1.58878	1.74285	0.315003	0	944.334
9170	1.834	1.58019	1.7719	0.312584	0	939.505
9175	1.835	1.57086	1.80401	0.309975	0	934.09
9180	1.836	1.5698	1.83889	0.307109	0	928.099
9185	1.837	1.5698	1.87629	0.304006	15.5157	921.704
9190	1.838	1.5698	1.91572	0.300684	31.9765	914.935
9195	1.839	1.5698	1.95669	0.297176	48.7579	907.961
9200	1.84	1.5698	1.99771	0.293518	65.5525	901.946
9205	1.841	1.5698	2.03976	0.289822	81.4499	894.736
9210	1.842	1.5698	2.08242	0.286013	97.1833	887.407
9215	1.843	1.5698	2.12498	0.282123	112.527	880.55
9220	1.844	1.5698	2.16726	0.278206	127.102	873.559
9225	1.845	1.5698	2.20901	0.274271	140.892	866.723
9230	1.846	1.5698	2.24991	0.270344	153.812	860.094
9235	1.847	1.5698	2.28972	0.266447	165.761	853.702
9240	1.848	1.5698	2.3282	0.262598	176.673	847.62
9245	1.849	1.5698	2.36422	0.258819	186.493	846.358
9250	1.85	1.5698	2.39797	0.255197	194.593	844.678
9255	1.851	1.5698	2.42911	0.251719	201.225	839.346
9260	1.852	1.5698	2.45763	0.248415	206.282	834.28
9265	1.853	1.5698	2.48283	0.245287	209.853	829.668
9270	1.854	1.5698	2.50445	0.24239	211.598	825.645
9275	1.855	1.5698	2.52253	0.239752	211.46	822.548
9280	1.856	1.5698	2.53659	0.237369	209.577	819.861
9285	1.857	1.5698	2.54683	0.235283	205.73	818.099
9290	1.858	1.5698	2.55307	0.233483	200.149	816.997
9295	1.859	1.5698	2.55528	0.231986	192.804	816.569
9300	1.86	1.5698	2.55355	0.230795	183.754	816.854
9305	1.861	1.5698	2.54795	0.229911	173.124	817.832
9310	1.862	1.5698	2.53867	0.229329	161.018	819.487
9315	1.863	1.5698	2.52587	0.229039	147.602	821.769
9320	1.864	1.5698	2.50976	0.22903	133.016	824.639
9325	1.865	1.5698	2.49019	0.229288	117.42	829.205
9330	1.866	1.5698	2.46793	0.229829	100.739	833.488
9335	1.867	1.5698	2.44292	0.230596	83.4742	838.326
9340	1.868	1.5698	2.41553	0.231594	65.5815	842.66
9345	1.869	1.5698	2.38612	0.232797	47.2883	847.188
9350	1.87	1.5698	2.35503	0.23418	28.8127	851.992
9355	1.871	1.5698	2.32259	0.235717	10.3309	856.968
9360	1.872	1.5698	2.28923	0.237382	0	862.058
9365	1.873	1.5698	2.25526	0.239144	0	867.156
9370	1.874	1.5698	2.22094	0.240979	0	872.213
9375	1.875	1.5698	2.1865	0.24287	0	877.184
9380	1.876	1.5698	2.15214	0.244796	0	882.038
9385	1.877	1.5698	2.11816	0.246741	0	886.741
9390	1.878	1.5698	2.0848	0.248684	0	891.25
9395	1.879	1.5698	2.05227	0.250606	0	895.535
9400	1.88	1.5698	2.02082	0.252488	0	899.56
9405	1.881	1.5698	1.99069	0.254312	0	903.288
9410	1.882	1.5698	1.96206	0.25606	0	906.69
9415	1.883	1.5698	1.93513	0.257714	0	909.74
9420	1.884	1.5698	1.91175	0.259259	0	914.222
9425	1.885	1.5698	1.89064	0.260551	0	917.925
9430	1.886	1.5698	1.8715	0.261686	0	920.025
9435	1.887	1.5698	1.85413	0.262685	0	920.817
9440	1.888	1.5698	1.83835	0.263564	0	921.049
9445	1.889	1.5698	1.82399	0.264335	0	920.991
9450	1.89	1.5698	1.81096	0.265007	0	920.692
9455	1.891	1.5698	1.79913	0.265589	0	920.192
9460	1.892	1.5698	1.78848	0.266088	0	919.919
9465	1.893	1.5698	1.77892	0.266506	0	919.496
9470	1.894	1.5698	1.76324	0.26685	0	921.681
9475	1.895	1.57348	1.74041	0.267668	0	925.369
9480	1.896	1.58099	1.71331	0.269048	0	929.196
9485	1.897	1.58989	1.6859	0.270771	0	932.215
9490	1.898	1.59888	1.65985	0.272538	0	934.55
9495	1.899	1.60741	1.63525	0.274222	0	936.515
9500	1.9	1.61544	1.61221	0.275813	0	938.089
9505	1.901	1.62296	1.6105	0.277303	0	939.305
9510	1.902	1.62993	1.6105	0.278685	0	940.142
9515	1.903	1.63635	1.6105	0.279954	0	940.649
9520	1.904	1.64219	1.6105	0.281107	0	940.821
9525	1.905	1.64747	1.6105	0.282141	0	940.702
9530	1.906	1.65219	1.6105	0.283055	0	940.306
9535	1.907	1.65635	1.6105	0.283848	0	939.65
9540	1.908	1.65995	1.6105	0.284521	0	938.754
9545	1.909	1.66301	1.6105	0.285075	0	937.645
9550	1.91	1.66554	1.6105	0.285512	0	938.517
9555	1.911	1.66933	1.6105	0.286254	0	939.838
9560	1.912	1.67411	1.6105	0.287237	0	940.984
9565	1.913	1.67921	1.6105	0.28831	0	941.649
9570	1.914	1.68406	1.6105	0.289336	0	941.84
9575	1.915	1.68837	1.6105	0.290248	0	941.768
9580	1.916	1.69217	1.6105	0.291045	0	941.636
9585	1.917	1.69558	1.6105	0.291766	0	941.339
9590	1.918	1.69889	1.6105	0.292467	0	941.167
9595	1.919	1.70221	1.6105	0.293179	0	941.124
9600	1.92	1.70557	1.6105	0.293909	0	941.14
9605	1.921	1.70892	1.6105	0.294645	0	941.134
9610	1.922	1.71217	1.6105	0.295368	0	941.082
9615	1.923	1.71528	1.6105	0.296062	0	940.977
9620	1.924	1.71817	1.6105	0.296714	0	940.824
9625	1.925	1.72083	1.6105	0.297318	0	940.625
9630	1.926	1.72325	1.6105	0.297872	0	959.526
9635	1.927	1.70749	1.6105	0.294167	0	946.219
9640	1.928	1.69128	1.6105	0.290327	0	933.446
9645	1.929	1.67482	1.6105	0.286401	0	921.307
9650	1.93	1.65839	1.6105	0.282452	0	909.882
9655	1.931	1.64218	1.6105	0.278528	0	899.139
9660	1.932	1.62632	1.64351	0.274658	6.15864	889.028
9665	1.933	1.61084	1.68853	0.270849	28.9902	879.503
9670	1.934	1.59577	1.732	0.267108	49.4932	870.493
9675	1.935	1.58117	1.77398	0.263454	67.7787	863.341
9680	1.936	1.5698	1.81395	0.259874	84.085	855.435
9685	1.937	1.5698	1.85165	0.256416	98.2677	847.993
9690	1.938	1.5698	1.88679	0.253101	110.352	841.22
9695	1.939	1.5698	1.91923	0.24995	120.339	835.151
9700	1.94	1.5698	1.94886	0.246979	128.316	829.791
9705	1.941	1.5698	1.97637	0.244198	134.382	825.988
9710	1.942	1.5698	2.0016	0.241557	139.108	823.3
9715	1.943	1.5698	2.02415	0.23907	142.497	819.596
9720	1.944	1.5698	2.04424	0.23677	144.393	816.735
9725	1.945	1.5698	2.06153	0.234643	145.026	814.087
9730	1.946	1.5698	2.07629	0.232716	144.255	812.444
9735	1.947	1.5698	2.08854	0.230973	142.323	811.433
9740	1.948	1.5698	2.09812	0.229414	139.308	810.338
9745	1.949	1.5698	2.10543	0.22805	135.146	810.169
9750	1.95	1.5698	2.11054	0.226859	130.14	810.564
9755	1.951	1.5698	2.1134	0.225831	124.388	810.74
9760	1.952	1.5698	2.11439	0.224974	117.866	811.72
9765	1.953	1.5698	2.15135	0.224262	110.86	825.41
9770	1.954	1.5698	2.18669	0.220751	127.286	817.101
9775	1.955	1.5698	2.21991	0.217335	141.797	809.454
9780	1.956	1.5698	2.25063	0.214055	154.227	803.027
9785	1.957	1.5698	2.27838	0.210943	164.512	797.075
9790	1.958	1.5698	2.30295	0.208035	172.552	791.798
9795	1.959	1.5698	2.32427	0.205353	178.411	787.285
9800	1.96	1.5698	2.34246	0.202902	182.234	783.48
9805	1.961	1.5698	2.35756	0.200682	184.277	780.395
9810	1.962	1.5698	2.36968	0.198688	184.705	777.982
9815	1.963	1.5698	2.37894	0.196914	183.723	776.155
9820	1.964	1.5698	2.38536	0.195357	181.511	774.865
9825	1.965	1.5698	2.3891	0.194014	178.17	774.062
9830	1.966	1.5698	2.41847	0.192878	173.882	782.9
9835	1.967	1.5698	2.44542	0.189728	186.599	775.464
9840	1.968	1.5698	2.46966	0.186742	197.457	768.664
9845	1.969	1.5698	2.49086	0.183947	206.42	762.547
9850	1.97	1.5698	2.50884	0.181371	213.453	757.112
9855	1.971	1.5698	2.52367	0.179031	218.644	752.715
9860	1.972	1.5698	2.53537	0.176924	222.218	748.545
9865	1.973	1.5698	2.5552	0.175052	224.364	748.416
9870	1.974	1.5698	2.57437	0.172529	232.359	742.84
9875	1.975	1.5698	2.59371	0.170042	240.315	737.446
9880	1.976	1.5698	2.61322	0.167526	248.827	731.72
9885	1.977	1.5698	2.63275	0.164981	257.933	725.57
9890	1.978	1.5698	2.6522	0.162417	267.589	718.956
9895	1.979	1.5698	2.67147	0.159845	277.78	711.821
9900	1.98	1.5698	2.69054	0.157268	288.509	704.113
9905	1.981	1.5698	2.70936	0.154693	299.834	695.679
9910	1.982	1.5698	2.72784	0.152122	311.792	686.367
9915	1.983	1.5698	2.74598	0.149559	324.396	675.966
9920	1.984	1.5698	2.76363	0.147012	337.709	664.269
9925	1.985	1.5698	2.78069	0.144487	351.701	651.037
9930	1.986	1.5698	2.7971	0.141992	366.373	636.015
9935	1.987	1.5698	2.81277	0.139537	381.721	618.913
9940	1.988	1.5698	2.82758	0.137126	397.732	599.475
9945	1.989	1.5698	2.84143	0.134771	414.333	577.42
9950	1.99	1.5698	2.85404	0.132481	431.455	552.547
9955	1.991	1.5698	2.86523	0.130277	448.9	524.755
9960	1.992	1.5698	2.87479	0.128176	466.494	494.078
9965	1.993	1.5698	2.88254	0.126197	484.051	460.758
9970	1.994	1.5698	2.88833	0.124354	501.386	425.222
9975	1.995	1.5698	2.89203	0.122662	518.323	388.098
9980	1.996	1.5698	2.89359	0.121132	534.686	350.145
9985	1.997	1.5698	2.89695	0.119773	550.351	314.741
9990	1.998	1.5698	2.9045	0.118267	567.723	280.135
9995	1.999	1.5698	2.91351	0.116423	588.072	243.849
10000	2	1.5698	2.9207	0.114455	609.331	207.185
10005	2.001	1.5698	2.92532	0.112627	629.188	172.728
10010	2.002	1.5698	2.92742	0.110998	647.111	141.201
10015	2.003	1.5698	2.92683	0.109571	663.08	112.546
10020	2.004	1.5698	2.92352	0.108354	676.988	86.6745
10025	2.005	1.5698	2.9154	0.107359	688.811	62.2854
10030	2.006	1.5698	2.89965	0.106755	697.252	41.4039
10035	2.007	1.5698	2.90449	0.106771	700.648	33.8352
10040	2.008	1.5698	2.90416	0.105146	717.143	13.6768
10045	2.009	1.5698	2.90527	0.103931	729.509	0
10050	2.01	1.5698	2.90348	0.102601	742.159	0
10055	2.011	1.5698	2.89736	0.101504	752.28	0
10060	2.012	1.5698	2.88621	0.100758	759.115	0
10065	2.013	1.5698	2.86714	0.100425	762.392	0
10070	2.014	1.5698	2.85781	0.100736	760.485	0
10075	2.015	1.5698	2.84831	0.100281	764.912	0
10080	2.016	1.5698	2.83829	0.0998474	768.951	0
10085	2.017	1.5698	2.82542	0.0994659	772.39	0
10090	2.018	1.5698	2.80685	0.0993221	773.783	0
10095	2.019	1.5698	2.78206	0.0996499	771.438	0
10100	2.02	1.5698	2.75792	0.100493	765.248	0
10105	2.021	1.5698	2.72866	0.101306	759.795	0
10110	2.022	1.5698	2.69691	0.102552	751.355	0
10115	2.023	1.5698	2.6628	0.104021	741.769	0
10120	2.024	1.5698	2.62604	0.105708	731.168	0
10125	2.025	1.5698	2.58598	0.107635	719.404	0
10130	2.026	1.5698	2.54393	0.109858	706.117	0
10135	2.027	1.5698	2.50077	0.11227	692.215	0
10140	2.028	1.5698	2.45633	0.114807	678.26	0
10145	2.029	1.5698	2.41027	0.11748	664.134	0
10150	2.03	1.5698	2.36238	0.120318	649.599	0
10155	2.031	1.5698	2.31295	0.123337	634.526	0
10160	2.032	1.5698	2.262	0.126518	619.101	0
10165	2.033	1.5698	2.20966	0.129858	603.339	0
10170	2.034	1.5698	2.15906	0.133344	587.32	0
10175	2.035	1.5698	2.10757	0.136734	573.016	0
10180	2.036	1.5698	2.05555	0.140232	558.632	0
10185	2.037	1.5698	2.00503	0.143811	544.379	0
10190	2.038	1.5698	1.95492	0.147307	531.518	0
10195	2.039	1.5698	1.90548	0.150809	519.257	0
10200	2.04	1.5698	1.85678	0.154296	507.693	0
10205	2.041	1.5698	1.80901	0.157757	496.831	0
10210	2.042	1.5698	1.76214	0.161186	486.717	0
10215	2.043	1.5698	1.71628	0.164575	477.288	0
10220	2.044	1.58306	1.67156	0.167918	468.561	0
10225	2.045	1.5993	1.62806	0.171205	460.569	0
10230	2.046	1.61506	1.6105	0.17443	453.301	0
10235	2.047	1.62954	1.6105	0.17742	448.097	0
10240	2.048	1.64374	1.6105	0.180378	443.16	0
10245	2.049	1.65739	1.6105	0.183263	438.834	0
10250	2.05	1.67054	1.6105	0.186063	435.138	0
10255	2.051	1.68312	1.6105	0.18878	432.029	0
10260	2.052	1.69521	1.6105	0.191415	429.445	0
10265	2.053	1.70677	1.6105	0.193969	427.361	0
10270	2.054	1.71785	1.6105	0.196443	425.727	0
10275	2.055	1.72846	1.6105	0.19884	424.483	0
10280	2.056	1.73861	1.6105	0.201161	423.608	0
10285	2.057	1.74829	1.6105	0.203409	423.038	0
10290	2.058	1.75755	1.6105	0.205585	422.752	0
10295	2.059	1.76639	1.6105	0.207691	422.717	0
10300	2.06	1.77484	1.6105	0.209729	422.886	0
10305	2.061	1.78287	1.6105	0.211699	423.28	0
10310	2.062	1.79052	1.6105	0.213601	423.855	0
10315	2.063	1.79778	1.6105	0.215438	424.602	0
10320	2.064	1.80469	1.6105	0.217213	425.499	0
10325	2.065	1.81127	1.6105	0.21893	426.494	0
10330	2.066	1.81753	1.6105	0.220593	427.551	0
10335	2.067	1.82351	1.6105	0.222207	428.658	0
10340	2.068	1.82923	1.6105	0.223778	429.768	0
10345	2.069	1.83475	1.6105	0.225314	430.784	0
10350	2.07	1.8401	1.6105	0.226826	431.673	0
10355	2.071	1.8453	1.6105	0.22832	432.382	0
10360	2.072	1.85042	1.6105	0.229805	432.877	0
10365	2.073	1.85547	1.6105	0.231287	433.089	0
10370	2.074	1.86048	1.6105	0.232772	433.039	0
10375	2.075	1.86547	1.6105	0.234265	432.675	0
10380	2.076	1.87045	1.6105	0.235763	432.06	0
10385	2.077	1.8754	1.6105	0.237266	431.228	0
10390	2.078	1.88034	1.6105	0.23878	430.12	0
10395	2.079	1.88528	1.6105	0.240308	428.757	0
10400	2.08	1.89026	1.6105	0.241853	427.121	0
10405	2.081	1.89529	1.6105	0.243419	425.213	0
10410	2.082	1.90035	1.6105	0.245008	423.027	0
10415	2.083	1.90547	1.6105	0.246621	420.568	0
10420	2.084	1.91066	1.6105	0.24826	417.841	0
10425	2.085	1.91586	1.6105	0.249914	414.965	0
10430	2.086	1.92078	1.6105	0.251515	412.508	0
10435	2.087	1.92548	1.6105	0.25308	410.301	0
10440	2.088	1.93002	1.6105	0.254621	408.225	0
10445	2.089	1.93458	1.6105	0.256178	405.927	0
10450	2.09	1.9393	1.6105	0.257779	403.228	0
10455	2.091	1.94426	1.6105	0.259449	399.909	0
10460	2.092	1.94959	1.6105	0.261211	395.85	0
10465	2.093	1.95533	1.6105	0.263081	390.951	0
10470	2.094	1.96152	1.6105	0.265069	385.164	0
10475	2.095	1.96819	1.6105	0.26718	378.542	0
10480	2.096	1.97509	1.6105	0.269363	371.54	0
10485	2.097	1.98165	1.6105	0.271483	365.287	0
10490	2.098	1.98799	1.6105	0.273572	359.476	0
10495	2.099	1.99432	1.6105	0.275672	353.721	0
10500	2.1	2.0008	1.6105	0.277824	347.67	0
10505	2.101	2.00756	1.6105	0.28006	341.063	0
10510	2.102	2.01471	1.6105	0.2824	333.775	0
10515	2.103	2.0222	1.6105	0.284839	325.879	0
10520	2.104	2.02759	1.6105	0.286842	321.807	0
10525	2.105	2.03043	1.6105	0.288292	322.257	0
10530	2.106	2.0311	1.6105	0.289261	326.386	0
10535	2.107	2.03038	1.6105	0.289918	332.562	0
10540	2.108	2.02921	1.6105	0.290472	338.917	0
10545	2.109	2.02823	1.6105	0.291062	344.319	0
10550	2.11	2.02741	1.6105	0.291689	348.841	0
10555	2.111	2.02674	1.6105	0.292347	352.593	0
10560	2.112	2.02622	1.6105	0.293036	355.663	0
10565	2.113	2.02585	1.6105	0.293756	358.088	0
10570	2.114	2.02561	1.6105	0.294509	359.92	0
10575	2.115	2.02553	1.6105	0.295295	361.191	0
10580	2.116	2.0256	1.6105	0.296115	361.965	0
10585	2.117	2.02583	1.6105	0.296969	362.239	0
10590	2.118	2.0262	1.6105	0.297858	362.077	0
10595	2.119	2.02672	1.6105	0.298781	361.494	0
10600	2.12	2.02739	1.6105	0.299738	360.533	0
10605	2.121	2.02818	1.6105	0.300729	359.198	0
10610	2.122	2.02913	1.6105	0.301754	357.543	0
10615	2.123	2.03022	1.6105	0.302812	355.573	0
10620	2.124	2.03143	1.6105	0.303903	353.323	0
10625	2.125	2.03278	1.6105	0.305028	350.781	0
10630	2.126	2.03425	1.6105	0.306185	347.994	0
10635	2.127	2.03576	1.6105	0.307352	345.158	0
10640	2.128	2.0373	1.6105	0.308529	342.273	0
10645	2.129	2.03889	1.6105	0.309724	339.283	0
10650	2.13	2.04058	1.6105	0.310944	336.112	0
10655	2.131	2.04254	1.6105	0.312229	332.441	0
10660	2.132	2.04497	1.6105	0.313632	327.855	0
10665	2.133	2.04787	1.6105	0.315152	322.43	0
10670	2.134	2.05105	1.6105	0.316746	316.559	0
10675	2.135	2.05382	1.6105	0.318253	311.62	0
10680	2.136	2.05651	1.6105	0.319743	306.979	0
10685	2.137	2.05909	1.6105	0.321215	302.598	0
10690	2.138	2.06157	1.6105	0.32267	298.455	0
10695	2.139	2.06403	1.6105	0.324125	294.368	0
10700	2.14	2.06657	1.6105	0.325605	290.144	0
10705	2.141	2.06923	1.6105	0.327121	285.703	0
10710	2.142	2.07195	1.6105	0.32866	281.135	0
10715	2.143	2.07469	1.6105	0.330209	276.585	0
10720	2.144	2.07764	1.6105	0.331813	271.654	0
10725	2.145	2.08076	1.6105	0.333467	266.396	0
10730	2.146	2.08344	1.6105	0.335023	262.098	0
10735	2.147	2.0859	1.6105	0.336535	258.242	0
10740	2.148	2.08814	1.6105	0.337998	254.821	0
10745	2.149	2.0902	1.6105	0.339424	251.696	0
10750	2.15	2.0922	1.6105	0.340837	248.672	0
10755	2.151	2.09417	1.6105	0.342256	245.573	0
10760	2.152	2.09616	1.6105	0.343677	242.436	0
10765	2.153	2.09817	1.6105	0.34511	239.164	0
10770	2.154	2.10031	1.6105	0.346584	235.548	0
10775	2.155	2.10193	1.6105	0.347933	232.997	0
10780	2.156	2.10329	1.6105	0.34922	230.912	0
10785	2.157	2.1044	1.6105	0.350455	229.179	0
10790	2.158	2.10537	1.6105	0.351656	227.627	0
10795	2.159	2.10632	1.6105	0.352852	226.015	0
10800	2.16	2.10735	1.6105	0.354075	224.041	0
10805	2.161	2.10851	1.6105	0.35533	221.734	0
10810	2.162	2.10933	1.6105	0.356501	220.066	0
10815	2.163	2.11011	1.6105	0.357667	218.344	0
10820	2.164	2.11091	1.6105	0.358839	216.476	0
10825	2.165	2.11179	1.6105	0.360032	214.343	0
10830	2.166	2.11282	1.6105	0.361265	211.818	0
10835	2.167	2.11406	1.6105	0.362551	208.791	0
10840	2.168	2.11547	1.6105	0.363882	205.369	0
10845	2.169	2.117	1.6105	0.365247	201.69	0
10850	2.17	2.1188	1.6105	0.366675	197.497	0
10855	2.171	2.12077	1.6105	0.368156	192.913	0
10860	2.172	2.12215	1.6105	0.369501	189.585	0
10865	2.173	2.12338	1.6105	0.370805	186.602	0
10870	2.174	2.12447	1.6105	0.372082	183.817	0
10875	2.175	2.12545	1.6105	0.373334	181.216	0
10880	2.176	2.12635	1.6105	0.374564	178.745	0
10885	2.177	2.12715	1.6105	0.375777	176.381	0
10890	2.178	2.12821	1.6105	0.377053	173.381	0
10895	2.179	2.12966	1.6105	0.37843	169.5	0
10900	2.18	2.13149	1.6105	0.379902	164.81	0
10905	2.181	2.13358	1.6105	0.381448	159.551	0
10910	2.182	2.13595	1.6105	0.383071	153.704	0
10915	2.183	2.13793	1.6105	0.384601	148.773	0
10920	2.184	2.13981	1.6105	0.386108	144.047	0
10925	2.185	2.14161	1.6105	0.387605	139.412	0
10930	2.186	2.14335	1.6105	0.389092	134.847	0
10935	2.187	2.14503	1.6105	0.390569	130.324	0
10940	2.188	2.1468	1.6105	0.392073	125.51	0
10945	2.189	2.14879	1.6105	0.393636	120.138	0
10950	2.19	2.15107	1.6105	0.395277	114.069	0
10955	2.191	2.15365	1.6105	0.397007	107.236	0
10960	2.192	2.15657	1.6105	0.398824	99.6885	0
10965	2.193	2.15975	1.6105	0.400716	91.5568	0
10970	2.194	2.1631	1.6105	0.402665	83.0118	0
10975	2.195	2.15402	1.6105	0.401479	101.462	0
10980	2.196	2.14505	1.6105	0.400301	118.134	0
10985	2.197	2.13644	1.6105	0.399191	132.595	0
10990	2.198	2.12816	1.6105	0.398141	145.085	0
10995	2.199	2.1202	1.6105	0.397151	155.703	0
11000	2.2	2.11272	1.6105	0.39626	164.29	0
11005	2.201	2.1055	1.6105	0.395418	171.388	0
11010	2.202	2.09904	1.6105	0.39475	176.034	0
11015	2.203	2.09343	1.6105	0.394276	178.202	0
11020	2.204	2.08862	1.6105	0.393993	178.065	0
11025	2.205	2.0846	1.6105	0.393892	175.833	0
11030	2.206	2.08127	1.6105	0.393954	171.752	0
11035	2.207	2.07855	1.6105	0.394164	166.055	0
11040	2.208	2.07642	1.6105	0.39451	158.862	10.3126
11045	2.209	2.07483	1.6105	0.394986	150.293	29.4182
11050	2.21	2.07374	1.6105	0.395584	140.427	51.3833
11055	2.211	2.0731	1.6105	0.396296	129.335	76.365
11060	2.212	2.07288	1.6105	0.397111	117.135	104.421
11065	2.213	2.07302	1.6105	0.398017	103.905	135.566
11070	2.214	2.07345	1.6105	0.398996	89.8055	169.665
11075	2.215	2.0741	1.6105	0.400029	74.9827	206.486
11080	2.216	2.07484	1.6105	0.401092	59.6273	245.643
11085	2.217	2.0756	1.6105	0.402159	43.9443	291.063
11090	2.218	2.06933	1.6105	0.401456	43.0239	328.633
11095	2.219	2.06303	1.6105	0.400722	40.951	367.3
11100	2.22	2.05668	1.6105	0.399967	37.7277	406.331
11105	2.221	2.05025	1.6105	0.399171	33.6425	445.275
11110	2.222	2.04371	1.6105	0.398335	28.8232	483.622
11115	2.223	2.03702	1.6105	0.397445	23.5662	520.945
11120	2.224	2.03012	1.6105	0.396483	18.4117	556.84
11125	2.225	2.02294	1.6105	0.395432	13.7792	591.006
11130	2.226	2.01542	1.6105	0.394278	9.93209	623.187
11135	2.227	2.00752	1.6105	0.393012	7.04338	653.227
11140	2.228	1.99921	1.6105	0.391628	5.13363	681.07
11145	2.229	1.99054	1.6105	0.390125	4.22102	706.736
11150	2.23	1.98144	1.6105	0.388502	4.25822	730.254
11155	2.231	1.97198	1.6105	0.386762	5.20101	751.118
11160	2.232	1.96511	1.6105	0.385645	0.753257	772.781
11165	2.233	1.957	1.6105	0.384204	0	791.99
11170	2.234	1.94748	1.6105	0.382393	1.1709	808.156
11175	2.235	1.93893	1.6105	0.380798	1.00741	823.901
11180	2.236	1.92962	1.6105	0.379002	2.55834	837.707
11185	2.237	1.91998	1.6105	0.377095	4.94331	849.986
11190	2.238	1.91008	1.6105	0.375106	7.86356	860.947
11195	2.239	1.89997	1.6105	0.37304	11.2348	870.675
11200	2.24	1.88967	1.6105	0.370907	14.9425	879.257
11205	2.241	1.87923	1.6105	0.368723	18.8549	886.825
11210	2.242	1.86875	1.6105	0.366502	22.8236	893.499
11215	2.243	1.85829	1.6105	0.364259	26.7429	899.381
11220	2.244	1.84785	1.6105	0.362009	30.5038	904.562
11225	2.245	1.83755	1.6105	0.359765	34.0028	909.142
11230	2.246	1.82741	1.6105	0.357539	37.1791	913.189
11235	2.247	1.81747	1.6105	0.355342	39.9581	916.796
11240	2.248	1.80778	1.6105	0.353185	42.3043	920.009
11245	2.249	1.79838	1.6105	0.351077	44.17	922.901
11250	2.25	1.78927	1.6105	0.349025	45.5317	925.506
11255	2.251	1.78052	1.6105	0.347039	46.3663	927.888
11260	2.252	1.77214	1.6105	0.345124	46.6582	930.08
11265	2.253	1.76417	1.6105	0.343288	46.3818	932.13
11270	2.254	1.7566	1.6105	0.341536	45.545	934.046
11275	2.255	1.74947	1.6105	0.339873	44.148	935.883
11280	2.256	1.74279	1.6105	0.338305	42.1769	937.657
11285	2.257	1.7366	1.6105	0.336837	39.6435	939.389
11290	2.258	1.73087	1.6105	0.335472	36.5447	941.11
11295	2.259	1.72566	1.6105	0.334213	32.8969	942.827
11300	2.26	1.72092	1.6105	0.333065	28.7059	944.563
11305	2.261	1.7167	1.6105	0.332027	24.0048	946.31
11310	2.262	1.71298	1.6105	0.331103	18.7959	948.121
11315	2.263	1.70979	1.6105	0.330292	13.1093	949.981
11320	2.264	1.7071	1.6105	0.329595	6.97637	951.891
11325	2.265	1.70486	1.6105	0.32901	0.431593	953.837
11330	2.266	1.70313	1.6105	0.328536	0	955.873
11335	2.267	1.70188	1.6105	0.328171	0	957.957
11340	2.268	1.70109	1.6105	0.327916	0	960.082
11345	2.269	1.70083	1.6105	0.327782	0	962.318
11350	2.27	1.701	1.6105	0.327754	0	964.572
11355	2.271	1.70167	1.6105	0.32785	0	966.94
11360	2.272	1.70278	1.6105	0.32805	0	969.353
11365	2.273	1.7044	1.6105	0.328375	0	971.88
11370	2.274	1.70644	1.6105	0.328805	0	974.457
11375	2.275	1.70898	1.6105	0.329361	0	977.147
11380	2.276	1.71192	1.6105	0.330019	0	979.876
11385	2.277	1.71537	1.6105	0.330804	0	982.753
11390	2.278	1.71918	1.6105	0.33169	0	985.642
11395	2.279	1.72348	1.6105	0.332702	0	988.67
11400	2.28	1.72816	1.6105	0.333811	0	991.726
11405	2.281	1.73328	1.6105	0.335046	0	994.899
11410	2.282	1.73875	1.6105	0.336375	0	999.531
11415	2.283	1.74531	1.6105	0.337984	0	1003.05
11420	2.284	1.75227	1.6105	0.339707	0	1006.69
11425	2.285	1.75945	1.6105	0.341497	0	1010.66
11430	2.286	1.76711	1.6105	0.343431	0	1015.83
11435	2.287	1.77535	1.6105	0.345525	0	1019.82
11440	2.288	1.78376	1.6105	0.347681	0	1023.66
11445	2.289	1.7922	1.6105	0.349867	0	1027.37
11450	2.29	1.8006	1.6105	0.35207	0	1031.13
11455	2.291	1.80905	1.6105	0.35431	0	1035.86
11460	2.292	1.81781	1.6105	0.356645	0	1039.49
11465	2.293	1.82652	1.6105	0.358996	0	1042.88
11470	2.294	1.83506	1.6105	0.361333	0	1046.11
11475	2.295	1.84345	1.6105	0.363655	0	1049.19
11480	2.296	1.85164	1.6105	0.365957	0	1053.05
11485	2.297	1.85986	1.6105	0.368287	0	1055.87
11490	2.298	1.86788	1.6105	0.370593	0	1058.41
11495	2.299	1.87563	1.6105	0.372854	0	1061.69
11500	2.3	1.88333	1.6105	0.375124	0	1063.96
11505	2.301	1.89078	1.6105	0.377357	0	1066.56
11510	2.302	1.89781	1.6105	0.379503	0	1068.12
11515	2.303	1.90427	1.6105	0.381534	0	1069.21
11520	2.304	1.91018	1.6105	0.383443	0	1070.01
11525	2.305	1.91558	1.6105	0.385241	0	1070.52
11530	2.306	1.9205	1.6105	0.386936	0	1070.76
11535	2.307	1.92499	1.6105	0.388535	0	1070.79
11540	2.308	1.92908	1.6105	0.390046	0	1070.6
11545	2.309	1.93277	1.6105	0.391475	0	1070.24
11550	2.31	1.93616	1.6105	0.39283	0	1069.74
11555	2.311	1.93925	1.6105	0.394118	0	1069.12
11560	2.312	1.94203	1.6105	0.395345	0	1068.39
11565	2.313	1.94459	1.6105	0.396518	0	1071.22
11570	2.314	1.94955	1.6105	0.3983	0	1075.28
11575	2.315	1.95683	1.6105	0.400685	0	1079.08
11580	2.316	1.96533	1.6105	0.403393	0	1093.54
11585	2.317	1.95563	1.6105	0.401507	0	1085.32
11590	2.318	1.94722	1.6105	0.399926	0	1077.25
11595	2.319	1.93936	1.6105	0.398463	0	1069.16
11600	2.32	1.93157	1.6105	0.397001	0	1061.43
11605	2.321	1.92388	1.6105	0.39555	0	1054.08
11610	2.322	1.91634	1.6105	0.394115	0	1047.12
11615	2.323	1.90896	1.6105	0.392704	0	1040.57
11620	2.324	1.90177	1.6105	0.391321	0	1034.45
11625	2.325	1.89475	1.6105	0.389963	0	1029.76
11630	2.326	1.88859	1.6105	0.388811	0	1025.91
11635	2.327	1.88337	1.6105	0.38788	0	1022.63
11640	2.328	1.87896	1.6105	0.387134	0	1019.75
11645	2.329	1.87514	1.6105	0.386523	0	1017.14
11650	2.33	1.87171	1.6105	0.386008	0	1014.84
11655	2.331	1.86866	1.6105	0.385576	0	1012.9
11660	2.332	1.86598	1.6105	0.385231	0	1011.33
11665	2.333	1.86372	1.6105	0.384985	0	1010.17
11670	2.334	1.86195	1.6105	0.384853	0	1009.38
11675	2.335	1.8607	1.6105	0.38484	0	1008.92
11680	2.336	1.85991	1.6105	0.384948	0	1008.73
11685	2.337	1.8596	1.6105	0.385174	0	1008.8
11690	2.338	1.85976	1.6105	0.385512	0	1009.11
11695	2.339	1.86035	1.6105	0.385961	0	1009.67
11700	2.34	1.86135	1.6105	0.386518	0	1010.42
11705	2.341	1.86279	1.6105	0.387183	0	1011.43
11710	2.342	1.86465	1.6105	0.387955	0	1012.67
11715	2.343	1.86687	1.6105	0.388826	0	1014.09
11720	2.344	1.86942	1.6105	0.389791	0	1015.68
11725	2.345	1.87233	1.6105	0.390842	0	1017.42
11730	2.346	1.87549	1.6105	0.39197	0	1019.25
11735	2.347	1.87889	1.6105	0.393168	0	1021.18
11740	2.348	1.88252	1.6105	0.394428	0	1023.18
11745	2.349	1.88629	1.6105	0.395741	0	1025.21
11750	2.35	1.89021	1.6105	0.3971	0	1027.27
11755	2.351	1.89424	1.6105	0.398497	0	1029.34
11760	2.352	1.89837	1.6105	0.399925	0	1031.42
11765	2.353	1.90252	1.6105	0.401377	0	1033.43
11770	2.354	1.90669	1.6105	0.402844	0	1042.51
11775	2.355	1.89965	1.6105	0.401476	0	1038.35
11780	2.356	1.89381	1.6105	0.400385	0	1034.64
11785	2.357	1.88869	1.6105	0.399476	0	1030.89
11790	2.358	1.88389	1.6105	0.398626	0	1027
11795	2.359	1.87901	1.6105	0.397743	0	1023.05
11800	2.36	1.87392	1.6105	0.396797	0	1019.25
11805	2.361	1.8687	1.6105	0.395801	0	1015.73
11810	2.362	1.86345	1.6105	0.394796	0	1012.57
11815	2.363	1.85841	1.6105	0.393816	0	1009.74
11820	2.364	1.85355	1.6105	0.39288	0	1007.17
11825	2.365	1.84894	1.6105	0.391992	0	1004.81
11830	2.366	1.84452	1.6105	0.391141	0	1002.61
11835	2.367	1.84026	1.6105	0.390317	0	1000.55
11840	2.368	1.83609	1.6105	0.38951	0	998.6
11845	2.369	1.83202	1.6105	0.388716	0	996.804
11850	2.37	1.82806	1.6105	0.387936	0	995.162
11855	2.371	1.8242	1.6105	0.387171	0	993.637
11860	2.372	1.82042	1.6105	0.386422	0	992.233
11865	2.373	1.81677	1.6105	0.385688	0	990.937
11870	2.374	1.81316	1.6105	0.384968	0	989.727
11875	2.375	1.80969	1.6105	0.384256	0	988.6
11880	2.376	1.80622	1.6105	0.383551	0	987.51
11885	2.377	1.80284	1.6105	0.382848	0	986.5
11890	2.378	1.79947	1.6105	0.382144	0	985.505
11895	2.379	1.79611	1.6105	0.381437	0	984.561
11900	2.38	1.79276	1.6105	0.380724	0	983.601
11905	2.381	1.7894	1.6105	0.380003	0	982.707
11910	2.382	1.78608	1.6105	0.37927	0	981.8
11915	2.383	1.78268	1.6105	0.378523	0	980.877
11920	2.384	1.77927	1.6105	0.377759	0	979.955
11925	2.385	1.77582	1.6105	0.376976	0	979.021
11930	2.386	1.7723	1.6105	0.37617	0	978.044
11935	2.387	1.76872	1.6105	0.375339	0	977.049
11940	2.388	1.76508	1.6105	0.37448	0	976.013
11945	2.389	1.76132	1.6105	0.373592	0	974.951
11950	2.39	1.75749	1.6105	0.372671	0	973.826
11955	2.391	1.75355	1.6105	0.371716	0	972.653
11960	2.392	1.74949	1.6105	0.370724	0	971.413
11965	2.393	1.74532	1.6105	0.369694	0	970.129
11970	2.394	1.74105	1.6105	0.368624	0	968.769
11975	2.395	1.73661	1.6105	0.367511	0	967.348
11980	2.396	1.73207	1.6105	0.366355	0	965.849
11985	2.397	1.72737	1.6105	0.365153	0	964.308
11990	2.398	1.72254	1.6105	0.363903	0	962.655
11995	2.399	1.71752	1.6105	0.362605	0	960.955
12000	2.4	1.71239	1.6105	0.361258	0	959.171
12005	2.401	1.70706	1.6105	0.359859	0	957.315
12010	2.402	1.70158	1.6105	0.358409	0	955.374
12015	2.403	1.69595	1.6105	0.356905	0	953.372
12020	2.404	1.69014	1.6105	0.355348	0	951.287
12025	2.405	1.68413	1.6105	0.353736	0	949.103
12030	2.406	1.67797	1.6105	0.352069	0	946.879
12035	2.407	1.67163	1.6105	0.350346	0	944.552
12040	2.408	1.6651	1.6105	0.348566	0	942.175
12045	2.409	1.65843	1.6105	0.346729	0	939.716
12050	2.41	1.65155	1.6105	0.344834	0	937.183
12055	2.411	1.64451	1.6105	0.342881	0	934.568
12060	2.412	1.63724	1.6105	0.340869	0.96802	931.889
12065	2.413	1.62981	1.6105	0.338797	6.88358	929.125
12070	2.414	1.62222	1.629	0.336665	12.9614	926.267
12075	2.415	1.61442	1.65428	0.334476	19.1882	923.324
12080	2.416	1.60648	1.67995	0.332236	25.5328	920.263
12085	2.417	1.59839	1.70598	0.329945	31.9828	917.141
12090	2.418	1.59016	1.73229	0.327608	38.5296	913.904
12095	2.419	1.58183	1.75888	0.325228	45.1477	910.59
12100	2.42	1.57341	1.78567	0.322807	51.8472	907.182
12105	2.421	1.5698	1.81263	0.32035	58.6097	903.671
12110	2.422	1.5698	1.83973	0.317857	65.4382	900.063
12115	2.423	1.5698	1.86691	0.315334	72.3283	896.337
12120	2.424	1.5698	1.89417	0.312781	79.2826	892.504
12125	2.425	1.5698	1.92146	0.310203	86.3266	888.538
12130	2.426	1.5698	1.94874	0.3076	93.4626	884.445
12135	2.427	1.5698	1.97601	0.304974	100.701	880.193
12140	2.428	1.5698	2.00324	0.302329	108.074	875.78
12145	2.429	1.5698	2.03042	0.299664	115.607	871.214
12150	2.43	1.5698	2.05752	0.296982	123.335	866.422
12155	2.431	1.5698	2.08454	0.294284	131.283	861.399
12160	2.432	1.5698	2.11147	0.29157	139.511	856.122
12165	2.433	1.5698	2.1383	0.288842	148.044	850.529
12170	2.434	1.5698	2.16502	0.2861	156.946	844.592
12175	2.435	1.5698	2.19162	0.283344	166.262	838.215
12180	2.436	1.5698	2.2181	0.280575	176.042	831.269
12185	2.437	1.5698	2.24452	0.277795	186.356	823.856
12190	2.438	1.5698	2.27259	0.274997	197.307	817.96
12195	2.439	1.5698	2.3016	0.272053	210.036	809.499
12200	2.44	1.5698	2.33072	0.269011	224.091	798.315
12205	2.441	1.5698	2.35951	0.26594	238.977	785.573
12210	2.442	1.5698	2.38774	0.262868	254.486	771.261
12215	2.443	1.5698	2.41512	0.259818	270.545	755.202
12220	2.444	1.5698	2.4415	0.256808	287.048	737.118
12225	2.445	1.5698	2.4667	0.253854	303.966	716.72
12230	2.446	1.5698	2.49059	0.250968	321.239	693.664
12235	2.447	1.5698	2.51282	0.248165	338.798	667.664
12240	2.448	1.5698	2.53318	0.245468	356.435	638.564
12245	2.449	1.5698	2.55141	0.2429	373.992	606.317
12250	2.45	1.5698	2.56734	0.240479	391.274	571.023
12255	2.451	1.5698	2.58089	0.23822	408.125	532.984
12260	2.452	1.5698	2.59198	0.236135	424.418	492.71
12265	2.453	1.5698	2.60053	0.23423	440.023	450.989
12270	2.454	1.5698	2.60657	0.232512	454.809	408.693
12275	2.455	1.5698	2.61005	0.230983	468.701	366.707
12280	2.456	1.5698	2.61097	0.229648	481.574	325.852
12285	2.457	1.5698	2.60931	0.22851	493.348	287.09
12290	2.458	1.5698	2.60504	0.227572	503.91	251.055
12295	2.459	1.5698	2.59806	0.22684	513.136	217.971
12300	2.46	1.5698	2.58835	0.226322	520.88	187.836
12305	2.461	1.5698	2.57587	0.226022	527.056	160.545
12310	2.462	1.5698	2.56063	0.225946	531.606	136.005
12315	2.463	1.5698	2.54262	0.226097	534.51	114.009
12320	2.464	1.5698	2.52186	0.226474	535.768	94.4099
12325	2.465	1.5698	2.49839	0.22708	535.401	77.0499
12330	2.466	1.5698	2.47211	0.227913	533.464	61.6322
12335	2.467	1.5698	2.4431	0.228984	529.923	48.2004
12340	2.468	1.5698	2.41142	0.230288	524.866	36.603
12345	2.469	1.5698	2.37721	0.231821	518.387	26.6852
12350	2.47	1.5698	2.34055	0.233577	510.602	18.308
12355	2.471	1.5698	2.30157	0.235549	501.604	11.3325
12360	2.472	1.5698	2.26043	0.237727	491.511	5.62872
12365	2.473	1.5698	2.21726	0.240103	480.452	0.69192
12370	2.474	1.5698	2.17144	0.242668	468.529	0
12375	2.475	1.5698	2.12348	0.24547	455.37	0
12380	2.476	1.5698	2.07423	0.248471	441.336	0
12385	2.477	1.5698	2.02434	0.251609	426.984	0
12390	2.478	1.5698	1.97432	0.25483	412.72	0
12395	2.479	1.5698	1.92445	0.2581	398.834	0
12400	2.48	1.5698	1.87499	0.261393	385.448	0
12405	2.481	1.5698	1.82624	0.264691	372.682	0
12410	2.482	1.5698	1.77845	0.267972	360.658	0
12415	2.483	1.5698	1.73203	0.271212	349.482	0
12420	2.484	1.58141	1.68724	0.274384	339.339	0
12425	2.485	1.59623	1.64436	0.277464	330.323	0
12430	2.486	1.61035	1.6105	0.280429	322.534	0
12435	2.487	1.62376	1.6105	0.283258	316.083	0
12440	2.488	1.63632	1.6105	0.285931	311.018	0
12445	2.489	1.64803	1.6105	0.288435	307.361	0
12450	2.49	1.6588	1.6105	0.290757	305.135	0
12455	2.491	1.66867	1.6105	0.292885	304.322	0
12460	2.492	1.67755	1.6105	0.294811	304.91	0
12465	2.493	1.68544	1.6105	0.296528	306.885	0
12470	2.494	1.69235	1.6105	0.298031	310.174	0
12475	2.495	1.69824	1.6105	0.299316	314.737	0
12480	2.496	1.70317	1.6105	0.300383	320.505	0
12485	2.497	1.7071	1.6105	0.301232	327.381	0
12490	2.498	1.71007	1.6105	0.301867	335.313	0
12495	2.499	1.71213	1.6105	0.30229	344.179	0
12500	2.5	1.7133	1.6105	0.302509	353.908	0
12505	2.501	1.71361	1.6105	0.30253	364.37	0
12510	2.502	1.71312	1.6105	0.302361	375.493	0
12515	2.503	1.7119	1.6105	0.302014	387.137	0
12520	2.504	1.70997	1.6105	0.301507	399.151	0
12525	2.505	1.70749	1.6105	0.300857	411.356	0
12530	2.506	1.70375	1.6105	0.299914	425.047	0
12535	2.507	1.69979	1.6105	0.29891	438.176	0
12540	2.508	1.69579	1.6105	0.297887	450.484	0
12545	2.509	1.6912	1.6105	0.296713	463.106	0
12550	2.51	1.68664	1.6105	0.295537	474.813	0
12555	2.511	1.68212	1.6105	0.294364	485.643	0
12560	2.512	1.6777	1.6105	0.293205	495.572	0
12565	2.513	1.67345	1.6105	0.292077	504.547	0
12570	2.514	1.66948	1.6105	0.290995	512.505	0
12575	2.515	1.66575	1.6105	0.289975	519.399	0
12580	2.516	1.66242	1.6105	0.289031	525.173	0
12585	2.517	1.6595	1.6105	0.288177	529.822	0
12590	2.518	1.65706	1.6105	0.287425	533.313	0
12595	2.519	1.65513	1.6105	0.286786	535.642	0
12600	2.52	1.65372	1.6105	0.286269	536.798	0
12605	2.521	1.65292	1.6105	0.285883	536.815	0
12610	2.522	1.65267	1.6105	0.285632	535.723	0
12615	2.523	1.65306	1.6105	0.285523	533.516	0
12620	2.524	1.65407	1.6105	0.28556	530.268	0
12625	2.525	1.65572	1.6105	0.285745	525.999	0
12630	2.526	1.65798	1.6105	0.28608	520.774	0
12635	2.527	1.66085	1.6105	0.286565	514.649	0
12640	2.528	1.66438	1.6105	0.287198	507.662	0
12645	2.529	1.66847	1.6105	0.287978	499.912	0
12650	2.53	1.67314	1.6105	0.288901	491.449	0
12655	2.531	1.67836	1.6105	0.289962	482.342	0
12660	2.532	1.6841	1.6105	0.291157	472.68	0
12665	2.533	1.69033	1.6105	0.29248	462.516	0
12670	2.534	1.697	1.6105	0.293924	451.942	0
12675	2.535	1.70409	1.6105	0.295483	441.016	0
12680	2.536	1.71156	1.6105	0.297147	429.817	0
12685	2.537	1.7194	1.6105	0.29891	418.425	0
12690	2.538	1.72747	1.6105	0.300763	406.891	0
12695	2.539	1.73588	1.6105	0.302698	395.291	0
12700	2.54	1.74446	1.6105	0.304705	383.69	0
12705	2.541	1.75319	1.6105	0.306776	372.143	0
12710	2.542	1.7621	1.6105	0.308903	360.712	0
12715	2.543	1.77109	1.6105	0.311076	349.439	0
12720	2.544	1.78016	1.6105	0.313288	338.372	0
12725	2.545	1.78924	1.6105	0.315529	327.56	0
12730	2.546	1.7983	1.6105	0.317793	317.042	0
12735	2.547	1.80735	1.6105	0.320073	306.831	0
12740	2.548	1.8163	1.6105	0.32236	296.98	0
12745	2.549	1.82517	1.6105	0.324649	287.489	0
12750	2.55	1.83391	1.6105	0.326934	278.398	0
12755	2.551	1.84253	1.6105	0.32921	269.696	0
12760	2.552	1.851	1.6105	0.331472	261.409	0
12765	2.553	1.85926	1.6105	0.333714	253.52	0
12770	2.554	1.86735	1.6105	0.335935	246.053	0
12775	2.555	1.87522	1.6105	0.338131	238.984	0
12780	2.556	1.88293	1.6105	0.340299	232.32	0
12785	2.557	1.89039	1.6105	0.342438	226.029	0
12790	2.558	1.89767	1.6105	0.344547	220.111	0
12795	2.559	1.90473	1.6105	0.346624	214.54	0
12800	2.56	1.91156	1.6105	0.348669	209.289	0
12805	2.561	1.91818	1.6105	0.350684	204.348	0
12810	2.562	1.92465	1.6105	0.352668	199.674	0
12815	2.563	1.93088	1.6105	0.354623	195.257	0
12820	2.564	1.93692	1.6105	0.356552	191.046	0
12825	2.565	1.9428	1.6105	0.358455	187.027	0
12830	2.566	1.94857	1.6105	0.360336	183.167	0
12835	2.567	1.95411	1.6105	0.362197	179.423	0
12840	2.568	1.95959	1.6105	0.364041	175.782	0
12845	2.569	1.96488	1.6105	0.365871	172.184	0
12850	2.57	1.97012	1.6105	0.367692	168.624	0
12855	2.571	1.97528	1.6105	0.369507	165.056	0
12860	2.572	1.979	1.6105	0.371004	164.082	0
12865	2.573	1.98084	1.6105	0.372069	166.528	0
12870	2.574	1.98092	1.6105	0.372725	171.981	0
12875	2.575	1.9797	1.6105	0.37308	179.358	0
12880	2.576	1.97794	1.6105	0.373288	187.271	0
12885	2.577	1.97623	1.6105	0.373502	194.392	0
12890	2.578	1.97457	1.6105	0.373732	200.728	0
12895	2.579	1.97303	1.6105	0.373978	206.339	0
12900	2.58	1.97155	1.6105	0.374241	211.272	0
12905	2.581	1.97021	1.6105	0.374528	215.543	0
12910	2.582	1.96897	1.6105	0.374841	219.168	0
12915	2.583	1.96789	1.6105	0.375185	222.184	0
12920	2.584	1.96696	1.6105	0.375563	224.594	0
12925	2.585	1.96625	1.6105	0.375993	226.292	0
12930	2.586	1.96569	1.6105	0.376464	227.425	0
12935	2.587	1.96533	1.6105	0.376977	228.026	0
12940	2.588	1.96516	1.6105	0.377533	228.124	0
12945	2.589	1.96518	1.6105	0.378132	227.74	0
12950	2.59	1.96535	1.6105	0.378774	226.907	0
12955	2.591	1.96569	1.6105	0.379461	225.653	0
12960	2.592	1.96624	1.6105	0.38019	224.009	0
12965	2.593	1.96687	1.6105	0.380959	222.021	0
12970	2.594	1.96774	1.6105	0.381767	219.716	0
12975	2.595	1.96873	1.6105	0.382612	217.131	0
12980	2.596	1.96982	1.6105	0.383492	214.304	0
12985	2.597	1.97103	1.6105	0.384403	211.262	0
12990	2.598	1.97238	1.6105	0.385345	208.023	0
12995	2.599	1.97382	1.6105	0.386315	204.635	0
13000	2.6	1.97533	1.6105	0.387309	201.111	0
13005	2.601	1.97694	1.6105	0.388326	197.488	0
13010	2.602	1.97859	1.6105	0.389363	193.778	0
13015	2.603	1.98031	1.6105	0.390416	190.03	0
13020	2.604	1.98204	1.6105	0.391484	186.238	0
13025	2.605	1.98385	1.6105	0.392565	182.434	0
13030	2.606	1.98564	1.6105	0.393654	178.641	0
13035	2.607	1.98748	1.6105	0.394752	174.854	0
13040	2.608	1.98927	1.6105	0.395854	171.108	0
13045	2.609	1.99109	1.6105	0.396959	167.421	0
13050	2.61	1.99286	1.6105	0.398064	163.781	0
13055	2.611	1.99465	1.6105	0.399169	160.226	0
13060	2.612	1.9964	1.6105	0.400271	156.732	0
13065	2.613	1.99809	1.6105	0.401369	153.335	0
13070	2.614	1.99976	1.6105	0.402461	150.015	0
13075	2.615	1.99314	1.6105	0.401461	164.737	0
13080	2.616	1.98682	1.6105	0.400515	177.877	0
13085	2.617	1.98035	1.6105	0.399516	190.488	0
13090	2.618	1.97417	1.6105	0.398581	201.636	0
13095	2.619	1.9683	1.6105	0.397705	211.469	0
13100	2.62	1.96279	1.6105	0.396902	219.986	0
13105	2.621	1.95768	1.6105	0.396187	227.158	0
13110	2.622	1.953	1.6105	0.395575	232.986	0
13115	2.623	1.94884	1.6105	0.395076	237.459	0
13120	2.624	1.94524	1.6105	0.3947	240.588	0
13125	2.625	1.9422	1.6105	0.394457	242.394	0
13130	2.626	1.9397	1.6105	0.394352	242.923	0
13135	2.627	1.9378	1.6105	0.39439	242.196	0
13140	2.628	1.93653	1.6105	0.394577	240.263	0
13145	2.629	1.93591	1.6105	0.394915	237.159	0
13150	2.63	1.93585	1.6105	0.395403	232.958	0
13155	2.631	1.93639	1.6105	0.396042	227.724	0
13160	2.632	1.9375	1.6105	0.396829	221.53	0
13165	2.633	1.93918	1.6105	0.397759	214.446	0
13170	2.634	1.9414	1.6105	0.398829	206.577	0
13175	2.635	1.94412	1.6105	0.400032	198.006	0
13180	2.636	1.94729	1.6105	0.401361	188.796	0
13185	2.637	1.95091	1.6105	0.402808	179.068	0
13190	2.638	1.94352	1.6105	0.401474	193.746	0
13195	2.639	1.93686	1.6105	0.400298	205.997	0
13200	2.64	1.93088	1.6105	0.399296	215.844	0
13205	2.641	1.92537	1.6105	0.398384	224.197	0
13210	2.642	1.92053	1.6105	0.39764	230.468	0
13215	2.643	1.91647	1.6105	0.397065	234.803	0
13220	2.644	1.91307	1.6105	0.396661	237.331	0
13225	2.645	1.91041	1.6105	0.396433	238.139	0
13230	2.646	1.90853	1.6105	0.396383	237.291	0
13235	2.647	1.90735	1.6105	0.396513	234.889	0
13240	2.648	1.90688	1.6105	0.396822	231.018	0
13245	2.649	1.90717	1.6105	0.39731	225.76	0
13250	2.65	1.9081	1.6105	0.397973	219.209	0
13255	2.651	1.90976	1.6105	0.398809	211.452	0
13260	2.652	1.91206	1.6105	0.399812	202.61	0
13265	2.653	1.91491	1.6105	0.400975	192.758	0
13270	2.654	1.91839	1.6105	0.402292	181.997	0
13275	2.655	1.91336	1.6105	0.401465	190.067	0
13280	2.656	1.90908	1.6105	0.40081	195.796	0
13285	2.657	1.90548	1.6105	0.400331	199.299	0
13290	2.658	1.90265	1.6105	0.400024	200.742	0
13295	2.659	1.90046	1.6105	0.399881	200.286	0
13300	2.66	1.8987	1.6105	0.399829	198.687	0
13305	2.661	1.89756	1.6105	0.399943	195.334	0
13310	2.662	1.89713	1.6105	0.400223	190.325	0
13315	2.663	1.89736	1.6105	0.400664	183.765	0
13320	2.664	1.89812	1.6105	0.401256	175.816	0
13325	2.665	1.8994	1.6105	0.401962	166.829	0
13330	2.666	1.89578	1.6105	0.401449	168.252	0
13335	2.667	1.89276	1.6105	0.401071	167.712	0
13340	2.668	1.89033	1.6105	0.400831	165.254	5.2709
13345	2.669	1.88848	1.6105	0.400727	160.979	23.3295
13350	2.67	1.88713	1.6105	0.40075	155.037	44.3557
13355	2.671	1.88625	1.6105	0.400886	147.61	68.5238
13360	2.672	1.88574	1.6105	0.401118	138.872	95.8291
13365	2.673	1.88557	1.6105	0.40143	129.016	127.219
13370	2.674	1.8842	1.6105	0.401432	121.357	159.786
13375	2.675	1.88276	1.6105	0.401427	113.108	194.915
13380	2.676	1.88134	1.6105	0.401426	104.132	232.391
13385	2.677	1.88001	1.6105	0.401426	94.5022	271.76
13390	2.678	1.87868	1.6105	0.401425	84.1961	312.52
13395	2.679	1.87726	1.6105	0.401406	73.4019	354.066
13400	2.68	1.87573	1.6105	0.401354	62.2922	395.805
13405	2.681	1.87402	1.6105	0.401253	51.0105	437.201
13410	2.682	1.87208	1.6105	0.40109	39.7464	477.716
13415	2.683	1.86989	1.6105	0.400854	28.6233	516.931
13420	2.684	1.8674	1.6105	0.400534	18.0189	554.532
13425	2.685	1.86454	1.6105	0.400123	8.2985	590.22
13430	2.686	1.86135	1.6105	0.399611	0	623.771
13435	2.687	1.85772	1.6105	0.398992	0	655.089
13440	2.688	1.85373	1.6105	0.398261	0	684.15
13445	2.689	1.84935	1.6105	0.397422	0	710.904
13450	2.69	1.84456	1.6105	0.396479	0	735.445
13455	2.691	1.83948	1.6105	0.395441	0	757.464
13460	2.692	1.83691	1.6105	0.395032	0	779.946
13465	2.693	1.83325	1.6105	0.394338	0	800.032
13470	2.694	1.82836	1.6105	0.393321	0	817.212
13475	2.695	1.82467	1.6105	0.392598	0	834.082
13480	2.696	1.82035	1.6105	0.391705	0	848.971
13485	2.697	1.81597	1.6105	0.390784	0	862.54
13490	2.698	1.8116	1.6105	0.389866	0	874.944
13495	2.699	1.80733	1.6105	0.388951	0	886.291
13500	2.7	1.80309	1.6105	0.388046	0	896.685
13505	2.701	1.79898	1.6105	0.387156	0	906.192
13510	2.702	1.79493	1.6105	0.386282	0	914.926
13515	2.703	1.79105	1.6105	0.385423	0	922.924
13520	2.704	1.78726	1.6105	0.384584	0	930.215
13525	2.705	1.78355	1.6105	0.383769	0	936.907
13530	2.706	1.78003	1.6105	0.382979	0	943.042
13535	2.707	1.77667	1.6105	0.38222	0	948.686
13540	2.708	1.77344	1.6105	0.381495	0	953.856
13545	2.709	1.77043	1.6105	0.380808	0	958.659
13550	2.71	1.76759	1.6105	0.380164	0	963.099
13555	2.711	1.76503	1.6105	0.379566	0	967.229
13560	2.712	1.76259	1.6105	0.379018	0	971.096
13565	2.713	1.76049	1.6105	0.378522	0	974.721
13570	2.714	1.75857	1.6105	0.378082	0	978.124
13575	2.715	1.75691	1.6105	0.377701	0	981.343
13580	2.716	1.75549	1.6105	0.37738	0	984.398
13585	2.717	1.75438	1.6105	0.377121	0	987.321
13590	2.718	1.75351	1.6105	0.376927	0	990.103
13595	2.719	1.7529	1.6105	0.376797	0	992.803
13600	2.72	1.7526	1.6105	0.376734	0	995.379
13605	2.721	1.75254	1.6105	0.376738	0	997.917
13610	2.722	1.75277	1.6105	0.37681	0	1000.35
13615	2.723	1.75325	1.6105	0.376952	0	1002.73
13620	2.724	1.75404	1.6105	0.377164	0	1005.07
13625	2.725	1.7551	1.6105	0.37745	0	1007.39
13630	2.726	1.75647	1.6105	0.377809	0	1009.66
13635	2.727	1.75809	1.6105	0.378243	0	1011.95
13640	2.728	1.76006	1.6105	0.378754	0	1014.22
13645	2.729	1.76227	1.6105	0.37934	0	1016.45
13650	2.73	1.76474	1.6105	0.380002	0	1018.7
13655	2.731	1.76753	1.6105	0.380741	0	1020.98
13660	2.732	1.7706	1.6105	0.381555	0	1023.24
13665	2.733	1.77391	1.6105	0.382445	0	1025.52
13670	2.734	1.77749	1.6105	0.38341	0	1027.79
13675	2.735	1.78134	1.6105	0.384448	0	1030.07
13680	2.736	1.78541	1.6105	0.385559	0	1032.39
13685	2.737	1.78975	1.6105	0.386743	0	1034.69
13690	2.738	1.79435	1.6105	0.387998	0	1037.01
13695	2.739	1.79913	1.6105	0.389323	0	1039.36
13700	2.74	1.80416	1.6105	0.390717	0	1041.71
13705	2.741	1.80941	1.6105	0.392178	0	1044.06
13710	2.742	1.81482	1.6105	0.393706	0	1046.39
13715	2.743	1.82045	1.6105	0.395299	0	1048.76
13720	2.744	1.82629	1.6105	0.396956	0	1051.12
13725	2.745	1.83225	1.6105	0.398674	0	1053.56
13730	2.746	1.83845	1.6105	0.400443	0	1056.15
13735	2.747	1.84475	1.6105	0.402274	0	1064.22
13740	2.748	1.84062	1.6105	0.401471	0	1059.65
13745	2.749	1.83669	1.6105	0.400703	0	1055.5
13750	2.75	1.83295	1.6105	0.39997	0	1051.69
13755	2.751	1.82936	1.6105	0.399276	0	1048.21
13760	2.752	1.82605	1.6105	0.398627	0	1045.05
13765	2.753	1.82289	1.6105	0.398024	0	1042.21
13770	2.754	1.81997	1.6105	0.397471	0	1039.62
13775	2.755	1.8173	1.6105	0.396968	0	1037.35
13780	2.756	1.81487	1.6105	0.396518	0	1035.34
13785	2.757	1.81268	1.6105	0.396119	0	1033.54
13790	2.758	1.81068	1.6105	0.395772	0	1031.97
13795	2.759	1.8089	1.6105	0.395476	0	1030.59
13800	2.76	1.80734	1.6105	0.39523	0	1029.41
13805	2.761	1.80602	1.6105	0.395033	0	1028.44
13810	2.762	1.80487	1.6105	0.394881	0	1027.58
13815	2.763	1.80389	1.6105	0.394772	0	1026.88
13820	2.764	1.80311	1.6105	0.394703	0	1026.29
13825	2.765	1.80248	1.6105	0.394671	0	1025.85
13830	2.766	1.80198	1.6105	0.394672	0	1025.43
13835	2.767	1.80156	1.6105	0.394702	0	1025.13
13840	2.768	1.80134	1.6105	0.394757	0	1024.9
13845	2.769	1.80113	1.6105	0.394833	0	1024.69
13850	2.77	1.801	1.6105	0.394926	0	1024.52
13855	2.771	1.80092	1.6105	0.395032	0	1024.39
13860	2.772	1.80089	1.6105	0.395147	0	1024.28
13865	2.773	1.80093	1.6105	0.395267	0	1024.14
13870	2.774	1.8009	1.6105	0.395387	0	1024.03
13875	2.775	1.8009	1.6105	0.395503	0	1023.87
13880	2.776	1.80081	1.6105	0.395612	0	1023.69
13885	2.777	1.80076	1.6105	0.395711	0	1023.48
13890	2.778	1.80062	1.6105	0.395794	0	1023.24
13895	2.779	1.80041	1.6105	0.39586	0	1022.95
13900	2.78	1.8001	1.6105	0.395904	0	1027.61
13905	2.781	1.80335	1.6105	0.396844	0	1032.57
13910	2.782	1.8089	1.6105	0.39838	0	1036.28
13915	2.783	1.81499	1.6105	0.400063	0	1039.04
13920	2.784	1.82073	1.6105	0.401686	0	1044.69
13925	2.785	1.81914	1.6105	0.401455	0	1041.98
13930	2.786	1.8172	1.6105	0.40114	0	1039.14
13935	2.787	1.81498	1.6105	0.400734	0	1036.18
13940	2.788	1.81243	1.6105	0.400237	0	1033.12
13945	2.789	1.80947	1.6105	0.399648	0	1029.98
13950	2.79	1.80625	1.6105	0.398967	0	1026.72
13955	2.791	1.80264	1.6105	0.398193	0	1023.4
13960	2.792	1.79873	1.6105	0.397329	0	1021.04
13965	2.793	1.79525	1.6105	0.396557	0	1019.33
13970	2.794	1.79243	1.6105	0.395941	0	1017.94
13975	2.795	1.79011	1.6105	0.395453	0	1016.53
13980	2.796	1.78805	1.6105	0.395023	0	1014.99
13985	2.797	1.78599	1.6105	0.394591	0	1013.29
13990	2.798	1.78379	1.6105	0.394123	0	1011.59
13995	2.799	1.78152	1.6105	0.393622	0	1010
14000	2.8	1.7792	1.6105	0.393105	0	1008.56
14005	2.801	1.77693	1.6105	0.392594	0	1007.26
14010	2.802	1.77477	1.6105	0.392102	0	1006.09
14015	2.803	1.77271	1.6105	0.391634	0	1005
14020	2.804	1.77074	1.6105	0.391184	0	1003.95
14025	2.805	1.76881	1.6105	0.390743	0	1002.94
14030	2.806	1.76695	1.6105	0.390306	0	1001.96
14035	2.807	1.76507	1.6105	0.389868	0	1001.03
14040	2.808	1.76323	1.6105	0.389429	0	1000.14
14045	2.809	1.76141	1.6105	0.388987	0	999.278
14050	2.81	1.75957	1.6105	0.388543	0	998.466
14055	2.811	1.75778	1.6105	0.388097	0	997.649
14060	2.812	1.75596	1.6105	0.387647	0	996.852
14065	2.813	1.75414	1.6105	0.387189	0	996.05
14070	2.814	1.75228	1.6105	0.386721	0	995.223
14075	2.815	1.75038	1.6105	0.386241	0	994.417
14080	2.816	1.74847	1.6105	0.385745	0	993.562
14085	2.817	1.74649	1.6105	0.385232	0	992.73
14090	2.818	1.74447	1.6105	0.384699	0	991.849
14095	2.819	1.74237	1.6105	0.384144	0	990.944
14100	2.82	1.74019	1.6105	0.383566	0	990.017
14105	2.821	1.73797	1.6105	0.382962	0	989.043
14110	2.822	1.7356	1.6105	0.38233	0	988.025
14115	2.823	1.73318	1.6105	0.381668	0	986.992
14120	2.824	1.73066	1.6105	0.380974	0	985.871
14125	2.825	1.72799	1.6105	0.380245	0	984.737
14130	2.826	1.72524	1.6105	0.37948	0	983.522
14135	2.827	1.72231	1.6105	0.378678	0	982.229
14140	2.828	1.71927	1.6105	0.377835	0	980.933
14145	2.829	1.71613	1.6105	0.376952	0	979.539
14150	2.83	1.71277	1.6105	0.376025	0	978.076
14155	2.831	1.70934	1.6105	0.375054	0	976.596
14160	2.832	1.70571	1.6105	0.374036	0	975.002
14165	2.833	1.70197	1.6105	0.372971	0	973.397
14170	2.834	1.69806	1.6105	0.371858	0	971.682
14175	2.835	1.69394	1.6105	0.370694	0	969.894
14180	2.836	1.68966	1.6105	0.36948	0	968.034
14185	2.837	1.68522	1.6105	0.368212	0	966.122
14190	2.838	1.68064	1.6105	0.366892	0	966.372
14195	2.839	1.6758	1.6105	0.365509	0	965.554
14200	2.84	1.67058	1.6105	0.36402	0	963.391
14205	2.841	1.66511	1.6105	0.362455	0	960.54
14210	2.842	1.6595	1.6105	0.360843	0	957.702
14215	2.843	1.65383	1.6105	0.359208	0	954.865
14220	2.844	1.64816	1.6105	0.357563	0	952.582
14225	2.845	1.64251	1.6105	0.355911	0	949.791
14230	2.846	1.63691	1.6105	0.354262	0	947.081
14235	2.847	1.63148	1.6105	0.352623	0	944.442
14240	2.848	1.62605	1.61545	0.350998	0	942.469
14245	2.849	1.62079	1.63224	0.349384	0	940.022
14250	2.85	1.61559	1.64848	0.34779	0	937.633
14255	2.851	1.61061	1.66408	0.346225	0	935.363
14260	2.852	1.60577	1.67917	0.344695	0	933.812
14265	2.853	1.60111	1.69362	0.343192	0	931.82
14270	2.854	1.59663	1.70739	0.341725	0	929.893
14275	2.855	1.59236	1.72045	0.340299	0	928.124
14280	2.856	1.58834	1.73285	0.338918	0	926.737
14285	2.857	1.58446	1.74461	0.337575	0	925.356
14290	2.858	1.58078	1.75573	0.336272	0	924.052
14295	2.859	1.57735	1.76621	0.335008	0	922.851
14300	2.86	1.57406	1.77612	0.333784	0	921.777
14305	2.861	1.57095	1.78543	0.332597	0	920.792
14310	2.862	1.5698	1.79421	0.331447	0	919.916
14315	2.863	1.5698	1.80247	0.33033	0	919.101
14320	2.864	1.5698	1.81026	0.329247	0	918.345
14325	2.865	1.5698	1.81758	0.328193	0	917.666
14330	2.866	1.5698	1.82454	0.327168	0	917.038
14335	2.867	1.5698	1.8311	0.326168	0	916.441
14340	2.868	1.5698	1.83737	0.325191	0	915.89
14345	2.869	1.5698	1.84332	0.324233	0	915.386
14350	2.87	1.5698	1.84905	0.323293	0	914.883
14355	2.871	1.5698	1.85459	0.322366	0	914.381
14360	2.872	1.5698	1.85998	0.32145	0	913.922
14365	2.873	1.5698	1.86526	0.320542	0	913.415
14370	2.874	1.5698	1.87046	0.319639	0	912.926
14375	2.875	1.5698	1.87565	0.318737	0	912.433
14380	2.876	1.5698	1.88086	0.317833	0	911.865
14385	2.877	1.5698	1.88611	0.316924	0	911.288
14390	2.878	1.5698	1.89148	0.316007	0	910.658
14395	2.879	1.5698	1.89699	0.315079	0	909.978
14400	2.88	1.5698	1.90268	0.314137	0	909.268
14405	2.881	1.5698	1.90856	0.313177	0	908.437
14410	2.882	1.5698	1.91471	0.312198	0	907.553
14415	2.883	1.5698	1.92114	0.311194	0	906.621
14420	2.884	1.5698	1.92791	0.310165	0	905.595
14425	2.885	1.5698	1.93502	0.309106	0	904.473
14430	2.886	1.5698	1.94255	0.308016	0	903.262
14435	2.887	1.5698	1.95048	0.30689	0	901.959
14440	2.888	1.5698	1.95889	0.305726	0	900.546
14445	2.889	1.5698	1.96779	0.304521	0	899.023
14450	2.89	1.5698	1.9772	0.303272	0	897.369
14455	2.891	1.5698	1.98719	0.301977	0	895.633
14460	2.892	1.5698	1.99776	0.300632	0	893.765
14465	2.893	1.5698	2.00894	0.299236	0	891.769
14470	2.894	1.5698	2.02078	0.297784	3.33471	889.646
14475	2.895	1.5698	2.03325	0.296274	7.57089	887.388
14480	2.896	1.5698	2.04637	0.294706	12.1419	884.947
14485	2.897	1.5698	2.06009	0.29308	17.0508	882.385
14490	2.898	1.5698	2.07444	0.291397	22.2838	879.628
14495	2.899	1.5698	2.08939	0.289656	27.8502	876.71
14500	2.9	1.5698	2.10492	0.287859	33.7465	873.62
14505	2.901	1.5698	2.12103	0.286005	39.9641	870.322
14510	2.902	1.5698	2.13768	0.284095	46.5202	866.8
14515	2.903	1.5698	2.15486	0.282131	53.4007	863.082
14520	2.904	1.5698	2.17254	0.280113	60.6176	859.124
14525	2.905	1.5698	2.19073	0.278043	68.1805	854.899
14530	2.906	1.5698	2.20939	0.275921	76.1092	850.424
14535	2.907	1.5698	2.22848	0.273749	84.4103	845.626
14540	2.908	1.5698	2.24803	0.271527	93.0982	840.492
14545	2.909	1.5698	2.26799	0.269257	102.219	834.979
14550	2.91	1.5698	2.28834	0.266939	111.794	829.05
14555	2.911	1.5698	2.30908	0.264574	121.849	822.673
14560	2.912	1.5698	2.33018	0.262164	132.435	815.732
14565	2.913	1.5698	2.35162	0.25971	143.591	808.14
14570	2.914	1.5698	2.37339	0.257212	155.364	799.777
14575	2.915	1.5698	2.3955	0.254671	167.812	790.528
14580	2.916	1.5698	2.41793	0.252087	181.003	780.251
14585	2.917	1.5698	2.44065	0.249461	194.988	768.769
14590	2.918	1.5698	2.46368	0.246792	209.818	755.838
14595	2.919	1.5698	2.48697	0.244083	225.566	741.259
14600	2.92	1.5698	2.51049	0.241334	242.253	724.724
14605	2.921	1.5698	2.55621	0.238548	259.917	713.665
14610	2.922	1.5698	2.60218	0.234022	292.521	686.87
14615	2.923	1.5698	2.64789	0.229438	325.308	657.465
14620	2.924	1.5698	2.69283	0.224833	358.042	625.318
14625	2.925	1.5698	2.73657	0.220248	390.502	590.347
14630	2.926	1.5698	2.77877	0.215717	422.517	552.583
14635	2.927	1.5698	2.81912	0.211268	453.935	512.24
14640	2.928	1.5698	2.85732	0.206926	484.586	469.737
14645	2.929	1.5698	2.89311	0.202716	514.269	425.686
14650	2.93	1.5698	2.92629	0.19866	542.786	380.901
14655	2.931	1.5698	2.95664	0.194779	569.943	336.187
14660	2.932	1.5698	2.98397	0.19109	595.536	292.385
14665	2.933	1.5698	3.00805	0.187611	619.391	250.26
14670	2.934	1.5698	3.02867	0.184364	641.289	210.655
14675	2.935	1.5698	3.04561	0.181368	661.034	174.066
14680	2.936	1.5698	3.05876	0.178643	678.438	140.672
14685	2.937	1.5698	3.06794	0.176204	693.379	110.466
14690	2.938	1.5698	3.07309	0.174065	705.748	83.2932
14695	2.939	1.5698	3.07397	0.172238	715.511	58.9427
14700	2.94	1.5698	3.07062	0.170743	722.565	37.4001
14705	2.941	1.5698	3.06308	0.169581	726.994	18.5263
14710	2.942	1.5698	3.05145	0.168753	728.902	2.08429
14715	2.943	1.5698	3.03582	0.168256	728.435	0
14720	2.944	1.5698	3.01642	0.168083	725.732	0
14725	2.945	1.5698	2.99344	0.168223	721.017	0
14730	2.946	1.5698	2.9671	0.168661	714.488	0
14735	2.947	1.5698	2.93761	0.169384	706.348	0
14740	2.948	1.5698	2.90518	0.170376	696.78	0
14745	2.949	1.5698	2.86872	0.171625	685.974	0
14750	2.95	1.5698	2.8298	0.173218	673.266	0
14755	2.951	1.5698	2.78839	0.175034	659.741	0
14760	2.952	1.5698	2.74475	0.177077	645.384	0
14765	2.953	1.5698	2.69948	0.179327	630.375	0
14770	2.954	1.5698	2.65308	0.181739	615.1	0
14775	2.955	1.5698	2.6675	0.184276	599.863	0
14780	2.956	1.5698	2.67997	0.182067	624.073	0
14785	2.957	1.5698	2.69043	0.180001	645.381	0
14790	2.958	1.5698	2.69883	0.178084	663.954	0
14795	2.959	1.5698	2.70506	0.176321	679.955	0
14800	2.96	1.5698	2.70898	0.174721	693.499	0
14805	2.961	1.5698	2.71043	0.1733	704.654	0
14810	2.962	1.5698	2.70936	0.172071	713.487	0
14815	2.963	1.5698	2.70576	0.171041	720.114	0
14820	2.964	1.5698	2.69965	0.170212	724.669	0
14825	2.965	1.5698	2.69108	0.169586	727.292	0
14830	2.966	1.5698	2.68008	0.169161	728.131	0
14835	2.967	1.5698	2.66678	0.168934	727.314	0
14840	2.968	1.5698	2.65125	0.1689	725.017	0
14845	2.969	1.5698	2.6336	0.169053	721.36	0
14850	2.97	1.5698	2.61397	0.169388	716.495	0
14855	2.971	1.5698	2.59251	0.169894	710.566	0
14860	2.972	1.5698	2.56939	0.170562	703.731	0
14865	2.973	1.5698	2.54479	0.171379	696.13	0
14870	2.974	1.5698	2.51892	0.17233	687.911	0
14875	2.975	1.5698	2.49195	0.173404	679.234	0
14880	2.976	1.5698	2.4641	0.174584	670.219	0
14885	2.977	1.5698	2.43554	0.175857	661.006	0
14890	2.978	1.5698	2.40639	0.177208	651.713	0
14895	2.979	1.5698	2.37672	0.178629	642.391	0
14900	2.98	1.5698	2.34661	0.180114	633.084	0
14905	2.981	1.5698	2.31611	0.181657	623.83	0
14910	2.982	1.5698	2.28675	0.183254	614.639	0
14915	2.983	1.5698	2.25715	0.184787	606.472	0
14920	2.984	1.5698	2.22735	0.186361	598.382	0
14925	2.985	1.5698	2.1974	0.187974	590.374	0
14930	2.986	1.5698	2.16732	0.189624	582.468	0
14935	2.987	1.5698	2.13713	0.191306	574.674	0
14940	2.988	1.5698	2.10691	0.19302	566.981	0
14945	2.989	1.5698	2.07664	0.194763	559.427	0
14950	2.99	1.5698	2.04637	0.196531	551.994	0
14955	2.991	1.5698	2.01613	0.198323	544.69	0
14960	2.992	1.5698	1.98596	0.200137	537.536	0
14965	2.993	1.5698	1.95589	0.201969	530.533	0
14970	2.994	1.5698	1.92595	0.203816	523.697	0
14975	2.995	1.5698	1.89617	0.205676	517.028	0
14980	2.996	1.5698	1.86659	0.207546	510.528	0
14985	2.997	1.5698	1.83722	0.209425	504.22	0
14990	2.998	1.5698	1.8081	0.211309	498.095	0
14995	2.999	1.5698	1.77921	0.213198	492.16	0
15000	3	1.5698	1.75058	0.21509	486.395	0
15005	3.001	1.57735	1.72222	0.216984	480.805	0
15010	3.002	1.58718	1.69412	0.21888	475.393	0
15015	3.003	1.59695	1.66628	0.220776	470.128	0
15020	3.004	1.60659	1.63873	0.222673	465.019	0
15025	3.005	1.61613	1.61142	0.22457	460.058	0
15030	3.006	1.62561	1.6105	0.226468	455.22	0
15035	3.007	1.63493	1.6105	0.228367	450.507	0
15040	3.008	1.64419	1.6105	0.230267	445.902	0
15045	3.009	1.65334	1.6105	0.232168	441.397	0
15050	3.01	1.66241	1.6105	0.234072	436.966	0
15055	3.011	1.67142	1.6105	0.23598	432.603	0
15060	3.012	1.68033	1.6105	0.237891	428.294	0
15065	3.013	1.68914	1.6105	0.239809	424.02	0
15070	3.014	1.69791	1.6105	0.241732	419.761	0
15075	3.015	1.7066	1.6105	0.243664	415.492	0
15080	3.016	1.71525	1.6105	0.245605	411.185	0
15085	3.017	1.72385	1.6105	0.247556	406.839	0
15090	3.018	1.73245	1.6105	0.249519	402.439	0
15095	3.019	1.74093	1.6105	0.251494	397.986	0
15100	3.02	1.74943	1.6105	0.253485	393.462	0
15105	3.021	1.75792	1.6105	0.25549	388.865	0
15110	3.022	1.76637	1.6105	0.257513	384.177	0
15115	3.023	1.77479	1.6105	0.259553	379.401	0
15120	3.024	1.7832	1.6105	0.261613	374.53	0
15125	3.025	1.79163	1.6105	0.263692	369.563	0
15130	3.026	1.80004	1.6105	0.265793	364.498	0
15135	3.027	1.80847	1.6105	0.267916	359.324	0
15140	3.028	1.81689	1.6105	0.270062	354.035	0
15145	3.029	1.82534	1.6105	0.272232	348.635	0
15150	3.03	1.83378	1.6105	0.274427	343.124	0
15155	3.031	1.84224	1.6105	0.276648	337.492	0
15160	3.032	1.85074	1.6105	0.278893	331.752	0
15165	3.033	1.85925	1.6105	0.281165	325.905	0
15170	3.034	1.86778	1.6105	0.283463	319.945	0
15175	3.035	1.87628	1.6105	0.285788	313.876	0
15180	3.036	1.88486	1.6105	0.288138	307.696	0
15185	3.037	1.89339	1.6105	0.290515	301.418	0
15190	3.038	1.90195	1.6105	0.292918	295.052	0
15195	3.039	1.91056	1.6105	0.295346	288.586	0
15200	3.04	1.91916	1.6105	0.2978	282.033	0
15205	3.041	1.92573	1.6105	0.299829	279.113	0
15210	3.042	1.92979	1.6105	0.301313	280.583	0
15215	3.043	1.9317	1.6105	0.302308	285.712	0
15220	3.044	1.93208	1.6105	0.302966	293.005	0
15225	3.045	1.93188	1.6105	0.303485	300.693	0
15230	3.046	1.93182	1.6105	0.304036	307.356	0
15235	3.047	1.93194	1.6105	0.304623	313.046	0
15240	3.048	1.93217	1.6105	0.305245	317.853	0
15245	3.049	1.93262	1.6105	0.305905	321.832	0
15250	3.05	1.93318	1.6105	0.306605	325.014	0
15255	3.051	1.93393	1.6105	0.307348	327.468	0
15260	3.052	1.9349	1.6105	0.308138	329.209	0
15265	3.053	1.93606	1.6105	0.308977	330.265	0
15270	3.054	1.93745	1.6105	0.309869	330.652	0
15275	3.055	1.93907	1.6105	0.310818	330.406	0
15280	3.056	1.94087	1.6105	0.311825	329.522	0
15285	3.057	1.94296	1.6105	0.312894	328.039	0
15290	3.058	1.94531	1.6105	0.314027	325.974	0
15295	3.059	1.94788	1.6105	0.315225	323.356	0
15300	3.06	1.95073	1.6105	0.316489	320.191	0
15305	3.061	1.95381	1.6105	0.317819	316.535	0
15310	3.062	1.95714	1.6105	0.319217	312.371	0
15315	3.063	1.9608	1.6105	0.3207	307.629	0
15320	3.064	1.96468	1.6105	0.322242	302.507	0
15325	3.065	1.96873	1.6105	0.323837	297.102	0
15330	3.066	1.97293	1.6105	0.325479	291.469	0
15335	3.067	1.97723	1.6105	0.32716	285.691	0
15340	3.068	1.98168	1.6105	0.328873	279.832	0
15345	3.069	1.98616	1.6105	0.33061	273.913	0
15350	3.07	1.99066	1.6105	0.332367	268.043	0
15355	3.071	1.99516	1.6105	0.334136	262.205	0
15360	3.072	1.99964	1.6105	0.335912	256.49	0
15365	3.073	2.00404	1.6105	0.33769	250.884	0
15370	3.074	2.00842	1.6105	0.339463	245.471	0
15375	3.075	2.0127	1.6105	0.341228	240.214	0
15380	3.076	2.0169	1.6105	0.342982	235.158	0
15385	3.077	2.02099	1.6105	0.344719	230.343	0
15390	3.078	2.02492	1.6105	0.346438	225.727	0
15395	3.079	2.02875	1.6105	0.348135	221.359	0
15400	3.08	2.03244	1.6105	0.349809	217.225	0
15405	3.081	2.03597	1.6105	0.351458	213.307	0
15410	3.082	2.03938	1.6105	0.353081	209.599	0
15415	3.083	2.04264	1.6105	0.354678	206.112	0
15420	3.084	2.04575	1.6105	0.356249	202.816	0
15425	3.085	2.0487	1.6105	0.357793	199.722	0
15430	3.086	2.05155	1.6105	0.359311	196.772	0
15435	3.087	2.05421	1.6105	0.360805	193.993	0
15440	3.088	2.0568	1.6105	0.362275	191.331	0
15445	3.089	2.05924	1.6105	0.363725	188.787	0
15450	3.09	2.06163	1.6105	0.365158	186.285	0
15455	3.091	2.06391	1.6105	0.366577	183.838	0
15460	3.092	2.0661	1.6105	0.367983	181.402	0
15465	3.093	2.06824	1.6105	0.369381	178.963	0
15470	3.094	2.07033	1.6105	0.370772	176.507	0
15475	3.095	2.07242	1.6105	0.37216	173.981	0
15480	3.096	2.07446	1.6105	0.373548	171.408	0
15485	3.097	2.07647	1.6105	0.374939	168.728	0
15490	3.098	2.07852	1.6105	0.376336	165.937	0
15495	3.099	2.08057	1.6105	0.377742	163.016	0
15500	3.1	2.08263	1.6105	0.37916	159.952	0
15505	3.101	2.08473	1.6105	0.380593	156.726	0
15510	3.102	2.08692	1.6105	0.382042	153.342	0
15515	3.103	2.08908	1.6105	0.383512	149.752	0
15520	3.104	2.09141	1.6105	0.385004	145.986	0
15525	3.105	2.0937	1.6105	0.38652	142.023	0
15530	3.106	2.09616	1.6105	0.388062	137.834	0
15535	3.107	2.09864	1.6105	0.389632	133.449	0
15540	3.108	2.10124	1.6105	0.39123	128.865	0
15545	3.109	2.10393	1.6105	0.39286	124.061	0
15550	3.11	2.1067	1.6105	0.39452	119.044	0
15555	3.111	2.10957	1.6105	0.396212	113.838	0
15560	3.112	2.11253	1.6105	0.397935	108.432	0
15565	3.113	2.11557	1.6105	0.399691	102.842	0
15570	3.114	2.11871	1.6105	0.401479	97.0661	0
15575	3.115	2.11468	1.6105	0.401457	106.944	0
15580	3.116	2.11066	1.6105	0.401427	115.999	0
15585	3.117	2.10674	1.6105	0.40142	124.038	0
15590	3.118	2.10324	1.6105	0.401491	130.645	0
15595	3.119	2.09918	1.6105	0.40143	137.773	0
15600	3.12	2.09541	1.6105	0.401427	143.751	0
15605	3.121	2.09174	1.6105	0.401428	149.119	0
15610	3.122	2.08808	1.6105	0.401428	153.966	0
15615	3.123	2.08447	1.6105	0.401428	158.361	0
15620	3.124	2.08088	1.6105	0.401428	162.299	0
15625	3.125	2.07734	1.6105	0.401429	165.816	0
15630	3.126	2.07384	1.6105	0.401429	168.944	0
15635	3.127	2.0704	1.6105	0.401429	171.714	0
15640	3.128	2.06696	1.6105	0.401429	174.108	0
15645	3.129	2.06359	1.6105	0.401429	176.205	0
15650	3.13	2.06024	1.6105	0.401429	177.964	0
15655	3.131	2.05692	1.6105	0.401429	179.409	0
15660	3.132	2.05361	1.6105	0.401429	180.565	0
15665	3.133	2.05038	1.6105	0.401429	181.457	0
15670	3.134	2.04722	1.6105	0.401429	182.043	0
15675	3.135	2.04402	1.6105	0.401429	182.344	0
15680	3.136	2.0409	1.6105	0.401429	182.343	0
15685	3.137	2.03777	1.6105	0.401429	182.025	0
15690	3.138	2.03476	1.6105	0.401429	181.371	0
15695	3.139	2.03171	1.6105	0.401429	180.392	0
15700	3.14	2.02872	1.6105	0.401429	179.059	0
15705	3.141	2.02573	1.6105	0.401429	177.359	0
15710	3.142	2.02284	1.6105	0.401429	175.286	0
15715	3.143	2.01994	1.6105	0.401429	172.824	0
15720	3.144	2.01706	1.6105	0.401429	169.937	0
15725	3.145	2.01421	1.6105	0.401429	166.636	0
15730	3.146	2.01142	1.6105	0.401429	162.868	0
15735	3.147	2.00861	1.6105	0.401429	158.627	0
15740	3.148	2.00587	1.6105	0.401429	153.894	17.3032
15745	3.149	2.00314	1.6105	0.401429	148.617	37.4324
15750	3.15	2.00047	1.6105	0.401429	142.798	60.306
15755	3.151	1.99781	1.6105	0.401428	136.389	86.0542
15760	3.152	1.99516	1.6105	0.401428	129.381	114.756
15765	3.153	1.9926	1.6105	0.401428	121.732	146.363
15770	3.154	1.99	1.6105	0.401428	113.46	180.706
15775	3.155	1.98745	1.6105	0.401427	104.519	217.496
15780	3.156	1.98493	1.6105	0.401427	94.9099	256.354
15785	3.157	1.98244	1.6105	0.401427	84.6361	296.733
15790	3.158	1.97995	1.6105	0.401426	73.764	338.132
15795	3.159	1.97752	1.6105	0.401426	62.2706	380.028
15800	3.16	1.97507	1.6105	0.401414	50.352	421.793
15805	3.161	1.97252	1.6105	0.401375	38.1535	462.977
15810	3.162	1.96987	1.6105	0.401296	25.9201	503.026
15815	3.163	1.96696	1.6105	0.401165	13.9779	541.614
15820	3.164	1.96394	1.6105	0.400971	2.73948	578.413
15825	3.165	1.96057	1.6105	0.400704	0	613.211
15830	3.166	1.95698	1.6105	0.400352	0	645.789
15835	3.167	1.95299	1.6105	0.399912	0	676.122
15840	3.168	1.94878	1.6105	0.399384	0	704.243
15845	3.169	1.94421	1.6105	0.398767	0	730.154
15850	3.17	1.93937	1.6105	0.398061	0	753.934
15855	3.171	1.93421	1.6105	0.397269	0	775.143
15860	3.172	1.9315	1.6105	0.397079	0	797.004
15865	3.173	1.92778	1.6105	0.396619	0	816.521
15870	3.174	1.92281	1.6105	0.395849	0	833.113
15875	3.175	1.91915	1.6105	0.39539	0	839.081
15880	3.176	1.92187	1.6105	0.396547	0	858.773
15885	3.177	1.92437	1.6105	0.397636	0	876.753
15890	3.178	1.92658	1.6105	0.39867	0	893.22
15895	3.179	1.92861	1.6105	0.399665	0	908.286
15900	3.18	1.93052	1.6105	0.400627	0	922.155
15905	3.181	1.93231	1.6105	0.401562	0	937.267
15910	3.182	1.92988	1.6105	0.401444	0	946.185
15915	3.183	1.92748	1.6105	0.40132	0	954.304
15920	3.184	1.92508	1.6105	0.401196	0	961.78
15925	3.185	1.92275	1.6105	0.40108	0	968.617
15930	3.186	1.92053	1.6105	0.40098	0	974.959
15935	3.187	1.91842	1.6105	0.400903	0	980.777
15940	3.188	1.91646	1.6105	0.400856	0	986.158
15945	3.189	1.9146	1.6105	0.400844	0	991.161
15950	3.19	1.91296	1.6105	0.400874	0	995.843
15955	3.191	1.91158	1.6105	0.400951	0	1000.23
15960	3.192	1.91037	1.6105	0.401081	0	1004.35
15965	3.193	1.90938	1.6105	0.401271	0	1008.24
15970	3.194	1.9087	1.6105	0.401525	0	1012.88
15975	3.195	1.90665	1.6105	0.401433	0	1015.34
15980	3.196	1.90497	1.6105	0.401419	0	1017.72
15985	3.197	1.90357	1.6105	0.401488	0	1020.56
15990	3.198	1.90173	1.6105	0.40143	0	1022.44
15995	3.199	1.90015	1.6105	0.401427	0	1024.35
16000	3.2	1.89856	1.6105	0.401428	0	1026.09
16005	3.201	1.89697	1.6105	0.401428	0	1027.65
16010	3.202	1.89542	1.6105	0.401428	0	1029.08
16015	3.203	1.8939	1.6105	0.401428	0	1030.33
16020	3.204	1.89242	1.6105	0.401428	0	1031.45
16025	3.205	1.89089	1.6105	0.401428	0	1032.48
16030	3.206	1.88942	1.6105	0.401428	0	1033.34
16035	3.207	1.88794	1.6105	0.401428	0	1034.13
16040	3.208	1.88649	1.6105	0.401429	0	1034.83
16045	3.209	1.8851	1.6105	0.401428	0	1035.41
16050	3.21	1.88366	1.6105	0.401429	0	1035.89
16055	3.211	1.88223	1.6105	0.401428	0	1036.31
16060	3.212	1.88087	1.6105	0.401429	0	1036.67
16065	3.213	1.87953	1.6105	0.401428	0	1036.95
16070	3.214	1.87817	1.6105	0.401429	0	1039.09
16075	3.215	1.87685	1.6105	0.401432	0	1039.02
16080	3.216	1.87552	1.6105	0.401429	0	1038.88
16085	3.217	1.87421	1.6105	0.401428	0	1038.67
16090	3.218	1.87295	1.6105	0.401428	0	1038.89
16095	3.219	1.87163	1.6105	0.401429	0	1038.72
16100	3.22	1.87042	1.6105	0.401428	0	1038.53
16105	3.221	1.86917	1.6105	0.401428	0	1038.5
16110	3.222	1.86791	1.6105	0.401428	0	1038.39
16115	3.223	1.86674	1.6105	0.401427	0	1038.32
16120	3.224	1.8655	1.6105	0.401427	0	1038.27
16125	3.225	1.86432	1.6105	0.401427	0	1038.22
16130	3.226	1.86314	1.6105	0.401427	0	1038.19
16135	3.227	1.86197	1.6105	0.401426	0	1038.18
16140	3.228	1.86083	1.6105	0.401426	0	1038.21
16145	3.229	1.85971	1.6105	0.401419	0	1038.24
16150	3.23	1.85844	1.6105	0.40139	0	1038.25
16155	3.231	1.85709	1.6105	0.401324	0	1038.18
16160	3.232	1.85552	1.6105	0.401206	0	1038.05
16165	3.233	1.85345	1.6105	0.400945	0	1037.59
16170	3.234	1.85078	1.6105	0.400534	0	1036.75
16175	3.235	1.84751	1.6105	0.399972	0	1035.53
16180	3.236	1.84374	1.6105	0.39926	0	1033.98
16185	3.237	1.8394	1.6105	0.398401	0	1032.1
16190	3.238	1.83454	1.6105	0.397403	0	1029.87
16195	3.239	1.82924	1.6105	0.396272	0	1027.36
16200	3.24	1.82347	1.6105	0.395017	0	1024.6
16205	3.241	1.81731	1.6105	0.393649	0	1021.65
16210	3.242	1.81081	1.6105	0.392178	0	1018.48
16215	3.243	1.80401	1.6105	0.390615	0	1015.14
16220	3.244	1.79692	1.6105	0.388971	0	1011.71
16225	3.245	1.78962	1.6105	0.387257	0	1008.18
16230	3.246	1.78218	1.6105	0.385484	0	1004.58
16235	3.247	1.77457	1.6105	0.383661	0	1000.97
16240	3.248	1.76691	1.6105	0.3818	0	997.329
16245	3.249	1.75916	1.6105	0.37991	0	996.386
16250	3.25	1.75336	1.6105	0.378483	0	996.924
16255	3.251	1.74977	1.6105	0.377598	0	997.603
16260	3.252	1.74765	1.6105	0.377066	0	997.632
16265	3.253	1.74592	1.6105	0.376629	0	997.099
16270	3.254	1.74414	1.6105	0.376172	0	996.392
16275	3.255	1.7422	1.6105	0.375688	0	995.49
16280	3.256	1.74022	1.6105	0.375173	0	994.469
16285	3.257	1.73815	1.6105	0.374623	0	993.283
16290	3.258	1.73586	1.6105	0.374034	0	991.938
16295	3.259	1.73347	1.6105	0.373406	0	990.488
16300	3.26	1.73093	1.6105	0.372736	0	988.958
16305	3.261	1.72827	1.6105	0.372023	0	987.355
16310	3.262	1.72546	1.6105	0.371267	0	985.657
16315	3.263	1.72247	1.6105	0.370468	0	985.749
16320	3.264	1.72072	1.6105	0.369971	0	986.402
16325	3.265	1.72011	1.6105	0.369741	0	987.012
16330	3.266	1.72008	1.6105	0.369662	0	987.328
16335	3.267	1.72023	1.6105	0.369624	0	987.354
16340	3.268	1.72029	1.6105	0.369564	0	987.227
16345	3.269	1.7202	1.6105	0.369477	0	987.165
16350	3.27	1.72017	1.6105	0.36939	0	987.237
16355	3.271	1.72024	1.6105	0.369337	0	987.522
16360	3.272	1.72058	1.6105	0.369344	0	987.92
16365	3.273	1.72116	1.6105	0.369414	0	988.421
16370	3.274	1.72196	1.6105	0.369542	0	988.946
16375	3.275	1.72295	1.6105	0.369714	0	989.462
16380	3.276	1.72403	1.6105	0.36992	0	989.995
16385	3.277	1.72524	1.6105	0.370153	0	990.571
16390	3.278	1.72654	1.6105	0.370412	0	991.119
16395	3.279	1.72789	1.6105	0.370695	0	991.741
16400	3.28	1.72938	1.6105	0.371004	0	992.365
16405	3.281	1.73092	1.6105	0.371337	0	993.042
16410	3.282	1.73256	1.6105	0.371692	0	993.699
16415	3.283	1.73422	1.6105	0.372064	0	994.338
16420	3.284	1.73594	1.6105	0.372448	0	994.987
16425	3.285	1.73769	1.6105	0.372841	0	995.623
16430	3.286	1.73941	1.6105	0.373238	0	996.177
16435	3.287	1.74112	1.6105	0.373637	0	996.756
16440	3.288	1.74282	1.6105	0.374033	0	997.285
16445	3.289	1.74448	1.6105	0.374424	0	997.745
16450	3.29	1.74608	1.6105	0.374807	0	998.194
16455	3.291	1.7476	1.6105	0.375178	0	998.584
16460	3.292	1.74911	1.6105	0.375534	0	998.922
16465	3.293	1.75047	1.6105	0.375871	0	999.187
16470	3.294	1.75172	1.6105	0.376187	0	999.386
16475	3.295	1.75293	1.6105	0.376477	0	999.526
16480	3.296	1.75395	1.6105	0.37674	0	999.587
16485	3.297	1.75483	1.6105	0.376972	0	999.575
16490	3.298	1.75561	1.6105	0.377171	0	999.496
16495	3.299	1.75625	1.6105	0.377333	0	999.332
16500	3.3	1.75671	1.6105	0.377457	0	999.088
16505	3.301	1.757	1.6105	0.37754	0	998.746
16510	3.302	1.75709	1.6105	0.377579	0	998.336
16515	3.303	1.75701	1.6105	0.377573	0	997.819
16520	3.304	1.75674	1.6105	0.377519	0	997.222
16525	3.305	1.75627	1.6105	0.377415	0	996.527
16530	3.306	1.75561	1.6105	0.377259	0	995.766
16535	3.307	1.75476	1.6105	0.37705	0	994.918
16540	3.308	1.75366	1.6105	0.376786	0	993.941
16545	3.309	1.75237	1.6105	0.376465	0	992.914
16550	3.31	1.75087	1.6105	0.376087	0	991.77
16555	3.311	1.74912	1.6105	0.375649	0	990.562
16560	3.312	1.74717	1.6105	0.375151	0	989.223
16565	3.313	1.74497	1.6105	0.37459	0	987.833
16570	3.314	1.74255	1.6105	0.373967	0	986.322
16575	3.315	1.73992	1.6105	0.373281	0	984.746
16580	3.316	1.737	1.6105	0.37253	0	983.06
16585	3.317	1.73389	1.6105	0.371714	0	981.293
16590	3.318	1.73053	1.6105	0.370833	0	979.428
16595	3.319	1.72692	1.6105	0.369885	0	977.491
16600	3.32	1.72309	1.6105	0.368871	0	975.487
16605	3.321	1.71906	1.6105	0.367791	0	973.371
16610	3.322	1.71476	1.6105	0.366643	0	971.223
16615	3.323	1.71026	1.6105	0.365429	0	968.944
16620	3.324	1.70552	1.6105	0.364149	0	966.615
16625	3.325	1.70049	1.6105	0.362801	0	964.191
16630	3.326	1.69531	1.6105	0.361387	0	961.698
16635	3.327	1.68988	1.6105	0.359907	0	959.164
16640	3.328	1.68427	1.6105	0.358361	0	956.543
16645	3.329	1.67838	1.6105	0.356749	0	953.816
16650	3.33	1.67228	1.6105	0.355071	0	951.055
16655	3.331	1.66603	1.6105	0.353329	0	948.243
16660	3.332	1.6595	1.6105	0.351522	0	945.331
16665	3.333	1.65278	1.6105	0.349651	0	942.37
16670	3.334	1.64587	1.6105	0.347717	0	939.364
16675	3.335	1.63878	1.6105	0.34572	0	937.055
16680	3.336	1.63139	1.6105	0.343645	0	936.303
16685	3.337	1.62358	1.63378	0.341454	0	934.305
16690	3.338	1.6154	1.66089	0.339151	5.5781	930.771
16695	3.339	1.60693	1.68821	0.336769	13.6979	926.538
16700	3.34	1.59839	1.71532	0.334349	21.5734	922.345
16705	3.341	1.58988	1.74187	0.331923	28.9597	918.292
16710	3.342	1.58154	1.76765	0.329518	35.6826	914.354
16715	3.343	1.57342	1.79273	0.327149	41.6827	911.048
16720	3.344	1.5698	1.81692	0.324813	47.0536	907.477
16725	3.345	1.5698	1.84001	0.322528	51.7342	904.023
16730	3.346	1.5698	1.86192	0.320305	55.6542	900.852
16735	3.347	1.5698	1.88253	0.318155	58.8256	897.992
16740	3.348	1.5698	1.90174	0.316085	61.2229	895.381
16745	3.349	1.5698	1.91956	0.314104	62.8368	893.098
16750	3.35	1.5698	1.93587	0.312217	63.7258	891.008
16755	3.351	1.5698	1.95071	0.310428	63.8699	889.199
16760	3.352	1.5698	1.96403	0.308741	63.3402	887.657
16765	3.353	1.5698	1.97586	0.307158	62.1508	886.37
16770	3.354	1.5698	1.98621	0.305677	60.3631	885.351
16775	3.355	1.5698	1.99518	0.3043	58.0125	884.56
16780	3.356	1.5698	2.00273	0.303024	55.1858	883.99
16785	3.357	1.5698	2.009	0.301845	51.8869	883.63
16790	3.358	1.5698	2.01404	0.300761	48.2217	883.446
16795	3.359	1.5698	2.01793	0.299767	44.2434	883.453
16800	3.36	1.5698	2.02076	0.298856	40.0215	883.593
16805	3.361	1.5698	2.02264	0.298023	35.622	883.86
16810	3.362	1.5698	2.0237	0.297261	31.1251	884.218
16815	3.363	1.5698	2.02402	0.296563	26.6031	884.637
16820	3.364	1.5698	2.02369	0.29592	22.1144	885.082
16825	3.365	1.5698	2.02288	0.295325	17.6984	885.549
16830	3.366	1.5698	2.0217	0.294769	13.4572	886.001
16835	3.367	1.5698	2.02022	0.294245	9.45199	886.385
16840	3.368	1.5698	2.0186	0.293742	5.70814	886.694
16845	3.369	1.5698	2.01694	0.293254	2.30415	886.847
16850	3.37	1.5698	2.01531	0.292771	0	886.887
16855	3.371	1.5698	2.01385	0.292286	0	886.733
16860	3.372	1.5698	2.01262	0.29179	0	886.354
16865	3.373	1.5698	2.0117	0.291278	0	885.743
16870	3.374	1.5698	2.01116	0.290744	0	884.868
16875	3.375	1.5698	2.01109	0.290183	0	883.667
16880	3.376	1.5698	2.01154	0.289587	0	882.179
16885	3.377	1.5698	2.01258	0.288951	0	880.315
16890	3.378	1.5698	2.01421	0.288272	0	878.044
16895	3.379	1.5698	2.01655	0.287545	0	875.387
16900	3.38	1.5698	2.01964	0.286765	0	872.233
16905	3.381	1.5698	2.02353	0.285926	3.2119	868.545
16910	3.382	1.5698	2.02832	0.285021	7.94389	864.21
16915	3.383	1.5698	2.03396	0.284048	13.6116	859.169
16920	3.384	1.5698	2.04053	0.283004	20.2144	853.251
16925	3.385	1.5698	2.04798	0.281887	27.8291	846.348
16930	3.386	1.5698	2.05634	0.280696	36.4806	838.25
16935	3.387	1.5698	2.0656	0.279431	46.2296	828.773
16940	3.388	1.5698	2.07572	0.278091	57.1374	817.72
16945	3.389	1.5698	2.08664	0.276679	69.2417	804.828
16950	3.39	1.5698	2.09836	0.275195	82.5822	789.803
16955	3.391	1.5698	2.11079	0.273644	97.232	772.382
16960	3.392	1.5698	2.12389	0.272028	113.191	752.192
16965	3.393	1.5698	2.13756	0.270351	130.494	728.974
16970	3.394	1.5698	2.15171	0.268621	149.115	702.467
16975	3.395	1.5698	2.16623	0.266842	169.013	672.477
16980	3.396	1.5698	2.1809	0.265024	190.101	638.958
16985	3.397	1.5698	2.1955	0.263184	212.187	602.074
16990	3.398	1.5698	2.20977	0.261339	235.063	562.242
16995	3.399	1.5698	2.22362	0.259504	258.464	520.053
17000	3.4	1.5698	2.23681	0.257695	282.215	476.322
17005	3.401	1.5698	2.24924	0.255923	306.017	431.94
17010	3.402	1.5698	2.26079	0.2542	329.667	387.868
17015	3.403	1.5698	2.27132	0.252536	352.932	344.818
17020	3.404	1.5698	2.28076	0.250939	375.588	303.856
17025	3.405	1.5698	2.28898	0.249421	397.421	265.478
17030	3.406	1.5698	2.2958	0.247989	418.2	229.832
17035	3.407	1.5698	2.30107	0.24666	437.681	196.972
17040	3.408	1.5698	2.30475	0.245444	455.68	166.873
17045	3.409	1.5698	2.30666	0.244348	472.111	139.36
17050	3.41	1.5698	2.30666	0.243387	486.834	114.359
17055	3.411	1.5698	2.30462	0.242572	499.765	91.766
17060	3.412	1.5698	2.30026	0.241916	510.858	71.2362
17065	3.413	1.5698	2.29352	0.241441	519.973	52.9079
17070	3.414	1.5698	2.28446	0.241155	527.145	36.8492
17075	3.415	1.5698	2.27305	0.241052	532.483	22.642
17080	3.416	1.5698	2.25919	0.24114	536.039	10.1244
17085	3.417	1.5698	2.24278	0.241428	537.826	0
17090	3.418	1.5698	2.22378	0.241923	537.866	0
17095	3.419	1.5698	2.20213	0.242632	536.198	0
17100	3.42	1.5698	2.17786	0.24356	532.873	0
17105	3.421	1.5698	2.15096	0.244708	527.973	0
17110	3.422	1.5698	2.12151	0.246077	521.573	0
17115	3.423	1.5698	2.08954	0.247666	513.786	0
17120	3.424	1.5698	2.05514	0.249471	504.678	0
17125	3.425	1.5698	2.01613	0.251487	494.375	0
17130	3.426	1.5698	1.9742	0.253885	481.518	0
17135	3.427	1.5698	1.93106	0.256537	467.312	0
17140	3.428	1.5698	1.88752	0.259315	452.895	0
17145	3.429	1.5698	1.84407	0.262153	438.777	0
17150	3.43	1.5698	1.8011	0.265017	425.207	0
17155	3.431	1.5698	1.75894	0.267876	412.392	0
17160	3.432	1.57481	1.71795	0.270702	400.471	0
17165	3.433	1.58825	1.67837	0.273472	389.599	0
17170	3.434	1.60124	1.65416	0.276162	379.853	0
17175	3.435	1.60906	1.63293	0.277702	380.073	0
17180	3.436	1.61591	1.61329	0.279031	381.776	0
17185	3.437	1.62223	1.6105	0.280256	383.988	0
17190	3.438	1.62789	1.6105	0.281346	386.922	0
17195	3.439	1.63292	1.6105	0.282291	390.645	0
17200	3.44	1.63722	1.6105	0.283087	395.109	0
17205	3.441	1.64084	1.6105	0.283735	400.288	0
17210	3.442	1.64382	1.6105	0.284234	406.13	0
17215	3.443	1.6461	1.6105	0.284586	412.611	0
17220	3.444	1.64772	1.6105	0.284788	419.706	0
17225	3.445	1.6487	1.6105	0.284841	427.375	0
17230	3.446	1.64905	1.6105	0.284748	435.556	0
17235	3.447	1.64872	1.6105	0.284512	444.172	0
17240	3.448	1.64788	1.6105	0.28414	453.214	0
17245	3.449	1.6465	1.6105	0.283637	462.568	0
17250	3.45	1.64455	1.6105	0.283013	472.169	0
17255	3.451	1.6422	1.6105	0.28228	481.899	0
17260	3.452	1.63943	1.6105	0.281456	491.631	0
17265	3.453	1.63573	1.6105	0.280406	502.475	0
17270	3.454	1.63195	1.6105	0.279328	512.743	0
17275	3.455	1.62807	1.6105	0.278215	522.545	0
17280	3.456	1.62409	1.61269	0.277077	531.84	0
17285	3.457	1.62014	1.62409	0.275934	540.505	0
17290	3.458	1.61628	1.63497	0.274803	548.449	0
17295	3.459	1.61256	1.64518	0.273702	555.575	0
17300	3.46	1.60909	1.65447	0.272647	561.847	0
17305	3.461	1.60591	1.66272	0.271652	567.172	0
17310	3.462	1.60312	1.66982	0.27073	571.542	0
17315	3.463	1.60067	1.67556	0.269894	574.935	0
17320	3.464	1.59869	1.67991	0.269153	577.293	0
17325	3.465	1.59715	1.68274	0.268517	578.657	0
17330	3.466	1.59617	1.68397	0.267994	579.007	0
17335	3.467	1.59569	1.68358	0.267591	578.351	0
17340	3.468	1.59576	1.68148	0.267313	576.729	0
17345	3.469	1.59641	1.67768	0.267166	574.135	0
17350	3.47	1.5976	1.67215	0.267153	570.632	0
17355	3.471	1.59941	1.6649	0.267276	566.249	0
17360	3.472	1.60179	1.65593	0.267536	561.029	0
17365	3.473	1.60473	1.64527	0.267934	555.017	0
17370	3.474	1.60824	1.63296	0.268469	548.258	0
17375	3.475	1.61235	1.61908	0.269138	540.816	0
17380	3.476	1.61694	1.6105	0.269939	532.765	0
17385	3.477	1.62206	1.6105	0.270868	524.159	0
17390	3.478	1.62765	1.6105	0.271921	515.046	0
17395	3.479	1.63368	1.6105	0.273091	505.511	0
17400	3.48	1.64019	1.6105	0.274374	495.628	0
17405	3.481	1.64706	1.6105	0.275763	485.427	0
17410	3.482	1.6543	1.6105	0.277251	474.998	0
17415	3.483	1.66181	1.6105	0.27883	464.406	0
17420	3.484	1.66962	1.6105	0.280494	453.705	0
17425	3.485	1.67772	1.6105	0.282234	442.943	0
17430	3.486	1.68599	1.6105	0.284042	432.19	0
17435	3.487	1.69445	1.6105	0.285911	421.509	0
17440	3.488	1.70301	1.6105	0.287833	410.93	0
17445	3.489	1.71168	1.6105	0.289799	400.49	0
17450	3.49	1.72043	1.6105	0.291804	390.267	0
17455	3.491	1.72919	1.6105	0.293838	380.252	0
17460	3.492	1.73795	1.6105	0.295896	370.522	0
17465	3.493	1.74671	1.6105	0.297971	361.055	0
17470	3.494	1.75544	1.6105	0.300056	351.927	0
17475	3.495	1.76403	1.6105	0.302147	343.119	0
17480	3.496	1.77257	1.6105	0.304238	334.649	0
17485	3.497	1.78094	1.6105	0.306324	326.545	0
17490	3.498	1.78925	1.6105	0.308401	318.796	0
17495	3.499	1.7974	1.6105	0.310467	311.389	0
17500	3.5	1.80539	1.6105	0.312517	304.348	0
17505	3.501	1.8132	1.6105	0.314551	297.654	0
17510	3.502	1.82084	1.6105	0.316565	291.29	0
17515	3.503	1.82832	1.6105	0.318559	285.24	0
17520	3.504	1.8356	1.6105	0.320532	279.51	0
17525	3.505	1.84274	1.6105	0.322484	274.075	0
17530	3.506	1.84971	1.6105	0.324414	268.876	0
17535	3.507	1.85652	1.6105	0.326325	263.915	0
17540	3.508	1.86317	1.6105	0.328217	259.174	0
17545	3.509	1.86968	1.6105	0.330092	254.612	0
17550	3.51	1.87602	1.6105	0.331951	250.195	0
17555	3.511	1.88227	1.6105	0.333797	245.923	0
17560	3.512	1.8884	1.6105	0.335633	241.72	0
17565	3.513	1.89443	1.6105	0.337461	237.613	0
17570	3.514	1.90039	1.6105	0.339285	233.541	0
17575	3.515	1.90622	1.6105	0.341107	229.447	0
17580	3.516	1.91205	1.6105	0.342931	225.367	0
17585	3.517	1.91572	1.6105	0.344278	225.254	0
17590	3.518	1.91709	1.6105	0.345084	229.439	0
17595	3.519	1.91653	1.6105	0.345443	236.863	0
17600	3.52	1.91486	1.6105	0.345531	245.843	0
17605	3.521	1.91295	1.6105	0.345545	254.657	0
17610	3.522	1.91118	1.6105	0.345595	262.378	0
17615	3.523	1.90957	1.6105	0.345686	269.094	0
17620	3.524	1.90815	1.6105	0.345818	274.853	0
17625	3.525	1.90696	1.6105	0.345996	279.72	0
17630	3.526	1.90603	1.6105	0.346225	283.695	0
17635	3.527	1.90528	1.6105	0.34651	286.849	0
17640	3.528	1.90484	1.6105	0.346855	289.173	0
17645	3.529	1.90461	1.6105	0.347263	290.713	0
17650	3.53	1.90473	1.6105	0.347739	291.492	0
17655	3.531	1.90506	1.6105	0.348284	291.535	0
17660	3.532	1.90572	1.6105	0.348897	290.908	0
17665	3.533	1.90664	1.6105	0.349577	289.659	0
17670	3.534	1.90782	1.6105	0.350325	287.82	0
17675	3.535	1.90933	1.6105	0.351142	285.43	0
17680	3.536	1.91102	1.6105	0.352026	282.532	0
17685	3.537	1.91304	1.6105	0.352977	279.13	0
17690	3.538	1.91527	1.6105	0.353994	275.282	0
17695	3.539	1.91772	1.6105	0.355073	271.029	0
17700	3.54	1.92042	1.6105	0.356212	266.432	0
17705	3.541	1.9233	1.6105	0.357409	261.519	0
17710	3.542	1.92639	1.6105	0.35866	256.313	0
17715	3.543	1.92966	1.6105	0.359961	250.861	0
17720	3.544	1.93303	1.6105	0.361304	245.283	0
17725	3.545	1.93661	1.6105	0.362697	239.451	0
17730	3.546	1.94032	1.6105	0.364138	233.446	0
17735	3.547	1.94414	1.6105	0.365621	227.263	0
17740	3.548	1.94814	1.6105	0.367144	220.99	0
17745	3.549	1.95221	1.6105	0.368703	214.609	0
17750	3.55	1.95638	1.6105	0.370294	208.182	0
17755	3.551	1.96062	1.6105	0.371916	201.694	0
17760	3.552	1.96633	1.6105	0.373918	192.17	0
17765	3.553	1.973	1.6105	0.376177	180.86	0
17770	3.554	1.97988	1.6105	0.378507	169.426	0
17775	3.555	1.98662	1.6105	0.380815	158.665	0
17780	3.556	1.9929	1.6105	0.383028	149.161	0
17785	3.557	1.99936	1.6105	0.385304	139.436	0
17790	3.558	2.00559	1.6105	0.387546	130.348	0
17795	3.559	2.01195	1.6105	0.389852	121.009	0
17800	3.56	2.01834	1.6105	0.392171	111.834	0
17805	3.561	2.02448	1.6105	0.394443	103.336	0
17810	3.562	2.03027	1.6105	0.396651	95.6158	0
17815	3.563	2.03559	1.6105	0.398755	88.947	0
17820	3.564	2.04046	1.6105	0.400758	83.2561	0
17825	3.565	2.04473	1.6105	0.402637	78.6487	0
17830	3.566	2.03702	1.6105	0.401475	100.155	0
17835	3.567	2.0291	1.6105	0.400243	120.584	0
17840	3.568	2.0209	1.6105	0.398928	140.143	0
17845	3.569	2.012	1.6105	0.397399	160.048	0
17850	3.57	2.00302	1.6105	0.395832	178.854	0
17855	3.571	1.99411	1.6105	0.394267	196.289	0
17860	3.572	1.98511	1.6105	0.392657	212.924	0
17865	3.573	1.97611	1.6105	0.391033	228.569	0
17870	3.574	1.96736	1.6105	0.389436	242.98	0
17875	3.575	1.95903	1.6105	0.387934	255.678	0
17880	3.576	1.9513	1.6105	0.386562	266.507	0
17885	3.577	1.94419	1.6105	0.385314	275.647	0
17890	3.578	1.93754	1.6105	0.384171	283.39	0
17895	3.579	1.93148	1.6105	0.383171	289.526	0
17900	3.58	1.92615	1.6105	0.382319	294.083	0
17905	3.581	1.92145	1.6105	0.381617	297.192	0
17910	3.582	1.91738	1.6105	0.381064	298.924	0
17915	3.583	1.91398	1.6105	0.380661	299.36	0
17920	3.584	1.91121	1.6105	0.380412	298.528	0
17925	3.585	1.90909	1.6105	0.380323	296.457	0
17930	3.586	1.90769	1.6105	0.380399	293.163	0
17935	3.587	1.90701	1.6105	0.380646	288.649	0
17940	3.588	1.90701	1.6105	0.381066	282.992	0
17945	3.589	1.90775	1.6105	0.381658	276.191	0
17950	3.59	1.90908	1.6105	0.382419	268.34	0
17955	3.591	1.91101	1.6105	0.383319	259.739	0
17960	3.592	1.91336	1.6105	0.384329	250.654	0
17965	3.593	1.91619	1.6105	0.385478	240.855	0
17970	3.594	1.91957	1.6105	0.386763	230.348	0
17975	3.595	1.92345	1.6105	0.388179	219.227	0
17980	3.596	1.92775	1.6105	0.389714	207.571	0
17985	3.597	1.93244	1.6105	0.391355	195.52	0
17990	3.598	1.93736	1.6105	0.393065	183.389	0
17995	3.599	1.94232	1.6105	0.394809	171.422	0
18000	3.6	1.94738	1.6105	0.396593	159.537	0
18005	3.601	1.95249	1.6105	0.398397	147.82	0
18010	3.602	1.95772	1.6105	0.400244	136.06	0
18015	3.603	1.96302	1.6105	0.402131	124.205	0
18020	3.604	1.9582	1.6105	0.401469	134.46	0
18025	3.605	1.95345	1.6105	0.400811	143.428	0
18030	3.606	1.94868	1.6105	0.400131	151.394	0
18035	3.607	1.94382	1.6105	0.399426	158.439	0
18040	3.608	1.93893	1.6105	0.398694	164.617	0
18045	3.609	1.93354	1.6105	0.39782	170.984	0
18050	3.61	1.92801	1.6105	0.396909	176.608	0
18055	3.611	1.9229	1.6105	0.39607	180.571	0
18060	3.612	1.91816	1.6105	0.395334	182.742	0
18065	3.613	1.91396	1.6105	0.394715	183.065	0
18070	3.614	1.91032	1.6105	0.394215	181.622	10.8754
18075	3.615	1.90711	1.6105	0.393832	178.521	29.1021
18080	3.616	1.90444	1.6105	0.393553	173.909	50.3798
18085	3.617	1.90206	1.6105	0.393362	167.991	74.7989
18090	3.618	1.90001	1.6105	0.393239	160.963	102.414
18095	3.619	1.89816	1.6105	0.393161	153.04	133.067
18100	3.62	1.89642	1.6105	0.393112	144.329	166.643
18105	3.621	1.89479	1.6105	0.393077	134.975	202.759
18110	3.622	1.89317	1.6105	0.393047	125.006	241.07
18115	3.623	1.8916	1.6105	0.393018	114.455	281.039
18120	3.624	1.88995	1.6105	0.392983	103.38	322.16
18125	3.625	1.88833	1.6105	0.392937	91.7803	363.895
18130	3.626	1.88664	1.6105	0.392871	79.8151	405.669
18135	3.627	1.88488	1.6105	0.392775	67.6027	446.966
18140	3.628	1.88293	1.6105	0.392634	55.2681	487.291
18145	3.629	1.88078	1.6105	0.392435	43.0604	526.252
18150	3.63	1.87836	1.6105	0.392161	31.4842	563.5
18155	3.631	1.87554	1.6105	0.391799	20.8788	598.779
18160	3.632	1.8724	1.6105	0.391334	11.4458	631.914
18165	3.633	1.86886	1.6105	0.390755	3.33781	662.802
18170	3.634	1.86484	1.6105	0.390054	0	691.359
18175	3.635	1.86034	1.6105	0.389224	0	717.623
18180	3.636	1.85535	1.6105	0.388265	0	741.669
18185	3.637	1.84992	1.6105	0.38718	0	763.209
18190	3.638	1.84681	1.6105	0.386661	0	785.118
18195	3.639	1.84244	1.6105	0.385814	0	804.577
18200	3.64	1.83662	1.6105	0.384593	0	821.112
18205	3.641	1.83191	1.6105	0.383647	0	837.375
18210	3.642	1.82621	1.6105	0.382423	0	851.529
18215	3.643	1.8199	1.6105	0.381052	0	864.062
18220	3.644	1.81321	1.6105	0.379565	0	875.23
18225	3.645	1.8061	1.6105	0.377962	0	885.098
18230	3.646	1.79863	1.6105	0.376249	0	893.775
18235	3.647	1.79081	1.6105	0.374435	0	901.324
18240	3.648	1.78267	1.6105	0.372529	0	907.912
18245	3.649	1.77432	1.6105	0.370545	0	913.559
18250	3.65	1.76573	1.6105	0.368492	0	918.426
18255	3.651	1.757	1.6105	0.366384	0	922.564
18260	3.652	1.74813	1.6105	0.364228	3.44252	926.048
18265	3.653	1.73923	1.6105	0.362037	8.51926	928.986
18270	3.654	1.73029	1.6105	0.359824	13.44	931.367
18275	3.655	1.72143	1.6105	0.357604	18.0849	933.373
18280	3.656	1.71263	1.6105	0.355394	22.3698	934.959
18285	3.657	1.70402	1.6105	0.353207	26.2326	936.318
18290	3.658	1.69561	1.6105	0.351057	29.5648	937.441
18295	3.659	1.68752	1.6105	0.348955	32.3349	938.371
18300	3.66	1.67967	1.6105	0.346914	34.4875	939.193
18305	3.661	1.67225	1.6105	0.344945	35.9818	939.939
18310	3.662	1.6652	1.6105	0.34306	36.7682	940.662
18315	3.663	1.65864	1.6105	0.341266	36.8624	941.368
18320	3.664	1.65248	1.6105	0.339575	36.1974	942.085
18325	3.665	1.64688	1.6105	0.337994	34.8045	942.884
18330	3.666	1.64182	1.6105	0.336531	32.6467	943.766
18335	3.667	1.6373	1.6105	0.335192	29.7171	944.724
18340	3.668	1.6333	1.6105	0.333982	26.0538	945.806
18345	3.669	1.62994	1.6105	0.332907	21.6685	947.031
18350	3.67	1.6272	1.6105	0.331969	16.5418	948.416
18355	3.671	1.62504	1.6105	0.33117	10.7622	949.93
18360	3.672	1.62346	1.61227	0.330512	4.31398	951.593
18365	3.673	1.6225	1.61317	0.329994	0	953.443
18370	3.674	1.62217	1.61222	0.329614	0	955.429
18375	3.675	1.62238	1.6105	0.329373	0	957.518
18380	3.676	1.62313	1.6105	0.329273	0	959.785
18385	3.677	1.62451	1.6105	0.329317	0	962.174
18390	3.678	1.62649	1.6105	0.329506	0	966.107
18395	3.679	1.62968	1.6105	0.32999	0	970.037
18400	3.68	1.63383	1.6105	0.330725	0	973.226
18405	3.681	1.63863	1.6105	0.331614	0	976.529
18410	3.682	1.64391	1.6105	0.332638	0	982.254
18415	3.683	1.65066	1.6105	0.334035	0	986.232
18420	3.684	1.65806	1.6105	0.335588	0	990.26
18425	3.685	1.66589	1.6105	0.337283	0	994.329
18430	3.686	1.6742	1.6105	0.339112	0	998.485
18435	3.687	1.683	1.6105	0.341073	0	1002.96
18440	3.688	1.69234	1.6105	0.343202	0	1007.48
18445	3.689	1.7021	1.6105	0.345454	0	1012.14
18450	3.69	1.7122	1.6105	0.347814	0	1016.91
18455	3.691	1.72254	1.6105	0.350262	0	1021.67
18460	3.692	1.73301	1.6105	0.352776	0	1026.46
18465	3.693	1.74355	1.6105	0.355335	0	1031.18
18470	3.694	1.75408	1.6105	0.357917	0	1035.78
18475	3.695	1.76445	1.6105	0.360499	0	1040.22
18480	3.696	1.77461	1.6105	0.36306	0	1044.47
18485	3.697	1.78451	1.6105	0.365579	0	1048.48
18490	3.698	1.79402	1.6105	0.368034	0	1052.18
18495	3.699	1.80307	1.6105	0.370405	0	1055.6
18500	3.7	1.81161	1.6105	0.372675	0	1058.66
18505	3.701	1.81959	1.6105	0.374825	0	1061.33
18510	3.702	1.82687	1.6105	0.376839	0	1063.58
18515	3.703	1.83353	1.6105	0.378702	0	1065.43
18520	3.704	1.83942	1.6105	0.380401	0	1066.82
18525	3.705	1.84453	1.6105	0.381923	0	1067.76
18530	3.706	1.84882	1.6105	0.383259	0	1068.25
18535	3.707	1.85232	1.6105	0.384401	0	1068.29
18540	3.708	1.85499	1.6105	0.385342	0	1067.88
18545	3.709	1.85684	1.6105	0.386079	0	1067
18550	3.71	1.85781	1.6105	0.386612	0	1065.69
18555	3.711	1.85794	1.6105	0.386941	0	1063.97
18560	3.712	1.85732	1.6105	0.387065	0	1061.89
18565	3.713	1.85589	1.6105	0.386988	0	1060.48
18570	3.714	1.85338	1.6105	0.386644	0	1060.26
18575	3.715	1.85041	1.6105	0.386171	0	1058.75
18580	3.716	1.84692	1.6105	0.385558	0	1055.51
18585	3.717	1.84287	1.6105	0.384808	0	1051.25
18590	3.718	1.83834	1.6105	0.383924	0	1046.86
18595	3.719	1.8335	1.6105	0.382939	0	1042.54
18600	3.72	1.82838	1.6105	0.381879	0	1038.22
18605	3.721	1.82308	1.6105	0.380764	0	1033.89
18610	3.722	1.81767	1.6105	0.379612	0	1029.6
18615	3.723	1.81225	1.6105	0.378442	0	1025.49
18620	3.724	1.80687	1.6105	0.377269	0	1021.58
18625	3.725	1.80158	1.6105	0.376108	0	1017.86
18630	3.726	1.79645	1.6105	0.374972	0	1014.23
18635	3.727	1.79149	1.6105	0.373869	0	1010.98
18640	3.728	1.78679	1.6105	0.372807	0	1007.74
18645	3.729	1.78222	1.6105	0.371781	0	1004.85
18650	3.73	1.77794	1.6105	0.370799	0	1002.04
18655	3.731	1.77385	1.6105	0.369868	0	999.57
18660	3.732	1.77	1.6105	0.368989	0	997.337
18665	3.733	1.76646	1.6105	0.368174	0	995.347
18670	3.734	1.76323	1.6105	0.367425	0	993.59
18675	3.735	1.76036	1.6105	0.366748	0	992.031
18680	3.736	1.75772	1.6105	0.366144	0	990.705
18685	3.737	1.75548	1.6105	0.365616	0	989.626
18690	3.738	1.75358	1.6105	0.365164	0	988.779
18695	3.739	1.752	1.6105	0.36479	0	988.112
18700	3.74	1.75073	1.6105	0.364492	0	990.864
18705	3.741	1.75221	1.6105	0.364868	0	995.309
18710	3.742	1.75656	1.6105	0.365954	0	999.918
18715	3.743	1.7627	1.6105	0.367501	0	1003.75
18720	3.744	1.76942	1.6105	0.369197	0	1007.16
18725	3.745	1.77615	1.6105	0.370928	0	1010.33
18730	3.746	1.78288	1.6105	0.372681	0	1013.33
18735	3.747	1.78964	1.6105	0.374439	0	1016.13
18740	3.748	1.79626	1.6105	0.37619	0	1018.68
18745	3.749	1.80268	1.6105	0.377923	0	1020.98
18750	3.75	1.80895	1.6105	0.379626	0	1023.14
18755	3.751	1.81502	1.6105	0.38129	0	1025.02
18760	3.752	1.82079	1.6105	0.382908	0	1026.69
18765	3.753	1.82624	1.6105	0.384473	0	1028.16
18770	3.754	1.83148	1.6105	0.385978	0	1029.48
18775	3.755	1.83638	1.6105	0.387419	0	1032.46
18780	3.756	1.84233	1.6105	0.389149	0	1035.94
18785	3.757	1.84933	1.6105	0.391141	0	1039.25
18790	3.758	1.85677	1.6105	0.393273	0	1042.12
18795	3.759	1.86417	1.6105	0.395418	0	1044.49
18800	3.76	1.87121	1.6105	0.397502	0	1046.53
18805	3.761	1.87789	1.6105	0.399506	0	1048.45
18810	3.762	1.88426	1.6105	0.401452	0	1055.18
18815	3.763	1.8829	1.6105	0.401459	0	1053.62
18820	3.764	1.88144	1.6105	0.40143	0	1051.69
18825	3.765	1.88009	1.6105	0.401428	0	1049.35
18830	3.766	1.87878	1.6105	0.401427	0	1046.54
18835	3.767	1.87748	1.6105	0.401423	0	1043.61
18840	3.768	1.876	1.6105	0.40137	0	1040.74
18845	3.769	1.8743	1.6105	0.401263	0	1038.02
18850	3.77	1.87253	1.6105	0.40113	0	1035.56
18855	3.771	1.87076	1.6105	0.401001	0	1033.37
18860	3.772	1.86916	1.6105	0.400899	0	1031.45
18865	3.773	1.86772	1.6105	0.400834	0	1029.69
18870	3.774	1.86641	1.6105	0.400802	0	1028.1
18875	3.775	1.86521	1.6105	0.400795	0	1026.6
18880	3.776	1.86412	1.6105	0.400807	0	1025.27
18885	3.777	1.86313	1.6105	0.400835	0	1024.02
18890	3.778	1.86216	1.6105	0.400877	0	1022.89
18895	3.779	1.86126	1.6105	0.400936	0	1021.92
18900	3.78	1.86047	1.6105	0.401013	0	1021.06
18905	3.781	1.85975	1.6105	0.40111	0	1020.28
18910	3.782	1.85911	1.6105	0.401225	0	1019.62
18915	3.783	1.85857	1.6105	0.401358	0	1019.05
18920	3.784	1.85809	1.6105	0.401506	0	1019.16
18925	3.785	1.85676	1.6105	0.40143	0	1018.2
18930	3.786	1.8555	1.6105	0.401388	0	1017.37
18935	3.787	1.85445	1.6105	0.40137	0	1016.59
18940	3.788	1.85336	1.6105	0.401365	0	1015.85
18945	3.789	1.85238	1.6105	0.401364	0	1015.16
18950	3.79	1.85137	1.6105	0.401362	0	1014.51
18955	3.791	1.85038	1.6105	0.40136	0	1013.93
18960	3.792	1.84942	1.6105	0.401358	0	1013.41
18965	3.793	1.84844	1.6105	0.401357	0	1012.93
18970	3.794	1.84752	1.6105	0.401358	0	1012.47
18975	3.795	1.84658	1.6105	0.401358	0	1012.08
18980	3.796	1.84567	1.6105	0.401354	0	1011.66
18985	3.797	1.8447	1.6105	0.401345	0	1011.25
18990	3.798	1.84369	1.6105	0.401326	0	1010.85
18995	3.799	1.8427	1.6105	0.401296	0	1010.47
19000	3.8	1.84167	1.6105	0.401252	0	1010.08
19005	3.801	1.84057	1.6105	0.401194	0	1009.67
19010	3.802	1.83943	1.6105	0.401118	0	1009.26
19015	3.803	1.83823	1.6105	0.401024	0	1008.81
19020	3.804	1.83693	1.6105	0.400909	0	1008.34
19025	3.805	1.83557	1.6105	0.400771	0	1007.87
19030	3.806	1.83415	1.6105	0.400608	0	1007.35
19035	3.807	1.83261	1.6105	0.400417	0	1006.77
19040	3.808	1.83099	1.6105	0.400198	0	1006.2
19045	3.809	1.82926	1.6105	0.399949	0	1005.57
19050	3.81	1.82744	1.6105	0.399668	0	1004.91
19055	3.811	1.82549	1.6105	0.399353	0	1004.18
19060	3.812	1.82342	1.6105	0.399003	0	1003.43
19065	3.813	1.82122	1.6105	0.398616	0	1002.62
19070	3.814	1.81893	1.6105	0.398191	0	1001.77
19075	3.815	1.81648	1.6105	0.397725	0	1000.84
19080	3.816	1.8139	1.6105	0.397218	0	999.869
19085	3.817	1.81116	1.6105	0.396669	0	998.848
19090	3.818	1.80831	1.6105	0.396075	0	997.763
19095	3.819	1.80528	1.6105	0.395437	0	996.644
19100	3.82	1.80211	1.6105	0.394752	0	995.417
19105	3.821	1.79879	1.6105	0.39402	0	994.162
19110	3.822	1.79527	1.6105	0.39324	0	992.808
19115	3.823	1.79162	1.6105	0.39241	0	991.431
19120	3.824	1.78781	1.6105	0.39153	0	989.959
19125	3.825	1.78384	1.6105	0.390599	0	988.445
19130	3.826	1.77972	1.6105	0.389615	0	986.839
19135	3.827	1.77537	1.6105	0.388578	0	985.167
19140	3.828	1.77088	1.6105	0.387486	0	983.376
19145	3.829	1.76618	1.6105	0.386338	0	981.491
19150	3.83	1.76131	1.6105	0.385133	0	979.531
19155	3.831	1.75626	1.6105	0.383869	0	977.467
19160	3.832	1.75106	1.6105	0.382546	0	975.266
19165	3.833	1.74562	1.6105	0.381162	0	972.921
19170	3.834	1.73999	1.6105	0.379716	0	970.429
19175	3.835	1.73414	1.6105	0.378206	0	967.754
19180	3.836	1.72807	1.6105	0.376631	0	964.913
19185	3.837	1.72182	1.6105	0.374989	0	961.869
19190	3.838	1.71533	1.6105	0.373279	0	958.613
19195	3.839	1.70859	1.6105	0.371499	0	955.13
19200	3.84	1.70166	1.6105	0.369647	0	951.382
19205	3.841	1.69449	1.6105	0.367721	0	947.35
19210	3.842	1.68706	1.6105	0.365721	0	943.014
19215	3.843	1.67937	1.6105	0.363643	0	938.35
19220	3.844	1.67146	1.6105	0.361486	2.89584	933.302
19225	3.845	1.66326	1.6105	0.359247	12.417	927.838
19230	3.846	1.65479	1.6105	0.356928	22.3942	929.226
19235	3.847	1.63979	1.61442	0.352991	45.7379	917.996
19240	3.848	1.62447	1.66459	0.348949	68.8245	906.401
19245	3.849	1.60899	1.71462	0.344839	91.4387	894.412
19250	3.85	1.59344	1.76405	0.340699	113.445	882.021
19255	3.851	1.57805	1.81257	0.336563	134.768	869.139
19260	3.852	1.5698	1.86006	0.332454	155.427	855.627
19265	3.853	1.5698	1.90635	0.328385	175.566	841.341
19270	3.854	1.5698	1.9513	0.324366	195.298	826.109
19275	3.855	1.5698	1.99486	0.320409	214.736	809.694
19280	3.856	1.5698	2.03687	0.316522	234.03	791.884
19285	3.857	1.5698	2.07719	0.312717	253.234	772.376
19290	3.858	1.5698	2.11567	0.309007	272.376	750.868
19295	3.859	1.5698	2.1634	0.305402	291.475	731.032
19300	3.86	1.5698	2.20922	0.30106	317.62	701.999
19305	3.861	1.5698	2.25273	0.296825	343.324	670.218
19310	3.862	1.5698	2.29359	0.292725	368.368	635.603
19315	3.863	1.5698	2.33145	0.288794	392.539	598.182
19320	3.864	1.5698	2.36604	0.285058	415.634	558.193
19325	3.865	1.5698	2.39726	0.281539	437.437	516.05
19330	3.866	1.5698	2.42503	0.27825	457.871	472.338
19335	3.867	1.5698	2.44934	0.2752	476.82	427.887
19340	3.868	1.5698	2.4702	0.272393	494.218	383.562
19345	3.869	1.5698	2.48759	0.269833	510.023	340.19
19350	3.87	1.5698	2.50153	0.267521	524.154	298.549
19355	3.871	1.5698	2.5177	0.26546	536.568	261.593
19360	3.872	1.5698	2.53028	0.263218	550.817	224.356
19365	3.873	1.5698	2.53929	0.261236	562.931	190.363
19370	3.874	1.5698	2.54643	0.259524	572.888	160.223
19375	3.875	1.5698	2.54998	0.257947	581.772	132.111
19380	3.876	1.5698	2.55043	0.256641	588.442	107.027
19385	3.877	1.5698	2.54785	0.255571	593.233	84.5946
19390	3.878	1.5698	2.54217	0.254737	596.233	64.5747
19395	3.879	1.5698	2.53345	0.254143	597.419	46.7866
19400	3.88	1.5698	2.523	0.253791	596.878	31.5416
19405	3.881	1.5698	2.51068	0.253577	595.51	17.8337
19410	3.882	1.5698	2.49636	0.253518	593.209	5.66053
19415	3.883	1.5698	2.47995	0.253623	589.921	0
19420	3.884	1.5698	2.46138	0.253901	585.606	0
19425	3.885	1.5698	2.44052	0.25436	580.245	0
19430	3.886	1.5698	2.41736	0.255009	573.788	0
19435	3.887	1.5698	2.39171	0.255855	566.266	0
19440	3.888	1.5698	2.36362	0.256906	557.584	0
19445	3.889	1.5698	2.33295	0.258171	547.817	0
19450	3.89	1.5698	2.29981	0.259652	536.911	0
19455	3.891	1.5698	2.26416	0.261351	524.971	0
19460	3.892	1.5698	2.23658	0.263266	512.004	0
19465	3.893	1.5698	2.20886	0.26459	504.794	0
19470	3.894	1.5698	2.18673	0.265944	497.75	0
19475	3.895	1.5698	2.17152	0.26689	494.498	0
19480	3.896	1.5698	2.15887	0.267323	495.668	0
19485	3.897	1.5698	2.1449	0.267571	498.21	0
19490	3.898	1.5698	2.12996	0.26793	499.57	0
19495	3.899	1.5698	2.11414	0.268379	500.041	0
19500	3.9	1.5698	2.09759	0.268905	499.739	0
19505	3.901	1.5698	2.08045	0.269501	498.793	0
19510	3.902	1.5698	2.06285	0.270157	497.336	0
19515	3.903	1.5698	2.04502	0.270862	495.467	0
19520	3.904	1.5698	2.02712	0.271601	493.364	0
19525	3.905	1.5698	2.00933	0.272358	491.132	0
19530	3.906	1.5698	1.99184	0.27312	488.892	0
19535	3.907	1.5698	1.97483	0.273875	486.762	0
19540	3.908	1.5698	1.95841	0.274608	484.846	0
19545	3.909	1.5698	1.94268	0.275309	483.198	0
19550	3.91	1.5698	1.92773	0.275971	481.862	0
19555	3.911	1.5698	1.91371	0.276584	480.885	0
19560	3.912	1.5698	1.90061	0.277141	480.335	0
19565	3.913	1.5698	1.88857	0.277636	480.187	0
19570	3.914	1.5698	1.87758	0.278062	480.507	0
19575	3.915	1.5698	1.86765	0.278416	481.268	0
19580	3.916	1.5698	1.85864	0.278701	482.443	0
19585	3.917	1.5698	1.85054	0.27892	483.941	0
19590	3.918	1.5698	1.84527	0.279079	485.732	0
19595	3.919	1.5698	1.84017	0.279026	489.036	0
19600	3.92	1.5698	1.83558	0.278965	492.08	0
19605	3.921	1.5698	1.83147	0.278871	495.095	0
19610	3.922	1.5698	1.8277	0.278744	498.081	0
19615	3.923	1.5698	1.82413	0.278594	500.955	0
19620	3.924	1.5698	1.82065	0.278433	503.641	0
19625	3.925	1.5698	1.81715	0.278267	506.102	0
19630	3.926	1.5698	1.81351	0.278107	508.269	0
19635	3.927	1.5698	1.80968	0.277959	510.107	0
19640	3.928	1.5698	1.80557	0.277831	511.598	0
19645	3.929	1.5698	1.80107	0.277729	512.717	0
19650	3.93	1.5698	1.79614	0.277659	513.419	0
19655	3.931	1.5698	1.79071	0.277627	513.704	0
19660	3.932	1.5698	1.7847	0.277637	513.558	0
19665	3.933	1.5698	1.77811	0.277695	512.966	0
19670	3.934	1.57022	1.77089	0.277803	511.942	0
19675	3.935	1.57263	1.76294	0.277967	510.487	0
19680	3.936	1.57529	1.75427	0.278191	508.562	0
19685	3.937	1.57811	1.74486	0.278477	506.207	0
19690	3.938	1.58125	1.73464	0.278829	503.42	0
19695	3.939	1.58465	1.72363	0.279248	500.188	0
19700	3.94	1.58831	1.71183	0.279736	496.549	0
19705	3.941	1.59224	1.69924	0.280295	492.513	0
19710	3.942	1.5964	1.68585	0.280925	488.112	0
19715	3.943	1.60087	1.67162	0.281625	483.35	0
19720	3.944	1.60559	1.65668	0.282396	478.213	0
19725	3.945	1.61057	1.64097	0.283238	472.81	0
19730	3.946	1.6158	1.62454	0.284149	467.099	0
19735	3.947	1.62122	1.6105	0.285128	461.142	0
19740	3.948	1.62692	1.6105	0.286172	454.942	0
19745	3.949	1.63282	1.6105	0.287281	448.526	0
19750	3.95	1.63893	1.6105	0.288452	441.947	0
19755	3.951	1.64526	1.6105	0.289683	435.19	0
19760	3.952	1.65171	1.6105	0.290971	428.303	0
19765	3.953	1.65835	1.6105	0.292313	421.275	0
19770	3.954	1.66516	1.6105	0.293707	414.154	0
19775	3.955	1.67211	1.6105	0.29515	406.986	0
19780	3.956	1.67916	1.6105	0.296638	399.746	0
19785	3.957	1.6863	1.6105	0.298169	392.458	0
19790	3.958	1.69355	1.6105	0.29974	385.195	0
19795	3.959	1.70091	1.6105	0.301347	377.912	0
19800	3.96	1.70829	1.6105	0.302988	370.669	0
19805	3.961	1.71576	1.6105	0.304661	363.447	0
19810	3.962	1.72326	1.6105	0.306361	356.288	0
19815	3.963	1.73079	1.6105	0.308088	349.174	0
19820	3.964	1.7383	1.6105	0.309837	342.174	0
19825	3.965	1.74586	1.6105	0.311608	335.231	0
19830	3.966	1.75338	1.6105	0.313397	328.393	0
19835	3.967	1.76092	1.6105	0.315203	321.656	0
19840	3.968	1.76841	1.6105	0.317025	315.002	0
19845	3.969	1.7759	1.6105	0.318859	308.459	0
19850	3.97	1.78332	1.6105	0.320706	301.993	0
19855	3.971	1.79076	1.6105	0.322564	295.671	0
19860	3.972	1.79814	1.6105	0.324431	289.416	0
19865	3.973	1.80545	1.6105	0.326307	283.262	0
19870	3.974	1.81272	1.6105	0.328192	277.213	0
19875	3.975	1.81997	1.6105	0.330085	271.234	0
19880	3.976	1.82716	1.6105	0.331985	265.348	0
19885	3.977	1.8343	1.6105	0.333892	259.512	0
19890	3.978	1.84137	1.6105	0.335808	253.747	0
19895	3.979	1.84841	1.6105	0.337731	248.047	0
19900	3.98	1.85539	1.6105	0.339662	242.388	0
19905	3.981	1.86239	1.6105	0.341602	236.771	0
19910	3.982	1.86689	1.6105	0.343009	235.673	0
19915	3.983	1.86891	1.6105	0.343838	239.218	0
19920	3.984	1.86893	1.6105	0.34421	246.118	0
19925	3.985	1.86782	1.6105	0.344315	254.606	0
19930	3.986	1.86653	1.6105	0.344362	262.814	0
19935	3.987	1.86531	1.6105	0.344424	270.11	0
19940	3.988	1.86415	1.6105	0.344504	276.657	0
19945	3.989	1.86307	1.6105	0.3446	282.457	0
19950	3.99	1.86209	1.6105	0.344718	287.576	0
19955	3.991	1.86125	1.6105	0.344862	292.02	0
19960	3.992	1.86059	1.6105	0.345034	295.822	0
19965	3.993	1.86	1.6105	0.345239	298.986	0
19970	3.994	1.85959	1.6105	0.345481	301.535	0
19975	3.995	1.85937	1.6105	0.345763	303.517	0
19980	3.996	1.85934	1.6105	0.346089	304.901	0
19985	3.997	1.85949	1.6105	0.346464	305.712	0
19990	3.998	1.85983	1.6105	0.346889	305.965	0
19995	3.999	1.86043	1.6105	0.34737	305.65	0
20000	4	1.86122	1.6105	0.347902	304.849	0
20005	4.001	1.86227	1.6105	0.348486	303.574	0
20010	4.002	1.86363	1.6105	0.349155	301.569	0
20015	4.003	1.86517	1.6105	0.34988	299.145	0
20020	4.004	1.86695	1.6105	0.350658	296.335	0
20025	4.005	1.86891	1.6105	0.351484	293.247	0
20030	4.006	1.87101	1.6105	0.352353	289.858	0
20035	4.007	1.87329	1.6105	0.353262	286.249	0
20040	4.008	1.87566	1.6105	0.354204	282.518	0
20045	4.009	1.87813	1.6105	0.355175	278.615	0
20050	4.01	1.88069	1.6105	0.356172	274.673	0
20055	4.011	1.88327	1.6105	0.35719	270.691	0
20060	4.012	1.88594	1.6105	0.358225	266.67	0
20065	4.013	1.88863	1.6105	0.359273	262.661	0
20070	4.014	1.8913	1.6105	0.360332	258.681	0
20075	4.015	1.89401	1.6105	0.361399	254.771	0
20080	4.016	1.89667	1.6105	0.36247	250.919	0
20085	4.017	1.89935	1.6105	0.363545	247.143	0
20090	4.018	1.90205	1.6105	0.36462	243.436	0
20095	4.019	1.90466	1.6105	0.365695	239.832	0
20100	4.02	1.90726	1.6105	0.366767	236.327	0
20105	4.021	1.90981	1.6105	0.367836	232.909	0
20110	4.022	1.91231	1.6105	0.368901	229.599	0
20115	4.023	1.91476	1.6105	0.36996	226.384	0
20120	4.024	1.91719	1.6105	0.371014	223.26	0
20125	4.025	1.91956	1.6105	0.372063	220.2	0
20130	4.026	1.9219	1.6105	0.373107	217.219	0
20135	4.027	1.92417	1.6105	0.374147	214.313	0
20140	4.028	1.92645	1.6105	0.375182	211.435	0
20145	4.029	1.92865	1.6105	0.376214	208.629	0
20150	4.03	1.93079	1.6105	0.377243	205.866	0
20155	4.031	1.93297	1.6105	0.37827	203.105	0
20160	4.032	1.93509	1.6105	0.379296	200.366	0
20165	4.033	1.9372	1.6105	0.380323	197.629	0
20170	4.034	1.93931	1.6105	0.381351	194.912	0
20175	4.035	1.94137	1.6105	0.382382	192.135	0
20180	4.036	1.94346	1.6105	0.383418	189.338	0
20185	4.037	1.94553	1.6105	0.384459	186.524	0
20190	4.038	1.94764	1.6105	0.385509	183.611	0
20195	4.039	1.94974	1.6105	0.386567	180.648	0
20200	4.04	1.95183	1.6105	0.387637	177.635	0
20205	4.041	1.95403	1.6105	0.388719	174.512	0
20210	4.042	1.95621	1.6105	0.389814	171.31	0
20215	4.043	1.95842	1.6105	0.390925	167.988	0
20220	4.044	1.96072	1.6105	0.392052	164.55	0
20225	4.045	1.96305	1.6105	0.393198	161.033	0
20230	4.046	1.96543	1.6105	0.394362	157.369	0
20235	4.047	1.96783	1.6105	0.395546	153.597	0
20240	4.048	1.97032	1.6105	0.396751	149.692	0
20245	4.049	1.97286	1.6105	0.397978	145.671	0
20250	4.05	1.97547	1.6105	0.399226	141.534	0
20255	4.051	1.97813	1.6105	0.400498	137.247	0
20260	4.052	1.98085	1.6105	0.401792	132.864	0
20265	4.053	1.97711	1.6105	0.401454	142.591	0
20270	4.054	1.97367	1.6105	0.401181	150.914	0
20275	4.055	1.97023	1.6105	0.400907	158.521	0
20280	4.056	1.96714	1.6105	0.400708	164.809	0
20285	4.057	1.96441	1.6105	0.400589	169.874	0
20290	4.058	1.96206	1.6105	0.400559	173.669	0
20295	4.059	1.96011	1.6105	0.40063	176.216	0
20300	4.06	1.95867	1.6105	0.400815	177.455	0
20305	4.061	1.95769	1.6105	0.401119	177.47	0
20310	4.062	1.95723	1.6105	0.401552	176.218	0
20315	4.063	1.95464	1.6105	0.401438	179.55	0
20320	4.064	1.95244	1.6105	0.401426	181.65	0
20325	4.065	1.95038	1.6105	0.401428	183.304	0
20330	4.066	1.94826	1.6105	0.401428	184.683	0
20335	4.067	1.94621	1.6105	0.401428	185.774	0
20340	4.068	1.94416	1.6105	0.401428	186.606	0
20345	4.069	1.94215	1.6105	0.401428	187.145	0
20350	4.07	1.94014	1.6105	0.401428	187.433	0
20355	4.071	1.93818	1.6105	0.401428	187.462	0
20360	4.072	1.93621	1.6105	0.401428	187.167	0
20365	4.073	1.93429	1.6105	0.401428	186.589	0
20370	4.074	1.93239	1.6105	0.401428	185.672	0
20375	4.075	1.93049	1.6105	0.401428	184.476	0
20380	4.076	1.92863	1.6105	0.401428	182.924	0
20385	4.077	1.92677	1.6105	0.401428	181.042	0
20390	4.078	1.92494	1.6105	0.401428	178.796	0
20395	4.079	1.92314	1.6105	0.401428	176.148	0
20400	4.08	1.92132	1.6105	0.401428	173.126	0
20405	4.081	1.91958	1.6105	0.401428	169.708	0
20410	4.082	1.91784	1.6105	0.401428	165.854	0
20415	4.083	1.91608	1.6105	0.401428	161.517	0
20420	4.084	1.91436	1.6105	0.401428	156.719	17.4662
20425	4.085	1.91267	1.6105	0.401428	151.391	37.7436
20430	4.086	1.91099	1.6105	0.401428	145.526	60.787
20435	4.087	1.90933	1.6105	0.401428	139.08	86.735
20440	4.088	1.90766	1.6105	0.401427	132.07	115.607
20445	4.089	1.90605	1.6105	0.401427	124.433	147.367
20450	4.09	1.9044	1.6105	0.401427	116.173	181.857
20455	4.091	1.90283	1.6105	0.401427	107.254	218.794
20460	4.092	1.90122	1.6105	0.401426	97.6768	257.751
20465	4.093	1.89969	1.6105	0.401426	87.4733	298.283
20470	4.094	1.89809	1.6105	0.401415	76.7131	339.82
20475	4.095	1.89641	1.6105	0.401377	65.5655	381.767
20480	4.096	1.89458	1.6105	0.401298	54.2382	423.517
20485	4.097	1.89257	1.6105	0.401164	42.8215	464.558
20490	4.098	1.89031	1.6105	0.400964	31.5113	504.435
20495	4.099	1.88775	1.6105	0.400689	20.5507	542.768
20500	4.1	1.88491	1.6105	0.400331	10.3513	579.299
20505	4.101	1.88174	1.6105	0.399882	1.13507	613.742
20510	4.102	1.8782	1.6105	0.399335	0	645.982
20515	4.103	1.87434	1.6105	0.398686	0	675.961
20520	4.104	1.87009	1.6105	0.397938	0	703.647
20525	4.105	1.86549	1.6105	0.397096	0	729.126
20530	4.106	1.86062	1.6105	0.396169	0	752.085
20535	4.107	1.8575	1.6105	0.395672	0	774.855
20540	4.108	1.85389	1.6105	0.395042	0	795.507
20545	4.109	1.85007	1.6105	0.394349	0	814.314
20550	4.11	1.84611	1.6105	0.393619	0	831.505
20555	4.111	1.84209	1.6105	0.392856	0	847.2
20560	4.112	1.83799	1.6105	0.392063	0	861.518
20565	4.113	1.83379	1.6105	0.391245	0	874.529
20570	4.114	1.8296	1.6105	0.390409	0	886.404
20575	4.115	1.82535	1.6105	0.38956	0	897.198
20580	4.116	1.82118	1.6105	0.388707	0	907.072
20585	4.117	1.81705	1.6105	0.387856	0	916.035
20590	4.118	1.81295	1.6105	0.387015	0	924.246
20595	4.119	1.80901	1.6105	0.386191	0	931.756
20600	4.12	1.80518	1.6105	0.385391	0	938.648
20605	4.121	1.80151	1.6105	0.384623	0	944.991
20610	4.122	1.79802	1.6105	0.383891	0	950.81
20615	4.123	1.79476	1.6105	0.383204	0	956.206
20620	4.124	1.79172	1.6105	0.382567	0	961.198
20625	4.125	1.78894	1.6105	0.381987	0	965.852
20630	4.126	1.78642	1.6105	0.381469	0	970.215
20635	4.127	1.78421	1.6105	0.38102	0	974.312
20640	4.128	1.78234	1.6105	0.380645	0	978.203
20645	4.129	1.78077	1.6105	0.380349	0	981.92
20650	4.13	1.77958	1.6105	0.380138	0	985.47
20655	4.131	1.77874	1.6105	0.380017	0	988.933
20660	4.132	1.77831	1.6105	0.37999	0	992.288
20665	4.133	1.77826	1.6105	0.380061	0	995.591
20670	4.134	1.77867	1.6105	0.380242	0	998.87
20675	4.135	1.77943	1.6105	0.380519	0	1002.09
20680	4.136	1.78066	1.6105	0.380911	0	1005.34
20685	4.137	1.78231	1.6105	0.381403	0	1008.54
20690	4.138	1.78439	1.6105	0.382014	0	1011.78
20695	4.139	1.78684	1.6105	0.382725	0	1015.01
20700	4.14	1.78975	1.6105	0.383559	0	1018.29
20705	4.141	1.79305	1.6105	0.384493	0	1021.58
20710	4.142	1.79681	1.6105	0.385551	0	1024.92
20715	4.143	1.80091	1.6105	0.386707	0	1028.28
20720	4.144	1.80546	1.6105	0.387989	0	1031.74
20725	4.145	1.81041	1.6105	0.389375	0	1035.21
20730	4.146	1.81576	1.6105	0.390885	0	1038.73
20735	4.147	1.82155	1.6105	0.392517	0	1042.31
20740	4.148	1.82754	1.6105	0.394224	0	1045.82
20745	4.149	1.83396	1.6105	0.396048	0	1049.57
20750	4.15	1.84087	1.6105	0.398015	0	1053.4
20755	4.151	1.84819	1.6105	0.400108	0	1057.35
20760	4.152	1.85581	1.6105	0.402303	0	1067.87
20765	4.153	1.85149	1.6105	0.401478	0	1063.7
20770	4.154	1.84744	1.6105	0.400713	0	1059.96
20775	4.155	1.84362	1.6105	0.399999	0	1056.56
20780	4.156	1.84005	1.6105	0.399336	0	1053.56
20785	4.157	1.83671	1.6105	0.398727	0	1050.89
20790	4.158	1.83367	1.6105	0.398175	0	1048.72
20795	4.159	1.83093	1.6105	0.397707	0	1046.7
20800	4.16	1.82846	1.6105	0.397291	0	1044.96
20805	4.161	1.82624	1.6105	0.396926	0	1043.44
20810	4.162	1.82418	1.6105	0.396609	0	1042.13
20815	4.163	1.82237	1.6105	0.396337	0	1041.02
20820	4.164	1.82072	1.6105	0.396105	0	1040.05
20825	4.165	1.81923	1.6105	0.395908	0	1039.21
20830	4.166	1.81785	1.6105	0.395743	0	1038.5
20835	4.167	1.81663	1.6105	0.395602	0	1037.87
20840	4.168	1.81546	1.6105	0.395481	0	1037.29
20845	4.169	1.81438	1.6105	0.395374	0	1036.79
20850	4.17	1.81333	1.6105	0.395275	0	1036.3
20855	4.171	1.81231	1.6105	0.395178	0	1035.82
20860	4.172	1.81129	1.6105	0.395081	0	1035.34
20865	4.173	1.81025	1.6105	0.394978	0	1034.83
20870	4.174	1.80921	1.6105	0.394868	0	1034.32
20875	4.175	1.80816	1.6105	0.394746	0	1033.77
20880	4.176	1.80701	1.6105	0.39461	0	1033.16
20885	4.177	1.80585	1.6105	0.394457	0	1032.55
20890	4.178	1.80459	1.6105	0.394283	0	1031.88
20895	4.179	1.8033	1.6105	0.394087	0	1031.13
20900	4.18	1.80186	1.6105	0.393866	0	1030.36
20905	4.181	1.80038	1.6105	0.393617	0	1029.53
20910	4.182	1.79877	1.6105	0.393338	0	1028.62
20915	4.183	1.79706	1.6105	0.393028	0	1027.68
20920	4.184	1.79526	1.6105	0.392683	0	1026.67
20925	4.185	1.79331	1.6105	0.392303	0	1025.58
20930	4.186	1.79122	1.6105	0.391886	0	1027.29
20935	4.187	1.79109	1.6105	0.391955	0	1030.2
20940	4.188	1.79296	1.6105	0.392532	0	1032.97
20945	4.189	1.79596	1.6105	0.393393	0	1034.82
20950	4.19	1.79904	1.6105	0.394272	0	1036.09
20955	4.191	1.80175	1.6105	0.395081	0	1037
20960	4.192	1.80415	1.6105	0.395808	0	1037.59
20965	4.193	1.80611	1.6105	0.396442	0	1037.81
20970	4.194	1.80768	1.6105	0.396976	0	1037.74
20975	4.195	1.80881	1.6105	0.397402	0	1037.33
20980	4.196	1.80948	1.6105	0.397716	0	1036.66
20985	4.197	1.80968	1.6105	0.397912	0	1035.7
20990	4.198	1.8094	1.6105	0.397989	0	1034.45
20995	4.199	1.80864	1.6105	0.397944	0	1032.98
21000	4.2	1.8074	1.6105	0.397776	0	1031.27
21005	4.201	1.80573	1.6105	0.397486	0	1031.68
21010	4.202	1.80522	1.6105	0.397493	0	1032.31
21015	4.203	1.80557	1.6105	0.397715	0	1032.6
21020	4.204	1.80617	1.6105	0.397997	0	1032.3
21025	4.205	1.80647	1.6105	0.398209	0	1031.5
21030	4.206	1.80624	1.6105	0.398292	0	1030.46
21035	4.207	1.80556	1.6105	0.398254	0	1029.4
21040	4.208	1.80456	1.6105	0.398137	0	1028.44
21045	4.209	1.80345	1.6105	0.397986	0	1027.59
21050	4.21	1.80233	1.6105	0.397827	0	1026.8
21055	4.211	1.8012	1.6105	0.397667	0	1025.97
21060	4.212	1.80004	1.6105	0.397494	0	1025.09
21065	4.213	1.79877	1.6105	0.397294	0	1024.1
21070	4.214	1.7974	1.6105	0.397054	0	1023.05
21075	4.215	1.79582	1.6105	0.396771	0	1021.93
21080	4.216	1.7941	1.6105	0.396444	0	1020.78
21085	4.217	1.79227	1.6105	0.396078	0	1019.61
21090	4.218	1.79026	1.6105	0.395677	0	1018.42
21095	4.219	1.78818	1.6105	0.395242	0	1017.21
21100	4.22	1.786	1.6105	0.394772	0	1015.94
21105	4.221	1.78368	1.6105	0.394266	0	1014.66
21110	4.222	1.78123	1.6105	0.393721	0	1013.31
21115	4.223	1.77863	1.6105	0.393137	0	1011.92
21120	4.224	1.77592	1.6105	0.392511	0	1010.49
21125	4.225	1.77306	1.6105	0.391844	0	1009.03
21130	4.226	1.77008	1.6105	0.391136	0	1007.52
21135	4.227	1.76691	1.6105	0.390386	0	1005.97
21140	4.228	1.76364	1.6105	0.389594	0	1004.39
21145	4.229	1.76026	1.6105	0.388759	0	1002.77
21150	4.23	1.7567	1.6105	0.387881	0	1001.1
21155	4.231	1.75302	1.6105	0.386958	0	999.369
21160	4.232	1.74917	1.6105	0.385991	0	997.605
21165	4.233	1.74522	1.6105	0.384978	0	995.801
21170	4.234	1.74109	1.6105	0.38392	0	993.933
21175	4.235	1.73682	1.6105	0.382815	0	992.016
21180	4.236	1.73238	1.6105	0.381663	0	990.059
21185	4.237	1.72782	1.6105	0.380464	0	988.029
21190	4.238	1.72308	1.6105	0.379218	0	985.986
21195	4.239	1.71825	1.6105	0.377923	0	983.876
21200	4.24	1.71319	1.6105	0.376579	0	981.696
21205	4.241	1.70804	1.6105	0.375186	0	979.511
21210	4.242	1.70271	1.6105	0.373744	0	977.239
21215	4.243	1.69724	1.6105	0.372252	0	974.947
21220	4.244	1.69162	1.6105	0.37071	0	972.572
21225	4.245	1.68581	1.6105	0.369117	0	970.156
21230	4.246	1.67988	1.6105	0.367473	0	967.686
21235	4.247	1.67376	1.6105	0.365778	0	965.166
21240	4.248	1.66751	1.6105	0.364032	0	962.604
21245	4.249	1.66107	1.6105	0.362233	0	959.976
21250	4.25	1.65454	1.6105	0.360383	0	957.318
21255	4.251	1.64781	1.6105	0.35848	0	954.587
21260	4.252	1.64089	1.6105	0.356524	0	951.777
21265	4.253	1.63382	1.6105	0.354515	0	948.947
21270	4.254	1.62666	1.61845	0.352457	0	946.052
21275	4.255	1.61932	1.64263	0.35035	2.91091	943.13
21280	4.256	1.61183	1.66719	0.348195	8.78419	940.144
21285	4.257	1.60423	1.69201	0.345993	14.6751	937.135
21290	4.258	1.5965	1.71715	0.343749	20.5168	934.067
21295	4.259	1.58869	1.7425	0.341464	26.347	930.978
21300	4.26	1.58077	1.76802	0.339143	32.1265	927.852
21305	4.261	1.57278	1.79368	0.336789	37.8264	924.714
21310	4.262	1.5698	1.81942	0.334404	43.4591	921.58
21315	4.263	1.5698	1.8452	0.331991	48.9959	918.423
21320	4.264	1.5698	1.87101	0.329554	54.4274	915.279
21325	4.265	1.5698	1.89683	0.327096	59.7722	912.15
21330	4.266	1.5698	1.92261	0.324618	65.0194	909.024
21335	4.267	1.5698	1.94828	0.322124	70.1601	905.926
21340	4.268	1.5698	1.97551	0.319615	75.1608	906.156
21345	4.269	1.5698	2.00414	0.316969	81.0869	904.73
21350	4.27	1.5698	2.03302	0.314195	87.7919	901.167
21355	4.271	1.5698	2.06135	0.311377	94.4901	896.82
21360	4.272	1.5698	2.08869	0.308578	100.694	892.593
21365	4.273	1.5698	2.11465	0.305833	106.156	888.659
21370	4.274	1.5698	2.13905	0.303171	110.698	884.965
21375	4.275	1.5698	2.16171	0.300608	114.257	881.586
21380	4.276	1.5698	2.18261	0.298156	116.805	878.478
21385	4.277	1.5698	2.20158	0.295824	118.387	875.682
21390	4.278	1.5698	2.21859	0.29362	118.965	873.25
21395	4.279	1.5698	2.23361	0.29155	118.573	871.236
21400	4.28	1.5698	2.24661	0.289619	117.256	869.559
21405	4.281	1.5698	2.2576	0.287831	115.035	868.254
21410	4.282	1.5698	2.26657	0.286189	111.97	867.281
21415	4.283	1.5698	2.27351	0.284695	108.088	866.61
21420	4.284	1.5698	2.27847	0.283349	103.424	866.309
21425	4.285	1.5698	2.28151	0.282147	98.0507	866.281
21430	4.286	1.5698	2.28282	0.281087	92.0452	866.552
21435	4.287	1.5698	2.2824	0.280163	85.5375	867.119
21440	4.288	1.5698	2.28039	0.27937	78.5532	867.882
21445	4.289	1.5698	2.27687	0.278699	71.1877	868.877
21450	4.29	1.5698	2.27206	0.278143	63.4996	870.056
21455	4.291	1.5698	2.26606	0.277694	55.6134	871.406
21460	4.292	1.5698	2.25894	0.277342	47.6031	872.88
21465	4.293	1.5698	2.25093	0.277077	39.4831	874.464
21470	4.294	1.5698	2.24218	0.276889	31.3925	876.077
21475	4.295	1.5698	2.23274	0.276768	23.4071	877.772
21480	4.296	1.5698	2.22287	0.276702	15.5343	879.439
21485	4.297	1.5698	2.21266	0.27668	7.91746	881.118
21490	4.298	1.5698	2.20228	0.276692	0.576291	882.734
21495	4.299	1.5698	2.19182	0.276727	0	884.284
21500	4.3	1.5698	2.18141	0.276774	0	885.722
21505	4.301	1.5698	2.17111	0.276828	0	887.051
21510	4.302	1.5698	2.16097	0.276883	0	888.265
21515	4.303	1.5698	2.15108	0.276933	0	889.335
21520	4.304	1.5698	2.14153	0.276973	0	890.272
21525	4.305	1.5698	2.13234	0.276996	0	891.058
21530	4.306	1.5698	2.12363	0.276998	0	891.69
21535	4.307	1.5698	2.11541	0.276972	0	892.172
21540	4.308	1.5698	2.10778	0.276915	0	892.474
21545	4.309	1.5698	2.10077	0.27682	0	892.605
21550	4.31	1.5698	2.09449	0.276684	0	892.529
21555	4.311	1.5698	2.08892	0.2765	0	892.285
21560	4.312	1.5698	2.08421	0.276264	0	891.793
21565	4.313	1.5698	2.08031	0.27597	0	891.121
21570	4.314	1.5698	2.07736	0.275615	0	890.158
21575	4.315	1.5698	2.07539	0.275192	0	888.945
21580	4.316	1.5698	2.07442	0.274698	0	887.451
21585	4.317	1.5698	2.07455	0.274126	0	885.654
21590	4.318	1.5698	2.07581	0.273474	0	883.497
21595	4.319	1.5698	2.07825	0.272734	0	881
21600	4.32	1.5698	2.08195	0.271904	0	878.121
21605	4.321	1.5698	2.08692	0.270977	0	874.791
21610	4.322	1.5698	2.09319	0.269949	0	871.025
21615	4.323	1.5698	2.10092	0.268815	0	866.779
21620	4.324	1.5698	2.11007	0.26757	0.202811	861.962
21625	4.325	1.5698	2.15226	0.266208	9.65749	867.852
21630	4.326	1.5698	2.19618	0.262292	39.9803	854.053
21635	4.327	1.5698	2.24117	0.258211	70.0516	839.775
21640	4.328	1.5698	2.28636	0.254014	99.603	825.025
21645	4.329	1.5698	2.33135	0.249755	128.314	809.773
21650	4.33	1.5698	2.37572	0.245477	156.174	793.956
21655	4.331	1.5698	2.41915	0.241211	183.213	777.394
21660	4.332	1.5698	2.46152	0.236976	209.506	759.906
21665	4.333	1.5698	2.50273	0.232785	235.255	741.281
21670	4.334	1.5698	2.54258	0.22865	260.629	721.311
21675	4.335	1.5698	2.58085	0.224587	285.724	699.721
21680	4.336	1.5698	2.61735	0.220609	310.579	676.21
21685	4.337	1.5698	2.65195	0.216735	335.198	650.513
21690	4.338	1.5698	2.68449	0.212979	359.61	622.307
21695	4.339	1.5698	2.7148	0.209355	383.761	591.501
21700	4.34	1.5698	2.74282	0.205876	407.561	557.957
21705	4.341	1.5698	2.76831	0.202552	430.947	521.84
21710	4.342	1.5698	2.79111	0.1994	453.711	483.429
21715	4.343	1.5698	2.81117	0.196435	475.687	443.304
21720	4.344	1.5698	2.82819	0.193672	496.737	402.082
21725	4.345	1.5698	2.84228	0.191122	516.588	360.613
21730	4.346	1.5698	2.85327	0.188794	535.211	319.647
21735	4.347	1.5698	2.86113	0.186695	552.409	279.879
21740	4.348	1.5698	2.86575	0.184835	568.07	242.128
21745	4.349	1.5698	2.86705	0.183223	582.044	207.079
21750	4.35	1.5698	2.86496	0.18187	594.2	175.03
21755	4.351	1.5698	2.85952	0.18078	604.415	145.957
21760	4.352	1.5698	2.85066	0.17996	612.657	119.818
21765	4.353	1.5698	2.83844	0.179412	618.856	96.4084
21770	4.354	1.5698	2.82291	0.179135	623.048	75.6047
21775	4.355	1.5698	2.80413	0.17913	625.272	57.228
21780	4.356	1.5698	2.78229	0.179393	625.595	41.0767
21785	4.357	1.5698	2.75737	0.179918	624.172	27.0067
21790	4.358	1.5698	2.72952	0.1807	621.032	14.8516
21795	4.359	1.5698	2.69879	0.18173	616.316	4.30718
21800	4.36	1.5698	2.66441	0.183013	610.095	0
21805	4.361	1.5698	2.62725	0.184606	601.93	0
21810	4.362	1.5698	2.588	0.186446	592.441	0
21815	4.363	1.5698	2.54618	0.188479	582.119	0
21820	4.364	1.5698	2.50219	0.19074	570.651	0
21825	4.365	1.5698	2.45671	0.193207	558.342	0
21830	4.366	1.5698	2.41026	0.195825	545.623	0
21835	4.367	1.5698	2.36324	0.198552	532.833	0
21840	4.368	1.5698	2.3158	0.20136	520.186	0
21845	4.369	1.5698	2.32633	0.204234	507.748	0
21850	4.37	1.5698	2.33546	0.202614	532.683	0
21855	4.371	1.5698	2.34321	0.201094	554.937	0
21860	4.372	1.5698	2.34951	0.199676	574.716	0
21865	4.373	1.5698	2.35427	0.198366	592.162	0
21870	4.374	1.5698	2.35721	0.197174	607.376	0
21875	4.375	1.5698	2.35823	0.196118	620.349	0
21880	4.376	1.5698	2.35725	0.195212	631.168	0
21885	4.377	1.5698	2.3542	0.194466	639.921	0
21890	4.378	1.5698	2.34902	0.193884	646.704	0
21895	4.379	1.5698	2.34178	0.193469	651.6	0
21900	4.38	1.5698	2.33251	0.193221	654.773	0
21905	4.381	1.5698	2.32122	0.193142	656.347	0
21910	4.382	1.5698	2.30796	0.193229	656.423	0
21915	4.383	1.5698	2.29283	0.193481	655.122	0
21920	4.384	1.5698	2.27594	0.19389	652.579	0
21925	4.385	1.5698	2.25736	0.194451	648.94	0
21930	4.386	1.5698	2.23736	0.195154	644.301	0
21935	4.387	1.5698	2.216	0.19599	638.887	0
21940	4.388	1.5698	2.1935	0.196946	632.768	0
21945	4.389	1.5698	2.17002	0.19801	626.121	0
21950	4.39	1.5698	2.14572	0.19917	619.069	0
21955	4.391	1.5698	2.12074	0.200414	611.72	0
21960	4.392	1.5698	2.09521	0.201731	604.172	0
21965	4.393	1.5698	2.06925	0.203108	596.513	0
21970	4.394	1.5698	2.04295	0.204538	588.814	0
21975	4.395	1.5698	2.01629	0.206017	581.122	0
21980	4.396	1.5698	1.98939	0.207541	573.41	0
21985	4.397	1.5698	1.96357	0.209109	565.751	0
21990	4.398	1.5698	1.93763	0.210612	558.973	0
21995	4.399	1.5698	1.91149	0.212147	552.256	0
22000	4.4	1.5698	1.88509	0.213717	545.535	0
22005	4.401	1.5698	1.85854	0.215323	538.764	0
22010	4.402	1.5698	1.83184	0.216964	532.017	0
22015	4.403	1.5698	1.8049	0.21864	525.283	0
22020	4.404	1.5698	1.77785	0.220351	518.497	0
22025	4.405	1.5698	1.75059	0.222095	511.749	0
22030	4.406	1.57608	1.72328	0.223872	504.966	0
22035	4.407	1.58561	1.6958	0.225679	498.243	0
22040	4.408	1.5951	1.66828	0.227515	491.506	0
22045	4.409	1.60465	1.6407	0.229378	484.825	0
22050	4.41	1.61419	1.61315	0.231265	478.18	0
22055	4.411	1.62371	1.6105	0.233174	471.633	0
22060	4.412	1.63324	1.6105	0.235103	465.112	0
22065	4.413	1.64273	1.6105	0.23705	458.707	0
22070	4.414	1.65222	1.6105	0.239014	452.389	0
22075	4.415	1.66164	1.6105	0.240993	446.131	0
22080	4.416	1.67103	1.6105	0.242986	439.996	0
22085	4.417	1.68037	1.6105	0.244992	433.926	0
22090	4.418	1.68969	1.6105	0.247009	427.943	0
22095	4.419	1.6989	1.6105	0.249037	422.08	0
22100	4.42	1.70808	1.6105	0.251075	416.254	0
22105	4.421	1.7172	1.6105	0.253122	410.503	0
22110	4.422	1.72622	1.6105	0.255177	404.791	0
22115	4.423	1.7352	1.6105	0.25724	399.144	0
22120	4.424	1.74412	1.6105	0.25931	393.579	0
22125	4.425	1.75297	1.6105	0.261386	388.043	0
22130	4.426	1.76173	1.6105	0.263469	382.563	0
22135	4.427	1.77042	1.6105	0.265559	377.111	0
22140	4.428	1.77907	1.6105	0.267655	371.736	0
22145	4.429	1.7876	1.6105	0.269758	366.361	0
22150	4.43	1.79613	1.6105	0.271867	361.016	0
22155	4.431	1.80456	1.6105	0.273983	355.697	0
22160	4.432	1.81293	1.6105	0.276106	350.405	0
22165	4.433	1.82125	1.6105	0.278236	345.12	0
22170	4.434	1.82947	1.6105	0.280375	339.843	0
22175	4.435	1.83767	1.6105	0.282521	334.572	0
22180	4.436	1.84579	1.6105	0.284678	329.266	0
22185	4.437	1.85388	1.6105	0.286843	323.974	0
22190	4.438	1.86191	1.6105	0.28902	318.648	0
22195	4.439	1.86992	1.6105	0.291208	313.321	0
22200	4.44	1.87789	1.6105	0.293408	307.919	0
22205	4.441	1.88582	1.6105	0.295621	302.474	0
22210	4.442	1.89372	1.6105	0.297847	297.016	0
22215	4.443	1.90156	1.6105	0.300089	291.45	0
22220	4.444	1.90938	1.6105	0.302345	285.857	0
22225	4.445	1.91723	1.6105	0.304619	280.191	0
22230	4.446	1.92503	1.6105	0.306909	274.483	0
22235	4.447	1.93284	1.6105	0.309217	268.663	0
22240	4.448	1.94059	1.6105	0.311544	262.789	0
22245	4.449	1.94837	1.6105	0.31389	256.817	0
22250	4.45	1.95613	1.6105	0.316256	250.752	0
22255	4.451	1.96388	1.6105	0.318642	244.601	0
22260	4.452	1.97162	1.6105	0.321049	238.369	0
22265	4.453	1.97938	1.6105	0.323478	232.037	0
22270	4.454	1.98712	1.6105	0.325928	225.635	0
22275	4.455	1.99488	1.6105	0.328401	219.095	0
22280	4.456	2.00262	1.6105	0.330895	212.495	0
22285	4.457	2.01039	1.6105	0.333412	205.817	0
22290	4.458	2.01669	1.6105	0.335631	201.673	0
22295	4.459	2.02099	1.6105	0.337403	201.194	0
22300	4.46	2.02336	1.6105	0.338736	204.117	0
22305	4.461	2.0243	1.6105	0.339736	209.289	0
22310	4.462	2.02444	1.6105	0.340565	215.245	0
22315	4.463	2.02461	1.6105	0.341392	220.536	0
22320	4.464	2.02491	1.6105	0.342246	224.972	0
22325	4.465	2.02525	1.6105	0.343124	228.699	0
22330	4.466	2.02576	1.6105	0.344028	231.734	0
22335	4.467	2.02633	1.6105	0.344957	234.087	0
22340	4.468	2.02703	1.6105	0.345914	235.863	0
22345	4.469	2.02785	1.6105	0.3469	237.111	0
22350	4.47	2.02878	1.6105	0.347916	237.776	0
22355	4.471	2.02983	1.6105	0.348964	237.974	0
22360	4.472	2.03102	1.6105	0.350045	237.693	0
22365	4.473	2.03233	1.6105	0.351161	236.943	0
22370	4.474	2.03379	1.6105	0.352312	235.759	0
22375	4.475	2.03543	1.6105	0.353518	233.998	0
22380	4.476	2.03725	1.6105	0.354761	231.894	0
22385	4.477	2.03916	1.6105	0.356039	229.418	0
22390	4.478	2.0412	1.6105	0.35735	226.617	0
22395	4.479	2.04332	1.6105	0.358692	223.606	0
22400	4.48	2.04558	1.6105	0.360059	220.348	0
22405	4.481	2.04787	1.6105	0.361449	216.902	0
22410	4.482	2.0502	1.6105	0.362858	213.354	0
22415	4.483	2.05258	1.6105	0.364283	209.682	0
22420	4.484	2.05501	1.6105	0.365721	205.941	0
22425	4.485	2.05744	1.6105	0.367168	202.156	0
22430	4.486	2.05987	1.6105	0.368622	198.376	0
22435	4.487	2.06229	1.6105	0.370079	194.573	0
22440	4.488	2.06467	1.6105	0.371537	190.797	0
22445	4.489	2.06704	1.6105	0.372993	187.068	0
22450	4.49	2.06938	1.6105	0.374446	183.405	0
22455	4.491	2.07165	1.6105	0.375894	179.755	0
22460	4.492	2.07386	1.6105	0.377334	176.236	0
22465	4.493	2.07605	1.6105	0.378765	172.793	0
22470	4.494	2.07813	1.6105	0.380186	169.417	0
22475	4.495	2.08016	1.6105	0.381595	166.131	0
22480	4.496	2.08212	1.6105	0.382992	162.926	0
22485	4.497	2.08398	1.6105	0.384375	159.849	0
22490	4.498	2.08582	1.6105	0.385745	156.864	0
22495	4.499	2.08754	1.6105	0.387101	153.944	0
22500	4.5	2.08921	1.6105	0.388442	151.107	0
22505	4.501	2.09078	1.6105	0.389769	148.35	0
22510	4.502	2.09229	1.6105	0.391084	145.668	0
22515	4.503	2.09376	1.6105	0.392385	143.057	0
22520	4.504	2.09513	1.6105	0.393675	140.49	0
22525	4.505	2.09644	1.6105	0.394952	137.94	0
22530	4.506	2.09771	1.6105	0.396219	135.455	0
22535	4.507	2.09892	1.6105	0.397475	133.008	0
22540	4.508	2.10006	1.6105	0.398722	130.547	0
22545	4.509	2.1012	1.6105	0.39996	128.125	0
22550	4.51	2.10225	1.6105	0.401191	125.688	0
22555	4.511	2.1033	1.6105	0.402414	123.265	0
22560	4.512	2.09572	1.6105	0.401462	139.492	0
22565	4.513	2.08847	1.6105	0.400568	154.006	0
22570	4.514	2.08115	1.6105	0.399637	167.698	0
22575	4.515	2.07414	1.6105	0.398775	179.791	0
22580	4.516	2.06752	1.6105	0.397988	190.346	0
22585	4.517	2.06134	1.6105	0.397292	199.364	0
22590	4.518	2.05565	1.6105	0.396706	206.817	0
22595	4.519	2.05053	1.6105	0.396247	212.655	0
22600	4.52	2.04601	1.6105	0.395927	216.914	0
22605	4.521	2.04214	1.6105	0.395761	219.559	0
22610	4.522	2.03896	1.6105	0.395755	220.645	0
22615	4.523	2.03645	1.6105	0.395914	220.271	0
22620	4.524	2.03466	1.6105	0.396239	218.476	0
22625	4.525	2.03352	1.6105	0.396731	215.343	0
22630	4.526	2.03308	1.6105	0.39739	210.947	0
22635	4.527	2.03327	1.6105	0.398214	205.429	0
22640	4.528	2.03411	1.6105	0.399198	198.797	0
22645	4.529	2.03558	1.6105	0.40034	191.179	0
22650	4.53	2.03763	1.6105	0.401634	182.671	0
22655	4.531	2.03382	1.6105	0.401454	187.309	0
22660	4.532	2.03066	1.6105	0.401426	190.239	0
22665	4.533	2.02767	1.6105	0.401427	192.592	0
22670	4.534	2.0247	1.6105	0.401429	194.718	0
22675	4.535	2.02174	1.6105	0.401429	196.656	0
22680	4.536	2.01883	1.6105	0.401429	198.322	0
22685	4.537	2.01595	1.6105	0.401429	199.832	0
22690	4.538	2.0131	1.6105	0.401429	201.146	0
22695	4.539	2.01028	1.6105	0.401429	202.25	0
22700	4.54	2.00748	1.6105	0.401429	203.251	0
22705	4.541	2.00475	1.6105	0.401429	204.005	0
22710	4.542	2.00202	1.6105	0.401429	204.642	0
22715	4.543	1.99934	1.6105	0.401429	205.14	0
22720	4.544	1.99668	1.6105	0.401429	205.45	0
22725	4.545	1.99404	1.6105	0.401429	205.622	0
22730	4.546	1.99145	1.6105	0.401429	205.607	0
22735	4.547	1.98886	1.6105	0.401429	205.479	0
22740	4.548	1.98634	1.6105	0.401429	205.14	0
22745	4.549	1.98381	1.6105	0.401429	204.689	0
22750	4.55	1.98133	1.6105	0.401429	204.096	0
22755	4.551	1.97887	1.6105	0.401429	203.282	0
22760	4.552	1.97643	1.6105	0.401429	202.339	0
22765	4.553	1.97403	1.6105	0.401429	201.186	0
22770	4.554	1.97165	1.6105	0.401429	199.81	0
22775	4.555	1.9693	1.6105	0.401429	198.214	0
22780	4.556	1.967	1.6105	0.401429	196.333	0
22785	4.557	1.9647	1.6105	0.401429	194.227	0
22790	4.558	1.96242	1.6105	0.401429	191.825	0
22795	4.559	1.96016	1.6105	0.401429	189.132	0
22800	4.56	1.95795	1.6105	0.401429	186.102	0
22805	4.561	1.95576	1.6105	0.401429	182.712	0
22810	4.562	1.95357	1.6105	0.401429	178.99	0
22815	4.563	1.95144	1.6105	0.401428	174.854	0
22820	4.564	1.94931	1.6105	0.401428	170.327	0
22825	4.565	1.94721	1.6105	0.401428	165.326	6.79451
22830	4.566	1.94512	1.6105	0.401428	159.871	26.0503
22835	4.567	1.94307	1.6105	0.401428	153.881	48.0384
22840	4.568	1.94105	1.6105	0.401428	147.346	72.8785
22845	4.569	1.93901	1.6105	0.401428	140.265	100.682
22850	4.57	1.93702	1.6105	0.401428	132.602	131.438
22855	4.571	1.93505	1.6105	0.401427	124.308	165.044
22860	4.572	1.9331	1.6105	0.401427	115.386	201.219
22865	4.573	1.93116	1.6105	0.401427	105.798	239.648
22870	4.574	1.92926	1.6105	0.401426	95.588	279.818
22875	4.575	1.92736	1.6105	0.401426	84.7364	321.245
22880	4.576	1.92548	1.6105	0.401419	73.3182	363.346
22885	4.577	1.92351	1.6105	0.401389	61.5442	405.505
22890	4.578	1.92143	1.6105	0.401323	49.5316	447.175
22895	4.579	1.91917	1.6105	0.401209	37.4887	487.843
22900	4.58	1.91672	1.6105	0.401036	25.6145	527.1
22905	4.581	1.91402	1.6105	0.400796	14.281	564.627
22910	4.582	1.91104	1.6105	0.400483	3.78633	600.178
22915	4.583	1.90782	1.6105	0.400094	0	633.59
22920	4.584	1.90429	1.6105	0.399625	0	664.745
22925	4.585	1.90051	1.6105	0.399077	0	693.644
22930	4.586	1.89647	1.6105	0.398457	0	720.326
22935	4.587	1.89218	1.6105	0.39777	0	744.889
22940	4.588	1.88774	1.6105	0.397025	0	767.023
22945	4.589	1.88529	1.6105	0.396773	0	789.208
22950	4.59	1.88234	1.6105	0.396387	0	809.246
22955	4.591	1.87923	1.6105	0.395959	0	827.577
22960	4.592	1.87612	1.6105	0.395519	0	844.403
22965	4.593	1.873	1.6105	0.395066	0	859.82
22970	4.594	1.86985	1.6105	0.394602	0	873.932
22975	4.595	1.8667	1.6105	0.394129	0	886.867
22980	4.596	1.86357	1.6105	0.393651	0	898.705
22985	4.597	1.86047	1.6105	0.393174	0	909.551
22990	4.598	1.85743	1.6105	0.392703	0	919.481
22995	4.599	1.85446	1.6105	0.392245	0	928.596
23000	4.6	1.8516	1.6105	0.391807	0	929.28
23005	4.601	1.85409	1.6105	0.392706	0	940.744
23010	4.602	1.85667	1.6105	0.393639	0	951.399
23015	4.603	1.85939	1.6105	0.394612	0	961.349
23020	4.604	1.86225	1.6105	0.395629	0	970.657
23025	4.605	1.8653	1.6105	0.396697	0	979.367
23030	4.606	1.86852	1.6105	0.397822	0	987.558
23035	4.607	1.87197	1.6105	0.39901	0	995.259
23040	4.608	1.87563	1.6105	0.400266	0	1002.55
23045	4.609	1.87955	1.6105	0.401595	0	1012.96
23050	4.61	1.87763	1.6105	0.401453	0	1015.44
23055	4.611	1.87609	1.6105	0.401399	0	1017.88
23060	4.612	1.8749	1.6105	0.401431	0	1020.58
23065	4.613	1.87358	1.6105	0.401428	0	1022.87
23070	4.614	1.8723	1.6105	0.401428	0	1024.94
23075	4.615	1.87102	1.6105	0.401428	0	1026.84
23080	4.616	1.86976	1.6105	0.401428	0	1028.54
23085	4.617	1.86851	1.6105	0.401428	0	1030.13
23090	4.618	1.86729	1.6105	0.401428	0	1031.7
23095	4.619	1.86608	1.6105	0.401428	0	1033.11
23100	4.62	1.86488	1.6105	0.401428	0	1034.36
23105	4.621	1.86369	1.6105	0.401428	0	1035.48
23110	4.622	1.86251	1.6105	0.401428	0	1036.47
23115	4.623	1.86136	1.6105	0.401428	0	1037.33
23120	4.624	1.8602	1.6105	0.401428	0	1038.09
23125	4.625	1.85907	1.6105	0.401428	0	1038.75
23130	4.626	1.85795	1.6105	0.401428	0	1039.32
23135	4.627	1.85685	1.6105	0.401428	0	1039.81
23140	4.628	1.85576	1.6105	0.401428	0	1040.22
23145	4.629	1.85466	1.6105	0.401428	0	1040.56
23150	4.63	1.8536	1.6105	0.401428	0	1040.83
23155	4.631	1.85253	1.6105	0.401428	0	1041.04
23160	4.632	1.8515	1.6105	0.401428	0	1041.19
23165	4.633	1.85047	1.6105	0.401428	0	1041.27
23170	4.634	1.84944	1.6105	0.401428	0	1041.3
23175	4.635	1.84843	1.6105	0.401428	0	1041.29
23180	4.636	1.84745	1.6105	0.401428	0	1041.23
23185	4.637	1.84646	1.6105	0.401428	0	1041.14
23190	4.638	1.84549	1.6105	0.401427	0	1041.03
23195	4.639	1.84453	1.6105	0.401427	0	1040.89
23200	4.64	1.84357	1.6105	0.401427	0	1040.73
23205	4.641	1.84264	1.6105	0.401427	0	1040.57
23210	4.642	1.84172	1.6105	0.401427	0	1040.59
23215	4.643	1.84079	1.6105	0.401427	0	1040.32
23220	4.644	1.8399	1.6105	0.401427	0	1040.01
23225	4.645	1.83899	1.6105	0.401427	0	1039.77
23230	4.646	1.8381	1.6105	0.401427	0	1039.51
23235	4.647	1.83724	1.6105	0.401427	0	1039.21
23240	4.648	1.83638	1.6105	0.401426	0	1038.91
23245	4.649	1.83553	1.6105	0.401426	0	1038.57
23250	4.65	1.83468	1.6105	0.401426	0	1038.24
23255	4.651	1.83385	1.6105	0.401426	0	1037.89
23260	4.652	1.83305	1.6105	0.401426	0	1037.54
23265	4.653	1.83224	1.6105	0.401426	0	1037.15
23270	4.654	1.83142	1.6105	0.401426	0	1036.77
23275	4.655	1.83064	1.6105	0.401426	0	1036.38
23280	4.656	1.82985	1.6105	0.401426	0	1035.99
23285	4.657	1.82909	1.6105	0.401426	0	1035.58
23290	4.658	1.82833	1.6105	0.401426	0	1035.17
23295	4.659	1.82755	1.6105	0.401423	0	1034.76
23300	4.66	1.82677	1.6105	0.401415	0	1034.34
23305	4.661	1.82599	1.6105	0.401399	0	1033.9
23310	4.662	1.82515	1.6105	0.401371	0	1033.43
23315	4.663	1.82428	1.6105	0.40133	0	1032.94
23320	4.664	1.82334	1.6105	0.401273	0	1032.41
23325	4.665	1.82235	1.6105	0.401197	0	1031.85
23330	4.666	1.82129	1.6105	0.401101	0	1031.24
23335	4.667	1.82014	1.6105	0.400981	0	1034.74
23340	4.668	1.82186	1.6105	0.401591	0	1042.33
23345	4.669	1.8206	1.6105	0.401449	0	1043.63
23350	4.67	1.81985	1.6105	0.40143	0	1042.75
23355	4.671	1.81917	1.6105	0.401426	0	1041.38
23360	4.672	1.81825	1.6105	0.401365	0	1039.82
23365	4.673	1.81711	1.6105	0.40124	0	1038.09
23370	4.674	1.81566	1.6105	0.401042	0	1036.17
23375	4.675	1.81397	1.6105	0.400768	0	1034.11
23380	4.676	1.81194	1.6105	0.400412	0	1031.89
23385	4.677	1.80962	1.6105	0.399972	0	1029.55
23390	4.678	1.80697	1.6105	0.399446	0	1027.07
23395	4.679	1.80403	1.6105	0.398831	0	1024.5
23400	4.68	1.80078	1.6105	0.398129	0	1021.81
23405	4.681	1.79718	1.6105	0.397338	0	1019.04
23410	4.682	1.79328	1.6105	0.39646	0	1016.2
23415	4.683	1.78911	1.6105	0.395496	0	1015.13
23420	4.684	1.78592	1.6105	0.39478	0	1014.84
23425	4.685	1.78388	1.6105	0.394337	0	1014.7
23430	4.686	1.78251	1.6105	0.394068	0	1014.27
23435	4.687	1.78135	1.6105	0.393846	0	1013.47
23440	4.688	1.78003	1.6105	0.393578	0	1012.43
23445	4.689	1.7784	1.6105	0.393234	0	1011.31
23450	4.69	1.77658	1.6105	0.392831	0	1010.3
23455	4.691	1.77466	1.6105	0.392405	0	1009.45
23460	4.692	1.7728	1.6105	0.391988	0	1008.75
23465	4.693	1.77107	1.6105	0.391594	0	1008.13
23470	4.694	1.76944	1.6105	0.391221	0	1007.53
23475	4.695	1.76784	1.6105	0.390857	0	1006.89
23480	4.696	1.76627	1.6105	0.390486	0	1006.21
23485	4.697	1.76461	1.6105	0.390099	0	1005.51
23490	4.698	1.76292	1.6105	0.389692	0	1004.79
23495	4.699	1.76115	1.6105	0.389264	0	1004.06
23500	4.7	1.75932	1.6105	0.388817	0	1003.34
23505	4.701	1.75746	1.6105	0.388352	0	1002.57
23510	4.702	1.7555	1.6105	0.387867	0	1001.78
23515	4.703	1.75349	1.6105	0.387359	0	1000.94
23520	4.704	1.75139	1.6105	0.386824	0	1000.05
23525	4.705	1.74918	1.6105	0.38626	0	999.111
23530	4.706	1.74688	1.6105	0.385664	0	998.132
23535	4.707	1.74447	1.6105	0.385032	0	997.081
23540	4.708	1.74194	1.6105	0.384364	0	995.988
23545	4.709	1.73928	1.6105	0.383658	0	994.815
23550	4.71	1.73647	1.6105	0.382913	0	993.586
23555	4.711	1.73353	1.6105	0.382125	0	992.299
23560	4.712	1.73045	1.6105	0.381295	0	990.942
23565	4.713	1.72722	1.6105	0.380419	0	989.529
23570	4.714	1.72384	1.6105	0.379497	0	988.014
23575	4.715	1.72029	1.6105	0.378527	0	986.455
23580	4.716	1.71658	1.6105	0.377507	0	984.81
23585	4.717	1.71269	1.6105	0.376437	0	983.094
23590	4.718	1.70863	1.6105	0.375316	0	981.302
23595	4.719	1.7044	1.6105	0.374141	0	979.448
23600	4.72	1.7	1.6105	0.372913	0	977.515
23605	4.721	1.69543	1.6105	0.371631	0	975.506
23610	4.722	1.69064	1.6105	0.370293	0	973.426
23615	4.723	1.6857	1.6105	0.3689	0	971.273
23620	4.724	1.68058	1.6105	0.36745	0	969.039
23625	4.725	1.67525	1.6105	0.365944	0	966.749
23630	4.726	1.66975	1.6105	0.36438	0	964.368
23635	4.727	1.66407	1.6105	0.362758	0	961.937
23640	4.728	1.65819	1.6105	0.361078	0	959.417
23645	4.729	1.65211	1.6105	0.35934	0	956.825
23650	4.73	1.64585	1.6105	0.357544	0	954.188
23655	4.731	1.63945	1.6105	0.355688	0	951.461
23660	4.732	1.6328	1.6105	0.353775	0	948.678
23665	4.733	1.626	1.62624	0.351802	0	945.817
23670	4.734	1.61901	1.64948	0.349771	0	942.901
23675	4.735	1.61183	1.67328	0.34768	0	939.915
23680	4.736	1.60446	1.69756	0.345531	5.63503	936.861
23685	4.737	1.59692	1.72238	0.343324	11.9424	933.742
23690	4.738	1.58922	1.74755	0.341062	18.3378	930.545
23695	4.739	1.58136	1.77307	0.33875	24.6989	927.306
23700	4.74	1.57338	1.79885	0.336394	31.0374	924.013
23705	4.741	1.5698	1.82489	0.333996	37.3176	920.695
23710	4.742	1.5698	1.85103	0.331561	43.5528	917.353
23715	4.743	1.5698	1.87732	0.329094	49.6618	914.004
23720	4.744	1.5698	1.90363	0.326597	55.6872	910.645
23725	4.745	1.5698	1.92997	0.324077	61.5738	907.292
23730	4.746	1.5698	1.95621	0.321536	67.3397	903.966
23735	4.747	1.5698	1.98241	0.318978	72.9315	900.655
23740	4.748	1.5698	2.00844	0.316407	78.392	897.376
23745	4.749	1.5698	2.03424	0.313826	83.6668	894.125
23750	4.75	1.5698	2.05991	0.311238	88.7281	890.912
23755	4.751	1.5698	2.08531	0.308645	93.668	887.75
23760	4.752	1.5698	2.11041	0.30605	98.4043	884.617
23765	4.753	1.5698	2.13525	0.303456	102.934	881.541
23770	4.754	1.5698	2.15979	0.300863	107.297	878.525
23775	4.755	1.5698	2.18401	0.298273	111.487	875.55
23780	4.756	1.5698	2.20789	0.295689	115.494	872.625
23785	4.757	1.5698	2.23143	0.29311	119.334	869.746
23790	4.758	1.5698	2.25469	0.290538	122.997	866.93
23795	4.759	1.5698	2.27756	0.287972	126.546	864.166
23800	4.76	1.5698	2.30013	0.285414	129.916	861.444
23805	4.761	1.5698	2.32224	0.282862	133.17	858.716
23810	4.762	1.5698	2.344	0.280324	136.211	856.085
23815	4.763	1.5698	2.36531	0.277799	139.127	853.496
23820	4.764	1.5698	2.38626	0.275289	141.856	850.972
23825	4.765	1.5698	2.40688	0.27279	144.459	848.497
23830	4.766	1.5698	2.42715	0.270301	146.98	846.06
23835	4.767	1.5698	2.44718	0.267821	149.408	843.659
23840	4.768	1.5698	2.4669	0.265346	151.829	841.266
23845	4.769	1.5698	2.48643	0.262875	154.2	838.898
23850	4.77	1.5698	2.50578	0.260405	156.599	836.549
23855	4.771	1.5698	2.52499	0.257934	159.024	834.176
23860	4.772	1.5698	2.54403	0.255459	161.501	831.813
23865	4.773	1.5698	2.56296	0.25298	164.001	829.431
23870	4.774	1.5698	2.58184	0.250492	166.57	827.011
23875	4.775	1.5698	2.6007	0.247995	169.232	824.565
23880	4.776	1.5698	2.61951	0.245486	172.004	822.069
23885	4.777	1.5698	2.63838	0.242963	174.855	819.536
23890	4.778	1.5698	2.65725	0.240423	177.856	816.954
23895	4.779	1.5698	2.67625	0.237865	180.952	814.304
23900	4.78	1.5698	2.78185	0.235286	184.235	842.99
23905	4.781	1.5698	2.88766	0.225978	242.337	818.8
23910	4.782	1.5698	2.99259	0.216552	296.991	795.124
23915	4.783	1.5698	3.09559	0.207088	347.834	772.107
23920	4.784	1.5698	3.19639	0.19767	394.587	749.686
23925	4.785	1.5698	3.29227	0.188321	437.542	729.108
23930	4.786	1.5698	3.38211	0.179261	475.41	710.067
23935	4.787	1.5698	3.46868	0.170574	507.998	694.981
23940	4.788	1.5698	3.54946	0.162057	537.594	678.296
23945	4.789	1.5698	3.62358	0.153911	562.943	662.304
23950	4.79	1.5698	3.69074	0.146209	583.899	647.773
23955	4.791	1.5698	3.75043	0.138986	600.658	634.841
23960	4.792	1.5698	3.80224	0.132289	613.238	623.668
23965	4.793	1.5698	3.84583	0.126163	621.668	614.404
23970	4.794	1.5698	3.88105	0.120641	626	606.836
23975	4.795	1.5698	3.90785	0.11575	626.375	601.056
23980	4.796	1.5698	3.92644	0.111496	622.954	596.961
23985	4.797	1.5698	3.93691	0.107879	616.035	594.474
23990	4.798	1.5698	3.93955	0.104895	605.813	593.49
23995	4.799	1.5698	3.9348	0.102534	592.589	593.97
24000	4.8	1.5698	3.92297	0.100763	576.724	595.808
24005	4.801	1.5698	3.9044	0.099569	558.498	598.802
24010	4.802	1.5698	3.87967	0.0989285	538.165	602.968
24015	4.803	1.5698	3.84925	0.0988011	516.135	607.915
24020	4.804	1.5698	3.81351	0.0991566	492.731	613.455
24025	4.805	1.5698	3.77292	0.0999659	468.201	619.483
24030	4.806	1.5698	3.72808	0.101195	442.838	625.845
24035	4.807	1.5698	3.67947	0.102804	417.019	632.383
24040	4.808	1.5698	3.62768	0.104751	391.027	638.89
24045	4.809	1.5698	3.57331	0.106993	365.205	645.119
24050	4.81	1.5698	3.51695	0.109486	339.907	650.89
24055	4.811	1.5698	3.45908	0.112186	315.446	655.939
24060	4.812	1.5698	3.40043	0.115046	292.069	660.06
24065	4.813	1.5698	3.3414	0.118021	270.188	662.92
24070	4.814	1.5698	3.28268	0.121066	249.975	664.276
24075	4.815	1.5698	3.27674	0.124136	231.794	681.555
24080	4.816	1.5698	3.27214	0.12303	248.794	664.905
24085	4.817	1.5698	3.26849	0.121818	266.182	646.167
24090	4.818	1.5698	3.26518	0.120539	283.842	625.11
24095	4.819	1.5698	3.26185	0.119235	301.573	601.484
24100	4.82	1.5698	3.25819	0.11794	319.378	575.084
24105	4.821	1.5698	3.25418	0.11667	337.265	545.758
24110	4.822	1.5698	3.24982	0.115432	355.387	513.585
24115	4.823	1.5698	3.24493	0.114229	373.858	478.753
24120	4.824	1.5698	3.23933	0.113073	392.62	441.786
24125	4.825	1.5698	3.23282	0.111978	411.563	403.392
24130	4.826	1.5698	3.2253	0.11096	430.54	364.372
24135	4.827	1.5698	3.21649	0.110035	449.423	325.496
24140	4.828	1.5698	3.20639	0.109215	467.94	287.548
24145	4.829	1.5698	3.19486	0.10851	486	251.249
24150	4.83	1.5698	3.18185	0.107927	503.388	217.274
24155	4.831	1.5698	3.16718	0.107476	519.923	185.883
24160	4.832	1.5698	3.15068	0.10717	535.35	157.156
24165	4.833	1.5698	3.13224	0.107022	549.435	131.009
24170	4.834	1.5698	3.11169	0.107046	562.031	107.351
24175	4.835	1.5698	3.08905	0.107252	572.966	86.0562
24180	4.836	1.5698	3.0636	0.107652	582.231	66.4988
24185	4.837	1.5698	3.03457	0.108292	589.359	49.5002
24190	4.838	1.5698	3.00291	0.10924	593.917	34.5824
24195	4.839	1.5698	2.96915	0.110424	596.591	21.888
24200	4.84	1.5698	2.93335	0.111805	597.772	10.9459
24205	4.841	1.5698	2.89551	0.113375	597.531	1.48839
24210	4.842	1.5698	2.85475	0.115137	595.912	0
24215	4.843	1.5698	2.81133	0.117168	592.398	0
24220	4.844	1.5698	2.76605	0.119442	587.241	0
24225	4.845	1.5698	2.71946	0.121899	581.013	0
24230	4.846	1.5698	2.67178	0.124496	574.098	0
24235	4.847	1.5698	2.62322	0.127214	566.648	0
24240	4.848	1.5698	2.57372	0.130044	558.803	0
24245	4.849	1.5698	2.52352	0.132982	550.529	0
24250	4.85	1.5698	2.50879	0.136017	541.966	0
24255	4.851	1.5698	2.49284	0.13626	556.116	0
24260	4.852	1.5698	2.47568	0.136617	568.239	0
24265	4.853	1.5698	2.45729	0.137086	578.482	0
24270	4.854	1.5698	2.43767	0.137664	586.96	0
24275	4.855	1.5698	2.41671	0.138357	593.809	0
24280	4.856	1.5698	2.39432	0.139174	599.058	0
24285	4.857	1.5698	2.37056	0.14012	602.756	0
24290	4.858	1.5698	2.34551	0.141195	605.049	0
24295	4.859	1.5698	2.31916	0.142395	606.069	0
24300	4.86	1.5698	2.29158	0.143718	605.89	0
24305	4.861	1.5698	2.26288	0.145159	604.63	0
24310	4.862	1.5698	2.23318	0.146712	602.426	0
24315	4.863	1.5698	2.2025	0.14837	599.395	0
24320	4.864	1.5698	2.17106	0.150128	595.61	0
24325	4.865	1.5698	2.13894	0.151973	591.247	0
24330	4.866	1.5698	2.10627	0.153897	586.38	0
24335	4.867	1.5698	2.07317	0.15589	581.124	0
24340	4.868	1.5698	2.03984	0.157941	575.56	0
24345	4.869	1.5698	2.00638	0.160038	569.838	0
24350	4.87	1.5698	1.97293	0.16217	564.022	0
24355	4.871	1.5698	1.9397	0.164326	558.193	0
24360	4.872	1.5698	1.90668	0.166496	552.478	0
24365	4.873	1.5698	1.87408	0.16867	546.871	0
24370	4.874	1.5698	1.84196	0.170839	541.486	0
24375	4.875	1.5698	1.8103	0.172995	536.337	0
24380	4.876	1.5698	1.7791	0.175139	531.403	0
24385	4.877	1.57101	1.7483	0.177271	526.67	0
24390	4.878	1.58204	1.71797	0.179393	522.076	0
24395	4.879	1.59295	1.68964	0.181507	517.66	0
24400	4.88	1.60302	1.66138	0.18348	514.388	0
24405	4.881	1.6131	1.63331	0.185472	510.962	0
24410	4.882	1.6231	1.6105	0.18747	507.466	0
24415	4.883	1.63299	1.6105	0.189471	503.959	0
24420	4.884	1.64282	1.6105	0.19148	500.346	0
24425	4.885	1.65259	1.6105	0.193502	496.64	0
24430	4.886	1.66234	1.6105	0.195542	492.799	0
24435	4.887	1.67207	1.6105	0.197602	488.811	0
24440	4.888	1.68182	1.6105	0.199685	484.662	0
24445	4.889	1.69155	1.6105	0.201794	480.364	0
24450	4.89	1.70129	1.6105	0.203929	475.856	0
24455	4.891	1.71108	1.6105	0.206093	471.17	0
24460	4.892	1.72089	1.6105	0.208286	466.287	0
24465	4.893	1.73071	1.6105	0.210509	461.264	0
24470	4.894	1.74058	1.6105	0.212763	456.012	0
24475	4.895	1.75046	1.6105	0.215048	450.57	0
24480	4.896	1.76035	1.6105	0.217366	444.95	0
24485	4.897	1.77031	1.6105	0.219715	439.214	0
24490	4.898	1.7803	1.6105	0.222097	433.271	0
24495	4.899	1.7903	1.6105	0.22451	427.183	0
24500	4.9	1.80036	1.6105	0.226956	420.961	0
24505	4.901	1.81043	1.6105	0.229433	414.611	0
24510	4.902	1.82054	1.6105	0.231941	408.12	0
24515	4.903	1.83065	1.6105	0.234478	401.516	0
24520	4.904	1.84075	1.6105	0.237045	394.857	0
24525	4.905	1.8509	1.6105	0.239639	388.072	0
24530	4.906	1.86102	1.6105	0.24226	381.215	0
24535	4.907	1.87115	1.6105	0.244907	374.316	0
24540	4.908	1.88127	1.6105	0.247577	367.349	0
24545	4.909	1.89136	1.6105	0.25027	360.367	0
24550	4.91	1.90143	1.6105	0.252985	353.32	0
24555	4.911	1.91148	1.6105	0.255719	346.285	0
24560	4.912	1.92149	1.6105	0.258471	339.208	0
24565	4.913	1.93144	1.6105	0.26124	332.139	0
24570	4.914	1.94136	1.6105	0.264025	325.077	0
24575	4.915	1.9512	1.6105	0.266823	318.043	0
24580	4.916	1.96101	1.6105	0.269634	310.984	0
24585	4.917	1.97073	1.6105	0.272457	303.973	0
24590	4.918	1.98036	1.6105	0.27529	296.981	0
24595	4.919	1.98994	1.6105	0.278133	290.028	0
24600	4.92	1.99945	1.6105	0.280984	283.086	0
24605	4.921	2.00886	1.6105	0.283842	276.201	0
24610	4.922	2.01821	1.6105	0.286707	269.341	0
24615	4.923	2.02746	1.6105	0.289579	262.505	0
24620	4.924	2.03661	1.6105	0.292456	255.713	0
24625	4.925	2.04568	1.6105	0.295338	248.933	0
24630	4.926	2.05466	1.6105	0.298225	242.189	0
24635	4.927	2.06353	1.6105	0.301117	235.476	0
24640	4.928	2.07233	1.6105	0.304013	228.742	0
24645	4.929	2.08104	1.6105	0.306913	222.079	0
24650	4.93	2.08966	1.6105	0.309817	215.41	0
24655	4.931	2.09819	1.6105	0.312726	208.757	0
24660	4.932	2.10664	1.6105	0.315639	202.089	0
24665	4.933	2.115	1.6105	0.318557	195.431	0
24670	4.934	2.12327	1.6105	0.32148	188.755	0
24675	4.935	2.13147	1.6105	0.324408	182.081	0
24680	4.936	2.13956	1.6105	0.327342	175.382	0
24685	4.937	2.14761	1.6105	0.330282	168.656	0
24690	4.938	2.15557	1.6105	0.333229	161.899	0
24695	4.939	2.16347	1.6105	0.336182	155.136	0
24700	4.94	2.17127	1.6105	0.339143	148.335	0
24705	4.941	2.17769	1.6105	0.341812	143.981	0
24710	4.942	2.18214	1.6105	0.344044	143.116	0
24715	4.943	2.18462	1.6105	0.345842	145.52	0
24720	4.944	2.18568	1.6105	0.347306	150.182	0
24725	4.945	2.18594	1.6105	0.348587	155.702	0
24730	4.946	2.1861	1.6105	0.349847	160.672	0
24735	4.947	2.1863	1.6105	0.351115	164.906	0
24740	4.948	2.18653	1.6105	0.352388	168.5	0
24745	4.949	2.18678	1.6105	0.353669	171.485	0
24750	4.95	2.18706	1.6105	0.354956	173.918	0
24755	4.951	2.18738	1.6105	0.356253	175.872	0
24760	4.952	2.18774	1.6105	0.357561	177.315	0
24765	4.953	2.18814	1.6105	0.35888	178.333	0
24770	4.954	2.18859	1.6105	0.360213	178.891	0
24775	4.955	2.18912	1.6105	0.361561	179.067	0
24780	4.956	2.1897	1.6105	0.362925	178.842	0
24785	4.957	2.19035	1.6105	0.364307	178.241	0
24790	4.958	2.19108	1.6105	0.365709	177.266	0
24795	4.959	2.19188	1.6105	0.367133	175.936	0
24800	4.96	2.19276	1.6105	0.368579	174.298	0
24805	4.961	2.19375	1.6105	0.370049	172.295	0
24810	4.962	2.19482	1.6105	0.371545	170.017	0
24815	4.963	2.19603	1.6105	0.373079	167.293	0
24820	4.964	2.19732	1.6105	0.374638	164.323	0
24825	4.965	2.19872	1.6105	0.376222	161.073	0
24830	4.966	2.20018	1.6105	0.377829	157.582	0
24835	4.967	2.20172	1.6105	0.379458	153.932	0
24840	4.968	2.20332	1.6105	0.381108	150.087	0
24845	4.969	2.20499	1.6105	0.382777	146.075	0
24850	4.97	2.2067	1.6105	0.384463	141.912	0
24855	4.971	2.20844	1.6105	0.386163	137.645	0
24860	4.972	2.2102	1.6105	0.387875	133.332	0
24865	4.973	2.212	1.6105	0.389595	128.949	0
24870	4.974	2.21377	1.6105	0.39132	124.545	0
24875	4.975	2.21553	1.6105	0.393047	120.126	0
24880	4.976	2.21728	1.6105	0.394772	115.763	0
24885	4.977	2.21897	1.6105	0.396493	111.471	0
24890	4.978	2.22063	1.6105	0.398205	107.232	0
24895	4.979	2.22222	1.6105	0.399907	103.082	0
24900	4.98	2.22372	1.6105	0.401594	99.0413	0
24905	4.981	2.218	1.6105	0.401456	110.704	0
24910	4.982	2.2123	1.6105	0.40131	121.423	0
24915	4.983	2.2067	1.6105	0.401166	131.226	0
24920	4.984	2.20122	1.6105	0.401041	140.004	0
24925	4.985	2.19593	1.6105	0.40095	147.729	0
24930	4.986	2.19089	1.6105	0.400906	154.42	0
24935	4.987	2.18612	1.6105	0.40092	160.042	0
24940	4.988	2.18169	1.6105	0.401004	164.596	0
24945	4.989	2.17763	1.6105	0.401168	168.044	0
24950	4.99	2.17398	1.6105	0.401423	170.407	0
24955	4.991	2.17074	1.6105	0.401774	171.678	0
24960	4.992	2.16483	1.6105	0.401439	178.716	0
24965	4.993	2.15942	1.6105	0.401218	184.244	0
24970	4.994	2.15459	1.6105	0.401121	188.272	0
24975	4.995	2.15032	1.6105	0.401159	190.818	0
24980	4.996	2.14665	1.6105	0.401337	191.939	0
24985	4.997	2.14359	1.6105	0.401657	191.729	0
24990	4.998	2.13845	1.6105	0.401438	196.126	0
24995	4.999	2.13392	1.6105	0.401366	198.894	0
25000	5	2.13005	1.6105	0.401444	200.157	0
25005	5.001	0	0	0	0	0
25010	5.002	0	0	0	0	0
25015	5.003	0	0	0	0	0
25020	5.004	0	0	0	0	0
25025	5.005	0	0	0	0	0
25030	5.006	0	0	0	0	0
25035	5.007	0	0	0	0	0
25040	5.008	0	0	0	0	0
25045	5.009	0	0	0	0	0
