[2021-11-16 13:46:18.841] [info] Updating Model file from 20303 to latest format...
[2021-11-16 13:46:18.896] [info] Loaded model 3DGaitModel2392 from file D:\Github\Bipedal_Robot\Solid_Models\OpenSim\Gait2392_Robotbody\gait2392_simbody.osim
[2021-11-16 13:46:18.897] [warning] Couldn't find file 'treadmill.vtp'.
[2021-11-16 13:46:18.897] [warning] Couldn't find file 'sacrum.vtp'.
[2021-11-16 13:46:18.897] [warning] Couldn't find file 'pelvis.vtp'.
[2021-11-16 13:46:18.897] [warning] Couldn't find file 'l_pelvis.vtp'.
[2021-11-16 13:46:18.898] [warning] Couldn't find file 'femur_r.vtp'.
[2021-11-16 13:46:18.898] [warning] Couldn't find file 'tibia_r.vtp'.
[2021-11-16 13:46:18.898] [warning] Couldn't find file 'fibula.vtp'.
[2021-11-16 13:46:18.898] [warning] Couldn't find file 'talus.vtp'.
[2021-11-16 13:46:18.898] [warning] Couldn't find file 'foot.vtp'.
[2021-11-16 13:46:18.898] [warning] Couldn't find file 'bofoot.vtp'.
[2021-11-16 13:46:18.899] [warning] Couldn't find file 'femur_l.vtp'.
[2021-11-16 13:46:18.899] [warning] Couldn't find file 'tibia_l.vtp'.
[2021-11-16 13:46:18.899] [warning] Couldn't find file 'l_fibula.vtp'.
[2021-11-16 13:46:18.899] [warning] Couldn't find file 'l_talus.vtp'.
[2021-11-16 13:46:18.899] [warning] Couldn't find file 'l_foot.vtp'.
[2021-11-16 13:46:18.900] [warning] Couldn't find file 'l_bofoot.vtp'.
[2021-11-16 13:46:18.900] [warning] Couldn't find file 'hat_spine.vtp'.
[2021-11-16 13:46:18.900] [warning] Couldn't find file 'hat_jaw.vtp'.
[2021-11-16 13:46:18.900] [warning] Couldn't find file 'hat_skull.vtp'.
[2021-11-16 13:46:18.900] [warning] Couldn't find file 'hat_ribs.vtp'.
[2021-11-16 13:46:18.901] [info] ControllerSet 'Controllers' was renamed and is being reset to 'controllerset'.
[2021-11-16 13:46:18.903] [info] ComponentSet 'MiscComponents' was renamed and is being reset to 'componentset'.
[2021-11-16 14:26:54.021] [info] Updating Model file from 20303 to latest format...
[2021-11-16 14:26:54.073] [info] Loaded model 3DGaitModel2392 from file C:/Users/Ben Bolen/Documents/OpenSim/4.3/Models/Gait2392_Simbody/gait2392_simbody.osim
[2021-11-16 14:26:54.073] [warning] Couldn't find file 'treadmill.vtp'.
[2021-11-16 14:26:54.073] [warning] Couldn't find file 'sacrum.vtp'.
[2021-11-16 14:26:54.074] [warning] Couldn't find file 'pelvis.vtp'.
[2021-11-16 14:26:54.074] [warning] Couldn't find file 'l_pelvis.vtp'.
[2021-11-16 14:26:54.074] [warning] Couldn't find file 'femur_r.vtp'.
[2021-11-16 14:26:54.074] [warning] Couldn't find file 'tibia_r.vtp'.
[2021-11-16 14:26:54.074] [warning] Couldn't find file 'fibula.vtp'.
[2021-11-16 14:26:54.075] [warning] Couldn't find file 'talus.vtp'.
[2021-11-16 14:26:54.075] [warning] Couldn't find file 'foot.vtp'.
[2021-11-16 14:26:54.075] [warning] Couldn't find file 'bofoot.vtp'.
[2021-11-16 14:26:54.075] [warning] Couldn't find file 'femur_l.vtp'.
[2021-11-16 14:26:54.075] [warning] Couldn't find file 'tibia_l.vtp'.
[2021-11-16 14:26:54.075] [warning] Couldn't find file 'l_fibula.vtp'.
[2021-11-16 14:26:54.076] [warning] Couldn't find file 'l_talus.vtp'.
[2021-11-16 14:26:54.076] [warning] Couldn't find file 'l_foot.vtp'.
[2021-11-16 14:26:54.076] [warning] Couldn't find file 'l_bofoot.vtp'.
[2021-11-16 14:26:54.076] [warning] Couldn't find file 'hat_spine.vtp'.
[2021-11-16 14:26:54.076] [warning] Couldn't find file 'hat_jaw.vtp'.
[2021-11-16 14:26:54.076] [warning] Couldn't find file 'hat_skull.vtp'.
[2021-11-16 14:26:54.077] [warning] Couldn't find file 'hat_ribs.vtp'.
[2021-11-16 14:26:54.077] [info] ControllerSet 'Controllers' was renamed and is being reset to 'controllerset'.
[2021-11-16 14:26:54.079] [info] ComponentSet 'MiscComponents' was renamed and is being reset to 'componentset'.
[2021-11-16 14:41:42.484] [info] No external loads will be applied (external loads file not specified).
[2021-11-16 14:41:42.484] [info] Executing the analyses from 0.0 to 99.0...
[2021-11-16 14:41:42.486] [warning] Thelen2003Muscle initialization: 'semimem_r' is at its minimum fiber length of 0.0208098.
[2021-11-16 14:41:42.492] [warning] Thelen2003Muscle initialization: 'semimem_r' is at its minimum fiber length of 0.0208098.
[2021-11-16 14:41:42.494] [warning] Thelen2003Muscle initialization: 'semimem_r' is at its minimum fiber length of 0.0208098.
[2021-11-16 14:41:42.496] [warning] Thelen2003Muscle initialization: 'semimem_r' is at its minimum fiber length of 0.0208098.
[2021-11-16 14:41:42.498] [warning] Thelen2003Muscle initialization: 'semimem_r' is at its minimum fiber length of 0.0208098.
[2021-11-16 14:41:42.499] [warning] Thelen2003Muscle initialization: 'semimem_r' is at its minimum fiber length of 0.0208098.
[2021-11-16 14:41:42.501] [warning] Thelen2003Muscle initialization: 'semimem_r' is at its minimum fiber length of 0.0208098.
[2021-11-16 14:41:42.502] [warning] Thelen2003Muscle initialization: 'semimem_r' is at its minimum fiber length of 0.0208098.
[2021-11-16 14:41:42.504] [warning] Thelen2003Muscle initialization: 'semimem_r' is at its minimum fiber length of 0.0208098.
[2021-11-16 14:41:42.505] [warning] Thelen2003Muscle initialization: 'semimem_r' is at its minimum fiber length of 0.0208098.
[2021-11-16 14:41:42.507] [warning] Thelen2003Muscle initialization: 'semimem_r' is at its minimum fiber length of 0.0208098.
[2021-11-16 14:41:42.508] [warning] Thelen2003Muscle initialization: 'semimem_r' is at its minimum fiber length of 0.0208098.
[2021-11-16 14:41:42.510] [warning] Thelen2003Muscle initialization: 'semimem_r' is at its minimum fiber length of 0.0208098.
[2021-11-16 14:41:42.512] [warning] Thelen2003Muscle initialization: 'semimem_r' is at its minimum fiber length of 0.0208098.
[2021-11-16 14:41:42.513] [warning] Thelen2003Muscle initialization: 'semimem_r' is at its minimum fiber length of 0.0208098.
[2021-11-16 14:41:42.515] [warning] Thelen2003Muscle initialization: 'semimem_r' is at its minimum fiber length of 0.0208098.
[2021-11-16 14:41:42.516] [warning] Thelen2003Muscle initialization: 'semimem_r' is at its minimum fiber length of 0.0208098.
[2021-11-16 14:41:42.518] [warning] Thelen2003Muscle initialization: 'semimem_r' is at its minimum fiber length of 0.0208098.
[2021-11-16 14:41:42.519] [warning] Thelen2003Muscle initialization: 'semimem_r' is at its minimum fiber length of 0.0208098.
[2021-11-16 14:41:42.521] [warning] Thelen2003Muscle initialization: 'semimem_r' is at its minimum fiber length of 0.0208098.
[2021-11-16 14:41:42.523] [warning] Thelen2003Muscle initialization: 'semimem_r' is at its minimum fiber length of 0.0208098.
[2021-11-16 14:41:42.524] [warning] Thelen2003Muscle initialization: 'semimem_r' is at its minimum fiber length of 0.0208098.
[2021-11-16 14:41:42.526] [warning] Thelen2003Muscle initialization: 'semimem_r' is at its minimum fiber length of 0.0208098.
[2021-11-16 14:41:42.527] [warning] Thelen2003Muscle initialization: 'semimem_r' is at its minimum fiber length of 0.0208098.
[2021-11-16 14:41:42.529] [warning] Thelen2003Muscle initialization: 'semimem_r' is at its minimum fiber length of 0.0208098.
[2021-11-16 14:41:42.530] [warning] Thelen2003Muscle initialization: 'semimem_r' is at its minimum fiber length of 0.0208098.
[2021-11-16 14:41:42.532] [warning] Thelen2003Muscle initialization: 'semimem_r' is at its minimum fiber length of 0.0208098.
[2021-11-16 14:41:42.533] [warning] Thelen2003Muscle initialization: 'semimem_r' is at its minimum fiber length of 0.0208098.
[2021-11-16 14:41:42.535] [warning] Thelen2003Muscle initialization: 'semimem_r' is at its minimum fiber length of 0.0208098.
[2021-11-16 14:41:42.536] [warning] Thelen2003Muscle initialization: 'semimem_r' is at its minimum fiber length of 0.0208098.
[2021-11-16 14:41:42.538] [warning] Thelen2003Muscle initialization: 'semimem_r' is at its minimum fiber length of 0.0208098.
[2021-11-16 14:41:42.539] [warning] Thelen2003Muscle initialization: 'semimem_r' is at its minimum fiber length of 0.0208098.
[2021-11-16 14:41:42.541] [warning] Thelen2003Muscle initialization: 'semimem_r' is at its minimum fiber length of 0.0208098.
[2021-11-16 14:41:42.542] [warning] Thelen2003Muscle initialization: 'semimem_r' is at its minimum fiber length of 0.0208098.
[2021-11-16 14:46:35.001] [info] Loaded model 3DGaitModel2392 from file D:\Github\Bipedal_Robot\Solid_Models\OpenSim\Gait2392_Robotbody\gait2392_robotbody.osim
[2021-11-16 14:46:35.002] [warning] Couldn't find file 'treadmill.vtp'.
[2021-11-16 14:46:35.002] [warning] Couldn't find file 'sacrum.vtp'.
[2021-11-16 14:46:35.002] [warning] Couldn't find file 'pelvis.vtp'.
[2021-11-16 14:46:35.003] [warning] Couldn't find file 'l_pelvis.vtp'.
[2021-11-16 14:46:35.003] [warning] Couldn't find file 'femur_r.vtp'.
[2021-11-16 14:46:35.003] [warning] Couldn't find file 'tibia_r.vtp'.
[2021-11-16 14:46:35.003] [warning] Couldn't find file 'fibula.vtp'.
[2021-11-16 14:46:35.003] [warning] Couldn't find file 'talus.vtp'.
[2021-11-16 14:46:35.004] [warning] Couldn't find file 'foot.vtp'.
[2021-11-16 14:46:35.004] [warning] Couldn't find file 'bofoot.vtp'.
[2021-11-16 14:46:35.004] [warning] Couldn't find file 'femur_l.vtp'.
[2021-11-16 14:46:35.004] [warning] Couldn't find file 'tibia_l.vtp'.
[2021-11-16 14:46:35.004] [warning] Couldn't find file 'l_fibula.vtp'.
[2021-11-16 14:46:35.005] [warning] Couldn't find file 'l_talus.vtp'.
[2021-11-16 14:46:35.005] [warning] Couldn't find file 'l_foot.vtp'.
[2021-11-16 14:46:35.005] [warning] Couldn't find file 'l_bofoot.vtp'.
[2021-11-16 14:46:35.005] [warning] Couldn't find file 'hat_spine.vtp'.
[2021-11-16 14:46:35.005] [warning] Couldn't find file 'hat_jaw.vtp'.
[2021-11-16 14:46:35.006] [warning] Couldn't find file 'hat_skull.vtp'.
[2021-11-16 14:46:35.006] [warning] Couldn't find file 'hat_ribs.vtp'.
[2021-11-16 14:49:26.195] [info] Updating Model file from 20303 to latest format...
[2021-11-16 14:49:26.247] [info] Loaded model 3DGaitModel2392 from file D:\Github\Bipedal_Robot\Solid_Models\OpenSim\Gait2392_Robotbody\gait2392_simbody.osim
[2021-11-16 14:49:26.359] [info] ControllerSet 'Controllers' was renamed and is being reset to 'controllerset'.
[2021-11-16 14:49:26.361] [info] ComponentSet 'MiscComponents' was renamed and is being reset to 'componentset'.
[2021-11-16 14:57:26.911] [info] No external loads will be applied (external loads file not specified).
[2021-11-16 14:57:26.911] [info] Executing the analyses from 0.0 to 99.0...
[2021-11-16 14:57:26.912] [warning] Thelen2003Muscle initialization: 'semimem_r' is at its minimum fiber length of 0.0208098.
[2021-11-16 14:57:26.919] [warning] Thelen2003Muscle initialization: 'semimem_r' is at its minimum fiber length of 0.0208098.
[2021-11-16 14:57:26.920] [warning] Thelen2003Muscle initialization: 'semimem_r' is at its minimum fiber length of 0.0208098.
[2021-11-16 14:57:26.922] [warning] Thelen2003Muscle initialization: 'semimem_r' is at its minimum fiber length of 0.0208098.
[2021-11-16 14:57:26.923] [warning] Thelen2003Muscle initialization: 'semimem_r' is at its minimum fiber length of 0.0208098.
[2021-11-16 14:57:26.925] [warning] Thelen2003Muscle initialization: 'semimem_r' is at its minimum fiber length of 0.0208098.
[2021-11-16 14:57:26.927] [warning] Thelen2003Muscle initialization: 'semimem_r' is at its minimum fiber length of 0.0208098.
[2021-11-16 14:57:26.929] [warning] Thelen2003Muscle initialization: 'semimem_r' is at its minimum fiber length of 0.0208098.
[2021-11-16 14:57:26.931] [warning] Thelen2003Muscle initialization: 'semimem_r' is at its minimum fiber length of 0.0208098.
[2021-11-16 14:57:26.932] [warning] Thelen2003Muscle initialization: 'semimem_r' is at its minimum fiber length of 0.0208098.
[2021-11-16 14:57:26.934] [warning] Thelen2003Muscle initialization: 'semimem_r' is at its minimum fiber length of 0.0208098.
[2021-11-16 14:57:26.935] [warning] Thelen2003Muscle initialization: 'semimem_r' is at its minimum fiber length of 0.0208098.
[2021-11-16 14:57:26.937] [warning] Thelen2003Muscle initialization: 'semimem_r' is at its minimum fiber length of 0.0208098.
[2021-11-16 14:57:26.938] [warning] Thelen2003Muscle initialization: 'semimem_r' is at its minimum fiber length of 0.0208098.
[2021-11-16 14:57:26.940] [warning] Thelen2003Muscle initialization: 'semimem_r' is at its minimum fiber length of 0.0208098.
[2021-11-16 14:57:26.941] [warning] Thelen2003Muscle initialization: 'semimem_r' is at its minimum fiber length of 0.0208098.
[2021-11-16 14:57:26.943] [warning] Thelen2003Muscle initialization: 'semimem_r' is at its minimum fiber length of 0.0208098.
[2021-11-16 14:57:26.945] [warning] Thelen2003Muscle initialization: 'semimem_r' is at its minimum fiber length of 0.0208098.
[2021-11-16 14:57:26.946] [warning] Thelen2003Muscle initialization: 'semimem_r' is at its minimum fiber length of 0.0208098.
[2021-11-16 14:57:26.948] [warning] Thelen2003Muscle initialization: 'semimem_r' is at its minimum fiber length of 0.0208098.
[2021-11-16 14:57:26.949] [warning] Thelen2003Muscle initialization: 'semimem_r' is at its minimum fiber length of 0.0208098.
[2021-11-16 14:57:26.951] [warning] Thelen2003Muscle initialization: 'semimem_r' is at its minimum fiber length of 0.0208098.
[2021-11-16 14:57:26.952] [warning] Thelen2003Muscle initialization: 'semimem_r' is at its minimum fiber length of 0.0208098.
[2021-11-16 14:57:26.954] [warning] Thelen2003Muscle initialization: 'semimem_r' is at its minimum fiber length of 0.0208098.
[2021-11-16 14:57:26.955] [warning] Thelen2003Muscle initialization: 'semimem_r' is at its minimum fiber length of 0.0208098.
[2021-11-16 14:57:26.957] [warning] Thelen2003Muscle initialization: 'semimem_r' is at its minimum fiber length of 0.0208098.
[2021-11-16 14:57:26.958] [warning] Thelen2003Muscle initialization: 'semimem_r' is at its minimum fiber length of 0.0208098.
[2021-11-16 14:57:26.960] [warning] Thelen2003Muscle initialization: 'semimem_r' is at its minimum fiber length of 0.0208098.
[2021-11-16 14:57:26.961] [warning] Thelen2003Muscle initialization: 'semimem_r' is at its minimum fiber length of 0.0208098.
[2021-11-16 14:57:26.963] [warning] Thelen2003Muscle initialization: 'semimem_r' is at its minimum fiber length of 0.0208098.
[2021-11-16 14:57:26.965] [warning] Thelen2003Muscle initialization: 'semimem_r' is at its minimum fiber length of 0.0208098.
[2021-11-16 14:57:26.966] [warning] Thelen2003Muscle initialization: 'semimem_r' is at its minimum fiber length of 0.0208098.
[2021-11-16 14:57:26.968] [warning] Thelen2003Muscle initialization: 'semimem_r' is at its minimum fiber length of 0.0208098.
[2021-11-16 14:57:26.969] [warning] Thelen2003Muscle initialization: 'semimem_r' is at its minimum fiber length of 0.0208098.
[2021-11-16 15:42:28.780] [info] No external loads will be applied (external loads file not specified).
[2021-11-16 15:42:28.780] [info] Executing the analyses from 0.0 to 99.0...
[2021-11-16 15:42:28.781] [warning] Thelen2003Muscle initialization: 'semimem_r' is at its minimum fiber length of 0.0208098.
[2021-11-16 15:42:28.790] [warning] Thelen2003Muscle initialization: 'semimem_r' is at its minimum fiber length of 0.0208098.
[2021-11-16 15:42:28.792] [warning] Thelen2003Muscle initialization: 'semimem_r' is at its minimum fiber length of 0.0208098.
[2021-11-16 15:42:28.794] [warning] Thelen2003Muscle initialization: 'semimem_r' is at its minimum fiber length of 0.0208098.
[2021-11-16 15:42:28.796] [warning] Thelen2003Muscle initialization: 'semimem_r' is at its minimum fiber length of 0.0208098.
[2021-11-16 15:42:28.798] [warning] Thelen2003Muscle initialization: 'semimem_r' is at its minimum fiber length of 0.0208098.
[2021-11-16 15:42:28.799] [warning] Thelen2003Muscle initialization: 'semimem_r' is at its minimum fiber length of 0.0208098.
[2021-11-16 15:42:28.801] [warning] Thelen2003Muscle initialization: 'semimem_r' is at its minimum fiber length of 0.0208098.
[2021-11-16 15:42:28.803] [warning] Thelen2003Muscle initialization: 'semimem_r' is at its minimum fiber length of 0.0208098.
[2021-11-16 15:42:28.805] [warning] Thelen2003Muscle initialization: 'semimem_r' is at its minimum fiber length of 0.0208098.
[2021-11-16 15:42:28.807] [warning] Thelen2003Muscle initialization: 'semimem_r' is at its minimum fiber length of 0.0208098.
[2021-11-16 15:42:28.809] [warning] Thelen2003Muscle initialization: 'semimem_r' is at its minimum fiber length of 0.0208098.
[2021-11-16 15:42:28.810] [warning] Thelen2003Muscle initialization: 'semimem_r' is at its minimum fiber length of 0.0208098.
[2021-11-16 15:42:28.812] [warning] Thelen2003Muscle initialization: 'semimem_r' is at its minimum fiber length of 0.0208098.
[2021-11-16 15:42:28.814] [warning] Thelen2003Muscle initialization: 'semimem_r' is at its minimum fiber length of 0.0208098.
[2021-11-16 15:42:28.816] [warning] Thelen2003Muscle initialization: 'semimem_r' is at its minimum fiber length of 0.0208098.
[2021-11-16 15:42:28.818] [warning] Thelen2003Muscle initialization: 'semimem_r' is at its minimum fiber length of 0.0208098.
[2021-11-16 15:42:28.820] [warning] Thelen2003Muscle initialization: 'semimem_r' is at its minimum fiber length of 0.0208098.
[2021-11-16 15:42:28.822] [warning] Thelen2003Muscle initialization: 'semimem_r' is at its minimum fiber length of 0.0208098.
[2021-11-16 15:42:28.824] [warning] Thelen2003Muscle initialization: 'semimem_r' is at its minimum fiber length of 0.0208098.
[2021-11-16 15:42:28.826] [warning] Thelen2003Muscle initialization: 'semimem_r' is at its minimum fiber length of 0.0208098.
[2021-11-16 15:42:28.827] [warning] Thelen2003Muscle initialization: 'semimem_r' is at its minimum fiber length of 0.0208098.
[2021-11-16 15:42:28.829] [warning] Thelen2003Muscle initialization: 'semimem_r' is at its minimum fiber length of 0.0208098.
[2021-11-16 15:42:28.831] [warning] Thelen2003Muscle initialization: 'semimem_r' is at its minimum fiber length of 0.0208098.
[2021-11-16 15:42:28.833] [warning] Thelen2003Muscle initialization: 'semimem_r' is at its minimum fiber length of 0.0208098.
[2021-11-16 15:42:28.835] [warning] Thelen2003Muscle initialization: 'semimem_r' is at its minimum fiber length of 0.0208098.
[2021-11-16 15:42:28.837] [warning] Thelen2003Muscle initialization: 'semimem_r' is at its minimum fiber length of 0.0208098.
[2021-11-16 15:42:28.839] [warning] Thelen2003Muscle initialization: 'semimem_r' is at its minimum fiber length of 0.0208098.
[2021-11-16 15:42:28.841] [warning] Thelen2003Muscle initialization: 'semimem_r' is at its minimum fiber length of 0.0208098.
[2021-11-16 15:42:28.843] [warning] Thelen2003Muscle initialization: 'semimem_r' is at its minimum fiber length of 0.0208098.
[2021-11-16 15:42:28.844] [warning] Thelen2003Muscle initialization: 'semimem_r' is at its minimum fiber length of 0.0208098.
[2021-11-16 15:42:28.846] [warning] Thelen2003Muscle initialization: 'semimem_r' is at its minimum fiber length of 0.0208098.
[2021-11-16 15:42:28.848] [warning] Thelen2003Muscle initialization: 'semimem_r' is at its minimum fiber length of 0.0208098.
[2021-11-16 15:42:28.850] [warning] Thelen2003Muscle initialization: 'semimem_r' is at its minimum fiber length of 0.0208098.
[2021-12-02 17:13:00.512] [info] Updating Model file from 20303 to latest format...
[2021-12-02 17:13:00.603] [info] Loaded model 3DGaitModel2392 from file D:\Github\Bipedal_Robot\Solid_Models\OpenSim\Gait2392_Robotbody\gait2392_simbody.osim
[2021-12-02 17:13:00.715] [info] ControllerSet 'Controllers' was renamed and is being reset to 'controllerset'.
[2021-12-02 17:13:00.718] [info] ComponentSet 'MiscComponents' was renamed and is being reset to 'componentset'.
[2021-12-02 17:13:47.058] [info] No external loads will be applied (external loads file not specified).
[2021-12-02 17:13:47.058] [info] Executing the analyses from 0.0 to 99.0...
[2021-12-02 17:13:47.060] [warning] Thelen2003Muscle initialization: 'semimem_r' is at its minimum fiber length of 0.0208098.
[2021-12-02 17:13:47.066] [warning] Thelen2003Muscle initialization: 'semimem_r' is at its minimum fiber length of 0.0208098.
[2021-12-02 17:13:47.068] [warning] Thelen2003Muscle initialization: 'semimem_r' is at its minimum fiber length of 0.0208098.
[2021-12-02 17:13:47.070] [warning] Thelen2003Muscle initialization: 'semimem_r' is at its minimum fiber length of 0.0208098.
[2021-12-02 17:13:47.071] [warning] Thelen2003Muscle initialization: 'semimem_r' is at its minimum fiber length of 0.0208098.
[2021-12-02 17:13:47.073] [warning] Thelen2003Muscle initialization: 'semimem_r' is at its minimum fiber length of 0.0208098.
[2021-12-02 17:13:47.074] [warning] Thelen2003Muscle initialization: 'semimem_r' is at its minimum fiber length of 0.0208098.
[2021-12-02 17:13:47.076] [warning] Thelen2003Muscle initialization: 'semimem_r' is at its minimum fiber length of 0.0208098.
[2021-12-02 17:13:47.078] [warning] Thelen2003Muscle initialization: 'semimem_r' is at its minimum fiber length of 0.0208098.
[2021-12-02 17:13:47.080] [warning] Thelen2003Muscle initialization: 'semimem_r' is at its minimum fiber length of 0.0208098.
[2021-12-02 17:13:47.082] [warning] Thelen2003Muscle initialization: 'semimem_r' is at its minimum fiber length of 0.0208098.
[2021-12-02 17:13:47.084] [warning] Thelen2003Muscle initialization: 'semimem_r' is at its minimum fiber length of 0.0208098.
[2021-12-02 17:13:47.086] [warning] Thelen2003Muscle initialization: 'semimem_r' is at its minimum fiber length of 0.0208098.
[2021-12-02 17:13:47.088] [warning] Thelen2003Muscle initialization: 'semimem_r' is at its minimum fiber length of 0.0208098.
[2021-12-02 17:13:47.089] [warning] Thelen2003Muscle initialization: 'semimem_r' is at its minimum fiber length of 0.0208098.
[2021-12-02 17:13:47.091] [warning] Thelen2003Muscle initialization: 'semimem_r' is at its minimum fiber length of 0.0208098.
[2021-12-02 17:13:47.094] [warning] Thelen2003Muscle initialization: 'semimem_r' is at its minimum fiber length of 0.0208098.
[2021-12-02 17:13:47.095] [warning] Thelen2003Muscle initialization: 'semimem_r' is at its minimum fiber length of 0.0208098.
[2021-12-02 17:13:47.097] [warning] Thelen2003Muscle initialization: 'semimem_r' is at its minimum fiber length of 0.0208098.
[2021-12-02 17:13:47.099] [warning] Thelen2003Muscle initialization: 'semimem_r' is at its minimum fiber length of 0.0208098.
[2021-12-02 17:13:47.100] [warning] Thelen2003Muscle initialization: 'semimem_r' is at its minimum fiber length of 0.0208098.
[2021-12-02 17:13:47.102] [warning] Thelen2003Muscle initialization: 'semimem_r' is at its minimum fiber length of 0.0208098.
[2021-12-02 17:13:47.103] [warning] Thelen2003Muscle initialization: 'semimem_r' is at its minimum fiber length of 0.0208098.
[2021-12-02 17:13:47.105] [warning] Thelen2003Muscle initialization: 'semimem_r' is at its minimum fiber length of 0.0208098.
[2021-12-02 17:13:47.106] [warning] Thelen2003Muscle initialization: 'semimem_r' is at its minimum fiber length of 0.0208098.
[2021-12-02 17:13:47.108] [warning] Thelen2003Muscle initialization: 'semimem_r' is at its minimum fiber length of 0.0208098.
[2021-12-02 17:13:47.110] [warning] Thelen2003Muscle initialization: 'semimem_r' is at its minimum fiber length of 0.0208098.
[2021-12-02 17:13:47.111] [warning] Thelen2003Muscle initialization: 'semimem_r' is at its minimum fiber length of 0.0208098.
[2021-12-02 17:13:47.113] [warning] Thelen2003Muscle initialization: 'semimem_r' is at its minimum fiber length of 0.0208098.
[2021-12-02 17:13:47.114] [warning] Thelen2003Muscle initialization: 'semimem_r' is at its minimum fiber length of 0.0208098.
[2021-12-02 17:13:47.116] [warning] Thelen2003Muscle initialization: 'semimem_r' is at its minimum fiber length of 0.0208098.
[2021-12-02 17:13:47.117] [warning] Thelen2003Muscle initialization: 'semimem_r' is at its minimum fiber length of 0.0208098.
[2021-12-02 17:13:47.119] [warning] Thelen2003Muscle initialization: 'semimem_r' is at its minimum fiber length of 0.0208098.
[2021-12-02 17:13:47.120] [warning] Thelen2003Muscle initialization: 'semimem_r' is at its minimum fiber length of 0.0208098.
[2021-12-02 17:20:02.838] [info] No external loads will be applied (external loads file not specified).
[2021-12-02 17:20:02.838] [info] Executing the analyses from 0.0 to 99.0...
[2021-12-02 17:20:02.839] [warning] Thelen2003Muscle initialization: 'semimem_r' is at its minimum fiber length of 0.0208098.
[2021-12-02 17:20:02.848] [warning] Thelen2003Muscle initialization: 'semimem_r' is at its minimum fiber length of 0.0208098.
[2021-12-02 17:20:02.850] [warning] Thelen2003Muscle initialization: 'semimem_r' is at its minimum fiber length of 0.0208098.
[2021-12-02 17:20:02.852] [warning] Thelen2003Muscle initialization: 'semimem_r' is at its minimum fiber length of 0.0208098.
[2021-12-02 17:20:02.854] [warning] Thelen2003Muscle initialization: 'semimem_r' is at its minimum fiber length of 0.0208098.
[2021-12-02 17:20:02.855] [warning] Thelen2003Muscle initialization: 'semimem_r' is at its minimum fiber length of 0.0208098.
[2021-12-02 17:20:02.857] [warning] Thelen2003Muscle initialization: 'semimem_r' is at its minimum fiber length of 0.0208098.
[2021-12-02 17:20:02.858] [warning] Thelen2003Muscle initialization: 'semimem_r' is at its minimum fiber length of 0.0208098.
[2021-12-02 17:20:02.860] [warning] Thelen2003Muscle initialization: 'semimem_r' is at its minimum fiber length of 0.0208098.
[2021-12-02 17:20:02.862] [warning] Thelen2003Muscle initialization: 'semimem_r' is at its minimum fiber length of 0.0208098.
[2021-12-02 17:20:02.863] [warning] Thelen2003Muscle initialization: 'semimem_r' is at its minimum fiber length of 0.0208098.
[2021-12-02 17:20:02.865] [warning] Thelen2003Muscle initialization: 'semimem_r' is at its minimum fiber length of 0.0208098.
[2021-12-02 17:20:02.867] [warning] Thelen2003Muscle initialization: 'semimem_r' is at its minimum fiber length of 0.0208098.
[2021-12-02 17:20:02.868] [warning] Thelen2003Muscle initialization: 'semimem_r' is at its minimum fiber length of 0.0208098.
[2021-12-02 17:20:02.870] [warning] Thelen2003Muscle initialization: 'semimem_r' is at its minimum fiber length of 0.0208098.
[2021-12-02 17:20:02.871] [warning] Thelen2003Muscle initialization: 'semimem_r' is at its minimum fiber length of 0.0208098.
[2021-12-02 17:20:02.873] [warning] Thelen2003Muscle initialization: 'semimem_r' is at its minimum fiber length of 0.0208098.
[2021-12-02 17:20:02.875] [warning] Thelen2003Muscle initialization: 'semimem_r' is at its minimum fiber length of 0.0208098.
[2021-12-02 17:20:02.876] [warning] Thelen2003Muscle initialization: 'semimem_r' is at its minimum fiber length of 0.0208098.
[2021-12-02 17:20:02.878] [warning] Thelen2003Muscle initialization: 'semimem_r' is at its minimum fiber length of 0.0208098.
[2021-12-02 17:20:02.879] [warning] Thelen2003Muscle initialization: 'semimem_r' is at its minimum fiber length of 0.0208098.
[2021-12-02 17:20:02.881] [warning] Thelen2003Muscle initialization: 'semimem_r' is at its minimum fiber length of 0.0208098.
[2021-12-02 17:20:02.883] [warning] Thelen2003Muscle initialization: 'semimem_r' is at its minimum fiber length of 0.0208098.
[2021-12-02 17:20:02.885] [warning] Thelen2003Muscle initialization: 'semimem_r' is at its minimum fiber length of 0.0208098.
[2021-12-02 17:20:02.886] [warning] Thelen2003Muscle initialization: 'semimem_r' is at its minimum fiber length of 0.0208098.
[2021-12-02 17:20:02.888] [warning] Thelen2003Muscle initialization: 'semimem_r' is at its minimum fiber length of 0.0208098.
[2021-12-02 17:20:02.889] [warning] Thelen2003Muscle initialization: 'semimem_r' is at its minimum fiber length of 0.0208098.
[2021-12-02 17:20:02.891] [warning] Thelen2003Muscle initialization: 'semimem_r' is at its minimum fiber length of 0.0208098.
[2021-12-02 17:20:02.892] [warning] Thelen2003Muscle initialization: 'semimem_r' is at its minimum fiber length of 0.0208098.
[2021-12-02 17:20:02.894] [warning] Thelen2003Muscle initialization: 'semimem_r' is at its minimum fiber length of 0.0208098.
[2021-12-02 17:20:02.896] [warning] Thelen2003Muscle initialization: 'semimem_r' is at its minimum fiber length of 0.0208098.
[2021-12-02 17:20:02.897] [warning] Thelen2003Muscle initialization: 'semimem_r' is at its minimum fiber length of 0.0208098.
[2021-12-02 17:20:02.899] [warning] Thelen2003Muscle initialization: 'semimem_r' is at its minimum fiber length of 0.0208098.
[2021-12-02 17:20:02.901] [warning] Thelen2003Muscle initialization: 'semimem_r' is at its minimum fiber length of 0.0208098.
[2021-12-03 12:55:57.820] [info] No external loads will be applied (external loads file not specified).
[2021-12-03 12:55:57.820] [info] Executing the analyses from 0.0 to 99.0...
[2021-12-03 12:55:57.821] [warning] Thelen2003Muscle initialization: 'semimem_r' is at its minimum fiber length of 0.0208098.
[2021-12-03 12:55:57.826] [warning] Thelen2003Muscle initialization: 'semimem_r' is at its minimum fiber length of 0.0208098.
[2021-12-03 12:55:57.828] [warning] Thelen2003Muscle initialization: 'semimem_r' is at its minimum fiber length of 0.0208098.
[2021-12-03 12:55:57.829] [warning] Thelen2003Muscle initialization: 'semimem_r' is at its minimum fiber length of 0.0208098.
[2021-12-03 12:55:57.831] [warning] Thelen2003Muscle initialization: 'semimem_r' is at its minimum fiber length of 0.0208098.
[2021-12-03 12:55:57.833] [warning] Thelen2003Muscle initialization: 'semimem_r' is at its minimum fiber length of 0.0208098.
[2021-12-03 12:55:57.834] [warning] Thelen2003Muscle initialization: 'semimem_r' is at its minimum fiber length of 0.0208098.
[2021-12-03 12:55:57.836] [warning] Thelen2003Muscle initialization: 'semimem_r' is at its minimum fiber length of 0.0208098.
[2021-12-03 12:55:57.837] [warning] Thelen2003Muscle initialization: 'semimem_r' is at its minimum fiber length of 0.0208098.
[2021-12-03 12:55:57.839] [warning] Thelen2003Muscle initialization: 'semimem_r' is at its minimum fiber length of 0.0208098.
[2021-12-03 12:55:57.840] [warning] Thelen2003Muscle initialization: 'semimem_r' is at its minimum fiber length of 0.0208098.
[2021-12-03 12:55:57.842] [warning] Thelen2003Muscle initialization: 'semimem_r' is at its minimum fiber length of 0.0208098.
[2021-12-03 12:55:57.843] [warning] Thelen2003Muscle initialization: 'semimem_r' is at its minimum fiber length of 0.0208098.
[2021-12-03 12:55:57.846] [warning] Thelen2003Muscle initialization: 'semimem_r' is at its minimum fiber length of 0.0208098.
[2021-12-03 12:55:57.848] [warning] Thelen2003Muscle initialization: 'semimem_r' is at its minimum fiber length of 0.0208098.
[2021-12-03 12:55:57.849] [warning] Thelen2003Muscle initialization: 'semimem_r' is at its minimum fiber length of 0.0208098.
[2021-12-03 12:55:57.851] [warning] Thelen2003Muscle initialization: 'semimem_r' is at its minimum fiber length of 0.0208098.
[2021-12-03 12:55:57.853] [warning] Thelen2003Muscle initialization: 'semimem_r' is at its minimum fiber length of 0.0208098.
[2021-12-03 12:55:57.854] [warning] Thelen2003Muscle initialization: 'semimem_r' is at its minimum fiber length of 0.0208098.
[2021-12-03 12:55:57.856] [warning] Thelen2003Muscle initialization: 'semimem_r' is at its minimum fiber length of 0.0208098.
[2021-12-03 12:55:57.858] [warning] Thelen2003Muscle initialization: 'semimem_r' is at its minimum fiber length of 0.0208098.
[2021-12-03 12:55:57.859] [warning] Thelen2003Muscle initialization: 'semimem_r' is at its minimum fiber length of 0.0208098.
[2021-12-03 12:55:57.861] [warning] Thelen2003Muscle initialization: 'semimem_r' is at its minimum fiber length of 0.0208098.
[2021-12-03 12:55:57.863] [warning] Thelen2003Muscle initialization: 'semimem_r' is at its minimum fiber length of 0.0208098.
[2021-12-03 12:55:57.865] [warning] Thelen2003Muscle initialization: 'semimem_r' is at its minimum fiber length of 0.0208098.
[2021-12-03 12:55:57.867] [warning] Thelen2003Muscle initialization: 'semimem_r' is at its minimum fiber length of 0.0208098.
[2021-12-03 12:55:57.868] [warning] Thelen2003Muscle initialization: 'semimem_r' is at its minimum fiber length of 0.0208098.
[2021-12-03 12:55:57.870] [warning] Thelen2003Muscle initialization: 'semimem_r' is at its minimum fiber length of 0.0208098.
[2021-12-03 12:55:57.871] [warning] Thelen2003Muscle initialization: 'semimem_r' is at its minimum fiber length of 0.0208098.
[2021-12-03 12:55:57.872] [warning] Thelen2003Muscle initialization: 'semimem_r' is at its minimum fiber length of 0.0208098.
[2021-12-03 12:55:57.874] [warning] Thelen2003Muscle initialization: 'semimem_r' is at its minimum fiber length of 0.0208098.
[2021-12-03 12:55:57.876] [warning] Thelen2003Muscle initialization: 'semimem_r' is at its minimum fiber length of 0.0208098.
[2021-12-03 12:55:57.878] [warning] Thelen2003Muscle initialization: 'semimem_r' is at its minimum fiber length of 0.0208098.
[2021-12-03 12:55:57.879] [warning] Thelen2003Muscle initialization: 'semimem_r' is at its minimum fiber length of 0.0208098.
[2021-12-06 12:20:55.272] [info] No external loads will be applied (external loads file not specified).
[2021-12-06 12:20:55.272] [info] Executing the analyses from 0.0 to 99.0...
[2021-12-06 12:20:55.273] [warning] Thelen2003Muscle initialization: 'semimem_r' is at its minimum fiber length of 0.0208098.
[2021-12-06 12:20:55.280] [warning] Thelen2003Muscle initialization: 'semimem_r' is at its minimum fiber length of 0.0208098.
[2021-12-06 12:20:55.282] [warning] Thelen2003Muscle initialization: 'semimem_r' is at its minimum fiber length of 0.0208098.
[2021-12-06 12:20:55.283] [warning] Thelen2003Muscle initialization: 'semimem_r' is at its minimum fiber length of 0.0208098.
[2021-12-06 12:20:55.286] [warning] Thelen2003Muscle initialization: 'semimem_r' is at its minimum fiber length of 0.0208098.
[2021-12-06 12:20:55.288] [warning] Thelen2003Muscle initialization: 'semimem_r' is at its minimum fiber length of 0.0208098.
[2021-12-06 12:20:55.289] [warning] Thelen2003Muscle initialization: 'semimem_r' is at its minimum fiber length of 0.0208098.
[2021-12-06 12:20:55.291] [warning] Thelen2003Muscle initialization: 'semimem_r' is at its minimum fiber length of 0.0208098.
[2021-12-06 12:20:55.293] [warning] Thelen2003Muscle initialization: 'semimem_r' is at its minimum fiber length of 0.0208098.
[2021-12-06 12:20:55.294] [warning] Thelen2003Muscle initialization: 'semimem_r' is at its minimum fiber length of 0.0208098.
[2021-12-06 12:20:55.296] [warning] Thelen2003Muscle initialization: 'semimem_r' is at its minimum fiber length of 0.0208098.
[2021-12-06 12:20:55.298] [warning] Thelen2003Muscle initialization: 'semimem_r' is at its minimum fiber length of 0.0208098.
[2021-12-06 12:20:55.299] [warning] Thelen2003Muscle initialization: 'semimem_r' is at its minimum fiber length of 0.0208098.
[2021-12-06 12:20:55.301] [warning] Thelen2003Muscle initialization: 'semimem_r' is at its minimum fiber length of 0.0208098.
[2021-12-06 12:20:55.302] [warning] Thelen2003Muscle initialization: 'semimem_r' is at its minimum fiber length of 0.0208098.
[2021-12-06 12:20:55.304] [warning] Thelen2003Muscle initialization: 'semimem_r' is at its minimum fiber length of 0.0208098.
[2021-12-06 12:20:55.306] [warning] Thelen2003Muscle initialization: 'semimem_r' is at its minimum fiber length of 0.0208098.
[2021-12-06 12:20:55.307] [warning] Thelen2003Muscle initialization: 'semimem_r' is at its minimum fiber length of 0.0208098.
[2021-12-06 12:20:55.309] [warning] Thelen2003Muscle initialization: 'semimem_r' is at its minimum fiber length of 0.0208098.
[2021-12-06 12:20:55.310] [warning] Thelen2003Muscle initialization: 'semimem_r' is at its minimum fiber length of 0.0208098.
[2021-12-06 12:20:55.312] [warning] Thelen2003Muscle initialization: 'semimem_r' is at its minimum fiber length of 0.0208098.
[2021-12-06 12:20:55.314] [warning] Thelen2003Muscle initialization: 'semimem_r' is at its minimum fiber length of 0.0208098.
[2021-12-06 12:20:55.315] [warning] Thelen2003Muscle initialization: 'semimem_r' is at its minimum fiber length of 0.0208098.
[2021-12-06 12:20:55.317] [warning] Thelen2003Muscle initialization: 'semimem_r' is at its minimum fiber length of 0.0208098.
[2021-12-06 12:20:55.318] [warning] Thelen2003Muscle initialization: 'semimem_r' is at its minimum fiber length of 0.0208098.
[2021-12-06 12:20:55.320] [warning] Thelen2003Muscle initialization: 'semimem_r' is at its minimum fiber length of 0.0208098.
[2021-12-06 12:20:55.321] [warning] Thelen2003Muscle initialization: 'semimem_r' is at its minimum fiber length of 0.0208098.
[2021-12-06 12:20:55.323] [warning] Thelen2003Muscle initialization: 'semimem_r' is at its minimum fiber length of 0.0208098.
[2021-12-06 12:20:55.325] [warning] Thelen2003Muscle initialization: 'semimem_r' is at its minimum fiber length of 0.0208098.
[2021-12-06 12:20:55.326] [warning] Thelen2003Muscle initialization: 'semimem_r' is at its minimum fiber length of 0.0208098.
[2021-12-06 12:20:55.328] [warning] Thelen2003Muscle initialization: 'semimem_r' is at its minimum fiber length of 0.0208098.
[2021-12-06 12:20:55.330] [warning] Thelen2003Muscle initialization: 'semimem_r' is at its minimum fiber length of 0.0208098.
[2021-12-06 12:20:55.331] [warning] Thelen2003Muscle initialization: 'semimem_r' is at its minimum fiber length of 0.0208098.
[2021-12-06 12:20:55.333] [warning] Thelen2003Muscle initialization: 'semimem_r' is at its minimum fiber length of 0.0208098.
[2021-12-06 12:33:29.234] [info] No external loads will be applied (external loads file not specified).
[2021-12-06 12:33:29.235] [info] Executing the analyses from 0.0 to 99.0...
[2021-12-06 12:33:29.236] [warning] Thelen2003Muscle initialization: 'semimem_r' is at its minimum fiber length of 0.0208098.
[2021-12-06 12:33:29.240] [warning] Thelen2003Muscle initialization: 'semimem_r' is at its minimum fiber length of 0.0208098.
[2021-12-06 12:33:29.242] [warning] Thelen2003Muscle initialization: 'semimem_r' is at its minimum fiber length of 0.0208098.
[2021-12-06 12:33:29.243] [warning] Thelen2003Muscle initialization: 'semimem_r' is at its minimum fiber length of 0.0208098.
[2021-12-06 12:33:29.245] [warning] Thelen2003Muscle initialization: 'semimem_r' is at its minimum fiber length of 0.0208098.
[2021-12-06 12:33:29.247] [warning] Thelen2003Muscle initialization: 'semimem_r' is at its minimum fiber length of 0.0208098.
[2021-12-06 12:33:29.248] [warning] Thelen2003Muscle initialization: 'semimem_r' is at its minimum fiber length of 0.0208098.
[2021-12-06 12:33:29.250] [warning] Thelen2003Muscle initialization: 'semimem_r' is at its minimum fiber length of 0.0208098.
[2021-12-06 12:33:29.252] [warning] Thelen2003Muscle initialization: 'semimem_r' is at its minimum fiber length of 0.0208098.
[2021-12-06 12:33:29.253] [warning] Thelen2003Muscle initialization: 'semimem_r' is at its minimum fiber length of 0.0208098.
[2021-12-06 12:33:29.255] [warning] Thelen2003Muscle initialization: 'semimem_r' is at its minimum fiber length of 0.0208098.
[2021-12-06 12:33:29.256] [warning] Thelen2003Muscle initialization: 'semimem_r' is at its minimum fiber length of 0.0208098.
[2021-12-06 12:33:29.258] [warning] Thelen2003Muscle initialization: 'semimem_r' is at its minimum fiber length of 0.0208098.
[2021-12-06 12:33:29.260] [warning] Thelen2003Muscle initialization: 'semimem_r' is at its minimum fiber length of 0.0208098.
[2021-12-06 12:33:29.261] [warning] Thelen2003Muscle initialization: 'semimem_r' is at its minimum fiber length of 0.0208098.
[2021-12-06 12:33:29.263] [warning] Thelen2003Muscle initialization: 'semimem_r' is at its minimum fiber length of 0.0208098.
[2021-12-06 12:33:29.264] [warning] Thelen2003Muscle initialization: 'semimem_r' is at its minimum fiber length of 0.0208098.
[2021-12-06 12:33:29.266] [warning] Thelen2003Muscle initialization: 'semimem_r' is at its minimum fiber length of 0.0208098.
[2021-12-06 12:33:29.268] [warning] Thelen2003Muscle initialization: 'semimem_r' is at its minimum fiber length of 0.0208098.
[2021-12-06 12:33:29.269] [warning] Thelen2003Muscle initialization: 'semimem_r' is at its minimum fiber length of 0.0208098.
[2021-12-06 12:33:29.271] [warning] Thelen2003Muscle initialization: 'semimem_r' is at its minimum fiber length of 0.0208098.
[2021-12-06 12:33:29.272] [warning] Thelen2003Muscle initialization: 'semimem_r' is at its minimum fiber length of 0.0208098.
[2021-12-06 12:33:29.274] [warning] Thelen2003Muscle initialization: 'semimem_r' is at its minimum fiber length of 0.0208098.
[2021-12-06 12:33:29.275] [warning] Thelen2003Muscle initialization: 'semimem_r' is at its minimum fiber length of 0.0208098.
[2021-12-06 12:33:29.277] [warning] Thelen2003Muscle initialization: 'semimem_r' is at its minimum fiber length of 0.0208098.
[2021-12-06 12:33:29.279] [warning] Thelen2003Muscle initialization: 'semimem_r' is at its minimum fiber length of 0.0208098.
[2021-12-06 12:33:29.280] [warning] Thelen2003Muscle initialization: 'semimem_r' is at its minimum fiber length of 0.0208098.
[2021-12-06 12:33:29.282] [warning] Thelen2003Muscle initialization: 'semimem_r' is at its minimum fiber length of 0.0208098.
[2021-12-06 12:33:29.284] [warning] Thelen2003Muscle initialization: 'semimem_r' is at its minimum fiber length of 0.0208098.
[2021-12-06 12:33:29.285] [warning] Thelen2003Muscle initialization: 'semimem_r' is at its minimum fiber length of 0.0208098.
[2021-12-06 12:33:29.287] [warning] Thelen2003Muscle initialization: 'semimem_r' is at its minimum fiber length of 0.0208098.
[2021-12-06 12:33:29.288] [warning] Thelen2003Muscle initialization: 'semimem_r' is at its minimum fiber length of 0.0208098.
[2021-12-06 12:33:29.290] [warning] Thelen2003Muscle initialization: 'semimem_r' is at its minimum fiber length of 0.0208098.
[2021-12-06 12:33:29.291] [warning] Thelen2003Muscle initialization: 'semimem_r' is at its minimum fiber length of 0.0208098.
[2021-12-06 13:09:26.654] [info] Updating Model file from 20303 to latest format...
[2021-12-06 13:09:26.748] [info] Loaded model 3DGaitModel2392 from file D:\Github\Bipedal_Robot\Solid_Models\OpenSim\Gait2392_Robotbody\gait2392_simbody.osim
[2021-12-06 13:09:26.857] [info] ControllerSet 'Controllers' was renamed and is being reset to 'controllerset'.
[2021-12-06 13:09:26.859] [info] ComponentSet 'MiscComponents' was renamed and is being reset to 'componentset'.
[2021-12-06 14:12:38.105] [info] No external loads will be applied (external loads file not specified).
[2021-12-06 14:12:38.105] [info] Executing the analyses from 0.0 to 99.0...
[2021-12-06 14:12:38.107] [warning] Thelen2003Muscle initialization: 'semimem_r' is at its minimum fiber length of 0.0208098.
[2021-12-06 14:12:38.114] [warning] Thelen2003Muscle initialization: 'semimem_r' is at its minimum fiber length of 0.0208098.
[2021-12-06 14:12:38.116] [warning] Thelen2003Muscle initialization: 'semimem_r' is at its minimum fiber length of 0.0208098.
[2021-12-06 14:12:38.118] [warning] Thelen2003Muscle initialization: 'semimem_r' is at its minimum fiber length of 0.0208098.
[2021-12-06 14:12:38.120] [warning] Thelen2003Muscle initialization: 'semimem_r' is at its minimum fiber length of 0.0208098.
[2021-12-06 14:12:38.121] [warning] Thelen2003Muscle initialization: 'semimem_r' is at its minimum fiber length of 0.0208098.
[2021-12-06 14:12:38.123] [warning] Thelen2003Muscle initialization: 'semimem_r' is at its minimum fiber length of 0.0208098.
[2021-12-06 14:12:38.125] [warning] Thelen2003Muscle initialization: 'semimem_r' is at its minimum fiber length of 0.0208098.
[2021-12-06 14:12:38.127] [warning] Thelen2003Muscle initialization: 'semimem_r' is at its minimum fiber length of 0.0208098.
[2021-12-06 14:12:38.129] [warning] Thelen2003Muscle initialization: 'semimem_r' is at its minimum fiber length of 0.0208098.
[2021-12-06 14:12:38.130] [warning] Thelen2003Muscle initialization: 'semimem_r' is at its minimum fiber length of 0.0208098.
[2021-12-06 14:12:38.132] [warning] Thelen2003Muscle initialization: 'semimem_r' is at its minimum fiber length of 0.0208098.
[2021-12-06 14:12:38.134] [warning] Thelen2003Muscle initialization: 'semimem_r' is at its minimum fiber length of 0.0208098.
[2021-12-06 14:12:38.135] [warning] Thelen2003Muscle initialization: 'semimem_r' is at its minimum fiber length of 0.0208098.
[2021-12-06 14:12:38.137] [warning] Thelen2003Muscle initialization: 'semimem_r' is at its minimum fiber length of 0.0208098.
[2021-12-06 14:12:38.139] [warning] Thelen2003Muscle initialization: 'semimem_r' is at its minimum fiber length of 0.0208098.
[2021-12-06 14:12:38.141] [warning] Thelen2003Muscle initialization: 'semimem_r' is at its minimum fiber length of 0.0208098.
[2021-12-06 14:12:38.143] [warning] Thelen2003Muscle initialization: 'semimem_r' is at its minimum fiber length of 0.0208098.
[2021-12-06 14:12:38.145] [warning] Thelen2003Muscle initialization: 'semimem_r' is at its minimum fiber length of 0.0208098.
[2021-12-06 14:12:38.147] [warning] Thelen2003Muscle initialization: 'semimem_r' is at its minimum fiber length of 0.0208098.
[2021-12-06 14:12:38.149] [warning] Thelen2003Muscle initialization: 'semimem_r' is at its minimum fiber length of 0.0208098.
[2021-12-06 14:12:38.151] [warning] Thelen2003Muscle initialization: 'semimem_r' is at its minimum fiber length of 0.0208098.
[2021-12-06 14:12:38.153] [warning] Thelen2003Muscle initialization: 'semimem_r' is at its minimum fiber length of 0.0208098.
[2021-12-06 14:12:38.155] [warning] Thelen2003Muscle initialization: 'semimem_r' is at its minimum fiber length of 0.0208098.
[2021-12-06 14:12:38.157] [warning] Thelen2003Muscle initialization: 'semimem_r' is at its minimum fiber length of 0.0208098.
[2021-12-06 14:12:38.158] [warning] Thelen2003Muscle initialization: 'semimem_r' is at its minimum fiber length of 0.0208098.
[2021-12-06 14:12:38.160] [warning] Thelen2003Muscle initialization: 'semimem_r' is at its minimum fiber length of 0.0208098.
[2021-12-06 14:12:38.161] [warning] Thelen2003Muscle initialization: 'semimem_r' is at its minimum fiber length of 0.0208098.
[2021-12-06 14:12:38.163] [warning] Thelen2003Muscle initialization: 'semimem_r' is at its minimum fiber length of 0.0208098.
[2021-12-06 14:12:38.165] [warning] Thelen2003Muscle initialization: 'semimem_r' is at its minimum fiber length of 0.0208098.
[2021-12-06 14:12:38.166] [warning] Thelen2003Muscle initialization: 'semimem_r' is at its minimum fiber length of 0.0208098.
[2021-12-06 14:12:38.168] [warning] Thelen2003Muscle initialization: 'semimem_r' is at its minimum fiber length of 0.0208098.
[2021-12-06 14:12:38.170] [warning] Thelen2003Muscle initialization: 'semimem_r' is at its minimum fiber length of 0.0208098.
[2021-12-06 14:12:38.171] [warning] Thelen2003Muscle initialization: 'semimem_r' is at its minimum fiber length of 0.0208098.
[2021-12-06 14:28:11.812] [info] No external loads will be applied (external loads file not specified).
[2021-12-06 14:28:11.813] [info] Executing the analyses from 0.0 to 99.0...
[2021-12-06 14:28:11.814] [warning] Thelen2003Muscle initialization: 'semimem_r' is at its minimum fiber length of 0.0208098.
[2021-12-06 14:28:11.819] [warning] Thelen2003Muscle initialization: 'semimem_r' is at its minimum fiber length of 0.0208098.
[2021-12-06 14:28:11.821] [warning] Thelen2003Muscle initialization: 'semimem_r' is at its minimum fiber length of 0.0208098.
[2021-12-06 14:28:11.822] [warning] Thelen2003Muscle initialization: 'semimem_r' is at its minimum fiber length of 0.0208098.
[2021-12-06 14:28:11.824] [warning] Thelen2003Muscle initialization: 'semimem_r' is at its minimum fiber length of 0.0208098.
[2021-12-06 14:28:11.826] [warning] Thelen2003Muscle initialization: 'semimem_r' is at its minimum fiber length of 0.0208098.
[2021-12-06 14:28:11.827] [warning] Thelen2003Muscle initialization: 'semimem_r' is at its minimum fiber length of 0.0208098.
[2021-12-06 14:28:11.829] [warning] Thelen2003Muscle initialization: 'semimem_r' is at its minimum fiber length of 0.0208098.
[2021-12-06 14:28:11.831] [warning] Thelen2003Muscle initialization: 'semimem_r' is at its minimum fiber length of 0.0208098.
[2021-12-06 14:28:11.833] [warning] Thelen2003Muscle initialization: 'semimem_r' is at its minimum fiber length of 0.0208098.
[2021-12-06 14:28:11.835] [warning] Thelen2003Muscle initialization: 'semimem_r' is at its minimum fiber length of 0.0208098.
[2021-12-06 14:28:11.836] [warning] Thelen2003Muscle initialization: 'semimem_r' is at its minimum fiber length of 0.0208098.
[2021-12-06 14:28:11.838] [warning] Thelen2003Muscle initialization: 'semimem_r' is at its minimum fiber length of 0.0208098.
[2021-12-06 14:28:11.839] [warning] Thelen2003Muscle initialization: 'semimem_r' is at its minimum fiber length of 0.0208098.
[2021-12-06 14:28:11.841] [warning] Thelen2003Muscle initialization: 'semimem_r' is at its minimum fiber length of 0.0208098.
[2021-12-06 14:28:11.843] [warning] Thelen2003Muscle initialization: 'semimem_r' is at its minimum fiber length of 0.0208098.
[2021-12-06 14:28:11.845] [warning] Thelen2003Muscle initialization: 'semimem_r' is at its minimum fiber length of 0.0208098.
[2021-12-06 14:28:11.847] [warning] Thelen2003Muscle initialization: 'semimem_r' is at its minimum fiber length of 0.0208098.
[2021-12-06 14:28:11.849] [warning] Thelen2003Muscle initialization: 'semimem_r' is at its minimum fiber length of 0.0208098.
[2021-12-06 14:28:11.850] [warning] Thelen2003Muscle initialization: 'semimem_r' is at its minimum fiber length of 0.0208098.
[2021-12-06 14:28:11.852] [warning] Thelen2003Muscle initialization: 'semimem_r' is at its minimum fiber length of 0.0208098.
[2021-12-06 14:28:11.853] [warning] Thelen2003Muscle initialization: 'semimem_r' is at its minimum fiber length of 0.0208098.
[2021-12-06 14:28:11.855] [warning] Thelen2003Muscle initialization: 'semimem_r' is at its minimum fiber length of 0.0208098.
[2021-12-06 14:28:11.857] [warning] Thelen2003Muscle initialization: 'semimem_r' is at its minimum fiber length of 0.0208098.
[2021-12-06 14:28:11.858] [warning] Thelen2003Muscle initialization: 'semimem_r' is at its minimum fiber length of 0.0208098.
[2021-12-06 14:28:11.860] [warning] Thelen2003Muscle initialization: 'semimem_r' is at its minimum fiber length of 0.0208098.
[2021-12-06 14:28:11.862] [warning] Thelen2003Muscle initialization: 'semimem_r' is at its minimum fiber length of 0.0208098.
[2021-12-06 14:28:11.863] [warning] Thelen2003Muscle initialization: 'semimem_r' is at its minimum fiber length of 0.0208098.
[2021-12-06 14:28:11.865] [warning] Thelen2003Muscle initialization: 'semimem_r' is at its minimum fiber length of 0.0208098.
[2021-12-06 14:28:11.866] [warning] Thelen2003Muscle initialization: 'semimem_r' is at its minimum fiber length of 0.0208098.
[2021-12-06 14:28:11.868] [warning] Thelen2003Muscle initialization: 'semimem_r' is at its minimum fiber length of 0.0208098.
[2021-12-06 14:28:11.870] [warning] Thelen2003Muscle initialization: 'semimem_r' is at its minimum fiber length of 0.0208098.
[2021-12-06 14:28:11.871] [warning] Thelen2003Muscle initialization: 'semimem_r' is at its minimum fiber length of 0.0208098.
[2021-12-06 14:28:11.873] [warning] Thelen2003Muscle initialization: 'semimem_r' is at its minimum fiber length of 0.0208098.
[2021-12-06 14:29:09.248] [info] No external loads will be applied (external loads file not specified).
[2021-12-06 14:29:09.248] [info] Executing the analyses from 0.0 to 99.0...
[2021-12-06 14:29:09.249] [warning] Thelen2003Muscle initialization: 'semimem_r' is at its minimum fiber length of 0.0208098.
[2021-12-06 14:29:09.254] [warning] Thelen2003Muscle initialization: 'semimem_r' is at its minimum fiber length of 0.0208098.
[2021-12-06 14:29:09.255] [warning] Thelen2003Muscle initialization: 'semimem_r' is at its minimum fiber length of 0.0208098.
[2021-12-06 14:29:09.257] [warning] Thelen2003Muscle initialization: 'semimem_r' is at its minimum fiber length of 0.0208098.
[2021-12-06 14:29:09.258] [warning] Thelen2003Muscle initialization: 'semimem_r' is at its minimum fiber length of 0.0208098.
[2021-12-06 14:29:09.260] [warning] Thelen2003Muscle initialization: 'semimem_r' is at its minimum fiber length of 0.0208098.
[2021-12-06 14:29:09.261] [warning] Thelen2003Muscle initialization: 'semimem_r' is at its minimum fiber length of 0.0208098.
[2021-12-06 14:29:09.263] [warning] Thelen2003Muscle initialization: 'semimem_r' is at its minimum fiber length of 0.0208098.
[2021-12-06 14:29:09.265] [warning] Thelen2003Muscle initialization: 'semimem_r' is at its minimum fiber length of 0.0208098.
[2021-12-06 14:29:09.267] [warning] Thelen2003Muscle initialization: 'semimem_r' is at its minimum fiber length of 0.0208098.
[2021-12-06 14:29:09.269] [warning] Thelen2003Muscle initialization: 'semimem_r' is at its minimum fiber length of 0.0208098.
[2021-12-06 14:29:09.270] [warning] Thelen2003Muscle initialization: 'semimem_r' is at its minimum fiber length of 0.0208098.
[2021-12-06 14:29:09.272] [warning] Thelen2003Muscle initialization: 'semimem_r' is at its minimum fiber length of 0.0208098.
[2021-12-06 14:29:09.274] [warning] Thelen2003Muscle initialization: 'semimem_r' is at its minimum fiber length of 0.0208098.
[2021-12-06 14:29:09.275] [warning] Thelen2003Muscle initialization: 'semimem_r' is at its minimum fiber length of 0.0208098.
[2021-12-06 14:29:09.277] [warning] Thelen2003Muscle initialization: 'semimem_r' is at its minimum fiber length of 0.0208098.
[2021-12-06 14:29:09.279] [warning] Thelen2003Muscle initialization: 'semimem_r' is at its minimum fiber length of 0.0208098.
[2021-12-06 14:29:09.280] [warning] Thelen2003Muscle initialization: 'semimem_r' is at its minimum fiber length of 0.0208098.
[2021-12-06 14:29:09.282] [warning] Thelen2003Muscle initialization: 'semimem_r' is at its minimum fiber length of 0.0208098.
[2021-12-06 14:29:09.283] [warning] Thelen2003Muscle initialization: 'semimem_r' is at its minimum fiber length of 0.0208098.
[2021-12-06 14:29:09.285] [warning] Thelen2003Muscle initialization: 'semimem_r' is at its minimum fiber length of 0.0208098.
[2021-12-06 14:29:09.286] [warning] Thelen2003Muscle initialization: 'semimem_r' is at its minimum fiber length of 0.0208098.
[2021-12-06 14:29:09.288] [warning] Thelen2003Muscle initialization: 'semimem_r' is at its minimum fiber length of 0.0208098.
[2021-12-06 14:29:09.289] [warning] Thelen2003Muscle initialization: 'semimem_r' is at its minimum fiber length of 0.0208098.
[2021-12-06 14:29:09.291] [warning] Thelen2003Muscle initialization: 'semimem_r' is at its minimum fiber length of 0.0208098.
[2021-12-06 14:29:09.292] [warning] Thelen2003Muscle initialization: 'semimem_r' is at its minimum fiber length of 0.0208098.
[2021-12-06 14:29:09.294] [warning] Thelen2003Muscle initialization: 'semimem_r' is at its minimum fiber length of 0.0208098.
[2021-12-06 14:29:09.295] [warning] Thelen2003Muscle initialization: 'semimem_r' is at its minimum fiber length of 0.0208098.
[2021-12-06 14:29:09.297] [warning] Thelen2003Muscle initialization: 'semimem_r' is at its minimum fiber length of 0.0208098.
[2021-12-06 14:29:09.299] [warning] Thelen2003Muscle initialization: 'semimem_r' is at its minimum fiber length of 0.0208098.
[2021-12-06 14:29:09.300] [warning] Thelen2003Muscle initialization: 'semimem_r' is at its minimum fiber length of 0.0208098.
[2021-12-06 14:29:09.302] [warning] Thelen2003Muscle initialization: 'semimem_r' is at its minimum fiber length of 0.0208098.
[2021-12-06 14:29:09.303] [warning] Thelen2003Muscle initialization: 'semimem_r' is at its minimum fiber length of 0.0208098.
[2021-12-06 14:29:09.305] [warning] Thelen2003Muscle initialization: 'semimem_r' is at its minimum fiber length of 0.0208098.
[2021-12-06 14:29:56.484] [info] No external loads will be applied (external loads file not specified).
[2021-12-06 14:29:56.484] [info] Executing the analyses from 0.0 to 99.0...
[2021-12-06 14:29:56.485] [warning] Thelen2003Muscle initialization: 'semimem_r' is at its minimum fiber length of 0.0208098.
[2021-12-06 14:29:56.492] [warning] Thelen2003Muscle initialization: 'semimem_r' is at its minimum fiber length of 0.0208098.
[2021-12-06 14:29:56.494] [warning] Thelen2003Muscle initialization: 'semimem_r' is at its minimum fiber length of 0.0208098.
[2021-12-06 14:29:56.496] [warning] Thelen2003Muscle initialization: 'semimem_r' is at its minimum fiber length of 0.0208098.
[2021-12-06 14:29:56.497] [warning] Thelen2003Muscle initialization: 'semimem_r' is at its minimum fiber length of 0.0208098.
[2021-12-06 14:29:56.499] [warning] Thelen2003Muscle initialization: 'semimem_r' is at its minimum fiber length of 0.0208098.
[2021-12-06 14:29:56.502] [warning] Thelen2003Muscle initialization: 'semimem_r' is at its minimum fiber length of 0.0208098.
[2021-12-06 14:29:56.504] [warning] Thelen2003Muscle initialization: 'semimem_r' is at its minimum fiber length of 0.0208098.
[2021-12-06 14:29:56.506] [warning] Thelen2003Muscle initialization: 'semimem_r' is at its minimum fiber length of 0.0208098.
[2021-12-06 14:29:56.508] [warning] Thelen2003Muscle initialization: 'semimem_r' is at its minimum fiber length of 0.0208098.
[2021-12-06 14:29:56.509] [warning] Thelen2003Muscle initialization: 'semimem_r' is at its minimum fiber length of 0.0208098.
[2021-12-06 14:29:56.511] [warning] Thelen2003Muscle initialization: 'semimem_r' is at its minimum fiber length of 0.0208098.
[2021-12-06 14:29:56.513] [warning] Thelen2003Muscle initialization: 'semimem_r' is at its minimum fiber length of 0.0208098.
[2021-12-06 14:29:56.515] [warning] Thelen2003Muscle initialization: 'semimem_r' is at its minimum fiber length of 0.0208098.
[2021-12-06 14:29:56.517] [warning] Thelen2003Muscle initialization: 'semimem_r' is at its minimum fiber length of 0.0208098.
[2021-12-06 14:29:56.518] [warning] Thelen2003Muscle initialization: 'semimem_r' is at its minimum fiber length of 0.0208098.
[2021-12-06 14:29:56.520] [warning] Thelen2003Muscle initialization: 'semimem_r' is at its minimum fiber length of 0.0208098.
[2021-12-06 14:29:56.521] [warning] Thelen2003Muscle initialization: 'semimem_r' is at its minimum fiber length of 0.0208098.
[2021-12-06 14:29:56.523] [warning] Thelen2003Muscle initialization: 'semimem_r' is at its minimum fiber length of 0.0208098.
[2021-12-06 14:29:56.524] [warning] Thelen2003Muscle initialization: 'semimem_r' is at its minimum fiber length of 0.0208098.
[2021-12-06 14:29:56.526] [warning] Thelen2003Muscle initialization: 'semimem_r' is at its minimum fiber length of 0.0208098.
[2021-12-06 14:29:56.528] [warning] Thelen2003Muscle initialization: 'semimem_r' is at its minimum fiber length of 0.0208098.
[2021-12-06 14:29:56.531] [warning] Thelen2003Muscle initialization: 'semimem_r' is at its minimum fiber length of 0.0208098.
[2021-12-06 14:29:56.533] [warning] Thelen2003Muscle initialization: 'semimem_r' is at its minimum fiber length of 0.0208098.
[2021-12-06 14:29:56.534] [warning] Thelen2003Muscle initialization: 'semimem_r' is at its minimum fiber length of 0.0208098.
[2021-12-06 14:29:56.536] [warning] Thelen2003Muscle initialization: 'semimem_r' is at its minimum fiber length of 0.0208098.
[2021-12-06 14:29:56.538] [warning] Thelen2003Muscle initialization: 'semimem_r' is at its minimum fiber length of 0.0208098.
[2021-12-06 14:29:56.539] [warning] Thelen2003Muscle initialization: 'semimem_r' is at its minimum fiber length of 0.0208098.
[2021-12-06 14:29:56.541] [warning] Thelen2003Muscle initialization: 'semimem_r' is at its minimum fiber length of 0.0208098.
[2021-12-06 14:29:56.543] [warning] Thelen2003Muscle initialization: 'semimem_r' is at its minimum fiber length of 0.0208098.
[2021-12-06 14:29:56.544] [warning] Thelen2003Muscle initialization: 'semimem_r' is at its minimum fiber length of 0.0208098.
[2021-12-06 14:29:56.546] [warning] Thelen2003Muscle initialization: 'semimem_r' is at its minimum fiber length of 0.0208098.
[2021-12-06 14:29:56.548] [warning] Thelen2003Muscle initialization: 'semimem_r' is at its minimum fiber length of 0.0208098.
[2021-12-06 14:29:56.549] [warning] Thelen2003Muscle initialization: 'semimem_r' is at its minimum fiber length of 0.0208098.
[2021-12-08 11:39:48.419] [info] Updating Model file from 20303 to latest format...
[2021-12-08 11:39:48.517] [info] Loaded model 3DGaitModel2392 from file D:\Github\Bipedal_Robot\Solid_Models\OpenSim\Gait2392_Robotbody\gait2392_simbody.osim
[2021-12-08 11:39:48.620] [info] ControllerSet 'Controllers' was renamed and is being reset to 'controllerset'.
[2021-12-08 11:39:48.622] [info] ComponentSet 'MiscComponents' was renamed and is being reset to 'componentset'.
[2026-09-08 09:21:04.480] [info] Updating Model file from 40000 to latest format...
[2026-09-08 09:21:04.520] [info] Loaded model 3DGaitModel2392 from file D:\GitHub\Bipedal_Robot\Solid_Models\OpenSim\Gait2392_Robotbody\gait2392_robotbody.osim
[2026-09-08 09:21:04.520] [warning] Couldn't find file 'treadmill.vtp'.
[2026-09-08 09:21:04.521] [warning] Couldn't find file 'sacrum.vtp'.
[2026-09-08 09:21:04.521] [warning] Couldn't find file 'pelvis.vtp'.
[2026-09-08 09:21:04.521] [warning] Couldn't find file 'l_pelvis.vtp'.
[2026-09-08 09:21:04.521] [warning] Couldn't find file 'femur_r.vtp'.
[2026-09-08 09:21:04.521] [warning] Couldn't find file 'tibia_r.vtp'.
[2026-09-08 09:21:04.521] [warning] Couldn't find file 'fibula.vtp'.
[2026-09-08 09:21:04.521] [warning] Couldn't find file 'talus.vtp'.
[2026-09-08 09:21:04.521] [warning] Couldn't find file 'foot.vtp'.
[2026-09-08 09:21:04.521] [warning] Couldn't find file 'bofoot.vtp'.
[2026-09-08 09:21:04.521] [warning] Couldn't find file 'femur_l.vtp'.
[2026-09-08 09:21:04.521] [warning] Couldn't find file 'tibia_l.vtp'.
[2026-09-08 09:21:04.521] [warning] Couldn't find file 'l_fibula.vtp'.
[2026-09-08 09:21:04.521] [warning] Couldn't find file 'l_talus.vtp'.
[2026-09-08 09:21:04.521] [warning] Couldn't find file 'l_foot.vtp'.
[2026-09-08 09:21:04.521] [warning] Couldn't find file 'l_bofoot.vtp'.
[2026-09-08 09:21:04.521] [warning] Couldn't find file 'hat_spine.vtp'.
[2026-09-08 09:21:04.521] [warning] Couldn't find file 'hat_jaw.vtp'.
[2026-09-08 09:21:04.521] [warning] Couldn't find file 'hat_skull.vtp'.
[2026-09-08 09:21:04.521] [warning] Couldn't find file 'hat_ribs.vtp'.
[2026-09-08 09:21:04.538] [info] Updating Model file from 40000 to latest format...
[2026-09-08 09:21:04.558] [info] Loaded model 3DGaitModel2392 from file D:\GitHub\Bipedal_Robot\Solid_Models\OpenSim\Gait2392_Robotbody\gait2392_robotbody.osim
[2026-09-08 09:21:04.558] [warning] Couldn't find file 'treadmill.vtp'.
[2026-09-08 09:21:04.559] [warning] Couldn't find file 'sacrum.vtp'.
[2026-09-08 09:21:04.559] [warning] Couldn't find file 'pelvis.vtp'.
[2026-09-08 09:21:04.559] [warning] Couldn't find file 'l_pelvis.vtp'.
[2026-09-08 09:21:04.559] [warning] Couldn't find file 'femur_r.vtp'.
[2026-09-08 09:21:04.559] [warning] Couldn't find file 'tibia_r.vtp'.
[2026-09-08 09:21:04.559] [warning] Couldn't find file 'fibula.vtp'.
[2026-09-08 09:21:04.559] [warning] Couldn't find file 'talus.vtp'.
[2026-09-08 09:21:04.559] [warning] Couldn't find file 'foot.vtp'.
[2026-09-08 09:21:04.559] [warning] Couldn't find file 'bofoot.vtp'.
[2026-09-08 09:21:04.559] [warning] Couldn't find file 'femur_l.vtp'.
[2026-09-08 09:21:04.559] [warning] Couldn't find file 'tibia_l.vtp'.
[2026-09-08 09:21:04.559] [warning] Couldn't find file 'l_fibula.vtp'.
[2026-09-08 09:21:04.559] [warning] Couldn't find file 'l_talus.vtp'.
[2026-09-08 09:21:04.559] [warning] Couldn't find file 'l_foot.vtp'.
[2026-09-08 09:21:04.559] [warning] Couldn't find file 'l_bofoot.vtp'.
[2026-09-08 09:21:04.559] [warning] Couldn't find file 'hat_spine.vtp'.
[2026-09-08 09:21:04.559] [warning] Couldn't find file 'hat_jaw.vtp'.
[2026-09-08 09:21:04.559] [warning] Couldn't find file 'hat_skull.vtp'.
[2026-09-08 09:21:04.559] [warning] Couldn't find file 'hat_ribs.vtp'.
[2026-09-08 09:25:35.522] [info] Updating Model file from 40000 to latest format...
[2026-09-08 09:25:35.544] [info] Loaded model 3DGaitModel2392 from file D:\GitHub\Bipedal_Robot\Solid_Models\OpenSim\Gait2392_Robotbody\gait2392_robotbody.osim
[2026-09-08 09:25:35.545] [warning] Couldn't find file 'treadmill.vtp'.
[2026-09-08 09:25:35.545] [warning] Couldn't find file 'sacrum.vtp'.
[2026-09-08 09:25:35.545] [warning] Couldn't find file 'pelvis.vtp'.
[2026-09-08 09:25:35.545] [warning] Couldn't find file 'l_pelvis.vtp'.
[2026-09-08 09:25:35.545] [warning] Couldn't find file 'femur_r.vtp'.
[2026-09-08 09:25:35.545] [warning] Couldn't find file 'tibia_r.vtp'.
[2026-09-08 09:25:35.545] [warning] Couldn't find file 'fibula.vtp'.
[2026-09-08 09:25:35.545] [warning] Couldn't find file 'talus.vtp'.
[2026-09-08 09:25:35.545] [warning] Couldn't find file 'foot.vtp'.
[2026-09-08 09:25:35.545] [warning] Couldn't find file 'bofoot.vtp'.
[2026-09-08 09:25:35.545] [warning] Couldn't find file 'femur_l.vtp'.
[2026-09-08 09:25:35.545] [warning] Couldn't find file 'tibia_l.vtp'.
[2026-09-08 09:25:35.545] [warning] Couldn't find file 'l_fibula.vtp'.
[2026-09-08 09:25:35.545] [warning] Couldn't find file 'l_talus.vtp'.
[2026-09-08 09:25:35.545] [warning] Couldn't find file 'l_foot.vtp'.
[2026-09-08 09:25:35.545] [warning] Couldn't find file 'l_bofoot.vtp'.
[2026-09-08 09:25:35.545] [warning] Couldn't find file 'hat_spine.vtp'.
[2026-09-08 09:25:35.545] [warning] Couldn't find file 'hat_jaw.vtp'.
[2026-09-08 09:25:35.545] [warning] Couldn't find file 'hat_skull.vtp'.
[2026-09-08 09:25:35.546] [warning] Couldn't find file 'hat_ribs.vtp'.
[2026-09-08 09:25:35.562] [info] Updating Model file from 40000 to latest format...
[2026-09-08 09:25:35.581] [info] Loaded model 3DGaitModel2392 from file D:\GitHub\Bipedal_Robot\Solid_Models\OpenSim\Gait2392_Robotbody\gait2392_robotbody.osim
[2026-09-08 09:25:35.581] [warning] Couldn't find file 'treadmill.vtp'.
[2026-09-08 09:25:35.581] [warning] Couldn't find file 'sacrum.vtp'.
[2026-09-08 09:25:35.581] [warning] Couldn't find file 'pelvis.vtp'.
[2026-09-08 09:25:35.582] [warning] Couldn't find file 'l_pelvis.vtp'.
[2026-09-08 09:25:35.582] [warning] Couldn't find file 'femur_r.vtp'.
[2026-09-08 09:25:35.582] [warning] Couldn't find file 'tibia_r.vtp'.
[2026-09-08 09:25:35.582] [warning] Couldn't find file 'fibula.vtp'.
[2026-09-08 09:25:35.582] [warning] Couldn't find file 'talus.vtp'.
[2026-09-08 09:25:35.582] [warning] Couldn't find file 'foot.vtp'.
[2026-09-08 09:25:35.582] [warning] Couldn't find file 'bofoot.vtp'.
[2026-09-08 09:25:35.582] [warning] Couldn't find file 'femur_l.vtp'.
[2026-09-08 09:25:35.582] [warning] Couldn't find file 'tibia_l.vtp'.
[2026-09-08 09:25:35.582] [warning] Couldn't find file 'l_fibula.vtp'.
[2026-09-08 09:25:35.582] [warning] Couldn't find file 'l_talus.vtp'.
[2026-09-08 09:25:35.582] [warning] Couldn't find file 'l_foot.vtp'.
[2026-09-08 09:25:35.582] [warning] Couldn't find file 'l_bofoot.vtp'.
[2026-09-08 09:25:35.582] [warning] Couldn't find file 'hat_spine.vtp'.
[2026-09-08 09:25:35.582] [warning] Couldn't find file 'hat_jaw.vtp'.
[2026-09-08 09:25:35.582] [warning] Couldn't find file 'hat_skull.vtp'.
[2026-09-08 09:25:35.582] [warning] Couldn't find file 'hat_ribs.vtp'.
[2026-09-08 09:25:35.975] [info] Updating Model file from 40000 to latest format...
[2026-09-08 09:25:35.995] [info] Loaded model 3DGaitModel2392 from file D:\GitHub\Bipedal_Robot\Solid_Models\OpenSim\Gait2392_Robotbody\gait2392_robotbody.osim
[2026-09-08 09:25:35.995] [warning] Couldn't find file 'treadmill.vtp'.
[2026-09-08 09:25:35.995] [warning] Couldn't find file 'sacrum.vtp'.
[2026-09-08 09:25:35.995] [warning] Couldn't find file 'pelvis.vtp'.
[2026-09-08 09:25:35.996] [warning] Couldn't find file 'l_pelvis.vtp'.
[2026-09-08 09:25:35.996] [warning] Couldn't find file 'femur_r.vtp'.
[2026-09-08 09:25:35.996] [warning] Couldn't find file 'tibia_r.vtp'.
[2026-09-08 09:25:35.996] [warning] Couldn't find file 'fibula.vtp'.
[2026-09-08 09:25:35.996] [warning] Couldn't find file 'talus.vtp'.
[2026-09-08 09:25:35.996] [warning] Couldn't find file 'foot.vtp'.
[2026-09-08 09:25:35.996] [warning] Couldn't find file 'bofoot.vtp'.
[2026-09-08 09:25:35.996] [warning] Couldn't find file 'femur_l.vtp'.
[2026-09-08 09:25:35.996] [warning] Couldn't find file 'tibia_l.vtp'.
[2026-09-08 09:25:35.996] [warning] Couldn't find file 'l_fibula.vtp'.
[2026-09-08 09:25:35.996] [warning] Couldn't find file 'l_talus.vtp'.
[2026-09-08 09:25:35.996] [warning] Couldn't find file 'l_foot.vtp'.
[2026-09-08 09:25:35.996] [warning] Couldn't find file 'l_bofoot.vtp'.
[2026-09-08 09:25:35.996] [warning] Couldn't find file 'hat_spine.vtp'.
[2026-09-08 09:25:35.996] [warning] Couldn't find file 'hat_jaw.vtp'.
[2026-09-08 09:25:35.996] [warning] Couldn't find file 'hat_skull.vtp'.
[2026-09-08 09:25:35.996] [warning] Couldn't find file 'hat_ribs.vtp'.
[2026-09-08 09:28:04.735] [info] Updating Model file from 40000 to latest format...
[2026-09-08 09:28:04.754] [info] Loaded model 3DGaitModel2392 from file D:\GitHub\Bipedal_Robot\Solid_Models\OpenSim\Gait2392_Robotbody\gait2392_robotbody.osim
[2026-09-08 09:28:04.754] [warning] Couldn't find file 'treadmill.vtp'.
[2026-09-08 09:28:04.754] [warning] Couldn't find file 'sacrum.vtp'.
[2026-09-08 09:28:04.754] [warning] Couldn't find file 'pelvis.vtp'.
[2026-09-08 09:28:04.754] [warning] Couldn't find file 'l_pelvis.vtp'.
[2026-09-08 09:28:04.755] [warning] Couldn't find file 'femur_r.vtp'.
[2026-09-08 09:28:04.755] [warning] Couldn't find file 'tibia_r.vtp'.
[2026-09-08 09:28:04.755] [warning] Couldn't find file 'fibula.vtp'.
[2026-09-08 09:28:04.755] [warning] Couldn't find file 'talus.vtp'.
[2026-09-08 09:28:04.755] [warning] Couldn't find file 'foot.vtp'.
[2026-09-08 09:28:04.755] [warning] Couldn't find file 'bofoot.vtp'.
[2026-09-08 09:28:04.755] [warning] Couldn't find file 'femur_l.vtp'.
[2026-09-08 09:28:04.755] [warning] Couldn't find file 'tibia_l.vtp'.
[2026-09-08 09:28:04.755] [warning] Couldn't find file 'l_fibula.vtp'.
[2026-09-08 09:28:04.755] [warning] Couldn't find file 'l_talus.vtp'.
[2026-09-08 09:28:04.755] [warning] Couldn't find file 'l_foot.vtp'.
[2026-09-08 09:28:04.755] [warning] Couldn't find file 'l_bofoot.vtp'.
[2026-09-08 09:28:04.755] [warning] Couldn't find file 'hat_spine.vtp'.
[2026-09-08 09:28:04.755] [warning] Couldn't find file 'hat_jaw.vtp'.
[2026-09-08 09:28:04.755] [warning] Couldn't find file 'hat_skull.vtp'.
[2026-09-08 09:28:04.755] [warning] Couldn't find file 'hat_ribs.vtp'.
[2026-09-08 09:28:36.312] [info] Updating Model file from 40000 to latest format...
[2026-09-08 09:28:36.334] [info] Loaded model 3DGaitModel2392 from file D:\GitHub\Bipedal_Robot\Solid_Models\OpenSim\Gait2392_Robotbody\gait2392_robotbody.osim
[2026-09-08 09:28:36.335] [warning] Couldn't find file 'treadmill.vtp'.
[2026-09-08 09:28:36.335] [warning] Couldn't find file 'sacrum.vtp'.
[2026-09-08 09:28:36.335] [warning] Couldn't find file 'pelvis.vtp'.
[2026-09-08 09:28:36.335] [warning] Couldn't find file 'l_pelvis.vtp'.
[2026-09-08 09:28:36.335] [warning] Couldn't find file 'femur_r.vtp'.
[2026-09-08 09:28:36.335] [warning] Couldn't find file 'tibia_r.vtp'.
[2026-09-08 09:28:36.335] [warning] Couldn't find file 'fibula.vtp'.
[2026-09-08 09:28:36.335] [warning] Couldn't find file 'talus.vtp'.
[2026-09-08 09:28:36.335] [warning] Couldn't find file 'foot.vtp'.
[2026-09-08 09:28:36.335] [warning] Couldn't find file 'bofoot.vtp'.
[2026-09-08 09:28:36.335] [warning] Couldn't find file 'femur_l.vtp'.
[2026-09-08 09:28:36.335] [warning] Couldn't find file 'tibia_l.vtp'.
[2026-09-08 09:28:36.335] [warning] Couldn't find file 'l_fibula.vtp'.
[2026-09-08 09:28:36.335] [warning] Couldn't find file 'l_talus.vtp'.
[2026-09-08 09:28:36.335] [warning] Couldn't find file 'l_foot.vtp'.
[2026-09-08 09:28:36.335] [warning] Couldn't find file 'l_bofoot.vtp'.
[2026-09-08 09:28:36.335] [warning] Couldn't find file 'hat_spine.vtp'.
[2026-09-08 09:28:36.335] [warning] Couldn't find file 'hat_jaw.vtp'.
[2026-09-08 09:28:36.335] [warning] Couldn't find file 'hat_skull.vtp'.
[2026-09-08 09:28:36.335] [warning] Couldn't find file 'hat_ribs.vtp'.
[2026-09-08 09:28:36.354] [info] Updating Model file from 40000 to latest format...
[2026-09-08 09:28:36.374] [info] Loaded model 3DGaitModel2392 from file D:\GitHub\Bipedal_Robot\Solid_Models\OpenSim\Gait2392_Robotbody\gait2392_robotbody.osim
[2026-09-08 09:28:36.374] [warning] Couldn't find file 'treadmill.vtp'.
[2026-09-08 09:28:36.374] [warning] Couldn't find file 'sacrum.vtp'.
[2026-09-08 09:28:36.374] [warning] Couldn't find file 'pelvis.vtp'.
[2026-09-08 09:28:36.374] [warning] Couldn't find file 'l_pelvis.vtp'.
[2026-09-08 09:28:36.374] [warning] Couldn't find file 'femur_r.vtp'.
[2026-09-08 09:28:36.374] [warning] Couldn't find file 'tibia_r.vtp'.
[2026-09-08 09:28:36.374] [warning] Couldn't find file 'fibula.vtp'.
[2026-09-08 09:28:36.374] [warning] Couldn't find file 'talus.vtp'.
[2026-09-08 09:28:36.374] [warning] Couldn't find file 'foot.vtp'.
[2026-09-08 09:28:36.374] [warning] Couldn't find file 'bofoot.vtp'.
[2026-09-08 09:28:36.374] [warning] Couldn't find file 'femur_l.vtp'.
[2026-09-08 09:28:36.375] [warning] Couldn't find file 'tibia_l.vtp'.
[2026-09-08 09:28:36.375] [warning] Couldn't find file 'l_fibula.vtp'.
[2026-09-08 09:28:36.375] [warning] Couldn't find file 'l_talus.vtp'.
[2026-09-08 09:28:36.375] [warning] Couldn't find file 'l_foot.vtp'.
[2026-09-08 09:28:36.375] [warning] Couldn't find file 'l_bofoot.vtp'.
[2026-09-08 09:28:36.375] [warning] Couldn't find file 'hat_spine.vtp'.
[2026-09-08 09:28:36.375] [warning] Couldn't find file 'hat_jaw.vtp'.
[2026-09-08 09:28:36.375] [warning] Couldn't find file 'hat_skull.vtp'.
[2026-09-08 09:28:36.375] [warning] Couldn't find file 'hat_ribs.vtp'.
[2026-09-08 09:28:36.741] [info] Updating Model file from 40000 to latest format...
[2026-09-08 09:28:36.758] [info] Loaded model 3DGaitModel2392 from file D:\GitHub\Bipedal_Robot\Solid_Models\OpenSim\Gait2392_Robotbody\gait2392_robotbody.osim
[2026-09-08 09:28:36.759] [warning] Couldn't find file 'treadmill.vtp'.
[2026-09-08 09:28:36.759] [warning] Couldn't find file 'sacrum.vtp'.
[2026-09-08 09:28:36.759] [warning] Couldn't find file 'pelvis.vtp'.
[2026-09-08 09:28:36.759] [warning] Couldn't find file 'l_pelvis.vtp'.
[2026-09-08 09:28:36.759] [warning] Couldn't find file 'femur_r.vtp'.
[2026-09-08 09:28:36.759] [warning] Couldn't find file 'tibia_r.vtp'.
[2026-09-08 09:28:36.759] [warning] Couldn't find file 'fibula.vtp'.
[2026-09-08 09:28:36.759] [warning] Couldn't find file 'talus.vtp'.
[2026-09-08 09:28:36.759] [warning] Couldn't find file 'foot.vtp'.
[2026-09-08 09:28:36.759] [warning] Couldn't find file 'bofoot.vtp'.
[2026-09-08 09:28:36.759] [warning] Couldn't find file 'femur_l.vtp'.
[2026-09-08 09:28:36.759] [warning] Couldn't find file 'tibia_l.vtp'.
[2026-09-08 09:28:36.759] [warning] Couldn't find file 'l_fibula.vtp'.
[2026-09-08 09:28:36.760] [warning] Couldn't find file 'l_talus.vtp'.
[2026-09-08 09:28:36.760] [warning] Couldn't find file 'l_foot.vtp'.
[2026-09-08 09:28:36.760] [warning] Couldn't find file 'l_bofoot.vtp'.
[2026-09-08 09:28:36.760] [warning] Couldn't find file 'hat_spine.vtp'.
[2026-09-08 09:28:36.760] [warning] Couldn't find file 'hat_jaw.vtp'.
[2026-09-08 09:28:36.760] [warning] Couldn't find file 'hat_skull.vtp'.
[2026-09-08 09:28:36.760] [warning] Couldn't find file 'hat_ribs.vtp'.
[2026-09-08 09:29:55.037] [info] Updating Model file from 40000 to latest format...
[2026-09-08 09:29:55.057] [info] Loaded model 3DGaitModel2392 from file D:\GitHub\Bipedal_Robot\Solid_Models\OpenSim\Gait2392_Robotbody\gait2392_robotbody.osim
[2026-09-08 09:29:55.057] [warning] Couldn't find file 'treadmill.vtp'.
[2026-09-08 09:29:55.057] [warning] Couldn't find file 'sacrum.vtp'.
[2026-09-08 09:29:55.057] [warning] Couldn't find file 'pelvis.vtp'.
[2026-09-08 09:29:55.057] [warning] Couldn't find file 'l_pelvis.vtp'.
[2026-09-08 09:29:55.057] [warning] Couldn't find file 'femur_r.vtp'.
[2026-09-08 09:29:55.057] [warning] Couldn't find file 'tibia_r.vtp'.
[2026-09-08 09:29:55.057] [warning] Couldn't find file 'fibula.vtp'.
[2026-09-08 09:29:55.057] [warning] Couldn't find file 'talus.vtp'.
[2026-09-08 09:29:55.057] [warning] Couldn't find file 'foot.vtp'.
[2026-09-08 09:29:55.058] [warning] Couldn't find file 'bofoot.vtp'.
[2026-09-08 09:29:55.058] [warning] Couldn't find file 'femur_l.vtp'.
[2026-09-08 09:29:55.058] [warning] Couldn't find file 'tibia_l.vtp'.
[2026-09-08 09:29:55.058] [warning] Couldn't find file 'l_fibula.vtp'.
[2026-09-08 09:29:55.058] [warning] Couldn't find file 'l_talus.vtp'.
[2026-09-08 09:29:55.058] [warning] Couldn't find file 'l_foot.vtp'.
[2026-09-08 09:29:55.058] [warning] Couldn't find file 'l_bofoot.vtp'.
[2026-09-08 09:29:55.058] [warning] Couldn't find file 'hat_spine.vtp'.
[2026-09-08 09:29:55.058] [warning] Couldn't find file 'hat_jaw.vtp'.
[2026-09-08 09:29:55.058] [warning] Couldn't find file 'hat_skull.vtp'.
[2026-09-08 09:29:55.058] [warning] Couldn't find file 'hat_ribs.vtp'.
[2026-09-11 18:24:48.181] [info] Preparing to run ScaleTool.
[2026-09-11 18:24:48.182] [info] Processing subject subject01...
[2026-09-11 18:24:48.182] [info] Step 1: Loading generic model
[2026-09-11 18:24:48.223] [info] Loaded model 3DGaitModel2392 from file gait2392_simbody.osim
[2026-09-11 18:24:48.223] [warning] Couldn't find file 'treadmill.vtp'.
[2026-09-11 18:24:48.223] [warning] Couldn't find file 'sacrum.vtp'.
[2026-09-11 18:24:48.223] [warning] Couldn't find file 'pelvis.vtp'.
[2026-09-11 18:24:48.224] [warning] Couldn't find file 'l_pelvis.vtp'.
[2026-09-11 18:24:48.224] [warning] Couldn't find file 'femur_r.vtp'.
[2026-09-11 18:24:48.224] [warning] Couldn't find file 'tibia_r.vtp'.
[2026-09-11 18:24:48.224] [warning] Couldn't find file 'fibula.vtp'.
[2026-09-11 18:24:48.224] [warning] Couldn't find file 'talus.vtp'.
[2026-09-11 18:24:48.224] [warning] Couldn't find file 'foot.vtp'.
[2026-09-11 18:24:48.224] [warning] Couldn't find file 'bofoot.vtp'.
[2026-09-11 18:24:48.224] [warning] Couldn't find file 'femur_l.vtp'.
[2026-09-11 18:24:48.224] [warning] Couldn't find file 'tibia_l.vtp'.
[2026-09-11 18:24:48.224] [warning] Couldn't find file 'l_fibula.vtp'.
[2026-09-11 18:24:48.224] [warning] Couldn't find file 'l_talus.vtp'.
[2026-09-11 18:24:48.224] [warning] Couldn't find file 'l_foot.vtp'.
[2026-09-11 18:24:48.224] [warning] Couldn't find file 'l_bofoot.vtp'.
[2026-09-11 18:24:48.224] [warning] Couldn't find file 'hat_spine.vtp'.
[2026-09-11 18:24:48.224] [warning] Couldn't find file 'hat_jaw.vtp'.
[2026-09-11 18:24:48.224] [warning] Couldn't find file 'hat_skull.vtp'.
[2026-09-11 18:24:48.225] [warning] Couldn't find file 'hat_ribs.vtp'.
[2026-09-11 18:24:48.248] [info] Loading marker set from 'gait2392_Scale_MarkerSet.xml'.
[2026-09-11 18:24:48.361] [info] Updated markers in model 3DGaitModel2392
[2026-09-11 18:24:48.361] [info] Step 2: Scaling generic model
[2026-09-11 18:24:48.390] [info] Loaded marker file subject01_static.trc (49 markers, 300 frames)
[2026-09-11 18:24:48.390] [info] Measurement 'torso'
[2026-09-11 18:24:48.390] [info] 	pair 0 (V.Sacral, Top.Head): model = 0.701084, experimental = 0.756975
[2026-09-11 18:24:48.390] [info] 	overall scale factor = 1.07972
[2026-09-11 18:24:48.390] [info] Measurement 'pelvis'
[2026-09-11 18:24:48.390] [info] 	pair 0 (R.ASIS, L.ASIS): model = 0.256, experimental = 0.262292
[2026-09-11 18:24:48.390] [info] 	overall scale factor = 1.02458
[2026-09-11 18:24:48.390] [info] Measurement 'thigh'
[2026-09-11 18:24:48.390] [info] 	pair 0 (R.ASIS, R.Knee.Lat): model = 0.508288, experimental = 0.538738
[2026-09-11 18:24:48.390] [info] 	pair 1 (L.ASIS, L.Knee.Lat): model = 0.508288, experimental = 0.549642
[2026-09-11 18:24:48.390] [info] 	overall scale factor = 1.07063
[2026-09-11 18:24:48.390] [info] Measurement 'shank'
[2026-09-11 18:24:48.390] [info] 	pair 0 (R.Knee.Lat, R.Ankle.Lat): model = 0.401944, experimental = 0.458672
[2026-09-11 18:24:48.390] [info] 	pair 1 (L.Knee.Lat, L.Ankle.Lat): model = 0.401944, experimental = 0.436842
[2026-09-11 18:24:48.390] [info] 	overall scale factor = 1.11398
[2026-09-11 18:24:48.390] [info] Measurement 'foot'
[2026-09-11 18:24:48.390] [info] 	pair 0 (R.Heel, R.Toe.Tip): model = 0.280401, experimental = 0.291576
[2026-09-11 18:24:48.390] [info] 	pair 1 (L.Heel, L.Toe.Tip): model = 0.280401, experimental = 0.284416
[2026-09-11 18:24:48.390] [info] 	overall scale factor = 1.02708
[2026-09-11 18:24:48.439] [info] Wrote model file 'subject01_scaledOnly.osim' from model.
[2026-09-11 18:24:48.440] [info] Wrote scale file 'subject01_scaleSet_applied.xml' for model subject01.
[2026-09-11 18:24:48.440] [info] Step 3: Placing markers on model
[2026-09-11 18:24:48.470] [info] Loaded marker file subject01_static.trc (49 markers, 300 frames)
[2026-09-11 18:24:48.470] [info] Averaged frames from time 1.0 to 2.0 in subject01_static.trc (frames 61 to 121)
[2026-09-11 18:24:48.470] [info] Deleted 0 unused markers from model subject01.
[2026-09-11 18:24:48.492] [info] Frame at (t = 1.0):	 total squared error = 0.0430720, marker error: RMS = 0.0332327, max = 0.0930729 (Top.Head)
[2026-09-11 18:24:48.492] [info] Moved markers in model subject01 to match locations in marker file 'subject01_static.trc'.
[2026-09-11 18:24:48.509] [info] Wrote model file 'subject01_simbody.osim' from model subject01.
[2026-09-11 18:24:48.592] [info] Preparing to run InverseKinematicsTool.
[2026-09-11 18:24:48.616] [info] Loaded model subject01 from file subject01_simbody.osim
[2026-09-11 18:24:48.617] [warning] Couldn't find file 'treadmill.vtp'.
[2026-09-11 18:24:48.617] [warning] Couldn't find file 'sacrum.vtp'.
[2026-09-11 18:24:48.617] [warning] Couldn't find file 'pelvis.vtp'.
[2026-09-11 18:24:48.617] [warning] Couldn't find file 'l_pelvis.vtp'.
[2026-09-11 18:24:48.618] [warning] Couldn't find file 'femur_r.vtp'.
[2026-09-11 18:24:48.618] [warning] Couldn't find file 'tibia_r.vtp'.
[2026-09-11 18:24:48.618] [warning] Couldn't find file 'fibula.vtp'.
[2026-09-11 18:24:48.618] [warning] Couldn't find file 'talus.vtp'.
[2026-09-11 18:24:48.618] [warning] Couldn't find file 'foot.vtp'.
[2026-09-11 18:24:48.618] [warning] Couldn't find file 'bofoot.vtp'.
[2026-09-11 18:24:48.618] [warning] Couldn't find file 'femur_l.vtp'.
[2026-09-11 18:24:48.618] [warning] Couldn't find file 'tibia_l.vtp'.
[2026-09-11 18:24:48.618] [warning] Couldn't find file 'l_fibula.vtp'.
[2026-09-11 18:24:48.618] [warning] Couldn't find file 'l_talus.vtp'.
[2026-09-11 18:24:48.618] [warning] Couldn't find file 'l_foot.vtp'.
[2026-09-11 18:24:48.618] [warning] Couldn't find file 'l_bofoot.vtp'.
[2026-09-11 18:24:48.618] [warning] Couldn't find file 'hat_spine.vtp'.
[2026-09-11 18:24:48.618] [warning] Couldn't find file 'hat_jaw.vtp'.
[2026-09-11 18:24:48.618] [warning] Couldn't find file 'hat_skull.vtp'.
[2026-09-11 18:24:48.619] [warning] Couldn't find file 'hat_ribs.vtp'.
[2026-09-11 18:24:48.625] [cout] [info] 
               MODEL: subject01
         coordinates: 23
              forces: 92
           actuators: 92
             muscles: 92
            analyses: 0
              probes: 0
              bodies: 12
              joints: 12
         constraints: 0
             markers: 39
         controllers: 0
  contact geometries: 0
misc modelcomponents: 0
[2026-09-11 18:24:48.625] [info] Running tool subject01.
[2026-09-11 18:24:48.663] [info] Frame 30 (t = 0.5):	 total squared error = 0.0143065, marker error: RMS = 0.0214826, max = 0.0788963 (R.Acromium)
[2026-09-11 18:24:48.669] [info] Frame 31 (t = 0.517):	 total squared error = 0.014123, marker error: RMS = 0.0213444, max = 0.0788565 (R.Acromium)
[2026-09-11 18:24:48.676] [info] Frame 32 (t = 0.533):	 total squared error = 0.0140401, marker error: RMS = 0.0212816, max = 0.0788035 (R.Acromium)
[2026-09-11 18:24:48.684] [info] Frame 33 (t = 0.55):	 total squared error = 0.0139933, marker error: RMS = 0.0212461, max = 0.0790607 (R.Acromium)
[2026-09-11 18:24:48.693] [info] Frame 34 (t = 0.567):	 total squared error = 0.0142001, marker error: RMS = 0.0214025, max = 0.0789944 (R.Acromium)
[2026-09-11 18:24:48.698] [info] Frame 35 (t = 0.583):	 total squared error = 0.0145677, marker error: RMS = 0.0216778, max = 0.0788346 (R.Acromium)
[2026-09-11 18:24:48.700] [info] Frame 36 (t = 0.6):	 total squared error = 0.0149507, marker error: RMS = 0.0219609, max = 0.0793472 (R.Acromium)
[2026-09-11 18:24:48.705] [info] Frame 37 (t = 0.617):	 total squared error = 0.0157911, marker error: RMS = 0.0225697, max = 0.0803989 (R.Acromium)
[2026-09-11 18:24:48.710] [info] Frame 38 (t = 0.633):	 total squared error = 0.0167195, marker error: RMS = 0.0232237, max = 0.0817205 (R.Acromium)
[2026-09-11 18:24:48.715] [info] Frame 39 (t = 0.65):	 total squared error = 0.0172453, marker error: RMS = 0.023586, max = 0.0829184 (R.Acromium)
[2026-09-11 18:24:48.720] [info] Frame 40 (t = 0.667):	 total squared error = 0.0172397, marker error: RMS = 0.0235822, max = 0.0838539 (R.Acromium)
[2026-09-11 18:24:48.724] [info] Frame 41 (t = 0.683):	 total squared error = 0.0172678, marker error: RMS = 0.0236014, max = 0.08446 (R.Acromium)
[2026-09-11 18:24:48.728] [info] Frame 42 (t = 0.7):	 total squared error = 0.0173237, marker error: RMS = 0.0236395, max = 0.0839114 (R.Acromium)
[2026-09-11 18:24:48.734] [info] Frame 43 (t = 0.717):	 total squared error = 0.0173879, marker error: RMS = 0.0236833, max = 0.0836562 (R.Acromium)
[2026-09-11 18:24:48.758] [info] Frame 44 (t = 0.733):	 total squared error = 0.0171901, marker error: RMS = 0.0235482, max = 0.0825087 (R.Acromium)
[2026-09-11 18:24:48.772] [info] Frame 45 (t = 0.75):	 total squared error = 0.0168458, marker error: RMS = 0.0233112, max = 0.0830813 (R.Acromium)
[2026-09-11 18:24:48.778] [info] Frame 46 (t = 0.767):	 total squared error = 0.0160008, marker error: RMS = 0.0227191, max = 0.0813796 (R.Acromium)
[2026-09-11 18:24:48.781] [info] Frame 47 (t = 0.783):	 total squared error = 0.0144241, marker error: RMS = 0.0215706, max = 0.0802486 (R.Acromium)
[2026-09-11 18:24:48.787] [info] Frame 48 (t = 0.8):	 total squared error = 0.0133143, marker error: RMS = 0.0207242, max = 0.0792382 (R.Acromium)
[2026-09-11 18:24:48.793] [info] Frame 49 (t = 0.817):	 total squared error = 0.0125309, marker error: RMS = 0.0201053, max = 0.0786394 (R.Acromium)
[2026-09-11 18:24:48.801] [info] Frame 50 (t = 0.833):	 total squared error = 0.0122546, marker error: RMS = 0.0198824, max = 0.0778174 (R.Acromium)
[2026-09-11 18:24:48.808] [info] Frame 51 (t = 0.85):	 total squared error = 0.0127341, marker error: RMS = 0.0202677, max = 0.0777366 (R.Acromium)
[2026-09-11 18:24:48.816] [info] Frame 52 (t = 0.867):	 total squared error = 0.0134639, marker error: RMS = 0.0208403, max = 0.0773649 (R.Acromium)
[2026-09-11 18:24:48.823] [info] Frame 53 (t = 0.883):	 total squared error = 0.0137898, marker error: RMS = 0.0210911, max = 0.0772778 (R.Acromium)
[2026-09-11 18:24:48.828] [info] Frame 54 (t = 0.9):	 total squared error = 0.0133451, marker error: RMS = 0.0207482, max = 0.0768 (R.Acromium)
[2026-09-11 18:24:48.831] [info] Frame 55 (t = 0.917):	 total squared error = 0.0131634, marker error: RMS = 0.0206064, max = 0.0774118 (R.Acromium)
[2026-09-11 18:24:48.836] [info] Frame 56 (t = 0.933):	 total squared error = 0.0130251, marker error: RMS = 0.0204979, max = 0.0763132 (R.Acromium)
[2026-09-11 18:24:48.842] [info] Frame 57 (t = 0.95):	 total squared error = 0.0131127, marker error: RMS = 0.0205667, max = 0.0753823 (R.Acromium)
[2026-09-11 18:24:48.845] [info] Frame 58 (t = 0.967):	 total squared error = 0.0133747, marker error: RMS = 0.0207712, max = 0.0753065 (R.Acromium)
[2026-09-11 18:24:48.850] [info] Frame 59 (t = 0.983):	 total squared error = 0.0136661, marker error: RMS = 0.0209962, max = 0.0759862 (R.Acromium)
[2026-09-11 18:24:48.854] [info] Frame 60 (t = 1.0):	 total squared error = 0.0135722, marker error: RMS = 0.0209240, max = 0.0746975 (R.Acromium)
[2026-09-11 18:24:48.856] [info] Frame 61 (t = 1.017):	 total squared error = 0.0137112, marker error: RMS = 0.0210308, max = 0.0744562 (R.Acromium)
[2026-09-11 18:24:48.862] [info] Frame 62 (t = 1.033):	 total squared error = 0.0139868, marker error: RMS = 0.0212411, max = 0.0741022 (R.Acromium)
[2026-09-11 18:24:48.868] [info] Frame 63 (t = 1.05):	 total squared error = 0.013997, marker error: RMS = 0.0212489, max = 0.0737646 (R.Acromium)
[2026-09-11 18:24:48.872] [info] Frame 64 (t = 1.067):	 total squared error = 0.0141628, marker error: RMS = 0.0213744, max = 0.0727086 (R.Acromium)
[2026-09-11 18:24:48.877] [info] Frame 65 (t = 1.083):	 total squared error = 0.0146015, marker error: RMS = 0.0217029, max = 0.0723391 (R.Acromium)
[2026-09-11 18:24:48.885] [info] Frame 66 (t = 1.1):	 total squared error = 0.0144254, marker error: RMS = 0.0215717, max = 0.071948 (R.Acromium)
[2026-09-11 18:24:48.889] [info] Frame 67 (t = 1.117):	 total squared error = 0.0142465, marker error: RMS = 0.0214375, max = 0.0719679 (R.Acromium)
[2026-09-11 18:24:48.894] [info] Frame 68 (t = 1.133):	 total squared error = 0.0137584, marker error: RMS = 0.0210670, max = 0.0716 (R.Acromium)
[2026-09-11 18:24:48.902] [info] Frame 69 (t = 1.15):	 total squared error = 0.0131056, marker error: RMS = 0.0205611, max = 0.0705953 (R.Acromium)
[2026-09-11 18:24:48.908] [info] Frame 70 (t = 1.167):	 total squared error = 0.0129811, marker error: RMS = 0.0204633, max = 0.0713593 (R.Acromium)
[2026-09-11 18:24:48.915] [info] Frame 71 (t = 1.183):	 total squared error = 0.0129524, marker error: RMS = 0.0204406, max = 0.0709042 (R.Acromium)
[2026-09-11 18:24:48.922] [info] Frame 72 (t = 1.2):	 total squared error = 0.0130692, marker error: RMS = 0.0205326, max = 0.0714616 (R.Acromium)
[2026-09-11 18:24:48.927] [info] Frame 73 (t = 1.217):	 total squared error = 0.0132399, marker error: RMS = 0.0206662, max = 0.0717795 (R.Acromium)
[2026-09-11 18:24:48.933] [info] Frame 74 (t = 1.233):	 total squared error = 0.0135127, marker error: RMS = 0.0208780, max = 0.073256 (R.Acromium)
[2026-09-11 18:24:48.939] [info] Frame 75 (t = 1.25):	 total squared error = 0.0137983, marker error: RMS = 0.0210976, max = 0.0737026 (R.Acromium)
[2026-09-11 18:24:48.944] [info] Frame 76 (t = 1.267):	 total squared error = 0.014432, marker error: RMS = 0.0215766, max = 0.0750044 (R.Acromium)
[2026-09-11 18:24:48.949] [info] Frame 77 (t = 1.283):	 total squared error = 0.0149309, marker error: RMS = 0.0219463, max = 0.0764135 (R.Acromium)
[2026-09-11 18:24:48.952] [info] Frame 78 (t = 1.3):	 total squared error = 0.015534, marker error: RMS = 0.0223852, max = 0.0776579 (R.Acromium)
[2026-09-11 18:24:48.959] [info] Frame 79 (t = 1.317):	 total squared error = 0.0162587, marker error: RMS = 0.0229014, max = 0.0795158 (R.Acromium)
[2026-09-11 18:24:48.964] [info] Frame 80 (t = 1.333):	 total squared error = 0.0164794, marker error: RMS = 0.0230563, max = 0.0798806 (R.Acromium)
[2026-09-11 18:24:48.969] [info] Frame 81 (t = 1.35):	 total squared error = 0.0166119, marker error: RMS = 0.0231488, max = 0.0812072 (R.Acromium)
[2026-09-11 18:24:48.972] [info] Frame 82 (t = 1.367):	 total squared error = 0.016252, marker error: RMS = 0.0228967, max = 0.0811745 (R.Acromium)
[2026-09-11 18:24:48.975] [info] Frame 83 (t = 1.383):	 total squared error = 0.0153859, marker error: RMS = 0.0222782, max = 0.0801986 (R.Acromium)
[2026-09-11 18:24:48.980] [info] Frame 84 (t = 1.4):	 total squared error = 0.0142493, marker error: RMS = 0.0214396, max = 0.0795047 (R.Acromium)
[2026-09-11 18:24:48.984] [info] Frame 85 (t = 1.417):	 total squared error = 0.0132846, marker error: RMS = 0.0207011, max = 0.0789605 (R.Acromium)
[2026-09-11 18:24:48.990] [info] Frame 86 (t = 1.433):	 total squared error = 0.0130003, marker error: RMS = 0.0204784, max = 0.0781905 (R.Acromium)
[2026-09-11 18:24:48.995] [info] Frame 87 (t = 1.45):	 total squared error = 0.0129573, marker error: RMS = 0.0204445, max = 0.0776377 (R.Acromium)
[2026-09-11 18:24:49.002] [info] Frame 88 (t = 1.467):	 total squared error = 0.0133396, marker error: RMS = 0.0207439, max = 0.0781268 (R.Acromium)
[2026-09-11 18:24:49.008] [info] Frame 89 (t = 1.483):	 total squared error = 0.0138119, marker error: RMS = 0.0211080, max = 0.0782053 (R.Acromium)
[2026-09-11 18:24:49.014] [info] Frame 90 (t = 1.5):	 total squared error = 0.0138891, marker error: RMS = 0.0211669, max = 0.0781573 (R.Acromium)
[2026-09-11 18:24:49.021] [info] Frame 91 (t = 1.517):	 total squared error = 0.0139111, marker error: RMS = 0.0211836, max = 0.0782505 (R.Acromium)
[2026-09-11 18:24:49.026] [info] Frame 92 (t = 1.533):	 total squared error = 0.0138624, marker error: RMS = 0.0211465, max = 0.0779573 (R.Acromium)
[2026-09-11 18:24:49.031] [info] Frame 93 (t = 1.55):	 total squared error = 0.0136983, marker error: RMS = 0.0210209, max = 0.0781612 (R.Acromium)
[2026-09-11 18:24:49.037] [info] Frame 94 (t = 1.567):	 total squared error = 0.0137181, marker error: RMS = 0.0210362, max = 0.0787979 (R.Acromium)
[2026-09-11 18:24:49.041] [info] Frame 95 (t = 1.583):	 total squared error = 0.0136656, marker error: RMS = 0.0209959, max = 0.0791776 (R.Acromium)
[2026-09-11 18:24:49.044] [info] Frame 96 (t = 1.6):	 total squared error = 0.013624, marker error: RMS = 0.0209639, max = 0.0793588 (R.Acromium)
[2026-09-11 18:24:49.048] [info] Frame 97 (t = 1.617):	 total squared error = 0.013811, marker error: RMS = 0.0211073, max = 0.0803521 (R.Acromium)
[2026-09-11 18:24:49.050] [info] Frame 98 (t = 1.633):	 total squared error = 0.0139966, marker error: RMS = 0.0212486, max = 0.0800338 (R.Acromium)
[2026-09-11 18:24:49.052] [info] Frame 99 (t = 1.65):	 total squared error = 0.0140527, marker error: RMS = 0.0212911, max = 0.0801013 (R.Acromium)
[2026-09-11 18:24:49.055] [info] Frame 100 (t = 1.667):	 total squared error = 0.0144717, marker error: RMS = 0.0216062, max = 0.0798667 (R.Acromium)
[2026-09-11 18:24:49.057] [info] Frame 101 (t = 1.683):	 total squared error = 0.0150818, marker error: RMS = 0.0220570, max = 0.0797192 (R.Acromium)
[2026-09-11 18:24:49.061] [info] Frame 102 (t = 1.7):	 total squared error = 0.0159339, marker error: RMS = 0.0226715, max = 0.0794669 (R.Acromium)
[2026-09-11 18:24:49.065] [info] Frame 103 (t = 1.717):	 total squared error = 0.0159415, marker error: RMS = 0.0226769, max = 0.0793007 (R.Acromium)
[2026-09-11 18:24:49.072] [info] Frame 104 (t = 1.733):	 total squared error = 0.0149883, marker error: RMS = 0.0219885, max = 0.079417 (R.Acromium)
[2026-09-11 18:24:49.080] [info] Frame 105 (t = 1.75):	 total squared error = 0.0143491, marker error: RMS = 0.0215145, max = 0.0791378 (R.Acromium)
[2026-09-11 18:24:49.088] [info] Frame 106 (t = 1.767):	 total squared error = 0.0143287, marker error: RMS = 0.0214992, max = 0.079657 (R.Acromium)
[2026-09-11 18:24:49.096] [info] Frame 107 (t = 1.783):	 total squared error = 0.0144668, marker error: RMS = 0.0216026, max = 0.0794143 (R.Acromium)
[2026-09-11 18:24:49.103] [info] Frame 108 (t = 1.8):	 total squared error = 0.0148477, marker error: RMS = 0.0218851, max = 0.0798173 (R.Acromium)
[2026-09-11 18:24:49.109] [info] Frame 109 (t = 1.817):	 total squared error = 0.0155922, marker error: RMS = 0.0224271, max = 0.0809965 (R.Acromium)
[2026-09-11 18:24:49.115] [info] Frame 110 (t = 1.833):	 total squared error = 0.0159692, marker error: RMS = 0.0226966, max = 0.0815845 (R.Acromium)
[2026-09-11 18:24:49.120] [info] Frame 111 (t = 1.85):	 total squared error = 0.0164168, marker error: RMS = 0.0230125, max = 0.0831867 (R.Acromium)
[2026-09-11 18:24:49.127] [info] Frame 112 (t = 1.867):	 total squared error = 0.0168495, marker error: RMS = 0.0233138, max = 0.0827412 (R.Acromium)
[2026-09-11 18:24:49.131] [info] Frame 113 (t = 1.883):	 total squared error = 0.0173616, marker error: RMS = 0.0236654, max = 0.0836535 (R.Acromium)
[2026-09-11 18:24:49.136] [info] Frame 114 (t = 1.9):	 total squared error = 0.01786, marker error: RMS = 0.0240027, max = 0.0844771 (R.Acromium)
[2026-09-11 18:24:49.141] [info] Frame 115 (t = 1.917):	 total squared error = 0.0182617, marker error: RMS = 0.0242711, max = 0.0844895 (R.Acromium)
[2026-09-11 18:24:49.147] [info] Frame 116 (t = 1.933):	 total squared error = 0.0188833, marker error: RMS = 0.0246808, max = 0.084742 (R.Acromium)
[2026-09-11 18:24:49.152] [info] Frame 117 (t = 1.95):	 total squared error = 0.0190170, marker error: RMS = 0.024768, max = 0.0836412 (R.Acromium)
[2026-09-11 18:24:49.158] [info] Frame 118 (t = 1.967):	 total squared error = 0.0191529, marker error: RMS = 0.0248563, max = 0.0832341 (R.Acromium)
[2026-09-11 18:24:49.162] [info] Frame 119 (t = 1.983):	 total squared error = 0.0190464, marker error: RMS = 0.0247871, max = 0.0819651 (R.Acromium)
[2026-09-11 18:24:49.167] [info] Frame 120 (t = 2.0):	 total squared error = 0.0180404, marker error: RMS = 0.0241236, max = 0.0809260 (R.Acromium)
[2026-09-11 18:24:49.170] [info] Frame 121 (t = 2.017):	 total squared error = 0.0168309, marker error: RMS = 0.0233009, max = 0.0796746 (R.Acromium)
[2026-09-11 18:24:49.176] [info] Frame 122 (t = 2.033):	 total squared error = 0.0155193, marker error: RMS = 0.0223746, max = 0.0791634 (R.Acromium)
[2026-09-11 18:24:49.183] [info] Frame 123 (t = 2.05):	 total squared error = 0.0146388, marker error: RMS = 0.0217306, max = 0.0782994 (R.Acromium)
[2026-09-11 18:24:49.191] [info] Frame 124 (t = 2.067):	 total squared error = 0.0144661, marker error: RMS = 0.0216021, max = 0.0788515 (R.Acromium)
[2026-09-11 18:24:49.199] [info] Frame 125 (t = 2.083):	 total squared error = 0.014357, marker error: RMS = 0.0215204, max = 0.0771493 (R.Acromium)
[2026-09-11 18:24:49.206] [info] Frame 126 (t = 2.1):	 total squared error = 0.0143425, marker error: RMS = 0.0215096, max = 0.0771815 (R.Acromium)
[2026-09-11 18:24:49.213] [info] Frame 127 (t = 2.117):	 total squared error = 0.0143867, marker error: RMS = 0.0215427, max = 0.0773402 (R.Acromium)
[2026-09-11 18:24:49.218] [info] Frame 128 (t = 2.133):	 total squared error = 0.0144814, marker error: RMS = 0.0216135, max = 0.0762471 (R.Acromium)
[2026-09-11 18:24:49.223] [info] Frame 129 (t = 2.15):	 total squared error = 0.0146866, marker error: RMS = 0.0217661, max = 0.0759407 (R.Acromium)
[2026-09-11 18:24:49.226] [info] Frame 130 (t = 2.167):	 total squared error = 0.0149946, marker error: RMS = 0.0219931, max = 0.0757652 (R.Acromium)
[2026-09-11 18:24:49.228] [info] Frame 131 (t = 2.183):	 total squared error = 0.0152674, marker error: RMS = 0.0221922, max = 0.0752674 (R.Acromium)
[2026-09-11 18:24:49.230] [info] Frame 132 (t = 2.2):	 total squared error = 0.0155477, marker error: RMS = 0.022395, max = 0.0746835 (R.Acromium)
[2026-09-11 18:24:49.236] [info] Frame 133 (t = 2.217):	 total squared error = 0.0158611, marker error: RMS = 0.0226196, max = 0.0744379 (R.Acromium)
[2026-09-11 18:24:49.241] [info] Frame 134 (t = 2.233):	 total squared error = 0.0162977, marker error: RMS = 0.0229289, max = 0.0743895 (R.Acromium)
[2026-09-11 18:24:49.246] [info] Frame 135 (t = 2.25):	 total squared error = 0.0166427, marker error: RMS = 0.0231703, max = 0.0740714 (R.Acromium)
[2026-09-11 18:24:49.251] [info] Frame 136 (t = 2.267):	 total squared error = 0.0170020, marker error: RMS = 0.0234191, max = 0.0738632 (R.Acromium)
[2026-09-11 18:24:49.257] [info] Frame 137 (t = 2.283):	 total squared error = 0.0172791, marker error: RMS = 0.0236091, max = 0.0741030 (R.Acromium)
[2026-09-11 18:24:49.263] [info] Frame 138 (t = 2.3):	 total squared error = 0.0176715, marker error: RMS = 0.0238757, max = 0.0732222 (R.Acromium)
[2026-09-11 18:24:49.267] [info] Frame 139 (t = 2.317):	 total squared error = 0.0174943, marker error: RMS = 0.0237557, max = 0.0722884 (R.Acromium)
[2026-09-11 18:24:49.273] [info] Frame 140 (t = 2.333):	 total squared error = 0.0173556, marker error: RMS = 0.0236613, max = 0.0717868 (R.Acromium)
[2026-09-11 18:24:49.276] [info] Frame 141 (t = 2.35):	 total squared error = 0.0170370, marker error: RMS = 0.0234431, max = 0.0713253 (R.Acromium)
[2026-09-11 18:24:49.281] [info] Frame 142 (t = 2.367):	 total squared error = 0.0171033, marker error: RMS = 0.0234887, max = 0.0712371 (R.Acromium)
[2026-09-11 18:24:49.287] [info] Frame 143 (t = 2.383):	 total squared error = 0.016942, marker error: RMS = 0.0233777, max = 0.0711868 (R.Acromium)
[2026-09-11 18:24:49.294] [info] Frame 144 (t = 2.4):	 total squared error = 0.0169917, marker error: RMS = 0.0234119, max = 0.0706507 (R.Acromium)
[2026-09-11 18:24:49.299] [info] Frame 145 (t = 2.417):	 total squared error = 0.0171758, marker error: RMS = 0.0235385, max = 0.0707777 (R.Acromium)
[2026-09-11 18:24:49.305] [info] Frame 146 (t = 2.433):	 total squared error = 0.0175006, marker error: RMS = 0.0237599, max = 0.0713157 (R.Acromium)
[2026-09-11 18:24:49.310] [info] Frame 147 (t = 2.45):	 total squared error = 0.0180164, marker error: RMS = 0.0241075, max = 0.0718536 (R.Acromium)
[2026-09-11 18:24:49.316] [info] Frame 148 (t = 2.467):	 total squared error = 0.0185153, marker error: RMS = 0.0244391, max = 0.0728499 (R.Acromium)
[2026-09-11 18:24:49.320] [info] Frame 149 (t = 2.483):	 total squared error = 0.0189276, marker error: RMS = 0.0247097, max = 0.0737366 (R.Acromium)
[2026-09-11 18:24:49.324] [info] Frame 150 (t = 2.5):	 total squared error = 0.0198518, marker error: RMS = 0.0253057, max = 0.0754372 (R.Acromium)
[2026-09-11 18:24:49.326] [info] InverseKinematicsTool completed 121 frames in 663 millisecond(s).
[2026-09-11 20:07:57.170] [info] Preparing to run AnalyzeTool.
[2026-09-11 20:07:57.171] [info] AbstractTool zz_bsolve loading model subject01_simbody.osim
[2026-09-11 20:07:57.195] [info] Loaded model subject01 from file subject01_simbody.osim
[2026-09-11 20:07:57.195] [warning] Couldn't find file 'treadmill.vtp'.
[2026-09-11 20:07:57.196] [warning] Couldn't find file 'sacrum.vtp'.
[2026-09-11 20:07:57.196] [warning] Couldn't find file 'pelvis.vtp'.
[2026-09-11 20:07:57.196] [warning] Couldn't find file 'l_pelvis.vtp'.
[2026-09-11 20:07:57.196] [warning] Couldn't find file 'femur_r.vtp'.
[2026-09-11 20:07:57.196] [warning] Couldn't find file 'tibia_r.vtp'.
[2026-09-11 20:07:57.196] [warning] Couldn't find file 'fibula.vtp'.
[2026-09-11 20:07:57.196] [warning] Couldn't find file 'talus.vtp'.
[2026-09-11 20:07:57.196] [warning] Couldn't find file 'foot.vtp'.
[2026-09-11 20:07:57.196] [warning] Couldn't find file 'bofoot.vtp'.
[2026-09-11 20:07:57.196] [warning] Couldn't find file 'femur_l.vtp'.
[2026-09-11 20:07:57.196] [warning] Couldn't find file 'tibia_l.vtp'.
[2026-09-11 20:07:57.196] [warning] Couldn't find file 'l_fibula.vtp'.
[2026-09-11 20:07:57.196] [warning] Couldn't find file 'l_talus.vtp'.
[2026-09-11 20:07:57.196] [warning] Couldn't find file 'l_foot.vtp'.
[2026-09-11 20:07:57.197] [warning] Couldn't find file 'l_bofoot.vtp'.
[2026-09-11 20:07:57.197] [warning] Couldn't find file 'hat_spine.vtp'.
[2026-09-11 20:07:57.197] [warning] Couldn't find file 'hat_jaw.vtp'.
[2026-09-11 20:07:57.197] [warning] Couldn't find file 'hat_skull.vtp'.
[2026-09-11 20:07:57.197] [warning] Couldn't find file 'hat_ribs.vtp'.
[2026-09-11 20:07:57.202] [info] No external loads will be applied (external loads file not specified).
[2026-09-11 20:07:57.218] [info] Loading coordinates from file 'subject01_walk1_ik.mot'.
[2026-09-11 20:07:57.218] [info] Storage: read data file = subject01_walk1_ik.mot (nr=121 nc=24)
[2026-09-11 20:07:57.249] [info] Found 121 state vectors with time stamps ranging from 0.5 to 2.5.
[2026-09-11 20:07:57.249] [info] Executing the analyses from 0.5 to 2.5...
[2026-09-11 20:08:11.788] [info] Printing results of investigation zz_bsolve to ./ResultsBSolve
[2026-09-11 20:08:12.278] [error] The provided file 'zz_bsolve_so.xml' does not define an OpenSim Tool. Did you intend to load a plugin?
[2026-09-11 20:09:42.057] [info] Preparing to run AnalyzeTool.
[2026-09-11 20:09:42.057] [info] AbstractTool zz_bsolve loading model subject01_simbody.osim
[2026-09-11 20:09:42.079] [info] Loaded model subject01 from file subject01_simbody.osim
[2026-09-11 20:09:42.080] [warning] Couldn't find file 'treadmill.vtp'.
[2026-09-11 20:09:42.080] [warning] Couldn't find file 'sacrum.vtp'.
[2026-09-11 20:09:42.080] [warning] Couldn't find file 'pelvis.vtp'.
[2026-09-11 20:09:42.080] [warning] Couldn't find file 'l_pelvis.vtp'.
[2026-09-11 20:09:42.080] [warning] Couldn't find file 'femur_r.vtp'.
[2026-09-11 20:09:42.080] [warning] Couldn't find file 'tibia_r.vtp'.
[2026-09-11 20:09:42.080] [warning] Couldn't find file 'fibula.vtp'.
[2026-09-11 20:09:42.080] [warning] Couldn't find file 'talus.vtp'.
[2026-09-11 20:09:42.080] [warning] Couldn't find file 'foot.vtp'.
[2026-09-11 20:09:42.080] [warning] Couldn't find file 'bofoot.vtp'.
[2026-09-11 20:09:42.080] [warning] Couldn't find file 'femur_l.vtp'.
[2026-09-11 20:09:42.080] [warning] Couldn't find file 'tibia_l.vtp'.
[2026-09-11 20:09:42.080] [warning] Couldn't find file 'l_fibula.vtp'.
[2026-09-11 20:09:42.080] [warning] Couldn't find file 'l_talus.vtp'.
[2026-09-11 20:09:42.080] [warning] Couldn't find file 'l_foot.vtp'.
[2026-09-11 20:09:42.081] [warning] Couldn't find file 'l_bofoot.vtp'.
[2026-09-11 20:09:42.081] [warning] Couldn't find file 'hat_spine.vtp'.
[2026-09-11 20:09:42.081] [warning] Couldn't find file 'hat_jaw.vtp'.
[2026-09-11 20:09:42.081] [warning] Couldn't find file 'hat_skull.vtp'.
[2026-09-11 20:09:42.081] [warning] Couldn't find file 'hat_ribs.vtp'.
[2026-09-11 20:09:42.099] [info] ExternalLoads 'Ex2' was renamed and is being reset to 'externalloads'.
[2026-09-11 20:09:42.109] [info] Storage: read data file = subject01_walk1_grf.mot (nr=1501 nc=19)
[2026-09-11 20:09:42.119] [info] ExternalForce::ExternalForce_1 Data source being set to subject01_walk1_grf.mot
[2026-09-11 20:09:42.119] [info] ExternalForce::ExternalForce_2 Data source being set to subject01_walk1_grf.mot
[2026-09-11 20:09:42.130] [info] Loading coordinates from file 'subject01_walk1_ik.mot'.
[2026-09-11 20:09:42.130] [info] Storage: read data file = subject01_walk1_ik.mot (nr=121 nc=24)
[2026-09-11 20:09:42.131] [info] Low-pass filtering coordinates data with a cutoff frequency of 6.0...
[2026-09-11 20:09:42.241] [info] Found 250 state vectors with time stamps ranging from -0.5 to 3.484.
[2026-09-11 20:09:42.241] [info] Executing the analyses from 0.492 to 2.492...
[2026-09-11 20:09:42.532] [info] Storage: read data file = subject01_walk1_grf.mot (nr=1501 nc=19)
[2026-09-11 20:09:42.542] [info] ExternalForce::ExternalForce_1 Data source being set to subject01_walk1_grf.mot
[2026-09-11 20:09:42.542] [info] ExternalForce::ExternalForce_2 Data source being set to subject01_walk1_grf.mot
[2026-09-11 20:09:42.558] [info] Storage: read data file = subject01_walk1_grf.mot (nr=1501 nc=19)
[2026-09-11 20:09:42.569] [info] ExternalForce::ExternalForce_1 Data source being set to subject01_walk1_grf.mot
[2026-09-11 20:09:42.569] [info] ExternalForce::ExternalForce_2 Data source being set to subject01_walk1_grf.mot
[2026-09-11 20:09:44.703] [warning] SimTK Exception thrown at InteriorPointOptimizer.cpp:264:
  Optimizer failed: Ipopt: Maximum iterations exceeded (status -1)
[2026-09-11 20:09:44.703] [warning] OPTIMIZATION FAILED...
[2026-09-11 20:09:44.703] [warning] StaticOptimization.record: The optimizer could not find a solution at time = 0.492.
[2026-09-11 20:09:44.703] [warning] The model appears unsuitable for static optimization.
Try appending the model with additional force(s) or locking joint(s) to reduce the following acceleration constraint violation(s):
   pelvis_tilt: constraint violation = -1.62554
   pelvis_tilt: constraint violation = 1.08382
   pelvis_tilt: constraint violation = -0.802042
   pelvis_tilt: constraint violation = -0.00297979
   pelvis_tilt: constraint violation = 0.782274
   pelvis_tilt: constraint violation = -0.221728
   pelvis_tilt: constraint violation = 4.99337
   pelvis_tilt: constraint violation = 1.11789
   pelvis_tilt: constraint violation = -0.37438
   pelvis_tilt: constraint violation = -1.65604
   pelvis_tilt: constraint violation = -1.96896
   pelvis_tilt: constraint violation = -0.0484321
   pelvis_tilt: constraint violation = 4.89416
   pelvis_tilt: constraint violation = -3.24641
   pelvis_tilt: constraint violation = 0.0781703
   pelvis_tilt: constraint violation = 0.88781
   pelvis_tilt: constraint violation = -0.752323
   pelvis_tilt: constraint violation = 89.4912
   pelvis_tilt: constraint violation = 143.157
   pelvis_tilt: constraint violation = 3.51553
   pelvis_tilt: constraint violation = -7.26476
   pelvis_tilt: constraint violation = 53.6985
   pelvis_tilt: constraint violation = 56.7555

[2026-09-11 20:09:44.704] [cout] [info] time = 0.492 Performance = 1.30041 Constraint violation = 186.404
[2026-09-11 20:09:44.705] [info] Bounds for 'glut_med1_r': 0.01 to 1.0.
[2026-09-11 20:09:44.705] [info] Bounds for 'glut_med2_r': 0.01 to 1.0.
[2026-09-11 20:09:44.705] [info] Bounds for 'glut_med3_r': 0.01 to 1.0.
[2026-09-11 20:09:44.705] [info] Bounds for 'glut_min1_r': 0.01 to 1.0.
[2026-09-11 20:09:44.705] [info] Bounds for 'glut_min2_r': 0.01 to 1.0.
[2026-09-11 20:09:44.705] [info] Bounds for 'glut_min3_r': 0.01 to 1.0.
[2026-09-11 20:09:44.705] [info] Bounds for 'semimem_r': 0.01 to 1.0.
[2026-09-11 20:09:44.705] [info] Bounds for 'semiten_r': 0.01 to 1.0.
[2026-09-11 20:09:44.705] [info] Bounds for 'bifemlh_r': 0.01 to 1.0.
[2026-09-11 20:09:44.705] [info] Bounds for 'bifemsh_r': 0.01 to 1.0.
[2026-09-11 20:09:44.705] [info] Bounds for 'sar_r': 0.01 to 1.0.
[2026-09-11 20:09:44.705] [info] Bounds for 'add_long_r': 0.01 to 1.0.
[2026-09-11 20:09:44.705] [info] Bounds for 'add_brev_r': 0.01 to 1.0.
[2026-09-11 20:09:44.705] [info] Bounds for 'add_mag1_r': 0.01 to 1.0.
[2026-09-11 20:09:44.705] [info] Bounds for 'add_mag2_r': 0.01 to 1.0.
[2026-09-11 20:09:44.705] [info] Bounds for 'add_mag3_r': 0.01 to 1.0.
[2026-09-11 20:09:44.705] [info] Bounds for 'tfl_r': 0.01 to 1.0.
[2026-09-11 20:09:44.705] [info] Bounds for 'pect_r': 0.01 to 1.0.
[2026-09-11 20:09:44.705] [info] Bounds for 'grac_r': 0.01 to 1.0.
[2026-09-11 20:09:44.705] [info] Bounds for 'glut_max1_r': 0.01 to 1.0.
[2026-09-11 20:09:44.705] [info] Bounds for 'glut_max2_r': 0.01 to 1.0.
[2026-09-11 20:09:44.705] [info] Bounds for 'glut_max3_r': 0.01 to 1.0.
[2026-09-11 20:09:44.705] [info] Bounds for 'iliacus_r': 0.01 to 1.0.
[2026-09-11 20:09:44.705] [info] Bounds for 'psoas_r': 0.01 to 1.0.
[2026-09-11 20:09:44.705] [info] Bounds for 'quad_fem_r': 0.01 to 1.0.
[2026-09-11 20:09:44.705] [info] Bounds for 'gem_r': 0.01 to 1.0.
[2026-09-11 20:09:44.705] [info] Bounds for 'peri_r': 0.01 to 1.0.
[2026-09-11 20:09:44.705] [info] Bounds for 'rect_fem_r': 0.01 to 1.0.
[2026-09-11 20:09:44.705] [info] Bounds for 'vas_med_r': 0.01 to 1.0.
[2026-09-11 20:09:44.705] [info] Bounds for 'vas_int_r': 0.01 to 1.0.
[2026-09-11 20:09:44.705] [info] Bounds for 'vas_lat_r': 0.01 to 1.0.
[2026-09-11 20:09:44.705] [info] Bounds for 'med_gas_r': 0.01 to 1.0.
[2026-09-11 20:09:44.705] [info] Bounds for 'lat_gas_r': 0.01 to 1.0.
[2026-09-11 20:09:44.705] [info] Bounds for 'soleus_r': 0.01 to 1.0.
[2026-09-11 20:09:44.705] [info] Bounds for 'tib_post_r': 0.01 to 1.0.
[2026-09-11 20:09:44.705] [info] Bounds for 'flex_dig_r': 0.01 to 1.0.
[2026-09-11 20:09:44.705] [info] Bounds for 'flex_hal_r': 0.01 to 1.0.
[2026-09-11 20:09:44.705] [info] Bounds for 'tib_ant_r': 0.01 to 1.0.
[2026-09-11 20:09:44.705] [info] Bounds for 'per_brev_r': 0.01 to 1.0.
[2026-09-11 20:09:44.705] [info] Bounds for 'per_long_r': 0.01 to 1.0.
[2026-09-11 20:09:44.705] [info] Bounds for 'per_tert_r': 0.01 to 1.0.
[2026-09-11 20:09:44.705] [info] Bounds for 'ext_dig_r': 0.01 to 1.0.
[2026-09-11 20:09:44.705] [info] Bounds for 'ext_hal_r': 0.01 to 1.0.
[2026-09-11 20:09:44.705] [info] Bounds for 'glut_med1_l': 0.01 to 1.0.
[2026-09-11 20:09:44.706] [info] Bounds for 'glut_med2_l': 0.01 to 1.0.
[2026-09-11 20:09:44.706] [info] Bounds for 'glut_med3_l': 0.01 to 1.0.
[2026-09-11 20:09:44.706] [info] Bounds for 'glut_min1_l': 0.01 to 1.0.
[2026-09-11 20:09:44.706] [info] Bounds for 'glut_min2_l': 0.01 to 1.0.
[2026-09-11 20:09:44.706] [info] Bounds for 'glut_min3_l': 0.01 to 1.0.
[2026-09-11 20:09:44.706] [info] Bounds for 'semimem_l': 0.01 to 1.0.
[2026-09-11 20:09:44.706] [info] Bounds for 'semiten_l': 0.01 to 1.0.
[2026-09-11 20:09:44.706] [info] Bounds for 'bifemlh_l': 0.01 to 1.0.
[2026-09-11 20:09:44.706] [info] Bounds for 'bifemsh_l': 0.01 to 1.0.
[2026-09-11 20:09:44.706] [info] Bounds for 'sar_l': 0.01 to 1.0.
[2026-09-11 20:09:44.706] [info] Bounds for 'add_long_l': 0.01 to 1.0.
[2026-09-11 20:09:44.706] [info] Bounds for 'add_brev_l': 0.01 to 1.0.
[2026-09-11 20:09:44.706] [info] Bounds for 'add_mag1_l': 0.01 to 1.0.
[2026-09-11 20:09:44.706] [info] Bounds for 'add_mag2_l': 0.01 to 1.0.
[2026-09-11 20:09:44.706] [info] Bounds for 'add_mag3_l': 0.01 to 1.0.
[2026-09-11 20:09:44.706] [info] Bounds for 'tfl_l': 0.01 to 1.0.
[2026-09-11 20:09:44.706] [info] Bounds for 'pect_l': 0.01 to 1.0.
[2026-09-11 20:09:44.706] [info] Bounds for 'grac_l': 0.01 to 1.0.
[2026-09-11 20:09:44.706] [info] Bounds for 'glut_max1_l': 0.01 to 1.0.
[2026-09-11 20:09:44.706] [info] Bounds for 'glut_max2_l': 0.01 to 1.0.
[2026-09-11 20:09:44.706] [info] Bounds for 'glut_max3_l': 0.01 to 1.0.
[2026-09-11 20:09:44.706] [info] Bounds for 'iliacus_l': 0.01 to 1.0.
[2026-09-11 20:09:44.706] [info] Bounds for 'psoas_l': 0.01 to 1.0.
[2026-09-11 20:09:44.706] [info] Bounds for 'quad_fem_l': 0.01 to 1.0.
[2026-09-11 20:09:44.706] [info] Bounds for 'gem_l': 0.01 to 1.0.
[2026-09-11 20:09:44.706] [info] Bounds for 'peri_l': 0.01 to 1.0.
[2026-09-11 20:09:44.706] [info] Bounds for 'rect_fem_l': 0.01 to 1.0.
[2026-09-11 20:09:44.706] [info] Bounds for 'vas_med_l': 0.01 to 1.0.
[2026-09-11 20:09:44.706] [info] Bounds for 'vas_int_l': 0.01 to 1.0.
[2026-09-11 20:09:44.706] [info] Bounds for 'vas_lat_l': 0.01 to 1.0.
[2026-09-11 20:09:44.706] [info] Bounds for 'med_gas_l': 0.01 to 1.0.
[2026-09-11 20:09:44.706] [info] Bounds for 'lat_gas_l': 0.01 to 1.0.
[2026-09-11 20:09:44.706] [info] Bounds for 'soleus_l': 0.01 to 1.0.
[2026-09-11 20:09:44.706] [info] Bounds for 'tib_post_l': 0.01 to 1.0.
[2026-09-11 20:09:44.706] [info] Bounds for 'flex_dig_l': 0.01 to 1.0.
[2026-09-11 20:09:44.706] [info] Bounds for 'flex_hal_l': 0.01 to 1.0.
[2026-09-11 20:09:44.706] [info] Bounds for 'tib_ant_l': 0.01 to 1.0.
[2026-09-11 20:09:44.706] [info] Bounds for 'per_brev_l': 0.01 to 1.0.
[2026-09-11 20:09:44.706] [info] Bounds for 'per_long_l': 0.01 to 1.0.
[2026-09-11 20:09:44.706] [info] Bounds for 'per_tert_l': 0.01 to 1.0.
[2026-09-11 20:09:44.706] [info] Bounds for 'ext_dig_l': 0.01 to 1.0.
[2026-09-11 20:09:44.706] [info] Bounds for 'ext_hal_l': 0.01 to 1.0.
[2026-09-11 20:09:44.706] [info] Bounds for 'ercspn_r': 0.01 to 1.0.
[2026-09-11 20:09:44.706] [info] Bounds for 'ercspn_l': 0.01 to 1.0.
[2026-09-11 20:09:44.706] [info] Bounds for 'intobl_r': 0.01 to 1.0.
[2026-09-11 20:09:44.706] [info] Bounds for 'intobl_l': 0.01 to 1.0.
[2026-09-11 20:09:44.706] [info] Bounds for 'extobl_r': 0.01 to 1.0.
[2026-09-11 20:09:44.706] [info] Bounds for 'extobl_l': 0.01 to 1.0.
[2026-09-11 20:09:45.922] [warning] SimTK Exception thrown at InteriorPointOptimizer.cpp:264:
  Optimizer failed: Ipopt: Maximum iterations exceeded (status -1)
[2026-09-11 20:09:45.922] [warning] OPTIMIZATION FAILED...
[2026-09-11 20:09:45.922] [warning] StaticOptimization.record: The optimizer could not find a solution at time = 0.508000.
[2026-09-11 20:09:45.922] [warning] The model appears unsuitable for static optimization.
Try appending the model with additional force(s) or locking joint(s) to reduce the following acceleration constraint violation(s):
   pelvis_tilt: constraint violation = -1.80889
   pelvis_tilt: constraint violation = 1.03566
   pelvis_tilt: constraint violation = -0.997518
   pelvis_tilt: constraint violation = -0.00300373
   pelvis_tilt: constraint violation = 0.763201
   pelvis_tilt: constraint violation = -0.161146
   pelvis_tilt: constraint violation = 3.6205
   pelvis_tilt: constraint violation = 0.746533
   pelvis_tilt: constraint violation = -0.198681
   pelvis_tilt: constraint violation = -1.68601
   pelvis_tilt: constraint violation = -1.79953
   pelvis_tilt: constraint violation = -0.0256479
   pelvis_tilt: constraint violation = 4.11744
   pelvis_tilt: constraint violation = -1.92088
   pelvis_tilt: constraint violation = -0.0652819
   pelvis_tilt: constraint violation = 1.36368
   pelvis_tilt: constraint violation = -1.0446
   pelvis_tilt: constraint violation = 70.4482
   pelvis_tilt: constraint violation = 109.224
   pelvis_tilt: constraint violation = 1.97982
   pelvis_tilt: constraint violation = -5.97094
   pelvis_tilt: constraint violation = 43.5328
   pelvis_tilt: constraint violation = 47.9275

[2026-09-11 20:09:45.922] [cout] [info] time = 0.508000 Performance = 1.5186 Constraint violation = 145.512
[2026-09-11 20:09:47.674] [warning] SimTK Exception thrown at InteriorPointOptimizer.cpp:264:
  Optimizer failed: Ipopt: Maximum iterations exceeded (status -1)
[2026-09-11 20:09:47.674] [warning] OPTIMIZATION FAILED...
[2026-09-11 20:09:47.674] [warning] StaticOptimization.record: The optimizer could not find a solution at time = 0.524.
[2026-09-11 20:09:47.675] [warning] The model appears unsuitable for static optimization.
Try appending the model with additional force(s) or locking joint(s) to reduce the following acceleration constraint violation(s):
   pelvis_tilt: constraint violation = -1.92663
   pelvis_tilt: constraint violation = 0.815272
   pelvis_tilt: constraint violation = -1.32725
   pelvis_tilt: constraint violation = -0.00264903
   pelvis_tilt: constraint violation = 0.536846
   pelvis_tilt: constraint violation = -0.0865205
   pelvis_tilt: constraint violation = 2.42589
   pelvis_tilt: constraint violation = 0.31047
   pelvis_tilt: constraint violation = -0.0793169
   pelvis_tilt: constraint violation = -1.24185
   pelvis_tilt: constraint violation = -1.36269
   pelvis_tilt: constraint violation = 0.0118125
   pelvis_tilt: constraint violation = 3.21165
   pelvis_tilt: constraint violation = -0.440187
   pelvis_tilt: constraint violation = -0.255581
   pelvis_tilt: constraint violation = 1.67631
   pelvis_tilt: constraint violation = -0.763281
   pelvis_tilt: constraint violation = 68.2932
   pelvis_tilt: constraint violation = 89.9412
   pelvis_tilt: constraint violation = -0.254018
   pelvis_tilt: constraint violation = -4.58316
   pelvis_tilt: constraint violation = 31.8587
   pelvis_tilt: constraint violation = 36.2105

[2026-09-11 20:09:47.675] [cout] [info] time = 0.524 Performance = 1.8478 Constraint violation = 123.006
[2026-09-11 20:09:49.235] [warning] SimTK Exception thrown at InteriorPointOptimizer.cpp:264:
  Optimizer failed: Ipopt: Maximum iterations exceeded (status -1)
[2026-09-11 20:09:49.235] [warning] OPTIMIZATION FAILED...
[2026-09-11 20:09:49.235] [warning] StaticOptimization.record: The optimizer could not find a solution at time = 0.54.
[2026-09-11 20:09:49.236] [warning] The model appears unsuitable for static optimization.
Try appending the model with additional force(s) or locking joint(s) to reduce the following acceleration constraint violation(s):
   pelvis_tilt: constraint violation = -1.71405
   pelvis_tilt: constraint violation = 0.529015
   pelvis_tilt: constraint violation = -1.71675
   pelvis_tilt: constraint violation = -0.00268176
   pelvis_tilt: constraint violation = 0.326045
   pelvis_tilt: constraint violation = -0.00935606
   pelvis_tilt: constraint violation = 0.487048
   pelvis_tilt: constraint violation = -0.3377
   pelvis_tilt: constraint violation = -0.0645237
   pelvis_tilt: constraint violation = -0.540225
   pelvis_tilt: constraint violation = -0.988479
   pelvis_tilt: constraint violation = 0.0663712
   pelvis_tilt: constraint violation = 1.99892
   pelvis_tilt: constraint violation = 0.980939
   pelvis_tilt: constraint violation = -0.496014
   pelvis_tilt: constraint violation = 0.854287
   pelvis_tilt: constraint violation = -0.293208
   pelvis_tilt: constraint violation = 52.9501
   pelvis_tilt: constraint violation = 56.363
   pelvis_tilt: constraint violation = -3.7866
   pelvis_tilt: constraint violation = -3.0421
   pelvis_tilt: constraint violation = 17.4402
   pelvis_tilt: constraint violation = 22.3294

[2026-09-11 20:09:49.236] [cout] [info] time = 0.54 Performance = 2.31863 Constraint violation = 82.588
[2026-09-11 20:09:50.809] [warning] SimTK Exception thrown at InteriorPointOptimizer.cpp:264:
  Optimizer failed: Ipopt: Maximum iterations exceeded (status -1)
[2026-09-11 20:09:50.810] [warning] OPTIMIZATION FAILED...
[2026-09-11 20:09:50.810] [warning] StaticOptimization.record: The optimizer could not find a solution at time = 0.556.
[2026-09-11 20:09:50.810] [warning] The model appears unsuitable for static optimization.
Try appending the model with additional force(s) or locking joint(s) to reduce the following acceleration constraint violation(s):
   pelvis_tilt: constraint violation = -1.63109
   pelvis_tilt: constraint violation = 0.218904
   pelvis_tilt: constraint violation = -1.83785
   pelvis_tilt: constraint violation = -0.00188019
   pelvis_tilt: constraint violation = 0.179756
   pelvis_tilt: constraint violation = 0.0561017
   pelvis_tilt: constraint violation = -0.96904
   pelvis_tilt: constraint violation = -1.09855
   pelvis_tilt: constraint violation = -0.14234
   pelvis_tilt: constraint violation = 0.274599
   pelvis_tilt: constraint violation = -0.542015
   pelvis_tilt: constraint violation = 0.122299
   pelvis_tilt: constraint violation = 0.988773
   pelvis_tilt: constraint violation = 2.13096
   pelvis_tilt: constraint violation = -0.628312
   pelvis_tilt: constraint violation = -0.238952
   pelvis_tilt: constraint violation = 0.402479
   pelvis_tilt: constraint violation = 44.0124
   pelvis_tilt: constraint violation = 32.6295
   pelvis_tilt: constraint violation = -7.6959
   pelvis_tilt: constraint violation = -1.56465
   pelvis_tilt: constraint violation = 5.59167
   pelvis_tilt: constraint violation = 12.944

[2026-09-11 20:09:50.810] [cout] [info] time = 0.556 Performance = 2.79799 Constraint violation = 57.2456
[2026-09-11 20:09:52.015] [warning] SimTK Exception thrown at InteriorPointOptimizer.cpp:264:
  Optimizer failed: Ipopt: Maximum iterations exceeded (status -1)
[2026-09-11 20:09:52.016] [warning] OPTIMIZATION FAILED...
[2026-09-11 20:09:52.016] [warning] StaticOptimization.record: The optimizer could not find a solution at time = 0.572.
[2026-09-11 20:09:52.016] [warning] The model appears too weak for static optimization.
Try increasing the strength and/or range of the following force(s):
   glut_med1_l approaching upper bound of 1

[2026-09-11 20:09:52.016] [cout] [info] time = 0.572 Performance = 3.38374 Constraint violation = 54.279
[2026-09-11 20:09:53.067] [warning] SimTK Exception thrown at InteriorPointOptimizer.cpp:264:
  Optimizer failed: Ipopt: Maximum iterations exceeded (status -1)
[2026-09-11 20:09:53.067] [warning] OPTIMIZATION FAILED...
[2026-09-11 20:09:53.067] [warning] StaticOptimization.record: The optimizer could not find a solution at time = 0.588.
[2026-09-11 20:09:53.067] [warning] The model appears too weak for static optimization.
Try increasing the strength and/or range of the following force(s):
   glut_med1_l approaching upper bound of 1
   med_gas_l approaching upper bound of 1

[2026-09-11 20:09:53.067] [cout] [info] time = 0.588 Performance = 3.71383 Constraint violation = 61.6965
[2026-09-11 20:09:54.098] [warning] SimTK Exception thrown at InteriorPointOptimizer.cpp:264:
  Optimizer failed: Ipopt: Maximum iterations exceeded (status -1)
[2026-09-11 20:09:54.098] [warning] OPTIMIZATION FAILED...
[2026-09-11 20:09:54.098] [warning] StaticOptimization.record: The optimizer could not find a solution at time = 0.604000.
[2026-09-11 20:09:54.098] [warning] The model appears too weak for static optimization.
Try increasing the strength and/or range of the following force(s):
   glut_med1_l approaching upper bound of 1
   med_gas_l approaching upper bound of 1

[2026-09-11 20:09:54.098] [cout] [info] time = 0.604000 Performance = 3.75181 Constraint violation = 71.8752
[2026-09-11 20:09:55.255] [warning] SimTK Exception thrown at InteriorPointOptimizer.cpp:264:
  Optimizer failed: Ipopt: Maximum iterations exceeded (status -1)
[2026-09-11 20:09:55.255] [warning] OPTIMIZATION FAILED...
[2026-09-11 20:09:55.255] [warning] StaticOptimization.record: The optimizer could not find a solution at time = 0.62.
[2026-09-11 20:09:55.255] [warning] The model appears too weak for static optimization.
Try increasing the strength and/or range of the following force(s):
   glut_med1_l approaching upper bound of 1
   med_gas_l approaching upper bound of 1

[2026-09-11 20:09:55.255] [cout] [info] time = 0.62 Performance = 3.65008 Constraint violation = 67.3285
[2026-09-11 20:09:56.402] [warning] SimTK Exception thrown at InteriorPointOptimizer.cpp:264:
  Optimizer failed: Ipopt: Maximum iterations exceeded (status -1)
[2026-09-11 20:09:56.402] [warning] OPTIMIZATION FAILED...
[2026-09-11 20:09:56.402] [warning] StaticOptimization.record: The optimizer could not find a solution at time = 0.636.
[2026-09-11 20:09:56.403] [warning] The model appears unsuitable for static optimization.
Try appending the model with additional force(s) or locking joint(s) to reduce the following acceleration constraint violation(s):
   pelvis_tilt: constraint violation = -0.955175
   pelvis_tilt: constraint violation = -0.419559
   pelvis_tilt: constraint violation = -2.11573
   pelvis_tilt: constraint violation = -0.00284819
   pelvis_tilt: constraint violation = 0.123254
   pelvis_tilt: constraint violation = 0.0812735
   pelvis_tilt: constraint violation = -1.90952
   pelvis_tilt: constraint violation = -1.77172
   pelvis_tilt: constraint violation = -0.213418
   pelvis_tilt: constraint violation = 0.490839
   pelvis_tilt: constraint violation = -0.504592
   pelvis_tilt: constraint violation = 0.199949
   pelvis_tilt: constraint violation = 1.57979
   pelvis_tilt: constraint violation = 2.12888
   pelvis_tilt: constraint violation = -0.708591
   pelvis_tilt: constraint violation = -0.464179
   pelvis_tilt: constraint violation = 0.305994
   pelvis_tilt: constraint violation = 18.227
   pelvis_tilt: constraint violation = 16.026
   pelvis_tilt: constraint violation = -5.80795
   pelvis_tilt: constraint violation = -1.08005
   pelvis_tilt: constraint violation = 0.27191
   pelvis_tilt: constraint violation = 5.41426

[2026-09-11 20:09:56.403] [cout] [info] time = 0.636 Performance = 3.29017 Constraint violation = 25.9641
[2026-09-11 20:09:57.809] [warning] SimTK Exception thrown at InteriorPointOptimizer.cpp:264:
  Optimizer failed: Ipopt: Maximum iterations exceeded (status -1)
[2026-09-11 20:09:57.809] [warning] OPTIMIZATION FAILED...
[2026-09-11 20:09:57.809] [warning] StaticOptimization.record: The optimizer could not find a solution at time = 0.652.
[2026-09-11 20:09:57.810] [warning] The model appears unsuitable for static optimization.
Try appending the model with additional force(s) or locking joint(s) to reduce the following acceleration constraint violation(s):
   pelvis_tilt: constraint violation = 0.190317
   pelvis_tilt: constraint violation = 0.926919
   pelvis_tilt: constraint violation = -1.16596
   pelvis_tilt: constraint violation = -0.00477774
   pelvis_tilt: constraint violation = -0.356487
   pelvis_tilt: constraint violation = -0.011263
   pelvis_tilt: constraint violation = -5.43756
   pelvis_tilt: constraint violation = -0.0806123
   pelvis_tilt: constraint violation = -0.0766233
   pelvis_tilt: constraint violation = 0.157592
   pelvis_tilt: constraint violation = -0.979998
   pelvis_tilt: constraint violation = 0.106745
   pelvis_tilt: constraint violation = -0.197078
   pelvis_tilt: constraint violation = 0.52044
   pelvis_tilt: constraint violation = -0.266863
   pelvis_tilt: constraint violation = -2.3235
   pelvis_tilt: constraint violation = -0.204904
   pelvis_tilt: constraint violation = -19.0006
   pelvis_tilt: constraint violation = -25.3441
   pelvis_tilt: constraint violation = -0.449467
   pelvis_tilt: constraint violation = -1.10888
   pelvis_tilt: constraint violation = -6.13589
   pelvis_tilt: constraint violation = -14.6142

[2026-09-11 20:09:57.810] [cout] [info] time = 0.652 Performance = 2.86421 Constraint violation = 35.9831
[2026-09-11 20:09:59.386] [warning] SimTK Exception thrown at InteriorPointOptimizer.cpp:264:
  Optimizer failed: Ipopt: Maximum iterations exceeded (status -1)
[2026-09-11 20:09:59.386] [warning] OPTIMIZATION FAILED...
[2026-09-11 20:09:59.386] [warning] StaticOptimization.record: The optimizer could not find a solution at time = 0.668.
[2026-09-11 20:09:59.387] [warning] The model appears unsuitable for static optimization.
Try appending the model with additional force(s) or locking joint(s) to reduce the following acceleration constraint violation(s):
   pelvis_tilt: constraint violation = 1.74231
   pelvis_tilt: constraint violation = 1.88981
   pelvis_tilt: constraint violation = -0.369721
   pelvis_tilt: constraint violation = -0.00251653
   pelvis_tilt: constraint violation = -0.591087
   pelvis_tilt: constraint violation = -0.0940793
   pelvis_tilt: constraint violation = -5.30377
   pelvis_tilt: constraint violation = 1.30753
   pelvis_tilt: constraint violation = -0.145621
   pelvis_tilt: constraint violation = 0.75266
   pelvis_tilt: constraint violation = -1.30839
   pelvis_tilt: constraint violation = 0.0476923
   pelvis_tilt: constraint violation = -1.87146
   pelvis_tilt: constraint violation = -0.850639
   pelvis_tilt: constraint violation = 0.0974279
   pelvis_tilt: constraint violation = -2.2436
   pelvis_tilt: constraint violation = 0.214694
   pelvis_tilt: constraint violation = -40.2331
   pelvis_tilt: constraint violation = -27.0155
   pelvis_tilt: constraint violation = 3.40888
   pelvis_tilt: constraint violation = -1.16159
   pelvis_tilt: constraint violation = -10.109
   pelvis_tilt: constraint violation = -16.5424

[2026-09-11 20:09:59.387] [cout] [info] time = 0.668 Performance = 2.46748 Constraint violation = 52.7817
[2026-09-11 20:10:00.817] [warning] SimTK Exception thrown at InteriorPointOptimizer.cpp:264:
  Optimizer failed: Ipopt: Maximum iterations exceeded (status -1)
[2026-09-11 20:10:00.817] [warning] OPTIMIZATION FAILED...
[2026-09-11 20:10:00.817] [warning] StaticOptimization.record: The optimizer could not find a solution at time = 0.684.
[2026-09-11 20:10:00.817] [warning] The model appears unsuitable for static optimization.
Try appending the model with additional force(s) or locking joint(s) to reduce the following acceleration constraint violation(s):
   pelvis_tilt: constraint violation = 1.91229
   pelvis_tilt: constraint violation = 1.9041
   pelvis_tilt: constraint violation = -0.731252
   pelvis_tilt: constraint violation = -0.00138747
   pelvis_tilt: constraint violation = -0.482251
   pelvis_tilt: constraint violation = -0.126288
   pelvis_tilt: constraint violation = -3.68256
   pelvis_tilt: constraint violation = 1.47064
   pelvis_tilt: constraint violation = -0.223833
   pelvis_tilt: constraint violation = 1.12637
   pelvis_tilt: constraint violation = -1.65451
   pelvis_tilt: constraint violation = 0.131497
   pelvis_tilt: constraint violation = -1.77349
   pelvis_tilt: constraint violation = -1.35509
   pelvis_tilt: constraint violation = 0.0324111
   pelvis_tilt: constraint violation = -1.55014
   pelvis_tilt: constraint violation = 0.401603
   pelvis_tilt: constraint violation = -38.8324
   pelvis_tilt: constraint violation = -12.9818
   pelvis_tilt: constraint violation = 3.56957
   pelvis_tilt: constraint violation = -1.58434
   pelvis_tilt: constraint violation = -9.46131
   pelvis_tilt: constraint violation = -9.95107

[2026-09-11 20:10:00.817] [cout] [info] time = 0.684 Performance = 2.09379 Constraint violation = 43.7685
[2026-09-11 20:10:02.140] [warning] SimTK Exception thrown at InteriorPointOptimizer.cpp:264:
  Optimizer failed: Ipopt: Maximum iterations exceeded (status -1)
[2026-09-11 20:10:02.140] [warning] OPTIMIZATION FAILED...
[2026-09-11 20:10:02.140] [warning] StaticOptimization.record: The optimizer could not find a solution at time = 0.7.
[2026-09-11 20:10:02.140] [warning] The model appears unsuitable for static optimization.
Try appending the model with additional force(s) or locking joint(s) to reduce the following acceleration constraint violation(s):
   pelvis_tilt: constraint violation = 1.42243
   pelvis_tilt: constraint violation = 1.64547
   pelvis_tilt: constraint violation = -1.16572
   pelvis_tilt: constraint violation = 0.000276409
   pelvis_tilt: constraint violation = -0.276145
   pelvis_tilt: constraint violation = -0.134055
   pelvis_tilt: constraint violation = -1.71294
   pelvis_tilt: constraint violation = 1.2937
   pelvis_tilt: constraint violation = -0.235377
   pelvis_tilt: constraint violation = 1.18278
   pelvis_tilt: constraint violation = -1.79955
   pelvis_tilt: constraint violation = 0.217095
   pelvis_tilt: constraint violation = -1.27995
   pelvis_tilt: constraint violation = -1.45398
   pelvis_tilt: constraint violation = -0.0904178
   pelvis_tilt: constraint violation = -0.822008
   pelvis_tilt: constraint violation = 0.480628
   pelvis_tilt: constraint violation = -29.5047
   pelvis_tilt: constraint violation = -2.98077
   pelvis_tilt: constraint violation = 3.44978
   pelvis_tilt: constraint violation = -2.06994
   pelvis_tilt: constraint violation = -6.2857
   pelvis_tilt: constraint violation = -4.30664

[2026-09-11 20:10:02.140] [cout] [info] time = 0.7 Performance = 1.86165 Constraint violation = 31.2067
[2026-09-11 20:10:03.375] [warning] SimTK Exception thrown at InteriorPointOptimizer.cpp:264:
  Optimizer failed: Ipopt: Maximum iterations exceeded (status -1)
[2026-09-11 20:10:03.375] [warning] OPTIMIZATION FAILED...
[2026-09-11 20:10:03.375] [warning] StaticOptimization.record: The optimizer could not find a solution at time = 0.716.
[2026-09-11 20:10:03.375] [warning] The model appears unsuitable for static optimization.
Try appending the model with additional force(s) or locking joint(s) to reduce the following acceleration constraint violation(s):
   pelvis_tilt: constraint violation = 1.06395
   pelvis_tilt: constraint violation = 1.25938
   pelvis_tilt: constraint violation = -1.4911
   pelvis_tilt: constraint violation = 0.00280866
   pelvis_tilt: constraint violation = -0.126976
   pelvis_tilt: constraint violation = -0.118295
   pelvis_tilt: constraint violation = -0.346178
   pelvis_tilt: constraint violation = 0.905656
   pelvis_tilt: constraint violation = -0.192201
   pelvis_tilt: constraint violation = 1.38545
   pelvis_tilt: constraint violation = -1.69728
   pelvis_tilt: constraint violation = 0.24247
   pelvis_tilt: constraint violation = -1.09448
   pelvis_tilt: constraint violation = -1.17755
   pelvis_tilt: constraint violation = -0.224495
   pelvis_tilt: constraint violation = -0.256734
   pelvis_tilt: constraint violation = 0.585197
   pelvis_tilt: constraint violation = -20.2434
   pelvis_tilt: constraint violation = 0.861276
   pelvis_tilt: constraint violation = 3.04896
   pelvis_tilt: constraint violation = -2.49012
   pelvis_tilt: constraint violation = -3.89038
   pelvis_tilt: constraint violation = -1.59598

[2026-09-11 20:10:03.376] [cout] [info] time = 0.716 Performance = 1.6862 Constraint violation = 21.3908
[2026-09-11 20:10:04.823] [warning] SimTK Exception thrown at InteriorPointOptimizer.cpp:264:
  Optimizer failed: Ipopt: Maximum iterations exceeded (status -1)
[2026-09-11 20:10:04.823] [warning] OPTIMIZATION FAILED...
[2026-09-11 20:10:04.823] [warning] StaticOptimization.record: The optimizer could not find a solution at time = 0.732.
[2026-09-11 20:10:04.824] [warning] The model appears unsuitable for static optimization.
Try appending the model with additional force(s) or locking joint(s) to reduce the following acceleration constraint violation(s):
   pelvis_tilt: constraint violation = 0.904396
   pelvis_tilt: constraint violation = 0.98759
   pelvis_tilt: constraint violation = -1.27821
   pelvis_tilt: constraint violation = 0.00332274
   pelvis_tilt: constraint violation = -0.172096
   pelvis_tilt: constraint violation = -0.0929471
   pelvis_tilt: constraint violation = -0.742056
   pelvis_tilt: constraint violation = 0.675043
   pelvis_tilt: constraint violation = -0.151686
   pelvis_tilt: constraint violation = 1.32425
   pelvis_tilt: constraint violation = -1.29676
   pelvis_tilt: constraint violation = 0.183539
   pelvis_tilt: constraint violation = -1.48062
   pelvis_tilt: constraint violation = -0.788004
   pelvis_tilt: constraint violation = -0.204548
   pelvis_tilt: constraint violation = -0.386688
   pelvis_tilt: constraint violation = 0.72314
   pelvis_tilt: constraint violation = -28.9295
   pelvis_tilt: constraint violation = 0.0206772
   pelvis_tilt: constraint violation = 2.98782
   pelvis_tilt: constraint violation = -2.08045
   pelvis_tilt: constraint violation = -8.26297
   pelvis_tilt: constraint violation = -1.27289

[2026-09-11 20:10:04.824] [cout] [info] time = 0.732 Performance = 1.47931 Constraint violation = 30.5215
[2026-09-11 20:10:06.034] [warning] SimTK Exception thrown at InteriorPointOptimizer.cpp:264:
  Optimizer failed: Ipopt: Maximum iterations exceeded (status -1)
[2026-09-11 20:10:06.034] [warning] OPTIMIZATION FAILED...
[2026-09-11 20:10:06.034] [warning] StaticOptimization.record: The optimizer could not find a solution at time = 0.748.
[2026-09-11 20:10:06.034] [warning] The model appears unsuitable for static optimization.
Try appending the model with additional force(s) or locking joint(s) to reduce the following acceleration constraint violation(s):
   pelvis_tilt: constraint violation = 0.438985
   pelvis_tilt: constraint violation = 0.416759
   pelvis_tilt: constraint violation = -1.0856
   pelvis_tilt: constraint violation = 0.00287628
   pelvis_tilt: constraint violation = -0.417325
   pelvis_tilt: constraint violation = -0.0341385
   pelvis_tilt: constraint violation = -0.671045
   pelvis_tilt: constraint violation = 0.175562
   pelvis_tilt: constraint violation = -0.0527339
   pelvis_tilt: constraint violation = 0.949649
   pelvis_tilt: constraint violation = -0.661384
   pelvis_tilt: constraint violation = 0.0861675
   pelvis_tilt: constraint violation = -1.65539
   pelvis_tilt: constraint violation = -0.198046
   pelvis_tilt: constraint violation = -0.161154
   pelvis_tilt: constraint violation = -0.586949
   pelvis_tilt: constraint violation = 0.641802
   pelvis_tilt: constraint violation = -19.2333
   pelvis_tilt: constraint violation = -1.23566
   pelvis_tilt: constraint violation = 1.2866
   pelvis_tilt: constraint violation = -0.838139
   pelvis_tilt: constraint violation = -16.9077
   pelvis_tilt: constraint violation = -1.54286

[2026-09-11 20:10:06.034] [cout] [info] time = 0.748 Performance = 1.47605 Constraint violation = 25.8683
[2026-09-11 20:10:07.025] [warning] SimTK Exception thrown at InteriorPointOptimizer.cpp:264:
  Optimizer failed: Ipopt: Infeasible problem detected (status 2)
[2026-09-11 20:10:07.025] [warning] OPTIMIZATION FAILED...
[2026-09-11 20:10:07.025] [warning] StaticOptimization.record: The optimizer could not find a solution at time = 0.764.
[2026-09-11 20:10:07.026] [warning] The model appears unsuitable for static optimization.
Try appending the model with additional force(s) or locking joint(s) to reduce the following acceleration constraint violation(s):
   pelvis_tilt: constraint violation = 0.0262371
   pelvis_tilt: constraint violation = 0.0718279
   pelvis_tilt: constraint violation = -0.55306
   pelvis_tilt: constraint violation = 0.000794781
   pelvis_tilt: constraint violation = -0.37653
   pelvis_tilt: constraint violation = -0.00149047
   pelvis_tilt: constraint violation = -1.46836
   pelvis_tilt: constraint violation = -0.0396655
   pelvis_tilt: constraint violation = 0.0152908
   pelvis_tilt: constraint violation = 0.0525503
   pelvis_tilt: constraint violation = -0.0871749
   pelvis_tilt: constraint violation = 0.021036
   pelvis_tilt: constraint violation = -1.58356
   pelvis_tilt: constraint violation = 0.0874453
   pelvis_tilt: constraint violation = -0.0627145
   pelvis_tilt: constraint violation = -0.277078
   pelvis_tilt: constraint violation = 0.131627
   pelvis_tilt: constraint violation = -0.380564
   pelvis_tilt: constraint violation = -0.750232
   pelvis_tilt: constraint violation = 0.0889752
   pelvis_tilt: constraint violation = 0.0917358
   pelvis_tilt: constraint violation = -8.90772
   pelvis_tilt: constraint violation = -1.17038

[2026-09-11 20:10:07.026] [cout] [info] time = 0.764 Performance = 1.42776 Constraint violation = 9.31004
[2026-09-11 20:10:08.324] [warning] SimTK Exception thrown at InteriorPointOptimizer.cpp:264:
  Optimizer failed: Ipopt: Maximum iterations exceeded (status -1)
[2026-09-11 20:10:08.324] [warning] OPTIMIZATION FAILED...
[2026-09-11 20:10:08.324] [warning] StaticOptimization.record: The optimizer could not find a solution at time = 0.78.
[2026-09-11 20:10:08.324] [warning] The model appears unsuitable for static optimization.
Try appending the model with additional force(s) or locking joint(s) to reduce the following acceleration constraint violation(s):
   pelvis_tilt: constraint violation = -0.569279
   pelvis_tilt: constraint violation = 0.0623564
   pelvis_tilt: constraint violation = -0.100877
   pelvis_tilt: constraint violation = -0.000111963
   pelvis_tilt: constraint violation = -0.0569337
   pelvis_tilt: constraint violation = -0.00223932
   pelvis_tilt: constraint violation = -0.727438
   pelvis_tilt: constraint violation = 0.0168607
   pelvis_tilt: constraint violation = -0.00283631
   pelvis_tilt: constraint violation = -0.111454
   pelvis_tilt: constraint violation = -0.0559753
   pelvis_tilt: constraint violation = 0.0131757
   pelvis_tilt: constraint violation = -0.613176
   pelvis_tilt: constraint violation = 0.04274
   pelvis_tilt: constraint violation = -0.0266794
   pelvis_tilt: constraint violation = -0.420642
   pelvis_tilt: constraint violation = 0.0349476
   pelvis_tilt: constraint violation = -11.4069
   pelvis_tilt: constraint violation = -0.550479
   pelvis_tilt: constraint violation = 0.136313
   pelvis_tilt: constraint violation = -0.0685946
   pelvis_tilt: constraint violation = -4.06652
   pelvis_tilt: constraint violation = -0.339038

[2026-09-11 20:10:08.324] [cout] [info] time = 0.78 Performance = 1.23914 Constraint violation = 12.1877
[2026-09-11 20:10:09.627] [warning] SimTK Exception thrown at InteriorPointOptimizer.cpp:264:
  Optimizer failed: Ipopt: Maximum iterations exceeded (status -1)
[2026-09-11 20:10:09.627] [warning] OPTIMIZATION FAILED...
[2026-09-11 20:10:09.627] [warning] StaticOptimization.record: The optimizer could not find a solution at time = 0.796.
[2026-09-11 20:10:09.627] [warning] The model appears unsuitable for static optimization.
Try appending the model with additional force(s) or locking joint(s) to reduce the following acceleration constraint violation(s):
   pelvis_tilt: constraint violation = -1.1939
   pelvis_tilt: constraint violation = 0.232071
   pelvis_tilt: constraint violation = 0.103194
   pelvis_tilt: constraint violation = -0.000986978
   pelvis_tilt: constraint violation = 0.0661813
   pelvis_tilt: constraint violation = -0.0219249
   pelvis_tilt: constraint violation = 0.0496976
   pelvis_tilt: constraint violation = 0.320318
   pelvis_tilt: constraint violation = -0.0509674
   pelvis_tilt: constraint violation = -0.669707
   pelvis_tilt: constraint violation = -0.139456
   pelvis_tilt: constraint violation = 0.0130717
   pelvis_tilt: constraint violation = 0.116497
   pelvis_tilt: constraint violation = -0.215458
   pelvis_tilt: constraint violation = 0.106616
   pelvis_tilt: constraint violation = -0.261797
   pelvis_tilt: constraint violation = -0.318156
   pelvis_tilt: constraint violation = 2.08843
   pelvis_tilt: constraint violation = -0.379837
   pelvis_tilt: constraint violation = 1.42326
   pelvis_tilt: constraint violation = -0.193207
   pelvis_tilt: constraint violation = 5.79662
   pelvis_tilt: constraint violation = 0.0958094

[2026-09-11 20:10:09.627] [cout] [info] time = 0.796 Performance = 1.23174 Constraint violation = 6.51848
[2026-09-11 20:10:11.293] [warning] SimTK Exception thrown at InteriorPointOptimizer.cpp:264:
  Optimizer failed: Ipopt: Maximum iterations exceeded (status -1)
[2026-09-11 20:10:11.293] [warning] OPTIMIZATION FAILED...
[2026-09-11 20:10:11.293] [warning] StaticOptimization.record: The optimizer could not find a solution at time = 0.812.
[2026-09-11 20:10:11.294] [warning] The model appears unsuitable for static optimization.
Try appending the model with additional force(s) or locking joint(s) to reduce the following acceleration constraint violation(s):
   pelvis_tilt: constraint violation = -1.69949
   pelvis_tilt: constraint violation = 0.296752
   pelvis_tilt: constraint violation = 0.295339
   pelvis_tilt: constraint violation = -0.00231348
   pelvis_tilt: constraint violation = 0.0465228
   pelvis_tilt: constraint violation = -0.0351503
   pelvis_tilt: constraint violation = -0.454288
   pelvis_tilt: constraint violation = 0.545142
   pelvis_tilt: constraint violation = -0.0674875
   pelvis_tilt: constraint violation = -1.26348
   pelvis_tilt: constraint violation = -0.164267
   pelvis_tilt: constraint violation = 0.0018933
   pelvis_tilt: constraint violation = 0.35427
   pelvis_tilt: constraint violation = -0.464212
   pelvis_tilt: constraint violation = 0.212869
   pelvis_tilt: constraint violation = -0.657077
   pelvis_tilt: constraint violation = -0.360097
   pelvis_tilt: constraint violation = -6.07664
   pelvis_tilt: constraint violation = -2.89989
   pelvis_tilt: constraint violation = 2.44465
   pelvis_tilt: constraint violation = 0.0347415
   pelvis_tilt: constraint violation = 5.75264
   pelvis_tilt: constraint violation = -0.635103

[2026-09-11 20:10:11.294] [cout] [info] time = 0.812 Performance = 1.0633 Constraint violation = 9.53703
[2026-09-11 20:10:12.816] [warning] SimTK Exception thrown at InteriorPointOptimizer.cpp:264:
  Optimizer failed: Ipopt: Maximum iterations exceeded (status -1)
[2026-09-11 20:10:12.816] [warning] OPTIMIZATION FAILED...
[2026-09-11 20:10:12.816] [warning] StaticOptimization.record: The optimizer could not find a solution at time = 0.828.
[2026-09-11 20:10:12.816] [warning] The model appears unsuitable for static optimization.
Try appending the model with additional force(s) or locking joint(s) to reduce the following acceleration constraint violation(s):
   pelvis_tilt: constraint violation = -1.79206
   pelvis_tilt: constraint violation = 0.244765
   pelvis_tilt: constraint violation = 0.238856
   pelvis_tilt: constraint violation = -0.0020036
   pelvis_tilt: constraint violation = 0.022514
   pelvis_tilt: constraint violation = -0.0339405
   pelvis_tilt: constraint violation = -0.720393
   pelvis_tilt: constraint violation = 0.543555
   pelvis_tilt: constraint violation = -0.0518454
   pelvis_tilt: constraint violation = -1.29438
   pelvis_tilt: constraint violation = -0.192972
   pelvis_tilt: constraint violation = 0.0107378
   pelvis_tilt: constraint violation = 0.230129
   pelvis_tilt: constraint violation = -0.520116
   pelvis_tilt: constraint violation = 0.178612
   pelvis_tilt: constraint violation = -0.807703
   pelvis_tilt: constraint violation = -0.266828
   pelvis_tilt: constraint violation = -9.7793
   pelvis_tilt: constraint violation = -6.92013
   pelvis_tilt: constraint violation = 2.30615
   pelvis_tilt: constraint violation = 0.0413242
   pelvis_tilt: constraint violation = 4.14509
   pelvis_tilt: constraint violation = -2.02685

[2026-09-11 20:10:12.817] [cout] [info] time = 0.828 Performance = 0.944098 Constraint violation = 13.3068
[2026-09-11 20:10:13.912] [warning] SimTK Exception thrown at InteriorPointOptimizer.cpp:264:
  Optimizer failed: Ipopt: Maximum iterations exceeded (status -1)
[2026-09-11 20:10:13.912] [warning] OPTIMIZATION FAILED...
[2026-09-11 20:10:13.912] [warning] StaticOptimization.record: The optimizer could not find a solution at time = 0.844.
[2026-09-11 20:10:13.912] [warning] The model appears unsuitable for static optimization.
Try appending the model with additional force(s) or locking joint(s) to reduce the following acceleration constraint violation(s):
   pelvis_tilt: constraint violation = -1.62707
   pelvis_tilt: constraint violation = 0.125526
   pelvis_tilt: constraint violation = -0.186392
   pelvis_tilt: constraint violation = -0.000930347
   pelvis_tilt: constraint violation = 0.0209591
   pelvis_tilt: constraint violation = -0.0245443
   pelvis_tilt: constraint violation = -0.844006
   pelvis_tilt: constraint violation = 0.319904
   pelvis_tilt: constraint violation = -0.02894
   pelvis_tilt: constraint violation = -0.683929
   pelvis_tilt: constraint violation = -0.293456
   pelvis_tilt: constraint violation = 0.0792524
   pelvis_tilt: constraint violation = -0.162926
   pelvis_tilt: constraint violation = -0.381995
   pelvis_tilt: constraint violation = -0.031512
   pelvis_tilt: constraint violation = -0.839505
   pelvis_tilt: constraint violation = -0.245007
   pelvis_tilt: constraint violation = -6.0654
   pelvis_tilt: constraint violation = -6.29161
   pelvis_tilt: constraint violation = 0.945434
   pelvis_tilt: constraint violation = -0.979024
   pelvis_tilt: constraint violation = 2.76281
   pelvis_tilt: constraint violation = -2.9626

[2026-09-11 20:10:13.913] [cout] [info] time = 0.844 Performance = 0.895815 Constraint violation = 9.98242
[2026-09-11 20:10:15.305] [warning] SimTK Exception thrown at InteriorPointOptimizer.cpp:264:
  Optimizer failed: Ipopt: Maximum iterations exceeded (status -1)
[2026-09-11 20:10:15.305] [warning] OPTIMIZATION FAILED...
[2026-09-11 20:10:15.305] [warning] StaticOptimization.record: The optimizer could not find a solution at time = 0.86.
[2026-09-11 20:10:15.305] [warning] The model appears unsuitable for static optimization.
Try appending the model with additional force(s) or locking joint(s) to reduce the following acceleration constraint violation(s):
   pelvis_tilt: constraint violation = -1.48345
   pelvis_tilt: constraint violation = -0.0855218
   pelvis_tilt: constraint violation = -0.607568
   pelvis_tilt: constraint violation = -0.000243671
   pelvis_tilt: constraint violation = 0.0597558
   pelvis_tilt: constraint violation = -0.00831411
   pelvis_tilt: constraint violation = -0.843515
   pelvis_tilt: constraint violation = -0.0966999
   pelvis_tilt: constraint violation = -0.009225
   pelvis_tilt: constraint violation = -0.0031697
   pelvis_tilt: constraint violation = -0.217602
   pelvis_tilt: constraint violation = 0.124262
   pelvis_tilt: constraint violation = -0.322785
   pelvis_tilt: constraint violation = -0.137959
   pelvis_tilt: constraint violation = -0.230003
   pelvis_tilt: constraint violation = -0.818042
   pelvis_tilt: constraint violation = -0.225295
   pelvis_tilt: constraint violation = 6.11924
   pelvis_tilt: constraint violation = 8.70504
   pelvis_tilt: constraint violation = -1.19497
   pelvis_tilt: constraint violation = -2.57289
   pelvis_tilt: constraint violation = 3.68589
   pelvis_tilt: constraint violation = 2.35297

[2026-09-11 20:10:15.305] [cout] [info] time = 0.86 Performance = 0.840507 Constraint violation = 12.0272
[2026-09-11 20:10:16.629] [warning] SimTK Exception thrown at InteriorPointOptimizer.cpp:264:
  Optimizer failed: Ipopt: Maximum iterations exceeded (status -1)
[2026-09-11 20:10:16.629] [warning] OPTIMIZATION FAILED...
[2026-09-11 20:10:16.629] [warning] StaticOptimization.record: The optimizer could not find a solution at time = 0.876.
[2026-09-11 20:10:16.629] [warning] The model appears unsuitable for static optimization.
Try appending the model with additional force(s) or locking joint(s) to reduce the following acceleration constraint violation(s):
   pelvis_tilt: constraint violation = -1.33492
   pelvis_tilt: constraint violation = -0.360061
   pelvis_tilt: constraint violation = -1.10062
   pelvis_tilt: constraint violation = 0.000108231
   pelvis_tilt: constraint violation = 0.0946642
   pelvis_tilt: constraint violation = 0.0142835
   pelvis_tilt: constraint violation = -0.955736
   pelvis_tilt: constraint violation = -0.43453
   pelvis_tilt: constraint violation = 0.00544158
   pelvis_tilt: constraint violation = 0.573567
   pelvis_tilt: constraint violation = -0.0583594
   pelvis_tilt: constraint violation = 0.174487
   pelvis_tilt: constraint violation = -0.323299
   pelvis_tilt: constraint violation = 0.213499
   pelvis_tilt: constraint violation = -0.500267
   pelvis_tilt: constraint violation = -0.906934
   pelvis_tilt: constraint violation = -0.170143
   pelvis_tilt: constraint violation = 14.4927
   pelvis_tilt: constraint violation = 22.9994
   pelvis_tilt: constraint violation = -2.8386
   pelvis_tilt: constraint violation = -3.29589
   pelvis_tilt: constraint violation = 4.15857
   pelvis_tilt: constraint violation = 8.5387

[2026-09-11 20:10:16.629] [cout] [info] time = 0.876 Performance = 0.788413 Constraint violation = 29.223
[2026-09-11 20:10:17.897] [warning] SimTK Exception thrown at InteriorPointOptimizer.cpp:264:
  Optimizer failed: Ipopt: Maximum iterations exceeded (status -1)
[2026-09-11 20:10:17.897] [warning] OPTIMIZATION FAILED...
[2026-09-11 20:10:17.897] [warning] StaticOptimization.record: The optimizer could not find a solution at time = 0.892.
[2026-09-11 20:10:17.898] [warning] The model appears unsuitable for static optimization.
Try appending the model with additional force(s) or locking joint(s) to reduce the following acceleration constraint violation(s):
   pelvis_tilt: constraint violation = -1.24262
   pelvis_tilt: constraint violation = -0.514265
   pelvis_tilt: constraint violation = -1.99515
   pelvis_tilt: constraint violation = 2.18398e-05
   pelvis_tilt: constraint violation = 0.0346739
   pelvis_tilt: constraint violation = 0.0265404
   pelvis_tilt: constraint violation = -0.791606
   pelvis_tilt: constraint violation = -0.639573
   pelvis_tilt: constraint violation = -0.000239628
   pelvis_tilt: constraint violation = 0.66994
   pelvis_tilt: constraint violation = 0.0453751
   pelvis_tilt: constraint violation = 0.1268
   pelvis_tilt: constraint violation = -0.30688
   pelvis_tilt: constraint violation = 0.601181
   pelvis_tilt: constraint violation = -0.467927
   pelvis_tilt: constraint violation = -0.435026
   pelvis_tilt: constraint violation = 0.0810379
   pelvis_tilt: constraint violation = 6.00956
   pelvis_tilt: constraint violation = 11.6738
   pelvis_tilt: constraint violation = -2.05444
   pelvis_tilt: constraint violation = -1.94229
   pelvis_tilt: constraint violation = 0.214183
   pelvis_tilt: constraint violation = 6.03522

[2026-09-11 20:10:17.898] [cout] [info] time = 0.892 Performance = 0.7648 Constraint violation = 15.0006
[2026-09-11 20:10:19.158] [warning] SimTK Exception thrown at InteriorPointOptimizer.cpp:264:
  Optimizer failed: Ipopt: Maximum iterations exceeded (status -1)
[2026-09-11 20:10:19.158] [warning] OPTIMIZATION FAILED...
[2026-09-11 20:10:19.158] [warning] StaticOptimization.record: The optimizer could not find a solution at time = 0.908000.
[2026-09-11 20:10:19.158] [warning] The model appears unsuitable for static optimization.
Try appending the model with additional force(s) or locking joint(s) to reduce the following acceleration constraint violation(s):
   pelvis_tilt: constraint violation = -0.685217
   pelvis_tilt: constraint violation = -0.326429
   pelvis_tilt: constraint violation = -1.47999
   pelvis_tilt: constraint violation = -0.000277089
   pelvis_tilt: constraint violation = -0.0795234
   pelvis_tilt: constraint violation = 0.0240632
   pelvis_tilt: constraint violation = -1.67578
   pelvis_tilt: constraint violation = -0.354624
   pelvis_tilt: constraint violation = -0.0200365
   pelvis_tilt: constraint violation = 0.69596
   pelvis_tilt: constraint violation = 0.0628905
   pelvis_tilt: constraint violation = 0.191314
   pelvis_tilt: constraint violation = -0.846288
   pelvis_tilt: constraint violation = 0.565729
   pelvis_tilt: constraint violation = -0.692602
   pelvis_tilt: constraint violation = -1.11542
   pelvis_tilt: constraint violation = 0.328817
   pelvis_tilt: constraint violation = -7.36791
   pelvis_tilt: constraint violation = 10.8112
   pelvis_tilt: constraint violation = -2.05107
   pelvis_tilt: constraint violation = -2.21049
   pelvis_tilt: constraint violation = -5.41299
   pelvis_tilt: constraint violation = -2.84383

[2026-09-11 20:10:19.158] [cout] [info] time = 0.908000 Performance = 0.755394 Constraint violation = 15.0582
[2026-09-11 20:10:20.294] [warning] SimTK Exception thrown at InteriorPointOptimizer.cpp:264:
  Optimizer failed: Ipopt: Maximum iterations exceeded (status -1)
[2026-09-11 20:10:20.294] [warning] OPTIMIZATION FAILED...
[2026-09-11 20:10:20.294] [warning] StaticOptimization.record: The optimizer could not find a solution at time = 0.924.
[2026-09-11 20:10:20.295] [warning] The model appears unsuitable for static optimization.
Try appending the model with additional force(s) or locking joint(s) to reduce the following acceleration constraint violation(s):
   pelvis_tilt: constraint violation = -0.289423
   pelvis_tilt: constraint violation = -0.269498
   pelvis_tilt: constraint violation = -1.59771
   pelvis_tilt: constraint violation = -0.000631844
   pelvis_tilt: constraint violation = -0.160277
   pelvis_tilt: constraint violation = 0.0179103
   pelvis_tilt: constraint violation = -2.3963
   pelvis_tilt: constraint violation = -0.23926
   pelvis_tilt: constraint violation = -0.0311352
   pelvis_tilt: constraint violation = 0.342591
   pelvis_tilt: constraint violation = 0.0762221
   pelvis_tilt: constraint violation = 0.12786
   pelvis_tilt: constraint violation = -1.33379
   pelvis_tilt: constraint violation = 0.622516
   pelvis_tilt: constraint violation = -0.499464
   pelvis_tilt: constraint violation = -0.804482
   pelvis_tilt: constraint violation = 0.278727
   pelvis_tilt: constraint violation = -10.3136
   pelvis_tilt: constraint violation = -0.0683985
   pelvis_tilt: constraint violation = -1.16502
   pelvis_tilt: constraint violation = -1.11368
   pelvis_tilt: constraint violation = -7.07674
   pelvis_tilt: constraint violation = -7.42655

[2026-09-11 20:10:20.295] [cout] [info] time = 0.924 Performance = 0.791955 Constraint violation = 15.0341
[2026-09-11 20:10:21.502] [warning] SimTK Exception thrown at InteriorPointOptimizer.cpp:264:
  Optimizer failed: Ipopt: Maximum iterations exceeded (status -1)
[2026-09-11 20:10:21.502] [warning] OPTIMIZATION FAILED...
[2026-09-11 20:10:21.502] [warning] StaticOptimization.record: The optimizer could not find a solution at time = 0.94.
[2026-09-11 20:10:21.503] [warning] The model appears unsuitable for static optimization.
Try appending the model with additional force(s) or locking joint(s) to reduce the following acceleration constraint violation(s):
   pelvis_tilt: constraint violation = -0.355393
   pelvis_tilt: constraint violation = -0.167745
   pelvis_tilt: constraint violation = -1.18304
   pelvis_tilt: constraint violation = -0.000278004
   pelvis_tilt: constraint violation = -0.189396
   pelvis_tilt: constraint violation = 0.0150241
   pelvis_tilt: constraint violation = -1.59387
   pelvis_tilt: constraint violation = -0.174334
   pelvis_tilt: constraint violation = -0.0355978
   pelvis_tilt: constraint violation = 0.195537
   pelvis_tilt: constraint violation = 0.097794
   pelvis_tilt: constraint violation = 0.124503
   pelvis_tilt: constraint violation = -1.23633
   pelvis_tilt: constraint violation = 0.473028
   pelvis_tilt: constraint violation = -0.583706
   pelvis_tilt: constraint violation = -1.0935
   pelvis_tilt: constraint violation = 0.339543
   pelvis_tilt: constraint violation = -19.1194
   pelvis_tilt: constraint violation = -7.52795
   pelvis_tilt: constraint violation = -0.898729
   pelvis_tilt: constraint violation = -0.580977
   pelvis_tilt: constraint violation = -9.19575
   pelvis_tilt: constraint violation = -10.5221

[2026-09-11 20:10:21.503] [cout] [info] time = 0.94 Performance = 0.864088 Constraint violation = 25.0254
[2026-09-11 20:10:22.596] [warning] SimTK Exception thrown at InteriorPointOptimizer.cpp:264:
  Optimizer failed: Ipopt: Maximum iterations exceeded (status -1)
[2026-09-11 20:10:22.596] [warning] OPTIMIZATION FAILED...
[2026-09-11 20:10:22.596] [warning] StaticOptimization.record: The optimizer could not find a solution at time = 0.956.
[2026-09-11 20:10:22.597] [warning] The model appears unsuitable for static optimization.
Try appending the model with additional force(s) or locking joint(s) to reduce the following acceleration constraint violation(s):
   pelvis_tilt: constraint violation = -0.305732
   pelvis_tilt: constraint violation = 0.138891
   pelvis_tilt: constraint violation = -0.332963
   pelvis_tilt: constraint violation = 0.000428671
   pelvis_tilt: constraint violation = -0.209012
   pelvis_tilt: constraint violation = -0.00208405
   pelvis_tilt: constraint violation = -0.877107
   pelvis_tilt: constraint violation = 0.029187
   pelvis_tilt: constraint violation = -0.0186853
   pelvis_tilt: constraint violation = -0.3115
   pelvis_tilt: constraint violation = -0.0128733
   pelvis_tilt: constraint violation = 0.0625043
   pelvis_tilt: constraint violation = -1.27035
   pelvis_tilt: constraint violation = 0.167638
   pelvis_tilt: constraint violation = -0.122108
   pelvis_tilt: constraint violation = -0.454908
   pelvis_tilt: constraint violation = 0.140583
   pelvis_tilt: constraint violation = -11.3031
   pelvis_tilt: constraint violation = -7.14368
   pelvis_tilt: constraint violation = 0.276381
   pelvis_tilt: constraint violation = -0.078259
   pelvis_tilt: constraint violation = -7.3521
   pelvis_tilt: constraint violation = -9.86102

[2026-09-11 20:10:22.597] [cout] [info] time = 0.956 Performance = 0.946505 Constraint violation = 18.2535
[2026-09-11 20:10:24.030] [warning] SimTK Exception thrown at InteriorPointOptimizer.cpp:264:
  Optimizer failed: Ipopt: Maximum iterations exceeded (status -1)
[2026-09-11 20:10:24.030] [warning] OPTIMIZATION FAILED...
[2026-09-11 20:10:24.030] [warning] StaticOptimization.record: The optimizer could not find a solution at time = 0.972.
[2026-09-11 20:10:24.030] [warning] The model appears unsuitable for static optimization.
Try appending the model with additional force(s) or locking joint(s) to reduce the following acceleration constraint violation(s):
   pelvis_tilt: constraint violation = -0.157389
   pelvis_tilt: constraint violation = 0.367697
   pelvis_tilt: constraint violation = 0.0662648
   pelvis_tilt: constraint violation = 0.000276831
   pelvis_tilt: constraint violation = -0.194386
   pelvis_tilt: constraint violation = -0.012771
   pelvis_tilt: constraint violation = -0.366508
   pelvis_tilt: constraint violation = 0.156498
   pelvis_tilt: constraint violation = -0.00487086
   pelvis_tilt: constraint violation = -0.902082
   pelvis_tilt: constraint violation = -0.1274
   pelvis_tilt: constraint violation = 0.0664493
   pelvis_tilt: constraint violation = -1.2841
   pelvis_tilt: constraint violation = 0.075325
   pelvis_tilt: constraint violation = 0.0945138
   pelvis_tilt: constraint violation = -0.289191
   pelvis_tilt: constraint violation = 0.123888
   pelvis_tilt: constraint violation = -22.4127
   pelvis_tilt: constraint violation = -18.129
   pelvis_tilt: constraint violation = 1.02347
   pelvis_tilt: constraint violation = -0.173595
   pelvis_tilt: constraint violation = -8.33903
   pelvis_tilt: constraint violation = -12.5042

[2026-09-11 20:10:24.030] [cout] [info] time = 0.972 Performance = 1.02293 Constraint violation = 32.5718
[2026-09-11 20:10:25.208] [warning] SimTK Exception thrown at InteriorPointOptimizer.cpp:264:
  Optimizer failed: Ipopt: Maximum iterations exceeded (status -1)
[2026-09-11 20:10:25.208] [warning] OPTIMIZATION FAILED...
[2026-09-11 20:10:25.208] [warning] StaticOptimization.record: The optimizer could not find a solution at time = 0.988.
[2026-09-11 20:10:25.209] [warning] The model appears unsuitable for static optimization.
Try appending the model with additional force(s) or locking joint(s) to reduce the following acceleration constraint violation(s):
   pelvis_tilt: constraint violation = -0.0261027
   pelvis_tilt: constraint violation = 0.651144
   pelvis_tilt: constraint violation = 0.31971
   pelvis_tilt: constraint violation = 9.0835e-06
   pelvis_tilt: constraint violation = -0.228473
   pelvis_tilt: constraint violation = -0.0240065
   pelvis_tilt: constraint violation = -0.0392026
   pelvis_tilt: constraint violation = 0.255225
   pelvis_tilt: constraint violation = 0.00610137
   pelvis_tilt: constraint violation = -1.7617
   pelvis_tilt: constraint violation = -0.261156
   pelvis_tilt: constraint violation = 0.0852875
   pelvis_tilt: constraint violation = -1.20168
   pelvis_tilt: constraint violation = -0.0260955
   pelvis_tilt: constraint violation = 0.225594
   pelvis_tilt: constraint violation = -0.0520351
   pelvis_tilt: constraint violation = 0.0557239
   pelvis_tilt: constraint violation = -7.42209
   pelvis_tilt: constraint violation = -4.63884
   pelvis_tilt: constraint violation = 1.29507
   pelvis_tilt: constraint violation = -0.590727
   pelvis_tilt: constraint violation = -7.30193
   pelvis_tilt: constraint violation = -10.148

[2026-09-11 20:10:25.209] [cout] [info] time = 0.988 Performance = 1.08222 Constraint violation = 15.5003
[2026-09-11 20:10:26.311] [warning] SimTK Exception thrown at InteriorPointOptimizer.cpp:264:
  Optimizer failed: Ipopt: Maximum iterations exceeded (status -1)
[2026-09-11 20:10:26.311] [warning] OPTIMIZATION FAILED...
[2026-09-11 20:10:26.311] [warning] StaticOptimization.record: The optimizer could not find a solution at time = 1.00400.
[2026-09-11 20:10:26.312] [warning] The model appears unsuitable for static optimization.
Try appending the model with additional force(s) or locking joint(s) to reduce the following acceleration constraint violation(s):
   pelvis_tilt: constraint violation = 0.143371
   pelvis_tilt: constraint violation = 0.808654
   pelvis_tilt: constraint violation = 0.507911
   pelvis_tilt: constraint violation = 0.000228586
   pelvis_tilt: constraint violation = -0.167535
   pelvis_tilt: constraint violation = -0.0290843
   pelvis_tilt: constraint violation = 0.367342
   pelvis_tilt: constraint violation = 0.34423
   pelvis_tilt: constraint violation = 0.0144137
   pelvis_tilt: constraint violation = -1.3966
   pelvis_tilt: constraint violation = -0.415427
   pelvis_tilt: constraint violation = 0.129994
   pelvis_tilt: constraint violation = -0.950327
   pelvis_tilt: constraint violation = -0.122259
   pelvis_tilt: constraint violation = 0.367397
   pelvis_tilt: constraint violation = 0.317817
   pelvis_tilt: constraint violation = 0.0140994
   pelvis_tilt: constraint violation = -22.5954
   pelvis_tilt: constraint violation = -12.6127
   pelvis_tilt: constraint violation = 2.09912
   pelvis_tilt: constraint violation = -1.1414
   pelvis_tilt: constraint violation = -7.11612
   pelvis_tilt: constraint violation = -10.092

[2026-09-11 20:10:26.312] [cout] [info] time = 1.00400 Performance = 1.08357 Constraint violation = 28.8503
[2026-09-11 20:10:27.465] [warning] SimTK Exception thrown at InteriorPointOptimizer.cpp:264:
  Optimizer failed: Ipopt: Maximum iterations exceeded (status -1)
[2026-09-11 20:10:27.465] [warning] OPTIMIZATION FAILED...
[2026-09-11 20:10:27.465] [warning] StaticOptimization.record: The optimizer could not find a solution at time = 1.02.
[2026-09-11 20:10:27.466] [warning] The model appears unsuitable for static optimization.
Try appending the model with additional force(s) or locking joint(s) to reduce the following acceleration constraint violation(s):
   pelvis_tilt: constraint violation = 0.148939
   pelvis_tilt: constraint violation = 0.729115
   pelvis_tilt: constraint violation = 0.0944117
   pelvis_tilt: constraint violation = 0.000353799
   pelvis_tilt: constraint violation = -0.106132
   pelvis_tilt: constraint violation = -0.0230592
   pelvis_tilt: constraint violation = 0.21545
   pelvis_tilt: constraint violation = 0.345604
   pelvis_tilt: constraint violation = -0.000957366
   pelvis_tilt: constraint violation = -0.714537
   pelvis_tilt: constraint violation = -0.358227
   pelvis_tilt: constraint violation = 0.115758
   pelvis_tilt: constraint violation = -0.6643
   pelvis_tilt: constraint violation = -0.0542475
   pelvis_tilt: constraint violation = 0.144632
   pelvis_tilt: constraint violation = 0.171509
   pelvis_tilt: constraint violation = 0.0263821
   pelvis_tilt: constraint violation = -16.75
   pelvis_tilt: constraint violation = -4.71491
   pelvis_tilt: constraint violation = 1.78554
   pelvis_tilt: constraint violation = -1.07687
   pelvis_tilt: constraint violation = -4.587
   pelvis_tilt: constraint violation = -5.62272

[2026-09-11 20:10:27.466] [cout] [info] time = 1.02 Performance = 1.09684 Constraint violation = 19.018
[2026-09-11 20:10:29.018] [warning] SimTK Exception thrown at InteriorPointOptimizer.cpp:264:
  Optimizer failed: Ipopt: Maximum iterations exceeded (status -1)
[2026-09-11 20:10:29.018] [warning] OPTIMIZATION FAILED...
[2026-09-11 20:10:29.018] [warning] StaticOptimization.record: The optimizer could not find a solution at time = 1.036.
[2026-09-11 20:10:29.019] [warning] The model appears unsuitable for static optimization.
Try appending the model with additional force(s) or locking joint(s) to reduce the following acceleration constraint violation(s):
   pelvis_tilt: constraint violation = 0.0156804
   pelvis_tilt: constraint violation = 0.638316
   pelvis_tilt: constraint violation = -0.466884
   pelvis_tilt: constraint violation = 0.000375074
   pelvis_tilt: constraint violation = -0.074706
   pelvis_tilt: constraint violation = -0.0177389
   pelvis_tilt: constraint violation = -0.177013
   pelvis_tilt: constraint violation = 0.546649
   pelvis_tilt: constraint violation = -0.0298048
   pelvis_tilt: constraint violation = 0.0325152
   pelvis_tilt: constraint violation = -0.094601
   pelvis_tilt: constraint violation = 0.0462314
   pelvis_tilt: constraint violation = -0.514572
   pelvis_tilt: constraint violation = 0.0106487
   pelvis_tilt: constraint violation = -0.0278917
   pelvis_tilt: constraint violation = -0.230093
   pelvis_tilt: constraint violation = 0.040518
   pelvis_tilt: constraint violation = -6.9349
   pelvis_tilt: constraint violation = -0.593174
   pelvis_tilt: constraint violation = 0.472594
   pelvis_tilt: constraint violation = -0.396476
   pelvis_tilt: constraint violation = -2.23994
   pelvis_tilt: constraint violation = -2.28038

[2026-09-11 20:10:29.019] [cout] [info] time = 1.036 Performance = 1.13263 Constraint violation = 7.76773
[2026-09-11 20:10:30.308] [warning] SimTK Exception thrown at InteriorPointOptimizer.cpp:264:
  Optimizer failed: Ipopt: Maximum iterations exceeded (status -1)
[2026-09-11 20:10:30.308] [warning] OPTIMIZATION FAILED...
[2026-09-11 20:10:30.308] [warning] StaticOptimization.record: The optimizer could not find a solution at time = 1.052.
[2026-09-11 20:10:30.308] [warning] The model appears unsuitable for static optimization.
Try appending the model with additional force(s) or locking joint(s) to reduce the following acceleration constraint violation(s):
   pelvis_tilt: constraint violation = -0.11624
   pelvis_tilt: constraint violation = 0.521989
   pelvis_tilt: constraint violation = -1.17478
   pelvis_tilt: constraint violation = 0.000587235
   pelvis_tilt: constraint violation = -0.0176091
   pelvis_tilt: constraint violation = -0.0120036
   pelvis_tilt: constraint violation = -0.14684
   pelvis_tilt: constraint violation = 0.339089
   pelvis_tilt: constraint violation = -0.0525826
   pelvis_tilt: constraint violation = 0.147971
   pelvis_tilt: constraint violation = -0.0681386
   pelvis_tilt: constraint violation = 0.074421
   pelvis_tilt: constraint violation = -0.578395
   pelvis_tilt: constraint violation = 0.0947696
   pelvis_tilt: constraint violation = -0.0980863
   pelvis_tilt: constraint violation = -0.318414
   pelvis_tilt: constraint violation = 0.0819302
   pelvis_tilt: constraint violation = -5.21286
   pelvis_tilt: constraint violation = 1.03567
   pelvis_tilt: constraint violation = 0.949728
   pelvis_tilt: constraint violation = -0.208838
   pelvis_tilt: constraint violation = -0.356987
   pelvis_tilt: constraint violation = -0.713478

[2026-09-11 20:10:30.308] [cout] [info] time = 1.052 Performance = 1.15941 Constraint violation = 5.66814
[2026-09-11 20:10:31.697] [warning] SimTK Exception thrown at InteriorPointOptimizer.cpp:264:
  Optimizer failed: Ipopt: Maximum iterations exceeded (status -1)
[2026-09-11 20:10:31.698] [warning] OPTIMIZATION FAILED...
[2026-09-11 20:10:31.698] [warning] StaticOptimization.record: The optimizer could not find a solution at time = 1.068.
[2026-09-11 20:10:31.698] [warning] The model appears unsuitable for static optimization.
Try appending the model with additional force(s) or locking joint(s) to reduce the following acceleration constraint violation(s):
   pelvis_tilt: constraint violation = -0.49195
   pelvis_tilt: constraint violation = 0.203386
   pelvis_tilt: constraint violation = -1.22186
   pelvis_tilt: constraint violation = 0.000629738
   pelvis_tilt: constraint violation = 0.0293579
   pelvis_tilt: constraint violation = -0.00972724
   pelvis_tilt: constraint violation = -0.682786
   pelvis_tilt: constraint violation = 0.463571
   pelvis_tilt: constraint violation = -0.0818098
   pelvis_tilt: constraint violation = 0.979282
   pelvis_tilt: constraint violation = 0.129896
   pelvis_tilt: constraint violation = 0.00189662
   pelvis_tilt: constraint violation = -0.43026
   pelvis_tilt: constraint violation = 0.323484
   pelvis_tilt: constraint violation = -0.460645
   pelvis_tilt: constraint violation = -0.893531
   pelvis_tilt: constraint violation = 0.119258
   pelvis_tilt: constraint violation = -1.25815
   pelvis_tilt: constraint violation = 2.00414
   pelvis_tilt: constraint violation = 0.659853
   pelvis_tilt: constraint violation = 0.526599
   pelvis_tilt: constraint violation = 2.74399
   pelvis_tilt: constraint violation = 1.59348

[2026-09-11 20:10:31.698] [cout] [info] time = 1.068 Performance = 1.18225 Constraint violation = 4.59744
[2026-09-11 20:10:32.905] [warning] SimTK Exception thrown at InteriorPointOptimizer.cpp:264:
  Optimizer failed: Ipopt: Maximum iterations exceeded (status -1)
[2026-09-11 20:10:32.905] [warning] OPTIMIZATION FAILED...
[2026-09-11 20:10:32.905] [warning] StaticOptimization.record: The optimizer could not find a solution at time = 1.084.
[2026-09-11 20:10:32.905] [warning] The model appears unsuitable for static optimization.
Try appending the model with additional force(s) or locking joint(s) to reduce the following acceleration constraint violation(s):
   pelvis_tilt: constraint violation = -0.859824
   pelvis_tilt: constraint violation = -0.0746804
   pelvis_tilt: constraint violation = -1.43082
   pelvis_tilt: constraint violation = 0.000150055
   pelvis_tilt: constraint violation = 0.0566029
   pelvis_tilt: constraint violation = 0.00563595
   pelvis_tilt: constraint violation = -1.11236
   pelvis_tilt: constraint violation = 0.390354
   pelvis_tilt: constraint violation = -0.100558
   pelvis_tilt: constraint violation = 1.07192
   pelvis_tilt: constraint violation = 0.350024
   pelvis_tilt: constraint violation = -0.0791936
   pelvis_tilt: constraint violation = -0.26979
   pelvis_tilt: constraint violation = 0.494042
   pelvis_tilt: constraint violation = -0.592065
   pelvis_tilt: constraint violation = -1.37415
   pelvis_tilt: constraint violation = 0.101777
   pelvis_tilt: constraint violation = 2.54111
   pelvis_tilt: constraint violation = 0.673028
   pelvis_tilt: constraint violation = 0.152285
   pelvis_tilt: constraint violation = 1.29218
   pelvis_tilt: constraint violation = 4.48521
   pelvis_tilt: constraint violation = 2.86512

[2026-09-11 20:10:32.905] [cout] [info] time = 1.084 Performance = 1.22262 Constraint violation = 6.70583
[2026-09-11 20:10:34.236] [warning] SimTK Exception thrown at InteriorPointOptimizer.cpp:264:
  Optimizer failed: Ipopt: Maximum iterations exceeded (status -1)
[2026-09-11 20:10:34.236] [warning] OPTIMIZATION FAILED...
[2026-09-11 20:10:34.236] [warning] StaticOptimization.record: The optimizer could not find a solution at time = 1.1.
[2026-09-11 20:10:34.237] [warning] The model appears unsuitable for static optimization.
Try appending the model with additional force(s) or locking joint(s) to reduce the following acceleration constraint violation(s):
   pelvis_tilt: constraint violation = -1.01782
   pelvis_tilt: constraint violation = -0.290695
   pelvis_tilt: constraint violation = -1.31488
   pelvis_tilt: constraint violation = -0.000604088
   pelvis_tilt: constraint violation = 0.0405352
   pelvis_tilt: constraint violation = 0.0187439
   pelvis_tilt: constraint violation = -1.3349
   pelvis_tilt: constraint violation = 0.238016
   pelvis_tilt: constraint violation = -0.104363
   pelvis_tilt: constraint violation = 0.717784
   pelvis_tilt: constraint violation = 0.49704
   pelvis_tilt: constraint violation = -0.106579
   pelvis_tilt: constraint violation = -0.157178
   pelvis_tilt: constraint violation = 0.589684
   pelvis_tilt: constraint violation = -0.580586
   pelvis_tilt: constraint violation = -1.64843
   pelvis_tilt: constraint violation = 0.00397353
   pelvis_tilt: constraint violation = 0.949212
   pelvis_tilt: constraint violation = -2.98833
   pelvis_tilt: constraint violation = -0.190791
   pelvis_tilt: constraint violation = 1.95357
   pelvis_tilt: constraint violation = 3.45595
   pelvis_tilt: constraint violation = 2.71494

[2026-09-11 20:10:34.237] [cout] [info] time = 1.1 Performance = 1.28496 Constraint violation = 6.473
[2026-09-11 20:10:36.218] [warning] SimTK Exception thrown at InteriorPointOptimizer.cpp:264:
  Optimizer failed: Ipopt: Maximum iterations exceeded (status -1)
[2026-09-11 20:10:36.218] [warning] OPTIMIZATION FAILED...
[2026-09-11 20:10:36.218] [warning] StaticOptimization.record: The optimizer could not find a solution at time = 1.116.
[2026-09-11 20:10:36.219] [warning] The model appears unsuitable for static optimization.
Try appending the model with additional force(s) or locking joint(s) to reduce the following acceleration constraint violation(s):
   pelvis_tilt: constraint violation = -1.05695
   pelvis_tilt: constraint violation = -0.513938
   pelvis_tilt: constraint violation = -1.09633
   pelvis_tilt: constraint violation = -0.00157964
   pelvis_tilt: constraint violation = 0.0209848
   pelvis_tilt: constraint violation = 0.0315189
   pelvis_tilt: constraint violation = -1.51707
   pelvis_tilt: constraint violation = 0.0142605
   pelvis_tilt: constraint violation = -0.0993773
   pelvis_tilt: constraint violation = 0.290957
   pelvis_tilt: constraint violation = 0.657054
   pelvis_tilt: constraint violation = -0.104172
   pelvis_tilt: constraint violation = 0.064806
   pelvis_tilt: constraint violation = 0.636301
   pelvis_tilt: constraint violation = -0.524728
   pelvis_tilt: constraint violation = -1.83223
   pelvis_tilt: constraint violation = -0.226947
   pelvis_tilt: constraint violation = -0.687175
   pelvis_tilt: constraint violation = -7.36283
   pelvis_tilt: constraint violation = -0.621294
   pelvis_tilt: constraint violation = 2.6324
   pelvis_tilt: constraint violation = 2.00243
   pelvis_tilt: constraint violation = 2.7546

[2026-09-11 20:10:36.219] [cout] [info] time = 1.116 Performance = 1.37942 Constraint violation = 9.11663
[2026-09-11 20:10:38.072] [warning] SimTK Exception thrown at InteriorPointOptimizer.cpp:264:
  Optimizer failed: Ipopt: Maximum iterations exceeded (status -1)
[2026-09-11 20:10:38.072] [warning] OPTIMIZATION FAILED...
[2026-09-11 20:10:38.072] [warning] StaticOptimization.record: The optimizer could not find a solution at time = 1.132.
[2026-09-11 20:10:38.072] [warning] The model appears unsuitable for static optimization.
Try appending the model with additional force(s) or locking joint(s) to reduce the following acceleration constraint violation(s):
   pelvis_tilt: constraint violation = -1.10885
   pelvis_tilt: constraint violation = -0.564606
   pelvis_tilt: constraint violation = -1.15195
   pelvis_tilt: constraint violation = -0.00207329
   pelvis_tilt: constraint violation = 0.0372529
   pelvis_tilt: constraint violation = 0.0303339
   pelvis_tilt: constraint violation = -1.86244
   pelvis_tilt: constraint violation = 0.0553942
   pelvis_tilt: constraint violation = -0.11086
   pelvis_tilt: constraint violation = 0.34133
   pelvis_tilt: constraint violation = 0.849926
   pelvis_tilt: constraint violation = -0.0618795
   pelvis_tilt: constraint violation = 0.333747
   pelvis_tilt: constraint violation = 0.635348
   pelvis_tilt: constraint violation = -0.489381
   pelvis_tilt: constraint violation = -1.90267
   pelvis_tilt: constraint violation = -0.365113
   pelvis_tilt: constraint violation = 0.415004
   pelvis_tilt: constraint violation = -8.02514
   pelvis_tilt: constraint violation = -0.58342
   pelvis_tilt: constraint violation = 3.26527
   pelvis_tilt: constraint violation = 3.24221
   pelvis_tilt: constraint violation = 4.54356

[2026-09-11 20:10:38.072] [cout] [info] time = 1.132 Performance = 1.56923 Constraint violation = 10.8833
[2026-09-11 20:10:39.811] [warning] SimTK Exception thrown at InteriorPointOptimizer.cpp:264:
  Optimizer failed: Ipopt: Maximum iterations exceeded (status -1)
[2026-09-11 20:10:39.812] [warning] OPTIMIZATION FAILED...
[2026-09-11 20:10:39.812] [warning] StaticOptimization.record: The optimizer could not find a solution at time = 1.148.
[2026-09-11 20:10:39.812] [warning] The model appears unsuitable for static optimization.
Try appending the model with additional force(s) or locking joint(s) to reduce the following acceleration constraint violation(s):
   pelvis_tilt: constraint violation = -1.34195
   pelvis_tilt: constraint violation = -0.417792
   pelvis_tilt: constraint violation = -1.06932
   pelvis_tilt: constraint violation = -0.00299448
   pelvis_tilt: constraint violation = 0.0602728
   pelvis_tilt: constraint violation = 0.0190366
   pelvis_tilt: constraint violation = -2.05114
   pelvis_tilt: constraint violation = 0.230941
   pelvis_tilt: constraint violation = -0.111556
   pelvis_tilt: constraint violation = 0.17696
   pelvis_tilt: constraint violation = 0.739391
   pelvis_tilt: constraint violation = -0.00206705
   pelvis_tilt: constraint violation = 0.738539
   pelvis_tilt: constraint violation = 0.509506
   pelvis_tilt: constraint violation = -0.473067
   pelvis_tilt: constraint violation = -2.47281
   pelvis_tilt: constraint violation = -0.632744
   pelvis_tilt: constraint violation = 0.310681
   pelvis_tilt: constraint violation = -7.51478
   pelvis_tilt: constraint violation = -0.118116
   pelvis_tilt: constraint violation = 4.02269
   pelvis_tilt: constraint violation = 5.27474
   pelvis_tilt: constraint violation = 6.88694

[2026-09-11 20:10:39.812] [cout] [info] time = 1.148 Performance = 1.81761 Constraint violation = 12.7881
[2026-09-11 20:10:41.144] [warning] SimTK Exception thrown at InteriorPointOptimizer.cpp:264:
  Optimizer failed: Ipopt: Maximum iterations exceeded (status -1)
[2026-09-11 20:10:41.144] [warning] OPTIMIZATION FAILED...
[2026-09-11 20:10:41.144] [warning] StaticOptimization.record: The optimizer could not find a solution at time = 1.164.
[2026-09-11 20:10:41.145] [warning] The model appears unsuitable for static optimization.
Try appending the model with additional force(s) or locking joint(s) to reduce the following acceleration constraint violation(s):
   pelvis_tilt: constraint violation = -1.58716
   pelvis_tilt: constraint violation = -0.0914466
   pelvis_tilt: constraint violation = -0.642128
   pelvis_tilt: constraint violation = -0.00396812
   pelvis_tilt: constraint violation = 0.0823759
   pelvis_tilt: constraint violation = -0.0011848
   pelvis_tilt: constraint violation = -2.35883
   pelvis_tilt: constraint violation = 0.304421
   pelvis_tilt: constraint violation = -0.0756012
   pelvis_tilt: constraint violation = -0.310811
   pelvis_tilt: constraint violation = 0.354175
   pelvis_tilt: constraint violation = 0.0367356
   pelvis_tilt: constraint violation = 1.12224
   pelvis_tilt: constraint violation = 0.152459
   pelvis_tilt: constraint violation = -0.242759
   pelvis_tilt: constraint violation = -2.11549
   pelvis_tilt: constraint violation = -0.886388
   pelvis_tilt: constraint violation = 0.755965
   pelvis_tilt: constraint violation = 0.588241
   pelvis_tilt: constraint violation = 0.38017
   pelvis_tilt: constraint violation = 2.38216
   pelvis_tilt: constraint violation = 7.01481
   pelvis_tilt: constraint violation = 8.42713

[2026-09-11 20:10:41.145] [cout] [info] time = 1.164 Performance = 2.11997 Constraint violation = 11.933
[2026-09-11 20:10:42.459] [warning] SimTK Exception thrown at InteriorPointOptimizer.cpp:264:
  Optimizer failed: Ipopt: Maximum iterations exceeded (status -1)
[2026-09-11 20:10:42.459] [warning] OPTIMIZATION FAILED...
[2026-09-11 20:10:42.459] [warning] StaticOptimization.record: The optimizer could not find a solution at time = 1.18.
[2026-09-11 20:10:42.460] [warning] The model appears unsuitable for static optimization.
Try appending the model with additional force(s) or locking joint(s) to reduce the following acceleration constraint violation(s):
   pelvis_tilt: constraint violation = -1.91914
   pelvis_tilt: constraint violation = 0.459066
   pelvis_tilt: constraint violation = -0.279534
   pelvis_tilt: constraint violation = -0.00485332
   pelvis_tilt: constraint violation = 0.110403
   pelvis_tilt: constraint violation = -0.0293264
   pelvis_tilt: constraint violation = -1.91002
   pelvis_tilt: constraint violation = 0.540337
   pelvis_tilt: constraint violation = -0.02686
   pelvis_tilt: constraint violation = -0.952545
   pelvis_tilt: constraint violation = -0.279896
   pelvis_tilt: constraint violation = 0.0157324
   pelvis_tilt: constraint violation = 1.53892
   pelvis_tilt: constraint violation = -0.318325
   pelvis_tilt: constraint violation = -0.0678299
   pelvis_tilt: constraint violation = -2.1732
   pelvis_tilt: constraint violation = -1.13851
   pelvis_tilt: constraint violation = 1.71965
   pelvis_tilt: constraint violation = 16.219
   pelvis_tilt: constraint violation = 0.997922
   pelvis_tilt: constraint violation = -1.47808
   pelvis_tilt: constraint violation = 8.84918
   pelvis_tilt: constraint violation = 7.83636

[2026-09-11 20:10:42.460] [cout] [info] time = 1.18 Performance = 2.44428 Constraint violation = 20.6474
[2026-09-11 20:10:43.685] [warning] SimTK Exception thrown at InteriorPointOptimizer.cpp:264:
  Optimizer failed: Ipopt: Maximum iterations exceeded (status -1)
[2026-09-11 20:10:43.685] [warning] OPTIMIZATION FAILED...
[2026-09-11 20:10:43.685] [warning] StaticOptimization.record: The optimizer could not find a solution at time = 1.196.
[2026-09-11 20:10:43.686] [warning] The model appears unsuitable for static optimization.
Try appending the model with additional force(s) or locking joint(s) to reduce the following acceleration constraint violation(s):
   pelvis_tilt: constraint violation = -2.10151
   pelvis_tilt: constraint violation = 1.02249
   pelvis_tilt: constraint violation = 0.02928
   pelvis_tilt: constraint violation = -0.00477764
   pelvis_tilt: constraint violation = 0.152496
   pelvis_tilt: constraint violation = -0.0626058
   pelvis_tilt: constraint violation = -1.68808
   pelvis_tilt: constraint violation = 0.753275
   pelvis_tilt: constraint violation = 0.00957207
   pelvis_tilt: constraint violation = -1.11883
   pelvis_tilt: constraint violation = -0.925301
   pelvis_tilt: constraint violation = -0.0411273
   pelvis_tilt: constraint violation = 1.78347
   pelvis_tilt: constraint violation = -0.744989
   pelvis_tilt: constraint violation = 0.0866617
   pelvis_tilt: constraint violation = -1.77093
   pelvis_tilt: constraint violation = -0.705093
   pelvis_tilt: constraint violation = 4.63454
   pelvis_tilt: constraint violation = 30.581
   pelvis_tilt: constraint violation = 1.49864
   pelvis_tilt: constraint violation = -4.88215
   pelvis_tilt: constraint violation = 10.9962
   pelvis_tilt: constraint violation = 6.76387

[2026-09-11 20:10:43.686] [cout] [info] time = 1.196 Performance = 2.7628 Constraint violation = 34.1733
[2026-09-11 20:10:44.742] [warning] SimTK Exception thrown at InteriorPointOptimizer.cpp:264:
  Optimizer failed: Ipopt: Maximum iterations exceeded (status -1)
[2026-09-11 20:10:44.742] [warning] OPTIMIZATION FAILED...
[2026-09-11 20:10:44.742] [warning] StaticOptimization.record: The optimizer could not find a solution at time = 1.212.
[2026-09-11 20:10:44.742] [warning] The model appears too weak for static optimization.
Try increasing the strength and/or range of the following force(s):
   med_gas_r approaching upper bound of 1

[2026-09-11 20:10:44.742] [cout] [info] time = 1.212 Performance = 2.95488 Constraint violation = 15.3274
[2026-09-11 20:10:45.894] [warning] SimTK Exception thrown at InteriorPointOptimizer.cpp:264:
  Optimizer failed: Ipopt: Maximum iterations exceeded (status -1)
[2026-09-11 20:10:45.894] [warning] OPTIMIZATION FAILED...
[2026-09-11 20:10:45.894] [warning] StaticOptimization.record: The optimizer could not find a solution at time = 1.228.
[2026-09-11 20:10:45.894] [warning] The model appears too weak for static optimization.
Try increasing the strength and/or range of the following force(s):
   med_gas_r approaching upper bound of 1

[2026-09-11 20:10:45.894] [cout] [info] time = 1.228 Performance = 3.09145 Constraint violation = 52.144
[2026-09-11 20:10:47.017] [warning] SimTK Exception thrown at InteriorPointOptimizer.cpp:264:
  Optimizer failed: Ipopt: Maximum iterations exceeded (status -1)
[2026-09-11 20:10:47.017] [warning] OPTIMIZATION FAILED...
[2026-09-11 20:10:47.017] [warning] StaticOptimization.record: The optimizer could not find a solution at time = 1.244.
[2026-09-11 20:10:47.017] [warning] The model appears too weak for static optimization.
Try increasing the strength and/or range of the following force(s):
   med_gas_r approaching upper bound of 1

[2026-09-11 20:10:47.017] [cout] [info] time = 1.244 Performance = 3.08475 Constraint violation = 45.9707
[2026-09-11 20:10:48.245] [warning] SimTK Exception thrown at InteriorPointOptimizer.cpp:264:
  Optimizer failed: Ipopt: Maximum iterations exceeded (status -1)
[2026-09-11 20:10:48.245] [warning] OPTIMIZATION FAILED...
[2026-09-11 20:10:48.245] [warning] StaticOptimization.record: The optimizer could not find a solution at time = 1.26.
[2026-09-11 20:10:48.245] [warning] The model appears unsuitable for static optimization.
Try appending the model with additional force(s) or locking joint(s) to reduce the following acceleration constraint violation(s):
   pelvis_tilt: constraint violation = -1.19578
   pelvis_tilt: constraint violation = 0.891119
   pelvis_tilt: constraint violation = 0.319245
   pelvis_tilt: constraint violation = -0.00304682
   pelvis_tilt: constraint violation = 0.0722784
   pelvis_tilt: constraint violation = -0.0494157
   pelvis_tilt: constraint violation = -0.995369
   pelvis_tilt: constraint violation = 0.39071
   pelvis_tilt: constraint violation = 0.0136812
   pelvis_tilt: constraint violation = -1.27138
   pelvis_tilt: constraint violation = -0.781157
   pelvis_tilt: constraint violation = -0.0135156
   pelvis_tilt: constraint violation = 1.26232
   pelvis_tilt: constraint violation = -0.219338
   pelvis_tilt: constraint violation = 0.188837
   pelvis_tilt: constraint violation = -0.658401
   pelvis_tilt: constraint violation = -0.561231
   pelvis_tilt: constraint violation = 0.117577
   pelvis_tilt: constraint violation = 8.32551
   pelvis_tilt: constraint violation = 0.738062
   pelvis_tilt: constraint violation = -2.42904
   pelvis_tilt: constraint violation = 4.06795
   pelvis_tilt: constraint violation = 1.26464

[2026-09-11 20:10:48.245] [cout] [info] time = 1.26 Performance = 3.09905 Constraint violation = 10.1020
[2026-09-11 20:10:49.723] [warning] SimTK Exception thrown at InteriorPointOptimizer.cpp:264:
  Optimizer failed: Ipopt: Maximum iterations exceeded (status -1)
[2026-09-11 20:10:49.723] [warning] OPTIMIZATION FAILED...
[2026-09-11 20:10:49.723] [warning] StaticOptimization.record: The optimizer could not find a solution at time = 1.276.
[2026-09-11 20:10:49.724] [warning] The model appears unsuitable for static optimization.
Try appending the model with additional force(s) or locking joint(s) to reduce the following acceleration constraint violation(s):
   pelvis_tilt: constraint violation = -0.0866098
   pelvis_tilt: constraint violation = -0.288039
   pelvis_tilt: constraint violation = -0.728113
   pelvis_tilt: constraint violation = -0.00536405
   pelvis_tilt: constraint violation = -0.393603
   pelvis_tilt: constraint violation = 0.0430049
   pelvis_tilt: constraint violation = -1.10725
   pelvis_tilt: constraint violation = 0.0633513
   pelvis_tilt: constraint violation = -0.0790756
   pelvis_tilt: constraint violation = -4.29316
   pelvis_tilt: constraint violation = 0.730515
   pelvis_tilt: constraint violation = 0.0111434
   pelvis_tilt: constraint violation = -0.708258
   pelvis_tilt: constraint violation = 0.752142
   pelvis_tilt: constraint violation = -0.288528
   pelvis_tilt: constraint violation = -0.393061
   pelvis_tilt: constraint violation = -2.1644
   pelvis_tilt: constraint violation = -25.9161
   pelvis_tilt: constraint violation = -27.163
   pelvis_tilt: constraint violation = 0.776807
   pelvis_tilt: constraint violation = 2.4703
   pelvis_tilt: constraint violation = -10.2991
   pelvis_tilt: constraint violation = -5.81132

[2026-09-11 20:10:49.724] [cout] [info] time = 1.276 Performance = 3.07834 Constraint violation = 39.7868
[2026-09-11 20:10:51.311] [warning] SimTK Exception thrown at InteriorPointOptimizer.cpp:264:
  Optimizer failed: Ipopt: Maximum iterations exceeded (status -1)
[2026-09-11 20:10:51.311] [warning] OPTIMIZATION FAILED...
[2026-09-11 20:10:51.311] [warning] StaticOptimization.record: The optimizer could not find a solution at time = 1.292.
[2026-09-11 20:10:51.312] [warning] The model appears unsuitable for static optimization.
Try appending the model with additional force(s) or locking joint(s) to reduce the following acceleration constraint violation(s):
   pelvis_tilt: constraint violation = 1.87112
   pelvis_tilt: constraint violation = -0.775733
   pelvis_tilt: constraint violation = -1.26599
   pelvis_tilt: constraint violation = -0.00186149
   pelvis_tilt: constraint violation = -0.602575
   pelvis_tilt: constraint violation = 0.0944072
   pelvis_tilt: constraint violation = 0.285349
   pelvis_tilt: constraint violation = -0.0523997
   pelvis_tilt: constraint violation = -0.105702
   pelvis_tilt: constraint violation = -3.66048
   pelvis_tilt: constraint violation = 1.44416
   pelvis_tilt: constraint violation = -0.0586588
   pelvis_tilt: constraint violation = -2.73764
   pelvis_tilt: constraint violation = 1.24779
   pelvis_tilt: constraint violation = -0.512057
   pelvis_tilt: constraint violation = 0.381246
   pelvis_tilt: constraint violation = -1.65662
   pelvis_tilt: constraint violation = -23.8721
   pelvis_tilt: constraint violation = -40.9453
   pelvis_tilt: constraint violation = 0.837545
   pelvis_tilt: constraint violation = 4.55165
   pelvis_tilt: constraint violation = -11.7722
   pelvis_tilt: constraint violation = -10.2338

[2026-09-11 20:10:51.312] [cout] [info] time = 1.292 Performance = 2.94239 Constraint violation = 50.4479
[2026-09-11 20:10:52.659] [warning] SimTK Exception thrown at InteriorPointOptimizer.cpp:264:
  Optimizer failed: Ipopt: Maximum iterations exceeded (status -1)
[2026-09-11 20:10:52.659] [warning] OPTIMIZATION FAILED...
[2026-09-11 20:10:52.659] [warning] StaticOptimization.record: The optimizer could not find a solution at time = 1.30800.
[2026-09-11 20:10:52.660] [warning] The model appears unsuitable for static optimization.
Try appending the model with additional force(s) or locking joint(s) to reduce the following acceleration constraint violation(s):
   pelvis_tilt: constraint violation = 2.4749
   pelvis_tilt: constraint violation = -0.796766
   pelvis_tilt: constraint violation = -1.26248
   pelvis_tilt: constraint violation = 0.0013582
   pelvis_tilt: constraint violation = -0.529813
   pelvis_tilt: constraint violation = 0.113011
   pelvis_tilt: constraint violation = 0.865819
   pelvis_tilt: constraint violation = -0.126366
   pelvis_tilt: constraint violation = -0.090522
   pelvis_tilt: constraint violation = -1.83374
   pelvis_tilt: constraint violation = 1.59774
   pelvis_tilt: constraint violation = -0.131535
   pelvis_tilt: constraint violation = -3.04435
   pelvis_tilt: constraint violation = 1.47408
   pelvis_tilt: constraint violation = -0.535341
   pelvis_tilt: constraint violation = 0.819443
   pelvis_tilt: constraint violation = -0.757944
   pelvis_tilt: constraint violation = -12.6641
   pelvis_tilt: constraint violation = -39.4657
   pelvis_tilt: constraint violation = 0.635709
   pelvis_tilt: constraint violation = 4.75424
   pelvis_tilt: constraint violation = -6.96139
   pelvis_tilt: constraint violation = -10.0259

[2026-09-11 20:10:52.660] [cout] [info] time = 1.30800 Performance = 2.69579 Constraint violation = 43.7977
[2026-09-11 20:10:54.019] [warning] SimTK Exception thrown at InteriorPointOptimizer.cpp:264:
  Optimizer failed: Ipopt: Maximum iterations exceeded (status -1)
[2026-09-11 20:10:54.019] [warning] OPTIMIZATION FAILED...
[2026-09-11 20:10:54.019] [warning] StaticOptimization.record: The optimizer could not find a solution at time = 1.324.
[2026-09-11 20:10:54.020] [warning] The model appears unsuitable for static optimization.
Try appending the model with additional force(s) or locking joint(s) to reduce the following acceleration constraint violation(s):
   pelvis_tilt: constraint violation = 2.09789
   pelvis_tilt: constraint violation = -0.670907
   pelvis_tilt: constraint violation = -1.31482
   pelvis_tilt: constraint violation = 0.00149725
   pelvis_tilt: constraint violation = -0.460078
   pelvis_tilt: constraint violation = 0.117055
   pelvis_tilt: constraint violation = 0.54037
   pelvis_tilt: constraint violation = -0.0639657
   pelvis_tilt: constraint violation = -0.0892784
   pelvis_tilt: constraint violation = -1.14709
   pelvis_tilt: constraint violation = 1.62364
   pelvis_tilt: constraint violation = -0.175037
   pelvis_tilt: constraint violation = -2.82242
   pelvis_tilt: constraint violation = 1.59346
   pelvis_tilt: constraint violation = -0.568525
   pelvis_tilt: constraint violation = 0.785758
   pelvis_tilt: constraint violation = -0.448571
   pelvis_tilt: constraint violation = -7.12078
   pelvis_tilt: constraint violation = -41.4837
   pelvis_tilt: constraint violation = 0.83482
   pelvis_tilt: constraint violation = 5.27892
   pelvis_tilt: constraint violation = -3.88165
   pelvis_tilt: constraint violation = -10.0448

[2026-09-11 20:10:54.020] [cout] [info] time = 1.324 Performance = 2.56504 Constraint violation = 44.0326
[2026-09-11 20:10:55.281] [warning] SimTK Exception thrown at InteriorPointOptimizer.cpp:264:
  Optimizer failed: Ipopt: Maximum iterations exceeded (status -1)
[2026-09-11 20:10:55.281] [warning] OPTIMIZATION FAILED...
[2026-09-11 20:10:55.281] [warning] StaticOptimization.record: The optimizer could not find a solution at time = 1.34.
[2026-09-11 20:10:55.281] [warning] The model appears unsuitable for static optimization.
Try appending the model with additional force(s) or locking joint(s) to reduce the following acceleration constraint violation(s):
   pelvis_tilt: constraint violation = 1.95756
   pelvis_tilt: constraint violation = -0.0806307
   pelvis_tilt: constraint violation = -1.32139
   pelvis_tilt: constraint violation = 0.00418238
   pelvis_tilt: constraint violation = -0.383245
   pelvis_tilt: constraint violation = 0.0779745
   pelvis_tilt: constraint violation = 0.713198
   pelvis_tilt: constraint violation = 0.29329
   pelvis_tilt: constraint violation = -0.0978988
   pelvis_tilt: constraint violation = -0.350362
   pelvis_tilt: constraint violation = 1.06646
   pelvis_tilt: constraint violation = -0.113035
   pelvis_tilt: constraint violation = -2.92263
   pelvis_tilt: constraint violation = 1.33218
   pelvis_tilt: constraint violation = -0.470578
   pelvis_tilt: constraint violation = 0.927411
   pelvis_tilt: constraint violation = 0.0534689
   pelvis_tilt: constraint violation = -3.76463
   pelvis_tilt: constraint violation = -39.4433
   pelvis_tilt: constraint violation = 1.48986
   pelvis_tilt: constraint violation = 4.76275
   pelvis_tilt: constraint violation = -1.98005
   pelvis_tilt: constraint violation = -12.0728

[2026-09-11 20:10:55.281] [cout] [info] time = 1.34 Performance = 2.50232 Constraint violation = 41.9945
[2026-09-11 20:10:56.946] [warning] SimTK Exception thrown at InteriorPointOptimizer.cpp:264:
  Optimizer failed: Ipopt: Maximum iterations exceeded (status -1)
[2026-09-11 20:10:56.946] [warning] OPTIMIZATION FAILED...
[2026-09-11 20:10:56.947] [warning] StaticOptimization.record: The optimizer could not find a solution at time = 1.356.
[2026-09-11 20:10:56.947] [warning] The model appears unsuitable for static optimization.
Try appending the model with additional force(s) or locking joint(s) to reduce the following acceleration constraint violation(s):
   pelvis_tilt: constraint violation = 1.02422
   pelvis_tilt: constraint violation = 0.409326
   pelvis_tilt: constraint violation = -1.54044
   pelvis_tilt: constraint violation = 0.00288484
   pelvis_tilt: constraint violation = -0.23466
   pelvis_tilt: constraint violation = 0.041673
   pelvis_tilt: constraint violation = -0.00873563
   pelvis_tilt: constraint violation = 0.681823
   pelvis_tilt: constraint violation = -0.1226
   pelvis_tilt: constraint violation = 0.174477
   pelvis_tilt: constraint violation = 0.605302
   pelvis_tilt: constraint violation = -0.0422631
   pelvis_tilt: constraint violation = -2.08067
   pelvis_tilt: constraint violation = 1.17588
   pelvis_tilt: constraint violation = -0.467118
   pelvis_tilt: constraint violation = 0.451534
   pelvis_tilt: constraint violation = 0.384342
   pelvis_tilt: constraint violation = -2.91848
   pelvis_tilt: constraint violation = -31.9493
   pelvis_tilt: constraint violation = 2.27269
   pelvis_tilt: constraint violation = 3.98014
   pelvis_tilt: constraint violation = -1.02202
   pelvis_tilt: constraint violation = -9.71262

[2026-09-11 20:10:56.947] [cout] [info] time = 1.356 Performance = 2.30395 Constraint violation = 34.0069
[2026-09-11 20:10:58.057] [warning] SimTK Exception thrown at InteriorPointOptimizer.cpp:264:
  Optimizer failed: Ipopt: Maximum iterations exceeded (status -1)
[2026-09-11 20:10:58.057] [warning] OPTIMIZATION FAILED...
[2026-09-11 20:10:58.057] [warning] StaticOptimization.record: The optimizer could not find a solution at time = 1.372.
[2026-09-11 20:10:58.057] [warning] The model appears unsuitable for static optimization.
Try appending the model with additional force(s) or locking joint(s) to reduce the following acceleration constraint violation(s):
   pelvis_tilt: constraint violation = 0.138322
   pelvis_tilt: constraint violation = 1.2286
   pelvis_tilt: constraint violation = -2.185
   pelvis_tilt: constraint violation = 0.00197042
   pelvis_tilt: constraint violation = -0.0980593
   pelvis_tilt: constraint violation = -0.00751127
   pelvis_tilt: constraint violation = -0.149742
   pelvis_tilt: constraint violation = 0.111654
   pelvis_tilt: constraint violation = -0.0804668
   pelvis_tilt: constraint violation = 0.189207
   pelvis_tilt: constraint violation = -0.0587998
   pelvis_tilt: constraint violation = 0.0705982
   pelvis_tilt: constraint violation = -1.24573
   pelvis_tilt: constraint violation = 0.616561
   pelvis_tilt: constraint violation = -0.0766325
   pelvis_tilt: constraint violation = 0.0611
   pelvis_tilt: constraint violation = 0.326917
   pelvis_tilt: constraint violation = -1.32554
   pelvis_tilt: constraint violation = -6.01953
   pelvis_tilt: constraint violation = 1.01617
   pelvis_tilt: constraint violation = 0.317076
   pelvis_tilt: constraint violation = -0.327981
   pelvis_tilt: constraint violation = -5.53685

[2026-09-11 20:10:58.057] [cout] [info] time = 1.372 Performance = 1.95496 Constraint violation = 8.85075
[2026-09-11 20:10:59.232] [warning] SimTK Exception thrown at InteriorPointOptimizer.cpp:264:
  Optimizer failed: Ipopt: Maximum iterations exceeded (status -1)
[2026-09-11 20:10:59.232] [warning] OPTIMIZATION FAILED...
[2026-09-11 20:10:59.232] [warning] StaticOptimization.record: The optimizer could not find a solution at time = 1.388.
[2026-09-11 20:10:59.232] [warning] The model appears unsuitable for static optimization.
Try appending the model with additional force(s) or locking joint(s) to reduce the following acceleration constraint violation(s):
   pelvis_tilt: constraint violation = -0.35738
   pelvis_tilt: constraint violation = 1.43614
   pelvis_tilt: constraint violation = -1.19717
   pelvis_tilt: constraint violation = 0.00162893
   pelvis_tilt: constraint violation = -0.0193928
   pelvis_tilt: constraint violation = -0.0513984
   pelvis_tilt: constraint violation = -0.314146
   pelvis_tilt: constraint violation = 1.08479
   pelvis_tilt: constraint violation = -0.17784
   pelvis_tilt: constraint violation = 0.065487
   pelvis_tilt: constraint violation = -0.710505
   pelvis_tilt: constraint violation = 0.165005
   pelvis_tilt: constraint violation = -0.924182
   pelvis_tilt: constraint violation = 0.496034
   pelvis_tilt: constraint violation = -0.112081
   pelvis_tilt: constraint violation = -0.100851
   pelvis_tilt: constraint violation = 0.226697
   pelvis_tilt: constraint violation = -1.84342
   pelvis_tilt: constraint violation = 7.76422
   pelvis_tilt: constraint violation = 3.03023
   pelvis_tilt: constraint violation = -3.49105
   pelvis_tilt: constraint violation = 0.118715
   pelvis_tilt: constraint violation = -3.65629

[2026-09-11 20:10:59.232] [cout] [info] time = 1.388 Performance = 1.65913 Constraint violation = 10.2507
[2026-09-11 20:11:00.532] [warning] SimTK Exception thrown at InteriorPointOptimizer.cpp:264:
  Optimizer failed: Ipopt: Maximum iterations exceeded (status -1)
[2026-09-11 20:11:00.532] [warning] OPTIMIZATION FAILED...
[2026-09-11 20:11:00.532] [warning] StaticOptimization.record: The optimizer could not find a solution at time = 1.40400.
[2026-09-11 20:11:00.533] [warning] The model appears unsuitable for static optimization.
Try appending the model with additional force(s) or locking joint(s) to reduce the following acceleration constraint violation(s):
   pelvis_tilt: constraint violation = -0.906122
   pelvis_tilt: constraint violation = 1.18259
   pelvis_tilt: constraint violation = -1.65703
   pelvis_tilt: constraint violation = -0.00125871
   pelvis_tilt: constraint violation = 0.0654378
   pelvis_tilt: constraint violation = -0.0148206
   pelvis_tilt: constraint violation = -1.18533
   pelvis_tilt: constraint violation = 0.587785
   pelvis_tilt: constraint violation = -0.185718
   pelvis_tilt: constraint violation = 0.439472
   pelvis_tilt: constraint violation = -0.131889
   pelvis_tilt: constraint violation = 0.075603
   pelvis_tilt: constraint violation = 0.067723
   pelvis_tilt: constraint violation = 0.732593
   pelvis_tilt: constraint violation = -0.271343
   pelvis_tilt: constraint violation = -0.430469
   pelvis_tilt: constraint violation = 0.287334
   pelvis_tilt: constraint violation = -2.03075
   pelvis_tilt: constraint violation = 9.83697
   pelvis_tilt: constraint violation = 2.46024
   pelvis_tilt: constraint violation = -0.47243
   pelvis_tilt: constraint violation = 0.16907
   pelvis_tilt: constraint violation = 4.77005

[2026-09-11 20:11:00.533] [cout] [info] time = 1.40400 Performance = 1.6765 Constraint violation = 11.7389
[2026-09-11 20:11:01.984] [warning] SimTK Exception thrown at InteriorPointOptimizer.cpp:264:
  Optimizer failed: Ipopt: Infeasible problem detected (status 2)
[2026-09-11 20:11:01.984] [warning] OPTIMIZATION FAILED...
[2026-09-11 20:11:01.984] [warning] StaticOptimization.record: The optimizer could not find a solution at time = 1.42.
[2026-09-11 20:11:01.985] [warning] The model appears unsuitable for static optimization.
Try appending the model with additional force(s) or locking joint(s) to reduce the following acceleration constraint violation(s):
   pelvis_tilt: constraint violation = -0.395131
   pelvis_tilt: constraint violation = 0.368421
   pelvis_tilt: constraint violation = -2.62791
   pelvis_tilt: constraint violation = -0.000519555
   pelvis_tilt: constraint violation = 0.145992
   pelvis_tilt: constraint violation = 0.00122885
   pelvis_tilt: constraint violation = -3.3742
   pelvis_tilt: constraint violation = 0.0337685
   pelvis_tilt: constraint violation = -0.0152925
   pelvis_tilt: constraint violation = 0.00791432
   pelvis_tilt: constraint violation = 0.0205087
   pelvis_tilt: constraint violation = -0.00257768
   pelvis_tilt: constraint violation = 0.014652
   pelvis_tilt: constraint violation = 1.78644
   pelvis_tilt: constraint violation = -0.0112353
   pelvis_tilt: constraint violation = -0.0363674
   pelvis_tilt: constraint violation = 0.0513495
   pelvis_tilt: constraint violation = -0.286889
   pelvis_tilt: constraint violation = 1.1187
   pelvis_tilt: constraint violation = 0.180304
   pelvis_tilt: constraint violation = 0.193349
   pelvis_tilt: constraint violation = -0.269472
   pelvis_tilt: constraint violation = 2.60942

[2026-09-11 20:11:01.985] [cout] [info] time = 1.42 Performance = 1.90888 Constraint violation = 5.48518
[2026-09-11 20:11:03.167] [warning] SimTK Exception thrown at InteriorPointOptimizer.cpp:264:
  Optimizer failed: Ipopt: Maximum iterations exceeded (status -1)
[2026-09-11 20:11:03.167] [warning] OPTIMIZATION FAILED...
[2026-09-11 20:11:03.167] [warning] StaticOptimization.record: The optimizer could not find a solution at time = 1.436.
[2026-09-11 20:11:03.167] [warning] The model appears unsuitable for static optimization.
Try appending the model with additional force(s) or locking joint(s) to reduce the following acceleration constraint violation(s):
   pelvis_tilt: constraint violation = -1.08469
   pelvis_tilt: constraint violation = 0.671336
   pelvis_tilt: constraint violation = -2.08364
   pelvis_tilt: constraint violation = -0.00406203
   pelvis_tilt: constraint violation = 0.0226317
   pelvis_tilt: constraint violation = 0.0253376
   pelvis_tilt: constraint violation = -3.45547
   pelvis_tilt: constraint violation = 0.426428
   pelvis_tilt: constraint violation = -0.233865
   pelvis_tilt: constraint violation = 0.250555
   pelvis_tilt: constraint violation = 0.539149
   pelvis_tilt: constraint violation = -0.00164387
   pelvis_tilt: constraint violation = 0.98622
   pelvis_tilt: constraint violation = 1.63506
   pelvis_tilt: constraint violation = -0.375228
   pelvis_tilt: constraint violation = -0.472599
   pelvis_tilt: constraint violation = -0.126179
   pelvis_tilt: constraint violation = -9.09502
   pelvis_tilt: constraint violation = -7.48026
   pelvis_tilt: constraint violation = 2.63169
   pelvis_tilt: constraint violation = 3.83009
   pelvis_tilt: constraint violation = -2.66949
   pelvis_tilt: constraint violation = 7.66956

[2026-09-11 20:11:03.167] [cout] [info] time = 1.436 Performance = 1.42575 Constraint violation = 15.7716
[2026-09-11 20:11:04.578] [warning] SimTK Exception thrown at InteriorPointOptimizer.cpp:264:
  Optimizer failed: Ipopt: Maximum iterations exceeded (status -1)
[2026-09-11 20:11:04.578] [warning] OPTIMIZATION FAILED...
[2026-09-11 20:11:04.578] [warning] StaticOptimization.record: The optimizer could not find a solution at time = 1.452.
[2026-09-11 20:11:04.579] [warning] The model appears unsuitable for static optimization.
Try appending the model with additional force(s) or locking joint(s) to reduce the following acceleration constraint violation(s):
   pelvis_tilt: constraint violation = -0.823372
   pelvis_tilt: constraint violation = 0.676106
   pelvis_tilt: constraint violation = -1.86914
   pelvis_tilt: constraint violation = -0.00296853
   pelvis_tilt: constraint violation = -0.0047831
   pelvis_tilt: constraint violation = 0.0227322
   pelvis_tilt: constraint violation = -3.11012
   pelvis_tilt: constraint violation = 0.424722
   pelvis_tilt: constraint violation = -0.251637
   pelvis_tilt: constraint violation = 0.198295
   pelvis_tilt: constraint violation = 0.46309
   pelvis_tilt: constraint violation = 0.0122848
   pelvis_tilt: constraint violation = 0.76599
   pelvis_tilt: constraint violation = 1.66538
   pelvis_tilt: constraint violation = -0.36328
   pelvis_tilt: constraint violation = -0.491961
   pelvis_tilt: constraint violation = -0.0566872
   pelvis_tilt: constraint violation = -30.2442
   pelvis_tilt: constraint violation = -9.45936
   pelvis_tilt: constraint violation = 3.48897
   pelvis_tilt: constraint violation = 3.54046
   pelvis_tilt: constraint violation = -7.33747
   pelvis_tilt: constraint violation = 4.94788

[2026-09-11 20:11:04.579] [cout] [info] time = 1.452 Performance = 1.4629 Constraint violation = 33.5523
[2026-09-11 20:11:05.657] [warning] SimTK Exception thrown at InteriorPointOptimizer.cpp:264:
  Optimizer failed: Ipopt: Maximum iterations exceeded (status -1)
[2026-09-11 20:11:05.657] [warning] OPTIMIZATION FAILED...
[2026-09-11 20:11:05.657] [warning] StaticOptimization.record: The optimizer could not find a solution at time = 1.468.
[2026-09-11 20:11:05.658] [warning] The model appears unsuitable for static optimization.
Try appending the model with additional force(s) or locking joint(s) to reduce the following acceleration constraint violation(s):
   pelvis_tilt: constraint violation = -0.722817
   pelvis_tilt: constraint violation = 0.835108
   pelvis_tilt: constraint violation = -1.46616
   pelvis_tilt: constraint violation = -0.00132451
   pelvis_tilt: constraint violation = 0.00806717
   pelvis_tilt: constraint violation = 0.0174325
   pelvis_tilt: constraint violation = -1.58227
   pelvis_tilt: constraint violation = 0.490015
   pelvis_tilt: constraint violation = -0.299101
   pelvis_tilt: constraint violation = 0.201419
   pelvis_tilt: constraint violation = 0.237581
   pelvis_tilt: constraint violation = 0.038828
   pelvis_tilt: constraint violation = 0.400086
   pelvis_tilt: constraint violation = 1.33838
   pelvis_tilt: constraint violation = -0.498594
   pelvis_tilt: constraint violation = -0.718127
   pelvis_tilt: constraint violation = 0.06421
   pelvis_tilt: constraint violation = -49.6581
   pelvis_tilt: constraint violation = -2.5628
   pelvis_tilt: constraint violation = 6.115
   pelvis_tilt: constraint violation = 1.66262
   pelvis_tilt: constraint violation = -8.18186
   pelvis_tilt: constraint violation = 3.15961

[2026-09-11 20:11:05.658] [cout] [info] time = 1.468 Performance = 1.42846 Constraint violation = 50.9765
[2026-09-11 20:11:06.723] [warning] SimTK Exception thrown at InteriorPointOptimizer.cpp:264:
  Optimizer failed: Ipopt: Maximum iterations exceeded (status -1)
[2026-09-11 20:11:06.723] [warning] OPTIMIZATION FAILED...
[2026-09-11 20:11:06.723] [warning] StaticOptimization.record: The optimizer could not find a solution at time = 1.484.
[2026-09-11 20:11:06.723] [warning] The model appears unsuitable for static optimization.
Try appending the model with additional force(s) or locking joint(s) to reduce the following acceleration constraint violation(s):
   pelvis_tilt: constraint violation = -0.721885
   pelvis_tilt: constraint violation = 1.07544
   pelvis_tilt: constraint violation = -1.13749
   pelvis_tilt: constraint violation = -0.000404557
   pelvis_tilt: constraint violation = 0.0426838
   pelvis_tilt: constraint violation = -0.00996809
   pelvis_tilt: constraint violation = -0.880965
   pelvis_tilt: constraint violation = 0.473481
   pelvis_tilt: constraint violation = -0.294954
   pelvis_tilt: constraint violation = 0.228968
   pelvis_tilt: constraint violation = -0.22697
   pelvis_tilt: constraint violation = 0.0642794
   pelvis_tilt: constraint violation = -0.0916433
   pelvis_tilt: constraint violation = 0.900151
   pelvis_tilt: constraint violation = -0.293432
   pelvis_tilt: constraint violation = -0.564521
   pelvis_tilt: constraint violation = 0.165647
   pelvis_tilt: constraint violation = -33.2495
   pelvis_tilt: constraint violation = 9.36273
   pelvis_tilt: constraint violation = 5.17246
   pelvis_tilt: constraint violation = -0.834335
   pelvis_tilt: constraint violation = -1.23746
   pelvis_tilt: constraint violation = 3.20135

[2026-09-11 20:11:06.723] [cout] [info] time = 1.484 Performance = 1.35415 Constraint violation = 35.183
[2026-09-11 20:11:07.854] [warning] SimTK Exception thrown at InteriorPointOptimizer.cpp:264:
  Optimizer failed: Ipopt: Maximum iterations exceeded (status -1)
[2026-09-11 20:11:07.854] [warning] OPTIMIZATION FAILED...
[2026-09-11 20:11:07.854] [warning] StaticOptimization.record: The optimizer could not find a solution at time = 1.5.
[2026-09-11 20:11:07.854] [warning] The model appears unsuitable for static optimization.
Try appending the model with additional force(s) or locking joint(s) to reduce the following acceleration constraint violation(s):
   pelvis_tilt: constraint violation = -0.846675
   pelvis_tilt: constraint violation = 1.3316
   pelvis_tilt: constraint violation = -1.09771
   pelvis_tilt: constraint violation = 0.000792358
   pelvis_tilt: constraint violation = 0.08215
   pelvis_tilt: constraint violation = -0.0202048
   pelvis_tilt: constraint violation = -0.295706
   pelvis_tilt: constraint violation = 0.288782
   pelvis_tilt: constraint violation = -0.237669
   pelvis_tilt: constraint violation = 0.339469
   pelvis_tilt: constraint violation = -0.211292
   pelvis_tilt: constraint violation = 0.0684424
   pelvis_tilt: constraint violation = -0.346216
   pelvis_tilt: constraint violation = 0.400378
   pelvis_tilt: constraint violation = -0.156857
   pelvis_tilt: constraint violation = -0.384968
   pelvis_tilt: constraint violation = 0.308438
   pelvis_tilt: constraint violation = -13.7137
   pelvis_tilt: constraint violation = 12.4276
   pelvis_tilt: constraint violation = 3.43435
   pelvis_tilt: constraint violation = -1.56179
   pelvis_tilt: constraint violation = 4.96938
   pelvis_tilt: constraint violation = 4.24364

[2026-09-11 20:11:07.855] [cout] [info] time = 1.5 Performance = 1.2539 Constraint violation = 20.1020
[2026-09-11 20:11:09.043] [warning] SimTK Exception thrown at InteriorPointOptimizer.cpp:264:
  Optimizer failed: Ipopt: Maximum iterations exceeded (status -1)
[2026-09-11 20:11:09.043] [warning] OPTIMIZATION FAILED...
[2026-09-11 20:11:09.043] [warning] StaticOptimization.record: The optimizer could not find a solution at time = 1.516.
[2026-09-11 20:11:09.044] [warning] The model appears unsuitable for static optimization.
Try appending the model with additional force(s) or locking joint(s) to reduce the following acceleration constraint violation(s):
   pelvis_tilt: constraint violation = -0.841263
   pelvis_tilt: constraint violation = 1.06225
   pelvis_tilt: constraint violation = -0.778464
   pelvis_tilt: constraint violation = 0.00171457
   pelvis_tilt: constraint violation = 0.0805978
   pelvis_tilt: constraint violation = -0.0286278
   pelvis_tilt: constraint violation = -0.0837078
   pelvis_tilt: constraint violation = 0.36443
   pelvis_tilt: constraint violation = -0.27571
   pelvis_tilt: constraint violation = 0.429708
   pelvis_tilt: constraint violation = -0.369966
   pelvis_tilt: constraint violation = 0.060721
   pelvis_tilt: constraint violation = -0.653561
   pelvis_tilt: constraint violation = 0.469339
   pelvis_tilt: constraint violation = -0.122704
   pelvis_tilt: constraint violation = -0.312702
   pelvis_tilt: constraint violation = 0.365847
   pelvis_tilt: constraint violation = -10.6416
   pelvis_tilt: constraint violation = 15.7113
   pelvis_tilt: constraint violation = 3.38549
   pelvis_tilt: constraint violation = -1.75096
   pelvis_tilt: constraint violation = 6.35036
   pelvis_tilt: constraint violation = 3.59278

[2026-09-11 20:11:09.044] [cout] [info] time = 1.516 Performance = 1.14246 Constraint violation = 20.7782
[2026-09-11 20:11:10.283] [warning] SimTK Exception thrown at InteriorPointOptimizer.cpp:264:
  Optimizer failed: Ipopt: Maximum iterations exceeded (status -1)
[2026-09-11 20:11:10.283] [warning] OPTIMIZATION FAILED...
[2026-09-11 20:11:10.283] [warning] StaticOptimization.record: The optimizer could not find a solution at time = 1.532.
[2026-09-11 20:11:10.283] [warning] The model appears unsuitable for static optimization.
Try appending the model with additional force(s) or locking joint(s) to reduce the following acceleration constraint violation(s):
   pelvis_tilt: constraint violation = -0.744518
   pelvis_tilt: constraint violation = 0.797555
   pelvis_tilt: constraint violation = -0.778703
   pelvis_tilt: constraint violation = 0.00216974
   pelvis_tilt: constraint violation = 0.0504313
   pelvis_tilt: constraint violation = -0.0139743
   pelvis_tilt: constraint violation = -0.126831
   pelvis_tilt: constraint violation = 0.250472
   pelvis_tilt: constraint violation = -0.241834
   pelvis_tilt: constraint violation = 0.509355
   pelvis_tilt: constraint violation = -0.227928
   pelvis_tilt: constraint violation = 0.0479583
   pelvis_tilt: constraint violation = -0.864893
   pelvis_tilt: constraint violation = 0.531809
   pelvis_tilt: constraint violation = -0.202002
   pelvis_tilt: constraint violation = -0.17876
   pelvis_tilt: constraint violation = 0.46952
   pelvis_tilt: constraint violation = -9.75785
   pelvis_tilt: constraint violation = 9.82311
   pelvis_tilt: constraint violation = 2.62973
   pelvis_tilt: constraint violation = -0.939996
   pelvis_tilt: constraint violation = 3.57914
   pelvis_tilt: constraint violation = 2.05619

[2026-09-11 20:11:10.283] [cout] [info] time = 1.532 Performance = 1.07562 Constraint violation = 14.8365
[2026-09-11 20:11:11.499] [warning] SimTK Exception thrown at InteriorPointOptimizer.cpp:264:
  Optimizer failed: Ipopt: Maximum iterations exceeded (status -1)
[2026-09-11 20:11:11.499] [warning] OPTIMIZATION FAILED...
[2026-09-11 20:11:11.499] [warning] StaticOptimization.record: The optimizer could not find a solution at time = 1.548.
[2026-09-11 20:11:11.499] [warning] The model appears unsuitable for static optimization.
Try appending the model with additional force(s) or locking joint(s) to reduce the following acceleration constraint violation(s):
   pelvis_tilt: constraint violation = -0.636471
   pelvis_tilt: constraint violation = 0.575858
   pelvis_tilt: constraint violation = -0.928231
   pelvis_tilt: constraint violation = 0.00193357
   pelvis_tilt: constraint violation = 0.0305325
   pelvis_tilt: constraint violation = 0.0019972
   pelvis_tilt: constraint violation = -0.378137
   pelvis_tilt: constraint violation = 0.135041
   pelvis_tilt: constraint violation = -0.216446
   pelvis_tilt: constraint violation = 0.632941
   pelvis_tilt: constraint violation = -0.0992304
   pelvis_tilt: constraint violation = 0.0454615
   pelvis_tilt: constraint violation = -0.834871
   pelvis_tilt: constraint violation = 0.682235
   pelvis_tilt: constraint violation = -0.352849
   pelvis_tilt: constraint violation = -0.133833
   pelvis_tilt: constraint violation = 0.628209
   pelvis_tilt: constraint violation = -11.3549
   pelvis_tilt: constraint violation = 5.85949
   pelvis_tilt: constraint violation = 2.07983
   pelvis_tilt: constraint violation = -0.177486
   pelvis_tilt: constraint violation = 0.885392
   pelvis_tilt: constraint violation = 1.42219

[2026-09-11 20:11:11.500] [cout] [info] time = 1.548 Performance = 1.06651 Constraint violation = 13.2042
[2026-09-11 20:11:12.718] [warning] SimTK Exception thrown at InteriorPointOptimizer.cpp:264:
  Optimizer failed: Ipopt: Maximum iterations exceeded (status -1)
[2026-09-11 20:11:12.718] [warning] OPTIMIZATION FAILED...
[2026-09-11 20:11:12.718] [warning] StaticOptimization.record: The optimizer could not find a solution at time = 1.564.
[2026-09-11 20:11:12.718] [warning] The model appears unsuitable for static optimization.
Try appending the model with additional force(s) or locking joint(s) to reduce the following acceleration constraint violation(s):
   pelvis_tilt: constraint violation = -0.576429
   pelvis_tilt: constraint violation = 0.318779
   pelvis_tilt: constraint violation = -1.71878
   pelvis_tilt: constraint violation = 0.00101816
   pelvis_tilt: constraint violation = 0.0192492
   pelvis_tilt: constraint violation = 0.0148441
   pelvis_tilt: constraint violation = -0.573058
   pelvis_tilt: constraint violation = 0.0112352
   pelvis_tilt: constraint violation = -0.174155
   pelvis_tilt: constraint violation = 0.554649
   pelvis_tilt: constraint violation = 0.0185148
   pelvis_tilt: constraint violation = 0.0562694
   pelvis_tilt: constraint violation = -0.573496
   pelvis_tilt: constraint violation = 1.0448
   pelvis_tilt: constraint violation = -0.400583
   pelvis_tilt: constraint violation = -0.139883
   pelvis_tilt: constraint violation = 0.652312
   pelvis_tilt: constraint violation = -10.6577
   pelvis_tilt: constraint violation = 3.37412
   pelvis_tilt: constraint violation = 1.50836
   pelvis_tilt: constraint violation = 0.568782
   pelvis_tilt: constraint violation = -1.5111
   pelvis_tilt: constraint violation = 1.71956

[2026-09-11 20:11:12.718] [cout] [info] time = 1.564 Performance = 1.11167 Constraint violation = 11.7853
[2026-09-11 20:11:13.933] [warning] SimTK Exception thrown at InteriorPointOptimizer.cpp:264:
  Optimizer failed: Ipopt: Maximum iterations exceeded (status -1)
[2026-09-11 20:11:13.933] [warning] OPTIMIZATION FAILED...
[2026-09-11 20:11:13.933] [warning] StaticOptimization.record: The optimizer could not find a solution at time = 1.58.
[2026-09-11 20:11:13.933] [warning] The model appears unsuitable for static optimization.
Try appending the model with additional force(s) or locking joint(s) to reduce the following acceleration constraint violation(s):
   pelvis_tilt: constraint violation = -0.505512
   pelvis_tilt: constraint violation = 0.332856
   pelvis_tilt: constraint violation = -1.76721
   pelvis_tilt: constraint violation = 3.19289e-05
   pelvis_tilt: constraint violation = 0.000397277
   pelvis_tilt: constraint violation = 0.0240881
   pelvis_tilt: constraint violation = -1.55602
   pelvis_tilt: constraint violation = -0.079894
   pelvis_tilt: constraint violation = -0.201603
   pelvis_tilt: constraint violation = 0.962013
   pelvis_tilt: constraint violation = 0.0254808
   pelvis_tilt: constraint violation = 0.0772875
   pelvis_tilt: constraint violation = -0.391198
   pelvis_tilt: constraint violation = 1.04491
   pelvis_tilt: constraint violation = -0.87375
   pelvis_tilt: constraint violation = -0.169477
   pelvis_tilt: constraint violation = 1.09635
   pelvis_tilt: constraint violation = -18.8128
   pelvis_tilt: constraint violation = 0.709775
   pelvis_tilt: constraint violation = 1.37915
   pelvis_tilt: constraint violation = 0.945949
   pelvis_tilt: constraint violation = -4.07251
   pelvis_tilt: constraint violation = 0.770366

[2026-09-11 20:11:13.933] [cout] [info] time = 1.58 Performance = 1.16748 Constraint violation = 19.6094
[2026-09-11 20:11:14.997] [warning] SimTK Exception thrown at InteriorPointOptimizer.cpp:264:
  Optimizer failed: Ipopt: Maximum iterations exceeded (status -1)
[2026-09-11 20:11:14.997] [warning] OPTIMIZATION FAILED...
[2026-09-11 20:11:14.997] [warning] StaticOptimization.record: The optimizer could not find a solution at time = 1.596.
[2026-09-11 20:11:14.997] [warning] The model appears unsuitable for static optimization.
Try appending the model with additional force(s) or locking joint(s) to reduce the following acceleration constraint violation(s):
   pelvis_tilt: constraint violation = -0.427317
   pelvis_tilt: constraint violation = 0.241468
   pelvis_tilt: constraint violation = -2.39316
   pelvis_tilt: constraint violation = -0.000640192
   pelvis_tilt: constraint violation = -0.004365
   pelvis_tilt: constraint violation = 0.0322769
   pelvis_tilt: constraint violation = -2.3165
   pelvis_tilt: constraint violation = -0.239058
   pelvis_tilt: constraint violation = -0.173322
   pelvis_tilt: constraint violation = 1.35712
   pelvis_tilt: constraint violation = 0.0133317
   pelvis_tilt: constraint violation = 0.104985
   pelvis_tilt: constraint violation = -0.168436
   pelvis_tilt: constraint violation = 1.24583
   pelvis_tilt: constraint violation = -1.22444
   pelvis_tilt: constraint violation = -0.211036
   pelvis_tilt: constraint violation = 1.67317
   pelvis_tilt: constraint violation = -19.7065
   pelvis_tilt: constraint violation = 0.531498
   pelvis_tilt: constraint violation = 0.800122
   pelvis_tilt: constraint violation = 1.37683
   pelvis_tilt: constraint violation = -5.3362
   pelvis_tilt: constraint violation = 0.829744

[2026-09-11 20:11:14.997] [cout] [info] time = 1.596 Performance = 1.19449 Constraint violation = 20.9649
[2026-09-11 20:11:16.186] [warning] SimTK Exception thrown at InteriorPointOptimizer.cpp:264:
  Optimizer failed: Ipopt: Maximum iterations exceeded (status -1)
[2026-09-11 20:11:16.186] [warning] OPTIMIZATION FAILED...
[2026-09-11 20:11:16.186] [warning] StaticOptimization.record: The optimizer could not find a solution at time = 1.612.
[2026-09-11 20:11:16.187] [warning] The model appears unsuitable for static optimization.
Try appending the model with additional force(s) or locking joint(s) to reduce the following acceleration constraint violation(s):
   pelvis_tilt: constraint violation = -0.340871
   pelvis_tilt: constraint violation = 0.206729
   pelvis_tilt: constraint violation = -2.77892
   pelvis_tilt: constraint violation = -0.000783933
   pelvis_tilt: constraint violation = -0.0192055
   pelvis_tilt: constraint violation = 0.034783
   pelvis_tilt: constraint violation = -2.91481
   pelvis_tilt: constraint violation = -0.401592
   pelvis_tilt: constraint violation = -0.110184
   pelvis_tilt: constraint violation = 1.71358
   pelvis_tilt: constraint violation = -0.0878031
   pelvis_tilt: constraint violation = 0.126808
   pelvis_tilt: constraint violation = -0.151231
   pelvis_tilt: constraint violation = 1.33531
   pelvis_tilt: constraint violation = -1.42665
   pelvis_tilt: constraint violation = -0.231459
   pelvis_tilt: constraint violation = 2.27244
   pelvis_tilt: constraint violation = -18.3306
   pelvis_tilt: constraint violation = 0.0296558
   pelvis_tilt: constraint violation = 0.0435091
   pelvis_tilt: constraint violation = 1.43839
   pelvis_tilt: constraint violation = -6.34048
   pelvis_tilt: constraint violation = -0.164881

[2026-09-11 20:11:16.187] [cout] [info] time = 1.612 Performance = 1.19696 Constraint violation = 20.1713
[2026-09-11 20:11:17.336] [warning] SimTK Exception thrown at InteriorPointOptimizer.cpp:264:
  Optimizer failed: Ipopt: Maximum iterations exceeded (status -1)
[2026-09-11 20:11:17.336] [warning] OPTIMIZATION FAILED...
[2026-09-11 20:11:17.336] [warning] StaticOptimization.record: The optimizer could not find a solution at time = 1.628.
[2026-09-11 20:11:17.336] [warning] The model appears unsuitable for static optimization.
Try appending the model with additional force(s) or locking joint(s) to reduce the following acceleration constraint violation(s):
   pelvis_tilt: constraint violation = -0.154603
   pelvis_tilt: constraint violation = 0.119262
   pelvis_tilt: constraint violation = -3.2208
   pelvis_tilt: constraint violation = -0.000228325
   pelvis_tilt: constraint violation = -0.0571119
   pelvis_tilt: constraint violation = 0.0303507
   pelvis_tilt: constraint violation = -2.94561
   pelvis_tilt: constraint violation = -0.60883
   pelvis_tilt: constraint violation = -0.0270142
   pelvis_tilt: constraint violation = 1.8578
   pelvis_tilt: constraint violation = -0.183855
   pelvis_tilt: constraint violation = 0.139271
   pelvis_tilt: constraint violation = -0.454805
   pelvis_tilt: constraint violation = 1.40135
   pelvis_tilt: constraint violation = -1.16499
   pelvis_tilt: constraint violation = -0.18387
   pelvis_tilt: constraint violation = 2.33419
   pelvis_tilt: constraint violation = -12.055
   pelvis_tilt: constraint violation = -1.96532
   pelvis_tilt: constraint violation = -0.745416
   pelvis_tilt: constraint violation = 1.162
   pelvis_tilt: constraint violation = -6.76769
   pelvis_tilt: constraint violation = -2.71071

[2026-09-11 20:11:17.336] [cout] [info] time = 1.628 Performance = 1.14408 Constraint violation = 15.3694
[2026-09-11 20:11:18.415] [warning] SimTK Exception thrown at InteriorPointOptimizer.cpp:264:
  Optimizer failed: Ipopt: Maximum iterations exceeded (status -1)
[2026-09-11 20:11:18.415] [warning] OPTIMIZATION FAILED...
[2026-09-11 20:11:18.415] [warning] StaticOptimization.record: The optimizer could not find a solution at time = 1.644.
[2026-09-11 20:11:18.416] [warning] The model appears unsuitable for static optimization.
Try appending the model with additional force(s) or locking joint(s) to reduce the following acceleration constraint violation(s):
   pelvis_tilt: constraint violation = -0.116411
   pelvis_tilt: constraint violation = 0.0601484
   pelvis_tilt: constraint violation = -2.90912
   pelvis_tilt: constraint violation = 0.000351964
   pelvis_tilt: constraint violation = -0.0675628
   pelvis_tilt: constraint violation = 0.0187935
   pelvis_tilt: constraint violation = -2.80928
   pelvis_tilt: constraint violation = -0.67175
   pelvis_tilt: constraint violation = 0.0349924
   pelvis_tilt: constraint violation = 2.07071
   pelvis_tilt: constraint violation = -0.238535
   pelvis_tilt: constraint violation = 0.13342
   pelvis_tilt: constraint violation = -0.676679
   pelvis_tilt: constraint violation = 1.31529
   pelvis_tilt: constraint violation = -0.760506
   pelvis_tilt: constraint violation = -0.155834
   pelvis_tilt: constraint violation = 2.08277
   pelvis_tilt: constraint violation = -6.76322
   pelvis_tilt: constraint violation = -1.32332
   pelvis_tilt: constraint violation = -1.21734
   pelvis_tilt: constraint violation = 0.666448
   pelvis_tilt: constraint violation = -6.03423
   pelvis_tilt: constraint violation = -3.80277

[2026-09-11 20:11:18.416] [cout] [info] time = 1.644 Performance = 1.11394 Constraint violation = 11.3407
[2026-09-11 20:11:18.892] [warning] SimTK Exception thrown at InteriorPointOptimizer.cpp:264:
  Optimizer failed: Ipopt: Infeasible problem detected (status 2)
[2026-09-11 20:11:18.893] [warning] OPTIMIZATION FAILED...
[2026-09-11 20:11:18.893] [warning] StaticOptimization.record: The optimizer could not find a solution at time = 1.66.
[2026-09-11 20:11:18.893] [warning] The model appears unsuitable for static optimization.
Try appending the model with additional force(s) or locking joint(s) to reduce the following acceleration constraint violation(s):
   pelvis_tilt: constraint violation = -0.017843
   pelvis_tilt: constraint violation = -0.0405667
   pelvis_tilt: constraint violation = -3.83555
   pelvis_tilt: constraint violation = 0.000365573
   pelvis_tilt: constraint violation = -0.0823903
   pelvis_tilt: constraint violation = 0.0062249
   pelvis_tilt: constraint violation = -0.447804
   pelvis_tilt: constraint violation = -1.19003
   pelvis_tilt: constraint violation = 0.031318
   pelvis_tilt: constraint violation = 0.182908
   pelvis_tilt: constraint violation = 0.000718776
   pelvis_tilt: constraint violation = 0.0250258
   pelvis_tilt: constraint violation = -0.871697
   pelvis_tilt: constraint violation = 1.37401
   pelvis_tilt: constraint violation = -0.000906748
   pelvis_tilt: constraint violation = -0.0218947
   pelvis_tilt: constraint violation = 0.0418185
   pelvis_tilt: constraint violation = -0.705435
   pelvis_tilt: constraint violation = -0.697187
   pelvis_tilt: constraint violation = -0.255156
   pelvis_tilt: constraint violation = 0.250818
   pelvis_tilt: constraint violation = -2.20365
   pelvis_tilt: constraint violation = -2.06296

[2026-09-11 20:11:18.893] [cout] [info] time = 1.66 Performance = 0.995145 Constraint violation = 5.40791
[2026-09-11 20:11:20.261] [warning] SimTK Exception thrown at InteriorPointOptimizer.cpp:264:
  Optimizer failed: Ipopt: Maximum iterations exceeded (status -1)
[2026-09-11 20:11:20.261] [warning] OPTIMIZATION FAILED...
[2026-09-11 20:11:20.261] [warning] StaticOptimization.record: The optimizer could not find a solution at time = 1.676.
[2026-09-11 20:11:20.261] [warning] The model appears unsuitable for static optimization.
Try appending the model with additional force(s) or locking joint(s) to reduce the following acceleration constraint violation(s):
   pelvis_tilt: constraint violation = -0.353856
   pelvis_tilt: constraint violation = -0.137077
   pelvis_tilt: constraint violation = -1.95003
   pelvis_tilt: constraint violation = 0.000409476
   pelvis_tilt: constraint violation = -0.0184747
   pelvis_tilt: constraint violation = 0.0243675
   pelvis_tilt: constraint violation = -1.85324
   pelvis_tilt: constraint violation = -0.608895
   pelvis_tilt: constraint violation = 0.147146
   pelvis_tilt: constraint violation = 1.45652
   pelvis_tilt: constraint violation = -0.331564
   pelvis_tilt: constraint violation = 0.125547
   pelvis_tilt: constraint violation = -0.498094
   pelvis_tilt: constraint violation = 1.0421
   pelvis_tilt: constraint violation = -0.789633
   pelvis_tilt: constraint violation = -0.1802
   pelvis_tilt: constraint violation = 1.93944
   pelvis_tilt: constraint violation = 0.617189
   pelvis_tilt: constraint violation = 1.41336
   pelvis_tilt: constraint violation = -2.1505
   pelvis_tilt: constraint violation = 0.197619
   pelvis_tilt: constraint violation = -3.45594
   pelvis_tilt: constraint violation = -1.72385

[2026-09-11 20:11:20.261] [cout] [info] time = 1.676 Performance = 1.07241 Constraint violation = 6.14251
[2026-09-11 20:11:21.599] [warning] SimTK Exception thrown at InteriorPointOptimizer.cpp:264:
  Optimizer failed: Ipopt: Maximum iterations exceeded (status -1)
[2026-09-11 20:11:21.599] [warning] OPTIMIZATION FAILED...
[2026-09-11 20:11:21.599] [warning] StaticOptimization.record: The optimizer could not find a solution at time = 1.692.
[2026-09-11 20:11:21.600] [warning] The model appears unsuitable for static optimization.
Try appending the model with additional force(s) or locking joint(s) to reduce the following acceleration constraint violation(s):
   pelvis_tilt: constraint violation = -0.538407
   pelvis_tilt: constraint violation = -0.0375274
   pelvis_tilt: constraint violation = -1.92423
   pelvis_tilt: constraint violation = -0.00048348
   pelvis_tilt: constraint violation = 0.0243738
   pelvis_tilt: constraint violation = 0.0147298
   pelvis_tilt: constraint violation = -1.45005
   pelvis_tilt: constraint violation = -0.490605
   pelvis_tilt: constraint violation = 0.119555
   pelvis_tilt: constraint violation = 0.878445
   pelvis_tilt: constraint violation = -0.388468
   pelvis_tilt: constraint violation = 0.104563
   pelvis_tilt: constraint violation = 0.0380388
   pelvis_tilt: constraint violation = 0.915731
   pelvis_tilt: constraint violation = -0.62183
   pelvis_tilt: constraint violation = -0.23065
   pelvis_tilt: constraint violation = 1.09682
   pelvis_tilt: constraint violation = 4.19597
   pelvis_tilt: constraint violation = 7.4491
   pelvis_tilt: constraint violation = -1.96825
   pelvis_tilt: constraint violation = -0.4673
   pelvis_tilt: constraint violation = -0.979059
   pelvis_tilt: constraint violation = 1.47708

[2026-09-11 20:11:21.600] [cout] [info] time = 1.692 Performance = 1.08735 Constraint violation = 9.49193
[2026-09-11 20:11:23.335] [warning] SimTK Exception thrown at InteriorPointOptimizer.cpp:264:
  Optimizer failed: Ipopt: Maximum iterations exceeded (status -1)
[2026-09-11 20:11:23.335] [warning] OPTIMIZATION FAILED...
[2026-09-11 20:11:23.335] [warning] StaticOptimization.record: The optimizer could not find a solution at time = 1.70800.
[2026-09-11 20:11:23.336] [warning] The model appears unsuitable for static optimization.
Try appending the model with additional force(s) or locking joint(s) to reduce the following acceleration constraint violation(s):
   pelvis_tilt: constraint violation = -0.758912
   pelvis_tilt: constraint violation = 0.271618
   pelvis_tilt: constraint violation = -1.9159
   pelvis_tilt: constraint violation = -0.00195433
   pelvis_tilt: constraint violation = 0.0740795
   pelvis_tilt: constraint violation = -0.00484384
   pelvis_tilt: constraint violation = -1.47496
   pelvis_tilt: constraint violation = -0.369173
   pelvis_tilt: constraint violation = 0.0553682
   pelvis_tilt: constraint violation = 0.438734
   pelvis_tilt: constraint violation = -0.82172
   pelvis_tilt: constraint violation = 0.0999856
   pelvis_tilt: constraint violation = 0.724293
   pelvis_tilt: constraint violation = 0.767319
   pelvis_tilt: constraint violation = -0.667575
   pelvis_tilt: constraint violation = -0.4006
   pelvis_tilt: constraint violation = 0.458221
   pelvis_tilt: constraint violation = 7.62479
   pelvis_tilt: constraint violation = 16.9774
   pelvis_tilt: constraint violation = -1.93011
   pelvis_tilt: constraint violation = -1.62097
   pelvis_tilt: constraint violation = 1.68527
   pelvis_tilt: constraint violation = 4.68691

[2026-09-11 20:11:23.336] [cout] [info] time = 1.70800 Performance = 1.1328 Constraint violation = 19.6718
[2026-09-11 20:11:24.768] [warning] SimTK Exception thrown at InteriorPointOptimizer.cpp:264:
  Optimizer failed: Ipopt: Maximum iterations exceeded (status -1)
[2026-09-11 20:11:24.768] [warning] OPTIMIZATION FAILED...
[2026-09-11 20:11:24.768] [warning] StaticOptimization.record: The optimizer could not find a solution at time = 1.724.
[2026-09-11 20:11:24.768] [warning] The model appears unsuitable for static optimization.
Try appending the model with additional force(s) or locking joint(s) to reduce the following acceleration constraint violation(s):
   pelvis_tilt: constraint violation = -0.972563
   pelvis_tilt: constraint violation = 0.692624
   pelvis_tilt: constraint violation = -2.09739
   pelvis_tilt: constraint violation = -0.00347839
   pelvis_tilt: constraint violation = 0.108395
   pelvis_tilt: constraint violation = -0.0253218
   pelvis_tilt: constraint violation = -1.3597
   pelvis_tilt: constraint violation = -0.173735
   pelvis_tilt: constraint violation = -0.0291699
   pelvis_tilt: constraint violation = -0.0940257
   pelvis_tilt: constraint violation = -1.15126
   pelvis_tilt: constraint violation = 0.0769211
   pelvis_tilt: constraint violation = 1.39618
   pelvis_tilt: constraint violation = 0.585045
   pelvis_tilt: constraint violation = -0.512372
   pelvis_tilt: constraint violation = -0.619159
   pelvis_tilt: constraint violation = -0.260835
   pelvis_tilt: constraint violation = 9.52458
   pelvis_tilt: constraint violation = 22.1135
   pelvis_tilt: constraint violation = -1.4456
   pelvis_tilt: constraint violation = -2.5613
   pelvis_tilt: constraint violation = 3.86509
   pelvis_tilt: constraint violation = 6.1003

[2026-09-11 20:11:24.768] [cout] [info] time = 1.724 Performance = 1.29298 Constraint violation = 25.5458
[2026-09-11 20:11:26.249] [warning] SimTK Exception thrown at InteriorPointOptimizer.cpp:264:
  Optimizer failed: Ipopt: Maximum iterations exceeded (status -1)
[2026-09-11 20:11:26.249] [warning] OPTIMIZATION FAILED...
[2026-09-11 20:11:26.249] [warning] StaticOptimization.record: The optimizer could not find a solution at time = 1.74.
[2026-09-11 20:11:26.250] [warning] The model appears unsuitable for static optimization.
Try appending the model with additional force(s) or locking joint(s) to reduce the following acceleration constraint violation(s):
   pelvis_tilt: constraint violation = -1.01721
   pelvis_tilt: constraint violation = 0.871355
   pelvis_tilt: constraint violation = -1.88709
   pelvis_tilt: constraint violation = -0.00394414
   pelvis_tilt: constraint violation = 0.160532
   pelvis_tilt: constraint violation = -0.0356646
   pelvis_tilt: constraint violation = -1.05127
   pelvis_tilt: constraint violation = -0.0920325
   pelvis_tilt: constraint violation = -0.0505018
   pelvis_tilt: constraint violation = -0.337496
   pelvis_tilt: constraint violation = -1.40822
   pelvis_tilt: constraint violation = 0.0788855
   pelvis_tilt: constraint violation = 1.83807
   pelvis_tilt: constraint violation = 0.591016
   pelvis_tilt: constraint violation = -0.54449
   pelvis_tilt: constraint violation = -0.750399
   pelvis_tilt: constraint violation = -0.490936
   pelvis_tilt: constraint violation = 16.5721
   pelvis_tilt: constraint violation = 32.4444
   pelvis_tilt: constraint violation = -1.6246
   pelvis_tilt: constraint violation = -3.38721
   pelvis_tilt: constraint violation = 7.40445
   pelvis_tilt: constraint violation = 9.73797

[2026-09-11 20:11:26.250] [cout] [info] time = 1.74 Performance = 1.43252 Constraint violation = 38.7875
[2026-09-11 20:11:27.564] [warning] SimTK Exception thrown at InteriorPointOptimizer.cpp:264:
  Optimizer failed: Ipopt: Maximum iterations exceeded (status -1)
[2026-09-11 20:11:27.564] [warning] OPTIMIZATION FAILED...
[2026-09-11 20:11:27.564] [warning] StaticOptimization.record: The optimizer could not find a solution at time = 1.756.
[2026-09-11 20:11:27.565] [warning] The model appears unsuitable for static optimization.
Try appending the model with additional force(s) or locking joint(s) to reduce the following acceleration constraint violation(s):
   pelvis_tilt: constraint violation = -1.03388
   pelvis_tilt: constraint violation = 0.862308
   pelvis_tilt: constraint violation = -1.7628
   pelvis_tilt: constraint violation = -0.00377614
   pelvis_tilt: constraint violation = 0.191076
   pelvis_tilt: constraint violation = -0.0280152
   pelvis_tilt: constraint violation = -0.757637
   pelvis_tilt: constraint violation = -0.142432
   pelvis_tilt: constraint violation = -0.0565261
   pelvis_tilt: constraint violation = -0.380858
   pelvis_tilt: constraint violation = -1.35348
   pelvis_tilt: constraint violation = 0.0764379
   pelvis_tilt: constraint violation = 2.00416
   pelvis_tilt: constraint violation = 0.717658
   pelvis_tilt: constraint violation = -0.502361
   pelvis_tilt: constraint violation = -0.664889
   pelvis_tilt: constraint violation = -0.491021
   pelvis_tilt: constraint violation = 24.7568
   pelvis_tilt: constraint violation = 36.2943
   pelvis_tilt: constraint violation = -2.20771
   pelvis_tilt: constraint violation = -3.4275
   pelvis_tilt: constraint violation = 9.61151
   pelvis_tilt: constraint violation = 11.3832

[2026-09-11 20:11:27.565] [cout] [info] time = 1.756 Performance = 1.74479 Constraint violation = 46.7093
[2026-09-11 20:11:29.008] [warning] SimTK Exception thrown at InteriorPointOptimizer.cpp:264:
  Optimizer failed: Ipopt: Maximum iterations exceeded (status -1)
[2026-09-11 20:11:29.008] [warning] OPTIMIZATION FAILED...
[2026-09-11 20:11:29.008] [warning] StaticOptimization.record: The optimizer could not find a solution at time = 1.772.
[2026-09-11 20:11:29.008] [warning] The model appears unsuitable for static optimization.
Try appending the model with additional force(s) or locking joint(s) to reduce the following acceleration constraint violation(s):
   pelvis_tilt: constraint violation = -1.37524
   pelvis_tilt: constraint violation = 0.716849
   pelvis_tilt: constraint violation = -2.66668
   pelvis_tilt: constraint violation = -0.00388573
   pelvis_tilt: constraint violation = 0.172284
   pelvis_tilt: constraint violation = -0.0075494
   pelvis_tilt: constraint violation = -0.987611
   pelvis_tilt: constraint violation = -0.208719
   pelvis_tilt: constraint violation = -0.084307
   pelvis_tilt: constraint violation = -0.327347
   pelvis_tilt: constraint violation = -0.727225
   pelvis_tilt: constraint violation = 0.0943893
   pelvis_tilt: constraint violation = 2.29419
   pelvis_tilt: constraint violation = 1.06205
   pelvis_tilt: constraint violation = -0.149149
   pelvis_tilt: constraint violation = -0.806719
   pelvis_tilt: constraint violation = -0.535007
   pelvis_tilt: constraint violation = 11.6001
   pelvis_tilt: constraint violation = 13.0345
   pelvis_tilt: constraint violation = -2.53416
   pelvis_tilt: constraint violation = -2.21691
   pelvis_tilt: constraint violation = 8.0134
   pelvis_tilt: constraint violation = 8.90755

[2026-09-11 20:11:29.008] [cout] [info] time = 1.772 Performance = 2.24615 Constraint violation = 21.8614
[2026-09-11 20:11:30.724] [warning] SimTK Exception thrown at InteriorPointOptimizer.cpp:264:
  Optimizer failed: Ipopt: Maximum iterations exceeded (status -1)
[2026-09-11 20:11:30.724] [warning] OPTIMIZATION FAILED...
[2026-09-11 20:11:30.724] [warning] StaticOptimization.record: The optimizer could not find a solution at time = 1.788.
[2026-09-11 20:11:30.724] [warning] The model appears too weak for static optimization.
Try increasing the strength and/or range of the following force(s):
   glut_med1_l approaching upper bound of 1

[2026-09-11 20:11:30.724] [cout] [info] time = 1.788 Performance = 2.75172 Constraint violation = 54.1355
[2026-09-11 20:11:31.990] [warning] SimTK Exception thrown at InteriorPointOptimizer.cpp:264:
  Optimizer failed: Ipopt: Maximum iterations exceeded (status -1)
[2026-09-11 20:11:31.990] [warning] OPTIMIZATION FAILED...
[2026-09-11 20:11:31.990] [warning] StaticOptimization.record: The optimizer could not find a solution at time = 1.80400.
[2026-09-11 20:11:31.990] [warning] The model appears too weak for static optimization.
Try increasing the strength and/or range of the following force(s):
   glut_med1_l approaching upper bound of 1

[2026-09-11 20:11:31.990] [cout] [info] time = 1.80400 Performance = 3.32697 Constraint violation = 64.6183
[2026-09-11 20:11:33.286] [warning] SimTK Exception thrown at InteriorPointOptimizer.cpp:264:
  Optimizer failed: Ipopt: Maximum iterations exceeded (status -1)
[2026-09-11 20:11:33.286] [warning] OPTIMIZATION FAILED...
[2026-09-11 20:11:33.286] [warning] StaticOptimization.record: The optimizer could not find a solution at time = 1.82.
[2026-09-11 20:11:33.286] [warning] The model appears too weak for static optimization.
Try increasing the strength and/or range of the following force(s):
   glut_med1_l approaching upper bound of 1

[2026-09-11 20:11:33.286] [cout] [info] time = 1.82 Performance = 3.83663 Constraint violation = 67.4367
[2026-09-11 20:11:34.552] [warning] SimTK Exception thrown at InteriorPointOptimizer.cpp:264:
  Optimizer failed: Ipopt: Maximum iterations exceeded (status -1)
[2026-09-11 20:11:34.552] [warning] OPTIMIZATION FAILED...
[2026-09-11 20:11:34.552] [warning] StaticOptimization.record: The optimizer could not find a solution at time = 1.836.
[2026-09-11 20:11:34.553] [warning] The model appears too weak for static optimization.
Try increasing the strength and/or range of the following force(s):
   glut_med1_l approaching upper bound of 1

[2026-09-11 20:11:34.553] [cout] [info] time = 1.836 Performance = 4.16468 Constraint violation = 25.94
[2026-09-11 20:11:35.851] [warning] SimTK Exception thrown at InteriorPointOptimizer.cpp:264:
  Optimizer failed: Ipopt: Maximum iterations exceeded (status -1)
[2026-09-11 20:11:35.851] [warning] OPTIMIZATION FAILED...
[2026-09-11 20:11:35.851] [warning] StaticOptimization.record: The optimizer could not find a solution at time = 1.852.
[2026-09-11 20:11:35.851] [warning] The model appears too weak for static optimization.
Try increasing the strength and/or range of the following force(s):
   glut_med1_l approaching upper bound of 1

[2026-09-11 20:11:35.851] [cout] [info] time = 1.852 Performance = 4.15805 Constraint violation = 22.4121
[2026-09-11 20:11:37.463] [warning] SimTK Exception thrown at InteriorPointOptimizer.cpp:264:
  Optimizer failed: Ipopt: Maximum iterations exceeded (status -1)
[2026-09-11 20:11:37.463] [warning] OPTIMIZATION FAILED...
[2026-09-11 20:11:37.463] [warning] StaticOptimization.record: The optimizer could not find a solution at time = 1.868.
[2026-09-11 20:11:37.463] [warning] The model appears too weak for static optimization.
Try increasing the strength and/or range of the following force(s):
   glut_med1_l approaching upper bound of 1

[2026-09-11 20:11:37.463] [cout] [info] time = 1.868 Performance = 3.80632 Constraint violation = 27.0047
[2026-09-11 20:11:39.237] [warning] SimTK Exception thrown at InteriorPointOptimizer.cpp:264:
  Optimizer failed: Ipopt: Maximum iterations exceeded (status -1)
[2026-09-11 20:11:39.237] [warning] OPTIMIZATION FAILED...
[2026-09-11 20:11:39.237] [warning] StaticOptimization.record: The optimizer could not find a solution at time = 1.884.
[2026-09-11 20:11:39.238] [warning] The model appears unsuitable for static optimization.
Try appending the model with additional force(s) or locking joint(s) to reduce the following acceleration constraint violation(s):
   pelvis_tilt: constraint violation = 0.132533
   pelvis_tilt: constraint violation = 0.84654
   pelvis_tilt: constraint violation = -1.15907
   pelvis_tilt: constraint violation = -0.00197462
   pelvis_tilt: constraint violation = -0.263731
   pelvis_tilt: constraint violation = 0.0101982
   pelvis_tilt: constraint violation = -4.09797
   pelvis_tilt: constraint violation = -0.29058
   pelvis_tilt: constraint violation = -0.0670415
   pelvis_tilt: constraint violation = 0.419511
   pelvis_tilt: constraint violation = -0.828542
   pelvis_tilt: constraint violation = 0.101694
   pelvis_tilt: constraint violation = -0.295886
   pelvis_tilt: constraint violation = 0.958066
   pelvis_tilt: constraint violation = -0.309488
   pelvis_tilt: constraint violation = -1.6633
   pelvis_tilt: constraint violation = -0.00937945
   pelvis_tilt: constraint violation = -12.5068
   pelvis_tilt: constraint violation = -13.1888
   pelvis_tilt: constraint violation = -0.91119
   pelvis_tilt: constraint violation = -1.00542
   pelvis_tilt: constraint violation = -4.81796
   pelvis_tilt: constraint violation = -8.3286

[2026-09-11 20:11:39.238] [cout] [info] time = 1.884 Performance = 3.27469 Constraint violation = 21.1791
[2026-09-11 20:11:40.820] [warning] SimTK Exception thrown at InteriorPointOptimizer.cpp:264:
  Optimizer failed: Ipopt: Maximum iterations exceeded (status -1)
[2026-09-11 20:11:40.820] [warning] OPTIMIZATION FAILED...
[2026-09-11 20:11:40.820] [warning] StaticOptimization.record: The optimizer could not find a solution at time = 1.9.
[2026-09-11 20:11:40.821] [warning] The model appears unsuitable for static optimization.
Try appending the model with additional force(s) or locking joint(s) to reduce the following acceleration constraint violation(s):
   pelvis_tilt: constraint violation = 1.72411
   pelvis_tilt: constraint violation = 1.81908
   pelvis_tilt: constraint violation = 0.176339
   pelvis_tilt: constraint violation = -0.000223762
   pelvis_tilt: constraint violation = -0.465682
   pelvis_tilt: constraint violation = -0.067983
   pelvis_tilt: constraint violation = -3.3043
   pelvis_tilt: constraint violation = 1.19284
   pelvis_tilt: constraint violation = -0.110781
   pelvis_tilt: constraint violation = 0.86156
   pelvis_tilt: constraint violation = -0.800623
   pelvis_tilt: constraint violation = -0.00398781
   pelvis_tilt: constraint violation = -1.91156
   pelvis_tilt: constraint violation = -0.234581
   pelvis_tilt: constraint violation = 0.257534
   pelvis_tilt: constraint violation = -1.3537
   pelvis_tilt: constraint violation = 0.259717
   pelvis_tilt: constraint violation = -32.189
   pelvis_tilt: constraint violation = -17.6761
   pelvis_tilt: constraint violation = 3.48046
   pelvis_tilt: constraint violation = -0.651345
   pelvis_tilt: constraint violation = -7.91023
   pelvis_tilt: constraint violation = -10.8108

[2026-09-11 20:11:40.821] [cout] [info] time = 1.9 Performance = 2.65349 Constraint violation = 39.5791
[2026-09-11 20:11:42.542] [warning] SimTK Exception thrown at InteriorPointOptimizer.cpp:264:
  Optimizer failed: Ipopt: Maximum iterations exceeded (status -1)
[2026-09-11 20:11:42.542] [warning] OPTIMIZATION FAILED...
[2026-09-11 20:11:42.542] [warning] StaticOptimization.record: The optimizer could not find a solution at time = 1.916.
[2026-09-11 20:11:42.542] [warning] The model appears unsuitable for static optimization.
Try appending the model with additional force(s) or locking joint(s) to reduce the following acceleration constraint violation(s):
   pelvis_tilt: constraint violation = 1.91237
   pelvis_tilt: constraint violation = 1.82615
   pelvis_tilt: constraint violation = 0.405826
   pelvis_tilt: constraint violation = 0.000651571
   pelvis_tilt: constraint violation = -0.420975
   pelvis_tilt: constraint violation = -0.0949025
   pelvis_tilt: constraint violation = -2.12117
   pelvis_tilt: constraint violation = 1.53943
   pelvis_tilt: constraint violation = -0.189157
   pelvis_tilt: constraint violation = 0.8417
   pelvis_tilt: constraint violation = -0.782786
   pelvis_tilt: constraint violation = -0.014935
   pelvis_tilt: constraint violation = -1.95124
   pelvis_tilt: constraint violation = -0.753399
   pelvis_tilt: constraint violation = 0.375321
   pelvis_tilt: constraint violation = -0.858439
   pelvis_tilt: constraint violation = 0.40897
   pelvis_tilt: constraint violation = -35.6684
   pelvis_tilt: constraint violation = -10.9408
   pelvis_tilt: constraint violation = 4.39248
   pelvis_tilt: constraint violation = -0.561137
   pelvis_tilt: constraint violation = -8.00607
   pelvis_tilt: constraint violation = -7.14246

[2026-09-11 20:11:42.542] [cout] [info] time = 1.916 Performance = 2.22017 Constraint violation = 39.3401
[2026-09-11 20:11:43.925] [warning] SimTK Exception thrown at InteriorPointOptimizer.cpp:264:
  Optimizer failed: Ipopt: Maximum iterations exceeded (status -1)
[2026-09-11 20:11:43.925] [warning] OPTIMIZATION FAILED...
[2026-09-11 20:11:43.925] [warning] StaticOptimization.record: The optimizer could not find a solution at time = 1.932.
[2026-09-11 20:11:43.926] [warning] The model appears unsuitable for static optimization.
Try appending the model with additional force(s) or locking joint(s) to reduce the following acceleration constraint violation(s):
   pelvis_tilt: constraint violation = 1.33698
   pelvis_tilt: constraint violation = 1.29215
   pelvis_tilt: constraint violation = -0.195016
   pelvis_tilt: constraint violation = 0.0012058
   pelvis_tilt: constraint violation = -0.27311
   pelvis_tilt: constraint violation = -0.0823895
   pelvis_tilt: constraint violation = -1.27813
   pelvis_tilt: constraint violation = 1.0638
   pelvis_tilt: constraint violation = -0.165207
   pelvis_tilt: constraint violation = 0.844185
   pelvis_tilt: constraint violation = -0.866004
   pelvis_tilt: constraint violation = 0.0838228
   pelvis_tilt: constraint violation = -1.42196
   pelvis_tilt: constraint violation = -0.714983
   pelvis_tilt: constraint violation = 0.141537
   pelvis_tilt: constraint violation = -0.503168
   pelvis_tilt: constraint violation = 0.462757
   pelvis_tilt: constraint violation = -28.332
   pelvis_tilt: constraint violation = -3.93164
   pelvis_tilt: constraint violation = 3.3521
   pelvis_tilt: constraint violation = -0.918749
   pelvis_tilt: constraint violation = -6.6796
   pelvis_tilt: constraint violation = -3.32315

[2026-09-11 20:11:43.926] [cout] [info] time = 1.932 Performance = 1.9927 Constraint violation = 29.9459
[2026-09-11 20:11:45.252] [warning] SimTK Exception thrown at InteriorPointOptimizer.cpp:264:
  Optimizer failed: Ipopt: Maximum iterations exceeded (status -1)
[2026-09-11 20:11:45.252] [warning] OPTIMIZATION FAILED...
[2026-09-11 20:11:45.252] [warning] StaticOptimization.record: The optimizer could not find a solution at time = 1.948.
[2026-09-11 20:11:45.253] [warning] The model appears unsuitable for static optimization.
Try appending the model with additional force(s) or locking joint(s) to reduce the following acceleration constraint violation(s):
   pelvis_tilt: constraint violation = 0.952401
   pelvis_tilt: constraint violation = 0.777355
   pelvis_tilt: constraint violation = -0.926079
   pelvis_tilt: constraint violation = 0.00278527
   pelvis_tilt: constraint violation = -0.16489
   pelvis_tilt: constraint violation = -0.0604358
   pelvis_tilt: constraint violation = -0.820985
   pelvis_tilt: constraint violation = 0.449455
   pelvis_tilt: constraint violation = -0.0954285
   pelvis_tilt: constraint violation = 1.21225
   pelvis_tilt: constraint violation = -0.985955
   pelvis_tilt: constraint violation = 0.209315
   pelvis_tilt: constraint violation = -1.25374
   pelvis_tilt: constraint violation = -0.486052
   pelvis_tilt: constraint violation = -0.164042
   pelvis_tilt: constraint violation = -0.308621
   pelvis_tilt: constraint violation = 0.606603
   pelvis_tilt: constraint violation = -20.6276
   pelvis_tilt: constraint violation = -0.505454
   pelvis_tilt: constraint violation = 1.70036
   pelvis_tilt: constraint violation = -1.52587
   pelvis_tilt: constraint violation = -6.83005
   pelvis_tilt: constraint violation = -1.42888

[2026-09-11 20:11:45.253] [cout] [info] time = 1.948 Performance = 1.7991 Constraint violation = 22.0846
[2026-09-11 20:11:46.737] [warning] SimTK Exception thrown at InteriorPointOptimizer.cpp:264:
  Optimizer failed: Ipopt: Maximum iterations exceeded (status -1)
[2026-09-11 20:11:46.737] [warning] OPTIMIZATION FAILED...
[2026-09-11 20:11:46.737] [warning] StaticOptimization.record: The optimizer could not find a solution at time = 1.964.
[2026-09-11 20:11:46.738] [warning] The model appears unsuitable for static optimization.
Try appending the model with additional force(s) or locking joint(s) to reduce the following acceleration constraint violation(s):
   pelvis_tilt: constraint violation = 0.607279
   pelvis_tilt: constraint violation = 0.651881
   pelvis_tilt: constraint violation = -1.15517
   pelvis_tilt: constraint violation = 0.00256891
   pelvis_tilt: constraint violation = -0.18843
   pelvis_tilt: constraint violation = -0.0545927
   pelvis_tilt: constraint violation = -1.41352
   pelvis_tilt: constraint violation = 0.29407
   pelvis_tilt: constraint violation = -0.0766923
   pelvis_tilt: constraint violation = 1.18235
   pelvis_tilt: constraint violation = -1.01098
   pelvis_tilt: constraint violation = 0.232539
   pelvis_tilt: constraint violation = -1.43325
   pelvis_tilt: constraint violation = -0.400212
   pelvis_tilt: constraint violation = -0.257934
   pelvis_tilt: constraint violation = -0.66646
   pelvis_tilt: constraint violation = 0.64787
   pelvis_tilt: constraint violation = -28.6706
   pelvis_tilt: constraint violation = -0.423312
   pelvis_tilt: constraint violation = 1.32485
   pelvis_tilt: constraint violation = -1.79953
   pelvis_tilt: constraint violation = -10.8022
   pelvis_tilt: constraint violation = -1.10415

[2026-09-11 20:11:46.738] [cout] [info] time = 1.964 Performance = 1.60237 Constraint violation = 30.9024
[2026-09-11 20:11:48.224] [warning] SimTK Exception thrown at InteriorPointOptimizer.cpp:264:
  Optimizer failed: Ipopt: Maximum iterations exceeded (status -1)
[2026-09-11 20:11:48.224] [warning] OPTIMIZATION FAILED...
[2026-09-11 20:11:48.224] [warning] StaticOptimization.record: The optimizer could not find a solution at time = 1.98.
[2026-09-11 20:11:48.225] [warning] The model appears unsuitable for static optimization.
Try appending the model with additional force(s) or locking joint(s) to reduce the following acceleration constraint violation(s):
   pelvis_tilt: constraint violation = 0.336815
   pelvis_tilt: constraint violation = 0.512788
   pelvis_tilt: constraint violation = -0.987171
   pelvis_tilt: constraint violation = 0.00207833
   pelvis_tilt: constraint violation = -0.258682
   pelvis_tilt: constraint violation = -0.0398271
   pelvis_tilt: constraint violation = -2.14931
   pelvis_tilt: constraint violation = 0.196306
   pelvis_tilt: constraint violation = -0.0564947
   pelvis_tilt: constraint violation = 1.01308
   pelvis_tilt: constraint violation = -0.77962
   pelvis_tilt: constraint violation = 0.163278
   pelvis_tilt: constraint violation = -1.85025
   pelvis_tilt: constraint violation = -0.20941
   pelvis_tilt: constraint violation = -0.239827
   pelvis_tilt: constraint violation = -1.02188
   pelvis_tilt: constraint violation = 0.724876
   pelvis_tilt: constraint violation = -42.7711
   pelvis_tilt: constraint violation = -1.15041
   pelvis_tilt: constraint violation = 1.19927
   pelvis_tilt: constraint violation = -1.45138
   pelvis_tilt: constraint violation = -17.1285
   pelvis_tilt: constraint violation = -1.47189

[2026-09-11 20:11:48.225] [cout] [info] time = 1.98 Performance = 1.40451 Constraint violation = 46.2885
[2026-09-11 20:11:49.575] [warning] SimTK Exception thrown at InteriorPointOptimizer.cpp:264:
  Optimizer failed: Ipopt: Maximum iterations exceeded (status -1)
[2026-09-11 20:11:49.575] [warning] OPTIMIZATION FAILED...
[2026-09-11 20:11:49.575] [warning] StaticOptimization.record: The optimizer could not find a solution at time = 1.996.
[2026-09-11 20:11:49.576] [warning] The model appears unsuitable for static optimization.
Try appending the model with additional force(s) or locking joint(s) to reduce the following acceleration constraint violation(s):
   pelvis_tilt: constraint violation = -0.0924704
   pelvis_tilt: constraint violation = 0.227104
   pelvis_tilt: constraint violation = -0.753485
   pelvis_tilt: constraint violation = 0.00224204
   pelvis_tilt: constraint violation = -0.216701
   pelvis_tilt: constraint violation = -0.0138809
   pelvis_tilt: constraint violation = -1.89945
   pelvis_tilt: constraint violation = -0.0521446
   pelvis_tilt: constraint violation = -0.00790075
   pelvis_tilt: constraint violation = 0.799641
   pelvis_tilt: constraint violation = -0.444273
   pelvis_tilt: constraint violation = 0.0988725
   pelvis_tilt: constraint violation = -1.87764
   pelvis_tilt: constraint violation = 0.0449812
   pelvis_tilt: constraint violation = -0.236872
   pelvis_tilt: constraint violation = -0.847058
   pelvis_tilt: constraint violation = 0.583402
   pelvis_tilt: constraint violation = -35.1586
   pelvis_tilt: constraint violation = -0.836783
   pelvis_tilt: constraint violation = -0.123874
   pelvis_tilt: constraint violation = -1.01752
   pelvis_tilt: constraint violation = -16.22
   pelvis_tilt: constraint violation = -1.15756

[2026-09-11 20:11:49.576] [cout] [info] time = 1.996 Performance = 1.25892 Constraint violation = 38.8855
[2026-09-11 20:11:51.078] [warning] SimTK Exception thrown at InteriorPointOptimizer.cpp:264:
  Optimizer failed: Ipopt: Maximum iterations exceeded (status -1)
[2026-09-11 20:11:51.078] [warning] OPTIMIZATION FAILED...
[2026-09-11 20:11:51.078] [warning] StaticOptimization.record: The optimizer could not find a solution at time = 2.012.
[2026-09-11 20:11:51.078] [warning] The model appears unsuitable for static optimization.
Try appending the model with additional force(s) or locking joint(s) to reduce the following acceleration constraint violation(s):
   pelvis_tilt: constraint violation = -0.68434
   pelvis_tilt: constraint violation = 0.271028
   pelvis_tilt: constraint violation = -0.301034
   pelvis_tilt: constraint violation = 0.00153568
   pelvis_tilt: constraint violation = -0.0814483
   pelvis_tilt: constraint violation = -0.0232918
   pelvis_tilt: constraint violation = -0.609625
   pelvis_tilt: constraint violation = 0.237491
   pelvis_tilt: constraint violation = -0.0496653
   pelvis_tilt: constraint violation = 0.157788
   pelvis_tilt: constraint violation = -0.299474
   pelvis_tilt: constraint violation = 0.0476362
   pelvis_tilt: constraint violation = -1.31998
   pelvis_tilt: constraint violation = -0.137856
   pelvis_tilt: constraint violation = -0.0480258
   pelvis_tilt: constraint violation = -0.315011
   pelvis_tilt: constraint violation = 0.124512
   pelvis_tilt: constraint violation = -18.1985
   pelvis_tilt: constraint violation = -0.279916
   pelvis_tilt: constraint violation = 1.32155
   pelvis_tilt: constraint violation = -0.67551
   pelvis_tilt: constraint violation = -5.54225
   pelvis_tilt: constraint violation = -0.47531

[2026-09-11 20:11:51.079] [cout] [info] time = 2.012 Performance = 1.35155 Constraint violation = 19.1696
[2026-09-11 20:11:52.333] [warning] SimTK Exception thrown at InteriorPointOptimizer.cpp:264:
  Optimizer failed: Ipopt: Maximum iterations exceeded (status -1)
[2026-09-11 20:11:52.333] [warning] OPTIMIZATION FAILED...
[2026-09-11 20:11:52.333] [warning] StaticOptimization.record: The optimizer could not find a solution at time = 2.028.
[2026-09-11 20:11:52.334] [warning] The model appears unsuitable for static optimization.
Try appending the model with additional force(s) or locking joint(s) to reduce the following acceleration constraint violation(s):
   pelvis_tilt: constraint violation = -1.22062
   pelvis_tilt: constraint violation = 0.366093
   pelvis_tilt: constraint violation = 0.117564
   pelvis_tilt: constraint violation = 8.96411e-05
   pelvis_tilt: constraint violation = 0.0025934
   pelvis_tilt: constraint violation = -0.0369609
   pelvis_tilt: constraint violation = 0.165976
   pelvis_tilt: constraint violation = 1.34667
   pelvis_tilt: constraint violation = -0.105945
   pelvis_tilt: constraint violation = -0.343098
   pelvis_tilt: constraint violation = -0.172369
   pelvis_tilt: constraint violation = 0.0127574
   pelvis_tilt: constraint violation = -0.628453
   pelvis_tilt: constraint violation = -0.458835
   pelvis_tilt: constraint violation = 0.129628
   pelvis_tilt: constraint violation = -0.0163429
   pelvis_tilt: constraint violation = -0.150248
   pelvis_tilt: constraint violation = -10.5977
   pelvis_tilt: constraint violation = -0.661188
   pelvis_tilt: constraint violation = 2.40963
   pelvis_tilt: constraint violation = -0.190977
   pelvis_tilt: constraint violation = 3.3331
   pelvis_tilt: constraint violation = -0.278442

[2026-09-11 20:11:52.334] [cout] [info] time = 2.028 Performance = 1.32466 Constraint violation = 11.5785
[2026-09-11 20:11:53.722] [warning] SimTK Exception thrown at InteriorPointOptimizer.cpp:264:
  Optimizer failed: Ipopt: Maximum iterations exceeded (status -1)
[2026-09-11 20:11:53.722] [warning] OPTIMIZATION FAILED...
[2026-09-11 20:11:53.722] [warning] StaticOptimization.record: The optimizer could not find a solution at time = 2.044.
[2026-09-11 20:11:53.723] [warning] The model appears unsuitable for static optimization.
Try appending the model with additional force(s) or locking joint(s) to reduce the following acceleration constraint violation(s):
   pelvis_tilt: constraint violation = -1.69195
   pelvis_tilt: constraint violation = 0.478112
   pelvis_tilt: constraint violation = 0.408546
   pelvis_tilt: constraint violation = -0.00165761
   pelvis_tilt: constraint violation = 0.0120804
   pelvis_tilt: constraint violation = -0.0525829
   pelvis_tilt: constraint violation = -0.0450828
   pelvis_tilt: constraint violation = 1.01459
   pelvis_tilt: constraint violation = -0.129685
   pelvis_tilt: constraint violation = -1.45173
   pelvis_tilt: constraint violation = -0.253023
   pelvis_tilt: constraint violation = -0.0219823
   pelvis_tilt: constraint violation = -0.0929292
   pelvis_tilt: constraint violation = -0.755881
   pelvis_tilt: constraint violation = 0.321367
   pelvis_tilt: constraint violation = -0.32512
   pelvis_tilt: constraint violation = -0.295511
   pelvis_tilt: constraint violation = -16.1734
   pelvis_tilt: constraint violation = -3.35217
   pelvis_tilt: constraint violation = 5.07278
   pelvis_tilt: constraint violation = 0.380796
   pelvis_tilt: constraint violation = 5.24232
   pelvis_tilt: constraint violation = -0.935706

[2026-09-11 20:11:53.723] [cout] [info] time = 2.044 Performance = 1.17363 Constraint violation = 18.2869
[2026-09-11 20:11:55.512] [warning] SimTK Exception thrown at InteriorPointOptimizer.cpp:264:
  Optimizer failed: Ipopt: Maximum iterations exceeded (status -1)
[2026-09-11 20:11:55.512] [warning] OPTIMIZATION FAILED...
[2026-09-11 20:11:55.512] [warning] StaticOptimization.record: The optimizer could not find a solution at time = 2.06.
[2026-09-11 20:11:55.512] [warning] The model appears unsuitable for static optimization.
Try appending the model with additional force(s) or locking joint(s) to reduce the following acceleration constraint violation(s):
   pelvis_tilt: constraint violation = -1.6118
   pelvis_tilt: constraint violation = 0.400548
   pelvis_tilt: constraint violation = 0.186887
   pelvis_tilt: constraint violation = -0.00154565
   pelvis_tilt: constraint violation = -0.013477
   pelvis_tilt: constraint violation = -0.0379413
   pelvis_tilt: constraint violation = -0.576848
   pelvis_tilt: constraint violation = 0.811951
   pelvis_tilt: constraint violation = -0.0854515
   pelvis_tilt: constraint violation = -1.34104
   pelvis_tilt: constraint violation = -0.30064
   pelvis_tilt: constraint violation = 0.00688493
   pelvis_tilt: constraint violation = 0.00407611
   pelvis_tilt: constraint violation = -0.627965
   pelvis_tilt: constraint violation = 0.190434
   pelvis_tilt: constraint violation = -0.557931
   pelvis_tilt: constraint violation = -0.18572
   pelvis_tilt: constraint violation = -17.7211
   pelvis_tilt: constraint violation = -7.35139
   pelvis_tilt: constraint violation = 3.83682
   pelvis_tilt: constraint violation = 0.100534
   pelvis_tilt: constraint violation = 2.67388
   pelvis_tilt: constraint violation = -2.64742

[2026-09-11 20:11:55.512] [cout] [info] time = 2.06 Performance = 1.05775 Constraint violation = 20.0856
[2026-09-11 20:11:56.720] [warning] SimTK Exception thrown at InteriorPointOptimizer.cpp:264:
  Optimizer failed: Ipopt: Maximum iterations exceeded (status -1)
[2026-09-11 20:11:56.720] [warning] OPTIMIZATION FAILED...
[2026-09-11 20:11:56.720] [warning] StaticOptimization.record: The optimizer could not find a solution at time = 2.076.
[2026-09-11 20:11:56.721] [warning] The model appears unsuitable for static optimization.
Try appending the model with additional force(s) or locking joint(s) to reduce the following acceleration constraint violation(s):
   pelvis_tilt: constraint violation = -1.47917
   pelvis_tilt: constraint violation = 0.162964
   pelvis_tilt: constraint violation = -0.178065
   pelvis_tilt: constraint violation = -0.000925899
   pelvis_tilt: constraint violation = 0.0224212
   pelvis_tilt: constraint violation = -0.0169319
   pelvis_tilt: constraint violation = -0.886546
   pelvis_tilt: constraint violation = 0.244094
   pelvis_tilt: constraint violation = -0.0252881
   pelvis_tilt: constraint violation = -0.628736
   pelvis_tilt: constraint violation = -0.24514
   pelvis_tilt: constraint violation = 0.0575968
   pelvis_tilt: constraint violation = 0.120527
   pelvis_tilt: constraint violation = -0.269889
   pelvis_tilt: constraint violation = -0.031001
   pelvis_tilt: constraint violation = -0.650365
   pelvis_tilt: constraint violation = -0.266746
   pelvis_tilt: constraint violation = -4.40652
   pelvis_tilt: constraint violation = -6.30925
   pelvis_tilt: constraint violation = 0.710303
   pelvis_tilt: constraint violation = -0.986546
   pelvis_tilt: constraint violation = 2.66024
   pelvis_tilt: constraint violation = -3.00232

[2026-09-11 20:11:56.721] [cout] [info] time = 2.076 Performance = 0.998888 Constraint violation = 8.99594
[2026-09-11 20:11:58.226] [warning] SimTK Exception thrown at InteriorPointOptimizer.cpp:264:
  Optimizer failed: Ipopt: Maximum iterations exceeded (status -1)
[2026-09-11 20:11:58.226] [warning] OPTIMIZATION FAILED...
[2026-09-11 20:11:58.227] [warning] StaticOptimization.record: The optimizer could not find a solution at time = 2.092.
[2026-09-11 20:11:58.227] [warning] The model appears unsuitable for static optimization.
Try appending the model with additional force(s) or locking joint(s) to reduce the following acceleration constraint violation(s):
   pelvis_tilt: constraint violation = -1.36686
   pelvis_tilt: constraint violation = -0.170759
   pelvis_tilt: constraint violation = -0.984429
   pelvis_tilt: constraint violation = -0.000936165
   pelvis_tilt: constraint violation = 0.103333
   pelvis_tilt: constraint violation = 0.0110254
   pelvis_tilt: constraint violation = -1.50708
   pelvis_tilt: constraint violation = -0.487798
   pelvis_tilt: constraint violation = 0.0121196
   pelvis_tilt: constraint violation = 0.0405127
   pelvis_tilt: constraint violation = -0.0428379
   pelvis_tilt: constraint violation = 0.0645491
   pelvis_tilt: constraint violation = 0.203397
   pelvis_tilt: constraint violation = 0.229789
   pelvis_tilt: constraint violation = -0.161482
   pelvis_tilt: constraint violation = -0.157957
   pelvis_tilt: constraint violation = -0.15544
   pelvis_tilt: constraint violation = 6.14981
   pelvis_tilt: constraint violation = 4.42618
   pelvis_tilt: constraint violation = -1.33313
   pelvis_tilt: constraint violation = -1.07498
   pelvis_tilt: constraint violation = 3.65351
   pelvis_tilt: constraint violation = 3.36907

[2026-09-11 20:11:58.227] [cout] [info] time = 2.092 Performance = 0.887298 Constraint violation = 9.51875
[2026-09-11 20:11:59.744] [warning] SimTK Exception thrown at InteriorPointOptimizer.cpp:264:
  Optimizer failed: Ipopt: Maximum iterations exceeded (status -1)
[2026-09-11 20:11:59.744] [warning] OPTIMIZATION FAILED...
[2026-09-11 20:11:59.744] [warning] StaticOptimization.record: The optimizer could not find a solution at time = 2.10800.
[2026-09-11 20:11:59.745] [warning] The model appears unsuitable for static optimization.
Try appending the model with additional force(s) or locking joint(s) to reduce the following acceleration constraint violation(s):
   pelvis_tilt: constraint violation = -1.30604
   pelvis_tilt: constraint violation = -0.39506
   pelvis_tilt: constraint violation = -1.29881
   pelvis_tilt: constraint violation = -0.00152623
   pelvis_tilt: constraint violation = 0.0954468
   pelvis_tilt: constraint violation = 0.03631
   pelvis_tilt: constraint violation = -1.47854
   pelvis_tilt: constraint violation = -0.597668
   pelvis_tilt: constraint violation = 0.0209031
   pelvis_tilt: constraint violation = 0.427182
   pelvis_tilt: constraint violation = 0.0480132
   pelvis_tilt: constraint violation = 0.181073
   pelvis_tilt: constraint violation = 0.271098
   pelvis_tilt: constraint violation = 0.629088
   pelvis_tilt: constraint violation = -0.613477
   pelvis_tilt: constraint violation = -1.01509
   pelvis_tilt: constraint violation = -0.235827
   pelvis_tilt: constraint violation = 13.3418
   pelvis_tilt: constraint violation = 19.0036
   pelvis_tilt: constraint violation = -3.28662
   pelvis_tilt: constraint violation = -3.50458
   pelvis_tilt: constraint violation = 3.45174
   pelvis_tilt: constraint violation = 7.46183

[2026-09-11 20:11:59.745] [cout] [info] time = 2.10800 Performance = 0.781529 Constraint violation = 25.26
[2026-09-11 20:12:01.097] [warning] SimTK Exception thrown at InteriorPointOptimizer.cpp:264:
  Optimizer failed: Ipopt: Maximum iterations exceeded (status -1)
[2026-09-11 20:12:01.097] [warning] OPTIMIZATION FAILED...
[2026-09-11 20:12:01.097] [warning] StaticOptimization.record: The optimizer could not find a solution at time = 2.124.
[2026-09-11 20:12:01.098] [warning] The model appears unsuitable for static optimization.
Try appending the model with additional force(s) or locking joint(s) to reduce the following acceleration constraint violation(s):
   pelvis_tilt: constraint violation = -1.07852
   pelvis_tilt: constraint violation = -0.299448
   pelvis_tilt: constraint violation = -1.41188
   pelvis_tilt: constraint violation = -0.00173489
   pelvis_tilt: constraint violation = 0.0288499
   pelvis_tilt: constraint violation = 0.0349585
   pelvis_tilt: constraint violation = -1.55556
   pelvis_tilt: constraint violation = -0.432576
   pelvis_tilt: constraint violation = -0.00261679
   pelvis_tilt: constraint violation = 0.443467
   pelvis_tilt: constraint violation = 0.0564138
   pelvis_tilt: constraint violation = 0.187233
   pelvis_tilt: constraint violation = 0.0273264
   pelvis_tilt: constraint violation = 0.718531
   pelvis_tilt: constraint violation = -0.651317
   pelvis_tilt: constraint violation = -0.957046
   pelvis_tilt: constraint violation = 0.0132417
   pelvis_tilt: constraint violation = 3.75129
   pelvis_tilt: constraint violation = 15.0216
   pelvis_tilt: constraint violation = -2.36703
   pelvis_tilt: constraint violation = -3.01904
   pelvis_tilt: constraint violation = -0.124007
   pelvis_tilt: constraint violation = 3.04088

[2026-09-11 20:12:01.098] [cout] [info] time = 2.124 Performance = 0.706567 Constraint violation = 16.4818
[2026-09-11 20:12:02.345] [warning] SimTK Exception thrown at InteriorPointOptimizer.cpp:264:
  Optimizer failed: Ipopt: Maximum iterations exceeded (status -1)
[2026-09-11 20:12:02.345] [warning] OPTIMIZATION FAILED...
[2026-09-11 20:12:02.345] [warning] StaticOptimization.record: The optimizer could not find a solution at time = 2.14.
[2026-09-11 20:12:02.345] [warning] The model appears unsuitable for static optimization.
Try appending the model with additional force(s) or locking joint(s) to reduce the following acceleration constraint violation(s):
   pelvis_tilt: constraint violation = -0.715993
   pelvis_tilt: constraint violation = -0.204502
   pelvis_tilt: constraint violation = -1.57586
   pelvis_tilt: constraint violation = -0.00177087
   pelvis_tilt: constraint violation = -0.0680275
   pelvis_tilt: constraint violation = 0.0275525
   pelvis_tilt: constraint violation = -2.25903
   pelvis_tilt: constraint violation = -0.295246
   pelvis_tilt: constraint violation = -0.0273649
   pelvis_tilt: constraint violation = 0.370219
   pelvis_tilt: constraint violation = 0.0526164
   pelvis_tilt: constraint violation = 0.196481
   pelvis_tilt: constraint violation = -0.548779
   pelvis_tilt: constraint violation = 0.725066
   pelvis_tilt: constraint violation = -0.676339
   pelvis_tilt: constraint violation = -0.990206
   pelvis_tilt: constraint violation = 0.244598
   pelvis_tilt: constraint violation = -6.88476
   pelvis_tilt: constraint violation = 7.40592
   pelvis_tilt: constraint violation = -1.62025
   pelvis_tilt: constraint violation = -2.48785
   pelvis_tilt: constraint violation = -4.44418
   pelvis_tilt: constraint violation = -4.454

[2026-09-11 20:12:02.345] [cout] [info] time = 2.14 Performance = 0.662618 Constraint violation = 12.7039
[2026-09-11 20:12:04.225] [warning] SimTK Exception thrown at InteriorPointOptimizer.cpp:264:
  Optimizer failed: Ipopt: Maximum iterations exceeded (status -1)
[2026-09-11 20:12:04.225] [warning] OPTIMIZATION FAILED...
[2026-09-11 20:12:04.225] [warning] StaticOptimization.record: The optimizer could not find a solution at time = 2.156.
[2026-09-11 20:12:04.225] [warning] The model appears unsuitable for static optimization.
Try appending the model with additional force(s) or locking joint(s) to reduce the following acceleration constraint violation(s):
   pelvis_tilt: constraint violation = -0.588687
   pelvis_tilt: constraint violation = -0.121013
   pelvis_tilt: constraint violation = -1.48512
   pelvis_tilt: constraint violation = -0.00146527
   pelvis_tilt: constraint violation = -0.171945
   pelvis_tilt: constraint violation = 0.0194608
   pelvis_tilt: constraint violation = -2.08519
   pelvis_tilt: constraint violation = -0.204975
   pelvis_tilt: constraint violation = -0.0432206
   pelvis_tilt: constraint violation = 0.186407
   pelvis_tilt: constraint violation = 0.05763
   pelvis_tilt: constraint violation = 0.210915
   pelvis_tilt: constraint violation = -0.898814
   pelvis_tilt: constraint violation = 0.584783
   pelvis_tilt: constraint violation = -0.744802
   pelvis_tilt: constraint violation = -1.26614
   pelvis_tilt: constraint violation = 0.381035
   pelvis_tilt: constraint violation = -17.6411
   pelvis_tilt: constraint violation = -3.09569
   pelvis_tilt: constraint violation = -1.10177
   pelvis_tilt: constraint violation = -1.91177
   pelvis_tilt: constraint violation = -8.13477
   pelvis_tilt: constraint violation = -11.2002

[2026-09-11 20:12:04.226] [cout] [info] time = 2.156 Performance = 0.689171 Constraint violation = 22.9739
[2026-09-11 20:12:05.304] [warning] SimTK Exception thrown at InteriorPointOptimizer.cpp:264:
  Optimizer failed: Ipopt: Maximum iterations exceeded (status -1)
[2026-09-11 20:12:05.304] [warning] OPTIMIZATION FAILED...
[2026-09-11 20:12:05.304] [warning] StaticOptimization.record: The optimizer could not find a solution at time = 2.172.
[2026-09-11 20:12:05.304] [warning] The model appears unsuitable for static optimization.
Try appending the model with additional force(s) or locking joint(s) to reduce the following acceleration constraint violation(s):
   pelvis_tilt: constraint violation = -0.369812
   pelvis_tilt: constraint violation = -0.0621183
   pelvis_tilt: constraint violation = -1.01054
   pelvis_tilt: constraint violation = -0.000312472
   pelvis_tilt: constraint violation = -0.210442
   pelvis_tilt: constraint violation = 0.00713931
   pelvis_tilt: constraint violation = -1.60173
   pelvis_tilt: constraint violation = -0.0831745
   pelvis_tilt: constraint violation = -0.0360885
   pelvis_tilt: constraint violation = -0.135392
   pelvis_tilt: constraint violation = 0.0470208
   pelvis_tilt: constraint violation = 0.126864
   pelvis_tilt: constraint violation = -1.25495
   pelvis_tilt: constraint violation = 0.313314
   pelvis_tilt: constraint violation = -0.481275
   pelvis_tilt: constraint violation = -0.954448
   pelvis_tilt: constraint violation = 0.310472
   pelvis_tilt: constraint violation = -20.2137
   pelvis_tilt: constraint violation = -11.8865
   pelvis_tilt: constraint violation = -0.357985
   pelvis_tilt: constraint violation = -0.647157
   pelvis_tilt: constraint violation = -9.25699
   pelvis_tilt: constraint violation = -13.1086

[2026-09-11 20:12:05.304] [cout] [info] time = 2.172 Performance = 0.774361 Constraint violation = 28.5427
[2026-09-11 20:12:06.496] [warning] SimTK Exception thrown at InteriorPointOptimizer.cpp:264:
  Optimizer failed: Ipopt: Maximum iterations exceeded (status -1)
[2026-09-11 20:12:06.496] [warning] OPTIMIZATION FAILED...
[2026-09-11 20:12:06.496] [warning] StaticOptimization.record: The optimizer could not find a solution at time = 2.188.
[2026-09-11 20:12:06.497] [warning] The model appears unsuitable for static optimization.
Try appending the model with additional force(s) or locking joint(s) to reduce the following acceleration constraint violation(s):
   pelvis_tilt: constraint violation = -0.748236
   pelvis_tilt: constraint violation = 0.144585
   pelvis_tilt: constraint violation = -0.512922
   pelvis_tilt: constraint violation = 0.000589432
   pelvis_tilt: constraint violation = -0.283037
   pelvis_tilt: constraint violation = -0.0140954
   pelvis_tilt: constraint violation = -0.451786
   pelvis_tilt: constraint violation = 0.10181
   pelvis_tilt: constraint violation = -0.022591
   pelvis_tilt: constraint violation = -0.19561
   pelvis_tilt: constraint violation = -0.0667805
   pelvis_tilt: constraint violation = 0.0822021
   pelvis_tilt: constraint violation = -0.912955
   pelvis_tilt: constraint violation = -0.00475553
   pelvis_tilt: constraint violation = -0.11107
   pelvis_tilt: constraint violation = -0.383439
   pelvis_tilt: constraint violation = 0.129821
   pelvis_tilt: constraint violation = -12.5813
   pelvis_tilt: constraint violation = -7.05504
   pelvis_tilt: constraint violation = 0.544172
   pelvis_tilt: constraint violation = -0.325655
   pelvis_tilt: constraint violation = -7.09443
   pelvis_tilt: constraint violation = -9.8375

[2026-09-11 20:12:06.497] [cout] [info] time = 2.188 Performance = 0.841912 Constraint violation = 18.9148
[2026-09-11 20:12:07.633] [warning] SimTK Exception thrown at InteriorPointOptimizer.cpp:264:
  Optimizer failed: Ipopt: Maximum iterations exceeded (status -1)
[2026-09-11 20:12:07.633] [warning] OPTIMIZATION FAILED...
[2026-09-11 20:12:07.633] [warning] StaticOptimization.record: The optimizer could not find a solution at time = 2.20400.
[2026-09-11 20:12:07.634] [warning] The model appears unsuitable for static optimization.
Try appending the model with additional force(s) or locking joint(s) to reduce the following acceleration constraint violation(s):
   pelvis_tilt: constraint violation = -0.12844
   pelvis_tilt: constraint violation = 0.416814
   pelvis_tilt: constraint violation = 0.0129149
   pelvis_tilt: constraint violation = 0.00138961
   pelvis_tilt: constraint violation = -0.217842
   pelvis_tilt: constraint violation = -0.0343624
   pelvis_tilt: constraint violation = -0.186422
   pelvis_tilt: constraint violation = 0.286845
   pelvis_tilt: constraint violation = -0.00896883
   pelvis_tilt: constraint violation = -0.982441
   pelvis_tilt: constraint violation = -0.257403
   pelvis_tilt: constraint violation = 0.122161
   pelvis_tilt: constraint violation = -1.5997
   pelvis_tilt: constraint violation = -0.280254
   pelvis_tilt: constraint violation = 0.123796
   pelvis_tilt: constraint violation = -0.114169
   pelvis_tilt: constraint violation = 0.129621
   pelvis_tilt: constraint violation = -26.5077
   pelvis_tilt: constraint violation = -16.8408
   pelvis_tilt: constraint violation = 1.68431
   pelvis_tilt: constraint violation = -0.654276
   pelvis_tilt: constraint violation = -9.51115
   pelvis_tilt: constraint violation = -13.2448

[2026-09-11 20:12:07.634] [cout] [info] time = 2.20400 Performance = 0.871669 Constraint violation = 35.4896
[2026-09-11 20:12:08.708] [warning] SimTK Exception thrown at InteriorPointOptimizer.cpp:264:
  Optimizer failed: Ipopt: Maximum iterations exceeded (status -1)
[2026-09-11 20:12:08.708] [warning] OPTIMIZATION FAILED...
[2026-09-11 20:12:08.708] [warning] StaticOptimization.record: The optimizer could not find a solution at time = 2.22.
[2026-09-11 20:12:08.708] [warning] The model appears unsuitable for static optimization.
Try appending the model with additional force(s) or locking joint(s) to reduce the following acceleration constraint violation(s):
   pelvis_tilt: constraint violation = -0.00216361
   pelvis_tilt: constraint violation = 0.647312
   pelvis_tilt: constraint violation = 0.24701
   pelvis_tilt: constraint violation = 0.00145469
   pelvis_tilt: constraint violation = -0.209668
   pelvis_tilt: constraint violation = -0.0249328
   pelvis_tilt: constraint violation = 0.248504
   pelvis_tilt: constraint violation = 0.20486
   pelvis_tilt: constraint violation = 0.00343902
   pelvis_tilt: constraint violation = -1.05361
   pelvis_tilt: constraint violation = -0.257722
   pelvis_tilt: constraint violation = 0.0889381
   pelvis_tilt: constraint violation = -1.70685
   pelvis_tilt: constraint violation = -0.58592
   pelvis_tilt: constraint violation = 0.190878
   pelvis_tilt: constraint violation = 0.251
   pelvis_tilt: constraint violation = 0.0589857
   pelvis_tilt: constraint violation = -16.3224
   pelvis_tilt: constraint violation = -7.98926
   pelvis_tilt: constraint violation = 1.37818
   pelvis_tilt: constraint violation = -0.603455
   pelvis_tilt: constraint violation = -6.70321
   pelvis_tilt: constraint violation = -7.40574

[2026-09-11 20:12:08.708] [cout] [info] time = 2.22 Performance = 0.904960 Constraint violation = 20.9156
[2026-09-11 20:12:09.820] [warning] SimTK Exception thrown at InteriorPointOptimizer.cpp:264:
  Optimizer failed: Ipopt: Maximum iterations exceeded (status -1)
[2026-09-11 20:12:09.820] [warning] OPTIMIZATION FAILED...
[2026-09-11 20:12:09.820] [warning] StaticOptimization.record: The optimizer could not find a solution at time = 2.236.
[2026-09-11 20:12:09.821] [warning] The model appears unsuitable for static optimization.
Try appending the model with additional force(s) or locking joint(s) to reduce the following acceleration constraint violation(s):
   pelvis_tilt: constraint violation = -0.00469549
   pelvis_tilt: constraint violation = 0.51063
   pelvis_tilt: constraint violation = 0.0259234
   pelvis_tilt: constraint violation = 0.00210174
   pelvis_tilt: constraint violation = -0.163327
   pelvis_tilt: constraint violation = -0.0350789
   pelvis_tilt: constraint violation = 0.374934
   pelvis_tilt: constraint violation = 0.349246
   pelvis_tilt: constraint violation = -0.00424135
   pelvis_tilt: constraint violation = -0.637335
   pelvis_tilt: constraint violation = -0.354512
   pelvis_tilt: constraint violation = 0.135193
   pelvis_tilt: constraint violation = -1.71476
   pelvis_tilt: constraint violation = -0.290837
   pelvis_tilt: constraint violation = 0.136068
   pelvis_tilt: constraint violation = 0.42564
   pelvis_tilt: constraint violation = 0.076946
   pelvis_tilt: constraint violation = -23.9795
   pelvis_tilt: constraint violation = -7.36249
   pelvis_tilt: constraint violation = 2.0665
   pelvis_tilt: constraint violation = -0.87853
   pelvis_tilt: constraint violation = -8.43241
   pelvis_tilt: constraint violation = -7.48825

[2026-09-11 20:12:09.821] [cout] [info] time = 2.236 Performance = 0.868172 Constraint violation = 27.6727
[2026-09-11 20:12:11.341] [warning] SimTK Exception thrown at InteriorPointOptimizer.cpp:264:
  Optimizer failed: Ipopt: Maximum iterations exceeded (status -1)
[2026-09-11 20:12:11.342] [warning] OPTIMIZATION FAILED...
[2026-09-11 20:12:11.342] [warning] StaticOptimization.record: The optimizer could not find a solution at time = 2.252.
[2026-09-11 20:12:11.342] [warning] The model appears unsuitable for static optimization.
Try appending the model with additional force(s) or locking joint(s) to reduce the following acceleration constraint violation(s):
   pelvis_tilt: constraint violation = 0.0319868
   pelvis_tilt: constraint violation = 0.492092
   pelvis_tilt: constraint violation = -0.296329
   pelvis_tilt: constraint violation = 0.0013974
   pelvis_tilt: constraint violation = -0.168936
   pelvis_tilt: constraint violation = -0.0263095
   pelvis_tilt: constraint violation = 0.0926125
   pelvis_tilt: constraint violation = 0.493512
   pelvis_tilt: constraint violation = -0.0263424
   pelvis_tilt: constraint violation = 0.0243932
   pelvis_tilt: constraint violation = -0.201171
   pelvis_tilt: constraint violation = 0.0628754
   pelvis_tilt: constraint violation = -1.83745
   pelvis_tilt: constraint violation = -0.127063
   pelvis_tilt: constraint violation = -0.0436415
   pelvis_tilt: constraint violation = 0.187852
   pelvis_tilt: constraint violation = 0.0628964
   pelvis_tilt: constraint violation = -1.30675
   pelvis_tilt: constraint violation = -1.14876
   pelvis_tilt: constraint violation = 0.91229
   pelvis_tilt: constraint violation = -0.4544
   pelvis_tilt: constraint violation = -5.59002
   pelvis_tilt: constraint violation = -3.94514

[2026-09-11 20:12:11.342] [cout] [info] time = 2.252 Performance = 0.891271 Constraint violation = 7.41418
[2026-09-11 20:12:12.812] [warning] SimTK Exception thrown at InteriorPointOptimizer.cpp:264:
  Optimizer failed: Ipopt: Maximum iterations exceeded (status -1)
[2026-09-11 20:12:12.812] [warning] OPTIMIZATION FAILED...
[2026-09-11 20:12:12.812] [warning] StaticOptimization.record: The optimizer could not find a solution at time = 2.268.
[2026-09-11 20:12:12.812] [warning] The model appears unsuitable for static optimization.
Try appending the model with additional force(s) or locking joint(s) to reduce the following acceleration constraint violation(s):
   pelvis_tilt: constraint violation = 0.0510135
   pelvis_tilt: constraint violation = 0.414088
   pelvis_tilt: constraint violation = -1.07228
   pelvis_tilt: constraint violation = 0.0018629
   pelvis_tilt: constraint violation = -0.121178
   pelvis_tilt: constraint violation = -0.00925618
   pelvis_tilt: constraint violation = -0.0945297
   pelvis_tilt: constraint violation = 0.290303
   pelvis_tilt: constraint violation = -0.0666468
   pelvis_tilt: constraint violation = 0.649977
   pelvis_tilt: constraint violation = -0.0162531
   pelvis_tilt: constraint violation = 0.0577932
   pelvis_tilt: constraint violation = -1.82115
   pelvis_tilt: constraint violation = 0.0949687
   pelvis_tilt: constraint violation = -0.0709105
   pelvis_tilt: constraint violation = -0.0818058
   pelvis_tilt: constraint violation = 0.122634
   pelvis_tilt: constraint violation = -5.9181
   pelvis_tilt: constraint violation = -1.70052
   pelvis_tilt: constraint violation = 1.17577
   pelvis_tilt: constraint violation = 0.0644802
   pelvis_tilt: constraint violation = -5.92762
   pelvis_tilt: constraint violation = -2.95616

[2026-09-11 20:12:12.812] [cout] [info] time = 2.268 Performance = 0.940933 Constraint violation = 9.40173
[2026-09-11 20:12:14.152] [warning] SimTK Exception thrown at InteriorPointOptimizer.cpp:264:
  Optimizer failed: Ipopt: Maximum iterations exceeded (status -1)
[2026-09-11 20:12:14.152] [warning] OPTIMIZATION FAILED...
[2026-09-11 20:12:14.152] [warning] StaticOptimization.record: The optimizer could not find a solution at time = 2.284.
[2026-09-11 20:12:14.153] [warning] The model appears unsuitable for static optimization.
Try appending the model with additional force(s) or locking joint(s) to reduce the following acceleration constraint violation(s):
   pelvis_tilt: constraint violation = -0.0508293
   pelvis_tilt: constraint violation = 0.272013
   pelvis_tilt: constraint violation = -1.3319
   pelvis_tilt: constraint violation = 0.00177344
   pelvis_tilt: constraint violation = -0.0824311
   pelvis_tilt: constraint violation = -0.00781325
   pelvis_tilt: constraint violation = -0.594632
   pelvis_tilt: constraint violation = 0.523653
   pelvis_tilt: constraint violation = -0.118535
   pelvis_tilt: constraint violation = 1.30192
   pelvis_tilt: constraint violation = 0.207493
   pelvis_tilt: constraint violation = 0.00554048
   pelvis_tilt: constraint violation = -1.5677
   pelvis_tilt: constraint violation = 0.412163
   pelvis_tilt: constraint violation = -0.558283
   pelvis_tilt: constraint violation = -0.607362
   pelvis_tilt: constraint violation = 0.236586
   pelvis_tilt: constraint violation = -16.8894
   pelvis_tilt: constraint violation = -2.4976
   pelvis_tilt: constraint violation = 1.44062
   pelvis_tilt: constraint violation = 0.809437
   pelvis_tilt: constraint violation = -4.39894
   pelvis_tilt: constraint violation = -1.44254

[2026-09-11 20:12:14.153] [cout] [info] time = 2.284 Performance = 1.03208 Constraint violation = 17.9793
[2026-09-11 20:12:15.391] [warning] SimTK Exception thrown at InteriorPointOptimizer.cpp:264:
  Optimizer failed: Ipopt: Maximum iterations exceeded (status -1)
[2026-09-11 20:12:15.391] [warning] OPTIMIZATION FAILED...
[2026-09-11 20:12:15.391] [warning] StaticOptimization.record: The optimizer could not find a solution at time = 2.3.
[2026-09-11 20:12:15.392] [warning] The model appears unsuitable for static optimization.
Try appending the model with additional force(s) or locking joint(s) to reduce the following acceleration constraint violation(s):
   pelvis_tilt: constraint violation = -0.249614
   pelvis_tilt: constraint violation = 0.284907
   pelvis_tilt: constraint violation = -1.43502
   pelvis_tilt: constraint violation = 0.0008615
   pelvis_tilt: constraint violation = -0.0724109
   pelvis_tilt: constraint violation = -0.0078894
   pelvis_tilt: constraint violation = -0.921872
   pelvis_tilt: constraint violation = 0.651765
   pelvis_tilt: constraint violation = -0.127552
   pelvis_tilt: constraint violation = 0.919304
   pelvis_tilt: constraint violation = 0.251231
   pelvis_tilt: constraint violation = -0.00965463
   pelvis_tilt: constraint violation = -1.10436
   pelvis_tilt: constraint violation = 0.493784
   pelvis_tilt: constraint violation = -0.599122
   pelvis_tilt: constraint violation = -1.03466
   pelvis_tilt: constraint violation = 0.204125
   pelvis_tilt: constraint violation = -17.4372
   pelvis_tilt: constraint violation = -4.5923
   pelvis_tilt: constraint violation = 1.58389
   pelvis_tilt: constraint violation = 1.06785
   pelvis_tilt: constraint violation = -3.11191
   pelvis_tilt: constraint violation = -1.24465

[2026-09-11 20:12:15.392] [cout] [info] time = 2.3 Performance = 1.13042 Constraint violation = 18.6378
[2026-09-11 20:12:16.440] [warning] SimTK Exception thrown at InteriorPointOptimizer.cpp:264:
  Optimizer failed: Ipopt: Maximum iterations exceeded (status -1)
[2026-09-11 20:12:16.441] [warning] OPTIMIZATION FAILED...
[2026-09-11 20:12:16.441] [warning] StaticOptimization.record: The optimizer could not find a solution at time = 2.316.
[2026-09-11 20:12:16.441] [warning] The model appears unsuitable for static optimization.
Try appending the model with additional force(s) or locking joint(s) to reduce the following acceleration constraint violation(s):
   pelvis_tilt: constraint violation = -0.574303
   pelvis_tilt: constraint violation = 0.198446
   pelvis_tilt: constraint violation = -1.40502
   pelvis_tilt: constraint violation = -0.000984409
   pelvis_tilt: constraint violation = -0.0649332
   pelvis_tilt: constraint violation = -0.00332696
   pelvis_tilt: constraint violation = -1.49112
   pelvis_tilt: constraint violation = 0.659472
   pelvis_tilt: constraint violation = -0.128596
   pelvis_tilt: constraint violation = 0.243276
   pelvis_tilt: constraint violation = 0.341104
   pelvis_tilt: constraint violation = -0.0289562
   pelvis_tilt: constraint violation = -0.413502
   pelvis_tilt: constraint violation = 0.556885
   pelvis_tilt: constraint violation = -0.606087
   pelvis_tilt: constraint violation = -1.70551
   pelvis_tilt: constraint violation = 0.0462577
   pelvis_tilt: constraint violation = -17.8088
   pelvis_tilt: constraint violation = -7.72239
   pelvis_tilt: constraint violation = 1.40664
   pelvis_tilt: constraint violation = 1.4912
   pelvis_tilt: constraint violation = -1.8997
   pelvis_tilt: constraint violation = -0.858385

[2026-09-11 20:12:16.441] [cout] [info] time = 2.316 Performance = 1.2617 Constraint violation = 19.8568
[2026-09-11 20:12:17.663] [warning] SimTK Exception thrown at InteriorPointOptimizer.cpp:264:
  Optimizer failed: Ipopt: Maximum iterations exceeded (status -1)
[2026-09-11 20:12:17.663] [warning] OPTIMIZATION FAILED...
[2026-09-11 20:12:17.663] [warning] StaticOptimization.record: The optimizer could not find a solution at time = 2.332.
[2026-09-11 20:12:17.664] [warning] The model appears unsuitable for static optimization.
Try appending the model with additional force(s) or locking joint(s) to reduce the following acceleration constraint violation(s):
   pelvis_tilt: constraint violation = -0.897887
   pelvis_tilt: constraint violation = 0.0789794
   pelvis_tilt: constraint violation = -1.1791
   pelvis_tilt: constraint violation = -0.00306983
   pelvis_tilt: constraint violation = -0.0523299
   pelvis_tilt: constraint violation = 0.00402577
   pelvis_tilt: constraint violation = -2.00685
   pelvis_tilt: constraint violation = 0.536275
   pelvis_tilt: constraint violation = -0.115807
   pelvis_tilt: constraint violation = -0.504187
   pelvis_tilt: constraint violation = 0.416487
   pelvis_tilt: constraint violation = -0.0313129
   pelvis_tilt: constraint violation = 0.329654
   pelvis_tilt: constraint violation = 0.604963
   pelvis_tilt: constraint violation = -0.536919
   pelvis_tilt: constraint violation = -2.24822
   pelvis_tilt: constraint violation = -0.307719
   pelvis_tilt: constraint violation = -16.3741
   pelvis_tilt: constraint violation = -10.3026
   pelvis_tilt: constraint violation = 1.02167
   pelvis_tilt: constraint violation = 1.82804
   pelvis_tilt: constraint violation = -0.606721
   pelvis_tilt: constraint violation = 0.00284166

[2026-09-11 20:12:17.664] [cout] [info] time = 2.332 Performance = 1.37955 Constraint violation = 19.796
[2026-09-11 20:12:19.042] [warning] SimTK Exception thrown at InteriorPointOptimizer.cpp:264:
  Optimizer failed: Ipopt: Maximum iterations exceeded (status -1)
[2026-09-11 20:12:19.042] [warning] OPTIMIZATION FAILED...
[2026-09-11 20:12:19.042] [warning] StaticOptimization.record: The optimizer could not find a solution at time = 2.348.
[2026-09-11 20:12:19.042] [warning] The model appears unsuitable for static optimization.
Try appending the model with additional force(s) or locking joint(s) to reduce the following acceleration constraint violation(s):
   pelvis_tilt: constraint violation = -1.14059
   pelvis_tilt: constraint violation = 0.0296194
   pelvis_tilt: constraint violation = -0.887172
   pelvis_tilt: constraint violation = -0.00408893
   pelvis_tilt: constraint violation = -0.0163686
   pelvis_tilt: constraint violation = 0.0100854
   pelvis_tilt: constraint violation = -2.18619
   pelvis_tilt: constraint violation = 0.386622
   pelvis_tilt: constraint violation = -0.0944601
   pelvis_tilt: constraint violation = -0.819552
   pelvis_tilt: constraint violation = 0.446246
   pelvis_tilt: constraint violation = -0.0158496
   pelvis_tilt: constraint violation = 0.891994
   pelvis_tilt: constraint violation = 0.645299
   pelvis_tilt: constraint violation = -0.427271
   pelvis_tilt: constraint violation = -2.41227
   pelvis_tilt: constraint violation = -0.73018
   pelvis_tilt: constraint violation = -11.1183
   pelvis_tilt: constraint violation = -9.40223
   pelvis_tilt: constraint violation = 0.641713
   pelvis_tilt: constraint violation = 2.03526
   pelvis_tilt: constraint violation = 1.62819
   pelvis_tilt: constraint violation = 2.03601

[2026-09-11 20:12:19.043] [cout] [info] time = 2.348 Performance = 1.55402 Constraint violation = 15.46
[2026-09-11 20:12:20.489] [warning] SimTK Exception thrown at InteriorPointOptimizer.cpp:264:
  Optimizer failed: Ipopt: Maximum iterations exceeded (status -1)
[2026-09-11 20:12:20.489] [warning] OPTIMIZATION FAILED...
[2026-09-11 20:12:20.489] [warning] StaticOptimization.record: The optimizer could not find a solution at time = 2.364.
[2026-09-11 20:12:20.489] [warning] The model appears unsuitable for static optimization.
Try appending the model with additional force(s) or locking joint(s) to reduce the following acceleration constraint violation(s):
   pelvis_tilt: constraint violation = -1.38661
   pelvis_tilt: constraint violation = 0.0162057
   pelvis_tilt: constraint violation = -0.56462
   pelvis_tilt: constraint violation = -0.00435154
   pelvis_tilt: constraint violation = 0.0383649
   pelvis_tilt: constraint violation = 0.0153124
   pelvis_tilt: constraint violation = -2.08142
   pelvis_tilt: constraint violation = 0.208038
   pelvis_tilt: constraint violation = -0.070682
   pelvis_tilt: constraint violation = -0.745585
   pelvis_tilt: constraint violation = 0.447703
   pelvis_tilt: constraint violation = 0.00122988
   pelvis_tilt: constraint violation = 1.22957
   pelvis_tilt: constraint violation = 0.668458
   pelvis_tilt: constraint violation = -0.297487
   pelvis_tilt: constraint violation = -2.31114
   pelvis_tilt: constraint violation = -1.04495
   pelvis_tilt: constraint violation = -3.1271
   pelvis_tilt: constraint violation = -4.48216
   pelvis_tilt: constraint violation = 0.215177
   pelvis_tilt: constraint violation = 2.15369
   pelvis_tilt: constraint violation = 4.40955
   pelvis_tilt: constraint violation = 5.32366

[2026-09-11 20:12:20.490] [cout] [info] time = 2.364 Performance = 1.80064 Constraint violation = 9.90956
[2026-09-11 20:12:22.069] [warning] SimTK Exception thrown at InteriorPointOptimizer.cpp:264:
  Optimizer failed: Ipopt: Maximum iterations exceeded (status -1)
[2026-09-11 20:12:22.069] [warning] OPTIMIZATION FAILED...
[2026-09-11 20:12:22.069] [warning] StaticOptimization.record: The optimizer could not find a solution at time = 2.38.
[2026-09-11 20:12:22.069] [warning] The model appears unsuitable for static optimization.
Try appending the model with additional force(s) or locking joint(s) to reduce the following acceleration constraint violation(s):
   pelvis_tilt: constraint violation = -1.75546
   pelvis_tilt: constraint violation = 0.190321
   pelvis_tilt: constraint violation = -0.0746678
   pelvis_tilt: constraint violation = -0.00460405
   pelvis_tilt: constraint violation = 0.0860568
   pelvis_tilt: constraint violation = 0.00834198
   pelvis_tilt: constraint violation = -1.81294
   pelvis_tilt: constraint violation = 0.0633354
   pelvis_tilt: constraint violation = -0.0249283
   pelvis_tilt: constraint violation = -0.941345
   pelvis_tilt: constraint violation = 0.146707
   pelvis_tilt: constraint violation = 0.0120328
   pelvis_tilt: constraint violation = 1.36477
   pelvis_tilt: constraint violation = 0.457331
   pelvis_tilt: constraint violation = -0.0716235
   pelvis_tilt: constraint violation = -1.97018
   pelvis_tilt: constraint violation = -1.31659
   pelvis_tilt: constraint violation = 3.55559
   pelvis_tilt: constraint violation = 6.46443
   pelvis_tilt: constraint violation = -0.0213607
   pelvis_tilt: constraint violation = 0.471632
   pelvis_tilt: constraint violation = 6.55958
   pelvis_tilt: constraint violation = 7.55612

[2026-09-11 20:12:22.069] [cout] [info] time = 2.38 Performance = 2.08224 Constraint violation = 13.0307
[2026-09-11 20:12:23.578] [warning] SimTK Exception thrown at InteriorPointOptimizer.cpp:264:
  Optimizer failed: Ipopt: Maximum iterations exceeded (status -1)
[2026-09-11 20:12:23.578] [warning] OPTIMIZATION FAILED...
[2026-09-11 20:12:23.578] [warning] StaticOptimization.record: The optimizer could not find a solution at time = 2.396.
[2026-09-11 20:12:23.578] [warning] The model appears unsuitable for static optimization.
Try appending the model with additional force(s) or locking joint(s) to reduce the following acceleration constraint violation(s):
   pelvis_tilt: constraint violation = -2.27623
   pelvis_tilt: constraint violation = 0.504391
   pelvis_tilt: constraint violation = 0.341107
   pelvis_tilt: constraint violation = -0.00386566
   pelvis_tilt: constraint violation = 0.174418
   pelvis_tilt: constraint violation = -0.00953107
   pelvis_tilt: constraint violation = -1.31887
   pelvis_tilt: constraint violation = 0.0359088
   pelvis_tilt: constraint violation = 0.0304164
   pelvis_tilt: constraint violation = -0.783813
   pelvis_tilt: constraint violation = -0.467593
   pelvis_tilt: constraint violation = -0.032945
   pelvis_tilt: constraint violation = 1.42412
   pelvis_tilt: constraint violation = -0.00529882
   pelvis_tilt: constraint violation = 0.137232
   pelvis_tilt: constraint violation = -1.39361
   pelvis_tilt: constraint violation = -0.657779
   pelvis_tilt: constraint violation = 14.1522
   pelvis_tilt: constraint violation = 27.9929
   pelvis_tilt: constraint violation = -0.0987633
   pelvis_tilt: constraint violation = -3.21834
   pelvis_tilt: constraint violation = 10.5588
   pelvis_tilt: constraint violation = 9.04788

[2026-09-11 20:12:23.578] [cout] [info] time = 2.396 Performance = 2.43885 Constraint violation = 34.6437
[2026-09-11 20:12:25.255] [warning] SimTK Exception thrown at InteriorPointOptimizer.cpp:264:
  Optimizer failed: Ipopt: Maximum iterations exceeded (status -1)
[2026-09-11 20:12:25.255] [warning] OPTIMIZATION FAILED...
[2026-09-11 20:12:25.255] [warning] StaticOptimization.record: The optimizer could not find a solution at time = 2.412.
[2026-09-11 20:12:25.255] [warning] The model appears unsuitable for static optimization.
Try appending the model with additional force(s) or locking joint(s) to reduce the following acceleration constraint violation(s):
   pelvis_tilt: constraint violation = -3.02512
   pelvis_tilt: constraint violation = 0.718893
   pelvis_tilt: constraint violation = 0.365127
   pelvis_tilt: constraint violation = -0.00253826
   pelvis_tilt: constraint violation = 0.379322
   pelvis_tilt: constraint violation = -0.0251189
   pelvis_tilt: constraint violation = -0.631455
   pelvis_tilt: constraint violation = 0.167712
   pelvis_tilt: constraint violation = 0.0514011
   pelvis_tilt: constraint violation = 0.226096
   pelvis_tilt: constraint violation = -1.17899
   pelvis_tilt: constraint violation = -0.0861682
   pelvis_tilt: constraint violation = 1.82907
   pelvis_tilt: constraint violation = -0.415966
   pelvis_tilt: constraint violation = 0.153656
   pelvis_tilt: constraint violation = -0.742768
   pelvis_tilt: constraint violation = 0.698155
   pelvis_tilt: constraint violation = 7.6107
   pelvis_tilt: constraint violation = 28.2607
   pelvis_tilt: constraint violation = 0.0213439
   pelvis_tilt: constraint violation = -3.60382
   pelvis_tilt: constraint violation = 14.7106
   pelvis_tilt: constraint violation = 10.613

[2026-09-11 20:12:25.255] [cout] [info] time = 2.412 Performance = 2.92449 Constraint violation = 34.8571
[2026-09-11 20:12:26.338] [warning] SimTK Exception thrown at InteriorPointOptimizer.cpp:264:
  Optimizer failed: Ipopt: Maximum iterations exceeded (status -1)
[2026-09-11 20:12:26.338] [warning] OPTIMIZATION FAILED...
[2026-09-11 20:12:26.338] [warning] StaticOptimization.record: The optimizer could not find a solution at time = 2.428.
[2026-09-11 20:12:26.338] [warning] The model appears too weak for static optimization.
Try increasing the strength and/or range of the following force(s):
   med_gas_r approaching upper bound of 1

[2026-09-11 20:12:26.338] [cout] [info] time = 2.428 Performance = 3.4417 Constraint violation = 69.1899
[2026-09-11 20:12:27.428] [warning] SimTK Exception thrown at InteriorPointOptimizer.cpp:264:
  Optimizer failed: Ipopt: Maximum iterations exceeded (status -1)
[2026-09-11 20:12:27.428] [warning] OPTIMIZATION FAILED...
[2026-09-11 20:12:27.428] [warning] StaticOptimization.record: The optimizer could not find a solution at time = 2.444.
[2026-09-11 20:12:27.428] [warning] The model appears too weak for static optimization.
Try increasing the strength and/or range of the following force(s):
   med_gas_r approaching upper bound of 1

[2026-09-11 20:12:27.428] [cout] [info] time = 2.444 Performance = 3.85104 Constraint violation = 65.453
[2026-09-11 20:12:28.621] [warning] SimTK Exception thrown at InteriorPointOptimizer.cpp:264:
  Optimizer failed: Ipopt: Maximum iterations exceeded (status -1)
[2026-09-11 20:12:28.621] [warning] OPTIMIZATION FAILED...
[2026-09-11 20:12:28.621] [warning] StaticOptimization.record: The optimizer could not find a solution at time = 2.46.
[2026-09-11 20:12:28.621] [warning] The model appears too weak for static optimization.
Try increasing the strength and/or range of the following force(s):
   med_gas_r approaching upper bound of 1

[2026-09-11 20:12:28.621] [cout] [info] time = 2.46 Performance = 4.03014 Constraint violation = 17.5312
[2026-09-11 20:12:30.275] [warning] SimTK Exception thrown at InteriorPointOptimizer.cpp:264:
  Optimizer failed: Ipopt: Maximum iterations exceeded (status -1)
[2026-09-11 20:12:30.275] [warning] OPTIMIZATION FAILED...
[2026-09-11 20:12:30.275] [warning] StaticOptimization.record: The optimizer could not find a solution at time = 2.476.
[2026-09-11 20:12:30.275] [warning] The model appears unsuitable for static optimization.
Try appending the model with additional force(s) or locking joint(s) to reduce the following acceleration constraint violation(s):
   pelvis_tilt: constraint violation = -0.0873372
   pelvis_tilt: constraint violation = -0.0317612
   pelvis_tilt: constraint violation = -1.9402
   pelvis_tilt: constraint violation = -0.00659991
   pelvis_tilt: constraint violation = -0.287147
   pelvis_tilt: constraint violation = 0.0311407
   pelvis_tilt: constraint violation = -7.89375
   pelvis_tilt: constraint violation = 0.254706
   pelvis_tilt: constraint violation = -0.153334
   pelvis_tilt: constraint violation = -6.40252
   pelvis_tilt: constraint violation = 1.74166
   pelvis_tilt: constraint violation = 0.194734
   pelvis_tilt: constraint violation = 0.586669
   pelvis_tilt: constraint violation = 1.85453
   pelvis_tilt: constraint violation = -0.228744
   pelvis_tilt: constraint violation = -0.479387
   pelvis_tilt: constraint violation = -0.405345
   pelvis_tilt: constraint violation = -8.13274
   pelvis_tilt: constraint violation = -5.68684
   pelvis_tilt: constraint violation = 1.56211
   pelvis_tilt: constraint violation = 2.82224
   pelvis_tilt: constraint violation = -7.39096
   pelvis_tilt: constraint violation = -0.269552

[2026-09-11 20:12:30.275] [cout] [info] time = 2.476 Performance = 4.01272 Constraint violation = 16.6774
[2026-09-11 20:12:31.963] [warning] SimTK Exception thrown at InteriorPointOptimizer.cpp:264:
  Optimizer failed: Ipopt: Maximum iterations exceeded (status -1)
[2026-09-11 20:12:31.963] [warning] OPTIMIZATION FAILED...
[2026-09-11 20:12:31.963] [warning] StaticOptimization.record: The optimizer could not find a solution at time = 2.492.
[2026-09-11 20:12:31.964] [warning] The model appears unsuitable for static optimization.
Try appending the model with additional force(s) or locking joint(s) to reduce the following acceleration constraint violation(s):
   pelvis_tilt: constraint violation = 0.921591
   pelvis_tilt: constraint violation = -0.754228
   pelvis_tilt: constraint violation = -3.99733
   pelvis_tilt: constraint violation = -0.0143602
   pelvis_tilt: constraint violation = -1.44584
   pelvis_tilt: constraint violation = 0.129381
   pelvis_tilt: constraint violation = -8.02687
   pelvis_tilt: constraint violation = 0.508554
   pelvis_tilt: constraint violation = -0.328339
   pelvis_tilt: constraint violation = -11.5574
   pelvis_tilt: constraint violation = 5.59665
   pelvis_tilt: constraint violation = 0.136237
   pelvis_tilt: constraint violation = 0.818997
   pelvis_tilt: constraint violation = 3.66318
   pelvis_tilt: constraint violation = -0.996529
   pelvis_tilt: constraint violation = -1.7868
   pelvis_tilt: constraint violation = -1.6228
   pelvis_tilt: constraint violation = -23.3947
   pelvis_tilt: constraint violation = -16.1062
   pelvis_tilt: constraint violation = 3.09726
   pelvis_tilt: constraint violation = 8.56508
   pelvis_tilt: constraint violation = -31.5647
   pelvis_tilt: constraint violation = -8.57694

[2026-09-11 20:12:31.964] [cout] [info] time = 2.492 Performance = 3.20639 Constraint violation = 47.2197
[2026-09-11 20:12:31.965] [info] Printing results of investigation zz_bsolve to ./ResultsBSolve
[2026-09-11 20:18:57.268] [info] Preparing to run AnalyzeTool.
[2026-09-11 20:18:57.269] [info] AbstractTool zz_bsolve loading model subject01_simbody.osim
[2026-09-11 20:18:57.290] [info] Loaded model subject01 from file subject01_simbody.osim
[2026-09-11 20:18:57.290] [warning] Couldn't find file 'treadmill.vtp'.
[2026-09-11 20:18:57.290] [warning] Couldn't find file 'sacrum.vtp'.
[2026-09-11 20:18:57.290] [warning] Couldn't find file 'pelvis.vtp'.
[2026-09-11 20:18:57.290] [warning] Couldn't find file 'l_pelvis.vtp'.
[2026-09-11 20:18:57.290] [warning] Couldn't find file 'femur_r.vtp'.
[2026-09-11 20:18:57.290] [warning] Couldn't find file 'tibia_r.vtp'.
[2026-09-11 20:18:57.290] [warning] Couldn't find file 'fibula.vtp'.
[2026-09-11 20:18:57.290] [warning] Couldn't find file 'talus.vtp'.
[2026-09-11 20:18:57.290] [warning] Couldn't find file 'foot.vtp'.
[2026-09-11 20:18:57.291] [warning] Couldn't find file 'bofoot.vtp'.
[2026-09-11 20:18:57.291] [warning] Couldn't find file 'femur_l.vtp'.
[2026-09-11 20:18:57.291] [warning] Couldn't find file 'tibia_l.vtp'.
[2026-09-11 20:18:57.291] [warning] Couldn't find file 'l_fibula.vtp'.
[2026-09-11 20:18:57.291] [warning] Couldn't find file 'l_talus.vtp'.
[2026-09-11 20:18:57.291] [warning] Couldn't find file 'l_foot.vtp'.
[2026-09-11 20:18:57.291] [warning] Couldn't find file 'l_bofoot.vtp'.
[2026-09-11 20:18:57.291] [warning] Couldn't find file 'hat_spine.vtp'.
[2026-09-11 20:18:57.291] [warning] Couldn't find file 'hat_jaw.vtp'.
[2026-09-11 20:18:57.291] [warning] Couldn't find file 'hat_skull.vtp'.
[2026-09-11 20:18:57.291] [warning] Couldn't find file 'hat_ribs.vtp'.
[2026-09-11 20:18:57.309] [info] ExternalLoads 'Ex2' was renamed and is being reset to 'externalloads'.
[2026-09-11 20:18:57.320] [info] Storage: read data file = subject01_walk1_grf.mot (nr=1501 nc=19)
[2026-09-11 20:18:57.330] [info] ExternalForce::ExternalForce_1 Data source being set to subject01_walk1_grf.mot
[2026-09-11 20:18:57.330] [info] ExternalForce::ExternalForce_2 Data source being set to subject01_walk1_grf.mot
[2026-09-11 20:18:57.340] [info] Loading coordinates from file 'subject01_walk1_ik.mot'.
[2026-09-11 20:18:57.340] [info] Storage: read data file = subject01_walk1_ik.mot (nr=121 nc=24)
[2026-09-11 20:18:57.342] [info] Low-pass filtering coordinates data with a cutoff frequency of 6.0...
[2026-09-11 20:18:57.451] [info] Found 250 state vectors with time stamps ranging from -0.5 to 3.484.
[2026-09-11 20:18:57.451] [info] Executing the analyses from 0.492 to 2.492...
[2026-09-11 20:18:57.748] [info] Storage: read data file = subject01_walk1_grf.mot (nr=1501 nc=19)
[2026-09-11 20:18:57.759] [info] ExternalForce::ExternalForce_1 Data source being set to subject01_walk1_grf.mot
[2026-09-11 20:18:57.759] [info] ExternalForce::ExternalForce_2 Data source being set to subject01_walk1_grf.mot
[2026-09-11 20:18:57.775] [info] Storage: read data file = subject01_walk1_grf.mot (nr=1501 nc=19)
[2026-09-11 20:18:57.785] [info] ExternalForce::ExternalForce_1 Data source being set to subject01_walk1_grf.mot
[2026-09-11 20:18:57.785] [info] ExternalForce::ExternalForce_2 Data source being set to subject01_walk1_grf.mot
[2026-09-11 20:18:59.905] [warning] SimTK Exception thrown at InteriorPointOptimizer.cpp:264:
  Optimizer failed: Ipopt: Maximum iterations exceeded (status -1)
[2026-09-11 20:18:59.905] [warning] OPTIMIZATION FAILED...
[2026-09-11 20:18:59.905] [warning] StaticOptimization.record: The optimizer could not find a solution at time = 0.492.
[2026-09-11 20:18:59.906] [warning] The model appears unsuitable for static optimization.
Try appending the model with additional force(s) or locking joint(s) to reduce the following acceleration constraint violation(s):
   pelvis_tilt: constraint violation = -1.62554
   pelvis_tilt: constraint violation = 1.08382
   pelvis_tilt: constraint violation = -0.802042
   pelvis_tilt: constraint violation = -0.00297979
   pelvis_tilt: constraint violation = 0.782274
   pelvis_tilt: constraint violation = -0.221728
   pelvis_tilt: constraint violation = 4.99337
   pelvis_tilt: constraint violation = 1.11789
   pelvis_tilt: constraint violation = -0.37438
   pelvis_tilt: constraint violation = -1.65604
   pelvis_tilt: constraint violation = -1.96896
   pelvis_tilt: constraint violation = -0.0484321
   pelvis_tilt: constraint violation = 4.89416
   pelvis_tilt: constraint violation = -3.24641
   pelvis_tilt: constraint violation = 0.0781703
   pelvis_tilt: constraint violation = 0.88781
   pelvis_tilt: constraint violation = -0.752323
   pelvis_tilt: constraint violation = 89.4912
   pelvis_tilt: constraint violation = 143.157
   pelvis_tilt: constraint violation = 3.51553
   pelvis_tilt: constraint violation = -7.26476
   pelvis_tilt: constraint violation = 53.6985
   pelvis_tilt: constraint violation = 56.7555

[2026-09-11 20:18:59.906] [cout] [info] time = 0.492 Performance = 1.30041 Constraint violation = 186.404
[2026-09-11 20:18:59.908] [info] Bounds for 'glut_med1_r': 0.01 to 1.0.
[2026-09-11 20:18:59.908] [info] Bounds for 'glut_med2_r': 0.01 to 1.0.
[2026-09-11 20:18:59.908] [info] Bounds for 'glut_med3_r': 0.01 to 1.0.
[2026-09-11 20:18:59.908] [info] Bounds for 'glut_min1_r': 0.01 to 1.0.
[2026-09-11 20:18:59.908] [info] Bounds for 'glut_min2_r': 0.01 to 1.0.
[2026-09-11 20:18:59.908] [info] Bounds for 'glut_min3_r': 0.01 to 1.0.
[2026-09-11 20:18:59.908] [info] Bounds for 'semimem_r': 0.01 to 1.0.
[2026-09-11 20:18:59.908] [info] Bounds for 'semiten_r': 0.01 to 1.0.
[2026-09-11 20:18:59.908] [info] Bounds for 'bifemlh_r': 0.01 to 1.0.
[2026-09-11 20:18:59.908] [info] Bounds for 'bifemsh_r': 0.01 to 1.0.
[2026-09-11 20:18:59.908] [info] Bounds for 'sar_r': 0.01 to 1.0.
[2026-09-11 20:18:59.908] [info] Bounds for 'add_long_r': 0.01 to 1.0.
[2026-09-11 20:18:59.908] [info] Bounds for 'add_brev_r': 0.01 to 1.0.
[2026-09-11 20:18:59.908] [info] Bounds for 'add_mag1_r': 0.01 to 1.0.
[2026-09-11 20:18:59.908] [info] Bounds for 'add_mag2_r': 0.01 to 1.0.
[2026-09-11 20:18:59.908] [info] Bounds for 'add_mag3_r': 0.01 to 1.0.
[2026-09-11 20:18:59.908] [info] Bounds for 'tfl_r': 0.01 to 1.0.
[2026-09-11 20:18:59.908] [info] Bounds for 'pect_r': 0.01 to 1.0.
[2026-09-11 20:18:59.908] [info] Bounds for 'grac_r': 0.01 to 1.0.
[2026-09-11 20:18:59.908] [info] Bounds for 'glut_max1_r': 0.01 to 1.0.
[2026-09-11 20:18:59.908] [info] Bounds for 'glut_max2_r': 0.01 to 1.0.
[2026-09-11 20:18:59.908] [info] Bounds for 'glut_max3_r': 0.01 to 1.0.
[2026-09-11 20:18:59.908] [info] Bounds for 'iliacus_r': 0.01 to 1.0.
[2026-09-11 20:18:59.908] [info] Bounds for 'psoas_r': 0.01 to 1.0.
[2026-09-11 20:18:59.908] [info] Bounds for 'quad_fem_r': 0.01 to 1.0.
[2026-09-11 20:18:59.908] [info] Bounds for 'gem_r': 0.01 to 1.0.
[2026-09-11 20:18:59.908] [info] Bounds for 'peri_r': 0.01 to 1.0.
[2026-09-11 20:18:59.908] [info] Bounds for 'rect_fem_r': 0.01 to 1.0.
[2026-09-11 20:18:59.908] [info] Bounds for 'vas_med_r': 0.01 to 1.0.
[2026-09-11 20:18:59.908] [info] Bounds for 'vas_int_r': 0.01 to 1.0.
[2026-09-11 20:18:59.908] [info] Bounds for 'vas_lat_r': 0.01 to 1.0.
[2026-09-11 20:18:59.908] [info] Bounds for 'med_gas_r': 0.01 to 1.0.
[2026-09-11 20:18:59.908] [info] Bounds for 'lat_gas_r': 0.01 to 1.0.
[2026-09-11 20:18:59.908] [info] Bounds for 'soleus_r': 0.01 to 1.0.
[2026-09-11 20:18:59.908] [info] Bounds for 'tib_post_r': 0.01 to 1.0.
[2026-09-11 20:18:59.908] [info] Bounds for 'flex_dig_r': 0.01 to 1.0.
[2026-09-11 20:18:59.908] [info] Bounds for 'flex_hal_r': 0.01 to 1.0.
[2026-09-11 20:18:59.908] [info] Bounds for 'tib_ant_r': 0.01 to 1.0.
[2026-09-11 20:18:59.908] [info] Bounds for 'per_brev_r': 0.01 to 1.0.
[2026-09-11 20:18:59.908] [info] Bounds for 'per_long_r': 0.01 to 1.0.
[2026-09-11 20:18:59.908] [info] Bounds for 'per_tert_r': 0.01 to 1.0.
[2026-09-11 20:18:59.908] [info] Bounds for 'ext_dig_r': 0.01 to 1.0.
[2026-09-11 20:18:59.908] [info] Bounds for 'ext_hal_r': 0.01 to 1.0.
[2026-09-11 20:18:59.908] [info] Bounds for 'glut_med1_l': 0.01 to 1.0.
[2026-09-11 20:18:59.908] [info] Bounds for 'glut_med2_l': 0.01 to 1.0.
[2026-09-11 20:18:59.908] [info] Bounds for 'glut_med3_l': 0.01 to 1.0.
[2026-09-11 20:18:59.908] [info] Bounds for 'glut_min1_l': 0.01 to 1.0.
[2026-09-11 20:18:59.908] [info] Bounds for 'glut_min2_l': 0.01 to 1.0.
[2026-09-11 20:18:59.908] [info] Bounds for 'glut_min3_l': 0.01 to 1.0.
[2026-09-11 20:18:59.908] [info] Bounds for 'semimem_l': 0.01 to 1.0.
[2026-09-11 20:18:59.908] [info] Bounds for 'semiten_l': 0.01 to 1.0.
[2026-09-11 20:18:59.908] [info] Bounds for 'bifemlh_l': 0.01 to 1.0.
[2026-09-11 20:18:59.908] [info] Bounds for 'bifemsh_l': 0.01 to 1.0.
[2026-09-11 20:18:59.908] [info] Bounds for 'sar_l': 0.01 to 1.0.
[2026-09-11 20:18:59.908] [info] Bounds for 'add_long_l': 0.01 to 1.0.
[2026-09-11 20:18:59.908] [info] Bounds for 'add_brev_l': 0.01 to 1.0.
[2026-09-11 20:18:59.908] [info] Bounds for 'add_mag1_l': 0.01 to 1.0.
[2026-09-11 20:18:59.908] [info] Bounds for 'add_mag2_l': 0.01 to 1.0.
[2026-09-11 20:18:59.908] [info] Bounds for 'add_mag3_l': 0.01 to 1.0.
[2026-09-11 20:18:59.908] [info] Bounds for 'tfl_l': 0.01 to 1.0.
[2026-09-11 20:18:59.908] [info] Bounds for 'pect_l': 0.01 to 1.0.
[2026-09-11 20:18:59.908] [info] Bounds for 'grac_l': 0.01 to 1.0.
[2026-09-11 20:18:59.908] [info] Bounds for 'glut_max1_l': 0.01 to 1.0.
[2026-09-11 20:18:59.908] [info] Bounds for 'glut_max2_l': 0.01 to 1.0.
[2026-09-11 20:18:59.908] [info] Bounds for 'glut_max3_l': 0.01 to 1.0.
[2026-09-11 20:18:59.908] [info] Bounds for 'iliacus_l': 0.01 to 1.0.
[2026-09-11 20:18:59.908] [info] Bounds for 'psoas_l': 0.01 to 1.0.
[2026-09-11 20:18:59.908] [info] Bounds for 'quad_fem_l': 0.01 to 1.0.
[2026-09-11 20:18:59.908] [info] Bounds for 'gem_l': 0.01 to 1.0.
[2026-09-11 20:18:59.908] [info] Bounds for 'peri_l': 0.01 to 1.0.
[2026-09-11 20:18:59.908] [info] Bounds for 'rect_fem_l': 0.01 to 1.0.
[2026-09-11 20:18:59.908] [info] Bounds for 'vas_med_l': 0.01 to 1.0.
[2026-09-11 20:18:59.908] [info] Bounds for 'vas_int_l': 0.01 to 1.0.
[2026-09-11 20:18:59.908] [info] Bounds for 'vas_lat_l': 0.01 to 1.0.
[2026-09-11 20:18:59.908] [info] Bounds for 'med_gas_l': 0.01 to 1.0.
[2026-09-11 20:18:59.908] [info] Bounds for 'lat_gas_l': 0.01 to 1.0.
[2026-09-11 20:18:59.908] [info] Bounds for 'soleus_l': 0.01 to 1.0.
[2026-09-11 20:18:59.908] [info] Bounds for 'tib_post_l': 0.01 to 1.0.
[2026-09-11 20:18:59.908] [info] Bounds for 'flex_dig_l': 0.01 to 1.0.
[2026-09-11 20:18:59.908] [info] Bounds for 'flex_hal_l': 0.01 to 1.0.
[2026-09-11 20:18:59.908] [info] Bounds for 'tib_ant_l': 0.01 to 1.0.
[2026-09-11 20:18:59.908] [info] Bounds for 'per_brev_l': 0.01 to 1.0.
[2026-09-11 20:18:59.908] [info] Bounds for 'per_long_l': 0.01 to 1.0.
[2026-09-11 20:18:59.908] [info] Bounds for 'per_tert_l': 0.01 to 1.0.
[2026-09-11 20:18:59.908] [info] Bounds for 'ext_dig_l': 0.01 to 1.0.
[2026-09-11 20:18:59.908] [info] Bounds for 'ext_hal_l': 0.01 to 1.0.
[2026-09-11 20:18:59.908] [info] Bounds for 'ercspn_r': 0.01 to 1.0.
[2026-09-11 20:18:59.908] [info] Bounds for 'ercspn_l': 0.01 to 1.0.
[2026-09-11 20:18:59.908] [info] Bounds for 'intobl_r': 0.01 to 1.0.
[2026-09-11 20:18:59.908] [info] Bounds for 'intobl_l': 0.01 to 1.0.
[2026-09-11 20:18:59.908] [info] Bounds for 'extobl_r': 0.01 to 1.0.
[2026-09-11 20:18:59.908] [info] Bounds for 'extobl_l': 0.01 to 1.0.
[2026-09-11 20:19:01.150] [warning] SimTK Exception thrown at InteriorPointOptimizer.cpp:264:
  Optimizer failed: Ipopt: Maximum iterations exceeded (status -1)
[2026-09-11 20:19:01.150] [warning] OPTIMIZATION FAILED...
[2026-09-11 20:19:01.150] [warning] StaticOptimization.record: The optimizer could not find a solution at time = 0.508000.
[2026-09-11 20:19:01.150] [warning] The model appears unsuitable for static optimization.
Try appending the model with additional force(s) or locking joint(s) to reduce the following acceleration constraint violation(s):
   pelvis_tilt: constraint violation = -1.80889
   pelvis_tilt: constraint violation = 1.03566
   pelvis_tilt: constraint violation = -0.997518
   pelvis_tilt: constraint violation = -0.00300373
   pelvis_tilt: constraint violation = 0.763201
   pelvis_tilt: constraint violation = -0.161146
   pelvis_tilt: constraint violation = 3.6205
   pelvis_tilt: constraint violation = 0.746533
   pelvis_tilt: constraint violation = -0.198681
   pelvis_tilt: constraint violation = -1.68601
   pelvis_tilt: constraint violation = -1.79953
   pelvis_tilt: constraint violation = -0.0256479
   pelvis_tilt: constraint violation = 4.11744
   pelvis_tilt: constraint violation = -1.92088
   pelvis_tilt: constraint violation = -0.0652819
   pelvis_tilt: constraint violation = 1.36368
   pelvis_tilt: constraint violation = -1.0446
   pelvis_tilt: constraint violation = 70.4482
   pelvis_tilt: constraint violation = 109.224
   pelvis_tilt: constraint violation = 1.97982
   pelvis_tilt: constraint violation = -5.97094
   pelvis_tilt: constraint violation = 43.5328
   pelvis_tilt: constraint violation = 47.9275

[2026-09-11 20:19:01.150] [cout] [info] time = 0.508000 Performance = 1.5186 Constraint violation = 145.512
[2026-09-11 20:19:02.883] [warning] SimTK Exception thrown at InteriorPointOptimizer.cpp:264:
  Optimizer failed: Ipopt: Maximum iterations exceeded (status -1)
[2026-09-11 20:19:02.883] [warning] OPTIMIZATION FAILED...
[2026-09-11 20:19:02.883] [warning] StaticOptimization.record: The optimizer could not find a solution at time = 0.524.
[2026-09-11 20:19:02.883] [warning] The model appears unsuitable for static optimization.
Try appending the model with additional force(s) or locking joint(s) to reduce the following acceleration constraint violation(s):
   pelvis_tilt: constraint violation = -1.92663
   pelvis_tilt: constraint violation = 0.815272
   pelvis_tilt: constraint violation = -1.32725
   pelvis_tilt: constraint violation = -0.00264903
   pelvis_tilt: constraint violation = 0.536846
   pelvis_tilt: constraint violation = -0.0865205
   pelvis_tilt: constraint violation = 2.42589
   pelvis_tilt: constraint violation = 0.31047
   pelvis_tilt: constraint violation = -0.0793169
   pelvis_tilt: constraint violation = -1.24185
   pelvis_tilt: constraint violation = -1.36269
   pelvis_tilt: constraint violation = 0.0118125
   pelvis_tilt: constraint violation = 3.21165
   pelvis_tilt: constraint violation = -0.440187
   pelvis_tilt: constraint violation = -0.255581
   pelvis_tilt: constraint violation = 1.67631
   pelvis_tilt: constraint violation = -0.763281
   pelvis_tilt: constraint violation = 68.2932
   pelvis_tilt: constraint violation = 89.9412
   pelvis_tilt: constraint violation = -0.254018
   pelvis_tilt: constraint violation = -4.58316
   pelvis_tilt: constraint violation = 31.8587
   pelvis_tilt: constraint violation = 36.2105

[2026-09-11 20:19:02.883] [cout] [info] time = 0.524 Performance = 1.8478 Constraint violation = 123.006
[2026-09-11 20:19:04.418] [warning] SimTK Exception thrown at InteriorPointOptimizer.cpp:264:
  Optimizer failed: Ipopt: Maximum iterations exceeded (status -1)
[2026-09-11 20:19:04.418] [warning] OPTIMIZATION FAILED...
[2026-09-11 20:19:04.418] [warning] StaticOptimization.record: The optimizer could not find a solution at time = 0.54.
[2026-09-11 20:19:04.419] [warning] The model appears unsuitable for static optimization.
Try appending the model with additional force(s) or locking joint(s) to reduce the following acceleration constraint violation(s):
   pelvis_tilt: constraint violation = -1.71405
   pelvis_tilt: constraint violation = 0.529015
   pelvis_tilt: constraint violation = -1.71675
   pelvis_tilt: constraint violation = -0.00268176
   pelvis_tilt: constraint violation = 0.326045
   pelvis_tilt: constraint violation = -0.00935606
   pelvis_tilt: constraint violation = 0.487048
   pelvis_tilt: constraint violation = -0.3377
   pelvis_tilt: constraint violation = -0.0645237
   pelvis_tilt: constraint violation = -0.540225
   pelvis_tilt: constraint violation = -0.988479
   pelvis_tilt: constraint violation = 0.0663712
   pelvis_tilt: constraint violation = 1.99892
   pelvis_tilt: constraint violation = 0.980939
   pelvis_tilt: constraint violation = -0.496014
   pelvis_tilt: constraint violation = 0.854287
   pelvis_tilt: constraint violation = -0.293208
   pelvis_tilt: constraint violation = 52.9501
   pelvis_tilt: constraint violation = 56.363
   pelvis_tilt: constraint violation = -3.7866
   pelvis_tilt: constraint violation = -3.0421
   pelvis_tilt: constraint violation = 17.4402
   pelvis_tilt: constraint violation = 22.3294

[2026-09-11 20:19:04.419] [cout] [info] time = 0.54 Performance = 2.31863 Constraint violation = 82.588
[2026-09-11 20:19:05.916] [warning] SimTK Exception thrown at InteriorPointOptimizer.cpp:264:
  Optimizer failed: Ipopt: Maximum iterations exceeded (status -1)
[2026-09-11 20:19:05.916] [warning] OPTIMIZATION FAILED...
[2026-09-11 20:19:05.916] [warning] StaticOptimization.record: The optimizer could not find a solution at time = 0.556.
[2026-09-11 20:19:05.917] [warning] The model appears unsuitable for static optimization.
Try appending the model with additional force(s) or locking joint(s) to reduce the following acceleration constraint violation(s):
   pelvis_tilt: constraint violation = -1.63109
   pelvis_tilt: constraint violation = 0.218904
   pelvis_tilt: constraint violation = -1.83785
   pelvis_tilt: constraint violation = -0.00188019
   pelvis_tilt: constraint violation = 0.179756
   pelvis_tilt: constraint violation = 0.0561017
   pelvis_tilt: constraint violation = -0.96904
   pelvis_tilt: constraint violation = -1.09855
   pelvis_tilt: constraint violation = -0.14234
   pelvis_tilt: constraint violation = 0.274599
   pelvis_tilt: constraint violation = -0.542015
   pelvis_tilt: constraint violation = 0.122299
   pelvis_tilt: constraint violation = 0.988773
   pelvis_tilt: constraint violation = 2.13096
   pelvis_tilt: constraint violation = -0.628312
   pelvis_tilt: constraint violation = -0.238952
   pelvis_tilt: constraint violation = 0.402479
   pelvis_tilt: constraint violation = 44.0124
   pelvis_tilt: constraint violation = 32.6295
   pelvis_tilt: constraint violation = -7.6959
   pelvis_tilt: constraint violation = -1.56465
   pelvis_tilt: constraint violation = 5.59167
   pelvis_tilt: constraint violation = 12.944

[2026-09-11 20:19:05.917] [cout] [info] time = 0.556 Performance = 2.79799 Constraint violation = 57.2456
[2026-09-11 20:19:07.076] [warning] SimTK Exception thrown at InteriorPointOptimizer.cpp:264:
  Optimizer failed: Ipopt: Maximum iterations exceeded (status -1)
[2026-09-11 20:19:07.076] [warning] OPTIMIZATION FAILED...
[2026-09-11 20:19:07.076] [warning] StaticOptimization.record: The optimizer could not find a solution at time = 0.572.
[2026-09-11 20:19:07.076] [warning] The model appears too weak for static optimization.
Try increasing the strength and/or range of the following force(s):
   glut_med1_l approaching upper bound of 1

[2026-09-11 20:19:07.076] [cout] [info] time = 0.572 Performance = 3.38374 Constraint violation = 54.279
[2026-09-11 20:19:08.160] [warning] SimTK Exception thrown at InteriorPointOptimizer.cpp:264:
  Optimizer failed: Ipopt: Maximum iterations exceeded (status -1)
[2026-09-11 20:19:08.160] [warning] OPTIMIZATION FAILED...
[2026-09-11 20:19:08.160] [warning] StaticOptimization.record: The optimizer could not find a solution at time = 0.588.
[2026-09-11 20:19:08.160] [warning] The model appears too weak for static optimization.
Try increasing the strength and/or range of the following force(s):
   glut_med1_l approaching upper bound of 1
   med_gas_l approaching upper bound of 1

[2026-09-11 20:19:08.160] [cout] [info] time = 0.588 Performance = 3.71383 Constraint violation = 61.6965
[2026-09-11 20:19:09.217] [warning] SimTK Exception thrown at InteriorPointOptimizer.cpp:264:
  Optimizer failed: Ipopt: Maximum iterations exceeded (status -1)
[2026-09-11 20:19:09.217] [warning] OPTIMIZATION FAILED...
[2026-09-11 20:19:09.217] [warning] StaticOptimization.record: The optimizer could not find a solution at time = 0.604000.
[2026-09-11 20:19:09.217] [warning] The model appears too weak for static optimization.
Try increasing the strength and/or range of the following force(s):
   glut_med1_l approaching upper bound of 1
   med_gas_l approaching upper bound of 1

[2026-09-11 20:19:09.217] [cout] [info] time = 0.604000 Performance = 3.75181 Constraint violation = 71.8752
[2026-09-11 20:19:10.371] [warning] SimTK Exception thrown at InteriorPointOptimizer.cpp:264:
  Optimizer failed: Ipopt: Maximum iterations exceeded (status -1)
[2026-09-11 20:19:10.371] [warning] OPTIMIZATION FAILED...
[2026-09-11 20:19:10.371] [warning] StaticOptimization.record: The optimizer could not find a solution at time = 0.62.
[2026-09-11 20:19:10.371] [warning] The model appears too weak for static optimization.
Try increasing the strength and/or range of the following force(s):
   glut_med1_l approaching upper bound of 1
   med_gas_l approaching upper bound of 1

[2026-09-11 20:19:10.371] [cout] [info] time = 0.62 Performance = 3.65008 Constraint violation = 67.3285
[2026-09-11 20:19:11.515] [warning] SimTK Exception thrown at InteriorPointOptimizer.cpp:264:
  Optimizer failed: Ipopt: Maximum iterations exceeded (status -1)
[2026-09-11 20:19:11.515] [warning] OPTIMIZATION FAILED...
[2026-09-11 20:19:11.515] [warning] StaticOptimization.record: The optimizer could not find a solution at time = 0.636.
[2026-09-11 20:19:11.515] [warning] The model appears unsuitable for static optimization.
Try appending the model with additional force(s) or locking joint(s) to reduce the following acceleration constraint violation(s):
   pelvis_tilt: constraint violation = -0.955175
   pelvis_tilt: constraint violation = -0.419559
   pelvis_tilt: constraint violation = -2.11573
   pelvis_tilt: constraint violation = -0.00284819
   pelvis_tilt: constraint violation = 0.123254
   pelvis_tilt: constraint violation = 0.0812735
   pelvis_tilt: constraint violation = -1.90952
   pelvis_tilt: constraint violation = -1.77172
   pelvis_tilt: constraint violation = -0.213418
   pelvis_tilt: constraint violation = 0.490839
   pelvis_tilt: constraint violation = -0.504592
   pelvis_tilt: constraint violation = 0.199949
   pelvis_tilt: constraint violation = 1.57979
   pelvis_tilt: constraint violation = 2.12888
   pelvis_tilt: constraint violation = -0.708591
   pelvis_tilt: constraint violation = -0.464179
   pelvis_tilt: constraint violation = 0.305994
   pelvis_tilt: constraint violation = 18.227
   pelvis_tilt: constraint violation = 16.026
   pelvis_tilt: constraint violation = -5.80795
   pelvis_tilt: constraint violation = -1.08005
   pelvis_tilt: constraint violation = 0.27191
   pelvis_tilt: constraint violation = 5.41426

[2026-09-11 20:19:11.515] [cout] [info] time = 0.636 Performance = 3.29017 Constraint violation = 25.9641
[2026-09-11 20:19:12.867] [warning] SimTK Exception thrown at InteriorPointOptimizer.cpp:264:
  Optimizer failed: Ipopt: Maximum iterations exceeded (status -1)
[2026-09-11 20:19:12.867] [warning] OPTIMIZATION FAILED...
[2026-09-11 20:19:12.867] [warning] StaticOptimization.record: The optimizer could not find a solution at time = 0.652.
[2026-09-11 20:19:12.867] [warning] The model appears unsuitable for static optimization.
Try appending the model with additional force(s) or locking joint(s) to reduce the following acceleration constraint violation(s):
   pelvis_tilt: constraint violation = 0.190317
   pelvis_tilt: constraint violation = 0.926919
   pelvis_tilt: constraint violation = -1.16596
   pelvis_tilt: constraint violation = -0.00477774
   pelvis_tilt: constraint violation = -0.356487
   pelvis_tilt: constraint violation = -0.011263
   pelvis_tilt: constraint violation = -5.43756
   pelvis_tilt: constraint violation = -0.0806123
   pelvis_tilt: constraint violation = -0.0766233
   pelvis_tilt: constraint violation = 0.157592
   pelvis_tilt: constraint violation = -0.979998
   pelvis_tilt: constraint violation = 0.106745
   pelvis_tilt: constraint violation = -0.197078
   pelvis_tilt: constraint violation = 0.52044
   pelvis_tilt: constraint violation = -0.266863
   pelvis_tilt: constraint violation = -2.3235
   pelvis_tilt: constraint violation = -0.204904
   pelvis_tilt: constraint violation = -19.0006
   pelvis_tilt: constraint violation = -25.3441
   pelvis_tilt: constraint violation = -0.449467
   pelvis_tilt: constraint violation = -1.10888
   pelvis_tilt: constraint violation = -6.13589
   pelvis_tilt: constraint violation = -14.6142

[2026-09-11 20:19:12.867] [cout] [info] time = 0.652 Performance = 2.86421 Constraint violation = 35.9831
[2026-09-11 20:19:14.450] [warning] SimTK Exception thrown at InteriorPointOptimizer.cpp:264:
  Optimizer failed: Ipopt: Maximum iterations exceeded (status -1)
[2026-09-11 20:19:14.450] [warning] OPTIMIZATION FAILED...
[2026-09-11 20:19:14.450] [warning] StaticOptimization.record: The optimizer could not find a solution at time = 0.668.
[2026-09-11 20:19:14.450] [warning] The model appears unsuitable for static optimization.
Try appending the model with additional force(s) or locking joint(s) to reduce the following acceleration constraint violation(s):
   pelvis_tilt: constraint violation = 1.74231
   pelvis_tilt: constraint violation = 1.88981
   pelvis_tilt: constraint violation = -0.369721
   pelvis_tilt: constraint violation = -0.00251653
   pelvis_tilt: constraint violation = -0.591087
   pelvis_tilt: constraint violation = -0.0940793
   pelvis_tilt: constraint violation = -5.30377
   pelvis_tilt: constraint violation = 1.30753
   pelvis_tilt: constraint violation = -0.145621
   pelvis_tilt: constraint violation = 0.75266
   pelvis_tilt: constraint violation = -1.30839
   pelvis_tilt: constraint violation = 0.0476923
   pelvis_tilt: constraint violation = -1.87146
   pelvis_tilt: constraint violation = -0.850639
   pelvis_tilt: constraint violation = 0.0974279
   pelvis_tilt: constraint violation = -2.2436
   pelvis_tilt: constraint violation = 0.214694
   pelvis_tilt: constraint violation = -40.2331
   pelvis_tilt: constraint violation = -27.0155
   pelvis_tilt: constraint violation = 3.40888
   pelvis_tilt: constraint violation = -1.16159
   pelvis_tilt: constraint violation = -10.109
   pelvis_tilt: constraint violation = -16.5424

[2026-09-11 20:19:14.450] [cout] [info] time = 0.668 Performance = 2.46748 Constraint violation = 52.7817
[2026-09-11 20:19:15.839] [warning] SimTK Exception thrown at InteriorPointOptimizer.cpp:264:
  Optimizer failed: Ipopt: Maximum iterations exceeded (status -1)
[2026-09-11 20:19:15.839] [warning] OPTIMIZATION FAILED...
[2026-09-11 20:19:15.839] [warning] StaticOptimization.record: The optimizer could not find a solution at time = 0.684.
[2026-09-11 20:19:15.840] [warning] The model appears unsuitable for static optimization.
Try appending the model with additional force(s) or locking joint(s) to reduce the following acceleration constraint violation(s):
   pelvis_tilt: constraint violation = 1.91229
   pelvis_tilt: constraint violation = 1.9041
   pelvis_tilt: constraint violation = -0.731252
   pelvis_tilt: constraint violation = -0.00138747
   pelvis_tilt: constraint violation = -0.482251
   pelvis_tilt: constraint violation = -0.126288
   pelvis_tilt: constraint violation = -3.68256
   pelvis_tilt: constraint violation = 1.47064
   pelvis_tilt: constraint violation = -0.223833
   pelvis_tilt: constraint violation = 1.12637
   pelvis_tilt: constraint violation = -1.65451
   pelvis_tilt: constraint violation = 0.131497
   pelvis_tilt: constraint violation = -1.77349
   pelvis_tilt: constraint violation = -1.35509
   pelvis_tilt: constraint violation = 0.0324111
   pelvis_tilt: constraint violation = -1.55014
   pelvis_tilt: constraint violation = 0.401603
   pelvis_tilt: constraint violation = -38.8324
   pelvis_tilt: constraint violation = -12.9818
   pelvis_tilt: constraint violation = 3.56957
   pelvis_tilt: constraint violation = -1.58434
   pelvis_tilt: constraint violation = -9.46131
   pelvis_tilt: constraint violation = -9.95107

[2026-09-11 20:19:15.840] [cout] [info] time = 0.684 Performance = 2.09379 Constraint violation = 43.7685
[2026-09-11 20:19:17.185] [warning] SimTK Exception thrown at InteriorPointOptimizer.cpp:264:
  Optimizer failed: Ipopt: Maximum iterations exceeded (status -1)
[2026-09-11 20:19:17.185] [warning] OPTIMIZATION FAILED...
[2026-09-11 20:19:17.185] [warning] StaticOptimization.record: The optimizer could not find a solution at time = 0.7.
[2026-09-11 20:19:17.185] [warning] The model appears unsuitable for static optimization.
Try appending the model with additional force(s) or locking joint(s) to reduce the following acceleration constraint violation(s):
   pelvis_tilt: constraint violation = 1.42243
   pelvis_tilt: constraint violation = 1.64547
   pelvis_tilt: constraint violation = -1.16572
   pelvis_tilt: constraint violation = 0.000276409
   pelvis_tilt: constraint violation = -0.276145
   pelvis_tilt: constraint violation = -0.134055
   pelvis_tilt: constraint violation = -1.71294
   pelvis_tilt: constraint violation = 1.2937
   pelvis_tilt: constraint violation = -0.235377
   pelvis_tilt: constraint violation = 1.18278
   pelvis_tilt: constraint violation = -1.79955
   pelvis_tilt: constraint violation = 0.217095
   pelvis_tilt: constraint violation = -1.27995
   pelvis_tilt: constraint violation = -1.45398
   pelvis_tilt: constraint violation = -0.0904178
   pelvis_tilt: constraint violation = -0.822008
   pelvis_tilt: constraint violation = 0.480628
   pelvis_tilt: constraint violation = -29.5047
   pelvis_tilt: constraint violation = -2.98077
   pelvis_tilt: constraint violation = 3.44978
   pelvis_tilt: constraint violation = -2.06994
   pelvis_tilt: constraint violation = -6.2857
   pelvis_tilt: constraint violation = -4.30664

[2026-09-11 20:19:17.185] [cout] [info] time = 0.7 Performance = 1.86165 Constraint violation = 31.2067
[2026-09-11 20:19:18.410] [warning] SimTK Exception thrown at InteriorPointOptimizer.cpp:264:
  Optimizer failed: Ipopt: Maximum iterations exceeded (status -1)
[2026-09-11 20:19:18.410] [warning] OPTIMIZATION FAILED...
[2026-09-11 20:19:18.410] [warning] StaticOptimization.record: The optimizer could not find a solution at time = 0.716.
[2026-09-11 20:19:18.410] [warning] The model appears unsuitable for static optimization.
Try appending the model with additional force(s) or locking joint(s) to reduce the following acceleration constraint violation(s):
   pelvis_tilt: constraint violation = 1.06395
   pelvis_tilt: constraint violation = 1.25938
   pelvis_tilt: constraint violation = -1.4911
   pelvis_tilt: constraint violation = 0.00280866
   pelvis_tilt: constraint violation = -0.126976
   pelvis_tilt: constraint violation = -0.118295
   pelvis_tilt: constraint violation = -0.346178
   pelvis_tilt: constraint violation = 0.905656
   pelvis_tilt: constraint violation = -0.192201
   pelvis_tilt: constraint violation = 1.38545
   pelvis_tilt: constraint violation = -1.69728
   pelvis_tilt: constraint violation = 0.24247
   pelvis_tilt: constraint violation = -1.09448
   pelvis_tilt: constraint violation = -1.17755
   pelvis_tilt: constraint violation = -0.224495
   pelvis_tilt: constraint violation = -0.256734
   pelvis_tilt: constraint violation = 0.585197
   pelvis_tilt: constraint violation = -20.2434
   pelvis_tilt: constraint violation = 0.861276
   pelvis_tilt: constraint violation = 3.04896
   pelvis_tilt: constraint violation = -2.49012
   pelvis_tilt: constraint violation = -3.89038
   pelvis_tilt: constraint violation = -1.59598

[2026-09-11 20:19:18.411] [cout] [info] time = 0.716 Performance = 1.6862 Constraint violation = 21.3908
[2026-09-11 20:19:19.896] [warning] SimTK Exception thrown at InteriorPointOptimizer.cpp:264:
  Optimizer failed: Ipopt: Maximum iterations exceeded (status -1)
[2026-09-11 20:19:19.896] [warning] OPTIMIZATION FAILED...
[2026-09-11 20:19:19.896] [warning] StaticOptimization.record: The optimizer could not find a solution at time = 0.732.
[2026-09-11 20:19:19.896] [warning] The model appears unsuitable for static optimization.
Try appending the model with additional force(s) or locking joint(s) to reduce the following acceleration constraint violation(s):
   pelvis_tilt: constraint violation = 0.904396
   pelvis_tilt: constraint violation = 0.98759
   pelvis_tilt: constraint violation = -1.27821
   pelvis_tilt: constraint violation = 0.00332274
   pelvis_tilt: constraint violation = -0.172096
   pelvis_tilt: constraint violation = -0.0929471
   pelvis_tilt: constraint violation = -0.742056
   pelvis_tilt: constraint violation = 0.675043
   pelvis_tilt: constraint violation = -0.151686
   pelvis_tilt: constraint violation = 1.32425
   pelvis_tilt: constraint violation = -1.29676
   pelvis_tilt: constraint violation = 0.183539
   pelvis_tilt: constraint violation = -1.48062
   pelvis_tilt: constraint violation = -0.788004
   pelvis_tilt: constraint violation = -0.204548
   pelvis_tilt: constraint violation = -0.386688
   pelvis_tilt: constraint violation = 0.72314
   pelvis_tilt: constraint violation = -28.9295
   pelvis_tilt: constraint violation = 0.0206772
   pelvis_tilt: constraint violation = 2.98782
   pelvis_tilt: constraint violation = -2.08045
   pelvis_tilt: constraint violation = -8.26297
   pelvis_tilt: constraint violation = -1.27289

[2026-09-11 20:19:19.896] [cout] [info] time = 0.732 Performance = 1.47931 Constraint violation = 30.5215
[2026-09-11 20:19:21.110] [warning] SimTK Exception thrown at InteriorPointOptimizer.cpp:264:
  Optimizer failed: Ipopt: Maximum iterations exceeded (status -1)
[2026-09-11 20:19:21.110] [warning] OPTIMIZATION FAILED...
[2026-09-11 20:19:21.110] [warning] StaticOptimization.record: The optimizer could not find a solution at time = 0.748.
[2026-09-11 20:19:21.110] [warning] The model appears unsuitable for static optimization.
Try appending the model with additional force(s) or locking joint(s) to reduce the following acceleration constraint violation(s):
   pelvis_tilt: constraint violation = 0.438985
   pelvis_tilt: constraint violation = 0.416759
   pelvis_tilt: constraint violation = -1.0856
   pelvis_tilt: constraint violation = 0.00287628
   pelvis_tilt: constraint violation = -0.417325
   pelvis_tilt: constraint violation = -0.0341385
   pelvis_tilt: constraint violation = -0.671045
   pelvis_tilt: constraint violation = 0.175562
   pelvis_tilt: constraint violation = -0.0527339
   pelvis_tilt: constraint violation = 0.949649
   pelvis_tilt: constraint violation = -0.661384
   pelvis_tilt: constraint violation = 0.0861675
   pelvis_tilt: constraint violation = -1.65539
   pelvis_tilt: constraint violation = -0.198046
   pelvis_tilt: constraint violation = -0.161154
   pelvis_tilt: constraint violation = -0.586949
   pelvis_tilt: constraint violation = 0.641802
   pelvis_tilt: constraint violation = -19.2333
   pelvis_tilt: constraint violation = -1.23566
   pelvis_tilt: constraint violation = 1.2866
   pelvis_tilt: constraint violation = -0.838139
   pelvis_tilt: constraint violation = -16.9077
   pelvis_tilt: constraint violation = -1.54286

[2026-09-11 20:19:21.111] [cout] [info] time = 0.748 Performance = 1.47605 Constraint violation = 25.8683
[2026-09-11 20:19:22.106] [warning] SimTK Exception thrown at InteriorPointOptimizer.cpp:264:
  Optimizer failed: Ipopt: Infeasible problem detected (status 2)
[2026-09-11 20:19:22.106] [warning] OPTIMIZATION FAILED...
[2026-09-11 20:19:22.106] [warning] StaticOptimization.record: The optimizer could not find a solution at time = 0.764.
[2026-09-11 20:19:22.106] [warning] The model appears unsuitable for static optimization.
Try appending the model with additional force(s) or locking joint(s) to reduce the following acceleration constraint violation(s):
   pelvis_tilt: constraint violation = 0.0262371
   pelvis_tilt: constraint violation = 0.0718279
   pelvis_tilt: constraint violation = -0.55306
   pelvis_tilt: constraint violation = 0.000794781
   pelvis_tilt: constraint violation = -0.37653
   pelvis_tilt: constraint violation = -0.00149047
   pelvis_tilt: constraint violation = -1.46836
   pelvis_tilt: constraint violation = -0.0396655
   pelvis_tilt: constraint violation = 0.0152908
   pelvis_tilt: constraint violation = 0.0525503
   pelvis_tilt: constraint violation = -0.0871749
   pelvis_tilt: constraint violation = 0.021036
   pelvis_tilt: constraint violation = -1.58356
   pelvis_tilt: constraint violation = 0.0874453
   pelvis_tilt: constraint violation = -0.0627145
   pelvis_tilt: constraint violation = -0.277078
   pelvis_tilt: constraint violation = 0.131627
   pelvis_tilt: constraint violation = -0.380564
   pelvis_tilt: constraint violation = -0.750232
   pelvis_tilt: constraint violation = 0.0889752
   pelvis_tilt: constraint violation = 0.0917358
   pelvis_tilt: constraint violation = -8.90772
   pelvis_tilt: constraint violation = -1.17038

[2026-09-11 20:19:22.106] [cout] [info] time = 0.764 Performance = 1.42776 Constraint violation = 9.31004
[2026-09-11 20:19:23.328] [warning] SimTK Exception thrown at InteriorPointOptimizer.cpp:264:
  Optimizer failed: Ipopt: Maximum iterations exceeded (status -1)
[2026-09-11 20:19:23.328] [warning] OPTIMIZATION FAILED...
[2026-09-11 20:19:23.328] [warning] StaticOptimization.record: The optimizer could not find a solution at time = 0.78.
[2026-09-11 20:19:23.328] [warning] The model appears unsuitable for static optimization.
Try appending the model with additional force(s) or locking joint(s) to reduce the following acceleration constraint violation(s):
   pelvis_tilt: constraint violation = -0.569279
   pelvis_tilt: constraint violation = 0.0623564
   pelvis_tilt: constraint violation = -0.100877
   pelvis_tilt: constraint violation = -0.000111963
   pelvis_tilt: constraint violation = -0.0569337
   pelvis_tilt: constraint violation = -0.00223932
   pelvis_tilt: constraint violation = -0.727438
   pelvis_tilt: constraint violation = 0.0168607
   pelvis_tilt: constraint violation = -0.00283631
   pelvis_tilt: constraint violation = -0.111454
   pelvis_tilt: constraint violation = -0.0559753
   pelvis_tilt: constraint violation = 0.0131757
   pelvis_tilt: constraint violation = -0.613176
   pelvis_tilt: constraint violation = 0.04274
   pelvis_tilt: constraint violation = -0.0266794
   pelvis_tilt: constraint violation = -0.420642
   pelvis_tilt: constraint violation = 0.0349476
   pelvis_tilt: constraint violation = -11.4069
   pelvis_tilt: constraint violation = -0.550479
   pelvis_tilt: constraint violation = 0.136313
   pelvis_tilt: constraint violation = -0.0685946
   pelvis_tilt: constraint violation = -4.06652
   pelvis_tilt: constraint violation = -0.339038

[2026-09-11 20:19:23.328] [cout] [info] time = 0.78 Performance = 1.23914 Constraint violation = 12.1877
[2026-09-11 20:19:24.634] [warning] SimTK Exception thrown at InteriorPointOptimizer.cpp:264:
  Optimizer failed: Ipopt: Maximum iterations exceeded (status -1)
[2026-09-11 20:19:24.634] [warning] OPTIMIZATION FAILED...
[2026-09-11 20:19:24.634] [warning] StaticOptimization.record: The optimizer could not find a solution at time = 0.796.
[2026-09-11 20:19:24.635] [warning] The model appears unsuitable for static optimization.
Try appending the model with additional force(s) or locking joint(s) to reduce the following acceleration constraint violation(s):
   pelvis_tilt: constraint violation = -1.1939
   pelvis_tilt: constraint violation = 0.232071
   pelvis_tilt: constraint violation = 0.103194
   pelvis_tilt: constraint violation = -0.000986978
   pelvis_tilt: constraint violation = 0.0661813
   pelvis_tilt: constraint violation = -0.0219249
   pelvis_tilt: constraint violation = 0.0496976
   pelvis_tilt: constraint violation = 0.320318
   pelvis_tilt: constraint violation = -0.0509674
   pelvis_tilt: constraint violation = -0.669707
   pelvis_tilt: constraint violation = -0.139456
   pelvis_tilt: constraint violation = 0.0130717
   pelvis_tilt: constraint violation = 0.116497
   pelvis_tilt: constraint violation = -0.215458
   pelvis_tilt: constraint violation = 0.106616
   pelvis_tilt: constraint violation = -0.261797
   pelvis_tilt: constraint violation = -0.318156
   pelvis_tilt: constraint violation = 2.08843
   pelvis_tilt: constraint violation = -0.379837
   pelvis_tilt: constraint violation = 1.42326
   pelvis_tilt: constraint violation = -0.193207
   pelvis_tilt: constraint violation = 5.79662
   pelvis_tilt: constraint violation = 0.0958094

[2026-09-11 20:19:24.635] [cout] [info] time = 0.796 Performance = 1.23174 Constraint violation = 6.51848
[2026-09-11 20:19:26.292] [warning] SimTK Exception thrown at InteriorPointOptimizer.cpp:264:
  Optimizer failed: Ipopt: Maximum iterations exceeded (status -1)
[2026-09-11 20:19:26.292] [warning] OPTIMIZATION FAILED...
[2026-09-11 20:19:26.292] [warning] StaticOptimization.record: The optimizer could not find a solution at time = 0.812.
[2026-09-11 20:19:26.293] [warning] The model appears unsuitable for static optimization.
Try appending the model with additional force(s) or locking joint(s) to reduce the following acceleration constraint violation(s):
   pelvis_tilt: constraint violation = -1.69949
   pelvis_tilt: constraint violation = 0.296752
   pelvis_tilt: constraint violation = 0.295339
   pelvis_tilt: constraint violation = -0.00231348
   pelvis_tilt: constraint violation = 0.0465228
   pelvis_tilt: constraint violation = -0.0351503
   pelvis_tilt: constraint violation = -0.454288
   pelvis_tilt: constraint violation = 0.545142
   pelvis_tilt: constraint violation = -0.0674875
   pelvis_tilt: constraint violation = -1.26348
   pelvis_tilt: constraint violation = -0.164267
   pelvis_tilt: constraint violation = 0.0018933
   pelvis_tilt: constraint violation = 0.35427
   pelvis_tilt: constraint violation = -0.464212
   pelvis_tilt: constraint violation = 0.212869
   pelvis_tilt: constraint violation = -0.657077
   pelvis_tilt: constraint violation = -0.360097
   pelvis_tilt: constraint violation = -6.07664
   pelvis_tilt: constraint violation = -2.89989
   pelvis_tilt: constraint violation = 2.44465
   pelvis_tilt: constraint violation = 0.0347415
   pelvis_tilt: constraint violation = 5.75264
   pelvis_tilt: constraint violation = -0.635103

[2026-09-11 20:19:26.293] [cout] [info] time = 0.812 Performance = 1.0633 Constraint violation = 9.53703
[2026-09-11 20:19:27.786] [warning] SimTK Exception thrown at InteriorPointOptimizer.cpp:264:
  Optimizer failed: Ipopt: Maximum iterations exceeded (status -1)
[2026-09-11 20:19:27.786] [warning] OPTIMIZATION FAILED...
[2026-09-11 20:19:27.786] [warning] StaticOptimization.record: The optimizer could not find a solution at time = 0.828.
[2026-09-11 20:19:27.787] [warning] The model appears unsuitable for static optimization.
Try appending the model with additional force(s) or locking joint(s) to reduce the following acceleration constraint violation(s):
   pelvis_tilt: constraint violation = -1.79206
   pelvis_tilt: constraint violation = 0.244765
   pelvis_tilt: constraint violation = 0.238856
   pelvis_tilt: constraint violation = -0.0020036
   pelvis_tilt: constraint violation = 0.022514
   pelvis_tilt: constraint violation = -0.0339405
   pelvis_tilt: constraint violation = -0.720393
   pelvis_tilt: constraint violation = 0.543555
   pelvis_tilt: constraint violation = -0.0518454
   pelvis_tilt: constraint violation = -1.29438
   pelvis_tilt: constraint violation = -0.192972
   pelvis_tilt: constraint violation = 0.0107378
   pelvis_tilt: constraint violation = 0.230129
   pelvis_tilt: constraint violation = -0.520116
   pelvis_tilt: constraint violation = 0.178612
   pelvis_tilt: constraint violation = -0.807703
   pelvis_tilt: constraint violation = -0.266828
   pelvis_tilt: constraint violation = -9.7793
   pelvis_tilt: constraint violation = -6.92013
   pelvis_tilt: constraint violation = 2.30615
   pelvis_tilt: constraint violation = 0.0413242
   pelvis_tilt: constraint violation = 4.14509
   pelvis_tilt: constraint violation = -2.02685

[2026-09-11 20:19:27.787] [cout] [info] time = 0.828 Performance = 0.944098 Constraint violation = 13.3068
[2026-09-11 20:19:28.937] [warning] SimTK Exception thrown at InteriorPointOptimizer.cpp:264:
  Optimizer failed: Ipopt: Maximum iterations exceeded (status -1)
[2026-09-11 20:19:28.937] [warning] OPTIMIZATION FAILED...
[2026-09-11 20:19:28.937] [warning] StaticOptimization.record: The optimizer could not find a solution at time = 0.844.
[2026-09-11 20:19:28.938] [warning] The model appears unsuitable for static optimization.
Try appending the model with additional force(s) or locking joint(s) to reduce the following acceleration constraint violation(s):
   pelvis_tilt: constraint violation = -1.62707
   pelvis_tilt: constraint violation = 0.125526
   pelvis_tilt: constraint violation = -0.186392
   pelvis_tilt: constraint violation = -0.000930347
   pelvis_tilt: constraint violation = 0.0209591
   pelvis_tilt: constraint violation = -0.0245443
   pelvis_tilt: constraint violation = -0.844006
   pelvis_tilt: constraint violation = 0.319904
   pelvis_tilt: constraint violation = -0.02894
   pelvis_tilt: constraint violation = -0.683929
   pelvis_tilt: constraint violation = -0.293456
   pelvis_tilt: constraint violation = 0.0792524
   pelvis_tilt: constraint violation = -0.162926
   pelvis_tilt: constraint violation = -0.381995
   pelvis_tilt: constraint violation = -0.031512
   pelvis_tilt: constraint violation = -0.839505
   pelvis_tilt: constraint violation = -0.245007
   pelvis_tilt: constraint violation = -6.0654
   pelvis_tilt: constraint violation = -6.29161
   pelvis_tilt: constraint violation = 0.945434
   pelvis_tilt: constraint violation = -0.979024
   pelvis_tilt: constraint violation = 2.76281
   pelvis_tilt: constraint violation = -2.9626

[2026-09-11 20:19:28.938] [cout] [info] time = 0.844 Performance = 0.895815 Constraint violation = 9.98242
[2026-09-11 20:19:30.393] [warning] SimTK Exception thrown at InteriorPointOptimizer.cpp:264:
  Optimizer failed: Ipopt: Maximum iterations exceeded (status -1)
[2026-09-11 20:19:30.393] [warning] OPTIMIZATION FAILED...
[2026-09-11 20:19:30.393] [warning] StaticOptimization.record: The optimizer could not find a solution at time = 0.86.
[2026-09-11 20:19:30.394] [warning] The model appears unsuitable for static optimization.
Try appending the model with additional force(s) or locking joint(s) to reduce the following acceleration constraint violation(s):
   pelvis_tilt: constraint violation = -1.48345
   pelvis_tilt: constraint violation = -0.0855218
   pelvis_tilt: constraint violation = -0.607568
   pelvis_tilt: constraint violation = -0.000243671
   pelvis_tilt: constraint violation = 0.0597558
   pelvis_tilt: constraint violation = -0.00831411
   pelvis_tilt: constraint violation = -0.843515
   pelvis_tilt: constraint violation = -0.0966999
   pelvis_tilt: constraint violation = -0.009225
   pelvis_tilt: constraint violation = -0.0031697
   pelvis_tilt: constraint violation = -0.217602
   pelvis_tilt: constraint violation = 0.124262
   pelvis_tilt: constraint violation = -0.322785
   pelvis_tilt: constraint violation = -0.137959
   pelvis_tilt: constraint violation = -0.230003
   pelvis_tilt: constraint violation = -0.818042
   pelvis_tilt: constraint violation = -0.225295
   pelvis_tilt: constraint violation = 6.11924
   pelvis_tilt: constraint violation = 8.70504
   pelvis_tilt: constraint violation = -1.19497
   pelvis_tilt: constraint violation = -2.57289
   pelvis_tilt: constraint violation = 3.68589
   pelvis_tilt: constraint violation = 2.35297

[2026-09-11 20:19:30.394] [cout] [info] time = 0.86 Performance = 0.840507 Constraint violation = 12.0272
[2026-09-11 20:19:31.725] [warning] SimTK Exception thrown at InteriorPointOptimizer.cpp:264:
  Optimizer failed: Ipopt: Maximum iterations exceeded (status -1)
[2026-09-11 20:19:31.725] [warning] OPTIMIZATION FAILED...
[2026-09-11 20:19:31.725] [warning] StaticOptimization.record: The optimizer could not find a solution at time = 0.876.
[2026-09-11 20:19:31.725] [warning] The model appears unsuitable for static optimization.
Try appending the model with additional force(s) or locking joint(s) to reduce the following acceleration constraint violation(s):
   pelvis_tilt: constraint violation = -1.33492
   pelvis_tilt: constraint violation = -0.360061
   pelvis_tilt: constraint violation = -1.10062
   pelvis_tilt: constraint violation = 0.000108231
   pelvis_tilt: constraint violation = 0.0946642
   pelvis_tilt: constraint violation = 0.0142835
   pelvis_tilt: constraint violation = -0.955736
   pelvis_tilt: constraint violation = -0.43453
   pelvis_tilt: constraint violation = 0.00544158
   pelvis_tilt: constraint violation = 0.573567
   pelvis_tilt: constraint violation = -0.0583594
   pelvis_tilt: constraint violation = 0.174487
   pelvis_tilt: constraint violation = -0.323299
   pelvis_tilt: constraint violation = 0.213499
   pelvis_tilt: constraint violation = -0.500267
   pelvis_tilt: constraint violation = -0.906934
   pelvis_tilt: constraint violation = -0.170143
   pelvis_tilt: constraint violation = 14.4927
   pelvis_tilt: constraint violation = 22.9994
   pelvis_tilt: constraint violation = -2.8386
   pelvis_tilt: constraint violation = -3.29589
   pelvis_tilt: constraint violation = 4.15857
   pelvis_tilt: constraint violation = 8.5387

[2026-09-11 20:19:31.725] [cout] [info] time = 0.876 Performance = 0.788413 Constraint violation = 29.223
[2026-09-11 20:19:33.045] [warning] SimTK Exception thrown at InteriorPointOptimizer.cpp:264:
  Optimizer failed: Ipopt: Maximum iterations exceeded (status -1)
[2026-09-11 20:19:33.045] [warning] OPTIMIZATION FAILED...
[2026-09-11 20:19:33.045] [warning] StaticOptimization.record: The optimizer could not find a solution at time = 0.892.
[2026-09-11 20:19:33.046] [warning] The model appears unsuitable for static optimization.
Try appending the model with additional force(s) or locking joint(s) to reduce the following acceleration constraint violation(s):
   pelvis_tilt: constraint violation = -1.24262
   pelvis_tilt: constraint violation = -0.514265
   pelvis_tilt: constraint violation = -1.99515
   pelvis_tilt: constraint violation = 2.18398e-05
   pelvis_tilt: constraint violation = 0.0346739
   pelvis_tilt: constraint violation = 0.0265404
   pelvis_tilt: constraint violation = -0.791606
   pelvis_tilt: constraint violation = -0.639573
   pelvis_tilt: constraint violation = -0.000239628
   pelvis_tilt: constraint violation = 0.66994
   pelvis_tilt: constraint violation = 0.0453751
   pelvis_tilt: constraint violation = 0.1268
   pelvis_tilt: constraint violation = -0.30688
   pelvis_tilt: constraint violation = 0.601181
   pelvis_tilt: constraint violation = -0.467927
   pelvis_tilt: constraint violation = -0.435026
   pelvis_tilt: constraint violation = 0.0810379
   pelvis_tilt: constraint violation = 6.00956
   pelvis_tilt: constraint violation = 11.6738
   pelvis_tilt: constraint violation = -2.05444
   pelvis_tilt: constraint violation = -1.94229
   pelvis_tilt: constraint violation = 0.214183
   pelvis_tilt: constraint violation = 6.03522

[2026-09-11 20:19:33.046] [cout] [info] time = 0.892 Performance = 0.7648 Constraint violation = 15.0006
[2026-09-11 20:19:34.292] [warning] SimTK Exception thrown at InteriorPointOptimizer.cpp:264:
  Optimizer failed: Ipopt: Maximum iterations exceeded (status -1)
[2026-09-11 20:19:34.292] [warning] OPTIMIZATION FAILED...
[2026-09-11 20:19:34.292] [warning] StaticOptimization.record: The optimizer could not find a solution at time = 0.908000.
[2026-09-11 20:19:34.292] [warning] The model appears unsuitable for static optimization.
Try appending the model with additional force(s) or locking joint(s) to reduce the following acceleration constraint violation(s):
   pelvis_tilt: constraint violation = -0.685217
   pelvis_tilt: constraint violation = -0.326429
   pelvis_tilt: constraint violation = -1.47999
   pelvis_tilt: constraint violation = -0.000277089
   pelvis_tilt: constraint violation = -0.0795234
   pelvis_tilt: constraint violation = 0.0240632
   pelvis_tilt: constraint violation = -1.67578
   pelvis_tilt: constraint violation = -0.354624
   pelvis_tilt: constraint violation = -0.0200365
   pelvis_tilt: constraint violation = 0.69596
   pelvis_tilt: constraint violation = 0.0628905
   pelvis_tilt: constraint violation = 0.191314
   pelvis_tilt: constraint violation = -0.846288
   pelvis_tilt: constraint violation = 0.565729
   pelvis_tilt: constraint violation = -0.692602
   pelvis_tilt: constraint violation = -1.11542
   pelvis_tilt: constraint violation = 0.328817
   pelvis_tilt: constraint violation = -7.36791
   pelvis_tilt: constraint violation = 10.8112
   pelvis_tilt: constraint violation = -2.05107
   pelvis_tilt: constraint violation = -2.21049
   pelvis_tilt: constraint violation = -5.41299
   pelvis_tilt: constraint violation = -2.84383

[2026-09-11 20:19:34.292] [cout] [info] time = 0.908000 Performance = 0.755394 Constraint violation = 15.0582
[2026-09-11 20:19:35.431] [warning] SimTK Exception thrown at InteriorPointOptimizer.cpp:264:
  Optimizer failed: Ipopt: Maximum iterations exceeded (status -1)
[2026-09-11 20:19:35.431] [warning] OPTIMIZATION FAILED...
[2026-09-11 20:19:35.431] [warning] StaticOptimization.record: The optimizer could not find a solution at time = 0.924.
[2026-09-11 20:19:35.432] [warning] The model appears unsuitable for static optimization.
Try appending the model with additional force(s) or locking joint(s) to reduce the following acceleration constraint violation(s):
   pelvis_tilt: constraint violation = -0.289423
   pelvis_tilt: constraint violation = -0.269498
   pelvis_tilt: constraint violation = -1.59771
   pelvis_tilt: constraint violation = -0.000631844
   pelvis_tilt: constraint violation = -0.160277
   pelvis_tilt: constraint violation = 0.0179103
   pelvis_tilt: constraint violation = -2.3963
   pelvis_tilt: constraint violation = -0.23926
   pelvis_tilt: constraint violation = -0.0311352
   pelvis_tilt: constraint violation = 0.342591
   pelvis_tilt: constraint violation = 0.0762221
   pelvis_tilt: constraint violation = 0.12786
   pelvis_tilt: constraint violation = -1.33379
   pelvis_tilt: constraint violation = 0.622516
   pelvis_tilt: constraint violation = -0.499464
   pelvis_tilt: constraint violation = -0.804482
   pelvis_tilt: constraint violation = 0.278727
   pelvis_tilt: constraint violation = -10.3136
   pelvis_tilt: constraint violation = -0.0683985
   pelvis_tilt: constraint violation = -1.16502
   pelvis_tilt: constraint violation = -1.11368
   pelvis_tilt: constraint violation = -7.07674
   pelvis_tilt: constraint violation = -7.42655

[2026-09-11 20:19:35.432] [cout] [info] time = 0.924 Performance = 0.791955 Constraint violation = 15.0341
[2026-09-11 20:19:36.627] [warning] SimTK Exception thrown at InteriorPointOptimizer.cpp:264:
  Optimizer failed: Ipopt: Maximum iterations exceeded (status -1)
[2026-09-11 20:19:36.627] [warning] OPTIMIZATION FAILED...
[2026-09-11 20:19:36.627] [warning] StaticOptimization.record: The optimizer could not find a solution at time = 0.94.
[2026-09-11 20:19:36.627] [warning] The model appears unsuitable for static optimization.
Try appending the model with additional force(s) or locking joint(s) to reduce the following acceleration constraint violation(s):
   pelvis_tilt: constraint violation = -0.355393
   pelvis_tilt: constraint violation = -0.167745
   pelvis_tilt: constraint violation = -1.18304
   pelvis_tilt: constraint violation = -0.000278004
   pelvis_tilt: constraint violation = -0.189396
   pelvis_tilt: constraint violation = 0.0150241
   pelvis_tilt: constraint violation = -1.59387
   pelvis_tilt: constraint violation = -0.174334
   pelvis_tilt: constraint violation = -0.0355978
   pelvis_tilt: constraint violation = 0.195537
   pelvis_tilt: constraint violation = 0.097794
   pelvis_tilt: constraint violation = 0.124503
   pelvis_tilt: constraint violation = -1.23633
   pelvis_tilt: constraint violation = 0.473028
   pelvis_tilt: constraint violation = -0.583706
   pelvis_tilt: constraint violation = -1.0935
   pelvis_tilt: constraint violation = 0.339543
   pelvis_tilt: constraint violation = -19.1194
   pelvis_tilt: constraint violation = -7.52795
   pelvis_tilt: constraint violation = -0.898729
   pelvis_tilt: constraint violation = -0.580977
   pelvis_tilt: constraint violation = -9.19575
   pelvis_tilt: constraint violation = -10.5221

[2026-09-11 20:19:36.627] [cout] [info] time = 0.94 Performance = 0.864088 Constraint violation = 25.0254
[2026-09-11 20:19:37.731] [warning] SimTK Exception thrown at InteriorPointOptimizer.cpp:264:
  Optimizer failed: Ipopt: Maximum iterations exceeded (status -1)
[2026-09-11 20:19:37.731] [warning] OPTIMIZATION FAILED...
[2026-09-11 20:19:37.731] [warning] StaticOptimization.record: The optimizer could not find a solution at time = 0.956.
[2026-09-11 20:19:37.732] [warning] The model appears unsuitable for static optimization.
Try appending the model with additional force(s) or locking joint(s) to reduce the following acceleration constraint violation(s):
   pelvis_tilt: constraint violation = -0.305732
   pelvis_tilt: constraint violation = 0.138891
   pelvis_tilt: constraint violation = -0.332963
   pelvis_tilt: constraint violation = 0.000428671
   pelvis_tilt: constraint violation = -0.209012
   pelvis_tilt: constraint violation = -0.00208405
   pelvis_tilt: constraint violation = -0.877107
   pelvis_tilt: constraint violation = 0.029187
   pelvis_tilt: constraint violation = -0.0186853
   pelvis_tilt: constraint violation = -0.3115
   pelvis_tilt: constraint violation = -0.0128733
   pelvis_tilt: constraint violation = 0.0625043
   pelvis_tilt: constraint violation = -1.27035
   pelvis_tilt: constraint violation = 0.167638
   pelvis_tilt: constraint violation = -0.122108
   pelvis_tilt: constraint violation = -0.454908
   pelvis_tilt: constraint violation = 0.140583
   pelvis_tilt: constraint violation = -11.3031
   pelvis_tilt: constraint violation = -7.14368
   pelvis_tilt: constraint violation = 0.276381
   pelvis_tilt: constraint violation = -0.078259
   pelvis_tilt: constraint violation = -7.3521
   pelvis_tilt: constraint violation = -9.86102

[2026-09-11 20:19:37.732] [cout] [info] time = 0.956 Performance = 0.946505 Constraint violation = 18.2535
[2026-09-11 20:19:39.135] [warning] SimTK Exception thrown at InteriorPointOptimizer.cpp:264:
  Optimizer failed: Ipopt: Maximum iterations exceeded (status -1)
[2026-09-11 20:19:39.136] [warning] OPTIMIZATION FAILED...
[2026-09-11 20:19:39.136] [warning] StaticOptimization.record: The optimizer could not find a solution at time = 0.972.
[2026-09-11 20:19:39.136] [warning] The model appears unsuitable for static optimization.
Try appending the model with additional force(s) or locking joint(s) to reduce the following acceleration constraint violation(s):
   pelvis_tilt: constraint violation = -0.157389
   pelvis_tilt: constraint violation = 0.367697
   pelvis_tilt: constraint violation = 0.0662648
   pelvis_tilt: constraint violation = 0.000276831
   pelvis_tilt: constraint violation = -0.194386
   pelvis_tilt: constraint violation = -0.012771
   pelvis_tilt: constraint violation = -0.366508
   pelvis_tilt: constraint violation = 0.156498
   pelvis_tilt: constraint violation = -0.00487086
   pelvis_tilt: constraint violation = -0.902082
   pelvis_tilt: constraint violation = -0.1274
   pelvis_tilt: constraint violation = 0.0664493
   pelvis_tilt: constraint violation = -1.2841
   pelvis_tilt: constraint violation = 0.075325
   pelvis_tilt: constraint violation = 0.0945138
   pelvis_tilt: constraint violation = -0.289191
   pelvis_tilt: constraint violation = 0.123888
   pelvis_tilt: constraint violation = -22.4127
   pelvis_tilt: constraint violation = -18.129
   pelvis_tilt: constraint violation = 1.02347
   pelvis_tilt: constraint violation = -0.173595
   pelvis_tilt: constraint violation = -8.33903
   pelvis_tilt: constraint violation = -12.5042

[2026-09-11 20:19:39.136] [cout] [info] time = 0.972 Performance = 1.02293 Constraint violation = 32.5718
[2026-09-11 20:19:40.306] [warning] SimTK Exception thrown at InteriorPointOptimizer.cpp:264:
  Optimizer failed: Ipopt: Maximum iterations exceeded (status -1)
[2026-09-11 20:19:40.306] [warning] OPTIMIZATION FAILED...
[2026-09-11 20:19:40.306] [warning] StaticOptimization.record: The optimizer could not find a solution at time = 0.988.
[2026-09-11 20:19:40.306] [warning] The model appears unsuitable for static optimization.
Try appending the model with additional force(s) or locking joint(s) to reduce the following acceleration constraint violation(s):
   pelvis_tilt: constraint violation = -0.0261027
   pelvis_tilt: constraint violation = 0.651144
   pelvis_tilt: constraint violation = 0.31971
   pelvis_tilt: constraint violation = 9.0835e-06
   pelvis_tilt: constraint violation = -0.228473
   pelvis_tilt: constraint violation = -0.0240065
   pelvis_tilt: constraint violation = -0.0392026
   pelvis_tilt: constraint violation = 0.255225
   pelvis_tilt: constraint violation = 0.00610137
   pelvis_tilt: constraint violation = -1.7617
   pelvis_tilt: constraint violation = -0.261156
   pelvis_tilt: constraint violation = 0.0852875
   pelvis_tilt: constraint violation = -1.20168
   pelvis_tilt: constraint violation = -0.0260955
   pelvis_tilt: constraint violation = 0.225594
   pelvis_tilt: constraint violation = -0.0520351
   pelvis_tilt: constraint violation = 0.0557239
   pelvis_tilt: constraint violation = -7.42209
   pelvis_tilt: constraint violation = -4.63884
   pelvis_tilt: constraint violation = 1.29507
   pelvis_tilt: constraint violation = -0.590727
   pelvis_tilt: constraint violation = -7.30193
   pelvis_tilt: constraint violation = -10.148

[2026-09-11 20:19:40.306] [cout] [info] time = 0.988 Performance = 1.08222 Constraint violation = 15.5003
[2026-09-11 20:19:41.438] [warning] SimTK Exception thrown at InteriorPointOptimizer.cpp:264:
  Optimizer failed: Ipopt: Maximum iterations exceeded (status -1)
[2026-09-11 20:19:41.438] [warning] OPTIMIZATION FAILED...
[2026-09-11 20:19:41.438] [warning] StaticOptimization.record: The optimizer could not find a solution at time = 1.00400.
[2026-09-11 20:19:41.439] [warning] The model appears unsuitable for static optimization.
Try appending the model with additional force(s) or locking joint(s) to reduce the following acceleration constraint violation(s):
   pelvis_tilt: constraint violation = 0.143371
   pelvis_tilt: constraint violation = 0.808654
   pelvis_tilt: constraint violation = 0.507911
   pelvis_tilt: constraint violation = 0.000228586
   pelvis_tilt: constraint violation = -0.167535
   pelvis_tilt: constraint violation = -0.0290843
   pelvis_tilt: constraint violation = 0.367342
   pelvis_tilt: constraint violation = 0.34423
   pelvis_tilt: constraint violation = 0.0144137
   pelvis_tilt: constraint violation = -1.3966
   pelvis_tilt: constraint violation = -0.415427
   pelvis_tilt: constraint violation = 0.129994
   pelvis_tilt: constraint violation = -0.950327
   pelvis_tilt: constraint violation = -0.122259
   pelvis_tilt: constraint violation = 0.367397
   pelvis_tilt: constraint violation = 0.317817
   pelvis_tilt: constraint violation = 0.0140994
   pelvis_tilt: constraint violation = -22.5954
   pelvis_tilt: constraint violation = -12.6127
   pelvis_tilt: constraint violation = 2.09912
   pelvis_tilt: constraint violation = -1.1414
   pelvis_tilt: constraint violation = -7.11612
   pelvis_tilt: constraint violation = -10.092

[2026-09-11 20:19:41.439] [cout] [info] time = 1.00400 Performance = 1.08357 Constraint violation = 28.8503
[2026-09-11 20:19:42.576] [warning] SimTK Exception thrown at InteriorPointOptimizer.cpp:264:
  Optimizer failed: Ipopt: Maximum iterations exceeded (status -1)
[2026-09-11 20:19:42.576] [warning] OPTIMIZATION FAILED...
[2026-09-11 20:19:42.576] [warning] StaticOptimization.record: The optimizer could not find a solution at time = 1.02.
[2026-09-11 20:19:42.576] [warning] The model appears unsuitable for static optimization.
Try appending the model with additional force(s) or locking joint(s) to reduce the following acceleration constraint violation(s):
   pelvis_tilt: constraint violation = 0.148939
   pelvis_tilt: constraint violation = 0.729115
   pelvis_tilt: constraint violation = 0.0944117
   pelvis_tilt: constraint violation = 0.000353799
   pelvis_tilt: constraint violation = -0.106132
   pelvis_tilt: constraint violation = -0.0230592
   pelvis_tilt: constraint violation = 0.21545
   pelvis_tilt: constraint violation = 0.345604
   pelvis_tilt: constraint violation = -0.000957366
   pelvis_tilt: constraint violation = -0.714537
   pelvis_tilt: constraint violation = -0.358227
   pelvis_tilt: constraint violation = 0.115758
   pelvis_tilt: constraint violation = -0.6643
   pelvis_tilt: constraint violation = -0.0542475
   pelvis_tilt: constraint violation = 0.144632
   pelvis_tilt: constraint violation = 0.171509
   pelvis_tilt: constraint violation = 0.0263821
   pelvis_tilt: constraint violation = -16.75
   pelvis_tilt: constraint violation = -4.71491
   pelvis_tilt: constraint violation = 1.78554
   pelvis_tilt: constraint violation = -1.07687
   pelvis_tilt: constraint violation = -4.587
   pelvis_tilt: constraint violation = -5.62272

[2026-09-11 20:19:42.576] [cout] [info] time = 1.02 Performance = 1.09684 Constraint violation = 19.018
[2026-09-11 20:19:44.262] [warning] SimTK Exception thrown at InteriorPointOptimizer.cpp:264:
  Optimizer failed: Ipopt: Maximum iterations exceeded (status -1)
[2026-09-11 20:19:44.262] [warning] OPTIMIZATION FAILED...
[2026-09-11 20:19:44.262] [warning] StaticOptimization.record: The optimizer could not find a solution at time = 1.036.
[2026-09-11 20:19:44.262] [warning] The model appears unsuitable for static optimization.
Try appending the model with additional force(s) or locking joint(s) to reduce the following acceleration constraint violation(s):
   pelvis_tilt: constraint violation = 0.0156804
   pelvis_tilt: constraint violation = 0.638316
   pelvis_tilt: constraint violation = -0.466884
   pelvis_tilt: constraint violation = 0.000375074
   pelvis_tilt: constraint violation = -0.074706
   pelvis_tilt: constraint violation = -0.0177389
   pelvis_tilt: constraint violation = -0.177013
   pelvis_tilt: constraint violation = 0.546649
   pelvis_tilt: constraint violation = -0.0298048
   pelvis_tilt: constraint violation = 0.0325152
   pelvis_tilt: constraint violation = -0.094601
   pelvis_tilt: constraint violation = 0.0462314
   pelvis_tilt: constraint violation = -0.514572
   pelvis_tilt: constraint violation = 0.0106487
   pelvis_tilt: constraint violation = -0.0278917
   pelvis_tilt: constraint violation = -0.230093
   pelvis_tilt: constraint violation = 0.040518
   pelvis_tilt: constraint violation = -6.9349
   pelvis_tilt: constraint violation = -0.593174
   pelvis_tilt: constraint violation = 0.472594
   pelvis_tilt: constraint violation = -0.396476
   pelvis_tilt: constraint violation = -2.23994
   pelvis_tilt: constraint violation = -2.28038

[2026-09-11 20:19:44.262] [cout] [info] time = 1.036 Performance = 1.13263 Constraint violation = 7.76773
[2026-09-11 20:19:45.556] [warning] SimTK Exception thrown at InteriorPointOptimizer.cpp:264:
  Optimizer failed: Ipopt: Maximum iterations exceeded (status -1)
[2026-09-11 20:19:45.556] [warning] OPTIMIZATION FAILED...
[2026-09-11 20:19:45.556] [warning] StaticOptimization.record: The optimizer could not find a solution at time = 1.052.
[2026-09-11 20:19:45.556] [warning] The model appears unsuitable for static optimization.
Try appending the model with additional force(s) or locking joint(s) to reduce the following acceleration constraint violation(s):
   pelvis_tilt: constraint violation = -0.11624
   pelvis_tilt: constraint violation = 0.521989
   pelvis_tilt: constraint violation = -1.17478
   pelvis_tilt: constraint violation = 0.000587235
   pelvis_tilt: constraint violation = -0.0176091
   pelvis_tilt: constraint violation = -0.0120036
   pelvis_tilt: constraint violation = -0.14684
   pelvis_tilt: constraint violation = 0.339089
   pelvis_tilt: constraint violation = -0.0525826
   pelvis_tilt: constraint violation = 0.147971
   pelvis_tilt: constraint violation = -0.0681386
   pelvis_tilt: constraint violation = 0.074421
   pelvis_tilt: constraint violation = -0.578395
   pelvis_tilt: constraint violation = 0.0947696
   pelvis_tilt: constraint violation = -0.0980863
   pelvis_tilt: constraint violation = -0.318414
   pelvis_tilt: constraint violation = 0.0819302
   pelvis_tilt: constraint violation = -5.21286
   pelvis_tilt: constraint violation = 1.03567
   pelvis_tilt: constraint violation = 0.949728
   pelvis_tilt: constraint violation = -0.208838
   pelvis_tilt: constraint violation = -0.356987
   pelvis_tilt: constraint violation = -0.713478

[2026-09-11 20:19:45.556] [cout] [info] time = 1.052 Performance = 1.15941 Constraint violation = 5.66814
[2026-09-11 20:19:46.959] [warning] SimTK Exception thrown at InteriorPointOptimizer.cpp:264:
  Optimizer failed: Ipopt: Maximum iterations exceeded (status -1)
[2026-09-11 20:19:46.960] [warning] OPTIMIZATION FAILED...
[2026-09-11 20:19:46.960] [warning] StaticOptimization.record: The optimizer could not find a solution at time = 1.068.
[2026-09-11 20:19:46.960] [warning] The model appears unsuitable for static optimization.
Try appending the model with additional force(s) or locking joint(s) to reduce the following acceleration constraint violation(s):
   pelvis_tilt: constraint violation = -0.49195
   pelvis_tilt: constraint violation = 0.203386
   pelvis_tilt: constraint violation = -1.22186
   pelvis_tilt: constraint violation = 0.000629738
   pelvis_tilt: constraint violation = 0.0293579
   pelvis_tilt: constraint violation = -0.00972724
   pelvis_tilt: constraint violation = -0.682786
   pelvis_tilt: constraint violation = 0.463571
   pelvis_tilt: constraint violation = -0.0818098
   pelvis_tilt: constraint violation = 0.979282
   pelvis_tilt: constraint violation = 0.129896
   pelvis_tilt: constraint violation = 0.00189662
   pelvis_tilt: constraint violation = -0.43026
   pelvis_tilt: constraint violation = 0.323484
   pelvis_tilt: constraint violation = -0.460645
   pelvis_tilt: constraint violation = -0.893531
   pelvis_tilt: constraint violation = 0.119258
   pelvis_tilt: constraint violation = -1.25815
   pelvis_tilt: constraint violation = 2.00414
   pelvis_tilt: constraint violation = 0.659853
   pelvis_tilt: constraint violation = 0.526599
   pelvis_tilt: constraint violation = 2.74399
   pelvis_tilt: constraint violation = 1.59348

[2026-09-11 20:19:46.960] [cout] [info] time = 1.068 Performance = 1.18225 Constraint violation = 4.59744
[2026-09-11 20:19:48.157] [warning] SimTK Exception thrown at InteriorPointOptimizer.cpp:264:
  Optimizer failed: Ipopt: Maximum iterations exceeded (status -1)
[2026-09-11 20:19:48.157] [warning] OPTIMIZATION FAILED...
[2026-09-11 20:19:48.157] [warning] StaticOptimization.record: The optimizer could not find a solution at time = 1.084.
[2026-09-11 20:19:48.158] [warning] The model appears unsuitable for static optimization.
Try appending the model with additional force(s) or locking joint(s) to reduce the following acceleration constraint violation(s):
   pelvis_tilt: constraint violation = -0.859824
   pelvis_tilt: constraint violation = -0.0746804
   pelvis_tilt: constraint violation = -1.43082
   pelvis_tilt: constraint violation = 0.000150055
   pelvis_tilt: constraint violation = 0.0566029
   pelvis_tilt: constraint violation = 0.00563595
   pelvis_tilt: constraint violation = -1.11236
   pelvis_tilt: constraint violation = 0.390354
   pelvis_tilt: constraint violation = -0.100558
   pelvis_tilt: constraint violation = 1.07192
   pelvis_tilt: constraint violation = 0.350024
   pelvis_tilt: constraint violation = -0.0791936
   pelvis_tilt: constraint violation = -0.26979
   pelvis_tilt: constraint violation = 0.494042
   pelvis_tilt: constraint violation = -0.592065
   pelvis_tilt: constraint violation = -1.37415
   pelvis_tilt: constraint violation = 0.101777
   pelvis_tilt: constraint violation = 2.54111
   pelvis_tilt: constraint violation = 0.673028
   pelvis_tilt: constraint violation = 0.152285
   pelvis_tilt: constraint violation = 1.29218
   pelvis_tilt: constraint violation = 4.48521
   pelvis_tilt: constraint violation = 2.86512

[2026-09-11 20:19:48.158] [cout] [info] time = 1.084 Performance = 1.22262 Constraint violation = 6.70583
[2026-09-11 20:19:49.492] [warning] SimTK Exception thrown at InteriorPointOptimizer.cpp:264:
  Optimizer failed: Ipopt: Maximum iterations exceeded (status -1)
[2026-09-11 20:19:49.493] [warning] OPTIMIZATION FAILED...
[2026-09-11 20:19:49.493] [warning] StaticOptimization.record: The optimizer could not find a solution at time = 1.1.
[2026-09-11 20:19:49.493] [warning] The model appears unsuitable for static optimization.
Try appending the model with additional force(s) or locking joint(s) to reduce the following acceleration constraint violation(s):
   pelvis_tilt: constraint violation = -1.01782
   pelvis_tilt: constraint violation = -0.290695
   pelvis_tilt: constraint violation = -1.31488
   pelvis_tilt: constraint violation = -0.000604088
   pelvis_tilt: constraint violation = 0.0405352
   pelvis_tilt: constraint violation = 0.0187439
   pelvis_tilt: constraint violation = -1.3349
   pelvis_tilt: constraint violation = 0.238016
   pelvis_tilt: constraint violation = -0.104363
   pelvis_tilt: constraint violation = 0.717784
   pelvis_tilt: constraint violation = 0.49704
   pelvis_tilt: constraint violation = -0.106579
   pelvis_tilt: constraint violation = -0.157178
   pelvis_tilt: constraint violation = 0.589684
   pelvis_tilt: constraint violation = -0.580586
   pelvis_tilt: constraint violation = -1.64843
   pelvis_tilt: constraint violation = 0.00397353
   pelvis_tilt: constraint violation = 0.949212
   pelvis_tilt: constraint violation = -2.98833
   pelvis_tilt: constraint violation = -0.190791
   pelvis_tilt: constraint violation = 1.95357
   pelvis_tilt: constraint violation = 3.45595
   pelvis_tilt: constraint violation = 2.71494

[2026-09-11 20:19:49.493] [cout] [info] time = 1.1 Performance = 1.28496 Constraint violation = 6.473
[2026-09-11 20:19:51.481] [warning] SimTK Exception thrown at InteriorPointOptimizer.cpp:264:
  Optimizer failed: Ipopt: Maximum iterations exceeded (status -1)
[2026-09-11 20:19:51.481] [warning] OPTIMIZATION FAILED...
[2026-09-11 20:19:51.481] [warning] StaticOptimization.record: The optimizer could not find a solution at time = 1.116.
[2026-09-11 20:19:51.481] [warning] The model appears unsuitable for static optimization.
Try appending the model with additional force(s) or locking joint(s) to reduce the following acceleration constraint violation(s):
   pelvis_tilt: constraint violation = -1.05695
   pelvis_tilt: constraint violation = -0.513938
   pelvis_tilt: constraint violation = -1.09633
   pelvis_tilt: constraint violation = -0.00157964
   pelvis_tilt: constraint violation = 0.0209848
   pelvis_tilt: constraint violation = 0.0315189
   pelvis_tilt: constraint violation = -1.51707
   pelvis_tilt: constraint violation = 0.0142605
   pelvis_tilt: constraint violation = -0.0993773
   pelvis_tilt: constraint violation = 0.290957
   pelvis_tilt: constraint violation = 0.657054
   pelvis_tilt: constraint violation = -0.104172
   pelvis_tilt: constraint violation = 0.064806
   pelvis_tilt: constraint violation = 0.636301
   pelvis_tilt: constraint violation = -0.524728
   pelvis_tilt: constraint violation = -1.83223
   pelvis_tilt: constraint violation = -0.226947
   pelvis_tilt: constraint violation = -0.687175
   pelvis_tilt: constraint violation = -7.36283
   pelvis_tilt: constraint violation = -0.621294
   pelvis_tilt: constraint violation = 2.6324
   pelvis_tilt: constraint violation = 2.00243
   pelvis_tilt: constraint violation = 2.7546

[2026-09-11 20:19:51.481] [cout] [info] time = 1.116 Performance = 1.37942 Constraint violation = 9.11663
[2026-09-11 20:19:53.423] [warning] SimTK Exception thrown at InteriorPointOptimizer.cpp:264:
  Optimizer failed: Ipopt: Maximum iterations exceeded (status -1)
[2026-09-11 20:19:53.423] [warning] OPTIMIZATION FAILED...
[2026-09-11 20:19:53.423] [warning] StaticOptimization.record: The optimizer could not find a solution at time = 1.132.
[2026-09-11 20:19:53.423] [warning] The model appears unsuitable for static optimization.
Try appending the model with additional force(s) or locking joint(s) to reduce the following acceleration constraint violation(s):
   pelvis_tilt: constraint violation = -1.10885
   pelvis_tilt: constraint violation = -0.564606
   pelvis_tilt: constraint violation = -1.15195
   pelvis_tilt: constraint violation = -0.00207329
   pelvis_tilt: constraint violation = 0.0372529
   pelvis_tilt: constraint violation = 0.0303339
   pelvis_tilt: constraint violation = -1.86244
   pelvis_tilt: constraint violation = 0.0553942
   pelvis_tilt: constraint violation = -0.11086
   pelvis_tilt: constraint violation = 0.34133
   pelvis_tilt: constraint violation = 0.849926
   pelvis_tilt: constraint violation = -0.0618795
   pelvis_tilt: constraint violation = 0.333747
   pelvis_tilt: constraint violation = 0.635348
   pelvis_tilt: constraint violation = -0.489381
   pelvis_tilt: constraint violation = -1.90267
   pelvis_tilt: constraint violation = -0.365113
   pelvis_tilt: constraint violation = 0.415004
   pelvis_tilt: constraint violation = -8.02514
   pelvis_tilt: constraint violation = -0.58342
   pelvis_tilt: constraint violation = 3.26527
   pelvis_tilt: constraint violation = 3.24221
   pelvis_tilt: constraint violation = 4.54356

[2026-09-11 20:19:53.423] [cout] [info] time = 1.132 Performance = 1.56923 Constraint violation = 10.8833
[2026-09-11 20:19:55.147] [warning] SimTK Exception thrown at InteriorPointOptimizer.cpp:264:
  Optimizer failed: Ipopt: Maximum iterations exceeded (status -1)
[2026-09-11 20:19:55.147] [warning] OPTIMIZATION FAILED...
[2026-09-11 20:19:55.147] [warning] StaticOptimization.record: The optimizer could not find a solution at time = 1.148.
[2026-09-11 20:19:55.147] [warning] The model appears unsuitable for static optimization.
Try appending the model with additional force(s) or locking joint(s) to reduce the following acceleration constraint violation(s):
   pelvis_tilt: constraint violation = -1.34195
   pelvis_tilt: constraint violation = -0.417792
   pelvis_tilt: constraint violation = -1.06932
   pelvis_tilt: constraint violation = -0.00299448
   pelvis_tilt: constraint violation = 0.0602728
   pelvis_tilt: constraint violation = 0.0190366
   pelvis_tilt: constraint violation = -2.05114
   pelvis_tilt: constraint violation = 0.230941
   pelvis_tilt: constraint violation = -0.111556
   pelvis_tilt: constraint violation = 0.17696
   pelvis_tilt: constraint violation = 0.739391
   pelvis_tilt: constraint violation = -0.00206705
   pelvis_tilt: constraint violation = 0.738539
   pelvis_tilt: constraint violation = 0.509506
   pelvis_tilt: constraint violation = -0.473067
   pelvis_tilt: constraint violation = -2.47281
   pelvis_tilt: constraint violation = -0.632744
   pelvis_tilt: constraint violation = 0.310681
   pelvis_tilt: constraint violation = -7.51478
   pelvis_tilt: constraint violation = -0.118116
   pelvis_tilt: constraint violation = 4.02269
   pelvis_tilt: constraint violation = 5.27474
   pelvis_tilt: constraint violation = 6.88694

[2026-09-11 20:19:55.147] [cout] [info] time = 1.148 Performance = 1.81761 Constraint violation = 12.7881
[2026-09-11 20:19:56.462] [warning] SimTK Exception thrown at InteriorPointOptimizer.cpp:264:
  Optimizer failed: Ipopt: Maximum iterations exceeded (status -1)
[2026-09-11 20:19:56.462] [warning] OPTIMIZATION FAILED...
[2026-09-11 20:19:56.462] [warning] StaticOptimization.record: The optimizer could not find a solution at time = 1.164.
[2026-09-11 20:19:56.463] [warning] The model appears unsuitable for static optimization.
Try appending the model with additional force(s) or locking joint(s) to reduce the following acceleration constraint violation(s):
   pelvis_tilt: constraint violation = -1.58716
   pelvis_tilt: constraint violation = -0.0914466
   pelvis_tilt: constraint violation = -0.642128
   pelvis_tilt: constraint violation = -0.00396812
   pelvis_tilt: constraint violation = 0.0823759
   pelvis_tilt: constraint violation = -0.0011848
   pelvis_tilt: constraint violation = -2.35883
   pelvis_tilt: constraint violation = 0.304421
   pelvis_tilt: constraint violation = -0.0756012
   pelvis_tilt: constraint violation = -0.310811
   pelvis_tilt: constraint violation = 0.354175
   pelvis_tilt: constraint violation = 0.0367356
   pelvis_tilt: constraint violation = 1.12224
   pelvis_tilt: constraint violation = 0.152459
   pelvis_tilt: constraint violation = -0.242759
   pelvis_tilt: constraint violation = -2.11549
   pelvis_tilt: constraint violation = -0.886388
   pelvis_tilt: constraint violation = 0.755965
   pelvis_tilt: constraint violation = 0.588241
   pelvis_tilt: constraint violation = 0.38017
   pelvis_tilt: constraint violation = 2.38216
   pelvis_tilt: constraint violation = 7.01481
   pelvis_tilt: constraint violation = 8.42713

[2026-09-11 20:19:56.463] [cout] [info] time = 1.164 Performance = 2.11997 Constraint violation = 11.933
[2026-09-11 20:19:57.864] [warning] SimTK Exception thrown at InteriorPointOptimizer.cpp:264:
  Optimizer failed: Ipopt: Maximum iterations exceeded (status -1)
[2026-09-11 20:19:57.864] [warning] OPTIMIZATION FAILED...
[2026-09-11 20:19:57.864] [warning] StaticOptimization.record: The optimizer could not find a solution at time = 1.18.
[2026-09-11 20:19:57.864] [warning] The model appears unsuitable for static optimization.
Try appending the model with additional force(s) or locking joint(s) to reduce the following acceleration constraint violation(s):
   pelvis_tilt: constraint violation = -1.91914
   pelvis_tilt: constraint violation = 0.459066
   pelvis_tilt: constraint violation = -0.279534
   pelvis_tilt: constraint violation = -0.00485332
   pelvis_tilt: constraint violation = 0.110403
   pelvis_tilt: constraint violation = -0.0293264
   pelvis_tilt: constraint violation = -1.91002
   pelvis_tilt: constraint violation = 0.540337
   pelvis_tilt: constraint violation = -0.02686
   pelvis_tilt: constraint violation = -0.952545
   pelvis_tilt: constraint violation = -0.279896
   pelvis_tilt: constraint violation = 0.0157324
   pelvis_tilt: constraint violation = 1.53892
   pelvis_tilt: constraint violation = -0.318325
   pelvis_tilt: constraint violation = -0.0678299
   pelvis_tilt: constraint violation = -2.1732
   pelvis_tilt: constraint violation = -1.13851
   pelvis_tilt: constraint violation = 1.71965
   pelvis_tilt: constraint violation = 16.219
   pelvis_tilt: constraint violation = 0.997922
   pelvis_tilt: constraint violation = -1.47808
   pelvis_tilt: constraint violation = 8.84918
   pelvis_tilt: constraint violation = 7.83636

[2026-09-11 20:19:57.864] [cout] [info] time = 1.18 Performance = 2.44428 Constraint violation = 20.6474
[2026-09-11 20:19:59.086] [warning] SimTK Exception thrown at InteriorPointOptimizer.cpp:264:
  Optimizer failed: Ipopt: Maximum iterations exceeded (status -1)
[2026-09-11 20:19:59.086] [warning] OPTIMIZATION FAILED...
[2026-09-11 20:19:59.086] [warning] StaticOptimization.record: The optimizer could not find a solution at time = 1.196.
[2026-09-11 20:19:59.086] [warning] The model appears unsuitable for static optimization.
Try appending the model with additional force(s) or locking joint(s) to reduce the following acceleration constraint violation(s):
   pelvis_tilt: constraint violation = -2.10151
   pelvis_tilt: constraint violation = 1.02249
   pelvis_tilt: constraint violation = 0.02928
   pelvis_tilt: constraint violation = -0.00477764
   pelvis_tilt: constraint violation = 0.152496
   pelvis_tilt: constraint violation = -0.0626058
   pelvis_tilt: constraint violation = -1.68808
   pelvis_tilt: constraint violation = 0.753275
   pelvis_tilt: constraint violation = 0.00957207
   pelvis_tilt: constraint violation = -1.11883
   pelvis_tilt: constraint violation = -0.925301
   pelvis_tilt: constraint violation = -0.0411273
   pelvis_tilt: constraint violation = 1.78347
   pelvis_tilt: constraint violation = -0.744989
   pelvis_tilt: constraint violation = 0.0866617
   pelvis_tilt: constraint violation = -1.77093
   pelvis_tilt: constraint violation = -0.705093
   pelvis_tilt: constraint violation = 4.63454
   pelvis_tilt: constraint violation = 30.581
   pelvis_tilt: constraint violation = 1.49864
   pelvis_tilt: constraint violation = -4.88215
   pelvis_tilt: constraint violation = 10.9962
   pelvis_tilt: constraint violation = 6.76387

[2026-09-11 20:19:59.086] [cout] [info] time = 1.196 Performance = 2.7628 Constraint violation = 34.1733
[2026-09-11 20:20:00.125] [warning] SimTK Exception thrown at InteriorPointOptimizer.cpp:264:
  Optimizer failed: Ipopt: Maximum iterations exceeded (status -1)
[2026-09-11 20:20:00.125] [warning] OPTIMIZATION FAILED...
[2026-09-11 20:20:00.125] [warning] StaticOptimization.record: The optimizer could not find a solution at time = 1.212.
[2026-09-11 20:20:00.125] [warning] The model appears too weak for static optimization.
Try increasing the strength and/or range of the following force(s):
   med_gas_r approaching upper bound of 1

[2026-09-11 20:20:00.125] [cout] [info] time = 1.212 Performance = 2.95488 Constraint violation = 15.3274
[2026-09-11 20:20:01.293] [warning] SimTK Exception thrown at InteriorPointOptimizer.cpp:264:
  Optimizer failed: Ipopt: Maximum iterations exceeded (status -1)
[2026-09-11 20:20:01.293] [warning] OPTIMIZATION FAILED...
[2026-09-11 20:20:01.293] [warning] StaticOptimization.record: The optimizer could not find a solution at time = 1.228.
[2026-09-11 20:20:01.293] [warning] The model appears too weak for static optimization.
Try increasing the strength and/or range of the following force(s):
   med_gas_r approaching upper bound of 1

[2026-09-11 20:20:01.293] [cout] [info] time = 1.228 Performance = 3.09145 Constraint violation = 52.144
[2026-09-11 20:20:02.421] [warning] SimTK Exception thrown at InteriorPointOptimizer.cpp:264:
  Optimizer failed: Ipopt: Maximum iterations exceeded (status -1)
[2026-09-11 20:20:02.421] [warning] OPTIMIZATION FAILED...
[2026-09-11 20:20:02.421] [warning] StaticOptimization.record: The optimizer could not find a solution at time = 1.244.
[2026-09-11 20:20:02.421] [warning] The model appears too weak for static optimization.
Try increasing the strength and/or range of the following force(s):
   med_gas_r approaching upper bound of 1

[2026-09-11 20:20:02.421] [cout] [info] time = 1.244 Performance = 3.08475 Constraint violation = 45.9707
[2026-09-11 20:20:03.659] [warning] SimTK Exception thrown at InteriorPointOptimizer.cpp:264:
  Optimizer failed: Ipopt: Maximum iterations exceeded (status -1)
[2026-09-11 20:20:03.659] [warning] OPTIMIZATION FAILED...
[2026-09-11 20:20:03.659] [warning] StaticOptimization.record: The optimizer could not find a solution at time = 1.26.
[2026-09-11 20:20:03.660] [warning] The model appears unsuitable for static optimization.
Try appending the model with additional force(s) or locking joint(s) to reduce the following acceleration constraint violation(s):
   pelvis_tilt: constraint violation = -1.19578
   pelvis_tilt: constraint violation = 0.891119
   pelvis_tilt: constraint violation = 0.319245
   pelvis_tilt: constraint violation = -0.00304682
   pelvis_tilt: constraint violation = 0.0722784
   pelvis_tilt: constraint violation = -0.0494157
   pelvis_tilt: constraint violation = -0.995369
   pelvis_tilt: constraint violation = 0.39071
   pelvis_tilt: constraint violation = 0.0136812
   pelvis_tilt: constraint violation = -1.27138
   pelvis_tilt: constraint violation = -0.781157
   pelvis_tilt: constraint violation = -0.0135156
   pelvis_tilt: constraint violation = 1.26232
   pelvis_tilt: constraint violation = -0.219338
   pelvis_tilt: constraint violation = 0.188837
   pelvis_tilt: constraint violation = -0.658401
   pelvis_tilt: constraint violation = -0.561231
   pelvis_tilt: constraint violation = 0.117577
   pelvis_tilt: constraint violation = 8.32551
   pelvis_tilt: constraint violation = 0.738062
   pelvis_tilt: constraint violation = -2.42904
   pelvis_tilt: constraint violation = 4.06795
   pelvis_tilt: constraint violation = 1.26464

[2026-09-11 20:20:03.660] [cout] [info] time = 1.26 Performance = 3.09905 Constraint violation = 10.1020
[2026-09-11 20:20:05.138] [warning] SimTK Exception thrown at InteriorPointOptimizer.cpp:264:
  Optimizer failed: Ipopt: Maximum iterations exceeded (status -1)
[2026-09-11 20:20:05.138] [warning] OPTIMIZATION FAILED...
[2026-09-11 20:20:05.138] [warning] StaticOptimization.record: The optimizer could not find a solution at time = 1.276.
[2026-09-11 20:20:05.138] [warning] The model appears unsuitable for static optimization.
Try appending the model with additional force(s) or locking joint(s) to reduce the following acceleration constraint violation(s):
   pelvis_tilt: constraint violation = -0.0866098
   pelvis_tilt: constraint violation = -0.288039
   pelvis_tilt: constraint violation = -0.728113
   pelvis_tilt: constraint violation = -0.00536405
   pelvis_tilt: constraint violation = -0.393603
   pelvis_tilt: constraint violation = 0.0430049
   pelvis_tilt: constraint violation = -1.10725
   pelvis_tilt: constraint violation = 0.0633513
   pelvis_tilt: constraint violation = -0.0790756
   pelvis_tilt: constraint violation = -4.29316
   pelvis_tilt: constraint violation = 0.730515
   pelvis_tilt: constraint violation = 0.0111434
   pelvis_tilt: constraint violation = -0.708258
   pelvis_tilt: constraint violation = 0.752142
   pelvis_tilt: constraint violation = -0.288528
   pelvis_tilt: constraint violation = -0.393061
   pelvis_tilt: constraint violation = -2.1644
   pelvis_tilt: constraint violation = -25.9161
   pelvis_tilt: constraint violation = -27.163
   pelvis_tilt: constraint violation = 0.776807
   pelvis_tilt: constraint violation = 2.4703
   pelvis_tilt: constraint violation = -10.2991
   pelvis_tilt: constraint violation = -5.81132

[2026-09-11 20:20:05.138] [cout] [info] time = 1.276 Performance = 3.07834 Constraint violation = 39.7868
[2026-09-11 20:20:06.731] [warning] SimTK Exception thrown at InteriorPointOptimizer.cpp:264:
  Optimizer failed: Ipopt: Maximum iterations exceeded (status -1)
[2026-09-11 20:20:06.731] [warning] OPTIMIZATION FAILED...
[2026-09-11 20:20:06.731] [warning] StaticOptimization.record: The optimizer could not find a solution at time = 1.292.
[2026-09-11 20:20:06.732] [warning] The model appears unsuitable for static optimization.
Try appending the model with additional force(s) or locking joint(s) to reduce the following acceleration constraint violation(s):
   pelvis_tilt: constraint violation = 1.87112
   pelvis_tilt: constraint violation = -0.775733
   pelvis_tilt: constraint violation = -1.26599
   pelvis_tilt: constraint violation = -0.00186149
   pelvis_tilt: constraint violation = -0.602575
   pelvis_tilt: constraint violation = 0.0944072
   pelvis_tilt: constraint violation = 0.285349
   pelvis_tilt: constraint violation = -0.0523997
   pelvis_tilt: constraint violation = -0.105702
   pelvis_tilt: constraint violation = -3.66048
   pelvis_tilt: constraint violation = 1.44416
   pelvis_tilt: constraint violation = -0.0586588
   pelvis_tilt: constraint violation = -2.73764
   pelvis_tilt: constraint violation = 1.24779
   pelvis_tilt: constraint violation = -0.512057
   pelvis_tilt: constraint violation = 0.381246
   pelvis_tilt: constraint violation = -1.65662
   pelvis_tilt: constraint violation = -23.8721
   pelvis_tilt: constraint violation = -40.9453
   pelvis_tilt: constraint violation = 0.837545
   pelvis_tilt: constraint violation = 4.55165
   pelvis_tilt: constraint violation = -11.7722
   pelvis_tilt: constraint violation = -10.2338

[2026-09-11 20:20:06.732] [cout] [info] time = 1.292 Performance = 2.94239 Constraint violation = 50.4479
[2026-09-11 20:20:08.182] [warning] SimTK Exception thrown at InteriorPointOptimizer.cpp:264:
  Optimizer failed: Ipopt: Maximum iterations exceeded (status -1)
[2026-09-11 20:20:08.182] [warning] OPTIMIZATION FAILED...
[2026-09-11 20:20:08.183] [warning] StaticOptimization.record: The optimizer could not find a solution at time = 1.30800.
[2026-09-11 20:20:08.183] [warning] The model appears unsuitable for static optimization.
Try appending the model with additional force(s) or locking joint(s) to reduce the following acceleration constraint violation(s):
   pelvis_tilt: constraint violation = 2.4749
   pelvis_tilt: constraint violation = -0.796766
   pelvis_tilt: constraint violation = -1.26248
   pelvis_tilt: constraint violation = 0.0013582
   pelvis_tilt: constraint violation = -0.529813
   pelvis_tilt: constraint violation = 0.113011
   pelvis_tilt: constraint violation = 0.865819
   pelvis_tilt: constraint violation = -0.126366
   pelvis_tilt: constraint violation = -0.090522
   pelvis_tilt: constraint violation = -1.83374
   pelvis_tilt: constraint violation = 1.59774
   pelvis_tilt: constraint violation = -0.131535
   pelvis_tilt: constraint violation = -3.04435
   pelvis_tilt: constraint violation = 1.47408
   pelvis_tilt: constraint violation = -0.535341
   pelvis_tilt: constraint violation = 0.819443
   pelvis_tilt: constraint violation = -0.757944
   pelvis_tilt: constraint violation = -12.6641
   pelvis_tilt: constraint violation = -39.4657
   pelvis_tilt: constraint violation = 0.635709
   pelvis_tilt: constraint violation = 4.75424
   pelvis_tilt: constraint violation = -6.96139
   pelvis_tilt: constraint violation = -10.0259

[2026-09-11 20:20:08.183] [cout] [info] time = 1.30800 Performance = 2.69579 Constraint violation = 43.7977
[2026-09-11 20:20:09.584] [warning] SimTK Exception thrown at InteriorPointOptimizer.cpp:264:
  Optimizer failed: Ipopt: Maximum iterations exceeded (status -1)
[2026-09-11 20:20:09.584] [warning] OPTIMIZATION FAILED...
[2026-09-11 20:20:09.584] [warning] StaticOptimization.record: The optimizer could not find a solution at time = 1.324.
[2026-09-11 20:20:09.585] [warning] The model appears unsuitable for static optimization.
Try appending the model with additional force(s) or locking joint(s) to reduce the following acceleration constraint violation(s):
   pelvis_tilt: constraint violation = 2.09789
   pelvis_tilt: constraint violation = -0.670907
   pelvis_tilt: constraint violation = -1.31482
   pelvis_tilt: constraint violation = 0.00149725
   pelvis_tilt: constraint violation = -0.460078
   pelvis_tilt: constraint violation = 0.117055
   pelvis_tilt: constraint violation = 0.54037
   pelvis_tilt: constraint violation = -0.0639657
   pelvis_tilt: constraint violation = -0.0892784
   pelvis_tilt: constraint violation = -1.14709
   pelvis_tilt: constraint violation = 1.62364
   pelvis_tilt: constraint violation = -0.175037
   pelvis_tilt: constraint violation = -2.82242
   pelvis_tilt: constraint violation = 1.59346
   pelvis_tilt: constraint violation = -0.568525
   pelvis_tilt: constraint violation = 0.785758
   pelvis_tilt: constraint violation = -0.448571
   pelvis_tilt: constraint violation = -7.12078
   pelvis_tilt: constraint violation = -41.4837
   pelvis_tilt: constraint violation = 0.83482
   pelvis_tilt: constraint violation = 5.27892
   pelvis_tilt: constraint violation = -3.88165
   pelvis_tilt: constraint violation = -10.0448

[2026-09-11 20:20:09.585] [cout] [info] time = 1.324 Performance = 2.56504 Constraint violation = 44.0326
[2026-09-11 20:20:10.851] [warning] SimTK Exception thrown at InteriorPointOptimizer.cpp:264:
  Optimizer failed: Ipopt: Maximum iterations exceeded (status -1)
[2026-09-11 20:20:10.852] [warning] OPTIMIZATION FAILED...
[2026-09-11 20:20:10.852] [warning] StaticOptimization.record: The optimizer could not find a solution at time = 1.34.
[2026-09-11 20:20:10.852] [warning] The model appears unsuitable for static optimization.
Try appending the model with additional force(s) or locking joint(s) to reduce the following acceleration constraint violation(s):
   pelvis_tilt: constraint violation = 1.95756
   pelvis_tilt: constraint violation = -0.0806307
   pelvis_tilt: constraint violation = -1.32139
   pelvis_tilt: constraint violation = 0.00418238
   pelvis_tilt: constraint violation = -0.383245
   pelvis_tilt: constraint violation = 0.0779745
   pelvis_tilt: constraint violation = 0.713198
   pelvis_tilt: constraint violation = 0.29329
   pelvis_tilt: constraint violation = -0.0978988
   pelvis_tilt: constraint violation = -0.350362
   pelvis_tilt: constraint violation = 1.06646
   pelvis_tilt: constraint violation = -0.113035
   pelvis_tilt: constraint violation = -2.92263
   pelvis_tilt: constraint violation = 1.33218
   pelvis_tilt: constraint violation = -0.470578
   pelvis_tilt: constraint violation = 0.927411
   pelvis_tilt: constraint violation = 0.0534689
   pelvis_tilt: constraint violation = -3.76463
   pelvis_tilt: constraint violation = -39.4433
   pelvis_tilt: constraint violation = 1.48986
   pelvis_tilt: constraint violation = 4.76275
   pelvis_tilt: constraint violation = -1.98005
   pelvis_tilt: constraint violation = -12.0728

[2026-09-11 20:20:10.852] [cout] [info] time = 1.34 Performance = 2.50232 Constraint violation = 41.9945
[2026-09-11 20:20:12.560] [warning] SimTK Exception thrown at InteriorPointOptimizer.cpp:264:
  Optimizer failed: Ipopt: Maximum iterations exceeded (status -1)
[2026-09-11 20:20:12.560] [warning] OPTIMIZATION FAILED...
[2026-09-11 20:20:12.560] [warning] StaticOptimization.record: The optimizer could not find a solution at time = 1.356.
[2026-09-11 20:20:12.560] [warning] The model appears unsuitable for static optimization.
Try appending the model with additional force(s) or locking joint(s) to reduce the following acceleration constraint violation(s):
   pelvis_tilt: constraint violation = 1.02422
   pelvis_tilt: constraint violation = 0.409326
   pelvis_tilt: constraint violation = -1.54044
   pelvis_tilt: constraint violation = 0.00288484
   pelvis_tilt: constraint violation = -0.23466
   pelvis_tilt: constraint violation = 0.041673
   pelvis_tilt: constraint violation = -0.00873563
   pelvis_tilt: constraint violation = 0.681823
   pelvis_tilt: constraint violation = -0.1226
   pelvis_tilt: constraint violation = 0.174477
   pelvis_tilt: constraint violation = 0.605302
   pelvis_tilt: constraint violation = -0.0422631
   pelvis_tilt: constraint violation = -2.08067
   pelvis_tilt: constraint violation = 1.17588
   pelvis_tilt: constraint violation = -0.467118
   pelvis_tilt: constraint violation = 0.451534
   pelvis_tilt: constraint violation = 0.384342
   pelvis_tilt: constraint violation = -2.91848
   pelvis_tilt: constraint violation = -31.9493
   pelvis_tilt: constraint violation = 2.27269
   pelvis_tilt: constraint violation = 3.98014
   pelvis_tilt: constraint violation = -1.02202
   pelvis_tilt: constraint violation = -9.71262

[2026-09-11 20:20:12.560] [cout] [info] time = 1.356 Performance = 2.30395 Constraint violation = 34.0069
[2026-09-11 20:20:13.675] [warning] SimTK Exception thrown at InteriorPointOptimizer.cpp:264:
  Optimizer failed: Ipopt: Maximum iterations exceeded (status -1)
[2026-09-11 20:20:13.675] [warning] OPTIMIZATION FAILED...
[2026-09-11 20:20:13.675] [warning] StaticOptimization.record: The optimizer could not find a solution at time = 1.372.
[2026-09-11 20:20:13.676] [warning] The model appears unsuitable for static optimization.
Try appending the model with additional force(s) or locking joint(s) to reduce the following acceleration constraint violation(s):
   pelvis_tilt: constraint violation = 0.138322
   pelvis_tilt: constraint violation = 1.2286
   pelvis_tilt: constraint violation = -2.185
   pelvis_tilt: constraint violation = 0.00197042
   pelvis_tilt: constraint violation = -0.0980593
   pelvis_tilt: constraint violation = -0.00751127
   pelvis_tilt: constraint violation = -0.149742
   pelvis_tilt: constraint violation = 0.111654
   pelvis_tilt: constraint violation = -0.0804668
   pelvis_tilt: constraint violation = 0.189207
   pelvis_tilt: constraint violation = -0.0587998
   pelvis_tilt: constraint violation = 0.0705982
   pelvis_tilt: constraint violation = -1.24573
   pelvis_tilt: constraint violation = 0.616561
   pelvis_tilt: constraint violation = -0.0766325
   pelvis_tilt: constraint violation = 0.0611
   pelvis_tilt: constraint violation = 0.326917
   pelvis_tilt: constraint violation = -1.32554
   pelvis_tilt: constraint violation = -6.01953
   pelvis_tilt: constraint violation = 1.01617
   pelvis_tilt: constraint violation = 0.317076
   pelvis_tilt: constraint violation = -0.327981
   pelvis_tilt: constraint violation = -5.53685

[2026-09-11 20:20:13.676] [cout] [info] time = 1.372 Performance = 1.95496 Constraint violation = 8.85075
[2026-09-11 20:20:14.847] [warning] SimTK Exception thrown at InteriorPointOptimizer.cpp:264:
  Optimizer failed: Ipopt: Maximum iterations exceeded (status -1)
[2026-09-11 20:20:14.847] [warning] OPTIMIZATION FAILED...
[2026-09-11 20:20:14.847] [warning] StaticOptimization.record: The optimizer could not find a solution at time = 1.388.
[2026-09-11 20:20:14.847] [warning] The model appears unsuitable for static optimization.
Try appending the model with additional force(s) or locking joint(s) to reduce the following acceleration constraint violation(s):
   pelvis_tilt: constraint violation = -0.35738
   pelvis_tilt: constraint violation = 1.43614
   pelvis_tilt: constraint violation = -1.19717
   pelvis_tilt: constraint violation = 0.00162893
   pelvis_tilt: constraint violation = -0.0193928
   pelvis_tilt: constraint violation = -0.0513984
   pelvis_tilt: constraint violation = -0.314146
   pelvis_tilt: constraint violation = 1.08479
   pelvis_tilt: constraint violation = -0.17784
   pelvis_tilt: constraint violation = 0.065487
   pelvis_tilt: constraint violation = -0.710505
   pelvis_tilt: constraint violation = 0.165005
   pelvis_tilt: constraint violation = -0.924182
   pelvis_tilt: constraint violation = 0.496034
   pelvis_tilt: constraint violation = -0.112081
   pelvis_tilt: constraint violation = -0.100851
   pelvis_tilt: constraint violation = 0.226697
   pelvis_tilt: constraint violation = -1.84342
   pelvis_tilt: constraint violation = 7.76422
   pelvis_tilt: constraint violation = 3.03023
   pelvis_tilt: constraint violation = -3.49105
   pelvis_tilt: constraint violation = 0.118715
   pelvis_tilt: constraint violation = -3.65629

[2026-09-11 20:20:14.847] [cout] [info] time = 1.388 Performance = 1.65913 Constraint violation = 10.2507
[2026-09-11 20:20:16.139] [warning] SimTK Exception thrown at InteriorPointOptimizer.cpp:264:
  Optimizer failed: Ipopt: Maximum iterations exceeded (status -1)
[2026-09-11 20:20:16.139] [warning] OPTIMIZATION FAILED...
[2026-09-11 20:20:16.140] [warning] StaticOptimization.record: The optimizer could not find a solution at time = 1.40400.
[2026-09-11 20:20:16.140] [warning] The model appears unsuitable for static optimization.
Try appending the model with additional force(s) or locking joint(s) to reduce the following acceleration constraint violation(s):
   pelvis_tilt: constraint violation = -0.906122
   pelvis_tilt: constraint violation = 1.18259
   pelvis_tilt: constraint violation = -1.65703
   pelvis_tilt: constraint violation = -0.00125871
   pelvis_tilt: constraint violation = 0.0654378
   pelvis_tilt: constraint violation = -0.0148206
   pelvis_tilt: constraint violation = -1.18533
   pelvis_tilt: constraint violation = 0.587785
   pelvis_tilt: constraint violation = -0.185718
   pelvis_tilt: constraint violation = 0.439472
   pelvis_tilt: constraint violation = -0.131889
   pelvis_tilt: constraint violation = 0.075603
   pelvis_tilt: constraint violation = 0.067723
   pelvis_tilt: constraint violation = 0.732593
   pelvis_tilt: constraint violation = -0.271343
   pelvis_tilt: constraint violation = -0.430469
   pelvis_tilt: constraint violation = 0.287334
   pelvis_tilt: constraint violation = -2.03075
   pelvis_tilt: constraint violation = 9.83697
   pelvis_tilt: constraint violation = 2.46024
   pelvis_tilt: constraint violation = -0.47243
   pelvis_tilt: constraint violation = 0.16907
   pelvis_tilt: constraint violation = 4.77005

[2026-09-11 20:20:16.140] [cout] [info] time = 1.40400 Performance = 1.6765 Constraint violation = 11.7389
[2026-09-11 20:20:17.540] [warning] SimTK Exception thrown at InteriorPointOptimizer.cpp:264:
  Optimizer failed: Ipopt: Infeasible problem detected (status 2)
[2026-09-11 20:20:17.540] [warning] OPTIMIZATION FAILED...
[2026-09-11 20:20:17.540] [warning] StaticOptimization.record: The optimizer could not find a solution at time = 1.42.
[2026-09-11 20:20:17.541] [warning] The model appears unsuitable for static optimization.
Try appending the model with additional force(s) or locking joint(s) to reduce the following acceleration constraint violation(s):
   pelvis_tilt: constraint violation = -0.395131
   pelvis_tilt: constraint violation = 0.368421
   pelvis_tilt: constraint violation = -2.62791
   pelvis_tilt: constraint violation = -0.000519555
   pelvis_tilt: constraint violation = 0.145992
   pelvis_tilt: constraint violation = 0.00122885
   pelvis_tilt: constraint violation = -3.3742
   pelvis_tilt: constraint violation = 0.0337685
   pelvis_tilt: constraint violation = -0.0152925
   pelvis_tilt: constraint violation = 0.00791432
   pelvis_tilt: constraint violation = 0.0205087
   pelvis_tilt: constraint violation = -0.00257768
   pelvis_tilt: constraint violation = 0.014652
   pelvis_tilt: constraint violation = 1.78644
   pelvis_tilt: constraint violation = -0.0112353
   pelvis_tilt: constraint violation = -0.0363674
   pelvis_tilt: constraint violation = 0.0513495
   pelvis_tilt: constraint violation = -0.286889
   pelvis_tilt: constraint violation = 1.1187
   pelvis_tilt: constraint violation = 0.180304
   pelvis_tilt: constraint violation = 0.193349
   pelvis_tilt: constraint violation = -0.269472
   pelvis_tilt: constraint violation = 2.60942

[2026-09-11 20:20:17.541] [cout] [info] time = 1.42 Performance = 1.90888 Constraint violation = 5.48518
[2026-09-11 20:20:18.745] [warning] SimTK Exception thrown at InteriorPointOptimizer.cpp:264:
  Optimizer failed: Ipopt: Maximum iterations exceeded (status -1)
[2026-09-11 20:20:18.745] [warning] OPTIMIZATION FAILED...
[2026-09-11 20:20:18.745] [warning] StaticOptimization.record: The optimizer could not find a solution at time = 1.436.
[2026-09-11 20:20:18.745] [warning] The model appears unsuitable for static optimization.
Try appending the model with additional force(s) or locking joint(s) to reduce the following acceleration constraint violation(s):
   pelvis_tilt: constraint violation = -1.08469
   pelvis_tilt: constraint violation = 0.671336
   pelvis_tilt: constraint violation = -2.08364
   pelvis_tilt: constraint violation = -0.00406203
   pelvis_tilt: constraint violation = 0.0226317
   pelvis_tilt: constraint violation = 0.0253376
   pelvis_tilt: constraint violation = -3.45547
   pelvis_tilt: constraint violation = 0.426428
   pelvis_tilt: constraint violation = -0.233865
   pelvis_tilt: constraint violation = 0.250555
   pelvis_tilt: constraint violation = 0.539149
   pelvis_tilt: constraint violation = -0.00164387
   pelvis_tilt: constraint violation = 0.98622
   pelvis_tilt: constraint violation = 1.63506
   pelvis_tilt: constraint violation = -0.375228
   pelvis_tilt: constraint violation = -0.472599
   pelvis_tilt: constraint violation = -0.126179
   pelvis_tilt: constraint violation = -9.09502
   pelvis_tilt: constraint violation = -7.48026
   pelvis_tilt: constraint violation = 2.63169
   pelvis_tilt: constraint violation = 3.83009
   pelvis_tilt: constraint violation = -2.66949
   pelvis_tilt: constraint violation = 7.66956

[2026-09-11 20:20:18.745] [cout] [info] time = 1.436 Performance = 1.42575 Constraint violation = 15.7716
[2026-09-11 20:20:20.306] [warning] SimTK Exception thrown at InteriorPointOptimizer.cpp:264:
  Optimizer failed: Ipopt: Maximum iterations exceeded (status -1)
[2026-09-11 20:20:20.306] [warning] OPTIMIZATION FAILED...
[2026-09-11 20:20:20.306] [warning] StaticOptimization.record: The optimizer could not find a solution at time = 1.452.
[2026-09-11 20:20:20.307] [warning] The model appears unsuitable for static optimization.
Try appending the model with additional force(s) or locking joint(s) to reduce the following acceleration constraint violation(s):
   pelvis_tilt: constraint violation = -0.823372
   pelvis_tilt: constraint violation = 0.676106
   pelvis_tilt: constraint violation = -1.86914
   pelvis_tilt: constraint violation = -0.00296853
   pelvis_tilt: constraint violation = -0.0047831
   pelvis_tilt: constraint violation = 0.0227322
   pelvis_tilt: constraint violation = -3.11012
   pelvis_tilt: constraint violation = 0.424722
   pelvis_tilt: constraint violation = -0.251637
   pelvis_tilt: constraint violation = 0.198295
   pelvis_tilt: constraint violation = 0.46309
   pelvis_tilt: constraint violation = 0.0122848
   pelvis_tilt: constraint violation = 0.76599
   pelvis_tilt: constraint violation = 1.66538
   pelvis_tilt: constraint violation = -0.36328
   pelvis_tilt: constraint violation = -0.491961
   pelvis_tilt: constraint violation = -0.0566872
   pelvis_tilt: constraint violation = -30.2442
   pelvis_tilt: constraint violation = -9.45936
   pelvis_tilt: constraint violation = 3.48897
   pelvis_tilt: constraint violation = 3.54046
   pelvis_tilt: constraint violation = -7.33747
   pelvis_tilt: constraint violation = 4.94788

[2026-09-11 20:20:20.307] [cout] [info] time = 1.452 Performance = 1.4629 Constraint violation = 33.5523
[2026-09-11 20:20:21.488] [warning] SimTK Exception thrown at InteriorPointOptimizer.cpp:264:
  Optimizer failed: Ipopt: Maximum iterations exceeded (status -1)
[2026-09-11 20:20:21.488] [warning] OPTIMIZATION FAILED...
[2026-09-11 20:20:21.488] [warning] StaticOptimization.record: The optimizer could not find a solution at time = 1.468.
[2026-09-11 20:20:21.488] [warning] The model appears unsuitable for static optimization.
Try appending the model with additional force(s) or locking joint(s) to reduce the following acceleration constraint violation(s):
   pelvis_tilt: constraint violation = -0.722817
   pelvis_tilt: constraint violation = 0.835108
   pelvis_tilt: constraint violation = -1.46616
   pelvis_tilt: constraint violation = -0.00132451
   pelvis_tilt: constraint violation = 0.00806717
   pelvis_tilt: constraint violation = 0.0174325
   pelvis_tilt: constraint violation = -1.58227
   pelvis_tilt: constraint violation = 0.490015
   pelvis_tilt: constraint violation = -0.299101
   pelvis_tilt: constraint violation = 0.201419
   pelvis_tilt: constraint violation = 0.237581
   pelvis_tilt: constraint violation = 0.038828
   pelvis_tilt: constraint violation = 0.400086
   pelvis_tilt: constraint violation = 1.33838
   pelvis_tilt: constraint violation = -0.498594
   pelvis_tilt: constraint violation = -0.718127
   pelvis_tilt: constraint violation = 0.06421
   pelvis_tilt: constraint violation = -49.6581
   pelvis_tilt: constraint violation = -2.5628
   pelvis_tilt: constraint violation = 6.115
   pelvis_tilt: constraint violation = 1.66262
   pelvis_tilt: constraint violation = -8.18186
   pelvis_tilt: constraint violation = 3.15961

[2026-09-11 20:20:21.488] [cout] [info] time = 1.468 Performance = 1.42846 Constraint violation = 50.9765
[2026-09-11 20:20:22.576] [warning] SimTK Exception thrown at InteriorPointOptimizer.cpp:264:
  Optimizer failed: Ipopt: Maximum iterations exceeded (status -1)
[2026-09-11 20:20:22.576] [warning] OPTIMIZATION FAILED...
[2026-09-11 20:20:22.576] [warning] StaticOptimization.record: The optimizer could not find a solution at time = 1.484.
[2026-09-11 20:20:22.576] [warning] The model appears unsuitable for static optimization.
Try appending the model with additional force(s) or locking joint(s) to reduce the following acceleration constraint violation(s):
   pelvis_tilt: constraint violation = -0.721885
   pelvis_tilt: constraint violation = 1.07544
   pelvis_tilt: constraint violation = -1.13749
   pelvis_tilt: constraint violation = -0.000404557
   pelvis_tilt: constraint violation = 0.0426838
   pelvis_tilt: constraint violation = -0.00996809
   pelvis_tilt: constraint violation = -0.880965
   pelvis_tilt: constraint violation = 0.473481
   pelvis_tilt: constraint violation = -0.294954
   pelvis_tilt: constraint violation = 0.228968
   pelvis_tilt: constraint violation = -0.22697
   pelvis_tilt: constraint violation = 0.0642794
   pelvis_tilt: constraint violation = -0.0916433
   pelvis_tilt: constraint violation = 0.900151
   pelvis_tilt: constraint violation = -0.293432
   pelvis_tilt: constraint violation = -0.564521
   pelvis_tilt: constraint violation = 0.165647
   pelvis_tilt: constraint violation = -33.2495
   pelvis_tilt: constraint violation = 9.36273
   pelvis_tilt: constraint violation = 5.17246
   pelvis_tilt: constraint violation = -0.834335
   pelvis_tilt: constraint violation = -1.23746
   pelvis_tilt: constraint violation = 3.20135

[2026-09-11 20:20:22.576] [cout] [info] time = 1.484 Performance = 1.35415 Constraint violation = 35.183
[2026-09-11 20:20:23.708] [warning] SimTK Exception thrown at InteriorPointOptimizer.cpp:264:
  Optimizer failed: Ipopt: Maximum iterations exceeded (status -1)
[2026-09-11 20:20:23.708] [warning] OPTIMIZATION FAILED...
[2026-09-11 20:20:23.708] [warning] StaticOptimization.record: The optimizer could not find a solution at time = 1.5.
[2026-09-11 20:20:23.708] [warning] The model appears unsuitable for static optimization.
Try appending the model with additional force(s) or locking joint(s) to reduce the following acceleration constraint violation(s):
   pelvis_tilt: constraint violation = -0.846675
   pelvis_tilt: constraint violation = 1.3316
   pelvis_tilt: constraint violation = -1.09771
   pelvis_tilt: constraint violation = 0.000792358
   pelvis_tilt: constraint violation = 0.08215
   pelvis_tilt: constraint violation = -0.0202048
   pelvis_tilt: constraint violation = -0.295706
   pelvis_tilt: constraint violation = 0.288782
   pelvis_tilt: constraint violation = -0.237669
   pelvis_tilt: constraint violation = 0.339469
   pelvis_tilt: constraint violation = -0.211292
   pelvis_tilt: constraint violation = 0.0684424
   pelvis_tilt: constraint violation = -0.346216
   pelvis_tilt: constraint violation = 0.400378
   pelvis_tilt: constraint violation = -0.156857
   pelvis_tilt: constraint violation = -0.384968
   pelvis_tilt: constraint violation = 0.308438
   pelvis_tilt: constraint violation = -13.7137
   pelvis_tilt: constraint violation = 12.4276
   pelvis_tilt: constraint violation = 3.43435
   pelvis_tilt: constraint violation = -1.56179
   pelvis_tilt: constraint violation = 4.96938
   pelvis_tilt: constraint violation = 4.24364

[2026-09-11 20:20:23.708] [cout] [info] time = 1.5 Performance = 1.2539 Constraint violation = 20.1020
[2026-09-11 20:20:24.938] [warning] SimTK Exception thrown at InteriorPointOptimizer.cpp:264:
  Optimizer failed: Ipopt: Maximum iterations exceeded (status -1)
[2026-09-11 20:20:24.938] [warning] OPTIMIZATION FAILED...
[2026-09-11 20:20:24.938] [warning] StaticOptimization.record: The optimizer could not find a solution at time = 1.516.
[2026-09-11 20:20:24.938] [warning] The model appears unsuitable for static optimization.
Try appending the model with additional force(s) or locking joint(s) to reduce the following acceleration constraint violation(s):
   pelvis_tilt: constraint violation = -0.841263
   pelvis_tilt: constraint violation = 1.06225
   pelvis_tilt: constraint violation = -0.778464
   pelvis_tilt: constraint violation = 0.00171457
   pelvis_tilt: constraint violation = 0.0805978
   pelvis_tilt: constraint violation = -0.0286278
   pelvis_tilt: constraint violation = -0.0837078
   pelvis_tilt: constraint violation = 0.36443
   pelvis_tilt: constraint violation = -0.27571
   pelvis_tilt: constraint violation = 0.429708
   pelvis_tilt: constraint violation = -0.369966
   pelvis_tilt: constraint violation = 0.060721
   pelvis_tilt: constraint violation = -0.653561
   pelvis_tilt: constraint violation = 0.469339
   pelvis_tilt: constraint violation = -0.122704
   pelvis_tilt: constraint violation = -0.312702
   pelvis_tilt: constraint violation = 0.365847
   pelvis_tilt: constraint violation = -10.6416
   pelvis_tilt: constraint violation = 15.7113
   pelvis_tilt: constraint violation = 3.38549
   pelvis_tilt: constraint violation = -1.75096
   pelvis_tilt: constraint violation = 6.35036
   pelvis_tilt: constraint violation = 3.59278

[2026-09-11 20:20:24.938] [cout] [info] time = 1.516 Performance = 1.14246 Constraint violation = 20.7782
[2026-09-11 20:20:26.176] [warning] SimTK Exception thrown at InteriorPointOptimizer.cpp:264:
  Optimizer failed: Ipopt: Maximum iterations exceeded (status -1)
[2026-09-11 20:20:26.176] [warning] OPTIMIZATION FAILED...
[2026-09-11 20:20:26.176] [warning] StaticOptimization.record: The optimizer could not find a solution at time = 1.532.
[2026-09-11 20:20:26.177] [warning] The model appears unsuitable for static optimization.
Try appending the model with additional force(s) or locking joint(s) to reduce the following acceleration constraint violation(s):
   pelvis_tilt: constraint violation = -0.744518
   pelvis_tilt: constraint violation = 0.797555
   pelvis_tilt: constraint violation = -0.778703
   pelvis_tilt: constraint violation = 0.00216974
   pelvis_tilt: constraint violation = 0.0504313
   pelvis_tilt: constraint violation = -0.0139743
   pelvis_tilt: constraint violation = -0.126831
   pelvis_tilt: constraint violation = 0.250472
   pelvis_tilt: constraint violation = -0.241834
   pelvis_tilt: constraint violation = 0.509355
   pelvis_tilt: constraint violation = -0.227928
   pelvis_tilt: constraint violation = 0.0479583
   pelvis_tilt: constraint violation = -0.864893
   pelvis_tilt: constraint violation = 0.531809
   pelvis_tilt: constraint violation = -0.202002
   pelvis_tilt: constraint violation = -0.17876
   pelvis_tilt: constraint violation = 0.46952
   pelvis_tilt: constraint violation = -9.75785
   pelvis_tilt: constraint violation = 9.82311
   pelvis_tilt: constraint violation = 2.62973
   pelvis_tilt: constraint violation = -0.939996
   pelvis_tilt: constraint violation = 3.57914
   pelvis_tilt: constraint violation = 2.05619

[2026-09-11 20:20:26.177] [cout] [info] time = 1.532 Performance = 1.07562 Constraint violation = 14.8365
[2026-09-11 20:20:27.424] [warning] SimTK Exception thrown at InteriorPointOptimizer.cpp:264:
  Optimizer failed: Ipopt: Maximum iterations exceeded (status -1)
[2026-09-11 20:20:27.424] [warning] OPTIMIZATION FAILED...
[2026-09-11 20:20:27.424] [warning] StaticOptimization.record: The optimizer could not find a solution at time = 1.548.
[2026-09-11 20:20:27.424] [warning] The model appears unsuitable for static optimization.
Try appending the model with additional force(s) or locking joint(s) to reduce the following acceleration constraint violation(s):
   pelvis_tilt: constraint violation = -0.636471
   pelvis_tilt: constraint violation = 0.575858
   pelvis_tilt: constraint violation = -0.928231
   pelvis_tilt: constraint violation = 0.00193357
   pelvis_tilt: constraint violation = 0.0305325
   pelvis_tilt: constraint violation = 0.0019972
   pelvis_tilt: constraint violation = -0.378137
   pelvis_tilt: constraint violation = 0.135041
   pelvis_tilt: constraint violation = -0.216446
   pelvis_tilt: constraint violation = 0.632941
   pelvis_tilt: constraint violation = -0.0992304
   pelvis_tilt: constraint violation = 0.0454615
   pelvis_tilt: constraint violation = -0.834871
   pelvis_tilt: constraint violation = 0.682235
   pelvis_tilt: constraint violation = -0.352849
   pelvis_tilt: constraint violation = -0.133833
   pelvis_tilt: constraint violation = 0.628209
   pelvis_tilt: constraint violation = -11.3549
   pelvis_tilt: constraint violation = 5.85949
   pelvis_tilt: constraint violation = 2.07983
   pelvis_tilt: constraint violation = -0.177486
   pelvis_tilt: constraint violation = 0.885392
   pelvis_tilt: constraint violation = 1.42219

[2026-09-11 20:20:27.424] [cout] [info] time = 1.548 Performance = 1.06651 Constraint violation = 13.2042
[2026-09-11 20:20:28.711] [warning] SimTK Exception thrown at InteriorPointOptimizer.cpp:264:
  Optimizer failed: Ipopt: Maximum iterations exceeded (status -1)
[2026-09-11 20:20:28.711] [warning] OPTIMIZATION FAILED...
[2026-09-11 20:20:28.711] [warning] StaticOptimization.record: The optimizer could not find a solution at time = 1.564.
[2026-09-11 20:20:28.712] [warning] The model appears unsuitable for static optimization.
Try appending the model with additional force(s) or locking joint(s) to reduce the following acceleration constraint violation(s):
   pelvis_tilt: constraint violation = -0.576429
   pelvis_tilt: constraint violation = 0.318779
   pelvis_tilt: constraint violation = -1.71878
   pelvis_tilt: constraint violation = 0.00101816
   pelvis_tilt: constraint violation = 0.0192492
   pelvis_tilt: constraint violation = 0.0148441
   pelvis_tilt: constraint violation = -0.573058
   pelvis_tilt: constraint violation = 0.0112352
   pelvis_tilt: constraint violation = -0.174155
   pelvis_tilt: constraint violation = 0.554649
   pelvis_tilt: constraint violation = 0.0185148
   pelvis_tilt: constraint violation = 0.0562694
   pelvis_tilt: constraint violation = -0.573496
   pelvis_tilt: constraint violation = 1.0448
   pelvis_tilt: constraint violation = -0.400583
   pelvis_tilt: constraint violation = -0.139883
   pelvis_tilt: constraint violation = 0.652312
   pelvis_tilt: constraint violation = -10.6577
   pelvis_tilt: constraint violation = 3.37412
   pelvis_tilt: constraint violation = 1.50836
   pelvis_tilt: constraint violation = 0.568782
   pelvis_tilt: constraint violation = -1.5111
   pelvis_tilt: constraint violation = 1.71956

[2026-09-11 20:20:28.712] [cout] [info] time = 1.564 Performance = 1.11167 Constraint violation = 11.7853
[2026-09-11 20:20:30.158] [warning] SimTK Exception thrown at InteriorPointOptimizer.cpp:264:
  Optimizer failed: Ipopt: Maximum iterations exceeded (status -1)
[2026-09-11 20:20:30.158] [warning] OPTIMIZATION FAILED...
[2026-09-11 20:20:30.158] [warning] StaticOptimization.record: The optimizer could not find a solution at time = 1.58.
[2026-09-11 20:20:30.158] [warning] The model appears unsuitable for static optimization.
Try appending the model with additional force(s) or locking joint(s) to reduce the following acceleration constraint violation(s):
   pelvis_tilt: constraint violation = -0.505512
   pelvis_tilt: constraint violation = 0.332856
   pelvis_tilt: constraint violation = -1.76721
   pelvis_tilt: constraint violation = 3.19289e-05
   pelvis_tilt: constraint violation = 0.000397277
   pelvis_tilt: constraint violation = 0.0240881
   pelvis_tilt: constraint violation = -1.55602
   pelvis_tilt: constraint violation = -0.079894
   pelvis_tilt: constraint violation = -0.201603
   pelvis_tilt: constraint violation = 0.962013
   pelvis_tilt: constraint violation = 0.0254808
   pelvis_tilt: constraint violation = 0.0772875
   pelvis_tilt: constraint violation = -0.391198
   pelvis_tilt: constraint violation = 1.04491
   pelvis_tilt: constraint violation = -0.87375
   pelvis_tilt: constraint violation = -0.169477
   pelvis_tilt: constraint violation = 1.09635
   pelvis_tilt: constraint violation = -18.8128
   pelvis_tilt: constraint violation = 0.709775
   pelvis_tilt: constraint violation = 1.37915
   pelvis_tilt: constraint violation = 0.945949
   pelvis_tilt: constraint violation = -4.07251
   pelvis_tilt: constraint violation = 0.770366

[2026-09-11 20:20:30.158] [cout] [info] time = 1.58 Performance = 1.16748 Constraint violation = 19.6094
[2026-09-11 20:20:31.275] [warning] SimTK Exception thrown at InteriorPointOptimizer.cpp:264:
  Optimizer failed: Ipopt: Maximum iterations exceeded (status -1)
[2026-09-11 20:20:31.275] [warning] OPTIMIZATION FAILED...
[2026-09-11 20:20:31.275] [warning] StaticOptimization.record: The optimizer could not find a solution at time = 1.596.
[2026-09-11 20:20:31.275] [warning] The model appears unsuitable for static optimization.
Try appending the model with additional force(s) or locking joint(s) to reduce the following acceleration constraint violation(s):
   pelvis_tilt: constraint violation = -0.427317
   pelvis_tilt: constraint violation = 0.241468
   pelvis_tilt: constraint violation = -2.39316
   pelvis_tilt: constraint violation = -0.000640192
   pelvis_tilt: constraint violation = -0.004365
   pelvis_tilt: constraint violation = 0.0322769
   pelvis_tilt: constraint violation = -2.3165
   pelvis_tilt: constraint violation = -0.239058
   pelvis_tilt: constraint violation = -0.173322
   pelvis_tilt: constraint violation = 1.35712
   pelvis_tilt: constraint violation = 0.0133317
   pelvis_tilt: constraint violation = 0.104985
   pelvis_tilt: constraint violation = -0.168436
   pelvis_tilt: constraint violation = 1.24583
   pelvis_tilt: constraint violation = -1.22444
   pelvis_tilt: constraint violation = -0.211036
   pelvis_tilt: constraint violation = 1.67317
   pelvis_tilt: constraint violation = -19.7065
   pelvis_tilt: constraint violation = 0.531498
   pelvis_tilt: constraint violation = 0.800122
   pelvis_tilt: constraint violation = 1.37683
   pelvis_tilt: constraint violation = -5.3362
   pelvis_tilt: constraint violation = 0.829744

[2026-09-11 20:20:31.275] [cout] [info] time = 1.596 Performance = 1.19449 Constraint violation = 20.9649
[2026-09-11 20:20:32.498] [warning] SimTK Exception thrown at InteriorPointOptimizer.cpp:264:
  Optimizer failed: Ipopt: Maximum iterations exceeded (status -1)
[2026-09-11 20:20:32.499] [warning] OPTIMIZATION FAILED...
[2026-09-11 20:20:32.499] [warning] StaticOptimization.record: The optimizer could not find a solution at time = 1.612.
[2026-09-11 20:20:32.499] [warning] The model appears unsuitable for static optimization.
Try appending the model with additional force(s) or locking joint(s) to reduce the following acceleration constraint violation(s):
   pelvis_tilt: constraint violation = -0.340871
   pelvis_tilt: constraint violation = 0.206729
   pelvis_tilt: constraint violation = -2.77892
   pelvis_tilt: constraint violation = -0.000783933
   pelvis_tilt: constraint violation = -0.0192055
   pelvis_tilt: constraint violation = 0.034783
   pelvis_tilt: constraint violation = -2.91481
   pelvis_tilt: constraint violation = -0.401592
   pelvis_tilt: constraint violation = -0.110184
   pelvis_tilt: constraint violation = 1.71358
   pelvis_tilt: constraint violation = -0.0878031
   pelvis_tilt: constraint violation = 0.126808
   pelvis_tilt: constraint violation = -0.151231
   pelvis_tilt: constraint violation = 1.33531
   pelvis_tilt: constraint violation = -1.42665
   pelvis_tilt: constraint violation = -0.231459
   pelvis_tilt: constraint violation = 2.27244
   pelvis_tilt: constraint violation = -18.3306
   pelvis_tilt: constraint violation = 0.0296558
   pelvis_tilt: constraint violation = 0.0435091
   pelvis_tilt: constraint violation = 1.43839
   pelvis_tilt: constraint violation = -6.34048
   pelvis_tilt: constraint violation = -0.164881

[2026-09-11 20:20:32.499] [cout] [info] time = 1.612 Performance = 1.19696 Constraint violation = 20.1713
[2026-09-11 20:20:33.669] [warning] SimTK Exception thrown at InteriorPointOptimizer.cpp:264:
  Optimizer failed: Ipopt: Maximum iterations exceeded (status -1)
[2026-09-11 20:20:33.669] [warning] OPTIMIZATION FAILED...
[2026-09-11 20:20:33.669] [warning] StaticOptimization.record: The optimizer could not find a solution at time = 1.628.
[2026-09-11 20:20:33.669] [warning] The model appears unsuitable for static optimization.
Try appending the model with additional force(s) or locking joint(s) to reduce the following acceleration constraint violation(s):
   pelvis_tilt: constraint violation = -0.154603
   pelvis_tilt: constraint violation = 0.119262
   pelvis_tilt: constraint violation = -3.2208
   pelvis_tilt: constraint violation = -0.000228325
   pelvis_tilt: constraint violation = -0.0571119
   pelvis_tilt: constraint violation = 0.0303507
   pelvis_tilt: constraint violation = -2.94561
   pelvis_tilt: constraint violation = -0.60883
   pelvis_tilt: constraint violation = -0.0270142
   pelvis_tilt: constraint violation = 1.8578
   pelvis_tilt: constraint violation = -0.183855
   pelvis_tilt: constraint violation = 0.139271
   pelvis_tilt: constraint violation = -0.454805
   pelvis_tilt: constraint violation = 1.40135
   pelvis_tilt: constraint violation = -1.16499
   pelvis_tilt: constraint violation = -0.18387
   pelvis_tilt: constraint violation = 2.33419
   pelvis_tilt: constraint violation = -12.055
   pelvis_tilt: constraint violation = -1.96532
   pelvis_tilt: constraint violation = -0.745416
   pelvis_tilt: constraint violation = 1.162
   pelvis_tilt: constraint violation = -6.76769
   pelvis_tilt: constraint violation = -2.71071

[2026-09-11 20:20:33.669] [cout] [info] time = 1.628 Performance = 1.14408 Constraint violation = 15.3694
[2026-09-11 20:20:34.750] [warning] SimTK Exception thrown at InteriorPointOptimizer.cpp:264:
  Optimizer failed: Ipopt: Maximum iterations exceeded (status -1)
[2026-09-11 20:20:34.750] [warning] OPTIMIZATION FAILED...
[2026-09-11 20:20:34.750] [warning] StaticOptimization.record: The optimizer could not find a solution at time = 1.644.
[2026-09-11 20:20:34.750] [warning] The model appears unsuitable for static optimization.
Try appending the model with additional force(s) or locking joint(s) to reduce the following acceleration constraint violation(s):
   pelvis_tilt: constraint violation = -0.116411
   pelvis_tilt: constraint violation = 0.0601484
   pelvis_tilt: constraint violation = -2.90912
   pelvis_tilt: constraint violation = 0.000351964
   pelvis_tilt: constraint violation = -0.0675628
   pelvis_tilt: constraint violation = 0.0187935
   pelvis_tilt: constraint violation = -2.80928
   pelvis_tilt: constraint violation = -0.67175
   pelvis_tilt: constraint violation = 0.0349924
   pelvis_tilt: constraint violation = 2.07071
   pelvis_tilt: constraint violation = -0.238535
   pelvis_tilt: constraint violation = 0.13342
   pelvis_tilt: constraint violation = -0.676679
   pelvis_tilt: constraint violation = 1.31529
   pelvis_tilt: constraint violation = -0.760506
   pelvis_tilt: constraint violation = -0.155834
   pelvis_tilt: constraint violation = 2.08277
   pelvis_tilt: constraint violation = -6.76322
   pelvis_tilt: constraint violation = -1.32332
   pelvis_tilt: constraint violation = -1.21734
   pelvis_tilt: constraint violation = 0.666448
   pelvis_tilt: constraint violation = -6.03423
   pelvis_tilt: constraint violation = -3.80277

[2026-09-11 20:20:34.750] [cout] [info] time = 1.644 Performance = 1.11394 Constraint violation = 11.3407
[2026-09-11 20:20:35.231] [warning] SimTK Exception thrown at InteriorPointOptimizer.cpp:264:
  Optimizer failed: Ipopt: Infeasible problem detected (status 2)
[2026-09-11 20:20:35.231] [warning] OPTIMIZATION FAILED...
[2026-09-11 20:20:35.231] [warning] StaticOptimization.record: The optimizer could not find a solution at time = 1.66.
[2026-09-11 20:20:35.232] [warning] The model appears unsuitable for static optimization.
Try appending the model with additional force(s) or locking joint(s) to reduce the following acceleration constraint violation(s):
   pelvis_tilt: constraint violation = -0.017843
   pelvis_tilt: constraint violation = -0.0405667
   pelvis_tilt: constraint violation = -3.83555
   pelvis_tilt: constraint violation = 0.000365573
   pelvis_tilt: constraint violation = -0.0823903
   pelvis_tilt: constraint violation = 0.0062249
   pelvis_tilt: constraint violation = -0.447804
   pelvis_tilt: constraint violation = -1.19003
   pelvis_tilt: constraint violation = 0.031318
   pelvis_tilt: constraint violation = 0.182908
   pelvis_tilt: constraint violation = 0.000718776
   pelvis_tilt: constraint violation = 0.0250258
   pelvis_tilt: constraint violation = -0.871697
   pelvis_tilt: constraint violation = 1.37401
   pelvis_tilt: constraint violation = -0.000906748
   pelvis_tilt: constraint violation = -0.0218947
   pelvis_tilt: constraint violation = 0.0418185
   pelvis_tilt: constraint violation = -0.705435
   pelvis_tilt: constraint violation = -0.697187
   pelvis_tilt: constraint violation = -0.255156
   pelvis_tilt: constraint violation = 0.250818
   pelvis_tilt: constraint violation = -2.20365
   pelvis_tilt: constraint violation = -2.06296

[2026-09-11 20:20:35.232] [cout] [info] time = 1.66 Performance = 0.995145 Constraint violation = 5.40791
[2026-09-11 20:20:36.621] [warning] SimTK Exception thrown at InteriorPointOptimizer.cpp:264:
  Optimizer failed: Ipopt: Maximum iterations exceeded (status -1)
[2026-09-11 20:20:36.621] [warning] OPTIMIZATION FAILED...
[2026-09-11 20:20:36.621] [warning] StaticOptimization.record: The optimizer could not find a solution at time = 1.676.
[2026-09-11 20:20:36.621] [warning] The model appears unsuitable for static optimization.
Try appending the model with additional force(s) or locking joint(s) to reduce the following acceleration constraint violation(s):
   pelvis_tilt: constraint violation = -0.353856
   pelvis_tilt: constraint violation = -0.137077
   pelvis_tilt: constraint violation = -1.95003
   pelvis_tilt: constraint violation = 0.000409476
   pelvis_tilt: constraint violation = -0.0184747
   pelvis_tilt: constraint violation = 0.0243675
   pelvis_tilt: constraint violation = -1.85324
   pelvis_tilt: constraint violation = -0.608895
   pelvis_tilt: constraint violation = 0.147146
   pelvis_tilt: constraint violation = 1.45652
   pelvis_tilt: constraint violation = -0.331564
   pelvis_tilt: constraint violation = 0.125547
   pelvis_tilt: constraint violation = -0.498094
   pelvis_tilt: constraint violation = 1.0421
   pelvis_tilt: constraint violation = -0.789633
   pelvis_tilt: constraint violation = -0.1802
   pelvis_tilt: constraint violation = 1.93944
   pelvis_tilt: constraint violation = 0.617189
   pelvis_tilt: constraint violation = 1.41336
   pelvis_tilt: constraint violation = -2.1505
   pelvis_tilt: constraint violation = 0.197619
   pelvis_tilt: constraint violation = -3.45594
   pelvis_tilt: constraint violation = -1.72385

[2026-09-11 20:20:36.621] [cout] [info] time = 1.676 Performance = 1.07241 Constraint violation = 6.14251
[2026-09-11 20:20:38.006] [warning] SimTK Exception thrown at InteriorPointOptimizer.cpp:264:
  Optimizer failed: Ipopt: Maximum iterations exceeded (status -1)
[2026-09-11 20:20:38.006] [warning] OPTIMIZATION FAILED...
[2026-09-11 20:20:38.006] [warning] StaticOptimization.record: The optimizer could not find a solution at time = 1.692.
[2026-09-11 20:20:38.007] [warning] The model appears unsuitable for static optimization.
Try appending the model with additional force(s) or locking joint(s) to reduce the following acceleration constraint violation(s):
   pelvis_tilt: constraint violation = -0.538407
   pelvis_tilt: constraint violation = -0.0375274
   pelvis_tilt: constraint violation = -1.92423
   pelvis_tilt: constraint violation = -0.00048348
   pelvis_tilt: constraint violation = 0.0243738
   pelvis_tilt: constraint violation = 0.0147298
   pelvis_tilt: constraint violation = -1.45005
   pelvis_tilt: constraint violation = -0.490605
   pelvis_tilt: constraint violation = 0.119555
   pelvis_tilt: constraint violation = 0.878445
   pelvis_tilt: constraint violation = -0.388468
   pelvis_tilt: constraint violation = 0.104563
   pelvis_tilt: constraint violation = 0.0380388
   pelvis_tilt: constraint violation = 0.915731
   pelvis_tilt: constraint violation = -0.62183
   pelvis_tilt: constraint violation = -0.23065
   pelvis_tilt: constraint violation = 1.09682
   pelvis_tilt: constraint violation = 4.19597
   pelvis_tilt: constraint violation = 7.4491
   pelvis_tilt: constraint violation = -1.96825
   pelvis_tilt: constraint violation = -0.4673
   pelvis_tilt: constraint violation = -0.979059
   pelvis_tilt: constraint violation = 1.47708

[2026-09-11 20:20:38.007] [cout] [info] time = 1.692 Performance = 1.08735 Constraint violation = 9.49193
[2026-09-11 20:20:39.756] [warning] SimTK Exception thrown at InteriorPointOptimizer.cpp:264:
  Optimizer failed: Ipopt: Maximum iterations exceeded (status -1)
[2026-09-11 20:20:39.756] [warning] OPTIMIZATION FAILED...
[2026-09-11 20:20:39.756] [warning] StaticOptimization.record: The optimizer could not find a solution at time = 1.70800.
[2026-09-11 20:20:39.756] [warning] The model appears unsuitable for static optimization.
Try appending the model with additional force(s) or locking joint(s) to reduce the following acceleration constraint violation(s):
   pelvis_tilt: constraint violation = -0.758912
   pelvis_tilt: constraint violation = 0.271618
   pelvis_tilt: constraint violation = -1.9159
   pelvis_tilt: constraint violation = -0.00195433
   pelvis_tilt: constraint violation = 0.0740795
   pelvis_tilt: constraint violation = -0.00484384
   pelvis_tilt: constraint violation = -1.47496
   pelvis_tilt: constraint violation = -0.369173
   pelvis_tilt: constraint violation = 0.0553682
   pelvis_tilt: constraint violation = 0.438734
   pelvis_tilt: constraint violation = -0.82172
   pelvis_tilt: constraint violation = 0.0999856
   pelvis_tilt: constraint violation = 0.724293
   pelvis_tilt: constraint violation = 0.767319
   pelvis_tilt: constraint violation = -0.667575
   pelvis_tilt: constraint violation = -0.4006
   pelvis_tilt: constraint violation = 0.458221
   pelvis_tilt: constraint violation = 7.62479
   pelvis_tilt: constraint violation = 16.9774
   pelvis_tilt: constraint violation = -1.93011
   pelvis_tilt: constraint violation = -1.62097
   pelvis_tilt: constraint violation = 1.68527
   pelvis_tilt: constraint violation = 4.68691

[2026-09-11 20:20:39.756] [cout] [info] time = 1.70800 Performance = 1.1328 Constraint violation = 19.6718
[2026-09-11 20:20:41.207] [warning] SimTK Exception thrown at InteriorPointOptimizer.cpp:264:
  Optimizer failed: Ipopt: Maximum iterations exceeded (status -1)
[2026-09-11 20:20:41.207] [warning] OPTIMIZATION FAILED...
[2026-09-11 20:20:41.207] [warning] StaticOptimization.record: The optimizer could not find a solution at time = 1.724.
[2026-09-11 20:20:41.207] [warning] The model appears unsuitable for static optimization.
Try appending the model with additional force(s) or locking joint(s) to reduce the following acceleration constraint violation(s):
   pelvis_tilt: constraint violation = -0.972563
   pelvis_tilt: constraint violation = 0.692624
   pelvis_tilt: constraint violation = -2.09739
   pelvis_tilt: constraint violation = -0.00347839
   pelvis_tilt: constraint violation = 0.108395
   pelvis_tilt: constraint violation = -0.0253218
   pelvis_tilt: constraint violation = -1.3597
   pelvis_tilt: constraint violation = -0.173735
   pelvis_tilt: constraint violation = -0.0291699
   pelvis_tilt: constraint violation = -0.0940257
   pelvis_tilt: constraint violation = -1.15126
   pelvis_tilt: constraint violation = 0.0769211
   pelvis_tilt: constraint violation = 1.39618
   pelvis_tilt: constraint violation = 0.585045
   pelvis_tilt: constraint violation = -0.512372
   pelvis_tilt: constraint violation = -0.619159
   pelvis_tilt: constraint violation = -0.260835
   pelvis_tilt: constraint violation = 9.52458
   pelvis_tilt: constraint violation = 22.1135
   pelvis_tilt: constraint violation = -1.4456
   pelvis_tilt: constraint violation = -2.5613
   pelvis_tilt: constraint violation = 3.86509
   pelvis_tilt: constraint violation = 6.1003

[2026-09-11 20:20:41.207] [cout] [info] time = 1.724 Performance = 1.29298 Constraint violation = 25.5458
[2026-09-11 20:20:42.688] [warning] SimTK Exception thrown at InteriorPointOptimizer.cpp:264:
  Optimizer failed: Ipopt: Maximum iterations exceeded (status -1)
[2026-09-11 20:20:42.688] [warning] OPTIMIZATION FAILED...
[2026-09-11 20:20:42.688] [warning] StaticOptimization.record: The optimizer could not find a solution at time = 1.74.
[2026-09-11 20:20:42.688] [warning] The model appears unsuitable for static optimization.
Try appending the model with additional force(s) or locking joint(s) to reduce the following acceleration constraint violation(s):
   pelvis_tilt: constraint violation = -1.01721
   pelvis_tilt: constraint violation = 0.871355
   pelvis_tilt: constraint violation = -1.88709
   pelvis_tilt: constraint violation = -0.00394414
   pelvis_tilt: constraint violation = 0.160532
   pelvis_tilt: constraint violation = -0.0356646
   pelvis_tilt: constraint violation = -1.05127
   pelvis_tilt: constraint violation = -0.0920325
   pelvis_tilt: constraint violation = -0.0505018
   pelvis_tilt: constraint violation = -0.337496
   pelvis_tilt: constraint violation = -1.40822
   pelvis_tilt: constraint violation = 0.0788855
   pelvis_tilt: constraint violation = 1.83807
   pelvis_tilt: constraint violation = 0.591016
   pelvis_tilt: constraint violation = -0.54449
   pelvis_tilt: constraint violation = -0.750399
   pelvis_tilt: constraint violation = -0.490936
   pelvis_tilt: constraint violation = 16.5721
   pelvis_tilt: constraint violation = 32.4444
   pelvis_tilt: constraint violation = -1.6246
   pelvis_tilt: constraint violation = -3.38721
   pelvis_tilt: constraint violation = 7.40445
   pelvis_tilt: constraint violation = 9.73797

[2026-09-11 20:20:42.688] [cout] [info] time = 1.74 Performance = 1.43252 Constraint violation = 38.7875
[2026-09-11 20:20:44.000] [warning] SimTK Exception thrown at InteriorPointOptimizer.cpp:264:
  Optimizer failed: Ipopt: Maximum iterations exceeded (status -1)
[2026-09-11 20:20:44.000] [warning] OPTIMIZATION FAILED...
[2026-09-11 20:20:44.000] [warning] StaticOptimization.record: The optimizer could not find a solution at time = 1.756.
[2026-09-11 20:20:44.000] [warning] The model appears unsuitable for static optimization.
Try appending the model with additional force(s) or locking joint(s) to reduce the following acceleration constraint violation(s):
   pelvis_tilt: constraint violation = -1.03388
   pelvis_tilt: constraint violation = 0.862308
   pelvis_tilt: constraint violation = -1.7628
   pelvis_tilt: constraint violation = -0.00377614
   pelvis_tilt: constraint violation = 0.191076
   pelvis_tilt: constraint violation = -0.0280152
   pelvis_tilt: constraint violation = -0.757637
   pelvis_tilt: constraint violation = -0.142432
   pelvis_tilt: constraint violation = -0.0565261
   pelvis_tilt: constraint violation = -0.380858
   pelvis_tilt: constraint violation = -1.35348
   pelvis_tilt: constraint violation = 0.0764379
   pelvis_tilt: constraint violation = 2.00416
   pelvis_tilt: constraint violation = 0.717658
   pelvis_tilt: constraint violation = -0.502361
   pelvis_tilt: constraint violation = -0.664889
   pelvis_tilt: constraint violation = -0.491021
   pelvis_tilt: constraint violation = 24.7568
   pelvis_tilt: constraint violation = 36.2943
   pelvis_tilt: constraint violation = -2.20771
   pelvis_tilt: constraint violation = -3.4275
   pelvis_tilt: constraint violation = 9.61151
   pelvis_tilt: constraint violation = 11.3832

[2026-09-11 20:20:44.001] [cout] [info] time = 1.756 Performance = 1.74479 Constraint violation = 46.7093
[2026-09-11 20:20:45.451] [warning] SimTK Exception thrown at InteriorPointOptimizer.cpp:264:
  Optimizer failed: Ipopt: Maximum iterations exceeded (status -1)
[2026-09-11 20:20:45.451] [warning] OPTIMIZATION FAILED...
[2026-09-11 20:20:45.451] [warning] StaticOptimization.record: The optimizer could not find a solution at time = 1.772.
[2026-09-11 20:20:45.451] [warning] The model appears unsuitable for static optimization.
Try appending the model with additional force(s) or locking joint(s) to reduce the following acceleration constraint violation(s):
   pelvis_tilt: constraint violation = -1.37524
   pelvis_tilt: constraint violation = 0.716849
   pelvis_tilt: constraint violation = -2.66668
   pelvis_tilt: constraint violation = -0.00388573
   pelvis_tilt: constraint violation = 0.172284
   pelvis_tilt: constraint violation = -0.0075494
   pelvis_tilt: constraint violation = -0.987611
   pelvis_tilt: constraint violation = -0.208719
   pelvis_tilt: constraint violation = -0.084307
   pelvis_tilt: constraint violation = -0.327347
   pelvis_tilt: constraint violation = -0.727225
   pelvis_tilt: constraint violation = 0.0943893
   pelvis_tilt: constraint violation = 2.29419
   pelvis_tilt: constraint violation = 1.06205
   pelvis_tilt: constraint violation = -0.149149
   pelvis_tilt: constraint violation = -0.806719
   pelvis_tilt: constraint violation = -0.535007
   pelvis_tilt: constraint violation = 11.6001
   pelvis_tilt: constraint violation = 13.0345
   pelvis_tilt: constraint violation = -2.53416
   pelvis_tilt: constraint violation = -2.21691
   pelvis_tilt: constraint violation = 8.0134
   pelvis_tilt: constraint violation = 8.90755

[2026-09-11 20:20:45.451] [cout] [info] time = 1.772 Performance = 2.24615 Constraint violation = 21.8614
[2026-09-11 20:20:47.152] [warning] SimTK Exception thrown at InteriorPointOptimizer.cpp:264:
  Optimizer failed: Ipopt: Maximum iterations exceeded (status -1)
[2026-09-11 20:20:47.152] [warning] OPTIMIZATION FAILED...
[2026-09-11 20:20:47.152] [warning] StaticOptimization.record: The optimizer could not find a solution at time = 1.788.
[2026-09-11 20:20:47.152] [warning] The model appears too weak for static optimization.
Try increasing the strength and/or range of the following force(s):
   glut_med1_l approaching upper bound of 1

[2026-09-11 20:20:47.152] [cout] [info] time = 1.788 Performance = 2.75172 Constraint violation = 54.1355
[2026-09-11 20:20:48.389] [warning] SimTK Exception thrown at InteriorPointOptimizer.cpp:264:
  Optimizer failed: Ipopt: Maximum iterations exceeded (status -1)
[2026-09-11 20:20:48.389] [warning] OPTIMIZATION FAILED...
[2026-09-11 20:20:48.389] [warning] StaticOptimization.record: The optimizer could not find a solution at time = 1.80400.
[2026-09-11 20:20:48.389] [warning] The model appears too weak for static optimization.
Try increasing the strength and/or range of the following force(s):
   glut_med1_l approaching upper bound of 1

[2026-09-11 20:20:48.389] [cout] [info] time = 1.80400 Performance = 3.32697 Constraint violation = 64.6183
[2026-09-11 20:20:49.686] [warning] SimTK Exception thrown at InteriorPointOptimizer.cpp:264:
  Optimizer failed: Ipopt: Maximum iterations exceeded (status -1)
[2026-09-11 20:20:49.686] [warning] OPTIMIZATION FAILED...
[2026-09-11 20:20:49.687] [warning] StaticOptimization.record: The optimizer could not find a solution at time = 1.82.
[2026-09-11 20:20:49.687] [warning] The model appears too weak for static optimization.
Try increasing the strength and/or range of the following force(s):
   glut_med1_l approaching upper bound of 1

[2026-09-11 20:20:49.687] [cout] [info] time = 1.82 Performance = 3.83663 Constraint violation = 67.4367
[2026-09-11 20:20:50.918] [warning] SimTK Exception thrown at InteriorPointOptimizer.cpp:264:
  Optimizer failed: Ipopt: Maximum iterations exceeded (status -1)
[2026-09-11 20:20:50.918] [warning] OPTIMIZATION FAILED...
[2026-09-11 20:20:50.918] [warning] StaticOptimization.record: The optimizer could not find a solution at time = 1.836.
[2026-09-11 20:20:50.918] [warning] The model appears too weak for static optimization.
Try increasing the strength and/or range of the following force(s):
   glut_med1_l approaching upper bound of 1

[2026-09-11 20:20:50.918] [cout] [info] time = 1.836 Performance = 4.16468 Constraint violation = 25.94
[2026-09-11 20:20:52.225] [warning] SimTK Exception thrown at InteriorPointOptimizer.cpp:264:
  Optimizer failed: Ipopt: Maximum iterations exceeded (status -1)
[2026-09-11 20:20:52.225] [warning] OPTIMIZATION FAILED...
[2026-09-11 20:20:52.225] [warning] StaticOptimization.record: The optimizer could not find a solution at time = 1.852.
[2026-09-11 20:20:52.225] [warning] The model appears too weak for static optimization.
Try increasing the strength and/or range of the following force(s):
   glut_med1_l approaching upper bound of 1

[2026-09-11 20:20:52.225] [cout] [info] time = 1.852 Performance = 4.15805 Constraint violation = 22.4121
[2026-09-11 20:20:53.875] [warning] SimTK Exception thrown at InteriorPointOptimizer.cpp:264:
  Optimizer failed: Ipopt: Maximum iterations exceeded (status -1)
[2026-09-11 20:20:53.875] [warning] OPTIMIZATION FAILED...
[2026-09-11 20:20:53.875] [warning] StaticOptimization.record: The optimizer could not find a solution at time = 1.868.
[2026-09-11 20:20:53.876] [warning] The model appears too weak for static optimization.
Try increasing the strength and/or range of the following force(s):
   glut_med1_l approaching upper bound of 1

[2026-09-11 20:20:53.876] [cout] [info] time = 1.868 Performance = 3.80632 Constraint violation = 27.0047
[2026-09-11 20:20:55.660] [warning] SimTK Exception thrown at InteriorPointOptimizer.cpp:264:
  Optimizer failed: Ipopt: Maximum iterations exceeded (status -1)
[2026-09-11 20:20:55.660] [warning] OPTIMIZATION FAILED...
[2026-09-11 20:20:55.660] [warning] StaticOptimization.record: The optimizer could not find a solution at time = 1.884.
[2026-09-11 20:20:55.660] [warning] The model appears unsuitable for static optimization.
Try appending the model with additional force(s) or locking joint(s) to reduce the following acceleration constraint violation(s):
   pelvis_tilt: constraint violation = 0.132533
   pelvis_tilt: constraint violation = 0.84654
   pelvis_tilt: constraint violation = -1.15907
   pelvis_tilt: constraint violation = -0.00197462
   pelvis_tilt: constraint violation = -0.263731
   pelvis_tilt: constraint violation = 0.0101982
   pelvis_tilt: constraint violation = -4.09797
   pelvis_tilt: constraint violation = -0.29058
   pelvis_tilt: constraint violation = -0.0670415
   pelvis_tilt: constraint violation = 0.419511
   pelvis_tilt: constraint violation = -0.828542
   pelvis_tilt: constraint violation = 0.101694
   pelvis_tilt: constraint violation = -0.295886
   pelvis_tilt: constraint violation = 0.958066
   pelvis_tilt: constraint violation = -0.309488
   pelvis_tilt: constraint violation = -1.6633
   pelvis_tilt: constraint violation = -0.00937945
   pelvis_tilt: constraint violation = -12.5068
   pelvis_tilt: constraint violation = -13.1888
   pelvis_tilt: constraint violation = -0.91119
   pelvis_tilt: constraint violation = -1.00542
   pelvis_tilt: constraint violation = -4.81796
   pelvis_tilt: constraint violation = -8.3286

[2026-09-11 20:20:55.660] [cout] [info] time = 1.884 Performance = 3.27469 Constraint violation = 21.1791
[2026-09-11 20:20:57.233] [warning] SimTK Exception thrown at InteriorPointOptimizer.cpp:264:
  Optimizer failed: Ipopt: Maximum iterations exceeded (status -1)
[2026-09-11 20:20:57.233] [warning] OPTIMIZATION FAILED...
[2026-09-11 20:20:57.233] [warning] StaticOptimization.record: The optimizer could not find a solution at time = 1.9.
[2026-09-11 20:20:57.234] [warning] The model appears unsuitable for static optimization.
Try appending the model with additional force(s) or locking joint(s) to reduce the following acceleration constraint violation(s):
   pelvis_tilt: constraint violation = 1.72411
   pelvis_tilt: constraint violation = 1.81908
   pelvis_tilt: constraint violation = 0.176339
   pelvis_tilt: constraint violation = -0.000223762
   pelvis_tilt: constraint violation = -0.465682
   pelvis_tilt: constraint violation = -0.067983
   pelvis_tilt: constraint violation = -3.3043
   pelvis_tilt: constraint violation = 1.19284
   pelvis_tilt: constraint violation = -0.110781
   pelvis_tilt: constraint violation = 0.86156
   pelvis_tilt: constraint violation = -0.800623
   pelvis_tilt: constraint violation = -0.00398781
   pelvis_tilt: constraint violation = -1.91156
   pelvis_tilt: constraint violation = -0.234581
   pelvis_tilt: constraint violation = 0.257534
   pelvis_tilt: constraint violation = -1.3537
   pelvis_tilt: constraint violation = 0.259717
   pelvis_tilt: constraint violation = -32.189
   pelvis_tilt: constraint violation = -17.6761
   pelvis_tilt: constraint violation = 3.48046
   pelvis_tilt: constraint violation = -0.651345
   pelvis_tilt: constraint violation = -7.91023
   pelvis_tilt: constraint violation = -10.8108

[2026-09-11 20:20:57.234] [cout] [info] time = 1.9 Performance = 2.65349 Constraint violation = 39.5791
[2026-09-11 20:20:58.817] [warning] SimTK Exception thrown at InteriorPointOptimizer.cpp:264:
  Optimizer failed: Ipopt: Maximum iterations exceeded (status -1)
[2026-09-11 20:20:58.817] [warning] OPTIMIZATION FAILED...
[2026-09-11 20:20:58.817] [warning] StaticOptimization.record: The optimizer could not find a solution at time = 1.916.
[2026-09-11 20:20:58.818] [warning] The model appears unsuitable for static optimization.
Try appending the model with additional force(s) or locking joint(s) to reduce the following acceleration constraint violation(s):
   pelvis_tilt: constraint violation = 1.91237
   pelvis_tilt: constraint violation = 1.82615
   pelvis_tilt: constraint violation = 0.405826
   pelvis_tilt: constraint violation = 0.000651571
   pelvis_tilt: constraint violation = -0.420975
   pelvis_tilt: constraint violation = -0.0949025
   pelvis_tilt: constraint violation = -2.12117
   pelvis_tilt: constraint violation = 1.53943
   pelvis_tilt: constraint violation = -0.189157
   pelvis_tilt: constraint violation = 0.8417
   pelvis_tilt: constraint violation = -0.782786
   pelvis_tilt: constraint violation = -0.014935
   pelvis_tilt: constraint violation = -1.95124
   pelvis_tilt: constraint violation = -0.753399
   pelvis_tilt: constraint violation = 0.375321
   pelvis_tilt: constraint violation = -0.858439
   pelvis_tilt: constraint violation = 0.40897
   pelvis_tilt: constraint violation = -35.6684
   pelvis_tilt: constraint violation = -10.9408
   pelvis_tilt: constraint violation = 4.39248
   pelvis_tilt: constraint violation = -0.561137
   pelvis_tilt: constraint violation = -8.00607
   pelvis_tilt: constraint violation = -7.14246

[2026-09-11 20:20:58.818] [cout] [info] time = 1.916 Performance = 2.22017 Constraint violation = 39.3401
[2026-09-11 20:21:00.227] [warning] SimTK Exception thrown at InteriorPointOptimizer.cpp:264:
  Optimizer failed: Ipopt: Maximum iterations exceeded (status -1)
[2026-09-11 20:21:00.227] [warning] OPTIMIZATION FAILED...
[2026-09-11 20:21:00.227] [warning] StaticOptimization.record: The optimizer could not find a solution at time = 1.932.
[2026-09-11 20:21:00.227] [warning] The model appears unsuitable for static optimization.
Try appending the model with additional force(s) or locking joint(s) to reduce the following acceleration constraint violation(s):
   pelvis_tilt: constraint violation = 1.33698
   pelvis_tilt: constraint violation = 1.29215
   pelvis_tilt: constraint violation = -0.195016
   pelvis_tilt: constraint violation = 0.0012058
   pelvis_tilt: constraint violation = -0.27311
   pelvis_tilt: constraint violation = -0.0823895
   pelvis_tilt: constraint violation = -1.27813
   pelvis_tilt: constraint violation = 1.0638
   pelvis_tilt: constraint violation = -0.165207
   pelvis_tilt: constraint violation = 0.844185
   pelvis_tilt: constraint violation = -0.866004
   pelvis_tilt: constraint violation = 0.0838228
   pelvis_tilt: constraint violation = -1.42196
   pelvis_tilt: constraint violation = -0.714983
   pelvis_tilt: constraint violation = 0.141537
   pelvis_tilt: constraint violation = -0.503168
   pelvis_tilt: constraint violation = 0.462757
   pelvis_tilt: constraint violation = -28.332
   pelvis_tilt: constraint violation = -3.93164
   pelvis_tilt: constraint violation = 3.3521
   pelvis_tilt: constraint violation = -0.918749
   pelvis_tilt: constraint violation = -6.6796
   pelvis_tilt: constraint violation = -3.32315

[2026-09-11 20:21:00.227] [cout] [info] time = 1.932 Performance = 1.9927 Constraint violation = 29.9459
[2026-09-11 20:21:01.661] [warning] SimTK Exception thrown at InteriorPointOptimizer.cpp:264:
  Optimizer failed: Ipopt: Maximum iterations exceeded (status -1)
[2026-09-11 20:21:01.661] [warning] OPTIMIZATION FAILED...
[2026-09-11 20:21:01.661] [warning] StaticOptimization.record: The optimizer could not find a solution at time = 1.948.
[2026-09-11 20:21:01.662] [warning] The model appears unsuitable for static optimization.
Try appending the model with additional force(s) or locking joint(s) to reduce the following acceleration constraint violation(s):
   pelvis_tilt: constraint violation = 0.952401
   pelvis_tilt: constraint violation = 0.777355
   pelvis_tilt: constraint violation = -0.926079
   pelvis_tilt: constraint violation = 0.00278527
   pelvis_tilt: constraint violation = -0.16489
   pelvis_tilt: constraint violation = -0.0604358
   pelvis_tilt: constraint violation = -0.820985
   pelvis_tilt: constraint violation = 0.449455
   pelvis_tilt: constraint violation = -0.0954285
   pelvis_tilt: constraint violation = 1.21225
   pelvis_tilt: constraint violation = -0.985955
   pelvis_tilt: constraint violation = 0.209315
   pelvis_tilt: constraint violation = -1.25374
   pelvis_tilt: constraint violation = -0.486052
   pelvis_tilt: constraint violation = -0.164042
   pelvis_tilt: constraint violation = -0.308621
   pelvis_tilt: constraint violation = 0.606603
   pelvis_tilt: constraint violation = -20.6276
   pelvis_tilt: constraint violation = -0.505454
   pelvis_tilt: constraint violation = 1.70036
   pelvis_tilt: constraint violation = -1.52587
   pelvis_tilt: constraint violation = -6.83005
   pelvis_tilt: constraint violation = -1.42888

[2026-09-11 20:21:01.662] [cout] [info] time = 1.948 Performance = 1.7991 Constraint violation = 22.0846
[2026-09-11 20:21:03.176] [warning] SimTK Exception thrown at InteriorPointOptimizer.cpp:264:
  Optimizer failed: Ipopt: Maximum iterations exceeded (status -1)
[2026-09-11 20:21:03.176] [warning] OPTIMIZATION FAILED...
[2026-09-11 20:21:03.176] [warning] StaticOptimization.record: The optimizer could not find a solution at time = 1.964.
[2026-09-11 20:21:03.177] [warning] The model appears unsuitable for static optimization.
Try appending the model with additional force(s) or locking joint(s) to reduce the following acceleration constraint violation(s):
   pelvis_tilt: constraint violation = 0.607279
   pelvis_tilt: constraint violation = 0.651881
   pelvis_tilt: constraint violation = -1.15517
   pelvis_tilt: constraint violation = 0.00256891
   pelvis_tilt: constraint violation = -0.18843
   pelvis_tilt: constraint violation = -0.0545927
   pelvis_tilt: constraint violation = -1.41352
   pelvis_tilt: constraint violation = 0.29407
   pelvis_tilt: constraint violation = -0.0766923
   pelvis_tilt: constraint violation = 1.18235
   pelvis_tilt: constraint violation = -1.01098
   pelvis_tilt: constraint violation = 0.232539
   pelvis_tilt: constraint violation = -1.43325
   pelvis_tilt: constraint violation = -0.400212
   pelvis_tilt: constraint violation = -0.257934
   pelvis_tilt: constraint violation = -0.66646
   pelvis_tilt: constraint violation = 0.64787
   pelvis_tilt: constraint violation = -28.6706
   pelvis_tilt: constraint violation = -0.423312
   pelvis_tilt: constraint violation = 1.32485
   pelvis_tilt: constraint violation = -1.79953
   pelvis_tilt: constraint violation = -10.8022
   pelvis_tilt: constraint violation = -1.10415

[2026-09-11 20:21:03.177] [cout] [info] time = 1.964 Performance = 1.60237 Constraint violation = 30.9024
[2026-09-11 20:21:04.743] [warning] SimTK Exception thrown at InteriorPointOptimizer.cpp:264:
  Optimizer failed: Ipopt: Maximum iterations exceeded (status -1)
[2026-09-11 20:21:04.744] [warning] OPTIMIZATION FAILED...
[2026-09-11 20:21:04.744] [warning] StaticOptimization.record: The optimizer could not find a solution at time = 1.98.
[2026-09-11 20:21:04.744] [warning] The model appears unsuitable for static optimization.
Try appending the model with additional force(s) or locking joint(s) to reduce the following acceleration constraint violation(s):
   pelvis_tilt: constraint violation = 0.336815
   pelvis_tilt: constraint violation = 0.512788
   pelvis_tilt: constraint violation = -0.987171
   pelvis_tilt: constraint violation = 0.00207833
   pelvis_tilt: constraint violation = -0.258682
   pelvis_tilt: constraint violation = -0.0398271
   pelvis_tilt: constraint violation = -2.14931
   pelvis_tilt: constraint violation = 0.196306
   pelvis_tilt: constraint violation = -0.0564947
   pelvis_tilt: constraint violation = 1.01308
   pelvis_tilt: constraint violation = -0.77962
   pelvis_tilt: constraint violation = 0.163278
   pelvis_tilt: constraint violation = -1.85025
   pelvis_tilt: constraint violation = -0.20941
   pelvis_tilt: constraint violation = -0.239827
   pelvis_tilt: constraint violation = -1.02188
   pelvis_tilt: constraint violation = 0.724876
   pelvis_tilt: constraint violation = -42.7711
   pelvis_tilt: constraint violation = -1.15041
   pelvis_tilt: constraint violation = 1.19927
   pelvis_tilt: constraint violation = -1.45138
   pelvis_tilt: constraint violation = -17.1285
   pelvis_tilt: constraint violation = -1.47189

[2026-09-11 20:21:04.744] [cout] [info] time = 1.98 Performance = 1.40451 Constraint violation = 46.2885
[2026-09-11 20:21:06.104] [warning] SimTK Exception thrown at InteriorPointOptimizer.cpp:264:
  Optimizer failed: Ipopt: Maximum iterations exceeded (status -1)
[2026-09-11 20:21:06.104] [warning] OPTIMIZATION FAILED...
[2026-09-11 20:21:06.104] [warning] StaticOptimization.record: The optimizer could not find a solution at time = 1.996.
[2026-09-11 20:21:06.104] [warning] The model appears unsuitable for static optimization.
Try appending the model with additional force(s) or locking joint(s) to reduce the following acceleration constraint violation(s):
   pelvis_tilt: constraint violation = -0.0924704
   pelvis_tilt: constraint violation = 0.227104
   pelvis_tilt: constraint violation = -0.753485
   pelvis_tilt: constraint violation = 0.00224204
   pelvis_tilt: constraint violation = -0.216701
   pelvis_tilt: constraint violation = -0.0138809
   pelvis_tilt: constraint violation = -1.89945
   pelvis_tilt: constraint violation = -0.0521446
   pelvis_tilt: constraint violation = -0.00790075
   pelvis_tilt: constraint violation = 0.799641
   pelvis_tilt: constraint violation = -0.444273
   pelvis_tilt: constraint violation = 0.0988725
   pelvis_tilt: constraint violation = -1.87764
   pelvis_tilt: constraint violation = 0.0449812
   pelvis_tilt: constraint violation = -0.236872
   pelvis_tilt: constraint violation = -0.847058
   pelvis_tilt: constraint violation = 0.583402
   pelvis_tilt: constraint violation = -35.1586
   pelvis_tilt: constraint violation = -0.836783
   pelvis_tilt: constraint violation = -0.123874
   pelvis_tilt: constraint violation = -1.01752
   pelvis_tilt: constraint violation = -16.22
   pelvis_tilt: constraint violation = -1.15756

[2026-09-11 20:21:06.105] [cout] [info] time = 1.996 Performance = 1.25892 Constraint violation = 38.8855
[2026-09-11 20:21:07.648] [warning] SimTK Exception thrown at InteriorPointOptimizer.cpp:264:
  Optimizer failed: Ipopt: Maximum iterations exceeded (status -1)
[2026-09-11 20:21:07.648] [warning] OPTIMIZATION FAILED...
[2026-09-11 20:21:07.648] [warning] StaticOptimization.record: The optimizer could not find a solution at time = 2.012.
[2026-09-11 20:21:07.648] [warning] The model appears unsuitable for static optimization.
Try appending the model with additional force(s) or locking joint(s) to reduce the following acceleration constraint violation(s):
   pelvis_tilt: constraint violation = -0.68434
   pelvis_tilt: constraint violation = 0.271028
   pelvis_tilt: constraint violation = -0.301034
   pelvis_tilt: constraint violation = 0.00153568
   pelvis_tilt: constraint violation = -0.0814483
   pelvis_tilt: constraint violation = -0.0232918
   pelvis_tilt: constraint violation = -0.609625
   pelvis_tilt: constraint violation = 0.237491
   pelvis_tilt: constraint violation = -0.0496653
   pelvis_tilt: constraint violation = 0.157788
   pelvis_tilt: constraint violation = -0.299474
   pelvis_tilt: constraint violation = 0.0476362
   pelvis_tilt: constraint violation = -1.31998
   pelvis_tilt: constraint violation = -0.137856
   pelvis_tilt: constraint violation = -0.0480258
   pelvis_tilt: constraint violation = -0.315011
   pelvis_tilt: constraint violation = 0.124512
   pelvis_tilt: constraint violation = -18.1985
   pelvis_tilt: constraint violation = -0.279916
   pelvis_tilt: constraint violation = 1.32155
   pelvis_tilt: constraint violation = -0.67551
   pelvis_tilt: constraint violation = -5.54225
   pelvis_tilt: constraint violation = -0.47531

[2026-09-11 20:21:07.649] [cout] [info] time = 2.012 Performance = 1.35155 Constraint violation = 19.1696
[2026-09-11 20:21:08.933] [warning] SimTK Exception thrown at InteriorPointOptimizer.cpp:264:
  Optimizer failed: Ipopt: Maximum iterations exceeded (status -1)
[2026-09-11 20:21:08.933] [warning] OPTIMIZATION FAILED...
[2026-09-11 20:21:08.933] [warning] StaticOptimization.record: The optimizer could not find a solution at time = 2.028.
[2026-09-11 20:21:08.934] [warning] The model appears unsuitable for static optimization.
Try appending the model with additional force(s) or locking joint(s) to reduce the following acceleration constraint violation(s):
   pelvis_tilt: constraint violation = -1.22062
   pelvis_tilt: constraint violation = 0.366093
   pelvis_tilt: constraint violation = 0.117564
   pelvis_tilt: constraint violation = 8.96411e-05
   pelvis_tilt: constraint violation = 0.0025934
   pelvis_tilt: constraint violation = -0.0369609
   pelvis_tilt: constraint violation = 0.165976
   pelvis_tilt: constraint violation = 1.34667
   pelvis_tilt: constraint violation = -0.105945
   pelvis_tilt: constraint violation = -0.343098
   pelvis_tilt: constraint violation = -0.172369
   pelvis_tilt: constraint violation = 0.0127574
   pelvis_tilt: constraint violation = -0.628453
   pelvis_tilt: constraint violation = -0.458835
   pelvis_tilt: constraint violation = 0.129628
   pelvis_tilt: constraint violation = -0.0163429
   pelvis_tilt: constraint violation = -0.150248
   pelvis_tilt: constraint violation = -10.5977
   pelvis_tilt: constraint violation = -0.661188
   pelvis_tilt: constraint violation = 2.40963
   pelvis_tilt: constraint violation = -0.190977
   pelvis_tilt: constraint violation = 3.3331
   pelvis_tilt: constraint violation = -0.278442

[2026-09-11 20:21:08.934] [cout] [info] time = 2.028 Performance = 1.32466 Constraint violation = 11.5785
[2026-09-11 20:21:10.373] [warning] SimTK Exception thrown at InteriorPointOptimizer.cpp:264:
  Optimizer failed: Ipopt: Maximum iterations exceeded (status -1)
[2026-09-11 20:21:10.373] [warning] OPTIMIZATION FAILED...
[2026-09-11 20:21:10.373] [warning] StaticOptimization.record: The optimizer could not find a solution at time = 2.044.
[2026-09-11 20:21:10.373] [warning] The model appears unsuitable for static optimization.
Try appending the model with additional force(s) or locking joint(s) to reduce the following acceleration constraint violation(s):
   pelvis_tilt: constraint violation = -1.69195
   pelvis_tilt: constraint violation = 0.478112
   pelvis_tilt: constraint violation = 0.408546
   pelvis_tilt: constraint violation = -0.00165761
   pelvis_tilt: constraint violation = 0.0120804
   pelvis_tilt: constraint violation = -0.0525829
   pelvis_tilt: constraint violation = -0.0450828
   pelvis_tilt: constraint violation = 1.01459
   pelvis_tilt: constraint violation = -0.129685
   pelvis_tilt: constraint violation = -1.45173
   pelvis_tilt: constraint violation = -0.253023
   pelvis_tilt: constraint violation = -0.0219823
   pelvis_tilt: constraint violation = -0.0929292
   pelvis_tilt: constraint violation = -0.755881
   pelvis_tilt: constraint violation = 0.321367
   pelvis_tilt: constraint violation = -0.32512
   pelvis_tilt: constraint violation = -0.295511
   pelvis_tilt: constraint violation = -16.1734
   pelvis_tilt: constraint violation = -3.35217
   pelvis_tilt: constraint violation = 5.07278
   pelvis_tilt: constraint violation = 0.380796
   pelvis_tilt: constraint violation = 5.24232
   pelvis_tilt: constraint violation = -0.935706

[2026-09-11 20:21:10.373] [cout] [info] time = 2.044 Performance = 1.17363 Constraint violation = 18.2869
[2026-09-11 20:21:12.173] [warning] SimTK Exception thrown at InteriorPointOptimizer.cpp:264:
  Optimizer failed: Ipopt: Maximum iterations exceeded (status -1)
[2026-09-11 20:21:12.173] [warning] OPTIMIZATION FAILED...
[2026-09-11 20:21:12.173] [warning] StaticOptimization.record: The optimizer could not find a solution at time = 2.06.
[2026-09-11 20:21:12.174] [warning] The model appears unsuitable for static optimization.
Try appending the model with additional force(s) or locking joint(s) to reduce the following acceleration constraint violation(s):
   pelvis_tilt: constraint violation = -1.6118
   pelvis_tilt: constraint violation = 0.400548
   pelvis_tilt: constraint violation = 0.186887
   pelvis_tilt: constraint violation = -0.00154565
   pelvis_tilt: constraint violation = -0.013477
   pelvis_tilt: constraint violation = -0.0379413
   pelvis_tilt: constraint violation = -0.576848
   pelvis_tilt: constraint violation = 0.811951
   pelvis_tilt: constraint violation = -0.0854515
   pelvis_tilt: constraint violation = -1.34104
   pelvis_tilt: constraint violation = -0.30064
   pelvis_tilt: constraint violation = 0.00688493
   pelvis_tilt: constraint violation = 0.00407611
   pelvis_tilt: constraint violation = -0.627965
   pelvis_tilt: constraint violation = 0.190434
   pelvis_tilt: constraint violation = -0.557931
   pelvis_tilt: constraint violation = -0.18572
   pelvis_tilt: constraint violation = -17.7211
   pelvis_tilt: constraint violation = -7.35139
   pelvis_tilt: constraint violation = 3.83682
   pelvis_tilt: constraint violation = 0.100534
   pelvis_tilt: constraint violation = 2.67388
   pelvis_tilt: constraint violation = -2.64742

[2026-09-11 20:21:12.174] [cout] [info] time = 2.06 Performance = 1.05775 Constraint violation = 20.0856
[2026-09-11 20:21:13.415] [warning] SimTK Exception thrown at InteriorPointOptimizer.cpp:264:
  Optimizer failed: Ipopt: Maximum iterations exceeded (status -1)
[2026-09-11 20:21:13.415] [warning] OPTIMIZATION FAILED...
[2026-09-11 20:21:13.415] [warning] StaticOptimization.record: The optimizer could not find a solution at time = 2.076.
[2026-09-11 20:21:13.416] [warning] The model appears unsuitable for static optimization.
Try appending the model with additional force(s) or locking joint(s) to reduce the following acceleration constraint violation(s):
   pelvis_tilt: constraint violation = -1.47917
   pelvis_tilt: constraint violation = 0.162964
   pelvis_tilt: constraint violation = -0.178065
   pelvis_tilt: constraint violation = -0.000925899
   pelvis_tilt: constraint violation = 0.0224212
   pelvis_tilt: constraint violation = -0.0169319
   pelvis_tilt: constraint violation = -0.886546
   pelvis_tilt: constraint violation = 0.244094
   pelvis_tilt: constraint violation = -0.0252881
   pelvis_tilt: constraint violation = -0.628736
   pelvis_tilt: constraint violation = -0.24514
   pelvis_tilt: constraint violation = 0.0575968
   pelvis_tilt: constraint violation = 0.120527
   pelvis_tilt: constraint violation = -0.269889
   pelvis_tilt: constraint violation = -0.031001
   pelvis_tilt: constraint violation = -0.650365
   pelvis_tilt: constraint violation = -0.266746
   pelvis_tilt: constraint violation = -4.40652
   pelvis_tilt: constraint violation = -6.30925
   pelvis_tilt: constraint violation = 0.710303
   pelvis_tilt: constraint violation = -0.986546
   pelvis_tilt: constraint violation = 2.66024
   pelvis_tilt: constraint violation = -3.00232

[2026-09-11 20:21:13.416] [cout] [info] time = 2.076 Performance = 0.998888 Constraint violation = 8.99594
[2026-09-11 20:21:14.959] [warning] SimTK Exception thrown at InteriorPointOptimizer.cpp:264:
  Optimizer failed: Ipopt: Maximum iterations exceeded (status -1)
[2026-09-11 20:21:14.959] [warning] OPTIMIZATION FAILED...
[2026-09-11 20:21:14.959] [warning] StaticOptimization.record: The optimizer could not find a solution at time = 2.092.
[2026-09-11 20:21:14.959] [warning] The model appears unsuitable for static optimization.
Try appending the model with additional force(s) or locking joint(s) to reduce the following acceleration constraint violation(s):
   pelvis_tilt: constraint violation = -1.36686
   pelvis_tilt: constraint violation = -0.170759
   pelvis_tilt: constraint violation = -0.984429
   pelvis_tilt: constraint violation = -0.000936165
   pelvis_tilt: constraint violation = 0.103333
   pelvis_tilt: constraint violation = 0.0110254
   pelvis_tilt: constraint violation = -1.50708
   pelvis_tilt: constraint violation = -0.487798
   pelvis_tilt: constraint violation = 0.0121196
   pelvis_tilt: constraint violation = 0.0405127
   pelvis_tilt: constraint violation = -0.0428379
   pelvis_tilt: constraint violation = 0.0645491
   pelvis_tilt: constraint violation = 0.203397
   pelvis_tilt: constraint violation = 0.229789
   pelvis_tilt: constraint violation = -0.161482
   pelvis_tilt: constraint violation = -0.157957
   pelvis_tilt: constraint violation = -0.15544
   pelvis_tilt: constraint violation = 6.14981
   pelvis_tilt: constraint violation = 4.42618
   pelvis_tilt: constraint violation = -1.33313
   pelvis_tilt: constraint violation = -1.07498
   pelvis_tilt: constraint violation = 3.65351
   pelvis_tilt: constraint violation = 3.36907

[2026-09-11 20:21:14.959] [cout] [info] time = 2.092 Performance = 0.887298 Constraint violation = 9.51875
[2026-09-11 20:21:16.502] [warning] SimTK Exception thrown at InteriorPointOptimizer.cpp:264:
  Optimizer failed: Ipopt: Maximum iterations exceeded (status -1)
[2026-09-11 20:21:16.502] [warning] OPTIMIZATION FAILED...
[2026-09-11 20:21:16.502] [warning] StaticOptimization.record: The optimizer could not find a solution at time = 2.10800.
[2026-09-11 20:21:16.502] [warning] The model appears unsuitable for static optimization.
Try appending the model with additional force(s) or locking joint(s) to reduce the following acceleration constraint violation(s):
   pelvis_tilt: constraint violation = -1.30604
   pelvis_tilt: constraint violation = -0.39506
   pelvis_tilt: constraint violation = -1.29881
   pelvis_tilt: constraint violation = -0.00152623
   pelvis_tilt: constraint violation = 0.0954468
   pelvis_tilt: constraint violation = 0.03631
   pelvis_tilt: constraint violation = -1.47854
   pelvis_tilt: constraint violation = -0.597668
   pelvis_tilt: constraint violation = 0.0209031
   pelvis_tilt: constraint violation = 0.427182
   pelvis_tilt: constraint violation = 0.0480132
   pelvis_tilt: constraint violation = 0.181073
   pelvis_tilt: constraint violation = 0.271098
   pelvis_tilt: constraint violation = 0.629088
   pelvis_tilt: constraint violation = -0.613477
   pelvis_tilt: constraint violation = -1.01509
   pelvis_tilt: constraint violation = -0.235827
   pelvis_tilt: constraint violation = 13.3418
   pelvis_tilt: constraint violation = 19.0036
   pelvis_tilt: constraint violation = -3.28662
   pelvis_tilt: constraint violation = -3.50458
   pelvis_tilt: constraint violation = 3.45174
   pelvis_tilt: constraint violation = 7.46183

[2026-09-11 20:21:16.502] [cout] [info] time = 2.10800 Performance = 0.781529 Constraint violation = 25.26
[2026-09-11 20:21:17.854] [warning] SimTK Exception thrown at InteriorPointOptimizer.cpp:264:
  Optimizer failed: Ipopt: Maximum iterations exceeded (status -1)
[2026-09-11 20:21:17.854] [warning] OPTIMIZATION FAILED...
[2026-09-11 20:21:17.854] [warning] StaticOptimization.record: The optimizer could not find a solution at time = 2.124.
[2026-09-11 20:21:17.855] [warning] The model appears unsuitable for static optimization.
Try appending the model with additional force(s) or locking joint(s) to reduce the following acceleration constraint violation(s):
   pelvis_tilt: constraint violation = -1.07852
   pelvis_tilt: constraint violation = -0.299448
   pelvis_tilt: constraint violation = -1.41188
   pelvis_tilt: constraint violation = -0.00173489
   pelvis_tilt: constraint violation = 0.0288499
   pelvis_tilt: constraint violation = 0.0349585
   pelvis_tilt: constraint violation = -1.55556
   pelvis_tilt: constraint violation = -0.432576
   pelvis_tilt: constraint violation = -0.00261679
   pelvis_tilt: constraint violation = 0.443467
   pelvis_tilt: constraint violation = 0.0564138
   pelvis_tilt: constraint violation = 0.187233
   pelvis_tilt: constraint violation = 0.0273264
   pelvis_tilt: constraint violation = 0.718531
   pelvis_tilt: constraint violation = -0.651317
   pelvis_tilt: constraint violation = -0.957046
   pelvis_tilt: constraint violation = 0.0132417
   pelvis_tilt: constraint violation = 3.75129
   pelvis_tilt: constraint violation = 15.0216
   pelvis_tilt: constraint violation = -2.36703
   pelvis_tilt: constraint violation = -3.01904
   pelvis_tilt: constraint violation = -0.124007
   pelvis_tilt: constraint violation = 3.04088

[2026-09-11 20:21:17.855] [cout] [info] time = 2.124 Performance = 0.706567 Constraint violation = 16.4818
[2026-09-11 20:21:19.138] [warning] SimTK Exception thrown at InteriorPointOptimizer.cpp:264:
  Optimizer failed: Ipopt: Maximum iterations exceeded (status -1)
[2026-09-11 20:21:19.138] [warning] OPTIMIZATION FAILED...
[2026-09-11 20:21:19.138] [warning] StaticOptimization.record: The optimizer could not find a solution at time = 2.14.
[2026-09-11 20:21:19.138] [warning] The model appears unsuitable for static optimization.
Try appending the model with additional force(s) or locking joint(s) to reduce the following acceleration constraint violation(s):
   pelvis_tilt: constraint violation = -0.715993
   pelvis_tilt: constraint violation = -0.204502
   pelvis_tilt: constraint violation = -1.57586
   pelvis_tilt: constraint violation = -0.00177087
   pelvis_tilt: constraint violation = -0.0680275
   pelvis_tilt: constraint violation = 0.0275525
   pelvis_tilt: constraint violation = -2.25903
   pelvis_tilt: constraint violation = -0.295246
   pelvis_tilt: constraint violation = -0.0273649
   pelvis_tilt: constraint violation = 0.370219
   pelvis_tilt: constraint violation = 0.0526164
   pelvis_tilt: constraint violation = 0.196481
   pelvis_tilt: constraint violation = -0.548779
   pelvis_tilt: constraint violation = 0.725066
   pelvis_tilt: constraint violation = -0.676339
   pelvis_tilt: constraint violation = -0.990206
   pelvis_tilt: constraint violation = 0.244598
   pelvis_tilt: constraint violation = -6.88476
   pelvis_tilt: constraint violation = 7.40592
   pelvis_tilt: constraint violation = -1.62025
   pelvis_tilt: constraint violation = -2.48785
   pelvis_tilt: constraint violation = -4.44418
   pelvis_tilt: constraint violation = -4.454

[2026-09-11 20:21:19.138] [cout] [info] time = 2.14 Performance = 0.662618 Constraint violation = 12.7039
[2026-09-11 20:21:21.093] [warning] SimTK Exception thrown at InteriorPointOptimizer.cpp:264:
  Optimizer failed: Ipopt: Maximum iterations exceeded (status -1)
[2026-09-11 20:21:21.093] [warning] OPTIMIZATION FAILED...
[2026-09-11 20:21:21.093] [warning] StaticOptimization.record: The optimizer could not find a solution at time = 2.156.
[2026-09-11 20:21:21.093] [warning] The model appears unsuitable for static optimization.
Try appending the model with additional force(s) or locking joint(s) to reduce the following acceleration constraint violation(s):
   pelvis_tilt: constraint violation = -0.588687
   pelvis_tilt: constraint violation = -0.121013
   pelvis_tilt: constraint violation = -1.48512
   pelvis_tilt: constraint violation = -0.00146527
   pelvis_tilt: constraint violation = -0.171945
   pelvis_tilt: constraint violation = 0.0194608
   pelvis_tilt: constraint violation = -2.08519
   pelvis_tilt: constraint violation = -0.204975
   pelvis_tilt: constraint violation = -0.0432206
   pelvis_tilt: constraint violation = 0.186407
   pelvis_tilt: constraint violation = 0.05763
   pelvis_tilt: constraint violation = 0.210915
   pelvis_tilt: constraint violation = -0.898814
   pelvis_tilt: constraint violation = 0.584783
   pelvis_tilt: constraint violation = -0.744802
   pelvis_tilt: constraint violation = -1.26614
   pelvis_tilt: constraint violation = 0.381035
   pelvis_tilt: constraint violation = -17.6411
   pelvis_tilt: constraint violation = -3.09569
   pelvis_tilt: constraint violation = -1.10177
   pelvis_tilt: constraint violation = -1.91177
   pelvis_tilt: constraint violation = -8.13477
   pelvis_tilt: constraint violation = -11.2002

[2026-09-11 20:21:21.093] [cout] [info] time = 2.156 Performance = 0.689171 Constraint violation = 22.9739
[2026-09-11 20:21:22.174] [warning] SimTK Exception thrown at InteriorPointOptimizer.cpp:264:
  Optimizer failed: Ipopt: Maximum iterations exceeded (status -1)
[2026-09-11 20:21:22.174] [warning] OPTIMIZATION FAILED...
[2026-09-11 20:21:22.174] [warning] StaticOptimization.record: The optimizer could not find a solution at time = 2.172.
[2026-09-11 20:21:22.175] [warning] The model appears unsuitable for static optimization.
Try appending the model with additional force(s) or locking joint(s) to reduce the following acceleration constraint violation(s):
   pelvis_tilt: constraint violation = -0.369812
   pelvis_tilt: constraint violation = -0.0621183
   pelvis_tilt: constraint violation = -1.01054
   pelvis_tilt: constraint violation = -0.000312472
   pelvis_tilt: constraint violation = -0.210442
   pelvis_tilt: constraint violation = 0.00713931
   pelvis_tilt: constraint violation = -1.60173
   pelvis_tilt: constraint violation = -0.0831745
   pelvis_tilt: constraint violation = -0.0360885
   pelvis_tilt: constraint violation = -0.135392
   pelvis_tilt: constraint violation = 0.0470208
   pelvis_tilt: constraint violation = 0.126864
   pelvis_tilt: constraint violation = -1.25495
   pelvis_tilt: constraint violation = 0.313314
   pelvis_tilt: constraint violation = -0.481275
   pelvis_tilt: constraint violation = -0.954448
   pelvis_tilt: constraint violation = 0.310472
   pelvis_tilt: constraint violation = -20.2137
   pelvis_tilt: constraint violation = -11.8865
   pelvis_tilt: constraint violation = -0.357985
   pelvis_tilt: constraint violation = -0.647157
   pelvis_tilt: constraint violation = -9.25699
   pelvis_tilt: constraint violation = -13.1086

[2026-09-11 20:21:22.175] [cout] [info] time = 2.172 Performance = 0.774361 Constraint violation = 28.5427
[2026-09-11 20:21:23.376] [warning] SimTK Exception thrown at InteriorPointOptimizer.cpp:264:
  Optimizer failed: Ipopt: Maximum iterations exceeded (status -1)
[2026-09-11 20:21:23.376] [warning] OPTIMIZATION FAILED...
[2026-09-11 20:21:23.376] [warning] StaticOptimization.record: The optimizer could not find a solution at time = 2.188.
[2026-09-11 20:21:23.376] [warning] The model appears unsuitable for static optimization.
Try appending the model with additional force(s) or locking joint(s) to reduce the following acceleration constraint violation(s):
   pelvis_tilt: constraint violation = -0.748236
   pelvis_tilt: constraint violation = 0.144585
   pelvis_tilt: constraint violation = -0.512922
   pelvis_tilt: constraint violation = 0.000589432
   pelvis_tilt: constraint violation = -0.283037
   pelvis_tilt: constraint violation = -0.0140954
   pelvis_tilt: constraint violation = -0.451786
   pelvis_tilt: constraint violation = 0.10181
   pelvis_tilt: constraint violation = -0.022591
   pelvis_tilt: constraint violation = -0.19561
   pelvis_tilt: constraint violation = -0.0667805
   pelvis_tilt: constraint violation = 0.0822021
   pelvis_tilt: constraint violation = -0.912955
   pelvis_tilt: constraint violation = -0.00475553
   pelvis_tilt: constraint violation = -0.11107
   pelvis_tilt: constraint violation = -0.383439
   pelvis_tilt: constraint violation = 0.129821
   pelvis_tilt: constraint violation = -12.5813
   pelvis_tilt: constraint violation = -7.05504
   pelvis_tilt: constraint violation = 0.544172
   pelvis_tilt: constraint violation = -0.325655
   pelvis_tilt: constraint violation = -7.09443
   pelvis_tilt: constraint violation = -9.8375

[2026-09-11 20:21:23.376] [cout] [info] time = 2.188 Performance = 0.841912 Constraint violation = 18.9148
[2026-09-11 20:21:24.508] [warning] SimTK Exception thrown at InteriorPointOptimizer.cpp:264:
  Optimizer failed: Ipopt: Maximum iterations exceeded (status -1)
[2026-09-11 20:21:24.508] [warning] OPTIMIZATION FAILED...
[2026-09-11 20:21:24.508] [warning] StaticOptimization.record: The optimizer could not find a solution at time = 2.20400.
[2026-09-11 20:21:24.508] [warning] The model appears unsuitable for static optimization.
Try appending the model with additional force(s) or locking joint(s) to reduce the following acceleration constraint violation(s):
   pelvis_tilt: constraint violation = -0.12844
   pelvis_tilt: constraint violation = 0.416814
   pelvis_tilt: constraint violation = 0.0129149
   pelvis_tilt: constraint violation = 0.00138961
   pelvis_tilt: constraint violation = -0.217842
   pelvis_tilt: constraint violation = -0.0343624
   pelvis_tilt: constraint violation = -0.186422
   pelvis_tilt: constraint violation = 0.286845
   pelvis_tilt: constraint violation = -0.00896883
   pelvis_tilt: constraint violation = -0.982441
   pelvis_tilt: constraint violation = -0.257403
   pelvis_tilt: constraint violation = 0.122161
   pelvis_tilt: constraint violation = -1.5997
   pelvis_tilt: constraint violation = -0.280254
   pelvis_tilt: constraint violation = 0.123796
   pelvis_tilt: constraint violation = -0.114169
   pelvis_tilt: constraint violation = 0.129621
   pelvis_tilt: constraint violation = -26.5077
   pelvis_tilt: constraint violation = -16.8408
   pelvis_tilt: constraint violation = 1.68431
   pelvis_tilt: constraint violation = -0.654276
   pelvis_tilt: constraint violation = -9.51115
   pelvis_tilt: constraint violation = -13.2448

[2026-09-11 20:21:24.508] [cout] [info] time = 2.20400 Performance = 0.871669 Constraint violation = 35.4896
[2026-09-11 20:21:25.579] [warning] SimTK Exception thrown at InteriorPointOptimizer.cpp:264:
  Optimizer failed: Ipopt: Maximum iterations exceeded (status -1)
[2026-09-11 20:21:25.579] [warning] OPTIMIZATION FAILED...
[2026-09-11 20:21:25.579] [warning] StaticOptimization.record: The optimizer could not find a solution at time = 2.22.
[2026-09-11 20:21:25.580] [warning] The model appears unsuitable for static optimization.
Try appending the model with additional force(s) or locking joint(s) to reduce the following acceleration constraint violation(s):
   pelvis_tilt: constraint violation = -0.00216361
   pelvis_tilt: constraint violation = 0.647312
   pelvis_tilt: constraint violation = 0.24701
   pelvis_tilt: constraint violation = 0.00145469
   pelvis_tilt: constraint violation = -0.209668
   pelvis_tilt: constraint violation = -0.0249328
   pelvis_tilt: constraint violation = 0.248504
   pelvis_tilt: constraint violation = 0.20486
   pelvis_tilt: constraint violation = 0.00343902
   pelvis_tilt: constraint violation = -1.05361
   pelvis_tilt: constraint violation = -0.257722
   pelvis_tilt: constraint violation = 0.0889381
   pelvis_tilt: constraint violation = -1.70685
   pelvis_tilt: constraint violation = -0.58592
   pelvis_tilt: constraint violation = 0.190878
   pelvis_tilt: constraint violation = 0.251
   pelvis_tilt: constraint violation = 0.0589857
   pelvis_tilt: constraint violation = -16.3224
   pelvis_tilt: constraint violation = -7.98926
   pelvis_tilt: constraint violation = 1.37818
   pelvis_tilt: constraint violation = -0.603455
   pelvis_tilt: constraint violation = -6.70321
   pelvis_tilt: constraint violation = -7.40574

[2026-09-11 20:21:25.580] [cout] [info] time = 2.22 Performance = 0.904960 Constraint violation = 20.9156
[2026-09-11 20:21:26.682] [warning] SimTK Exception thrown at InteriorPointOptimizer.cpp:264:
  Optimizer failed: Ipopt: Maximum iterations exceeded (status -1)
[2026-09-11 20:21:26.682] [warning] OPTIMIZATION FAILED...
[2026-09-11 20:21:26.682] [warning] StaticOptimization.record: The optimizer could not find a solution at time = 2.236.
[2026-09-11 20:21:26.682] [warning] The model appears unsuitable for static optimization.
Try appending the model with additional force(s) or locking joint(s) to reduce the following acceleration constraint violation(s):
   pelvis_tilt: constraint violation = -0.00469549
   pelvis_tilt: constraint violation = 0.51063
   pelvis_tilt: constraint violation = 0.0259234
   pelvis_tilt: constraint violation = 0.00210174
   pelvis_tilt: constraint violation = -0.163327
   pelvis_tilt: constraint violation = -0.0350789
   pelvis_tilt: constraint violation = 0.374934
   pelvis_tilt: constraint violation = 0.349246
   pelvis_tilt: constraint violation = -0.00424135
   pelvis_tilt: constraint violation = -0.637335
   pelvis_tilt: constraint violation = -0.354512
   pelvis_tilt: constraint violation = 0.135193
   pelvis_tilt: constraint violation = -1.71476
   pelvis_tilt: constraint violation = -0.290837
   pelvis_tilt: constraint violation = 0.136068
   pelvis_tilt: constraint violation = 0.42564
   pelvis_tilt: constraint violation = 0.076946
   pelvis_tilt: constraint violation = -23.9795
   pelvis_tilt: constraint violation = -7.36249
   pelvis_tilt: constraint violation = 2.0665
   pelvis_tilt: constraint violation = -0.87853
   pelvis_tilt: constraint violation = -8.43241
   pelvis_tilt: constraint violation = -7.48825

[2026-09-11 20:21:26.682] [cout] [info] time = 2.236 Performance = 0.868172 Constraint violation = 27.6727
[2026-09-11 20:21:28.203] [warning] SimTK Exception thrown at InteriorPointOptimizer.cpp:264:
  Optimizer failed: Ipopt: Maximum iterations exceeded (status -1)
[2026-09-11 20:21:28.203] [warning] OPTIMIZATION FAILED...
[2026-09-11 20:21:28.203] [warning] StaticOptimization.record: The optimizer could not find a solution at time = 2.252.
[2026-09-11 20:21:28.204] [warning] The model appears unsuitable for static optimization.
Try appending the model with additional force(s) or locking joint(s) to reduce the following acceleration constraint violation(s):
   pelvis_tilt: constraint violation = 0.0319868
   pelvis_tilt: constraint violation = 0.492092
   pelvis_tilt: constraint violation = -0.296329
   pelvis_tilt: constraint violation = 0.0013974
   pelvis_tilt: constraint violation = -0.168936
   pelvis_tilt: constraint violation = -0.0263095
   pelvis_tilt: constraint violation = 0.0926125
   pelvis_tilt: constraint violation = 0.493512
   pelvis_tilt: constraint violation = -0.0263424
   pelvis_tilt: constraint violation = 0.0243932
   pelvis_tilt: constraint violation = -0.201171
   pelvis_tilt: constraint violation = 0.0628754
   pelvis_tilt: constraint violation = -1.83745
   pelvis_tilt: constraint violation = -0.127063
   pelvis_tilt: constraint violation = -0.0436415
   pelvis_tilt: constraint violation = 0.187852
   pelvis_tilt: constraint violation = 0.0628964
   pelvis_tilt: constraint violation = -1.30675
   pelvis_tilt: constraint violation = -1.14876
   pelvis_tilt: constraint violation = 0.91229
   pelvis_tilt: constraint violation = -0.4544
   pelvis_tilt: constraint violation = -5.59002
   pelvis_tilt: constraint violation = -3.94514

[2026-09-11 20:21:28.204] [cout] [info] time = 2.252 Performance = 0.891271 Constraint violation = 7.41418
[2026-09-11 20:21:29.567] [warning] SimTK Exception thrown at InteriorPointOptimizer.cpp:264:
  Optimizer failed: Ipopt: Maximum iterations exceeded (status -1)
[2026-09-11 20:21:29.567] [warning] OPTIMIZATION FAILED...
[2026-09-11 20:21:29.567] [warning] StaticOptimization.record: The optimizer could not find a solution at time = 2.268.
[2026-09-11 20:21:29.568] [warning] The model appears unsuitable for static optimization.
Try appending the model with additional force(s) or locking joint(s) to reduce the following acceleration constraint violation(s):
   pelvis_tilt: constraint violation = 0.0510135
   pelvis_tilt: constraint violation = 0.414088
   pelvis_tilt: constraint violation = -1.07228
   pelvis_tilt: constraint violation = 0.0018629
   pelvis_tilt: constraint violation = -0.121178
   pelvis_tilt: constraint violation = -0.00925618
   pelvis_tilt: constraint violation = -0.0945297
   pelvis_tilt: constraint violation = 0.290303
   pelvis_tilt: constraint violation = -0.0666468
   pelvis_tilt: constraint violation = 0.649977
   pelvis_tilt: constraint violation = -0.0162531
   pelvis_tilt: constraint violation = 0.0577932
   pelvis_tilt: constraint violation = -1.82115
   pelvis_tilt: constraint violation = 0.0949687
   pelvis_tilt: constraint violation = -0.0709105
   pelvis_tilt: constraint violation = -0.0818058
   pelvis_tilt: constraint violation = 0.122634
   pelvis_tilt: constraint violation = -5.9181
   pelvis_tilt: constraint violation = -1.70052
   pelvis_tilt: constraint violation = 1.17577
   pelvis_tilt: constraint violation = 0.0644802
   pelvis_tilt: constraint violation = -5.92762
   pelvis_tilt: constraint violation = -2.95616

[2026-09-11 20:21:29.568] [cout] [info] time = 2.268 Performance = 0.940933 Constraint violation = 9.40173
[2026-09-11 20:21:30.998] [warning] SimTK Exception thrown at InteriorPointOptimizer.cpp:264:
  Optimizer failed: Ipopt: Maximum iterations exceeded (status -1)
[2026-09-11 20:21:30.998] [warning] OPTIMIZATION FAILED...
[2026-09-11 20:21:30.998] [warning] StaticOptimization.record: The optimizer could not find a solution at time = 2.284.
[2026-09-11 20:21:30.998] [warning] The model appears unsuitable for static optimization.
Try appending the model with additional force(s) or locking joint(s) to reduce the following acceleration constraint violation(s):
   pelvis_tilt: constraint violation = -0.0508293
   pelvis_tilt: constraint violation = 0.272013
   pelvis_tilt: constraint violation = -1.3319
   pelvis_tilt: constraint violation = 0.00177344
   pelvis_tilt: constraint violation = -0.0824311
   pelvis_tilt: constraint violation = -0.00781325
   pelvis_tilt: constraint violation = -0.594632
   pelvis_tilt: constraint violation = 0.523653
   pelvis_tilt: constraint violation = -0.118535
   pelvis_tilt: constraint violation = 1.30192
   pelvis_tilt: constraint violation = 0.207493
   pelvis_tilt: constraint violation = 0.00554048
   pelvis_tilt: constraint violation = -1.5677
   pelvis_tilt: constraint violation = 0.412163
   pelvis_tilt: constraint violation = -0.558283
   pelvis_tilt: constraint violation = -0.607362
   pelvis_tilt: constraint violation = 0.236586
   pelvis_tilt: constraint violation = -16.8894
   pelvis_tilt: constraint violation = -2.4976
   pelvis_tilt: constraint violation = 1.44062
   pelvis_tilt: constraint violation = 0.809437
   pelvis_tilt: constraint violation = -4.39894
   pelvis_tilt: constraint violation = -1.44254

[2026-09-11 20:21:30.998] [cout] [info] time = 2.284 Performance = 1.03208 Constraint violation = 17.9793
[2026-09-11 20:21:32.261] [warning] SimTK Exception thrown at InteriorPointOptimizer.cpp:264:
  Optimizer failed: Ipopt: Maximum iterations exceeded (status -1)
[2026-09-11 20:21:32.261] [warning] OPTIMIZATION FAILED...
[2026-09-11 20:21:32.261] [warning] StaticOptimization.record: The optimizer could not find a solution at time = 2.3.
[2026-09-11 20:21:32.261] [warning] The model appears unsuitable for static optimization.
Try appending the model with additional force(s) or locking joint(s) to reduce the following acceleration constraint violation(s):
   pelvis_tilt: constraint violation = -0.249614
   pelvis_tilt: constraint violation = 0.284907
   pelvis_tilt: constraint violation = -1.43502
   pelvis_tilt: constraint violation = 0.0008615
   pelvis_tilt: constraint violation = -0.0724109
   pelvis_tilt: constraint violation = -0.0078894
   pelvis_tilt: constraint violation = -0.921872
   pelvis_tilt: constraint violation = 0.651765
   pelvis_tilt: constraint violation = -0.127552
   pelvis_tilt: constraint violation = 0.919304
   pelvis_tilt: constraint violation = 0.251231
   pelvis_tilt: constraint violation = -0.00965463
   pelvis_tilt: constraint violation = -1.10436
   pelvis_tilt: constraint violation = 0.493784
   pelvis_tilt: constraint violation = -0.599122
   pelvis_tilt: constraint violation = -1.03466
   pelvis_tilt: constraint violation = 0.204125
   pelvis_tilt: constraint violation = -17.4372
   pelvis_tilt: constraint violation = -4.5923
   pelvis_tilt: constraint violation = 1.58389
   pelvis_tilt: constraint violation = 1.06785
   pelvis_tilt: constraint violation = -3.11191
   pelvis_tilt: constraint violation = -1.24465

[2026-09-11 20:21:32.261] [cout] [info] time = 2.3 Performance = 1.13042 Constraint violation = 18.6378
[2026-09-11 20:21:33.362] [warning] SimTK Exception thrown at InteriorPointOptimizer.cpp:264:
  Optimizer failed: Ipopt: Maximum iterations exceeded (status -1)
[2026-09-11 20:21:33.362] [warning] OPTIMIZATION FAILED...
[2026-09-11 20:21:33.362] [warning] StaticOptimization.record: The optimizer could not find a solution at time = 2.316.
[2026-09-11 20:21:33.362] [warning] The model appears unsuitable for static optimization.
Try appending the model with additional force(s) or locking joint(s) to reduce the following acceleration constraint violation(s):
   pelvis_tilt: constraint violation = -0.574303
   pelvis_tilt: constraint violation = 0.198446
   pelvis_tilt: constraint violation = -1.40502
   pelvis_tilt: constraint violation = -0.000984409
   pelvis_tilt: constraint violation = -0.0649332
   pelvis_tilt: constraint violation = -0.00332696
   pelvis_tilt: constraint violation = -1.49112
   pelvis_tilt: constraint violation = 0.659472
   pelvis_tilt: constraint violation = -0.128596
   pelvis_tilt: constraint violation = 0.243276
   pelvis_tilt: constraint violation = 0.341104
   pelvis_tilt: constraint violation = -0.0289562
   pelvis_tilt: constraint violation = -0.413502
   pelvis_tilt: constraint violation = 0.556885
   pelvis_tilt: constraint violation = -0.606087
   pelvis_tilt: constraint violation = -1.70551
   pelvis_tilt: constraint violation = 0.0462577
   pelvis_tilt: constraint violation = -17.8088
   pelvis_tilt: constraint violation = -7.72239
   pelvis_tilt: constraint violation = 1.40664
   pelvis_tilt: constraint violation = 1.4912
   pelvis_tilt: constraint violation = -1.8997
   pelvis_tilt: constraint violation = -0.858385

[2026-09-11 20:21:33.362] [cout] [info] time = 2.316 Performance = 1.2617 Constraint violation = 19.8568
[2026-09-11 20:21:34.612] [warning] SimTK Exception thrown at InteriorPointOptimizer.cpp:264:
  Optimizer failed: Ipopt: Maximum iterations exceeded (status -1)
[2026-09-11 20:21:34.612] [warning] OPTIMIZATION FAILED...
[2026-09-11 20:21:34.612] [warning] StaticOptimization.record: The optimizer could not find a solution at time = 2.332.
[2026-09-11 20:21:34.612] [warning] The model appears unsuitable for static optimization.
Try appending the model with additional force(s) or locking joint(s) to reduce the following acceleration constraint violation(s):
   pelvis_tilt: constraint violation = -0.897887
   pelvis_tilt: constraint violation = 0.0789794
   pelvis_tilt: constraint violation = -1.1791
   pelvis_tilt: constraint violation = -0.00306983
   pelvis_tilt: constraint violation = -0.0523299
   pelvis_tilt: constraint violation = 0.00402577
   pelvis_tilt: constraint violation = -2.00685
   pelvis_tilt: constraint violation = 0.536275
   pelvis_tilt: constraint violation = -0.115807
   pelvis_tilt: constraint violation = -0.504187
   pelvis_tilt: constraint violation = 0.416487
   pelvis_tilt: constraint violation = -0.0313129
   pelvis_tilt: constraint violation = 0.329654
   pelvis_tilt: constraint violation = 0.604963
   pelvis_tilt: constraint violation = -0.536919
   pelvis_tilt: constraint violation = -2.24822
   pelvis_tilt: constraint violation = -0.307719
   pelvis_tilt: constraint violation = -16.3741
   pelvis_tilt: constraint violation = -10.3026
   pelvis_tilt: constraint violation = 1.02167
   pelvis_tilt: constraint violation = 1.82804
   pelvis_tilt: constraint violation = -0.606721
   pelvis_tilt: constraint violation = 0.00284166

[2026-09-11 20:21:34.612] [cout] [info] time = 2.332 Performance = 1.37955 Constraint violation = 19.796
[2026-09-11 20:21:35.988] [warning] SimTK Exception thrown at InteriorPointOptimizer.cpp:264:
  Optimizer failed: Ipopt: Maximum iterations exceeded (status -1)
[2026-09-11 20:21:35.988] [warning] OPTIMIZATION FAILED...
[2026-09-11 20:21:35.988] [warning] StaticOptimization.record: The optimizer could not find a solution at time = 2.348.
[2026-09-11 20:21:35.989] [warning] The model appears unsuitable for static optimization.
Try appending the model with additional force(s) or locking joint(s) to reduce the following acceleration constraint violation(s):
   pelvis_tilt: constraint violation = -1.14059
   pelvis_tilt: constraint violation = 0.0296194
   pelvis_tilt: constraint violation = -0.887172
   pelvis_tilt: constraint violation = -0.00408893
   pelvis_tilt: constraint violation = -0.0163686
   pelvis_tilt: constraint violation = 0.0100854
   pelvis_tilt: constraint violation = -2.18619
   pelvis_tilt: constraint violation = 0.386622
   pelvis_tilt: constraint violation = -0.0944601
   pelvis_tilt: constraint violation = -0.819552
   pelvis_tilt: constraint violation = 0.446246
   pelvis_tilt: constraint violation = -0.0158496
   pelvis_tilt: constraint violation = 0.891994
   pelvis_tilt: constraint violation = 0.645299
   pelvis_tilt: constraint violation = -0.427271
   pelvis_tilt: constraint violation = -2.41227
   pelvis_tilt: constraint violation = -0.73018
   pelvis_tilt: constraint violation = -11.1183
   pelvis_tilt: constraint violation = -9.40223
   pelvis_tilt: constraint violation = 0.641713
   pelvis_tilt: constraint violation = 2.03526
   pelvis_tilt: constraint violation = 1.62819
   pelvis_tilt: constraint violation = 2.03601

[2026-09-11 20:21:35.989] [cout] [info] time = 2.348 Performance = 1.55402 Constraint violation = 15.46
[2026-09-11 20:21:37.479] [warning] SimTK Exception thrown at InteriorPointOptimizer.cpp:264:
  Optimizer failed: Ipopt: Maximum iterations exceeded (status -1)
[2026-09-11 20:21:37.479] [warning] OPTIMIZATION FAILED...
[2026-09-11 20:21:37.479] [warning] StaticOptimization.record: The optimizer could not find a solution at time = 2.364.
[2026-09-11 20:21:37.480] [warning] The model appears unsuitable for static optimization.
Try appending the model with additional force(s) or locking joint(s) to reduce the following acceleration constraint violation(s):
   pelvis_tilt: constraint violation = -1.38661
   pelvis_tilt: constraint violation = 0.0162057
   pelvis_tilt: constraint violation = -0.56462
   pelvis_tilt: constraint violation = -0.00435154
   pelvis_tilt: constraint violation = 0.0383649
   pelvis_tilt: constraint violation = 0.0153124
   pelvis_tilt: constraint violation = -2.08142
   pelvis_tilt: constraint violation = 0.208038
   pelvis_tilt: constraint violation = -0.070682
   pelvis_tilt: constraint violation = -0.745585
   pelvis_tilt: constraint violation = 0.447703
   pelvis_tilt: constraint violation = 0.00122988
   pelvis_tilt: constraint violation = 1.22957
   pelvis_tilt: constraint violation = 0.668458
   pelvis_tilt: constraint violation = -0.297487
   pelvis_tilt: constraint violation = -2.31114
   pelvis_tilt: constraint violation = -1.04495
   pelvis_tilt: constraint violation = -3.1271
   pelvis_tilt: constraint violation = -4.48216
   pelvis_tilt: constraint violation = 0.215177
   pelvis_tilt: constraint violation = 2.15369
   pelvis_tilt: constraint violation = 4.40955
   pelvis_tilt: constraint violation = 5.32366

[2026-09-11 20:21:37.480] [cout] [info] time = 2.364 Performance = 1.80064 Constraint violation = 9.90956
[2026-09-11 20:21:39.077] [warning] SimTK Exception thrown at InteriorPointOptimizer.cpp:264:
  Optimizer failed: Ipopt: Maximum iterations exceeded (status -1)
[2026-09-11 20:21:39.077] [warning] OPTIMIZATION FAILED...
[2026-09-11 20:21:39.077] [warning] StaticOptimization.record: The optimizer could not find a solution at time = 2.38.
[2026-09-11 20:21:39.078] [warning] The model appears unsuitable for static optimization.
Try appending the model with additional force(s) or locking joint(s) to reduce the following acceleration constraint violation(s):
   pelvis_tilt: constraint violation = -1.75546
   pelvis_tilt: constraint violation = 0.190321
   pelvis_tilt: constraint violation = -0.0746678
   pelvis_tilt: constraint violation = -0.00460405
   pelvis_tilt: constraint violation = 0.0860568
   pelvis_tilt: constraint violation = 0.00834198
   pelvis_tilt: constraint violation = -1.81294
   pelvis_tilt: constraint violation = 0.0633354
   pelvis_tilt: constraint violation = -0.0249283
   pelvis_tilt: constraint violation = -0.941345
   pelvis_tilt: constraint violation = 0.146707
   pelvis_tilt: constraint violation = 0.0120328
   pelvis_tilt: constraint violation = 1.36477
   pelvis_tilt: constraint violation = 0.457331
   pelvis_tilt: constraint violation = -0.0716235
   pelvis_tilt: constraint violation = -1.97018
   pelvis_tilt: constraint violation = -1.31659
   pelvis_tilt: constraint violation = 3.55559
   pelvis_tilt: constraint violation = 6.46443
   pelvis_tilt: constraint violation = -0.0213607
   pelvis_tilt: constraint violation = 0.471632
   pelvis_tilt: constraint violation = 6.55958
   pelvis_tilt: constraint violation = 7.55612

[2026-09-11 20:21:39.078] [cout] [info] time = 2.38 Performance = 2.08224 Constraint violation = 13.0307
[2026-09-11 20:21:40.625] [warning] SimTK Exception thrown at InteriorPointOptimizer.cpp:264:
  Optimizer failed: Ipopt: Maximum iterations exceeded (status -1)
[2026-09-11 20:21:40.625] [warning] OPTIMIZATION FAILED...
[2026-09-11 20:21:40.625] [warning] StaticOptimization.record: The optimizer could not find a solution at time = 2.396.
[2026-09-11 20:21:40.625] [warning] The model appears unsuitable for static optimization.
Try appending the model with additional force(s) or locking joint(s) to reduce the following acceleration constraint violation(s):
   pelvis_tilt: constraint violation = -2.27623
   pelvis_tilt: constraint violation = 0.504391
   pelvis_tilt: constraint violation = 0.341107
   pelvis_tilt: constraint violation = -0.00386566
   pelvis_tilt: constraint violation = 0.174418
   pelvis_tilt: constraint violation = -0.00953107
   pelvis_tilt: constraint violation = -1.31887
   pelvis_tilt: constraint violation = 0.0359088
   pelvis_tilt: constraint violation = 0.0304164
   pelvis_tilt: constraint violation = -0.783813
   pelvis_tilt: constraint violation = -0.467593
   pelvis_tilt: constraint violation = -0.032945
   pelvis_tilt: constraint violation = 1.42412
   pelvis_tilt: constraint violation = -0.00529882
   pelvis_tilt: constraint violation = 0.137232
   pelvis_tilt: constraint violation = -1.39361
   pelvis_tilt: constraint violation = -0.657779
   pelvis_tilt: constraint violation = 14.1522
   pelvis_tilt: constraint violation = 27.9929
   pelvis_tilt: constraint violation = -0.0987633
   pelvis_tilt: constraint violation = -3.21834
   pelvis_tilt: constraint violation = 10.5588
   pelvis_tilt: constraint violation = 9.04788

[2026-09-11 20:21:40.625] [cout] [info] time = 2.396 Performance = 2.43885 Constraint violation = 34.6437
[2026-09-11 20:21:42.280] [warning] SimTK Exception thrown at InteriorPointOptimizer.cpp:264:
  Optimizer failed: Ipopt: Maximum iterations exceeded (status -1)
[2026-09-11 20:21:42.281] [warning] OPTIMIZATION FAILED...
[2026-09-11 20:21:42.281] [warning] StaticOptimization.record: The optimizer could not find a solution at time = 2.412.
[2026-09-11 20:21:42.281] [warning] The model appears unsuitable for static optimization.
Try appending the model with additional force(s) or locking joint(s) to reduce the following acceleration constraint violation(s):
   pelvis_tilt: constraint violation = -3.02512
   pelvis_tilt: constraint violation = 0.718893
   pelvis_tilt: constraint violation = 0.365127
   pelvis_tilt: constraint violation = -0.00253826
   pelvis_tilt: constraint violation = 0.379322
   pelvis_tilt: constraint violation = -0.0251189
   pelvis_tilt: constraint violation = -0.631455
   pelvis_tilt: constraint violation = 0.167712
   pelvis_tilt: constraint violation = 0.0514011
   pelvis_tilt: constraint violation = 0.226096
   pelvis_tilt: constraint violation = -1.17899
   pelvis_tilt: constraint violation = -0.0861682
   pelvis_tilt: constraint violation = 1.82907
   pelvis_tilt: constraint violation = -0.415966
   pelvis_tilt: constraint violation = 0.153656
   pelvis_tilt: constraint violation = -0.742768
   pelvis_tilt: constraint violation = 0.698155
   pelvis_tilt: constraint violation = 7.6107
   pelvis_tilt: constraint violation = 28.2607
   pelvis_tilt: constraint violation = 0.0213439
   pelvis_tilt: constraint violation = -3.60382
   pelvis_tilt: constraint violation = 14.7106
   pelvis_tilt: constraint violation = 10.613

[2026-09-11 20:21:42.281] [cout] [info] time = 2.412 Performance = 2.92449 Constraint violation = 34.8571
[2026-09-11 20:21:43.374] [warning] SimTK Exception thrown at InteriorPointOptimizer.cpp:264:
  Optimizer failed: Ipopt: Maximum iterations exceeded (status -1)
[2026-09-11 20:21:43.374] [warning] OPTIMIZATION FAILED...
[2026-09-11 20:21:43.374] [warning] StaticOptimization.record: The optimizer could not find a solution at time = 2.428.
[2026-09-11 20:21:43.374] [warning] The model appears too weak for static optimization.
Try increasing the strength and/or range of the following force(s):
   med_gas_r approaching upper bound of 1

[2026-09-11 20:21:43.374] [cout] [info] time = 2.428 Performance = 3.4417 Constraint violation = 69.1899
[2026-09-11 20:21:44.491] [warning] SimTK Exception thrown at InteriorPointOptimizer.cpp:264:
  Optimizer failed: Ipopt: Maximum iterations exceeded (status -1)
[2026-09-11 20:21:44.491] [warning] OPTIMIZATION FAILED...
[2026-09-11 20:21:44.491] [warning] StaticOptimization.record: The optimizer could not find a solution at time = 2.444.
[2026-09-11 20:21:44.491] [warning] The model appears too weak for static optimization.
Try increasing the strength and/or range of the following force(s):
   med_gas_r approaching upper bound of 1

[2026-09-11 20:21:44.491] [cout] [info] time = 2.444 Performance = 3.85104 Constraint violation = 65.453
[2026-09-11 20:21:45.642] [warning] SimTK Exception thrown at InteriorPointOptimizer.cpp:264:
  Optimizer failed: Ipopt: Maximum iterations exceeded (status -1)
[2026-09-11 20:21:45.642] [warning] OPTIMIZATION FAILED...
[2026-09-11 20:21:45.642] [warning] StaticOptimization.record: The optimizer could not find a solution at time = 2.46.
[2026-09-11 20:21:45.642] [warning] The model appears too weak for static optimization.
Try increasing the strength and/or range of the following force(s):
   med_gas_r approaching upper bound of 1

[2026-09-11 20:21:45.642] [cout] [info] time = 2.46 Performance = 4.03014 Constraint violation = 17.5312
[2026-09-11 20:21:47.282] [warning] SimTK Exception thrown at InteriorPointOptimizer.cpp:264:
  Optimizer failed: Ipopt: Maximum iterations exceeded (status -1)
[2026-09-11 20:21:47.283] [warning] OPTIMIZATION FAILED...
[2026-09-11 20:21:47.283] [warning] StaticOptimization.record: The optimizer could not find a solution at time = 2.476.
[2026-09-11 20:21:47.283] [warning] The model appears unsuitable for static optimization.
Try appending the model with additional force(s) or locking joint(s) to reduce the following acceleration constraint violation(s):
   pelvis_tilt: constraint violation = -0.0873372
   pelvis_tilt: constraint violation = -0.0317612
   pelvis_tilt: constraint violation = -1.9402
   pelvis_tilt: constraint violation = -0.00659991
   pelvis_tilt: constraint violation = -0.287147
   pelvis_tilt: constraint violation = 0.0311407
   pelvis_tilt: constraint violation = -7.89375
   pelvis_tilt: constraint violation = 0.254706
   pelvis_tilt: constraint violation = -0.153334
   pelvis_tilt: constraint violation = -6.40252
   pelvis_tilt: constraint violation = 1.74166
   pelvis_tilt: constraint violation = 0.194734
   pelvis_tilt: constraint violation = 0.586669
   pelvis_tilt: constraint violation = 1.85453
   pelvis_tilt: constraint violation = -0.228744
   pelvis_tilt: constraint violation = -0.479387
   pelvis_tilt: constraint violation = -0.405345
   pelvis_tilt: constraint violation = -8.13274
   pelvis_tilt: constraint violation = -5.68684
   pelvis_tilt: constraint violation = 1.56211
   pelvis_tilt: constraint violation = 2.82224
   pelvis_tilt: constraint violation = -7.39096
   pelvis_tilt: constraint violation = -0.269552

[2026-09-11 20:21:47.283] [cout] [info] time = 2.476 Performance = 4.01272 Constraint violation = 16.6774
[2026-09-11 20:21:49.003] [warning] SimTK Exception thrown at InteriorPointOptimizer.cpp:264:
  Optimizer failed: Ipopt: Maximum iterations exceeded (status -1)
[2026-09-11 20:21:49.003] [warning] OPTIMIZATION FAILED...
[2026-09-11 20:21:49.003] [warning] StaticOptimization.record: The optimizer could not find a solution at time = 2.492.
[2026-09-11 20:21:49.004] [warning] The model appears unsuitable for static optimization.
Try appending the model with additional force(s) or locking joint(s) to reduce the following acceleration constraint violation(s):
   pelvis_tilt: constraint violation = 0.921591
   pelvis_tilt: constraint violation = -0.754228
   pelvis_tilt: constraint violation = -3.99733
   pelvis_tilt: constraint violation = -0.0143602
   pelvis_tilt: constraint violation = -1.44584
   pelvis_tilt: constraint violation = 0.129381
   pelvis_tilt: constraint violation = -8.02687
   pelvis_tilt: constraint violation = 0.508554
   pelvis_tilt: constraint violation = -0.328339
   pelvis_tilt: constraint violation = -11.5574
   pelvis_tilt: constraint violation = 5.59665
   pelvis_tilt: constraint violation = 0.136237
   pelvis_tilt: constraint violation = 0.818997
   pelvis_tilt: constraint violation = 3.66318
   pelvis_tilt: constraint violation = -0.996529
   pelvis_tilt: constraint violation = -1.7868
   pelvis_tilt: constraint violation = -1.6228
   pelvis_tilt: constraint violation = -23.3947
   pelvis_tilt: constraint violation = -16.1062
   pelvis_tilt: constraint violation = 3.09726
   pelvis_tilt: constraint violation = 8.56508
   pelvis_tilt: constraint violation = -31.5647
   pelvis_tilt: constraint violation = -8.57694

[2026-09-11 20:21:49.004] [cout] [info] time = 2.492 Performance = 3.20639 Constraint violation = 47.2197
[2026-09-11 20:21:49.005] [info] Printing results of investigation zz_bsolve to ./ResultsBSolve
[2026-09-12 04:00:14.471] [info] Preparing to run AnalyzeTool.
[2026-09-12 04:00:14.472] [info] AbstractTool zz_bsolve loading model subject01_simbody.osim
[2026-09-12 04:00:14.507] [info] Loaded model subject01 from file subject01_simbody.osim
[2026-09-12 04:00:14.507] [warning] Couldn't find file 'treadmill.vtp'.
[2026-09-12 04:00:14.507] [warning] Couldn't find file 'sacrum.vtp'.
[2026-09-12 04:00:14.507] [warning] Couldn't find file 'pelvis.vtp'.
[2026-09-12 04:00:14.507] [warning] Couldn't find file 'l_pelvis.vtp'.
[2026-09-12 04:00:14.507] [warning] Couldn't find file 'femur_r.vtp'.
[2026-09-12 04:00:14.507] [warning] Couldn't find file 'tibia_r.vtp'.
[2026-09-12 04:00:14.508] [warning] Couldn't find file 'fibula.vtp'.
[2026-09-12 04:00:14.508] [warning] Couldn't find file 'talus.vtp'.
[2026-09-12 04:00:14.508] [warning] Couldn't find file 'foot.vtp'.
[2026-09-12 04:00:14.508] [warning] Couldn't find file 'bofoot.vtp'.
[2026-09-12 04:00:14.508] [warning] Couldn't find file 'femur_l.vtp'.
[2026-09-12 04:00:14.508] [warning] Couldn't find file 'tibia_l.vtp'.
[2026-09-12 04:00:14.508] [warning] Couldn't find file 'l_fibula.vtp'.
[2026-09-12 04:00:14.508] [warning] Couldn't find file 'l_talus.vtp'.
[2026-09-12 04:00:14.508] [warning] Couldn't find file 'l_foot.vtp'.
[2026-09-12 04:00:14.508] [warning] Couldn't find file 'l_bofoot.vtp'.
[2026-09-12 04:00:14.508] [warning] Couldn't find file 'hat_spine.vtp'.
[2026-09-12 04:00:14.508] [warning] Couldn't find file 'hat_jaw.vtp'.
[2026-09-12 04:00:14.508] [warning] Couldn't find file 'hat_skull.vtp'.
[2026-09-12 04:00:14.508] [warning] Couldn't find file 'hat_ribs.vtp'.
[2026-09-12 04:00:14.535] [info] ExternalLoads 'Ex2' was renamed and is being reset to 'externalloads'.
[2026-09-12 04:00:14.546] [info] Storage: read data file = subject01_walk1_grf.mot (nr=1501 nc=19)
[2026-09-12 04:00:14.557] [info] ExternalForce::ExternalForce_1 Data source being set to subject01_walk1_grf.mot
[2026-09-12 04:00:14.557] [info] ExternalForce::ExternalForce_2 Data source being set to subject01_walk1_grf.mot
[2026-09-12 04:00:14.567] [info] Loading coordinates from file 'subject01_walk1_ik.mot'.
[2026-09-12 04:00:14.568] [info] Storage: read data file = subject01_walk1_ik.mot (nr=121 nc=24)
[2026-09-12 04:00:14.569] [info] Low-pass filtering coordinates data with a cutoff frequency of 6.0...
[2026-09-12 04:00:14.679] [info] Found 250 state vectors with time stamps ranging from -0.5 to 3.484.
[2026-09-12 04:00:14.679] [info] Executing the analyses from 0.492 to 2.492...
[2026-09-12 04:00:14.984] [info] Storage: read data file = subject01_walk1_grf.mot (nr=1501 nc=19)
[2026-09-12 04:00:14.994] [info] ExternalForce::ExternalForce_1 Data source being set to subject01_walk1_grf.mot
[2026-09-12 04:00:14.994] [info] ExternalForce::ExternalForce_2 Data source being set to subject01_walk1_grf.mot
[2026-09-12 04:00:15.011] [info] Storage: read data file = subject01_walk1_grf.mot (nr=1501 nc=19)
[2026-09-12 04:00:15.022] [info] ExternalForce::ExternalForce_1 Data source being set to subject01_walk1_grf.mot
[2026-09-12 04:00:15.022] [info] ExternalForce::ExternalForce_2 Data source being set to subject01_walk1_grf.mot
[2026-09-12 04:00:17.217] [warning] SimTK Exception thrown at InteriorPointOptimizer.cpp:264:
  Optimizer failed: Ipopt: Maximum iterations exceeded (status -1)
[2026-09-12 04:00:17.217] [warning] OPTIMIZATION FAILED...
[2026-09-12 04:00:17.217] [warning] StaticOptimization.record: The optimizer could not find a solution at time = 0.492.
[2026-09-12 04:00:17.217] [warning] The model appears unsuitable for static optimization.
Try appending the model with additional force(s) or locking joint(s) to reduce the following acceleration constraint violation(s):
   pelvis_tilt: constraint violation = -1.62554
   pelvis_tilt: constraint violation = 1.08382
   pelvis_tilt: constraint violation = -0.802042
   pelvis_tilt: constraint violation = -0.00297979
   pelvis_tilt: constraint violation = 0.782274
   pelvis_tilt: constraint violation = -0.221728
   pelvis_tilt: constraint violation = 4.99337
   pelvis_tilt: constraint violation = 1.11789
   pelvis_tilt: constraint violation = -0.37438
   pelvis_tilt: constraint violation = -1.65604
   pelvis_tilt: constraint violation = -1.96896
   pelvis_tilt: constraint violation = -0.0484321
   pelvis_tilt: constraint violation = 4.89416
   pelvis_tilt: constraint violation = -3.24641
   pelvis_tilt: constraint violation = 0.0781703
   pelvis_tilt: constraint violation = 0.88781
   pelvis_tilt: constraint violation = -0.752323
   pelvis_tilt: constraint violation = 89.4912
   pelvis_tilt: constraint violation = 143.157
   pelvis_tilt: constraint violation = 3.51553
   pelvis_tilt: constraint violation = -7.26476
   pelvis_tilt: constraint violation = 53.6985
   pelvis_tilt: constraint violation = 56.7555

[2026-09-12 04:00:17.217] [cout] [info] time = 0.492 Performance = 1.30041 Constraint violation = 186.404
[2026-09-12 04:00:17.219] [info] Bounds for 'glut_med1_r': 0.01 to 1.0.
[2026-09-12 04:00:17.219] [info] Bounds for 'glut_med2_r': 0.01 to 1.0.
[2026-09-12 04:00:17.219] [info] Bounds for 'glut_med3_r': 0.01 to 1.0.
[2026-09-12 04:00:17.219] [info] Bounds for 'glut_min1_r': 0.01 to 1.0.
[2026-09-12 04:00:17.219] [info] Bounds for 'glut_min2_r': 0.01 to 1.0.
[2026-09-12 04:00:17.219] [info] Bounds for 'glut_min3_r': 0.01 to 1.0.
[2026-09-12 04:00:17.219] [info] Bounds for 'semimem_r': 0.01 to 1.0.
[2026-09-12 04:00:17.219] [info] Bounds for 'semiten_r': 0.01 to 1.0.
[2026-09-12 04:00:17.219] [info] Bounds for 'bifemlh_r': 0.01 to 1.0.
[2026-09-12 04:00:17.219] [info] Bounds for 'bifemsh_r': 0.01 to 1.0.
[2026-09-12 04:00:17.219] [info] Bounds for 'sar_r': 0.01 to 1.0.
[2026-09-12 04:00:17.219] [info] Bounds for 'add_long_r': 0.01 to 1.0.
[2026-09-12 04:00:17.219] [info] Bounds for 'add_brev_r': 0.01 to 1.0.
[2026-09-12 04:00:17.219] [info] Bounds for 'add_mag1_r': 0.01 to 1.0.
[2026-09-12 04:00:17.219] [info] Bounds for 'add_mag2_r': 0.01 to 1.0.
[2026-09-12 04:00:17.219] [info] Bounds for 'add_mag3_r': 0.01 to 1.0.
[2026-09-12 04:00:17.219] [info] Bounds for 'tfl_r': 0.01 to 1.0.
[2026-09-12 04:00:17.219] [info] Bounds for 'pect_r': 0.01 to 1.0.
[2026-09-12 04:00:17.219] [info] Bounds for 'grac_r': 0.01 to 1.0.
[2026-09-12 04:00:17.219] [info] Bounds for 'glut_max1_r': 0.01 to 1.0.
[2026-09-12 04:00:17.219] [info] Bounds for 'glut_max2_r': 0.01 to 1.0.
[2026-09-12 04:00:17.219] [info] Bounds for 'glut_max3_r': 0.01 to 1.0.
[2026-09-12 04:00:17.219] [info] Bounds for 'iliacus_r': 0.01 to 1.0.
[2026-09-12 04:00:17.219] [info] Bounds for 'psoas_r': 0.01 to 1.0.
[2026-09-12 04:00:17.219] [info] Bounds for 'quad_fem_r': 0.01 to 1.0.
[2026-09-12 04:00:17.219] [info] Bounds for 'gem_r': 0.01 to 1.0.
[2026-09-12 04:00:17.219] [info] Bounds for 'peri_r': 0.01 to 1.0.
[2026-09-12 04:00:17.219] [info] Bounds for 'rect_fem_r': 0.01 to 1.0.
[2026-09-12 04:00:17.219] [info] Bounds for 'vas_med_r': 0.01 to 1.0.
[2026-09-12 04:00:17.219] [info] Bounds for 'vas_int_r': 0.01 to 1.0.
[2026-09-12 04:00:17.219] [info] Bounds for 'vas_lat_r': 0.01 to 1.0.
[2026-09-12 04:00:17.219] [info] Bounds for 'med_gas_r': 0.01 to 1.0.
[2026-09-12 04:00:17.219] [info] Bounds for 'lat_gas_r': 0.01 to 1.0.
[2026-09-12 04:00:17.219] [info] Bounds for 'soleus_r': 0.01 to 1.0.
[2026-09-12 04:00:17.219] [info] Bounds for 'tib_post_r': 0.01 to 1.0.
[2026-09-12 04:00:17.219] [info] Bounds for 'flex_dig_r': 0.01 to 1.0.
[2026-09-12 04:00:17.219] [info] Bounds for 'flex_hal_r': 0.01 to 1.0.
[2026-09-12 04:00:17.219] [info] Bounds for 'tib_ant_r': 0.01 to 1.0.
[2026-09-12 04:00:17.219] [info] Bounds for 'per_brev_r': 0.01 to 1.0.
[2026-09-12 04:00:17.219] [info] Bounds for 'per_long_r': 0.01 to 1.0.
[2026-09-12 04:00:17.219] [info] Bounds for 'per_tert_r': 0.01 to 1.0.
[2026-09-12 04:00:17.219] [info] Bounds for 'ext_dig_r': 0.01 to 1.0.
[2026-09-12 04:00:17.219] [info] Bounds for 'ext_hal_r': 0.01 to 1.0.
[2026-09-12 04:00:17.219] [info] Bounds for 'glut_med1_l': 0.01 to 1.0.
[2026-09-12 04:00:17.219] [info] Bounds for 'glut_med2_l': 0.01 to 1.0.
[2026-09-12 04:00:17.219] [info] Bounds for 'glut_med3_l': 0.01 to 1.0.
[2026-09-12 04:00:17.219] [info] Bounds for 'glut_min1_l': 0.01 to 1.0.
[2026-09-12 04:00:17.219] [info] Bounds for 'glut_min2_l': 0.01 to 1.0.
[2026-09-12 04:00:17.219] [info] Bounds for 'glut_min3_l': 0.01 to 1.0.
[2026-09-12 04:00:17.219] [info] Bounds for 'semimem_l': 0.01 to 1.0.
[2026-09-12 04:00:17.219] [info] Bounds for 'semiten_l': 0.01 to 1.0.
[2026-09-12 04:00:17.219] [info] Bounds for 'bifemlh_l': 0.01 to 1.0.
[2026-09-12 04:00:17.219] [info] Bounds for 'bifemsh_l': 0.01 to 1.0.
[2026-09-12 04:00:17.219] [info] Bounds for 'sar_l': 0.01 to 1.0.
[2026-09-12 04:00:17.219] [info] Bounds for 'add_long_l': 0.01 to 1.0.
[2026-09-12 04:00:17.219] [info] Bounds for 'add_brev_l': 0.01 to 1.0.
[2026-09-12 04:00:17.219] [info] Bounds for 'add_mag1_l': 0.01 to 1.0.
[2026-09-12 04:00:17.219] [info] Bounds for 'add_mag2_l': 0.01 to 1.0.
[2026-09-12 04:00:17.219] [info] Bounds for 'add_mag3_l': 0.01 to 1.0.
[2026-09-12 04:00:17.219] [info] Bounds for 'tfl_l': 0.01 to 1.0.
[2026-09-12 04:00:17.219] [info] Bounds for 'pect_l': 0.01 to 1.0.
[2026-09-12 04:00:17.219] [info] Bounds for 'grac_l': 0.01 to 1.0.
[2026-09-12 04:00:17.219] [info] Bounds for 'glut_max1_l': 0.01 to 1.0.
[2026-09-12 04:00:17.219] [info] Bounds for 'glut_max2_l': 0.01 to 1.0.
[2026-09-12 04:00:17.219] [info] Bounds for 'glut_max3_l': 0.01 to 1.0.
[2026-09-12 04:00:17.219] [info] Bounds for 'iliacus_l': 0.01 to 1.0.
[2026-09-12 04:00:17.219] [info] Bounds for 'psoas_l': 0.01 to 1.0.
[2026-09-12 04:00:17.219] [info] Bounds for 'quad_fem_l': 0.01 to 1.0.
[2026-09-12 04:00:17.219] [info] Bounds for 'gem_l': 0.01 to 1.0.
[2026-09-12 04:00:17.219] [info] Bounds for 'peri_l': 0.01 to 1.0.
[2026-09-12 04:00:17.219] [info] Bounds for 'rect_fem_l': 0.01 to 1.0.
[2026-09-12 04:00:17.219] [info] Bounds for 'vas_med_l': 0.01 to 1.0.
[2026-09-12 04:00:17.219] [info] Bounds for 'vas_int_l': 0.01 to 1.0.
[2026-09-12 04:00:17.219] [info] Bounds for 'vas_lat_l': 0.01 to 1.0.
[2026-09-12 04:00:17.219] [info] Bounds for 'med_gas_l': 0.01 to 1.0.
[2026-09-12 04:00:17.219] [info] Bounds for 'lat_gas_l': 0.01 to 1.0.
[2026-09-12 04:00:17.219] [info] Bounds for 'soleus_l': 0.01 to 1.0.
[2026-09-12 04:00:17.219] [info] Bounds for 'tib_post_l': 0.01 to 1.0.
[2026-09-12 04:00:17.219] [info] Bounds for 'flex_dig_l': 0.01 to 1.0.
[2026-09-12 04:00:17.220] [info] Bounds for 'flex_hal_l': 0.01 to 1.0.
[2026-09-12 04:00:17.220] [info] Bounds for 'tib_ant_l': 0.01 to 1.0.
[2026-09-12 04:00:17.220] [info] Bounds for 'per_brev_l': 0.01 to 1.0.
[2026-09-12 04:00:17.220] [info] Bounds for 'per_long_l': 0.01 to 1.0.
[2026-09-12 04:00:17.220] [info] Bounds for 'per_tert_l': 0.01 to 1.0.
[2026-09-12 04:00:17.220] [info] Bounds for 'ext_dig_l': 0.01 to 1.0.
[2026-09-12 04:00:17.220] [info] Bounds for 'ext_hal_l': 0.01 to 1.0.
[2026-09-12 04:00:17.220] [info] Bounds for 'ercspn_r': 0.01 to 1.0.
[2026-09-12 04:00:17.220] [info] Bounds for 'ercspn_l': 0.01 to 1.0.
[2026-09-12 04:00:17.220] [info] Bounds for 'intobl_r': 0.01 to 1.0.
[2026-09-12 04:00:17.220] [info] Bounds for 'intobl_l': 0.01 to 1.0.
[2026-09-12 04:00:17.220] [info] Bounds for 'extobl_r': 0.01 to 1.0.
[2026-09-12 04:00:17.220] [info] Bounds for 'extobl_l': 0.01 to 1.0.
[2026-09-12 04:00:18.497] [warning] SimTK Exception thrown at InteriorPointOptimizer.cpp:264:
  Optimizer failed: Ipopt: Maximum iterations exceeded (status -1)
[2026-09-12 04:00:18.497] [warning] OPTIMIZATION FAILED...
[2026-09-12 04:00:18.497] [warning] StaticOptimization.record: The optimizer could not find a solution at time = 0.508000.
[2026-09-12 04:00:18.497] [warning] The model appears unsuitable for static optimization.
Try appending the model with additional force(s) or locking joint(s) to reduce the following acceleration constraint violation(s):
   pelvis_tilt: constraint violation = -1.80889
   pelvis_tilt: constraint violation = 1.03566
   pelvis_tilt: constraint violation = -0.997518
   pelvis_tilt: constraint violation = -0.00300373
   pelvis_tilt: constraint violation = 0.763201
   pelvis_tilt: constraint violation = -0.161146
   pelvis_tilt: constraint violation = 3.6205
   pelvis_tilt: constraint violation = 0.746533
   pelvis_tilt: constraint violation = -0.198681
   pelvis_tilt: constraint violation = -1.68601
   pelvis_tilt: constraint violation = -1.79953
   pelvis_tilt: constraint violation = -0.0256479
   pelvis_tilt: constraint violation = 4.11744
   pelvis_tilt: constraint violation = -1.92088
   pelvis_tilt: constraint violation = -0.0652819
   pelvis_tilt: constraint violation = 1.36368
   pelvis_tilt: constraint violation = -1.0446
   pelvis_tilt: constraint violation = 70.4482
   pelvis_tilt: constraint violation = 109.224
   pelvis_tilt: constraint violation = 1.97982
   pelvis_tilt: constraint violation = -5.97094
   pelvis_tilt: constraint violation = 43.5328
   pelvis_tilt: constraint violation = 47.9275

[2026-09-12 04:00:18.497] [cout] [info] time = 0.508000 Performance = 1.5186 Constraint violation = 145.512
[2026-09-12 04:00:20.359] [warning] SimTK Exception thrown at InteriorPointOptimizer.cpp:264:
  Optimizer failed: Ipopt: Maximum iterations exceeded (status -1)
[2026-09-12 04:00:20.359] [warning] OPTIMIZATION FAILED...
[2026-09-12 04:00:20.359] [warning] StaticOptimization.record: The optimizer could not find a solution at time = 0.524.
[2026-09-12 04:00:20.360] [warning] The model appears unsuitable for static optimization.
Try appending the model with additional force(s) or locking joint(s) to reduce the following acceleration constraint violation(s):
   pelvis_tilt: constraint violation = -1.92663
   pelvis_tilt: constraint violation = 0.815272
   pelvis_tilt: constraint violation = -1.32725
   pelvis_tilt: constraint violation = -0.00264903
   pelvis_tilt: constraint violation = 0.536846
   pelvis_tilt: constraint violation = -0.0865205
   pelvis_tilt: constraint violation = 2.42589
   pelvis_tilt: constraint violation = 0.31047
   pelvis_tilt: constraint violation = -0.0793169
   pelvis_tilt: constraint violation = -1.24185
   pelvis_tilt: constraint violation = -1.36269
   pelvis_tilt: constraint violation = 0.0118125
   pelvis_tilt: constraint violation = 3.21165
   pelvis_tilt: constraint violation = -0.440187
   pelvis_tilt: constraint violation = -0.255581
   pelvis_tilt: constraint violation = 1.67631
   pelvis_tilt: constraint violation = -0.763281
   pelvis_tilt: constraint violation = 68.2932
   pelvis_tilt: constraint violation = 89.9412
   pelvis_tilt: constraint violation = -0.254018
   pelvis_tilt: constraint violation = -4.58316
   pelvis_tilt: constraint violation = 31.8587
   pelvis_tilt: constraint violation = 36.2105

[2026-09-12 04:00:20.360] [cout] [info] time = 0.524 Performance = 1.8478 Constraint violation = 123.006
[2026-09-12 04:00:22.001] [warning] SimTK Exception thrown at InteriorPointOptimizer.cpp:264:
  Optimizer failed: Ipopt: Maximum iterations exceeded (status -1)
[2026-09-12 04:00:22.001] [warning] OPTIMIZATION FAILED...
[2026-09-12 04:00:22.001] [warning] StaticOptimization.record: The optimizer could not find a solution at time = 0.54.
[2026-09-12 04:00:22.002] [warning] The model appears unsuitable for static optimization.
Try appending the model with additional force(s) or locking joint(s) to reduce the following acceleration constraint violation(s):
   pelvis_tilt: constraint violation = -1.71405
   pelvis_tilt: constraint violation = 0.529015
   pelvis_tilt: constraint violation = -1.71675
   pelvis_tilt: constraint violation = -0.00268176
   pelvis_tilt: constraint violation = 0.326045
   pelvis_tilt: constraint violation = -0.00935606
   pelvis_tilt: constraint violation = 0.487048
   pelvis_tilt: constraint violation = -0.3377
   pelvis_tilt: constraint violation = -0.0645237
   pelvis_tilt: constraint violation = -0.540225
   pelvis_tilt: constraint violation = -0.988479
   pelvis_tilt: constraint violation = 0.0663712
   pelvis_tilt: constraint violation = 1.99892
   pelvis_tilt: constraint violation = 0.980939
   pelvis_tilt: constraint violation = -0.496014
   pelvis_tilt: constraint violation = 0.854287
   pelvis_tilt: constraint violation = -0.293208
   pelvis_tilt: constraint violation = 52.9501
   pelvis_tilt: constraint violation = 56.363
   pelvis_tilt: constraint violation = -3.7866
   pelvis_tilt: constraint violation = -3.0421
   pelvis_tilt: constraint violation = 17.4402
   pelvis_tilt: constraint violation = 22.3294

[2026-09-12 04:00:22.002] [cout] [info] time = 0.54 Performance = 2.31863 Constraint violation = 82.588
[2026-09-12 04:00:23.693] [warning] SimTK Exception thrown at InteriorPointOptimizer.cpp:264:
  Optimizer failed: Ipopt: Maximum iterations exceeded (status -1)
[2026-09-12 04:00:23.693] [warning] OPTIMIZATION FAILED...
[2026-09-12 04:00:23.693] [warning] StaticOptimization.record: The optimizer could not find a solution at time = 0.556.
[2026-09-12 04:00:23.694] [warning] The model appears unsuitable for static optimization.
Try appending the model with additional force(s) or locking joint(s) to reduce the following acceleration constraint violation(s):
   pelvis_tilt: constraint violation = -1.63109
   pelvis_tilt: constraint violation = 0.218904
   pelvis_tilt: constraint violation = -1.83785
   pelvis_tilt: constraint violation = -0.00188019
   pelvis_tilt: constraint violation = 0.179756
   pelvis_tilt: constraint violation = 0.0561017
   pelvis_tilt: constraint violation = -0.96904
   pelvis_tilt: constraint violation = -1.09855
   pelvis_tilt: constraint violation = -0.14234
   pelvis_tilt: constraint violation = 0.274599
   pelvis_tilt: constraint violation = -0.542015
   pelvis_tilt: constraint violation = 0.122299
   pelvis_tilt: constraint violation = 0.988773
   pelvis_tilt: constraint violation = 2.13096
   pelvis_tilt: constraint violation = -0.628312
   pelvis_tilt: constraint violation = -0.238952
   pelvis_tilt: constraint violation = 0.402479
   pelvis_tilt: constraint violation = 44.0124
   pelvis_tilt: constraint violation = 32.6295
   pelvis_tilt: constraint violation = -7.6959
   pelvis_tilt: constraint violation = -1.56465
   pelvis_tilt: constraint violation = 5.59167
   pelvis_tilt: constraint violation = 12.944

[2026-09-12 04:00:23.694] [cout] [info] time = 0.556 Performance = 2.79799 Constraint violation = 57.2456
[2026-09-12 04:00:24.929] [warning] SimTK Exception thrown at InteriorPointOptimizer.cpp:264:
  Optimizer failed: Ipopt: Maximum iterations exceeded (status -1)
[2026-09-12 04:00:24.929] [warning] OPTIMIZATION FAILED...
[2026-09-12 04:00:24.929] [warning] StaticOptimization.record: The optimizer could not find a solution at time = 0.572.
[2026-09-12 04:00:24.929] [warning] The model appears too weak for static optimization.
Try increasing the strength and/or range of the following force(s):
   glut_med1_l approaching upper bound of 1

[2026-09-12 04:00:24.929] [cout] [info] time = 0.572 Performance = 3.38374 Constraint violation = 54.279
[2026-09-12 04:00:26.047] [warning] SimTK Exception thrown at InteriorPointOptimizer.cpp:264:
  Optimizer failed: Ipopt: Maximum iterations exceeded (status -1)
[2026-09-12 04:00:26.047] [warning] OPTIMIZATION FAILED...
[2026-09-12 04:00:26.047] [warning] StaticOptimization.record: The optimizer could not find a solution at time = 0.588.
[2026-09-12 04:00:26.047] [warning] The model appears too weak for static optimization.
Try increasing the strength and/or range of the following force(s):
   glut_med1_l approaching upper bound of 1
   med_gas_l approaching upper bound of 1

[2026-09-12 04:00:26.047] [cout] [info] time = 0.588 Performance = 3.71383 Constraint violation = 61.6965
[2026-09-12 04:00:27.137] [warning] SimTK Exception thrown at InteriorPointOptimizer.cpp:264:
  Optimizer failed: Ipopt: Maximum iterations exceeded (status -1)
[2026-09-12 04:00:27.137] [warning] OPTIMIZATION FAILED...
[2026-09-12 04:00:27.137] [warning] StaticOptimization.record: The optimizer could not find a solution at time = 0.604000.
[2026-09-12 04:00:27.137] [warning] The model appears too weak for static optimization.
Try increasing the strength and/or range of the following force(s):
   glut_med1_l approaching upper bound of 1
   med_gas_l approaching upper bound of 1

[2026-09-12 04:00:27.137] [cout] [info] time = 0.604000 Performance = 3.75181 Constraint violation = 71.8752
[2026-09-12 04:00:28.313] [warning] SimTK Exception thrown at InteriorPointOptimizer.cpp:264:
  Optimizer failed: Ipopt: Maximum iterations exceeded (status -1)
[2026-09-12 04:00:28.313] [warning] OPTIMIZATION FAILED...
[2026-09-12 04:00:28.313] [warning] StaticOptimization.record: The optimizer could not find a solution at time = 0.62.
[2026-09-12 04:00:28.313] [warning] The model appears too weak for static optimization.
Try increasing the strength and/or range of the following force(s):
   glut_med1_l approaching upper bound of 1
   med_gas_l approaching upper bound of 1

[2026-09-12 04:00:28.313] [cout] [info] time = 0.62 Performance = 3.65008 Constraint violation = 67.3285
[2026-09-12 04:00:29.513] [warning] SimTK Exception thrown at InteriorPointOptimizer.cpp:264:
  Optimizer failed: Ipopt: Maximum iterations exceeded (status -1)
[2026-09-12 04:00:29.513] [warning] OPTIMIZATION FAILED...
[2026-09-12 04:00:29.513] [warning] StaticOptimization.record: The optimizer could not find a solution at time = 0.636.
[2026-09-12 04:00:29.513] [warning] The model appears unsuitable for static optimization.
Try appending the model with additional force(s) or locking joint(s) to reduce the following acceleration constraint violation(s):
   pelvis_tilt: constraint violation = -0.955175
   pelvis_tilt: constraint violation = -0.419559
   pelvis_tilt: constraint violation = -2.11573
   pelvis_tilt: constraint violation = -0.00284819
   pelvis_tilt: constraint violation = 0.123254
   pelvis_tilt: constraint violation = 0.0812735
   pelvis_tilt: constraint violation = -1.90952
   pelvis_tilt: constraint violation = -1.77172
   pelvis_tilt: constraint violation = -0.213418
   pelvis_tilt: constraint violation = 0.490839
   pelvis_tilt: constraint violation = -0.504592
   pelvis_tilt: constraint violation = 0.199949
   pelvis_tilt: constraint violation = 1.57979
   pelvis_tilt: constraint violation = 2.12888
   pelvis_tilt: constraint violation = -0.708591
   pelvis_tilt: constraint violation = -0.464179
   pelvis_tilt: constraint violation = 0.305994
   pelvis_tilt: constraint violation = 18.227
   pelvis_tilt: constraint violation = 16.026
   pelvis_tilt: constraint violation = -5.80795
   pelvis_tilt: constraint violation = -1.08005
   pelvis_tilt: constraint violation = 0.27191
   pelvis_tilt: constraint violation = 5.41426

[2026-09-12 04:00:29.513] [cout] [info] time = 0.636 Performance = 3.29017 Constraint violation = 25.9641
[2026-09-12 04:00:30.917] [warning] SimTK Exception thrown at InteriorPointOptimizer.cpp:264:
  Optimizer failed: Ipopt: Maximum iterations exceeded (status -1)
[2026-09-12 04:00:30.918] [warning] OPTIMIZATION FAILED...
[2026-09-12 04:00:30.918] [warning] StaticOptimization.record: The optimizer could not find a solution at time = 0.652.
[2026-09-12 04:00:30.918] [warning] The model appears unsuitable for static optimization.
Try appending the model with additional force(s) or locking joint(s) to reduce the following acceleration constraint violation(s):
   pelvis_tilt: constraint violation = 0.190317
   pelvis_tilt: constraint violation = 0.926919
   pelvis_tilt: constraint violation = -1.16596
   pelvis_tilt: constraint violation = -0.00477774
   pelvis_tilt: constraint violation = -0.356487
   pelvis_tilt: constraint violation = -0.011263
   pelvis_tilt: constraint violation = -5.43756
   pelvis_tilt: constraint violation = -0.0806123
   pelvis_tilt: constraint violation = -0.0766233
   pelvis_tilt: constraint violation = 0.157592
   pelvis_tilt: constraint violation = -0.979998
   pelvis_tilt: constraint violation = 0.106745
   pelvis_tilt: constraint violation = -0.197078
   pelvis_tilt: constraint violation = 0.52044
   pelvis_tilt: constraint violation = -0.266863
   pelvis_tilt: constraint violation = -2.3235
   pelvis_tilt: constraint violation = -0.204904
   pelvis_tilt: constraint violation = -19.0006
   pelvis_tilt: constraint violation = -25.3441
   pelvis_tilt: constraint violation = -0.449467
   pelvis_tilt: constraint violation = -1.10888
   pelvis_tilt: constraint violation = -6.13589
   pelvis_tilt: constraint violation = -14.6142

[2026-09-12 04:00:30.918] [cout] [info] time = 0.652 Performance = 2.86421 Constraint violation = 35.9831
[2026-09-12 04:00:32.613] [warning] SimTK Exception thrown at InteriorPointOptimizer.cpp:264:
  Optimizer failed: Ipopt: Maximum iterations exceeded (status -1)
[2026-09-12 04:00:32.613] [warning] OPTIMIZATION FAILED...
[2026-09-12 04:00:32.613] [warning] StaticOptimization.record: The optimizer could not find a solution at time = 0.668.
[2026-09-12 04:00:32.614] [warning] The model appears unsuitable for static optimization.
Try appending the model with additional force(s) or locking joint(s) to reduce the following acceleration constraint violation(s):
   pelvis_tilt: constraint violation = 1.74231
   pelvis_tilt: constraint violation = 1.88981
   pelvis_tilt: constraint violation = -0.369721
   pelvis_tilt: constraint violation = -0.00251653
   pelvis_tilt: constraint violation = -0.591087
   pelvis_tilt: constraint violation = -0.0940793
   pelvis_tilt: constraint violation = -5.30377
   pelvis_tilt: constraint violation = 1.30753
   pelvis_tilt: constraint violation = -0.145621
   pelvis_tilt: constraint violation = 0.75266
   pelvis_tilt: constraint violation = -1.30839
   pelvis_tilt: constraint violation = 0.0476923
   pelvis_tilt: constraint violation = -1.87146
   pelvis_tilt: constraint violation = -0.850639
   pelvis_tilt: constraint violation = 0.0974279
   pelvis_tilt: constraint violation = -2.2436
   pelvis_tilt: constraint violation = 0.214694
   pelvis_tilt: constraint violation = -40.2331
   pelvis_tilt: constraint violation = -27.0155
   pelvis_tilt: constraint violation = 3.40888
   pelvis_tilt: constraint violation = -1.16159
   pelvis_tilt: constraint violation = -10.109
   pelvis_tilt: constraint violation = -16.5424

[2026-09-12 04:00:32.614] [cout] [info] time = 0.668 Performance = 2.46748 Constraint violation = 52.7817
[2026-09-12 04:00:34.156] [warning] SimTK Exception thrown at InteriorPointOptimizer.cpp:264:
  Optimizer failed: Ipopt: Maximum iterations exceeded (status -1)
[2026-09-12 04:00:34.156] [warning] OPTIMIZATION FAILED...
[2026-09-12 04:00:34.156] [warning] StaticOptimization.record: The optimizer could not find a solution at time = 0.684.
[2026-09-12 04:00:34.156] [warning] The model appears unsuitable for static optimization.
Try appending the model with additional force(s) or locking joint(s) to reduce the following acceleration constraint violation(s):
   pelvis_tilt: constraint violation = 1.91229
   pelvis_tilt: constraint violation = 1.9041
   pelvis_tilt: constraint violation = -0.731252
   pelvis_tilt: constraint violation = -0.00138747
   pelvis_tilt: constraint violation = -0.482251
   pelvis_tilt: constraint violation = -0.126288
   pelvis_tilt: constraint violation = -3.68256
   pelvis_tilt: constraint violation = 1.47064
   pelvis_tilt: constraint violation = -0.223833
   pelvis_tilt: constraint violation = 1.12637
   pelvis_tilt: constraint violation = -1.65451
   pelvis_tilt: constraint violation = 0.131497
   pelvis_tilt: constraint violation = -1.77349
   pelvis_tilt: constraint violation = -1.35509
   pelvis_tilt: constraint violation = 0.0324111
   pelvis_tilt: constraint violation = -1.55014
   pelvis_tilt: constraint violation = 0.401603
   pelvis_tilt: constraint violation = -38.8324
   pelvis_tilt: constraint violation = -12.9818
   pelvis_tilt: constraint violation = 3.56957
   pelvis_tilt: constraint violation = -1.58434
   pelvis_tilt: constraint violation = -9.46131
   pelvis_tilt: constraint violation = -9.95107

[2026-09-12 04:00:34.156] [cout] [info] time = 0.684 Performance = 2.09379 Constraint violation = 43.7685
[2026-09-12 04:00:35.534] [warning] SimTK Exception thrown at InteriorPointOptimizer.cpp:264:
  Optimizer failed: Ipopt: Maximum iterations exceeded (status -1)
[2026-09-12 04:00:35.534] [warning] OPTIMIZATION FAILED...
[2026-09-12 04:00:35.534] [warning] StaticOptimization.record: The optimizer could not find a solution at time = 0.7.
[2026-09-12 04:00:35.535] [warning] The model appears unsuitable for static optimization.
Try appending the model with additional force(s) or locking joint(s) to reduce the following acceleration constraint violation(s):
   pelvis_tilt: constraint violation = 1.42243
   pelvis_tilt: constraint violation = 1.64547
   pelvis_tilt: constraint violation = -1.16572
   pelvis_tilt: constraint violation = 0.000276409
   pelvis_tilt: constraint violation = -0.276145
   pelvis_tilt: constraint violation = -0.134055
   pelvis_tilt: constraint violation = -1.71294
   pelvis_tilt: constraint violation = 1.2937
   pelvis_tilt: constraint violation = -0.235377
   pelvis_tilt: constraint violation = 1.18278
   pelvis_tilt: constraint violation = -1.79955
   pelvis_tilt: constraint violation = 0.217095
   pelvis_tilt: constraint violation = -1.27995
   pelvis_tilt: constraint violation = -1.45398
   pelvis_tilt: constraint violation = -0.0904178
   pelvis_tilt: constraint violation = -0.822008
   pelvis_tilt: constraint violation = 0.480628
   pelvis_tilt: constraint violation = -29.5047
   pelvis_tilt: constraint violation = -2.98077
   pelvis_tilt: constraint violation = 3.44978
   pelvis_tilt: constraint violation = -2.06994
   pelvis_tilt: constraint violation = -6.2857
   pelvis_tilt: constraint violation = -4.30664

[2026-09-12 04:00:35.535] [cout] [info] time = 0.7 Performance = 1.86165 Constraint violation = 31.2067
[2026-09-12 04:00:36.928] [warning] SimTK Exception thrown at InteriorPointOptimizer.cpp:264:
  Optimizer failed: Ipopt: Maximum iterations exceeded (status -1)
[2026-09-12 04:00:36.928] [warning] OPTIMIZATION FAILED...
[2026-09-12 04:00:36.929] [warning] StaticOptimization.record: The optimizer could not find a solution at time = 0.716.
[2026-09-12 04:00:36.929] [warning] The model appears unsuitable for static optimization.
Try appending the model with additional force(s) or locking joint(s) to reduce the following acceleration constraint violation(s):
   pelvis_tilt: constraint violation = 1.06395
   pelvis_tilt: constraint violation = 1.25938
   pelvis_tilt: constraint violation = -1.4911
   pelvis_tilt: constraint violation = 0.00280866
   pelvis_tilt: constraint violation = -0.126976
   pelvis_tilt: constraint violation = -0.118295
   pelvis_tilt: constraint violation = -0.346178
   pelvis_tilt: constraint violation = 0.905656
   pelvis_tilt: constraint violation = -0.192201
   pelvis_tilt: constraint violation = 1.38545
   pelvis_tilt: constraint violation = -1.69728
   pelvis_tilt: constraint violation = 0.24247
   pelvis_tilt: constraint violation = -1.09448
   pelvis_tilt: constraint violation = -1.17755
   pelvis_tilt: constraint violation = -0.224495
   pelvis_tilt: constraint violation = -0.256734
   pelvis_tilt: constraint violation = 0.585197
   pelvis_tilt: constraint violation = -20.2434
   pelvis_tilt: constraint violation = 0.861276
   pelvis_tilt: constraint violation = 3.04896
   pelvis_tilt: constraint violation = -2.49012
   pelvis_tilt: constraint violation = -3.89038
   pelvis_tilt: constraint violation = -1.59598

[2026-09-12 04:00:36.929] [cout] [info] time = 0.716 Performance = 1.6862 Constraint violation = 21.3908
[2026-09-12 04:00:38.411] [warning] SimTK Exception thrown at InteriorPointOptimizer.cpp:264:
  Optimizer failed: Ipopt: Maximum iterations exceeded (status -1)
[2026-09-12 04:00:38.412] [warning] OPTIMIZATION FAILED...
[2026-09-12 04:00:38.412] [warning] StaticOptimization.record: The optimizer could not find a solution at time = 0.732.
[2026-09-12 04:00:38.412] [warning] The model appears unsuitable for static optimization.
Try appending the model with additional force(s) or locking joint(s) to reduce the following acceleration constraint violation(s):
   pelvis_tilt: constraint violation = 0.904396
   pelvis_tilt: constraint violation = 0.98759
   pelvis_tilt: constraint violation = -1.27821
   pelvis_tilt: constraint violation = 0.00332274
   pelvis_tilt: constraint violation = -0.172096
   pelvis_tilt: constraint violation = -0.0929471
   pelvis_tilt: constraint violation = -0.742056
   pelvis_tilt: constraint violation = 0.675043
   pelvis_tilt: constraint violation = -0.151686
   pelvis_tilt: constraint violation = 1.32425
   pelvis_tilt: constraint violation = -1.29676
   pelvis_tilt: constraint violation = 0.183539
   pelvis_tilt: constraint violation = -1.48062
   pelvis_tilt: constraint violation = -0.788004
   pelvis_tilt: constraint violation = -0.204548
   pelvis_tilt: constraint violation = -0.386688
   pelvis_tilt: constraint violation = 0.72314
   pelvis_tilt: constraint violation = -28.9295
   pelvis_tilt: constraint violation = 0.0206772
   pelvis_tilt: constraint violation = 2.98782
   pelvis_tilt: constraint violation = -2.08045
   pelvis_tilt: constraint violation = -8.26297
   pelvis_tilt: constraint violation = -1.27289

[2026-09-12 04:00:38.412] [cout] [info] time = 0.732 Performance = 1.47931 Constraint violation = 30.5215
[2026-09-12 04:00:39.668] [warning] SimTK Exception thrown at InteriorPointOptimizer.cpp:264:
  Optimizer failed: Ipopt: Maximum iterations exceeded (status -1)
[2026-09-12 04:00:39.668] [warning] OPTIMIZATION FAILED...
[2026-09-12 04:00:39.668] [warning] StaticOptimization.record: The optimizer could not find a solution at time = 0.748.
[2026-09-12 04:00:39.669] [warning] The model appears unsuitable for static optimization.
Try appending the model with additional force(s) or locking joint(s) to reduce the following acceleration constraint violation(s):
   pelvis_tilt: constraint violation = 0.438985
   pelvis_tilt: constraint violation = 0.416759
   pelvis_tilt: constraint violation = -1.0856
   pelvis_tilt: constraint violation = 0.00287628
   pelvis_tilt: constraint violation = -0.417325
   pelvis_tilt: constraint violation = -0.0341385
   pelvis_tilt: constraint violation = -0.671045
   pelvis_tilt: constraint violation = 0.175562
   pelvis_tilt: constraint violation = -0.0527339
   pelvis_tilt: constraint violation = 0.949649
   pelvis_tilt: constraint violation = -0.661384
   pelvis_tilt: constraint violation = 0.0861675
   pelvis_tilt: constraint violation = -1.65539
   pelvis_tilt: constraint violation = -0.198046
   pelvis_tilt: constraint violation = -0.161154
   pelvis_tilt: constraint violation = -0.586949
   pelvis_tilt: constraint violation = 0.641802
   pelvis_tilt: constraint violation = -19.2333
   pelvis_tilt: constraint violation = -1.23566
   pelvis_tilt: constraint violation = 1.2866
   pelvis_tilt: constraint violation = -0.838139
   pelvis_tilt: constraint violation = -16.9077
   pelvis_tilt: constraint violation = -1.54286

[2026-09-12 04:00:39.669] [cout] [info] time = 0.748 Performance = 1.47605 Constraint violation = 25.8683
[2026-09-12 04:00:40.709] [warning] SimTK Exception thrown at InteriorPointOptimizer.cpp:264:
  Optimizer failed: Ipopt: Infeasible problem detected (status 2)
[2026-09-12 04:00:40.709] [warning] OPTIMIZATION FAILED...
[2026-09-12 04:00:40.709] [warning] StaticOptimization.record: The optimizer could not find a solution at time = 0.764.
[2026-09-12 04:00:40.709] [warning] The model appears unsuitable for static optimization.
Try appending the model with additional force(s) or locking joint(s) to reduce the following acceleration constraint violation(s):
   pelvis_tilt: constraint violation = 0.0262371
   pelvis_tilt: constraint violation = 0.0718279
   pelvis_tilt: constraint violation = -0.55306
   pelvis_tilt: constraint violation = 0.000794781
   pelvis_tilt: constraint violation = -0.37653
   pelvis_tilt: constraint violation = -0.00149047
   pelvis_tilt: constraint violation = -1.46836
   pelvis_tilt: constraint violation = -0.0396655
   pelvis_tilt: constraint violation = 0.0152908
   pelvis_tilt: constraint violation = 0.0525503
   pelvis_tilt: constraint violation = -0.0871749
   pelvis_tilt: constraint violation = 0.021036
   pelvis_tilt: constraint violation = -1.58356
   pelvis_tilt: constraint violation = 0.0874453
   pelvis_tilt: constraint violation = -0.0627145
   pelvis_tilt: constraint violation = -0.277078
   pelvis_tilt: constraint violation = 0.131627
   pelvis_tilt: constraint violation = -0.380564
   pelvis_tilt: constraint violation = -0.750232
   pelvis_tilt: constraint violation = 0.0889752
   pelvis_tilt: constraint violation = 0.0917358
   pelvis_tilt: constraint violation = -8.90772
   pelvis_tilt: constraint violation = -1.17038

[2026-09-12 04:00:40.709] [cout] [info] time = 0.764 Performance = 1.42776 Constraint violation = 9.31004
[2026-09-12 04:00:41.978] [warning] SimTK Exception thrown at InteriorPointOptimizer.cpp:264:
  Optimizer failed: Ipopt: Maximum iterations exceeded (status -1)
[2026-09-12 04:00:41.978] [warning] OPTIMIZATION FAILED...
[2026-09-12 04:00:41.979] [warning] StaticOptimization.record: The optimizer could not find a solution at time = 0.78.
[2026-09-12 04:00:41.979] [warning] The model appears unsuitable for static optimization.
Try appending the model with additional force(s) or locking joint(s) to reduce the following acceleration constraint violation(s):
   pelvis_tilt: constraint violation = -0.569279
   pelvis_tilt: constraint violation = 0.0623564
   pelvis_tilt: constraint violation = -0.100877
   pelvis_tilt: constraint violation = -0.000111963
   pelvis_tilt: constraint violation = -0.0569337
   pelvis_tilt: constraint violation = -0.00223932
   pelvis_tilt: constraint violation = -0.727438
   pelvis_tilt: constraint violation = 0.0168607
   pelvis_tilt: constraint violation = -0.00283631
   pelvis_tilt: constraint violation = -0.111454
   pelvis_tilt: constraint violation = -0.0559753
   pelvis_tilt: constraint violation = 0.0131757
   pelvis_tilt: constraint violation = -0.613176
   pelvis_tilt: constraint violation = 0.04274
   pelvis_tilt: constraint violation = -0.0266794
   pelvis_tilt: constraint violation = -0.420642
   pelvis_tilt: constraint violation = 0.0349476
   pelvis_tilt: constraint violation = -11.4069
   pelvis_tilt: constraint violation = -0.550479
   pelvis_tilt: constraint violation = 0.136313
   pelvis_tilt: constraint violation = -0.0685946
   pelvis_tilt: constraint violation = -4.06652
   pelvis_tilt: constraint violation = -0.339038

[2026-09-12 04:00:41.979] [cout] [info] time = 0.78 Performance = 1.23914 Constraint violation = 12.1877
[2026-09-12 04:00:43.316] [warning] SimTK Exception thrown at InteriorPointOptimizer.cpp:264:
  Optimizer failed: Ipopt: Maximum iterations exceeded (status -1)
[2026-09-12 04:00:43.316] [warning] OPTIMIZATION FAILED...
[2026-09-12 04:00:43.316] [warning] StaticOptimization.record: The optimizer could not find a solution at time = 0.796.
[2026-09-12 04:00:43.317] [warning] The model appears unsuitable for static optimization.
Try appending the model with additional force(s) or locking joint(s) to reduce the following acceleration constraint violation(s):
   pelvis_tilt: constraint violation = -1.1939
   pelvis_tilt: constraint violation = 0.232071
   pelvis_tilt: constraint violation = 0.103194
   pelvis_tilt: constraint violation = -0.000986978
   pelvis_tilt: constraint violation = 0.0661813
   pelvis_tilt: constraint violation = -0.0219249
   pelvis_tilt: constraint violation = 0.0496976
   pelvis_tilt: constraint violation = 0.320318
   pelvis_tilt: constraint violation = -0.0509674
   pelvis_tilt: constraint violation = -0.669707
   pelvis_tilt: constraint violation = -0.139456
   pelvis_tilt: constraint violation = 0.0130717
   pelvis_tilt: constraint violation = 0.116497
   pelvis_tilt: constraint violation = -0.215458
   pelvis_tilt: constraint violation = 0.106616
   pelvis_tilt: constraint violation = -0.261797
   pelvis_tilt: constraint violation = -0.318156
   pelvis_tilt: constraint violation = 2.08843
   pelvis_tilt: constraint violation = -0.379837
   pelvis_tilt: constraint violation = 1.42326
   pelvis_tilt: constraint violation = -0.193207
   pelvis_tilt: constraint violation = 5.79662
   pelvis_tilt: constraint violation = 0.0958094

[2026-09-12 04:00:43.317] [cout] [info] time = 0.796 Performance = 1.23174 Constraint violation = 6.51848
[2026-09-12 04:00:45.072] [warning] SimTK Exception thrown at InteriorPointOptimizer.cpp:264:
  Optimizer failed: Ipopt: Maximum iterations exceeded (status -1)
[2026-09-12 04:00:45.072] [warning] OPTIMIZATION FAILED...
[2026-09-12 04:00:45.072] [warning] StaticOptimization.record: The optimizer could not find a solution at time = 0.812.
[2026-09-12 04:00:45.072] [warning] The model appears unsuitable for static optimization.
Try appending the model with additional force(s) or locking joint(s) to reduce the following acceleration constraint violation(s):
   pelvis_tilt: constraint violation = -1.69949
   pelvis_tilt: constraint violation = 0.296752
   pelvis_tilt: constraint violation = 0.295339
   pelvis_tilt: constraint violation = -0.00231348
   pelvis_tilt: constraint violation = 0.0465228
   pelvis_tilt: constraint violation = -0.0351503
   pelvis_tilt: constraint violation = -0.454288
   pelvis_tilt: constraint violation = 0.545142
   pelvis_tilt: constraint violation = -0.0674875
   pelvis_tilt: constraint violation = -1.26348
   pelvis_tilt: constraint violation = -0.164267
   pelvis_tilt: constraint violation = 0.0018933
   pelvis_tilt: constraint violation = 0.35427
   pelvis_tilt: constraint violation = -0.464212
   pelvis_tilt: constraint violation = 0.212869
   pelvis_tilt: constraint violation = -0.657077
   pelvis_tilt: constraint violation = -0.360097
   pelvis_tilt: constraint violation = -6.07664
   pelvis_tilt: constraint violation = -2.89989
   pelvis_tilt: constraint violation = 2.44465
   pelvis_tilt: constraint violation = 0.0347415
   pelvis_tilt: constraint violation = 5.75264
   pelvis_tilt: constraint violation = -0.635103

[2026-09-12 04:00:45.072] [cout] [info] time = 0.812 Performance = 1.0633 Constraint violation = 9.53703
[2026-09-12 04:00:46.645] [warning] SimTK Exception thrown at InteriorPointOptimizer.cpp:264:
  Optimizer failed: Ipopt: Maximum iterations exceeded (status -1)
[2026-09-12 04:00:46.645] [warning] OPTIMIZATION FAILED...
[2026-09-12 04:00:46.645] [warning] StaticOptimization.record: The optimizer could not find a solution at time = 0.828.
[2026-09-12 04:00:46.645] [warning] The model appears unsuitable for static optimization.
Try appending the model with additional force(s) or locking joint(s) to reduce the following acceleration constraint violation(s):
   pelvis_tilt: constraint violation = -1.79206
   pelvis_tilt: constraint violation = 0.244765
   pelvis_tilt: constraint violation = 0.238856
   pelvis_tilt: constraint violation = -0.0020036
   pelvis_tilt: constraint violation = 0.022514
   pelvis_tilt: constraint violation = -0.0339405
   pelvis_tilt: constraint violation = -0.720393
   pelvis_tilt: constraint violation = 0.543555
   pelvis_tilt: constraint violation = -0.0518454
   pelvis_tilt: constraint violation = -1.29438
   pelvis_tilt: constraint violation = -0.192972
   pelvis_tilt: constraint violation = 0.0107378
   pelvis_tilt: constraint violation = 0.230129
   pelvis_tilt: constraint violation = -0.520116
   pelvis_tilt: constraint violation = 0.178612
   pelvis_tilt: constraint violation = -0.807703
   pelvis_tilt: constraint violation = -0.266828
   pelvis_tilt: constraint violation = -9.7793
   pelvis_tilt: constraint violation = -6.92013
   pelvis_tilt: constraint violation = 2.30615
   pelvis_tilt: constraint violation = 0.0413242
   pelvis_tilt: constraint violation = 4.14509
   pelvis_tilt: constraint violation = -2.02685

[2026-09-12 04:00:46.645] [cout] [info] time = 0.828 Performance = 0.944098 Constraint violation = 13.3068
[2026-09-12 04:00:47.878] [warning] SimTK Exception thrown at InteriorPointOptimizer.cpp:264:
  Optimizer failed: Ipopt: Maximum iterations exceeded (status -1)
[2026-09-12 04:00:47.878] [warning] OPTIMIZATION FAILED...
[2026-09-12 04:00:47.878] [warning] StaticOptimization.record: The optimizer could not find a solution at time = 0.844.
[2026-09-12 04:00:47.879] [warning] The model appears unsuitable for static optimization.
Try appending the model with additional force(s) or locking joint(s) to reduce the following acceleration constraint violation(s):
   pelvis_tilt: constraint violation = -1.62707
   pelvis_tilt: constraint violation = 0.125526
   pelvis_tilt: constraint violation = -0.186392
   pelvis_tilt: constraint violation = -0.000930347
   pelvis_tilt: constraint violation = 0.0209591
   pelvis_tilt: constraint violation = -0.0245443
   pelvis_tilt: constraint violation = -0.844006
   pelvis_tilt: constraint violation = 0.319904
   pelvis_tilt: constraint violation = -0.02894
   pelvis_tilt: constraint violation = -0.683929
   pelvis_tilt: constraint violation = -0.293456
   pelvis_tilt: constraint violation = 0.0792524
   pelvis_tilt: constraint violation = -0.162926
   pelvis_tilt: constraint violation = -0.381995
   pelvis_tilt: constraint violation = -0.031512
   pelvis_tilt: constraint violation = -0.839505
   pelvis_tilt: constraint violation = -0.245007
   pelvis_tilt: constraint violation = -6.0654
   pelvis_tilt: constraint violation = -6.29161
   pelvis_tilt: constraint violation = 0.945434
   pelvis_tilt: constraint violation = -0.979024
   pelvis_tilt: constraint violation = 2.76281
   pelvis_tilt: constraint violation = -2.9626

[2026-09-12 04:00:47.879] [cout] [info] time = 0.844 Performance = 0.895815 Constraint violation = 9.98242
[2026-09-12 04:00:49.551] [warning] SimTK Exception thrown at InteriorPointOptimizer.cpp:264:
  Optimizer failed: Ipopt: Maximum iterations exceeded (status -1)
[2026-09-12 04:00:49.551] [warning] OPTIMIZATION FAILED...
[2026-09-12 04:00:49.551] [warning] StaticOptimization.record: The optimizer could not find a solution at time = 0.86.
[2026-09-12 04:00:49.551] [warning] The model appears unsuitable for static optimization.
Try appending the model with additional force(s) or locking joint(s) to reduce the following acceleration constraint violation(s):
   pelvis_tilt: constraint violation = -1.48345
   pelvis_tilt: constraint violation = -0.0855218
   pelvis_tilt: constraint violation = -0.607568
   pelvis_tilt: constraint violation = -0.000243671
   pelvis_tilt: constraint violation = 0.0597558
   pelvis_tilt: constraint violation = -0.00831411
   pelvis_tilt: constraint violation = -0.843515
   pelvis_tilt: constraint violation = -0.0966999
   pelvis_tilt: constraint violation = -0.009225
   pelvis_tilt: constraint violation = -0.0031697
   pelvis_tilt: constraint violation = -0.217602
   pelvis_tilt: constraint violation = 0.124262
   pelvis_tilt: constraint violation = -0.322785
   pelvis_tilt: constraint violation = -0.137959
   pelvis_tilt: constraint violation = -0.230003
   pelvis_tilt: constraint violation = -0.818042
   pelvis_tilt: constraint violation = -0.225295
   pelvis_tilt: constraint violation = 6.11924
   pelvis_tilt: constraint violation = 8.70504
   pelvis_tilt: constraint violation = -1.19497
   pelvis_tilt: constraint violation = -2.57289
   pelvis_tilt: constraint violation = 3.68589
   pelvis_tilt: constraint violation = 2.35297

[2026-09-12 04:00:49.551] [cout] [info] time = 0.86 Performance = 0.840507 Constraint violation = 12.0272
[2026-09-12 04:00:50.961] [warning] SimTK Exception thrown at InteriorPointOptimizer.cpp:264:
  Optimizer failed: Ipopt: Maximum iterations exceeded (status -1)
[2026-09-12 04:00:50.961] [warning] OPTIMIZATION FAILED...
[2026-09-12 04:00:50.961] [warning] StaticOptimization.record: The optimizer could not find a solution at time = 0.876.
[2026-09-12 04:00:50.961] [warning] The model appears unsuitable for static optimization.
Try appending the model with additional force(s) or locking joint(s) to reduce the following acceleration constraint violation(s):
   pelvis_tilt: constraint violation = -1.33492
   pelvis_tilt: constraint violation = -0.360061
   pelvis_tilt: constraint violation = -1.10062
   pelvis_tilt: constraint violation = 0.000108231
   pelvis_tilt: constraint violation = 0.0946642
   pelvis_tilt: constraint violation = 0.0142835
   pelvis_tilt: constraint violation = -0.955736
   pelvis_tilt: constraint violation = -0.43453
   pelvis_tilt: constraint violation = 0.00544158
   pelvis_tilt: constraint violation = 0.573567
   pelvis_tilt: constraint violation = -0.0583594
   pelvis_tilt: constraint violation = 0.174487
   pelvis_tilt: constraint violation = -0.323299
   pelvis_tilt: constraint violation = 0.213499
   pelvis_tilt: constraint violation = -0.500267
   pelvis_tilt: constraint violation = -0.906934
   pelvis_tilt: constraint violation = -0.170143
   pelvis_tilt: constraint violation = 14.4927
   pelvis_tilt: constraint violation = 22.9994
   pelvis_tilt: constraint violation = -2.8386
   pelvis_tilt: constraint violation = -3.29589
   pelvis_tilt: constraint violation = 4.15857
   pelvis_tilt: constraint violation = 8.5387

[2026-09-12 04:00:50.961] [cout] [info] time = 0.876 Performance = 0.788413 Constraint violation = 29.223
[2026-09-12 04:00:52.408] [warning] SimTK Exception thrown at InteriorPointOptimizer.cpp:264:
  Optimizer failed: Ipopt: Maximum iterations exceeded (status -1)
[2026-09-12 04:00:52.408] [warning] OPTIMIZATION FAILED...
[2026-09-12 04:00:52.408] [warning] StaticOptimization.record: The optimizer could not find a solution at time = 0.892.
[2026-09-12 04:00:52.409] [warning] The model appears unsuitable for static optimization.
Try appending the model with additional force(s) or locking joint(s) to reduce the following acceleration constraint violation(s):
   pelvis_tilt: constraint violation = -1.24262
   pelvis_tilt: constraint violation = -0.514265
   pelvis_tilt: constraint violation = -1.99515
   pelvis_tilt: constraint violation = 2.18398e-05
   pelvis_tilt: constraint violation = 0.0346739
   pelvis_tilt: constraint violation = 0.0265404
   pelvis_tilt: constraint violation = -0.791606
   pelvis_tilt: constraint violation = -0.639573
   pelvis_tilt: constraint violation = -0.000239628
   pelvis_tilt: constraint violation = 0.66994
   pelvis_tilt: constraint violation = 0.0453751
   pelvis_tilt: constraint violation = 0.1268
   pelvis_tilt: constraint violation = -0.30688
   pelvis_tilt: constraint violation = 0.601181
   pelvis_tilt: constraint violation = -0.467927
   pelvis_tilt: constraint violation = -0.435026
   pelvis_tilt: constraint violation = 0.0810379
   pelvis_tilt: constraint violation = 6.00956
   pelvis_tilt: constraint violation = 11.6738
   pelvis_tilt: constraint violation = -2.05444
   pelvis_tilt: constraint violation = -1.94229
   pelvis_tilt: constraint violation = 0.214183
   pelvis_tilt: constraint violation = 6.03522

[2026-09-12 04:00:52.409] [cout] [info] time = 0.892 Performance = 0.7648 Constraint violation = 15.0006
[2026-09-12 04:00:53.799] [warning] SimTK Exception thrown at InteriorPointOptimizer.cpp:264:
  Optimizer failed: Ipopt: Maximum iterations exceeded (status -1)
[2026-09-12 04:00:53.800] [warning] OPTIMIZATION FAILED...
[2026-09-12 04:00:53.800] [warning] StaticOptimization.record: The optimizer could not find a solution at time = 0.908000.
[2026-09-12 04:00:53.800] [warning] The model appears unsuitable for static optimization.
Try appending the model with additional force(s) or locking joint(s) to reduce the following acceleration constraint violation(s):
   pelvis_tilt: constraint violation = -0.685217
   pelvis_tilt: constraint violation = -0.326429
   pelvis_tilt: constraint violation = -1.47999
   pelvis_tilt: constraint violation = -0.000277089
   pelvis_tilt: constraint violation = -0.0795234
   pelvis_tilt: constraint violation = 0.0240632
   pelvis_tilt: constraint violation = -1.67578
   pelvis_tilt: constraint violation = -0.354624
   pelvis_tilt: constraint violation = -0.0200365
   pelvis_tilt: constraint violation = 0.69596
   pelvis_tilt: constraint violation = 0.0628905
   pelvis_tilt: constraint violation = 0.191314
   pelvis_tilt: constraint violation = -0.846288
   pelvis_tilt: constraint violation = 0.565729
   pelvis_tilt: constraint violation = -0.692602
   pelvis_tilt: constraint violation = -1.11542
   pelvis_tilt: constraint violation = 0.328817
   pelvis_tilt: constraint violation = -7.36791
   pelvis_tilt: constraint violation = 10.8112
   pelvis_tilt: constraint violation = -2.05107
   pelvis_tilt: constraint violation = -2.21049
   pelvis_tilt: constraint violation = -5.41299
   pelvis_tilt: constraint violation = -2.84383

[2026-09-12 04:00:53.800] [cout] [info] time = 0.908000 Performance = 0.755394 Constraint violation = 15.0582
[2026-09-12 04:00:55.089] [warning] SimTK Exception thrown at InteriorPointOptimizer.cpp:264:
  Optimizer failed: Ipopt: Maximum iterations exceeded (status -1)
[2026-09-12 04:00:55.089] [warning] OPTIMIZATION FAILED...
[2026-09-12 04:00:55.089] [warning] StaticOptimization.record: The optimizer could not find a solution at time = 0.924.
[2026-09-12 04:00:55.090] [warning] The model appears unsuitable for static optimization.
Try appending the model with additional force(s) or locking joint(s) to reduce the following acceleration constraint violation(s):
   pelvis_tilt: constraint violation = -0.289423
   pelvis_tilt: constraint violation = -0.269498
   pelvis_tilt: constraint violation = -1.59771
   pelvis_tilt: constraint violation = -0.000631844
   pelvis_tilt: constraint violation = -0.160277
   pelvis_tilt: constraint violation = 0.0179103
   pelvis_tilt: constraint violation = -2.3963
   pelvis_tilt: constraint violation = -0.23926
   pelvis_tilt: constraint violation = -0.0311352
   pelvis_tilt: constraint violation = 0.342591
   pelvis_tilt: constraint violation = 0.0762221
   pelvis_tilt: constraint violation = 0.12786
   pelvis_tilt: constraint violation = -1.33379
   pelvis_tilt: constraint violation = 0.622516
   pelvis_tilt: constraint violation = -0.499464
   pelvis_tilt: constraint violation = -0.804482
   pelvis_tilt: constraint violation = 0.278727
   pelvis_tilt: constraint violation = -10.3136
   pelvis_tilt: constraint violation = -0.0683985
   pelvis_tilt: constraint violation = -1.16502
   pelvis_tilt: constraint violation = -1.11368
   pelvis_tilt: constraint violation = -7.07674
   pelvis_tilt: constraint violation = -7.42655

[2026-09-12 04:00:55.090] [cout] [info] time = 0.924 Performance = 0.791955 Constraint violation = 15.0341
[2026-09-12 04:00:56.380] [warning] SimTK Exception thrown at InteriorPointOptimizer.cpp:264:
  Optimizer failed: Ipopt: Maximum iterations exceeded (status -1)
[2026-09-12 04:00:56.380] [warning] OPTIMIZATION FAILED...
[2026-09-12 04:00:56.380] [warning] StaticOptimization.record: The optimizer could not find a solution at time = 0.94.
[2026-09-12 04:00:56.381] [warning] The model appears unsuitable for static optimization.
Try appending the model with additional force(s) or locking joint(s) to reduce the following acceleration constraint violation(s):
   pelvis_tilt: constraint violation = -0.355393
   pelvis_tilt: constraint violation = -0.167745
   pelvis_tilt: constraint violation = -1.18304
   pelvis_tilt: constraint violation = -0.000278004
   pelvis_tilt: constraint violation = -0.189396
   pelvis_tilt: constraint violation = 0.0150241
   pelvis_tilt: constraint violation = -1.59387
   pelvis_tilt: constraint violation = -0.174334
   pelvis_tilt: constraint violation = -0.0355978
   pelvis_tilt: constraint violation = 0.195537
   pelvis_tilt: constraint violation = 0.097794
   pelvis_tilt: constraint violation = 0.124503
   pelvis_tilt: constraint violation = -1.23633
   pelvis_tilt: constraint violation = 0.473028
   pelvis_tilt: constraint violation = -0.583706
   pelvis_tilt: constraint violation = -1.0935
   pelvis_tilt: constraint violation = 0.339543
   pelvis_tilt: constraint violation = -19.1194
   pelvis_tilt: constraint violation = -7.52795
   pelvis_tilt: constraint violation = -0.898729
   pelvis_tilt: constraint violation = -0.580977
   pelvis_tilt: constraint violation = -9.19575
   pelvis_tilt: constraint violation = -10.5221

[2026-09-12 04:00:56.381] [cout] [info] time = 0.94 Performance = 0.864088 Constraint violation = 25.0254
[2026-09-12 04:00:57.625] [warning] SimTK Exception thrown at InteriorPointOptimizer.cpp:264:
  Optimizer failed: Ipopt: Maximum iterations exceeded (status -1)
[2026-09-12 04:00:57.625] [warning] OPTIMIZATION FAILED...
[2026-09-12 04:00:57.625] [warning] StaticOptimization.record: The optimizer could not find a solution at time = 0.956.
[2026-09-12 04:00:57.625] [warning] The model appears unsuitable for static optimization.
Try appending the model with additional force(s) or locking joint(s) to reduce the following acceleration constraint violation(s):
   pelvis_tilt: constraint violation = -0.305732
   pelvis_tilt: constraint violation = 0.138891
   pelvis_tilt: constraint violation = -0.332963
   pelvis_tilt: constraint violation = 0.000428671
   pelvis_tilt: constraint violation = -0.209012
   pelvis_tilt: constraint violation = -0.00208405
   pelvis_tilt: constraint violation = -0.877107
   pelvis_tilt: constraint violation = 0.029187
   pelvis_tilt: constraint violation = -0.0186853
   pelvis_tilt: constraint violation = -0.3115
   pelvis_tilt: constraint violation = -0.0128733
   pelvis_tilt: constraint violation = 0.0625043
   pelvis_tilt: constraint violation = -1.27035
   pelvis_tilt: constraint violation = 0.167638
   pelvis_tilt: constraint violation = -0.122108
   pelvis_tilt: constraint violation = -0.454908
   pelvis_tilt: constraint violation = 0.140583
   pelvis_tilt: constraint violation = -11.3031
   pelvis_tilt: constraint violation = -7.14368
   pelvis_tilt: constraint violation = 0.276381
   pelvis_tilt: constraint violation = -0.078259
   pelvis_tilt: constraint violation = -7.3521
   pelvis_tilt: constraint violation = -9.86102

[2026-09-12 04:00:57.625] [cout] [info] time = 0.956 Performance = 0.946505 Constraint violation = 18.2535
[2026-09-12 04:00:59.130] [warning] SimTK Exception thrown at InteriorPointOptimizer.cpp:264:
  Optimizer failed: Ipopt: Maximum iterations exceeded (status -1)
[2026-09-12 04:00:59.131] [warning] OPTIMIZATION FAILED...
[2026-09-12 04:00:59.131] [warning] StaticOptimization.record: The optimizer could not find a solution at time = 0.972.
[2026-09-12 04:00:59.131] [warning] The model appears unsuitable for static optimization.
Try appending the model with additional force(s) or locking joint(s) to reduce the following acceleration constraint violation(s):
   pelvis_tilt: constraint violation = -0.157389
   pelvis_tilt: constraint violation = 0.367697
   pelvis_tilt: constraint violation = 0.0662648
   pelvis_tilt: constraint violation = 0.000276831
   pelvis_tilt: constraint violation = -0.194386
   pelvis_tilt: constraint violation = -0.012771
   pelvis_tilt: constraint violation = -0.366508
   pelvis_tilt: constraint violation = 0.156498
   pelvis_tilt: constraint violation = -0.00487086
   pelvis_tilt: constraint violation = -0.902082
   pelvis_tilt: constraint violation = -0.1274
   pelvis_tilt: constraint violation = 0.0664493
   pelvis_tilt: constraint violation = -1.2841
   pelvis_tilt: constraint violation = 0.075325
   pelvis_tilt: constraint violation = 0.0945138
   pelvis_tilt: constraint violation = -0.289191
   pelvis_tilt: constraint violation = 0.123888
   pelvis_tilt: constraint violation = -22.4127
   pelvis_tilt: constraint violation = -18.129
   pelvis_tilt: constraint violation = 1.02347
   pelvis_tilt: constraint violation = -0.173595
   pelvis_tilt: constraint violation = -8.33903
   pelvis_tilt: constraint violation = -12.5042

[2026-09-12 04:00:59.131] [cout] [info] time = 0.972 Performance = 1.02293 Constraint violation = 32.5718
[2026-09-12 04:01:00.385] [warning] SimTK Exception thrown at InteriorPointOptimizer.cpp:264:
  Optimizer failed: Ipopt: Maximum iterations exceeded (status -1)
[2026-09-12 04:01:00.385] [warning] OPTIMIZATION FAILED...
[2026-09-12 04:01:00.386] [warning] StaticOptimization.record: The optimizer could not find a solution at time = 0.988.
[2026-09-12 04:01:00.386] [warning] The model appears unsuitable for static optimization.
Try appending the model with additional force(s) or locking joint(s) to reduce the following acceleration constraint violation(s):
   pelvis_tilt: constraint violation = -0.0261027
   pelvis_tilt: constraint violation = 0.651144
   pelvis_tilt: constraint violation = 0.31971
   pelvis_tilt: constraint violation = 9.0835e-06
   pelvis_tilt: constraint violation = -0.228473
   pelvis_tilt: constraint violation = -0.0240065
   pelvis_tilt: constraint violation = -0.0392026
   pelvis_tilt: constraint violation = 0.255225
   pelvis_tilt: constraint violation = 0.00610137
   pelvis_tilt: constraint violation = -1.7617
   pelvis_tilt: constraint violation = -0.261156
   pelvis_tilt: constraint violation = 0.0852875
   pelvis_tilt: constraint violation = -1.20168
   pelvis_tilt: constraint violation = -0.0260955
   pelvis_tilt: constraint violation = 0.225594
   pelvis_tilt: constraint violation = -0.0520351
   pelvis_tilt: constraint violation = 0.0557239
   pelvis_tilt: constraint violation = -7.42209
   pelvis_tilt: constraint violation = -4.63884
   pelvis_tilt: constraint violation = 1.29507
   pelvis_tilt: constraint violation = -0.590727
   pelvis_tilt: constraint violation = -7.30193
   pelvis_tilt: constraint violation = -10.148

[2026-09-12 04:01:00.386] [cout] [info] time = 0.988 Performance = 1.08222 Constraint violation = 15.5003
[2026-09-12 04:01:01.530] [warning] SimTK Exception thrown at InteriorPointOptimizer.cpp:264:
  Optimizer failed: Ipopt: Maximum iterations exceeded (status -1)
[2026-09-12 04:01:01.530] [warning] OPTIMIZATION FAILED...
[2026-09-12 04:01:01.530] [warning] StaticOptimization.record: The optimizer could not find a solution at time = 1.00400.
[2026-09-12 04:01:01.530] [warning] The model appears unsuitable for static optimization.
Try appending the model with additional force(s) or locking joint(s) to reduce the following acceleration constraint violation(s):
   pelvis_tilt: constraint violation = 0.143371
   pelvis_tilt: constraint violation = 0.808654
   pelvis_tilt: constraint violation = 0.507911
   pelvis_tilt: constraint violation = 0.000228586
   pelvis_tilt: constraint violation = -0.167535
   pelvis_tilt: constraint violation = -0.0290843
   pelvis_tilt: constraint violation = 0.367342
   pelvis_tilt: constraint violation = 0.34423
   pelvis_tilt: constraint violation = 0.0144137
   pelvis_tilt: constraint violation = -1.3966
   pelvis_tilt: constraint violation = -0.415427
   pelvis_tilt: constraint violation = 0.129994
   pelvis_tilt: constraint violation = -0.950327
   pelvis_tilt: constraint violation = -0.122259
   pelvis_tilt: constraint violation = 0.367397
   pelvis_tilt: constraint violation = 0.317817
   pelvis_tilt: constraint violation = 0.0140994
   pelvis_tilt: constraint violation = -22.5954
   pelvis_tilt: constraint violation = -12.6127
   pelvis_tilt: constraint violation = 2.09912
   pelvis_tilt: constraint violation = -1.1414
   pelvis_tilt: constraint violation = -7.11612
   pelvis_tilt: constraint violation = -10.092

[2026-09-12 04:01:01.530] [cout] [info] time = 1.00400 Performance = 1.08357 Constraint violation = 28.8503
[2026-09-12 04:01:02.700] [warning] SimTK Exception thrown at InteriorPointOptimizer.cpp:264:
  Optimizer failed: Ipopt: Maximum iterations exceeded (status -1)
[2026-09-12 04:01:02.700] [warning] OPTIMIZATION FAILED...
[2026-09-12 04:01:02.700] [warning] StaticOptimization.record: The optimizer could not find a solution at time = 1.02.
[2026-09-12 04:01:02.701] [warning] The model appears unsuitable for static optimization.
Try appending the model with additional force(s) or locking joint(s) to reduce the following acceleration constraint violation(s):
   pelvis_tilt: constraint violation = 0.148939
   pelvis_tilt: constraint violation = 0.729115
   pelvis_tilt: constraint violation = 0.0944117
   pelvis_tilt: constraint violation = 0.000353799
   pelvis_tilt: constraint violation = -0.106132
   pelvis_tilt: constraint violation = -0.0230592
   pelvis_tilt: constraint violation = 0.21545
   pelvis_tilt: constraint violation = 0.345604
   pelvis_tilt: constraint violation = -0.000957366
   pelvis_tilt: constraint violation = -0.714537
   pelvis_tilt: constraint violation = -0.358227
   pelvis_tilt: constraint violation = 0.115758
   pelvis_tilt: constraint violation = -0.6643
   pelvis_tilt: constraint violation = -0.0542475
   pelvis_tilt: constraint violation = 0.144632
   pelvis_tilt: constraint violation = 0.171509
   pelvis_tilt: constraint violation = 0.0263821
   pelvis_tilt: constraint violation = -16.75
   pelvis_tilt: constraint violation = -4.71491
   pelvis_tilt: constraint violation = 1.78554
   pelvis_tilt: constraint violation = -1.07687
   pelvis_tilt: constraint violation = -4.587
   pelvis_tilt: constraint violation = -5.62272

[2026-09-12 04:01:02.701] [cout] [info] time = 1.02 Performance = 1.09684 Constraint violation = 19.018
[2026-09-12 04:01:04.298] [warning] SimTK Exception thrown at InteriorPointOptimizer.cpp:264:
  Optimizer failed: Ipopt: Maximum iterations exceeded (status -1)
[2026-09-12 04:01:04.298] [warning] OPTIMIZATION FAILED...
[2026-09-12 04:01:04.298] [warning] StaticOptimization.record: The optimizer could not find a solution at time = 1.036.
[2026-09-12 04:01:04.299] [warning] The model appears unsuitable for static optimization.
Try appending the model with additional force(s) or locking joint(s) to reduce the following acceleration constraint violation(s):
   pelvis_tilt: constraint violation = 0.0156804
   pelvis_tilt: constraint violation = 0.638316
   pelvis_tilt: constraint violation = -0.466884
   pelvis_tilt: constraint violation = 0.000375074
   pelvis_tilt: constraint violation = -0.074706
   pelvis_tilt: constraint violation = -0.0177389
   pelvis_tilt: constraint violation = -0.177013
   pelvis_tilt: constraint violation = 0.546649
   pelvis_tilt: constraint violation = -0.0298048
   pelvis_tilt: constraint violation = 0.0325152
   pelvis_tilt: constraint violation = -0.094601
   pelvis_tilt: constraint violation = 0.0462314
   pelvis_tilt: constraint violation = -0.514572
   pelvis_tilt: constraint violation = 0.0106487
   pelvis_tilt: constraint violation = -0.0278917
   pelvis_tilt: constraint violation = -0.230093
   pelvis_tilt: constraint violation = 0.040518
   pelvis_tilt: constraint violation = -6.9349
   pelvis_tilt: constraint violation = -0.593174
   pelvis_tilt: constraint violation = 0.472594
   pelvis_tilt: constraint violation = -0.396476
   pelvis_tilt: constraint violation = -2.23994
   pelvis_tilt: constraint violation = -2.28038

[2026-09-12 04:01:04.299] [cout] [info] time = 1.036 Performance = 1.13263 Constraint violation = 7.76773
[2026-09-12 04:01:05.585] [warning] SimTK Exception thrown at InteriorPointOptimizer.cpp:264:
  Optimizer failed: Ipopt: Maximum iterations exceeded (status -1)
[2026-09-12 04:01:05.585] [warning] OPTIMIZATION FAILED...
[2026-09-12 04:01:05.586] [warning] StaticOptimization.record: The optimizer could not find a solution at time = 1.052.
[2026-09-12 04:01:05.586] [warning] The model appears unsuitable for static optimization.
Try appending the model with additional force(s) or locking joint(s) to reduce the following acceleration constraint violation(s):
   pelvis_tilt: constraint violation = -0.11624
   pelvis_tilt: constraint violation = 0.521989
   pelvis_tilt: constraint violation = -1.17478
   pelvis_tilt: constraint violation = 0.000587235
   pelvis_tilt: constraint violation = -0.0176091
   pelvis_tilt: constraint violation = -0.0120036
   pelvis_tilt: constraint violation = -0.14684
   pelvis_tilt: constraint violation = 0.339089
   pelvis_tilt: constraint violation = -0.0525826
   pelvis_tilt: constraint violation = 0.147971
   pelvis_tilt: constraint violation = -0.0681386
   pelvis_tilt: constraint violation = 0.074421
   pelvis_tilt: constraint violation = -0.578395
   pelvis_tilt: constraint violation = 0.0947696
   pelvis_tilt: constraint violation = -0.0980863
   pelvis_tilt: constraint violation = -0.318414
   pelvis_tilt: constraint violation = 0.0819302
   pelvis_tilt: constraint violation = -5.21286
   pelvis_tilt: constraint violation = 1.03567
   pelvis_tilt: constraint violation = 0.949728
   pelvis_tilt: constraint violation = -0.208838
   pelvis_tilt: constraint violation = -0.356987
   pelvis_tilt: constraint violation = -0.713478

[2026-09-12 04:01:05.586] [cout] [info] time = 1.052 Performance = 1.15941 Constraint violation = 5.66814
[2026-09-12 04:01:06.990] [warning] SimTK Exception thrown at InteriorPointOptimizer.cpp:264:
  Optimizer failed: Ipopt: Maximum iterations exceeded (status -1)
[2026-09-12 04:01:06.990] [warning] OPTIMIZATION FAILED...
[2026-09-12 04:01:06.990] [warning] StaticOptimization.record: The optimizer could not find a solution at time = 1.068.
[2026-09-12 04:01:06.991] [warning] The model appears unsuitable for static optimization.
Try appending the model with additional force(s) or locking joint(s) to reduce the following acceleration constraint violation(s):
   pelvis_tilt: constraint violation = -0.49195
   pelvis_tilt: constraint violation = 0.203386
   pelvis_tilt: constraint violation = -1.22186
   pelvis_tilt: constraint violation = 0.000629738
   pelvis_tilt: constraint violation = 0.0293579
   pelvis_tilt: constraint violation = -0.00972724
   pelvis_tilt: constraint violation = -0.682786
   pelvis_tilt: constraint violation = 0.463571
   pelvis_tilt: constraint violation = -0.0818098
   pelvis_tilt: constraint violation = 0.979282
   pelvis_tilt: constraint violation = 0.129896
   pelvis_tilt: constraint violation = 0.00189662
   pelvis_tilt: constraint violation = -0.43026
   pelvis_tilt: constraint violation = 0.323484
   pelvis_tilt: constraint violation = -0.460645
   pelvis_tilt: constraint violation = -0.893531
   pelvis_tilt: constraint violation = 0.119258
   pelvis_tilt: constraint violation = -1.25815
   pelvis_tilt: constraint violation = 2.00414
   pelvis_tilt: constraint violation = 0.659853
   pelvis_tilt: constraint violation = 0.526599
   pelvis_tilt: constraint violation = 2.74399
   pelvis_tilt: constraint violation = 1.59348

[2026-09-12 04:01:06.991] [cout] [info] time = 1.068 Performance = 1.18225 Constraint violation = 4.59744
[2026-09-12 04:01:08.308] [warning] SimTK Exception thrown at InteriorPointOptimizer.cpp:264:
  Optimizer failed: Ipopt: Maximum iterations exceeded (status -1)
[2026-09-12 04:01:08.308] [warning] OPTIMIZATION FAILED...
[2026-09-12 04:01:08.308] [warning] StaticOptimization.record: The optimizer could not find a solution at time = 1.084.
[2026-09-12 04:01:08.309] [warning] The model appears unsuitable for static optimization.
Try appending the model with additional force(s) or locking joint(s) to reduce the following acceleration constraint violation(s):
   pelvis_tilt: constraint violation = -0.859824
   pelvis_tilt: constraint violation = -0.0746804
   pelvis_tilt: constraint violation = -1.43082
   pelvis_tilt: constraint violation = 0.000150055
   pelvis_tilt: constraint violation = 0.0566029
   pelvis_tilt: constraint violation = 0.00563595
   pelvis_tilt: constraint violation = -1.11236
   pelvis_tilt: constraint violation = 0.390354
   pelvis_tilt: constraint violation = -0.100558
   pelvis_tilt: constraint violation = 1.07192
   pelvis_tilt: constraint violation = 0.350024
   pelvis_tilt: constraint violation = -0.0791936
   pelvis_tilt: constraint violation = -0.26979
   pelvis_tilt: constraint violation = 0.494042
   pelvis_tilt: constraint violation = -0.592065
   pelvis_tilt: constraint violation = -1.37415
   pelvis_tilt: constraint violation = 0.101777
   pelvis_tilt: constraint violation = 2.54111
   pelvis_tilt: constraint violation = 0.673028
   pelvis_tilt: constraint violation = 0.152285
   pelvis_tilt: constraint violation = 1.29218
   pelvis_tilt: constraint violation = 4.48521
   pelvis_tilt: constraint violation = 2.86512

[2026-09-12 04:01:08.309] [cout] [info] time = 1.084 Performance = 1.22262 Constraint violation = 6.70583
[2026-09-12 04:01:09.684] [warning] SimTK Exception thrown at InteriorPointOptimizer.cpp:264:
  Optimizer failed: Ipopt: Maximum iterations exceeded (status -1)
[2026-09-12 04:01:09.684] [warning] OPTIMIZATION FAILED...
[2026-09-12 04:01:09.684] [warning] StaticOptimization.record: The optimizer could not find a solution at time = 1.1.
[2026-09-12 04:01:09.684] [warning] The model appears unsuitable for static optimization.
Try appending the model with additional force(s) or locking joint(s) to reduce the following acceleration constraint violation(s):
   pelvis_tilt: constraint violation = -1.01782
   pelvis_tilt: constraint violation = -0.290695
   pelvis_tilt: constraint violation = -1.31488
   pelvis_tilt: constraint violation = -0.000604088
   pelvis_tilt: constraint violation = 0.0405352
   pelvis_tilt: constraint violation = 0.0187439
   pelvis_tilt: constraint violation = -1.3349
   pelvis_tilt: constraint violation = 0.238016
   pelvis_tilt: constraint violation = -0.104363
   pelvis_tilt: constraint violation = 0.717784
   pelvis_tilt: constraint violation = 0.49704
   pelvis_tilt: constraint violation = -0.106579
   pelvis_tilt: constraint violation = -0.157178
   pelvis_tilt: constraint violation = 0.589684
   pelvis_tilt: constraint violation = -0.580586
   pelvis_tilt: constraint violation = -1.64843
   pelvis_tilt: constraint violation = 0.00397353
   pelvis_tilt: constraint violation = 0.949212
   pelvis_tilt: constraint violation = -2.98833
   pelvis_tilt: constraint violation = -0.190791
   pelvis_tilt: constraint violation = 1.95357
   pelvis_tilt: constraint violation = 3.45595
   pelvis_tilt: constraint violation = 2.71494

[2026-09-12 04:01:09.684] [cout] [info] time = 1.1 Performance = 1.28496 Constraint violation = 6.473
[2026-09-12 04:01:11.793] [warning] SimTK Exception thrown at InteriorPointOptimizer.cpp:264:
  Optimizer failed: Ipopt: Maximum iterations exceeded (status -1)
[2026-09-12 04:01:11.793] [warning] OPTIMIZATION FAILED...
[2026-09-12 04:01:11.793] [warning] StaticOptimization.record: The optimizer could not find a solution at time = 1.116.
[2026-09-12 04:01:11.793] [warning] The model appears unsuitable for static optimization.
Try appending the model with additional force(s) or locking joint(s) to reduce the following acceleration constraint violation(s):
   pelvis_tilt: constraint violation = -1.05695
   pelvis_tilt: constraint violation = -0.513938
   pelvis_tilt: constraint violation = -1.09633
   pelvis_tilt: constraint violation = -0.00157964
   pelvis_tilt: constraint violation = 0.0209848
   pelvis_tilt: constraint violation = 0.0315189
   pelvis_tilt: constraint violation = -1.51707
   pelvis_tilt: constraint violation = 0.0142605
   pelvis_tilt: constraint violation = -0.0993773
   pelvis_tilt: constraint violation = 0.290957
   pelvis_tilt: constraint violation = 0.657054
   pelvis_tilt: constraint violation = -0.104172
   pelvis_tilt: constraint violation = 0.064806
   pelvis_tilt: constraint violation = 0.636301
   pelvis_tilt: constraint violation = -0.524728
   pelvis_tilt: constraint violation = -1.83223
   pelvis_tilt: constraint violation = -0.226947
   pelvis_tilt: constraint violation = -0.687175
   pelvis_tilt: constraint violation = -7.36283
   pelvis_tilt: constraint violation = -0.621294
   pelvis_tilt: constraint violation = 2.6324
   pelvis_tilt: constraint violation = 2.00243
   pelvis_tilt: constraint violation = 2.7546

[2026-09-12 04:01:11.793] [cout] [info] time = 1.116 Performance = 1.37942 Constraint violation = 9.11663
[2026-09-12 04:01:13.670] [warning] SimTK Exception thrown at InteriorPointOptimizer.cpp:264:
  Optimizer failed: Ipopt: Maximum iterations exceeded (status -1)
[2026-09-12 04:01:13.670] [warning] OPTIMIZATION FAILED...
[2026-09-12 04:01:13.670] [warning] StaticOptimization.record: The optimizer could not find a solution at time = 1.132.
[2026-09-12 04:01:13.671] [warning] The model appears unsuitable for static optimization.
Try appending the model with additional force(s) or locking joint(s) to reduce the following acceleration constraint violation(s):
   pelvis_tilt: constraint violation = -1.10885
   pelvis_tilt: constraint violation = -0.564606
   pelvis_tilt: constraint violation = -1.15195
   pelvis_tilt: constraint violation = -0.00207329
   pelvis_tilt: constraint violation = 0.0372529
   pelvis_tilt: constraint violation = 0.0303339
   pelvis_tilt: constraint violation = -1.86244
   pelvis_tilt: constraint violation = 0.0553942
   pelvis_tilt: constraint violation = -0.11086
   pelvis_tilt: constraint violation = 0.34133
   pelvis_tilt: constraint violation = 0.849926
   pelvis_tilt: constraint violation = -0.0618795
   pelvis_tilt: constraint violation = 0.333747
   pelvis_tilt: constraint violation = 0.635348
   pelvis_tilt: constraint violation = -0.489381
   pelvis_tilt: constraint violation = -1.90267
   pelvis_tilt: constraint violation = -0.365113
   pelvis_tilt: constraint violation = 0.415004
   pelvis_tilt: constraint violation = -8.02514
   pelvis_tilt: constraint violation = -0.58342
   pelvis_tilt: constraint violation = 3.26527
   pelvis_tilt: constraint violation = 3.24221
   pelvis_tilt: constraint violation = 4.54356

[2026-09-12 04:01:13.671] [cout] [info] time = 1.132 Performance = 1.56923 Constraint violation = 10.8833
[2026-09-12 04:01:15.478] [warning] SimTK Exception thrown at InteriorPointOptimizer.cpp:264:
  Optimizer failed: Ipopt: Maximum iterations exceeded (status -1)
[2026-09-12 04:01:15.478] [warning] OPTIMIZATION FAILED...
[2026-09-12 04:01:15.478] [warning] StaticOptimization.record: The optimizer could not find a solution at time = 1.148.
[2026-09-12 04:01:15.479] [warning] The model appears unsuitable for static optimization.
Try appending the model with additional force(s) or locking joint(s) to reduce the following acceleration constraint violation(s):
   pelvis_tilt: constraint violation = -1.34195
   pelvis_tilt: constraint violation = -0.417792
   pelvis_tilt: constraint violation = -1.06932
   pelvis_tilt: constraint violation = -0.00299448
   pelvis_tilt: constraint violation = 0.0602728
   pelvis_tilt: constraint violation = 0.0190366
   pelvis_tilt: constraint violation = -2.05114
   pelvis_tilt: constraint violation = 0.230941
   pelvis_tilt: constraint violation = -0.111556
   pelvis_tilt: constraint violation = 0.17696
   pelvis_tilt: constraint violation = 0.739391
   pelvis_tilt: constraint violation = -0.00206705
   pelvis_tilt: constraint violation = 0.738539
   pelvis_tilt: constraint violation = 0.509506
   pelvis_tilt: constraint violation = -0.473067
   pelvis_tilt: constraint violation = -2.47281
   pelvis_tilt: constraint violation = -0.632744
   pelvis_tilt: constraint violation = 0.310681
   pelvis_tilt: constraint violation = -7.51478
   pelvis_tilt: constraint violation = -0.118116
   pelvis_tilt: constraint violation = 4.02269
   pelvis_tilt: constraint violation = 5.27474
   pelvis_tilt: constraint violation = 6.88694

[2026-09-12 04:01:15.479] [cout] [info] time = 1.148 Performance = 1.81761 Constraint violation = 12.7881
[2026-09-12 04:01:16.804] [warning] SimTK Exception thrown at InteriorPointOptimizer.cpp:264:
  Optimizer failed: Ipopt: Maximum iterations exceeded (status -1)
[2026-09-12 04:01:16.804] [warning] OPTIMIZATION FAILED...
[2026-09-12 04:01:16.804] [warning] StaticOptimization.record: The optimizer could not find a solution at time = 1.164.
[2026-09-12 04:01:16.804] [warning] The model appears unsuitable for static optimization.
Try appending the model with additional force(s) or locking joint(s) to reduce the following acceleration constraint violation(s):
   pelvis_tilt: constraint violation = -1.58716
   pelvis_tilt: constraint violation = -0.0914466
   pelvis_tilt: constraint violation = -0.642128
   pelvis_tilt: constraint violation = -0.00396812
   pelvis_tilt: constraint violation = 0.0823759
   pelvis_tilt: constraint violation = -0.0011848
   pelvis_tilt: constraint violation = -2.35883
   pelvis_tilt: constraint violation = 0.304421
   pelvis_tilt: constraint violation = -0.0756012
   pelvis_tilt: constraint violation = -0.310811
   pelvis_tilt: constraint violation = 0.354175
   pelvis_tilt: constraint violation = 0.0367356
   pelvis_tilt: constraint violation = 1.12224
   pelvis_tilt: constraint violation = 0.152459
   pelvis_tilt: constraint violation = -0.242759
   pelvis_tilt: constraint violation = -2.11549
   pelvis_tilt: constraint violation = -0.886388
   pelvis_tilt: constraint violation = 0.755965
   pelvis_tilt: constraint violation = 0.588241
   pelvis_tilt: constraint violation = 0.38017
   pelvis_tilt: constraint violation = 2.38216
   pelvis_tilt: constraint violation = 7.01481
   pelvis_tilt: constraint violation = 8.42713

[2026-09-12 04:01:16.804] [cout] [info] time = 1.164 Performance = 2.11997 Constraint violation = 11.933
[2026-09-12 04:01:18.274] [warning] SimTK Exception thrown at InteriorPointOptimizer.cpp:264:
  Optimizer failed: Ipopt: Maximum iterations exceeded (status -1)
[2026-09-12 04:01:18.275] [warning] OPTIMIZATION FAILED...
[2026-09-12 04:01:18.275] [warning] StaticOptimization.record: The optimizer could not find a solution at time = 1.18.
[2026-09-12 04:01:18.275] [warning] The model appears unsuitable for static optimization.
Try appending the model with additional force(s) or locking joint(s) to reduce the following acceleration constraint violation(s):
   pelvis_tilt: constraint violation = -1.91914
   pelvis_tilt: constraint violation = 0.459066
   pelvis_tilt: constraint violation = -0.279534
   pelvis_tilt: constraint violation = -0.00485332
   pelvis_tilt: constraint violation = 0.110403
   pelvis_tilt: constraint violation = -0.0293264
   pelvis_tilt: constraint violation = -1.91002
   pelvis_tilt: constraint violation = 0.540337
   pelvis_tilt: constraint violation = -0.02686
   pelvis_tilt: constraint violation = -0.952545
   pelvis_tilt: constraint violation = -0.279896
   pelvis_tilt: constraint violation = 0.0157324
   pelvis_tilt: constraint violation = 1.53892
   pelvis_tilt: constraint violation = -0.318325
   pelvis_tilt: constraint violation = -0.0678299
   pelvis_tilt: constraint violation = -2.1732
   pelvis_tilt: constraint violation = -1.13851
   pelvis_tilt: constraint violation = 1.71965
   pelvis_tilt: constraint violation = 16.219
   pelvis_tilt: constraint violation = 0.997922
   pelvis_tilt: constraint violation = -1.47808
   pelvis_tilt: constraint violation = 8.84918
   pelvis_tilt: constraint violation = 7.83636

[2026-09-12 04:01:18.275] [cout] [info] time = 1.18 Performance = 2.44428 Constraint violation = 20.6474
[2026-09-12 04:01:19.439] [warning] SimTK Exception thrown at InteriorPointOptimizer.cpp:264:
  Optimizer failed: Ipopt: Maximum iterations exceeded (status -1)
[2026-09-12 04:01:19.440] [warning] OPTIMIZATION FAILED...
[2026-09-12 04:01:19.440] [warning] StaticOptimization.record: The optimizer could not find a solution at time = 1.196.
[2026-09-12 04:01:19.440] [warning] The model appears unsuitable for static optimization.
Try appending the model with additional force(s) or locking joint(s) to reduce the following acceleration constraint violation(s):
   pelvis_tilt: constraint violation = -2.10151
   pelvis_tilt: constraint violation = 1.02249
   pelvis_tilt: constraint violation = 0.02928
   pelvis_tilt: constraint violation = -0.00477764
   pelvis_tilt: constraint violation = 0.152496
   pelvis_tilt: constraint violation = -0.0626058
   pelvis_tilt: constraint violation = -1.68808
   pelvis_tilt: constraint violation = 0.753275
   pelvis_tilt: constraint violation = 0.00957207
   pelvis_tilt: constraint violation = -1.11883
   pelvis_tilt: constraint violation = -0.925301
   pelvis_tilt: constraint violation = -0.0411273
   pelvis_tilt: constraint violation = 1.78347
   pelvis_tilt: constraint violation = -0.744989
   pelvis_tilt: constraint violation = 0.0866617
   pelvis_tilt: constraint violation = -1.77093
   pelvis_tilt: constraint violation = -0.705093
   pelvis_tilt: constraint violation = 4.63454
   pelvis_tilt: constraint violation = 30.581
   pelvis_tilt: constraint violation = 1.49864
   pelvis_tilt: constraint violation = -4.88215
   pelvis_tilt: constraint violation = 10.9962
   pelvis_tilt: constraint violation = 6.76387

[2026-09-12 04:01:19.440] [cout] [info] time = 1.196 Performance = 2.7628 Constraint violation = 34.1733
[2026-09-12 04:01:20.508] [warning] SimTK Exception thrown at InteriorPointOptimizer.cpp:264:
  Optimizer failed: Ipopt: Maximum iterations exceeded (status -1)
[2026-09-12 04:01:20.508] [warning] OPTIMIZATION FAILED...
[2026-09-12 04:01:20.508] [warning] StaticOptimization.record: The optimizer could not find a solution at time = 1.212.
[2026-09-12 04:01:20.508] [warning] The model appears too weak for static optimization.
Try increasing the strength and/or range of the following force(s):
   med_gas_r approaching upper bound of 1

[2026-09-12 04:01:20.508] [cout] [info] time = 1.212 Performance = 2.95488 Constraint violation = 15.3274
[2026-09-12 04:01:21.681] [warning] SimTK Exception thrown at InteriorPointOptimizer.cpp:264:
  Optimizer failed: Ipopt: Maximum iterations exceeded (status -1)
[2026-09-12 04:01:21.681] [warning] OPTIMIZATION FAILED...
[2026-09-12 04:01:21.681] [warning] StaticOptimization.record: The optimizer could not find a solution at time = 1.228.
[2026-09-12 04:01:21.681] [warning] The model appears too weak for static optimization.
Try increasing the strength and/or range of the following force(s):
   med_gas_r approaching upper bound of 1

[2026-09-12 04:01:21.681] [cout] [info] time = 1.228 Performance = 3.09145 Constraint violation = 52.144
[2026-09-12 04:01:22.781] [warning] SimTK Exception thrown at InteriorPointOptimizer.cpp:264:
  Optimizer failed: Ipopt: Maximum iterations exceeded (status -1)
[2026-09-12 04:01:22.781] [warning] OPTIMIZATION FAILED...
[2026-09-12 04:01:22.781] [warning] StaticOptimization.record: The optimizer could not find a solution at time = 1.244.
[2026-09-12 04:01:22.781] [warning] The model appears too weak for static optimization.
Try increasing the strength and/or range of the following force(s):
   med_gas_r approaching upper bound of 1

[2026-09-12 04:01:22.781] [cout] [info] time = 1.244 Performance = 3.08475 Constraint violation = 45.9707
[2026-09-12 04:01:24.097] [warning] SimTK Exception thrown at InteriorPointOptimizer.cpp:264:
  Optimizer failed: Ipopt: Maximum iterations exceeded (status -1)
[2026-09-12 04:01:24.097] [warning] OPTIMIZATION FAILED...
[2026-09-12 04:01:24.097] [warning] StaticOptimization.record: The optimizer could not find a solution at time = 1.26.
[2026-09-12 04:01:24.098] [warning] The model appears unsuitable for static optimization.
Try appending the model with additional force(s) or locking joint(s) to reduce the following acceleration constraint violation(s):
   pelvis_tilt: constraint violation = -1.19578
   pelvis_tilt: constraint violation = 0.891119
   pelvis_tilt: constraint violation = 0.319245
   pelvis_tilt: constraint violation = -0.00304682
   pelvis_tilt: constraint violation = 0.0722784
   pelvis_tilt: constraint violation = -0.0494157
   pelvis_tilt: constraint violation = -0.995369
   pelvis_tilt: constraint violation = 0.39071
   pelvis_tilt: constraint violation = 0.0136812
   pelvis_tilt: constraint violation = -1.27138
   pelvis_tilt: constraint violation = -0.781157
   pelvis_tilt: constraint violation = -0.0135156
   pelvis_tilt: constraint violation = 1.26232
   pelvis_tilt: constraint violation = -0.219338
   pelvis_tilt: constraint violation = 0.188837
   pelvis_tilt: constraint violation = -0.658401
   pelvis_tilt: constraint violation = -0.561231
   pelvis_tilt: constraint violation = 0.117577
   pelvis_tilt: constraint violation = 8.32551
   pelvis_tilt: constraint violation = 0.738062
   pelvis_tilt: constraint violation = -2.42904
   pelvis_tilt: constraint violation = 4.06795
   pelvis_tilt: constraint violation = 1.26464

[2026-09-12 04:01:24.098] [cout] [info] time = 1.26 Performance = 3.09905 Constraint violation = 10.1020
[2026-09-12 04:01:25.625] [warning] SimTK Exception thrown at InteriorPointOptimizer.cpp:264:
  Optimizer failed: Ipopt: Maximum iterations exceeded (status -1)
[2026-09-12 04:01:25.625] [warning] OPTIMIZATION FAILED...
[2026-09-12 04:01:25.625] [warning] StaticOptimization.record: The optimizer could not find a solution at time = 1.276.
[2026-09-12 04:01:25.626] [warning] The model appears unsuitable for static optimization.
Try appending the model with additional force(s) or locking joint(s) to reduce the following acceleration constraint violation(s):
   pelvis_tilt: constraint violation = -0.0866098
   pelvis_tilt: constraint violation = -0.288039
   pelvis_tilt: constraint violation = -0.728113
   pelvis_tilt: constraint violation = -0.00536405
   pelvis_tilt: constraint violation = -0.393603
   pelvis_tilt: constraint violation = 0.0430049
   pelvis_tilt: constraint violation = -1.10725
   pelvis_tilt: constraint violation = 0.0633513
   pelvis_tilt: constraint violation = -0.0790756
   pelvis_tilt: constraint violation = -4.29316
   pelvis_tilt: constraint violation = 0.730515
   pelvis_tilt: constraint violation = 0.0111434
   pelvis_tilt: constraint violation = -0.708258
   pelvis_tilt: constraint violation = 0.752142
   pelvis_tilt: constraint violation = -0.288528
   pelvis_tilt: constraint violation = -0.393061
   pelvis_tilt: constraint violation = -2.1644
   pelvis_tilt: constraint violation = -25.9161
   pelvis_tilt: constraint violation = -27.163
   pelvis_tilt: constraint violation = 0.776807
   pelvis_tilt: constraint violation = 2.4703
   pelvis_tilt: constraint violation = -10.2991
   pelvis_tilt: constraint violation = -5.81132

[2026-09-12 04:01:25.626] [cout] [info] time = 1.276 Performance = 3.07834 Constraint violation = 39.7868
[2026-09-12 04:01:27.311] [warning] SimTK Exception thrown at InteriorPointOptimizer.cpp:264:
  Optimizer failed: Ipopt: Maximum iterations exceeded (status -1)
[2026-09-12 04:01:27.311] [warning] OPTIMIZATION FAILED...
[2026-09-12 04:01:27.311] [warning] StaticOptimization.record: The optimizer could not find a solution at time = 1.292.
[2026-09-12 04:01:27.311] [warning] The model appears unsuitable for static optimization.
Try appending the model with additional force(s) or locking joint(s) to reduce the following acceleration constraint violation(s):
   pelvis_tilt: constraint violation = 1.87112
   pelvis_tilt: constraint violation = -0.775733
   pelvis_tilt: constraint violation = -1.26599
   pelvis_tilt: constraint violation = -0.00186149
   pelvis_tilt: constraint violation = -0.602575
   pelvis_tilt: constraint violation = 0.0944072
   pelvis_tilt: constraint violation = 0.285349
   pelvis_tilt: constraint violation = -0.0523997
   pelvis_tilt: constraint violation = -0.105702
   pelvis_tilt: constraint violation = -3.66048
   pelvis_tilt: constraint violation = 1.44416
   pelvis_tilt: constraint violation = -0.0586588
   pelvis_tilt: constraint violation = -2.73764
   pelvis_tilt: constraint violation = 1.24779
   pelvis_tilt: constraint violation = -0.512057
   pelvis_tilt: constraint violation = 0.381246
   pelvis_tilt: constraint violation = -1.65662
   pelvis_tilt: constraint violation = -23.8721
   pelvis_tilt: constraint violation = -40.9453
   pelvis_tilt: constraint violation = 0.837545
   pelvis_tilt: constraint violation = 4.55165
   pelvis_tilt: constraint violation = -11.7722
   pelvis_tilt: constraint violation = -10.2338

[2026-09-12 04:01:27.312] [cout] [info] time = 1.292 Performance = 2.94239 Constraint violation = 50.4479
[2026-09-12 04:01:28.716] [warning] SimTK Exception thrown at InteriorPointOptimizer.cpp:264:
  Optimizer failed: Ipopt: Maximum iterations exceeded (status -1)
[2026-09-12 04:01:28.716] [warning] OPTIMIZATION FAILED...
[2026-09-12 04:01:28.716] [warning] StaticOptimization.record: The optimizer could not find a solution at time = 1.30800.
[2026-09-12 04:01:28.716] [warning] The model appears unsuitable for static optimization.
Try appending the model with additional force(s) or locking joint(s) to reduce the following acceleration constraint violation(s):
   pelvis_tilt: constraint violation = 2.4749
   pelvis_tilt: constraint violation = -0.796766
   pelvis_tilt: constraint violation = -1.26248
   pelvis_tilt: constraint violation = 0.0013582
   pelvis_tilt: constraint violation = -0.529813
   pelvis_tilt: constraint violation = 0.113011
   pelvis_tilt: constraint violation = 0.865819
   pelvis_tilt: constraint violation = -0.126366
   pelvis_tilt: constraint violation = -0.090522
   pelvis_tilt: constraint violation = -1.83374
   pelvis_tilt: constraint violation = 1.59774
   pelvis_tilt: constraint violation = -0.131535
   pelvis_tilt: constraint violation = -3.04435
   pelvis_tilt: constraint violation = 1.47408
   pelvis_tilt: constraint violation = -0.535341
   pelvis_tilt: constraint violation = 0.819443
   pelvis_tilt: constraint violation = -0.757944
   pelvis_tilt: constraint violation = -12.6641
   pelvis_tilt: constraint violation = -39.4657
   pelvis_tilt: constraint violation = 0.635709
   pelvis_tilt: constraint violation = 4.75424
   pelvis_tilt: constraint violation = -6.96139
   pelvis_tilt: constraint violation = -10.0259

[2026-09-12 04:01:28.716] [cout] [info] time = 1.30800 Performance = 2.69579 Constraint violation = 43.7977
[2026-09-12 04:01:30.144] [warning] SimTK Exception thrown at InteriorPointOptimizer.cpp:264:
  Optimizer failed: Ipopt: Maximum iterations exceeded (status -1)
[2026-09-12 04:01:30.144] [warning] OPTIMIZATION FAILED...
[2026-09-12 04:01:30.144] [warning] StaticOptimization.record: The optimizer could not find a solution at time = 1.324.
[2026-09-12 04:01:30.145] [warning] The model appears unsuitable for static optimization.
Try appending the model with additional force(s) or locking joint(s) to reduce the following acceleration constraint violation(s):
   pelvis_tilt: constraint violation = 2.09789
   pelvis_tilt: constraint violation = -0.670907
   pelvis_tilt: constraint violation = -1.31482
   pelvis_tilt: constraint violation = 0.00149725
   pelvis_tilt: constraint violation = -0.460078
   pelvis_tilt: constraint violation = 0.117055
   pelvis_tilt: constraint violation = 0.54037
   pelvis_tilt: constraint violation = -0.0639657
   pelvis_tilt: constraint violation = -0.0892784
   pelvis_tilt: constraint violation = -1.14709
   pelvis_tilt: constraint violation = 1.62364
   pelvis_tilt: constraint violation = -0.175037
   pelvis_tilt: constraint violation = -2.82242
   pelvis_tilt: constraint violation = 1.59346
   pelvis_tilt: constraint violation = -0.568525
   pelvis_tilt: constraint violation = 0.785758
   pelvis_tilt: constraint violation = -0.448571
   pelvis_tilt: constraint violation = -7.12078
   pelvis_tilt: constraint violation = -41.4837
   pelvis_tilt: constraint violation = 0.83482
   pelvis_tilt: constraint violation = 5.27892
   pelvis_tilt: constraint violation = -3.88165
   pelvis_tilt: constraint violation = -10.0448

[2026-09-12 04:01:30.145] [cout] [info] time = 1.324 Performance = 2.56504 Constraint violation = 44.0326
[2026-09-12 04:01:31.495] [warning] SimTK Exception thrown at InteriorPointOptimizer.cpp:264:
  Optimizer failed: Ipopt: Maximum iterations exceeded (status -1)
[2026-09-12 04:01:31.495] [warning] OPTIMIZATION FAILED...
[2026-09-12 04:01:31.495] [warning] StaticOptimization.record: The optimizer could not find a solution at time = 1.34.
[2026-09-12 04:01:31.495] [warning] The model appears unsuitable for static optimization.
Try appending the model with additional force(s) or locking joint(s) to reduce the following acceleration constraint violation(s):
   pelvis_tilt: constraint violation = 1.95756
   pelvis_tilt: constraint violation = -0.0806307
   pelvis_tilt: constraint violation = -1.32139
   pelvis_tilt: constraint violation = 0.00418238
   pelvis_tilt: constraint violation = -0.383245
   pelvis_tilt: constraint violation = 0.0779745
   pelvis_tilt: constraint violation = 0.713198
   pelvis_tilt: constraint violation = 0.29329
   pelvis_tilt: constraint violation = -0.0978988
   pelvis_tilt: constraint violation = -0.350362
   pelvis_tilt: constraint violation = 1.06646
   pelvis_tilt: constraint violation = -0.113035
   pelvis_tilt: constraint violation = -2.92263
   pelvis_tilt: constraint violation = 1.33218
   pelvis_tilt: constraint violation = -0.470578
   pelvis_tilt: constraint violation = 0.927411
   pelvis_tilt: constraint violation = 0.0534689
   pelvis_tilt: constraint violation = -3.76463
   pelvis_tilt: constraint violation = -39.4433
   pelvis_tilt: constraint violation = 1.48986
   pelvis_tilt: constraint violation = 4.76275
   pelvis_tilt: constraint violation = -1.98005
   pelvis_tilt: constraint violation = -12.0728

[2026-09-12 04:01:31.495] [cout] [info] time = 1.34 Performance = 2.50232 Constraint violation = 41.9945
[2026-09-12 04:01:33.268] [warning] SimTK Exception thrown at InteriorPointOptimizer.cpp:264:
  Optimizer failed: Ipopt: Maximum iterations exceeded (status -1)
[2026-09-12 04:01:33.268] [warning] OPTIMIZATION FAILED...
[2026-09-12 04:01:33.268] [warning] StaticOptimization.record: The optimizer could not find a solution at time = 1.356.
[2026-09-12 04:01:33.269] [warning] The model appears unsuitable for static optimization.
Try appending the model with additional force(s) or locking joint(s) to reduce the following acceleration constraint violation(s):
   pelvis_tilt: constraint violation = 1.02422
   pelvis_tilt: constraint violation = 0.409326
   pelvis_tilt: constraint violation = -1.54044
   pelvis_tilt: constraint violation = 0.00288484
   pelvis_tilt: constraint violation = -0.23466
   pelvis_tilt: constraint violation = 0.041673
   pelvis_tilt: constraint violation = -0.00873563
   pelvis_tilt: constraint violation = 0.681823
   pelvis_tilt: constraint violation = -0.1226
   pelvis_tilt: constraint violation = 0.174477
   pelvis_tilt: constraint violation = 0.605302
   pelvis_tilt: constraint violation = -0.0422631
   pelvis_tilt: constraint violation = -2.08067
   pelvis_tilt: constraint violation = 1.17588
   pelvis_tilt: constraint violation = -0.467118
   pelvis_tilt: constraint violation = 0.451534
   pelvis_tilt: constraint violation = 0.384342
   pelvis_tilt: constraint violation = -2.91848
   pelvis_tilt: constraint violation = -31.9493
   pelvis_tilt: constraint violation = 2.27269
   pelvis_tilt: constraint violation = 3.98014
   pelvis_tilt: constraint violation = -1.02202
   pelvis_tilt: constraint violation = -9.71262

[2026-09-12 04:01:33.269] [cout] [info] time = 1.356 Performance = 2.30395 Constraint violation = 34.0069
[2026-09-12 04:01:34.427] [warning] SimTK Exception thrown at InteriorPointOptimizer.cpp:264:
  Optimizer failed: Ipopt: Maximum iterations exceeded (status -1)
[2026-09-12 04:01:34.427] [warning] OPTIMIZATION FAILED...
[2026-09-12 04:01:34.427] [warning] StaticOptimization.record: The optimizer could not find a solution at time = 1.372.
[2026-09-12 04:01:34.428] [warning] The model appears unsuitable for static optimization.
Try appending the model with additional force(s) or locking joint(s) to reduce the following acceleration constraint violation(s):
   pelvis_tilt: constraint violation = 0.138322
   pelvis_tilt: constraint violation = 1.2286
   pelvis_tilt: constraint violation = -2.185
   pelvis_tilt: constraint violation = 0.00197042
   pelvis_tilt: constraint violation = -0.0980593
   pelvis_tilt: constraint violation = -0.00751127
   pelvis_tilt: constraint violation = -0.149742
   pelvis_tilt: constraint violation = 0.111654
   pelvis_tilt: constraint violation = -0.0804668
   pelvis_tilt: constraint violation = 0.189207
   pelvis_tilt: constraint violation = -0.0587998
   pelvis_tilt: constraint violation = 0.0705982
   pelvis_tilt: constraint violation = -1.24573
   pelvis_tilt: constraint violation = 0.616561
   pelvis_tilt: constraint violation = -0.0766325
   pelvis_tilt: constraint violation = 0.0611
   pelvis_tilt: constraint violation = 0.326917
   pelvis_tilt: constraint violation = -1.32554
   pelvis_tilt: constraint violation = -6.01953
   pelvis_tilt: constraint violation = 1.01617
   pelvis_tilt: constraint violation = 0.317076
   pelvis_tilt: constraint violation = -0.327981
   pelvis_tilt: constraint violation = -5.53685

[2026-09-12 04:01:34.428] [cout] [info] time = 1.372 Performance = 1.95496 Constraint violation = 8.85075
[2026-09-12 04:01:35.697] [warning] SimTK Exception thrown at InteriorPointOptimizer.cpp:264:
  Optimizer failed: Ipopt: Maximum iterations exceeded (status -1)
[2026-09-12 04:01:35.697] [warning] OPTIMIZATION FAILED...
[2026-09-12 04:01:35.697] [warning] StaticOptimization.record: The optimizer could not find a solution at time = 1.388.
[2026-09-12 04:01:35.698] [warning] The model appears unsuitable for static optimization.
Try appending the model with additional force(s) or locking joint(s) to reduce the following acceleration constraint violation(s):
   pelvis_tilt: constraint violation = -0.35738
   pelvis_tilt: constraint violation = 1.43614
   pelvis_tilt: constraint violation = -1.19717
   pelvis_tilt: constraint violation = 0.00162893
   pelvis_tilt: constraint violation = -0.0193928
   pelvis_tilt: constraint violation = -0.0513984
   pelvis_tilt: constraint violation = -0.314146
   pelvis_tilt: constraint violation = 1.08479
   pelvis_tilt: constraint violation = -0.17784
   pelvis_tilt: constraint violation = 0.065487
   pelvis_tilt: constraint violation = -0.710505
   pelvis_tilt: constraint violation = 0.165005
   pelvis_tilt: constraint violation = -0.924182
   pelvis_tilt: constraint violation = 0.496034
   pelvis_tilt: constraint violation = -0.112081
   pelvis_tilt: constraint violation = -0.100851
   pelvis_tilt: constraint violation = 0.226697
   pelvis_tilt: constraint violation = -1.84342
   pelvis_tilt: constraint violation = 7.76422
   pelvis_tilt: constraint violation = 3.03023
   pelvis_tilt: constraint violation = -3.49105
   pelvis_tilt: constraint violation = 0.118715
   pelvis_tilt: constraint violation = -3.65629

[2026-09-12 04:01:35.698] [cout] [info] time = 1.388 Performance = 1.65913 Constraint violation = 10.2507
[2026-09-12 04:01:37.081] [warning] SimTK Exception thrown at InteriorPointOptimizer.cpp:264:
  Optimizer failed: Ipopt: Maximum iterations exceeded (status -1)
[2026-09-12 04:01:37.081] [warning] OPTIMIZATION FAILED...
[2026-09-12 04:01:37.081] [warning] StaticOptimization.record: The optimizer could not find a solution at time = 1.40400.
[2026-09-12 04:01:37.081] [warning] The model appears unsuitable for static optimization.
Try appending the model with additional force(s) or locking joint(s) to reduce the following acceleration constraint violation(s):
   pelvis_tilt: constraint violation = -0.906122
   pelvis_tilt: constraint violation = 1.18259
   pelvis_tilt: constraint violation = -1.65703
   pelvis_tilt: constraint violation = -0.00125871
   pelvis_tilt: constraint violation = 0.0654378
   pelvis_tilt: constraint violation = -0.0148206
   pelvis_tilt: constraint violation = -1.18533
   pelvis_tilt: constraint violation = 0.587785
   pelvis_tilt: constraint violation = -0.185718
   pelvis_tilt: constraint violation = 0.439472
   pelvis_tilt: constraint violation = -0.131889
   pelvis_tilt: constraint violation = 0.075603
   pelvis_tilt: constraint violation = 0.067723
   pelvis_tilt: constraint violation = 0.732593
   pelvis_tilt: constraint violation = -0.271343
   pelvis_tilt: constraint violation = -0.430469
   pelvis_tilt: constraint violation = 0.287334
   pelvis_tilt: constraint violation = -2.03075
   pelvis_tilt: constraint violation = 9.83697
   pelvis_tilt: constraint violation = 2.46024
   pelvis_tilt: constraint violation = -0.47243
   pelvis_tilt: constraint violation = 0.16907
   pelvis_tilt: constraint violation = 4.77005

[2026-09-12 04:01:37.081] [cout] [info] time = 1.40400 Performance = 1.6765 Constraint violation = 11.7389
[2026-09-12 04:01:38.553] [warning] SimTK Exception thrown at InteriorPointOptimizer.cpp:264:
  Optimizer failed: Ipopt: Infeasible problem detected (status 2)
[2026-09-12 04:01:38.553] [warning] OPTIMIZATION FAILED...
[2026-09-12 04:01:38.553] [warning] StaticOptimization.record: The optimizer could not find a solution at time = 1.42.
[2026-09-12 04:01:38.554] [warning] The model appears unsuitable for static optimization.
Try appending the model with additional force(s) or locking joint(s) to reduce the following acceleration constraint violation(s):
   pelvis_tilt: constraint violation = -0.395131
   pelvis_tilt: constraint violation = 0.368421
   pelvis_tilt: constraint violation = -2.62791
   pelvis_tilt: constraint violation = -0.000519555
   pelvis_tilt: constraint violation = 0.145992
   pelvis_tilt: constraint violation = 0.00122885
   pelvis_tilt: constraint violation = -3.3742
   pelvis_tilt: constraint violation = 0.0337685
   pelvis_tilt: constraint violation = -0.0152925
   pelvis_tilt: constraint violation = 0.00791432
   pelvis_tilt: constraint violation = 0.0205087
   pelvis_tilt: constraint violation = -0.00257768
   pelvis_tilt: constraint violation = 0.014652
   pelvis_tilt: constraint violation = 1.78644
   pelvis_tilt: constraint violation = -0.0112353
   pelvis_tilt: constraint violation = -0.0363674
   pelvis_tilt: constraint violation = 0.0513495
   pelvis_tilt: constraint violation = -0.286889
   pelvis_tilt: constraint violation = 1.1187
   pelvis_tilt: constraint violation = 0.180304
   pelvis_tilt: constraint violation = 0.193349
   pelvis_tilt: constraint violation = -0.269472
   pelvis_tilt: constraint violation = 2.60942

[2026-09-12 04:01:38.554] [cout] [info] time = 1.42 Performance = 1.90888 Constraint violation = 5.48518
[2026-09-12 04:01:39.908] [warning] SimTK Exception thrown at InteriorPointOptimizer.cpp:264:
  Optimizer failed: Ipopt: Maximum iterations exceeded (status -1)
[2026-09-12 04:01:39.908] [warning] OPTIMIZATION FAILED...
[2026-09-12 04:01:39.908] [warning] StaticOptimization.record: The optimizer could not find a solution at time = 1.436.
[2026-09-12 04:01:39.908] [warning] The model appears unsuitable for static optimization.
Try appending the model with additional force(s) or locking joint(s) to reduce the following acceleration constraint violation(s):
   pelvis_tilt: constraint violation = -1.08469
   pelvis_tilt: constraint violation = 0.671336
   pelvis_tilt: constraint violation = -2.08364
   pelvis_tilt: constraint violation = -0.00406203
   pelvis_tilt: constraint violation = 0.0226317
   pelvis_tilt: constraint violation = 0.0253376
   pelvis_tilt: constraint violation = -3.45547
   pelvis_tilt: constraint violation = 0.426428
   pelvis_tilt: constraint violation = -0.233865
   pelvis_tilt: constraint violation = 0.250555
   pelvis_tilt: constraint violation = 0.539149
   pelvis_tilt: constraint violation = -0.00164387
   pelvis_tilt: constraint violation = 0.98622
   pelvis_tilt: constraint violation = 1.63506
   pelvis_tilt: constraint violation = -0.375228
   pelvis_tilt: constraint violation = -0.472599
   pelvis_tilt: constraint violation = -0.126179
   pelvis_tilt: constraint violation = -9.09502
   pelvis_tilt: constraint violation = -7.48026
   pelvis_tilt: constraint violation = 2.63169
   pelvis_tilt: constraint violation = 3.83009
   pelvis_tilt: constraint violation = -2.66949
   pelvis_tilt: constraint violation = 7.66956

[2026-09-12 04:01:39.908] [cout] [info] time = 1.436 Performance = 1.42575 Constraint violation = 15.7716
[2026-09-12 04:01:41.431] [warning] SimTK Exception thrown at InteriorPointOptimizer.cpp:264:
  Optimizer failed: Ipopt: Maximum iterations exceeded (status -1)
[2026-09-12 04:01:41.431] [warning] OPTIMIZATION FAILED...
[2026-09-12 04:01:41.431] [warning] StaticOptimization.record: The optimizer could not find a solution at time = 1.452.
[2026-09-12 04:01:41.431] [warning] The model appears unsuitable for static optimization.
Try appending the model with additional force(s) or locking joint(s) to reduce the following acceleration constraint violation(s):
   pelvis_tilt: constraint violation = -0.823372
   pelvis_tilt: constraint violation = 0.676106
   pelvis_tilt: constraint violation = -1.86914
   pelvis_tilt: constraint violation = -0.00296853
   pelvis_tilt: constraint violation = -0.0047831
   pelvis_tilt: constraint violation = 0.0227322
   pelvis_tilt: constraint violation = -3.11012
   pelvis_tilt: constraint violation = 0.424722
   pelvis_tilt: constraint violation = -0.251637
   pelvis_tilt: constraint violation = 0.198295
   pelvis_tilt: constraint violation = 0.46309
   pelvis_tilt: constraint violation = 0.0122848
   pelvis_tilt: constraint violation = 0.76599
   pelvis_tilt: constraint violation = 1.66538
   pelvis_tilt: constraint violation = -0.36328
   pelvis_tilt: constraint violation = -0.491961
   pelvis_tilt: constraint violation = -0.0566872
   pelvis_tilt: constraint violation = -30.2442
   pelvis_tilt: constraint violation = -9.45936
   pelvis_tilt: constraint violation = 3.48897
   pelvis_tilt: constraint violation = 3.54046
   pelvis_tilt: constraint violation = -7.33747
   pelvis_tilt: constraint violation = 4.94788

[2026-09-12 04:01:41.431] [cout] [info] time = 1.452 Performance = 1.4629 Constraint violation = 33.5523
[2026-09-12 04:01:42.557] [warning] SimTK Exception thrown at InteriorPointOptimizer.cpp:264:
  Optimizer failed: Ipopt: Maximum iterations exceeded (status -1)
[2026-09-12 04:01:42.557] [warning] OPTIMIZATION FAILED...
[2026-09-12 04:01:42.557] [warning] StaticOptimization.record: The optimizer could not find a solution at time = 1.468.
[2026-09-12 04:01:42.557] [warning] The model appears unsuitable for static optimization.
Try appending the model with additional force(s) or locking joint(s) to reduce the following acceleration constraint violation(s):
   pelvis_tilt: constraint violation = -0.722817
   pelvis_tilt: constraint violation = 0.835108
   pelvis_tilt: constraint violation = -1.46616
   pelvis_tilt: constraint violation = -0.00132451
   pelvis_tilt: constraint violation = 0.00806717
   pelvis_tilt: constraint violation = 0.0174325
   pelvis_tilt: constraint violation = -1.58227
   pelvis_tilt: constraint violation = 0.490015
   pelvis_tilt: constraint violation = -0.299101
   pelvis_tilt: constraint violation = 0.201419
   pelvis_tilt: constraint violation = 0.237581
   pelvis_tilt: constraint violation = 0.038828
   pelvis_tilt: constraint violation = 0.400086
   pelvis_tilt: constraint violation = 1.33838
   pelvis_tilt: constraint violation = -0.498594
   pelvis_tilt: constraint violation = -0.718127
   pelvis_tilt: constraint violation = 0.06421
   pelvis_tilt: constraint violation = -49.6581
   pelvis_tilt: constraint violation = -2.5628
   pelvis_tilt: constraint violation = 6.115
   pelvis_tilt: constraint violation = 1.66262
   pelvis_tilt: constraint violation = -8.18186
   pelvis_tilt: constraint violation = 3.15961

[2026-09-12 04:01:42.557] [cout] [info] time = 1.468 Performance = 1.42846 Constraint violation = 50.9765
[2026-09-12 04:01:43.689] [warning] SimTK Exception thrown at InteriorPointOptimizer.cpp:264:
  Optimizer failed: Ipopt: Maximum iterations exceeded (status -1)
[2026-09-12 04:01:43.689] [warning] OPTIMIZATION FAILED...
[2026-09-12 04:01:43.689] [warning] StaticOptimization.record: The optimizer could not find a solution at time = 1.484.
[2026-09-12 04:01:43.690] [warning] The model appears unsuitable for static optimization.
Try appending the model with additional force(s) or locking joint(s) to reduce the following acceleration constraint violation(s):
   pelvis_tilt: constraint violation = -0.721885
   pelvis_tilt: constraint violation = 1.07544
   pelvis_tilt: constraint violation = -1.13749
   pelvis_tilt: constraint violation = -0.000404557
   pelvis_tilt: constraint violation = 0.0426838
   pelvis_tilt: constraint violation = -0.00996809
   pelvis_tilt: constraint violation = -0.880965
   pelvis_tilt: constraint violation = 0.473481
   pelvis_tilt: constraint violation = -0.294954
   pelvis_tilt: constraint violation = 0.228968
   pelvis_tilt: constraint violation = -0.22697
   pelvis_tilt: constraint violation = 0.0642794
   pelvis_tilt: constraint violation = -0.0916433
   pelvis_tilt: constraint violation = 0.900151
   pelvis_tilt: constraint violation = -0.293432
   pelvis_tilt: constraint violation = -0.564521
   pelvis_tilt: constraint violation = 0.165647
   pelvis_tilt: constraint violation = -33.2495
   pelvis_tilt: constraint violation = 9.36273
   pelvis_tilt: constraint violation = 5.17246
   pelvis_tilt: constraint violation = -0.834335
   pelvis_tilt: constraint violation = -1.23746
   pelvis_tilt: constraint violation = 3.20135

[2026-09-12 04:01:43.690] [cout] [info] time = 1.484 Performance = 1.35415 Constraint violation = 35.183
[2026-09-12 04:01:44.873] [warning] SimTK Exception thrown at InteriorPointOptimizer.cpp:264:
  Optimizer failed: Ipopt: Maximum iterations exceeded (status -1)
[2026-09-12 04:01:44.873] [warning] OPTIMIZATION FAILED...
[2026-09-12 04:01:44.873] [warning] StaticOptimization.record: The optimizer could not find a solution at time = 1.5.
[2026-09-12 04:01:44.873] [warning] The model appears unsuitable for static optimization.
Try appending the model with additional force(s) or locking joint(s) to reduce the following acceleration constraint violation(s):
   pelvis_tilt: constraint violation = -0.846675
   pelvis_tilt: constraint violation = 1.3316
   pelvis_tilt: constraint violation = -1.09771
   pelvis_tilt: constraint violation = 0.000792358
   pelvis_tilt: constraint violation = 0.08215
   pelvis_tilt: constraint violation = -0.0202048
   pelvis_tilt: constraint violation = -0.295706
   pelvis_tilt: constraint violation = 0.288782
   pelvis_tilt: constraint violation = -0.237669
   pelvis_tilt: constraint violation = 0.339469
   pelvis_tilt: constraint violation = -0.211292
   pelvis_tilt: constraint violation = 0.0684424
   pelvis_tilt: constraint violation = -0.346216
   pelvis_tilt: constraint violation = 0.400378
   pelvis_tilt: constraint violation = -0.156857
   pelvis_tilt: constraint violation = -0.384968
   pelvis_tilt: constraint violation = 0.308438
   pelvis_tilt: constraint violation = -13.7137
   pelvis_tilt: constraint violation = 12.4276
   pelvis_tilt: constraint violation = 3.43435
   pelvis_tilt: constraint violation = -1.56179
   pelvis_tilt: constraint violation = 4.96938
   pelvis_tilt: constraint violation = 4.24364

[2026-09-12 04:01:44.873] [cout] [info] time = 1.5 Performance = 1.2539 Constraint violation = 20.1020
[2026-09-12 04:01:46.187] [warning] SimTK Exception thrown at InteriorPointOptimizer.cpp:264:
  Optimizer failed: Ipopt: Maximum iterations exceeded (status -1)
[2026-09-12 04:01:46.187] [warning] OPTIMIZATION FAILED...
[2026-09-12 04:01:46.187] [warning] StaticOptimization.record: The optimizer could not find a solution at time = 1.516.
[2026-09-12 04:01:46.187] [warning] The model appears unsuitable for static optimization.
Try appending the model with additional force(s) or locking joint(s) to reduce the following acceleration constraint violation(s):
   pelvis_tilt: constraint violation = -0.841263
   pelvis_tilt: constraint violation = 1.06225
   pelvis_tilt: constraint violation = -0.778464
   pelvis_tilt: constraint violation = 0.00171457
   pelvis_tilt: constraint violation = 0.0805978
   pelvis_tilt: constraint violation = -0.0286278
   pelvis_tilt: constraint violation = -0.0837078
   pelvis_tilt: constraint violation = 0.36443
   pelvis_tilt: constraint violation = -0.27571
   pelvis_tilt: constraint violation = 0.429708
   pelvis_tilt: constraint violation = -0.369966
   pelvis_tilt: constraint violation = 0.060721
   pelvis_tilt: constraint violation = -0.653561
   pelvis_tilt: constraint violation = 0.469339
   pelvis_tilt: constraint violation = -0.122704
   pelvis_tilt: constraint violation = -0.312702
   pelvis_tilt: constraint violation = 0.365847
   pelvis_tilt: constraint violation = -10.6416
   pelvis_tilt: constraint violation = 15.7113
   pelvis_tilt: constraint violation = 3.38549
   pelvis_tilt: constraint violation = -1.75096
   pelvis_tilt: constraint violation = 6.35036
   pelvis_tilt: constraint violation = 3.59278

[2026-09-12 04:01:46.187] [cout] [info] time = 1.516 Performance = 1.14246 Constraint violation = 20.7782
[2026-09-12 04:01:47.501] [warning] SimTK Exception thrown at InteriorPointOptimizer.cpp:264:
  Optimizer failed: Ipopt: Maximum iterations exceeded (status -1)
[2026-09-12 04:01:47.501] [warning] OPTIMIZATION FAILED...
[2026-09-12 04:01:47.501] [warning] StaticOptimization.record: The optimizer could not find a solution at time = 1.532.
[2026-09-12 04:01:47.501] [warning] The model appears unsuitable for static optimization.
Try appending the model with additional force(s) or locking joint(s) to reduce the following acceleration constraint violation(s):
   pelvis_tilt: constraint violation = -0.744518
   pelvis_tilt: constraint violation = 0.797555
   pelvis_tilt: constraint violation = -0.778703
   pelvis_tilt: constraint violation = 0.00216974
   pelvis_tilt: constraint violation = 0.0504313
   pelvis_tilt: constraint violation = -0.0139743
   pelvis_tilt: constraint violation = -0.126831
   pelvis_tilt: constraint violation = 0.250472
   pelvis_tilt: constraint violation = -0.241834
   pelvis_tilt: constraint violation = 0.509355
   pelvis_tilt: constraint violation = -0.227928
   pelvis_tilt: constraint violation = 0.0479583
   pelvis_tilt: constraint violation = -0.864893
   pelvis_tilt: constraint violation = 0.531809
   pelvis_tilt: constraint violation = -0.202002
   pelvis_tilt: constraint violation = -0.17876
   pelvis_tilt: constraint violation = 0.46952
   pelvis_tilt: constraint violation = -9.75785
   pelvis_tilt: constraint violation = 9.82311
   pelvis_tilt: constraint violation = 2.62973
   pelvis_tilt: constraint violation = -0.939996
   pelvis_tilt: constraint violation = 3.57914
   pelvis_tilt: constraint violation = 2.05619

[2026-09-12 04:01:47.502] [cout] [info] time = 1.532 Performance = 1.07562 Constraint violation = 14.8365
[2026-09-12 04:01:48.830] [warning] SimTK Exception thrown at InteriorPointOptimizer.cpp:264:
  Optimizer failed: Ipopt: Maximum iterations exceeded (status -1)
[2026-09-12 04:01:48.830] [warning] OPTIMIZATION FAILED...
[2026-09-12 04:01:48.830] [warning] StaticOptimization.record: The optimizer could not find a solution at time = 1.548.
[2026-09-12 04:01:48.831] [warning] The model appears unsuitable for static optimization.
Try appending the model with additional force(s) or locking joint(s) to reduce the following acceleration constraint violation(s):
   pelvis_tilt: constraint violation = -0.636471
   pelvis_tilt: constraint violation = 0.575858
   pelvis_tilt: constraint violation = -0.928231
   pelvis_tilt: constraint violation = 0.00193357
   pelvis_tilt: constraint violation = 0.0305325
   pelvis_tilt: constraint violation = 0.0019972
   pelvis_tilt: constraint violation = -0.378137
   pelvis_tilt: constraint violation = 0.135041
   pelvis_tilt: constraint violation = -0.216446
   pelvis_tilt: constraint violation = 0.632941
   pelvis_tilt: constraint violation = -0.0992304
   pelvis_tilt: constraint violation = 0.0454615
   pelvis_tilt: constraint violation = -0.834871
   pelvis_tilt: constraint violation = 0.682235
   pelvis_tilt: constraint violation = -0.352849
   pelvis_tilt: constraint violation = -0.133833
   pelvis_tilt: constraint violation = 0.628209
   pelvis_tilt: constraint violation = -11.3549
   pelvis_tilt: constraint violation = 5.85949
   pelvis_tilt: constraint violation = 2.07983
   pelvis_tilt: constraint violation = -0.177486
   pelvis_tilt: constraint violation = 0.885392
   pelvis_tilt: constraint violation = 1.42219

[2026-09-12 04:01:48.831] [cout] [info] time = 1.548 Performance = 1.06651 Constraint violation = 13.2042
[2026-09-12 04:01:50.191] [warning] SimTK Exception thrown at InteriorPointOptimizer.cpp:264:
  Optimizer failed: Ipopt: Maximum iterations exceeded (status -1)
[2026-09-12 04:01:50.191] [warning] OPTIMIZATION FAILED...
[2026-09-12 04:01:50.191] [warning] StaticOptimization.record: The optimizer could not find a solution at time = 1.564.
[2026-09-12 04:01:50.192] [warning] The model appears unsuitable for static optimization.
Try appending the model with additional force(s) or locking joint(s) to reduce the following acceleration constraint violation(s):
   pelvis_tilt: constraint violation = -0.576429
   pelvis_tilt: constraint violation = 0.318779
   pelvis_tilt: constraint violation = -1.71878
   pelvis_tilt: constraint violation = 0.00101816
   pelvis_tilt: constraint violation = 0.0192492
   pelvis_tilt: constraint violation = 0.0148441
   pelvis_tilt: constraint violation = -0.573058
   pelvis_tilt: constraint violation = 0.0112352
   pelvis_tilt: constraint violation = -0.174155
   pelvis_tilt: constraint violation = 0.554649
   pelvis_tilt: constraint violation = 0.0185148
   pelvis_tilt: constraint violation = 0.0562694
   pelvis_tilt: constraint violation = -0.573496
   pelvis_tilt: constraint violation = 1.0448
   pelvis_tilt: constraint violation = -0.400583
   pelvis_tilt: constraint violation = -0.139883
   pelvis_tilt: constraint violation = 0.652312
   pelvis_tilt: constraint violation = -10.6577
   pelvis_tilt: constraint violation = 3.37412
   pelvis_tilt: constraint violation = 1.50836
   pelvis_tilt: constraint violation = 0.568782
   pelvis_tilt: constraint violation = -1.5111
   pelvis_tilt: constraint violation = 1.71956

[2026-09-12 04:01:50.192] [cout] [info] time = 1.564 Performance = 1.11167 Constraint violation = 11.7853
[2026-09-12 04:01:51.461] [warning] SimTK Exception thrown at InteriorPointOptimizer.cpp:264:
  Optimizer failed: Ipopt: Maximum iterations exceeded (status -1)
[2026-09-12 04:01:51.461] [warning] OPTIMIZATION FAILED...
[2026-09-12 04:01:51.461] [warning] StaticOptimization.record: The optimizer could not find a solution at time = 1.58.
[2026-09-12 04:01:51.462] [warning] The model appears unsuitable for static optimization.
Try appending the model with additional force(s) or locking joint(s) to reduce the following acceleration constraint violation(s):
   pelvis_tilt: constraint violation = -0.505512
   pelvis_tilt: constraint violation = 0.332856
   pelvis_tilt: constraint violation = -1.76721
   pelvis_tilt: constraint violation = 3.19289e-05
   pelvis_tilt: constraint violation = 0.000397277
   pelvis_tilt: constraint violation = 0.0240881
   pelvis_tilt: constraint violation = -1.55602
   pelvis_tilt: constraint violation = -0.079894
   pelvis_tilt: constraint violation = -0.201603
   pelvis_tilt: constraint violation = 0.962013
   pelvis_tilt: constraint violation = 0.0254808
   pelvis_tilt: constraint violation = 0.0772875
   pelvis_tilt: constraint violation = -0.391198
   pelvis_tilt: constraint violation = 1.04491
   pelvis_tilt: constraint violation = -0.87375
   pelvis_tilt: constraint violation = -0.169477
   pelvis_tilt: constraint violation = 1.09635
   pelvis_tilt: constraint violation = -18.8128
   pelvis_tilt: constraint violation = 0.709775
   pelvis_tilt: constraint violation = 1.37915
   pelvis_tilt: constraint violation = 0.945949
   pelvis_tilt: constraint violation = -4.07251
   pelvis_tilt: constraint violation = 0.770366

[2026-09-12 04:01:51.462] [cout] [info] time = 1.58 Performance = 1.16748 Constraint violation = 19.6094
[2026-09-12 04:01:52.597] [warning] SimTK Exception thrown at InteriorPointOptimizer.cpp:264:
  Optimizer failed: Ipopt: Maximum iterations exceeded (status -1)
[2026-09-12 04:01:52.597] [warning] OPTIMIZATION FAILED...
[2026-09-12 04:01:52.597] [warning] StaticOptimization.record: The optimizer could not find a solution at time = 1.596.
[2026-09-12 04:01:52.598] [warning] The model appears unsuitable for static optimization.
Try appending the model with additional force(s) or locking joint(s) to reduce the following acceleration constraint violation(s):
   pelvis_tilt: constraint violation = -0.427317
   pelvis_tilt: constraint violation = 0.241468
   pelvis_tilt: constraint violation = -2.39316
   pelvis_tilt: constraint violation = -0.000640192
   pelvis_tilt: constraint violation = -0.004365
   pelvis_tilt: constraint violation = 0.0322769
   pelvis_tilt: constraint violation = -2.3165
   pelvis_tilt: constraint violation = -0.239058
   pelvis_tilt: constraint violation = -0.173322
   pelvis_tilt: constraint violation = 1.35712
   pelvis_tilt: constraint violation = 0.0133317
   pelvis_tilt: constraint violation = 0.104985
   pelvis_tilt: constraint violation = -0.168436
   pelvis_tilt: constraint violation = 1.24583
   pelvis_tilt: constraint violation = -1.22444
   pelvis_tilt: constraint violation = -0.211036
   pelvis_tilt: constraint violation = 1.67317
   pelvis_tilt: constraint violation = -19.7065
   pelvis_tilt: constraint violation = 0.531498
   pelvis_tilt: constraint violation = 0.800122
   pelvis_tilt: constraint violation = 1.37683
   pelvis_tilt: constraint violation = -5.3362
   pelvis_tilt: constraint violation = 0.829744

[2026-09-12 04:01:52.598] [cout] [info] time = 1.596 Performance = 1.19449 Constraint violation = 20.9649
[2026-09-12 04:01:53.907] [warning] SimTK Exception thrown at InteriorPointOptimizer.cpp:264:
  Optimizer failed: Ipopt: Maximum iterations exceeded (status -1)
[2026-09-12 04:01:53.907] [warning] OPTIMIZATION FAILED...
[2026-09-12 04:01:53.907] [warning] StaticOptimization.record: The optimizer could not find a solution at time = 1.612.
[2026-09-12 04:01:53.908] [warning] The model appears unsuitable for static optimization.
Try appending the model with additional force(s) or locking joint(s) to reduce the following acceleration constraint violation(s):
   pelvis_tilt: constraint violation = -0.340871
   pelvis_tilt: constraint violation = 0.206729
   pelvis_tilt: constraint violation = -2.77892
   pelvis_tilt: constraint violation = -0.000783933
   pelvis_tilt: constraint violation = -0.0192055
   pelvis_tilt: constraint violation = 0.034783
   pelvis_tilt: constraint violation = -2.91481
   pelvis_tilt: constraint violation = -0.401592
   pelvis_tilt: constraint violation = -0.110184
   pelvis_tilt: constraint violation = 1.71358
   pelvis_tilt: constraint violation = -0.0878031
   pelvis_tilt: constraint violation = 0.126808
   pelvis_tilt: constraint violation = -0.151231
   pelvis_tilt: constraint violation = 1.33531
   pelvis_tilt: constraint violation = -1.42665
   pelvis_tilt: constraint violation = -0.231459
   pelvis_tilt: constraint violation = 2.27244
   pelvis_tilt: constraint violation = -18.3306
   pelvis_tilt: constraint violation = 0.0296558
   pelvis_tilt: constraint violation = 0.0435091
   pelvis_tilt: constraint violation = 1.43839
   pelvis_tilt: constraint violation = -6.34048
   pelvis_tilt: constraint violation = -0.164881

[2026-09-12 04:01:53.908] [cout] [info] time = 1.612 Performance = 1.19696 Constraint violation = 20.1713
[2026-09-12 04:01:55.132] [warning] SimTK Exception thrown at InteriorPointOptimizer.cpp:264:
  Optimizer failed: Ipopt: Maximum iterations exceeded (status -1)
[2026-09-12 04:01:55.132] [warning] OPTIMIZATION FAILED...
[2026-09-12 04:01:55.132] [warning] StaticOptimization.record: The optimizer could not find a solution at time = 1.628.
[2026-09-12 04:01:55.133] [warning] The model appears unsuitable for static optimization.
Try appending the model with additional force(s) or locking joint(s) to reduce the following acceleration constraint violation(s):
   pelvis_tilt: constraint violation = -0.154603
   pelvis_tilt: constraint violation = 0.119262
   pelvis_tilt: constraint violation = -3.2208
   pelvis_tilt: constraint violation = -0.000228325
   pelvis_tilt: constraint violation = -0.0571119
   pelvis_tilt: constraint violation = 0.0303507
   pelvis_tilt: constraint violation = -2.94561
   pelvis_tilt: constraint violation = -0.60883
   pelvis_tilt: constraint violation = -0.0270142
   pelvis_tilt: constraint violation = 1.8578
   pelvis_tilt: constraint violation = -0.183855
   pelvis_tilt: constraint violation = 0.139271
   pelvis_tilt: constraint violation = -0.454805
   pelvis_tilt: constraint violation = 1.40135
   pelvis_tilt: constraint violation = -1.16499
   pelvis_tilt: constraint violation = -0.18387
   pelvis_tilt: constraint violation = 2.33419
   pelvis_tilt: constraint violation = -12.055
   pelvis_tilt: constraint violation = -1.96532
   pelvis_tilt: constraint violation = -0.745416
   pelvis_tilt: constraint violation = 1.162
   pelvis_tilt: constraint violation = -6.76769
   pelvis_tilt: constraint violation = -2.71071

[2026-09-12 04:01:55.133] [cout] [info] time = 1.628 Performance = 1.14408 Constraint violation = 15.3694
[2026-09-12 04:01:56.319] [warning] SimTK Exception thrown at InteriorPointOptimizer.cpp:264:
  Optimizer failed: Ipopt: Maximum iterations exceeded (status -1)
[2026-09-12 04:01:56.319] [warning] OPTIMIZATION FAILED...
[2026-09-12 04:01:56.319] [warning] StaticOptimization.record: The optimizer could not find a solution at time = 1.644.
[2026-09-12 04:01:56.320] [warning] The model appears unsuitable for static optimization.
Try appending the model with additional force(s) or locking joint(s) to reduce the following acceleration constraint violation(s):
   pelvis_tilt: constraint violation = -0.116411
   pelvis_tilt: constraint violation = 0.0601484
   pelvis_tilt: constraint violation = -2.90912
   pelvis_tilt: constraint violation = 0.000351964
   pelvis_tilt: constraint violation = -0.0675628
   pelvis_tilt: constraint violation = 0.0187935
   pelvis_tilt: constraint violation = -2.80928
   pelvis_tilt: constraint violation = -0.67175
   pelvis_tilt: constraint violation = 0.0349924
   pelvis_tilt: constraint violation = 2.07071
   pelvis_tilt: constraint violation = -0.238535
   pelvis_tilt: constraint violation = 0.13342
   pelvis_tilt: constraint violation = -0.676679
   pelvis_tilt: constraint violation = 1.31529
   pelvis_tilt: constraint violation = -0.760506
   pelvis_tilt: constraint violation = -0.155834
   pelvis_tilt: constraint violation = 2.08277
   pelvis_tilt: constraint violation = -6.76322
   pelvis_tilt: constraint violation = -1.32332
   pelvis_tilt: constraint violation = -1.21734
   pelvis_tilt: constraint violation = 0.666448
   pelvis_tilt: constraint violation = -6.03423
   pelvis_tilt: constraint violation = -3.80277

[2026-09-12 04:01:56.320] [cout] [info] time = 1.644 Performance = 1.11394 Constraint violation = 11.3407
[2026-09-12 04:01:56.842] [warning] SimTK Exception thrown at InteriorPointOptimizer.cpp:264:
  Optimizer failed: Ipopt: Infeasible problem detected (status 2)
[2026-09-12 04:01:56.842] [warning] OPTIMIZATION FAILED...
[2026-09-12 04:01:56.842] [warning] StaticOptimization.record: The optimizer could not find a solution at time = 1.66.
[2026-09-12 04:01:56.843] [warning] The model appears unsuitable for static optimization.
Try appending the model with additional force(s) or locking joint(s) to reduce the following acceleration constraint violation(s):
   pelvis_tilt: constraint violation = -0.017843
   pelvis_tilt: constraint violation = -0.0405667
   pelvis_tilt: constraint violation = -3.83555
   pelvis_tilt: constraint violation = 0.000365573
   pelvis_tilt: constraint violation = -0.0823903
   pelvis_tilt: constraint violation = 0.0062249
   pelvis_tilt: constraint violation = -0.447804
   pelvis_tilt: constraint violation = -1.19003
   pelvis_tilt: constraint violation = 0.031318
   pelvis_tilt: constraint violation = 0.182908
   pelvis_tilt: constraint violation = 0.000718776
   pelvis_tilt: constraint violation = 0.0250258
   pelvis_tilt: constraint violation = -0.871697
   pelvis_tilt: constraint violation = 1.37401
   pelvis_tilt: constraint violation = -0.000906748
   pelvis_tilt: constraint violation = -0.0218947
   pelvis_tilt: constraint violation = 0.0418185
   pelvis_tilt: constraint violation = -0.705435
   pelvis_tilt: constraint violation = -0.697187
   pelvis_tilt: constraint violation = -0.255156
   pelvis_tilt: constraint violation = 0.250818
   pelvis_tilt: constraint violation = -2.20365
   pelvis_tilt: constraint violation = -2.06296

[2026-09-12 04:01:56.843] [cout] [info] time = 1.66 Performance = 0.995145 Constraint violation = 5.40791
[2026-09-12 04:01:58.315] [warning] SimTK Exception thrown at InteriorPointOptimizer.cpp:264:
  Optimizer failed: Ipopt: Maximum iterations exceeded (status -1)
[2026-09-12 04:01:58.315] [warning] OPTIMIZATION FAILED...
[2026-09-12 04:01:58.315] [warning] StaticOptimization.record: The optimizer could not find a solution at time = 1.676.
[2026-09-12 04:01:58.316] [warning] The model appears unsuitable for static optimization.
Try appending the model with additional force(s) or locking joint(s) to reduce the following acceleration constraint violation(s):
   pelvis_tilt: constraint violation = -0.353856
   pelvis_tilt: constraint violation = -0.137077
   pelvis_tilt: constraint violation = -1.95003
   pelvis_tilt: constraint violation = 0.000409476
   pelvis_tilt: constraint violation = -0.0184747
   pelvis_tilt: constraint violation = 0.0243675
   pelvis_tilt: constraint violation = -1.85324
   pelvis_tilt: constraint violation = -0.608895
   pelvis_tilt: constraint violation = 0.147146
   pelvis_tilt: constraint violation = 1.45652
   pelvis_tilt: constraint violation = -0.331564
   pelvis_tilt: constraint violation = 0.125547
   pelvis_tilt: constraint violation = -0.498094
   pelvis_tilt: constraint violation = 1.0421
   pelvis_tilt: constraint violation = -0.789633
   pelvis_tilt: constraint violation = -0.1802
   pelvis_tilt: constraint violation = 1.93944
   pelvis_tilt: constraint violation = 0.617189
   pelvis_tilt: constraint violation = 1.41336
   pelvis_tilt: constraint violation = -2.1505
   pelvis_tilt: constraint violation = 0.197619
   pelvis_tilt: constraint violation = -3.45594
   pelvis_tilt: constraint violation = -1.72385

[2026-09-12 04:01:58.316] [cout] [info] time = 1.676 Performance = 1.07241 Constraint violation = 6.14251
[2026-09-12 04:01:59.786] [warning] SimTK Exception thrown at InteriorPointOptimizer.cpp:264:
  Optimizer failed: Ipopt: Maximum iterations exceeded (status -1)
[2026-09-12 04:01:59.786] [warning] OPTIMIZATION FAILED...
[2026-09-12 04:01:59.786] [warning] StaticOptimization.record: The optimizer could not find a solution at time = 1.692.
[2026-09-12 04:01:59.787] [warning] The model appears unsuitable for static optimization.
Try appending the model with additional force(s) or locking joint(s) to reduce the following acceleration constraint violation(s):
   pelvis_tilt: constraint violation = -0.538407
   pelvis_tilt: constraint violation = -0.0375274
   pelvis_tilt: constraint violation = -1.92423
   pelvis_tilt: constraint violation = -0.00048348
   pelvis_tilt: constraint violation = 0.0243738
   pelvis_tilt: constraint violation = 0.0147298
   pelvis_tilt: constraint violation = -1.45005
   pelvis_tilt: constraint violation = -0.490605
   pelvis_tilt: constraint violation = 0.119555
   pelvis_tilt: constraint violation = 0.878445
   pelvis_tilt: constraint violation = -0.388468
   pelvis_tilt: constraint violation = 0.104563
   pelvis_tilt: constraint violation = 0.0380388
   pelvis_tilt: constraint violation = 0.915731
   pelvis_tilt: constraint violation = -0.62183
   pelvis_tilt: constraint violation = -0.23065
   pelvis_tilt: constraint violation = 1.09682
   pelvis_tilt: constraint violation = 4.19597
   pelvis_tilt: constraint violation = 7.4491
   pelvis_tilt: constraint violation = -1.96825
   pelvis_tilt: constraint violation = -0.4673
   pelvis_tilt: constraint violation = -0.979059
   pelvis_tilt: constraint violation = 1.47708

[2026-09-12 04:01:59.787] [cout] [info] time = 1.692 Performance = 1.08735 Constraint violation = 9.49193
[2026-09-12 04:02:01.652] [warning] SimTK Exception thrown at InteriorPointOptimizer.cpp:264:
  Optimizer failed: Ipopt: Maximum iterations exceeded (status -1)
[2026-09-12 04:02:01.652] [warning] OPTIMIZATION FAILED...
[2026-09-12 04:02:01.652] [warning] StaticOptimization.record: The optimizer could not find a solution at time = 1.70800.
[2026-09-12 04:02:01.653] [warning] The model appears unsuitable for static optimization.
Try appending the model with additional force(s) or locking joint(s) to reduce the following acceleration constraint violation(s):
   pelvis_tilt: constraint violation = -0.758912
   pelvis_tilt: constraint violation = 0.271618
   pelvis_tilt: constraint violation = -1.9159
   pelvis_tilt: constraint violation = -0.00195433
   pelvis_tilt: constraint violation = 0.0740795
   pelvis_tilt: constraint violation = -0.00484384
   pelvis_tilt: constraint violation = -1.47496
   pelvis_tilt: constraint violation = -0.369173
   pelvis_tilt: constraint violation = 0.0553682
   pelvis_tilt: constraint violation = 0.438734
   pelvis_tilt: constraint violation = -0.82172
   pelvis_tilt: constraint violation = 0.0999856
   pelvis_tilt: constraint violation = 0.724293
   pelvis_tilt: constraint violation = 0.767319
   pelvis_tilt: constraint violation = -0.667575
   pelvis_tilt: constraint violation = -0.4006
   pelvis_tilt: constraint violation = 0.458221
   pelvis_tilt: constraint violation = 7.62479
   pelvis_tilt: constraint violation = 16.9774
   pelvis_tilt: constraint violation = -1.93011
   pelvis_tilt: constraint violation = -1.62097
   pelvis_tilt: constraint violation = 1.68527
   pelvis_tilt: constraint violation = 4.68691

[2026-09-12 04:02:01.653] [cout] [info] time = 1.70800 Performance = 1.1328 Constraint violation = 19.6718
[2026-09-12 04:02:03.132] [warning] SimTK Exception thrown at InteriorPointOptimizer.cpp:264:
  Optimizer failed: Ipopt: Maximum iterations exceeded (status -1)
[2026-09-12 04:02:03.132] [warning] OPTIMIZATION FAILED...
[2026-09-12 04:02:03.132] [warning] StaticOptimization.record: The optimizer could not find a solution at time = 1.724.
[2026-09-12 04:02:03.133] [warning] The model appears unsuitable for static optimization.
Try appending the model with additional force(s) or locking joint(s) to reduce the following acceleration constraint violation(s):
   pelvis_tilt: constraint violation = -0.972563
   pelvis_tilt: constraint violation = 0.692624
   pelvis_tilt: constraint violation = -2.09739
   pelvis_tilt: constraint violation = -0.00347839
   pelvis_tilt: constraint violation = 0.108395
   pelvis_tilt: constraint violation = -0.0253218
   pelvis_tilt: constraint violation = -1.3597
   pelvis_tilt: constraint violation = -0.173735
   pelvis_tilt: constraint violation = -0.0291699
   pelvis_tilt: constraint violation = -0.0940257
   pelvis_tilt: constraint violation = -1.15126
   pelvis_tilt: constraint violation = 0.0769211
   pelvis_tilt: constraint violation = 1.39618
   pelvis_tilt: constraint violation = 0.585045
   pelvis_tilt: constraint violation = -0.512372
   pelvis_tilt: constraint violation = -0.619159
   pelvis_tilt: constraint violation = -0.260835
   pelvis_tilt: constraint violation = 9.52458
   pelvis_tilt: constraint violation = 22.1135
   pelvis_tilt: constraint violation = -1.4456
   pelvis_tilt: constraint violation = -2.5613
   pelvis_tilt: constraint violation = 3.86509
   pelvis_tilt: constraint violation = 6.1003

[2026-09-12 04:02:03.133] [cout] [info] time = 1.724 Performance = 1.29298 Constraint violation = 25.5458
[2026-09-12 04:02:04.721] [warning] SimTK Exception thrown at InteriorPointOptimizer.cpp:264:
  Optimizer failed: Ipopt: Maximum iterations exceeded (status -1)
[2026-09-12 04:02:04.721] [warning] OPTIMIZATION FAILED...
[2026-09-12 04:02:04.721] [warning] StaticOptimization.record: The optimizer could not find a solution at time = 1.74.
[2026-09-12 04:02:04.722] [warning] The model appears unsuitable for static optimization.
Try appending the model with additional force(s) or locking joint(s) to reduce the following acceleration constraint violation(s):
   pelvis_tilt: constraint violation = -1.01721
   pelvis_tilt: constraint violation = 0.871355
   pelvis_tilt: constraint violation = -1.88709
   pelvis_tilt: constraint violation = -0.00394414
   pelvis_tilt: constraint violation = 0.160532
   pelvis_tilt: constraint violation = -0.0356646
   pelvis_tilt: constraint violation = -1.05127
   pelvis_tilt: constraint violation = -0.0920325
   pelvis_tilt: constraint violation = -0.0505018
   pelvis_tilt: constraint violation = -0.337496
   pelvis_tilt: constraint violation = -1.40822
   pelvis_tilt: constraint violation = 0.0788855
   pelvis_tilt: constraint violation = 1.83807
   pelvis_tilt: constraint violation = 0.591016
   pelvis_tilt: constraint violation = -0.54449
   pelvis_tilt: constraint violation = -0.750399
   pelvis_tilt: constraint violation = -0.490936
   pelvis_tilt: constraint violation = 16.5721
   pelvis_tilt: constraint violation = 32.4444
   pelvis_tilt: constraint violation = -1.6246
   pelvis_tilt: constraint violation = -3.38721
   pelvis_tilt: constraint violation = 7.40445
   pelvis_tilt: constraint violation = 9.73797

[2026-09-12 04:02:04.722] [cout] [info] time = 1.74 Performance = 1.43252 Constraint violation = 38.7875
[2026-09-12 04:02:06.107] [warning] SimTK Exception thrown at InteriorPointOptimizer.cpp:264:
  Optimizer failed: Ipopt: Maximum iterations exceeded (status -1)
[2026-09-12 04:02:06.107] [warning] OPTIMIZATION FAILED...
[2026-09-12 04:02:06.107] [warning] StaticOptimization.record: The optimizer could not find a solution at time = 1.756.
[2026-09-12 04:02:06.108] [warning] The model appears unsuitable for static optimization.
Try appending the model with additional force(s) or locking joint(s) to reduce the following acceleration constraint violation(s):
   pelvis_tilt: constraint violation = -1.03388
   pelvis_tilt: constraint violation = 0.862308
   pelvis_tilt: constraint violation = -1.7628
   pelvis_tilt: constraint violation = -0.00377614
   pelvis_tilt: constraint violation = 0.191076
   pelvis_tilt: constraint violation = -0.0280152
   pelvis_tilt: constraint violation = -0.757637
   pelvis_tilt: constraint violation = -0.142432
   pelvis_tilt: constraint violation = -0.0565261
   pelvis_tilt: constraint violation = -0.380858
   pelvis_tilt: constraint violation = -1.35348
   pelvis_tilt: constraint violation = 0.0764379
   pelvis_tilt: constraint violation = 2.00416
   pelvis_tilt: constraint violation = 0.717658
   pelvis_tilt: constraint violation = -0.502361
   pelvis_tilt: constraint violation = -0.664889
   pelvis_tilt: constraint violation = -0.491021
   pelvis_tilt: constraint violation = 24.7568
   pelvis_tilt: constraint violation = 36.2943
   pelvis_tilt: constraint violation = -2.20771
   pelvis_tilt: constraint violation = -3.4275
   pelvis_tilt: constraint violation = 9.61151
   pelvis_tilt: constraint violation = 11.3832

[2026-09-12 04:02:06.108] [cout] [info] time = 1.756 Performance = 1.74479 Constraint violation = 46.7093
[2026-09-12 04:02:07.608] [warning] SimTK Exception thrown at InteriorPointOptimizer.cpp:264:
  Optimizer failed: Ipopt: Maximum iterations exceeded (status -1)
[2026-09-12 04:02:07.608] [warning] OPTIMIZATION FAILED...
[2026-09-12 04:02:07.608] [warning] StaticOptimization.record: The optimizer could not find a solution at time = 1.772.
[2026-09-12 04:02:07.609] [warning] The model appears unsuitable for static optimization.
Try appending the model with additional force(s) or locking joint(s) to reduce the following acceleration constraint violation(s):
   pelvis_tilt: constraint violation = -1.37524
   pelvis_tilt: constraint violation = 0.716849
   pelvis_tilt: constraint violation = -2.66668
   pelvis_tilt: constraint violation = -0.00388573
   pelvis_tilt: constraint violation = 0.172284
   pelvis_tilt: constraint violation = -0.0075494
   pelvis_tilt: constraint violation = -0.987611
   pelvis_tilt: constraint violation = -0.208719
   pelvis_tilt: constraint violation = -0.084307
   pelvis_tilt: constraint violation = -0.327347
   pelvis_tilt: constraint violation = -0.727225
   pelvis_tilt: constraint violation = 0.0943893
   pelvis_tilt: constraint violation = 2.29419
   pelvis_tilt: constraint violation = 1.06205
   pelvis_tilt: constraint violation = -0.149149
   pelvis_tilt: constraint violation = -0.806719
   pelvis_tilt: constraint violation = -0.535007
   pelvis_tilt: constraint violation = 11.6001
   pelvis_tilt: constraint violation = 13.0345
   pelvis_tilt: constraint violation = -2.53416
   pelvis_tilt: constraint violation = -2.21691
   pelvis_tilt: constraint violation = 8.0134
   pelvis_tilt: constraint violation = 8.90755

[2026-09-12 04:02:07.609] [cout] [info] time = 1.772 Performance = 2.24615 Constraint violation = 21.8614
[2026-09-12 04:02:09.431] [warning] SimTK Exception thrown at InteriorPointOptimizer.cpp:264:
  Optimizer failed: Ipopt: Maximum iterations exceeded (status -1)
[2026-09-12 04:02:09.431] [warning] OPTIMIZATION FAILED...
[2026-09-12 04:02:09.431] [warning] StaticOptimization.record: The optimizer could not find a solution at time = 1.788.
[2026-09-12 04:02:09.431] [warning] The model appears too weak for static optimization.
Try increasing the strength and/or range of the following force(s):
   glut_med1_l approaching upper bound of 1

[2026-09-12 04:02:09.431] [cout] [info] time = 1.788 Performance = 2.75172 Constraint violation = 54.1355
[2026-09-12 04:02:10.736] [warning] SimTK Exception thrown at InteriorPointOptimizer.cpp:264:
  Optimizer failed: Ipopt: Maximum iterations exceeded (status -1)
[2026-09-12 04:02:10.736] [warning] OPTIMIZATION FAILED...
[2026-09-12 04:02:10.736] [warning] StaticOptimization.record: The optimizer could not find a solution at time = 1.80400.
[2026-09-12 04:02:10.736] [warning] The model appears too weak for static optimization.
Try increasing the strength and/or range of the following force(s):
   glut_med1_l approaching upper bound of 1

[2026-09-12 04:02:10.736] [cout] [info] time = 1.80400 Performance = 3.32697 Constraint violation = 64.6183
[2026-09-12 04:02:12.115] [warning] SimTK Exception thrown at InteriorPointOptimizer.cpp:264:
  Optimizer failed: Ipopt: Maximum iterations exceeded (status -1)
[2026-09-12 04:02:12.116] [warning] OPTIMIZATION FAILED...
[2026-09-12 04:02:12.116] [warning] StaticOptimization.record: The optimizer could not find a solution at time = 1.82.
[2026-09-12 04:02:12.116] [warning] The model appears too weak for static optimization.
Try increasing the strength and/or range of the following force(s):
   glut_med1_l approaching upper bound of 1

[2026-09-12 04:02:12.116] [cout] [info] time = 1.82 Performance = 3.83663 Constraint violation = 67.4367
[2026-09-12 04:02:13.399] [warning] SimTK Exception thrown at InteriorPointOptimizer.cpp:264:
  Optimizer failed: Ipopt: Maximum iterations exceeded (status -1)
[2026-09-12 04:02:13.400] [warning] OPTIMIZATION FAILED...
[2026-09-12 04:02:13.400] [warning] StaticOptimization.record: The optimizer could not find a solution at time = 1.836.
[2026-09-12 04:02:13.400] [warning] The model appears too weak for static optimization.
Try increasing the strength and/or range of the following force(s):
   glut_med1_l approaching upper bound of 1

[2026-09-12 04:02:13.400] [cout] [info] time = 1.836 Performance = 4.16468 Constraint violation = 25.94
[2026-09-12 04:02:14.813] [warning] SimTK Exception thrown at InteriorPointOptimizer.cpp:264:
  Optimizer failed: Ipopt: Maximum iterations exceeded (status -1)
[2026-09-12 04:02:14.813] [warning] OPTIMIZATION FAILED...
[2026-09-12 04:02:14.813] [warning] StaticOptimization.record: The optimizer could not find a solution at time = 1.852.
[2026-09-12 04:02:14.813] [warning] The model appears too weak for static optimization.
Try increasing the strength and/or range of the following force(s):
   glut_med1_l approaching upper bound of 1

[2026-09-12 04:02:14.813] [cout] [info] time = 1.852 Performance = 4.15805 Constraint violation = 22.4121
[2026-09-12 04:02:16.536] [warning] SimTK Exception thrown at InteriorPointOptimizer.cpp:264:
  Optimizer failed: Ipopt: Maximum iterations exceeded (status -1)
[2026-09-12 04:02:16.536] [warning] OPTIMIZATION FAILED...
[2026-09-12 04:02:16.536] [warning] StaticOptimization.record: The optimizer could not find a solution at time = 1.868.
[2026-09-12 04:02:16.537] [warning] The model appears too weak for static optimization.
Try increasing the strength and/or range of the following force(s):
   glut_med1_l approaching upper bound of 1

[2026-09-12 04:02:16.537] [cout] [info] time = 1.868 Performance = 3.80632 Constraint violation = 27.0047
[2026-09-12 04:02:18.413] [warning] SimTK Exception thrown at InteriorPointOptimizer.cpp:264:
  Optimizer failed: Ipopt: Maximum iterations exceeded (status -1)
[2026-09-12 04:02:18.413] [warning] OPTIMIZATION FAILED...
[2026-09-12 04:02:18.413] [warning] StaticOptimization.record: The optimizer could not find a solution at time = 1.884.
[2026-09-12 04:02:18.414] [warning] The model appears unsuitable for static optimization.
Try appending the model with additional force(s) or locking joint(s) to reduce the following acceleration constraint violation(s):
   pelvis_tilt: constraint violation = 0.132533
   pelvis_tilt: constraint violation = 0.84654
   pelvis_tilt: constraint violation = -1.15907
   pelvis_tilt: constraint violation = -0.00197462
   pelvis_tilt: constraint violation = -0.263731
   pelvis_tilt: constraint violation = 0.0101982
   pelvis_tilt: constraint violation = -4.09797
   pelvis_tilt: constraint violation = -0.29058
   pelvis_tilt: constraint violation = -0.0670415
   pelvis_tilt: constraint violation = 0.419511
   pelvis_tilt: constraint violation = -0.828542
   pelvis_tilt: constraint violation = 0.101694
   pelvis_tilt: constraint violation = -0.295886
   pelvis_tilt: constraint violation = 0.958066
   pelvis_tilt: constraint violation = -0.309488
   pelvis_tilt: constraint violation = -1.6633
   pelvis_tilt: constraint violation = -0.00937945
   pelvis_tilt: constraint violation = -12.5068
   pelvis_tilt: constraint violation = -13.1888
   pelvis_tilt: constraint violation = -0.91119
   pelvis_tilt: constraint violation = -1.00542
   pelvis_tilt: constraint violation = -4.81796
   pelvis_tilt: constraint violation = -8.3286

[2026-09-12 04:02:18.414] [cout] [info] time = 1.884 Performance = 3.27469 Constraint violation = 21.1791
[2026-09-12 04:02:20.102] [warning] SimTK Exception thrown at InteriorPointOptimizer.cpp:264:
  Optimizer failed: Ipopt: Maximum iterations exceeded (status -1)
[2026-09-12 04:02:20.102] [warning] OPTIMIZATION FAILED...
[2026-09-12 04:02:20.102] [warning] StaticOptimization.record: The optimizer could not find a solution at time = 1.9.
[2026-09-12 04:02:20.103] [warning] The model appears unsuitable for static optimization.
Try appending the model with additional force(s) or locking joint(s) to reduce the following acceleration constraint violation(s):
   pelvis_tilt: constraint violation = 1.72411
   pelvis_tilt: constraint violation = 1.81908
   pelvis_tilt: constraint violation = 0.176339
   pelvis_tilt: constraint violation = -0.000223762
   pelvis_tilt: constraint violation = -0.465682
   pelvis_tilt: constraint violation = -0.067983
   pelvis_tilt: constraint violation = -3.3043
   pelvis_tilt: constraint violation = 1.19284
   pelvis_tilt: constraint violation = -0.110781
   pelvis_tilt: constraint violation = 0.86156
   pelvis_tilt: constraint violation = -0.800623
   pelvis_tilt: constraint violation = -0.00398781
   pelvis_tilt: constraint violation = -1.91156
   pelvis_tilt: constraint violation = -0.234581
   pelvis_tilt: constraint violation = 0.257534
   pelvis_tilt: constraint violation = -1.3537
   pelvis_tilt: constraint violation = 0.259717
   pelvis_tilt: constraint violation = -32.189
   pelvis_tilt: constraint violation = -17.6761
   pelvis_tilt: constraint violation = 3.48046
   pelvis_tilt: constraint violation = -0.651345
   pelvis_tilt: constraint violation = -7.91023
   pelvis_tilt: constraint violation = -10.8108

[2026-09-12 04:02:20.103] [cout] [info] time = 1.9 Performance = 2.65349 Constraint violation = 39.5791
[2026-09-12 04:02:21.735] [warning] SimTK Exception thrown at InteriorPointOptimizer.cpp:264:
  Optimizer failed: Ipopt: Maximum iterations exceeded (status -1)
[2026-09-12 04:02:21.735] [warning] OPTIMIZATION FAILED...
[2026-09-12 04:02:21.735] [warning] StaticOptimization.record: The optimizer could not find a solution at time = 1.916.
[2026-09-12 04:02:21.735] [warning] The model appears unsuitable for static optimization.
Try appending the model with additional force(s) or locking joint(s) to reduce the following acceleration constraint violation(s):
   pelvis_tilt: constraint violation = 1.91237
   pelvis_tilt: constraint violation = 1.82615
   pelvis_tilt: constraint violation = 0.405826
   pelvis_tilt: constraint violation = 0.000651571
   pelvis_tilt: constraint violation = -0.420975
   pelvis_tilt: constraint violation = -0.0949025
   pelvis_tilt: constraint violation = -2.12117
   pelvis_tilt: constraint violation = 1.53943
   pelvis_tilt: constraint violation = -0.189157
   pelvis_tilt: constraint violation = 0.8417
   pelvis_tilt: constraint violation = -0.782786
   pelvis_tilt: constraint violation = -0.014935
   pelvis_tilt: constraint violation = -1.95124
   pelvis_tilt: constraint violation = -0.753399
   pelvis_tilt: constraint violation = 0.375321
   pelvis_tilt: constraint violation = -0.858439
   pelvis_tilt: constraint violation = 0.40897
   pelvis_tilt: constraint violation = -35.6684
   pelvis_tilt: constraint violation = -10.9408
   pelvis_tilt: constraint violation = 4.39248
   pelvis_tilt: constraint violation = -0.561137
   pelvis_tilt: constraint violation = -8.00607
   pelvis_tilt: constraint violation = -7.14246

[2026-09-12 04:02:21.735] [cout] [info] time = 1.916 Performance = 2.22017 Constraint violation = 39.3401
[2026-09-12 04:02:23.190] [warning] SimTK Exception thrown at InteriorPointOptimizer.cpp:264:
  Optimizer failed: Ipopt: Maximum iterations exceeded (status -1)
[2026-09-12 04:02:23.190] [warning] OPTIMIZATION FAILED...
[2026-09-12 04:02:23.190] [warning] StaticOptimization.record: The optimizer could not find a solution at time = 1.932.
[2026-09-12 04:02:23.190] [warning] The model appears unsuitable for static optimization.
Try appending the model with additional force(s) or locking joint(s) to reduce the following acceleration constraint violation(s):
   pelvis_tilt: constraint violation = 1.33698
   pelvis_tilt: constraint violation = 1.29215
   pelvis_tilt: constraint violation = -0.195016
   pelvis_tilt: constraint violation = 0.0012058
   pelvis_tilt: constraint violation = -0.27311
   pelvis_tilt: constraint violation = -0.0823895
   pelvis_tilt: constraint violation = -1.27813
   pelvis_tilt: constraint violation = 1.0638
   pelvis_tilt: constraint violation = -0.165207
   pelvis_tilt: constraint violation = 0.844185
   pelvis_tilt: constraint violation = -0.866004
   pelvis_tilt: constraint violation = 0.0838228
   pelvis_tilt: constraint violation = -1.42196
   pelvis_tilt: constraint violation = -0.714983
   pelvis_tilt: constraint violation = 0.141537
   pelvis_tilt: constraint violation = -0.503168
   pelvis_tilt: constraint violation = 0.462757
   pelvis_tilt: constraint violation = -28.332
   pelvis_tilt: constraint violation = -3.93164
   pelvis_tilt: constraint violation = 3.3521
   pelvis_tilt: constraint violation = -0.918749
   pelvis_tilt: constraint violation = -6.6796
   pelvis_tilt: constraint violation = -3.32315

[2026-09-12 04:02:23.190] [cout] [info] time = 1.932 Performance = 1.9927 Constraint violation = 29.9459
[2026-09-12 04:02:24.594] [warning] SimTK Exception thrown at InteriorPointOptimizer.cpp:264:
  Optimizer failed: Ipopt: Maximum iterations exceeded (status -1)
[2026-09-12 04:02:24.594] [warning] OPTIMIZATION FAILED...
[2026-09-12 04:02:24.594] [warning] StaticOptimization.record: The optimizer could not find a solution at time = 1.948.
[2026-09-12 04:02:24.595] [warning] The model appears unsuitable for static optimization.
Try appending the model with additional force(s) or locking joint(s) to reduce the following acceleration constraint violation(s):
   pelvis_tilt: constraint violation = 0.952401
   pelvis_tilt: constraint violation = 0.777355
   pelvis_tilt: constraint violation = -0.926079
   pelvis_tilt: constraint violation = 0.00278527
   pelvis_tilt: constraint violation = -0.16489
   pelvis_tilt: constraint violation = -0.0604358
   pelvis_tilt: constraint violation = -0.820985
   pelvis_tilt: constraint violation = 0.449455
   pelvis_tilt: constraint violation = -0.0954285
   pelvis_tilt: constraint violation = 1.21225
   pelvis_tilt: constraint violation = -0.985955
   pelvis_tilt: constraint violation = 0.209315
   pelvis_tilt: constraint violation = -1.25374
   pelvis_tilt: constraint violation = -0.486052
   pelvis_tilt: constraint violation = -0.164042
   pelvis_tilt: constraint violation = -0.308621
   pelvis_tilt: constraint violation = 0.606603
   pelvis_tilt: constraint violation = -20.6276
   pelvis_tilt: constraint violation = -0.505454
   pelvis_tilt: constraint violation = 1.70036
   pelvis_tilt: constraint violation = -1.52587
   pelvis_tilt: constraint violation = -6.83005
   pelvis_tilt: constraint violation = -1.42888

[2026-09-12 04:02:24.595] [cout] [info] time = 1.948 Performance = 1.7991 Constraint violation = 22.0846
[2026-09-12 04:02:26.192] [warning] SimTK Exception thrown at InteriorPointOptimizer.cpp:264:
  Optimizer failed: Ipopt: Maximum iterations exceeded (status -1)
[2026-09-12 04:02:26.192] [warning] OPTIMIZATION FAILED...
[2026-09-12 04:02:26.192] [warning] StaticOptimization.record: The optimizer could not find a solution at time = 1.964.
[2026-09-12 04:02:26.193] [warning] The model appears unsuitable for static optimization.
Try appending the model with additional force(s) or locking joint(s) to reduce the following acceleration constraint violation(s):
   pelvis_tilt: constraint violation = 0.607279
   pelvis_tilt: constraint violation = 0.651881
   pelvis_tilt: constraint violation = -1.15517
   pelvis_tilt: constraint violation = 0.00256891
   pelvis_tilt: constraint violation = -0.18843
   pelvis_tilt: constraint violation = -0.0545927
   pelvis_tilt: constraint violation = -1.41352
   pelvis_tilt: constraint violation = 0.29407
   pelvis_tilt: constraint violation = -0.0766923
   pelvis_tilt: constraint violation = 1.18235
   pelvis_tilt: constraint violation = -1.01098
   pelvis_tilt: constraint violation = 0.232539
   pelvis_tilt: constraint violation = -1.43325
   pelvis_tilt: constraint violation = -0.400212
   pelvis_tilt: constraint violation = -0.257934
   pelvis_tilt: constraint violation = -0.66646
   pelvis_tilt: constraint violation = 0.64787
   pelvis_tilt: constraint violation = -28.6706
   pelvis_tilt: constraint violation = -0.423312
   pelvis_tilt: constraint violation = 1.32485
   pelvis_tilt: constraint violation = -1.79953
   pelvis_tilt: constraint violation = -10.8022
   pelvis_tilt: constraint violation = -1.10415

[2026-09-12 04:02:26.193] [cout] [info] time = 1.964 Performance = 1.60237 Constraint violation = 30.9024
[2026-09-12 04:02:27.751] [warning] SimTK Exception thrown at InteriorPointOptimizer.cpp:264:
  Optimizer failed: Ipopt: Maximum iterations exceeded (status -1)
[2026-09-12 04:02:27.751] [warning] OPTIMIZATION FAILED...
[2026-09-12 04:02:27.751] [warning] StaticOptimization.record: The optimizer could not find a solution at time = 1.98.
[2026-09-12 04:02:27.752] [warning] The model appears unsuitable for static optimization.
Try appending the model with additional force(s) or locking joint(s) to reduce the following acceleration constraint violation(s):
   pelvis_tilt: constraint violation = 0.336815
   pelvis_tilt: constraint violation = 0.512788
   pelvis_tilt: constraint violation = -0.987171
   pelvis_tilt: constraint violation = 0.00207833
   pelvis_tilt: constraint violation = -0.258682
   pelvis_tilt: constraint violation = -0.0398271
   pelvis_tilt: constraint violation = -2.14931
   pelvis_tilt: constraint violation = 0.196306
   pelvis_tilt: constraint violation = -0.0564947
   pelvis_tilt: constraint violation = 1.01308
   pelvis_tilt: constraint violation = -0.77962
   pelvis_tilt: constraint violation = 0.163278
   pelvis_tilt: constraint violation = -1.85025
   pelvis_tilt: constraint violation = -0.20941
   pelvis_tilt: constraint violation = -0.239827
   pelvis_tilt: constraint violation = -1.02188
   pelvis_tilt: constraint violation = 0.724876
   pelvis_tilt: constraint violation = -42.7711
   pelvis_tilt: constraint violation = -1.15041
   pelvis_tilt: constraint violation = 1.19927
   pelvis_tilt: constraint violation = -1.45138
   pelvis_tilt: constraint violation = -17.1285
   pelvis_tilt: constraint violation = -1.47189

[2026-09-12 04:02:27.752] [cout] [info] time = 1.98 Performance = 1.40451 Constraint violation = 46.2885
[2026-09-12 04:02:29.194] [warning] SimTK Exception thrown at InteriorPointOptimizer.cpp:264:
  Optimizer failed: Ipopt: Maximum iterations exceeded (status -1)
[2026-09-12 04:02:29.194] [warning] OPTIMIZATION FAILED...
[2026-09-12 04:02:29.194] [warning] StaticOptimization.record: The optimizer could not find a solution at time = 1.996.
[2026-09-12 04:02:29.195] [warning] The model appears unsuitable for static optimization.
Try appending the model with additional force(s) or locking joint(s) to reduce the following acceleration constraint violation(s):
   pelvis_tilt: constraint violation = -0.0924704
   pelvis_tilt: constraint violation = 0.227104
   pelvis_tilt: constraint violation = -0.753485
   pelvis_tilt: constraint violation = 0.00224204
   pelvis_tilt: constraint violation = -0.216701
   pelvis_tilt: constraint violation = -0.0138809
   pelvis_tilt: constraint violation = -1.89945
   pelvis_tilt: constraint violation = -0.0521446
   pelvis_tilt: constraint violation = -0.00790075
   pelvis_tilt: constraint violation = 0.799641
   pelvis_tilt: constraint violation = -0.444273
   pelvis_tilt: constraint violation = 0.0988725
   pelvis_tilt: constraint violation = -1.87764
   pelvis_tilt: constraint violation = 0.0449812
   pelvis_tilt: constraint violation = -0.236872
   pelvis_tilt: constraint violation = -0.847058
   pelvis_tilt: constraint violation = 0.583402
   pelvis_tilt: constraint violation = -35.1586
   pelvis_tilt: constraint violation = -0.836783
   pelvis_tilt: constraint violation = -0.123874
   pelvis_tilt: constraint violation = -1.01752
   pelvis_tilt: constraint violation = -16.22
   pelvis_tilt: constraint violation = -1.15756

[2026-09-12 04:02:29.195] [cout] [info] time = 1.996 Performance = 1.25892 Constraint violation = 38.8855
[2026-09-12 04:02:30.777] [warning] SimTK Exception thrown at InteriorPointOptimizer.cpp:264:
  Optimizer failed: Ipopt: Maximum iterations exceeded (status -1)
[2026-09-12 04:02:30.777] [warning] OPTIMIZATION FAILED...
[2026-09-12 04:02:30.777] [warning] StaticOptimization.record: The optimizer could not find a solution at time = 2.012.
[2026-09-12 04:02:30.778] [warning] The model appears unsuitable for static optimization.
Try appending the model with additional force(s) or locking joint(s) to reduce the following acceleration constraint violation(s):
   pelvis_tilt: constraint violation = -0.68434
   pelvis_tilt: constraint violation = 0.271028
   pelvis_tilt: constraint violation = -0.301034
   pelvis_tilt: constraint violation = 0.00153568
   pelvis_tilt: constraint violation = -0.0814483
   pelvis_tilt: constraint violation = -0.0232918
   pelvis_tilt: constraint violation = -0.609625
   pelvis_tilt: constraint violation = 0.237491
   pelvis_tilt: constraint violation = -0.0496653
   pelvis_tilt: constraint violation = 0.157788
   pelvis_tilt: constraint violation = -0.299474
   pelvis_tilt: constraint violation = 0.0476362
   pelvis_tilt: constraint violation = -1.31998
   pelvis_tilt: constraint violation = -0.137856
   pelvis_tilt: constraint violation = -0.0480258
   pelvis_tilt: constraint violation = -0.315011
   pelvis_tilt: constraint violation = 0.124512
   pelvis_tilt: constraint violation = -18.1985
   pelvis_tilt: constraint violation = -0.279916
   pelvis_tilt: constraint violation = 1.32155
   pelvis_tilt: constraint violation = -0.67551
   pelvis_tilt: constraint violation = -5.54225
   pelvis_tilt: constraint violation = -0.47531

[2026-09-12 04:02:30.778] [cout] [info] time = 2.012 Performance = 1.35155 Constraint violation = 19.1696
[2026-09-12 04:02:32.127] [warning] SimTK Exception thrown at InteriorPointOptimizer.cpp:264:
  Optimizer failed: Ipopt: Maximum iterations exceeded (status -1)
[2026-09-12 04:02:32.127] [warning] OPTIMIZATION FAILED...
[2026-09-12 04:02:32.127] [warning] StaticOptimization.record: The optimizer could not find a solution at time = 2.028.
[2026-09-12 04:02:32.128] [warning] The model appears unsuitable for static optimization.
Try appending the model with additional force(s) or locking joint(s) to reduce the following acceleration constraint violation(s):
   pelvis_tilt: constraint violation = -1.22062
   pelvis_tilt: constraint violation = 0.366093
   pelvis_tilt: constraint violation = 0.117564
   pelvis_tilt: constraint violation = 8.96411e-05
   pelvis_tilt: constraint violation = 0.0025934
   pelvis_tilt: constraint violation = -0.0369609
   pelvis_tilt: constraint violation = 0.165976
   pelvis_tilt: constraint violation = 1.34667
   pelvis_tilt: constraint violation = -0.105945
   pelvis_tilt: constraint violation = -0.343098
   pelvis_tilt: constraint violation = -0.172369
   pelvis_tilt: constraint violation = 0.0127574
   pelvis_tilt: constraint violation = -0.628453
   pelvis_tilt: constraint violation = -0.458835
   pelvis_tilt: constraint violation = 0.129628
   pelvis_tilt: constraint violation = -0.0163429
   pelvis_tilt: constraint violation = -0.150248
   pelvis_tilt: constraint violation = -10.5977
   pelvis_tilt: constraint violation = -0.661188
   pelvis_tilt: constraint violation = 2.40963
   pelvis_tilt: constraint violation = -0.190977
   pelvis_tilt: constraint violation = 3.3331
   pelvis_tilt: constraint violation = -0.278442

[2026-09-12 04:02:32.128] [cout] [info] time = 2.028 Performance = 1.32466 Constraint violation = 11.5785
[2026-09-12 04:02:33.657] [warning] SimTK Exception thrown at InteriorPointOptimizer.cpp:264:
  Optimizer failed: Ipopt: Maximum iterations exceeded (status -1)
[2026-09-12 04:02:33.657] [warning] OPTIMIZATION FAILED...
[2026-09-12 04:02:33.657] [warning] StaticOptimization.record: The optimizer could not find a solution at time = 2.044.
[2026-09-12 04:02:33.658] [warning] The model appears unsuitable for static optimization.
Try appending the model with additional force(s) or locking joint(s) to reduce the following acceleration constraint violation(s):
   pelvis_tilt: constraint violation = -1.69195
   pelvis_tilt: constraint violation = 0.478112
   pelvis_tilt: constraint violation = 0.408546
   pelvis_tilt: constraint violation = -0.00165761
   pelvis_tilt: constraint violation = 0.0120804
   pelvis_tilt: constraint violation = -0.0525829
   pelvis_tilt: constraint violation = -0.0450828
   pelvis_tilt: constraint violation = 1.01459
   pelvis_tilt: constraint violation = -0.129685
   pelvis_tilt: constraint violation = -1.45173
   pelvis_tilt: constraint violation = -0.253023
   pelvis_tilt: constraint violation = -0.0219823
   pelvis_tilt: constraint violation = -0.0929292
   pelvis_tilt: constraint violation = -0.755881
   pelvis_tilt: constraint violation = 0.321367
   pelvis_tilt: constraint violation = -0.32512
   pelvis_tilt: constraint violation = -0.295511
   pelvis_tilt: constraint violation = -16.1734
   pelvis_tilt: constraint violation = -3.35217
   pelvis_tilt: constraint violation = 5.07278
   pelvis_tilt: constraint violation = 0.380796
   pelvis_tilt: constraint violation = 5.24232
   pelvis_tilt: constraint violation = -0.935706

[2026-09-12 04:02:33.658] [cout] [info] time = 2.044 Performance = 1.17363 Constraint violation = 18.2869
[2026-09-12 04:02:35.529] [warning] SimTK Exception thrown at InteriorPointOptimizer.cpp:264:
  Optimizer failed: Ipopt: Maximum iterations exceeded (status -1)
[2026-09-12 04:02:35.529] [warning] OPTIMIZATION FAILED...
[2026-09-12 04:02:35.529] [warning] StaticOptimization.record: The optimizer could not find a solution at time = 2.06.
[2026-09-12 04:02:35.530] [warning] The model appears unsuitable for static optimization.
Try appending the model with additional force(s) or locking joint(s) to reduce the following acceleration constraint violation(s):
   pelvis_tilt: constraint violation = -1.6118
   pelvis_tilt: constraint violation = 0.400548
   pelvis_tilt: constraint violation = 0.186887
   pelvis_tilt: constraint violation = -0.00154565
   pelvis_tilt: constraint violation = -0.013477
   pelvis_tilt: constraint violation = -0.0379413
   pelvis_tilt: constraint violation = -0.576848
   pelvis_tilt: constraint violation = 0.811951
   pelvis_tilt: constraint violation = -0.0854515
   pelvis_tilt: constraint violation = -1.34104
   pelvis_tilt: constraint violation = -0.30064
   pelvis_tilt: constraint violation = 0.00688493
   pelvis_tilt: constraint violation = 0.00407611
   pelvis_tilt: constraint violation = -0.627965
   pelvis_tilt: constraint violation = 0.190434
   pelvis_tilt: constraint violation = -0.557931
   pelvis_tilt: constraint violation = -0.18572
   pelvis_tilt: constraint violation = -17.7211
   pelvis_tilt: constraint violation = -7.35139
   pelvis_tilt: constraint violation = 3.83682
   pelvis_tilt: constraint violation = 0.100534
   pelvis_tilt: constraint violation = 2.67388
   pelvis_tilt: constraint violation = -2.64742

[2026-09-12 04:02:35.530] [cout] [info] time = 2.06 Performance = 1.05775 Constraint violation = 20.0856
[2026-09-12 04:02:36.806] [warning] SimTK Exception thrown at InteriorPointOptimizer.cpp:264:
  Optimizer failed: Ipopt: Maximum iterations exceeded (status -1)
[2026-09-12 04:02:36.806] [warning] OPTIMIZATION FAILED...
[2026-09-12 04:02:36.806] [warning] StaticOptimization.record: The optimizer could not find a solution at time = 2.076.
[2026-09-12 04:02:36.807] [warning] The model appears unsuitable for static optimization.
Try appending the model with additional force(s) or locking joint(s) to reduce the following acceleration constraint violation(s):
   pelvis_tilt: constraint violation = -1.47917
   pelvis_tilt: constraint violation = 0.162964
   pelvis_tilt: constraint violation = -0.178065
   pelvis_tilt: constraint violation = -0.000925899
   pelvis_tilt: constraint violation = 0.0224212
   pelvis_tilt: constraint violation = -0.0169319
   pelvis_tilt: constraint violation = -0.886546
   pelvis_tilt: constraint violation = 0.244094
   pelvis_tilt: constraint violation = -0.0252881
   pelvis_tilt: constraint violation = -0.628736
   pelvis_tilt: constraint violation = -0.24514
   pelvis_tilt: constraint violation = 0.0575968
   pelvis_tilt: constraint violation = 0.120527
   pelvis_tilt: constraint violation = -0.269889
   pelvis_tilt: constraint violation = -0.031001
   pelvis_tilt: constraint violation = -0.650365
   pelvis_tilt: constraint violation = -0.266746
   pelvis_tilt: constraint violation = -4.40652
   pelvis_tilt: constraint violation = -6.30925
   pelvis_tilt: constraint violation = 0.710303
   pelvis_tilt: constraint violation = -0.986546
   pelvis_tilt: constraint violation = 2.66024
   pelvis_tilt: constraint violation = -3.00232

[2026-09-12 04:02:36.807] [cout] [info] time = 2.076 Performance = 0.998888 Constraint violation = 8.99594
[2026-09-12 04:02:38.386] [warning] SimTK Exception thrown at InteriorPointOptimizer.cpp:264:
  Optimizer failed: Ipopt: Maximum iterations exceeded (status -1)
[2026-09-12 04:02:38.386] [warning] OPTIMIZATION FAILED...
[2026-09-12 04:02:38.386] [warning] StaticOptimization.record: The optimizer could not find a solution at time = 2.092.
[2026-09-12 04:02:38.387] [warning] The model appears unsuitable for static optimization.
Try appending the model with additional force(s) or locking joint(s) to reduce the following acceleration constraint violation(s):
   pelvis_tilt: constraint violation = -1.36686
   pelvis_tilt: constraint violation = -0.170759
   pelvis_tilt: constraint violation = -0.984429
   pelvis_tilt: constraint violation = -0.000936165
   pelvis_tilt: constraint violation = 0.103333
   pelvis_tilt: constraint violation = 0.0110254
   pelvis_tilt: constraint violation = -1.50708
   pelvis_tilt: constraint violation = -0.487798
   pelvis_tilt: constraint violation = 0.0121196
   pelvis_tilt: constraint violation = 0.0405127
   pelvis_tilt: constraint violation = -0.0428379
   pelvis_tilt: constraint violation = 0.0645491
   pelvis_tilt: constraint violation = 0.203397
   pelvis_tilt: constraint violation = 0.229789
   pelvis_tilt: constraint violation = -0.161482
   pelvis_tilt: constraint violation = -0.157957
   pelvis_tilt: constraint violation = -0.15544
   pelvis_tilt: constraint violation = 6.14981
   pelvis_tilt: constraint violation = 4.42618
   pelvis_tilt: constraint violation = -1.33313
   pelvis_tilt: constraint violation = -1.07498
   pelvis_tilt: constraint violation = 3.65351
   pelvis_tilt: constraint violation = 3.36907

[2026-09-12 04:02:38.387] [cout] [info] time = 2.092 Performance = 0.887298 Constraint violation = 9.51875
[2026-09-12 04:02:39.985] [warning] SimTK Exception thrown at InteriorPointOptimizer.cpp:264:
  Optimizer failed: Ipopt: Maximum iterations exceeded (status -1)
[2026-09-12 04:02:39.985] [warning] OPTIMIZATION FAILED...
[2026-09-12 04:02:39.985] [warning] StaticOptimization.record: The optimizer could not find a solution at time = 2.10800.
[2026-09-12 04:02:39.986] [warning] The model appears unsuitable for static optimization.
Try appending the model with additional force(s) or locking joint(s) to reduce the following acceleration constraint violation(s):
   pelvis_tilt: constraint violation = -1.30604
   pelvis_tilt: constraint violation = -0.39506
   pelvis_tilt: constraint violation = -1.29881
   pelvis_tilt: constraint violation = -0.00152623
   pelvis_tilt: constraint violation = 0.0954468
   pelvis_tilt: constraint violation = 0.03631
   pelvis_tilt: constraint violation = -1.47854
   pelvis_tilt: constraint violation = -0.597668
   pelvis_tilt: constraint violation = 0.0209031
   pelvis_tilt: constraint violation = 0.427182
   pelvis_tilt: constraint violation = 0.0480132
   pelvis_tilt: constraint violation = 0.181073
   pelvis_tilt: constraint violation = 0.271098
   pelvis_tilt: constraint violation = 0.629088
   pelvis_tilt: constraint violation = -0.613477
   pelvis_tilt: constraint violation = -1.01509
   pelvis_tilt: constraint violation = -0.235827
   pelvis_tilt: constraint violation = 13.3418
   pelvis_tilt: constraint violation = 19.0036
   pelvis_tilt: constraint violation = -3.28662
   pelvis_tilt: constraint violation = -3.50458
   pelvis_tilt: constraint violation = 3.45174
   pelvis_tilt: constraint violation = 7.46183

[2026-09-12 04:02:39.986] [cout] [info] time = 2.10800 Performance = 0.781529 Constraint violation = 25.26
[2026-09-12 04:02:41.417] [warning] SimTK Exception thrown at InteriorPointOptimizer.cpp:264:
  Optimizer failed: Ipopt: Maximum iterations exceeded (status -1)
[2026-09-12 04:02:41.417] [warning] OPTIMIZATION FAILED...
[2026-09-12 04:02:41.417] [warning] StaticOptimization.record: The optimizer could not find a solution at time = 2.124.
[2026-09-12 04:02:41.418] [warning] The model appears unsuitable for static optimization.
Try appending the model with additional force(s) or locking joint(s) to reduce the following acceleration constraint violation(s):
   pelvis_tilt: constraint violation = -1.07852
   pelvis_tilt: constraint violation = -0.299448
   pelvis_tilt: constraint violation = -1.41188
   pelvis_tilt: constraint violation = -0.00173489
   pelvis_tilt: constraint violation = 0.0288499
   pelvis_tilt: constraint violation = 0.0349585
   pelvis_tilt: constraint violation = -1.55556
   pelvis_tilt: constraint violation = -0.432576
   pelvis_tilt: constraint violation = -0.00261679
   pelvis_tilt: constraint violation = 0.443467
   pelvis_tilt: constraint violation = 0.0564138
   pelvis_tilt: constraint violation = 0.187233
   pelvis_tilt: constraint violation = 0.0273264
   pelvis_tilt: constraint violation = 0.718531
   pelvis_tilt: constraint violation = -0.651317
   pelvis_tilt: constraint violation = -0.957046
   pelvis_tilt: constraint violation = 0.0132417
   pelvis_tilt: constraint violation = 3.75129
   pelvis_tilt: constraint violation = 15.0216
   pelvis_tilt: constraint violation = -2.36703
   pelvis_tilt: constraint violation = -3.01904
   pelvis_tilt: constraint violation = -0.124007
   pelvis_tilt: constraint violation = 3.04088

[2026-09-12 04:02:41.418] [cout] [info] time = 2.124 Performance = 0.706567 Constraint violation = 16.4818
[2026-09-12 04:02:42.721] [warning] SimTK Exception thrown at InteriorPointOptimizer.cpp:264:
  Optimizer failed: Ipopt: Maximum iterations exceeded (status -1)
[2026-09-12 04:02:42.721] [warning] OPTIMIZATION FAILED...
[2026-09-12 04:02:42.721] [warning] StaticOptimization.record: The optimizer could not find a solution at time = 2.14.
[2026-09-12 04:02:42.721] [warning] The model appears unsuitable for static optimization.
Try appending the model with additional force(s) or locking joint(s) to reduce the following acceleration constraint violation(s):
   pelvis_tilt: constraint violation = -0.715993
   pelvis_tilt: constraint violation = -0.204502
   pelvis_tilt: constraint violation = -1.57586
   pelvis_tilt: constraint violation = -0.00177087
   pelvis_tilt: constraint violation = -0.0680275
   pelvis_tilt: constraint violation = 0.0275525
   pelvis_tilt: constraint violation = -2.25903
   pelvis_tilt: constraint violation = -0.295246
   pelvis_tilt: constraint violation = -0.0273649
   pelvis_tilt: constraint violation = 0.370219
   pelvis_tilt: constraint violation = 0.0526164
   pelvis_tilt: constraint violation = 0.196481
   pelvis_tilt: constraint violation = -0.548779
   pelvis_tilt: constraint violation = 0.725066
   pelvis_tilt: constraint violation = -0.676339
   pelvis_tilt: constraint violation = -0.990206
   pelvis_tilt: constraint violation = 0.244598
   pelvis_tilt: constraint violation = -6.88476
   pelvis_tilt: constraint violation = 7.40592
   pelvis_tilt: constraint violation = -1.62025
   pelvis_tilt: constraint violation = -2.48785
   pelvis_tilt: constraint violation = -4.44418
   pelvis_tilt: constraint violation = -4.454

[2026-09-12 04:02:42.721] [cout] [info] time = 2.14 Performance = 0.662618 Constraint violation = 12.7039
[2026-09-12 04:02:44.714] [warning] SimTK Exception thrown at InteriorPointOptimizer.cpp:264:
  Optimizer failed: Ipopt: Maximum iterations exceeded (status -1)
[2026-09-12 04:02:44.714] [warning] OPTIMIZATION FAILED...
[2026-09-12 04:02:44.714] [warning] StaticOptimization.record: The optimizer could not find a solution at time = 2.156.
[2026-09-12 04:02:44.715] [warning] The model appears unsuitable for static optimization.
Try appending the model with additional force(s) or locking joint(s) to reduce the following acceleration constraint violation(s):
   pelvis_tilt: constraint violation = -0.588687
   pelvis_tilt: constraint violation = -0.121013
   pelvis_tilt: constraint violation = -1.48512
   pelvis_tilt: constraint violation = -0.00146527
   pelvis_tilt: constraint violation = -0.171945
   pelvis_tilt: constraint violation = 0.0194608
   pelvis_tilt: constraint violation = -2.08519
   pelvis_tilt: constraint violation = -0.204975
   pelvis_tilt: constraint violation = -0.0432206
   pelvis_tilt: constraint violation = 0.186407
   pelvis_tilt: constraint violation = 0.05763
   pelvis_tilt: constraint violation = 0.210915
   pelvis_tilt: constraint violation = -0.898814
   pelvis_tilt: constraint violation = 0.584783
   pelvis_tilt: constraint violation = -0.744802
   pelvis_tilt: constraint violation = -1.26614
   pelvis_tilt: constraint violation = 0.381035
   pelvis_tilt: constraint violation = -17.6411
   pelvis_tilt: constraint violation = -3.09569
   pelvis_tilt: constraint violation = -1.10177
   pelvis_tilt: constraint violation = -1.91177
   pelvis_tilt: constraint violation = -8.13477
   pelvis_tilt: constraint violation = -11.2002

[2026-09-12 04:02:44.715] [cout] [info] time = 2.156 Performance = 0.689171 Constraint violation = 22.9739
[2026-09-12 04:02:45.852] [warning] SimTK Exception thrown at InteriorPointOptimizer.cpp:264:
  Optimizer failed: Ipopt: Maximum iterations exceeded (status -1)
[2026-09-12 04:02:45.852] [warning] OPTIMIZATION FAILED...
[2026-09-12 04:02:45.852] [warning] StaticOptimization.record: The optimizer could not find a solution at time = 2.172.
[2026-09-12 04:02:45.852] [warning] The model appears unsuitable for static optimization.
Try appending the model with additional force(s) or locking joint(s) to reduce the following acceleration constraint violation(s):
   pelvis_tilt: constraint violation = -0.369812
   pelvis_tilt: constraint violation = -0.0621183
   pelvis_tilt: constraint violation = -1.01054
   pelvis_tilt: constraint violation = -0.000312472
   pelvis_tilt: constraint violation = -0.210442
   pelvis_tilt: constraint violation = 0.00713931
   pelvis_tilt: constraint violation = -1.60173
   pelvis_tilt: constraint violation = -0.0831745
   pelvis_tilt: constraint violation = -0.0360885
   pelvis_tilt: constraint violation = -0.135392
   pelvis_tilt: constraint violation = 0.0470208
   pelvis_tilt: constraint violation = 0.126864
   pelvis_tilt: constraint violation = -1.25495
   pelvis_tilt: constraint violation = 0.313314
   pelvis_tilt: constraint violation = -0.481275
   pelvis_tilt: constraint violation = -0.954448
   pelvis_tilt: constraint violation = 0.310472
   pelvis_tilt: constraint violation = -20.2137
   pelvis_tilt: constraint violation = -11.8865
   pelvis_tilt: constraint violation = -0.357985
   pelvis_tilt: constraint violation = -0.647157
   pelvis_tilt: constraint violation = -9.25699
   pelvis_tilt: constraint violation = -13.1086

[2026-09-12 04:02:45.852] [cout] [info] time = 2.172 Performance = 0.774361 Constraint violation = 28.5427
[2026-09-12 04:02:47.107] [warning] SimTK Exception thrown at InteriorPointOptimizer.cpp:264:
  Optimizer failed: Ipopt: Maximum iterations exceeded (status -1)
[2026-09-12 04:02:47.107] [warning] OPTIMIZATION FAILED...
[2026-09-12 04:02:47.107] [warning] StaticOptimization.record: The optimizer could not find a solution at time = 2.188.
[2026-09-12 04:02:47.108] [warning] The model appears unsuitable for static optimization.
Try appending the model with additional force(s) or locking joint(s) to reduce the following acceleration constraint violation(s):
   pelvis_tilt: constraint violation = -0.748236
   pelvis_tilt: constraint violation = 0.144585
   pelvis_tilt: constraint violation = -0.512922
   pelvis_tilt: constraint violation = 0.000589432
   pelvis_tilt: constraint violation = -0.283037
   pelvis_tilt: constraint violation = -0.0140954
   pelvis_tilt: constraint violation = -0.451786
   pelvis_tilt: constraint violation = 0.10181
   pelvis_tilt: constraint violation = -0.022591
   pelvis_tilt: constraint violation = -0.19561
   pelvis_tilt: constraint violation = -0.0667805
   pelvis_tilt: constraint violation = 0.0822021
   pelvis_tilt: constraint violation = -0.912955
   pelvis_tilt: constraint violation = -0.00475553
   pelvis_tilt: constraint violation = -0.11107
   pelvis_tilt: constraint violation = -0.383439
   pelvis_tilt: constraint violation = 0.129821
   pelvis_tilt: constraint violation = -12.5813
   pelvis_tilt: constraint violation = -7.05504
   pelvis_tilt: constraint violation = 0.544172
   pelvis_tilt: constraint violation = -0.325655
   pelvis_tilt: constraint violation = -7.09443
   pelvis_tilt: constraint violation = -9.8375

[2026-09-12 04:02:47.108] [cout] [info] time = 2.188 Performance = 0.841912 Constraint violation = 18.9148
[2026-09-12 04:02:48.300] [warning] SimTK Exception thrown at InteriorPointOptimizer.cpp:264:
  Optimizer failed: Ipopt: Maximum iterations exceeded (status -1)
[2026-09-12 04:02:48.300] [warning] OPTIMIZATION FAILED...
[2026-09-12 04:02:48.300] [warning] StaticOptimization.record: The optimizer could not find a solution at time = 2.20400.
[2026-09-12 04:02:48.301] [warning] The model appears unsuitable for static optimization.
Try appending the model with additional force(s) or locking joint(s) to reduce the following acceleration constraint violation(s):
   pelvis_tilt: constraint violation = -0.12844
   pelvis_tilt: constraint violation = 0.416814
   pelvis_tilt: constraint violation = 0.0129149
   pelvis_tilt: constraint violation = 0.00138961
   pelvis_tilt: constraint violation = -0.217842
   pelvis_tilt: constraint violation = -0.0343624
   pelvis_tilt: constraint violation = -0.186422
   pelvis_tilt: constraint violation = 0.286845
   pelvis_tilt: constraint violation = -0.00896883
   pelvis_tilt: constraint violation = -0.982441
   pelvis_tilt: constraint violation = -0.257403
   pelvis_tilt: constraint violation = 0.122161
   pelvis_tilt: constraint violation = -1.5997
   pelvis_tilt: constraint violation = -0.280254
   pelvis_tilt: constraint violation = 0.123796
   pelvis_tilt: constraint violation = -0.114169
   pelvis_tilt: constraint violation = 0.129621
   pelvis_tilt: constraint violation = -26.5077
   pelvis_tilt: constraint violation = -16.8408
   pelvis_tilt: constraint violation = 1.68431
   pelvis_tilt: constraint violation = -0.654276
   pelvis_tilt: constraint violation = -9.51115
   pelvis_tilt: constraint violation = -13.2448

[2026-09-12 04:02:48.301] [cout] [info] time = 2.20400 Performance = 0.871669 Constraint violation = 35.4896
[2026-09-12 04:02:49.567] [warning] SimTK Exception thrown at InteriorPointOptimizer.cpp:264:
  Optimizer failed: Ipopt: Maximum iterations exceeded (status -1)
[2026-09-12 04:02:49.567] [warning] OPTIMIZATION FAILED...
[2026-09-12 04:02:49.567] [warning] StaticOptimization.record: The optimizer could not find a solution at time = 2.22.
[2026-09-12 04:02:49.568] [warning] The model appears unsuitable for static optimization.
Try appending the model with additional force(s) or locking joint(s) to reduce the following acceleration constraint violation(s):
   pelvis_tilt: constraint violation = -0.00216361
   pelvis_tilt: constraint violation = 0.647312
   pelvis_tilt: constraint violation = 0.24701
   pelvis_tilt: constraint violation = 0.00145469
   pelvis_tilt: constraint violation = -0.209668
   pelvis_tilt: constraint violation = -0.0249328
   pelvis_tilt: constraint violation = 0.248504
   pelvis_tilt: constraint violation = 0.20486
   pelvis_tilt: constraint violation = 0.00343902
   pelvis_tilt: constraint violation = -1.05361
   pelvis_tilt: constraint violation = -0.257722
   pelvis_tilt: constraint violation = 0.0889381
   pelvis_tilt: constraint violation = -1.70685
   pelvis_tilt: constraint violation = -0.58592
   pelvis_tilt: constraint violation = 0.190878
   pelvis_tilt: constraint violation = 0.251
   pelvis_tilt: constraint violation = 0.0589857
   pelvis_tilt: constraint violation = -16.3224
   pelvis_tilt: constraint violation = -7.98926
   pelvis_tilt: constraint violation = 1.37818
   pelvis_tilt: constraint violation = -0.603455
   pelvis_tilt: constraint violation = -6.70321
   pelvis_tilt: constraint violation = -7.40574

[2026-09-12 04:02:49.568] [cout] [info] time = 2.22 Performance = 0.904960 Constraint violation = 20.9156
[2026-09-12 04:02:50.864] [warning] SimTK Exception thrown at InteriorPointOptimizer.cpp:264:
  Optimizer failed: Ipopt: Maximum iterations exceeded (status -1)
[2026-09-12 04:02:50.864] [warning] OPTIMIZATION FAILED...
[2026-09-12 04:02:50.864] [warning] StaticOptimization.record: The optimizer could not find a solution at time = 2.236.
[2026-09-12 04:02:50.865] [warning] The model appears unsuitable for static optimization.
Try appending the model with additional force(s) or locking joint(s) to reduce the following acceleration constraint violation(s):
   pelvis_tilt: constraint violation = -0.00469549
   pelvis_tilt: constraint violation = 0.51063
   pelvis_tilt: constraint violation = 0.0259234
   pelvis_tilt: constraint violation = 0.00210174
   pelvis_tilt: constraint violation = -0.163327
   pelvis_tilt: constraint violation = -0.0350789
   pelvis_tilt: constraint violation = 0.374934
   pelvis_tilt: constraint violation = 0.349246
   pelvis_tilt: constraint violation = -0.00424135
   pelvis_tilt: constraint violation = -0.637335
   pelvis_tilt: constraint violation = -0.354512
   pelvis_tilt: constraint violation = 0.135193
   pelvis_tilt: constraint violation = -1.71476
   pelvis_tilt: constraint violation = -0.290837
   pelvis_tilt: constraint violation = 0.136068
   pelvis_tilt: constraint violation = 0.42564
   pelvis_tilt: constraint violation = 0.076946
   pelvis_tilt: constraint violation = -23.9795
   pelvis_tilt: constraint violation = -7.36249
   pelvis_tilt: constraint violation = 2.0665
   pelvis_tilt: constraint violation = -0.87853
   pelvis_tilt: constraint violation = -8.43241
   pelvis_tilt: constraint violation = -7.48825

[2026-09-12 04:02:50.865] [cout] [info] time = 2.236 Performance = 0.868172 Constraint violation = 27.6727
[2026-09-12 04:02:52.538] [warning] SimTK Exception thrown at InteriorPointOptimizer.cpp:264:
  Optimizer failed: Ipopt: Maximum iterations exceeded (status -1)
[2026-09-12 04:02:52.538] [warning] OPTIMIZATION FAILED...
[2026-09-12 04:02:52.538] [warning] StaticOptimization.record: The optimizer could not find a solution at time = 2.252.
[2026-09-12 04:02:52.538] [warning] The model appears unsuitable for static optimization.
Try appending the model with additional force(s) or locking joint(s) to reduce the following acceleration constraint violation(s):
   pelvis_tilt: constraint violation = 0.0319868
   pelvis_tilt: constraint violation = 0.492092
   pelvis_tilt: constraint violation = -0.296329
   pelvis_tilt: constraint violation = 0.0013974
   pelvis_tilt: constraint violation = -0.168936
   pelvis_tilt: constraint violation = -0.0263095
   pelvis_tilt: constraint violation = 0.0926125
   pelvis_tilt: constraint violation = 0.493512
   pelvis_tilt: constraint violation = -0.0263424
   pelvis_tilt: constraint violation = 0.0243932
   pelvis_tilt: constraint violation = -0.201171
   pelvis_tilt: constraint violation = 0.0628754
   pelvis_tilt: constraint violation = -1.83745
   pelvis_tilt: constraint violation = -0.127063
   pelvis_tilt: constraint violation = -0.0436415
   pelvis_tilt: constraint violation = 0.187852
   pelvis_tilt: constraint violation = 0.0628964
   pelvis_tilt: constraint violation = -1.30675
   pelvis_tilt: constraint violation = -1.14876
   pelvis_tilt: constraint violation = 0.91229
   pelvis_tilt: constraint violation = -0.4544
   pelvis_tilt: constraint violation = -5.59002
   pelvis_tilt: constraint violation = -3.94514

[2026-09-12 04:02:52.539] [cout] [info] time = 2.252 Performance = 0.891271 Constraint violation = 7.41418
[2026-09-12 04:02:53.936] [warning] SimTK Exception thrown at InteriorPointOptimizer.cpp:264:
  Optimizer failed: Ipopt: Maximum iterations exceeded (status -1)
[2026-09-12 04:02:53.936] [warning] OPTIMIZATION FAILED...
[2026-09-12 04:02:53.936] [warning] StaticOptimization.record: The optimizer could not find a solution at time = 2.268.
[2026-09-12 04:02:53.936] [warning] The model appears unsuitable for static optimization.
Try appending the model with additional force(s) or locking joint(s) to reduce the following acceleration constraint violation(s):
   pelvis_tilt: constraint violation = 0.0510135
   pelvis_tilt: constraint violation = 0.414088
   pelvis_tilt: constraint violation = -1.07228
   pelvis_tilt: constraint violation = 0.0018629
   pelvis_tilt: constraint violation = -0.121178
   pelvis_tilt: constraint violation = -0.00925618
   pelvis_tilt: constraint violation = -0.0945297
   pelvis_tilt: constraint violation = 0.290303
   pelvis_tilt: constraint violation = -0.0666468
   pelvis_tilt: constraint violation = 0.649977
   pelvis_tilt: constraint violation = -0.0162531
   pelvis_tilt: constraint violation = 0.0577932
   pelvis_tilt: constraint violation = -1.82115
   pelvis_tilt: constraint violation = 0.0949687
   pelvis_tilt: constraint violation = -0.0709105
   pelvis_tilt: constraint violation = -0.0818058
   pelvis_tilt: constraint violation = 0.122634
   pelvis_tilt: constraint violation = -5.9181
   pelvis_tilt: constraint violation = -1.70052
   pelvis_tilt: constraint violation = 1.17577
   pelvis_tilt: constraint violation = 0.0644802
   pelvis_tilt: constraint violation = -5.92762
   pelvis_tilt: constraint violation = -2.95616

[2026-09-12 04:02:53.936] [cout] [info] time = 2.268 Performance = 0.940933 Constraint violation = 9.40173
[2026-09-12 04:02:55.344] [warning] SimTK Exception thrown at InteriorPointOptimizer.cpp:264:
  Optimizer failed: Ipopt: Maximum iterations exceeded (status -1)
[2026-09-12 04:02:55.344] [warning] OPTIMIZATION FAILED...
[2026-09-12 04:02:55.344] [warning] StaticOptimization.record: The optimizer could not find a solution at time = 2.284.
[2026-09-12 04:02:55.345] [warning] The model appears unsuitable for static optimization.
Try appending the model with additional force(s) or locking joint(s) to reduce the following acceleration constraint violation(s):
   pelvis_tilt: constraint violation = -0.0508293
   pelvis_tilt: constraint violation = 0.272013
   pelvis_tilt: constraint violation = -1.3319
   pelvis_tilt: constraint violation = 0.00177344
   pelvis_tilt: constraint violation = -0.0824311
   pelvis_tilt: constraint violation = -0.00781325
   pelvis_tilt: constraint violation = -0.594632
   pelvis_tilt: constraint violation = 0.523653
   pelvis_tilt: constraint violation = -0.118535
   pelvis_tilt: constraint violation = 1.30192
   pelvis_tilt: constraint violation = 0.207493
   pelvis_tilt: constraint violation = 0.00554048
   pelvis_tilt: constraint violation = -1.5677
   pelvis_tilt: constraint violation = 0.412163
   pelvis_tilt: constraint violation = -0.558283
   pelvis_tilt: constraint violation = -0.607362
   pelvis_tilt: constraint violation = 0.236586
   pelvis_tilt: constraint violation = -16.8894
   pelvis_tilt: constraint violation = -2.4976
   pelvis_tilt: constraint violation = 1.44062
   pelvis_tilt: constraint violation = 0.809437
   pelvis_tilt: constraint violation = -4.39894
   pelvis_tilt: constraint violation = -1.44254

[2026-09-12 04:02:55.345] [cout] [info] time = 2.284 Performance = 1.03208 Constraint violation = 17.9793
[2026-09-12 04:02:56.647] [warning] SimTK Exception thrown at InteriorPointOptimizer.cpp:264:
  Optimizer failed: Ipopt: Maximum iterations exceeded (status -1)
[2026-09-12 04:02:56.647] [warning] OPTIMIZATION FAILED...
[2026-09-12 04:02:56.647] [warning] StaticOptimization.record: The optimizer could not find a solution at time = 2.3.
[2026-09-12 04:02:56.648] [warning] The model appears unsuitable for static optimization.
Try appending the model with additional force(s) or locking joint(s) to reduce the following acceleration constraint violation(s):
   pelvis_tilt: constraint violation = -0.249614
   pelvis_tilt: constraint violation = 0.284907
   pelvis_tilt: constraint violation = -1.43502
   pelvis_tilt: constraint violation = 0.0008615
   pelvis_tilt: constraint violation = -0.0724109
   pelvis_tilt: constraint violation = -0.0078894
   pelvis_tilt: constraint violation = -0.921872
   pelvis_tilt: constraint violation = 0.651765
   pelvis_tilt: constraint violation = -0.127552
   pelvis_tilt: constraint violation = 0.919304
   pelvis_tilt: constraint violation = 0.251231
   pelvis_tilt: constraint violation = -0.00965463
   pelvis_tilt: constraint violation = -1.10436
   pelvis_tilt: constraint violation = 0.493784
   pelvis_tilt: constraint violation = -0.599122
   pelvis_tilt: constraint violation = -1.03466
   pelvis_tilt: constraint violation = 0.204125
   pelvis_tilt: constraint violation = -17.4372
   pelvis_tilt: constraint violation = -4.5923
   pelvis_tilt: constraint violation = 1.58389
   pelvis_tilt: constraint violation = 1.06785
   pelvis_tilt: constraint violation = -3.11191
   pelvis_tilt: constraint violation = -1.24465

[2026-09-12 04:02:56.648] [cout] [info] time = 2.3 Performance = 1.13042 Constraint violation = 18.6378
[2026-09-12 04:02:57.752] [warning] SimTK Exception thrown at InteriorPointOptimizer.cpp:264:
  Optimizer failed: Ipopt: Maximum iterations exceeded (status -1)
[2026-09-12 04:02:57.752] [warning] OPTIMIZATION FAILED...
[2026-09-12 04:02:57.752] [warning] StaticOptimization.record: The optimizer could not find a solution at time = 2.316.
[2026-09-12 04:02:57.753] [warning] The model appears unsuitable for static optimization.
Try appending the model with additional force(s) or locking joint(s) to reduce the following acceleration constraint violation(s):
   pelvis_tilt: constraint violation = -0.574303
   pelvis_tilt: constraint violation = 0.198446
   pelvis_tilt: constraint violation = -1.40502
   pelvis_tilt: constraint violation = -0.000984409
   pelvis_tilt: constraint violation = -0.0649332
   pelvis_tilt: constraint violation = -0.00332696
   pelvis_tilt: constraint violation = -1.49112
   pelvis_tilt: constraint violation = 0.659472
   pelvis_tilt: constraint violation = -0.128596
   pelvis_tilt: constraint violation = 0.243276
   pelvis_tilt: constraint violation = 0.341104
   pelvis_tilt: constraint violation = -0.0289562
   pelvis_tilt: constraint violation = -0.413502
   pelvis_tilt: constraint violation = 0.556885
   pelvis_tilt: constraint violation = -0.606087
   pelvis_tilt: constraint violation = -1.70551
   pelvis_tilt: constraint violation = 0.0462577
   pelvis_tilt: constraint violation = -17.8088
   pelvis_tilt: constraint violation = -7.72239
   pelvis_tilt: constraint violation = 1.40664
   pelvis_tilt: constraint violation = 1.4912
   pelvis_tilt: constraint violation = -1.8997
   pelvis_tilt: constraint violation = -0.858385

[2026-09-12 04:02:57.753] [cout] [info] time = 2.316 Performance = 1.2617 Constraint violation = 19.8568
[2026-09-12 04:02:59.054] [warning] SimTK Exception thrown at InteriorPointOptimizer.cpp:264:
  Optimizer failed: Ipopt: Maximum iterations exceeded (status -1)
[2026-09-12 04:02:59.054] [warning] OPTIMIZATION FAILED...
[2026-09-12 04:02:59.054] [warning] StaticOptimization.record: The optimizer could not find a solution at time = 2.332.
[2026-09-12 04:02:59.054] [warning] The model appears unsuitable for static optimization.
Try appending the model with additional force(s) or locking joint(s) to reduce the following acceleration constraint violation(s):
   pelvis_tilt: constraint violation = -0.897887
   pelvis_tilt: constraint violation = 0.0789794
   pelvis_tilt: constraint violation = -1.1791
   pelvis_tilt: constraint violation = -0.00306983
   pelvis_tilt: constraint violation = -0.0523299
   pelvis_tilt: constraint violation = 0.00402577
   pelvis_tilt: constraint violation = -2.00685
   pelvis_tilt: constraint violation = 0.536275
   pelvis_tilt: constraint violation = -0.115807
   pelvis_tilt: constraint violation = -0.504187
   pelvis_tilt: constraint violation = 0.416487
   pelvis_tilt: constraint violation = -0.0313129
   pelvis_tilt: constraint violation = 0.329654
   pelvis_tilt: constraint violation = 0.604963
   pelvis_tilt: constraint violation = -0.536919
   pelvis_tilt: constraint violation = -2.24822
   pelvis_tilt: constraint violation = -0.307719
   pelvis_tilt: constraint violation = -16.3741
   pelvis_tilt: constraint violation = -10.3026
   pelvis_tilt: constraint violation = 1.02167
   pelvis_tilt: constraint violation = 1.82804
   pelvis_tilt: constraint violation = -0.606721
   pelvis_tilt: constraint violation = 0.00284166

[2026-09-12 04:02:59.054] [cout] [info] time = 2.332 Performance = 1.37955 Constraint violation = 19.796
[2026-09-12 04:03:00.509] [warning] SimTK Exception thrown at InteriorPointOptimizer.cpp:264:
  Optimizer failed: Ipopt: Maximum iterations exceeded (status -1)
[2026-09-12 04:03:00.509] [warning] OPTIMIZATION FAILED...
[2026-09-12 04:03:00.509] [warning] StaticOptimization.record: The optimizer could not find a solution at time = 2.348.
[2026-09-12 04:03:00.510] [warning] The model appears unsuitable for static optimization.
Try appending the model with additional force(s) or locking joint(s) to reduce the following acceleration constraint violation(s):
   pelvis_tilt: constraint violation = -1.14059
   pelvis_tilt: constraint violation = 0.0296194
   pelvis_tilt: constraint violation = -0.887172
   pelvis_tilt: constraint violation = -0.00408893
   pelvis_tilt: constraint violation = -0.0163686
   pelvis_tilt: constraint violation = 0.0100854
   pelvis_tilt: constraint violation = -2.18619
   pelvis_tilt: constraint violation = 0.386622
   pelvis_tilt: constraint violation = -0.0944601
   pelvis_tilt: constraint violation = -0.819552
   pelvis_tilt: constraint violation = 0.446246
   pelvis_tilt: constraint violation = -0.0158496
   pelvis_tilt: constraint violation = 0.891994
   pelvis_tilt: constraint violation = 0.645299
   pelvis_tilt: constraint violation = -0.427271
   pelvis_tilt: constraint violation = -2.41227
   pelvis_tilt: constraint violation = -0.73018
   pelvis_tilt: constraint violation = -11.1183
   pelvis_tilt: constraint violation = -9.40223
   pelvis_tilt: constraint violation = 0.641713
   pelvis_tilt: constraint violation = 2.03526
   pelvis_tilt: constraint violation = 1.62819
   pelvis_tilt: constraint violation = 2.03601

[2026-09-12 04:03:00.510] [cout] [info] time = 2.348 Performance = 1.55402 Constraint violation = 15.46
[2026-09-12 04:03:02.024] [warning] SimTK Exception thrown at InteriorPointOptimizer.cpp:264:
  Optimizer failed: Ipopt: Maximum iterations exceeded (status -1)
[2026-09-12 04:03:02.024] [warning] OPTIMIZATION FAILED...
[2026-09-12 04:03:02.024] [warning] StaticOptimization.record: The optimizer could not find a solution at time = 2.364.
[2026-09-12 04:03:02.025] [warning] The model appears unsuitable for static optimization.
Try appending the model with additional force(s) or locking joint(s) to reduce the following acceleration constraint violation(s):
   pelvis_tilt: constraint violation = -1.38661
   pelvis_tilt: constraint violation = 0.0162057
   pelvis_tilt: constraint violation = -0.56462
   pelvis_tilt: constraint violation = -0.00435154
   pelvis_tilt: constraint violation = 0.0383649
   pelvis_tilt: constraint violation = 0.0153124
   pelvis_tilt: constraint violation = -2.08142
   pelvis_tilt: constraint violation = 0.208038
   pelvis_tilt: constraint violation = -0.070682
   pelvis_tilt: constraint violation = -0.745585
   pelvis_tilt: constraint violation = 0.447703
   pelvis_tilt: constraint violation = 0.00122988
   pelvis_tilt: constraint violation = 1.22957
   pelvis_tilt: constraint violation = 0.668458
   pelvis_tilt: constraint violation = -0.297487
   pelvis_tilt: constraint violation = -2.31114
   pelvis_tilt: constraint violation = -1.04495
   pelvis_tilt: constraint violation = -3.1271
   pelvis_tilt: constraint violation = -4.48216
   pelvis_tilt: constraint violation = 0.215177
   pelvis_tilt: constraint violation = 2.15369
   pelvis_tilt: constraint violation = 4.40955
   pelvis_tilt: constraint violation = 5.32366

[2026-09-12 04:03:02.025] [cout] [info] time = 2.364 Performance = 1.80064 Constraint violation = 9.90956
[2026-09-12 04:03:03.726] [warning] SimTK Exception thrown at InteriorPointOptimizer.cpp:264:
  Optimizer failed: Ipopt: Maximum iterations exceeded (status -1)
[2026-09-12 04:03:03.726] [warning] OPTIMIZATION FAILED...
[2026-09-12 04:03:03.726] [warning] StaticOptimization.record: The optimizer could not find a solution at time = 2.38.
[2026-09-12 04:03:03.726] [warning] The model appears unsuitable for static optimization.
Try appending the model with additional force(s) or locking joint(s) to reduce the following acceleration constraint violation(s):
   pelvis_tilt: constraint violation = -1.75546
   pelvis_tilt: constraint violation = 0.190321
   pelvis_tilt: constraint violation = -0.0746678
   pelvis_tilt: constraint violation = -0.00460405
   pelvis_tilt: constraint violation = 0.0860568
   pelvis_tilt: constraint violation = 0.00834198
   pelvis_tilt: constraint violation = -1.81294
   pelvis_tilt: constraint violation = 0.0633354
   pelvis_tilt: constraint violation = -0.0249283
   pelvis_tilt: constraint violation = -0.941345
   pelvis_tilt: constraint violation = 0.146707
   pelvis_tilt: constraint violation = 0.0120328
   pelvis_tilt: constraint violation = 1.36477
   pelvis_tilt: constraint violation = 0.457331
   pelvis_tilt: constraint violation = -0.0716235
   pelvis_tilt: constraint violation = -1.97018
   pelvis_tilt: constraint violation = -1.31659
   pelvis_tilt: constraint violation = 3.55559
   pelvis_tilt: constraint violation = 6.46443
   pelvis_tilt: constraint violation = -0.0213607
   pelvis_tilt: constraint violation = 0.471632
   pelvis_tilt: constraint violation = 6.55958
   pelvis_tilt: constraint violation = 7.55612

[2026-09-12 04:03:03.726] [cout] [info] time = 2.38 Performance = 2.08224 Constraint violation = 13.0307
[2026-09-12 04:03:05.319] [warning] SimTK Exception thrown at InteriorPointOptimizer.cpp:264:
  Optimizer failed: Ipopt: Maximum iterations exceeded (status -1)
[2026-09-12 04:03:05.319] [warning] OPTIMIZATION FAILED...
[2026-09-12 04:03:05.319] [warning] StaticOptimization.record: The optimizer could not find a solution at time = 2.396.
[2026-09-12 04:03:05.320] [warning] The model appears unsuitable for static optimization.
Try appending the model with additional force(s) or locking joint(s) to reduce the following acceleration constraint violation(s):
   pelvis_tilt: constraint violation = -2.27623
   pelvis_tilt: constraint violation = 0.504391
   pelvis_tilt: constraint violation = 0.341107
   pelvis_tilt: constraint violation = -0.00386566
   pelvis_tilt: constraint violation = 0.174418
   pelvis_tilt: constraint violation = -0.00953107
   pelvis_tilt: constraint violation = -1.31887
   pelvis_tilt: constraint violation = 0.0359088
   pelvis_tilt: constraint violation = 0.0304164
   pelvis_tilt: constraint violation = -0.783813
   pelvis_tilt: constraint violation = -0.467593
   pelvis_tilt: constraint violation = -0.032945
   pelvis_tilt: constraint violation = 1.42412
   pelvis_tilt: constraint violation = -0.00529882
   pelvis_tilt: constraint violation = 0.137232
   pelvis_tilt: constraint violation = -1.39361
   pelvis_tilt: constraint violation = -0.657779
   pelvis_tilt: constraint violation = 14.1522
   pelvis_tilt: constraint violation = 27.9929
   pelvis_tilt: constraint violation = -0.0987633
   pelvis_tilt: constraint violation = -3.21834
   pelvis_tilt: constraint violation = 10.5588
   pelvis_tilt: constraint violation = 9.04788

[2026-09-12 04:03:05.320] [cout] [info] time = 2.396 Performance = 2.43885 Constraint violation = 34.6437
[2026-09-12 04:03:07.041] [warning] SimTK Exception thrown at InteriorPointOptimizer.cpp:264:
  Optimizer failed: Ipopt: Maximum iterations exceeded (status -1)
[2026-09-12 04:03:07.041] [warning] OPTIMIZATION FAILED...
[2026-09-12 04:03:07.041] [warning] StaticOptimization.record: The optimizer could not find a solution at time = 2.412.
[2026-09-12 04:03:07.042] [warning] The model appears unsuitable for static optimization.
Try appending the model with additional force(s) or locking joint(s) to reduce the following acceleration constraint violation(s):
   pelvis_tilt: constraint violation = -3.02512
   pelvis_tilt: constraint violation = 0.718893
   pelvis_tilt: constraint violation = 0.365127
   pelvis_tilt: constraint violation = -0.00253826
   pelvis_tilt: constraint violation = 0.379322
   pelvis_tilt: constraint violation = -0.0251189
   pelvis_tilt: constraint violation = -0.631455
   pelvis_tilt: constraint violation = 0.167712
   pelvis_tilt: constraint violation = 0.0514011
   pelvis_tilt: constraint violation = 0.226096
   pelvis_tilt: constraint violation = -1.17899
   pelvis_tilt: constraint violation = -0.0861682
   pelvis_tilt: constraint violation = 1.82907
   pelvis_tilt: constraint violation = -0.415966
   pelvis_tilt: constraint violation = 0.153656
   pelvis_tilt: constraint violation = -0.742768
   pelvis_tilt: constraint violation = 0.698155
   pelvis_tilt: constraint violation = 7.6107
   pelvis_tilt: constraint violation = 28.2607
   pelvis_tilt: constraint violation = 0.0213439
   pelvis_tilt: constraint violation = -3.60382
   pelvis_tilt: constraint violation = 14.7106
   pelvis_tilt: constraint violation = 10.613

[2026-09-12 04:03:07.042] [cout] [info] time = 2.412 Performance = 2.92449 Constraint violation = 34.8571
[2026-09-12 04:03:08.213] [warning] SimTK Exception thrown at InteriorPointOptimizer.cpp:264:
  Optimizer failed: Ipopt: Maximum iterations exceeded (status -1)
[2026-09-12 04:03:08.213] [warning] OPTIMIZATION FAILED...
[2026-09-12 04:03:08.213] [warning] StaticOptimization.record: The optimizer could not find a solution at time = 2.428.
[2026-09-12 04:03:08.213] [warning] The model appears too weak for static optimization.
Try increasing the strength and/or range of the following force(s):
   med_gas_r approaching upper bound of 1

[2026-09-12 04:03:08.213] [cout] [info] time = 2.428 Performance = 3.4417 Constraint violation = 69.1899
[2026-09-12 04:03:09.383] [warning] SimTK Exception thrown at InteriorPointOptimizer.cpp:264:
  Optimizer failed: Ipopt: Maximum iterations exceeded (status -1)
[2026-09-12 04:03:09.383] [warning] OPTIMIZATION FAILED...
[2026-09-12 04:03:09.383] [warning] StaticOptimization.record: The optimizer could not find a solution at time = 2.444.
[2026-09-12 04:03:09.383] [warning] The model appears too weak for static optimization.
Try increasing the strength and/or range of the following force(s):
   med_gas_r approaching upper bound of 1

[2026-09-12 04:03:09.383] [cout] [info] time = 2.444 Performance = 3.85104 Constraint violation = 65.453
[2026-09-12 04:03:10.593] [warning] SimTK Exception thrown at InteriorPointOptimizer.cpp:264:
  Optimizer failed: Ipopt: Maximum iterations exceeded (status -1)
[2026-09-12 04:03:10.593] [warning] OPTIMIZATION FAILED...
[2026-09-12 04:03:10.593] [warning] StaticOptimization.record: The optimizer could not find a solution at time = 2.46.
[2026-09-12 04:03:10.593] [warning] The model appears too weak for static optimization.
Try increasing the strength and/or range of the following force(s):
   med_gas_r approaching upper bound of 1

[2026-09-12 04:03:10.593] [cout] [info] time = 2.46 Performance = 4.03014 Constraint violation = 17.5312
[2026-09-12 04:03:12.305] [warning] SimTK Exception thrown at InteriorPointOptimizer.cpp:264:
  Optimizer failed: Ipopt: Maximum iterations exceeded (status -1)
[2026-09-12 04:03:12.305] [warning] OPTIMIZATION FAILED...
[2026-09-12 04:03:12.305] [warning] StaticOptimization.record: The optimizer could not find a solution at time = 2.476.
[2026-09-12 04:03:12.306] [warning] The model appears unsuitable for static optimization.
Try appending the model with additional force(s) or locking joint(s) to reduce the following acceleration constraint violation(s):
   pelvis_tilt: constraint violation = -0.0873372
   pelvis_tilt: constraint violation = -0.0317612
   pelvis_tilt: constraint violation = -1.9402
   pelvis_tilt: constraint violation = -0.00659991
   pelvis_tilt: constraint violation = -0.287147
   pelvis_tilt: constraint violation = 0.0311407
   pelvis_tilt: constraint violation = -7.89375
   pelvis_tilt: constraint violation = 0.254706
   pelvis_tilt: constraint violation = -0.153334
   pelvis_tilt: constraint violation = -6.40252
   pelvis_tilt: constraint violation = 1.74166
   pelvis_tilt: constraint violation = 0.194734
   pelvis_tilt: constraint violation = 0.586669
   pelvis_tilt: constraint violation = 1.85453
   pelvis_tilt: constraint violation = -0.228744
   pelvis_tilt: constraint violation = -0.479387
   pelvis_tilt: constraint violation = -0.405345
   pelvis_tilt: constraint violation = -8.13274
   pelvis_tilt: constraint violation = -5.68684
   pelvis_tilt: constraint violation = 1.56211
   pelvis_tilt: constraint violation = 2.82224
   pelvis_tilt: constraint violation = -7.39096
   pelvis_tilt: constraint violation = -0.269552

[2026-09-12 04:03:12.306] [cout] [info] time = 2.476 Performance = 4.01272 Constraint violation = 16.6774
[2026-09-12 04:03:14.096] [warning] SimTK Exception thrown at InteriorPointOptimizer.cpp:264:
  Optimizer failed: Ipopt: Maximum iterations exceeded (status -1)
[2026-09-12 04:03:14.096] [warning] OPTIMIZATION FAILED...
[2026-09-12 04:03:14.096] [warning] StaticOptimization.record: The optimizer could not find a solution at time = 2.492.
[2026-09-12 04:03:14.096] [warning] The model appears unsuitable for static optimization.
Try appending the model with additional force(s) or locking joint(s) to reduce the following acceleration constraint violation(s):
   pelvis_tilt: constraint violation = 0.921591
   pelvis_tilt: constraint violation = -0.754228
   pelvis_tilt: constraint violation = -3.99733
   pelvis_tilt: constraint violation = -0.0143602
   pelvis_tilt: constraint violation = -1.44584
   pelvis_tilt: constraint violation = 0.129381
   pelvis_tilt: constraint violation = -8.02687
   pelvis_tilt: constraint violation = 0.508554
   pelvis_tilt: constraint violation = -0.328339
   pelvis_tilt: constraint violation = -11.5574
   pelvis_tilt: constraint violation = 5.59665
   pelvis_tilt: constraint violation = 0.136237
   pelvis_tilt: constraint violation = 0.818997
   pelvis_tilt: constraint violation = 3.66318
   pelvis_tilt: constraint violation = -0.996529
   pelvis_tilt: constraint violation = -1.7868
   pelvis_tilt: constraint violation = -1.6228
   pelvis_tilt: constraint violation = -23.3947
   pelvis_tilt: constraint violation = -16.1062
   pelvis_tilt: constraint violation = 3.09726
   pelvis_tilt: constraint violation = 8.56508
   pelvis_tilt: constraint violation = -31.5647
   pelvis_tilt: constraint violation = -8.57694

[2026-09-12 04:03:14.097] [cout] [info] time = 2.492 Performance = 3.20639 Constraint violation = 47.2197
[2026-09-12 04:03:14.098] [info] Printing results of investigation zz_bsolve to ./ResultsBSolve
