FiberForce
version=1
nRows=126
nColumns=93
inDegrees=no

This analysis gathers basic information about muscles during a simulation (e.g., forces, tendon lengths, moment arms, etc).
Units are S.I. units (second, meters, Newtons, ...)
If the header above contains a line with 'inDegrees', this indicates whether rotational values are in degrees (yes) or radians (no).

endheader
time	glut_med1_r	glut_med2_r	glut_med3_r	glut_min1_r	glut_min2_r	glut_min3_r	semimem_r	semiten_r	bifemlh_r	bifemsh_r	sar_r	add_long_r	add_brev_r	add_mag1_r	add_mag2_r	add_mag3_r	tfl_r	pect_r	grac_r	glut_max1_r	glut_max2_r	glut_max3_r	iliacus_r	psoas_r	quad_fem_r	gem_r	peri_r	rect_fem_r	vas_med_r	vas_int_r	vas_lat_r	med_gas_r	lat_gas_r	soleus_r	tib_post_r	flex_dig_r	flex_hal_r	tib_ant_r	per_brev_r	per_long_r	per_tert_r	ext_dig_r	ext_hal_r	glut_med1_l	glut_med2_l	glut_med3_l	glut_min1_l	glut_min2_l	glut_min3_l	semimem_l	semiten_l	bifemlh_l	bifemsh_l	sar_l	add_long_l	add_brev_l	add_mag1_l	add_mag2_l	add_mag3_l	tfl_l	pect_l	grac_l	glut_max1_l	glut_max2_l	glut_max3_l	iliacus_l	psoas_l	quad_fem_l	gem_l	peri_l	rect_fem_l	vas_med_l	vas_int_l	vas_lat_l	med_gas_l	lat_gas_l	soleus_l	tib_post_l	flex_dig_l	flex_hal_l	tib_ant_l	per_brev_l	per_long_l	per_tert_l	ext_dig_l	ext_hal_l	ercspn_r	ercspn_l	intobl_r	intobl_l	extobl_r	extobl_l
      0.49200000	      0.00000000	      0.00000000	      0.00000000	      0.00000000	      0.00000000	      0.00000000	      0.00000000	  10549.75884673	   1471.10574389	  61136.62507625	  28694.52868786	   3788.58353892	  31426.52217440	      0.00000000	      0.00000000	   2130.02355835	    163.14520926	      0.00000000	  15257.90911014	      0.00000000	   1154.64061901	   4219.03626796	     41.48473135	      0.00000000	      0.00000000	      0.00000000	      0.00000000	   2171.55801103	      0.00000000	      0.00000000	      0.00000000	      0.00000000	      0.00000000	      0.00000000	      0.00000000	      0.00000000	      0.00000000	      0.00000000	      0.00000000	      0.00000000	      0.00000000	      0.00000000	     45.09016610	      0.00000000	      0.00000000	      0.00000000	      0.00000000	      0.00000000	      0.00000000	      0.00000000	   8754.83563725	      0.00000000	  67275.38540403	  31341.17570178	   6914.93773488	  28058.06771559	      0.00000000	      0.00000000	      0.00000000	    727.41730989	      0.00000000	  15256.76163235	      0.00000000	      0.00000000	      0.00000000	  11903.46258405	   4971.29932487	      0.00000000	      0.00000000	      0.00000000	   3905.48410236	      0.00000000	      0.00000000	      0.00000000	      0.00000000	      0.00000000	      0.00000000	      0.00000000	      0.00000000	      0.00000000	      0.00000000	      0.00000000	      0.00000000	      0.00000000	      0.00000000	      3.25552301	 170438.00259080	 146923.15489233	      0.00000000	      0.00000000	   7681.88924250	   3068.61306743
      0.50800000	      0.00000000	      0.00000000	      0.00000000	      0.00000000	      0.00000000	      0.00000000	      0.00000000	  10829.38752530	   1832.07192774	  63080.43836770	  28792.45643748	   3916.04878585	  31722.52109783	      0.00000000	      0.00000000	   2084.20589494	    130.76473371	      0.00000000	  15432.27398368	      0.00000000	   1024.38398131	   4170.36474320	     79.88721363	      0.00000000	      0.00000000	      0.00000000	      0.00000000	   1352.50473630	      0.00000000	      0.00000000	      0.00000000	      0.00000000	      0.00000000	      0.00000000	      0.00000000	      0.00000000	      0.00000000	      0.00000000	      0.00000000	      0.00000000	      0.00000000	      0.00000000	     43.78021851	      0.00000000	      0.00000000	      0.00000000	      0.00000000	      0.00000000	      0.00000000	      0.00000000	   8694.96197139	      0.00000000	  67391.51306191	  31405.32842174	   6967.05434663	  27734.94192646	      0.00000000	      0.00000000	      0.00000000	    749.66957898	      0.00000000	  15255.80481275	      0.00000000	      0.00000000	      0.00000000	  12312.25413995	   5235.90762846	      0.00000000	      0.00000000	      0.00000000	   3974.91181247	      0.00000000	      0.00000000	      0.00000000	      0.00000000	      0.00000000	      0.00000000	      0.00000000	      0.00000000	      0.00000000	      0.00000000	      0.00000000	      0.00000000	      0.00000000	      0.00000000	      2.40362417	 171380.47985269	 145177.84915290	      0.00000000	      0.00000000	   7904.76920815	   2945.74329251
      0.52400000	      0.00000000	      0.00000000	      0.00000000	      0.00000000	      0.00000000	      0.00000000	      0.00000000	  11090.46313904	   2168.93017374	  64839.41004702	  28871.70785279	   4036.37944663	  32006.06687917	      0.00000000	      0.00000000	   2041.88538635	     97.41734190	      0.00000000	  15594.86656413	      0.00000000	    909.12198700	   4131.69012419	    136.47648688	      0.00000000	      0.00000000	      0.00000000	      0.00000000	    582.09234300	      0.00000000	      0.00000000	      0.00000000	      0.00000000	      0.00000000	      0.00000000	      0.00000000	      0.00000000	      0.00000000	      0.00000000	      0.00000000	      0.00000000	      0.00000000	      0.00000000	     42.22676407	      0.00000000	      0.00000000	      0.00000000	      0.00000000	      0.00000000	      0.00000000	      0.00000000	   8637.17460484	      0.00000000	  67494.25987679	  31464.85716145	   7025.33925518	  27449.45006205	      0.00000000	      0.00000000	      0.00000000	    770.78573641	      0.00000000	  15256.95215086	      0.00000000	      0.00000000	      0.00000000	  12710.97825051	   5493.81655935	      0.00000000	      0.00000000	      0.00000000	   4044.85305500	      0.00000000	      0.00000000	      0.00000000	      0.00000000	      0.00000000	      0.00000000	      0.00000000	      0.00000000	      0.00000000	      0.00000000	      0.00000000	      0.00000000	      0.00000000	      0.00000000	      1.64901420	 172248.26954751	 143521.54985173	      0.00000000	      0.00000000	   8114.55570302	   2830.23825363
      0.54000000	      0.00000000	      0.00000000	      0.00000000	      0.00000000	      0.00000000	      0.00000000	      0.00000000	  11318.30383789	   2454.59018774	  66225.93452239	  28921.35129189	   4136.16858294	  32259.65626736	      0.00000000	      0.00000000	   2008.99518839	     63.88135882	      0.00000000	  15730.23206568	      0.00000000	    829.22628240	   4117.07683556	    199.41527103	      0.00000000	      0.00000000	      0.00000000	      0.00000000	    108.77051493	      0.00000000	      0.00000000	      0.00000000	      0.00000000	      0.00000000	      0.00000000	      0.00000000	      0.00000000	      0.00000000	      0.00000000	      0.00000000	      0.00000000	      0.00000000	      0.00000000	     40.13066945	      0.00000000	      0.00000000	      0.00000000	      0.00000000	      0.00000000	      0.00000000	      0.00000000	   8580.28039998	      0.00000000	  67562.29650156	  31517.29837716	   7099.66304865	  27256.86286060	      0.00000000	      0.00000000	      0.00000000	    789.79363031	      0.00000000	  15260.83661976	      0.00000000	      0.00000000	      0.00000000	  13086.24830020	   5736.53568846	      0.00000000	      0.00000000	      0.00000000	   4124.07985001	      0.00000000	      0.00000000	      0.00000000	      0.00000000	      0.00000000	      0.00000000	      0.00000000	      0.00000000	      0.00000000	      0.00000000	      0.00000000	      0.00000000	      0.00000000	      0.00000000	      0.95244204	 172926.11605937	 142141.30282958	      0.00000000	      0.00000000	   8290.14164277	   2738.54929167
      0.55600000	      0.00000000	      0.00000000	      0.00000000	      0.00000000	      0.00000000	      0.00000000	      0.00000000	  11497.67503453	   2676.56005105	  67191.88849963	  28943.43564344	   4202.05737066	  32460.07092246	      0.00000000	      0.00000000	   1990.30793963	     41.80328416	      0.00000000	  15831.00372688	      0.00000000	    800.50196462	   4135.59760054	    238.92202210	      0.00000000	      0.00000000	      0.00000000	      0.00000000	     14.80241990	      0.00000000	      0.00000000	      0.00000000	      0.00000000	      0.00000000	      0.00000000	      0.00000000	      0.00000000	      0.00000000	      0.00000000	      0.00000000	      0.00000000	      0.00000000	      0.00000000	     37.75360726	      0.00000000	      0.00000000	      0.00000000	      0.00000000	      0.00000000	      0.00000000	      0.00000000	   8523.14049059	      0.00000000	  67579.36909927	  31561.05781024	   7199.04823095	  27205.24981716	      0.00000000	      0.00000000	      0.00000000	    805.92473242	      0.00000000	  15268.06283309	      0.00000000	      0.00000000	      0.00000000	  13427.55428973	   5957.46576103	      0.00000000	      0.00000000	      0.00000000	   4219.92612085	      0.00000000	      0.00000000	      0.00000000	      0.00000000	      0.00000000	      0.00000000	      0.00000000	      0.00000000	      0.00000000	      0.00000000	      0.00000000	      0.00000000	      0.00000000	      0.00000000	      0.30393238	 173322.57944894	 141176.84034828	      0.00000000	      0.00000000	   8418.10309969	   2684.29603913
      0.57200000	      0.00000000	      0.00000000	      0.00000000	      0.00000000	      0.00000000	      0.00000000	      0.00000000	  11622.06702746	   2833.33396942	  67763.80179023	  28943.92376127	   4222.82432849	  32582.89098616	      0.00000000	      0.00000000	   1988.88463687	     29.60506846	      0.00000000	  15895.62674309	      0.00000000	    831.82636837	   4190.21763618	    226.82282360	      0.00000000	      0.00000000	      0.00000000	      0.00000000	      0.00000000	      0.00000000	      0.00000000	      0.00000000	      0.00000000	      0.00000000	      0.00000000	      0.00000000	      0.00000000	      0.00000000	      0.00000000	      0.00000000	      0.00000000	      0.00000000	      0.00000000	     35.83856441	      0.00000000	      0.00000000	      0.00000000	      0.00000000	      0.00000000	      0.00000000	      0.00000000	   8464.78083994	      0.00000000	  67535.00982586	  31595.40905463	   7330.00838076	  27327.46329934	      0.00000000	      0.00000000	      0.00000000	    818.71732679	      0.00000000	  15279.03552791	      0.00000000	      0.00000000	      0.00000000	  13728.45651501	   6152.63997632	      0.00000000	      0.00000000	      0.00000000	   4337.35953847	      0.00000000	      0.00000000	      0.00000000	      0.00000000	      0.00000000	      0.00000000	      0.00000000	      0.00000000	      0.00000000	      0.00000000	      0.00000000	      0.00000000	      0.00000000	      0.00000000	      0.00000000	 173379.45759947	 140694.39239451	      0.00000000	      0.00000000	   8494.94710914	   2676.26382409
      0.58800000	      0.00000000	      0.00000000	      0.00000000	      0.00000000	      0.00000000	      0.00000000	      0.00000000	  11691.02423637	   2928.61254215	  67985.35085293	  28927.59024815	   4192.66166727	  32612.11704786	      0.00000000	      0.00000000	   2005.75130584	     23.39239776	      0.00000000	  15925.47912917	      0.00000000	    923.94997699	   4278.61118679	    167.54427745	      0.00000000	      0.00000000	      0.00000000	      0.00000000	      0.00000000	      0.00000000	      0.00000000	      0.00000000	      0.00000000	      0.00000000	      0.00000000	      0.00000000	      0.00000000	      0.00000000	      0.00000000	      0.00000000	      0.00000000	      0.00000000	      0.00000000	     35.30974152	      0.00000000	      0.00000000	      0.00000000	      0.00000000	      0.00000000	      0.00000000	      0.00000000	   8404.24670597	      0.00000000	  67423.34089920	  31620.41647910	   7493.94399539	  27631.04104294	      0.00000000	      0.00000000	      0.00000000	    828.16732774	      0.00000000	  15293.49519043	      0.00000000	      0.00000000	      0.00000000	  13986.58919758	   6320.69536215	      0.00000000	      0.00000000	      0.00000000	   4479.12012088	      0.00000000	      0.00000000	      0.00000000	      0.00000000	      0.00000000	      0.00000000	      0.00000000	      0.00000000	      0.00000000	      0.00000000	      0.00000000	      0.00000000	      0.00000000	      0.00000000	      0.00000000	 173078.88938992	 140680.02472356	      0.00000000	      0.00000000	   8526.23958665	   2716.98703949
      0.60400000	      0.00000000	      0.00000000	      0.00000000	      0.00000000	      0.00000000	      0.00000000	      0.00000000	  11707.78794818	   2967.24518865	  67897.44952159	  28897.51741454	   4114.04418864	  32549.04456037	      0.00000000	      0.00000000	   2039.76555991	     20.85124264	      0.00000000	  15923.48289753	      0.00000000	   1069.48051934	   4394.75806850	     95.75661197	      0.00000000	      0.00000000	      0.00000000	      0.00000000	      0.00000000	      0.00000000	      0.00000000	      0.00000000	      0.00000000	      0.00000000	      0.00000000	      0.00000000	      0.00000000	      0.00000000	      0.00000000	      0.00000000	      0.00000000	      0.00000000	      0.00000000	     37.06472123	      0.00000000	      0.00000000	      0.00000000	      0.00000000	      0.00000000	      0.00000000	      0.00000000	   8340.20715024	      0.00000000	  67239.85489966	  31636.76406486	   7684.76665782	  28091.12172548	      0.00000000	      0.00000000	      0.00000000	    834.84377647	      0.00000000	  15309.90365364	      0.00000000	      0.00000000	      0.00000000	  14202.05269194	   6461.81186352	      0.00000000	      0.00000000	      0.00000000	   4647.06208562	      0.00000000	      0.00000000	      0.00000000	      0.00000000	      0.00000000	      0.00000000	      0.00000000	      0.00000000	      0.00000000	      0.00000000	      0.00000000	      0.00000000	      0.00000000	      0.00000000	      0.00000000	 172444.79084494	 141057.88061590	      0.00000000	      0.00000000	   8522.87224581	   2802.54050491
      0.62000000	      0.00000000	      0.00000000	      0.00000000	      0.00000000	      0.00000000	      0.00000000	      0.00000000	  11677.65944795	   2953.38610838	  67533.99045534	  28855.79156185	   3998.29762004	  32413.99708313	      0.00000000	      0.00000000	   2087.51098084	     20.82096749	      0.00000000	  15893.48402675	      0.00000000	   1253.65763241	   4529.84788115	     41.19516156	      0.00000000	      0.00000000	      0.00000000	      0.00000000	      0.00000000	      0.00000000	      0.00000000	      0.00000000	      0.00000000	      0.00000000	      0.00000000	      0.00000000	      0.00000000	      0.00000000	      0.00000000	      0.00000000	      0.00000000	      0.00000000	      0.00000000	     41.95239249	      0.00000000	      0.00000000	      0.00000000	      0.00000000	      0.00000000	      0.00000000	      0.00000000	   8270.43229254	      0.00000000	  66976.66181364	  31645.44926366	   7888.29080692	  28651.82372734	      0.00000000	      0.00000000	      0.00000000	    839.86585723	      0.00000000	  15324.92730353	      0.00000000	      0.00000000	      0.00000000	  14374.65430532	   6575.90877295	      0.00000000	      0.00000000	      0.00000000	   4844.19264674	      0.00000000	      0.00000000	      0.00000000	      0.00000000	      0.00000000	      0.00000000	      0.00000000	      0.00000000	      0.00000000	      0.00000000	      0.00000000	      0.00000000	      0.00000000	      0.00000000	      0.00000000	 171534.28212786	 141726.58390674	      0.00000000	      0.00000000	   8495.93670897	   2924.13662256
      0.63600000	      0.00000000	      0.00000000	      0.00000000	      0.00000000	      0.00000000	      0.00000000	      0.00000000	  11607.21357955	   2890.73357081	  66929.03176113	  28804.83933238	   3863.01462457	  32238.70529854	      0.00000000	      0.00000000	   2143.24204176	     22.76894029	      0.00000000	  15840.11123467	      0.00000000	   1455.81901527	   4672.11011317	     10.13487453	      0.00000000	      0.00000000	      0.00000000	      0.00000000	      5.83509946	      0.00000000	      0.00000000	      0.00000000	      0.00000000	      0.00000000	      0.00000000	      0.00000000	      0.00000000	      0.00000000	      0.00000000	      0.00000000	      0.00000000	      0.00000000	      0.00000000	     50.71551944	      0.00000000	      0.00000000	      0.00000000	      0.00000000	      0.00000000	      0.00000000	      0.00000000	   8191.39820739	      0.00000000	  66617.17606442	  31647.26432378	   8084.09163273	  29237.78154145	      0.00000000	      0.00000000	      0.00000000	    844.66516753	      0.00000000	  15333.23602062	      0.00000000	      0.00000000	      0.00000000	  14500.81741118	   6660.61986772	      0.00000000	      0.00000000	      0.00000000	   5076.44656831	      0.00000000	      0.00000000	      0.00000000	      0.00000000	      0.00000000	      0.00000000	      0.00000000	      0.00000000	      0.00000000	      0.00000000	      0.00000000	      0.00000000	      0.00000000	      0.00000000	      0.00000000	 170419.87464447	 142597.28847705	      0.00000000	      0.00000000	   8452.33695954	   3071.11425120
      0.65200000	      0.00000000	      0.00000000	      0.00000000	      0.00000000	      0.00000000	      0.00000000	      0.00000000	  11503.90654330	   2783.66682954	  66127.15959703	  28748.67855862	   3727.30746645	  32053.30573985	      0.00000000	      0.00000000	   2199.19613758	     26.44862704	      0.00000000	  15768.65624938	      0.00000000	   1651.76566278	   4806.51724517	      0.00000000	      0.00000000	      0.00000000	      0.00000000	      0.00000000	     42.39326958	      0.00000000	      0.00000000	      0.00000000	      0.00000000	      0.00000000	      0.00000000	      0.00000000	      0.00000000	      0.00000000	      0.00000000	      0.00000000	      0.00000000	      0.00000000	      0.00000000	     62.80377709	      0.00000000	      0.00000000	      0.00000000	      0.00000000	      0.00000000	      0.00000000	      0.00000000	   8098.32277707	      0.00000000	  66131.38888681	  31641.99339733	   8249.13134988	  29772.30398749	      0.00000000	      0.00000000	      0.00000000	    850.52062170	      0.00000000	  15327.70757645	      0.00000000	      0.00000000	      0.00000000	  14570.71615925	   6709.42181855	      0.00000000	      0.00000000	      0.00000000	   5353.36615617	      0.00000000	      0.00000000	      0.00000000	      0.00000000	      0.00000000	      0.00000000	      0.00000000	      0.00000000	      0.00000000	      0.00000000	      0.00000000	      0.00000000	      0.00000000	      0.00000000	      0.00000000	 169169.41055973	 143615.88083536	      0.00000000	      0.00000000	   8393.14129241	   3233.93960155
      0.66800000	      0.00000000	      0.00000000	      0.00000000	      0.00000000	      0.00000000	      0.00000000	      0.00000000	  11375.69583622	   2638.16076567	  65189.49433781	  28693.41504747	   3606.85871590	  31874.47236057	      0.00000000	      0.00000000	   2246.53505724	     31.76397040	      0.00000000	  15684.72577890	      0.00000000	   1817.12424670	   4915.56362323	      0.00000000	      0.00000000	      0.00000000	      0.00000000	      0.00000000	    149.07604460	      0.00000000	      0.00000000	      0.00000000	      0.00000000	      0.00000000	      0.00000000	      0.00000000	      0.00000000	      0.00000000	      0.00000000	      0.00000000	      0.00000000	      0.00000000	      0.00000000	     74.77648371	      0.00000000	      0.00000000	      0.00000000	      0.00000000	      0.00000000	      0.00000000	      0.00000000	   7985.85753741	      0.00000000	  65473.10232369	  31627.35635162	   8361.83700784	  30196.02368329	      0.00000000	      0.00000000	      0.00000000	    857.92358851	      0.00000000	  15300.03553601	      0.00000000	      0.00000000	      0.00000000	  14566.30837020	   6710.36932588	      0.00000000	      0.00000000	      0.00000000	   5687.68090416	      0.00000000	      0.00000000	      0.00000000	      0.00000000	      0.00000000	      0.00000000	      0.00000000	      0.00000000	      0.00000000	      0.00000000	      0.00000000	      0.00000000	      0.00000000	      0.00000000	      0.00000000	 167829.93078285	 144761.01675642	      0.00000000	      0.00000000	   8315.34046823	   3406.38966669
      0.68400000	      0.00000000	      0.00000000	      0.00000000	      0.00000000	      0.00000000	      0.00000000	      0.00000000	  11230.68555170	   2462.14648949	  64195.17687089	  28647.09670323	   3510.29405960	  31698.91521223	      0.00000000	      0.00000000	   2276.77653495	     38.97768747	      0.00000000	  15593.83035736	      0.00000000	   1931.32245409	   4981.47333399	      0.00000000	      0.00000000	      0.00000000	      0.00000000	      0.00000000	    460.97986463	      0.00000000	      0.00000000	      0.00000000	      0.00000000	      0.00000000	      0.00000000	      0.00000000	      0.00000000	      0.00000000	      0.00000000	      0.00000000	      0.00000000	      0.00000000	      0.00000000	     84.17032162	      0.00000000	      0.00000000	      0.00000000	      0.00000000	      0.00000000	      0.00000000	      0.00000000	   7849.54911615	      0.00000000	  64581.62491470	  31597.97022789	   8405.81914743	  30481.25890040	      0.00000000	      0.00000000	      0.00000000	    865.92619542	      0.00000000	  15241.83440927	      0.00000000	      0.00000000	      0.00000000	  14461.49460735	   6646.22564389	      0.00000000	      0.00000000	      0.00000000	   6094.88594468	      0.00000000	      0.00000000	      0.00000000	      0.00000000	      0.00000000	      0.00000000	      0.00000000	      0.00000000	      0.00000000	      0.00000000	      0.00000000	      0.00000000	      0.00000000	      0.00000000	      0.00000000	 166416.79137479	 146025.47531885	      0.00000000	      0.00000000	   8215.36463794	   3587.14559994
      0.70000000	      0.00000000	      0.00000000	      0.00000000	      0.00000000	      0.00000000	      0.00000000	      0.00000000	  11076.72381773	   2265.17650475	  63237.19815282	  28619.07850462	   3437.56358491	  31502.96251461	      0.00000000	      0.00000000	   2283.18734246	     49.42079001	      0.00000000	  15500.96467982	      0.00000000	   1981.05878930	   4989.00881363	      0.00000000	      0.00000000	      0.00000000	      0.00000000	      0.00000000	    897.20577782	      0.00000000	      0.00000000	      0.00000000	      0.00000000	      0.00000000	      0.00000000	      0.00000000	      0.00000000	      0.00000000	      0.00000000	      0.00000000	      0.00000000	      0.00000000	      0.00000000	     89.08266803	      0.00000000	      0.00000000	      0.00000000	      0.00000000	      0.00000000	      0.00000000	      0.00000000	   7688.66854133	      0.00000000	  63400.77297441	  31545.89722157	   8373.25437814	  30640.44330689	      0.00000000	      0.00000000	      0.00000000	    872.29460481	      0.00000000	  15147.24422434	      0.00000000	      0.00000000	      0.00000000	  14225.72339770	   6496.81813978	      0.00000000	      0.00000000	      0.00000000	   6586.87264458	      0.00000000	      0.00000000	      0.00000000	      0.00000000	      0.00000000	      0.00000000	      0.00000000	      0.00000000	      0.00000000	      0.00000000	      0.00000000	      0.00000000	      0.00000000	      0.00000000	      0.00000000	 164909.10762529	 147399.59884895	      0.00000000	      0.00000000	   8091.32920020	   3780.70025140
      0.71600000	      0.00000000	      0.00000000	      0.00000000	      0.00000000	      0.00000000	      0.00000000	      0.00000000	  10919.15125396	   2056.43177484	  62393.55458560	  28616.88200559	   3380.54862793	  31246.98268902	      0.00000000	      0.00000000	   2261.53282743	     65.94124204	      0.00000000	  15409.36430823	      0.00000000	   1961.73321537	   4927.41767097	      0.00000000	      0.00000000	      0.00000000	      0.00000000	      0.00000000	   1315.41264785	      0.00000000	      0.00000000	      0.00000000	      0.00000000	      0.00000000	      0.00000000	      0.00000000	      0.00000000	      0.00000000	      0.00000000	      0.00000000	      0.00000000	      0.00000000	      0.00000000	     88.45338947	      0.00000000	      0.00000000	      0.00000000	      0.00000000	      0.00000000	      0.00000000	      0.00000000	   7508.92878487	      0.00000000	  61909.49716284	  31462.89688478	   8267.98491738	  30728.30987502	      0.00000000	      0.00000000	      0.00000000	    874.59501771	      0.00000000	  15016.44695243	      0.00000000	      0.00000000	      0.00000000	  13831.28088105	   6243.75697861	      0.00000000	      0.00000000	      0.00000000	   7160.07408456	      0.00000000	      0.00000000	      0.00000000	      0.00000000	      0.00000000	      0.00000000	      0.00000000	      0.00000000	      0.00000000	      0.00000000	      0.00000000	      0.00000000	      0.00000000	      0.00000000	      0.00000000	 163255.19569934	 148870.89415303	      0.00000000	      0.00000000	   7942.27519783	   3996.55066322
      0.73200000	      0.00000000	      0.00000000	      0.00000000	      0.00000000	      0.00000000	      0.00000000	      0.00000000	  10761.02400496	   1843.06489668	  61712.72063920	  28644.63901200	   3325.91099449	  30883.62621274	      0.00000000	      0.00000000	   2209.96116650	     92.34289506	      0.00000000	  15320.17080018	      0.00000000	   1875.98613065	   4790.65976909	      0.00000000	      0.00000000	      0.00000000	      0.00000000	      0.00000000	   1699.66532639	      0.00000000	      0.00000000	      0.00000000	      0.00000000	      0.00000000	      0.00000000	      0.00000000	      0.00000000	      0.00000000	      0.00000000	      0.00000000	      0.00000000	      0.00000000	      0.00000000	     82.15708043	      0.00000000	      0.00000000	      0.00000000	      0.00000000	      0.00000000	      0.00000000	      0.00000000	   7321.80946635	      0.00000000	  60139.48649721	  31342.41881424	   8107.15753819	  30835.27065052	      0.00000000	      0.00000000	      0.00000000	    871.07061579	      0.00000000	  14855.40148451	      0.00000000	      0.00000000	      0.00000000	  13262.42882926	   5876.34256456	      0.00000000	      0.00000000	      0.00000000	   7787.25365179	      0.00000000	      0.00000000	      0.00000000	      0.00000000	      0.00000000	      0.00000000	      0.00000000	      0.00000000	      0.00000000	      0.00000000	      0.00000000	      0.00000000	      0.00000000	      0.00000000	      2.34435705	 161390.53525660	 150435.64652443	      0.00000000	      0.00000000	   7765.68878443	   4245.95046625
      0.74800000	      0.00000000	      0.00000000	      0.00000000	      0.00000000	      0.00000000	      0.00000000	      0.00000000	  10606.13686863	   1629.34161719	  61212.91781495	  28703.16771654	   3259.85659523	  30369.84910569	      0.00000000	      0.00000000	   2128.40213158	    125.52060606	      0.00000000	  15232.97862699	      0.00000000	   1730.03640137	   4576.47068721	      0.00000000	      0.00000000	      0.00000000	      0.00000000	      0.00000000	   2042.56540311	      0.00000000	      0.00000000	      0.00000000	      0.00000000	      0.00000000	      0.00000000	      0.00000000	      0.00000000	      0.00000000	      0.00000000	      0.00000000	      0.00000000	      0.00000000	      0.00000000	     70.88144691	      0.00000000	      0.00000000	      0.00000000	      0.00000000	      0.00000000	      0.00000000	      0.00000000	   7130.07729870	      0.00000000	  58148.56105811	  31177.60702909	   7919.12222753	  31067.57119269	      0.00000000	      0.00000000	      0.00000000	    858.91691805	      0.00000000	  14679.48144376	      0.00000000	      0.00000000	      0.00000000	  12522.95927540	   5396.48448666	      0.00000000	      0.00000000	      0.00000000	   8425.32150361	      0.00000000	      0.00000000	      0.00000000	      0.00000000	      0.00000000	      0.00000000	      0.00000000	      0.00000000	      0.00000000	      0.00000000	      0.00000000	      0.00000000	      0.00000000	      0.00000000	     10.04032795	 159266.68053658	 152104.26213754	      0.00000000	      0.00000000	   7556.45885112	   4536.82227269
      0.76400000	      0.00000000	      0.00000000	      0.00000000	      0.00000000	      0.00000000	      0.00000000	      0.00000000	  10456.17672290	   1416.93543096	  60892.13140154	  28791.11065418	   3173.79332309	  29681.88498627	      0.00000000	      0.00000000	   2018.10400787	    164.60345407	      0.00000000	  15147.11496554	      0.00000000	   1529.64425261	   4285.57869555	      5.71538087	      0.00000000	      0.00000000	      0.00000000	      0.00000000	   2343.34455967	      0.00000000	      0.00000000	      0.00000000	      0.00000000	      0.00000000	      0.00000000	      0.00000000	      0.00000000	      0.00000000	      0.00000000	      0.00000000	      0.00000000	      0.00000000	      0.00000000	     55.88807834	      0.00000000	      0.00000000	      0.00000000	      0.00000000	      0.00000000	      0.00000000	      0.00000000	   6950.82173587	      0.00000000	  56026.82640205	  30964.38676105	   7736.31162128	  31514.34257081	      0.00000000	      0.00000000	      0.00000000	    835.20764334	      0.00000000	  14491.78360531	      0.00000000	      0.00000000	      0.00000000	  11638.98087386	   4820.61518762	      0.00000000	      0.00000000	      0.00000000	   9018.57307412	      0.00000000	      0.00000000	      0.00000000	      0.00000000	      0.00000000	      0.00000000	      0.00000000	      0.00000000	      0.00000000	      0.00000000	      0.00000000	      0.00000000	      0.00000000	      0.00000000	     32.23806676	 156884.87012056	 153887.18242028	      0.00000000	      0.00000000	   7309.35467631	   4868.56149884
      0.78000000	      0.00000000	      0.00000000	      0.00000000	      0.00000000	      0.00000000	      0.00000000	      0.00000000	  10311.37436552	   1205.91933423	  60736.86006521	  28905.59487635	   3069.09489322	  28829.45190395	      0.00000000	      0.00000000	   1881.61715215	    208.94279908	      0.00000000	  15062.89526968	      0.00000000	   1277.52414369	   3921.88136335	     46.53292200	      0.00000000	      0.00000000	      0.00000000	      0.00000000	   2605.03394668	      0.00000000	      0.00000000	      0.00000000	      0.00000000	      0.00000000	      0.00000000	      0.00000000	      0.00000000	      0.00000000	      0.00000000	      0.00000000	      0.00000000	      0.00000000	      0.00000000	     40.57299459	      0.00000000	      0.00000000	      0.00000000	      0.00000000	      0.00000000	      0.00000000	      0.00000000	   6801.27681319	      0.00000000	  53885.02673551	  30704.14357636	   7584.64128224	  32211.32813656	      0.00000000	      0.00000000	      0.00000000	    798.03365850	      0.00000000	  14308.52362170	      0.00000000	      0.00000000	      0.00000000	  10655.31354891	   4177.54733094	      0.00000000	      0.00000000	      0.00000000	   9526.87721602	      0.00000000	      0.00000000	      0.00000000	      0.00000000	      0.00000000	      0.00000000	      0.00000000	      0.00000000	      0.00000000	      0.00000000	      0.00000000	      0.00000000	      0.00000000	      0.00000000	     82.35510817	 154322.63507251	 155767.37690353	      0.00000000	      0.00000000	   7024.02301914	   5228.97778993
      0.79600000	      0.00000000	      0.00000000	      0.00000000	      0.00000000	      0.00000000	      0.00000000	      0.00000000	  10171.53707043	    996.04861140	  60727.28399168	  29042.31267325	   2958.91736973	  27863.03201072	      0.00000000	      0.00000000	   1723.03736323	    257.13274967	      0.00000000	  14982.34076357	      0.00000000	    973.21398957	   3493.35784644	    193.41698085	      0.00000000	      0.00000000	      0.00000000	      0.00000000	   2832.14168120	      0.00000000	      0.00000000	      0.00000000	      0.00000000	      0.00000000	      0.00000000	      0.00000000	      0.00000000	      0.00000000	      0.00000000	      0.00000000	      0.00000000	      0.00000000	      0.00000000	     28.89010002	      0.00000000	      0.00000000	      0.00000000	      0.00000000	      0.00000000	      0.00000000	      0.00000000	   6694.66116831	      0.00000000	  51846.90427524	  30407.45507526	   7473.49666267	  33117.54298438	      0.00000000	      0.00000000	     11.92064961	    748.82970155	      0.00000000	  14144.52780219	      0.00000000	      0.00000000	      0.00000000	   9625.77564164	   3502.38243973	      0.00000000	      0.00000000	      0.00000000	   9923.31525298	      0.00000000	      0.00000000	      0.00000000	      0.00000000	      0.00000000	      0.00000000	      0.00000000	      0.00000000	      0.00000000	      0.00000000	      0.00000000	      0.00000000	      0.00000000	      3.30912449	    130.38163470	 151739.20787890	 157679.01976529	      0.00000000	      0.00000000	   6709.19756510	   5595.19799949
      0.81200000	      0.00000000	      0.00000000	      0.00000000	      0.00000000	      0.00000000	      0.00000000	      0.00000000	  10036.89383663	    787.89685721	  60840.93906764	  29195.66721434	   2865.81118312	  26868.86479962	      0.00000000	      0.00000000	   1548.06867545	    307.07248174	      0.00000000	  14909.10715994	      0.00000000	    615.20496408	   3012.78323523	    657.47155906	      0.00000000	      0.00000000	      0.00000000	      0.00000000	   3028.76686768	      0.00000000	      0.00000000	      0.00000000	      0.00000000	      0.00000000	      0.00000000	      0.00000000	      0.00000000	      0.00000000	      0.00000000	      0.00000000	      0.00000000	      0.00000000	      0.00000000	     20.65130499	      0.00000000	      0.00000000	      0.00000000	      0.00000000	      0.00000000	      0.00000000	      0.00000000	   6636.66648748	      0.00000000	  50022.08873674	  30092.87375016	   7390.96690757	  34117.90983053	      0.00000000	      0.00000000	    101.63316734	    692.26152590	      0.00000000	  14008.88985617	      0.00000000	      0.00000000	      0.00000000	   8600.08212537	   2828.10129666	      0.00000000	      0.00000000	      0.00000000	  10197.43660135	      0.00000000	      0.00000000	      0.00000000	      0.00000000	      0.00000000	      0.00000000	      0.00000000	      0.00000000	      0.00000000	      0.00000000	      0.00000000	      0.00000000	      0.00000000	     11.63807203	    165.34062988	 149351.26590021	 159508.14886561	      0.00000000	     18.43132805	   6383.26141382	   5938.69147013
      0.82800000	      0.00000000	      0.00000000	      0.00000000	      0.00000000	      0.00000000	      0.00000000	      0.00000000	   9908.42794771	    583.37535490	  61054.93698193	  29359.23067751	   2815.71719573	  25951.22895660	      0.00000000	      0.00000000	   1363.59630692	    356.28292637	      0.00000000	  14847.63549060	      0.00000000	    211.14828758	   2497.29701906	   1239.35345736	      0.00000000	      0.00000000	      0.00000000	      0.00000000	   3197.70805430	      0.00000000	      0.00000000	      0.00000000	      0.00000000	      0.00000000	      0.00000000	      0.00000000	      0.00000000	      0.00000000	      0.00000000	      0.00000000	      0.00000000	      0.00000000	      0.00000000	     15.07661227	      0.00000000	      0.00000000	      0.00000000	      0.00000000	      0.00000000	      0.00000000	      0.00000000	   6625.14702600	      0.00000000	  48481.17264771	  29781.63466697	   7306.95433989	  35052.59528946	      0.00000000	      0.00000000	    373.36868166	    634.10751726	      0.00000000	  13902.88999709	      0.00000000	      0.00000000	      8.57899565	   7612.33112091	   2177.96943652	      0.00000000	      0.00000000	      0.00000000	  10355.55941556	      0.00000000	      4.35572728	      0.00000000	      0.00000000	      0.00000000	      0.00000000	      0.00000000	      0.00000000	      0.00000000	      0.00000000	      0.00000000	      0.00000000	      0.00000000	     18.31512492	    184.26486068	 147383.38078962	 161115.68158921	      0.00000000	     50.82602530	   6070.74972836	   6232.51154040
      0.84400000	      0.00000000	      0.00000000	      0.00000000	      0.00000000	      0.00000000	      0.00000000	      0.00000000	   9787.69356310	    385.52828542	  61347.14941743	  29526.46677755	   2830.73653673	  25207.99965387	      0.00000000	      0.00000000	   1176.83085845	    402.37179233	      0.00000000	  14801.94265305	      0.00000000	     30.61040415	   1966.56907260	   1876.31592902	      0.00000000	      0.00000000	      0.00000000	      0.00000000	   3340.53894858	      0.00000000	      0.00000000	      0.00000000	      0.00000000	      0.00000000	      0.00000000	      0.00000000	      0.00000000	      0.00000000	      0.00000000	      0.00000000	      0.00000000	      0.00000000	      0.00000000	     11.36705228	      0.00000000	      0.00000000	      0.00000000	      0.00000000	      0.00000000	      0.00000000	      0.00000000	   6653.09060530	      0.00000000	  47253.10231614	  29492.64801746	   7182.92952739	  35760.41887297	      0.00000000	      0.00000000	    639.94364725	    579.60449716	      0.00000000	  13821.70906931	      0.00000000	      0.00000000	    472.26573621	   6675.90646701	   1561.92509497	      0.00000000	      0.00000000	      0.00000000	  10413.52039876	    232.98793203	    273.95792901	      0.00000000	      0.00000000	      0.00000000	      0.00000000	      0.00000000	      0.00000000	      0.00000000	      0.00000000	      0.00000000	      0.00000000	      0.00000000	     19.48350370	    187.09077430	 146010.49718979	 162370.82245780	      0.00000000	     60.22787898	   5796.43251022	   6457.87103910
      0.86000000	      0.00000000	      0.00000000	      0.00000000	      0.00000000	      0.00000000	      0.00000000	      0.00000000	   9676.34156802	    211.72900240	  61696.65617955	  29691.45420076	   2923.46635579	  24708.68021714	      0.00000000	      0.00000000	    994.36585716	    443.46421306	      0.00000000	  14774.57738831	      0.00000000	      0.00000000	   1440.18115857	   2551.52796827	      0.00000000	      0.00000000	      0.00000000	      0.00000000	   3458.28361360	      0.00000000	      0.00000000	      0.00000000	      0.00000000	      0.00000000	      0.00000000	      0.00000000	      0.00000000	      0.00000000	      0.00000000	      0.00000000	      0.00000000	      0.00000000	      0.00000000	      8.89525333	      0.00000000	      0.00000000	      0.00000000	      0.00000000	      0.00000000	      0.00000000	      0.00000000	   6712.68191714	      0.00000000	  46334.71701666	  29238.78933326	   6984.06596914	  36118.87415238	      0.00000000	      0.00000000	    875.28640104	    532.19657257	      0.00000000	  13758.22132091	      0.00000000	      0.00000000	   1129.01768968	   5786.49114929	    978.19852410	      0.00000000	      0.00000000	      0.00000000	  10388.54536155	   1001.00450411	   1067.86191949	     23.93084234	      0.00000000	      0.00000000	      0.00000000	      0.00000000	      0.00000000	      0.00000000	      0.00000000	      0.00000000	      0.00000000	      0.00000000	     15.29513807	    176.35745723	 145314.80404827	 163181.64552357	      0.00000000	     33.42394206	   5579.18404799	   6607.81732527
      0.87600000	      0.00000000	      0.00000000	      0.00000000	      0.00000000	      0.00000000	      0.00000000	      0.00000000	   9575.60372201	    114.22087252	  62083.66205633	  29849.39156479	   3094.61084382	  24482.11262396	      0.00000000	      0.00000000	    821.46434710	    478.46343453	      0.00000000	  14766.06308167	      0.00000000	      0.00000000	    935.13048545	   3245.21248281	      8.58815521	      0.00000000	      0.00000000	      0.00000000	   3552.29027967	      0.00000000	      0.00000000	      0.00000000	      0.00000000	      0.00000000	      0.00000000	      0.00000000	      0.00000000	      0.00000000	      0.00000000	      0.00000000	      0.00000000	      0.00000000	      0.00000000	      7.21903017	      0.00000000	      0.00000000	      0.00000000	      0.00000000	      0.00000000	      0.00000000	      0.00000000	   6798.27711681	      0.00000000	  45706.41095037	  29025.95657329	   6689.26402211	  36068.73123588	      0.00000000	      0.00000000	   1074.91212312	    493.26568253	      0.00000000	  13706.80065300	      0.00000000	      0.00000000	   1696.04922558	   4930.90372776	    418.82459078	      0.00000000	      0.00000000	      0.00000000	  10293.58821189	   1567.37443579	   1642.02567481	    119.05226884	      0.00000000	      0.00000000	      0.00000000	      0.00000000	      0.00000000	      0.00000000	      0.00000000	      0.00000000	      0.00000000	      0.00000000	      9.05535641	    156.30606095	 145272.82252044	 163514.87494263	      0.00000000	      2.99386302	   5427.62053755	   6687.22931388
      0.89200000	      0.00000000	      0.00000000	      0.00000000	      0.00000000	      0.00000000	      0.00000000	      0.00000000	   9486.22813157	     62.25588380	  62489.23221066	  29996.85473785	   3334.04622017	  24516.04044282	      0.00000000	      0.00000000	    661.65397353	    507.10917799	      0.00000000	  14774.86882255	      0.00000000	      0.00000000	    463.90758846	   3937.73571487	     69.62701079	      0.00000000	      0.00000000	      0.00000000	   3625.03909465	      0.00000000	      0.00000000	      0.00000000	      0.00000000	      0.00000000	      0.00000000	      0.00000000	      0.00000000	      0.00000000	      0.00000000	      0.00000000	      0.00000000	      0.00000000	      0.00000000	      6.03921167	      0.00000000	      0.00000000	      0.00000000	      0.00000000	      0.00000000	      0.00000000	      0.00000000	   6907.39447036	      0.00000000	  45344.38682682	  28854.03983595	   6296.50345343	  35620.43096180	      0.00000000	      0.00000000	   1240.62938073	    462.30732806	      0.00000000	  13665.50327914	      0.00000000	      0.00000000	   2183.13769567	   4097.20823053	     90.58837020	      0.00000000	      0.00000000	      0.00000000	  10135.77330005	   1893.65909223	   1973.26732007	    234.71448954	      0.00000000	      0.00000000	      0.00000000	      0.00000000	      0.00000000	      0.00000000	      0.00000000	      0.00000000	      0.00000000	      0.00000000	      3.55049816	    131.69724783	 145774.83853683	 163401.98840783	      0.00000000	      0.00000000	   5338.82166255	   6709.58063204
      0.90800000	      0.00000000	      0.00000000	      0.00000000	      0.00000000	      0.00000000	      0.00000000	      0.00000000	   9406.71973058	     33.46378547	  62895.27820149	  30131.89640184	   3624.35017003	  24765.95030786	      0.00000000	      0.00000000	    516.53352338	    529.87820095	      0.00000000	  14797.77593692	      0.00000000	      0.00000000	     79.13172851	   4612.75420360	    255.04141971	      0.00000000	      0.00000000	      0.00000000	   3680.73377772	      0.00000000	      0.00000000	      0.00000000	      0.00000000	      0.00000000	      0.00000000	      0.00000000	      0.00000000	      0.00000000	      0.00000000	      0.00000000	      0.00000000	      0.00000000	      0.00000000	      5.15563686	      0.00000000	      0.00000000	      0.00000000	      0.00000000	      0.00000000	      0.00000000	      0.00000000	   7040.09332131	      0.00000000	  45227.99429606	  28719.05632518	   5823.21725981	  34845.94937489	      0.00000000	      0.00000000	   1378.19915192	    437.46863518	      0.00000000	  13636.35959873	      0.00000000	      0.00000000	   2604.55112820	   3282.12642825	      9.00352037	      0.00000000	      0.00000000	      0.00000000	   9917.48022323	   1998.57306726	   2079.84675166	    288.06009503	      0.00000000	      0.00000000	      0.00000000	      0.00000000	      0.00000000	      0.00000000	      0.00000000	      0.00000000	      0.00000000	      0.00000000	      0.00000000	    106.71244489	 146665.78457663	 162932.74776487	      0.00000000	      0.00000000	   5300.13843254	   6691.71427617
      0.92400000	      0.00000000	      0.00000000	      0.00000000	      0.00000000	      0.00000000	      0.00000000	      0.00000000	   9336.76065236	     16.70149866	  63286.37225395	  30254.19543466	   3945.24452675	  25168.22467693	      0.00000000	      0.00000000	    385.71591299	    547.87451986	      0.00000000	  14830.53578277	      0.00000000	      0.00000000	      2.14424948	   5259.91977775	    654.60718811	      0.00000000	      0.00000000	      0.00000000	   3724.99351909	      0.00000000	      0.00000000	      0.00000000	      0.00000000	      0.00000000	      0.00000000	      0.00000000	      0.00000000	      0.00000000	      0.00000000	      0.00000000	      0.00000000	      0.00000000	      0.00000000	      4.43667593	      0.00000000	      0.00000000	      0.00000000	      0.00000000	      0.00000000	      0.00000000	      0.00000000	   7197.62508901	      0.00000000	  45343.08686918	  28615.56371163	   5302.74271820	  33861.65120505	      0.00000000	      0.00000000	   1494.69693653	    416.30687248	      0.00000000	  13624.30311236	      0.00000000	      0.00000000	   2973.78515890	   2494.06238474	      0.00000000	      0.00000000	      0.00000000	      0.00000000	   9638.50579895	   1894.83079951	   1974.45743615	    235.25848818	      0.00000000	      0.00000000	      0.00000000	      0.00000000	      0.00000000	      0.00000000	      0.00000000	      0.00000000	      0.00000000	      0.00000000	      0.00000000	     84.25201615	 147788.75659722	 162240.04700243	      0.00000000	      0.00000000	   5292.78654759	   6648.63251407
      0.94000000	      0.00000000	      0.00000000	      0.00000000	      0.00000000	      0.00000000	      0.00000000	      0.00000000	   9273.48954305	      6.35860774	  63651.76211926	  30365.02946526	   4277.44272720	  25652.95573569	      0.00000000	      0.00000000	    266.97258519	    562.65472011	      0.00000000	  14868.59174633	      0.00000000	      0.00000000	      0.00000000	   5876.35177028	   1055.66441735	      0.00000000	      0.00000000	      0.00000000	   3764.09066957	      0.00000000	      0.00000000	      0.00000000	      0.00000000	      0.00000000	      0.00000000	      0.00000000	      0.00000000	      0.00000000	      0.00000000	      0.00000000	      0.00000000	      0.00000000	      0.00000000	      3.80140376	      0.00000000	      0.00000000	      0.00000000	      0.00000000	      0.00000000	      0.00000000	      0.00000000	   7381.19874379	      0.00000000	  45682.52343265	  28538.51559897	   4778.18992724	  32806.68849318	      0.00000000	      0.00000000	   1596.44065491	    396.50250814	      0.00000000	  13635.49546137	      0.00000000	     30.07776050	   3300.22634404	   1751.87405311	      0.00000000	      0.00000000	      0.00000000	      0.00000000	   9298.01810454	   1588.90321441	   1663.87108408	    124.83817617	      0.00000000	      0.00000000	      0.00000000	      0.00000000	      0.00000000	      0.00000000	      0.00000000	      0.00000000	      0.00000000	      0.00000000	      0.00000000	     65.77208267	 149012.43785227	 161480.26298908	      0.00000000	      0.00000000	   5295.62111590	   6590.69711333
      0.95600000	      0.00000000	      0.00000000	      0.00000000	      0.00000000	      0.00000000	      0.00000000	      0.00000000	   9213.57106795	      0.00000000	  63986.46458772	  30466.89578800	   4604.84700838	  26153.60855069	      0.00000000	      0.00000000	    156.83498381	    575.97160838	      0.00000000	  14907.71023190	      0.00000000	      0.00000000	      0.00000000	   6465.84246400	   1438.91327323	      0.00000000	      0.00000000	      0.00000000	   3803.88394141	      0.00000000	      0.00000000	      0.00000000	      0.00000000	      0.00000000	      0.00000000	      0.00000000	      0.00000000	      0.00000000	      0.00000000	      0.00000000	      0.00000000	      0.00000000	      0.00000000	      3.20795020	      0.00000000	      0.00000000	      0.00000000	      0.00000000	      0.00000000	      0.00000000	      0.00000000	   7591.37222642	      0.00000000	  46244.83799524	  28484.09000701	   4294.94799870	  31820.40713018	      0.00000000	      0.00000000	   1687.97720440	    376.32865207	      0.00000000	  13675.69630512	      0.00000000	    279.07926464	   3588.22496934	   1080.30504164	      0.00000000	      0.00000000	      0.00000000	      0.00000000	   8895.48030269	   1082.04490782	   1149.95381196	     32.51565966	      0.00000000	      0.00000000	      0.00000000	      0.00000000	      0.00000000	      0.00000000	      0.00000000	      0.00000000	      0.00000000	      0.00000000	      0.00000000	     51.62903970	 150234.03896932	 160811.30567304	      0.00000000	      0.00000000	   5288.31321562	   6524.56989823
      0.97200000	      0.00000000	      0.00000000	      0.00000000	      0.00000000	      0.00000000	      0.00000000	      0.00000000	   9153.97813569	      0.00000000	  64290.79344653	  30562.77078604	   4914.84108101	  26612.69054700	      0.00000000	      0.00000000	     80.58607002	    589.46229661	      0.00000000	  14944.41483606	      0.00000000	      0.00000000	      0.00000000	   7035.52751518	   1808.90144408	      0.00000000	      0.00000000	      0.00000000	   3848.68837473	      0.00000000	      0.00000000	      0.00000000	      0.00000000	      0.00000000	      0.00000000	      0.00000000	      0.00000000	      0.00000000	      0.00000000	      0.00000000	      0.00000000	      0.00000000	      0.00000000	      2.64233547	      0.00000000	      0.00000000	      0.00000000	      0.00000000	      0.00000000	      0.00000000	      0.00000000	   7828.10107178	      0.00000000	  47031.68057794	  28449.49378645	   3893.15844784	  31021.99197830	      0.00000000	      0.00000000	   1772.14104310	    354.80052564	      0.00000000	  13749.06447760	      0.00000000	    730.85039540	   3838.30429005	    503.62305048	      0.00000000	      0.00000000	      0.00000000	      0.00000000	   8430.47619453	    375.50972630	    431.92490574	      0.00000000	      0.00000000	      0.00000000	      0.00000000	      0.00000000	      0.00000000	      0.00000000	      0.00000000	      0.00000000	      0.00000000	      0.00000000	      0.00000000	     42.66742354	 151364.44161377	 160369.26695321	      0.00000000	      0.00000000	   5254.17810382	   6456.80416452
      0.98800000	      0.00000000	      0.00000000	      0.00000000	      0.00000000	      0.00000000	      0.00000000	      0.00000000	   9092.70004630	      0.00000000	  64568.66434219	  30655.28985550	   5197.51607204	  26984.34074288	      0.00000000	      0.00000000	     39.79458038	    604.36902745	      0.00000000	  14976.20200408	      0.00000000	      0.00000000	      0.00000000	   7591.65829166	   2169.63264309	      0.00000000	      0.00000000	      0.00000000	   3900.50299741	      0.00000000	      0.00000000	      0.00000000	      0.00000000	      0.00000000	      0.00000000	      0.00000000	      0.00000000	      0.00000000	      0.00000000	      0.00000000	      0.00000000	      0.00000000	      0.00000000	      2.10671596	      0.00000000	      0.00000000	      0.00000000	      0.00000000	      0.00000000	      0.00000000	      0.00000000	   8091.03623881	      0.00000000	  48044.55474275	  28432.25567806	   3601.57769433	  30495.05389384	      0.00000000	      0.00000000	   1850.67892252	    331.57357838	      0.00000000	  13857.48882478	      0.00000000	   1080.73736178	   4049.40440680	    142.78499181	      0.00000000	      0.00000000	      0.00000000	      0.00000000	   7902.08198191	     29.73646346	     41.27379142	      0.00000000	      0.00000000	      0.00000000	      0.00000000	      0.00000000	      0.00000000	      0.00000000	      0.00000000	      0.00000000	      0.00000000	      0.00000000	      0.00000000	     37.68320955	 152311.29449930	 160247.27960527	      0.00000000	      0.00000000	   5182.77429737	   6397.23068236
      1.00400000	      0.00000000	      0.00000000	      0.00000000	      0.00000000	      0.00000000	      0.00000000	      0.00000000	   9029.05807591	      0.00000000	  64825.64857331	  30746.21611008	   5445.20680511	  27235.90352844	      0.00000000	      0.00000000	     17.49220579	    621.38689747	      0.00000000	  15001.61364701	      0.00000000	      0.00000000	      0.00000000	   8136.94224163	   2522.90516505	      0.00000000	      0.00000000	      0.00000000	   3958.93753060	      0.00000000	      0.00000000	      0.00000000	      0.00000000	      0.00000000	      0.00000000	      0.00000000	      0.00000000	      0.00000000	      0.00000000	      0.00000000	      0.00000000	      0.00000000	      0.00000000	      1.60895791	      0.00000000	      0.00000000	      0.00000000	      0.00000000	      0.00000000	      0.00000000	      0.00000000	   8379.54979464	      0.00000000	  49281.27715307	  28429.68426329	   3433.78818574	  30278.30233960	      0.00000000	      0.00000000	   1924.72782382	    306.72277418	      0.00000000	  14000.30757275	      0.00000000	   1322.74504512	   4220.79843504	     46.08291160	      0.00000000	      0.00000000	      0.00000000	      0.00000000	   7308.67789063	      0.00000000	      0.00000000	      0.00000000	      0.00000000	      0.00000000	      0.00000000	      0.00000000	      0.00000000	      0.00000000	      0.00000000	      0.00000000	      0.00000000	      0.00000000	      0.00000000	     35.49348539	 152974.43305089	 160483.45770257	      0.00000000	      0.00000000	   5071.35769422	   6359.70132722
      1.02000000	      0.00000000	      0.00000000	      0.00000000	      0.00000000	      0.00000000	      0.00000000	      0.00000000	   8963.54884620	      0.00000000	  65067.18969816	  30836.28741118	   5652.97618723	  27349.93853001	      0.00000000	      0.00000000	      5.31558864	    640.65190244	      0.00000000	  15020.23390413	      0.00000000	      0.00000000	      0.00000000	   8670.30611970	   2868.17623712	      0.00000000	      0.00000000	      0.00000000	   4021.87945916	      0.00000000	      0.00000000	      0.00000000	      0.00000000	      0.00000000	      0.00000000	      0.00000000	      0.00000000	      0.00000000	      0.00000000	      0.00000000	      0.00000000	      0.00000000	      0.00000000	      1.15503122	      0.00000000	      0.00000000	      0.00000000	      0.00000000	      0.00000000	      0.00000000	      0.00000000	   8692.27790489	      0.00000000	  50731.54129539	  28438.68116606	   3386.98996351	  30362.47543513	      0.00000000	      0.00000000	   1994.77248984	    280.39400879	      0.00000000	  14174.20042565	      0.00000000	   1461.41772457	   4353.00776440	     16.89102446	      0.00000000	      0.00000000	      0.00000000	      0.00000000	   6649.03310952	      0.00000000	      0.00000000	      0.00000000	      0.00000000	      0.00000000	      0.00000000	      0.00000000	      0.00000000	      0.00000000	      0.00000000	      0.00000000	      0.00000000	      0.00000000	      0.00000000	     35.69738619	 153258.57132007	 161061.77268046	      0.00000000	      0.00000000	   4924.26990662	   6359.71659446
      1.03600000	      0.00000000	      0.00000000	      0.00000000	      0.00000000	      0.00000000	      0.00000000	      0.00000000	   8897.37364853	      0.00000000	  65297.05399225	  30925.32106065	   5819.58716339	  27326.11422056	      0.00000000	      0.00000000	      0.00000000	    661.82985134	      0.00000000	  15032.60246782	      0.00000000	      0.00000000	      0.00000000	   9188.23809662	   3203.40400666	      0.00000000	      0.00000000	      0.00000000	   4086.60664574	      0.00000000	      0.00000000	      0.00000000	      0.00000000	      0.00000000	      0.00000000	      0.00000000	      0.00000000	      0.00000000	      0.00000000	      0.00000000	      0.00000000	      0.00000000	      0.00000000	      0.74503442	      0.00000000	      0.00000000	      0.00000000	      0.00000000	      0.00000000	      0.00000000	      0.00000000	   9026.33592437	     33.23678986	  52373.96973729	  28456.24908117	   3443.36823825	  30694.48137656	      0.00000000	      0.00000000	   2060.25867786	    252.68660846	      0.00000000	  14373.26782049	      0.00000000	   1510.85077267	   4447.95534938	      7.26113210	      0.00000000	      0.00000000	      0.00000000	      0.00000000	   5924.17222017	      0.00000000	      0.00000000	      0.00000000	      0.00000000	      0.00000000	      0.00000000	      0.00000000	      0.00000000	      0.00000000	      0.00000000	      0.00000000	      0.00000000	      0.00000000	      0.00000000	     38.35173765	 153096.87980054	 161923.59967109	      0.00000000	      0.00000000	   4750.55773626	   6410.22895621
      1.05200000	      0.00000000	      0.00000000	      0.00000000	      0.00000000	      0.00000000	      0.00000000	      0.00000000	   8831.85649268	      0.00000000	  65516.47846633	  31012.50714261	   5948.22383155	  27181.33277441	      0.00000000	      0.00000000	      0.00000000	    684.27976153	      0.00000000	  15040.02487887	      0.00000000	      0.00000000	      0.00000000	   9686.84046572	   3526.31705430	      0.00000000	      0.00000000	      0.00000000	   4150.89524852	      0.00000000	      0.00000000	      0.00000000	      0.00000000	      0.00000000	      0.00000000	      0.00000000	      0.00000000	      0.00000000	      0.00000000	      0.00000000	      0.00000000	      0.00000000	      0.00000000	      0.37325932	      0.00000000	      0.00000000	      0.00000000	      0.00000000	      0.00000000	      0.00000000	      0.00000000	   9376.56731347	    157.70065322	  54174.42711761	  28480.16964206	   3574.11397781	  31190.02983819	      0.00000000	      0.00000000	   2119.28918823	    223.64176540	      0.00000000	  14589.37510928	      0.00000000	   1491.77669059	   4508.80403735	      5.25130683	      0.00000000	      0.00000000	      0.00000000	      0.00000000	   5139.36166913	      0.00000000	      0.00000000	      0.00000000	      0.00000000	      0.00000000	      0.00000000	      0.00000000	      0.00000000	      0.00000000	      0.00000000	      0.00000000	      0.00000000	      0.00000000	      0.00000000	     43.76056729	 152473.83896809	 162985.97583725	      0.00000000	      0.00000000	   4560.83971513	   6517.42562470
      1.06800000	      0.00000000	      0.00000000	      0.00000000	      0.00000000	      0.00000000	      0.00000000	      0.00000000	   8767.92029410	      0.00000000	  65724.23428260	  31096.81242458	   6046.51021344	  26947.16753083	      0.00000000	      0.00000000	      0.00000000	    707.25423948	      0.00000000	  15044.29579701	      0.00000000	      0.00000000	      0.00000000	  10163.96218885	   3835.72203538	      0.00000000	      0.00000000	      0.00000000	   4213.83435114	      0.00000000	      0.00000000	      0.00000000	      0.00000000	      0.00000000	      0.00000000	      0.00000000	      0.00000000	      0.00000000	      0.00000000	      0.00000000	      0.00000000	      0.00000000	      0.00000000	      0.03128686	      0.00000000	      0.00000000	      0.00000000	      0.00000000	      0.00000000	      0.00000000	      0.00000000	   9735.10523943	    521.79813298	  56085.47919628	  28509.42206655	   3745.69461454	  31753.50370139	      0.00000000	      0.00000000	   2168.74163584	    193.27278917	      0.00000000	  14812.81657011	      0.00000000	   1427.03803741	   4539.66469774	      7.68968919	      0.00000000	      0.00000000	      0.00000000	      0.00000000	   4305.80038918	      0.00000000	      0.00000000	      0.00000000	      0.00000000	      0.00000000	      0.00000000	      0.00000000	      0.00000000	      0.00000000	      0.00000000	      0.00000000	      0.00000000	      0.00000000	      0.00000000	     52.22600268	 151437.90439655	 164162.80962248	      0.00000000	      0.00000000	   4364.35237620	   6677.96329918
      1.08400000	      0.00000000	      0.00000000	      0.00000000	      0.00000000	      0.00000000	      0.00000000	      0.00000000	   8705.77897650	      0.00000000	  65917.14366985	  31177.31311930	   6125.70285940	  26665.19902228	      0.00000000	      0.00000000	      0.00000000	    730.06313347	      0.00000000	  15047.38761921	      0.00000000	      0.00000000	      0.00000000	  10620.56202582	   4132.32513128	      0.00000000	      0.00000000	      0.00000000	   4276.24164815	      0.00000000	      0.00000000	      0.00000000	      0.00000000	      0.00000000	      0.00000000	      0.00000000	      0.00000000	      0.00000000	      0.00000000	      0.00000000	      0.00000000	      0.00000000	      0.00000000	      0.00000000	      0.00000000	      0.00000000	      0.00000000	      0.00000000	      0.00000000	      0.00000000	      0.00000000	  10091.32880250	    936.07637881	  58052.96400013	  28544.95498763	   3926.87828172	  32299.67951190	      0.00000000	      0.00000000	   2204.93636841	    162.27066497	      0.00000000	  15033.31020484	      0.00000000	   1336.80246178	   4545.27405774	     14.11364087	      0.00000000	      0.00000000	      0.00000000	      0.00000000	   3440.00228270	      0.00000000	      0.00000000	      0.00000000	      0.00000000	      0.00000000	      0.00000000	      0.00000000	      0.00000000	      0.00000000	      0.00000000	      0.00000000	      0.00000000	      0.00000000	      0.00000000	     62.85956873	 150099.49269776	 165382.47130961	      0.00000000	      0.00000000	   4167.12729214	   6878.61557539
      1.10000000	      0.00000000	      0.00000000	      0.00000000	      0.00000000	      0.00000000	      0.00000000	      0.00000000	   8644.96765282	      0.00000000	  66090.98634250	  31253.34690273	   6199.29245509	  26381.88602814	      0.00000000	      0.00000000	      0.00000000	    752.15575842	      0.00000000	  15051.21425911	      0.00000000	      0.00000000	      0.00000000	  11060.69456931	   4418.69611964	      0.00000000	      0.00000000	      0.00000000	   4340.41048644	      0.00000000	      0.00000000	      0.00000000	      0.00000000	      0.00000000	      0.00000000	      0.00000000	      0.00000000	      0.00000000	      0.00000000	      0.00000000	      0.00000000	      0.00000000	      0.00000000	      0.00000000	      0.00000000	      0.00000000	      0.00000000	      0.00000000	      0.00000000	      0.00000000	      0.00000000	  10432.46581544	   1344.07927974	  60019.06352437	  28588.81244131	   4094.24859667	  32769.66015256	      0.00000000	      0.00000000	   2224.72923281	    131.99994760	      0.00000000	  15240.93110446	      0.00000000	   1235.64166070	   4530.81904017	     25.18378133	      0.00000000	      0.00000000	      0.00000000	      0.00000000	   2565.14979183	      0.00000000	      0.00000000	      0.00000000	      0.00000000	      0.00000000	      0.00000000	      0.00000000	      0.00000000	      0.00000000	      0.00000000	      0.00000000	      0.00000000	      0.00000000	      0.00000000	     73.10197918	 148615.44385970	 166593.77173502	      0.00000000	      0.00000000	   3972.17933560	   7098.45645119
      1.11600000	      0.00000000	      0.00000000	      0.00000000	      0.00000000	      0.00000000	      0.00000000	      0.00000000	   8584.66869230	      0.00000000	  66241.37661753	  31324.45031553	   6281.34356775	  26144.20255457	      0.00000000	      0.00000000	      0.00000000	    773.10326304	      0.00000000	  15057.49836801	      0.00000000	      0.00000000	      0.00000000	  11490.09538857	   4698.36862579	      0.00000000	      0.00000000	      0.00000000	   4409.35809068	      0.00000000	      0.00000000	      0.00000000	      0.00000000	      0.00000000	      0.00000000	      0.00000000	      0.00000000	      0.00000000	      0.00000000	      0.00000000	      0.00000000	      0.00000000	      0.00000000	      0.00000000	      0.00000000	      0.00000000	      0.00000000	      0.00000000	      0.00000000	      0.00000000	      0.00000000	  10744.62955495	   1730.09988803	  61913.68731712	  28641.24858414	   4234.35462376	  33135.56484320	      0.00000000	      0.00000000	   2226.69162446	    103.42835248	      0.00000000	  15427.91891842	      0.00000000	   1132.89154876	   4502.07003513	     42.13376549	      0.00000000	      0.00000000	      0.00000000	      0.00000000	   1721.02665882	      0.00000000	      0.00000000	      0.00000000	      0.00000000	      0.00000000	      0.00000000	      0.00000000	      0.00000000	      0.00000000	      0.00000000	      0.00000000	      0.00000000	      0.00000000	      0.00000000	     81.31333773	 147164.81549799	 167757.63793934	      0.00000000	      0.00000000	   3781.78185737	   7312.80892800
      1.13200000	      0.00000000	      0.00000000	      0.00000000	      0.00000000	      0.00000000	      0.00000000	      0.00000000	   8524.14040256	      0.00000000	  66364.08073031	  31390.15220141	   6384.60136192	  25995.67066881	      0.00000000	      0.00000000	      0.00000000	    792.52401378	      0.00000000	  15067.65502356	      0.00000000	      0.00000000	      0.00000000	  11913.66239433	   4974.26734619	      0.00000000	      0.00000000	      0.00000000	   4485.98743713	      0.00000000	      0.00000000	      0.00000000	      0.00000000	      0.00000000	      0.00000000	      0.00000000	      0.00000000	      0.00000000	      0.00000000	      0.00000000	      0.00000000	      0.00000000	      0.00000000	      0.00000000	      0.00000000	      0.00000000	      0.00000000	      0.00000000	      0.00000000	      0.00000000	      0.00000000	  11016.02318618	   2076.97922940	  63650.67501207	  28698.96904244	   4342.18783791	  33394.26855978	      0.00000000	      0.00000000	   2211.98346332	     76.57957636	      0.00000000	  15589.25139391	      0.00000000	   1035.67678290	   4465.76951322	     66.18051692	      0.00000000	      0.00000000	      0.00000000	      0.00000000	    948.18195921	      0.00000000	      0.00000000	      0.00000000	      0.00000000	      0.00000000	      0.00000000	      0.00000000	      0.00000000	      0.00000000	      0.00000000	      0.00000000	      0.00000000	      0.00000000	      0.00000000	     86.26018121	 145920.60982030	 168830.66709096	      0.00000000	      0.00000000	   3600.64977102	   7497.93463911
      1.14800000	      0.00000000	      0.00000000	      0.00000000	      0.00000000	      0.00000000	      0.00000000	      0.00000000	   8462.99473327	      0.00000000	  66454.44719009	  31449.76825872	   6518.33759954	  25971.62035111	      0.00000000	      0.00000000	      0.00000000	    810.02832883	      0.00000000	  15082.58035137	      0.00000000	      0.00000000	      0.00000000	  12332.56805379	   5246.92578921	      0.00000000	      0.00000000	      0.00000000	   4572.65070969	      0.00000000	      0.00000000	      0.00000000	      0.00000000	      0.00000000	      0.00000000	      0.00000000	      0.00000000	      0.00000000	      0.00000000	      0.00000000	      0.00000000	      0.00000000	      0.00000000	      0.00000000	      0.00000000	      0.00000000	      0.00000000	      0.00000000	      0.00000000	      0.00000000	      0.00000000	  11245.25899091	   2368.40704823	  65113.10672789	  28753.25296491	   4417.41787289	  33555.67941609	      0.00000000	      0.00000000	   2184.58945051	     53.85391981	      0.00000000	  15723.34628215	      0.00000000	    952.15786332	   4429.85046828	     97.08290123	      0.00000000	      0.00000000	      0.00000000	      0.00000000	    297.09806320	      0.00000000	      0.00000000	      0.00000000	      0.00000000	      0.00000000	      0.00000000	      0.00000000	      0.00000000	      0.00000000	      0.00000000	      0.00000000	      0.00000000	      0.00000000	      0.00000000	     87.42397616	 145021.41722854	 169752.05346848	      0.00000000	      0.00000000	   3438.09176152	   7635.54961051
      1.16400000	      0.00000000	      0.00000000	      0.00000000	      0.00000000	      0.00000000	      0.00000000	      0.00000000	   8401.17047214	      0.00000000	  66506.36752999	  31502.35567853	   6686.35946827	  26093.59180518	      0.00000000	      0.00000000	      0.00000000	    825.24303114	      0.00000000	  15102.35667702	      0.00000000	      0.00000000	      0.00000000	  12742.30858507	   5513.30964302	      0.00000000	      0.00000000	      0.00000000	   4671.29585162	      0.00000000	      0.00000000	      0.00000000	      0.00000000	      0.00000000	      0.00000000	      0.00000000	      0.00000000	      0.00000000	      0.00000000	      0.00000000	      0.00000000	      0.00000000	      0.00000000	      0.00000000	      0.00000000	      0.00000000	      0.00000000	      0.00000000	      0.00000000	      0.00000000	      0.00000000	  11425.90300187	   2594.84498998	  66228.32529816	  28798.27266244	   4460.62282279	  33632.17027660	      0.00000000	      0.00000000	   2150.74266299	     37.94043777	      0.00000000	  15825.17108913	      0.00000000	    892.59368572	   4402.95290974	    130.48635031	      0.00000000	      0.00000000	      0.00000000	      0.00000000	     65.52294584	      0.00000000	      0.00000000	      0.00000000	      0.00000000	      0.00000000	      0.00000000	      0.00000000	      0.00000000	      0.00000000	      0.00000000	      0.00000000	      0.00000000	      0.00000000	      0.00000000	     85.18640921	 144548.42797398	 170442.63176999	      0.00000000	      0.00000000	   3307.76809489	   7716.18611810
      1.18000000	      0.00000000	      0.00000000	      0.00000000	      0.00000000	      0.00000000	      0.00000000	      0.00000000	   8338.64394744	      0.00000000	  66511.57432454	  31546.87901693	   6885.91085702	  26364.44528293	      0.00000000	      0.00000000	      0.00000000	    837.91754984	      0.00000000	  15126.00530831	      0.00000000	      0.00000000	      0.00000000	  13132.77432913	   5766.90856861	      0.00000000	      0.00000000	      0.00000000	   4783.95918246	      0.00000000	      0.00000000	      0.00000000	      0.00000000	      0.00000000	      0.00000000	      0.00000000	      0.00000000	      0.00000000	      0.00000000	      0.00000000	      0.00000000	      0.00000000	      0.00000000	      0.00000000	      0.00000000	      0.00000000	      0.00000000	      0.00000000	      0.00000000	      0.00000000	      0.00000000	  11554.18716891	   2755.58151696	  66996.69334102	  28833.20914898	   4471.27791733	  33633.17076772	      0.00000000	      0.00000000	   2117.65182216	     27.92192719	      0.00000000	  15894.19558634	      0.00000000	    867.68864513	   4393.17907049	    155.92299104	      0.00000000	      0.00000000	      0.00000000	      0.00000000	     12.10932992	      0.00000000	      0.00000000	      0.00000000	      0.00000000	      0.00000000	      0.00000000	      0.00000000	      0.00000000	      0.00000000	      0.00000000	      0.00000000	      0.00000000	      0.00000000	      0.00000000	     80.80929368	 144513.70394846	 170816.13468807	      0.00000000	      0.00000000	   3225.25109423	   7740.53940661
      1.19600000	      0.00000000	      0.00000000	      0.00000000	      0.00000000	      0.00000000	      0.00000000	      0.00000000	   8275.04077169	      0.00000000	  66459.58103188	  31582.48315324	   7107.89082509	  26766.18335258	      0.00000000	      0.00000000	      0.00000000	    848.05675963	      0.00000000	  15151.39869791	      0.00000000	      0.00000000	      0.00000000	  13490.28242179	   5999.03694135	      0.00000000	      0.00000000	      0.00000000	   4913.26219572	      0.00000000	      0.00000000	      0.00000000	      0.00000000	      0.00000000	      0.00000000	      0.00000000	      0.00000000	      0.00000000	      0.00000000	      0.00000000	      0.00000000	      0.00000000	      0.00000000	      0.00000000	      0.00000000	      0.00000000	      0.00000000	      0.00000000	      0.00000000	      0.00000000	      0.00000000	  11630.95950552	   2855.42124524	  67444.89820692	  28857.62445553	   4448.05539716	  33565.30402988	      0.00000000	      0.00000000	   2091.95336517	     22.21376322	      0.00000000	  15932.22740149	      0.00000000	    885.57709768	   4406.59859791	    160.29861884	      0.00000000	      0.00000000	      0.00000000	      0.00000000	      0.00000000	      0.00000000	      0.00000000	      0.00000000	      0.00000000	      0.00000000	      0.00000000	      0.00000000	      0.00000000	      0.00000000	      0.00000000	      0.00000000	      0.00000000	      0.00000000	      0.00000000	     76.18794868	 144862.96713572	 170796.04698450	      0.00000000	      0.00000000	   3204.70089440	   7718.50956940
      1.21200000	      0.00000000	      0.00000000	      0.00000000	      0.00000000	      0.00000000	      0.00000000	      0.00000000	   8209.29132308	      0.00000000	  66337.81292689	  31608.70173357	   7338.26340776	  27261.64501598	      0.00000000	      0.00000000	      0.00000000	    856.00866359	      0.00000000	  15175.33475979	      0.00000000	      0.00000000	      0.00000000	  13800.49787531	   6200.65472238	      0.00000000	      0.00000000	      0.00000000	   5062.78005594	      0.00000000	      0.00000000	      0.00000000	      0.00000000	      0.00000000	      0.00000000	      0.00000000	      0.00000000	      0.00000000	      0.00000000	      0.00000000	      0.00000000	      0.00000000	      0.00000000	      0.00000000	      0.00000000	      0.00000000	      0.00000000	      0.00000000	      0.00000000	      0.00000000	      0.00000000	  11660.16000342	   2901.61262191	  67605.12732028	  28870.66680706	   4390.73199752	  33435.70825962	      0.00000000	      0.00000000	   2078.36353054	     19.41743108	      0.00000000	  15942.16442753	      0.00000000	    949.16918510	   4446.02540502	    138.23807330	      0.00000000	      0.00000000	      0.00000000	      0.00000000	      0.00000000	      0.00000000	      0.00000000	      0.00000000	      0.00000000	      0.00000000	      0.00000000	      0.00000000	      0.00000000	      0.00000000	      0.00000000	      0.00000000	      0.00000000	      0.00000000	      0.00000000	     73.40922212	 145493.60204659	 170331.01844815	      0.00000000	      0.00000000	   3255.96643326	   7665.98116801
      1.22800000	      0.00000000	      0.00000000	      0.00000000	      0.00000000	      0.00000000	      0.00000000	      0.00000000	   8139.38655522	      0.00000000	  66131.16432689	  31625.46649570	   7560.33016625	  27800.46304796	      0.00000000	      0.00000000	      0.00000000	    862.44779699	      0.00000000	  15193.71833715	      0.00000000	      0.00000000	      0.00000000	  14051.00494463	   6363.93301168	      0.00000000	      0.00000000	      0.00000000	   5237.38880423	      0.00000000	      0.00000000	      0.00000000	      0.00000000	      0.00000000	      0.00000000	      0.00000000	      0.00000000	      0.00000000	      0.00000000	      0.00000000	      0.00000000	      0.00000000	      0.00000000	      0.00000000	      0.00000000	      0.00000000	      0.00000000	      0.00000000	      0.00000000	      0.00000000	      0.00000000	  11647.50114045	   2901.50294643	  67509.44414065	  28871.71657725	   4302.26688937	  33254.99000081	      0.00000000	      0.00000000	   2078.77586186	     18.64936898	      0.00000000	  15927.39935474	      0.00000000	   1054.68781699	   4510.11220942	     98.92802981	      0.00000000	      0.00000000	      0.00000000	      0.00000000	      0.00000000	      0.00000000	      0.00000000	      0.00000000	      0.00000000	      0.00000000	      0.00000000	      0.00000000	      0.00000000	      0.00000000	      0.00000000	      0.00000000	      0.00000000	      0.00000000	      0.00000000	     74.20560123	 146287.09758710	 169405.17143146	      0.00000000	      0.00000000	   3382.72233557	   7599.47208193
      1.24400000	      0.00000000	      0.00000000	      0.00000000	      0.00000000	      0.00000000	      0.00000000	      0.00000000	   8062.26538516	      0.00000000	  65820.49245542	  31632.84227217	   7757.69129746	  28329.46283450	      0.00000000	      0.00000000	      0.00000000	    868.21239237	      0.00000000	  15201.84188175	      0.00000000	      0.00000000	      0.00000000	  14232.71880587	   6483.07664395	      0.00000000	      0.00000000	      0.00000000	   5443.72268169	      0.00000000	      0.00000000	      0.00000000	      0.00000000	      0.00000000	      0.00000000	      0.00000000	      0.00000000	      0.00000000	      0.00000000	      0.00000000	      0.00000000	      0.00000000	      0.00000000	      0.00000000	      0.00000000	      0.00000000	      0.00000000	      0.00000000	      0.00000000	      0.00000000	      0.00000000	  11599.34184022	   2861.12955776	  67189.93430659	  28861.23656738	   4189.70259991	  33036.83885879	      0.00000000	      0.00000000	   2091.78901709	     19.45498020	      0.00000000	  15891.51143196	      0.00000000	   1191.29429551	   4592.47683334	     58.87699645	      0.00000000	      0.00000000	      0.00000000	      0.00000000	      3.13654554	      0.00000000	      0.00000000	      0.00000000	      0.00000000	      0.00000000	      0.00000000	      0.00000000	      0.00000000	      0.00000000	      0.00000000	      0.00000000	      0.00000000	      0.00000000	      0.00000000	     79.44753406	 147149.42649970	 168042.08078163	      0.00000000	      0.00000000	   3581.64948956	   7529.83829422
      1.26000000	      0.00000000	      0.00000000	      0.00000000	      0.00000000	      0.00000000	      0.00000000	      0.00000000	   7973.94419516	      0.00000000	  65380.27535449	  31630.45382927	   7917.59475934	  28806.47758495	      0.00000000	      0.00000000	      0.00000000	    873.97871157	      0.00000000	  15194.79186569	      0.00000000	      0.00000000	      0.00000000	  14339.76107482	   6554.19249627	      0.00000000	      0.00000000	      0.00000000	   5690.68277159	      0.00000000	      0.00000000	      0.00000000	      0.00000000	      0.00000000	      0.00000000	      0.00000000	      0.00000000	      0.00000000	      0.00000000	      0.00000000	      0.00000000	      0.00000000	      0.00000000	      0.00000000	      0.00000000	      0.00000000	      0.00000000	      0.00000000	      0.00000000	      0.00000000	      0.00000000	  11521.81198382	   2784.77434830	  66682.98553949	  28841.72659864	   4063.18241028	  32793.26819371	      0.00000000	      0.00000000	   2112.61569293	     21.69845269	      0.00000000	  15838.09988582	      0.00000000	   1341.65695531	   4680.91357161	     29.04688481	      0.00000000	      0.00000000	      0.00000000	      0.00000000	     23.38474775	      0.00000000	      0.00000000	      0.00000000	      0.00000000	      0.00000000	      0.00000000	      0.00000000	      0.00000000	      0.00000000	      0.00000000	      0.00000000	      0.00000000	      0.00000000	      0.00000000	     88.83556227	 148043.71567122	 166300.75233812	      0.00000000	      0.00000000	   3842.81358646	   7457.78052740
      1.27600000	      0.00000000	      0.00000000	      0.00000000	      0.00000000	      0.00000000	      0.00000000	      0.00000000	   7870.05838026	      0.00000000	  64776.65352033	  31616.67876611	   8033.66665577	  29213.47778760	      0.00000000	      0.00000000	      0.00000000	    879.83032115	      0.00000000	  15167.92895334	      0.00000000	      0.00000000	      0.00000000	  14367.72283686	   6574.16504174	      0.00000000	      0.00000000	      0.00000000	   5989.79623525	      0.00000000	      0.00000000	      0.00000000	      0.00000000	      0.00000000	      0.00000000	      0.00000000	      0.00000000	      0.00000000	      0.00000000	      0.00000000	      0.00000000	      0.00000000	      0.00000000	      0.00000000	      0.00000000	      0.00000000	      0.00000000	      0.00000000	      0.00000000	      0.00000000	      0.00000000	  11420.18998337	   2675.18597700	  66033.59745258	  28818.36087476	   3933.26269244	  32527.28742711	      0.00000000	      0.00000000	   2133.51212707	     25.55626367	      0.00000000	  15770.56312876	      0.00000000	   1483.87366694	   4757.54593078	     11.06446108	      0.00000000	      0.00000000	      0.00000000	      0.00000000	     73.94957146	      0.00000000	      0.00000000	      0.00000000	      0.00000000	      0.00000000	      0.00000000	      0.00000000	      0.00000000	      0.00000000	      0.00000000	      0.00000000	      0.00000000	      0.00000000	      0.00000000	    100.91716828	 148998.38140460	 164262.75548897	      0.00000000	      0.00000000	   4151.61539378	   7373.66390396
      1.29200000	      0.00000000	      0.00000000	      0.00000000	      0.00000000	      0.00000000	      0.00000000	      0.00000000	   7747.09875757	      0.00000000	  63970.80791323	  31588.18202839	   8106.67564311	  29563.01622927	      0.00000000	      0.00000000	      0.00000000	    885.04394710	      0.00000000	  15117.57424146	      0.00000000	      0.00000000	      0.00000000	  14310.80972095	   6538.85079709	      0.00000000	      0.00000000	      0.00000000	   6353.14799977	      0.00000000	      0.00000000	      0.00000000	      0.00000000	      0.00000000	      0.00000000	      0.00000000	      0.00000000	      0.00000000	      0.00000000	      0.00000000	      0.00000000	      0.00000000	      0.00000000	      0.00000000	      0.00000000	      0.00000000	      0.00000000	      0.00000000	      0.00000000	      0.00000000	      0.00000000	  11298.67479074	   2534.28751607	  65296.03265784	  28798.74792287	   3807.72775664	  32227.54205154	      0.00000000	      0.00000000	   2144.96152040	     31.65492670	      0.00000000	  15691.85276922	      0.00000000	   1595.03372102	   4800.94914657	      1.86910599	      0.00000000	      0.00000000	      0.00000000	      0.00000000	    202.91785682	      0.00000000	      0.00000000	      0.00000000	      0.00000000	      0.00000000	      0.00000000	      0.00000000	      0.00000000	      0.00000000	      0.00000000	      0.00000000	      0.00000000	      0.00000000	      0.58902501	    113.44890724	 150086.01727161	 162014.59951015	      0.00000000	      0.00000000	   4491.94117790	   7261.77147383
      1.30800000	      0.00000000	      0.00000000	      0.00000000	      0.00000000	      0.00000000	      0.00000000	      0.00000000	   7604.18171835	      0.00000000	  62927.86701059	  31540.01579096	   8143.03441881	  29894.96008565	      0.00000000	      0.00000000	      0.00000000	    888.20836387	      0.00000000	  15041.82575809	      0.00000000	      0.00000000	      0.00000000	  14159.32369172	   6441.51999723	      0.00000000	      0.00000000	      0.00000000	   6789.19049364	      0.00000000	      0.00000000	      0.00000000	      0.00000000	      0.00000000	      0.00000000	      0.00000000	      0.00000000	      0.00000000	      0.00000000	      0.00000000	      0.00000000	      0.00000000	      0.00000000	      0.00000000	      0.00000000	      0.00000000	      0.00000000	      0.00000000	      0.00000000	      0.00000000	      0.00000000	  11160.71762858	   2364.28264995	  64531.01271172	  28791.72604991	   3689.60311476	  31869.22264587	      0.00000000	      0.00000000	   2137.54436037	     41.42692587	      0.00000000	  15604.46645282	      0.00000000	   1655.54544177	   4790.11097479	      0.00000000	      0.00000000	      0.00000000	      0.00000000	      0.00000000	    517.30904680	      0.00000000	      0.00000000	      0.00000000	      0.00000000	      0.00000000	      0.00000000	      0.00000000	      0.00000000	      0.00000000	      0.00000000	      0.00000000	      0.00000000	      0.00000000	      2.20032829	    123.98445454	 151384.72015055	 159632.38577383	      0.00000000	      0.00000000	   4849.27870586	   7106.73563900
      1.32400000	      0.00000000	      0.00000000	      0.00000000	      0.00000000	      0.00000000	      0.00000000	      0.00000000	   7445.08424765	      0.00000000	  61632.75489487	  31466.68794031	   8152.22899587	  30265.77280943	      0.00000000	      0.00000000	      0.00000000	    887.83830988	      0.00000000	  14941.77432074	      0.00000000	      0.00000000	      0.00000000	  13899.40513157	   6272.77605496	      0.00000000	      0.00000000	      0.00000000	   7295.83313826	      0.00000000	      0.00000000	      0.00000000	      0.00000000	      0.00000000	      0.00000000	      0.00000000	      0.00000000	      0.00000000	      0.00000000	      0.00000000	      0.00000000	      0.00000000	      0.00000000	      0.00000000	      0.00000000	      0.00000000	      0.00000000	      0.00000000	      0.00000000	      0.00000000	      0.00000000	  11009.76983710	   2168.82702670	  63802.06844019	  28805.75793078	   3577.34539656	  31421.49038841	      0.00000000	      0.00000000	   2103.92355312	     57.95355317	      0.00000000	  15510.80742562	      0.00000000	   1652.46848541	   4708.63009624	      0.00000000	      0.00000000	      0.00000000	      0.00000000	      0.00000000	    903.65914545	      0.00000000	      0.00000000	      0.00000000	      0.00000000	      0.00000000	      0.00000000	      0.00000000	      0.00000000	      0.00000000	      0.00000000	      0.00000000	      0.00000000	      0.00000000	      3.32605833	    130.47483505	 152941.60903187	 157173.05329555	      0.00000000	      0.00000000	   5212.71934283	   6899.19834102
      1.34000000	      0.00000000	      0.00000000	      0.00000000	      0.00000000	      0.00000000	      0.00000000	      0.00000000	   7274.11896711	      0.00000000	  60097.02493795	  31362.69425564	   8144.45541798	  30734.32364654	      0.00000000	      0.00000000	      0.00000000	    882.56685528	      0.00000000	  14820.02024413	      0.00000000	      0.00000000	      0.00000000	  13516.06139825	   6022.59841845	      0.00000000	      0.00000000	      0.00000000	   7856.45789896	      0.00000000	      0.00000000	      0.00000000	      0.00000000	      0.00000000	      0.00000000	      0.00000000	      0.00000000	      0.00000000	      0.00000000	      0.00000000	      0.00000000	      0.00000000	      0.00000000	      0.00000000	      0.00000000	      0.00000000	      0.00000000	      0.00000000	      0.00000000	      0.00000000	      0.00000000	  10849.61774160	   1953.17731257	  63161.88473767	  28846.47186765	   3466.96710298	  30857.93726045	      0.00000000	      0.00000000	   2040.19543521	     86.76347117	      0.00000000	  15413.21680199	      0.00000000	   1580.49553781	   4547.35801744	      6.06545051	      0.00000000	      0.00000000	      0.00000000	      0.00000000	   1286.58933719	      0.00000000	      0.00000000	      0.00000000	      0.00000000	      0.00000000	      0.00000000	      0.00000000	      0.00000000	      0.00000000	      0.00000000	      0.00000000	      0.00000000	      0.00000000	      3.54850211	    131.68646788	 154753.40300916	 154674.15187452	      0.00000000	      0.00000000	   5575.29825188	   6638.69106856
      1.35600000	      0.00000000	      0.00000000	      0.00000000	      0.00000000	      0.00000000	      0.00000000	      0.00000000	   7094.62828914	      0.00000000	  58350.72517975	  31221.83099801	   8128.64353248	  31346.39459977	      0.00000000	      0.00000000	      0.00000000	    870.34176712	      0.00000000	  14685.44433699	      0.00000000	      0.00000000	      0.00000000	  12998.78935213	   5684.04390920	      0.00000000	      0.00000000	      0.00000000	   8441.48116446	      0.00000000	      0.00000000	      0.00000000	      0.00000000	      0.00000000	      0.00000000	      0.00000000	      0.00000000	      0.00000000	      0.00000000	      0.00000000	      0.00000000	      0.00000000	      0.00000000	      3.24740386	      0.00000000	      0.00000000	      0.00000000	      0.00000000	      0.00000000	      0.00000000	      0.00000000	  10684.43758204	   1723.74855629	  62645.40923499	  28915.52633430	   3355.18301967	  30166.43489892	      0.00000000	      0.00000000	   1946.19641329	    124.63497437	      0.00000000	  15314.16932904	      0.00000000	   1440.47488948	   4304.82300997	     25.58231047	      0.00000000	      0.00000000	      0.00000000	      0.00000000	   1653.41579123	      0.00000000	      0.00000000	      0.00000000	      0.00000000	      0.00000000	      0.00000000	      0.00000000	      0.00000000	      0.00000000	      0.00000000	      0.00000000	      0.00000000	      0.00000000	      2.77079985	    127.35165088	 156766.70600810	 152164.18965635	      0.00000000	      0.00000000	   5932.47503443	   6333.40085279
      1.37200000	      0.00000000	      0.00000000	      0.00000000	      0.00000000	      0.00000000	      0.00000000	      0.00000000	   6919.53593903	      0.00000000	  56452.49504978	  31039.65993105	   8110.38543967	  32119.34417212	      0.00000000	      0.00000000	      0.00000000	    849.16884564	      0.00000000	  14536.59224723	      0.00000000	      0.00000000	      0.00000000	  12347.64835836	   5257.21314134	      0.00000000	      0.00000000	      0.00000000	   9007.39553743	      0.00000000	      0.00000000	      0.00000000	      0.00000000	      0.00000000	      0.00000000	      0.00000000	      0.00000000	      0.00000000	      0.00000000	      0.00000000	      0.00000000	      0.00000000	      0.00000000	     16.07666020	      0.00000000	      0.00000000	      0.00000000	      0.00000000	      0.00000000	      0.00000000	      0.00000000	  10517.33520641	   1487.27554669	  62269.94617410	  29010.99665205	   3242.50004620	  29356.27543765	      0.00000000	      0.00000000	   1824.89115303	    168.07574106	      0.00000000	  15216.49839791	      0.00000000	   1236.57016272	   3986.04982789	     82.45453098	      0.00000000	      0.00000000	      0.00000000	      0.00000000	   1993.82928581	      0.00000000	      0.00000000	      0.00000000	      0.00000000	      0.00000000	      0.00000000	      0.00000000	      0.00000000	      0.00000000	      0.00000000	      0.00000000	      0.00000000	      0.00000000	      1.26580602	    118.07634741	 158890.55507573	 149682.07820633	      0.00000000	      0.00000000	   6279.37069595	   5997.88493667
      1.38800000	      0.00000000	      0.00000000	      0.00000000	      0.00000000	      0.00000000	      0.00000000	      0.00000000	   6763.28466648	      0.00000000	  54482.54941185	  30815.34524570	   8089.58079681	  33029.95380964	      0.00000000	      0.00000000	      0.00000000	    817.59210320	      0.00000000	  14382.55599733	      0.00000000	      0.00000000	      0.00000000	  11576.91686577	   4751.62814787	      0.00000000	      0.00000000	      0.00000000	   9517.82418314	      0.00000000	      0.00000000	      0.00000000	      0.00000000	      0.00000000	      0.00000000	      0.00000000	      0.00000000	      0.00000000	      0.00000000	      0.00000000	      0.00000000	      0.00000000	      0.00000000	     58.16441282	      0.00000000	      0.00000000	      0.00000000	      0.00000000	      0.00000000	      0.00000000	      0.00000000	  10353.78816338	   1249.96135618	  62038.24994713	  29128.52347600	   3135.15982851	  28461.37922308	      0.00000000	      0.00000000	   1681.33347272	    215.54354525	      0.00000000	  15123.48029845	      0.00000000	    973.76000764	   3600.97583752	    269.18467322	      0.00000000	      0.00000000	      0.00000000	      0.00000000	   2300.77130387	      0.00000000	      0.00000000	      0.00000000	      0.00000000	      0.00000000	      0.00000000	      0.00000000	      0.00000000	      0.00000000	      0.00000000	      0.00000000	      0.00000000	      0.00000000	      0.00000000	    105.08620661	 161011.16099282	 147296.42573881	      0.00000000	      0.00000000	   6608.51136070	   5650.28598753
      1.40400000	      0.00000000	      0.00000000	      0.00000000	      0.00000000	      0.00000000	      0.00000000	      0.00000000	   6638.68330792	      0.00000000	  52538.71414362	  30554.73486736	   8058.40757884	  34010.02866097	      0.00000000	      0.00000000	      0.20205187	    776.14649217	      0.00000000	  14232.97026303	      0.00000000	      0.00000000	      0.00000000	  10714.04270285	   4185.53372945	      0.00000000	      0.00000000	      0.00000000	   9944.61392118	      0.00000000	      0.00000000	      0.00000000	      0.00000000	      0.00000000	      0.00000000	      0.00000000	      0.00000000	      0.00000000	      0.00000000	      0.00000000	      0.00000000	      0.00000000	      1.37900161	    118.82015483	      0.00000000	      0.00000000	      0.00000000	      0.00000000	      0.00000000	      0.00000000	      0.00000000	  10197.33592392	   1017.03338530	  61942.33231041	  29262.50330715	   3045.13209486	  27538.62633004	      0.00000000	      0.00000000	   1521.69817294	    265.00657897	      0.00000000	  15038.73759911	      0.00000000	    656.98700604	   3163.36945434	    722.29081915	      0.00000000	      0.00000000	      0.00000000	      0.00000000	   2570.52269445	      0.00000000	      0.00000000	      0.00000000	      0.00000000	      0.00000000	      0.00000000	      0.00000000	      0.00000000	      0.00000000	      0.00000000	      0.00000000	      0.00000000	      0.00000000	      0.00000000	     89.90068045	 163003.48677274	 145112.00575509	      0.00000000	      0.00000000	   6909.86075415	   5310.04750775
      1.42000000	      0.00000000	      0.00000000	      0.00000000	      0.00000000	      0.00000000	      0.00000000	      0.00000000	   6553.66448996	      0.00000000	  50722.25573519	  30271.32414731	   8000.99220396	  34953.98301063	      0.00000000	      0.00000000	     30.64168623	    728.13300222	      0.00000000	  14095.44408631	      0.00000000	      0.00000000	      0.00000000	   9793.79392328	   3582.04659003	      0.00000000	      0.00000000	      0.00000000	  10270.49099111	      0.00000000	      0.00000000	      0.00000000	      0.00000000	      0.00000000	      0.00000000	      0.00000000	      0.00000000	      0.00000000	      0.00000000	      0.00000000	      0.00000000	      0.00000000	     11.88527192	    166.14499043	      0.00000000	      0.00000000	      0.00000000	      0.00000000	      0.00000000	      0.00000000	      0.00000000	  10050.70257396	    792.74918358	  61966.92145069	  29406.97506612	   2988.02814093	  26660.68825890	      0.00000000	      0.00000000	   1352.56208006	    314.18646271	      0.00000000	  14965.94479364	      0.00000000	    291.94550034	   2690.17575660	   1248.50235390	      0.00000000	      0.00000000	      0.00000000	      0.00000000	   2802.16782031	      0.00000000	      0.00000000	      0.00000000	      0.00000000	      0.00000000	      0.00000000	      0.00000000	      0.00000000	      0.00000000	      0.00000000	      0.00000000	      0.00000000	      0.00000000	      0.00000000	     74.01579352	 164742.26621490	 143256.89182411	      0.00000000	      0.00000000	   7173.28429852	   4995.96048935
      1.43600000	      0.00000000	      0.00000000	      0.00000000	      0.00000000	      0.00000000	      0.00000000	      0.00000000	   6509.91808931	      0.00000000	  49113.51403101	  29982.65758373	   7896.06995817	  35739.48599328	      0.00000000	      0.00000000	    170.98018336	    678.12176035	      0.00000000	  13973.43833851	      0.00000000	      0.00000000	      0.00000000	   8850.00285055	   2963.69819615	      0.00000000	      0.00000000	      0.00000000	  10492.41032292	      0.00000000	      0.00000000	      0.00000000	      0.00000000	      0.00000000	      0.00000000	      0.00000000	      0.00000000	      0.00000000	      0.00000000	      0.00000000	      0.00000000	      0.00000000	     23.03967699	    195.02609639	      0.00000000	      0.00000000	      0.00000000	      0.00000000	      0.00000000	      0.00000000	      0.00000000	   9915.65630523	    580.53009427	  62092.45817970	  29556.24564437	   2979.52748188	  25903.54246011	      0.00000000	      0.00000000	   1180.29600251	    360.84156270	      0.00000000	  14908.34502108	      0.00000000	     59.56700172	   2200.37620656	   1822.45946825	      0.00000000	      0.00000000	      0.00000000	      0.00000000	   2996.86398347	      0.00000000	      0.00000000	      0.00000000	      0.00000000	      0.00000000	      0.00000000	      0.00000000	      0.00000000	      0.00000000	      0.00000000	      0.00000000	      0.00000000	      0.00000000	      0.00000000	     58.65960805	 166118.54099794	 141854.14491879	      0.00000000	      0.00000000	   7391.71257132	   4723.77444990
      1.45200000	      0.00000000	      0.00000000	      0.00000000	      0.00000000	      0.00000000	      0.00000000	      0.00000000	   6504.37575472	      0.00000000	  47762.09055142	  29705.96601539	   7722.53178306	  36256.47468637	      0.00000000	      0.00000000	    419.66063038	    630.58209593	      0.00000000	  13866.67945287	      0.00000000	      0.00000000	      0.00000000	   7908.41936357	   2347.67611959	      0.00000000	      0.00000000	      0.00000000	  10617.65461750	     69.59943034	     88.15815153	      0.00000000	      0.00000000	      0.00000000	      0.00000000	      0.00000000	      0.00000000	      0.00000000	      0.00000000	      0.00000000	      0.00000000	      0.00000000	     27.45492399	    203.72996038	      0.00000000	      0.00000000	      0.00000000	      0.00000000	      0.00000000	      0.00000000	      0.00000000	   9793.12766273	    382.94323660	  62297.91332365	  29705.38875839	   3031.41956867	  25330.95340869	      0.00000000	      0.00000000	   1010.45530856	    403.11151209	      0.00000000	  14868.18890708	      0.00000000	      1.72932461	   1712.74784832	   2429.68338313	      0.00000000	      0.00000000	      0.00000000	      0.00000000	   3157.15599721	      0.00000000	      0.00000000	      0.00000000	      0.00000000	      0.00000000	      0.00000000	      0.00000000	      0.00000000	      0.00000000	      0.00000000	      0.00000000	      0.00000000	      0.00000000	      0.00000000	     45.35968922	 167061.45267610	 140988.99588803	      0.00000000	      0.00000000	   7562.99667772	   4503.43609670
      1.46800000	      0.00000000	      0.00000000	      0.00000000	      0.00000000	      0.00000000	      0.00000000	      0.00000000	   6532.27301034	      0.00000000	  46687.15839337	  29454.06757320	   7465.92472168	  36434.40330797	      0.00000000	      0.00000000	    645.63125149	    588.60172282	      0.00000000	  13773.30141906	      0.00000000	      0.00000000	    259.87989987	   6983.60336954	   1743.70776538	      0.00000000	      0.00000000	      0.00000000	  10657.50794659	    683.10259318	    746.04285691	      0.00000000	      0.00000000	      0.00000000	      0.00000000	      0.00000000	      0.00000000	      0.00000000	      0.00000000	      0.00000000	      0.00000000	      0.00000000	     22.56080229	    194.01060376	      0.00000000	      0.00000000	      0.00000000	      0.00000000	      0.00000000	      0.00000000	      0.00000000	   9683.45179419	    214.44556804	  62562.99596776	  29850.56475770	   3148.62627384	  24981.02708498	      0.00000000	      0.00000000	    847.28800376	    439.81955008	      0.00000000	  14846.29510428	      0.00000000	      0.00000000	   1243.08688657	   3055.68321590	      1.99334881	      0.00000000	      0.00000000	      0.00000000	   3286.49248905	      0.00000000	      0.00000000	      0.00000000	      0.00000000	      0.00000000	      0.00000000	      0.00000000	      0.00000000	      0.00000000	      0.00000000	      0.00000000	      0.00000000	      0.00000000	      0.00000000	     35.98150326	 167555.12028134	 140684.69634919	      0.00000000	      0.00000000	   7689.77382399	   4337.29904246
      1.48400000	      0.00000000	      0.00000000	      0.00000000	      0.00000000	      0.00000000	      0.00000000	      0.00000000	   6589.86118701	      0.00000000	  45885.93226535	  29233.47413312	   7123.23887594	  36257.39924167	      0.00000000	      0.00000000	    844.59439597	    553.34159399	      0.00000000	  13692.27342673	      0.00000000	      0.00000000	    856.62860747	   6080.65979333	   1155.14483697	      0.00000000	      0.00000000	      0.00000000	  10621.76702432	   1405.57569508	   1477.89480951	     81.83608768	      0.00000000	      0.00000000	      0.00000000	      0.00000000	      0.00000000	      0.00000000	      0.00000000	      0.00000000	      0.00000000	      0.00000000	     13.24291174	    170.39875246	      0.00000000	      0.00000000	      0.00000000	      0.00000000	      0.00000000	      0.00000000	      0.00000000	   9585.73698835	    119.89317606	  62869.46195635	  29989.11071413	   3328.32941465	  24860.31626755	      0.00000000	      0.00000000	    693.51950822	    470.60164737	      0.00000000	  14841.92716626	      0.00000000	      0.00000000	    802.07981068	   3687.55239114	     42.29603787	      0.00000000	      0.00000000	      0.00000000	   3388.91583936	      0.00000000	      0.00000000	      0.00000000	      0.00000000	      0.00000000	      0.00000000	      0.00000000	      0.00000000	      0.00000000	      0.00000000	      0.00000000	      0.00000000	      0.00000000	      0.00000000	     29.40929196	 167639.95063345	 140897.18770016	      0.00000000	      0.00000000	   7777.97842796	   4220.57626041
      1.50000000	      0.00000000	      0.00000000	      0.00000000	      0.00000000	      0.00000000	      0.00000000	      0.00000000	   6675.55414687	      0.00000000	  45344.70969198	  29045.04157614	   6704.26808976	  35763.33049341	      0.00000000	      0.00000000	   1018.11957711	    524.27421138	      0.00000000	  13624.78566191	      0.00000000	      0.00000000	   1378.71498580	   5199.94751569	    582.04693075	      0.00000000	      0.00000000	      0.00000000	  10516.34786746	   1893.36808023	   1972.97173664	    234.57954947	      0.00000000	      0.00000000	      0.00000000	      0.00000000	      0.00000000	      0.00000000	      0.00000000	      0.00000000	      0.00000000	      0.00000000	      4.96619537	    138.93474583	      0.00000000	      0.00000000	      0.00000000	      0.00000000	      0.00000000	      0.00000000	      0.00000000	   9499.88036949	     68.38484519	  63201.67851278	  30119.45807474	   3561.33410153	  24947.15753191	      0.00000000	      0.00000000	    550.42312129	    495.82460292	      0.00000000	  14853.02421334	      0.00000000	      0.00000000	    394.53954640	   4315.16214221	    157.01655654	      0.00000000	      0.00000000	      0.00000000	   3468.83078306	      0.00000000	      0.00000000	      0.00000000	      0.00000000	      0.00000000	      0.00000000	      0.00000000	      0.00000000	      0.00000000	      0.00000000	      0.00000000	      0.00000000	      0.00000000	      0.00000000	     24.66203464	 167397.91570984	 141529.51440149	      0.00000000	      0.00000000	   7834.92932639	   4143.86862554
      1.51600000	      0.00000000	      0.00000000	      0.00000000	      0.00000000	      0.00000000	      0.00000000	      0.00000000	   6789.60362808	      0.00000000	  45046.85595054	  28885.88711646	   6229.59569543	  35030.33947235	      0.00000000	      0.00000000	   1171.36955786	    499.69558610	      0.00000000	  13574.19752092	      0.00000000	      0.00000000	   1840.28876569	   4341.84250396	    141.34285986	      0.00000000	      0.00000000	      0.00000000	  10343.68061662	   2490.47353775	   2245.80526162	    653.76314488	      0.00000000	      0.00000000	      0.00000000	      0.00000000	      0.00000000	      0.00000000	      0.00000000	      0.00000000	      0.00000000	      0.00000000	      0.00000000	    105.69604480	      0.00000000	      0.00000000	      0.00000000	      0.00000000	      0.00000000	      0.00000000	      0.00000000	   9424.53499156	     38.89228979	  63546.67030431	  30240.93911637	   3834.69467272	  25201.20402514	      0.00000000	      0.00000000	    418.10158744	    516.35461265	      0.00000000	  14876.65392531	      0.00000000	      0.00000000	     73.34845725	   4931.53426072	    463.55558433	      0.00000000	      0.00000000	      0.00000000	   3530.77614855	      0.00000000	      0.00000000	      0.00000000	      0.00000000	      0.00000000	      0.00000000	      0.00000000	      0.00000000	      0.00000000	      0.00000000	      0.00000000	      0.00000000	      0.00000000	      0.00000000	     21.06266918	 166929.82669107	 142457.35793637	      0.00000000	      0.00000000	   7867.62431050	   4096.48475110
      1.53200000	      0.00000000	      0.00000000	      0.00000000	      0.00000000	      0.00000000	      0.00000000	      0.00000000	   6933.10663052	      0.00000000	  44977.98009509	  28751.66630835	   5726.52183611	  34157.77915751	      0.00000000	      0.00000000	   1310.53862540	    477.41595863	      0.00000000	  13545.09269378	      0.00000000	      0.00000000	   2256.98181673	   3509.75046097	     20.86999607	      0.00000000	      0.00000000	      0.00000000	  10104.11678748	   2559.61511930	   2308.94050989	    730.71603979	      0.00000000	      0.00000000	      0.00000000	      0.00000000	      0.00000000	      0.00000000	      0.00000000	      0.00000000	      0.00000000	      0.00000000	      0.00000000	     75.52709408	      0.00000000	      0.00000000	      0.00000000	      0.00000000	      0.00000000	      0.00000000	      0.00000000	   9358.05199934	     21.14416591	  63893.94794257	  30353.53760084	   4134.34011953	  25574.24541152	      0.00000000	      0.00000000	    295.87470518	    533.28217999	      0.00000000	  14909.51217578	      0.00000000	      0.00000000	      4.27676118	   5532.37835312	    856.12092906	      0.00000000	      0.00000000	      0.00000000	   3579.13366465	      0.00000000	      0.00000000	      0.00000000	      0.00000000	      0.00000000	      0.00000000	      0.00000000	      0.00000000	      0.00000000	      0.00000000	      0.00000000	      0.00000000	      0.00000000	      0.00000000	     18.16626913	 166333.37265109	 143554.24073962	      0.00000000	      0.00000000	   7881.66421305	   4069.22408605
      1.54800000	      0.00000000	      0.00000000	      0.00000000	      0.00000000	      0.00000000	      0.00000000	      0.00000000	   7107.11591741	      0.00000000	  45128.58355915	  28638.31404213	   5224.53131487	  33247.90916561	      0.00000000	      0.00000000	   1440.95878509	    455.36949795	      0.00000000	  13542.13158725	      0.00000000	      0.00000000	   2641.53056118	   2711.03510054	      0.00000000	      0.00000000	      0.00000000	      0.00000000	   9797.20929305	   2408.56222860	   2170.91221089	    565.06085350	      0.00000000	      0.00000000	      0.00000000	      0.00000000	      0.00000000	      0.00000000	      0.00000000	      0.00000000	      0.00000000	      0.00000000	      0.00000000	     51.36761792	      0.00000000	      0.00000000	      0.00000000	      0.00000000	      0.00000000	      0.00000000	      0.00000000	   9298.71249517	      9.95164197	  64235.42238750	  30457.66312825	   4446.84135001	  26018.27388466	      0.00000000	      0.00000000	    182.63177876	    547.70291833	      0.00000000	  14948.32298852	      0.00000000	      0.00000000	      0.00000000	   6115.23133449	   1236.66618219	      0.00000000	      0.00000000	      0.00000000	   3617.78804553	      0.00000000	      0.00000000	      0.00000000	      0.00000000	      0.00000000	      0.00000000	      0.00000000	      0.00000000	      0.00000000	      0.00000000	      0.00000000	      0.00000000	      0.00000000	      0.00000000	     15.69833664	 165688.42211307	 144707.56269657	      0.00000000	      0.00000000	   7881.16256070	   4055.79036376
      1.56400000	      0.00000000	      0.00000000	      0.00000000	      0.00000000	      0.00000000	      0.00000000	      0.00000000	   7312.21232366	      0.00000000	  45494.80032497	  28542.88918955	   4751.48914364	  32392.25336667	      0.00000000	      0.00000000	   1566.21408751	    431.99623089	      0.00000000	  13569.17856879	      0.00000000	      4.39681768	   3001.73390740	   1956.36389987	      0.00000000	      0.00000000	      0.00000000	      0.00000000	   9422.34729716	   1758.09056191	   1835.59815777	    178.65790562	      0.00000000	      0.00000000	      0.00000000	      0.00000000	      0.00000000	      0.00000000	      0.00000000	      0.00000000	      0.00000000	      0.00000000	      0.00000000	     37.04249673	      0.00000000	      0.00000000	      0.00000000	      0.00000000	      0.00000000	      0.00000000	      0.00000000	   9244.91688138	      2.59475476	  64565.33173117	  30553.98577560	   4760.04901800	  26489.14827719	      0.00000000	      0.00000000	     95.25043389	    560.60181810	      0.00000000	  14990.04913787	      0.00000000	      0.00000000	      0.00000000	   6678.57559235	   1604.07912866	      0.00000000	      0.00000000	      0.00000000	   3649.86447292	      0.00000000	      0.00000000	      0.00000000	      0.00000000	      0.00000000	      0.00000000	      0.00000000	      0.00000000	      0.00000000	      0.00000000	      0.00000000	      0.00000000	      0.00000000	      0.00000000	     13.50523065	 165052.62265372	 145822.26890500	      0.00000000	      0.00000000	   7869.69023671	   4052.71457064
      1.58000000	      0.00000000	      0.00000000	      0.00000000	      0.00000000	      0.00000000	      0.00000000	      0.00000000	   7548.43594787	      0.00000000	  46078.02449078	  28463.74462751	   4331.01042097	  31663.07888772	      0.00000000	      0.00000000	   1687.99353485	    406.41588946	      0.00000000	  13628.82314911	      0.00000000	    111.80044408	   3340.08399426	   1258.51859666	      0.00000000	      0.00000000	      0.00000000	      0.00000000	   8978.86773955	   1232.43002166	   1302.34675737	     52.03772766	      0.00000000	      0.00000000	      0.00000000	      0.00000000	      0.00000000	      0.00000000	      0.00000000	      0.00000000	      0.00000000	      0.00000000	      0.00000000	     29.87488991	      0.00000000	      0.00000000	      0.00000000	      0.00000000	      0.00000000	      0.00000000	      0.00000000	   9195.25905207	      0.00000000	  64879.86188139	  30643.32484362	   5063.07512218	  26947.31918024	      0.00000000	      0.00000000	     49.55831130	    572.82089865	      0.00000000	  15031.94308425	      0.00000000	      0.00000000	      0.00000000	   7221.20059580	   1957.46212114	      0.00000000	      0.00000000	      0.00000000	   3677.72264175	      0.00000000	      0.00000000	      0.00000000	      0.00000000	      0.00000000	      0.00000000	      0.00000000	      0.00000000	      0.00000000	      0.00000000	      0.00000000	      0.00000000	      0.00000000	      0.00000000	     11.51078885	 164465.39162991	 146817.08779378	      0.00000000	      0.00000000	   7851.63143927	   4058.26536705
      1.59600000	      0.00000000	      0.00000000	      0.00000000	      0.00000000	      0.00000000	      0.00000000	      0.00000000	   7815.25397811	      0.00000000	  46884.10183457	  28400.51155389	   3980.75967742	  31108.00807988	      0.00000000	      0.00000000	   1806.14597207	    378.49471186	      0.00000000	  13722.15289789	      0.00000000	    517.41541435	   3653.97865181	    631.60910972	      0.00000000	      0.00000000	      0.00000000	      0.00000000	   8466.06006461	    505.35380576	    566.24899294	      0.00000000	      0.00000000	      0.00000000	      0.00000000	      0.00000000	      0.00000000	      0.00000000	      0.00000000	      0.00000000	      0.00000000	      0.00000000	      0.00000000	     26.33318802	      0.00000000	      0.00000000	      0.00000000	      0.00000000	      0.00000000	      0.00000000	      0.00000000	   9148.44912908	      0.00000000	  65176.57220294	  30726.62185575	   5346.53387986	  27358.51890235	      0.00000000	      0.00000000	     24.93183727	    585.06884893	      0.00000000	  15071.58154977	      0.00000000	      0.00000000	      0.00000000	   7742.30768958	   2296.21430697	      0.00000000	      0.00000000	      0.00000000	   3703.26223986	      0.00000000	      0.00000000	      0.00000000	      0.00000000	      0.00000000	      0.00000000	      0.00000000	      0.00000000	      0.00000000	      0.00000000	      0.00000000	      0.00000000	      0.00000000	      0.00000000	      9.67988953	 163955.98007707	 147622.39191648	      0.00000000	      0.00000000	   7832.91172504	   4070.87201136
      1.61200000	      0.00000000	      0.00000000	      0.00000000	      0.00000000	      0.00000000	      0.00000000	      0.00000000	   8111.36496944	      0.00000000	  47922.04389290	  28354.14139206	   3711.25571864	  30746.44662371	      0.00000000	      0.00000000	   1918.66494781	    348.83381183	      0.00000000	  13848.60305567	      0.00000000	    920.35455567	   3936.23529261	    166.20436042	      0.00000000	      0.00000000	      0.00000000	      0.00000000	   7883.31166058	     44.30771642	     58.53755450	      0.00000000	      0.00000000	      0.00000000	      0.00000000	      0.00000000	      0.00000000	      0.00000000	      0.00000000	      0.00000000	      0.00000000	      0.00000000	      0.00000000	     24.71012032	      0.00000000	      0.00000000	      0.00000000	      0.00000000	      0.00000000	      0.00000000	      0.00000000	   9103.15683612	      0.00000000	  65454.12090444	  30805.00739030	   5603.39019263	  27695.59810595	      0.00000000	      0.00000000	     11.13160068	    597.94693508	      0.00000000	  15106.99166555	      0.00000000	      0.00000000	      0.00000000	   8242.51198771	   2620.69113417	      0.00000000	      0.00000000	      0.00000000	   3728.32346292	      0.00000000	      0.00000000	      0.00000000	      0.00000000	      0.00000000	      0.00000000	      0.00000000	      0.00000000	      0.00000000	      0.00000000	      0.00000000	      0.00000000	      0.00000000	      0.00000000	      7.99500035	 163552.36701440	 148183.48675617	      0.00000000	      0.00000000	   7820.53160312	   4087.45566890
      1.62800000	      0.00000000	      0.00000000	      0.00000000	      0.00000000	      0.00000000	      0.00000000	      0.00000000	   8434.39492779	      0.00000000	  49201.37418052	  28326.79179535	   3525.11774220	  30568.94044391	      0.00000000	      0.00000000	   2021.78015870	    318.58462242	      0.00000000	  14005.82762816	      0.00000000	   1239.18286522	   4176.50560969	     38.54720248	      0.00000000	      0.00000000	      0.00000000	      0.00000000	   7230.32878673	      0.00000000	      0.00000000	      0.00000000	      0.00000000	      0.00000000	      0.00000000	      0.00000000	      0.00000000	      0.00000000	      0.00000000	      0.00000000	      0.00000000	      0.00000000	      0.00000000	     24.19446150	      0.00000000	      0.00000000	      0.00000000	      0.00000000	      0.00000000	      0.00000000	      0.00000000	   9057.94856450	      0.00000000	  65712.50730351	  30879.86296534	   5829.76500058	  27940.23145999	      0.00000000	      0.00000000	      3.13723392	    611.97359364	      0.00000000	  15136.83477774	      0.00000000	      0.00000000	      0.00000000	   8724.83156611	   2932.85500129	      0.00000000	      0.00000000	      0.00000000	   3754.79637843	      0.00000000	      0.00000000	      0.00000000	      0.00000000	      0.00000000	      0.00000000	      0.00000000	      0.00000000	      0.00000000	      0.00000000	      0.00000000	      0.00000000	      0.00000000	      0.00000000	      6.44688981	 163287.87596164	 148464.83294469	      0.00000000	      0.00000000	   7821.40880539	   4102.30314499
      1.64400000	      0.00000000	      0.00000000	      0.00000000	      0.00000000	      0.00000000	      0.00000000	      0.00000000	   8780.65639862	      3.63157046	  50726.10759087	  28321.00170002	   3417.10427183	  30541.54175933	      0.00000000	      0.00000000	   2110.47847494	    288.86572585	      0.00000000	  14189.62247939	      0.00000000	   1469.19593430	   4364.01642938	      5.17377238	      0.00000000	      0.00000000	      0.00000000	      0.00000000	   6507.71407969	      0.00000000	      0.00000000	      0.00000000	      0.00000000	      0.00000000	      0.00000000	      0.00000000	      0.00000000	      0.00000000	      0.00000000	      0.00000000	      0.00000000	      0.00000000	      0.00000000	     24.46282463	      0.00000000	      0.00000000	      0.00000000	      0.00000000	      0.00000000	      0.00000000	      0.00000000	   9011.40237909	      0.00000000	  65952.89019397	  30952.69027636	   6024.89344453	  28082.94987905	      0.00000000	      0.00000000	      0.00000000	    627.56025072	      0.00000000	  15160.49003729	      0.00000000	      0.00000000	      0.00000000	   9194.48806253	   3236.15709215	      0.00000000	      0.00000000	      0.00000000	   3784.58136949	      0.00000000	      0.00000000	      0.00000000	      0.00000000	      0.00000000	      0.00000000	      0.00000000	      0.00000000	      0.00000000	      0.00000000	      0.00000000	      0.00000000	      0.00000000	      0.00000000	      5.03305732	 163201.48829062	 148448.81183083	      0.00000000	      0.00000000	   7841.64126097	   4107.26518867
      1.66000000	      0.00000000	      0.00000000	      0.00000000	      0.00000000	      0.00000000	      0.00000000	      0.00000000	   9144.91288464	     58.25918949	  52487.35354287	  28338.60823074	   3375.44677491	  30615.79420901	      0.00000000	      0.00000000	   2179.49955557	    260.20666700	      0.00000000	  14393.98975971	      0.00000000	   1610.84279955	   4491.00673421	      0.00000000	      0.00000000	      0.00000000	      0.00000000	      0.00000000	   5717.97618831	      0.00000000	      0.00000000	      0.00000000	      0.00000000	      0.00000000	      0.00000000	      0.00000000	      0.00000000	      0.00000000	      0.00000000	      0.00000000	      0.00000000	      0.00000000	      0.00000000	     25.45342375	      0.00000000	      0.00000000	      0.00000000	      0.00000000	      0.00000000	      0.00000000	      0.00000000	   8962.35172339	      0.00000000	  66177.17118413	  31024.85217681	   6190.30697096	  28121.73896522	      0.00000000	      0.00000000	      0.00000000	    644.96924259	      0.00000000	  15178.01418864	      0.00000000	      0.00000000	      0.00000000	   9657.55044269	   3534.66267816	      0.00000000	      0.00000000	      0.00000000	   3819.28436915	      0.00000000	      0.00000000	      0.00000000	      0.00000000	      0.00000000	      0.00000000	      0.00000000	      0.00000000	      0.00000000	      0.00000000	      0.00000000	      0.00000000	      0.00000000	      0.00000000	      3.75715969	 163330.88318696	 148129.19786898	      0.00000000	      0.00000000	   7886.58324536	   4093.31118456
      1.67600000	      0.00000000	      0.00000000	      0.00000000	      0.00000000	      0.00000000	      0.00000000	      0.00000000	   9519.99292437	    279.84452809	  54455.66084713	  28379.74308515	   3384.67904754	  30742.31962857	      0.00000000	      0.00000000	   2224.50892020	    232.25874765	      0.00000000	  14611.31600587	      0.00000000	   1670.10917661	   4555.46132892	      0.00000000	      0.00000000	      0.00000000	      0.00000000	      0.00000000	   4867.26239846	      0.00000000	      0.00000000	      0.00000000	      0.00000000	      0.00000000	      0.00000000	      0.00000000	      0.00000000	      0.00000000	      0.00000000	      0.00000000	      0.00000000	      0.00000000	      0.00000000	     27.18900956	      0.00000000	      0.00000000	      0.00000000	      0.00000000	      0.00000000	      0.00000000	      0.00000000	   8910.09548674	      0.00000000	  66387.56633412	  31097.33150828	   6329.08334372	  28061.01559467	      0.00000000	      0.00000000	      0.00000000	    664.28011415	      0.00000000	  15190.05387177	      0.00000000	      0.00000000	      0.00000000	  10119.53281605	   3832.12840025	      0.00000000	      0.00000000	      0.00000000	   3859.89288499	      0.00000000	      0.00000000	      0.00000000	      0.00000000	      0.00000000	      0.00000000	      0.00000000	      0.00000000	      0.00000000	      0.00000000	      0.00000000	      0.00000000	      0.00000000	      0.00000000	      2.62668596	 163702.59486816	 147506.78538183	      0.00000000	      0.00000000	   7960.91386798	   4052.43615612
      1.69200000	      0.00000000	      0.00000000	      0.00000000	      0.00000000	      0.00000000	      0.00000000	      0.00000000	   9896.36954755	    717.23673264	  56575.55009479	  28442.27519288	   3429.27427142	  30883.70193423	      0.00000000	      0.00000000	   2243.15477877	    203.99518520	      0.00000000	  14832.68492942	      0.00000000	   1657.62685583	   4562.24030702	      0.00000000	      0.00000000	      0.00000000	      0.00000000	      0.00000000	   3967.77281035	      0.00000000	      0.00000000	      0.00000000	      0.00000000	      0.00000000	      0.00000000	      0.00000000	      0.00000000	      0.00000000	      0.00000000	      0.00000000	      0.00000000	      0.00000000	      0.00000000	     29.61518116	      0.00000000	      0.00000000	      0.00000000	      0.00000000	      0.00000000	      0.00000000	      0.00000000	   8854.47394831	      0.00000000	  66585.95714199	  31170.54954311	   6445.71485894	  27912.35703762	      0.00000000	      0.00000000	      0.00000000	    685.35858407	      0.00000000	  15197.77228374	      0.00000000	      0.00000000	      0.00000000	  10584.51278309	   4131.40176286	      0.00000000	      0.00000000	      0.00000000	   3906.73499718	      0.00000000	      0.00000000	      0.00000000	      0.00000000	      0.00000000	      0.00000000	      0.00000000	      0.00000000	      0.00000000	      0.00000000	      0.00000000	      0.00000000	      0.00000000	      0.00000000	      1.64827521	 164323.44584543	 146592.63555929	      0.00000000	      0.00000000	   8067.97175915	   3979.12005297
      1.70800000	      0.00000000	      0.00000000	      0.00000000	      0.00000000	      0.00000000	      0.00000000	      0.00000000	  10261.97866102	   1151.94116845	  58774.06188000	  28523.05316237	   3496.54573317	  31021.61820009	      0.00000000	      0.00000000	   2235.87643050	    175.29645294	      0.00000000	  15048.50317816	      0.00000000	   1587.70934697	   4522.73643142	      0.00000000	      0.00000000	      0.00000000	      0.00000000	      0.00000000	   3037.55295623	      0.00000000	      0.00000000	      0.00000000	      0.00000000	      0.00000000	      0.00000000	      0.00000000	      0.00000000	      0.00000000	      0.00000000	      0.00000000	      0.00000000	      0.00000000	      0.00000000	     32.45818978	      0.00000000	      0.00000000	      0.00000000	      0.00000000	      0.00000000	      0.00000000	      0.00000000	   8795.82790480	      0.00000000	  66772.79590137	  31244.20987175	   6546.34628141	  27696.56072466	      0.00000000	      0.00000000	      0.00000000	    707.82226244	      0.00000000	  15202.77064906	      0.00000000	      0.00000000	      0.00000000	  11054.33245000	   4433.87449235	      0.00000000	      0.00000000	      0.00000000	   3959.77713936	      0.00000000	      0.00000000	      0.00000000	      0.00000000	      0.00000000	      0.00000000	      0.00000000	      0.00000000	      0.00000000	      0.00000000	      0.00000000	      0.00000000	      0.00000000	      0.00000000	      0.82220863	 165173.53710248	 145416.78768310	      0.00000000	      0.00000000	   8208.61145772	   3871.49908630
      1.72400000	      0.00000000	      0.00000000	      0.00000000	      0.00000000	      0.00000000	      0.00000000	      0.00000000	  10602.79954473	   1570.05570377	  60961.88575173	  28617.05465878	   3577.43426715	  31154.99295435	      0.00000000	      0.00000000	   2206.27686993	    146.90765630	      0.00000000	  15252.05314869	      0.00000000	   1478.08993457	   4453.40751376	      1.01058803	      0.00000000	      0.00000000	      0.00000000	      0.00000000	   2108.73810264	      0.00000000	      0.00000000	      0.00000000	      0.00000000	      0.00000000	      0.00000000	      0.00000000	      0.00000000	      0.00000000	      0.00000000	      0.00000000	      0.00000000	      0.00000000	      0.00000000	     35.15481519	      0.00000000	      0.00000000	      0.00000000	      0.00000000	      0.00000000	      0.00000000	      0.00000000	   8734.86033733	      0.00000000	  66945.78441966	  31317.20759321	   6638.90551299	  27445.41026786	      0.00000000	      0.00000000	      0.00000000	    731.02465414	      0.00000000	  15206.94612176	      0.00000000	      0.00000000	      0.00000000	  11527.69428217	   4738.87759674	      0.00000000	      0.00000000	      0.00000000	   4019.19191992	      0.00000000	      0.00000000	      0.00000000	      0.00000000	      0.00000000	      0.00000000	      0.00000000	      0.00000000	      0.00000000	      0.00000000	      0.00000000	      0.00000000	      0.00000000	      0.00000000	      0.13954355	 166201.92800781	 144038.42357353	      0.00000000	      0.00000000	   8379.89034375	   3732.38913560
      1.74000000	      0.00000000	      0.00000000	      0.00000000	      0.00000000	      0.00000000	      0.00000000	      0.00000000	  10904.41985324	   1954.15984169	  63027.38063218	  28715.63770814	   3664.96393417	  31290.17459411	      0.00000000	      0.00000000	   2160.82154415	    119.23293610	      0.00000000	  15428.47159158	      0.00000000	   1349.74483817	   4373.28901127	     13.03528439	      0.00000000	      0.00000000	      0.00000000	      0.00000000	   1233.12912544	      0.00000000	      0.00000000	      0.00000000	      0.00000000	      0.00000000	      0.00000000	      0.00000000	      0.00000000	      0.00000000	      0.00000000	      0.00000000	      0.00000000	      0.00000000	      0.00000000	     36.96473434	      0.00000000	      0.00000000	      0.00000000	      0.00000000	      0.00000000	      0.00000000	      0.00000000	   8672.40199130	      0.00000000	  67099.04856744	  31387.72359499	   6732.84199834	  27201.32564965	      0.00000000	      0.00000000	      0.00000000	    754.09760304	      0.00000000	  15212.26184191	      0.00000000	      0.00000000	      0.00000000	  11999.70687902	   5043.37496240	      0.00000000	      0.00000000	      0.00000000	   4086.00153535	      0.00000000	      0.00000000	      0.00000000	      0.00000000	      0.00000000	      0.00000000	      0.00000000	      0.00000000	      0.00000000	      0.00000000	      0.00000000	      0.00000000	      0.00000000	      0.00000000	      0.00000000	 167328.24783579	 142554.68893477	      0.00000000	      0.00000000	   8573.62082296	   3569.78400203
      1.75600000	      0.00000000	      0.00000000	      0.00000000	      0.00000000	      0.00000000	      0.00000000	      0.00000000	  11162.11910282	   2285.18343541	  64816.14894126	  28804.41309888	   3751.39168391	  31428.30938479	      0.00000000	      0.00000000	   2107.86300904	     90.35979241	      0.00000000	  15583.80933059	      0.00000000	   1225.74348784	   4300.85343578	     32.93598872	      0.00000000	      0.00000000	      0.00000000	      0.00000000	    461.64767972	      0.00000000	      0.00000000	      0.00000000	      0.00000000	      0.00000000	      0.00000000	      0.00000000	      0.00000000	      0.00000000	      0.00000000	      0.00000000	      0.00000000	      0.00000000	      0.00000000	     37.31911957	      0.00000000	      0.00000000	      0.00000000	      0.00000000	      0.00000000	      0.00000000	      0.00000000	   8609.15187685	      0.00000000	  67223.40296180	  31453.53422487	   6838.26844690	  27013.57991018	      0.00000000	      0.00000000	      0.00000000	    776.06323333	      0.00000000	  15220.44812942	      0.00000000	      0.00000000	      0.00000000	  12462.29260802	   5342.21697153	      0.00000000	      0.00000000	      0.00000000	   4162.46237002	      0.00000000	      0.00000000	      0.00000000	      0.00000000	      0.00000000	      0.00000000	      0.00000000	      0.00000000	      0.00000000	      0.00000000	      0.00000000	      0.00000000	      0.00000000	      0.00000000	      0.00000000	 168449.85672102	 141101.88051949	      0.00000000	      0.00000000	   8775.62456879	   3396.70894045
      1.77200000	      0.00000000	      0.00000000	      0.00000000	      0.00000000	      0.00000000	      0.00000000	      0.00000000	  11372.74749358	   2548.72685850	  66193.43795148	  28871.30146591	   3825.78628869	  31556.34013859	      0.00000000	      0.00000000	   2056.25431663	     61.49034892	      0.00000000	  15708.04743266	      0.00000000	   1128.76413141	   4251.00887527	     59.93596896	      0.00000000	      0.00000000	      0.00000000	      0.00000000	     83.04224435	      0.00000000	      0.00000000	      0.00000000	      0.00000000	      0.00000000	      0.00000000	      0.00000000	      0.00000000	      0.00000000	      0.00000000	      0.00000000	      0.00000000	      0.00000000	      0.00000000	     36.21900771	      0.00000000	      0.00000000	      0.00000000	      0.00000000	      0.00000000	      0.00000000	      0.00000000	   8545.50899722	      0.00000000	  67307.73359846	  31512.43070043	   6964.52887445	  26931.27047058	      0.00000000	      0.00000000	      0.00000000	    795.98250623	      0.00000000	  15232.70376747	      0.00000000	      0.00000000	      0.00000000	  12905.37007912	   5628.89879049	      0.00000000	      0.00000000	      0.00000000	   4251.89412859	      0.00000000	      0.00000000	      0.00000000	      0.00000000	      0.00000000	      0.00000000	      0.00000000	      0.00000000	      0.00000000	      0.00000000	      0.00000000	      0.00000000	      0.00000000	      0.00000000	      0.00000000	 169450.42525577	 139841.04015295	      0.00000000	      0.00000000	   8967.12049796	   3230.61523512
      1.78800000	      0.00000000	      0.00000000	      0.00000000	      0.00000000	      0.00000000	      0.00000000	      0.00000000	  11528.85793380	   2741.58305788	  67143.51176420	  28915.82301344	   3873.71497225	  31645.96814557	      0.00000000	      0.00000000	   2013.88348410	     42.44194571	      0.00000000	  15797.08426365	      0.00000000	   1077.82672123	   4233.05650081	     85.64545483	      0.00000000	      0.00000000	      0.00000000	      0.00000000	     10.90643893	      0.00000000	      0.00000000	      0.00000000	      0.00000000	      0.00000000	      0.00000000	      0.00000000	      0.00000000	      0.00000000	      0.00000000	      0.00000000	      0.00000000	      0.00000000	      0.00000000	     34.33659967	      0.00000000	      0.00000000	      0.00000000	      0.00000000	      0.00000000	      0.00000000	      0.00000000	   8481.53467337	      0.00000000	  67341.00788407	  31562.61434833	   7118.59338250	  26994.82099408	      0.00000000	      0.00000000	      0.00000000	    813.09945638	      0.00000000	  15249.49209011	      0.00000000	      0.00000000	      0.00000000	  13318.61296943	   5896.70073869	      0.00000000	      0.00000000	      0.00000000	   4357.96186252	      0.00000000	      0.00000000	      0.00000000	      0.00000000	      0.00000000	      0.00000000	      0.00000000	      0.00000000	      0.00000000	      0.00000000	      0.00000000	      0.00000000	      0.00000000	      0.00000000	      0.00000000	 170208.14737899	 138927.13873097	      0.00000000	      0.00000000	   9128.60673699	   3092.13813583
      1.80400000	      0.00000000	      0.00000000	      0.00000000	      0.00000000	      0.00000000	      0.00000000	      0.00000000	  11628.93322681	   2867.87668800	  67705.08261231	  28941.01496893	   3879.80342198	  31661.28081970	      0.00000000	      0.00000000	   1986.46982779	     31.80249288	      0.00000000	  15850.50166123	      0.00000000	   1085.34269367	   4250.16538316	     95.21016809	      0.00000000	      0.00000000	      0.00000000	      0.00000000	      0.00000000	      0.00000000	      0.00000000	      0.00000000	      0.00000000	      0.00000000	      0.00000000	      0.00000000	      0.00000000	      0.00000000	      0.00000000	      0.00000000	      0.00000000	      0.00000000	      0.00000000	     32.72479295	      0.00000000	      0.00000000	      0.00000000	      0.00000000	      0.00000000	      0.00000000	      0.00000000	   8416.97284089	      0.00000000	  67314.03458217	  31602.97186669	   7303.59473205	  27227.78246434	      0.00000000	      0.00000000	      0.00000000	    826.96547591	      0.00000000	  15270.44621716	      0.00000000	      0.00000000	      0.00000000	  13693.33636880	   6139.92539322	      0.00000000	      0.00000000	      0.00000000	   4483.81240152	      0.00000000	      0.00000000	      0.00000000	      0.00000000	      0.00000000	      0.00000000	      0.00000000	      0.00000000	      0.00000000	      0.00000000	      0.00000000	      0.00000000	      0.00000000	      0.00000000	      0.00000000	 170606.04374083	 138470.62488189	      0.00000000	      0.00000000	   9244.96456759	   3002.76583288
      1.82000000	      0.00000000	      0.00000000	      0.00000000	      0.00000000	      0.00000000	      0.00000000	      0.00000000	  11675.24903552	   2934.45397399	  67924.06049206	  28949.45610054	   3832.52495015	  31572.27888749	      0.00000000	      0.00000000	   1976.90353442	     26.68123040	      0.00000000	  15869.59999708	      0.00000000	   1155.32498653	   4300.34112526	     80.33023673	      0.00000000	      0.00000000	      0.00000000	      0.00000000	      0.00000000	      0.00000000	      0.00000000	      0.00000000	      0.00000000	      0.00000000	      0.00000000	      0.00000000	      0.00000000	      0.00000000	      0.00000000	      0.00000000	      0.00000000	      0.00000000	      0.00000000	     32.44476515	      0.00000000	      0.00000000	      0.00000000	      0.00000000	      0.00000000	      0.00000000	      0.00000000	   8351.18890332	      0.00000000	  67219.85967651	  31633.17850106	   7517.44293147	  27629.87050263	      0.00000000	      0.00000000	      0.00000000	    837.54827357	      0.00000000	  15294.26709363	      0.00000000	      0.00000000	      0.00000000	  14023.57879914	   6354.62953186	      0.00000000	      0.00000000	      0.00000000	   4631.73027864	      0.00000000	      0.00000000	      0.00000000	      0.00000000	      0.00000000	      0.00000000	      0.00000000	      0.00000000	      0.00000000	      0.00000000	      0.00000000	      0.00000000	      0.00000000	      0.00000000	      0.00000000	 170547.91117295	 138505.71051892	      0.00000000	      0.00000000	   9309.67371565	   2981.21383556
      1.83600000	      0.00000000	      0.00000000	      0.00000000	      0.00000000	      0.00000000	      0.00000000	      0.00000000	  11672.37386484	   2947.92659125	  67841.15601510	  28943.02494995	   3729.30975584	  31368.84627249	      0.00000000	      0.00000000	   1985.15716132	     25.27770480	      0.00000000	  15856.90859637	      0.00000000	   1282.74821699	   4378.01722161	     49.99841143	      0.00000000	      0.00000000	      0.00000000	      0.00000000	      0.00000000	      0.00000000	      0.00000000	      0.00000000	      0.00000000	      0.00000000	      0.00000000	      0.00000000	      0.00000000	      0.00000000	      0.00000000	      0.00000000	      0.00000000	      0.00000000	      0.00000000	     34.42904835	      0.00000000	      0.00000000	      0.00000000	      0.00000000	      0.00000000	      0.00000000	      0.00000000	   8282.90106375	      0.00000000	  67051.93579077	  31653.62081286	   7751.63265998	  28172.72120209	      0.00000000	      0.00000000	      0.00000000	    845.31608778	      0.00000000	  15318.50117501	      0.00000000	      0.00000000	      0.00000000	  14305.60179812	   6538.34105998	      0.00000000	      0.00000000	      0.00000000	   4803.85689464	      0.00000000	      0.00000000	      0.00000000	      0.00000000	      0.00000000	      0.00000000	      0.00000000	      0.00000000	      0.00000000	      0.00000000	      0.00000000	      0.00000000	      0.00000000	      0.00000000	      0.00000000	 169979.96730727	 138980.55198687	      0.00000000	      0.00000000	   9326.15741109	   3038.94941171
      1.85200000	      0.00000000	      0.00000000	      0.00000000	      0.00000000	      0.00000000	      0.00000000	      0.00000000	  11626.17252802	   2913.42259567	  67490.35444136	  28923.25457046	   3579.46574268	  31068.48845323	      0.00000000	      0.00000000	   2008.54530043	     26.73448790	      0.00000000	  15816.19052702	      0.00000000	   1453.78506012	   4475.14211229	     20.91652144	      0.00000000	      0.00000000	      0.00000000	      0.00000000	      0.00000000	      0.00000000	      0.00000000	      0.00000000	      0.00000000	      0.00000000	      0.00000000	      0.00000000	      0.00000000	      0.00000000	      0.00000000	      0.00000000	      0.00000000	      0.00000000	      0.00000000	     39.56134713	      0.00000000	      0.00000000	      0.00000000	      0.00000000	      0.00000000	      0.00000000	      0.00000000	   8209.72174196	      0.00000000	  66800.04002999	  31665.13332931	   7990.88638461	  28800.93779349	      0.00000000	      0.00000000	      0.00000000	    851.24659129	      0.00000000	  15339.22906678	      0.00000000	      0.00000000	      0.00000000	  14535.84634747	   6688.76809591	      0.00000000	      0.00000000	      0.00000000	   5003.87907299	      0.00000000	      0.00000000	      0.00000000	      0.00000000	      0.00000000	      0.00000000	      0.00000000	      0.00000000	      0.00000000	      0.00000000	      0.00000000	      0.00000000	      0.00000000	      0.00000000	      0.00000000	 168911.36210761	 139777.24300720	      0.00000000	      0.00000000	   9305.42953068	   3176.27240512
      1.86800000	      0.00000000	      0.00000000	      0.00000000	      0.00000000	      0.00000000	      0.00000000	      0.00000000	  11543.36415332	   2835.06451922	  66905.60280586	  28892.13014871	   3403.00113384	  30713.07809644	      0.00000000	      0.00000000	   2042.14866880	     30.72675963	      0.00000000	  15752.56934548	      0.00000000	   1647.27221718	   4581.47047353	      1.78532240	      0.00000000	      0.00000000	      0.00000000	      0.00000000	     12.93505523	      0.00000000	      0.00000000	      0.00000000	      0.00000000	      0.00000000	      0.00000000	      0.00000000	      0.00000000	      0.00000000	      0.00000000	      0.00000000	      0.00000000	      0.00000000	      0.00000000	     48.69093407	      0.00000000	      0.00000000	      0.00000000	      0.00000000	      0.00000000	      0.00000000	      0.00000000	   8127.73601845	      0.00000000	  66444.84555789	  31668.49861666	   8214.17724929	  29439.87978840	      0.00000000	      0.00000000	      0.00000000	    856.68249401	      0.00000000	  15350.79866175	      0.00000000	      0.00000000	      0.00000000	  14707.99405916	   6801.89585427	      0.00000000	      0.00000000	      0.00000000	   5238.85012439	      0.00000000	      0.00000000	      0.00000000	      0.00000000	      0.00000000	      0.00000000	      0.00000000	      0.00000000	      0.00000000	      0.00000000	      0.00000000	      0.00000000	      0.00000000	      0.00000000	      0.00000000	 167422.48831813	 140754.42360959	      0.00000000	      0.00000000	   9261.06219722	   3380.87157737
      1.88400000	      0.00000000	      0.00000000	      0.00000000	      0.00000000	      0.00000000	      0.00000000	      0.00000000	  11431.24750294	   2717.18216142	  66129.07722473	  28852.89548429	   3225.33456211	  30355.09010053	      0.00000000	      0.00000000	   2079.43624078	     37.10518190	      0.00000000	  15672.27111007	      0.00000000	   1837.94200775	   4684.73494523	      0.00000000	      0.00000000	      0.00000000	      0.00000000	      0.00000000	     60.70595661	      0.00000000	      0.00000000	      0.00000000	      0.00000000	      0.00000000	      0.00000000	      0.00000000	      0.00000000	      0.00000000	      0.00000000	      0.00000000	      0.00000000	      0.00000000	      0.00000000	     61.66214116	      0.00000000	      0.00000000	      0.00000000	      0.00000000	      0.00000000	      0.00000000	      0.00000000	   8031.46535185	      0.00000000	  65952.67992020	  31663.64520565	   8397.07258176	  30008.94053987	      0.00000000	      0.00000000	      0.00000000	    862.96647262	      0.00000000	  15345.76119541	      0.00000000	      0.00000000	      0.00000000	  14809.99294482	   6870.02001145	      0.00000000	      0.00000000	      0.00000000	   5520.12741157	      0.00000000	      0.00000000	      0.00000000	      0.00000000	      0.00000000	      0.00000000	      0.00000000	      0.00000000	      0.00000000	      0.00000000	      0.00000000	      0.00000000	      0.00000000	      0.00000000	      0.00000000	 165652.64177861	 141792.62560117	      0.00000000	      0.00000000	   9203.94972159	   3630.15596385
      1.90000000	      0.00000000	      0.00000000	      0.00000000	      0.00000000	      0.00000000	      0.00000000	      0.00000000	  11297.32677076	   2565.24685527	  65215.11577465	  28810.36237578	   3069.94388368	  30039.08614301	      0.00000000	      0.00000000	   2113.16765735	     45.67829708	      0.00000000	  15581.84098277	      0.00000000	   2001.04432069	   4771.41607349	      0.00000000	      0.00000000	      0.00000000	      0.00000000	      0.00000000	    200.27902211	      0.00000000	      0.00000000	      0.00000000	      0.00000000	      0.00000000	      0.00000000	      0.00000000	      0.00000000	      0.00000000	      0.00000000	      0.00000000	      0.00000000	      0.00000000	      0.00000000	     74.76131478	      0.00000000	      0.00000000	      0.00000000	      0.00000000	      0.00000000	      0.00000000	      0.00000000	   7914.54519501	      0.00000000	  65272.37026065	  31648.53853678	   8515.06942773	  30437.58828079	      0.00000000	      0.00000000	      0.00000000	    870.82741480	      0.00000000	  15315.21500917	      0.00000000	      0.00000000	      0.00000000	  14822.12368390	   6880.43206087	      0.00000000	      0.00000000	      0.00000000	   5863.22322963	      0.00000000	      0.00000000	      0.00000000	      0.00000000	      0.00000000	      0.00000000	      0.00000000	      0.00000000	      0.00000000	      0.00000000	      0.00000000	      0.00000000	      0.00000000	      0.00000000	      0.00000000	 163765.94691762	 142821.94028134	      0.00000000	      0.00000000	   9139.35272531	   3897.29961581
      1.91600000	      0.00000000	      0.00000000	      0.00000000	      0.00000000	      0.00000000	      0.00000000	      0.00000000	  11148.99443004	   2386.28730407	  64231.19891298	  28770.87032424	   2951.77320290	  29785.76116077	      0.00000000	      0.00000000	   2136.45170445	     56.39949376	      0.00000000	  15487.27844498	      0.00000000	   2116.99033415	   4828.13455983	      0.00000000	      0.00000000	      0.00000000	      0.00000000	      0.00000000	    571.59183680	      0.00000000	      0.00000000	      0.00000000	      0.00000000	      0.00000000	      0.00000000	      0.00000000	      0.00000000	      0.00000000	      0.00000000	      0.00000000	      0.00000000	      0.00000000	      0.00000000	     85.31947423	      0.00000000	      0.00000000	      0.00000000	      0.00000000	      0.00000000	      0.00000000	      0.00000000	   7771.45791576	      0.00000000	  64338.50377194	  31618.12916685	   8547.71539027	  30681.57830139	      0.00000000	      0.00000000	      0.00000000	    879.68284632	      0.00000000	  15249.98775018	      0.00000000	      0.00000000	      0.00000000	  14717.40042279	   6815.62138127	      0.00000000	      0.00000000	      0.00000000	   6286.77785764	      0.00000000	      0.00000000	      0.00000000	      0.00000000	      0.00000000	      0.00000000	      0.00000000	      0.00000000	      0.00000000	      0.00000000	      0.00000000	      0.00000000	      0.00000000	      0.00000000	      0.00000000	 161904.21071818	 143823.94942919	      0.00000000	      0.00000000	   9066.94831794	   4159.32468981
      1.93200000	      0.00000000	      0.00000000	      0.00000000	      0.00000000	      0.00000000	      0.00000000	      0.00000000	  10993.33551442	   2188.81219681	  63257.71459756	  28742.23599951	   2873.50899302	  29583.56380264	      0.00000000	      0.00000000	   2143.60263041	     70.31907232	      0.00000000	  15393.47836354	      0.00000000	   2174.44214639	   4843.03451543	      0.00000000	      0.00000000	      0.00000000	      0.00000000	      0.00000000	   1013.23140673	      0.00000000	      0.00000000	      0.00000000	      0.00000000	      0.00000000	      0.00000000	      0.00000000	      0.00000000	      0.00000000	      0.00000000	      0.00000000	      0.00000000	      0.00000000	      0.00000000	     91.34529853	      0.00000000	      0.00000000	      0.00000000	      0.00000000	      0.00000000	      0.00000000	      0.00000000	   7600.99965049	      0.00000000	  63094.65600726	  31565.05621764	   8483.28824942	  30736.90694139	      0.00000000	      0.00000000	      0.00000000	    887.77679705	      0.00000000	  15143.75317522	      0.00000000	      0.00000000	      0.00000000	  14465.37468331	   6655.69621978	      0.00000000	      0.00000000	      0.00000000	   6803.61820560	      0.00000000	      0.00000000	      0.00000000	      0.00000000	      0.00000000	      0.00000000	      0.00000000	      0.00000000	      0.00000000	      0.00000000	      0.00000000	      0.00000000	      0.00000000	      0.00000000	      0.00000000	 160143.99137946	 144816.64637014	      0.00000000	      0.00000000	   8982.41365726	   4404.21828763
      1.94800000	      0.00000000	      0.00000000	      0.00000000	      0.00000000	      0.00000000	      0.00000000	      0.00000000	  10835.19766119	   1981.19281440	  62365.85869911	  28731.48725943	   2825.64626412	  29389.72336915	      0.00000000	      0.00000000	   2130.45248054	     89.20294640	      0.00000000	  15303.14135293	      0.00000000	   2170.75608611	   4806.42221257	      0.00000000	      0.00000000	      0.00000000	      0.00000000	      0.00000000	   1441.76364554	      0.00000000	      0.00000000	      0.00000000	      0.00000000	      0.00000000	      0.00000000	      0.00000000	      0.00000000	      0.00000000	      0.00000000	      0.00000000	      0.00000000	      0.00000000	      0.00000000	     91.63848226	      0.00000000	      0.00000000	      0.00000000	      0.00000000	      0.00000000	      0.00000000	      0.00000000	   7409.94265416	      0.00000000	  61526.02229395	  31481.89662981	   8323.23675285	  30648.05196580	      0.00000000	      0.00000000	      0.00000000	    893.16233753	      0.00000000	  14996.92893336	      0.00000000	      0.00000000	      0.00000000	  14039.30043459	   6382.99377742	      0.00000000	      0.00000000	      0.00000000	   7407.78969299	      0.00000000	      0.00000000	      0.00000000	      0.00000000	      0.00000000	      0.00000000	      0.00000000	      0.00000000	      0.00000000	      0.00000000	      0.00000000	      0.00000000	      0.00000000	      0.00000000	      0.00000000	 158476.33037194	 145837.96856515	      0.00000000	      0.00000000	   8878.65329737	   4634.03273419
      1.96400000	      0.00000000	      0.00000000	      0.00000000	      0.00000000	      0.00000000	      0.00000000	      0.00000000	  10676.73252689	   1770.14447331	  61605.74456546	  28743.64480512	   2790.35849295	  29140.71620704	      0.00000000	      0.00000000	   2094.11110182	    112.29847863	      0.00000000	  15216.64619652	      0.00000000	   2109.56817306	   4710.47975436	      0.00000000	      0.00000000	      0.00000000	      0.00000000	      0.00000000	   1841.35186937	      0.00000000	      0.00000000	      0.00000000	      0.00000000	      0.00000000	      0.00000000	      0.00000000	      0.00000000	      0.00000000	      0.00000000	      0.00000000	      0.00000000	      0.00000000	      0.00000000	     85.90246209	      0.00000000	      0.00000000	      0.00000000	      0.00000000	      0.00000000	      0.00000000	      0.00000000	   7206.41926249	      0.00000000	  59669.17987478	  31362.15972140	   8084.56102637	  30505.09801154	      0.00000000	      0.00000000	      0.00000000	    893.92776570	      0.00000000	  14816.27588424	      0.00000000	      0.00000000	      0.00000000	  13424.83870232	   5987.70885721	      0.00000000	      0.00000000	      0.00000000	   8068.54170601	      0.00000000	      0.00000000	      0.00000000	      0.00000000	      0.00000000	      0.00000000	      0.00000000	      0.00000000	      0.00000000	      0.00000000	      0.00000000	      0.00000000	      0.00000000	      0.00000000	      1.12920820	 156820.36706926	 146935.15175066	      0.00000000	      0.00000000	   8746.42708402	   4862.30562091
      1.98000000	      0.00000000	      0.00000000	      0.00000000	      0.00000000	      0.00000000	      0.00000000	      0.00000000	  10521.54609783	   1559.71320855	  61003.81801900	  28781.49188586	   2748.35533497	  28770.88383490	      0.00000000	      0.00000000	   2032.56062835	    140.41275764	      0.00000000	  15132.79700439	      0.00000000	   1996.42895894	   4548.68309793	      0.00000000	      0.00000000	      0.00000000	      0.00000000	      0.00000000	   2203.10096298	      0.00000000	      0.00000000	      0.00000000	      0.00000000	      0.00000000	      0.00000000	      0.00000000	      0.00000000	      0.00000000	      0.00000000	      0.00000000	      0.00000000	      0.00000000	      0.00000000	     74.66735692	      0.00000000	      0.00000000	      0.00000000	      0.00000000	      0.00000000	      0.00000000	      0.00000000	   6997.27297752	      0.00000000	  57589.46758343	  31198.68927500	   7797.83488700	  30424.55626772	      0.00000000	      0.00000000	      0.00000000	    886.61463892	      0.00000000	  14614.45438986	      0.00000000	      0.00000000	      0.00000000	  12627.15495791	   5472.53464376	      0.00000000	      0.00000000	      0.00000000	   8735.62844064	      0.00000000	      0.00000000	      0.00000000	      0.00000000	      0.00000000	      0.00000000	      0.00000000	      0.00000000	      0.00000000	      0.00000000	      0.00000000	      0.00000000	      0.00000000	      0.00000000	      8.52502998	 155069.84332887	 148154.81554647	      0.00000000	     24.93748039	   8575.72459226	   5106.31916757
      1.99600000	      0.00000000	      0.00000000	      0.00000000	      0.00000000	      0.00000000	      0.00000000	      0.00000000	  10371.47166512	   1351.36933847	  60570.96323802	  28846.35205758	   2686.74409536	  28235.03903295	      0.00000000	      0.00000000	   1944.55331443	    174.15912064	      0.00000000	  15050.36715689	      0.00000000	   1834.39466241	   4315.88373470	      0.00000000	      0.00000000	      0.00000000	      0.00000000	      0.00000000	   2523.74684506	      0.00000000	      0.00000000	      0.00000000	      0.00000000	      0.00000000	      0.00000000	      0.00000000	      0.00000000	      0.00000000	      0.00000000	      0.00000000	      0.00000000	      0.00000000	      0.00000000	     59.10569718	      0.00000000	      0.00000000	      0.00000000	      0.00000000	      0.00000000	      0.00000000	      0.00000000	   6801.89818794	      0.00000000	  55386.65751077	  30987.03141931	   7499.87582549	  30514.76867153	      0.00000000	      0.00000000	      0.00000000	    867.48737257	      0.00000000	  14398.20512276	      0.00000000	      0.00000000	      0.00000000	  11673.45632207	   4854.43403423	      0.00000000	      0.00000000	      0.00000000	   9350.51653202	      0.00000000	      0.00000000	      0.00000000	      0.00000000	      0.00000000	      0.00000000	      0.00000000	      0.00000000	      0.00000000	      0.00000000	      0.00000000	      0.00000000	      0.00000000	      0.00000000	     33.63622696	 153156.18896408	 149526.68316362	      0.00000000	    108.45473235	   8358.91140778	   5377.25936610
      2.01200000	      0.00000000	      0.00000000	      0.00000000	      0.00000000	      0.00000000	      0.00000000	      0.00000000	  10226.93695106	   1144.78480118	  60308.33219474	  28938.31426089	   2604.95417317	  27527.48759184	      0.00000000	      0.00000000	   1829.96801562	    213.51470855	      0.00000000	  14965.48953550	      0.00000000	   1621.70637620	   4009.51644016	     10.63550734	      0.00000000	      0.00000000	      0.00000000	      0.00000000	   2803.71427051	      0.00000000	      0.00000000	      0.00000000	      0.00000000	      0.00000000	      0.00000000	      0.00000000	      0.00000000	      0.00000000	      0.00000000	      0.00000000	      0.00000000	      0.00000000	      0.00000000	     42.18625666	      0.00000000	      0.00000000	      0.00000000	      0.00000000	      0.00000000	      0.00000000	      0.00000000	   6639.85524839	      0.00000000	  53181.57750079	  30728.41874635	   7222.90126666	  30836.98224891	      0.00000000	      0.00000000	      0.00000000	    834.07674446	      0.00000000	  14185.84351290	      0.00000000	      0.00000000	      0.00000000	  10609.56068139	   4162.62040486	      0.00000000	      0.00000000	      0.00000000	   9871.33061311	      0.00000000	      0.00000000	      0.00000000	      0.00000000	      0.00000000	      0.00000000	      0.00000000	      0.00000000	      0.00000000	      0.00000000	      0.00000000	      0.00000000	      0.00000000	      0.00000000	     94.05251285	 151099.77158033	 151043.27073698	      0.00000000	    317.87749580	   8094.81862170	   5673.03563153
      2.02800000	      0.00000000	      0.00000000	      0.00000000	      0.00000000	      0.00000000	      0.00000000	      0.00000000	  10087.76170391	    939.03065362	  60209.32261066	  29055.85770646	   2516.14730781	  26689.44602775	      0.00000000	      0.00000000	   1690.36464995	    257.58638207	      0.00000000	  14887.81476043	      0.00000000	   1352.69645845	   3631.45306322	     67.16975309	      0.00000000	      0.00000000	      0.00000000	      0.00000000	   3045.58566851	      0.00000000	      0.00000000	      0.00000000	      0.00000000	      0.00000000	      0.00000000	      0.00000000	      0.00000000	      0.00000000	      0.00000000	      0.00000000	      0.00000000	      0.00000000	      0.00000000	     29.17343172	      0.00000000	      0.00000000	      0.00000000	      0.00000000	      0.00000000	      0.00000000	      0.00000000	   6526.05594314	      0.00000000	  51106.61214736	  30433.73252924	   6984.43399936	  31379.58986525	      0.00000000	      0.00000000	      3.61831990	    787.88034332	      0.00000000	  13994.62012347	      0.00000000	      0.00000000	      0.00000000	   9490.97183238	   3432.98412013	      0.00000000	      0.00000000	      0.00000000	  10269.10311177	      0.00000000	      0.00000000	      0.00000000	      0.00000000	      0.00000000	      0.00000000	      0.00000000	      0.00000000	      0.00000000	      0.00000000	      0.00000000	      0.00000000	      0.00000000	      7.52168687	    150.30399826	 149022.49881457	 152646.92308496	      0.00000000	    560.85567966	   7791.56430592	   5977.62957767
      2.04400000	      0.00000000	      0.00000000	      0.00000000	      0.00000000	      0.00000000	      0.00000000	      0.00000000	   9953.94925235	    733.85350002	  60261.27119632	  29195.63152970	   2443.42140397	  25800.84963544	      0.00000000	      0.00000000	   1529.28728788	    304.64269577	      0.00000000	  14818.03401347	      0.00000000	   1021.26791915	   3189.34346860	    298.20028907	      0.00000000	      0.00000000	      0.00000000	      0.00000000	   3252.41743616	      0.00000000	      0.00000000	      0.00000000	      0.00000000	      0.00000000	      0.00000000	      0.00000000	      0.00000000	      0.00000000	      0.00000000	      0.00000000	      0.00000000	      0.00000000	      0.00000000	     20.16656776	      0.00000000	      0.00000000	      0.00000000	      0.00000000	      0.00000000	      0.00000000	      0.00000000	   6466.94413988	      0.00000000	  49270.77432304	  30120.82036201	   6782.46044641	  32059.05969919	      0.00000000	      0.00000000	     54.06798388	    733.27942153	      0.00000000	  13835.80675834	      0.00000000	      0.00000000	      0.00000000	   8370.81553976	   2700.37853321	      0.00000000	      0.00000000	      0.00000000	  10534.06487468	      0.00000000	      0.00000000	      0.00000000	      0.00000000	      0.00000000	      0.00000000	      0.00000000	      0.00000000	      0.00000000	      0.00000000	      0.00000000	      0.00000000	      0.00000000	     21.11924102	    190.85741616	 147113.35206000	 154234.08921777	      0.00000000	    700.56653728	   7466.30471240	   6267.24564075
      2.06000000	      0.00000000	      0.00000000	      0.00000000	      0.00000000	      0.00000000	      0.00000000	      0.00000000	   9826.14120517	    530.46300101	  60447.09285526	  29352.66251452	   2412.46831920	  24959.20986735	      0.00000000	      0.00000000	   1352.03424811	    352.44227308	      0.00000000	  14763.56862326	      0.00000000	    624.96944169	   2696.47129918	    869.69619719	      0.00000000	      0.00000000	      0.00000000	      0.00000000	   3426.59239439	      0.00000000	      0.00000000	      0.00000000	      0.00000000	      0.00000000	      0.00000000	      0.00000000	      0.00000000	      0.00000000	      0.00000000	      0.00000000	      0.00000000	      0.00000000	      0.00000000	     14.26479537	      0.00000000	      0.00000000	      0.00000000	      0.00000000	      0.00000000	      0.00000000	      0.00000000	   6460.57538578	      0.00000000	  47740.00521235	  29809.56788176	   6598.04692400	  32747.74361492	      0.00000000	      0.00000000	    273.78709875	    675.58971775	      0.00000000	  13712.84185119	      0.00000000	      0.00000000	      5.83401073	   7288.81206497	   1991.38609213	      0.00000000	      0.00000000	      0.00000000	  10673.70894575	     73.77235443	     93.01131948	      0.00000000	      0.00000000	      0.00000000	      0.00000000	      0.00000000	      0.00000000	      0.00000000	      0.00000000	      0.00000000	      0.00000000	      0.00000000	     32.11389947	    211.83490707	 145564.00479728	 155677.35954500	      0.00000000	    703.12030396	   7141.71318820	   6519.53421135
      2.07600000	      0.00000000	      0.00000000	      0.00000000	      0.00000000	      0.00000000	      0.00000000	      0.00000000	   9705.59303535	    331.54409087	  60746.43719496	  29520.91908328	   2443.77083272	  24253.90636846	      0.00000000	      0.00000000	   1164.98985664	    398.72012184	      0.00000000	  14720.73300390	      0.00000000	    184.21962255	   2170.12908728	   1522.37241126	      0.00000000	      0.00000000	      0.00000000	      0.00000000	   3569.63030090	      0.00000000	      0.00000000	      0.00000000	      0.00000000	      0.00000000	      0.00000000	      0.00000000	      0.00000000	      0.00000000	      0.00000000	      0.00000000	      0.00000000	      0.00000000	      0.00000000	     10.51741301	      0.00000000	      0.00000000	      0.00000000	      0.00000000	      0.00000000	      0.00000000	      0.00000000	   6499.95360062	      0.00000000	  46537.34296670	  29517.15187286	   6403.92040387	  33314.87566689	      0.00000000	      0.00000000	    543.89023576	    619.39122149	      0.00000000	  13622.99597566	      0.00000000	      0.00000000	    470.26365759	   6265.65061672	   1320.41436986	      0.00000000	      0.00000000	      0.00000000	  10704.73532968	    818.26220587	    882.82734333	      8.49298327	      0.00000000	      0.00000000	      0.00000000	      0.00000000	      0.00000000	      0.00000000	      0.00000000	      0.00000000	      0.00000000	      0.00000000	     32.82669532	    212.99300368	 144506.98283053	 156857.09367784	      0.00000000	    549.21083414	   6840.53683827	   6720.81738539
      2.09200000	      0.00000000	      0.00000000	      0.00000000	      0.00000000	      0.00000000	      0.00000000	      0.00000000	   9593.78658416	    173.56970903	  61136.02613973	  29693.96696330	   2547.22960895	  23745.70512443	      0.00000000	      0.00000000	    974.84177980	    441.62347408	      0.00000000	  14695.80093825	      0.00000000	     19.21628181	   1629.33234060	   2232.60965170	      0.00000000	      0.00000000	      0.00000000	      0.00000000	   3682.84870203	      0.00000000	      0.00000000	      0.00000000	      0.00000000	      0.00000000	      0.00000000	      0.00000000	      0.00000000	      0.00000000	      0.00000000	      0.00000000	      0.00000000	      0.00000000	      0.00000000	      8.18081335	      0.00000000	      0.00000000	      0.00000000	      0.00000000	      0.00000000	      0.00000000	      0.00000000	   6577.16241295	      0.00000000	  45655.42248365	  29255.09457089	   6174.78299057	  33662.64414096	      0.00000000	      0.00000000	    790.52140548	    567.62512356	      0.00000000	  13560.88618911	      0.00000000	      0.00000000	   1164.60625981	   5304.40890869	    690.31605786	      0.00000000	      0.00000000	      0.00000000	  10644.67961648	   1613.32807068	   1688.65695712	    131.66902184	      0.00000000	      0.00000000	      0.00000000	      0.00000000	      0.00000000	      0.00000000	      0.00000000	      0.00000000	      0.00000000	      0.00000000	     24.22323014	    197.47202508	 143982.82384532	 157690.72867636	      0.00000000	    245.59752138	   6580.40842799	   6868.43890309
      2.10800000	      0.00000000	      0.00000000	      0.00000000	      0.00000000	      0.00000000	      0.00000000	      0.00000000	   9491.92386355	     90.71973427	  61589.75952862	  29865.57234578	   2720.67602519	  23457.65138223	      0.00000000	      0.00000000	    787.89462702	    479.96350372	      0.00000000	  14688.99970796	      0.00000000	      0.00000000	   1092.57306236	   2976.15341171	      0.00000000	      0.00000000	      0.00000000	      0.00000000	   3768.33728562	      0.00000000	      0.00000000	      0.00000000	      0.00000000	      0.00000000	      0.00000000	      0.00000000	      0.00000000	      0.00000000	      0.00000000	      0.00000000	      0.00000000	      0.00000000	      0.00000000	      6.73645403	      0.00000000	      0.00000000	      0.00000000	      0.00000000	      0.00000000	      0.00000000	      0.00000000	   6686.18377157	      0.00000000	  45072.06747653	  29028.70808001	   5895.26473995	  33745.95486849	      0.00000000	      0.00000000	   1009.65969334	    521.51571271	      0.00000000	  13521.74958707	      0.00000000	      0.00000000	   1777.64559514	   4397.12215494	    173.92590728	      0.00000000	      0.00000000	      0.00000000	  10506.97606774	   2465.19022313	   2222.69947915	    625.63147941	      0.00000000	      0.00000000	      0.00000000	      0.00000000	      0.00000000	      0.00000000	      0.00000000	      0.00000000	      0.00000000	      0.00000000	     13.35092405	    170.72582946	 143943.07964494	 158149.90243225	      0.00000000	     48.38112857	   6370.78271869	   6968.68457587
      2.12400000	      0.00000000	      0.00000000	      0.00000000	      0.00000000	      0.00000000	      0.00000000	      0.00000000	   9400.49137087	     46.91749439	  62079.77301593	  30030.30787107	   2952.00321762	  23377.51947197	      0.00000000	      0.00000000	    609.44739965	    513.27989845	      0.00000000	  14698.50556253	      0.00000000	      0.00000000	    575.65845732	   3727.12992433	     47.63991777	      0.00000000	      0.00000000	      0.00000000	   3829.66533514	      0.00000000	      0.00000000	      0.00000000	      0.00000000	      0.00000000	      0.00000000	      0.00000000	      0.00000000	      0.00000000	      0.00000000	      0.00000000	      0.00000000	      0.00000000	      0.00000000	      5.83257703	      0.00000000	      0.00000000	      0.00000000	      0.00000000	      0.00000000	      0.00000000	      0.00000000	   6823.76682026	      0.00000000	  44761.20797703	  28838.02625641	   5563.75121958	  33574.90529763	      0.00000000	      0.00000000	   1202.59518309	    480.73849781	      0.00000000	  13503.21850244	      0.00000000	      0.00000000	   2318.86808827	   3533.12716138	     26.15571419	      0.00000000	      0.00000000	      0.00000000	  10299.83709434	   2777.90553934	   2507.76706255	    973.87205021	      0.00000000	      0.00000000	      0.00000000	      0.00000000	      0.00000000	      0.00000000	      0.00000000	      0.00000000	      0.00000000	      0.00000000	      4.97939608	    138.99863600	 144279.33267877	 158262.23601153	      0.00000000	      0.00000000	   6212.51990661	   7032.47288416
      2.14000000	      0.00000000	      0.00000000	      0.00000000	      0.00000000	      0.00000000	      0.00000000	      0.00000000	   9319.04399186	     22.96505220	  62578.75675411	  30184.15209596	   3223.40883769	  23467.58459968	      0.00000000	      0.00000000	    443.18649419	    541.76704756	      0.00000000	  14720.92087971	      0.00000000	      0.00000000	    109.21514422	   4462.72541422	    209.74727619	      0.00000000	      0.00000000	      0.00000000	   3872.09512157	      0.00000000	      0.00000000	      0.00000000	      0.00000000	      0.00000000	      0.00000000	      0.00000000	      0.00000000	      0.00000000	      0.00000000	      0.00000000	      0.00000000	      0.00000000	      0.00000000	      5.22530473	      0.00000000	      0.00000000	      0.00000000	      0.00000000	      0.00000000	      0.00000000	      0.00000000	   6988.85777616	      0.00000000	  44700.13066644	  28679.88330111	   5192.41073573	  33205.22316103	      0.00000000	      0.00000000	   1373.67318174	    443.94421165	      0.00000000	  13505.64563863	      0.00000000	      0.00000000	   2801.52014591	   2706.23318748	      0.00000000	      0.00000000	      0.00000000	      0.00000000	  10027.20617669	   2839.60285551	   2563.82331093	   1042.65131017	      0.00000000	      0.00000000	      0.00000000	      0.00000000	      0.00000000	      0.00000000	      0.00000000	      0.00000000	      0.00000000	      0.00000000	      0.00000000	    107.82746133	 144861.35443306	 158100.83972444	      0.00000000	      0.00000000	   6099.40578093	   7071.03944481
      2.15600000	      0.00000000	      0.00000000	      0.00000000	      0.00000000	      0.00000000	      0.00000000	      0.00000000	   9246.46156123	      9.26582230	  63062.47460027	  30324.85607995	   3515.82225602	  23676.44341800	      0.00000000	      0.00000000	    290.76119434	    566.09492923	      0.00000000	  14751.95776921	      0.00000000	      0.00000000	      1.93149636	   5166.91764301	    622.00625457	      0.00000000	      0.00000000	      0.00000000	   3902.37742638	      0.00000000	      0.00000000	      0.00000000	      0.00000000	      0.00000000	      0.00000000	      0.00000000	      0.00000000	      0.00000000	      0.00000000	      0.00000000	      0.00000000	      0.00000000	      0.00000000	      4.74144654	      0.00000000	      0.00000000	      0.00000000	      0.00000000	      0.00000000	      0.00000000	      0.00000000	   7181.51231619	      0.00000000	  44873.46708324	  28550.14806930	   4804.44613639	  32722.61948799	      0.00000000	      0.00000000	   1527.95205524	    409.40133410	      0.00000000	  13531.45843076	      0.00000000	     22.16782978	   3237.49569190	   1918.80916076	      0.00000000	      0.00000000	      0.00000000	      0.00000000	   9690.42423437	   2664.72912093	   2404.77765283	    847.76571510	      0.00000000	      0.00000000	      0.00000000	      0.00000000	      0.00000000	      0.00000000	      0.00000000	      0.00000000	      0.00000000	      0.00000000	      0.00000000	     81.03366657	 145567.80621068	 157766.48667578	      0.00000000	      0.00000000	   6020.66372346	   7093.26953167
      2.17200000	      0.00000000	      0.00000000	      0.00000000	      0.00000000	      0.00000000	      0.00000000	      0.00000000	   9181.42357119	      1.01170533	  63513.43003967	  30452.11016682	   3812.07680248	  23949.19082501	      0.00000000	      0.00000000	    152.11516863	    587.29484733	      0.00000000	  14787.24326800	      0.00000000	      0.00000000	      0.00000000	   5831.90785269	   1055.24380571	      0.00000000	      0.00000000	      0.00000000	   3927.36225525	      0.00000000	      0.00000000	      0.00000000	      0.00000000	      0.00000000	      0.00000000	      0.00000000	      0.00000000	      0.00000000	      0.00000000	      0.00000000	      0.00000000	      0.00000000	      0.00000000	      4.26250225	      0.00000000	      0.00000000	      0.00000000	      0.00000000	      0.00000000	      0.00000000	      0.00000000	   7402.00290107	      0.00000000	  45274.60679313	  28445.33862371	   4429.62816489	  32225.30310216	      0.00000000	      0.00000000	   1669.53083865	    375.54792411	      0.00000000	  13584.09423307	      0.00000000	    246.24173355	   3634.23518691	   1182.31826448	      0.00000000	      0.00000000	      0.00000000	      0.00000000	   9289.57273420	   1956.55631910	   2037.15884970	    265.52988392	      0.00000000	      0.00000000	      0.00000000	      0.00000000	      0.00000000	      0.00000000	      0.00000000	      0.00000000	      0.00000000	      0.00000000	      0.00000000	     60.44839774	 146299.88503696	 157367.60757033	      0.00000000	      0.00000000	   5963.68571212	   7105.38713230
      2.18800000	      0.00000000	      0.00000000	      0.00000000	      0.00000000	      0.00000000	      0.00000000	      0.00000000	   9121.11647286	      0.00000000	  63922.08764451	  30567.18449274	   4098.44841996	  24234.67845362	      0.00000000	      0.00000000	     67.70896404	    606.56852386	      0.00000000	  14822.93641389	      0.00000000	      0.00000000	      0.00000000	   6457.06449366	   1462.14123273	      0.00000000	      0.00000000	      0.00000000	   3952.88992813	      0.00000000	      0.00000000	      0.00000000	      0.00000000	      0.00000000	      0.00000000	      0.00000000	      0.00000000	      0.00000000	      0.00000000	      0.00000000	      0.00000000	      0.00000000	      0.00000000	      3.72055783	      0.00000000	      0.00000000	      0.00000000	      0.00000000	      0.00000000	      0.00000000	      0.00000000	   7650.35069946	      0.00000000	  45905.17404225	  28363.35573367	   4099.09720788	  31807.20315635	      0.00000000	      0.00000000	   1800.75379168	    341.35883476	      0.00000000	  13666.90463218	      0.00000000	    744.86363276	   3993.63415330	    515.13715604	      0.00000000	      0.00000000	      0.00000000	      0.00000000	   8824.13726311	   1388.23279425	   1460.30692088	     78.43190098	      0.00000000	      0.00000000	      0.00000000	      0.00000000	      0.00000000	      0.00000000	      0.00000000	      0.00000000	      0.00000000	      0.00000000	      0.00000000	     46.76695127	 146979.71373554	 157003.76251351	      0.00000000	      0.00000000	   5916.21919171	   7112.38972397
      2.20400000	      0.00000000	      0.00000000	      0.00000000	      0.00000000	      0.00000000	      0.00000000	      0.00000000	   9062.88058389	      0.00000000	  64285.60465949	  30672.23584853	   4364.98894267	  24490.18029066	      0.00000000	      0.00000000	     29.55934668	    625.06552370	      0.00000000	  14856.07711644	      0.00000000	      0.00000000	      0.00000000	   7046.31298610	   1845.25254178	      0.00000000	      0.00000000	      0.00000000	   3983.28736670	      0.00000000	      0.00000000	      0.00000000	      0.00000000	      0.00000000	      0.00000000	      0.00000000	      0.00000000	      0.00000000	      0.00000000	      0.00000000	      0.00000000	      0.00000000	      0.00000000	      3.09485982	      0.00000000	      0.00000000	      0.00000000	      0.00000000	      0.00000000	      0.00000000	      0.00000000	   7926.15402064	      0.00000000	  46772.82372704	  28303.44867116	   3840.22879924	  31543.45463929	      0.00000000	      0.00000000	   1922.13729294	    306.51301503	      0.00000000	  13782.20650658	      0.00000000	   1165.91369444	   4312.51443022	    104.76902970	      0.00000000	      0.00000000	      0.00000000	      0.00000000	   8293.17674848	    605.79717652	    667.83516345	      0.00000000	      0.00000000	      0.00000000	      0.00000000	      0.00000000	      0.00000000	      0.00000000	      0.00000000	      0.00000000	      0.00000000	      0.00000000	      0.00000000	     39.89861065	 147542.17968966	 156755.95922702	      0.00000000	      0.00000000	   5867.59557920	   7119.87898855
      2.22000000	      0.00000000	      0.00000000	      0.00000000	      0.00000000	      0.00000000	      0.00000000	      0.00000000	   9004.61584620	      0.00000000	  64605.51548001	  30769.59092543	   4605.29947560	  24684.23558493	      0.00000000	      0.00000000	     11.18412903	    643.69966866	      0.00000000	  14884.72734035	      0.00000000	      0.00000000	      0.00000000	   7605.24722324	   2208.26437410	      0.00000000	      0.00000000	      0.00000000	   4021.27190185	      0.00000000	      0.00000000	      0.00000000	      0.00000000	      0.00000000	      0.00000000	      0.00000000	      0.00000000	      0.00000000	      0.00000000	      0.00000000	      0.00000000	      0.00000000	      0.00000000	      2.40221777	      0.00000000	      0.00000000	      0.00000000	      0.00000000	      0.00000000	      0.00000000	      0.00000000	   8228.45714280	      0.00000000	  47887.32874258	  28265.68948723	   3672.22626558	  31479.51628721	      0.00000000	      0.00000000	   2032.73823044	    271.37546422	      0.00000000	  13930.52515514	      0.00000000	   1492.74221691	   4584.20253109	     17.11522020	      0.00000000	      0.00000000	      0.00000000	      0.00000000	   7695.39150432	     49.13004597	     64.21566042	      0.00000000	      0.00000000	      0.00000000	      0.00000000	      0.00000000	      0.00000000	      0.00000000	      0.00000000	      0.00000000	      0.00000000	      0.00000000	      0.00000000	     37.19636240	 147927.78818793	 156682.34589544	      0.00000000	      0.00000000	   5809.28757926	   7135.24170334
      2.23600000	      0.00000000	      0.00000000	      0.00000000	      0.00000000	      0.00000000	      0.00000000	      0.00000000	   8945.02136801	      0.00000000	  64885.84832554	  30861.24363725	   4816.33408961	  24798.40087546	      0.00000000	      0.00000000	      1.90621585	    663.04047049	      0.00000000	  14908.01045058	      0.00000000	      0.00000000	      0.00000000	   8139.15892139	   2554.73173065	      0.00000000	      0.00000000	      0.00000000	   4067.99382219	      0.00000000	      0.00000000	      0.00000000	      0.00000000	      0.00000000	      0.00000000	      0.00000000	      0.00000000	      0.00000000	      0.00000000	      0.00000000	      0.00000000	      0.00000000	      0.00000000	      1.68184551	      0.00000000	      0.00000000	      0.00000000	      0.00000000	      0.00000000	      0.00000000	      0.00000000	   8555.45447597	      0.00000000	  49255.01977059	  28250.25921287	   3603.08490974	  31625.31395946	      0.00000000	      0.00000000	   2130.67148689	    236.80416510	      0.00000000	  14110.04444124	      0.00000000	   1715.48857949	   4800.74266838	      0.00000000	      0.00000000	      0.00000000	      0.00000000	      0.00000000	   7029.45189307	      0.00000000	      0.00000000	      0.00000000	      0.00000000	      0.00000000	      0.00000000	      0.00000000	      0.00000000	      0.00000000	      0.00000000	      0.00000000	      0.00000000	      0.00000000	      0.00000000	     37.33857579	 148080.77385191	 156815.98538547	      0.00000000	      0.00000000	   5735.28571195	   7167.66550798
      2.25200000	      0.00000000	      0.00000000	      0.00000000	      0.00000000	      0.00000000	      0.00000000	      0.00000000	   8883.66530389	      0.00000000	  65132.44965477	  30948.67695010	   4998.49111956	  24828.09021281	      0.00000000	      0.00000000	      0.00000000	    683.29568921	      0.00000000	  14926.11097280	      0.00000000	      0.00000000	      0.00000000	   8652.64873692	   2887.80997994	      0.00000000	      0.00000000	      0.00000000	   4123.06549386	      0.00000000	      0.00000000	      0.00000000	      0.00000000	      0.00000000	      0.00000000	      0.00000000	      0.00000000	      0.00000000	      0.00000000	      0.00000000	      0.00000000	      0.00000000	      0.00000000	      0.97945825	      0.00000000	      0.00000000	      0.00000000	      0.00000000	      0.00000000	      0.00000000	      0.00000000	   8904.00970472	     23.88598557	  50870.73824970	  28256.53240512	   3628.50085934	  31955.66462981	      0.00000000	      0.00000000	   2213.58966838	    203.62479575	      0.00000000	  14316.28537216	      0.00000000	   1832.33116911	   4955.33455741	      0.00000000	      0.00000000	      0.00000000	      0.00000000	      0.00000000	   6295.28096134	      0.00000000	      0.00000000	      0.00000000	      0.00000000	      0.00000000	      0.00000000	      0.00000000	      0.00000000	      0.00000000	      0.00000000	      0.00000000	      0.00000000	      0.00000000	      0.00000000	     39.88134095	 147953.68172307	 157164.34274122	      0.00000000	      0.00000000	   5642.34684876	   7226.85701701
      2.26800000	      0.00000000	      0.00000000	      0.00000000	      0.00000000	      0.00000000	      0.00000000	      0.00000000	   8820.87657883	      0.00000000	  65353.04481035	  31032.93911685	   5155.72157944	  24781.95799190	      0.00000000	      0.00000000	      0.00000000	    704.37685547	      0.00000000	  14940.19348755	      0.00000000	      0.00000000	      0.00000000	   9150.47139560	   3210.76043979	      0.00000000	      0.00000000	      0.00000000	   4184.67888969	      0.00000000	      0.00000000	      0.00000000	      0.00000000	      0.00000000	      0.00000000	      0.00000000	      0.00000000	      0.00000000	      0.00000000	      0.00000000	      0.00000000	      0.00000000	      0.00000000	      0.33461760	      0.00000000	      0.00000000	      0.00000000	      0.00000000	      0.00000000	      0.00000000	      0.00000000	   9269.04672095	    131.07767108	  52710.88999620	  28282.68420937	   3733.14654254	  32417.79218655	      0.00000000	      0.00000000	   2279.09406475	    172.25562537	      0.00000000	  14542.16522781	      0.00000000	   1850.36695146	   5044.62569105	      0.00000000	      0.00000000	      0.00000000	      0.00000000	      0.00000000	   5496.11039920	      0.00000000	      0.00000000	      0.00000000	      0.00000000	      0.00000000	      0.00000000	      0.00000000	      0.00000000	      0.00000000	      0.00000000	      0.00000000	      0.00000000	      0.00000000	      0.00000000	     44.82258145	 147516.68395187	 157712.86675304	      0.00000000	      0.00000000	   5529.81107116	   7320.72460316
      2.28400000	      0.00000000	      0.00000000	      0.00000000	      0.00000000	      0.00000000	      0.00000000	      0.00000000	   8757.46383258	      0.00000000	  65556.92642943	  31114.80267216	   5295.21656046	  24679.48945692	      0.00000000	      0.00000000	      0.00000000	    726.01906131	      0.00000000	  14952.17136218	      0.00000000	      0.00000000	      0.00000000	   9638.57796619	   3527.57297005	      0.00000000	      0.00000000	      0.00000000	   4250.01958694	      0.00000000	      0.00000000	      0.00000000	      0.00000000	      0.00000000	      0.00000000	      0.00000000	      0.00000000	      0.00000000	      0.00000000	      0.00000000	      0.00000000	      0.00000000	      0.00000000	      0.00000000	      0.00000000	      0.00000000	      0.00000000	      0.00000000	      0.00000000	      0.00000000	      0.00000000	   9643.00626558	    479.51270586	  54729.23494225	  28325.82647660	   3894.33698629	  32945.26411270	      0.00000000	      2.88759399	   2325.11511923	    142.57509135	      0.00000000	  14778.48901998	      0.00000000	   1784.47969271	   5070.34563385	      0.00000000	      0.00000000	      0.00000000	      0.00000000	      0.00000000	   4640.73210179	      0.00000000	      0.00000000	      0.00000000	      0.00000000	      0.00000000	      0.00000000	      0.00000000	      0.00000000	      0.00000000	      0.00000000	      0.00000000	      0.00000000	      0.00000000	      0.00000000	     52.26949550	 146769.36043756	 158433.46762233	      0.00000000	      0.00000000	   5398.85842800	   7452.48909721
      2.30000000	      0.00000000	      0.00000000	      0.00000000	      0.00000000	      0.00000000	      0.00000000	      0.00000000	   8694.31171627	      0.00000000	  65753.37221423	  31194.83728399	   5426.50759767	  24547.33760429	      0.00000000	      0.00000000	      0.00000000	    747.90272747	      0.00000000	  14964.31324466	      0.00000000	      0.00000000	      0.00000000	  10124.42732960	   3843.12332552	      0.00000000	      0.00000000	      0.00000000	   4316.15969731	      0.00000000	      0.00000000	      0.00000000	      0.00000000	      0.00000000	      0.00000000	      0.00000000	      0.00000000	      0.00000000	      0.00000000	      0.00000000	      0.00000000	      0.00000000	      0.00000000	      0.00000000	      0.00000000	      0.00000000	      0.00000000	      0.00000000	      0.00000000	      0.00000000	      0.00000000	  10015.64226353	    900.31820606	  56857.60686008	  28382.60965161	   4087.32053737	  33475.18682889	      0.00000000	      8.16007348	   2350.30041293	    114.12793917	      0.00000000	  15014.86098006	      0.00000000	   1654.27908778	   5039.82218258	      0.00000000	      0.00000000	      0.00000000	      0.00000000	      0.00000000	   3745.15673689	      0.00000000	      0.00000000	      0.00000000	      0.00000000	      0.00000000	      0.00000000	      0.00000000	      0.00000000	      0.00000000	      0.00000000	      0.00000000	      0.00000000	      0.00000000	      0.00000000	     61.49427843	 145752.43547237	 159295.06010716	      0.00000000	      0.00000000	   5251.44853388	   7617.96016983
      2.31600000	      0.00000000	      0.00000000	      0.00000000	      0.00000000	      0.00000000	      0.00000000	      0.00000000	   8631.99846719	      0.00000000	  65949.13575250	  31273.34218597	   5560.16363589	  24415.60021194	      0.00000000	      0.00000000	      0.00000000	    769.73399502	      0.00000000	  14978.79093123	      0.00000000	      0.00000000	      0.00000000	  10616.16406599	   4162.62001718	      0.00000000	      0.00000000	      0.00000000	   4381.14915904	      0.00000000	      0.00000000	      0.00000000	      0.00000000	      0.00000000	      0.00000000	      0.00000000	      0.00000000	      0.00000000	      0.00000000	      0.00000000	      0.00000000	      0.00000000	      0.00000000	      0.00000000	      0.00000000	      0.00000000	      0.00000000	      0.00000000	      0.00000000	      0.00000000	      0.00000000	  10374.22161502	   1313.57819093	  59020.27100728	  28451.06336622	   4290.58757724	  33963.26819369	      0.00000000	     13.08246239	   2354.41339186	     87.38773056	      0.00000000	  15240.94018657	      0.00000000	   1480.27675297	   4965.29610159	      0.00000000	      0.00000000	      0.00000000	      0.00000000	      0.00000000	   2830.86261925	      0.00000000	      0.00000000	      0.00000000	      0.00000000	      0.00000000	      0.00000000	      0.00000000	      0.00000000	      0.00000000	      0.00000000	      0.00000000	      0.00000000	      0.00000000	      0.00000000	     70.45818883	 144553.93929768	 160271.45441308	      0.00000000	      0.00000000	   5089.34014323	   7804.38615463
      2.33200000	      0.00000000	      0.00000000	      0.00000000	      0.00000000	      0.00000000	      0.00000000	      0.00000000	   8570.60910796	      0.00000000	  66146.04727222	  31350.16710672	   5706.34669610	  24315.04837905	      0.00000000	      0.00000000	      0.00000000	    791.25583087	      0.00000000	  14997.30336254	      0.00000000	      0.00000000	      0.00000000	  11120.62455375	   4490.32648091	      0.00000000	      0.00000000	      0.00000000	   4444.81140851	      0.00000000	      0.00000000	      0.00000000	      0.00000000	      0.00000000	      0.00000000	      0.00000000	      0.00000000	      0.00000000	      0.00000000	      0.00000000	      0.00000000	      0.00000000	      0.00000000	      0.00000000	      0.00000000	      0.00000000	      0.00000000	      0.00000000	      0.00000000	      0.00000000	      0.00000000	  10704.40491999	   1705.18059631	  61133.32854246	  28529.03878639	   4489.23082518	  34390.92729223	      0.00000000	     15.97368439	   2338.70378197	     64.06100576	      0.00000000	  15449.16129081	      0.00000000	   1281.18532588	   4862.41481484	     16.75088741	      0.00000000	      0.00000000	      0.00000000	      0.00000000	   1933.49755245	      0.00000000	      0.00000000	      0.00000000	      0.00000000	      0.00000000	      0.00000000	      0.00000000	      0.00000000	      0.00000000	      0.00000000	      0.00000000	      0.00000000	      0.00000000	      0.00000000	     77.73584189	 143302.55888558	 161341.44990430	      0.00000000	      0.00000000	   4913.83836759	   7992.34486887
      2.34800000	      0.00000000	      0.00000000	      0.00000000	      0.00000000	      0.00000000	      0.00000000	      0.00000000	   8509.80239090	      0.00000000	  66339.32579141	  31424.48121849	   5873.20003781	  24274.92050493	      0.00000000	      0.00000000	      0.00000000	    812.19057822	      0.00000000	  15020.78815297	      0.00000000	      0.00000000	      0.00000000	  11640.33141856	   4827.66214685	      0.00000000	      0.00000000	      0.00000000	   4509.06181930	      0.00000000	      0.00000000	      0.00000000	      0.00000000	      0.00000000	      0.00000000	      0.00000000	      0.00000000	      0.00000000	      0.00000000	      0.00000000	      0.00000000	      0.00000000	      0.00000000	      0.00000000	      0.00000000	      0.00000000	      0.00000000	      0.00000000	      0.00000000	      0.00000000	      0.00000000	  10991.99919479	   2058.31820036	  63099.92081355	  28612.09532795	   4674.91955382	  34761.18673822	      0.00000000	     16.40387729	   2306.20374157	     47.44469138	      0.00000000	  15629.05597225	      0.00000000	   1073.86255235	   4748.59533083	     52.80645322	      0.00000000	      0.00000000	      0.00000000	      0.00000000	   1101.87522406	      0.00000000	      0.00000000	      0.00000000	      0.00000000	      0.00000000	      0.00000000	      0.00000000	      0.00000000	      0.00000000	      0.00000000	      0.00000000	      0.00000000	      0.00000000	      0.00000000	     82.16103965	 142146.13044559	 162478.03292569	      0.00000000	      0.00000000	   4727.11147841	   8160.52453693
      2.36400000	      0.00000000	      0.00000000	      0.00000000	      0.00000000	      0.00000000	      0.00000000	      0.00000000	   8449.03033175	      0.00000000	  66517.00752768	  31494.63466495	   6065.02739902	  24320.05721058	      0.00000000	      0.00000000	      0.00000000	    832.16675337	      0.00000000	  15049.16402170	      0.00000000	      0.00000000	      0.00000000	  12170.21251901	   5171.14628442	      0.00000000	      0.00000000	      0.00000000	   4577.79580785	      0.00000000	      0.00000000	      0.00000000	      0.00000000	      0.00000000	      0.00000000	      0.00000000	      0.00000000	      0.00000000	      0.00000000	      0.00000000	      0.00000000	      0.00000000	      0.00000000	      0.00000000	      0.00000000	      0.00000000	      0.00000000	      0.00000000	      0.00000000	      0.00000000	      0.00000000	  11233.43240532	   2356.10562171	  64789.38626834	  28690.50359528	   4842.55909412	  35085.04317403	      0.00000000	     15.24269465	   2261.84735397	     34.39913488	      0.00000000	  15784.69330402	      0.00000000	    875.62719697	   4641.62257840	    124.16759485	      0.00000000	      0.00000000	      0.00000000	      0.00000000	    380.84673085	      0.00000000	      0.00000000	      0.00000000	      0.00000000	      0.00000000	      0.00000000	      0.00000000	      0.00000000	      0.00000000	      0.00000000	      0.00000000	      0.00000000	      0.00000000	      0.00000000	     83.18752817	 141223.08415992	 163630.18086247	      0.00000000	      0.00000000	   4535.08390535	   8291.10448726
      2.38000000	      0.00000000	      0.00000000	      0.00000000	      0.00000000	      0.00000000	      0.00000000	      0.00000000	   8387.73746451	      0.00000000	  66660.79675934	  31558.26960502	   6280.83304197	  24467.56640152	      0.00000000	      0.00000000	      0.00000000	    850.68392051	      0.00000000	  15081.14319607	      0.00000000	      0.00000000	      0.00000000	  12695.51098240	   5511.11659517	      0.00000000	      0.00000000	      0.00000000	   4656.47887934	      0.00000000	      0.00000000	      0.00000000	      0.00000000	      0.00000000	      0.00000000	      0.00000000	      0.00000000	      0.00000000	      0.00000000	      0.00000000	      0.00000000	      0.00000000	      0.00000000	      0.00000000	      0.00000000	      0.00000000	      0.00000000	      0.00000000	      0.00000000	      0.00000000	      0.00000000	  11425.47969532	   2587.34931613	  66093.91940478	  28755.69969039	   4985.44378455	  35364.58788069	      0.00000000	     13.62175568	   2212.21451411	     23.88922915	      0.00000000	  15908.51848643	      0.00000000	    706.57060858	   4558.04946164	    246.33550524	      0.00000000	      0.00000000	      0.00000000	      0.00000000	     75.72643521	      0.00000000	      0.00000000	      0.00000000	      0.00000000	      0.00000000	      0.00000000	      0.00000000	      0.00000000	      0.00000000	      0.00000000	      0.00000000	      0.00000000	      0.00000000	      0.00000000	     81.18545732	 140638.71913169	 164706.38435830	      0.00000000	      0.00000000	   4350.59519028	   8373.24818492
      2.39600000	      0.00000000	      0.00000000	      0.00000000	      0.00000000	      0.00000000	      0.00000000	      0.00000000	   8325.43183150	      0.00000000	  66748.34866572	  31612.70671984	   6514.21165466	  24724.93290320	      0.00000000	      0.00000000	      0.00000000	    867.13453523	      0.00000000	  15114.26866581	      0.00000000	      0.00000000	      0.00000000	  13192.36666859	   5832.16062977	      0.00000000	      0.00000000	      0.00000000	   4751.46514885	      0.00000000	      0.00000000	      0.00000000	      0.00000000	      0.00000000	      0.00000000	      0.00000000	      0.00000000	      0.00000000	      0.00000000	      0.00000000	      0.00000000	      0.00000000	      0.00000000	      0.00000000	      0.00000000	      0.00000000	      0.00000000	      0.00000000	      0.00000000	      0.00000000	      0.00000000	  11562.91375431	   2751.37638296	  67003.28129371	  28806.83194746	   5091.53510449	  35580.71529116	      0.00000000	     12.16419174	   2164.74523524	     16.56843911	      0.00000000	  15997.79539484	      0.00000000	    589.09267381	   4510.78860343	    403.72797803	      0.00000000	      0.00000000	      0.00000000	      0.00000000	     12.30210895	      0.00000000	      0.00000000	      0.00000000	      0.00000000	      0.00000000	      0.00000000	      0.00000000	      0.00000000	      0.00000000	      0.00000000	      0.00000000	      0.00000000	      0.00000000	      0.00000000	     77.52782417	 140451.80551538	 165568.51331492	      0.00000000	      0.00000000	   4195.06712210	   8404.10977198
      2.41200000	      0.00000000	      0.00000000	      0.00000000	      0.00000000	      0.00000000	      0.00000000	      0.00000000	   8261.64118286	      0.00000000	  66756.54479718	  31655.45875617	   6755.12810637	  25091.08495060	      0.00000000	      0.00000000	      0.00000000	    880.87442454	      0.00000000	  15145.30098169	      0.00000000	      0.00000000	      0.00000000	  13631.73352110	   6115.66396553	      0.00000000	      0.00000000	      0.00000000	   4868.98085189	      0.00000000	      0.00000000	      0.00000000	      0.00000000	      0.00000000	      0.00000000	      0.00000000	      0.00000000	      0.00000000	      0.00000000	      0.00000000	      0.00000000	      0.00000000	      0.00000000	      0.00000000	      0.00000000	      0.00000000	      0.00000000	      0.00000000	      0.00000000	      0.00000000	      0.00000000	  11646.33494104	   2854.23447432	  67550.56417234	  28844.35169747	   5143.05323492	  35691.40266560	      0.00000000	     10.86831942	   2126.49300969	     12.15852347	      0.00000000	  16051.99803329	      0.00000000	    543.71382371	   4506.19526595	    500.64063853	      0.00000000	      0.00000000	      0.00000000	      0.00000000	      0.00000000	      0.00000000	      0.00000000	      0.00000000	      0.00000000	      0.00000000	      0.00000000	      0.00000000	      0.00000000	      0.00000000	      0.00000000	      0.00000000	      0.00000000	      0.00000000	      0.00000000	     74.38884192	 140670.07431080	 166042.21268824	      0.00000000	      0.00000000	   4097.11514733	   8388.18912261
      2.42800000	      0.00000000	      0.00000000	      0.00000000	      0.00000000	      0.00000000	      0.00000000	      0.00000000	   8195.86826674	      0.00000000	  66665.13648586	  31684.65654756	   6993.03567220	  25559.59691308	      0.00000000	      0.00000000	      0.00000000	    891.32314843	      0.00000000	  15170.91922445	      0.00000000	      0.00000000	      0.00000000	  13986.00227877	   6344.04820252	      0.00000000	      0.00000000	      0.00000000	   5013.78300027	      0.00000000	      0.00000000	      0.00000000	      0.00000000	      0.00000000	      0.00000000	      0.00000000	      0.00000000	      0.00000000	      0.00000000	      0.00000000	      0.00000000	      0.00000000	      0.00000000	      0.00000000	      0.00000000	      0.00000000	      0.00000000	      0.00000000	      0.00000000	      0.00000000	      0.00000000	  11679.77454953	   2904.15963236	  67773.14973805	  28867.45298021	   5120.14655919	  35642.29979669	      0.00000000	      9.33491674	   2102.79070012	      9.96236406	      0.00000000	  16070.89043246	      0.00000000	    583.11653341	   4542.25372271	    494.87175517	      0.00000000	      0.00000000	      0.00000000	      0.00000000	      0.00000000	      0.00000000	      0.00000000	      0.00000000	      0.00000000	      0.00000000	      0.00000000	      0.00000000	      0.00000000	      0.00000000	      0.00000000	      0.00000000	      0.00000000	      0.00000000	      0.00000000	     74.25275758	 141253.14756714	 165946.86069003	      0.00000000	      0.00000000	   4087.24078643	   8335.57114216
      2.44400000	      0.00000000	      0.00000000	      0.00000000	      0.00000000	      0.00000000	      0.00000000	      0.00000000	   8127.66888616	      0.00000000	  66460.31576439	  31699.27671150	   7219.85648939	  26121.12716574	      0.00000000	      0.00000000	      0.00000000	    898.07443979	      0.00000000	  15188.51916868	      0.00000000	      0.00000000	      0.00000000	  14236.40317909	   6505.46300074	      0.00000000	      0.00000000	      0.00000000	   5187.77200783	      0.00000000	      0.00000000	      0.00000000	      0.00000000	      0.00000000	      0.00000000	      0.00000000	      0.00000000	      0.00000000	      0.00000000	      0.00000000	      0.00000000	      0.00000000	      0.00000000	      0.00000000	      0.00000000	      0.00000000	      0.00000000	      0.00000000	      0.00000000	      0.00000000	      0.00000000	  11669.03862285	   2908.74848592	  67703.83318998	  28874.71873904	   5007.44831203	  35386.06200342	      0.00000000	      7.17075277	   2096.38102670	      9.49568882	      0.00000000	  16054.51473381	      0.00000000	    708.26701373	   4609.82378077	    375.18616738	      0.00000000	      0.00000000	      0.00000000	      0.00000000	      0.00000000	      0.00000000	      0.00000000	      0.00000000	      0.00000000	      0.00000000	      0.00000000	      0.00000000	      0.00000000	      0.00000000	      0.00000000	      0.00000000	      0.00000000	      0.00000000	      0.00000000	     79.23342554	 142123.13586105	 165140.73644393	      0.00000000	      0.00000000	   4189.45976038	   8259.00542391
      2.46000000	      0.00000000	      0.00000000	      0.00000000	      0.00000000	      0.00000000	      0.00000000	      0.00000000	   8056.85242482	      0.00000000	  66138.06897552	  31699.26419461	   7431.59706094	  26763.13886346	      0.00000000	      0.00000000	      0.00000000	    901.00128599	      0.00000000	  15196.84673871	      0.00000000	      0.00000000	      0.00000000	  14378.85937873	   6597.46640574	      0.00000000	      0.00000000	      0.00000000	   5389.16422650	      0.00000000	      0.00000000	      0.00000000	      0.00000000	      0.00000000	      0.00000000	      0.00000000	      0.00000000	      0.00000000	      0.00000000	      0.00000000	      0.00000000	      0.00000000	      0.00000000	      0.00000000	      0.00000000	      0.00000000	      0.00000000	      0.00000000	      0.00000000	      0.00000000	      0.00000000	  11620.97289895	   2874.24551075	  67370.72030856	  28864.81458359	   4800.77133605	  34902.57430871	      0.00000000	      4.41746743	   2107.28949435	     10.60051539	      0.00000000	  16004.26771352	      0.00000000	    909.05447504	   4697.05619633	    194.84831393	      0.00000000	      0.00000000	      0.00000000	      0.00000000	      0.00000000	      0.00000000	      0.00000000	      0.00000000	      0.00000000	      0.00000000	      0.00000000	      0.00000000	      0.00000000	      0.00000000	      0.00000000	      0.00000000	      0.00000000	      0.00000000	      0.00000000	     90.41085516	 143182.51151901	 163568.75162393	      0.00000000	      0.00000000	   4412.53729840	   8170.21290441
      2.47600000	      0.00000000	      0.00000000	      0.00000000	      0.00000000	      0.00000000	      0.00000000	      0.00000000	   7983.65049122	      0.00000000	  65707.15560986	  31685.74819196	   7628.57157965	  27468.21524389	      0.00000000	      0.00000000	      0.00000000	    900.34801128	      0.00000000	  15196.32602069	      0.00000000	      0.00000000	      0.00000000	  14426.70320966	   6628.71575109	      0.00000000	      0.00000000	      0.00000000	   5612.82640214	      0.00000000	      0.00000000	      0.00000000	      0.00000000	      0.00000000	      0.00000000	      0.00000000	      0.00000000	      0.00000000	      0.00000000	      0.00000000	      0.00000000	      0.00000000	      0.00000000	      0.00000000	      0.00000000	      0.00000000	      0.00000000	      0.00000000	      0.00000000	      0.00000000	      0.00000000	  11543.69017395	   2806.91656821	  66805.43307220	  28837.31730356	   4511.05974487	  34211.77751772	      0.00000000	      1.59345994	   2133.15918544	     13.35545715	      0.00000000	  15924.46105428	      0.00000000	   1167.98177042	   4794.30733140	     71.68540945	      0.00000000	      0.00000000	      0.00000000	      0.00000000	     18.41312063	      0.00000000	      0.00000000	      0.00000000	      0.00000000	      0.00000000	      0.00000000	      0.00000000	      0.00000000	      0.00000000	      0.00000000	      0.00000000	      0.00000000	      0.00000000	      0.00000000	    107.43427091	 144336.70669055	 161296.86969871	      0.00000000	      0.00000000	   4744.11121538	   8076.68833558
      2.49200000	      0.00000000	      0.00000000	      0.00000000	      0.00000000	      0.00000000	      0.00000000	      0.00000000	   7908.70018632	      0.00000000	  65191.11605528	  31661.41508975	   7814.80630921	  28213.36311252	      0.00000000	      0.00000000	      0.00000000	    896.81022852	      0.00000000	  15189.05324764	      0.00000000	      0.00000000	      0.00000000	  14409.69959373	   6618.33842144	      0.00000000	      0.00000000	      0.00000000	   5851.67996337	      0.00000000	      0.00000000	      0.00000000	      0.00000000	      0.00000000	      0.00000000	      0.00000000	      0.00000000	      0.00000000	      0.00000000	      0.00000000	      0.00000000	      0.00000000	      0.00000000	      0.00000000	      0.00000000	      0.00000000	      0.00000000	      0.00000000	      0.00000000	      0.00000000	      0.00000000	  11447.03660548	   2715.13257663	  66055.71262506	  28793.86060931	   4164.12263356	  33374.92915275	      0.00000000	      0.00000000	   2169.62503742	     17.81730246	      0.00000000	  15823.33241168	      0.00000000	   1463.46734079	   4896.39464294	     13.76752693	      0.00000000	      0.00000000	      0.00000000	      0.00000000	     65.15535870	      0.00000000	      0.00000000	      0.00000000	      0.00000000	      0.00000000	      0.00000000	      0.00000000	      0.00000000	      0.00000000	      0.00000000	      0.00000000	      0.00000000	      0.00000000	      2.98134936	    128.55305203	 145514.34833184	 158520.06101994	      0.00000000	      0.00000000	   5150.26517127	   7980.52939733
