FiberActivePower
version=1
nRows=126
nColumns=93
inDegrees=no

This analysis gathers basic information about muscles during a simulation (e.g., forces, tendon lengths, moment arms, etc).
Units are S.I. units (second, meters, Newtons, ...)
If the header above contains a line with 'inDegrees', this indicates whether rotational values are in degrees (yes) or radians (no).

endheader
time	glut_med1_r	glut_med2_r	glut_med3_r	glut_min1_r	glut_min2_r	glut_min3_r	semimem_r	semiten_r	bifemlh_r	bifemsh_r	sar_r	add_long_r	add_brev_r	add_mag1_r	add_mag2_r	add_mag3_r	tfl_r	pect_r	grac_r	glut_max1_r	glut_max2_r	glut_max3_r	iliacus_r	psoas_r	quad_fem_r	gem_r	peri_r	rect_fem_r	vas_med_r	vas_int_r	vas_lat_r	med_gas_r	lat_gas_r	soleus_r	tib_post_r	flex_dig_r	flex_hal_r	tib_ant_r	per_brev_r	per_long_r	per_tert_r	ext_dig_r	ext_hal_r	glut_med1_l	glut_med2_l	glut_med3_l	glut_min1_l	glut_min2_l	glut_min3_l	semimem_l	semiten_l	bifemlh_l	bifemsh_l	sar_l	add_long_l	add_brev_l	add_mag1_l	add_mag2_l	add_mag3_l	tfl_l	pect_l	grac_l	glut_max1_l	glut_max2_l	glut_max3_l	iliacus_l	psoas_l	quad_fem_l	gem_l	peri_l	rect_fem_l	vas_med_l	vas_int_l	vas_lat_l	med_gas_l	lat_gas_l	soleus_l	tib_post_l	flex_dig_l	flex_hal_l	tib_ant_l	per_brev_l	per_long_l	per_tert_l	ext_dig_l	ext_hal_l	ercspn_r	ercspn_l	intobl_r	intobl_l	extobl_r	extobl_l
      0.49200000	-391112.55955903	    -10.61750261	  -2500.95925700	   -251.05327229	 -19352.91274089	-12784145428.62031364	    -14.95999604	-59400023.24699338	-160633.00417341	-735833921.93353772	-6214573707.34875679	-2427209.92547518	-223143867.07310703	     -0.21982180	      0.00000000	-925374.64004754	  -5652.01815860	      0.00000000	-914074095.40254414	      0.00000000	-171691.77599607	-3396288.34679692	      0.78024137	      0.00000000	 -81268.85044941	-86578098900615793999872.00000000	-3642612840262691454976.00000000	-295561.37979653	      0.00000000	      0.00000000	     -2.97486164	-135003.66526429	 -12393.63584815	-57737792.65670066	-559439849304350400.00000000	-137712826354445.09375000	-997449654.69429493	     -0.90531161	-8354407.19247263	-32616624.14657934	    -30.25397254	      0.00000000	   -537.77618665	-391112.55955903	    -10.61750261	  -2500.95925700	   -251.05327229	 -19352.91274089	-12784145428.62031364	    -14.95999604	-40892654.66550247	      0.00000000	-891078990.05082321	-7413919643.27238083	-8124213.46193323	-177852947.45316917	     -0.21982180	      0.00000000	      0.00000000	-123761.53771070	      0.00000000	-913936594.43800223	      0.00000000	      0.00000000	      0.00000000	-7344843.81814426	-1207808.80692212	 -81268.85044941	-86578098900615793999872.00000000	-3642612840262691454976.00000000	-973375.51472644	      0.00000000	      0.00000000	     -2.97486164	-135003.66526429	 -12393.63584815	-57737792.65670066	-559439849304350400.00000000	-137712826354445.09375000	-997449654.69429493	     -0.90531161	-8354407.19247263	-32616624.14657934	    -30.25397254	      0.00000000	      0.26025270	-855748333.71204638	-635796349.58495820	      0.00000000	      0.00000000	-4697810.44706989	-739673.58805348
      0.50800000	-391112.55955903	    -10.61750261	  -2500.95925700	   -251.05327229	 -19352.91274089	-12784145428.62031364	    -14.95999604	-62593395.34834664	-251508.07028991	-783385239.00231564	-6257066287.22288227	-2594166.13773262	-227369043.31706885	     -0.21982180	      0.00000000	-885700.78648932	  -3513.49510649	      0.00000000	-935088234.22690499	      0.00000000	-134352.18353280	-3318058.74265043	     -3.73368109	      0.00000000	 -81268.85044941	-86578098900615793999872.00000000	-3642612840262691454976.00000000	-111808.61716900	      0.00000000	      0.00000000	     -2.97486164	-135003.66526429	 -12393.63584815	-57737792.65670066	-559439849304350400.00000000	-137712826354445.09375000	-997449654.69429493	     -0.90531161	-8354407.19247263	-32616624.14657934	    -30.25397254	      0.00000000	   -500.89989235	-391112.55955903	    -10.61750261	  -2500.95925700	   -251.05327229	 -19352.91274089	-12784145428.62031364	    -14.95999604	-40334671.28159762	      0.00000000	-894158875.31866443	-7444303609.10996914	-8247488.60559682	-173778077.17257589	     -0.21982180	      0.00000000	      0.00000000	-131553.18121103	      0.00000000	-913821947.73706853	      0.00000000	      0.00000000	      0.00000000	-7859900.99770117	-1341059.59153816	 -81268.85044941	-86578098900615793999872.00000000	-3642612840262691454976.00000000	-1008684.36217902	      0.00000000	      0.00000000	     -2.97486164	-135003.66526429	 -12393.63584815	-57737792.65670066	-559439849304350400.00000000	-137712826354445.09375000	-997449654.69429493	     -0.90531161	-8354407.19247263	-32616624.14657934	    -30.25397254	      0.00000000	      0.26777350	-865243804.83235204	-620771346.52397263	      0.00000000	      0.00000000	-4975605.09209088	-680988.31539034
      0.52400000	-391112.55955903	    -10.61750261	  -2500.95925700	   -251.05327229	 -19352.91274089	-12784145428.62031364	    -14.95999604	-65650359.76543117	-354605.69845634	-827697889.91762841	-6291560870.01195145	-2756872.38830208	-231453621.09841231	     -0.21982180	      0.00000000	-849827.32573398	  -1837.42573581	      0.00000000	-954898771.69044149	      0.00000000	-105122.30107626	-3256547.02048467	   -353.52992293	      0.00000000	 -81268.85044941	-86578098900615793999872.00000000	-3642612840262691454976.00000000	 -18861.80449356	      0.00000000	      0.00000000	     -2.97486164	-135003.66526429	 -12393.63584815	-57737792.65670066	-559439849304350400.00000000	-137712826354445.09375000	-997449654.69429493	     -0.90531161	-8354407.19247263	-32616624.14657934	    -30.25397254	      0.00000000	   -458.81706634	-391112.55955903	    -10.61750261	  -2500.95925700	   -251.05327229	 -19352.91274089	-12784145428.62031364	    -14.95999604	-39799765.87958882	      0.00000000	-896888310.23787105	-7472553145.50807476	-8386453.59624611	-170217093.70163870	     -0.21982180	      0.00000000	      0.00000000	-139166.91232183	      0.00000000	-913959423.33985376	      0.00000000	      0.00000000	      0.00000000	-8379086.50651021	-1477644.59288350	 -81268.85044941	-86578098900615793999872.00000000	-3642612840262691454976.00000000	-1044890.34629352	      0.00000000	      0.00000000	     -2.97486164	-135003.66526429	 -12393.63584815	-57737792.65670066	-559439849304350400.00000000	-137712826354445.09375000	-997449654.69429493	     -0.90531161	-8354407.19247263	-32616624.14657934	    -30.25397254	      0.00000000	      0.24800936	-874033125.61444211	-606678735.88694656	      0.00000000	      0.00000000	-5244369.88040306	-628031.85415438
      0.54000000	-391112.55955903	    -10.61750261	  -2500.95925700	   -251.05327229	 -19352.91274089	-12784145428.62031364	    -14.95999604	-68377726.49630138	-455871.54591438	-863486904.98625326	-6313216731.52818489	-2895556.57779112	-235137469.61875764	     -0.21982180	      0.00000000	-822459.66961560	   -690.47138119	      0.00000000	-971550326.83206940	      0.00000000	 -86961.11204583	-3233454.49348971	  -1171.94789577	      0.00000000	 -81268.85044941	-86578098900615793999872.00000000	-3642612840262691454976.00000000	   -165.58231855	      0.00000000	      0.00000000	     -2.97486164	-135003.66526429	 -12393.63584815	-57737792.65670066	-559439849304350400.00000000	-137712826354445.09375000	-997449654.69429493	     -0.90531161	-8354407.19247263	-32616624.14657934	    -30.25397254	      0.00000000	   -404.86910691	-391112.55955903	    -10.61750261	  -2500.95925700	   -251.05327229	 -19352.91274089	-12784145428.62031364	    -14.95999604	-39276616.20603096	      0.00000000	-898697969.59392273	-7497483600.56022835	-8565343.21440661	-167835745.57456550	     -0.21982180	      0.00000000	      0.00000000	-146203.61381286	      0.00000000	-914424942.41898298	      0.00000000	      0.00000000	      0.00000000	-8882899.03953783	-1612233.63418872	 -81268.85044941	-86578098900615793999872.00000000	-3642612840262691454976.00000000	-1086674.17009664	      0.00000000	      0.00000000	     -2.97486164	-135003.66526429	 -12393.63584815	-57737792.65670066	-559439849304350400.00000000	-137712826354445.09375000	-997449654.69429493	     -0.90531161	-8354407.19247263	-32616624.14657934	    -30.25397254	      0.00000000	      0.19248003	-880929523.50388682	-595058515.16028714	      0.00000000	      0.00000000	-5474753.49621529	-587520.23648392
      0.55600000	-391112.55955903	    -10.61750261	  -2500.95925700	   -251.05327229	 -19352.91274089	-12784145428.62031364	    -14.95999604	-70563938.71867327	-543327.47797538	-888867806.52795804	-6322862502.87177849	-2988992.31921718	-238069434.59481800	     -0.21982180	      0.00000000	-807109.69808622	   -230.21982664	      0.00000000	-984039889.20981121	      0.00000000	 -80851.96078946	-3262735.69988580	  -1897.00964763	      0.00000000	 -81268.85044941	-86578098900615793999872.00000000	-3642612840262691454976.00000000	      2.05212487	      0.00000000	      0.00000000	     -2.97486164	-135003.66526429	 -12393.63584815	-57737792.65670066	-559439849304350400.00000000	-137712826354445.09375000	-997449654.69429493	     -0.90531161	-8354407.19247263	-32616624.14657934	    -30.25397254	      0.00000000	   -347.63019988	-391112.55955903	    -10.61750261	  -2500.95925700	   -251.05327229	 -19352.91274089	-12784145428.62031364	    -14.95999604	-38754690.76206332	      0.00000000	-899152358.12184489	-7518318529.45708942	-8807502.97726935	-167200398.59208915	     -0.21982180	      0.00000000	      0.00000000	-152311.43871508	      0.00000000	-915291255.20156598	      0.00000000	      0.00000000	      0.00000000	-9353884.63905690	-1739839.25804174	 -81268.85044941	-86578098900615793999872.00000000	-3642612840262691454976.00000000	-1138317.81572047	      0.00000000	      0.00000000	     -2.97486164	-135003.66526429	 -12393.63584815	-57737792.65670066	-559439849304350400.00000000	-137712826354445.09375000	-997449654.69429493	     -0.90531161	-8354407.19247263	-32616624.14657934	    -30.25397254	      0.00000000	      0.08339236	-884975695.53239417	-587005450.58139002	      0.00000000	      0.00000000	-5645769.24453742	-564185.01029343
      0.57200000	-391112.55955903	    -10.61750261	  -2500.95925700	   -251.05327229	 -19352.91274089	-12784145428.62031364	    -14.95999604	-72100254.25709958	-609716.70950793	-904068370.10358036	-6323075781.02446270	-3018749.08203115	-239875207.74825209	     -0.21982180	      0.00000000	-805946.50249217	    -76.32653312	      0.00000000	-992091194.37542176	      0.00000000	 -87525.07327246	-3349858.17292578	  -1657.63893874	      0.00000000	 -81268.85044941	-86578098900615793999872.00000000	-3642612840262691454976.00000000	      0.00000000	      0.00000000	      0.00000000	     -2.97486164	-135003.66526429	 -12393.63584815	-57737792.65670066	-559439849304350400.00000000	-137712826354445.09375000	-997449654.69429493	     -0.90531161	-8354407.19247263	-32616624.14657934	    -30.25397254	      0.00000000	   -304.56261868	-391112.55955903	    -10.61750261	  -2500.95925700	   -251.05327229	 -19352.91274089	-12784145428.62031364	    -14.95999604	-38225227.59657316	      0.00000000	-897971971.03383315	-7534694245.42697430	-9131752.22926413	-168706775.09667200	     -0.21982180	      0.00000000	      0.00000000	-157244.02991507	      0.00000000	-916607498.26809072	      0.00000000	      0.00000000	      0.00000000	-9779205.64479373	-1856611.14457372	 -81268.85044941	-86578098900615793999872.00000000	-3642612840262691454976.00000000	-1203227.09129702	      0.00000000	      0.00000000	     -2.97486164	-135003.66526429	 -12393.63584815	-57737792.65670066	-559439849304350400.00000000	-137712826354445.09375000	-997449654.69429493	     -0.90531161	-8354407.19247263	-32616624.14657934	    -30.25397254	      0.00000000	      0.00000000	-885556935.23454618	-582997695.05257940	      0.00000000	      0.00000000	-5749732.36420764	-560770.40004250
      0.58800000	-391112.55955903	    -10.61750261	  -2500.95925700	   -251.05327229	 -19352.91274089	-12784145428.62031364	    -14.95999604	-72959045.00769186	-651933.18409641	-909991430.01706576	-6315940971.14270973	-2975577.73709495	-240305911.48791412	     -0.21982180	      0.00000000	-819784.72765220	    -25.41252224	      0.00000000	-995821544.59318912	      0.00000000	-108682.03651959	-3493283.57723929	   -705.81287255	      0.00000000	 -81268.85044941	-86578098900615793999872.00000000	-3642612840262691454976.00000000	      0.00000000	      0.00000000	      0.00000000	     -2.97486164	-135003.66526429	 -12393.63584815	-57737792.65670066	-559439849304350400.00000000	-137712826354445.09375000	-997449654.69429493	     -0.90531161	-8354407.19247263	-32616624.14657934	    -30.25397254	      0.00000000	   -293.14880370	-391112.55955903	    -10.61750261	  -2500.95925700	   -251.05327229	 -19352.91274089	-12784145428.62031364	    -14.95999604	-37679884.32314877	      0.00000000	-895003926.54277933	-7546626837.57151794	-9545907.44583815	-172477838.91101411	     -0.21982180	      0.00000000	      0.00000000	-160938.24989947	      0.00000000	-918343469.12555897	      0.00000000	      0.00000000	      0.00000000	-10151607.78235579	-1960196.39753226	 -81268.85044941	-86578098900615793999872.00000000	-3642612840262691454976.00000000	-1283980.05554983	      0.00000000	      0.00000000	     -2.97486164	-135003.66526429	 -12393.63584815	-57737792.65670066	-559439849304350400.00000000	-137712826354445.09375000	-997449654.69429493	     -0.90531161	-8354407.19247263	-32616624.14657934	    -30.25397254	      0.00000000	      0.00000000	-882487578.81916463	-582878551.51929390	      0.00000000	      0.00000000	-5792340.06940456	-578189.34238678
      0.60400000	-391112.55955903	    -10.61750261	  -2500.95925700	   -251.05327229	 -19352.91274089	-12784145428.62031364	    -14.95999604	-73168587.95452009	-669453.28224891	-907639095.10899174	-6302815081.84753323	-2864515.09345332	-239376896.58218372	     -0.21982180	      0.00000000	-848049.93283881	     -9.92875057	      0.00000000	-995571877.35461998	      0.00000000	-146762.40438368	-3686311.30025599	    -44.44205434	      0.00000000	 -81268.85044941	-86578098900615793999872.00000000	-3642612840262691454976.00000000	      0.00000000	      0.00000000	      0.00000000	     -2.97486164	-135003.66526429	 -12393.63584815	-57737792.65670066	-559439849304350400.00000000	-137712826354445.09375000	-997449654.69429493	     -0.90531161	-8354407.19247263	-32616624.14657934	    -30.25397254	      0.00000000	   -331.82474971	-391112.55955903	    -10.61750261	  -2500.95925700	   -251.05327229	 -19352.91274089	-12784145428.62031364	    -14.95999604	-37107226.20073804	      0.00000000	-890137727.61599278	-7554432387.16412449	-10039555.69110285	-178272446.91967198	     -0.21982180	      0.00000000	      0.00000000	-163574.07865447	      0.00000000	-920315394.68112171	      0.00000000	      0.00000000	      0.00000000	-10467780.47924731	-2049348.85524214	 -81268.85044941	-86578098900615793999872.00000000	-3642612840262691454976.00000000	-1383040.51433438	      0.00000000	      0.00000000	     -2.97486164	-135003.66526429	 -12393.63584815	-57737792.65670066	-559439849304350400.00000000	-137712826354445.09375000	-997449654.69429493	     -0.90531161	-8354407.19247263	-32616624.14657934	    -30.25397254	      0.00000000	      0.00000000	-876029740.11625028	-586015962.00416100	      0.00000000	      0.00000000	-5787747.56037302	-615651.60638380
      0.62000000	-391112.55955903	    -10.61750261	  -2500.95925700	   -251.05327229	 -19352.91274089	-12784145428.62031364	    -14.95999604	-72792203.17341667	-663141.40313843	-897944855.00012076	-6284625613.81428528	-2704844.47227714	-237393789.52908918	     -0.21982180	      0.00000000	-888533.59746058	     -9.76297154	      0.00000000	-991823710.07880735	      0.00000000	-203133.68002713	-3917350.17860581	      0.79782064	      0.00000000	 -81268.85044941	-86578098900615793999872.00000000	-3642612840262691454976.00000000	      0.00000000	      0.00000000	      0.00000000	     -2.97486164	-135003.66526429	 -12393.63584815	-57737792.65670066	-559439849304350400.00000000	-137712826354445.09375000	-997449654.69429493	     -0.90531161	-8354407.19247263	-32616624.14657934	    -30.25397254	      0.00000000	   -451.57023493	-391112.55955903	    -10.61750261	  -2500.95925700	   -251.05327229	 -19352.91274089	-12784145428.62031364	    -14.95999604	-36488273.20036588	      0.00000000	-883180791.68521225	-7558580986.22626495	-10579776.25978486	-185463790.38204521	     -0.21982180	      0.00000000	      0.00000000	-165570.87856538	      0.00000000	-922122751.70246553	      0.00000000	      0.00000000	      0.00000000	-10724554.91035044	-2122880.70465987	 -81268.85044941	-86578098900615793999872.00000000	-3642612840262691454976.00000000	-1504013.21989072	      0.00000000	      0.00000000	     -2.97486164	-135003.66526429	 -12393.63584815	-57737792.65670066	-559439849304350400.00000000	-137712826354445.09375000	-997449654.69429493	     -0.90531161	-8354407.19247263	-32616624.14657934	    -30.25397254	      0.00000000	      0.00000000	-866798337.26920354	-591588973.36038148	      0.00000000	      0.00000000	-5751077.39080124	-670919.20512855
      0.63600000	-391112.55955903	    -10.61750261	  -2500.95925700	   -251.05327229	 -19352.91274089	-12784145428.62031364	    -14.95999604	-71915935.45189978	-634980.40396355	-881924711.52639019	-6262449755.01874256	-2524026.55596615	-234832016.35583842	     -0.21982180	      0.00000000	-936982.17132715	    -21.32657920	      0.00000000	-985172597.06966352	      0.00000000	-275528.33506176	-4168246.55530218	      1.53313595	      0.00000000	 -81268.85044941	-86578098900615793999872.00000000	-3642612840262691454976.00000000	      1.41853447	      0.00000000	      0.00000000	     -2.97486164	-135003.66526429	 -12393.63584815	-57737792.65670066	-559439849304350400.00000000	-137712826354445.09375000	-997449654.69429493	     -0.90531161	-8354407.19247263	-32616624.14657934	    -30.25397254	      0.00000000	   -710.59315325	-391112.55955903	    -10.61750261	  -2500.95925700	   -251.05327229	 -19352.91274089	-12784145428.62031364	    -14.95999604	-35793471.84317043	      0.00000000	-873722666.83281291	-7559448117.35121822	-11112856.93873123	-193130998.61810333	     -0.21982180	      0.00000000	      0.00000000	-167490.42240252	      0.00000000	-923123058.36103010	      0.00000000	      0.00000000	      0.00000000	-10914212.35871329	-2178312.61115209	 -81268.85044941	-86578098900615793999872.00000000	-3642612840262691454976.00000000	-1653046.48895550	      0.00000000	      0.00000000	     -2.97486164	-135003.66526429	 -12393.63584815	-57737792.65670066	-559439849304350400.00000000	-137712826354445.09375000	-997449654.69429493	     -0.90531161	-8354407.19247263	-32616624.14657934	    -30.25397254	      0.00000000	      0.00000000	-855566207.95401561	-598885003.37597764	      0.00000000	      0.00000000	-5691967.46528703	-740893.39145095
      0.65200000	-391112.55955903	    -10.61750261	  -2500.95925700	   -251.05327229	 -19352.91274089	-12784145428.62031364	    -14.95999604	-70640507.93178079	-588270.15609935	-860912265.17424893	-6238052398.21738338	-2348925.67348927	-232137647.35314566	     -0.21982180	      0.00000000	-986918.32888561	    -48.14248715	      0.00000000	-976303181.80658579	      0.00000000	-356203.62221745	-4412443.53276992	      0.00000000	      0.00000000	 -81268.85044941	-86578098900615793999872.00000000	-3642612840262691454976.00000000	      0.82232413	      0.00000000	      0.00000000	     -2.97486164	-135003.66526429	 -12393.63584815	-57737792.65670066	-559439849304350400.00000000	-137712826354445.09375000	-997449654.69429493	     -0.90531161	-8354407.19247263	-32616624.14657934	    -30.25397254	      0.00000000	  -1161.30966628	-391112.55955903	    -10.61750261	  -2500.95925700	   -251.05327229	 -19352.91274089	-12784145428.62031364	    -14.95999604	-34983794.89228807	      0.00000000	-861022425.89534938	-7556930109.95570087	-11572364.56680652	-200260620.93872625	     -0.21982180	      0.00000000	      0.00000000	-169847.36496270	      0.00000000	-922457415.15301156	      0.00000000	      0.00000000	      0.00000000	-11020004.79560995	-2210571.18351785	 -81268.85044941	-86578098900615793999872.00000000	-3642612840262691454976.00000000	-1839940.26695075	      0.00000000	      0.00000000	     -2.97486164	-135003.66526429	 -12393.63584815	-57737792.65670066	-559439849304350400.00000000	-137712826354445.09375000	-997449654.69429493	     -0.90531161	-8354407.19247263	-32616624.14657934	    -30.25397254	      0.00000000	      0.00000000	-843049971.77615798	-607477005.15572894	      0.00000000	      0.00000000	-5612202.22827555	-822463.68821281
      0.66800000	-391112.55955903	    -10.61750261	  -2500.95925700	   -251.05327229	 -19352.91274089	-12784145428.62031364	    -14.95999604	-69073489.05478521	-527649.67537175	-836662796.37061048	-6214091311.69524479	-2198784.58908554	-229553433.34682122	     -0.21982180	      0.00000000	-1030178.14681318	    -98.35896622	      0.00000000	-965936456.10353899	      0.00000000	-432331.64820165	-4615671.26190557	      0.00000000	      0.00000000	 -81268.85044941	-86578098900615793999872.00000000	-3642612840262691454976.00000000	   -618.96085053	      0.00000000	      0.00000000	     -2.97486164	-135003.66526429	 -12393.63584815	-57737792.65670066	-559439849304350400.00000000	-137712826354445.09375000	-997449654.69429493	     -0.90531161	-8354407.19247263	-32616624.14657934	    -30.25397254	      0.00000000	  -1714.47397750	-391112.55955903	    -10.61750261	  -2500.95925700	   -251.05327229	 -19352.91274089	-12784145428.62031364	    -14.95999604	-34017801.43832903	      0.00000000	-843960792.83699536	-7549939954.46644974	-11891511.39275837	-206004142.23907179	     -0.21982180	      0.00000000	      0.00000000	-172850.78205460	      0.00000000	-919129217.01381660	      0.00000000	      0.00000000	      0.00000000	-11013318.49023086	-2211199.84156628	 -81268.85044941	-86578098900615793999872.00000000	-3642612840262691454976.00000000	-2078902.34356343	      0.00000000	      0.00000000	     -2.97486164	-135003.66526429	 -12393.63584815	-57737792.65670066	-559439849304350400.00000000	-137712826354445.09375000	-997449654.69429493	     -0.90531161	-8354407.19247263	-32616624.14657934	    -30.25397254	      0.00000000	      0.00000000	-829745061.83549094	-617209494.70418274	      0.00000000	      0.00000000	-5508222.82704048	-913499.12603069
      0.68400000	-391112.55955903	    -10.61750261	  -2500.95925700	   -251.05327229	 -19352.91274089	-12784145428.62031364	    -14.95999604	-67322323.59935947	-458722.64806021	-811326656.95865297	-6194044176.46553802	-2081996.18690800	-227030631.80681878	     -0.21982180	      0.00000000	-1058299.46556904	   -188.21274761	      0.00000000	-954771861.13308573	      0.00000000	-489206.04553784	-4740724.40023173	      0.00000000	      0.00000000	 -81268.85044941	-86578098900615793999872.00000000	-3642612840262691454976.00000000	 -11294.77267792	      0.00000000	      0.00000000	     -2.97486164	-135003.66526429	 -12393.63584815	-57737792.65670066	-559439849304350400.00000000	-137712826354445.09375000	-997449654.69429493	     -0.90531161	-8354407.19247263	-32616624.14657934	    -30.25397254	      0.00000000	  -2222.87062241	-391112.55955903	    -10.61750261	  -2500.95925700	   -251.05327229	 -19352.91274089	-12784145428.62031364	    -14.95999604	-32865141.49836384	      0.00000000	-821127436.83475971	-7535915905.97323132	-12017232.49686692	-209916236.39151484	     -0.21982180	      0.00000000	      0.00000000	-176127.07923419	      0.00000000	-912148824.60139906	      0.00000000	      0.00000000	      0.00000000	-10854921.18089431	-2168843.16576654	 -81268.85044941	-86578098900615793999872.00000000	-3642612840262691454976.00000000	-2389665.36848984	      0.00000000	      0.00000000	     -2.97486164	-135003.66526429	 -12393.63584815	-57737792.65670066	-559439849304350400.00000000	-137712826354445.09375000	-997449654.69429493	     -0.90531161	-8354407.19247263	-32616624.14657934	    -30.25397254	      0.00000000	      0.00000000	-815823212.69949961	-628045958.55056739	      0.00000000	      0.00000000	-5376034.33352463	-1014046.59384973
      0.70000000	-391112.55955903	    -10.61750261	  -2500.95925700	   -251.05327229	 -19352.91274089	-12784145428.62031364	    -14.95999604	-65487667.71506444	-387306.21126215	-787284908.58014774	-6181933285.76863956	-1996137.57533557	-224231203.73974803	     -0.21982180	      0.00000000	-1064309.46913166	   -362.56821677	      0.00000000	-943432284.42786884	      0.00000000	-515074.46567692	-4755128.24119909	      0.00000000	      0.00000000	 -81268.85044941	-86578098900615793999872.00000000	-3642612840262691454976.00000000	 -47518.30125801	      0.00000000	      0.00000000	     -2.97486164	-135003.66526429	 -12393.63584815	-57737792.65670066	-559439849304350400.00000000	-137712826354445.09375000	-997449654.69429493	     -0.90531161	-8354407.19247263	-32616624.14657934	    -30.25397254	      0.00000000	  -2514.77149226	-391112.55955903	    -10.61750261	  -2500.95925700	   -251.05327229	 -19352.91274089	-12784145428.62031364	    -14.95999604	-31530254.05891038	      0.00000000	-791364436.59995687	-7511096932.12102890	-11924083.93574809	-212115500.86824057	     -0.21982180	      0.00000000	      0.00000000	-178756.30593992	      0.00000000	-900860847.47101140	      0.00000000	      0.00000000	      0.00000000	-10502810.62128312	-2071771.48059623	 -81268.85044941	-86578098900615793999872.00000000	-3642612840262691454976.00000000	-2793993.52739522	      0.00000000	      0.00000000	     -2.97486164	-135003.66526429	 -12393.63584815	-57737792.65670066	-559439849304350400.00000000	-137712826354445.09375000	-997449654.69429493	     -0.90531161	-8354407.19247263	-32616624.14657934	    -30.25397254	      0.00000000	      0.00000000	-801099807.17480803	-639929181.51396585	      0.00000000	      0.00000000	-5214265.59806661	-1127532.01473956
      0.71600000	-391112.55955903	    -10.61750261	  -2500.95925700	   -251.05327229	 -19352.91274089	-12784145428.62031364	    -14.95999604	-63636228.04726609	-318210.77609197	-766411982.24742842	-6180984348.12491417	-1930095.22721624	-220600374.86920416	     -0.21982180	      0.00000000	-1044077.13023577	   -745.35202745	      0.00000000	-932313574.09014738	      0.00000000	-504943.86764372	-4638039.14760275	      0.00000000	      0.00000000	 -81268.85044941	-86578098900615793999872.00000000	-3642612840262691454976.00000000	-105558.97572774	      0.00000000	      0.00000000	     -2.97486164	-135003.66526429	 -12393.63584815	-57737792.65670066	-559439849304350400.00000000	-137712826354445.09375000	-997449654.69429493	     -0.90531161	-8354407.19247263	-32616624.14657934	    -30.25397254	      0.00000000	  -2476.37975995	-391112.55955903	    -10.61750261	  -2500.95925700	   -251.05327229	 -19352.91274089	-12784145428.62031364	    -14.95999604	-30071615.71077532	      0.00000000	-754562332.30810201	-7471622038.66782665	-11625449.56166061	-213334359.30035806	     -0.21982180	      0.00000000	      0.00000000	-179710.83032526	      0.00000000	-885367858.05421209	      0.00000000	      0.00000000	      0.00000000	-9926714.12608933	-1912424.50142975	 -81268.85044941	-86578098900615793999872.00000000	-3642612840262691454976.00000000	-3304901.70792513	      0.00000000	      0.00000000	     -2.97486164	-135003.66526429	 -12393.63584815	-57737792.65670066	-559439849304350400.00000000	-137712826354445.09375000	-997449654.69429493	     -0.90531161	-8354407.19247263	-32616624.14657934	    -30.25397254	      0.00000000	      0.00000000	-785102605.83329868	-652776193.54435802	      0.00000000	      0.00000000	-5023136.38606032	-1261187.07803310
      0.73200000	-391112.55955903	    -10.61750261	  -2500.95925700	   -251.05327229	 -19352.91274089	-12784145428.62031364	    -14.95999604	-61804959.47484817	-254593.78727387	-749771666.66922081	-6192981363.09918690	-1867849.02228636	-215497401.97030783	     -0.21982180	      0.00000000	-996674.25026661	  -1629.19605724	      0.00000000	-921550348.76833630	      0.00000000	-461208.08696522	-4383271.29077053	      0.00000000	      0.00000000	 -81268.85044941	-86578098900615793999872.00000000	-3642612840262691454976.00000000	-179004.96809767	      0.00000000	      0.00000000	     -2.97486164	-135003.66526429	 -12393.63584815	-57737792.65670066	-559439849304350400.00000000	-137712826354445.09375000	-997449654.69429493	     -0.90531161	-8354407.19247263	-32616624.14657934	    -30.25397254	      0.00000000	  -2108.40706028	-391112.55955903	    -10.61750261	  -2500.95925700	   -251.05327229	 -19352.91274089	-12784145428.62031364	    -14.95999604	-28589789.74639225	      0.00000000	-712018734.35178649	-7414507814.99370480	-11176518.02602199	-214822799.34759358	     -0.21982180	      0.00000000	      0.00000000	-178249.46453895	      0.00000000	-866476549.11564541	      0.00000000	      0.00000000	      0.00000000	-9124500.45788402	-1692419.28107120	 -81268.85044941	-86578098900615793999872.00000000	-3642612840262691454976.00000000	-3913040.70732551	      0.00000000	      0.00000000	     -2.97486164	-135003.66526429	 -12393.63584815	-57737792.65670066	-559439849304350400.00000000	-137712826354445.09375000	-997449654.69429493	     -0.90531161	-8354407.19247263	-32616624.14657934	    -30.25397254	      0.00000000	      0.26729300	-767260459.82779086	-666579351.70919371	      0.00000000	      0.00000000	-4801321.06966214	-1424934.79911881
      0.74800000	-391112.55955903	    -10.61750261	  -2500.95925700	   -251.05327229	 -19352.91274089	-12784145428.62031364	    -14.95999604	-60037133.86729188	-197973.43711145	-737672195.25582707	-6218316511.75825882	-1793958.46147229	-208383835.23674771	     -0.21982180	      0.00000000	-923955.79965138	  -3214.53212020	      0.00000000	-911089032.52551889	      0.00000000	-391319.97863427	-3998717.21570895	      0.00000000	      0.00000000	 -81268.85044941	-86578098900615793999872.00000000	-3642612840262691454976.00000000	-260814.68071956	      0.00000000	      0.00000000	     -2.97486164	-135003.66526429	 -12393.63584815	-57737792.65670066	-559439849304350400.00000000	-137712826354445.09375000	-997449654.69429493	     -0.90531161	-8354407.19247263	-32616624.14657934	    -30.25397254	      0.00000000	  -1522.85541358	-391112.55955903	    -10.61750261	  -2500.95925700	   -251.05327229	 -19352.91274089	-12784145428.62031364	    -14.95999604	-27110267.50772706	      0.00000000	-665640380.97556245	-7336731532.50578117	-10662847.72906362	-218073259.39795241	     -0.21982180	      0.00000000	      0.00000000	-173255.78302450	      0.00000000	-846073207.52338731	      0.00000000	      0.00000000	      0.00000000	-8132195.08948622	-1425320.91514278	 -81268.85044941	-86578098900615793999872.00000000	-3642612840262691454976.00000000	-4584409.36399815	      0.00000000	      0.00000000	     -2.97486164	-135003.66526429	 -12393.63584815	-57737792.65670066	-559439849304350400.00000000	-137712826354445.09375000	-997449654.69429493	     -0.90531161	-8354407.19247263	-32616624.14657934	    -30.25397254	      0.00000000	     -0.15034237	-747188010.35223377	-681457829.05096400	      0.00000000	      0.00000000	-4544984.36557711	-1628532.59610488
      0.76400000	-391112.55955903	    -10.61750261	  -2500.95925700	   -251.05327229	 -19352.91274089	-12784145428.62031364	    -14.95999604	-58349983.16168181	-148745.26742166	-729958298.49748993	-6256481346.93532181	-1699922.38304213	-199045504.07930920	     -0.21982180	      0.00000000	-829994.19755662	  -5760.17474769	      0.00000000	-900845470.37855685	      0.00000000	-304709.48067503	-3504716.72619367	      1.14722438	      0.00000000	 -81268.85044941	-86578098900615793999872.00000000	-3642612840262691454976.00000000	-345206.58633865	      0.00000000	      0.00000000	     -2.97486164	-135003.66526429	 -12393.63584815	-57737792.65670066	-559439849304350400.00000000	-137712826354445.09375000	-997449654.69429493	     -0.90531161	-8354407.19247263	-32616624.14657934	    -30.25397254	      0.00000000	   -890.19799677	-391112.55955903	    -10.61750261	  -2500.95925700	   -251.05327229	 -19352.91274089	-12784145428.62031364	    -14.95999604	-25762575.29550932	      0.00000000	-617933883.00998890	-7236719259.05825901	-10175034.52258074	-224393307.00055844	     -0.21982180	      0.00000000	      0.00000000	-163718.34661501	      0.00000000	-824571919.66580021	      0.00000000	      0.00000000	      0.00000000	-7020908.22853962	-1135042.53250873	 -81268.85044941	-86578098900615793999872.00000000	-3642612840262691454976.00000000	-5256281.95163594	      0.00000000	      0.00000000	     -2.97486164	-135003.66526429	 -12393.63584815	-57737792.65670066	-559439849304350400.00000000	-137712826354445.09375000	-997449654.69429493	     -0.90531161	-8354407.19247263	-32616624.14657934	    -30.25397254	      0.00000000	   -230.95001317	-724994117.85399985	-697537002.68346357	      0.00000000	      0.00000000	-4251302.35892779	-1877323.71533114
      0.78000000	-391112.55955903	    -10.61750261	  -2500.95925700	   -251.05327229	 -19352.91274089	-12784145428.62031364	    -14.95999604	-56743679.69881347	-106791.97505665	-726239076.93277907	-6306339310.37704563	-1588937.59110575	-187771637.70196539	     -0.21982180	      0.00000000	-720695.64099332	  -9536.38088308	      0.00000000	-890854292.54631889	      0.00000000	-211107.25321833	-2932877.26668668	      0.46047461	      0.00000000	 -81268.85044941	-86578098900615793999872.00000000	-3642612840262691454976.00000000	-428234.09363506	      0.00000000	      0.00000000	     -2.97486164	-135003.66526429	 -12393.63584815	-57737792.65670066	-559439849304350400.00000000	-137712826354445.09375000	-997449654.69429493	     -0.90531161	-8354407.19247263	-32616624.14657934	    -30.25397254	      0.00000000	   -415.98230789	-391112.55955903	    -10.61750261	  -2500.95925700	   -251.05327229	 -19352.91274089	-12784145428.62031364	    -14.95999604	-24664543.16906109	      0.00000000	-571575185.99127829	-7115580695.22191048	-9778984.85294116	-234433172.04091868	     -0.21982180	      0.00000000	      0.00000000	-149307.97630494	      0.00000000	-803845996.89596355	      0.00000000	      0.00000000	      0.00000000	-5880229.33712942	-849908.54827565	 -81268.85044941	-86578098900615793999872.00000000	-3642612840262691454976.00000000	-5868480.86206642	      0.00000000	      0.00000000	     -2.97486164	-135003.66526429	 -12393.63584815	-57737792.65670066	-559439849304350400.00000000	-137712826354445.09375000	-997449654.69429493	     -0.90531161	-8354407.19247263	-32616624.14657934	    -30.25397254	      0.00000000	  -2119.53278830	-701492597.67028642	-714696552.15872145	      0.00000000	      0.00000000	-3924388.16486917	-2167656.29901710
      0.79600000	-391112.55955903	    -10.61750261	  -2500.95925700	   -251.05327229	 -19352.91274089	-12784145428.62031364	    -14.95999604	-55213733.56273422	 -71939.95954660	-726010011.78324711	-6366139257.13767433	-1476190.09761666	-175387744.33850488	     -0.21982180	      0.00000000	-603391.69468669	 -14711.22793765	      0.00000000	-881350055.33478856	      0.00000000	-120934.02540480	-2324422.99030431	  -1076.11505642	      0.00000000	 -81268.85044941	-86578098900615793999872.00000000	-3642612840262691454976.00000000	-507532.35585323	      0.00000000	      0.00000000	     -2.97486164	-135003.66526429	 -12393.63584815	-57737792.65670066	-559439849304350400.00000000	-137712826354445.09375000	-997449654.69429493	     -0.90531161	-8354407.19247263	-32616624.14657934	    -30.25397254	      0.00000000	   -171.12143157	-391112.55955903	    -10.61750261	  -2500.95925700	   -251.05327229	 -19352.91274089	-12784145428.62031364	    -14.95999604	-23896319.64017477	      0.00000000	-529138858.28262198	-6978724769.16552925	-9493749.42828792	-247815470.58886302	     -0.21982180	      0.00000000	      0.65057754	-131254.77939054	      0.00000000	-785522433.14191771	      0.00000000	      0.00000000	      0.00000000	-4794587.98506342	-594844.47144671	 -81268.85044941	-86578098900615793999872.00000000	-3642612840262691454976.00000000	-6369349.95028366	      0.00000000	      0.00000000	     -2.97486164	-135003.66526429	 -12393.63584815	-57737792.65670066	-559439849304350400.00000000	-137712826354445.09375000	-997449654.69429493	     -0.90531161	-8354407.19247263	-32616624.14657934	    -30.25397254	      0.59417229	  -5676.08736704	-678188730.73590517	-732356882.17107260	      0.00000000	      0.00000000	-3578856.34160839	-2484035.80363833
      0.81200000	-391112.55955903	    -10.61750261	  -2500.95925700	   -251.05327229	 -19352.91274089	-12784145428.62031364	    -14.95999604	-53760372.97986839	 -44144.26841743	-728731036.49565685	-6433551853.09166718	-1384146.28091071	-163089076.82025966	     -0.21982180	      0.00000000	-486046.19060551	 -21250.70927768	      0.00000000	-872753809.15308452	      0.00000000	 -46783.67996461	-1726112.06615737	 -19589.70910781	      0.00000000	 -81268.85044941	-86578098900615793999872.00000000	-3642612840262691454976.00000000	-581623.01372044	      0.00000000	      0.00000000	     -2.97486164	-135003.66526429	 -12393.63584815	-57737792.65670066	-559439849304350400.00000000	-137712826354445.09375000	-997449654.69429493	     -0.90531161	-8354407.19247263	-32616624.14657934	    -30.25397254	      0.00000000	    -59.26952240	-391112.55955903	    -10.61750261	  -2500.95925700	   -251.05327229	 -19352.91274089	-12784145428.62031364	    -14.95999604	-23483540.26024617	      0.00000000	-492532555.36668521	-6835066811.60841274	-9284680.85674433	-263019451.71469438	     -0.21982180	      0.00000000	  -1477.14401452	-111936.34223556	      0.00000000	-770526967.91252756	      0.00000000	      0.00000000	      0.00000000	-3823077.18863305	-385405.49330553	 -81268.85044941	-86578098900615793999872.00000000	-3642612840262691454976.00000000	-6727673.97456718	      0.00000000	      0.00000000	     -2.97486164	-135003.66526429	 -12393.63584815	-57737792.65670066	-559439849304350400.00000000	-137712826354445.09375000	-997449654.69429493	     -0.90531161	-8354407.19247263	-32616624.14657934	    -30.25397254	      0.74354577	  -9340.03957778	-656998337.42118180	-749456711.37154222	      0.00000000	      1.39258603	-3237902.97071547	-2800360.04002719
      0.82800000	-391112.55955903	    -10.61750261	  -2500.95925700	   -251.05327229	 -19352.91274089	-12784145428.62031364	    -14.95999604	-52391762.01602038	 -23400.99186799	-733868189.88125682	-6505843441.15558815	-1335849.64461495	-152133895.47273973	     -0.21982180	      0.00000000	-376053.49298655	 -28866.30180327	      0.00000000	-865570714.33738804	      0.00000000	  -4566.52853440	-1183116.45395458	 -74584.29302713	      0.00000000	 -81268.85044941	-86578098900615793999872.00000000	-3642612840262691454976.00000000	-649311.40268132	      0.00000000	      0.00000000	     -2.97486164	-135003.66526429	 -12393.63584815	-57737792.65670066	-559439849304350400.00000000	-137712826354445.09375000	-997449654.69429493	     -0.90531161	-8354407.19247263	-32616624.14657934	    -30.25397254	      0.00000000	    -12.12335837	-391112.55955903	    -10.61750261	  -2500.95925700	   -251.05327229	 -19352.91274089	-12784145428.62031364	    -14.95999604	-23401978.15181250	      0.00000000	-462643070.20898813	-6694405436.32881641	-9074246.76634255	-277634196.02231324	     -0.21982180	      0.00000000	 -26429.90253841	 -93678.31945617	      0.00000000	-758908740.87125838	      0.00000000	      0.00000000	      0.98237847	-2991353.99615936	-226326.59046034	 -81268.85044941	-86578098900615793999872.00000000	-3642612840262691454976.00000000	-6938827.08470006	      0.00000000	      0.97989855	     -2.97486164	-135003.66526429	 -12393.63584815	-57737792.65670066	-559439849304350400.00000000	-137712826354445.09375000	-997449654.69429493	     -0.90531161	-8354407.19247263	-32616624.14657934	    -30.25397254	      0.45260207	 -11701.31886595	-639788280.60338712	-764647843.62073755	      0.00000000	     -0.29652102	-2927016.51198745	-3085978.63698096
      0.84400000	-391112.55955903	    -10.61750261	  -2500.95925700	   -251.05327229	 -19352.91274089	-12784145428.62031364	    -14.95999604	-51121603.67562148	  -9529.32870837	-740912072.43683422	-6580175853.91043282	-1350240.08159310	-143540014.67652482	     -0.21982180	      0.00000000	-279046.86451056	 -37053.48566587	      0.00000000	-860250640.95582736	      0.00000000	      0.04324260	-730887.14885088	-175324.19032149	      0.00000000	 -81268.85044941	-86578098900615793999872.00000000	-3642612840262691454976.00000000	-709443.71355622	      0.00000000	      0.00000000	     -2.97486164	-135003.66526429	 -12393.63584815	-57737792.65670066	-559439849304350400.00000000	-137712826354445.09375000	-997449654.69429493	     -0.90531161	-8354407.19247263	-32616624.14657934	    -30.25397254	      0.00000000	     -0.40380215	-391112.55955903	    -10.61750261	  -2500.95925700	   -251.05327229	 -19352.91274089	-12784145428.62031364	    -14.95999604	-23600074.53744546	      0.00000000	-439491831.67686218	-6565110171.72090244	-8767999.15755359	-288964641.87430531	     -0.21982180	      0.00000000	 -80615.60069795	 -78040.94565907	      0.00000000	-750070499.22099018	      0.00000000	      0.00000000	 -39754.38262657	-2296937.56105097	-114414.56375812	 -81268.85044941	-86578098900615793999872.00000000	-3642612840262691454976.00000000	-7017043.81723673	  -1245.58076665	  -1736.40497124	     -2.97486164	-135003.66526429	 -12393.63584815	-57737792.65670066	-559439849304350400.00000000	-137712826354445.09375000	-997449654.69429493	     -0.90531161	-8354407.19247263	-32616624.14657934	    -30.25397254	      0.38650021	 -12076.70112747	-627917043.42976677	-776614846.16918290	      0.00000000	     -1.30397277	-2667054.20075252	-3314444.21883309
      0.86000000	-391112.55955903	    -10.61750261	  -2500.95925700	   -251.05327229	 -19352.91274089	-12784145428.62031364	    -14.95999604	-49963966.88355653	  -2369.95890168	-749381239.46052027	-6653922539.34718609	-1440794.33405969	-137906742.65050465	     -0.21982180	      0.00000000	-198220.91109518	 -45213.34059160	      0.00000000	-857072321.49517155	      0.00000000	      0.00000000	-389407.83791715	-328378.10331454	      0.00000000	 -81268.85044941	-86578098900615793999872.00000000	-3642612840262691454976.00000000	-761016.39250802	      0.00000000	      0.00000000	     -2.97486164	-135003.66526429	 -12393.63584815	-57737792.65670066	-559439849304350400.00000000	-137712826354445.09375000	-997449654.69429493	     -0.90531161	-8354407.19247263	-32616624.14657934	    -30.25397254	      0.00000000	     -0.04823025	-391112.55955903	    -10.61750261	  -2500.95925700	   -251.05327229	 -19352.91274089	-12784145428.62031364	    -14.95999604	-24025315.36447345	      0.00000000	-422567034.73238707	-6452571712.06387234	-8287928.35688339	-294789028.97677612	     -0.21982180	      0.00000000	-152906.13477045	 -65599.33688734	      0.00000000	-743194602.84395921	      0.00000000	      0.00000000	-237687.18538546	-1722179.17316053	 -43233.30039312	 -81268.85044941	-86578098900615793999872.00000000	-3642612840262691454976.00000000	-6983286.95091590	 -37533.02146226	 -39786.16867458	      2.36155444	-135003.66526429	 -12393.63584815	-57737792.65670066	-559439849304350400.00000000	-137712826354445.09375000	-997449654.69429493	     -0.90531161	-8354407.19247263	-32616624.14657934	    -30.25397254	      0.60583566	 -10682.38578346	-621943869.03657639	-784394950.34813225	      0.00000000	      0.73677627	-2469750.86803395	-3470976.76500802
      0.87600000	-391112.55955903	    -10.61750261	  -2500.95925700	   -251.05327229	 -19352.91274089	-12784145428.62031364	    -14.95999604	-48928099.19061314	   -411.85131660	-758815228.93600774	-6724902952.65125656	-1615640.34695520	-135387821.59513590	     -0.21982180	      0.00000000	-134351.03714031	 -52802.72994708	      0.00000000	-856084633.13398099	      0.00000000	      0.00000000	-161988.09522403	-535204.18514349	      1.44643462	 -81268.85044941	-86578098900615793999872.00000000	-3642612840262691454976.00000000	-803490.46244963	      0.00000000	      0.00000000	     -2.97486164	-135003.66526429	 -12393.63584815	-57737792.65670066	-559439849304350400.00000000	-137712826354445.09375000	-997449654.69429493	     -0.90531161	-8354407.19247263	-32616624.14657934	    -30.25397254	      0.00000000	      0.05075340	-391112.55955903	    -10.61750261	  -2500.95925700	   -251.05327229	 -19352.91274089	-12784145428.62031364	    -14.95999604	-24642762.56221578	      0.00000000	-411179514.50573075	-6358970288.57685471	-7601123.43729710	-293970782.00535327	     -0.21982180	      0.00000000	-232200.80925335	 -56189.52798761	      0.00000000	-737648810.39302945	      0.00000000	      0.00000000	-542078.80641638	-1247242.07169071	  -6849.29457456	 -81268.85044941	-86578098900615793999872.00000000	-3642612840262691454976.00000000	-6855683.58297120	 -95929.03880383	 -97896.41610671	     -0.89967551	-135003.66526429	 -12393.63584815	-57737792.65670066	-559439849304350400.00000000	-137712826354445.09375000	-997449654.69429493	     -0.90531161	-8354407.19247263	-32616624.14657934	    -30.25397254	      0.79173728	  -8306.35536872	-621584331.75991344	-787603634.99813902	      0.00000000	      0.69720885	-2336591.37058810	-3555339.63172186
      0.89200000	-391112.55955903	    -10.61750261	  -2500.95925700	   -251.05327229	 -19352.91274089	-12784145428.62031364	    -14.95999604	-48018151.32075943	     -3.31475842	-768765082.80756903	-6791515992.10444355	-1877052.47682627	-135763544.45195886	     -0.21982180	      0.00000000	 -86324.24287801	 -59452.18276507	      0.00000000	-857106138.93194234	      0.00000000	      0.00000000	 -38304.86459249	-791811.93483804	     -0.92098084	 -81268.85044941	-86578098900615793999872.00000000	-3642612840262691454976.00000000	-837151.30055096	      0.00000000	      0.00000000	     -2.97486164	-135003.66526429	 -12393.63584815	-57737792.65670066	-559439849304350400.00000000	-137712826354445.09375000	-997449654.69429493	     -0.90531161	-8354407.19247263	-32616624.14657934	    -30.25397254	      0.00000000	      0.13016968	-391112.55955903	    -10.61750261	  -2500.95925700	   -251.05327229	 -19352.91274089	-12784145428.62031364	    -14.95999604	-25441247.29279895	      0.00000000	-404688761.09100389	-6283862562.32904911	-6732246.96431430	-286705817.25576735	     -0.21982180	      0.00000000	-310559.97749074	 -49226.26610960	      0.00000000	-733209868.03261149	      0.00000000	      0.00000000	-902334.50335464	-857997.72570484	     -9.78406093	 -81268.85044941	-86578098900615793999872.00000000	-3642612840262691454976.00000000	-6646214.62665586	-141763.02265129	-143101.16782253	   -461.58746354	-135003.66526429	 -12393.63584815	-57737792.65670066	-559439849304350400.00000000	-137712826354445.09375000	-997449654.69429493	     -0.90531161	-8354407.19247263	-32616624.14657934	    -30.25397254	      0.61703217	  -5797.57030828	-625890497.00600922	-786515910.71736646	      0.00000000	      0.00000000	-2260289.30084134	-3579267.09711417
      0.90800000	-391112.55955903	    -10.61750261	  -2500.95925700	   -251.05327229	 -19352.91274089	-12784145428.62031364	    -14.95999604	-47215841.64506368	      0.63508804	-778791533.26754546	-6852805881.17325783	-2220280.21254847	-138547133.03267205	     -0.21982180	      0.00000000	 -51872.92832728	 -65018.59188992	      0.00000000	-859766320.99817383	      0.00000000	      0.00000000	   -676.24761925	-1090136.37471200	  -2091.64172834	 -81268.85044941	-86578098900615793999872.00000000	-3642612840262691454976.00000000	-863387.92769851	      0.00000000	      0.00000000	     -2.97486164	-135003.66526429	 -12393.63584815	-57737792.65670066	-559439849304350400.00000000	-137712826354445.09375000	-997449654.69429493	     -0.90531161	-8354407.19247263	-32616624.14657934	    -30.25397254	      0.00000000	      0.18256644	-391112.55955903	    -10.61750261	  -2500.95925700	   -251.05327229	 -19352.91274089	-12784145428.62031364	    -14.95999604	-26429448.83245752	      0.00000000	-402612921.96034640	-6225203092.46169472	-5755268.78294347	-274369057.67550015	     -0.21982180	      0.00000000	-384247.00281605	 -43972.25139953	      0.00000000	-730085355.88671720	      0.00000000	      0.00000000	-1287670.88707060	-547618.56390606	      1.47856262	 -81268.85044941	-86578098900615793999872.00000000	-3642612840262691454976.00000000	-6361829.13565162	-158394.23744284	-159463.46563410	   -977.38690136	-135003.66526429	 -12393.63584815	-57737792.65670066	-559439849304350400.00000000	-137712826354445.09375000	-997449654.69429493	     -0.90531161	-8354407.19247263	-32616624.14657934	    -30.25397254	      0.00000000	  -3709.64109886	-633569404.30924535	-782002572.87298369	      0.00000000	      0.00000000	-2227446.07184528	-3560134.42462296
      0.92400000	-391112.55955903	    -10.61750261	  -2500.95925700	   -251.05327229	 -19352.91274089	-12784145428.62031364	    -14.95999604	-46515483.31986060	      1.52148488	-788510193.98720300	-6908549982.26255226	-2633188.78237749	-143087143.84741536	     -0.21982180	      0.00000000	 -28289.85307897	 -69594.36403519	      0.00000000	-863577854.00377750	      0.00000000	      0.00000000	      0.64870143	-1420832.36002493	 -18387.82570575	 -81268.85044941	-86578098900615793999872.00000000	-3642612840262691454976.00000000	-884526.42168658	      0.00000000	      0.00000000	     -2.97486164	-135003.66526429	 -12393.63584815	-57737792.65670066	-559439849304350400.00000000	-137712826354445.09375000	-997449654.69429493	     -0.90531161	-8354407.19247263	-32616624.14657934	    -30.25397254	      0.00000000	      0.21890084	-391112.55955903	    -10.61750261	  -2500.95925700	   -251.05327229	 -19352.91274089	-12784145428.62031364	    -14.95999604	-27627022.84174377	      0.00000000	-404665547.11369133	-6180414850.06149769	-4769263.32471706	-259081607.43934214	     -0.21982180	      0.00000000	-452774.48280144	 -39729.74787878	      0.00000000	-728794723.36246669	      0.00000000	      0.00000000	-1681457.94464310	-313498.39200590	      0.00000000	 -81268.85044941	-86578098900615793999872.00000000	-3642612840262691454976.00000000	-6007440.74775627	-141943.67617094	-143278.99208695	   -466.06485629	-135003.66526429	 -12393.63584815	-57737792.65670066	-559439849304350400.00000000	-137712826354445.09375000	-997449654.69429493	     -0.90531161	-8354407.19247263	-32616624.14657934	    -30.25397254	      0.00000000	  -2227.57881805	-643314798.21859646	-775363645.67539203	      0.00000000	      0.00000000	-2221231.28077203	-3514210.02728849
      0.94000000	-391112.55955903	    -10.61750261	  -2500.95925700	   -251.05327229	 -19352.91274089	-12784145428.62031364	    -14.95999604	-45886584.68468184	      1.26907223	-797644561.19020796	-6959263363.44226646	-3097714.79419799	-148654980.92645967	     -0.21982180	      0.00000000	 -13018.11261718	 -73468.72641747	      0.00000000	-868016162.59007072	      0.00000000	      0.00000000	      0.00000000	-1776497.19068245	 -50727.60839725	 -81268.85044941	-86578098900615793999872.00000000	-3642612840262691454976.00000000	-903411.88692564	      0.00000000	      0.00000000	     -2.97486164	-135003.66526429	 -12393.63584815	-57737792.65670066	-559439849304350400.00000000	-137712826354445.09375000	-997449654.69429493	     -0.90531161	-8354407.19247263	-32616624.14657934	    -30.25397254	      0.00000000	      0.24459678	-391112.55955903	    -10.61750261	  -2500.95925700	   -251.05327229	 -19352.91274089	-12784145428.62031364	    -14.95999604	-29056046.84669866	      0.00000000	-410749642.45118135	-6147175931.38485146	-3869200.56039464	-243183153.27981791	     -0.21982180	      0.00000000	-517219.90898229	 -35954.18815031	      0.00000000	-729992813.02574778	      0.00000000	      0.09898854	-2073296.07504435	-152312.48318445	      0.00000000	 -81268.85044941	-86578098900615793999872.00000000	-3642612840262691454976.00000000	-5588671.56833631	 -98678.59273969	-100614.43941558	     -1.39522398	-135003.66526429	 -12393.63584815	-57737792.65670066	-559439849304350400.00000000	-137712826354445.09375000	-997449654.69429493	     -0.90531161	-8354407.19247263	-32616624.14657934	    -30.25397254	      0.00000000	  -1288.54672555	-654018852.91188169	-768114329.78152049	      0.00000000	      0.00000000	-2223626.40659490	-3452921.93367574
      0.95600000	-391112.55955903	    -10.61750261	  -2500.95925700	   -251.05327229	 -19352.91274089	-12784145428.62031364	    -14.95999604	-45294956.56647123	      0.00000000	-806057937.50403261	-7006037021.10145473	-3592438.78889594	-154517266.30941474	     -0.21982180	      0.00000000	  -4071.70825761	 -77049.35347872	      0.00000000	-872590245.55665493	      0.00000000	      0.00000000	      0.00000000	-2153738.07055701	 -96593.19760444	 -81268.85044941	-86578098900615793999872.00000000	-3642612840262691454976.00000000	-922838.42551173	      0.00000000	      0.00000000	     -2.97486164	-135003.66526429	 -12393.63584815	-57737792.65670066	-559439849304350400.00000000	-137712826354445.09375000	-997449654.69429493	     -0.90531161	-8354407.19247263	-32616624.14657934	    -30.25397254	      0.00000000	      0.26127389	-391112.55955903	    -10.61750261	  -2500.95925700	   -251.05327229	 -19352.91274089	-12784145428.62031364	    -14.95999604	-30736378.87048003	      0.00000000	-420928519.28376871	-6123750488.44242001	-3123239.14975549	-228775016.61722684	     -0.21982180	      0.00000000	-578862.58925442	 -32301.84951202	      0.00000000	-734304243.46515048	      0.00000000	  -8588.97011998	-2453033.93995764	 -56040.68839768	      0.00000000	 -81268.85044941	-86578098900615793999872.00000000	-3642612840262691454976.00000000	-5113100.39358665	 -44242.34438060	 -46521.32805159	      2.69375906	-135003.66526429	 -12393.63584815	-57737792.65670066	-559439849304350400.00000000	-137712826354445.09375000	-997449654.69429493	     -0.90531161	-8354407.19247263	-32616624.14657934	    -30.25397254	      0.00000000	   -740.87113735	-664792805.29149079	-761759803.57077754	      0.00000000	      0.00000000	-2217454.07389367	-3383626.83746790
      0.97200000	-391112.55955903	    -10.61750261	  -2500.95925700	   -251.05327229	 -19352.91274089	-12784145428.62031364	    -14.95999604	-44710350.38695693	      0.00000000	-813746128.20090973	-7050202768.35118198	-4094618.16476220	-159992424.79213852	     -0.21982180	      0.00000000	   -820.12347099	 -80763.55243160	      0.00000000	-876893006.33850920	      0.00000000	      0.00000000	      0.00000000	-2552787.13620084	-154743.74246327	 -81268.85044941	-86578098900615793999872.00000000	-3642612840262691454976.00000000	-944958.64119906	      0.00000000	      0.00000000	     -2.97486164	-135003.66526429	 -12393.63584815	-57737792.65670066	-559439849304350400.00000000	-137712826354445.09375000	-997449654.69429493	     -0.90531161	-8354407.19247263	-32616624.14657934	    -30.25397254	      0.00000000	      0.26822518	-391112.55955903	    -10.61750261	  -2500.95925700	   -251.05327229	 -19352.91274089	-12784145428.62031364	    -14.95999604	-32685580.09685682	      0.00000000	-435380878.77137524	-6108883098.48490810	-2563774.94027851	-217433568.66932210	     -0.21982180	      0.00000000	-638601.60165891	 -28619.90283001	      0.00000000	-742205504.27141678	      0.00000000	 -66961.14706852	-2808661.08572574	 -10959.80593299	      0.00000000	 -81268.85044941	-86578098900615793999872.00000000	-3642612840262691454976.00000000	-4590049.40064950	  -4247.80046916	  -5394.93022191	     -2.97486164	-135003.66526429	 -12393.63584815	-57737792.65670066	-559439849304350400.00000000	-137712826354445.09375000	-997449654.69429493	     -0.90531161	-8354407.19247263	-32616624.14657934	    -30.25397254	      0.00000000	   -470.57273790	-674840837.00092232	-757575294.24782288	      0.00000000	      0.00000000	-2188736.79769658	-3313343.42185653
      0.98800000	-391112.55955903	    -10.61750261	  -2500.95925700	   -251.05327229	 -19352.91274089	-12784145428.62031364	    -14.95999604	-44113172.60689060	      0.00000000	-820797787.75985169	-7092954145.76269722	-4581168.68741062	-164494663.25157160	     -0.21982180	      0.00000000	    -68.94395754	 -84969.25694746	      0.00000000	-880627862.90700841	      0.00000000	      0.00000000	      0.00000000	-2975035.28177419	-224559.92907672	 -81268.85044941	-86578098900615793999872.00000000	-3642612840262691454976.00000000	-970866.45611118	      0.00000000	      0.00000000	     -2.97486164	-135003.66526429	 -12393.63584815	-57737792.65670066	-559439849304350400.00000000	-137712826354445.09375000	-997449654.69429493	     -0.90531161	-8354407.19247263	-32616624.14657934	    -30.25397254	      0.00000000	      0.26371873	-391112.55955903	    -10.61750261	  -2500.95925700	   -251.05327229	 -19352.91274089	-12784145428.62031364	    -14.95999604	-34920799.17828596	      0.00000000	-454343994.87092608	-6101481933.54120636	-2192315.17802562	-210106372.09525529	     -0.21982180	      0.00000000	-696992.64231834	 -24897.02012421	      0.00000000	-753959493.86379981	      0.00000000	-149945.63704055	-3127586.98223169	   -416.90705056	      0.00000000	 -81268.85044941	-86578098900615793999872.00000000	-3642612840262691454976.00000000	-4029941.93193184	      1.87680526	      1.57529757	     -2.97486164	-135003.66526429	 -12393.63584815	-57737792.65670066	-559439849304350400.00000000	-137712826354445.09375000	-997449654.69429493	     -0.90531161	-8354407.19247263	-32616624.14657934	    -30.25397254	      0.00000000	   -345.99889527	-683315317.97305000	-756422543.95867872	      0.00000000	      0.00000000	-2129271.23371057	-3252165.86789384
      1.00400000	-391112.55955903	    -10.61750261	  -2500.95925700	   -251.05327229	 -19352.91274089	-12784145428.62031364	    -14.95999604	-43497208.22263936	      0.00000000	-827346474.54806459	-7135095421.86267376	-5029950.25567980	-167577594.79485336	     -0.21982180	      0.00000000	      0.17625455	 -89901.04248218	      0.00000000	-883619331.14608216	      0.00000000	      0.00000000	      0.00000000	-3420408.90557114	-305487.88306522	 -81268.85044941	-86578098900615793999872.00000000	-3642612840262691454976.00000000	-1000504.61227094	      0.00000000	      0.00000000	     -2.97486164	-135003.66526429	 -12393.63584815	-57737792.65670066	-559439849304350400.00000000	-137712826354445.09375000	-997449654.69429493	     -0.90531161	-8354407.19247263	-32616624.14657934	    -30.25397254	      0.00000000	      0.24597961	-391112.55955903	    -10.61750261	  -2500.95925700	   -251.05327229	 -19352.91274089	-12784145428.62031364	    -14.95999604	-37458518.75460043	      0.00000000	-478046102.95594692	-6100378283.64203644	-1991730.05721233	-207128844.53308740	     -0.21982180	      0.00000000	-754385.28468082	 -21200.75176086	      0.00000000	-769583013.99954712	      0.00000000	-226635.89217621	-3399137.77050676	      0.48992045	      0.00000000	 -81268.85044941	-86578098900615793999872.00000000	-3642612840262691454976.00000000	-3444354.05018071	      0.00000000	      0.00000000	     -2.97486164	-135003.66526429	 -12393.63584815	-57737792.65670066	-559439849304350400.00000000	-137712826354445.09375000	-997449654.69429493	     -0.90531161	-8354407.19247263	-32616624.14657934	    -30.25397254	      0.00000000	   -297.09113033	-689281997.11971974	-758655163.95317757	      0.00000000	      0.00000000	-2038118.62852309	-3213918.67110955
      1.02000000	-391112.55955903	    -10.61750261	  -2500.95925700	   -251.05327229	 -19352.91274089	-12784145428.62031364	    -14.95999604	-42867694.58976875	      0.00000000	-833525349.14958179	-7176963516.93950367	-5422569.80014048	-168984535.24182206	     -0.21982180	      0.00000000	      0.87816495	 -95651.89150813	      0.00000000	-885814534.95759976	      0.00000000	      0.00000000	      0.00000000	-3886087.93036483	-396588.11221778	 -81268.85044941	-86578098900615793999872.00000000	-3642612840262691454976.00000000	-1032927.37010371	      0.00000000	      0.00000000	     -2.97486164	-135003.66526429	 -12393.63584815	-57737792.65670066	-559439849304350400.00000000	-137712826354445.09375000	-997449654.69429493	     -0.90531161	-8354407.19247263	-32616624.14657934	    -30.25397254	      0.00000000	      0.21362684	-391112.55955903	    -10.61750261	  -2500.95925700	   -251.05327229	 -19352.91274089	-12784145428.62031364	    -14.95999604	-40309747.30550314	      0.00000000	-506608481.74965256	-6104240186.07361126	-1937500.77912632	-208282611.15453246	     -0.21982180	      0.00000000	-810763.79794196	 -17608.21712861	      0.00000000	-788822157.75457954	      0.00000000	-277689.91006098	-3616327.75655981	      1.71226979	      0.00000000	 -81268.85044941	-86578098900615793999872.00000000	-3642612840262691454976.00000000	-2847326.08056829	      0.00000000	      0.00000000	     -2.97486164	-135003.66526429	 -12393.63584815	-57737792.65670066	-559439849304350400.00000000	-137712826354445.09375000	-997449654.69429493	     -0.90531161	-8354407.19247263	-32616624.14657934	    -30.25397254	      0.00000000	   -301.49522668	-691846507.42653906	-764135936.20483184	      0.00000000	      0.00000000	-1920836.23641722	-3213934.18438151
      1.03600000	-391112.55955903	    -10.61750261	  -2500.95925700	   -251.05327229	 -19352.91274089	-12784145428.62031364	    -14.95999604	-42236440.09915166	      0.00000000	-839426865.26530445	-7218469649.12082005	-5748071.20525629	-168690109.77451485	     -0.21982180	      0.00000000	      0.00000000	-102179.44291594	      0.00000000	-887274211.26867998	      0.00000000	      0.00000000	      0.00000000	-4366725.86219168	-496393.34716798	 -81268.85044941	-86578098900615793999872.00000000	-3642612840262691454976.00000000	-1066808.90306647	      0.00000000	      0.00000000	     -2.97486164	-135003.66526429	 -12393.63584815	-57737792.65670066	-559439849304350400.00000000	-137712826354445.09375000	-997449654.69429493	     -0.90531161	-8354407.19247263	-32616624.14657934	    -30.25397254	      0.00000000	      0.16535430	-391112.55955903	    -10.61750261	  -2500.95925700	   -251.05327229	 -19352.91274089	-12784145428.62031364	    -14.95999604	-43470958.22087044	      0.65150351	-539956140.27143586	-6111784701.13685703	-2002923.60987127	-212864687.21699131	     -0.21982180	      0.00000000	-865310.57057974	 -14187.08028228	      0.00000000	-811138153.33481812	      0.00000000	-297141.62798856	-3776454.44374757	      1.31638054	      0.00000000	 -81268.85044941	-86578098900615793999872.00000000	-3642612840262691454976.00000000	-2256749.27483844	      0.00000000	      0.00000000	     -2.97486164	-135003.66526429	 -12393.63584815	-57737792.65670066	-559439849304350400.00000000	-137712826354445.09375000	-997449654.69429493	     -0.90531161	-8354407.19247263	-32616624.14657934	    -30.25397254	      0.00000000	   -361.63867623	-690386565.15667951	-772340194.12978470	      0.00000000	      0.00000000	-1786800.04314866	-3265465.51212765
      1.05200000	-391112.55955903	    -10.61750261	  -2500.95925700	   -251.05327229	 -19352.91274089	-12784145428.62031364	    -14.95999604	-41616075.50130382	      0.00000000	-845079771.83082128	-7259230448.36018562	-6005873.43861589	-166906392.75227183	     -0.21982180	      0.00000000	      0.00000000	-109334.22881739	      0.00000000	-888150744.20310450	      0.00000000	      0.00000000	      0.00000000	-4855892.33396143	-603110.64861804	 -81268.85044941	-86578098900615793999872.00000000	-3642612840262691454976.00000000	-1101002.00389029	      0.00000000	      0.00000000	     -2.97486164	-135003.66526429	 -12393.63584815	-57737792.65670066	-559439849304350400.00000000	-137712826354445.09375000	-997449654.69429493	     -0.90531161	-8354407.19247263	-32616624.14657934	    -30.25397254	      0.00000000	      0.09892193	-391112.55955903	    -10.61750261	  -2500.95925700	   -251.05327229	 -19352.91274089	-12784145428.62031364	    -14.95999604	-46913344.97833225	  -1102.19080628	-577733571.88548422	-6122064841.86756897	-2158824.96129862	-219796583.57897127	     -0.21982180	      0.00000000	-916001.70796026	 -10996.61200391	      0.00000000	-835716749.90207803	      0.00000000	-289558.05928331	-3880897.99534356	      1.08761215	      0.00000000	 -81268.85044941	-86578098900615793999872.00000000	-3642612840262691454976.00000000	-1694629.61524423	      0.00000000	      0.00000000	     -2.97486164	-135003.66526429	 -12393.63584815	-57737792.65670066	-559439849304350400.00000000	-137712826354445.09375000	-997449654.69429493	     -0.90531161	-8354407.19247263	-32616624.14657934	    -30.25397254	      0.00000000	   -500.35637412	-684775434.27273297	-782513888.01396561	      0.00000000	      0.00000000	-1645951.15825427	-3376182.35211456
      1.06800000	-391112.55955903	    -10.61750261	  -2500.95925700	   -251.05327229	 -19352.91274089	-12784145428.62031364	    -14.95999604	-41015105.46909041	      0.00000000	-850449549.29475498	-7298753564.28442669	-6206661.40492466	-164041528.40261504	     -0.21982180	      0.00000000	      0.00000000	-116906.78625140	      0.00000000	-888655304.81600332	      0.00000000	      0.00000000	      0.00000000	-5348294.01378579	-715102.00314913	 -81268.85044941	-86578098900615793999872.00000000	-3642612840262691454976.00000000	-1134999.79099240	      0.00000000	      0.00000000	     -2.97486164	-135003.66526429	 -12393.63584815	-57737792.65670066	-559439849304350400.00000000	-137712826354445.09375000	-997449654.69429493	     -0.90531161	-8354407.19247263	-32616624.14657934	    -30.25397254	      0.00000000	      0.00989920	-391112.55955903	    -10.61750261	  -2500.95925700	   -251.05327229	 -19352.91274089	-12784145428.62031364	    -14.95999604	-50573233.21195535	 -18430.66789713	-619228833.17763209	-6134648154.59905815	-2372281.72372466	-227813589.15833527	     -0.21982180	      0.00000000	-959578.48579687	  -8093.95374438	      0.00000000	-861515217.50338805	      0.00000000	-264549.70882225	-3934413.16854655	      1.35609591	      0.00000000	 -81268.85044941	-86578098900615793999872.00000000	-3642612840262691454976.00000000	-1185606.50387229	      0.00000000	      0.00000000	     -2.97486164	-135003.66526429	 -12393.63584815	-57737792.65670066	-559439849304350400.00000000	-137712826354445.09375000	-997449654.69429493	     -0.90531161	-8354407.19247263	-32616624.14657934	    -30.25397254	      0.00000000	   -760.99121098	-675496448.18758106	-793861382.29659724	      0.00000000	      0.00000000	-1506171.04062984	-3545443.73431125
      1.08400000	-391112.55955903	    -10.61750261	  -2500.95925700	   -251.05327229	 -19352.91274089	-12784145428.62031364	    -14.95999604	-40435194.99767603	      0.00000000	-855450824.07312870	-7336593199.92006969	-6370844.67575748	-160624732.45635352	     -0.21982180	      0.00000000	      0.00000000	-124675.51782022	      0.00000000	-889020658.00255036	      0.00000000	      0.00000000	      0.00000000	-5841778.89067198	-831406.50581387	 -81268.85044941	-86578098900615793999872.00000000	-3642612840262691454976.00000000	-1169220.68173549	      0.00000000	      0.00000000	     -2.97486164	-135003.66526429	 -12393.63584815	-57737792.65670066	-559439849304350400.00000000	-137712826354445.09375000	-997449654.69429493	     -0.90531161	-8354407.19247263	-32616624.14657934	    -30.25397254	      0.00000000	      0.00000000	-391112.55955903	    -10.61750261	  -2500.95925700	   -251.05327229	 -19352.91274089	-12784145428.62031364	    -14.95999604	-54345618.48791332	 -63240.00821510	-663452754.94414032	-6149950481.83731365	-2608606.71350636	-235721537.73723641	     -0.21982180	      0.00000000	-992114.50275073	  -5587.64394509	      0.00000000	-887357771.21555221	      0.00000000	-231575.37038744	-3944179.66193292	      1.68197979	      0.00000000	 -81268.85044941	-86578098900615793999872.00000000	-3642612840262691454976.00000000	-752890.45590410	      0.00000000	      0.00000000	     -2.97486164	-135003.66526429	 -12393.63584815	-57737792.65670066	-559439849304350400.00000000	-137712826354445.09375000	-997449654.69429493	     -0.90531161	-8354407.19247263	-32616624.14657934	    -30.25397254	      0.00000000	  -1163.64096921	-663601856.60728955	-805708038.92424333	      0.00000000	      0.00000000	-1372102.27299765	-3762820.02415179
      1.10000000	-391112.55955903	    -10.61750261	  -2500.95925700	   -251.05327229	 -19352.91274089	-12784145428.62031364	    -14.95999604	-39871693.48413607	      0.00000000	-859970344.82451344	-7372422990.04528904	-6525332.80105544	-157227861.53802112	     -0.21982180	      0.00000000	      0.00000000	-132438.48674740	      0.00000000	-889472946.80549097	      0.00000000	      0.00000000	      0.00000000	-6338075.51489903	-952008.67936953	 -81268.85044941	-86578098900615793999872.00000000	-3642612840262691454976.00000000	-1204937.43257326	      0.00000000	      0.00000000	     -2.97486164	-135003.66526429	 -12393.63584815	-57737792.65670066	-559439849304350400.00000000	-137712826354445.09375000	-997449654.69429493	     -0.90531161	-8354407.19247263	-32616624.14657934	    -30.25397254	      0.00000000	      0.00000000	-391112.55955903	    -10.61750261	  -2500.95925700	   -251.05327229	 -19352.91274089	-12784145428.62031364	    -14.95999604	-58085421.29035693	-133477.05541164	-709169121.48397207	-6168864069.47700882	-2836882.81676333	-242634274.33027807	     -0.21982180	      0.00000000	-1010136.02709874	  -3585.83532315	      0.00000000	-912040695.79931867	      0.00000000	-197216.33983553	-3919036.53510923	      1.57421769	      0.00000000	 -81268.85044941	-86578098900615793999872.00000000	-3642612840262691454976.00000000	-415002.67023326	      0.00000000	      0.00000000	     -2.97486164	-135003.66526429	 -12393.63584815	-57737792.65670066	-559439849304350400.00000000	-137712826354445.09375000	-997449654.69429493	     -0.90531161	-8354407.19247263	-32616624.14657934	    -30.25397254	      0.00000000	  -1630.71782693	-650536500.89881170	-817560321.21283412	      0.00000000	      0.00000000	-1245721.51565627	-4008408.36337656
      1.11600000	-391112.55955903	    -10.61750261	  -2500.95925700	   -251.05327229	 -19352.91274089	-12784145428.62031364	    -14.95999604	-39316843.94735996	      0.00000000	-863889761.81913722	-7406008388.69632626	-6699766.51290328	-154406083.91354784	     -0.21982180	      0.00000000	      0.00000000	-140015.57012970	      0.00000000	-890215945.11947751	      0.00000000	      0.00000000	      0.00000000	-6841767.89174283	-1077669.69321176	 -81268.85044941	-86578098900615793999872.00000000	-3642612840262691454976.00000000	-1243912.88077838	      0.00000000	      0.00000000	     -2.97486164	-135003.66526429	 -12393.63584815	-57737792.65670066	-559439849304350400.00000000	-137712826354445.09375000	-997449654.69429493	     -0.90531161	-8354407.19247263	-32616624.14657934	    -30.25397254	      0.00000000	      0.00000000	-391112.55955903	    -10.61750261	  -2500.95925700	   -251.05327229	 -19352.91274089	-12784145428.62031364	    -14.95999604	-61616625.31197242	-223780.98044077	-754664510.51234913	-6191515343.21259689	-3035334.35809286	-248085370.55995303	     -0.21982180	      0.00000000	-1011931.63471316	  -2100.08774955	      0.00000000	-934560461.72462928	      0.00000000	-165139.31222351	-3869269.33117684	      0.74051620	      0.00000000	 -81268.85044941	-86578098900615793999872.00000000	-3642612840262691454976.00000000	-183653.26856400	      0.00000000	      0.00000000	     -2.97486164	-135003.66526429	 -12393.63584815	-57737792.65670066	-559439849304350400.00000000	-137712826354445.09375000	-997449654.69429493	     -0.90531161	-8354407.19247263	-32616624.14657934	    -30.25397254	      0.00000000	  -2061.32907824	-637890920.09465301	-829029994.57701850	      0.00000000	      0.00000000	-1128183.09164491	-4255340.12647192
      1.13200000	-391112.55955903	    -10.61750261	  -2500.95925700	   -251.05327229	 -19352.91274089	-12784145428.62031364	    -14.95999604	-38763794.11366558	      0.00000000	-867094233.57766962	-7437110247.71861076	-6922553.44775057	-152655686.43886369	     -0.21982180	      0.00000000	      0.00000000	-147228.65094586	      0.00000000	-891417467.77531838	      0.00000000	      0.00000000	      0.00000000	-7357482.78174845	-1209264.78210181	 -81268.85044941	-86578098900615793999872.00000000	-3642612840262691454976.00000000	-1287958.56850122	      0.00000000	      0.00000000	     -2.97486164	-135003.66526429	 -12393.63584815	-57737792.65670066	-559439849304350400.00000000	-137712826354445.09375000	-997449654.69429493	     -0.90531161	-8354407.19247263	-32616624.14657934	    -30.25397254	      0.00000000	      0.00000000	-391112.55955903	    -10.61750261	  -2500.95925700	   -251.05327229	 -19352.91274089	-12784145428.62031364	    -14.95999604	-64771306.26380740	-324711.16560863	-797617306.61901283	-6216497322.08948326	-3192641.96947685	-251975973.15002349	     -0.21982180	      0.00000000	-998512.33154392	  -1061.22250721	      0.00000000	-954211148.56188476	      0.00000000	-137408.46299026	-3806884.02775560	     -0.80820628	      0.00000000	 -81268.85044941	-86578098900615793999872.00000000	-3642612840262691454976.00000000	 -53371.65180441	      0.00000000	      0.00000000	     -2.97486164	-135003.66526429	 -12393.63584815	-57737792.65670066	-559439849304350400.00000000	-137712826354445.09375000	-997449654.69429493	     -0.90531161	-8354407.19247263	-32616624.14657934	    -30.25397254	      0.00000000	  -2344.86808095	-627143670.64079738	-839675271.83551145	      0.00000000	      0.00000000	-1021769.11959099	-4474542.29234759
      1.14800000	-391112.55955903	    -10.61750261	  -2500.95925700	   -251.05327229	 -19352.91274089	-12784145428.62031364	    -14.95999604	-38209080.72191555	      0.00000000	-869457986.50885284	-7465387601.22266293	-7216515.87534078	-152373200.30881104	     -0.21982180	      0.00000000	      0.00000000	-153885.14886226	      0.00000000	-893184590.08732760	      0.00000000	      0.00000000	      0.00000000	-7885950.69730620	-1346759.25298923	 -81268.85044941	-86578098900615793999872.00000000	-3642612840262691454976.00000000	-1338694.93515720	      0.00000000	      0.00000000	     -2.97486164	-135003.66526429	 -12393.63584815	-57737792.65670066	-559439849304350400.00000000	-137712826354445.09375000	-997449654.69429493	     -0.90531161	-8354407.19247263	-32616624.14657934	    -30.25397254	      0.00000000	      0.00000000	-391112.55955903	    -10.61750261	  -2500.95925700	   -251.05327229	 -19352.91274089	-12784145428.62031364	    -14.95999604	-67497298.32574548	-423982.04882830	-834702555.07621193	-6240037829.98459721	-3304741.16649991	-254418739.37794971	     -0.21982180	      0.00000000	-973757.58359834	   -452.41829660	      0.00000000	-970699819.56969702	      0.00000000	-115617.36109335	-3745653.37416798	    -51.78114384	      0.00000000	 -81268.85044941	-86578098900615793999872.00000000	-3642612840262691454976.00000000	  -4102.76016063	      0.00000000	      0.00000000	     -2.97486164	-135003.66526429	 -12393.63584815	-57737792.65670066	-559439849304350400.00000000	-137712826354445.09375000	-997449654.69429493	     -0.90531161	-8354407.19247263	-32616624.14657934	    -30.25397254	      0.00000000	  -2414.20892343	-619433427.29944038	-848870328.72570050	      0.00000000	      0.00000000	-930754.26650936	-4641055.26985676
      1.16400000	-391112.55955903	    -10.61750261	  -2500.95925700	   -251.05327229	 -19352.91274089	-12784145428.62031364	    -14.95999604	-37652275.59089937	      0.00000000	-870817543.72456276	-7490375640.15114212	-7594504.40673230	-153808532.81169674	     -0.21982180	      0.00000000	      0.00000000	-159790.49367240	      0.00000000	-895528753.99623585	      0.00000000	      0.00000000	      0.00000000	-8420585.83986803	-1488237.01859665	 -81268.85044941	-86578098900615793999872.00000000	-3642612840262691454976.00000000	-1397638.63345085	      0.00000000	      0.00000000	     -2.97486164	-135003.66526429	 -12393.63584815	-57737792.65670066	-559439849304350400.00000000	-137712826354445.09375000	-997449654.69429493	     -0.90531161	-8354407.19247263	-32616624.14657934	    -30.25397254	      0.00000000	      0.00000000	-391112.55955903	    -10.61750261	  -2500.95925700	   -251.05327229	 -19352.91274089	-12784145428.62031364	    -14.95999604	-69685038.10441412	-510239.98077938	-863549269.93249857	-6259594604.71203327	-3369994.60471594	-255580455.07449251	     -0.21982180	      0.00000000	-943600.85457946	   -173.75445399	      0.00000000	-983314821.73961866	      0.00000000	-101224.17457715	-3700126.56445046	   -297.19811828	      0.00000000	 -81268.85044941	-86578098900615793999872.00000000	-3642612840262691454976.00000000	     -1.03211325	      0.00000000	      0.00000000	     -2.97486164	-135003.66526429	 -12393.63584815	-57737792.65670066	-559439849304350400.00000000	-137712826354445.09375000	-997449654.69429493	     -0.90531161	-8354407.19247263	-32616624.14657934	    -30.25397254	      0.00000000	  -2281.78133640	-615396859.96464872	-855794844.72171211	      0.00000000	      0.00000000	-860852.58850017	-4740038.18076963
      1.18000000	-391112.55955903	    -10.61750261	  -2500.95925700	   -251.05327229	 -19352.91274089	-12784145428.62031364	    -14.95999604	-37093302.46593367	      0.00000000	-870953944.55623746	-7511564495.60919094	-8055956.58297119	-157019936.39609882	     -0.21982180	      0.00000000	      0.00000000	-164794.78554882	      0.00000000	-898335950.47176015	      0.00000000	      0.00000000	      0.00000000	-8946386.52623695	-1629488.42624491	 -81268.85044941	-86578098900615793999872.00000000	-3642612840262691454976.00000000	-1466511.89033970	      0.00000000	      0.00000000	     -2.97486164	-135003.66526429	 -12393.63584815	-57737792.65670066	-559439849304350400.00000000	-137712826354445.09375000	-997449654.69429493	     -0.90531161	-8354407.19247263	-32616624.14657934	    -30.25397254	      0.00000000	      0.00000000	-391112.55955903	    -10.61750261	  -2500.95925700	   -251.05327229	 -19352.91274089	-12784145428.62031364	    -14.95999604	-71259846.57783791	-576312.68364578	-883709321.89875698	-6274792269.70106220	-3386185.30338540	-255595667.70682698	     -0.21982180	      0.00000000	-914576.20223325	    -60.70222035	      0.00000000	-991912533.05712259	      0.00000000	 -95489.40799290	-3683652.31719105	   -562.23630030	      0.00000000	 -81268.85044941	-86578098900615793999872.00000000	-3642612840262691454976.00000000	      1.97304966	      0.00000000	      0.00000000	     -2.97486164	-135003.66526429	 -12393.63584815	-57737792.65670066	-559439849304350400.00000000	-137712826354445.09375000	-997449654.69429493	     -0.90531161	-8354407.19247263	-32616624.14657934	    -30.25397254	      0.00000000	  -2033.45688360	-615101039.39251494	-859551726.45552289	      0.00000000	      0.00000000	-818003.46915083	-4770137.66895182
      1.19600000	-391112.55955903	    -10.61750261	  -2500.95925700	   -251.05327229	 -19352.91274089	-12784145428.62031364	    -14.95999604	-36528993.15836379	      0.00000000	-869592371.12278402	-7528530197.95102596	-8585262.67478586	-161844292.21243504	     -0.21982180	      0.00000000	      0.00000000	-168853.60247395	      0.00000000	-901355148.49007428	      0.00000000	      0.00000000	      0.00000000	-9441769.81718838	-1764393.27402749	 -81268.85044941	-86578098900615793999872.00000000	-3642612840262691454976.00000000	-1547598.57483670	      0.00000000	      0.00000000	     -2.97486164	-135003.66526429	 -12393.63584815	-57737792.65670066	-559439849304350400.00000000	-137712826354445.09375000	-997449654.69429493	     -0.90531161	-8354407.19247263	-32616624.14657934	    -30.25397254	      0.00000000	      0.00000000	-391112.55955903	    -10.61750261	  -2500.95925700	   -251.05327229	 -19352.91274089	-12784145428.62031364	    -14.95999604	-72210715.32613644	-619377.44696324	-895576514.77974141	-6285424071.56820011	-3350947.93755299	-254564769.01634225	     -0.21982180	      0.00000000	-892348.31935916	    -17.84524843	      0.00000000	-996665777.86390829	      0.00000000	 -99591.59329696	-3706280.94842993	   -614.63999415	      0.00000000	 -81268.85044941	-86578098900615793999872.00000000	-3642612840262691454976.00000000	      0.00000000	      0.00000000	      0.00000000	     -2.97486164	-135003.66526429	 -12393.63584815	-57737792.65670066	-559439849304350400.00000000	-137712826354445.09375000	-997449654.69429493	     -0.90531161	-8354407.19247263	-32616624.14657934	    -30.25397254	      0.00000000	  -1786.68746315	-618079718.61879265	-859349464.78404355	      0.00000000	      0.00000000	-807502.34197929	-4742905.74357143
      1.21200000	-391112.55955903	    -10.61750261	  -2500.95925700	   -251.05327229	 -19352.91274089	-12784145428.62031364	    -14.95999604	-35950188.22872508	      0.00000000	-866407739.32174563	-7541035830.95280361	-9152387.54024545	-167894674.00793529	     -0.21982180	      0.00000000	      0.00000000	-172071.36486909	      0.00000000	-904205711.98981190	      0.00000000	      0.00000000	      0.00000000	-9882438.02987405	-1885919.37298554	 -81268.85044941	-86578098900615793999872.00000000	-3642612840262691454976.00000000	-1644082.02404485	      0.00000000	      0.00000000	     -2.97486164	-135003.66526429	 -12393.63584815	-57737792.65670066	-559439849304350400.00000000	-137712826354445.09375000	-997449654.69429493	     -0.90531161	-8354407.19247263	-32616624.14657934	    -30.25397254	      0.00000000	      0.00000000	-391112.55955903	    -10.61750261	  -2500.95925700	   -251.05327229	 -19352.91274089	-12784145428.62031364	    -14.95999604	-72574034.33736141	-639826.47970497	-899838132.53807402	-6291107134.94338131	-3264755.56766056	-252601990.69518745	     -0.21982180	      0.00000000	-880704.32085067	     -3.02424940	      0.00000000	-997909586.94206119	      0.00000000	-114872.39935258	-3773165.10536674	   -370.80909510	      0.00000000	 -81268.85044941	-86578098900615793999872.00000000	-3642612840262691454976.00000000	      0.00000000	      0.00000000	      0.00000000	     -2.97486164	-135003.66526429	 -12393.63584815	-57737792.65670066	-559439849304350400.00000000	-137712826354445.09375000	-997449654.69429493	     -0.90531161	-8354407.19247263	-32616624.14657934	    -30.25397254	      0.00000000	  -1645.92997206	-623476291.06326056	-854673778.12598240	      0.00000000	      0.00000000	-833825.43153880	-4678287.90873353
      1.22800000	-391112.55955903	    -10.61750261	  -2500.95925700	   -251.05327229	 -19352.91274089	-12784145428.62031364	    -14.95999604	-35339872.94527923	      0.00000000	-861016576.58400619	-7549037659.28350449	-9716233.42545943	-174600533.08339566	     -0.21982180	      0.00000000	      0.00000000	-174699.23111371	      0.00000000	-906398081.48483229	      0.00000000	      0.00000000	      0.00000000	-10245623.84790355	-1987301.77504509	 -81268.85044941	-86578098900615793999872.00000000	-3642612840262691454976.00000000	-1760449.02711985	      0.00000000	      0.00000000	     -2.97486164	-135003.66526429	 -12393.63584815	-57737792.65670066	-559439849304350400.00000000	-137712826354445.09375000	-997449654.69429493	     -0.90531161	-8354407.19247263	-32616624.14657934	    -30.25397254	      0.00000000	      0.00000000	-391112.55955903	    -10.61750261	  -2500.95925700	   -251.05327229	 -19352.91274089	-12784145428.62031364	    -14.95999604	-72416418.03474149	-639777.53282994	-897292027.92237210	-6291564672.59615612	-3133941.83585277	-249877624.33253863	     -0.21982180	      0.00000000	-881056.48842305	     -1.69917396	      0.00000000	-996061735.34567881	      0.00000000	-142631.19233429	-3883159.04642734	    -62.29681764	      0.00000000	 -81268.85044941	-86578098900615793999872.00000000	-3642612840262691454976.00000000	      0.00000000	      0.00000000	      0.00000000	     -2.97486164	-135003.66526429	 -12393.63584815	-57737792.65670066	-559439849304350400.00000000	-137712826354445.09375000	-997449654.69429493	     -0.90531161	-8354407.19247263	-32616624.14657934	    -30.25397254	      0.00000000	  -1685.68582823	-630299846.92896378	-845402711.67315340	      0.00000000	      0.00000000	-900722.47274561	-4597107.56021984
      1.24400000	-391112.55955903	    -10.61750261	  -2500.95925700	   -251.05327229	 -19352.91274089	-12784145428.62031364	    -14.95999604	-34672615.58383293	      0.00000000	-852943258.97362971	-7552559464.68997192	-10231494.46592922	-181311941.36680439	     -0.21982180	      0.00000000	      0.00000000	-177068.70501645	      0.00000000	-907367716.40548527	      0.00000000	      0.00000000	      0.00000000	-10513174.28765128	-2062955.07363572	 -81268.85044941	-86578098900615793999872.00000000	-3642612840262691454976.00000000	-1903087.28577048	      0.00000000	      0.00000000	     -2.97486164	-135003.66526429	 -12393.63584815	-57737792.65670066	-559439849304350400.00000000	-137712826354445.09375000	-997449654.69429493	     -0.90531161	-8354407.19247263	-32616624.14657934	    -30.25397254	      0.00000000	      0.00000000	-391112.55955903	    -10.61750261	  -2500.95925700	   -251.05327229	 -19352.91274089	-12784145428.62031364	    -14.95999604	-71818349.41860361	-621886.54823234	-888816088.05188072	-6286997753.04707527	-2971359.21761114	-246608626.75407010	     -0.21982180	      0.00000000	-892207.04639265	     -3.12747854	      0.00000000	-991577494.65386593	      0.00000000	-183022.94095429	-4026844.31000264	     -0.25020659	      0.00000000	 -81268.85044941	-86578098900615793999872.00000000	-3642612840262691454976.00000000	      0.92210651	      0.00000000	      0.00000000	     -2.97486164	-135003.66526429	 -12393.63584815	-57737792.65670066	-559439849304350400.00000000	-137712826354445.09375000	-997449654.69429493	     -0.90531161	-8354407.19247263	-32616624.14657934	    -30.25397254	      0.00000000	  -1959.09704350	-637757434.71372342	-831845272.08235562	      0.00000000	      0.00000000	-1010911.96249230	-4512874.59478019
      1.26000000	-391112.55955903	    -10.61750261	  -2500.95925700	   -251.05327229	 -19352.91274089	-12784145428.62031364	    -14.95999604	-33916266.79328903	      0.00000000	-841568616.34563529	-7551418934.68920612	-10658724.50546585	-187472338.65212545	     -0.21982180	      0.00000000	      0.00000000	-179454.85341922	      0.00000000	-906526189.26881254	      0.00000000	      0.00000000	      0.00000000	-10672394.34963633	-2108785.39294860	 -81268.85044941	-86578098900615793999872.00000000	-3642612840262691454976.00000000	-2081114.08778290	      0.00000000	      0.00000000	     -2.97486164	-135003.66526429	 -12393.63584815	-57737792.65670066	-559439849304350400.00000000	-137712826354445.09375000	-997449654.69429493	     -0.90531161	-8354407.19247263	-32616624.14657934	    -30.25397254	      0.00000000	      0.00000000	-391112.55955903	    -10.61750261	  -2500.95925700	   -251.05327229	 -19352.91274089	-12784145428.62031364	    -14.95999604	-70860750.78883941	-588744.20404261	-875450316.74592018	-6278500225.65539265	-2793788.13526156	-242984149.68529388	     -0.21982180	      0.00000000	-910198.66006658	    -14.74636686	      0.00000000	-984922387.98545098	      0.00000000	-233293.50121557	-4184028.35169514	      1.43178466	      0.00000000	 -81268.85044941	-86578098900615793999872.00000000	-3642612840262691454976.00000000	      1.95303935	      0.00000000	      0.00000000	     -2.97486164	-135003.66526429	 -12393.63584815	-57737792.65670066	-559439849304350400.00000000	-137712826354445.09375000	-997449654.69429493	     -0.90531161	-8354407.19247263	-32616624.14657934	    -30.25397254	      0.00000000	  -2499.66078984	-645537748.73610497	-814685261.94688535	      0.00000000	      0.00000000	-1165225.82882789	-4426529.42485260
      1.27600000	-391112.55955903	    -10.61750261	  -2500.95925700	   -251.05327229	 -19352.91274089	-12784145428.62031364	    -14.95999604	-33037303.54842478	      0.00000000	-826095934.14841223	-7544842742.93559170	-10974318.99998888	-192809899.15342918	     -0.21982180	      0.00000000	      0.00000000	-181892.62001818	      0.00000000	-903323268.16278350	      0.00000000	      0.00000000	      0.00000000	-10714183.20165220	-2121747.17329787	 -81268.85044941	-86578098900615793999872.00000000	-3642612840262691454976.00000000	-2307393.56772168	      0.00000000	      0.00000000	     -2.97486164	-135003.66526429	 -12393.63584815	-57737792.65670066	-559439849304350400.00000000	-137712826354445.09375000	-997449654.69429493	     -0.90531161	-8354407.19247263	-32616624.14657934	    -30.25397254	      0.00000000	      0.00000000	-391112.55955903	    -10.61750261	  -2500.95925700	   -251.05327229	 -19352.91274089	-12784145428.62031364	    -14.95999604	-69615314.70883925	-542762.50704801	-858477045.41807008	-6268330894.20031738	-2617138.77606704	-239056846.16456044	     -0.21982180	      0.00000000	-928431.02594591	    -41.04208589	      0.00000000	-976539354.08685899	      0.00000000	-286444.64969575	-4322665.31578721	      1.58142567	      0.00000000	 -81268.85044941	-86578098900615793999872.00000000	-3642612840262691454976.00000000	     -2.70423984	      0.00000000	      0.00000000	     -2.97486164	-135003.66526429	 -12393.63584815	-57737792.65670066	-559439849304350400.00000000	-137712826354445.09375000	-997449654.69429493	     -0.90531161	-8354407.19247263	-32616624.14657934	    -30.25397254	      0.00000000	  -3291.44618843	-653895393.81933713	-794828862.93500578	      0.00000000	      0.00000000	-1361822.68950582	-4326789.44344436
      1.29200000	-391112.55955903	    -10.61750261	  -2500.95925700	   -251.05327229	 -19352.91274089	-12784145428.62031364	    -14.95999604	-32011871.50357534	      0.00000000	-805663393.46476233	-7531247541.78386021	-11175186.15288740	-197453684.44917858	     -0.21982180	      0.00000000	      0.00000000	-184078.45679650	      0.00000000	-897334641.88369298	      0.00000000	      0.00000000	      0.00000000	-10629212.59223998	-2098855.90623020	 -81268.85044941	-86578098900615793999872.00000000	-3642612840262691454976.00000000	-2597973.96760779	      0.00000000	      0.00000000	     -2.97486164	-135003.66526429	 -12393.63584815	-57737792.65670066	-559439849304350400.00000000	-137712826354445.09375000	-997449654.69429493	     -0.90531161	-8354407.19247263	-32616624.14657934	    -30.25397254	      0.00000000	      0.00000000	-391112.55955903	    -10.61750261	  -2500.95925700	   -251.05327229	 -19352.91274089	-12784145428.62031364	    -14.95999604	-68140572.03740048	-486389.89715294	-839400597.56903911	-6259801223.35853481	-2451931.01073248	-234669343.60699093	     -0.21982180	      0.00000000	-938497.41238980	    -97.19245986	      0.00000000	-966814601.05186892	      0.00000000	-331782.21245335	-4402189.14545580	      0.49285942	      0.00000000	 -81268.85044941	-86578098900615793999872.00000000	-3642612840262691454976.00000000	  -1555.32604212	      0.00000000	      0.00000000	     -2.97486164	-135003.66526429	 -12393.63584815	-57737792.65670066	-559439849304350400.00000000	-137712826354445.09375000	-997449654.69429493	     -0.90531161	-8354407.19247263	-32616624.14657934	    -30.25397254	      0.15778202	  -4227.03784977	-663482636.45858955	-773209034.27799690	      0.00000000	      0.00000000	-1596231.08880954	-4195876.11426973
      1.30800000	-391112.55955903	    -10.61750261	  -2500.95925700	   -251.05327229	 -19352.91274089	-12784145428.62031364	    -14.95999604	-30840317.48341753	      0.00000000	-779599061.33463097	-7508296304.67190170	-11275898.29954099	-201914873.76982605	     -0.21982180	      0.00000000	      0.00000000	-185411.51918142	      0.00000000	-888363480.21926129	      0.00000000	      0.00000000	      0.00000000	-10404694.22767475	-2036407.12758577	 -81268.85044941	-86578098900615793999872.00000000	-3642612840262691454976.00000000	-2969428.64330337	      0.00000000	      0.00000000	     -2.97486164	-135003.66526429	 -12393.63584815	-57737792.65670066	-559439849304350400.00000000	-137712826354445.09375000	-997449654.69429493	     -0.90531161	-8354407.19247263	-32616624.14657934	    -30.25397254	      0.00000000	      0.00000000	-391112.55955903	    -10.61750261	  -2500.95925700	   -251.05327229	 -19352.91274089	-12784145428.62031364	    -14.95999604	-66485422.19631113	-422484.92179558	-819840502.92114139	-6256748823.27605152	-2301393.56299993	-229477791.40556335	     -0.21982180	      0.00000000	-931970.00220361	   -224.40330769	      0.00000000	-956074929.56956816	      0.00000000	-357861.50865312	-4382263.43223564	      0.00000000	      0.00000000	 -81268.85044941	-86578098900615793999872.00000000	-3642612840262691454976.00000000	 -14576.09896191	      0.00000000	      0.00000000	     -2.97486164	-135003.66526429	 -12393.63584815	-57737792.65670066	-559439849304350400.00000000	-137712826354445.09375000	-997449654.69429493	     -0.90531161	-8354407.19247263	-32616624.14657934	    -30.25397254	      0.46136068	  -5103.66022568	-675021778.94900131	-750625311.58145702	      0.00000000	      0.00000000	-1862378.51482924	-4017808.87841394
      1.32400000	-391112.55955903	    -10.61750261	  -2500.95925700	   -251.05327229	 -19352.91274089	-12784145428.62031364	    -14.95999604	-29561813.57271679	      0.00000000	-747829202.90273833	-7473422794.90410995	-11301438.42745952	-206957375.37247640	     -0.21982180	      0.00000000	      0.00000000	-185255.37957491	      0.00000000	-876583114.09356344	      0.00000000	      0.00000000	      0.00000000	-10025051.06657603	-1930373.55111766	 -81268.85044941	-86578098900615793999872.00000000	-3642612840262691454976.00000000	-3432186.54485265	      0.00000000	      0.00000000	     -2.97486164	-135003.66526429	 -12393.63584815	-57737792.65670066	-559439849304350400.00000000	-137712826354445.09375000	-997449654.69429493	     -0.90531161	-8354407.19247263	-32616624.14657934	    -30.25397254	      0.00000000	      0.00000000	-391112.55955903	    -10.61750261	  -2500.95925700	   -251.05327229	 -19352.91274089	-12784145428.62031364	    -14.95999604	-64697730.89820020	-354571.42670900	-801417333.27448893	-6262849208.22074127	-2162752.08607972	-223072384.41306543	     -0.21982180	      0.00000000	-902667.91565604	   -543.90887436	      0.00000000	-944630946.06042004	      0.00000000	-356511.60298447	-4233909.98149867	      0.00000000	      0.00000000	 -81268.85044941	-86578098900615793999872.00000000	-3642612840262691454976.00000000	 -48240.56464379	      0.00000000	      0.00000000	     -2.97486164	-135003.66526429	 -12393.63584815	-57737792.65670066	-559439849304350400.00000000	-137712826354445.09375000	-997449654.69429493	     -0.90531161	-8354407.19247263	-32616624.14657934	    -30.25397254	      0.59583940	  -5684.65121184	-688986048.40515196	-727661637.64630628	      0.00000000	      0.00000000	-2154109.96096946	-3785484.03539088
      1.34000000	-391112.55955903	    -10.61750261	  -2500.95925700	   -251.05327229	 -19352.91274089	-12784145428.62031364	    -14.95999604	-28218108.28070543	      0.00000000	-711013298.78855336	-7424104320.31081772	-11279843.57568426	-213417908.19242194	     -0.21982180	      0.00000000	      0.00000000	-183038.29689635	      0.00000000	-862353476.49478173	      0.00000000	      0.00000000	      0.00000000	-9478006.56372902	-1778386.24644088	 -81268.85044941	-86578098900615793999872.00000000	-3642612840262691454976.00000000	-3983288.23930231	      0.00000000	      0.00000000	     -2.97486164	-135003.66526429	 -12393.63584815	-57737792.65670066	-559439849304350400.00000000	-137712826354445.09375000	-997449654.69429493	     -0.90531161	-8354407.19247263	-32616624.14657934	    -30.25397254	      0.00000000	      0.00000000	-391112.55955903	    -10.61750261	  -2500.95925700	   -251.05327229	 -19352.91274089	-12784145428.62031364	    -14.95999604	-62827668.43298405	-286539.93009483	-785410149.28214085	-6280566489.10188198	-2030630.85586457	-215138886.81347769	     -0.21982180	      0.00000000	-848410.21634574	  -1414.51811802	      0.00000000	-932779872.92338657	      0.00000000	-325663.50558547	-3947811.14219554	      1.18934869	      0.00000000	 -81268.85044941	-86578098900615793999872.00000000	-3642612840262691454976.00000000	-100826.49567495	      0.00000000	      0.00000000	     -2.97486164	-135003.66526429	 -12393.63584815	-57737792.65670066	-559439849304350400.00000000	-137712826354445.09375000	-997449654.69429493	     -0.90531161	-8354407.19247263	-32616624.14657934	    -30.25397254	      0.61685093	  -5796.56968155	-705416641.48670375	-704693888.47208548	      0.00000000	      0.00000000	-2466290.82898781	-3503654.95634483
      1.35600000	-391112.55955903	    -10.61750261	  -2500.95925700	   -251.05327229	 -19352.91274089	-12784145428.62031364	    -14.95999604	-26841026.81127477	      0.00000000	-670278527.58443570	-7357560997.71409512	-11235982.18239192	-222006917.85364825	     -0.21982180	      0.00000000	      0.00000000	-177947.99749114	      0.00000000	-846760808.21194279	      0.00000000	      0.00000000	      0.00000000	-8764168.08700754	-1582629.63567865	 -81268.85044941	-86578098900615793999872.00000000	-3642612840262691454976.00000000	-4602102.15858275	      0.00000000	      0.00000000	     -2.97486164	-135003.66526429	 -12393.63584815	-57737792.65670066	-559439849304350400.00000000	-137712826354445.09375000	-997449654.69429493	     -0.90531161	-8354407.19247263	-32616624.14657934	    -30.25397254	      0.00000000	      0.26043126	-391112.55955903	    -10.61750261	  -2500.95925700	   -251.05327229	 -19352.91274089	-12784145428.62031364	    -14.95999604	-60927623.83579455	-222107.53444534	-772613857.66847825	-6310673794.84012604	-1901070.45267079	-205600428.97191530	     -0.21982180	      0.00000000	-771449.32927436	  -3165.34660932	      0.00000000	-920828378.58919501	      0.00000000	-269647.48512019	-3536392.21751133	      1.56134064	      0.00000000	 -81268.85044941	-86578098900615793999872.00000000	-3642612840262691454976.00000000	-169144.92227072	      0.00000000	      0.00000000	     -2.97486164	-135003.66526429	 -12393.63584815	-57737792.65670066	-559439849304350400.00000000	-137712826354445.09375000	-997449654.69429493	     -0.90531161	-8354407.19247263	-32616624.14657934	    -30.25397254	      0.53582047	  -5401.17997067	-723901767.35019374	-681995237.19934106	      0.00000000	      0.00000000	-2794466.91869316	-3187249.95829199
      1.37200000	-391112.55955903	    -10.61750261	  -2500.95925700	   -251.05327229	 -19352.91274089	-12784145428.62031364	    -14.95999604	-25530881.64420805	      0.00000000	-627362672.54997897	-7271948218.97976971	-11185441.42328406	-233095586.10172954	     -0.21982180	      0.00000000	      0.00000000	-169301.78501859	      0.00000000	-829679722.69980145	      0.00000000	      0.00000000	      0.00000000	-7905316.91028942	-1352091.77904992	 -81268.85044941	-86578098900615793999872.00000000	-3642612840262691454976.00000000	-5243198.62133077	      0.00000000	      0.00000000	     -2.97486164	-135003.66526429	 -12393.63584815	-57737792.65670066	-559439849304350400.00000000	-137712826354445.09375000	-997449654.69429493	     -0.90531161	-8354407.19247263	-32616624.14657934	    -30.25397254	      0.00000000	    -18.88556568	-391112.55955903	    -10.61750261	  -2500.95925700	   -251.05327229	 -19352.91274089	-12784145428.62031364	    -14.95999604	-59035153.00801300	-164269.99168822	-763377290.32470345	-6352416809.20275879	-1774790.25100685	-194700358.00668344	     -0.21982180	      0.00000000	-677538.44511282	  -6021.82181555	      0.00000000	-909118445.05130720	      0.00000000	-197519.16922273	-3030071.36304110	     -5.03123453	      0.00000000	 -81268.85044941	-86578098900615793999872.00000000	-3642612840262691454976.00000000	-248251.77403737	      0.00000000	      0.00000000	     -2.97486164	-135003.66526429	 -12393.63584815	-57737792.65670066	-559439849304350400.00000000	-137712826354445.09375000	-997449654.69429493	     -0.90531161	-8354407.19247263	-32616624.14657934	    -30.25397254	      0.30489693	  -4601.93778031	-743660996.91300774	-659913868.44577503	      0.00000000	      0.00000000	-3132811.88775576	-2856785.83055401
      1.38800000	-391112.55955903	    -10.61750261	  -2500.95925700	   -251.05327229	 -19352.91274089	-12784145428.62031364	    -14.95999604	-24389395.32178764	      0.00000000	-584326626.72002602	-7167217983.41403961	-11127990.35214678	-246505804.58822772	     -0.21982180	      0.00000000	      0.00000000	-156807.01179025	      0.00000000	-812186983.81678200	      0.00000000	      0.00000000	      0.00000000	-6945950.88940266	-1102482.60140886	 -81268.85044941	-86578098900615793999872.00000000	-3642612840262691454976.00000000	-5857282.55232737	      0.00000000	      0.00000000	     -2.97486164	-135003.66526429	 -12393.63584815	-57737792.65670066	-559439849304350400.00000000	-137712826354445.09375000	-997449654.69429493	     -0.90531161	-8354407.19247263	-32616624.14657934	    -30.25397254	      0.00000000	   -975.52201457	-391112.55955903	    -10.61750261	  -2500.95925700	   -251.05327229	 -19352.91274089	-12784145428.62031364	    -14.95999604	-57211857.47715297	-114975.97282843	-757705168.14235151	-6403992673.00669670	-1658533.10787987	-183005277.95492941	     -0.21982180	      0.00000000	-574271.79942569	 -10179.27952948	      0.00000000	-898036011.22255301	      0.00000000	-121073.48335097	-2470584.22881539	  -2562.66837305	      0.00000000	 -81268.85044941	-86578098900615793999872.00000000	-3642612840262691454976.00000000	-332544.28330222	      0.00000000	      0.00000000	     -2.97486164	-135003.66526429	 -12393.63584815	-57737792.65670066	-559439849304350400.00000000	-137712826354445.09375000	-997449654.69429493	     -0.90531161	-8354407.19247263	-32616624.14657934	    -30.25397254	      0.00000000	  -3589.77706074	-763655494.49712372	-639033088.21504879	      0.00000000	      0.00000000	-3471709.68187250	-2533490.54632524
      1.40400000	-391112.55955903	    -10.61750261	  -2500.95925700	   -251.05327229	 -19352.91274089	-12784145428.62031364	    -14.95999604	-23497834.70068752	      0.00000000	-543359741.70783889	-7046495616.24833965	-11042183.80542216	-261358056.42382494	     -0.21982180	      0.00000000	      0.08456649	-141133.89114219	      0.00000000	-795378033.00332999	      0.00000000	      0.00000000	      0.00000000	-5945496.25042355	-853197.22559059	 -81268.85044941	-86578098900615793999872.00000000	-3642612840262691454976.00000000	-6396839.67217276	      0.00000000	      0.00000000	     -2.97486164	-135003.66526429	 -12393.63584815	-57737792.65670066	-559439849304350400.00000000	-137712826354445.09375000	-997449654.69429493	     -0.90531161	-8354407.19247263	-32616624.14657934	    -30.25397254	      0.32647920	  -4663.67915330	-391112.55955903	    -10.61750261	  -2500.95925700	   -251.05327229	 -19352.91274089	-12784145428.62031364	    -14.95999604	-55494423.41151395	 -75116.34104315	-755363212.80041623	-6463043190.85272980	-1564062.82551577	-171325443.86107224	     -0.21982180	      0.00000000	-469459.53218130	 -15662.75275261	      0.00000000	-887998694.77811062	      0.00000000	 -53658.03892841	-1904030.68933566	 -23965.77526065	      0.00000000	 -81268.85044941	-86578098900615793999872.00000000	-3642612840262691454976.00000000	-416773.01334307	      0.00000000	      0.00000000	     -2.97486164	-135003.66526429	 -12393.63584815	-57737792.65670066	-559439849304350400.00000000	-137712826354445.09375000	-997449654.69429493	     -0.90531161	-8354407.19247263	-32616624.14657934	    -30.25397254	      0.00000000	  -2565.11644827	-782682136.65583241	-620208030.14981830	      0.00000000	      0.00000000	-3797251.34407234	-2235836.27675110
      1.42000000	-391112.55955903	    -10.61750261	  -2500.95925700	   -251.05327229	 -19352.91274089	-12784145428.62031364	    -14.95999604	-22899026.97251486	      0.00000000	-506422970.36079067	-6916375305.30031395	-10885012.94327318	-276073649.40490627	     -0.21982180	      0.00000000	     -3.46647127	-124008.43660918	      0.00000000	-780079293.02541482	      0.00000000	      0.00000000	      0.00000000	-4964203.67048097	-622578.66404947	 -81268.85044941	-86578098900615793999872.00000000	-3642612840262691454976.00000000	-6824823.45091160	      0.00000000	      0.00000000	     -2.97486164	-135003.66526429	 -12393.63584815	-57737792.65670066	-559439849304350400.00000000	-137712826354445.09375000	-997449654.69429493	     -0.90531161	-8354407.19247263	-32616624.14657934	    -30.25397254	      0.73643207	  -9435.00278145	-391112.55955903	    -10.61750261	  -2500.95925700	   -251.05327229	 -19352.91274089	-12784145428.62031364	    -14.95999604	-53908534.64933230	 -44715.46447097	-755963243.49900150	-6527021605.50358200	-1505576.64884444	-160570364.83054769	     -0.21982180	      0.00000000	-369920.86077740	 -22279.72757580	      0.00000000	-879421817.12573636	      0.00000000	  -9490.83493199	-1374317.50325780	 -75731.32497753	      0.00000000	 -81268.85044941	-86578098900615793999872.00000000	-3642612840262691454976.00000000	-496680.99300581	      0.00000000	      0.00000000	     -2.97486164	-135003.66526429	 -12393.63584815	-57737792.65670066	-559439849304350400.00000000	-137712826354445.09375000	-997449654.69429493	     -0.90531161	-8354407.19247263	-32616624.14657934	    -30.25397254	      0.00000000	  -1676.16781532	-799478743.24197793	-604441887.96475840	      0.00000000	      0.00000000	-4093770.76659377	-1977565.56556908
      1.43600000	-391112.55955903	    -10.61750261	  -2500.95925700	   -251.05327229	 -19352.91274089	-12784145428.62031364	    -14.95999604	-22593922.19177106	      0.00000000	-474795550.03552765	-6785088477.98177814	-10600705.58321063	-288626308.38194281	     -0.21982180	      0.00000000	  -4939.62052984	-107347.58357855	      0.00000000	-766631443.88645899	      0.00000000	      0.00000000	      0.00000000	-4049671.70176118	-423887.53518752	 -81268.85044941	-86578098900615793999872.00000000	-3642612840262691454976.00000000	-7124207.95126897	      0.00000000	      0.00000000	     -2.97486164	-135003.66526429	 -12393.63584815	-57737792.65670066	-559439849304350400.00000000	-137712826354445.09375000	-997449654.69429493	     -0.90531161	-8354407.19247263	-32616624.14657934	    -30.25397254	      0.16780077	 -13162.44099937	-391112.55955903	    -10.61750261	  -2500.95925700	   -251.05327229	 -19352.91274089	-12784145428.62031364	    -14.95999604	-52468300.78999046	 -23158.32765812	-759030336.70491314	-6593456128.28203487	-1496965.52190371	-151575000.93858442	     -0.21982180	      0.00000000	-280715.18377695	 -29630.63357189	      0.00000000	-872664569.89105511	      0.00000000	    -72.19934147	-916756.83009697	-165166.58598028	      0.00000000	 -81268.85044941	-86578098900615793999872.00000000	-3642612840262691454976.00000000	-569258.77385406	      0.00000000	      0.00000000	     -2.97486164	-135003.66526429	 -12393.63584815	-57737792.65670066	-559439849304350400.00000000	-137712826354445.09375000	-997449654.69429493	     -0.90531161	-8354407.19247263	-32616624.14657934	    -30.25397254	      0.00000000	   -994.59206344	-812899987.21281946	-592655069.54950702	      0.00000000	      0.00000000	-4348094.60436908	-1766565.34392070
      1.45200000	-391112.55955903	    -10.61750261	  -2500.95925700	   -251.05327229	 -19352.91274089	-12784145428.62031364	    -14.95999604	-22555413.79208353	      0.00000000	-449015031.77836317	-6660428746.49819088	-10138727.19456296	-297040277.33570004	     -0.21982180	      0.00000000	 -33728.48344220	 -92623.69235013	      0.00000000	-754960070.37591624	      0.00000000	      0.00000000	      0.00000000	-3229977.53088889	-263793.34958295	 -81268.85044941	-86578098900615793999872.00000000	-3642612840262691454976.00000000	-7296007.95411313	     -0.20498505	     -1.36452582	     -2.97486164	-135003.66526429	 -12393.63584815	-57737792.65670066	-559439849304350400.00000000	-137712826354445.09375000	-997449654.69429493	     -0.90531161	-8354407.19247263	-32616624.14657934	    -30.25397254	     -0.07619318	 -14407.00561853	-391112.55955903	    -10.61750261	  -2500.95925700	   -251.05327229	 -19352.91274089	-12784145428.62031364	    -14.95999604	-51178436.90525933	  -9388.40117232	-764063380.75300217	-6660169879.16459751	-1549916.71102625	-144944468.98780030	     -0.21982180	      0.00000000	-204793.84588502	 -37193.20664225	      0.00000000	-867969121.55258870	      0.00000000	      0.63103803	-552918.14241911	-297238.17861553	      0.00000000	 -81268.85044941	-86578098900615793999872.00000000	-3642612840262691454976.00000000	-632724.03000579	      0.00000000	      0.00000000	     -2.97486164	-135003.66526429	 -12393.63584815	-57737792.65670066	-559439849304350400.00000000	-137712826354445.09375000	-997449654.69429493	     -0.90531161	-8354407.19247263	-32616624.14657934	    -30.25397254	      0.00000000	   -545.52128308	-822159623.27336109	-585443371.13558519	      0.00000000	      0.00000000	-4552887.71576638	-1604473.31005875
      1.46800000	-391112.55955903	    -10.61750261	  -2500.95925700	   -251.05327229	 -19352.91274089	-12784145428.62031364	    -14.95999604	-22749578.63697464	      0.00000000	-429022834.06792921	-6547944324.76036835	-9474470.81807796	-299964019.57834685	     -0.21982180	      0.00000000	 -82092.26759234	 -80524.01299116	      0.00000000	-744824951.58886397	      0.00000000	      0.00000000	 -11257.64703073	-2515011.83452336	-143508.26206123	 -81268.85044941	-86578098900615793999872.00000000	-3642612840262691454976.00000000	-7351104.81225661	 -16522.85528803	 -18445.27188300	     -2.97486164	-135003.66526429	 -12393.63584815	-57737792.65670066	-559439849304350400.00000000	-137712826354445.09375000	-997449654.69429493	     -0.90531161	-8354407.19247263	-32616624.14657934	    -30.25397254	      0.19857070	 -13020.89345923	-391112.55955903	    -10.61750261	  -2500.95925700	   -251.05327229	 -19352.91274089	-12784145428.62031364	    -14.95999604	-50037489.91526234	  -2445.69807018	-770581694.80566335	-6725431619.58176708	-1672902.22214544	-140965353.77737540	     -0.21982180	      0.00000000	-143104.03923069	 -44456.83514066	      0.00000000	-865414418.01946938	      0.00000000	      0.00000000	-288981.13247744	-473705.42377729	      0.51879236	 -81268.85044941	-86578098900615793999872.00000000	-3642612840262691454976.00000000	-686376.89356757	      0.00000000	      0.00000000	     -2.97486164	-135003.66526429	 -12393.63584815	-57737792.65670066	-559439849304350400.00000000	-137712826354445.09375000	-997449654.69429493	     -0.90531161	-8354407.19247263	-32616624.14657934	    -30.25397254	      0.00000000	   -307.68331401	-827028481.19168901	-582917289.51605129	      0.00000000	      0.00000000	-4707501.54550774	-1487411.11818418
      1.48400000	-391112.55955903	    -10.61750261	  -2500.95925700	   -251.05327229	 -19352.91274089	-12784145428.62031364	    -14.95999604	-23153024.13094374	      0.00000000	-414417315.90446377	-6450225821.57508945	-8622482.16111585	-297055432.71971625	     -0.21982180	      0.00000000	-142178.13541106	 -71015.23276655	      0.00000000	-736085790.98242652	      0.00000000	      0.00000000	-135452.45273522	-1903133.51945089	 -61227.86176990	 -81268.85044941	-86578098900615793999872.00000000	-3642612840262691454976.00000000	-7301683.72887111	 -76506.52839007	 -78663.93454780	      1.17590905	-135003.66526429	 -12393.63584815	-57737792.65670066	-559439849304350400.00000000	-137712826354445.09375000	-997449654.69429493	     -0.90531161	-8354407.19247263	-32616624.14657934	    -30.25397254	      0.69113313	  -9945.17755214	-391112.55955903	    -10.61750261	  -2500.95925700	   -251.05327229	 -19352.91274089	-12784145428.62031364	    -14.95999604	-49031806.75568965	   -485.22401911	-778152121.67440927	-6788009643.09039783	-1870582.64048282	-139605562.91065300	     -0.21982180	      0.00000000	 -95056.57849699	 -51046.71474597	      0.00000000	-864905190.67447162	      0.00000000	      0.00000000	-118409.83002787	-693330.22005012	      0.85222710	 -81268.85044941	-86578098900615793999872.00000000	-3642612840262691454976.00000000	-730414.05980477	      0.00000000	      0.00000000	     -2.97486164	-135003.66526429	 -12393.63584815	-57737792.65670066	-559439849304350400.00000000	-137712826354445.09375000	-997449654.69429493	     -0.90531161	-8354407.19247263	-32616624.14657934	    -30.25397254	      0.00000000	   -179.85518651	-827866578.28291571	-584680668.55014646	      0.00000000	      0.00000000	-4816596.28672689	-1407818.40084795
      1.50000000	-391112.55955903	    -10.61750261	  -2500.95925700	   -251.05327229	 -19352.91274089	-12784145428.62031364	    -14.95999604	-23759927.44182142	      0.00000000	-404694526.75487489	-6367335743.41366863	-7635361.30944801	-289011717.44992405	     -0.21982180	      0.00000000	-207962.57550114	 -63625.47031196	      0.00000000	-728846357.78241563	      0.00000000	      0.00000000	-356484.78025014	-1388348.19603527	 -14247.41603037	 -81268.85044941	-86578098900615793999872.00000000	-3642612840262691454976.00000000	-7156885.32293603	-141718.17231728	-143057.01956366	   -460.47933223	-135003.66526429	 -12393.63584815	-57737792.65670066	-559439849304350400.00000000	-137712826354445.09375000	-997449654.69429493	     -0.90531161	-8354407.19247263	-32616624.14657934	    -30.25397254	      0.71708155	  -6488.81696524	-391112.55955903	    -10.61750261	  -2500.95925700	   -251.05327229	 -19352.91274089	-12784145428.62031364	    -14.95999604	-48156594.35963451	     -9.12842171	-786400448.00003946	-6847149121.78144646	-2143328.61525342	-140583152.74302793	     -0.21982180	      0.00000000	 -59137.89226253	 -56785.68415459	      0.00000000	-866199211.06195140	      0.00000000	      0.00000000	 -27311.93188825	-952750.52020405	   -521.59728054	 -81268.85044941	-86578098900615793999872.00000000	-3642612840262691454976.00000000	-765724.38086044	      0.00000000	      0.00000000	     -2.97486164	-135003.66526429	 -12393.63584815	-57737792.65670066	-559439849304350400.00000000	-137712826354445.09375000	-997449654.69429493	     -0.90531161	-8354407.19247263	-32616624.14657934	    -30.25397254	      0.00000000	   -107.43593601	-825476471.75991559	-589943843.86100614	      0.00000000	      0.00000000	-4887699.19346639	-1356703.45235395
      1.51600000	-391112.55955903	    -10.61750261	  -2500.95925700	   -251.05327229	 -19352.91274089	-12784145428.62031364	    -14.95999604	-24579839.03446183	      0.00000000	-399392970.57692015	-6297742466.98346996	-6589486.96859688	-277281611.76730764	     -0.21982180	      0.00000000	-276427.57293153	 -57693.49053929	      0.00000000	-723443212.20028484	      0.00000000	      0.00000000	-639246.09341762	-964690.30149915	   -359.25901475	 -81268.85044941	-86578098900615793999872.00000000	-3642612840262691454976.00000000	-6922851.10317615	-248660.48306665	-186703.30162210	  -8688.34678242	-135003.66526429	 -12393.63584815	-57737792.65670066	-559439849304350400.00000000	-137712826354445.09375000	-997449654.69429493	     -0.90531161	-8354407.19247263	-32616624.14657934	    -30.25397254	      0.00000000	  -3634.49628623	-391112.55955903	    -10.61750261	  -2500.95925700	   -251.05327229	 -19352.91274089	-12784145428.62031364	    -14.95999604	-47395025.70556048	      0.22201667	-795011985.90206301	-6902496819.06042576	-2486966.08880222	-143462590.17179632	     -0.21982180	      0.00000000	 -33468.24085239	 -61682.41819477	      0.00000000	-868957881.24651146	      0.00000000	      0.00000000	   -545.21711461	-1247563.93153795	  -8612.92264064	 -81268.85044941	-86578098900615793999872.00000000	-3642612840262691454976.00000000	-793668.19815509	      0.00000000	      0.00000000	     -2.97486164	-135003.66526429	 -12393.63584815	-57737792.65670066	-559439849304350400.00000000	-137712826354445.09375000	-997449654.69429493	     -0.90531161	-8354407.19247263	-32616624.14657934	    -30.25397254	      0.00000000	    -63.66104857	-820863872.91986549	-597709446.01520896	      0.00000000	      0.00000000	-4928754.10506814	-1325600.92955006
      1.53200000	-391112.55955903	    -10.61750261	  -2500.95925700	   -251.05327229	 -19352.91274089	-12784145428.62031364	    -14.95999604	-25631253.77338414	      0.00000000	-398172011.99657506	-6239349136.89097786	-5565083.52345234	-263634780.83141577	     -0.21982180	      0.00000000	-347026.52921017	 -52567.05092443	      0.00000000	-720343735.17778468	      0.00000000	      0.00000000	-964919.17379254	-627314.16951466	      1.74299134	 -81268.85044941	-86578098900615793999872.00000000	-3642612840262691454976.00000000	-6604588.02254378	-262972.12461561	-197629.40937843	 -11238.93005427	-135003.66526429	 -12393.63584815	-57737792.65670066	-559439849304350400.00000000	-137712826354445.09375000	-997449654.69429493	     -0.90531161	-8354407.19247263	-32616624.14657934	    -30.25397254	      0.00000000	  -1752.69293985	-391112.55955903	    -10.61750261	  -2500.95925700	   -251.05327229	 -19352.91274089	-12784145428.62031364	    -14.95999604	-46728076.41201808	      1.37401524	-803727943.46740139	-6953996511.54525566	-2892984.82314305	-147743651.98876426	     -0.21982180	      0.00000000	 -16197.71539046	 -65872.16556550	      0.00000000	-872801234.53930533	      0.00000000	      0.00000000	      0.91985726	-1573139.94063221	 -32635.63435508	 -81268.85044941	-86578098900615793999872.00000000	-3642612840262691454976.00000000	-815830.48573612	      0.00000000	      0.00000000	     -2.97486164	-135003.66526429	 -12393.63584815	-57737792.65670066	-559439849304350400.00000000	-137712826354445.09375000	-997449654.69429493	     -0.90531161	-8354407.19247263	-32616624.14657934	    -30.25397254	      0.00000000	    -35.40781762	-815005076.71613240	-606955320.78477490	      0.00000000	      0.00000000	-4946436.63002092	-1307870.59666537
      1.54800000	-391112.55955903	    -10.61750261	  -2500.95925700	   -251.05327229	 -19352.91274089	-12784145428.62031364	    -14.95999604	-26935718.98184885	      0.00000000	-400844176.29198587	-6190246588.33057785	-4629097.90834754	-249771179.94721088	     -0.21982180	      0.00000000	-420465.91597709	 -47728.91722995	      0.00000000	-720028769.28190041	      0.00000000	      0.00000000	-1324745.62291597	-371486.87837428	      0.00000000	 -81268.85044941	-86578098900615793999872.00000000	-3642612840262691454976.00000000	-6207800.55010781	-232223.56321582	-174145.00435745	  -6148.64651993	-135003.66526429	 -12393.63584815	-57737792.65670066	-559439849304350400.00000000	-137712826354445.09375000	-997449654.69429493	     -0.90531161	-8354407.19247263	-32616624.14657934	    -30.25397254	      0.00000000	   -732.14332227	-391112.55955903	    -10.61750261	  -2500.95925700	   -251.05327229	 -19352.91274089	-12784145428.62031364	    -14.95999604	-46136781.30854620	      1.49834927	-812344586.04674566	-7001791232.15123558	-3349110.83718379	-152921413.91756740	     -0.21982180	      0.00000000	  -5716.75539993	 -69549.99788987	      0.00000000	-877351769.65085828	      0.00000000	      0.00000000	      0.00000000	-1924993.24817269	 -70566.98382330	 -81268.85044941	-86578098900615793999872.00000000	-3642612840262691454976.00000000	-833765.25806076	      0.00000000	      0.00000000	     -2.97486164	-135003.66526429	 -12393.63584815	-57737792.65670066	-559439849304350400.00000000	-137712826354445.09375000	-997449654.69429493	     -0.90531161	-8354407.19247263	-32616624.14657934	    -30.25397254	      0.00000000	    -16.24021963	-808693524.97796500	-616753468.68657064	      0.00000000	      0.00000000	-4945804.27961316	-1299177.20990479
      1.56400000	-391112.55955903	    -10.61750261	  -2500.95925700	   -251.05327229	 -19352.91274089	-12784145428.62031364	    -14.95999604	-28514797.84653431	      0.00000000	-407379263.80130464	-6149060319.66852093	-3825900.65659096	-237075264.51171383	     -0.21982180	      0.00000000	-497626.60722936	 -42854.52898663	      0.00000000	-722908251.28050041	      0.00000000	      1.17442544	-1713400.80001826	-190981.35651229	      0.00000000	 -81268.85044941	-86578098900615793999872.00000000	-3642612840262691454976.00000000	-5739831.86529389	-121637.09095128	-123275.49574674	    -86.65118202	-135003.66526429	 -12393.63584815	-57737792.65670066	-559439849304350400.00000000	-137712826354445.09375000	-997449654.69429493	     -0.90531161	-8354407.19247263	-32616624.14657934	    -30.25397254	      0.00000000	   -331.32069897	-391112.55955903	    -10.61750261	  -2500.95925700	   -251.05327229	 -19352.91274089	-12784145428.62031364	    -14.95999604	-45603982.69460798	      0.71608294	-820713034.28944874	-7046150092.85185814	-3839755.42808463	-158509645.88311392	     -0.21982180	      0.00000000	  -1258.51981872	 -72924.32137011	      0.00000000	-882257323.81730282	      0.00000000	      0.00000000	      0.00000000	-2298786.73905508	-120868.19804013	 -81268.85044941	-86578098900615793999872.00000000	-3642612840262691454976.00000000	-848796.03017436	      0.00000000	      0.00000000	     -2.97486164	-135003.66526429	 -12393.63584815	-57737792.65670066	-559439849304350400.00000000	-137712826354445.09375000	-997449654.69429493	     -0.90531161	-8354407.19247263	-32616624.14657934	    -30.25397254	      0.00000000	     -3.00300509	-802495540.93739450	-626298111.13892984	      0.00000000	      0.00000000	-4931354.04468039	-1297190.84505240
      1.58000000	-391112.55955903	    -10.61750261	  -2500.95925700	   -251.05327229	 -19352.91274089	-12784145428.62031364	    -14.95999604	-30389265.49320031	      0.00000000	-417895905.93725592	-6115005070.48652935	-3176151.69344261	-226517367.72786832	     -0.21982180	      0.00000000	-578873.89604260	 -37820.55834016	      0.00000000	-729278454.13063955	      0.00000000	   -922.00671378	-2123947.27808202	 -76997.12325177	      0.00000000	 -81268.85044941	-86578098900615793999872.00000000	-3642612840262691454976.00000000	-5209880.67528344	 -58149.56010816	 -60415.97553355	      2.51930184	-135003.66526429	 -12393.63584815	-57737792.65670066	-559439849304350400.00000000	-137712826354445.09375000	-997449654.69429493	     -0.90531161	-8354407.19247263	-32616624.14657934	    -30.25397254	      0.00000000	   -187.85731203	-391112.55955903	    -10.61750261	  -2500.95925700	   -251.05327229	 -19352.91274089	-12784145428.62031364	    -14.95999604	-45114911.70280890	      0.00000000	-828731306.97894704	-7087418056.13156223	-4346358.69939304	-164043375.71230689	     -0.21982180	      0.00000000	   -186.02925747	 -76194.50359741	      0.00000000	-887196363.77931452	      0.00000000	      0.00000000	      0.00000000	-2690169.64017508	-181927.34646313	 -81268.85044941	-86578098900615793999872.00000000	-3642612840262691454976.00000000	-861959.09302488	      0.00000000	      0.00000000	     -2.97486164	-135003.66526429	 -12393.63584815	-57737792.65670066	-559439849304350400.00000000	-137712826354445.09375000	-997449654.69429493	     -0.90531161	-8354407.19247263	-32616624.14657934	    -30.25397254	      0.00000000	     -0.44828408	-796792198.40489244	-634878110.70193005	      0.00000000	      0.00000000	-4908650.49232290	-1300776.68457046
      1.59600000	-391112.55955903	    -10.61750261	  -2500.95925700	   -251.05327229	 -19352.91274089	-12784145428.62031364	    -14.95999604	-32578260.75124228	      0.00000000	-432651635.31529975	-6087864362.13421726	-2681050.57421680	-218641565.66569838	     -0.21982180	      0.00000000	-663569.96292133	 -32684.63362732	      0.00000000	-739302397.15491283	      0.00000000	 -32532.66627646	-2544207.75545375	 -17966.15150340	      0.00000000	 -81268.85044941	-86578098900615793999872.00000000	-3642612840262691454976.00000000	-4629078.28930822	  -8463.35026124	 -10034.98097114	     -2.97486164	-135003.66526429	 -12393.63584815	-57737792.65670066	-559439849304350400.00000000	-137712826354445.09375000	-997449654.69429493	     -0.90531161	-8354407.19247263	-32616624.14657934	    -30.25397254	      0.00000000	   -131.02428071	-391112.55955903	    -10.61750261	  -2500.95925700	   -251.05327229	 -19352.91274089	-12784145428.62031364	    -14.95999604	-44656303.37146651	      0.00000000	-836331029.95086181	-7126003590.15653133	-4848655.93160142	-169090636.03579399	     -0.21982180	      0.00000000	     -0.58306508	 -79544.36982743	      0.00000000	-891882189.25890577	      0.00000000	      0.00000000	      0.00000000	-3094977.34477128	-252129.04874609	 -81268.85044941	-86578098900615793999872.00000000	-3642612840262691454976.00000000	-874115.60095777	      0.00000000	      0.00000000	     -2.97486164	-135003.66526429	 -12393.63584815	-57737792.65670066	-559439849304350400.00000000	-137712826354445.09375000	-997449654.69429493	     -0.90531161	-8354407.19247263	-32616624.14657934	    -30.25397254	      0.00000000	     -0.11084620	-791861133.86613071	-641866356.23914170	      0.00000000	      0.00000000	-4885171.32726892	-1308939.01728949
      1.61200000	-391112.55955903	    -10.61750261	  -2500.95925700	   -251.05327229	 -19352.91274089	-12784145428.62031364	    -14.95999604	-35096692.81624714	      0.00000000	-452028847.46128857	-6067999865.75366020	-2328630.59718937	-213586381.55838075	     -0.21982180	      0.00000000	-749600.83725943	 -27638.81115260	      0.00000000	-752992737.95303333	      0.00000000	-107813.44941803	-2954481.18333174	   -688.53934813	      0.00000000	 -81268.85044941	-86578098900615793999872.00000000	-3642612840262691454976.00000000	-4010715.13003040	      1.25473483	      0.62758466	     -2.97486164	-135003.66526429	 -12393.63584815	-57737792.65670066	-559439849304350400.00000000	-137712826354445.09375000	-997449654.69429493	     -0.90531161	-8354407.19247263	-32616624.14657934	    -30.25397254	      0.00000000	   -108.08574300	-391112.55955903	    -10.61750261	  -2500.95925700	   -251.05327229	 -19352.91274089	-12784145428.62031364	    -14.95999604	-44214793.80353792	      0.00000000	-843471360.31240594	-7162409655.56567287	-5327527.39896430	-173285145.65943953	     -0.21982180	      0.00000000	      0.70404615	 -83144.27845153	      0.00000000	-896078601.38590503	      0.00000000	      0.00000000	      0.00000000	-3510223.39988668	-330084.23932198	 -81268.85044941	-86578098900615793999872.00000000	-3642612840262691454976.00000000	-886127.14517470	      0.00000000	      0.00000000	     -2.97486164	-135003.66526429	 -12393.63584815	-57737792.65670066	-559439849304350400.00000000	-137712826354445.09375000	-997449654.69429493	     -0.90531161	-8354407.19247263	-32616624.14657934	    -30.25397254	      0.00000000	     -0.00293651	-787965058.14206672	-646758019.24496615	      0.00000000	      0.00000000	-4869674.50497265	-1319715.19528319
      1.62800000	-391112.55955903	    -10.61750261	  -2500.95925700	   -251.05327229	 -19352.91274089	-12784145428.62031364	    -14.95999604	-37950995.54773219	      0.00000000	-476496532.01068348	-6056298801.57521915	-2099717.37643949	-211126211.77413377	     -0.21982180	      0.00000000	-833044.72312018	 -22928.06751825	      0.00000000	-770190091.14643085	      0.00000000	-198372.54386737	-3327878.69445349	      0.95417214	      0.00000000	 -81268.85044941	-86578098900615793999872.00000000	-3642612840262691454976.00000000	-3370470.79125978	      0.00000000	      0.00000000	     -2.97486164	-135003.66526429	 -12393.63584815	-57737792.65670066	-559439849304350400.00000000	-137712826354445.09375000	-997449654.69429493	     -0.90531161	-8354407.19247263	-32616624.14657934	    -30.25397254	      0.00000000	   -101.20672586	-391112.55955903	    -10.61750261	  -2500.95925700	   -251.05327229	 -19352.91274089	-12784145428.62031364	    -14.95999604	-43776290.59725028	      0.00000000	-850145994.10899043	-7197262824.42412567	-5768262.71062680	-176361469.10902011	     -0.21982180	      0.00000000	      0.74545678	 -87155.87434839	      0.00000000	-899622922.53348887	      0.00000000	      0.00000000	      0.00000000	-3935367.82925066	-414973.49561700	 -81268.85044941	-86578098900615793999872.00000000	-3642612840262691454976.00000000	-898904.30563721	      0.00000000	      0.00000000	     -2.97486164	-135003.66526429	 -12393.63584815	-57737792.65670066	-559439849304350400.00000000	-137712826354445.09375000	-997449654.69429493	     -0.90531161	-8354407.19247263	-32616624.14657934	    -30.25397254	      0.00000000	      0.10377125	-785417138.01194525	-649217804.28950644	      0.00000000	      0.00000000	-4870771.73286490	-1329400.66945067
      1.64400000	-391112.55955903	    -10.61750261	  -2500.95925700	   -251.05327229	 -19352.91274089	-12784145428.62031364	    -14.95999604	-41134470.21013851	      0.91287350	-506499920.46342140	-6053823055.26575089	-1972311.06509395	-210747745.76303989	     -0.21982180	      0.00000000	-908344.10511484	 -18727.84911061	      0.00000000	-790539888.49350834	      0.00000000	-280706.96974678	-3634715.81785939	      1.07721590	      0.00000000	 -81268.85044941	-86578098900615793999872.00000000	-3642612840262691454976.00000000	-2726806.76543674	      0.00000000	      0.00000000	     -2.97486164	-135003.66526429	 -12393.63584815	-57737792.65670066	-559439849304350400.00000000	-137712826354445.09375000	-997449654.69429493	     -0.90531161	-8354407.19247263	-32616624.14657934	    -30.25397254	      0.00000000	   -104.76216302	-391112.55955903	    -10.61750261	  -2500.95925700	   -251.05327229	 -19352.91274089	-12784145428.62031364	    -14.95999604	-43327093.38720918	      0.00000000	-856379181.27084816	-7231252809.41307449	-6162217.59104626	-178168689.30816367	     -0.21982180	      0.00000000	      0.00000000	 -91724.46042852	      0.00000000	-902437312.84521043	      0.00000000	      0.00000000	      0.00000000	-4372696.86613725	-506744.63771378	 -81268.85044941	-86578098900615793999872.00000000	-3642612840262691454976.00000000	-913389.36495152	      0.00000000	      0.00000000	     -2.97486164	-135003.66526429	 -12393.63584815	-57737792.65670066	-559439849304350400.00000000	-137712826354445.09375000	-997449654.69429493	     -0.90531161	-8354407.19247263	-32616624.14657934	    -30.25397254	      0.00000000	      0.18921535	-784585834.07110381	-649077607.73721194	      0.00000000	      0.00000000	-4896113.32675298	-1332645.46038092
      1.66000000	-391112.55955903	    -10.61750261	  -2500.95925700	   -251.05327229	 -19352.91274089	-12784145428.62031364	    -14.95999604	-44621753.09605982	     -1.90202404	-542297490.07068050	-6061352878.87247944	-1924239.73076499	-211774203.22977296	     -0.21982180	      0.00000000	-969192.30044947	 -15079.15723940	      0.00000000	-813479026.56028533	      0.00000000	-338500.41755972	-3850202.46340444	      0.00000000	      0.00000000	 -81268.85044941	-86578098900615793999872.00000000	-3642612840262691454976.00000000	-2101277.53624915	      0.00000000	      0.00000000	     -2.97486164	-135003.66526429	 -12393.63584815	-57737792.65670066	-559439849304350400.00000000	-137712826354445.09375000	-997449654.69429493	     -0.90531161	-8354407.19247263	-32616624.14657934	    -30.25397254	      0.00000000	   -118.34838581	-391112.55955903	    -10.61750261	  -2500.95925700	   -251.05327229	 -19352.91274089	-12784145428.62031364	    -14.95999604	-42856233.48120788	      0.00000000	-862215372.89776969	-7265011211.75161648	-6506370.20008094	-178661461.37336561	     -0.21982180	      0.00000000	      0.00000000	 -96965.12001212	      0.00000000	-904525087.25975382	      0.00000000	      0.00000000	      0.00000000	-4826438.82363754	-606006.34417560	 -81268.85044941	-86578098900615793999872.00000000	-3642612840262691454976.00000000	-930412.16398103	      0.00000000	      0.00000000	     -2.97486164	-135003.66526429	 -12393.63584815	-57737792.65670066	-559439849304350400.00000000	-137712826354445.09375000	-997449654.69429493	     -0.90531161	-8354407.19247263	-32616624.14657934	    -30.25397254	      0.00000000	      0.24611134	-785831158.35595787	-646283913.62505174	      0.00000000	      0.00000000	-4952639.38445732	-1323530.70313316
      1.67600000	-391112.55955903	    -10.61750261	  -2500.95925700	   -251.05327229	 -19352.91274089	-12784145428.62031364	    -14.95999604	-48360912.49207866	  -4615.69500395	-583749788.22670186	-6078963351.92168331	-1934842.30654289	-213529021.12444928	     -0.21982180	      0.00000000	-1009934.53844185	 -11900.88768761	      0.00000000	-838232673.82549918	      0.00000000	-364285.43306930	-3961947.74553468	      0.00000000	      0.00000000	 -81268.85044941	-86578098900615793999872.00000000	-3642612840262691454976.00000000	-1518501.82146897	      0.00000000	      0.00000000	     -2.97486164	-135003.66526429	 -12393.63584815	-57737792.65670066	-559439849304350400.00000000	-137712826354445.09375000	-997449654.69429493	     -0.90531161	-8354407.19247263	-32616624.14657934	    -30.25397254	      0.00000000	   -143.90565080	-391112.55955903	    -10.61750261	  -2500.95925700	   -251.05327229	 -19352.91274089	-12784145428.62031364	    -14.95999604	-42357431.94441341	      0.00000000	-867708246.80817473	-7298997248.01751709	-6802316.00194851	-177890339.90007016	     -0.21982180	      0.00000000	      0.00000000	-102948.57458334	      0.00000000	-905960856.65501511	      0.00000000	      0.00000000	      0.00000000	-5301437.93363535	-713746.55885745	 -81268.85044941	-86578098900615793999872.00000000	-3642612840262691454976.00000000	-950531.31838163	      0.00000000	      0.00000000	     -2.97486164	-135003.66526429	 -12393.63584815	-57737792.65670066	-559439849304350400.00000000	-137712826354445.09375000	-997449654.69429493	     -0.90531161	-8354407.19247263	-32616624.14657934	    -30.25397254	      0.00000000	      0.26826427	-789414084.59904993	-640860797.69330394	      0.00000000	      0.00000000	-5046841.19232300	-1297011.11835627
      1.69200000	-391112.55955903	    -10.61750261	  -2500.95925700	   -251.05327229	 -19352.91274089	-12784145428.62031364	    -14.95999604	-52264203.79460397	 -36241.64705989	-630101710.24479079	-6105783256.45090961	-1986466.76725767	-215498459.18111163	     -0.21982180	      0.00000000	-1027058.37927922	  -9068.21362187	      0.00000000	-863828196.94961452	      0.00000000	-358776.10140936	-3973793.39661085	      0.00000000	      0.00000000	 -81268.85044941	-86578098900615793999872.00000000	-3642612840262691454976.00000000	-1005024.66778093	      0.00000000	      0.00000000	     -2.97486164	-135003.66526429	 -12393.63584815	-57737792.65670066	-559439849304350400.00000000	-137712826354445.09375000	-997449654.69429493	     -0.90531161	-8354407.19247263	-32616624.14657934	    -30.25397254	      0.00000000	   -183.37394160	-391112.55955903	    -10.61750261	  -2500.95925700	   -251.05327229	 -19352.91274089	-12784145428.62031364	    -14.95999604	-41829715.46889384	      0.00000000	-872903695.14089298	-7333410192.41383076	-7056127.18418034	-176009575.16447550	     -0.21982180	      0.00000000	      0.00000000	-109684.14463536	      0.00000000	-906881900.06574512	      0.00000000	      0.00000000	      0.00000000	-5802025.87208083	-831030.84320731	 -81268.85044941	-86578098900615793999872.00000000	-3642612840262691454976.00000000	-974006.11815738	      0.00000000	      0.00000000	     -2.97486164	-135003.66526429	 -12393.63584815	-57737792.65670066	-559439849304350400.00000000	-137712826354445.09375000	-997449654.69429493	     -0.90531161	-8354407.19247263	-32616624.14657934	    -30.25397254	      0.00000000	      0.24797298	-795416635.91684318	-632937181.62063253	      0.00000000	      0.00000000	-5184078.98974870	-1250116.24144528
      1.70800000	-391112.55955903	    -10.61750261	  -2500.95925700	   -251.05327229	 -19352.91274089	-12784145428.62031364	    -14.95999604	-56200857.77353197	 -97173.33473760	-680043087.75765884	-6140516161.11893559	-2065627.67024540	-217428326.68746039	     -0.21982180	      0.00000000	-1020357.01769928	  -6584.46383883	      0.00000000	-889152499.35163260	      0.00000000	-328692.47614890	-3905012.65168222	      0.00000000	      0.00000000	 -81268.85044941	-86578098900615793999872.00000000	-3642612840262691454976.00000000	-585051.46298123	      0.00000000	      0.00000000	     -2.97486164	-135003.66526429	 -12393.63584815	-57737792.65670066	-559439849304350400.00000000	-137712826354445.09375000	-997449654.69429493	     -0.90531161	-8354407.19247263	-32616624.14657934	    -30.25397254	      0.00000000	   -235.17470308	-391112.55955903	    -10.61750261	  -2500.95925700	   -251.05327229	 -19352.91274089	-12784145428.62031364	    -14.95999604	-41276886.26954727	      0.00000000	-877810798.44018126	-7368112686.08357620	-7278855.19626757	-173297197.77757055	     -0.21982180	      0.00000000	      0.00000000	-117097.22188613	      0.00000000	-907478608.08049715	      0.00000000	      0.00000000	      0.00000000	-6330757.43849515	-958628.71865224	 -81268.85044941	-86578098900615793999872.00000000	-3642612840262691454976.00000000	-1000933.71112091	      0.00000000	      0.00000000	     -2.97486164	-135003.66526429	 -12393.63584815	-57737792.65670066	-559439849304350400.00000000	-137712826354445.09375000	-997449654.69429493	     -0.90531161	-8354407.19247263	-32616624.14657934	    -30.25397254	      0.00000000	      0.17616209	-803672419.08869088	-622817708.02293169	      0.00000000	      0.00000000	-5367163.13347078	-1182842.95980314
      1.72400000	-391112.55955903	    -10.61750261	  -2500.95925700	   -251.05327229	 -19352.91274089	-12784145428.62031364	    -14.95999604	-59999325.16538847	-183526.68255972	-731632219.95785332	-6181058935.60278320	-2162860.14042819	-219302827.23876017	     -0.21982180	      0.00000000	-993329.91697459	  -4516.69059071	      0.00000000	-913372490.46388984	      0.00000000	-284176.79989081	-3785754.68976813	      0.28461257	      0.00000000	 -81268.85044941	-86578098900615793999872.00000000	-3642612840262691454976.00000000	-278368.38581509	      0.00000000	      0.00000000	     -2.97486164	-135003.66526429	 -12393.63584815	-57737792.65670066	-559439849304350400.00000000	-137712826354445.09375000	-997449654.69429493	     -0.90531161	-8354407.19247263	-32616624.14657934	    -30.25397254	      0.00000000	   -289.84421755	-391112.55955903	    -10.61750261	  -2500.95925700	   -251.05327229	 -19352.91274089	-12784145428.62031364	    -14.95999604	-40706071.86169813	      0.00000000	-882366403.84311259	-7402583827.81542015	-7486772.49699342	-170166969.24079388	     -0.21982180	      0.00000000	      0.00000000	-125008.50087061	      0.00000000	-907977229.09626412	      0.00000000	      0.00000000	      0.00000000	-6886788.72244635	-1096516.57822646	 -81268.85044941	-86578098900615793999872.00000000	-3642612840262691454976.00000000	-1031532.39486224	      0.00000000	      0.00000000	     -2.97486164	-135003.66526429	 -12393.63584815	-57737792.65670066	-559439849304350400.00000000	-137712826354445.09375000	-997449654.69429493	     -0.90531161	-8354407.19247263	-32616624.14657934	    -30.25397254	      0.00000000	      0.04167117	-813716755.47831917	-611059183.96744227	      0.00000000	      0.00000000	-5594423.87975140	-1098642.59178809
      1.74000000	-391112.55955903	    -10.61750261	  -2500.95925700	   -251.05327229	 -19352.91274089	-12784145428.62031364	    -14.95999604	-63464494.64608569	-286833.47821691	-782067529.59157598	-6223721043.55832767	-2270594.58126262	-221210932.30249709	     -0.21982180	      0.00000000	-952531.32028678	  -2873.48853341	      0.00000000	-934627429.66592920	      0.00000000	-236170.11004499	-3650240.23350331	      1.65553854	      0.00000000	 -81268.85044941	-86578098900615793999872.00000000	-3642612840262691454976.00000000	 -92335.89840068	      0.00000000	      0.00000000	     -2.97486164	-135003.66526429	 -12393.63584815	-57737792.65670066	-559439849304350400.00000000	-137712826354445.09375000	-997449654.69429493	     -0.90531161	-8354407.19247263	-32616624.14657934	    -30.25397254	      0.00000000	   -329.55993204	-391112.55955903	    -10.61750261	  -2500.95925700	   -251.05327229	 -19352.91274089	-12784145428.62031364	    -14.95999604	-40125421.25997534	      0.00000000	-886412424.02183318	-7435959437.74384212	-7700777.05503164	-167152142.10342342	     -0.21982180	      0.00000000	      0.00000000	-133132.02437846	      0.00000000	-908612212.80784583	      0.00000000	      0.00000000	      0.00000000	-7464536.12645691	-1243413.74180422	 -81268.85044941	-86578098900615793999872.00000000	-3642612840262691454976.00000000	-1066489.62570962	      0.00000000	      0.00000000	     -2.97486164	-135003.66526429	 -12393.63584815	-57737792.65670066	-559439849304350400.00000000	-137712826354445.09375000	-997449654.69429493	     -0.90531161	-8354407.19247263	-32616624.14657934	    -30.25397254	      0.00000000	      0.00000000	-824789138.56072795	-598527002.07467055	      0.00000000	      0.00000000	-5857153.53407778	-1004161.18849218
      1.75600000	-391112.55955903	    -10.61750261	  -2500.95925700	   -251.05327229	 -19352.91274089	-12784145428.62031364	    -14.95999604	-66502134.15808271	-394284.72491274	-827103933.83532691	-6262264411.38943005	-2379541.80209814	-223169259.33351159	     -0.21982180	      0.00000000	-906077.12741912	  -1551.18024816	      0.00000000	-953544960.10900962	      0.00000000	-194002.50019813	-3529846.76753745	      1.25468581	      0.00000000	 -81268.85044941	-86578098900615793999872.00000000	-3642612840262691454976.00000000	 -11331.24950520	      0.00000000	      0.00000000	     -2.97486164	-135003.66526429	 -12393.63584815	-57737792.65670066	-559439849304350400.00000000	-137712826354445.09375000	-997449654.69429493	     -0.90531161	-8354407.19247263	-32616624.14657934	    -30.25397254	      0.00000000	   -337.62057390	-391112.55955903	    -10.61750261	  -2500.95925700	   -251.05327229	 -19352.91274089	-12784145428.62031364	    -14.95999604	-39541660.68489372	      0.00000000	-889702056.76834869	-7467175692.82922173	-7944549.32253508	-164851522.63755810	     -0.21982180	      0.00000000	      0.00000000	-141103.23614064	      0.00000000	-909590531.20942080	      0.00000000	      0.00000000	      0.00000000	-8053320.29773392	-1396557.34053252	 -81268.85044941	-86578098900615793999872.00000000	-3642612840262691454976.00000000	-1107211.44142180	      0.00000000	      0.00000000	     -2.97486164	-135003.66526429	 -12393.63584815	-57737792.65670066	-559439849304350400.00000000	-137712826354445.09375000	-997449654.69429493	     -0.90531161	-8354407.19247263	-32616624.14657934	    -30.25397254	      0.00000000	      0.00000000	-835889565.21012056	-586381849.10112321	      0.00000000	      0.00000000	-6137523.14480040	-908262.17533477
      1.77200000	-391112.55955903	    -10.61750261	  -2500.95925700	   -251.05327229	 -19352.91274089	-12784145428.62031364	    -14.95999604	-69037660.51355016	-492024.89997084	-862639434.07307696	-6291383746.18381691	-2475364.93936795	-224992048.49032852	     -0.21982180	      0.00000000	-861924.16829312	   -629.32406925	      0.00000000	-968811493.58518875	      0.00000000	-163910.20645731	-3448173.86808674	     -0.31189627	      0.00000000	 -81268.85044941	-86578098900615793999872.00000000	-3642612840262691454976.00000000	     -7.79425011	      0.00000000	      0.00000000	     -2.97486164	-135003.66526429	 -12393.63584815	-57737792.65670066	-559439849304350400.00000000	-137712826354445.09375000	-997449654.69429493	     -0.90531161	-8354407.19247263	-32616624.14657934	    -30.25397254	      0.00000000	   -312.90208641	-391112.55955903	    -10.61750261	  -2500.95925700	   -251.05327229	 -19352.91274089	-12784145428.62031364	    -14.95999604	-38958592.60788592	      0.00000000	-891936380.34685361	-7495167768.18704891	-8241493.52536263	-163847936.85051617	     -0.21982180	      0.00000000	      0.00000000	-148532.17345865	      0.00000000	-911056149.30378079	      0.00000000	      0.00000000	      0.00000000	-8638227.97086985	-1551824.67399771	 -81268.85044941	-86578098900615793999872.00000000	-3642612840262691454976.00000000	-1155809.31955504	      0.00000000	      0.00000000	     -2.97486164	-135003.66526429	 -12393.63584815	-57737792.65670066	-559439849304350400.00000000	-137712826354445.09375000	-997449654.69429493	     -0.90531161	-8354407.19247263	-32616624.14657934	    -30.25397254	      0.00000000	      0.00000000	-845854690.38934493	-575942407.91289592	      0.00000000	      0.00000000	-6409360.26151842	-820755.70257537
      1.78800000	-391112.55955903	    -10.61750261	  -2500.95925700	   -251.05327229	 -19352.91274089	-12784145428.62031364	    -14.95999604	-70947512.29960145	-570398.60617385	-887587939.90226424	-6310803300.36110687	-2538100.74593485	-226272504.80155638	     -0.21982180	      0.00000000	-826498.84253477	   -240.24583426	      0.00000000	-979827031.03951836	      0.00000000	-149119.28845819	-3418992.12270752	     -7.59808657	      0.00000000	 -81268.85044941	-86578098900615793999872.00000000	-3642612840262691454976.00000000	      1.91276044	      0.00000000	      0.00000000	     -2.97486164	-135003.66526429	 -12393.63584815	-57737792.65670066	-559439849304350400.00000000	-137712826354445.09375000	-997449654.69429493	     -0.90531161	-8354407.19247263	-32616624.14657934	    -30.25397254	      0.00000000	   -272.68671508	-391112.55955903	    -10.61750261	  -2500.95925700	   -251.05327229	 -19352.91274089	-12784145428.62031364	    -14.95999604	-38376852.72344778	      0.00000000	-892818746.89303267	-7519060167.48886013	-8611208.20372969	-164622528.59122574	     -0.21982180	      0.00000000	      0.00000000	-155068.20297053	      0.00000000	-913065733.73751605	      0.00000000	      0.00000000	      0.00000000	-9202229.09429669	-1704257.92850951	 -81268.85044941	-86578098900615793999872.00000000	-3642612840262691454976.00000000	-1214800.21001391	      0.00000000	      0.00000000	     -2.97486164	-135003.66526429	 -12393.63584815	-57737792.65670066	-559439849304350400.00000000	-137712826354445.09375000	-997449654.69429493	     -0.90531161	-8354407.19247263	-32616624.14657934	    -30.25397254	      0.00000000	      0.00000000	-853440486.12541723	-568434146.76593959	      0.00000000	      0.00000000	-6643175.16019006	-751186.25995318
      1.80400000	-391112.55955903	    -10.61750261	  -2500.95925700	   -251.05327229	 -19352.91274089	-12784145428.62031364	    -14.95999604	-72185537.74872375	-624858.80357640	-902501769.36316955	-6321804866.75254726	-2546126.36317746	-226491630.28580797	     -0.21982180	      0.00000000	-803974.91605568	    -98.77242951	      0.00000000	-986465658.21307540	      0.00000000	-151257.78059132	-3446799.98779110	    -41.47171568	      0.00000000	 -81268.85044941	-86578098900615793999872.00000000	-3642612840262691454976.00000000	      0.00000000	      0.00000000	      0.00000000	     -2.97486164	-135003.66526429	 -12393.63584815	-57737792.65670066	-559439849304350400.00000000	-137712826354445.09375000	-997449654.69429493	     -0.90531161	-8354407.19247263	-32616624.14657934	    -30.25397254	      0.00000000	   -240.33954704	-391112.55955903	    -10.61750261	  -2500.95925700	   -251.05327229	 -19352.91274089	-12784145428.62031364	    -14.95999604	-37794206.96797525	      0.00000000	-892103436.16901052	-7538301935.91658401	-9065881.80208493	-167477623.11401007	     -0.21982180	      0.00000000	      0.00000000	-160466.03838001	      0.00000000	-915577076.55944061	      0.00000000	      0.00000000	      0.00000000	-9729076.40373352	-1848888.59002325	 -81268.85044941	-86578098900615793999872.00000000	-3642612840262691454976.00000000	-1286697.81688553	      0.00000000	      0.00000000	     -2.97486164	-135003.66526429	 -12393.63584815	-57737792.65670066	-559439849304350400.00000000	-137712826354445.09375000	-997449654.69429493	     -0.90531161	-8354407.19247263	-32616624.14657934	    -30.25397254	      0.00000000	      0.00000000	-857437512.72463632	-564702055.08340859	      0.00000000	      0.00000000	-6814245.33755991	-707921.96753412
      1.82000000	-391112.55955903	    -10.61750261	  -2500.95925700	   -251.05327229	 -19352.91274089	-12784145428.62031364	    -14.95999604	-72762132.66797668	-654567.39729440	-908350912.21366298	-6325493332.18809509	-2484138.01897717	-225219489.29200017	     -0.21982180	      0.00000000	-796188.18126158	    -50.05611009	      0.00000000	-988844607.57610130	      0.00000000	-171900.02693202	-3529002.45799241	     -3.92538141	      0.00000000	 -81268.85044941	-86578098900615793999872.00000000	-3642612840262691454976.00000000	      0.00000000	      0.00000000	      0.00000000	     -2.97486164	-135003.66526429	 -12393.63584815	-57737792.65670066	-559439849304350400.00000000	-137712826354445.09375000	-997449654.69429493	     -0.90531161	-8354407.19247263	-32616624.14657934	    -30.25397254	      0.00000000	   -234.91602386	-391112.55955903	    -10.61750261	  -2500.95925700	   -251.05327229	 -19352.91274089	-12784145428.62031364	    -14.95999604	-37205116.34725317	      0.00000000	-889608239.46316397	-7552720027.72824192	-9606026.09728015	-172463218.32815948	     -0.21982180	      0.00000000	      0.00000000	-164647.89273626	      0.00000000	-918436186.99866009	      0.00000000	      0.00000000	      0.00000000	-10205541.86858683	-1981453.77467881	 -81268.85044941	-86578098900615793999872.00000000	-3642612840262691454976.00000000	-1373844.40200885	      0.00000000	      0.00000000	     -2.97486164	-135003.66526429	 -12393.63584815	-57737792.65670066	-559439849304350400.00000000	-137712826354445.09375000	-997449654.69429493	     -0.90531161	-8354407.19247263	-32616624.14657934	    -30.25397254	      0.00000000	      0.00000000	-856852965.56695068	-564988451.10514653	      0.00000000	      0.00000000	-6910322.20856761	-697680.84374816
      1.83600000	-391112.55955903	    -10.61750261	  -2500.95925700	   -251.05327229	 -19352.91274089	-12784145428.62031364	    -14.95999604	-72726272.31022617	-660663.16739970	-906134218.97160852	-6322683057.28410339	-2351463.45120936	-222325197.14303425	     -0.21982180	      0.00000000	-802904.19396918	    -38.90395558	      0.00000000	-987263407.04500008	      0.00000000	-212873.03373239	-3658169.07082593	      0.22834095	      0.00000000	 -81268.85044941	-86578098900615793999872.00000000	-3642612840262691454976.00000000	      0.00000000	      0.00000000	      0.00000000	     -2.97486164	-135003.66526429	 -12393.63584815	-57737792.65670066	-559439849304350400.00000000	-137712826354445.09375000	-997449654.69429493	     -0.90531161	-8354407.19247263	-32616624.14657934	    -30.25397254	      0.00000000	   -274.60044511	-391112.55955903	    -10.61750261	  -2500.95925700	   -251.05327229	 -19352.91274089	-12784145428.62031364	    -14.95999604	-36598498.13438379	      0.00000000	-885167708.62162626	-7562485273.60016918	-10215478.81457346	-179310168.80972105	     -0.21982180	      0.00000000	      0.00000000	-167751.61791989	      0.00000000	-921349466.34569252	      0.00000000	      0.00000000	      0.00000000	-10621454.11853022	-2098526.39529679	 -81268.85044941	-86578098900615793999872.00000000	-3642612840262691454976.00000000	-1478847.83389208	      0.00000000	      0.00000000	     -2.97486164	-135003.66526429	 -12393.63584815	-57737792.65670066	-559439849304350400.00000000	-137712826354445.09375000	-997449654.69429493	     -0.90531161	-8354407.19247263	-32616624.14657934	    -30.25397254	      0.00000000	      0.00000000	-851152539.89317966	-568871614.01133978	      0.00000000	      0.00000000	-6934903.85148066	-725283.53419093
      1.85200000	-391112.55955903	    -10.61750261	  -2500.95925700	   -251.05327229	 -19352.91274089	-12784145428.62031364	    -14.95999604	-72151241.68116966	-645108.08627023	-896784487.59967017	-6314047735.63167286	-2165330.86964872	-218086142.52193341	     -0.21982180	      0.00000000	-822088.42673741	    -50.49791415	      0.00000000	-982198951.64391422	      0.00000000	-274745.14731098	-3822943.02239204	      1.68012962	      0.00000000	 -81268.85044941	-86578098900615793999872.00000000	-3642612840262691454976.00000000	      0.00000000	      0.00000000	      0.00000000	     -2.97486164	-135003.66526429	 -12393.63584815	-57737792.65670066	-559439849304350400.00000000	-137712826354445.09375000	-997449654.69429493	     -0.90531161	-8354407.19247263	-32616624.14657934	    -30.25397254	      0.00000000	   -390.77860438	-391112.55955903	    -10.61750261	  -2500.95925700	   -251.05327229	 -19352.91274089	-12784145428.62031364	    -14.95999604	-35953962.25758010	      0.00000000	-878527482.89566696	-7567987553.49234581	-10857465.51621930	-187400204.47335494	     -0.21982180	      0.00000000	      0.00000000	-170140.73016288	      0.00000000	-923844912.39323378	      0.00000000	      0.00000000	      0.00000000	-10967165.21409556	-2196889.93059268	 -81268.85044941	-86578098900615793999872.00000000	-3642612840262691454976.00000000	-1605725.15566592	      0.00000000	      0.00000000	     -2.97486164	-135003.66526429	 -12393.63584815	-57737792.65670066	-559439849304350400.00000000	-137712826354445.09375000	-997449654.69429493	     -0.90531161	-8354407.19247263	-32616624.14657934	    -30.25397254	      0.00000000	      0.00000000	-840478574.25543272	-575416675.79384947	      0.00000000	      0.00000000	-6904000.04746009	-793087.24328203
      1.86800000	-391112.55955903	    -10.61750261	  -2500.95925700	   -251.05327229	 -19352.91274089	-12784145428.62031364	    -14.95999604	-71126304.25925756	-610470.89212116	-881307180.72942138	-6300465144.02022743	-1955970.12124160	-213122818.48514414	     -0.21982180	      0.00000000	-850048.20782848	    -87.49446202	      0.00000000	-974311911.16321731	      0.00000000	-354237.71416294	-4007492.59535538	      0.47375678	      0.00000000	 -81268.85044941	-86578098900615793999872.00000000	-3642612840262691454976.00000000	      2.00492878	      0.00000000	      0.00000000	     -2.97486164	-135003.66526429	 -12393.63584815	-57737792.65670066	-559439849304350400.00000000	-137712826354445.09375000	-997449654.69429493	     -0.90531161	-8354407.19247263	-32616624.14657934	    -30.25397254	      0.00000000	   -645.69410461	-391112.55955903	    -10.61750261	  -2500.95925700	   -251.05327229	 -19352.91274089	-12784145428.62031364	    -14.95999604	-35238663.95682911	      0.00000000	-869206679.86657798	-7569596333.29631042	-11474267.53145953	-195811453.49787992	     -0.21982180	      0.00000000	      0.00000000	-172345.42808134	      0.00000000	-925239251.96917081	      0.00000000	      0.00000000	      0.00000000	-11229261.34505712	-2272347.72417878	 -81268.85044941	-86578098900615793999872.00000000	-3642612840262691454976.00000000	-1761439.70239441	      0.00000000	      0.00000000	     -2.97486164	-135003.66526429	 -12393.63584815	-57737792.65670066	-559439849304350400.00000000	-137712826354445.09375000	-997449654.69429493	     -0.90531161	-8354407.19247263	-32616624.14657934	    -30.25397254	      0.00000000	      0.00000000	-825718969.86268401	-583495634.03736794	      0.00000000	      0.00000000	-6838083.43794915	-899727.14601421
      1.88400000	-391112.55955903	    -10.61750261	  -2500.95925700	   -251.05327229	 -19352.91274089	-12784145428.62031364	    -14.95999604	-69750295.59668301	-560162.61184320	-860962212.93576252	-6283364107.96843719	-1755934.30679946	-208181251.60072660	     -0.21982180	      0.00000000	-881620.65733967	   -162.48732193	      0.00000000	-964402824.44840550	      0.00000000	-442437.75074465	-4190888.13853040	      0.00000000	      0.00000000	 -81268.85044941	-86578098900615793999872.00000000	-3642612840262691454976.00000000	     -0.51828683	      0.00000000	      0.00000000	     -2.97486164	-135003.66526429	 -12393.63584815	-57737792.65670066	-559439849304350400.00000000	-137712826354445.09375000	-997449654.69429493	     -0.90531161	-8354407.19247263	-32616624.14657934	    -30.25397254	      0.00000000	  -1114.11200058	-391112.55955903	    -10.61750261	  -2500.95925700	   -251.05327229	 -19352.91274089	-12784145428.62031364	    -14.95999604	-34407908.75628624	      0.00000000	-856373718.87159264	-7567276208.64326572	-11992178.14329500	-203458218.39031827	     -0.21982180	      0.00000000	      0.00000000	-174911.77370684	      0.00000000	-924632019.48686492	      0.00000000	      0.00000000	      0.00000000	-11386015.52556804	-2318402.10022309	 -81268.85044941	-86578098900615793999872.00000000	-3642612840262691454976.00000000	-1957315.17159830	      0.00000000	      0.00000000	     -2.97486164	-135003.66526429	 -12393.63584815	-57737792.65670066	-559439849304350400.00000000	-137712826354445.09375000	-997449654.69429493	     -0.90531161	-8354407.19247263	-32616624.14657934	    -30.25397254	      0.00000000	      0.00000000	-808344093.27522504	-592140799.61004353	      0.00000000	      0.00000000	-6753696.81877469	-1038744.51857464
      1.90000000	-391112.55955903	    -10.61750261	  -2500.95925700	   -251.05327229	 -19352.91274089	-12784145428.62031364	    -14.95999604	-68124300.63091004	-498511.68371506	-837320802.68531275	-6264851646.53823280	-1589822.49159453	-203867385.42308789	     -0.21982180	      0.00000000	-910677.93035201	   -294.06293830	      0.00000000	-953304062.72260964	      0.00000000	-525656.83012791	-4347999.53223351	      0.00000000	      0.00000000	 -81268.85044941	-86578098900615793999872.00000000	-3642612840262691454976.00000000	  -1500.61851153	      0.00000000	      0.00000000	     -2.97486164	-135003.66526429	 -12393.63584815	-57737792.65670066	-559439849304350400.00000000	-137712826354445.09375000	-997449654.69429493	     -0.90531161	-8354407.19247263	-32616624.14657934	    -30.25397254	      0.00000000	  -1713.70592323	-391112.55955903	    -10.61750261	  -2500.95925700	   -251.05327229	 -19352.91274089	-12784145428.62031364	    -14.95999604	-33412287.50838811	      0.00000000	-838792139.51954293	-7560056892.60300159	-12332380.40575017	-209314893.94547015	     -0.21982180	      0.00000000	      0.00000000	-178148.84316361	      0.00000000	-920954152.37116396	      0.00000000	      0.00000000	      0.00000000	-11404730.61216463	-2325481.72219724	 -81268.85044941	-86578098900615793999872.00000000	-3642612840262691454976.00000000	-2210216.17838858	      0.00000000	      0.00000000	     -2.97486164	-135003.66526429	 -12393.63584815	-57737792.65670066	-559439849304350400.00000000	-137712826354445.09375000	-997449654.69429493	     -0.90531161	-8354407.19247263	-32616624.14657934	    -30.25397254	      0.00000000	      0.00000000	-790025547.38060486	-600774720.02161968	      0.00000000	      0.00000000	-6658882.84915101	-1198801.19240743
      1.91600000	-391112.55955903	    -10.61750261	  -2500.95925700	   -251.05327229	 -19352.91274089	-12784145428.62031364	    -14.95999604	-66345710.48621871	-430503.06993323	-812237731.81409681	-6247687252.13018799	-1469022.50919061	-200441784.42346939	     -0.21982180	      0.00000000	-931010.34431277	   -508.27737024	      0.00000000	-941766822.73395872	      0.00000000	-589173.05474710	-4452367.72489777	      0.00000000	      0.00000000	 -81268.85044941	-86578098900615793999872.00000000	-3642612840262691454976.00000000	 -18129.96036887	      0.00000000	      0.00000000	     -2.97486164	-135003.66526429	 -12393.63584815	-57737792.65670066	-559439849304350400.00000000	-137712826354445.09375000	-997449654.69429493	     -0.90531161	-8354407.19247263	-32616624.14657934	    -30.25397254	      0.00000000	  -2289.55284513	-391112.55955903	    -10.61750261	  -2500.95925700	   -251.05327229	 -19352.91274089	-12784145428.62031364	    -14.95999604	-32213732.68033423	      0.00000000	-814954732.12969005	-7545535026.85080624	-12427343.85818202	-212685678.34478232	     -0.21982180	      0.00000000	      0.00000000	-181830.98036128	      0.00000000	-913125098.55048287	      0.00000000	      0.00000000	      0.00000000	-11243671.77676620	-2281589.50816171	 -81268.85044941	-86578098900615793999872.00000000	-3642612840262691454976.00000000	-2543610.30992348	      0.00000000	      0.00000000	     -2.97486164	-135003.66526429	 -12393.63584815	-57737792.65670066	-559439849304350400.00000000	-137712826354445.09375000	-997449654.69429493	     -0.90531161	-8354407.19247263	-32616624.14657934	    -30.25397254	      0.00000000	      0.00000000	-772155137.13386440	-609239626.44919121	      0.00000000	      0.00000000	-6553405.99245454	-1366926.73372566
      1.93200000	-391112.55955903	    -10.61750261	  -2500.95925700	   -251.05327229	 -19352.91274089	-12784145428.62031364	    -14.95999604	-64504568.03956158	-361242.64053672	-787796006.98385227	-6235256666.95562935	-1391643.91368473	-197728388.45321563	     -0.21982180	      0.00000000	-937299.82825106	   -868.75622519	      0.00000000	-930391999.77375174	      0.00000000	-621987.34219176	-4479990.55984173	      0.00000000	      0.00000000	 -81268.85044941	-86578098900615793999872.00000000	-3642612840262691454976.00000000	 -61333.38664469	      0.00000000	      0.00000000	     -2.97486164	-135003.66526429	 -12393.63584815	-57737792.65670066	-559439849304350400.00000000	-137712826354445.09375000	-997449654.69429493	     -0.90531161	-8354407.19247263	-32616624.14657934	    -30.25397254	      0.00000000	  -2655.23744883	-391112.55955903	    -10.61750261	  -2500.95925700	   -251.05327229	 -19352.91274089	-12784145428.62031364	    -14.95999604	-30814481.21169174	      0.00000000	-783738528.01949310	-7520223709.76403141	-12240282.39167646	-213453802.74309281	     -0.21982180	      0.00000000	      0.00000000	-185229.43138980	      0.00000000	-900445585.79935145	      0.00000000	      0.00000000	      0.00000000	-10860764.40352264	-2175071.19811922	 -81268.85044941	-86578098900615793999872.00000000	-3642612840262691454976.00000000	-2982143.31650455	      0.00000000	      0.00000000	     -2.97486164	-135003.66526429	 -12393.63584815	-57737792.65670066	-559439849304350400.00000000	-137712826354445.09375000	-997449654.69429493	     -0.90531161	-8354407.19247263	-32616624.14657934	    -30.25397254	      0.00000000	      0.00000000	-755447181.95194912	-617684259.71390772	      0.00000000	      0.00000000	-6431323.57306435	-1534029.99926674
      1.94800000	-391112.55955903	    -10.61750261	  -2500.95925700	   -251.05327229	 -19352.91274089	-12784145428.62031364	    -14.95999604	-62660633.99238950	-294968.99439817	-765731501.29931951	-6230593674.85032845	-1345354.31739322	-195144499.10115641	     -0.21982180	      0.00000000	-925750.15334589	  -1506.54183326	      0.00000000	-919502463.14030659	      0.00000000	-619855.31342092	-4412268.41764905	      0.00000000	      0.00000000	 -81268.85044941	-86578098900615793999872.00000000	-3642612840262691454976.00000000	-127583.65236049	      0.00000000	      0.00000000	     -2.97486164	-135003.66526429	 -12393.63584815	-57737792.65670066	-559439849304350400.00000000	-137712826354445.09375000	-997449654.69429493	     -0.90531161	-8354407.19247263	-32616624.14657934	    -30.25397254	      0.00000000	  -2673.71622307	-391112.55955903	    -10.61750261	  -2500.95925700	   -251.05327229	 -19352.91274089	-12784145428.62031364	    -14.95999604	-29283065.70155211	      0.00000000	-745240465.74142003	-7480649123.15368557	-11781718.87761157	-212220907.78621465	     -0.21982180	      0.00000000	      0.00000000	-187508.11901005	      0.00000000	-883067463.52230155	      0.00000000	      0.00000000	      0.00000000	-10228508.66628961	-1999309.94110615	 -81268.85044941	-86578098900615793999872.00000000	-3642612840262691454976.00000000	-3538964.08051313	      0.00000000	      0.00000000	     -2.97486164	-135003.66526429	 -12393.63584815	-57737792.65670066	-559439849304350400.00000000	-137712826354445.09375000	-997449654.69429493	     -0.90531161	-8354407.19247263	-32616624.14657934	    -30.25397254	      0.00000000	      0.00000000	-739786373.01522505	-626433062.43573534	      0.00000000	      0.00000000	-6283045.06488918	-1699605.55310467
      1.96400000	-391112.55955903	    -10.61750261	  -2500.95925700	   -251.05327229	 -19352.91274089	-12784145428.62031364	    -14.95999604	-60839705.80791745	-234476.48281659	-747173658.86100388	-6235867960.84410858	-1311727.74981688	-191850175.49240398	     -0.21982180	      0.00000000	-894204.13856975	  -2519.37953575	      0.00000000	-909136108.26765406	      0.00000000	-584998.64831688	-4237249.34548435	      0.00000000	      0.00000000	 -81268.85044941	-86578098900615793999872.00000000	-3642612840262691454976.00000000	-210948.75472890	      0.00000000	      0.00000000	     -2.97486164	-135003.66526429	 -12393.63584815	-57737792.65670066	-559439849304350400.00000000	-137712826354445.09375000	-997449654.69429493	     -0.90531161	-8354407.19247263	-32616624.14657934	    -30.25397254	      0.00000000	  -2323.75627937	-391112.55955903	    -10.61750261	  -2500.95925700	   -251.05327229	 -19352.91274089	-12784145428.62031364	    -14.95999604	-27694659.11097590	      0.00000000	-700922113.95340502	-7423851241.94213581	-11114150.63622647	-210244863.81473264	     -0.21982180	      0.00000000	      0.00000000	-187833.11149673	      0.00000000	-861917711.38326705	      0.00000000	      0.00000000	      0.00000000	-9350089.24841506	-1757685.28860427	 -81268.85044941	-86578098900615793999872.00000000	-3642612840262691454976.00000000	-4202461.50911707	      0.00000000	      0.00000000	     -2.97486164	-135003.66526429	 -12393.63584815	-57737792.65670066	-559439849304350400.00000000	-137712826354445.09375000	-997449654.69429493	     -0.90531161	-8354407.19247263	-32616624.14657934	    -30.25397254	      0.00000000	      0.21119308	-724397726.94586492	-635900249.96901321	      0.00000000	      0.00000000	-6096593.49906097	-1872468.52888822
      1.98000000	-391112.55955903	    -10.61750261	  -2500.95925700	   -251.05327229	 -19352.91274089	-12784145428.62031364	    -14.95999604	-59082475.56718080	-181062.46692952	-732639407.01378632	-6252301377.03403187	-1272256.66640517	-187009110.78396580	     -0.21982180	      0.00000000	-842022.78319205	  -4098.02094934	      0.00000000	-899142966.62209010	      0.00000000	-523203.43608659	-3950121.07874030	      0.00000000	      0.00000000	 -81268.85044941	-86578098900615793999872.00000000	-3642612840262691454976.00000000	-304388.47257443	      0.00000000	      0.00000000	     -2.97486164	-135003.66526429	 -12393.63584815	-57737792.65670066	-559439849304350400.00000000	-137712826354445.09375000	-997449654.69429493	     -0.90531161	-8354407.19247263	-32616624.14657934	    -30.25397254	      0.00000000	  -1708.95231800	-391112.55955903	    -10.61750261	  -2500.95925700	   -251.05327229	 -19352.91274089	-12784145428.62031364	    -14.95999604	-26108510.38265209	      0.00000000	-652897236.40064096	-7346657576.04491425	-10337928.60569751	-209135610.82580155	     -0.21982180	      0.00000000	      0.00000000	-184739.53536017	      0.00000000	-838592855.90911531	      0.00000000	      0.00000000	      0.00000000	-8268560.42122552	-1466123.32043423	 -81268.85044941	-86578098900615793999872.00000000	-3642612840262691454976.00000000	-4930111.55824401	      0.00000000	      0.00000000	     -2.97486164	-135003.66526429	 -12393.63584815	-57737792.65670066	-559439849304350400.00000000	-137712826354445.09375000	-997449654.69429493	     -0.90531161	-8354407.19247263	-32616624.14657934	    -30.25397254	      0.00000000	     -0.02686154	-708306200.60765910	-646507611.50433969	      0.00000000	      1.17690226	-5860039.67074455	-2066506.78038962
      1.99600000	-391112.55955903	    -10.61750261	  -2500.95925700	   -251.05327229	 -19352.91274089	-12784145428.62031364	    -14.95999604	-57407622.07664680	-134967.61368176	-722275838.94134271	-6280514315.23676109	-1215450.36577402	-180104709.14915505	     -0.21982180	      0.00000000	-770136.58873900	  -6494.18088939	      0.00000000	-889372813.84508169	      0.00000000	-440707.42034289	-3554662.28251887	      0.00000000	      0.00000000	 -81268.85044941	-86578098900615793999872.00000000	-3642612840262691454976.00000000	-401486.97162470	      0.00000000	      0.00000000	     -2.97486164	-135003.66526429	 -12393.63584815	-57737792.65670066	-559439849304350400.00000000	-137712826354445.09375000	-997449654.69429493	     -0.90531161	-8354407.19247263	-32616624.14657934	    -30.25397254	      0.00000000	  -1011.92663604	-391112.55955903	    -10.61750261	  -2500.95925700	   -251.05327229	 -19352.91274089	-12784145428.62031364	    -14.95999604	-24669056.13497536	      0.00000000	-603888215.70993793	-7247308298.96745872	-9561065.37481835	-210378249.28693756	     -0.21982180	      0.00000000	      0.00000000	-176769.81619955	      0.00000000	-813955631.84292471	      0.00000000	      0.00000000	      0.00000000	-7062719.48467748	-1151177.13045245	 -81268.85044941	-86578098900615793999872.00000000	-3642612840262691454976.00000000	-5652253.48833590	      0.00000000	      0.00000000	     -2.97486164	-135003.66526429	 -12393.63584815	-57737792.65670066	-559439849304350400.00000000	-137712826354445.09375000	-997449654.69429493	     -0.90531161	-8354407.19247263	-32616624.14657934	    -30.25397254	      0.00000000	   -258.39445328	-690921899.35575116	-658543529.44854498	      0.00000000	   -240.45499703	-5566334.82484616	-2293162.14170956
      2.01200000	-391112.55955903	    -10.61750261	  -2500.95925700	   -251.05327229	 -19352.91274089	-12784145428.62031364	    -14.95999604	-55817357.37851855	 -95932.14997379	-716023813.82641435	-6320624983.36908054	-1142043.22709968	-171186806.61961138	     -0.21982180	      0.00000000	-681346.64433850	  -9979.44785682	      0.00000000	-879368306.89501941	      0.00000000	-343156.01381568	-3066011.18880117	      1.56030024	      0.00000000	 -81268.85044941	-86578098900615793999872.00000000	-3642612840262691454976.00000000	-497237.98234765	      0.00000000	      0.00000000	     -2.97486164	-135003.66526429	 -12393.63584815	-57737792.65670066	-559439849304350400.00000000	-137712826354445.09375000	-997449654.69429493	     -0.90531161	-8354407.19247263	-32616624.14657934	    -30.25397254	      0.00000000	   -457.74365504	-391112.55955903	    -10.61750261	  -2500.95925700	   -251.05327229	 -19352.91274089	-12784145428.62031364	    -14.95999604	-23506142.95776930	      0.00000000	-556743508.52295780	-7126837114.95033455	-8866125.06666560	-214846659.59640297	     -0.21982180	      0.00000000	      0.00000000	-163270.16982632	      0.00000000	-790118808.91431141	      0.00000000	      0.00000000	      0.00000000	-5829632.85560956	-843778.89194620	 -81268.85044941	-86578098900615793999872.00000000	-3642612840262691454976.00000000	-6302503.07254890	      0.00000000	      0.00000000	     -2.97486164	-135003.66526429	 -12393.63584815	-57737792.65670066	-559439849304350400.00000000	-137712826354445.09375000	-997449654.69429493	     -0.90531161	-8354407.19247263	-32616624.14657934	    -30.25397254	      0.00000000	  -2828.28954341	-672481455.24649608	-671978317.74113142	      0.00000000	  -4850.93132728	-5218782.76804902	-2554056.04703415
      2.02800000	-391112.55955903	    -10.61750261	  -2500.95925700	   -251.05327229	 -19352.91274089	-12784145428.62031364	    -14.95999604	-54307170.60884953	 -63655.46628632	-713673909.42111409	-6372079176.92418003	-1064927.10190827	-160917136.04661480	     -0.21982180	      0.00000000	-580516.76736149	 -14765.23957016	      0.00000000	-870262387.14189899	      0.00000000	-237224.29822572	-2512786.52643376	     -0.91362355	      0.00000000	 -81268.85044941	-86578098900615793999872.00000000	-3642612840262691454976.00000000	-588194.74917392	      0.00000000	      0.00000000	     -2.97486164	-135003.66526429	 -12393.63584815	-57737792.65670066	-559439849304350400.00000000	-137712826354445.09375000	-997449654.69429493	     -0.90531161	-8354407.19247263	-32616624.14657934	    -30.25397254	      0.00000000	   -175.86282236	-391112.55955903	    -10.61750261	  -2500.95925700	   -251.05327229	 -19352.91274089	-12784145428.62031364	    -14.95999604	-22706235.80174641	      0.00000000	-514130227.73657817	-6990792347.11071587	-8288804.32526372	-222477581.05909559	     -0.21982180	      0.00000000	      0.79146152	-145487.46341888	      0.00000000	-768957777.78299046	      0.00000000	      0.00000000	      0.00000000	-4660634.15732113	-571199.12847542	 -81268.85044941	-86578098900615793999872.00000000	-3642612840262691454976.00000000	-6822971.32634284	      0.00000000	      0.00000000	     -2.97486164	-135003.66526429	 -12393.63584815	-57737792.65670066	-559439849304350400.00000000	-137712826354445.09375000	-997449654.69429493	     -0.90531161	-8354407.19247263	-32616624.14657934	    -30.25397254	      0.79129917	  -7653.07892819	-654107226.43907058	-686331940.06630623	      0.00000000	 -17046.40078881	-4833510.87056636	-2837414.19808317
      2.04400000	-391112.55955903	    -10.61750261	  -2500.95925700	   -251.05327229	 -19352.91274089	-12784145428.62031364	    -14.95999604	-52874704.51849492	 -38030.18461618	-714906381.26890969	-6433536125.30229282	-1003782.37278343	-150374914.37892148	     -0.21982180	      0.00000000	-474203.46707172	 -20904.81551015	      0.00000000	-862122307.10867834	      0.00000000	-133514.90068405	-1935601.42301559	  -3290.71129047	      0.00000000	 -81268.85044941	-86578098900615793999872.00000000	-3642612840262691454976.00000000	-672029.70218227	      0.00000000	      0.00000000	     -2.97486164	-135003.66526429	 -12393.63584815	-57737792.65670066	-559439849304350400.00000000	-137712826354445.09375000	-997449654.69429493	     -0.90531161	-8354407.19247263	-32616624.14657934	    -30.25397254	      0.00000000	    -54.25567315	-391112.55955903	    -10.61750261	  -2500.95925700	   -251.05327229	 -19352.91274089	-12784145428.62031364	    -14.95999604	-22296197.16114648	      0.00000000	-477842276.32239646	-6847768555.13008213	-7815034.12364825	-232221034.55920106	     -0.21982180	      0.00000000	   -253.43390755	-125791.08797082	      0.00000000	-751601613.19159305	      0.00000000	      0.00000000	      0.00000000	-3620945.78393106	-350832.16354553	 -81268.85044941	-86578098900615793999872.00000000	-3642612840262691454976.00000000	-7181119.12871408	      0.00000000	      0.00000000	     -2.97486164	-135003.66526429	 -12393.63584815	-57737792.65670066	-559439849304350400.00000000	-137712826354445.09375000	-997449654.69429493	     -0.90531161	-8354407.19247263	-32616624.14657934	    -30.25397254	      0.28885911	 -12586.24798552	-637444576.93792307	-700687352.82570779	      0.00000000	 -27388.67621413	-4436700.26589182	-3120659.71217189
      2.06000000	-391112.55955903	    -10.61750261	  -2500.95925700	   -251.05327229	 -19352.91274089	-12784145428.62031364	    -14.95999604	-51524391.86942795	 -19094.39279239	-719323674.40817523	-6502932668.34262466	-978306.75381784	-140719097.88086903	     -0.21982180	      0.00000000	-369628.76430446	 -28230.09796159	      0.00000000	-855795375.37501240	      0.00000000	 -48348.11420814	-1380799.51677414	 -35550.90652210	      0.00000000	 -81268.85044941	-86578098900615793999872.00000000	-3642612840262691454976.00000000	-746957.57177129	      0.00000000	      0.00000000	     -2.97486164	-135003.66526429	 -12393.63584815	-57737792.65670066	-559439849304350400.00000000	-137712826354445.09375000	-997449654.69429493	     -0.90531161	-8354407.19247263	-32616624.14657934	    -30.25397254	      0.00000000	     -7.17904147	-391112.55955903	    -10.61750261	  -2500.95925700	   -251.05327229	 -19352.91274089	-12784145428.62031364	    -14.95999604	-22252242.21351476	      0.00000000	-448599695.32245553	-6706969835.61613941	-7394630.22878378	-242309692.98857623	     -0.21982180	      0.00000000	 -13736.63696168	-106535.99972628	      0.00000000	-738299285.53852940	      0.00000000	      0.00000000	      0.99471600	-2741090.67894665	-188442.88995194	 -81268.85044941	-86578098900615793999872.00000000	-3642612840262691454976.00000000	-7373561.79338153	     -0.43701484	     -2.08176017	     -2.97486164	-135003.66526429	 -12393.63584815	-57737792.65670066	-559439849304350400.00000000	-137712826354445.09375000	-997449654.69429493	     -0.90531161	-8354407.19247263	-32616624.14657934	    -30.25397254	     -0.41228383	 -15616.41755844	-624080208.53766990	-713870258.56971633	      0.00000000	 -27600.34980230	-4057645.27402044	-3378378.69160506
      2.07600000	-391112.55955903	    -10.61750261	  -2500.95925700	   -251.05327229	 -19352.91274089	-12784145428.62031364	    -14.95999604	-50266786.85603970	  -6802.22224887	-726468203.48458624	-6577703266.60189533	-1004071.83556388	-132874151.85161647	     -0.21982180	      0.00000000	-273383.44611247	 -36367.59535416	      0.00000000	-850835776.90600896	      0.00000000	  -3316.01758350	-891526.75481206	-114114.86375881	      0.00000000	 -81268.85044941	-86578098900615793999872.00000000	-3642612840262691454976.00000000	-811450.99584171	      0.00000000	      0.00000000	     -2.97486164	-135003.66526429	 -12393.63584815	-57737792.65670066	-559439849304350400.00000000	-137712826354445.09375000	-997449654.69429493	     -0.90531161	-8354407.19247263	-32616624.14657934	    -30.25397254	      0.00000000	     -0.21752392	-391112.55955903	    -10.61750261	  -2500.95925700	   -251.05327229	 -19352.91274089	-12784145428.62031364	    -14.95999604	-22524712.01649231	      0.00000000	-426272629.05821782	-6576024499.40463543	-6964640.46568871	-250778777.14682046	     -0.21982180	      0.00000000	 -57700.43024790	 -89315.49606237	      0.00000000	-728654864.53960431	      0.00000000	      0.00000000	 -39404.72250622	-2021557.00037758	 -80850.16101527	 -81268.85044941	-86578098900615793999872.00000000	-3642612840262691454976.00000000	-7416664.55153703	 -24421.64826003	 -26530.18441173	      0.18155961	-135003.66526429	 -12393.63584815	-57737792.65670066	-559439849304350400.00000000	-137712826354445.09375000	-997449654.69429493	     -0.90531161	-8354407.19247263	-32616624.14657934	    -30.25397254	     -0.49255670	 -15793.20301033	-615043789.12650871	-724737268.63354194	      0.00000000	 -16294.14914145	-3721070.31598421	-3591326.54346912
      2.09200000	-391112.55955903	    -10.61750261	  -2500.95925700	   -251.05327229	 -19352.91274089	-12784145428.62031364	    -14.95999604	-49114267.52131651	  -1427.43496128	-735819499.63220394	-6655048880.27907944	-1091611.07206377	-127360996.68356058	     -0.21982180	      0.00000000	-190388.79015863	 -44830.46977303	      0.00000000	-847955725.52216482	      0.00000000	      1.09334042	-499842.48977236	-250153.77520482	      0.00000000	 -81268.85044941	-86578098900615793999872.00000000	-3642612840262691454976.00000000	-864392.20218572	      0.00000000	      0.00000000	     -2.97486164	-135003.66526429	 -12393.63584815	-57737792.65670066	-559439849304350400.00000000	-137712826354445.09375000	-997449654.69429493	     -0.90531161	-8354407.19247263	-32616624.14657934	    -30.25397254	      0.00000000	     -0.01053538	-391112.55955903	    -10.61750261	  -2500.95925700	   -251.05327229	 -19352.91274089	-12784145428.62031364	    -14.95999604	-23063755.57476904	      0.00000000	-410262214.75049984	-6459770772.27676487	-6473674.03711016	-256044018.31287432	     -0.21982180	      0.00000000	-124226.46773811	 -74795.20027073	      0.00000000	-722024815.23550165	      0.00000000	      0.00000000	-253153.11133132	-1445172.71335815	 -20617.87489530	 -81268.85044941	-86578098900615793999872.00000000	-3642612840262691454976.00000000	-7333347.14579638	-101845.00425397	-103743.33151549	     -2.19732666	-135003.66526429	 -12393.63584815	-57737792.65670066	-559439849304350400.00000000	-137712826354445.09375000	-997449654.69429493	     -0.90531161	-8354407.19247263	-32616624.14657934	    -30.25397254	      0.09025166	 -13506.51174785	-610587226.03110445	-732465716.74451065	      0.00000000	  -2642.29399286	-3442094.22070903	-3751639.46788335
      2.10800000	-391112.55955903	    -10.61750261	  -2500.95925700	   -251.05327229	 -19352.91274089	-12784145428.62031364	    -14.95999604	-48075885.71443392	   -161.20887108	-746785835.43273485	-6732196207.04091549	-1246575.52382323	-124287952.01898332	     -0.21982180	      0.00000000	-123385.23723961	 -53141.15876560	      0.00000000	-847170922.55798852	      0.00000000	      0.00000000	-222354.28510486	-449016.82851971	      0.00000000	 -81268.85044941	-86578098900615793999872.00000000	-3642612840262691454976.00000000	-905475.17890766	      0.00000000	      0.00000000	     -2.97486164	-135003.66526429	 -12393.63584815	-57737792.65670066	-559439849304350400.00000000	-137712826354445.09375000	-997449654.69429493	     -0.90531161	-8354407.19247263	-32616624.14657934	    -30.25397254	      0.00000000	      0.08431646	-391112.55955903	    -10.61750261	  -2500.95925700	   -251.05327229	 -19352.91274089	-12784145428.62031364	    -14.95999604	-23835757.02099479	      0.00000000	-399840361.24758774	-6360176006.53735161	-5899052.67713594	-257313470.63164037	     -0.21982180	      0.00000000	-204466.29861654	 -62945.26153742	      0.00000000	-717862652.75586152	      0.00000000	      0.00000000	-596063.02712078	-989665.19049002	   -724.15801708	 -81268.85044941	-86578098900615793999872.00000000	-3642612840262691454976.00000000	-7144082.88303032	-243527.01611519	-182782.25041246	  -7836.46709072	-135003.66526429	 -12393.63584815	-57737792.65670066	-559439849304350400.00000000	-137712826354445.09375000	-997449654.69429493	     -0.90531161	-8354407.19247263	-32616624.14657934	    -30.25397254	      0.68711342	  -9984.96076001	-610249969.39225650	-736740122.81250679	      0.00000000	     -0.15677731	-3225188.48388532	-3862499.06934002
      2.12400000	-391112.55955903	    -10.61750261	  -2500.95925700	   -251.05327229	 -19352.91274089	-12784145428.62031364	    -14.95999604	-47153277.50469552	     -0.28954918	-758720132.80337417	-6806673347.94893169	-1469253.00624966	-123439752.47135366	     -0.21982180	      0.00000000	 -72926.32732934	 -60936.16256343	      0.00000000	-848267916.67242479	      0.00000000	      0.00000000	 -59908.17501795	-708474.20204238	      0.52066259	 -81268.85044941	-86578098900615793999872.00000000	-3642612840262691454976.00000000	-935534.85518232	      0.00000000	      0.00000000	     -2.97486164	-135003.66526429	 -12393.63584815	-57737792.65670066	-559439849304350400.00000000	-137712826354445.09375000	-997449654.69429493	     -0.90531161	-8354407.19247263	-32616624.14657934	    -30.25397254	      0.00000000	      0.14305814	-391112.55955903	    -10.61750261	  -2500.95925700	   -251.05327229	 -19352.91274089	-12784145428.62031364	    -14.95999604	-24828148.17327676	      0.00000000	-394341502.83615559	-6276889197.40518475	-5252154.98653584	-254710486.18078002	     -0.21982180	      0.00000000	-291570.22492503	 -53316.42762996	      0.00000000	-715896076.16083324	      0.00000000	      0.00000000	-1018985.26356675	-635805.19785295	      1.62125687	 -81268.85044941	-86578098900615793999872.00000000	-3642612840262691454976.00000000	-6864044.66169039	-310782.59414750	-234066.59880115	 -21418.79586237	-135003.66526429	 -12393.63584815	-57737792.65670066	-559439849304350400.00000000	-137712826354445.09375000	-997449654.69429493	     -0.90531161	-8354407.19247263	-32616624.14657934	    -30.25397254	      0.71777699	  -6495.09192851	-613106245.93503320	-737787719.01211977	      0.00000000	      0.00000000	-3066105.38771253	-3933881.56523258
      2.14000000	-391112.55955903	    -10.61750261	  -2500.95925700	   -251.05327229	 -19352.91274089	-12784145428.62031364	    -14.95999604	-46338952.77290946	      1.28995124	-770970120.48434937	-6876596483.98239708	-1753825.21877813	-124393297.84699138	     -0.21982180	      0.00000000	 -37777.69769979	 -68024.03313413	      0.00000000	-850857498.09584081	      0.00000000	      0.00000000	  -1565.42138047	-1019718.30224198	  -1247.29057986	 -81268.85044941	-86578098900615793999872.00000000	-3642612840262691454976.00000000	-956618.85939092	      0.00000000	      0.00000000	     -2.97486164	-135003.66526429	 -12393.63584815	-57737792.65670066	-559439849304350400.00000000	-137712826354445.09375000	-997449654.69429493	     -0.90531161	-8354407.19247263	-32616624.14657934	    -30.25397254	      0.00000000	      0.17871298	-391112.55955903	    -10.61750261	  -2500.95925700	   -251.05327229	 -19352.91274089	-12784145428.62031364	    -14.95999604	-26045668.95813105	      0.00000000	-393265568.86032087	-6208231260.50302601	-4572139.05194440	-249129972.55765378	     -0.21982180	      0.00000000	-381698.08484394	 -45313.44703060	      0.00000000	-716153497.92388439	      0.00000000	      0.00000000	-1491210.08217196	-370150.31052002	      0.00000000	 -81268.85044941	-86578098900615793999872.00000000	-3642612840262691454976.00000000	-6503999.50407946	-325018.79386949	-244895.98813905	 -24882.77629385	-135003.66526429	 -12393.63584815	-57737792.65670066	-559439849304350400.00000000	-137712826354445.09375000	-997449654.69429493	     -0.90531161	-8354407.19247263	-32616624.14657934	    -30.25397254	      0.00000000	  -3792.95756623	-618065948.20483077	-736282809.21091795	      0.00000000	      0.00000000	-2954870.27025461	-3977356.61680046
      2.15600000	-391112.55955903	    -10.61750261	  -2500.95925700	   -251.05327229	 -19352.91274089	-12784145428.62031364	    -14.95999604	-45619238.25117849	      1.47020432	-782938977.68655360	-6940860142.65222168	-2088596.16989682	-126618664.85942361	     -0.21982180	      0.00000000	 -15609.98169612	 -74385.56640099	      0.00000000	-854449622.28038371	      0.00000000	      0.00000000	      0.60593853	-1370617.86639675	 -16462.71849427	 -81268.85044941	-86578098900615793999872.00000000	-3642612840262691454976.00000000	-971810.25467622	      0.00000000	      0.00000000	     -2.97486164	-135003.66526429	 -12393.63584815	-57737792.65670066	-559439849304350400.00000000	-137712826354445.09375000	-997449654.69429493	     -0.90531161	-8354407.19247263	-32616624.14657934	    -30.25397254	      0.00000000	      0.20431472	-391112.55955903	    -10.61750261	  -2500.95925700	   -251.05327229	 -19352.91274089	-12784145428.62031364	    -14.95999604	-27503313.54386625	      0.00000000	-396322885.42536193	-6152188489.85118484	-3912017.10298705	-241937874.89453700	     -0.21982180	      0.00000000	-473367.08815298	 -38391.86814121	      0.00000000	-718894062.40571380	      0.00000000	      0.85719988	-1994815.86817920	-183552.42129297	      0.00000000	 -81268.85044941	-86578098900615793999872.00000000	-3642612840262691454976.00000000	-6072624.95655914	-285496.44942376	-214808.23016487	 -15737.15076348	-135003.66526429	 -12393.63584815	-57737792.65670066	-559439849304350400.00000000	-137712826354445.09375000	-997449654.69429493	     -0.90531161	-8354407.19247263	-32616624.14657934	    -30.25397254	      0.00000000	  -2045.84080804	-624112825.52529049	-733170084.34964478	      0.00000000	      0.00000000	-2878649.52203014	-4002524.54076944
      2.17200000	-391112.55955903	    -10.61750261	  -2500.95925700	   -251.05327229	 -19352.91274089	-12784145428.62031364	    -14.95999604	-44979118.19106127	      0.32457851	-794180215.11931932	-6999238232.17215919	-2457564.42808468	-129554462.86323442	     -0.21982180	      0.00000000	  -3800.54538029	 -80160.92629969	      0.00000000	-858542659.97770655	      0.00000000	      0.00000000	      0.00000000	-1749526.79063089	 -50685.30398971	 -81268.85044941	-86578098900615793999872.00000000	-3642612840262691454976.00000000	-984434.21344019	      0.00000000	      0.00000000	     -2.97486164	-135003.66526429	 -12393.63584815	-57737792.65670066	-559439849304350400.00000000	-137712826354445.09375000	-997449654.69429493	     -0.90531161	-8354407.19247263	-32616624.14657934	    -30.25397254	      0.00000000	      0.22662474	-391112.55955903	    -10.61750261	  -2500.95925700	   -251.05327229	 -19352.91274089	-12784145428.62031364	    -14.95999604	-29220269.37526958	      0.00000000	-403443606.39828086	-6107098673.08525085	-3323117.98564403	-234636724.03864416	     -0.21982180	      0.00000000	-566161.30100947	 -32164.43241234	      0.00000000	-724498664.39044762	      0.00000000	  -6489.33638654	-2516656.77868879	 -67630.68618262	      0.00000000	 -81268.85044941	-86578098900615793999872.00000000	-3642612840262691454976.00000000	-5578476.78780379	-151623.01661756	-152803.70765481	   -740.62752089	-135003.66526429	 -12393.63584815	-57737792.65670066	-559439849304350400.00000000	-137712826354445.09375000	-997449654.69429493	     -0.90531161	-8354407.19247263	-32616624.14657934	    -30.25397254	      0.00000000	  -1064.99269519	-630410114.90523195	-729465266.77243495	      0.00000000	      0.00000000	-2824116.99125775	-4016276.98033818
      2.18800000	-391112.55955903	    -10.61750261	  -2500.95925700	   -251.05327229	 -19352.91274089	-12784145428.62031364	    -14.95999604	-44389602.02429414	      0.00000000	-804436273.52294564	-7052239326.44334888	-2842734.07512799	-132663434.14076522	     -0.21982180	      0.00000000	   -508.57697902	 -85598.84559702	      0.00000000	-862692933.89662075	      0.00000000	      0.00000000	      0.00000000	-2147854.48524141	 -99842.98464713	 -81268.85044941	-86578098900615793999872.00000000	-3642612840262691454976.00000000	-997416.58151946	      0.00000000	      0.00000000	     -2.97486164	-135003.66526429	 -12393.63584815	-57737792.65670066	-559439849304350400.00000000	-137712826354445.09375000	-997449654.69429493	     -0.90531161	-8354407.19247263	-32616624.14657934	    -30.25397254	      0.00000000	      0.24733405	-391112.55955903	    -10.61750261	  -2500.95925700	   -251.05327229	 -19352.91274089	-12784145428.62031364	    -14.95999604	-31216396.98095568	      0.00000000	-414765109.21246177	-6071944609.76363754	-2843638.51394895	-228585110.19716978	     -0.21982180	      0.00000000	-659578.77657890	 -26433.84614294	      0.00000000	-733360276.07904124	      0.00000000	 -69650.84070241	-3041663.81284705	 -11520.09555781	      0.00000000	 -81268.85044941	-86578098900615793999872.00000000	-3642612840262691454976.00000000	-5031019.17686095	 -74554.71866583	 -76727.49981711	      1.36457164	-135003.66526429	 -12393.63584815	-57737792.65670066	-559439849304350400.00000000	-137712826354445.09375000	-997449654.69429493	     -0.90531161	-8354407.19247263	-32616624.14657934	    -30.25397254	      0.00000000	   -586.83524356	-636286259.28198063	-726094032.01135433	      0.00000000	      0.00000000	-2779085.87417034	-4024235.07550900
      2.20400000	-391112.55955903	    -10.61750261	  -2500.95925700	   -251.05327229	 -19352.91274089	-12784145428.62031364	    -14.95999604	-43824023.12944913	      0.00000000	-813614739.27254963	-7100798583.06881237	-3226413.29900320	-135477117.22801700	     -0.21982180	      0.00000000	     -2.38858012	 -90985.39145294	      0.00000000	-866555378.02779365	      0.00000000	      0.00000000	      0.00000000	-2560668.98470786	-161192.22701571	 -81268.85044941	-86578098900615793999872.00000000	-3642612840262691454976.00000000	-1012986.43301944	      0.00000000	      0.00000000	     -2.97486164	-135003.66526429	 -12393.63584815	-57737792.65670066	-559439849304350400.00000000	-137712826354445.09375000	-997449654.69429493	     -0.90531161	-8354407.19247263	-32616624.14657934	    -30.25397254	      0.00000000	      0.26345206	-391112.55955903	    -10.61750261	  -2500.95925700	   -251.05327229	 -19352.91274089	-12784145428.62031364	    -14.95999604	-33510487.64510132	      0.00000000	-430599391.35508877	-6046320771.54351044	-2494186.69069109	-224808260.56733346	     -0.21982180	      0.00000000	-752339.13550164	 -21170.81477002	      0.00000000	-745788542.69947803	      0.00000000	-175138.21467061	-3549091.89204853	    -97.92987399	      0.00000000	 -81268.85044941	-86578098900615793999872.00000000	-3642612840262691454976.00000000	-4441006.10879570	 -12692.62870627	 -14477.49792601	     -2.97486164	-135003.66526429	 -12393.63584815	-57737792.65670066	-559439849304350400.00000000	-137712826354445.09375000	-997449654.69429493	     -0.90531161	-8354407.19247263	-32616624.14657934	    -30.25397254	      0.00000000	   -399.09673949	-641168577.60875428	-723802461.19207406	      0.00000000	      0.00000000	-2733332.26778131	-4032754.96654985
      2.22000000	-391112.55955903	    -10.61750261	  -2500.95925700	   -251.05327229	 -19352.91274089	-12784145428.62031364	    -14.95999604	-43261792.97987010	      0.00000000	-821735261.11317790	-7145949034.43550777	-3593147.83744507	-137633856.09917471	     -0.21982180	      0.00000000	      0.70063158	 -96578.01778178	      0.00000000	-869901423.98242378	      0.00000000	      0.00000000	      0.00000000	-2985757.08363454	-232804.68725514	 -81268.85044941	-86578098900615793999872.00000000	-3642612840262691454976.00000000	-1032611.93322322	      0.00000000	      0.00000000	     -2.97486164	-135003.66526429	 -12393.63584815	-57737792.65670066	-559439849304350400.00000000	-137712826354445.09375000	-997449654.69429493	     -0.90531161	-8354407.19247263	-32616624.14657934	    -30.25397254	      0.00000000	      0.26776389	-391112.55955903	    -10.61750261	  -2500.95925700	   -251.05327229	 -19352.91274089	-12784145428.62031364	    -14.95999604	-36118431.27933379	      0.00000000	-451373893.56247801	-6030198005.37730217	-2279650.93352512	-223897408.50512311	     -0.21982180	      0.00000000	-842171.09450104	 -16454.19185262	      0.00000000	-761929216.25925910	      0.00000000	-289939.58325897	-4012291.83259286	      1.71263167	      0.00000000	 -81268.85044941	-86578098900615793999872.00000000	-3642612840262691454976.00000000	-3820759.03299749	      0.98570041	      0.26582447	     -2.97486164	-135003.66526429	 -12393.63584815	-57737792.65670066	-559439849304350400.00000000	-137712826354445.09375000	-997449654.69429493	     -0.90531161	-8354407.19247263	-32616624.14657934	    -30.25397254	      0.00000000	   -334.81787294	-644526518.80846179	-723122416.72610879	      0.00000000	      0.00000000	-2678966.63352409	-4050259.99832984
      2.23600000	-391112.55955903	    -10.61750261	  -2500.95925700	   -251.05327229	 -19352.91274089	-12784145428.62031364	    -14.95999604	-42690486.42080072	      0.00000000	-828884296.55377710	-7188585658.58310509	-3931480.51795910	-138910651.55200392	     -0.21982180	      0.00000000	      0.56553391	-102559.09302805	      0.00000000	-872625396.28689361	      0.00000000	      0.00000000	      0.00000000	-3422282.80447320	-313388.80868655	 -81268.85044941	-86578098900615793999872.00000000	-3642612840262691454976.00000000	-1057009.99586032	      0.00000000	      0.00000000	     -2.97486164	-135003.66526429	 -12393.63584815	-57737792.65670066	-559439849304350400.00000000	-137712826354445.09375000	-997449654.69429493	     -0.90531161	-8354407.19247263	-32616624.14657934	    -30.25397254	      0.00000000	      0.24958617	-391112.55955903	    -10.61750261	  -2500.95925700	   -251.05327229	 -19352.91274089	-12784145428.62031364	    -14.95999604	-39049423.20015055	      0.00000000	-477536611.90096283	-6023615639.16628933	-2194160.59054118	-225977109.88461277	     -0.21982180	      0.00000000	-925941.91866406	 -12392.25501040	      0.00000000	-781696422.44898379	      0.00000000	-384668.21028093	-4401809.11803253	      0.00000000	      0.00000000	 -81268.85044941	-86578098900615793999872.00000000	-3642612840262691454976.00000000	-3184703.25062853	      0.00000000	      0.00000000	     -2.97486164	-135003.66526429	 -12393.63584815	-57737792.65670066	-559439849304350400.00000000	-137712826354445.09375000	-997449654.69429493	     -0.90531161	-8354407.19247263	-32616624.14657934	    -30.25397254	      0.00000000	   -338.06580918	-645861172.67898154	-724357223.09113884	      0.00000000	      0.00000000	-2610754.58106854	-4087329.71003690
      2.25200000	-391112.55955903	    -10.61750261	  -2500.95925700	   -251.05327229	 -19352.91274089	-12784145428.62031364	    -14.95999604	-42106259.72158483	      0.00000000	-835198711.44663978	-7229377623.84589291	-4235754.87098992	-139243655.36037120	     -0.21982180	      0.00000000	      0.00000000	-109015.53266508	      0.00000000	-874745981.47792673	      0.00000000	      0.00000000	      0.00000000	-3870195.80689618	-402125.11682814	 -81268.85044941	-86578098900615793999872.00000000	-3642612840262691454976.00000000	-1086134.02752402	      0.00000000	      0.00000000	     -2.97486164	-135003.66526429	 -12393.63584815	-57737792.65670066	-559439849304350400.00000000	-137712826354445.09375000	-997449654.69429493	     -0.90531161	-8354407.19247263	-32616624.14657934	    -30.25397254	      0.00000000	      0.19558416	-391112.55955903	    -10.61750261	  -2500.95925700	   -251.05327229	 -19352.91274089	-12784145428.62031364	    -14.95999604	-42299531.13952798	      1.24323810	-509393497.17850375	-6026291272.59229565	-2225396.43337460	-230724901.39057469	     -0.21982180	      0.00000000	-999973.43030623	  -9033.63854852	      0.00000000	-804718467.86704481	      0.00000000	-439702.44524038	-4690930.25686530	      0.00000000	      0.00000000	 -81268.85044941	-86578098900615793999872.00000000	-3642612840262691454976.00000000	-2550543.08305948	      0.00000000	      0.00000000	     -2.97486164	-135003.66526429	 -12393.63584815	-57737792.65670066	-559439849304350400.00000000	-137712826354445.09375000	-997449654.69429493	     -0.90531161	-8354407.19247263	-32616624.14657934	    -30.25397254	      0.00000000	   -398.66875854	-644752318.13330913	-727580938.05286932	      0.00000000	      0.00000000	-2526333.19407337	-4155438.10462444
      2.26800000	-391112.55955903	    -10.61750261	  -2500.95925700	   -251.05327229	 -19352.91274089	-12784145428.62031364	    -14.95999604	-41512558.64693390	      0.00000000	-840867521.79132581	-7268799300.43954182	-4507510.20334666	-138726395.16770923	     -0.21982180	      0.00000000	      0.00000000	-115944.49369795	      0.00000000	-876397612.90076423	      0.00000000	      0.00000000	      0.00000000	-4330731.65070004	-498708.97596919	 -81268.85044941	-86578098900615793999872.00000000	-3642612840262691454976.00000000	-1119186.63499266	      0.00000000	      0.00000000	     -2.97486164	-135003.66526429	 -12393.63584815	-57737792.65670066	-559439849304350400.00000000	-137712826354445.09375000	-997449654.69429493	     -0.90531161	-8354407.19247263	-32616624.14657934	    -30.25397254	      0.00000000	      0.09040626	-391112.55955903	    -10.61750261	  -2500.95925700	   -251.05327229	 -19352.91274089	-12784145428.62031364	    -14.95999604	-45842585.00490712	   -644.56920575	-546928304.04023123	-6037451905.50569248	-2356330.16872404	-237449406.14670351	     -0.21982180	      0.00000000	-1060470.13949267	  -6344.46877975	      0.00000000	-830316097.69924867	      0.00000000	-448525.13982508	-4862113.92947255	      0.00000000	      0.00000000	 -81268.85044941	-86578098900615793999872.00000000	-3642612840262691454976.00000000	-1940187.12467845	      0.00000000	      0.00000000	     -2.97486164	-135003.66526429	 -12393.63584815	-57737792.65670066	-559439849304350400.00000000	-137712826354445.09375000	-997449654.69429493	     -0.90531161	-8354407.19247263	-32616624.14657934	    -30.25397254	      0.00000000	   -530.14005555	-640946865.70288527	-732671512.72818291	      0.00000000	      0.00000000	-2425967.93242486	-4264600.19977966
      2.28400000	-391112.55955903	    -10.61750261	  -2500.95925700	   -251.05327229	 -19352.91274089	-12784145428.62031364	    -14.95999604	-40917235.54609127	      0.00000000	-846123880.20360637	-7307201454.73249817	-4755684.52848888	-137580904.24326590	     -0.21982180	      0.00000000	      0.00000000	-123279.88091750	      0.00000000	-877803632.99121404	      0.00000000	      0.00000000	      0.00000000	-4807408.26251890	-603545.97267457	 -81268.85044941	-86578098900615793999872.00000000	-3642612840262691454976.00000000	-1154779.97139618	      0.00000000	      0.00000000	     -2.97486164	-135003.66526429	 -12393.63584815	-57737792.65670066	-559439849304350400.00000000	-137712826354445.09375000	-997449654.69429493	     -0.90531161	-8354407.19247263	-32616624.14657934	    -30.25397254	      0.00000000	      0.00000000	-391112.55955903	    -10.61750261	  -2500.95925700	   -251.05327229	 -19352.91274089	-12784145428.62031364	    -14.95999604	-49619985.22295076	 -15359.27303295	-589632049.17462957	-6055886012.53394985	-2565335.29773758	-245242792.13110363	     -0.21982180	      0.56295542	-1104035.48505325	  -4235.15822931	      0.00000000	-857526274.89441264	      0.00000000	-416719.21224755	-4911991.76322626	      0.00000000	      0.00000000	 -81268.85044941	-86578098900615793999872.00000000	-3642612840262691454976.00000000	-1379240.03335334	      0.00000000	      0.00000000	     -2.97486164	-135003.66526429	 -12393.63584815	-57737792.65670066	-559439849304350400.00000000	-137712826354445.09375000	-997449654.69429493	     -0.90531161	-8354407.19247263	-32616624.14657934	    -30.25397254	      0.00000000	   -762.46741815	-634465144.24266458	-739386016.15482485	      0.00000000	      0.00000000	-2311738.31745724	-4420221.69585570
      2.30000000	-391112.55955903	    -10.61750261	  -2500.95925700	   -251.05327229	 -19352.91274089	-12784145428.62031364	    -14.95999604	-40328632.36985519	      0.00000000	-851204025.02370930	-7344843462.26718235	-4995338.18339906	-136110596.56581789	     -0.21982180	      0.00000000	      0.00000000	-130925.82609891	      0.00000000	-879230055.30396557	      0.00000000	      0.00000000	      0.00000000	-5306589.67845651	-717897.66615293	 -81268.85044941	-86578098900615793999872.00000000	-3642612840262691454976.00000000	-1191376.14291164	      0.00000000	      0.00000000	     -2.97486164	-135003.66526429	 -12393.63584815	-57737792.65670066	-559439849304350400.00000000	-137712826354445.09375000	-997449654.69429493	     -0.90531161	-8354407.19247263	-32616624.14657934	    -30.25397254	      0.00000000	      0.00000000	-391112.55955903	    -10.61750261	  -2500.95925700	   -251.05327229	 -19352.91274089	-12784145428.62031364	    -14.95999604	-53532751.29732317	 -58319.07421430	-636402420.07253385	-6080191525.87258625	-2827243.71156831	-253199104.42836925	     -0.21982180	      0.50171394	-1128248.13031188	  -2610.55858867	      0.00000000	-885180823.58869851	      0.00000000	-357305.63186860	-4852826.85156052	      0.00000000	      0.00000000	 -81268.85044941	-86578098900615793999872.00000000	-3642612840262691454976.00000000	-894241.14297158	      0.00000000	      0.00000000	     -2.97486164	-135003.66526429	 -12393.63584815	-57737792.65670066	-559439849304350400.00000000	-137712826354445.09375000	-997449654.69429493	     -0.90531161	-8354407.19247263	-32616624.14657934	    -30.25397254	      0.00000000	  -1107.25365769	-625698012.36557007	-747454470.54259169	      0.00000000	      0.00000000	-2186448.53926784	-4619602.64007634
      2.31600000	-391112.55955903	    -10.61750261	  -2500.95925700	   -251.05327229	 -19352.91274089	-12784145428.62031364	    -14.95999604	-39752027.49815540	      0.00000000	-856281652.66634130	-7381859964.17108727	-5245359.79428477	-134652761.75595149	     -0.21982180	      0.00000000	      0.00000000	-138782.62480049	      0.00000000	-880932400.33212328	      0.00000000	      0.00000000	      0.00000000	-5836921.80634437	-843778.73303721	 -81268.85044941	-86578098900615793999872.00000000	-3642612840262691454976.00000000	-1227891.65307875	      0.00000000	      0.00000000	     -2.97486164	-135003.66526429	 -12393.63584815	-57737792.65670066	-559439849304350400.00000000	-137712826354445.09375000	-997449654.69429493	     -0.90531161	-8354407.19247263	-32616624.14657934	    -30.25397254	      0.00000000	      0.00000000	-391112.55955903	    -10.61750261	  -2500.95925700	   -251.05327229	 -19352.91274089	-12784145428.62031364	    -14.95999604	-57438095.34341136	-127330.36064234	-685754550.82105327	-6109557218.85638332	-3116871.44531675	-260639569.53075212	     -0.21982180	      0.12781914	-1132227.21333090	  -1437.79480082	      0.00000000	-912041782.92817938	      0.00000000	-285033.21029278	-4709875.90990165	      0.00000000	      0.00000000	 -81268.85044941	-86578098900615793999872.00000000	-3642612840262691454976.00000000	-507066.90562328	      0.00000000	      0.00000000	     -2.97486164	-135003.66526429	 -12393.63584815	-57737792.65670066	-559439849304350400.00000000	-137712826354445.09375000	-997449654.69429493	     -0.90531161	-8354407.19247263	-32616624.14657934	    -30.25397254	      0.00000000	  -1502.71032794	-615443818.51819885	-756650920.18402183	      0.00000000	      0.00000000	-2052695.56573769	-4849501.42179822
      2.33200000	-391112.55955903	    -10.61750261	  -2500.95925700	   -251.05327229	 -19352.91274089	-12784145428.62031364	    -14.95999604	-39188031.58096509	      0.00000000	-861404288.82363737	-7418174402.21667576	-5525804.97921835	-133545315.19877464	     -0.21982180	      0.00000000	      0.00000000	-146752.10604204	      0.00000000	-883111565.60805750	      0.00000000	      0.00000000	      0.00000000	-6407217.89251643	-983451.50074826	 -81268.85044941	-86578098900615793999872.00000000	-3642612840262691454976.00000000	-1264195.80555791	      0.00000000	      0.00000000	     -2.97486164	-135003.66526429	 -12393.63584815	-57737792.65670066	-559439849304350400.00000000	-137712826354445.09375000	-997449654.69429493	     -0.90531161	-8354407.19247263	-32616624.14657934	    -30.25397254	      0.00000000	      0.00000000	-391112.55955903	    -10.61750261	  -2500.95925700	   -251.05327229	 -19352.91274089	-12784145428.62031364	    -14.95999604	-61155755.23953601	-217251.26192943	-735754543.64837515	-6143093779.45154095	-3413552.98353387	-267247501.57559842	     -0.21982180	     -0.08827605	-1117066.73560080	   -695.17653479	      0.00000000	-937136146.62474525	      0.00000000	-212343.99280395	-4516047.25781814	      1.71189828	      0.00000000	 -81268.85044941	-86578098900615793999872.00000000	-3642612840262691454976.00000000	-233129.13673066	      0.00000000	      0.00000000	     -2.97486164	-135003.66526429	 -12393.63584815	-57737792.65670066	-559439849304350400.00000000	-137712826354445.09375000	-997449654.69429493	     -0.90531161	-8354407.19247263	-32616624.14657934	    -30.25397254	      0.00000000	  -1867.57846499	-604827563.84092999	-766793553.14919126	      0.00000000	      0.00000000	-1912650.47607411	-5086941.77400424
      2.34800000	-391112.55955903	    -10.61750261	  -2500.95925700	   -251.05327229	 -19352.91274089	-12784145428.62031364	    -14.95999604	-38633360.90273247	      0.00000000	-866447269.80636668	-7453386787.09126759	-5854830.08762721	-133104635.90935686	     -0.21982180	      0.00000000	      0.00000000	-154717.61470262	      0.00000000	-885879918.92908537	      0.00000000	      0.00000000	      0.00000000	-7022543.81087315	-1138395.16816040	 -81268.85044941	-86578098900615793999872.00000000	-3642612840262691454976.00000000	-1301371.56343346	      0.00000000	      0.00000000	     -2.97486164	-135003.66526429	 -12393.63584815	-57737792.65670066	-559439849304350400.00000000	-137712826354445.09375000	-997449654.69429493	     -0.90531161	-8354407.19247263	-32616624.14657934	    -30.25397254	      0.00000000	      0.00000000	-391112.55955903	    -10.61750261	  -2500.95925700	   -251.05327229	 -19352.91274089	-12784145428.62031364	    -14.95999604	-64488874.13602437	-318804.82607517	-783869371.50625050	-6178916646.60299110	-3703081.09224993	-273035339.34261817	     -0.21982180	     -0.12200816	-1086027.09571900	   -325.55812532	      0.00000000	-959090886.86076272	      0.00000000	-147997.50719894	-4306356.08229239	      0.03395110	      0.00000000	 -81268.85044941	-86578098900615793999872.00000000	-3642612840262691454976.00000000	 -73071.83116726	      0.00000000	      0.00000000	     -2.97486164	-135003.66526429	 -12393.63584815	-57737792.65670066	-559439849304350400.00000000	-137712826354445.09375000	-997449654.69429493	     -0.90531161	-8354407.19247263	-32616624.14657934	    -30.25397254	      0.00000000	  -2108.62921537	-595098962.76497149	-777641339.94939995	      0.00000000	      0.00000000	-1769080.17615083	-5304206.35836565
      2.36400000	-391112.55955903	    -10.61750261	  -2500.95925700	   -251.05327229	 -19352.91274089	-12784145428.62031364	    -14.95999604	-38082956.44174970	      0.00000000	-871096287.93427742	-7486704220.24754429	-6244859.50171329	-133600372.68630213	     -0.21982180	      0.00000000	      0.00000000	-162514.63236793	      0.00000000	-889230605.17324412	      0.00000000	      0.00000000	      0.00000000	-7678957.06373989	-1307803.02133808	 -81268.85044941	-86578098900615793999872.00000000	-3642612840262691454976.00000000	-1341737.91310250	      0.00000000	      0.00000000	     -2.97486164	-135003.66526429	 -12393.63584815	-57737792.65670066	-559439849304350400.00000000	-137712826354445.09375000	-997449654.69429493	     -0.90531161	-8354407.19247263	-32616624.14657934	    -30.25397254	      0.00000000	      0.00000000	-391112.55955903	    -10.61750261	  -2500.95925700	   -251.05327229	 -19352.91274089	-12784145428.62031364	    -14.95999604	-67355286.09013550	-419524.54647349	-826420831.42350554	-6212830246.28564358	-3974587.89694558	-278148647.89717215	     -0.21982180	     -0.04003940	-1044369.61052312	   -128.28534292	      0.00000000	-978290305.33793139	      0.00000000	 -97299.24096311	-4113822.57046742	   -241.83727302	      0.00000000	 -81268.85044941	-86578098900615793999872.00000000	-3642612840262691454976.00000000	  -7340.24932420	      0.00000000	      0.00000000	     -2.97486164	-135003.66526429	 -12393.63584815	-57737792.65670066	-559439849304350400.00000000	-137712826354445.09375000	-997449654.69429493	     -0.90531161	-8354407.19247263	-32616624.14657934	    -30.25397254	      0.00000000	  -2166.61824474	-587390324.72265339	-788715447.35197341	      0.00000000	      0.00000000	-1627275.44734656	-5476030.48173964
      2.38000000	-391112.55955903	    -10.61750261	  -2500.95925700	   -251.05327229	 -19352.91274089	-12784145428.62031364	    -14.95999604	-37531834.94538846	      0.00000000	-874867619.61310923	-7516990134.92046833	-6698674.06511388	-135226893.52968851	     -0.21982180	      0.00000000	      0.00000000	-169913.33214982	      0.00000000	-893014358.28153050	      0.00000000	      0.00000000	      0.00000000	-8358636.76857049	-1487043.44095823	 -81268.85044941	-86578098900615793999872.00000000	-3642612840262691454976.00000000	-1388703.97039353	      0.00000000	      0.00000000	     -2.97486164	-135003.66526429	 -12393.63584815	-57737792.65670066	-559439849304350400.00000000	-137712826354445.09375000	-997449654.69429493	     -0.90531161	-8354407.19247263	-32616624.14657934	    -30.25397254	      0.00000000	      0.00000000	-391112.55955903	    -10.61750261	  -2500.95925700	   -251.05327229	 -19352.91274089	-12784145428.62031364	    -14.95999604	-69679870.74687669	-507256.91898591	-860046700.02979064	-6241099913.09955788	-4213583.63330554	-282600471.99027556	     -0.21982180	      0.07937233	-998722.44318178	    -28.80224869	      0.00000000	-993701286.16620421	      0.00000000	 -62426.11590564	-3966468.18669571	  -2051.23173814	      0.00000000	 -81268.85044941	-86578098900615793999872.00000000	-3642612840262691454976.00000000	     -3.28381905	      0.00000000	      0.00000000	     -2.97486164	-135003.66526429	 -12393.63584815	-57737792.65670066	-559439849304350400.00000000	-137712826354445.09375000	-997449654.69429493	     -0.90531161	-8354407.19247263	-32616624.14657934	    -30.25397254	      0.00000000	  -2054.23983070	-582536093.80279315	-799130322.58953285	      0.00000000	      0.00000000	-1496616.53740655	-5585522.93227495
      2.39600000	-391112.55955903	    -10.61750261	  -2500.95925700	   -251.05327229	 -19352.91274089	-12784145428.62031364	    -14.95999604	-36975724.08351461	      0.00000000	-877167938.04745877	-7542947026.90792179	-7207355.35675562	-138088328.35933280	     -0.21982180	      0.00000000	      0.00000000	-176624.45061692	      0.00000000	-896942210.33327186	      0.00000000	      0.00000000	      0.00000000	-9028033.97346542	-1666868.62061857	 -81268.85044941	-86578098900615793999872.00000000	-3642612840262691454976.00000000	-1446477.70308098	      0.00000000	      0.00000000	     -2.97486164	-135003.66526429	 -12393.63584815	-57737792.65670066	-559439849304350400.00000000	-137712826354445.09375000	-997449654.69429493	     -0.90531161	-8354407.19247263	-32616624.14657934	    -30.25397254	      0.00000000	      0.00000000	-391112.55955903	    -10.61750261	  -2500.95925700	   -251.05327229	 -19352.91274089	-12784145428.62031364	    -14.95999604	-71367612.80681975	-574532.89148255	-883883179.04013550	-6263316261.33351898	-4395550.54122121	-286066584.94595265	     -0.21982180	      0.20773529	-956019.30904358	     -0.54578487	      0.00000000	-1004887193.61524761	      0.00000000	 -42726.22202852	-3884328.38744462	  -6679.93837681	      0.00000000	 -81268.85044941	-86578098900615793999872.00000000	-3642612840262691454976.00000000	      1.98115036	      0.00000000	      0.00000000	     -2.97486164	-135003.66526429	 -12393.63584815	-57737792.65670066	-559439849304350400.00000000	-137712826354445.09375000	-997449654.69429493	     -0.90531161	-8354407.19247263	-32616624.14657934	    -30.25397254	      0.00000000	  -1856.60442563	-580987682.43491042	-807522789.94511855	      0.00000000	      0.00000000	-1390715.22610342	-5626939.60015924
      2.41200000	-391112.55955903	    -10.61750261	  -2500.95925700	   -251.05327229	 -19352.91274089	-12784145428.62031364	    -14.95999604	-36410659.00707066	      0.00000000	-877383435.90022922	-7563363564.05221558	-7751991.49103499	-142210884.13653773	     -0.21982180	      0.00000000	      0.00000000	-182329.31984058	      0.00000000	-900629686.17703354	      0.00000000	      0.00000000	      0.00000000	-9641457.83539903	-1834197.39263585	 -81268.85044941	-86578098900615793999872.00000000	-3642612840262691454976.00000000	-1519583.84882462	      0.00000000	      0.00000000	     -2.97486164	-135003.66526429	 -12393.63584815	-57737792.65670066	-559439849304350400.00000000	-137712826354445.09375000	-997449654.69429493	     -0.90531161	-8354407.19247263	-32616624.14657934	    -30.25397254	      0.00000000	      0.00000000	-391112.55955903	    -10.61750261	  -2500.95925700	   -251.05327229	 -19352.91274089	-12784145428.62031364	    -14.95999604	-72401906.23166044	-618856.43595935	-898385779.30765498	-6279643247.55376339	-4485301.44789172	-287849898.67900413	     -0.21982180	      0.31399283	-922286.60504011	     -0.02302414	      0.00000000	-1011709031.12922907	      0.00000000	 -36111.95853363	-3876390.94775030	 -10816.93594229	      0.00000000	 -81268.85044941	-86578098900615793999872.00000000	-3642612840262691454976.00000000	      0.00000000	      0.00000000	      0.00000000	     -2.97486164	-135003.66526429	 -12393.63584815	-57737792.65670066	-559439849304350400.00000000	-137712826354445.09375000	-997449654.69429493	     -0.90531161	-8354407.19247263	-32616624.14657934	    -30.25397254	      0.00000000	  -1694.89986604	-582796045.11928642	-812152717.79660165	      0.00000000	      0.00000000	-1326012.35123946	-5605554.76941923
      2.42800000	-391112.55955903	    -10.61750261	  -2500.95925700	   -251.05327229	 -19352.91274089	-12784145428.62031364	    -14.95999604	-35832590.66295921	      0.00000000	-874981569.43745172	-7577323033.48800468	-8309290.80998822	-147574357.06645170	     -0.21982180	      0.00000000	      0.00000000	-186728.36957643	      0.00000000	-903679524.06240320	      0.00000000	      0.00000000	      0.00000000	-10150753.15483488	-1974813.01424686	 -81268.85044941	-86578098900615793999872.00000000	-3642612840262691454976.00000000	-1612143.02505417	      0.00000000	      0.00000000	     -2.97486164	-135003.66526429	 -12393.63584815	-57737792.65670066	-559439849304350400.00000000	-137712826354445.09375000	-997449654.69429493	     -0.90531161	-8354407.19247263	-32616624.14657934	    -30.25397254	      0.00000000	      0.00000000	-391112.55955903	    -10.61750261	  -2500.95925700	   -251.05327229	 -19352.91274089	-12784145428.62031364	    -14.95999604	-72818594.71847050	-640963.70707494	-904317894.41510177	-6289706506.27619553	-4445283.21707770	-287058105.44773275	     -0.21982180	      0.42716613	-901688.73231889	      0.10934720	      0.00000000	-1014092214.96518016	      0.00000000	 -41823.44652278	-3938919.43247729	 -10543.21854761	      0.00000000	 -81268.85044941	-86578098900615793999872.00000000	-3642612840262691454976.00000000	      0.00000000	      0.00000000	      0.00000000	     -2.97486164	-135003.66526429	 -12393.63584815	-57737792.65670066	-559439849304350400.00000000	-137712826354445.09375000	-997449654.69429493	     -0.90531161	-8354407.19247263	-32616624.14657934	    -30.25397254	      0.00000000	  -1688.05465055	-587640601.59601653	-811219685.43051696	      0.00000000	      0.00000000	-1319575.28064822	-5535167.22130150
      2.44400000	-391112.55955903	    -10.61750261	  -2500.95925700	   -251.05327229	 -19352.91274089	-12784145428.62031364	    -14.95999604	-35238081.19466802	      0.00000000	-869611604.49791694	-7584317772.33598328	-8858631.28512910	-154133493.67612100	     -0.21982180	      0.00000000	      0.00000000	-189598.63528059	      0.00000000	-905777775.25361776	      0.00000000	      0.00000000	      0.00000000	-10518634.72499932	-2077327.57029997	 -81268.85044941	-86578098900615793999872.00000000	-3642612840262691454976.00000000	-1726977.57621544	      0.00000000	      0.00000000	     -2.97486164	-135003.66526429	 -12393.63584815	-57737792.65670066	-559439849304350400.00000000	-137712826354445.09375000	-997449654.69429493	     -0.90531161	-8354407.19247263	-32616624.14657934	    -30.25397254	      0.00000000	      0.00000000	-391112.55955903	    -10.61750261	  -2500.95925700	   -251.05327229	 -19352.91274089	-12784145428.62031364	    -14.95999604	-72684684.82013926	-643015.15522348	-902468450.10881150	-6292873243.25176620	-4251009.43958104	-282943914.93774658	     -0.21982180	      0.55367801	-896158.52888341	      0.13922816	      0.00000000	-1012026338.73868179	      0.00000000	 -62737.81444514	-4057438.85965421	  -5648.52399088	      0.00000000	 -81268.85044941	-86578098900615793999872.00000000	-3642612840262691454976.00000000	      0.00000000	      0.00000000	      0.00000000	     -2.97486164	-135003.66526429	 -12393.63584815	-57737792.65670066	-559439849304350400.00000000	-137712826354445.09375000	-997449654.69429493	     -0.90531161	-8354407.19247263	-32616624.14657934	    -30.25397254	      0.00000000	  -1947.53053527	-594906317.70183933	-803353080.21067381	      0.00000000	      0.00000000	-1386969.65734220	-5433538.93142251
      2.46000000	-391112.55955903	    -10.61750261	  -2500.95925700	   -251.05327229	 -19352.91274089	-12784145428.62031364	    -14.95999604	-34626021.14274073	      0.00000000	-861196437.17011750	-7584311782.48978138	-9387316.33220989	-161807457.33116034	     -0.21982180	      0.00000000	      0.00000000	-190849.76587855	      0.00000000	-906771429.44770610	      0.00000000	      0.00000000	      0.00000000	-10730849.49952963	-2136919.48084697	 -81268.85044941	-86578098900615793999872.00000000	-3642612840262691454976.00000000	-1864830.86143429	      0.00000000	      0.00000000	     -2.97486164	-135003.66526429	 -12393.63584815	-57737792.65670066	-559439849304350400.00000000	-137712826354445.09375000	-997449654.69429493	     -0.90531161	-8354407.19247263	-32616624.14657934	    -30.25397254	      0.00000000	      0.00000000	-391112.55955903	    -10.61750261	  -2500.95925700	   -251.05327229	 -19352.91274089	-12784145428.62031364	    -14.95999604	-72086668.99341372	-627670.90652114	-893607028.79646969	-6288556774.34268570	-3906010.35062214	-275261846.98418766	     -0.21982180	      0.61705750	-905580.40721640	      0.06711256	      0.00000000	-1005700573.61920202	      0.00000000	-105106.22901124	-4213044.40669680	  -1098.64168723	      0.00000000	 -81268.85044941	-86578098900615793999872.00000000	-3642612840262691454976.00000000	      0.00000000	      0.00000000	      0.00000000	     -2.97486164	-135003.66526429	 -12393.63584815	-57737792.65670066	-559439849304350400.00000000	-137712826354445.09375000	-997449654.69429493	     -0.90531161	-8354407.19247263	-32616624.14657934	    -30.25397254	      0.00000000	  -2596.76650021	-603813981.04384482	-788123031.62384593	      0.00000000	      0.00000000	-1539875.65456577	-5316860.76938398
      2.47600000	-391112.55955903	    -10.61750261	  -2500.95925700	   -251.05327229	 -19352.91274089	-12784145428.62031364	    -14.95999604	-33998979.84425651	      0.00000000	-850007482.46076083	-7577845198.46902752	-9892889.22756821	-170450022.78912261	     -0.21982180	      0.00000000	      0.00000000	-190570.15575820	      0.00000000	-906709280.87361121	      0.00000000	      0.00000000	      0.00000000	-10802597.13153508	-2157351.83971645	 -81268.85044941	-86578098900615793999872.00000000	-3642612840262691454976.00000000	-2024130.56940849	      0.00000000	      0.00000000	     -2.97486164	-135003.66526429	 -12393.63584815	-57737792.65670066	-559439849304350400.00000000	-137712826354445.09375000	-997449654.69429493	     -0.90531161	-8354407.19247263	-32616624.14657934	    -30.25397254	      0.00000000	      0.00000000	-391112.55955903	    -10.61750261	  -2500.95925700	   -251.05327229	 -19352.91274089	-12784145428.62031364	    -14.95999604	-71130325.11174570	-598261.73153650	-878669387.01991475	-6276580562.23244095	-3446977.70039612	-264469318.70618379	     -0.21982180	      0.42058587	-928121.57953213	     -0.08948636	      0.00000000	-995694210.79705107	      0.00000000	-175774.18901240	-4389972.96905757	     -1.53303102	      0.00000000	 -81268.85044941	-86578098900615793999872.00000000	-3642612840262691454976.00000000	      2.06353867	      0.00000000	      0.00000000	     -2.97486164	-135003.66526429	 -12393.63584815	-57737792.65670066	-559439849304350400.00000000	-137712826354445.09375000	-997449654.69429493	     -0.90531161	-8354407.19247263	-32616624.14657934	    -30.25397254	      0.00000000	  -3763.47234035	-613594271.25509953	-766369623.19329274	      0.00000000	      0.00000000	-1781919.18540395	-5195333.83923308
      2.49200000	-391112.55955903	    -10.61750261	  -2500.95925700	   -251.05327229	 -19352.91274089	-12784145428.62031364	    -14.95999604	-33362898.57633500	      0.00000000	-836704437.43414629	-7566210243.25866508	-10383091.17922560	-179828146.11890110	     -0.21982180	      0.00000000	      0.00000000	-189059.49875390	      0.00000000	-905841485.75506675	      0.00000000	      0.00000000	      0.00000000	-10777070.76280205	-2150555.85000960	 -81268.85044941	-86578098900615793999872.00000000	-3642612840262691454976.00000000	-2201457.76624985	      0.00000000	      0.00000000	     -2.97486164	-135003.66526429	 -12393.63584815	-57737792.65670066	-559439849304350400.00000000	-137712826354445.09375000	-997449654.69429493	     -0.90531161	-8354407.19247263	-32616624.14657934	    -30.25397254	      0.00000000	      0.00000000	-391112.55955903	    -10.61750261	  -2500.95925700	   -251.05327229	 -19352.91274089	-12784145428.62031364	    -14.95999604	-69943262.28098045	-559307.04484590	-859052344.13058555	-6257676635.03635693	-2935016.52926738	-251684084.14329970	     -0.21982180	      0.00000000	-960366.13175359	     -1.03740110	      0.00000000	-983086307.27332997	      0.00000000	-278483.34643141	-4579614.93796953	      1.67448189	      0.00000000	 -81268.85044941	-86578098900615793999872.00000000	-3642612840262691454976.00000000	     -0.98498501	      0.00000000	      0.00000000	     -2.97486164	-135003.66526429	 -12393.63584815	-57737792.65670066	-559439849304350400.00000000	-137712826354445.09375000	-997449654.69429493	     -0.90531161	-8354407.19247263	-32616624.14657934	    -30.25397254	      0.55991931	  -5509.36777030	-623654223.10664248	-740194948.10191059	      0.00000000	      0.00000000	-2102468.71916920	-5071848.63953813
