MomentArm_hip_rotation_l
version=1
nRows=126
nColumns=93
inDegrees=no

This analysis gathers basic information about muscles during a simulation (e.g., forces, tendon lengths, moment arms, etc).
Units are S.I. units (second, meters, Newtons, ...)
If the header above contains a line with 'inDegrees', this indicates whether rotational values are in degrees (yes) or radians (no).

endheader
time	glut_med1_r	glut_med2_r	glut_med3_r	glut_min1_r	glut_min2_r	glut_min3_r	semimem_r	semiten_r	bifemlh_r	bifemsh_r	sar_r	add_long_r	add_brev_r	add_mag1_r	add_mag2_r	add_mag3_r	tfl_r	pect_r	grac_r	glut_max1_r	glut_max2_r	glut_max3_r	iliacus_r	psoas_r	quad_fem_r	gem_r	peri_r	rect_fem_r	vas_med_r	vas_int_r	vas_lat_r	med_gas_r	lat_gas_r	soleus_r	tib_post_r	flex_dig_r	flex_hal_r	tib_ant_r	per_brev_r	per_long_r	per_tert_r	ext_dig_r	ext_hal_r	glut_med1_l	glut_med2_l	glut_med3_l	glut_min1_l	glut_min2_l	glut_min3_l	semimem_l	semiten_l	bifemlh_l	bifemsh_l	sar_l	add_long_l	add_brev_l	add_mag1_l	add_mag2_l	add_mag3_l	tfl_l	pect_l	grac_l	glut_max1_l	glut_max2_l	glut_max3_l	iliacus_l	psoas_l	quad_fem_l	gem_l	peri_l	rect_fem_l	vas_med_l	vas_int_l	vas_lat_l	med_gas_l	lat_gas_l	soleus_l	tib_post_l	flex_dig_l	flex_hal_l	tib_ant_l	per_brev_l	per_long_l	per_tert_l	ext_dig_l	ext_hal_l	ercspn_r	ercspn_l	intobl_r	intobl_l	extobl_r	extobl_l
      0.49200000	      0.00000000	      0.00000000	      0.00000000	      0.00000000	      0.00000000	      0.00000000	      0.00000000	      0.00000000	      0.00000000	      0.00000000	      0.00000000	      0.00000000	      0.00000000	      0.00000000	      0.00000000	      0.00000000	      0.00000000	      0.00000000	      0.00000000	      0.00000000	      0.00000000	      0.00000000	      0.00000000	      0.00000000	      0.00000000	      0.00000000	      0.00000000	      0.00000000	      0.00000000	      0.00000000	      0.00000000	      0.00000000	      0.00000000	      0.00000000	      0.00000000	      0.00000000	      0.00000000	      0.00000000	      0.00000000	      0.00000000	      0.00000000	      0.00000000	      0.00000000	      0.00947528	     -0.02160740	     -0.04439565	      0.00857413	     -0.00358944	     -0.01871426	      0.00082764	      0.00011332	     -0.00397740	     -0.00000000	     -0.00355771	      0.00613142	      0.00447959	      0.00074318	      0.00150514	      0.00294884	      0.00015509	      0.00269669	     -0.00486087	     -0.03420654	     -0.02877553	     -0.02817534	      0.00410284	      0.00288302	     -0.03458075	     -0.03072662	     -0.03756296	     -0.00114583	     -0.00000000	     -0.00000000	      0.00000000	     -0.00000000	      0.00000000	      0.00000000	      0.00000000	      0.00000000	      0.00000000	     -0.00000000	      0.00000000	     -0.00000000	      0.00000000	      0.00000000	      0.00000000	      0.00000000	      0.00000000	      0.00000000	      0.00000000	      0.00000000	      0.00000000
      0.50800000	      0.00000000	      0.00000000	      0.00000000	      0.00000000	      0.00000000	      0.00000000	      0.00000000	      0.00000000	      0.00000000	      0.00000000	      0.00000000	      0.00000000	      0.00000000	      0.00000000	      0.00000000	      0.00000000	      0.00000000	      0.00000000	      0.00000000	      0.00000000	      0.00000000	      0.00000000	      0.00000000	      0.00000000	      0.00000000	      0.00000000	      0.00000000	      0.00000000	      0.00000000	      0.00000000	      0.00000000	      0.00000000	      0.00000000	      0.00000000	      0.00000000	      0.00000000	      0.00000000	      0.00000000	      0.00000000	      0.00000000	      0.00000000	      0.00000000	      0.00000000	      0.00808461	     -0.02283697	     -0.04530889	      0.00746762	     -0.00461806	     -0.01958429	      0.00081605	      0.00009341	     -0.00388052	     -0.00000000	     -0.00337546	      0.00617752	      0.00467761	      0.00120004	      0.00166953	      0.00283451	     -0.00041532	      0.00278706	     -0.00491550	     -0.03545591	     -0.02945529	     -0.02845654	      0.00406123	      0.00285094	     -0.03347601	     -0.03023660	     -0.03785281	     -0.00111708	      0.00000000	      0.00000000	     -0.00000000	     -0.00000000	      0.00000000	      0.00000000	     -0.00000000	     -0.00000000	     -0.00000000	      0.00000000	     -0.00000000	     -0.00000000	     -0.00000000	     -0.00000000	     -0.00000000	      0.00000000	      0.00000000	      0.00000000	      0.00000000	      0.00000000	      0.00000000
      0.52400000	      0.00000000	      0.00000000	      0.00000000	      0.00000000	      0.00000000	      0.00000000	      0.00000000	      0.00000000	      0.00000000	      0.00000000	      0.00000000	      0.00000000	      0.00000000	      0.00000000	      0.00000000	      0.00000000	      0.00000000	      0.00000000	      0.00000000	      0.00000000	      0.00000000	      0.00000000	      0.00000000	      0.00000000	      0.00000000	      0.00000000	      0.00000000	      0.00000000	      0.00000000	      0.00000000	      0.00000000	      0.00000000	      0.00000000	      0.00000000	      0.00000000	      0.00000000	      0.00000000	      0.00000000	      0.00000000	      0.00000000	      0.00000000	      0.00000000	      0.00000000	      0.00672516	     -0.02402492	     -0.04617526	      0.00638975	     -0.00561603	     -0.02042232	      0.00080367	      0.00007239	     -0.00378422	      0.00000000	     -0.00319591	      0.00622124	      0.00487212	      0.00165103	      0.00183188	      0.00272034	     -0.00097295	      0.00287316	     -0.00497121	     -0.03666977	     -0.03012140	     -0.02872577	      0.00401995	      0.00281934	     -0.03237246	     -0.02974215	     -0.03811638	     -0.00108823	     -0.00000000	      0.00000000	     -0.00000000	     -0.00000000	      0.00000000	      0.00000000	     -0.00000000	     -0.00000000	      0.00000000	      0.00000000	     -0.00000000	      0.00000000	     -0.00000000	      0.00000000	     -0.00000000	      0.00000000	      0.00000000	      0.00000000	      0.00000000	      0.00000000	      0.00000000
      0.54000000	      0.00000000	      0.00000000	      0.00000000	      0.00000000	      0.00000000	      0.00000000	      0.00000000	      0.00000000	      0.00000000	      0.00000000	      0.00000000	      0.00000000	      0.00000000	      0.00000000	      0.00000000	      0.00000000	      0.00000000	      0.00000000	      0.00000000	      0.00000000	      0.00000000	      0.00000000	      0.00000000	      0.00000000	      0.00000000	      0.00000000	      0.00000000	      0.00000000	      0.00000000	      0.00000000	      0.00000000	      0.00000000	      0.00000000	      0.00000000	      0.00000000	      0.00000000	      0.00000000	      0.00000000	      0.00000000	      0.00000000	      0.00000000	      0.00000000	      0.00000000	      0.00545380	     -0.02512254	     -0.04696107	      0.00537765	     -0.00655169	     -0.02120126	      0.00078556	      0.00004222	     -0.00369746	     -0.00000000	     -0.00302334	      0.00626259	      0.00506059	      0.00208426	      0.00198966	      0.00261050	     -0.00151666	      0.00295625	     -0.00503464	     -0.03780642	     -0.03077345	     -0.02898069	      0.00398009	      0.00278889	     -0.03131810	     -0.02925505	     -0.03834122	     -0.00106499	     -0.00000000	      0.00000000	      0.00000000	     -0.00000000	     -0.00000000	     -0.00000000	     -0.00000000	     -0.00000000	      0.00000000	      0.00000000	     -0.00000000	     -0.00000000	      0.00000000	     -0.00000000	      0.00000000	      0.00000000	      0.00000000	      0.00000000	      0.00000000	      0.00000000	      0.00000000
      0.55600000	      0.00000000	      0.00000000	      0.00000000	      0.00000000	      0.00000000	      0.00000000	      0.00000000	      0.00000000	      0.00000000	      0.00000000	      0.00000000	      0.00000000	      0.00000000	      0.00000000	      0.00000000	      0.00000000	      0.00000000	      0.00000000	      0.00000000	      0.00000000	      0.00000000	      0.00000000	      0.00000000	      0.00000000	      0.00000000	      0.00000000	      0.00000000	      0.00000000	      0.00000000	      0.00000000	      0.00000000	      0.00000000	      0.00000000	      0.00000000	      0.00000000	      0.00000000	      0.00000000	      0.00000000	      0.00000000	      0.00000000	      0.00000000	      0.00000000	      0.00000000	      0.00431477	     -0.02609279	     -0.04764204	      0.00445831	     -0.00740264	     -0.02190176	      0.00075697	     -0.00000486	     -0.00362836	      0.00000000	     -0.00286084	      0.00630199	      0.00524167	      0.00249027	      0.00214118	      0.00250853	     -0.00204878	      0.00303847	     -0.00511160	     -0.03883566	     -0.03141730	     -0.02922093	      0.00394241	      0.00276002	     -0.03035717	     -0.02878558	     -0.03851828	     -0.00105304	      0.00000000	      0.00000000	      0.00000000	      0.00000000	      0.00000000	     -0.00000000	      0.00000000	     -0.00000000	      0.00000000	      0.00000000	     -0.00000000	      0.00000000	      0.00000000	      0.00000000	      0.00000000	      0.00000000	      0.00000000	      0.00000000	      0.00000000	      0.00000000	      0.00000000
      0.57200000	      0.00000000	      0.00000000	      0.00000000	      0.00000000	      0.00000000	      0.00000000	      0.00000000	      0.00000000	      0.00000000	      0.00000000	      0.00000000	      0.00000000	      0.00000000	      0.00000000	      0.00000000	      0.00000000	      0.00000000	      0.00000000	      0.00000000	      0.00000000	      0.00000000	      0.00000000	      0.00000000	      0.00000000	      0.00000000	      0.00000000	      0.00000000	      0.00000000	      0.00000000	      0.00000000	      0.00000000	      0.00000000	      0.00000000	      0.00000000	      0.00000000	      0.00000000	      0.00000000	      0.00000000	      0.00000000	      0.00000000	      0.00000000	      0.00000000	      0.00000000	      0.00333356	     -0.02691462	     -0.04820538	      0.00364522	     -0.00815831	     -0.02251411	      0.00071394	     -0.00007516	     -0.00358302	      0.00000000	     -0.00270984	      0.00634025	      0.00541563	      0.00286398	      0.00228597	      0.00241675	     -0.00257438	      0.00312276	     -0.00520619	     -0.03974281	     -0.03206346	     -0.02944717	      0.00390727	      0.00273282	     -0.02952160	     -0.02834065	     -0.03864221	     -0.00105692	      0.00000000	      0.00000000	      0.00000000	      0.00000000	     -0.00000000	      0.00000000	      0.00000000	     -0.00000000	      0.00000000	      0.00000000	      0.00000000	      0.00000000	     -0.00000000	     -0.00000000	      0.00000000	      0.00000000	      0.00000000	      0.00000000	      0.00000000	      0.00000000	      0.00000000
      0.58800000	      0.00000000	      0.00000000	      0.00000000	      0.00000000	      0.00000000	      0.00000000	      0.00000000	      0.00000000	      0.00000000	      0.00000000	      0.00000000	      0.00000000	      0.00000000	      0.00000000	      0.00000000	      0.00000000	      0.00000000	      0.00000000	      0.00000000	      0.00000000	      0.00000000	      0.00000000	      0.00000000	      0.00000000	      0.00000000	      0.00000000	      0.00000000	      0.00000000	      0.00000000	      0.00000000	      0.00000000	      0.00000000	      0.00000000	      0.00000000	      0.00000000	      0.00000000	      0.00000000	      0.00000000	      0.00000000	      0.00000000	      0.00000000	      0.00000000	      0.00000000	      0.00251387	     -0.02758425	     -0.04864945	      0.00293805	     -0.00881958	     -0.02303762	      0.00065408	     -0.00017213	     -0.00356467	      0.00000000	     -0.00257019	      0.00637860	      0.00558450	      0.00320545	      0.00242450	      0.00233584	     -0.00309832	      0.00321247	     -0.00532018	     -0.04052949	     -0.03272274	     -0.02965952	      0.00387463	      0.00270712	     -0.02882471	     -0.02792324	     -0.03871104	     -0.00107867	     -0.00000000	      0.00000000	      0.00000000	      0.00000000	      0.00000000	      0.00000000	      0.00000000	      0.00000000	     -0.00000000	     -0.00000000	     -0.00000000	     -0.00000000	     -0.00000000	     -0.00000000	     -0.00000000	      0.00000000	      0.00000000	      0.00000000	      0.00000000	      0.00000000	      0.00000000
      0.60400000	      0.00000000	      0.00000000	      0.00000000	      0.00000000	      0.00000000	      0.00000000	      0.00000000	      0.00000000	      0.00000000	      0.00000000	      0.00000000	      0.00000000	      0.00000000	      0.00000000	      0.00000000	      0.00000000	      0.00000000	      0.00000000	      0.00000000	      0.00000000	      0.00000000	      0.00000000	      0.00000000	      0.00000000	      0.00000000	      0.00000000	      0.00000000	      0.00000000	      0.00000000	      0.00000000	      0.00000000	      0.00000000	      0.00000000	      0.00000000	      0.00000000	      0.00000000	      0.00000000	      0.00000000	      0.00000000	      0.00000000	      0.00000000	      0.00000000	      0.00000000	      0.00184136	     -0.02811107	     -0.04898015	      0.00232709	     -0.00939417	     -0.02347657	      0.00057729	     -0.00029529	     -0.00357339	      0.00000000	     -0.00244100	      0.00641856	      0.00575139	      0.00351878	      0.00255741	      0.00226514	     -0.00362040	      0.00331094	     -0.00545278	     -0.04120922	     -0.03339998	     -0.02985587	      0.00384426	      0.00268265	     -0.02826124	     -0.02753415	     -0.03872492	     -0.00111691	     -0.00000000	      0.00000000	      0.00000000	      0.00000000	      0.00000000	      0.00000000	      0.00000000	     -0.00000000	     -0.00000000	     -0.00000000	      0.00000000	      0.00000000	      0.00000000	     -0.00000000	      0.00000000	      0.00000000	      0.00000000	      0.00000000	      0.00000000	      0.00000000	      0.00000000
      0.62000000	      0.00000000	      0.00000000	      0.00000000	      0.00000000	      0.00000000	      0.00000000	      0.00000000	      0.00000000	      0.00000000	      0.00000000	      0.00000000	      0.00000000	      0.00000000	      0.00000000	      0.00000000	      0.00000000	      0.00000000	      0.00000000	      0.00000000	      0.00000000	      0.00000000	      0.00000000	      0.00000000	      0.00000000	      0.00000000	      0.00000000	      0.00000000	      0.00000000	      0.00000000	      0.00000000	      0.00000000	      0.00000000	      0.00000000	      0.00000000	      0.00000000	      0.00000000	      0.00000000	      0.00000000	      0.00000000	      0.00000000	      0.00000000	      0.00000000	      0.00000000	      0.00129522	     -0.02850831	     -0.04920488	      0.00180273	     -0.00988803	     -0.02383369	      0.00048610	     -0.00043968	     -0.00360683	     -0.00000000	     -0.00232222	      0.00646151	      0.00591867	      0.00380820	      0.00268413	      0.00220365	     -0.00413023	      0.00342027	     -0.00560081	     -0.04179649	     -0.03408663	     -0.03003128	      0.00381611	      0.00265935	     -0.02781582	     -0.02717604	     -0.03868526	     -0.00116682	      0.00000000	      0.00000000	      0.00000000	     -0.00000000	      0.00000000	      0.00000000	      0.00000000	     -0.00000000	     -0.00000000	      0.00000000	      0.00000000	      0.00000000	     -0.00000000	     -0.00000000	      0.00000000	      0.00000000	      0.00000000	      0.00000000	      0.00000000	      0.00000000	      0.00000000
      0.63600000	      0.00000000	      0.00000000	      0.00000000	      0.00000000	      0.00000000	      0.00000000	      0.00000000	      0.00000000	      0.00000000	      0.00000000	      0.00000000	      0.00000000	      0.00000000	      0.00000000	      0.00000000	      0.00000000	      0.00000000	      0.00000000	      0.00000000	      0.00000000	      0.00000000	      0.00000000	      0.00000000	      0.00000000	      0.00000000	      0.00000000	      0.00000000	      0.00000000	      0.00000000	      0.00000000	      0.00000000	      0.00000000	      0.00000000	      0.00000000	      0.00000000	      0.00000000	      0.00000000	      0.00000000	      0.00000000	      0.00000000	      0.00000000	      0.00000000	      0.00000000	      0.00086611	     -0.02878072	     -0.04932630	      0.00136812	     -0.01029474	     -0.02410298	      0.00038565	     -0.00059612	     -0.00366166	     -0.00000000	     -0.00221662	      0.00650783	      0.00608487	      0.00407201	      0.00280114	      0.00215156	     -0.00460325	      0.00353952	     -0.00575901	     -0.04229151	     -0.03475360	     -0.03017833	      0.00379081	      0.00263774	     -0.02747832	     -0.02685901	     -0.03859503	     -0.00122126	      0.00000000	     -0.00000000	     -0.00000000	      0.00000000	     -0.00000000	      0.00000000	     -0.00000000	     -0.00000000	     -0.00000000	     -0.00000000	     -0.00000000	     -0.00000000	     -0.00000000	      0.00000000	     -0.00000000	      0.00000000	      0.00000000	      0.00000000	      0.00000000	      0.00000000	      0.00000000
      0.65200000	      0.00000000	      0.00000000	      0.00000000	      0.00000000	      0.00000000	      0.00000000	      0.00000000	      0.00000000	      0.00000000	      0.00000000	      0.00000000	      0.00000000	      0.00000000	      0.00000000	      0.00000000	      0.00000000	      0.00000000	      0.00000000	      0.00000000	      0.00000000	      0.00000000	      0.00000000	      0.00000000	      0.00000000	      0.00000000	      0.00000000	      0.00000000	      0.00000000	      0.00000000	      0.00000000	      0.00000000	      0.00000000	      0.00000000	      0.00000000	      0.00000000	      0.00000000	      0.00000000	      0.00000000	      0.00000000	      0.00000000	      0.00000000	      0.00000000	      0.00000000	      0.00057607	     -0.02891213	     -0.04933686	      0.00105201	     -0.01058552	     -0.02426376	      0.00028331	     -0.00075193	     -0.00373536	     -0.00000000	     -0.00213173	      0.00655596	      0.00624155	      0.00429629	      0.00290043	      0.00211202	     -0.00499914	      0.00366285	     -0.00591998	     -0.04266530	     -0.03534734	     -0.03028820	      0.00377014	      0.00261929	     -0.02726082	     -0.02660598	     -0.03845974	     -0.00127276	     -0.00000000	      0.00000000	      0.00000000	      0.00000000	      0.00000000	      0.00000000	      0.00000000	      0.00000000	     -0.00000000	      0.00000000	      0.00000000	     -0.00000000	     -0.00000000	     -0.00000000	      0.00000000	      0.00000000	      0.00000000	      0.00000000	      0.00000000	      0.00000000	      0.00000000
      0.66800000	      0.00000000	      0.00000000	      0.00000000	      0.00000000	      0.00000000	      0.00000000	      0.00000000	      0.00000000	      0.00000000	      0.00000000	      0.00000000	      0.00000000	      0.00000000	      0.00000000	      0.00000000	      0.00000000	      0.00000000	      0.00000000	      0.00000000	      0.00000000	      0.00000000	      0.00000000	      0.00000000	      0.00000000	      0.00000000	      0.00000000	      0.00000000	      0.00000000	      0.00000000	      0.00000000	      0.00000000	      0.00000000	      0.00000000	      0.00000000	      0.00000000	      0.00000000	      0.00000000	      0.00000000	      0.00000000	      0.00000000	      0.00000000	      0.00000000	      0.00000000	      0.00049258	     -0.02885694	     -0.04921530	      0.00091672	     -0.01070376	     -0.02427768	      0.00018808	     -0.00089176	     -0.00382755	      0.00000000	     -0.00208076	      0.00660191	      0.00637153	      0.00445101	      0.00296886	      0.00209218	     -0.00526371	      0.00377882	     -0.00607338	     -0.04285123	     -0.03579169	     -0.03035133	      0.00375738	      0.00260668	     -0.02720987	     -0.02645557	     -0.03828759	     -0.00131646	      0.00000000	     -0.00000000	     -0.00000000	     -0.00000000	     -0.00000000	     -0.00000000	      0.00000000	     -0.00000000	     -0.00000000	      0.00000000	      0.00000000	      0.00000000	     -0.00000000	     -0.00000000	      0.00000000	      0.00000000	      0.00000000	      0.00000000	      0.00000000	      0.00000000	      0.00000000
      0.68400000	      0.00000000	      0.00000000	      0.00000000	      0.00000000	      0.00000000	      0.00000000	      0.00000000	      0.00000000	      0.00000000	      0.00000000	      0.00000000	      0.00000000	      0.00000000	      0.00000000	      0.00000000	      0.00000000	      0.00000000	      0.00000000	      0.00000000	      0.00000000	      0.00000000	      0.00000000	      0.00000000	      0.00000000	      0.00000000	      0.00000000	      0.00000000	      0.00000000	      0.00000000	      0.00000000	      0.00000000	      0.00000000	      0.00000000	      0.00000000	      0.00000000	      0.00000000	      0.00000000	      0.00000000	      0.00000000	      0.00000000	      0.00000000	      0.00000000	      0.00000000	      0.00072894	     -0.02854015	     -0.04892600	      0.00105611	     -0.01056780	     -0.02409062	      0.00011013	     -0.00099822	     -0.00393998	      0.00000000	     -0.00208185	      0.00663927	      0.00644942	      0.00449058	      0.00298892	      0.00210306	     -0.00533482	      0.00387092	     -0.00620454	     -0.04274763	     -0.03599581	     -0.03035663	      0.00375716	      0.00260368	     -0.02740768	     -0.02645981	     -0.03808804	     -0.00135293	      0.00000000	     -0.00000000	      0.00000000	     -0.00000000	      0.00000000	      0.00000000	     -0.00000000	      0.00000000	     -0.00000000	      0.00000000	     -0.00000000	      0.00000000	      0.00000000	      0.00000000	     -0.00000000	      0.00000000	      0.00000000	      0.00000000	      0.00000000	      0.00000000	      0.00000000
      0.70000000	      0.00000000	      0.00000000	      0.00000000	      0.00000000	      0.00000000	      0.00000000	      0.00000000	      0.00000000	      0.00000000	      0.00000000	      0.00000000	      0.00000000	      0.00000000	      0.00000000	      0.00000000	      0.00000000	      0.00000000	      0.00000000	      0.00000000	      0.00000000	      0.00000000	      0.00000000	      0.00000000	      0.00000000	      0.00000000	      0.00000000	      0.00000000	      0.00000000	      0.00000000	      0.00000000	      0.00000000	      0.00000000	      0.00000000	      0.00000000	      0.00000000	      0.00000000	      0.00000000	      0.00000000	      0.00000000	      0.00000000	      0.00000000	      0.00000000	      0.00000000	      0.00142574	     -0.02786814	     -0.04842155	      0.00158071	     -0.01008327	     -0.02364008	      0.00005887	     -0.00105517	     -0.00407635	      0.00000000	     -0.00215514	      0.00665962	      0.00644452	      0.00435979	      0.00294109	      0.00215752	     -0.00515199	      0.00391915	     -0.00629910	     -0.04223211	     -0.03586649	     -0.03028833	      0.00377474	      0.00261455	     -0.02795817	     -0.02667483	     -0.03786822	     -0.00138526	      0.00000000	      0.00000000	      0.00000000	     -0.00000000	     -0.00000000	      0.00000000	      0.00000000	      0.00000000	      0.00000000	      0.00000000	     -0.00000000	     -0.00000000	      0.00000000	      0.00000000	     -0.00000000	      0.00000000	      0.00000000	      0.00000000	      0.00000000	      0.00000000	      0.00000000
      0.71600000	      0.00000000	      0.00000000	      0.00000000	      0.00000000	      0.00000000	      0.00000000	      0.00000000	      0.00000000	      0.00000000	      0.00000000	      0.00000000	      0.00000000	      0.00000000	      0.00000000	      0.00000000	      0.00000000	      0.00000000	      0.00000000	      0.00000000	      0.00000000	      0.00000000	      0.00000000	      0.00000000	      0.00000000	      0.00000000	      0.00000000	      0.00000000	      0.00000000	      0.00000000	      0.00000000	      0.00000000	      0.00000000	      0.00000000	      0.00000000	      0.00000000	      0.00000000	      0.00000000	      0.00000000	      0.00000000	      0.00000000	      0.00000000	      0.00000000	      0.00000000	      0.00271566	     -0.02674843	     -0.04764736	      0.00259219	     -0.00916315	     -0.02286641	      0.00004018	     -0.00099621	     -0.00424150	      0.00000000	     -0.00231797	      0.00665321	      0.00632609	      0.00400514	      0.00280785	      0.00226669	     -0.00466801	      0.00390234	     -0.00635036	     -0.04118478	     -0.03532338	     -0.03012217	      0.00381464	      0.00264310	     -0.02895835	     -0.02714527	     -0.03762752	     -0.00141326	     -0.00000000	     -0.00000000	     -0.00000000	      0.00000000	     -0.00000000	     -0.00000000	      0.00000000	     -0.00000000	     -0.00000000	     -0.00000000	      0.00000000	     -0.00000000	     -0.00000000	      0.00000000	     -0.00000000	      0.00000000	      0.00000000	      0.00000000	      0.00000000	      0.00000000	      0.00000000
      0.73200000	      0.00000000	      0.00000000	      0.00000000	      0.00000000	      0.00000000	      0.00000000	      0.00000000	      0.00000000	      0.00000000	      0.00000000	      0.00000000	      0.00000000	      0.00000000	      0.00000000	      0.00000000	      0.00000000	      0.00000000	      0.00000000	      0.00000000	      0.00000000	      0.00000000	      0.00000000	      0.00000000	      0.00000000	      0.00000000	      0.00000000	      0.00000000	      0.00000000	      0.00000000	      0.00000000	      0.00000000	      0.00000000	      0.00000000	      0.00000000	      0.00000000	      0.00000000	      0.00000000	      0.00000000	      0.00000000	      0.00000000	      0.00000000	      0.00000000	      0.00000000	      0.00468222	     -0.02511233	     -0.04654762	      0.00415480	     -0.00774926	     -0.02172480	      0.00005611	     -0.00107221	     -0.00443722	     -0.00000000	     -0.00257963	      0.00661016	      0.00607050	      0.00338998	      0.00257841	      0.00243570	     -0.00385904	      0.00380151	     -0.00623749	     -0.03951520	     -0.03431517	     -0.02982523	      0.00387908	      0.00269146	     -0.03046192	     -0.02788711	     -0.03735180	     -0.00143130	      0.00000000	     -0.00000000	      0.00000000	     -0.00000000	     -0.00000000	     -0.00000000	     -0.00000000	     -0.00000000	     -0.00000000	      0.00000000	      0.00000000	      0.00000000	     -0.00000000	      0.00000000	      0.00000000	      0.00000000	      0.00000000	      0.00000000	      0.00000000	      0.00000000	      0.00000000
      0.74800000	      0.00000000	      0.00000000	      0.00000000	      0.00000000	      0.00000000	      0.00000000	      0.00000000	      0.00000000	      0.00000000	      0.00000000	      0.00000000	      0.00000000	      0.00000000	      0.00000000	      0.00000000	      0.00000000	      0.00000000	      0.00000000	      0.00000000	      0.00000000	      0.00000000	      0.00000000	      0.00000000	      0.00000000	      0.00000000	      0.00000000	      0.00000000	      0.00000000	      0.00000000	      0.00000000	      0.00000000	      0.00000000	      0.00000000	      0.00000000	      0.00000000	      0.00000000	      0.00000000	      0.00000000	      0.00000000	      0.00000000	      0.00000000	      0.00000000	      0.00000000	      0.00732662	     -0.02293462	     -0.04507354	      0.00627300	     -0.00582927	     -0.02019520	      0.00011052	     -0.00110210	     -0.00465277	      0.00000000	     -0.00293766	      0.00652265	      0.00566914	      0.00250967	      0.00225294	      0.00266057	     -0.00272983	      0.00360453	     -0.00646378	     -0.03718828	     -0.03283473	     -0.02936452	      0.00396667	      0.00275919	     -0.03244807	     -0.02887659	     -0.03701093	     -0.00143341	      0.00000000	      0.00000000	      0.00000000	     -0.00000000	      0.00000000	     -0.00000000	      0.00000000	      0.00000000	      0.00000000	     -0.00000000	      0.00000000	     -0.00000000	     -0.00000000	      0.00000000	      0.00000000	      0.00000000	      0.00000000	      0.00000000	      0.00000000	      0.00000000	      0.00000000
      0.76400000	      0.00000000	      0.00000000	      0.00000000	      0.00000000	      0.00000000	      0.00000000	      0.00000000	      0.00000000	      0.00000000	      0.00000000	      0.00000000	      0.00000000	      0.00000000	      0.00000000	      0.00000000	      0.00000000	      0.00000000	      0.00000000	      0.00000000	      0.00000000	      0.00000000	      0.00000000	      0.00000000	      0.00000000	      0.00000000	      0.00000000	      0.00000000	      0.00000000	      0.00000000	      0.00000000	      0.00000000	      0.00000000	      0.00000000	      0.00000000	      0.00000000	      0.00000000	      0.00000000	      0.00000000	      0.00000000	      0.00000000	      0.00000000	      0.00000000	      0.00000000	      0.01055293	     -0.02024734	     -0.04319670	      0.00888070	     -0.00344628	     -0.01829020	      0.00021169	     -0.00107164	     -0.00486762	     -0.00000000	     -0.00337690	      0.00638778	      0.00513470	      0.00140127	      0.00184491	      0.00292769	     -0.00131366	      0.00331117	     -0.00664707	     -0.03424555	     -0.03092978	     -0.02872326	      0.00407209	      0.00284285	     -0.03480937	     -0.03005052	     -0.03656312	     -0.00141497	      0.00000000	     -0.00000000	     -0.00000000	      0.00000000	     -0.00000000	     -0.00000000	     -0.00000000	      0.00000000	      0.00000000	     -0.00000000	      0.00000000	      0.00000000	      0.00000000	      0.00000000	     -0.00000000	      0.00000000	      0.00000000	      0.00000000	      0.00000000	      0.00000000	      0.00000000
      0.78000000	      0.00000000	      0.00000000	      0.00000000	      0.00000000	      0.00000000	      0.00000000	      0.00000000	      0.00000000	      0.00000000	      0.00000000	      0.00000000	      0.00000000	      0.00000000	      0.00000000	      0.00000000	      0.00000000	      0.00000000	      0.00000000	      0.00000000	      0.00000000	      0.00000000	      0.00000000	      0.00000000	      0.00000000	      0.00000000	      0.00000000	      0.00000000	      0.00000000	      0.00000000	      0.00000000	      0.00000000	      0.00000000	      0.00000000	      0.00000000	      0.00000000	      0.00000000	      0.00000000	      0.00000000	      0.00000000	      0.00000000	      0.00000000	      0.00000000	      0.00000000	      0.01417553	     -0.01714663	     -0.04092751	      0.01184384	     -0.00070061	     -0.01606135	      0.00029760	     -0.00097091	     -0.00505842	      0.00000000	     -0.00387161	      0.00621023	      0.00450269	      0.00014181	      0.00138024	      0.00321631	      0.00033087	      0.00293669	     -0.00675730	     -0.03081679	     -0.02870516	     -0.02791516	      0.00418686	      0.00293641	     -0.03736725	     -0.03131831	     -0.03596673	     -0.00137716	     -0.00000000	     -0.00000000	     -0.00000000	     -0.00000000	     -0.00000000	     -0.00000000	      0.00000000	      0.00000000	     -0.00000000	      0.00000000	     -0.00000000	      0.00000000	     -0.00000000	     -0.00000000	     -0.00000000	      0.00000000	      0.00000000	      0.00000000	      0.00000000	      0.00000000	      0.00000000
      0.79600000	      0.00000000	      0.00000000	      0.00000000	      0.00000000	      0.00000000	      0.00000000	      0.00000000	      0.00000000	      0.00000000	      0.00000000	      0.00000000	      0.00000000	      0.00000000	      0.00000000	      0.00000000	      0.00000000	      0.00000000	      0.00000000	      0.00000000	      0.00000000	      0.00000000	      0.00000000	      0.00000000	      0.00000000	      0.00000000	      0.00000000	      0.00000000	      0.00000000	      0.00000000	      0.00000000	      0.00000000	      0.00000000	      0.00000000	      0.00000000	      0.00000000	      0.00000000	      0.00000000	      0.00000000	      0.00000000	      0.00000000	      0.00000000	      0.00000000	      0.00000000	      0.01794904	     -0.01378854	     -0.03833161	      0.01497772	      0.00225827	     -0.01360116	      0.00041870	     -0.00080458	     -0.00520954	     -0.00000000	     -0.00438995	      0.00600304	      0.00382569	     -0.00116776	      0.00089265	      0.00350337	      0.00212538	      0.00251121	     -0.00678082	     -0.02711297	     -0.02631186	     -0.02698700	      0.00430127	      0.00303247	     -0.03991309	     -0.03258124	     -0.03519586	     -0.00132215	      0.00000000	      0.00000000	      0.00000000	      0.00000000	      0.00000000	     -0.00000000	      0.00000000	     -0.00000000	      0.00000000	      0.00000000	      0.00000000	      0.00000000	      0.00000000	      0.00000000	      0.00000000	      0.00000000	      0.00000000	      0.00000000	      0.00000000	      0.00000000	      0.00000000
      0.81200000	      0.00000000	      0.00000000	      0.00000000	      0.00000000	      0.00000000	      0.00000000	      0.00000000	      0.00000000	      0.00000000	      0.00000000	      0.00000000	      0.00000000	      0.00000000	      0.00000000	      0.00000000	      0.00000000	      0.00000000	      0.00000000	      0.00000000	      0.00000000	      0.00000000	      0.00000000	      0.00000000	      0.00000000	      0.00000000	      0.00000000	      0.00000000	      0.00000000	      0.00000000	      0.00000000	      0.00000000	      0.00000000	      0.00000000	      0.00000000	      0.00000000	      0.00000000	      0.00000000	      0.00000000	      0.00000000	      0.00000000	      0.00000000	      0.00000000	      0.00000000	      0.02161562	     -0.01036873	     -0.03553227	      0.01807899	      0.00525282	     -0.01103512	      0.00056257	     -0.00059143	     -0.00531645	      0.00000000	     -0.00489981	      0.00578546	      0.00316124	     -0.00242784	      0.00041629	      0.00376885	      0.00398101	      0.00207355	     -0.00672377	     -0.02339406	     -0.02392194	     -0.02600728	      0.00440679	      0.00312395	     -0.04226037	     -0.03375241	     -0.03425243	     -0.00125376	     -0.00000000	     -0.00000000	     -0.00000000	      0.00000000	     -0.00000000	      0.00000000	      0.00000000	      0.00000000	     -0.00000000	      0.00000000	      0.00000000	      0.00000000	      0.00000000	      0.00000000	      0.00000000	      0.00000000	      0.00000000	      0.00000000	      0.00000000	      0.00000000	      0.00000000
      0.82800000	      0.00000000	      0.00000000	      0.00000000	      0.00000000	      0.00000000	      0.00000000	      0.00000000	      0.00000000	      0.00000000	      0.00000000	      0.00000000	      0.00000000	      0.00000000	      0.00000000	      0.00000000	      0.00000000	      0.00000000	      0.00000000	      0.00000000	      0.00000000	      0.00000000	      0.00000000	      0.00000000	      0.00000000	      0.00000000	      0.00000000	      0.00000000	      0.00000000	      0.00000000	      0.00000000	      0.00000000	      0.00000000	      0.00000000	      0.00000000	      0.00000000	      0.00000000	      0.00000000	      0.00000000	      0.00000000	      0.00000000	      0.00000000	      0.00000000	      0.00000000	      0.02495594	     -0.00708683	     -0.03269055	      0.02096512	      0.00810970	     -0.00850108	      0.00071438	     -0.00035594	     -0.00538319	      0.00000000	     -0.00537461	      0.00557817	      0.00255804	     -0.00356375	     -0.00002175	      0.00399963	      0.00581202	      0.00166174	     -0.00660339	     -0.01991728	     -0.02169566	     -0.02504773	      0.00449822	      0.00320572	     -0.04428602	     -0.03477132	     -0.03316788	     -0.00117830	      0.00000000	      0.00000000	     -0.00000000	      0.00000000	     -0.00000000	     -0.00000000	     -0.00000000	      0.00000000	     -0.00000000	      0.00000000	     -0.00000000	      0.00000000	     -0.00000000	     -0.00000000	     -0.00000000	      0.00000000	      0.00000000	      0.00000000	      0.00000000	      0.00000000	      0.00000000
      0.84400000	      0.00000000	      0.00000000	      0.00000000	      0.00000000	      0.00000000	      0.00000000	      0.00000000	      0.00000000	      0.00000000	      0.00000000	      0.00000000	      0.00000000	      0.00000000	      0.00000000	      0.00000000	      0.00000000	      0.00000000	      0.00000000	      0.00000000	      0.00000000	      0.00000000	      0.00000000	      0.00000000	      0.00000000	      0.00000000	      0.00000000	      0.00000000	      0.00000000	      0.00000000	      0.00000000	      0.00000000	      0.00000000	      0.00000000	      0.00000000	      0.00000000	      0.00000000	      0.00000000	      0.00000000	      0.00000000	      0.00000000	      0.00000000	      0.00000000	      0.00000000	      0.02782649	     -0.00410639	     -0.02996776	      0.02350799	      0.01069318	     -0.00612117	      0.00086097	     -0.00012114	     -0.00541875	     -0.00000000	     -0.00579728	      0.00539799	      0.00204648	     -0.00453747	     -0.00040601	      0.00419058	      0.00755064	      0.00130421	     -0.00644111	     -0.01688437	     -0.01975237	     -0.02416651	      0.00457430	      0.00327549	     -0.04594493	     -0.03560893	     -0.03199287	     -0.00110266	     -0.00000000	      0.00000000	      0.00000000	      0.00000000	      0.00000000	     -0.00000000	      0.00000000	      0.00000000	     -0.00000000	     -0.00000000	      0.00000000	      0.00000000	      0.00000000	     -0.00000000	     -0.00000000	      0.00000000	      0.00000000	      0.00000000	      0.00000000	      0.00000000	      0.00000000
      0.86000000	      0.00000000	      0.00000000	      0.00000000	      0.00000000	      0.00000000	      0.00000000	      0.00000000	      0.00000000	      0.00000000	      0.00000000	      0.00000000	      0.00000000	      0.00000000	      0.00000000	      0.00000000	      0.00000000	      0.00000000	      0.00000000	      0.00000000	      0.00000000	      0.00000000	      0.00000000	      0.00000000	      0.00000000	      0.00000000	      0.00000000	      0.00000000	      0.00000000	      0.00000000	      0.00000000	      0.00000000	      0.00000000	      0.00000000	      0.00000000	      0.00000000	      0.00000000	      0.00000000	      0.00000000	      0.00000000	      0.00000000	      0.00000000	      0.00000000	      0.00000000	      0.03017193	     -0.00152584	     -0.02748721	      0.02564931	      0.01292696	     -0.00397786	      0.00099340	      0.00009654	     -0.00543319	     -0.00000000	     -0.00616125	      0.00525454	      0.00163649	     -0.00534554	     -0.00073291	      0.00434322	      0.00915684	      0.00101554	     -0.00625527	     -0.01440818	     -0.01815509	     -0.02339881	      0.00463683	      0.00333342	     -0.04725700	     -0.03626379	     -0.03078104	     -0.00103258	      0.00000000	     -0.00000000	     -0.00000000	     -0.00000000	     -0.00000000	      0.00000000	      0.00000000	      0.00000000	      0.00000000	      0.00000000	      0.00000000	      0.00000000	      0.00000000	     -0.00000000	     -0.00000000	      0.00000000	      0.00000000	      0.00000000	      0.00000000	      0.00000000	      0.00000000
      0.87600000	      0.00000000	      0.00000000	      0.00000000	      0.00000000	      0.00000000	      0.00000000	      0.00000000	      0.00000000	      0.00000000	      0.00000000	      0.00000000	      0.00000000	      0.00000000	      0.00000000	      0.00000000	      0.00000000	      0.00000000	      0.00000000	      0.00000000	      0.00000000	      0.00000000	      0.00000000	      0.00000000	      0.00000000	      0.00000000	      0.00000000	      0.00000000	      0.00000000	      0.00000000	      0.00000000	      0.00000000	      0.00000000	      0.00000000	      0.00000000	      0.00000000	      0.00000000	      0.00000000	      0.00000000	      0.00000000	      0.00000000	      0.00000000	      0.00000000	      0.00000000	      0.03201361	      0.00062880	     -0.02531277	      0.02739500	      0.01479670	     -0.00210453	      0.00110703	      0.00028785	     -0.00543540	      0.00000000	     -0.00646877	      0.00514949	      0.00132141	     -0.00600802	     -0.00100773	      0.00446308	      0.01061887	      0.00079706	     -0.00605879	     -0.01250735	     -0.01691164	     -0.02275616	      0.00468896	      0.00338114	     -0.04827925	     -0.03675280	     -0.02957596	     -0.00097183	      0.00000000	      0.00000000	      0.00000000	      0.00000000	     -0.00000000	     -0.00000000	     -0.00000000	      0.00000000	     -0.00000000	      0.00000000	      0.00000000	      0.00000000	     -0.00000000	     -0.00000000	     -0.00000000	      0.00000000	      0.00000000	      0.00000000	      0.00000000	      0.00000000	      0.00000000
      0.89200000	      0.00000000	      0.00000000	      0.00000000	      0.00000000	      0.00000000	      0.00000000	      0.00000000	      0.00000000	      0.00000000	      0.00000000	      0.00000000	      0.00000000	      0.00000000	      0.00000000	      0.00000000	      0.00000000	      0.00000000	      0.00000000	      0.00000000	      0.00000000	      0.00000000	      0.00000000	      0.00000000	      0.00000000	      0.00000000	      0.00000000	      0.00000000	      0.00000000	      0.00000000	      0.00000000	      0.00000000	      0.00000000	      0.00000000	      0.00000000	      0.00000000	      0.00000000	      0.00000000	      0.00000000	      0.00000000	      0.00000000	      0.00000000	      0.00000000	      0.00000000	      0.03342432	      0.00239043	     -0.02345091	      0.02879533	      0.01633575	     -0.00049255	      0.00120051	      0.00044921	     -0.00543197	      0.00000000	     -0.00672744	      0.00507813	      0.00108443	     -0.00655566	     -0.00124023	      0.00455710	      0.01194502	      0.00064040	     -0.00585909	     -0.01112454	     -0.01598726	     -0.02223172	      0.00473347	      0.00342055	     -0.04907850	     -0.03710150	     -0.02840690	     -0.00092241	      0.00000000	      0.00000000	      0.00000000	     -0.00000000	     -0.00000000	      0.00000000	      0.00000000	      0.00000000	     -0.00000000	      0.00000000	      0.00000000	     -0.00000000	     -0.00000000	     -0.00000000	      0.00000000	      0.00000000	      0.00000000	      0.00000000	      0.00000000	      0.00000000	      0.00000000
      0.90800000	      0.00000000	      0.00000000	      0.00000000	      0.00000000	      0.00000000	      0.00000000	      0.00000000	      0.00000000	      0.00000000	      0.00000000	      0.00000000	      0.00000000	      0.00000000	      0.00000000	      0.00000000	      0.00000000	      0.00000000	      0.00000000	      0.00000000	      0.00000000	      0.00000000	      0.00000000	      0.00000000	      0.00000000	      0.00000000	      0.00000000	      0.00000000	      0.00000000	      0.00000000	      0.00000000	      0.00000000	      0.00000000	      0.00000000	      0.00000000	      0.00000000	      0.00000000	      0.00000000	      0.00000000	      0.00000000	      0.00000000	      0.00000000	      0.00000000	      0.00000000	      0.03450010	      0.00382587	     -0.02186922	      0.02992083	      0.01760286	      0.00089161	      0.00127461	      0.00058075	     -0.00542699	     -0.00000000	     -0.00694674	      0.00503172	      0.00090460	     -0.00701958	     -0.00144077	      0.00463189	      0.01315154	      0.00053153	     -0.00565960	     -0.01015587	     -0.01532146	     -0.02180783	      0.00477206	      0.00345318	     -0.04971350	     -0.03733734	     -0.02729260	     -0.00088508	      0.00000000	      0.00000000	     -0.00000000	     -0.00000000	     -0.00000000	      0.00000000	      0.00000000	      0.00000000	     -0.00000000	     -0.00000000	      0.00000000	     -0.00000000	     -0.00000000	      0.00000000	     -0.00000000	      0.00000000	      0.00000000	      0.00000000	      0.00000000	      0.00000000	      0.00000000
      0.92400000	      0.00000000	      0.00000000	      0.00000000	      0.00000000	      0.00000000	      0.00000000	      0.00000000	      0.00000000	      0.00000000	      0.00000000	      0.00000000	      0.00000000	      0.00000000	      0.00000000	      0.00000000	      0.00000000	      0.00000000	      0.00000000	      0.00000000	      0.00000000	      0.00000000	      0.00000000	      0.00000000	      0.00000000	      0.00000000	      0.00000000	      0.00000000	      0.00000000	      0.00000000	      0.00000000	      0.00000000	      0.00000000	      0.00000000	      0.00000000	      0.00000000	      0.00000000	      0.00000000	      0.00000000	      0.00000000	      0.00000000	      0.00000000	      0.00000000	      0.00000000	      0.03533668	      0.00501005	     -0.02052001	      0.03084177	      0.01866082	      0.00208778	      0.00133145	      0.00068481	     -0.00542222	     -0.00000000	     -0.00713544	      0.00499990	      0.00076106	     -0.00742528	     -0.00161786	      0.00469274	      0.01425250	      0.00045395	     -0.00546201	     -0.00948064	     -0.01484308	     -0.02146249	      0.00480532	      0.00348004	     -0.05022794	     -0.03748687	     -0.02624810	     -0.00085972	     -0.00000000	     -0.00000000	     -0.00000000	     -0.00000000	     -0.00000000	      0.00000000	     -0.00000000	      0.00000000	     -0.00000000	      0.00000000	     -0.00000000	      0.00000000	     -0.00000000	     -0.00000000	     -0.00000000	      0.00000000	      0.00000000	      0.00000000	      0.00000000	      0.00000000	      0.00000000
      0.94000000	      0.00000000	      0.00000000	      0.00000000	      0.00000000	      0.00000000	      0.00000000	      0.00000000	      0.00000000	      0.00000000	      0.00000000	      0.00000000	      0.00000000	      0.00000000	      0.00000000	      0.00000000	      0.00000000	      0.00000000	      0.00000000	      0.00000000	      0.00000000	      0.00000000	      0.00000000	      0.00000000	      0.00000000	      0.00000000	      0.00000000	      0.00000000	      0.00000000	      0.00000000	      0.00000000	      0.00000000	      0.00000000	      0.00000000	      0.00000000	      0.00000000	      0.00000000	      0.00000000	      0.00000000	      0.00000000	      0.00000000	      0.00000000	      0.00000000	      0.00000000	      0.03601365	      0.00600710	     -0.01935875	      0.03161507	      0.01956205	      0.00312899	      0.00137437	      0.00076563	     -0.00541731	      0.00000000	     -0.00730036	      0.00497250	      0.00063528	     -0.00779066	     -0.00177730	      0.00474355	      0.01525511	      0.00039063	     -0.00526747	     -0.00898402	     -0.01448087	     -0.02117331	      0.00483326	      0.00350196	     -0.05065153	     -0.03757594	     -0.02529003	     -0.00084534	      0.00000000	      0.00000000	     -0.00000000	     -0.00000000	      0.00000000	     -0.00000000	      0.00000000	     -0.00000000	      0.00000000	     -0.00000000	     -0.00000000	      0.00000000	      0.00000000	     -0.00000000	      0.00000000	      0.00000000	      0.00000000	      0.00000000	      0.00000000	      0.00000000	      0.00000000
      0.95600000	      0.00000000	      0.00000000	      0.00000000	      0.00000000	      0.00000000	      0.00000000	      0.00000000	      0.00000000	      0.00000000	      0.00000000	      0.00000000	      0.00000000	      0.00000000	      0.00000000	      0.00000000	      0.00000000	      0.00000000	      0.00000000	      0.00000000	      0.00000000	      0.00000000	      0.00000000	      0.00000000	      0.00000000	      0.00000000	      0.00000000	      0.00000000	      0.00000000	      0.00000000	      0.00000000	      0.00000000	      0.00000000	      0.00000000	      0.00000000	      0.00000000	      0.00000000	      0.00000000	      0.00000000	      0.00000000	      0.00000000	      0.00000000	      0.00000000	      0.00000000	      0.03658790	      0.00686190	     -0.01835281	      0.03227978	      0.02034327	      0.00403674	      0.00140830	      0.00082986	     -0.00540989	      0.00000000	     -0.00744659	      0.00494048	      0.00051139	     -0.00812745	     -0.00192285	      0.00478703	      0.01616172	      0.00032496	     -0.00507630	     -0.00856956	     -0.01416887	     -0.02091866	      0.00485593	      0.00351987	     -0.05100538	     -0.03763109	     -0.02443758	     -0.00083977	     -0.00000000	      0.00000000	      0.00000000	      0.00000000	      0.00000000	     -0.00000000	     -0.00000000	      0.00000000	      0.00000000	      0.00000000	      0.00000000	     -0.00000000	     -0.00000000	      0.00000000	      0.00000000	      0.00000000	      0.00000000	      0.00000000	      0.00000000	      0.00000000	      0.00000000
      0.97200000	      0.00000000	      0.00000000	      0.00000000	      0.00000000	      0.00000000	      0.00000000	      0.00000000	      0.00000000	      0.00000000	      0.00000000	      0.00000000	      0.00000000	      0.00000000	      0.00000000	      0.00000000	      0.00000000	      0.00000000	      0.00000000	      0.00000000	      0.00000000	      0.00000000	      0.00000000	      0.00000000	      0.00000000	      0.00000000	      0.00000000	      0.00000000	      0.00000000	      0.00000000	      0.00000000	      0.00000000	      0.00000000	      0.00000000	      0.00000000	      0.00000000	      0.00000000	      0.00000000	      0.00000000	      0.00000000	      0.00000000	      0.00000000	      0.00000000	      0.00000000	      0.03709479	      0.00760135	     -0.01748064	      0.03285962	      0.02102798	      0.00482373	      0.00144003	      0.00088719	     -0.00539563	     -0.00000000	     -0.00757852	      0.00489594	      0.00037528	     -0.00844481	     -0.00205773	      0.00482526	      0.01697632	      0.00024096	     -0.00488640	     -0.00816226	     -0.01384786	     -0.02067702	      0.00487381	      0.00353508	     -0.05130819	     -0.03768038	     -0.02370921	     -0.00083927	      0.00000000	     -0.00000000	      0.00000000	      0.00000000	     -0.00000000	     -0.00000000	      0.00000000	      0.00000000	     -0.00000000	     -0.00000000	      0.00000000	      0.00000000	      0.00000000	      0.00000000	      0.00000000	      0.00000000	      0.00000000	      0.00000000	      0.00000000	      0.00000000	      0.00000000
      0.98800000	      0.00000000	      0.00000000	      0.00000000	      0.00000000	      0.00000000	      0.00000000	      0.00000000	      0.00000000	      0.00000000	      0.00000000	      0.00000000	      0.00000000	      0.00000000	      0.00000000	      0.00000000	      0.00000000	      0.00000000	      0.00000000	      0.00000000	      0.00000000	      0.00000000	      0.00000000	      0.00000000	      0.00000000	      0.00000000	      0.00000000	      0.00000000	      0.00000000	      0.00000000	      0.00000000	      0.00000000	      0.00000000	      0.00000000	      0.00000000	      0.00000000	      0.00000000	      0.00000000	      0.00000000	      0.00000000	      0.00000000	      0.00000000	      0.00000000	      0.00000000	      0.03755348	      0.00824074	     -0.01672610	      0.03336842	      0.02163216	      0.00549975	      0.00147770	      0.00094997	     -0.00536860	     -0.00000000	     -0.00770081	      0.00483199	      0.00021368	     -0.00875265	     -0.00218600	      0.00486000	      0.01771063	      0.00012375	     -0.00469185	     -0.00770676	     -0.01346599	     -0.02042670	      0.00488771	      0.00354908	     -0.05157972	     -0.03775180	     -0.02311747	     -0.00083842	      0.00000000	     -0.00000000	      0.00000000	      0.00000000	     -0.00000000	      0.00000000	     -0.00000000	      0.00000000	      0.00000000	      0.00000000	     -0.00000000	      0.00000000	      0.00000000	      0.00000000	     -0.00000000	      0.00000000	      0.00000000	      0.00000000	      0.00000000	      0.00000000	      0.00000000
      1.00400000	      0.00000000	      0.00000000	      0.00000000	      0.00000000	      0.00000000	      0.00000000	      0.00000000	      0.00000000	      0.00000000	      0.00000000	      0.00000000	      0.00000000	      0.00000000	      0.00000000	      0.00000000	      0.00000000	      0.00000000	      0.00000000	      0.00000000	      0.00000000	      0.00000000	      0.00000000	      0.00000000	      0.00000000	      0.00000000	      0.00000000	      0.00000000	      0.00000000	      0.00000000	      0.00000000	      0.00000000	      0.00000000	      0.00000000	      0.00000000	      0.00000000	      0.00000000	      0.00000000	      0.00000000	      0.00000000	      0.00000000	      0.00000000	      0.00000000	      0.00000000	      0.03797216	      0.00879022	     -0.01607341	      0.03381444	      0.02216833	      0.00607606	      0.00152937	      0.00103124	     -0.00532230	     -0.00000000	     -0.00781828	      0.00474306	      0.00001519	     -0.00906202	     -0.00231266	      0.00489282	      0.01838453	     -0.00003850	     -0.00448285	     -0.00716610	     -0.01298218	     -0.02014772	      0.00489834	      0.00356306	     -0.05183980	     -0.03786914	     -0.02266464	     -0.00083067	      0.00000000	     -0.00000000	     -0.00000000	     -0.00000000	      0.00000000	     -0.00000000	     -0.00000000	      0.00000000	      0.00000000	     -0.00000000	      0.00000000	      0.00000000	     -0.00000000	      0.00000000	     -0.00000000	      0.00000000	      0.00000000	      0.00000000	      0.00000000	      0.00000000	      0.00000000
      1.02000000	      0.00000000	      0.00000000	      0.00000000	      0.00000000	      0.00000000	      0.00000000	      0.00000000	      0.00000000	      0.00000000	      0.00000000	      0.00000000	      0.00000000	      0.00000000	      0.00000000	      0.00000000	      0.00000000	      0.00000000	      0.00000000	      0.00000000	      0.00000000	      0.00000000	      0.00000000	      0.00000000	      0.00000000	      0.00000000	      0.00000000	      0.00000000	      0.00000000	      0.00000000	      0.00000000	      0.00000000	      0.00000000	      0.00000000	      0.00000000	      0.00000000	      0.00000000	      0.00000000	      0.00000000	      0.00000000	      0.00000000	      0.00000000	      0.00000000	      0.00000000	      0.03835101	      0.00925807	     -0.01550589	      0.03420178	      0.02264595	      0.00656580	      0.00160060	      0.00114141	     -0.00525133	      0.00000000	     -0.00793464	      0.00462636	     -0.00022644	     -0.00938181	     -0.00244211	      0.00492468	      0.01901942	     -0.00025116	     -0.00424664	     -0.00652407	     -0.01237352	     -0.01982622	      0.00490573	      0.00357732	     -0.05210371	     -0.03804632	     -0.02234133	     -0.00080988	      0.00000000	      0.00000000	     -0.00000000	     -0.00000000	     -0.00000000	      0.00000000	     -0.00000000	      0.00000000	     -0.00000000	     -0.00000000	      0.00000000	     -0.00000000	     -0.00000000	      0.00000000	      0.00000000	      0.00000000	      0.00000000	      0.00000000	      0.00000000	      0.00000000	      0.00000000
      1.03600000	      0.00000000	      0.00000000	      0.00000000	      0.00000000	      0.00000000	      0.00000000	      0.00000000	      0.00000000	      0.00000000	      0.00000000	      0.00000000	      0.00000000	      0.00000000	      0.00000000	      0.00000000	      0.00000000	      0.00000000	      0.00000000	      0.00000000	      0.00000000	      0.00000000	      0.00000000	      0.00000000	      0.00000000	      0.00000000	      0.00000000	      0.00000000	      0.00000000	      0.00000000	      0.00000000	      0.00000000	      0.00000000	      0.00000000	      0.00000000	      0.00000000	      0.00000000	      0.00000000	      0.00000000	      0.00000000	      0.00000000	      0.00000000	      0.00000000	      0.00000000	      0.03868383	      0.00965084	     -0.01500899	      0.03453016	      0.02306903	      0.00698095	      0.00169187	      0.00128416	     -0.00515385	      0.00000000	     -0.00805062	      0.00448401	     -0.00050784	     -0.00971337	     -0.00257582	      0.00495559	      0.01962728	     -0.00050919	     -0.00397111	     -0.00579040	     -0.01164482	     -0.01946038	      0.00490917	      0.00359101	     -0.05237681	     -0.03828248	     -0.02212834	     -0.00077242	      0.00000000	     -0.00000000	      0.00000000	      0.00000000	      0.00000000	     -0.00000000	      0.00000000	     -0.00000000	     -0.00000000	     -0.00000000	     -0.00000000	     -0.00000000	      0.00000000	     -0.00000000	     -0.00000000	      0.00000000	      0.00000000	      0.00000000	      0.00000000	      0.00000000	      0.00000000
      1.05200000	      0.00000000	      0.00000000	      0.00000000	      0.00000000	      0.00000000	      0.00000000	      0.00000000	      0.00000000	      0.00000000	      0.00000000	      0.00000000	      0.00000000	      0.00000000	      0.00000000	      0.00000000	      0.00000000	      0.00000000	      0.00000000	      0.00000000	      0.00000000	      0.00000000	      0.00000000	      0.00000000	      0.00000000	      0.00000000	      0.00000000	      0.00000000	      0.00000000	      0.00000000	      0.00000000	      0.00000000	      0.00000000	      0.00000000	      0.00000000	      0.00000000	      0.00000000	      0.00000000	      0.00000000	      0.00000000	      0.00000000	      0.00000000	      0.00000000	      0.00000000	      0.03896065	      0.00997185	     -0.01457600	      0.03479551	      0.02343388	      0.00732772	      0.00179681	      0.00145331	     -0.00503402	      0.00000000	     -0.00816266	      0.00432496	     -0.00081255	     -0.01004567	     -0.00271006	      0.00498444	      0.02020030	     -0.00079465	     -0.00364940	     -0.00500499	     -0.01083649	     -0.01906551	      0.00490781	      0.00360253	     -0.05265116	     -0.03855987	     -0.02200199	     -0.00071937	      0.00000000	      0.00000000	      0.00000000	     -0.00000000	      0.00000000	     -0.00000000	      0.00000000	     -0.00000000	      0.00000000	      0.00000000	     -0.00000000	      0.00000000	     -0.00000000	      0.00000000	      0.00000000	      0.00000000	      0.00000000	      0.00000000	      0.00000000	      0.00000000	      0.00000000
      1.06800000	      0.00000000	      0.00000000	      0.00000000	      0.00000000	      0.00000000	      0.00000000	      0.00000000	      0.00000000	      0.00000000	      0.00000000	      0.00000000	      0.00000000	      0.00000000	      0.00000000	      0.00000000	      0.00000000	      0.00000000	      0.00000000	      0.00000000	      0.00000000	      0.00000000	      0.00000000	      0.00000000	      0.00000000	      0.00000000	      0.00000000	      0.00000000	      0.00000000	      0.00000000	      0.00000000	      0.00000000	      0.00000000	      0.00000000	      0.00000000	      0.00000000	      0.00000000	      0.00000000	      0.00000000	      0.00000000	      0.00000000	      0.00000000	      0.00000000	      0.00000000	      0.03917218	      0.01021997	     -0.01421354	      0.03499250	      0.02372925	      0.00760307	      0.00190257	      0.00163263	     -0.00490306	     -0.00000000	     -0.00826299	      0.00416538	     -0.00111090	     -0.01035394	     -0.00283512	      0.00500927	      0.02070652	     -0.00107749	     -0.00328342	     -0.00423656	     -0.01002548	     -0.01867592	      0.00490168	      0.00361045	     -0.05290623	     -0.03884610	     -0.02194141	     -0.00065780	     -0.00000000	      0.00000000	     -0.00000000	     -0.00000000	     -0.00000000	      0.00000000	      0.00000000	      0.00000000	     -0.00000000	      0.00000000	      0.00000000	     -0.00000000	     -0.00000000	     -0.00000000	     -0.00000000	      0.00000000	      0.00000000	      0.00000000	      0.00000000	      0.00000000	      0.00000000
      1.08400000	      0.00000000	      0.00000000	      0.00000000	      0.00000000	      0.00000000	      0.00000000	      0.00000000	      0.00000000	      0.00000000	      0.00000000	      0.00000000	      0.00000000	      0.00000000	      0.00000000	      0.00000000	      0.00000000	      0.00000000	      0.00000000	      0.00000000	      0.00000000	      0.00000000	      0.00000000	      0.00000000	      0.00000000	      0.00000000	      0.00000000	      0.00000000	      0.00000000	      0.00000000	      0.00000000	      0.00000000	      0.00000000	      0.00000000	      0.00000000	      0.00000000	      0.00000000	      0.00000000	      0.00000000	      0.00000000	      0.00000000	      0.00000000	      0.00000000	      0.00000000	      0.03931505	      0.01039081	     -0.01394208	      0.03511853	      0.02394015	      0.00779523	      0.00197168	      0.00179834	     -0.00477822	      0.00000000	     -0.00834127	      0.00402664	     -0.00136446	     -0.01060331	     -0.00293666	      0.00502793	      0.02109490	     -0.00132033	     -0.00289019	     -0.00357158	     -0.00931454	     -0.01834094	      0.00489240	      0.00361430	     -0.05311379	     -0.03910066	     -0.02193436	     -0.00059961	     -0.00000000	     -0.00000000	     -0.00000000	      0.00000000	      0.00000000	     -0.00000000	     -0.00000000	      0.00000000	      0.00000000	     -0.00000000	      0.00000000	      0.00000000	      0.00000000	      0.00000000	      0.00000000	      0.00000000	      0.00000000	      0.00000000	      0.00000000	      0.00000000	      0.00000000
      1.10000000	      0.00000000	      0.00000000	      0.00000000	      0.00000000	      0.00000000	      0.00000000	      0.00000000	      0.00000000	      0.00000000	      0.00000000	      0.00000000	      0.00000000	      0.00000000	      0.00000000	      0.00000000	      0.00000000	      0.00000000	      0.00000000	      0.00000000	      0.00000000	      0.00000000	      0.00000000	      0.00000000	      0.00000000	      0.00000000	      0.00000000	      0.00000000	      0.00000000	      0.00000000	      0.00000000	      0.00000000	      0.00000000	      0.00000000	      0.00000000	      0.00000000	      0.00000000	      0.00000000	      0.00000000	      0.00000000	      0.00000000	      0.00000000	      0.00000000	      0.00000000	      0.03939451	      0.01048051	     -0.01378852	      0.03517651	      0.02405377	      0.00788925	      0.00202098	      0.00192626	     -0.00467800	     -0.00000000	     -0.00838746	      0.00393058	     -0.00153459	     -0.01075736	     -0.00299929	      0.00503873	      0.02130989	     -0.00148664	     -0.00250071	     -0.00309432	     -0.00880945	     -0.01811375	      0.00488290	      0.00361470	     -0.05324522	     -0.03928410	     -0.02197751	     -0.00055882	     -0.00000000	      0.00000000	      0.00000000	      0.00000000	     -0.00000000	      0.00000000	      0.00000000	     -0.00000000	      0.00000000	      0.00000000	     -0.00000000	      0.00000000	     -0.00000000	      0.00000000	      0.00000000	      0.00000000	      0.00000000	      0.00000000	      0.00000000	      0.00000000	      0.00000000
      1.11600000	      0.00000000	      0.00000000	      0.00000000	      0.00000000	      0.00000000	      0.00000000	      0.00000000	      0.00000000	      0.00000000	      0.00000000	      0.00000000	      0.00000000	      0.00000000	      0.00000000	      0.00000000	      0.00000000	      0.00000000	      0.00000000	      0.00000000	      0.00000000	      0.00000000	      0.00000000	      0.00000000	      0.00000000	      0.00000000	      0.00000000	      0.00000000	      0.00000000	      0.00000000	      0.00000000	      0.00000000	      0.00000000	      0.00000000	      0.00000000	      0.00000000	      0.00000000	      0.00000000	      0.00000000	      0.00000000	      0.00000000	      0.00000000	      0.00000000	      0.00000000	      0.03942221	      0.01049012	     -0.01377269	      0.03517447	      0.02406489	      0.00787547	      0.00203166	      0.00200081	     -0.00461579	     -0.00000000	     -0.00839478	      0.00389360	     -0.00159275	     -0.01078874	     -0.00301125	      0.00504077	      0.02131046	     -0.00155008	     -0.00208289	     -0.00286438	     -0.00859023	     -0.01803543	      0.00487612	      0.00361285	     -0.05327854	     -0.03936709	     -0.02207021	     -0.00054943	      0.00000000	      0.00000000	      0.00000000	      0.00000000	      0.00000000	      0.00000000	      0.00000000	      0.00000000	      0.00000000	     -0.00000000	      0.00000000	     -0.00000000	     -0.00000000	      0.00000000	      0.00000000	      0.00000000	      0.00000000	      0.00000000	      0.00000000	      0.00000000	      0.00000000
      1.13200000	      0.00000000	      0.00000000	      0.00000000	      0.00000000	      0.00000000	      0.00000000	      0.00000000	      0.00000000	      0.00000000	      0.00000000	      0.00000000	      0.00000000	      0.00000000	      0.00000000	      0.00000000	      0.00000000	      0.00000000	      0.00000000	      0.00000000	      0.00000000	      0.00000000	      0.00000000	      0.00000000	      0.00000000	      0.00000000	      0.00000000	      0.00000000	      0.00000000	      0.00000000	      0.00000000	      0.00000000	      0.00000000	      0.00000000	      0.00000000	      0.00000000	      0.00000000	      0.00000000	      0.00000000	      0.00000000	      0.00000000	      0.00000000	      0.00000000	      0.00000000	      0.03941110	      0.01042882	     -0.01389380	      0.03512301	      0.02397894	      0.00775744	      0.00200163	      0.00205123	     -0.00459565	     -0.00000000	     -0.00836183	      0.00392149	     -0.00152901	     -0.01068855	     -0.00296855	      0.00503396	      0.02108682	     -0.00150186	     -0.00202576	     -0.00289996	     -0.00868709	     -0.01812030	      0.00487364	      0.00360967	     -0.05320387	     -0.03933689	     -0.02220524	     -0.00058081	     -0.00000000	     -0.00000000	     -0.00000000	      0.00000000	     -0.00000000	     -0.00000000	      0.00000000	     -0.00000000	      0.00000000	      0.00000000	      0.00000000	     -0.00000000	      0.00000000	     -0.00000000	     -0.00000000	      0.00000000	      0.00000000	      0.00000000	      0.00000000	      0.00000000	      0.00000000
      1.14800000	      0.00000000	      0.00000000	      0.00000000	      0.00000000	      0.00000000	      0.00000000	      0.00000000	      0.00000000	      0.00000000	      0.00000000	      0.00000000	      0.00000000	      0.00000000	      0.00000000	      0.00000000	      0.00000000	      0.00000000	      0.00000000	      0.00000000	      0.00000000	      0.00000000	      0.00000000	      0.00000000	      0.00000000	      0.00000000	      0.00000000	      0.00000000	      0.00000000	      0.00000000	      0.00000000	      0.00000000	      0.00000000	      0.00000000	      0.00000000	      0.00000000	      0.00000000	      0.00000000	      0.00000000	      0.00000000	      0.00000000	      0.00000000	      0.00000000	      0.00000000	      0.03937234	      0.01031539	     -0.01412354	      0.03503423	      0.02381369	      0.00755643	      0.00193905	      0.00195586	     -0.00461070	      0.00000000	     -0.00829370	      0.00400743	     -0.00135573	     -0.01047115	     -0.00287718	      0.00501905	      0.02066908	     -0.00135352	     -0.00199378	     -0.00317237	     -0.00907040	     -0.01834918	      0.00487513	      0.00360547	     -0.05302728	     -0.03920013	     -0.02236286	     -0.00065727	     -0.00000000	     -0.00000000	      0.00000000	     -0.00000000	      0.00000000	      0.00000000	     -0.00000000	     -0.00000000	      0.00000000	     -0.00000000	     -0.00000000	     -0.00000000	      0.00000000	      0.00000000	      0.00000000	      0.00000000	      0.00000000	      0.00000000	      0.00000000	      0.00000000	      0.00000000
      1.16400000	      0.00000000	      0.00000000	      0.00000000	      0.00000000	      0.00000000	      0.00000000	      0.00000000	      0.00000000	      0.00000000	      0.00000000	      0.00000000	      0.00000000	      0.00000000	      0.00000000	      0.00000000	      0.00000000	      0.00000000	      0.00000000	      0.00000000	      0.00000000	      0.00000000	      0.00000000	      0.00000000	      0.00000000	      0.00000000	      0.00000000	      0.00000000	      0.00000000	      0.00000000	      0.00000000	      0.00000000	      0.00000000	      0.00000000	      0.00000000	      0.00000000	      0.00000000	      0.00000000	      0.00000000	      0.00000000	      0.00000000	      0.00000000	      0.00000000	      0.00000000	      0.03931713	      0.01017831	     -0.01440918	      0.03492386	      0.02359993	      0.00731105	      0.00185776	      0.00183728	     -0.00464817	     -0.00000000	     -0.00820153	      0.00413399	     -0.00110483	     -0.01017258	     -0.00275229	      0.00499790	      0.02012484	     -0.00113404	     -0.00197157	     -0.00361264	     -0.00965827	     -0.01867437	      0.00487896	      0.00360023	     -0.05277263	     -0.03898117	     -0.02251219	     -0.00077287	     -0.00000000	     -0.00000000	     -0.00000000	      0.00000000	      0.00000000	      0.00000000	     -0.00000000	     -0.00000000	     -0.00000000	      0.00000000	     -0.00000000	      0.00000000	     -0.00000000	     -0.00000000	      0.00000000	      0.00000000	      0.00000000	      0.00000000	      0.00000000	      0.00000000	      0.00000000
      1.18000000	      0.00000000	      0.00000000	      0.00000000	      0.00000000	      0.00000000	      0.00000000	      0.00000000	      0.00000000	      0.00000000	      0.00000000	      0.00000000	      0.00000000	      0.00000000	      0.00000000	      0.00000000	      0.00000000	      0.00000000	      0.00000000	      0.00000000	      0.00000000	      0.00000000	      0.00000000	      0.00000000	      0.00000000	      0.00000000	      0.00000000	      0.00000000	      0.00000000	      0.00000000	      0.00000000	      0.00000000	      0.00000000	      0.00000000	      0.00000000	      0.00000000	      0.00000000	      0.00000000	      0.00000000	      0.00000000	      0.00000000	      0.00000000	      0.00000000	      0.00000000	      0.03926106	      0.01005332	     -0.01468538	      0.03481404	      0.02337952	      0.00707142	      0.00177099	      0.00171092	     -0.00469672	      0.00000000	     -0.00810068	      0.00427829	     -0.00081944	     -0.00984262	     -0.00261478	      0.00497358	      0.01954538	     -0.00088203	     -0.00196893	     -0.00412807	     -0.01033903	     -0.01903403	      0.00488339	      0.00359416	     -0.05247887	     -0.03871636	     -0.02261890	     -0.00090655	     -0.00000000	     -0.00000000	     -0.00000000	     -0.00000000	     -0.00000000	      0.00000000	     -0.00000000	     -0.00000000	      0.00000000	     -0.00000000	      0.00000000	      0.00000000	      0.00000000	      0.00000000	      0.00000000	      0.00000000	      0.00000000	      0.00000000	      0.00000000	      0.00000000	      0.00000000
      1.19600000	      0.00000000	      0.00000000	      0.00000000	      0.00000000	      0.00000000	      0.00000000	      0.00000000	      0.00000000	      0.00000000	      0.00000000	      0.00000000	      0.00000000	      0.00000000	      0.00000000	      0.00000000	      0.00000000	      0.00000000	      0.00000000	      0.00000000	      0.00000000	      0.00000000	      0.00000000	      0.00000000	      0.00000000	      0.00000000	      0.00000000	      0.00000000	      0.00000000	      0.00000000	      0.00000000	      0.00000000	      0.00000000	      0.00000000	      0.00000000	      0.00000000	      0.00000000	      0.00000000	      0.00000000	      0.00000000	      0.00000000	      0.00000000	      0.00000000	      0.00000000	      0.03922536	      0.00997753	     -0.01489019	      0.03473239	      0.02319865	      0.00688854	      0.00168833	      0.00158849	     -0.00474953	      0.00000000	     -0.00800746	      0.00441809	     -0.00054309	     -0.00953277	     -0.00248616	      0.00495000	      0.01902431	     -0.00063606	     -0.00199641	     -0.00462406	     -0.01100017	     -0.01936940	      0.00488749	      0.00358806	     -0.05219145	     -0.03844509	     -0.02265468	     -0.00103370	     -0.00000000	     -0.00000000	     -0.00000000	      0.00000000	     -0.00000000	     -0.00000000	      0.00000000	     -0.00000000	      0.00000000	     -0.00000000	      0.00000000	      0.00000000	      0.00000000	     -0.00000000	     -0.00000000	      0.00000000	      0.00000000	      0.00000000	      0.00000000	      0.00000000	      0.00000000
      1.21200000	      0.00000000	      0.00000000	      0.00000000	      0.00000000	      0.00000000	      0.00000000	      0.00000000	      0.00000000	      0.00000000	      0.00000000	      0.00000000	      0.00000000	      0.00000000	      0.00000000	      0.00000000	      0.00000000	      0.00000000	      0.00000000	      0.00000000	      0.00000000	      0.00000000	      0.00000000	      0.00000000	      0.00000000	      0.00000000	      0.00000000	      0.00000000	      0.00000000	      0.00000000	      0.00000000	      0.00000000	      0.00000000	      0.00000000	      0.00000000	      0.00000000	      0.00000000	      0.00000000	      0.00000000	      0.00000000	      0.00000000	      0.00000000	      0.00000000	      0.00000000	      0.03923202	      0.00998034	     -0.01497976	      0.03470528	      0.02309670	      0.00680177	      0.00161524	      0.00147788	     -0.00480397	      0.00000000	     -0.00793529	      0.00453653	     -0.00031006	     -0.00928434	     -0.00238350	      0.00493094	      0.01863555	     -0.00042642	     -0.00205676	     -0.00502517	     -0.01155388	     -0.01963797	      0.00489124	      0.00358306	     -0.05195033	     -0.03820056	     -0.02260413	     -0.00113496	     -0.00000000	      0.00000000	     -0.00000000	      0.00000000	      0.00000000	     -0.00000000	      0.00000000	      0.00000000	      0.00000000	     -0.00000000	      0.00000000	      0.00000000	      0.00000000	      0.00000000	     -0.00000000	      0.00000000	      0.00000000	      0.00000000	      0.00000000	      0.00000000	      0.00000000
      1.22800000	      0.00000000	      0.00000000	      0.00000000	      0.00000000	      0.00000000	      0.00000000	      0.00000000	      0.00000000	      0.00000000	      0.00000000	      0.00000000	      0.00000000	      0.00000000	      0.00000000	      0.00000000	      0.00000000	      0.00000000	      0.00000000	      0.00000000	      0.00000000	      0.00000000	      0.00000000	      0.00000000	      0.00000000	      0.00000000	      0.00000000	      0.00000000	      0.00000000	      0.00000000	      0.00000000	      0.00000000	      0.00000000	      0.00000000	      0.00000000	      0.00000000	      0.00000000	      0.00000000	      0.00000000	      0.00000000	      0.00000000	      0.00000000	      0.00000000	      0.00000000	      0.03929461	      0.01007390	     -0.01493829	      0.03474792	      0.02309445	      0.00682821	      0.00155425	      0.00138410	     -0.00485915	     -0.00000000	     -0.00789170	      0.00462446	     -0.00013977	     -0.00912020	     -0.00231608	      0.00491891	      0.01841761	     -0.00027034	     -0.00214463	     -0.00528983	     -0.01195209	     -0.01981939	      0.00489509	      0.00358012	     -0.05177973	     -0.03800341	     -0.02246817	     -0.00120003	      0.00000000	      0.00000000	     -0.00000000	      0.00000000	     -0.00000000	     -0.00000000	      0.00000000	     -0.00000000	      0.00000000	      0.00000000	      0.00000000	      0.00000000	      0.00000000	      0.00000000	     -0.00000000	      0.00000000	      0.00000000	      0.00000000	      0.00000000	      0.00000000	      0.00000000
      1.24400000	      0.00000000	      0.00000000	      0.00000000	      0.00000000	      0.00000000	      0.00000000	      0.00000000	      0.00000000	      0.00000000	      0.00000000	      0.00000000	      0.00000000	      0.00000000	      0.00000000	      0.00000000	      0.00000000	      0.00000000	      0.00000000	      0.00000000	      0.00000000	      0.00000000	      0.00000000	      0.00000000	      0.00000000	      0.00000000	      0.00000000	      0.00000000	      0.00000000	      0.00000000	      0.00000000	      0.00000000	      0.00000000	      0.00000000	      0.00000000	      0.00000000	      0.00000000	      0.00000000	      0.00000000	      0.00000000	      0.00000000	      0.00000000	      0.00000000	      0.00000000	      0.03940927	      0.01024617	     -0.01478213	      0.03485594	      0.02318618	      0.00695687	      0.00150648	      0.00131043	     -0.00491359	      0.00000000	     -0.00787702	      0.00468031	     -0.00003582	     -0.00904240	     -0.00228456	      0.00491440	      0.01836839	     -0.00017139	     -0.00224855	     -0.00541603	     -0.01218898	     -0.01991473	      0.00489931	      0.00357956	     -0.05168429	     -0.03786021	     -0.02226480	     -0.00122830	      0.00000000	      0.00000000	     -0.00000000	     -0.00000000	      0.00000000	      0.00000000	      0.00000000	     -0.00000000	      0.00000000	      0.00000000	      0.00000000	      0.00000000	     -0.00000000	     -0.00000000	      0.00000000	      0.00000000	      0.00000000	      0.00000000	      0.00000000	      0.00000000	      0.00000000
      1.26000000	      0.00000000	      0.00000000	      0.00000000	      0.00000000	      0.00000000	      0.00000000	      0.00000000	      0.00000000	      0.00000000	      0.00000000	      0.00000000	      0.00000000	      0.00000000	      0.00000000	      0.00000000	      0.00000000	      0.00000000	      0.00000000	      0.00000000	      0.00000000	      0.00000000	      0.00000000	      0.00000000	      0.00000000	      0.00000000	      0.00000000	      0.00000000	      0.00000000	      0.00000000	      0.00000000	      0.00000000	      0.00000000	      0.00000000	      0.00000000	      0.00000000	      0.00000000	      0.00000000	      0.00000000	      0.00000000	      0.00000000	      0.00000000	      0.00000000	      0.00000000	      0.03955015	      0.01045850	     -0.01455874	      0.03500224	      0.02333827	      0.00714886	      0.00147226	      0.00125881	     -0.00496457	      0.00000000	     -0.00788505	      0.00470855	      0.00001111	     -0.00903535	     -0.00228238	      0.00491596	      0.01845021	     -0.00012184	     -0.00235455	     -0.00543862	     -0.01229368	     -0.01994174	      0.00490375	      0.00358093	     -0.05165239	     -0.03776683	     -0.02202834	     -0.00122682	     -0.00000000	     -0.00000000	     -0.00000000	      0.00000000	     -0.00000000	     -0.00000000	     -0.00000000	      0.00000000	     -0.00000000	     -0.00000000	     -0.00000000	     -0.00000000	      0.00000000	     -0.00000000	     -0.00000000	      0.00000000	      0.00000000	      0.00000000	      0.00000000	      0.00000000	      0.00000000
      1.27600000	      0.00000000	      0.00000000	      0.00000000	      0.00000000	      0.00000000	      0.00000000	      0.00000000	      0.00000000	      0.00000000	      0.00000000	      0.00000000	      0.00000000	      0.00000000	      0.00000000	      0.00000000	      0.00000000	      0.00000000	      0.00000000	      0.00000000	      0.00000000	      0.00000000	      0.00000000	      0.00000000	      0.00000000	      0.00000000	      0.00000000	      0.00000000	      0.00000000	      0.00000000	      0.00000000	      0.00000000	      0.00000000	      0.00000000	      0.00000000	      0.00000000	      0.00000000	      0.00000000	      0.00000000	      0.00000000	      0.00000000	      0.00000000	      0.00000000	      0.00000000	      0.03967110	      0.01064934	     -0.01434023	      0.03514033	      0.02349480	      0.00734365	      0.00145115	      0.00122941	     -0.00500895	     -0.00000000	     -0.00790516	      0.00471739	      0.00001826	     -0.00907251	     -0.00229863	      0.00492076	      0.01860216	     -0.00010668	     -0.00245031	     -0.00542034	     -0.01231783	     -0.01992827	      0.00490782	      0.00358314	     -0.05166420	     -0.03771412	     -0.02180623	     -0.00120665	      0.00000000	     -0.00000000	      0.00000000	      0.00000000	      0.00000000	      0.00000000	      0.00000000	     -0.00000000	      0.00000000	     -0.00000000	     -0.00000000	     -0.00000000	     -0.00000000	     -0.00000000	     -0.00000000	      0.00000000	      0.00000000	      0.00000000	      0.00000000	      0.00000000	      0.00000000
      1.29200000	      0.00000000	      0.00000000	      0.00000000	      0.00000000	      0.00000000	      0.00000000	      0.00000000	      0.00000000	      0.00000000	      0.00000000	      0.00000000	      0.00000000	      0.00000000	      0.00000000	      0.00000000	      0.00000000	      0.00000000	      0.00000000	      0.00000000	      0.00000000	      0.00000000	      0.00000000	      0.00000000	      0.00000000	      0.00000000	      0.00000000	      0.00000000	      0.00000000	      0.00000000	      0.00000000	      0.00000000	      0.00000000	      0.00000000	      0.00000000	      0.00000000	      0.00000000	      0.00000000	      0.00000000	      0.00000000	      0.00000000	      0.00000000	      0.00000000	      0.00000000	      0.03971366	      0.01074438	     -0.01421112	      0.03521330	      0.02358873	      0.00747045	      0.00144176	      0.00122032	     -0.00504430	      0.00000000	     -0.00792510	      0.00471658	      0.00000575	     -0.00912398	     -0.00232118	      0.00492555	      0.01875550	     -0.00010780	     -0.00252838	     -0.00543879	     -0.01232221	     -0.01990569	      0.00491084	      0.00358479	     -0.05169952	     -0.03769272	     -0.02165202	     -0.00117877	      0.00000000	      0.00000000	      0.00000000	      0.00000000	     -0.00000000	      0.00000000	      0.00000000	     -0.00000000	      0.00000000	     -0.00000000	     -0.00000000	      0.00000000	      0.00000000	      0.00000000	     -0.00000000	      0.00000000	      0.00000000	      0.00000000	      0.00000000	      0.00000000	      0.00000000
      1.30800000	      0.00000000	      0.00000000	      0.00000000	      0.00000000	      0.00000000	      0.00000000	      0.00000000	      0.00000000	      0.00000000	      0.00000000	      0.00000000	      0.00000000	      0.00000000	      0.00000000	      0.00000000	      0.00000000	      0.00000000	      0.00000000	      0.00000000	      0.00000000	      0.00000000	      0.00000000	      0.00000000	      0.00000000	      0.00000000	      0.00000000	      0.00000000	      0.00000000	      0.00000000	      0.00000000	      0.00000000	      0.00000000	      0.00000000	      0.00000000	      0.00000000	      0.00000000	      0.00000000	      0.00000000	      0.00000000	      0.00000000	      0.00000000	      0.00000000	      0.00000000	      0.03961913	      0.01067133	     -0.01425192	      0.03516588	      0.02355586	      0.00746262	      0.00144180	      0.00122748	     -0.00506958	     -0.00000000	     -0.00793356	      0.00471545	     -0.00000773	     -0.00916287	     -0.00233930	      0.00492731	      0.01884830	     -0.00010780	     -0.00258791	     -0.00557093	     -0.01236436	     -0.01990279	      0.00491216	      0.00358454	     -0.05174222	     -0.03769504	     -0.02161510	     -0.00115043	     -0.00000000	     -0.00000000	     -0.00000000	      0.00000000	     -0.00000000	     -0.00000000	     -0.00000000	      0.00000000	      0.00000000	     -0.00000000	      0.00000000	      0.00000000	      0.00000000	     -0.00000000	     -0.00000000	      0.00000000	      0.00000000	      0.00000000	      0.00000000	      0.00000000	      0.00000000
      1.32400000	      0.00000000	      0.00000000	      0.00000000	      0.00000000	      0.00000000	      0.00000000	      0.00000000	      0.00000000	      0.00000000	      0.00000000	      0.00000000	      0.00000000	      0.00000000	      0.00000000	      0.00000000	      0.00000000	      0.00000000	      0.00000000	      0.00000000	      0.00000000	      0.00000000	      0.00000000	      0.00000000	      0.00000000	      0.00000000	      0.00000000	      0.00000000	      0.00000000	      0.00000000	      0.00000000	      0.00000000	      0.00000000	      0.00000000	      0.00000000	      0.00000000	      0.00000000	      0.00000000	      0.00000000	      0.00000000	      0.00000000	      0.00000000	      0.00000000	      0.00000000	      0.03934020	      0.01037426	     -0.01452335	      0.03495517	      0.02334743	      0.00727058	      0.00144827	      0.00124509	     -0.00508518	      0.00000000	     -0.00792213	      0.00472128	     -0.00000793	     -0.00916947	     -0.00234527	      0.00492370	      0.01883666	     -0.00009315	     -0.00263546	     -0.00587841	     -0.01248846	     -0.01994085	      0.00491129	      0.00358132	     -0.05178046	     -0.03771507	     -0.02173067	     -0.00112259	     -0.00000000	     -0.00000000	      0.00000000	      0.00000000	      0.00000000	      0.00000000	      0.00000000	      0.00000000	      0.00000000	      0.00000000	     -0.00000000	     -0.00000000	     -0.00000000	      0.00000000	      0.00000000	      0.00000000	      0.00000000	      0.00000000	      0.00000000	      0.00000000	      0.00000000
      1.34000000	      0.00000000	      0.00000000	      0.00000000	      0.00000000	      0.00000000	      0.00000000	      0.00000000	      0.00000000	      0.00000000	      0.00000000	      0.00000000	      0.00000000	      0.00000000	      0.00000000	      0.00000000	      0.00000000	      0.00000000	      0.00000000	      0.00000000	      0.00000000	      0.00000000	      0.00000000	      0.00000000	      0.00000000	      0.00000000	      0.00000000	      0.00000000	      0.00000000	      0.00000000	      0.00000000	      0.00000000	      0.00000000	      0.00000000	      0.00000000	      0.00000000	      0.00000000	      0.00000000	      0.00000000	      0.00000000	      0.00000000	      0.00000000	      0.00000000	      0.00000000	      0.03884829	      0.00982251	     -0.01505651	      0.03455697	      0.02293730	      0.00686928	      0.00145901	      0.00126854	     -0.00509130	      0.00000000	     -0.00788626	      0.00473816	      0.00001325	     -0.00913282	     -0.00233500	      0.00491314	      0.01870009	     -0.00005619	     -0.00267785	     -0.00639734	     -0.01271877	     -0.02003070	      0.00490775	      0.00357445	     -0.05180480	     -0.03774757	     -0.02201399	     -0.00109359	     -0.00000000	     -0.00000000	     -0.00000000	      0.00000000	     -0.00000000	      0.00000000	      0.00000000	     -0.00000000	     -0.00000000	      0.00000000	      0.00000000	      0.00000000	      0.00000000	      0.00000000	     -0.00000000	      0.00000000	      0.00000000	      0.00000000	      0.00000000	      0.00000000	      0.00000000
      1.35600000	      0.00000000	      0.00000000	      0.00000000	      0.00000000	      0.00000000	      0.00000000	      0.00000000	      0.00000000	      0.00000000	      0.00000000	      0.00000000	      0.00000000	      0.00000000	      0.00000000	      0.00000000	      0.00000000	      0.00000000	      0.00000000	      0.00000000	      0.00000000	      0.00000000	      0.00000000	      0.00000000	      0.00000000	      0.00000000	      0.00000000	      0.00000000	      0.00000000	      0.00000000	      0.00000000	      0.00000000	      0.00000000	      0.00000000	      0.00000000	      0.00000000	      0.00000000	      0.00000000	      0.00000000	      0.00000000	      0.00000000	      0.00000000	      0.00000000	      0.00000000	      0.03813577	      0.00901249	     -0.01585169	      0.03396680	      0.02232282	      0.00625842	      0.00147323	      0.00129566	     -0.00508711	      0.00000000	     -0.00782497	      0.00476694	      0.00005809	     -0.00904961	     -0.00230756	      0.00489472	      0.01843946	      0.00000455	     -0.00271866	     -0.00713505	     -0.01305857	     -0.02017265	      0.00490109	      0.00356363	     -0.05180584	     -0.03778738	     -0.02246087	     -0.00106139	      0.00000000	      0.00000000	     -0.00000000	      0.00000000	     -0.00000000	     -0.00000000	      0.00000000	      0.00000000	      0.00000000	     -0.00000000	      0.00000000	      0.00000000	      0.00000000	      0.00000000	     -0.00000000	      0.00000000	      0.00000000	      0.00000000	      0.00000000	      0.00000000	      0.00000000
      1.37200000	      0.00000000	      0.00000000	      0.00000000	      0.00000000	      0.00000000	      0.00000000	      0.00000000	      0.00000000	      0.00000000	      0.00000000	      0.00000000	      0.00000000	      0.00000000	      0.00000000	      0.00000000	      0.00000000	      0.00000000	      0.00000000	      0.00000000	      0.00000000	      0.00000000	      0.00000000	      0.00000000	      0.00000000	      0.00000000	      0.00000000	      0.00000000	      0.00000000	      0.00000000	      0.00000000	      0.00000000	      0.00000000	      0.00000000	      0.00000000	      0.00000000	      0.00000000	      0.00000000	      0.00000000	      0.00000000	      0.00000000	      0.00000000	      0.00000000	      0.00000000	      0.03721433	      0.00796388	     -0.01688422	      0.03319704	      0.02152030	      0.00545699	      0.00149101	      0.00127977	     -0.00507124	      0.00000000	     -0.00773974	      0.00480621	      0.00012512	     -0.00892085	     -0.00226368	      0.00486796	      0.01806854	      0.00008617	     -0.00275901	     -0.00807351	     -0.01349480	     -0.02035949	      0.00489086	      0.00354893	     -0.05177220	     -0.03782875	     -0.02305296	     -0.00102445	     -0.00000000	     -0.00000000	     -0.00000000	     -0.00000000	     -0.00000000	      0.00000000	      0.00000000	     -0.00000000	      0.00000000	     -0.00000000	      0.00000000	     -0.00000000	     -0.00000000	     -0.00000000	      0.00000000	      0.00000000	      0.00000000	      0.00000000	      0.00000000	      0.00000000	      0.00000000
      1.38800000	      0.00000000	      0.00000000	      0.00000000	      0.00000000	      0.00000000	      0.00000000	      0.00000000	      0.00000000	      0.00000000	      0.00000000	      0.00000000	      0.00000000	      0.00000000	      0.00000000	      0.00000000	      0.00000000	      0.00000000	      0.00000000	      0.00000000	      0.00000000	      0.00000000	      0.00000000	      0.00000000	      0.00000000	      0.00000000	      0.00000000	      0.00000000	      0.00000000	      0.00000000	      0.00000000	      0.00000000	      0.00000000	      0.00000000	      0.00000000	      0.00000000	      0.00000000	      0.00000000	      0.00000000	      0.00000000	      0.00000000	      0.00000000	      0.00000000	      0.00000000	      0.03611176	      0.00671362	     -0.01811320	      0.03227248	      0.02055850	      0.00449563	      0.00151203	      0.00129739	     -0.00504289	     -0.00000000	     -0.00763281	      0.00485389	      0.00021241	     -0.00874755	     -0.00220394	      0.00483256	      0.01760307	      0.00018430	     -0.00279981	     -0.00917697	     -0.01400649	     -0.02058146	      0.00487679	      0.00353069	     -0.05168873	     -0.03786402	     -0.02376414	     -0.00098274	      0.00000000	      0.00000000	      0.00000000	     -0.00000000	      0.00000000	      0.00000000	     -0.00000000	      0.00000000	     -0.00000000	     -0.00000000	     -0.00000000	     -0.00000000	     -0.00000000	     -0.00000000	      0.00000000	      0.00000000	      0.00000000	      0.00000000	      0.00000000	      0.00000000	      0.00000000
      1.40400000	      0.00000000	      0.00000000	      0.00000000	      0.00000000	      0.00000000	      0.00000000	      0.00000000	      0.00000000	      0.00000000	      0.00000000	      0.00000000	      0.00000000	      0.00000000	      0.00000000	      0.00000000	      0.00000000	      0.00000000	      0.00000000	      0.00000000	      0.00000000	      0.00000000	      0.00000000	      0.00000000	      0.00000000	      0.00000000	      0.00000000	      0.00000000	      0.00000000	      0.00000000	      0.00000000	      0.00000000	      0.00000000	      0.00000000	      0.00000000	      0.00000000	      0.00000000	      0.00000000	      0.00000000	      0.00000000	      0.00000000	      0.00000000	      0.00000000	      0.00000000	      0.03486823	      0.00531031	     -0.01948905	      0.03122591	      0.01947252	      0.00341034	      0.00153429	      0.00132196	     -0.00500317	      0.00000000	     -0.00750599	      0.00490880	      0.00032043	     -0.00852754	     -0.00212730	      0.00478825	      0.01705266	      0.00029584	     -0.00284403	     -0.01040067	     -0.01457377	     -0.02083124	      0.00485875	      0.00350934	     -0.05153563	     -0.03788200	     -0.02456488	     -0.00093840	      0.00000000	      0.00000000	     -0.00000000	      0.00000000	     -0.00000000	     -0.00000000	     -0.00000000	     -0.00000000	     -0.00000000	     -0.00000000	      0.00000000	      0.00000000	      0.00000000	     -0.00000000	      0.00000000	      0.00000000	      0.00000000	      0.00000000	      0.00000000	      0.00000000	      0.00000000
      1.42000000	      0.00000000	      0.00000000	      0.00000000	      0.00000000	      0.00000000	      0.00000000	      0.00000000	      0.00000000	      0.00000000	      0.00000000	      0.00000000	      0.00000000	      0.00000000	      0.00000000	      0.00000000	      0.00000000	      0.00000000	      0.00000000	      0.00000000	      0.00000000	      0.00000000	      0.00000000	      0.00000000	      0.00000000	      0.00000000	      0.00000000	      0.00000000	      0.00000000	      0.00000000	      0.00000000	      0.00000000	      0.00000000	      0.00000000	      0.00000000	      0.00000000	      0.00000000	      0.00000000	      0.00000000	      0.00000000	      0.00000000	      0.00000000	      0.00000000	      0.00000000	      0.03353231	      0.00380949	     -0.02095866	      0.03009439	      0.01829959	      0.00223861	      0.00155343	      0.00134608	     -0.00495576	      0.00000000	     -0.00736015	      0.00497142	      0.00045329	     -0.00825456	     -0.00203075	      0.00473489	      0.01641831	      0.00042058	     -0.00289735	     -0.01169861	     -0.01518450	     -0.02110731	      0.00483681	      0.00348532	     -0.05128961	     -0.03786731	     -0.02542385	     -0.00089603	      0.00000000	     -0.00000000	      0.00000000	     -0.00000000	     -0.00000000	      0.00000000	      0.00000000	      0.00000000	     -0.00000000	     -0.00000000	      0.00000000	      0.00000000	     -0.00000000	      0.00000000	      0.00000000	      0.00000000	      0.00000000	      0.00000000	      0.00000000	      0.00000000	      0.00000000
      1.43600000	      0.00000000	      0.00000000	      0.00000000	      0.00000000	      0.00000000	      0.00000000	      0.00000000	      0.00000000	      0.00000000	      0.00000000	      0.00000000	      0.00000000	      0.00000000	      0.00000000	      0.00000000	      0.00000000	      0.00000000	      0.00000000	      0.00000000	      0.00000000	      0.00000000	      0.00000000	      0.00000000	      0.00000000	      0.00000000	      0.00000000	      0.00000000	      0.00000000	      0.00000000	      0.00000000	      0.00000000	      0.00000000	      0.00000000	      0.00000000	      0.00000000	      0.00000000	      0.00000000	      0.00000000	      0.00000000	      0.00000000	      0.00000000	      0.00000000	      0.00000000	      0.03215501	      0.00226795	     -0.02246988	      0.02891513	      0.01707552	      0.00101671	      0.00156330	      0.00135977	     -0.00490656	      0.00000000	     -0.00719563	      0.00504362	      0.00061781	     -0.00792028	     -0.00191014	      0.00467257	      0.01569553	      0.00056104	     -0.00296705	     -0.01303002	     -0.01583693	     -0.02141436	      0.00481112	      0.00345893	     -0.05092799	     -0.03780204	     -0.02630901	     -0.00086198	      0.00000000	      0.00000000	      0.00000000	     -0.00000000	      0.00000000	     -0.00000000	     -0.00000000	      0.00000000	     -0.00000000	      0.00000000	     -0.00000000	     -0.00000000	      0.00000000	     -0.00000000	     -0.00000000	      0.00000000	      0.00000000	      0.00000000	      0.00000000	      0.00000000	      0.00000000
      1.45200000	      0.00000000	      0.00000000	      0.00000000	      0.00000000	      0.00000000	      0.00000000	      0.00000000	      0.00000000	      0.00000000	      0.00000000	      0.00000000	      0.00000000	      0.00000000	      0.00000000	      0.00000000	      0.00000000	      0.00000000	      0.00000000	      0.00000000	      0.00000000	      0.00000000	      0.00000000	      0.00000000	      0.00000000	      0.00000000	      0.00000000	      0.00000000	      0.00000000	      0.00000000	      0.00000000	      0.00000000	      0.00000000	      0.00000000	      0.00000000	      0.00000000	      0.00000000	      0.00000000	      0.00000000	      0.00000000	      0.00000000	      0.00000000	      0.00000000	      0.00000000	      0.03078168	      0.00073600	     -0.02397694	      0.02772044	      0.01583084	     -0.00022359	      0.00155751	      0.00135307	     -0.00486223	      0.00000000	     -0.00701293	      0.00512752	      0.00082059	     -0.00751813	     -0.00176191	      0.00460179	      0.01488019	      0.00072071	     -0.00305961	     -0.01436435	     -0.01653760	     -0.02176058	      0.00478188	      0.00343033	     -0.05043498	     -0.03766971	     -0.02719001	     -0.00084275	      0.00000000	      0.00000000	     -0.00000000	     -0.00000000	      0.00000000	     -0.00000000	     -0.00000000	     -0.00000000	     -0.00000000	      0.00000000	     -0.00000000	     -0.00000000	     -0.00000000	      0.00000000	     -0.00000000	      0.00000000	      0.00000000	      0.00000000	      0.00000000	      0.00000000	      0.00000000
      1.46800000	      0.00000000	      0.00000000	      0.00000000	      0.00000000	      0.00000000	      0.00000000	      0.00000000	      0.00000000	      0.00000000	      0.00000000	      0.00000000	      0.00000000	      0.00000000	      0.00000000	      0.00000000	      0.00000000	      0.00000000	      0.00000000	      0.00000000	      0.00000000	      0.00000000	      0.00000000	      0.00000000	      0.00000000	      0.00000000	      0.00000000	      0.00000000	      0.00000000	      0.00000000	      0.00000000	      0.00000000	      0.00000000	      0.00000000	      0.00000000	      0.00000000	      0.00000000	      0.00000000	      0.00000000	      0.00000000	      0.00000000	      0.00000000	      0.00000000	      0.00000000	      0.02944437	     -0.00075012	     -0.02544567	      0.02653326	      0.01458761	     -0.00145815	      0.00153145	      0.00135484	     -0.00482806	     -0.00000000	     -0.00681343	      0.00522400	      0.00106464	     -0.00704722	     -0.00158480	      0.00452340	      0.01397416	      0.00090164	     -0.00317824	     -0.01568330	     -0.01729556	     -0.02215255	      0.00474934	      0.00339960	     -0.04980729	     -0.03745997	     -0.02804169	     -0.00084298	     -0.00000000	      0.00000000	      0.00000000	     -0.00000000	      0.00000000	     -0.00000000	     -0.00000000	     -0.00000000	     -0.00000000	      0.00000000	     -0.00000000	     -0.00000000	     -0.00000000	      0.00000000	     -0.00000000	      0.00000000	      0.00000000	      0.00000000	      0.00000000	      0.00000000	      0.00000000
      1.48400000	      0.00000000	      0.00000000	      0.00000000	      0.00000000	      0.00000000	      0.00000000	      0.00000000	      0.00000000	      0.00000000	      0.00000000	      0.00000000	      0.00000000	      0.00000000	      0.00000000	      0.00000000	      0.00000000	      0.00000000	      0.00000000	      0.00000000	      0.00000000	      0.00000000	      0.00000000	      0.00000000	      0.00000000	      0.00000000	      0.00000000	      0.00000000	      0.00000000	      0.00000000	      0.00000000	      0.00000000	      0.00000000	      0.00000000	      0.00000000	      0.00000000	      0.00000000	      0.00000000	      0.00000000	      0.00000000	      0.00000000	      0.00000000	      0.00000000	      0.00000000	      0.02815809	     -0.00217197	     -0.02685606	      0.02536537	      0.01335830	     -0.00267196	      0.00148369	      0.00127068	     -0.00480646	     -0.00000000	     -0.00659959	      0.00533179	      0.00134723	     -0.00651425	     -0.00138083	      0.00443845	      0.01298798	      0.00110263	     -0.00332168	     -0.01697946	     -0.01811558	     -0.02259069	      0.00471380	      0.00336685	     -0.04905586	     -0.03717153	     -0.02884692	     -0.00086415	     -0.00000000	     -0.00000000	     -0.00000000	      0.00000000	     -0.00000000	     -0.00000000	      0.00000000	      0.00000000	      0.00000000	     -0.00000000	     -0.00000000	      0.00000000	      0.00000000	      0.00000000	      0.00000000	      0.00000000	      0.00000000	      0.00000000	      0.00000000	      0.00000000	      0.00000000
      1.50000000	      0.00000000	      0.00000000	      0.00000000	      0.00000000	      0.00000000	      0.00000000	      0.00000000	      0.00000000	      0.00000000	      0.00000000	      0.00000000	      0.00000000	      0.00000000	      0.00000000	      0.00000000	      0.00000000	      0.00000000	      0.00000000	      0.00000000	      0.00000000	      0.00000000	      0.00000000	      0.00000000	      0.00000000	      0.00000000	      0.00000000	      0.00000000	      0.00000000	      0.00000000	      0.00000000	      0.00000000	      0.00000000	      0.00000000	      0.00000000	      0.00000000	      0.00000000	      0.00000000	      0.00000000	      0.00000000	      0.00000000	      0.00000000	      0.00000000	      0.00000000	      0.02692234	     -0.00352758	     -0.02820132	      0.02421873	      0.01214715	     -0.00385838	      0.00141624	      0.00115586	     -0.00479649	      0.00000000	     -0.00637479	      0.00544742	      0.00166002	     -0.00593275	     -0.00115506	      0.00434807	      0.01194013	      0.00131887	     -0.00348462	     -0.01825241	     -0.01899385	     -0.02306746	      0.00467561	      0.00333234	     -0.04820303	     -0.03681210	     -0.02959751	     -0.00090435	     -0.00000000	     -0.00000000	      0.00000000	     -0.00000000	     -0.00000000	     -0.00000000	     -0.00000000	      0.00000000	     -0.00000000	      0.00000000	     -0.00000000	     -0.00000000	     -0.00000000	     -0.00000000	      0.00000000	      0.00000000	      0.00000000	      0.00000000	      0.00000000	      0.00000000	      0.00000000
      1.51600000	      0.00000000	      0.00000000	      0.00000000	      0.00000000	      0.00000000	      0.00000000	      0.00000000	      0.00000000	      0.00000000	      0.00000000	      0.00000000	      0.00000000	      0.00000000	      0.00000000	      0.00000000	      0.00000000	      0.00000000	      0.00000000	      0.00000000	      0.00000000	      0.00000000	      0.00000000	      0.00000000	      0.00000000	      0.00000000	      0.00000000	      0.00000000	      0.00000000	      0.00000000	      0.00000000	      0.00000000	      0.00000000	      0.00000000	      0.00000000	      0.00000000	      0.00000000	      0.00000000	      0.00000000	      0.00000000	      0.00000000	      0.00000000	      0.00000000	      0.00000000	      0.02572650	     -0.00482630	     -0.02948422	      0.02308936	      0.01095343	     -0.00501655	      0.00133375	      0.00101774	     -0.00479467	      0.00000000	     -0.00614297	      0.00556600	      0.00199090	     -0.00532040	     -0.00091448	      0.00425338	      0.01085415	      0.00154277	     -0.00365926	     -0.01950441	     -0.01991736	     -0.02356899	      0.00463526	      0.00329646	     -0.04727692	     -0.03639585	     -0.03029300	     -0.00095915	     -0.00000000	      0.00000000	      0.00000000	     -0.00000000	      0.00000000	     -0.00000000	      0.00000000	     -0.00000000	     -0.00000000	      0.00000000	      0.00000000	     -0.00000000	     -0.00000000	     -0.00000000	     -0.00000000	      0.00000000	      0.00000000	      0.00000000	      0.00000000	      0.00000000	      0.00000000
      1.53200000	      0.00000000	      0.00000000	      0.00000000	      0.00000000	      0.00000000	      0.00000000	      0.00000000	      0.00000000	      0.00000000	      0.00000000	      0.00000000	      0.00000000	      0.00000000	      0.00000000	      0.00000000	      0.00000000	      0.00000000	      0.00000000	      0.00000000	      0.00000000	      0.00000000	      0.00000000	      0.00000000	      0.00000000	      0.00000000	      0.00000000	      0.00000000	      0.00000000	      0.00000000	      0.00000000	      0.00000000	      0.00000000	      0.00000000	      0.00000000	      0.00000000	      0.00000000	      0.00000000	      0.00000000	      0.00000000	      0.00000000	      0.00000000	      0.00000000	      0.00000000	      0.02455647	     -0.00608218	     -0.03071239	      0.02197173	      0.00977513	     -0.00614809	      0.00124224	      0.00086576	     -0.00479619	     -0.00000000	     -0.00590824	      0.00568230	      0.00232649	     -0.00469601	     -0.00066683	      0.00415553	      0.00975538	      0.00176551	     -0.00383717	     -0.02073696	     -0.02086628	     -0.02407848	      0.00459331	      0.00325974	     -0.04630605	     -0.03594003	     -0.03093810	     -0.00102290	     -0.00000000	      0.00000000	     -0.00000000	      0.00000000	     -0.00000000	     -0.00000000	      0.00000000	     -0.00000000	      0.00000000	     -0.00000000	      0.00000000	      0.00000000	      0.00000000	     -0.00000000	     -0.00000000	      0.00000000	      0.00000000	      0.00000000	      0.00000000	      0.00000000	      0.00000000
      1.54800000	      0.00000000	      0.00000000	      0.00000000	      0.00000000	      0.00000000	      0.00000000	      0.00000000	      0.00000000	      0.00000000	      0.00000000	      0.00000000	      0.00000000	      0.00000000	      0.00000000	      0.00000000	      0.00000000	      0.00000000	      0.00000000	      0.00000000	      0.00000000	      0.00000000	      0.00000000	      0.00000000	      0.00000000	      0.00000000	      0.00000000	      0.00000000	      0.00000000	      0.00000000	      0.00000000	      0.00000000	      0.00000000	      0.00000000	      0.00000000	      0.00000000	      0.00000000	      0.00000000	      0.00000000	      0.00000000	      0.00000000	      0.00000000	      0.00000000	      0.00000000	      0.02339983	     -0.00730876	     -0.03189438	      0.02086209	      0.00861163	     -0.00725444	      0.00114799	      0.00070963	     -0.00479617	      0.00000000	     -0.00567460	      0.00579157	      0.00265421	     -0.00407714	     -0.00041951	      0.00405571	      0.00866847	      0.00197853	     -0.00401059	     -0.02194917	     -0.02181756	     -0.02457969	      0.00455039	      0.00322277	     -0.04531582	     -0.03546207	     -0.03153997	     -0.00108981	     -0.00000000	     -0.00000000	     -0.00000000	     -0.00000000	     -0.00000000	     -0.00000000	      0.00000000	      0.00000000	      0.00000000	      0.00000000	     -0.00000000	      0.00000000	     -0.00000000	     -0.00000000	      0.00000000	      0.00000000	      0.00000000	      0.00000000	      0.00000000	      0.00000000	      0.00000000
      1.56400000	      0.00000000	      0.00000000	      0.00000000	      0.00000000	      0.00000000	      0.00000000	      0.00000000	      0.00000000	      0.00000000	      0.00000000	      0.00000000	      0.00000000	      0.00000000	      0.00000000	      0.00000000	      0.00000000	      0.00000000	      0.00000000	      0.00000000	      0.00000000	      0.00000000	      0.00000000	      0.00000000	      0.00000000	      0.00000000	      0.00000000	      0.00000000	      0.00000000	      0.00000000	      0.00000000	      0.00000000	      0.00000000	      0.00000000	      0.00000000	      0.00000000	      0.00000000	      0.00000000	      0.00000000	      0.00000000	      0.00000000	      0.00000000	      0.00000000	      0.00000000	      0.02224835	     -0.00851616	     -0.03303741	      0.01976006	      0.00746500	     -0.00833544	      0.00105677	      0.00055836	     -0.00479033	      0.00000000	     -0.00544582	      0.00589007	      0.00296344	     -0.00347893	     -0.00017907	      0.00395523	      0.00761604	      0.00217440	     -0.00417306	     -0.02313763	     -0.02274783	     -0.02505893	      0.00450717	      0.00318618	     -0.04432722	     -0.03497796	     -0.03210621	     -0.00115461	      0.00000000	     -0.00000000	      0.00000000	      0.00000000	      0.00000000	      0.00000000	      0.00000000	      0.00000000	      0.00000000	     -0.00000000	      0.00000000	      0.00000000	      0.00000000	     -0.00000000	      0.00000000	      0.00000000	      0.00000000	      0.00000000	      0.00000000	      0.00000000	      0.00000000
      1.58000000	      0.00000000	      0.00000000	      0.00000000	      0.00000000	      0.00000000	      0.00000000	      0.00000000	      0.00000000	      0.00000000	      0.00000000	      0.00000000	      0.00000000	      0.00000000	      0.00000000	      0.00000000	      0.00000000	      0.00000000	      0.00000000	      0.00000000	      0.00000000	      0.00000000	      0.00000000	      0.00000000	      0.00000000	      0.00000000	      0.00000000	      0.00000000	      0.00000000	      0.00000000	      0.00000000	      0.00000000	      0.00000000	      0.00000000	      0.00000000	      0.00000000	      0.00000000	      0.00000000	      0.00000000	      0.00000000	      0.00000000	      0.00000000	      0.00000000	      0.00000000	      0.02109853	     -0.00971028	     -0.03414644	      0.01866887	      0.00634014	     -0.00938883	      0.00097358	      0.00041970	     -0.00477529	      0.00000000	     -0.00522536	      0.00597517	      0.00324588	     -0.00291366	      0.00004896	      0.00385540	      0.00661834	      0.00234725	     -0.00431955	     -0.02429699	     -0.02363520	     -0.02550586	      0.00446436	      0.00315060	     -0.04335678	     -0.03450165	     -0.03264373	     -0.00121275	      0.00000000	     -0.00000000	      0.00000000	     -0.00000000	      0.00000000	      0.00000000	     -0.00000000	      0.00000000	     -0.00000000	      0.00000000	     -0.00000000	     -0.00000000	     -0.00000000	     -0.00000000	      0.00000000	      0.00000000	      0.00000000	      0.00000000	      0.00000000	      0.00000000	      0.00000000
      1.59600000	      0.00000000	      0.00000000	      0.00000000	      0.00000000	      0.00000000	      0.00000000	      0.00000000	      0.00000000	      0.00000000	      0.00000000	      0.00000000	      0.00000000	      0.00000000	      0.00000000	      0.00000000	      0.00000000	      0.00000000	      0.00000000	      0.00000000	      0.00000000	      0.00000000	      0.00000000	      0.00000000	      0.00000000	      0.00000000	      0.00000000	      0.00000000	      0.00000000	      0.00000000	      0.00000000	      0.00000000	      0.00000000	      0.00000000	      0.00000000	      0.00000000	      0.00000000	      0.00000000	      0.00000000	      0.00000000	      0.00000000	      0.00000000	      0.00000000	      0.00000000	      0.01995010	     -0.01089388	     -0.03522485	      0.01759377	      0.00524322	     -0.01041144	      0.00090240	      0.00029990	     -0.00474865	     -0.00000000	     -0.00501611	      0.00604542	      0.00349591	     -0.00239018	      0.00026038	      0.00375748	      0.00569189	      0.00249305	     -0.00444657	     -0.02542169	     -0.02446109	     -0.02591381	      0.00442262	      0.00311657	     -0.04241604	     -0.03404427	     -0.03315856	     -0.00126055	     -0.00000000	     -0.00000000	     -0.00000000	     -0.00000000	     -0.00000000	     -0.00000000	      0.00000000	     -0.00000000	      0.00000000	     -0.00000000	      0.00000000	      0.00000000	      0.00000000	      0.00000000	     -0.00000000	      0.00000000	      0.00000000	      0.00000000	      0.00000000	      0.00000000	      0.00000000
      1.61200000	      0.00000000	      0.00000000	      0.00000000	      0.00000000	      0.00000000	      0.00000000	      0.00000000	      0.00000000	      0.00000000	      0.00000000	      0.00000000	      0.00000000	      0.00000000	      0.00000000	      0.00000000	      0.00000000	      0.00000000	      0.00000000	      0.00000000	      0.00000000	      0.00000000	      0.00000000	      0.00000000	      0.00000000	      0.00000000	      0.00000000	      0.00000000	      0.00000000	      0.00000000	      0.00000000	      0.00000000	      0.00000000	      0.00000000	      0.00000000	      0.00000000	      0.00000000	      0.00000000	      0.00000000	      0.00000000	      0.00000000	      0.00000000	      0.00000000	      0.00000000	      0.01880242	     -0.01206985	     -0.03627697	      0.01653850	      0.00417817	     -0.01140198	      0.00084587	      0.00020309	     -0.00470896	      0.00000000	     -0.00481971	      0.00610058	      0.00371112	     -0.00191264	      0.00045287	      0.00366223	      0.00484668	      0.00261003	     -0.00455251	     -0.02650938	     -0.02521318	     -0.02628035	      0.00438238	      0.00308447	     -0.04150951	     -0.03361279	     -0.03365650	     -0.00129533	     -0.00000000	      0.00000000	     -0.00000000	      0.00000000	     -0.00000000	     -0.00000000	      0.00000000	     -0.00000000	      0.00000000	     -0.00000000	      0.00000000	      0.00000000	     -0.00000000	     -0.00000000	     -0.00000000	      0.00000000	      0.00000000	      0.00000000	      0.00000000	      0.00000000	      0.00000000
      1.62800000	      0.00000000	      0.00000000	      0.00000000	      0.00000000	      0.00000000	      0.00000000	      0.00000000	      0.00000000	      0.00000000	      0.00000000	      0.00000000	      0.00000000	      0.00000000	      0.00000000	      0.00000000	      0.00000000	      0.00000000	      0.00000000	      0.00000000	      0.00000000	      0.00000000	      0.00000000	      0.00000000	      0.00000000	      0.00000000	      0.00000000	      0.00000000	      0.00000000	      0.00000000	      0.00000000	      0.00000000	      0.00000000	      0.00000000	      0.00000000	      0.00000000	      0.00000000	      0.00000000	      0.00000000	      0.00000000	      0.00000000	      0.00000000	      0.00000000	      0.00000000	      0.01765036	     -0.01324467	     -0.03731040	      0.01550133	      0.00314299	     -0.01236401	      0.00080497	      0.00013085	     -0.00465563	      0.00000000	     -0.00463593	      0.00614169	      0.00389285	     -0.00147914	      0.00062661	      0.00356959	      0.00408344	      0.00269904	     -0.00463799	     -0.02756479	     -0.02588846	     -0.02660772	      0.00434376	      0.00305432	     -0.04063239	     -0.03320834	     -0.03414355	     -0.00131554	      0.00000000	      0.00000000	      0.00000000	     -0.00000000	      0.00000000	     -0.00000000	      0.00000000	     -0.00000000	     -0.00000000	     -0.00000000	     -0.00000000	      0.00000000	     -0.00000000	     -0.00000000	     -0.00000000	      0.00000000	      0.00000000	      0.00000000	      0.00000000	      0.00000000	      0.00000000
      1.64400000	      0.00000000	      0.00000000	      0.00000000	      0.00000000	      0.00000000	      0.00000000	      0.00000000	      0.00000000	      0.00000000	      0.00000000	      0.00000000	      0.00000000	      0.00000000	      0.00000000	      0.00000000	      0.00000000	      0.00000000	      0.00000000	      0.00000000	      0.00000000	      0.00000000	      0.00000000	      0.00000000	      0.00000000	      0.00000000	      0.00000000	      0.00000000	      0.00000000	      0.00000000	      0.00000000	      0.00000000	      0.00000000	      0.00000000	      0.00000000	      0.00000000	      0.00000000	      0.00000000	      0.00000000	      0.00000000	      0.00000000	      0.00000000	      0.00000000	      0.00000000	      0.01648238	     -0.01442932	     -0.03833591	      0.01447348	      0.00212841	     -0.01330639	      0.00077893	      0.00008205	     -0.00458879	      0.00000000	     -0.00446243	      0.00617106	      0.00404635	     -0.00108154	      0.00078431	      0.00347850	      0.00339313	      0.00276374	     -0.00470559	     -0.02860146	     -0.02649492	     -0.02690241	      0.00430641	      0.00302578	     -0.03977015	     -0.03282557	     -0.03462490	     -0.00132092	     -0.00000000	     -0.00000000	     -0.00000000	      0.00000000	      0.00000000	      0.00000000	      0.00000000	     -0.00000000	     -0.00000000	     -0.00000000	      0.00000000	      0.00000000	      0.00000000	     -0.00000000	     -0.00000000	      0.00000000	      0.00000000	      0.00000000	      0.00000000	      0.00000000	      0.00000000
      1.66000000	      0.00000000	      0.00000000	      0.00000000	      0.00000000	      0.00000000	      0.00000000	      0.00000000	      0.00000000	      0.00000000	      0.00000000	      0.00000000	      0.00000000	      0.00000000	      0.00000000	      0.00000000	      0.00000000	      0.00000000	      0.00000000	      0.00000000	      0.00000000	      0.00000000	      0.00000000	      0.00000000	      0.00000000	      0.00000000	      0.00000000	      0.00000000	      0.00000000	      0.00000000	      0.00000000	      0.00000000	      0.00000000	      0.00000000	      0.00000000	      0.00000000	      0.00000000	      0.00000000	      0.00000000	      0.00000000	      0.00000000	      0.00000000	      0.00000000	      0.00000000	      0.01528211	     -0.01563694	     -0.03936454	      0.01344079	      0.00112002	     -0.01424090	      0.00076550	      0.00005332	     -0.00450918	     -0.00000000	     -0.00429521	      0.00619209	      0.00418026	     -0.00070659	      0.00093082	      0.00338704	      0.00275929	      0.00281035	     -0.00475923	     -0.02964017	     -0.02705058	     -0.02717387	      0.00426966	      0.00299820	     -0.03890098	     -0.03245358	     -0.03510308	     -0.00131251	     -0.00000000	     -0.00000000	      0.00000000	      0.00000000	     -0.00000000	     -0.00000000	     -0.00000000	     -0.00000000	      0.00000000	      0.00000000	     -0.00000000	      0.00000000	     -0.00000000	      0.00000000	     -0.00000000	      0.00000000	      0.00000000	      0.00000000	      0.00000000	      0.00000000	      0.00000000
      1.67600000	      0.00000000	      0.00000000	      0.00000000	      0.00000000	      0.00000000	      0.00000000	      0.00000000	      0.00000000	      0.00000000	      0.00000000	      0.00000000	      0.00000000	      0.00000000	      0.00000000	      0.00000000	      0.00000000	      0.00000000	      0.00000000	      0.00000000	      0.00000000	      0.00000000	      0.00000000	      0.00000000	      0.00000000	      0.00000000	      0.00000000	      0.00000000	      0.00000000	      0.00000000	      0.00000000	      0.00000000	      0.00000000	      0.00000000	      0.00000000	      0.00000000	      0.00000000	      0.00000000	      0.00000000	      0.00000000	      0.00000000	      0.00000000	      0.00000000	      0.00000000	      0.01403196	     -0.01687923	     -0.04040438	      0.01238731	      0.00010184	     -0.01517907	      0.00076139	      0.00003966	     -0.00441809	     -0.00000000	     -0.00412948	      0.00620887	      0.00430543	     -0.00033814	      0.00107216	      0.00329281	      0.00216165	      0.00284688	     -0.00480355	     -0.03070503	     -0.02758046	     -0.02743286	      0.00423261	      0.00297072	     -0.03799977	     -0.03207807	     -0.03557669	     -0.00129243	      0.00000000	     -0.00000000	      0.00000000	     -0.00000000	      0.00000000	      0.00000000	     -0.00000000	      0.00000000	      0.00000000	      0.00000000	     -0.00000000	      0.00000000	      0.00000000	      0.00000000	      0.00000000	      0.00000000	      0.00000000	      0.00000000	      0.00000000	      0.00000000	      0.00000000
      1.69200000	      0.00000000	      0.00000000	      0.00000000	      0.00000000	      0.00000000	      0.00000000	      0.00000000	      0.00000000	      0.00000000	      0.00000000	      0.00000000	      0.00000000	      0.00000000	      0.00000000	      0.00000000	      0.00000000	      0.00000000	      0.00000000	      0.00000000	      0.00000000	      0.00000000	      0.00000000	      0.00000000	      0.00000000	      0.00000000	      0.00000000	      0.00000000	      0.00000000	      0.00000000	      0.00000000	      0.00000000	      0.00000000	      0.00000000	      0.00000000	      0.00000000	      0.00000000	      0.00000000	      0.00000000	      0.00000000	      0.00000000	      0.00000000	      0.00000000	      0.00000000	      0.01271745	     -0.01816322	     -0.04145820	      0.01129903	     -0.00093996	     -0.01612939	      0.00076270	      0.00003519	     -0.00431735	      0.00000000	     -0.00396044	      0.00622567	      0.00443329	      0.00004031	      0.00121459	      0.00319342	      0.00157943	      0.00288193	     -0.00484337	     -0.03181847	     -0.02811255	     -0.02768983	      0.00419436	      0.00294247	     -0.03704272	     -0.03168390	     -0.03604046	     -0.00126355	     -0.00000000	     -0.00000000	     -0.00000000	      0.00000000	     -0.00000000	      0.00000000	     -0.00000000	      0.00000000	      0.00000000	     -0.00000000	      0.00000000	     -0.00000000	     -0.00000000	      0.00000000	     -0.00000000	      0.00000000	      0.00000000	      0.00000000	      0.00000000	      0.00000000	      0.00000000
      1.70800000	      0.00000000	      0.00000000	      0.00000000	      0.00000000	      0.00000000	      0.00000000	      0.00000000	      0.00000000	      0.00000000	      0.00000000	      0.00000000	      0.00000000	      0.00000000	      0.00000000	      0.00000000	      0.00000000	      0.00000000	      0.00000000	      0.00000000	      0.00000000	      0.00000000	      0.00000000	      0.00000000	      0.00000000	      0.00000000	      0.00000000	      0.00000000	      0.00000000	      0.00000000	      0.00000000	      0.00000000	      0.00000000	      0.00000000	      0.00000000	      0.00000000	      0.00000000	      0.00000000	      0.00000000	      0.00000000	      0.00000000	      0.00000000	      0.00000000	      0.00000000	      0.01133231	     -0.01948762	     -0.04252132	      0.01016804	     -0.00201335	     -0.01709476	      0.00076530	      0.00003358	     -0.00420944	     -0.00000000	     -0.00378421	      0.00624627	      0.00457419	      0.00044290	      0.00136366	      0.00308699	      0.00099421	      0.00292347	     -0.00488345	     -0.03299553	     -0.02867368	     -0.02795348	      0.00415415	      0.00291271	     -0.03601256	     -0.03125769	     -0.03648566	     -0.00122933	      0.00000000	      0.00000000	     -0.00000000	      0.00000000	     -0.00000000	     -0.00000000	     -0.00000000	     -0.00000000	     -0.00000000	     -0.00000000	      0.00000000	     -0.00000000	      0.00000000	      0.00000000	     -0.00000000	      0.00000000	      0.00000000	      0.00000000	      0.00000000	      0.00000000	      0.00000000
      1.72400000	      0.00000000	      0.00000000	      0.00000000	      0.00000000	      0.00000000	      0.00000000	      0.00000000	      0.00000000	      0.00000000	      0.00000000	      0.00000000	      0.00000000	      0.00000000	      0.00000000	      0.00000000	      0.00000000	      0.00000000	      0.00000000	      0.00000000	      0.00000000	      0.00000000	      0.00000000	      0.00000000	      0.00000000	      0.00000000	      0.00000000	      0.00000000	      0.00000000	      0.00000000	      0.00000000	      0.00000000	      0.00000000	      0.00000000	      0.00000000	      0.00000000	      0.00000000	      0.00000000	      0.00000000	      0.00000000	      0.00000000	      0.00000000	      0.00000000	      0.00000000	      0.00988365	     -0.02083948	     -0.04357990	      0.00899642	     -0.00311691	     -0.01807022	      0.00076500	      0.00002838	     -0.00409782	     -0.00000000	     -0.00359864	      0.00627347	      0.00473573	      0.00087855	      0.00152326	      0.00297275	      0.00039236	      0.00297776	     -0.00492830	     -0.03423821	     -0.02928533	     -0.02822939	      0.00411158	      0.00288099	     -0.03490444	     -0.03079057	     -0.03690080	     -0.00119369	      0.00000000	      0.00000000	      0.00000000	     -0.00000000	      0.00000000	      0.00000000	     -0.00000000	      0.00000000	     -0.00000000	     -0.00000000	     -0.00000000	     -0.00000000	     -0.00000000	      0.00000000	     -0.00000000	      0.00000000	      0.00000000	      0.00000000	      0.00000000	      0.00000000	      0.00000000
      1.74000000	      0.00000000	      0.00000000	      0.00000000	      0.00000000	      0.00000000	      0.00000000	      0.00000000	      0.00000000	      0.00000000	      0.00000000	      0.00000000	      0.00000000	      0.00000000	      0.00000000	      0.00000000	      0.00000000	      0.00000000	      0.00000000	      0.00000000	      0.00000000	      0.00000000	      0.00000000	      0.00000000	      0.00000000	      0.00000000	      0.00000000	      0.00000000	      0.00000000	      0.00000000	      0.00000000	      0.00000000	      0.00000000	      0.00000000	      0.00000000	      0.00000000	      0.00000000	      0.00000000	      0.00000000	      0.00000000	      0.00000000	      0.00000000	      0.00000000	      0.00000000	      0.00839476	     -0.02219308	     -0.04461126	      0.00779826	     -0.00423825	     -0.01904224	      0.00075784	      0.00001331	     -0.00398711	      0.00000000	     -0.00340385	      0.00630861	      0.00492137	      0.00134873	      0.00169487	      0.00285142	     -0.00023336	      0.00304844	     -0.00498210	     -0.03553200	     -0.02996021	     -0.02851895	      0.00406669	      0.00284725	     -0.03373057	     -0.03028044	     -0.03727308	     -0.00116088	     -0.00000000	     -0.00000000	      0.00000000	      0.00000000	      0.00000000	     -0.00000000	     -0.00000000	     -0.00000000	     -0.00000000	      0.00000000	     -0.00000000	      0.00000000	     -0.00000000	     -0.00000000	     -0.00000000	      0.00000000	      0.00000000	      0.00000000	      0.00000000	      0.00000000	      0.00000000
      1.75600000	      0.00000000	      0.00000000	      0.00000000	      0.00000000	      0.00000000	      0.00000000	      0.00000000	      0.00000000	      0.00000000	      0.00000000	      0.00000000	      0.00000000	      0.00000000	      0.00000000	      0.00000000	      0.00000000	      0.00000000	      0.00000000	      0.00000000	      0.00000000	      0.00000000	      0.00000000	      0.00000000	      0.00000000	      0.00000000	      0.00000000	      0.00000000	      0.00000000	      0.00000000	      0.00000000	      0.00000000	      0.00000000	      0.00000000	      0.00000000	      0.00000000	      0.00000000	      0.00000000	      0.00000000	      0.00000000	      0.00000000	      0.00000000	      0.00000000	      0.00000000	      0.00690387	     -0.02351262	     -0.04558737	      0.00659856	     -0.00535517	     -0.01999059	      0.00074033	     -0.00001727	     -0.00388282	      0.00000000	     -0.00320236	      0.00635128	      0.00512950	      0.00184627	      0.00187716	      0.00272540	     -0.00088337	      0.00313592	     -0.00504846	     -0.03684607	     -0.03069962	     -0.02881876	      0.00402002	      0.00281186	     -0.03252153	     -0.02973320	     -0.03759102	     -0.00113510	      0.00000000	      0.00000000	      0.00000000	      0.00000000	      0.00000000	      0.00000000	     -0.00000000	      0.00000000	      0.00000000	     -0.00000000	      0.00000000	     -0.00000000	     -0.00000000	     -0.00000000	     -0.00000000	      0.00000000	      0.00000000	      0.00000000	      0.00000000	      0.00000000	      0.00000000
      1.77200000	      0.00000000	      0.00000000	      0.00000000	      0.00000000	      0.00000000	      0.00000000	      0.00000000	      0.00000000	      0.00000000	      0.00000000	      0.00000000	      0.00000000	      0.00000000	      0.00000000	      0.00000000	      0.00000000	      0.00000000	      0.00000000	      0.00000000	      0.00000000	      0.00000000	      0.00000000	      0.00000000	      0.00000000	      0.00000000	      0.00000000	      0.00000000	      0.00000000	      0.00000000	      0.00000000	      0.00000000	      0.00000000	      0.00000000	      0.00000000	      0.00000000	      0.00000000	      0.00000000	      0.00000000	      0.00000000	      0.00000000	      0.00000000	      0.00000000	      0.00000000	      0.00545897	     -0.02475819	     -0.04648034	      0.00542947	     -0.00643945	     -0.02089217	      0.00070991	     -0.00006769	     -0.00379078	     -0.00000000	     -0.00299874	      0.00639935	      0.00535336	      0.00235588	      0.00206614	      0.00259851	     -0.00155192	      0.00323718	     -0.00513002	     -0.03813745	     -0.03149234	     -0.02912081	      0.00397256	      0.00277557	     -0.03132295	     -0.02916242	     -0.03784736	     -0.00112005	      0.00000000	      0.00000000	      0.00000000	     -0.00000000	     -0.00000000	      0.00000000	      0.00000000	      0.00000000	     -0.00000000	     -0.00000000	      0.00000000	     -0.00000000	      0.00000000	      0.00000000	      0.00000000	      0.00000000	      0.00000000	      0.00000000	      0.00000000	      0.00000000	      0.00000000
      1.78800000	      0.00000000	      0.00000000	      0.00000000	      0.00000000	      0.00000000	      0.00000000	      0.00000000	      0.00000000	      0.00000000	      0.00000000	      0.00000000	      0.00000000	      0.00000000	      0.00000000	      0.00000000	      0.00000000	      0.00000000	      0.00000000	      0.00000000	      0.00000000	      0.00000000	      0.00000000	      0.00000000	      0.00000000	      0.00000000	      0.00000000	      0.00000000	      0.00000000	      0.00000000	      0.00000000	      0.00000000	      0.00000000	      0.00000000	      0.00000000	      0.00000000	      0.00000000	      0.00000000	      0.00000000	      0.00000000	      0.00000000	      0.00000000	      0.00000000	      0.00000000	      0.00410971	     -0.02589316	     -0.04726846	      0.00432441	     -0.00746232	     -0.02172580	      0.00066515	     -0.00014048	     -0.00371628	     -0.00000000	     -0.00279871	      0.00644937	      0.00558226	      0.00285690	      0.00225587	      0.00247534	     -0.00222895	      0.00334644	     -0.00522806	     -0.03935892	     -0.03231628	     -0.02941387	      0.00392564	      0.00273943	     -0.03018726	     -0.02858710	     -0.03804110	     -0.00111834	     -0.00000000	     -0.00000000	     -0.00000000	      0.00000000	     -0.00000000	      0.00000000	      0.00000000	     -0.00000000	     -0.00000000	     -0.00000000	     -0.00000000	      0.00000000	      0.00000000	     -0.00000000	      0.00000000	      0.00000000	      0.00000000	      0.00000000	      0.00000000	      0.00000000	      0.00000000
      1.80400000	      0.00000000	      0.00000000	      0.00000000	      0.00000000	      0.00000000	      0.00000000	      0.00000000	      0.00000000	      0.00000000	      0.00000000	      0.00000000	      0.00000000	      0.00000000	      0.00000000	      0.00000000	      0.00000000	      0.00000000	      0.00000000	      0.00000000	      0.00000000	      0.00000000	      0.00000000	      0.00000000	      0.00000000	      0.00000000	      0.00000000	      0.00000000	      0.00000000	      0.00000000	      0.00000000	      0.00000000	      0.00000000	      0.00000000	      0.00000000	      0.00000000	      0.00000000	      0.00000000	      0.00000000	      0.00000000	      0.00000000	      0.00000000	      0.00000000	      0.00000000	      0.00289803	     -0.02689119	     -0.04794033	      0.00331177	     -0.00840001	     -0.02247641	      0.00060594	     -0.00023604	     -0.00366329	      0.00000000	     -0.00260800	      0.00649747	      0.00580409	      0.00332791	      0.00243983	      0.00236037	     -0.00290251	      0.00345668	     -0.00534232	     -0.04046881	     -0.03314321	     -0.02968591	      0.00388063	      0.00270455	     -0.02916247	     -0.02802781	     -0.03817762	     -0.00113105	      0.00000000	      0.00000000	      0.00000000	     -0.00000000	      0.00000000	     -0.00000000	     -0.00000000	     -0.00000000	     -0.00000000	      0.00000000	     -0.00000000	      0.00000000	     -0.00000000	     -0.00000000	     -0.00000000	      0.00000000	      0.00000000	      0.00000000	      0.00000000	      0.00000000	      0.00000000
      1.82000000	      0.00000000	      0.00000000	      0.00000000	      0.00000000	      0.00000000	      0.00000000	      0.00000000	      0.00000000	      0.00000000	      0.00000000	      0.00000000	      0.00000000	      0.00000000	      0.00000000	      0.00000000	      0.00000000	      0.00000000	      0.00000000	      0.00000000	      0.00000000	      0.00000000	      0.00000000	      0.00000000	      0.00000000	      0.00000000	      0.00000000	      0.00000000	      0.00000000	      0.00000000	      0.00000000	      0.00000000	      0.00000000	      0.00000000	      0.00000000	      0.00000000	      0.00000000	      0.00000000	      0.00000000	      0.00000000	      0.00000000	      0.00000000	      0.00000000	      0.00000000	      0.00185085	     -0.02773942	     -0.04849515	      0.00241054	     -0.00923717	     -0.02313632	      0.00053339	     -0.00035255	     -0.00363384	      0.00000000	     -0.00243137	      0.00654047	      0.00600842	      0.00375169	      0.00261221	      0.00225708	     -0.00356010	      0.00356168	     -0.00547107	     -0.04143914	     -0.03394497	     -0.02992683	      0.00383874	      0.00267191	     -0.02828224	     -0.02750292	     -0.03826622	     -0.00115735	      0.00000000	      0.00000000	      0.00000000	     -0.00000000	      0.00000000	     -0.00000000	     -0.00000000	     -0.00000000	     -0.00000000	     -0.00000000	      0.00000000	      0.00000000	      0.00000000	     -0.00000000	      0.00000000	      0.00000000	      0.00000000	      0.00000000	      0.00000000	      0.00000000	      0.00000000
      1.83600000	      0.00000000	      0.00000000	      0.00000000	      0.00000000	      0.00000000	      0.00000000	      0.00000000	      0.00000000	      0.00000000	      0.00000000	      0.00000000	      0.00000000	      0.00000000	      0.00000000	      0.00000000	      0.00000000	      0.00000000	      0.00000000	      0.00000000	      0.00000000	      0.00000000	      0.00000000	      0.00000000	      0.00000000	      0.00000000	      0.00000000	      0.00000000	      0.00000000	      0.00000000	      0.00000000	      0.00000000	      0.00000000	      0.00000000	      0.00000000	      0.00000000	      0.00000000	      0.00000000	      0.00000000	      0.00000000	      0.00000000	      0.00000000	      0.00000000	      0.00000000	      0.00097847	     -0.02843613	     -0.04893824	      0.00163041	     -0.00996574	     -0.02370257	      0.00044983	     -0.00048596	     -0.00362803	     -0.00000000	     -0.00227230	      0.00657690	      0.00618911	      0.00411841	      0.00276866	      0.00216757	     -0.00418777	      0.00365800	     -0.00561148	     -0.04225835	     -0.03469817	     -0.03013008	      0.00380090	      0.00264223	     -0.02756163	     -0.02702679	     -0.03831587	     -0.00119439	     -0.00000000	     -0.00000000	      0.00000000	     -0.00000000	     -0.00000000	      0.00000000	     -0.00000000	      0.00000000	      0.00000000	     -0.00000000	      0.00000000	     -0.00000000	      0.00000000	      0.00000000	      0.00000000	      0.00000000	      0.00000000	      0.00000000	      0.00000000	      0.00000000	      0.00000000
      1.85200000	      0.00000000	      0.00000000	      0.00000000	      0.00000000	      0.00000000	      0.00000000	      0.00000000	      0.00000000	      0.00000000	      0.00000000	      0.00000000	      0.00000000	      0.00000000	      0.00000000	      0.00000000	      0.00000000	      0.00000000	      0.00000000	      0.00000000	      0.00000000	      0.00000000	      0.00000000	      0.00000000	      0.00000000	      0.00000000	      0.00000000	      0.00000000	      0.00000000	      0.00000000	      0.00000000	      0.00000000	      0.00000000	      0.00000000	      0.00000000	      0.00000000	      0.00000000	      0.00000000	      0.00000000	      0.00000000	      0.00000000	      0.00000000	      0.00000000	      0.00000000	      0.00028018	     -0.02898310	     -0.04927387	      0.00097695	     -0.01057953	     -0.02417102	      0.00035863	     -0.00063024	     -0.00364470	     -0.00000000	     -0.00213357	      0.00660746	      0.00634509	      0.00442559	      0.00290616	      0.00209283	     -0.00476761	      0.00374581	     -0.00576002	     -0.04292649	     -0.03538465	     -0.03029283	      0.00376781	      0.00261604	     -0.02700085	     -0.02661078	     -0.03833118	     -0.00123765	     -0.00000000	     -0.00000000	      0.00000000	      0.00000000	      0.00000000	     -0.00000000	      0.00000000	     -0.00000000	     -0.00000000	     -0.00000000	     -0.00000000	     -0.00000000	     -0.00000000	     -0.00000000	     -0.00000000	      0.00000000	      0.00000000	      0.00000000	      0.00000000	      0.00000000	      0.00000000
      1.86800000	      0.00000000	      0.00000000	      0.00000000	      0.00000000	      0.00000000	      0.00000000	      0.00000000	      0.00000000	      0.00000000	      0.00000000	      0.00000000	      0.00000000	      0.00000000	      0.00000000	      0.00000000	      0.00000000	      0.00000000	      0.00000000	      0.00000000	      0.00000000	      0.00000000	      0.00000000	      0.00000000	      0.00000000	      0.00000000	      0.00000000	      0.00000000	      0.00000000	      0.00000000	      0.00000000	      0.00000000	      0.00000000	      0.00000000	      0.00000000	      0.00000000	      0.00000000	      0.00000000	      0.00000000	      0.00000000	      0.00000000	      0.00000000	      0.00000000	      0.00000000	     -0.00024294	     -0.02937504	     -0.04949809	      0.00046096	     -0.01106575	     -0.02452954	      0.00026409	     -0.00077763	     -0.00368256	     -0.00000000	     -0.00201869	      0.00663457	      0.00647857	      0.00467400	      0.00302180	      0.00203388	     -0.00527431	      0.00382801	     -0.00591267	     -0.04344340	     -0.03598628	     -0.03041469	      0.00374028	      0.00259386	     -0.02659644	     -0.02626722	     -0.03831081	     -0.00128169	     -0.00000000	      0.00000000	     -0.00000000	      0.00000000	     -0.00000000	      0.00000000	      0.00000000	     -0.00000000	     -0.00000000	     -0.00000000	      0.00000000	     -0.00000000	     -0.00000000	     -0.00000000	      0.00000000	      0.00000000	      0.00000000	      0.00000000	      0.00000000	      0.00000000	      0.00000000
      1.88400000	      0.00000000	      0.00000000	      0.00000000	      0.00000000	      0.00000000	      0.00000000	      0.00000000	      0.00000000	      0.00000000	      0.00000000	      0.00000000	      0.00000000	      0.00000000	      0.00000000	      0.00000000	      0.00000000	      0.00000000	      0.00000000	      0.00000000	      0.00000000	      0.00000000	      0.00000000	      0.00000000	      0.00000000	      0.00000000	      0.00000000	      0.00000000	      0.00000000	      0.00000000	      0.00000000	      0.00000000	      0.00000000	      0.00000000	      0.00000000	      0.00000000	      0.00000000	      0.00000000	      0.00000000	      0.00000000	      0.00000000	      0.00000000	      0.00000000	      0.00000000	     -0.00057086	     -0.02958881	     -0.04959408	      0.00011001	     -0.01139567	     -0.02475241	      0.00017150	     -0.00091850	     -0.00374137	     -0.00000000	     -0.00193379	      0.00666101	      0.00659096	      0.00486054	      0.00311092	      0.00199322	     -0.00567220	      0.00390757	     -0.00606426	     -0.04379295	     -0.03647570	     -0.03049566	      0.00371973	      0.00257669	     -0.02635676	     -0.02601517	     -0.03824903	     -0.00132147	      0.00000000	      0.00000000	      0.00000000	     -0.00000000	     -0.00000000	      0.00000000	      0.00000000	     -0.00000000	     -0.00000000	     -0.00000000	      0.00000000	     -0.00000000	      0.00000000	      0.00000000	      0.00000000	      0.00000000	      0.00000000	      0.00000000	      0.00000000	      0.00000000	      0.00000000
      1.90000000	      0.00000000	      0.00000000	      0.00000000	      0.00000000	      0.00000000	      0.00000000	      0.00000000	      0.00000000	      0.00000000	      0.00000000	      0.00000000	      0.00000000	      0.00000000	      0.00000000	      0.00000000	      0.00000000	      0.00000000	      0.00000000	      0.00000000	      0.00000000	      0.00000000	      0.00000000	      0.00000000	      0.00000000	      0.00000000	      0.00000000	      0.00000000	      0.00000000	      0.00000000	      0.00000000	      0.00000000	      0.00000000	      0.00000000	      0.00000000	      0.00000000	      0.00000000	      0.00000000	      0.00000000	      0.00000000	      0.00000000	      0.00000000	      0.00000000	      0.00000000	     -0.00064888	     -0.02957603	     -0.04953068	     -0.00002209	     -0.01151788	     -0.02479766	      0.00008752	     -0.00104073	     -0.00382256	     -0.00000000	     -0.00188931	      0.00668818	      0.00667806	      0.00497072	      0.00316510	      0.00197636	     -0.00591417	      0.00398423	     -0.00620647	     -0.04392947	     -0.03680793	     -0.03053393	      0.00370869	      0.00256639	     -0.02631611	     -0.02588540	     -0.03813928	     -0.00135449	     -0.00000000	     -0.00000000	     -0.00000000	     -0.00000000	     -0.00000000	      0.00000000	      0.00000000	      0.00000000	      0.00000000	      0.00000000	     -0.00000000	      0.00000000	      0.00000000	     -0.00000000	     -0.00000000	      0.00000000	      0.00000000	      0.00000000	      0.00000000	      0.00000000	      0.00000000
      1.91600000	      0.00000000	      0.00000000	      0.00000000	      0.00000000	      0.00000000	      0.00000000	      0.00000000	      0.00000000	      0.00000000	      0.00000000	      0.00000000	      0.00000000	      0.00000000	      0.00000000	      0.00000000	      0.00000000	      0.00000000	      0.00000000	      0.00000000	      0.00000000	      0.00000000	      0.00000000	      0.00000000	      0.00000000	      0.00000000	      0.00000000	      0.00000000	      0.00000000	      0.00000000	      0.00000000	      0.00000000	      0.00000000	      0.00000000	      0.00000000	      0.00000000	      0.00000000	      0.00000000	      0.00000000	      0.00000000	      0.00000000	      0.00000000	      0.00000000	      0.00000000	     -0.00038252	     -0.02926318	     -0.04926462	      0.00014600	     -0.01135882	     -0.02460964	      0.00002034	     -0.00112941	     -0.00392879	      0.00000000	     -0.00190017	      0.00671466	      0.00672685	      0.00497449	      0.00317150	      0.00199217	     -0.00594502	      0.00405191	     -0.00632606	     -0.04377374	     -0.03691889	     -0.03052369	      0.00371087	      0.00256578	     -0.02654053	     -0.02592076	     -0.03797698	     -0.00138284	      0.00000000	      0.00000000	     -0.00000000	      0.00000000	      0.00000000	      0.00000000	      0.00000000	     -0.00000000	     -0.00000000	      0.00000000	      0.00000000	     -0.00000000	     -0.00000000	     -0.00000000	      0.00000000	      0.00000000	      0.00000000	      0.00000000	      0.00000000	      0.00000000	      0.00000000
      1.93200000	      0.00000000	      0.00000000	      0.00000000	      0.00000000	      0.00000000	      0.00000000	      0.00000000	      0.00000000	      0.00000000	      0.00000000	      0.00000000	      0.00000000	      0.00000000	      0.00000000	      0.00000000	      0.00000000	      0.00000000	      0.00000000	      0.00000000	      0.00000000	      0.00000000	      0.00000000	      0.00000000	      0.00000000	      0.00000000	      0.00000000	      0.00000000	      0.00000000	      0.00000000	      0.00000000	      0.00000000	      0.00000000	      0.00000000	      0.00000000	      0.00000000	      0.00000000	      0.00000000	      0.00000000	      0.00000000	      0.00000000	      0.00000000	      0.00000000	      0.00000000	      0.00034968	     -0.02856226	     -0.04874571	      0.00071158	     -0.01083345	     -0.02412735	     -0.00002232	     -0.00117044	     -0.00406428	     -0.00000000	     -0.00198365	      0.00673540	      0.00671538	      0.00482816	      0.00311412	      0.00205162	     -0.00571029	      0.00409782	     -0.00641041	     -0.04322280	     -0.03673341	     -0.03045210	      0.00373070	      0.00257835	     -0.02711917	     -0.02616888	     -0.03775973	     -0.00140922	     -0.00000000	      0.00000000	     -0.00000000	     -0.00000000	     -0.00000000	     -0.00000000	      0.00000000	     -0.00000000	      0.00000000	      0.00000000	      0.00000000	     -0.00000000	     -0.00000000	     -0.00000000	     -0.00000000	      0.00000000	      0.00000000	      0.00000000	      0.00000000	      0.00000000	      0.00000000
      1.94800000	      0.00000000	      0.00000000	      0.00000000	      0.00000000	      0.00000000	      0.00000000	      0.00000000	      0.00000000	      0.00000000	      0.00000000	      0.00000000	      0.00000000	      0.00000000	      0.00000000	      0.00000000	      0.00000000	      0.00000000	      0.00000000	      0.00000000	      0.00000000	      0.00000000	      0.00000000	      0.00000000	      0.00000000	      0.00000000	      0.00000000	      0.00000000	      0.00000000	      0.00000000	      0.00000000	      0.00000000	      0.00000000	      0.00000000	      0.00000000	      0.00000000	      0.00000000	      0.00000000	      0.00000000	      0.00000000	      0.00000000	      0.00000000	      0.00000000	      0.00000000	      0.00166500	     -0.02739061	     -0.04792361	      0.00176447	     -0.00986470	     -0.02329699	     -0.00003596	     -0.00112335	     -0.00423417	      0.00000000	     -0.00215501	      0.00674189	      0.00661642	      0.00448318	      0.00297724	      0.00216460	     -0.00516853	      0.00410351	     -0.00645469	     -0.04217216	     -0.03618086	     -0.03029624	      0.00377217	      0.00260740	     -0.02813974	     -0.02666771	     -0.03748406	     -0.00143224	      0.00000000	     -0.00000000	      0.00000000	      0.00000000	      0.00000000	     -0.00000000	     -0.00000000	      0.00000000	      0.00000000	     -0.00000000	      0.00000000	     -0.00000000	      0.00000000	     -0.00000000	      0.00000000	      0.00000000	      0.00000000	      0.00000000	      0.00000000	      0.00000000	      0.00000000
      1.96400000	      0.00000000	      0.00000000	      0.00000000	      0.00000000	      0.00000000	      0.00000000	      0.00000000	      0.00000000	      0.00000000	      0.00000000	      0.00000000	      0.00000000	      0.00000000	      0.00000000	      0.00000000	      0.00000000	      0.00000000	      0.00000000	      0.00000000	      0.00000000	      0.00000000	      0.00000000	      0.00000000	      0.00000000	      0.00000000	      0.00000000	      0.00000000	      0.00000000	      0.00000000	      0.00000000	      0.00000000	      0.00000000	      0.00000000	      0.00000000	      0.00000000	      0.00000000	      0.00000000	      0.00000000	      0.00000000	      0.00000000	      0.00000000	      0.00000000	      0.00000000	      0.00363709	     -0.02569343	     -0.04675449	      0.00335923	     -0.00840498	     -0.02208434	     -0.00001838	     -0.00119953	     -0.00443905	     -0.00000000	     -0.00242230	      0.00672348	      0.00640435	      0.00390076	      0.00275025	      0.00233579	     -0.00430238	      0.00404810	     -0.00637977	     -0.04054341	     -0.03521343	     -0.03002371	      0.00383738	      0.00265500	     -0.02965357	     -0.02742876	     -0.03714027	     -0.00144597	      0.00000000	      0.00000000	      0.00000000	     -0.00000000	     -0.00000000	     -0.00000000	      0.00000000	      0.00000000	     -0.00000000	     -0.00000000	     -0.00000000	     -0.00000000	      0.00000000	      0.00000000	      0.00000000	      0.00000000	      0.00000000	      0.00000000	      0.00000000	      0.00000000	      0.00000000
      1.98000000	      0.00000000	      0.00000000	      0.00000000	      0.00000000	      0.00000000	      0.00000000	      0.00000000	      0.00000000	      0.00000000	      0.00000000	      0.00000000	      0.00000000	      0.00000000	      0.00000000	      0.00000000	      0.00000000	      0.00000000	      0.00000000	      0.00000000	      0.00000000	      0.00000000	      0.00000000	      0.00000000	      0.00000000	      0.00000000	      0.00000000	      0.00000000	      0.00000000	      0.00000000	      0.00000000	      0.00000000	      0.00000000	      0.00000000	      0.00000000	      0.00000000	      0.00000000	      0.00000000	      0.00000000	      0.00000000	      0.00000000	      0.00000000	      0.00000000	      0.00000000	      0.00626308	     -0.02346182	     -0.04520784	      0.00549343	     -0.00645243	     -0.02048354	      0.00007863	     -0.00123188	     -0.00466630	     -0.00000000	     -0.00278255	      0.00666995	      0.00606414	      0.00306836	      0.00243227	      0.00256149	     -0.00312374	      0.00391376	     -0.00660383	     -0.03830975	     -0.03382234	     -0.02960141	      0.00392536	      0.00272104	     -0.03164306	     -0.02842588	     -0.03670877	     -0.00144455	     -0.00000000	      0.00000000	     -0.00000000	      0.00000000	      0.00000000	      0.00000000	      0.00000000	      0.00000000	     -0.00000000	     -0.00000000	      0.00000000	      0.00000000	     -0.00000000	     -0.00000000	      0.00000000	      0.00000000	      0.00000000	      0.00000000	      0.00000000	      0.00000000	      0.00000000
      1.99600000	      0.00000000	      0.00000000	      0.00000000	      0.00000000	      0.00000000	      0.00000000	      0.00000000	      0.00000000	      0.00000000	      0.00000000	      0.00000000	      0.00000000	      0.00000000	      0.00000000	      0.00000000	      0.00000000	      0.00000000	      0.00000000	      0.00000000	      0.00000000	      0.00000000	      0.00000000	      0.00000000	      0.00000000	      0.00000000	      0.00000000	      0.00000000	      0.00000000	      0.00000000	      0.00000000	      0.00000000	      0.00000000	      0.00000000	      0.00000000	      0.00000000	      0.00000000	      0.00000000	      0.00000000	      0.00000000	      0.00000000	      0.00000000	      0.00000000	      0.00000000	      0.00944942	     -0.02074255	     -0.04327535	      0.00809843	     -0.00405797	     -0.01852147	      0.00011795	     -0.00120516	     -0.00489390	      0.00000000	     -0.00322081	      0.00657495	      0.00559934	      0.00201195	      0.00203484	      0.00282882	     -0.00167217	      0.00369219	     -0.00677924	     -0.03551425	     -0.03204804	     -0.02901114	      0.00403164	      0.00280282	     -0.03400698	     -0.02959565	     -0.03616188	     -0.00142499	      0.00000000	     -0.00000000	     -0.00000000	     -0.00000000	      0.00000000	     -0.00000000	     -0.00000000	      0.00000000	     -0.00000000	      0.00000000	      0.00000000	     -0.00000000	     -0.00000000	      0.00000000	      0.00000000	      0.00000000	      0.00000000	      0.00000000	      0.00000000	      0.00000000	      0.00000000
      2.01200000	      0.00000000	      0.00000000	      0.00000000	      0.00000000	      0.00000000	      0.00000000	      0.00000000	      0.00000000	      0.00000000	      0.00000000	      0.00000000	      0.00000000	      0.00000000	      0.00000000	      0.00000000	      0.00000000	      0.00000000	      0.00000000	      0.00000000	      0.00000000	      0.00000000	      0.00000000	      0.00000000	      0.00000000	      0.00000000	      0.00000000	      0.00000000	      0.00000000	      0.00000000	      0.00000000	      0.00000000	      0.00000000	      0.00000000	      0.00000000	      0.00000000	      0.00000000	      0.00000000	      0.00000000	      0.00000000	      0.00000000	      0.00000000	      0.00000000	      0.00000000	      0.01302035	     -0.01763924	     -0.04098294	      0.01104420	     -0.00132347	     -0.01625931	      0.00019603	     -0.00110933	     -0.00509778	     -0.00000000	     -0.00371237	      0.00643904	      0.00503539	      0.00079694	      0.00158134	      0.00311803	     -0.00000902	      0.00338964	     -0.00687760	     -0.03227654	     -0.02998082	     -0.02826303	      0.00414875	      0.00289524	     -0.03657392	     -0.03084967	     -0.03547224	     -0.00138883	     -0.00000000	      0.00000000	     -0.00000000	     -0.00000000	     -0.00000000	      0.00000000	     -0.00000000	      0.00000000	     -0.00000000	      0.00000000	     -0.00000000	     -0.00000000	     -0.00000000	      0.00000000	     -0.00000000	      0.00000000	      0.00000000	      0.00000000	      0.00000000	      0.00000000	      0.00000000
      2.02800000	      0.00000000	      0.00000000	      0.00000000	      0.00000000	      0.00000000	      0.00000000	      0.00000000	      0.00000000	      0.00000000	      0.00000000	      0.00000000	      0.00000000	      0.00000000	      0.00000000	      0.00000000	      0.00000000	      0.00000000	      0.00000000	      0.00000000	      0.00000000	      0.00000000	      0.00000000	      0.00000000	      0.00000000	      0.00000000	      0.00000000	      0.00000000	      0.00000000	      0.00000000	      0.00000000	      0.00000000	      0.00000000	      0.00000000	      0.00000000	      0.00000000	      0.00000000	      0.00000000	      0.00000000	      0.00000000	      0.00000000	      0.00000000	      0.00000000	      0.00000000	      0.01674737	     -0.01430392	     -0.03840090	      0.01415737	      0.00160893	     -0.01379056	      0.00030791	     -0.00095009	     -0.00526258	     -0.00000000	     -0.00422720	      0.00627081	      0.00441548	     -0.00048535	      0.00110263	      0.00340707	      0.00178997	      0.00302748	     -0.00689051	     -0.02878301	     -0.02774992	     -0.02739749	      0.00426779	      0.00299176	     -0.03914193	     -0.03209360	     -0.03462511	     -0.00133710	     -0.00000000	     -0.00000000	      0.00000000	      0.00000000	     -0.00000000	     -0.00000000	     -0.00000000	     -0.00000000	     -0.00000000	      0.00000000	     -0.00000000	      0.00000000	     -0.00000000	     -0.00000000	     -0.00000000	      0.00000000	      0.00000000	      0.00000000	      0.00000000	      0.00000000	      0.00000000
      2.04400000	      0.00000000	      0.00000000	      0.00000000	      0.00000000	      0.00000000	      0.00000000	      0.00000000	      0.00000000	      0.00000000	      0.00000000	      0.00000000	      0.00000000	      0.00000000	      0.00000000	      0.00000000	      0.00000000	      0.00000000	      0.00000000	      0.00000000	      0.00000000	      0.00000000	      0.00000000	      0.00000000	      0.00000000	      0.00000000	      0.00000000	      0.00000000	      0.00000000	      0.00000000	      0.00000000	      0.00000000	      0.00000000	      0.00000000	      0.00000000	      0.00000000	      0.00000000	      0.00000000	      0.00000000	      0.00000000	      0.00000000	      0.00000000	      0.00000000	      0.00000000	      0.02039341	     -0.01091607	     -0.03564284	      0.01725114	      0.00457742	     -0.01123175	      0.00044247	     -0.00074500	     -0.00538303	     -0.00000000	     -0.00473556	      0.00608506	      0.00378973	     -0.00174148	      0.00063011	      0.00367676	      0.00364368	      0.00263730	     -0.00682522	     -0.02525674	     -0.02550130	     -0.02647448	      0.00438040	      0.00308571	     -0.04152944	     -0.03324629	     -0.03362797	     -0.00127291	      0.00000000	     -0.00000000	      0.00000000	      0.00000000	     -0.00000000	     -0.00000000	     -0.00000000	     -0.00000000	     -0.00000000	      0.00000000	     -0.00000000	     -0.00000000	     -0.00000000	     -0.00000000	     -0.00000000	      0.00000000	      0.00000000	      0.00000000	      0.00000000	      0.00000000	      0.00000000
      2.06000000	      0.00000000	      0.00000000	      0.00000000	      0.00000000	      0.00000000	      0.00000000	      0.00000000	      0.00000000	      0.00000000	      0.00000000	      0.00000000	      0.00000000	      0.00000000	      0.00000000	      0.00000000	      0.00000000	      0.00000000	      0.00000000	      0.00000000	      0.00000000	      0.00000000	      0.00000000	      0.00000000	      0.00000000	      0.00000000	      0.00000000	      0.00000000	      0.00000000	      0.00000000	      0.00000000	      0.00000000	      0.00000000	      0.00000000	      0.00000000	      0.00000000	      0.00000000	      0.00000000	      0.00000000	      0.00000000	      0.00000000	      0.00000000	      0.00000000	      0.00000000	      0.02375950	     -0.00765050	     -0.03284720	      0.02016064	      0.00742913	     -0.00870383	      0.00058635	     -0.00051679	     -0.00546221	     -0.00000000	     -0.00521320	      0.00589865	      0.00320229	     -0.00289897	      0.00018883	      0.00391437	      0.00547690	      0.00225220	     -0.00669816	     -0.02191303	     -0.02336960	     -0.02555671	      0.00448072	      0.00317184	     -0.04361527	     -0.03425283	     -0.03251127	     -0.00120198	     -0.00000000	     -0.00000000	     -0.00000000	     -0.00000000	     -0.00000000	     -0.00000000	     -0.00000000	      0.00000000	     -0.00000000	      0.00000000	     -0.00000000	     -0.00000000	     -0.00000000	     -0.00000000	     -0.00000000	      0.00000000	      0.00000000	      0.00000000	      0.00000000	      0.00000000	      0.00000000
      2.07600000	      0.00000000	      0.00000000	      0.00000000	      0.00000000	      0.00000000	      0.00000000	      0.00000000	      0.00000000	      0.00000000	      0.00000000	      0.00000000	      0.00000000	      0.00000000	      0.00000000	      0.00000000	      0.00000000	      0.00000000	      0.00000000	      0.00000000	      0.00000000	      0.00000000	      0.00000000	      0.00000000	      0.00000000	      0.00000000	      0.00000000	      0.00000000	      0.00000000	      0.00000000	      0.00000000	      0.00000000	      0.00000000	      0.00000000	      0.00000000	      0.00000000	      0.00000000	      0.00000000	      0.00000000	      0.00000000	      0.00000000	      0.00000000	      0.00000000	      0.00000000	      0.02671770	     -0.00464440	     -0.03014657	      0.02277201	      0.01004797	     -0.00630937	      0.00072763	     -0.00028671	     -0.00550816	     -0.00000000	     -0.00564481	      0.00572587	      0.00268202	     -0.00391852	     -0.00020658	      0.00411478	      0.00723157	      0.00189838	     -0.00652861	     -0.01891633	     -0.02145387	     -0.02469478	      0.00456616	      0.00324718	     -0.04535224	     -0.03508843	     -0.03131970	     -0.00113087	      0.00000000	     -0.00000000	     -0.00000000	      0.00000000	      0.00000000	      0.00000000	     -0.00000000	     -0.00000000	      0.00000000	      0.00000000	      0.00000000	      0.00000000	      0.00000000	      0.00000000	     -0.00000000	      0.00000000	      0.00000000	      0.00000000	      0.00000000	      0.00000000	      0.00000000
      2.09200000	      0.00000000	      0.00000000	      0.00000000	      0.00000000	      0.00000000	      0.00000000	      0.00000000	      0.00000000	      0.00000000	      0.00000000	      0.00000000	      0.00000000	      0.00000000	      0.00000000	      0.00000000	      0.00000000	      0.00000000	      0.00000000	      0.00000000	      0.00000000	      0.00000000	      0.00000000	      0.00000000	      0.00000000	      0.00000000	      0.00000000	      0.00000000	      0.00000000	      0.00000000	      0.00000000	      0.00000000	      0.00000000	      0.00000000	      0.00000000	      0.00000000	      0.00000000	      0.00000000	      0.00000000	      0.00000000	      0.00000000	      0.00000000	      0.00000000	      0.00000000	      0.02922032	     -0.00197622	     -0.02763877	      0.02503430	      0.01237077	     -0.00411491	      0.00085793	     -0.00007049	     -0.00553045	      0.00000000	     -0.00602461	      0.00557529	      0.00223982	     -0.00479290	     -0.00055217	      0.00427910	      0.00887378	      0.00159044	     -0.00633380	     -0.01635532	     -0.01980550	     -0.02391923	      0.00463712	      0.00331104	     -0.04675458	     -0.03575387	     -0.03009882	     -0.00106529	     -0.00000000	     -0.00000000	     -0.00000000	      0.00000000	     -0.00000000	      0.00000000	      0.00000000	      0.00000000	     -0.00000000	      0.00000000	      0.00000000	      0.00000000	      0.00000000	      0.00000000	      0.00000000	      0.00000000	      0.00000000	      0.00000000	      0.00000000	      0.00000000	      0.00000000
      2.10800000	      0.00000000	      0.00000000	      0.00000000	      0.00000000	      0.00000000	      0.00000000	      0.00000000	      0.00000000	      0.00000000	      0.00000000	      0.00000000	      0.00000000	      0.00000000	      0.00000000	      0.00000000	      0.00000000	      0.00000000	      0.00000000	      0.00000000	      0.00000000	      0.00000000	      0.00000000	      0.00000000	      0.00000000	      0.00000000	      0.00000000	      0.00000000	      0.00000000	      0.00000000	      0.00000000	      0.00000000	      0.00000000	      0.00000000	      0.00000000	      0.00000000	      0.00000000	      0.00000000	      0.00000000	      0.00000000	      0.00000000	      0.00000000	      0.00000000	      0.00000000	      0.03128721	      0.00033632	     -0.02537289	      0.02695268	      0.01438677	     -0.00214589	      0.00097250	      0.00012234	     -0.00553792	      0.00000000	     -0.00635455	      0.00544917	      0.00187192	     -0.00553703	     -0.00085176	      0.00441224	      0.01039310	      0.00133143	     -0.00612728	     -0.01424249	     -0.01843059	     -0.02324040	      0.00469565	      0.00336437	     -0.04787173	     -0.03626625	     -0.02888464	     -0.00100909	     -0.00000000	      0.00000000	      0.00000000	      0.00000000	      0.00000000	     -0.00000000	      0.00000000	     -0.00000000	     -0.00000000	      0.00000000	     -0.00000000	     -0.00000000	     -0.00000000	     -0.00000000	      0.00000000	      0.00000000	      0.00000000	      0.00000000	      0.00000000	      0.00000000	      0.00000000
      2.12400000	      0.00000000	      0.00000000	      0.00000000	      0.00000000	      0.00000000	      0.00000000	      0.00000000	      0.00000000	      0.00000000	      0.00000000	      0.00000000	      0.00000000	      0.00000000	      0.00000000	      0.00000000	      0.00000000	      0.00000000	      0.00000000	      0.00000000	      0.00000000	      0.00000000	      0.00000000	      0.00000000	      0.00000000	      0.00000000	      0.00000000	      0.00000000	      0.00000000	      0.00000000	      0.00000000	      0.00000000	      0.00000000	      0.00000000	      0.00000000	      0.00000000	      0.00000000	      0.00000000	      0.00000000	      0.00000000	      0.00000000	      0.00000000	      0.00000000	      0.00000000	      0.03298087	      0.00232163	     -0.02335382	      0.02856920	      0.01612317	     -0.00039480	      0.00106961	      0.00028755	     -0.00553728	      0.00000000	     -0.00664106	      0.00534480	      0.00156588	     -0.00617572	     -0.00111298	      0.00452040	      0.01179492	      0.00111598	     -0.00591794	     -0.01253280	     -0.01730240	     -0.02265365	      0.00474424	      0.00340880	     -0.04876264	     -0.03664943	     -0.02770061	     -0.00096437	     -0.00000000	      0.00000000	      0.00000000	     -0.00000000	      0.00000000	     -0.00000000	     -0.00000000	      0.00000000	      0.00000000	     -0.00000000	     -0.00000000	      0.00000000	     -0.00000000	      0.00000000	     -0.00000000	      0.00000000	      0.00000000	      0.00000000	      0.00000000	      0.00000000	      0.00000000
      2.14000000	      0.00000000	      0.00000000	      0.00000000	      0.00000000	      0.00000000	      0.00000000	      0.00000000	      0.00000000	      0.00000000	      0.00000000	      0.00000000	      0.00000000	      0.00000000	      0.00000000	      0.00000000	      0.00000000	      0.00000000	      0.00000000	      0.00000000	      0.00000000	      0.00000000	      0.00000000	      0.00000000	      0.00000000	      0.00000000	      0.00000000	      0.00000000	      0.00000000	      0.00000000	      0.00000000	      0.00000000	      0.00000000	      0.00000000	      0.00000000	      0.00000000	      0.00000000	      0.00000000	      0.00000000	      0.00000000	      0.00000000	      0.00000000	      0.00000000	      0.00000000	      0.03438016	      0.00403167	     -0.02155914	      0.02994080	      0.01762513	      0.00116332	      0.00114938	      0.00042436	     -0.00553284	     -0.00000000	     -0.00689177	      0.00525668	      0.00130635	     -0.00673368	     -0.00134365	      0.00460937	      0.01308968	      0.00093420	     -0.00571108	     -0.01114979	     -0.01637684	     -0.02214645	      0.00478492	      0.00344602	     -0.04947882	     -0.03692746	     -0.02656154	     -0.00093194	      0.00000000	      0.00000000	     -0.00000000	      0.00000000	     -0.00000000	     -0.00000000	     -0.00000000	      0.00000000	     -0.00000000	     -0.00000000	     -0.00000000	     -0.00000000	     -0.00000000	      0.00000000	      0.00000000	      0.00000000	      0.00000000	      0.00000000	      0.00000000	      0.00000000	      0.00000000
      2.15600000	      0.00000000	      0.00000000	      0.00000000	      0.00000000	      0.00000000	      0.00000000	      0.00000000	      0.00000000	      0.00000000	      0.00000000	      0.00000000	      0.00000000	      0.00000000	      0.00000000	      0.00000000	      0.00000000	      0.00000000	      0.00000000	      0.00000000	      0.00000000	      0.00000000	      0.00000000	      0.00000000	      0.00000000	      0.00000000	      0.00000000	      0.00000000	      0.00000000	      0.00000000	      0.00000000	      0.00000000	      0.00000000	      0.00000000	      0.00000000	      0.00000000	      0.00000000	      0.00000000	      0.00000000	      0.00000000	      0.00000000	      0.00000000	      0.00000000	      0.00000000	      0.03556018	      0.00552130	     -0.01995772	      0.03112185	      0.01893843	      0.00255594	      0.00121307	      0.00053405	     -0.00552680	      0.00000000	     -0.00711324	      0.00517852	      0.00107904	     -0.00722986	     -0.00154972	      0.00468367	      0.01428459	      0.00077494	     -0.00550991	     -0.01000886	     -0.01560487	     -0.02170401	      0.00481905	      0.00347742	     -0.05005804	     -0.03712212	     -0.02547996	     -0.00091176	      0.00000000	      0.00000000	      0.00000000	      0.00000000	      0.00000000	     -0.00000000	     -0.00000000	      0.00000000	      0.00000000	     -0.00000000	     -0.00000000	     -0.00000000	     -0.00000000	     -0.00000000	     -0.00000000	      0.00000000	      0.00000000	      0.00000000	      0.00000000	      0.00000000	      0.00000000
      2.17200000	      0.00000000	      0.00000000	      0.00000000	      0.00000000	      0.00000000	      0.00000000	      0.00000000	      0.00000000	      0.00000000	      0.00000000	      0.00000000	      0.00000000	      0.00000000	      0.00000000	      0.00000000	      0.00000000	      0.00000000	      0.00000000	      0.00000000	      0.00000000	      0.00000000	      0.00000000	      0.00000000	      0.00000000	      0.00000000	      0.00000000	      0.00000000	      0.00000000	      0.00000000	      0.00000000	      0.00000000	      0.00000000	      0.00000000	      0.00000000	      0.00000000	      0.00000000	      0.00000000	      0.00000000	      0.00000000	      0.00000000	      0.00000000	      0.00000000	      0.00000000	      0.03658053	      0.00683483	     -0.01852288	      0.03215453	      0.02009932	      0.00380382	      0.00126303	      0.00061974	     -0.00551947	     -0.00000000	     -0.00731022	      0.00510445	      0.00087215	     -0.00767640	     -0.00173486	      0.00474653	      0.01538089	      0.00062736	     -0.00531615	     -0.00903234	     -0.01493932	     -0.02131208	      0.00484742	      0.00350412	     -0.05052612	     -0.03725387	     -0.02447084	     -0.00090306	      0.00000000	      0.00000000	      0.00000000	     -0.00000000	      0.00000000	     -0.00000000	     -0.00000000	      0.00000000	     -0.00000000	     -0.00000000	     -0.00000000	     -0.00000000	     -0.00000000	      0.00000000	     -0.00000000	      0.00000000	      0.00000000	      0.00000000	      0.00000000	      0.00000000	      0.00000000
      2.18800000	      0.00000000	      0.00000000	      0.00000000	      0.00000000	      0.00000000	      0.00000000	      0.00000000	      0.00000000	      0.00000000	      0.00000000	      0.00000000	      0.00000000	      0.00000000	      0.00000000	      0.00000000	      0.00000000	      0.00000000	      0.00000000	      0.00000000	      0.00000000	      0.00000000	      0.00000000	      0.00000000	      0.00000000	      0.00000000	      0.00000000	      0.00000000	      0.00000000	      0.00000000	      0.00000000	      0.00000000	      0.00000000	      0.00000000	      0.00000000	      0.00000000	      0.00000000	      0.00000000	      0.00000000	      0.00000000	      0.00000000	      0.00000000	      0.00000000	      0.00000000	      0.03748085	      0.00800012	     -0.01723842	      0.03306565	      0.02113100	      0.00491779	      0.00130316	      0.00068703	     -0.00550928	      0.00000000	     -0.00748606	      0.00502928	      0.00067585	     -0.00808070	     -0.00190139	      0.00480017	      0.01637649	      0.00048130	     -0.00512942	     -0.00815681	     -0.01433703	     -0.02095713	      0.00487055	      0.00352708	     -0.05090277	     -0.03734425	     -0.02355321	     -0.00090400	      0.00000000	      0.00000000	     -0.00000000	      0.00000000	     -0.00000000	      0.00000000	      0.00000000	     -0.00000000	      0.00000000	      0.00000000	     -0.00000000	      0.00000000	      0.00000000	      0.00000000	      0.00000000	      0.00000000	      0.00000000	      0.00000000	      0.00000000	      0.00000000	      0.00000000
      2.20400000	      0.00000000	      0.00000000	      0.00000000	      0.00000000	      0.00000000	      0.00000000	      0.00000000	      0.00000000	      0.00000000	      0.00000000	      0.00000000	      0.00000000	      0.00000000	      0.00000000	      0.00000000	      0.00000000	      0.00000000	      0.00000000	      0.00000000	      0.00000000	      0.00000000	      0.00000000	      0.00000000	      0.00000000	      0.00000000	      0.00000000	      0.00000000	      0.00000000	      0.00000000	      0.00000000	      0.00000000	      0.00000000	      0.00000000	      0.00000000	      0.00000000	      0.00000000	      0.00000000	      0.00000000	      0.00000000	      0.00000000	      0.00000000	      0.00000000	      0.00000000	      0.03828088	      0.00902807	     -0.01609945	      0.03386762	      0.02204455	      0.00589968	      0.00133932	      0.00074487	     -0.00549266	      0.00000000	     -0.00764363	      0.00494823	      0.00048085	     -0.00844895	     -0.00205170	      0.00484634	      0.01727108	      0.00032691	     -0.00494583	     -0.00733538	     -0.01375886	     -0.02062555	      0.00488894	      0.00354724	     -0.05120742	     -0.03741759	     -0.02274894	     -0.00091117	      0.00000000	      0.00000000	     -0.00000000	     -0.00000000	     -0.00000000	     -0.00000000	     -0.00000000	     -0.00000000	     -0.00000000	      0.00000000	     -0.00000000	     -0.00000000	      0.00000000	      0.00000000	      0.00000000	      0.00000000	      0.00000000	      0.00000000	      0.00000000	      0.00000000	      0.00000000
      2.22000000	      0.00000000	      0.00000000	      0.00000000	      0.00000000	      0.00000000	      0.00000000	      0.00000000	      0.00000000	      0.00000000	      0.00000000	      0.00000000	      0.00000000	      0.00000000	      0.00000000	      0.00000000	      0.00000000	      0.00000000	      0.00000000	      0.00000000	      0.00000000	      0.00000000	      0.00000000	      0.00000000	      0.00000000	      0.00000000	      0.00000000	      0.00000000	      0.00000000	      0.00000000	      0.00000000	      0.00000000	      0.00000000	      0.00000000	      0.00000000	      0.00000000	      0.00000000	      0.00000000	      0.00000000	      0.00000000	      0.00000000	      0.00000000	      0.00000000	      0.00000000	      0.03898352	      0.00991586	     -0.01510964	      0.03456150	      0.02284192	      0.00674547	      0.00137913	      0.00080537	     -0.00546427	      0.00000000	     -0.00778598	      0.00485670	      0.00027750	     -0.00878880	     -0.00218926	      0.00488656	      0.01807019	      0.00015474	     -0.00475700	     -0.00653747	     -0.01317047	     -0.02030334	      0.00490298	      0.00356538	     -0.05146221	     -0.03750035	     -0.02207963	     -0.00091932	      0.00000000	      0.00000000	      0.00000000	     -0.00000000	      0.00000000	      0.00000000	      0.00000000	      0.00000000	      0.00000000	     -0.00000000	     -0.00000000	      0.00000000	     -0.00000000	     -0.00000000	     -0.00000000	      0.00000000	      0.00000000	      0.00000000	      0.00000000	      0.00000000	      0.00000000
      2.23600000	      0.00000000	      0.00000000	      0.00000000	      0.00000000	      0.00000000	      0.00000000	      0.00000000	      0.00000000	      0.00000000	      0.00000000	      0.00000000	      0.00000000	      0.00000000	      0.00000000	      0.00000000	      0.00000000	      0.00000000	      0.00000000	      0.00000000	      0.00000000	      0.00000000	      0.00000000	      0.00000000	      0.00000000	      0.00000000	      0.00000000	      0.00000000	      0.00000000	      0.00000000	      0.00000000	      0.00000000	      0.00000000	      0.00000000	      0.00000000	      0.00000000	      0.00000000	      0.00000000	      0.00000000	      0.00000000	      0.00000000	      0.00000000	      0.00000000	      0.00000000	      0.03957972	      0.01065237	     -0.01427699	      0.03514096	      0.02351936	      0.00744900	      0.00143058	      0.00088206	     -0.00541779	     -0.00000000	     -0.00791628	      0.00475061	      0.00005657	     -0.00910964	     -0.00231854	      0.00492223	      0.01878514	     -0.00004293	     -0.00455054	     -0.00574820	     -0.01254508	     -0.01997763	      0.00491284	      0.00358192	     -0.05169091	     -0.03761746	     -0.02156235	     -0.00092177	      0.00000000	      0.00000000	      0.00000000	      0.00000000	      0.00000000	     -0.00000000	      0.00000000	      0.00000000	     -0.00000000	      0.00000000	      0.00000000	      0.00000000	     -0.00000000	     -0.00000000	     -0.00000000	      0.00000000	      0.00000000	      0.00000000	      0.00000000	      0.00000000	      0.00000000
      2.25200000	      0.00000000	      0.00000000	      0.00000000	      0.00000000	      0.00000000	      0.00000000	      0.00000000	      0.00000000	      0.00000000	      0.00000000	      0.00000000	      0.00000000	      0.00000000	      0.00000000	      0.00000000	      0.00000000	      0.00000000	      0.00000000	      0.00000000	      0.00000000	      0.00000000	      0.00000000	      0.00000000	      0.00000000	      0.00000000	      0.00000000	      0.00000000	      0.00000000	      0.00000000	      0.00000000	      0.00000000	      0.00000000	      0.00000000	      0.00000000	      0.00000000	      0.00000000	      0.00000000	      0.00000000	      0.00000000	      0.00000000	      0.00000000	      0.00000000	      0.00000000	      0.04005467	      0.01122473	     -0.01360923	      0.03559649	      0.02407047	      0.00800514	      0.00149985	      0.00098677	     -0.00534751	      0.00000000	     -0.00803677	      0.00462776	     -0.00018784	     -0.00941981	     -0.00244365	      0.00495432	      0.01942771	     -0.00026949	     -0.00431101	     -0.00496803	     -0.01186889	     -0.01963995	      0.00491830	      0.00359663	     -0.05191424	     -0.03778650	     -0.02120565	     -0.00091177	      0.00000000	     -0.00000000	      0.00000000	      0.00000000	     -0.00000000	     -0.00000000	     -0.00000000	     -0.00000000	     -0.00000000	     -0.00000000	     -0.00000000	      0.00000000	     -0.00000000	     -0.00000000	     -0.00000000	      0.00000000	      0.00000000	      0.00000000	      0.00000000	      0.00000000	      0.00000000
      2.26800000	      0.00000000	      0.00000000	      0.00000000	      0.00000000	      0.00000000	      0.00000000	      0.00000000	      0.00000000	      0.00000000	      0.00000000	      0.00000000	      0.00000000	      0.00000000	      0.00000000	      0.00000000	      0.00000000	      0.00000000	      0.00000000	      0.00000000	      0.00000000	      0.00000000	      0.00000000	      0.00000000	      0.00000000	      0.00000000	      0.00000000	      0.00000000	      0.00000000	      0.00000000	      0.00000000	      0.00000000	      0.00000000	      0.00000000	      0.00000000	      0.00000000	      0.00000000	      0.00000000	      0.00000000	      0.00000000	      0.00000000	      0.00000000	      0.00000000	      0.00000000	      0.04039471	      0.01162468	     -0.01311068	      0.03591996	      0.02448874	      0.00841167	      0.00158841	      0.00112515	     -0.00525086	     -0.00000000	     -0.00814736	      0.00448980	     -0.00045396	     -0.00972159	     -0.00256610	      0.00498305	      0.02000111	     -0.00052056	     -0.00402380	     -0.00421302	     -0.01114805	     -0.01929062	      0.00491888	      0.00360870	     -0.05214373	     -0.03801152	     -0.02100721	     -0.00088489	      0.00000000	      0.00000000	     -0.00000000	     -0.00000000	      0.00000000	      0.00000000	     -0.00000000	      0.00000000	      0.00000000	     -0.00000000	     -0.00000000	      0.00000000	     -0.00000000	     -0.00000000	      0.00000000	      0.00000000	      0.00000000	      0.00000000	      0.00000000	      0.00000000	      0.00000000
      2.28400000	      0.00000000	      0.00000000	      0.00000000	      0.00000000	      0.00000000	      0.00000000	      0.00000000	      0.00000000	      0.00000000	      0.00000000	      0.00000000	      0.00000000	      0.00000000	      0.00000000	      0.00000000	      0.00000000	      0.00000000	      0.00000000	      0.00000000	      0.00000000	      0.00000000	      0.00000000	      0.00000000	      0.00000000	      0.00000000	      0.00000000	      0.00000000	      0.00000000	      0.00000000	      0.00000000	      0.00000000	      0.00000000	      0.00000000	      0.00000000	      0.00000000	      0.00000000	      0.00000000	      0.00000000	      0.00000000	      0.00000000	      0.00000000	      0.00000000	      0.00000000	      0.04059440	      0.01185319	     -0.01278133	      0.03610907	      0.02476976	      0.00866971	      0.00169077	      0.00129263	     -0.00513132	     -0.00000000	     -0.00824441	      0.00434420	     -0.00072864	     -0.01000636	     -0.00268254	      0.00500767	      0.02049158	     -0.00078139	     -0.00368058	     -0.00351468	     -0.01041492	     -0.01894310	      0.00491434	      0.00361705	     -0.05237702	     -0.03827933	     -0.02095442	     -0.00084163	      0.00000000	      0.00000000	     -0.00000000	      0.00000000	      0.00000000	      0.00000000	      0.00000000	      0.00000000	      0.00000000	      0.00000000	     -0.00000000	     -0.00000000	      0.00000000	      0.00000000	      0.00000000	      0.00000000	      0.00000000	      0.00000000	      0.00000000	      0.00000000	      0.00000000
      2.30000000	      0.00000000	      0.00000000	      0.00000000	      0.00000000	      0.00000000	      0.00000000	      0.00000000	      0.00000000	      0.00000000	      0.00000000	      0.00000000	      0.00000000	      0.00000000	      0.00000000	      0.00000000	      0.00000000	      0.00000000	      0.00000000	      0.00000000	      0.00000000	      0.00000000	      0.00000000	      0.00000000	      0.00000000	      0.00000000	      0.00000000	      0.00000000	      0.00000000	      0.00000000	      0.00000000	      0.00000000	      0.00000000	      0.00000000	      0.00000000	      0.00000000	      0.00000000	      0.00000000	      0.00000000	      0.00000000	      0.00000000	      0.00000000	      0.00000000	      0.00000000	      0.04066184	      0.01192252	     -0.01261809	      0.03617107	      0.02491332	      0.00878331	      0.00179437	      0.00147331	     -0.00500004	      0.00000000	     -0.00832095	      0.00420493	     -0.00098628	     -0.01025268	     -0.00278392	      0.00502668	      0.02086577	     -0.00102669	     -0.00328473	     -0.00291775	     -0.00972985	     -0.01862591	      0.00490540	      0.00362102	     -0.05259676	     -0.03856008	     -0.02102789	     -0.00078902	     -0.00000000	      0.00000000	     -0.00000000	      0.00000000	     -0.00000000	     -0.00000000	      0.00000000	      0.00000000	      0.00000000	     -0.00000000	      0.00000000	     -0.00000000	     -0.00000000	     -0.00000000	     -0.00000000	      0.00000000	      0.00000000	      0.00000000	      0.00000000	      0.00000000	      0.00000000
      2.31600000	      0.00000000	      0.00000000	      0.00000000	      0.00000000	      0.00000000	      0.00000000	      0.00000000	      0.00000000	      0.00000000	      0.00000000	      0.00000000	      0.00000000	      0.00000000	      0.00000000	      0.00000000	      0.00000000	      0.00000000	      0.00000000	      0.00000000	      0.00000000	      0.00000000	      0.00000000	      0.00000000	      0.00000000	      0.00000000	      0.00000000	      0.00000000	      0.00000000	      0.00000000	      0.00000000	      0.00000000	      0.00000000	      0.00000000	      0.00000000	      0.00000000	      0.00000000	      0.00000000	      0.00000000	      0.00000000	      0.00000000	      0.00000000	      0.00000000	      0.00000000	      0.04062045	      0.01185564	     -0.01261598	      0.03612410	      0.02492527	      0.00875924	      0.00184899	      0.00164111	     -0.00487543	     -0.00000000	     -0.00836815	      0.00409091	     -0.00119213	     -0.01042884	     -0.00285662	      0.00503830	      0.02107664	     -0.00122401	     -0.00286243	     -0.00247408	     -0.00917492	     -0.01838027	      0.00489400	      0.00362074	     -0.05277382	     -0.03881270	     -0.02120574	     -0.00073887	      0.00000000	      0.00000000	      0.00000000	     -0.00000000	      0.00000000	      0.00000000	      0.00000000	      0.00000000	     -0.00000000	      0.00000000	      0.00000000	      0.00000000	     -0.00000000	     -0.00000000	      0.00000000	      0.00000000	      0.00000000	      0.00000000	      0.00000000	      0.00000000	      0.00000000
      2.33200000	      0.00000000	      0.00000000	      0.00000000	      0.00000000	      0.00000000	      0.00000000	      0.00000000	      0.00000000	      0.00000000	      0.00000000	      0.00000000	      0.00000000	      0.00000000	      0.00000000	      0.00000000	      0.00000000	      0.00000000	      0.00000000	      0.00000000	      0.00000000	      0.00000000	      0.00000000	      0.00000000	      0.00000000	      0.00000000	      0.00000000	      0.00000000	      0.00000000	      0.00000000	      0.00000000	      0.00000000	      0.00000000	      0.00000000	      0.00000000	      0.00000000	      0.00000000	      0.00000000	      0.00000000	      0.00000000	      0.00000000	      0.00000000	      0.00000000	      0.00000000	      0.04050526	      0.01168347	     -0.01276685	      0.03599484	      0.02481807	      0.00860791	      0.00189029	      0.00176909	     -0.00477733	      0.00000000	     -0.00837781	      0.00402213	     -0.00130950	     -0.01050021	     -0.00288568	      0.00504108	      0.02107674	     -0.00134029	     -0.00229407	     -0.00223236	     -0.00883811	     -0.01825167	      0.00488291	      0.00361713	     -0.05287367	     -0.03899343	     -0.02146553	     -0.00070717	      0.00000000	      0.00000000	      0.00000000	     -0.00000000	      0.00000000	      0.00000000	      0.00000000	     -0.00000000	     -0.00000000	     -0.00000000	      0.00000000	     -0.00000000	     -0.00000000	     -0.00000000	      0.00000000	      0.00000000	      0.00000000	      0.00000000	      0.00000000	      0.00000000	      0.00000000
      2.34800000	      0.00000000	      0.00000000	      0.00000000	      0.00000000	      0.00000000	      0.00000000	      0.00000000	      0.00000000	      0.00000000	      0.00000000	      0.00000000	      0.00000000	      0.00000000	      0.00000000	      0.00000000	      0.00000000	      0.00000000	      0.00000000	      0.00000000	      0.00000000	      0.00000000	      0.00000000	      0.00000000	      0.00000000	      0.00000000	      0.00000000	      0.00000000	      0.00000000	      0.00000000	      0.00000000	      0.00000000	      0.00000000	      0.00000000	      0.00000000	      0.00000000	      0.00000000	      0.00000000	      0.00000000	      0.00000000	      0.00000000	      0.00000000	      0.00000000	      0.00000000	      0.04035428	      0.01144089	     -0.01305481	      0.03581283	      0.02460997	      0.00834534	      0.00189053	      0.00187918	     -0.00472036	      0.00000000	     -0.00834483	      0.00401427	     -0.00130939	     -0.01043923	     -0.00285921	      0.00503412	      0.02083448	     -0.00135024	     -0.00221240	     -0.00222573	     -0.00879089	     -0.01827636	      0.00487469	      0.00361137	     -0.05286435	     -0.03906544	     -0.02178234	     -0.00071212	      0.00000000	     -0.00000000	     -0.00000000	      0.00000000	     -0.00000000	     -0.00000000	      0.00000000	     -0.00000000	     -0.00000000	      0.00000000	      0.00000000	      0.00000000	     -0.00000000	     -0.00000000	     -0.00000000	      0.00000000	      0.00000000	      0.00000000	      0.00000000	      0.00000000	      0.00000000
      2.36400000	      0.00000000	      0.00000000	      0.00000000	      0.00000000	      0.00000000	      0.00000000	      0.00000000	      0.00000000	      0.00000000	      0.00000000	      0.00000000	      0.00000000	      0.00000000	      0.00000000	      0.00000000	      0.00000000	      0.00000000	      0.00000000	      0.00000000	      0.00000000	      0.00000000	      0.00000000	      0.00000000	      0.00000000	      0.00000000	      0.00000000	      0.00000000	      0.00000000	      0.00000000	      0.00000000	      0.00000000	      0.00000000	      0.00000000	      0.00000000	      0.00000000	      0.00000000	      0.00000000	      0.00000000	      0.00000000	      0.00000000	      0.00000000	      0.00000000	      0.00000000	      0.04019888	      0.01116332	     -0.01345002	      0.03560445	      0.02432377	      0.00799606	      0.00184797	      0.00180638	     -0.00470788	      0.00000000	     -0.00826908	      0.00407363	     -0.00117965	     -0.01023562	     -0.00277276	      0.00501716	      0.02034891	     -0.00124385	     -0.00217010	     -0.00246046	     -0.00906533	     -0.01846680	      0.00487059	      0.00360430	     -0.05272535	     -0.03900722	     -0.02212430	     -0.00077012	     -0.00000000	      0.00000000	     -0.00000000	     -0.00000000	      0.00000000	      0.00000000	      0.00000000	     -0.00000000	     -0.00000000	     -0.00000000	     -0.00000000	      0.00000000	      0.00000000	     -0.00000000	     -0.00000000	      0.00000000	      0.00000000	      0.00000000	      0.00000000	      0.00000000	      0.00000000
      2.38000000	      0.00000000	      0.00000000	      0.00000000	      0.00000000	      0.00000000	      0.00000000	      0.00000000	      0.00000000	      0.00000000	      0.00000000	      0.00000000	      0.00000000	      0.00000000	      0.00000000	      0.00000000	      0.00000000	      0.00000000	      0.00000000	      0.00000000	      0.00000000	      0.00000000	      0.00000000	      0.00000000	      0.00000000	      0.00000000	      0.00000000	      0.00000000	      0.00000000	      0.00000000	      0.00000000	      0.00000000	      0.00000000	      0.00000000	      0.00000000	      0.00000000	      0.00000000	      0.00000000	      0.00000000	      0.00000000	      0.00000000	      0.00000000	      0.00000000	      0.00000000	      0.04005838	      0.01088520	     -0.01390414	      0.03539046	      0.02398755	      0.00759633	      0.00177072	      0.00168890	     -0.00473245	     -0.00000000	     -0.00815686	      0.00419400	     -0.00093109	     -0.00990414	     -0.00263269	      0.00499083	      0.01966048	     -0.00103121	     -0.00214881	     -0.00290797	     -0.00963740	     -0.01880191	      0.00487027	      0.00359620	     -0.05245722	     -0.03881913	     -0.02244993	     -0.00088834	      0.00000000	      0.00000000	     -0.00000000	      0.00000000	      0.00000000	     -0.00000000	     -0.00000000	      0.00000000	      0.00000000	      0.00000000	      0.00000000	      0.00000000	     -0.00000000	      0.00000000	      0.00000000	      0.00000000	      0.00000000	      0.00000000	      0.00000000	      0.00000000	      0.00000000
      2.39600000	      0.00000000	      0.00000000	      0.00000000	      0.00000000	      0.00000000	      0.00000000	      0.00000000	      0.00000000	      0.00000000	      0.00000000	      0.00000000	      0.00000000	      0.00000000	      0.00000000	      0.00000000	      0.00000000	      0.00000000	      0.00000000	      0.00000000	      0.00000000	      0.00000000	      0.00000000	      0.00000000	      0.00000000	      0.00000000	      0.00000000	      0.00000000	      0.00000000	      0.00000000	      0.00000000	      0.00000000	      0.00000000	      0.00000000	      0.00000000	      0.00000000	      0.00000000	      0.00000000	      0.00000000	      0.00000000	      0.00000000	      0.00000000	      0.00000000	      0.00000000	      0.03994201	      0.01064068	     -0.01435113	      0.03518919	      0.02363819	      0.00719629	      0.00167120	      0.00153989	     -0.00478274	     -0.00000000	     -0.00802179	      0.00435671	     -0.00059892	     -0.00948793	     -0.00245738	      0.00495732	      0.01885568	     -0.00074326	     -0.00215942	     -0.00350188	     -0.01042122	     -0.01922685	      0.00487225	      0.00358721	     -0.05208998	     -0.03852704	     -0.02271125	     -0.00104965	      0.00000000	      0.00000000	      0.00000000	     -0.00000000	      0.00000000	     -0.00000000	     -0.00000000	     -0.00000000	      0.00000000	      0.00000000	     -0.00000000	     -0.00000000	     -0.00000000	     -0.00000000	      0.00000000	      0.00000000	      0.00000000	      0.00000000	      0.00000000	      0.00000000	      0.00000000
      2.41200000	      0.00000000	      0.00000000	      0.00000000	      0.00000000	      0.00000000	      0.00000000	      0.00000000	      0.00000000	      0.00000000	      0.00000000	      0.00000000	      0.00000000	      0.00000000	      0.00000000	      0.00000000	      0.00000000	      0.00000000	      0.00000000	      0.00000000	      0.00000000	      0.00000000	      0.00000000	      0.00000000	      0.00000000	      0.00000000	      0.00000000	      0.00000000	      0.00000000	      0.00000000	      0.00000000	      0.00000000	      0.00000000	      0.00000000	      0.00000000	      0.00000000	      0.00000000	      0.00000000	      0.00000000	      0.00000000	      0.00000000	      0.00000000	      0.00000000	      0.00000000	      0.03985645	      0.01046427	     -0.01471578	      0.03502273	      0.02332463	      0.00685820	      0.00156383	      0.00137715	     -0.00484730	      0.00000000	     -0.00788459	      0.00453390	     -0.00023844	     -0.00905499	     -0.00227573	      0.00492120	      0.01806215	     -0.00042775	     -0.00221293	     -0.00414328	     -0.01127939	     -0.01966420	      0.00487511	      0.00357796	     -0.05168485	     -0.03818103	     -0.02286306	     -0.00122086	     -0.00000000	     -0.00000000	     -0.00000000	      0.00000000	     -0.00000000	     -0.00000000	      0.00000000	      0.00000000	      0.00000000	      0.00000000	      0.00000000	     -0.00000000	     -0.00000000	     -0.00000000	     -0.00000000	      0.00000000	      0.00000000	      0.00000000	      0.00000000	      0.00000000	      0.00000000
      2.42800000	      0.00000000	      0.00000000	      0.00000000	      0.00000000	      0.00000000	      0.00000000	      0.00000000	      0.00000000	      0.00000000	      0.00000000	      0.00000000	      0.00000000	      0.00000000	      0.00000000	      0.00000000	      0.00000000	      0.00000000	      0.00000000	      0.00000000	      0.00000000	      0.00000000	      0.00000000	      0.00000000	      0.00000000	      0.00000000	      0.00000000	      0.00000000	      0.00000000	      0.00000000	      0.00000000	      0.00000000	      0.00000000	      0.00000000	      0.00000000	      0.00000000	      0.00000000	      0.00000000	      0.00000000	      0.00000000	      0.00000000	      0.00000000	      0.00000000	      0.00000000	      0.03981195	      0.01038710	     -0.01492997	      0.03491973	      0.02310432	      0.00664685	      0.00146354	      0.00122327	     -0.00491653	     -0.00000000	     -0.00777039	      0.00469446	      0.00008560	     -0.00868621	     -0.00212193	      0.00488933	      0.01742871	     -0.00014027	     -0.00230324	     -0.00471905	     -0.01205222	     -0.02003370	      0.00487841	      0.00356998	     -0.05132395	     -0.03784646	     -0.02287481	     -0.00136521	     -0.00000000	      0.00000000	      0.00000000	      0.00000000	      0.00000000	      0.00000000	      0.00000000	      0.00000000	     -0.00000000	     -0.00000000	      0.00000000	     -0.00000000	     -0.00000000	     -0.00000000	     -0.00000000	      0.00000000	      0.00000000	      0.00000000	      0.00000000	      0.00000000	      0.00000000
      2.44400000	      0.00000000	      0.00000000	      0.00000000	      0.00000000	      0.00000000	      0.00000000	      0.00000000	      0.00000000	      0.00000000	      0.00000000	      0.00000000	      0.00000000	      0.00000000	      0.00000000	      0.00000000	      0.00000000	      0.00000000	      0.00000000	      0.00000000	      0.00000000	      0.00000000	      0.00000000	      0.00000000	      0.00000000	      0.00000000	      0.00000000	      0.00000000	      0.00000000	      0.00000000	      0.00000000	      0.00000000	      0.00000000	      0.00000000	      0.00000000	      0.00000000	      0.00000000	      0.00000000	      0.00000000	      0.00000000	      0.00000000	      0.00000000	      0.00000000	      0.00000000	      0.03982001	      0.01042748	     -0.01495217	      0.03490817	      0.02302820	      0.00661157	      0.00138459	      0.00110229	     -0.00498228	      0.00000000	     -0.00770271	      0.00481125	      0.00031429	     -0.00845531	     -0.00202695	      0.00486920	      0.01708935	      0.00006873	     -0.00241006	     -0.00513236	     -0.01260104	     -0.02027308	      0.00488277	      0.00356536	     -0.05108704	     -0.03758682	     -0.02273872	     -0.00145188	     -0.00000000	     -0.00000000	     -0.00000000	      0.00000000	     -0.00000000	     -0.00000000	      0.00000000	     -0.00000000	     -0.00000000	     -0.00000000	      0.00000000	      0.00000000	      0.00000000	     -0.00000000	     -0.00000000	      0.00000000	      0.00000000	      0.00000000	      0.00000000	      0.00000000	      0.00000000
      2.46000000	      0.00000000	      0.00000000	      0.00000000	      0.00000000	      0.00000000	      0.00000000	      0.00000000	      0.00000000	      0.00000000	      0.00000000	      0.00000000	      0.00000000	      0.00000000	      0.00000000	      0.00000000	      0.00000000	      0.00000000	      0.00000000	      0.00000000	      0.00000000	      0.00000000	      0.00000000	      0.00000000	      0.00000000	      0.00000000	      0.00000000	      0.00000000	      0.00000000	      0.00000000	      0.00000000	      0.00000000	      0.00000000	      0.00000000	      0.00000000	      0.00000000	      0.00000000	      0.00000000	      0.00000000	      0.00000000	      0.00000000	      0.00000000	      0.00000000	      0.00000000	      0.03988310	      0.01058032	     -0.01478105	      0.03499994	      0.02311870	      0.00676696	      0.00133876	      0.00103474	     -0.00503633	     -0.00000000	     -0.00769562	      0.00486777	      0.00041090	     -0.00840653	     -0.00200910	      0.00486581	      0.01712012	      0.00016773	     -0.00250621	     -0.00533461	     -0.01285040	     -0.02035267	      0.00488905	      0.00356571	     -0.05102319	     -0.03744306	     -0.02247029	     -0.00146579	      0.00000000	      0.00000000	      0.00000000	     -0.00000000	      0.00000000	      0.00000000	      0.00000000	      0.00000000	     -0.00000000	      0.00000000	      0.00000000	      0.00000000	     -0.00000000	     -0.00000000	      0.00000000	      0.00000000	      0.00000000	      0.00000000	      0.00000000	      0.00000000	      0.00000000
      2.47600000	      0.00000000	      0.00000000	      0.00000000	      0.00000000	      0.00000000	      0.00000000	      0.00000000	      0.00000000	      0.00000000	      0.00000000	      0.00000000	      0.00000000	      0.00000000	      0.00000000	      0.00000000	      0.00000000	      0.00000000	      0.00000000	      0.00000000	      0.00000000	      0.00000000	      0.00000000	      0.00000000	      0.00000000	      0.00000000	      0.00000000	      0.00000000	      0.00000000	      0.00000000	      0.00000000	      0.00000000	      0.00000000	      0.00000000	      0.00000000	      0.00000000	      0.00000000	      0.00000000	      0.00000000	      0.00000000	      0.00000000	      0.00000000	      0.00000000	      0.00000000	      0.03998671	      0.01081480	     -0.01445615	      0.03517926	      0.02335518	      0.00708361	      0.00133164	      0.00103046	     -0.00507133	      0.00000000	     -0.00774768	      0.00486260	      0.00037272	     -0.00853843	     -0.00206737	      0.00487912	      0.01750766	      0.00015421	     -0.00256741	     -0.00534172	     -0.01281097	     -0.02028077	      0.00489738	      0.00357116	     -0.05113057	     -0.03741841	     -0.02210225	     -0.00141340	     -0.00000000	      0.00000000	      0.00000000	      0.00000000	      0.00000000	     -0.00000000	      0.00000000	     -0.00000000	      0.00000000	     -0.00000000	      0.00000000	     -0.00000000	      0.00000000	      0.00000000	     -0.00000000	      0.00000000	      0.00000000	      0.00000000	      0.00000000	      0.00000000	      0.00000000
      2.49200000	      0.00000000	      0.00000000	      0.00000000	      0.00000000	      0.00000000	      0.00000000	      0.00000000	      0.00000000	      0.00000000	      0.00000000	      0.00000000	      0.00000000	      0.00000000	      0.00000000	      0.00000000	      0.00000000	      0.00000000	      0.00000000	      0.00000000	      0.00000000	      0.00000000	      0.00000000	      0.00000000	      0.00000000	      0.00000000	      0.00000000	      0.00000000	      0.00000000	      0.00000000	      0.00000000	      0.00000000	      0.00000000	      0.00000000	      0.00000000	      0.00000000	      0.00000000	      0.00000000	      0.00000000	      0.00000000	      0.00000000	      0.00000000	      0.00000000	      0.00000000	      0.04010507	      0.01108615	     -0.01404409	      0.03540732	      0.02368007	      0.00749708	      0.00135819	      0.00108176	     -0.00508517	      0.00000000	     -0.00784132	      0.00481052	      0.00023372	     -0.00880153	     -0.00218050	      0.00490373	      0.01814663	      0.00005689	     -0.00258212	     -0.00522462	     -0.01257389	     -0.02010141	      0.00490681	      0.00358003	     -0.05135555	     -0.03747692	     -0.02167635	     -0.00132092	     -0.00000000	     -0.00000000	      0.00000000	     -0.00000000	      0.00000000	     -0.00000000	     -0.00000000	     -0.00000000	      0.00000000	     -0.00000000	     -0.00000000	      0.00000000	     -0.00000000	     -0.00000000	     -0.00000000	      0.00000000	      0.00000000	      0.00000000	      0.00000000	      0.00000000	      0.00000000
