MomentArm_hip_adduction_l
version=1
nRows=126
nColumns=93
inDegrees=no

This analysis gathers basic information about muscles during a simulation (e.g., forces, tendon lengths, moment arms, etc).
Units are S.I. units (second, meters, Newtons, ...)
If the header above contains a line with 'inDegrees', this indicates whether rotational values are in degrees (yes) or radians (no).

endheader
time	glut_med1_r	glut_med2_r	glut_med3_r	glut_min1_r	glut_min2_r	glut_min3_r	semimem_r	semiten_r	bifemlh_r	bifemsh_r	sar_r	add_long_r	add_brev_r	add_mag1_r	add_mag2_r	add_mag3_r	tfl_r	pect_r	grac_r	glut_max1_r	glut_max2_r	glut_max3_r	iliacus_r	psoas_r	quad_fem_r	gem_r	peri_r	rect_fem_r	vas_med_r	vas_int_r	vas_lat_r	med_gas_r	lat_gas_r	soleus_r	tib_post_r	flex_dig_r	flex_hal_r	tib_ant_r	per_brev_r	per_long_r	per_tert_r	ext_dig_r	ext_hal_r	glut_med1_l	glut_med2_l	glut_med3_l	glut_min1_l	glut_min2_l	glut_min3_l	semimem_l	semiten_l	bifemlh_l	bifemsh_l	sar_l	add_long_l	add_brev_l	add_mag1_l	add_mag2_l	add_mag3_l	tfl_l	pect_l	grac_l	glut_max1_l	glut_max2_l	glut_max3_l	iliacus_l	psoas_l	quad_fem_l	gem_l	peri_l	rect_fem_l	vas_med_l	vas_int_l	vas_lat_l	med_gas_l	lat_gas_l	soleus_l	tib_post_l	flex_dig_l	flex_hal_l	tib_ant_l	per_brev_l	per_long_l	per_tert_l	ext_dig_l	ext_hal_l	ercspn_r	ercspn_l	intobl_r	intobl_l	extobl_r	extobl_l
      0.49200000	      0.00000000	      0.00000000	      0.00000000	      0.00000000	      0.00000000	      0.00000000	      0.00000000	      0.00000000	      0.00000000	      0.00000000	      0.00000000	      0.00000000	      0.00000000	      0.00000000	      0.00000000	      0.00000000	      0.00000000	      0.00000000	      0.00000000	      0.00000000	      0.00000000	      0.00000000	      0.00000000	      0.00000000	      0.00000000	      0.00000000	      0.00000000	      0.00000000	      0.00000000	      0.00000000	      0.00000000	      0.00000000	      0.00000000	      0.00000000	      0.00000000	      0.00000000	      0.00000000	      0.00000000	      0.00000000	      0.00000000	      0.00000000	      0.00000000	      0.00000000	     -0.05626182	     -0.04667598	     -0.03195180	     -0.04825125	     -0.04566013	     -0.03822676	      0.00882977	      0.01994006	      0.01604046	     -0.00000000	     -0.02260288	      0.06634730	      0.06706338	      0.07795849	      0.06813758	      0.03216900	     -0.05031062	      0.03225712	      0.05553576	     -0.02574577	     -0.00648885	      0.06518503	      0.00183118	      0.00168795	      0.05033848	      0.02027894	     -0.01379133	     -0.01004767	      0.00000000	      0.00000000	      0.00000000	     -0.00000000	     -0.00000000	     -0.00000000	     -0.00000000	      0.00000000	     -0.00000000	     -0.00000000	      0.00000000	     -0.00000000	     -0.00000000	     -0.00000000	     -0.00000000	      0.00000000	      0.00000000	      0.00000000	      0.00000000	      0.00000000	      0.00000000
      0.50800000	      0.00000000	      0.00000000	      0.00000000	      0.00000000	      0.00000000	      0.00000000	      0.00000000	      0.00000000	      0.00000000	      0.00000000	      0.00000000	      0.00000000	      0.00000000	      0.00000000	      0.00000000	      0.00000000	      0.00000000	      0.00000000	      0.00000000	      0.00000000	      0.00000000	      0.00000000	      0.00000000	      0.00000000	      0.00000000	      0.00000000	      0.00000000	      0.00000000	      0.00000000	      0.00000000	      0.00000000	      0.00000000	      0.00000000	      0.00000000	      0.00000000	      0.00000000	      0.00000000	      0.00000000	      0.00000000	      0.00000000	      0.00000000	      0.00000000	      0.00000000	     -0.05644211	     -0.04628824	     -0.03112173	     -0.04828301	     -0.04544899	     -0.03773920	      0.00829876	      0.01924634	      0.01555058	     -0.00000000	     -0.02176444	      0.06621277	      0.06705445	      0.07778769	      0.06769915	      0.03145661	     -0.04969027	      0.03213419	      0.05495363	     -0.02522755	     -0.00598967	      0.06623217	      0.00174907	      0.00163133	      0.05067135	      0.02095724	     -0.01296529	     -0.00955803	      0.00000000	     -0.00000000	      0.00000000	      0.00000000	      0.00000000	      0.00000000	      0.00000000	      0.00000000	     -0.00000000	     -0.00000000	      0.00000000	      0.00000000	      0.00000000	     -0.00000000	     -0.00000000	      0.00000000	      0.00000000	      0.00000000	      0.00000000	      0.00000000	      0.00000000
      0.52400000	      0.00000000	      0.00000000	      0.00000000	      0.00000000	      0.00000000	      0.00000000	      0.00000000	      0.00000000	      0.00000000	      0.00000000	      0.00000000	      0.00000000	      0.00000000	      0.00000000	      0.00000000	      0.00000000	      0.00000000	      0.00000000	      0.00000000	      0.00000000	      0.00000000	      0.00000000	      0.00000000	      0.00000000	      0.00000000	      0.00000000	      0.00000000	      0.00000000	      0.00000000	      0.00000000	      0.00000000	      0.00000000	      0.00000000	      0.00000000	      0.00000000	      0.00000000	      0.00000000	      0.00000000	      0.00000000	      0.00000000	      0.00000000	      0.00000000	      0.00000000	     -0.05659828	     -0.04589091	     -0.03029421	     -0.04829405	     -0.04522653	     -0.03725010	      0.00777829	      0.01856917	      0.01506695	      0.00000000	     -0.02096282	      0.06608563	      0.06703363	      0.07759571	      0.06726550	      0.03076426	     -0.04908592	      0.03201503	      0.05440399	     -0.02470879	     -0.00549482	      0.06728034	      0.00168617	      0.00159269	      0.05096979	      0.02161151	     -0.01215330	     -0.00908140	      0.00000000	      0.00000000	     -0.00000000	     -0.00000000	     -0.00000000	     -0.00000000	     -0.00000000	     -0.00000000	      0.00000000	     -0.00000000	     -0.00000000	      0.00000000	      0.00000000	     -0.00000000	     -0.00000000	      0.00000000	      0.00000000	      0.00000000	      0.00000000	      0.00000000	      0.00000000
      0.54000000	      0.00000000	      0.00000000	      0.00000000	      0.00000000	      0.00000000	      0.00000000	      0.00000000	      0.00000000	      0.00000000	      0.00000000	      0.00000000	      0.00000000	      0.00000000	      0.00000000	      0.00000000	      0.00000000	      0.00000000	      0.00000000	      0.00000000	      0.00000000	      0.00000000	      0.00000000	      0.00000000	      0.00000000	      0.00000000	      0.00000000	      0.00000000	      0.00000000	      0.00000000	      0.00000000	      0.00000000	      0.00000000	      0.00000000	      0.00000000	      0.00000000	      0.00000000	      0.00000000	      0.00000000	      0.00000000	      0.00000000	      0.00000000	      0.00000000	      0.00000000	     -0.05675287	     -0.04552531	     -0.02951833	     -0.04830649	     -0.04502085	     -0.03679382	      0.00732840	      0.01798997	      0.01465506	     -0.00000000	     -0.02027970	      0.06595957	      0.06698866	      0.07739163	      0.06688838	      0.03017137	     -0.04855253	      0.03189348	      0.05395289	     -0.02422940	     -0.00500949	      0.06832076	      0.00164238	      0.00157123	      0.05122136	      0.02220993	     -0.01139332	     -0.00866563	     -0.00000000	     -0.00000000	      0.00000000	      0.00000000	     -0.00000000	      0.00000000	     -0.00000000	      0.00000000	      0.00000000	     -0.00000000	     -0.00000000	     -0.00000000	     -0.00000000	     -0.00000000	     -0.00000000	      0.00000000	      0.00000000	      0.00000000	      0.00000000	      0.00000000	      0.00000000
      0.55600000	      0.00000000	      0.00000000	      0.00000000	      0.00000000	      0.00000000	      0.00000000	      0.00000000	      0.00000000	      0.00000000	      0.00000000	      0.00000000	      0.00000000	      0.00000000	      0.00000000	      0.00000000	      0.00000000	      0.00000000	      0.00000000	      0.00000000	      0.00000000	      0.00000000	      0.00000000	      0.00000000	      0.00000000	      0.00000000	      0.00000000	      0.00000000	      0.00000000	      0.00000000	      0.00000000	      0.00000000	      0.00000000	      0.00000000	      0.00000000	      0.00000000	      0.00000000	      0.00000000	      0.00000000	      0.00000000	      0.00000000	      0.00000000	      0.00000000	      0.00000000	     -0.05693111	     -0.04523016	     -0.02883699	     -0.04834355	     -0.04485851	     -0.03640069	      0.00700660	      0.01758638	      0.01437879	     -0.00000000	     -0.01978854	      0.06582650	      0.06690912	      0.07718706	      0.06661705	      0.02975236	     -0.04813879	      0.03176218	      0.05365900	     -0.02382413	     -0.00453133	      0.06935086	      0.00161383	      0.00156262	      0.05142065	      0.02272609	     -0.01071714	     -0.00835490	     -0.00000000	     -0.00000000	     -0.00000000	      0.00000000	      0.00000000	      0.00000000	      0.00000000	      0.00000000	     -0.00000000	      0.00000000	      0.00000000	      0.00000000	     -0.00000000	      0.00000000	      0.00000000	      0.00000000	      0.00000000	      0.00000000	      0.00000000	      0.00000000	      0.00000000
      0.57200000	      0.00000000	      0.00000000	      0.00000000	      0.00000000	      0.00000000	      0.00000000	      0.00000000	      0.00000000	      0.00000000	      0.00000000	      0.00000000	      0.00000000	      0.00000000	      0.00000000	      0.00000000	      0.00000000	      0.00000000	      0.00000000	      0.00000000	      0.00000000	      0.00000000	      0.00000000	      0.00000000	      0.00000000	      0.00000000	      0.00000000	      0.00000000	      0.00000000	      0.00000000	      0.00000000	      0.00000000	      0.00000000	      0.00000000	      0.00000000	      0.00000000	      0.00000000	      0.00000000	      0.00000000	      0.00000000	      0.00000000	      0.00000000	      0.00000000	      0.00000000	     -0.05715586	     -0.04503509	     -0.02828042	     -0.04842485	     -0.04475970	     -0.03609204	      0.00685765	      0.01741841	      0.01428863	      0.00000000	     -0.01954241	      0.06567789	      0.06678767	      0.07699279	      0.06648830	      0.02956304	     -0.04787852	      0.03161407	      0.05356338	     -0.02351756	     -0.00405216	      0.07037067	      0.00159441	      0.00156062	      0.05156878	      0.02314243	     -0.01014595	     -0.00818199	      0.00000000	     -0.00000000	     -0.00000000	      0.00000000	      0.00000000	     -0.00000000	      0.00000000	     -0.00000000	     -0.00000000	     -0.00000000	      0.00000000	      0.00000000	      0.00000000	      0.00000000	      0.00000000	      0.00000000	      0.00000000	      0.00000000	      0.00000000	      0.00000000	      0.00000000
      0.58800000	      0.00000000	      0.00000000	      0.00000000	      0.00000000	      0.00000000	      0.00000000	      0.00000000	      0.00000000	      0.00000000	      0.00000000	      0.00000000	      0.00000000	      0.00000000	      0.00000000	      0.00000000	      0.00000000	      0.00000000	      0.00000000	      0.00000000	      0.00000000	      0.00000000	      0.00000000	      0.00000000	      0.00000000	      0.00000000	      0.00000000	      0.00000000	      0.00000000	      0.00000000	      0.00000000	      0.00000000	      0.00000000	      0.00000000	      0.00000000	      0.00000000	      0.00000000	      0.00000000	      0.00000000	      0.00000000	      0.00000000	      0.00000000	      0.00000000	      0.00000000	     -0.05744116	     -0.04495423	     -0.02786127	     -0.04856077	     -0.04473314	     -0.03587584	      0.00690215	      0.01751287	      0.01440824	      0.00000000	     -0.01956069	      0.06550762	      0.06662236	      0.07681606	      0.06651568	      0.02962568	     -0.04778141	      0.03144497	      0.05367828	     -0.02332015	     -0.00356292	      0.07137463	      0.00157784	      0.00155905	      0.05167249	      0.02345263	     -0.00968751	     -0.00815983	     -0.00000000	     -0.00000000	     -0.00000000	     -0.00000000	     -0.00000000	     -0.00000000	     -0.00000000	      0.00000000	     -0.00000000	     -0.00000000	     -0.00000000	     -0.00000000	     -0.00000000	     -0.00000000	      0.00000000	      0.00000000	      0.00000000	      0.00000000	      0.00000000	      0.00000000	      0.00000000
      0.60400000	      0.00000000	      0.00000000	      0.00000000	      0.00000000	      0.00000000	      0.00000000	      0.00000000	      0.00000000	      0.00000000	      0.00000000	      0.00000000	      0.00000000	      0.00000000	      0.00000000	      0.00000000	      0.00000000	      0.00000000	      0.00000000	      0.00000000	      0.00000000	      0.00000000	      0.00000000	      0.00000000	      0.00000000	      0.00000000	      0.00000000	      0.00000000	      0.00000000	      0.00000000	      0.00000000	      0.00000000	      0.00000000	      0.00000000	      0.00000000	      0.00000000	      0.00000000	      0.00000000	      0.00000000	      0.00000000	      0.00000000	      0.00000000	      0.00000000	      0.00000000	     -0.05778726	     -0.04498342	     -0.02757455	     -0.04874861	     -0.04477364	     -0.03574579	      0.00712940	      0.01785382	      0.01472578	     -0.00000000	     -0.01982162	      0.06531541	      0.06641914	      0.07666027	      0.06668398	      0.02992007	     -0.04782827	      0.03125656	      0.05398125	     -0.02322788	     -0.00306079	      0.07234257	      0.00155951	      0.00155347	      0.05174285	      0.02366100	     -0.00933748	     -0.00827662	     -0.00000000	     -0.00000000	      0.00000000	      0.00000000	      0.00000000	     -0.00000000	     -0.00000000	     -0.00000000	      0.00000000	     -0.00000000	      0.00000000	      0.00000000	     -0.00000000	      0.00000000	     -0.00000000	      0.00000000	      0.00000000	      0.00000000	      0.00000000	      0.00000000	      0.00000000
      0.62000000	      0.00000000	      0.00000000	      0.00000000	      0.00000000	      0.00000000	      0.00000000	      0.00000000	      0.00000000	      0.00000000	      0.00000000	      0.00000000	      0.00000000	      0.00000000	      0.00000000	      0.00000000	      0.00000000	      0.00000000	      0.00000000	      0.00000000	      0.00000000	      0.00000000	      0.00000000	      0.00000000	      0.00000000	      0.00000000	      0.00000000	      0.00000000	      0.00000000	      0.00000000	      0.00000000	      0.00000000	      0.00000000	      0.00000000	      0.00000000	      0.00000000	      0.00000000	      0.00000000	      0.00000000	      0.00000000	      0.00000000	      0.00000000	      0.00000000	      0.00000000	     -0.05817891	     -0.04510323	     -0.02740418	     -0.04897253	     -0.04486419	     -0.03568559	      0.00749902	      0.01838485	      0.01519522	      0.00000000	     -0.02026618	      0.06510947	      0.06619318	      0.07652758	      0.06695332	      0.03038715	     -0.04797563	      0.03105817	      0.05441936	     -0.02322679	     -0.00255666	      0.07323464	      0.00153766	      0.00154220	      0.05179317	      0.02377873	     -0.00908539	     -0.00849824	     -0.00000000	     -0.00000000	     -0.00000000	     -0.00000000	     -0.00000000	     -0.00000000	      0.00000000	     -0.00000000	     -0.00000000	      0.00000000	      0.00000000	      0.00000000	     -0.00000000	     -0.00000000	     -0.00000000	      0.00000000	      0.00000000	      0.00000000	      0.00000000	      0.00000000	      0.00000000
      0.63600000	      0.00000000	      0.00000000	      0.00000000	      0.00000000	      0.00000000	      0.00000000	      0.00000000	      0.00000000	      0.00000000	      0.00000000	      0.00000000	      0.00000000	      0.00000000	      0.00000000	      0.00000000	      0.00000000	      0.00000000	      0.00000000	      0.00000000	      0.00000000	      0.00000000	      0.00000000	      0.00000000	      0.00000000	      0.00000000	      0.00000000	      0.00000000	      0.00000000	      0.00000000	      0.00000000	      0.00000000	      0.00000000	      0.00000000	      0.00000000	      0.00000000	      0.00000000	      0.00000000	      0.00000000	      0.00000000	      0.00000000	      0.00000000	      0.00000000	      0.00000000	     -0.05858774	     -0.04528748	     -0.02733477	     -0.04920809	     -0.04498296	     -0.03567812	      0.00795199	      0.01902421	      0.01574866	     -0.00000000	     -0.02081422	      0.06490699	      0.06596768	      0.07642288	      0.06727252	      0.03094564	     -0.04817039	      0.03086664	      0.05492369	     -0.02330151	     -0.00208102	      0.07399152	      0.00151362	      0.00152635	      0.05183519	      0.02381735	     -0.00892417	     -0.00877861	     -0.00000000	     -0.00000000	     -0.00000000	      0.00000000	     -0.00000000	     -0.00000000	     -0.00000000	      0.00000000	     -0.00000000	     -0.00000000	     -0.00000000	     -0.00000000	     -0.00000000	      0.00000000	      0.00000000	      0.00000000	      0.00000000	      0.00000000	      0.00000000	      0.00000000	      0.00000000
      0.65200000	      0.00000000	      0.00000000	      0.00000000	      0.00000000	      0.00000000	      0.00000000	      0.00000000	      0.00000000	      0.00000000	      0.00000000	      0.00000000	      0.00000000	      0.00000000	      0.00000000	      0.00000000	      0.00000000	      0.00000000	      0.00000000	      0.00000000	      0.00000000	      0.00000000	      0.00000000	      0.00000000	      0.00000000	      0.00000000	      0.00000000	      0.00000000	      0.00000000	      0.00000000	      0.00000000	      0.00000000	      0.00000000	      0.00000000	      0.00000000	      0.00000000	      0.00000000	      0.00000000	      0.00000000	      0.00000000	      0.00000000	      0.00000000	      0.00000000	      0.00000000	     -0.05897809	     -0.04551533	     -0.02736588	     -0.04943024	     -0.04511343	     -0.03571697	      0.00842742	      0.01968763	      0.01631527	      0.00000000	     -0.02138802	      0.06473190	      0.06577002	      0.07635689	      0.06759606	      0.03151633	     -0.04837025	      0.03070404	      0.05542896	     -0.02344614	     -0.00168701	      0.07453668	      0.00149146	      0.00150937	      0.05187416	      0.02378113	     -0.00886072	     -0.00907459	     -0.00000000	      0.00000000	      0.00000000	     -0.00000000	      0.00000000	      0.00000000	      0.00000000	      0.00000000	      0.00000000	     -0.00000000	     -0.00000000	     -0.00000000	     -0.00000000	     -0.00000000	     -0.00000000	      0.00000000	      0.00000000	      0.00000000	      0.00000000	      0.00000000	      0.00000000
      0.66800000	      0.00000000	      0.00000000	      0.00000000	      0.00000000	      0.00000000	      0.00000000	      0.00000000	      0.00000000	      0.00000000	      0.00000000	      0.00000000	      0.00000000	      0.00000000	      0.00000000	      0.00000000	      0.00000000	      0.00000000	      0.00000000	      0.00000000	      0.00000000	      0.00000000	      0.00000000	      0.00000000	      0.00000000	      0.00000000	      0.00000000	      0.00000000	      0.00000000	      0.00000000	      0.00000000	      0.00000000	      0.00000000	      0.00000000	      0.00000000	      0.00000000	      0.00000000	      0.00000000	      0.00000000	      0.00000000	      0.00000000	      0.00000000	      0.00000000	      0.00000000	     -0.05931464	     -0.04578271	     -0.02752365	     -0.04962180	     -0.04525376	     -0.03581615	      0.00887978	      0.02031144	      0.01684058	      0.00000000	     -0.02193579	      0.06461054	      0.06562637	      0.07634656	      0.06789836	      0.03204547	     -0.04856231	      0.03059415	      0.05589158	     -0.02367392	     -0.00144854	      0.07477856	      0.00147712	      0.00149599	      0.05190405	      0.02366021	     -0.00892399	     -0.00936009	     -0.00000000	     -0.00000000	      0.00000000	      0.00000000	      0.00000000	      0.00000000	      0.00000000	      0.00000000	      0.00000000	      0.00000000	      0.00000000	      0.00000000	      0.00000000	      0.00000000	      0.00000000	      0.00000000	      0.00000000	      0.00000000	      0.00000000	      0.00000000	      0.00000000
      0.68400000	      0.00000000	      0.00000000	      0.00000000	      0.00000000	      0.00000000	      0.00000000	      0.00000000	      0.00000000	      0.00000000	      0.00000000	      0.00000000	      0.00000000	      0.00000000	      0.00000000	      0.00000000	      0.00000000	      0.00000000	      0.00000000	      0.00000000	      0.00000000	      0.00000000	      0.00000000	      0.00000000	      0.00000000	      0.00000000	      0.00000000	      0.00000000	      0.00000000	      0.00000000	      0.00000000	      0.00000000	      0.00000000	      0.00000000	      0.00000000	      0.00000000	      0.00000000	      0.00000000	      0.00000000	      0.00000000	      0.00000000	      0.00000000	      0.00000000	      0.00000000	     -0.05956814	     -0.04610717	     -0.02786347	     -0.04977822	     -0.04542065	     -0.03601269	      0.00929099	      0.02086884	      0.01729987	     -0.00000000	     -0.02244804	      0.06456634	      0.06555582	      0.07641188	      0.06818059	      0.03252049	     -0.04877291	      0.03055835	      0.05630077	     -0.02401937	     -0.00145071	      0.07461556	      0.00147743	      0.00149140	      0.05190393	      0.02342724	     -0.00916648	     -0.00963481	     -0.00000000	     -0.00000000	     -0.00000000	     -0.00000000	      0.00000000	      0.00000000	      0.00000000	      0.00000000	      0.00000000	      0.00000000	      0.00000000	      0.00000000	      0.00000000	      0.00000000	     -0.00000000	      0.00000000	      0.00000000	      0.00000000	      0.00000000	      0.00000000	      0.00000000
      0.70000000	      0.00000000	      0.00000000	      0.00000000	      0.00000000	      0.00000000	      0.00000000	      0.00000000	      0.00000000	      0.00000000	      0.00000000	      0.00000000	      0.00000000	      0.00000000	      0.00000000	      0.00000000	      0.00000000	      0.00000000	      0.00000000	      0.00000000	      0.00000000	      0.00000000	      0.00000000	      0.00000000	      0.00000000	      0.00000000	      0.00000000	      0.00000000	      0.00000000	      0.00000000	      0.00000000	      0.00000000	      0.00000000	      0.00000000	      0.00000000	      0.00000000	      0.00000000	      0.00000000	      0.00000000	      0.00000000	      0.00000000	      0.00000000	      0.00000000	      0.00000000	     -0.05971538	     -0.04652109	     -0.02845851	     -0.04990478	     -0.04564360	     -0.03635830	      0.00967522	      0.02137661	      0.01770330	      0.00000000	     -0.02296333	      0.06461507	      0.06556508	      0.07656866	      0.06846918	      0.03297430	     -0.04906511	      0.03061137	      0.05668122	     -0.02452781	     -0.00177041	      0.07395088	      0.00149977	      0.00150102	      0.05183638	      0.02303955	     -0.00965589	     -0.00992724	      0.00000000	      0.00000000	     -0.00000000	     -0.00000000	      0.00000000	     -0.00000000	      0.00000000	     -0.00000000	     -0.00000000	      0.00000000	      0.00000000	     -0.00000000	     -0.00000000	     -0.00000000	      0.00000000	      0.00000000	      0.00000000	      0.00000000	      0.00000000	      0.00000000	      0.00000000
      0.71600000	      0.00000000	      0.00000000	      0.00000000	      0.00000000	      0.00000000	      0.00000000	      0.00000000	      0.00000000	      0.00000000	      0.00000000	      0.00000000	      0.00000000	      0.00000000	      0.00000000	      0.00000000	      0.00000000	      0.00000000	      0.00000000	      0.00000000	      0.00000000	      0.00000000	      0.00000000	      0.00000000	      0.00000000	      0.00000000	      0.00000000	      0.00000000	      0.00000000	      0.00000000	      0.00000000	      0.00000000	      0.00000000	      0.00000000	      0.00000000	      0.00000000	      0.00000000	      0.00000000	      0.00000000	      0.00000000	      0.00000000	      0.00000000	      0.00000000	      0.00000000	     -0.05973212	     -0.04705303	     -0.02937441	     -0.05000523	     -0.04594945	     -0.03690073	      0.01007521	      0.02184646	      0.01809149	     -0.00000000	     -0.02356192	      0.06476181	      0.06564452	      0.07681852	      0.06880688	      0.03347758	     -0.04952335	      0.03075786	      0.05708843	     -0.02523276	     -0.00245022	      0.07272026	      0.00155314	      0.00153186	      0.05164907	      0.02244737	     -0.01045729	     -0.01029019	     -0.00000000	      0.00000000	     -0.00000000	      0.00000000	     -0.00000000	      0.00000000	      0.00000000	      0.00000000	     -0.00000000	     -0.00000000	     -0.00000000	      0.00000000	     -0.00000000	     -0.00000000	      0.00000000	      0.00000000	      0.00000000	      0.00000000	      0.00000000	      0.00000000	      0.00000000
      0.73200000	      0.00000000	      0.00000000	      0.00000000	      0.00000000	      0.00000000	      0.00000000	      0.00000000	      0.00000000	      0.00000000	      0.00000000	      0.00000000	      0.00000000	      0.00000000	      0.00000000	      0.00000000	      0.00000000	      0.00000000	      0.00000000	      0.00000000	      0.00000000	      0.00000000	      0.00000000	      0.00000000	      0.00000000	      0.00000000	      0.00000000	      0.00000000	      0.00000000	      0.00000000	      0.00000000	      0.00000000	      0.00000000	      0.00000000	      0.00000000	      0.00000000	      0.00000000	      0.00000000	      0.00000000	      0.00000000	      0.00000000	      0.00000000	      0.00000000	      0.00000000	     -0.05958322	     -0.04770426	     -0.03063834	     -0.05006635	     -0.04634264	     -0.03766069	      0.01054804	      0.02247040	      0.01851981	      0.00000000	     -0.02434693	      0.06500094	      0.06576705	      0.07713951	      0.06923778	      0.03411824	     -0.05022797	      0.03099088	      0.05772851	     -0.02613123	     -0.00347751	      0.07092375	      0.00165117	      0.00159600	      0.05128193	      0.02160666	     -0.01161073	     -0.01078527	     -0.00000000	      0.00000000	      0.00000000	      0.00000000	      0.00000000	      0.00000000	      0.00000000	      0.00000000	      0.00000000	      0.00000000	      0.00000000	      0.00000000	      0.00000000	     -0.00000000	      0.00000000	      0.00000000	      0.00000000	      0.00000000	      0.00000000	      0.00000000	      0.00000000
      0.74800000	      0.00000000	      0.00000000	      0.00000000	      0.00000000	      0.00000000	      0.00000000	      0.00000000	      0.00000000	      0.00000000	      0.00000000	      0.00000000	      0.00000000	      0.00000000	      0.00000000	      0.00000000	      0.00000000	      0.00000000	      0.00000000	      0.00000000	      0.00000000	      0.00000000	      0.00000000	      0.00000000	      0.00000000	      0.00000000	      0.00000000	      0.00000000	      0.00000000	      0.00000000	      0.00000000	      0.00000000	      0.00000000	      0.00000000	      0.00000000	      0.00000000	      0.00000000	      0.00000000	      0.00000000	      0.00000000	      0.00000000	      0.00000000	      0.00000000	      0.00000000	     -0.05921920	     -0.04843328	     -0.03221618	     -0.05004759	     -0.04679105	     -0.03861476	      0.01114057	      0.02324159	      0.01903205	      0.00000000	     -0.02541218	      0.06531939	      0.06589210	      0.07748312	      0.06978804	      0.03496876	     -0.05122499	      0.03129390	      0.05839259	     -0.02717172	     -0.00478286	      0.06864194	      0.00181586	      0.00171464	      0.05068131	      0.02049365	     -0.01311237	     -0.01145676	     -0.00000000	     -0.00000000	      0.00000000	     -0.00000000	     -0.00000000	      0.00000000	     -0.00000000	     -0.00000000	     -0.00000000	     -0.00000000	     -0.00000000	     -0.00000000	      0.00000000	      0.00000000	     -0.00000000	      0.00000000	      0.00000000	      0.00000000	      0.00000000	      0.00000000	      0.00000000
      0.76400000	      0.00000000	      0.00000000	      0.00000000	      0.00000000	      0.00000000	      0.00000000	      0.00000000	      0.00000000	      0.00000000	      0.00000000	      0.00000000	      0.00000000	      0.00000000	      0.00000000	      0.00000000	      0.00000000	      0.00000000	      0.00000000	      0.00000000	      0.00000000	      0.00000000	      0.00000000	      0.00000000	      0.00000000	      0.00000000	      0.00000000	      0.00000000	      0.00000000	      0.00000000	      0.00000000	      0.00000000	      0.00000000	      0.00000000	      0.00000000	      0.00000000	      0.00000000	      0.00000000	      0.00000000	      0.00000000	      0.00000000	      0.00000000	      0.00000000	      0.00000000	     -0.05858738	     -0.04915887	     -0.03400933	     -0.04988522	     -0.04722649	     -0.03969254	      0.01182178	      0.02417774	      0.01963588	      0.00000000	     -0.02680259	      0.06570121	      0.06597562	      0.07778217	      0.07044717	      0.03604914	     -0.05249991	      0.03164598	      0.05926879	     -0.02826434	     -0.00626091	      0.06602045	      0.00207778	      0.00191874	      0.04981888	      0.01911717	     -0.01490626	     -0.01230702	     -0.00000000	     -0.00000000	      0.00000000	      0.00000000	     -0.00000000	      0.00000000	      0.00000000	     -0.00000000	      0.00000000	      0.00000000	      0.00000000	      0.00000000	      0.00000000	      0.00000000	     -0.00000000	      0.00000000	      0.00000000	      0.00000000	      0.00000000	      0.00000000	      0.00000000
      0.78000000	      0.00000000	      0.00000000	      0.00000000	      0.00000000	      0.00000000	      0.00000000	      0.00000000	      0.00000000	      0.00000000	      0.00000000	      0.00000000	      0.00000000	      0.00000000	      0.00000000	      0.00000000	      0.00000000	      0.00000000	      0.00000000	      0.00000000	      0.00000000	      0.00000000	      0.00000000	      0.00000000	      0.00000000	      0.00000000	      0.00000000	      0.00000000	      0.00000000	      0.00000000	      0.00000000	      0.00000000	      0.00000000	      0.00000000	      0.00000000	      0.00000000	      0.00000000	      0.00000000	      0.00000000	      0.00000000	      0.00000000	      0.00000000	      0.00000000	      0.00000000	     -0.05765665	     -0.04978309	     -0.03587469	     -0.04951339	     -0.04756257	     -0.04079106	      0.01264479	      0.02523506	      0.02028976	     -0.00000000	     -0.02848213	      0.06613101	      0.06598412	      0.07796967	      0.07115967	      0.03730292	     -0.05396686	      0.03202775	      0.06034815	     -0.02930903	     -0.00780128	      0.06322798	      0.00246865	      0.00224181	      0.04870739	      0.01752400	     -0.01689036	     -0.01328410	     -0.00000000	     -0.00000000	     -0.00000000	     -0.00000000	     -0.00000000	      0.00000000	      0.00000000	     -0.00000000	      0.00000000	      0.00000000	      0.00000000	      0.00000000	      0.00000000	      0.00000000	      0.00000000	      0.00000000	      0.00000000	      0.00000000	      0.00000000	      0.00000000	      0.00000000
      0.79600000	      0.00000000	      0.00000000	      0.00000000	      0.00000000	      0.00000000	      0.00000000	      0.00000000	      0.00000000	      0.00000000	      0.00000000	      0.00000000	      0.00000000	      0.00000000	      0.00000000	      0.00000000	      0.00000000	      0.00000000	      0.00000000	      0.00000000	      0.00000000	      0.00000000	      0.00000000	      0.00000000	      0.00000000	      0.00000000	      0.00000000	      0.00000000	      0.00000000	      0.00000000	      0.00000000	      0.00000000	      0.00000000	      0.00000000	      0.00000000	      0.00000000	      0.00000000	      0.00000000	      0.00000000	      0.00000000	      0.00000000	      0.00000000	      0.00000000	      0.00000000	     -0.05644305	     -0.05022422	     -0.03766091	     -0.04889355	     -0.04772324	     -0.04180121	      0.01347459	      0.02631203	      0.02091043	      0.00000000	     -0.03032801	      0.06659627	      0.06590819	      0.07800217	      0.07183594	      0.03860345	     -0.05548107	      0.03242640	      0.06155670	     -0.03022687	     -0.00931268	      0.06041318	      0.00300634	      0.00270499	      0.04740380	      0.01579315	     -0.01893588	     -0.01429161	     -0.00000000	     -0.00000000	     -0.00000000	      0.00000000	     -0.00000000	      0.00000000	     -0.00000000	      0.00000000	      0.00000000	     -0.00000000	      0.00000000	     -0.00000000	     -0.00000000	      0.00000000	     -0.00000000	      0.00000000	      0.00000000	      0.00000000	      0.00000000	      0.00000000	      0.00000000
      0.81200000	      0.00000000	      0.00000000	      0.00000000	      0.00000000	      0.00000000	      0.00000000	      0.00000000	      0.00000000	      0.00000000	      0.00000000	      0.00000000	      0.00000000	      0.00000000	      0.00000000	      0.00000000	      0.00000000	      0.00000000	      0.00000000	      0.00000000	      0.00000000	      0.00000000	      0.00000000	      0.00000000	      0.00000000	      0.00000000	      0.00000000	      0.00000000	      0.00000000	      0.00000000	      0.00000000	      0.00000000	      0.00000000	      0.00000000	      0.00000000	      0.00000000	      0.00000000	      0.00000000	      0.00000000	      0.00000000	      0.00000000	      0.00000000	      0.00000000	      0.00000000	     -0.05501770	     -0.05044228	     -0.03924557	     -0.04803524	     -0.04766801	     -0.04263531	      0.01421102	      0.02727765	      0.02139906	      0.00000000	     -0.03215852	      0.06709044	      0.06577007	      0.07787633	      0.07238064	      0.03979141	     -0.05687240	      0.03283859	      0.06276878	     -0.03097820	     -0.01073192	      0.05768274	      0.00368012	      0.00330163	      0.04599591	      0.01401921	     -0.02091407	     -0.01521451	      0.00000000	     -0.00000000	     -0.00000000	     -0.00000000	     -0.00000000	     -0.00000000	     -0.00000000	     -0.00000000	      0.00000000	     -0.00000000	     -0.00000000	     -0.00000000	      0.00000000	      0.00000000	      0.00000000	      0.00000000	      0.00000000	      0.00000000	      0.00000000	      0.00000000	      0.00000000
      0.82800000	      0.00000000	      0.00000000	      0.00000000	      0.00000000	      0.00000000	      0.00000000	      0.00000000	      0.00000000	      0.00000000	      0.00000000	      0.00000000	      0.00000000	      0.00000000	      0.00000000	      0.00000000	      0.00000000	      0.00000000	      0.00000000	      0.00000000	      0.00000000	      0.00000000	      0.00000000	      0.00000000	      0.00000000	      0.00000000	      0.00000000	      0.00000000	      0.00000000	      0.00000000	      0.00000000	      0.00000000	      0.00000000	      0.00000000	      0.00000000	      0.00000000	      0.00000000	      0.00000000	      0.00000000	      0.00000000	      0.00000000	      0.00000000	      0.00000000	      0.00000000	     -0.05348917	     -0.05044388	     -0.04055732	     -0.04699482	     -0.04740038	     -0.04324365	      0.01476640	      0.02801252	      0.02167373	     -0.00000000	     -0.03378333	      0.06761592	      0.06561999	      0.07762913	      0.07272274	      0.04072406	     -0.05798601	      0.03327087	      0.06384319	     -0.03156038	     -0.01202028	      0.05510247	      0.00444616	      0.00399174	      0.04457858	      0.01229070	     -0.02272041	     -0.01595132	     -0.00000000	     -0.00000000	      0.00000000	     -0.00000000	      0.00000000	      0.00000000	     -0.00000000	      0.00000000	     -0.00000000	      0.00000000	      0.00000000	      0.00000000	      0.00000000	     -0.00000000	      0.00000000	      0.00000000	      0.00000000	      0.00000000	      0.00000000	      0.00000000	      0.00000000
      0.84400000	      0.00000000	      0.00000000	      0.00000000	      0.00000000	      0.00000000	      0.00000000	      0.00000000	      0.00000000	      0.00000000	      0.00000000	      0.00000000	      0.00000000	      0.00000000	      0.00000000	      0.00000000	      0.00000000	      0.00000000	      0.00000000	      0.00000000	      0.00000000	      0.00000000	      0.00000000	      0.00000000	      0.00000000	      0.00000000	      0.00000000	      0.00000000	      0.00000000	      0.00000000	      0.00000000	      0.00000000	      0.00000000	      0.00000000	      0.00000000	      0.00000000	      0.00000000	      0.00000000	      0.00000000	      0.00000000	      0.00000000	      0.00000000	      0.00000000	      0.00000000	     -0.05196926	     -0.05026676	     -0.04157609	     -0.04585315	     -0.04695715	     -0.04361482	      0.01508902	      0.02844162	      0.02169172	      0.00000000	     -0.03505289	      0.06818328	      0.06552145	      0.07732134	      0.07283076	      0.04131121	     -0.05871396	      0.03373673	      0.06466219	     -0.03199182	     -0.01315566	      0.05270801	      0.00523758	      0.00471095	      0.04323035	      0.01067220	     -0.02428835	     -0.01643782	      0.00000000	      0.00000000	     -0.00000000	     -0.00000000	      0.00000000	      0.00000000	      0.00000000	      0.00000000	      0.00000000	      0.00000000	     -0.00000000	     -0.00000000	     -0.00000000	      0.00000000	      0.00000000	      0.00000000	      0.00000000	      0.00000000	      0.00000000	      0.00000000	      0.00000000
      0.86000000	      0.00000000	      0.00000000	      0.00000000	      0.00000000	      0.00000000	      0.00000000	      0.00000000	      0.00000000	      0.00000000	      0.00000000	      0.00000000	      0.00000000	      0.00000000	      0.00000000	      0.00000000	      0.00000000	      0.00000000	      0.00000000	      0.00000000	      0.00000000	      0.00000000	      0.00000000	      0.00000000	      0.00000000	      0.00000000	      0.00000000	      0.00000000	      0.00000000	      0.00000000	      0.00000000	      0.00000000	      0.00000000	      0.00000000	      0.00000000	      0.00000000	      0.00000000	      0.00000000	      0.00000000	      0.00000000	      0.00000000	      0.00000000	      0.00000000	      0.00000000	     -0.05054160	     -0.04995673	     -0.04231769	     -0.04468676	     -0.04638769	     -0.04376463	      0.01517041	      0.02854625	      0.02145420	      0.00000000	     -0.03588791	      0.06880423	      0.06553095	      0.07701347	      0.07270874	      0.04152596	     -0.05900892	      0.03425031	      0.06515568	     -0.03229495	     -0.01412655	      0.05051476	      0.00598335	      0.00538901	      0.04199932	      0.00919659	     -0.02559033	     -0.01665513	     -0.00000000	      0.00000000	      0.00000000	      0.00000000	      0.00000000	     -0.00000000	     -0.00000000	     -0.00000000	     -0.00000000	     -0.00000000	     -0.00000000	     -0.00000000	      0.00000000	     -0.00000000	      0.00000000	      0.00000000	      0.00000000	      0.00000000	      0.00000000	      0.00000000	      0.00000000
      0.87600000	      0.00000000	      0.00000000	      0.00000000	      0.00000000	      0.00000000	      0.00000000	      0.00000000	      0.00000000	      0.00000000	      0.00000000	      0.00000000	      0.00000000	      0.00000000	      0.00000000	      0.00000000	      0.00000000	      0.00000000	      0.00000000	      0.00000000	      0.00000000	      0.00000000	      0.00000000	      0.00000000	      0.00000000	      0.00000000	      0.00000000	      0.00000000	      0.00000000	      0.00000000	      0.00000000	      0.00000000	      0.00000000	      0.00000000	      0.00000000	      0.00000000	      0.00000000	      0.00000000	      0.00000000	      0.00000000	      0.00000000	      0.00000000	      0.00000000	      0.00000000	     -0.04924714	     -0.04955085	     -0.04281519	     -0.04354851	     -0.04573646	     -0.04372258	      0.01503913	      0.02835750	      0.02099816	     -0.00000000	     -0.03628449	      0.06948137	      0.06568069	      0.07674611	      0.07238249	      0.04139584	     -0.05888217	      0.03481897	      0.06530543	     -0.03248695	     -0.01492926	      0.04852532	      0.00662550	      0.00596739	      0.04090065	      0.00786818	     -0.02662998	     -0.01662455	     -0.00000000	     -0.00000000	      0.00000000	      0.00000000	      0.00000000	      0.00000000	      0.00000000	     -0.00000000	     -0.00000000	     -0.00000000	     -0.00000000	     -0.00000000	     -0.00000000	      0.00000000	      0.00000000	      0.00000000	      0.00000000	      0.00000000	      0.00000000	      0.00000000	      0.00000000
      0.89200000	      0.00000000	      0.00000000	      0.00000000	      0.00000000	      0.00000000	      0.00000000	      0.00000000	      0.00000000	      0.00000000	      0.00000000	      0.00000000	      0.00000000	      0.00000000	      0.00000000	      0.00000000	      0.00000000	      0.00000000	      0.00000000	      0.00000000	      0.00000000	      0.00000000	      0.00000000	      0.00000000	      0.00000000	      0.00000000	      0.00000000	      0.00000000	      0.00000000	      0.00000000	      0.00000000	      0.00000000	      0.00000000	      0.00000000	      0.00000000	      0.00000000	      0.00000000	      0.00000000	      0.00000000	      0.00000000	      0.00000000	      0.00000000	      0.00000000	      0.00000000	     -0.04808848	     -0.04907292	     -0.04310624	     -0.04246406	     -0.04503610	     -0.04352318	      0.01474841	      0.02794108	      0.02038397	     -0.00000000	     -0.03630120	      0.07020081	      0.06597049	      0.07653205	      0.07188793	      0.04098638	     -0.05839278	      0.03543763	      0.06513765	     -0.03257917	     -0.01556722	      0.04673627	      0.00712856	      0.00640949	      0.03992354	      0.00667315	     -0.02743124	     -0.01639625	     -0.00000000	      0.00000000	     -0.00000000	      0.00000000	     -0.00000000	      0.00000000	      0.00000000	     -0.00000000	      0.00000000	     -0.00000000	      0.00000000	     -0.00000000	     -0.00000000	     -0.00000000	      0.00000000	      0.00000000	      0.00000000	      0.00000000	      0.00000000	      0.00000000	      0.00000000
      0.90800000	      0.00000000	      0.00000000	      0.00000000	      0.00000000	      0.00000000	      0.00000000	      0.00000000	      0.00000000	      0.00000000	      0.00000000	      0.00000000	      0.00000000	      0.00000000	      0.00000000	      0.00000000	      0.00000000	      0.00000000	      0.00000000	      0.00000000	      0.00000000	      0.00000000	      0.00000000	      0.00000000	      0.00000000	      0.00000000	      0.00000000	      0.00000000	      0.00000000	      0.00000000	      0.00000000	      0.00000000	      0.00000000	      0.00000000	      0.00000000	      0.00000000	      0.00000000	      0.00000000	      0.00000000	      0.00000000	      0.00000000	      0.00000000	      0.00000000	      0.00000000	     -0.04704550	     -0.04853865	     -0.04322834	     -0.04144032	     -0.04430996	     -0.04320299	      0.01436316	      0.02738111	      0.01968328	      0.00000000	     -0.03603788	      0.07093223	      0.06637027	      0.07636053	      0.07126703	      0.04038527	     -0.05763382	      0.03608733	      0.06471228	     -0.03258101	     -0.01605101	      0.04514390	      0.00748135	      0.00670328	      0.03904342	      0.00559192	     -0.02802908	     -0.01603662	      0.00000000	     -0.00000000	     -0.00000000	      0.00000000	      0.00000000	      0.00000000	      0.00000000	      0.00000000	      0.00000000	     -0.00000000	     -0.00000000	     -0.00000000	     -0.00000000	     -0.00000000	      0.00000000	      0.00000000	      0.00000000	      0.00000000	      0.00000000	      0.00000000	      0.00000000
      0.92400000	      0.00000000	      0.00000000	      0.00000000	      0.00000000	      0.00000000	      0.00000000	      0.00000000	      0.00000000	      0.00000000	      0.00000000	      0.00000000	      0.00000000	      0.00000000	      0.00000000	      0.00000000	      0.00000000	      0.00000000	      0.00000000	      0.00000000	      0.00000000	      0.00000000	      0.00000000	      0.00000000	      0.00000000	      0.00000000	      0.00000000	      0.00000000	      0.00000000	      0.00000000	      0.00000000	      0.00000000	      0.00000000	      0.00000000	      0.00000000	      0.00000000	      0.00000000	      0.00000000	      0.00000000	      0.00000000	      0.00000000	      0.00000000	      0.00000000	      0.00000000	     -0.04609253	     -0.04796366	     -0.04321891	     -0.04047756	     -0.04357846	     -0.04280077	      0.01394814	      0.02676523	      0.01896822	      0.00000000	     -0.03561261	      0.07163619	      0.06683011	      0.07620895	      0.07056898	      0.03968888	     -0.05671809	      0.03673823	      0.06411301	     -0.03250396	     -0.01639819	      0.04374721	      0.00769510	      0.00685986	      0.03823501	      0.00460905	     -0.02846313	     -0.01561636	      0.00000000	      0.00000000	     -0.00000000	     -0.00000000	      0.00000000	     -0.00000000	      0.00000000	     -0.00000000	     -0.00000000	     -0.00000000	      0.00000000	      0.00000000	      0.00000000	     -0.00000000	      0.00000000	      0.00000000	      0.00000000	      0.00000000	      0.00000000	      0.00000000	      0.00000000
      0.94000000	      0.00000000	      0.00000000	      0.00000000	      0.00000000	      0.00000000	      0.00000000	      0.00000000	      0.00000000	      0.00000000	      0.00000000	      0.00000000	      0.00000000	      0.00000000	      0.00000000	      0.00000000	      0.00000000	      0.00000000	      0.00000000	      0.00000000	      0.00000000	      0.00000000	      0.00000000	      0.00000000	      0.00000000	      0.00000000	      0.00000000	      0.00000000	      0.00000000	      0.00000000	      0.00000000	      0.00000000	      0.00000000	      0.00000000	      0.00000000	      0.00000000	      0.00000000	      0.00000000	      0.00000000	      0.00000000	      0.00000000	      0.00000000	      0.00000000	      0.00000000	     -0.04520988	     -0.04736842	     -0.04311566	     -0.03957798	     -0.04286340	     -0.04235717	      0.01355823	      0.02617181	      0.01830164	      0.00000000	     -0.03514095	      0.07227459	      0.06729311	      0.07605573	      0.06985098	      0.03899023	     -0.05576372	      0.03735534	      0.06343683	     -0.03236285	     -0.01663204	      0.04254705	      0.00779997	      0.00691015	      0.03748235	      0.00371816	     -0.02877378	     -0.01520028	     -0.00000000	     -0.00000000	      0.00000000	     -0.00000000	      0.00000000	      0.00000000	     -0.00000000	      0.00000000	      0.00000000	      0.00000000	      0.00000000	      0.00000000	     -0.00000000	      0.00000000	      0.00000000	      0.00000000	      0.00000000	      0.00000000	      0.00000000	      0.00000000	      0.00000000
      0.95600000	      0.00000000	      0.00000000	      0.00000000	      0.00000000	      0.00000000	      0.00000000	      0.00000000	      0.00000000	      0.00000000	      0.00000000	      0.00000000	      0.00000000	      0.00000000	      0.00000000	      0.00000000	      0.00000000	      0.00000000	      0.00000000	      0.00000000	      0.00000000	      0.00000000	      0.00000000	      0.00000000	      0.00000000	      0.00000000	      0.00000000	      0.00000000	      0.00000000	      0.00000000	      0.00000000	      0.00000000	      0.00000000	      0.00000000	      0.00000000	      0.00000000	      0.00000000	      0.00000000	      0.00000000	      0.00000000	      0.00000000	      0.00000000	      0.00000000	      0.00000000	     -0.04438643	     -0.04677706	     -0.04295464	     -0.03874731	     -0.04218737	     -0.04191170	      0.01323186	      0.02566026	      0.01772962	     -0.00000000	     -0.03471989	      0.07281989	      0.06770717	      0.07588895	      0.06917464	      0.03836827	     -0.05488021	      0.03790521	      0.06278176	     -0.03217318	     -0.01677884	      0.04154211	      0.00784039	      0.00690018	      0.03678289	      0.00292133	     -0.02899944	     -0.01483952	     -0.00000000	     -0.00000000	     -0.00000000	     -0.00000000	      0.00000000	      0.00000000	     -0.00000000	      0.00000000	     -0.00000000	     -0.00000000	     -0.00000000	      0.00000000	     -0.00000000	     -0.00000000	     -0.00000000	      0.00000000	      0.00000000	      0.00000000	      0.00000000	      0.00000000	      0.00000000
      0.97200000	      0.00000000	      0.00000000	      0.00000000	      0.00000000	      0.00000000	      0.00000000	      0.00000000	      0.00000000	      0.00000000	      0.00000000	      0.00000000	      0.00000000	      0.00000000	      0.00000000	      0.00000000	      0.00000000	      0.00000000	      0.00000000	      0.00000000	      0.00000000	      0.00000000	      0.00000000	      0.00000000	      0.00000000	      0.00000000	      0.00000000	      0.00000000	      0.00000000	      0.00000000	      0.00000000	      0.00000000	      0.00000000	      0.00000000	      0.00000000	      0.00000000	      0.00000000	      0.00000000	      0.00000000	      0.00000000	      0.00000000	      0.00000000	      0.00000000	      0.00000000	     -0.04361443	     -0.04621065	     -0.04276551	     -0.03799035	     -0.04156863	     -0.04149721	      0.01298884	      0.02526631	      0.01727765	      0.00000000	     -0.03441871	      0.07325932	      0.06803273	      0.07570824	      0.06859738	      0.03788002	     -0.05415626	      0.03836147	      0.06223344	     -0.03194554	     -0.01686358	      0.04072457	      0.00786810	      0.00688366	      0.03614474	      0.00222411	     -0.02917415	     -0.01456760	      0.00000000	      0.00000000	     -0.00000000	      0.00000000	     -0.00000000	      0.00000000	     -0.00000000	     -0.00000000	     -0.00000000	     -0.00000000	     -0.00000000	      0.00000000	      0.00000000	     -0.00000000	     -0.00000000	      0.00000000	      0.00000000	      0.00000000	      0.00000000	      0.00000000	      0.00000000
      0.98800000	      0.00000000	      0.00000000	      0.00000000	      0.00000000	      0.00000000	      0.00000000	      0.00000000	      0.00000000	      0.00000000	      0.00000000	      0.00000000	      0.00000000	      0.00000000	      0.00000000	      0.00000000	      0.00000000	      0.00000000	      0.00000000	      0.00000000	      0.00000000	      0.00000000	      0.00000000	      0.00000000	      0.00000000	      0.00000000	      0.00000000	      0.00000000	      0.00000000	      0.00000000	      0.00000000	      0.00000000	      0.00000000	      0.00000000	      0.00000000	      0.00000000	      0.00000000	      0.00000000	      0.00000000	      0.00000000	      0.00000000	      0.00000000	      0.00000000	      0.00000000	     -0.04288232	     -0.04567926	     -0.04256603	     -0.03730481	     -0.04101500	     -0.04113393	      0.01283264	      0.02500268	      0.01695172	     -0.00000000	     -0.03427666	      0.07359358	      0.06824611	      0.07552092	      0.06816229	      0.03755709	     -0.05365090	      0.03870820	      0.06185329	     -0.03168049	     -0.01690543	      0.04007851	      0.00793243	      0.00691189	      0.03557996	      0.00162976	     -0.02932468	     -0.01440046	     -0.00000000	     -0.00000000	      0.00000000	     -0.00000000	      0.00000000	     -0.00000000	     -0.00000000	      0.00000000	      0.00000000	      0.00000000	      0.00000000	     -0.00000000	     -0.00000000	      0.00000000	      0.00000000	      0.00000000	      0.00000000	      0.00000000	      0.00000000	      0.00000000	      0.00000000
      1.00400000	      0.00000000	      0.00000000	      0.00000000	      0.00000000	      0.00000000	      0.00000000	      0.00000000	      0.00000000	      0.00000000	      0.00000000	      0.00000000	      0.00000000	      0.00000000	      0.00000000	      0.00000000	      0.00000000	      0.00000000	      0.00000000	      0.00000000	      0.00000000	      0.00000000	      0.00000000	      0.00000000	      0.00000000	      0.00000000	      0.00000000	      0.00000000	      0.00000000	      0.00000000	      0.00000000	      0.00000000	      0.00000000	      0.00000000	      0.00000000	      0.00000000	      0.00000000	      0.00000000	      0.00000000	      0.00000000	      0.00000000	      0.00000000	      0.00000000	      0.00000000	     -0.04217231	     -0.04517821	     -0.04235912	     -0.03667917	     -0.04052129	     -0.04082623	      0.01275546	      0.02486397	      0.01674302	      0.00000000	     -0.03430494	      0.07383172	      0.06833954	      0.07533642	      0.06789035	      0.03740629	     -0.05338859	      0.03894075	      0.06167131	     -0.03136763	     -0.01691469	      0.03958225	      0.00806919	      0.00702210	      0.03509839	      0.00113624	     -0.02946761	     -0.01433913	      0.00000000	      0.00000000	      0.00000000	     -0.00000000	     -0.00000000	      0.00000000	      0.00000000	      0.00000000	      0.00000000	      0.00000000	      0.00000000	     -0.00000000	      0.00000000	      0.00000000	      0.00000000	      0.00000000	      0.00000000	      0.00000000	      0.00000000	      0.00000000	      0.00000000
      1.02000000	      0.00000000	      0.00000000	      0.00000000	      0.00000000	      0.00000000	      0.00000000	      0.00000000	      0.00000000	      0.00000000	      0.00000000	      0.00000000	      0.00000000	      0.00000000	      0.00000000	      0.00000000	      0.00000000	      0.00000000	      0.00000000	      0.00000000	      0.00000000	      0.00000000	      0.00000000	      0.00000000	      0.00000000	      0.00000000	      0.00000000	      0.00000000	      0.00000000	      0.00000000	      0.00000000	      0.00000000	      0.00000000	      0.00000000	      0.00000000	      0.00000000	      0.00000000	      0.00000000	      0.00000000	      0.00000000	      0.00000000	      0.00000000	      0.00000000	      0.00000000	     -0.04146577	     -0.04469164	     -0.04213503	     -0.03609680	     -0.04007250	     -0.04056419	      0.01274325	      0.02483249	      0.01663368	      0.00000000	     -0.03449011	      0.07398561	      0.06831975	      0.07516237	      0.06777778	      0.03741272	     -0.05335857	      0.03906503	      0.06168457	     -0.03099120	     -0.01689315	      0.03921280	      0.00829150	      0.00722805	      0.03470514	      0.00073717	     -0.02960742	     -0.01437288	      0.00000000	      0.00000000	     -0.00000000	      0.00000000	      0.00000000	      0.00000000	     -0.00000000	      0.00000000	     -0.00000000	     -0.00000000	     -0.00000000	      0.00000000	     -0.00000000	     -0.00000000	     -0.00000000	      0.00000000	      0.00000000	      0.00000000	      0.00000000	      0.00000000	      0.00000000
      1.03600000	      0.00000000	      0.00000000	      0.00000000	      0.00000000	      0.00000000	      0.00000000	      0.00000000	      0.00000000	      0.00000000	      0.00000000	      0.00000000	      0.00000000	      0.00000000	      0.00000000	      0.00000000	      0.00000000	      0.00000000	      0.00000000	      0.00000000	      0.00000000	      0.00000000	      0.00000000	      0.00000000	      0.00000000	      0.00000000	      0.00000000	      0.00000000	      0.00000000	      0.00000000	      0.00000000	      0.00000000	      0.00000000	      0.00000000	      0.00000000	      0.00000000	      0.00000000	      0.00000000	      0.00000000	      0.00000000	      0.00000000	      0.00000000	      0.00000000	      0.00000000	     -0.04075457	     -0.04420326	     -0.04187974	     -0.03554535	     -0.03965257	     -0.04033055	      0.01277948	      0.02488366	      0.01660174	     -0.00000000	     -0.03479805	      0.07406699	      0.06820611	      0.07500399	      0.06779913	      0.03754447	     -0.05351900	      0.03909583	      0.06186170	     -0.03054185	     -0.01683842	      0.03894970	      0.00858658	      0.00751652	      0.03440113	      0.00042490	     -0.02973762	     -0.01448213	     -0.00000000	     -0.00000000	      0.00000000	     -0.00000000	      0.00000000	     -0.00000000	      0.00000000	     -0.00000000	      0.00000000	      0.00000000	      0.00000000	      0.00000000	      0.00000000	     -0.00000000	      0.00000000	      0.00000000	      0.00000000	      0.00000000	      0.00000000	      0.00000000	      0.00000000
      1.05200000	      0.00000000	      0.00000000	      0.00000000	      0.00000000	      0.00000000	      0.00000000	      0.00000000	      0.00000000	      0.00000000	      0.00000000	      0.00000000	      0.00000000	      0.00000000	      0.00000000	      0.00000000	      0.00000000	      0.00000000	      0.00000000	      0.00000000	      0.00000000	      0.00000000	      0.00000000	      0.00000000	      0.00000000	      0.00000000	      0.00000000	      0.00000000	      0.00000000	      0.00000000	      0.00000000	      0.00000000	      0.00000000	      0.00000000	      0.00000000	      0.00000000	      0.00000000	      0.00000000	      0.00000000	      0.00000000	      0.00000000	      0.00000000	      0.00000000	      0.00000000	     -0.04005352	     -0.04371137	     -0.04158849	     -0.03502741	     -0.03925609	     -0.04011190	      0.01284772	      0.02499070	      0.01662513	     -0.00000000	     -0.03517986	      0.07408743	      0.06802767	      0.07486561	      0.06791552	      0.03775922	     -0.05380730	      0.03905445	      0.06215268	     -0.03003139	     -0.01675107	      0.03877689	      0.00892023	      0.00785197	      0.03418447	      0.00019349	     -0.02984598	     -0.01464131	      0.00000000	      0.00000000	      0.00000000	      0.00000000	      0.00000000	      0.00000000	     -0.00000000	     -0.00000000	      0.00000000	      0.00000000	     -0.00000000	      0.00000000	      0.00000000	     -0.00000000	      0.00000000	      0.00000000	      0.00000000	      0.00000000	      0.00000000	      0.00000000	      0.00000000
      1.06800000	      0.00000000	      0.00000000	      0.00000000	      0.00000000	      0.00000000	      0.00000000	      0.00000000	      0.00000000	      0.00000000	      0.00000000	      0.00000000	      0.00000000	      0.00000000	      0.00000000	      0.00000000	      0.00000000	      0.00000000	      0.00000000	      0.00000000	      0.00000000	      0.00000000	      0.00000000	      0.00000000	      0.00000000	      0.00000000	      0.00000000	      0.00000000	      0.00000000	      0.00000000	      0.00000000	      0.00000000	      0.00000000	      0.00000000	      0.00000000	      0.00000000	      0.00000000	      0.00000000	      0.00000000	      0.00000000	      0.00000000	      0.00000000	      0.00000000	      0.00000000	     -0.03940728	     -0.04324195	     -0.04127944	     -0.03456772	     -0.03889824	     -0.03991039	      0.01293350	      0.02512886	      0.01668471	     -0.00000000	     -0.03558039	      0.07405924	      0.06781826	      0.07475229	      0.06808538	      0.03801248	     -0.05415582	      0.03896516	      0.06250175	     -0.02950401	     -0.01664179	      0.03868254	      0.00924792	      0.00818760	      0.03405121	      0.00004017	     -0.02992269	     -0.01482262	     -0.00000000	      0.00000000	     -0.00000000	      0.00000000	     -0.00000000	     -0.00000000	     -0.00000000	     -0.00000000	     -0.00000000	     -0.00000000	      0.00000000	      0.00000000	     -0.00000000	     -0.00000000	      0.00000000	      0.00000000	      0.00000000	      0.00000000	      0.00000000	      0.00000000	      0.00000000
      1.08400000	      0.00000000	      0.00000000	      0.00000000	      0.00000000	      0.00000000	      0.00000000	      0.00000000	      0.00000000	      0.00000000	      0.00000000	      0.00000000	      0.00000000	      0.00000000	      0.00000000	      0.00000000	      0.00000000	      0.00000000	      0.00000000	      0.00000000	      0.00000000	      0.00000000	      0.00000000	      0.00000000	      0.00000000	      0.00000000	      0.00000000	      0.00000000	      0.00000000	      0.00000000	      0.00000000	      0.00000000	      0.00000000	      0.00000000	      0.00000000	      0.00000000	      0.00000000	      0.00000000	      0.00000000	      0.00000000	      0.00000000	      0.00000000	      0.00000000	      0.00000000	     -0.03888595	     -0.04285139	     -0.04099932	     -0.03421160	     -0.03861677	     -0.03974953	      0.01303178	      0.02527851	      0.01676635	     -0.00000000	     -0.03594848	      0.07399553	      0.06761005	      0.07466974	      0.06827397	      0.03826576	     -0.05450790	      0.03885090	      0.06285865	     -0.02903612	     -0.01653426	      0.03865793	      0.00952769	      0.00847875	      0.03399503	     -0.00003531	     -0.02996759	     -0.01500012	     -0.00000000	      0.00000000	      0.00000000	     -0.00000000	     -0.00000000	      0.00000000	      0.00000000	     -0.00000000	      0.00000000	      0.00000000	      0.00000000	      0.00000000	      0.00000000	      0.00000000	      0.00000000	      0.00000000	      0.00000000	      0.00000000	      0.00000000	      0.00000000	      0.00000000
      1.10000000	      0.00000000	      0.00000000	      0.00000000	      0.00000000	      0.00000000	      0.00000000	      0.00000000	      0.00000000	      0.00000000	      0.00000000	      0.00000000	      0.00000000	      0.00000000	      0.00000000	      0.00000000	      0.00000000	      0.00000000	      0.00000000	      0.00000000	      0.00000000	      0.00000000	      0.00000000	      0.00000000	      0.00000000	      0.00000000	      0.00000000	      0.00000000	      0.00000000	      0.00000000	      0.00000000	      0.00000000	      0.00000000	      0.00000000	      0.00000000	      0.00000000	      0.00000000	      0.00000000	      0.00000000	      0.00000000	      0.00000000	      0.00000000	      0.00000000	      0.00000000	     -0.03856752	     -0.04261333	     -0.04081395	     -0.03401254	     -0.03846199	     -0.03966839	      0.01311788	      0.02542653	      0.01686122	      0.00000000	     -0.03624611	      0.07390877	      0.06742738	      0.07462229	      0.06845814	      0.03849219	     -0.05482747	      0.03872978	      0.06318589	     -0.02871985	     -0.01646095	      0.03869541	      0.00973038	      0.00869365	      0.03400646	     -0.00003320	     -0.02999182	     -0.01515338	      0.00000000	      0.00000000	      0.00000000	     -0.00000000	      0.00000000	     -0.00000000	     -0.00000000	      0.00000000	     -0.00000000	     -0.00000000	     -0.00000000	     -0.00000000	     -0.00000000	     -0.00000000	     -0.00000000	      0.00000000	      0.00000000	      0.00000000	      0.00000000	      0.00000000	      0.00000000
      1.11600000	      0.00000000	      0.00000000	      0.00000000	      0.00000000	      0.00000000	      0.00000000	      0.00000000	      0.00000000	      0.00000000	      0.00000000	      0.00000000	      0.00000000	      0.00000000	      0.00000000	      0.00000000	      0.00000000	      0.00000000	      0.00000000	      0.00000000	      0.00000000	      0.00000000	      0.00000000	      0.00000000	      0.00000000	      0.00000000	      0.00000000	      0.00000000	      0.00000000	      0.00000000	      0.00000000	      0.00000000	      0.00000000	      0.00000000	      0.00000000	      0.00000000	      0.00000000	      0.00000000	      0.00000000	      0.00000000	      0.00000000	      0.00000000	      0.00000000	      0.00000000	     -0.03851224	     -0.04259204	     -0.04078447	     -0.03401239	     -0.03847689	     -0.03970465	      0.01319910	      0.02556562	      0.01696444	      0.00000000	     -0.03645366	      0.07380945	      0.06728362	      0.07461038	      0.06862582	      0.03867787	     -0.05509803	      0.03861377	      0.06337510	     -0.02863401	     -0.01645233	      0.03878612	      0.00984437	      0.00881868	      0.03407260	      0.00004235	     -0.03001198	     -0.01527078	     -0.00000000	      0.00000000	     -0.00000000	     -0.00000000	     -0.00000000	     -0.00000000	     -0.00000000	      0.00000000	     -0.00000000	     -0.00000000	      0.00000000	      0.00000000	      0.00000000	     -0.00000000	     -0.00000000	      0.00000000	      0.00000000	      0.00000000	      0.00000000	      0.00000000	      0.00000000
      1.13200000	      0.00000000	      0.00000000	      0.00000000	      0.00000000	      0.00000000	      0.00000000	      0.00000000	      0.00000000	      0.00000000	      0.00000000	      0.00000000	      0.00000000	      0.00000000	      0.00000000	      0.00000000	      0.00000000	      0.00000000	      0.00000000	      0.00000000	      0.00000000	      0.00000000	      0.00000000	      0.00000000	      0.00000000	      0.00000000	      0.00000000	      0.00000000	      0.00000000	      0.00000000	      0.00000000	      0.00000000	      0.00000000	      0.00000000	      0.00000000	      0.00000000	      0.00000000	      0.00000000	      0.00000000	      0.00000000	      0.00000000	      0.00000000	      0.00000000	      0.00000000	     -0.03873877	     -0.04281417	     -0.04094047	     -0.03422215	     -0.03867623	     -0.03987444	      0.01327401	      0.02567244	      0.01707217	     -0.00000000	     -0.03656980	      0.07370637	      0.06718201	      0.07462913	      0.06877146	      0.03881905	     -0.05531368	      0.03851008	      0.06356055	     -0.02881499	     -0.01652490	      0.03891724	      0.00987499	      0.00885803	      0.03417710	      0.00017945	     -0.03004083	     -0.01534938	      0.00000000	     -0.00000000	      0.00000000	     -0.00000000	     -0.00000000	      0.00000000	     -0.00000000	     -0.00000000	      0.00000000	      0.00000000	     -0.00000000	      0.00000000	     -0.00000000	     -0.00000000	     -0.00000000	      0.00000000	      0.00000000	      0.00000000	      0.00000000	      0.00000000	      0.00000000
      1.14800000	      0.00000000	      0.00000000	      0.00000000	      0.00000000	      0.00000000	      0.00000000	      0.00000000	      0.00000000	      0.00000000	      0.00000000	      0.00000000	      0.00000000	      0.00000000	      0.00000000	      0.00000000	      0.00000000	      0.00000000	      0.00000000	      0.00000000	      0.00000000	      0.00000000	      0.00000000	      0.00000000	      0.00000000	      0.00000000	      0.00000000	      0.00000000	      0.00000000	      0.00000000	      0.00000000	      0.00000000	      0.00000000	      0.00000000	      0.00000000	      0.00000000	      0.00000000	      0.00000000	      0.00000000	      0.00000000	      0.00000000	      0.00000000	      0.00000000	      0.00000000	     -0.03921193	     -0.04325307	     -0.04126533	     -0.03461163	     -0.03903485	     -0.04016060	      0.01334147	      0.02577717	      0.01717893	     -0.00000000	     -0.03660698	      0.07360839	      0.06711952	      0.07466857	      0.06889086	      0.03891719	     -0.05546955	      0.03842416	      0.06369705	     -0.02924148	     -0.01667467	      0.03906946	      0.00984030	      0.00882936	      0.03429994	      0.00035600	     -0.03008151	     -0.01539277	      0.00000000	      0.00000000	      0.00000000	     -0.00000000	      0.00000000	      0.00000000	     -0.00000000	      0.00000000	     -0.00000000	      0.00000000	     -0.00000000	     -0.00000000	     -0.00000000	      0.00000000	     -0.00000000	      0.00000000	      0.00000000	      0.00000000	      0.00000000	      0.00000000	      0.00000000
      1.16400000	      0.00000000	      0.00000000	      0.00000000	      0.00000000	      0.00000000	      0.00000000	      0.00000000	      0.00000000	      0.00000000	      0.00000000	      0.00000000	      0.00000000	      0.00000000	      0.00000000	      0.00000000	      0.00000000	      0.00000000	      0.00000000	      0.00000000	      0.00000000	      0.00000000	      0.00000000	      0.00000000	      0.00000000	      0.00000000	      0.00000000	      0.00000000	      0.00000000	      0.00000000	      0.00000000	      0.00000000	      0.00000000	      0.00000000	      0.00000000	      0.00000000	      0.00000000	      0.00000000	      0.00000000	      0.00000000	      0.00000000	      0.00000000	      0.00000000	      0.00000000	     -0.03984750	     -0.04383372	     -0.04170201	     -0.03511288	     -0.03949128	     -0.04051584	      0.01339796	      0.02586553	      0.01727468	      0.00000000	     -0.03658450	      0.07352616	      0.06709116	      0.07471553	      0.06897775	      0.03897438	     -0.05555797	      0.03836227	      0.06378963	     -0.02984061	     -0.01687974	      0.03921639	      0.00976522	      0.00875748	      0.03441739	      0.00054055	     -0.03012937	     -0.01540438	     -0.00000000	     -0.00000000	     -0.00000000	      0.00000000	     -0.00000000	     -0.00000000	     -0.00000000	      0.00000000	     -0.00000000	      0.00000000	      0.00000000	      0.00000000	      0.00000000	      0.00000000	      0.00000000	      0.00000000	      0.00000000	      0.00000000	      0.00000000	      0.00000000	      0.00000000
      1.18000000	      0.00000000	      0.00000000	      0.00000000	      0.00000000	      0.00000000	      0.00000000	      0.00000000	      0.00000000	      0.00000000	      0.00000000	      0.00000000	      0.00000000	      0.00000000	      0.00000000	      0.00000000	      0.00000000	      0.00000000	      0.00000000	      0.00000000	      0.00000000	      0.00000000	      0.00000000	      0.00000000	      0.00000000	      0.00000000	      0.00000000	      0.00000000	      0.00000000	      0.00000000	      0.00000000	      0.00000000	      0.00000000	      0.00000000	      0.00000000	      0.00000000	      0.00000000	      0.00000000	      0.00000000	      0.00000000	      0.00000000	      0.00000000	      0.00000000	      0.00000000	     -0.04053294	     -0.04445543	     -0.04217478	     -0.03563662	     -0.03996487	     -0.04087859	      0.01343734	      0.02592855	      0.01734557	      0.00000000	     -0.03652194	      0.07347191	      0.06709292	      0.07475634	      0.06902348	      0.03899089	     -0.05557112	      0.03833214	      0.06383658	     -0.03051178	     -0.01711002	      0.03932717	      0.00967553	      0.00866803	      0.03450363	      0.00069714	     -0.03017861	     -0.01538465	     -0.00000000	     -0.00000000	      0.00000000	     -0.00000000	      0.00000000	     -0.00000000	     -0.00000000	     -0.00000000	     -0.00000000	     -0.00000000	      0.00000000	     -0.00000000	      0.00000000	      0.00000000	     -0.00000000	      0.00000000	      0.00000000	      0.00000000	      0.00000000	      0.00000000	      0.00000000
      1.19600000	      0.00000000	      0.00000000	      0.00000000	      0.00000000	      0.00000000	      0.00000000	      0.00000000	      0.00000000	      0.00000000	      0.00000000	      0.00000000	      0.00000000	      0.00000000	      0.00000000	      0.00000000	      0.00000000	      0.00000000	      0.00000000	      0.00000000	      0.00000000	      0.00000000	      0.00000000	      0.00000000	      0.00000000	      0.00000000	      0.00000000	      0.00000000	      0.00000000	      0.00000000	      0.00000000	      0.00000000	      0.00000000	      0.00000000	      0.00000000	      0.00000000	      0.00000000	      0.00000000	      0.00000000	      0.00000000	      0.00000000	      0.00000000	      0.00000000	      0.00000000	     -0.04115592	     -0.04502074	     -0.04261403	     -0.03609508	     -0.04037832	     -0.04119226	      0.01345345	      0.02595667	      0.01737828	      0.00000000	     -0.03643527	      0.07345718	      0.06712219	      0.07477930	      0.06901937	      0.03896568	     -0.05550608	      0.03834142	      0.06383477	     -0.03115646	     -0.01733792	      0.03937260	      0.00959308	      0.00858250	      0.03453459	      0.00079280	     -0.03022770	     -0.01533612	      0.00000000	     -0.00000000	     -0.00000000	      0.00000000	     -0.00000000	      0.00000000	      0.00000000	      0.00000000	     -0.00000000	     -0.00000000	      0.00000000	      0.00000000	      0.00000000	      0.00000000	      0.00000000	      0.00000000	      0.00000000	      0.00000000	      0.00000000	      0.00000000	      0.00000000
      1.21200000	      0.00000000	      0.00000000	      0.00000000	      0.00000000	      0.00000000	      0.00000000	      0.00000000	      0.00000000	      0.00000000	      0.00000000	      0.00000000	      0.00000000	      0.00000000	      0.00000000	      0.00000000	      0.00000000	      0.00000000	      0.00000000	      0.00000000	      0.00000000	      0.00000000	      0.00000000	      0.00000000	      0.00000000	      0.00000000	      0.00000000	      0.00000000	      0.00000000	      0.00000000	      0.00000000	      0.00000000	      0.00000000	      0.00000000	      0.00000000	      0.00000000	      0.00000000	      0.00000000	      0.00000000	      0.00000000	      0.00000000	      0.00000000	      0.00000000	      0.00000000	     -0.04163048	     -0.04545862	     -0.04297238	     -0.03642271	     -0.04067618	     -0.04141898	      0.01344276	      0.02594397	      0.01736455	     -0.00000000	     -0.03633621	      0.07348918	      0.06717643	      0.07477650	      0.06896035	      0.03889895	     -0.05536812	      0.03839472	      0.06378362	     -0.03170113	     -0.01754455	      0.03933295	      0.00953279	      0.00851546	      0.03449333	      0.00080509	     -0.03027961	     -0.01526434	     -0.00000000	      0.00000000	      0.00000000	     -0.00000000	     -0.00000000	      0.00000000	      0.00000000	      0.00000000	     -0.00000000	     -0.00000000	      0.00000000	      0.00000000	      0.00000000	      0.00000000	      0.00000000	      0.00000000	      0.00000000	      0.00000000	      0.00000000	      0.00000000	      0.00000000
      1.22800000	      0.00000000	      0.00000000	      0.00000000	      0.00000000	      0.00000000	      0.00000000	      0.00000000	      0.00000000	      0.00000000	      0.00000000	      0.00000000	      0.00000000	      0.00000000	      0.00000000	      0.00000000	      0.00000000	      0.00000000	      0.00000000	      0.00000000	      0.00000000	      0.00000000	      0.00000000	      0.00000000	      0.00000000	      0.00000000	      0.00000000	      0.00000000	      0.00000000	      0.00000000	      0.00000000	      0.00000000	      0.00000000	      0.00000000	      0.00000000	      0.00000000	      0.00000000	      0.00000000	      0.00000000	      0.00000000	      0.00000000	      0.00000000	      0.00000000	      0.00000000	     -0.04191305	     -0.04573521	     -0.04322859	     -0.03658871	     -0.04083406	     -0.04154412	      0.01340611	      0.02589098	      0.01730423	     -0.00000000	     -0.03623315	      0.07356767	      0.06725160	      0.07474509	      0.06884821	      0.03879486	     -0.05517068	      0.03849067	      0.06368722	     -0.03210709	     -0.01771987	      0.03920489	      0.00950112	      0.00847336	      0.03437527	      0.00072779	     -0.03033767	     -0.01517657	     -0.00000000	      0.00000000	      0.00000000	     -0.00000000	     -0.00000000	     -0.00000000	     -0.00000000	     -0.00000000	      0.00000000	      0.00000000	      0.00000000	      0.00000000	      0.00000000	      0.00000000	      0.00000000	      0.00000000	      0.00000000	      0.00000000	      0.00000000	      0.00000000	      0.00000000
      1.24400000	      0.00000000	      0.00000000	      0.00000000	      0.00000000	      0.00000000	      0.00000000	      0.00000000	      0.00000000	      0.00000000	      0.00000000	      0.00000000	      0.00000000	      0.00000000	      0.00000000	      0.00000000	      0.00000000	      0.00000000	      0.00000000	      0.00000000	      0.00000000	      0.00000000	      0.00000000	      0.00000000	      0.00000000	      0.00000000	      0.00000000	      0.00000000	      0.00000000	      0.00000000	      0.00000000	      0.00000000	      0.00000000	      0.00000000	      0.00000000	      0.00000000	      0.00000000	      0.00000000	      0.00000000	      0.00000000	      0.00000000	      0.00000000	      0.00000000	      0.00000000	     -0.04200610	     -0.04585280	     -0.04338236	     -0.03659968	     -0.04085851	     -0.04157349	      0.01334880	      0.02580501	      0.01720599	      0.00000000	     -0.03613112	      0.07368341	      0.06734191	      0.07468880	      0.06869306	      0.03866227	     -0.05493287	      0.03862033	      0.06355409	     -0.03236761	     -0.01785875	      0.03900537	      0.00949493	      0.00845375	      0.03419271	      0.00057393	     -0.03040050	     -0.01508050	     -0.00000000	      0.00000000	     -0.00000000	     -0.00000000	      0.00000000	      0.00000000	      0.00000000	     -0.00000000	      0.00000000	      0.00000000	     -0.00000000	      0.00000000	     -0.00000000	      0.00000000	      0.00000000	      0.00000000	      0.00000000	      0.00000000	      0.00000000	      0.00000000	      0.00000000
      1.26000000	      0.00000000	      0.00000000	      0.00000000	      0.00000000	      0.00000000	      0.00000000	      0.00000000	      0.00000000	      0.00000000	      0.00000000	      0.00000000	      0.00000000	      0.00000000	      0.00000000	      0.00000000	      0.00000000	      0.00000000	      0.00000000	      0.00000000	      0.00000000	      0.00000000	      0.00000000	      0.00000000	      0.00000000	      0.00000000	      0.00000000	      0.00000000	      0.00000000	      0.00000000	      0.00000000	      0.00000000	      0.00000000	      0.00000000	      0.00000000	      0.00000000	      0.00000000	      0.00000000	      0.00000000	      0.00000000	      0.00000000	      0.00000000	      0.00000000	      0.00000000	     -0.04195132	     -0.04584068	     -0.04344525	     -0.03649428	     -0.04078057	     -0.04152670	      0.01327885	      0.02569757	      0.01708532	     -0.00000000	     -0.03602925	      0.07381900	      0.06744164	      0.07461975	      0.06851243	      0.03851264	     -0.05467588	      0.03876767	      0.06339384	     -0.03249709	     -0.01795594	      0.03877141	      0.00950021	      0.00844408	      0.03397735	      0.00037596	     -0.03045862	     -0.01498278	      0.00000000	     -0.00000000	      0.00000000	     -0.00000000	     -0.00000000	      0.00000000	     -0.00000000	     -0.00000000	      0.00000000	      0.00000000	      0.00000000	      0.00000000	      0.00000000	      0.00000000	     -0.00000000	      0.00000000	      0.00000000	      0.00000000	      0.00000000	      0.00000000	      0.00000000
      1.27600000	      0.00000000	      0.00000000	      0.00000000	      0.00000000	      0.00000000	      0.00000000	      0.00000000	      0.00000000	      0.00000000	      0.00000000	      0.00000000	      0.00000000	      0.00000000	      0.00000000	      0.00000000	      0.00000000	      0.00000000	      0.00000000	      0.00000000	      0.00000000	      0.00000000	      0.00000000	      0.00000000	      0.00000000	      0.00000000	      0.00000000	      0.00000000	      0.00000000	      0.00000000	      0.00000000	      0.00000000	      0.00000000	      0.00000000	      0.00000000	      0.00000000	      0.00000000	      0.00000000	      0.00000000	      0.00000000	      0.00000000	      0.00000000	      0.00000000	      0.00000000	     -0.04181625	     -0.04574274	     -0.04343190	     -0.03633262	     -0.04064595	     -0.04142967	      0.01320410	      0.02558003	      0.01696071	      0.00000000	     -0.03591715	      0.07395172	      0.06754816	      0.07455929	      0.06832792	      0.03835571	     -0.05441866	      0.03891215	      0.06321190	     -0.03251828	     -0.01800235	      0.03855521	      0.00949127	      0.00842087	      0.03377920	      0.00018238	     -0.03049398	     -0.01488734	      0.00000000	     -0.00000000	     -0.00000000	     -0.00000000	     -0.00000000	     -0.00000000	     -0.00000000	     -0.00000000	     -0.00000000	     -0.00000000	     -0.00000000	     -0.00000000	     -0.00000000	     -0.00000000	      0.00000000	      0.00000000	      0.00000000	      0.00000000	      0.00000000	      0.00000000	      0.00000000
      1.29200000	      0.00000000	      0.00000000	      0.00000000	      0.00000000	      0.00000000	      0.00000000	      0.00000000	      0.00000000	      0.00000000	      0.00000000	      0.00000000	      0.00000000	      0.00000000	      0.00000000	      0.00000000	      0.00000000	      0.00000000	      0.00000000	      0.00000000	      0.00000000	      0.00000000	      0.00000000	      0.00000000	      0.00000000	      0.00000000	      0.00000000	      0.00000000	      0.00000000	      0.00000000	      0.00000000	      0.00000000	      0.00000000	      0.00000000	      0.00000000	      0.00000000	      0.00000000	      0.00000000	      0.00000000	      0.00000000	      0.00000000	      0.00000000	      0.00000000	      0.00000000	     -0.04167789	     -0.04560517	     -0.04335416	     -0.03618262	     -0.04050419	     -0.04130776	      0.01312955	      0.02545946	      0.01684895	     -0.00000000	     -0.03577338	      0.07405797	      0.06766427	      0.07453569	      0.06815990	      0.03819532	     -0.05417365	      0.03903299	      0.06300492	     -0.03245251	     -0.01798457	      0.03841487	      0.00943292	      0.00835138	      0.03365946	      0.00004977	     -0.03048258	     -0.01479397	      0.00000000	     -0.00000000	      0.00000000	     -0.00000000	     -0.00000000	     -0.00000000	     -0.00000000	      0.00000000	     -0.00000000	     -0.00000000	      0.00000000	      0.00000000	     -0.00000000	      0.00000000	     -0.00000000	      0.00000000	      0.00000000	      0.00000000	      0.00000000	      0.00000000	      0.00000000
      1.30800000	      0.00000000	      0.00000000	      0.00000000	      0.00000000	      0.00000000	      0.00000000	      0.00000000	      0.00000000	      0.00000000	      0.00000000	      0.00000000	      0.00000000	      0.00000000	      0.00000000	      0.00000000	      0.00000000	      0.00000000	      0.00000000	      0.00000000	      0.00000000	      0.00000000	      0.00000000	      0.00000000	      0.00000000	      0.00000000	      0.00000000	      0.00000000	      0.00000000	      0.00000000	      0.00000000	      0.00000000	      0.00000000	      0.00000000	      0.00000000	      0.00000000	      0.00000000	      0.00000000	      0.00000000	      0.00000000	      0.00000000	      0.00000000	      0.00000000	      0.00000000	     -0.04160617	     -0.04546654	     -0.04321855	     -0.03610556	     -0.04039820	     -0.04118051	      0.01305553	      0.02533597	      0.01676098	     -0.00000000	     -0.03556816	      0.07411782	      0.06779783	      0.07457812	      0.06802210	      0.03802729	     -0.05394369	      0.03911342	      0.06275949	     -0.03231486	     -0.01788738	      0.03840273	      0.00928710	      0.00819980	      0.03367802	      0.00003166	     -0.03039926	     -0.01469777	      0.00000000	      0.00000000	     -0.00000000	     -0.00000000	      0.00000000	     -0.00000000	      0.00000000	     -0.00000000	      0.00000000	     -0.00000000	      0.00000000	      0.00000000	      0.00000000	     -0.00000000	     -0.00000000	      0.00000000	      0.00000000	      0.00000000	      0.00000000	      0.00000000	      0.00000000
      1.32400000	      0.00000000	      0.00000000	      0.00000000	      0.00000000	      0.00000000	      0.00000000	      0.00000000	      0.00000000	      0.00000000	      0.00000000	      0.00000000	      0.00000000	      0.00000000	      0.00000000	      0.00000000	      0.00000000	      0.00000000	      0.00000000	      0.00000000	      0.00000000	      0.00000000	      0.00000000	      0.00000000	      0.00000000	      0.00000000	      0.00000000	      0.00000000	      0.00000000	      0.00000000	      0.00000000	      0.00000000	      0.00000000	      0.00000000	      0.00000000	      0.00000000	      0.00000000	      0.00000000	      0.00000000	      0.00000000	      0.00000000	      0.00000000	      0.00000000	      0.00000000	     -0.04165016	     -0.04535090	     -0.04302572	     -0.03614366	     -0.04035588	     -0.04105805	      0.01297710	      0.02520200	      0.01669897	     -0.00000000	     -0.03526935	      0.07411815	      0.06795868	      0.07470889	      0.06791782	      0.03783964	     -0.05372127	      0.03914346	      0.06245465	     -0.03211287	     -0.01769791	      0.03855494	      0.00902278	      0.00793674	      0.03388020	      0.00016783	     -0.03022263	     -0.01458937	      0.00000000	      0.00000000	     -0.00000000	     -0.00000000	      0.00000000	      0.00000000	     -0.00000000	      0.00000000	      0.00000000	      0.00000000	      0.00000000	     -0.00000000	     -0.00000000	      0.00000000	      0.00000000	      0.00000000	      0.00000000	      0.00000000	      0.00000000	      0.00000000	      0.00000000
      1.34000000	      0.00000000	      0.00000000	      0.00000000	      0.00000000	      0.00000000	      0.00000000	      0.00000000	      0.00000000	      0.00000000	      0.00000000	      0.00000000	      0.00000000	      0.00000000	      0.00000000	      0.00000000	      0.00000000	      0.00000000	      0.00000000	      0.00000000	      0.00000000	      0.00000000	      0.00000000	      0.00000000	      0.00000000	      0.00000000	      0.00000000	      0.00000000	      0.00000000	      0.00000000	      0.00000000	      0.00000000	      0.00000000	      0.00000000	      0.00000000	      0.00000000	      0.00000000	      0.00000000	      0.00000000	      0.00000000	      0.00000000	      0.00000000	      0.00000000	      0.00000000	     -0.04183046	     -0.04526509	     -0.04277133	     -0.03631319	     -0.04038597	     -0.04094021	      0.01288431	      0.02504332	      0.01665543	     -0.00000000	     -0.03484902	      0.07405357	      0.06815428	      0.07493750	      0.06783920	      0.03761495	     -0.05349094	      0.03912025	      0.06206738	     -0.03184740	     -0.01740912	      0.03888567	      0.00862505	      0.00754825	      0.03428810	      0.00047820	     -0.02993863	     -0.01445668	      0.00000000	      0.00000000	     -0.00000000	     -0.00000000	      0.00000000	     -0.00000000	      0.00000000	      0.00000000	      0.00000000	      0.00000000	     -0.00000000	      0.00000000	      0.00000000	     -0.00000000	     -0.00000000	      0.00000000	      0.00000000	      0.00000000	      0.00000000	      0.00000000	      0.00000000
      1.35600000	      0.00000000	      0.00000000	      0.00000000	      0.00000000	      0.00000000	      0.00000000	      0.00000000	      0.00000000	      0.00000000	      0.00000000	      0.00000000	      0.00000000	      0.00000000	      0.00000000	      0.00000000	      0.00000000	      0.00000000	      0.00000000	      0.00000000	      0.00000000	      0.00000000	      0.00000000	      0.00000000	      0.00000000	      0.00000000	      0.00000000	      0.00000000	      0.00000000	      0.00000000	      0.00000000	      0.00000000	      0.00000000	      0.00000000	      0.00000000	      0.00000000	      0.00000000	      0.00000000	      0.00000000	      0.00000000	      0.00000000	      0.00000000	      0.00000000	      0.00000000	     -0.04214044	     -0.04520180	     -0.04244900	     -0.03660583	     -0.04048021	     -0.04081927	      0.01276405	      0.02484195	      0.01661524	     -0.00000000	     -0.03428912	      0.07392500	      0.06838597	      0.07525875	      0.06777035	      0.03733451	     -0.05323487	      0.03904604	      0.06157916	     -0.03151592	     -0.01702221	      0.03938736	      0.00809966	      0.00704045	      0.03489937	      0.00096278	     -0.02954238	     -0.01428738	      0.00000000	     -0.00000000	     -0.00000000	     -0.00000000	      0.00000000	      0.00000000	     -0.00000000	     -0.00000000	     -0.00000000	     -0.00000000	     -0.00000000	      0.00000000	      0.00000000	      0.00000000	     -0.00000000	      0.00000000	      0.00000000	      0.00000000	      0.00000000	      0.00000000	      0.00000000
      1.37200000	      0.00000000	      0.00000000	      0.00000000	      0.00000000	      0.00000000	      0.00000000	      0.00000000	      0.00000000	      0.00000000	      0.00000000	      0.00000000	      0.00000000	      0.00000000	      0.00000000	      0.00000000	      0.00000000	      0.00000000	      0.00000000	      0.00000000	      0.00000000	      0.00000000	      0.00000000	      0.00000000	      0.00000000	      0.00000000	      0.00000000	      0.00000000	      0.00000000	      0.00000000	      0.00000000	      0.00000000	      0.00000000	      0.00000000	      0.00000000	      0.00000000	      0.00000000	      0.00000000	      0.00000000	      0.00000000	      0.00000000	      0.00000000	      0.00000000	      0.00000000	     -0.04255579	     -0.04514788	     -0.04205567	     -0.03699741	     -0.04062121	     -0.04068602	      0.01260329	      0.02458265	      0.01656038	     -0.00000000	     -0.03358586	      0.07373710	      0.06864675	      0.07565484	      0.06769357	      0.03698406	     -0.05294038	      0.03892518	      0.06098301	     -0.03111858	     -0.01654805	      0.04003603	      0.00747224	      0.00643886	      0.03569172	      0.00160656	     -0.02903872	     -0.01407218	     -0.00000000	     -0.00000000	      0.00000000	     -0.00000000	      0.00000000	     -0.00000000	     -0.00000000	     -0.00000000	      0.00000000	     -0.00000000	      0.00000000	      0.00000000	     -0.00000000	     -0.00000000	     -0.00000000	      0.00000000	      0.00000000	      0.00000000	      0.00000000	      0.00000000	      0.00000000
      1.38800000	      0.00000000	      0.00000000	      0.00000000	      0.00000000	      0.00000000	      0.00000000	      0.00000000	      0.00000000	      0.00000000	      0.00000000	      0.00000000	      0.00000000	      0.00000000	      0.00000000	      0.00000000	      0.00000000	      0.00000000	      0.00000000	      0.00000000	      0.00000000	      0.00000000	      0.00000000	      0.00000000	      0.00000000	      0.00000000	      0.00000000	      0.00000000	      0.00000000	      0.00000000	      0.00000000	      0.00000000	      0.00000000	      0.00000000	      0.00000000	      0.00000000	      0.00000000	      0.00000000	      0.00000000	      0.00000000	      0.00000000	      0.00000000	      0.00000000	      0.00000000	     -0.04304816	     -0.04509497	     -0.04159769	     -0.03746023	     -0.04079262	     -0.04053686	      0.01239334	      0.02425381	      0.01647607	      0.00000000	     -0.03275299	      0.07349611	      0.06892119	      0.07609984	      0.06759663	      0.03655981	     -0.05260657	      0.03876156	      0.06028961	     -0.03066565	     -0.01600775	      0.04079919	      0.00678328	      0.00578349	      0.03662948	      0.00238580	     -0.02844191	     -0.01380815	      0.00000000	     -0.00000000	     -0.00000000	      0.00000000	     -0.00000000	      0.00000000	      0.00000000	      0.00000000	      0.00000000	      0.00000000	      0.00000000	     -0.00000000	     -0.00000000	      0.00000000	      0.00000000	      0.00000000	      0.00000000	      0.00000000	      0.00000000	      0.00000000	      0.00000000
      1.40400000	      0.00000000	      0.00000000	      0.00000000	      0.00000000	      0.00000000	      0.00000000	      0.00000000	      0.00000000	      0.00000000	      0.00000000	      0.00000000	      0.00000000	      0.00000000	      0.00000000	      0.00000000	      0.00000000	      0.00000000	      0.00000000	      0.00000000	      0.00000000	      0.00000000	      0.00000000	      0.00000000	      0.00000000	      0.00000000	      0.00000000	      0.00000000	      0.00000000	      0.00000000	      0.00000000	      0.00000000	      0.00000000	      0.00000000	      0.00000000	      0.00000000	      0.00000000	      0.00000000	      0.00000000	      0.00000000	      0.00000000	      0.00000000	      0.00000000	      0.00000000	     -0.04359736	     -0.04504763	     -0.04109484	     -0.03797340	     -0.04098705	     -0.04037848	      0.01213394	      0.02386037	      0.01635648	     -0.00000000	     -0.03182312	      0.07320914	      0.06918747	      0.07656440	      0.06747855	      0.03607305	     -0.05224723	      0.03855794	      0.05953076	     -0.03018290	     -0.01543178	      0.04164358	      0.00608113	      0.00512179	      0.03766926	      0.00327276	     -0.02777433	     -0.01350119	     -0.00000000	     -0.00000000	     -0.00000000	      0.00000000	     -0.00000000	     -0.00000000	      0.00000000	      0.00000000	     -0.00000000	     -0.00000000	      0.00000000	      0.00000000	     -0.00000000	      0.00000000	     -0.00000000	      0.00000000	      0.00000000	      0.00000000	      0.00000000	      0.00000000	      0.00000000
      1.42000000	      0.00000000	      0.00000000	      0.00000000	      0.00000000	      0.00000000	      0.00000000	      0.00000000	      0.00000000	      0.00000000	      0.00000000	      0.00000000	      0.00000000	      0.00000000	      0.00000000	      0.00000000	      0.00000000	      0.00000000	      0.00000000	      0.00000000	      0.00000000	      0.00000000	      0.00000000	      0.00000000	      0.00000000	      0.00000000	      0.00000000	      0.00000000	      0.00000000	      0.00000000	      0.00000000	      0.00000000	      0.00000000	      0.00000000	      0.00000000	      0.00000000	      0.00000000	      0.00000000	      0.00000000	      0.00000000	      0.00000000	      0.00000000	      0.00000000	      0.00000000	     -0.04419766	     -0.04502560	     -0.04057987	     -0.03852787	     -0.04120895	     -0.04022831	      0.01183576	      0.02342202	      0.01620813	     -0.00000000	     -0.03084606	      0.07288460	      0.06942111	      0.07702018	      0.06735188	      0.03555143	     -0.05188894	      0.03831681	      0.05875822	     -0.02971191	     -0.01485659	      0.04254163	      0.00541408	      0.00450068	      0.03876394	      0.00423783	     -0.02706408	     -0.01316645	      0.00000000	      0.00000000	      0.00000000	      0.00000000	     -0.00000000	     -0.00000000	     -0.00000000	     -0.00000000	     -0.00000000	      0.00000000	     -0.00000000	     -0.00000000	      0.00000000	     -0.00000000	     -0.00000000	      0.00000000	      0.00000000	      0.00000000	      0.00000000	      0.00000000	      0.00000000
      1.43600000	      0.00000000	      0.00000000	      0.00000000	      0.00000000	      0.00000000	      0.00000000	      0.00000000	      0.00000000	      0.00000000	      0.00000000	      0.00000000	      0.00000000	      0.00000000	      0.00000000	      0.00000000	      0.00000000	      0.00000000	      0.00000000	      0.00000000	      0.00000000	      0.00000000	      0.00000000	      0.00000000	      0.00000000	      0.00000000	      0.00000000	      0.00000000	      0.00000000	      0.00000000	      0.00000000	      0.00000000	      0.00000000	      0.00000000	      0.00000000	      0.00000000	      0.00000000	      0.00000000	      0.00000000	      0.00000000	      0.00000000	      0.00000000	      0.00000000	      0.00000000	     -0.04485714	     -0.04505912	     -0.04009227	     -0.03912564	     -0.04147172	     -0.04011002	      0.01152021	      0.02297297	      0.01604996	     -0.00000000	     -0.02988267	      0.07253236	      0.06959980	      0.07744352	      0.06724052	      0.03503560	     -0.05156489	      0.03804162	      0.05803600	     -0.02930313	     -0.01431809	      0.04347594	      0.00482222	      0.00395851	      0.03986694	      0.00525083	     -0.02634080	     -0.01282641	     -0.00000000	      0.00000000	     -0.00000000	     -0.00000000	      0.00000000	      0.00000000	      0.00000000	     -0.00000000	      0.00000000	      0.00000000	      0.00000000	     -0.00000000	      0.00000000	      0.00000000	      0.00000000	      0.00000000	      0.00000000	      0.00000000	      0.00000000	      0.00000000	      0.00000000
      1.45200000	      0.00000000	      0.00000000	      0.00000000	      0.00000000	      0.00000000	      0.00000000	      0.00000000	      0.00000000	      0.00000000	      0.00000000	      0.00000000	      0.00000000	      0.00000000	      0.00000000	      0.00000000	      0.00000000	      0.00000000	      0.00000000	      0.00000000	      0.00000000	      0.00000000	      0.00000000	      0.00000000	      0.00000000	      0.00000000	      0.00000000	      0.00000000	      0.00000000	      0.00000000	      0.00000000	      0.00000000	      0.00000000	      0.00000000	      0.00000000	      0.00000000	      0.00000000	      0.00000000	      0.00000000	      0.00000000	      0.00000000	      0.00000000	      0.00000000	      0.00000000	     -0.04559037	     -0.04517850	     -0.03966787	     -0.03977406	     -0.04179069	     -0.04004579	      0.01121558	      0.02255541	      0.01590921	     -0.00000000	     -0.02899415	      0.07216261	      0.06970764	      0.07781814	      0.06717310	      0.03457100	     -0.05130618	      0.03773712	      0.05742684	     -0.02900284	     -0.01384316	      0.04444105	      0.00433067	      0.00351851	      0.04093753	      0.00628277	     -0.02563010	     -0.01250638	      0.00000000	      0.00000000	     -0.00000000	      0.00000000	      0.00000000	      0.00000000	      0.00000000	      0.00000000	      0.00000000	      0.00000000	      0.00000000	      0.00000000	     -0.00000000	     -0.00000000	      0.00000000	      0.00000000	      0.00000000	      0.00000000	      0.00000000	      0.00000000	      0.00000000
      1.46800000	      0.00000000	      0.00000000	      0.00000000	      0.00000000	      0.00000000	      0.00000000	      0.00000000	      0.00000000	      0.00000000	      0.00000000	      0.00000000	      0.00000000	      0.00000000	      0.00000000	      0.00000000	      0.00000000	      0.00000000	      0.00000000	      0.00000000	      0.00000000	      0.00000000	      0.00000000	      0.00000000	      0.00000000	      0.00000000	      0.00000000	      0.00000000	      0.00000000	      0.00000000	      0.00000000	      0.00000000	      0.00000000	      0.00000000	      0.00000000	      0.00000000	      0.00000000	      0.00000000	      0.00000000	      0.00000000	      0.00000000	      0.00000000	      0.00000000	      0.00000000	     -0.04640803	     -0.04540237	     -0.03932817	     -0.04047802	     -0.04217477	     -0.04004818	      0.01095030	      0.02219713	      0.01581405	      0.00000000	     -0.02822981	      0.07178390	      0.06973771	      0.07813568	      0.06717382	      0.03419711	     -0.05113368	      0.03740881	      0.05697710	     -0.02883931	     -0.01344277	      0.04544126	      0.00394668	      0.00318623	      0.04194566	      0.00730826	     -0.02494870	     -0.01222883	      0.00000000	      0.00000000	      0.00000000	      0.00000000	      0.00000000	      0.00000000	      0.00000000	      0.00000000	     -0.00000000	      0.00000000	     -0.00000000	     -0.00000000	      0.00000000	     -0.00000000	      0.00000000	      0.00000000	      0.00000000	      0.00000000	      0.00000000	      0.00000000	      0.00000000
      1.48400000	      0.00000000	      0.00000000	      0.00000000	      0.00000000	      0.00000000	      0.00000000	      0.00000000	      0.00000000	      0.00000000	      0.00000000	      0.00000000	      0.00000000	      0.00000000	      0.00000000	      0.00000000	      0.00000000	      0.00000000	      0.00000000	      0.00000000	      0.00000000	      0.00000000	      0.00000000	      0.00000000	      0.00000000	      0.00000000	      0.00000000	      0.00000000	      0.00000000	      0.00000000	      0.00000000	      0.00000000	      0.00000000	      0.00000000	      0.00000000	      0.00000000	      0.00000000	      0.00000000	      0.00000000	      0.00000000	      0.00000000	      0.00000000	      0.00000000	      0.00000000	     -0.04730860	     -0.04573032	     -0.03907479	     -0.04123398	     -0.04262113	     -0.04011573	      0.01074617	      0.02194912	      0.01578588	      0.00000000	     -0.02761817	      0.07140166	      0.06969200	      0.07839430	      0.06725501	      0.03393852	     -0.05105344	      0.03706201	      0.05670668	     -0.02881484	     -0.01311026	      0.04648500	      0.00366161	      0.00295174	      0.04287404	      0.00830755	     -0.02430233	     -0.01200871	      0.00000000	     -0.00000000	      0.00000000	      0.00000000	     -0.00000000	      0.00000000	     -0.00000000	      0.00000000	     -0.00000000	      0.00000000	      0.00000000	     -0.00000000	      0.00000000	     -0.00000000	      0.00000000	      0.00000000	      0.00000000	      0.00000000	      0.00000000	      0.00000000	      0.00000000
      1.50000000	      0.00000000	      0.00000000	      0.00000000	      0.00000000	      0.00000000	      0.00000000	      0.00000000	      0.00000000	      0.00000000	      0.00000000	      0.00000000	      0.00000000	      0.00000000	      0.00000000	      0.00000000	      0.00000000	      0.00000000	      0.00000000	      0.00000000	      0.00000000	      0.00000000	      0.00000000	      0.00000000	      0.00000000	      0.00000000	      0.00000000	      0.00000000	      0.00000000	      0.00000000	      0.00000000	      0.00000000	      0.00000000	      0.00000000	      0.00000000	      0.00000000	      0.00000000	      0.00000000	      0.00000000	      0.00000000	      0.00000000	      0.00000000	      0.00000000	      0.00000000	     -0.04827591	     -0.04614286	     -0.03889108	     -0.04202835	     -0.04311483	     -0.04023389	      0.01061399	      0.02181316	      0.01583451	     -0.00000000	     -0.02716449	      0.07101818	      0.06957931	      0.07859642	      0.06741445	      0.03380123	     -0.05105727	      0.03670137	      0.05660776	     -0.02890687	     -0.01282536	      0.04757890	      0.00345653	      0.00279538	      0.04371717	      0.00926761	     -0.02368724	     -0.01185134	     -0.00000000	     -0.00000000	     -0.00000000	      0.00000000	      0.00000000	      0.00000000	      0.00000000	      0.00000000	      0.00000000	      0.00000000	      0.00000000	      0.00000000	     -0.00000000	      0.00000000	      0.00000000	      0.00000000	      0.00000000	      0.00000000	      0.00000000	      0.00000000	      0.00000000
      1.51600000	      0.00000000	      0.00000000	      0.00000000	      0.00000000	      0.00000000	      0.00000000	      0.00000000	      0.00000000	      0.00000000	      0.00000000	      0.00000000	      0.00000000	      0.00000000	      0.00000000	      0.00000000	      0.00000000	      0.00000000	      0.00000000	      0.00000000	      0.00000000	      0.00000000	      0.00000000	      0.00000000	      0.00000000	      0.00000000	      0.00000000	      0.00000000	      0.00000000	      0.00000000	      0.00000000	      0.00000000	      0.00000000	      0.00000000	      0.00000000	      0.00000000	      0.00000000	      0.00000000	      0.00000000	      0.00000000	      0.00000000	      0.00000000	      0.00000000	      0.00000000	     -0.04928230	     -0.04660735	     -0.03874882	     -0.04284001	     -0.04363272	     -0.04037987	      0.01055293	      0.02178372	      0.01595732	     -0.00000000	     -0.02685421	      0.07063373	      0.06941244	      0.07874669	      0.06763777	      0.03377447	     -0.05112716	      0.03633094	      0.05665133	     -0.02907625	     -0.01256153	      0.04872422	      0.00330877	      0.00269410	      0.04447808	      0.01018203	     -0.02309391	     -0.01175312	      0.00000000	      0.00000000	     -0.00000000	      0.00000000	      0.00000000	      0.00000000	      0.00000000	     -0.00000000	      0.00000000	      0.00000000	     -0.00000000	     -0.00000000	     -0.00000000	      0.00000000	      0.00000000	      0.00000000	      0.00000000	      0.00000000	      0.00000000	      0.00000000	      0.00000000
      1.53200000	      0.00000000	      0.00000000	      0.00000000	      0.00000000	      0.00000000	      0.00000000	      0.00000000	      0.00000000	      0.00000000	      0.00000000	      0.00000000	      0.00000000	      0.00000000	      0.00000000	      0.00000000	      0.00000000	      0.00000000	      0.00000000	      0.00000000	      0.00000000	      0.00000000	      0.00000000	      0.00000000	      0.00000000	      0.00000000	      0.00000000	      0.00000000	      0.00000000	      0.00000000	      0.00000000	      0.00000000	      0.00000000	      0.00000000	      0.00000000	      0.00000000	      0.00000000	      0.00000000	      0.00000000	      0.00000000	      0.00000000	      0.00000000	      0.00000000	      0.00000000	     -0.05029460	     -0.04708617	     -0.03861635	     -0.04364457	     -0.04414881	     -0.04052862	      0.01055275	      0.02184225	      0.01614173	      0.00000000	     -0.02665980	      0.07024829	      0.06920568	      0.07885063	      0.06790348	      0.03383586	     -0.05124072	      0.03595468	      0.05679693	     -0.02927780	     -0.01229312	      0.04991603	      0.00319692	      0.00262646	      0.04516448	      0.01104965	     -0.02251117	     -0.01170405	      0.00000000	      0.00000000	      0.00000000	      0.00000000	      0.00000000	      0.00000000	     -0.00000000	     -0.00000000	      0.00000000	      0.00000000	      0.00000000	     -0.00000000	      0.00000000	      0.00000000	      0.00000000	      0.00000000	      0.00000000	      0.00000000	      0.00000000	      0.00000000	      0.00000000
      1.54800000	      0.00000000	      0.00000000	      0.00000000	      0.00000000	      0.00000000	      0.00000000	      0.00000000	      0.00000000	      0.00000000	      0.00000000	      0.00000000	      0.00000000	      0.00000000	      0.00000000	      0.00000000	      0.00000000	      0.00000000	      0.00000000	      0.00000000	      0.00000000	      0.00000000	      0.00000000	      0.00000000	      0.00000000	      0.00000000	      0.00000000	      0.00000000	      0.00000000	      0.00000000	      0.00000000	      0.00000000	      0.00000000	      0.00000000	      0.00000000	      0.00000000	      0.00000000	      0.00000000	      0.00000000	      0.00000000	      0.00000000	      0.00000000	      0.00000000	      0.00000000	     -0.05127980	     -0.04754346	     -0.03846489	     -0.04441839	     -0.04463885	     -0.04065754	      0.01059701	      0.02196226	      0.01636863	     -0.00000000	     -0.02654735	      0.06986282	      0.06897319	      0.07891408	      0.06818775	      0.03395685	     -0.05137546	      0.03557696	      0.05700122	     -0.02946894	     -0.01200020	      0.05114424	      0.00310363	      0.00257519	      0.04578574	      0.01187279	     -0.02192916	     -0.01169035	     -0.00000000	     -0.00000000	     -0.00000000	     -0.00000000	      0.00000000	      0.00000000	     -0.00000000	     -0.00000000	     -0.00000000	     -0.00000000	      0.00000000	     -0.00000000	     -0.00000000	     -0.00000000	      0.00000000	      0.00000000	      0.00000000	      0.00000000	      0.00000000	      0.00000000	      0.00000000
      1.56400000	      0.00000000	      0.00000000	      0.00000000	      0.00000000	      0.00000000	      0.00000000	      0.00000000	      0.00000000	      0.00000000	      0.00000000	      0.00000000	      0.00000000	      0.00000000	      0.00000000	      0.00000000	      0.00000000	      0.00000000	      0.00000000	      0.00000000	      0.00000000	      0.00000000	      0.00000000	      0.00000000	      0.00000000	      0.00000000	      0.00000000	      0.00000000	      0.00000000	      0.00000000	      0.00000000	      0.00000000	      0.00000000	      0.00000000	      0.00000000	      0.00000000	      0.00000000	      0.00000000	      0.00000000	      0.00000000	      0.00000000	      0.00000000	      0.00000000	      0.00000000	     -0.05220828	     -0.04794876	     -0.03827161	     -0.04514074	     -0.04508253	     -0.04074856	      0.01066563	      0.02211315	      0.01661518	     -0.00000000	     -0.02648079	      0.06947998	      0.06872846	      0.07894297	      0.06846732	      0.03410635	     -0.05151051	      0.03520289	      0.05722289	     -0.02961432	     -0.01167051	      0.05239498	      0.00301624	      0.00252773	      0.04635114	      0.01265574	     -0.02134067	     -0.01169635	     -0.00000000	     -0.00000000	     -0.00000000	      0.00000000	     -0.00000000	     -0.00000000	     -0.00000000	      0.00000000	      0.00000000	     -0.00000000	     -0.00000000	     -0.00000000	     -0.00000000	      0.00000000	     -0.00000000	      0.00000000	      0.00000000	      0.00000000	      0.00000000	      0.00000000	      0.00000000
      1.58000000	      0.00000000	      0.00000000	      0.00000000	      0.00000000	      0.00000000	      0.00000000	      0.00000000	      0.00000000	      0.00000000	      0.00000000	      0.00000000	      0.00000000	      0.00000000	      0.00000000	      0.00000000	      0.00000000	      0.00000000	      0.00000000	      0.00000000	      0.00000000	      0.00000000	      0.00000000	      0.00000000	      0.00000000	      0.00000000	      0.00000000	      0.00000000	      0.00000000	      0.00000000	      0.00000000	      0.00000000	      0.00000000	      0.00000000	      0.00000000	      0.00000000	      0.00000000	      0.00000000	      0.00000000	      0.00000000	      0.00000000	      0.00000000	      0.00000000	      0.00000000	     -0.05305518	     -0.04827797	     -0.03802022	     -0.04579449	     -0.04546407	     -0.04078856	      0.01073647	      0.02226242	      0.01685641	     -0.00000000	     -0.02642399	      0.06910438	      0.06848433	      0.07894330	      0.06872061	      0.03425249	     -0.05162682	      0.03483856	      0.05742453	     -0.02968717	     -0.01129944	      0.05365165	      0.00292634	      0.00247580	      0.04686921	      0.01340362	     -0.02074125	     -0.01170533	     -0.00000000	      0.00000000	     -0.00000000	      0.00000000	     -0.00000000	     -0.00000000	      0.00000000	     -0.00000000	      0.00000000	      0.00000000	     -0.00000000	      0.00000000	     -0.00000000	      0.00000000	      0.00000000	      0.00000000	      0.00000000	      0.00000000	      0.00000000	      0.00000000	      0.00000000
      1.59600000	      0.00000000	      0.00000000	      0.00000000	      0.00000000	      0.00000000	      0.00000000	      0.00000000	      0.00000000	      0.00000000	      0.00000000	      0.00000000	      0.00000000	      0.00000000	      0.00000000	      0.00000000	      0.00000000	      0.00000000	      0.00000000	      0.00000000	      0.00000000	      0.00000000	      0.00000000	      0.00000000	      0.00000000	      0.00000000	      0.00000000	      0.00000000	      0.00000000	      0.00000000	      0.00000000	      0.00000000	      0.00000000	      0.00000000	      0.00000000	      0.00000000	      0.00000000	      0.00000000	      0.00000000	      0.00000000	      0.00000000	      0.00000000	      0.00000000	      0.00000000	     -0.05380160	     -0.04851384	     -0.03770049	     -0.04636691	     -0.04577244	     -0.04076906	      0.01078683	      0.02237773	      0.01706691	      0.00000000	     -0.02634237	      0.06874197	      0.06825259	      0.07892102	      0.06892861	      0.03436433	     -0.05170727	      0.03449046	      0.05757388	     -0.02966947	     -0.01088888	      0.05489694	      0.00282911	      0.00241464	      0.04734779	      0.01412222	     -0.02012845	     -0.01170045	      0.00000000	     -0.00000000	      0.00000000	     -0.00000000	      0.00000000	      0.00000000	     -0.00000000	      0.00000000	     -0.00000000	      0.00000000	      0.00000000	      0.00000000	      0.00000000	      0.00000000	      0.00000000	      0.00000000	      0.00000000	      0.00000000	      0.00000000	      0.00000000	      0.00000000
      1.61200000	      0.00000000	      0.00000000	      0.00000000	      0.00000000	      0.00000000	      0.00000000	      0.00000000	      0.00000000	      0.00000000	      0.00000000	      0.00000000	      0.00000000	      0.00000000	      0.00000000	      0.00000000	      0.00000000	      0.00000000	      0.00000000	      0.00000000	      0.00000000	      0.00000000	      0.00000000	      0.00000000	      0.00000000	      0.00000000	      0.00000000	      0.00000000	      0.00000000	      0.00000000	      0.00000000	      0.00000000	      0.00000000	      0.00000000	      0.00000000	      0.00000000	      0.00000000	      0.00000000	      0.00000000	      0.00000000	      0.00000000	      0.00000000	      0.00000000	      0.00000000	     -0.05443657	     -0.04864633	     -0.03730690	     -0.04685093	     -0.04600183	     -0.04068564	      0.01079540	      0.02242948	      0.01722322	     -0.00000000	     -0.02620493	      0.06839859	      0.06804299	      0.07888155	      0.06907603	      0.03441401	     -0.05173718	      0.03416421	      0.05764532	     -0.02955159	     -0.01044489	      0.05611686	      0.00272250	      0.00234236	      0.04779457	      0.01481882	     -0.01950006	     -0.01166592	     -0.00000000	     -0.00000000	     -0.00000000	      0.00000000	     -0.00000000	      0.00000000	     -0.00000000	     -0.00000000	     -0.00000000	     -0.00000000	      0.00000000	      0.00000000	     -0.00000000	     -0.00000000	      0.00000000	      0.00000000	      0.00000000	      0.00000000	      0.00000000	      0.00000000	      0.00000000
      1.62800000	      0.00000000	      0.00000000	      0.00000000	      0.00000000	      0.00000000	      0.00000000	      0.00000000	      0.00000000	      0.00000000	      0.00000000	      0.00000000	      0.00000000	      0.00000000	      0.00000000	      0.00000000	      0.00000000	      0.00000000	      0.00000000	      0.00000000	      0.00000000	      0.00000000	      0.00000000	      0.00000000	      0.00000000	      0.00000000	      0.00000000	      0.00000000	      0.00000000	      0.00000000	      0.00000000	      0.00000000	      0.00000000	      0.00000000	      0.00000000	      0.00000000	      0.00000000	      0.00000000	      0.00000000	      0.00000000	      0.00000000	      0.00000000	      0.00000000	      0.00000000	     -0.05495865	     -0.04867243	     -0.03683678	     -0.04724608	     -0.04615150	     -0.04053690	      0.01074408	      0.02239336	      0.01730616	     -0.00000000	     -0.02598611	      0.06807827	      0.06786202	      0.07882880	      0.06915187	      0.03437881	     -0.05170447	      0.03386324	      0.05762094	     -0.02933124	     -0.00997458	      0.05730488	      0.00260645	      0.00225913	      0.04821737	      0.01550298	     -0.01885214	     -0.01158805	     -0.00000000	      0.00000000	      0.00000000	     -0.00000000	      0.00000000	      0.00000000	      0.00000000	      0.00000000	      0.00000000	      0.00000000	     -0.00000000	      0.00000000	      0.00000000	      0.00000000	     -0.00000000	      0.00000000	      0.00000000	      0.00000000	      0.00000000	      0.00000000	      0.00000000
      1.64400000	      0.00000000	      0.00000000	      0.00000000	      0.00000000	      0.00000000	      0.00000000	      0.00000000	      0.00000000	      0.00000000	      0.00000000	      0.00000000	      0.00000000	      0.00000000	      0.00000000	      0.00000000	      0.00000000	      0.00000000	      0.00000000	      0.00000000	      0.00000000	      0.00000000	      0.00000000	      0.00000000	      0.00000000	      0.00000000	      0.00000000	      0.00000000	      0.00000000	      0.00000000	      0.00000000	      0.00000000	      0.00000000	      0.00000000	      0.00000000	      0.00000000	      0.00000000	      0.00000000	      0.00000000	      0.00000000	      0.00000000	      0.00000000	      0.00000000	      0.00000000	     -0.05537578	     -0.04859526	     -0.03628889	     -0.04755787	     -0.04622483	     -0.04032322	      0.01061918	      0.02225175	      0.01730198	      0.00000000	     -0.02566691	      0.06778263	      0.06771259	      0.07876453	      0.06914905	      0.03424195	     -0.05159903	      0.03358842	      0.05749047	     -0.02901239	     -0.00948391	      0.05846322	      0.00248221	      0.00216660	      0.04862372	      0.01618577	     -0.01817825	     -0.01145570	     -0.00000000	      0.00000000	      0.00000000	     -0.00000000	      0.00000000	     -0.00000000	     -0.00000000	      0.00000000	     -0.00000000	     -0.00000000	     -0.00000000	     -0.00000000	     -0.00000000	     -0.00000000	     -0.00000000	      0.00000000	      0.00000000	      0.00000000	      0.00000000	      0.00000000	      0.00000000
      1.66000000	      0.00000000	      0.00000000	      0.00000000	      0.00000000	      0.00000000	      0.00000000	      0.00000000	      0.00000000	      0.00000000	      0.00000000	      0.00000000	      0.00000000	      0.00000000	      0.00000000	      0.00000000	      0.00000000	      0.00000000	      0.00000000	      0.00000000	      0.00000000	      0.00000000	      0.00000000	      0.00000000	      0.00000000	      0.00000000	      0.00000000	      0.00000000	      0.00000000	      0.00000000	      0.00000000	      0.00000000	      0.00000000	      0.00000000	      0.00000000	      0.00000000	      0.00000000	      0.00000000	      0.00000000	      0.00000000	      0.00000000	      0.00000000	      0.00000000	      0.00000000	     -0.05570323	     -0.04842273	     -0.03566328	     -0.04779584	     -0.04622777	     -0.04004589	      0.01041185	      0.02199406	      0.01720230	      0.00000000	     -0.02523529	      0.06751143	      0.06759451	      0.07868813	      0.06906343	      0.03399253	     -0.05141189	      0.03333877	      0.05725047	     -0.02860429	     -0.00897702	      0.05960039	      0.00235217	      0.00206754	      0.04902005	      0.01687779	     -0.01747059	     -0.01126039	      0.00000000	      0.00000000	      0.00000000	     -0.00000000	     -0.00000000	      0.00000000	     -0.00000000	      0.00000000	      0.00000000	      0.00000000	      0.00000000	      0.00000000	     -0.00000000	     -0.00000000	      0.00000000	      0.00000000	      0.00000000	      0.00000000	      0.00000000	      0.00000000	      0.00000000
      1.67600000	      0.00000000	      0.00000000	      0.00000000	      0.00000000	      0.00000000	      0.00000000	      0.00000000	      0.00000000	      0.00000000	      0.00000000	      0.00000000	      0.00000000	      0.00000000	      0.00000000	      0.00000000	      0.00000000	      0.00000000	      0.00000000	      0.00000000	      0.00000000	      0.00000000	      0.00000000	      0.00000000	      0.00000000	      0.00000000	      0.00000000	      0.00000000	      0.00000000	      0.00000000	      0.00000000	      0.00000000	      0.00000000	      0.00000000	      0.00000000	      0.00000000	      0.00000000	      0.00000000	      0.00000000	      0.00000000	      0.00000000	      0.00000000	      0.00000000	      0.00000000	     -0.05596062	     -0.04816616	     -0.03496171	     -0.04797148	     -0.04616765	     -0.03970705	      0.01011825	      0.02161684	      0.01700406	     -0.00000000	     -0.02468680	      0.06726332	      0.06750509	      0.07859691	      0.06889347	      0.03362565	     -0.05113574	      0.03311224	      0.05690398	     -0.02812031	     -0.00845643	      0.06072794	      0.00221982	      0.00196578	      0.04941094	      0.01758707	     -0.01672191	     -0.01099663	     -0.00000000	     -0.00000000	      0.00000000	     -0.00000000	      0.00000000	     -0.00000000	     -0.00000000	     -0.00000000	      0.00000000	     -0.00000000	      0.00000000	     -0.00000000	     -0.00000000	     -0.00000000	     -0.00000000	      0.00000000	      0.00000000	      0.00000000	      0.00000000	      0.00000000	      0.00000000
      1.69200000	      0.00000000	      0.00000000	      0.00000000	      0.00000000	      0.00000000	      0.00000000	      0.00000000	      0.00000000	      0.00000000	      0.00000000	      0.00000000	      0.00000000	      0.00000000	      0.00000000	      0.00000000	      0.00000000	      0.00000000	      0.00000000	      0.00000000	      0.00000000	      0.00000000	      0.00000000	      0.00000000	      0.00000000	      0.00000000	      0.00000000	      0.00000000	      0.00000000	      0.00000000	      0.00000000	      0.00000000	      0.00000000	      0.00000000	      0.00000000	      0.00000000	      0.00000000	      0.00000000	      0.00000000	      0.00000000	      0.00000000	      0.00000000	      0.00000000	      0.00000000	     -0.05616919	     -0.04783948	     -0.03418865	     -0.04809682	     -0.04605271	     -0.03931035	      0.00974071	      0.02112512	      0.01671044	      0.00000000	     -0.02402640	      0.06703619	      0.06743932	      0.07848671	      0.06864138	      0.03314412	     -0.05076733	      0.03290601	      0.05646145	     -0.02757692	     -0.00792341	      0.06185852	      0.00208974	      0.00186613	      0.04979861	      0.01831771	     -0.01592754	     -0.01066333	      0.00000000	     -0.00000000	     -0.00000000	      0.00000000	     -0.00000000	     -0.00000000	     -0.00000000	     -0.00000000	     -0.00000000	     -0.00000000	     -0.00000000	      0.00000000	     -0.00000000	     -0.00000000	      0.00000000	      0.00000000	      0.00000000	      0.00000000	      0.00000000	      0.00000000	      0.00000000
      1.70800000	      0.00000000	      0.00000000	      0.00000000	      0.00000000	      0.00000000	      0.00000000	      0.00000000	      0.00000000	      0.00000000	      0.00000000	      0.00000000	      0.00000000	      0.00000000	      0.00000000	      0.00000000	      0.00000000	      0.00000000	      0.00000000	      0.00000000	      0.00000000	      0.00000000	      0.00000000	      0.00000000	      0.00000000	      0.00000000	      0.00000000	      0.00000000	      0.00000000	      0.00000000	      0.00000000	      0.00000000	      0.00000000	      0.00000000	      0.00000000	      0.00000000	      0.00000000	      0.00000000	      0.00000000	      0.00000000	      0.00000000	      0.00000000	      0.00000000	      0.00000000	     -0.05634982	     -0.04745920	     -0.03335299	     -0.04818391	     -0.04589259	     -0.03886229	      0.00928995	      0.02053537	      0.01633340	      0.00000000	     -0.02327184	      0.06682723	      0.06738964	      0.07835276	      0.06831568	      0.03256195	     -0.05031124	      0.03271647	      0.05594322	     -0.02699314	     -0.00737832	      0.06300462	      0.00196748	      0.00177416	      0.05018222	      0.01906825	     -0.01508789	     -0.01026625	     -0.00000000	      0.00000000	      0.00000000	      0.00000000	      0.00000000	      0.00000000	     -0.00000000	     -0.00000000	      0.00000000	      0.00000000	      0.00000000	     -0.00000000	     -0.00000000	      0.00000000	     -0.00000000	      0.00000000	      0.00000000	      0.00000000	      0.00000000	      0.00000000	      0.00000000
      1.72400000	      0.00000000	      0.00000000	      0.00000000	      0.00000000	      0.00000000	      0.00000000	      0.00000000	      0.00000000	      0.00000000	      0.00000000	      0.00000000	      0.00000000	      0.00000000	      0.00000000	      0.00000000	      0.00000000	      0.00000000	      0.00000000	      0.00000000	      0.00000000	      0.00000000	      0.00000000	      0.00000000	      0.00000000	      0.00000000	      0.00000000	      0.00000000	      0.00000000	      0.00000000	      0.00000000	      0.00000000	      0.00000000	      0.00000000	      0.00000000	      0.00000000	      0.00000000	      0.00000000	      0.00000000	      0.00000000	      0.00000000	      0.00000000	      0.00000000	      0.00000000	     -0.05652166	     -0.04704515	     -0.03247030	     -0.04824484	     -0.04569911	     -0.03837403	      0.00878802	      0.01987932	      0.01589680	     -0.00000000	     -0.02245734	      0.06663293	      0.06734603	      0.07819115	      0.06793434	      0.03190852	     -0.04978372	      0.03253915	      0.05538217	     -0.02639063	     -0.00682095	      0.06417716	      0.00185888	      0.00169556	      0.05055736	      0.01983002	     -0.01421103	     -0.00982085	      0.00000000	     -0.00000000	     -0.00000000	     -0.00000000	     -0.00000000	     -0.00000000	     -0.00000000	     -0.00000000	      0.00000000	     -0.00000000	      0.00000000	     -0.00000000	     -0.00000000	     -0.00000000	     -0.00000000	      0.00000000	      0.00000000	      0.00000000	      0.00000000	      0.00000000	      0.00000000
      1.74000000	      0.00000000	      0.00000000	      0.00000000	      0.00000000	      0.00000000	      0.00000000	      0.00000000	      0.00000000	      0.00000000	      0.00000000	      0.00000000	      0.00000000	      0.00000000	      0.00000000	      0.00000000	      0.00000000	      0.00000000	      0.00000000	      0.00000000	      0.00000000	      0.00000000	      0.00000000	      0.00000000	      0.00000000	      0.00000000	      0.00000000	      0.00000000	      0.00000000	      0.00000000	      0.00000000	      0.00000000	      0.00000000	      0.00000000	      0.00000000	      0.00000000	      0.00000000	      0.00000000	      0.00000000	      0.00000000	      0.00000000	      0.00000000	      0.00000000	      0.00000000	     -0.05670130	     -0.04662074	     -0.03156422	     -0.04829202	     -0.04548694	     -0.03786243	      0.00826990	      0.01920586	      0.01543848	     -0.00000000	     -0.02163486	      0.06644888	      0.06729668	      0.07800070	      0.06752688	      0.03123091	     -0.04921484	      0.03236871	      0.05482422	     -0.02579310	     -0.00625045	      0.06538432	      0.00176893	      0.00163495	      0.05091623	      0.02058651	     -0.01331417	     -0.00935393	      0.00000000	     -0.00000000	     -0.00000000	      0.00000000	     -0.00000000	      0.00000000	      0.00000000	      0.00000000	      0.00000000	      0.00000000	      0.00000000	     -0.00000000	     -0.00000000	      0.00000000	     -0.00000000	      0.00000000	      0.00000000	      0.00000000	      0.00000000	      0.00000000	      0.00000000
      1.75600000	      0.00000000	      0.00000000	      0.00000000	      0.00000000	      0.00000000	      0.00000000	      0.00000000	      0.00000000	      0.00000000	      0.00000000	      0.00000000	      0.00000000	      0.00000000	      0.00000000	      0.00000000	      0.00000000	      0.00000000	      0.00000000	      0.00000000	      0.00000000	      0.00000000	      0.00000000	      0.00000000	      0.00000000	      0.00000000	      0.00000000	      0.00000000	      0.00000000	      0.00000000	      0.00000000	      0.00000000	      0.00000000	      0.00000000	      0.00000000	      0.00000000	      0.00000000	      0.00000000	      0.00000000	      0.00000000	      0.00000000	      0.00000000	      0.00000000	      0.00000000	     -0.05690197	     -0.04621196	     -0.03066567	     -0.04833822	     -0.04527338	     -0.03734960	      0.00778191	      0.01857858	      0.01500871	     -0.00000000	     -0.02087048	      0.06626972	      0.06722926	      0.07778445	      0.06713350	      0.03059164	     -0.04864733	      0.03219901	      0.05432467	     -0.02522453	     -0.00566508	      0.06663014	      0.00170017	      0.00159435	      0.05124861	      0.02131477	     -0.01242291	     -0.00890256	     -0.00000000	      0.00000000	     -0.00000000	     -0.00000000	      0.00000000	      0.00000000	     -0.00000000	      0.00000000	     -0.00000000	      0.00000000	      0.00000000	      0.00000000	     -0.00000000	      0.00000000	     -0.00000000	      0.00000000	      0.00000000	      0.00000000	      0.00000000	      0.00000000	      0.00000000
      1.77200000	      0.00000000	      0.00000000	      0.00000000	      0.00000000	      0.00000000	      0.00000000	      0.00000000	      0.00000000	      0.00000000	      0.00000000	      0.00000000	      0.00000000	      0.00000000	      0.00000000	      0.00000000	      0.00000000	      0.00000000	      0.00000000	      0.00000000	      0.00000000	      0.00000000	      0.00000000	      0.00000000	      0.00000000	      0.00000000	      0.00000000	      0.00000000	      0.00000000	      0.00000000	      0.00000000	      0.00000000	      0.00000000	      0.00000000	      0.00000000	      0.00000000	      0.00000000	      0.00000000	      0.00000000	      0.00000000	      0.00000000	      0.00000000	      0.00000000	      0.00000000	     -0.05713273	     -0.04584509	     -0.02980984	     -0.04839611	     -0.04507710	     -0.03686078	      0.00737609	      0.01806778	      0.01466434	      0.00000000	     -0.02023543	      0.06608917	      0.06713265	      0.07754993	      0.06680006	      0.03006085	     -0.04813158	      0.03202355	      0.05394018	     -0.02470674	     -0.00506268	      0.06791215	      0.00165165	      0.00157228	      0.05154301	      0.02198864	     -0.01156821	     -0.00850972	     -0.00000000	     -0.00000000	     -0.00000000	      0.00000000	      0.00000000	     -0.00000000	      0.00000000	     -0.00000000	      0.00000000	     -0.00000000	      0.00000000	      0.00000000	     -0.00000000	      0.00000000	     -0.00000000	      0.00000000	      0.00000000	      0.00000000	      0.00000000	      0.00000000	      0.00000000
      1.78800000	      0.00000000	      0.00000000	      0.00000000	      0.00000000	      0.00000000	      0.00000000	      0.00000000	      0.00000000	      0.00000000	      0.00000000	      0.00000000	      0.00000000	      0.00000000	      0.00000000	      0.00000000	      0.00000000	      0.00000000	      0.00000000	      0.00000000	      0.00000000	      0.00000000	      0.00000000	      0.00000000	      0.00000000	      0.00000000	      0.00000000	      0.00000000	      0.00000000	      0.00000000	      0.00000000	      0.00000000	      0.00000000	      0.00000000	      0.00000000	      0.00000000	      0.00000000	      0.00000000	      0.00000000	      0.00000000	      0.00000000	      0.00000000	      0.00000000	      0.00000000	     -0.05739812	     -0.04554363	     -0.02903153	     -0.04847720	     -0.04491603	     -0.03642101	      0.00710138	      0.01773837	      0.01445919	      0.00000000	     -0.01979381	      0.06590045	      0.06699850	      0.07730763	      0.06656965	      0.02970406	     -0.04771750	      0.03183621	      0.05371827	     -0.02425714	     -0.00444213	      0.06921869	      0.00161895	      0.00156384	      0.05178813	      0.02258338	     -0.01078156	     -0.00821714	      0.00000000	      0.00000000	      0.00000000	      0.00000000	     -0.00000000	     -0.00000000	      0.00000000	      0.00000000	     -0.00000000	     -0.00000000	     -0.00000000	     -0.00000000	     -0.00000000	     -0.00000000	     -0.00000000	      0.00000000	      0.00000000	      0.00000000	      0.00000000	      0.00000000	      0.00000000
      1.80400000	      0.00000000	      0.00000000	      0.00000000	      0.00000000	      0.00000000	      0.00000000	      0.00000000	      0.00000000	      0.00000000	      0.00000000	      0.00000000	      0.00000000	      0.00000000	      0.00000000	      0.00000000	      0.00000000	      0.00000000	      0.00000000	      0.00000000	      0.00000000	      0.00000000	      0.00000000	      0.00000000	      0.00000000	      0.00000000	      0.00000000	      0.00000000	      0.00000000	      0.00000000	      0.00000000	      0.00000000	      0.00000000	      0.00000000	      0.00000000	      0.00000000	      0.00000000	      0.00000000	      0.00000000	      0.00000000	      0.00000000	      0.00000000	      0.00000000	      0.00000000	     -0.05769828	     -0.04532482	     -0.02835939	     -0.04859037	     -0.04480459	     -0.03605091	      0.00699351	      0.01763637	      0.01443283	     -0.00000000	     -0.01958947	      0.06569725	      0.06682250	      0.07706829	      0.06647287	      0.02956829	     -0.04744457	      0.03163244	      0.05368724	     -0.02388704	     -0.00380516	      0.07052759	      0.00159539	      0.00156203	      0.05197483	      0.02308036	     -0.01008922	     -0.00805679	      0.00000000	     -0.00000000	     -0.00000000	     -0.00000000	     -0.00000000	     -0.00000000	     -0.00000000	     -0.00000000	      0.00000000	      0.00000000	     -0.00000000	      0.00000000	      0.00000000	      0.00000000	     -0.00000000	      0.00000000	      0.00000000	      0.00000000	      0.00000000	      0.00000000	      0.00000000
      1.82000000	      0.00000000	      0.00000000	      0.00000000	      0.00000000	      0.00000000	      0.00000000	      0.00000000	      0.00000000	      0.00000000	      0.00000000	      0.00000000	      0.00000000	      0.00000000	      0.00000000	      0.00000000	      0.00000000	      0.00000000	      0.00000000	      0.00000000	      0.00000000	      0.00000000	      0.00000000	      0.00000000	      0.00000000	      0.00000000	      0.00000000	      0.00000000	      0.00000000	      0.00000000	      0.00000000	      0.00000000	      0.00000000	      0.00000000	      0.00000000	      0.00000000	      0.00000000	      0.00000000	      0.00000000	      0.00000000	      0.00000000	      0.00000000	      0.00000000	      0.00000000	     -0.05802877	     -0.04519655	     -0.02781099	     -0.04873951	     -0.04475053	     -0.03576266	      0.00706609	      0.01777725	      0.01460033	      0.00000000	     -0.01963531	      0.06547571	      0.06660576	      0.07684053	      0.06651933	      0.02966977	     -0.04733194	      0.03141092	      0.05384868	     -0.02360085	     -0.00315830	      0.07180609	      0.00157409	      0.00155982	      0.05209891	      0.02347044	     -0.00950770	     -0.00804282	      0.00000000	     -0.00000000	      0.00000000	      0.00000000	      0.00000000	      0.00000000	      0.00000000	     -0.00000000	      0.00000000	      0.00000000	      0.00000000	      0.00000000	     -0.00000000	      0.00000000	     -0.00000000	      0.00000000	      0.00000000	      0.00000000	      0.00000000	      0.00000000	      0.00000000
      1.83600000	      0.00000000	      0.00000000	      0.00000000	      0.00000000	      0.00000000	      0.00000000	      0.00000000	      0.00000000	      0.00000000	      0.00000000	      0.00000000	      0.00000000	      0.00000000	      0.00000000	      0.00000000	      0.00000000	      0.00000000	      0.00000000	      0.00000000	      0.00000000	      0.00000000	      0.00000000	      0.00000000	      0.00000000	      0.00000000	      0.00000000	      0.00000000	      0.00000000	      0.00000000	      0.00000000	      0.00000000	      0.00000000	      0.00000000	      0.00000000	      0.00000000	      0.00000000	      0.00000000	      0.00000000	      0.00000000	      0.00000000	      0.00000000	      0.00000000	      0.00000000	     -0.05838032	     -0.04515602	     -0.02739133	     -0.04892128	     -0.04475267	     -0.03555802	      0.00730575	      0.01814007	      0.01494643	      0.00000000	     -0.01990822	      0.06523723	      0.06635642	      0.07663062	      0.06669408	      0.02998748	     -0.04737187	      0.03117568	      0.05417541	     -0.02339698	     -0.00251524	      0.07301110	      0.00155001	      0.00155214	      0.05216395	      0.02375416	     -0.00904275	     -0.00816667	      0.00000000	     -0.00000000	     -0.00000000	      0.00000000	     -0.00000000	     -0.00000000	     -0.00000000	      0.00000000	      0.00000000	     -0.00000000	      0.00000000	     -0.00000000	      0.00000000	      0.00000000	      0.00000000	      0.00000000	      0.00000000	      0.00000000	      0.00000000	      0.00000000	      0.00000000
      1.85200000	      0.00000000	      0.00000000	      0.00000000	      0.00000000	      0.00000000	      0.00000000	      0.00000000	      0.00000000	      0.00000000	      0.00000000	      0.00000000	      0.00000000	      0.00000000	      0.00000000	      0.00000000	      0.00000000	      0.00000000	      0.00000000	      0.00000000	      0.00000000	      0.00000000	      0.00000000	      0.00000000	      0.00000000	      0.00000000	      0.00000000	      0.00000000	      0.00000000	      0.00000000	      0.00000000	      0.00000000	      0.00000000	      0.00000000	      0.00000000	      0.00000000	      0.00000000	      0.00000000	      0.00000000	      0.00000000	      0.00000000	      0.00000000	      0.00000000	      0.00000000	     -0.05873897	     -0.04519189	     -0.02709658	     -0.04912442	     -0.04480139	     -0.03543022	      0.00767397	      0.01867046	      0.01542702	      0.00000000	     -0.02035262	      0.06499116	      0.06609093	      0.07644480	      0.06696112	      0.03046604	     -0.04753014	      0.03093770	      0.05461647	     -0.02327146	     -0.00189976	      0.07408944	      0.00152138	      0.00153712	      0.05218241	      0.02393870	     -0.00869302	     -0.00839791	     -0.00000000	     -0.00000000	      0.00000000	     -0.00000000	     -0.00000000	      0.00000000	     -0.00000000	      0.00000000	     -0.00000000	     -0.00000000	     -0.00000000	     -0.00000000	      0.00000000	     -0.00000000	     -0.00000000	      0.00000000	      0.00000000	      0.00000000	      0.00000000	      0.00000000	      0.00000000
      1.86800000	      0.00000000	      0.00000000	      0.00000000	      0.00000000	      0.00000000	      0.00000000	      0.00000000	      0.00000000	      0.00000000	      0.00000000	      0.00000000	      0.00000000	      0.00000000	      0.00000000	      0.00000000	      0.00000000	      0.00000000	      0.00000000	      0.00000000	      0.00000000	      0.00000000	      0.00000000	      0.00000000	      0.00000000	      0.00000000	      0.00000000	      0.00000000	      0.00000000	      0.00000000	      0.00000000	      0.00000000	      0.00000000	      0.00000000	      0.00000000	      0.00000000	      0.00000000	      0.00000000	      0.00000000	      0.00000000	      0.00000000	      0.00000000	      0.00000000	      0.00000000	     -0.05908714	     -0.04529027	     -0.02692307	     -0.04933191	     -0.04488263	     -0.03537008	      0.00811575	      0.01929262	      0.01597860	      0.00000000	     -0.02089304	      0.06475598	      0.06583368	      0.07629287	      0.06727385	      0.03102847	     -0.04775563	      0.03071513	      0.05510864	     -0.02322401	     -0.00134945	      0.07497698	      0.00149015	      0.00151640	      0.05217322	      0.02403208	     -0.00845792	     -0.00869174	     -0.00000000	      0.00000000	     -0.00000000	     -0.00000000	     -0.00000000	     -0.00000000	      0.00000000	      0.00000000	     -0.00000000	      0.00000000	      0.00000000	      0.00000000	      0.00000000	      0.00000000	     -0.00000000	      0.00000000	      0.00000000	      0.00000000	      0.00000000	      0.00000000	      0.00000000
      1.88400000	      0.00000000	      0.00000000	      0.00000000	      0.00000000	      0.00000000	      0.00000000	      0.00000000	      0.00000000	      0.00000000	      0.00000000	      0.00000000	      0.00000000	      0.00000000	      0.00000000	      0.00000000	      0.00000000	      0.00000000	      0.00000000	      0.00000000	      0.00000000	      0.00000000	      0.00000000	      0.00000000	      0.00000000	      0.00000000	      0.00000000	      0.00000000	      0.00000000	      0.00000000	      0.00000000	      0.00000000	      0.00000000	      0.00000000	      0.00000000	      0.00000000	      0.00000000	      0.00000000	      0.00000000	      0.00000000	      0.00000000	      0.00000000	      0.00000000	      0.00000000	     -0.05940535	     -0.04544290	     -0.02687893	     -0.04952557	     -0.04498491	     -0.03537509	      0.00857266	      0.01992683	      0.01653277	      0.00000000	     -0.02145260	      0.06455803	      0.06561452	      0.07619097	      0.06758857	      0.03159535	     -0.04799712	      0.03053194	      0.05559126	     -0.02326513	     -0.00091956	      0.07559629	      0.00146150	      0.00149443	      0.05215555	      0.02403623	     -0.00834725	     -0.00900126	      0.00000000	      0.00000000	     -0.00000000	      0.00000000	      0.00000000	     -0.00000000	      0.00000000	      0.00000000	      0.00000000	      0.00000000	      0.00000000	      0.00000000	      0.00000000	      0.00000000	      0.00000000	      0.00000000	      0.00000000	      0.00000000	      0.00000000	      0.00000000	      0.00000000
      1.90000000	      0.00000000	      0.00000000	      0.00000000	      0.00000000	      0.00000000	      0.00000000	      0.00000000	      0.00000000	      0.00000000	      0.00000000	      0.00000000	      0.00000000	      0.00000000	      0.00000000	      0.00000000	      0.00000000	      0.00000000	      0.00000000	      0.00000000	      0.00000000	      0.00000000	      0.00000000	      0.00000000	      0.00000000	      0.00000000	      0.00000000	      0.00000000	      0.00000000	      0.00000000	      0.00000000	      0.00000000	      0.00000000	      0.00000000	      0.00000000	      0.00000000	      0.00000000	      0.00000000	      0.00000000	      0.00000000	      0.00000000	      0.00000000	      0.00000000	      0.00000000	     -0.05967412	     -0.04565465	     -0.02699396	     -0.04969173	     -0.04510678	     -0.03545801	      0.00899696	      0.02050789	      0.01703204	      0.00000000	     -0.02197296	      0.06442762	      0.06546412	      0.07616146	      0.06787661	      0.03210519	     -0.04822241	      0.03041482	      0.05602027	     -0.02342156	     -0.00068362	      0.07585471	      0.00144268	      0.00147728	      0.05214036	      0.02394077	     -0.00838921	     -0.00929077	     -0.00000000	     -0.00000000	     -0.00000000	     -0.00000000	     -0.00000000	      0.00000000	      0.00000000	     -0.00000000	     -0.00000000	      0.00000000	     -0.00000000	      0.00000000	      0.00000000	     -0.00000000	     -0.00000000	      0.00000000	      0.00000000	      0.00000000	      0.00000000	      0.00000000	      0.00000000
      1.91600000	      0.00000000	      0.00000000	      0.00000000	      0.00000000	      0.00000000	      0.00000000	      0.00000000	      0.00000000	      0.00000000	      0.00000000	      0.00000000	      0.00000000	      0.00000000	      0.00000000	      0.00000000	      0.00000000	      0.00000000	      0.00000000	      0.00000000	      0.00000000	      0.00000000	      0.00000000	      0.00000000	      0.00000000	      0.00000000	      0.00000000	      0.00000000	      0.00000000	      0.00000000	      0.00000000	      0.00000000	      0.00000000	      0.00000000	      0.00000000	      0.00000000	      0.00000000	      0.00000000	      0.00000000	      0.00000000	      0.00000000	      0.00000000	      0.00000000	      0.00000000	     -0.05987543	     -0.04594622	     -0.02732177	     -0.04982529	     -0.04526088	     -0.03565013	      0.00936370	      0.02100091	      0.01744342	      0.00000000	     -0.02243156	      0.06439299	      0.06540741	      0.07622880	      0.06813172	      0.03253136	     -0.04843316	      0.03038876	      0.05637872	     -0.02373534	     -0.00072529	      0.07564873	      0.00144150	      0.00147111	      0.05212220	      0.02371968	     -0.00863224	     -0.00954682	     -0.00000000	      0.00000000	     -0.00000000	      0.00000000	     -0.00000000	     -0.00000000	      0.00000000	      0.00000000	      0.00000000	      0.00000000	      0.00000000	     -0.00000000	     -0.00000000	      0.00000000	     -0.00000000	      0.00000000	      0.00000000	      0.00000000	      0.00000000	      0.00000000	      0.00000000
      1.93200000	      0.00000000	      0.00000000	      0.00000000	      0.00000000	      0.00000000	      0.00000000	      0.00000000	      0.00000000	      0.00000000	      0.00000000	      0.00000000	      0.00000000	      0.00000000	      0.00000000	      0.00000000	      0.00000000	      0.00000000	      0.00000000	      0.00000000	      0.00000000	      0.00000000	      0.00000000	      0.00000000	      0.00000000	      0.00000000	      0.00000000	      0.00000000	      0.00000000	      0.00000000	      0.00000000	      0.00000000	      0.00000000	      0.00000000	      0.00000000	      0.00000000	      0.00000000	      0.00000000	      0.00000000	      0.00000000	      0.00000000	      0.00000000	      0.00000000	      0.00000000	     -0.05999172	     -0.04634795	     -0.02792939	     -0.04992885	     -0.04547070	     -0.03599533	      0.00967883	      0.02141202	      0.01776749	     -0.00000000	     -0.02285192	      0.06447363	      0.06545644	      0.07641108	      0.06837108	      0.03289170	     -0.04866994	      0.03047161	      0.05668185	     -0.02425258	     -0.00111810	      0.07488059	      0.00146509	      0.00148114	      0.05207322	      0.02333274	     -0.00913761	     -0.00978618	     -0.00000000	     -0.00000000	     -0.00000000	      0.00000000	      0.00000000	      0.00000000	      0.00000000	      0.00000000	      0.00000000	      0.00000000	      0.00000000	      0.00000000	     -0.00000000	      0.00000000	     -0.00000000	      0.00000000	      0.00000000	      0.00000000	      0.00000000	      0.00000000	      0.00000000
      1.94800000	      0.00000000	      0.00000000	      0.00000000	      0.00000000	      0.00000000	      0.00000000	      0.00000000	      0.00000000	      0.00000000	      0.00000000	      0.00000000	      0.00000000	      0.00000000	      0.00000000	      0.00000000	      0.00000000	      0.00000000	      0.00000000	      0.00000000	      0.00000000	      0.00000000	      0.00000000	      0.00000000	      0.00000000	      0.00000000	      0.00000000	      0.00000000	      0.00000000	      0.00000000	      0.00000000	      0.00000000	      0.00000000	      0.00000000	      0.00000000	      0.00000000	      0.00000000	      0.00000000	      0.00000000	      0.00000000	      0.00000000	      0.00000000	      0.00000000	      0.00000000	     -0.06000107	     -0.04688394	     -0.02887434	     -0.05000490	     -0.04575869	     -0.03653427	      0.00997970	      0.02174677	      0.01803892	     -0.00000000	     -0.02330329	      0.06467545	      0.06560436	      0.07670908	      0.06862985	      0.03324698	     -0.04900404	      0.03066933	      0.05697609	     -0.02500235	     -0.00189769	      0.07348871	      0.00152011	      0.00151217	      0.05194189	      0.02273286	     -0.00996294	     -0.01005551	      0.00000000	     -0.00000000	      0.00000000	      0.00000000	     -0.00000000	     -0.00000000	     -0.00000000	     -0.00000000	      0.00000000	     -0.00000000	     -0.00000000	      0.00000000	     -0.00000000	     -0.00000000	      0.00000000	      0.00000000	      0.00000000	      0.00000000	      0.00000000	      0.00000000	      0.00000000
      1.96400000	      0.00000000	      0.00000000	      0.00000000	      0.00000000	      0.00000000	      0.00000000	      0.00000000	      0.00000000	      0.00000000	      0.00000000	      0.00000000	      0.00000000	      0.00000000	      0.00000000	      0.00000000	      0.00000000	      0.00000000	      0.00000000	      0.00000000	      0.00000000	      0.00000000	      0.00000000	      0.00000000	      0.00000000	      0.00000000	      0.00000000	      0.00000000	      0.00000000	      0.00000000	      0.00000000	      0.00000000	      0.00000000	      0.00000000	      0.00000000	      0.00000000	      0.00000000	      0.00000000	      0.00000000	      0.00000000	      0.00000000	      0.00000000	      0.00000000	      0.00000000	     -0.05987035	     -0.04755199	     -0.03017650	     -0.05004327	     -0.04612944	     -0.03728397	      0.01032334	      0.02220004	      0.01831376	     -0.00000000	     -0.02388585	      0.06499041	      0.06582360	      0.07709721	      0.06894947	      0.03368498	     -0.04951611	      0.03097386	      0.05746421	     -0.02597470	     -0.00304080	      0.07148216	      0.00161558	      0.00157183	      0.05165944	      0.02187824	     -0.01114131	     -0.01041780	      0.00000000	     -0.00000000	     -0.00000000	     -0.00000000	     -0.00000000	      0.00000000	     -0.00000000	     -0.00000000	      0.00000000	     -0.00000000	      0.00000000	     -0.00000000	      0.00000000	     -0.00000000	      0.00000000	      0.00000000	      0.00000000	      0.00000000	      0.00000000	      0.00000000	      0.00000000
      1.98000000	      0.00000000	      0.00000000	      0.00000000	      0.00000000	      0.00000000	      0.00000000	      0.00000000	      0.00000000	      0.00000000	      0.00000000	      0.00000000	      0.00000000	      0.00000000	      0.00000000	      0.00000000	      0.00000000	      0.00000000	      0.00000000	      0.00000000	      0.00000000	      0.00000000	      0.00000000	      0.00000000	      0.00000000	      0.00000000	      0.00000000	      0.00000000	      0.00000000	      0.00000000	      0.00000000	      0.00000000	      0.00000000	      0.00000000	      0.00000000	      0.00000000	      0.00000000	      0.00000000	      0.00000000	      0.00000000	      0.00000000	      0.00000000	      0.00000000	      0.00000000	     -0.05955293	     -0.04831016	     -0.03179770	     -0.05001113	     -0.04655617	     -0.03822185	      0.01071004	      0.02276820	      0.01864406	      0.00000000	     -0.02470036	      0.06540097	      0.06607035	      0.07752172	      0.06936091	      0.03428940	     -0.05026585	      0.03136547	      0.05794065	     -0.02711133	     -0.00446591	      0.06895862	      0.00176732	      0.00167523	      0.05115613	      0.02074662	     -0.01266401	     -0.01092660	      0.00000000	     -0.00000000	      0.00000000	     -0.00000000	     -0.00000000	     -0.00000000	      0.00000000	      0.00000000	     -0.00000000	     -0.00000000	     -0.00000000	      0.00000000	     -0.00000000	      0.00000000	     -0.00000000	      0.00000000	      0.00000000	      0.00000000	      0.00000000	      0.00000000	      0.00000000
      1.99600000	      0.00000000	      0.00000000	      0.00000000	      0.00000000	      0.00000000	      0.00000000	      0.00000000	      0.00000000	      0.00000000	      0.00000000	      0.00000000	      0.00000000	      0.00000000	      0.00000000	      0.00000000	      0.00000000	      0.00000000	      0.00000000	      0.00000000	      0.00000000	      0.00000000	      0.00000000	      0.00000000	      0.00000000	      0.00000000	      0.00000000	      0.00000000	      0.00000000	      0.00000000	      0.00000000	      0.00000000	      0.00000000	      0.00000000	      0.00000000	      0.00000000	      0.00000000	      0.00000000	      0.00000000	      0.00000000	      0.00000000	      0.00000000	      0.00000000	      0.00000000	     -0.05899770	     -0.04907931	     -0.03363936	     -0.04985406	     -0.04697923	     -0.03928248	      0.01128439	      0.02348425	      0.01905244	      0.00000000	     -0.02580813	      0.06588669	      0.06629551	      0.07791002	      0.06986647	      0.03510160	     -0.05126235	      0.03181876	      0.05860112	     -0.02831670	     -0.00605731	      0.06608719	      0.00200008	      0.00184746	      0.05038432	      0.01934716	     -0.01447350	     -0.01159926	     -0.00000000	     -0.00000000	      0.00000000	      0.00000000	      0.00000000	      0.00000000	      0.00000000	      0.00000000	      0.00000000	      0.00000000	     -0.00000000	     -0.00000000	     -0.00000000	      0.00000000	      0.00000000	      0.00000000	      0.00000000	      0.00000000	      0.00000000	      0.00000000	      0.00000000
      2.01200000	      0.00000000	      0.00000000	      0.00000000	      0.00000000	      0.00000000	      0.00000000	      0.00000000	      0.00000000	      0.00000000	      0.00000000	      0.00000000	      0.00000000	      0.00000000	      0.00000000	      0.00000000	      0.00000000	      0.00000000	      0.00000000	      0.00000000	      0.00000000	      0.00000000	      0.00000000	      0.00000000	      0.00000000	      0.00000000	      0.00000000	      0.00000000	      0.00000000	      0.00000000	      0.00000000	      0.00000000	      0.00000000	      0.00000000	      0.00000000	      0.00000000	      0.00000000	      0.00000000	      0.00000000	      0.00000000	      0.00000000	      0.00000000	      0.00000000	      0.00000000	     -0.05816960	     -0.04976313	     -0.03556115	     -0.04951208	     -0.04731994	     -0.04036966	      0.01195180	      0.02432455	      0.01951576	      0.00000000	     -0.02719699	      0.06642861	      0.06645884	      0.07818981	      0.07042860	      0.03609249	     -0.05244800	      0.03230943	      0.05945310	     -0.02948500	     -0.00769802	      0.06306050	      0.00234255	      0.00211883	      0.04933881	      0.01772545	     -0.01646964	     -0.01240209	      0.00000000	     -0.00000000	      0.00000000	      0.00000000	      0.00000000	     -0.00000000	      0.00000000	     -0.00000000	     -0.00000000	     -0.00000000	     -0.00000000	      0.00000000	     -0.00000000	     -0.00000000	      0.00000000	      0.00000000	      0.00000000	      0.00000000	      0.00000000	      0.00000000	      0.00000000
      2.02800000	      0.00000000	      0.00000000	      0.00000000	      0.00000000	      0.00000000	      0.00000000	      0.00000000	      0.00000000	      0.00000000	      0.00000000	      0.00000000	      0.00000000	      0.00000000	      0.00000000	      0.00000000	      0.00000000	      0.00000000	      0.00000000	      0.00000000	      0.00000000	      0.00000000	      0.00000000	      0.00000000	      0.00000000	      0.00000000	      0.00000000	      0.00000000	      0.00000000	      0.00000000	      0.00000000	      0.00000000	      0.00000000	      0.00000000	      0.00000000	      0.00000000	      0.00000000	      0.00000000	      0.00000000	      0.00000000	      0.00000000	      0.00000000	      0.00000000	      0.00000000	     -0.05707170	     -0.05027712	     -0.03741389	     -0.04894444	     -0.04750496	     -0.04137976	      0.01264683	      0.02520918	      0.01996923	      0.00000000	     -0.02877236	      0.06701050	      0.06654180	      0.07831140	      0.07097543	      0.03716322	     -0.05370607	      0.03281912	      0.06044380	     -0.03052908	     -0.00929362	      0.06004518	      0.00281455	      0.00251211	      0.04806356	      0.01595803	     -0.01852780	     -0.01325702	      0.00000000	      0.00000000	     -0.00000000	      0.00000000	      0.00000000	      0.00000000	      0.00000000	     -0.00000000	      0.00000000	      0.00000000	      0.00000000	     -0.00000000	      0.00000000	      0.00000000	     -0.00000000	      0.00000000	      0.00000000	      0.00000000	      0.00000000	      0.00000000	      0.00000000
      2.04400000	      0.00000000	      0.00000000	      0.00000000	      0.00000000	      0.00000000	      0.00000000	      0.00000000	      0.00000000	      0.00000000	      0.00000000	      0.00000000	      0.00000000	      0.00000000	      0.00000000	      0.00000000	      0.00000000	      0.00000000	      0.00000000	      0.00000000	      0.00000000	      0.00000000	      0.00000000	      0.00000000	      0.00000000	      0.00000000	      0.00000000	      0.00000000	      0.00000000	      0.00000000	      0.00000000	      0.00000000	      0.00000000	      0.00000000	      0.00000000	      0.00000000	      0.00000000	      0.00000000	      0.00000000	      0.00000000	      0.00000000	      0.00000000	      0.00000000	      0.00000000	     -0.05575425	     -0.05057241	     -0.03907378	     -0.04814947	     -0.04748948	     -0.04222697	      0.01328324	      0.02602680	      0.02032969	      0.00000000	     -0.03038184	      0.06761921	      0.06655366	      0.07826302	      0.07142394	      0.03817792	     -0.05489105	      0.03333759	      0.06147033	     -0.03139788	     -0.01077989	      0.05715700	      0.00341266	      0.00302776	      0.04664001	      0.01413671	     -0.02052381	     -0.01406482	      0.00000000	      0.00000000	     -0.00000000	      0.00000000	      0.00000000	     -0.00000000	     -0.00000000	      0.00000000	     -0.00000000	      0.00000000	      0.00000000	      0.00000000	     -0.00000000	     -0.00000000	     -0.00000000	      0.00000000	      0.00000000	      0.00000000	      0.00000000	      0.00000000	      0.00000000
      2.06000000	      0.00000000	      0.00000000	      0.00000000	      0.00000000	      0.00000000	      0.00000000	      0.00000000	      0.00000000	      0.00000000	      0.00000000	      0.00000000	      0.00000000	      0.00000000	      0.00000000	      0.00000000	      0.00000000	      0.00000000	      0.00000000	      0.00000000	      0.00000000	      0.00000000	      0.00000000	      0.00000000	      0.00000000	      0.00000000	      0.00000000	      0.00000000	      0.00000000	      0.00000000	      0.00000000	      0.00000000	      0.00000000	      0.00000000	      0.00000000	      0.00000000	      0.00000000	      0.00000000	      0.00000000	      0.00000000	      0.00000000	      0.00000000	      0.00000000	      0.00000000	     -0.05430240	     -0.05064290	     -0.04046437	     -0.04716672	     -0.04726733	     -0.04285998	      0.01378423	      0.02667392	      0.02052717	      0.00000000	     -0.03186249	      0.06824598	      0.06652799	      0.07807083	      0.07170800	      0.03901050	     -0.05586842	      0.03386266	      0.06241190	     -0.03207710	     -0.01211889	      0.05446262	      0.00410449	      0.00363736	      0.04516238	      0.01234787	     -0.02235715	     -0.01473639	      0.00000000	     -0.00000000	     -0.00000000	      0.00000000	      0.00000000	      0.00000000	      0.00000000	      0.00000000	     -0.00000000	     -0.00000000	      0.00000000	      0.00000000	     -0.00000000	      0.00000000	     -0.00000000	      0.00000000	      0.00000000	      0.00000000	      0.00000000	      0.00000000	      0.00000000
      2.07600000	      0.00000000	      0.00000000	      0.00000000	      0.00000000	      0.00000000	      0.00000000	      0.00000000	      0.00000000	      0.00000000	      0.00000000	      0.00000000	      0.00000000	      0.00000000	      0.00000000	      0.00000000	      0.00000000	      0.00000000	      0.00000000	      0.00000000	      0.00000000	      0.00000000	      0.00000000	      0.00000000	      0.00000000	      0.00000000	      0.00000000	      0.00000000	      0.00000000	      0.00000000	      0.00000000	      0.00000000	      0.00000000	      0.00000000	      0.00000000	      0.00000000	      0.00000000	      0.00000000	      0.00000000	      0.00000000	      0.00000000	      0.00000000	      0.00000000	      0.00000000	     -0.05280897	     -0.05051477	     -0.04155952	     -0.04606065	     -0.04686448	     -0.04326447	      0.01410513	      0.02708634	      0.02052655	      0.00000000	     -0.03308705	      0.06888703	      0.06651000	      0.07778401	      0.07179527	      0.03958035	     -0.05654600	      0.03439792	      0.06316649	     -0.03257746	     -0.01329162	      0.05199298	      0.00483644	      0.00429026	      0.04371223	      0.01065539	     -0.02396465	     -0.01521592	      0.00000000	      0.00000000	      0.00000000	      0.00000000	     -0.00000000	     -0.00000000	      0.00000000	      0.00000000	     -0.00000000	     -0.00000000	      0.00000000	     -0.00000000	      0.00000000	     -0.00000000	      0.00000000	      0.00000000	      0.00000000	      0.00000000	      0.00000000	      0.00000000	      0.00000000
      2.09200000	      0.00000000	      0.00000000	      0.00000000	      0.00000000	      0.00000000	      0.00000000	      0.00000000	      0.00000000	      0.00000000	      0.00000000	      0.00000000	      0.00000000	      0.00000000	      0.00000000	      0.00000000	      0.00000000	      0.00000000	      0.00000000	      0.00000000	      0.00000000	      0.00000000	      0.00000000	      0.00000000	      0.00000000	      0.00000000	      0.00000000	      0.00000000	      0.00000000	      0.00000000	      0.00000000	      0.00000000	      0.00000000	      0.00000000	      0.00000000	      0.00000000	      0.00000000	      0.00000000	      0.00000000	      0.00000000	      0.00000000	      0.00000000	      0.00000000	      0.00000000	     -0.05134803	     -0.05022803	     -0.04237155	     -0.04489699	     -0.04632263	     -0.04345442	      0.01423967	      0.02724972	      0.02033137	     -0.00000000	     -0.03399012	      0.06954122	      0.06654045	      0.07745386	      0.07168689	      0.03986350	     -0.05688670	      0.03494885	      0.06367425	     -0.03292067	     -0.01429246	      0.04975563	      0.00555034	      0.00492976	      0.04234241	      0.00909297	     -0.02532201	     -0.01548812	      0.00000000	      0.00000000	      0.00000000	      0.00000000	     -0.00000000	     -0.00000000	     -0.00000000	      0.00000000	     -0.00000000	     -0.00000000	     -0.00000000	     -0.00000000	      0.00000000	     -0.00000000	     -0.00000000	      0.00000000	      0.00000000	      0.00000000	      0.00000000	      0.00000000	      0.00000000
      2.10800000	      0.00000000	      0.00000000	      0.00000000	      0.00000000	      0.00000000	      0.00000000	      0.00000000	      0.00000000	      0.00000000	      0.00000000	      0.00000000	      0.00000000	      0.00000000	      0.00000000	      0.00000000	      0.00000000	      0.00000000	      0.00000000	      0.00000000	      0.00000000	      0.00000000	      0.00000000	      0.00000000	      0.00000000	      0.00000000	      0.00000000	      0.00000000	      0.00000000	      0.00000000	      0.00000000	      0.00000000	      0.00000000	      0.00000000	      0.00000000	      0.00000000	      0.00000000	      0.00000000	      0.00000000	      0.00000000	      0.00000000	      0.00000000	      0.00000000	      0.00000000	     -0.04996189	     -0.04982176	     -0.04293479	     -0.04372570	     -0.04568390	     -0.04345983	      0.01421258	      0.02719170	      0.01997451	     -0.00000000	     -0.03457012	      0.07020561	      0.06664313	      0.07711747	      0.07140680	      0.03988395	     -0.05690430	      0.03551826	      0.06392204	     -0.03313033	     -0.01512597	      0.04774333	      0.00619959	      0.00550930	      0.04107355	      0.00766669	     -0.02643629	     -0.01557188	      0.00000000	     -0.00000000	      0.00000000	     -0.00000000	     -0.00000000	      0.00000000	     -0.00000000	     -0.00000000	     -0.00000000	     -0.00000000	      0.00000000	     -0.00000000	      0.00000000	      0.00000000	      0.00000000	      0.00000000	      0.00000000	      0.00000000	      0.00000000	      0.00000000	      0.00000000
      2.12400000	      0.00000000	      0.00000000	      0.00000000	      0.00000000	      0.00000000	      0.00000000	      0.00000000	      0.00000000	      0.00000000	      0.00000000	      0.00000000	      0.00000000	      0.00000000	      0.00000000	      0.00000000	      0.00000000	      0.00000000	      0.00000000	      0.00000000	      0.00000000	      0.00000000	      0.00000000	      0.00000000	      0.00000000	      0.00000000	      0.00000000	      0.00000000	      0.00000000	      0.00000000	      0.00000000	      0.00000000	      0.00000000	      0.00000000	      0.00000000	      0.00000000	      0.00000000	      0.00000000	      0.00000000	      0.00000000	      0.00000000	      0.00000000	      0.00000000	      0.00000000	     -0.04866380	     -0.04932827	     -0.04329247	     -0.04257663	     -0.04498343	     -0.04331730	      0.01406693	      0.02696637	      0.01950515	     -0.00000000	     -0.03487502	      0.07087157	      0.06681966	      0.07679163	      0.07099082	      0.03969684	     -0.05665032	      0.03610276	      0.06393582	     -0.03322911	     -0.01580485	      0.04594138	      0.00675800	      0.00600195	      0.03990090	      0.00636456	     -0.02733448	     -0.01550827	      0.00000000	      0.00000000	     -0.00000000	      0.00000000	      0.00000000	     -0.00000000	      0.00000000	      0.00000000	     -0.00000000	      0.00000000	      0.00000000	      0.00000000	     -0.00000000	     -0.00000000	     -0.00000000	      0.00000000	      0.00000000	      0.00000000	      0.00000000	      0.00000000	      0.00000000
      2.14000000	      0.00000000	      0.00000000	      0.00000000	      0.00000000	      0.00000000	      0.00000000	      0.00000000	      0.00000000	      0.00000000	      0.00000000	      0.00000000	      0.00000000	      0.00000000	      0.00000000	      0.00000000	      0.00000000	      0.00000000	      0.00000000	      0.00000000	      0.00000000	      0.00000000	      0.00000000	      0.00000000	      0.00000000	      0.00000000	      0.00000000	      0.00000000	      0.00000000	      0.00000000	      0.00000000	      0.00000000	      0.00000000	      0.00000000	      0.00000000	      0.00000000	      0.00000000	      0.00000000	      0.00000000	      0.00000000	      0.00000000	      0.00000000	      0.00000000	      0.00000000	     -0.04745008	     -0.04877486	     -0.04348925	     -0.04146533	     -0.04424974	     -0.04306532	      0.01385222	      0.02663907	      0.01897785	     -0.00000000	     -0.03498199	      0.07152375	      0.06705173	      0.07647617	      0.07048058	      0.03937269	     -0.05619966	      0.03669123	      0.06376888	     -0.03323936	     -0.01634778	      0.04433451	      0.00722070	      0.00640203	      0.03880680	      0.00516857	     -0.02805277	     -0.01534850	     -0.00000000	     -0.00000000	     -0.00000000	      0.00000000	      0.00000000	      0.00000000	      0.00000000	     -0.00000000	      0.00000000	     -0.00000000	      0.00000000	      0.00000000	      0.00000000	      0.00000000	      0.00000000	      0.00000000	      0.00000000	      0.00000000	      0.00000000	      0.00000000	      0.00000000
      2.15600000	      0.00000000	      0.00000000	      0.00000000	      0.00000000	      0.00000000	      0.00000000	      0.00000000	      0.00000000	      0.00000000	      0.00000000	      0.00000000	      0.00000000	      0.00000000	      0.00000000	      0.00000000	      0.00000000	      0.00000000	      0.00000000	      0.00000000	      0.00000000	      0.00000000	      0.00000000	      0.00000000	      0.00000000	      0.00000000	      0.00000000	      0.00000000	      0.00000000	      0.00000000	      0.00000000	      0.00000000	      0.00000000	      0.00000000	      0.00000000	      0.00000000	      0.00000000	      0.00000000	      0.00000000	      0.00000000	      0.00000000	      0.00000000	      0.00000000	      0.00000000	     -0.04631297	     -0.04818760	     -0.04356799	     -0.04040185	     -0.04350830	     -0.04274259	      0.01361528	      0.02627440	      0.01844456	     -0.00000000	     -0.03497783	      0.07214224	      0.06730795	      0.07616267	      0.06992155	      0.03898510	     -0.05563813	      0.03726558	      0.06349020	     -0.03318379	     -0.01677722	      0.04291134	      0.00760032	      0.00672187	      0.03777362	      0.00406456	     -0.02862883	     -0.01514439	     -0.00000000	     -0.00000000	     -0.00000000	      0.00000000	      0.00000000	      0.00000000	      0.00000000	      0.00000000	     -0.00000000	      0.00000000	      0.00000000	      0.00000000	      0.00000000	     -0.00000000	     -0.00000000	      0.00000000	      0.00000000	      0.00000000	      0.00000000	      0.00000000	      0.00000000
      2.17200000	      0.00000000	      0.00000000	      0.00000000	      0.00000000	      0.00000000	      0.00000000	      0.00000000	      0.00000000	      0.00000000	      0.00000000	      0.00000000	      0.00000000	      0.00000000	      0.00000000	      0.00000000	      0.00000000	      0.00000000	      0.00000000	      0.00000000	      0.00000000	      0.00000000	      0.00000000	      0.00000000	      0.00000000	      0.00000000	      0.00000000	      0.00000000	      0.00000000	      0.00000000	      0.00000000	      0.00000000	      0.00000000	      0.00000000	      0.00000000	      0.00000000	      0.00000000	      0.00000000	      0.00000000	      0.00000000	      0.00000000	      0.00000000	      0.00000000	      0.00000000	     -0.04524805	     -0.04759305	     -0.04356776	     -0.03939651	     -0.04278379	     -0.04238668	      0.01339386	      0.02592726	      0.01794869	      0.00000000	     -0.03494323	      0.07270677	      0.06755232	      0.07584327	      0.06936143	      0.03860131	     -0.05505210	      0.03780352	      0.06317381	     -0.03308408	     -0.01711691	      0.04166493	      0.00792166	      0.00698680	      0.03679308	      0.00304744	     -0.02909752	     -0.01494125	     -0.00000000	      0.00000000	      0.00000000	     -0.00000000	      0.00000000	      0.00000000	     -0.00000000	     -0.00000000	     -0.00000000	      0.00000000	     -0.00000000	     -0.00000000	      0.00000000	     -0.00000000	     -0.00000000	      0.00000000	      0.00000000	      0.00000000	      0.00000000	      0.00000000	      0.00000000
      2.18800000	      0.00000000	      0.00000000	      0.00000000	      0.00000000	      0.00000000	      0.00000000	      0.00000000	      0.00000000	      0.00000000	      0.00000000	      0.00000000	      0.00000000	      0.00000000	      0.00000000	      0.00000000	      0.00000000	      0.00000000	      0.00000000	      0.00000000	      0.00000000	      0.00000000	      0.00000000	      0.00000000	      0.00000000	      0.00000000	      0.00000000	      0.00000000	      0.00000000	      0.00000000	      0.00000000	      0.00000000	      0.00000000	      0.00000000	      0.00000000	      0.00000000	      0.00000000	      0.00000000	      0.00000000	      0.00000000	      0.00000000	      0.00000000	      0.00000000	      0.00000000	     -0.04425508	     -0.04701598	     -0.04352087	     -0.03846079	     -0.04209907	     -0.04203131	      0.01321307	      0.02563718	      0.01752123	     -0.00000000	     -0.03494183	      0.07320043	      0.06775173	      0.07551663	      0.06884685	      0.03827521	     -0.05451971	      0.03828194	      0.06288861	     -0.03295672	     -0.01738851	      0.04059099	      0.00821574	      0.00722919	      0.03587034	      0.00212164	     -0.02948831	     -0.01477342	     -0.00000000	      0.00000000	      0.00000000	     -0.00000000	      0.00000000	      0.00000000	     -0.00000000	      0.00000000	      0.00000000	     -0.00000000	      0.00000000	     -0.00000000	      0.00000000	      0.00000000	     -0.00000000	      0.00000000	      0.00000000	      0.00000000	      0.00000000	      0.00000000	      0.00000000
      2.20400000	      0.00000000	      0.00000000	      0.00000000	      0.00000000	      0.00000000	      0.00000000	      0.00000000	      0.00000000	      0.00000000	      0.00000000	      0.00000000	      0.00000000	      0.00000000	      0.00000000	      0.00000000	      0.00000000	      0.00000000	      0.00000000	      0.00000000	      0.00000000	      0.00000000	      0.00000000	      0.00000000	      0.00000000	      0.00000000	      0.00000000	      0.00000000	      0.00000000	      0.00000000	      0.00000000	      0.00000000	      0.00000000	      0.00000000	      0.00000000	      0.00000000	      0.00000000	      0.00000000	      0.00000000	      0.00000000	      0.00000000	      0.00000000	      0.00000000	      0.00000000	     -0.04333468	     -0.04647435	     -0.04344888	     -0.03760488	     -0.04147197	     -0.04170245	      0.01308483	      0.02542608	      0.01717949	      0.00000000	     -0.03501434	      0.07361151	      0.06788133	      0.07518977	      0.06841831	      0.03804299	     -0.05410367	      0.03868013	      0.06268893	     -0.03280774	     -0.01760746	      0.03968617	      0.00851284	      0.00748126	      0.03502330	      0.00129852	     -0.02982333	     -0.01466234	     -0.00000000	      0.00000000	     -0.00000000	      0.00000000	      0.00000000	      0.00000000	     -0.00000000	      0.00000000	      0.00000000	      0.00000000	      0.00000000	     -0.00000000	      0.00000000	      0.00000000	      0.00000000	      0.00000000	      0.00000000	      0.00000000	      0.00000000	      0.00000000	      0.00000000
      2.22000000	      0.00000000	      0.00000000	      0.00000000	      0.00000000	      0.00000000	      0.00000000	      0.00000000	      0.00000000	      0.00000000	      0.00000000	      0.00000000	      0.00000000	      0.00000000	      0.00000000	      0.00000000	      0.00000000	      0.00000000	      0.00000000	      0.00000000	      0.00000000	      0.00000000	      0.00000000	      0.00000000	      0.00000000	      0.00000000	      0.00000000	      0.00000000	      0.00000000	      0.00000000	      0.00000000	      0.00000000	      0.00000000	      0.00000000	      0.00000000	      0.00000000	      0.00000000	      0.00000000	      0.00000000	      0.00000000	      0.00000000	      0.00000000	      0.00000000	      0.00000000	     -0.04248452	     -0.04597474	     -0.04335926	     -0.03683460	     -0.04091188	     -0.04141466	      0.01301012	      0.02529980	      0.01692853	     -0.00000000	     -0.03517744	      0.07393324	      0.06792750	      0.07487644	      0.06810474	      0.03792187	     -0.05384568	      0.03898229	      0.06260762	     -0.03262924	     -0.01777954	      0.03894756	      0.00883469	      0.00776697	      0.03427824	      0.00059239	     -0.03011561	     -0.01461712	     -0.00000000	      0.00000000	     -0.00000000	      0.00000000	      0.00000000	     -0.00000000	      0.00000000	     -0.00000000	     -0.00000000	     -0.00000000	      0.00000000	      0.00000000	     -0.00000000	      0.00000000	     -0.00000000	      0.00000000	      0.00000000	      0.00000000	      0.00000000	      0.00000000	      0.00000000
      2.23600000	      0.00000000	      0.00000000	      0.00000000	      0.00000000	      0.00000000	      0.00000000	      0.00000000	      0.00000000	      0.00000000	      0.00000000	      0.00000000	      0.00000000	      0.00000000	      0.00000000	      0.00000000	      0.00000000	      0.00000000	      0.00000000	      0.00000000	      0.00000000	      0.00000000	      0.00000000	      0.00000000	      0.00000000	      0.00000000	      0.00000000	      0.00000000	      0.00000000	      0.00000000	      0.00000000	      0.00000000	      0.00000000	      0.00000000	      0.00000000	      0.00000000	      0.00000000	      0.00000000	      0.00000000	      0.00000000	      0.00000000	      0.00000000	      0.00000000	      0.00000000	     -0.04169839	     -0.04551104	     -0.04324512	     -0.03615032	     -0.04041859	     -0.04116959	      0.01298294	      0.02525229	      0.01676469	      0.00000000	     -0.03542661	      0.07416261	      0.06788886	      0.07459354	      0.06791987	      0.03791180	     -0.05376318	      0.03917957	      0.06265317	     -0.03240076	     -0.01790002	      0.03837321	      0.00918758	      0.00809454	      0.03366358	      0.00001685	     -0.03036810	     -0.01463689	     -0.00000000	     -0.00000000	     -0.00000000	     -0.00000000	     -0.00000000	      0.00000000	     -0.00000000	     -0.00000000	     -0.00000000	     -0.00000000	     -0.00000000	     -0.00000000	      0.00000000	     -0.00000000	     -0.00000000	      0.00000000	      0.00000000	      0.00000000	      0.00000000	      0.00000000	      0.00000000
      2.25200000	      0.00000000	      0.00000000	      0.00000000	      0.00000000	      0.00000000	      0.00000000	      0.00000000	      0.00000000	      0.00000000	      0.00000000	      0.00000000	      0.00000000	      0.00000000	      0.00000000	      0.00000000	      0.00000000	      0.00000000	      0.00000000	      0.00000000	      0.00000000	      0.00000000	      0.00000000	      0.00000000	      0.00000000	      0.00000000	      0.00000000	      0.00000000	      0.00000000	      0.00000000	      0.00000000	      0.00000000	      0.00000000	      0.00000000	      0.00000000	      0.00000000	      0.00000000	      0.00000000	      0.00000000	      0.00000000	      0.00000000	      0.00000000	      0.00000000	      0.00000000	     -0.04096990	     -0.04506887	     -0.04308996	     -0.03554932	     -0.03998507	     -0.04095836	      0.01299449	      0.02527077	      0.01667943	     -0.00000000	     -0.03574135	      0.07429969	      0.06777542	      0.07435731	      0.06786157	      0.03799933	     -0.05384898	      0.03927139	      0.06281220	     -0.03209739	     -0.01795716	      0.03796211	      0.00955902	      0.00845252	      0.03320358	     -0.00041785	     -0.03057475	     -0.01471382	     -0.00000000	      0.00000000	      0.00000000	      0.00000000	     -0.00000000	      0.00000000	      0.00000000	     -0.00000000	     -0.00000000	      0.00000000	     -0.00000000	      0.00000000	     -0.00000000	     -0.00000000	     -0.00000000	      0.00000000	      0.00000000	      0.00000000	      0.00000000	      0.00000000	      0.00000000
      2.26800000	      0.00000000	      0.00000000	      0.00000000	      0.00000000	      0.00000000	      0.00000000	      0.00000000	      0.00000000	      0.00000000	      0.00000000	      0.00000000	      0.00000000	      0.00000000	      0.00000000	      0.00000000	      0.00000000	      0.00000000	      0.00000000	      0.00000000	      0.00000000	      0.00000000	      0.00000000	      0.00000000	      0.00000000	      0.00000000	      0.00000000	      0.00000000	      0.00000000	      0.00000000	      0.00000000	      0.00000000	      0.00000000	      0.00000000	      0.00000000	      0.00000000	      0.00000000	      0.00000000	      0.00000000	      0.00000000	      0.00000000	      0.00000000	      0.00000000	      0.00000000	     -0.04030006	     -0.04463580	     -0.04287828	     -0.03503132	     -0.03960427	     -0.04076842	      0.01303613	      0.02534050	      0.01666249	     -0.00000000	     -0.03609161	      0.07434799	      0.06760632	      0.07418022	      0.06791446	      0.03816257	     -0.05407479	      0.03926599	      0.06305642	     -0.03170398	     -0.01793994	      0.03771242	      0.00992050	      0.00881221	      0.03291265	     -0.00070648	     -0.03072437	     -0.01483590	     -0.00000000	     -0.00000000	     -0.00000000	      0.00000000	      0.00000000	      0.00000000	      0.00000000	      0.00000000	     -0.00000000	      0.00000000	     -0.00000000	      0.00000000	     -0.00000000	     -0.00000000	     -0.00000000	      0.00000000	      0.00000000	      0.00000000	      0.00000000	      0.00000000	      0.00000000
      2.28400000	      0.00000000	      0.00000000	      0.00000000	      0.00000000	      0.00000000	      0.00000000	      0.00000000	      0.00000000	      0.00000000	      0.00000000	      0.00000000	      0.00000000	      0.00000000	      0.00000000	      0.00000000	      0.00000000	      0.00000000	      0.00000000	      0.00000000	      0.00000000	      0.00000000	      0.00000000	      0.00000000	      0.00000000	      0.00000000	      0.00000000	      0.00000000	      0.00000000	      0.00000000	      0.00000000	      0.00000000	      0.00000000	      0.00000000	      0.00000000	      0.00000000	      0.00000000	      0.00000000	      0.00000000	      0.00000000	      0.00000000	      0.00000000	      0.00000000	      0.00000000	     -0.03970578	     -0.04421491	     -0.04260976	     -0.03460518	     -0.03927810	     -0.04059360	      0.01310095	      0.02544806	      0.01670363	     -0.00000000	     -0.03644445	      0.07431551	      0.06740574	      0.07406898	      0.06805487	      0.03837638	     -0.05439908	      0.03917926	      0.06335204	     -0.03123162	     -0.01784795	      0.03761822	      0.01023641	      0.00913641	      0.03279143	     -0.00084986	     -0.03080757	     -0.01498901	     -0.00000000	     -0.00000000	      0.00000000	     -0.00000000	     -0.00000000	     -0.00000000	     -0.00000000	      0.00000000	     -0.00000000	      0.00000000	     -0.00000000	     -0.00000000	     -0.00000000	      0.00000000	     -0.00000000	      0.00000000	      0.00000000	      0.00000000	      0.00000000	      0.00000000	      0.00000000
      2.30000000	      0.00000000	      0.00000000	      0.00000000	      0.00000000	      0.00000000	      0.00000000	      0.00000000	      0.00000000	      0.00000000	      0.00000000	      0.00000000	      0.00000000	      0.00000000	      0.00000000	      0.00000000	      0.00000000	      0.00000000	      0.00000000	      0.00000000	      0.00000000	      0.00000000	      0.00000000	      0.00000000	      0.00000000	      0.00000000	      0.00000000	      0.00000000	      0.00000000	      0.00000000	      0.00000000	      0.00000000	      0.00000000	      0.00000000	      0.00000000	      0.00000000	      0.00000000	      0.00000000	      0.00000000	      0.00000000	      0.00000000	      0.00000000	      0.00000000	      0.00000000	     -0.03922494	     -0.04383597	     -0.04231173	     -0.03429334	     -0.03902486	     -0.04044388	      0.01318410	      0.02558325	      0.01679356	      0.00000000	     -0.03677033	      0.07421472	      0.06719758	      0.07402348	      0.06825669	      0.03861699	     -0.05477797	      0.03903190	      0.06366868	     -0.03072917	     -0.01769921	      0.03766636	      0.01047574	      0.00939145	      0.03282518	     -0.00085541	     -0.03082435	     -0.01515854	      0.00000000	     -0.00000000	      0.00000000	     -0.00000000	      0.00000000	      0.00000000	     -0.00000000	      0.00000000	      0.00000000	      0.00000000	     -0.00000000	      0.00000000	     -0.00000000	     -0.00000000	      0.00000000	      0.00000000	      0.00000000	      0.00000000	      0.00000000	      0.00000000	      0.00000000
      2.31600000	      0.00000000	      0.00000000	      0.00000000	      0.00000000	      0.00000000	      0.00000000	      0.00000000	      0.00000000	      0.00000000	      0.00000000	      0.00000000	      0.00000000	      0.00000000	      0.00000000	      0.00000000	      0.00000000	      0.00000000	      0.00000000	      0.00000000	      0.00000000	      0.00000000	      0.00000000	      0.00000000	      0.00000000	      0.00000000	      0.00000000	      0.00000000	      0.00000000	      0.00000000	      0.00000000	      0.00000000	      0.00000000	      0.00000000	      0.00000000	      0.00000000	      0.00000000	      0.00000000	      0.00000000	      0.00000000	      0.00000000	      0.00000000	      0.00000000	      0.00000000	     -0.03891372	     -0.04355747	     -0.04204253	     -0.03413069	     -0.03888033	     -0.04034915	      0.01328707	      0.02573953	      0.01692429	      0.00000000	     -0.03704819	      0.07406112	      0.06700016	      0.07403661	      0.06849622	      0.03886560	     -0.05517565	      0.03884537	      0.06398402	     -0.03028259	     -0.01753148	      0.03783542	      0.01062164	      0.00955734	      0.03298527	     -0.00073724	     -0.03078903	     -0.01533040	     -0.00000000	     -0.00000000	      0.00000000	     -0.00000000	      0.00000000	      0.00000000	     -0.00000000	      0.00000000	     -0.00000000	     -0.00000000	     -0.00000000	     -0.00000000	     -0.00000000	     -0.00000000	     -0.00000000	      0.00000000	      0.00000000	      0.00000000	      0.00000000	      0.00000000	      0.00000000
      2.33200000	      0.00000000	      0.00000000	      0.00000000	      0.00000000	      0.00000000	      0.00000000	      0.00000000	      0.00000000	      0.00000000	      0.00000000	      0.00000000	      0.00000000	      0.00000000	      0.00000000	      0.00000000	      0.00000000	      0.00000000	      0.00000000	      0.00000000	      0.00000000	      0.00000000	      0.00000000	      0.00000000	      0.00000000	      0.00000000	      0.00000000	      0.00000000	      0.00000000	      0.00000000	      0.00000000	      0.00000000	      0.00000000	      0.00000000	      0.00000000	      0.00000000	      0.00000000	      0.00000000	      0.00000000	      0.00000000	      0.00000000	      0.00000000	      0.00000000	      0.00000000	     -0.03883432	     -0.04345451	     -0.04188030	     -0.03415610	     -0.03888933	     -0.04035284	      0.01339450	      0.02591353	      0.01708910	      0.00000000	     -0.03726863	      0.07387085	      0.06682298	      0.07409495	      0.06875468	      0.03911016	     -0.05556937	      0.03863858	      0.06422032	     -0.02999798	     -0.01739484	      0.03809713	      0.01067523	      0.00963218	      0.03323338	     -0.00051606	     -0.03072856	     -0.01549291	      0.00000000	      0.00000000	     -0.00000000	     -0.00000000	      0.00000000	      0.00000000	     -0.00000000	      0.00000000	      0.00000000	     -0.00000000	      0.00000000	     -0.00000000	     -0.00000000	      0.00000000	     -0.00000000	      0.00000000	      0.00000000	      0.00000000	      0.00000000	      0.00000000	      0.00000000
      2.34800000	      0.00000000	      0.00000000	      0.00000000	      0.00000000	      0.00000000	      0.00000000	      0.00000000	      0.00000000	      0.00000000	      0.00000000	      0.00000000	      0.00000000	      0.00000000	      0.00000000	      0.00000000	      0.00000000	      0.00000000	      0.00000000	      0.00000000	      0.00000000	      0.00000000	      0.00000000	      0.00000000	      0.00000000	      0.00000000	      0.00000000	      0.00000000	      0.00000000	      0.00000000	      0.00000000	      0.00000000	      0.00000000	      0.00000000	      0.00000000	      0.00000000	      0.00000000	      0.00000000	      0.00000000	      0.00000000	      0.00000000	      0.00000000	      0.00000000	      0.00000000	     -0.03903479	     -0.04359404	     -0.04189826	     -0.03439745	     -0.03908875	     -0.04049512	      0.01351375	      0.02609130	      0.01728154	     -0.00000000	     -0.03743395	      0.07365942	      0.06666730	      0.07418055	      0.06901753	      0.03934448	     -0.05594614	      0.03842680	      0.06447260	     -0.02997144	     -0.01733714	      0.03841867	      0.01065318	      0.00963025	      0.03352691	     -0.00021922	     -0.03067378	     -0.01563881	      0.00000000	     -0.00000000	     -0.00000000	      0.00000000	     -0.00000000	     -0.00000000	      0.00000000	      0.00000000	     -0.00000000	      0.00000000	     -0.00000000	     -0.00000000	     -0.00000000	      0.00000000	      0.00000000	      0.00000000	      0.00000000	      0.00000000	      0.00000000	      0.00000000	      0.00000000
      2.36400000	      0.00000000	      0.00000000	      0.00000000	      0.00000000	      0.00000000	      0.00000000	      0.00000000	      0.00000000	      0.00000000	      0.00000000	      0.00000000	      0.00000000	      0.00000000	      0.00000000	      0.00000000	      0.00000000	      0.00000000	      0.00000000	      0.00000000	      0.00000000	      0.00000000	      0.00000000	      0.00000000	      0.00000000	      0.00000000	      0.00000000	      0.00000000	      0.00000000	      0.00000000	      0.00000000	      0.00000000	      0.00000000	      0.00000000	      0.00000000	      0.00000000	      0.00000000	      0.00000000	      0.00000000	      0.00000000	      0.00000000	      0.00000000	      0.00000000	      0.00000000	     -0.03952666	     -0.04400575	     -0.04213594	     -0.03485459	     -0.03948754	     -0.04079234	      0.01364305	      0.02628643	      0.01749308	     -0.00000000	     -0.03755419	      0.07344277	      0.06653057	      0.07427362	      0.06927116	      0.03956442	     -0.05629291	      0.03822341	      0.06471403	     -0.03025633	     -0.01738841	      0.03876352	      0.01058132	      0.00957563	      0.03382366	      0.00011873	     -0.03064792	     -0.01576498	     -0.00000000	     -0.00000000	     -0.00000000	     -0.00000000	      0.00000000	      0.00000000	      0.00000000	     -0.00000000	     -0.00000000	     -0.00000000	      0.00000000	     -0.00000000	      0.00000000	     -0.00000000	     -0.00000000	      0.00000000	      0.00000000	      0.00000000	      0.00000000	      0.00000000	      0.00000000
      2.38000000	      0.00000000	      0.00000000	      0.00000000	      0.00000000	      0.00000000	      0.00000000	      0.00000000	      0.00000000	      0.00000000	      0.00000000	      0.00000000	      0.00000000	      0.00000000	      0.00000000	      0.00000000	      0.00000000	      0.00000000	      0.00000000	      0.00000000	      0.00000000	      0.00000000	      0.00000000	      0.00000000	      0.00000000	      0.00000000	      0.00000000	      0.00000000	      0.00000000	      0.00000000	      0.00000000	      0.00000000	      0.00000000	      0.00000000	      0.00000000	      0.00000000	      0.00000000	      0.00000000	      0.00000000	      0.00000000	      0.00000000	      0.00000000	      0.00000000	      0.00000000	     -0.04026760	     -0.04466032	     -0.04257913	     -0.03548617	     -0.04005177	     -0.04122179	      0.01377600	      0.02648791	      0.01770849	      0.00000000	     -0.03763971	      0.07323984	      0.06641284	      0.07435594	      0.06949862	      0.03976208	     -0.05658684	      0.03804319	      0.06494436	     -0.03083957	     -0.01755084	      0.03909075	      0.01048710	      0.00949462	      0.03408483	      0.00045619	     -0.03065895	     -0.01586691	     -0.00000000	      0.00000000	      0.00000000	      0.00000000	     -0.00000000	      0.00000000	     -0.00000000	      0.00000000	      0.00000000	      0.00000000	     -0.00000000	     -0.00000000	     -0.00000000	      0.00000000	      0.00000000	      0.00000000	      0.00000000	      0.00000000	      0.00000000	      0.00000000	      0.00000000
      2.39600000	      0.00000000	      0.00000000	      0.00000000	      0.00000000	      0.00000000	      0.00000000	      0.00000000	      0.00000000	      0.00000000	      0.00000000	      0.00000000	      0.00000000	      0.00000000	      0.00000000	      0.00000000	      0.00000000	      0.00000000	      0.00000000	      0.00000000	      0.00000000	      0.00000000	      0.00000000	      0.00000000	      0.00000000	      0.00000000	      0.00000000	      0.00000000	      0.00000000	      0.00000000	      0.00000000	      0.00000000	      0.00000000	      0.00000000	      0.00000000	      0.00000000	      0.00000000	      0.00000000	      0.00000000	      0.00000000	      0.00000000	      0.00000000	      0.00000000	      0.00000000	     -0.04115609	     -0.04546417	     -0.04315760	     -0.03620600	     -0.04070154	     -0.04171964	      0.01389761	      0.02667410	      0.01790166	      0.00000000	     -0.03769252	      0.07307457	      0.06632215	      0.07441451	      0.06967697	      0.03992040	     -0.05679235	      0.03790495	      0.06514384	     -0.03163543	     -0.01779811	      0.03935542	      0.01039315	      0.00940890	      0.03427745	      0.00074730	     -0.03069993	     -0.01593191	      0.00000000	      0.00000000	      0.00000000	      0.00000000	      0.00000000	      0.00000000	      0.00000000	      0.00000000	     -0.00000000	      0.00000000	     -0.00000000	      0.00000000	      0.00000000	      0.00000000	     -0.00000000	      0.00000000	      0.00000000	      0.00000000	      0.00000000	      0.00000000	      0.00000000
      2.41200000	      0.00000000	      0.00000000	      0.00000000	      0.00000000	      0.00000000	      0.00000000	      0.00000000	      0.00000000	      0.00000000	      0.00000000	      0.00000000	      0.00000000	      0.00000000	      0.00000000	      0.00000000	      0.00000000	      0.00000000	      0.00000000	      0.00000000	      0.00000000	      0.00000000	      0.00000000	      0.00000000	      0.00000000	      0.00000000	      0.00000000	      0.00000000	      0.00000000	      0.00000000	      0.00000000	      0.00000000	      0.00000000	      0.00000000	      0.00000000	      0.00000000	      0.00000000	      0.00000000	      0.00000000	      0.00000000	      0.00000000	      0.00000000	      0.00000000	      0.00000000	     -0.04204303	     -0.04627457	     -0.04376184	     -0.03689334	     -0.04132324	     -0.04219405	      0.01398489	      0.02681054	      0.01803753	     -0.00000000	     -0.03770043	      0.07297477	      0.06627602	      0.07444436	      0.06977836	      0.04001149	     -0.05686799	      0.03783125	      0.06527647	     -0.03250037	     -0.01808364	      0.03951336	      0.01031280	      0.00933093	      0.03437731	      0.00094824	     -0.03075602	     -0.01594483	      0.00000000	      0.00000000	     -0.00000000	      0.00000000	     -0.00000000	      0.00000000	      0.00000000	     -0.00000000	      0.00000000	      0.00000000	     -0.00000000	      0.00000000	     -0.00000000	     -0.00000000	      0.00000000	      0.00000000	      0.00000000	      0.00000000	      0.00000000	      0.00000000	      0.00000000
      2.42800000	      0.00000000	      0.00000000	      0.00000000	      0.00000000	      0.00000000	      0.00000000	      0.00000000	      0.00000000	      0.00000000	      0.00000000	      0.00000000	      0.00000000	      0.00000000	      0.00000000	      0.00000000	      0.00000000	      0.00000000	      0.00000000	      0.00000000	      0.00000000	      0.00000000	      0.00000000	      0.00000000	      0.00000000	      0.00000000	      0.00000000	      0.00000000	      0.00000000	      0.00000000	      0.00000000	      0.00000000	      0.00000000	      0.00000000	      0.00000000	      0.00000000	      0.00000000	      0.00000000	      0.00000000	      0.00000000	      0.00000000	      0.00000000	      0.00000000	      0.00000000	     -0.04276190	     -0.04693268	     -0.04427219	     -0.03741763	     -0.04179551	     -0.04254909	      0.01401204	      0.02685741	      0.01807976	     -0.00000000	     -0.03763865	      0.07296653	      0.06629748	      0.07444878	      0.06977509	      0.04000158	     -0.05677977	      0.03784411	      0.06529833	     -0.03326622	     -0.01835319	      0.03953138	      0.01024805	      0.00926186	      0.03437254	      0.00102565	     -0.03081221	     -0.01589358	     -0.00000000	      0.00000000	      0.00000000	     -0.00000000	      0.00000000	     -0.00000000	     -0.00000000	     -0.00000000	     -0.00000000	      0.00000000	      0.00000000	     -0.00000000	     -0.00000000	     -0.00000000	     -0.00000000	      0.00000000	      0.00000000	      0.00000000	      0.00000000	      0.00000000	      0.00000000
      2.44400000	      0.00000000	      0.00000000	      0.00000000	      0.00000000	      0.00000000	      0.00000000	      0.00000000	      0.00000000	      0.00000000	      0.00000000	      0.00000000	      0.00000000	      0.00000000	      0.00000000	      0.00000000	      0.00000000	      0.00000000	      0.00000000	      0.00000000	      0.00000000	      0.00000000	      0.00000000	      0.00000000	      0.00000000	      0.00000000	      0.00000000	      0.00000000	      0.00000000	      0.00000000	      0.00000000	      0.00000000	      0.00000000	      0.00000000	      0.00000000	      0.00000000	      0.00000000	      0.00000000	      0.00000000	      0.00000000	      0.00000000	      0.00000000	      0.00000000	      0.00000000	     -0.04317122	     -0.04730490	     -0.04458924	     -0.03767211	     -0.04202105	     -0.04271004	      0.01395931	      0.02678281	      0.01800254	     -0.00000000	     -0.03748079	      0.07306539	      0.06640631	      0.07443596	      0.06964712	      0.03986280	     -0.05651308	      0.03795771	      0.06516929	     -0.03378323	     -0.01855636	      0.03939858	      0.01019027	      0.00919262	      0.03426515	      0.00096360	     -0.03085651	     -0.01577229	      0.00000000	     -0.00000000	     -0.00000000	      0.00000000	     -0.00000000	      0.00000000	      0.00000000	     -0.00000000	      0.00000000	      0.00000000	      0.00000000	      0.00000000	      0.00000000	     -0.00000000	     -0.00000000	      0.00000000	      0.00000000	      0.00000000	      0.00000000	      0.00000000	      0.00000000
      2.46000000	      0.00000000	      0.00000000	      0.00000000	      0.00000000	      0.00000000	      0.00000000	      0.00000000	      0.00000000	      0.00000000	      0.00000000	      0.00000000	      0.00000000	      0.00000000	      0.00000000	      0.00000000	      0.00000000	      0.00000000	      0.00000000	      0.00000000	      0.00000000	      0.00000000	      0.00000000	      0.00000000	      0.00000000	      0.00000000	      0.00000000	      0.00000000	      0.00000000	      0.00000000	      0.00000000	      0.00000000	      0.00000000	      0.00000000	      0.00000000	      0.00000000	      0.00000000	      0.00000000	      0.00000000	      0.00000000	      0.00000000	      0.00000000	      0.00000000	      0.00000000	     -0.04319578	     -0.04731903	     -0.04465663	     -0.03760481	     -0.04195301	     -0.04264106	      0.01382266	      0.02657707	      0.01780205	      0.00000000	     -0.03721485	      0.07326854	      0.06660919	      0.07441319	      0.06938912	      0.03958681	     -0.05607725	      0.03817128	      0.06486758	     -0.03396040	     -0.01865541	      0.03913149	      0.01012405	      0.00910796	      0.03406864	      0.00076604	     -0.03087877	     -0.01558479	      0.00000000	      0.00000000	     -0.00000000	      0.00000000	      0.00000000	     -0.00000000	      0.00000000	      0.00000000	      0.00000000	      0.00000000	     -0.00000000	     -0.00000000	      0.00000000	      0.00000000	     -0.00000000	      0.00000000	      0.00000000	      0.00000000	      0.00000000	      0.00000000	      0.00000000
      2.47600000	      0.00000000	      0.00000000	      0.00000000	      0.00000000	      0.00000000	      0.00000000	      0.00000000	      0.00000000	      0.00000000	      0.00000000	      0.00000000	      0.00000000	      0.00000000	      0.00000000	      0.00000000	      0.00000000	      0.00000000	      0.00000000	      0.00000000	      0.00000000	      0.00000000	      0.00000000	      0.00000000	      0.00000000	      0.00000000	      0.00000000	      0.00000000	      0.00000000	      0.00000000	      0.00000000	      0.00000000	      0.00000000	      0.00000000	      0.00000000	      0.00000000	      0.00000000	      0.00000000	      0.00000000	      0.00000000	      0.00000000	      0.00000000	      0.00000000	      0.00000000	     -0.04285115	     -0.04698516	     -0.04447371	     -0.03723570	     -0.04160825	     -0.04235297	      0.01361842	      0.02626074	      0.01750119	     -0.00000000	     -0.03685458	      0.07355257	      0.06689394	      0.07438251	      0.06901469	      0.03919311	     -0.05550281	      0.03846641	      0.06440186	     -0.03379175	     -0.01863379	      0.03876965	      0.01003345	      0.00899288	      0.03380295	      0.00045534	     -0.03086981	     -0.01534616	      0.00000000	     -0.00000000	     -0.00000000	     -0.00000000	     -0.00000000	     -0.00000000	     -0.00000000	     -0.00000000	     -0.00000000	     -0.00000000	     -0.00000000	     -0.00000000	      0.00000000	     -0.00000000	     -0.00000000	      0.00000000	      0.00000000	      0.00000000	      0.00000000	      0.00000000	      0.00000000
      2.49200000	      0.00000000	      0.00000000	      0.00000000	      0.00000000	      0.00000000	      0.00000000	      0.00000000	      0.00000000	      0.00000000	      0.00000000	      0.00000000	      0.00000000	      0.00000000	      0.00000000	      0.00000000	      0.00000000	      0.00000000	      0.00000000	      0.00000000	      0.00000000	      0.00000000	      0.00000000	      0.00000000	      0.00000000	      0.00000000	      0.00000000	      0.00000000	      0.00000000	      0.00000000	      0.00000000	      0.00000000	      0.00000000	      0.00000000	      0.00000000	      0.00000000	      0.00000000	      0.00000000	      0.00000000	      0.00000000	      0.00000000	      0.00000000	      0.00000000	      0.00000000	     -0.04224275	     -0.04639666	     -0.04409931	     -0.03665416	     -0.04106564	     -0.04190337	      0.01337949	      0.02588076	      0.01714465	     -0.00000000	     -0.03643858	      0.07387884	      0.06723061	      0.07434075	      0.06855673	      0.03872672	     -0.05483706	      0.03881044	      0.06381574	     -0.03336228	     -0.01850548	      0.03836396	      0.00990908	      0.00883963	      0.03349061	      0.00006900	     -0.03082578	     -0.01508080	     -0.00000000	      0.00000000	      0.00000000	      0.00000000	      0.00000000	      0.00000000	     -0.00000000	     -0.00000000	     -0.00000000	     -0.00000000	     -0.00000000	      0.00000000	     -0.00000000	     -0.00000000	     -0.00000000	      0.00000000	      0.00000000	      0.00000000	      0.00000000	      0.00000000	      0.00000000
