ISO-10303-21;
HEADER;
FILE_DESCRIPTION (( 'STEP AP203' ),
    '1' );
FILE_NAME ('03_01_FB_R_004_ribLink_Default_sldprt.STEP',
    '2026-09-12T21:34:52',
    ( '' ),
    ( '' ),
    'SwSTEP 2.0',
    'SolidWorks 2025',
    '' );
FILE_SCHEMA (( 'CONFIG_CONTROL_DESIGN' ));
ENDSEC;

DATA;
#1 = CARTESIAN_POINT ( 'NONE',  ( -5.700000000000003730, 29.70000000000008811, -3.000000000000000000 ) ) ;
#2 = CIRCLE ( 'NONE', #217, 1.000000000000000888 ) ;
#3 = AXIS2_PLACEMENT_3D ( 'NONE', #317, #284, #805 ) ;
#4 = EDGE_LOOP ( 'NONE', ( #1673, #58, #140, #1481 ) ) ;
#5 = DIRECTION ( 'NONE',  ( -0.000000000000000000, -0.000000000000000000, 1.000000000000000000 ) ) ;
#6 = DIRECTION ( 'NONE',  ( 0.000000000000000000, 0.000000000000000000, -1.000000000000000000 ) ) ;
#7 = VECTOR ( 'NONE', #1618, 1000.000000000000000 ) ;
#8 = CIRCLE ( 'NONE', #1286, 1.000000000000000000 ) ;
#9 = ADVANCED_FACE ( 'NONE', ( #1367 ), #984, .T. ) ;
#10 = FACE_OUTER_BOUND ( 'NONE', #399, .T. ) ;
#11 = AXIS2_PLACEMENT_3D ( 'NONE', #1338, #965, #1490 ) ;
#12 = VERTEX_POINT ( 'NONE', #585 ) ;
#13 = VERTEX_POINT ( 'NONE', #309 ) ;
#14 = ORIENTED_EDGE ( 'NONE', *, *, #720, .T. ) ;
#15 = FACE_OUTER_BOUND ( 'NONE', #194, .T. ) ;
#16 = FACE_OUTER_BOUND ( 'NONE', #503, .T. ) ;
#17 = FACE_OUTER_BOUND ( 'NONE', #1532, .T. ) ;
#18 = ORIENTED_EDGE ( 'NONE', *, *, #465, .T. ) ;
#19 = ADVANCED_FACE ( 'NONE', ( #830 ), #206, .T. ) ;
#20 = ORIENTED_EDGE ( 'NONE', *, *, #1129, .T. ) ;
#21 = DIRECTION ( 'NONE',  ( 1.000000000000000000, 0.000000000000000000, 0.000000000000000000 ) ) ;
#22 = DIRECTION ( 'NONE',  ( -0.000000000000000000, 0.000000000000000000, 1.000000000000000000 ) ) ;
#23 = DIRECTION ( 'NONE',  ( 0.000000000000000000, 0.000000000000000000, -1.000000000000000000 ) ) ;
#24 = CARTESIAN_POINT ( 'NONE',  ( 5.700000000000007283, 15.70000000000015561, -3.000000000000000000 ) ) ;
#25 = ORIENTED_EDGE ( 'NONE', *, *, #671, .F. ) ;
#26 = EDGE_LOOP ( 'NONE', ( #895, #239, #1407, #1308 ) ) ;
#27 = EDGE_CURVE ( 'NONE', #1082, #1101, #1591, .T. ) ;
#28 = LINE ( 'NONE', #459, #1382 ) ;
#29 = FACE_OUTER_BOUND ( 'NONE', #632, .T. ) ;
#30 = AXIS2_PLACEMENT_3D ( 'NONE', #966, #1484, #1668 ) ;
#31 = CIRCLE ( 'NONE', #1004, 1.000000000000000000 ) ;
#32 = CYLINDRICAL_SURFACE ( 'NONE', #1603, 1.000000000000000888 ) ;
#33 = ORIENTED_EDGE ( 'NONE', *, *, #1480, .T. ) ;
#34 = VECTOR ( 'NONE', #1239, 1000.000000000000000 ) ;
#35 = AXIS2_PLACEMENT_3D ( 'NONE', #975, #1206, #717 ) ;
#36 = AXIS2_PLACEMENT_3D ( 'NONE', #842, #1594, #571 ) ;
#37 = ORIENTED_EDGE ( 'NONE', *, *, #249, .F. ) ;
#38 = EDGE_CURVE ( 'NONE', #1322, #303, #316, .T. ) ;
#39 = ORIENTED_EDGE ( 'NONE', *, *, #628, .T. ) ;
#40 = CARTESIAN_POINT ( 'NONE',  ( 5.700000000000007283, 25.70000000000008811, -4.000000000000000000 ) ) ;
#41 = DIRECTION ( 'NONE',  ( -1.000000000000000000, 0.000000000000000000, 0.000000000000000000 ) ) ;
#42 = ORIENTED_EDGE ( 'NONE', *, *, #1033, .T. ) ;
#43 = EDGE_CURVE ( 'NONE', #1340, #489, #299, .T. ) ;
#44 = ORIENTED_EDGE ( 'NONE', *, *, #1488, .T. ) ;
#45 = DIRECTION ( 'NONE',  ( 0.000000000000000000, 0.000000000000000000, 1.000000000000000000 ) ) ;
#46 = ADVANCED_FACE ( 'NONE', ( #1223 ), #572, .F. ) ;
#47 = FACE_OUTER_BOUND ( 'NONE', #152, .T. ) ;
#48 = ORIENTED_EDGE ( 'NONE', *, *, #516, .F. ) ;
#49 = ORIENTED_EDGE ( 'NONE', *, *, #921, .T. ) ;
#50 = CARTESIAN_POINT ( 'NONE',  ( -3.199999999999956213, 1.110223024625156540E-13, 0.4999999999999935052 ) ) ;
#51 = ORIENTED_EDGE ( 'NONE', *, *, #540, .T. ) ;
#52 = CARTESIAN_POINT ( 'NONE',  ( 9.700000000000006395, 25.70000000000008811, -3.000000000000000000 ) ) ;
#53 = DIRECTION ( 'NONE',  ( -1.150347132610615279E-16, 1.000000000000000000, -0.000000000000000000 ) ) ;
#54 = ORIENTED_EDGE ( 'NONE', *, *, #292, .T. ) ;
#55 = EDGE_CURVE ( 'NONE', #1013, #1271, #1633, .T. ) ;
#56 = VECTOR ( 'NONE', #449, 1000.000000000000000 ) ;
#57 = CIRCLE ( 'NONE', #300, 1.000000000000000888 ) ;
#58 = ORIENTED_EDGE ( 'NONE', *, *, #374, .F. ) ;
#59 = TOROIDAL_SURFACE ( 'NONE', #1599, 11.69999999999999929, 1.000000000000000000 ) ;
#60 = AXIS2_PLACEMENT_3D ( 'NONE', #1221, #1328, #315 ) ;
#61 = DIRECTION ( 'NONE',  ( -0.7071067811865456854, 0.000000000000000000, -0.7071067811865493491 ) ) ;
#62 = CARTESIAN_POINT ( 'NONE',  ( 11.70000000000000107, 47.70000000000007390, 5.000000000000000000 ) ) ;
#63 = ORIENTED_EDGE ( 'NONE', *, *, #1142, .T. ) ;
#64 = DIRECTION ( 'NONE',  ( 1.000000000000000000, 0.000000000000000000, 0.000000000000000000 ) ) ;
#65 = FACE_OUTER_BOUND ( 'NONE', #1074, .T. ) ;
#66 = ADVANCED_FACE ( 'NONE', ( #1528 ), #504, .F. ) ;
#67 = ORIENTED_EDGE ( 'NONE', *, *, #406, .T. ) ;
#68 = EDGE_CURVE ( 'NONE', #650, #1013, #218, .T. ) ;
#69 = FACE_OUTER_BOUND ( 'NONE', #885, .T. ) ;
#70 = COORDINATED_UNIVERSAL_TIME_OFFSET ( 8, 0, .BEHIND. ) ;
#71 = ORIENTED_EDGE ( 'NONE', *, *, #525, .F. ) ;
#72 = CARTESIAN_POINT ( 'NONE',  ( 12.70000000000000107, 47.70000000000007390, 5.000000000000000000 ) ) ;
#73 = CARTESIAN_POINT ( 'NONE',  ( -5.700000000000005507, 19.70000000000015561, -3.000000000000000000 ) ) ;
#74 = ORIENTED_EDGE ( 'NONE', *, *, #1519, .T. ) ;
#75 = LINE ( 'NONE', #837, #7 ) ;
#76 = EDGE_CURVE ( 'NONE', #133, #1271, #1281, .T. ) ;
#77 =( NAMED_UNIT ( * ) PLANE_ANGLE_UNIT ( ) SI_UNIT ( $, .RADIAN. ) );
#78 = EDGE_LOOP ( 'NONE', ( #92, #25, #987, #499 ) ) ;
#79 = DIRECTION ( 'NONE',  ( 1.150347132610615279E-16, -1.000000000000000000, 0.000000000000000000 ) ) ;
#80 = CARTESIAN_POINT ( 'NONE',  ( 3.199999999999996181, 1.114141894382428141E-13, 4.499999999999998224 ) ) ;
#81 = VECTOR ( 'NONE', #941, 1000.000000000000000 ) ;
#82 = DIRECTION ( 'NONE',  ( 0.000000000000000000, 0.000000000000000000, -1.000000000000000000 ) ) ;
#83 = CIRCLE ( 'NONE', #1553, 3.699999999999981082 ) ;
#84 = LINE ( 'NONE', #478, #329 ) ;
#85 = CIRCLE ( 'NONE', #573, 4.999999999999999112 ) ;
#86 = CC_DESIGN_APPROVAL ( #1022, ( #840 ) ) ;
#87 = ADVANCED_FACE ( 'NONE', ( #881 ), #1128, .T. ) ;
#88 = DATE_AND_TIME ( #1255, #1222 ) ;
#89 = CARTESIAN_POINT ( 'NONE',  ( 1.734723475976807094E-15, 60.40000000000007674, 5.000000000000000000 ) ) ;
#90 = DIRECTION ( 'NONE',  ( 0.000000000000000000, 0.000000000000000000, 1.000000000000000000 ) ) ;
#91 = CARTESIAN_POINT ( 'NONE',  ( 3.700000000000017497, 45.40000000000007674, 0.000000000000000000 ) ) ;
#92 = ORIENTED_EDGE ( 'NONE', *, *, #1162, .T. ) ;
#93 = CARTESIAN_POINT ( 'NONE',  ( -5.700000000000003730, 31.70000000000008811, 0.000000000000000000 ) ) ;
#94 = CARTESIAN_POINT ( 'NONE',  ( -12.69999999999999751, 47.70000000000007390, 1.000000000000000000 ) ) ;
#95 = COORDINATED_UNIVERSAL_TIME_OFFSET ( 8, 0, .BEHIND. ) ;
#96 = DIRECTION ( 'NONE',  ( 0.000000000000000000, 0.000000000000000000, 1.000000000000000000 ) ) ;
#97 = EDGE_CURVE ( 'NONE', #715, #1340, #846, .T. ) ;
#98 = DIRECTION ( 'NONE',  ( 0.000000000000000000, 0.000000000000000000, 1.000000000000000000 ) ) ;
#99 = CARTESIAN_POINT ( 'NONE',  ( 5.700000000000007283, 13.70000000000015561, 0.000000000000000000 ) ) ;
#100 = ORIENTED_EDGE ( 'NONE', *, *, #1167, .T. ) ;
#101 = DIRECTION ( 'NONE',  ( 0.000000000000000000, -0.000000000000000000, -1.000000000000000000 ) ) ;
#102 = CARTESIAN_POINT ( 'NONE',  ( -10.70000000000000639, 19.70000000000015561, -1.000000000000000000 ) ) ;
#103 = VERTEX_POINT ( 'NONE', #1662 ) ;
#104 = FACE_OUTER_BOUND ( 'NONE', #1455, .T. ) ;
#105 = DIRECTION ( 'NONE',  ( 1.000000000000000000, 0.000000000000000000, 0.000000000000000000 ) ) ;
#106 = DIRECTION ( 'NONE',  ( -0.000000000000000000, 1.000000000000000000, 0.000000000000000000 ) ) ;
#107 = VERTEX_POINT ( 'NONE', #753 ) ;
#108 = EDGE_CURVE ( 'NONE', #303, #1209, #682, .T. ) ;
#109 = CARTESIAN_POINT ( 'NONE',  ( -5.700000000000005507, 19.70000000000015561, -1.000000000000000000 ) ) ;
#110 = CIRCLE ( 'NONE', #1118, 12.69999999999999929 ) ;
#111 = CIRCLE ( 'NONE', #1355, 4.000000000000000000 ) ;
#112 = VECTOR ( 'NONE', #1487, 1000.000000000000000 ) ;
#113 = AXIS2_PLACEMENT_3D ( 'NONE', #424, #296, #560 ) ;
#114 = AXIS2_PLACEMENT_3D ( 'NONE', #24, #281, #802 ) ;
#115 = ORIENTED_EDGE ( 'NONE', *, *, #233, .F. ) ;
#116 = CARTESIAN_POINT ( 'NONE',  ( 11.70000000000000107, 47.70000000000007390, 1.000000000000000000 ) ) ;
#117 = AXIS2_PLACEMENT_3D ( 'NONE', #1374, #226, #1516 ) ;
#118 = CYLINDRICAL_SURFACE ( 'NONE', #429, 1.000000000000000888 ) ;
#119 = DIRECTION ( 'NONE',  ( 1.000000000000000000, 0.000000000000000000, 0.000000000000000000 ) ) ;
#120 = EDGE_LOOP ( 'NONE', ( #230, #1419, #849, #886 ) ) ;
#121 = EDGE_CURVE ( 'NONE', #809, #271, #473, .T. ) ;
#122 = EDGE_CURVE ( 'NONE', #445, #1245, #1627, .T. ) ;
#123 = EDGE_LOOP ( 'NONE', ( #263, #1238, #897, #100, #44, #177 ) ) ;
#124 = CARTESIAN_POINT ( 'NONE',  ( 7.212676521468553838E-15, -2.299999999999885247, 4.000000000000000000 ) ) ;
#125 = DIRECTION ( 'NONE',  ( 1.000000000000000000, 0.000000000000000000, 0.000000000000000000 ) ) ;
#126 = DIRECTION ( 'NONE',  ( 0.000000000000000000, -1.000000000000000000, 0.000000000000000000 ) ) ;
#127 = ORIENTED_EDGE ( 'NONE', *, *, #728, .T. ) ;
#128 = EDGE_CURVE ( 'NONE', #700, #306, #164, .T. ) ;
#129 = EDGE_LOOP ( 'NONE', ( #1675, #520, #1564, #524 ) ) ;
#130 = CARTESIAN_POINT ( 'NONE',  ( 5.700000000000007283, 19.70000000000015561, -4.000000000000000000 ) ) ;
#131 = CARTESIAN_POINT ( 'NONE',  ( 5.700000000000007283, 25.70000000000008811, -1.000000000000000000 ) ) ;
#132 = DIRECTION ( 'NONE',  ( 0.000000000000000000, 1.000000000000000000, 0.000000000000000000 ) ) ;
#133 = VERTEX_POINT ( 'NONE', #1016 ) ;
#134 = CC_DESIGN_SECURITY_CLASSIFICATION ( #1086, ( #1489 ) ) ;
#135 = ORIENTED_EDGE ( 'NONE', *, *, #942, .F. ) ;
#136 = TOROIDAL_SURFACE ( 'NONE', #252, 6.000000000000000000, 1.000000000000000000 ) ;
#137 = EDGE_CURVE ( 'NONE', #803, #1224, #431, .T. ) ;
#138 = AXIS2_PLACEMENT_3D ( 'NONE', #1399, #101, #1408 ) ;
#139 = VECTOR ( 'NONE', #610, 1000.000000000000000 ) ;
#140 = ORIENTED_EDGE ( 'NONE', *, *, #1543, .F. ) ;
#141 = DIRECTION ( 'NONE',  ( 0.000000000000000000, 0.000000000000000000, -1.000000000000000000 ) ) ;
#142 = CARTESIAN_POINT ( 'NONE',  ( -5.700000000000003730, 25.70000000000008811, -3.000000000000000000 ) ) ;
#143 = TOROIDAL_SURFACE ( 'NONE', #867, 6.000000000000000000, 1.000000000000000000 ) ;
#144 = VECTOR ( 'NONE', #926, 1000.000000000000000 ) ;
#145 = DIRECTION ( 'NONE',  ( 0.000000000000000000, 0.000000000000000000, 1.000000000000000000 ) ) ;
#146 = FACE_OUTER_BOUND ( 'NONE', #539, .T. ) ;
#147 = ORIENTED_EDGE ( 'NONE', *, *, #1543, .T. ) ;
#148 = ORIENTED_EDGE ( 'NONE', *, *, #1420, .F. ) ;
#149 = DIRECTION ( 'NONE',  ( 0.000000000000000000, -0.000000000000000000, 1.000000000000000000 ) ) ;
#150 = DIRECTION ( 'NONE',  ( 1.000000000000000000, 1.365923996832127665E-16, 2.155768642215146969E-17 ) ) ;
#151 = CARTESIAN_POINT ( 'NONE',  ( -9.700000000000004619, 19.70000000000015561, -4.000000000000000000 ) ) ;
#152 = EDGE_LOOP ( 'NONE', ( #903, #48, #701, #1552 ) ) ;
#153 = ADVANCED_FACE ( 'NONE', ( #104 ), #998, .F. ) ;
#154 = ORIENTED_EDGE ( 'NONE', *, *, #427, .T. ) ;
#155 = DIRECTION ( 'NONE',  ( 0.000000000000000000, -0.000000000000000000, -1.000000000000000000 ) ) ;
#156 = DIRECTION ( 'NONE',  ( 1.000000000000000000, -0.000000000000000000, 0.000000000000000000 ) ) ;
#157 = VERTEX_POINT ( 'NONE', #1636 ) ;
#158 = EDGE_CURVE ( 'NONE', #809, #1053, #1597, .T. ) ;
#159 = ORIENTED_EDGE ( 'NONE', *, *, #173, .F. ) ;
#160 = APPROVAL_PERSON_ORGANIZATION ( #722, #899, #584 ) ;
#161 = CARTESIAN_POINT ( 'NONE',  ( -5.700000000000005507, 15.70000000000015561, -3.000000000000000000 ) ) ;
#162 = AXIS2_PLACEMENT_3D ( 'NONE', #733, #1517, #1395 ) ;
#163 = DIRECTION ( 'NONE',  ( -1.000000000000000000, 0.000000000000000000, 0.000000000000000000 ) ) ;
#164 = CIRCLE ( 'NONE', #1174, 12.69999999999999929 ) ;
#165 = CIRCLE ( 'NONE', #1524, 3.699999999999994849 ) ;
#166 = FACE_BOUND ( 'NONE', #1046, .T. ) ;
#167 = EDGE_LOOP ( 'NONE', ( #266, #439, #1566, #747 ) ) ;
#168 = CIRCLE ( 'NONE', #1497, 12.69999999999999929 ) ;
#169 = AXIS2_PLACEMENT_3D ( 'NONE', #216, #1140, #1651 ) ;
#170 = CONICAL_SURFACE ( 'NONE', #657, 3.699999999999967315, 0.7853981633974456145 ) ;
#171 = ORIENTED_EDGE ( 'NONE', *, *, #698, .T. ) ;
#172 = AXIS2_PLACEMENT_3D ( 'NONE', #1568, #22, #1190 ) ;
#173 = EDGE_CURVE ( 'NONE', #608, #133, #110, .T. ) ;
#174 = ADVANCED_FACE ( 'NONE', ( #761 ), #858, .T. ) ;
#175 = CARTESIAN_POINT ( 'NONE',  ( 10.70000000000000639, 19.70000000000015561, -1.000000000000000000 ) ) ;
#176 = DIRECTION ( 'NONE',  ( -0.000000000000000000, 0.000000000000000000, 1.000000000000000000 ) ) ;
#177 = ORIENTED_EDGE ( 'NONE', *, *, #1155, .T. ) ;
#178 = EDGE_LOOP ( 'NONE', ( #18, #695, #922, #63 ) ) ;
#179 = DIRECTION ( 'NONE',  ( 1.000000000000000000, 0.000000000000000000, 0.000000000000000000 ) ) ;
#180 = VERTEX_POINT ( 'NONE', #1413 ) ;
#181 = ADVANCED_FACE ( 'NONE', ( #256 ), #771, .T. ) ;
#182 = DIRECTION ( 'NONE',  ( -1.000000000000000000, 0.000000000000000000, 0.000000000000000000 ) ) ;
#183 = CARTESIAN_POINT ( 'NONE',  ( 12.69999999999999929, 60.40000000000007674, 1.000000000000000000 ) ) ;
#184 = CARTESIAN_POINT ( 'NONE',  ( 3.199999999999996181, 1.110223024625156540E-13, 4.499999999999998224 ) ) ;
#185 = ORIENTED_EDGE ( 'NONE', *, *, #304, .F. ) ;
#186 = LINE ( 'NONE', #1226, #348 ) ;
#187 = ADVANCED_FACE ( 'NONE', ( #15 ), #1071, .F. ) ;
#188 = LINE ( 'NONE', #62, #769 ) ;
#189 = ORIENTED_EDGE ( 'NONE', *, *, #1342, .F. ) ;
#190 = VECTOR ( 'NONE', #869, 1000.000000000000000 ) ;
#191 = ADVANCED_FACE ( 'NONE', ( #1297 ), #536, .T. ) ;
#192 = FACE_OUTER_BOUND ( 'NONE', #178, .T. ) ;
#193 = AXIS2_PLACEMENT_3D ( 'NONE', #646, #1058, #179 ) ;
#194 = EDGE_LOOP ( 'NONE', ( #1276, #1587, #418, #291 ) ) ;
#195 = TOROIDAL_SURFACE ( 'NONE', #462, 4.000000000000000000, 1.000000000000000000 ) ;
#196 = VECTOR ( 'NONE', #336, 1000.000000000000000 ) ;
#197 = CARTESIAN_POINT ( 'NONE',  ( -5.700000000000005507, 14.70000000000015561, -1.000000000000000000 ) ) ;
#198 = CARTESIAN_POINT ( 'NONE',  ( -5.700000000000005507, 19.70000000000015561, 0.000000000000000000 ) ) ;
#199 = ORIENTED_EDGE ( 'NONE', *, *, #108, .T. ) ;
#200 = CARTESIAN_POINT ( 'NONE',  ( 9.700000000000004619, 19.70000000000015561, -4.000000000000000000 ) ) ;
#201 = FACE_OUTER_BOUND ( 'NONE', #526, .T. ) ;
#202 = ORIENTED_EDGE ( 'NONE', *, *, #590, .T. ) ;
#203 = EDGE_CURVE ( 'NONE', #1289, #944, #542, .T. ) ;
#204 = FACE_OUTER_BOUND ( 'NONE', #908, .T. ) ;
#205 = CALENDAR_DATE ( 2026, 12, 9 ) ;
#206 = CYLINDRICAL_SURFACE ( 'NONE', #1469, 1.000000000000000888 ) ;
#207 = CARTESIAN_POINT ( 'NONE',  ( -9.700000000000004619, 25.70000000000008811, -4.000000000000000000 ) ) ;
#208 = CARTESIAN_POINT ( 'NONE',  ( 0.000000000000000000, 0.000000000000000000, 5.000000000000000000 ) ) ;
#209 = ADVANCED_FACE ( 'NONE', ( #909 ), #1063, .F. ) ;
#210 = CARTESIAN_POINT ( 'NONE',  ( 8.673617379884035472E-15, -14.99999999999988454, 4.000000000000000000 ) ) ;
#211 = DIRECTION ( 'NONE',  ( -0.000000000000000000, 0.000000000000000000, 1.000000000000000000 ) ) ;
#212 = APPROVAL_STATUS ( 'not_yet_approved' ) ;
#213 = CARTESIAN_POINT ( 'NONE',  ( 1.734723475976807094E-15, 47.70000000000007390, 1.000000000000000000 ) ) ;
#214 = EDGE_CURVE ( 'NONE', #103, #283, #923, .T. ) ;
#215 = CARTESIAN_POINT ( 'NONE',  ( -9.700000000000004619, 25.70000000000008811, -4.000000000000000000 ) ) ;
#216 = CARTESIAN_POINT ( 'NONE',  ( 1.561251128379126385E-14, 45.40000000000007674, 4.500000000000009770 ) ) ;
#217 = AXIS2_PLACEMENT_3D ( 'NONE', #801, #279, #821 ) ;
#218 = CIRCLE ( 'NONE', #1410, 1.000000000000000000 ) ;
#219 = CONICAL_SURFACE ( 'NONE', #1498, 3.700000000000001954, 0.7853981633974380649 ) ;
#220 = LINE ( 'NONE', #1236, #735 ) ;
#221 = CIRCLE ( 'NONE', #1204, 11.69999999999999929 ) ;
#222 = CYLINDRICAL_SURFACE ( 'NONE', #627, 5.000000000000000000 ) ;
#223 = CIRCLE ( 'NONE', #169, 3.200000000000002398 ) ;
#224 = ADVANCED_FACE ( 'NONE', ( #696 ), #435, .T. ) ;
#225 = PERSON_AND_ORGANIZATION_ROLE ( 'creator' ) ;
#226 = DIRECTION ( 'NONE',  ( -0.000000000000000000, 0.000000000000000000, 1.000000000000000000 ) ) ;
#227 = DIRECTION ( 'NONE',  ( 0.000000000000000000, -0.000000000000000000, -1.000000000000000000 ) ) ;
#228 = FACE_OUTER_BOUND ( 'NONE', #1429, .T. ) ;
#229 = CARTESIAN_POINT ( 'NONE',  ( -5.700000000000005507, 13.70000000000015561, -1.000000000000000000 ) ) ;
#230 = ORIENTED_EDGE ( 'NONE', *, *, #320, .F. ) ;
#231 = DIRECTION ( 'NONE',  ( 0.000000000000000000, -1.000000000000000000, 0.000000000000000000 ) ) ;
#232 = DIRECTION ( 'NONE',  ( -1.000000000000000000, 0.000000000000000000, 0.000000000000000000 ) ) ;
#233 = EDGE_CURVE ( 'NONE', #1053, #1296, #57, .T. ) ;
#234 = CARTESIAN_POINT ( 'NONE',  ( 11.70000000000000639, -2.299999999999885247, 1.000000000000000000 ) ) ;
#235 = ORIENTED_EDGE ( 'NONE', *, *, #137, .F. ) ;
#236 = DIRECTION ( 'NONE',  ( -0.000000000000000000, -0.000000000000000000, 1.000000000000000000 ) ) ;
#237 = DIRECTION ( 'NONE',  ( 1.000000000000000000, 0.000000000000000000, 0.000000000000000000 ) ) ;
#238 = CARTESIAN_POINT ( 'NONE',  ( 5.700000000000007283, 29.70000000000008811, -4.000000000000000000 ) ) ;
#239 = ORIENTED_EDGE ( 'NONE', *, *, #1261, .F. ) ;
#240 = ORIENTED_EDGE ( 'NONE', *, *, #1391, .F. ) ;
#241 = DIRECTION ( 'NONE',  ( 1.000000000000000000, 0.000000000000000000, 0.000000000000000000 ) ) ;
#242 = APPROVAL_STATUS ( 'not_yet_approved' ) ;
#243 = ORIENTED_EDGE ( 'NONE', *, *, #76, .F. ) ;
#244 = DIRECTION ( 'NONE',  ( -1.000000000000000000, 0.000000000000000000, 0.000000000000000000 ) ) ;
#245 = EDGE_CURVE ( 'NONE', #1053, #306, #1164, .T. ) ;
#246 = DIRECTION ( 'NONE',  ( -0.000000000000000000, -0.000000000000000000, -1.000000000000000000 ) ) ;
#247 = CARTESIAN_POINT ( 'NONE',  ( 1.994931997373328159E-14, 1.110223024625156540E-13, 5.000000000000000000 ) ) ;
#248 = VERTEX_POINT ( 'NONE', #50 ) ;
#249 = EDGE_CURVE ( 'NONE', #1365, #248, #626, .T. ) ;
#250 = PRODUCT ( '03_01_FB_R_004_ribLink_Default_sldprt', '03_01_FB_R_004_ribLink_Default_sldprt', '', ( #1641 ) ) ;
#251 = AXIS2_PLACEMENT_3D ( 'NONE', #633, #866, #367 ) ;
#252 = AXIS2_PLACEMENT_3D ( 'NONE', #131, #1291, #105 ) ;
#253 = CIRCLE ( 'NONE', #1008, 6.000000000000000000 ) ;
#254 = CONICAL_SURFACE ( 'NONE', #686, 3.700000000000001954, 0.7853981633974380649 ) ;
#255 = ORIENTED_EDGE ( 'NONE', *, *, #855, .T. ) ;
#256 = FACE_OUTER_BOUND ( 'NONE', #911, .T. ) ;
#257 = CARTESIAN_POINT ( 'NONE',  ( 1.734723475976807094E-15, 47.70000000000007390, 0.000000000000000000 ) ) ;
#258 = EDGE_CURVE ( 'NONE', #1527, #928, #1580, .T. ) ;
#259 = EDGE_LOOP ( 'NONE', ( #814, #1461, #1055, #1622 ) ) ;
#260 = CARTESIAN_POINT ( 'NONE',  ( 1.994931997373328159E-14, 1.110223024625156540E-13, 5.000000000000000000 ) ) ;
#261 = DIRECTION ( 'NONE',  ( 1.150347132610615279E-16, -1.000000000000000000, 0.000000000000000000 ) ) ;
#262 = PLANE ( 'NONE',  #1121 ) ;
#263 = ORIENTED_EDGE ( 'NONE', *, *, #1576, .T. ) ;
#264 = ORIENTED_EDGE ( 'NONE', *, *, #1155, .F. ) ;
#265 = ADVANCED_FACE ( 'NONE', ( #1050 ), #521, .T. ) ;
#266 = ORIENTED_EDGE ( 'NONE', *, *, #1391, .T. ) ;
#267 = LINE ( 'NONE', #1181, #1334 ) ;
#268 = CARTESIAN_POINT ( 'NONE',  ( 1.713165789554655437E-15, 59.40000000000007674, 4.000000000000000000 ) ) ;
#269 = CARTESIAN_POINT ( 'NONE',  ( 3.699999999999987299, 1.114754217782001564E-13, 0.000000000000000000 ) ) ;
#270 = CARTESIAN_POINT ( 'NONE',  ( -11.70000000000000639, 25.70000000000008811, -1.000000000000000000 ) ) ;
#271 = VERTEX_POINT ( 'NONE', #1577 ) ;
#272 = EDGE_LOOP ( 'NONE', ( #1541, #852, #1595, #276 ) ) ;
#273 = DIRECTION ( 'NONE',  ( -0.7071067811865493491, 8.659560562354955045E-17, 0.7071067811865456854 ) ) ;
#274 = EDGE_CURVE ( 'NONE', #13, #489, #83, .T. ) ;
#275 = VECTOR ( 'NONE', #1017, 1000.000000000000000 ) ;
#276 = ORIENTED_EDGE ( 'NONE', *, *, #1653, .F. ) ;
#277 = EDGE_CURVE ( 'NONE', #700, #760, #819, .T. ) ;
#278 = CARTESIAN_POINT ( 'NONE',  ( 8.673617379884035472E-15, -14.99999999999988454, 5.000000000000000000 ) ) ;
#279 = DIRECTION ( 'NONE',  ( 1.000000000000000000, 1.150347132610613307E-16, -0.000000000000000000 ) ) ;
#280 = VECTOR ( 'NONE', #734, 1000.000000000000000 ) ;
#281 = DIRECTION ( 'NONE',  ( 1.000000000000000000, 0.000000000000000000, 0.000000000000000000 ) ) ;
#282 = ORIENTED_EDGE ( 'NONE', *, *, #971, .T. ) ;
#283 = VERTEX_POINT ( 'NONE', #1347 ) ;
#284 = DIRECTION ( 'NONE',  ( 1.000000000000000000, -1.084202172485509241E-16, 0.000000000000000000 ) ) ;
#285 = DIRECTION ( 'NONE',  ( 0.000000000000000000, 1.000000000000000000, 0.000000000000000000 ) ) ;
#286 = EDGE_CURVE ( 'NONE', #963, #107, #253, .T. ) ;
#287 = ORIENTED_EDGE ( 'NONE', *, *, #1404, .F. ) ;
#288 = EDGE_LOOP ( 'NONE', ( #719, #1193, #135, #707 ) ) ;
#289 = CARTESIAN_POINT ( 'NONE',  ( 5.700000000000007283, 30.70000000000008811, -3.000000000000000000 ) ) ;
#290 = DIRECTION ( 'NONE',  ( 1.000000000000000000, 0.000000000000000000, 0.000000000000000000 ) ) ;
#291 = ORIENTED_EDGE ( 'NONE', *, *, #628, .F. ) ;
#292 = EDGE_CURVE ( 'NONE', #1296, #12, #221, .T. ) ;
#293 = ORIENTED_EDGE ( 'NONE', *, *, #808, .F. ) ;
#294 = EDGE_CURVE ( 'NONE', #1340, #715, #979, .T. ) ;
#295 = CIRCLE ( 'NONE', #865, 3.200000000000002398 ) ;
#296 = DIRECTION ( 'NONE',  ( 1.000000000000000000, -2.155768642215164226E-17, 0.000000000000000000 ) ) ;
#297 = CIRCLE ( 'NONE', #768, 1.000000000000000000 ) ;
#298 = DIRECTION ( 'NONE',  ( -0.000000000000000000, 0.000000000000000000, 1.000000000000000000 ) ) ;
#299 = LINE ( 'NONE', #184, #731 ) ;
#300 = AXIS2_PLACEMENT_3D ( 'NONE', #1032, #150, #1169 ) ;
#301 = CIRCLE ( 'NONE', #36, 11.69999999999999929 ) ;
#302 = ORGANIZATION ( 'UNSPECIFIED', 'UNSPECIFIED', '' ) ;
#303 = VERTEX_POINT ( 'NONE', #915 ) ;
#304 = EDGE_CURVE ( 'NONE', #1245, #1081, #267, .T. ) ;
#305 = DIRECTION ( 'NONE',  ( 0.000000000000000000, 0.000000000000000000, 1.000000000000000000 ) ) ;
#306 = VERTEX_POINT ( 'NONE', #210 ) ;
#307 = DIRECTION ( 'NONE',  ( -1.000000000000000000, 0.000000000000000000, 0.000000000000000000 ) ) ;
#308 = FACE_OUTER_BOUND ( 'NONE', #1434, .T. ) ;
#309 = CARTESIAN_POINT ( 'NONE',  ( -3.699999999999961098, 1.114754217782001817E-13, 5.000000000000000000 ) ) ;
#310 = ORIENTED_EDGE ( 'NONE', *, *, #1025, .T. ) ;
#311 = CARTESIAN_POINT ( 'NONE',  ( 11.70000000000000639, -2.299999999999885247, 4.000000000000000000 ) ) ;
#312 = EDGE_CURVE ( 'NONE', #843, #959, #726, .T. ) ;
#313 = ORIENTED_EDGE ( 'NONE', *, *, #121, .F. ) ;
#314 = CARTESIAN_POINT ( 'NONE',  ( 8.673617379884035472E-15, -14.99999999999988454, 1.000000000000000000 ) ) ;
#315 = DIRECTION ( 'NONE',  ( -1.000000000000000000, 0.000000000000000000, 0.000000000000000000 ) ) ;
#316 = LINE ( 'NONE', #426, #1381 ) ;
#317 = CARTESIAN_POINT ( 'NONE',  ( -10.70000000000000462, 30.70000000000008811, -4.000000000000000000 ) ) ;
#318 = EDGE_LOOP ( 'NONE', ( #510, #1672, #1317, #1502 ) ) ;
#319 = CARTESIAN_POINT ( 'NONE',  ( 1.713165789554655437E-15, 59.40000000000007674, 0.000000000000000000 ) ) ;
#320 = EDGE_CURVE ( 'NONE', #1104, #103, #460, .T. ) ;
#321 = CARTESIAN_POINT ( 'NONE',  ( 1.994931997373328159E-14, 1.110223024625156540E-13, 5.000000000000000000 ) ) ;
#322 = ORIENTED_EDGE ( 'NONE', *, *, #613, .F. ) ;
#323 = AXIS2_PLACEMENT_3D ( 'NONE', #1642, #344, #891 ) ;
#324 = AXIS2_PLACEMENT_3D ( 'NONE', #1027, #402, #368 ) ;
#325 = CARTESIAN_POINT ( 'NONE',  ( 7.212676521468553838E-15, -2.299999999999885247, 4.000000000000000000 ) ) ;
#326 = CARTESIAN_POINT ( 'NONE',  ( 5.700000000000007283, 31.70000000000008811, -1.000000000000000000 ) ) ;
#327 = VECTOR ( 'NONE', #339, 1000.000000000000000 ) ;
#328 = VERTEX_POINT ( 'NONE', #702 ) ;
#329 = VECTOR ( 'NONE', #602, 1000.000000000000000 ) ;
#330 = VECTOR ( 'NONE', #1137, 1000.000000000000000 ) ;
#331 = DIRECTION ( 'NONE',  ( 1.084202172485509241E-16, 1.000000000000000000, 0.000000000000000000 ) ) ;
#332 = PERSON_AND_ORGANIZATION_ROLE ( 'creator' ) ;
#333 = ORIENTED_EDGE ( 'NONE', *, *, #277, .F. ) ;
#334 = CC_DESIGN_DATE_AND_TIME_ASSIGNMENT ( #1136, #1535, ( #1086 ) ) ;
#335 = LINE ( 'NONE', #72, #327 ) ;
#336 = DIRECTION ( 'NONE',  ( 1.150347132610615279E-16, -1.000000000000000000, 0.000000000000000000 ) ) ;
#337 = CARTESIAN_POINT ( 'NONE',  ( 1.561251128379126385E-14, 45.40000000000007674, 0.000000000000000000 ) ) ;
#338 = DIRECTION ( 'NONE',  ( -1.000000000000000000, -1.150347132610615279E-16, 0.000000000000000000 ) ) ;
#339 = DIRECTION ( 'NONE',  ( -0.000000000000000000, -0.000000000000000000, 1.000000000000000000 ) ) ;
#340 = DIRECTION ( 'NONE',  ( 1.084202172485509241E-16, 1.000000000000000000, -0.000000000000000000 ) ) ;
#341 = ADVANCED_FACE ( 'NONE', ( #988 ), #1253, .F. ) ;
#342 = DIRECTION ( 'NONE',  ( 1.000000000000000000, 0.000000000000000000, 0.000000000000000000 ) ) ;
#343 = FACE_OUTER_BOUND ( 'NONE', #624, .T. ) ;
#344 = DIRECTION ( 'NONE',  ( 0.000000000000000000, 0.000000000000000000, 1.000000000000000000 ) ) ;
#345 = FACE_OUTER_BOUND ( 'NONE', #26, .T. ) ;
#346 = FACE_OUTER_BOUND ( 'NONE', #123, .T. ) ;
#347 = AXIS2_PLACEMENT_3D ( 'NONE', #1405, #1274, #261 ) ;
#348 = VECTOR ( 'NONE', #61, 1000.000000000000114 ) ;
#349 = AXIS2_PLACEMENT_3D ( 'NONE', #1106, #405, #553 ) ;
#350 = VERTEX_POINT ( 'NONE', #1506 ) ;
#351 = DIRECTION ( 'NONE',  ( -0.000000000000000000, -0.000000000000000000, -1.000000000000000000 ) ) ;
#352 = CARTESIAN_POINT ( 'NONE',  ( -5.700000000000003730, 25.70000000000008811, -4.000000000000000000 ) ) ;
#353 = EDGE_CURVE ( 'NONE', #1114, #1439, #452, .T. ) ;
#354 = APPROVAL_DATE_TIME ( #88, #899 ) ;
#355 = EDGE_LOOP ( 'NONE', ( #1133, #423, #1141, #235 ) ) ;
#356 = DIRECTION ( 'NONE',  ( -1.084202172485509241E-16, -1.000000000000000000, 0.000000000000000000 ) ) ;
#357 = DIRECTION ( 'NONE',  ( 1.000000000000000000, 0.000000000000000000, 0.000000000000000000 ) ) ;
#358 = DIRECTION ( 'NONE',  ( 1.084202172485509241E-16, 1.000000000000000000, 0.000000000000000000 ) ) ;
#359 = CARTESIAN_POINT ( 'NONE',  ( 5.700000000000007283, 30.70000000000008811, -4.000000000000000000 ) ) ;
#360 = ORIENTED_EDGE ( 'NONE', *, *, #1162, .F. ) ;
#361 = EDGE_LOOP ( 'NONE', ( #1463, #404, #527, #1089, #1036, #557, #804 ) ) ;
#362 = CARTESIAN_POINT ( 'NONE',  ( 6.938893903907228378E-15, -2.299999999999885247, 4.000000000000000000 ) ) ;
#363 = EDGE_CURVE ( 'NONE', #283, #927, #955, .T. ) ;
#364 = PERSON_AND_ORGANIZATION ( #654, #302 ) ;
#365 = ORIENTED_EDGE ( 'NONE', *, *, #561, .F. ) ;
#366 = ADVANCED_FACE ( 'NONE', ( #609 ), #470, .T. ) ;
#367 = DIRECTION ( 'NONE',  ( 1.000000000000000000, 0.000000000000000000, 0.000000000000000000 ) ) ;
#368 = DIRECTION ( 'NONE',  ( 0.000000000000000000, 0.000000000000000000, -1.000000000000000000 ) ) ;
#369 = PLANE ( 'NONE',  #436 ) ;
#370 = EDGE_LOOP ( 'NONE', ( #690, #1617, #202, #1667 ) ) ;
#371 = CARTESIAN_POINT ( 'NONE',  ( 11.70000000000000639, 19.70000000000015561, -1.000000000000000000 ) ) ;
#372 = VERTEX_POINT ( 'NONE', #856 ) ;
#373 = DIRECTION ( 'NONE',  ( 1.000000000000000000, 0.000000000000000000, 0.000000000000000000 ) ) ;
#374 = EDGE_CURVE ( 'NONE', #1081, #456, #655, .T. ) ;
#375 = PLANE ( 'NONE',  #347 ) ;
#376 = FACE_OUTER_BOUND ( 'NONE', #476, .T. ) ;
#377 = EDGE_LOOP ( 'NONE', ( #752, #20, #1187, #1293, #1560, #282, #643, #764 ) ) ;
#378 = AXIS2_PLACEMENT_3D ( 'NONE', #1246, #1650, #579 ) ;
#379 = VECTOR ( 'NONE', #740, 1000.000000000000000 ) ;
#380 = VECTOR ( 'NONE', #1248, 1000.000000000000000 ) ;
#381 = VECTOR ( 'NONE', #1292, 1000.000000000000000 ) ;
#382 = AXIS2_PLACEMENT_3D ( 'NONE', #234, #593, #1660 ) ;
#383 = DATE_AND_TIME ( #785, #1350 ) ;
#384 = ORIENTED_EDGE ( 'NONE', *, *, #673, .T. ) ;
#385 = DIRECTION ( 'NONE',  ( -1.000000000000000000, 0.000000000000000000, 0.000000000000000000 ) ) ;
#386 = AXIS2_PLACEMENT_3D ( 'NONE', #1263, #1545, #373 ) ;
#387 = CARTESIAN_POINT ( 'NONE',  ( -3.199999999999956213, 1.110223024625156540E-13, 4.499999999999998224 ) ) ;
#388 = ORIENTED_EDGE ( 'NONE', *, *, #245, .T. ) ;
#389 = ADVANCED_FACE ( 'NONE', ( #204 ), #1646, .F. ) ;
#390 = ORIENTED_EDGE ( 'NONE', *, *, #320, .T. ) ;
#391 = ORIENTED_EDGE ( 'NONE', *, *, #447, .F. ) ;
#392 = CARTESIAN_POINT ( 'NONE',  ( 1.994931997373328159E-14, 1.110223024625156540E-13, 4.499999999999998224 ) ) ;
#393 = CARTESIAN_POINT ( 'NONE',  ( 11.70000000000000107, 47.70000000000007390, 5.000000000000000000 ) ) ;
#394 = CARTESIAN_POINT ( 'NONE',  ( -11.69999999999999929, 60.40000000000007674, 1.000000000000000000 ) ) ;
#395 = CARTESIAN_POINT ( 'NONE',  ( -5.700000000000005507, 19.70000000000015561, -3.000000000000000000 ) ) ;
#396 = EDGE_LOOP ( 'NONE', ( #360, #976, #1353, #1029 ) ) ;
#397 = ORIENTED_EDGE ( 'NONE', *, *, #43, .F. ) ;
#398 = EDGE_CURVE ( 'NONE', #1365, #803, #876, .T. ) ;
#399 = EDGE_LOOP ( 'NONE', ( #147, #185, #1301, #937, #1559, #894 ) ) ;
#400 = DIRECTION ( 'NONE',  ( 0.000000000000000000, 0.000000000000000000, -1.000000000000000000 ) ) ;
#401 = DIRECTION ( 'NONE',  ( 2.155768642215164534E-17, 1.000000000000000000, 0.000000000000000000 ) ) ;
#402 = DIRECTION ( 'NONE',  ( 0.000000000000000000, -1.000000000000000000, 0.000000000000000000 ) ) ;
#403 = EDGE_LOOP ( 'NONE', ( #1478, #775, #1040, #1449 ) ) ;
#404 = ORIENTED_EDGE ( 'NONE', *, *, #286, .T. ) ;
#405 = DIRECTION ( 'NONE',  ( 1.000000000000000000, 1.150347132610615279E-16, -0.000000000000000000 ) ) ;
#406 = EDGE_CURVE ( 'NONE', #1271, #1030, #168, .T. ) ;
#407 = AXIS2_PLACEMENT_3D ( 'NONE', #745, #1264, #98 ) ;
#408 = VECTOR ( 'NONE', #5, 1000.000000000000000 ) ;
#409 = AXIS2_PLACEMENT_3D ( 'NONE', #1198, #156, #23 ) ;
#410 = DIRECTION ( 'NONE',  ( 0.000000000000000000, 0.000000000000000000, -1.000000000000000000 ) ) ;
#411 = LINE ( 'NONE', #175, #868 ) ;
#412 = CIRCLE ( 'NONE', #1012, 11.69999999999999929 ) ;
#413 = CARTESIAN_POINT ( 'NONE',  ( 7.212676521468553838E-15, -2.299999999999885247, 1.000000000000000000 ) ) ;
#414 = ORIENTED_EDGE ( 'NONE', *, *, #1315, .T. ) ;
#415 = EDGE_LOOP ( 'NONE', ( #1332, #255 ) ) ;
#416 = CARTESIAN_POINT ( 'NONE',  ( 1.561251128379126385E-14, 45.40000000000007674, 5.000000000000000000 ) ) ;
#417 = CC_DESIGN_PERSON_AND_ORGANIZATION_ASSIGNMENT ( #1383, #332, ( #840 ) ) ;
#418 = ORIENTED_EDGE ( 'NONE', *, *, #486, .F. ) ;
#419 = DIRECTION ( 'NONE',  ( 0.000000000000000000, -1.000000000000000000, 0.000000000000000000 ) ) ;
#420 = ADVANCED_FACE ( 'NONE', ( #69 ), #1356, .T. ) ;
#421 = DIRECTION ( 'NONE',  ( 1.150347132610615279E-16, -1.000000000000000000, 0.000000000000000000 ) ) ;
#422 = ORIENTED_EDGE ( 'NONE', *, *, #1589, .F. ) ;
#423 = ORIENTED_EDGE ( 'NONE', *, *, #1047, .F. ) ;
#424 = CARTESIAN_POINT ( 'NONE',  ( 1.713165789554655437E-15, 59.40000000000007674, 1.000000000000000000 ) ) ;
#425 = DIRECTION ( 'NONE',  ( -0.000000000000000000, 0.000000000000000000, 1.000000000000000000 ) ) ;
#426 = CARTESIAN_POINT ( 'NONE',  ( 3.200000000000017941, 45.40000000000007674, 4.500000000000009770 ) ) ;
#427 = EDGE_CURVE ( 'NONE', #1401, #103, #220, .T. ) ;
#428 = EDGE_LOOP ( 'NONE', ( #581, #1280, #154, #670 ) ) ;
#429 = AXIS2_PLACEMENT_3D ( 'NONE', #1538, #1160, #1045 ) ;
#430 = CARTESIAN_POINT ( 'NONE',  ( -5.700000000000005507, 14.70000000000015561, -3.000000000000000000 ) ) ;
#431 = CIRCLE ( 'NONE', #652, 3.699999999999967315 ) ;
#432 = AXIS2_PLACEMENT_3D ( 'NONE', #73, #587, #1113 ) ;
#433 = LINE ( 'NONE', #706, #1039 ) ;
#434 = ORIENTED_EDGE ( 'NONE', *, *, #1235, .F. ) ;
#435 = TOROIDAL_SURFACE ( 'NONE', #193, 11.69999999999999929, 1.000000000000000000 ) ;
#436 = AXIS2_PLACEMENT_3D ( 'NONE', #208, #756, #1275 ) ;
#437 = AXIS2_PLACEMENT_3D ( 'NONE', #198, #176, #1483 ) ;
#438 = EDGE_CURVE ( 'NONE', #107, #445, #1259, .T. ) ;
#439 = ORIENTED_EDGE ( 'NONE', *, *, #638, .F. ) ;
#440 = DIRECTION ( 'NONE',  ( 1.000000000000000000, 0.000000000000000000, 0.000000000000000000 ) ) ;
#441 = FACE_OUTER_BOUND ( 'NONE', #637, .T. ) ;
#442 = FACE_OUTER_BOUND ( 'NONE', #484, .T. ) ;
#443 = DIRECTION ( 'NONE',  ( 0.7071067811865493491, 0.000000000000000000, 0.7071067811865456854 ) ) ;
#444 = FACE_OUTER_BOUND ( 'NONE', #396, .T. ) ;
#445 = VERTEX_POINT ( 'NONE', #1108 ) ;
#446 = DIRECTION ( 'NONE',  ( 0.000000000000000000, 0.000000000000000000, -1.000000000000000000 ) ) ;
#447 = EDGE_CURVE ( 'NONE', #959, #1114, #477, .T. ) ;
#448 = ORIENTED_EDGE ( 'NONE', *, *, #645, .F. ) ;
#449 = DIRECTION ( 'NONE',  ( -0.000000000000000000, -0.000000000000000000, -1.000000000000000000 ) ) ;
#450 = DIRECTION ( 'NONE',  ( 0.000000000000000000, 0.000000000000000000, -1.000000000000000000 ) ) ;
#451 = ORIENTED_EDGE ( 'NONE', *, *, #1404, .T. ) ;
#452 = LINE ( 'NONE', #1102, #380 ) ;
#453 = EDGE_CURVE ( 'NONE', #248, #1224, #186, .T. ) ;
#454 = CIRCLE ( 'NONE', #1305, 11.69999999999999929 ) ;
#455 = APPROVAL_DATE_TIME ( #1507, #1022 ) ;
#456 = VERTEX_POINT ( 'NONE', #319 ) ;
#457 = CIRCLE ( 'NONE', #1626, 1.000000000000000000 ) ;
#458 = LINE ( 'NONE', #586, #989 ) ;
#459 = CARTESIAN_POINT ( 'NONE',  ( -5.700000000000003730, 30.70000000000008811, -3.000000000000000000 ) ) ;
#460 = CIRCLE ( 'NONE', #1472, 3.200000000000002398 ) ;
#461 = ORIENTED_EDGE ( 'NONE', *, *, #1214, .F. ) ;
#462 = AXIS2_PLACEMENT_3D ( 'NONE', #1196, #535, #1609 ) ;
#463 = TOROIDAL_SURFACE ( 'NONE', #736, 11.69999999999999929, 1.000000000000000000 ) ;
#464 = CARTESIAN_POINT ( 'NONE',  ( 1.561251128379126385E-14, 45.40000000000007674, 4.500000000000009770 ) ) ;
#465 = EDGE_CURVE ( 'NONE', #608, #1030, #75, .T. ) ;
#466 = CARTESIAN_POINT ( 'NONE',  ( -11.69999999999999218, -1.345906145154418849E-15, 4.000000000000000000 ) ) ;
#467 = EDGE_CURVE ( 'NONE', #1049, #372, #1120, .T. ) ;
#468 = LINE ( 'NONE', #200, #680 ) ;
#469 = FACE_OUTER_BOUND ( 'NONE', #758, .T. ) ;
#470 = CYLINDRICAL_SURFACE ( 'NONE', #1630, 12.69999999999999929 ) ;
#471 = DIRECTION ( 'NONE',  ( 0.000000000000000000, 0.000000000000000000, 1.000000000000000000 ) ) ;
#472 = APPROVAL_STATUS ( 'not_yet_approved' ) ;
#473 = LINE ( 'NONE', #1394, #904 ) ;
#474 = CARTESIAN_POINT ( 'NONE',  ( -11.70000000000000639, 19.70000000000015561, 0.000000000000000000 ) ) ;
#475 = ADVANCED_FACE ( 'NONE', ( #1144 ), #749, .F. ) ;
#476 = EDGE_LOOP ( 'NONE', ( #1324, #1212, #1180, #711 ) ) ;
#477 = LINE ( 'NONE', #1002, #112 ) ;
#478 = CARTESIAN_POINT ( 'NONE',  ( -12.69999999999999751, 47.70000000000007390, 4.000000000000000000 ) ) ;
#479 = CARTESIAN_POINT ( 'NONE',  ( 0.000000000000000000, 0.000000000000000000, 0.000000000000000000 ) ) ;
#480 = DIRECTION ( 'NONE',  ( -1.000000000000000000, 1.084202172485509241E-16, 0.000000000000000000 ) ) ;
#481 = FACE_OUTER_BOUND ( 'NONE', #1536, .T. ) ;
#482 = DIRECTION ( 'NONE',  ( 0.000000000000000000, 0.000000000000000000, 1.000000000000000000 ) ) ;
#483 = CARTESIAN_POINT ( 'NONE',  ( 5.700000000000007283, 14.70000000000015561, -3.000000000000000000 ) ) ;
#484 = EDGE_LOOP ( 'NONE', ( #74, #616, #240, #1512 ) ) ;
#485 = VECTOR ( 'NONE', #90, 1000.000000000000000 ) ;
#486 = EDGE_CURVE ( 'NONE', #1544, #644, #1601, .T. ) ;
#487 = AXIS2_PLACEMENT_3D ( 'NONE', #1126, #446, #1377 ) ;
#488 = AXIS2_PLACEMENT_3D ( 'NONE', #828, #1127, #232 ) ;
#489 = VERTEX_POINT ( 'NONE', #1268 ) ;
#490 = FACE_OUTER_BOUND ( 'NONE', #4, .T. ) ;
#491 = FACE_OUTER_BOUND ( 'NONE', #1426, .T. ) ;
#492 = VECTOR ( 'NONE', #948, 1000.000000000000000 ) ;
#493 = EDGE_CURVE ( 'NONE', #644, #843, #767, .T. ) ;
#494 = CALENDAR_DATE ( 2026, 12, 9 ) ;
#495 = EDGE_LOOP ( 'NONE', ( #1346, #33, #391, #658 ) ) ;
#496 = CARTESIAN_POINT ( 'NONE',  ( 1.460940858415481634E-15, 47.70000000000007390, 4.000000000000000000 ) ) ;
#497 = CARTESIAN_POINT ( 'NONE',  ( 12.70000000000000639, -2.299999999999885247, 4.000000000000000000 ) ) ;
#498 = DIRECTION ( 'NONE',  ( -0.7071067811865493491, 8.659560562354955045E-17, 0.7071067811865456854 ) ) ;
#499 = ORIENTED_EDGE ( 'NONE', *, *, #353, .F. ) ;
#500 = CARTESIAN_POINT ( 'NONE',  ( 1.994931997373328159E-14, 1.110223024625156540E-13, 0.000000000000000000 ) ) ;
#501 = ADVANCED_FACE ( 'NONE', ( #1279 ), #143, .F. ) ;
#502 = APPROVAL_DATE_TIME ( #383, #815 ) ;
#503 = EDGE_LOOP ( 'NONE', ( #313, #574, #388, #1299 ) ) ;
#504 = PLANE ( 'NONE',  #631 ) ;
#505 = DIRECTION ( 'NONE',  ( 0.000000000000000000, 0.000000000000000000, 1.000000000000000000 ) ) ;
#506 = DIRECTION ( 'NONE',  ( 1.000000000000000000, 0.000000000000000000, 0.000000000000000000 ) ) ;
#507 = ORIENTED_EDGE ( 'NONE', *, *, #1261, .T. ) ;
#508 = ORIENTED_EDGE ( 'NONE', *, *, #108, .F. ) ;
#509 = ADVANCED_FACE ( 'NONE', ( #490 ), #1657, .T. ) ;
#510 = ORIENTED_EDGE ( 'NONE', *, *, #97, .T. ) ;
#511 = DIRECTION ( 'NONE',  ( 0.000000000000000000, -0.000000000000000000, 1.000000000000000000 ) ) ;
#512 = LINE ( 'NONE', #1570, #900 ) ;
#513 = DIRECTION ( 'NONE',  ( 0.000000000000000000, 0.000000000000000000, -1.000000000000000000 ) ) ;
#514 = ORIENTED_EDGE ( 'NONE', *, *, #38, .T. ) ;
#515 = AXIS2_PLACEMENT_3D ( 'NONE', #1044, #1403, #1562 ) ;
#516 = EDGE_CURVE ( 'NONE', #306, #271, #1523, .T. ) ;
#517 = AXIS2_PLACEMENT_3D ( 'NONE', #924, #1378, #958 ) ;
#518 = AXIS2_PLACEMENT_3D ( 'NONE', #995, #1496, #1513 ) ;
#519 = AXIS2_PLACEMENT_3D ( 'NONE', #1211, #425, #1465 ) ;
#520 = ORIENTED_EDGE ( 'NONE', *, *, #1079, .T. ) ;
#521 = PLANE ( 'NONE',  #1282 ) ;
#522 = DIRECTION ( 'NONE',  ( 0.000000000000000000, 0.000000000000000000, -1.000000000000000000 ) ) ;
#523 = CARTESIAN_POINT ( 'NONE',  ( 5.700000000000007283, 13.70000000000015561, -1.000000000000000000 ) ) ;
#524 = ORIENTED_EDGE ( 'NONE', *, *, #951, .F. ) ;
#525 = EDGE_CURVE ( 'NONE', #1224, #803, #1149, .T. ) ;
#526 = EDGE_LOOP ( 'NONE', ( #1287, #1470, #816, #737 ) ) ;
#527 = ORIENTED_EDGE ( 'NONE', *, *, #438, .T. ) ;
#528 = DIRECTION ( 'NONE',  ( -1.150347132610615279E-16, 1.000000000000000000, -0.000000000000000000 ) ) ;
#529 = CARTESIAN_POINT ( 'NONE',  ( 6.938893903907228378E-15, -2.299999999999885247, 5.000000000000000000 ) ) ;
#530 = DIRECTION ( 'NONE',  ( 1.000000000000000000, 0.000000000000000000, 0.000000000000000000 ) ) ;
#531 = CARTESIAN_POINT ( 'NONE',  ( 5.700000000000007283, 29.70000000000008811, -4.000000000000000000 ) ) ;
#532 = ORIENTED_EDGE ( 'NONE', *, *, #467, .F. ) ;
#533 = EDGE_CURVE ( 'NONE', #1013, #1527, #335, .T. ) ;
#534 = ORIENTED_EDGE ( 'NONE', *, *, #1371, .T. ) ;
#535 = DIRECTION ( 'NONE',  ( -0.000000000000000000, 0.000000000000000000, -1.000000000000000000 ) ) ;
#536 = CYLINDRICAL_SURFACE ( 'NONE', #1354, 5.000000000000000888 ) ;
#537 = CARTESIAN_POINT ( 'NONE',  ( 3.700000000000017497, 45.40000000000007674, 0.000000000000000000 ) ) ;
#538 = ORIENTED_EDGE ( 'NONE', *, *, #544, .F. ) ;
#539 = EDGE_LOOP ( 'NONE', ( #1435, #1598, #1158, #1586 ) ) ;
#540 = EDGE_CURVE ( 'NONE', #700, #157, #1492, .T. ) ;
#541 = DIRECTION ( 'NONE',  ( 1.150347132610615279E-16, -1.000000000000000000, 0.000000000000000000 ) ) ;
#542 = CIRCLE ( 'NONE', #625, 5.000000000000000000 ) ;
#543 = VECTOR ( 'NONE', #781, 1000.000000000000000 ) ;
#544 = EDGE_CURVE ( 'NONE', #963, #1544, #458, .T. ) ;
#545 = AXIS2_PLACEMENT_3D ( 'NONE', #1303, #1604, #440 ) ;
#546 = CIRCLE ( 'NONE', #1205, 1.000000000000000000 ) ;
#547 = CARTESIAN_POINT ( 'NONE',  ( -11.70000000000000639, 19.70000000000015561, -1.000000000000000000 ) ) ;
#548 = AXIS2_PLACEMENT_3D ( 'NONE', #1285, #1388, #119 ) ;
#549 = CARTESIAN_POINT ( 'NONE',  ( -11.70000000000000639, 30.70000000000008811, -1.000000000000000000 ) ) ;
#550 = AXIS2_PLACEMENT_3D ( 'NONE', #1648, #991, #480 ) ;
#551 = ORIENTED_EDGE ( 'NONE', *, *, #554, .T. ) ;
#552 = ORIENTED_EDGE ( 'NONE', *, *, #888, .F. ) ;
#553 = DIRECTION ( 'NONE',  ( -1.150347132610615279E-16, 1.000000000000000000, 0.000000000000000000 ) ) ;
#554 = EDGE_CURVE ( 'NONE', #1083, #672, #1442, .T. ) ;
#555 = CARTESIAN_POINT ( 'NONE',  ( 10.70000000000000639, 19.70000000000015561, -4.000000000000000000 ) ) ;
#556 = CYLINDRICAL_SURFACE ( 'NONE', #1473, 3.200000000000002398 ) ;
#557 = ORIENTED_EDGE ( 'NONE', *, *, #374, .T. ) ;
#558 = ORIENTED_EDGE ( 'NONE', *, *, #1323, .F. ) ;
#559 = ORIENTED_EDGE ( 'NONE', *, *, #566, .T. ) ;
#560 = DIRECTION ( 'NONE',  ( 2.155768642215164534E-17, 1.000000000000000000, 0.000000000000000000 ) ) ;
#561 = EDGE_CURVE ( 'NONE', #914, #665, #596, .T. ) ;
#562 = FACE_OUTER_BOUND ( 'NONE', #1064, .T. ) ;
#563 = ORIENTED_EDGE ( 'NONE', *, *, #862, .T. ) ;
#564 = VERTEX_POINT ( 'NONE', #1130 ) ;
#565 = CARTESIAN_POINT ( 'NONE',  ( 5.700000000000007283, 25.70000000000008811, -3.000000000000000000 ) ) ;
#566 = EDGE_CURVE ( 'NONE', #12, #1397, #716, .T. ) ;
#567 = AXIS2_PLACEMENT_3D ( 'NONE', #859, #1637, #614 ) ;
#568 = DIRECTION ( 'NONE',  ( -0.000000000000000000, 1.000000000000000000, 0.000000000000000000 ) ) ;
#569 = AXIS2_PLACEMENT_3D ( 'NONE', #464, #583, #969 ) ;
#570 = CIRCLE ( 'NONE', #409, 1.000000000000000000 ) ;
#571 = DIRECTION ( 'NONE',  ( 1.000000000000000000, 0.000000000000000000, 0.000000000000000000 ) ) ;
#572 = CYLINDRICAL_SURFACE ( 'NONE', #30, 3.199999999999976197 ) ;
#573 = AXIS2_PLACEMENT_3D ( 'NONE', #395, #676, #1433 ) ;
#574 = ORIENTED_EDGE ( 'NONE', *, *, #158, .T. ) ;
#575 = ADVANCED_FACE ( 'NONE', ( #882 ), #1522, .T. ) ;
#576 = DIRECTION ( 'NONE',  ( -1.000000000000000000, 0.000000000000000000, 0.000000000000000000 ) ) ;
#577 = CARTESIAN_POINT ( 'NONE',  ( 5.700000000000007283, 30.70000000000008811, -1.000000000000000000 ) ) ;
#578 = ORIENTED_EDGE ( 'NONE', *, *, #1025, .F. ) ;
#579 = DIRECTION ( 'NONE',  ( 0.000000000000000000, 0.000000000000000000, 1.000000000000000000 ) ) ;
#580 = LINE ( 'NONE', #1319, #1628 ) ;
#581 = ORIENTED_EDGE ( 'NONE', *, *, #1070, .F. ) ;
#582 = ADVANCED_FACE ( 'NONE', ( #1509 ), #1656, .T. ) ;
#583 = DIRECTION ( 'NONE',  ( 0.000000000000000000, 0.000000000000000000, 1.000000000000000000 ) ) ;
#584 = APPROVAL_ROLE ( '' ) ;
#585 = CARTESIAN_POINT ( 'NONE',  ( -11.69999999999999218, -2.299999999999885247, 0.000000000000000000 ) ) ;
#586 = CARTESIAN_POINT ( 'NONE',  ( 11.70000000000000639, 1.345906145154420426E-15, 0.000000000000000000 ) ) ;
#587 = DIRECTION ( 'NONE',  ( -0.000000000000000000, 0.000000000000000000, -1.000000000000000000 ) ) ;
#588 = ORIENTED_EDGE ( 'NONE', *, *, #467, .T. ) ;
#589 = CARTESIAN_POINT ( 'NONE',  ( 1.460940858415481634E-15, 47.70000000000007390, 1.000000000000000000 ) ) ;
#590 = EDGE_CURVE ( 'NONE', #1289, #672, #1529, .T. ) ;
#591 = ADVANCED_FACE ( 'NONE', ( #345 ), #1387, .T. ) ;
#592 = TOROIDAL_SURFACE ( 'NONE', #1549, 6.000000000000000000, 1.000000000000000000 ) ;
#593 = DIRECTION ( 'NONE',  ( -0.000000000000000000, 1.000000000000000000, 0.000000000000000000 ) ) ;
#594 = ORIENTED_EDGE ( 'NONE', *, *, #245, .F. ) ;
#595 = CIRCLE ( 'NONE', #841, 1.000000000000000888 ) ;
#596 = LINE ( 'NONE', #215, #1330 ) ;
#597 = DIRECTION ( 'NONE',  ( 0.000000000000000000, -1.000000000000000000, 0.000000000000000000 ) ) ;
#598 = AXIS2_PLACEMENT_3D ( 'NONE', #337, #1612, #977 ) ;
#599 = AXIS2_PLACEMENT_3D ( 'NONE', #1257, #1406, #1518 ) ;
#600 = LOCAL_TIME ( 14, 34, 52.00000000000000000, #70 ) ;
#601 = CARTESIAN_POINT ( 'NONE',  ( 3.699999999999987299, 1.114754217782001564E-13, 0.000000000000000000 ) ) ;
#602 = DIRECTION ( 'NONE',  ( -1.150347132610615279E-16, 1.000000000000000000, -0.000000000000000000 ) ) ;
#603 = ADVANCED_FACE ( 'NONE', ( #228 ), #1596, .F. ) ;
#604 = PERSON_AND_ORGANIZATION ( #654, #302 ) ;
#605 = DIRECTION ( 'NONE',  ( 1.000000000000000000, 0.000000000000000000, 0.000000000000000000 ) ) ;
#606 = DIRECTION ( 'NONE',  ( -0.000000000000000000, 0.000000000000000000, 1.000000000000000000 ) ) ;
#607 = CARTESIAN_POINT ( 'NONE',  ( 1.734723475976807094E-15, 47.70000000000007390, 4.000000000000000000 ) ) ;
#608 = VERTEX_POINT ( 'NONE', #853 ) ;
#609 = FACE_OUTER_BOUND ( 'NONE', #920, .T. ) ;
#610 = DIRECTION ( 'NONE',  ( -1.150347132610615279E-16, 1.000000000000000000, -0.000000000000000000 ) ) ;
#611 = COORDINATED_UNIVERSAL_TIME_OFFSET ( 8, 0, .BEHIND. ) ;
#612 = DIRECTION ( 'NONE',  ( 0.000000000000000000, -0.000000000000000000, -1.000000000000000000 ) ) ;
#613 = EDGE_CURVE ( 'NONE', #12, #809, #1380, .T. ) ;
#614 = DIRECTION ( 'NONE',  ( 1.000000000000000000, 0.000000000000000000, 0.000000000000000000 ) ) ;
#615 = LINE ( 'NONE', #1369, #1632 ) ;
#616 = ORIENTED_EDGE ( 'NONE', *, *, #1558, .F. ) ;
#617 = CARTESIAN_POINT ( 'NONE',  ( 1.460940858415481634E-15, 47.70000000000007390, 1.000000000000000000 ) ) ;
#618 = CARTESIAN_POINT ( 'NONE',  ( 5.700000000000007283, 25.70000000000008811, -4.000000000000000000 ) ) ;
#619 = PERSON_AND_ORGANIZATION ( #654, #302 ) ;
#620 = EDGE_LOOP ( 'NONE', ( #199, #1267 ) ) ;
#621 = DIRECTION ( 'NONE',  ( -0.000000000000000000, 0.000000000000000000, 1.000000000000000000 ) ) ;
#622 = CYLINDRICAL_SURFACE ( 'NONE', #1201, 1.000000000000000888 ) ;
#623 = CARTESIAN_POINT ( 'NONE',  ( -3.199999999999986855, 45.40000000000007674, 4.500000000000009770 ) ) ;
#624 = EDGE_LOOP ( 'NONE', ( #957, #1173, #1195, #1241 ) ) ;
#625 = AXIS2_PLACEMENT_3D ( 'NONE', #565, #800, #385 ) ;
#626 = CIRCLE ( 'NONE', #545, 3.199999999999976197 ) ;
#627 = AXIS2_PLACEMENT_3D ( 'NONE', #352, #471, #1269 ) ;
#628 = EDGE_CURVE ( 'NONE', #1423, #1544, #793, .T. ) ;
#629 = DIRECTION ( 'NONE',  ( 1.000000000000000000, 0.000000000000000000, 0.000000000000000000 ) ) ;
#630 = VECTOR ( 'NONE', #498, 1000.000000000000000 ) ;
#631 = AXIS2_PLACEMENT_3D ( 'NONE', #1026, #1006, #356 ) ;
#632 = EDGE_LOOP ( 'NONE', ( #945, #159, #1579, #1329 ) ) ;
#633 = CARTESIAN_POINT ( 'NONE',  ( -5.700000000000005507, 19.70000000000015561, -4.000000000000000000 ) ) ;
#634 = DIRECTION ( 'NONE',  ( -0.000000000000000000, 0.000000000000000000, 1.000000000000000000 ) ) ;
#635 = DIRECTION ( 'NONE',  ( 0.000000000000000000, -0.000000000000000000, -1.000000000000000000 ) ) ;
#636 = CARTESIAN_POINT ( 'NONE',  ( -3.199999999999956213, 1.114141894382428141E-13, 4.499999999999998224 ) ) ;
#637 = EDGE_LOOP ( 'NONE', ( #786, #67, #1213, #1168 ) ) ;
#638 = EDGE_CURVE ( 'NONE', #350, #564, #468, .T. ) ;
#639 = EDGE_LOOP ( 'NONE', ( #563, #54, #559, #1458, #1445, #39, #451 ) ) ;
#640 = DIRECTION ( 'NONE',  ( 0.000000000000000000, -0.000000000000000000, -1.000000000000000000 ) ) ;
#641 = CARTESIAN_POINT ( 'NONE',  ( 10.70000000000000817, 30.70000000000008811, -4.000000000000000000 ) ) ;
#642 = DIRECTION ( 'NONE',  ( 1.150347132610615279E-16, -1.000000000000000000, 0.000000000000000000 ) ) ;
#643 = ORIENTED_EDGE ( 'NONE', *, *, #561, .T. ) ;
#644 = VERTEX_POINT ( 'NONE', #1139 ) ;
#645 = EDGE_CURVE ( 'NONE', #1049, #1132, #1010, .T. ) ;
#646 = CARTESIAN_POINT ( 'NONE',  ( 6.938893903907228378E-15, -2.299999999999885247, 1.000000000000000000 ) ) ;
#647 = CARTESIAN_POINT ( 'NONE',  ( 5.700000000000007283, 14.70000000000015561, -1.000000000000000000 ) ) ;
#648 = DIRECTION ( 'NONE',  ( -1.000000000000000000, -0.000000000000000000, 0.000000000000000000 ) ) ;
#649 = VERTEX_POINT ( 'NONE', #974 ) ;
#650 = VERTEX_POINT ( 'NONE', #1112 ) ;
#651 = CIRCLE ( 'NONE', #839, 1.000000000000000000 ) ;
#652 = AXIS2_PLACEMENT_3D ( 'NONE', #1122, #621, #898 ) ;
#653 = CIRCLE ( 'NONE', #1418, 5.000000000000000000 ) ;
#654 = PERSON ( 'UNSPECIFIED', 'UNSPECIFIED', 'UNSPECIFIED', ('UNSPECIFIED'), ('UNSPECIFIED'), ('UNSPECIFIED') ) ;
#655 = CIRCLE ( 'NONE', #518, 11.69999999999999929 ) ;
#656 = AXIS2_PLACEMENT_3D ( 'NONE', #835, #1352, #986 ) ;
#657 = AXIS2_PLACEMENT_3D ( 'NONE', #714, #1085, #692 ) ;
#658 = ORIENTED_EDGE ( 'NONE', *, *, #765, .T. ) ;
#659 = DIRECTION ( 'NONE',  ( 1.000000000000000000, 0.000000000000000000, 0.000000000000000000 ) ) ;
#660 = CARTESIAN_POINT ( 'NONE',  ( 11.70000000000000284, 25.70000000000008811, 0.000000000000000000 ) ) ;
#661 = EDGE_CURVE ( 'NONE', #665, #328, #111, .T. ) ;
#662 = DIRECTION ( 'NONE',  ( 0.000000000000000000, 0.000000000000000000, 1.000000000000000000 ) ) ;
#663 = CARTESIAN_POINT ( 'NONE',  ( -5.700000000000005507, 13.70000000000015561, 0.000000000000000000 ) ) ;
#664 = ORIENTED_EDGE ( 'NONE', *, *, #673, .F. ) ;
#665 = VERTEX_POINT ( 'NONE', #207 ) ;
#666 = DIRECTION ( 'NONE',  ( -1.000000000000000000, 0.000000000000000000, 0.000000000000000000 ) ) ;
#667 = CARTESIAN_POINT ( 'NONE',  ( 11.70000000000000284, 47.70000000000007390, 4.000000000000000000 ) ) ;
#668 = CARTESIAN_POINT ( 'NONE',  ( 10.70000000000000639, 19.70000000000015561, -3.000000000000000000 ) ) ;
#669 = DIRECTION ( 'NONE',  ( 0.000000000000000000, 0.000000000000000000, -1.000000000000000000 ) ) ;
#670 = ORIENTED_EDGE ( 'NONE', *, *, #741, .T. ) ;
#671 = EDGE_CURVE ( 'NONE', #1031, #919, #724, .T. ) ;
#672 = VERTEX_POINT ( 'NONE', #1563 ) ;
#673 = EDGE_CURVE ( 'NONE', #1401, #1322, #295, .T. ) ;
#674 = CARTESIAN_POINT ( 'NONE',  ( -11.69999999999999574, 25.70000000000008811, 0.000000000000000000 ) ) ;
#675 = CARTESIAN_POINT ( 'NONE',  ( 1.713165789554655437E-15, 59.40000000000007674, 5.000000000000000000 ) ) ;
#676 = DIRECTION ( 'NONE',  ( 0.000000000000000000, -0.000000000000000000, 1.000000000000000000 ) ) ;
#677 = EDGE_LOOP ( 'NONE', ( #384, #940, #390, #1605 ) ) ;
#678 = ORIENTED_EDGE ( 'NONE', *, *, #533, .T. ) ;
#679 = ADVANCED_FACE ( 'NONE', ( #17 ), #118, .T. ) ;
#680 = VECTOR ( 'NONE', #993, 1000.000000000000000 ) ;
#681 = DIRECTION ( 'NONE',  ( -1.000000000000000000, 0.000000000000000000, 0.000000000000000000 ) ) ;
#682 = CIRCLE ( 'NONE', #386, 3.699999999999994849 ) ;
#683 = AXIS2_PLACEMENT_3D ( 'NONE', #1327, #812, #163 ) ;
#684 = CIRCLE ( 'NONE', #1415, 1.000000000000000000 ) ;
#685 = FACE_OUTER_BOUND ( 'NONE', #1218, .T. ) ;
#686 = AXIS2_PLACEMENT_3D ( 'NONE', #939, #1326, #681 ) ;
#687 = PLANE ( 'NONE',  #519 ) ;
#688 = AXIS2_PLACEMENT_3D ( 'NONE', #466, #1508, #338 ) ;
#689 = ORIENTED_EDGE ( 'NONE', *, *, #38, .F. ) ;
#690 = ORIENTED_EDGE ( 'NONE', *, *, #942, .T. ) ;
#691 = DIRECTION ( 'NONE',  ( 1.000000000000000000, 0.000000000000000000, 0.000000000000000000 ) ) ;
#692 = DIRECTION ( 'NONE',  ( -1.000000000000000000, 0.000000000000000000, 0.000000000000000000 ) ) ;
#693 = DIRECTION ( 'NONE',  ( -0.000000000000000000, 0.000000000000000000, 1.000000000000000000 ) ) ;
#694 = EDGE_CURVE ( 'NONE', #1423, #843, #651, .T. ) ;
#695 = ORIENTED_EDGE ( 'NONE', *, *, #961, .T. ) ;
#696 = FACE_OUTER_BOUND ( 'NONE', #982, .T. ) ;
#697 = CYLINDRICAL_SURFACE ( 'NONE', #488, 12.69999999999999929 ) ;
#698 = EDGE_CURVE ( 'NONE', #873, #608, #1065, .T. ) ;
#699 = CARTESIAN_POINT ( 'NONE',  ( 11.70000000000000284, 19.70000000000015561, 0.000000000000000000 ) ) ;
#700 = VERTEX_POINT ( 'NONE', #1555 ) ;
#701 = ORIENTED_EDGE ( 'NONE', *, *, #878, .F. ) ;
#702 = CARTESIAN_POINT ( 'NONE',  ( -5.700000000000003730, 29.70000000000008811, -4.000000000000000000 ) ) ;
#703 = AXIS2_PLACEMENT_3D ( 'NONE', #325, #606, #237 ) ;
#704 = AXIS2_PLACEMENT_3D ( 'NONE', #371, #231, #896 ) ;
#705 = VECTOR ( 'NONE', #541, 1000.000000000000000 ) ;
#706 = CARTESIAN_POINT ( 'NONE',  ( 11.70000000000000639, 1.345906145154420426E-15, 0.000000000000000000 ) ) ;
#707 = ORIENTED_EDGE ( 'NONE', *, *, #493, .T. ) ;
#708 = AXIS2_PLACEMENT_3D ( 'NONE', #270, #126, #669 ) ;
#709 = ADVANCED_FACE ( 'NONE', ( #910 ), #952, .F. ) ;
#710 = DIRECTION ( 'NONE',  ( -1.000000000000000000, 0.000000000000000000, 0.000000000000000000 ) ) ;
#711 = ORIENTED_EDGE ( 'NONE', *, *, #312, .T. ) ;
#712 = UNCERTAINTY_MEASURE_WITH_UNIT (LENGTH_MEASURE( 1.000000000000000082E-05 ), #1270, 'distance_accuracy_value', 'NONE');
#713 = DIRECTION ( 'NONE',  ( 1.000000000000000000, 0.000000000000000000, 0.000000000000000000 ) ) ;
#714 = CARTESIAN_POINT ( 'NONE',  ( 1.994931997373328159E-14, 1.110223024625156540E-13, 0.000000000000000000 ) ) ;
#715 = VERTEX_POINT ( 'NONE', #387 ) ;
#716 = LINE ( 'NONE', #1644, #190 ) ;
#717 = DIRECTION ( 'NONE',  ( 1.000000000000000000, 0.000000000000000000, 0.000000000000000000 ) ) ;
#718 = EDGE_CURVE ( 'NONE', #1527, #700, #1546, .T. ) ;
#719 = ORIENTED_EDGE ( 'NONE', *, *, #1462, .F. ) ;
#720 = EDGE_CURVE ( 'NONE', #715, #248, #925, .T. ) ;
#721 = CARTESIAN_POINT ( 'NONE',  ( -5.700000000000003730, 25.70000000000008811, -1.000000000000000000 ) ) ;
#722 = PERSON_AND_ORGANIZATION ( #654, #302 ) ;
#723 = DIRECTION ( 'NONE',  ( 1.150347132610615279E-16, -1.000000000000000000, 0.000000000000000000 ) ) ;
#724 = LINE ( 'NONE', #1124, #929 ) ;
#725 = DIRECTION ( 'NONE',  ( 0.000000000000000000, -0.000000000000000000, -1.000000000000000000 ) ) ;
#726 = LINE ( 'NONE', #197, #1414 ) ;
#727 = DIRECTION ( 'NONE',  ( 1.000000000000000000, 0.000000000000000000, 0.000000000000000000 ) ) ;
#728 = EDGE_CURVE ( 'NONE', #372, #445, #31, .T. ) ;
#729 = AXIS2_PLACEMENT_3D ( 'NONE', #1386, #227, #1191 ) ;
#730 = DIRECTION ( 'NONE',  ( 1.000000000000000000, 0.000000000000000000, 0.000000000000000000 ) ) ;
#731 = VECTOR ( 'NONE', #443, 1000.000000000000000 ) ;
#732 = AXIS2_PLACEMENT_3D ( 'NONE', #142, #1441, #1321 ) ;
#733 = CARTESIAN_POINT ( 'NONE',  ( 1.734723475976807094E-15, 47.70000000000007390, 1.000000000000000000 ) ) ;
#734 = DIRECTION ( 'NONE',  ( -0.000000000000000000, -0.000000000000000000, -1.000000000000000000 ) ) ;
#735 = VECTOR ( 'NONE', #739, 1000.000000000000000 ) ;
#736 = AXIS2_PLACEMENT_3D ( 'NONE', #1607, #1460, #823 ) ;
#737 = ORIENTED_EDGE ( 'NONE', *, *, #1315, .F. ) ;
#738 = APPROVAL_PERSON_ORGANIZATION ( #990, #1022, #1146 ) ;
#739 = DIRECTION ( 'NONE',  ( -0.000000000000000000, -0.000000000000000000, -1.000000000000000000 ) ) ;
#740 = DIRECTION ( 'NONE',  ( -0.000000000000000000, -0.000000000000000000, -1.000000000000000000 ) ) ;
#741 = EDGE_CURVE ( 'NONE', #103, #1104, #1409, .T. ) ;
#742 = PERSON_AND_ORGANIZATION_ROLE ( 'design_supplier' ) ;
#743 = CARTESIAN_POINT ( 'NONE',  ( -5.700000000000003730, 25.70000000000008811, 0.000000000000000000 ) ) ;
#744 = DIRECTION ( 'NONE',  ( 0.000000000000000000, -1.000000000000000000, -0.000000000000000000 ) ) ;
#745 = CARTESIAN_POINT ( 'NONE',  ( -11.69999999999999218, -2.299999999999885247, 1.000000000000000000 ) ) ;
#746 = DIRECTION ( 'NONE',  ( 0.000000000000000000, -0.000000000000000000, -1.000000000000000000 ) ) ;
#747 = ORIENTED_EDGE ( 'NONE', *, *, #1428, .F. ) ;
#748 = ORIENTED_EDGE ( 'NONE', *, *, #158, .F. ) ;
#749 = CYLINDRICAL_SURFACE ( 'NONE', #871, 3.200000000000002398 ) ;
#750 = FACE_OUTER_BOUND ( 'NONE', #361, .T. ) ;
#751 = APPLICATION_PROTOCOL_DEFINITION ( 'international standard', 'config_control_design', 1994, #1143 ) ;
#752 = ORIENTED_EDGE ( 'NONE', *, *, #1503, .T. ) ;
#753 = CARTESIAN_POINT ( 'NONE',  ( 5.700000000000007283, 31.70000000000008811, 0.000000000000000000 ) ) ;
#754 = ADVANCED_FACE ( 'NONE', ( #755 ), #375, .F. ) ;
#755 = FACE_OUTER_BOUND ( 'NONE', #880, .T. ) ;
#756 = DIRECTION ( 'NONE',  ( -0.000000000000000000, 0.000000000000000000, 1.000000000000000000 ) ) ;
#757 = EDGE_LOOP ( 'NONE', ( #664, #1278, #508, #689 ) ) ;
#758 = EDGE_LOOP ( 'NONE', ( #558, #1540, #1486, #783 ) ) ;
#759 = DIRECTION ( 'NONE',  ( -1.000000000000000000, 0.000000000000000000, 0.000000000000000000 ) ) ;
#760 = VERTEX_POINT ( 'NONE', #901 ) ;
#761 = FACE_OUTER_BOUND ( 'NONE', #167, .T. ) ;
#762 = DIRECTION ( 'NONE',  ( 1.000000000000000000, 0.000000000000000000, 0.000000000000000000 ) ) ;
#763 = CARTESIAN_POINT ( 'NONE',  ( 8.558582666622974659E-15, -13.99999999999988454, 0.000000000000000000 ) ) ;
#764 = ORIENTED_EDGE ( 'NONE', *, *, #661, .T. ) ;
#765 = EDGE_CURVE ( 'NONE', #959, #1101, #978, .T. ) ;
#766 = AXIS2_PLACEMENT_3D ( 'NONE', #1623, #847, #1105 ) ;
#767 = CIRCLE ( 'NONE', #138, 5.000000000000000888 ) ;
#768 = AXIS2_PLACEMENT_3D ( 'NONE', #547, #419, #1459 ) ;
#769 = VECTOR ( 'NONE', #53, 1000.000000000000000 ) ;
#770 = ORIENTED_EDGE ( 'NONE', *, *, #1342, .T. ) ;
#771 = CYLINDRICAL_SURFACE ( 'NONE', #688, 1.000000000000000888 ) ;
#772 = FACE_OUTER_BOUND ( 'NONE', #403, .T. ) ;
#773 = ORIENTED_EDGE ( 'NONE', *, *, #453, .F. ) ;
#774 = EDGE_CURVE ( 'NONE', #456, #650, #454, .T. ) ;
#775 = ORIENTED_EDGE ( 'NONE', *, *, #554, .F. ) ;
#776 = ADVANCED_FACE ( 'NONE', ( #772 ), #136, .F. ) ;
#777 = ORIENTED_EDGE ( 'NONE', *, *, #68, .T. ) ;
#778 = MANIFOLD_SOLID_BREP ( 'Fillet-1.0', #953 ) ;
#779 = DIRECTION ( 'NONE',  ( -0.000000000000000000, 0.000000000000000000, 1.000000000000000000 ) ) ;
#780 = DIRECTION ( 'NONE',  ( 1.000000000000000000, 0.000000000000000000, 0.000000000000000000 ) ) ;
#781 = DIRECTION ( 'NONE',  ( 1.150347132610615279E-16, -1.000000000000000000, -0.000000000000000000 ) ) ;
#782 = ORIENTED_EDGE ( 'NONE', *, *, #544, .T. ) ;
#783 = ORIENTED_EDGE ( 'NONE', *, *, #274, .F. ) ;
#784 = ADVANCED_FACE ( 'NONE', ( #10 ), #622, .T. ) ;
#785 = CALENDAR_DATE ( 2026, 12, 9 ) ;
#786 = ORIENTED_EDGE ( 'NONE', *, *, #76, .T. ) ;
#787 = CARTESIAN_POINT ( 'NONE',  ( 1.994931997373328159E-14, 1.110223024625156540E-13, 0.000000000000000000 ) ) ;
#788 = CARTESIAN_POINT ( 'NONE',  ( 12.70000000000000107, 47.70000000000007390, 1.000000000000000000 ) ) ;
#789 = DIRECTION ( 'NONE',  ( -0.000000000000000000, -0.000000000000000000, -1.000000000000000000 ) ) ;
#790 = DIRECTION ( 'NONE',  ( -0.000000000000000000, 0.000000000000000000, 1.000000000000000000 ) ) ;
#791 = ORIENTED_EDGE ( 'NONE', *, *, #1109, .T. ) ;
#792 = ORIENTED_EDGE ( 'NONE', *, *, #55, .T. ) ;
#793 = CIRCLE ( 'NONE', #766, 6.000000000000000000 ) ;
#794 = AXIS2_PLACEMENT_3D ( 'NONE', #667, #826, #400 ) ;
#795 = VECTOR ( 'NONE', #936, 1000.000000000000000 ) ;
#796 = CARTESIAN_POINT ( 'NONE',  ( 1.734723475976807094E-15, 60.40000000000007674, 1.000000000000000000 ) ) ;
#797 = TOROIDAL_SURFACE ( 'NONE', #1554, 11.69999999999999929, 1.000000000000000000 ) ;
#798 = EDGE_CURVE ( 'NONE', #328, #1345, #457, .T. ) ;
#799 = ORIENTED_EDGE ( 'NONE', *, *, #1348, .F. ) ;
#800 = DIRECTION ( 'NONE',  ( 0.000000000000000000, -0.000000000000000000, 1.000000000000000000 ) ) ;
#801 = CARTESIAN_POINT ( 'NONE',  ( 8.558582666622974659E-15, -13.99999999999988454, 4.000000000000000000 ) ) ;
#802 = DIRECTION ( 'NONE',  ( 0.000000000000000000, 0.000000000000000000, -1.000000000000000000 ) ) ;
#803 = VERTEX_POINT ( 'NONE', #269 ) ;
#804 = ORIENTED_EDGE ( 'NONE', *, *, #774, .T. ) ;
#805 = DIRECTION ( 'NONE',  ( 1.084202172485509241E-16, 1.000000000000000000, 0.000000000000000000 ) ) ;
#806 = DIRECTION ( 'NONE',  ( 0.000000000000000000, 0.000000000000000000, 1.000000000000000000 ) ) ;
#807 = ORIENTED_EDGE ( 'NONE', *, *, #590, .F. ) ;
#808 = EDGE_CURVE ( 'NONE', #1340, #1365, #512, .T. ) ;
#809 = VERTEX_POINT ( 'NONE', #1306 ) ;
#810 = CARTESIAN_POINT ( 'NONE',  ( -3.199999999999986855, 45.40000000000007674, 4.500000000000009770 ) ) ;
#811 = ORIENTED_EDGE ( 'NONE', *, *, #1323, .T. ) ;
#812 = DIRECTION ( 'NONE',  ( -0.000000000000000000, 0.000000000000000000, -1.000000000000000000 ) ) ;
#813 = FACE_OUTER_BOUND ( 'NONE', #639, .T. ) ;
#814 = ORIENTED_EDGE ( 'NONE', *, *, #645, .T. ) ;
#815 = APPROVAL ( #242, 'UNSPECIFIED' ) ;
#816 = ORIENTED_EDGE ( 'NONE', *, *, #258, .F. ) ;
#817 = AXIS2_PLACEMENT_3D ( 'NONE', #641, #744, #6 ) ;
#818 = AXIS2_PLACEMENT_3D ( 'NONE', #743, #1272, #730 ) ;
#819 = CIRCLE ( 'NONE', #1357, 1.000000000000000000 ) ;
#820 = AXIS2_PLACEMENT_3D ( 'NONE', #321, #1080, #41 ) ;
#821 = DIRECTION ( 'NONE',  ( -1.150347132610613553E-16, 1.000000000000000000, 0.000000000000000000 ) ) ;
#822 = AXIS2_PLACEMENT_3D ( 'NONE', #943, #298, #290 ) ;
#823 = DIRECTION ( 'NONE',  ( 1.000000000000000000, 0.000000000000000000, 0.000000000000000000 ) ) ;
#824 = CARTESIAN_POINT ( 'NONE',  ( 5.700000000000007283, 25.70000000000008811, -3.000000000000000000 ) ) ;
#825 = ORIENTED_EDGE ( 'NONE', *, *, #525, .T. ) ;
#826 = DIRECTION ( 'NONE',  ( 0.000000000000000000, -1.000000000000000000, 0.000000000000000000 ) ) ;
#827 = ADVANCED_FACE ( 'NONE', ( #1320 ), #592, .F. ) ;
#828 = CARTESIAN_POINT ( 'NONE',  ( 1.460940858415481634E-15, 47.70000000000007390, 5.000000000000000000 ) ) ;
#829 = DIRECTION ( 'NONE',  ( -0.000000000000000000, -1.000000000000000000, -0.000000000000000000 ) ) ;
#830 = FACE_OUTER_BOUND ( 'NONE', #1202, .T. ) ;
#831 = ORIENTED_EDGE ( 'NONE', *, *, #203, .F. ) ;
#832 = DIRECTION ( 'NONE',  ( 0.000000000000000000, -1.000000000000000000, 0.000000000000000000 ) ) ;
#833 = ADVANCED_FACE ( 'NONE', ( #481 ), #1138, .F. ) ;
#834 = LINE ( 'NONE', #183, #492 ) ;
#835 = CARTESIAN_POINT ( 'NONE',  ( -9.700000000000006395, 1.051676107310944823E-15, -3.000000000000000000 ) ) ;
#836 = ORIENTED_EDGE ( 'NONE', *, *, #398, .T. ) ;
#837 = CARTESIAN_POINT ( 'NONE',  ( -12.69999999999999751, 47.70000000000007390, 5.000000000000000000 ) ) ;
#838 = VECTOR ( 'NONE', #1313, 1000.000000000000114 ) ;
#839 = AXIS2_PLACEMENT_3D ( 'NONE', #523, #1035, #1670 ) ;
#840 = PRODUCT_DEFINITION ( 'UNKNOWN', '', #1489, #1295 ) ;
#841 = AXIS2_PLACEMENT_3D ( 'NONE', #268, #1084, #401 ) ;
#842 = CARTESIAN_POINT ( 'NONE',  ( 6.938893903907228378E-15, -2.299999999999885247, 5.000000000000000000 ) ) ;
#843 = VERTEX_POINT ( 'NONE', #647 ) ;
#844 = CIRCLE ( 'NONE', #1207, 1.000000000000000000 ) ;
#845 = ADVANCED_FACE ( 'NONE', ( #1170 ), #1007, .T. ) ;
#846 = CIRCLE ( 'NONE', #323, 3.199999999999976197 ) ;
#847 = DIRECTION ( 'NONE',  ( -0.000000000000000000, 0.000000000000000000, 1.000000000000000000 ) ) ;
#848 = FACE_OUTER_BOUND ( 'NONE', #259, .T. ) ;
#849 = ORIENTED_EDGE ( 'NONE', *, *, #363, .F. ) ;
#850 = DIRECTION ( 'NONE',  ( -1.000000000000000000, 0.000000000000000000, -0.000000000000000000 ) ) ;
#851 = DATE_AND_TIME ( #205, #1179 ) ;
#852 = ORIENTED_EDGE ( 'NONE', *, *, #128, .F. ) ;
#853 = CARTESIAN_POINT ( 'NONE',  ( -12.69999999999999751, 47.70000000000007390, 4.000000000000000000 ) ) ;
#854 = DIRECTION ( 'NONE',  ( -1.000000000000000000, 0.000000000000000000, 0.000000000000000000 ) ) ;
#855 = EDGE_CURVE ( 'NONE', #927, #283, #1034, .T. ) ;
#856 = CARTESIAN_POINT ( 'NONE',  ( -5.700000000000003730, 30.70000000000008811, -1.000000000000000000 ) ) ;
#857 = DIRECTION ( 'NONE',  ( 1.000000000000000000, 0.000000000000000000, 0.000000000000000000 ) ) ;
#858 = CYLINDRICAL_SURFACE ( 'NONE', #550, 1.000000000000000888 ) ;
#859 = CARTESIAN_POINT ( 'NONE',  ( 5.700000000000007283, 25.70000000000008811, -1.000000000000000000 ) ) ;
#860 = LINE ( 'NONE', #1664, #1631 ) ;
#861 = ORIENTED_EDGE ( 'NONE', *, *, #1142, .F. ) ;
#862 = EDGE_CURVE ( 'NONE', #649, #1296, #1467, .T. ) ;
#863 = CARTESIAN_POINT ( 'NONE',  ( 11.70000000000000817, 30.70000000000008811, -1.000000000000000000 ) ) ;
#864 = LINE ( 'NONE', #996, #1658 ) ;
#865 = AXIS2_PLACEMENT_3D ( 'NONE', #1183, #145, #530 ) ;
#866 = DIRECTION ( 'NONE',  ( -0.000000000000000000, 0.000000000000000000, 1.000000000000000000 ) ) ;
#867 = AXIS2_PLACEMENT_3D ( 'NONE', #109, #1654, #629 ) ;
#868 = VECTOR ( 'NONE', #1584, 1000.000000000000000 ) ;
#869 = DIRECTION ( 'NONE',  ( -1.150347132610615279E-16, 1.000000000000000000, -0.000000000000000000 ) ) ;
#870 = FACE_BOUND ( 'NONE', #1491, .T. ) ;
#871 = AXIS2_PLACEMENT_3D ( 'NONE', #887, #1542, #759 ) ;
#872 = AXIS2_PLACEMENT_3D ( 'NONE', #247, #746, #1125 ) ;
#873 = VERTEX_POINT ( 'NONE', #1337 ) ;
#874 = CIRCLE ( 'NONE', #437, 6.000000000000000000 ) ;
#875 = VERTEX_POINT ( 'NONE', #668 ) ;
#876 = LINE ( 'NONE', #601, #1176 ) ;
#877 = CARTESIAN_POINT ( 'NONE',  ( 3.200000000000017941, 45.40000000000007674, 5.000000000000000000 ) ) ;
#878 = EDGE_CURVE ( 'NONE', #180, #306, #2, .T. ) ;
#879 = PERSON_AND_ORGANIZATION ( #654, #302 ) ;
#880 = EDGE_LOOP ( 'NONE', ( #51, #1412, #678, #1234 ) ) ;
#881 = FACE_OUTER_BOUND ( 'NONE', #495, .T. ) ;
#882 = FACE_OUTER_BOUND ( 'NONE', #1231, .T. ) ;
#883 = CARTESIAN_POINT ( 'NONE',  ( -5.700000000000003730, 30.70000000000008811, -3.000000000000000000 ) ) ;
#884 = ADVANCED_BREP_SHAPE_REPRESENTATION ( '03_01_FB_R_004_ribLink_Default_sldprt', ( #778, #1474 ), #1556 ) ;
#885 = EDGE_LOOP ( 'NONE', ( #594, #310, #1077, #1661 ) ) ;
#886 = ORIENTED_EDGE ( 'NONE', *, *, #214, .F. ) ;
#887 = CARTESIAN_POINT ( 'NONE',  ( 1.561251128379126385E-14, 45.40000000000007674, 5.000000000000000000 ) ) ;
#888 = EDGE_CURVE ( 'NONE', #1345, #1132, #1171, .T. ) ;
#889 = CALENDAR_DATE ( 2026, 12, 9 ) ;
#890 = ORIENTED_EDGE ( 'NONE', *, *, #1242, .F. ) ;
#891 = DIRECTION ( 'NONE',  ( 1.000000000000000000, 0.000000000000000000, 0.000000000000000000 ) ) ;
#892 = CARTESIAN_POINT ( 'NONE',  ( 1.561251128379126385E-14, 45.40000000000007674, 0.5000000000000099920 ) ) ;
#893 = CARTESIAN_POINT ( 'NONE',  ( 3.199999999999996181, 1.114141894382428141E-13, 0.4999999999999935052 ) ) ;
#894 = ORIENTED_EDGE ( 'NONE', *, *, #961, .F. ) ;
#895 = ORIENTED_EDGE ( 'NONE', *, *, #798, .T. ) ;
#896 = DIRECTION ( 'NONE',  ( 0.000000000000000000, 0.000000000000000000, -1.000000000000000000 ) ) ;
#897 = ORIENTED_EDGE ( 'NONE', *, *, #1574, .T. ) ;
#898 = DIRECTION ( 'NONE',  ( 1.000000000000000000, 0.000000000000000000, 0.000000000000000000 ) ) ;
#899 = APPROVAL ( #472, 'UNSPECIFIED' ) ;
#900 = VECTOR ( 'NONE', #789, 1000.000000000000000 ) ;
#901 = CARTESIAN_POINT ( 'NONE',  ( 11.70000000000000639, -2.299999999999885247, 5.000000000000000000 ) ) ;
#902 = DIRECTION ( 'NONE',  ( 0.000000000000000000, -0.000000000000000000, 1.000000000000000000 ) ) ;
#903 = ORIENTED_EDGE ( 'NONE', *, *, #1348, .T. ) ;
#904 = VECTOR ( 'NONE', #236, 1000.000000000000000 ) ;
#905 = CIRCLE ( 'NONE', #1551, 3.199999999999976197 ) ;
#906 = EDGE_CURVE ( 'NONE', #672, #644, #411, .T. ) ;
#907 = AXIS2_PLACEMENT_3D ( 'NONE', #1011, #1530, #513 ) ;
#908 = EDGE_LOOP ( 'NONE', ( #1311, #1427, #1042, #782 ) ) ;
#909 = FACE_OUTER_BOUND ( 'NONE', #355, .T. ) ;
#910 = FACE_OUTER_BOUND ( 'NONE', #1048, .T. ) ;
#911 = EDGE_LOOP ( 'NONE', ( #171, #861, #799, #264 ) ) ;
#912 = EDGE_CURVE ( 'NONE', #914, #1082, #1283, .T. ) ;
#913 = EDGE_LOOP ( 'NONE', ( #49, #831, #791, #1015 ) ) ;
#914 = VERTEX_POINT ( 'NONE', #151 ) ;
#915 = CARTESIAN_POINT ( 'NONE',  ( 3.700000000000010392, 45.40000000000007674, 5.000000000000000000 ) ) ;
#916 = CARTESIAN_POINT ( 'NONE',  ( -10.70000000000000462, 25.70000000000008811, -1.000000000000000000 ) ) ;
#917 = DIRECTION ( 'NONE',  ( 1.000000000000000000, 0.000000000000000000, 0.000000000000000000 ) ) ;
#918 = DIRECTION ( 'NONE',  ( 1.000000000000000000, 0.000000000000000000, 0.000000000000000000 ) ) ;
#919 = VERTEX_POINT ( 'NONE', #1072 ) ;
#920 = EDGE_LOOP ( 'NONE', ( #968, #792, #243, #414 ) ) ;
#921 = EDGE_CURVE ( 'NONE', #1351, #944, #570, .T. ) ;
#922 = ORIENTED_EDGE ( 'NONE', *, *, #121, .T. ) ;
#923 = LINE ( 'NONE', #1440, #838 ) ;
#924 = CARTESIAN_POINT ( 'NONE',  ( 7.212676521468553838E-15, -2.299999999999885247, 1.000000000000000000 ) ) ;
#925 = LINE ( 'NONE', #1443, #275 ) ;
#926 = DIRECTION ( 'NONE',  ( 0.000000000000000000, -0.000000000000000000, 1.000000000000000000 ) ) ;
#927 = VERTEX_POINT ( 'NONE', #537 ) ;
#928 = VERTEX_POINT ( 'NONE', #393 ) ;
#929 = VECTOR ( 'NONE', #648, 1000.000000000000000 ) ;
#930 = AXIS2_PLACEMENT_3D ( 'NONE', #362, #1156, #1665 ) ;
#931 = CIRCLE ( 'NONE', #35, 11.69999999999999929 ) ;
#932 = CARTESIAN_POINT ( 'NONE',  ( -11.69999999999999218, -2.299999999999885247, 5.000000000000000000 ) ) ;
#933 = CONICAL_SURFACE ( 'NONE', #548, 3.199999999999976197, 0.7853981633974509435 ) ;
#934 = EDGE_CURVE ( 'NONE', #1101, #1397, #297, .T. ) ;
#935 = CARTESIAN_POINT ( 'NONE',  ( 5.700000000000007283, 25.70000000000008811, 0.000000000000000000 ) ) ;
#936 = DIRECTION ( 'NONE',  ( 1.150347132610615279E-16, -1.000000000000000000, 0.000000000000000000 ) ) ;
#937 = ORIENTED_EDGE ( 'NONE', *, *, #566, .F. ) ;
#938 = ORIENTED_EDGE ( 'NONE', *, *, #1208, .F. ) ;
#939 = CARTESIAN_POINT ( 'NONE',  ( 1.561251128379126385E-14, 45.40000000000007674, 0.000000000000000000 ) ) ;
#940 = ORIENTED_EDGE ( 'NONE', *, *, #1070, .T. ) ;
#941 = DIRECTION ( 'NONE',  ( 1.084202172485509241E-16, 1.000000000000000000, -0.000000000000000000 ) ) ;
#942 = EDGE_CURVE ( 'NONE', #644, #875, #1215, .T. ) ;
#943 = CARTESIAN_POINT ( 'NONE',  ( 7.212676521468553838E-15, -2.299999999999885247, 5.000000000000000000 ) ) ;
#944 = VERTEX_POINT ( 'NONE', #289 ) ;
#945 = ORIENTED_EDGE ( 'NONE', *, *, #1001, .F. ) ;
#946 = VERTEX_POINT ( 'NONE', #675 ) ;
#947 = CARTESIAN_POINT ( 'NONE',  ( -9.700000000000004619, 19.70000000000015561, -3.000000000000000000 ) ) ;
#948 = DIRECTION ( 'NONE',  ( -1.150347132610615279E-16, 1.000000000000000000, 0.000000000000000000 ) ) ;
#949 = DIRECTION ( 'NONE',  ( 1.000000000000000000, 1.150347132610615279E-16, 0.000000000000000000 ) ) ;
#950 = EDGE_LOOP ( 'NONE', ( #1652, #434, #189, #365 ) ) ;
#951 = EDGE_CURVE ( 'NONE', #1101, #1049, #1304, .T. ) ;
#952 = CONICAL_SURFACE ( 'NONE', #1495, 3.200000000000002398, 0.7853981633974509435 ) ;
#953 = CLOSED_SHELL ( 'NONE', ( #341, #1277, #603, #1634, #475, #46, #1117, #1666, #1362, #1157, #754, #1565, #1600, #66, #1511, #1220, #833, #265, #420, #1014, #366, #1056, #1100, #87, #191, #981, #209, #1379, #1088, #709, #1252, #1288, #845, #1194, #1619, #591, #174, #9, #224, #509, #784, #501, #1515, #1454, #575, #1643, #187, #679, #827, #389, #153, #776, #970, #181, #1186, #1611, #19, #582 ) ) ;
#954 = TOROIDAL_SURFACE ( 'NONE', #1093, 11.69999999999999929, 1.000000000000000000 ) ;
#955 = CIRCLE ( 'NONE', #598, 3.700000000000001954 ) ;
#956 = CIRCLE ( 'NONE', #1499, 1.000000000000000000 ) ;
#957 = ORIENTED_EDGE ( 'NONE', *, *, #1336, .F. ) ;
#958 = DIRECTION ( 'NONE',  ( 1.000000000000000000, 0.000000000000000000, 0.000000000000000000 ) ) ;
#959 = VERTEX_POINT ( 'NONE', #1578 ) ;
#960 = ORIENTED_EDGE ( 'NONE', *, *, #728, .F. ) ;
#961 = EDGE_CURVE ( 'NONE', #1030, #809, #1464, .T. ) ;
#962 = CARTESIAN_POINT ( 'NONE',  ( 0.000000000000000000, 0.000000000000000000, -4.000000000000000000 ) ) ;
#963 = VERTEX_POINT ( 'NONE', #660 ) ;
#964 = DIRECTION ( 'NONE',  ( 0.000000000000000000, 0.000000000000000000, 1.000000000000000000 ) ) ;
#965 = DIRECTION ( 'NONE',  ( -0.000000000000000000, 0.000000000000000000, -1.000000000000000000 ) ) ;
#966 = CARTESIAN_POINT ( 'NONE',  ( 1.994931997373328159E-14, 1.110223024625156540E-13, 5.000000000000000000 ) ) ;
#967 = FACE_OUTER_BOUND ( 'NONE', #950, .T. ) ;
#968 = ORIENTED_EDGE ( 'NONE', *, *, #533, .F. ) ;
#969 = DIRECTION ( 'NONE',  ( 1.000000000000000000, 0.000000000000000000, 0.000000000000000000 ) ) ;
#970 = ADVANCED_FACE ( 'NONE', ( #29 ), #59, .T. ) ;
#971 = EDGE_CURVE ( 'NONE', #919, #914, #1119, .T. ) ;
#972 = CYLINDRICAL_SURFACE ( 'NONE', #820, 3.199999999999976197 ) ;
#973 = ORIENTED_EDGE ( 'NONE', *, *, #97, .F. ) ;
#974 = CARTESIAN_POINT ( 'NONE',  ( 11.70000000000000639, -2.299999999999885247, 0.000000000000000000 ) ) ;
#975 = CARTESIAN_POINT ( 'NONE',  ( 1.734723475976807094E-15, 47.70000000000007390, 5.000000000000000000 ) ) ;
#976 = ORIENTED_EDGE ( 'NONE', *, *, #1480, .F. ) ;
#977 = DIRECTION ( 'NONE',  ( 1.000000000000000000, 0.000000000000000000, 0.000000000000000000 ) ) ;
#978 = CIRCLE ( 'NONE', #1116, 5.000000000000000000 ) ;
#979 = CIRCLE ( 'NONE', #1446, 3.199999999999976197 ) ;
#980 = CIRCLE ( 'NONE', #113, 1.000000000000000888 ) ;
#981 = ADVANCED_FACE ( 'NONE', ( #685 ), #1078, .T. ) ;
#982 = EDGE_LOOP ( 'NONE', ( #115, #748, #322, #1610 ) ) ;
#983 = VECTOR ( 'NONE', #1103, 1000.000000000000000 ) ;
#984 = TOROIDAL_SURFACE ( 'NONE', #1123, 4.000000000000000000, 1.000000000000000000 ) ;
#985 = CARTESIAN_POINT ( 'NONE',  ( -5.700000000000003730, 25.70000000000008811, -4.000000000000000000 ) ) ;
#986 = DIRECTION ( 'NONE',  ( 1.000000000000000000, -1.084202172485509241E-16, 0.000000000000000000 ) ) ;
#987 = ORIENTED_EDGE ( 'NONE', *, *, #1519, .F. ) ;
#988 = FACE_OUTER_BOUND ( 'NONE', #757, .T. ) ;
#989 = VECTOR ( 'NONE', #79, 1000.000000000000000 ) ;
#990 = PERSON_AND_ORGANIZATION ( #654, #302 ) ;
#991 = DIRECTION ( 'NONE',  ( 1.084202172485509241E-16, 1.000000000000000000, 0.000000000000000000 ) ) ;
#992 = EDGE_CURVE ( 'NONE', #456, #1271, #980, .T. ) ;
#993 = DIRECTION ( 'NONE',  ( -1.084202172485509241E-16, -1.000000000000000000, 0.000000000000000000 ) ) ;
#994 = CARTESIAN_POINT ( 'NONE',  ( 11.70000000000000639, 1.345906145154420426E-15, 0.000000000000000000 ) ) ;
#995 = CARTESIAN_POINT ( 'NONE',  ( 1.460940858415481634E-15, 47.70000000000007390, 0.000000000000000000 ) ) ;
#996 = CARTESIAN_POINT ( 'NONE',  ( -5.700000000000003730, 30.70000000000008811, -4.000000000000000000 ) ) ;
#997 = COORDINATED_UNIVERSAL_TIME_OFFSET ( 8, 0, .BEHIND. ) ;
#998 = CYLINDRICAL_SURFACE ( 'NONE', #1550, 1.000000000000000000 ) ;
#999 = CARTESIAN_POINT ( 'NONE',  ( 10.70000000000000817, 25.70000000000008811, -4.000000000000000000 ) ) ;
#1000 = DIRECTION ( 'NONE',  ( 1.000000000000000000, 0.000000000000000000, 0.000000000000000000 ) ) ;
#1001 = EDGE_CURVE ( 'NONE', #133, #946, #595, .T. ) ;
#1002 = CARTESIAN_POINT ( 'NONE',  ( -5.700000000000005507, 14.70000000000015561, -4.000000000000000000 ) ) ;
#1003 = CARTESIAN_POINT ( 'NONE',  ( 5.700000000000007283, 30.70000000000008811, -1.000000000000000000 ) ) ;
#1004 = AXIS2_PLACEMENT_3D ( 'NONE', #1425, #1165, #662 ) ;
#1005 = DIRECTION ( 'NONE',  ( 0.000000000000000000, 0.000000000000000000, 1.000000000000000000 ) ) ;
#1006 = DIRECTION ( 'NONE',  ( -1.000000000000000000, 1.084202172485509241E-16, 0.000000000000000000 ) ) ;
#1007 = CYLINDRICAL_SURFACE ( 'NONE', #1250, 1.000000000000000000 ) ;
#1008 = AXIS2_PLACEMENT_3D ( 'NONE', #935, #779, #1561 ) ;
#1009 = AXIS2_PLACEMENT_3D ( 'NONE', #1390, #211, #727 ) ;
#1010 = LINE ( 'NONE', #1615, #56 ) ;
#1011 = CARTESIAN_POINT ( 'NONE',  ( 11.70000000000000817, 25.70000000000008811, -1.000000000000000000 ) ) ;
#1012 = AXIS2_PLACEMENT_3D ( 'NONE', #1307, #790, #506 ) ;
#1013 = VERTEX_POINT ( 'NONE', #788 ) ;
#1014 = ADVANCED_FACE ( 'NONE', ( #16 ), #1314, .T. ) ;
#1015 = ORIENTED_EDGE ( 'NONE', *, *, #1129, .F. ) ;
#1016 = CARTESIAN_POINT ( 'NONE',  ( 1.734723475976807094E-15, 60.40000000000007674, 4.000000000000000000 ) ) ;
#1017 = DIRECTION ( 'NONE',  ( -0.000000000000000000, -0.000000000000000000, -1.000000000000000000 ) ) ;
#1018 = LINE ( 'NONE', #91, #1153 ) ;
#1019 = EDGE_LOOP ( 'NONE', ( #1614, #1531, #148, #1178 ) ) ;
#1020 = ORIENTED_EDGE ( 'NONE', *, *, #1468, .T. ) ;
#1021 = DIRECTION ( 'NONE',  ( -0.000000000000000000, 0.000000000000000000, 1.000000000000000000 ) ) ;
#1022 = APPROVAL ( #212, 'UNSPECIFIED' ) ;
#1023 = SHAPE_DEFINITION_REPRESENTATION ( #1266, #884 ) ;
#1024 = ORIENTED_EDGE ( 'NONE', *, *, #258, .T. ) ;
#1025 = EDGE_CURVE ( 'NONE', #1053, #157, #1358, .T. ) ;
#1026 = CARTESIAN_POINT ( 'NONE',  ( 10.70000000000000817, 30.70000000000008811, -4.000000000000000000 ) ) ;
#1027 = CARTESIAN_POINT ( 'NONE',  ( -11.69999999999999751, 47.70000000000007390, 4.000000000000000000 ) ) ;
#1028 = LINE ( 'NONE', #531, #381 ) ;
#1029 = ORIENTED_EDGE ( 'NONE', *, *, #971, .F. ) ;
#1030 = VERTEX_POINT ( 'NONE', #94 ) ;
#1031 = VERTEX_POINT ( 'NONE', #1521 ) ;
#1032 = CARTESIAN_POINT ( 'NONE',  ( 8.537024980200821818E-15, -13.99999999999988454, 1.000000000000000000 ) ) ;
#1033 = EDGE_CURVE ( 'NONE', #1345, #372, #864, .T. ) ;
#1034 = CIRCLE ( 'NONE', #515, 3.700000000000001954 ) ;
#1035 = DIRECTION ( 'NONE',  ( -1.000000000000000000, 0.000000000000000000, 0.000000000000000000 ) ) ;
#1036 = ORIENTED_EDGE ( 'NONE', *, *, #304, .T. ) ;
#1037 = VECTOR ( 'NONE', #1060, 1000.000000000000000 ) ;
#1038 = AXIS2_PLACEMENT_3D ( 'NONE', #863, #331, #1520 ) ;
#1039 = VECTOR ( 'NONE', #421, 1000.000000000000000 ) ;
#1040 = ORIENTED_EDGE ( 'NONE', *, *, #1208, .T. ) ;
#1041 = CIRCLE ( 'NONE', #382, 1.000000000000000000 ) ;
#1042 = ORIENTED_EDGE ( 'NONE', *, *, #1451, .F. ) ;
#1043 = DIRECTION ( 'NONE',  ( 1.000000000000000000, 0.000000000000000000, 0.000000000000000000 ) ) ;
#1044 = CARTESIAN_POINT ( 'NONE',  ( 1.561251128379126385E-14, 45.40000000000007674, 0.000000000000000000 ) ) ;
#1045 = DIRECTION ( 'NONE',  ( -1.000000000000000000, 0.000000000000000000, 0.000000000000000000 ) ) ;
#1046 = EDGE_LOOP ( 'NONE', ( #825, #1087 ) ) ;
#1047 = EDGE_CURVE ( 'NONE', #248, #1365, #905, .T. ) ;
#1048 = EDGE_LOOP ( 'NONE', ( #461, #1200, #514, #890 ) ) ;
#1049 = VERTEX_POINT ( 'NONE', #1260 ) ;
#1050 = FACE_OUTER_BOUND ( 'NONE', #377, .T. ) ;
#1051 = DIRECTION ( 'NONE',  ( 0.000000000000000000, 0.000000000000000000, -1.000000000000000000 ) ) ;
#1052 = DIRECTION ( 'NONE',  ( 1.000000000000000000, 0.000000000000000000, 0.000000000000000000 ) ) ;
#1053 = VERTEX_POINT ( 'NONE', #314 ) ;
#1054 = APPLICATION_CONTEXT ( 'configuration controlled 3d designs of mechanical parts and assemblies' ) ;
#1055 = ORIENTED_EDGE ( 'NONE', *, *, #27, .T. ) ;
#1056 = ADVANCED_FACE ( 'NONE', ( #441 ), #697, .T. ) ;
#1057 = DIRECTION ( 'NONE',  ( 0.000000000000000000, 0.000000000000000000, 1.000000000000000000 ) ) ;
#1058 = DIRECTION ( 'NONE',  ( -0.000000000000000000, 0.000000000000000000, 1.000000000000000000 ) ) ;
#1059 = CC_DESIGN_APPROVAL ( #899, ( #1489 ) ) ;
#1060 = DIRECTION ( 'NONE',  ( -0.000000000000000000, -0.000000000000000000, -1.000000000000000000 ) ) ;
#1061 = CARTESIAN_POINT ( 'NONE',  ( 5.700000000000007283, 14.70000000000015561, -4.000000000000000000 ) ) ;
#1062 = ORIENTED_EDGE ( 'NONE', *, *, #1534, .F. ) ;
#1063 = CONICAL_SURFACE ( 'NONE', #1494, 3.699999999999967315, 0.7853981633974456145 ) ;
#1064 = EDGE_LOOP ( 'NONE', ( #37, #836, #71, #773 ) ) ;
#1065 = CIRCLE ( 'NONE', #324, 1.000000000000000000 ) ;
#1066 = AXIS2_PLACEMENT_3D ( 'NONE', #500, #1021, #1363 ) ;
#1067 = AXIS2_PLACEMENT_3D ( 'NONE', #52, #568, #1373 ) ;
#1068 = DIRECTION ( 'NONE',  ( -1.000000000000000000, -0.000000000000000000, -0.000000000000000000 ) ) ;
#1069 = CIRCLE ( 'NONE', #708, 1.000000000000000000 ) ;
#1070 = EDGE_CURVE ( 'NONE', #1322, #1104, #1514, .T. ) ;
#1071 = TOROIDAL_SURFACE ( 'NONE', #172, 6.000000000000000000, 1.000000000000000000 ) ;
#1072 = CARTESIAN_POINT ( 'NONE',  ( -5.700000000000005507, 15.70000000000015561, -4.000000000000000000 ) ) ;
#1073 = DIRECTION ( 'NONE',  ( -1.084202172485509241E-16, -1.000000000000000000, 0.000000000000000000 ) ) ;
#1074 = EDGE_LOOP ( 'NONE', ( #770, #552, #1075, #1581 ) ) ;
#1075 = ORIENTED_EDGE ( 'NONE', *, *, #798, .F. ) ;
#1076 = CC_DESIGN_PERSON_AND_ORGANIZATION_ASSIGNMENT ( #879, #1392, ( #1086 ) ) ;
#1077 = ORIENTED_EDGE ( 'NONE', *, *, #540, .F. ) ;
#1078 = CYLINDRICAL_SURFACE ( 'NONE', #1251, 5.000000000000000888 ) ;
#1079 = EDGE_CURVE ( 'NONE', #1397, #1245, #1475, .T. ) ;
#1080 = DIRECTION ( 'NONE',  ( -0.000000000000000000, -0.000000000000000000, -1.000000000000000000 ) ) ;
#1081 = VERTEX_POINT ( 'NONE', #1482 ) ;
#1082 = VERTEX_POINT ( 'NONE', #1640 ) ;
#1083 = VERTEX_POINT ( 'NONE', #1003 ) ;
#1084 = DIRECTION ( 'NONE',  ( 1.000000000000000000, -2.155768642215164226E-17, 0.000000000000000000 ) ) ;
#1085 = DIRECTION ( 'NONE',  ( -0.000000000000000000, -0.000000000000000000, -1.000000000000000000 ) ) ;
#1086 = SECURITY_CLASSIFICATION ( '', '', #1262 ) ;
#1087 = ORIENTED_EDGE ( 'NONE', *, *, #137, .T. ) ;
#1088 = ADVANCED_FACE ( 'NONE', ( #343 ), #219, .F. ) ;
#1089 = ORIENTED_EDGE ( 'NONE', *, *, #122, .T. ) ;
#1090 = AXIS2_PLACEMENT_3D ( 'NONE', #1232, #482, #64 ) ;
#1091 = DIRECTION ( 'NONE',  ( -0.000000000000000000, -0.000000000000000000, -1.000000000000000000 ) ) ;
#1092 = VECTOR ( 'NONE', #1134, 1000.000000000000000 ) ;
#1093 = AXIS2_PLACEMENT_3D ( 'NONE', #1240, #1457, #21 ) ;
#1094 = AXIS2_PLACEMENT_3D ( 'NONE', #1571, #1444, #1417 ) ;
#1095 = ORIENTED_EDGE ( 'NONE', *, *, #55, .F. ) ;
#1096 = FACE_BOUND ( 'NONE', #415, .T. ) ;
#1097 = DIRECTION ( 'NONE',  ( -1.000000000000000000, 0.000000000000000000, 0.000000000000000000 ) ) ;
#1098 = ORIENTED_EDGE ( 'NONE', *, *, #203, .T. ) ;
#1099 = FACE_OUTER_BOUND ( 'NONE', #120, .T. ) ;
#1100 = ADVANCED_FACE ( 'NONE', ( #491 ), #222, .T. ) ;
#1101 = VERTEX_POINT ( 'NONE', #102 ) ;
#1102 = CARTESIAN_POINT ( 'NONE',  ( 5.700000000000007283, 14.70000000000015561, -3.000000000000000000 ) ) ;
#1103 = DIRECTION ( 'NONE',  ( 1.000000000000000000, 0.000000000000000000, 0.000000000000000000 ) ) ;
#1104 = VERTEX_POINT ( 'NONE', #1593 ) ;
#1105 = DIRECTION ( 'NONE',  ( 1.000000000000000000, 0.000000000000000000, 0.000000000000000000 ) ) ;
#1106 = CARTESIAN_POINT ( 'NONE',  ( -12.69999999999999929, 60.40000000000007674, 5.000000000000000000 ) ) ;
#1107 = ORIENTED_EDGE ( 'NONE', *, *, #1583, .F. ) ;
#1108 = CARTESIAN_POINT ( 'NONE',  ( -5.700000000000003730, 31.70000000000008811, 0.000000000000000000 ) ) ;
#1109 = EDGE_CURVE ( 'NONE', #1289, #350, #1228, .T. ) ;
#1110 = APPROVAL_ROLE ( '' ) ;
#1111 = DIRECTION ( 'NONE',  ( -0.000000000000000000, 0.000000000000000000, -1.000000000000000000 ) ) ;
#1112 = CARTESIAN_POINT ( 'NONE',  ( 11.70000000000000107, 47.70000000000007390, 0.000000000000000000 ) ) ;
#1113 = DIRECTION ( 'NONE',  ( -1.000000000000000000, 0.000000000000000000, 0.000000000000000000 ) ) ;
#1114 = VERTEX_POINT ( 'NONE', #430 ) ;
#1115 = CARTESIAN_POINT ( 'NONE',  ( 1.734723475976807094E-15, 47.70000000000007390, 5.000000000000000000 ) ) ;
#1116 = AXIS2_PLACEMENT_3D ( 'NONE', #1416, #1284, #125 ) ;
#1117 = ADVANCED_FACE ( 'NONE', ( #750, #1096 ), #1606, .F. ) ;
#1118 = AXIS2_PLACEMENT_3D ( 'NONE', #496, #1537, #1384 ) ;
#1119 = CIRCLE ( 'NONE', #683, 4.000000000000000000 ) ;
#1120 = CIRCLE ( 'NONE', #1227, 5.000000000000000000 ) ;
#1121 = AXIS2_PLACEMENT_3D ( 'NONE', #1192, #132, #902 ) ;
#1122 = CARTESIAN_POINT ( 'NONE',  ( 1.994931997373328159E-14, 1.110223024625156540E-13, 0.000000000000000000 ) ) ;
#1123 = AXIS2_PLACEMENT_3D ( 'NONE', #824, #1111, #1477 ) ;
#1124 = CARTESIAN_POINT ( 'NONE',  ( -5.700000000000005507, 15.70000000000015561, -4.000000000000000000 ) ) ;
#1125 = DIRECTION ( 'NONE',  ( 1.000000000000000000, 0.000000000000000000, 0.000000000000000000 ) ) ;
#1126 = CARTESIAN_POINT ( 'NONE',  ( 7.212676521468553838E-15, -2.299999999999885247, 5.000000000000000000 ) ) ;
#1127 = DIRECTION ( 'NONE',  ( 0.000000000000000000, 0.000000000000000000, -1.000000000000000000 ) ) ;
#1128 = CYLINDRICAL_SURFACE ( 'NONE', #251, 5.000000000000000000 ) ;
#1129 = EDGE_CURVE ( 'NONE', #1351, #350, #1333, .T. ) ;
#1130 = CARTESIAN_POINT ( 'NONE',  ( 9.700000000000004619, 19.70000000000015561, -4.000000000000000000 ) ) ;
#1131 = DIRECTION ( 'NONE',  ( 0.000000000000000000, 0.000000000000000000, 1.000000000000000000 ) ) ;
#1132 = VERTEX_POINT ( 'NONE', #1249 ) ;
#1133 = ORIENTED_EDGE ( 'NONE', *, *, #398, .F. ) ;
#1134 = DIRECTION ( 'NONE',  ( -1.000000000000000000, 0.000000000000000000, -0.000000000000000000 ) ) ;
#1135 = DIRECTION ( 'NONE',  ( -0.000000000000000000, 0.000000000000000000, -1.000000000000000000 ) ) ;
#1136 = DATE_AND_TIME ( #889, #1166 ) ;
#1137 = DIRECTION ( 'NONE',  ( 0.000000000000000000, 0.000000000000000000, -1.000000000000000000 ) ) ;
#1138 = PLANE ( 'NONE',  #817 ) ;
#1139 = CARTESIAN_POINT ( 'NONE',  ( 10.70000000000000639, 19.70000000000015561, -1.000000000000000000 ) ) ;
#1140 = DIRECTION ( 'NONE',  ( 0.000000000000000000, 0.000000000000000000, 1.000000000000000000 ) ) ;
#1141 = ORIENTED_EDGE ( 'NONE', *, *, #453, .T. ) ;
#1142 = EDGE_CURVE ( 'NONE', #271, #608, #84, .T. ) ;
#1143 = APPLICATION_CONTEXT ( 'configuration controlled 3d designs of mechanical parts and assemblies' ) ;
#1144 = FACE_OUTER_BOUND ( 'NONE', #677, .T. ) ;
#1145 = CARTESIAN_POINT ( 'NONE',  ( 1.994931997373328159E-14, 1.110223024625156540E-13, 0.4999999999999935052 ) ) ;
#1146 = APPROVAL_ROLE ( '' ) ;
#1147 = ORIENTED_EDGE ( 'NONE', *, *, #992, .T. ) ;
#1148 = CARTESIAN_POINT ( 'NONE',  ( 10.70000000000000817, 31.70000000000008811, -1.000000000000000000 ) ) ;
#1149 = CIRCLE ( 'NONE', #1066, 3.699999999999967315 ) ;
#1150 = AXIS2_PLACEMENT_3D ( 'NONE', #529, #1051, #1569 ) ;
#1151 = DIRECTION ( 'NONE',  ( 0.000000000000000000, 0.000000000000000000, -1.000000000000000000 ) ) ;
#1152 = LINE ( 'NONE', #636, #630 ) ;
#1153 = VECTOR ( 'NONE', #1247, 1000.000000000000114 ) ;
#1154 = ORIENTED_EDGE ( 'NONE', *, *, #68, .F. ) ;
#1155 = EDGE_CURVE ( 'NONE', #873, #1573, #1575, .T. ) ;
#1156 = DIRECTION ( 'NONE',  ( 0.000000000000000000, -0.000000000000000000, -1.000000000000000000 ) ) ;
#1157 = ADVANCED_FACE ( 'NONE', ( #192 ), #1450, .F. ) ;
#1158 = ORIENTED_EDGE ( 'NONE', *, *, #694, .F. ) ;
#1159 = DIRECTION ( 'NONE',  ( 0.000000000000000000, 0.000000000000000000, -1.000000000000000000 ) ) ;
#1160 = DIRECTION ( 'NONE',  ( -1.150347132610615279E-16, 1.000000000000000000, -0.000000000000000000 ) ) ;
#1161 = DIRECTION ( 'NONE',  ( 0.000000000000000000, 0.000000000000000000, -1.000000000000000000 ) ) ;
#1162 = EDGE_CURVE ( 'NONE', #1114, #919, #546, .T. ) ;
#1163 = ORIENTED_EDGE ( 'NONE', *, *, #888, .T. ) ;
#1164 = LINE ( 'NONE', #278, #408 ) ;
#1165 = DIRECTION ( 'NONE',  ( -1.000000000000000000, 0.000000000000000000, 0.000000000000000000 ) ) ;
#1166 = LOCAL_TIME ( 14, 34, 52.00000000000000000, #611 ) ;
#1167 = EDGE_CURVE ( 'NONE', #928, #946, #931, .T. ) ;
#1168 = ORIENTED_EDGE ( 'NONE', *, *, #173, .T. ) ;
#1169 = DIRECTION ( 'NONE',  ( -1.365923996832127911E-16, 1.000000000000000000, 0.000000000000000000 ) ) ;
#1170 = FACE_OUTER_BOUND ( 'NONE', #78, .T. ) ;
#1171 = CIRCLE ( 'NONE', #732, 5.000000000000000888 ) ;
#1172 = CARTESIAN_POINT ( 'NONE',  ( 1.561251128379126385E-14, 45.40000000000007674, 4.500000000000009770 ) ) ;
#1173 = ORIENTED_EDGE ( 'NONE', *, *, #741, .F. ) ;
#1174 = AXIS2_PLACEMENT_3D ( 'NONE', #124, #612, #1402 ) ;
#1175 = TOROIDAL_SURFACE ( 'NONE', #432, 4.000000000000000000, 1.000000000000000000 ) ;
#1176 = VECTOR ( 'NONE', #1372, 1000.000000000000114 ) ;
#1177 = TOROIDAL_SURFACE ( 'NONE', #11, 4.000000000000000000, 1.000000000000000000 ) ;
#1178 = ORIENTED_EDGE ( 'NONE', *, *, #1620, .F. ) ;
#1179 = LOCAL_TIME ( 14, 34, 52.00000000000000000, #95 ) ;
#1180 = ORIENTED_EDGE ( 'NONE', *, *, #1462, .T. ) ;
#1181 = CARTESIAN_POINT ( 'NONE',  ( -11.69999999999999218, -1.345906145154418849E-15, 0.000000000000000000 ) ) ;
#1182 = DIRECTION ( 'NONE',  ( -0.000000000000000000, 0.000000000000000000, 1.000000000000000000 ) ) ;
#1183 = CARTESIAN_POINT ( 'NONE',  ( 1.561251128379126385E-14, 45.40000000000007674, 4.500000000000009770 ) ) ;
#1184 = CYLINDRICAL_SURFACE ( 'NONE', #1094, 1.000000000000000000 ) ;
#1185 = ORIENTED_EDGE ( 'NONE', *, *, #718, .F. ) ;
#1186 = ADVANCED_FACE ( 'NONE', ( #201 ), #954, .T. ) ;
#1187 = ORIENTED_EDGE ( 'NONE', *, *, #638, .T. ) ;
#1188 = DIRECTION ( 'NONE',  ( 1.000000000000000000, 0.000000000000000000, 0.000000000000000000 ) ) ;
#1189 = ORIENTED_EDGE ( 'NONE', *, *, #1033, .F. ) ;
#1190 = DIRECTION ( 'NONE',  ( 1.000000000000000000, 0.000000000000000000, 0.000000000000000000 ) ) ;
#1191 = DIRECTION ( 'NONE',  ( 1.000000000000000000, 0.000000000000000000, 0.000000000000000000 ) ) ;
#1192 = CARTESIAN_POINT ( 'NONE',  ( 10.70000000000000639, 14.70000000000015561, -4.000000000000000000 ) ) ;
#1193 = ORIENTED_EDGE ( 'NONE', *, *, #1273, .T. ) ;
#1194 = ADVANCED_FACE ( 'NONE', ( #65 ), #195, .T. ) ;
#1195 = ORIENTED_EDGE ( 'NONE', *, *, #214, .T. ) ;
#1196 = CARTESIAN_POINT ( 'NONE',  ( -5.700000000000003730, 25.70000000000008811, -3.000000000000000000 ) ) ;
#1197 = CC_DESIGN_APPROVAL ( #815, ( #1086 ) ) ;
#1198 = CARTESIAN_POINT ( 'NONE',  ( 5.700000000000007283, 29.70000000000008811, -3.000000000000000000 ) ) ;
#1199 = LINE ( 'NONE', #1061, #144 ) ;
#1200 = ORIENTED_EDGE ( 'NONE', *, *, #1438, .F. ) ;
#1201 = AXIS2_PLACEMENT_3D ( 'NONE', #394, #642, #917 ) ;
#1202 = EDGE_LOOP ( 'NONE', ( #1024, #1548, #333, #1185 ) ) ;
#1203 = CC_DESIGN_DATE_AND_TIME_ASSIGNMENT ( #851, #1244, ( #840 ) ) ;
#1204 = AXIS2_PLACEMENT_3D ( 'NONE', #1430, #640, #1453 ) ;
#1205 = AXIS2_PLACEMENT_3D ( 'NONE', #161, #1616, #450 ) ;
#1206 = DIRECTION ( 'NONE',  ( -0.000000000000000000, 0.000000000000000000, 1.000000000000000000 ) ) ;
#1207 = AXIS2_PLACEMENT_3D ( 'NONE', #1376, #597, #1161 ) ;
#1208 = EDGE_CURVE ( 'NONE', #1083, #107, #684, .T. ) ;
#1209 = VERTEX_POINT ( 'NONE', #1624 ) ;
#1210 = CARTESIAN_POINT ( 'NONE',  ( 1.460940858415481634E-15, 47.70000000000007390, 4.000000000000000000 ) ) ;
#1211 = CARTESIAN_POINT ( 'NONE',  ( 0.000000000000000000, 0.000000000000000000, 0.000000000000000000 ) ) ;
#1212 = ORIENTED_EDGE ( 'NONE', *, *, #353, .T. ) ;
#1213 = ORIENTED_EDGE ( 'NONE', *, *, #465, .F. ) ;
#1214 = EDGE_CURVE ( 'NONE', #1401, #1209, #1436, .T. ) ;
#1215 = LINE ( 'NONE', #555, #1037 ) ;
#1216 = CARTESIAN_POINT ( 'NONE',  ( -11.69999999999999929, 47.70000000000007390, 1.000000000000000000 ) ) ;
#1217 = ORIENTED_EDGE ( 'NONE', *, *, #1676, .F. ) ;
#1218 = EDGE_LOOP ( 'NONE', ( #807, #1098, #1398, #551 ) ) ;
#1219 = DIRECTION ( 'NONE',  ( -0.000000000000000000, -0.000000000000000000, -1.000000000000000000 ) ) ;
#1220 = ADVANCED_FACE ( 'NONE', ( #848 ), #1233, .F. ) ;
#1221 = CARTESIAN_POINT ( 'NONE',  ( 5.700000000000007283, 19.70000000000015561, -4.000000000000000000 ) ) ;
#1222 = LOCAL_TIME ( 14, 34, 52.00000000000000000, #997 ) ;
#1223 = FACE_OUTER_BOUND ( 'NONE', #318, .T. ) ;
#1224 = VERTEX_POINT ( 'NONE', #1364 ) ;
#1225 = AXIS2_PLACEMENT_3D ( 'NONE', #892, #246, #762 ) ;
#1226 = CARTESIAN_POINT ( 'NONE',  ( -3.699999999999947331, 1.110223024625156540E-13, 0.000000000000000000 ) ) ;
#1227 = AXIS2_PLACEMENT_3D ( 'NONE', #721, #1366, #1243 ) ;
#1228 = CIRCLE ( 'NONE', #1067, 1.000000000000000000 ) ;
#1229 = CIRCLE ( 'NONE', #907, 1.000000000000000000 ) ;
#1230 = LINE ( 'NONE', #577, #983 ) ;
#1231 = EDGE_LOOP ( 'NONE', ( #1147, #1095, #1154, #1567 ) ) ;
#1232 = CARTESIAN_POINT ( 'NONE',  ( 1.994931997373328159E-14, 1.110223024625156540E-13, 4.499999999999998224 ) ) ;
#1233 = PLANE ( 'NONE',  #3 ) ;
#1234 = ORIENTED_EDGE ( 'NONE', *, *, #718, .T. ) ;
#1235 = EDGE_CURVE ( 'NONE', #1132, #1082, #580, .T. ) ;
#1236 = CARTESIAN_POINT ( 'NONE',  ( -3.199999999999986855, 45.40000000000007674, 5.000000000000000000 ) ) ;
#1237 = PERSON_AND_ORGANIZATION_ROLE ( 'design_owner' ) ;
#1238 = ORIENTED_EDGE ( 'NONE', *, *, #1653, .T. ) ;
#1239 = DIRECTION ( 'NONE',  ( 0.000000000000000000, 0.000000000000000000, -1.000000000000000000 ) ) ;
#1240 = CARTESIAN_POINT ( 'NONE',  ( 1.734723475976807094E-15, 47.70000000000007390, 4.000000000000000000 ) ) ;
#1241 = ORIENTED_EDGE ( 'NONE', *, *, #855, .F. ) ;
#1242 = EDGE_CURVE ( 'NONE', #1209, #303, #165, .T. ) ;
#1243 = DIRECTION ( 'NONE',  ( 1.000000000000000000, 0.000000000000000000, 0.000000000000000000 ) ) ;
#1244 = DATE_TIME_ROLE ( 'creation_date' ) ;
#1245 = VERTEX_POINT ( 'NONE', #674 ) ;
#1246 = CARTESIAN_POINT ( 'NONE',  ( 0.000000000000000000, 29.70000000000008811, -3.000000000000000000 ) ) ;
#1247 = DIRECTION ( 'NONE',  ( 0.7071067811865402453, 8.659560562354845344E-17, -0.7071067811865549002 ) ) ;
#1248 = DIRECTION ( 'NONE',  ( 1.000000000000000000, -0.000000000000000000, -0.000000000000000000 ) ) ;
#1249 = CARTESIAN_POINT ( 'NONE',  ( -10.70000000000000462, 25.70000000000008811, -3.000000000000000000 ) ) ;
#1250 = AXIS2_PLACEMENT_3D ( 'NONE', #1649, #357, #522 ) ;
#1251 = AXIS2_PLACEMENT_3D ( 'NONE', #40, #45, #1588 ) ;
#1252 = ADVANCED_FACE ( 'NONE', ( #444 ), #1175, .T. ) ;
#1253 = CONICAL_SURFACE ( 'NONE', #569, 3.200000000000002398, 0.7853981633974509435 ) ;
#1254 = CIRCLE ( 'NONE', #872, 3.699999999999981082 ) ;
#1255 = CALENDAR_DATE ( 2026, 12, 9 ) ;
#1256 = DIRECTION ( 'NONE',  ( 0.000000000000000000, -1.000000000000000000, 0.000000000000000000 ) ) ;
#1257 = CARTESIAN_POINT ( 'NONE',  ( -9.700000000000004619, 25.70000000000008811, -3.000000000000000000 ) ) ;
#1258 = ORIENTED_EDGE ( 'NONE', *, *, #294, .T. ) ;
#1259 = LINE ( 'NONE', #93, #1092 ) ;
#1260 = CARTESIAN_POINT ( 'NONE',  ( -10.70000000000000462, 25.70000000000008811, -1.000000000000000000 ) ) ;
#1261 = EDGE_CURVE ( 'NONE', #944, #1345, #28, .T. ) ;
#1262 = SECURITY_CLASSIFICATION_LEVEL ( 'unclassified' ) ;
#1263 = CARTESIAN_POINT ( 'NONE',  ( 1.561251128379126385E-14, 45.40000000000007674, 5.000000000000000000 ) ) ;
#1264 = DIRECTION ( 'NONE',  ( 0.000000000000000000, 1.000000000000000000, 0.000000000000000000 ) ) ;
#1265 = DIRECTION ( 'NONE',  ( 0.000000000000000000, 0.000000000000000000, 1.000000000000000000 ) ) ;
#1266 = PRODUCT_DEFINITION_SHAPE ( 'NONE', 'NONE',  #840 ) ;
#1267 = ORIENTED_EDGE ( 'NONE', *, *, #1242, .T. ) ;
#1268 = CARTESIAN_POINT ( 'NONE',  ( 3.700000000000001066, 1.110223024625156540E-13, 5.000000000000000000 ) ) ;
#1269 = DIRECTION ( 'NONE',  ( 1.000000000000000000, 0.000000000000000000, 0.000000000000000000 ) ) ;
#1270 =( LENGTH_UNIT ( ) NAMED_UNIT ( * ) SI_UNIT ( .MILLI., .METRE. ) );
#1271 = VERTEX_POINT ( 'NONE', #796 ) ;
#1272 = DIRECTION ( 'NONE',  ( -0.000000000000000000, 0.000000000000000000, 1.000000000000000000 ) ) ;
#1273 = EDGE_CURVE ( 'NONE', #1439, #875, #653, .T. ) ;
#1274 = DIRECTION ( 'NONE',  ( -1.000000000000000000, -1.150347132610615279E-16, 0.000000000000000000 ) ) ;
#1275 = DIRECTION ( 'NONE',  ( 1.000000000000000000, 0.000000000000000000, 0.000000000000000000 ) ) ;
#1276 = ORIENTED_EDGE ( 'NONE', *, *, #694, .T. ) ;
#1277 = ADVANCED_FACE ( 'NONE', ( #1099 ), #254, .F. ) ;
#1278 = ORIENTED_EDGE ( 'NONE', *, *, #1214, .T. ) ;
#1279 = FACE_OUTER_BOUND ( 'NONE', #1019, .T. ) ;
#1280 = ORIENTED_EDGE ( 'NONE', *, *, #1438, .T. ) ;
#1281 = LINE ( 'NONE', #89, #330 ) ;
#1282 = AXIS2_PLACEMENT_3D ( 'NONE', #962, #141, #1424 ) ;
#1283 = CIRCLE ( 'NONE', #1411, 1.000000000000000000 ) ;
#1284 = DIRECTION ( 'NONE',  ( 0.000000000000000000, -0.000000000000000000, -1.000000000000000000 ) ) ;
#1285 = CARTESIAN_POINT ( 'NONE',  ( 1.994931997373328159E-14, 1.110223024625156540E-13, 4.499999999999998224 ) ) ;
#1286 = AXIS2_PLACEMENT_3D ( 'NONE', #1645, #106, #1131 ) ;
#1287 = ORIENTED_EDGE ( 'NONE', *, *, #1001, .T. ) ;
#1288 = ADVANCED_FACE ( 'NONE', ( #967 ), #1485, .T. ) ;
#1289 = VERTEX_POINT ( 'NONE', #1638 ) ;
#1290 = DIRECTION ( 'NONE',  ( -0.000000000000000000, 0.000000000000000000, 1.000000000000000000 ) ) ;
#1291 = DIRECTION ( 'NONE',  ( -0.000000000000000000, 0.000000000000000000, 1.000000000000000000 ) ) ;
#1292 = DIRECTION ( 'NONE',  ( 1.000000000000000000, 0.000000000000000000, 0.000000000000000000 ) ) ;
#1293 = ORIENTED_EDGE ( 'NONE', *, *, #1558, .T. ) ;
#1294 = PRODUCT_RELATED_PRODUCT_CATEGORY ( 'detail', '', ( #250 ) ) ;
#1295 = DESIGN_CONTEXT ( 'detailed design', #1054, 'design' ) ;
#1296 = VERTEX_POINT ( 'NONE', #763 ) ;
#1297 = FACE_OUTER_BOUND ( 'NONE', #288, .T. ) ;
#1298 = FACE_OUTER_BOUND ( 'NONE', #1389, .T. ) ;
#1299 = ORIENTED_EDGE ( 'NONE', *, *, #516, .T. ) ;
#1300 = ORIENTED_EDGE ( 'NONE', *, *, #1676, .T. ) ;
#1301 = ORIENTED_EDGE ( 'NONE', *, *, #1079, .F. ) ;
#1302 = EDGE_CURVE ( 'NONE', #1493, #1423, #860, .T. ) ;
#1303 = CARTESIAN_POINT ( 'NONE',  ( 1.994931997373328159E-14, 1.110223024625156540E-13, 0.4999999999999935052 ) ) ;
#1304 = LINE ( 'NONE', #916, #81 ) ;
#1305 = AXIS2_PLACEMENT_3D ( 'NONE', #257, #635, #1052 ) ;
#1306 = CARTESIAN_POINT ( 'NONE',  ( -12.69999999999999218, -2.299999999999885247, 1.000000000000000000 ) ) ;
#1307 = CARTESIAN_POINT ( 'NONE',  ( 1.460940858415481634E-15, 47.70000000000007390, 5.000000000000000000 ) ) ;
#1308 = ORIENTED_EDGE ( 'NONE', *, *, #1503, .F. ) ;
#1309 = AXIS2_PLACEMENT_3D ( 'NONE', #617, #1533, #241 ) ;
#1310 = CIRCLE ( 'NONE', #114, 1.000000000000000000 ) ;
#1311 = ORIENTED_EDGE ( 'NONE', *, *, #486, .T. ) ;
#1312 = CARTESIAN_POINT ( 'NONE',  ( 5.700000000000007283, 19.70000000000015561, -3.000000000000000000 ) ) ;
#1313 = DIRECTION ( 'NONE',  ( -0.7071067811865402453, 0.000000000000000000, -0.7071067811865549002 ) ) ;
#1314 = CYLINDRICAL_SURFACE ( 'NONE', #1150, 12.69999999999999929 ) ;
#1315 = EDGE_CURVE ( 'NONE', #133, #1527, #1525, .T. ) ;
#1316 = CARTESIAN_POINT ( 'NONE',  ( 12.70000000000000107, 47.70000000000007390, 4.000000000000000000 ) ) ;
#1317 = ORIENTED_EDGE ( 'NONE', *, *, #249, .T. ) ;
#1318 = ORIENTED_EDGE ( 'NONE', *, *, #122, .F. ) ;
#1319 = CARTESIAN_POINT ( 'NONE',  ( -10.70000000000000639, 19.70000000000015561, -3.000000000000000000 ) ) ;
#1320 = FACE_OUTER_BOUND ( 'NONE', #1592, .T. ) ;
#1321 = DIRECTION ( 'NONE',  ( -1.000000000000000000, 0.000000000000000000, 0.000000000000000000 ) ) ;
#1322 = VERTEX_POINT ( 'NONE', #1505 ) ;
#1323 = EDGE_CURVE ( 'NONE', #715, #13, #1152, .T. ) ;
#1324 = ORIENTED_EDGE ( 'NONE', *, *, #447, .T. ) ;
#1325 = EDGE_CURVE ( 'NONE', #1083, #944, #1510, .T. ) ;
#1326 = DIRECTION ( 'NONE',  ( -0.000000000000000000, -0.000000000000000000, -1.000000000000000000 ) ) ;
#1327 = CARTESIAN_POINT ( 'NONE',  ( -5.700000000000005507, 19.70000000000015561, -4.000000000000000000 ) ) ;
#1328 = DIRECTION ( 'NONE',  ( -0.000000000000000000, 0.000000000000000000, -1.000000000000000000 ) ) ;
#1329 = ORIENTED_EDGE ( 'NONE', *, *, #1488, .F. ) ;
#1330 = VECTOR ( 'NONE', #358, 1000.000000000000000 ) ;
#1331 = VECTOR ( 'NONE', #693, 1000.000000000000000 ) ;
#1332 = ORIENTED_EDGE ( 'NONE', *, *, #363, .T. ) ;
#1333 = CIRCLE ( 'NONE', #1447, 4.000000000000000000 ) ;
#1334 = VECTOR ( 'NONE', #528, 1000.000000000000000 ) ;
#1335 = CIRCLE ( 'NONE', #60, 4.000000000000000000 ) ;
#1336 = EDGE_CURVE ( 'NONE', #1104, #927, #1018, .T. ) ;
#1337 = CARTESIAN_POINT ( 'NONE',  ( -11.69999999999999751, 47.70000000000007390, 5.000000000000000000 ) ) ;
#1338 = CARTESIAN_POINT ( 'NONE',  ( 5.700000000000007283, 19.70000000000015561, -3.000000000000000000 ) ) ;
#1339 = CARTESIAN_POINT ( 'NONE',  ( 11.70000000000000639, 1.345906145154420426E-15, 4.000000000000000000 ) ) ;
#1340 = VERTEX_POINT ( 'NONE', #80 ) ;
#1341 = DIRECTION ( 'NONE',  ( -1.000000000000000000, 0.000000000000000000, 0.000000000000000000 ) ) ;
#1342 = EDGE_CURVE ( 'NONE', #665, #1132, #1602, .T. ) ;
#1343 = CARTESIAN_POINT ( 'NONE',  ( -11.69999999999999218, -1.345906145154418849E-15, 0.000000000000000000 ) ) ;
#1344 = DIRECTION ( 'NONE',  ( 0.000000000000000000, 0.000000000000000000, -1.000000000000000000 ) ) ;
#1345 = VERTEX_POINT ( 'NONE', #883 ) ;
#1346 = ORIENTED_EDGE ( 'NONE', *, *, #27, .F. ) ;
#1347 = CARTESIAN_POINT ( 'NONE',  ( -3.699999999999986411, 45.40000000000007674, 0.000000000000000000 ) ) ;
#1348 = EDGE_CURVE ( 'NONE', #1573, #271, #844, .T. ) ;
#1349 = CARTESIAN_POINT ( 'NONE',  ( -11.69999999999999218, -2.299999999999885247, 5.000000000000000000 ) ) ;
#1350 = LOCAL_TIME ( 14, 34, 52.00000000000000000, #1621 ) ;
#1351 = VERTEX_POINT ( 'NONE', #238 ) ;
#1352 = DIRECTION ( 'NONE',  ( -1.084202172485509241E-16, -1.000000000000000000, 0.000000000000000000 ) ) ;
#1353 = ORIENTED_EDGE ( 'NONE', *, *, #912, .F. ) ;
#1354 = AXIS2_PLACEMENT_3D ( 'NONE', #130, #511, #1677 ) ;
#1355 = AXIS2_PLACEMENT_3D ( 'NONE', #985, #1504, #1368 ) ;
#1356 = CYLINDRICAL_SURFACE ( 'NONE', #487, 12.69999999999999929 ) ;
#1357 = AXIS2_PLACEMENT_3D ( 'NONE', #311, #832, #410 ) ;
#1358 = CIRCLE ( 'NONE', #517, 12.69999999999999929 ) ;
#1359 = AXIS2_PLACEMENT_3D ( 'NONE', #1216, #829, #1344 ) ;
#1360 = DIRECTION ( 'NONE',  ( -0.000000000000000000, -0.000000000000000000, -1.000000000000000000 ) ) ;
#1361 = ORIENTED_EDGE ( 'NONE', *, *, #233, .T. ) ;
#1362 = ADVANCED_FACE ( 'NONE', ( #346, #870, #1539 ), #369, .T. ) ;
#1363 = DIRECTION ( 'NONE',  ( 1.000000000000000000, 0.000000000000000000, 0.000000000000000000 ) ) ;
#1364 = CARTESIAN_POINT ( 'NONE',  ( -3.699999999999947331, 1.110223024625156540E-13, 0.000000000000000000 ) ) ;
#1365 = VERTEX_POINT ( 'NONE', #893 ) ;
#1366 = DIRECTION ( 'NONE',  ( 0.000000000000000000, -0.000000000000000000, -1.000000000000000000 ) ) ;
#1367 = FACE_OUTER_BOUND ( 'NONE', #913, .T. ) ;
#1368 = DIRECTION ( 'NONE',  ( -1.000000000000000000, 0.000000000000000000, 0.000000000000000000 ) ) ;
#1369 = CARTESIAN_POINT ( 'NONE',  ( 10.70000000000000817, 25.70000000000008811, -3.000000000000000000 ) ) ;
#1370 = CC_DESIGN_PERSON_AND_ORGANIZATION_ASSIGNMENT ( #1526, #742, ( #1489 ) ) ;
#1371 = EDGE_CURVE ( 'NONE', #489, #13, #1254, .T. ) ;
#1372 = DIRECTION ( 'NONE',  ( 0.7071067811865456854, 8.659560562354909439E-17, -0.7071067811865493491 ) ) ;
#1373 = DIRECTION ( 'NONE',  ( 0.000000000000000000, 0.000000000000000000, 1.000000000000000000 ) ) ;
#1374 = CARTESIAN_POINT ( 'NONE',  ( 6.938893903907228378E-15, -2.299999999999885247, 1.000000000000000000 ) ) ;
#1375 = CARTESIAN_POINT ( 'NONE',  ( 12.70000000000000639, -2.299999999999885247, 5.000000000000000000 ) ) ;
#1376 = CARTESIAN_POINT ( 'NONE',  ( -11.69999999999999218, -2.299999999999885247, 4.000000000000000000 ) ) ;
#1377 = DIRECTION ( 'NONE',  ( -1.000000000000000000, 0.000000000000000000, 0.000000000000000000 ) ) ;
#1378 = DIRECTION ( 'NONE',  ( -0.000000000000000000, 0.000000000000000000, 1.000000000000000000 ) ) ;
#1379 = ADVANCED_FACE ( 'NONE', ( #469 ), #933, .F. ) ;
#1380 = CIRCLE ( 'NONE', #407, 1.000000000000000000 ) ;
#1381 = VECTOR ( 'NONE', #1466, 1000.000000000000000 ) ;
#1382 = VECTOR ( 'NONE', #1068, 1000.000000000000000 ) ;
#1383 = PERSON_AND_ORGANIZATION ( #654, #302 ) ;
#1384 = DIRECTION ( 'NONE',  ( 1.000000000000000000, 0.000000000000000000, 0.000000000000000000 ) ) ;
#1385 = CIRCLE ( 'NONE', #822, 11.69999999999999929 ) ;
#1386 = CARTESIAN_POINT ( 'NONE',  ( 7.212676521468553838E-15, -2.299999999999885247, 0.000000000000000000 ) ) ;
#1387 = CYLINDRICAL_SURFACE ( 'NONE', #378, 1.000000000000000000 ) ;
#1388 = DIRECTION ( 'NONE',  ( 0.000000000000000000, 0.000000000000000000, 1.000000000000000000 ) ) ;
#1389 = EDGE_LOOP ( 'NONE', ( #1361, #1393, #1217, #578 ) ) ;
#1390 = CARTESIAN_POINT ( 'NONE',  ( 0.000000000000000000, 0.000000000000000000, 0.000000000000000000 ) ) ;
#1391 = EDGE_CURVE ( 'NONE', #875, #564, #8, .T. ) ;
#1392 = PERSON_AND_ORGANIZATION_ROLE ( 'classification_officer' ) ;
#1393 = ORIENTED_EDGE ( 'NONE', *, *, #862, .F. ) ;
#1394 = CARTESIAN_POINT ( 'NONE',  ( -12.69999999999999218, -2.299999999999885247, 5.000000000000000000 ) ) ;
#1395 = DIRECTION ( 'NONE',  ( 1.000000000000000000, 0.000000000000000000, 0.000000000000000000 ) ) ;
#1396 = DIRECTION ( 'NONE',  ( 1.000000000000000000, -0.000000000000000000, 0.000000000000000000 ) ) ;
#1397 = VERTEX_POINT ( 'NONE', #474 ) ;
#1398 = ORIENTED_EDGE ( 'NONE', *, *, #1325, .F. ) ;
#1399 = CARTESIAN_POINT ( 'NONE',  ( 5.700000000000007283, 19.70000000000015561, -1.000000000000000000 ) ) ;
#1400 = DIRECTION ( 'NONE',  ( 1.000000000000000000, 0.000000000000000000, 0.000000000000000000 ) ) ;
#1401 = VERTEX_POINT ( 'NONE', #623 ) ;
#1402 = DIRECTION ( 'NONE',  ( 1.000000000000000000, 0.000000000000000000, 0.000000000000000000 ) ) ;
#1403 = DIRECTION ( 'NONE',  ( -0.000000000000000000, 0.000000000000000000, 1.000000000000000000 ) ) ;
#1404 = EDGE_CURVE ( 'NONE', #1544, #649, #1671, .T. ) ;
#1405 = CARTESIAN_POINT ( 'NONE',  ( 12.69999999999999929, 60.40000000000007674, 5.000000000000000000 ) ) ;
#1406 = DIRECTION ( 'NONE',  ( 0.000000000000000000, 1.000000000000000000, 0.000000000000000000 ) ) ;
#1407 = ORIENTED_EDGE ( 'NONE', *, *, #921, .F. ) ;
#1408 = DIRECTION ( 'NONE',  ( 1.000000000000000000, 0.000000000000000000, 0.000000000000000000 ) ) ;
#1409 = CIRCLE ( 'NONE', #1225, 3.200000000000002398 ) ;
#1410 = AXIS2_PLACEMENT_3D ( 'NONE', #116, #1256, #1159 ) ;
#1411 = AXIS2_PLACEMENT_3D ( 'NONE', #947, #285, #806 ) ;
#1412 = ORIENTED_EDGE ( 'NONE', *, *, #1534, .T. ) ;
#1413 = CARTESIAN_POINT ( 'NONE',  ( 8.558582666622974659E-15, -13.99999999999988454, 5.000000000000000000 ) ) ;
#1414 = VECTOR ( 'NONE', #850, 1000.000000000000000 ) ;
#1415 = AXIS2_PLACEMENT_3D ( 'NONE', #326, #710, #1057 ) ;
#1416 = CARTESIAN_POINT ( 'NONE',  ( -5.700000000000005507, 19.70000000000015561, -1.000000000000000000 ) ) ;
#1417 = DIRECTION ( 'NONE',  ( 0.000000000000000000, 0.000000000000000000, -1.000000000000000000 ) ) ;
#1418 = AXIS2_PLACEMENT_3D ( 'NONE', #1312, #149, #666 ) ;
#1419 = ORIENTED_EDGE ( 'NONE', *, *, #1336, .T. ) ;
#1420 = EDGE_CURVE ( 'NONE', #1493, #959, #956, .T. ) ;
#1421 = AXIS2_PLACEMENT_3D ( 'NONE', #213, #1290, #605 ) ;
#1422 = ORIENTED_EDGE ( 'NONE', *, *, #1589, .T. ) ;
#1423 = VERTEX_POINT ( 'NONE', #99 ) ;
#1424 = DIRECTION ( 'NONE',  ( -1.000000000000000000, 0.000000000000000000, 0.000000000000000000 ) ) ;
#1425 = CARTESIAN_POINT ( 'NONE',  ( -5.700000000000003730, 31.70000000000008811, -1.000000000000000000 ) ) ;
#1426 = EDGE_LOOP ( 'NONE', ( #1189, #1163, #448, #588 ) ) ;
#1427 = ORIENTED_EDGE ( 'NONE', *, *, #906, .F. ) ;
#1428 = EDGE_CURVE ( 'NONE', #875, #1289, #615, .T. ) ;
#1429 = EDGE_LOOP ( 'NONE', ( #973, #811, #1625, #397 ) ) ;
#1430 = CARTESIAN_POINT ( 'NONE',  ( 6.938893903907228378E-15, -2.299999999999885247, 0.000000000000000000 ) ) ;
#1431 = CARTESIAN_POINT ( 'NONE',  ( -12.69999999999999929, 60.40000000000007674, 1.000000000000000000 ) ) ;
#1432 = DIRECTION ( 'NONE',  ( 1.000000000000000000, -0.000000000000000000, 0.000000000000000000 ) ) ;
#1433 = DIRECTION ( 'NONE',  ( -1.000000000000000000, 0.000000000000000000, 0.000000000000000000 ) ) ;
#1434 = EDGE_LOOP ( 'NONE', ( #293, #1258, #14, #1572 ) ) ;
#1435 = ORIENTED_EDGE ( 'NONE', *, *, #1420, .T. ) ;
#1436 = LINE ( 'NONE', #810, #1471 ) ;
#1437 = APPROVAL_PERSON_ORGANIZATION ( #364, #815, #1110 ) ;
#1438 = EDGE_CURVE ( 'NONE', #1322, #1401, #223, .T. ) ;
#1439 = VERTEX_POINT ( 'NONE', #483 ) ;
#1440 = CARTESIAN_POINT ( 'NONE',  ( -3.699999999999986411, 45.40000000000007674, 0.000000000000000000 ) ) ;
#1441 = DIRECTION ( 'NONE',  ( 0.000000000000000000, -0.000000000000000000, 1.000000000000000000 ) ) ;
#1442 = CIRCLE ( 'NONE', #567, 5.000000000000000888 ) ;
#1443 = CARTESIAN_POINT ( 'NONE',  ( -3.199999999999956213, 1.110223024625156540E-13, 5.000000000000000000 ) ) ;
#1444 = DIRECTION ( 'NONE',  ( 1.000000000000000000, -0.000000000000000000, 0.000000000000000000 ) ) ;
#1445 = ORIENTED_EDGE ( 'NONE', *, *, #1302, .T. ) ;
#1446 = AXIS2_PLACEMENT_3D ( 'NONE', #392, #305, #659 ) ;
#1447 = AXIS2_PLACEMENT_3D ( 'NONE', #618, #1135, #307 ) ;
#1448 = CIRCLE ( 'NONE', #1359, 1.000000000000000000 ) ;
#1449 = ORIENTED_EDGE ( 'NONE', *, *, #286, .F. ) ;
#1450 = PLANE ( 'NONE',  #349 ) ;
#1451 = EDGE_CURVE ( 'NONE', #963, #672, #1229, .T. ) ;
#1452 = ORIENTED_EDGE ( 'NONE', *, *, #438, .F. ) ;
#1453 = DIRECTION ( 'NONE',  ( 1.000000000000000000, 0.000000000000000000, 0.000000000000000000 ) ) ;
#1454 = ADVANCED_FACE ( 'NONE', ( #1298 ), #797, .T. ) ;
#1455 = EDGE_LOOP ( 'NONE', ( #127, #1452, #938, #422 ) ) ;
#1456 = ORIENTED_EDGE ( 'NONE', *, *, #1325, .T. ) ;
#1457 = DIRECTION ( 'NONE',  ( -0.000000000000000000, 0.000000000000000000, 1.000000000000000000 ) ) ;
#1458 = ORIENTED_EDGE ( 'NONE', *, *, #1620, .T. ) ;
#1459 = DIRECTION ( 'NONE',  ( 0.000000000000000000, 0.000000000000000000, -1.000000000000000000 ) ) ;
#1460 = DIRECTION ( 'NONE',  ( -0.000000000000000000, 0.000000000000000000, 1.000000000000000000 ) ) ;
#1461 = ORIENTED_EDGE ( 'NONE', *, *, #1235, .T. ) ;
#1462 = EDGE_CURVE ( 'NONE', #1439, #843, #1199, .T. ) ;
#1463 = ORIENTED_EDGE ( 'NONE', *, *, #1583, .T. ) ;
#1464 = LINE ( 'NONE', #1431, #795 ) ;
#1465 = DIRECTION ( 'NONE',  ( 1.000000000000000000, 0.000000000000000000, 0.000000000000000000 ) ) ;
#1466 = DIRECTION ( 'NONE',  ( 0.7071067811865493491, 0.000000000000000000, 0.7071067811865456854 ) ) ;
#1467 = CIRCLE ( 'NONE', #729, 11.69999999999999929 ) ;
#1468 = EDGE_CURVE ( 'NONE', #1049, #1245, #1069, .T. ) ;
#1469 = AXIS2_PLACEMENT_3D ( 'NONE', #1339, #723, #949 ) ;
#1470 = ORIENTED_EDGE ( 'NONE', *, *, #1167, .F. ) ;
#1471 = VECTOR ( 'NONE', #273, 1000.000000000000000 ) ;
#1472 = AXIS2_PLACEMENT_3D ( 'NONE', #1639, #351, #713 ) ;
#1473 = AXIS2_PLACEMENT_3D ( 'NONE', #1590, #1360, #1097 ) ;
#1474 = AXIS2_PLACEMENT_3D ( 'NONE', #479, #1005, #1400 ) ;
#1475 = LINE ( 'NONE', #1343, #139 ) ;
#1476 = FACE_OUTER_BOUND ( 'NONE', #129, .T. ) ;
#1477 = DIRECTION ( 'NONE',  ( -1.000000000000000000, 0.000000000000000000, 0.000000000000000000 ) ) ;
#1478 = ORIENTED_EDGE ( 'NONE', *, *, #1451, .T. ) ;
#1479 = DIRECTION ( 'NONE',  ( 0.000000000000000000, -0.000000000000000000, -1.000000000000000000 ) ) ;
#1480 = EDGE_CURVE ( 'NONE', #1082, #1114, #85, .T. ) ;
#1481 = ORIENTED_EDGE ( 'NONE', *, *, #406, .F. ) ;
#1482 = CARTESIAN_POINT ( 'NONE',  ( -11.69999999999999751, 47.70000000000007390, 0.000000000000000000 ) ) ;
#1483 = DIRECTION ( 'NONE',  ( 1.000000000000000000, 0.000000000000000000, 0.000000000000000000 ) ) ;
#1484 = DIRECTION ( 'NONE',  ( -0.000000000000000000, -0.000000000000000000, -1.000000000000000000 ) ) ;
#1485 = CYLINDRICAL_SURFACE ( 'NONE', #656, 1.000000000000000888 ) ;
#1486 = ORIENTED_EDGE ( 'NONE', *, *, #43, .T. ) ;
#1487 = DIRECTION ( 'NONE',  ( -0.000000000000000000, -0.000000000000000000, -1.000000000000000000 ) ) ;
#1488 = EDGE_CURVE ( 'NONE', #946, #873, #412, .T. ) ;
#1489 = PRODUCT_DEFINITION_FORMATION_WITH_SPECIFIED_SOURCE ( 'ANY', '', #250, .NOT_KNOWN. ) ;
#1490 = DIRECTION ( 'NONE',  ( -1.000000000000000000, 0.000000000000000000, 0.000000000000000000 ) ) ;
#1491 = EDGE_LOOP ( 'NONE', ( #534, #1557 ) ) ;
#1492 = LINE ( 'NONE', #1375, #34 ) ;
#1493 = VERTEX_POINT ( 'NONE', #663 ) ;
#1494 = AXIS2_PLACEMENT_3D ( 'NONE', #787, #1091, #1341 ) ;
#1495 = AXIS2_PLACEMENT_3D ( 'NONE', #1172, #505, #1663 ) ;
#1496 = DIRECTION ( 'NONE',  ( 0.000000000000000000, -0.000000000000000000, -1.000000000000000000 ) ) ;
#1497 = AXIS2_PLACEMENT_3D ( 'NONE', #589, #1629, #342 ) ;
#1498 = AXIS2_PLACEMENT_3D ( 'NONE', #1655, #1219, #182 ) ;
#1499 = AXIS2_PLACEMENT_3D ( 'NONE', #229, #854, #1265 ) ;
#1500 = CC_DESIGN_PERSON_AND_ORGANIZATION_ASSIGNMENT ( #619, #1237, ( #250 ) ) ;
#1501 = APPLICATION_PROTOCOL_DEFINITION ( 'international standard', 'config_control_design', 1994, #1054 ) ;
#1502 = ORIENTED_EDGE ( 'NONE', *, *, #720, .F. ) ;
#1503 = EDGE_CURVE ( 'NONE', #328, #1351, #1028, .T. ) ;
#1504 = DIRECTION ( 'NONE',  ( -0.000000000000000000, 0.000000000000000000, -1.000000000000000000 ) ) ;
#1505 = CARTESIAN_POINT ( 'NONE',  ( 3.200000000000017941, 45.40000000000007674, 4.500000000000009770 ) ) ;
#1506 = CARTESIAN_POINT ( 'NONE',  ( 9.700000000000004619, 25.70000000000008811, -4.000000000000000000 ) ) ;
#1507 = DATE_AND_TIME ( #494, #600 ) ;
#1508 = DIRECTION ( 'NONE',  ( -1.150347132610615279E-16, 1.000000000000000000, 0.000000000000000000 ) ) ;
#1509 = FACE_OUTER_BOUND ( 'NONE', #272, .T. ) ;
#1510 = LINE ( 'NONE', #359, #280 ) ;
#1511 = ADVANCED_FACE ( 'NONE', ( #376 ), #262, .F. ) ;
#1512 = ORIENTED_EDGE ( 'NONE', *, *, #1273, .F. ) ;
#1513 = DIRECTION ( 'NONE',  ( 1.000000000000000000, 0.000000000000000000, 0.000000000000000000 ) ) ;
#1514 = LINE ( 'NONE', #877, #379 ) ;
#1515 = ADVANCED_FACE ( 'NONE', ( #146 ), #1184, .F. ) ;
#1516 = DIRECTION ( 'NONE',  ( 1.000000000000000000, 0.000000000000000000, 0.000000000000000000 ) ) ;
#1517 = DIRECTION ( 'NONE',  ( -0.000000000000000000, 0.000000000000000000, 1.000000000000000000 ) ) ;
#1518 = DIRECTION ( 'NONE',  ( 0.000000000000000000, 0.000000000000000000, 1.000000000000000000 ) ) ;
#1519 = EDGE_CURVE ( 'NONE', #1439, #1031, #1310, .T. ) ;
#1520 = DIRECTION ( 'NONE',  ( -1.000000000000000000, 0.000000000000000000, 0.000000000000000000 ) ) ;
#1521 = CARTESIAN_POINT ( 'NONE',  ( 5.700000000000007283, 15.70000000000015561, -4.000000000000000000 ) ) ;
#1522 = TOROIDAL_SURFACE ( 'NONE', #162, 11.69999999999999929, 1.000000000000000000 ) ;
#1523 = CIRCLE ( 'NONE', #930, 12.69999999999999929 ) ;
#1524 = AXIS2_PLACEMENT_3D ( 'NONE', #416, #155, #1188 ) ;
#1525 = CIRCLE ( 'NONE', #1659, 12.69999999999999929 ) ;
#1526 = PERSON_AND_ORGANIZATION ( #654, #302 ) ;
#1527 = VERTEX_POINT ( 'NONE', #1316 ) ;
#1528 = FACE_OUTER_BOUND ( 'NONE', #370, .T. ) ;
#1529 = LINE ( 'NONE', #999, #485 ) ;
#1530 = DIRECTION ( 'NONE',  ( 0.000000000000000000, -1.000000000000000000, 0.000000000000000000 ) ) ;
#1531 = ORIENTED_EDGE ( 'NONE', *, *, #765, .F. ) ;
#1532 = EDGE_LOOP ( 'NONE', ( #1300, #287, #538, #1107, #777, #1062 ) ) ;
#1533 = DIRECTION ( 'NONE',  ( -0.000000000000000000, 0.000000000000000000, 1.000000000000000000 ) ) ;
#1534 = EDGE_CURVE ( 'NONE', #157, #1013, #834, .T. ) ;
#1535 = DATE_TIME_ROLE ( 'classification_date' ) ;
#1536 = EDGE_LOOP ( 'NONE', ( #1456, #507, #42, #1422 ) ) ;
#1537 = DIRECTION ( 'NONE',  ( 0.000000000000000000, -0.000000000000000000, -1.000000000000000000 ) ) ;
#1538 = CARTESIAN_POINT ( 'NONE',  ( 11.69999999999999929, 60.40000000000007674, 1.000000000000000000 ) ) ;
#1539 = FACE_BOUND ( 'NONE', #620, .T. ) ;
#1540 = ORIENTED_EDGE ( 'NONE', *, *, #294, .F. ) ;
#1541 = ORIENTED_EDGE ( 'NONE', *, *, #878, .T. ) ;
#1542 = DIRECTION ( 'NONE',  ( -0.000000000000000000, -0.000000000000000000, -1.000000000000000000 ) ) ;
#1543 = EDGE_CURVE ( 'NONE', #1030, #1081, #1448, .T. ) ;
#1544 = VERTEX_POINT ( 'NONE', #699 ) ;
#1545 = DIRECTION ( 'NONE',  ( 0.000000000000000000, -0.000000000000000000, -1.000000000000000000 ) ) ;
#1546 = LINE ( 'NONE', #497, #543 ) ;
#1547 = DIRECTION ( 'NONE',  ( -0.000000000000000000, 0.000000000000000000, 1.000000000000000000 ) ) ;
#1548 = ORIENTED_EDGE ( 'NONE', *, *, #1574, .F. ) ;
#1549 = AXIS2_PLACEMENT_3D ( 'NONE', #1669, #634, #780 ) ;
#1550 = AXIS2_PLACEMENT_3D ( 'NONE', #1148, #244, #96 ) ;
#1551 = AXIS2_PLACEMENT_3D ( 'NONE', #1145, #1647, #857 ) ;
#1552 = ORIENTED_EDGE ( 'NONE', *, *, #1576, .F. ) ;
#1553 = AXIS2_PLACEMENT_3D ( 'NONE', #260, #1479, #1043 ) ;
#1554 = AXIS2_PLACEMENT_3D ( 'NONE', #413, #1547, #918 ) ;
#1555 = CARTESIAN_POINT ( 'NONE',  ( 12.70000000000000639, -2.299999999999885247, 4.000000000000000000 ) ) ;
#1556 =( GEOMETRIC_REPRESENTATION_CONTEXT ( 3 ) GLOBAL_UNCERTAINTY_ASSIGNED_CONTEXT ( ( #712 ) ) GLOBAL_UNIT_ASSIGNED_CONTEXT ( ( #1270, #77, #1635 ) ) REPRESENTATION_CONTEXT ( 'NONE', 'WORKASPACE' ) );
#1557 = ORIENTED_EDGE ( 'NONE', *, *, #274, .T. ) ;
#1558 = EDGE_CURVE ( 'NONE', #564, #1031, #1335, .T. ) ;
#1559 = ORIENTED_EDGE ( 'NONE', *, *, #613, .T. ) ;
#1560 = ORIENTED_EDGE ( 'NONE', *, *, #671, .T. ) ;
#1561 = DIRECTION ( 'NONE',  ( 1.000000000000000000, 0.000000000000000000, 0.000000000000000000 ) ) ;
#1562 = DIRECTION ( 'NONE',  ( 1.000000000000000000, 0.000000000000000000, 0.000000000000000000 ) ) ;
#1563 = CARTESIAN_POINT ( 'NONE',  ( 10.70000000000000817, 25.70000000000008811, -1.000000000000000000 ) ) ;
#1564 = ORIENTED_EDGE ( 'NONE', *, *, #1468, .F. ) ;
#1565 = ADVANCED_FACE ( 'NONE', ( #308 ), #972, .F. ) ;
#1566 = ORIENTED_EDGE ( 'NONE', *, *, #1109, .F. ) ;
#1567 = ORIENTED_EDGE ( 'NONE', *, *, #774, .F. ) ;
#1568 = CARTESIAN_POINT ( 'NONE',  ( 5.700000000000007283, 19.70000000000015561, -1.000000000000000000 ) ) ;
#1569 = DIRECTION ( 'NONE',  ( -1.000000000000000000, 0.000000000000000000, 0.000000000000000000 ) ) ;
#1570 = CARTESIAN_POINT ( 'NONE',  ( 3.199999999999996181, 1.114141894382428141E-13, 5.000000000000000000 ) ) ;
#1571 = CARTESIAN_POINT ( 'NONE',  ( 10.70000000000000639, 13.70000000000015561, -1.000000000000000000 ) ) ;
#1572 = ORIENTED_EDGE ( 'NONE', *, *, #1047, .T. ) ;
#1573 = VERTEX_POINT ( 'NONE', #1349 ) ;
#1574 = EDGE_CURVE ( 'NONE', #760, #928, #188, .T. ) ;
#1575 = LINE ( 'NONE', #932, #705 ) ;
#1576 = EDGE_CURVE ( 'NONE', #1573, #180, #301, .T. ) ;
#1577 = CARTESIAN_POINT ( 'NONE',  ( -12.69999999999999218, -2.299999999999885247, 4.000000000000000000 ) ) ;
#1578 = CARTESIAN_POINT ( 'NONE',  ( -5.700000000000005507, 14.70000000000015561, -1.000000000000000000 ) ) ;
#1579 = ORIENTED_EDGE ( 'NONE', *, *, #698, .F. ) ;
#1580 = CIRCLE ( 'NONE', #794, 1.000000000000000000 ) ;
#1581 = ORIENTED_EDGE ( 'NONE', *, *, #661, .F. ) ;
#1582 = DIRECTION ( 'NONE',  ( -1.084202172485509241E-16, -1.000000000000000000, 0.000000000000000000 ) ) ;
#1583 = EDGE_CURVE ( 'NONE', #650, #963, #433, .T. ) ;
#1584 = DIRECTION ( 'NONE',  ( -1.084202172485509241E-16, -1.000000000000000000, 0.000000000000000000 ) ) ;
#1585 = DIRECTION ( 'NONE',  ( 1.000000000000000000, 0.000000000000000000, 0.000000000000000000 ) ) ;
#1586 = ORIENTED_EDGE ( 'NONE', *, *, #1302, .F. ) ;
#1587 = ORIENTED_EDGE ( 'NONE', *, *, #493, .F. ) ;
#1588 = DIRECTION ( 'NONE',  ( 1.000000000000000000, 0.000000000000000000, 0.000000000000000000 ) ) ;
#1589 = EDGE_CURVE ( 'NONE', #372, #1083, #1230, .T. ) ;
#1590 = CARTESIAN_POINT ( 'NONE',  ( 1.561251128379126385E-14, 45.40000000000007674, 5.000000000000000000 ) ) ;
#1591 = LINE ( 'NONE', #1608, #1331 ) ;
#1592 = EDGE_LOOP ( 'NONE', ( #1020, #1318, #960, #532 ) ) ;
#1593 = CARTESIAN_POINT ( 'NONE',  ( 3.200000000000017941, 45.40000000000007674, 0.5000000000000099920 ) ) ;
#1594 = DIRECTION ( 'NONE',  ( -0.000000000000000000, 0.000000000000000000, 1.000000000000000000 ) ) ;
#1595 = ORIENTED_EDGE ( 'NONE', *, *, #277, .T. ) ;
#1596 = CONICAL_SURFACE ( 'NONE', #1090, 3.199999999999976197, 0.7853981633974509435 ) ;
#1597 = CIRCLE ( 'NONE', #117, 12.69999999999999929 ) ;
#1598 = ORIENTED_EDGE ( 'NONE', *, *, #312, .F. ) ;
#1599 = AXIS2_PLACEMENT_3D ( 'NONE', #1210, #1182, #691 ) ;
#1600 = ADVANCED_FACE ( 'NONE', ( #1613 ), #556, .F. ) ;
#1601 = CIRCLE ( 'NONE', #704, 1.000000000000000000 ) ;
#1602 = CIRCLE ( 'NONE', #599, 1.000000000000000000 ) ;
#1603 = AXIS2_PLACEMENT_3D ( 'NONE', #549, #1073, #1585 ) ;
#1604 = DIRECTION ( 'NONE',  ( -0.000000000000000000, -0.000000000000000000, -1.000000000000000000 ) ) ;
#1605 = ORIENTED_EDGE ( 'NONE', *, *, #427, .F. ) ;
#1606 = PLANE ( 'NONE',  #1009 ) ;
#1607 = CARTESIAN_POINT ( 'NONE',  ( 6.938893903907228378E-15, -2.299999999999885247, 4.000000000000000000 ) ) ;
#1608 = CARTESIAN_POINT ( 'NONE',  ( -10.70000000000000639, 19.70000000000015561, -4.000000000000000000 ) ) ;
#1609 = DIRECTION ( 'NONE',  ( -1.000000000000000000, 0.000000000000000000, 0.000000000000000000 ) ) ;
#1610 = ORIENTED_EDGE ( 'NONE', *, *, #292, .F. ) ;
#1611 = ADVANCED_FACE ( 'NONE', ( #47 ), #463, .T. ) ;
#1612 = DIRECTION ( 'NONE',  ( -0.000000000000000000, 0.000000000000000000, 1.000000000000000000 ) ) ;
#1613 = FACE_OUTER_BOUND ( 'NONE', #428, .T. ) ;
#1614 = ORIENTED_EDGE ( 'NONE', *, *, #934, .F. ) ;
#1615 = CARTESIAN_POINT ( 'NONE',  ( -10.70000000000000462, 25.70000000000008811, -4.000000000000000000 ) ) ;
#1616 = DIRECTION ( 'NONE',  ( 1.000000000000000000, 0.000000000000000000, 0.000000000000000000 ) ) ;
#1617 = ORIENTED_EDGE ( 'NONE', *, *, #1428, .T. ) ;
#1618 = DIRECTION ( 'NONE',  ( 0.000000000000000000, 0.000000000000000000, -1.000000000000000000 ) ) ;
#1619 = ADVANCED_FACE ( 'NONE', ( #442 ), #1177, .T. ) ;
#1620 = EDGE_CURVE ( 'NONE', #1397, #1493, #874, .T. ) ;
#1621 = COORDINATED_UNIVERSAL_TIME_OFFSET ( 8, 0, .BEHIND. ) ;
#1622 = ORIENTED_EDGE ( 'NONE', *, *, #951, .T. ) ;
#1623 = CARTESIAN_POINT ( 'NONE',  ( 5.700000000000007283, 19.70000000000015561, 0.000000000000000000 ) ) ;
#1624 = CARTESIAN_POINT ( 'NONE',  ( -3.699999999999979305, 45.40000000000007674, 5.000000000000000000 ) ) ;
#1625 = ORIENTED_EDGE ( 'NONE', *, *, #1371, .F. ) ;
#1626 = AXIS2_PLACEMENT_3D ( 'NONE', #1, #1432, #1151 ) ;
#1627 = CIRCLE ( 'NONE', #818, 6.000000000000000000 ) ;
#1628 = VECTOR ( 'NONE', #1582, 1000.000000000000000 ) ;
#1629 = DIRECTION ( 'NONE',  ( -0.000000000000000000, 0.000000000000000000, 1.000000000000000000 ) ) ;
#1630 = AXIS2_PLACEMENT_3D ( 'NONE', #1115, #82, #576 ) ;
#1631 = VECTOR ( 'NONE', #1396, 1000.000000000000000 ) ;
#1632 = VECTOR ( 'NONE', #340, 1000.000000000000000 ) ;
#1633 = CIRCLE ( 'NONE', #1421, 12.69999999999999929 ) ;
#1634 = ADVANCED_FACE ( 'NONE', ( #562 ), #170, .F. ) ;
#1635 =( NAMED_UNIT ( * ) SI_UNIT ( $, .STERADIAN. ) SOLID_ANGLE_UNIT ( ) );
#1636 = CARTESIAN_POINT ( 'NONE',  ( 12.70000000000000639, -2.299999999999885247, 1.000000000000000000 ) ) ;
#1637 = DIRECTION ( 'NONE',  ( 0.000000000000000000, -0.000000000000000000, -1.000000000000000000 ) ) ;
#1638 = CARTESIAN_POINT ( 'NONE',  ( 10.70000000000000817, 25.70000000000008811, -3.000000000000000000 ) ) ;
#1639 = CARTESIAN_POINT ( 'NONE',  ( 1.561251128379126385E-14, 45.40000000000007674, 0.5000000000000099920 ) ) ;
#1640 = CARTESIAN_POINT ( 'NONE',  ( -10.70000000000000639, 19.70000000000015561, -3.000000000000000000 ) ) ;
#1641 = MECHANICAL_CONTEXT ( 'NONE', #1143, 'mechanical' ) ;
#1642 = CARTESIAN_POINT ( 'NONE',  ( 1.994931997373328159E-14, 1.110223024625156540E-13, 4.499999999999998224 ) ) ;
#1643 = ADVANCED_FACE ( 'NONE', ( #1476 ), #32, .F. ) ;
#1644 = CARTESIAN_POINT ( 'NONE',  ( -11.69999999999999218, -1.345906145154418849E-15, 0.000000000000000000 ) ) ;
#1645 = CARTESIAN_POINT ( 'NONE',  ( 9.700000000000006395, 19.70000000000015561, -3.000000000000000000 ) ) ;
#1646 = CYLINDRICAL_SURFACE ( 'NONE', #1038, 1.000000000000000888 ) ;
#1647 = DIRECTION ( 'NONE',  ( -0.000000000000000000, -0.000000000000000000, -1.000000000000000000 ) ) ;
#1648 = CARTESIAN_POINT ( 'NONE',  ( 9.700000000000004619, -1.051676107310944429E-15, -3.000000000000000000 ) ) ;
#1649 = CARTESIAN_POINT ( 'NONE',  ( 0.000000000000000000, 15.70000000000015561, -3.000000000000000000 ) ) ;
#1650 = DIRECTION ( 'NONE',  ( -1.000000000000000000, 0.000000000000000000, 0.000000000000000000 ) ) ;
#1651 = DIRECTION ( 'NONE',  ( 1.000000000000000000, 0.000000000000000000, 0.000000000000000000 ) ) ;
#1652 = ORIENTED_EDGE ( 'NONE', *, *, #912, .T. ) ;
#1653 = EDGE_CURVE ( 'NONE', #180, #760, #1385, .T. ) ;
#1654 = DIRECTION ( 'NONE',  ( -0.000000000000000000, 0.000000000000000000, 1.000000000000000000 ) ) ;
#1655 = CARTESIAN_POINT ( 'NONE',  ( 1.561251128379126385E-14, 45.40000000000007674, 0.000000000000000000 ) ) ;
#1656 = TOROIDAL_SURFACE ( 'NONE', #703, 11.69999999999999929, 1.000000000000000000 ) ;
#1657 = TOROIDAL_SURFACE ( 'NONE', #1309, 11.69999999999999929, 1.000000000000000000 ) ;
#1658 = VECTOR ( 'NONE', #964, 1000.000000000000000 ) ;
#1659 = AXIS2_PLACEMENT_3D ( 'NONE', #607, #725, #1000 ) ;
#1660 = DIRECTION ( 'NONE',  ( 0.000000000000000000, 0.000000000000000000, 1.000000000000000000 ) ) ;
#1661 = ORIENTED_EDGE ( 'NONE', *, *, #128, .T. ) ;
#1662 = CARTESIAN_POINT ( 'NONE',  ( -3.199999999999986855, 45.40000000000007674, 0.5000000000000099920 ) ) ;
#1663 = DIRECTION ( 'NONE',  ( 1.000000000000000000, 0.000000000000000000, 0.000000000000000000 ) ) ;
#1664 = CARTESIAN_POINT ( 'NONE',  ( 5.700000000000007283, 13.70000000000015561, 0.000000000000000000 ) ) ;
#1665 = DIRECTION ( 'NONE',  ( 1.000000000000000000, 0.000000000000000000, 0.000000000000000000 ) ) ;
#1666 = ADVANCED_FACE ( 'NONE', ( #813, #166 ), #687, .F. ) ;
#1667 = ORIENTED_EDGE ( 'NONE', *, *, #906, .T. ) ;
#1668 = DIRECTION ( 'NONE',  ( -1.000000000000000000, 0.000000000000000000, 0.000000000000000000 ) ) ;
#1669 = CARTESIAN_POINT ( 'NONE',  ( -5.700000000000003730, 25.70000000000008811, -1.000000000000000000 ) ) ;
#1670 = DIRECTION ( 'NONE',  ( 0.000000000000000000, 0.000000000000000000, 1.000000000000000000 ) ) ;
#1671 = LINE ( 'NONE', #994, #196 ) ;
#1672 = ORIENTED_EDGE ( 'NONE', *, *, #808, .T. ) ;
#1673 = ORIENTED_EDGE ( 'NONE', *, *, #992, .F. ) ;
#1674 = CC_DESIGN_PERSON_AND_ORGANIZATION_ASSIGNMENT ( #604, #225, ( #1489 ) ) ;
#1675 = ORIENTED_EDGE ( 'NONE', *, *, #934, .T. ) ;
#1676 = EDGE_CURVE ( 'NONE', #157, #649, #1041, .T. ) ;
#1677 = DIRECTION ( 'NONE',  ( 1.000000000000000000, 0.000000000000000000, 0.000000000000000000 ) ) ;
ENDSEC;
END-ISO-10303-21;
