ISO-10303-21;
HEADER;
FILE_DESCRIPTION (( 'STEP AP203' ),
    '1' );
FILE_NAME ('Patella_v5_Default_sldprt.STEP',
    '2026-09-12T21:35:32',
    ( '' ),
    ( '' ),
    'SwSTEP 2.0',
    'SolidWorks 2025',
    '' );
FILE_SCHEMA (( 'CONFIG_CONTROL_DESIGN' ));
ENDSEC;

DATA;
#1 = DIRECTION ( 'NONE',  ( -1.000000000000000000, -1.445602896647339656E-16, 0.000000000000000000 ) ) ;
#2 = CARTESIAN_POINT ( 'NONE',  ( 0.000000000000000000, 0.000000000000000000, 0.000000000000000000 ) ) ;
#3 = CARTESIAN_POINT ( 'NONE',  ( -1.058939119996630707, -10.99999999999999822, -11.49016902978221566 ) ) ;
#4 = CARTESIAN_POINT ( 'NONE',  ( -36.66406487687664395, 8.141067385171515625, -19.92334261226492842 ) ) ;
#5 = DIRECTION ( 'NONE',  ( 0.000000000000000000, -2.891205793294679312E-16, 1.000000000000000000 ) ) ;
#6 = ORIENTED_EDGE ( 'NONE', *, *, #7491, .F. ) ;
#7 = FACE_OUTER_BOUND ( 'NONE', #5218, .T. ) ;
#8 = CARTESIAN_POINT ( 'NONE',  ( -10.16494293735435406, 4.573494545452279958, -14.30007103600319418 ) ) ;
#9 = CARTESIAN_POINT ( 'NONE',  ( -12.52230996672702723, 9.858093143178054518, -12.20195698464097056 ) ) ;
#10 = CARTESIAN_POINT ( 'NONE',  ( -0.7369241944719870929, -11.00000000000000000, -9.805934204259367348 ) ) ;
#11 = CARTESIAN_POINT ( 'NONE',  ( 36.37354484974503066, -8.222707255265914839, -19.19911290954225791 ) ) ;
#12 = CARTESIAN_POINT ( 'NONE',  ( -17.64264835192324909, 7.403926314654935226, -16.02233453807139441 ) ) ;
#13 = DIRECTION ( 'NONE',  ( 1.000000000000000000, 1.559302000878028713E-16, -1.084202172485503818E-16 ) ) ;
#14 = CARTESIAN_POINT ( 'NONE',  ( 1.575151265512702681, -4.311052452020820880, 0.000000000000000000 ) ) ;
#15 = ORIENTED_EDGE ( 'NONE', *, *, #6644, .T. ) ;
#16 = CARTESIAN_POINT ( 'NONE',  ( -15.60722822712781976, -7.838190497789439881, -16.33256868937241180 ) ) ;
#17 = ORIENTED_EDGE ( 'NONE', *, *, #6023, .F. ) ;
#18 = CARTESIAN_POINT ( 'NONE',  ( 2.894420248656876193, -9.738703461050439714, -1.072766680389619642 ) ) ;
#19 = TOROIDAL_SURFACE ( 'NONE', #404, 4.472135954999578722, 1.000000000000000000 ) ;
#20 = CARTESIAN_POINT ( 'NONE',  ( -20.35422867867931984, -11.00000000000000178, -12.63827118205059641 ) ) ;
#21 = CARTESIAN_POINT ( 'NONE',  ( 3.859057969653587605, -8.995376964506386130, -0.5233028693294260458 ) ) ;
#22 = CARTESIAN_POINT ( 'NONE',  ( 6.467682416965889303, 9.999999999999996447, -3.999999999999996447 ) ) ;
#23 = CARTESIAN_POINT ( 'NONE',  ( 31.00000000000001421, -6.999999999999996447, -15.99999999999999645 ) ) ;
#24 = DIRECTION ( 'NONE',  ( 1.000000000000000000, 1.559302000878028960E-16, -0.000000000000000000 ) ) ;
#25 = AXIS2_PLACEMENT_3D ( 'NONE', #4368, #4323, #5598 ) ;
#26 = ORIENTED_EDGE ( 'NONE', *, *, #3042, .T. ) ;
#27 = DIRECTION ( 'NONE',  ( -1.000000000000000000, 0.000000000000000000, 0.000000000000000000 ) ) ;
#28 = ADVANCED_FACE ( 'NONE', ( #3960 ), #6887, .F. ) ;
#29 = ADVANCED_FACE ( 'NONE', ( #856 ), #6032, .F. ) ;
#30 = CARTESIAN_POINT ( 'NONE',  ( -22.39005724095464345, -7.837642909002689784, -16.33575236071363079 ) ) ;
#31 = CARTESIAN_POINT ( 'NONE',  ( -14.00424217957530715, 10.18403899177854299, -1.564183684680719333 ) ) ;
#32 = CIRCLE ( 'NONE', #7342, 0.9999999999999995559 ) ;
#33 = CARTESIAN_POINT ( 'NONE',  ( 13.71344088231413672, 8.276305201128311140, -0.2000630981228921357 ) ) ;
#34 = DIRECTION ( 'NONE',  ( -0.000000000000000000, 1.000000000000000000, 0.000000000000000000 ) ) ;
#35 = CARTESIAN_POINT ( 'NONE',  ( -18.62809444099951151, -11.00000000000000178, -12.92193650991680265 ) ) ;
#36 = CARTESIAN_POINT ( 'NONE',  ( -11.92514400038734834, 10.99999999999999289, -5.720152263298648343 ) ) ;
#37 = CIRCLE ( 'NONE', #3697, 1.000000000000000000 ) ;
#38 = ADVANCED_FACE ( 'NONE', ( #6413 ), #4622, .T. ) ;
#39 = CARTESIAN_POINT ( 'NONE',  ( 40.50000000000002132, 8.000000000000003553, -36.50000000000000000 ) ) ;
#40 = EDGE_LOOP ( 'NONE', ( #879, #1494, #1716, #6670, #5848, #2949, #7948, #8009, #2070, #1331, #5557, #4612, #1044, #7189, #1333, #7502, #6362, #2127, #5709, #2396 ) ) ;
#41 = FACE_OUTER_BOUND ( 'NONE', #5432, .T. ) ;
#42 = CARTESIAN_POINT ( 'NONE',  ( 31.00000000000001421, -10.99999999999999645, -11.99999999999999467 ) ) ;
#43 = LINE ( 'NONE', #5042, #5383 ) ;
#44 = TOROIDAL_SURFACE ( 'NONE', #5399, 10.00000000000000000, 6.000000000000000000 ) ;
#45 = CARTESIAN_POINT ( 'NONE',  ( -1.434526148038076432, -11.00000000000000000, -10.02890676610512344 ) ) ;
#46 = CARTESIAN_POINT ( 'NONE',  ( -32.21013002371133638, 10.48220872023545702, -14.21672313535555077 ) ) ;
#47 = FACE_OUTER_BOUND ( 'NONE', #5312, .T. ) ;
#48 = ORIENTED_EDGE ( 'NONE', *, *, #2289, .T. ) ;
#49 = DIRECTION ( 'NONE',  ( -2.344220913482171656E-16, -0.000000000000000000, -1.000000000000000000 ) ) ;
#50 = CARTESIAN_POINT ( 'NONE',  ( -3.532317583034110697, -11.00000000000000000, -3.999999999999996447 ) ) ;
#51 = TOROIDAL_SURFACE ( 'NONE', #6708, 10.00000000000000000, 6.000000000000000000 ) ;
#52 = AXIS2_PLACEMENT_3D ( 'NONE', #1765, #3117, #7287 ) ;
#53 = CARTESIAN_POINT ( 'NONE',  ( -10.65446355117829746, 6.261770510108921606, -15.99999999999998401 ) ) ;
#54 = DIRECTION ( 'NONE',  ( -0.000000000000000000, -1.000000000000000000, -0.000000000000000000 ) ) ;
#55 = CARTESIAN_POINT ( 'NONE',  ( 20.15046464128802484, -9.352058306198822279, -16.18262615054000975 ) ) ;
#56 = CARTESIAN_POINT ( 'NONE',  ( 39.40685068736189578, -10.99999999999999645, -18.69897950004921228 ) ) ;
#57 = CARTESIAN_POINT ( 'NONE',  ( 9.963346261692167971, 6.238874071344562289, -15.99999999999999112 ) ) ;
#58 = CARTESIAN_POINT ( 'NONE',  ( 13.15441325538737871, 10.99999999999999645, -11.37042031424581623 ) ) ;
#59 = AXIS2_PLACEMENT_3D ( 'NONE', #6902, #1352, #8045 ) ;
#60 = CARTESIAN_POINT ( 'NONE',  ( 31.95487243657031584, 10.66291069263193769, -13.81119830588177777 ) ) ;
#61 = ORIENTED_EDGE ( 'NONE', *, *, #279, .F. ) ;
#62 = CARTESIAN_POINT ( 'NONE',  ( -12.69841529689233717, 9.201646605973650139, -0.6433753293342904245 ) ) ;
#63 = EDGE_LOOP ( 'NONE', ( #2842, #259, #4452, #6410 ) ) ;
#64 = DIRECTION ( 'NONE',  ( 8.673617379884035472E-16, 0.000000000000000000, -1.000000000000000000 ) ) ;
#65 = CARTESIAN_POINT ( 'NONE',  ( -18.35848075793526846, -10.99999999999993250, -14.70371648612563575 ) ) ;
#66 = CARTESIAN_POINT ( 'NONE',  ( -24.49999999999996803, 6.999999999999992006, -20.00000000000000000 ) ) ;
#67 = CARTESIAN_POINT ( 'NONE',  ( -12.64923818727558391, 9.886196562445492830, -3.544786249782000187 ) ) ;
#68 = CARTESIAN_POINT ( 'NONE',  ( -21.62234131559926453, 7.417967383367217948, -15.98142815559707230 ) ) ;
#69 = DIRECTION ( 'NONE',  ( -1.000000000000000000, 0.000000000000000000, -6.938893903907229364E-16 ) ) ;
#70 = ORIENTED_EDGE ( 'NONE', *, *, #5473, .T. ) ;
#71 = CARTESIAN_POINT ( 'NONE',  ( 12.65432688504778902, 10.99999999999999645, -10.83109390715106635 ) ) ;
#72 = CARTESIAN_POINT ( 'NONE',  ( 16.60806193557896648, -9.146559652553534647, -15.86036671102264073 ) ) ;
#73 = CARTESIAN_POINT ( 'NONE',  ( 16.76393202250020664, 7.578940846527625119, -15.95788169305524207 ) ) ;
#74 = CARTESIAN_POINT ( 'NONE',  ( 6.370921172050784342, 10.99999999999999467, -12.25027908801541265 ) ) ;
#75 = DIRECTION ( 'NONE',  ( 0.000000000000000000, 0.000000000000000000, -1.000000000000000000 ) ) ;
#76 = CARTESIAN_POINT ( 'NONE',  ( -32.14718701901983877, -11.00000000000000711, -12.38894237865347137 ) ) ;
#77 = CARTESIAN_POINT ( 'NONE',  ( 7.350761812724416977, 9.886196562445498159, -3.544786249781999299 ) ) ;
#78 = CARTESIAN_POINT ( 'NONE',  ( -10.48461464603241033, 10.99999999999999289, -4.555127513845158127 ) ) ;
#79 = CARTESIAN_POINT ( 'NONE',  ( 22.99652626942726741, -6.666666666666664298, -16.49999999999999289 ) ) ;
#80 = ORIENTED_EDGE ( 'NONE', *, *, #5678, .F. ) ;
#81 = CARTESIAN_POINT ( 'NONE',  ( 3.003395594826952841, -9.397488610035233947, -13.80880096012564451 ) ) ;
#82 = FACE_OUTER_BOUND ( 'NONE', #6382, .T. ) ;
#83 = DIRECTION ( 'NONE',  ( 1.000000000000000000, 0.000000000000000000, 0.000000000000000000 ) ) ;
#84 = EDGE_CURVE ( 'NONE', #4633, #3868, #4440, .T. ) ;
#85 = CARTESIAN_POINT ( 'NONE',  ( -2.535835049495911431, -10.99999999999999822, -12.51367131120640686 ) ) ;
#86 = CARTESIAN_POINT ( 'NONE',  ( -37.00000000000000000, 8.025706707895412961, -21.43056647889762800 ) ) ;
#87 = CARTESIAN_POINT ( 'NONE',  ( 20.72141079006426878, -10.99999999999999822, -12.50383907181490528 ) ) ;
#88 = FACE_OUTER_BOUND ( 'NONE', #3754, .T. ) ;
#89 = COORDINATED_UNIVERSAL_TIME_OFFSET ( 8, 0, .BEHIND. ) ;
#90 = CARTESIAN_POINT ( 'NONE',  ( 20.31266620795000932, -9.304428241152240986, -16.18555899721176772 ) ) ;
#91 = CARTESIAN_POINT ( 'NONE',  ( -10.40067855424957344, 6.209440817464589202, -15.99999999999998934 ) ) ;
#92 = CARTESIAN_POINT ( 'NONE',  ( 14.66987298107780191, 3.000000000000000000, -16.49999999999999289 ) ) ;
#93 = CARTESIAN_POINT ( 'NONE',  ( -10.93029848643733715, 6.376012555263593562, 8.818840409475216382E-14 ) ) ;
#94 = CARTESIAN_POINT ( 'NONE',  ( 39.76131363634177518, -10.99999999999999645, -19.85607121612553527 ) ) ;
#95 = CARTESIAN_POINT ( 'NONE',  ( 9.345536448822272746, 6.261770510109291088, -15.99999999999998934 ) ) ;
#96 = CARTESIAN_POINT ( 'NONE',  ( -14.62334723782880630, -7.729457811654037336, -15.94761846168725405 ) ) ;
#97 = CARTESIAN_POINT ( 'NONE',  ( 31.23925707737582158, 10.99999999998582290, -12.23925829020559419 ) ) ;
#98 = ORIENTED_EDGE ( 'NONE', *, *, #7580, .T. ) ;
#99 = CARTESIAN_POINT ( 'NONE',  ( -12.33015901048750607, 8.383617393598068901, -0.2210148363546224903 ) ) ;
#100 = VERTEX_POINT ( 'NONE', #4662 ) ;
#101 = CARTESIAN_POINT ( 'NONE',  ( -6.467682416965894632, 10.99999999999999467, -11.99999999999999112 ) ) ;
#102 = CARTESIAN_POINT ( 'NONE',  ( -15.09610507074883579, -10.99999999999999822, -15.45861079542054739 ) ) ;
#103 = DIRECTION ( 'NONE',  ( -0.8888540269160455365, 0.000000000000000000, 0.4581904831346129137 ) ) ;
#104 = CARTESIAN_POINT ( 'NONE',  ( -6.285680564461158859, 8.280365056587870143, -15.79859537283787319 ) ) ;
#105 = DIRECTION ( 'NONE',  ( -0.2860511657490337201, 0.9582143447964128757, -1.662236918936067567E-15 ) ) ;
#106 = CARTESIAN_POINT ( 'NONE',  ( -6.032676356933753148, 10.61580850379958640, -2.269271675771209917 ) ) ;
#107 = ORIENTED_EDGE ( 'NONE', *, *, #6448, .F. ) ;
#108 = CARTESIAN_POINT ( 'NONE',  ( 7.637985243236629529, 9.825151973511733416, -11.96188580985542771 ) ) ;
#109 = CARTESIAN_POINT ( 'NONE',  ( -19.33668963056521406, -9.493021130744661917, -16.17421643532460962 ) ) ;
#110 = FACE_OUTER_BOUND ( 'NONE', #1737, .T. ) ;
#111 = CARTESIAN_POINT ( 'NONE',  ( -1.667764904307106555, -9.688975704383791410, -4.751553040197866729 ) ) ;
#112 = DIRECTION ( 'NONE',  ( -2.312964634635743450E-16, -3.606610382747634035E-32, 1.000000000000000000 ) ) ;
#113 = CARTESIAN_POINT ( 'NONE',  ( 0.6461273710537052128, -6.258986687121589121, -4.665499281029563739E-14 ) ) ;
#114 = CARTESIAN_POINT ( 'NONE',  ( -9.639686558434423347, 10.99999999999999289, -6.253944205742321572 ) ) ;
#115 = CARTESIAN_POINT ( 'NONE',  ( 6.159948542260876181, 10.88492644900786388, -12.98573283328152606 ) ) ;
#116 = EDGE_LOOP ( 'NONE', ( #5281, #6419, #80, #6158, #4528 ) ) ;
#117 = CIRCLE ( 'NONE', #2745, 0.9999999999999996669 ) ;
#118 = CARTESIAN_POINT ( 'NONE',  ( -34.05153597760121187, 10.99999999999999112, -15.18339863114324473 ) ) ;
#119 = CARTESIAN_POINT ( 'NONE',  ( 19.34148152841166990, 7.593199769378949249, -16.02186790969388497 ) ) ;
#120 = EDGE_CURVE ( 'NONE', #2861, #5840, #1329, .T. ) ;
#121 = DIRECTION ( 'NONE',  ( -1.000000000000000000, -8.673617379884035472E-17, 0.000000000000000000 ) ) ;
#122 = CARTESIAN_POINT ( 'NONE',  ( -2.654326885047702866, -11.00000000000000000, -10.83109390715090292 ) ) ;
#123 = CARTESIAN_POINT ( 'NONE',  ( -31.23212858870469333, 10.98306307101131729, -12.46424840583036264 ) ) ;
#124 = CARTESIAN_POINT ( 'NONE',  ( 20.22363428052426571, -10.99999999999999822, -12.68641793234955628 ) ) ;
#125 = AXIS2_PLACEMENT_3D ( 'NONE', #3296, #5747, #6360 ) ;
#126 = CARTESIAN_POINT ( 'NONE',  ( -12.72285997249591105, 9.902497302770951748, -12.60210949284162396 ) ) ;
#127 = CALENDAR_DATE ( 2026, 12, 9 ) ;
#128 = ADVANCED_FACE ( 'NONE', ( #2040 ), #1425, .T. ) ;
#129 = CARTESIAN_POINT ( 'NONE',  ( 22.64927995644081449, -8.314974950891675931, -15.84711831776656688 ) ) ;
#130 = CARTESIAN_POINT ( 'NONE',  ( -11.14878372068558221, 6.537623009661384543, -15.99999999999998224 ) ) ;
#131 = DIRECTION ( 'NONE',  ( 0.000000000000000000, -0.000000000000000000, 1.000000000000000000 ) ) ;
#132 = CARTESIAN_POINT ( 'NONE',  ( 37.00000000000001421, -8.020157026814990431, -21.54267702316671418 ) ) ;
#133 = CARTESIAN_POINT ( 'NONE',  ( 8.216029314160479657, 5.521239923940181704, -14.38861763090388024 ) ) ;
#134 = CARTESIAN_POINT ( 'NONE',  ( 11.92514400063189406, 10.99999999999999467, -10.27984773633386872 ) ) ;
#135 = CARTESIAN_POINT ( 'NONE',  ( 36.40678305300787088, 11.00000000000000178, -18.71850075876063357 ) ) ;
#136 = VERTEX_POINT ( 'NONE', #7020 ) ;
#137 = CARTESIAN_POINT ( 'NONE',  ( -12.11227605105378835, 7.937113107566082348, -0.08035287602866901524 ) ) ;
#138 = ORIENTED_EDGE ( 'NONE', *, *, #3633, .T. ) ;
#139 = CARTESIAN_POINT ( 'NONE',  ( 2.743575132428250907, -10.92761993408736920, -3.125103672151812617 ) ) ;
#140 = ADVANCED_BREP_SHAPE_REPRESENTATION ( 'Patella_v5_Default_sldprt', ( #5159, #3893 ), #4556 ) ;
#141 = ADVANCED_FACE ( 'NONE', ( #1090 ), #4435, .T. ) ;
#142 = CARTESIAN_POINT ( 'NONE',  ( -14.96391207123360978, -10.99999999999915623, -15.58995729406896302 ) ) ;
#143 = CARTESIAN_POINT ( 'NONE',  ( 8.886325341988980497, 4.901139727715317029, -14.33019981167520740 ) ) ;
#144 = CARTESIAN_POINT ( 'NONE',  ( -0.5652737737660696871, -9.521499075589252570, -10.65829389037726926 ) ) ;
#145 = EDGE_CURVE ( 'NONE', #5299, #4744, #5630, .T. ) ;
#146 = CARTESIAN_POINT ( 'NONE',  ( -7.429447568903678523, 7.255791592464744255, -1.447635286813310884 ) ) ;
#147 = ORIENTED_EDGE ( 'NONE', *, *, #8075, .F. ) ;
#148 = AXIS2_PLACEMENT_3D ( 'NONE', #5374, #2269, #6564 ) ;
#149 = CARTESIAN_POINT ( 'NONE',  ( 8.928115213189668609, 9.583588627916164171, -10.85325021112480393 ) ) ;
#150 = CARTESIAN_POINT ( 'NONE',  ( -19.70495554411008143, -9.676535805388228439, -15.87452355010204919 ) ) ;
#151 = CARTESIAN_POINT ( 'NONE',  ( 16.23614600803716357, 6.333333333333333925, -16.49999999999999289 ) ) ;
#152 = CARTESIAN_POINT ( 'NONE',  ( 0.5526931459013377790, -9.523461559882594685, -5.333203461529791412 ) ) ;
#153 = CIRCLE ( 'NONE', #4734, 1.000000000000000444 ) ;
#154 = CARTESIAN_POINT ( 'NONE',  ( -13.71089294422409033, 10.97671699314296845, -12.50179042874127511 ) ) ;
#155 = CARTESIAN_POINT ( 'NONE',  ( -0.1649429373542319333, -4.573494545452221338, -1.699928963996871323 ) ) ;
#156 = CARTESIAN_POINT ( 'NONE',  ( -30.99999999999999289, 10.99999999999999112, -11.99999999999998579 ) ) ;
#157 = CARTESIAN_POINT ( 'NONE',  ( 7.886222254157515543, 7.940124366526507771, -15.91896050964756171 ) ) ;
#158 = EDGE_LOOP ( 'NONE', ( #2851, #956, #6403, #7938, #1271, #1551, #5420 ) ) ;
#159 = CIRCLE ( 'NONE', #4741, 3.000000000000000888 ) ;
#160 = CARTESIAN_POINT ( 'NONE',  ( -36.11979695745318253, 10.99999999999999467, -18.12190392727293897 ) ) ;
#161 = CARTESIAN_POINT ( 'NONE',  ( 18.14900361962498465, 7.517860453826457956, -16.02208794413616033 ) ) ;
#162 = CARTESIAN_POINT ( 'NONE',  ( -12.36500336323902083, 9.825768878080960889, -4.033681134713750005 ) ) ;
#163 = DIRECTION ( 'NONE',  ( 2.344220913482171656E-16, 0.000000000000000000, 1.000000000000000000 ) ) ;
#164 = DIRECTION ( 'NONE',  ( 0.000000000000000000, 0.000000000000000000, -1.000000000000000000 ) ) ;
#165 = AXIS2_PLACEMENT_3D ( 'NONE', #1042, #6075, #6030 ) ;
#166 = CARTESIAN_POINT ( 'NONE',  ( -0.3035181754970158186, -4.590130055917913232, -14.30158274149390074 ) ) ;
#167 = CARTESIAN_POINT ( 'NONE',  ( 20.53392945523447111, -9.476101395769761737, -15.88905921635524088 ) ) ;
#168 = DIRECTION ( 'NONE',  ( 1.000000000000000000, 0.000000000000000000, 0.000000000000000000 ) ) ;
#169 = DATE_AND_TIME ( #4429, #8056 ) ;
#170 = CARTESIAN_POINT ( 'NONE',  ( 20.62691961126931517, -9.191977044753212311, -16.19278914210772768 ) ) ;
#171 = AXIS2_PLACEMENT_3D ( 'NONE', #6214, #3135, #69 ) ;
#172 = CARTESIAN_POINT ( 'NONE',  ( -2.535835049495920757, -11.00000000000000178, -3.486328688793583375 ) ) ;
#173 = CARTESIAN_POINT ( 'NONE',  ( -19.00000000000000000, -1.000000000000000000, -14.00000000000000000 ) ) ;
#174 = CARTESIAN_POINT ( 'NONE',  ( -10.15178362055538841, 6.221929735015960361, 4.511725511171905876E-14 ) ) ;
#175 = CARTESIAN_POINT ( 'NONE',  ( 14.20416847668727556, -6.999999999999998224, -15.99999999999999289 ) ) ;
#176 = CARTESIAN_POINT ( 'NONE',  ( 9.371797135280070634, 4.669058451229359363, -14.30879632739031315 ) ) ;
#177 = CARTESIAN_POINT ( 'NONE',  ( 7.218883881538735281, 11.00000000000000000, -10.95517715327265762 ) ) ;
#178 = CARTESIAN_POINT ( 'NONE',  ( 35.47550395712553239, 8.497938021112808826, -17.80943322780789373 ) ) ;
#179 = EDGE_LOOP ( 'NONE', ( #3397, #5821, #424, #396 ) ) ;
#180 = CARTESIAN_POINT ( 'NONE',  ( -13.62600350389360493, 10.99999999999999289, -3.757675437455918921 ) ) ;
#181 = AXIS2_PLACEMENT_3D ( 'NONE', #5786, #5052, #7531 ) ;
#182 = ORIENTED_EDGE ( 'NONE', *, *, #2087, .F. ) ;
#183 = AXIS2_PLACEMENT_3D ( 'NONE', #2601, #2916, #1645 ) ;
#184 = CARTESIAN_POINT ( 'NONE',  ( -39.06037134638471997, 10.99999999999998757, -17.86840188481478719 ) ) ;
#185 = CARTESIAN_POINT ( 'NONE',  ( -7.004954572813530511, 9.544075695970953177, -13.62796559432979571 ) ) ;
#186 = CARTESIAN_POINT ( 'NONE',  ( 8.064205024225831409, 5.732585808787430182, -14.40881272027410986 ) ) ;
#187 = CARTESIAN_POINT ( 'NONE',  ( -10.00000000000000000, 4.572714414311429998, -1.699999999999999956 ) ) ;
#188 = CARTESIAN_POINT ( 'NONE',  ( -7.566130185244150930, 8.601505490337213899, -0.3106371186383319327 ) ) ;
#189 = AXIS2_PLACEMENT_3D ( 'NONE', #5656, #49, #7528 ) ;
#190 = EDGE_CURVE ( 'NONE', #5751, #3149, #3679, .T. ) ;
#191 = EDGE_LOOP ( 'NONE', ( #2520, #5199, #6740, #6232, #3092, #7699, #6121, #6616 ) ) ;
#192 = CARTESIAN_POINT ( 'NONE',  ( 10.70370013639559481, 10.99999999999999645, -11.44703134181908233 ) ) ;
#193 = CARTESIAN_POINT ( 'NONE',  ( 10.00000000000000000, 11.00000000000000000, -8.000000000000000000 ) ) ;
#194 = CARTESIAN_POINT ( 'NONE',  ( -20.15516492140609373, -9.350743303654464711, -16.18270698934901830 ) ) ;
#195 = DIRECTION ( 'NONE',  ( -2.344220913482171656E-16, -0.000000000000000000, -1.000000000000000000 ) ) ;
#196 = CARTESIAN_POINT ( 'NONE',  ( -0.1794811057798920695, -10.99999999999967670, -4.539881478997568998 ) ) ;
#197 = DIRECTION ( 'NONE',  ( 1.000000000000000000, 0.000000000000000000, 0.000000000000000000 ) ) ;
#198 = CARTESIAN_POINT ( 'NONE',  ( 0.1459383606087787666, -4.571980558981172393, -1.700066822288170743 ) ) ;
#199 = EDGE_LOOP ( 'NONE', ( #2490, #5716, #6924, #7960, #6835 ) ) ;
#200 = CARTESIAN_POINT ( 'NONE',  ( -7.464164950504077467, 10.99999999999999112, -3.486328688793587816 ) ) ;
#201 =( BOUNDED_SURFACE ( )  B_SPLINE_SURFACE ( 3, 2, ( 
 ( #5842, #1378, #3830 ),
 ( #6327, #5019, #7503 ),
 ( #1904, #1296, #882 ),
 ( #4796, #4257, #7883 ),
 ( #2333, #3606, #7959 ),
 ( #5361, #7279, #3644 ),
 ( #7840, #1674, #2725 ),
 ( #6706, #2254, #4757 ),
 ( #1064, #4133, #402 ),
 ( #4174, #4215, #7319 ),
 ( #7921, #5478, #2296 ),
 ( #2908, #6013, #3564 ),
 ( #6060, #4879, #1108 ),
 ( #1715, #6746, #447 ),
 ( #3522, #7702, #5439 ),
 ( #4613, #2948, #4835 ),
 ( #5219, #6103, #7241 ),
 ( #487, #3995, #6627 ),
 ( #2985, #7362, #1499 ),
 ( #2372, #1759, #3380 ) ),
 .UNSPECIFIED., .F., .F., .F. ) 
 B_SPLINE_SURFACE_WITH_KNOTS ( ( 4, 2, 2, 2, 2, 2, 2, 2, 2, 4 ),
 ( 3, 3 ),
 ( 0.000000000000000000, 0.0006041035718230241928, 0.001208207143646048386, 0.001812310715469072579, 0.002416414287292096771, 0.003020517859115120964, 0.003322569645026632844, 0.003624621430938145157, 0.004228725002761168916, 0.004832828574584193543 ),
 ( 0.000000000000000000, 1.000000000000000000 ),
 .UNSPECIFIED. ) 
 GEOMETRIC_REPRESENTATION_ITEM ( )  RATIONAL_B_SPLINE_SURFACE ( (
 ( 1.000000000000000000, 0.5255305477261474900, 1.000000000000000000),
 ( 1.000000000000000000, 0.5409256200843415296, 1.000000000000000000),
 ( 1.000000000000000000, 0.5564364647819717291, 1.000000000000000000),
 ( 1.000000000000000000, 0.5871040600061703252, 1.000000000000000000),
 ( 1.000000000000000000, 0.6024172706650040565, 1.000000000000000000),
 ( 1.000000000000000000, 0.6314102792732690927, 1.000000000000000000),
 ( 1.000000000000000000, 0.6449931040449234931, 1.000000000000000000),
 ( 1.000000000000000000, 0.6698042740448044707, 1.000000000000000000),
 ( 1.000000000000000000, 0.6811386069491913720, 1.000000000000000000),
 ( 1.000000000000000000, 0.6995265130420385002, 1.000000000000000000),
 ( 1.000000000000000000, 0.7067358594482818779, 1.000000000000000000),
 ( 1.000000000000000000, 0.7137396649802214554, 1.000000000000000000),
 ( 1.000000000000000000, 0.7154206984197930552, 1.000000000000000000),
 ( 1.000000000000000000, 0.7172303835283253548, 1.000000000000000000),
 ( 1.000000000000000000, 0.7173821124119004189, 1.000000000000000000),
 ( 1.000000000000000000, 0.7153933171289718063, 1.000000000000000000),
 ( 1.000000000000000000, 0.7106956582048994386, 1.000000000000000000),
 ( 1.000000000000000000, 0.6938768977783927872, 1.000000000000000000),
 ( 1.000000000000000000, 0.6818430630984054774, 1.000000000000000000),
 ( 1.000000000000000000, 0.6656562785873427757, 1.000000000000000000) ) ) 
 REPRESENTATION_ITEM ( '' )  SURFACE ( )  );
#202 = CARTESIAN_POINT ( 'NONE',  ( 7.079980610354946968, 9.805517965106314904, -13.15951361820720500 ) ) ;
#203 = VERTEX_POINT ( 'NONE', #6770 ) ;
#204 = CARTESIAN_POINT ( 'NONE',  ( -36.17698979354675259, 10.99999999999999289, -14.43582527244274161 ) ) ;
#205 = CARTESIAN_POINT ( 'NONE',  ( 12.08778778679339361, 4.700698233042874818, -0.000000000000000000 ) ) ;
#206 = CARTESIAN_POINT ( 'NONE',  ( -5.360705955718498487E-16, -4.572714414311436215, -1.700000000000000400 ) ) ;
#207 = CARTESIAN_POINT ( 'NONE',  ( -0.2826256968791534541, -9.505195771001224259, -10.61294859462252482 ) ) ;
#208 = CARTESIAN_POINT ( 'NONE',  ( 0.07140120249563454424, -6.234146852331861055, -15.99999999999998579 ) ) ;
#209 = CARTESIAN_POINT ( 'NONE',  ( 17.30865258715105170, -10.99999999999999822, -12.51485669709843584 ) ) ;
#210 = CARTESIAN_POINT ( 'NONE',  ( 10.56466988451743916, 6.237084333639986156, -4.919382043934988316E-13 ) ) ;
#211 = DATE_AND_TIME ( #6957, #1795 ) ;
#212 = CARTESIAN_POINT ( 'NONE',  ( 22.59218774413049502, -7.902644556128145759, -15.96346758596317450 ) ) ;
#213 = CARTESIAN_POINT ( 'NONE',  ( -9.932809882725305073, 6.234765669401715726, -15.99999999999998579 ) ) ;
#214 = DIRECTION ( 'NONE',  ( 0.000000000000000000, 0.000000000000000000, -1.000000000000000000 ) ) ;
#215 = CARTESIAN_POINT ( 'NONE',  ( -12.06718623737064355, 5.924078696033938662, -1.572787616692163715 ) ) ;
#216 = CARTESIAN_POINT ( 'NONE',  ( 8.409202641127299316, 4.320739156877473341, -15.99999999999998934 ) ) ;
#217 = FACE_OUTER_BOUND ( 'NONE', #5040, .T. ) ;
#218 = CARTESIAN_POINT ( 'NONE',  ( 15.16481379051170286, -7.053546539380913138, -16.49999999999998934 ) ) ;
#219 = ORIENTED_EDGE ( 'NONE', *, *, #6139, .T. ) ;
#220 = CARTESIAN_POINT ( 'NONE',  ( 15.21663930827847722, -8.219814663096203233, -15.84814837241744279 ) ) ;
#221 = ORIENTED_EDGE ( 'NONE', *, *, #2803, .T. ) ;
#222 = DIRECTION ( 'NONE',  ( 0.000000000000000000, 0.000000000000000000, -1.000000000000000000 ) ) ;
#223 = CARTESIAN_POINT ( 'NONE',  ( -7.301584703107471874, 9.201646605973676785, -15.35662467066541303 ) ) ;
#224 = DIRECTION ( 'NONE',  ( -1.000000000000000000, -8.673617379884036705E-17, 0.000000000000000000 ) ) ;
#225 = CARTESIAN_POINT ( 'NONE',  ( -12.57055243109632237, 7.255791592464744255, -1.447635286813311328 ) ) ;
#226 = CARTESIAN_POINT ( 'NONE',  ( 18.62628388656769829, 11.00000000000000000, -12.04263652132237006 ) ) ;
#227 = EDGE_CURVE ( 'NONE', #966, #4272, #7842, .T. ) ;
#228 = ORIENTED_EDGE ( 'NONE', *, *, #7768, .F. ) ;
#229 = CARTESIAN_POINT ( 'NONE',  ( 11.92514400038734301, 10.99999999999999645, -10.27984773670142893 ) ) ;
#230 = EDGE_CURVE ( 'NONE', #403, #687, #7588, .T. ) ;
#231 = CARTESIAN_POINT ( 'NONE',  ( -16.29992675720334105, -8.967610376765701830, -15.85609808692814049 ) ) ;
#232 = CARTESIAN_POINT ( 'NONE',  ( -12.57055243109632769, 7.255791592464740702, -14.55236471318667846 ) ) ;
#233 = CARTESIAN_POINT ( 'NONE',  ( 1.075894611501375886, -9.587420213624433529, -5.132409493660764710 ) ) ;
#234 = CARTESIAN_POINT ( 'NONE',  ( 2.958840815074556652, -8.939885459255089373, -1.820909846570522017 ) ) ;
#235 = CARTESIAN_POINT ( 'NONE',  ( 0.1517836205549444595, -6.221929735015695684, 4.511725511171905245E-14 ) ) ;
#236 = ORIENTED_EDGE ( 'NONE', *, *, #1984, .T. ) ;
#237 = CARTESIAN_POINT ( 'NONE',  ( -8.123599313624449536, 10.99999999999999112, -4.160723321852900725 ) ) ;
#238 = CARTESIAN_POINT ( 'NONE',  ( 6.037505669202731795, 9.645535946335362709, -15.01220262386350868 ) ) ;
#239 = ORIENTED_EDGE ( 'NONE', *, *, #7780, .T. ) ;
#240 = ADVANCED_FACE ( 'NONE', ( #4361 ), #6937, .F. ) ;
#241 = CARTESIAN_POINT ( 'NONE',  ( -35.67825765629569901, 11.00000000000025402, -17.34217246373356147 ) ) ;
#242 = FACE_OUTER_BOUND ( 'NONE', #1423, .T. ) ;
#243 = CARTESIAN_POINT ( 'NONE',  ( 2.488950933003818200, -6.931324937931698571, -1.476845523097871427 ) ) ;
#244 = ADVANCED_FACE ( 'NONE', ( #7461 ), #3792, .T. ) ;
#245 = CARTESIAN_POINT ( 'NONE',  ( 2.781116118679796134, -11.00000000000000000, -10.95517715305102335 ) ) ;
#246 = CARTESIAN_POINT ( 'NONE',  ( -0.1459383606087852614, -4.571980558981126208, -14.29993317771178596 ) ) ;
#247 =( BOUNDED_SURFACE ( )  B_SPLINE_SURFACE ( 3, 2, ( 
 ( #5714, #7546, #4450 ),
 ( #2609, #7733, #7126 ),
 ( #5905, #6286, #294 ),
 ( #7585, #1991, #2798 ),
 ( #1339, #6976, #951 ),
 ( #1383, #5293, #3873 ),
 ( #2835, #6369, #7164 ),
 ( #7772, #765, #3260 ),
 ( #2179, #4680, #1561 ),
 ( #4060, #3450, #5948 ),
 ( #5326, #7806, #2219 ),
 ( #4719, #684, #3177 ),
 ( #5366, #4219, #2259 ),
 ( #6145, #7283, #2301 ),
 ( #3034, #6633, #534 ),
 ( #451, #5443, #4179 ),
 ( #4763, #2872, #7926 ),
 ( #7846, #492, #6711 ),
 ( #2337, #1030, #3527 ),
 ( #7247, #7367, #8014 ) ),
 .UNSPECIFIED., .F., .F., .F. ) 
 B_SPLINE_SURFACE_WITH_KNOTS ( ( 4, 2, 2, 2, 2, 2, 2, 2, 2, 4 ),
 ( 3, 3 ),
 ( 0.000000000000000000, 0.0006041035718230243013, 0.001208207143646048603, 0.001812310715469073012, 0.002416414287292097205, 0.003020517859115121398, 0.003322569645026633711, 0.003624621430938146024, 0.004228725002761170651, 0.004832828574584194410 ),
 ( 0.000000000000000000, 1.000000000000000000 ),
 .UNSPECIFIED. ) 
 GEOMETRIC_REPRESENTATION_ITEM ( )  RATIONAL_B_SPLINE_SURFACE ( (
 ( 1.000000000000000000, 0.5255305477261483782, 1.000000000000000000),
 ( 1.000000000000000000, 0.5409256200842930129, 1.000000000000000000),
 ( 1.000000000000000000, 0.5564364647820403409, 1.000000000000000000),
 ( 1.000000000000000000, 0.5871040600061048220, 1.000000000000000000),
 ( 1.000000000000000000, 0.6024172706649938425, 1.000000000000000000),
 ( 1.000000000000000000, 0.6314102792732815272, 1.000000000000000000),
 ( 1.000000000000000000, 0.6449931040448575459, 1.000000000000000000),
 ( 1.000000000000000000, 0.6698042740448726384, 1.000000000000000000),
 ( 1.000000000000000000, 0.6811386069492370021, 1.000000000000000000),
 ( 1.000000000000000000, 0.6995265130419946464, 1.000000000000000000),
 ( 1.000000000000000000, 0.7067358594482264778, 1.000000000000000000),
 ( 1.000000000000000000, 0.7137396649802505433, 1.000000000000000000),
 ( 1.000000000000000000, 0.7154206984197873931, 1.000000000000000000),
 ( 1.000000000000000000, 0.7172303835283310169, 1.000000000000000000),
 ( 1.000000000000000000, 0.7173821124119121873, 1.000000000000000000),
 ( 1.000000000000000000, 0.7153933171289500459, 1.000000000000000000),
 ( 1.000000000000000000, 0.7106956582048992166, 1.000000000000000000),
 ( 1.000000000000000000, 0.6938768977783925651, 1.000000000000000000),
 ( 1.000000000000000000, 0.6818430630984054774, 1.000000000000000000),
 ( 1.000000000000000000, 0.6656562785873424426, 1.000000000000000000) ) ) 
 REPRESENTATION_ITEM ( '' )  SURFACE ( )  );
#248 = CARTESIAN_POINT ( 'NONE',  ( 11.71630501903180921, 7.161004492299611002, -6.056944943546191325E-13 ) ) ;
#249 = ORIENTED_EDGE ( 'NONE', *, *, #5203, .F. ) ;
#250 = CARTESIAN_POINT ( 'NONE',  ( 13.66000061660388987, 8.033346387088782237, -0.1270461901684399875 ) ) ;
#251 = CARTESIAN_POINT ( 'NONE',  ( -3.706288002829758454, -10.97831529368320602, -3.512834569313155963 ) ) ;
#252 = CARTESIAN_POINT ( 'NONE',  ( 6.467682416965888414, 10.99999999999999645, -3.999999999999996447 ) ) ;
#253 = CARTESIAN_POINT ( 'NONE',  ( -21.94811092476037828, 6.555555555555546476, -15.99999999999998934 ) ) ;
#254 = DIRECTION ( 'NONE',  ( -1.000000000000000000, -1.084202172485504681E-16, 0.000000000000000000 ) ) ;
#255 = CARTESIAN_POINT ( 'NONE',  ( 12.07403395437252769, 4.688022451445754690, -15.99999999999998934 ) ) ;
#256 = AXIS2_PLACEMENT_3D ( 'NONE', #7226, #1623, #4118 ) ;
#257 = CARTESIAN_POINT ( 'NONE',  ( 9.301192101060687278, 9.538043129954699495, -10.71036495419753010 ) ) ;
#258 = DIRECTION ( 'NONE',  ( -0.2860511657490375503, 0.9582143447964117655, 8.311184594680352626E-16 ) ) ;
#259 = ORIENTED_EDGE ( 'NONE', *, *, #7474, .F. ) ;
#260 = CARTESIAN_POINT ( 'NONE',  ( -17.37308039432722140, -9.191977046983520694, -16.19278914198234531 ) ) ;
#261 = EDGE_LOOP ( 'NONE', ( #2349, #2118, #5589, #488 ) ) ;
#262 = DIRECTION ( 'NONE',  ( -1.559302000878028960E-16, 1.000000000000000000, 0.000000000000000000 ) ) ;
#263 = AXIS2_PLACEMENT_3D ( 'NONE', #8025, #7981, #3581 ) ;
#264 = CARTESIAN_POINT ( 'NONE',  ( -6.141811213541801706, 8.990578353859627114, -15.47955305867936815 ) ) ;
#265 = CARTESIAN_POINT ( 'NONE',  ( -7.634190058236581145, 9.825927553791034441, -11.96713916861173033 ) ) ;
#266 = DIRECTION ( 'NONE',  ( 1.559302000878028960E-16, -1.000000000000000000, -0.000000000000000000 ) ) ;
#267 = LINE ( 'NONE', #1612, #5913 ) ;
#268 = CARTESIAN_POINT ( 'NONE',  ( 19.84970637429032081, 7.912649201767912643, -15.92833646609723885 ) ) ;
#269 = VERTEX_POINT ( 'NONE', #6212 ) ;
#270 = CARTESIAN_POINT ( 'NONE',  ( 14.00443615355739624, 10.18947883300320179, -14.42908780831084847 ) ) ;
#271 = EDGE_CURVE ( 'NONE', #4442, #2977, #2586, .T. ) ;
#272 = DIRECTION ( 'NONE',  ( 0.000000000000000000, 0.000000000000000000, -1.000000000000000000 ) ) ;
#273 = CARTESIAN_POINT ( 'NONE',  ( 9.185011495753373723, 4.740840815378624562, -1.684624266327406250 ) ) ;
#274 = CARTESIAN_POINT ( 'NONE',  ( 13.42740324146176967, 6.999999999999999112, -14.99999999999998934 ) ) ;
#275 = CARTESIAN_POINT ( 'NONE',  ( -1.045160587558059406, -10.99999999999999645, -4.525396107020390524 ) ) ;
#276 = B_SPLINE_CURVE_WITH_KNOTS ( 'NONE', 3,
 ( #4394, #1323, #6878, #1285, #3777, #3820, #6316, #713, #3206, #3486, #950, #2218, #293, #4718, #5981, #2871, #2178, #1599 ),
 .UNSPECIFIED., .F., .F.,
 ( 4, 2, 2, 2, 2, 2, 2, 2, 4 ),
 ( 1.788112030672749005E-18, 0.0007955008886252029187, 0.001591001777250404103, 0.002386502665875605503, 0.003182003554500806471, 0.003977504443126007871, 0.004773005331751209272, 0.005568506220376411540, 0.006364007109001617278 ),
 .UNSPECIFIED. ) ;
#277 = CARTESIAN_POINT ( 'NONE',  ( 2.650555519877325406, -7.573902597481558807, -1.418997220338859222 ) ) ;
#278 = VERTEX_POINT ( 'NONE', #850 ) ;
#279 = EDGE_CURVE ( 'NONE', #2977, #6884, #2194, .T. ) ;
#280 = CARTESIAN_POINT ( 'NONE',  ( -7.811182631215432437, 10.99999999999999112, -3.919978238699021400 ) ) ;
#281 = CARTESIAN_POINT ( 'NONE',  ( 7.566130185244324124, 8.601505490337210347, -15.68936288136163704 ) ) ;
#282 = VERTEX_POINT ( 'NONE', #804 ) ;
#283 = CARTESIAN_POINT ( 'NONE',  ( -35.43840989774145811, 10.99999999999999289, -13.90687578944347003 ) ) ;
#284 = CARTESIAN_POINT ( 'NONE',  ( 9.595309098868918696, 3.879734585032802219, 0.000000000000000000 ) ) ;
#285 = AXIS2_PLACEMENT_3D ( 'NONE', #1944, #6888, #4406 ) ;
#286 = DIRECTION ( 'NONE',  ( -0.000000000000000000, 1.000000000000000000, -0.000000000000000000 ) ) ;
#287 = CARTESIAN_POINT ( 'NONE',  ( 2.513561801279486918, -5.159211858540052376, -15.99999999999998579 ) ) ;
#288 = EDGE_CURVE ( 'NONE', #2955, #1166, #7837, .T. ) ;
#289 = CARTESIAN_POINT ( 'NONE',  ( -3.001499232079586132, -9.328452527889337986, -13.87885574021951562 ) ) ;
#290 = AXIS2_PLACEMENT_3D ( 'NONE', #5289, #7691, #5209 ) ;
#291 = DIRECTION ( 'NONE',  ( 1.000000000000000000, 7.796510004390144799E-17, -2.344220913482171656E-16 ) ) ;
#292 = CARTESIAN_POINT ( 'NONE',  ( -6.572596758538229444, 6.999999999999993783, -15.99999999999998579 ) ) ;
#293 = CARTESIAN_POINT ( 'NONE',  ( 3.814761179923471524, -8.765815405549570727, -15.59866979363710904 ) ) ;
#294 = CARTESIAN_POINT ( 'NONE',  ( -3.544310977098800830, -7.517181988109484791, -15.97478666941764835 ) ) ;
#295 = CARTESIAN_POINT ( 'NONE',  ( -7.429447568903677634, 7.255791592464744255, -1.447635286813311106 ) ) ;
#296 = AXIS2_PLACEMENT_3D ( 'NONE', #2434, #7411, #8060 ) ;
#297 = CARTESIAN_POINT ( 'NONE',  ( -18.57543739030553098, 7.970261852091031329, -15.92320915946038973 ) ) ;
#298 = CARTESIAN_POINT ( 'NONE',  ( 12.57055243109632769, 7.255791592464748696, -14.55236471318668379 ) ) ;
#299 = VERTEX_POINT ( 'NONE', #4617 ) ;
#300 = CARTESIAN_POINT ( 'NONE',  ( -19.16799897330982461, -9.502768175513002902, -16.17365564070193784 ) ) ;
#301 = EDGE_LOOP ( 'NONE', ( #4867, #4836, #7557 ) ) ;
#302 = AXIS2_PLACEMENT_3D ( 'NONE', #3347, #5844, #4616 ) ;
#303 = CARTESIAN_POINT ( 'NONE',  ( -23.05321081258395211, -7.433882004184424019, -15.97877423626857762 ) ) ;
#304 = CARTESIAN_POINT ( 'NONE',  ( -8.231336333469791100, 10.99999999999999289, -11.76993059867116997 ) ) ;
#305 = CARTESIAN_POINT ( 'NONE',  ( -3.532317583034100927, -10.00000000000000000, -11.99999999999998579 ) ) ;
#306 = DIRECTION ( 'NONE',  ( 0.000000000000000000, 0.000000000000000000, 1.000000000000000000 ) ) ;
#307 = CARTESIAN_POINT ( 'NONE',  ( 13.30757659246132718, 6.598604628439631803, -15.99999999999999289 ) ) ;
#308 = CIRCLE ( 'NONE', #5675, 3.472135954999578722 ) ;
#309 = ORIENTED_EDGE ( 'NONE', *, *, #7737, .T. ) ;
#310 = CARTESIAN_POINT ( 'NONE',  ( 13.00089687188109266, 10.55019147721784911, -13.85053317945959250 ) ) ;
#311 = AXIS2_PLACEMENT_3D ( 'NONE', #7686, #3402, #5284 ) ;
#312 = CARTESIAN_POINT ( 'NONE',  ( -37.00000000000000711, -8.020157026815013523, -21.54267702316638733 ) ) ;
#313 = CARTESIAN_POINT ( 'NONE',  ( -15.34201953824403653, -7.839218102081301431, -15.94373253861944661 ) ) ;
#314 = CARTESIAN_POINT ( 'NONE',  ( 3.532317583034102704, -9.999999999999998224, -11.99999999999998934 ) ) ;
#315 = CARTESIAN_POINT ( 'NONE',  ( -3.532317583034116026, -11.00000000000000000, -4.000000000000000888 ) ) ;
#316 = CARTESIAN_POINT ( 'NONE',  ( 44.50000000000003553, 11.00000000000000355, -12.00000000000000355 ) ) ;
#317 = ORIENTED_EDGE ( 'NONE', *, *, #4385, .T. ) ;
#318 = CARTESIAN_POINT ( 'NONE',  ( 19.00000000000000000, -0.3333333333333330373, -14.00000000000000000 ) ) ;
#319 = CARTESIAN_POINT ( 'NONE',  ( 15.59238825750919943, -7.811918145765245569, -16.34124105349943790 ) ) ;
#320 = ORIENTED_EDGE ( 'NONE', *, *, #5797, .T. ) ;
#321 = CARTESIAN_POINT ( 'NONE',  ( -30.99999999999999289, 10.99999999999999289, -11.99999999999998224 ) ) ;
#322 = CARTESIAN_POINT ( 'NONE',  ( -18.06682059883407021, -9.639664135017651958, -15.87350778114050165 ) ) ;
#323 = EDGE_CURVE ( 'NONE', #3037, #2868, #2769, .T. ) ;
#324 = CARTESIAN_POINT ( 'NONE',  ( 2.385152891936253461, -6.613575056313806044, -1.506919059185723109 ) ) ;
#325 = CARTESIAN_POINT ( 'NONE',  ( 1.534665547866780111, -11.00000000000000000, -11.64540704196667598 ) ) ;
#326 = CARTESIAN_POINT ( 'NONE',  ( 0.8454455888170677724, -6.341750101147345831, -15.99999999999998579 ) ) ;
#327 = DIRECTION ( 'NONE',  ( 0.000000000000000000, 0.000000000000000000, -1.000000000000000000 ) ) ;
#328 = CARTESIAN_POINT ( 'NONE',  ( 22.65798046175596880, -7.839218102081291661, -15.94373253861945372 ) ) ;
#329 = B_SPLINE_CURVE_WITH_KNOTS ( 'NONE', 3,
 ( #6356, #712, #6315, #6233 ),
 .UNSPECIFIED., .F., .F.,
 ( 4, 4 ),
 ( 1.250926888277100303E-17, 0.001261519310006189781 ),
 .UNSPECIFIED. ) ;
#330 = CARTESIAN_POINT ( 'NONE',  ( -2.649238187275583023, -9.886196562445501712, -3.544786249782000187 ) ) ;
#331 = CARTESIAN_POINT ( 'NONE',  ( 6.513894402200606670, 7.262188245326786529, -1.905824131322174993E-18 ) ) ;
#332 = EDGE_CURVE ( 'NONE', #1233, #6539, #4146, .T. ) ;
#333 = DIRECTION ( 'NONE',  ( 1.000000000000000000, 1.734723475976807341E-16, 0.000000000000000000 ) ) ;
#334 = CARTESIAN_POINT ( 'NONE',  ( 17.36375064275266311, -9.198627050878187106, -16.19204143156039422 ) ) ;
#335 = ADVANCED_FACE ( 'NONE', ( #1990 ), #1503, .T. ) ;
#336 = CARTESIAN_POINT ( 'NONE',  ( -16.76393202250017822, 10.99999999999999289, -15.59229220782592407 ) ) ;
#337 = CARTESIAN_POINT ( 'NONE',  ( 3.308097487065951636, -6.600349521458938717, -15.99999999999998934 ) ) ;
#338 = ORIENTED_EDGE ( 'NONE', *, *, #5535, .F. ) ;
#339 = CARTESIAN_POINT ( 'NONE',  ( -22.43592135468139048, -7.768376193217611636, -16.35170952655092336 ) ) ;
#340 = VERTEX_POINT ( 'NONE', #3384 ) ;
#341 = CARTESIAN_POINT ( 'NONE',  ( -7.429447568903673194, 7.255791592464741591, -14.55236471318668023 ) ) ;
#342 = CARTESIAN_POINT ( 'NONE',  ( -7.624288690051828077, 10.99999999999999289, -10.59097353079022774 ) ) ;
#343 = CARTESIAN_POINT ( 'NONE',  ( -2.375711309684086281, -11.00000000000000178, -10.59097353118709783 ) ) ;
#344 = CARTESIAN_POINT ( 'NONE',  ( -24.19615242270663913, -5.000000000000000000, -15.99999999999998224 ) ) ;
#345 = CARTESIAN_POINT ( 'NONE',  ( 8.409202639090603171, 4.320739154704304141, -15.99999999999998934 ) ) ;
#346 = EDGE_CURVE ( 'NONE', #4031, #3785, #4858, .T. ) ;
#347 = ORIENTED_EDGE ( 'NONE', *, *, #3279, .F. ) ;
#348 = ORIENTED_EDGE ( 'NONE', *, *, #781, .T. ) ;
#349 = DIRECTION ( 'NONE',  ( -1.000000000000000000, -1.559302000878028960E-16, 0.000000000000000000 ) ) ;
#350 = CARTESIAN_POINT ( 'NONE',  ( -37.09388451423179589, -11.00000000000000355, -15.21924572703042067 ) ) ;
#351 = CARTESIAN_POINT ( 'NONE',  ( 8.483804738690231773, 5.202942843202501777, -1.641638585783042670 ) ) ;
#352 = DIRECTION ( 'NONE',  ( -1.000000000000000000, 0.000000000000000000, -6.938893903907229364E-16 ) ) ;
#353 = CARTESIAN_POINT ( 'NONE',  ( -10.19458448080769308, 3.857680429957167423, -0.000000000000000000 ) ) ;
#354 = DIRECTION ( 'NONE',  ( 0.000000000000000000, 0.000000000000000000, -1.000000000000000000 ) ) ;
#355 = EDGE_LOOP ( 'NONE', ( #1011, #7541, #4937, #5961 ) ) ;
#356 = LINE ( 'NONE', #1927, #2931 ) ;
#357 = CARTESIAN_POINT ( 'NONE',  ( -6.467682416965887526, 10.99999999999999467, -3.999999999999996447 ) ) ;
#358 = ORIENTED_EDGE ( 'NONE', *, *, #230, .T. ) ;
#359 = FACE_OUTER_BOUND ( 'NONE', #5236, .T. ) ;
#360 = CARTESIAN_POINT ( 'NONE',  ( -3.859057969653592046, -8.995376964506386130, -15.47669713067055852 ) ) ;
#361 = CARTESIAN_POINT ( 'NONE',  ( 12.99852779805157610, 9.283137261635117099, -2.079252643558112901 ) ) ;
#362 = CARTESIAN_POINT ( 'NONE',  ( -22.40099219154748056, -11.00000000000000000, -12.04043577471503568 ) ) ;
#363 = CARTESIAN_POINT ( 'NONE',  ( 8.818636551301926474, 4.946870286864943900, -1.665553770214819318 ) ) ;
#364 = APPROVAL ( #3203, 'UNSPECIFIED' ) ;
#365 = EDGE_LOOP ( 'NONE', ( #3377, #4939, #7663, #1138 ) ) ;
#366 = CARTESIAN_POINT ( 'NONE',  ( 13.93340034468572419, 9.437634144714788675, -0.8176952892900988257 ) ) ;
#367 = CARTESIAN_POINT ( 'NONE',  ( -3.998037062346336601, -10.02470071468413693, -1.368762519810808431 ) ) ;
#368 = CARTESIAN_POINT ( 'NONE',  ( 15.68337520964459308, -1.000000000000001998, -16.99999999999999289 ) ) ;
#369 = CARTESIAN_POINT ( 'NONE',  ( 10.16739725817508067, 4.572714414311429998, -1.699999999999999734 ) ) ;
#370 = CARTESIAN_POINT ( 'NONE',  ( 15.76055837982275420, -8.035656802231013529, -16.30169254861915462 ) ) ;
#371 = CARTESIAN_POINT ( 'NONE',  ( -16.76393202250017822, 10.99999999999999289, -11.99999999999998224 ) ) ;
#372 = CARTESIAN_POINT ( 'NONE',  ( -32.75220144116150323, -10.06268187187856000, -14.98439543305112664 ) ) ;
#373 = ORIENTED_EDGE ( 'NONE', *, *, #6202, .F. ) ;
#374 = CARTESIAN_POINT ( 'NONE',  ( -15.98552697101926512, -8.285093857634587167, -16.26923511594225857 ) ) ;
#375 = ADVANCED_FACE ( 'NONE', ( #4449 ), #1355, .F. ) ;
#376 = ADVANCED_FACE ( 'NONE', ( #417 ), #7293, .T. ) ;
#377 = CARTESIAN_POINT ( 'NONE',  ( -1.792400875389412063, -9.711816058597289469, -4.658528954395868560 ) ) ;
#378 = FACE_OUTER_BOUND ( 'NONE', #3416, .T. ) ;
#379 = CIRCLE ( 'NONE', #4579, 1.000000000000000222 ) ;
#380 = CARTESIAN_POINT ( 'NONE',  ( -16.42499505835415619, -0.9999999999999997780, -16.32917960675005276 ) ) ;
#381 = CARTESIAN_POINT ( 'NONE',  ( 12.52170419753944941, 9.857959017768559207, -3.799251691987386881 ) ) ;
#382 = CARTESIAN_POINT ( 'NONE',  ( -5.995672594597098559, 10.18832505840800806, -1.569705971044064396 ) ) ;
#383 = EDGE_LOOP ( 'NONE', ( #1517, #4321, #138, #6269, #4730, #1625 ) ) ;
#384 = CARTESIAN_POINT ( 'NONE',  ( -0.8376038199588856648, -3.975453973443504818, 0.000000000000000000 ) ) ;
#385 = EDGE_LOOP ( 'NONE', ( #2264, #8067, #2684, #2522 ) ) ;
#386 = AXIS2_PLACEMENT_3D ( 'NONE', #5776, #1967, #164 ) ;
#387 = ADVANCED_FACE ( 'NONE', ( #1689 ), #2882, .T. ) ;
#388 = CARTESIAN_POINT ( 'NONE',  ( 0.7369241944719902015, -11.00000000000000000, -6.194065795740637093 ) ) ;
#389 = CARTESIAN_POINT ( 'NONE',  ( -38.77703913106891065, -11.00000000000000355, -17.33930648609318936 ) ) ;
#390 = CARTESIAN_POINT ( 'NONE',  ( -15.56953325870474814, -7.777088542345848232, -16.34940522408695784 ) ) ;
#391 = CARTESIAN_POINT ( 'NONE',  ( 20.86338998124982780, 6.936396715132942425, -16.45612676359921167 ) ) ;
#392 = CARTESIAN_POINT ( 'NONE',  ( -2.380308104902144173, -10.99999999999999645, -3.717267775922183937 ) ) ;
#393 = CARTESIAN_POINT ( 'NONE',  ( 2.516678910523820090, -5.135406530472871545, -0.000000000000000000 ) ) ;
#394 = VERTEX_POINT ( 'NONE', #3419 ) ;
#395 = CARTESIAN_POINT ( 'NONE',  ( 15.65834414950946929, -7.905058041873332719, -16.32287231741157996 ) ) ;
#396 = ORIENTED_EDGE ( 'NONE', *, *, #4503, .F. ) ;
#397 = CARTESIAN_POINT ( 'NONE',  ( -13.42740324146177144, 6.999999999999991118, -15.99999999999998579 ) ) ;
#398 = CARTESIAN_POINT ( 'NONE',  ( -23.03119098296450318, -8.081204538401022930, -15.85413112230121868 ) ) ;
#399 = CARTESIAN_POINT ( 'NONE',  ( 33.83824203352726556, 11.00000000000000711, -13.04840114304305843 ) ) ;
#400 = CARTESIAN_POINT ( 'NONE',  ( -22.75703514602547983, -11.00000000000000000, -11.99999999999998224 ) ) ;
#401 = CARTESIAN_POINT ( 'NONE',  ( 9.186392121845495140, 3.968364123520527365, 0.000000000000000000 ) ) ;
#402 = CARTESIAN_POINT ( 'NONE',  ( 6.037999952023651140, 9.641772363845269922, -0.9845850152949682244 ) ) ;
#403 = VERTEX_POINT ( 'NONE', #380 ) ;
#404 = AXIS2_PLACEMENT_3D ( 'NONE', #2302, #2755, #7284 ) ;
#405 = CARTESIAN_POINT ( 'NONE',  ( 22.42489683387302790, -7.785767475913642599, -16.34725562936735699 ) ) ;
#406 = CARTESIAN_POINT ( 'NONE',  ( -3.545081270648077432, -7.520564305678704820, -0.02557841783192692578 ) ) ;
#407 = CARTESIAN_POINT ( 'NONE',  ( -12.97187074680619645, 9.027658802990430331, -14.12211324941099377 ) ) ;
#408 = DIRECTION ( 'NONE',  ( 0.000000000000000000, -1.000000000000000000, 0.000000000000000000 ) ) ;
#409 = CARTESIAN_POINT ( 'NONE',  ( 9.807479919801712853, 10.99999999999999822, -6.267541470542823845 ) ) ;
#410 = AXIS2_PLACEMENT_3D ( 'NONE', #2500, #8008, #7478 ) ;
#411 = CIRCLE ( 'NONE', #4998, 3.726779962499647159 ) ;
#412 = CARTESIAN_POINT ( 'NONE',  ( -31.95409470100380744, -10.66044859704380876, -13.80442380655572876 ) ) ;
#413 = ORIENTED_EDGE ( 'NONE', *, *, #5586, .F. ) ;
#414 = CARTESIAN_POINT ( 'NONE',  ( -17.72617738456794712, 7.197335910163313422, -16.42142390009342989 ) ) ;
#415 = AXIS2_PLACEMENT_3D ( 'NONE', #5785, #4644, #6476 ) ;
#416 = CARTESIAN_POINT ( 'NONE',  ( -7.212881635637614863, 10.99999999999999289, -10.96131077579627799 ) ) ;
#417 = FACE_OUTER_BOUND ( 'NONE', #3262, .T. ) ;
#418 = CARTESIAN_POINT ( 'NONE',  ( -41.49999999999996447, -7.000000000000002665, -36.50000000000000000 ) ) ;
#419 = CARTESIAN_POINT ( 'NONE',  ( 21.23606797749980046, 11.00000000000000000, -15.59229220782593295 ) ) ;
#420 = EDGE_CURVE ( 'NONE', #3037, #1434, #1582, .T. ) ;
#421 = ORIENTED_EDGE ( 'NONE', *, *, #4585, .T. ) ;
#422 = CARTESIAN_POINT ( 'NONE',  ( 8.737994253196779582, 10.99999999999999645, -6.040246446390048263 ) ) ;
#423 = AXIS2_PLACEMENT_3D ( 'NONE', #6650, #1050, #1089 ) ;
#424 = ORIENTED_EDGE ( 'NONE', *, *, #2077, .F. ) ;
#425 = PLANE ( 'NONE',  #3500 ) ;
#426 = CARTESIAN_POINT ( 'NONE',  ( 13.71311669817728962, 8.274793605099683091, -15.80046125272911794 ) ) ;
#427 = CARTESIAN_POINT ( 'NONE',  ( 35.43865080044201932, -10.99999999999999645, -13.90702999528216388 ) ) ;
#428 = CARTESIAN_POINT ( 'NONE',  ( -36.60456712500926812, -8.157939499838638753, -19.76299096052998649 ) ) ;
#429 = CARTESIAN_POINT ( 'NONE',  ( -15.57791920186390122, -7.790096332491510012, -16.34622104788186192 ) ) ;
#430 = CARTESIAN_POINT ( 'NONE',  ( -39.99999999999999289, 7.999999999999989342, -21.94987437106618700 ) ) ;
#431 = TOROIDAL_SURFACE ( 'NONE', #6959, 6.000000000000001776, 3.000000000000000888 ) ;
#432 = CARTESIAN_POINT ( 'NONE',  ( -7.621372419390474384, 4.997204331729191651, 0.000000000000000000 ) ) ;
#433 = EDGE_CURVE ( 'NONE', #6539, #7093, #3024, .T. ) ;
#434 = ADVANCED_FACE ( 'NONE', ( #4189 ), #5118, .F. ) ;
#435 = EDGE_LOOP ( 'NONE', ( #4216, #1377, #678, #3436 ) ) ;
#436 = VECTOR ( 'NONE', #4432, 1000.000000000000000 ) ;
#437 = CIRCLE ( 'NONE', #6066, 1.000000000000000000 ) ;
#438 = CARTESIAN_POINT ( 'NONE',  ( -19.00000000000000000, -5.000000000000000000, -14.00000000000000000 ) ) ;
#439 = ORIENTED_EDGE ( 'NONE', *, *, #1350, .T. ) ;
#440 = CARTESIAN_POINT ( 'NONE',  ( -9.832602741824926440, 4.572714414311430886, -1.700000000000000178 ) ) ;
#441 = CARTESIAN_POINT ( 'NONE',  ( -23.12310562561766503, -8.057641145488908307, -15.85764114548888415 ) ) ;
#442 = CARTESIAN_POINT ( 'NONE',  ( 0.1435335340661171022, -9.499999999999474198, -10.59807621135179545 ) ) ;
#443 = CIRCLE ( 'NONE', #7112, 1.000000000000000666 ) ;
#444 = DIRECTION ( 'NONE',  ( -0.9582143447964120986, 0.2860511657490366066, 0.000000000000000000 ) ) ;
#445 = CARTESIAN_POINT ( 'NONE',  ( -1.181363448697987151, -4.946870286864855970, -14.33444622978515426 ) ) ;
#446 = CARTESIAN_POINT ( 'NONE',  ( 10.15741709540395199, 6.221052181051783592, 4.656096539047855200E-14 ) ) ;
#447 = CARTESIAN_POINT ( 'NONE',  ( 6.035868011063576510, 10.60696001493787044, -2.265678889110812833 ) ) ;
#448 = ORIENTED_EDGE ( 'NONE', *, *, #7488, .T. ) ;
#449 = CARTESIAN_POINT ( 'NONE',  ( -2.570552431096319701, -7.255791592464750472, -1.447635286813308442 ) ) ;
#450 = CARTESIAN_POINT ( 'NONE',  ( -12.78508065997509924, 8.108403634990065001, -14.50833399574640126 ) ) ;
#451 = CARTESIAN_POINT ( 'NONE',  ( -2.920650324626956174, -9.804666096977447509, -13.16193845718639466 ) ) ;
#452 = CARTESIAN_POINT ( 'NONE',  ( 10.36259506575120604, 10.99999999999999822, -6.268740397964635669 ) ) ;
#453 = FACE_OUTER_BOUND ( 'NONE', #3233, .T. ) ;
#454 = EDGE_LOOP ( 'NONE', ( #3361, #617, #17, #1100, #2090 ) ) ;
#455 = CARTESIAN_POINT ( 'NONE',  ( -22.31662479035541224, -0.9999999999999997780, -16.99999999999998224 ) ) ;
#456 =( BOUNDED_SURFACE ( )  B_SPLINE_SURFACE ( 3, 2, ( 
 ( #3956, #1992, #5105 ),
 ( #4536, #766, #3349 ),
 ( #3221, #7586, #2116 ),
 ( #3874, #5846, #5758 ),
 ( #226, #2729, #5223 ),
 ( #7101, #4000, #887 ),
 ( #3386, #5882, #268 ),
 ( #2768, #7547, #1951 ),
 ( #6332, #1080, #2230 ),
 ( #7258, #419, #4810 ) ),
 .UNSPECIFIED., .F., .F., .T. ) 
 B_SPLINE_SURFACE_WITH_KNOTS ( ( 4, 2, 2, 2, 4 ),
 ( 3, 3 ),
 ( 0.007470717938689635552, 0.008583155230736652305, 0.009695592522783668191, 0.01080802981483068581, 0.01192046710687770170 ),
 ( 0.000000000000000000, 0.9257088987186701257 ),
 .UNSPECIFIED. ) 
 GEOMETRIC_REPRESENTATION_ITEM ( )  RATIONAL_B_SPLINE_SURFACE ( (
 ( 1.000000000000000000, 0.7288661409700326610, 0.9597143340360138053),
 ( 1.000000000000000000, 0.7418443825820185689, 0.9616426697601130336),
 ( 1.000000000000000000, 0.7535461989517810988, 0.9633813514103160003),
 ( 1.000000000000000000, 0.7701503003049714469, 0.9658484253609467274),
 ( 1.000000000000000000, 0.7749048749170149852, 0.9665548705290527565),
 ( 1.000000000000000000, 0.7749229090415731269, 0.9665575500790009045),
 ( 1.000000000000000000, 0.7701826259297035460, 0.9658532283734686530),
 ( 1.000000000000000000, 0.7535674844914551640, 0.9633845140626835502),
 ( 1.000000000000000000, 0.7418439831096932391, 0.9616426104056350344),
 ( 1.000000000000000000, 0.7288661409700325500, 0.9597143340360138053) ) ) 
 REPRESENTATION_ITEM ( '' )  SURFACE ( )  );
#457 = CARTESIAN_POINT ( 'NONE',  ( -9.301192101060685502, 9.538043129954699495, -5.289635045802467239 ) ) ;
#458 = CARTESIAN_POINT ( 'NONE',  ( 21.18528979577669347, 6.768713230964443994, -16.48065474309938239 ) ) ;
#459 = CARTESIAN_POINT ( 'NONE',  ( -7.277025549493573386, 9.902522649566266821, -12.60233790800864462 ) ) ;
#460 = FACE_OUTER_BOUND ( 'NONE', #1023, .T. ) ;
#461 = CARTESIAN_POINT ( 'NONE',  ( 10.81360787746104712, 3.968364125578241808, -15.99999999999998934 ) ) ;
#462 = CARTESIAN_POINT ( 'NONE',  ( 15.49129604738370425, -10.99999999999972111, -15.20365633684369655 ) ) ;
#463 = ORIENTED_EDGE ( 'NONE', *, *, #1531, .F. ) ;
#464 = CARTESIAN_POINT ( 'NONE',  ( 10.08879179705862938, 10.99999999999999822, -4.535800487171247397 ) ) ;
#465 = ORIENTED_EDGE ( 'NONE', *, *, #3023, .T. ) ;
#466 = CARTESIAN_POINT ( 'NONE',  ( 3.993393901112035405, -10.41307740450306341, -1.909733669472761797 ) ) ;
#467 = APPROVAL ( #4519, 'UNSPECIFIED' ) ;
#468 = EDGE_CURVE ( 'NONE', #5429, #4651, #6161, .T. ) ;
#469 = CARTESIAN_POINT ( 'NONE',  ( 3.845854597488320703, -10.87885856269629947, -2.989471759434346954 ) ) ;
#470 = CARTESIAN_POINT ( 'NONE',  ( -35.79568674059701294, -11.00000000000000355, -17.53524662843645743 ) ) ;
#471 = DIRECTION ( 'NONE',  ( -0.000000000000000000, -1.000000000000000000, -0.000000000000000000 ) ) ;
#472 = CARTESIAN_POINT ( 'NONE',  ( -21.57500494164584381, -0.9999999999999846789, -16.32917960675005276 ) ) ;
#473 = CARTESIAN_POINT ( 'NONE',  ( 20.71983585873570277, -11.00000000000000000, -12.50033463814477130 ) ) ;
#474 = ORIENTED_EDGE ( 'NONE', *, *, #1024, .T. ) ;
#475 = CARTESIAN_POINT ( 'NONE',  ( 12.53583504949591543, 10.99999999999999645, -12.51367131120641396 ) ) ;
#476 = EDGE_CURVE ( 'NONE', #3787, #7150, #3569, .T. ) ;
#477 = EDGE_CURVE ( 'NONE', #7417, #6737, #7074, .T. ) ;
#478 = SPHERICAL_SURFACE ( 'NONE', #4075, 4.999999999999999112 ) ;
#479 = EDGE_LOOP ( 'NONE', ( #4011, #2110, #3848, #1115 ) ) ;
#480 = CARTESIAN_POINT ( 'NONE',  ( -31.48039451934639743, 10.99999999999973710, -12.48042012653189481 ) ) ;
#481 = CARTESIAN_POINT ( 'NONE',  ( -20.85295344039368715, -9.388676311671604324, -15.86662584067228110 ) ) ;
#482 = CARTESIAN_POINT ( 'NONE',  ( 13.53231758303411070, 10.99999999999999822, -3.999999999999996447 ) ) ;
#483 = DIRECTION ( 'NONE',  ( 0.2860511657490364956, 0.9582143447964120986, -0.000000000000000000 ) ) ;
#484 = CARTESIAN_POINT ( 'NONE',  ( -1.391976270776528191, -4.205172089711616934, -15.99999999999998579 ) ) ;
#485 = CARTESIAN_POINT ( 'NONE',  ( 10.16494293735417465, 4.573494545452249760, -1.699928963996837572 ) ) ;
#486 = ADVANCED_FACE ( 'NONE', ( #6527 ), #1611, .F. ) ;
#487 = CARTESIAN_POINT ( 'NONE',  ( 7.219867877857222283, 9.897800164784985810, -3.264074395241101989 ) ) ;
#488 = ORIENTED_EDGE ( 'NONE', *, *, #588, .F. ) ;
#489 = EDGE_CURVE ( 'NONE', #7093, #5269, #4547, .T. ) ;
#490 = CARTESIAN_POINT ( 'NONE',  ( -3.485527892194986155, -7.259607962109905444, 3.634353341424327581E-15 ) ) ;
#491 = CARTESIAN_POINT ( 'NONE',  ( -12.64923818727557858, 9.886196562445492830, -12.45521375021798960 ) ) ;
#492 = CARTESIAN_POINT ( 'NONE',  ( -2.743575132428243801, -10.92761993408719334, -12.87489632784839699 ) ) ;
#493 = CARTESIAN_POINT ( 'NONE',  ( -12.52170419753943875, 9.857959017768548549, -12.20074830801260291 ) ) ;
#494 = CARTESIAN_POINT ( 'NONE',  ( 8.233729787269993494, 10.99999999999999645, -5.810810196704283115 ) ) ;
#495 = CYLINDRICAL_SURFACE ( 'NONE', #3061, 2.999999999999999112 ) ;
#496 = EDGE_LOOP ( 'NONE', ( #6788, #147, #3705, #6813, #2468 ) ) ;
#497 = CARTESIAN_POINT ( 'NONE',  ( -10.36259506575120604, 10.99999999999999289, -9.731259602035361667 ) ) ;
#498 = CARTESIAN_POINT ( 'NONE',  ( 24.50000000000002487, -6.999999999999997335, -20.00000000000000000 ) ) ;
#499 = DIRECTION ( 'NONE',  ( -1.000000000000000000, -7.796510004390144799E-17, 0.000000000000000000 ) ) ;
#500 = CARTESIAN_POINT ( 'NONE',  ( -8.069077295078663781, 4.564657266779990508, 0.000000000000000000 ) ) ;
#501 = CARTESIAN_POINT ( 'NONE',  ( 7.350761812724420530, 9.886196562445496383, -12.45521375021799315 ) ) ;
#502 = CARTESIAN_POINT ( 'NONE',  ( -12.38603793845700451, 6.616903933177621155, -14.49339394581684282 ) ) ;
#503 = B_SPLINE_CURVE_WITH_KNOTS ( 'NONE', 3,
 ( #1731, #2310, #1160, #1690, #4230, #6798, #1202, #3086, #8023, #7294 ),
 .UNSPECIFIED., .F., .F.,
 ( 4, 2, 2, 2, 4 ),
 ( 0.003422628982076921563, 0.004279752395304908981, 0.005136875808532896832, 0.005993999221760883817, 0.006851122634988871668 ),
 .UNSPECIFIED. ) ;
#504 = FACE_OUTER_BOUND ( 'NONE', #5511, .T. ) ;
#505 = VERTEX_POINT ( 'NONE', #8059 ) ;
#506 = CARTESIAN_POINT ( 'NONE',  ( 11.42917971601283078, 10.99999999999999645, -5.988098956766588543 ) ) ;
#507 = EDGE_LOOP ( 'NONE', ( #236, #5895, #8076, #6849, #15, #7749 ) ) ;
#508 = CARTESIAN_POINT ( 'NONE',  ( 0.3768342625686967873, -11.00000000000000000, -6.252156857762079412 ) ) ;
#509 =( BOUNDED_SURFACE ( )  B_SPLINE_SURFACE ( 3, 2, ( 
 ( #3009, #3054, #2398 ),
 ( #4197, #5501, #3747 ),
 ( #7940, #6244, #6805 ),
 ( #3709, #1210, #6209 ),
 ( #6767, #2442, #599 ),
 ( #4979, #7988, #639 ),
 ( #2967, #3667, #4904 ),
 ( #3094, #2481, #5627 ),
 ( #7457, #18, #4816 ),
 ( #556, #7302, #1700 ),
 ( #4358, #6687, #1088 ),
 ( #3587, #6083, #466 ),
 ( #2354, #4857, #7343 ),
 ( #4240, #7382, #4573 ),
 ( #679, #7581, #4445 ),
 ( #761, #3301, #6447 ),
 ( #7626, #3344, #2524 ),
 ( #5182, #139, #4531 ),
 ( #6283, #1456, #3256 ),
 ( #3173, #722, #2032 ) ),
 .UNSPECIFIED., .F., .F., .F. ) 
 B_SPLINE_SURFACE_WITH_KNOTS ( ( 4, 2, 2, 2, 2, 2, 2, 2, 2, 4 ),
 ( 3, 3 ),
 ( -8.673617379884035472E-19, 0.0006041035718230232171, 0.001208207143646047301, 0.001812310715469071278, 0.002416414287292095470, 0.003020517859115119663, 0.003322569645026631543, 0.003624621430938143422, 0.004228725002761167182, 0.004832828574584191808 ),
 ( 0.000000000000000000, 1.000000000000000000 ),
 .UNSPECIFIED. ) 
 GEOMETRIC_REPRESENTATION_ITEM ( )  RATIONAL_B_SPLINE_SURFACE ( (
 ( 1.000000000000000000, 0.5255305477261470459, 1.000000000000000000),
 ( 1.000000000000000000, 0.5409256200843248763, 1.000000000000000000),
 ( 1.000000000000000000, 0.5564364647819934895, 1.000000000000000000),
 ( 1.000000000000000000, 0.5871040600061474546, 1.000000000000000000),
 ( 1.000000000000000000, 0.6024172706649252307, 1.000000000000000000),
 ( 1.000000000000000000, 0.6314102792733479186, 1.000000000000000000),
 ( 1.000000000000000000, 0.6449931040449233821, 1.000000000000000000),
 ( 1.000000000000000000, 0.6698042740448043597, 1.000000000000000000),
 ( 1.000000000000000000, 0.6811386069492135764, 1.000000000000000000),
 ( 1.000000000000000000, 0.6995265130420160737, 1.000000000000000000),
 ( 1.000000000000000000, 0.7067358594482711087, 1.000000000000000000),
 ( 1.000000000000000000, 0.7137396649802275617, 1.000000000000000000),
 ( 1.000000000000000000, 0.7154206984197927222, 1.000000000000000000),
 ( 1.000000000000000000, 0.7172303835283250217, 1.000000000000000000),
 ( 1.000000000000000000, 0.7173821124118672232, 1.000000000000000000),
 ( 1.000000000000000000, 0.7153933171290394188, 1.000000000000000000),
 ( 1.000000000000000000, 0.7106956582048880033, 1.000000000000000000),
 ( 1.000000000000000000, 0.6938768977784037784, 1.000000000000000000),
 ( 1.000000000000000000, 0.6818430630983974838, 1.000000000000000000),
 ( 1.000000000000000000, 0.6656562785873431087, 1.000000000000000000) ) ) 
 REPRESENTATION_ITEM ( '' )  SURFACE ( )  );
#510 = CARTESIAN_POINT ( 'NONE',  ( 13.53231758303410537, 10.99999999999999822, -11.99999999999999112 ) ) ;
#511 = CIRCLE ( 'NONE', #1953, 4.000000000000003553 ) ;
#512 = CARTESIAN_POINT ( 'NONE',  ( 33.26671359945837736, -11.00000000000026468, -14.31945059963022082 ) ) ;
#513 = CARTESIAN_POINT ( 'NONE',  ( 3.711397965631156648, -10.97660772837097198, -3.496708783065528792 ) ) ;
#514 = CARTESIAN_POINT ( 'NONE',  ( -12.93438808597759326, 8.798058111298031392, -1.740320281181338746 ) ) ;
#515 = CARTESIAN_POINT ( 'NONE',  ( 2.236067977499803572, -6.999999999999999112, -15.99999999999998934 ) ) ;
#516 = CARTESIAN_POINT ( 'NONE',  ( -6.106640815588970206, 10.81167026488128258, -2.758766154080121602 ) ) ;
#517 = DIRECTION ( 'NONE',  ( 0.7698003589194339913, -0.6382847385043062260, -0.000000000000000000 ) ) ;
#518 = AXIS2_PLACEMENT_3D ( 'NONE', #696, #6378, #4991 ) ;
#519 = ORIENTED_EDGE ( 'NONE', *, *, #7737, .F. ) ;
#520 = CARTESIAN_POINT ( 'NONE',  ( 14.00424217957530537, 10.18403899177855187, -14.43581631531927023 ) ) ;
#521 = ORIENTED_EDGE ( 'NONE', *, *, #843, .T. ) ;
#522 = FACE_OUTER_BOUND ( 'NONE', #5689, .T. ) ;
#523 = CARTESIAN_POINT ( 'NONE',  ( -13.48610559779939244, 7.262188245326788305, -2.096406544454393339E-17 ) ) ;
#524 = CARTESIAN_POINT ( 'NONE',  ( 12.74419496084746406, 7.942693726931886467, -1.461883348412147177 ) ) ;
#525 = ADVANCED_FACE ( 'NONE', ( #591 ), #7766, .T. ) ;
#526 = CARTESIAN_POINT ( 'NONE',  ( -39.06035615916511006, -11.00000000000000178, -17.86837050646439806 ) ) ;
#527 = FACE_OUTER_BOUND ( 'NONE', #3695, .T. ) ;
#528 = EDGE_CURVE ( 'NONE', #1046, #2705, #6395, .T. ) ;
#529 = CARTESIAN_POINT ( 'NONE',  ( 9.595309099562379984, 3.879734587090522879, 0.000000000000000000 ) ) ;
#530 = CARTESIAN_POINT ( 'NONE',  ( 7.464164950504082796, 10.99999999999999467, -12.51367131120641218 ) ) ;
#531 = EDGE_LOOP ( 'NONE', ( #3887, #5996, #3352, #3253 ) ) ;
#532 = CARTESIAN_POINT ( 'NONE',  ( -2.895404674022502345, -9.741784453842310398, -1.075622765896150801 ) ) ;
#533 = CARTESIAN_POINT ( 'NONE',  ( -13.01707270778483760, 10.44843193930311820, -14.04048562982526427 ) ) ;
#534 = CARTESIAN_POINT ( 'NONE',  ( -3.949505053075428318, -10.66255185033969077, -13.61343576909703756 ) ) ;
#535 = EDGE_CURVE ( 'NONE', #7922, #1708, #5508, .T. ) ;
#536 = CARTESIAN_POINT ( 'NONE',  ( 8.565473851096330193, 10.99999999999999822, -5.971093235195613858 ) ) ;
#537 = CARTESIAN_POINT ( 'NONE',  ( -2.385152891936261454, -6.613575056313802492, -14.49308094081426646 ) ) ;
#538 = EDGE_CURVE ( 'NONE', #5269, #3607, #952, .T. ) ;
#539 = ORIENTED_EDGE ( 'NONE', *, *, #5553, .T. ) ;
#540 = CARTESIAN_POINT ( 'NONE',  ( -9.807479919801712853, 10.99999999999999645, -9.732458529457176155 ) ) ;
#541 = AXIS2_PLACEMENT_3D ( 'NONE', #6975, #3998, #885 ) ;
#542 = CARTESIAN_POINT ( 'NONE',  ( -8.660748411668542701, 9.629021815487496028, -4.993845061900513471 ) ) ;
#543 = CARTESIAN_POINT ( 'NONE',  ( 21.66214226686632571, 6.774324283119659285, -16.02445861045935871 ) ) ;
#544 = CARTESIAN_POINT ( 'NONE',  ( -7.621372418305711882, 4.997204330571728192, 0.000000000000000000 ) ) ;
#545 = CARTESIAN_POINT ( 'NONE',  ( -15.68337520964457177, 6.999999999999991118, -15.99999999999998224 ) ) ;
#546 = CARTESIAN_POINT ( 'NONE',  ( -20.35655408352256757, 7.404313948354871222, -16.02233416806312150 ) ) ;
#547 = AXIS2_PLACEMENT_3D ( 'NONE', #872, #7201, #5867 ) ;
#548 = DIRECTION ( 'NONE',  ( 1.000000000000000000, 7.796510004390144799E-17, -2.344220913482171656E-16 ) ) ;
#549 = FACE_OUTER_BOUND ( 'NONE', #1901, .T. ) ;
#550 = ORIENTED_EDGE ( 'NONE', *, *, #2824, .T. ) ;
#551 = CARTESIAN_POINT ( 'NONE',  ( 11.04516058755781138, 10.99999999999999467, -4.525396107020225323 ) ) ;
#552 = B_SPLINE_CURVE_WITH_KNOTS ( 'NONE', 3,
 ( #3610, #369, #6107, #1642, #2989, #4138, #5482, #5526, #1679, #4800, #7887, #2423, #6667, #4924, #7965, #2952 ),
 .UNSPECIFIED., .F., .F.,
 ( 4, 2, 2, 2, 2, 2, 2, 4 ),
 ( 0.004018078112346629843, 0.004521866284864918366, 0.005025654457383206888, 0.005529442629901495411, 0.006033230802419783934, 0.006537018974938072456, 0.007040807147456360979, 0.008048383492492938024 ),
 .UNSPECIFIED. ) ;
#553 = ORIENTED_EDGE ( 'NONE', *, *, #6140, .F. ) ;
#554 = CARTESIAN_POINT ( 'NONE',  ( 40.00000000000001421, -7.999999999999996447, -45.99999999999999289 ) ) ;
#555 = AXIS2_PLACEMENT_3D ( 'NONE', #2557, #5051, #3161 ) ;
#556 = CARTESIAN_POINT ( 'NONE',  ( 2.998307370271726224, -9.280029756719951450, -2.076483103202828584 ) ) ;
#557 = CARTESIAN_POINT ( 'NONE',  ( 33.83832952836904440, -10.99999999999999645, -13.04844102073235135 ) ) ;
#558 = CARTESIAN_POINT ( 'NONE',  ( 37.00000000000001421, 7.000000000000002665, -22.00000000000000000 ) ) ;
#559 = CARTESIAN_POINT ( 'NONE',  ( -31.00000000000000711, -11.00000000000000355, -11.99999999999998046 ) ) ;
#560 = CARTESIAN_POINT ( 'NONE',  ( 16.42499505835415974, -0.9999999999999847899, -16.32917960675005986 ) ) ;
#561 = CARTESIAN_POINT ( 'NONE',  ( 40.50000000000002132, 8.000000000000003553, -36.50000000000000000 ) ) ;
#562 = AXIS2_PLACEMENT_3D ( 'NONE', #5192, #2696, #1 ) ;
#563 = ORIENTED_EDGE ( 'NONE', *, *, #3735, .F. ) ;
#564 = CARTESIAN_POINT ( 'NONE',  ( 19.00000000000000000, -1.000000000000000000, -18.47213595499957961 ) ) ;
#565 = CARTESIAN_POINT ( 'NONE',  ( 18.64506967138453675, -9.713300285439038007, -15.87553713560111568 ) ) ;
#566 = ORIENTED_EDGE ( 'NONE', *, *, #4186, .T. ) ;
#567 = TOROIDAL_SURFACE ( 'NONE', #5805, 5.196152422706640905, 1.000000000000000000 ) ;
#568 = CARTESIAN_POINT ( 'NONE',  ( -22.69361545628769150, -7.810747978724201346, -15.92533131205405716 ) ) ;
#569 = CARTESIAN_POINT ( 'NONE',  ( -6.572596758538236550, 6.999999999999994671, -1.000000000000000000 ) ) ;
#570 = FACE_OUTER_BOUND ( 'NONE', #2760, .T. ) ;
#571 = CIRCLE ( 'NONE', #1097, 4.999999999999999112 ) ;
#572 = CARTESIAN_POINT ( 'NONE',  ( -1.876162204679888479, -7.463084600370365251, 0.000000000000000000 ) ) ;
#573 = VECTOR ( 'NONE', #932, 1000.000000000000000 ) ;
#574 = CARTESIAN_POINT ( 'NONE',  ( -11.99074516405252311, 9.751130104823426237, -4.461902546352360943 ) ) ;
#575 = DIRECTION ( 'NONE',  ( 0.000000000000000000, 0.000000000000000000, -1.000000000000000000 ) ) ;
#576 = VERTEX_POINT ( 'NONE', #991 ) ;
#577 = EDGE_CURVE ( 'NONE', #2046, #3274, #807, .T. ) ;
#578 = AXIS2_PLACEMENT_3D ( 'NONE', #7564, #5081, #1277 ) ;
#579 = CARTESIAN_POINT ( 'NONE',  ( 2.332468827223976859, -8.388414653742067628, -15.77722118613029068 ) ) ;
#580 = CARTESIAN_POINT ( 'NONE',  ( -6.293157169441116139, 10.97820292271292431, -12.48880115300737437 ) ) ;
#581 = CARTESIAN_POINT ( 'NONE',  ( 22.83445865439362166, -7.055291161329495075, -16.49999999592026256 ) ) ;
#582 = CARTESIAN_POINT ( 'NONE',  ( 12.84300958170461193, 8.356094673456180288, -14.44316818855452844 ) ) ;
#583 = CARTESIAN_POINT ( 'NONE',  ( 12.73354802894933080, 7.892291527160411491, -1.441564860266790093 ) ) ;
#584 = CARTESIAN_POINT ( 'NONE',  ( -7.614847108063740322, 6.613575056313796274, -14.49308094081426290 ) ) ;
#585 = CYLINDRICAL_SURFACE ( 'NONE', #52, 4.000000000000003553 ) ;
#586 = VERTEX_POINT ( 'NONE', #4139 ) ;
#587 = CARTESIAN_POINT ( 'NONE',  ( -7.624288690315911055, 10.99999999999999467, -10.59097353118709961 ) ) ;
#588 = EDGE_CURVE ( 'NONE', #3828, #3300, #1221, .T. ) ;
#589 = CARTESIAN_POINT ( 'NONE',  ( -19.00000000000000000, -5.000000000000000000, -16.49999999999998579 ) ) ;
#590 = CARTESIAN_POINT ( 'NONE',  ( -12.78111611867991293, 10.99999999999999289, -10.95517715305102158 ) ) ;
#591 = FACE_OUTER_BOUND ( 'NONE', #2877, .T. ) ;
#592 = DIRECTION ( 'NONE',  ( 0.000000000000000000, 5.782411586589358625E-16, 1.000000000000000000 ) ) ;
#593 = CARTESIAN_POINT ( 'NONE',  ( -18.24570835644774647, 7.973820048892337198, -15.91531300335391741 ) ) ;
#594 = CARTESIAN_POINT ( 'NONE',  ( -17.50936583210379993, 10.99999999999999467, -12.01227379872568513 ) ) ;
#595 = CARTESIAN_POINT ( 'NONE',  ( 2.074033956878109208, -4.688022449650572021, 0.000000000000000000 ) ) ;
#596 = EDGE_LOOP ( 'NONE', ( #1805, #7054, #4283, #4066 ) ) ;
#597 = CARTESIAN_POINT ( 'NONE',  ( 13.14935300838330789, 10.99999999999999645, -4.636282374427640462 ) ) ;
#598 = VERTEX_POINT ( 'NONE', #7847 ) ;
#599 = CARTESIAN_POINT ( 'NONE',  ( 3.713116698177238995, -8.274793605099471705, -0.1995387472707828846 ) ) ;
#600 = CARTESIAN_POINT ( 'NONE',  ( 39.06037134638474839, -10.99999999999999467, -17.86840188481479430 ) ) ;
#601 = CARTESIAN_POINT ( 'NONE',  ( 11.87616220467990047, 7.463084600370360810, -15.99999999999998934 ) ) ;
#602 = CARTESIAN_POINT ( 'NONE',  ( -31.19153068342814805, -11.00000000000000355, -12.38306331504290725 ) ) ;
#603 = EDGE_CURVE ( 'NONE', #2705, #2361, #5377, .T. ) ;
#604 = DIRECTION ( 'NONE',  ( 1.000000000000000000, 7.796510004390144799E-17, -2.344220913482171656E-16 ) ) ;
#605 = CARTESIAN_POINT ( 'NONE',  ( -17.12259625875743652, 7.716892315514435552, -15.93770278261050954 ) ) ;
#606 = ORIENTED_EDGE ( 'NONE', *, *, #3783, .T. ) ;
#607 = CARTESIAN_POINT ( 'NONE',  ( 40.50000000000002132, -6.999999999999995559, -36.50000000000000000 ) ) ;
#608 = CARTESIAN_POINT ( 'NONE',  ( 16.00098124904518571, -8.482649723556859200, -15.99823557779214944 ) ) ;
#609 = CARTESIAN_POINT ( 'NONE',  ( -21.51077831466020385, -8.721953366562861021, -16.22628202440428780 ) ) ;
#610 = CARTESIAN_POINT ( 'NONE',  ( 2.985449290529927246, -9.639369182306234407, -13.49917318090237117 ) ) ;
#611 = CARTESIAN_POINT ( 'NONE',  ( 13.54508127064825551, 7.520564305678777650, -0.02557841783194523058 ) ) ;
#612 = B_SPLINE_CURVE_WITH_KNOTS ( 'NONE', 3,
 ( #6528, #381, #5337, #5918, #4727, #7858, #923, #1572, #4658, #732, #6565, #7215 ),
 .UNSPECIFIED., .F., .F.,
 ( 4, 2, 2, 2, 2, 4 ),
 ( 0.000000000000000000, 0.0008556572455192301739, 0.001711314491038460348, 0.002566971736557690197, 0.002994800359317306097, 0.003422628982076921563 ),
 .UNSPECIFIED. ) ;
#613 = CARTESIAN_POINT ( 'NONE',  ( -7.429447568903673194, 7.255791592464741591, -14.55236471318667846 ) ) ;
#614 = CARTESIAN_POINT ( 'NONE',  ( 7.156990418295391621, 8.356094673456178512, -1.556831811445464009 ) ) ;
#615 = CARTESIAN_POINT ( 'NONE',  ( -8.586089400570180885, 10.99999999999999289, -4.405423492348059966 ) ) ;
#616 = CARTESIAN_POINT ( 'NONE',  ( -2.892794390015607231, -9.840009727598578948, -2.942663032056091144 ) ) ;
#617 = ORIENTED_EDGE ( 'NONE', *, *, #2135, .T. ) ;
#618 = CARTESIAN_POINT ( 'NONE',  ( 16.01933921269998251, 7.222853310781958136, -15.99999999999999645 ) ) ;
#619 = CARTESIAN_POINT ( 'NONE',  ( 2.658810952082745427, -7.603327063517893336, -14.56808993661250184 ) ) ;
#620 = CARTESIAN_POINT ( 'NONE',  ( -21.61474563132773952, 7.421132773307364872, -15.98096513682246922 ) ) ;
#621 = CARTESIAN_POINT ( 'NONE',  ( 33.69306208598805341, -9.359872777137038469, -15.99798360184534829 ) ) ;
#622 = DIRECTION ( 'NONE',  ( 0.8888540269160458696, 0.000000000000000000, 0.4581904831346119700 ) ) ;
#623 = CARTESIAN_POINT ( 'NONE',  ( 16.23614600803716002, -0.3333333333333327597, -16.49999999999999289 ) ) ;
#624 = DIRECTION ( 'NONE',  ( -0.5120085719766515053, 0.8284094744055102710, -0.2271232373351892986 ) ) ;
#625 = PRODUCT_DEFINITION ( 'UNKNOWN', '', #4682, #2015 ) ;
#626 = ORIENTED_EDGE ( 'NONE', *, *, #7865, .F. ) ;
#627 = CARTESIAN_POINT ( 'NONE',  ( -12.64923818727557858, 9.886196562445492830, -12.45521375021798960 ) ) ;
#628 = CARTESIAN_POINT ( 'NONE',  ( -12.36775405985445175, 6.564515399815168628, -14.48842970578270872 ) ) ;
#629 = CARTESIAN_POINT ( 'NONE',  ( 6.467682416965894632, 9.999999999999996447, -11.99999999999999289 ) ) ;
#630 = CARTESIAN_POINT ( 'NONE',  ( 0.3625950657512048148, -11.00000000000000355, -9.731259602035366996 ) ) ;
#631 = DIRECTION ( 'NONE',  ( 1.000000000000000000, 0.000000000000000000, 0.000000000000000000 ) ) ;
#632 = DIRECTION ( 'NONE',  ( -1.000000000000000000, 0.000000000000000000, 0.000000000000000000 ) ) ;
#633 = CARTESIAN_POINT ( 'NONE',  ( 14.94678918741742457, -7.433882004183441694, -15.97877423626868598 ) ) ;
#634 = CARTESIAN_POINT ( 'NONE',  ( 36.79839424581660268, 11.00000000000026468, -19.91269372303390739 ) ) ;
#635 = EDGE_CURVE ( 'NONE', #4928, #5216, #6425, .T. ) ;
#636 = ORIENTED_EDGE ( 'NONE', *, *, #1252, .T. ) ;
#637 = CARTESIAN_POINT ( 'NONE',  ( -12.65823323158786096, 7.601068976516494935, -1.431891552813029156 ) ) ;
#638 = EDGE_LOOP ( 'NONE', ( #566, #5067, #4094, #2168, #2150, #1135, #7199, #3180, #5096, #2029, #4804, #348, #7427, #3807 ) ) ;
#639 = CARTESIAN_POINT ( 'NONE',  ( 3.813513071640687535, -8.759500271395259219, -0.3982277606630035272 ) ) ;
#640 = B_SPLINE_CURVE_WITH_KNOTS ( 'NONE', 3,
 ( #1162, #4352, #594, #8063, #7451, #1857, #7898, #2312, #4811, #1373 ),
 .UNSPECIFIED., .F., .F.,
 ( 4, 2, 2, 2, 4 ),
 ( 0.000000000000000000, 0.001118295884489886984, 0.002236591768979773968, 0.003354887653469661168, 0.004473183537959547935 ),
 .UNSPECIFIED. ) ;
#641 = CARTESIAN_POINT ( 'NONE',  ( -18.17954353473203710, -9.647125152781169888, -15.88527244842395270 ) ) ;
#642 = DIRECTION ( 'NONE',  ( 1.000000000000000000, 0.000000000000000000, 0.000000000000000000 ) ) ;
#643 = CARTESIAN_POINT ( 'NONE',  ( -32.43230865688575904, -11.00000000000000355, -12.49052634267605022 ) ) ;
#644 = CARTESIAN_POINT ( 'NONE',  ( 37.00000000000000711, 8.025706433618726265, -21.43057201963252822 ) ) ;
#645 = CARTESIAN_POINT ( 'NONE',  ( -20.87716870587711782, 7.716982716147254173, -15.93768955921906816 ) ) ;
#646 = ADVANCED_FACE ( 'NONE', ( #1562 ), #4607, .T. ) ;
#647 = ORIENTED_EDGE ( 'NONE', *, *, #7187, .T. ) ;
#648 = CARTESIAN_POINT ( 'NONE',  ( 13.99055257328925705, 10.47956099835828248, -13.99096978426234905 ) ) ;
#649 = CARTESIAN_POINT ( 'NONE',  ( 16.10366033075838743, -8.397545241428517215, -16.25748132172326166 ) ) ;
#650 = CARTESIAN_POINT ( 'NONE',  ( 15.68337520964459664, 6.999999999999999112, -15.99999999999999289 ) ) ;
#651 = CARTESIAN_POINT ( 'NONE',  ( -15.05511614362820083, -8.121589218983055858, -15.85147365630257887 ) ) ;
#652 = AXIS2_PLACEMENT_3D ( 'NONE', #4098, #6595, #4883 ) ;
#653 = DIRECTION ( 'NONE',  ( -0.000000000000000000, 0.000000000000000000, 1.000000000000000000 ) ) ;
#654 = CARTESIAN_POINT ( 'NONE',  ( 7.267050940501048828, 7.889770197674478069, -1.440966421451187252 ) ) ;
#655 = CARTESIAN_POINT ( 'NONE',  ( -9.822443316047701600, 10.99999999999999289, -6.268340756684648518 ) ) ;
#656 = CIRCLE ( 'NONE', #5232, 1.000000000000000222 ) ;
#657 = DIRECTION ( 'NONE',  ( 1.000000000000000000, 0.000000000000000000, 0.000000000000000000 ) ) ;
#658 = ORIENTED_EDGE ( 'NONE', *, *, #6186, .T. ) ;
#659 = CARTESIAN_POINT ( 'NONE',  ( 2.570552431096326362, -7.255791592464747808, -14.55236471318668023 ) ) ;
#660 = CARTESIAN_POINT ( 'NONE',  ( 31.11515124340832017, -10.99999999999999822, -12.23030156404322888 ) ) ;
#661 = DIRECTION ( 'NONE',  ( 0.8888540269160437601, 0.000000000000000000, 0.4581904831346162998 ) ) ;
#662 = DIRECTION ( 'NONE',  ( 1.000000000000000000, 0.000000000000000000, 0.000000000000000000 ) ) ;
#663 = CARTESIAN_POINT ( 'NONE',  ( -36.99999999999999289, 7.999999999999989342, -21.94987437106618700 ) ) ;
#664 = CARTESIAN_POINT ( 'NONE',  ( 21.59101091881287005, -8.958383417347882016, -15.90319375620845577 ) ) ;
#665 = VERTEX_POINT ( 'NONE', #7807 ) ;
#666 = CYLINDRICAL_SURFACE ( 'NONE', #1104, 6.000000000000001776 ) ;
#667 = CARTESIAN_POINT ( 'NONE',  ( 22.01447303611312378, -8.285093852978874907, -16.26923511321234983 ) ) ;
#668 = CARTESIAN_POINT ( 'NONE',  ( -12.51356180127930884, 5.159211858539956452, -15.99999999999998224 ) ) ;
#669 = DIRECTION ( 'NONE',  ( 1.000000000000000000, 7.796510004390144799E-17, 0.000000000000000000 ) ) ;
#670 = CARTESIAN_POINT ( 'NONE',  ( 3.362483729137756949, -11.00000000000000000, -11.67053548578812894 ) ) ;
#671 = LINE ( 'NONE', #5703, #3963 ) ;
#672 = CARTESIAN_POINT ( 'NONE',  ( 10.19458448081236135, 3.857680430177405473, -15.99999999999998934 ) ) ;
#673 = CARTESIAN_POINT ( 'NONE',  ( 7.349781242078257115, 11.00000000000000178, -10.82726846853352498 ) ) ;
#674 = AXIS2_PLACEMENT_3D ( 'NONE', #193, #3354, #272 ) ;
#675 = CARTESIAN_POINT ( 'NONE',  ( 32.88922695494901660, 9.952694175548113975, -15.14038257206133231 ) ) ;
#676 = ORIENTED_EDGE ( 'NONE', *, *, #6297, .F. ) ;
#677 = CARTESIAN_POINT ( 'NONE',  ( -13.00089687188109266, 10.55019147721792550, -2.149466820540398171 ) ) ;
#678 = ORIENTED_EDGE ( 'NONE', *, *, #3195, .F. ) ;
#679 = CARTESIAN_POINT ( 'NONE',  ( 2.962128789243218652, -9.709344177154740407, -2.634043279356120593 ) ) ;
#680 = CIRCLE ( 'NONE', #3030, 3.000000000000002665 ) ;
#681 = CARTESIAN_POINT ( 'NONE',  ( -18.65996661578205718, -11.00000000000007461, -14.69783999521758844 ) ) ;
#682 = CARTESIAN_POINT ( 'NONE',  ( 3.427403241461759453, -6.999999999999999112, 0.000000000000000000 ) ) ;
#683 = DIRECTION ( 'NONE',  ( 1.000000000000000000, 7.796510004390144799E-17, -2.344220913482171656E-16 ) ) ;
#684 = CARTESIAN_POINT ( 'NONE',  ( -3.013540359851913042, -10.38169997338579620, -14.14000478299397479 ) ) ;
#685 = CARTESIAN_POINT ( 'NONE',  ( -7.350761812724416977, 9.886196562445494607, -3.544786249782001075 ) ) ;
#686 = AXIS2_PLACEMENT_3D ( 'NONE', #6756, #3535, #2431 ) ;
#687 = VERTEX_POINT ( 'NONE', #2260 ) ;
#688 = CARTESIAN_POINT ( 'NONE',  ( 10.28262569687916539, 9.505195771001222482, -10.61294859462252482 ) ) ;
#689 = CARTESIAN_POINT ( 'NONE',  ( 15.51298843964875473, -8.012662585009419303, -15.97885996194332847 ) ) ;
#690 = ADVANCED_FACE ( 'NONE', ( #2220 ), #19, .F. ) ;
#691 = EDGE_CURVE ( 'NONE', #6645, #1313, #6876, .T. ) ;
#692 = CARTESIAN_POINT ( 'NONE',  ( -22.94121911146255499, -8.124137213221549914, -15.85140830424441560 ) ) ;
#693 = CARTESIAN_POINT ( 'NONE',  ( 2.649238187275576806, -9.886196562445498159, -12.45521375021798960 ) ) ;
#694 = AXIS2_PLACEMENT_3D ( 'NONE', #430, #1704, #3592 ) ;
#695 = DIRECTION ( 'NONE',  ( -0.000000000000000000, -1.000000000000000000, -0.000000000000000000 ) ) ;
#696 = CARTESIAN_POINT ( 'NONE',  ( -19.00000000000000000, -1.000000000000000000, -18.47213595499957961 ) ) ;
#697 = CARTESIAN_POINT ( 'NONE',  ( -10.68541767671280240, 9.536631584338426393, -5.293903431303531804 ) ) ;
#698 = CIRCLE ( 'NONE', #694, 3.000000000000002665 ) ;
#699 = CARTESIAN_POINT ( 'NONE',  ( -2.933385985409192376, -9.786307275870235856, -2.787738958253097810 ) ) ;
#700 = ORIENTED_EDGE ( 'NONE', *, *, #190, .T. ) ;
#701 = CARTESIAN_POINT ( 'NONE',  ( 14.73703864594424395, -6.777777777777775903, -15.99999999999998934 ) ) ;
#702 = DIRECTION ( 'NONE',  ( 0.000000000000000000, -0.000000000000000000, 1.000000000000000000 ) ) ;
#703 = CARTESIAN_POINT ( 'NONE',  ( 37.00000000000001421, 7.000000000000003553, -22.00000000000000000 ) ) ;
#704 = CIRCLE ( 'NONE', #7355, 4.000000000000003553 ) ;
#705 = DIRECTION ( 'NONE',  ( 0.000000000000000000, -1.000000000000000000, 0.000000000000000000 ) ) ;
#706 = CARTESIAN_POINT ( 'NONE',  ( -31.82933949458189460, 10.73901119049238417, -13.58934892231016889 ) ) ;
#707 = CARTESIAN_POINT ( 'NONE',  ( 18.65387188528533713, -9.717477423434910833, -15.88380902251845939 ) ) ;
#708 = DIRECTION ( 'NONE',  ( -0.3849001794597498582, -0.9229582069908974784, 0.000000000000000000 ) ) ;
#709 = DATE_AND_TIME ( #4599, #7021 ) ;
#710 = AXIS2_PLACEMENT_3D ( 'NONE', #3242, #3734, #7567 ) ;
#711 = CARTESIAN_POINT ( 'NONE',  ( 22.91317036036444321, -8.140156402037147743, -15.85072377152223488 ) ) ;
#712 = CARTESIAN_POINT ( 'NONE',  ( 23.37665276217119015, -7.729457811654034671, -15.94761846168726116 ) ) ;
#713 = CARTESIAN_POINT ( 'NONE',  ( 4.004327405402902329, -10.18832505840801694, -14.43029402895592384 ) ) ;
#714 = CARTESIAN_POINT ( 'NONE',  ( -11.39197627077647645, 4.205172089711441963, 0.000000000000000000 ) ) ;
#715 = CARTESIAN_POINT ( 'NONE',  ( 10.00000000000000000, 11.00000000000000000, -8.000000000000000000 ) ) ;
#716 = CARTESIAN_POINT ( 'NONE',  ( 11.01088703533273794, 4.033979491630216963, -15.99999999999998934 ) ) ;
#717 = CARTESIAN_POINT ( 'NONE',  ( 8.570820283992551580, 10.99999999999999645, -10.01190104326859043 ) ) ;
#718 = CARTESIAN_POINT ( 'NONE',  ( 36.17698979354678102, 11.00000000000000178, -14.43582527244170244 ) ) ;
#719 = EDGE_LOOP ( 'NONE', ( #7311, #7424, #5370, #889 ) ) ;
#720 = CARTESIAN_POINT ( 'NONE',  ( -12.98955579264482552, 9.590442250527964063, -2.436525471299127332 ) ) ;
#721 = VERTEX_POINT ( 'NONE', #7483 ) ;
#722 = CARTESIAN_POINT ( 'NONE',  ( 2.535835049495920757, -11.00000000000000178, -3.486328688793583375 ) ) ;
#723 = CARTESIAN_POINT ( 'NONE',  ( -15.48096911341583848, -11.00000000000000178, -15.20928553980504105 ) ) ;
#724 = CARTESIAN_POINT ( 'NONE',  ( 13.53231758303410537, 9.999999999999998224, -11.99999999999999289 ) ) ;
#725 = CARTESIAN_POINT ( 'NONE',  ( -22.99652626942727451, -6.666666666666667851, -16.49999999999998579 ) ) ;
#726 = CARTESIAN_POINT ( 'NONE',  ( -21.66214226686386723, 6.774324283117937995, -16.02445861045849895 ) ) ;
#727 = CARTESIAN_POINT ( 'NONE',  ( -6.454918729351831530, 7.520564305678874462, -0.02557841783196511051 ) ) ;
#728 = ORIENTED_EDGE ( 'NONE', *, *, #691, .T. ) ;
#729 = EDGE_CURVE ( 'NONE', #299, #4112, #3551, .T. ) ;
#730 = CARTESIAN_POINT ( 'NONE',  ( 7.627974219044577175, 10.99999999999999645, -10.58809023165606966 ) ) ;
#731 = CARTESIAN_POINT ( 'NONE',  ( -20.31491632775180278, -9.303745899759393367, -16.18560126023704626 ) ) ;
#732 = CARTESIAN_POINT ( 'NONE',  ( 10.28661821761311579, 9.505312299182621771, -5.386728926204655821 ) ) ;
#733 = CARTESIAN_POINT ( 'NONE',  ( -1.779019335865708706, -9.710131152358304263, -4.659287657886928891 ) ) ;
#734 = CC_DESIGN_SECURITY_CLASSIFICATION ( #5719, ( #4682 ) ) ;
#735 = DIRECTION ( 'NONE',  ( 0.000000000000000000, 0.000000000000000000, -1.000000000000000000 ) ) ;
#736 = CARTESIAN_POINT ( 'NONE',  ( -18.28127645821426128, -11.00000000000000533, -12.84843204200022093 ) ) ;
#737 = EDGE_CURVE ( 'NONE', #3052, #3149, #1066, .T. ) ;
#738 = EDGE_CURVE ( 'NONE', #5216, #2276, #6500, .T. ) ;
#739 = CARTESIAN_POINT ( 'NONE',  ( -9.820518894220224837, 10.99999999999983125, -4.539881478997481956 ) ) ;
#740 = CARTESIAN_POINT ( 'NONE',  ( 6.106640815588971982, 10.81167026488138383, -13.24123384591961994 ) ) ;
#741 = ORIENTED_EDGE ( 'NONE', *, *, #1971, .F. ) ;
#742 = CARTESIAN_POINT ( 'NONE',  ( -36.40678305300784956, 10.99999999999999467, -18.71850075876062292 ) ) ;
#743 = CARTESIAN_POINT ( 'NONE',  ( 15.35071579412073461, -7.423163595251377700, -16.44635572267662482 ) ) ;
#744 = CARTESIAN_POINT ( 'NONE',  ( 32.21013002371135769, -10.48220872023546058, -14.21672313535556675 ) ) ;
#745 = CARTESIAN_POINT ( 'NONE',  ( 20.86338998124982780, 6.936396715132942425, -16.45612676359921167 ) ) ;
#746 = CARTESIAN_POINT ( 'NONE',  ( -1.881511754682513970, -10.99999999999983658, -11.84279072374905084 ) ) ;
#747 = CARTESIAN_POINT ( 'NONE',  ( -33.69306208598803209, 9.359872777137033140, -15.99798360184533408 ) ) ;
#748 = EDGE_CURVE ( 'NONE', #2361, #6647, #1316, .T. ) ;
#749 = CARTESIAN_POINT ( 'NONE',  ( -21.76385399196285064, 6.333333333333325932, -16.49999999999998579 ) ) ;
#750 = ADVANCED_FACE ( 'NONE', ( #6264 ), #2626, .T. ) ;
#751 = CARTESIAN_POINT ( 'NONE',  ( 22.32500904030019484, -8.553690101573456772, -15.84811522747574664 ) ) ;
#752 = DIRECTION ( 'NONE',  ( -1.000000000000000000, -1.559302000878028960E-16, 2.344220913482171656E-16 ) ) ;
#753 = CARTESIAN_POINT ( 'NONE',  ( 21.50068633275603247, -8.716260813939237906, -16.22796813903668678 ) ) ;
#754 = CARTESIAN_POINT ( 'NONE',  ( 40.00000000000001421, -10.99999999999999822, -21.94987437106619410 ) ) ;
#755 = CARTESIAN_POINT ( 'NONE',  ( 7.518922901413196414, 6.900016724966173243, -14.52033594072337053 ) ) ;
#756 = DIRECTION ( 'NONE',  ( 1.000000000000000000, 1.559302000878028960E-16, -2.344220913482171656E-16 ) ) ;
#757 = CARTESIAN_POINT ( 'NONE',  ( 35.79568674059702715, 11.00000000000000178, -17.53524662843648230 ) ) ;
#758 = VERTEX_POINT ( 'NONE', #1400 ) ;
#759 = CARTESIAN_POINT ( 'NONE',  ( -12.61697055010269786, 9.008981176971719407, -0.5223332578540551552 ) ) ;
#760 = ORIENTED_EDGE ( 'NONE', *, *, #5378, .T. ) ;
#761 = CARTESIAN_POINT ( 'NONE',  ( 2.920650324626943295, -9.804666096977799228, -2.838061542813605342 ) ) ;
#762 = CARTESIAN_POINT ( 'NONE',  ( -16.40898908118794353, -8.958383417348221300, -15.90319375620852860 ) ) ;
#763 = CARTESIAN_POINT ( 'NONE',  ( -1.091511400614619680E-15, 6.999999999999995559, -4.000000000000000000 ) ) ;
#764 = CARTESIAN_POINT ( 'NONE',  ( -23.79583152331273155, -7.000000000000000888, -15.99999999999998224 ) ) ;
#765 = CARTESIAN_POINT ( 'NONE',  ( -2.836228491960279818, -9.564462513674580890, -15.08260009989346706 ) ) ;
#766 = CARTESIAN_POINT ( 'NONE',  ( 17.05158965195195364, 11.00000000000056666, -15.45947884822427554 ) ) ;
#767 = ORIENTED_EDGE ( 'NONE', *, *, #1131, .T. ) ;
#768 = CARTESIAN_POINT ( 'NONE',  ( 9.278459884544426828, 10.99999999999999645, -9.802648798004437225 ) ) ;
#769 = CARTESIAN_POINT ( 'NONE',  ( -17.65744482902653090, -9.387760235846448253, -16.00378186358171106 ) ) ;
#770 = CARTESIAN_POINT ( 'NONE',  ( 40.00000000000001421, 8.000000000000003553, -33.49999999999999289 ) ) ;
#771 = CARTESIAN_POINT ( 'NONE',  ( 0.09624951864628256137, -11.00000000000000000, -4.536000296200410453 ) ) ;
#772 = CARTESIAN_POINT ( 'NONE',  ( -40.00000000000000000, -8.000000000000003553, -33.49999999999999289 ) ) ;
#773 = CARTESIAN_POINT ( 'NONE',  ( 0.06719011727459071881, -6.234765669401561183, -4.561402361305192668E-14 ) ) ;
#774 = CARTESIAN_POINT ( 'NONE',  ( 40.50000000000002132, 7.000000000000002665, -20.00000000000000000 ) ) ;
#775 =( BOUNDED_SURFACE ( )  B_SPLINE_SURFACE ( 3, 2, ( 
 ( #2213, #4640, #4056 ),
 ( #6590, #248, #4676 ),
 ( #5828, #2750, #1523 ),
 ( #6514, #7198, #7160 ),
 ( #1594, #7767, #5248 ),
 ( #5977, #945, #5944 ),
 ( #5170, #3482, #2675 ),
 ( #2058, #4560, #1442 ),
 ( #3936, #210, #5207 ),
 ( #6705, #1063, #6626 ),
 ( #5476, #1020, #1107 ),
 ( #4877, #3518, #4795 ),
 ( #6059, #446, #7839 ),
 ( #4919, #3683, #6012 ),
 ( #485, #5401, #7361 ),
 ( #7958, #5520, #7920 ),
 ( #3605, #7278, #529 ),
 ( #2418, #1714, #401 ),
 ( #2295, #4172, #6102 ),
 ( #4293, #2371, #1758 ),
 ( #363, #2984, #3027 ),
 ( #5360, #4256, #7882 ),
 ( #4213, #2253, #6745 ),
 ( #6784, #1673, #2332 ),
 ( #2866, #4833, #2907 ),
 ( #3562, #1147, #3642 ),
 ( #4132, #7399, #6141 ),
 ( #4756, #8007, #7240 ) ),
 .UNSPECIFIED., .F., .F., .T. ) 
 B_SPLINE_SURFACE_WITH_KNOTS ( ( 4, 2, 2, 2, 2, 2, 2, 2, 2, 2, 2, 2, 2, 4 ),
 ( 3, 3 ),
 ( 0.000000000000000000, 0.001233084968442450325, 0.001849627452663675595, 0.002466169936884900649, 0.003082712421106126137, 0.003699254905327351191, 0.004315797389548576245, 0.004932339873769801299, 0.005548882357991027220, 0.006165424842212252274, 0.006781967326433477328, 0.007398509810654702382, 0.008631594779097152489, 0.009864679747539602597 ),
 ( 0.000000000000000000, 1.000000000000000000 ),
 .UNSPECIFIED. ) 
 GEOMETRIC_REPRESENTATION_ITEM ( )  RATIONAL_B_SPLINE_SURFACE ( (
 ( 1.000000000000000000, 0.5255305477261477121, 1.000000000000000000),
 ( 1.000000000000000000, 0.5102859702225325256, 1.000000000000000000),
 ( 1.000000000000000000, 0.4944266223865639853, 1.000000000000000000),
 ( 1.000000000000000000, 0.4710520452307530026, 1.000000000000000000),
 ( 1.000000000000000000, 0.4633267501369767727, 1.000000000000000000),
 ( 1.000000000000000000, 0.4482194685023542791, 1.000000000000000000),
 ( 1.000000000000000000, 0.4408574240148384615, 1.000000000000000000),
 ( 1.000000000000000000, 0.4272261853357260386, 1.000000000000000000),
 ( 1.000000000000000000, 0.4208878287990005518, 1.000000000000000000),
 ( 1.000000000000000000, 0.4094269824355324383, 1.000000000000000000),
 ( 1.000000000000000000, 0.4043894799233981319, 1.000000000000000000),
 ( 1.000000000000000000, 0.3961742883799643788, 1.000000000000000000),
 ( 1.000000000000000000, 0.3929416272240257024, 1.000000000000000000),
 ( 1.000000000000000000, 0.3884882252544928916, 1.000000000000000000),
 ( 1.000000000000000000, 0.3873441880568119777, 1.000000000000000000),
 ( 1.000000000000000000, 0.3872552011212060941, 1.000000000000000000),
 ( 1.000000000000000000, 0.3883245302272890220, 1.000000000000000000),
 ( 1.000000000000000000, 0.3926002201919786549, 1.000000000000000000),
 ( 1.000000000000000000, 0.3957598004696626370, 1.000000000000000000),
 ( 1.000000000000000000, 0.4039373350696376930, 1.000000000000000000),
 ( 1.000000000000000000, 0.4089683735604687231, 1.000000000000000000),
 ( 1.000000000000000000, 0.4202848983043235287, 1.000000000000000000),
 ( 1.000000000000000000, 0.4266387396319076819, 1.000000000000000000),
 ( 1.000000000000000000, 0.4472198464910931426, 1.000000000000000000),
 ( 1.000000000000000000, 0.4624460234365637690, 1.000000000000000000),
 ( 1.000000000000000000, 0.4940772260089530410, 1.000000000000000000),
 ( 1.000000000000000000, 0.5102833879191096544, 1.000000000000000000),
 ( 1.000000000000000000, 0.5255305477261474900, 1.000000000000000000) ) ) 
 REPRESENTATION_ITEM ( '' )  SURFACE ( )  );
#776 = CARTESIAN_POINT ( 'NONE',  ( 6.001962937653572361, 10.02470071468379409, -14.63123748018951886 ) ) ;
#777 = ORIENTED_EDGE ( 'NONE', *, *, #4324, .F. ) ;
#778 = AXIS2_PLACEMENT_3D ( 'NONE', #7337, #6844, #6203 ) ;
#779 = CARTESIAN_POINT ( 'NONE',  ( -34.10835629792301660, 10.99999999999999289, -13.18556214654364922 ) ) ;
#780 = CARTESIAN_POINT ( 'NONE',  ( 18.25300544358014676, 7.965794165467937837, -15.91624307695913032 ) ) ;
#781 = EDGE_CURVE ( 'NONE', #8065, #2566, #6672, .T. ) ;
#782 = CARTESIAN_POINT ( 'NONE',  ( 0.5652737737660726847, -9.521499075589254346, -5.341706109622735177 ) ) ;
#783 = CARTESIAN_POINT ( 'NONE',  ( 18.84038058749530720, 7.386196404329994358, -16.40033249047797881 ) ) ;
#784 = CARTESIAN_POINT ( 'NONE',  ( -1.324702659723846709, -9.627295107139513419, -11.00670936699443914 ) ) ;
#785 = CARTESIAN_POINT ( 'NONE',  ( 0.03665373830778496239, -6.238874071344648442, -15.99999999999998579 ) ) ;
#786 = CARTESIAN_POINT ( 'NONE',  ( 20.00759172630891314, -9.610279828766300270, -15.88605710087994716 ) ) ;
#787 = AXIS2_PLACEMENT_3D ( 'NONE', #7553, #4417, #1308 ) ;
#788 = CARTESIAN_POINT ( 'NONE',  ( -12.87920438333358142, 8.509467909976059730, -14.40503223699797530 ) ) ;
#789 = APPROVAL_DATE_TIME ( #211, #364 ) ;
#790 = CARTESIAN_POINT ( 'NONE',  ( 20.66577174042454956, -9.276042627202979673, -16.00357065196256201 ) ) ;
#791 = CARTESIAN_POINT ( 'NONE',  ( -2.742934151828721134, -10.92787295421410754, -3.126312423420311681 ) ) ;
#792 = FACE_OUTER_BOUND ( 'NONE', #5381, .T. ) ;
#793 = EDGE_CURVE ( 'NONE', #4295, #978, #7849, .T. ) ;
#794 = CARTESIAN_POINT ( 'NONE',  ( 20.77973195288146968, -9.127087495318004784, -16.19708658197513884 ) ) ;
#795 = CARTESIAN_POINT ( 'NONE',  ( 9.842582904595698068, 6.221052181051861751, -15.99999999999998579 ) ) ;
#796 = CARTESIAN_POINT ( 'NONE',  ( 10.91389023548340731, 10.99999999999999645, -9.848618643723224153 ) ) ;
#797 = CARTESIAN_POINT ( 'NONE',  ( 34.91627338241944045, 8.712473507678996754, -17.17542670378710312 ) ) ;
#798 = ORIENTED_EDGE ( 'NONE', *, *, #2448, .T. ) ;
#799 = CARTESIAN_POINT ( 'NONE',  ( -12.74357513242834195, 10.92761993408718091, -3.125103672151977818 ) ) ;
#800 = ORIENTED_EDGE ( 'NONE', *, *, #2035, .F. ) ;
#801 = CARTESIAN_POINT ( 'NONE',  ( -38.09300501342604406, 10.99999999999999467, -16.33891400690627194 ) ) ;
#802 = CARTESIAN_POINT ( 'NONE',  ( -18.81254551059423719, -11.00000000000007283, -14.69631627834082366 ) ) ;
#803 = DIRECTION ( 'NONE',  ( 0.000000000000000000, -1.000000000000000000, -0.000000000000000000 ) ) ;
#804 = CARTESIAN_POINT ( 'NONE',  ( -44.49999999999997158, 6.999999999999989342, -33.49999999999999289 ) ) ;
#805 = CARTESIAN_POINT ( 'NONE',  ( -7.104595325977447473, 9.741784453842322833, -1.075622765896260269 ) ) ;
#806 = EDGE_LOOP ( 'NONE', ( #4731, #4572, #4482, #2850 ) ) ;
#807 = CIRCLE ( 'NONE', #7200, 3.000000000000002665 ) ;
#808 = CARTESIAN_POINT ( 'NONE',  ( 9.822443316047699824, 10.99999999999999645, -9.731659243315270658 ) ) ;
#809 = CARTESIAN_POINT ( 'NONE',  ( -20.86338998124984911, 6.936396715132937985, -16.45612676359920101 ) ) ;
#810 = CARTESIAN_POINT ( 'NONE',  ( -20.78526272411945897, -9.124636865172242040, -16.19725155903425673 ) ) ;
#811 = CARTESIAN_POINT ( 'NONE',  ( -39.99999999999999289, -11.00000000000000355, -36.50000000000002132 ) ) ;
#812 = CARTESIAN_POINT ( 'NONE',  ( 0.3826769690288205350, -10.99999999999999822, -4.550057766705371876 ) ) ;
#813 = CIRCLE ( 'NONE', #7723, 1.000000000000000000 ) ;
#814 = CARTESIAN_POINT ( 'NONE',  ( -40.49999999999996447, 10.99999999999998934, -33.49999999999999289 ) ) ;
#815 = CARTESIAN_POINT ( 'NONE',  ( 2.481013225754489238, -6.899762751222525026, -1.479686923560359357 ) ) ;
#816 = VERTEX_POINT ( 'NONE', #703 ) ;
#817 = CARTESIAN_POINT ( 'NONE',  ( -8.012335931453030469, 9.750525741803182100, -4.464985452066318139 ) ) ;
#818 = CARTESIAN_POINT ( 'NONE',  ( 7.162255855242214864, 9.568782053658907216, -15.07896837505424337 ) ) ;
#819 = ORIENTED_EDGE ( 'NONE', *, *, #227, .T. ) ;
#820 = AXIS2_PLACEMENT_3D ( 'NONE', #498, #4147, #7291 ) ;
#821 = CARTESIAN_POINT ( 'NONE',  ( -32.84913779623401098, 10.99999999999999112, -13.87675763341331958 ) ) ;
#822 = CARTESIAN_POINT ( 'NONE',  ( 17.13780997593374877, 7.722743903302323076, -15.93684683909068411 ) ) ;
#823 = CARTESIAN_POINT ( 'NONE',  ( -11.79251517726461351, 9.711854133358997387, -4.658239952507702952 ) ) ;
#824 = CIRCLE ( 'NONE', #5799, 4.000000000000000000 ) ;
#825 = CARTESIAN_POINT ( 'NONE',  ( 1.783970685839469716, -5.521239923940211902, -14.38861763090394774 ) ) ;
#826 = DIRECTION ( 'NONE',  ( -0.000000000000000000, 1.000000000000000000, 2.891205793294677833E-16 ) ) ;
#827 =( BOUNDED_SURFACE ( )  B_SPLINE_SURFACE ( 3, 2, ( 
 ( #5974, #6701, #482 ),
 ( #4127, #7800, #1103 ),
 ( #1017, #6054, #7879 ),
 ( #2210, #3516, #7358 ),
 ( #3479, #4252, #5435 ),
 ( #5357, #6099, #1143 ),
 ( #2292, #7955, #2367 ),
 ( #4874, #6010, #1755 ),
 ( #361, #6136, #4711 ),
 ( #4791, #7274, #1669 ),
 ( #2250, #7195, #1590 ),
 ( #6585, #4169, #6660 ),
 ( #4752, #4372, #5072 ),
 ( #5642, #6296, #33 ),
 ( #524, #5034, #6781 ),
 ( #6860, #6219, #611 ),
 ( #1834, #7552, #3842 ),
 ( #4457, #3142, #5563 ) ),
 .UNSPECIFIED., .F., .F., .T. ) 
 B_SPLINE_SURFACE_WITH_KNOTS ( ( 4, 2, 2, 2, 2, 2, 2, 2, 4 ),
 ( 3, 3 ),
 ( -8.673617379884035472E-19, 0.0006038682219790131051, 0.001207736443958027078, 0.001811604665937041050, 0.002415472887916055023, 0.003019341109895068778, 0.003623209331874082968, 0.004227077553853097157, 0.004830945775832110912 ),
 ( 0.000000000000000000, 1.000000000000000000 ),
 .UNSPECIFIED. ) 
 GEOMETRIC_REPRESENTATION_ITEM ( )  RATIONAL_B_SPLINE_SURFACE ( (
 ( 1.000000000000000000, 0.6656562785873433308, 1.000000000000000000),
 ( 1.000000000000000000, 0.6817983102551044006, 1.000000000000000000),
 ( 1.000000000000000000, 0.6937921906951914908, 1.000000000000000000),
 ( 1.000000000000000000, 0.7105815231712321323, 1.000000000000000000),
 ( 1.000000000000000000, 0.7153270101951183513, 1.000000000000000000),
 ( 1.000000000000000000, 0.7180582319453312490, 1.000000000000000000),
 ( 1.000000000000000000, 0.7161857340857472609, 1.000000000000000000),
 ( 1.000000000000000000, 0.7069299810652270866, 1.000000000000000000),
 ( 1.000000000000000000, 0.6997348465267398954, 1.000000000000000000),
 ( 1.000000000000000000, 0.6813369999924960840, 1.000000000000000000),
 ( 1.000000000000000000, 0.6700919233057860414, 1.000000000000000000),
 ( 1.000000000000000000, 0.6452874814964677519, 1.000000000000000000),
 ( 1.000000000000000000, 0.6314685608695372876, 1.000000000000000000),
 ( 1.000000000000000000, 0.6025085259686461248, 1.000000000000000000),
 ( 1.000000000000000000, 0.5874427832453117393, 1.000000000000000000),
 ( 1.000000000000000000, 0.5566410607591874005, 1.000000000000000000),
 ( 1.000000000000000000, 0.5408537888233835300, 1.000000000000000000),
 ( 1.000000000000000000, 0.5255305477261474900, 1.000000000000000000) ) ) 
 REPRESENTATION_ITEM ( '' )  SURFACE ( )  );
#828 = CARTESIAN_POINT ( 'NONE',  ( -2.732949059498956057, -7.889770197674479846, -14.55903357854880475 ) ) ;
#829 = CARTESIAN_POINT ( 'NONE',  ( 21.71907965658440176, -8.701743053587927434, -16.00091830074025978 ) ) ;
#830 = CIRCLE ( 'NONE', #2663, 3.000000000000002665 ) ;
#831 = CARTESIAN_POINT ( 'NONE',  ( -9.069701513562280937, 6.376012555263937287, -15.99999999999998579 ) ) ;
#832 = CARTESIAN_POINT ( 'NONE',  ( 37.00000000000001421, 6.999999999999999112, -15.99999999999999645 ) ) ;
#833 = CARTESIAN_POINT ( 'NONE',  ( -11.88750918482107721, 5.637378329708357505, -1.600365337004197919 ) ) ;
#834 = CARTESIAN_POINT ( 'NONE',  ( 35.43840989774148653, -10.99999999999999645, -13.90687578944400471 ) ) ;
#835 = CARTESIAN_POINT ( 'NONE',  ( 9.435330115481804114, 6.237084333641329081, -15.99999999999998934 ) ) ;
#836 = CARTESIAN_POINT ( 'NONE',  ( 13.53231758303410892, 9.999999999999998224, -3.999999999999997335 ) ) ;
#837 = B_SPLINE_CURVE_WITH_KNOTS ( 'NONE', 3,
 ( #4767, #337, #5409, #4102, #4063, #7890, #915, #4608, #5258, #3990, #6636, #955, #7130, #5986, #3454, #2224, #5369, #7092, #5296, #1604, #1493, #878, #2839, #5330, #6481, #3376, #4722, #4028 ),
 .UNSPECIFIED., .F., .F.,
 ( 4, 2, 2, 2, 2, 2, 2, 2, 2, 2, 2, 2, 2, 4 ),
 ( 0.000000000000000000, 0.001233084968442455312, 0.001849627452663681884, 0.002466169936884908889, 0.003082712421106136112, 0.003699254905327362900, 0.004315797389548590123, 0.004932339873769816911, 0.005548882357991043700, 0.006165424842212272223, 0.006781967326433499879, 0.007398509810654726668, 0.008631594779097181980, 0.009864679747539635557 ),
 .UNSPECIFIED. ) ;
#838 = CARTESIAN_POINT ( 'NONE',  ( 38.09289691151685275, 11.00000000000000355, -16.33877177375648060 ) ) ;
#839 = ORIENTED_EDGE ( 'NONE', *, *, #6673, .T. ) ;
#840 = CARTESIAN_POINT ( 'NONE',  ( 14.96880901703550215, -8.081204538401017601, -15.85413112230122579 ) ) ;
#841 = CIRCLE ( 'NONE', #181, 3.000000000000000888 ) ;
#842 = ORIENTED_EDGE ( 'NONE', *, *, #6140, .T. ) ;
#843 = EDGE_CURVE ( 'NONE', #6724, #3062, #5025, .T. ) ;
#844 = CIRCLE ( 'NONE', #6838, 5.196152422706639129 ) ;
#845 = CARTESIAN_POINT ( 'NONE',  ( 22.31662479035547264, -1.000000000000057288, -15.99999999999999289 ) ) ;
#846 = ADVANCED_FACE ( 'NONE', ( #3281 ), #2053, .F. ) ;
#847 = CARTESIAN_POINT ( 'NONE',  ( -8.004528852121378435, 7.703645076073719622, -15.97067133341157152 ) ) ;
#848 = DIRECTION ( 'NONE',  ( 0.000000000000000000, -0.000000000000000000, 1.000000000000000000 ) ) ;
#849 = B_SPLINE_CURVE_WITH_KNOTS ( 'NONE', 3,
 ( #4130, #2293, #3603, #2981, #3560, #5474, #7956, #526, #6623, #4875, #4254, #1144, #6055, #3681, #3640, #6137, #3025, #1793, #4291, #6782, #2251, #4753, #76, #6220, #2578, #2002 ),
 .UNSPECIFIED., .F., .F.,
 ( 4, 2, 2, 2, 2, 2, 2, 2, 2, 2, 2, 2, 4 ),
 ( 0.000000000000000000, 0.001805693309443137488, 0.002708539964164700595, 0.003611386618886264135, 0.005417079928329389046, 0.006319926583050952153, 0.007222773237772514392, 0.008125619892494077498, 0.009028466547215639737, 0.01083415985665876595, 0.01263985316610189390, 0.01354269982082345961, 0.01444554647554502531 ),
 .UNSPECIFIED. ) ;
#850 = CARTESIAN_POINT ( 'NONE',  ( -30.99999999999999289, 6.999999999999988454, -15.99999999999997868 ) ) ;
#851 = FACE_OUTER_BOUND ( 'NONE', #806, .T. ) ;
#852 = AXIS2_PLACEMENT_3D ( 'NONE', #1796, #1187, #1634 ) ;
#853 = ORIENTED_EDGE ( 'NONE', *, *, #3542, .T. ) ;
#854 = CARTESIAN_POINT ( 'NONE',  ( 8.954839412441872426, 10.99999999999999822, -11.47460389298010419 ) ) ;
#855 = EDGE_CURVE ( 'NONE', #7776, #136, #5780, .T. ) ;
#856 = FACE_OUTER_BOUND ( 'NONE', #191, .T. ) ;
#857 = CARTESIAN_POINT ( 'NONE',  ( -21.23230283145938557, -8.902666304816946763, -16.21288194246598380 ) ) ;
#858 = CARTESIAN_POINT ( 'NONE',  ( 2.787118364362392686, -11.00000000000000000, -5.038689224203637629 ) ) ;
#859 = CARTESIAN_POINT ( 'NONE',  ( 2.843009581704606603, -8.356094673456183841, -1.556831811445462233 ) ) ;
#860 = CARTESIAN_POINT ( 'NONE',  ( -0.2199239164728026830, -3.859518906784259240, 0.000000000000000000 ) ) ;
#861 = ORIENTED_EDGE ( 'NONE', *, *, #6996, .F. ) ;
#862 = CARTESIAN_POINT ( 'NONE',  ( -1.935794975767648252, -5.732585808777526104, -1.591187279726834047 ) ) ;
#863 = ORIENTED_EDGE ( 'NONE', *, *, #1922, .F. ) ;
#864 = CARTESIAN_POINT ( 'NONE',  ( -37.02009084835647457, 10.99999999999998934, -21.54401390364300894 ) ) ;
#865 = CARTESIAN_POINT ( 'NONE',  ( 8.989112964561432051, 4.033979491316442179, 0.000000000000000000 ) ) ;
#866 = CARTESIAN_POINT ( 'NONE',  ( 1.792515177264613513, -9.711854133359002716, -4.658239952507702952 ) ) ;
#867 = CARTESIAN_POINT ( 'NONE',  ( 0.6750093032617799915, -9.535500870890887271, -10.70264441030522917 ) ) ;
#868 = CARTESIAN_POINT ( 'NONE',  ( 2.148741049057215413, -6.096083231011476755, -14.44365864342729466 ) ) ;
#869 = CARTESIAN_POINT ( 'NONE',  ( 17.64577132132098214, -10.99999999999999822, -12.63827118205060707 ) ) ;
#870 = CARTESIAN_POINT ( 'NONE',  ( -2.570552431096327695, -7.255791592464748696, -14.55236471318668023 ) ) ;
#871 = DATE_AND_TIME ( #127, #6755 ) ;
#872 = CARTESIAN_POINT ( 'NONE',  ( -21.23606797749981823, 7.723676058159526292, -16.94735211631904193 ) ) ;
#873 = CARTESIAN_POINT ( 'NONE',  ( -9.595309099562738808, 3.879734587090600595, -15.99999999999998579 ) ) ;
#874 = CARTESIAN_POINT ( 'NONE',  ( 7.464164950504078355, 10.99999999999999467, -3.486328688793583819 ) ) ;
#875 = CARTESIAN_POINT ( 'NONE',  ( 15.56407864531689000, -7.768376193214821868, -16.35170952655169430 ) ) ;
#876 = CARTESIAN_POINT ( 'NONE',  ( 10.32226648958039128, 6.207352007894740176, -15.99999999999963229 ) ) ;
#877 = DIRECTION ( 'NONE',  ( 0.000000000000000000, 0.000000000000000000, -1.000000000000000000 ) ) ;
#878 = CARTESIAN_POINT ( 'NONE',  ( -1.914883695796990137, -4.551758125465764415, -15.99999999999998224 ) ) ;
#879 = ORIENTED_EDGE ( 'NONE', *, *, #4786, .T. ) ;
#880 = DIRECTION ( 'NONE',  ( -0.000000000000000000, -1.000000000000000000, -0.000000000000000000 ) ) ;
#881 = ORIENTED_EDGE ( 'NONE', *, *, #6722, .F. ) ;
#882 = CARTESIAN_POINT ( 'NONE',  ( 6.455689022901335505, 7.517181988109665980, -0.02521333058237699987 ) ) ;
#883 = CARTESIAN_POINT ( 'NONE',  ( -7.385658677985723841, 7.429906462994960492, -14.56803946793316129 ) ) ;
#884 = CARTESIAN_POINT ( 'NONE',  ( -10.08879179705846063, 10.99999999999998934, -11.46419951282867622 ) ) ;
#885 = DIRECTION ( 'NONE',  ( 0.000000000000000000, 0.000000000000000000, 1.000000000000000000 ) ) ;
#886 = DIRECTION ( 'NONE',  ( 0.000000000000000000, 0.000000000000000000, -1.000000000000000000 ) ) ;
#887 = CARTESIAN_POINT ( 'NONE',  ( 19.42456260969373716, 7.970261852090946952, -15.92320915946044302 ) ) ;
#888 = EDGE_CURVE ( 'NONE', #1166, #3787, #813, .T. ) ;
#889 = ORIENTED_EDGE ( 'NONE', *, *, #2975, .F. ) ;
#890 = CARTESIAN_POINT ( 'NONE',  ( 13.99774315864445029, 10.02008911957853599, -14.63642759471293076 ) ) ;
#891 = CARTESIAN_POINT ( 'NONE',  ( -16.10709746921809682, -8.400655839721565599, -16.25716372515406505 ) ) ;
#892 = LINE ( 'NONE', #5230, #6051 ) ;
#893 = CARTESIAN_POINT ( 'NONE',  ( -1.071884786810223922, -9.583588627916048708, -5.146749788875291109 ) ) ;
#894 = EDGE_CURVE ( 'NONE', #1534, #4272, #43, .T. ) ;
#895 = DIRECTION ( 'NONE',  ( 2.344220913482171656E-16, 0.000000000000000000, 1.000000000000000000 ) ) ;
#896 = CARTESIAN_POINT ( 'NONE',  ( 0.8136078781546194350, -3.968364123520443432, 0.000000000000000000 ) ) ;
#897 = VERTEX_POINT ( 'NONE', #1828 ) ;
#898 = DIRECTION ( 'NONE',  ( 0.000000000000000000, 0.000000000000000000, 1.000000000000000000 ) ) ;
#899 = CARTESIAN_POINT ( 'NONE',  ( 6.066841397260900770, 9.435867490376830702, -15.18377863129983929 ) ) ;
#900 = ORIENTED_EDGE ( 'NONE', *, *, #4594, .F. ) ;
#901 = CARTESIAN_POINT ( 'NONE',  ( -35.06258967585542763, 8.652378799078279670, -17.33090923265338290 ) ) ;
#902 = CARTESIAN_POINT ( 'NONE',  ( 19.75429164355222511, 7.973820048892507728, -15.91531300335388721 ) ) ;
#903 = CARTESIAN_POINT ( 'NONE',  ( 1.516195261309770226, -5.202942843202507106, -1.641638585783043336 ) ) ;
#904 = CARTESIAN_POINT ( 'NONE',  ( 0.7215401154555777241, -11.00000000000000000, -9.802648798004279129 ) ) ;
#905 = CARTESIAN_POINT ( 'NONE',  ( 3.308106028119822017, -6.600378116020128694, -15.99999999999998579 ) ) ;
#906 = DIRECTION ( 'NONE',  ( -1.000000000000000000, 0.000000000000000000, 0.000000000000000000 ) ) ;
#907 = DIRECTION ( 'NONE',  ( -0.4619936418340661044, 0.8868832363422463061, 0.000000000000000000 ) ) ;
#908 = CARTESIAN_POINT ( 'NONE',  ( -8.989112964667082650, 4.033979491630121039, -15.99999999999998579 ) ) ;
#909 = CARTESIAN_POINT ( 'NONE',  ( 7.345673114952206539, 10.99999999999999645, -5.168906092849089973 ) ) ;
#910 = CARTESIAN_POINT ( 'NONE',  ( 22.31662479035547264, -1.000000000000057288, -16.99999999999999289 ) ) ;
#911 = DIRECTION ( 'NONE',  ( 0.000000000000000000, -1.000000000000000000, 0.000000000000000000 ) ) ;
#912 = ADVANCED_FACE ( 'NONE', ( #7352 ), #4732, .F. ) ;
#913 = CIRCLE ( 'NONE', #6526, 4.000000000000000000 ) ;
#914 = CARTESIAN_POINT ( 'NONE',  ( -18.62849446281968824, 10.99999999999999289, -12.04266683570273244 ) ) ;
#915 = CARTESIAN_POINT ( 'NONE',  ( 2.378627580609532277, -4.997204331729184545, -15.99999999999998579 ) ) ;
#916 = ORIENTED_EDGE ( 'NONE', *, *, #1945, .T. ) ;
#917 = DIRECTION ( 'NONE',  ( 0.8888540269160458696, 0.000000000000000000, -0.4581904831346119700 ) ) ;
#918 = ORIENTED_EDGE ( 'NONE', *, *, #6297, .T. ) ;
#919 = VECTOR ( 'NONE', #34, 1000.000000000000000 ) ;
#920 = CARTESIAN_POINT ( 'NONE',  ( -6.572596758538230333, 6.999999999999992006, -15.99999999999998934 ) ) ;
#921 = CARTESIAN_POINT ( 'NONE',  ( -8.565473851961939999, 10.99999999999999289, -10.02890676610512166 ) ) ;
#922 = CARTESIAN_POINT ( 'NONE',  ( -3.362593680578508604, -10.99999999999999822, -11.67074878306182129 ) ) ;
#923 = CARTESIAN_POINT ( 'NONE',  ( 11.09600895025886302, 9.587296286378537147, -5.134583898067716312 ) ) ;
#924 = CARTESIAN_POINT ( 'NONE',  ( 11.01088703543857328, 4.033979491316434185, -15.99999999999998579 ) ) ;
#925 = ORIENTED_EDGE ( 'NONE', *, *, #3478, .F. ) ;
#926 = B_SPLINE_CURVE_WITH_KNOTS ( 'NONE', 3,
 ( #5093, #6442, #218, #3531 ),
 .UNSPECIFIED., .F., .F.,
 ( 4, 4 ),
 ( 0.000000000000000000, 0.001245002737281244130 ),
 .UNSPECIFIED. ) ;
#927 = CARTESIAN_POINT ( 'NONE',  ( 13.01260114663014633, 10.44140529281907526, -14.04331655243706756 ) ) ;
#928 = CARTESIAN_POINT ( 'NONE',  ( -34.05153597760333639, -11.00000000000000533, -15.18339863114317723 ) ) ;
#929 = CARTESIAN_POINT ( 'NONE',  ( -15.05825702948948930, -8.123853018934791947, -15.85142213977458781 ) ) ;
#930 = CARTESIAN_POINT ( 'NONE',  ( 40.50000000000002132, -6.999999999999995559, -36.50000000000000000 ) ) ;
#931 = CARTESIAN_POINT ( 'NONE',  ( -13.30757659246131830, 6.598604628439627362, -0.000000000000000000 ) ) ;
#932 = DIRECTION ( 'NONE',  ( -1.000000000000000000, -1.559302000878028960E-16, 0.000000000000000000 ) ) ;
#933 = ORIENTED_EDGE ( 'NONE', *, *, #6984, .F. ) ;
#934 = LINE ( 'NONE', #4706, #6845 ) ;
#935 = EDGE_CURVE ( 'NONE', #1666, #6208, #3166, .T. ) ;
#936 = CARTESIAN_POINT ( 'NONE',  ( 15.36691530884905177, -7.862152124425528577, -15.95272576372276596 ) ) ;
#937 = ORIENTED_EDGE ( 'NONE', *, *, #6202, .T. ) ;
#938 = CARTESIAN_POINT ( 'NONE',  ( -13.30809748706595919, 6.600349521458932500, -15.99999999999999289 ) ) ;
#939 = DIRECTION ( 'NONE',  ( -1.000000000000000000, 0.000000000000000000, 0.000000000000000000 ) ) ;
#940 = AXIS2_PLACEMENT_3D ( 'NONE', #6869, #163, #1275 ) ;
#941 = CARTESIAN_POINT ( 'NONE',  ( 2.649238187275583911, -9.886196562445499936, -3.544786249782000631 ) ) ;
#942 = CARTESIAN_POINT ( 'NONE',  ( 1.779019335865790641, -9.710131152358359330, -11.34071234211316437 ) ) ;
#943 = B_SPLINE_CURVE_WITH_KNOTS ( 'NONE', 3,
 ( #73, #1832, #1304, #650 ),
 .UNSPECIFIED., .F., .F.,
 ( 4, 4 ),
 ( 0.000000000000000000, 0.001226600783208085842 ),
 .UNSPECIFIED. ) ;
#944 = CARTESIAN_POINT ( 'NONE',  ( 0.1574170954040342574, -6.221052181051764940, -15.99999999999998579 ) ) ;
#945 = CARTESIAN_POINT ( 'NONE',  ( 10.94677674275964563, 6.396650084606434916, 0.000000000000000000 ) ) ;
#946 = CIRCLE ( 'NONE', #3314, 4.330127018922196314 ) ;
#947 = ADVANCED_FACE ( 'NONE', ( #3101 ), #5030, .T. ) ;
#948 = CYLINDRICAL_SURFACE ( 'NONE', #290, 20.00000000000000000 ) ;
#949 = CARTESIAN_POINT ( 'NONE',  ( -8.608023729223518217, 4.205172089711430417, -15.99999999999998579 ) ) ;
#950 = CARTESIAN_POINT ( 'NONE',  ( 3.933400344685725525, -9.437634144714792228, -15.18230471070989296 ) ) ;
#951 = CARTESIAN_POINT ( 'NONE',  ( -3.713116698177245212, -8.274793605099683091, -15.80046125272911439 ) ) ;
#952 = LINE ( 'NONE', #3489, #4464 ) ;
#953 = CIRCLE ( 'NONE', #562, 5.999999999999998224 ) ;
#954 = DIRECTION ( 'NONE',  ( -0.8888540269160452034, 0.000000000000000000, 0.4581904831346136353 ) ) ;
#955 = CARTESIAN_POINT ( 'NONE',  ( 1.033506801448573764, -4.042619213260183919, -15.99999999999998579 ) ) ;
#956 = ORIENTED_EDGE ( 'NONE', *, *, #7865, .T. ) ;
#957 = CARTESIAN_POINT ( 'NONE',  ( -22.23944162017522430, -8.035656802233418716, -16.30169254861879935 ) ) ;
#958 = ORIENTED_EDGE ( 'NONE', *, *, #4086, .F. ) ;
#959 = AXIS2_PLACEMENT_3D ( 'NONE', #314, #2816, #5309 ) ;
#960 = CARTESIAN_POINT ( 'NONE',  ( -6.342311487119997260, 8.022929562013905169, -15.87556723427205618 ) ) ;
#961 = CARTESIAN_POINT ( 'NONE',  ( -9.855609939711770906, 9.500132411562034918, -10.59845845026776701 ) ) ;
#962 = CARTESIAN_POINT ( 'NONE',  ( -7.014920379531125683, 9.641239114281964007, -13.49620542271009782 ) ) ;
#963 = CARTESIAN_POINT ( 'NONE',  ( 6.454277838175824122, 7.523377073318592068, -15.97412284761337631 ) ) ;
#964 = CARTESIAN_POINT ( 'NONE',  ( -16.99685577015641513, 7.141166961497967591, -16.02191725632926023 ) ) ;
#965 = AXIS2_PLACEMENT_3D ( 'NONE', #2630, #708, #3897 ) ;
#966 = VERTEX_POINT ( 'NONE', #6738 ) ;
#967 = CARTESIAN_POINT ( 'NONE',  ( 13.81351307164064934, 8.759500271395047832, -15.60177223933707147 ) ) ;
#968 = AXIS2_PLACEMENT_3D ( 'NONE', #4673, #7156, #7604 ) ;
#969 = CARTESIAN_POINT ( 'NONE',  ( -34.10835629792198631, -11.00000000000000355, -13.18556214654391034 ) ) ;
#970 = CARTESIAN_POINT ( 'NONE',  ( -15.08682963963551060, -8.140156402037142414, -15.85072377152222245 ) ) ;
#971 = CARTESIAN_POINT ( 'NONE',  ( 37.00000000000001421, 7.000000000000002665, -15.99999999999999645 ) ) ;
#972 = CARTESIAN_POINT ( 'NONE',  ( -6.572596758538236550, 6.999999999999994671, 0.000000000000000000 ) ) ;
#973 = CARTESIAN_POINT ( 'NONE',  ( -0.4280559816539074580, -3.883116235202852540, -0.000000000000000000 ) ) ;
#974 = ADVANCED_FACE ( 'NONE', ( #4985 ), #4471, .F. ) ;
#975 = ORIENTED_EDGE ( 'NONE', *, *, #6243, .T. ) ;
#976 = CARTESIAN_POINT ( 'NONE',  ( 19.74538652378596382, 10.99999999999999822, -12.03392782381964565 ) ) ;
#977 = CARTESIAN_POINT ( 'NONE',  ( 15.56959361054925495, -7.777183745452343366, -16.34938089777807235 ) ) ;
#978 = VERTEX_POINT ( 'NONE', #6858 ) ;
#979 = CARTESIAN_POINT ( 'NONE',  ( -7.510952632172466004, 6.931708385360479951, -1.476811003094530284 ) ) ;
#980 = CARTESIAN_POINT ( 'NONE',  ( -3.969744202915365783, -10.60505779017687189, -13.75294279646251283 ) ) ;
#981 = CARTESIAN_POINT ( 'NONE',  ( 36.17713885049440137, 11.00000000000000355, -14.43593861393992128 ) ) ;
#982 = EDGE_CURVE ( 'NONE', #3607, #2288, #1856, .T. ) ;
#983 = CARTESIAN_POINT ( 'NONE',  ( 2.085837088772026782, -9.769919278061310663, -11.63761364515381480 ) ) ;
#984 = CARTESIAN_POINT ( 'NONE',  ( -1.555525466694429149, -5.261304968253904590, -14.36394709993394692 ) ) ;
#985 = CARTESIAN_POINT ( 'NONE',  ( 2.236067977499791137, -11.00000000000000000, -3.999999999999996447 ) ) ;
#986 = ORIENTED_EDGE ( 'NONE', *, *, #5136, .T. ) ;
#987 = CARTESIAN_POINT ( 'NONE',  ( 22.67269782366158637, -7.826600521988271275, -15.93719530312259991 ) ) ;
#988 = CARTESIAN_POINT ( 'NONE',  ( 3.840051457739208196, -10.88492644900793671, -12.98573283328115124 ) ) ;
#989 = CARTESIAN_POINT ( 'NONE',  ( 7.634190058236652199, 9.825927553790924307, -4.032860831388385137 ) ) ;
#990 = CARTESIAN_POINT ( 'NONE',  ( 36.93480154681760297, -8.056482011253779163, -20.92063251496034226 ) ) ;
#991 = CARTESIAN_POINT ( 'NONE',  ( 14.20416847668727556, -6.999999999999998224, -15.99999999999999289 ) ) ;
#992 = EDGE_CURVE ( 'NONE', #1605, #3599, #2771, .T. ) ;
#993 = CARTESIAN_POINT ( 'NONE',  ( 7.212881635314380979, 10.99999999999999645, -5.038689224446739168 ) ) ;
#994 = CARTESIAN_POINT ( 'NONE',  ( -31.46448972978263470, -10.93084307348950723, -12.92855943284273756 ) ) ;
#995 = ORIENTED_EDGE ( 'NONE', *, *, #4902, .T. ) ;
#996 = CARTESIAN_POINT ( 'NONE',  ( 3.532317583034112030, -9.999999999999998224, -3.999999999999996447 ) ) ;
#997 = CARTESIAN_POINT ( 'NONE',  ( -7.023585691479015125, 10.05027918338129922, -14.59749725993362190 ) ) ;
#998 = FACE_OUTER_BOUND ( 'NONE', #4660, .T. ) ;
#999 = CARTESIAN_POINT ( 'NONE',  ( -7.067380198845577333, 9.787624904361916123, -13.20898973684533573 ) ) ;
#1000 = CARTESIAN_POINT ( 'NONE',  ( -9.999999999977914555, 9.499999999999991118, -10.59807621135331246 ) ) ;
#1001 = CARTESIAN_POINT ( 'NONE',  ( 6.691902512934046143, 6.600349521458932500, -15.99999999999998224 ) ) ;
#1002 = ORIENTED_EDGE ( 'NONE', *, *, #3228, .F. ) ;
#1003 = ORIENTED_EDGE ( 'NONE', *, *, #7980, .T. ) ;
#1004 = DIRECTION ( 'NONE',  ( -1.000000000000000000, -9.180811436727079134E-16, 0.000000000000000000 ) ) ;
#1005 = FACE_OUTER_BOUND ( 'NONE', #6225, .T. ) ;
#1006 = CARTESIAN_POINT ( 'NONE',  ( -34.91627338241883649, -8.712473507679073137, -17.17542670378655245 ) ) ;
#1007 = CARTESIAN_POINT ( 'NONE',  ( -15.21497750591013087, -8.220640204322213762, -15.84837354399568454 ) ) ;
#1008 = DIRECTION ( 'NONE',  ( -0.7698003589194976071, -0.6382847385042295096, 5.536237601205016829E-16 ) ) ;
#1009 = CARTESIAN_POINT ( 'NONE',  ( -9.780076083531699993, 3.859518907004592769, 0.000000000000000000 ) ) ;
#1010 = CARTESIAN_POINT ( 'NONE',  ( 36.56149317087412243, 11.00000000000000533, -19.11189891907882910 ) ) ;
#1011 = ORIENTED_EDGE ( 'NONE', *, *, #5203, .T. ) ;
#1012 = B_SPLINE_CURVE_WITH_KNOTS ( 'NONE', 3,
 ( #3576, #7973, #5413, #1648, #6072, #542, #7372, #457, #6717, #7254, #1117, #4304 ),
 .UNSPECIFIED., .F., .F.,
 ( 4, 2, 2, 2, 2, 4 ),
 ( 0.000000000000000000, 0.0008556572455192333181, 0.001711314491038465118, 0.002566971736557696702, 0.002994800359317309566, 0.003422628982076922430 ),
 .UNSPECIFIED. ) ;
#1013 = CARTESIAN_POINT ( 'NONE',  ( -7.218883881538729064, 10.99999999999999467, -5.044822846727339716 ) ) ;
#1014 = ORIENTED_EDGE ( 'NONE', *, *, #3646, .F. ) ;
#1015 = DIRECTION ( 'NONE',  ( 0.000000000000000000, 0.000000000000000000, -1.000000000000000000 ) ) ;
#1016 = CARTESIAN_POINT ( 'NONE',  ( -3.629315552204134487, -11.00000000000000000, -12.25089139029287999 ) ) ;
#1017 = CARTESIAN_POINT ( 'NONE',  ( 12.77971600142576136, 9.897800357332828369, -3.265009092881574926 ) ) ;
#1018 = CARTESIAN_POINT ( 'NONE',  ( -3.427403241461759453, -6.999999999999999112, -0.9999999999999965583 ) ) ;
#1019 = CARTESIAN_POINT ( 'NONE',  ( -1.530802884648487794, -6.906922285551148732, -15.99999999999928590 ) ) ;
#1020 = CARTESIAN_POINT ( 'NONE',  ( 10.32878905137264880, 6.207404615249507707, 1.791868271194184089E-13 ) ) ;
#1021 = B_SPLINE_CURVE_WITH_KNOTS ( 'NONE', 3,
 ( #4926, #7889, #583, #6668, #2339, #3530, #7968, #4842, #6020, #1845, #7404, #6635, #2991, #6791 ),
 .UNSPECIFIED., .F., .F.,
 ( 4, 2, 2, 2, 2, 2, 4 ),
 ( 0.000000000000000000, 0.0009841810948798966792, 0.001968362189759793358, 0.002460452737199741481, 0.002952543284639690038, 0.003444633832079638594, 0.003936724379519586717 ),
 .UNSPECIFIED. ) ;
#1022 = DIRECTION ( 'NONE',  ( 1.000000000000000000, 0.000000000000000000, 0.000000000000000000 ) ) ;
#1023 = EDGE_LOOP ( 'NONE', ( #4948, #4366, #6896, #5353, #5523, #3532, #98, #5468, #1176, #7899, #6280, #6773, #3971, #2364, #2068, #2762, #1697, #2780, #4977, #5545, #853, #3866, #6697, #6664 ) ) ;
#1024 = EDGE_CURVE ( 'NONE', #576, #6104, #3816, .T. ) ;
#1025 = EDGE_CURVE ( 'NONE', #340, #665, #1694, .T. ) ;
#1026 = FACE_OUTER_BOUND ( 'NONE', #5457, .T. ) ;
#1027 = CARTESIAN_POINT ( 'NONE',  ( -2.658810952082799162, -7.603327063517951068, -1.431910063387597409 ) ) ;
#1028 = CARTESIAN_POINT ( 'NONE',  ( 8.462331030499427698, 10.99999999999999467, -4.353234899871327279 ) ) ;
#1029 = ADVANCED_FACE ( 'NONE', ( #4413 ), #7718, .T. ) ;
#1030 = CARTESIAN_POINT ( 'NONE',  ( -2.648816263227107282, -10.96962808320653693, -12.68761392031922774 ) ) ;
#1031 = CARTESIAN_POINT ( 'NONE',  ( -7.350761812724416977, 9.886196562445494607, -3.544786249782001075 ) ) ;
#1032 = CARTESIAN_POINT ( 'NONE',  ( 13.36248372913776983, 11.00000000000000000, -4.329464514211858628 ) ) ;
#1033 = CARTESIAN_POINT ( 'NONE',  ( -36.37265448415008251, -8.222589140286347131, -19.21512728767701361 ) ) ;
#1034 = ORIENTED_EDGE ( 'NONE', *, *, #6547, .F. ) ;
#1035 = CARTESIAN_POINT ( 'NONE',  ( -19.32001514400142383, 7.376906590005504860, -16.40131102332083302 ) ) ;
#1036 = EDGE_CURVE ( 'NONE', #203, #7289, #2648, .T. ) ;
#1037 =( BOUNDED_SURFACE ( )  B_SPLINE_SURFACE ( 3, 2, ( 
 ( #5693, #85, #6832 ),
 ( #6229, #2506, #4467 ),
 ( #6265, #6952, #6351 ),
 ( #3115, #746, #5732 ),
 ( #4386, #5610, #122 ),
 ( #2627, #7606, #2014 ),
 ( #4515, #1276, #1401 ),
 ( #3894, #3770, #6388 ),
 ( #784, #3, #3154 ),
 ( #5652, #6870, #45 ),
 ( #2549, #7524, #5044 ),
 ( #5245, #2709, #7727 ),
 ( #6511, #2790, #7077 ),
 ( #207, #6471, #5286 ),
 ( #1521, #3933, #5864 ),
 ( #5358, #5204, #3480 ),
 ( #1479, #4018, #2211 ),
 ( #2055, #4054, #904 ),
 ( #867, #4557, #7687 ),
 ( #6587, #7764, #4595 ),
 ( #2172, #4674, #7801 ),
 ( #6427, #7158, #4712 ),
 ( #942, #325, #7037 ),
 ( #1592, #3977, #5825 ),
 ( #983, #2096, #245 ),
 ( #5975, #4792, #6178 ),
 ( #7276, #2369, #7916 ),
 ( #4211, #2330, #1105 ) ),
 .UNSPECIFIED., .F., .F., .F. ) 
 B_SPLINE_SURFACE_WITH_KNOTS ( ( 4, 2, 2, 2, 2, 2, 2, 2, 2, 2, 2, 2, 2, 4 ),
 ( 3, 3 ),
 ( 0.000000000000000000, 0.001095457394396779542, 0.001643186091595169422, 0.002190914788793559085, 0.002738643485991948748, 0.003286372183190338844, 0.003834100880388728507, 0.004381829577587118170, 0.004929558274785507399, 0.005477286971983897496, 0.006572744366380677689, 0.007120473063579067785, 0.007668201760777457014, 0.008763659155174236340 ),
 ( 0.000000000000000000, 1.000000000000000000 ),
 .UNSPECIFIED. ) 
 GEOMETRIC_REPRESENTATION_ITEM ( )  RATIONAL_B_SPLINE_SURFACE ( (
 ( 1.000000000000000000, 0.6656562785873424426, 1.000000000000000000),
 ( 1.000000000000000000, 0.6550760414895863137, 1.000000000000000000),
 ( 1.000000000000000000, 0.6427889427060717864, 1.000000000000000000),
 ( 1.000000000000000000, 0.6208536408332039347, 1.000000000000000000),
 ( 1.000000000000000000, 0.6128907600700922442, 1.000000000000000000),
 ( 1.000000000000000000, 0.5961538118316963564, 1.000000000000000000),
 ( 1.000000000000000000, 0.5873732688289592385, 1.000000000000000000),
 ( 1.000000000000000000, 0.5693583750283299771, 1.000000000000000000),
 ( 1.000000000000000000, 0.5601154911476394771, 1.000000000000000000),
 ( 1.000000000000000000, 0.5420257524159729501, 1.000000000000000000),
 ( 1.000000000000000000, 0.5332219573127557899, 1.000000000000000000),
 ( 1.000000000000000000, 0.5180476398733104837, 1.000000000000000000),
 ( 1.000000000000000000, 0.5116161173713021926, 1.000000000000000000),
 ( 1.000000000000000000, 0.5026113378299238432, 1.000000000000000000),
 ( 1.000000000000000000, 0.5000662054134489276, 1.000000000000000000),
 ( 1.000000000000000000, 0.4999364184422378510, 1.000000000000000000),
 ( 1.000000000000000000, 0.5023223402179406438, 1.000000000000000000),
 ( 1.000000000000000000, 0.5111177563191937612, 1.000000000000000000),
 ( 1.000000000000000000, 0.5175023365128437192, 1.000000000000000000),
 ( 1.000000000000000000, 0.5403954521954975609, 1.000000000000000000),
 ( 1.000000000000000000, 0.5596694225563372260, 1.000000000000000000),
 ( 1.000000000000000000, 0.5870015821252995147, 1.000000000000000000),
 ( 1.000000000000000000, 0.5959323751922885881, 1.000000000000000000),
 ( 1.000000000000000000, 0.6126440163368159775, 1.000000000000000000),
 ( 1.000000000000000000, 0.6204944687056112018, 1.000000000000000000),
 ( 1.000000000000000000, 0.6424881116795224667, 1.000000000000000000),
 ( 1.000000000000000000, 0.6551347067705156624, 1.000000000000000000),
 ( 1.000000000000000000, 0.6656562785873421095, 1.000000000000000000) ) ) 
 REPRESENTATION_ITEM ( '' )  SURFACE ( )  );
#1038 = DIRECTION ( 'NONE',  ( 1.000000000000000000, 0.000000000000000000, 4.163336342344333240E-14 ) ) ;
#1039 = CARTESIAN_POINT ( 'NONE',  ( -8.924105388498663416, 9.587420213624371357, -10.86759050633919088 ) ) ;
#1040 = CIRCLE ( 'NONE', #7816, 1.000000000000000888 ) ;
#1041 = CARTESIAN_POINT ( 'NONE',  ( -22.91599757031570661, -7.476479354283132039, -15.99391709347695212 ) ) ;
#1042 = CARTESIAN_POINT ( 'NONE',  ( 19.00000000000000000, -5.000000000000000000, -16.49999999999999645 ) ) ;
#1043 = CARTESIAN_POINT ( 'NONE',  ( -6.066599655314277584, 9.437634144714785123, -0.8176952892900989367 ) ) ;
#1044 = ORIENTED_EDGE ( 'NONE', *, *, #538, .T. ) ;
#1045 = CARTESIAN_POINT ( 'NONE',  ( 1.010887035332912465, -4.033979491629957614, 0.000000000000000000 ) ) ;
#1046 = VERTEX_POINT ( 'NONE', #5962 ) ;
#1047 = CIRCLE ( 'NONE', #6007, 4.000000000000003553 ) ;
#1048 = CARTESIAN_POINT ( 'NONE',  ( 0.000000000000000000, 0.000000000000000000, 0.000000000000000000 ) ) ;
#1049 = CARTESIAN_POINT ( 'NONE',  ( 12.83622849195990590, 9.564462513674616417, -15.08260009989361627 ) ) ;
#1050 = DIRECTION ( 'NONE',  ( -0.000000000000000000, -1.000000000000000000, -0.000000000000000000 ) ) ;
#1051 = CARTESIAN_POINT ( 'NONE',  ( -36.67281484980061634, -8.138539918950755236, -19.95455604540567407 ) ) ;
#1052 = CARTESIAN_POINT ( 'NONE',  ( -15.16784374147203174, -8.188714480194166256, -15.84900159637233763 ) ) ;
#1053 = DIRECTION ( 'NONE',  ( 0.9582143447964127647, 0.2860511657490341642, 0.000000000000000000 ) ) ;
#1054 = CARTESIAN_POINT ( 'NONE',  ( -2.188817368784671480, -10.99999999999999822, -3.919978238698845985 ) ) ;
#1055 = ORIENTED_EDGE ( 'NONE', *, *, #2077, .T. ) ;
#1056 = CARTESIAN_POINT ( 'NONE',  ( -11.26200574670495413, 10.99999999999999467, -6.040246445954873700 ) ) ;
#1057 = ORIENTED_EDGE ( 'NONE', *, *, #7876, .F. ) ;
#1058 = CARTESIAN_POINT ( 'NONE',  ( -32.14712178749971372, 10.99999999999999289, -12.38891952272464358 ) ) ;
#1059 = FACE_OUTER_BOUND ( 'NONE', #7832, .T. ) ;
#1060 = CARTESIAN_POINT ( 'NONE',  ( 34.91956118504042905, 11.00000000000000355, -13.59745959666413917 ) ) ;
#1061 = CARTESIAN_POINT ( 'NONE',  ( -14.20416847668727023, -7.000000000000001776, -15.99999999999998224 ) ) ;
#1062 = CARTESIAN_POINT ( 'NONE',  ( 1.510296615241126572, -5.215965318954519425, -14.35966895748180150 ) ) ;
#1063 = CARTESIAN_POINT ( 'NONE',  ( 10.40067855425064636, 6.209440817465429419, 5.065882398993866648E-13 ) ) ;
#1064 = CARTESIAN_POINT ( 'NONE',  ( 7.028499965306057362, 9.025123179581342470, -1.876215600492017854 ) ) ;
#1065 = ORIENTED_EDGE ( 'NONE', *, *, #2983, .F. ) ;
#1066 = CIRCLE ( 'NONE', #5643, 6.000000000000001776 ) ;
#1067 = CARTESIAN_POINT ( 'NONE',  ( -3.813706658335572985, -8.760488713725642640, -0.3987287087030881860 ) ) ;
#1068 = CARTESIAN_POINT ( 'NONE',  ( -7.119188300915701539, 9.849674462653705831, -13.01898916802976025 ) ) ;
#1069 = CARTESIAN_POINT ( 'NONE',  ( 19.00000000000000000, -0.3333333333333329818, -17.72677996249964849 ) ) ;
#1070 = CARTESIAN_POINT ( 'NONE',  ( 24.50000000000002487, -6.999999999999997335, 0.000000000000000000 ) ) ;
#1071 = AXIS2_PLACEMENT_3D ( 'NONE', #3148, #6904, #6787 ) ;
#1072 = DIRECTION ( 'NONE',  ( 1.000000000000000000, 1.559302000878028960E-16, -0.000000000000000000 ) ) ;
#1073 = VERTEX_POINT ( 'NONE', #4114 ) ;
#1074 = CARTESIAN_POINT ( 'NONE',  ( -7.345673114688129779, 10.99999999999999289, -10.83109390675403461 ) ) ;
#1075 = AXIS2_PLACEMENT_3D ( 'NONE', #5902, #5990, #2386 ) ;
#1076 = DIRECTION ( 'NONE',  ( 1.000000000000000000, 0.000000000000000000, 0.000000000000000000 ) ) ;
#1077 = CARTESIAN_POINT ( 'NONE',  ( 21.62234131559964112, 7.417967383367852996, -15.98142815559699237 ) ) ;
#1078 = CARTESIAN_POINT ( 'NONE',  ( -7.001905090408444998, 9.545376620004944357, -13.63448666920286279 ) ) ;
#1079 = DIRECTION ( 'NONE',  ( 0.000000000000000000, 0.000000000000000000, -1.000000000000000000 ) ) ;
#1080 = CARTESIAN_POINT ( 'NONE',  ( 20.94844782964229779, 10.99999999999885958, -15.45949812407162050 ) ) ;
#1081 = CARTESIAN_POINT ( 'NONE',  ( 11.34251180747103227, 9.629600423015837407, -11.00836450175028247 ) ) ;
#1082 = EDGE_CURVE ( 'NONE', #1385, #5261, #6039, .T. ) ;
#1083 = ORIENTED_EDGE ( 'NONE', *, *, #1387, .T. ) ;
#1084 = CARTESIAN_POINT ( 'NONE',  ( 12.52230996672693841, 9.858093143179097240, -3.798043015358941066 ) ) ;
#1085 = AXIS2_PLACEMENT_3D ( 'NONE', #6572, #5427, #7224 ) ;
#1086 = ORIENTED_EDGE ( 'NONE', *, *, #1670, .F. ) ;
#1087 =( BOUNDED_SURFACE ( )  B_SPLINE_SURFACE ( 3, 2, ( 
 ( #5422, #3505, #5998 ),
 ( #7104, #7221, #4157 ),
 ( #5384, #2277, #2772 ),
 ( #7824, #2852, #7750 ),
 ( #4779, #6568, #426 ),
 ( #4733, #1618, #967 ),
 ( #7263, #7787, #6649 ),
 ( #2198, #1049, #7903 ),
 ( #1508, #4039, #4003 ),
 ( #6496, #2160, #890 ),
 ( #3389, #5885, #270 ),
 ( #4661, #7143, #1542 ),
 ( #6531, #927, #3424 ),
 ( #5922, #310, #2813 ),
 ( #5306, #5590, #1779 ),
 ( #1168, #4940, #1741 ),
 ( #7418, #4315, #1863 ),
 ( #5549, #8032, #3624 ),
 ( #6123, #6850, #6160 ),
 ( #4275, #6728, #510 ) ),
 .UNSPECIFIED., .F., .F., .F. ) 
 B_SPLINE_SURFACE_WITH_KNOTS ( ( 4, 2, 2, 2, 2, 2, 2, 2, 2, 4 ),
 ( 3, 3 ),
 ( -6.505213034913026604E-19, 0.0006041035718230232171, 0.001208207143646047085, 0.001812310715469071061, 0.002416414287292095037, 0.003020517859115118796, 0.003322569645026631109, 0.003624621430938142989, 0.004228725002761167182, 0.004832828574584190941 ),
 ( 0.000000000000000000, 1.000000000000000000 ),
 .UNSPECIFIED. ) 
 GEOMETRIC_REPRESENTATION_ITEM ( )  RATIONAL_B_SPLINE_SURFACE ( (
 ( 1.000000000000000000, 0.5255305477261483782, 1.000000000000000000),
 ( 1.000000000000000000, 0.5409256200844182461, 1.000000000000000000),
 ( 1.000000000000000000, 0.5564364647818722531, 1.000000000000000000),
 ( 1.000000000000000000, 0.5871040600062720216, 1.000000000000000000),
 ( 1.000000000000000000, 0.6024172706648704967, 1.000000000000000000),
 ( 1.000000000000000000, 0.6314102792734057612, 1.000000000000000000),
 ( 1.000000000000000000, 0.6449931040449907726, 1.000000000000000000),
 ( 1.000000000000000000, 0.6698042740447374133, 1.000000000000000000),
 ( 1.000000000000000000, 0.6811386069491911499, 1.000000000000000000),
 ( 1.000000000000000000, 0.6995265130420382782, 1.000000000000000000),
 ( 1.000000000000000000, 0.7067358594483501566, 1.000000000000000000),
 ( 1.000000000000000000, 0.7137396649801882598, 1.000000000000000000),
 ( 1.000000000000000000, 0.7154206984197253316, 1.000000000000000000),
 ( 1.000000000000000000, 0.7172303835283926343, 1.000000000000000000),
 ( 1.000000000000000000, 0.7173821124119121873, 1.000000000000000000),
 ( 1.000000000000000000, 0.7153933171289500459, 1.000000000000000000),
 ( 1.000000000000000000, 0.7106956582048539195, 1.000000000000000000),
 ( 1.000000000000000000, 0.6938768977784371961, 1.000000000000000000),
 ( 1.000000000000000000, 0.6818430630983718377, 1.000000000000000000),
 ( 1.000000000000000000, 0.6656562785873418875, 1.000000000000000000) ) ) 
 REPRESENTATION_ITEM ( '' )  SURFACE ( )  );
#1088 = CARTESIAN_POINT ( 'NONE',  ( 4.004436153557482392, -10.18947883300319468, -1.570912191689128878 ) ) ;
#1089 = DIRECTION ( 'NONE',  ( 0.000000000000000000, 0.000000000000000000, -1.000000000000000000 ) ) ;
#1090 = FACE_OUTER_BOUND ( 'NONE', #5331, .T. ) ;
#1091 = CARTESIAN_POINT ( 'NONE',  ( 7.614847108063745651, 6.613575056313803380, -1.506919059185723331 ) ) ;
#1092 = CARTESIAN_POINT ( 'NONE',  ( 23.79583152331272444, -6.999999999999997335, -15.99999999999999289 ) ) ;
#1093 = CIRCLE ( 'NONE', #6573, 3.000000000000002665 ) ;
#1094 = CARTESIAN_POINT ( 'NONE',  ( 16.29643296051166956, -10.99999999999999822, -12.18042650423013917 ) ) ;
#1095 = ADVANCED_FACE ( 'NONE', ( #7181 ), #7864, .T. ) ;
#1096 = EDGE_LOOP ( 'NONE', ( #5447, #5076, #7027, #4302, #881 ) ) ;
#1097 = AXIS2_PLACEMENT_3D ( 'NONE', #7805, #2834, #3449 ) ;
#1098 = AXIS2_PLACEMENT_3D ( 'NONE', #1682, #4343, #4263 ) ;
#1099 = CARTESIAN_POINT ( 'NONE',  ( -11.43452614890366803, 10.99999999999999645, -5.971093235195617410 ) ) ;
#1100 = ORIENTED_EDGE ( 'NONE', *, *, #1437, .T. ) ;
#1101 = CARTESIAN_POINT ( 'NONE',  ( -10.83760381876311385, 3.975453976273764400, -15.99999999999998579 ) ) ;
#1102 = CARTESIAN_POINT ( 'NONE',  ( -3.427403241461769667, -7.000000000000000000, -15.99999999999998579 ) ) ;
#1103 = CARTESIAN_POINT ( 'NONE',  ( 13.62574423561036774, 10.99999999999999822, -3.758346050826966600 ) ) ;
#1104 = AXIS2_PLACEMENT_3D ( 'NONE', #7490, #4391, #3774 ) ;
#1105 = CARTESIAN_POINT ( 'NONE',  ( 3.532317583034106701, -11.00000000000000000, -11.99999999999998579 ) ) ;
#1106 = CARTESIAN_POINT ( 'NONE',  ( 0.6639832881247521579, -4.680426573902352061, -14.30983726193635874 ) ) ;
#1107 = CARTESIAN_POINT ( 'NONE',  ( 11.40937216227207252, 4.214679051920565911, 0.000000000000000000 ) ) ;
#1108 = CARTESIAN_POINT ( 'NONE',  ( 6.013925609370947889, 10.48253136300104416, -2.027690295427567513 ) ) ;
#1109 = ORIENTED_EDGE ( 'NONE', *, *, #2286, .F. ) ;
#1110 = CARTESIAN_POINT ( 'NONE',  ( -2.700135101167628005, -9.205840200480029267, -0.6461680233494324632 ) ) ;
#1111 = CARTESIAN_POINT ( 'NONE',  ( -12.65881095208284002, 7.603327063518041662, -14.56808993661236684 ) ) ;
#1112 = DIRECTION ( 'NONE',  ( 0.000000000000000000, -2.341876692568687369E-14, -1.000000000000000000 ) ) ;
#1113 = CARTESIAN_POINT ( 'NONE',  ( -30.99999999999999289, -7.000000000000001776, -21.99999999999998224 ) ) ;
#1114 = CYLINDRICAL_SURFACE ( 'NONE', #2013, 4.000000000000000000 ) ;
#1115 = ORIENTED_EDGE ( 'NONE', *, *, #4749, .F. ) ;
#1116 = CARTESIAN_POINT ( 'NONE',  ( -12.65021875792174555, 10.99999999999999467, -10.82726846853352320 ) ) ;
#1117 = CARTESIAN_POINT ( 'NONE',  ( -9.856466465933884535, 9.499999999999461764, -5.401923788648210767 ) ) ;
#1118 = CARTESIAN_POINT ( 'NONE',  ( -13.14935300838329724, 10.99999999999999289, -11.36371762557250698 ) ) ;
#1119 = CARTESIAN_POINT ( 'NONE',  ( 0.7236233002893096566, -11.00000000000000000, -9.789139472748860982 ) ) ;
#1120 = DIRECTION ( 'NONE',  ( -1.000000000000000000, 0.000000000000000000, 0.000000000000000000 ) ) ;
#1121 = CARTESIAN_POINT ( 'NONE',  ( -18.67781046889304619, 7.386081689435439301, -16.40034468271663570 ) ) ;
#1122 = ADVANCED_FACE ( 'NONE', ( #1005 ), #1087, .T. ) ;
#1123 = CARTESIAN_POINT ( 'NONE',  ( -21.76385399196284354, -0.3333333333333328152, -16.49999999999998579 ) ) ;
#1124 = ORIENTED_EDGE ( 'NONE', *, *, #855, .T. ) ;
#1125 = CARTESIAN_POINT ( 'NONE',  ( 12.64923818727558924, 9.886196562445496383, -3.544786249782002852 ) ) ;
#1126 = VERTEX_POINT ( 'NONE', #3130 ) ;
#1127 = CARTESIAN_POINT ( 'NONE',  ( 2.654326885311876438, -10.99999999999999822, -5.168906093245960065 ) ) ;
#1128 = FACE_OUTER_BOUND ( 'NONE', #4153, .T. ) ;
#1129 = CARTESIAN_POINT ( 'NONE',  ( 31.95487243657037979, -10.66291069263111524, -13.81119830588317399 ) ) ;
#1130 = CARTESIAN_POINT ( 'NONE',  ( 14.87689437438233497, -11.00000000000000000, -11.99999999999999289 ) ) ;
#1131 = EDGE_CURVE ( 'NONE', #7141, #1046, #1335, .T. ) ;
#1132 = CARTESIAN_POINT ( 'NONE',  ( -13.00149923207958658, 9.328452527889329104, -2.121144259780475938 ) ) ;
#1133 = CARTESIAN_POINT ( 'NONE',  ( 17.12283129412289640, 7.716982716147259502, -15.93768955921908592 ) ) ;
#1134 = CARTESIAN_POINT ( 'NONE',  ( -7.079980610354922987, 9.805517965106140821, -2.840486381792705295 ) ) ;
#1135 = ORIENTED_EDGE ( 'NONE', *, *, #4143, .T. ) ;
#1136 = CARTESIAN_POINT ( 'NONE',  ( 13.36261828994186907, 10.99999999999999645, -11.67079653210872259 ) ) ;
#1137 = CARTESIAN_POINT ( 'NONE',  ( 17.81904556844279952, -9.433771888594021604, -16.00384677876163053 ) ) ;
#1138 = ORIENTED_EDGE ( 'NONE', *, *, #2933, .F. ) ;
#1139 = ADVANCED_FACE ( 'NONE', ( #1128 ), #509, .T. ) ;
#1140 = CARTESIAN_POINT ( 'NONE',  ( -22.52023023987472428, -7.977519666666879949, -15.97548506810759328 ) ) ;
#1141 = EDGE_CURVE ( 'NONE', #5668, #3138, #3303, .T. ) ;
#1142 = CARTESIAN_POINT ( 'NONE',  ( -19.38420559430343104, -9.722271620867445563, -15.87578506382356025 ) ) ;
#1143 = CARTESIAN_POINT ( 'NONE',  ( 13.96732364306624596, 10.61580850379959884, -2.269271675771232566 ) ) ;
#1144 = CARTESIAN_POINT ( 'NONE',  ( -37.71334779439667528, -11.00000000000000178, -15.87178773356236938 ) ) ;
#1145 = CARTESIAN_POINT ( 'NONE',  ( -0.3941045180001101489, -6.208967420295607553, -15.99999999999998934 ) ) ;
#1146 = CC_DESIGN_APPROVAL ( #364, ( #4682 ) ) ;
#1147 = CARTESIAN_POINT ( 'NONE',  ( 8.469197115351802196, 6.906922285551136298, -1.766116038091857609E-13 ) ) ;
#1148 = CARTESIAN_POINT ( 'NONE',  ( 21.57500494164583316, -0.9999999999999997780, -16.32917960675006341 ) ) ;
#1149 = ORIENTED_EDGE ( 'NONE', *, *, #7669, .F. ) ;
#1150 = CARTESIAN_POINT ( 'NONE',  ( -1.876162204679887147, -7.463084600370367028, 3.035766082959412415E-15 ) ) ;
#1151 = CARTESIAN_POINT ( 'NONE',  ( -12.43386981475622655, 8.601505490337055804, -15.68936288136234225 ) ) ;
#1152 = CARTESIAN_POINT ( 'NONE',  ( 37.00000000000001421, -7.999999999999996447, -21.94987437106619410 ) ) ;
#1153 = CARTESIAN_POINT ( 'NONE',  ( -17.13661001875015444, 6.936396715132937985, -16.45612676359920457 ) ) ;
#1154 = DIRECTION ( 'NONE',  ( 0.9582143447964123206, -0.2860511657490358295, 0.000000000000000000 ) ) ;
#1155 = ORIENTED_EDGE ( 'NONE', *, *, #3896, .F. ) ;
#1156 = CARTESIAN_POINT ( 'NONE',  ( 22.78297285888980284, -8.220087933069002872, -15.84814435761074769 ) ) ;
#1157 = DIRECTION ( 'NONE',  ( 1.000000000000000000, 0.000000000000000000, 0.000000000000000000 ) ) ;
#1158 = CARTESIAN_POINT ( 'NONE',  ( 20.86338998124982425, 6.936396715132942425, -16.45612676359921167 ) ) ;
#1159 = CARTESIAN_POINT ( 'NONE',  ( -9.571944019541739124, 3.883116238033126777, 0.000000000000000000 ) ) ;
#1160 = CARTESIAN_POINT ( 'NONE',  ( 9.434726226233930646, 9.521499075589247241, -5.341706109622731624 ) ) ;
#1161 = CARTESIAN_POINT ( 'NONE',  ( 31.00000000000001421, -6.999999999999997335, -11.99999999999999467 ) ) ;
#1162 = CARTESIAN_POINT ( 'NONE',  ( -16.76393202250018533, 10.99999999999999289, -11.99999999999998934 ) ) ;
#1163 = DIRECTION ( 'NONE',  ( 0.000000000000000000, -1.000000000000000000, 0.000000000000000000 ) ) ;
#1164 = VERTEX_POINT ( 'NONE', #845 ) ;
#1165 = CARTESIAN_POINT ( 'NONE',  ( 10.37400965322083124, 10.99999999999999645, -4.549626131013537744 ) ) ;
#1166 = VERTEX_POINT ( 'NONE', #101 ) ;
#1167 = SPHERICAL_SURFACE ( 'NONE', #6580, 4.999999999999999112 ) ;
#1168 = CARTESIAN_POINT ( 'NONE',  ( 12.92065032462698504, 9.804666096977449286, -13.16193845718655275 ) ) ;
#1169 = AXIS2_PLACEMENT_3D ( 'NONE', #3410, #6331, #3220 ) ;
#1170 = CARTESIAN_POINT ( 'NONE',  ( 31.95122557179325540, -11.00000000000052403, -12.95447162149396725 ) ) ;
#1171 = CARTESIAN_POINT ( 'NONE',  ( 13.42740324146176967, 7.000000000000000000, -15.99999999999998934 ) ) ;
#1172 = CARTESIAN_POINT ( 'NONE',  ( -31.57450123727480928, -11.00000000000000355, -12.19150989834529675 ) ) ;
#1173 = CARTESIAN_POINT ( 'NONE',  ( 31.00000000000001421, 11.00000000000000178, -11.99999999999999645 ) ) ;
#1174 = CARTESIAN_POINT ( 'NONE',  ( -36.99999999999998579, -8.000000000000003553, -33.49999999999999289 ) ) ;
#1175 = CIRCLE ( 'NONE', #6917, 1.000000000000000444 ) ;
#1176 = ORIENTED_EDGE ( 'NONE', *, *, #2645, .T. ) ;
#1177 = EDGE_CURVE ( 'NONE', #136, #2868, #6431, .T. ) ;
#1178 = CARTESIAN_POINT ( 'NONE',  ( 13.48610559779939599, 7.262188245326790970, -15.99999999999999289 ) ) ;
#1179 = EDGE_LOOP ( 'NONE', ( #6753, #7233, #4204, #5860, #1195, #5883 ) ) ;
#1180 = CARTESIAN_POINT ( 'NONE',  ( -22.57348018913096510, -7.922033288800873763, -15.96693632387477102 ) ) ;
#1181 = CARTESIAN_POINT ( 'NONE',  ( 6.066599655314276696, 9.437634144714785123, -15.18230471070989474 ) ) ;
#1182 = CARTESIAN_POINT ( 'NONE',  ( -17.13661001875015444, 6.936396715132939761, -16.45612676359920101 ) ) ;
#1183 = CARTESIAN_POINT ( 'NONE',  ( -14.39866019881640824, -7.373099813442863137, -15.99999999999998224 ) ) ;
#1184 = CARTESIAN_POINT ( 'NONE',  ( -0.9467767427592427287, -6.396650084606251951, 4.592111016821705012E-14 ) ) ;
#1185 = EDGE_CURVE ( 'NONE', #7624, #3584, #2248, .T. ) ;
#1186 = EDGE_CURVE ( 'NONE', #4959, #2255, #4233, .T. ) ;
#1187 = DIRECTION ( 'NONE',  ( -1.000000000000000000, 0.000000000000000000, 0.000000000000000000 ) ) ;
#1188 = ORIENTED_EDGE ( 'NONE', *, *, #635, .T. ) ;
#1189 = CARTESIAN_POINT ( 'NONE',  ( -23.12310562561766503, -11.00000000000000178, -11.99999999999998224 ) ) ;
#1190 = CARTESIAN_POINT ( 'NONE',  ( -12.99852779805157965, 9.283137261635282300, -13.92074735644189332 ) ) ;
#1191 = CARTESIAN_POINT ( 'NONE',  ( 34.03877153125402089, -9.143148110737904233, -16.31539314352986736 ) ) ;
#1192 = DIRECTION ( 'NONE',  ( -2.344220913482171656E-16, -0.000000000000000000, -1.000000000000000000 ) ) ;
#1193 = CARTESIAN_POINT ( 'NONE',  ( -3.427403241461769667, -7.000000000000000000, -15.99999999999998579 ) ) ;
#1194 = CARTESIAN_POINT ( 'NONE',  ( 21.48384741647648966, 6.565502520763468297, -16.49999999999999645 ) ) ;
#1195 = ORIENTED_EDGE ( 'NONE', *, *, #1838, .T. ) ;
#1196 = CARTESIAN_POINT ( 'NONE',  ( -13.14935300882059899, 10.99999999999999112, -11.36371762512924377 ) ) ;
#1197 = AXIS2_PLACEMENT_3D ( 'NONE', #6074, #4657, #5992 ) ;
#1198 = ADVANCED_FACE ( 'NONE', ( #1986 ), #201, .T. ) ;
#1199 = CARTESIAN_POINT ( 'NONE',  ( -11.05702912155498829, 4.866931265568504195, -14.32702795804070739 ) ) ;
#1200 = CARTESIAN_POINT ( 'NONE',  ( -11.42917971601282190, 10.99999999999999289, -10.01190104323308638 ) ) ;
#1201 = CARTESIAN_POINT ( 'NONE',  ( 2.223686539069348100, -10.99999999999999822, -10.47616805733559175 ) ) ;
#1202 = CARTESIAN_POINT ( 'NONE',  ( 7.999265446282809222, 9.752880948750703993, -4.463208075921799356 ) ) ;
#1203 = CARTESIAN_POINT ( 'NONE',  ( -21.00314422984358131, 7.141166961497966703, -16.02191725632925667 ) ) ;
#1204 = DIRECTION ( 'NONE',  ( 1.000000000000000000, 0.000000000000000000, 0.000000000000000000 ) ) ;
#1205 = CARTESIAN_POINT ( 'NONE',  ( -0.2199239164683005621, -3.859518907004598098, 0.000000000000000000 ) ) ;
#1206 = VERTEX_POINT ( 'NONE', #1148 ) ;
#1207 = CARTESIAN_POINT ( 'NONE',  ( 11.98766406854693223, 9.750525741803169666, -4.464985452066353666 ) ) ;
#1208 = EDGE_LOOP ( 'NONE', ( #4708, #4274, #4530, #7720 ) ) ;
#1209 = AXIS2_PLACEMENT_3D ( 'NONE', #569, #2494, #7513 ) ;
#1210 = CARTESIAN_POINT ( 'NONE',  ( 2.330159010487379501, -8.383617393597742051, -0.2210148363545174910 ) ) ;
#1211 = CARTESIAN_POINT ( 'NONE',  ( 33.83384042988139129, -10.99999999999999645, -13.05762689711409408 ) ) ;
#1212 = CARTESIAN_POINT ( 'NONE',  ( -15.00347373057272726, -6.666666666666667851, -16.49999999999998579 ) ) ;
#1213 = CARTESIAN_POINT ( 'NONE',  ( 19.00000000000000000, 3.000000000000000000, -16.99999999999999289 ) ) ;
#1214 = CYLINDRICAL_SURFACE ( 'NONE', #4702, 4.000000000000000000 ) ;
#1215 = CARTESIAN_POINT ( 'NONE',  ( -20.50719933032936027, 7.826959237039738504, -15.92799229585680898 ) ) ;
#1216 = AXIS2_PLACEMENT_3D ( 'NONE', #3920, #7023, #5154 ) ;
#1217 = ORIENTED_EDGE ( 'NONE', *, *, #2035, .T. ) ;
#1218 = DIRECTION ( 'NONE',  ( 1.000000000000000000, 0.000000000000000000, 0.000000000000000000 ) ) ;
#1219 = CARTESIAN_POINT ( 'NONE',  ( 18.82289987334647563, -9.722657448464216756, -15.87579571771013320 ) ) ;
#1220 = ORIENTED_EDGE ( 'NONE', *, *, #6288, .F. ) ;
#1221 = B_SPLINE_CURVE_WITH_KNOTS ( 'NONE', 3,
 ( #295, #5294, #1601, #7165, #3451, #7773, #5327, #7248, #6634, #4720, #5406, #4025, #2873, #1031 ),
 .UNSPECIFIED., .F., .F.,
 ( 4, 2, 2, 2, 2, 2, 4 ),
 ( 0.000000000000000000, 0.0009841810948798964623, 0.001968362189759792925, 0.002460452737199741047, 0.002952543284639689604, 0.003444633832079637727, 0.003936724379519585849 ),
 .UNSPECIFIED. ) ;
#1222 = VECTOR ( 'NONE', #2528, 1000.000000000000000 ) ;
#1223 = CARTESIAN_POINT ( 'NONE',  ( -24.49999999999996803, -7.000000000000000888, -20.00000000000000000 ) ) ;
#1224 = CARTESIAN_POINT ( 'NONE',  ( 2.933385985409189267, -9.786307275870226974, -13.21226104174688487 ) ) ;
#1225 = CARTESIAN_POINT ( 'NONE',  ( 3.154413256033840263, -11.00000000000000000, -4.629579686240387737 ) ) ;
#1226 = EDGE_CURVE ( 'NONE', #2822, #4122, #7207, .T. ) ;
#1227 = DIRECTION ( 'NONE',  ( -0.6382847385042261790, -0.7698003589195004936, 0.000000000000000000 ) ) ;
#1228 = VECTOR ( 'NONE', #5450, 1000.000000000000000 ) ;
#1229 = CARTESIAN_POINT ( 'NONE',  ( -16.27500285265531588, -11.00000000000000000, -12.17514814747400997 ) ) ;
#1230 = CIRCLE ( 'NONE', #7107, 1.000000000000000888 ) ;
#1231 = CARTESIAN_POINT ( 'NONE',  ( -12.37992125275988720, 10.99999999999966427, -3.717842202536871365 ) ) ;
#1232 = CARTESIAN_POINT ( 'NONE',  ( -2.879204383333574313, -8.509467909976070388, -1.594967763002014483 ) ) ;
#1233 = VERTEX_POINT ( 'NONE', #2112 ) ;
#1234 = VECTOR ( 'NONE', #2712, 1000.000000000000000 ) ;
#1235 = CARTESIAN_POINT ( 'NONE',  ( 3.998037062346339265, -10.02470071468414936, -14.63123748018916537 ) ) ;
#1236 = CARTESIAN_POINT ( 'NONE',  ( -14.00452746339439436, 10.19432977147727115, -14.42281789340430009 ) ) ;
#1237 = EDGE_CURVE ( 'NONE', #4744, #1683, #2517, .T. ) ;
#1238 = CARTESIAN_POINT ( 'NONE',  ( 23.60133980118476771, -7.373099813443518613, -15.99999999999999289 ) ) ;
#1239 = CARTESIAN_POINT ( 'NONE',  ( -12.64923818727557858, 9.886196562445492830, -12.45521375021798960 ) ) ;
#1240 = B_SPLINE_CURVE_WITH_KNOTS ( 'NONE', 3,
 ( #1152, #3649, #990, #6065, #3488, #5982, #5571, #6228, #5650, #5002, #7482, #1191, #621, #3851, #2625, #2463, #744, #7522, #4339, #7440, #5041, #1844, #660, #42 ),
 .UNSPECIFIED., .F., .F.,
 ( 4, 2, 2, 2, 2, 2, 2, 2, 2, 2, 2, 4 ),
 ( 0.000000000000000000, 0.001544909548074986346, 0.002317364322112479627, 0.003089819096149972692, 0.004634728644224968795, 0.006179638192299964465, 0.007724547740374960135, 0.009269457288449953203, 0.01004191206248745104, 0.01081436683652494714, 0.01158682161056244150, 0.01235927638459993240 ),
 .UNSPECIFIED. ) ;
#1241 = DIRECTION ( 'NONE',  ( -0.4581904831346120810, 0.000000000000000000, 0.8888540269160458696 ) ) ;
#1242 = DIRECTION ( 'NONE',  ( 0.000000000000000000, -1.000000000000000000, -0.000000000000000000 ) ) ;
#1243 = FACE_OUTER_BOUND ( 'NONE', #7701, .T. ) ;
#1244 = ORIENTED_EDGE ( 'NONE', *, *, #5695, .F. ) ;
#1245 = CARTESIAN_POINT ( 'NONE',  ( 40.50000000000002132, 11.00000000000000355, -36.50000000000000000 ) ) ;
#1246 = CARTESIAN_POINT ( 'NONE',  ( -9.854061639391099803, 4.571980558981076470, -14.29993317771173800 ) ) ;
#1247 = LINE ( 'NONE', #6234, #1228 ) ;
#1248 = EDGE_CURVE ( 'NONE', #4853, #3727, #6686, .T. ) ;
#1249 = CARTESIAN_POINT ( 'NONE',  ( -7.243297026608357392, 5.497409854144275521, 0.000000000000000000 ) ) ;
#1250 = CARTESIAN_POINT ( 'NONE',  ( 35.67825765629676482, -10.99999999999973532, -17.34217246373356147 ) ) ;
#1251 = CARTESIAN_POINT ( 'NONE',  ( -20.27308434191167308, 7.197723382039006523, -16.42137636191520755 ) ) ;
#1252 = EDGE_CURVE ( 'NONE', #6069, #6599, #6942, .T. ) ;
#1253 = DIRECTION ( 'NONE',  ( -7.796510004390144799E-17, 1.000000000000000000, 0.000000000000000000 ) ) ;
#1254 = CARTESIAN_POINT ( 'NONE',  ( 36.88768468665557521, 10.99999999999974065, -20.32060012734498500 ) ) ;
#1255 = VERTEX_POINT ( 'NONE', #39 ) ;
#1256 = CARTESIAN_POINT ( 'NONE',  ( 9.179566257127085294, 10.99999999999983302, -4.545762711014292634 ) ) ;
#1257 = ORIENTED_EDGE ( 'NONE', *, *, #3302, .F. ) ;
#1258 = CARTESIAN_POINT ( 'NONE',  ( -20.42369995230475510, -11.00000000000000000, -14.73878591265207660 ) ) ;
#1259 = CARTESIAN_POINT ( 'NONE',  ( 3.544936307536882936, -7.519926107371349921, -0.02549981604261804258 ) ) ;
#1260 = CARTESIAN_POINT ( 'NONE',  ( 36.74341729064809670, 8.118013264068650869, -20.16973707736464405 ) ) ;
#1261 = CARTESIAN_POINT ( 'NONE',  ( -18.23545409303206810, 7.963611082771163474, -15.91641283189794365 ) ) ;
#1262 = ORIENTED_EDGE ( 'NONE', *, *, #2595, .T. ) ;
#1263 = DIRECTION ( 'NONE',  ( -0.9229582069908977005, -0.3849001794597494697, 0.000000000000000000 ) ) ;
#1264 = CARTESIAN_POINT ( 'NONE',  ( -23.08117561786609073, -8.066096333907651683, -15.85601853069583811 ) ) ;
#1265 = CARTESIAN_POINT ( 'NONE',  ( -13.54493630753688471, 7.519926107371343704, -0.02549981604262134549 ) ) ;
#1266 = DIRECTION ( 'NONE',  ( -1.000000000000000000, 8.346192215206435666E-16, 0.000000000000000000 ) ) ;
#1267 = CARTESIAN_POINT ( 'NONE',  ( -15.68337520964458598, -0.9999999999999986677, -16.99999999999998224 ) ) ;
#1268 = CARTESIAN_POINT ( 'NONE',  ( -2.756702973391776279, -5.497409854144279073, 0.000000000000000000 ) ) ;
#1269 = CARTESIAN_POINT ( 'NONE',  ( -12.52196218829210217, 9.858016140883462342, -3.798736929143140983 ) ) ;
#1270 = DIRECTION ( 'NONE',  ( 0.000000000000000000, 0.000000000000000000, -1.000000000000000000 ) ) ;
#1271 = ORIENTED_EDGE ( 'NONE', *, *, #5586, .T. ) ;
#1272 = CARTESIAN_POINT ( 'NONE',  ( 37.00000000000001421, -7.999999999999996447, -21.94987437106619410 ) ) ;
#1273 = DIRECTION ( 'NONE',  ( -1.000000000000000000, 0.000000000000000000, 0.000000000000000000 ) ) ;
#1274 = CARTESIAN_POINT ( 'NONE',  ( 23.37911888655846582, -7.726265732659489238, -15.94849362709455498 ) ) ;
#1275 = DIRECTION ( 'NONE',  ( -1.000000000000000000, -9.180811436727071245E-16, 0.000000000000000000 ) ) ;
#1276 = CARTESIAN_POINT ( 'NONE',  ( -1.418948624092291055, -11.00000000000000000, -11.59662014325055779 ) ) ;
#1277 = DIRECTION ( 'NONE',  ( 1.000000000000000000, 0.000000000000000000, 0.000000000000000000 ) ) ;
#1278 = CARTESIAN_POINT ( 'NONE',  ( 17.81433265949003086, -10.99999999999999822, -12.69996885933229258 ) ) ;
#1279 = ORIENTED_EDGE ( 'NONE', *, *, #535, .T. ) ;
#1280 = DIRECTION ( 'NONE',  ( 1.000000000000000000, 1.802777518484590049E-15, 0.000000000000000000 ) ) ;
#1281 = ADVANCED_FACE ( 'NONE', ( #1839 ), #3952, .F. ) ;
#1282 = EDGE_CURVE ( 'NONE', #5487, #6455, #1589, .T. ) ;
#1283 = CARTESIAN_POINT ( 'NONE',  ( 23.01025467758314136, -8.090933540377067246, -15.85348825709986897 ) ) ;
#1284 = CARTESIAN_POINT ( 'NONE',  ( -12.14874104905729801, 6.096083231011524717, -14.44365864342722006 ) ) ;
#1285 = CARTESIAN_POINT ( 'NONE',  ( 3.844934532814862749, -10.87978259747000642, -13.00665717813829403 ) ) ;
#1286 = CARTESIAN_POINT ( 'NONE',  ( -9.671210948628436554, 6.207404615248613311, 4.436302591085154628E-14 ) ) ;
#1287 = CARTESIAN_POINT ( 'NONE',  ( 36.92343350843065508, -11.00000000000025757, -20.52564431528223565 ) ) ;
#1288 = CARTESIAN_POINT ( 'NONE',  ( -11.25467247307558516, 4.998884583144991289, -14.33929370987385354 ) ) ;
#1289 = CARTESIAN_POINT ( 'NONE',  ( 10.19252008019828537, 10.99999999999999645, -9.732458529457174379 ) ) ;
#1290 = CARTESIAN_POINT ( 'NONE',  ( 34.39375452036370717, 10.99999999999948663, -15.58436172863658165 ) ) ;
#1291 = ORIENTED_EDGE ( 'NONE', *, *, #2646, .F. ) ;
#1292 = CARTESIAN_POINT ( 'NONE',  ( -12.99504542718646860, 9.544075695970953177, -2.372034405670238488 ) ) ;
#1293 = ORIENTED_EDGE ( 'NONE', *, *, #7178, .F. ) ;
#1294 = ADVANCED_FACE ( 'NONE', ( #2543 ), #4997, .F. ) ;
#1295 = EDGE_CURVE ( 'NONE', #1995, #1375, #6679, .T. ) ;
#1296 = CARTESIAN_POINT ( 'NONE',  ( 7.887723948946481656, 7.937113107565900272, -0.08035287602869266299 ) ) ;
#1297 = B_SPLINE_CURVE_WITH_KNOTS ( 'NONE', 3,
 ( #3659, #6677, #5416, #2346, #4308, #3044, #4849, #3618, #2923, #5493, #5582, #3000, #7977, #501 ),
 .UNSPECIFIED., .F., .F.,
 ( 4, 2, 2, 2, 2, 2, 4 ),
 ( 0.000000000000000000, 0.0009841810948798979802, 0.001968362189759795960, 0.002460452737199743216, 0.002952543284639690471, 0.003444633832079637727, 0.003936724379519584982 ),
 .UNSPECIFIED. ) ;
#1298 = CARTESIAN_POINT ( 'NONE',  ( -21.56604616920740725, -11.00000000000015099, -14.89147285864310710 ) ) ;
#1299 = CARTESIAN_POINT ( 'NONE',  ( 3.658756181804935004, -8.027738148435409116, -0.1256317718040611542 ) ) ;
#1300 = DIRECTION ( 'NONE',  ( -0.6708203932499335886, 0.000000000000000000, -0.7416198487095694292 ) ) ;
#1301 = CARTESIAN_POINT ( 'NONE',  ( -7.280705710501202077, 9.901707816696664111, -3.405005027346238222 ) ) ;
#1302 = EDGE_LOOP ( 'NONE', ( #3475, #1262, #358, #1766 ) ) ;
#1303 = CARTESIAN_POINT ( 'NONE',  ( 8.220980664134353688, 9.710131152358346895, -11.34071234211303647 ) ) ;
#1304 = CARTESIAN_POINT ( 'NONE',  ( 16.02580482117917526, 7.227142107713469876, -16.00000000000000000 ) ) ;
#1305 = CARTESIAN_POINT ( 'NONE',  ( -13.84585459748831937, 10.87885856269629237, -2.989471759434346509 ) ) ;
#1306 = VECTOR ( 'NONE', #7386, 1000.000000000000000 ) ;
#1307 = DIRECTION ( 'NONE',  ( -2.344220913482171656E-16, 0.000000000000000000, -1.000000000000000000 ) ) ;
#1308 = DIRECTION ( 'NONE',  ( 0.000000000000000000, 0.000000000000000000, 1.000000000000000000 ) ) ;
#1309 = FACE_OUTER_BOUND ( 'NONE', #1596, .T. ) ;
#1310 = CARTESIAN_POINT ( 'NONE',  ( -11.67240127653946757, 9.689852445499894884, -4.747779529334247961 ) ) ;
#1311 = AXIS2_PLACEMENT_3D ( 'NONE', #6308, #5003, #5121 ) ;
#1312 = CARTESIAN_POINT ( 'NONE',  ( -2.733548028949327691, -7.892291527160415043, -1.441564860266787429 ) ) ;
#1313 = VERTEX_POINT ( 'NONE', #3028 ) ;
#1314 = CARTESIAN_POINT ( 'NONE',  ( 2.700135101167730145, -9.205840200480039925, -15.35383197665059107 ) ) ;
#1315 = CARTESIAN_POINT ( 'NONE',  ( 22.64928420587728652, -7.423163595253872593, -16.44635572267718615 ) ) ;
#1316 = LINE ( 'NONE', #3811, #5635 ) ;
#1317 = CARTESIAN_POINT ( 'NONE',  ( 23.12310562561766503, -8.322051431861163806, -16.82205143186107676 ) ) ;
#1318 = CARTESIAN_POINT ( 'NONE',  ( 20.22285017893526415, -10.99999999999984901, -14.72581794841470071 ) ) ;
#1319 = FACE_OUTER_BOUND ( 'NONE', #365, .T. ) ;
#1320 = DATE_TIME_ROLE ( 'classification_date' ) ;
#1321 = CARTESIAN_POINT ( 'NONE',  ( 22.48693476220848098, -8.012745143094106126, -15.97887123931668363 ) ) ;
#1322 = CARTESIAN_POINT ( 'NONE',  ( -13.30810602812081811, 6.600378116019879116, -15.99999999999998224 ) ) ;
#1323 = CARTESIAN_POINT ( 'NONE',  ( 3.629078827949213437, -11.00000000000000533, -12.25027908801540910 ) ) ;
#1324 = CARTESIAN_POINT ( 'NONE',  ( -10.55610663524639925, 6.235078516626436418, 2.693743149195452038E-13 ) ) ;
#1325 = CARTESIAN_POINT ( 'NONE',  ( 39.93964224227048732, -10.99999999999999645, -20.74278936209998392 ) ) ;
#1326 = CARTESIAN_POINT ( 'NONE',  ( 10.03243828811348060, 6.239211094214072162, -15.99999999999999112 ) ) ;
#1327 = LINE ( 'NONE', #3824, #3137 ) ;
#1328 = ADVANCED_FACE ( 'NONE', ( #4378 ), #6038, .F. ) ;
#1329 = CIRCLE ( 'NONE', #6291, 3.000000000000002665 ) ;
#1330 = CARTESIAN_POINT ( 'NONE',  ( 33.46691186446697941, 11.00000000000000533, -14.53597892437117700 ) ) ;
#1331 = ORIENTED_EDGE ( 'NONE', *, *, #5321, .T. ) ;
#1332 = CARTESIAN_POINT ( 'NONE',  ( -13.81351307164064401, 8.759500271395067372, -0.3982277606629303635 ) ) ;
#1333 = ORIENTED_EDGE ( 'NONE', *, *, #4947, .T. ) ;
#1334 = CARTESIAN_POINT ( 'NONE',  ( -40.00000000000000000, 10.99999999999999289, -21.34213224816148013 ) ) ;
#1335 = CIRCLE ( 'NONE', #4614, 3.000000000000002665 ) ;
#1336 = CARTESIAN_POINT ( 'NONE',  ( -16.27421486321052058, -11.00000000000000000, -12.17494420252850418 ) ) ;
#1337 = CARTESIAN_POINT ( 'NONE',  ( 7.613962061541548643, 6.616903933182083364, -14.49339394581727269 ) ) ;
#1338 = CARTESIAN_POINT ( 'NONE',  ( -6.009447426710746498, 10.47956099835827537, -13.99096978426234905 ) ) ;
#1339 = CARTESIAN_POINT ( 'NONE',  ( -2.784837522748430771, -8.107392048699272991, -14.50855783794797205 ) ) ;
#1340 = CARTESIAN_POINT ( 'NONE',  ( -7.255805039152581237, 7.942693726931720377, -1.461883348412124084 ) ) ;
#1341 = EDGE_CURVE ( 'NONE', #2323, #5606, #3456, .T. ) ;
#1342 = B_SPLINE_CURVE_WITH_KNOTS ( 'NONE', 3,
 ( #397, #938, #4789, #2365, #7272, #4207, #1587, #2862, #1709, #6699, #7193, #5355, #1101, #6097, #7833, #5469, #4125, #7953, #7154, #1552, #4051, #6544, #3438, #5937, #7512, #4370, #4915, #4988 ),
 .UNSPECIFIED., .F., .F.,
 ( 4, 2, 2, 2, 2, 2, 2, 2, 2, 2, 2, 2, 2, 4 ),
 ( 0.000000000000000000, 0.001233084968442454011, 0.001849627452663680800, 0.002466169936884908022, 0.003082712421106134377, 0.003699254905327361599, 0.004315797389548589255, 0.004932339873769816044, 0.005548882357991041965, 0.006165424842212268754, 0.006781967326433496410, 0.007398509810654723198, 0.008631594779097175041, 0.009864679747539626883 ),
 .UNSPECIFIED. ) ;
#1343 = CIRCLE ( 'NONE', #3957, 3.000000000000002665 ) ;
#1344 = EDGE_LOOP ( 'NONE', ( #6079, #320, #6092, #2909, #6282, #7983, #4390, #3708 ) ) ;
#1345 = CARTESIAN_POINT ( 'NONE',  ( 8.332235095692931637, 9.688975704383766541, -11.24844695980210041 ) ) ;
#1346 = CARTESIAN_POINT ( 'NONE',  ( -15.87127821935242267, -8.369108529794054618, -15.99659670401446121 ) ) ;
#1347 = CARTESIAN_POINT ( 'NONE',  ( -9.434726226233927093, 9.521499075589243688, -10.65829389037726571 ) ) ;
#1348 = CYLINDRICAL_SURFACE ( 'NONE', #3558, 4.000000000000000000 ) ;
#1349 = EDGE_CURVE ( 'NONE', #4651, #7922, #2095, .T. ) ;
#1350 = EDGE_CURVE ( 'NONE', #100, #5261, #680, .T. ) ;
#1351 = CARTESIAN_POINT ( 'NONE',  ( 40.00000000000001421, -10.99999999999999645, -36.50000000000000711 ) ) ;
#1352 = DIRECTION ( 'NONE',  ( -1.000000000000000000, -0.000000000000000000, -0.000000000000000000 ) ) ;
#1353 = CARTESIAN_POINT ( 'NONE',  ( -10.70370013639513829, 10.99999999999999112, -4.552968658180914119 ) ) ;
#1354 = CIRCLE ( 'NONE', #5926, 1.000000000000000000 ) ;
#1355 =( BOUNDED_SURFACE ( )  B_SPLINE_SURFACE ( 3, 2, ( 
 ( #764, #6330, #725 ),
 ( #5102, #3259, #7584 ),
 ( #2922, #1041, #7817 ),
 ( #6641, #7857, #7256 ) ),
 .UNSPECIFIED., .F., .F., .T. ) 
 B_SPLINE_SURFACE_WITH_KNOTS ( ( 4, 4 ),
 ( 3, 3 ),
 ( 0.000000000000000000, 0.001493086728821663850 ),
 ( 0.000000000000000000, 1.000000000000000000 ),
 .UNSPECIFIED. ) 
 GEOMETRIC_REPRESENTATION_ITEM ( )  RATIONAL_B_SPLINE_SURFACE ( (
 ( 1.000000000000000000, 0.8660254037844379305, 1.000000000000000000),
 ( 1.000000000000000000, 0.8750068566528134140, 1.000000000000000000),
 ( 1.000000000000000000, 0.8845887371496603535, 1.000000000000000000),
 ( 1.000000000000000000, 0.8944271909999148562, 1.000000000000000000) ) ) 
 REPRESENTATION_ITEM ( '' )  SURFACE ( )  );
#1356 = CARTESIAN_POINT ( 'NONE',  ( 21.97419517882082474, 7.227142107713470764, -15.99999999999999289 ) ) ;
#1357 = EDGE_LOOP ( 'NONE', ( #2501, #916, #2373, #5912, #421, #5626 ) ) ;
#1358 = CARTESIAN_POINT ( 'NONE',  ( -39.93964224227255499, 10.99999999999999112, -20.74278936209997681 ) ) ;
#1359 = DIRECTION ( 'NONE',  ( -1.000000000000000000, -0.000000000000000000, -2.312964634635743450E-16 ) ) ;
#1360 = CARTESIAN_POINT ( 'NONE',  ( 20.57507827122789124, 7.086583539551437383, -16.43415812127909703 ) ) ;
#1361 = CIRCLE ( 'NONE', #2925, 1.000000000000000444 ) ;
#1362 = CARTESIAN_POINT ( 'NONE',  ( -7.889765466454952580, 6.003901338862119630, -14.43487972883795400 ) ) ;
#1363 = CARTESIAN_POINT ( 'NONE',  ( 18.26380994727496088, -9.671101101970609903, -15.88472431911545080 ) ) ;
#1364 = CARTESIAN_POINT ( 'NONE',  ( -39.99999999999999289, -8.000000000000003553, -36.50000000000002132 ) ) ;
#1365 = APPLICATION_PROTOCOL_DEFINITION ( 'international standard', 'config_control_design', 1994, #1924 ) ;
#1366 = AXIS2_PLACEMENT_3D ( 'NONE', #7120, #1520, #5939 ) ;
#1367 = CARTESIAN_POINT ( 'NONE',  ( 21.89290253078176463, -8.400655839721821394, -16.25716372515386610 ) ) ;
#1368 = CARTESIAN_POINT ( 'NONE',  ( -13.42740324146176967, 6.999999999999991118, -15.99999999999998224 ) ) ;
#1369 = DIRECTION ( 'NONE',  ( -0.2860511657490369397, 0.9582143447964119876, 0.000000000000000000 ) ) ;
#1370 = CARTESIAN_POINT ( 'NONE',  ( -40.49999999999996447, 10.99999999999998934, -20.00000000000000000 ) ) ;
#1371 = CARTESIAN_POINT ( 'NONE',  ( 37.02009084836100783, -10.99999999999842260, -21.54401390364320790 ) ) ;
#1372 = CARTESIAN_POINT ( 'NONE',  ( 9.780076083527038833, 3.859518906784332515, -15.99999999999998934 ) ) ;
#1373 = CARTESIAN_POINT ( 'NONE',  ( -21.23606797749982178, 10.99999999999999289, -11.99999999999998757 ) ) ;
#1374 = CARTESIAN_POINT ( 'NONE',  ( 31.19153068342908952, 11.00000000000000000, -12.38306331504006152 ) ) ;
#1375 = VERTEX_POINT ( 'NONE', #8047 ) ;
#1376 = CARTESIAN_POINT ( 'NONE',  ( -13.00332711246339201, 9.394221879106513740, -2.187820773348830183 ) ) ;
#1377 = ORIENTED_EDGE ( 'NONE', *, *, #4287, .F. ) ;
#1378 = CARTESIAN_POINT ( 'NONE',  ( 8.123837795320108413, 7.463084600370361699, 2.168404344971008868E-16 ) ) ;
#1379 = CARTESIAN_POINT ( 'NONE',  ( -18.28059137420639502, -11.00000000000000178, -12.84824803940931837 ) ) ;
#1380 = CARTESIAN_POINT ( 'NONE',  ( -20.86338998124984911, 6.936396715132937985, -16.45612676359920101 ) ) ;
#1381 = EDGE_CURVE ( 'NONE', #7289, #2245, #1962, .T. ) ;
#1382 = CARTESIAN_POINT ( 'NONE',  ( -6.038070499157316640, 9.641701961767029871, -15.01522817482146976 ) ) ;
#1383 = CARTESIAN_POINT ( 'NONE',  ( -2.860134804615142023, -8.432056188221471515, -14.41876729817774105 ) ) ;
#1384 = CARTESIAN_POINT ( 'NONE',  ( -7.050131046323619088, 8.886431052861684776, -1.789036528435667073 ) ) ;
#1385 = VERTEX_POINT ( 'NONE', #3109 ) ;
#1386 = CARTESIAN_POINT ( 'NONE',  ( 10.73692419474340376, 10.99999999999999645, -9.805934203056935416 ) ) ;
#1387 = EDGE_CURVE ( 'NONE', #4545, #8037, #7157, .T. ) ;
#1388 = CARTESIAN_POINT ( 'NONE',  ( 16.37765868440090244, 7.417967383366763201, -15.98142815559715224 ) ) ;
#1389 = CARTESIAN_POINT ( 'NONE',  ( -18.32286814368943695, -9.547311877279403447, -16.00399037142054226 ) ) ;
#1390 = CARTESIAN_POINT ( 'NONE',  ( -1.534665547866737034, -11.00000000000000000, -4.354592958033571826 ) ) ;
#1391 = DIRECTION ( 'NONE',  ( -0.7698003589195001606, 0.6382847385042267341, -5.536237601204993163E-16 ) ) ;
#1392 = CARTESIAN_POINT ( 'NONE',  ( 3.308042153061747204, -6.600164144953189371, 0.000000000000000000 ) ) ;
#1393 = CARTESIAN_POINT ( 'NONE',  ( -12.09033877340282537, 9.770811562996067678, -4.357485649880820766 ) ) ;
#1394 = ADVANCED_FACE ( 'NONE', ( #6946 ), #5275, .T. ) ;
#1395 = ORIENTED_EDGE ( 'NONE', *, *, #6387, .T. ) ;
#1396 = CARTESIAN_POINT ( 'NONE',  ( -33.07223753041321146, 9.809520576628999677, -15.34908011254074545 ) ) ;
#1397 = B_SPLINE_CURVE_WITH_KNOTS ( 'NONE', 3,
 ( #151, #2657, #7753, #2042 ),
 .UNSPECIFIED., .F., .F.,
 ( 4, 4 ),
 ( 0.000000000000000000, 0.001084640833607702394 ),
 .UNSPECIFIED. ) ;
#1398 = CARTESIAN_POINT ( 'NONE',  ( 18.06396406664317311, 7.938406511396921772, -15.91836934586247843 ) ) ;
#1399 = CARTESIAN_POINT ( 'NONE',  ( 39.50924289757891472, 11.00000000000000178, -18.98217490905353699 ) ) ;
#1400 = CARTESIAN_POINT ( 'NONE',  ( 3.427403241461769223, -6.999999999999999112, -15.99999999999998934 ) ) ;
#1401 = CARTESIAN_POINT ( 'NONE',  ( -2.229868368916319454, -11.00000000000000000, -10.48073386017167508 ) ) ;
#1402 = CARTESIAN_POINT ( 'NONE',  ( 2.864988064392547162, -5.673101688416436694, -15.99999999999998579 ) ) ;
#1403 = CARTESIAN_POINT ( 'NONE',  ( 19.37103318266613883, -10.99999999999999822, -12.91841411515662408 ) ) ;
#1404 = DIRECTION ( 'NONE',  ( 1.000000000000000000, -0.000000000000000000, -0.000000000000000000 ) ) ;
#1405 = CARTESIAN_POINT ( 'NONE',  ( 20.39035792030076166, -9.532251111444567826, -15.87056831000171719 ) ) ;
#1406 = CARTESIAN_POINT ( 'NONE',  ( -2.880038594000903451, -9.850240386492259859, -2.983416902878202936 ) ) ;
#1407 = DIRECTION ( 'NONE',  ( -1.000000000000000000, 0.000000000000000000, -6.938893903907229364E-16 ) ) ;
#1408 = CARTESIAN_POINT ( 'NONE',  ( -10.19458448081235957, 3.857680430177507169, 0.000000000000000000 ) ) ;
#1409 = CARTESIAN_POINT ( 'NONE',  ( 36.56149317087412243, -10.99999999999999822, -19.11189891907882910 ) ) ;
#1410 = DIRECTION ( 'NONE',  ( -2.344220913482171656E-16, -0.000000000000000000, -1.000000000000000000 ) ) ;
#1411 = CARTESIAN_POINT ( 'NONE',  ( 13.36259368057851304, 10.99999999999999645, -11.67074878306182484 ) ) ;
#1412 = CARTESIAN_POINT ( 'NONE',  ( 32.99813476592180450, 11.00000000000000355, -12.70466552446576713 ) ) ;
#1413 = ORIENTED_EDGE ( 'NONE', *, *, #271, .F. ) ;
#1414 = CARTESIAN_POINT ( 'NONE',  ( -12.94299162710979445, 10.73663122088176358, -2.539403601823671419 ) ) ;
#1415 = ORIENTED_EDGE ( 'NONE', *, *, #7028, .F. ) ;
#1416 = ORGANIZATION ( 'UNSPECIFIED', 'UNSPECIFIED', '' ) ;
#1417 = CARTESIAN_POINT ( 'NONE',  ( -37.51344267508216035, 10.99999999999999467, -15.64807017888646890 ) ) ;
#1418 = CARTESIAN_POINT ( 'NONE',  ( -19.15439968480822586, -11.00000000000000178, -12.94686106748059551 ) ) ;
#1419 = CARTESIAN_POINT ( 'NONE',  ( -6.467682416965889303, 9.999999999999994671, -3.999999999999998224 ) ) ;
#1420 = CARTESIAN_POINT ( 'NONE',  ( -6.002551624962036314, 10.01629967807942556, -14.64047845154224703 ) ) ;
#1421 = CARTESIAN_POINT ( 'NONE',  ( -8.005016805521057321, 7.702661225433555359, -0.02920871403991188303 ) ) ;
#1422 = EDGE_CURVE ( 'NONE', #6530, #3631, #7643, .T. ) ;
#1423 = EDGE_LOOP ( 'NONE', ( #5807, #1883, #3620, #7444 ) ) ;
#1424 = CARTESIAN_POINT ( 'NONE',  ( 9.911208202941377721, 10.99999999999999822, -11.46419951282851279 ) ) ;
#1425 = SPHERICAL_SURFACE ( 'NONE', #2368, 4.999999999999999112 ) ;
#1426 = CARTESIAN_POINT ( 'NONE',  ( -16.28092034341451821, -8.701743053588151255, -16.00091830074024912 ) ) ;
#1427 = CARTESIAN_POINT ( 'NONE',  ( -13.54508127064808676, 7.520564305678873573, -15.97442158216802532 ) ) ;
#1428 = CARTESIAN_POINT ( 'NONE',  ( 1.925144000387309040, -11.00000000000000000, -5.720152263298570183 ) ) ;
#1429 = CARTESIAN_POINT ( 'NONE',  ( -14.66987298107780013, -5.000000000000000000, -16.49999999999998579 ) ) ;
#1430 = CARTESIAN_POINT ( 'NONE',  ( -0.07140120249561004995, -6.234146852331976518, 0.000000000000000000 ) ) ;
#1431 = EDGE_LOOP ( 'NONE', ( #7179, #2963, #1840, #4855 ) ) ;
#1432 = CARTESIAN_POINT ( 'NONE',  ( 21.23606797749979336, 11.00000000000000000, -11.99999999999999467 ) ) ;
#1433 = CARTESIAN_POINT ( 'NONE',  ( 7.008154898876895800, 9.597328193059441404, -13.56184413985108783 ) ) ;
#1434 = VERTEX_POINT ( 'NONE', #4549 ) ;
#1435 = CARTESIAN_POINT ( 'NONE',  ( -33.27880036395380614, 10.99999999999999289, -12.81721043580292907 ) ) ;
#1436 = CARTESIAN_POINT ( 'NONE',  ( 20.68459965376699472, 7.291452693437711297, -16.02272685994477541 ) ) ;
#1437 = EDGE_CURVE ( 'NONE', #2007, #4715, #3159, .T. ) ;
#1438 = B_SPLINE_CURVE_WITH_KNOTS ( 'NONE', 3,
 ( #6621, #3559, #3602, #6743, #2328, #4829, #3638, #5318, #2944, #5472, #442, #1711 ),
 .UNSPECIFIED., .F., .F.,
 ( 4, 2, 2, 2, 2, 4 ),
 ( 0.000000000000000000, 0.0008556572455192271382, 0.001711314491038454276, 0.002566971736557681523, 0.002994800359317293954, 0.003422628982076906384 ),
 .UNSPECIFIED. ) ;
#1439 = CARTESIAN_POINT ( 'NONE',  ( 0.2070282799641889881, -6.213206936353261156, -15.99999999999998579 ) ) ;
#1440 = CARTESIAN_POINT ( 'NONE',  ( 19.88859198175932619, -10.99999999999999822, -12.79786986790460546 ) ) ;
#1441 = VECTOR ( 'NONE', #7397, 1000.000000000000000 ) ;
#1442 = CARTESIAN_POINT ( 'NONE',  ( 12.08778778570871992, 4.700698234200158865, 0.000000000000000000 ) ) ;
#1443 = SECURITY_CLASSIFICATION_LEVEL ( 'unclassified' ) ;
#1444 = CARTESIAN_POINT ( 'NONE',  ( 22.34176793668439132, -7.904910905686415745, -16.32289702156467470 ) ) ;
#1445 = CARTESIAN_POINT ( 'NONE',  ( -3.017072707784838048, -10.44843193930313241, -1.959514370174638254 ) ) ;
#1446 = CARTESIAN_POINT ( 'NONE',  ( 7.429447568903673194, 7.255791592464744255, -14.55236471318668023 ) ) ;
#1447 = CARTESIAN_POINT ( 'NONE',  ( -12.75624831525320246, 5.473445837445997775, 0.000000000000000000 ) ) ;
#1448 = CARTESIAN_POINT ( 'NONE',  ( 34.61093870859792077, -8.849942910411391139, -16.86571229462800048 ) ) ;
#1449 = CARTESIAN_POINT ( 'NONE',  ( 9.053223257240551547, 6.396650084606781306, -15.99999999999998934 ) ) ;
#1450 = CARTESIAN_POINT ( 'NONE',  ( 6.850646991179400125, 10.99999999999999822, -11.36371762512924732 ) ) ;
#1451 = CARTESIAN_POINT ( 'NONE',  ( 37.09388451423180300, 11.00000000000000355, -15.21924572703043488 ) ) ;
#1452 = EDGE_CURVE ( 'NONE', #6647, #1534, #4537, .T. ) ;
#1453 = ORIENTED_EDGE ( 'NONE', *, *, #3884, .F. ) ;
#1454 = CARTESIAN_POINT ( 'NONE',  ( -22.39221103464251428, -7.839097749923562120, -16.33231995000285153 ) ) ;
#1455 = EDGE_LOOP ( 'NONE', ( #7299, #7778, #4124, #4264, #2783 ) ) ;
#1456 = CARTESIAN_POINT ( 'NONE',  ( 2.648816263227253387, -10.96962808320721727, -3.312386079680552431 ) ) ;
#1457 = CARTESIAN_POINT ( 'NONE',  ( -5.995563846442517608, 10.18947883300319468, -14.42908780831084492 ) ) ;
#1458 = DIRECTION ( 'NONE',  ( -0.8888540269160437601, 0.000000000000000000, -0.4581904831346162998 ) ) ;
#1459 = DIRECTION ( 'NONE',  ( -9.479186445030908528E-28, -1.000000000000000000, 2.276824562219557103E-14 ) ) ;
#1460 = CARTESIAN_POINT ( 'NONE',  ( -6.572596758538237438, 6.999999999999994671, 2.168404344971008868E-16 ) ) ;
#1461 = ORIENTED_EDGE ( 'NONE', *, *, #4086, .T. ) ;
#1462 = AXIS2_PLACEMENT_3D ( 'NONE', #1650, #1571, #4069 ) ;
#1463 = CARTESIAN_POINT ( 'NONE',  ( 9.099987595784002181, 10.99999999999999645, -9.844829865396544477 ) ) ;
#1464 = CARTESIAN_POINT ( 'NONE',  ( 16.33785773313539735, 6.774324283119055323, -16.02445861045769249 ) ) ;
#1465 = CARTESIAN_POINT ( 'NONE',  ( -21.29307088213029076, -8.987916219935906170, -16.00272642666157097 ) ) ;
#1466 = CARTESIAN_POINT ( 'NONE',  ( -21.23606797749981823, 7.578940846527619790, -15.95788169305523141 ) ) ;
#1467 = CARTESIAN_POINT ( 'NONE',  ( 0.1879877993543972725, -11.00000000000000000, -4.540310129638466918 ) ) ;
#1468 = AXIS2_PLACEMENT_3D ( 'NONE', #8077, #6131, #1263 ) ;
#1469 = CARTESIAN_POINT ( 'NONE',  ( -2.513561803769731373, -5.159211857304238258, -0.000000000000000000 ) ) ;
#1470 = CARTESIAN_POINT ( 'NONE',  ( -0.03665373830778537872, -6.238874071344762129, 8.987274035578409244E-14 ) ) ;
#1471 = ORIENTED_EDGE ( 'NONE', *, *, #3302, .T. ) ;
#1472 = CARTESIAN_POINT ( 'NONE',  ( -1.510296615241122131, -5.215965318954532748, -1.640331042518184956 ) ) ;
#1473 = CARTESIAN_POINT ( 'NONE',  ( -13.36259368057852370, 10.99999999999999467, -4.329251216938167168 ) ) ;
#1474 = VERTEX_POINT ( 'NONE', #6049 ) ;
#1475 = CIRCLE ( 'NONE', #415, 0.9999999999999991118 ) ;
#1476 = CARTESIAN_POINT ( 'NONE',  ( -37.00327183572792222, 10.99999999999999112, -21.13860390101706344 ) ) ;
#1477 = DIRECTION ( 'NONE',  ( 2.344220913482171656E-16, 0.000000000000000000, 1.000000000000000000 ) ) ;
#1478 = CARTESIAN_POINT ( 'NONE',  ( 1.259450918963131549, -4.978923083889891466, -1.662608022950271769 ) ) ;
#1479 = CARTESIAN_POINT ( 'NONE',  ( 0.2702350812826575521, -9.504616787334883909, -10.61127474998244224 ) ) ;
#1480 = AXIS2_PLACEMENT_3D ( 'NONE', #770, #1273, #4582 ) ;
#1481 = CARTESIAN_POINT ( 'NONE',  ( 0.3287890513720480024, -6.207404615248421464, -15.99999999999998757 ) ) ;
#1482 = CARTESIAN_POINT ( 'NONE',  ( 16.45392938660740256, -8.987424411881699271, -15.90227370618326042 ) ) ;
#1483 = CARTESIAN_POINT ( 'NONE',  ( 19.00000000000000000, -1.000000000000000000, -14.00000000000000000 ) ) ;
#1484 = DIRECTION ( 'NONE',  ( 0.000000000000000000, 0.000000000000000000, 1.000000000000000000 ) ) ;
#1485 = ADVANCED_FACE ( 'NONE', ( #1626 ), #478, .T. ) ;
#1486 = CARTESIAN_POINT ( 'NONE',  ( 13.85994088286150472, 9.000126653765455842, -0.5260085112103651817 ) ) ;
#1487 = AXIS2_PLACEMENT_3D ( 'NONE', #2403, #3178, #1868 ) ;
#1488 = CARTESIAN_POINT ( 'NONE',  ( -8.112490815178679426, 5.637378329708476521, -14.39963466299569106 ) ) ;
#1489 = CARTESIAN_POINT ( 'NONE',  ( 7.770131631083551760, 10.99999999999999645, -5.519266139828398643 ) ) ;
#1490 = CARTESIAN_POINT ( 'NONE',  ( 22.43592135468136917, -7.768376193217631176, -16.35170952655092691 ) ) ;
#1491 = DIRECTION ( 'NONE',  ( -1.000000000000000000, 0.000000000000000000, 2.344220913482171656E-16 ) ) ;
#1492 = CARTESIAN_POINT ( 'NONE',  ( -19.83556409277110433, 10.99999999999999645, -15.20413934572995807 ) ) ;
#1493 = CARTESIAN_POINT ( 'NONE',  ( -1.575151265512710674, -4.311052452020808445, -15.99999999999998579 ) ) ;
#1494 = ORIENTED_EDGE ( 'NONE', *, *, #8075, .T. ) ;
#1495 = CARTESIAN_POINT ( 'NONE',  ( 16.46569727647150927, -9.072456130997911927, -15.85850984526614127 ) ) ;
#1496 = TOROIDAL_SURFACE ( 'NONE', #3838, 4.472135954999578722, 1.000000000000000000 ) ;
#1497 = ORIENTED_EDGE ( 'NONE', *, *, #691, .F. ) ;
#1498 = VECTOR ( 'NONE', #6340, 1000.000000000000000 ) ;
#1499 = CARTESIAN_POINT ( 'NONE',  ( 6.373996496106005161, 10.99999999999999645, -3.757675437456090339 ) ) ;
#1500 = ADVANCED_FACE ( 'NONE', ( #6094 ), #4119, .F. ) ;
#1501 = CARTESIAN_POINT ( 'NONE',  ( -21.36787175796510496, -11.00000000000000178, -12.27912538725882818 ) ) ;
#1502 = CARTESIAN_POINT ( 'NONE',  ( -9.314582323286998644, 9.536631584338497447, -10.70609656869656945 ) ) ;
#1503 = CYLINDRICAL_SURFACE ( 'NONE', #541, 4.000000000000000000 ) ;
#1504 = EDGE_CURVE ( 'NONE', #5751, #1995, #7804, .T. ) ;
#1505 = CARTESIAN_POINT ( 'NONE',  ( -7.028129253193794668, 9.027658802990602638, -1.877886750589066178 ) ) ;
#1506 = AXIS2_PLACEMENT_3D ( 'NONE', #7957, #7239, #7360 ) ;
#1507 = ORIENTED_EDGE ( 'NONE', *, *, #4332, .T. ) ;
#1508 = CARTESIAN_POINT ( 'NONE',  ( 12.97150003469393376, 9.025123179581171939, -14.12378439950805387 ) ) ;
#1509 = CARTESIAN_POINT ( 'NONE',  ( -16.00473127546775132, -8.485782016315370768, -15.99828331258621539 ) ) ;
#1510 = DIRECTION ( 'NONE',  ( -1.000000000000000000, -1.559302000878028960E-16, 2.344220913482171656E-16 ) ) ;
#1511 = CARTESIAN_POINT ( 'NONE',  ( -0.3740096532207334290, -11.00000000000031264, -4.549626131013150498 ) ) ;
#1512 = CARTESIAN_POINT ( 'NONE',  ( -13.66000061660389342, 8.033346387088778684, -15.87295380983154480 ) ) ;
#1513 = CARTESIAN_POINT ( 'NONE',  ( -0.1574170954040548520, -6.221052181051695662, 0.000000000000000000 ) ) ;
#1514 = VERTEX_POINT ( 'NONE', #4716 ) ;
#1515 = CARTESIAN_POINT ( 'NONE',  ( -44.49999999999997158, 6.999999999999989342, -20.00000000000000000 ) ) ;
#1516 = CARTESIAN_POINT ( 'NONE',  ( 8.005016805520432044, 7.702661225433246273, -15.97079128595868092 ) ) ;
#1517 = ORIENTED_EDGE ( 'NONE', *, *, #7964, .T. ) ;
#1518 = CARTESIAN_POINT ( 'NONE',  ( -35.42758061894548405, 10.99999999999973355, -16.95546756447078351 ) ) ;
#1519 = CARTESIAN_POINT ( 'NONE',  ( 21.23606797749979336, 7.578940846527625119, -15.95788169305524207 ) ) ;
#1520 = DIRECTION ( 'NONE',  ( -1.000000000000000000, -0.000000000000000000, -2.312964634635743450E-16 ) ) ;
#1521 = CARTESIAN_POINT ( 'NONE',  ( -0.1443900602882216555, -9.500132411561782675, -10.59845845026762134 ) ) ;
#1522 = PLANE ( 'NONE',  #3983 ) ;
#1523 = CARTESIAN_POINT ( 'NONE',  ( 13.15700541517335154, 6.216472786565495845, 0.000000000000000000 ) ) ;
#1524 = CARTESIAN_POINT ( 'NONE',  ( 16.76393202250020664, 7.723676058159531621, -16.94735211631905258 ) ) ;
#1525 = CARTESIAN_POINT ( 'NONE',  ( -3.840051457739258378, -10.88492644900791184, -3.014267166718706648 ) ) ;
#1526 = CARTESIAN_POINT ( 'NONE',  ( 8.820325299393184437, 10.99999999999983658, -4.482027913518406237 ) ) ;
#1527 = CARTESIAN_POINT ( 'NONE',  ( 12.99256514709663435, 9.206729499157496832, -13.98734436356494371 ) ) ;
#1528 = CARTESIAN_POINT ( 'NONE',  ( 11.91488369693121463, 4.551758123924660282, -15.99999999999998934 ) ) ;
#1529 = CARTESIAN_POINT ( 'NONE',  ( -16.76393202250018533, 6.999999999999992895, -11.99999999999998224 ) ) ;
#1530 = CARTESIAN_POINT ( 'NONE',  ( -35.08633944758003764, -8.637618935810506215, -17.34008914565741577 ) ) ;
#1531 = EDGE_CURVE ( 'NONE', #3868, #7016, #4203, .T. ) ;
#1532 = ORIENTED_EDGE ( 'NONE', *, *, #2733, .F. ) ;
#1533 = FACE_OUTER_BOUND ( 'NONE', #5410, .T. ) ;
#1534 = VERTEX_POINT ( 'NONE', #7244 ) ;
#1535 = CARTESIAN_POINT ( 'NONE',  ( -7.079349675373045159, 9.804666096977443956, -13.16193845718638045 ) ) ;
#1536 = CARTESIAN_POINT ( 'NONE',  ( -8.074855999612656987, 10.99999999999999289, -10.27984773670126906 ) ) ;
#1537 = DIRECTION ( 'NONE',  ( -2.344220913482171656E-16, -0.000000000000000000, -1.000000000000000000 ) ) ;
#1538 = DIRECTION ( 'NONE',  ( -2.344220913482171656E-16, -0.000000000000000000, -1.000000000000000000 ) ) ;
#1539 = CARTESIAN_POINT ( 'NONE',  ( 13.42740324146177144, 6.999999999999999112, -15.99999999999998934 ) ) ;
#1540 = EDGE_CURVE ( 'NONE', #1861, #3733, #6167, .T. ) ;
#1541 = EDGE_LOOP ( 'NONE', ( #5006, #5115, #1086, #676 ) ) ;
#1542 = CARTESIAN_POINT ( 'NONE',  ( 13.99339390111208026, 10.41307740450305985, -14.09026633052723376 ) ) ;
#1543 = CARTESIAN_POINT ( 'NONE',  ( 16.23614600803716357, 6.333333333333333037, -16.49999999999999645 ) ) ;
#1544 = CARTESIAN_POINT ( 'NONE',  ( 9.339809587097960275, 4.679210437792853838, -1.690274112582276667 ) ) ;
#1545 = CARTESIAN_POINT ( 'NONE',  ( -13.48552789219492531, 7.259607962109780210, -15.99999999999998579 ) ) ;
#1546 = CARTESIAN_POINT ( 'NONE',  ( -0.2702350812826378457, -9.504616787334784433, -5.388725250017619040 ) ) ;
#1547 = DIRECTION ( 'NONE',  ( -0.000000000000000000, 0.000000000000000000, 1.000000000000000000 ) ) ;
#1548 = EDGE_LOOP ( 'NONE', ( #2130, #2544, #2305, #7103 ) ) ;
#1549 = CARTESIAN_POINT ( 'NONE',  ( -2.489047367827531332, -6.931708385360485281, -1.476811003094530950 ) ) ;
#1550 = CARTESIAN_POINT ( 'NONE',  ( 15.32748318564397216, -7.826749102294676241, -15.93728407595063246 ) ) ;
#1551 = ORIENTED_EDGE ( 'NONE', *, *, #6889, .T. ) ;
#1552 = CARTESIAN_POINT ( 'NONE',  ( -8.608023729329172369, 4.205172090025126153, -15.99999999999998579 ) ) ;
#1553 = CARTESIAN_POINT ( 'NONE',  ( 18.81424653950836046, 8.010748548224352561, -15.91285073381004267 ) ) ;
#1554 = CARTESIAN_POINT ( 'NONE',  ( 1.942387108957181363, -5.718081023176269539, -1.592643403544439007 ) ) ;
#1555 = CARTESIAN_POINT ( 'NONE',  ( 1.409372162272143125, -4.214679051920466435, -15.99999999999998579 ) ) ;
#1556 = CARTESIAN_POINT ( 'NONE',  ( -2.722974450506423061, -9.902522649566272150, -12.60233790800863751 ) ) ;
#1557 = CIRCLE ( 'NONE', #4834, 20.00000000000000000 ) ;
#1558 = CARTESIAN_POINT ( 'NONE',  ( 22.43046674129526252, -7.777088542345827804, -16.34940522408695784 ) ) ;
#1559 = CARTESIAN_POINT ( 'NONE',  ( -8.085116303068785371, 4.551758123924565247, -15.99999999999998579 ) ) ;
#1560 = CARTESIAN_POINT ( 'NONE',  ( 7.620078747239383610, 10.99999999999966960, -3.717842202537323892 ) ) ;
#1561 = CARTESIAN_POINT ( 'NONE',  ( -3.962000047976349748, -9.641772363845165117, -15.01541498470512792 ) ) ;
#1562 = FACE_OUTER_BOUND ( 'NONE', #5225, .T. ) ;
#1563 = VECTOR ( 'NONE', #7485, 1000.000000000000000 ) ;
#1564 = CARTESIAN_POINT ( 'NONE',  ( -17.05155217035676785, 11.00000000000084555, -15.45949812407182300 ) ) ;
#1565 = CARTESIAN_POINT ( 'NONE',  ( -33.04914959061535029, -9.821276429120542772, -15.33265488108788333 ) ) ;
#1566 = ORIENTED_EDGE ( 'NONE', *, *, #2175, .T. ) ;
#1567 = DIRECTION ( 'NONE',  ( -1.000000000000000000, 0.000000000000000000, 0.000000000000000000 ) ) ;
#1568 = ORIENTED_EDGE ( 'NONE', *, *, #1838, .F. ) ;
#1569 = CARTESIAN_POINT ( 'NONE',  ( -7.341766768412135491, 7.601068976516475395, -14.56810844718695641 ) ) ;
#1570 = CARTESIAN_POINT ( 'NONE',  ( -8.820325299393354967, 10.99999999999999289, -11.51797208648143034 ) ) ;
#1571 = DIRECTION ( 'NONE',  ( -0.000000000000000000, 1.000000000000000000, 0.000000000000000000 ) ) ;
#1572 = CARTESIAN_POINT ( 'NONE',  ( 10.69880789893931095, 9.538043129954706600, -5.289635045802468127 ) ) ;
#1573 = ORIENTED_EDGE ( 'NONE', *, *, #1024, .F. ) ;
#1574 = DIRECTION ( 'NONE',  ( 1.559302000878028960E-16, -1.000000000000000000, 0.000000000000000000 ) ) ;
#1575 = CARTESIAN_POINT ( 'NONE',  ( 19.66292861679787762, -9.465184118115940848, -16.17577702405193207 ) ) ;
#1576 = ADVANCED_FACE ( 'NONE', ( #6551 ), #948, .T. ) ;
#1577 = CARTESIAN_POINT ( 'NONE',  ( -36.11979695745213803, -11.00000000000000355, -18.12190392727293542 ) ) ;
#1578 = CARTESIAN_POINT ( 'NONE',  ( -15.56677578880117707, -7.772739659336290963, -16.35051356982127047 ) ) ;
#1579 = CARTESIAN_POINT ( 'NONE',  ( -40.00000000000000000, -11.00000000000000355, -21.94987437106618344 ) ) ;
#1580 = CARTESIAN_POINT ( 'NONE',  ( -12.51667891052382053, 5.135406530472863551, -0.000000000000000000 ) ) ;
#1581 = CARTESIAN_POINT ( 'NONE',  ( 2.998094909591555446, -9.545376620004949686, -2.365513330797127001 ) ) ;
#1582 = CIRCLE ( 'NONE', #1197, 3.472135954999578722 ) ;
#1583 = ORIENTED_EDGE ( 'NONE', *, *, #2375, .F. ) ;
#1584 = CARTESIAN_POINT ( 'NONE',  ( 19.37267757344874397, 11.00000000000000000, -12.04265322869913746 ) ) ;
#1585 = VERTEX_POINT ( 'NONE', #4643 ) ;
#1586 = EDGE_CURVE ( 'NONE', #5299, #4312, #3844, .T. ) ;
#1587 = CARTESIAN_POINT ( 'NONE',  ( -12.37862758060953716, 4.997204331729180105, -15.99999999999998224 ) ) ;
#1588 = DIRECTION ( 'NONE',  ( 1.000000000000000000, -0.000000000000000000, -0.000000000000000000 ) ) ;
#1589 = CIRCLE ( 'NONE', #3423, 3.726779962499648935 ) ;
#1590 = CARTESIAN_POINT ( 'NONE',  ( 13.93315860273910012, 9.435867490377138012, -0.8162213687003555540 ) ) ;
#1591 = EDGE_CURVE ( 'NONE', #3149, #278, #7843, .T. ) ;
#1592 = CARTESIAN_POINT ( 'NONE',  ( 1.987664068546916463, -9.750525741803150126, -11.53501454793362768 ) ) ;
#1593 = CARTESIAN_POINT ( 'NONE',  ( 1.838857496949047432, -5.593391029502420508, -14.39549866705197445 ) ) ;
#1594 = CARTESIAN_POINT ( 'NONE',  ( 12.06752722903488362, 5.945751126595215652, -1.570770761049487652 ) ) ;
#1595 = AXIS2_PLACEMENT_3D ( 'NONE', #5537, #3615, #1038 ) ;
#1596 = EDGE_LOOP ( 'NONE', ( #3875, #1149, #4248, #2806, #2940 ) ) ;
#1597 = CARTESIAN_POINT ( 'NONE',  ( 22.42208079813609700, -7.790096332491496689, -16.34622104788188679 ) ) ;
#1598 = CARTESIAN_POINT ( 'NONE',  ( 2.880038594000894125, -9.850240386492261635, -13.01658309712177264 ) ) ;
#1599 = CARTESIAN_POINT ( 'NONE',  ( 3.427403241461769223, -6.999999999999999112, -15.99999999999998934 ) ) ;
#1600 = CARTESIAN_POINT ( 'NONE',  ( -14.20416847668726845, -7.000000000000000888, -15.99999999999998224 ) ) ;
#1601 = CARTESIAN_POINT ( 'NONE',  ( -7.266451971050670089, 7.892291527160407938, -1.441564860266790316 ) ) ;
#1602 = CIRCLE ( 'NONE', #423, 3.726779962499647159 ) ;
#1603 = CARTESIAN_POINT ( 'NONE',  ( 9.713381782386880658, 9.505312299182625324, -10.61327107379534063 ) ) ;
#1604 = CARTESIAN_POINT ( 'NONE',  ( -1.391976270670830962, -4.205172090025127929, -15.99999999999998579 ) ) ;
#1605 = VERTEX_POINT ( 'NONE', #7123 ) ;
#1606 = CARTESIAN_POINT ( 'NONE',  ( -22.18549539078223276, -8.098664153571506930, -16.29300062658979797 ) ) ;
#1607 = AXIS2_PLACEMENT_3D ( 'NONE', #66, #5957, #3382 ) ;
#1608 =( BOUNDED_SURFACE ( )  B_SPLINE_SURFACE ( 3, 2, ( 
 ( #5437, #7318, #7475 ),
 ( #1269, #1231, #5074 ),
 ( #5725, #5646, #3108 ),
 ( #1393, #6903, #5604 ),
 ( #574, #7555, #4460 ),
 ( #8085, #2498, #4419 ),
 ( #1310, #3147, #3763 ),
 ( #3805, #6180, #36 ),
 ( #1960, #2542, #6945 ),
 ( #5038, #6302, #6258 ),
 ( #3191, #1353, #2458 ),
 ( #697, #78, #3846 ),
 ( #5113, #5687, #1918 ),
 ( #2580, #3072, #2004 ),
 ( #7517, #6863, #5566 ),
 ( #6822, #6342, #655 ),
 ( #8046, #739, #114 ),
 ( #3231, #4993, #1881 ),
 ( #2620, #7435, #1837 ),
 ( #7598, #6222, #4508 ),
 ( #6989, #4957, #4333 ),
 ( #3725, #615, #4376 ),
 ( #3362, #2781, #7115 ),
 ( #817, #5892, #6465 ),
 ( #3319, #237, #7795 ),
 ( #6540, #280, #7151 ),
 ( #5858, #5819, #2741 ),
 ( #4630, #200, #5239 ) ),
 .UNSPECIFIED., .F., .F., .F. ) 
 B_SPLINE_SURFACE_WITH_KNOTS ( ( 4, 2, 2, 2, 2, 2, 2, 2, 2, 2, 2, 2, 2, 4 ),
 ( 3, 3 ),
 ( 0.000000000000000000, 0.001095457394396784096, 0.001643186091595176144, 0.002190914788793568192, 0.002738643485991960023, 0.003286372183190352288, 0.003834100880388744553, 0.004381829577587136385, 0.004929558274785528216, 0.005477286971983920047, 0.006572744366380704577, 0.007120473063579097275, 0.007668201760777489107, 0.008763659155174272769 ),
 ( 0.000000000000000000, 1.000000000000000000 ),
 .UNSPECIFIED. ) 
 GEOMETRIC_REPRESENTATION_ITEM ( )  RATIONAL_B_SPLINE_SURFACE ( (
 ( 1.000000000000000000, 0.6656562785873431087, 1.000000000000000000),
 ( 1.000000000000000000, 0.6550760414894963857, 1.000000000000000000),
 ( 1.000000000000000000, 0.6427889427061933558, 1.000000000000000000),
 ( 1.000000000000000000, 0.6208536408331422063, 1.000000000000000000),
 ( 1.000000000000000000, 0.6128907600701227754, 1.000000000000000000),
 ( 1.000000000000000000, 0.5961538118316656032, 1.000000000000000000),
 ( 1.000000000000000000, 0.5873732688289491355, 1.000000000000000000),
 ( 1.000000000000000000, 0.5693583750283400802, 1.000000000000000000),
 ( 1.000000000000000000, 0.5601154911476602383, 1.000000000000000000),
 ( 1.000000000000000000, 0.5420257524159526330, 1.000000000000000000),
 ( 1.000000000000000000, 0.5332219573126636414, 1.000000000000000000),
 ( 1.000000000000000000, 0.5180476398734007448, 1.000000000000000000),
 ( 1.000000000000000000, 0.5116161173712406862, 1.000000000000000000),
 ( 1.000000000000000000, 0.5026113378299837953, 1.000000000000000000),
 ( 1.000000000000000000, 0.5000662054135295298, 1.000000000000000000),
 ( 1.000000000000000000, 0.4999364184421540847, 1.000000000000000000),
 ( 1.000000000000000000, 0.5023223402180311270, 1.000000000000000000),
 ( 1.000000000000000000, 0.5111177563191017237, 1.000000000000000000),
 ( 1.000000000000000000, 0.5175023365128738062, 1.000000000000000000),
 ( 1.000000000000000000, 0.5403954521954352774, 1.000000000000000000),
 ( 1.000000000000000000, 0.5596694225561115177, 1.000000000000000000),
 ( 1.000000000000000000, 0.5870015821254117583, 1.000000000000000000),
 ( 1.000000000000000000, 0.5959323751923190082, 1.000000000000000000),
 ( 1.000000000000000000, 0.6126440163367854463, 1.000000000000000000),
 ( 1.000000000000000000, 0.6204944687056419550, 1.000000000000000000),
 ( 1.000000000000000000, 0.6424881116794617375, 1.000000000000000000),
 ( 1.000000000000000000, 0.6551347067705624028, 1.000000000000000000),
 ( 1.000000000000000000, 0.6656562785873425536, 1.000000000000000000) ) ) 
 REPRESENTATION_ITEM ( '' )  SURFACE ( )  );
#1609 = CARTESIAN_POINT ( 'NONE',  ( -7.163771508039926239, 9.564462513674433453, -15.08260009989362160 ) ) ;
#1610 = CARTESIAN_POINT ( 'NONE',  ( -9.263075805256594464, 10.99999999999999289, -9.805934203056933640 ) ) ;
#1611 = SPHERICAL_SURFACE ( 'NONE', #2640, 1.000000000000000000 ) ;
#1612 = CARTESIAN_POINT ( 'NONE',  ( -1.091511400614619680E-15, 6.999999999999995559, 0.000000000000000000 ) ) ;
#1613 = CARTESIAN_POINT ( 'NONE',  ( 7.135011933929196637, 5.673101687583610442, -15.99999999999999289 ) ) ;
#1614 = VECTOR ( 'NONE', #5014, 1000.000000000000000 ) ;
#1615 = VERTEX_POINT ( 'NONE', #6629 ) ;
#1616 = EDGE_LOOP ( 'NONE', ( #3717, #4812, #2205 ) ) ;
#1617 = DIRECTION ( 'NONE',  ( 2.344220913482171656E-16, 0.000000000000000000, 1.000000000000000000 ) ) ;
#1618 = CARTESIAN_POINT ( 'NONE',  ( 12.61697055010270141, 9.008981176971543547, -15.47766674214630633 ) ) ;
#1619 = AXIS2_PLACEMENT_3D ( 'NONE', #318, #7030, #898 ) ;
#1620 = CARTESIAN_POINT ( 'NONE',  ( -39.99999999890358993, -11.00000000000000355, -21.34214454091213042 ) ) ;
#1621 = CARTESIAN_POINT ( 'NONE',  ( -15.51306523779155100, -8.012745143093967570, -15.97887123931675823 ) ) ;
#1622 = DIRECTION ( 'NONE',  ( -1.000000000000000000, 0.000000000000000000, 0.000000000000000000 ) ) ;
#1623 = DIRECTION ( 'NONE',  ( 1.559302000878028960E-16, -1.000000000000000000, -0.000000000000000000 ) ) ;
#1624 = CARTESIAN_POINT ( 'NONE',  ( 3.307576592461318299, -6.598604628439633579, 0.000000000000000000 ) ) ;
#1625 = ORIENTED_EDGE ( 'NONE', *, *, #6996, .T. ) ;
#1626 = FACE_OUTER_BOUND ( 'NONE', #1179, .T. ) ;
#1627 = ORIENTED_EDGE ( 'NONE', *, *, #6490, .F. ) ;
#1628 = CARTESIAN_POINT ( 'NONE',  ( -7.816719283826266462, 6.165233141196785560, -1.549716764951735826 ) ) ;
#1629 = DIRECTION ( 'NONE',  ( -1.000000000000000000, -7.796510004390144799E-17, 0.000000000000000000 ) ) ;
#1630 = CARTESIAN_POINT ( 'NONE',  ( 35.43858313724722819, 11.00000000000000888, -13.90698668238051106 ) ) ;
#1631 = CYLINDRICAL_SURFACE ( 'NONE', #3405, 2.999999999999999112 ) ;
#1632 = CARTESIAN_POINT ( 'NONE',  ( -1.914883696931217294, -4.551758123924658506, -15.99999999999998579 ) ) ;
#1633 = ADVANCED_FACE ( 'NONE', ( #1026 ), #3984, .T. ) ;
#1634 = DIRECTION ( 'NONE',  ( 0.000000000000000000, 0.000000000000000000, 1.000000000000000000 ) ) ;
#1635 = B_SPLINE_CURVE_WITH_KNOTS ( 'NONE', 3,
 ( #3493, #4652, #840, #3949, #3341, #220, #2723, #5911, #5217, #7094, #1495, #3415, #3992, #3378, #2761, #5260, #7741, #6716, #7371, #2342, #6638, #8055, #7252, #1767, #1806, #4888, #1156, #2429, #2918, #6194, #5489, #2995 ),
 .UNSPECIFIED., .F., .F.,
 ( 4, 2, 2, 2, 2, 2, 2, 2, 2, 2, 2, 2, 2, 2, 2, 4 ),
 ( 0.000000000000000000, 0.0001412550873187010591, 0.0002825101746374021183, 0.0005650203492748084649, 0.001130040698549622568, 0.002260081397099250339, 0.003390122095648878762, 0.004520162794198505883, 0.005085183143473320094, 0.005650203492748134305, 0.006780244191297751452, 0.007910284889847367731, 0.008475305239122179340, 0.008757815413759587747, 0.008899070501078291950, 0.009040325588396996154 ),
 .UNSPECIFIED. ) ;
#1636 = EDGE_CURVE ( 'NONE', #5954, #6724, #7730, .T. ) ;
#1637 = CARTESIAN_POINT ( 'NONE',  ( 0.000000000000000000, -11.00000000000000000, -8.000000000000001776 ) ) ;
#1638 = ORIENTED_EDGE ( 'NONE', *, *, #4504, .F. ) ;
#1639 = CARTESIAN_POINT ( 'NONE',  ( 23.08152247629703879, -8.066004939015636310, -15.85603171473189832 ) ) ;
#1640 = CARTESIAN_POINT ( 'NONE',  ( -2.617326365232122143, -9.009813674370843017, -0.5228401178748238731 ) ) ;
#1641 = CARTESIAN_POINT ( 'NONE',  ( 6.185402643962262026, 8.764975819975882487, -0.4008998569674255275 ) ) ;
#1642 = CARTESIAN_POINT ( 'NONE',  ( 10.66398328812475249, 4.680426573902359166, -1.690162738063623715 ) ) ;
#1643 = CARTESIAN_POINT ( 'NONE',  ( 15.98277472749770922, -8.282258178282992489, -16.26956870033230018 ) ) ;
#1644 = CARTESIAN_POINT ( 'NONE',  ( 8.660748411668544477, 9.629021815487499580, -11.00615493809948831 ) ) ;
#1645 = DIRECTION ( 'NONE',  ( -1.000000000000000000, -1.084202172485504434E-16, 0.000000000000000000 ) ) ;
#1646 = ORIENTED_EDGE ( 'NONE', *, *, #3896, .T. ) ;
#1647 = CARTESIAN_POINT ( 'NONE',  ( -20.86338998124984911, 6.936396715132937985, -16.45612676359920101 ) ) ;
#1648 = CARTESIAN_POINT ( 'NONE',  ( -8.001448398109806348, 9.752453001052858284, -4.465356247839331161 ) ) ;
#1649 = CARTESIAN_POINT ( 'NONE',  ( -9.617323030971304476, 10.99999999999999467, -11.44994223329510064 ) ) ;
#1650 = CARTESIAN_POINT ( 'NONE',  ( 24.50000000000002487, 0.000000000000000000, -20.00000000000000000 ) ) ;
#1651 = DIRECTION ( 'NONE',  ( -0.6708203932499335886, 0.000000000000000000, -0.7416198487095694292 ) ) ;
#1652 = CARTESIAN_POINT ( 'NONE',  ( -6.467682416965887526, 10.99999999999999467, -3.999999999999996447 ) ) ;
#1653 = ORIENTED_EDGE ( 'NONE', *, *, #4986, .F. ) ;
#1654 = CARTESIAN_POINT ( 'NONE',  ( 1.575151264378368055, -4.311052453561925013, 0.000000000000000000 ) ) ;
#1655 = ORIENTED_EDGE ( 'NONE', *, *, #5423, .T. ) ;
#1656 =( BOUNDED_SURFACE ( )  B_SPLINE_SURFACE ( 3, 2, ( 
 ( #3031, #5524, #4717 ),
 ( #7321, #2299, #1719 ),
 ( #4217, #1676, #7202 ),
 ( #1598, #4096, #988 ),
 ( #3485, #2870, #7245 ),
 ( #4337, #6866, #6306 ),
 ( #6261, #6949, #5569 ),
 ( #81, #1923, #3150 ),
 ( #4422, #6826, #1235 ),
 ( #8089, #2502, #1799 ),
 ( #5000, #3808, #2583 ),
 ( #7439, #1314, #2546 ),
 ( #7559, #1885, #5649 ),
 ( #3728, #5077, #6226 ),
 ( #3766, #579, #7480 ),
 ( #619, #3112, #4463 ),
 ( #3075, #4380, #5607 ),
 ( #659, #3196, #6348 ) ),
 .UNSPECIFIED., .F., .F., .T. ) 
 B_SPLINE_SURFACE_WITH_KNOTS ( ( 4, 2, 2, 2, 2, 2, 2, 2, 4 ),
 ( 3, 3 ),
 ( 2.168404344971008868E-19, 0.0006038682219790142977, 0.001207736443958028379, 0.001811604665937042568, 0.002415472887916056757, 0.003019341109895070947, 0.003623209331874085136, 0.004227077553853099759, 0.004830945775832113515 ),
 ( 0.000000000000000000, 1.000000000000000000 ),
 .UNSPECIFIED. ) 
 GEOMETRIC_REPRESENTATION_ITEM ( )  RATIONAL_B_SPLINE_SURFACE ( (
 ( 1.000000000000000000, 0.6656562785873424426, 1.000000000000000000),
 ( 1.000000000000000000, 0.6817983102550959629, 1.000000000000000000),
 ( 1.000000000000000000, 0.6937921906952021489, 1.000000000000000000),
 ( 1.000000000000000000, 0.7105815231712203639, 1.000000000000000000),
 ( 1.000000000000000000, 0.7153270101952642346, 1.000000000000000000),
 ( 1.000000000000000000, 0.7180582319451868090, 1.000000000000000000),
 ( 1.000000000000000000, 0.7161857340857248344, 1.000000000000000000),
 ( 1.000000000000000000, 0.7069299810652497351, 1.000000000000000000),
 ( 1.000000000000000000, 0.6997348465267967388, 1.000000000000000000),
 ( 1.000000000000000000, 0.6813369999924405729, 1.000000000000000000),
 ( 1.000000000000000000, 0.6700919233057536228, 1.000000000000000000),
 ( 1.000000000000000000, 0.6452874814965026129, 1.000000000000000000),
 ( 1.000000000000000000, 0.6314685608695724817, 1.000000000000000000),
 ( 1.000000000000000000, 0.6025085259686138173, 1.000000000000000000),
 ( 1.000000000000000000, 0.5874427832452219223, 1.000000000000000000),
 ( 1.000000000000000000, 0.5566410607592773285, 1.000000000000000000),
 ( 1.000000000000000000, 0.5408537888233186930, 1.000000000000000000),
 ( 1.000000000000000000, 0.5255305477261474900, 1.000000000000000000) ) ) 
 REPRESENTATION_ITEM ( '' )  SURFACE ( )  );
#1657 = DIRECTION ( 'NONE',  ( -1.000000000000000000, -1.084202172485504681E-16, 0.000000000000000000 ) ) ;
#1658 = CARTESIAN_POINT ( 'NONE',  ( 19.33331297580230412, -9.502870680718807250, -16.17364970967194182 ) ) ;
#1659 = CARTESIAN_POINT ( 'NONE',  ( 39.93964577948052863, -10.99999999999999822, -20.74282482513498849 ) ) ;
#1660 = CARTESIAN_POINT ( 'NONE',  ( -36.87441007296668261, -11.00000000000000355, -15.01433850598540332 ) ) ;
#1661 = CARTESIAN_POINT ( 'NONE',  ( -15.34843570610028607, -7.845029292302717394, -15.94618726313790091 ) ) ;
#1662 = CARTESIAN_POINT ( 'NONE',  ( -3.933400344685721972, -9.437634144714790452, -0.8176952892900961611 ) ) ;
#1663 = CARTESIAN_POINT ( 'NONE',  ( 22.76705684579681233, -10.99999999999999645, -11.99999999999999467 ) ) ;
#1664 = ORIENTED_EDGE ( 'NONE', *, *, #7144, .F. ) ;
#1665 = CARTESIAN_POINT ( 'NONE',  ( -7.776313460930639465, 10.99999999999999289, -5.523831942664400252 ) ) ;
#1666 = VERTEX_POINT ( 'NONE', #3407 ) ;
#1667 = CARTESIAN_POINT ( 'NONE',  ( -32.43230865688574482, 10.99999999999999289, -12.49052634267579087 ) ) ;
#1668 = DIRECTION ( 'NONE',  ( -0.8848650242331350668, 0.4609423183632077037, 0.06742453582224301745 ) ) ;
#1669 = CARTESIAN_POINT ( 'NONE',  ( 13.96249433079735525, 9.645535946335025201, -0.9877973761361422689 ) ) ;
#1670 = EDGE_CURVE ( 'NONE', #2245, #6260, #7987, .T. ) ;
#1671 = CARTESIAN_POINT ( 'NONE',  ( 44.50000000000002842, 8.000000000000003553, -33.49999999999999289 ) ) ;
#1672 = CARTESIAN_POINT ( 'NONE',  ( -1.043982203060290992, -4.859048391637152520, -14.32629730535694179 ) ) ;
#1673 = CARTESIAN_POINT ( 'NONE',  ( 9.069701513561989614, 6.376012555263046444, -1.781115316654490249E-13 ) ) ;
#1674 = CARTESIAN_POINT ( 'NONE',  ( 7.301584703107479868, 9.201646605973492044, -0.6433753293344590674 ) ) ;
#1675 = EDGE_LOOP ( 'NONE', ( #3414, #2573, #5874, #6656, #3222 ) ) ;
#1676 = CARTESIAN_POINT ( 'NONE',  ( 2.742934151828849920, -10.92787295421374694, -12.87368757657977092 ) ) ;
#1677 = CARTESIAN_POINT ( 'NONE',  ( -12.86027999551226486, 8.432719171582531814, -14.41852772454241816 ) ) ;
#1678 = EDGE_CURVE ( 'NONE', #5606, #721, #3742, .T. ) ;
#1679 = CARTESIAN_POINT ( 'NONE',  ( 11.62632808027578690, 5.335627778613546646, -1.629020207683671062 ) ) ;
#1680 = CARTESIAN_POINT ( 'NONE',  ( 15.60778896535750704, -7.839097749923586100, -16.33231995000285153 ) ) ;
#1681 = CARTESIAN_POINT ( 'NONE',  ( 12.22368653906935521, 10.99999999999999645, -5.523831942664402028 ) ) ;
#1682 = CARTESIAN_POINT ( 'NONE',  ( 40.00000000000001421, -11.00000000000000355, -33.49999999999999289 ) ) ;
#1683 = VERTEX_POINT ( 'NONE', #2307 ) ;
#1684 = CARTESIAN_POINT ( 'NONE',  ( -12.65039613534802321, 7.573268847290463235, -14.58094572605464379 ) ) ;
#1685 = FACE_OUTER_BOUND ( 'NONE', #4911, .T. ) ;
#1686 = CARTESIAN_POINT ( 'NONE',  ( 21.94811092476035697, 6.555555555555551805, -15.99999999999999467 ) ) ;
#1687 = CIRCLE ( 'NONE', #3916, 1.000000000000000888 ) ;
#1688 = EDGE_CURVE ( 'NONE', #4087, #5568, #1862, .T. ) ;
#1689 = FACE_OUTER_BOUND ( 'NONE', #6422, .T. ) ;
#1690 = CARTESIAN_POINT ( 'NONE',  ( 8.903771156495462691, 9.587309324621326567, -5.134553197367741184 ) ) ;
#1691 = CARTESIAN_POINT ( 'NONE',  ( 9.780076083531701769, 3.859518907004581223, -15.99999999999998934 ) ) ;
#1692 = EDGE_CURVE ( 'NONE', #1985, #3465, #1343, .T. ) ;
#1693 = CARTESIAN_POINT ( 'NONE',  ( 16.29024164692123122, -11.00000000000000000, -12.17884817870423930 ) ) ;
#1694 = B_SPLINE_CURVE_WITH_KNOTS ( 'NONE', 3,
 ( #3064, #1178, #8038, #7510, #4949, #6251, #1871, #3755, #3139, #7425, #520, #648, #6897, #5636, #3017, #2531, #6093, #1910 ),
 .UNSPECIFIED., .F., .F.,
 ( 4, 2, 2, 2, 2, 2, 2, 2, 4 ),
 ( 8.673617379884035472E-19, 0.0007947351212398781357, 0.001589470242479758006, 0.002384205363719635491, 0.003178940484959513844, 0.003973675606199391329, 0.004768410727439270115, 0.005563145848679148034, 0.006357880969919025085 ),
 .UNSPECIFIED. ) ;
#1695 = VERTEX_POINT ( 'NONE', #6639 ) ;
#1696 = CARTESIAN_POINT ( 'NONE',  ( 9.807479919617453135, 10.99999999999999645, -6.267541469348956618 ) ) ;
#1697 = ORIENTED_EDGE ( 'NONE', *, *, #145, .T. ) ;
#1698 = CIRCLE ( 'NONE', #6657, 1.000000000000000888 ) ;
#1699 = CARTESIAN_POINT ( 'NONE',  ( 3.532317583034110697, -11.00000000000000000, -3.999999999999996447 ) ) ;
#1700 = CARTESIAN_POINT ( 'NONE',  ( 3.997743158644622596, -10.02008911957835835, -1.363572405286883615 ) ) ;
#1701 = CARTESIAN_POINT ( 'NONE',  ( 31.76474785883273810, -10.78333516302085826, -13.47976115156154719 ) ) ;
#1702 = CARTESIAN_POINT ( 'NONE',  ( -35.42758061894446797, -11.00000000000000355, -16.95546756447076930 ) ) ;
#1703 = CARTESIAN_POINT ( 'NONE',  ( -16.76393202250018533, 7.578940846527620678, -15.95788169305523141 ) ) ;
#1704 = DIRECTION ( 'NONE',  ( 0.000000000000000000, 0.000000000000000000, -1.000000000000000000 ) ) ;
#1705 = CARTESIAN_POINT ( 'NONE',  ( 23.12310562561766503, -10.99999999999999822, -11.99999999999999289 ) ) ;
#1706 = ORIENTED_EDGE ( 'NONE', *, *, #635, .F. ) ;
#1707 = CARTESIAN_POINT ( 'NONE',  ( -11.92514400063190294, 10.99999999999999467, -5.720152263666129500 ) ) ;
#1708 = VERTEX_POINT ( 'NONE', #6795 ) ;
#1709 = CARTESIAN_POINT ( 'NONE',  ( -11.93092270288464185, 4.564657268953054015, -15.99999999999998224 ) ) ;
#1710 = CARTESIAN_POINT ( 'NONE',  ( -22.78336069172152634, -8.219814663096206786, -15.84814837241742680 ) ) ;
#1711 = CARTESIAN_POINT ( 'NONE',  ( -2.208586286379655775E-11, -9.500000000000000000, -10.59807621135331779 ) ) ;
#1712 = CARTESIAN_POINT ( 'NONE',  ( -3.532317583034101371, -11.00000000000000000, -11.99999999999998757 ) ) ;
#1713 = CARTESIAN_POINT ( 'NONE',  ( -2.516678915535090155, -5.135406526882476008, -15.99999999999998579 ) ) ;
#1714 = CARTESIAN_POINT ( 'NONE',  ( 9.848216379445519308, 6.221929735015781837, -4.511725511171437608E-14 ) ) ;
#1715 = CARTESIAN_POINT ( 'NONE',  ( 7.026901007970713486, 9.672868643860796922, -2.567299207071994882 ) ) ;
#1716 = ORIENTED_EDGE ( 'NONE', *, *, #4027, .T. ) ;
#1717 = VECTOR ( 'NONE', #291, 1000.000000000000000 ) ;
#1718 = EDGE_CURVE ( 'NONE', #2822, #6530, #7471, .T. ) ;
#1719 = CARTESIAN_POINT ( 'NONE',  ( 3.625744235610130151, -11.00000000000000000, -12.24165394917300276 ) ) ;
#1720 = CARTESIAN_POINT ( 'NONE',  ( -12.97549273096290356, 9.679218805036640561, -13.43102410275629843 ) ) ;
#1721 = DIRECTION ( 'NONE',  ( 0.7698003589194969409, -0.6382847385042302868, 0.000000000000000000 ) ) ;
#1722 = CARTESIAN_POINT ( 'NONE',  ( 10.72362330028930799, 10.99999999999999645, -6.210860527251140795 ) ) ;
#1723 = DIRECTION ( 'NONE',  ( -2.344220913482171656E-16, -0.000000000000000000, -1.000000000000000000 ) ) ;
#1724 = ORIENTED_EDGE ( 'NONE', *, *, #1141, .F. ) ;
#1725 = CARTESIAN_POINT ( 'NONE',  ( -6.637406319421489620, 10.99999999999999645, -11.67074878306182306 ) ) ;
#1726 = EDGE_CURVE ( 'NONE', #3300, #2896, #1012, .T. ) ;
#1727 = CIRCLE ( 'NONE', #2529, 1.000000000000000444 ) ;
#1728 = CARTESIAN_POINT ( 'NONE',  ( -1.339251588331461074, -9.629021815487504909, -4.993845061900512583 ) ) ;
#1729 = CARTESIAN_POINT ( 'NONE',  ( 21.00314422984356000, 7.141166961497972032, -16.02191725632927088 ) ) ;
#1730 = CARTESIAN_POINT ( 'NONE',  ( -9.224869899079033431, 4.724486548510403061, -1.686125610920759188 ) ) ;
#1731 = CARTESIAN_POINT ( 'NONE',  ( 9.999999999977914555, 9.499999999999996447, -5.401923788646685765 ) ) ;
#1732 = CARTESIAN_POINT ( 'NONE',  ( -24.49999999999996803, -7.000000000000000888, 0.000000000000000000 ) ) ;
#1733 = DIRECTION ( 'NONE',  ( -1.000000000000000000, -7.796510004390144799E-17, 2.344220913482171656E-16 ) ) ;
#1734 = ORIENTED_EDGE ( 'NONE', *, *, #1984, .F. ) ;
#1735 = CARTESIAN_POINT ( 'NONE',  ( 12.78111611867992359, 10.99999999999999645, -5.044822846948889605 ) ) ;
#1736 = AXIS2_PLACEMENT_3D ( 'NONE', #6128, #3099, #5595 ) ;
#1737 = EDGE_LOOP ( 'NONE', ( #107, #4001, #1653, #4314 ) ) ;
#1738 = ADVANCED_FACE ( 'NONE', ( #4266 ), #5449, .F. ) ;
#1739 = CARTESIAN_POINT ( 'NONE',  ( 1.434526148903668252, -11.00000000000000178, -5.971093235195619187 ) ) ;
#1740 = ADVANCED_FACE ( 'NONE', ( #1685 ), #7854, .T. ) ;
#1741 = CARTESIAN_POINT ( 'NONE',  ( 13.89420043133363691, 10.81029943633425816, -13.24557711731741172 ) ) ;
#1742 = CARTESIAN_POINT ( 'NONE',  ( -14.87689437438086948, -7.297322475280543230, -15.98893461286255224 ) ) ;
#1743 = CARTESIAN_POINT ( 'NONE',  ( 12.06718623737063467, 5.924078696033951097, -14.42721238330786271 ) ) ;
#1744 = CARTESIAN_POINT ( 'NONE',  ( -35.43840989774147232, -11.00000000000000355, -13.90687578944504210 ) ) ;
#1745 = CARTESIAN_POINT ( 'NONE',  ( 32.75220144116150323, 10.06268187187856178, -14.98439543305114086 ) ) ;
#1746 = CARTESIAN_POINT ( 'NONE',  ( -7.257065848171233569, 10.92787295421392457, -3.126312423420578135 ) ) ;
#1747 = CIRCLE ( 'NONE', #3707, 3.726779962499647159 ) ;
#1748 = CARTESIAN_POINT ( 'NONE',  ( -31.00000000000000711, -11.00000000000000178, -11.99999999999998046 ) ) ;
#1749 = ORIENTED_EDGE ( 'NONE', *, *, #5238, .T. ) ;
#1750 = CIRCLE ( 'NONE', #4760, 1.000000000000001776 ) ;
#1751 = DIRECTION ( 'NONE',  ( -8.673617379884031528E-16, 0.000000000000000000, -1.000000000000000000 ) ) ;
#1752 = ORIENTED_EDGE ( 'NONE', *, *, #5438, .T. ) ;
#1753 = CARTESIAN_POINT ( 'NONE',  ( 40.00000000000001421, -10.99999999999999645, -33.49999999999999289 ) ) ;
#1754 = CARTESIAN_POINT ( 'NONE',  ( -4.004242179575306260, -10.18403899177855365, -14.43581631531926490 ) ) ;
#1755 = CARTESIAN_POINT ( 'NONE',  ( 14.00452746339421850, 10.19432977147727648, -1.577182106595690803 ) ) ;
#1756 = DIRECTION ( 'NONE',  ( 0.000000000000000000, 1.000000000000000000, 0.000000000000000000 ) ) ;
#1757 = CARTESIAN_POINT ( 'NONE',  ( -1.887509184821186681, -5.637378329708524483, -14.39963466299584915 ) ) ;
#1758 = CARTESIAN_POINT ( 'NONE',  ( 8.608023729223518217, 4.205172089711536110, 0.000000000000000000 ) ) ;
#1759 = CARTESIAN_POINT ( 'NONE',  ( 7.464164950504081908, 10.99999999999999467, -3.486328688793582042 ) ) ;
#1760 = VERTEX_POINT ( 'NONE', #2997 ) ;
#1761 = DIRECTION ( 'NONE',  ( 0.000000000000000000, -0.000000000000000000, 1.000000000000000000 ) ) ;
#1762 = CARTESIAN_POINT ( 'NONE',  ( -12.94986895367637558, 8.886431052861683000, -14.21096347156436579 ) ) ;
#1763 = CARTESIAN_POINT ( 'NONE',  ( -40.49999999999996447, -8.000000000000003553, -36.50000000000000000 ) ) ;
#1764 = FACE_OUTER_BOUND ( 'NONE', #2183, .T. ) ;
#1765 = CARTESIAN_POINT ( 'NONE',  ( -40.49999999999996447, 6.999999999999989342, -36.50000000000000000 ) ) ;
#1766 = ORIENTED_EDGE ( 'NONE', *, *, #7217, .F. ) ;
#1767 = CARTESIAN_POINT ( 'NONE',  ( 22.32321359532044625, -8.556275677582949157, -15.84834756436664982 ) ) ;
#1768 = SPHERICAL_SURFACE ( 'NONE', #3692, 3.000000000000000000 ) ;
#1769 = CARTESIAN_POINT ( 'NONE',  ( -12.53583504949591898, 10.99999999999999289, -12.51367131120640508 ) ) ;
#1770 = CARTESIAN_POINT ( 'NONE',  ( -8.434159160287368451, 5.271927907135049551, -1.635048478080718626 ) ) ;
#1771 = CARTESIAN_POINT ( 'NONE',  ( -30.99999999999999289, 6.999999999999990230, -11.99999999999998224 ) ) ;
#1772 = CARTESIAN_POINT ( 'NONE',  ( -18.31169354871057564, 7.554605313896277430, -16.02200872672078802 ) ) ;
#1773 = CARTESIAN_POINT ( 'NONE',  ( 14.96554394463397664, -11.00000000000315303, -15.58761982849959082 ) ) ;
#1774 = CARTESIAN_POINT ( 'NONE',  ( -1.409372161852526562, -4.214679052913657742, 0.000000000000000000 ) ) ;
#1775 = ORIENTED_EDGE ( 'NONE', *, *, #7975, .T. ) ;
#1776 = CARTESIAN_POINT ( 'NONE',  ( 8.233729786404390794, 10.99999999999999645, -5.810810198005024851 ) ) ;
#1777 = ORIENTED_EDGE ( 'NONE', *, *, #5043, .T. ) ;
#1778 =( NAMED_UNIT ( * ) PLANE_ANGLE_UNIT ( ) SI_UNIT ( $, .RADIAN. ) );
#1779 = CARTESIAN_POINT ( 'NONE',  ( 13.94950505307542876, 10.66255185033967656, -13.61343576909707309 ) ) ;
#1780 = CARTESIAN_POINT ( 'NONE',  ( 31.00000000000001421, -10.99999999999999645, -11.99999999999999467 ) ) ;
#1781 = DIRECTION ( 'NONE',  ( -0.000000000000000000, -1.000000000000000000, -0.000000000000000000 ) ) ;
#1782 = CARTESIAN_POINT ( 'NONE',  ( -12.87656992735912986, 8.506687552930472407, -1.608623461262958187 ) ) ;
#1783 = CARTESIAN_POINT ( 'NONE',  ( 36.01590264169552569, 8.323781102229830253, -18.53982123034560203 ) ) ;
#1784 = CARTESIAN_POINT ( 'NONE',  ( -6.374255764389204160, 10.99999999999999645, -3.758346050827107820 ) ) ;
#1785 = EDGE_CURVE ( 'NONE', #5429, #3836, #6440, .T. ) ;
#1786 = ORIENTED_EDGE ( 'NONE', *, *, #7639, .F. ) ;
#1787 = CARTESIAN_POINT ( 'NONE',  ( 12.78711836436238514, 10.99999999999999645, -10.96131077579643787 ) ) ;
#1788 = ORIENTED_EDGE ( 'NONE', *, *, #4550, .F. ) ;
#1789 = CARTESIAN_POINT ( 'NONE',  ( -22.42196089737937825, -7.790280134016080105, -16.34617739767180211 ) ) ;
#1790 = CARTESIAN_POINT ( 'NONE',  ( 5.995672594597099447, 10.18832505840801161, -14.43029402895592739 ) ) ;
#1791 = PLANE ( 'NONE',  #7465 ) ;
#1792 = ADVANCED_FACE ( 'NONE', ( #5490 ), #1768, .T. ) ;
#1793 = CARTESIAN_POINT ( 'NONE',  ( -35.43858313724722109, -11.00000000000000888, -13.90698668238049862 ) ) ;
#1794 = CARTESIAN_POINT ( 'NONE',  ( -20.68763424688537356, -11.00000000000000355, -12.51221333723708184 ) ) ;
#1795 = LOCAL_TIME ( 14, 35, 32.00000000000000000, #2059 ) ;
#1796 = CARTESIAN_POINT ( 'NONE',  ( -24.49999999999996803, 6.999999999999992006, -4.000000000000000000 ) ) ;
#1797 = DIRECTION ( 'NONE',  ( -1.000000000000000000, 0.000000000000000000, 2.344220913482171656E-16 ) ) ;
#1798 = EDGE_LOOP ( 'NONE', ( #1775, #6683, #6464, #7621, #4620 ) ) ;
#1799 = CARTESIAN_POINT ( 'NONE',  ( 3.962494330797357023, -9.645535946335018096, -15.01220262386385507 ) ) ;
#1800 = CARTESIAN_POINT ( 'NONE',  ( -7.464164950504085461, 10.99999999999999645, -12.51367131120641218 ) ) ;
#1801 = CARTESIAN_POINT ( 'NONE',  ( 22.43592135468137272, -7.768376193217632064, -16.35170952655092691 ) ) ;
#1802 = CARTESIAN_POINT ( 'NONE',  ( 12.57055243109632769, 7.255791592464748696, -14.55236471318668379 ) ) ;
#1803 = CARTESIAN_POINT ( 'NONE',  ( 12.65021875792174733, 10.99999999999999822, -5.172731531466471466 ) ) ;
#1804 = CARTESIAN_POINT ( 'NONE',  ( 11.51619526129787019, 5.202942843190527356, -14.35836141421582113 ) ) ;
#1805 = ORIENTED_EDGE ( 'NONE', *, *, #4027, .F. ) ;
#1806 = CARTESIAN_POINT ( 'NONE',  ( 22.47517841486631340, -8.442506040475738160, -15.84696700772481393 ) ) ;
#1807 = CARTESIAN_POINT ( 'NONE',  ( -1.998551601890193874, -9.752453001052861836, -4.465356247839328496 ) ) ;
#1808 = CARTESIAN_POINT ( 'NONE',  ( -10.90001240421615769, 10.99999999999999289, -9.844829865396542701 ) ) ;
#1809 = CARTESIAN_POINT ( 'NONE',  ( -8.283694980969652732, 7.161004492299494650, -5.119269248284421783E-13 ) ) ;
#1810 = CARTESIAN_POINT ( 'NONE',  ( -22.83518620948785838, -7.053546539381969183, -16.49999999999998579 ) ) ;
#1811 = CARTESIAN_POINT ( 'NONE',  ( -11.11367465799392917, 4.901139727704316051, -14.33019981167418244 ) ) ;
#1812 = LINE ( 'NONE', #4192, #3652 ) ;
#1813 = CYLINDRICAL_SURFACE ( 'NONE', #2406, 5.999999999999998224 ) ;
#1814 = ORIENTED_EDGE ( 'NONE', *, *, #7919, .F. ) ;
#1815 = CARTESIAN_POINT ( 'NONE',  ( 12.22368653901054536, 10.99999999999999645, -5.523831942549561447 ) ) ;
#1816 = VERTEX_POINT ( 'NONE', #4891 ) ;
#1817 = CARTESIAN_POINT ( 'NONE',  ( -40.49999999999996447, 7.999999999999989342, -33.49999999999999289 ) ) ;
#1818 = AXIS2_PLACEMENT_3D ( 'NONE', #4852, #548, #6723 ) ;
#1819 = EDGE_CURVE ( 'NONE', #4928, #7309, #3655, .T. ) ;
#1820 = CARTESIAN_POINT ( 'NONE',  ( 37.71338367191602714, -10.99999999999999289, -15.87182928497414558 ) ) ;
#1821 = CARTESIAN_POINT ( 'NONE',  ( 3.961929500842681140, -9.641701961767036977, -0.9847718251785172461 ) ) ;
#1822 = EDGE_CURVE ( 'NONE', #3138, #3074, #329, .T. ) ;
#1823 = CARTESIAN_POINT ( 'NONE',  ( -31.95122557179114509, -11.00000000000000533, -12.95447162149583420 ) ) ;
#1824 = CARTESIAN_POINT ( 'NONE',  ( 19.38388240762827053, 8.001184040955374499, -15.91353826427683416 ) ) ;
#1825 = B_SPLINE_CURVE_WITH_KNOTS ( 'NONE', 3,
 ( #6704, #6662, #4092, #1106, #5475, #3481, #3561, #1062, #3026, #1593, #3604, #4131, #5976, #6588, #2982, #6744 ),
 .UNSPECIFIED., .F., .F.,
 ( 4, 2, 2, 2, 2, 2, 2, 4 ),
 ( 0.004018078112346642854, 0.004521866284864932244, 0.005025654457383221634, 0.005529442629901511023, 0.006033230802419801281, 0.006537018974938090671, 0.007040807147456380061, 0.008048383492492960575 ),
 .UNSPECIFIED. ) ;
#1826 = AXIS2_PLACEMENT_3D ( 'NONE', #8044, #4458, #2496 ) ;
#1827 = ORIENTED_EDGE ( 'NONE', *, *, #4994, .F. ) ;
#1828 = CARTESIAN_POINT ( 'NONE',  ( -44.49999999999997158, -7.000000000000002665, -20.00000000000000000 ) ) ;
#1829 = ADVANCED_FACE ( 'NONE', ( #7446 ), #2471, .F. ) ;
#1830 = CARTESIAN_POINT ( 'NONE',  ( 17.68508367224646349, -9.303745899758666837, -16.18560126023746903 ) ) ;
#1831 = ORIENTED_EDGE ( 'NONE', *, *, #5941, .F. ) ;
#1832 = CARTESIAN_POINT ( 'NONE',  ( 16.38525436867228535, 7.421132773307371977, -15.98096513682247988 ) ) ;
#1833 = CARTESIAN_POINT ( 'NONE',  ( 6.285387371357618491, 8.281734304255325085, -15.79811604659566271 ) ) ;
#1834 = CARTESIAN_POINT ( 'NONE',  ( 12.61414695683759213, 7.429133625572138300, -1.432030105125235986 ) ) ;
#1835 = LINE ( 'NONE', #6256, #919 ) ;
#1836 = CARTESIAN_POINT ( 'NONE',  ( -1.248959138023693960, -6.622085709199634351, -9.108332562069103514E-14 ) ) ;
#1837 = CARTESIAN_POINT ( 'NONE',  ( -9.099987595783677108, 10.99999999999999289, -6.155170134603455523 ) ) ;
#1838 = EDGE_CURVE ( 'NONE', #3733, #7624, #7211, .T. ) ;
#1839 = FACE_OUTER_BOUND ( 'NONE', #4670, .T. ) ;
#1840 = ORIENTED_EDGE ( 'NONE', *, *, #4851, .F. ) ;
#1841 = B_SPLINE_CURVE_WITH_KNOTS ( 'NONE', 3,
 ( #3258, #3954, #2650, #5671 ),
 .UNSPECIFIED., .F., .F.,
 ( 4, 4 ),
 ( 8.673617379884035472E-19, 0.001226600783208092998 ),
 .UNSPECIFIED. ) ;
#1842 = CARTESIAN_POINT ( 'NONE',  ( -36.99999999999999289, -7.000000000000001776, -11.99999999999998224 ) ) ;
#1843 = CARTESIAN_POINT ( 'NONE',  ( -12.74293415182892808, 10.92787295421428162, -12.87368757657974072 ) ) ;
#1844 = CARTESIAN_POINT ( 'NONE',  ( 31.23212858870466846, -10.98306307101132084, -12.46424840583040350 ) ) ;
#1845 = CARTESIAN_POINT ( 'NONE',  ( 12.93338598540919016, 9.786307275870232303, -2.787738958253098254 ) ) ;
#1846 = CARTESIAN_POINT ( 'NONE',  ( -9.833110596915684454, 4.572714414311416675, -14.29999999999999183 ) ) ;
#1847 = DIRECTION ( 'NONE',  ( -0.2860511657490345527, 0.9582143447964126537, 0.000000000000000000 ) ) ;
#1848 = ORIENTED_EDGE ( 'NONE', *, *, #748, .F. ) ;
#1849 = DIRECTION ( 'NONE',  ( -1.000000000000000000, 0.000000000000000000, 2.344220913482171656E-16 ) ) ;
#1850 = AXIS2_PLACEMENT_3D ( 'NONE', #3219, #266, #2651 ) ;
#1851 = CARTESIAN_POINT ( 'NONE',  ( -11.03350680102903070, 4.042619214253356574, -15.99999999999998224 ) ) ;
#1852 = DIRECTION ( 'NONE',  ( 0.4581904831346159113, 1.541915947207783396E-15, 0.8888540269160438712 ) ) ;
#1853 = CARTESIAN_POINT ( 'NONE',  ( -6.691893971880710446, 6.600378116020301889, 0.000000000000000000 ) ) ;
#1854 = CARTESIAN_POINT ( 'NONE',  ( 35.47550395712525528, -8.497938021112597440, -17.80943322780760241 ) ) ;
#1855 = CARTESIAN_POINT ( 'NONE',  ( -19.67957479329474779, 7.546459968569057430, -16.02200656297350889 ) ) ;
#1856 = CIRCLE ( 'NONE', #7081, 4.000000000000001776 ) ;
#1857 = CARTESIAN_POINT ( 'NONE',  ( -19.37290030581802824, 10.99999999999999645, -12.04265017283212558 ) ) ;
#1858 = CARTESIAN_POINT ( 'NONE',  ( -1.930922702884635633, -4.564657268953069114, 0.000000000000000000 ) ) ;
#1859 = ORIENTED_EDGE ( 'NONE', *, *, #5596, .T. ) ;
#1860 = CARTESIAN_POINT ( 'NONE',  ( 8.565473851961938223, 10.99999999999999645, -5.971093233894875674 ) ) ;
#1861 = VERTEX_POINT ( 'NONE', #2022 ) ;
#1862 = CIRCLE ( 'NONE', #2653, 4.330127018922196314 ) ;
#1863 = CARTESIAN_POINT ( 'NONE',  ( 13.84108226441034972, 10.88392852247209497, -12.99001226951530796 ) ) ;
#1864 = CARTESIAN_POINT ( 'NONE',  ( -19.73619005272319882, -9.671101101970933200, -15.88472431911549521 ) ) ;
#1865 = FACE_OUTER_BOUND ( 'NONE', #6483, .T. ) ;
#1866 = CARTESIAN_POINT ( 'NONE',  ( -32.84913779623297359, -11.00000000000026112, -13.87675763341434632 ) ) ;
#1867 = CARTESIAN_POINT ( 'NONE',  ( 33.04914959061536450, 9.821276429120548102, -15.33265488108789931 ) ) ;
#1868 = DIRECTION ( 'NONE',  ( 1.000000000000000000, 0.000000000000000000, 0.000000000000000000 ) ) ;
#1869 = CIRCLE ( 'NONE', #165, 4.330127018922196314 ) ;
#1870 = ORIENTED_EDGE ( 'NONE', *, *, #1082, .F. ) ;
#1871 = CARTESIAN_POINT ( 'NONE',  ( 13.85905796965359116, 8.995376964506386130, -15.47669713067056030 ) ) ;
#1872 = CARTESIAN_POINT ( 'NONE',  ( 15.34967105377375240, -8.314230537495234330, -15.84712529887970156 ) ) ;
#1873 = VECTOR ( 'NONE', #4242, 1000.000000000000000 ) ;
#1874 = CARTESIAN_POINT ( 'NONE',  ( -22.43318975605088994, -7.772795396198111995, -16.35049829777240760 ) ) ;
#1875 =( BOUNDED_SURFACE ( )  B_SPLINE_SURFACE ( 3, 2, ( 
 ( #4831, #7238, #1061 ),
 ( #3070, #2905, #1183 ),
 ( #6661, #7316, #2416 ),
 ( #7836, #7359, #6702 ) ),
 .UNSPECIFIED., .F., .F., .T. ) 
 B_SPLINE_SURFACE_WITH_KNOTS ( ( 4, 4 ),
 ( 3, 3 ),
 ( 0.000000000000000000, 0.001493086728821700279 ),
 ( 0.000000000000000000, 1.000000000000000000 ),
 .UNSPECIFIED. ) 
 GEOMETRIC_REPRESENTATION_ITEM ( )  RATIONAL_B_SPLINE_SURFACE ( (
 ( 1.000000000000000000, 0.8660254037844378194, 1.000000000000000000),
 ( 1.000000000000000000, 0.8750068566528144132, 1.000000000000000000),
 ( 1.000000000000000000, 0.8845887371496599094, 1.000000000000000000),
 ( 1.000000000000000000, 0.8944271909999161885, 1.000000000000000000) ) ) 
 REPRESENTATION_ITEM ( '' )  SURFACE ( )  );
#1876 = CARTESIAN_POINT ( 'NONE',  ( -14.92430994132578093, -8.064388580969851006, -15.85579121566306782 ) ) ;
#1877 = CARTESIAN_POINT ( 'NONE',  ( 19.00000000000000000, -5.000000000000000000, -15.99999999999999289 ) ) ;
#1878 = DIRECTION ( 'NONE',  ( 1.000000000000000000, 0.000000000000000000, 4.625929269271482167E-15 ) ) ;
#1879 = CIRCLE ( 'NONE', #3326, 1.000000000000000000 ) ;
#1880 = CARTESIAN_POINT ( 'NONE',  ( -17.60954259279453282, -11.00000000000000355, -12.63095775561389722 ) ) ;
#1881 = CARTESIAN_POINT ( 'NONE',  ( -9.278459884544428604, 10.99999999999999289, -6.197351201995564551 ) ) ;
#1882 = CARTESIAN_POINT ( 'NONE',  ( -2.787944968298090131, -9.897332512219458422, -3.245973656328366985 ) ) ;
#1883 = ORIENTED_EDGE ( 'NONE', *, *, #5942, .F. ) ;
#1884 = AXIS2_PLACEMENT_3D ( 'NONE', #1483, #4093, #7690 ) ;
#1885 = CARTESIAN_POINT ( 'NONE',  ( 2.617326365232220731, -9.009813674370514391, -15.47715988212515725 ) ) ;
#1886 = CARTESIAN_POINT ( 'NONE',  ( -3.897148548601775175, -10.80487166735022342, -2.738307310190704502 ) ) ;
#1887 = DIRECTION ( 'NONE',  ( 1.000000000000000000, 0.000000000000000000, 0.000000000000000000 ) ) ;
#1888 = ADVANCED_FACE ( 'NONE', ( #4969 ), #2188, .T. ) ;
#1889 = CARTESIAN_POINT ( 'NONE',  ( 22.31662479035540159, -1.000000000000000222, -16.99999999999999645 ) ) ;
#1890 = CARTESIAN_POINT ( 'NONE',  ( -30.99999999999999289, 10.99999999999999112, -11.99999999999998579 ) ) ;
#1891 = CARTESIAN_POINT ( 'NONE',  ( 18.15402744514786804, -10.99999999999999822, -12.81088238924986378 ) ) ;
#1892 = ORIENTED_EDGE ( 'NONE', *, *, #528, .F. ) ;
#1893 = CYLINDRICAL_SURFACE ( 'NONE', #2670, 4.000000000000000000 ) ;
#1894 = CARTESIAN_POINT ( 'NONE',  ( -10.62820286471995068, 4.669058451229448181, -14.30879632739040019 ) ) ;
#1895 = DIRECTION ( 'NONE',  ( 0.000000000000000000, 0.000000000000000000, 1.000000000000000000 ) ) ;
#1896 = CARTESIAN_POINT ( 'NONE',  ( -8.590627837727929261, 4.214679051920654729, 0.000000000000000000 ) ) ;
#1897 = CARTESIAN_POINT ( 'NONE',  ( 14.87689437438233497, -8.057641145488908307, -15.85764114548889125 ) ) ;
#1898 = CARTESIAN_POINT ( 'NONE',  ( -10.66398328812475071, 4.680426573902346732, -14.30983726193635874 ) ) ;
#1899 = DIRECTION ( 'NONE',  ( 0.000000000000000000, 0.000000000000000000, 1.000000000000000000 ) ) ;
#1900 = CARTESIAN_POINT ( 'NONE',  ( -1.590797360909394831, -4.320739154704320129, -0.000000000000000000 ) ) ;
#1901 = EDGE_LOOP ( 'NONE', ( #2076, #3665, #3081, #4421, #6242, #182, #1752, #4880 ) ) ;
#1902 = CARTESIAN_POINT ( 'NONE',  ( -12.97309899202927852, 9.672868643860878635, -2.567299207072028189 ) ) ;
#1903 = ORIENTED_EDGE ( 'NONE', *, *, #6139, .F. ) ;
#1904 = CARTESIAN_POINT ( 'NONE',  ( 7.341766768412155919, 7.601068976516463849, -1.431891552813004065 ) ) ;
#1905 = CARTESIAN_POINT ( 'NONE',  ( -20.92382436396402312, -11.00000000000000178, -14.78614557277320074 ) ) ;
#1906 = CARTESIAN_POINT ( 'NONE',  ( 15.68337520964452736, -0.9999999999999430456, -15.99999999999999289 ) ) ;
#1907 = CARTESIAN_POINT ( 'NONE',  ( 36.37265448415008251, 8.222589140286341802, -19.21512728767702427 ) ) ;
#1908 = CARTESIAN_POINT ( 'NONE',  ( -19.76138988266992058, 7.972986791164630382, -15.91536932596421927 ) ) ;
#1909 = ORIENTED_EDGE ( 'NONE', *, *, #7028, .T. ) ;
#1910 = CARTESIAN_POINT ( 'NONE',  ( 13.53231758303410537, 10.99999999999999822, -11.99999999999999289 ) ) ;
#1911 = CARTESIAN_POINT ( 'NONE',  ( 17.21473727587866165, -9.124636865171344979, -16.19725155903443437 ) ) ;
#1912 = B_SPLINE_CURVE_WITH_KNOTS ( 'NONE', 3,
 ( #1173, #6127, #4983, #5594, #8072, #7347, #2487, #1745, #1867, #3013, #4362, #2527, #3671, #6165, #1783, #1907, #4280, #6894, #1260, #6248, #644, #4244 ),
 .UNSPECIFIED., .F., .F.,
 ( 4, 2, 2, 2, 2, 2, 2, 2, 2, 2, 4 ),
 ( -1.698499364819100577E-05, 0.001539996042538553048, 0.002318486560631924810, 0.003096977078725297004, 0.004653958114912029251, 0.006210939151098762365, 0.007767920187285495479, 0.009324901223472226858, 0.01010339174156559341, 0.01088188225965895997, 0.01243886329584569655 ),
 .UNSPECIFIED. ) ;
#1913 = CARTESIAN_POINT ( 'NONE',  ( -22.83195345533705023, -8.188855731086166045, -15.84899915546295723 ) ) ;
#1914 = CARTESIAN_POINT ( 'NONE',  ( -23.37665276217120436, -7.729457811654019572, -15.94761846168725405 ) ) ;
#1915 = CARTESIAN_POINT ( 'NONE',  ( -2.649238187275583467, -9.886196562445501712, -3.544786249782000631 ) ) ;
#1916 = CARTESIAN_POINT ( 'NONE',  ( 24.50000000000002487, 6.999999999999999112, -4.000000000000000000 ) ) ;
#1917 = CARTESIAN_POINT ( 'NONE',  ( 7.107749179260052230, 9.840589547771813272, -2.944569726502191287 ) ) ;
#1918 = CARTESIAN_POINT ( 'NONE',  ( -10.73692419474340554, 10.99999999999999289, -6.194065796943069024 ) ) ;
#1919 = CARTESIAN_POINT ( 'NONE',  ( -2.650396135348016102, -7.573268847290467676, -1.419054273945349109 ) ) ;
#1920 = ORIENTED_EDGE ( 'NONE', *, *, #4550, .T. ) ;
#1921 = CC_DESIGN_DATE_AND_TIME_ASSIGNMENT ( #169, #3817, ( #625 ) ) ;
#1922 = EDGE_CURVE ( 'NONE', #2411, #2868, #1475, .T. ) ;
#1923 = CARTESIAN_POINT ( 'NONE',  ( 3.003000000927313895, -10.19586937726449705, -14.41582946961555756 ) ) ;
#1924 = APPLICATION_CONTEXT ( 'configuration controlled 3d designs of mechanical parts and assemblies' ) ;
#1925 = DIRECTION ( 'NONE',  ( -0.4581904831346158002, 0.000000000000000000, 0.8888540269160440932 ) ) ;
#1926 = CARTESIAN_POINT ( 'NONE',  ( 40.00000000000001421, 8.000000000000003553, -36.50000000000000000 ) ) ;
#1927 = CARTESIAN_POINT ( 'NONE',  ( -44.49999999999997158, 6.999999999999989342, -36.50000000000000000 ) ) ;
#1928 = CARTESIAN_POINT ( 'NONE',  ( 20.97622020348224581, -10.99999999999999645, -14.79267810496143731 ) ) ;
#1929 = DIRECTION ( 'NONE',  ( 0.000000000000000000, 0.000000000000000000, -1.000000000000000000 ) ) ;
#1930 = PERSON_AND_ORGANIZATION_ROLE ( 'creator' ) ;
#1931 = ADVANCED_FACE ( 'NONE', ( #6435 ), #3550, .T. ) ;
#1932 = CARTESIAN_POINT ( 'NONE',  ( 20.34255517097276922, -9.387760235846634771, -16.00378186358102184 ) ) ;
#1933 = ADVANCED_FACE ( 'NONE', ( #2376 ), #5403, .T. ) ;
#1934 = CARTESIAN_POINT ( 'NONE',  ( -13.15700541517336042, 6.216472786565666375, -15.99999999999998224 ) ) ;
#1935 = CARTESIAN_POINT ( 'NONE',  ( 19.00000000000000000, -5.000000000000000000, -15.99999999999999289 ) ) ;
#1936 = CARTESIAN_POINT ( 'NONE',  ( -10.30351817549722071, 4.590130055917978069, -1.698417258506077943 ) ) ;
#1937 = CARTESIAN_POINT ( 'NONE',  ( 38.09289691151685275, -10.99999999999999645, -16.33877177375648060 ) ) ;
#1938 = CARTESIAN_POINT ( 'NONE',  ( -44.49999999999997158, -7.000000000000002665, -33.49999999999999289 ) ) ;
#1939 = CARTESIAN_POINT ( 'NONE',  ( 9.276376699710686680, 10.99999999999999467, -9.789139472748857429 ) ) ;
#1940 = CARTESIAN_POINT ( 'NONE',  ( 33.07223753041326830, 9.809520576628433020, -15.34908011254121263 ) ) ;
#1941 = ORIENTED_EDGE ( 'NONE', *, *, #6149, .T. ) ;
#1942 = CARTESIAN_POINT ( 'NONE',  ( -12.64881626322711128, 10.96962808320686378, -3.312386079680440520 ) ) ;
#1943 = EDGE_LOOP ( 'NONE', ( #2770, #3215, #6628, #4046 ) ) ;
#1944 = CARTESIAN_POINT ( 'NONE',  ( -19.00000000000000000, -5.000000000000000000, -16.49999999999998579 ) ) ;
#1945 = EDGE_CURVE ( 'NONE', #2861, #1985, #4798, .T. ) ;
#1946 = CARTESIAN_POINT ( 'NONE',  ( -21.75131632860210118, -11.00000000000014744, -14.93543466968055711 ) ) ;
#1947 = CYLINDRICAL_SURFACE ( 'NONE', #6056, 4.000000000000000000 ) ;
#1948 = CARTESIAN_POINT ( 'NONE',  ( -2.649238187275575473, -9.886196562445499936, -12.45521375021798782 ) ) ;
#1949 = ADVANCED_FACE ( 'NONE', ( #4259 ), #4837, .T. ) ;
#1950 = CARTESIAN_POINT ( 'NONE',  ( -13.42740324146177144, 6.999999999999992895, -14.99999999999998401 ) ) ;
#1951 = CARTESIAN_POINT ( 'NONE',  ( 20.61355940211214843, 7.715001578637100899, -15.94724014781107080 ) ) ;
#1952 = EDGE_LOOP ( 'NONE', ( #7891, #5930, #2886, #2812, #1920, #2274 ) ) ;
#1953 = AXIS2_PLACEMENT_3D ( 'NONE', #6349, #6187, #1887 ) ;
#1954 = CARTESIAN_POINT ( 'NONE',  ( 12.37571130994817281, 10.99999999999999645, -10.59097353079006787 ) ) ;
#1955 = CARTESIAN_POINT ( 'NONE',  ( -19.66803831874104702, -9.454724797200626085, -16.17645759944532813 ) ) ;
#1956 = CARTESIAN_POINT ( 'NONE',  ( -13.42740324146176256, 6.999999999999993783, 0.000000000000000000 ) ) ;
#1957 = AXIS2_PLACEMENT_3D ( 'NONE', #3628, #6855, #6771 ) ;
#1958 = DIRECTION ( 'NONE',  ( 1.000000000000000000, -0.000000000000000000, 0.000000000000000000 ) ) ;
#1959 = CARTESIAN_POINT ( 'NONE',  ( 7.007434852903363875, 9.206729499157493279, -2.012655636435046080 ) ) ;
#1960 = CARTESIAN_POINT ( 'NONE',  ( -11.32470265972387935, 9.627295107139532959, -4.993290633005535106 ) ) ;
#1961 = AXIS2_PLACEMENT_3D ( 'NONE', #5408, #1192, #2303 ) ;
#1962 = LINE ( 'NONE', #2459, #5648 ) ;
#1963 = EDGE_LOOP ( 'NONE', ( #2602, #7740, #4439, #6486 ) ) ;
#1964 = CARTESIAN_POINT ( 'NONE',  ( 14.39866019881471360, -7.373099813442746786, -15.99999999999998934 ) ) ;
#1965 = DIRECTION ( 'NONE',  ( 0.000000000000000000, -0.000000000000000000, 1.000000000000000000 ) ) ;
#1966 = CARTESIAN_POINT ( 'NONE',  ( -10.14353353406611369, 9.499999999999467093, -10.59807621135179012 ) ) ;
#1967 = DIRECTION ( 'NONE',  ( -0.000000000000000000, -1.000000000000000000, -0.000000000000000000 ) ) ;
#1968 = CARTESIAN_POINT ( 'NONE',  ( -7.429447568903673194, 7.255791592464741591, -14.55236471318667846 ) ) ;
#1969 = CARTESIAN_POINT ( 'NONE',  ( 19.45929858352276298, -10.99999999999999822, -12.90343375429542050 ) ) ;
#1970 = CARTESIAN_POINT ( 'NONE',  ( -12.99251451640867572, 9.206491308758623759, -13.98744896166172857 ) ) ;
#1971 = EDGE_CURVE ( 'NONE', #3501, #897, #8012, .T. ) ;
#1972 = APPROVAL_STATUS ( 'not_yet_approved' ) ;
#1973 = CARTESIAN_POINT ( 'NONE',  ( 21.50068633842754906, -8.716260809539994270, -16.22796814003044119 ) ) ;
#1974 = CARTESIAN_POINT ( 'NONE',  ( -11.59079735887270246, 4.320739156877469789, -15.99999999999998224 ) ) ;
#1975 = DIRECTION ( 'NONE',  ( -1.000000000000000000, -1.559302000878028960E-16, 0.000000000000000000 ) ) ;
#1976 = CARTESIAN_POINT ( 'NONE',  ( -10.20069451070110311, 6.213921223984368858, -4.576321614416977720E-14 ) ) ;
#1977 = CARTESIAN_POINT ( 'NONE',  ( -36.99999999999999289, 7.999999999999989342, -21.94987437106618700 ) ) ;
#1978 = CARTESIAN_POINT ( 'NONE',  ( 6.842994584826641358, 6.216472786565669040, -15.99999999999998934 ) ) ;
#1979 = CARTESIAN_POINT ( 'NONE',  ( -41.49999999999996447, -0.000000000000000000, -36.50000000000000000 ) ) ;
#1980 = CARTESIAN_POINT ( 'NONE',  ( 33.95893993027634394, 9.191753440280956866, -16.24148412574290745 ) ) ;
#1981 = ADVANCED_FACE ( 'NONE', ( #4761 ), #1656, .T. ) ;
#1982 = ORIENTED_EDGE ( 'NONE', *, *, #6735, .F. ) ;
#1983 = CARTESIAN_POINT ( 'NONE',  ( -13.48579091178009826, 7.260782712205712031, -3.120823203599205600E-17 ) ) ;
#1984 = EDGE_CURVE ( 'NONE', #3052, #1073, #3563, .T. ) ;
#1985 = VERTEX_POINT ( 'NONE', #1272 ) ;
#1986 = FACE_OUTER_BOUND ( 'NONE', #3472, .T. ) ;
#1987 = AXIS2_PLACEMENT_3D ( 'NONE', #7542, #5097, #3910 ) ;
#1988 = CARTESIAN_POINT ( 'NONE',  ( -16.80243827590334149, -10.99999999999971934, -14.82401011093431009 ) ) ;
#1989 = CYLINDRICAL_SURFACE ( 'NONE', #2791, 4.000000000000000000 ) ;
#1990 = FACE_OUTER_BOUND ( 'NONE', #5560, .T. ) ;
#1991 = CARTESIAN_POINT ( 'NONE',  ( -2.330159010487273807, -8.383617393598262524, -15.77898516364501269 ) ) ;
#1992 = CARTESIAN_POINT ( 'NONE',  ( 16.76393202250020664, 10.99999999999999822, -15.59229220782593295 ) ) ;
#1993 = ADVANCED_FACE ( 'NONE', ( #41 ), #3020, .F. ) ;
#1994 = AXIS2_PLACEMENT_3D ( 'NONE', #3495, #2957, #8020 ) ;
#1995 = VERTEX_POINT ( 'NONE', #1189 ) ;
#1996 = CARTESIAN_POINT ( 'NONE',  ( 12.22986836891644202, 10.99999999999999645, -10.48073386017151876 ) ) ;
#1997 = CARTESIAN_POINT ( 'NONE',  ( -20.90043582146299173, -9.359651390600129517, -15.86592133918293968 ) ) ;
#1998 = CARTESIAN_POINT ( 'NONE',  ( 40.00000000000001421, 8.000000000000003553, -36.50000000000000000 ) ) ;
#1999 = AXIS2_PLACEMENT_3D ( 'NONE', #3469, #2893, #7348 ) ;
#2000 = B_SPLINE_CURVE_WITH_KNOTS ( 'NONE', 3,
 ( #298, #2802, #7775, #2182, #7443, #1804, #7405, #7326, #4886, #3694, #2467, #4927 ),
 .UNSPECIFIED., .F., .F.,
 ( 4, 2, 2, 2, 2, 4 ),
 ( 0.000000000000000000, 0.001004519528093788258, 0.002009039056187576517, 0.003013558584281364992, 0.003515818348328259013, 0.004018078112375153034 ),
 .UNSPECIFIED. ) ;
#2001 = CARTESIAN_POINT ( 'NONE',  ( -1.761035040886373970, -11.00000000000000000, -5.827318858622314579 ) ) ;
#2002 = CARTESIAN_POINT ( 'NONE',  ( -31.00000000000000711, -11.00000000000000178, -11.99999999999998046 ) ) ;
#2003 = CARTESIAN_POINT ( 'NONE',  ( 2.756248315253292613, -5.473445837445821027, 0.000000000000000000 ) ) ;
#2004 = CARTESIAN_POINT ( 'NONE',  ( -10.37683426229726358, 10.99999999999999289, -6.252156856559566656 ) ) ;
#2005 = TOROIDAL_SURFACE ( 'NONE', #1607, 16.00000000000000000, 4.000000000000000000 ) ;
#2006 = CARTESIAN_POINT ( 'NONE',  ( 7.050131046323663497, 8.886431052861686553, -14.21096347156453632 ) ) ;
#2007 = VERTEX_POINT ( 'NONE', #2421 ) ;
#2008 = CARTESIAN_POINT ( 'NONE',  ( -34.61093870859703259, 8.849942910411314756, -16.86571229462726862 ) ) ;
#2009 = CARTESIAN_POINT ( 'NONE',  ( 18.66068001088124362, 7.584011063449189294, -16.02189736724493230 ) ) ;
#2010 = CARTESIAN_POINT ( 'NONE',  ( 2.000734553717191222, -9.752880948750705770, -4.463208075921800244 ) ) ;
#2011 = CARTESIAN_POINT ( 'NONE',  ( 20.27382261543204933, 7.197335910163308093, -16.42142390009343700 ) ) ;
#2012 = CIRCLE ( 'NONE', #2538, 0.9999999999999992228 ) ;
#2013 = AXIS2_PLACEMENT_3D ( 'NONE', #6068, #8016, #6111 ) ;
#2014 = CARTESIAN_POINT ( 'NONE',  ( -2.375711309948247418, -11.00000000000000000, -10.59097353079022774 ) ) ;
#2015 = DESIGN_CONTEXT ( 'detailed design', #1924, 'design' ) ;
#2016 = CARTESIAN_POINT ( 'NONE',  ( -34.73844374262778700, 8.781444064154463547, -16.98767313720747651 ) ) ;
#2017 = CARTESIAN_POINT ( 'NONE',  ( 18.67184644472817467, -10.99999999999999822, -12.92834977469936852 ) ) ;
#2018 = DIRECTION ( 'NONE',  ( 0.000000000000000000, -1.000000000000000000, 0.000000000000000000 ) ) ;
#2019 = APPROVAL_DATE_TIME ( #2591, #467 ) ;
#2020 = AXIS2_PLACEMENT_3D ( 'NONE', #2101, #4598, #906 ) ;
#2021 = CARTESIAN_POINT ( 'NONE',  ( 21.38157337049469930, -9.142203654305623317, -15.86028999450441290 ) ) ;
#2022 = CARTESIAN_POINT ( 'NONE',  ( -19.00000000000000000, -1.666666666666666963, -17.72677996249964849 ) ) ;
#2023 = CARTESIAN_POINT ( 'NONE',  ( 24.50000000000002487, -10.99999999999999822, -3.999999999999996447 ) ) ;
#2024 = CARTESIAN_POINT ( 'NONE',  ( 20.62691960567190108, -9.191977046983875965, -16.19278914198233110 ) ) ;
#2025 = DIRECTION ( 'NONE',  ( -0.000000000000000000, -0.000000000000000000, -1.000000000000000000 ) ) ;
#2026 = CARTESIAN_POINT ( 'NONE',  ( 9.835057062645647719, 4.573494545452239102, -14.30007103600315332 ) ) ;
#2027 = CARTESIAN_POINT ( 'NONE',  ( 13.53231758303410537, 10.99999999999999822, -11.99999999999999289 ) ) ;
#2028 = CARTESIAN_POINT ( 'NONE',  ( 37.71325593607466686, 11.00000000000000355, -15.87168134994365332 ) ) ;
#2029 = ORIENTED_EDGE ( 'NONE', *, *, #6432, .T. ) ;
#2030 = CARTESIAN_POINT ( 'NONE',  ( -12.96212878924320755, 9.709344177154902056, -2.634043279356147238 ) ) ;
#2031 = ORIENTED_EDGE ( 'NONE', *, *, #4235, .T. ) ;
#2032 = CARTESIAN_POINT ( 'NONE',  ( 3.532317583034110253, -11.00000000000000000, -3.999999999999996447 ) ) ;
#2033 = CARTESIAN_POINT ( 'NONE',  ( -18.75849379355425484, -9.711880499648431808, -15.88392355102189413 ) ) ;
#2034 = CARTESIAN_POINT ( 'NONE',  ( 9.181151361281830958, 4.742611246145223447, -14.31553875102360252 ) ) ;
#2035 = EDGE_CURVE ( 'NONE', #4312, #2917, #7923, .T. ) ;
#2036 = CARTESIAN_POINT ( 'NONE',  ( -11.51619526130976645, 5.202942843202500001, -1.641638585783042670 ) ) ;
#2037 = ORIENTED_EDGE ( 'NONE', *, *, #2186, .T. ) ;
#2038 = CARTESIAN_POINT ( 'NONE',  ( 10.68541767671276510, 9.536631584338215006, -10.70609656869634385 ) ) ;
#2039 = EDGE_CURVE ( 'NONE', #5857, #3539, #6305, .T. ) ;
#2040 = FACE_OUTER_BOUND ( 'NONE', #2159, .T. ) ;
#2041 = CARTESIAN_POINT ( 'NONE',  ( -18.66668702419577741, -9.502870680719194496, -16.17364970967089022 ) ) ;
#2042 = CARTESIAN_POINT ( 'NONE',  ( 17.13661001875017220, 6.936396715132943314, -16.45612676359920812 ) ) ;
#2043 = CARTESIAN_POINT ( 'NONE',  ( -2.085837088772090286, -9.769919278061339085, -4.362386354846109704 ) ) ;
#2044 = CARTESIAN_POINT ( 'NONE',  ( -13.42740324146177144, 6.999999999999991118, -15.99999999999998579 ) ) ;
#2045 = CARTESIAN_POINT ( 'NONE',  ( 3.427403241461762562, -7.000000000000000000, 0.000000000000000000 ) ) ;
#2046 = VERTEX_POINT ( 'NONE', #5862 ) ;
#2047 = LINE ( 'NONE', #4546, #7631 ) ;
#2048 = DIRECTION ( 'NONE',  ( 0.000000000000000000, -0.000000000000000000, -1.000000000000000000 ) ) ;
#2049 = EDGE_LOOP ( 'NONE', ( #7860, #6372, #3622, #4667, #70, #5339 ) ) ;
#2050 = CARTESIAN_POINT ( 'NONE',  ( -39.40685068736187446, 10.99999999999998934, -18.69897950004920517 ) ) ;
#2051 = CARTESIAN_POINT ( 'NONE',  ( 11.93092270288463830, 4.564657268953068225, 0.000000000000000000 ) ) ;
#2052 = FACE_OUTER_BOUND ( 'NONE', #7271, .T. ) ;
#2053 = SPHERICAL_SURFACE ( 'NONE', #6556, 1.000000000000000000 ) ;
#2054 = ADVANCED_FACE ( 'NONE', ( #242 ), #3862, .F. ) ;
#2055 = CARTESIAN_POINT ( 'NONE',  ( 0.5411550864831983221, -9.522444041934310377, -10.66376669386171727 ) ) ;
#2056 = CARTESIAN_POINT ( 'NONE',  ( 0.1649429373542384558, -4.573494545452240878, -14.30007103600315155 ) ) ;
#2057 = CARTESIAN_POINT ( 'NONE',  ( 17.85023317030353951, -10.99999999999985079, -14.72180624989511877 ) ) ;
#2058 = CARTESIAN_POINT ( 'NONE',  ( 11.56584083971270438, 5.271927907134980273, -1.635048478080842305 ) ) ;
#2059 = COORDINATED_UNIVERSAL_TIME_OFFSET ( 8, 0, .BEHIND. ) ;
#2060 = CARTESIAN_POINT ( 'NONE',  ( 21.70007324279572103, -8.967610376766016245, -15.85609808692830036 ) ) ;
#2061 = CARTESIAN_POINT ( 'NONE',  ( -9.605895482000200047, 6.208967420296246154, -15.99999999999998934 ) ) ;
#2062 = FACE_OUTER_BOUND ( 'NONE', #6061, .T. ) ;
#2063 = CARTESIAN_POINT ( 'NONE',  ( -10.03243828811347882, 6.239211094213905184, -4.336808689942017736E-16 ) ) ;
#2064 = CARTESIAN_POINT ( 'NONE',  ( 34.91627338241860201, -8.712473507679163731, -17.17542670378632863 ) ) ;
#2065 = CARTESIAN_POINT ( 'NONE',  ( 6.572596758538230333, 6.999999999999994671, -15.99999999999998934 ) ) ;
#2066 = CARTESIAN_POINT ( 'NONE',  ( 16.23614600803716002, -1.666666666666667185, -16.49999999999999289 ) ) ;
#2067 = CARTESIAN_POINT ( 'NONE',  ( 35.29498591731548629, 11.00000000000000178, -16.76248605958395999 ) ) ;
#2068 = ORIENTED_EDGE ( 'NONE', *, *, #894, .T. ) ;
#2069 = CARTESIAN_POINT ( 'NONE',  ( -12.89442024865718750, 9.738703461050793209, -1.072766680389560801 ) ) ;
#2070 = ORIENTED_EDGE ( 'NONE', *, *, #1504, .T. ) ;
#2071 = CARTESIAN_POINT ( 'NONE',  ( -39.99999999999998579, 10.99999999999998934, -21.94987437106618700 ) ) ;
#2072 = CARTESIAN_POINT ( 'NONE',  ( -7.139865195384941465, 8.432056188221290327, -14.41876729817792047 ) ) ;
#2073 = CARTESIAN_POINT ( 'NONE',  ( 19.00000000000000355, -5.000000000000000000, -19.00000000000000000 ) ) ;
#2074 = CARTESIAN_POINT ( 'NONE',  ( -12.57055243109632237, 7.255791592464744255, -1.447635286813311328 ) ) ;
#2075 = CARTESIAN_POINT ( 'NONE',  ( -8.123837795320108413, 7.463084600370359034, -1.301042606982605321E-15 ) ) ;
#2076 = ORIENTED_EDGE ( 'NONE', *, *, #279, .T. ) ;
#2077 = EDGE_CURVE ( 'NONE', #7381, #5935, #32, .T. ) ;
#2078 = CARTESIAN_POINT ( 'NONE',  ( 9.458844913516870179, 9.522444041934381431, -10.66376669386174925 ) ) ;
#2079 = ADVANCED_FACE ( 'NONE', ( #1059 ), #2825, .T. ) ;
#2080 = CARTESIAN_POINT ( 'NONE',  ( 16.65189414783253596, 6.974070826628994801, -16.02800759086547089 ) ) ;
#2081 = CARTESIAN_POINT ( 'NONE',  ( -17.68733379204900658, -9.304428241151779133, -16.18555899721208036 ) ) ;
#2082 = CARTESIAN_POINT ( 'NONE',  ( 10.00000000000000000, 11.00000000000000000, -8.000000000000000000 ) ) ;
#2083 = CARTESIAN_POINT ( 'NONE',  ( 1.058939119996700207, -10.99999999999999822, -4.509830970217942436 ) ) ;
#2084 = CARTESIAN_POINT ( 'NONE',  ( -3.157005411817098928, -6.216472788231318880, -0.000000000000000000 ) ) ;
#2085 = CARTESIAN_POINT ( 'NONE',  ( 3.153821392684113434, -6.207963348855542129, 0.000000000000000000 ) ) ;
#2086 = EDGE_LOOP ( 'NONE', ( #6364, #3194, #995, #4193, #7068, #2974, #5392, #6507 ) ) ;
#2087 = EDGE_CURVE ( 'NONE', #2896, #2276, #159, .T. ) ;
#2088 = DIRECTION ( 'NONE',  ( 0.000000000000000000, -1.000000000000000000, 0.000000000000000000 ) ) ;
#2089 = CARTESIAN_POINT ( 'NONE',  ( -14.87689437438233142, -7.000000000000000000, -11.99999999999994849 ) ) ;
#2090 = ORIENTED_EDGE ( 'NONE', *, *, #6547, .T. ) ;
#2091 = AXIS2_PLACEMENT_3D ( 'NONE', #3768, #3689, #3152 ) ;
#2092 = CARTESIAN_POINT ( 'NONE',  ( -39.68673124599418855, 10.99999999999998934, -19.56131320747118707 ) ) ;
#2093 = CARTESIAN_POINT ( 'NONE',  ( 17.50362602289168734, 7.829814446991576915, -15.92772482161631764 ) ) ;
#2094 = CARTESIAN_POINT ( 'NONE',  ( 2.110234533545036761, -6.003901338862132064, -1.565120271162032006 ) ) ;
#2095 = B_SPLINE_CURVE_WITH_KNOTS ( 'NONE', 3,
 ( #79, #3073, #2581, #5075 ),
 .UNSPECIFIED., .F., .F.,
 ( 4, 4 ),
 ( 0.000000000000000000, 0.001245002737284606241 ),
 .UNSPECIFIED. ) ;
#2096 = CARTESIAN_POINT ( 'NONE',  ( 1.876400686375379712, -11.00000000000015987, -11.83927667814685059 ) ) ;
#2097 = CARTESIAN_POINT ( 'NONE',  ( 2.756702973391560452, -5.497409854144361674, -15.99999999999998579 ) ) ;
#2098 = CARTESIAN_POINT ( 'NONE',  ( 15.89997902788519646, -8.576910812344225477, -15.91671773296977754 ) ) ;
#2099 = AXIS2_PLACEMENT_3D ( 'NONE', #7848, #5834, #5214 ) ;
#2100 = ADVANCED_FACE ( 'NONE', ( #7954 ), #7914, .F. ) ;
#2101 = CARTESIAN_POINT ( 'NONE',  ( 19.00000000000000000, -5.000000000000000000, -15.99999999999999289 ) ) ;
#2102 = APPROVAL_ROLE ( '' ) ;
#2103 = CARTESIAN_POINT ( 'NONE',  ( 13.53231758303410892, 10.99999999999999822, -3.999999999999996447 ) ) ;
#2104 = CARTESIAN_POINT ( 'NONE',  ( -3.003000000927313007, -10.19586937726449172, -1.584170530384509057 ) ) ;
#2105 = CARTESIAN_POINT ( 'NONE',  ( 8.327598723460537755, 9.689852445499736788, -4.747779529334317239 ) ) ;
#2106 = CARTESIAN_POINT ( 'NONE',  ( -11.04398220306025102, 4.859048391637105446, -1.673702694643086408 ) ) ;
#2107 = CARTESIAN_POINT ( 'NONE',  ( 9.571944019541746229, 3.883116238033024192, -15.99999999999998934 ) ) ;
#2108 = CARTESIAN_POINT ( 'NONE',  ( -39.99999999999998579, 7.999999999999991118, -33.49999999999999289 ) ) ;
#2109 = CARTESIAN_POINT ( 'NONE',  ( 36.11979695745321095, 11.00000000000000355, -18.12190392727294963 ) ) ;
#2110 = ORIENTED_EDGE ( 'NONE', *, *, #2135, .F. ) ;
#2111 = VERTEX_POINT ( 'NONE', #7834 ) ;
#2112 = CARTESIAN_POINT ( 'NONE',  ( -2.208586286379655775E-11, -9.500000000000000000, -10.59807621135331779 ) ) ;
#2113 = CARTESIAN_POINT ( 'NONE',  ( -6.999103128118909112, 10.55019147721793438, -13.85053317945949658 ) ) ;
#2114 = DIRECTION ( 'NONE',  ( 1.000000000000000000, 0.000000000000000000, 0.000000000000000000 ) ) ;
#2115 = CARTESIAN_POINT ( 'NONE',  ( -6.030255797084635994, 10.60505779017686834, -13.75294279646251638 ) ) ;
#2116 = CARTESIAN_POINT ( 'NONE',  ( 17.38588742487102223, 7.714751425954671227, -15.94726506842915548 ) ) ;
#2117 = AXIS2_PLACEMENT_3D ( 'NONE', #5166, #83, #3198 ) ;
#2118 = ORIENTED_EDGE ( 'NONE', *, *, #3387, .F. ) ;
#2119 = AXIS2_PLACEMENT_3D ( 'NONE', #6809, #1300, #4982 ) ;
#2120 = CARTESIAN_POINT ( 'NONE',  ( 7.776313460989459969, 10.99999999999999645, -10.47616805745051494 ) ) ;
#2121 = CARTESIAN_POINT ( 'NONE',  ( -15.82923078191101851, -8.664629605510905108, -15.84995574904927373 ) ) ;
#2122 = DIRECTION ( 'NONE',  ( -1.000000000000000000, 0.000000000000000000, 2.344220913482171656E-16 ) ) ;
#2123 = CARTESIAN_POINT ( 'NONE',  ( 0.7369241947434541640, -11.00000000000000000, -6.194065796943226232 ) ) ;
#2124 = VECTOR ( 'NONE', #2048, 1000.000000000000000 ) ;
#2125 = CARTESIAN_POINT ( 'NONE',  ( -13.81476117992347241, 8.765815405549565398, -15.59866979363710726 ) ) ;
#2126 = CARTESIAN_POINT ( 'NONE',  ( -0.2070282799645641880, -6.213206936352920984, 0.000000000000000000 ) ) ;
#2127 = ORIENTED_EDGE ( 'NONE', *, *, #3144, .T. ) ;
#2128 = CARTESIAN_POINT ( 'NONE',  ( -0.1673972581750785282, -4.572714414311437992, -1.699999999999999956 ) ) ;
#2129 = CARTESIAN_POINT ( 'NONE',  ( 7.341189047917160870, 7.603327063517976825, -14.56808993661233131 ) ) ;
#2130 = ORIENTED_EDGE ( 'NONE', *, *, #5678, .T. ) ;
#2131 = AXIS2_PLACEMENT_3D ( 'NONE', #3477, #7878, #4872 ) ;
#2132 = CARTESIAN_POINT ( 'NONE',  ( -39.06031727492155881, 10.99999999999998934, -17.86829016835693551 ) ) ;
#2133 = CARTESIAN_POINT ( 'NONE',  ( 8.424848734487298429, 4.311052452020815551, 0.000000000000000000 ) ) ;
#2134 = CARTESIAN_POINT ( 'NONE',  ( -10.28755895729055148, 9.500000000001053380, -5.401923788643628654 ) ) ;
#2135 = EDGE_CURVE ( 'NONE', #5162, #7093, #5792, .T. ) ;
#2136 = CIRCLE ( 'NONE', #1216, 5.196152422706639129 ) ;
#2137 = CARTESIAN_POINT ( 'NONE',  ( -36.99999999999998579, -11.00000000000000355, -45.99999999999997868 ) ) ;
#2138 = CARTESIAN_POINT ( 'NONE',  ( -2.985079620468872541, -9.641239114281974665, -13.49620542271009782 ) ) ;
#2139 = CARTESIAN_POINT ( 'NONE',  ( 13.99771198584997123, 10.02040680946123530, -1.364136904078165902 ) ) ;
#2140 = AXIS2_PLACEMENT_3D ( 'NONE', #3175, #5101, #224 ) ;
#2141 = CARTESIAN_POINT ( 'NONE',  ( -7.518986774245636440, 6.899762751222509927, -14.52031307643987645 ) ) ;
#2142 = CARTESIAN_POINT ( 'NONE',  ( 7.212881635637767630, 10.99999999999999645, -5.038689224203555916 ) ) ;
#2143 = EDGE_CURVE ( 'NONE', #3599, #7327, #6053, .T. ) ;
#2144 = DIRECTION ( 'NONE',  ( -0.9582143447964127647, -0.2860511657490341642, 0.000000000000000000 ) ) ;
#2145 = CARTESIAN_POINT ( 'NONE',  ( 12.99809490959155767, 9.545376620004951462, -13.63448666920286811 ) ) ;
#2146 = CARTESIAN_POINT ( 'NONE',  ( 11.55552546669446201, 5.261304968253920578, -14.36394709993393448 ) ) ;
#2147 = EDGE_CURVE ( 'NONE', #1375, #4715, #3639, .T. ) ;
#2148 = CARTESIAN_POINT ( 'NONE',  ( -20.49104812787194874, 10.99999999999999289, -12.01226049724336242 ) ) ;
#2149 = CARTESIAN_POINT ( 'NONE',  ( -36.93480292092662864, -8.056481363255409534, -20.92064339935098616 ) ) ;
#2150 = ORIENTED_EDGE ( 'NONE', *, *, #2039, .T. ) ;
#2151 = CARTESIAN_POINT ( 'NONE',  ( -17.22026804711773451, -9.127087495317647736, -16.19708658197515661 ) ) ;
#2152 = AXIS2_PLACEMENT_3D ( 'NONE', #6312, #7445, #1849 ) ;
#2153 = ORIENTED_EDGE ( 'NONE', *, *, #2223, .F. ) ;
#2154 = AXIS2_PLACEMENT_3D ( 'NONE', #8026, #5967, #2477 ) ;
#2155 = CARTESIAN_POINT ( 'NONE',  ( -6.035868011063578287, 10.60696001493792551, -13.73432111088906815 ) ) ;
#2156 = CARTESIAN_POINT ( 'NONE',  ( -7.909661226597232364, 9.770811562995847410, -11.64251435011904690 ) ) ;
#2157 = DIRECTION ( 'NONE',  ( -2.344220913482171656E-16, -0.000000000000000000, -1.000000000000000000 ) ) ;
#2158 = CARTESIAN_POINT ( 'NONE',  ( 12.07403395687811809, 4.688022449650564027, -15.99999999999998934 ) ) ;
#2159 = EDGE_LOOP ( 'NONE', ( #2341, #606, #347, #3586, #4510, #521, #6112 ) ) ;
#2160 = CARTESIAN_POINT ( 'NONE',  ( 12.97641430852064026, 10.05027918338166160, -14.59749725993361480 ) ) ;
#2161 = CARTESIAN_POINT ( 'NONE',  ( 7.511049066996180912, 6.931324937931697683, -1.476845523097871649 ) ) ;
#2162 = CARTESIAN_POINT ( 'NONE',  ( -6.572596758538232109, 6.999999999999992006, -15.99999999999998579 ) ) ;
#2163 = CARTESIAN_POINT ( 'NONE',  ( -2.223686539010425456, -11.00000000000000000, -5.523831942549483287 ) ) ;
#2164 = CARTESIAN_POINT ( 'NONE',  ( -40.00000000000000000, -8.000000000000003553, -21.94987437106618344 ) ) ;
#2165 = ORIENTED_EDGE ( 'NONE', *, *, #7019, .T. ) ;
#2166 = CARTESIAN_POINT ( 'NONE',  ( -2.183280716173733538, -6.165233141196790889, -1.549716764951736270 ) ) ;
#2167 = CARTESIAN_POINT ( 'NONE',  ( 7.057823075865211848, 10.73798747542274690, -13.45718023349413528 ) ) ;
#2168 = ORIENTED_EDGE ( 'NONE', *, *, #2691, .T. ) ;
#2169 = CARTESIAN_POINT ( 'NONE',  ( -34.91627338241946177, 8.712473507679231233, -17.17542670378703917 ) ) ;
#2170 = CARTESIAN_POINT ( 'NONE',  ( 20.57514201094726758, 7.086550331987973905, -16.43416298511041873 ) ) ;
#2171 = CARTESIAN_POINT ( 'NONE',  ( 2.365003363239017276, -9.825768878080966218, -4.033681134713749117 ) ) ;
#2172 = CARTESIAN_POINT ( 'NONE',  ( 1.320776280566283489, -9.625795683396848545, -10.99422972332476434 ) ) ;
#2173 = CARTESIAN_POINT ( 'NONE',  ( 1.930922704921271604, -4.564657266779981626, -15.99999999999998579 ) ) ;
#2174 = CARTESIAN_POINT ( 'NONE',  ( -2.892250820739944661, -9.840589547771818602, -13.05543027349779450 ) ) ;
#2175 = EDGE_CURVE ( 'NONE', #7539, #2111, #6077, .T. ) ;
#2176 = CARTESIAN_POINT ( 'NONE',  ( 13.48600155776143339, 7.261723560828603929, 1.414545021914680334E-16 ) ) ;
#2177 = CARTESIAN_POINT ( 'NONE',  ( -9.848216379445155155, 6.221929735015489626, -15.99999999999998579 ) ) ;
#2178 = CARTESIAN_POINT ( 'NONE',  ( 3.486001557761437830, -7.261723560828603929, -15.99999999999998934 ) ) ;
#2179 = CARTESIAN_POINT ( 'NONE',  ( -2.971500034693920433, -9.025123179581346022, -14.12378439950822617 ) ) ;
#2180 = CARTESIAN_POINT ( 'NONE',  ( -13.53231758303410359, 9.999999999999994671, -11.99999999999998934 ) ) ;
#2181 = CARTESIAN_POINT ( 'NONE',  ( -17.38644059788796881, 7.715001578637250113, -15.94724014781097310 ) ) ;
#2182 = CARTESIAN_POINT ( 'NONE',  ( 12.11023453354069623, 6.003901338853752101, -14.43487972883715464 ) ) ;
#2183 = EDGE_LOOP ( 'NONE', ( #6765, #1749, #1566, #2722, #2031, #4978, #6793, #1655 ) ) ;
#2184 = CARTESIAN_POINT ( 'NONE',  ( -19.33668963448821287, -9.493021130476860137, -16.17421643525403852 ) ) ;
#2185 = ORIENTED_EDGE ( 'NONE', *, *, #3023, .F. ) ;
#2186 = EDGE_CURVE ( 'NONE', #4823, #3828, #3172, .T. ) ;
#2187 = EDGE_CURVE ( 'NONE', #7683, #1375, #2758, .T. ) ;
#2188 =( BOUNDED_SURFACE ( )  B_SPLINE_SURFACE ( 3, 2, ( 
 ( #3776, #2593, #1368 ),
 ( #4431, #3205, #1322 ),
 ( #628, #7530, #1934 ),
 ( #1284, #6877, #6915 ),
 ( #6272, #130, #5086 ),
 ( #7570, #7613, #668 ),
 ( #4393, #3083, #5700 ),
 ( #5579, #53, #5659 ),
 ( #6196, #3819, #3120 ),
 ( #8057, #91, #1974 ),
 ( #1199, #4473, #4521 ),
 ( #6960, #3858, #1851 ),
 ( #1894, #3245, #2634 ),
 ( #3736, #4347, #5128 ),
 ( #8, #3698, #6839 ),
 ( #1246, #5616, #5009 ),
 ( #7124, #213, #873 ),
 ( #5172, #2177, #3290 ),
 ( #7085, #7654, #908 ),
 ( #7692, #6552, #949 ),
 ( #7770, #2061, #3408 ),
 ( #2833, #3985, #1559 ),
 ( #4678, #3938, #5251 ),
 ( #1488, #831, #3371 ),
 ( #7162, #2752, #3448 ),
 ( #4022, #4058, #6516 ),
 ( #2141, #5903, #3332 ),
 ( #5324, #5946, #292 ) ),
 .UNSPECIFIED., .F., .F., .F. ) 
 B_SPLINE_SURFACE_WITH_KNOTS ( ( 4, 2, 2, 2, 2, 2, 2, 2, 2, 2, 2, 2, 2, 4 ),
 ( 3, 3 ),
 ( -1.734723475976807094E-18, 0.001233084968442451843, 0.001849627452663678631, 0.002466169936884905420, 0.003082712421106132208, 0.003699254905327358997, 0.004315797389548585786, 0.004932339873769812574, 0.005548882357991039363, 0.006165424842212266152, 0.006781967326433492940, 0.007398509810654719729, 0.008631594779097173306, 0.009864679747539626883 ),
 ( 0.000000000000000000, 1.000000000000000000 ),
 .UNSPECIFIED. ) 
 GEOMETRIC_REPRESENTATION_ITEM ( )  RATIONAL_B_SPLINE_SURFACE ( (
 ( 1.000000000000000000, 0.5255305477261489333, 1.000000000000000000),
 ( 1.000000000000000000, 0.5102859702224674665, 1.000000000000000000),
 ( 1.000000000000000000, 0.4944266223866564669, 1.000000000000000000),
 ( 1.000000000000000000, 0.4710520452307084827, 1.000000000000000000),
 ( 1.000000000000000000, 0.4633267501370009200, 1.000000000000000000),
 ( 1.000000000000000000, 0.4482194685023321301, 1.000000000000000000),
 ( 1.000000000000000000, 0.4408574240146951873, 1.000000000000000000),
 ( 1.000000000000000000, 0.4272261853358709782, 1.000000000000000000),
 ( 1.000000000000000000, 0.4208878287988964129, 1.000000000000000000),
 ( 1.000000000000000000, 0.4094269824356373544, 1.000000000000000000),
 ( 1.000000000000000000, 0.4043894799234624693, 1.000000000000000000),
 ( 1.000000000000000000, 0.3961742883799024839, 1.000000000000000000),
 ( 1.000000000000000000, 0.3929416272240029984, 1.000000000000000000),
 ( 1.000000000000000000, 0.3884882252545168169, 1.000000000000000000),
 ( 1.000000000000000000, 0.3873441880567957685, 1.000000000000000000),
 ( 1.000000000000000000, 0.3872552011212244127, 1.000000000000000000),
 ( 1.000000000000000000, 0.3883245302272900212, 1.000000000000000000),
 ( 1.000000000000000000, 0.3926002201919796541, 1.000000000000000000),
 ( 1.000000000000000000, 0.3957598004696406546, 1.000000000000000000),
 ( 1.000000000000000000, 0.4039373350696621179, 1.000000000000000000),
 ( 1.000000000000000000, 0.4089683735604352499, 1.000000000000000000),
 ( 1.000000000000000000, 0.4202848983043594444, 1.000000000000000000),
 ( 1.000000000000000000, 0.4266387396319727410, 1.000000000000000000),
 ( 1.000000000000000000, 0.4472198464909661331, 1.000000000000000000),
 ( 1.000000000000000000, 0.4624460234366344347, 1.000000000000000000),
 ( 1.000000000000000000, 0.4940772260088847068, 1.000000000000000000),
 ( 1.000000000000000000, 0.5102833879191653876, 1.000000000000000000),
 ( 1.000000000000000000, 0.5255305477261488223, 1.000000000000000000) ) ) 
 REPRESENTATION_ITEM ( '' )  SURFACE ( )  );
#2189 = CARTESIAN_POINT ( 'NONE',  ( -23.12310562561767213, -11.00000000000000178, -11.99999999999998224 ) ) ;
#2190 = DIRECTION ( 'NONE',  ( 0.000000000000000000, 0.000000000000000000, -1.000000000000000000 ) ) ;
#2191 = DIRECTION ( 'NONE',  ( -0.8888540269160428720, 0.000000000000000000, 0.4581904831346180762 ) ) ;
#2192 = CARTESIAN_POINT ( 'NONE',  ( 14.87689437438233497, -8.057641145488908307, -15.85764114548889125 ) ) ;
#2193 = CARTESIAN_POINT ( 'NONE',  ( -6.037621655192869419, 9.645135065566767807, -0.9877098346952863928 ) ) ;
#2194 = B_SPLINE_CURVE_WITH_KNOTS ( 'NONE', 3,
 ( #2074, #5144, #6452, #6368, #7629, #2036, #3348, #5713, #5845, #6930, #4489, #187 ),
 .UNSPECIFIED., .F., .F.,
 ( 4, 2, 2, 2, 2, 4 ),
 ( 0.000000000000000000, 0.001004519528086655943, 0.002009039056173311886, 0.003013558584259967612, 0.003515818348303297643, 0.004018078112346628109 ),
 .UNSPECIFIED. ) ;
#2195 = CC_DESIGN_APPROVAL ( #3383, ( #625 ) ) ;
#2196 = VERTEX_POINT ( 'NONE', #4371 ) ;
#2197 = EDGE_CURVE ( 'NONE', #269, #6647, #3439, .T. ) ;
#2198 = CARTESIAN_POINT ( 'NONE',  ( 12.94927295530960265, 8.882891339006443232, -14.21300688428048709 ) ) ;
#2199 = CARTESIAN_POINT ( 'NONE',  ( 19.67713185630988448, -9.547311877280394654, -16.00399037141986369 ) ) ;
#2200 = CARTESIAN_POINT ( 'NONE',  ( -36.79839424581764717, -11.00000000000000178, -19.91269372303337448 ) ) ;
#2201 = CARTESIAN_POINT ( 'NONE',  ( -15.68347878413460883, -7.938166882422249770, -16.31724696662132246 ) ) ;
#2202 = CARTESIAN_POINT ( 'NONE',  ( -3.427403241461759453, -6.999999999999999112, 0.000000000000000000 ) ) ;
#2203 = CARTESIAN_POINT ( 'NONE',  ( 21.38755737782930666, -11.00000000000000000, -12.27316093067623726 ) ) ;
#2204 = CARTESIAN_POINT ( 'NONE',  ( -41.49999999999996447, 6.999999999999989342, -36.50000000000000000 ) ) ;
#2205 = ORIENTED_EDGE ( 'NONE', *, *, #1922, .T. ) ;
#2206 = CARTESIAN_POINT ( 'NONE',  ( -2.570552431096320145, -7.255791592464748696, -1.447635286813308664 ) ) ;
#2207 = CARTESIAN_POINT ( 'NONE',  ( 15.31966778085170056, -7.819978672769619443, -15.93387221854068336 ) ) ;
#2208 = ORIENTED_EDGE ( 'NONE', *, *, #3878, .T. ) ;
#2209 = CARTESIAN_POINT ( 'NONE',  ( -30.99999999999999289, 10.99999999999999289, -11.99999999999998224 ) ) ;
#2210 = CARTESIAN_POINT ( 'NONE',  ( 12.88003859400092033, 9.850240386492275846, -2.983416902878153198 ) ) ;
#2211 = CARTESIAN_POINT ( 'NONE',  ( 0.3603134415655636635, -11.00000000000000000, -9.746055794257838301 ) ) ;
#2212 = CARTESIAN_POINT ( 'NONE',  ( 1.534943986069101207, -6.912734961844404502, -15.99999999999998579 ) ) ;
#2213 = CARTESIAN_POINT ( 'NONE',  ( 12.57055243109632414, 7.255791592464746920, -1.447635286813311106 ) ) ;
#2214 = AXIS2_PLACEMENT_3D ( 'NONE', #7462, #4410, #8036 ) ;
#2215 = ORIENTED_EDGE ( 'NONE', *, *, #7521, .F. ) ;
#2216 = CARTESIAN_POINT ( 'NONE',  ( 22.69361545628251875, -7.810747978726297447, -15.92533131205953723 ) ) ;
#2217 = CARTESIAN_POINT ( 'NONE',  ( -2.719294289498850770, -9.901707816696132980, -3.405005027346270197 ) ) ;
#2218 = CARTESIAN_POINT ( 'NONE',  ( 3.859940882861509159, -9.000126653765459395, -15.47399148878962549 ) ) ;
#2219 = CARTESIAN_POINT ( 'NONE',  ( -4.004436153557481504, -10.18947883300320356, -14.42908780831084314 ) ) ;
#2220 = FACE_OUTER_BOUND ( 'NONE', #5419, .T. ) ;
#2221 = CIRCLE ( 'NONE', #6405, 10.00000000000000000 ) ;
#2222 = CARTESIAN_POINT ( 'NONE',  ( -17.04696389195211736, 7.576513987206616285, -15.96100417462737120 ) ) ;
#2223 = EDGE_CURVE ( 'NONE', #2427, #7008, #4817, .T. ) ;
#2224 = CARTESIAN_POINT ( 'NONE',  ( -0.1945844808076932497, -3.857680429957157209, -15.99999999999998934 ) ) ;
#2225 = ORIENTED_EDGE ( 'NONE', *, *, #2197, .T. ) ;
#2226 = DIRECTION ( 'NONE',  ( -0.000000000000000000, -1.000000000000000000, -0.000000000000000000 ) ) ;
#2227 = CARTESIAN_POINT ( 'NONE',  ( -7.050727044690400902, 8.882891339006276255, -14.21300688428044801 ) ) ;
#2228 = CARTESIAN_POINT ( 'NONE',  ( -8.556141999561649669, 9.648175650401018544, -11.08404675835805975 ) ) ;
#2229 = CARTESIAN_POINT ( 'NONE',  ( 37.00000000000001421, -6.999999999999997335, -11.99999999999999467 ) ) ;
#2230 = CARTESIAN_POINT ( 'NONE',  ( 20.95303610804779382, 7.576513987206562106, -15.96100417462734100 ) ) ;
#2231 = ADVANCED_FACE ( 'NONE', ( #110 ), #4873, .F. ) ;
#2232 = VERTEX_POINT ( 'NONE', #1998 ) ;
#2233 = ORIENTED_EDGE ( 'NONE', *, *, #2289, .F. ) ;
#2234 = B_SPLINE_CURVE_WITH_KNOTS ( 'NONE', 3,
 ( #6367, #5221, #5063, #7628, #2034, #143, #6929, #4575, #4488, #3912, #186, #6974, #5184, #1337, #7666, #2569 ),
 .UNSPECIFIED., .F., .F.,
 ( 4, 2, 2, 2, 2, 2, 2, 4 ),
 ( 0.004018078112375153034, 0.004521866284889878435, 0.005025654457404603835, 0.005529442629919329236, 0.006033230802434055504, 0.006537018974948780037, 0.007040807147463506305, 0.008048383492492957106 ),
 .UNSPECIFIED. ) ;
#2235 = CARTESIAN_POINT ( 'NONE',  ( 7.619691895097139067, 10.99999999999967137, -12.28273222407667653 ) ) ;
#2236 = CARTESIAN_POINT ( 'NONE',  ( -35.47550395712549687, -8.497938021112556584, -17.80943322780790083 ) ) ;
#2237 = CARTESIAN_POINT ( 'NONE',  ( 8.740549081036869339, 4.978923083889890577, -1.662608022950271991 ) ) ;
#2238 = DIRECTION ( 'NONE',  ( 0.6382847385042295096, -0.7698003589194977181, 0.000000000000000000 ) ) ;
#2239 = CARTESIAN_POINT ( 'NONE',  ( -8.590627838147472772, 4.214679052913653301, 0.000000000000000000 ) ) ;
#2240 = EDGE_CURVE ( 'NONE', #586, #4029, #4214, .T. ) ;
#2241 = CARTESIAN_POINT ( 'NONE',  ( 36.74529787853232676, 11.00000000000000355, -19.71098182209342653 ) ) ;
#2242 = AXIS2_PLACEMENT_3D ( 'NONE', #4108, #1537, #6603 ) ;
#2243 = ORIENTED_EDGE ( 'NONE', *, *, #6033, .T. ) ;
#2244 = CARTESIAN_POINT ( 'NONE',  ( 18.25446973598166522, 11.00000000000000000, -12.03392388305081440 ) ) ;
#2245 = VERTEX_POINT ( 'NONE', #5993 ) ;
#2246 = CARTESIAN_POINT ( 'NONE',  ( -32.51920024094105344, 10.24441789712288120, -14.66890596299509752 ) ) ;
#2247 = CARTESIAN_POINT ( 'NONE',  ( -22.94576598327107320, -8.121122192224524028, -15.85149786223731816 ) ) ;
#2248 = CIRCLE ( 'NONE', #285, 4.330127018922199866 ) ;
#2249 = CIRCLE ( 'NONE', #256, 20.00000000000000000 ) ;
#2250 = CARTESIAN_POINT ( 'NONE',  ( 12.94986895367640045, 8.886431052861858859, -1.789036528435685058 ) ) ;
#2251 = CARTESIAN_POINT ( 'NONE',  ( -33.28124627730971952, -11.00000000000000178, -12.81181444915317336 ) ) ;
#2252 = CARTESIAN_POINT ( 'NONE',  ( -0.6461273710540830217, -6.258986687121296022, -15.99999999999998757 ) ) ;
#2253 = CARTESIAN_POINT ( 'NONE',  ( 9.353872628946392709, 6.258986687121761427, 9.070790040663121382E-14 ) ) ;
#2254 = CARTESIAN_POINT ( 'NONE',  ( 7.163771508039931568, 9.564462513674595101, -0.9173999001064679915 ) ) ;
#2255 = VERTEX_POINT ( 'NONE', #2847 ) ;
#2256 = DIRECTION ( 'NONE',  ( -0.000000000000000000, -1.000000000000000000, -0.000000000000000000 ) ) ;
#2257 = CARTESIAN_POINT ( 'NONE',  ( -44.49999999999997158, -7.000000000000002665, -36.50000000000000000 ) ) ;
#2258 = CARTESIAN_POINT ( 'NONE',  ( 7.909661226597188843, 9.770811562995909583, -4.357485649880886491 ) ) ;
#2259 = CARTESIAN_POINT ( 'NONE',  ( -3.986074390629049002, -10.48253136300101573, -13.97230970457248489 ) ) ;
#2260 = CARTESIAN_POINT ( 'NONE',  ( -16.23614600803715291, -0.3333333333333323156, -16.49999999999998579 ) ) ;
#2261 = TOROIDAL_SURFACE ( 'NONE', #3437, 6.000000000000001776, 3.000000000000000888 ) ;
#2262 = DIRECTION ( 'NONE',  ( 0.000000000000000000, 0.000000000000000000, 1.000000000000000000 ) ) ;
#2263 = CARTESIAN_POINT ( 'NONE',  ( -33.69311251898245274, -9.359839552839066101, -15.99803170178847367 ) ) ;
#2264 = ORIENTED_EDGE ( 'NONE', *, *, #2843, .F. ) ;
#2265 = DIRECTION ( 'NONE',  ( -0.7416198487095689851, -1.734723475976803939E-15, -0.6708203932499339217 ) ) ;
#2266 = VECTOR ( 'NONE', #4895, 1000.000000000000000 ) ;
#2267 = CARTESIAN_POINT ( 'NONE',  ( -0.6988078989393138318, -9.538043129954708377, -5.289635045802469016 ) ) ;
#2268 = CARTESIAN_POINT ( 'NONE',  ( -8.675297340276099334, 9.627295107139557828, -11.00670936699448887 ) ) ;
#2269 = DIRECTION ( 'NONE',  ( -2.344220913482171656E-16, -0.000000000000000000, -1.000000000000000000 ) ) ;
#2270 = CARTESIAN_POINT ( 'NONE',  ( 19.00000000000000000, 3.000000000000000000, -16.49999999999999645 ) ) ;
#2271 = CARTESIAN_POINT ( 'NONE',  ( 8.069077297115363478, 4.564657268953054015, -15.99999999999998934 ) ) ;
#2272 = AXIS2_PLACEMENT_3D ( 'NONE', #629, #1852, #6840 ) ;
#2273 = CIRCLE ( 'NONE', #7231, 4.000000000000000000 ) ;
#2274 = ORIENTED_EDGE ( 'NONE', *, *, #3279, .T. ) ;
#2275 = CARTESIAN_POINT ( 'NONE',  ( 1.391976270776476454, -4.205172089711628480, 0.000000000000000000 ) ) ;
#2276 = VERTEX_POINT ( 'NONE', #1000 ) ;
#2277 = CARTESIAN_POINT ( 'NONE',  ( 12.11227605105359828, 7.937113107566580616, -15.91964712397169102 ) ) ;
#2278 = EDGE_CURVE ( 'NONE', #1985, #5188, #4209, .T. ) ;
#2279 = CIRCLE ( 'NONE', #5412, 4.000000000000003553 ) ;
#2280 = CARTESIAN_POINT ( 'NONE',  ( 32.84913779623403229, -10.99999999999973710, -13.87675763341282398 ) ) ;
#2281 = CARTESIAN_POINT ( 'NONE',  ( -37.02009084835663799, -11.00000000000000355, -21.54401390364304092 ) ) ;
#2282 = LINE ( 'NONE', #2892, #5884 ) ;
#2283 = CARTESIAN_POINT ( 'NONE',  ( -3.545722161824170549, -7.523377073318596508, -0.02587715238661394621 ) ) ;
#2284 = CARTESIAN_POINT ( 'NONE',  ( -2.649238187275588352, -9.886196562445499936, -3.544786249782004184 ) ) ;
#2285 = ORIENTED_EDGE ( 'NONE', *, *, #6577, .F. ) ;
#2286 = EDGE_CURVE ( 'NONE', #7909, #1816, #612, .T. ) ;
#2287 = CARTESIAN_POINT ( 'NONE',  ( -6.850646991179391243, 10.99999999999999112, -4.636282374870743794 ) ) ;
#2288 = VERTEX_POINT ( 'NONE', #2192 ) ;
#2289 = EDGE_CURVE ( 'NONE', #269, #1514, #267, .T. ) ;
#2290 = CARTESIAN_POINT ( 'NONE',  ( -8.373671919724214874, 5.335627778613544869, -1.629020207683671506 ) ) ;
#2291 = CARTESIAN_POINT ( 'NONE',  ( -10.00000000000000000, 11.00000000000000000, -8.000000000000000000 ) ) ;
#2292 = CARTESIAN_POINT ( 'NONE',  ( 12.99184510112310242, 9.597328193059620816, -2.438155860148859322 ) ) ;
#2293 = CARTESIAN_POINT ( 'NONE',  ( -40.00000000000000711, -11.00000000000000533, -21.34212719840575900 ) ) ;
#2294 = CARTESIAN_POINT ( 'NONE',  ( -1.876162204679906242, -7.463084600370359922, -15.99999999999998579 ) ) ;
#2295 = CARTESIAN_POINT ( 'NONE',  ( 9.241834723478161706, 4.717347537006661540, -1.686781796767222286 ) ) ;
#2296 = CARTESIAN_POINT ( 'NONE',  ( 5.995563846442427902, 10.18947883300327995, -1.570912191689267878 ) ) ;
#2297 = ORIENTED_EDGE ( 'NONE', *, *, #1350, .F. ) ;
#2298 = EDGE_CURVE ( 'NONE', #3672, #5968, #2380, .T. ) ;
#2299 = CARTESIAN_POINT ( 'NONE',  ( 2.648510806316584532, -10.96971019676145964, -12.68714364819913598 ) ) ;
#2300 = CARTESIAN_POINT ( 'NONE',  ( -12.89434946998298059, 8.590512462804484883, -14.35834193155494276 ) ) ;
#2301 = CARTESIAN_POINT ( 'NONE',  ( -3.964131988936419937, -10.60696001493791663, -13.73432111088909480 ) ) ;
#2302 = CARTESIAN_POINT ( 'NONE',  ( 19.00000000000000000, -1.000000000000000000, -14.00000000000000000 ) ) ;
#2303 = DIRECTION ( 'NONE',  ( 1.000000000000000000, 0.000000000000000000, 0.000000000000000000 ) ) ;
#2304 = CARTESIAN_POINT ( 'NONE',  ( 22.43592135468136917, -7.768376193217631176, -16.35170952655092691 ) ) ;
#2305 = ORIENTED_EDGE ( 'NONE', *, *, #5099, .F. ) ;
#2306 = CARTESIAN_POINT ( 'NONE',  ( 19.00000000000000000, -0.3333333333333330373, -14.00000000000000000 ) ) ;
#2307 = CARTESIAN_POINT ( 'NONE',  ( 40.50000000000002132, 11.00000000000000355, -20.00000000000000000 ) ) ;
#2308 = CARTESIAN_POINT ( 'NONE',  ( -9.053495690071729385, 9.568536181629237802, -10.80620272994945452 ) ) ;
#2309 = CARTESIAN_POINT ( 'NONE',  ( -7.007434852903364764, 9.206729499157493279, -13.98734436356494548 ) ) ;
#2310 = CARTESIAN_POINT ( 'NONE',  ( 9.712441042709452077, 9.500000000001055156, -5.401923788643626878 ) ) ;
#2311 = CARTESIAN_POINT ( 'NONE',  ( 7.486438196230263742, 5.159211857304227600, -15.99999999999998934 ) ) ;
#2312 = CARTESIAN_POINT ( 'NONE',  ( -20.49071364767503667, 10.99999999999999645, -12.01227125351041636 ) ) ;
#2313 = VERTEX_POINT ( 'NONE', #344 ) ;
#2314 = CARTESIAN_POINT ( 'NONE',  ( 10.54115508648312804, 9.522444041934381431, -5.336233306138250754 ) ) ;
#2315 = ORIENTED_EDGE ( 'NONE', *, *, #145, .F. ) ;
#2316 = CARTESIAN_POINT ( 'NONE',  ( 21.23606797749979336, 7.578940846527625119, -15.95788169305524207 ) ) ;
#2317 = CARTESIAN_POINT ( 'NONE',  ( 6.636936963348510687, 10.99999999999999645, -11.67165930221068493 ) ) ;
#2318 = CARTESIAN_POINT ( 'NONE',  ( 32.43230865688575904, -11.00000000000000000, -12.49052634267632911 ) ) ;
#2319 = CARTESIAN_POINT ( 'NONE',  ( -38.09289691151684565, -11.00000000000000355, -16.33877177375646284 ) ) ;
#2320 = LINE ( 'NONE', #4820, #6653 ) ;
#2321 = CARTESIAN_POINT ( 'NONE',  ( -11.57515126551270512, 4.311052452020813774, 0.000000000000000000 ) ) ;
#2322 = EDGE_CURVE ( 'NONE', #1255, #586, #3430, .T. ) ;
#2323 = VERTEX_POINT ( 'NONE', #5375 ) ;
#2324 = CARTESIAN_POINT ( 'NONE',  ( 15.57803910261883829, -7.790280134013318758, -16.34617739767248779 ) ) ;
#2325 = EDGE_LOOP ( 'NONE', ( #7363, #1220, #6747 ) ) ;
#2326 = CARTESIAN_POINT ( 'NONE',  ( -9.181151361302285707, 4.742611246136044123, -1.684461248977233483 ) ) ;
#2327 = CARTESIAN_POINT ( 'NONE',  ( -3.814597356037742859, -8.764975819975886040, -15.59910014303256176 ) ) ;
#2328 = CARTESIAN_POINT ( 'NONE',  ( 1.792400875389404957, -9.711816058597287693, -11.34147104560413233 ) ) ;
#2329 = EDGE_CURVE ( 'NONE', #7354, #5876, #946, .T. ) ;
#2330 = CARTESIAN_POINT ( 'NONE',  ( 2.535835049495916316, -10.99999999999999822, -12.51367131120640330 ) ) ;
#2331 = CARTESIAN_POINT ( 'NONE',  ( -3.308042153061921731, -6.600164144953140521, -15.99999999999998579 ) ) ;
#2332 = CARTESIAN_POINT ( 'NONE',  ( 7.483321084464827244, 5.135406526882481337, 0.000000000000000000 ) ) ;
#2333 = CARTESIAN_POINT ( 'NONE',  ( 7.215162477251508832, 8.107392048699450626, -1.491442162052136311 ) ) ;
#2334 = ORIENTED_EDGE ( 'NONE', *, *, #1237, .F. ) ;
#2335 = DIRECTION ( 'NONE',  ( 0.000000000000000000, -1.000000000000000000, 0.000000000000000000 ) ) ;
#2336 = CARTESIAN_POINT ( 'NONE',  ( -12.53583504949591543, 10.99999999999999112, -12.51367131120641218 ) ) ;
#2337 = CARTESIAN_POINT ( 'NONE',  ( -2.719488541896081468, -9.901750826710349784, -12.59538255975309617 ) ) ;
#2338 = EDGE_CURVE ( 'NONE', #2276, #3787, #2469, .T. ) ;
#2339 = CARTESIAN_POINT ( 'NONE',  ( 12.94231757761336254, 8.808821513348027210, -1.726598745033027349 ) ) ;
#2340 = CARTESIAN_POINT ( 'NONE',  ( 21.76385399196283643, 6.333333333333331261, -16.49999999999999645 ) ) ;
#2341 = ORIENTED_EDGE ( 'NONE', *, *, #2329, .T. ) ;
#2342 = CARTESIAN_POINT ( 'NONE',  ( 20.48219509631863744, -9.516437508553355684, -15.87013466854272892 ) ) ;
#2343 = CARTESIAN_POINT ( 'NONE',  ( -2.521704197539448522, -9.857959017768560983, -3.799251691987389101 ) ) ;
#2344 = CARTESIAN_POINT ( 'NONE',  ( -10.37400965322112611, 10.99999999999998934, -11.45037386898654397 ) ) ;
#2345 = CARTESIAN_POINT ( 'NONE',  ( 2.781116118461261166, -10.99999999999999822, -10.95517715327265229 ) ) ;
#2346 = CARTESIAN_POINT ( 'NONE',  ( 7.120795616666420358, 8.509467909976059730, -14.40503223699797530 ) ) ;
#2347 = CARTESIAN_POINT ( 'NONE',  ( 40.00000000000001421, -10.99999999999999645, -21.94987437106619410 ) ) ;
#2348 = CARTESIAN_POINT ( 'NONE',  ( 15.09914154033291567, -11.00000000000029132, -15.45557587903763164 ) ) ;
#2349 = ORIENTED_EDGE ( 'NONE', *, *, #2186, .F. ) ;
#2350 = CARTESIAN_POINT ( 'NONE',  ( 11.32077628056602236, 9.625795683396408009, -5.005770276675597152 ) ) ;
#2351 = ORIENTED_EDGE ( 'NONE', *, *, #7532, .F. ) ;
#2352 = AXIS2_PLACEMENT_3D ( 'NONE', #2672, #1241, #622 ) ;
#2353 = CARTESIAN_POINT ( 'NONE',  ( -19.00000000000000000, 3.000000000000000000, -14.00000000000000000 ) ) ;
#2354 = CARTESIAN_POINT ( 'NONE',  ( 2.989555792644821519, -9.590442250527967616, -2.436525471299179735 ) ) ;
#2355 = CARTESIAN_POINT ( 'NONE',  ( 31.57450123727375413, -11.00000000000000000, -12.19150989834582788 ) ) ;
#2356 = CARTESIAN_POINT ( 'NONE',  ( 12.51667891553499778, 5.135406526882477785, -15.99999999999998934 ) ) ;
#2357 = CARTESIAN_POINT ( 'NONE',  ( -34.39375452036368586, -11.00000000000000355, -15.58436172863654789 ) ) ;
#2358 = CARTESIAN_POINT ( 'NONE',  ( 20.87740374124254572, 7.716892315514441769, -15.93770278261053264 ) ) ;
#2359 = CYLINDRICAL_SURFACE ( 'NONE', #6181, 4.000000000000003553 ) ;
#2360 = CARTESIAN_POINT ( 'NONE',  ( -3.363063036651790849, -11.00000000000000000, -4.328340697789375469 ) ) ;
#2361 = VERTEX_POINT ( 'NONE', #4692 ) ;
#2362 = CARTESIAN_POINT ( 'NONE',  ( 14.87689437438233853, -6.999999999999997335, -11.99999999999999112 ) ) ;
#2363 = CARTESIAN_POINT ( 'NONE',  ( 15.56407864531763252, -7.768376193217774173, -16.35170952654930332 ) ) ;
#2364 = ORIENTED_EDGE ( 'NONE', *, *, #1452, .T. ) ;
#2365 = CARTESIAN_POINT ( 'NONE',  ( -12.86498806607080603, 5.673101687583609554, -15.99999999999998224 ) ) ;
#2366 = DIRECTION ( 'NONE',  ( -0.4619936418340695461, -0.8868832363422446408, 0.000000000000000000 ) ) ;
#2367 = CARTESIAN_POINT ( 'NONE',  ( 13.98912679787252600, 10.49256022210483863, -2.031291710659715033 ) ) ;
#2368 = AXIS2_PLACEMENT_3D ( 'NONE', #3311, #2694, #7866 ) ;
#2369 = CARTESIAN_POINT ( 'NONE',  ( 2.380308104903086974, -10.99999999999967315, -12.28273222407674581 ) ) ;
#2370 = CARTESIAN_POINT ( 'NONE',  ( -2.074033954372484612, -4.688022451445752914, -15.99999999999998579 ) ) ;
#2371 = CARTESIAN_POINT ( 'NONE',  ( 9.677733510418711660, 6.207352007895820201, 4.336808689942017736E-16 ) ) ;
#2372 = CARTESIAN_POINT ( 'NONE',  ( 7.350761812724417865, 9.886196562445496383, -3.544786249782000187 ) ) ;
#2373 = ORIENTED_EDGE ( 'NONE', *, *, #2278, .T. ) ;
#2374 = AXIS2_PLACEMENT_3D ( 'NONE', #5669, #5141, #64 ) ;
#2375 = EDGE_CURVE ( 'NONE', #4412, #3052, #7175, .T. ) ;
#2376 = FACE_OUTER_BOUND ( 'NONE', #7786, .T. ) ;
#2377 = CARTESIAN_POINT ( 'NONE',  ( -13.99803706234634149, 10.02470071468414048, -14.63123748018916537 ) ) ;
#2378 = CARTESIAN_POINT ( 'NONE',  ( 15.68337520964459664, -1.000000000000000444, -16.99999999999999289 ) ) ;
#2379 = CARTESIAN_POINT ( 'NONE',  ( -16.01933921270086714, 7.222853310781159664, -15.99999999999998579 ) ) ;
#2380 = CIRCLE ( 'NONE', #6948, 4.000000000000000000 ) ;
#2381 = CARTESIAN_POINT ( 'NONE',  ( 20.86338998124982780, 6.936396715132942425, -16.45612676359921167 ) ) ;
#2382 = ORIENTED_EDGE ( 'NONE', *, *, #577, .F. ) ;
#2383 = CARTESIAN_POINT ( 'NONE',  ( -9.086109764516592691, 10.99999999999999467, -9.848618643723225929 ) ) ;
#2384 = ADVANCED_FACE ( 'NONE', ( #6985 ), #2261, .F. ) ;
#2385 = AXIS2_PLACEMENT_3D ( 'NONE', #5540, #4933, #2389 ) ;
#2386 = DIRECTION ( 'NONE',  ( 0.000000000000000000, 0.000000000000000000, -1.000000000000000000 ) ) ;
#2387 = CARTESIAN_POINT ( 'NONE',  ( -10.54115508648332877, 9.522444041934686965, -10.66376669386195175 ) ) ;
#2388 = CARTESIAN_POINT ( 'NONE',  ( -8.123837795320108413, 7.463084600370359922, 2.168404344971008868E-16 ) ) ;
#2389 = DIRECTION ( 'NONE',  ( -1.000000000000000000, -1.559302000878028960E-16, 0.000000000000000000 ) ) ;
#2390 = CARTESIAN_POINT ( 'NONE',  ( -19.93603593335684110, 7.938406511396923548, -15.91836934586246599 ) ) ;
#2391 = CARTESIAN_POINT ( 'NONE',  ( -3.427403241461770556, -7.000000000000000000, -14.99999999999998579 ) ) ;
#2392 = LINE ( 'NONE', #7414, #1614 ) ;
#2393 = EDGE_LOOP ( 'NONE', ( #4967, #5350, #900, #1034 ) ) ;
#2394 = CARTESIAN_POINT ( 'NONE',  ( 9.617323030970851505, 10.99999999999984190, -4.550057766705450035 ) ) ;
#2395 = AXIS2_PLACEMENT_3D ( 'NONE', #3499, #4774, #2848 ) ;
#2396 = ORIENTED_EDGE ( 'NONE', *, *, #7768, .T. ) ;
#2397 = FACE_OUTER_BOUND ( 'NONE', #1357, .T. ) ;
#2398 = CARTESIAN_POINT ( 'NONE',  ( 3.427403241461760341, -7.000000000000000000, 3.469446951953614189E-15 ) ) ;
#2399 = CARTESIAN_POINT ( 'NONE',  ( 33.61291409301112765, -9.411331964236847369, -15.92462008422436348 ) ) ;
#2400 = CARTESIAN_POINT ( 'NONE',  ( -31.95487243657030163, -10.66291069263145452, -13.81119830588256647 ) ) ;
#2401 = EDGE_CURVE ( 'NONE', #1605, #3631, #4878, .T. ) ;
#2402 = DIRECTION ( 'NONE',  ( 0.000000000000000000, 0.000000000000000000, 1.000000000000000000 ) ) ;
#2403 = CARTESIAN_POINT ( 'NONE',  ( 40.50000000000002132, -6.999999999999995559, -33.49999999999999289 ) ) ;
#2404 = AXIS2_PLACEMENT_3D ( 'NONE', #7169, #7853, #1567 ) ;
#2405 = DIRECTION ( 'NONE',  ( -0.6382847385043058930, -0.7698003589194343244, 0.000000000000000000 ) ) ;
#2406 = AXIS2_PLACEMENT_3D ( 'NONE', #6762, #1163, #354 ) ;
#2407 = ORIENTED_EDGE ( 'NONE', *, *, #7288, .T. ) ;
#2408 = AXIS2_PLACEMENT_3D ( 'NONE', #1317, #3854, #3813 ) ;
#2409 = CARTESIAN_POINT ( 'NONE',  ( 13.15441325603383405, 10.99999999999999645, -11.37042031375944795 ) ) ;
#2410 = CARTESIAN_POINT ( 'NONE',  ( 17.77786141056899538, -9.576713571461910490, -15.87178362555403943 ) ) ;
#2411 = VERTEX_POINT ( 'NONE', #4809 ) ;
#2412 = B_SPLINE_CURVE_WITH_KNOTS ( 'NONE', 3,
 ( #1432, #6420, #7069, #976, #1584, #4085, #2244, #6578, #3473, #5969 ),
 .UNSPECIFIED., .F., .F.,
 ( 4, 2, 2, 2, 4 ),
 ( 0.000000000000000000, 0.001118295884489873757, 0.002236591768979747513, 0.003354887653469621270, 0.004473183537959495026 ),
 .UNSPECIFIED. ) ;
#2413 = CARTESIAN_POINT ( 'NONE',  ( -22.78514014459261361, -8.220566204765846763, -15.84837600125085011 ) ) ;
#2414 = CARTESIAN_POINT ( 'NONE',  ( 6.102851451398229266, 10.80487166735022342, -13.26169268980928884 ) ) ;
#2415 = CARTESIAN_POINT ( 'NONE',  ( 19.00000000000000000, -1.666666666666666963, -14.00000000000000000 ) ) ;
#2416 = CARTESIAN_POINT ( 'NONE',  ( -14.62088111344032626, -7.726265732660181129, -15.94849362709435603 ) ) ;
#2417 = CARTESIAN_POINT ( 'NONE',  ( 7.429447568903677634, 7.255791592464746032, -1.447635286813311106 ) ) ;
#2418 = CARTESIAN_POINT ( 'NONE',  ( 9.389794091553106625, 4.663208515303923996, -1.691739275676482857 ) ) ;
#2419 = CARTESIAN_POINT ( 'NONE',  ( 7.280705710501233163, 9.901707816696832865, -12.59499497265374224 ) ) ;
#2420 = ORIENTED_EDGE ( 'NONE', *, *, #6096, .T. ) ;
#2421 = CARTESIAN_POINT ( 'NONE',  ( -14.87689437438233142, -11.00000000000000178, -11.99999999999998401 ) ) ;
#2422 = CARTESIAN_POINT ( 'NONE',  ( -12.77971600142571162, 9.897800357333007781, -12.73499090711832871 ) ) ;
#2423 = CARTESIAN_POINT ( 'NONE',  ( 12.10759971835478410, 6.018123046752234195, -1.563830952274611219 ) ) ;
#2424 = CARTESIAN_POINT ( 'NONE',  ( 13.53231758303410892, 10.99999999999999822, -3.999999999999996447 ) ) ;
#2425 = CARTESIAN_POINT ( 'NONE',  ( 2.963232628571484970E-16, -4.572714414311421116, -14.29999999999999005 ) ) ;
#2426 = CC_DESIGN_PERSON_AND_ORGANIZATION_ASSIGNMENT ( #7041, #1930, ( #4682 ) ) ;
#2427 = VERTEX_POINT ( 'NONE', #6642 ) ;
#2428 = EDGE_CURVE ( 'NONE', #4206, #1760, #1297, .T. ) ;
#2429 = CARTESIAN_POINT ( 'NONE',  ( 22.90385612412956817, -8.145148002587966118, -15.85046649450885425 ) ) ;
#2430 = ADVANCED_FACE ( 'NONE', ( #460 ), #6116, .T. ) ;
#2431 = DIRECTION ( 'NONE',  ( -1.000000000000000000, -1.734723475976807341E-16, 0.000000000000000000 ) ) ;
#2432 = CARTESIAN_POINT ( 'NONE',  ( -12.36201475676321770, 9.825151973511777825, -11.96188580985527139 ) ) ;
#2433 = CARTESIAN_POINT ( 'NONE',  ( -8.551807971990079693, 5.158172566434043205, -1.645772547544680497 ) ) ;
#2434 = CARTESIAN_POINT ( 'NONE',  ( 40.50000000000002132, -7.999999999999996447, -33.49999999999999289 ) ) ;
#2435 = CARTESIAN_POINT ( 'NONE',  ( -17.72617738460256831, 7.197335910013570981, -16.42142390037237476 ) ) ;
#2436 = CYLINDRICAL_SURFACE ( 'NONE', #1818, 4.000000000000000000 ) ;
#2437 = CARTESIAN_POINT ( 'NONE',  ( 39.76131363634177518, 11.00000000000000355, -19.85607121612553527 ) ) ;
#2438 = EDGE_CURVE ( 'NONE', #505, #7417, #6851, .T. ) ;
#2439 = EDGE_LOOP ( 'NONE', ( #1471, #3129, #925, #5614 ) ) ;
#2440 = CARTESIAN_POINT ( 'NONE',  ( 8.924105388498634994, 9.587420213624401555, -5.132409493660781585 ) ) ;
#2441 = VERTEX_POINT ( 'NONE', #7933 ) ;
#2442 = CARTESIAN_POINT ( 'NONE',  ( 2.433267550625617837, -8.600207821610073466, -0.3100408773092317438 ) ) ;
#2443 = CARTESIAN_POINT ( 'NONE',  ( 38.09300501342606537, -10.99999999999999645, -16.33891400690627194 ) ) ;
#2444 = CARTESIAN_POINT ( 'NONE',  ( 40.50000000000002132, -7.999999999999996447, -36.50000000000000000 ) ) ;
#2445 = CARTESIAN_POINT ( 'NONE',  ( -32.18348246060914875, -11.00000000000000178, -13.19001088971013402 ) ) ;
#2446 = SPHERICAL_SURFACE ( 'NONE', #2214, 4.999999999999999112 ) ;
#2447 = CARTESIAN_POINT ( 'NONE',  ( -7.111450008135033585, 10.81289571458547805, -2.744182452428153063 ) ) ;
#2448 = EDGE_CURVE ( 'NONE', #203, #3483, #824, .T. ) ;
#2449 = ORIENTED_EDGE ( 'NONE', *, *, #2492, .F. ) ;
#2450 = CARTESIAN_POINT ( 'NONE',  ( 18.65621575518740727, -9.574985670444920771, -16.00400693903451455 ) ) ;
#2451 = ORIENTED_EDGE ( 'NONE', *, *, #332, .F. ) ;
#2452 = CARTESIAN_POINT ( 'NONE',  ( -22.42479386879101710, -7.785926714871895804, -16.34721695871690628 ) ) ;
#2453 =( BOUNDED_SURFACE ( )  B_SPLINE_SURFACE ( 3, 2, ( 
 ( #7728, #2748, #6390 ),
 ( #5943, #6513, #905 ),
 ( #3404, #2212, #2829 ),
 ( #868, #7688, #1402 ),
 ( #7650, #7765, #2097 ),
 ( #5899, #4596, #287 ),
 ( #825, #326, #5287 ),
 ( #7078, #3368, #2673 ),
 ( #5319, #2792, #2173 ),
 ( #3328, #7802, #4675 ),
 ( #7159, #1481, #1555 ),
 ( #4055, #1439, #6548 ),
 ( #5865, #944, #3443 ),
 ( #6997, #208, #2710 ),
 ( #2056, #785, #3283 ),
 ( #246, #3934, #5777 ),
 ( #166, #6428, #5168 ),
 ( #4558, #7038, #5826 ),
 ( #5205, #2947, #4255 ),
 ( #1672, #7881, #484 ),
 ( #445, #1145, #7838 ),
 ( #5359, #5436, #1632 ),
 ( #984, #2252, #2370 ),
 ( #1757, #4212, #1713 ),
 ( #7277, #6101, #4876 ),
 ( #7917, #1019, #7317 ),
 ( #4755, #6057, #2331 ),
 ( #4793, #2294, #4832 ) ),
 .UNSPECIFIED., .F., .F., .T. ) 
 B_SPLINE_SURFACE_WITH_KNOTS ( ( 4, 2, 2, 2, 2, 2, 2, 2, 2, 2, 2, 2, 2, 4 ),
 ( 3, 3 ),
 ( 0.000000000000000000, 0.001233084968442454445, 0.001849627452663681667, 0.002466169936884908889, 0.003082712421106136112, 0.003699254905327363334, 0.004315797389548590990, 0.004932339873769817779, 0.005548882357991044567, 0.006165424842212272223, 0.006781967326433499879, 0.007398509810654726668, 0.008631594779097181980, 0.009864679747539635557 ),
 ( 0.000000000000000000, 1.000000000000000000 ),
 .UNSPECIFIED. ) 
 GEOMETRIC_REPRESENTATION_ITEM ( )  RATIONAL_B_SPLINE_SURFACE ( (
 ( 1.000000000000000000, 0.5255305477261486002, 1.000000000000000000),
 ( 1.000000000000000000, 0.5102859702224415983, 1.000000000000000000),
 ( 1.000000000000000000, 0.4944266223866905507, 1.000000000000000000),
 ( 1.000000000000000000, 0.4710520452306911077, 1.000000000000000000),
 ( 1.000000000000000000, 0.4633267501369779939, 1.000000000000000000),
 ( 1.000000000000000000, 0.4482194685023555003, 1.000000000000000000),
 ( 1.000000000000000000, 0.4408574240147587475, 1.000000000000000000),
 ( 1.000000000000000000, 0.4272261853358077510, 1.000000000000000000),
 ( 1.000000000000000000, 0.4208878287988101485, 1.000000000000000000),
 ( 1.000000000000000000, 0.4094269824357252840, 1.000000000000000000),
 ( 1.000000000000000000, 0.4043894799234624693, 1.000000000000000000),
 ( 1.000000000000000000, 0.3961742883799024839, 1.000000000000000000),
 ( 1.000000000000000000, 0.3929416272240029984, 1.000000000000000000),
 ( 1.000000000000000000, 0.3884882252545168169, 1.000000000000000000),
 ( 1.000000000000000000, 0.3873441880568357920, 1.000000000000000000),
 ( 1.000000000000000000, 0.3872552011211839451, 1.000000000000000000),
 ( 1.000000000000000000, 0.3883245302273132249, 1.000000000000000000),
 ( 1.000000000000000000, 0.3926002201919564505, 1.000000000000000000),
 ( 1.000000000000000000, 0.3957598004697039373, 1.000000000000000000),
 ( 1.000000000000000000, 0.4039373350695979470, 1.000000000000000000),
 ( 1.000000000000000000, 0.4089683735604932591, 1.000000000000000000),
 ( 1.000000000000000000, 0.4202848983043018793, 1.000000000000000000),
 ( 1.000000000000000000, 0.4266387396319311631, 1.000000000000000000),
 ( 1.000000000000000000, 0.4472198464910468463, 1.000000000000000000),
 ( 1.000000000000000000, 0.4624460234365994626, 1.000000000000000000),
 ( 1.000000000000000000, 0.4940772260089192902, 1.000000000000000000),
 ( 1.000000000000000000, 0.5102833879191374100, 1.000000000000000000),
 ( 1.000000000000000000, 0.5255305477261489333, 1.000000000000000000) ) ) 
 REPRESENTATION_ITEM ( '' )  SURFACE ( )  );
#2454 = CARTESIAN_POINT ( 'NONE',  ( -13.65875618180493767, 8.027738148435403787, -0.1256317718040642906 ) ) ;
#2455 = DIRECTION ( 'NONE',  ( 0.3849001794597497472, 0.9229582069908975894, -0.000000000000000000 ) ) ;
#2456 = CARTESIAN_POINT ( 'NONE',  ( 19.00000000000000000, -1.000000000000000000, -14.00000000000000000 ) ) ;
#2457 = CARTESIAN_POINT ( 'NONE',  ( -18.80558073614484016, -11.00000000000000178, -12.94390991077554176 ) ) ;
#2458 = CARTESIAN_POINT ( 'NONE',  ( -11.26200574680322219, 10.99999999999999289, -6.040246446389891943 ) ) ;
#2459 = CARTESIAN_POINT ( 'NONE',  ( -40.49999999999996447, -11.00000000000000355, -36.50000000000000000 ) ) ;
#2460 = ORIENTED_EDGE ( 'NONE', *, *, #888, .F. ) ;
#2461 = CARTESIAN_POINT ( 'NONE',  ( 15.08400242967815785, -7.476479354282903778, -15.99391709347237978 ) ) ;
#2462 = CARTESIAN_POINT ( 'NONE',  ( -6.158917735589472642, 10.88392852247211984, -12.99001226951513566 ) ) ;
#2463 = CARTESIAN_POINT ( 'NONE',  ( 32.34165780043446148, -10.38247207230180535, -14.41443019468500708 ) ) ;
#2464 = DIRECTION ( 'NONE',  ( 0.000000000000000000, 0.000000000000000000, 1.000000000000000000 ) ) ;
#2465 = CARTESIAN_POINT ( 'NONE',  ( 7.624288690315903949, 10.99999999999999822, -5.409026468812895949 ) ) ;
#2466 = CARTESIAN_POINT ( 'NONE',  ( -9.663929087448559940, 4.594718199202953990, -14.30199974799314688 ) ) ;
#2467 = CARTESIAN_POINT ( 'NONE',  ( 10.16688940305709643, 4.572714414308991060, -14.29999999999977334 ) ) ;
#2468 = ORIENTED_EDGE ( 'NONE', *, *, #1678, .F. ) ;
#2469 = B_SPLINE_CURVE_WITH_KNOTS ( 'NONE', 3,
 ( #4773, #7784, #1347, #2810, #3841, #6338, #3225, #5303, #2615, #5881 ),
 .UNSPECIFIED., .F., .F.,
 ( 4, 2, 2, 2, 4 ),
 ( 0.003422628982076914191, 0.004279752395304900307, 0.005136875808532885557, 0.005993999221760871673, 0.006851122634988857790 ),
 .UNSPECIFIED. ) ;
#2470 = CARTESIAN_POINT ( 'NONE',  ( -13.53231758303410182, 10.99999999999999467, -11.99999999999998934 ) ) ;
#2471 = SPHERICAL_SURFACE ( 'NONE', #555, 1.000000000000000000 ) ;
#2472 = DIRECTION ( 'NONE',  ( 7.796510004390148496E-17, -1.000000000000000000, 0.000000000000000000 ) ) ;
#2473 = CARTESIAN_POINT ( 'NONE',  ( -1.766270212729997402, -11.00000000000000000, -10.18918980329571333 ) ) ;
#2474 = CARTESIAN_POINT ( 'NONE',  ( -15.68337520964458598, -0.9999999999999997780, -16.99999999999998224 ) ) ;
#2475 = CARTESIAN_POINT ( 'NONE',  ( -17.50270514204570205, 7.829442473742738606, -15.92776228965349006 ) ) ;
#2476 = CARTESIAN_POINT ( 'NONE',  ( 14.87689437438233142, -11.00000000000000000, -11.99999999999999289 ) ) ;
#2477 = DIRECTION ( 'NONE',  ( 0.000000000000000000, 0.000000000000000000, -1.000000000000000000 ) ) ;
#2478 = ORIENTED_EDGE ( 'NONE', *, *, #4594, .T. ) ;
#2479 = CARTESIAN_POINT ( 'NONE',  ( 10.17948110577976273, 10.99999999999999467, -4.539881478997163100 ) ) ;
#2480 = ORIENTED_EDGE ( 'NONE', *, *, #1971, .T. ) ;
#2481 = CARTESIAN_POINT ( 'NONE',  ( 2.836228491960150588, -9.564462513674772737, -0.9173999001066375225 ) ) ;
#2482 = VECTOR ( 'NONE', #471, 1000.000000000000000 ) ;
#2483 = CARTESIAN_POINT ( 'NONE',  ( -19.32815355527089451, -11.00000000000000178, -12.92834977469966518 ) ) ;
#2484 = DIRECTION ( 'NONE',  ( -0.000000000000000000, -0.000000000000000000, -1.000000000000000000 ) ) ;
#2485 = ADVANCED_FACE ( 'NONE', ( #5452 ), #3179, .F. ) ;
#2486 = CARTESIAN_POINT ( 'NONE',  ( -32.99813476592179740, -11.00000000000000355, -12.70466552446548647 ) ) ;
#2487 = CARTESIAN_POINT ( 'NONE',  ( 32.34171046998721977, 10.38243173479360770, -14.41450715357744983 ) ) ;
#2488 = CARTESIAN_POINT ( 'NONE',  ( -41.49999999999996447, 6.999999999999989342, -33.49999999999999289 ) ) ;
#2489 = CIRCLE ( 'NONE', #2616, 3.000000000000002665 ) ;
#2490 = ORIENTED_EDGE ( 'NONE', *, *, #538, .F. ) ;
#2491 = CARTESIAN_POINT ( 'NONE',  ( 15.43104299460127393, -8.374717585916817697, -15.84715339604910511 ) ) ;
#2492 = EDGE_CURVE ( 'NONE', #1375, #505, #1727, .T. ) ;
#2493 = CARTESIAN_POINT ( 'NONE',  ( -22.41340050125430494, -7.803297333644470868, -16.34314597080830822 ) ) ;
#2494 = DIRECTION ( 'NONE',  ( -0.2860511657490359960, -0.9582143447964122096, 0.000000000000000000 ) ) ;
#2495 = CARTESIAN_POINT ( 'NONE',  ( 2.090338773402823591, -9.770811562996028599, -4.357485649880836753 ) ) ;
#2496 = DIRECTION ( 'NONE',  ( 1.000000000000000000, 0.000000000000000000, 0.000000000000000000 ) ) ;
#2497 = CARTESIAN_POINT ( 'NONE',  ( -1.716305019030557988, -7.161004492299735347, -1.396755723436409936E-13 ) ) ;
#2498 = CARTESIAN_POINT ( 'NONE',  ( -11.53766896950040000, 10.99999999999999112, -4.353234899871249119 ) ) ;
#2499 =( BOUNDED_SURFACE ( )  B_SPLINE_SURFACE ( 3, 2, ( 
 ( #491, #2336, #4882 ),
 ( #8050, #4260, #4961 ),
 ( #2422, #1843, #4923 ),
 ( #3648, #4297, #4838 ),
 ( #6749, #6106, #5481 ),
 ( #1720, #4338, #3729 ),
 ( #6827, #533, #7925 ),
 ( #3032, #6790, #1236 ),
 ( #1190, #7962, #2377 ),
 ( #407, #7366, #5404 ),
 ( #1762, #3688, #7886 ),
 ( #2300, #4799, #7282 ),
 ( #1677, #4178, #3567 ),
 ( #450, #1151, #6144 ),
 ( #2951, #7322, #6710 ),
 ( #1111, #3609, #1427 ),
 ( #6227, #7674, #1545 ),
 ( #232, #7064, #7147 ) ),
 .UNSPECIFIED., .F., .F., .F. ) 
 B_SPLINE_SURFACE_WITH_KNOTS ( ( 4, 2, 2, 2, 2, 2, 2, 2, 4 ),
 ( 3, 3 ),
 ( 0.000000000000000000, 0.0006038682219790139725, 0.001207736443958027945, 0.001811604665937041917, 0.002415472887916055890, 0.003019341109895069646, 0.003623209331874083835, 0.004227077553853098024, 0.004830945775832111780 ),
 ( 0.000000000000000000, 1.000000000000000000 ),
 .UNSPECIFIED. ) 
 GEOMETRIC_REPRESENTATION_ITEM ( )  RATIONAL_B_SPLINE_SURFACE ( (
 ( 1.000000000000000000, 0.6656562785873427757, 1.000000000000000000),
 ( 1.000000000000000000, 0.6817983102551798957, 1.000000000000000000),
 ( 1.000000000000000000, 0.6937921906950911266, 1.000000000000000000),
 ( 1.000000000000000000, 0.7105815231713331626, 1.000000000000000000),
 ( 1.000000000000000000, 0.7153270101952413640, 1.000000000000000000),
 ( 1.000000000000000000, 0.7180582319452086804, 1.000000000000000000),
 ( 1.000000000000000000, 0.7161857340857477050, 1.000000000000000000),
 ( 1.000000000000000000, 0.7069299810652275307, 1.000000000000000000),
 ( 1.000000000000000000, 0.6997348465268529161, 1.000000000000000000),
 ( 1.000000000000000000, 0.6813369999923843956, 1.000000000000000000),
 ( 1.000000000000000000, 0.6700919233056302771, 1.000000000000000000),
 ( 1.000000000000000000, 0.6452874814966255146, 1.000000000000000000),
 ( 1.000000000000000000, 0.6314685608695280727, 1.000000000000000000),
 ( 1.000000000000000000, 0.6025085259686593364, 1.000000000000000000),
 ( 1.000000000000000000, 0.5874427832451989406, 1.000000000000000000),
 ( 1.000000000000000000, 0.5566410607592993109, 1.000000000000000000),
 ( 1.000000000000000000, 0.5408537888233007074, 1.000000000000000000),
 ( 1.000000000000000000, 0.5255305477261482672, 1.000000000000000000) ) ) 
 REPRESENTATION_ITEM ( '' )  SURFACE ( )  );
#2500 = CARTESIAN_POINT ( 'NONE',  ( -19.00000000000000000, 3.000000000000000000, -16.99999999999998224 ) ) ;
#2501 = ORIENTED_EDGE ( 'NONE', *, *, #4994, .T. ) ;
#2502 = CARTESIAN_POINT ( 'NONE',  ( 2.895404674022551639, -9.741784453842312175, -14.92437723410387740 ) ) ;
#2503 = CARTESIAN_POINT ( 'NONE',  ( -3.629078827949221431, -11.00000000000000355, -3.749720911984582461 ) ) ;
#2504 = CARTESIAN_POINT ( 'NONE',  ( -24.49999999999996803, -7.000000000000000888, -20.00000000000000000 ) ) ;
#2505 = CARTESIAN_POINT ( 'NONE',  ( 12.73294905949895650, 7.889770197674479846, -14.55903357854880831 ) ) ;
#2506 = CARTESIAN_POINT ( 'NONE',  ( -2.379921252760688333, -11.00000000000000000, -12.28215779746303404 ) ) ;
#2507 = CARTESIAN_POINT ( 'NONE',  ( -35.72365321699643914, 8.409830768856544125, -18.11379201976390974 ) ) ;
#2508 = CARTESIAN_POINT ( 'NONE',  ( 19.10772226109161664, -10.99999999999999822, -12.94460654776930753 ) ) ;
#2509 = ORIENTED_EDGE ( 'NONE', *, *, #7389, .F. ) ;
#2510 = DIRECTION ( 'NONE',  ( 1.000000000000000000, 7.796510004390144799E-17, -2.344220913482171656E-16 ) ) ;
#2511 = VECTOR ( 'NONE', #131, 1000.000000000000000 ) ;
#2512 = DIRECTION ( 'NONE',  ( -2.344220913482171656E-16, -0.000000000000000000, -1.000000000000000000 ) ) ;
#2513 = CARTESIAN_POINT ( 'NONE',  ( 44.50000000000002842, 7.000000000000002665, -33.49999999999999289 ) ) ;
#2514 = CARTESIAN_POINT ( 'NONE',  ( -7.851258950942775705, 6.096083231011519388, -1.556341356572684465 ) ) ;
#2515 = CARTESIAN_POINT ( 'NONE',  ( 35.06258967585544895, -8.652378799078283222, -17.33090923265338645 ) ) ;
#2516 = CARTESIAN_POINT ( 'NONE',  ( -19.18575346049164310, 8.010748548224199794, -15.91285073381007464 ) ) ;
#2517 = CIRCLE ( 'NONE', #7464, 16.00000000000000000 ) ;
#2518 = DIRECTION ( 'NONE',  ( 0.000000000000000000, -1.000000000000000000, 0.000000000000000000 ) ) ;
#2519 = CARTESIAN_POINT ( 'NONE',  ( 3.427403241461759453, -6.999999999999999112, 0.000000000000000000 ) ) ;
#2520 = ORIENTED_EDGE ( 'NONE', *, *, #5941, .T. ) ;
#2521 = CARTESIAN_POINT ( 'NONE',  ( -15.65757675125093584, -7.905411773123760533, -16.32247146139989624 ) ) ;
#2522 = ORIENTED_EDGE ( 'NONE', *, *, #288, .T. ) ;
#2523 = VECTOR ( 'NONE', #1761, 1000.000000000000000 ) ;
#2524 = CARTESIAN_POINT ( 'NONE',  ( 3.841082264410399905, -10.88392852247211806, -3.009987730484807944 ) ) ;
#2525 = CARTESIAN_POINT ( 'NONE',  ( -18.80466091927413430, -11.00000000000000178, -12.93896593618460322 ) ) ;
#2526 = CARTESIAN_POINT ( 'NONE',  ( 4.004242179575305371, -10.18403899177855187, -1.564183684680718667 ) ) ;
#2527 = CARTESIAN_POINT ( 'NONE',  ( 34.73848502785315873, 8.781425675569961342, -16.98771417068803302 ) ) ;
#2528 = DIRECTION ( 'NONE',  ( -0.000000000000000000, -1.000000000000000000, -0.000000000000000000 ) ) ;
#2529 = AXIS2_PLACEMENT_3D ( 'NONE', #6759, #3579, #3537 ) ;
#2530 = ORIENTED_EDGE ( 'NONE', *, *, #7378, .F. ) ;
#2531 = CARTESIAN_POINT ( 'NONE',  ( 13.71139796563115709, 10.97660772837097021, -12.50329121693446055 ) ) ;
#2532 = CARTESIAN_POINT ( 'NONE',  ( 16.29505095169936624, -8.973075233709639775, -15.85582668212705926 ) ) ;
#2533 = CIRCLE ( 'NONE', #2140, 4.999999999999999112 ) ;
#2534 = CARTESIAN_POINT ( 'NONE',  ( -22.40761174248897092, -7.811918145767970501, -16.34124105349882328 ) ) ;
#2535 = CARTESIAN_POINT ( 'NONE',  ( 2.733548028949334796, -7.892291527160411491, -14.55843513973320569 ) ) ;
#2536 = CARTESIAN_POINT ( 'NONE',  ( 16.23614600803716357, 6.333333333333333925, -16.49999999999999289 ) ) ;
#2537 = CARTESIAN_POINT ( 'NONE',  ( -22.99652626942727451, -6.666666666666667851, -16.49999999999998579 ) ) ;
#2538 = AXIS2_PLACEMENT_3D ( 'NONE', #4097, #5904, #2797 ) ;
#2539 = CARTESIAN_POINT ( 'NONE',  ( 7.065611914022414730, 8.798058111298033168, -1.740320281181338080 ) ) ;
#2540 = EDGE_CURVE ( 'NONE', #1816, #966, #503, .T. ) ;
#2541 = CIRCLE ( 'NONE', #8006, 1.000000000000000222 ) ;
#2542 = CARTESIAN_POINT ( 'NONE',  ( -11.05893911999667623, 10.99999999999999112, -4.509830970217707957 ) ) ;
#2543 = FACE_OUTER_BOUND ( 'NONE', #2086, .T. ) ;
#2544 = ORIENTED_EDGE ( 'NONE', *, *, #1822, .F. ) ;
#2545 = CIRCLE ( 'NONE', #59, 2.999999999999999112 ) ;
#2546 = CARTESIAN_POINT ( 'NONE',  ( 3.859132628806705601, -8.995644452162528282, -15.47667945378190346 ) ) ;
#2547 = CARTESIAN_POINT ( 'NONE',  ( 23.26296135405574717, -6.777777777777775903, -15.99999999999999467 ) ) ;
#2548 = DIRECTION ( 'NONE',  ( 9.750020343460363569E-28, 1.000000000000000000, -2.341876692568687369E-14 ) ) ;
#2549 = CARTESIAN_POINT ( 'NONE',  ( -0.9465043099284212724, -9.568536181629545112, -10.80620272994966591 ) ) ;
#2550 = DIRECTION ( 'NONE',  ( 0.000000000000000000, -0.000000000000000000, 1.000000000000000000 ) ) ;
#2551 = CARTESIAN_POINT ( 'NONE',  ( 21.36937290867276218, -9.096729309013372955, -15.89899790172980509 ) ) ;
#2552 = EDGE_CURVE ( 'NONE', #4412, #278, #5920, .T. ) ;
#2553 = ORIENTED_EDGE ( 'NONE', *, *, #7217, .T. ) ;
#2554 = CARTESIAN_POINT ( 'NONE',  ( 22.31662479035540514, 7.000000000000000000, -15.99999999999999289 ) ) ;
#2555 = PERSON_AND_ORGANIZATION_ROLE ( 'design_supplier' ) ;
#2556 = CARTESIAN_POINT ( 'NONE',  ( 22.12872178064736062, -8.369108529793903628, -15.99659670401413081 ) ) ;
#2557 = CARTESIAN_POINT ( 'NONE',  ( 22.31662479035540159, -1.000000000000000444, -16.99999999999999289 ) ) ;
#2558 = CARTESIAN_POINT ( 'NONE',  ( 31.00000000000001421, 7.000000000000001776, -15.99999999999999645 ) ) ;
#2559 = CARTESIAN_POINT ( 'NONE',  ( 19.66292861194745356, -9.465184118595473706, -16.17577702447223942 ) ) ;
#2560 = CARTESIAN_POINT ( 'NONE',  ( 36.11979695745110774, -10.99999999999999822, -18.12190392727346477 ) ) ;
#2561 = CARTESIAN_POINT ( 'NONE',  ( 10.61020590844707812, 4.663208515303924884, -14.30826072432347829 ) ) ;
#2562 = CARTESIAN_POINT ( 'NONE',  ( 37.00000000000001421, 6.999999999999999112, -15.99999999999999645 ) ) ;
#2563 = CARTESIAN_POINT ( 'NONE',  ( 36.87441007296774842, 11.00000000000000355, -15.01433850598594510 ) ) ;
#2564 = ORIENTED_EDGE ( 'NONE', *, *, #2885, .F. ) ;
#2565 = CARTESIAN_POINT ( 'NONE',  ( -12.97641430852047151, 10.05027918338114645, -1.402502740066410514 ) ) ;
#2566 = VERTEX_POINT ( 'NONE', #545 ) ;
#2567 = CARTESIAN_POINT ( 'NONE',  ( -34.91963541363578827, 10.99999999999999112, -13.59750183752048081 ) ) ;
#2568 = CARTESIAN_POINT ( 'NONE',  ( -21.54607061339261165, -8.987424411881729469, -15.90227370618321245 ) ) ;
#2569 = CARTESIAN_POINT ( 'NONE',  ( 7.429447568903673194, 7.255791592464744255, -14.55236471318668023 ) ) ;
#2570 = CARTESIAN_POINT ( 'NONE',  ( -12.78699302966716722, 9.897566259887954132, -3.248388410334457355 ) ) ;
#2571 = DIRECTION ( 'NONE',  ( -0.7698003589194337692, 0.6382847385043066701, -0.000000000000000000 ) ) ;
#2572 = CARTESIAN_POINT ( 'NONE',  ( -24.49999999999996803, -11.00000000000000355, 0.000000000000000000 ) ) ;
#2573 = ORIENTED_EDGE ( 'NONE', *, *, #1452, .F. ) ;
#2574 = CARTESIAN_POINT ( 'NONE',  ( 10.82043374287291648, 10.99999999999999467, -11.45423728898586901 ) ) ;
#2575 = CARTESIAN_POINT ( 'NONE',  ( 15.86819625552528557, -8.366247855449730153, -15.99652432045566641 ) ) ;
#2576 = CARTESIAN_POINT ( 'NONE',  ( -17.10558474602427026, -9.362003993310500150, -15.86598397290727291 ) ) ;
#2577 = CARTESIAN_POINT ( 'NONE',  ( 2.942317577613364321, -8.808821513348032539, -14.27340125496695933 ) ) ;
#2578 = CARTESIAN_POINT ( 'NONE',  ( -31.28550503785219306, -11.00000000000000533, -12.09516882203694799 ) ) ;
#2579 = CARTESIAN_POINT ( 'NONE',  ( -15.58637984373925178, -11.00000000000000178, -12.03892732350603190 ) ) ;
#2580 = CARTESIAN_POINT ( 'NONE',  ( -10.28262569687917605, 9.505195771001249128, -5.387051405377457414 ) ) ;
#2581 = CARTESIAN_POINT ( 'NONE',  ( 22.65040748539358972, -7.421346177441756176, -16.44685399685331717 ) ) ;
#2582 = ORIENTED_EDGE ( 'NONE', *, *, #6934, .F. ) ;
#2583 = CARTESIAN_POINT ( 'NONE',  ( 3.933158602739100118, -9.435867490376997679, -15.18377863129972738 ) ) ;
#2584 = EDGE_CURVE ( 'NONE', #3599, #4785, #5273, .T. ) ;
#2585 = FACE_OUTER_BOUND ( 'NONE', #3596, .T. ) ;
#2586 = B_SPLINE_CURVE_WITH_KNOTS ( 'NONE', 3,
 ( #67, #7385, #2570, #4243, #5593, #6731, #8035, #1132, #3670, #3627, #514, #1782, #3012, #5505, #6164, #225 ),
 .UNSPECIFIED., .F., .F.,
 ( 4, 2, 2, 2, 2, 2, 2, 4 ),
 ( 0.000000000000000000, 0.0004868514732665776249, 0.0009737029465331552497, 0.001460554419799732712, 0.001947405893066310499, 0.002434257366332888070, 0.002921108839599465424, 0.003894811786132614927 ),
 .UNSPECIFIED. ) ;
#2587 = CYLINDRICAL_SURFACE ( 'NONE', #6536, 3.000000000000002665 ) ;
#2588 = CARTESIAN_POINT ( 'NONE',  ( -31.46722874244539625, 10.91649084774510570, -12.92276578530270292 ) ) ;
#2589 = CARTESIAN_POINT ( 'NONE',  ( 21.59992235148461148, -10.99999999999985256, -14.89902097281057003 ) ) ;
#2590 = CARTESIAN_POINT ( 'NONE',  ( -12.89279439001561123, 9.840009727598571843, -13.05733696794390042 ) ) ;
#2591 = DATE_AND_TIME ( #5208, #6736 ) ;
#2592 = CARTESIAN_POINT ( 'NONE',  ( 22.56729304543937076, -8.375942331865889656, -15.84715310155031531 ) ) ;
#2593 = CARTESIAN_POINT ( 'NONE',  ( -11.87616220467990402, 7.463084600370351929, -15.99999999999998224 ) ) ;
#2594 = LINE ( 'NONE', #5830, #7623 ) ;
#2595 = EDGE_CURVE ( 'NONE', #3733, #403, #7862, .T. ) ;
#2596 = CARTESIAN_POINT ( 'NONE',  ( -12.48101322575437422, 6.899762751222626278, -1.479686923560079581 ) ) ;
#2597 = CARTESIAN_POINT ( 'NONE',  ( 36.74529787853232676, -10.99999999999999645, -19.71098182209342653 ) ) ;
#2598 = CARTESIAN_POINT ( 'NONE',  ( 8.069077295078662004, 4.564657266779889255, -15.99999999999998934 ) ) ;
#2599 = EDGE_CURVE ( 'NONE', #3492, #5429, #1869, .T. ) ;
#2600 = CARTESIAN_POINT ( 'NONE',  ( 11.76627021273000118, 10.99999999999999645, -10.18918980329571333 ) ) ;
#2601 = CARTESIAN_POINT ( 'NONE',  ( 24.50000000000002487, -10.99999999999999822, -20.00000000000000000 ) ) ;
#2602 = ORIENTED_EDGE ( 'NONE', *, *, #4946, .F. ) ;
#2603 = CARTESIAN_POINT ( 'NONE',  ( -12.78483752274846452, 8.107392048699425757, -1.491442162052065479 ) ) ;
#2604 = ORIENTED_EDGE ( 'NONE', *, *, #2401, .F. ) ;
#2605 = CARTESIAN_POINT ( 'NONE',  ( -39.40688515745721077, 10.99999999999998757, -18.69907108232159132 ) ) ;
#2606 = CARTESIAN_POINT ( 'NONE',  ( -14.94545738513193278, -7.431278023463835147, -15.97896647729826469 ) ) ;
#2607 = FACE_OUTER_BOUND ( 'NONE', #596, .T. ) ;
#2608 = DIRECTION ( 'NONE',  ( 0.000000000000000000, -2.276824562219557418E-14, -1.000000000000000000 ) ) ;
#2609 = CARTESIAN_POINT ( 'NONE',  ( -2.614341322014058555, -7.429906462995039540, -14.56803946793361604 ) ) ;
#2610 = CARTESIAN_POINT ( 'NONE',  ( -6.514472107805233669, 7.259607962109807744, 2.032106192840341708E-16 ) ) ;
#2611 = ORIENTED_EDGE ( 'NONE', *, *, #5136, .F. ) ;
#2612 = AXIS2_PLACEMENT_3D ( 'NONE', #4698, #4079, #7223 ) ;
#2613 = CARTESIAN_POINT ( 'NONE',  ( 10.18798779935436194, 10.99999999999999467, -11.45968987036137499 ) ) ;
#2614 = CARTESIAN_POINT ( 'NONE',  ( -19.16799896926109881, -9.502768175598122369, -16.17365564085431018 ) ) ;
#2615 = CARTESIAN_POINT ( 'NONE',  ( -7.478571183578229586, 9.857898045108402840, -12.20019884682168509 ) ) ;
#2616 = AXIS2_PLACEMENT_3D ( 'NONE', #772, #1878, #5564 ) ;
#2617 = CARTESIAN_POINT ( 'NONE',  ( -0.8034676138614957885, -11.00000000000031264, -4.552491513736859119 ) ) ;
#2618 = CARTESIAN_POINT ( 'NONE',  ( -19.00000000000000000, 3.000000000000000000, -14.00000000000000000 ) ) ;
#2619 = CARTESIAN_POINT ( 'NONE',  ( 1.887509184821331010, -5.637378329708521818, -1.600365337004284294 ) ) ;
#2620 = CARTESIAN_POINT ( 'NONE',  ( -9.324990696738126417, 9.535500870890960101, -5.297355589694702438 ) ) ;
#2621 = CARTESIAN_POINT ( 'NONE',  ( 6.994568154221340706, 10.55690628904308426, -13.84625714288064557 ) ) ;
#2622 = VERTEX_POINT ( 'NONE', #418 ) ;
#2623 = CARTESIAN_POINT ( 'NONE',  ( -38.09289691151683854, 10.99999999999999289, -16.33877177375595124 ) ) ;
#2624 = CARTESIAN_POINT ( 'NONE',  ( 19.32218953110695381, 7.386081689435433972, -16.40034468271663926 ) ) ;
#2625 = CARTESIAN_POINT ( 'NONE',  ( 32.75214910954620251, -10.06272401327461452, -14.98433045295638877 ) ) ;
#2626 = SPHERICAL_SURFACE ( 'NONE', #2117, 3.000000000000000000 ) ;
#2627 = CARTESIAN_POINT ( 'NONE',  ( -1.781783482194423840, -9.710658672021736493, -11.34307875819462375 ) ) ;
#2628 = CYLINDRICAL_SURFACE ( 'NONE', #578, 4.000000000000003553 ) ;
#2629 = CARTESIAN_POINT ( 'NONE',  ( 19.18745448940604348, -10.99999999999992362, -14.69631627834100840 ) ) ;
#2630 = CARTESIAN_POINT ( 'NONE',  ( -14.20416847668727023, -7.000000000000001776, -16.99999999999998579 ) ) ;
#2631 = EDGE_CURVE ( 'NONE', #576, #2288, #3359, .T. ) ;
#2632 = PERSON_AND_ORGANIZATION ( #5322, #1416 ) ;
#2633 = CARTESIAN_POINT ( 'NONE',  ( 22.37830275385767820, -7.854329591046630199, -16.33244845823195845 ) ) ;
#2634 = CARTESIAN_POINT ( 'NONE',  ( -10.83760381995876010, 3.975453973443757505, -15.99999999999998579 ) ) ;
#2635 = CARTESIAN_POINT ( 'NONE',  ( 19.00000000000000000, -5.000000000000000000, -14.00000000000000000 ) ) ;
#2636 = CARTESIAN_POINT ( 'NONE',  ( 22.18440105637936099, -8.099939936945515839, -16.29282394140866330 ) ) ;
#2637 = CARTESIAN_POINT ( 'NONE',  ( 36.60456712500927523, -8.157939499838631647, -19.76299096053000071 ) ) ;
#2638 = FACE_OUTER_BOUND ( 'NONE', #7929, .T. ) ;
#2639 = CARTESIAN_POINT ( 'NONE',  ( 6.467682416965894632, 10.99999999999999822, -11.99999999999999467 ) ) ;
#2640 = AXIS2_PLACEMENT_3D ( 'NONE', #5917, #5302, #7783 ) ;
#2641 = CARTESIAN_POINT ( 'NONE',  ( 35.01236645096859235, 11.00000000000000355, -16.37234578429085374 ) ) ;
#2642 = VERTEX_POINT ( 'NONE', #1977 ) ;
#2643 = CARTESIAN_POINT ( 'NONE',  ( -13.98607439062896418, 10.48253136300098554, -2.027690295427460043 ) ) ;
#2644 = ORIENTED_EDGE ( 'NONE', *, *, #3595, .F. ) ;
#2645 = EDGE_CURVE ( 'NONE', #2255, #1474, #6396, .T. ) ;
#2646 = EDGE_CURVE ( 'NONE', #6926, #6524, #6823, .T. ) ;
#2647 = CARTESIAN_POINT ( 'NONE',  ( -36.41660281742313998, 10.99999999999999289, -14.62308162144533163 ) ) ;
#2648 = CIRCLE ( 'NONE', #5510, 15.99999999999999645 ) ;
#2649 = CARTESIAN_POINT ( 'NONE',  ( -17.99240827369167661, -9.610279828766532972, -15.88605710087984058 ) ) ;
#2650 = CARTESIAN_POINT ( 'NONE',  ( -16.38525436867226404, 7.421132773307362207, -15.98096513682247277 ) ) ;
#2651 = DIRECTION ( 'NONE',  ( -1.000000000000000000, -1.734723475976807094E-16, 0.000000000000000000 ) ) ;
#2652 = CARTESIAN_POINT ( 'NONE',  ( -7.105650530017030952, 8.590512462804486660, -1.641658068445005947 ) ) ;
#2653 = AXIS2_PLACEMENT_3D ( 'NONE', #6027, #4187, #3040 ) ;
#2654 = ORIENTED_EDGE ( 'NONE', *, *, #3387, .T. ) ;
#2655 = CARTESIAN_POINT ( 'NONE',  ( 8.012335931452938098, 9.750525741803159008, -11.53501454793375558 ) ) ;
#2656 = CARTESIAN_POINT ( 'NONE',  ( -19.68232409804151928, -9.536989421277759504, -16.00397024037816962 ) ) ;
#2657 = CARTESIAN_POINT ( 'NONE',  ( 16.51615258352351390, 6.565502520763470962, -16.49999999999999289 ) ) ;
#2658 = VECTOR ( 'NONE', #4117, 1000.000000000000000 ) ;
#2659 = CARTESIAN_POINT ( 'NONE',  ( 0.3768342622972122302, -11.00000000000000000, -6.252156856559407672 ) ) ;
#2660 = CARTESIAN_POINT ( 'NONE',  ( -13.48600155776143872, 7.261723560828598600, -15.99999999999998934 ) ) ;
#2661 = CARTESIAN_POINT ( 'NONE',  ( 2.516678915535356609, -5.135406526882307254, 0.000000000000000000 ) ) ;
#2662 = CARTESIAN_POINT ( 'NONE',  ( -19.00000000000000000, -0.3333333333333325932, -14.00000000000000000 ) ) ;
#2663 = AXIS2_PLACEMENT_3D ( 'NONE', #2488, #3014, #5507 ) ;
#2664 = CARTESIAN_POINT ( 'NONE',  ( 7.385853043162312837, 7.429133625572122313, -14.56796989487457061 ) ) ;
#2665 = ORIENTED_EDGE ( 'NONE', *, *, #729, .T. ) ;
#2666 = CARTESIAN_POINT ( 'NONE',  ( -33.83384042988136997, 10.99999999999999289, -13.05762689711381874 ) ) ;
#2667 = CARTESIAN_POINT ( 'NONE',  ( 18.19870804078779258, 7.310840116160538749, -16.40847688258705972 ) ) ;
#2668 = CARTESIAN_POINT ( 'NONE',  ( 38.27340203420024523, 11.00000000000000533, -16.58333841289423205 ) ) ;
#2669 = CARTESIAN_POINT ( 'NONE',  ( -11.33925158833146085, 9.629021815487496028, -11.00615493809948298 ) ) ;
#2670 = AXIS2_PLACEMENT_3D ( 'NONE', #5696, #2510, #1929 ) ;
#2671 = AXIS2_PLACEMENT_3D ( 'NONE', #2164, #1547, #197 ) ;
#2672 = CARTESIAN_POINT ( 'NONE',  ( -3.532317583034110697, -9.999999999999998224, -3.999999999999996447 ) ) ;
#2673 = CARTESIAN_POINT ( 'NONE',  ( 2.087787785708767441, -4.700698234200239689, -15.99999999999998579 ) ) ;
#2674 = CARTESIAN_POINT ( 'NONE',  ( 18.32588957581732814, -10.99999999999999822, -12.86010313636086089 ) ) ;
#2675 = CARTESIAN_POINT ( 'NONE',  ( 12.37862758169420196, 4.997204330571910269, 0.000000000000000000 ) ) ;
#2676 = TOROIDAL_SURFACE ( 'NONE', #3458, 4.472135954999578722, 1.000000000000000000 ) ;
#2677 = CARTESIAN_POINT ( 'NONE',  ( -2.779716001425776462, -9.897800357332851462, -3.265009092881522967 ) ) ;
#2678 = DIRECTION ( 'NONE',  ( -0.000000000000000000, 1.000000000000000000, 0.000000000000000000 ) ) ;
#2679 = CARTESIAN_POINT ( 'NONE',  ( -11.13645658142670314, 6.509526268701403495, 4.336808689942017736E-16 ) ) ;
#2680 = CARTESIAN_POINT ( 'NONE',  ( 33.95893993027566182, -9.191753440282424137, -16.24148412574175993 ) ) ;
#2681 = CARTESIAN_POINT ( 'NONE',  ( 19.00000000000000000, -5.000000000000000000, -16.99999999999999289 ) ) ;
#2682 = CARTESIAN_POINT ( 'NONE',  ( 12.22986836867189275, 10.99999999999999645, -10.48073386053907896 ) ) ;
#2683 = CARTESIAN_POINT ( 'NONE',  ( 32.33208984530140384, 10.39310276993075099, -14.40544664656642126 ) ) ;
#2684 = ORIENTED_EDGE ( 'NONE', *, *, #4186, .F. ) ;
#2685 = CARTESIAN_POINT ( 'NONE',  ( -13.85818878645828356, 8.990578353859435268, -0.5204469413204941830 ) ) ;
#2686 = EDGE_LOOP ( 'NONE', ( #2927, #4014, #7901 ) ) ;
#2687 = CARTESIAN_POINT ( 'NONE',  ( -39.76132769338968131, 10.99999999999998934, -19.85613217700703359 ) ) ;
#2688 = CARTESIAN_POINT ( 'NONE',  ( -6.986459640148153127, 10.38169997338578732, -14.14000478299387886 ) ) ;
#2689 = CARTESIAN_POINT ( 'NONE',  ( -6.067334089425669319, 9.432762368284924648, -15.18600367676378582 ) ) ;
#2690 = CARTESIAN_POINT ( 'NONE',  ( -7.001472201948433671, 9.283137261635113546, -2.079252643558025415 ) ) ;
#2691 = EDGE_CURVE ( 'NONE', #6591, #5857, #6698, .T. ) ;
#2692 = ORIENTED_EDGE ( 'NONE', *, *, #738, .F. ) ;
#2693 = CARTESIAN_POINT ( 'NONE',  ( 10.09624951864645226, 10.99999999999999822, -11.46399970379959576 ) ) ;
#2694 = DIRECTION ( 'NONE',  ( 0.000000000000000000, 1.000000000000000000, 0.000000000000000000 ) ) ;
#2695 = CARTESIAN_POINT ( 'NONE',  ( -19.17710012665190789, -9.722657448463905894, -15.87579571771047604 ) ) ;
#2696 = DIRECTION ( 'NONE',  ( -1.445602896647339656E-16, 1.000000000000000000, 0.000000000000000000 ) ) ;
#2697 = CARTESIAN_POINT ( 'NONE',  ( -0.5411550864832255225, -9.522444041934411629, -5.336233306138222332 ) ) ;
#2698 = EDGE_CURVE ( 'NONE', #2938, #100, #671, .T. ) ;
#2699 = CARTESIAN_POINT ( 'NONE',  ( -13.89714854860176807, 10.80487166735021809, -13.26169268980928173 ) ) ;
#2700 = CARTESIAN_POINT ( 'NONE',  ( -0.6282028647199265903, -4.669058451229329165, -1.691203672609721265 ) ) ;
#2701 = ORIENTED_EDGE ( 'NONE', *, *, #4986, .T. ) ;
#2702 = CARTESIAN_POINT ( 'NONE',  ( 2.963232628571484970E-16, -4.572714414311421116, -14.29999999999999005 ) ) ;
#2703 = B_SPLINE_CURVE_WITH_KNOTS ( 'NONE', 3,
 ( #7146, #2161, #1091, #6571, #3591, #351, #2237, #273, #1544, #4738, #2774, #5271 ),
 .UNSPECIFIED., .F., .F.,
 ( 4, 2, 2, 2, 2, 4 ),
 ( 0.000000000000000000, 0.001004519528086656377, 0.002009039056173312753, 0.003013558584259968913, 0.003515818348303299378, 0.004018078112346629843 ),
 .UNSPECIFIED. ) ;
#2704 = CARTESIAN_POINT ( 'NONE',  ( 7.214919340024868788, 8.108403634990038356, -14.50833399574629823 ) ) ;
#2705 = VERTEX_POINT ( 'NONE', #5054 ) ;
#2706 = CARTESIAN_POINT ( 'NONE',  ( -35.79568674059700584, 10.99999999999999112, -17.53524662843698678 ) ) ;
#2707 = CARTESIAN_POINT ( 'NONE',  ( 16.76393202250020664, 7.578940846527626007, -15.95788169305523851 ) ) ;
#2708 = CARTESIAN_POINT ( 'NONE',  ( 2.570552431096320145, -7.255791592464749584, -1.447635286813308664 ) ) ;
#2709 = CARTESIAN_POINT ( 'NONE',  ( -0.4846146460324157745, -11.00000000000000000, -11.44487248615500441 ) ) ;
#2710 = CARTESIAN_POINT ( 'NONE',  ( 0.4280559804581197669, -3.883116238033024636, -15.99999999999998579 ) ) ;
#2711 = CARTESIAN_POINT ( 'NONE',  ( 16.43395383079224814, -10.99999999999999467, -14.89147285864284598 ) ) ;
#2712 = DIRECTION ( 'NONE',  ( -1.000000000000000000, -7.796510004390144799E-17, 0.000000000000000000 ) ) ;
#2713 = COORDINATED_UNIVERSAL_TIME_OFFSET ( 8, 0, .BEHIND. ) ;
#2714 = CARTESIAN_POINT ( 'NONE',  ( 22.99223776601483493, -8.099190816537058524, -15.85291795910184121 ) ) ;
#2715 = CARTESIAN_POINT ( 'NONE',  ( -3.989126797872525998, -10.49256022210469652, -2.031291710659492100 ) ) ;
#2716 = CARTESIAN_POINT ( 'NONE',  ( 5.995757820424696405, 10.18403899177854832, -1.564183684680719333 ) ) ;
#2717 = CARTESIAN_POINT ( 'NONE',  ( -13.15382139268420403, 6.207963348855356500, 0.000000000000000000 ) ) ;
#2718 =( BOUNDED_SURFACE ( )  B_SPLINE_SURFACE ( 3, 2, ( 
 ( #3003, #4898, #3704 ),
 ( #5585, #5544, #3662 ),
 ( #6846, #4976, #5623 ),
 ( #7452, #7377, #2437 ),
 ( #5349, #1254, #7227 ),
 ( #6239, #634, #3126 ),
 ( #7829, #2241, #4120 ),
 ( #6615, #1010, #3510 ),
 ( #7051, #135, #5215 ),
 ( #6361, #2109, #3212 ),
 ( #7538, #6279, #838 ),
 ( #178, #757, #2028 ),
 ( #7698, #7576, #3906 ),
 ( #6883, #7007, #1451 ),
 ( #797, #2067, #2563 ),
 ( #5135, #2641, #7620 ),
 ( #3338, #4527, #718 ),
 ( #1980, #1290, #3251 ),
 ( #7660, #4481, #5748 ),
 ( #1940, #1330, #3782 ),
 ( #675, #4438, #6321 ),
 ( #6966, #2721, #3168 ),
 ( #2683, #5665, #1412 ),
 ( #60, #5057, #6400 ),
 ( #6922, #3825, #3297 ),
 ( #5837, #5793, #5706 ),
 ( #1374, #97, #5178 ),
 ( #4569, #3865, #3947 ) ),
 .UNSPECIFIED., .F., .F., .F. ) 
 B_SPLINE_SURFACE_WITH_KNOTS ( ( 4, 2, 2, 2, 2, 2, 2, 2, 2, 2, 2, 2, 2, 4 ),
 ( 3, 3 ),
 ( 0.000000000000000000, 0.001805731722920767826, 0.002708597584381151630, 0.003611463445841535651, 0.005417195168762303260, 0.006320061030222687282, 0.007222926891683071303, 0.008125792753143455324, 0.009028658614603838478, 0.01083439033752460652, 0.01173725619898498967, 0.01264012206044537456, 0.01354298792190575945, 0.01444585378336614261 ),
 ( 0.000000000000000000, 1.000000000000000000 ),
 .UNSPECIFIED. ) 
 GEOMETRIC_REPRESENTATION_ITEM ( )  RATIONAL_B_SPLINE_SURFACE ( (
 ( 1.000000000000000000, 0.7071067811865475727, 1.000000000000000000),
 ( 1.000000000000000000, 0.7094877807640392886, 1.000000000000000000),
 ( 1.000000000000000000, 0.7122278447124211764, 1.000000000000000000),
 ( 1.000000000000000000, 0.7172929564180154927, 1.000000000000000000),
 ( 1.000000000000000000, 0.7191505587810229638, 1.000000000000000000),
 ( 1.000000000000000000, 0.7232525098388609130, 1.000000000000000000),
 ( 1.000000000000000000, 0.7254856015172999051, 1.000000000000000000),
 ( 1.000000000000000000, 0.7328999304051905250, 1.000000000000000000),
 ( 1.000000000000000000, 0.7387617484443435023, 1.000000000000000000),
 ( 1.000000000000000000, 0.7500655001558007573, 1.000000000000000000),
 ( 1.000000000000000000, 0.7542473685734805144, 1.000000000000000000),
 ( 1.000000000000000000, 0.7635517750323794761, 1.000000000000000000),
 ( 1.000000000000000000, 0.7686904199418147510, 1.000000000000000000),
 ( 1.000000000000000000, 0.7802327255438790132, 1.000000000000000000),
 ( 1.000000000000000000, 0.7866369209601340451, 1.000000000000000000),
 ( 1.000000000000000000, 0.8010675454620190816, 1.000000000000000000),
 ( 1.000000000000000000, 0.8091306414903416400, 1.000000000000000000),
 ( 1.000000000000000000, 0.8360306075360682820, 1.000000000000000000),
 ( 1.000000000000000000, 0.8578168895873274913, 1.000000000000000000),
 ( 1.000000000000000000, 0.8954014281917769269, 1.000000000000000000),
 ( 1.000000000000000000, 0.9086379367478838454, 1.000000000000000000),
 ( 1.000000000000000000, 0.9350099031491500012, 1.000000000000000000),
 ( 1.000000000000000000, 0.9481495851501224870, 1.000000000000000000),
 ( 1.000000000000000000, 0.9715737857692994250, 1.000000000000000000),
 ( 1.000000000000000000, 0.9818044557974221487, 1.000000000000000000),
 ( 1.000000000000000000, 0.9960585661882174202, 1.000000000000000000),
 ( 1.000000000000000000, 1.000044899600125214, 1.000000000000000000),
 ( 1.000000000000000000, 1.000000000000000000, 1.000000000000000000) ) ) 
 REPRESENTATION_ITEM ( '' )  SURFACE ( )  );
#2719 = CARTESIAN_POINT ( 'NONE',  ( 8.590627837727927485, 4.214679051920555253, -15.99999999999998934 ) ) ;
#2720 = CARTESIAN_POINT ( 'NONE',  ( -20.95299368506939430, 7.576535596036504394, -15.96100193424753932 ) ) ;
#2721 = CARTESIAN_POINT ( 'NONE',  ( 32.84913779623403229, 11.00000000000000178, -13.87675763341334445 ) ) ;
#2722 = ORIENTED_EDGE ( 'NONE', *, *, #5535, .T. ) ;
#2723 = CARTESIAN_POINT ( 'NONE',  ( 15.29370082440923184, -8.274942384254615035, -15.84751463018066175 ) ) ;
#2724 = ORIENTED_EDGE ( 'NONE', *, *, #888, .T. ) ;
#2725 = CARTESIAN_POINT ( 'NONE',  ( 6.141811213541630288, 8.990578353859444150, -0.5204469413204976247 ) ) ;
#2726 = CARTESIAN_POINT ( 'NONE',  ( -22.96235636991605134, -7.591945637810727732, -15.96758659263428726 ) ) ;
#2727 = DIRECTION ( 'NONE',  ( 0.8506400808313631101, -0.5257484692162326390, 0.000000000000000000 ) ) ;
#2728 = CARTESIAN_POINT ( 'NONE',  ( -22.31662479035541224, -0.9999999999999997780, -16.99999999999998224 ) ) ;
#2729 = CARTESIAN_POINT ( 'NONE',  ( 18.58332393434862695, 11.00000000000029132, -15.16582187077021970 ) ) ;
#2730 = ORIENTED_EDGE ( 'NONE', *, *, #346, .F. ) ;
#2731 = CARTESIAN_POINT ( 'NONE',  ( 11.44385800043844270, 9.648175650400924397, -11.08404675835808106 ) ) ;
#2732 = ADVANCED_FACE ( 'NONE', ( #6919 ), #5806, .T. ) ;
#2733 = EDGE_CURVE ( 'NONE', #2861, #7327, #3039, .T. ) ;
#2734 = CARTESIAN_POINT ( 'NONE',  ( 15.68337520964459664, 6.999999999999999112, -15.99999999999999645 ) ) ;
#2735 = CARTESIAN_POINT ( 'NONE',  ( -18.33707138320077590, -9.465184118115711698, -16.17577702405197826 ) ) ;
#2736 = LINE ( 'NONE', #811, #5521 ) ;
#2737 = CARTESIAN_POINT ( 'NONE',  ( 1.434526148038041349, -11.00000000000000000, -5.971093233894797514 ) ) ;
#2738 = CARTESIAN_POINT ( 'NONE',  ( -13.93340034468572597, 9.437634144714785123, -15.18230471070989118 ) ) ;
#2739 = CARTESIAN_POINT ( 'NONE',  ( -0.4280559804581339223, -3.883116238033132106, 0.000000000000000000 ) ) ;
#2740 = ORIENTED_EDGE ( 'NONE', *, *, #4729, .F. ) ;
#2741 = CARTESIAN_POINT ( 'NONE',  ( -6.636936963348308183, 10.99999999999999289, -4.328340697789232472 ) ) ;
#2742 = EDGE_CURVE ( 'NONE', #5968, #3465, #5488, .T. ) ;
#2743 = CARTESIAN_POINT ( 'NONE',  ( 7.139720004487765337, 8.432719171582560236, -14.41852772454252829 ) ) ;
#2744 = ORIENTED_EDGE ( 'NONE', *, *, #6984, .T. ) ;
#2745 = AXIS2_PLACEMENT_3D ( 'NONE', #6734, #517, #2405 ) ;
#2746 = CARTESIAN_POINT ( 'NONE',  ( -35.34220307950871387, 8.545109932785592832, -17.64793309011373523 ) ) ;
#2747 = CARTESIAN_POINT ( 'NONE',  ( 1.342511807471031826, -9.629600423015842736, -4.991635498249717529 ) ) ;
#2748 = CARTESIAN_POINT ( 'NONE',  ( 1.876162204679900469, -7.463084600370359922, -15.99999999999998579 ) ) ;
#2749 = CIRCLE ( 'NONE', #125, 4.330127018922196314 ) ;
#2750 = CARTESIAN_POINT ( 'NONE',  ( 11.53494398606784266, 6.912734961844118509, 2.582248794136885498E-13 ) ) ;
#2751 = DIRECTION ( 'NONE',  ( 0.000000000000000000, 1.000000000000000000, 0.000000000000000000 ) ) ;
#2752 = CARTESIAN_POINT ( 'NONE',  ( -8.863543418573271992, 6.509526268701217866, -15.99999999999998579 ) ) ;
#2753 = CARTESIAN_POINT ( 'NONE',  ( 6.637381710058883222, 10.99999999999999645, -4.329203467891000301 ) ) ;
#2754 = CARTESIAN_POINT ( 'NONE',  ( -21.48391063790033328, 6.565450104218625071, -16.49999999481259039 ) ) ;
#2755 = DIRECTION ( 'NONE',  ( -0.000000000000000000, -1.000000000000000000, -0.000000000000000000 ) ) ;
#2756 = CARTESIAN_POINT ( 'NONE',  ( 11.39197627077666652, 4.205172089711345151, -15.99999999999998934 ) ) ;
#2757 = CARTESIAN_POINT ( 'NONE',  ( -23.33012701892220164, -5.000000000000000888, -16.49999999999998579 ) ) ;
#2758 = B_SPLINE_CURVE_WITH_KNOTS ( 'NONE', 3,
 ( #3186, #4989, #1914, #8042 ),
 .UNSPECIFIED., .F., .F.,
 ( 4, 4 ),
 ( 8.673617379884035472E-19, 0.001261519310006164194 ),
 .UNSPECIFIED. ) ;
#2759 = CARTESIAN_POINT ( 'NONE',  ( -36.66407190995505516, -8.141065360571996479, -19.92336338616467017 ) ) ;
#2760 = EDGE_LOOP ( 'NONE', ( #6504, #7661, #4462, #1870 ) ) ;
#2761 = CARTESIAN_POINT ( 'NONE',  ( 18.61579440569655830, -9.722271620867431352, -15.87578506382357446 ) ) ;
#2762 = ORIENTED_EDGE ( 'NONE', *, *, #6875, .T. ) ;
#2763 = DIRECTION ( 'NONE',  ( -1.000000000000000000, -1.084202172485504434E-16, 0.000000000000000000 ) ) ;
#2764 = CARTESIAN_POINT ( 'NONE',  ( -7.028499965306068908, 9.025123179581161281, -14.12378439950806808 ) ) ;
#2765 = CARTESIAN_POINT ( 'NONE',  ( -10.27023508128253404, 9.504616787334493111, -10.61127474998220599 ) ) ;
#2766 = CARTESIAN_POINT ( 'NONE',  ( -2.521428816421768193, -9.857898045108408169, -12.20019884682168332 ) ) ;
#2767 = CARTESIAN_POINT ( 'NONE',  ( -10.00000000000000000, 11.00000000000000000, -8.000000000000000000 ) ) ;
#2768 = CARTESIAN_POINT ( 'NONE',  ( 20.49042124226808781, 11.00000000000000000, -12.01228125590228224 ) ) ;
#2769 = CIRCLE ( 'NONE', #7330, 1.000000000000000888 ) ;
#2770 = ORIENTED_EDGE ( 'NONE', *, *, #6198, .F. ) ;
#2771 = CIRCLE ( 'NONE', #6812, 1.000000000000000888 ) ;
#2772 = CARTESIAN_POINT ( 'NONE',  ( 13.54431097709866982, 7.517181988109652657, -15.97478666941761993 ) ) ;
#2773 = CARTESIAN_POINT ( 'NONE',  ( -21.18536327398065566, 6.768674958776937700, -16.48066033562997745 ) ) ;
#2774 = CARTESIAN_POINT ( 'NONE',  ( 9.833110596915682677, 4.572714414311429110, -1.699999999999999067 ) ) ;
#2775 = CARTESIAN_POINT ( 'NONE',  ( -22.31662479035541935, 6.999999999999989342, -15.99999999999998224 ) ) ;
#2776 = CARTESIAN_POINT ( 'NONE',  ( 1.766270213595628080, -11.00000000000000000, -5.810810198005106564 ) ) ;
#2777 = CARTESIAN_POINT ( 'NONE',  ( -13.71461262864238151, 8.281734304255321533, -15.79811604659565560 ) ) ;
#2778 = EDGE_CURVE ( 'NONE', #6599, #3663, #1602, .T. ) ;
#2779 = ADVANCED_FACE ( 'NONE', ( #3589 ), #6371, .T. ) ;
#2780 = ORIENTED_EDGE ( 'NONE', *, *, #1237, .T. ) ;
#2781 = CARTESIAN_POINT ( 'NONE',  ( -8.465334452133131293, 10.99999999999999289, -4.354592958033486561 ) ) ;
#2782 = CARTESIAN_POINT ( 'NONE',  ( -13.53231758303410892, 10.99999999999999467, -3.999999999999996447 ) ) ;
#2783 = ORIENTED_EDGE ( 'NONE', *, *, #2329, .F. ) ;
#2784 = AXIS2_PLACEMENT_3D ( 'NONE', #715, #631, #3164 ) ;
#2785 = B_SPLINE_CURVE_WITH_KNOTS ( 'NONE', 3,
 ( #6192, #6714, #537, #7969, #7369, #6669, #3612, #6834, #5612, #5446, #3732, #2425 ),
 .UNSPECIFIED., .F., .F.,
 ( 4, 2, 2, 2, 2, 4 ),
 ( 0.000000000000000000, 0.001004519528086661147, 0.002009039056173322294, 0.003013558584259983658, 0.003515818348303312822, 0.004018078112346642854 ),
 .UNSPECIFIED. ) ;
#2786 = CARTESIAN_POINT ( 'NONE',  ( -34.39375452036574643, 11.00000000000050626, -15.58436172863452995 ) ) ;
#2787 = CARTESIAN_POINT ( 'NONE',  ( 7.925966043121892568, 4.688022449650568468, 0.000000000000000000 ) ) ;
#2788 = CARTESIAN_POINT ( 'NONE',  ( 2.208511807401268724E-11, -9.500000000000000000, -5.401923788646685765 ) ) ;
#2789 = ADVANCED_FACE ( 'NONE', ( #5220 ), #4701, .T. ) ;
#2790 = CARTESIAN_POINT ( 'NONE',  ( -0.3826769690288443493, -11.00000000000000000, -11.44994223329478977 ) ) ;
#2791 = AXIS2_PLACEMENT_3D ( 'NONE', #4534, #7057, #7705 ) ;
#2792 = CARTESIAN_POINT ( 'NONE',  ( 0.5646698845182027693, -6.237084333641408129, -15.99999999999998757 ) ) ;
#2793 = CARTESIAN_POINT ( 'NONE',  ( -2.786993029667160560, -9.897566259887961237, -12.75161158966552932 ) ) ;
#2794 = CARTESIAN_POINT ( 'NONE',  ( 23.05403613606752344, -8.074336838513454850, -15.85501330625031180 ) ) ;
#2795 = VECTOR ( 'NONE', #5615, 1000.000000000000000 ) ;
#2796 = CARTESIAN_POINT ( 'NONE',  ( -2.942176924134746852, -10.73798747542257281, -2.542819766505842072 ) ) ;
#2797 = DIRECTION ( 'NONE',  ( -0.7416198487095674308, 0.000000000000000000, -0.6708203932499356981 ) ) ;
#2798 = CARTESIAN_POINT ( 'NONE',  ( -3.657688512879961440, -8.022929562013912275, -15.87556723427205618 ) ) ;
#2799 = CARTESIAN_POINT ( 'NONE',  ( 16.76769716698792223, -8.902666304012296195, -16.21288194226194435 ) ) ;
#2800 = ADVANCED_FACE ( 'NONE', ( #2911 ), #2499, .T. ) ;
#2801 = CARTESIAN_POINT ( 'NONE',  ( -18.25559605441473821, 10.99999999999999289, -12.03395510134740576 ) ) ;
#2802 = CARTESIAN_POINT ( 'NONE',  ( 12.48895093300324710, 6.931324937929395524, -14.52315447690191164 ) ) ;
#2803 = EDGE_CURVE ( 'NONE', #2868, #2313, #2136, .T. ) ;
#2804 = EDGE_LOOP ( 'NONE', ( #1507, #658, #1909 ) ) ;
#2805 = CIRCLE ( 'NONE', #7364, 1.000000000000000888 ) ;
#2806 = ORIENTED_EDGE ( 'NONE', *, *, #4902, .F. ) ;
#2807 = CARTESIAN_POINT ( 'NONE',  ( -22.10002097211439320, -8.576910812344690882, -15.91671773296972070 ) ) ;
#2808 = CARTESIAN_POINT ( 'NONE',  ( -6.467682416965895520, 10.99999999999999289, -11.99999999999999112 ) ) ;
#2809 = CARTESIAN_POINT ( 'NONE',  ( -19.00000000000000000, -5.000000000000000000, -16.49999999999998579 ) ) ;
#2810 = CARTESIAN_POINT ( 'NONE',  ( -8.903771156495464467, 9.587309324621326567, -10.86544680263225260 ) ) ;
#2811 = DIRECTION ( 'NONE',  ( -1.000000000000000000, -1.559302000878028960E-16, 2.344220913482171656E-16 ) ) ;
#2812 = ORIENTED_EDGE ( 'NONE', *, *, #4492, .T. ) ;
#2813 = CARTESIAN_POINT ( 'NONE',  ( 13.96413198893642083, 10.60696001493789531, -13.73432111088913743 ) ) ;
#2814 = CARTESIAN_POINT ( 'NONE',  ( -33.07223753041235881, -9.809520576628214528, -15.34908011254090709 ) ) ;
#2815 = CARTESIAN_POINT ( 'NONE',  ( -15.30638454371752744, -7.810747978726340079, -15.92533131205955854 ) ) ;
#2816 = DIRECTION ( 'NONE',  ( -0.4581904831346157447, 1.987084468906931424E-16, 0.8888540269160442042 ) ) ;
#2817 = CARTESIAN_POINT ( 'NONE',  ( 22.41362015626074466, -10.99999999999999822, -12.03892732350603900 ) ) ;
#2818 = CARTESIAN_POINT ( 'NONE',  ( -12.57055243109632769, 7.255791592464741591, -14.55236471318667846 ) ) ;
#2819 = ORIENTED_EDGE ( 'NONE', *, *, #5740, .F. ) ;
#2820 = CARTESIAN_POINT ( 'NONE',  ( -2.107599718354779217, -6.018123046752237748, -1.563830952274612107 ) ) ;
#2821 = CARTESIAN_POINT ( 'NONE',  ( 15.05878088853289754, -8.124137213219007947, -15.85140830424455061 ) ) ;
#2822 = VERTEX_POINT ( 'NONE', #3267 ) ;
#2823 = CARTESIAN_POINT ( 'NONE',  ( -32.18348246060915585, 10.99999999999999289, -13.19001088970936486 ) ) ;
#2824 = EDGE_CURVE ( 'NONE', #1816, #7060, #7743, .T. ) ;
#2825 = SPHERICAL_SURFACE ( 'NONE', #4619, 3.000000000000000000 ) ;
#2826 = EDGE_CURVE ( 'NONE', #7016, #7776, #7634, .T. ) ;
#2827 = CARTESIAN_POINT ( 'NONE',  ( 36.87453308207737024, 11.00000000000000000, -15.01445027784680875 ) ) ;
#2828 = EDGE_CURVE ( 'NONE', #5261, #2232, #5008, .T. ) ;
#2829 = CARTESIAN_POINT ( 'NONE',  ( 3.157005415173625984, -6.216472786565672592, -15.99999999999998579 ) ) ;
#2830 = CARTESIAN_POINT ( 'NONE',  ( -2.958840815074560204, -8.939885459255094702, -14.17909015342946333 ) ) ;
#2831 = EDGE_CURVE ( 'NONE', #3672, #5188, #953, .T. ) ;
#2832 = CARTESIAN_POINT ( 'NONE',  ( 13.96920255221616358, 10.60733514610312866, -2.251843830714261419 ) ) ;
#2833 = CARTESIAN_POINT ( 'NONE',  ( -8.563837227715801248, 5.147400731721354816, -14.35321475911335831 ) ) ;
#2834 = DIRECTION ( 'NONE',  ( 0.000000000000000000, 1.000000000000000000, -0.000000000000000000 ) ) ;
#2835 = CARTESIAN_POINT ( 'NONE',  ( -2.893641587915467994, -8.587111128964890483, -14.35974875461710099 ) ) ;
#2836 = DIRECTION ( 'NONE',  ( -0.4581904831346160778, 0.000000000000000000, -0.8888540269160437601 ) ) ;
#2837 = B_SPLINE_CURVE_WITH_KNOTS ( 'NONE', 3,
 ( #1652, #5338, #4151, #2924, #5417, #4728, #6643, #382, #3580, #2193, #1043, #7819, #2884, #3538, #6031, #6076, #7216, #7897 ),
 .UNSPECIFIED., .F., .F.,
 ( 4, 2, 2, 2, 2, 2, 2, 2, 4 ),
 ( 3.576224061345498009E-18, 0.0007955008886252048703, 0.001591001777250406054, 0.002386502665875607238, 0.003182003554500808639, 0.003977504443126010474, 0.004773005331751211007, 0.005568506220376411540, 0.006364007109001616411 ),
 .UNSPECIFIED. ) ;
#2838 = CARTESIAN_POINT ( 'NONE',  ( -21.23606797749981467, 7.428366505423983135, -15.97699662270798093 ) ) ;
#2839 = CARTESIAN_POINT ( 'NONE',  ( -2.074033956878116314, -4.688022449650561363, -15.99999999999998579 ) ) ;
#2840 = ORIENTED_EDGE ( 'NONE', *, *, #1785, .F. ) ;
#2841 = CARTESIAN_POINT ( 'NONE',  ( -22.31662479035541224, -0.9999999999999995559, -16.99999999999998224 ) ) ;
#2842 = ORIENTED_EDGE ( 'NONE', *, *, #120, .T. ) ;
#2843 = EDGE_CURVE ( 'NONE', #2427, #1166, #892, .T. ) ;
#2844 = CARTESIAN_POINT ( 'NONE',  ( -22.51214696495389234, -8.194123260200807835, -15.93290196201200359 ) ) ;
#2845 = CARTESIAN_POINT ( 'NONE',  ( -9.812012200645467530, 10.99999999999999112, -11.45968987036105702 ) ) ;
#2846 = CARTESIAN_POINT ( 'NONE',  ( -2.229868368671885648, -11.00000000000000000, -10.48073386053907896 ) ) ;
#2847 = CARTESIAN_POINT ( 'NONE',  ( -39.99999999999998579, 10.99999999999998934, -21.94987437106618700 ) ) ;
#2848 = DIRECTION ( 'NONE',  ( -1.000000000000000000, 0.000000000000000000, 2.344220913482171656E-16 ) ) ;
#2849 = APPROVAL_PERSON_ORGANIZATION ( #5049, #467, #5697 ) ;
#2850 = ORIENTED_EDGE ( 'NONE', *, *, #4999, .F. ) ;
#2851 = ORIENTED_EDGE ( 'NONE', *, *, #7488, .F. ) ;
#2852 = CARTESIAN_POINT ( 'NONE',  ( 12.33015901048766949, 8.383617393597521783, -15.77898516364503934 ) ) ;
#2853 = CARTESIAN_POINT ( 'NONE',  ( -32.88922695494988346, -9.952694175548824518, -15.14038257206093441 ) ) ;
#2854 = CARTESIAN_POINT ( 'NONE',  ( -14.95752339611055071, -8.078492460641019335, -15.85460089669611605 ) ) ;
#2855 = DIRECTION ( 'NONE',  ( -1.000000000000000000, 0.000000000000000000, 0.000000000000000000 ) ) ;
#2856 = CARTESIAN_POINT ( 'NONE',  ( 17.31236575311462644, -10.99999999999999822, -12.51221333723708895 ) ) ;
#2857 = CARTESIAN_POINT ( 'NONE',  ( 1.914883695796980589, -4.551758125465775962, -0.000000000000000000 ) ) ;
#2858 = ORIENTED_EDGE ( 'NONE', *, *, #2631, .F. ) ;
#2859 = FACE_OUTER_BOUND ( 'NONE', #1541, .T. ) ;
#2860 = CARTESIAN_POINT ( 'NONE',  ( 15.08729399148171701, -8.140424980965535795, -15.85071297483769293 ) ) ;
#2861 = VERTEX_POINT ( 'NONE', #5851 ) ;
#2862 = CARTESIAN_POINT ( 'NONE',  ( -12.08778778679339538, 4.700698233042863272, -15.99999999999998224 ) ) ;
#2863 = CARTESIAN_POINT ( 'NONE',  ( -21.85733688978589484, -8.879502586038277911, -15.85356487795850811 ) ) ;
#2864 = FACE_OUTER_BOUND ( 'NONE', #6857, .T. ) ;
#2865 = CARTESIAN_POINT ( 'NONE',  ( 22.31662479035540159, -1.000000000000000666, -16.99999999999999645 ) ) ;
#2866 = CARTESIAN_POINT ( 'NONE',  ( 7.932813762629357335, 5.924078696033939551, -1.572787616692163937 ) ) ;
#2867 = TOROIDAL_SURFACE ( 'NONE', #7173, 16.00000000000000000, 4.000000000000000000 ) ;
#2868 = VERTEX_POINT ( 'NONE', #4007 ) ;
#2869 = CARTESIAN_POINT ( 'NONE',  ( 13.81476117992347064, 8.765815405549570727, -0.4013302063628818028 ) ) ;
#2870 = CARTESIAN_POINT ( 'NONE',  ( 2.942176924135012861, -10.73798747542238630, -13.45718023349451542 ) ) ;
#2871 = CARTESIAN_POINT ( 'NONE',  ( 3.545722161824179874, -7.523377073318597397, -15.97412284761337631 ) ) ;
#2872 = CARTESIAN_POINT ( 'NONE',  ( -2.889626390351200946, -10.81179576066897496, -13.25910988512418598 ) ) ;
#2873 = CARTESIAN_POINT ( 'NONE',  ( -7.277140027504087172, 9.902497302770957077, -3.397890507158369378 ) ) ;
#2874 = CIRCLE ( 'NONE', #1961, 4.330127018922199866 ) ;
#2875 = CARTESIAN_POINT ( 'NONE',  ( 7.345673114688123562, 10.99999999999999645, -5.168906093245958289 ) ) ;
#2876 = CARTESIAN_POINT ( 'NONE',  ( -34.73848502785314452, -8.781425675569963119, -16.98771417068801881 ) ) ;
#2877 = EDGE_LOOP ( 'NONE', ( #2037, #5978, #61, #958, #8054 ) ) ;
#2878 = CARTESIAN_POINT ( 'NONE',  ( -17.68733379744489298, -9.304428242855111719, -16.18555899708419687 ) ) ;
#2879 = EDGE_CURVE ( 'NONE', #3274, #4758, #3356, .T. ) ;
#2880 = CARTESIAN_POINT ( 'NONE',  ( 2.208511807401268724E-11, -9.500000000000000000, -5.401923788646685765 ) ) ;
#2881 = CARTESIAN_POINT ( 'NONE',  ( -7.620078747239044326, 10.99999999999999289, -12.28215779746286174 ) ) ;
#2882 = CYLINDRICAL_SURFACE ( 'NONE', #1462, 20.00000000000000000 ) ;
#2883 = DIRECTION ( 'NONE',  ( -0.000000000000000000, 0.000000000000000000, -1.000000000000000000 ) ) ;
#2884 = CARTESIAN_POINT ( 'NONE',  ( -6.185238820076532029, 8.765815405549565398, -0.4013302063628820249 ) ) ;
#2885 = EDGE_CURVE ( 'NONE', #2917, #7340, #5140, .T. ) ;
#2886 = ORIENTED_EDGE ( 'NONE', *, *, #4851, .T. ) ;
#2887 = CARTESIAN_POINT ( 'NONE',  ( 0.3222664895812605845, -6.207352007895647894, 4.336808689942017736E-16 ) ) ;
#2888 = ORIENTED_EDGE ( 'NONE', *, *, #4400, .T. ) ;
#2889 = DIRECTION ( 'NONE',  ( -1.000000000000000000, 0.000000000000000000, 0.000000000000000000 ) ) ;
#2890 = CARTESIAN_POINT ( 'NONE',  ( 7.464164950504077467, 10.99999999999999645, -12.51367131120640863 ) ) ;
#2891 = CARTESIAN_POINT ( 'NONE',  ( -35.84888719436975180, -8.375504344011634572, -18.31276820371857994 ) ) ;
#2892 = CARTESIAN_POINT ( 'NONE',  ( 41.50000000000002132, -6.999999999999995559, -36.50000000000000000 ) ) ;
#2893 = DIRECTION ( 'NONE',  ( 1.000000000000000000, 7.796510004390144799E-17, -2.344220913482171656E-16 ) ) ;
#2894 = CARTESIAN_POINT ( 'NONE',  ( -2.522309966727031671, -9.858093143178232154, -3.798043015358978813 ) ) ;
#2895 = AXIS2_PLACEMENT_3D ( 'NONE', #5367, #4061, #254 ) ;
#2896 = VERTEX_POINT ( 'NONE', #7109 ) ;
#2897 = ADVANCED_FACE ( 'NONE', ( #6415 ), #3570, .F. ) ;
#2898 = CARTESIAN_POINT ( 'NONE',  ( 15.21485985540394381, -8.220566204763352758, -15.84837600125095491 ) ) ;
#2899 = EDGE_LOOP ( 'NONE', ( #5891, #2165, #2351, #3773 ) ) ;
#2900 = CARTESIAN_POINT ( 'NONE',  ( -31.19153068342394519, 10.99999999999999289, -12.38306331504293212 ) ) ;
#2901 = CARTESIAN_POINT ( 'NONE',  ( -18.62595329929486709, -9.712361421345876877, -15.87551114405257380 ) ) ;
#2902 = AXIS2_PLACEMENT_3D ( 'NONE', #6814, #5558, #4868 ) ;
#2903 = AXIS2_PLACEMENT_3D ( 'NONE', #1877, #4290, #1266 ) ;
#2904 = CARTESIAN_POINT ( 'NONE',  ( 33.28124627730973373, 11.00000000000000355, -12.81181444915318757 ) ) ;
#2905 = CARTESIAN_POINT ( 'NONE',  ( -14.89720437123671459, -7.131070997167138437, -16.02051379632422723 ) ) ;
#2906 = CARTESIAN_POINT ( 'NONE',  ( -21.70356703948832688, -10.99999999999999822, -12.18042650423012674 ) ) ;
#2907 = CARTESIAN_POINT ( 'NONE',  ( 7.243751684746798425, 5.473445837445817475, 0.000000000000000000 ) ) ;
#2908 = CARTESIAN_POINT ( 'NONE',  ( 7.004954572813533176, 9.544075695970954953, -2.372034405670263801 ) ) ;
#2909 = ORIENTED_EDGE ( 'NONE', *, *, #1726, .T. ) ;
#2910 = CARTESIAN_POINT ( 'NONE',  ( -2.614146956837713365, -7.429133625572144517, -1.432030105125473129 ) ) ;
#2911 = FACE_OUTER_BOUND ( 'NONE', #3169, .T. ) ;
#2912 = DIRECTION ( 'NONE',  ( 0.000000000000000000, 0.000000000000000000, -1.000000000000000000 ) ) ;
#2913 = CARTESIAN_POINT ( 'NONE',  ( 12.64923818727557858, 9.886196562445498159, -12.45521375021799315 ) ) ;
#2914 = AXIS2_PLACEMENT_3D ( 'NONE', #6720, #6199, #592 ) ;
#2915 = CARTESIAN_POINT ( 'NONE',  ( -16.99685577015641513, 7.141166961497965815, -16.02191725632926378 ) ) ;
#2916 = DIRECTION ( 'NONE',  ( 7.796510004390144799E-17, -1.000000000000000000, -0.000000000000000000 ) ) ;
#2917 = VERTEX_POINT ( 'NONE', #4624 ) ;
#2918 = CARTESIAN_POINT ( 'NONE',  ( 22.94488385637179562, -8.121589218983055858, -15.85147365630259664 ) ) ;
#2919 = CIRCLE ( 'NONE', #5017, 4.000000000000003553 ) ;
#2920 = CARTESIAN_POINT ( 'NONE',  ( -1.096008950258863468, -9.587296286378540700, -5.134583898067717200 ) ) ;
#2921 = CARTESIAN_POINT ( 'NONE',  ( 44.50000000000002842, 7.000000000000002665, -33.49999999999999289 ) ) ;
#2922 = CARTESIAN_POINT ( 'NONE',  ( -23.37911888655718684, -7.726265732657929597, -15.94849362709497065 ) ) ;
#2923 = CARTESIAN_POINT ( 'NONE',  ( 7.014550709470072754, 9.639369182306232631, -13.49917318090237295 ) ) ;
#2924 = CARTESIAN_POINT ( 'NONE',  ( -6.155065467185130146, 10.87978259746999754, -2.993342821861695313 ) ) ;
#2925 = AXIS2_PLACEMENT_3D ( 'NONE', #3859, #1369, #3333 ) ;
#2926 = CIRCLE ( 'NONE', #3583, 1.000000000000000222 ) ;
#2927 = ORIENTED_EDGE ( 'NONE', *, *, #6046, .F. ) ;
#2928 = FACE_OUTER_BOUND ( 'NONE', #5440, .T. ) ;
#2929 = ORIENTED_EDGE ( 'NONE', *, *, #7580, .F. ) ;
#2930 = CARTESIAN_POINT ( 'NONE',  ( -24.49999999999996803, -11.00000000000000178, -20.00000000000000000 ) ) ;
#2931 = VECTOR ( 'NONE', #6230, 1000.000000000000000 ) ;
#2932 = DIRECTION ( 'NONE',  ( 0.000000000000000000, 0.000000000000000000, -1.000000000000000000 ) ) ;
#2933 = EDGE_CURVE ( 'NONE', #1585, #3100, #2736, .T. ) ;
#2934 = CARTESIAN_POINT ( 'NONE',  ( -36.18469275402927110, -8.274272792840642765, -18.83774986952047925 ) ) ;
#2935 = CARTESIAN_POINT ( 'NONE',  ( -15.31952098397594497, -7.819876593686644561, -15.93377791227571905 ) ) ;
#2936 = DIRECTION ( 'NONE',  ( 0.2860511657490344972, -0.9582143447964127647, 8.311184594680352626E-16 ) ) ;
#2937 = CARTESIAN_POINT ( 'NONE',  ( -7.912212213206610834, 4.700698233042873930, -0.000000000000000000 ) ) ;
#2938 = VERTEX_POINT ( 'NONE', #5887 ) ;
#2939 = CARTESIAN_POINT ( 'NONE',  ( -10.19252008019829248, 10.99999999999999645, -6.267541470542826509 ) ) ;
#2940 = ORIENTED_EDGE ( 'NONE', *, *, #5423, .F. ) ;
#2941 = EDGE_CURVE ( 'NONE', #340, #1313, #37, .T. ) ;
#2942 = CARTESIAN_POINT ( 'NONE',  ( -9.336016711875252838, 4.680426573902359166, -1.690162738063624159 ) ) ;
#2943 = CARTESIAN_POINT ( 'NONE',  ( -22.47614231043548827, -8.441788505507528129, -15.84696304231059116 ) ) ;
#2944 = CARTESIAN_POINT ( 'NONE',  ( 0.5636415554181900545, -9.524364062335726189, -10.66947933977736263 ) ) ;
#2945 = EDGE_CURVE ( 'NONE', #5568, #6724, #1397, .T. ) ;
#2946 = DIRECTION ( 'NONE',  ( 1.000000000000000000, 1.559302000878028960E-16, 0.000000000000000000 ) ) ;
#2947 = CARTESIAN_POINT ( 'NONE',  ( -0.2006945107014938834, -6.213921223983621900, -15.99999999999998579 ) ) ;
#2948 = CARTESIAN_POINT ( 'NONE',  ( 7.057008372890035020, 10.73663122088194299, -2.539403601823760237 ) ) ;
#2949 = ORIENTED_EDGE ( 'NONE', *, *, #3192, .T. ) ;
#2950 = CARTESIAN_POINT ( 'NONE',  ( -2.113777745842524425, -7.940124366526534416, -0.08103949035256483024 ) ) ;
#2951 = CARTESIAN_POINT ( 'NONE',  ( -12.74419496084743031, 7.942693726931802090, -14.53811665158789168 ) ) ;
#2952 = CARTESIAN_POINT ( 'NONE',  ( 12.57055243109632414, 7.255791592464746920, -1.447635286813311106 ) ) ;
#2953 = LINE ( 'NONE', #7441, #7952 ) ;
#2954 = CYLINDRICAL_SURFACE ( 'NONE', #1098, 2.999999999999999112 ) ;
#2955 = VERTEX_POINT ( 'NONE', #2162 ) ;
#2956 = DIRECTION ( 'NONE',  ( 9.479186445030908528E-28, 1.000000000000000000, -2.276824562219557103E-14 ) ) ;
#2957 = DIRECTION ( 'NONE',  ( 0.000000000000000000, -0.000000000000000000, 1.000000000000000000 ) ) ;
#2958 = CARTESIAN_POINT ( 'NONE',  ( 22.31662479035540514, 6.999999999999998224, -15.99999999999999289 ) ) ;
#2959 = CARTESIAN_POINT ( 'NONE',  ( -7.267050940501045275, 7.889770197674472740, -14.55903357854880475 ) ) ;
#2960 = CARTESIAN_POINT ( 'NONE',  ( -24.49999999999996803, -7.000000000000000888, -3.999999999999996447 ) ) ;
#2961 = CARTESIAN_POINT ( 'NONE',  ( -12.48904736782753844, 6.931708385360475511, -14.52318899690545528 ) ) ;
#2962 = FACE_OUTER_BOUND ( 'NONE', #454, .T. ) ;
#2963 = ORIENTED_EDGE ( 'NONE', *, *, #935, .T. ) ;
#2964 = CARTESIAN_POINT ( 'NONE',  ( 9.515385353967777959, 10.99999999999999645, -4.555127513844676734 ) ) ;
#2965 = ORIENTED_EDGE ( 'NONE', *, *, #4955, .T. ) ;
#2966 = CARTESIAN_POINT ( 'NONE',  ( 1.766270212730006284, -11.00000000000000178, -5.810810196704285779 ) ) ;
#2967 = CARTESIAN_POINT ( 'NONE',  ( 2.893641587915463997, -8.587111128964883378, -1.640251245382887912 ) ) ;
#2968 = CARTESIAN_POINT ( 'NONE',  ( 34.91963541363578827, -10.99999999999999645, -13.59750183752048969 ) ) ;
#2969 = CARTESIAN_POINT ( 'NONE',  ( 3.629315552204142925, -11.00000000000000000, -3.749108609707105355 ) ) ;
#2970 = CARTESIAN_POINT ( 'NONE',  ( -36.74529787853336416, -11.00000000000000355, -19.71098182209341232 ) ) ;
#2971 = FACE_OUTER_BOUND ( 'NONE', #6050, .T. ) ;
#2972 = CARTESIAN_POINT ( 'NONE',  ( -3.660000616603884538, -8.033346387088784013, -0.1270461901684362960 ) ) ;
#2973 = CARTESIAN_POINT ( 'NONE',  ( -11.91488369579698414, 4.551758125465769744, -0.000000000000000000 ) ) ;
#2974 = ORIENTED_EDGE ( 'NONE', *, *, #4235, .F. ) ;
#2975 = EDGE_CURVE ( 'NONE', #6558, #5094, #5765, .T. ) ;
#2976 = CARTESIAN_POINT ( 'NONE',  ( 13.53231758303410537, 10.99999999999999645, -11.99999999999999289 ) ) ;
#2977 = VERTEX_POINT ( 'NONE', #7907 ) ;
#2978 = CARTESIAN_POINT ( 'NONE',  ( -8.161142503050959007, 5.593391029502422285, -1.604501332948016445 ) ) ;
#2979 = CARTESIAN_POINT ( 'NONE',  ( 17.13661001875017220, 6.936396715132943314, -16.45612676359920812 ) ) ;
#2980 = CARTESIAN_POINT ( 'NONE',  ( 31.00000000000001421, 11.00000000000000178, -11.99999999999999645 ) ) ;
#2981 = CARTESIAN_POINT ( 'NONE',  ( -39.76132374518621049, -11.00000000000000178, -19.85611505463636917 ) ) ;
#2982 = CARTESIAN_POINT ( 'NONE',  ( 2.489047367827537549, -6.931708385360483504, -14.52318899690546239 ) ) ;
#2983 = EDGE_CURVE ( 'NONE', #100, #2232, #4625, .T. ) ;
#2984 = CARTESIAN_POINT ( 'NONE',  ( 9.605895482000020635, 6.208967420295989470, -4.576662329429391897E-14 ) ) ;
#2985 = CARTESIAN_POINT ( 'NONE',  ( 7.280511458103944733, 9.901750826711026576, -3.404617440246783033 ) ) ;
#2986 = EDGE_LOOP ( 'NONE', ( #5015, #1788, #1415, #7280 ) ) ;
#2987 = CARTESIAN_POINT ( 'NONE',  ( -2.332468827224052355, -8.388414653741735449, -0.2227788138695691311 ) ) ;
#2988 = CARTESIAN_POINT ( 'NONE',  ( -7.350761812724422306, 9.886196562445494607, -12.45521375021799138 ) ) ;
#2989 = CARTESIAN_POINT ( 'NONE',  ( 10.81884863869771607, 4.742611246136045011, -1.684461248977233483 ) ) ;
#2990 = CARTESIAN_POINT ( 'NONE',  ( -12.36257614733347232, 9.825274471193575110, -11.96303632832265862 ) ) ;
#2991 = CARTESIAN_POINT ( 'NONE',  ( 12.72285997249591638, 9.902497302770957077, -3.397890507158367157 ) ) ;
#2992 = DIRECTION ( 'NONE',  ( -1.000000000000000000, -7.796510004390144799E-17, 0.000000000000000000 ) ) ;
#2993 = AXIS2_PLACEMENT_3D ( 'NONE', #4826, #3476, #1015 ) ;
#2994 = ORIENTED_EDGE ( 'NONE', *, *, #1025, .T. ) ;
#2995 = CARTESIAN_POINT ( 'NONE',  ( 23.12310562561766503, -8.057641145488917189, -15.85764114548885573 ) ) ;
#2996 = B_SPLINE_CURVE_WITH_KNOTS ( 'NONE', 3,
 ( #2708, #243, #324, #2094, #1554, #903, #1478, #6510, #3441, #4593, #5244, #206 ),
 .UNSPECIFIED., .F., .F.,
 ( 4, 2, 2, 2, 2, 4 ),
 ( 0.000000000000000000, 0.001004519528086656810, 0.002009039056173313621, 0.003013558584259970648, 0.003515818348303298944, 0.004018078112346627241 ),
 .UNSPECIFIED. ) ;
#2997 = CARTESIAN_POINT ( 'NONE',  ( 7.350761812724420530, 9.886196562445496383, -12.45521375021799315 ) ) ;
#2998 = AXIS2_PLACEMENT_3D ( 'NONE', #1529, #7738, #2262 ) ;
#2999 = CARTESIAN_POINT ( 'NONE',  ( -9.371797135280255375, 4.669058451229304296, -1.691203672609700392 ) ) ;
#3000 = CARTESIAN_POINT ( 'NONE',  ( 7.212055031701913421, 9.897332512219453093, -12.75402634367162769 ) ) ;
#3001 = LINE ( 'NONE', #7934, #2266 ) ;
#3002 = DIRECTION ( 'NONE',  ( -1.000000000000000000, -7.796510004390144799E-17, 0.000000000000000000 ) ) ;
#3003 = CARTESIAN_POINT ( 'NONE',  ( 37.00000000000001421, 8.000000000000003553, -21.94987437106619765 ) ) ;
#3004 = ORIENTED_EDGE ( 'NONE', *, *, #2147, .F. ) ;
#3005 = CARTESIAN_POINT ( 'NONE',  ( 12.65021875826152709, 10.99999999999999645, -5.172731531811341377 ) ) ;
#3006 = ORIENTED_EDGE ( 'NONE', *, *, #3399, .F. ) ;
#3007 = AXIS2_PLACEMENT_3D ( 'NONE', #3188, #1958, #735 ) ;
#3008 = CARTESIAN_POINT ( 'NONE',  ( -0.3625950657512057029, -11.00000000000000000, -6.268740397964637445 ) ) ;
#3009 = CARTESIAN_POINT ( 'NONE',  ( 2.570552431096319701, -7.255791592464750472, -1.447635286813308664 ) ) ;
#3010 = CARTESIAN_POINT ( 'NONE',  ( 32.33208984530133279, -10.39310276993156990, -14.40544664656502327 ) ) ;
#3011 = DIRECTION ( 'NONE',  ( 2.344220913482171656E-16, 0.000000000000000000, 1.000000000000000000 ) ) ;
#3012 = CARTESIAN_POINT ( 'NONE',  ( -12.84300958170461016, 8.356094673456173183, -1.556831811445463787 ) ) ;
#3013 = CARTESIAN_POINT ( 'NONE',  ( 33.69311251898245985, 9.359839552839064325, -15.99803170178848077 ) ) ;
#3014 = DIRECTION ( 'NONE',  ( -0.000000000000000000, -1.000000000000000000, -0.000000000000000000 ) ) ;
#3015 = DIRECTION ( 'NONE',  ( -0.6382847385042276223, 0.7698003589194992724, 0.000000000000000000 ) ) ;
#3016 = ORIENTED_EDGE ( 'NONE', *, *, #793, .F. ) ;
#3017 = CARTESIAN_POINT ( 'NONE',  ( 13.84585459748831937, 10.87885856269629947, -13.01052824056564283 ) ) ;
#3018 = ORIENTED_EDGE ( 'NONE', *, *, #5341, .T. ) ;
#3019 = DIRECTION ( 'NONE',  ( -7.796510004390144799E-17, 1.000000000000000000, 0.000000000000000000 ) ) ;
#3020 =( BOUNDED_SURFACE ( )  B_SPLINE_SURFACE ( 3, 2, ( 
 ( #7520, #701, #5690 ),
 ( #1964, #3687, #6184 ),
 ( #3850, #2461, #743 ),
 ( #3235, #5728, #8049 ) ),
 .UNSPECIFIED., .F., .F., .F. ) 
 B_SPLINE_SURFACE_WITH_KNOTS ( ( 4, 4 ),
 ( 3, 3 ),
 ( 0.000000000000000000, 0.001493086728817645580 ),
 ( 0.000000000000000000, 1.000000000000000000 ),
 .UNSPECIFIED. ) 
 GEOMETRIC_REPRESENTATION_ITEM ( )  RATIONAL_B_SPLINE_SURFACE ( (
 ( 1.000000000000000000, 0.8660254037844378194, 1.000000000000000000),
 ( 1.000000000000000000, 0.8750068566527907654, 1.000000000000000000),
 ( 1.000000000000000000, 0.8845887371496088392, 1.000000000000000000),
 ( 1.000000000000000000, 0.8944271909998363634, 1.000000000000000000) ) ) 
 REPRESENTATION_ITEM ( '' )  SURFACE ( )  );
#3021 = CARTESIAN_POINT ( 'NONE',  ( 6.155065467185134587, 10.87978259747000109, -13.00665717813829581 ) ) ;
#3022 = CARTESIAN_POINT ( 'NONE',  ( 44.50000000000003553, 7.000000000000002665, -12.00000000000000000 ) ) ;
#3023 = EDGE_CURVE ( 'NONE', #4545, #4112, #4821, .T. ) ;
#3024 = CIRCLE ( 'NONE', #7458, 1.000000000000000000 ) ;
#3025 = CARTESIAN_POINT ( 'NONE',  ( -36.17713885049438716, -11.00000000000000355, -14.43593861393990530 ) ) ;
#3026 = CARTESIAN_POINT ( 'NONE',  ( 1.626328080275790455, -5.335627778613540428, -14.37097979231631761 ) ) ;
#3027 = CARTESIAN_POINT ( 'NONE',  ( 8.424848735621518259, 4.311052453562099984, 0.000000000000000000 ) ) ;
#3028 = CARTESIAN_POINT ( 'NONE',  ( 12.57055243109632769, 7.255791592464748696, -14.55236471318668379 ) ) ;
#3029 = ORIENTED_EDGE ( 'NONE', *, *, #7676, .T. ) ;
#3030 = AXIS2_PLACEMENT_3D ( 'NONE', #5688, #575, #6182 ) ;
#3031 = CARTESIAN_POINT ( 'NONE',  ( 2.649238187275576362, -9.886196562445498159, -12.45521375021798782 ) ) ;
#3032 = CARTESIAN_POINT ( 'NONE',  ( -13.00339559482695684, 9.397488610035043877, -13.80880096012565694 ) ) ;
#3033 = EDGE_CURVE ( 'NONE', #2255, #2642, #698, .T. ) ;
#3034 = CARTESIAN_POINT ( 'NONE',  ( -2.962128789243206661, -9.709344177154916267, -13.36595672064385987 ) ) ;
#3035 = DIRECTION ( 'NONE',  ( 1.000000000000000000, 0.000000000000000000, 0.000000000000000000 ) ) ;
#3036 = CARTESIAN_POINT ( 'NONE',  ( -19.00000000000000000, 3.000000000000000000, -16.49999999999998579 ) ) ;
#3037 = VERTEX_POINT ( 'NONE', #472 ) ;
#3038 = CARTESIAN_POINT ( 'NONE',  ( -8.074855999368104165, 10.99999999999999467, -10.27984773633386695 ) ) ;
#3039 = CIRCLE ( 'NONE', #4485, 3.000000000000002665 ) ;
#3040 = DIRECTION ( 'NONE',  ( 1.000000000000000000, 1.802777518484590049E-15, 0.000000000000000000 ) ) ;
#3041 = CARTESIAN_POINT ( 'NONE',  ( -11.76521776416616483, 10.99999999999999467, -11.76786308475342757 ) ) ;
#3042 = EDGE_CURVE ( 'NONE', #7008, #4206, #5268, .T. ) ;
#3043 = CARTESIAN_POINT ( 'NONE',  ( 3.532317583034100039, -11.00000000000000000, -11.99999999999998757 ) ) ;
#3044 = CARTESIAN_POINT ( 'NONE',  ( 7.007485483591327835, 9.206491308758620207, -13.98744896166173035 ) ) ;
#3045 = CARTESIAN_POINT ( 'NONE',  ( -20.49637397710833042, 7.829814446991576915, -15.92772482161630343 ) ) ;
#3046 = EDGE_CURVE ( 'NONE', #1385, #1255, #7350, .T. ) ;
#3047 = CARTESIAN_POINT ( 'NONE',  ( 24.50000000000002487, -6.999999999999997335, -20.00000000000000000 ) ) ;
#3048 = DIRECTION ( 'NONE',  ( -8.673617379884035472E-16, 1.000000000000000000, 0.000000000000000000 ) ) ;
#3049 = VERTEX_POINT ( 'NONE', #4080 ) ;
#3050 = CARTESIAN_POINT ( 'NONE',  ( 11.41391059942951358, 10.99999999999999467, -4.405423492347979142 ) ) ;
#3051 = AXIS2_PLACEMENT_3D ( 'NONE', #6028, #7172, #2190 ) ;
#3052 = VERTEX_POINT ( 'NONE', #3548 ) ;
#3053 = CARTESIAN_POINT ( 'NONE',  ( -0.7236233002893125432, -11.00000000000000178, -6.210860527251144347 ) ) ;
#3054 = CARTESIAN_POINT ( 'NONE',  ( 1.876162204679887147, -7.463084600370367028, 2.818925648462311923E-15 ) ) ;
#3055 = CARTESIAN_POINT ( 'NONE',  ( 36.17719706829889503, -10.99999999999999645, -14.43598288354374226 ) ) ;
#3056 = CARTESIAN_POINT ( 'NONE',  ( 3.427403241461759453, -6.999999999999999112, 0.000000000000000000 ) ) ;
#3057 = DIRECTION ( 'NONE',  ( 1.000000000000000000, 1.559302000878028960E-16, -0.000000000000000000 ) ) ;
#3058 = CARTESIAN_POINT ( 'NONE',  ( -21.00314422984358842, 7.141166961497965815, -16.02191725632926023 ) ) ;
#3059 = DIRECTION ( 'NONE',  ( 0.7698003589194311047, -0.6382847385043096677, 0.000000000000000000 ) ) ;
#3060 = VECTOR ( 'NONE', #6916, 1000.000000000000000 ) ;
#3061 = AXIS2_PLACEMENT_3D ( 'NONE', #3651, #2992, #5486 ) ;
#3062 = VERTEX_POINT ( 'NONE', #391 ) ;
#3063 = AXIS2_PLACEMENT_3D ( 'NONE', #7680, #3272, #5768 ) ;
#3064 = CARTESIAN_POINT ( 'NONE',  ( 13.42740324146177144, 6.999999999999999112, -15.99999999999998934 ) ) ;
#3065 = CARTESIAN_POINT ( 'NONE',  ( 18.66331036943338617, -9.493021130744438096, -16.17421643532489028 ) ) ;
#3066 = ORIENTED_EDGE ( 'NONE', *, *, #323, .T. ) ;
#3067 = CARTESIAN_POINT ( 'NONE',  ( -22.32503467199762071, -8.179667778533829647, -15.98990317318011734 ) ) ;
#3068 = CARTESIAN_POINT ( 'NONE',  ( -14.87689437438233142, -8.057641145488920742, -15.85764114548884507 ) ) ;
#3069 = DIRECTION ( 'NONE',  ( -1.000000000000000000, 0.000000000000000000, 2.344220913482171656E-16 ) ) ;
#3070 = CARTESIAN_POINT ( 'NONE',  ( -15.16554134560712441, -7.055291161329307670, -16.49999999592158773 ) ) ;
#3071 = CARTESIAN_POINT ( 'NONE',  ( -19.32879616109673293, -11.00000000000000178, -12.92825996868805660 ) ) ;
#3072 = CARTESIAN_POINT ( 'NONE',  ( -10.18798779935357324, 10.99999999999999289, -4.540310129638863934 ) ) ;
#3073 = CARTESIAN_POINT ( 'NONE',  ( 22.83518620948785127, -7.053546539381976288, -16.49999999999999289 ) ) ;
#3074 = VERTEX_POINT ( 'NONE', #1092 ) ;
#3075 = CARTESIAN_POINT ( 'NONE',  ( 2.614146956837787528, -7.429133625572185373, -14.56796989487440896 ) ) ;
#3076 = CARTESIAN_POINT ( 'NONE',  ( -6.467682416965896408, 10.99999999999999645, -11.99999999999999289 ) ) ;
#3077 = CARTESIAN_POINT ( 'NONE',  ( -40.49999999999996447, -7.000000000000002665, -36.50000000000000000 ) ) ;
#3078 = CARTESIAN_POINT ( 'NONE',  ( -16.51608936210130452, 6.565450104216924210, -16.49999999481667246 ) ) ;
#3079 = CARTESIAN_POINT ( 'NONE',  ( -8.057612891042815306, 5.718081023176255329, -14.40735659645555344 ) ) ;
#3080 = FACE_OUTER_BOUND ( 'NONE', #4258, .T. ) ;
#3081 = ORIENTED_EDGE ( 'NONE', *, *, #3433, .T. ) ;
#3082 = CARTESIAN_POINT ( 'NONE',  ( -11.42917971600744131, 10.99999999999999112, -10.01190104326858688 ) ) ;
#3083 = CARTESIAN_POINT ( 'NONE',  ( -10.84544558881646203, 6.341750101147615837, -15.99999999999998401 ) ) ;
#3084 = CARTESIAN_POINT ( 'NONE',  ( -12.18881736878426736, 10.99999999999999112, -12.08002176130145422 ) ) ;
#3085 = CARTESIAN_POINT ( 'NONE',  ( -0.3768342625686953995, -11.00000000000000355, -9.747843142237927694 ) ) ;
#3086 = CARTESIAN_POINT ( 'NONE',  ( 7.634996636760984501, 9.825768878080962665, -4.033681134713746452 ) ) ;
#3087 = CARTESIAN_POINT ( 'NONE',  ( -19.74699455641985324, 7.965794165467779742, -15.91624307695916052 ) ) ;
#3088 = CARTESIAN_POINT ( 'NONE',  ( 12.00073455371718723, 9.752880948750703993, -11.53679192407819976 ) ) ;
#3089 = CARTESIAN_POINT ( 'NONE',  ( 0.8136078774610414621, -3.968364125578258239, -0.000000000000000000 ) ) ;
#3090 = EDGE_LOOP ( 'NONE', ( #7670, #1453, #5587, #5796 ) ) ;
#3091 = CARTESIAN_POINT ( 'NONE',  ( 12.53583504949592431, 10.99999999999999645, -3.486328688793584263 ) ) ;
#3092 = ORIENTED_EDGE ( 'NONE', *, *, #6722, .T. ) ;
#3093 = ADVANCED_FACE ( 'NONE', ( #4783 ), #3508, .T. ) ;
#3094 = CARTESIAN_POINT ( 'NONE',  ( 2.949272955309613309, -8.882891339006622644, -1.786993115719497371 ) ) ;
#3095 = CARTESIAN_POINT ( 'NONE',  ( 39.50925095230182649, -10.99999999999999289, -18.98219864831502335 ) ) ;
#3096 = CARTESIAN_POINT ( 'NONE',  ( -19.00000000000000000, -5.000000000000000000, -15.99999999999998224 ) ) ;
#3097 = CARTESIAN_POINT ( 'NONE',  ( -31.28710191654598916, -11.00000000000000355, -12.09570111759130384 ) ) ;
#3098 = CARTESIAN_POINT ( 'NONE',  ( 19.95288662450576567, 7.935653589964472232, -15.91859184902538438 ) ) ;
#3099 = DIRECTION ( 'NONE',  ( -0.000000000000000000, -1.000000000000000000, 0.000000000000000000 ) ) ;
#3100 = VERTEX_POINT ( 'NONE', #1579 ) ;
#3101 = FACE_OUTER_BOUND ( 'NONE', #5547, .T. ) ;
#3102 = CARTESIAN_POINT ( 'NONE',  ( 17.36965204762307735, -9.190625197089298482, -16.19287769817074718 ) ) ;
#3103 = FACE_OUTER_BOUND ( 'NONE', #3541, .T. ) ;
#3104 = CARTESIAN_POINT ( 'NONE',  ( 2.650396135348022764, -7.573268847290468564, -14.58094572605464023 ) ) ;
#3105 = CARTESIAN_POINT ( 'NONE',  ( -16.23614600803714225, 6.333333333333325044, -16.49999999999998579 ) ) ;
#3106 = DIRECTION ( 'NONE',  ( -0.7698003589193198604, -0.6382847385044441157, 4.890356787094777565E-13 ) ) ;
#3107 = CARTESIAN_POINT ( 'NONE',  ( -3.427403241461761230, -6.999999999999999112, 0.000000000000000000 ) ) ;
#3108 = CARTESIAN_POINT ( 'NONE',  ( -13.15441325603415734, 10.99999999999999289, -4.629579686240544945 ) ) ;
#3109 = CARTESIAN_POINT ( 'NONE',  ( 40.50000000000002132, 11.00000000000000355, -33.49999999999999289 ) ) ;
#3110 = ORIENTED_EDGE ( 'NONE', *, *, #7820, .T. ) ;
#3111 = CARTESIAN_POINT ( 'NONE',  ( 16.51608936210022804, 6.565450104217996241, -16.49999999481404345 ) ) ;
#3112 = CARTESIAN_POINT ( 'NONE',  ( 2.113777745842623901, -7.940124366526164046, -15.91896050964755638 ) ) ;
#3113 = CARTESIAN_POINT ( 'NONE',  ( 6.572596758538236550, 6.999999999999996447, -1.000000000000000000 ) ) ;
#3114 = CARTESIAN_POINT ( 'NONE',  ( 22.91599757032139095, -7.476479354285778811, -15.99391709347034762 ) ) ;
#3115 = CARTESIAN_POINT ( 'NONE',  ( -2.090338773402872441, -9.770811562996055244, -11.64251435011922986 ) ) ;
#3116 = CARTESIAN_POINT ( 'NONE',  ( 0.000000000000000000, 0.000000000000000000, -36.50000000000000000 ) ) ;
#3117 = DIRECTION ( 'NONE',  ( 0.000000000000000000, 0.000000000000000000, -1.000000000000000000 ) ) ;
#3118 = EDGE_LOOP ( 'NONE', ( #3127, #7269, #3573, #5139 ) ) ;
#3119 = CARTESIAN_POINT ( 'NONE',  ( 22.99652626942726741, -6.666666666666664298, -16.49999999999999289 ) ) ;
#3120 = CARTESIAN_POINT ( 'NONE',  ( -11.93092270492133977, 4.564657266779885703, -15.99999999999998224 ) ) ;
#3121 = CARTESIAN_POINT ( 'NONE',  ( 6.237208003512115839E-16, -8.000000000000000000, -33.49999999999999289 ) ) ;
#3122 = CARTESIAN_POINT ( 'NONE',  ( -9.154554411183013940, 6.341750101147807683, 1.317027658780556382E-13 ) ) ;
#3123 = CARTESIAN_POINT ( 'NONE',  ( 35.42758061894447508, -11.00000000000025402, -16.95546756447078351 ) ) ;
#3124 = CARTESIAN_POINT ( 'NONE',  ( -18.35169596735179098, 7.347729217731290063, -16.40426683893857529 ) ) ;
#3125 = CARTESIAN_POINT ( 'NONE',  ( 7.776313460930644794, 10.99999999999999645, -10.47616805733559353 ) ) ;
#3126 = CARTESIAN_POINT ( 'NONE',  ( 39.50922227500092987, 11.00000000000000355, -18.98211412923488339 ) ) ;
#3127 = ORIENTED_EDGE ( 'NONE', *, *, #1688, .F. ) ;
#3128 = CARTESIAN_POINT ( 'NONE',  ( -13.53231758303411070, 10.99999999999999289, -3.999999999999997335 ) ) ;
#3129 = ORIENTED_EDGE ( 'NONE', *, *, #6688, .F. ) ;
#3130 = CARTESIAN_POINT ( 'NONE',  ( -15.56407864531862550, -7.768376193217632064, -16.35170952655091980 ) ) ;
#3131 = TOROIDAL_SURFACE ( 'NONE', #2993, 4.472135954999578722, 1.000000000000000000 ) ;
#3132 = CARTESIAN_POINT ( 'NONE',  ( -20.76696976782547210, -9.386338110447413285, -15.89116177096908089 ) ) ;
#3133 = DIRECTION ( 'NONE',  ( 0.000000000000000000, 1.000000000000000000, 0.000000000000000000 ) ) ;
#3134 = CARTESIAN_POINT ( 'NONE',  ( -32.14712178749972793, -11.00000000000000355, -12.38891952272543051 ) ) ;
#3135 = DIRECTION ( 'NONE',  ( 0.000000000000000000, 1.000000000000000000, 0.000000000000000000 ) ) ;
#3136 = ADVANCED_FACE ( 'NONE', ( #5388 ), #7267, .T. ) ;
#3137 = VECTOR ( 'NONE', #6441, 1000.000000000000000 ) ;
#3138 = VERTEX_POINT ( 'NONE', #6692 ) ;
#3139 = CARTESIAN_POINT ( 'NONE',  ( 13.96192950084268602, 9.641701961767035201, -15.01522817482147332 ) ) ;
#3140 = CARTESIAN_POINT ( 'NONE',  ( -23.05357867504885760, -8.074489708006273858, -15.85499668632886916 ) ) ;
#3141 = CARTESIAN_POINT ( 'NONE',  ( 2.992514516408670389, -9.206491308758627312, -13.98744896166173035 ) ) ;
#3142 = CARTESIAN_POINT ( 'NONE',  ( 11.87616220467989514, 7.463084600370361699, 2.168404344971008868E-16 ) ) ;
#3143 = ADVANCED_FACE ( 'NONE', ( #6089 ), #2359, .T. ) ;
#3144 = EDGE_CURVE ( 'NONE', #5840, #4785, #7184, .T. ) ;
#3145 = CARTESIAN_POINT ( 'NONE',  ( -15.56407864531862550, -7.768376193217632064, -16.35170952655091980 ) ) ;
#3146 = CARTESIAN_POINT ( 'NONE',  ( -17.28016414126430078, -11.00000000000000355, -12.50033463814476065 ) ) ;
#3147 = CARTESIAN_POINT ( 'NONE',  ( -11.41894862409245803, 10.99999999999999289, -4.403379856749594090 ) ) ;
#3148 = CARTESIAN_POINT ( 'NONE',  ( 15.68337520964459308, -0.9999999999999995559, -16.99999999999999289 ) ) ;
#3149 = VERTEX_POINT ( 'NONE', #7827 ) ;
#3150 = CARTESIAN_POINT ( 'NONE',  ( 4.004527463394127018, -10.19432977147741504, -14.42281789340408871 ) ) ;
#3151 = AXIS2_PLACEMENT_3D ( 'NONE', #3892, #7648, #5775 ) ;
#3152 = DIRECTION ( 'NONE',  ( 1.000000000000000000, 0.000000000000000000, -0.000000000000000000 ) ) ;
#3153 = CARTESIAN_POINT ( 'NONE',  ( 18.35961485167339546, 7.339368922773217285, -16.40536896018443613 ) ) ;
#3154 = CARTESIAN_POINT ( 'NONE',  ( -1.766270213595581673, -11.00000000000000000, -10.18918980199497426 ) ) ;
#3155 = CARTESIAN_POINT ( 'NONE',  ( -34.03877153125399957, 9.143148110737893575, -16.31539314352985670 ) ) ;
#3156 = CARTESIAN_POINT ( 'NONE',  ( 22.69821459238947270, -7.961980781585883626, -15.94519453699192901 ) ) ;
#3157 = ORIENTED_EDGE ( 'NONE', *, *, #7178, .T. ) ;
#3158 = CARTESIAN_POINT ( 'NONE',  ( -14.87689437438233142, -8.057641145488920742, -15.85764114548884507 ) ) ;
#3159 = CIRCLE ( 'NONE', #6298, 4.000000000000000000 ) ;
#3160 = CARTESIAN_POINT ( 'NONE',  ( 21.28158513988862310, -8.983545633773873718, -16.00266376132983481 ) ) ;
#3161 = DIRECTION ( 'NONE',  ( 1.000000000000000000, 0.000000000000000000, -2.220446049250311061E-13 ) ) ;
#3162 = DIRECTION ( 'NONE',  ( 0.000000000000000000, 1.000000000000000000, 0.000000000000000000 ) ) ;
#3163 = CARTESIAN_POINT ( 'NONE',  ( 21.07680375852926602, -8.980160724323228649, -16.20741777285727636 ) ) ;
#3164 = DIRECTION ( 'NONE',  ( 0.000000000000000000, 0.000000000000000000, -1.000000000000000000 ) ) ;
#3165 = CARTESIAN_POINT ( 'NONE',  ( 10.06719011727524027, 6.234765669401722832, -15.99999999999999112 ) ) ;
#3166 = CIRCLE ( 'NONE', #3557, 1.000000000000000888 ) ;
#3167 = DIRECTION ( 'NONE',  ( 0.000000000000000000, -0.000000000000000000, 1.000000000000000000 ) ) ;
#3168 = CARTESIAN_POINT ( 'NONE',  ( 33.27880036395382746, 11.00000000000000355, -12.81721043580294683 ) ) ;
#3169 = EDGE_LOOP ( 'NONE', ( #219, #1786, #1188, #1638 ) ) ;
#3170 = CARTESIAN_POINT ( 'NONE',  ( -13.89420043133346638, 10.81029943633421020, -2.754422882682475926 ) ) ;
#3171 = ORIENTED_EDGE ( 'NONE', *, *, #7590, .F. ) ;
#3172 = CIRCLE ( 'NONE', #1209, 1.000000000000000222 ) ;
#3173 = CARTESIAN_POINT ( 'NONE',  ( 2.649238187275582579, -9.886196562445499936, -3.544786249782000187 ) ) ;
#3174 = CARTESIAN_POINT ( 'NONE',  ( -20.85989482958063590, -11.00000000000000178, -12.45309146245291743 ) ) ;
#3175 = CARTESIAN_POINT ( 'NONE',  ( 19.00000000000000000, 3.000000000000000000, -14.00000000000000000 ) ) ;
#3176 = CARTESIAN_POINT ( 'NONE',  ( -32.63187516120545695, -11.00000000000000355, -13.65051566240492953 ) ) ;
#3177 = CARTESIAN_POINT ( 'NONE',  ( -3.993393901112034516, -10.41307740450306163, -14.09026633052722843 ) ) ;
#3178 = DIRECTION ( 'NONE',  ( 0.000000000000000000, -0.000000000000000000, 1.000000000000000000 ) ) ;
#3179 = TOROIDAL_SURFACE ( 'NONE', #5395, 10.00000000000000000, 6.000000000000000000 ) ;
#3180 = ORIENTED_EDGE ( 'NONE', *, *, #5950, .T. ) ;
#3181 = CARTESIAN_POINT ( 'NONE',  ( 7.914162911228010522, 9.769919278061321322, -11.63761364515377927 ) ) ;
#3182 = EDGE_CURVE ( 'NONE', #299, #6147, #6001, .T. ) ;
#3183 = CARTESIAN_POINT ( 'NONE',  ( 16.41494643768193740, -8.806931057669347140, -16.00222021855518051 ) ) ;
#3184 = AXIS2_PLACEMENT_3D ( 'NONE', #1419, #5802, #103 ) ;
#3185 = CARTESIAN_POINT ( 'NONE',  ( -22.48701156034867310, -8.012662585012064298, -15.97885996194336400 ) ) ;
#3186 = CARTESIAN_POINT ( 'NONE',  ( -23.79583152331273155, -7.000000000000001776, -15.99999999999998224 ) ) ;
#3187 = DIRECTION ( 'NONE',  ( 0.000000000000000000, 0.000000000000000000, 1.000000000000000000 ) ) ;
#3188 = CARTESIAN_POINT ( 'NONE',  ( 16.76393202250020664, 7.000000000000000000, -11.99999999999999289 ) ) ;
#3189 = CIRCLE ( 'NONE', #710, 4.330127018922196314 ) ;
#3190 = CARTESIAN_POINT ( 'NONE',  ( 7.349444480122671486, 7.573902597481555254, -1.418997220338860776 ) ) ;
#3191 = CARTESIAN_POINT ( 'NONE',  ( -10.94650430992847490, 9.568536181629308857, -5.193797270050444226 ) ) ;
#3192 = EDGE_CURVE ( 'NONE', #2245, #1585, #4041, .T. ) ;
#3193 = CARTESIAN_POINT ( 'NONE',  ( -2.985449290529927691, -9.639369182306236183, -2.500826819097620834 ) ) ;
#3194 = ORIENTED_EDGE ( 'NONE', *, *, #1248, .T. ) ;
#3195 = EDGE_CURVE ( 'NONE', #2111, #5269, #4754, .T. ) ;
#3196 = CARTESIAN_POINT ( 'NONE',  ( 1.876162204679895806, -7.463084600370361699, -15.99999999999998934 ) ) ;
#3197 = DIRECTION ( 'NONE',  ( 1.000000000000000000, 0.000000000000000000, -0.000000000000000000 ) ) ;
#3198 = DIRECTION ( 'NONE',  ( 0.000000000000000000, 0.000000000000000000, 1.000000000000000000 ) ) ;
#3199 = FACE_OUTER_BOUND ( 'NONE', #4570, .T. ) ;
#3200 = CARTESIAN_POINT ( 'NONE',  ( -36.47884901355908482, 8.193308616864397820, -19.44669448678972046 ) ) ;
#3201 = CARTESIAN_POINT ( 'NONE',  ( 22.90389492924995096, -11.00000000000028599, -15.45861079542059358 ) ) ;
#3202 = LINE ( 'NONE', #1245, #2795 ) ;
#3203 = APPROVAL_STATUS ( 'not_yet_approved' ) ;
#3204 = CARTESIAN_POINT ( 'NONE',  ( 22.52037691393014995, -7.977363399099168362, -15.97547195797526065 ) ) ;
#3205 = CARTESIAN_POINT ( 'NONE',  ( -11.71630501903058885, 7.161004492300067525, -16.00000000000072831 ) ) ;
#3206 = CARTESIAN_POINT ( 'NONE',  ( 3.997711985849967675, -10.02040680946123707, -14.63586309592182566 ) ) ;
#3207 = CARTESIAN_POINT ( 'NONE',  ( -11.57515126437811936, 4.311052453562188802, 0.000000000000000000 ) ) ;
#3208 = CARTESIAN_POINT ( 'NONE',  ( 36.79839424581765428, -11.00000000000025757, -19.91269372303442609 ) ) ;
#3209 = CARTESIAN_POINT ( 'NONE',  ( 8.123837795320101307, 7.463084600370356370, -15.99999999999998934 ) ) ;
#3210 = B_SPLINE_CURVE_WITH_KNOTS ( 'NONE', 3,
 ( #7930, #1684, #5735, #788, #4470, #1970, #5779, #4968, #5083, #7610, #2590, #6956, #126, #627 ),
 .UNSPECIFIED., .F., .F.,
 ( 4, 2, 2, 2, 2, 2, 4 ),
 ( 0.000000000000000000, 0.0009841810948798994981, 0.001968362189759798996, 0.002460452737199746252, 0.002952543284639694374, 0.003444633832079641630, 0.003936724379519589319 ),
 .UNSPECIFIED. ) ;
#3211 = DIRECTION ( 'NONE',  ( -1.000000000000000000, -0.000000000000000000, -2.312964634635743450E-16 ) ) ;
#3212 = CARTESIAN_POINT ( 'NONE',  ( 38.27333079154319506, 11.00000000000000355, -16.58323815205972807 ) ) ;
#3213 = ORIENTED_EDGE ( 'NONE', *, *, #982, .T. ) ;
#3214 = CARTESIAN_POINT ( 'NONE',  ( -13.01260114663014456, 10.44140529281897756, -1.956683447562926226 ) ) ;
#3215 = ORIENTED_EDGE ( 'NONE', *, *, #6532, .F. ) ;
#3216 = CARTESIAN_POINT ( 'NONE',  ( -36.17719706829888082, 10.99999999999998934, -14.43598288354372983 ) ) ;
#3217 = CARTESIAN_POINT ( 'NONE',  ( -15.72714364094711037, -10.99999999999971045, -15.09142016366268280 ) ) ;
#3218 = CARTESIAN_POINT ( 'NONE',  ( 40.50000000000002132, -6.999999999999995559, -33.49999999999999289 ) ) ;
#3219 = CARTESIAN_POINT ( 'NONE',  ( 24.50000000000002487, 6.999999999999999112, -20.00000000000000000 ) ) ;
#3220 = DIRECTION ( 'NONE',  ( 0.9582143447964127647, -0.2860511657490341642, 0.000000000000000000 ) ) ;
#3221 = CARTESIAN_POINT ( 'NONE',  ( 17.50895187212676873, 11.00000000000000000, -12.01226049724272826 ) ) ;
#3222 = ORIENTED_EDGE ( 'NONE', *, *, #1726, .F. ) ;
#3223 = CARTESIAN_POINT ( 'NONE',  ( 7.218883881320242502, 10.99999999999999645, -10.95517715305102335 ) ) ;
#3224 = CARTESIAN_POINT ( 'NONE',  ( -20.18095443155509017, -9.433771888594680632, -16.00384677876091999 ) ) ;
#3225 = CARTESIAN_POINT ( 'NONE',  ( -7.999265446282812775, 9.752880948750696888, -11.53679192407819798 ) ) ;
#3226 = CARTESIAN_POINT ( 'NONE',  ( -2.372025780955426377, -11.00000000000000000, -5.411909768343851290 ) ) ;
#3227 = B_SPLINE_CURVE_WITH_KNOTS ( 'NONE', 3,
 ( #3794, #605, #4909, #8073, #1261, #7423, #3753, #5024, #1908, #1215, #645, #7463 ),
 .UNSPECIFIED., .F., .F.,
 ( 4, 2, 2, 2, 2, 4 ),
 ( 0.000000000000000000, 0.001140049365367672716, 0.001710074048051514169, 0.002280098730735355406, 0.003420148096103038313, 0.004560197461470721220 ),
 .UNSPECIFIED. ) ;
#3228 = EDGE_CURVE ( 'NONE', #4633, #7776, #7869, .T. ) ;
#3229 = LINE ( 'NONE', #5723, #5027 ) ;
#3230 = CARTESIAN_POINT ( 'NONE',  ( 7.277025549493570722, 9.902522649566272150, -3.397662091991348721 ) ) ;
#3231 = CARTESIAN_POINT ( 'NONE',  ( -9.458844913516715636, 9.522444041934365444, -5.336233306138236543 ) ) ;
#3232 = DIRECTION ( 'NONE',  ( 0.000000000000000000, 0.000000000000000000, -1.000000000000000000 ) ) ;
#3233 = EDGE_LOOP ( 'NONE', ( #5106, #6322, #1532, #1827 ) ) ;
#3234 = CARTESIAN_POINT ( 'NONE',  ( -34.86263666125233840, 10.99999999999972644, -16.17531954817354745 ) ) ;
#3235 = CARTESIAN_POINT ( 'NONE',  ( 14.87689437438026907, -8.057641145486227785, -15.85764114548962667 ) ) ;
#3236 = CARTESIAN_POINT ( 'NONE',  ( -9.999999999977914555, 9.499999999999991118, -10.59807621135331246 ) ) ;
#3237 = ADVANCED_FACE ( 'NONE', ( #4739 ), #5632, .T. ) ;
#3238 = APPROVAL_PERSON_ORGANIZATION ( #7568, #3383, #3982 ) ;
#3239 = LINE ( 'NONE', #4425, #7823 ) ;
#3240 = CARTESIAN_POINT ( 'NONE',  ( -32.34165780043443306, 10.38247207230179470, -14.41443019468499287 ) ) ;
#3241 = CARTESIAN_POINT ( 'NONE',  ( 19.71940862579360854, -10.99999999999999822, -12.84824803940933080 ) ) ;
#3242 = CARTESIAN_POINT ( 'NONE',  ( 19.00000000000000000, -5.000000000000000000, -16.49999999999999645 ) ) ;
#3243 = PERSON_AND_ORGANIZATION_ROLE ( 'creator' ) ;
#3244 = CARTESIAN_POINT ( 'NONE',  ( 22.18440106091979303, -8.099939930440372748, -16.29282394389895217 ) ) ;
#3245 = CARTESIAN_POINT ( 'NONE',  ( -10.15741709540430904, 6.221052181052124652, -15.99999999999998579 ) ) ;
#3246 = CYLINDRICAL_SURFACE ( 'NONE', #3715, 4.000000000000000000 ) ;
#3247 = CARTESIAN_POINT ( 'NONE',  ( -11.53080288464821201, 6.906922285550979979, 4.336808689942017736E-16 ) ) ;
#3248 = CARTESIAN_POINT ( 'NONE',  ( 36.88768468665451650, -10.99999999999973355, -20.32060012734445920 ) ) ;
#3249 = CARTESIAN_POINT ( 'NONE',  ( 7.135011935607319167, 5.673101688416433142, -15.99999999999998934 ) ) ;
#3250 = CARTESIAN_POINT ( 'NONE',  ( 12.37571130968409250, 10.99999999999999822, -10.59097353118709783 ) ) ;
#3251 = CARTESIAN_POINT ( 'NONE',  ( 35.43840989774148653, 11.00000000000000178, -13.90687578944558211 ) ) ;
#3252 = EDGE_CURVE ( 'NONE', #5935, #7016, #3227, .T. ) ;
#3253 = ORIENTED_EDGE ( 'NONE', *, *, #6345, .T. ) ;
#3254 = CARTESIAN_POINT ( 'NONE',  ( -13.00237981702751178, 10.19182349329676462, -1.578892268557381184 ) ) ;
#3255 = EDGE_LOOP ( 'NONE', ( #5148, #7401, #2530, #1057 ) ) ;
#3256 = CARTESIAN_POINT ( 'NONE',  ( 3.626003503894022817, -11.00000000000000000, -3.757675437456134748 ) ) ;
#3257 = CARTESIAN_POINT ( 'NONE',  ( -17.77714982106385833, -11.00000000000014921, -14.72581794841525493 ) ) ;
#3258 = CARTESIAN_POINT ( 'NONE',  ( -15.68337520964457177, 6.999999999999991118, -15.99999999999998224 ) ) ;
#3259 = CARTESIAN_POINT ( 'NONE',  ( -23.10279562876582915, -7.131070997167880954, -16.02051379632434447 ) ) ;
#3260 = CARTESIAN_POINT ( 'NONE',  ( -3.932363937841739432, -9.430607603429994157, -15.18776384777293309 ) ) ;
#3261 = CARTESIAN_POINT ( 'NONE',  ( -7.162255855242460889, 9.568782053659294462, -0.9210316249461553140 ) ) ;
#3262 = EDGE_LOOP ( 'NONE', ( #1124, #7797, #221, #3432, #3364, #6143, #5971 ) ) ;
#3263 = VECTOR ( 'NONE', #3568, 1000.000000000000000 ) ;
#3264 = CARTESIAN_POINT ( 'NONE',  ( 11.05893911999667978, 10.99999999999999467, -11.49016902978205756 ) ) ;
#3265 = DIRECTION ( 'NONE',  ( 0.000000000000000000, 0.000000000000000000, 1.000000000000000000 ) ) ;
#3266 = CARTESIAN_POINT ( 'NONE',  ( -20.34486540479556638, -9.387082123140217504, -16.00378087069821476 ) ) ;
#3267 = CARTESIAN_POINT ( 'NONE',  ( 24.50000000000002487, -6.999999999999997335, 0.000000000000000000 ) ) ;
#3268 = VECTOR ( 'NONE', #5013, 1000.000000000000000 ) ;
#3269 = CARTESIAN_POINT ( 'NONE',  ( 1.418948624092420507, -10.99999999999999822, -4.403379856749753962 ) ) ;
#3270 = CARTESIAN_POINT ( 'NONE',  ( 2.570552431096327251, -7.255791592464747808, -14.55236471318668023 ) ) ;
#3271 = CARTESIAN_POINT ( 'NONE',  ( -1.930922704921335109, -4.564657266779902578, 0.000000000000000000 ) ) ;
#3272 = DIRECTION ( 'NONE',  ( -0.4581904831346125806, 7.709579736038919937E-16, 0.8888540269160457585 ) ) ;
#3273 = CARTESIAN_POINT ( 'NONE',  ( 7.024507269037097323, 9.679218805036809314, -13.43102410275633396 ) ) ;
#3274 = VERTEX_POINT ( 'NONE', #1174 ) ;
#3275 = CC_DESIGN_PERSON_AND_ORGANIZATION_ASSIGNMENT ( #5126, #2555, ( #4682 ) ) ;
#3276 = CARTESIAN_POINT ( 'NONE',  ( -36.67281484980059503, 8.138539918950478125, -19.95455604540567762 ) ) ;
#3277 = ADVANCED_FACE ( 'NONE', ( #6772 ), #6324, .T. ) ;
#3278 = CARTESIAN_POINT ( 'NONE',  ( 10.21992391646830534, 3.859518907004594102, 0.000000000000000000 ) ) ;
#3279 = EDGE_CURVE ( 'NONE', #4087, #3049, #7102, .T. ) ;
#3280 = CARTESIAN_POINT ( 'NONE',  ( 38.77708952152355693, 11.00000000000000355, -17.33939547560029482 ) ) ;
#3281 = FACE_OUTER_BOUND ( 'NONE', #5455, .T. ) ;
#3282 = CARTESIAN_POINT ( 'NONE',  ( 6.572596758538232109, 6.999999999999994671, -15.99999999999998934 ) ) ;
#3283 = CARTESIAN_POINT ( 'NONE',  ( 0.2199239164728108153, -3.859518906784378700, -15.99999999999998579 ) ) ;
#3284 = CARTESIAN_POINT ( 'NONE',  ( 18.42686269208086003, -11.00000000000014033, -14.70049253091031005 ) ) ;
#3285 = CYLINDRICAL_SURFACE ( 'NONE', #6837, 3.000000000000002665 ) ;
#3286 = PERSON_AND_ORGANIZATION ( #5322, #1416 ) ;
#3287 = EDGE_CURVE ( 'NONE', #8065, #3733, #4494, .T. ) ;
#3288 = EDGE_CURVE ( 'NONE', #1514, #3483, #5555, .T. ) ;
#3289 = CARTESIAN_POINT ( 'NONE',  ( 21.22091533581003020, -9.220954292161724908, -15.86230468740069988 ) ) ;
#3290 = CARTESIAN_POINT ( 'NONE',  ( -9.186392121845123881, 3.968364123520424336, -15.99999999999998579 ) ) ;
#3291 = LINE ( 'NONE', #832, #3060 ) ;
#3292 = CARTESIAN_POINT ( 'NONE',  ( -13.30804215306172900, 6.600164144953299505, 0.000000000000000000 ) ) ;
#3293 = CARTESIAN_POINT ( 'NONE',  ( 37.00000000000001421, -7.999999999999996447, -21.94987437106619410 ) ) ;
#3294 =( BOUNDED_SURFACE ( )  B_SPLINE_SURFACE ( 3, 2, ( 
 ( #6301, #572, #3107 ),
 ( #8084, #2497, #4292 ),
 ( #7473, #5684, #4459 ),
 ( #4375, #1836, #6862 ),
 ( #7398, #4331, #1268 ),
 ( #6783, #1184, #5603 ),
 ( #3682, #6179, #7861 ),
 ( #5195, #3317, #4010 ),
 ( #3966, #4777, #3271 ),
 ( #5995, #7715, #4544 ),
 ( #4628, #6379, #7026 ),
 ( #5380, #2126, #5235 ),
 ( #2700, #1513, #384 ),
 ( #3360, #1430, #2739 ),
 ( #155, #1470, #860 ),
 ( #198, #5817, #5856 ),
 ( #6463, #773, #7678 ),
 ( #3924, #235, #896 ),
 ( #7113, #6503, #1045 ),
 ( #3502, #2887, #2275 ),
 ( #7260, #3883, #1654 ),
 ( #4154, #6646, #3540 ),
 ( #5767, #113, #4507 ),
 ( #2619, #5112, #2661 ),
 ( #7067, #4586, #2003 ),
 ( #7597, #6418, #2085 ),
 ( #815, #6988, #1392 ),
 ( #5158, #7641, #2045 ) ),
 .UNSPECIFIED., .F., .F., .F. ) 
 B_SPLINE_SURFACE_WITH_KNOTS ( ( 4, 2, 2, 2, 2, 2, 2, 2, 2, 2, 2, 2, 2, 4 ),
 ( 3, 3 ),
 ( 0.000000000000000000, 0.001233084968442449024, 0.001849627452663673427, 0.002466169936884898047, 0.003082712421106122667, 0.003699254905327346854, 0.004315797389548571908, 0.004932339873769796094, 0.005548882357991020281, 0.006165424842212245335, 0.006781967326433469521, 0.007398509810654693708, 0.008631594779097143816, 0.009864679747539592189 ),
 ( 0.000000000000000000, 1.000000000000000000 ),
 .UNSPECIFIED. ) 
 GEOMETRIC_REPRESENTATION_ITEM ( )  RATIONAL_B_SPLINE_SURFACE ( (
 ( 1.000000000000000000, 0.5255305477261472680, 1.000000000000000000),
 ( 1.000000000000000000, 0.5102859702225590599, 1.000000000000000000),
 ( 1.000000000000000000, 0.4944266223865293464, 1.000000000000000000),
 ( 1.000000000000000000, 0.4710520452307697115, 1.000000000000000000),
 ( 1.000000000000000000, 0.4633267501370166297, 1.000000000000000000),
 ( 1.000000000000000000, 0.4482194685023133118, 1.000000000000000000),
 ( 1.000000000000000000, 0.4408574240147345447, 1.000000000000000000),
 ( 1.000000000000000000, 0.4272261853358296224, 1.000000000000000000),
 ( 1.000000000000000000, 0.4208878287988260802, 1.000000000000000000),
 ( 1.000000000000000000, 0.4094269824357064658, 1.000000000000000000),
 ( 1.000000000000000000, 0.4043894799234155069, 1.000000000000000000),
 ( 1.000000000000000000, 0.3961742883799473369, 1.000000000000000000),
 ( 1.000000000000000000, 0.3929416272240021657, 1.000000000000000000),
 ( 1.000000000000000000, 0.3884882252545159842, 1.000000000000000000),
 ( 1.000000000000000000, 0.3873441880567887741, 1.000000000000000000),
 ( 1.000000000000000000, 0.3872552011212289647, 1.000000000000000000),
 ( 1.000000000000000000, 0.3883245302273294342, 1.000000000000000000),
 ( 1.000000000000000000, 0.3926002201919377987, 1.000000000000000000),
 ( 1.000000000000000000, 0.3957598004696392113, 1.000000000000000000),
 ( 1.000000000000000000, 0.4039373350696606746, 1.000000000000000000),
 ( 1.000000000000000000, 0.4089683735604510151, 1.000000000000000000),
 ( 1.000000000000000000, 0.4202848983043404596, 1.000000000000000000),
 ( 1.000000000000000000, 0.4266387396319303860, 1.000000000000000000),
 ( 1.000000000000000000, 0.4472198464910460136, 1.000000000000000000),
 ( 1.000000000000000000, 0.4624460234366792877, 1.000000000000000000),
 ( 1.000000000000000000, 0.4940772260088366896, 1.000000000000000000),
 ( 1.000000000000000000, 0.5102833879191974731, 1.000000000000000000),
 ( 1.000000000000000000, 0.5255305477261472680, 1.000000000000000000) ) ) 
 REPRESENTATION_ITEM ( '' )  SURFACE ( )  );
#3295 = CARTESIAN_POINT ( 'NONE',  ( 8.283694980969235289, 7.161004492299709590, -15.99999999999998934 ) ) ;
#3296 = CARTESIAN_POINT ( 'NONE',  ( 19.00000000000000000, 3.000000000000000000, -16.49999999999999645 ) ) ;
#3297 = CARTESIAN_POINT ( 'NONE',  ( 32.14712178749973503, 11.00000000000000355, -12.38891952272465780 ) ) ;
#3298 = ORIENTED_EDGE ( 'NONE', *, *, #3944, .F. ) ;
#3299 = CARTESIAN_POINT ( 'NONE',  ( -12.92065032462696728, 9.804666096977449286, -2.838061542813555604 ) ) ;
#3300 = VERTEX_POINT ( 'NONE', #685 ) ;
#3301 = CARTESIAN_POINT ( 'NONE',  ( 2.942991627110189690, -10.73663122088193944, -2.539403601823917889 ) ) ;
#3302 = EDGE_CURVE ( 'NONE', #282, #7587, #830, .T. ) ;
#3303 = CIRCLE ( 'NONE', #2374, 4.000000000000000000 ) ;
#3304 = CARTESIAN_POINT ( 'NONE',  ( -15.47639662396010252, -8.180364613629727444, -15.93359886486661914 ) ) ;
#3305 = CARTESIAN_POINT ( 'NONE',  ( -14.87689437438233142, -8.322051431861170911, -16.82205143186106611 ) ) ;
#3306 = CARTESIAN_POINT ( 'NONE',  ( -2.208586286379655775E-11, -9.500000000000000000, -10.59807621135331779 ) ) ;
#3307 = ADVANCED_FACE ( 'NONE', ( #6249 ), #567, .F. ) ;
#3308 = CARTESIAN_POINT ( 'NONE',  ( -7.667531172775994719, 8.388414653741538274, -0.2227788138696532305 ) ) ;
#3309 = VERTEX_POINT ( 'NONE', #6895 ) ;
#3310 = CARTESIAN_POINT ( 'NONE',  ( 10.91389023538514635, 10.99999999999999645, -9.848618644158088742 ) ) ;
#3311 = CARTESIAN_POINT ( 'NONE',  ( 19.00000000000000000, 3.000000000000000000, -14.00000000000000000 ) ) ;
#3312 = CARTESIAN_POINT ( 'NONE',  ( -20.73231824539785961, -9.423000189014857142, -15.86761804551576205 ) ) ;
#3313 = DIRECTION ( 'NONE',  ( 0.000000000000000000, 0.000000000000000000, -1.000000000000000000 ) ) ;
#3314 = AXIS2_PLACEMENT_3D ( 'NONE', #2270, #1538, #4035 ) ;
#3315 = CARTESIAN_POINT ( 'NONE',  ( 1.179674700606515803, -11.00000000000000000, -4.482027913518095374 ) ) ;
#3316 = CARTESIAN_POINT ( 'NONE',  ( -13.84493453281486453, 10.87978259746999399, -13.00665717813828337 ) ) ;
#3317 = CARTESIAN_POINT ( 'NONE',  ( -0.6544635511778176262, -6.261770510108941146, 0.000000000000000000 ) ) ;
#3318 = EDGE_LOOP ( 'NONE', ( #6654, #7742, #5497, #4587 ) ) ;
#3319 = CARTESIAN_POINT ( 'NONE',  ( -7.914162911227890618, 9.769919278061351520, -4.362386354846081282 ) ) ;
#3320 = AXIS2_PLACEMENT_3D ( 'NONE', #2681, #1410, #1491 ) ;
#3321 = CARTESIAN_POINT ( 'NONE',  ( 7.220283998574280382, 9.897800357333172983, -12.73499090711838733 ) ) ;
#3322 = EDGE_LOOP ( 'NONE', ( #4578, #7852, #1734, #3915 ) ) ;
#3323 = CARTESIAN_POINT ( 'NONE',  ( -36.60456712500943155, 8.157939499838352759, -19.76299096053044480 ) ) ;
#3324 = CARTESIAN_POINT ( 'NONE',  ( 17.31534930560168206, 7.291428613426293559, -16.02272673023644600 ) ) ;
#3325 = FACE_OUTER_BOUND ( 'NONE', #3322, .T. ) ;
#3326 = AXIS2_PLACEMENT_3D ( 'NONE', #996, #4065, #917 ) ;
#3327 = AXIS2_PLACEMENT_3D ( 'NONE', #3761, #653, #5644 ) ;
#3328 = CARTESIAN_POINT ( 'NONE',  ( 1.193098019835638457, -4.954916852399451344, -14.33519523330012113 ) ) ;
#3329 = CARTESIAN_POINT ( 'NONE',  ( 21.19756172409691786, -11.00000000000013856, -14.82401011093461740 ) ) ;
#3330 = VECTOR ( 'NONE', #1242, 1000.000000000000000 ) ;
#3331 = CARTESIAN_POINT ( 'NONE',  ( 20.77973195856152699, -9.127087492914553124, -16.19708658190203110 ) ) ;
#3332 = CARTESIAN_POINT ( 'NONE',  ( -6.691957846938001886, 6.600164144953087231, -15.99999999999998579 ) ) ;
#3333 = DIRECTION ( 'NONE',  ( -0.9582143447964120986, -0.2860511657490366066, 0.000000000000000000 ) ) ;
#3334 = CARTESIAN_POINT ( 'NONE',  ( -12.51667891553499068, 5.135406526882298373, 0.000000000000000000 ) ) ;
#3335 = CARTESIAN_POINT ( 'NONE',  ( 35.01236645096960842, -10.99999999999973532, -16.37234578429135468 ) ) ;
#3336 = CARTESIAN_POINT ( 'NONE',  ( 8.114828648031364722, 5.658110321167326262, -14.40168726976512659 ) ) ;
#3337 = DIRECTION ( 'NONE',  ( -0.4581904831346137463, 7.948337875627704001E-16, -0.8888540269160449814 ) ) ;
#3338 = CARTESIAN_POINT ( 'NONE',  ( 34.45132652980684895, 8.927671963715813064, -16.71099272934375080 ) ) ;
#3339 = EDGE_CURVE ( 'NONE', #2232, #1255, #6811, .T. ) ;
#3340 = ORIENTED_EDGE ( 'NONE', *, *, #3876, .F. ) ;
#3341 = CARTESIAN_POINT ( 'NONE',  ( 15.09562111788794603, -8.144840491282092643, -15.85047826954103378 ) ) ;
#3342 = ADVANCED_FACE ( 'NONE', ( #7508 ), #4387, .T. ) ;
#3343 = ORIENTED_EDGE ( 'NONE', *, *, #1504, .F. ) ;
#3344 = CARTESIAN_POINT ( 'NONE',  ( 2.889626390351208052, -10.81179576066880266, -2.740890114875583095 ) ) ;
#3345 =( BOUNDED_SURFACE ( )  B_SPLINE_SURFACE ( 3, 2, ( 
 ( #4813, #5708, #4404 ),
 ( #4441, #3867, #1983 ),
 ( #637, #137, #7053 ),
 ( #5667, #99, #6925 ),
 ( #2603, #6885, #4529 ),
 ( #6363, #759, #1332 ),
 ( #7501, #62, #2685 ),
 ( #7622, #3827, #5095 ),
 ( #4483, #2069, #7578 ),
 ( #6968, #2565, #5180 ),
 ( #1376, #3254, #6323 ),
 ( #1292, #5750, #6281 ),
 ( #720, #3214, #2643 ),
 ( #1902, #677, #5138 ),
 ( #2030, #6402, #7009 ),
 ( #3299, #1414, #3170 ),
 ( #3745, #3908, #5059 ),
 ( #6241, #799, #5795 ),
 ( #7540, #1942, #180 ),
 ( #7662, #4571, #3128 ) ),
 .UNSPECIFIED., .F., .F., .F. ) 
 B_SPLINE_SURFACE_WITH_KNOTS ( ( 4, 2, 2, 2, 2, 2, 2, 2, 2, 4 ),
 ( 3, 3 ),
 ( 0.000000000000000000, 0.0006041035718230238676, 0.001208207143646047735, 0.001812310715469071711, 0.002416414287292095470, 0.003020517859115119663, 0.003322569645026631543, 0.003624621430938143422, 0.004228725002761167182, 0.004832828574584190941 ),
 ( 0.000000000000000000, 1.000000000000000000 ),
 .UNSPECIFIED. ) 
 GEOMETRIC_REPRESENTATION_ITEM ( )  RATIONAL_B_SPLINE_SURFACE ( (
 ( 1.000000000000000000, 0.5255305477261470459, 1.000000000000000000),
 ( 1.000000000000000000, 0.5409256200843430840, 1.000000000000000000),
 ( 1.000000000000000000, 0.5564364647819708409, 1.000000000000000000),
 ( 1.000000000000000000, 0.5871040600061694370, 1.000000000000000000),
 ( 1.000000000000000000, 0.6024172706649030262, 1.000000000000000000),
 ( 1.000000000000000000, 0.6314102792733705671, 1.000000000000000000),
 ( 1.000000000000000000, 0.6449931040448667607, 1.000000000000000000),
 ( 1.000000000000000000, 0.6698042740448594268, 1.000000000000000000),
 ( 1.000000000000000000, 0.6811386069492363360, 1.000000000000000000),
 ( 1.000000000000000000, 0.6995265130419939803, 1.000000000000000000),
 ( 1.000000000000000000, 0.7067358594482600065, 1.000000000000000000),
 ( 1.000000000000000000, 0.7137396649802334458, 1.000000000000000000),
 ( 1.000000000000000000, 0.7154206984197373220, 1.000000000000000000),
 ( 1.000000000000000000, 0.7172303835283819762, 1.000000000000000000),
 ( 1.000000000000000000, 0.7173821124118947568, 1.000000000000000000),
 ( 1.000000000000000000, 0.7153933171289830195, 1.000000000000000000),
 ( 1.000000000000000000, 0.7106956582048427062, 1.000000000000000000),
 ( 1.000000000000000000, 0.6938768977784484093, 1.000000000000000000),
 ( 1.000000000000000000, 0.6818430630983641771, 1.000000000000000000),
 ( 1.000000000000000000, 0.6656562785873426646, 1.000000000000000000) ) ) 
 REPRESENTATION_ITEM ( '' )  SURFACE ( )  );
#3346 = CARTESIAN_POINT ( 'NONE',  ( -21.70975835307815771, -11.00000000000000178, -12.17884817870422864 ) ) ;
#3347 = CARTESIAN_POINT ( 'NONE',  ( -40.49999999999996447, 6.999999999999989342, -20.00000000000000000 ) ) ;
#3348 = CARTESIAN_POINT ( 'NONE',  ( -11.25945091896313244, 4.978923083889889689, -1.662608022950272213 ) ) ;
#3349 = CARTESIAN_POINT ( 'NONE',  ( 17.04700631493085439, 7.576535596036504394, -15.96100193424752156 ) ) ;
#3350 = ADVANCED_FACE ( 'NONE', ( #851 ), #456, .T. ) ;
#3351 = ADVANCED_FACE ( 'NONE', ( #6605 ), #3575, .F. ) ;
#3352 = ORIENTED_EDGE ( 'NONE', *, *, #4247, .F. ) ;
#3353 = CARTESIAN_POINT ( 'NONE',  ( 11.76627021359560565, 10.99999999999999645, -10.18918980199497426 ) ) ;
#3354 = DIRECTION ( 'NONE',  ( 1.000000000000000000, 0.000000000000000000, 0.000000000000000000 ) ) ;
#3355 = CARTESIAN_POINT ( 'NONE',  ( -16.86871441262766780, -9.065315829102033263, -16.00297145596070436 ) ) ;
#3356 = LINE ( 'NONE', #7711, #7096 ) ;
#3357 = CARTESIAN_POINT ( 'NONE',  ( 1.990745164052524441, -9.751130104823459988, -4.461902546352351173 ) ) ;
#3358 = CARTESIAN_POINT ( 'NONE',  ( -2.378627580609524728, -4.997204331729195204, 0.000000000000000000 ) ) ;
#3359 = B_SPLINE_CURVE_WITH_KNOTS ( 'NONE', 3,
 ( #175, #4524, #4434, #1897 ),
 .UNSPECIFIED., .F., .F.,
 ( 4, 4 ),
 ( 8.673617379884035472E-19, 0.001261519310006164194 ),
 .UNSPECIFIED. ) ;
#3360 = CARTESIAN_POINT ( 'NONE',  ( -0.3210419855928394184, -4.592914712726600790, -1.698163713045679923 ) ) ;
#3361 = ORIENTED_EDGE ( 'NONE', *, *, #6432, .F. ) ;
#3362 = CARTESIAN_POINT ( 'NONE',  ( -8.220980664134255989, 9.710131152358314921, -4.659287657886892475 ) ) ;
#3363 = CARTESIAN_POINT ( 'NONE',  ( 7.119961405999045034, 9.850240386491925904, -13.01658309712187034 ) ) ;
#3364 = ORIENTED_EDGE ( 'NONE', *, *, #5929, .T. ) ;
#3365 = CARTESIAN_POINT ( 'NONE',  ( -39.76131363634070937, 10.99999999999999112, -19.85607121612552817 ) ) ;
#3366 = CARTESIAN_POINT ( 'NONE',  ( 8.608023729329175922, 4.205172090025135923, -0.000000000000000000 ) ) ;
#3367 = CARTESIAN_POINT ( 'NONE',  ( -10.56527377376607468, 9.521499075589243688, -5.341706109622736065 ) ) ;
#3368 = CARTESIAN_POINT ( 'NONE',  ( 0.6544635511776394354, -6.261770510109195165, -15.99999999999998757 ) ) ;
#3369 = SHAPE_DEFINITION_REPRESENTATION ( #6412, #140 ) ;
#3370 = DIRECTION ( 'NONE',  ( 1.000000000000000000, 1.559302000878028960E-16, 0.000000000000000000 ) ) ;
#3371 = CARTESIAN_POINT ( 'NONE',  ( -7.483321084465001327, 5.135406526882289491, -15.99999999999998579 ) ) ;
#3372 = DIRECTION ( 'NONE',  ( 0.6382847385042329513, -0.7698003589194948315, 3.469446951953614583E-15 ) ) ;
#3373 = CARTESIAN_POINT ( 'NONE',  ( -39.99999999999998579, -8.000000000000003553, -33.49999999999999289 ) ) ;
#3374 = CARTESIAN_POINT ( 'NONE',  ( 10.64612737105415441, 6.258986687122023440, -16.00000000000035882 ) ) ;
#3375 = CARTESIAN_POINT ( 'NONE',  ( 7.637423852666528568, 9.825274471193576886, -11.96303632832265862 ) ) ;
#3376 = CARTESIAN_POINT ( 'NONE',  ( -3.153821390591043272, -6.207963350355147902, -15.99999999999998224 ) ) ;
#3377 = ORIENTED_EDGE ( 'NONE', *, *, #7389, .T. ) ;
#3378 = CARTESIAN_POINT ( 'NONE',  ( 18.24310234544747900, -9.679811978120406835, -15.87460640860362915 ) ) ;
#3379 = ORIENTED_EDGE ( 'NONE', *, *, #4247, .T. ) ;
#3380 = CARTESIAN_POINT ( 'NONE',  ( 6.467682416965890191, 10.99999999999999645, -3.999999999999996447 ) ) ;
#3381 = CARTESIAN_POINT ( 'NONE',  ( -7.215162477251487516, 8.107392048699445297, -14.50855783794779441 ) ) ;
#3382 = DIRECTION ( 'NONE',  ( -1.000000000000000000, -1.559302000878028960E-16, 0.000000000000000000 ) ) ;
#3383 = APPROVAL ( #1972, 'UNSPECIFIED' ) ;
#3384 = CARTESIAN_POINT ( 'NONE',  ( 13.42740324146177144, 6.999999999999999112, -15.99999999999998934 ) ) ;
#3385 = CARTESIAN_POINT ( 'NONE',  ( 40.50000000000002132, 7.000000000000002665, -36.50000000000000000 ) ) ;
#3386 = CARTESIAN_POINT ( 'NONE',  ( 19.74440394558460454, 11.00000000000000000, -12.03395510134741819 ) ) ;
#3387 = EDGE_CURVE ( 'NONE', #1534, #4823, #2837, .T. ) ;
#3388 = ORIENTED_EDGE ( 'NONE', *, *, #7919, .T. ) ;
#3389 = CARTESIAN_POINT ( 'NONE',  ( 13.00332711246339557, 9.394221879106520845, -13.81217922665124398 ) ) ;
#3390 = EDGE_CURVE ( 'NONE', #7008, #340, #5955, .T. ) ;
#3391 = CARTESIAN_POINT ( 'NONE',  ( -16.77893380597904738, -8.898128806159286697, -16.21344197418413557 ) ) ;
#3392 = DIRECTION ( 'NONE',  ( -2.312964634635743450E-16, -1.803305191373817017E-32, 1.000000000000000000 ) ) ;
#3393 = CARTESIAN_POINT ( 'NONE',  ( 0.4846146460326254957, -11.00000000000000178, -4.555127513845321552 ) ) ;
#3394 = CARTESIAN_POINT ( 'NONE',  ( -13.99771198584996590, 10.02040680946122997, -14.63586309592182388 ) ) ;
#3395 = ORIENTED_EDGE ( 'NONE', *, *, #1636, .T. ) ;
#3396 = CARTESIAN_POINT ( 'NONE',  ( -1.626328080275786458, -5.335627778613549310, -1.629020207683671506 ) ) ;
#3397 = ORIENTED_EDGE ( 'NONE', *, *, #1531, .T. ) ;
#3398 = AXIS2_PLACEMENT_3D ( 'NONE', #2378, #4840, #1112 ) ;
#3399 = EDGE_CURVE ( 'NONE', #7466, #665, #7176, .T. ) ;
#3400 = CARTESIAN_POINT ( 'NONE',  ( -35.29498591731545787, 10.99999999999999289, -16.76248605958393867 ) ) ;
#3401 = CARTESIAN_POINT ( 'NONE',  ( 19.68830645128874579, 7.554605313896444407, -16.02200872672213094 ) ) ;
#3402 = DIRECTION ( 'NONE',  ( 1.000000000000000000, 0.000000000000000000, 0.000000000000000000 ) ) ;
#3403 = ADVANCED_FACE ( 'NONE', ( #7785 ), #5854, .F. ) ;
#3404 = CARTESIAN_POINT ( 'NONE',  ( 2.367754059854609849, -6.564515399815279650, -14.48842970578257017 ) ) ;
#3405 = AXIS2_PLACEMENT_3D ( 'NONE', #1671, #2946, #1756 ) ;
#3406 = CARTESIAN_POINT ( 'NONE',  ( 24.50000000000002487, 11.00000000000000000, -4.000000000000000000 ) ) ;
#3407 = CARTESIAN_POINT ( 'NONE',  ( 19.00000000000000000, -0.9999999999999997780, -17.47213595499957961 ) ) ;
#3408 = CARTESIAN_POINT ( 'NONE',  ( -8.424848735621511153, 4.311052453562000508, -15.99999999999998579 ) ) ;
#3409 = CARTESIAN_POINT ( 'NONE',  ( 13.42740324146176434, 6.999999999999997335, 0.000000000000000000 ) ) ;
#3410 = CARTESIAN_POINT ( 'NONE',  ( -6.572596758538230333, 6.999999999999992895, -14.99999999999998757 ) ) ;
#3411 = CARTESIAN_POINT ( 'NONE',  ( 12.95884081507455754, 8.939885459255091149, -14.17909015342946866 ) ) ;
#3412 = CARTESIAN_POINT ( 'NONE',  ( 17.13661001875017220, 6.936396715132943314, -16.45612676359920812 ) ) ;
#3413 = CARTESIAN_POINT ( 'NONE',  ( -37.00000000000001421, -8.025706433618729818, -21.43057201963251046 ) ) ;
#3414 = ORIENTED_EDGE ( 'NONE', *, *, #3784, .T. ) ;
#3415 = CARTESIAN_POINT ( 'NONE',  ( 17.14704655960629154, -9.388676311671590113, -15.86662584067230064 ) ) ;
#3416 = EDGE_LOOP ( 'NONE', ( #2724, #5987, #2692, #1706, #4887 ) ) ;
#3417 = CARTESIAN_POINT ( 'NONE',  ( -7.383029449897139607, 9.008981176971516902, -15.47766674214597060 ) ) ;
#3418 = DIRECTION ( 'NONE',  ( -0.000000000000000000, 1.000000000000000000, 0.000000000000000000 ) ) ;
#3419 = CARTESIAN_POINT ( 'NONE',  ( -21.23606797749982178, 10.99999999999999289, -11.99999999999998757 ) ) ;
#3420 = DIRECTION ( 'NONE',  ( -1.000000000000000000, -1.559302000878028960E-16, 0.000000000000000000 ) ) ;
#3421 = CARTESIAN_POINT ( 'NONE',  ( 9.162396181236891479, 3.975453976273767953, -15.99999999999998934 ) ) ;
#3422 = ORIENTED_EDGE ( 'NONE', *, *, #2298, .T. ) ;
#3423 = AXIS2_PLACEMENT_3D ( 'NONE', #5039, #4420, #7556 ) ;
#3424 = CARTESIAN_POINT ( 'NONE',  ( 13.98607439062905122, 10.48253136300103350, -13.97230970457245292 ) ) ;
#3425 = ADVANCED_FACE ( 'NONE', ( #4270 ), #44, .F. ) ;
#3426 = CARTESIAN_POINT ( 'NONE',  ( -37.00000000000000711, -8.000000000000003553, -21.94987437106618344 ) ) ;
#3427 = CARTESIAN_POINT ( 'NONE',  ( -14.91847752370305003, -8.066004939015664732, -15.85603171473188411 ) ) ;
#3428 = DIRECTION ( 'NONE',  ( 0.000000000000000000, 0.000000000000000000, 1.000000000000000000 ) ) ;
#3429 = CARTESIAN_POINT ( 'NONE',  ( -2.362014756763187062, -9.825151973511704995, -4.038114190144789006 ) ) ;
#3430 = CIRCLE ( 'NONE', #4478, 1.000000000000000888 ) ;
#3431 = CARTESIAN_POINT ( 'NONE',  ( -13.54572216182418209, 7.523377073318591179, -15.97412284761337276 ) ) ;
#3432 = ORIENTED_EDGE ( 'NONE', *, *, #3534, .T. ) ;
#3433 = EDGE_CURVE ( 'NONE', #4688, #7644, #4495, .T. ) ;
#3434 = LINE ( 'NONE', #5931, #4367 ) ;
#3435 = CARTESIAN_POINT ( 'NONE',  ( 15.58659949874386186, -7.803297333641762812, -16.34314597080888376 ) ) ;
#3436 = ORIENTED_EDGE ( 'NONE', *, *, #2175, .F. ) ;
#3437 = AXIS2_PLACEMENT_3D ( 'NONE', #2767, #7747, #1079 ) ;
#3438 = CARTESIAN_POINT ( 'NONE',  ( -7.925966043121887239, 4.688022449650555146, -15.99999999999998224 ) ) ;
#3439 = B_SPLINE_CURVE_WITH_KNOTS ( 'NONE', 3,
 ( #1956, #523, #1265, #2454, #8001, #5515, #7470, #6817, #6135, #3637, #31, #6940, #3721, #6899, #1305, #4456, #3677, #4953 ),
 .UNSPECIFIED., .F., .F.,
 ( 4, 2, 2, 2, 2, 2, 2, 2, 4 ),
 ( 0.000000000000000000, 0.0007947351212398793283, 0.001589470242479756271, 0.002384205363719632889, 0.003178940484959510374, 0.003973675606199387859, 0.004768410727439264044, 0.005563145848679141962, 0.006357880969919019014 ),
 .UNSPECIFIED. ) ;
#3440 = CARTESIAN_POINT ( 'NONE',  ( 21.00314422984357066, 7.141166961497973809, -16.02191725632926733 ) ) ;
#3441 = CARTESIAN_POINT ( 'NONE',  ( 0.6601904129020402801, -4.679210437792859167, -1.690274112582277777 ) ) ;
#3442 = VECTOR ( 'NONE', #3133, 1000.000000000000000 ) ;
#3443 = CARTESIAN_POINT ( 'NONE',  ( 0.8376038199588959898, -3.975453973443579425, -15.99999999999998579 ) ) ;
#3444 = EDGE_CURVE ( 'NONE', #340, #6591, #3001, .T. ) ;
#3445 = FACE_OUTER_BOUND ( 'NONE', #7548, .T. ) ;
#3446 = CARTESIAN_POINT ( 'NONE',  ( 13.62907882794922010, 10.99999999999999822, -3.749720911984582461 ) ) ;
#3447 = AXIS2_PLACEMENT_3D ( 'NONE', #2306, #4265, #4929 ) ;
#3448 = CARTESIAN_POINT ( 'NONE',  ( -7.243751684746785102, 5.473445837445816586, -15.99999999999998579 ) ) ;
#3449 = DIRECTION ( 'NONE',  ( 0.000000000000000000, 0.000000000000000000, 1.000000000000000000 ) ) ;
#3450 = CARTESIAN_POINT ( 'NONE',  ( -2.976414308520642926, -10.05027918338132231, -14.59749725993342828 ) ) ;
#3451 = CARTESIAN_POINT ( 'NONE',  ( -7.057682422386635679, 8.808821513348027210, -1.726598745033027793 ) ) ;
#3452 = AXIS2_PLACEMENT_3D ( 'NONE', #7851, #258, #6021 ) ;
#3453 = CARTESIAN_POINT ( 'NONE',  ( -17.40151241232708301, 10.99999999999999289, -15.34947710514133057 ) ) ;
#3454 = CARTESIAN_POINT ( 'NONE',  ( 0.2199239164683034209, -3.859518907004582111, -15.99999999999998579 ) ) ;
#3455 = ORIENTED_EDGE ( 'NONE', *, *, #3046, .F. ) ;
#3456 = B_SPLINE_CURVE_WITH_KNOTS ( 'NONE', 3,
 ( #6824, #1919, #1312, #1232, #3806, #5567, #4294, #3726, #3193, #699, #616, #1882, #3684, #3764 ),
 .UNSPECIFIED., .F., .F.,
 ( 4, 2, 2, 2, 2, 2, 4 ),
 ( 0.000000000000000000, 0.0009841810948798990644, 0.001968362189759798129, 0.002460452737199745818, 0.002952543284639693941, 0.003444633832079641630, 0.003936724379519589319 ),
 .UNSPECIFIED. ) ;
#3457 = CARTESIAN_POINT ( 'NONE',  ( -18.66668702885144526, -9.502870680886500665, -16.17364970997578411 ) ) ;
#3458 = AXIS2_PLACEMENT_3D ( 'NONE', #5866, #6549, #327 ) ;
#3459 = ORIENTED_EDGE ( 'NONE', *, *, #6201, .T. ) ;
#3460 = CARTESIAN_POINT ( 'NONE',  ( -22.50870395261570067, -11.00000000000028244, -15.20365633684337858 ) ) ;
#3461 = CARTESIAN_POINT ( 'NONE',  ( -9.903750481353707613, 10.99999999999998934, -11.46399970379943767 ) ) ;
#3462 = CARTESIAN_POINT ( 'NONE',  ( -3.154413255387372494, -11.00000000000000000, -11.37042031424580912 ) ) ;
#3463 = CARTESIAN_POINT ( 'NONE',  ( 6.572596758538232109, 6.999999999999994671, -15.99999999999998934 ) ) ;
#3464 = CARTESIAN_POINT ( 'NONE',  ( -17.13661001875015444, 6.936396715132939761, -16.45612676359920101 ) ) ;
#3465 = VERTEX_POINT ( 'NONE', #2347 ) ;
#3466 = CARTESIAN_POINT ( 'NONE',  ( 6.467682416965888414, 10.99999999999999645, -11.99999999999999112 ) ) ;
#3467 = CARTESIAN_POINT ( 'NONE',  ( -39.06031727492157302, -11.00000000000000355, -17.86829016835796935 ) ) ;
#3468 = CARTESIAN_POINT ( 'NONE',  ( -15.47962308606997972, -7.977363399099222541, -15.97547195797524822 ) ) ;
#3469 = CARTESIAN_POINT ( 'NONE',  ( 37.00000000000001421, -6.999999999999996447, -11.99999999999999645 ) ) ;
#3470 = CARTESIAN_POINT ( 'NONE',  ( -2.535835049495926086, -11.00000000000000178, -3.486328688793587371 ) ) ;
#3471 = FACE_OUTER_BOUND ( 'NONE', #6215, .T. ) ;
#3472 = EDGE_LOOP ( 'NONE', ( #819, #7131, #4704, #4778 ) ) ;
#3473 = CARTESIAN_POINT ( 'NONE',  ( 17.13672098997539095, 11.00000000000000000, -11.99999999999999289 ) ) ;
#3474 = DIRECTION ( 'NONE',  ( 0.000000000000000000, -1.000000000000000000, -0.000000000000000000 ) ) ;
#3475 = ORIENTED_EDGE ( 'NONE', *, *, #3287, .T. ) ;
#3476 = DIRECTION ( 'NONE',  ( -0.000000000000000000, -1.000000000000000000, -0.000000000000000000 ) ) ;
#3477 = CARTESIAN_POINT ( 'NONE',  ( -15.68337520964458598, -1.000000000000000000, -16.99999999999998224 ) ) ;
#3478 = EDGE_CURVE ( 'NONE', #3501, #2622, #1093, .T. ) ;
#3479 = CARTESIAN_POINT ( 'NONE',  ( 12.92001938964507701, 9.805517965106144374, -2.840486381792704851 ) ) ;
#3480 = CARTESIAN_POINT ( 'NONE',  ( 0.1775566839521325879, -11.00000000000000000, -9.731659243315597507 ) ) ;
#3481 = CARTESIAN_POINT ( 'NONE',  ( 1.113674657993931838, -4.901139727704320492, -14.33019981167418422 ) ) ;
#3482 = CARTESIAN_POINT ( 'NONE',  ( 10.84544558881660414, 6.341750101146909735, -2.221066950106405802E-13 ) ) ;
#3483 = VERTEX_POINT ( 'NONE', #1732 ) ;
#3484 = CARTESIAN_POINT ( 'NONE',  ( 13.96237834480712969, 9.645135065566776689, -0.9877098346952863928 ) ) ;
#3485 = CARTESIAN_POINT ( 'NONE',  ( 2.920019389645074792, -9.805517965106496092, -13.15951361820737198 ) ) ;
#3486 = CARTESIAN_POINT ( 'NONE',  ( 3.962378344807131469, -9.645135065566773136, -15.01229016530470339 ) ) ;
#3487 = ADVANCED_FACE ( 'NONE', ( #6721 ), #7225, .F. ) ;
#3488 = CARTESIAN_POINT ( 'NONE',  ( 36.66406487687664395, -8.141067385171522730, -19.92334261226493197 ) ) ;
#3489 = CARTESIAN_POINT ( 'NONE',  ( 37.00000000000001421, -10.99999999999999645, -11.99999999999999645 ) ) ;
#3490 = CARTESIAN_POINT ( 'NONE',  ( -21.23606797749981467, 10.99999999999999289, -11.99999999999998224 ) ) ;
#3491 = CARTESIAN_POINT ( 'NONE',  ( -32.34171046998721266, -10.38243173479361126, -14.41450715357743029 ) ) ;
#3492 = VERTEX_POINT ( 'NONE', #5833 ) ;
#3493 = CARTESIAN_POINT ( 'NONE',  ( 14.87689437438233497, -8.057641145488908307, -15.85764114548889125 ) ) ;
#3494 = B_SPLINE_CURVE_WITH_KNOTS ( 'NONE', 3,
 ( #3056, #5551, #1259, #1299, #6246, #4942, #21, #7384, #1821, #6125, #2526, #7505, #6085, #4860, #469, #513, #2969, #4906 ),
 .UNSPECIFIED., .F., .F.,
 ( 4, 2, 2, 2, 2, 2, 2, 2, 4 ),
 ( 7.372068587777577728E-20, 0.0007947351212398781357, 0.001589470242479756055, 0.002384205363719634190, 0.003178940484959512109, 0.003973675606199390462, 0.004768410727439268380, 0.005563145848679146299, 0.006357880969919024218 ),
 .UNSPECIFIED. ) ;
#3495 = CARTESIAN_POINT ( 'NONE',  ( -40.49999999999996447, 6.999999999999989342, -33.49999999999999289 ) ) ;
#3496 = DIRECTION ( 'NONE',  ( 0.000000000000000000, -1.000000000000000000, 0.000000000000000000 ) ) ;
#3497 = CARTESIAN_POINT ( 'NONE',  ( -7.213006970332838108, 9.897566259887955908, -12.75161158966553643 ) ) ;
#3498 = DIRECTION ( 'NONE',  ( -0.000000000000000000, -1.000000000000000000, -0.000000000000000000 ) ) ;
#3499 = CARTESIAN_POINT ( 'NONE',  ( -19.00000000000000000, -5.000000000000000000, -16.99999999999998224 ) ) ;
#3500 = AXIS2_PLACEMENT_3D ( 'NONE', #5997, #2889, #4903 ) ;
#3501 = VERTEX_POINT ( 'NONE', #1938 ) ;
#3502 = CARTESIAN_POINT ( 'NONE',  ( 1.043982203060270120, -4.859048391637240449, -1.673702694642965838 ) ) ;
#3503 = EDGE_LOOP ( 'NONE', ( #2285, #7527, #8088, #4984, #6130 ) ) ;
#3504 = CARTESIAN_POINT ( 'NONE',  ( 1.262005746704953690, -11.00000000000000000, -6.040246445954872812 ) ) ;
#3505 = CARTESIAN_POINT ( 'NONE',  ( 11.87616220467990047, 7.463084600370364363, -15.99999999999999289 ) ) ;
#3506 = CARTESIAN_POINT ( 'NONE',  ( -34.45132652980679211, -8.927671963715583914, -16.71099272934380409 ) ) ;
#3507 = CARTESIAN_POINT ( 'NONE',  ( -15.40781225586952985, -7.902644556128135100, -15.96346758596325088 ) ) ;
#3508 = CYLINDRICAL_SURFACE ( 'NONE', #1999, 4.000000000000000000 ) ;
#3509 = CARTESIAN_POINT ( 'NONE',  ( -7.486438196230266406, 5.159211857304235593, -0.000000000000000000 ) ) ;
#3510 = CARTESIAN_POINT ( 'NONE',  ( 39.06031727492158012, 11.00000000000000355, -17.86829016835694262 ) ) ;
#3511 = ORIENTED_EDGE ( 'NONE', *, *, #5341, .F. ) ;
#3512 = DIRECTION ( 'NONE',  ( 1.000000000000000000, 0.000000000000000000, -6.938893903907229364E-16 ) ) ;
#3513 = ORIENTED_EDGE ( 'NONE', *, *, #5853, .F. ) ;
#3514 = CARTESIAN_POINT ( 'NONE',  ( -7.429447568903677634, 7.255791592464744255, -1.447635286813311106 ) ) ;
#3515 = CARTESIAN_POINT ( 'NONE',  ( 6.237208003512115839E-16, -8.000000000000000000, -36.50000000000000000 ) ) ;
#3516 = CARTESIAN_POINT ( 'NONE',  ( 12.88854999186479589, 10.81289571458547982, -2.744182452428193031 ) ) ;
#3517 = DIRECTION ( 'NONE',  ( -1.000000000000000000, 0.000000000000000000, 2.344220913482171656E-16 ) ) ;
#3518 = CARTESIAN_POINT ( 'NONE',  ( 10.20702827996360007, 6.213206936352195342, -1.793970814100097736E-13 ) ) ;
#3519 = CIRCLE ( 'NONE', #7308, 0.9999999999999994449 ) ;
#3520 = CC_DESIGN_PERSON_AND_ORGANIZATION_ASSIGNMENT ( #5171, #3243, ( #625 ) ) ;
#3521 = ADVANCED_FACE ( 'NONE', ( #2638 ), #5529, .T. ) ;
#3522 = CARTESIAN_POINT ( 'NONE',  ( 7.037871210756792451, 9.709344177154909161, -2.634043279356141021 ) ) ;
#3523 = ORIENTED_EDGE ( 'NONE', *, *, #2438, .F. ) ;
#3524 = CARTESIAN_POINT ( 'NONE',  ( 23.09610013497706760, -8.061515607894152780, -15.85657889249484853 ) ) ;
#3525 = CARTESIAN_POINT ( 'NONE',  ( -4.004527463394215836, -10.19432977147742214, -1.577182106595907740 ) ) ;
#3526 = CARTESIAN_POINT ( 'NONE',  ( 7.624288690051822748, 10.99999999999999645, -5.409026469209766042 ) ) ;
#3527 = CARTESIAN_POINT ( 'NONE',  ( -3.626003503893868718, -11.00000000000000000, -12.24232456254374313 ) ) ;
#3528 = CARTESIAN_POINT ( 'NONE',  ( 24.50000000000002487, 6.999999999999999112, -20.00000000000000000 ) ) ;
#3529 = AXIS2_PLACEMENT_3D ( 'NONE', #2108, #5985, #877 ) ;
#3530 = CARTESIAN_POINT ( 'NONE',  ( 12.99251451640867216, 9.206491308758627312, -2.012551038338263876 ) ) ;
#3531 = CARTESIAN_POINT ( 'NONE',  ( 15.00347373057273082, -6.666666666666665186, -16.49999999999999289 ) ) ;
#3532 = ORIENTED_EDGE ( 'NONE', *, *, #6543, .T. ) ;
#3533 = CARTESIAN_POINT ( 'NONE',  ( -19.15961941250470346, 7.386196404329998799, -16.40033249047796815 ) ) ;
#3534 = EDGE_CURVE ( 'NONE', #2313, #7683, #4226, .T. ) ;
#3535 = DIRECTION ( 'NONE',  ( -1.224646799147353207E-16, 1.000000000000000000, -8.497694209043070260E-32 ) ) ;
#3536 = CARTESIAN_POINT ( 'NONE',  ( -9.296299863605181457, 10.99999999999999289, -11.44703134181892779 ) ) ;
#3537 = DIRECTION ( 'NONE',  ( -0.8506400808313653306, -0.5257484692162294193, 0.000000000000000000 ) ) ;
#3538 = CARTESIAN_POINT ( 'NONE',  ( -6.285387371357622932, 8.281734304255326862, -0.2018839534043302408 ) ) ;
#3539 = VERTEX_POINT ( 'NONE', #1906 ) ;
#3540 = CARTESIAN_POINT ( 'NONE',  ( 1.914883696931318768, -4.551758123924668276, 0.000000000000000000 ) ) ;
#3541 = EDGE_LOOP ( 'NONE', ( #3685, #7297, #563, #3004 ) ) ;
#3542 = EDGE_CURVE ( 'NONE', #5261, #7936, #6808, .T. ) ;
#3543 = DIRECTION ( 'NONE',  ( 0.000000000000000000, -1.000000000000000000, -0.000000000000000000 ) ) ;
#3544 = CARTESIAN_POINT ( 'NONE',  ( 7.350761812724414312, 9.886196562445496383, -12.45521375021799138 ) ) ;
#3545 = CARTESIAN_POINT ( 'NONE',  ( 33.28133927273673720, -11.00000000000000000, -12.81185257031808611 ) ) ;
#3546 = CARTESIAN_POINT ( 'NONE',  ( -39.68673124599420277, -11.00000000000000355, -19.56131320747118352 ) ) ;
#3547 = CARTESIAN_POINT ( 'NONE',  ( -15.65823206331559625, -7.904910905686417522, -16.32289702156465694 ) ) ;
#3548 = CARTESIAN_POINT ( 'NONE',  ( -36.99999999999999289, -7.000000000000001776, -21.99999999999998224 ) ) ;
#3549 = CARTESIAN_POINT ( 'NONE',  ( 19.19441926385515629, -10.99999999999999645, -12.94390991077555420 ) ) ;
#3550 =( BOUNDED_SURFACE ( )  B_SPLINE_SURFACE ( 3, 2, ( 
 ( #330, #172, #5868 ),
 ( #2217, #3900, #7732 ),
 ( #2677, #791, #251 ),
 ( #1406, #7001, #1525 ),
 ( #4601, #2796, #5290 ),
 ( #7044, #5829, #6393 ),
 ( #4563, #1445, #2715 ),
 ( #5210, #2104, #3525 ),
 ( #6665, #5980, #367 ),
 ( #6748, #532, #5480 ),
 ( #6709, #6105, #6016 ),
 ( #7365, #1110, #7961 ),
 ( #4177, #1640, #1067 ),
 ( #5442, #4136, #3566 ),
 ( #3608, #2987, #6630 ),
 ( #1027, #2950, #406 ),
 ( #2910, #6063, #490 ),
 ( #449, #1150, #7844 ) ),
 .UNSPECIFIED., .F., .F., .T. ) 
 B_SPLINE_SURFACE_WITH_KNOTS ( ( 4, 2, 2, 2, 2, 2, 2, 2, 4 ),
 ( 3, 3 ),
 ( 0.000000000000000000, 0.0006038682219790140809, 0.001207736443958028162, 0.001811604665937042134, 0.002415472887916056324, 0.003019341109895070513, 0.003623209331874084269, 0.004227077553853098024, 0.004830945775832112647 ),
 ( 0.000000000000000000, 1.000000000000000000 ),
 .UNSPECIFIED. ) 
 GEOMETRIC_REPRESENTATION_ITEM ( )  RATIONAL_B_SPLINE_SURFACE ( (
 ( 1.000000000000000000, 0.6656562785873431087, 1.000000000000000000),
 ( 1.000000000000000000, 0.6817983102551137264, 1.000000000000000000),
 ( 1.000000000000000000, 0.6937921906951802775, 1.000000000000000000),
 ( 1.000000000000000000, 0.7105815231712433455, 1.000000000000000000),
 ( 1.000000000000000000, 0.7153270101951852977, 1.000000000000000000),
 ( 1.000000000000000000, 0.7180582319452640805, 1.000000000000000000),
 ( 1.000000000000000000, 0.7161857340857468168, 1.000000000000000000),
 ( 1.000000000000000000, 0.7069299810652266425, 1.000000000000000000),
 ( 1.000000000000000000, 0.6997348465268072859, 1.000000000000000000),
 ( 1.000000000000000000, 0.6813369999924286935, 1.000000000000000000),
 ( 1.000000000000000000, 0.6700919233057969215, 1.000000000000000000),
 ( 1.000000000000000000, 0.6452874814964562056, 1.000000000000000000),
 ( 1.000000000000000000, 0.6314685608696052332, 1.000000000000000000),
 ( 1.000000000000000000, 0.6025085259685790673, 1.000000000000000000),
 ( 1.000000000000000000, 0.5874427832452089326, 1.000000000000000000),
 ( 1.000000000000000000, 0.5566410607592868764, 1.000000000000000000),
 ( 1.000000000000000000, 0.5408537888233081459, 1.000000000000000000),
 ( 1.000000000000000000, 0.5255305477261470459, 1.000000000000000000) ) ) 
 REPRESENTATION_ITEM ( '' )  SURFACE ( )  );
#3551 = CIRCLE ( 'NONE', #4990, 4.000000000000000000 ) ;
#3552 = EDGE_LOOP ( 'NONE', ( #5597, #6991, #6156, #4238 ) ) ;
#3553 = CARTESIAN_POINT ( 'NONE',  ( -8.238964959231489971, 10.99999999999999289, -5.827318858392471768 ) ) ;
#3554 = EDGE_LOOP ( 'NONE', ( #7220, #3993, #5315, #6802, #5677, #5577 ) ) ;
#3555 = CARTESIAN_POINT ( 'NONE',  ( -31.28710191654531769, 10.99999999999999289, -12.09570111759274802 ) ) ;
#3556 = CARTESIAN_POINT ( 'NONE',  ( -3.544936307536892262, -7.519926107371349921, -15.97450018395736571 ) ) ;
#3557 = AXIS2_PLACEMENT_3D ( 'NONE', #564, #27, #7468 ) ;
#3558 = AXIS2_PLACEMENT_3D ( 'NONE', #3022, #6900, #3187 ) ;
#3559 = CARTESIAN_POINT ( 'NONE',  ( 2.521704197539440528, -9.857959017768555654, -12.20074830801260113 ) ) ;
#3560 = CARTESIAN_POINT ( 'NONE',  ( -39.68674460854762032, -11.00000000000000533, -19.56136331995173450 ) ) ;
#3561 = CARTESIAN_POINT ( 'NONE',  ( 1.254672473075583161, -4.998884583144995730, -14.33929370987385177 ) ) ;
#3562 = CARTESIAN_POINT ( 'NONE',  ( 7.634633956417571810, 6.557067913399385439, -1.512275656578027982 ) ) ;
#3563 = CIRCLE ( 'NONE', #4082, 10.00000000000000000 ) ;
#3564 = CARTESIAN_POINT ( 'NONE',  ( 6.006606098888007672, 10.41307740450301189, -1.909733669472693407 ) ) ;
#3565 = ORIENTED_EDGE ( 'NONE', *, *, #4947, .F. ) ;
#3566 = CARTESIAN_POINT ( 'NONE',  ( -3.713440882314134495, -8.276305201128135280, -0.2000630981228154470 ) ) ;
#3567 = CARTESIAN_POINT ( 'NONE',  ( -13.81370665833558142, 8.760488713725678167, -15.60127129129687695 ) ) ;
#3568 = DIRECTION ( 'NONE',  ( 1.000000000000000000, 7.796510004390144799E-17, -0.000000000000000000 ) ) ;
#3569 = B_SPLINE_CURVE_WITH_KNOTS ( 'NONE', 3,
 ( #4772, #459, #3497, #6029, #999, #962, #1078, #7895, #2309, #4808, #5336, #6676, #3578, #2959, #7214, #7746 ),
 .UNSPECIFIED., .F., .F.,
 ( 4, 2, 2, 2, 2, 2, 2, 4 ),
 ( 0.000000000000000000, 0.0004868514732665782754, 0.0009737029465331565508, 0.001460554419799734664, 0.001947405893066313102, 0.002434257366332891540, 0.002921108839599469327, 0.003894811786132620132 ),
 .UNSPECIFIED. ) ;
#3570 = TOROIDAL_SURFACE ( 'NONE', #6953, 5.196152422706640905, 1.000000000000000000 ) ;
#3571 = FACE_OUTER_BOUND ( 'NONE', #7996, .T. ) ;
#3572 = CARTESIAN_POINT ( 'NONE',  ( 13.42740324146176434, 6.999999999999997335, -1.000000000000000000 ) ) ;
#3573 = ORIENTED_EDGE ( 'NONE', *, *, #2691, .F. ) ;
#3574 = CARTESIAN_POINT ( 'NONE',  ( -10.72362330028930977, 10.99999999999999289, -9.789139472748857429 ) ) ;
#3575 = TOROIDAL_SURFACE ( 'NONE', #2395, 5.196152422706640905, 1.000000000000000000 ) ;
#3576 = CARTESIAN_POINT ( 'NONE',  ( -7.350761812724416977, 9.886196562445494607, -3.544786249782001075 ) ) ;
#3577 = CARTESIAN_POINT ( 'NONE',  ( 21.34810585216714784, 6.974070826630644149, -16.02800759086466797 ) ) ;
#3578 = CARTESIAN_POINT ( 'NONE',  ( -7.156990418295388956, 8.356094673456173183, -14.44316818855452667 ) ) ;
#3579 = DIRECTION ( 'NONE',  ( -0.5120085719768558974, 0.8284094744051786474, -0.2271232373359380330 ) ) ;
#3580 = CARTESIAN_POINT ( 'NONE',  ( -6.002288014150033213, 10.02040680946122997, -1.364136904078164791 ) ) ;
#3581 = DIRECTION ( 'NONE',  ( 0.000000000000000000, -5.782411586589358625E-16, 1.000000000000000000 ) ) ;
#3582 = CIRCLE ( 'NONE', #965, 1.000000000000000444 ) ;
#3583 = AXIS2_PLACEMENT_3D ( 'NONE', #6231, #624, #6146 ) ;
#3584 = VERTEX_POINT ( 'NONE', #1212 ) ;
#3585 = CARTESIAN_POINT ( 'NONE',  ( 12.38030810490354305, 10.99999999999999645, -3.717267775923204454 ) ) ;
#3586 = ORIENTED_EDGE ( 'NONE', *, *, #1688, .T. ) ;
#3587 = CARTESIAN_POINT ( 'NONE',  ( 2.995045427186464604, -9.544075695970960282, -2.372034405670305102 ) ) ;
#3588 = CIRCLE ( 'NONE', #3063, 0.9999999999999997780 ) ;
#3589 = FACE_OUTER_BOUND ( 'NONE', #4538, .T. ) ;
#3590 = CARTESIAN_POINT ( 'NONE',  ( -37.71325593607465976, -11.00000000000000355, -15.87168134994363555 ) ) ;
#3591 = CARTESIAN_POINT ( 'NONE',  ( 8.057612891042818859, 5.718081023176264210, -1.592643403544438563 ) ) ;
#3592 = DIRECTION ( 'NONE',  ( -1.000000000000000000, 0.000000000000000000, 0.000000000000000000 ) ) ;
#3593 = CARTESIAN_POINT ( 'NONE',  ( -11.01088703543856973, 4.033979491316443067, 0.000000000000000000 ) ) ;
#3594 = EDGE_CURVE ( 'NONE', #2411, #1861, #1747, .T. ) ;
#3595 = EDGE_CURVE ( 'NONE', #7289, #897, #2919, .T. ) ;
#3596 = EDGE_LOOP ( 'NONE', ( #5532, #6542, #2744, #647, #986, #1217, #839, #7170, #48, #4134 ) ) ;
#3597 = CARTESIAN_POINT ( 'NONE',  ( 12.64923818727557858, 9.886196562445496383, -12.45521375021799315 ) ) ;
#3598 = CARTESIAN_POINT ( 'NONE',  ( -7.349781242078250010, 10.99999999999999645, -5.172731531466471466 ) ) ;
#3599 = VERTEX_POINT ( 'NONE', #2444 ) ;
#3600 = CARTESIAN_POINT ( 'NONE',  ( -31.95122557179218248, 11.00000000000026112, -12.95447162149263853 ) ) ;
#3601 = CARTESIAN_POINT ( 'NONE',  ( -16.76393202250018533, 7.723676058159528068, -16.94735211631904193 ) ) ;
#3602 = CARTESIAN_POINT ( 'NONE',  ( 2.362576147333468768, -9.825274471193578663, -11.96303632832265329 ) ) ;
#3603 = CARTESIAN_POINT ( 'NONE',  ( -39.93964478593441214, -11.00000000000000178, -20.74281486447486955 ) ) ;
#3604 = CARTESIAN_POINT ( 'NONE',  ( 1.935794975767654691, -5.732585808777517222, -14.40881272027315951 ) ) ;
#3605 = CARTESIAN_POINT ( 'NONE',  ( 9.696481824502786395, 4.590130055917930996, -1.698417258506122129 ) ) ;
#3606 = CARTESIAN_POINT ( 'NONE',  ( 7.566732449374232949, 8.600207821610277747, -0.3100408773095172377 ) ) ;
#3607 = VERTEX_POINT ( 'NONE', #1130 ) ;
#3608 = CARTESIAN_POINT ( 'NONE',  ( -2.744194960847455178, -7.942693726931911335, -1.461883348412120531 ) ) ;
#3609 = CARTESIAN_POINT ( 'NONE',  ( -12.11377774584276423, 7.940124366526702282, -15.91896050964754927 ) ) ;
#3610 = CARTESIAN_POINT ( 'NONE',  ( 10.00000000000000000, 4.572714414311429998, -1.699999999999999956 ) ) ;
#3611 = CARTESIAN_POINT ( 'NONE',  ( 9.623165737431305544, 11.00000000000000178, -6.252156857762078523 ) ) ;
#3612 = CARTESIAN_POINT ( 'NONE',  ( -1.259450918963136878, -4.978923083889882584, -14.33739197704971602 ) ) ;
#3613 = ORIENTED_EDGE ( 'NONE', *, *, #6243, .F. ) ;
#3614 = CARTESIAN_POINT ( 'NONE',  ( -8.565473851096337299, 10.99999999999999645, -10.02890676480438081 ) ) ;
#3615 = DIRECTION ( 'NONE',  ( 9.750020343460363569E-28, 1.000000000000000000, -2.341876692568687369E-14 ) ) ;
#3616 = CARTESIAN_POINT ( 'NONE',  ( -12.64923818727558213, 9.886196562445492830, -12.45521375021798427 ) ) ;
#3617 = CARTESIAN_POINT ( 'NONE',  ( 2.372025781295181268, -10.99999999999999645, -10.58809023131135874 ) ) ;
#3618 = CARTESIAN_POINT ( 'NONE',  ( 7.001861373795393639, 9.544956636474667633, -13.63505764738068571 ) ) ;
#3619 = CARTESIAN_POINT ( 'NONE',  ( -11.62632808027579046, 5.335627778613535099, -14.37097979231631584 ) ) ;
#3620 = ORIENTED_EDGE ( 'NONE', *, *, #5893, .F. ) ;
#3621 = CARTESIAN_POINT ( 'NONE',  ( 9.717374303120816847, 9.505195771001288207, -5.387051405377435209 ) ) ;
#3622 = ORIENTED_EDGE ( 'NONE', *, *, #992, .T. ) ;
#3623 = CYLINDRICAL_SURFACE ( 'NONE', #5328, 3.000000000000002665 ) ;
#3624 = CARTESIAN_POINT ( 'NONE',  ( 13.70684283055906150, 10.97820292271296161, -12.48880115300720917 ) ) ;
#3625 = CARTESIAN_POINT ( 'NONE',  ( 32.51920024094103212, -10.24441789712325601, -14.66890596299469784 ) ) ;
#3626 = DIRECTION ( 'NONE',  ( -1.000000000000000000, -7.796510004390144799E-17, 0.000000000000000000 ) ) ;
#3627 = CARTESIAN_POINT ( 'NONE',  ( -12.95884081507456109, 8.939885459255085820, -1.820909846570523571 ) ) ;
#3628 = CARTESIAN_POINT ( 'NONE',  ( 40.00000000000001421, 8.000000000000001776, -21.94987437106619765 ) ) ;
#3629 = CARTESIAN_POINT ( 'NONE',  ( -7.057823075865210072, 10.73798747542257281, -2.542819766505723944 ) ) ;
#3630 = CARTESIAN_POINT ( 'NONE',  ( -39.99999999999999289, 10.99999999999998934, -21.94987437106618700 ) ) ;
#3631 = VERTEX_POINT ( 'NONE', #6891 ) ;
#3632 = CARTESIAN_POINT ( 'NONE',  ( 12.36580994176331671, 9.825927553790689828, -11.96713916861150473 ) ) ;
#3633 = EDGE_CURVE ( 'NONE', #2046, #6260, #7460, .T. ) ;
#3634 = CARTESIAN_POINT ( 'NONE',  ( 17.84483507859152596, -9.350743303653857197, -16.18270698934899698 ) ) ;
#3635 = ORIENTED_EDGE ( 'NONE', *, *, #1381, .F. ) ;
#3636 = CARTESIAN_POINT ( 'NONE',  ( -22.17507942103941687, -8.661643430867655979, -15.84990526401686850 ) ) ;
#3637 = CARTESIAN_POINT ( 'NONE',  ( -13.99744837503796369, 10.01629967807942201, -1.359521548457740758 ) ) ;
#3638 = CARTESIAN_POINT ( 'NONE',  ( 1.096008950258857695, -9.587296286378540700, -10.86541610193228458 ) ) ;
#3639 = B_SPLINE_CURVE_WITH_KNOTS ( 'NONE', 3,
 ( #441, #4126, #398, #2247, #4790, #1710, #6098, #2943, #4251, #2863, #5434, #481, #4208, #6742, #1142, #5938, #2901, #5397, #322, #7273, #5317, #7799, #4090, #6218, #5033, #3801, #6254, #6859, #651, #3758, #1876, #3068 ),
 .UNSPECIFIED., .F., .F.,
 ( 4, 2, 2, 2, 2, 2, 2, 2, 2, 2, 2, 2, 2, 2, 2, 4 ),
 ( 0.000000000000000000, 0.0001412550873186987823, 0.0002825101746373975646, 0.0005650203492748039113, 0.001130040698549619315, 0.002260081397099258579, 0.003390122095648897844, 0.004520162794198537108, 0.005085183143473362595, 0.005650203492748188082, 0.006780244191297847729, 0.007910284889847508244, 0.008475305239122342404, 0.008757815413759757750, 0.008899070501078465423, 0.009040325588397173096 ),
 .UNSPECIFIED. ) ;
#3640 = CARTESIAN_POINT ( 'NONE',  ( -36.87453308207736313, -11.00000000000000000, -15.01445027784679098 ) ) ;
#3641 = CARTESIAN_POINT ( 'NONE',  ( 40.00000000000001421, 11.00000000000000355, -33.49999999999999289 ) ) ;
#3642 = CARTESIAN_POINT ( 'NONE',  ( 6.846178607315795084, 6.207963348855537689, 0.000000000000000000 ) ) ;
#3643 = ADVANCED_FACE ( 'NONE', ( #1865 ), #431, .F. ) ;
#3644 = CARTESIAN_POINT ( 'NONE',  ( 6.186486928359354209, 8.759500271394935922, -0.3982277606628748523 ) ) ;
#3645 = ORIENTED_EDGE ( 'NONE', *, *, #737, .F. ) ;
#3646 = EDGE_CURVE ( 'NONE', #5188, #816, #4408, .T. ) ;
#3647 = DIRECTION ( 'NONE',  ( -1.000000000000000000, 0.000000000000000000, 0.000000000000000000 ) ) ;
#3648 = CARTESIAN_POINT ( 'NONE',  ( -12.88003859400096118, 9.850240386492083999, -13.01658309712192541 ) ) ;
#3649 = CARTESIAN_POINT ( 'NONE',  ( 37.00000000000000711, -8.025706707895416514, -21.43056647889763511 ) ) ;
#3650 = LINE ( 'NONE', #1070, #1563 ) ;
#3651 = CARTESIAN_POINT ( 'NONE',  ( 6.237208003512115839E-16, -8.000000000000000000, -33.49999999999999289 ) ) ;
#3652 = VECTOR ( 'NONE', #1733, 1000.000000000000000 ) ;
#3653 = EDGE_LOOP ( 'NONE', ( #7951, #2994, #3006, #4354, #4768 ) ) ;
#3654 = CARTESIAN_POINT ( 'NONE',  ( -6.845586744612624841, 10.99999999999999467, -11.37042031424581978 ) ) ;
#3655 = LINE ( 'NONE', #6150, #6561 ) ;
#3656 = LINE ( 'NONE', #6151, #7105 ) ;
#3657 = AXIS2_PLACEMENT_3D ( 'NONE', #5584, #6800, #1204 ) ;
#3658 = CARTESIAN_POINT ( 'NONE',  ( -7.632245940145422125, 6.564515399815197938, -1.511570294217442711 ) ) ;
#3659 = CARTESIAN_POINT ( 'NONE',  ( 7.429447568903673194, 7.255791592464744255, -14.55236471318668023 ) ) ;
#3660 = DIRECTION ( 'NONE',  ( 0.000000000000000000, 0.000000000000000000, 1.000000000000000000 ) ) ;
#3661 = CARTESIAN_POINT ( 'NONE',  ( 10.00000000002208722, 9.499999999999996447, -10.59807621135331601 ) ) ;
#3662 = CARTESIAN_POINT ( 'NONE',  ( 39.99999999890992797, 11.00000000000000533, -21.34214454091215174 ) ) ;
#3663 = VERTEX_POINT ( 'NONE', #5629 ) ;
#3664 = CARTESIAN_POINT ( 'NONE',  ( 10.90001240421616480, 10.99999999999999645, -6.155170134603613619 ) ) ;
#3665 = ORIENTED_EDGE ( 'NONE', *, *, #5247, .T. ) ;
#3666 = CARTESIAN_POINT ( 'NONE',  ( 19.00000000000000000, 3.000000000000000000, -15.99999999999999289 ) ) ;
#3667 = CARTESIAN_POINT ( 'NONE',  ( 2.698415296892429094, -9.201646605973319737, -0.6433753293342792112 ) ) ;
#3668 = CARTESIAN_POINT ( 'NONE',  ( 31.57464051513394310, -10.99999999999999645, -12.19154779660992460 ) ) ;
#3669 = CARTESIAN_POINT ( 'NONE',  ( 6.237208003512115839E-16, -8.000000000000000000, -36.50000000000000000 ) ) ;
#3670 = CARTESIAN_POINT ( 'NONE',  ( -12.99256514709663435, 9.206729499157491503, -2.012655636435046969 ) ) ;
#3671 = CARTESIAN_POINT ( 'NONE',  ( 35.08633944758004475, 8.637618935810507992, -17.34008914565742998 ) ) ;
#3672 = VERTEX_POINT ( 'NONE', #6769 ) ;
#3673 = DIRECTION ( 'NONE',  ( -2.344220913482171656E-16, -0.000000000000000000, -1.000000000000000000 ) ) ;
#3674 = CARTESIAN_POINT ( 'NONE',  ( 18.31767590195583750, -9.536989421277013435, -16.00397024037852844 ) ) ;
#3675 = ORIENTED_EDGE ( 'NONE', *, *, #4685, .F. ) ;
#3676 = CARTESIAN_POINT ( 'NONE',  ( -23.04199093326939973, -8.078668910046483020, -15.85458370435661379 ) ) ;
#3677 = CARTESIAN_POINT ( 'NONE',  ( -13.62931555220414559, 10.99999999999999289, -3.749108609707107131 ) ) ;
#3678 = CARTESIAN_POINT ( 'NONE',  ( 2.379921252761162620, -11.00000000000000000, -3.717842202537604113 ) ) ;
#3679 = CIRCLE ( 'NONE', #7714, 4.000000000000000000 ) ;
#3680 = EDGE_CURVE ( 'NONE', #3925, #8040, #3494, .T. ) ;
#3681 = CARTESIAN_POINT ( 'NONE',  ( -37.09399936901147043, -11.00000000000000178, -15.21935650590363132 ) ) ;
#3682 = CARTESIAN_POINT ( 'NONE',  ( -1.783970685839542103, -5.521239923940212790, -1.611382369096118428 ) ) ;
#3683 = CARTESIAN_POINT ( 'NONE',  ( 10.07140120249572846, 6.234146852331879707, -4.447771347997545544E-14 ) ) ;
#3684 = CARTESIAN_POINT ( 'NONE',  ( -2.722859972495912828, -9.902497302770960630, -3.397890507158368489 ) ) ;
#3685 = ORIENTED_EDGE ( 'NONE', *, *, #2492, .T. ) ;
#3686 = AXIS2_PLACEMENT_3D ( 'NONE', #5877, #6487, #222 ) ;
#3687 = CARTESIAN_POINT ( 'NONE',  ( 14.89720437123435737, -7.131070997167452852, -16.02051379632339589 ) ) ;
#3688 = CARTESIAN_POINT ( 'NONE',  ( -12.83774414475730019, 9.568782053659319331, -15.07896837505384546 ) ) ;
#3689 = DIRECTION ( 'NONE',  ( 0.000000000000000000, -0.000000000000000000, 1.000000000000000000 ) ) ;
#3690 = ADVANCED_FACE ( 'NONE', ( #5460 ), #1947, .T. ) ;
#3691 = CARTESIAN_POINT ( 'NONE',  ( 0.000000000000000000, -11.00000000000000000, -8.000000000000001776 ) ) ;
#3692 = AXIS2_PLACEMENT_3D ( 'NONE', #4806, #1157, #7893 ) ;
#3693 = DIRECTION ( 'NONE',  ( -1.000000000000000000, -1.559302000878028960E-16, 0.000000000000000000 ) ) ;
#3694 = CARTESIAN_POINT ( 'NONE',  ( 10.33607091252540755, 4.594718199198307040, -14.30199974799273299 ) ) ;
#3695 = EDGE_LOOP ( 'NONE', ( #539, #7438, #465, #4496, #6183 ) ) ;
#3696 = CARTESIAN_POINT ( 'NONE',  ( -13.36248372913775917, 10.99999999999999467, -11.67053548578813071 ) ) ;
#3697 = AXIS2_PLACEMENT_3D ( 'NONE', #274, #5272, #4664 ) ;
#3698 = CARTESIAN_POINT ( 'NONE',  ( -10.03665373830783381, 6.238874071344821637, -15.99999999999998401 ) ) ;
#3699 = CARTESIAN_POINT ( 'NONE',  ( -12.08583708877206320, 9.769919278061291124, -11.63761364515385033 ) ) ;
#3700 = CARTESIAN_POINT ( 'NONE',  ( 1.761035040768501370, -11.00000000000000000, -10.17268114160752646 ) ) ;
#3701 = DIRECTION ( 'NONE',  ( 0.000000000000000000, 0.000000000000000000, 1.000000000000000000 ) ) ;
#3702 = CARTESIAN_POINT ( 'NONE',  ( -19.80129195921255914, 7.310840116160647995, -16.40847688258672932 ) ) ;
#3703 = CARTESIAN_POINT ( 'NONE',  ( -2.649238187275575473, -9.886196562445499936, -12.45521375021798782 ) ) ;
#3704 = CARTESIAN_POINT ( 'NONE',  ( 40.00000000000001421, 11.00000000000000533, -21.94987437106619765 ) ) ;
#3705 = ORIENTED_EDGE ( 'NONE', *, *, #4400, .F. ) ;
#3706 = CARTESIAN_POINT ( 'NONE',  ( 12.36201475676302408, 9.825151973512042503, -4.038114190144856508 ) ) ;
#3707 = AXIS2_PLACEMENT_3D ( 'NONE', #3749, #1781, #3711 ) ;
#3708 = ORIENTED_EDGE ( 'NONE', *, *, #5190, .T. ) ;
#3709 = CARTESIAN_POINT ( 'NONE',  ( 2.743266385896183213, -7.938965573688559374, -1.461376324261984605 ) ) ;
#3710 = CARTESIAN_POINT ( 'NONE',  ( 37.51344267508218167, -10.99999999999999645, -15.64807017888647778 ) ) ;
#3711 = DIRECTION ( 'NONE',  ( 0.000000000000000000, 0.000000000000000000, -1.000000000000000000 ) ) ;
#3712 = DIRECTION ( 'NONE',  ( -2.344220913482171656E-16, -0.000000000000000000, -1.000000000000000000 ) ) ;
#3713 = CARTESIAN_POINT ( 'NONE',  ( 44.50000000000003553, 7.000000000000002665, -12.00000000000000000 ) ) ;
#3714 = DIRECTION ( 'NONE',  ( 0.6382847385043094457, 0.7698003589194314378, 0.000000000000000000 ) ) ;
#3715 = AXIS2_PLACEMENT_3D ( 'NONE', #6961, #669, #3162 ) ;
#3716 = AXIS2_PLACEMENT_3D ( 'NONE', #8064, #7499, #3048 ) ;
#3717 = ORIENTED_EDGE ( 'NONE', *, *, #323, .F. ) ;
#3718 = AXIS2_PLACEMENT_3D ( 'NONE', #5351, #4745, #7525 ) ;
#3719 = DIRECTION ( 'NONE',  ( -0.000000000000000000, 0.000000000000000000, -1.000000000000000000 ) ) ;
#3720 = CARTESIAN_POINT ( 'NONE',  ( -22.18549538971340240, -8.098664153440834568, -16.29300062825347339 ) ) ;
#3721 = CARTESIAN_POINT ( 'NONE',  ( -13.96974420291536845, 10.60505779017686301, -2.247057203537474290 ) ) ;
#3722 = CARTESIAN_POINT ( 'NONE',  ( 2.649238187275583023, -9.886196562445499936, -3.544786249782000187 ) ) ;
#3723 = CARTESIAN_POINT ( 'NONE',  ( -15.00347373057272726, -6.666666666666667851, -16.49999999999998579 ) ) ;
#3724 = CARTESIAN_POINT ( 'NONE',  ( -20.35445780858552922, -11.00000000000000533, -12.64485783605585745 ) ) ;
#3725 = CARTESIAN_POINT ( 'NONE',  ( -8.332235095692775317, 9.688975704383759435, -4.751553040197801892 ) ) ;
#3726 = CARTESIAN_POINT ( 'NONE',  ( -2.998138626204605917, -9.544956636474669409, -2.364942352619306298 ) ) ;
#3727 = VERTEX_POINT ( 'NONE', #3791 ) ;
#3728 = CARTESIAN_POINT ( 'NONE',  ( 2.785080659975069928, -8.108403634990041908, -14.50833399574648119 ) ) ;
#3729 = CARTESIAN_POINT ( 'NONE',  ( -13.96732364306624419, 10.61580850379942653, -13.73072832422917422 ) ) ;
#3730 = DIRECTION ( 'NONE',  ( 1.000000000000000000, 0.000000000000000000, 0.000000000000000000 ) ) ;
#3731 = DIRECTION ( 'NONE',  ( -0.6708203932499361422, 0.000000000000000000, -0.7416198487095670977 ) ) ;
#3732 = CARTESIAN_POINT ( 'NONE',  ( -0.1668894030843149356, -4.572714414311423781, -14.29999999999999183 ) ) ;
#3733 = VERTEX_POINT ( 'NONE', #5143 ) ;
#3734 = DIRECTION ( 'NONE',  ( -2.344220913482171656E-16, -0.000000000000000000, -1.000000000000000000 ) ) ;
#3735 = EDGE_CURVE ( 'NONE', #4715, #1126, #5146, .T. ) ;
#3736 = CARTESIAN_POINT ( 'NONE',  ( -10.32104198559281372, 4.592914712726443582, -14.30183628695417219 ) ) ;
#3737 = CARTESIAN_POINT ( 'NONE',  ( -12.65021875826151820, 10.99999999999999289, -10.82726846818881228 ) ) ;
#3738 = CARTESIAN_POINT ( 'NONE',  ( -8.216029314160447683, 5.521239923940149730, -1.611382369096178602 ) ) ;
#3739 = CARTESIAN_POINT ( 'NONE',  ( 35.34220307950873519, -8.545109932785596385, -17.64793309011373879 ) ) ;
#3740 = CARTESIAN_POINT ( 'NONE',  ( -20.57519281199325434, 7.086523868941172921, -16.43416685579433789 ) ) ;
#3741 = CARTESIAN_POINT ( 'NONE',  ( 12.36500336323901372, 9.825768878080962665, -11.96631886528624911 ) ) ;
#3742 = B_SPLINE_CURVE_WITH_KNOTS ( 'NONE', 3,
 ( #7855, #2343, #4845, #1807, #377, #1728, #2920, #2267, #5372, #7332, #6674, #2880 ),
 .UNSPECIFIED., .F., .F.,
 ( 4, 2, 2, 2, 2, 4 ),
 ( 0.000000000000000000, 0.0008556572455192306076, 0.001711314491038461215, 0.002566971736557691498, 0.002994800359317306530, 0.003422628982076920696 ),
 .UNSPECIFIED. ) ;
#3743 = CARTESIAN_POINT ( 'NONE',  ( 0.1945844808076943322, -3.857680429957174528, -0.000000000000000000 ) ) ;
#3744 = ORIENTED_EDGE ( 'NONE', *, *, #6485, .T. ) ;
#3745 = CARTESIAN_POINT ( 'NONE',  ( -12.88081169908429047, 9.849674462653535301, -2.981010831970301922 ) ) ;
#3746 = ORIENTED_EDGE ( 'NONE', *, *, #3228, .T. ) ;
#3747 = CARTESIAN_POINT ( 'NONE',  ( 3.485790911779928170, -7.260782712205693379, 3.370820705946686814E-15 ) ) ;
#3748 = CARTESIAN_POINT ( 'NONE',  ( -17.51091137454537616, -11.00000000000000533, -14.74377098210642778 ) ) ;
#3749 = CARTESIAN_POINT ( 'NONE',  ( -19.00000000000000000, -1.666666666666666963, -14.00000000000000000 ) ) ;
#3750 = CARTESIAN_POINT ( 'NONE',  ( -33.26671359945942186, -10.99999999999973710, -14.31945059962859190 ) ) ;
#3751 = ADVANCED_FACE ( 'NONE', ( #5755 ), #6407, .T. ) ;
#3752 = FACE_OUTER_BOUND ( 'NONE', #7228, .T. ) ;
#3753 = CARTESIAN_POINT ( 'NONE',  ( -18.80943578126407090, 8.010739725965116520, -15.91285138152311696 ) ) ;
#3754 = EDGE_LOOP ( 'NONE', ( #2740, #4403, #6401, #863 ) ) ;
#3755 = CARTESIAN_POINT ( 'NONE',  ( 13.93266591057433068, 9.432762368284929977, -15.18600367676378582 ) ) ;
#3756 = CARTESIAN_POINT ( 'NONE',  ( 15.67496532800030451, -8.179667778531484856, -15.98990317318039267 ) ) ;
#3757 = CARTESIAN_POINT ( 'NONE',  ( -23.09579948966025498, -8.061558857211919005, -15.85656703492065489 ) ) ;
#3758 = CARTESIAN_POINT ( 'NONE',  ( -14.96944676556605991, -8.081448688380982404, -15.85410852995959985 ) ) ;
#3759 = CARTESIAN_POINT ( 'NONE',  ( -16.51615258352349613, 6.565502520763462080, -16.49999999999998934 ) ) ;
#3760 = B_SPLINE_CURVE_WITH_KNOTS ( 'NONE', 3,
 ( #6575, #7793, #154, #3316, #2699, #7025, #6538, #5815, #3394, #7713, #2738, #7111, #2125, #2777, #1512, #3431, #2660, #2044 ),
 .UNSPECIFIED., .F., .F.,
 ( 4, 2, 2, 2, 2, 2, 2, 2, 4 ),
 ( 0.000000000000000000, 0.0007955008886252014008, 0.001591001777250402802, 0.002386502665875604202, 0.003182003554500805603, 0.003977504443126007004, 0.004773005331751208405, 0.005568506220376410673, 0.006364007109001613809 ),
 .UNSPECIFIED. ) ;
#3761 = CARTESIAN_POINT ( 'NONE',  ( -39.99999999999998579, -8.000000000000003553, -33.49999999999999289 ) ) ;
#3762 = CARTESIAN_POINT ( 'NONE',  ( -14.87689437438233142, -11.00000000000000178, -11.99999999999998401 ) ) ;
#3763 = CARTESIAN_POINT ( 'NONE',  ( -12.22986836891644735, 10.99999999999999289, -5.519266139828399531 ) ) ;
#3764 = CARTESIAN_POINT ( 'NONE',  ( -2.649238187275583467, -9.886196562445501712, -3.544786249782000631 ) ) ;
#3765 = ORIENTED_EDGE ( 'NONE', *, *, #1349, .T. ) ;
#3766 = CARTESIAN_POINT ( 'NONE',  ( 2.744194960847521347, -7.942693726931966403, -14.53811665158775668 ) ) ;
#3767 = CARTESIAN_POINT ( 'NONE',  ( -3.990059980102178994, -10.48388806985115629, -2.016500652382217762 ) ) ;
#3768 = CARTESIAN_POINT ( 'NONE',  ( 0.000000000000000000, 0.000000000000000000, -36.50000000000000000 ) ) ;
#3769 = CARTESIAN_POINT ( 'NONE',  ( -6.467682416965895520, 9.999999999999994671, -11.99999999999999112 ) ) ;
#3770 = CARTESIAN_POINT ( 'NONE',  ( -1.179674700606624604, -11.00000000000000000, -11.51797208648158310 ) ) ;
#3771 = CARTESIAN_POINT ( 'NONE',  ( -36.37264161304239707, 8.222592716084303532, -19.21510031379104078 ) ) ;
#3772 = CARTESIAN_POINT ( 'NONE',  ( 17.07617563603599464, -10.99999999999999645, -14.78614557277324693 ) ) ;
#3773 = ORIENTED_EDGE ( 'NONE', *, *, #2778, .F. ) ;
#3774 = DIRECTION ( 'NONE',  ( 0.000000000000000000, 0.000000000000000000, 1.000000000000000000 ) ) ;
#3775 = CARTESIAN_POINT ( 'NONE',  ( 22.41356125955372747, -7.803055732578547676, -16.34320059825135374 ) ) ;
#3776 = CARTESIAN_POINT ( 'NONE',  ( -12.57055243109632769, 7.255791592464739814, -14.55236471318667668 ) ) ;
#3777 = CARTESIAN_POINT ( 'NONE',  ( 3.897148548601771623, -10.80487166735022342, -13.26169268980928706 ) ) ;
#3778 = CARTESIAN_POINT ( 'NONE',  ( -8.806901980164386856, 4.954916852399429139, -1.664804766699881533 ) ) ;
#3779 = CARTESIAN_POINT ( 'NONE',  ( 36.79115416419585927, -8.103039918141689668, -20.34557069468047530 ) ) ;
#3780 = CARTESIAN_POINT ( 'NONE',  ( -12.10759971835478765, 6.018123046752222649, -14.43616904772537879 ) ) ;
#3781 = CARTESIAN_POINT ( 'NONE',  ( 15.68337520964459664, 6.999999999999999112, -15.99999999999999289 ) ) ;
#3782 = CARTESIAN_POINT ( 'NONE',  ( 34.10835629792303791, 11.00000000000000355, -13.18556214654392456 ) ) ;
#3783 = EDGE_CURVE ( 'NONE', #5876, #3049, #2533, .T. ) ;
#3784 = EDGE_CURVE ( 'NONE', #3300, #1534, #6703, .T. ) ;
#3785 = VERTEX_POINT ( 'NONE', #6329 ) ;
#3786 = CARTESIAN_POINT ( 'NONE',  ( -15.81559894362052887, -8.099939936945398600, -16.29282394140867396 ) ) ;
#3787 = VERTEX_POINT ( 'NONE', #7013 ) ;
#3788 = CARTESIAN_POINT ( 'NONE',  ( -31.57464051513392178, 10.99999999999999289, -12.19154779660991750 ) ) ;
#3789 = AXIS2_PLACEMENT_3D ( 'NONE', #3793, #4024, #6554 ) ;
#3790 = CARTESIAN_POINT ( 'NONE',  ( -21.15192882485766646, -10.99999999999985789, -14.81696299826045760 ) ) ;
#3791 = CARTESIAN_POINT ( 'NONE',  ( -5.360705955718498487E-16, -4.572714414311436215, -1.700000000000000400 ) ) ;
#3792 = CYLINDRICAL_SURFACE ( 'NONE', #5249, 4.000000000000000000 ) ;
#3793 = CARTESIAN_POINT ( 'NONE',  ( -19.00000000000000000, 3.000000000000000000, -16.49999999999998579 ) ) ;
#3794 = CARTESIAN_POINT ( 'NONE',  ( -16.76393202250018533, 7.578940846527620678, -15.95788169305523141 ) ) ;
#3795 = CIRCLE ( 'NONE', #386, 3.472135954999578722 ) ;
#3796 = EDGE_CURVE ( 'NONE', #6524, #4206, #2234, .T. ) ;
#3797 = ORIENTED_EDGE ( 'NONE', *, *, #2187, .F. ) ;
#3798 = CARTESIAN_POINT ( 'NONE',  ( 8.465334452133451038, 10.99999999999999645, -11.64540704196635446 ) ) ;
#3799 = CARTESIAN_POINT ( 'NONE',  ( 17.33069509061532543, -9.274698613346496145, -16.00356781610233270 ) ) ;
#3800 = CARTESIAN_POINT ( 'NONE',  ( -22.65773090232477927, -7.839438848937937188, -15.94383477959414108 ) ) ;
#3801 = CARTESIAN_POINT ( 'NONE',  ( -15.29435446412141353, -8.275406900171644153, -15.84750994909826183 ) ) ;
#3802 = CARTESIAN_POINT ( 'NONE',  ( 23.12310562561766503, -10.99999999999999822, -11.99999999999999289 ) ) ;
#3803 = CARTESIAN_POINT ( 'NONE',  ( -15.34959251460640317, -7.421346177441757064, -16.44685399685331006 ) ) ;
#3804 = CARTESIAN_POINT ( 'NONE',  ( 6.998500767920413423, 9.328452527889329104, -2.121144259780475494 ) ) ;
#3805 = CARTESIAN_POINT ( 'NONE',  ( -11.44385800043838053, 9.648175650400879988, -4.915953241641976668 ) ) ;
#3806 = CARTESIAN_POINT ( 'NONE',  ( -2.942317577613360324, -8.808821513348032539, -1.726598745033025573 ) ) ;
#3807 = ORIENTED_EDGE ( 'NONE', *, *, #5809, .T. ) ;
#3808 = CARTESIAN_POINT ( 'NONE',  ( 2.837744144757458287, -9.568782053659120379, -15.07896837505369625 ) ) ;
#3809 = VECTOR ( 'NONE', #3057, 1000.000000000000000 ) ;
#3810 = CARTESIAN_POINT ( 'NONE',  ( 22.69361545628247612, -7.810747978726308993, -15.92533131205960650 ) ) ;
#3811 = CARTESIAN_POINT ( 'NONE',  ( 44.50000000000002842, 11.00000000000000355, -3.999999999999996447 ) ) ;
#3812 = CARTESIAN_POINT ( 'NONE',  ( 10.00000000002208722, 9.499999999999996447, -10.59807621135331601 ) ) ;
#3813 = DIRECTION ( 'NONE',  ( -0.8506400808313645534, 0.5257484692162306406, 0.000000000000000000 ) ) ;
#3814 = CARTESIAN_POINT ( 'NONE',  ( 19.34003338421794638, -11.00000000000000000, -14.69783999521784601 ) ) ;
#3815 = CARTESIAN_POINT ( 'NONE',  ( 19.00000000000000000, 3.000000000000000000, -16.49999999999999289 ) ) ;
#3816 = CIRCLE ( 'NONE', #1468, 1.000000000000000444 ) ;
#3817 = DATE_TIME_ROLE ( 'creation_date' ) ;
#3818 = CARTESIAN_POINT ( 'NONE',  ( 22.83215625852795583, -8.188714480194187573, -15.84900159637234474 ) ) ;
#3819 = CARTESIAN_POINT ( 'NONE',  ( -10.56466988451855116, 6.237084333640780187, -15.99999999999998579 ) ) ;
#3820 = CARTESIAN_POINT ( 'NONE',  ( 3.969202552216160473, -10.60733514610313222, -13.74815616928572837 ) ) ;
#3821 = CARTESIAN_POINT ( 'NONE',  ( -10.61020590844688272, 4.663208515303877810, -1.691739275676527043 ) ) ;
#3822 = CARTESIAN_POINT ( 'NONE',  ( 36.95976149475315964, -8.043542602396087204, -21.14061457304024572 ) ) ;
#3823 = CARTESIAN_POINT ( 'NONE',  ( 7.851258950942775705, 6.096083231011565573, -14.44365864342734973 ) ) ;
#3824 = CARTESIAN_POINT ( 'NONE',  ( -1.091511400614619680E-15, 6.999999999999995559, 0.000000000000000000 ) ) ;
#3825 = CARTESIAN_POINT ( 'NONE',  ( 31.95122557179220024, 11.00000000000000355, -12.95447162149213405 ) ) ;
#3826 = ORIENTED_EDGE ( 'NONE', *, *, #3680, .F. ) ;
#3827 = CARTESIAN_POINT ( 'NONE',  ( -12.83622849196023452, 9.564462513674408584, -0.9173999001066057701 ) ) ;
#3828 = VERTEX_POINT ( 'NONE', #3832 ) ;
#3829 = AXIS2_PLACEMENT_3D ( 'NONE', #6651, #1622, #3428 ) ;
#3830 = CARTESIAN_POINT ( 'NONE',  ( 6.572596758538236550, 6.999999999999996447, 0.000000000000000000 ) ) ;
#3831 = CARTESIAN_POINT ( 'NONE',  ( -17.02377979651803130, -11.00000000000000355, -14.79267810496155455 ) ) ;
#3832 = CARTESIAN_POINT ( 'NONE',  ( -7.429447568903677634, 7.255791592464744255, -1.447635286813311106 ) ) ;
#3833 = CARTESIAN_POINT ( 'NONE',  ( -21.98066078730001038, 7.222853310781710334, -15.99999999999998934 ) ) ;
#3834 = CARTESIAN_POINT ( 'NONE',  ( -7.139720004487778660, 8.432719171582549578, -1.581472275457439292 ) ) ;
#3835 = CIRCLE ( 'NONE', #302, 4.000000000000003553 ) ;
#3836 = VERTEX_POINT ( 'NONE', #2073 ) ;
#3837 = CARTESIAN_POINT ( 'NONE',  ( 8.123599313624616514, 10.99999999999999467, -11.83927667814669427 ) ) ;
#3838 = AXIS2_PLACEMENT_3D ( 'NONE', #173, #54, #214 ) ;
#3839 = ADVANCED_FACE ( 'NONE', ( #2607 ), #1989, .T. ) ;
#3840 = CARTESIAN_POINT ( 'NONE',  ( -15.98552696388676608, -8.285093852978802076, -16.26923511321231786 ) ) ;
#3841 = CARTESIAN_POINT ( 'NONE',  ( -8.657488192528973059, 9.629600423015835631, -11.00836450175028070 ) ) ;
#3842 = CARTESIAN_POINT ( 'NONE',  ( 13.48552789219423964, 7.259607962109984491, 1.061256525386799625E-16 ) ) ;
#3843 = DIRECTION ( 'NONE',  ( 0.000000000000000000, 0.000000000000000000, -1.000000000000000000 ) ) ;
#3844 = B_SPLINE_CURVE_WITH_KNOTS ( 'NONE', 3,
 ( #2103, #3446, #7083, #7769, #6592, #2832, #6015, #5250, #2139, #3484, #366, #1486, #2869, #7731, #250, #5363, #2176, #4021 ),
 .UNSPECIFIED., .F., .F.,
 ( 4, 2, 2, 2, 2, 2, 2, 2, 4 ),
 ( 0.000000000000000000, 0.0007955008886252012924, 0.001591001777250402585, 0.002386502665875603769, 0.003182003554500805603, 0.003977504443126007004, 0.004773005331751208405, 0.005568506220376408938, 0.006364007109001612941 ),
 .UNSPECIFIED. ) ;
#3845 = CIRCLE ( 'NONE', #2408, 1.000000000000001332 ) ;
#3846 = CARTESIAN_POINT ( 'NONE',  ( -10.91389023538514813, 10.99999999999999289, -6.151381355841755827 ) ) ;
#3847 = CARTESIAN_POINT ( 'NONE',  ( 6.010873202127561932, 10.49256022210470363, -13.96870828934047992 ) ) ;
#3848 = ORIENTED_EDGE ( 'NONE', *, *, #6494, .T. ) ;
#3849 = CARTESIAN_POINT ( 'NONE',  ( -36.74529787853230545, 10.99999999999998757, -19.71098182209343008 ) ) ;
#3850 = CARTESIAN_POINT ( 'NONE',  ( 14.62088111344109542, -7.726265732656842466, -15.94849362709502927 ) ) ;
#3851 = CARTESIAN_POINT ( 'NONE',  ( 33.04909696183173651, -9.821317055044593403, -15.33259649146698500 ) ) ;
#3852 = CARTESIAN_POINT ( 'NONE',  ( 17.72691565808573344, 7.197723382148542015, -16.42137636171928250 ) ) ;
#3853 = DIRECTION ( 'NONE',  ( -0.000000000000000000, 0.000000000000000000, -1.000000000000000000 ) ) ;
#3854 = DIRECTION ( 'NONE',  ( 0.5120085719768560084, 0.8284094744051766490, -0.2271232373359449164 ) ) ;
#3855 = CARTESIAN_POINT ( 'NONE',  ( 21.72578513679007273, -10.99999999999999822, -12.17494420252851839 ) ) ;
#3856 = DIRECTION ( 'NONE',  ( -2.312964634635743450E-16, -1.803305191373817017E-32, 1.000000000000000000 ) ) ;
#3857 = COORDINATED_UNIVERSAL_TIME_OFFSET ( 8, 0, .BEHIND. ) ;
#3858 = CARTESIAN_POINT ( 'NONE',  ( -10.20702827996413653, 6.213206936353256715, -15.99999999999998224 ) ) ;
#3859 = CARTESIAN_POINT ( 'NONE',  ( -13.42740324146176256, 6.999999999999993783, -1.000000000000000000 ) ) ;
#3860 = CARTESIAN_POINT ( 'NONE',  ( -10.75816527652187382, 4.717347537006749469, -1.686781796767152564 ) ) ;
#3861 = CARTESIAN_POINT ( 'NONE',  ( 37.00000000000001421, -10.99999999999999822, -21.94987437106619055 ) ) ;
#3862 =( BOUNDED_SURFACE ( )  B_SPLINE_SURFACE ( 3, 2, ( 
 ( #1519, #3440, #6509 ),
 ( #7762, #1436, #2170 ),
 ( #6384, #5201, #4553 ),
 ( #902, #3401, #4052 ),
 ( #7155, #119, #2624 ),
 ( #1553, #5117, #7603 ),
 ( #3890, #2009, #4512 ),
 ( #780, #6424, #6993 ),
 ( #1398, #161, #2667 ),
 ( #2093, #7646, #7034 ),
 ( #822, #3324, #5823 ),
 ( #2707, #7685, #2979 ) ),
 .UNSPECIFIED., .F., .F., .T. ) 
 B_SPLINE_SURFACE_WITH_KNOTS ( ( 4, 2, 2, 2, 2, 4 ),
 ( 3, 3 ),
 ( 0.000000000000000000, 0.001155296824059875126, 0.002310593648119750251, 0.002888242060149687814, 0.003465890472179625377, 0.004621187296239500503 ),
 ( 0.000000000000000000, 1.000000000000000000 ),
 .UNSPECIFIED. ) 
 GEOMETRIC_REPRESENTATION_ITEM ( )  RATIONAL_B_SPLINE_SURFACE ( (
 ( 1.000000000000000000, 0.8944271909999151893, 1.000000000000000000),
 ( 1.000000000000000000, 0.9044128828121381636, 1.000000000000000000),
 ( 1.000000000000000000, 0.9097133415925910960, 1.000000000000000000),
 ( 1.000000000000000000, 0.9166808111804807258, 1.000000000000000000),
 ( 1.000000000000000000, 0.9181869984928238138, 1.000000000000000000),
 ( 1.000000000000000000, 0.9181917827503819352, 1.000000000000000000),
 ( 1.000000000000000000, 0.9178095027040075182, 1.000000000000000000),
 ( 1.000000000000000000, 0.9162041738203082764, 1.000000000000000000),
 ( 1.000000000000000000, 0.9149707773867400418, 1.000000000000000000),
 ( 1.000000000000000000, 0.9097333154259720223, 1.000000000000000000),
 ( 1.000000000000000000, 0.9044132386408253454, 1.000000000000000000),
 ( 1.000000000000000000, 0.8944271909999153003, 1.000000000000000000) ) ) 
 REPRESENTATION_ITEM ( '' )  SURFACE ( )  );
#3863 = CARTESIAN_POINT ( 'NONE',  ( 9.671210948628072401, 6.207404615248693247, -15.99999999999998934 ) ) ;
#3864 = CARTESIAN_POINT ( 'NONE',  ( -3.532317583034110697, -11.00000000000000000, -3.999999999999996447 ) ) ;
#3865 = CARTESIAN_POINT ( 'NONE',  ( 31.00000000000001421, 11.00000000000000000, -11.99999999999999645 ) ) ;
#3866 = ORIENTED_EDGE ( 'NONE', *, *, #5531, .T. ) ;
#3867 = CARTESIAN_POINT ( 'NONE',  ( -11.99547114787863222, 7.703645076074016274, -0.02932866658794856807 ) ) ;
#3868 = VERTEX_POINT ( 'NONE', #1380 ) ;
#3869 = CARTESIAN_POINT ( 'NONE',  ( -32.14958707402247029, 10.99999999999999289, -12.38352206439897785 ) ) ;
#3870 = CARTESIAN_POINT ( 'NONE',  ( -16.21982141511103137, -11.00000000000014211, -14.94297637898076125 ) ) ;
#3871 = DIRECTION ( 'NONE',  ( -0.5120085719768568966, -0.8284094744051755388, 0.2271232373359469980 ) ) ;
#3872 = CARTESIAN_POINT ( 'NONE',  ( -0.2875589572905455360, -9.500000000001056932, -10.59807621135637490 ) ) ;
#3873 = CARTESIAN_POINT ( 'NONE',  ( -3.813513071640693752, -8.759500271395047832, -15.60177223933706792 ) ) ;
#3874 = CARTESIAN_POINT ( 'NONE',  ( 18.25381686773057410, 11.00000000000000000, -12.03390594877270559 ) ) ;
#3875 = ORIENTED_EDGE ( 'NONE', *, *, #7779, .T. ) ;
#3876 = EDGE_CURVE ( 'NONE', #2566, #5935, #1841, .T. ) ;
#3877 = CARTESIAN_POINT ( 'NONE',  ( 10.19252008038254687, 10.99999999999999645, -9.732458530651202366 ) ) ;
#3878 = EDGE_CURVE ( 'NONE', #6645, #665, #1354, .T. ) ;
#3879 = DIRECTION ( 'NONE',  ( 0.000000000000000000, 1.000000000000000000, 0.000000000000000000 ) ) ;
#3880 = CARTESIAN_POINT ( 'NONE',  ( -17.84953535338387098, -9.352058304639511377, -16.18262615085906120 ) ) ;
#3881 = CARTESIAN_POINT ( 'NONE',  ( -1.765217764166280290, -10.99999999999999822, -4.232136915246494269 ) ) ;
#3882 = CARTESIAN_POINT ( 'NONE',  ( -17.13661001875015444, 6.936396715132939761, -16.45612676359920101 ) ) ;
#3883 = CARTESIAN_POINT ( 'NONE',  ( 0.3941045179998594050, -6.208967420295903317, 4.620030416329000139E-14 ) ) ;
#3884 = EDGE_CURVE ( 'NONE', #4785, #3631, #704, .T. ) ;
#3885 = CARTESIAN_POINT ( 'NONE',  ( -1.838857496949043879, -5.593391029502428502, -1.604501332948016668 ) ) ;
#3886 = CARTESIAN_POINT ( 'NONE',  ( 7.022757193359158379, 10.05408424735883344, -14.59306777708957448 ) ) ;
#3887 = ORIENTED_EDGE ( 'NONE', *, *, #3288, .F. ) ;
#3888 = B_SPLINE_CURVE_WITH_KNOTS ( 'NONE', 3,
 ( #5365, #331, #7203, #7845, #6477, #1641, #5947, #6553, #7693, #6594, #2716, #6631, #4645, #4679, #5291, #5211, #7163, #5869 ),
 .UNSPECIFIED., .F., .F.,
 ( 4, 2, 2, 2, 2, 2, 2, 2, 4 ),
 ( 0.000000000000000000, 0.0007947351212398775936, 0.001589470242479755187, 0.002384205363719632889, 0.003178940484959510374, 0.003973675606199387859, 0.004768410727439265778, 0.005563145848679142830, 0.006357880969919020749 ),
 .UNSPECIFIED. ) ;
#3889 = CARTESIAN_POINT ( 'NONE',  ( -38.27333079154317375, 10.99999999999999289, -16.58323815205971741 ) ) ;
#3890 = CARTESIAN_POINT ( 'NONE',  ( 18.62759965615356350, 8.001830326799625581, -15.91349177837066087 ) ) ;
#3891 = CARTESIAN_POINT ( 'NONE',  ( 39.40687547581164552, 11.00000000000000533, -18.69904535912903398 ) ) ;
#3892 = CARTESIAN_POINT ( 'NONE',  ( -19.00000000000000000, 3.000000000000000000, -15.99999999999998224 ) ) ;
#3893 = AXIS2_PLACEMENT_3D ( 'NONE', #1048, #1484, #6913 ) ;
#3894 = CARTESIAN_POINT ( 'NONE',  ( -1.443858000438409839, -9.648175650400817815, -11.08404675835801712 ) ) ;
#3895 = CARTESIAN_POINT ( 'NONE',  ( 22.96443714032757910, -7.588254201169394086, -15.96784797907856479 ) ) ;
#3896 = EDGE_CURVE ( 'NONE', #4870, #2705, #3835, .T. ) ;
#3897 = DIRECTION ( 'NONE',  ( 0.9229582069908977005, -0.3849001794597494697, 0.000000000000000000 ) ) ;
#3898 = ADVANCED_FACE ( 'NONE', ( #7099 ), #2005, .T. ) ;
#3899 = CARTESIAN_POINT ( 'NONE',  ( 20.72861157294675749, -9.424297963024665492, -15.86765289523061817 ) ) ;
#3900 = CARTESIAN_POINT ( 'NONE',  ( -2.648510806316869193, -10.96971019676155912, -3.312856351800859134 ) ) ;
#3901 = DIRECTION ( 'NONE',  ( 1.000000000000000000, 0.000000000000000000, 0.000000000000000000 ) ) ;
#3902 = CARTESIAN_POINT ( 'NONE',  ( -13.42740324146176256, 6.999999999999993783, 0.000000000000000000 ) ) ;
#3903 = CARTESIAN_POINT ( 'NONE',  ( 36.18469275402951979, -8.274272792841419033, -18.83774986952068531 ) ) ;
#3904 = CARTESIAN_POINT ( 'NONE',  ( 8.465056013931835821, 6.912734961844421377, -15.99999999999929656 ) ) ;
#3905 = FACE_OUTER_BOUND ( 'NONE', #1943, .T. ) ;
#3906 = CARTESIAN_POINT ( 'NONE',  ( 37.51330461881445189, 11.00000000000000355, -15.64791987912781934 ) ) ;
#3907 = ORIENTED_EDGE ( 'NONE', *, *, #7428, .T. ) ;
#3908 = CARTESIAN_POINT ( 'NONE',  ( -12.88962639035112367, 10.81179576066895898, -2.740890114875395689 ) ) ;
#3909 = ORIENTED_EDGE ( 'NONE', *, *, #729, .F. ) ;
#3910 = DIRECTION ( 'NONE',  ( -1.000000000000000000, 0.000000000000000000, 0.000000000000000000 ) ) ;
#3911 = CARTESIAN_POINT ( 'NONE',  ( -18.89227773890838336, -11.00000000000000178, -12.94460654776914410 ) ) ;
#3912 = CARTESIAN_POINT ( 'NONE',  ( 8.161142503043240737, 5.593391029512973844, -14.39549866705298165 ) ) ;
#3913 = CARTESIAN_POINT ( 'NONE',  ( -6.102117874640256900, 10.80363907432509940, -13.26553542441608968 ) ) ;
#3914 = CARTESIAN_POINT ( 'NONE',  ( -6.186293341664424794, 8.760488713725621324, -0.3987287087030842447 ) ) ;
#3915 = ORIENTED_EDGE ( 'NONE', *, *, #737, .T. ) ;
#3916 = AXIS2_PLACEMENT_3D ( 'NONE', #6129, #7994, #4910 ) ;
#3917 = CARTESIAN_POINT ( 'NONE',  ( 11.53766896950025256, 10.99999999999983658, -11.64676510012819222 ) ) ;
#3918 = CARTESIAN_POINT ( 'NONE',  ( 16.81471020422354457, 6.768713230964248595, -16.48065474309987621 ) ) ;
#3919 = CARTESIAN_POINT ( 'NONE',  ( -17.82386468089690013, -9.435077509545092056, -16.00384861481104437 ) ) ;
#3920 = CARTESIAN_POINT ( 'NONE',  ( -19.00000000000000000, -5.000000000000000000, -15.99999999999998224 ) ) ;
#3921 = AXIS2_PLACEMENT_3D ( 'NONE', #1889, #5080, #7649 ) ;
#3922 = CARTESIAN_POINT ( 'NONE',  ( 1.781783482194407853, -9.710658672021720506, -4.656921241805402900 ) ) ;
#3923 = DIRECTION ( 'NONE',  ( 0.000000000000000000, 0.000000000000000000, -1.000000000000000000 ) ) ;
#3924 = CARTESIAN_POINT ( 'NONE',  ( 0.6102059084470820016, -4.663208515303872481, -1.691739275676582777 ) ) ;
#3925 = VERTEX_POINT ( 'NONE', #682 ) ;
#3926 = DIRECTION ( 'NONE',  ( 0.000000000000000000, -0.000000000000000000, 1.000000000000000000 ) ) ;
#3927 = CARTESIAN_POINT ( 'NONE',  ( 6.996999999072596843, 10.19586937726448461, -14.41582946961557532 ) ) ;
#3928 = ORIENTED_EDGE ( 'NONE', *, *, #603, .F. ) ;
#3929 = CARTESIAN_POINT ( 'NONE',  ( -35.01236645096856392, 10.99999999999999467, -16.37234578429082887 ) ) ;
#3930 = CARTESIAN_POINT ( 'NONE',  ( 12.37862758060953006, 4.997204331729193427, 0.000000000000000000 ) ) ;
#3931 = ADVANCED_FACE ( 'NONE', ( #998 ), #6602, .T. ) ;
#3932 = CARTESIAN_POINT ( 'NONE',  ( -19.00000000000000355, -5.000000000000000000, -19.00000000000000000 ) ) ;
#3933 = CARTESIAN_POINT ( 'NONE',  ( -0.09624951864630014453, -10.99999999999999822, -11.46399970379959576 ) ) ;
#3934 = CARTESIAN_POINT ( 'NONE',  ( -0.03243828811343652668, -6.239211094213978903, -15.99999999999998579 ) ) ;
#3935 = CARTESIAN_POINT ( 'NONE',  ( 19.79117136720945425, -11.00000000000007105, -14.70812556998352605 ) ) ;
#3936 = CARTESIAN_POINT ( 'NONE',  ( 11.44819202800991853, 5.158172566434042317, -1.645772547544680497 ) ) ;
#3937 = CARTESIAN_POINT ( 'NONE',  ( 21.57512629771580137, -8.802122424653685329, -16.00162766805401304 ) ) ;
#3938 = CARTESIAN_POINT ( 'NONE',  ( -9.353872628946183099, 6.258986687121291581, -15.99999999999998757 ) ) ;
#3939 = CYLINDRICAL_SURFACE ( 'NONE', #5932, 4.000000000000000000 ) ;
#3940 = EDGE_CURVE ( 'NONE', #4087, #5857, #4884, .T. ) ;
#3941 = CARTESIAN_POINT ( 'NONE',  ( -11.71613420019258278, 7.160681696375093885, -2.702846293310350294E-12 ) ) ;
#3942 = CARTESIAN_POINT ( 'NONE',  ( 34.86263666125343974, -10.99999999999999289, -16.17531954817356876 ) ) ;
#3943 = CARTESIAN_POINT ( 'NONE',  ( 7.486438198720785309, 5.159211858540141193, -15.99999999999998934 ) ) ;
#3944 = EDGE_CURVE ( 'NONE', #3631, #4029, #4807, .T. ) ;
#3945 = CARTESIAN_POINT ( 'NONE',  ( -40.49999999999996447, 6.999999999999989342, -33.49999999999999289 ) ) ;
#3946 = AXIS2_PLACEMENT_3D ( 'NONE', #2180, #2836, #7888 ) ;
#3947 = CARTESIAN_POINT ( 'NONE',  ( 31.00000000000001421, 11.00000000000000000, -11.99999999999999645 ) ) ;
#3948 = ORIENTED_EDGE ( 'NONE', *, *, #2286, .T. ) ;
#3949 = CARTESIAN_POINT ( 'NONE',  ( 15.05423401672892325, -8.121122192224518699, -15.85149786223732882 ) ) ;
#3950 = ORIENTED_EDGE ( 'NONE', *, *, #3944, .T. ) ;
#3951 = CARTESIAN_POINT ( 'NONE',  ( -30.99999999999999289, 10.99999999999999112, -11.99999999999998579 ) ) ;
#3952 = TOROIDAL_SURFACE ( 'NONE', #410, 5.196152422706640905, 1.000000000000000000 ) ;
#3953 = CARTESIAN_POINT ( 'NONE',  ( -6.050494946924526829, 10.66255185033968367, -13.61343576909704289 ) ) ;
#3954 = CARTESIAN_POINT ( 'NONE',  ( -16.02580482117915395, 7.227142107713461883, -15.99999999999998579 ) ) ;
#3955 = CARTESIAN_POINT ( 'NONE',  ( -2.000734553717184117, -9.752880948750705770, -11.53679192407819620 ) ) ;
#3956 = CARTESIAN_POINT ( 'NONE',  ( 16.76393202250020664, 11.00000000000000000, -11.99999999999999289 ) ) ;
#3957 = AXIS2_PLACEMENT_3D ( 'NONE', #4770, #4227, #1076 ) ;
#3958 = ORIENTED_EDGE ( 'NONE', *, *, #3182, .F. ) ;
#3959 = CARTESIAN_POINT ( 'NONE',  ( 9.196532386138448700, 10.99999999999999645, -11.44750848626283357 ) ) ;
#3960 = FACE_OUTER_BOUND ( 'NONE', #7708, .T. ) ;
#3961 = CARTESIAN_POINT ( 'NONE',  ( -17.37308038872975757, -9.191977044752997372, -16.19278914210745057 ) ) ;
#3962 = DIRECTION ( 'NONE',  ( -0.000000000000000000, 1.000000000000000000, -0.000000000000000000 ) ) ;
#3963 = VECTOR ( 'NONE', #2025, 1000.000000000000000 ) ;
#3964 = CARTESIAN_POINT ( 'NONE',  ( -1.429179716012949575, -11.00000000000000000, -5.988098956767232472 ) ) ;
#3965 = DIRECTION ( 'NONE',  ( 0.000000000000000000, -1.000000000000000000, 0.000000000000000000 ) ) ;
#3966 = CARTESIAN_POINT ( 'NONE',  ( -1.448192028009912757, -5.158172566433996131, -1.645772547544723796 ) ) ;
#3967 = EDGE_LOOP ( 'NONE', ( #6864, #7455, #4747, #6081 ) ) ;
#3968 = CARTESIAN_POINT ( 'NONE',  ( -1.254672473075579164, -4.998884583145009941, -1.660706290126134466 ) ) ;
#3969 = VECTOR ( 'NONE', #2811, 1000.000000000000000 ) ;
#3970 = CARTESIAN_POINT ( 'NONE',  ( 7.257065848170880962, 10.92787295421409866, -12.87368757657925045 ) ) ;
#3971 = ORIENTED_EDGE ( 'NONE', *, *, #748, .T. ) ;
#3972 = CARTESIAN_POINT ( 'NONE',  ( -36.37354484974466828, 8.222707255266449522, -19.19911290954135197 ) ) ;
#3973 = CARTESIAN_POINT ( 'NONE',  ( 10.83760381876311207, 3.975453976273779944, 0.000000000000000000 ) ) ;
#3974 = CARTESIAN_POINT ( 'NONE',  ( 39.76132374518621759, 11.00000000000000178, -19.85611505463637982 ) ) ;
#3975 = AXIS2_PLACEMENT_3D ( 'NONE', #6354, #1404, #5048 ) ;
#3976 = CIRCLE ( 'NONE', #3452, 0.9999999999999998890 ) ;
#3977 = CARTESIAN_POINT ( 'NONE',  ( 1.765217764166242098, -11.00000000000000000, -11.76786308475327480 ) ) ;
#3978 = B_SPLINE_CURVE_WITH_KNOTS ( 'NONE', 3,
 ( #663, #86, #6310, #5122, #4, #3200, #3771, #4965, #2507, #5653, #2016, #3155, #747, #5694, #4468, #3240, #46, #5004, #706, #4516, #2588, #123, #6871, #1890 ),
 .UNSPECIFIED., .F., .F.,
 ( 4, 2, 2, 2, 2, 2, 2, 2, 2, 2, 2, 4 ),
 ( 0.000000000000000000, 0.001544909548074993502, 0.002317364322112490035, 0.003089819096149987003, 0.004634728644224980938, 0.006179638192299974873, 0.007724547740374970543, 0.009269457288449963611, 0.01004191206248745971, 0.01081436683652495408, 0.01158682161056245018, 0.01235927638459993934 ),
 .UNSPECIFIED. ) ;
#3979 = DIRECTION ( 'NONE',  ( -0.7416198487095674308, 0.000000000000000000, 0.6708203932499356981 ) ) ;
#3980 = CARTESIAN_POINT ( 'NONE',  ( 16.06166539930332604, -8.712140165464804298, -15.91158496824369273 ) ) ;
#3981 = CARTESIAN_POINT ( 'NONE',  ( -2.992565147096634348, -9.206729499157498608, -13.98734436356493838 ) ) ;
#3982 = APPROVAL_ROLE ( '' ) ;
#3983 = AXIS2_PLACEMENT_3D ( 'NONE', #2137, #4019, #7121 ) ;
#3984 = CYLINDRICAL_SURFACE ( 'NONE', #6174, 2.999999999999999112 ) ;
#3985 = CARTESIAN_POINT ( 'NONE',  ( -9.443893364754147868, 6.235078516625610412, -15.99999999999998934 ) ) ;
#3986 = CARTESIAN_POINT ( 'NONE',  ( 8.556141999561615918, 9.648175650401043413, -4.915953241641903837 ) ) ;
#3987 = CARTESIAN_POINT ( 'NONE',  ( 21.89290252551273142, -8.400655845182500414, -16.25716372366828821 ) ) ;
#3988 = CARTESIAN_POINT ( 'NONE',  ( 10.14593836060890197, 4.571980558981124432, -14.29993317771178774 ) ) ;
#3989 = CARTESIAN_POINT ( 'NONE',  ( 8.903991049741140529, 9.587296286378535370, -10.86541610193228102 ) ) ;
#3990 = CARTESIAN_POINT ( 'NONE',  ( 1.590797360909399050, -4.320739154704307694, -15.99999999999998579 ) ) ;
#3991 = ORIENTED_EDGE ( 'NONE', *, *, #3033, .T. ) ;
#3992 = CARTESIAN_POINT ( 'NONE',  ( 17.50918135517681762, -9.513908280087518321, -15.87006579196908618 ) ) ;
#3993 = ORIENTED_EDGE ( 'NONE', *, *, #1785, .T. ) ;
#3994 = ADVANCED_FACE ( 'NONE', ( #378 ), #7197, .T. ) ;
#3995 = CARTESIAN_POINT ( 'NONE',  ( 7.256424867571751314, 10.92761993408718979, -3.125103672151771317 ) ) ;
#3996 = CARTESIAN_POINT ( 'NONE',  ( -8.123837795320103083, 7.463084600370352817, -15.99999999999998934 ) ) ;
#3997 = CARTESIAN_POINT ( 'NONE',  ( -9.515385353967271698, 10.99999999999999112, -11.44487248615500441 ) ) ;
#3998 = DIRECTION ( 'NONE',  ( -1.000000000000000000, -1.559302000878028960E-16, 2.344220913482171656E-16 ) ) ;
#3999 = CARTESIAN_POINT ( 'NONE',  ( 41.50000000000002132, -6.999999999999995559, -33.49999999999999289 ) ) ;
#4000 = CARTESIAN_POINT ( 'NONE',  ( 19.41420173619420453, 10.99999999999971045, -15.16567519039304024 ) ) ;
#4001 = ORIENTED_EDGE ( 'NONE', *, *, #7331, .T. ) ;
#4002 = ADVANCED_FACE ( 'NONE', ( #7409 ), #4931, .T. ) ;
#4003 = CARTESIAN_POINT ( 'NONE',  ( 13.96200004797643857, 9.641772363844991034, -15.01541498470530556 ) ) ;
#4004 = EDGE_CURVE ( 'NONE', #1760, #2427, #6189, .T. ) ;
#4005 = DIRECTION ( 'NONE',  ( -1.000000000000000000, 0.000000000000000000, 0.000000000000000000 ) ) ;
#4006 = CARTESIAN_POINT ( 'NONE',  ( -18.64863016426706821, -9.722755853710921770, -15.87579843440597038 ) ) ;
#4007 = CARTESIAN_POINT ( 'NONE',  ( -22.31662479035548330, -0.9999999999999430456, -15.99999999999998224 ) ) ;
#4008 = CARTESIAN_POINT ( 'NONE',  ( 1.324702659723868026, -9.627295107139509867, -4.993290633005552870 ) ) ;
#4009 = CARTESIAN_POINT ( 'NONE',  ( 3.001499232079585688, -9.328452527889337986, -2.121144259780473718 ) ) ;
#4010 = CARTESIAN_POINT ( 'NONE',  ( -2.087787785708671517, -4.700698234200253012, 0.000000000000000000 ) ) ;
#4011 = ORIENTED_EDGE ( 'NONE', *, *, #433, .T. ) ;
#4012 = CARTESIAN_POINT ( 'NONE',  ( -5.360705955718498487E-16, -4.572714414311436215, -1.700000000000000400 ) ) ;
#4013 = CARTESIAN_POINT ( 'NONE',  ( 6.514472107805263867, 7.259607962109993373, -15.99999999999998934 ) ) ;
#4014 = ORIENTED_EDGE ( 'NONE', *, *, #5531, .F. ) ;
#4015 = CARTESIAN_POINT ( 'NONE',  ( -36.95976149475323069, 8.043542602396652086, -21.14061457304063651 ) ) ;
#4016 = CARTESIAN_POINT ( 'NONE',  ( 11.40937216185252900, 4.214679052913653301, 0.000000000000000000 ) ) ;
#4017 = CARTESIAN_POINT ( 'NONE',  ( -12.52142881642178018, 9.857898045108402840, -3.799801153178309576 ) ) ;
#4018 = CARTESIAN_POINT ( 'NONE',  ( 0.1794811057797836007, -10.99999999999999822, -11.46011852100291684 ) ) ;
#4019 = DIRECTION ( 'NONE',  ( -1.000000000000000000, 0.000000000000000000, -2.312964634635743450E-16 ) ) ;
#4020 = CARTESIAN_POINT ( 'NONE',  ( -2.843009581704611044, -8.356094673456178512, -14.44316818855452489 ) ) ;
#4021 = CARTESIAN_POINT ( 'NONE',  ( 13.42740324146176434, 6.999999999999997335, 0.000000000000000000 ) ) ;
#4022 = CARTESIAN_POINT ( 'NONE',  ( -7.634633956417490985, 6.557067913399527548, -14.48772434342196824 ) ) ;
#4023 = CARTESIAN_POINT ( 'NONE',  ( 8.074855999612651658, 10.99999999999999645, -5.720152263298647455 ) ) ;
#4024 = DIRECTION ( 'NONE',  ( -2.344220913482171656E-16, -0.000000000000000000, -1.000000000000000000 ) ) ;
#4025 = CARTESIAN_POINT ( 'NONE',  ( -7.212055031701911645, 9.897332512219449541, -3.245973656328367429 ) ) ;
#4026 = CARTESIAN_POINT ( 'NONE',  ( -19.41667606565257032, 10.99999999999941203, -15.16582187077064070 ) ) ;
#4027 = EDGE_CURVE ( 'NONE', #6558, #203, #1247, .T. ) ;
#4028 = CARTESIAN_POINT ( 'NONE',  ( -3.427403241461769667, -7.000000000000000000, -15.99999999999998579 ) ) ;
#4029 = VERTEX_POINT ( 'NONE', #2513 ) ;
#4030 = CARTESIAN_POINT ( 'NONE',  ( -19.66803832219332193, -9.454724796616012839, -16.17645759956577933 ) ) ;
#4031 = VERTEX_POINT ( 'NONE', #4846 ) ;
#4032 = CARTESIAN_POINT ( 'NONE',  ( -23.12310562561766858, -7.297322475283398724, -15.98893461286234263 ) ) ;
#4033 = CARTESIAN_POINT ( 'NONE',  ( -8.941060880003325551, 10.99999999999983658, -11.49016902978221566 ) ) ;
#4034 = DIRECTION ( 'NONE',  ( 1.000000000000000000, 3.605555036969176942E-15, 0.000000000000000000 ) ) ;
#4035 = DIRECTION ( 'NONE',  ( 1.000000000000000000, -3.505400730386702763E-15, 0.000000000000000000 ) ) ;
#4036 = CARTESIAN_POINT ( 'NONE',  ( 44.50000000000003553, 11.00000000000000355, -12.00000000000000000 ) ) ;
#4037 = ADVANCED_FACE ( 'NONE', ( #7292 ), #8031, .F. ) ;
#4038 = ORIENTED_EDGE ( 'NONE', *, *, #1586, .F. ) ;
#4039 = CARTESIAN_POINT ( 'NONE',  ( 12.89442024865701164, 9.738703461050254973, -14.92723331961042099 ) ) ;
#4040 = CARTESIAN_POINT ( 'NONE',  ( -15.35072004355902919, -8.314974950891723893, -15.84711831776650826 ) ) ;
#4041 = LINE ( 'NONE', #6535, #6830 ) ;
#4042 = CARTESIAN_POINT ( 'NONE',  ( -12.75624831734637787, 5.473445835946208149, 0.000000000000000000 ) ) ;
#4043 = EDGE_CURVE ( 'NONE', #3672, #3074, #3656, .T. ) ;
#4044 = AXIS2_PLACEMENT_3D ( 'NONE', #1950, #105, #2144 ) ;
#4045 = CARTESIAN_POINT ( 'NONE',  ( 2.570552431096320145, -7.255791592464749584, -1.447635286813308664 ) ) ;
#4046 = ORIENTED_EDGE ( 'NONE', *, *, #1177, .F. ) ;
#4047 = CARTESIAN_POINT ( 'NONE',  ( 13.80384757729336442, -5.000000000000000000, -15.99999999999999289 ) ) ;
#4048 = CARTESIAN_POINT ( 'NONE',  ( 14.94642132494342768, -8.074489708003625310, -15.85499668632915693 ) ) ;
#4049 = ORIENTED_EDGE ( 'NONE', *, *, #7536, .T. ) ;
#4050 = CIRCLE ( 'NONE', #518, 1.000000000000000888 ) ;
#4051 = CARTESIAN_POINT ( 'NONE',  ( -8.424848734487294877, 4.311052452020804004, -15.99999999999998934 ) ) ;
#4052 = CARTESIAN_POINT ( 'NONE',  ( 19.64830403264743808, 7.347729217731210127, -16.40426683893902648 ) ) ;
#4053 = LINE ( 'NONE', #5824, #5940 ) ;
#4054 = CARTESIAN_POINT ( 'NONE',  ( 0.3740096532208030400, -11.00000000000000000, -11.45037386898638410 ) ) ;
#4055 = CARTESIAN_POINT ( 'NONE',  ( 0.7751301009208229065, -4.724486548510451911, -14.31387438907935206 ) ) ;
#4056 = CARTESIAN_POINT ( 'NONE',  ( 13.42740324146176434, 6.999999999999997335, 0.000000000000000000 ) ) ;
#4057 = CARTESIAN_POINT ( 'NONE',  ( -2.236067977499804016, -11.00000000000000000, -11.99999999999998757 ) ) ;
#4058 = CARTESIAN_POINT ( 'NONE',  ( -8.469197115351763117, 6.906922285551155838, -15.99999999999998579 ) ) ;
#4059 = CARTESIAN_POINT ( 'NONE',  ( 8.009254835947512419, 9.751130104823415579, -4.461902546352398247 ) ) ;
#4060 = CARTESIAN_POINT ( 'NONE',  ( -2.998307370271745320, -9.280029756719772038, -13.92351689679691162 ) ) ;
#4061 = DIRECTION ( 'NONE',  ( -1.559302000878028960E-16, 1.000000000000000000, 0.000000000000000000 ) ) ;
#4062 = CARTESIAN_POINT ( 'NONE',  ( 10.00000000002208722, 9.499999999999996447, -10.59807621135331601 ) ) ;
#4063 = CARTESIAN_POINT ( 'NONE',  ( 2.756702970901307559, -5.497409855380182897, -15.99999999999998934 ) ) ;
#4064 = EDGE_LOOP ( 'NONE', ( #7489, #2153, #4590, #4286 ) ) ;
#4065 = DIRECTION ( 'NONE',  ( 0.4581904831346117479, -5.961253406720741270E-16, 0.8888540269160462026 ) ) ;
#4066 = ORIENTED_EDGE ( 'NONE', *, *, #2448, .F. ) ;
#4067 = CARTESIAN_POINT ( 'NONE',  ( -6.455689022901244023, 7.517181988109477686, -15.97478666941764835 ) ) ;
#4068 = CARTESIAN_POINT ( 'NONE',  ( -8.327598723460511110, 9.689852445499752776, -11.25222047066570852 ) ) ;
#4069 = DIRECTION ( 'NONE',  ( 0.000000000000000000, 0.000000000000000000, 1.000000000000000000 ) ) ;
#4070 = CARTESIAN_POINT ( 'NONE',  ( 31.00000000000001421, -6.999999999999997335, -11.99999999999999467 ) ) ;
#4071 = CARTESIAN_POINT ( 'NONE',  ( -16.76393202250018533, 7.578940846527620678, -15.95788169305523141 ) ) ;
#4072 = AXIS2_PLACEMENT_3D ( 'NONE', #3528, #6019, #5870 ) ;
#4073 = B_SPLINE_CURVE_WITH_KNOTS ( 'NONE', 3,
 ( #4636, #4513, #6994, #3974, #6470, #1399, #3891, #6385, #3280, #2668, #5774, #5165, #7647, #7236, #2827, #7315, #981, #1630, #1060, #399, #2904, #7915, #7835, #5398, #4210, #2980 ),
 .UNSPECIFIED., .F., .F.,
 ( 4, 2, 2, 2, 2, 2, 2, 2, 2, 2, 2, 2, 4 ),
 ( 0.000000000000000000, 0.001805693309443144861, 0.002708539964164711870, 0.003611386618886278880, 0.005417079928329403792, 0.006319926583050966030, 0.007222773237772529137, 0.008125619892494091376, 0.009028466547215655350, 0.01083415985665877636, 0.01263985316610189910, 0.01354269982082346134, 0.01444554647554502011 ),
 .UNSPECIFIED. ) ;
#4074 = ORIENTED_EDGE ( 'NONE', *, *, #2828, .T. ) ;
#4075 = AXIS2_PLACEMENT_3D ( 'NONE', #438, #3474, #3512 ) ;
#4076 = DIRECTION ( 'NONE',  ( 7.796510004390144799E-17, -1.000000000000000000, -0.000000000000000000 ) ) ;
#4077 = CARTESIAN_POINT ( 'NONE',  ( 20.21712342887056479, -9.577975972325742049, -15.87181812373376211 ) ) ;
#4078 = CARTESIAN_POINT ( 'NONE',  ( -36.40678305300998829, -11.00000000000000178, -18.71850075876061936 ) ) ;
#4079 = DIRECTION ( 'NONE',  ( -0.8848650242331369542, 0.4609423183632039844, 0.06742453582224271214 ) ) ;
#4080 = CARTESIAN_POINT ( 'NONE',  ( 19.00000000000000355, 3.000000000000000000, -19.00000000000000000 ) ) ;
#4081 = CARTESIAN_POINT ( 'NONE',  ( 19.37190555900048494, -10.99999999999999822, -12.92193650991681331 ) ) ;
#4082 = AXIS2_PLACEMENT_3D ( 'NONE', #1842, #1359, #6906 ) ;
#4083 = CARTESIAN_POINT ( 'NONE',  ( 2.992565147096633460, -9.206729499157498608, -2.012655636435045636 ) ) ;
#4084 = ORIENTED_EDGE ( 'NONE', *, *, #2240, .T. ) ;
#4085 = CARTESIAN_POINT ( 'NONE',  ( 18.62709969418198597, 11.00000000000000178, -12.04265017283213446 ) ) ;
#4086 = EDGE_CURVE ( 'NONE', #269, #2977, #1361, .T. ) ;
#4087 = VERTEX_POINT ( 'NONE', #92 ) ;
#4088 = AXIS2_PLACEMENT_3D ( 'NONE', #3113, #5608, #6459 ) ;
#4089 = CARTESIAN_POINT ( 'NONE',  ( -31.38300082435133831, 10.95249123819352910, -12.76528946821958499 ) ) ;
#4090 = CARTESIAN_POINT ( 'NONE',  ( -16.14457044308944234, -8.880740706054004008, -15.85359174444647401 ) ) ;
#4091 = B_SPLINE_CURVE_WITH_KNOTS ( 'NONE', 3,
 ( #6754, #1725, #3654, #5411, #1074, #587, #8018, #3038, #4225, #3614, #7892, #2383, #5578, #6148, #540, #497, #3574, #3082, #7407, #4303, #5448, #1116, #6794, #1196, #3696, #2470 ),
 .UNSPECIFIED., .F., .F.,
 ( 4, 2, 2, 2, 2, 2, 2, 2, 2, 2, 2, 2, 4 ),
 ( 0.000000000000000000, 0.001095457394396775856, 0.001643186091595165519, 0.002190914788793555616, 0.002738643485991945278, 0.003286372183190334941, 0.003834100880388725038, 0.004381829577587114700, 0.005477286971983899230, 0.006572744366380683760, 0.007120473063579074724, 0.007668201760777465688, 0.008763659155174243279 ),
 .UNSPECIFIED. ) ;
#4092 = CARTESIAN_POINT ( 'NONE',  ( 0.3373416626202379587, -4.594825558616182803, -14.30200939914079861 ) ) ;
#4093 = DIRECTION ( 'NONE',  ( -0.000000000000000000, -1.000000000000000000, -0.000000000000000000 ) ) ;
#4094 = ORIENTED_EDGE ( 'NONE', *, *, #3444, .T. ) ;
#4095 = CARTESIAN_POINT ( 'NONE',  ( -19.00000000000000000, -1.666666666666666963, -14.00000000000000000 ) ) ;
#4096 = CARTESIAN_POINT ( 'NONE',  ( 2.888549991864876709, -10.81289571458565568, -13.25581754757149611 ) ) ;
#4097 = CARTESIAN_POINT ( 'NONE',  ( 15.68337520964459308, -0.9999999999999995559, -16.99999999999999289 ) ) ;
#4098 = CARTESIAN_POINT ( 'NONE',  ( 19.00000000000000000, -5.000000000000000000, -16.49999999999999645 ) ) ;
#4099 = CARTESIAN_POINT ( 'NONE',  ( 12.72297445050642395, 9.902522649566266821, -12.60233790800864284 ) ) ;
#4100 = AXIS2_PLACEMENT_3D ( 'NONE', #2618, #5111, #7596 ) ;
#4101 = PLANE ( 'NONE',  #2099 ) ;
#4102 = CARTESIAN_POINT ( 'NONE',  ( 2.864988066070804695, -5.673101687583613995, -15.99999999999998579 ) ) ;
#4103 = ORIENTED_EDGE ( 'NONE', *, *, #1185, .T. ) ;
#4104 = CARTESIAN_POINT ( 'NONE',  ( -36.99999999999999289, 6.999999999999985789, -21.99999999999998224 ) ) ;
#4105 = CIRCLE ( 'NONE', #4641, 3.726779962499648935 ) ;
#4106 = CARTESIAN_POINT ( 'NONE',  ( -22.69087794132637370, -7.971485027057388706, -15.94465726990430099 ) ) ;
#4107 = CARTESIAN_POINT ( 'NONE',  ( -7.806720050394742039, 11.00000000000061462, -12.08430980360799545 ) ) ;
#4108 = CARTESIAN_POINT ( 'NONE',  ( 19.00000000000000000, -5.000000000000000000, -16.49999999999999645 ) ) ;
#4109 = DIRECTION ( 'NONE',  ( 1.000000000000000000, 0.000000000000000000, 0.000000000000000000 ) ) ;
#4110 = CARTESIAN_POINT ( 'NONE',  ( 9.571944018346096428, 3.883116235202836997, -15.99999999999998934 ) ) ;
#4111 = ORIENTED_EDGE ( 'NONE', *, *, #7477, .F. ) ;
#4112 = VERTEX_POINT ( 'NONE', #2558 ) ;
#4113 = DIRECTION ( 'NONE',  ( 1.000000000000000000, 0.000000000000000000, -6.938893903907229364E-16 ) ) ;
#4114 = CARTESIAN_POINT ( 'NONE',  ( -36.99999999999999289, -8.000000000000003553, -21.94987437106618344 ) ) ;
#4115 = CARTESIAN_POINT ( 'NONE',  ( -39.76131363634072358, -11.00000000000000355, -19.85607121612552461 ) ) ;
#4116 = CARTESIAN_POINT ( 'NONE',  ( -14.87689437438241136, -8.057641145488936729, -15.85764114548879355 ) ) ;
#4117 = DIRECTION ( 'NONE',  ( 1.000000000000000000, 7.796510004390144799E-17, -0.000000000000000000 ) ) ;
#4118 = DIRECTION ( 'NONE',  ( -1.000000000000000000, -1.734723475976807094E-16, 0.000000000000000000 ) ) ;
#4119 =( BOUNDED_SURFACE ( )  B_SPLINE_SURFACE ( 3, 2, ( 
 ( #5467, #5393, #2363 ),
 ( #5431, #2207, #5352 ),
 ( #4869, #1550, #977 ),
 ( #4048, #6541, #7911 ),
 ( #5970, #6617, #2324 ),
 ( #4824, #936, #3435 ),
 ( #4707, #5934, #319 ),
 ( #2821, #5314, #7796 ),
 ( #2860, #7831, #7232 ),
 ( #4746, #6005, #395 ),
 ( #2898, #689, #7469 ),
 ( #1872, #5599, #6776 ),
 ( #2491, #3756, #7426 ),
 ( #4987, #2575, #4325 ),
 ( #5637, #608, #649 ),
 ( #2532, #3183, #6252 ),
 ( #72, #7353, #4369 ),
 ( #5031, #7511, #1911 ),
 ( #6293, #3799, #3102 ),
 ( #5559, #6739, #1830 ),
 ( #2410, #1137, #3634 ),
 ( #7392, #4285, #6132 ),
 ( #4913, #3674, #6170 ),
 ( #565, #2450, #3065 ),
 ( #1219, #8039, #4950 ),
 ( #5069, #7591, #1658 ),
 ( #7788, #2199, #1575 ),
 ( #4077, #5343, #7569 ),
 ( #1405, #1932, #90 ),
 ( #3899, #790, #170 ),
 ( #5085, #6355, #3331 ),
 ( #3289, #5737, #4520 ),
 ( #2021, #3160, #5784 ),
 ( #2060, #3937, #1973 ),
 ( #6313, #829, #4430 ),
 ( #4562, #5050, #1367 ),
 ( #751, #2556, #667 ),
 ( #2592, #5657, #3244 ),
 ( #129, #7529, #6914 ),
 ( #6958, #1321, #7043 ),
 ( #3818, #3204, #1444 ),
 ( #711, #5699, #2633 ),
 ( #6433, #212, #5127 ),
 ( #2714, #7493, #4392 ),
 ( #1283, #7611, #3775 ),
 ( #6271, #5945, #1597 ),
 ( #2794, #328, #405 ),
 ( #1639, #987, #1558 ),
 ( #3524, #4677, #5323 ),
 ( #4600, #2216, #5979 ) ),
 .UNSPECIFIED., .F., .F., .F. ) 
 B_SPLINE_SURFACE_WITH_KNOTS ( ( 4, 2, 2, 2, 2, 2, 2, 2, 2, 2, 2, 2, 2, 2, 2, 2, 2, 2, 2, 2, 2, 2, 2, 2, 4 ),
 ( 3, 3 ),
 ( -3.981587635819034549E-15, 1.875879548714264470E-05, 3.751759097826687958E-05, 7.503518196051534256E-05, 0.0001500703639250122821, 0.0003001407278540061340, 0.0006002814557119938920, 0.001200562911427969408, 0.002401125822859920440, 0.003001407278575896065, 0.003601688734291871256, 0.004201970190007846447, 0.004802251645723822071, 0.006002814557155773320, 0.006603096012871748077, 0.007203377468587723702, 0.007803658924303699326, 0.008403940380019674083, 0.009004221835735650575, 0.009304362563593637087, 0.009454432927522630342, 0.009529468109487126970, 0.009566985700469377019, 0.009585744495960502043, 0.009604503291451625333 ),
 ( 0.000000000000000000, 1.000000000000000000 ),
 .UNSPECIFIED. ) 
 GEOMETRIC_REPRESENTATION_ITEM ( )  RATIONAL_B_SPLINE_SURFACE ( (
 ( 1.000000000000000000, 0.8944271909980183732, 1.000000000000000000),
 ( 1.000000000000000000, 0.8991422967990699844, 1.000000000000000000),
 ( 1.000000000000000000, 0.9013545314373223594, 1.000000000000000000),
 ( 1.000000000000000000, 0.9054306166749876983, 1.000000000000000000),
 ( 1.000000000000000000, 0.9070283001255939892, 1.000000000000000000),
 ( 1.000000000000000000, 0.9113239565504915873, 1.000000000000000000),
 ( 1.000000000000000000, 0.9134873623482058225, 1.000000000000000000),
 ( 1.000000000000000000, 0.9192525417985376590, 1.000000000000000000),
 ( 1.000000000000000000, 0.9220551147492120903, 1.000000000000000000),
 ( 1.000000000000000000, 0.9294500988775564743, 1.000000000000000000),
 ( 1.000000000000000000, 0.9329028023398419078, 1.000000000000000000),
 ( 1.000000000000000000, 0.9418939773118042424, 1.000000000000000000),
 ( 1.000000000000000000, 0.9458679854847501511, 1.000000000000000000),
 ( 1.000000000000000000, 0.9560184424512155887, 1.000000000000000000),
 ( 1.000000000000000000, 0.9601367832695297810, 1.000000000000000000),
 ( 1.000000000000000000, 0.9703154715524109353, 1.000000000000000000),
 ( 1.000000000000000000, 0.9736407457117657316, 1.000000000000000000),
 ( 1.000000000000000000, 0.9774978911237601764, 1.000000000000000000),
 ( 1.000000000000000000, 0.9785179441319384885, 1.000000000000000000),
 ( 1.000000000000000000, 0.9801717262171520950, 1.000000000000000000),
 ( 1.000000000000000000, 0.9808029087308139937, 1.000000000000000000),
 ( 1.000000000000000000, 0.9817855694184894899, 1.000000000000000000),
 ( 1.000000000000000000, 0.9821358714902413967, 1.000000000000000000),
 ( 1.000000000000000000, 0.9826018652248612595, 1.000000000000000000),
 ( 1.000000000000000000, 0.9827165529284930257, 1.000000000000000000),
 ( 1.000000000000000000, 0.9827177725653811757, 1.000000000000000000),
 ( 1.000000000000000000, 0.9822915707535774255, 1.000000000000000000),
 ( 1.000000000000000000, 0.9808205198646625655, 1.000000000000000000),
 ( 1.000000000000000000, 0.9801809905642646648, 1.000000000000000000),
 ( 1.000000000000000000, 0.9785384061076074502, 1.000000000000000000),
 ( 1.000000000000000000, 0.9775369225264526341, 1.000000000000000000),
 ( 1.000000000000000000, 0.9749907647722905191, 1.000000000000000000),
 ( 1.000000000000000000, 0.9734530560681311506, 1.000000000000000000),
 ( 1.000000000000000000, 0.9694425890456728201, 1.000000000000000000),
 ( 1.000000000000000000, 0.9669779913684526385, 1.000000000000000000),
 ( 1.000000000000000000, 0.9602459256651141306, 1.000000000000000000),
 ( 1.000000000000000000, 0.9561492422458380824, 1.000000000000000000),
 ( 1.000000000000000000, 0.9459512269512760918, 1.000000000000000000),
 ( 1.000000000000000000, 0.9419587070490899050, 1.000000000000000000),
 ( 1.000000000000000000, 0.9329132464948970416, 1.000000000000000000),
 ( 1.000000000000000000, 0.9294359020670500682, 1.000000000000000000),
 ( 1.000000000000000000, 0.9220103810232671560, 1.000000000000000000),
 ( 1.000000000000000000, 0.9191980608049579171, 1.000000000000000000),
 ( 1.000000000000000000, 0.9134227897976652244, 1.000000000000000000),
 ( 1.000000000000000000, 0.9112559421458746867, 1.000000000000000000),
 ( 1.000000000000000000, 0.9069615892042627303, 1.000000000000000000),
 ( 1.000000000000000000, 0.9053654299454093612, 1.000000000000000000),
 ( 1.000000000000000000, 0.9013008574025854758, 1.000000000000000000),
 ( 1.000000000000000000, 0.8990917027240240555, 1.000000000000000000),
 ( 1.000000000000000000, 0.8944271909999153003, 1.000000000000000000) ) ) 
 REPRESENTATION_ITEM ( '' )  SURFACE ( )  );
#4120 = CARTESIAN_POINT ( 'NONE',  ( 39.40685068736189578, 11.00000000000000355, -18.69897950004921228 ) ) ;
#4121 = EDGE_CURVE ( 'NONE', #282, #3501, #5129, .T. ) ;
#4122 = VERTEX_POINT ( 'NONE', #2023 ) ;
#4123 = CARTESIAN_POINT ( 'NONE',  ( -10.37683426256869623, 10.99999999999999467, -6.252156857762076747 ) ) ;
#4124 = ORIENTED_EDGE ( 'NONE', *, *, #5237, .F. ) ;
#4125 = CARTESIAN_POINT ( 'NONE',  ( -9.595309098868915143, 3.879734585032786676, -15.99999999999998579 ) ) ;
#4126 = CARTESIAN_POINT ( 'NONE',  ( -23.07517480166730195, -8.064461904213974464, -15.85577111279298812 ) ) ;
#4127 = CARTESIAN_POINT ( 'NONE',  ( 12.71929428949895247, 9.901707816695584086, -3.405005027346214685 ) ) ;
#4128 = ADVANCED_FACE ( 'NONE', ( #6357 ), #3246, .T. ) ;
#4129 = ADVANCED_FACE ( 'NONE', ( #5660 ), #3939, .T. ) ;
#4130 = CARTESIAN_POINT ( 'NONE',  ( -40.00000000000000000, -11.00000000000000355, -21.94987437106618344 ) ) ;
#4131 = CARTESIAN_POINT ( 'NONE',  ( 2.107599718354785878, -6.018123046752232419, -14.43616904772537879 ) ) ;
#4132 = CARTESIAN_POINT ( 'NONE',  ( 7.518986774245517424, 6.899762751222620061, -1.479686923560288525 ) ) ;
#4133 = CARTESIAN_POINT ( 'NONE',  ( 7.105579751343078065, 9.738703461050787880, -1.072766680389614535 ) ) ;
#4134 = ORIENTED_EDGE ( 'NONE', *, *, #3288, .T. ) ;
#4135 = DIRECTION ( 'NONE',  ( 0.000000000000000000, 1.000000000000000000, 0.000000000000000000 ) ) ;
#4136 = CARTESIAN_POINT ( 'NONE',  ( -2.433869814755845074, -8.601505490336856852, -0.3106371186381695071 ) ) ;
#4137 = DIRECTION ( 'NONE',  ( 0.7698003589194948315, 0.6382847385042327293, 1.382539400786341015E-14 ) ) ;
#4138 = CARTESIAN_POINT ( 'NONE',  ( 11.11367465799393450, 4.901139727704328486, -1.669800188325803569 ) ) ;
#4139 = CARTESIAN_POINT ( 'NONE',  ( 41.50000000000002132, 7.000000000000002665, -36.50000000000000000 ) ) ;
#4140 = ADVANCED_FACE ( 'NONE', ( #5701 ), #4637, .T. ) ;
#4141 = CARTESIAN_POINT ( 'NONE',  ( 8.001448398109809901, 9.752453001052860060, -11.53464375216067062 ) ) ;
#4142 = CARTESIAN_POINT ( 'NONE',  ( -34.03881982755547853, -9.143120189442489831, -16.31543818462754558 ) ) ;
#4143 = EDGE_CURVE ( 'NONE', #3539, #4914, #5285, .T. ) ;
#4144 = ORIENTED_EDGE ( 'NONE', *, *, #2879, .F. ) ;
#4145 = CARTESIAN_POINT ( 'NONE',  ( -19.64038514832661519, 7.339368922773220838, -16.40536896018442548 ) ) ;
#4146 = B_SPLINE_CURVE_WITH_KNOTS ( 'NONE', 3,
 ( #3306, #3872, #144, #7667, #5222, #5880, #3955, #7706, #2766, #1948 ),
 .UNSPECIFIED., .F., .F.,
 ( 4, 2, 2, 2, 4 ),
 ( 0.003422628982076906384, 0.004279752395304889032, 0.005136875808532873414, 0.005993999221760856061, 0.006851122634988840443 ),
 .UNSPECIFIED. ) ;
#4147 = DIRECTION ( 'NONE',  ( -7.796510004390144799E-17, 1.000000000000000000, 0.000000000000000000 ) ) ;
#4148 = CARTESIAN_POINT ( 'NONE',  ( -9.623165737702736422, 10.99999999999999289, -9.747843143440434233 ) ) ;
#4149 = DIRECTION ( 'NONE',  ( -0.4581904831346174101, 1.740624394098476020E-15, -0.8888540269160430940 ) ) ;
#4150 = DIRECTION ( 'NONE',  ( -0.7416198487095689851, 0.000000000000000000, 0.6708203932499339217 ) ) ;
#4151 = CARTESIAN_POINT ( 'NONE',  ( -6.289107055775904342, 10.97671699314297022, -3.498209571258708905 ) ) ;
#4152 = B_SPLINE_CURVE_WITH_KNOTS ( 'NONE', 3,
 ( #7677, #4543, #2084, #4584, #7066, #1469, #3358, #4311, #1858, #1900, #1774, #6205, #4402, #973, #1205, #3743, #6801, #3089, #4353, #4743, #14, #2857, #595, #393, #4936, #7982, #1624, #2519 ),
 .UNSPECIFIED., .F., .F.,
 ( 4, 2, 2, 2, 2, 2, 2, 2, 2, 2, 2, 2, 2, 4 ),
 ( 9.697399036122160616E-19, 0.001233084968442450758, 0.001849627452663675379, 0.002466169936884900216, 0.003082712421106124402, 0.003699254905327349022, 0.004315797389548573643, 0.004932339873769797829, 0.005548882357991022883, 0.006165424842212246202, 0.006781967326433470389, 0.007398509810654693708, 0.008631594779097143816, 0.009864679747539590454 ),
 .UNSPECIFIED. ) ;
#4153 = EDGE_LOOP ( 'NONE', ( #2888, #3826, #4899, #3171 ) ) ;
#4154 = CARTESIAN_POINT ( 'NONE',  ( 1.436162772284351075, -5.147400731721423206, -1.646785240886684099 ) ) ;
#4155 = ORIENTED_EDGE ( 'NONE', *, *, #4839, .F. ) ;
#4156 = APPLICATION_PROTOCOL_DEFINITION ( 'international standard', 'config_control_design', 1994, #7253 ) ;
#4157 = CARTESIAN_POINT ( 'NONE',  ( 13.48579091177955647, 7.260782712205811507, -15.99999999999999289 ) ) ;
#4158 = CARTESIAN_POINT ( 'NONE',  ( 40.00000000000001421, -10.99999999999999645, -21.94987437106619410 ) ) ;
#4159 = CARTESIAN_POINT ( 'NONE',  ( -36.41640806355807314, -11.00000000000000355, -14.62292441893468364 ) ) ;
#4160 = CARTESIAN_POINT ( 'NONE',  ( -15.67626090719137366, -8.180975730732841456, -15.98996399223142539 ) ) ;
#4161 = DIRECTION ( 'NONE',  ( 1.000000000000000000, 1.559302000878028960E-16, -2.344220913482171656E-16 ) ) ;
#4162 = CARTESIAN_POINT ( 'NONE',  ( -2.781116118679725524, -11.00000000000000000, -5.044822846948891382 ) ) ;
#4163 = ORIENTED_EDGE ( 'NONE', *, *, #288, .F. ) ;
#4164 = CARTESIAN_POINT ( 'NONE',  ( -9.276376699710690232, 10.99999999999999289, -6.210860527251143459 ) ) ;
#4165 = ORIENTED_EDGE ( 'NONE', *, *, #1540, .F. ) ;
#4166 = CARTESIAN_POINT ( 'NONE',  ( -32.33208984530136121, 10.39310276993085402, -14.40544664656620633 ) ) ;
#4167 =( BOUNDED_SURFACE ( )  B_SPLINE_SURFACE ( 3, 2, ( 
 ( #6751, #7325, #6109 ),
 ( #2379, #4802, #3078 ),
 ( #4885, #7286, #4182 ),
 ( #4262, #2915, #1153 ) ),
 .UNSPECIFIED., .F., .F., .T. ) 
 B_SPLINE_SURFACE_WITH_KNOTS ( ( 4, 4 ),
 ( 3, 3 ),
 ( 2.168404344971008868E-19, 0.001301569000329252934 ),
 ( 0.000000000000000000, 1.000000000000000000 ),
 .UNSPECIFIED. ) 
 GEOMETRIC_REPRESENTATION_ITEM ( )  RATIONAL_B_SPLINE_SURFACE ( (
 ( 1.000000000000000000, 0.8660254037844375974, 1.000000000000000000),
 ( 1.000000000000000000, 0.8767453782970330289, 1.000000000000000000),
 ( 1.000000000000000000, 0.8863737159821917233, 1.000000000000000000),
 ( 1.000000000000000000, 0.8944271909999153003, 1.000000000000000000) ) ) 
 REPRESENTATION_ITEM ( '' )  SURFACE ( )  );
#4168 = CARTESIAN_POINT ( 'NONE',  ( 40.00000000000001421, -7.999999999999996447, -33.49999999999999289 ) ) ;
#4169 = CARTESIAN_POINT ( 'NONE',  ( 12.70013510116754496, 9.205840200479851632, -0.6461680233493942715 ) ) ;
#4170 = CARTESIAN_POINT ( 'NONE',  ( -40.49999999999996447, 7.999999999999989342, -36.50000000000000000 ) ) ;
#4171 = DIRECTION ( 'NONE',  ( 0.7698003589193203045, 0.6382847385044433386, -4.880257684809727057E-13 ) ) ;
#4172 = CARTESIAN_POINT ( 'NONE',  ( 9.799305489298895111, 6.213921223983914111, 4.336808689942017736E-16 ) ) ;
#4173 = CIRCLE ( 'NONE', #4044, 0.9999999999999997780 ) ;
#4174 = CARTESIAN_POINT ( 'NONE',  ( 7.001692629728279549, 9.280029756719772038, -2.076483103202821923 ) ) ;
#4175 = ORIENTED_EDGE ( 'NONE', *, *, #7632, .F. ) ;
#4176 = ADVANCED_FACE ( 'NONE', ( #4522 ), #7655, .T. ) ;
#4177 = CARTESIAN_POINT ( 'NONE',  ( -2.860279995512266193, -8.432719171582730766, -1.581472275457502130 ) ) ;
#4178 = CARTESIAN_POINT ( 'NONE',  ( -12.61732636523179885, 9.009813674370686698, -15.47715988212463500 ) ) ;
#4179 = CARTESIAN_POINT ( 'NONE',  ( -3.894200431333635581, -10.81029943633423507, -13.24557711731746856 ) ) ;
#4180 = CARTESIAN_POINT ( 'NONE',  ( 18.33196167780478092, -9.454724796615723292, -16.17645759956581486 ) ) ;
#4181 = AXIS2_PLACEMENT_3D ( 'NONE', #2391, #4310, #4896 ) ;
#4182 = CARTESIAN_POINT ( 'NONE',  ( -16.81471020422331719, 6.768713230964147343, -16.48065474309986556 ) ) ;
#4183 = CARTESIAN_POINT ( 'NONE',  ( 12.64923818727558213, 9.886196562445499936, -3.544786249781999743 ) ) ;
#4184 = ORIENTED_EDGE ( 'NONE', *, *, #4786, .F. ) ;
#4185 = CARTESIAN_POINT ( 'NONE',  ( -20.57513778554026018, 7.086552537461672685, -16.43416265612156124 ) ) ;
#4186 = EDGE_CURVE ( 'NONE', #2955, #7008, #3291, .T. ) ;
#4187 = DIRECTION ( 'NONE',  ( -2.344220913482171656E-16, -0.000000000000000000, -1.000000000000000000 ) ) ;
#4188 = CARTESIAN_POINT ( 'NONE',  ( 21.76385399196283643, 6.333333333333331261, -16.49999999999999289 ) ) ;
#4189 = FACE_OUTER_BOUND ( 'NONE', #3118, .T. ) ;
#4190 = DIRECTION ( 'NONE',  ( -1.000000000000000000, -0.000000000000000000, -2.312964634635743450E-16 ) ) ;
#4191 = CARTESIAN_POINT ( 'NONE',  ( 10.19458448080769841, 3.857680429957157653, -15.99999999999998934 ) ) ;
#4192 = CARTESIAN_POINT ( 'NONE',  ( -37.00000000000000000, -7.000000000000002665, -15.99999999999997868 ) ) ;
#4193 = ORIENTED_EDGE ( 'NONE', *, *, #1341, .T. ) ;
#4194 = CARTESIAN_POINT ( 'NONE',  ( 10.36031344156573475, 10.99999999999999645, -6.253944205742318907 ) ) ;
#4195 = ORIENTED_EDGE ( 'NONE', *, *, #6934, .T. ) ;
#4196 = CARTESIAN_POINT ( 'NONE',  ( -2.650218757921751322, -11.00000000000000178, -5.172731531466474131 ) ) ;
#4197 = CARTESIAN_POINT ( 'NONE',  ( 2.614341322014296587, -7.429906462994891214, -1.431960532066923086 ) ) ;
#4198 = CARTESIAN_POINT ( 'NONE',  ( 39.76132769338969553, -10.99999999999999645, -19.85613217700704070 ) ) ;
#4199 = CARTESIAN_POINT ( 'NONE',  ( -35.67825765629676482, -11.00000000000000355, -17.34217246373355081 ) ) ;
#4200 = CARTESIAN_POINT ( 'NONE',  ( 23.33012701892219454, 3.000000000000000444, -16.50000000000000000 ) ) ;
#4201 = CARTESIAN_POINT ( 'NONE',  ( 19.00000000000000000, 3.000000000000000000, -14.00000000000000000 ) ) ;
#4202 = CARTESIAN_POINT ( 'NONE',  ( -8.409202639090604947, 4.320739154704315688, -0.000000000000000000 ) ) ;
#4203 = CIRCLE ( 'NONE', #547, 0.9999999999999995559 ) ;
#4204 = ORIENTED_EDGE ( 'NONE', *, *, #3594, .T. ) ;
#4205 = CARTESIAN_POINT ( 'NONE',  ( -9.637404934248795740, 10.99999999999999645, -6.268740397964638333 ) ) ;
#4206 = VERTEX_POINT ( 'NONE', #1446 ) ;
#4207 = CARTESIAN_POINT ( 'NONE',  ( -12.51356180376974692, 5.159211857304226712, -15.99999999999998579 ) ) ;
#4208 = CARTESIAN_POINT ( 'NONE',  ( -20.49081864482313264, -9.513908280087530756, -15.87006579196907019 ) ) ;
#4209 = CIRCLE ( 'NONE', #5262, 10.00000000000000000 ) ;
#4210 = CARTESIAN_POINT ( 'NONE',  ( 31.28550503785227477, 11.00000000000000355, -12.09516882203675259 ) ) ;
#4211 = CARTESIAN_POINT ( 'NONE',  ( 2.649238187275581247, -9.886196562445498159, -12.45521375021798605 ) ) ;
#4212 = CARTESIAN_POINT ( 'NONE',  ( -0.9302984864371575124, -6.376012555263930182, -15.99999999999998579 ) ) ;
#4213 = CARTESIAN_POINT ( 'NONE',  ( 8.444474533305662334, 5.261304968253861070, -1.636052900066008675 ) ) ;
#4214 = CIRCLE ( 'NONE', #5516, 3.000000000000002665 ) ;
#4215 = CARTESIAN_POINT ( 'NONE',  ( 7.023585691479277138, 10.05027918338113935, -1.402502740066333686 ) ) ;
#4216 = ORIENTED_EDGE ( 'NONE', *, *, #7975, .F. ) ;
#4217 = CARTESIAN_POINT ( 'NONE',  ( 2.779716001425775129, -9.897800357332846133, -12.73499090711847792 ) ) ;
#4218 = CARTESIAN_POINT ( 'NONE',  ( -7.110373609648709348, 10.81179576066879200, -13.25910988512454303 ) ) ;
#4219 = CARTESIAN_POINT ( 'NONE',  ( -3.012601146630142779, -10.44140529281899532, -14.04331655243696630 ) ) ;
#4220 = VECTOR ( 'NONE', #4161, 1000.000000000000000 ) ;
#4221 = CARTESIAN_POINT ( 'NONE',  ( 11.76103504076851181, 10.99999999999999645, -5.827318858392472656 ) ) ;
#4222 = CARTESIAN_POINT ( 'NONE',  ( 40.00000000000001421, 11.00000000000000355, -21.94987437106619765 ) ) ;
#4223 = ORIENTED_EDGE ( 'NONE', *, *, #6096, .F. ) ;
#4224 = ADVANCED_FACE ( 'NONE', ( #792 ), #1496, .F. ) ;
#4225 = CARTESIAN_POINT ( 'NONE',  ( -8.233729787270000600, 10.99999999999999289, -10.18918980329571333 ) ) ;
#4226 = CIRCLE ( 'NONE', #6454, 5.196152422706639129 ) ;
#4227 = DIRECTION ( 'NONE',  ( 0.000000000000000000, 0.000000000000000000, 1.000000000000000000 ) ) ;
#4228 = CARTESIAN_POINT ( 'NONE',  ( -11.41391059942936081, 10.99999999999999289, -11.59457650765202708 ) ) ;
#4229 = CARTESIAN_POINT ( 'NONE',  ( -9.792971720035332339, 6.213206936353097731, -4.528295122150578964E-14 ) ) ;
#4230 = CARTESIAN_POINT ( 'NONE',  ( 8.657488192528967730, 9.629600423015837407, -4.991635498249714864 ) ) ;
#4231 = CARTESIAN_POINT ( 'NONE',  ( -11.93579497576765291, 5.732585808777510117, -14.40881272027315951 ) ) ;
#4232 = CARTESIAN_POINT ( 'NONE',  ( 14.87689437438233853, -7.297322475283345433, -15.98893461286235507 ) ) ;
#4233 = B_SPLINE_CURVE_WITH_KNOTS ( 'NONE', 3,
 ( #3951, #3788, #3869, #6365, #4486, #2567, #5800, #3216, #2647, #7011, #5710, #1417, #6404, #801, #5752, #6927, #184, #2605, #6972, #5061, #2687, #7664, #1334, #2071 ),
 .UNSPECIFIED., .F., .F.,
 ( 4, 2, 2, 2, 2, 2, 2, 2, 2, 2, 2, 4 ),
 ( -1.897366596098588737E-05, 0.001798200106735398313, 0.003615373879431782456, 0.005432547652128166815, 0.006341134538476357260, 0.007249721424824546838, 0.008158308311172738150, 0.009066895197520928595, 0.01088406897021728867, 0.01179265585656547911, 0.01270124274291366782, 0.01451841651561004524 ),
 .UNSPECIFIED. ) ;
#4234 = CIRCLE ( 'NONE', #3447, 3.726779962499648935 ) ;
#4235 = EDGE_CURVE ( 'NONE', #1233, #721, #841, .T. ) ;
#4236 = ORIENTED_EDGE ( 'NONE', *, *, #2945, .F. ) ;
#4237 = CARTESIAN_POINT ( 'NONE',  ( 13.36306303665184636, 10.99999999999999645, -4.328340697789246683 ) ) ;
#4238 = ORIENTED_EDGE ( 'NONE', *, *, #3534, .F. ) ;
#4239 = CARTESIAN_POINT ( 'NONE',  ( 3.532317583034110697, -11.00000000000000000, -3.999999999999996447 ) ) ;
#4240 = CARTESIAN_POINT ( 'NONE',  ( 2.973098992029286070, -9.672868643860889293, -2.567299207071974010 ) ) ;
#4241 = CARTESIAN_POINT ( 'NONE',  ( -15.23286658582405195, -11.00000000000000000, -12.00000000196367544 ) ) ;
#4242 = DIRECTION ( 'NONE',  ( 0.000000000000000000, 0.000000000000000000, 1.000000000000000000 ) ) ;
#4243 = CARTESIAN_POINT ( 'NONE',  ( -12.89225082073994599, 9.840589547771804391, -2.944569726502193063 ) ) ;
#4244 = CARTESIAN_POINT ( 'NONE',  ( 37.00000000000001421, 8.000000000000003553, -21.94987437106619765 ) ) ;
#4245 = CARTESIAN_POINT ( 'NONE',  ( -6.293711997170110095, 10.97831529368321668, -3.512834569313240785 ) ) ;
#4246 = FACE_OUTER_BOUND ( 'NONE', #301, .T. ) ;
#4247 = EDGE_CURVE ( 'NONE', #897, #4870, #2594, .T. ) ;
#4248 = ORIENTED_EDGE ( 'NONE', *, *, #7135, .T. ) ;
#4249 = ORIENTED_EDGE ( 'NONE', *, *, #6673, .F. ) ;
#4250 = CARTESIAN_POINT ( 'NONE',  ( -22.13180374447167509, -8.366247855452002113, -15.99652432045642669 ) ) ;
#4251 = CARTESIAN_POINT ( 'NONE',  ( -22.32438202207486810, -8.555422518410839672, -15.84833722620320984 ) ) ;
#4252 = CARTESIAN_POINT ( 'NONE',  ( 12.94217692413478638, 10.73798747542257814, -2.542819766505729717 ) ) ;
#4253 = B_SPLINE_CURVE_WITH_KNOTS ( 'NONE', 3,
 ( #2381, #6792, #1194, #2340 ),
 .UNSPECIFIED., .F., .F.,
 ( 4, 4 ),
 ( 0.000000000000000000, 0.001084640833607708249 ),
 .UNSPECIFIED. ) ;
#4254 = CARTESIAN_POINT ( 'NONE',  ( -38.09297465064464205, -11.00000000000000355, -16.33887405694443018 ) ) ;
#4255 = CARTESIAN_POINT ( 'NONE',  ( -1.010887035332871609, -4.033979491629945180, -15.99999999999998579 ) ) ;
#4256 = CARTESIAN_POINT ( 'NONE',  ( 9.443893364754323727, 6.235078516625893741, 4.453431842908902434E-14 ) ) ;
#4257 = CARTESIAN_POINT ( 'NONE',  ( 7.669840989512237250, 8.383617393598235878, -0.2210148363546026173 ) ) ;
#4258 = EDGE_LOOP ( 'NONE', ( #7117, #6022, #7192, #7579, #2929 ) ) ;
#4259 = FACE_OUTER_BOUND ( 'NONE', #6250, .T. ) ;
#4260 = CARTESIAN_POINT ( 'NONE',  ( -12.64851080631661873, 10.96971019676217729, -12.68714364819923190 ) ) ;
#4261 = LINE ( 'NONE', #6750, #3263 ) ;
#4262 = CARTESIAN_POINT ( 'NONE',  ( -16.76393202250018533, 7.578940846527619790, -15.95788169305523496 ) ) ;
#4263 = DIRECTION ( 'NONE',  ( 0.000000000000000000, 0.000000000000000000, 1.000000000000000000 ) ) ;
#4264 = ORIENTED_EDGE ( 'NONE', *, *, #6569, .F. ) ;
#4265 = DIRECTION ( 'NONE',  ( 0.000000000000000000, 1.000000000000000000, 0.000000000000000000 ) ) ;
#4266 = FACE_OUTER_BOUND ( 'NONE', #2804, .T. ) ;
#4267 = CARTESIAN_POINT ( 'NONE',  ( -11.53466554786685982, 10.99999999999999467, -11.64540704196650900 ) ) ;
#4268 = CARTESIAN_POINT ( 'NONE',  ( -9.678958014406974897, 4.592914712726617665, -1.698163713045700352 ) ) ;
#4269 = DIRECTION ( 'NONE',  ( 0.000000000000000000, 0.000000000000000000, -1.000000000000000000 ) ) ;
#4270 = FACE_OUTER_BOUND ( 'NONE', #3967, .T. ) ;
#4271 = CARTESIAN_POINT ( 'NONE',  ( 15.03764363008428795, -7.591945637811438274, -15.96758659263423930 ) ) ;
#4272 = VERTEX_POINT ( 'NONE', #7571 ) ;
#4273 = CARTESIAN_POINT ( 'NONE',  ( 8.941060880003321998, 11.00000000000015632, -4.509830970217785229 ) ) ;
#4274 = ORIENTED_EDGE ( 'NONE', *, *, #7491, .T. ) ;
#4275 = CARTESIAN_POINT ( 'NONE',  ( 12.64923818727557858, 9.886196562445498159, -12.45521375021799138 ) ) ;
#4276 = CARTESIAN_POINT ( 'NONE',  ( 33.46691186446697941, -11.00000000000025402, -14.53597892437117345 ) ) ;
#4277 = CARTESIAN_POINT ( 'NONE',  ( 11.13645658142633721, 6.509526268701212537, -15.99999999999999467 ) ) ;
#4278 = ADVANCED_FACE ( 'NONE', ( #2062 ), #4564, .T. ) ;
#4279 = CARTESIAN_POINT ( 'NONE',  ( -31.48039451934745969, -11.00000000000000355, -12.48042012652878086 ) ) ;
#4280 = CARTESIAN_POINT ( 'NONE',  ( 36.47885976577654787, 8.193305625011941373, -19.44671948313525789 ) ) ;
#4281 = CARTESIAN_POINT ( 'NONE',  ( -6.994568154221339817, 10.55690628904325479, -2.153742857119473442 ) ) ;
#4282 = APPROVAL_PERSON_ORGANIZATION ( #2632, #364, #2102 ) ;
#4283 = ORIENTED_EDGE ( 'NONE', *, *, #6278, .F. ) ;
#4284 = CARTESIAN_POINT ( 'NONE',  ( 11.99074516405251956, 9.751130104823429789, -11.53809745364763373 ) ) ;
#4285 = CARTESIAN_POINT ( 'NONE',  ( 18.15026934521738511, -9.508705573312100867, -16.00394179066672606 ) ) ;
#4286 = ORIENTED_EDGE ( 'NONE', *, *, #2428, .F. ) ;
#4287 = EDGE_CURVE ( 'NONE', #5269, #758, #276, .T. ) ;
#4288 = CARTESIAN_POINT ( 'NONE',  ( -22.38896027448714676, -8.114860880928810971, -15.98711315593291360 ) ) ;
#4289 = CARTESIAN_POINT ( 'NONE',  ( 6.002288014150032325, 10.02040680946123175, -14.63586309592182388 ) ) ;
#4290 = DIRECTION ( 'NONE',  ( 2.344220913482171656E-16, 0.000000000000000000, 1.000000000000000000 ) ) ;
#4291 = CARTESIAN_POINT ( 'NONE',  ( -34.91956118504043616, -11.00000000000000711, -13.59745959666412496 ) ) ;
#4292 = CARTESIAN_POINT ( 'NONE',  ( -3.308106028119854880, -6.600378116020266361, 0.000000000000000000 ) ) ;
#4293 = CARTESIAN_POINT ( 'NONE',  ( 8.956017796939702791, 4.859048391637197817, -1.673702694643016020 ) ) ;
#4294 = CARTESIAN_POINT ( 'NONE',  ( -3.001472569663489853, -9.327773813057426366, -2.120478030024152805 ) ) ;
#4295 = VERTEX_POINT ( 'NONE', #6017 ) ;
#4296 = CARTESIAN_POINT ( 'NONE',  ( 13.15700541181710292, 6.216472788231317104, -0.000000000000000000 ) ) ;
#4297 = CARTESIAN_POINT ( 'NONE',  ( -12.88854999186477812, 10.81289571458513521, -13.25581754757147124 ) ) ;
#4298 = CARTESIAN_POINT ( 'NONE',  ( 22.99652626942726741, -6.666666666666664298, -16.49999999999999289 ) ) ;
#4299 = DIRECTION ( 'NONE',  ( 0.000000000000000000, 0.000000000000000000, -1.000000000000000000 ) ) ;
#4300 = DIRECTION ( 'NONE',  ( 1.000000000000000000, -1.802777518484588471E-15, 0.000000000000000000 ) ) ;
#4301 = AXIS2_PLACEMENT_3D ( 'NONE', #7561, #1965, #4465 ) ;
#4302 = ORIENTED_EDGE ( 'NONE', *, *, #6485, .F. ) ;
#4303 = CARTESIAN_POINT ( 'NONE',  ( -12.22368653906935343, 10.99999999999999112, -10.47616805733559353 ) ) ;
#4304 = CARTESIAN_POINT ( 'NONE',  ( -10.00000000002208722, 9.499999999999991118, -5.401923788646688429 ) ) ;
#4305 = CARTESIAN_POINT ( 'NONE',  ( -10.67500930326190911, 9.535500870890862402, -10.70264441030525582 ) ) ;
#4306 = AXIS2_PLACEMENT_3D ( 'NONE', #2456, #5683, #4956 ) ;
#4307 = CARTESIAN_POINT ( 'NONE',  ( -6.572596758538236550, 6.999999999999994671, 0.000000000000000000 ) ) ;
#4308 = CARTESIAN_POINT ( 'NONE',  ( 7.057682422386635679, 8.808821513348027210, -14.27340125496696821 ) ) ;
#4309 = CARTESIAN_POINT ( 'NONE',  ( -18.65851847158833010, 7.593199769379455510, -16.02186790969320995 ) ) ;
#4310 = DIRECTION ( 'NONE',  ( -0.2860511657490344972, -0.9582143447964126537, 1.240549181388456096E-16 ) ) ;
#4311 = CARTESIAN_POINT ( 'NONE',  ( -2.087787786793388278, -4.700698233042881036, -0.000000000000000000 ) ) ;
#4312 = VERTEX_POINT ( 'NONE', #3409 ) ;
#4313 = CARTESIAN_POINT ( 'NONE',  ( 11.77901933586578309, 9.710131152358334461, -4.659287657886853395 ) ) ;
#4314 = ORIENTED_EDGE ( 'NONE', *, *, #230, .F. ) ;
#4315 = CARTESIAN_POINT ( 'NONE',  ( 12.88962639035111479, 10.81179576066896786, -13.25910988512472599 ) ) ;
#4316 = CARTESIAN_POINT ( 'NONE',  ( 31.00000000000001421, -10.99999999999999645, -11.99999999999999467 ) ) ;
#4317 = CARTESIAN_POINT ( 'NONE',  ( 11.88750918482112517, 5.637378329708498725, -14.39963466299588291 ) ) ;
#4318 = DIRECTION ( 'NONE',  ( 0.8888540269160455365, 0.000000000000000000, 0.4581904831346129137 ) ) ;
#4319 = FACE_OUTER_BOUND ( 'NONE', #385, .T. ) ;
#4320 = CARTESIAN_POINT ( 'NONE',  ( -19.00000000000000000, -5.000000000000000000, -16.99999999999998224 ) ) ;
#4321 = ORIENTED_EDGE ( 'NONE', *, *, #7029, .T. ) ;
#4322 = EDGE_CURVE ( 'NONE', #7624, #5394, #571, .T. ) ;
#4323 = DIRECTION ( 'NONE',  ( 0.000000000000000000, -1.000000000000000000, -0.000000000000000000 ) ) ;
#4324 = EDGE_CURVE ( 'NONE', #3539, #6599, #7751, .T. ) ;
#4325 = CARTESIAN_POINT ( 'NONE',  ( 15.98277472642789832, -8.282258179709440782, -16.26956869685621854 ) ) ;
#4326 = EDGE_LOOP ( 'NONE', ( #4653, #6036, #5726, #3343, #700 ) ) ;
#4327 = DIRECTION ( 'NONE',  ( -1.000000000000000000, -7.796510004390144799E-17, 0.000000000000000000 ) ) ;
#4328 = CARTESIAN_POINT ( 'NONE',  ( 6.339999383396109245, 8.033346387088778684, -15.87295380983154836 ) ) ;
#4329 = FACE_OUTER_BOUND ( 'NONE', #496, .T. ) ;
#4330 = FACE_OUTER_BOUND ( 'NONE', #7218, .T. ) ;
#4331 = CARTESIAN_POINT ( 'NONE',  ( -1.148783720685768284, -6.537623009661671425, -4.442380153217489296E-14 ) ) ;
#4332 = EDGE_CURVE ( 'NONE', #5047, #6069, #2012, .T. ) ;
#4333 = CARTESIAN_POINT ( 'NONE',  ( -8.238964959113866726, 10.99999999999999289, -5.827318858622153819 ) ) ;
#4334 = CARTESIAN_POINT ( 'NONE',  ( 21.61474563132771820, 7.421132773307367536, -15.98096513682248343 ) ) ;
#4335 = ORIENTED_EDGE ( 'NONE', *, *, #6622, .T. ) ;
#4336 = AXIS2_PLACEMENT_3D ( 'NONE', #6386, #5120, #6350 ) ;
#4337 = CARTESIAN_POINT ( 'NONE',  ( 2.975492730962878252, -9.679218805036638784, -13.43102410275616165 ) ) ;
#4338 = CARTESIAN_POINT ( 'NONE',  ( -13.00543184577831646, 10.55690628904324058, -13.84625714288084808 ) ) ;
#4339 = CARTESIAN_POINT ( 'NONE',  ( 31.82933949458191591, -10.73901119049239306, -13.58934892231018310 ) ) ;
#4340 = FACE_OUTER_BOUND ( 'NONE', #7251, .T. ) ;
#4341 = AXIS2_PLACEMENT_3D ( 'NONE', #7073, #1477, #939 ) ;
#4342 = CARTESIAN_POINT ( 'NONE',  ( -9.999999999999998224, 4.572714414311417563, -14.29999999999998828 ) ) ;
#4343 = DIRECTION ( 'NONE',  ( 0.000000000000000000, 1.000000000000000000, 0.000000000000000000 ) ) ;
#4344 = EDGE_LOOP ( 'NONE', ( #2478, #7871, #1568, #4405, #2215 ) ) ;
#4345 = EDGE_CURVE ( 'NONE', #2917, #4272, #3888, .T. ) ;
#4346 = AXIS2_PLACEMENT_3D ( 'NONE', #2474, #1651, #4150 ) ;
#4347 = CARTESIAN_POINT ( 'NONE',  ( -10.07140120249535897, 6.234146852331492461, -15.99999999999998579 ) ) ;
#4348 = CARTESIAN_POINT ( 'NONE',  ( -12.38030810490363010, 10.99999999999999289, -12.28273222407675824 ) ) ;
#4349 = CARTESIAN_POINT ( 'NONE',  ( -8.465056013931157253, 6.912734961844596349, 0.000000000000000000 ) ) ;
#4350 = CARTESIAN_POINT ( 'NONE',  ( 35.72859794126911481, -8.413204699879436532, -18.14146719574540967 ) ) ;
#4351 = CARTESIAN_POINT ( 'NONE',  ( -19.33931998911878125, 7.584011063449274559, -16.02189736724425373 ) ) ;
#4352 = CARTESIAN_POINT ( 'NONE',  ( -17.13677072381871369, 10.99999999999999289, -11.99999999999998757 ) ) ;
#4353 = CARTESIAN_POINT ( 'NONE',  ( 1.010887035438567283, -4.033979491316444843, 0.000000000000000000 ) ) ;
#4354 = ORIENTED_EDGE ( 'NONE', *, *, #7285, .F. ) ;
#4355 = CARTESIAN_POINT ( 'NONE',  ( 11.76103504088613505, 10.99999999999999645, -5.827318858622152042 ) ) ;
#4356 = AXIS2_PLACEMENT_3D ( 'NONE', #4363, #3059, #3714 ) ;
#4357 = ORIENTED_EDGE ( 'NONE', *, *, #84, .F. ) ;
#4358 = CARTESIAN_POINT ( 'NONE',  ( 3.003327112463395121, -9.394221879106520845, -2.187820773348696513 ) ) ;
#4359 = CARTESIAN_POINT ( 'NONE',  ( -20.14976682969824395, -11.00000000000029488, -14.72180624989492337 ) ) ;
#4360 = DIRECTION ( 'NONE',  ( 0.000000000000000000, 0.000000000000000000, -1.000000000000000000 ) ) ;
#4361 = FACE_OUTER_BOUND ( 'NONE', #1455, .T. ) ;
#4362 = CARTESIAN_POINT ( 'NONE',  ( 34.03881982755546431, 9.143120189442486279, -16.31543818462755269 ) ) ;
#4363 = CARTESIAN_POINT ( 'NONE',  ( -15.68337520964451315, -1.000000000000058620, -16.99999999999998224 ) ) ;
#4364 = TOROIDAL_SURFACE ( 'NONE', #2152, 5.196152422706640905, 1.000000000000000000 ) ;
#4365 = CIRCLE ( 'NONE', #4638, 1.000000000000000888 ) ;
#4366 = ORIENTED_EDGE ( 'NONE', *, *, #6589, .T. ) ;
#4367 = VECTOR ( 'NONE', #5313, 1000.000000000000000 ) ;
#4368 = CARTESIAN_POINT ( 'NONE',  ( 41.50000000000002132, -10.99999999999999645, -33.49999999999999289 ) ) ;
#4369 = CARTESIAN_POINT ( 'NONE',  ( 16.76769716853775805, -8.902666304815433307, -16.21288194246588432 ) ) ;
#4370 = CARTESIAN_POINT ( 'NONE',  ( -6.846178609408961613, 6.207963350355139909, -15.99999999999998934 ) ) ;
#4371 = CARTESIAN_POINT ( 'NONE',  ( -16.23614600803714225, 6.333333333333325044, -16.49999999999998579 ) ) ;
#4372 = CARTESIAN_POINT ( 'NONE',  ( 12.61732636523196049, 9.009813674370519720, -0.5228401178747078548 ) ) ;
#4373 = ADVANCED_FACE ( 'NONE', ( #7086 ), #5224, .T. ) ;
#4374 = CARTESIAN_POINT ( 'NONE',  ( -15.16481379051214518, -7.053546539381978953, -16.49999999999998579 ) ) ;
#4375 = CARTESIAN_POINT ( 'NONE',  ( -2.148741049057224295, -6.096083231011523829, -1.556341356572684909 ) ) ;
#4376 = CARTESIAN_POINT ( 'NONE',  ( -7.776313460989454640, 10.99999999999999289, -5.523831942549563223 ) ) ;
#4377 = ADVANCED_FACE ( 'NONE', ( #2928 ), #3345, .T. ) ;
#4378 = FACE_OUTER_BOUND ( 'NONE', #6168, .T. ) ;
#4379 = EDGE_LOOP ( 'NONE', ( #5028, #2407, #3675, #6763 ) ) ;
#4380 = CARTESIAN_POINT ( 'NONE',  ( 1.994983194480246524, -7.702661225433209857, -15.97079128595931330 ) ) ;
#4381 = DIRECTION ( 'NONE',  ( 1.000000000000000000, 0.000000000000000000, 0.000000000000000000 ) ) ;
#4382 = EDGE_CURVE ( 'NONE', #1126, #505, #5556, .T. ) ;
#4383 = CARTESIAN_POINT ( 'NONE',  ( -39.99999999999998579, 7.999999999999991118, -36.50000000000000000 ) ) ;
#4384 = DIRECTION ( 'NONE',  ( 1.000000000000000000, 0.000000000000000000, 4.163336342344333240E-14 ) ) ;
#4385 = EDGE_CURVE ( 'NONE', #2411, #3037, #1750, .T. ) ;
#4386 = CARTESIAN_POINT ( 'NONE',  ( -1.990745164052491134, -9.751130104823438671, -11.53809745364761419 ) ) ;
#4387 =( BOUNDED_SURFACE ( )  B_SPLINE_SURFACE ( 3, 2, ( 
 ( #6287, #4411, #7387 ),
 ( #1301, #5674, #1784 ),
 ( #5066, #1746, #4245 ),
 ( #6733, #2447, #4945 ),
 ( #1134, #3629, #516 ),
 ( #7993, #4281, #106 ),
 ( #7668, #4491, #6453 ),
 ( #7059, #4618, #7015 ),
 ( #2690, #6370, #7707 ),
 ( #1505, #805, #5715 ),
 ( #1384, #3261, #5804 ),
 ( #2652, #6932, #4577 ),
 ( #3834, #6409, #3914 ),
 ( #4451, #188, #6977 ),
 ( #1340, #3308, #5145 ),
 ( #7630, #6493, #727 ),
 ( #5186, #1421, #2610 ),
 ( #146, #2075, #1460 ) ),
 .UNSPECIFIED., .F., .F., .T. ) 
 B_SPLINE_SURFACE_WITH_KNOTS ( ( 4, 2, 2, 2, 2, 2, 2, 2, 4 ),
 ( 3, 3 ),
 ( -4.336808689942017736E-19, 0.0006038682219790134304, 0.001207736443958027294, 0.001811604665937041267, 0.002415472887916055023, 0.003019341109895068778, 0.003623209331874082968, 0.004227077553853097157, 0.004830945775832110912 ),
 ( 0.000000000000000000, 1.000000000000000000 ),
 .UNSPECIFIED. ) 
 GEOMETRIC_REPRESENTATION_ITEM ( )  RATIONAL_B_SPLINE_SURFACE ( (
 ( 1.000000000000000000, 0.6656562785873423316, 1.000000000000000000),
 ( 1.000000000000000000, 0.6817983102551131713, 1.000000000000000000),
 ( 1.000000000000000000, 0.6937921906951802775, 1.000000000000000000),
 ( 1.000000000000000000, 0.7105815231712433455, 1.000000000000000000),
 ( 1.000000000000000000, 0.7153270101951405557, 1.000000000000000000),
 ( 1.000000000000000000, 0.7180582319453088225, 1.000000000000000000),
 ( 1.000000000000000000, 0.7161857340857467058, 1.000000000000000000),
 ( 1.000000000000000000, 0.7069299810652265315, 1.000000000000000000),
 ( 1.000000000000000000, 0.6997348465267284601, 1.000000000000000000),
 ( 1.000000000000000000, 0.6813369999925070752, 1.000000000000000000),
 ( 1.000000000000000000, 0.6700919233057410773, 1.000000000000000000),
 ( 1.000000000000000000, 0.6452874814965124939, 1.000000000000000000),
 ( 1.000000000000000000, 0.6314685608695943531, 1.000000000000000000),
 ( 1.000000000000000000, 0.6025085259685906136, 1.000000000000000000),
 ( 1.000000000000000000, 0.5874427832452661091, 1.000000000000000000),
 ( 1.000000000000000000, 0.5566410607592316984, 1.000000000000000000),
 ( 1.000000000000000000, 0.5408537888233504454, 1.000000000000000000),
 ( 1.000000000000000000, 0.5255305477261478231, 1.000000000000000000) ) ) 
 REPRESENTATION_ITEM ( '' )  SURFACE ( )  );
#4388 = CARTESIAN_POINT ( 'NONE',  ( -9.339809587097958499, 4.679210437792844068, -14.30972588741771112 ) ) ;
#4389 = CARTESIAN_POINT ( 'NONE',  ( 17.57630004769518450, -10.99999999999999645, -14.73878591265209792 ) ) ;
#4390 = ORIENTED_EDGE ( 'NONE', *, *, #476, .T. ) ;
#4391 = DIRECTION ( 'NONE',  ( 0.000000000000000000, 1.000000000000000000, 0.000000000000000000 ) ) ;
#4392 = CARTESIAN_POINT ( 'NONE',  ( 22.40778780618006749, -7.811657111237058082, -16.34129821955395911 ) ) ;
#4393 = CARTESIAN_POINT ( 'NONE',  ( -11.78397068583939067, 5.521239923940133743, -14.38861763090395129 ) ) ;
#4394 = CARTESIAN_POINT ( 'NONE',  ( 3.532317583034100039, -11.00000000000000000, -11.99999999999998757 ) ) ;
#4395 = EDGE_CURVE ( 'NONE', #6530, #2441, #6969, .T. ) ;
#4396 = CARTESIAN_POINT ( 'NONE',  ( 1.429179716007444645, -11.00000000000000178, -10.01190104326859220 ) ) ;
#4397 = DIRECTION ( 'NONE',  ( 2.312964634635743450E-16, 3.606610382747634035E-32, -1.000000000000000000 ) ) ;
#4398 = CARTESIAN_POINT ( 'NONE',  ( -10.16739725817507711, 4.572714414311415787, -14.29999999999998828 ) ) ;
#4399 = ADVANCED_FACE ( 'NONE', ( #1533 ), #5810, .F. ) ;
#4400 = EDGE_CURVE ( 'NONE', #7379, #8040, #1879, .T. ) ;
#4401 = CARTESIAN_POINT ( 'NONE',  ( 7.478295802460556807, 9.857959017768555654, -12.20074830801261001 ) ) ;
#4402 = CARTESIAN_POINT ( 'NONE',  ( -0.8376038187631102971, -3.975453976273784384, 0.000000000000000000 ) ) ;
#4403 = ORIENTED_EDGE ( 'NONE', *, *, #4654, .T. ) ;
#4404 = CARTESIAN_POINT ( 'NONE',  ( -13.42740324146176256, 6.999999999999993783, 0.000000000000000000 ) ) ;
#4405 = ORIENTED_EDGE ( 'NONE', *, *, #3287, .F. ) ;
#4406 = DIRECTION ( 'NONE',  ( 1.000000000000000000, 0.000000000000000000, 0.000000000000000000 ) ) ;
#4407 = CARTESIAN_POINT ( 'NONE',  ( -21.31517454141443224, -9.127755961206016622, -15.89809586203060832 ) ) ;
#4408 = LINE ( 'NONE', #558, #3442 ) ;
#4409 = CARTESIAN_POINT ( 'NONE',  ( 44.50000000000002842, 11.00000000000000355, -3.999999999999996447 ) ) ;
#4410 = DIRECTION ( 'NONE',  ( 0.000000000000000000, -1.000000000000000000, -0.000000000000000000 ) ) ;
#4411 = CARTESIAN_POINT ( 'NONE',  ( -7.464164950504081020, 10.99999999999999467, -3.486328688793582486 ) ) ;
#4412 = VERTEX_POINT ( 'NONE', #4104 ) ;
#4413 = FACE_OUTER_BOUND ( 'NONE', #1096, .T. ) ;
#4414 = CARTESIAN_POINT ( 'NONE',  ( -22.63308469114743815, -7.862152124428883226, -15.95272576372386730 ) ) ;
#4415 = CARTESIAN_POINT ( 'NONE',  ( 2.998138626204604584, -9.544956636474671186, -13.63505764738068216 ) ) ;
#4416 = FACE_OUTER_BOUND ( 'NONE', #3653, .T. ) ;
#4417 = DIRECTION ( 'NONE',  ( -0.000000000000000000, 1.000000000000000000, 0.000000000000000000 ) ) ;
#4418 = CARTESIAN_POINT ( 'NONE',  ( -39.99999999999998579, 7.999999999999989342, -33.49999999999999289 ) ) ;
#4419 = CARTESIAN_POINT ( 'NONE',  ( -12.37571130994833801, 10.99999999999999289, -5.409026469209845978 ) ) ;
#4420 = DIRECTION ( 'NONE',  ( 0.000000000000000000, 1.000000000000000000, 0.000000000000000000 ) ) ;
#4421 = ORIENTED_EDGE ( 'NONE', *, *, #4504, .T. ) ;
#4422 = CARTESIAN_POINT ( 'NONE',  ( 2.998527798051578319, -9.283137261635291182, -13.92074735644188976 ) ) ;
#4423 = FACE_OUTER_BOUND ( 'NONE', #383, .T. ) ;
#4424 = DIRECTION ( 'NONE',  ( 1.000000000000000000, 1.559302000878028960E-16, -0.000000000000000000 ) ) ;
#4425 = CARTESIAN_POINT ( 'NONE',  ( -39.99999999999998579, 0.000000000000000000, -36.50000000000000000 ) ) ;
#4426 = PLANE ( 'NONE',  #6462 ) ;
#4427 = CARTESIAN_POINT ( 'NONE',  ( 22.52360337603991525, -8.180364613630088044, -15.93359886486641486 ) ) ;
#4428 = FACE_OUTER_BOUND ( 'NONE', #1431, .T. ) ;
#4429 = CALENDAR_DATE ( 2026, 12, 9 ) ;
#4430 = CARTESIAN_POINT ( 'NONE',  ( 21.63648532557386872, -8.615960514219018762, -16.23649457022160192 ) ) ;
#4431 = CARTESIAN_POINT ( 'NONE',  ( -12.48107709858738801, 6.900016724966077319, -14.52033594072219458 ) ) ;
#4432 = DIRECTION ( 'NONE',  ( 0.000000000000000000, -1.000000000000000000, -0.000000000000000000 ) ) ;
#4433 = CARTESIAN_POINT ( 'NONE',  ( 18.66331036551000366, -9.493021130476714475, -16.17421643525405983 ) ) ;
#4434 = CARTESIAN_POINT ( 'NONE',  ( 14.62334723782688606, -7.729457811651186283, -15.94761846168779229 ) ) ;
#4435 =( BOUNDED_SURFACE ( )  B_SPLINE_SURFACE ( 3, 2, ( 
 ( #3426, #4781, #5963 ),
 ( #312, #2281, #1620 ),
 ( #6533, #7304, #7182 ),
 ( #7905, #7825, #4115 ),
 ( #5425, #7265, #3546 ),
 ( #1051, #2200, #6041 ),
 ( #428, #2970, #6611 ),
 ( #5344, #7943, #3467 ),
 ( #2934, #4078, #389 ),
 ( #2891, #1577, #7789 ),
 ( #7222, #4697, #2319 ),
 ( #2236, #470, #3590 ),
 ( #6570, #4199, #4861 ),
 ( #4819, #1702, #350 ),
 ( #1006, #6087, #1660 ),
 ( #6690, #5461, #4159 ),
 ( #3506, #4736, #5923 ),
 ( #5999, #2357, #1744 ),
 ( #7346, #928, #5386 ),
 ( #2814, #5307, #969 ),
 ( #2853, #3750, #5022 ),
 ( #6892, #1866, #6247 ),
 ( #7991, #3176, #2486 ),
 ( #2400, #2445, #643 ),
 ( #7545, #1823, #3134 ),
 ( #5064, #4279, #1172 ),
 ( #602, #6126, #3097 ),
 ( #559, #4943, #6854 ) ),
 .UNSPECIFIED., .F., .F., .F. ) 
 B_SPLINE_SURFACE_WITH_KNOTS ( ( 4, 2, 2, 2, 2, 2, 2, 2, 2, 2, 2, 2, 2, 4 ),
 ( 3, 3 ),
 ( 0.000000000000000000, 0.001805731722920768910, 0.002708597584381153365, 0.003611463445841537820, 0.005417195168762306730, 0.006320061030222690751, 0.007222926891683075640, 0.008125792753143460528, 0.009028658614603845417, 0.01083439033752461346, 0.01173725619898499661, 0.01264012206044538150, 0.01354298792190576639, 0.01444585378336615128 ),
 ( 0.000000000000000000, 1.000000000000000000 ),
 .UNSPECIFIED. ) 
 GEOMETRIC_REPRESENTATION_ITEM ( )  RATIONAL_B_SPLINE_SURFACE ( (
 ( 1.000000000000000000, 0.7071067811865475727, 1.000000000000000000),
 ( 1.000000000000000000, 0.7094877807640392886, 1.000000000000000000),
 ( 1.000000000000000000, 0.7122278447124211764, 1.000000000000000000),
 ( 1.000000000000000000, 0.7172929564180154927, 1.000000000000000000),
 ( 1.000000000000000000, 0.7191505587809894351, 1.000000000000000000),
 ( 1.000000000000000000, 0.7232525098388944418, 1.000000000000000000),
 ( 1.000000000000000000, 0.7254856015172999051, 1.000000000000000000),
 ( 1.000000000000000000, 0.7328999304051905250, 1.000000000000000000),
 ( 1.000000000000000000, 0.7387617484443435023, 1.000000000000000000),
 ( 1.000000000000000000, 0.7500655001558007573, 1.000000000000000000),
 ( 1.000000000000000000, 0.7542473685735139322, 1.000000000000000000),
 ( 1.000000000000000000, 0.7635517750323460584, 1.000000000000000000),
 ( 1.000000000000000000, 0.7686904199418148620, 1.000000000000000000),
 ( 1.000000000000000000, 0.7802327255438791243, 1.000000000000000000),
 ( 1.000000000000000000, 0.7866369209601677959, 1.000000000000000000),
 ( 1.000000000000000000, 0.8010675454619857749, 1.000000000000000000),
 ( 1.000000000000000000, 0.8091306414903586264, 1.000000000000000000),
 ( 1.000000000000000000, 0.8360306075360348643, 1.000000000000000000),
 ( 1.000000000000000000, 0.8578168895873274913, 1.000000000000000000),
 ( 1.000000000000000000, 0.8954014281917769269, 1.000000000000000000),
 ( 1.000000000000000000, 0.9086379367479178182, 1.000000000000000000),
 ( 1.000000000000000000, 0.9350099031491168056, 1.000000000000000000),
 ( 1.000000000000000000, 0.9481495851501731131, 1.000000000000000000),
 ( 1.000000000000000000, 0.9715737857692492430, 1.000000000000000000),
 ( 1.000000000000000000, 0.9818044557973717446, 1.000000000000000000),
 ( 1.000000000000000000, 0.9960585661882679354, 1.000000000000000000),
 ( 1.000000000000000000, 1.000044899600085913, 1.000000000000000000),
 ( 1.000000000000000000, 1.000000000000000000, 1.000000000000000000) ) ) 
 REPRESENTATION_ITEM ( '' )  SURFACE ( )  );
#4436 = CARTESIAN_POINT ( 'NONE',  ( 10.75816527652186316, 4.717347537006783220, -14.31321820323288740 ) ) ;
#4437 = CARTESIAN_POINT ( 'NONE',  ( 8.238964959231497076, 10.99999999999999822, -10.17268114160752823 ) ) ;
#4438 = CARTESIAN_POINT ( 'NONE',  ( 33.26671359945837025, 11.00000000000000355, -14.31945059962968969 ) ) ;
#4439 = ORIENTED_EDGE ( 'NONE', *, *, #1422, .F. ) ;
#4440 = B_SPLINE_CURVE_WITH_KNOTS ( 'NONE', 3,
 ( #6375, #6497, #2773, #809 ),
 .UNSPECIFIED., .F., .F.,
 ( 4, 4 ),
 ( 0.000000000000000000, 0.001084640833607701960 ),
 .UNSPECIFIED. ) ;
#4441 = CARTESIAN_POINT ( 'NONE',  ( -12.61434132201435432, 7.429906462994933847, -1.431960532067001912 ) ) ;
#4442 = VERTEX_POINT ( 'NONE', #4769 ) ;
#4443 = EDGE_CURVE ( 'NONE', #1666, #1206, #308, .T. ) ;
#4444 = EDGE_CURVE ( 'NONE', #2288, #3138, #1635, .T. ) ;
#4445 = CARTESIAN_POINT ( 'NONE',  ( 3.949505053075476280, -10.66255185033966058, -2.386564230902875394 ) ) ;
#4446 = AXIS2_PLACEMENT_3D ( 'NONE', #6018, #408, #2912 ) ;
#4447 = CARTESIAN_POINT ( 'NONE',  ( -15.87535309104777781, -8.555421347323001413, -15.91757516888786483 ) ) ;
#4448 = DIRECTION ( 'NONE',  ( 1.000000000000000000, 0.000000000000000000, -6.938893903907229364E-16 ) ) ;
#4449 = FACE_OUTER_BOUND ( 'NONE', #6970, .T. ) ;
#4450 = CARTESIAN_POINT ( 'NONE',  ( -3.427403241461769667, -7.000000000000000000, -15.99999999999998579 ) ) ;
#4451 = CARTESIAN_POINT ( 'NONE',  ( -7.214919340024862571, 8.108403634990049014, -1.491666004253720867 ) ) ;
#4452 = ORIENTED_EDGE ( 'NONE', *, *, #1692, .F. ) ;
#4453 = B_SPLINE_CURVE_WITH_KNOTS ( 'NONE', 3,
 ( #7808, #4721, #7206, #993, #2875, #2465, #5528, #8051, #494, #536, #5573, #7368, #4963, #3611, #409, #452, #1722, #7927, #4221, #1681, #8015, #1803, #6190, #5485, #1032, #2424 ),
 .UNSPECIFIED., .F., .F.,
 ( 4, 2, 2, 2, 2, 2, 2, 2, 2, 2, 2, 2, 4 ),
 ( 0.000000000000000000, 0.001095457394396784530, 0.001643186091595175927, 0.002190914788793567325, 0.002738643485991958722, 0.003286372183190349686, 0.003834100880388741084, 0.004381829577587132915, 0.005477286971983920047, 0.006572744366380707179, 0.007120473063579099010, 0.007668201760777489974, 0.008763659155174271034 ),
 .UNSPECIFIED. ) ;
#4454 = CARTESIAN_POINT ( 'NONE',  ( 11.07589461150138987, 9.587420213624428200, -10.86759050633924062 ) ) ;
#4455 = CARTESIAN_POINT ( 'NONE',  ( -16.14164926057630822, -8.871322094271825165, -15.85389844397679049 ) ) ;
#4456 = CARTESIAN_POINT ( 'NONE',  ( -13.71139796563115887, 10.97660772837096665, -3.496708783065528792 ) ) ;
#4457 = CARTESIAN_POINT ( 'NONE',  ( 12.57055243109632414, 7.255791592464746032, -1.447635286813311106 ) ) ;
#4458 = DIRECTION ( 'NONE',  ( 0.000000000000000000, -0.000000000000000000, 1.000000000000000000 ) ) ;
#4459 = CARTESIAN_POINT ( 'NONE',  ( -3.157005415173529173, -6.216472786565496733, 0.000000000000000000 ) ) ;
#4460 = CARTESIAN_POINT ( 'NONE',  ( -12.65432688504763448, 10.99999999999999289, -5.168906092849010037 ) ) ;
#4461 = DIRECTION ( 'NONE',  ( -0.000000000000000000, -0.000000000000000000, -1.000000000000000000 ) ) ;
#4462 = ORIENTED_EDGE ( 'NONE', *, *, #2828, .F. ) ;
#4463 = CARTESIAN_POINT ( 'NONE',  ( 3.545081270648129390, -7.520564305678714589, -15.97442158216805552 ) ) ;
#4464 = VECTOR ( 'NONE', #4764, 1000.000000000000000 ) ;
#4465 = DIRECTION ( 'NONE',  ( 1.000000000000000000, 0.000000000000000000, 0.000000000000000000 ) ) ;
#4466 = CARTESIAN_POINT ( 'NONE',  ( -10.69880789893930917, 9.538043129954695942, -10.71036495419752654 ) ) ;
#4467 = CARTESIAN_POINT ( 'NONE',  ( -3.362618289941073701, -11.00000000000000000, -11.67079653210909207 ) ) ;
#4468 = CARTESIAN_POINT ( 'NONE',  ( -32.75214910954617409, 10.06272401327460386, -14.98433045295638344 ) ) ;
#4469 = CARTESIAN_POINT ( 'NONE',  ( 19.82045646526795579, -9.647125152781150348, -15.88527244842396868 ) ) ;
#4470 = CARTESIAN_POINT ( 'NONE',  ( -12.94231757761336432, 8.808821513348027210, -14.27340125496696466 ) ) ;
#4471 = TOROIDAL_SURFACE ( 'NONE', #2902, 5.196152422706634688, 1.000000000000000000 ) ;
#4472 = PERSON_AND_ORGANIZATION_ROLE ( 'classification_officer' ) ;
#4473 = CARTESIAN_POINT ( 'NONE',  ( -10.32878905137211056, 6.207404615248417024, -15.99999999999998224 ) ) ;
#4474 = DIRECTION ( 'NONE',  ( 0.000000000000000000, -0.000000000000000000, 1.000000000000000000 ) ) ;
#4475 = CARTESIAN_POINT ( 'NONE',  ( -9.780076083527037056, 3.859518906784254355, 0.000000000000000000 ) ) ;
#4476 = CARTESIAN_POINT ( 'NONE',  ( 19.00000000000000000, 3.000000000000000000, -15.99999999999999289 ) ) ;
#4477 = CARTESIAN_POINT ( 'NONE',  ( 7.632245940145407914, 6.564515399815094909, -14.48842970578246181 ) ) ;
#4478 = AXIS2_PLACEMENT_3D ( 'NONE', #3385, #2883, #4109 ) ;
#4479 = DIRECTION ( 'NONE',  ( -2.344220913482171656E-16, -0.000000000000000000, -1.000000000000000000 ) ) ;
#4480 = ADVANCED_FACE ( 'NONE', ( #7971 ), #5533, .F. ) ;
#4481 = CARTESIAN_POINT ( 'NONE',  ( 34.05153597760116924, 11.00000000000000533, -15.18339863114210608 ) ) ;
#4482 = ORIENTED_EDGE ( 'NONE', *, *, #7285, .T. ) ;
#4483 = CARTESIAN_POINT ( 'NONE',  ( -12.97150003469393376, 9.025123179581346022, -1.876215600491913493 ) ) ;
#4484 = EDGE_LOOP ( 'NONE', ( #7998, #6290, #7406, #7577, #1109 ) ) ;
#4485 = AXIS2_PLACEMENT_3D ( 'NONE', #6807, #5591, #2932 ) ;
#4486 = CARTESIAN_POINT ( 'NONE',  ( -33.83832952836902308, 10.99999999999999289, -13.04844102073233536 ) ) ;
#4487 = CARTESIAN_POINT ( 'NONE',  ( -15.30178540761061790, -7.961980781586366795, -15.94519453699185796 ) ) ;
#4488 = CARTESIAN_POINT ( 'NONE',  ( 8.373671919713878253, 5.335627778624865591, -14.37097979231739409 ) ) ;
#4489 = CARTESIAN_POINT ( 'NONE',  ( -10.16688940308431022, 4.572714414311429110, -1.699999999999999067 ) ) ;
#4490 = CARTESIAN_POINT ( 'NONE',  ( 21.23606797749979336, 11.00000000000000000, -11.99999999999999467 ) ) ;
#4491 = CARTESIAN_POINT ( 'NONE',  ( -6.982927292215161508, 10.44843193930312353, -1.959514370174682663 ) ) ;
#4492 = EDGE_CURVE ( 'NONE', #6208, #5047, #4234, .T. ) ;
#4493 = EDGE_CURVE ( 'NONE', #1166, #4928, #4091, .T. ) ;
#4494 = CIRCLE ( 'NONE', #4356, 0.9999999999999995559 ) ;
#4495 = B_SPLINE_CURVE_WITH_KNOTS ( 'NONE', 3,
 ( #4934, #4398, #7978, #1898, #6881, #1811, #1288, #7412, #3619, #6117, #4231, #3780, #6277, #502, #2961, #5453 ),
 .UNSPECIFIED., .F., .F.,
 ( 4, 2, 2, 2, 2, 2, 2, 4 ),
 ( 0.004018078112346638517, 0.004521866284864928774, 0.005025654457383219031, 0.005529442629901508421, 0.006033230802419798679, 0.006537018974938088936, 0.007040807147456378326, 0.008048383492492958841 ),
 .UNSPECIFIED. ) ;
#4496 = ORIENTED_EDGE ( 'NONE', *, *, #6048, .T. ) ;
#4497 = CARTESIAN_POINT ( 'NONE',  ( 8.570820283986856580, 10.99999999999999645, -10.01190104323308816 ) ) ;
#4498 = CIRCLE ( 'NONE', #3975, 10.00000000000000000 ) ;
#4499 = CIRCLE ( 'NONE', #5811, 1.000000000000000888 ) ;
#4500 = CARTESIAN_POINT ( 'NONE',  ( -19.17151885641288800, -9.584658720439989565, -16.00401495921771655 ) ) ;
#4501 = DIRECTION ( 'NONE',  ( -1.000000000000000000, 0.000000000000000000, 0.000000000000000000 ) ) ;
#4502 = CARTESIAN_POINT ( 'NONE',  ( 1.262005746803140704, -11.00000000000000000, -6.040246446389812895 ) ) ;
#4503 = EDGE_CURVE ( 'NONE', #3868, #7381, #6026, .T. ) ;
#4504 = EDGE_CURVE ( 'NONE', #7644, #5216, #3210, .T. ) ;
#4505 = CYLINDRICAL_SURFACE ( 'NONE', #787, 2.999999999999999112 ) ;
#4506 = AXIS2_PLACEMENT_3D ( 'NONE', #4418, #4918, #6257 ) ;
#4507 = CARTESIAN_POINT ( 'NONE',  ( 2.074033954372343391, -4.688022451445857719, 0.000000000000000000 ) ) ;
#4508 = CARTESIAN_POINT ( 'NONE',  ( -8.570820283987492516, 10.99999999999999289, -5.988098956766910952 ) ) ;
#4509 = CARTESIAN_POINT ( 'NONE',  ( 6.140867371193295732, 8.995644452162681048, -15.47667945378179866 ) ) ;
#4510 = ORIENTED_EDGE ( 'NONE', *, *, #2945, .T. ) ;
#4511 = CARTESIAN_POINT ( 'NONE',  ( -33.61291409301118449, 9.411331964235682079, -15.92462008422526232 ) ) ;
#4512 = CARTESIAN_POINT ( 'NONE',  ( 18.67998485601475167, 7.376906590158364807, -16.40131102304687971 ) ) ;
#4513 = CARTESIAN_POINT ( 'NONE',  ( 40.00000000000001421, 11.00000000000000533, -21.34212719840576256 ) ) ;
#4514 = CARTESIAN_POINT ( 'NONE',  ( -11.09600895025886125, 9.587296286378535370, -10.86541610193228280 ) ) ;
#4515 = CARTESIAN_POINT ( 'NONE',  ( -1.672401276539423831, -9.689852445499965938, -11.25222047066575115 ) ) ;
#4516 = CARTESIAN_POINT ( 'NONE',  ( -31.58606928961105709, 10.86691347969299315, -13.14875127186466131 ) ) ;
#4517 = CARTESIAN_POINT ( 'NONE',  ( 20.88749479364631867, -10.99999999999999822, -12.44328181797560262 ) ) ;
#4518 = DIRECTION ( 'NONE',  ( 0.000000000000000000, 0.000000000000000000, -1.000000000000000000 ) ) ;
#4519 = APPROVAL_STATUS ( 'not_yet_approved' ) ;
#4520 = CARTESIAN_POINT ( 'NONE',  ( 21.07680376418654333, -8.980160721119426981, -16.20741777332466071 ) ) ;
#4521 = CARTESIAN_POINT ( 'NONE',  ( -11.40937216227207607, 4.214679051920461106, -15.99999999999998224 ) ) ;
#4522 = FACE_OUTER_BOUND ( 'NONE', #5058, .T. ) ;
#4523 = CARTESIAN_POINT ( 'NONE',  ( -11.87616220467988981, 7.463084600370359034, 4.336808689942017243E-16 ) ) ;
#4524 = CARTESIAN_POINT ( 'NONE',  ( 14.40052264917232527, -7.376672612055115152, -15.99999999999999289 ) ) ;
#4525 = CARTESIAN_POINT ( 'NONE',  ( 10.30351817549703775, 4.590130055917915897, -14.30158274149389896 ) ) ;
#4526 = CARTESIAN_POINT ( 'NONE',  ( 7.627974218704814291, 10.99999999999999467, -10.58809023131136229 ) ) ;
#4527 = CARTESIAN_POINT ( 'NONE',  ( 34.86263666125341842, 11.00000000000026468, -16.17531954817248874 ) ) ;
#4528 = ORIENTED_EDGE ( 'NONE', *, *, #2599, .F. ) ;
#4529 = CARTESIAN_POINT ( 'NONE',  ( -13.71311669817728429, 8.274793605099647564, -0.1995387472708619048 ) ) ;
#4530 = ORIENTED_EDGE ( 'NONE', *, *, #4143, .F. ) ;
#4531 = CARTESIAN_POINT ( 'NONE',  ( 3.706842830559021085, -10.97820292271293674, -3.511198846992654943 ) ) ;
#4532 = CC_DESIGN_APPROVAL ( #467, ( #5719 ) ) ;
#4533 = CARTESIAN_POINT ( 'NONE',  ( -17.11250520635428174, -11.00000000000000178, -12.44328181797589572 ) ) ;
#4534 = CARTESIAN_POINT ( 'NONE',  ( 44.50000000000002842, -6.999999999999995559, -3.999999999999996447 ) ) ;
#4535 = CARTESIAN_POINT ( 'NONE',  ( -6.572596758538232109, 6.999999999999992006, -15.99999999999998579 ) ) ;
#4536 = CARTESIAN_POINT ( 'NONE',  ( 17.13654193673779602, 11.00000000000000000, -12.00000000757744978 ) ) ;
#4537 = B_SPLINE_CURVE_WITH_KNOTS ( 'NONE', 3,
 ( #2782, #1473, #5280, #7759, #6696, #7310, #7191, #1707, #7950, #1099, #1056, #6655, #6581, #4123, #2939, #4205, #4164, #4787, #3553, #1665, #7874, #3598, #1013, #2287, #7270, #357 ),
 .UNSPECIFIED., .F., .F.,
 ( 4, 2, 2, 2, 2, 2, 2, 2, 2, 2, 2, 2, 4 ),
 ( 0.000000000000000000, 0.001095457394396787999, 0.001643186091595180915, 0.002190914788793574264, 0.002738643485991966962, 0.003286372183190360095, 0.003834100880388753227, 0.004381829577587145925, 0.005477286971983926986, 0.006572744366380708046, 0.007120473063579099010, 0.007668201760777489107, 0.008763659155174271034 ),
 .UNSPECIFIED. ) ;
#4538 = EDGE_LOOP ( 'NONE', ( #7821, #6681, #5499, #5624 ) ) ;
#4539 = CARTESIAN_POINT ( 'NONE',  ( 10.48461464603191651, 10.99999999999999645, -11.44487248615484276 ) ) ;
#4540 = CARTESIAN_POINT ( 'NONE',  ( -16.42487370228372612, -8.802122424653397559, -16.00162766805330605 ) ) ;
#4541 = CARTESIAN_POINT ( 'NONE',  ( -3.532317583034110697, -11.00000000000000000, -3.999999999999996447 ) ) ;
#4542 = CARTESIAN_POINT ( 'NONE',  ( -1.876400686375518267, -11.00000000000000000, -4.160723321852974443 ) ) ;
#4543 = CARTESIAN_POINT ( 'NONE',  ( -3.308097487065943643, -6.600349521458941382, 0.000000000000000000 ) ) ;
#4544 = CARTESIAN_POINT ( 'NONE',  ( -1.590797358872697131, -4.320739156877488441, 0.000000000000000000 ) ) ;
#4545 = VERTEX_POINT ( 'NONE', #2554 ) ;
#4546 = CARTESIAN_POINT ( 'NONE',  ( 37.00000000000001421, -11.00000000000000355, -33.49999999999999289 ) ) ;
#4547 = B_SPLINE_CURVE_WITH_KNOTS ( 'NONE', 3,
 ( #4691, #922, #3462, #5958, #7174, #343, #2846, #4972, #2473, #6275, #5451, #5581, #10, #3085, #7448, #630, #1119, #4396, #3700, #1201, #3617, #7932, #2345, #6797, #670, #3043 ),
 .UNSPECIFIED., .F., .F.,
 ( 4, 2, 2, 2, 2, 2, 2, 2, 2, 2, 2, 2, 4 ),
 ( 0.000000000000000000, 0.001095457394396779109, 0.001643186091595168555, 0.002190914788793558218, 0.002738643485991947880, 0.003286372183190337110, 0.003834100880388726772, 0.004381829577587116435, 0.005477286971983895761, 0.006572744366380674219, 0.007120473063579063448, 0.007668201760777451810, 0.008763659155174232870 ),
 .UNSPECIFIED. ) ;
#4548 = ADVANCED_FACE ( 'NONE', ( #1319 ), #3285, .T. ) ;
#4549 = CARTESIAN_POINT ( 'NONE',  ( -19.00000000000000000, -0.9999999999999997780, -17.47213595499957961 ) ) ;
#4550 = EDGE_CURVE ( 'NONE', #5047, #4087, #4890, .T. ) ;
#4551 = ORIENTED_EDGE ( 'NONE', *, *, #420, .T. ) ;
#4552 = CARTESIAN_POINT ( 'NONE',  ( -36.56149317087411532, 10.99999999999998934, -19.11189891907886107 ) ) ;
#4553 = CARTESIAN_POINT ( 'NONE',  ( 20.27382261539818131, 7.197335910013645588, -16.42142390037194488 ) ) ;
#4554 = CARTESIAN_POINT ( 'NONE',  ( 23.33012701892219454, -4.999999999999999112, -16.50000000000000000 ) ) ;
#4555 = CARTESIAN_POINT ( 'NONE',  ( -10.28661821761312289, 9.505312299182623548, -10.61327107379534596 ) ) ;
#4556 =( GEOMETRIC_REPRESENTATION_CONTEXT ( 3 ) GLOBAL_UNCERTAINTY_ASSIGNED_CONTEXT ( ( #4775 ) ) GLOBAL_UNIT_ASSIGNED_CONTEXT ( ( #7262, #1778, #6766 ) ) REPRESENTATION_CONTEXT ( 'NONE', 'WORKASPACE' ) );
#4557 = CARTESIAN_POINT ( 'NONE',  ( 0.4762392828232713260, -10.99999999999999645, -11.44506737206251223 ) ) ;
#4558 = CARTESIAN_POINT ( 'NONE',  ( -0.6102059084471007644, -4.663208515303927548, -14.30826072432347296 ) ) ;
#4559 = CARTESIAN_POINT ( 'NONE',  ( 22.51903088658530550, -10.99999999999971934, -15.20928553980507303 ) ) ;
#4560 = CARTESIAN_POINT ( 'NONE',  ( 10.65446355117807542, 6.261770510109657906, 2.283121154854478786E-13 ) ) ;
#4561 = COORDINATED_UNIVERSAL_TIME_OFFSET ( 8, 0, .BEHIND. ) ;
#4562 = CARTESIAN_POINT ( 'NONE',  ( 22.17076921808862977, -8.664629605511382948, -15.84995574904916182 ) ) ;
#4563 = CARTESIAN_POINT ( 'NONE',  ( -2.991845101123110862, -9.597328193059446733, -2.438155860148725207 ) ) ;
#4564 = CYLINDRICAL_SURFACE ( 'NONE', #7492, 4.000000000000000000 ) ;
#4565 = CARTESIAN_POINT ( 'NONE',  ( -9.963346261692167971, 6.238874071344754135, -4.336808689942017736E-16 ) ) ;
#4566 = CARTESIAN_POINT ( 'NONE',  ( 36.41640806355808024, -10.99999999999999645, -14.62292441893469608 ) ) ;
#4567 = CARTESIAN_POINT ( 'NONE',  ( 7.932472770965122599, 5.945751126595215652, -14.42922923895051746 ) ) ;
#4568 = CARTESIAN_POINT ( 'NONE',  ( -36.99999999999999289, 6.999999999999990230, -11.99999999999998401 ) ) ;
#4569 = CARTESIAN_POINT ( 'NONE',  ( 31.00000000000001421, 11.00000000000000000, -11.99999999999999645 ) ) ;
#4570 = EDGE_LOOP ( 'NONE', ( #5759, #5402, #7841, #2451, #338 ) ) ;
#4571 = CARTESIAN_POINT ( 'NONE',  ( -12.53583504949592076, 10.99999999999998934, -3.486328688793582486 ) ) ;
#4572 = ORIENTED_EDGE ( 'NONE', *, *, #5942, .T. ) ;
#4573 = CARTESIAN_POINT ( 'NONE',  ( 3.964131988936379081, -10.60696001493787399, -2.265678889110813277 ) ) ;
#4574 = CARTESIAN_POINT ( 'NONE',  ( -7.887723948945737362, 7.937113107566291070, -15.91964712397130555 ) ) ;
#4575 = CARTESIAN_POINT ( 'NONE',  ( 8.489703384747059545, 5.215965318966063968, -14.35966895748289751 ) ) ;
#4576 = CARTESIAN_POINT ( 'NONE',  ( -6.140942030346407954, 8.995376964506379025, -15.47669713067056030 ) ) ;
#4577 = CARTESIAN_POINT ( 'NONE',  ( -6.140867371193297508, 8.995644452162554927, -0.5233205462181074186 ) ) ;
#4578 = ORIENTED_EDGE ( 'NONE', *, *, #190, .F. ) ;
#4579 = AXIS2_PLACEMENT_3D ( 'NONE', #7323, #1721, #5405 ) ;
#4580 = CARTESIAN_POINT ( 'NONE',  ( 10.14439006028839074, 9.500132411562109525, -10.59845845026780786 ) ) ;
#4581 = CARTESIAN_POINT ( 'NONE',  ( -17.33422825957418212, -9.276042627202494728, -16.00357065196185857 ) ) ;
#4582 = DIRECTION ( 'NONE',  ( 0.000000000000000000, 0.000000000000000000, 1.000000000000000000 ) ) ;
#4583 = CARTESIAN_POINT ( 'NONE',  ( 2.229868368916487764, -11.00000000000000000, -5.519266139828481244 ) ) ;
#4584 = CARTESIAN_POINT ( 'NONE',  ( -2.864988066070797146, -5.673101687583621988, -0.000000000000000000 ) ) ;
#4585 = EDGE_CURVE ( 'NONE', #816, #2938, #4498, .T. ) ;
#4586 = CARTESIAN_POINT ( 'NONE',  ( 1.136456581427061963, -6.509526268701627316, -8.673617379884035472E-16 ) ) ;
#4587 = ORIENTED_EDGE ( 'NONE', *, *, #2552, .F. ) ;
#4588 = CARTESIAN_POINT ( 'NONE',  ( -13.53231758303410182, 10.99999999999999467, -11.99999999999998934 ) ) ;
#4589 = DIRECTION ( 'NONE',  ( 1.000000000000000000, 7.796510004390144799E-17, 2.168404344970989146E-16 ) ) ;
#4590 = ORIENTED_EDGE ( 'NONE', *, *, #4004, .F. ) ;
#4591 = CARTESIAN_POINT ( 'NONE',  ( -36.18469275402860319, 8.274272792840431379, -18.83774986951952712 ) ) ;
#4592 = CARTESIAN_POINT ( 'NONE',  ( 11.59079736090939861, 4.320739154704317464, -0.000000000000000000 ) ) ;
#4593 = CARTESIAN_POINT ( 'NONE',  ( 0.3360709125514342865, -4.594718199202967313, -1.698000252006841793 ) ) ;
#4594 = EDGE_CURVE ( 'NONE', #6206, #3584, #3582, .T. ) ;
#4595 = CARTESIAN_POINT ( 'NONE',  ( 1.429179716012942691, -11.00000000000000000, -10.01190104323308994 ) ) ;
#4596 = CARTESIAN_POINT ( 'NONE',  ( 0.9467767427598393626, -6.396650084606057440, -15.99999999999998579 ) ) ;
#4597 = CARTESIAN_POINT ( 'NONE',  ( 16.63212824203737483, -10.99999999999999822, -12.27912538725821356 ) ) ;
#4598 = DIRECTION ( 'NONE',  ( 2.344220913482171656E-16, 0.000000000000000000, 1.000000000000000000 ) ) ;
#4599 = CALENDAR_DATE ( 2026, 12, 9 ) ;
#4600 = CARTESIAN_POINT ( 'NONE',  ( 23.12310562561769700, -8.057641145488913637, -15.85764114548881132 ) ) ;
#4601 = CARTESIAN_POINT ( 'NONE',  ( -2.920019389645075680, -9.805517965106147926, -2.840486381792711512 ) ) ;
#4602 = CARTESIAN_POINT ( 'NONE',  ( 8.581051375907835066, 11.00000000000015277, -4.403379856749430665 ) ) ;
#4603 = CARTESIAN_POINT ( 'NONE',  ( -11.01088703533291024, 4.033979491630133474, 0.000000000000000000 ) ) ;
#4604 = CARTESIAN_POINT ( 'NONE',  ( 7.243297026608170874, 5.497409854144270192, -15.99999999999998934 ) ) ;
#4605 = ADVANCED_FACE ( 'NONE', ( #88 ), #4364, .F. ) ;
#4606 = CARTESIAN_POINT ( 'NONE',  ( 9.436358444581809835, 9.524364062335724412, -10.66947933977735907 ) ) ;
#4607 = TOROIDAL_SURFACE ( 'NONE', #4072, 16.00000000000000000, 4.000000000000000000 ) ;
#4608 = CARTESIAN_POINT ( 'NONE',  ( 2.087787786793394051, -4.700698233042866825, -15.99999999999998579 ) ) ;
#4609 = ADVANCED_FACE ( 'NONE', ( #6392 ), #51, .F. ) ;
#4610 = ORIENTED_EDGE ( 'NONE', *, *, #3192, .F. ) ;
#4611 = CARTESIAN_POINT ( 'NONE',  ( -21.89633967023847205, -8.397545241420530715, -16.25748132042800265 ) ) ;
#4612 = ORIENTED_EDGE ( 'NONE', *, *, #489, .T. ) ;
#4613 = CARTESIAN_POINT ( 'NONE',  ( 7.079349675373034501, 9.804666096977445733, -2.838061542813566707 ) ) ;
#4614 = AXIS2_PLACEMENT_3D ( 'NONE', #1817, #8068, #5458 ) ;
#4615 = CARTESIAN_POINT ( 'NONE',  ( -6.286883301822712156, 8.274793605099551641, -15.80046125272916946 ) ) ;
#4616 = DIRECTION ( 'NONE',  ( -1.000000000000000000, 0.000000000000000000, 0.000000000000000000 ) ) ;
#4617 = CARTESIAN_POINT ( 'NONE',  ( 31.00000000000001421, 11.00000000000000178, -11.99999999999999645 ) ) ;
#4618 = CARTESIAN_POINT ( 'NONE',  ( -6.996999999072688325, 10.19586937726448639, -1.584170530384464426 ) ) ;
#4619 = AXIS2_PLACEMENT_3D ( 'NONE', #4168, #5356, #4710 ) ;
#4620 = ORIENTED_EDGE ( 'NONE', *, *, #7810, .F. ) ;
#4621 = CARTESIAN_POINT ( 'NONE',  ( 9.625990346779325080, 10.99999999999999645, -11.45037386898653686 ) ) ;
#4622 = SPHERICAL_SURFACE ( 'NONE', #5773, 3.000000000000000000 ) ;
#4623 = CARTESIAN_POINT ( 'NONE',  ( -17.78287657112819176, -9.577975972325544873, -15.87181812373364842 ) ) ;
#4624 = CARTESIAN_POINT ( 'NONE',  ( 6.572596758538236550, 6.999999999999996447, 0.000000000000000000 ) ) ;
#4625 = CIRCLE ( 'NONE', #1085, 2.999999999999999112 ) ;
#4626 = CARTESIAN_POINT ( 'NONE',  ( 0.2826256968791592827, -9.505195771001359262, -5.387051405377400570 ) ) ;
#4627 = DIRECTION ( 'NONE',  ( -1.000000000000000000, 0.000000000000000000, 0.000000000000000000 ) ) ;
#4628 = CARTESIAN_POINT ( 'NONE',  ( -1.057029121554967199, -4.866931265568462450, -1.672972041959331246 ) ) ;
#4629 = ORIENTED_EDGE ( 'NONE', *, *, #1822, .T. ) ;
#4630 = CARTESIAN_POINT ( 'NONE',  ( -7.350761812724412536, 9.886196562445492830, -3.544786249782004628 ) ) ;
#4631 = VECTOR ( 'NONE', #24, 1000.000000000000000 ) ;
#4632 = CARTESIAN_POINT ( 'NONE',  ( 7.111450008135376422, 10.81289571458530219, -13.25581754757202546 ) ) ;
#4633 = VERTEX_POINT ( 'NONE', #749 ) ;
#4634 = CARTESIAN_POINT ( 'NONE',  ( -36.92343350842958927, 10.99999999999998757, -20.52564431528221789 ) ) ;
#4635 = CARTESIAN_POINT ( 'NONE',  ( 6.846178609408966054, 6.207963350355148791, -0.000000000000000000 ) ) ;
#4636 = CARTESIAN_POINT ( 'NONE',  ( 40.00000000000001421, 11.00000000000000355, -21.94987437106619765 ) ) ;
#4637 = TOROIDAL_SURFACE ( 'NONE', #8004, 1.000000000000000000, 3.000000000000000000 ) ;
#4638 = AXIS2_PLACEMENT_3D ( 'NONE', #7809, #5951, #7167 ) ;
#4639 = FACE_OUTER_BOUND ( 'NONE', #1798, .T. ) ;
#4640 = CARTESIAN_POINT ( 'NONE',  ( 11.87616220467989336, 7.463084600370364363, -4.336808689942017736E-16 ) ) ;
#4641 = AXIS2_PLACEMENT_3D ( 'NONE', #2662, #5160, #7642 ) ;
#4642 = EDGE_CURVE ( 'NONE', #1615, #6599, #3189, .T. ) ;
#4643 = CARTESIAN_POINT ( 'NONE',  ( -40.00000000000000000, -11.00000000000000355, -33.49999999999999289 ) ) ;
#4644 = DIRECTION ( 'NONE',  ( -0.7698003589194937213, -0.6382847385042345056, -1.774182897700058438E-14 ) ) ;
#4645 = CARTESIAN_POINT ( 'NONE',  ( 6.030255797084633329, 10.60505779017686834, -2.247057203537474290 ) ) ;
#4646 = CARTESIAN_POINT ( 'NONE',  ( -21.18528979577609306, 6.768713230963816940, -16.48065474310083900 ) ) ;
#4647 = CARTESIAN_POINT ( 'NONE',  ( 13.00149923207959013, 9.328452527889336210, -13.87885574021951918 ) ) ;
#4648 = CARTESIAN_POINT ( 'NONE',  ( 11.57515126437849062, 4.311052453561914355, -15.99999999999998934 ) ) ;
#4649 = CARTESIAN_POINT ( 'NONE',  ( -20.61411257512886053, 7.714751425954626818, -15.94726506842915015 ) ) ;
#4650 = CARTESIAN_POINT ( 'NONE',  ( -31.82939348371128929, -10.73897897804645396, -13.58944350819198732 ) ) ;
#4651 = VERTEX_POINT ( 'NONE', #3119 ) ;
#4652 = CARTESIAN_POINT ( 'NONE',  ( 14.92482519833270693, -8.064461904213978016, -15.85577111279300588 ) ) ;
#4653 = ORIENTED_EDGE ( 'NONE', *, *, #5929, .F. ) ;
#4654 = EDGE_CURVE ( 'NONE', #6737, #2313, #2805, .T. ) ;
#4655 = CARTESIAN_POINT ( 'NONE',  ( -7.037871210756790674, 9.709344177154907385, -13.36595672064386875 ) ) ;
#4656 = CARTESIAN_POINT ( 'NONE',  ( -7.478037811707991978, 9.858016140883295364, -12.20126307085664585 ) ) ;
#4657 = DIRECTION ( 'NONE',  ( -0.000000000000000000, -1.000000000000000000, -0.000000000000000000 ) ) ;
#4658 = CARTESIAN_POINT ( 'NONE',  ( 10.56364155541819017, 9.524364062335719083, -5.330520660222640039 ) ) ;
#4659 = CARTESIAN_POINT ( 'NONE',  ( 12.75624831734638676, 5.473445835946211702, -15.99999999999999289 ) ) ;
#4660 = EDGE_LOOP ( 'NONE', ( #6240, #3950, #7679, #6325 ) ) ;
#4661 = CARTESIAN_POINT ( 'NONE',  ( 12.99504542718646682, 9.544075695970956730, -13.62796559432971222 ) ) ;
#4662 = CARTESIAN_POINT ( 'NONE',  ( 37.00000000000001421, 8.000000000000003553, -33.49999999999999289 ) ) ;
#4663 = CARTESIAN_POINT ( 'NONE',  ( -15.00776223398514375, -8.099190816537046089, -15.85291795910183410 ) ) ;
#4664 = DIRECTION ( 'NONE',  ( -0.9582143447964125427, 0.2860511657490349968, 0.000000000000000000 ) ) ;
#4665 = CARTESIAN_POINT ( 'NONE',  ( 0.6854176767128654646, -9.536631584338360668, -5.293903431303550455 ) ) ;
#4666 = CARTESIAN_POINT ( 'NONE',  ( 2.786993029667166777, -9.897566259887957685, -3.248388410334456466 ) ) ;
#4667 = ORIENTED_EDGE ( 'NONE', *, *, #2143, .T. ) ;
#4668 = CARTESIAN_POINT ( 'NONE',  ( -2.386037938456994301, -6.616903933177633590, -1.506606054183142529 ) ) ;
#4669 = CARTESIAN_POINT ( 'NONE',  ( 7.001472201948442553, 9.283137261635115323, -13.92074735644205496 ) ) ;
#4670 = EDGE_LOOP ( 'NONE', ( #626, #7985, #4844, #1002 ) ) ;
#4671 = CARTESIAN_POINT ( 'NONE',  ( -39.50922227500090855, 10.99999999999998934, -18.98211412923435049 ) ) ;
#4672 = CARTESIAN_POINT ( 'NONE',  ( 10.42805598165390535, 3.883116235202847655, -0.000000000000000000 ) ) ;
#4673 = CARTESIAN_POINT ( 'NONE',  ( 19.00000000000000000, -5.000000000000000000, -14.00000000000000000 ) ) ;
#4674 = CARTESIAN_POINT ( 'NONE',  ( 1.045160587558234377, -10.99999999999999822, -11.47460389298012728 ) ) ;
#4675 = CARTESIAN_POINT ( 'NONE',  ( 1.590797358872768186, -4.320739156877384524, -15.99999999999998579 ) ) ;
#4676 = CARTESIAN_POINT ( 'NONE',  ( 13.30810602812000276, 6.600378116020262809, 0.000000000000000000 ) ) ;
#4677 = CARTESIAN_POINT ( 'NONE',  ( 22.68047901602406569, -7.819876593686553967, -15.93377791227574214 ) ) ;
#4678 = CARTESIAN_POINT ( 'NONE',  ( -8.444474533305637465, 5.261304968253923242, -14.36394709993402330 ) ) ;
#4679 = CARTESIAN_POINT ( 'NONE',  ( 6.102117874640253348, 10.80363907432510473, -2.734464575583898771 ) ) ;
#4680 = CARTESIAN_POINT ( 'NONE',  ( -2.894420248657014305, -9.738703461050620902, -14.92723331961058264 ) ) ;
#4681 = CARTESIAN_POINT ( 'NONE',  ( 16.48922168488641304, -8.721953364520047103, -16.22628202719341317 ) ) ;
#4682 = PRODUCT_DEFINITION_FORMATION_WITH_SPECIFIED_SOURCE ( 'ANY', '', #7328, .NOT_KNOWN. ) ;
#4683 = CARTESIAN_POINT ( 'NONE',  ( -20.59905040296487044, 10.99999999999999289, -15.34967362419804715 ) ) ;
#4684 = CARTESIAN_POINT ( 'NONE',  ( -31.00000000000000711, -11.00000000000000178, -11.99999999999998046 ) ) ;
#4685 = EDGE_CURVE ( 'NONE', #1683, #1385, #3202, .T. ) ;
#4686 = EDGE_LOOP ( 'NONE', ( #2460, #4163, #4223, #4996 ) ) ;
#4687 = CARTESIAN_POINT ( 'NONE',  ( -21.23230283300986088, -8.902666304013617804, -16.21288194226183421 ) ) ;
#4688 = VERTEX_POINT ( 'NONE', #6874 ) ;
#4689 = CARTESIAN_POINT ( 'NONE',  ( -6.514209088220250798, 7.260782712205875455, -15.99999999999998934 ) ) ;
#4690 = CARTESIAN_POINT ( 'NONE',  ( -8.009254835947482221, 9.751130104823426237, -11.53809745364763373 ) ) ;
#4691 = CARTESIAN_POINT ( 'NONE',  ( -3.532317583034101371, -11.00000000000000000, -11.99999999999998757 ) ) ;
#4692 = CARTESIAN_POINT ( 'NONE',  ( -24.49999999999996803, 10.99999999999999289, -4.000000000000000000 ) ) ;
#4693 = CARTESIAN_POINT ( 'NONE',  ( 8.966493198551432897, 4.042619213260183919, -15.99999999999999289 ) ) ;
#4694 = ADVANCED_FACE ( 'NONE', ( #7 ), #1893, .T. ) ;
#4695 = EDGE_LOOP ( 'NONE', ( #3909, #4814, #7519, #5340 ) ) ;
#4696 = CARTESIAN_POINT ( 'NONE',  ( 7.477690033273205472, 9.858093143179130990, -12.20195698464078937 ) ) ;
#4697 = CARTESIAN_POINT ( 'NONE',  ( -36.01648823858121773, -11.00000000000000178, -17.92491404915441677 ) ) ;
#4698 = CARTESIAN_POINT ( 'NONE',  ( 21.23606797749979336, 7.723676058159532509, -16.94735211631904903 ) ) ;
#4699 = CARTESIAN_POINT ( 'NONE',  ( 6.572596758538231221, 6.999999999999995559, -14.99999999999998934 ) ) ;
#4700 = CARTESIAN_POINT ( 'NONE',  ( -7.243297029098700435, 5.497409855380185562, 0.000000000000000000 ) ) ;
#4701 =( BOUNDED_SURFACE ( )  B_SPLINE_SURFACE ( 3, 2, ( 
 ( #341, #3996, #920 ),
 ( #883, #847, #4689 ),
 ( #1569, #4574, #4067 ),
 ( #6562, #6450, #960 ),
 ( #3381, #6488, #4615 ),
 ( #2072, #3417, #5878 ),
 ( #5334, #223, #264 ),
 ( #2227, #1609, #6601 ),
 ( #2764, #7212, #7098 ),
 ( #5843, #997, #6525 ),
 ( #7056, #5801, #1457 ),
 ( #185, #2688, #5263 ),
 ( #7744, #5183, #7704 ),
 ( #7665, #2113, #2155 ),
 ( #4655, #7136, #3953 ),
 ( #1535, #6666, #7403 ),
 ( #1068, #4218, #2462 ),
 ( #6185, #6064, #580 ),
 ( #5570, #8013, #5525 ),
 ( #2988, #1800, #3076 ) ),
 .UNSPECIFIED., .F., .F., .F. ) 
 B_SPLINE_SURFACE_WITH_KNOTS ( ( 4, 2, 2, 2, 2, 2, 2, 2, 2, 4 ),
 ( 3, 3 ),
 ( -8.673617379884035472E-19, 0.0006041035718230234339, 0.001208207143646047735, 0.001812310715469072145, 0.002416414287292096338, 0.003020517859115120531, 0.003322569645026632844, 0.003624621430938145157, 0.004228725002761168916, 0.004832828574584193543 ),
 ( 0.000000000000000000, 1.000000000000000000 ),
 .UNSPECIFIED. ) 
 GEOMETRIC_REPRESENTATION_ITEM ( )  RATIONAL_B_SPLINE_SURFACE ( (
 ( 1.000000000000000000, 0.5255305477261480451, 1.000000000000000000),
 ( 1.000000000000000000, 0.5409256200842753604, 1.000000000000000000),
 ( 1.000000000000000000, 0.5564364647820624343, 1.000000000000000000),
 ( 1.000000000000000000, 0.5871040600060820625, 1.000000000000000000),
 ( 1.000000000000000000, 0.6024172706648127651, 1.000000000000000000),
 ( 1.000000000000000000, 0.6314102792734606062, 1.000000000000000000),
 ( 1.000000000000000000, 0.6449931040449691233, 1.000000000000000000),
 ( 1.000000000000000000, 0.6698042740447606169, 1.000000000000000000),
 ( 1.000000000000000000, 0.6811386069491586204, 1.000000000000000000),
 ( 1.000000000000000000, 0.6995265130420730282, 1.000000000000000000),
 ( 1.000000000000000000, 0.7067358594482712197, 1.000000000000000000),
 ( 1.000000000000000000, 0.7137396649802276727, 1.000000000000000000),
 ( 1.000000000000000000, 0.7154206984197759578, 1.000000000000000000),
 ( 1.000000000000000000, 0.7172303835283420081, 1.000000000000000000),
 ( 1.000000000000000000, 0.7173821124119120762, 1.000000000000000000),
 ( 1.000000000000000000, 0.7153933171289499349, 1.000000000000000000),
 ( 1.000000000000000000, 0.7106956582048874482, 1.000000000000000000),
 ( 1.000000000000000000, 0.6938768977784032232, 1.000000000000000000),
 ( 1.000000000000000000, 0.6818430630983975949, 1.000000000000000000),
 ( 1.000000000000000000, 0.6656562785873424426, 1.000000000000000000) ) ) 
 REPRESENTATION_ITEM ( '' )  SURFACE ( )  );
#4702 = AXIS2_PLACEMENT_3D ( 'NONE', #3713, #7422, #2402 ) ;
#4703 = CARTESIAN_POINT ( 'NONE',  ( 2.892250820739949102, -9.840589547771813272, -2.944569726502192619 ) ) ;
#4704 = ORIENTED_EDGE ( 'NONE', *, *, #2885, .T. ) ;
#4705 = ADVANCED_FACE ( 'NONE', ( #5007 ), #666, .F. ) ;
#4706 = CARTESIAN_POINT ( 'NONE',  ( 40.50000000000002132, -10.99999999999999645, -20.00000000000000000 ) ) ;
#4707 = CARTESIAN_POINT ( 'NONE',  ( 15.00830362307854848, -8.099441409645113055, -15.85290109842078188 ) ) ;
#4708 = ORIENTED_EDGE ( 'NONE', *, *, #4642, .F. ) ;
#4709 = AXIS2_PLACEMENT_3D ( 'NONE', #3691, #3035, #4299 ) ;
#4710 = DIRECTION ( 'NONE',  ( -1.000000000000000000, 0.000000000000000000, 0.000000000000000000 ) ) ;
#4711 = CARTESIAN_POINT ( 'NONE',  ( 13.99803706234633971, 10.02470071468413515, -1.368762519810811984 ) ) ;
#4712 = CARTESIAN_POINT ( 'NONE',  ( 2.223686539010500063, -11.00000000000000000, -10.47616805745019875 ) ) ;
#4713 = DIRECTION ( 'NONE',  ( -2.344220913482171656E-16, 0.000000000000000000, -1.000000000000000000 ) ) ;
#4714 = CARTESIAN_POINT ( 'NONE',  ( -2.876569927359130308, -8.506687552930479512, -14.39137653873702938 ) ) ;
#4715 = VERTEX_POINT ( 'NONE', #3158 ) ;
#4716 = CARTESIAN_POINT ( 'NONE',  ( -24.49999999999996803, 6.999999999999992006, 0.000000000000000000 ) ) ;
#4717 = CARTESIAN_POINT ( 'NONE',  ( 3.532317583034101816, -11.00000000000000000, -11.99999999999998757 ) ) ;
#4718 = CARTESIAN_POINT ( 'NONE',  ( 3.714612628642381509, -8.281734304255328638, -15.79811604659565916 ) ) ;
#4719 = CARTESIAN_POINT ( 'NONE',  ( -2.995045427186468157, -9.544075695970960282, -13.62796559432979393 ) ) ;
#4720 = CARTESIAN_POINT ( 'NONE',  ( -7.066614014590806292, 9.786307275870225197, -2.787738958253099586 ) ) ;
#4721 = CARTESIAN_POINT ( 'NONE',  ( 6.637406319421480738, 10.99999999999999645, -4.329251216938167168 ) ) ;
#4722 = CARTESIAN_POINT ( 'NONE',  ( -3.307576592461328069, -6.598604628439633579, -15.99999999999998934 ) ) ;
#4723 = ORIENTED_EDGE ( 'NONE', *, *, #2197, .F. ) ;
#4724 = DIRECTION ( 'NONE',  ( 0.000000000000000000, 0.000000000000000000, -1.000000000000000000 ) ) ;
#4725 = CARTESIAN_POINT ( 'NONE',  ( -7.464164950504085461, 10.99999999999999112, -12.51367131120640863 ) ) ;
#4726 = DIRECTION ( 'NONE',  ( -1.000000000000000000, 0.000000000000000000, 2.344220913482171656E-16 ) ) ;
#4727 = CARTESIAN_POINT ( 'NONE',  ( 11.79240087538940962, 9.711816058597285917, -4.658528954395869448 ) ) ;
#4728 = CARTESIAN_POINT ( 'NONE',  ( -6.030797447783839971, 10.60733514610312334, -2.251843830714260530 ) ) ;
#4729 = EDGE_CURVE ( 'NONE', #6737, #2411, #5534, .T. ) ;
#4730 = ORIENTED_EDGE ( 'NONE', *, *, #6688, .T. ) ;
#4731 = ORIENTED_EDGE ( 'NONE', *, *, #6684, .F. ) ;
#4732 = TOROIDAL_SURFACE ( 'NONE', #4866, 5.196152422706634688, 1.000000000000000000 ) ;
#4733 = CARTESIAN_POINT ( 'NONE',  ( 12.86013480461505942, 8.432056188221295656, -14.41876729817792402 ) ) ;
#4734 = AXIS2_PLACEMENT_3D ( 'NONE', #8043, #2455, #7432 ) ;
#4735 = ADVANCED_FACE ( 'NONE', ( #4428 ), #5157, .F. ) ;
#4736 = CARTESIAN_POINT ( 'NONE',  ( -34.86263666125341132, -11.00000000000000355, -16.17531954817247097 ) ) ;
#4737 = EDGE_CURVE ( 'NONE', #4914, #576, #5543, .T. ) ;
#4738 = CARTESIAN_POINT ( 'NONE',  ( 9.663929087448567046, 4.594718199202963760, -1.698000252006840682 ) ) ;
#4739 = FACE_OUTER_BOUND ( 'NONE', #3554, .T. ) ;
#4740 = CARTESIAN_POINT ( 'NONE',  ( -10.40469090113108486, 3.879734585032802219, 0.000000000000000000 ) ) ;
#4741 = AXIS2_PLACEMENT_3D ( 'NONE', #2291, #1588, #6659 ) ;
#4742 = B_SPLINE_CURVE_WITH_KNOTS ( 'NONE', 3,
 ( #7497, #4401, #3375, #4141, #5368, #1644, #3989, #257, #4606, #1603, #7091, #4062 ),
 .UNSPECIFIED., .F., .F.,
 ( 4, 2, 2, 2, 2, 4 ),
 ( 0.000000000000000000, 0.0008556572455192294150, 0.001711314491038458830, 0.002566971736557688462, 0.002994800359317300025, 0.003422628982076911588 ),
 .UNSPECIFIED. ) ;
#4743 = CARTESIAN_POINT ( 'NONE',  ( 1.391976270670824745, -4.205172090025143028, -0.000000000000000000 ) ) ;
#4744 = VERTEX_POINT ( 'NONE', #3406 ) ;
#4745 = DIRECTION ( 'NONE',  ( 0.000000000000000000, -0.000000000000000000, 1.000000000000000000 ) ) ;
#4746 = CARTESIAN_POINT ( 'NONE',  ( 15.16804654465919810, -8.188855731083744871, -15.84899915546300520 ) ) ;
#4747 = ORIENTED_EDGE ( 'NONE', *, *, #2298, .F. ) ;
#4748 = AXIS2_PLACEMENT_3D ( 'NONE', #3999, #7896, #4269 ) ;
#4749 = EDGE_CURVE ( 'NONE', #6539, #1695, #7301, .T. ) ;
#4750 = CARTESIAN_POINT ( 'NONE',  ( -31.76474785883166163, 10.78333516302095596, -13.47976115156080468 ) ) ;
#4751 =( BOUNDED_SURFACE ( )  B_SPLINE_SURFACE ( 3, 2, ( 
 ( #6172, #568, #8041 ),
 ( #3757, #5600, #1874 ),
 ( #1264, #5514, #6253 ),
 ( #3140, #3800, #2452 ),
 ( #3676, #6294, #1789 ),
 ( #8078, #4414, #2493 ),
 ( #4952, #5639, #2534 ),
 ( #692, #8000, #30 ),
 ( #5032, #1180, #4871 ),
 ( #1913, #1140, #6898 ),
 ( #2413, #3185, #7394 ),
 ( #5680, #4288, #7356 ),
 ( #6778, #3067, #3720 ),
 ( #6816, #4250, #6741 ),
 ( #3636, #6217, #5561 ),
 ( #6134, #7429, #609 ),
 ( #5070, #1465, #857 ),
 ( #1997, #7592, #810 ),
 ( #3312, #7636, #5762 ),
 ( #5812, #3266, #731 ),
 ( #7673, #3224, #194 ),
 ( #7063, #5720, #6983 ),
 ( #150, #2656, #1955 ),
 ( #7108, #5886, #109 ),
 ( #2695, #4500, #2614 ),
 ( #4006, #5108, #2041 ),
 ( #5191, #1389, #2735 ),
 ( #4623, #3919, #3880 ),
 ( #6376, #769, #2081 ),
 ( #6498, #4581, #3961 ),
 ( #2576, #6458, #5229 ),
 ( #7550, #3355, #5153 ),
 ( #6414, #5850, #3391 ),
 ( #231, #4540, #7022 ),
 ( #4455, #1426, #7710 ),
 ( #2121, #1509, #891 ),
 ( #6939, #1346, #3840 ),
 ( #6337, #4160, #5964 ),
 ( #4040, #6612, #6691 ),
 ( #1007, #1621, #2201 ),
 ( #1052, #3468, #3547 ),
 ( #970, #6534, #7266 ),
 ( #929, #3507, #5308 ),
 ( #4663, #5924, #6042 ),
 ( #5426, #7867, #5387 ),
 ( #2854, #1661, #429 ),
 ( #7790, #313, #6000 ),
 ( #3427, #7826, #390 ),
 ( #7183, #2935, #1578 ),
 ( #4116, #2815, #5345 ) ),
 .UNSPECIFIED., .F., .F., .T. ) 
 B_SPLINE_SURFACE_WITH_KNOTS ( ( 4, 2, 2, 2, 2, 2, 2, 2, 2, 2, 2, 2, 2, 2, 2, 2, 2, 2, 2, 2, 2, 2, 2, 2, 4 ),
 ( 3, 3 ),
 ( -1.266102497908365432E-17, 1.875879549110381122E-05, 3.751759098222028050E-05, 7.503518196445321906E-05, 0.0001500703639289190962, 0.0003001407278578508775, 0.0006002814557157144402, 0.001200562911431441457, 0.002401125822862895491, 0.003001407278578622616, 0.003601688734294349742, 0.004201970190010076434, 0.004802251645725803993, 0.006002814557157258243, 0.006603096012872984935, 0.007203377468588711627, 0.007803658924304439186, 0.008403940380020166745, 0.009004221835735893437, 0.009304362563593756782, 0.009454432927522689323, 0.009529468109487154726, 0.009566985700469387427, 0.009585744495960503778, 0.009604503291451620128 ),
 ( 0.000000000000000000, 1.000000000000000000 ),
 .UNSPECIFIED. ) 
 GEOMETRIC_REPRESENTATION_ITEM ( )  RATIONAL_B_SPLINE_SURFACE ( (
 ( 1.000000000000000000, 0.8944271909980113788, 1.000000000000000000),
 ( 1.000000000000000000, 0.8991422968031619334, 1.000000000000000000),
 ( 1.000000000000000000, 0.9013545314388126117, 1.000000000000000000),
 ( 1.000000000000000000, 0.9054306166760742736, 1.000000000000000000),
 ( 1.000000000000000000, 0.9070283001265750933, 1.000000000000000000),
 ( 1.000000000000000000, 0.9113239565512382123, 1.000000000000000000),
 ( 1.000000000000000000, 0.9134873623488789507, 1.000000000000000000),
 ( 1.000000000000000000, 0.9192525417990042857, 1.000000000000000000),
 ( 1.000000000000000000, 0.9220551147496415245, 1.000000000000000000),
 ( 1.000000000000000000, 0.9294500988778514605, 1.000000000000000000),
 ( 1.000000000000000000, 0.9329028023400871561, 1.000000000000000000),
 ( 1.000000000000000000, 0.9418939773120030834, 1.000000000000000000),
 ( 1.000000000000000000, 0.9458679854848938140, 1.000000000000000000),
 ( 1.000000000000000000, 0.9560184424513050727, 1.000000000000000000),
 ( 1.000000000000000000, 0.9601367832696124927, 1.000000000000000000),
 ( 1.000000000000000000, 0.9703154715524200391, 1.000000000000000000),
 ( 1.000000000000000000, 0.9736407457117635111, 1.000000000000000000),
 ( 1.000000000000000000, 0.9774978911237895973, 1.000000000000000000),
 ( 1.000000000000000000, 0.9785179441319500349, 1.000000000000000000),
 ( 1.000000000000000000, 0.9801717262171629752, 1.000000000000000000),
 ( 1.000000000000000000, 0.9808029087307869043, 1.000000000000000000),
 ( 1.000000000000000000, 0.9817855694185283477, 1.000000000000000000),
 ( 1.000000000000000000, 0.9821358714902437281, 1.000000000000000000),
 ( 1.000000000000000000, 0.9826018652248633689, 1.000000000000000000),
 ( 1.000000000000000000, 0.9827165529285040169, 1.000000000000000000),
 ( 1.000000000000000000, 0.9827177725653587492, 1.000000000000000000),
 ( 1.000000000000000000, 0.9822915707535955221, 1.000000000000000000),
 ( 1.000000000000000000, 0.9808205198646479106, 1.000000000000000000),
 ( 1.000000000000000000, 0.9801809905642590026, 1.000000000000000000),
 ( 1.000000000000000000, 0.9785384061076024542, 1.000000000000000000),
 ( 1.000000000000000000, 0.9775369225264899375, 1.000000000000000000),
 ( 1.000000000000000000, 0.9749907647722405590, 1.000000000000000000),
 ( 1.000000000000000000, 0.9734530560681337041, 1.000000000000000000),
 ( 1.000000000000000000, 0.9694425890456547235, 1.000000000000000000),
 ( 1.000000000000000000, 0.9669779913684433126, 1.000000000000000000),
 ( 1.000000000000000000, 0.9602459256651074693, 1.000000000000000000),
 ( 1.000000000000000000, 0.9561492422459284546, 1.000000000000000000),
 ( 1.000000000000000000, 0.9459512269512193594, 1.000000000000000000),
 ( 1.000000000000000000, 0.9419587070490753611, 1.000000000000000000),
 ( 1.000000000000000000, 0.9329132464948945991, 1.000000000000000000),
 ( 1.000000000000000000, 0.9294359020670615035, 1.000000000000000000),
 ( 1.000000000000000000, 0.9220103810232563868, 1.000000000000000000),
 ( 1.000000000000000000, 0.9191980608049580281, 1.000000000000000000),
 ( 1.000000000000000000, 0.9134227897976615607, 1.000000000000000000),
 ( 1.000000000000000000, 0.9112559421458686915, 1.000000000000000000),
 ( 1.000000000000000000, 0.9069615892042671712, 1.000000000000000000),
 ( 1.000000000000000000, 0.9053654299454133580, 1.000000000000000000),
 ( 1.000000000000000000, 0.9013008574025974662, 1.000000000000000000),
 ( 1.000000000000000000, 0.8990917027240320492, 1.000000000000000000),
 ( 1.000000000000000000, 0.8944271909999345072, 1.000000000000000000) ) ) 
 REPRESENTATION_ITEM ( '' )  SURFACE ( )  );
#4752 = CARTESIAN_POINT ( 'NONE',  ( 12.86027999551223111, 8.432719171582389706, -1.581472275457531662 ) ) ;
#4753 = CARTESIAN_POINT ( 'NONE',  ( -32.43242351177114102, -11.00000000000000000, -12.49056769727793359 ) ) ;
#4754 = CIRCLE ( 'NONE', #959, 1.000000000000000888 ) ;
#4755 = CARTESIAN_POINT ( 'NONE',  ( -2.481013225754408413, -6.899762751222658252, -14.52031307643987468 ) ) ;
#4756 = CARTESIAN_POINT ( 'NONE',  ( 7.429447568903677634, 7.255791592464746032, -1.447635286813311106 ) ) ;
#4757 = CARTESIAN_POINT ( 'NONE',  ( 6.067636062158263677, 9.430607603429651320, -0.8122361522268277678 ) ) ;
#4758 = VERTEX_POINT ( 'NONE', #7652 ) ;
#4759 = CARTESIAN_POINT ( 'NONE',  ( -30.99999999999999289, -11.00000000000000355, -15.99999999999997868 ) ) ;
#4760 = AXIS2_PLACEMENT_3D ( 'NONE', #2841, #7812, #2265 ) ;
#4761 = FACE_OUTER_BOUND ( 'NONE', #435, .T. ) ;
#4762 = CARTESIAN_POINT ( 'NONE',  ( 8.118488245317941221, 10.99999999999999467, -4.157209276250882546 ) ) ;
#4763 = CARTESIAN_POINT ( 'NONE',  ( -2.880811699084172783, -9.849674462653879914, -13.01898916802942985 ) ) ;
#4764 = DIRECTION ( 'NONE',  ( 1.000000000000000000, 7.796510004390144799E-17, -2.344220913482171656E-16 ) ) ;
#4765 = VECTOR ( 'NONE', #5311, 1000.000000000000000 ) ;
#4766 = CARTESIAN_POINT ( 'NONE',  ( -19.74618313227072264, 10.99999999999999289, -12.03390594877205011 ) ) ;
#4767 = CARTESIAN_POINT ( 'NONE',  ( 3.427403241461769223, -6.999999999999999112, -15.99999999999998934 ) ) ;
#4768 = ORIENTED_EDGE ( 'NONE', *, *, #5835, .T. ) ;
#4769 = CARTESIAN_POINT ( 'NONE',  ( -12.64923818727558391, 9.886196562445492830, -3.544786249782000187 ) ) ;
#4770 = CARTESIAN_POINT ( 'NONE',  ( 40.00000000000001421, -7.999999999999996447, -21.94987437106619410 ) ) ;
#4771 = CARTESIAN_POINT ( 'NONE',  ( -8.737994253196941230, 10.99999999999999289, -9.959753553609949961 ) ) ;
#4772 = CARTESIAN_POINT ( 'NONE',  ( -7.350761812724421418, 9.886196562445494607, -12.45521375021799138 ) ) ;
#4773 = CARTESIAN_POINT ( 'NONE',  ( -9.999999999977914555, 9.499999999999991118, -10.59807621135331246 ) ) ;
#4774 = DIRECTION ( 'NONE',  ( -2.344220913482171656E-16, -0.000000000000000000, -1.000000000000000000 ) ) ;
#4775 = UNCERTAINTY_MEASURE_WITH_UNIT (LENGTH_MEASURE( 1.000000000000000082E-05 ), #7262, 'distance_accuracy_value', 'NONE');
#4776 = ORIENTED_EDGE ( 'NONE', *, *, #3594, .F. ) ;
#4777 = CARTESIAN_POINT ( 'NONE',  ( -0.5646698845183247828, -6.237084333641250922, 0.000000000000000000 ) ) ;
#4778 = ORIENTED_EDGE ( 'NONE', *, *, #5333, .F. ) ;
#4779 = CARTESIAN_POINT ( 'NONE',  ( 12.78483752274851248, 8.107392048699452403, -14.50855783794779796 ) ) ;
#4780 = CARTESIAN_POINT ( 'NONE',  ( 33.27880036395382746, -10.99999999999999645, -12.81721043580268038 ) ) ;
#4781 = CARTESIAN_POINT ( 'NONE',  ( -37.00000000000000711, -11.00000000000000355, -21.94987437106617989 ) ) ;
#4782 = DIRECTION ( 'NONE',  ( -0.000000000000000000, -1.000000000000000000, -0.000000000000000000 ) ) ;
#4783 = FACE_OUTER_BOUND ( 'NONE', #4326, .T. ) ;
#4784 = CARTESIAN_POINT ( 'NONE',  ( 17.64554219141448144, -10.99999999999999822, -12.64485783605586633 ) ) ;
#4785 = VERTEX_POINT ( 'NONE', #7122 ) ;
#4786 = EDGE_CURVE ( 'NONE', #4122, #8040, #5320, .T. ) ;
#4787 = CARTESIAN_POINT ( 'NONE',  ( -8.570820283992548028, 10.99999999999999289, -5.988098956731412237 ) ) ;
#4788 = ORIENTED_EDGE ( 'NONE', *, *, #1036, .F. ) ;
#4789 = CARTESIAN_POINT ( 'NONE',  ( -13.15700541181711003, 6.216472788231308222, -15.99999999999998224 ) ) ;
#4790 = CARTESIAN_POINT ( 'NONE',  ( -22.90437888211205575, -8.144840491282094419, -15.85047826954101957 ) ) ;
#4791 = CARTESIAN_POINT ( 'NONE',  ( 12.97187074680619645, 9.027658802990606191, -1.877886750588979359 ) ) ;
#4792 = CARTESIAN_POINT ( 'NONE',  ( 2.188817368784851780, -10.99999999999968914, -12.08002176130142225 ) ) ;
#4793 = CARTESIAN_POINT ( 'NONE',  ( -2.570552431096328139, -7.255791592464748696, -14.55236471318668023 ) ) ;
#4794 = ADVANCED_FACE ( 'NONE', ( #6430 ), #2676, .F. ) ;
#4795 = CARTESIAN_POINT ( 'NONE',  ( 11.03350680102902714, 4.042619214253282856, 0.000000000000000000 ) ) ;
#4796 = CARTESIAN_POINT ( 'NONE',  ( 7.256733614103782593, 7.938965573688665067, -1.461376324262007476 ) ) ;
#4797 = ORIENTED_EDGE ( 'NONE', *, *, #1226, .F. ) ;
#4798 = LINE ( 'NONE', #4881, #2523 ) ;
#4799 = CARTESIAN_POINT ( 'NONE',  ( -12.70013510116792510, 9.205840200479892488, -15.35383197665038324 ) ) ;
#4800 = CARTESIAN_POINT ( 'NONE',  ( 11.83885749694904099, 5.593391029502426726, -1.604501332948015779 ) ) ;
#4801 = CARTESIAN_POINT ( 'NONE',  ( 15.81450460921573331, -8.098664153569171020, -16.29300062659011417 ) ) ;
#4802 = CARTESIAN_POINT ( 'NONE',  ( -16.33785773313562473, 6.774324283118872359, -16.02445861046001241 ) ) ;
#4803 = LINE ( 'NONE', #7928, #6712 ) ;
#4804 = ORIENTED_EDGE ( 'NONE', *, *, #7521, .T. ) ;
#4805 = CARTESIAN_POINT ( 'NONE',  ( -17.42492172877210521, 7.086583539551434718, -16.43415812127909348 ) ) ;
#4806 = CARTESIAN_POINT ( 'NONE',  ( 40.00000000000001421, 8.000000000000003553, -33.49999999999999289 ) ) ;
#4807 = LINE ( 'NONE', #2921, #7612 ) ;
#4808 = CARTESIAN_POINT ( 'NONE',  ( -7.041159184925440684, 8.939885459255089373, -14.17909015342947043 ) ) ;
#4809 = CARTESIAN_POINT ( 'NONE',  ( -21.76385399196284354, -1.666666666666666741, -16.49999999999998579 ) ) ;
#4810 = CARTESIAN_POINT ( 'NONE',  ( 21.23606797749979691, 7.428366505423992905, -15.97699662270799159 ) ) ;
#4811 = CARTESIAN_POINT ( 'NONE',  ( -20.86327901002463747, 10.99999999999999289, -11.99999999999998224 ) ) ;
#4812 = ORIENTED_EDGE ( 'NONE', *, *, #4385, .F. ) ;
#4813 = CARTESIAN_POINT ( 'NONE',  ( -12.57055243109632237, 7.255791592464744255, -1.447635286813311550 ) ) ;
#4814 = ORIENTED_EDGE ( 'NONE', *, *, #6046, .T. ) ;
#4815 = CARTESIAN_POINT ( 'NONE',  ( -1.429179716007452194, -10.99999999999999822, -5.988098956731411349 ) ) ;
#4816 = CARTESIAN_POINT ( 'NONE',  ( 3.962000047976261374, -9.641772363845163341, -0.9845850152948567580 ) ) ;
#4817 = B_SPLINE_CURVE_WITH_KNOTS ( 'NONE', 3,
 ( #5681, #74, #5071, #3021, #2414, #7395, #4916, #1790, #4289, #6779, #1181, #7430, #6173, #1833, #4328, #963, #7139, #3463 ),
 .UNSPECIFIED., .F., .F.,
 ( 4, 2, 2, 2, 2, 2, 2, 2, 4 ),
 ( 0.000000000000000000, 0.0007955008886252024850, 0.001591001777250404970, 0.002386502665875607238, 0.003182003554500809940, 0.003977504443126012208, 0.004773005331751214476, 0.005568506220376415010, 0.006364007109001615543 ),
 .UNSPECIFIED. ) ;
#4818 = CARTESIAN_POINT ( 'NONE',  ( 38.27342985956791210, -10.99999999999999645, -16.58337757278383506 ) ) ;
#4819 = CARTESIAN_POINT ( 'NONE',  ( -35.06258967585544184, -8.652378799078292104, -17.33090923265337580 ) ) ;
#4820 = CARTESIAN_POINT ( 'NONE',  ( -37.00000000000000000, -7.000000000000002665, -15.99999999999997868 ) ) ;
#4821 = LINE ( 'NONE', #971, #4220 ) ;
#4822 = CARTESIAN_POINT ( 'NONE',  ( -3.149353008383706243, -11.00000000000000000, -4.636282374427642239 ) ) ;
#4823 = VERTEX_POINT ( 'NONE', #5288 ) ;
#4824 = CARTESIAN_POINT ( 'NONE',  ( 14.99028653882241890, -8.091165477513989401, -15.85347043396976474 ) ) ;
#4825 = ORIENTED_EDGE ( 'NONE', *, *, #3433, .F. ) ;
#4826 = CARTESIAN_POINT ( 'NONE',  ( -19.00000000000000000, -1.000000000000000000, -14.00000000000000000 ) ) ;
#4827 = CARTESIAN_POINT ( 'NONE',  ( -3.897882125359741767, -10.80363907432510295, -13.26553542441608435 ) ) ;
#4828 = CC_DESIGN_PERSON_AND_ORGANIZATION_ASSIGNMENT ( #3286, #7653, ( #7328 ) ) ;
#4829 = CARTESIAN_POINT ( 'NONE',  ( 1.339251588331455523, -9.629021815487503133, -11.00615493809948831 ) ) ;
#4830 = ADVANCED_FACE ( 'NONE', ( #3445 ), #775, .T. ) ;
#4831 = CARTESIAN_POINT ( 'NONE',  ( -15.00347373057272549, -6.666666666666667851, -16.49999999999998579 ) ) ;
#4832 = CARTESIAN_POINT ( 'NONE',  ( -3.427403241461771000, -7.000000000000000000, -15.99999999999998579 ) ) ;
#4833 = CARTESIAN_POINT ( 'NONE',  ( 8.863543418573318178, 6.509526268701194773, 1.860007210133051227E-13 ) ) ;
#4834 = AXIS2_PLACEMENT_3D ( 'NONE', #2504, #5691, #121 ) ;
#4835 = CARTESIAN_POINT ( 'NONE',  ( 6.105799568666359534, 10.81029943633422974, -2.754422882682513229 ) ) ;
#4836 = ORIENTED_EDGE ( 'NONE', *, *, #5147, .F. ) ;
#4837 = CYLINDRICAL_SURFACE ( 'NONE', #6045, 3.000000000000002665 ) ;
#4838 = CARTESIAN_POINT ( 'NONE',  ( -13.84005145773921264, 10.88492644900786033, -12.98573283328152428 ) ) ;
#4839 = EDGE_CURVE ( 'NONE', #1514, #2361, #6586, .T. ) ;
#4840 = DIRECTION ( 'NONE',  ( -9.750020343460363569E-28, -1.000000000000000000, 2.341876692568687369E-14 ) ) ;
#4841 = CIRCLE ( 'NONE', #4181, 0.9999999999999997780 ) ;
#4842 = CARTESIAN_POINT ( 'NONE',  ( 12.99813862620460370, 9.544956636474669409, -2.364942352619307631 ) ) ;
#4843 = FACE_OUTER_BOUND ( 'NONE', #6979, .T. ) ;
#4844 = ORIENTED_EDGE ( 'NONE', *, *, #855, .F. ) ;
#4845 = CARTESIAN_POINT ( 'NONE',  ( -2.362576147333475873, -9.825274471193583992, -4.036963671677335164 ) ) ;
#4846 = CARTESIAN_POINT ( 'NONE',  ( 44.50000000000002842, 7.000000000000002665, -20.00000000000000000 ) ) ;
#4847 = ADVANCED_FACE ( 'NONE', ( #6663 ), #1608, .T. ) ;
#4848 = CARTESIAN_POINT ( 'NONE',  ( -6.842994584826470827, 6.216472786565670816, 0.000000000000000000 ) ) ;
#4849 = CARTESIAN_POINT ( 'NONE',  ( 6.998527430336509703, 9.327773813057421037, -13.87952196997584231 ) ) ;
#4850 = DIRECTION ( 'NONE',  ( -0.000000000000000000, -1.000000000000000000, -0.000000000000000000 ) ) ;
#4851 = EDGE_CURVE ( 'NONE', #3309, #6208, #5816, .T. ) ;
#4852 = CARTESIAN_POINT ( 'NONE',  ( 37.00000000000001421, -6.999999999999996447, -11.99999999999999645 ) ) ;
#4853 = VERTEX_POINT ( 'NONE', #2702 ) ;
#4854 = CARTESIAN_POINT ( 'NONE',  ( 9.623165737702580103, 10.99999999999999645, -6.252156856559485831 ) ) ;
#4855 = ORIENTED_EDGE ( 'NONE', *, *, #7017, .F. ) ;
#4856 = CARTESIAN_POINT ( 'NONE',  ( -2.781116118461272713, -10.99999999999999822, -5.044822846727340604 ) ) ;
#4857 = CARTESIAN_POINT ( 'NONE',  ( 3.012601146630232485, -10.44140529281890117, -1.956683447563086764 ) ) ;
#4858 = CIRCLE ( 'NONE', #1850, 20.00000000000000000 ) ;
#4859 = CARTESIAN_POINT ( 'NONE',  ( -14.87689437437475526, -11.00000000000000000, -11.99999999999998224 ) ) ;
#4860 = CARTESIAN_POINT ( 'NONE',  ( 3.897882125359745764, -10.80363907432510295, -2.734464575583898771 ) ) ;
#4861 = CARTESIAN_POINT ( 'NONE',  ( -37.51330461881445189, -11.00000000000000355, -15.64791987912780513 ) ) ;
#4862 = CARTESIAN_POINT ( 'NONE',  ( 17.49280066967065750, 7.826959237039742057, -15.92799229585681964 ) ) ;
#4863 = DIRECTION ( 'NONE',  ( -1.000000000000000000, -1.559302000878028960E-16, 2.344220913482171656E-16 ) ) ;
#4864 = CARTESIAN_POINT ( 'NONE',  ( -12.07403395687810743, 4.688022449650565804, 0.000000000000000000 ) ) ;
#4865 = B_SPLINE_CURVE_WITH_KNOTS ( 'NONE', 3,
 ( #4012, #2128, #5197, #7717, #6505, #7758, #3968, #1472, #3396, #3885, #862, #2820, #2166, #4668, #1549, #2206 ),
 .UNSPECIFIED., .F., .F.,
 ( 4, 2, 2, 2, 2, 2, 2, 4 ),
 ( 0.004018078112346627241, 0.004521866284864914896, 0.005025654457383201684, 0.005529442629901489339, 0.006033230802419776995, 0.006537018974938064650, 0.007040807147456352305, 0.008048383492492931085 ),
 .UNSPECIFIED. ) ;
#4866 = AXIS2_PLACEMENT_3D ( 'NONE', #7391, #3673, #5512 ) ;
#4867 = ORIENTED_EDGE ( 'NONE', *, *, #1186, .F. ) ;
#4868 = DIRECTION ( 'NONE',  ( -1.000000000000000000, 0.000000000000000000, 2.344220913482171656E-16 ) ) ;
#4869 = CARTESIAN_POINT ( 'NONE',  ( 14.91882438212417661, -8.066096333904981819, -15.85601853069621647 ) ) ;
#4870 = VERTEX_POINT ( 'NONE', #1515 ) ;
#4871 = CARTESIAN_POINT ( 'NONE',  ( -22.37810355098866211, -7.854609360844690968, -16.33239410455649931 ) ) ;
#4872 = DIRECTION ( 'NONE',  ( 1.000000000000000000, 0.000000000000000000, -2.255140518769847203E-13 ) ) ;
#4873 = TOROIDAL_SURFACE ( 'NONE', #7736, 4.472135954999578722, 1.000000000000000000 ) ;
#4874 = CARTESIAN_POINT ( 'NONE',  ( 13.00339559482695506, 9.397488610035050982, -2.191199039874384802 ) ) ;
#4875 = CARTESIAN_POINT ( 'NONE',  ( -38.27340203420020970, -11.00000000000000355, -16.58333841289421429 ) ) ;
#4876 = CARTESIAN_POINT ( 'NONE',  ( -2.756248315253305048, -5.473445837445820139, -15.99999999999998579 ) ) ;
#4877 = CARTESIAN_POINT ( 'NONE',  ( 10.77513010092082268, 4.724486548510416384, -1.686125610920681250 ) ) ;
#4878 = CIRCLE ( 'NONE', #4748, 3.000000000000002665 ) ;
#4879 = CARTESIAN_POINT ( 'NONE',  ( 6.987398853369810148, 10.44140529281898644, -1.956683447563086986 ) ) ;
#4880 = ORIENTED_EDGE ( 'NONE', *, *, #271, .T. ) ;
#4881 = CARTESIAN_POINT ( 'NONE',  ( 37.00000000000001421, -7.999999999999996447, -21.16515138991167788 ) ) ;
#4882 = CARTESIAN_POINT ( 'NONE',  ( -13.53231758303410359, 10.99999999999999289, -11.99999999999999112 ) ) ;
#4883 = DIRECTION ( 'NONE',  ( 1.000000000000000000, 0.000000000000000000, 0.000000000000000000 ) ) ;
#4884 = CIRCLE ( 'NONE', #7999, 1.000000000000000888 ) ;
#4885 = CARTESIAN_POINT ( 'NONE',  ( -16.37765868440056849, 7.417967383366450562, -15.98142815559718954 ) ) ;
#4886 = CARTESIAN_POINT ( 'NONE',  ( 10.66019041287977132, 4.679210437784906418, -14.30972588741698992 ) ) ;
#4887 = ORIENTED_EDGE ( 'NONE', *, *, #4493, .F. ) ;
#4888 = CARTESIAN_POINT ( 'NONE',  ( 22.70564553587858825, -8.275406900171649482, -15.84750994909827071 ) ) ;
#4889 = EDGE_CURVE ( 'NONE', #1683, #4031, #2279, .T. ) ;
#4890 = CIRCLE ( 'NONE', #7872, 4.330127018922196314 ) ;
#4891 = CARTESIAN_POINT ( 'NONE',  ( 9.999999999977914555, 9.499999999999996447, -5.401923788646685765 ) ) ;
#4892 = CARTESIAN_POINT ( 'NONE',  ( -11.32077628056632790, 9.625795683396715319, -10.99422972332473236 ) ) ;
#4893 = CARTESIAN_POINT ( 'NONE',  ( -9.162396180041238125, 3.975453973443499933, 0.000000000000000000 ) ) ;
#4894 = CARTESIAN_POINT ( 'NONE',  ( -22.99652626942727451, -6.666666666666667851, -16.49999999999998579 ) ) ;
#4895 = DIRECTION ( 'NONE',  ( 1.000000000000000000, 1.559302000878028960E-16, -2.344220913482171656E-16 ) ) ;
#4896 = DIRECTION ( 'NONE',  ( 0.9582143447964127647, -0.2860511657490341642, 0.000000000000000000 ) ) ;
#4897 = TOROIDAL_SURFACE ( 'NONE', #1366, 10.00000000000000000, 6.000000000000000000 ) ;
#4898 = CARTESIAN_POINT ( 'NONE',  ( 37.00000000000001421, 11.00000000000000355, -21.94987437106619410 ) ) ;
#4899 = ORIENTED_EDGE ( 'NONE', *, *, #7779, .F. ) ;
#4900 = CARTESIAN_POINT ( 'NONE',  ( 9.086109764614850093, 10.99999999999999645, -6.151381355841595955 ) ) ;
#4901 = ORIENTED_EDGE ( 'NONE', *, *, #7428, .F. ) ;
#4902 = EDGE_CURVE ( 'NONE', #3727, #2323, #4865, .T. ) ;
#4903 = DIRECTION ( 'NONE',  ( 0.000000000000000000, 0.000000000000000000, 1.000000000000000000 ) ) ;
#4904 = CARTESIAN_POINT ( 'NONE',  ( 3.858188786458280894, -8.990578353859163485, -0.5204469413203063333 ) ) ;
#4905 = CARTESIAN_POINT ( 'NONE',  ( 31.00000000000001421, -10.99999999999999645, -11.99999999999999467 ) ) ;
#4906 = CARTESIAN_POINT ( 'NONE',  ( 3.532317583034110697, -11.00000000000000000, -3.999999999999996447 ) ) ;
#4907 = DIRECTION ( 'NONE',  ( 1.000000000000000000, 0.000000000000000000, 2.312964634635743450E-16 ) ) ;
#4908 = CARTESIAN_POINT ( 'NONE',  ( 19.19056421873593266, 8.010739725965114744, -15.91285138152312761 ) ) ;
#4909 = CARTESIAN_POINT ( 'NONE',  ( -17.48778446339599668, 7.825647723262193267, -15.92811515229350050 ) ) ;
#4910 = DIRECTION ( 'NONE',  ( 0.9229582069908973674, 0.3849001794597501913, 0.000000000000000000 ) ) ;
#4911 = EDGE_LOOP ( 'NONE', ( #1257, #7479, #7320, #861 ) ) ;
#4912 = CARTESIAN_POINT ( 'NONE',  ( 12.09033877340281826, 9.770811562996025046, -11.64251435011916058 ) ) ;
#4913 = CARTESIAN_POINT ( 'NONE',  ( 18.29504445588719364, -9.676535805388024158, -15.87452355010191063 ) ) ;
#4914 = VERTEX_POINT ( 'NONE', #4047 ) ;
#4915 = CARTESIAN_POINT ( 'NONE',  ( -6.692423407538674596, 6.598604628439624697, -15.99999999999998934 ) ) ;
#4916 = CARTESIAN_POINT ( 'NONE',  ( 6.009940019897822339, 10.48388806985115096, -13.98349934761777469 ) ) ;
#4917 = CARTESIAN_POINT ( 'NONE',  ( 3.532317583034110697, -11.00000000000000000, -3.999999999999996447 ) ) ;
#4918 = DIRECTION ( 'NONE',  ( 0.000000000000000000, 0.000000000000000000, -1.000000000000000000 ) ) ;
#4919 = CARTESIAN_POINT ( 'NONE',  ( 10.32104198559282793, 4.592914712726503979, -1.698163713045768519 ) ) ;
#4920 = CARTESIAN_POINT ( 'NONE',  ( 7.351489193682950507, 10.96971019676279369, -12.68714364819938467 ) ) ;
#4921 = ORIENTED_EDGE ( 'NONE', *, *, #1282, .T. ) ;
#4922 = CARTESIAN_POINT ( 'NONE',  ( 13.42740324146176434, 6.999999999999997335, 0.000000000000000000 ) ) ;
#4923 = CARTESIAN_POINT ( 'NONE',  ( -13.70628800282979753, 10.97831529368324510, -12.48716543068658780 ) ) ;
#4924 = CARTESIAN_POINT ( 'NONE',  ( 12.38603793845699563, 6.616903933177630037, -1.506606054183141863 ) ) ;
#4925 = CARTESIAN_POINT ( 'NONE',  ( 12.65055551987732940, 7.573902597481557031, -14.58100277966113190 ) ) ;
#4926 = CARTESIAN_POINT ( 'NONE',  ( 12.57055243109632414, 7.255791592464746920, -1.447635286813311106 ) ) ;
#4927 = CARTESIAN_POINT ( 'NONE',  ( 9.999999999971580067, 4.572714414311420228, -14.29999999999999183 ) ) ;
#4928 = VERTEX_POINT ( 'NONE', #4588 ) ;
#4929 = DIRECTION ( 'NONE',  ( 0.000000000000000000, 0.000000000000000000, 1.000000000000000000 ) ) ;
#4930 = DIRECTION ( 'NONE',  ( -1.000000000000000000, -1.559302000878028960E-16, 2.344220913482171656E-16 ) ) ;
#4931 = CYLINDRICAL_SURFACE ( 'NONE', #7229, 2.999999999999999112 ) ;
#4932 = CARTESIAN_POINT ( 'NONE',  ( -8.966493198970974632, 4.042619214253193149, 0.000000000000000000 ) ) ;
#4933 = DIRECTION ( 'NONE',  ( -1.559302000878028960E-16, 1.000000000000000000, 0.000000000000000000 ) ) ;
#4934 = CARTESIAN_POINT ( 'NONE',  ( -9.999999999999998224, 4.572714414311417563, -14.29999999999998828 ) ) ;
#4935 = CARTESIAN_POINT ( 'NONE',  ( 10.28755895729054615, 9.500000000001058709, -10.59807621135637312 ) ) ;
#4936 = CARTESIAN_POINT ( 'NONE',  ( 2.756248317346376098, -5.473445835946216143, 0.000000000000000000 ) ) ;
#4937 = ORIENTED_EDGE ( 'NONE', *, *, #5237, .T. ) ;
#4938 = CARTESIAN_POINT ( 'NONE',  ( 10.47623928282317607, 10.99999999999999467, -4.554932627937895440 ) ) ;
#4939 = ORIENTED_EDGE ( 'NONE', *, *, #7672, .F. ) ;
#4940 = CARTESIAN_POINT ( 'NONE',  ( 12.94299162710996320, 10.73663122088194832, -13.46059639817617537 ) ) ;
#4941 = CARTESIAN_POINT ( 'NONE',  ( 38.77710920276832951, -10.99999999999999822, -17.33943023302012421 ) ) ;
#4942 = CARTESIAN_POINT ( 'NONE',  ( 3.814597356037735754, -8.764975819975887816, -0.4008998569674227519 ) ) ;
#4943 = CARTESIAN_POINT ( 'NONE',  ( -31.00000000000000711, -11.00000000000000355, -11.99999999999998046 ) ) ;
#4944 = CARTESIAN_POINT ( 'NONE',  ( -2.236067977499804016, -11.00000000000000000, -11.99999999999998757 ) ) ;
#4945 = CARTESIAN_POINT ( 'NONE',  ( -6.159948542260872628, 10.88492644900789053, -3.014267166718623603 ) ) ;
#4946 = EDGE_CURVE ( 'NONE', #4785, #2441, #934, .T. ) ;
#4947 = EDGE_CURVE ( 'NONE', #5668, #5968, #3434, .T. ) ;
#4948 = ORIENTED_EDGE ( 'NONE', *, *, #3399, .T. ) ;
#4949 = CARTESIAN_POINT ( 'NONE',  ( 13.71431943553883670, 8.280365056587871919, -15.79859537283786963 ) ) ;
#4950 = CARTESIAN_POINT ( 'NONE',  ( 18.83200103073738774, -9.502768175598307110, -16.17365564085379859 ) ) ;
#4951 = VERTEX_POINT ( 'NONE', #6380 ) ;
#4952 = CARTESIAN_POINT ( 'NONE',  ( -22.99169637691579382, -8.099441409647731405, -15.85290109842060424 ) ) ;
#4953 = CARTESIAN_POINT ( 'NONE',  ( -13.53231758303410892, 10.99999999999999467, -3.999999999999996447 ) ) ;
#4954 = CARTESIAN_POINT ( 'NONE',  ( -16.81463672601934434, 6.768674958776940365, -16.48066033562997390 ) ) ;
#4955 = EDGE_CURVE ( 'NONE', #4442, #6647, #3588, .T. ) ;
#4956 = DIRECTION ( 'NONE',  ( 0.000000000000000000, 0.000000000000000000, -1.000000000000000000 ) ) ;
#4957 = CARTESIAN_POINT ( 'NONE',  ( -8.954839412442893831, 10.99999999999999289, -4.525396107020073444 ) ) ;
#4958 = CARTESIAN_POINT ( 'NONE',  ( 22.31662479035540514, 7.000000000000000000, -15.99999999999999289 ) ) ;
#4959 = VERTEX_POINT ( 'NONE', #156 ) ;
#4960 = CARTESIAN_POINT ( 'NONE',  ( 12.75670297090129957, 5.497409855380186450, 0.000000000000000000 ) ) ;
#4961 = CARTESIAN_POINT ( 'NONE',  ( -13.62574423561073367, 10.99999999999999289, -12.24165394917305782 ) ) ;
#4962 = CARTESIAN_POINT ( 'NONE',  ( 23.12310562561764726, -8.057641145488926071, -15.85764114548888770 ) ) ;
#4963 = CARTESIAN_POINT ( 'NONE',  ( 9.263075805528009354, 10.99999999999999645, -6.194065795740635316 ) ) ;
#4964 =( BOUNDED_SURFACE ( )  B_SPLINE_SURFACE ( 3, 2, ( 
 ( #4298, #2547, #6828 ),
 ( #581, #6907, #1238 ),
 ( #1315, #3114, #1274 ),
 ( #1801, #3810, #4962 ) ),
 .UNSPECIFIED., .F., .F., .F. ) 
 B_SPLINE_SURFACE_WITH_KNOTS ( ( 4, 4 ),
 ( 3, 3 ),
 ( 0.000000000000000000, 0.001493086728821696810 ),
 ( 0.000000000000000000, 1.000000000000000000 ),
 .UNSPECIFIED. ) 
 GEOMETRIC_REPRESENTATION_ITEM ( )  RATIONAL_B_SPLINE_SURFACE ( (
 ( 1.000000000000000000, 0.8660254037844389297, 1.000000000000000000),
 ( 1.000000000000000000, 0.8750068566528158565, 1.000000000000000000),
 ( 1.000000000000000000, 0.8845887371496602425, 1.000000000000000000),
 ( 1.000000000000000000, 0.8944271909999161885, 1.000000000000000000) ) ) 
 REPRESENTATION_ITEM ( '' )  SURFACE ( )  );
#4965 = CARTESIAN_POINT ( 'NONE',  ( -36.01588270701999051, 8.323786906808994246, -18.53978871548837759 ) ) ;
#4966 = AXIS2_PLACEMENT_3D ( 'NONE', #1223, #3019, #4327 ) ;
#4967 = ORIENTED_EDGE ( 'NONE', *, *, #3735, .T. ) ;
#4968 = CARTESIAN_POINT ( 'NONE',  ( -12.99813862620460370, 9.544956636474664080, -13.63505764738067683 ) ) ;
#4969 = FACE_OUTER_BOUND ( 'NONE', #6133, .T. ) ;
#4970 = CARTESIAN_POINT ( 'NONE',  ( -11.98766406854696420, 9.750525741803180324, -11.53501454793367742 ) ) ;
#4971 = TOROIDAL_SURFACE ( 'NONE', #4709, 6.000000000000000000, 3.000000000000000000 ) ;
#4972 = CARTESIAN_POINT ( 'NONE',  ( -1.925144000631893171, -11.00000000000000178, -10.27984773633386695 ) ) ;
#4973 = CARTESIAN_POINT ( 'NONE',  ( 36.01648823858227644, -10.99999999999999467, -17.92491404915496389 ) ) ;
#4974 = CARTESIAN_POINT ( 'NONE',  ( -19.16917618877245388, 7.593314476056322704, -16.02186755402767560 ) ) ;
#4975 = CARTESIAN_POINT ( 'NONE',  ( 12.52142881642177308, 9.857898045108406393, -12.20019884682168509 ) ) ;
#4976 = CARTESIAN_POINT ( 'NONE',  ( 37.00327183572586165, 11.00000000000000178, -21.13860390101711317 ) ) ;
#4977 = ORIENTED_EDGE ( 'NONE', *, *, #4685, .T. ) ;
#4978 = ORIENTED_EDGE ( 'NONE', *, *, #5484, .T. ) ;
#4979 = CARTESIAN_POINT ( 'NONE',  ( 2.860134804615113602, -8.432056188221469739, -1.581232701822174791 ) ) ;
#4980 = CARTESIAN_POINT ( 'NONE',  ( -19.57313730791736361, -10.99999999999971756, -14.70049253091044683 ) ) ;
#4981 = DIRECTION ( 'NONE',  ( -1.000000000000000000, 0.000000000000000000, 0.000000000000000000 ) ) ;
#4982 = DIRECTION ( 'NONE',  ( -0.7416198487095689851, 0.000000000000000000, 0.6708203932499339217 ) ) ;
#4983 = CARTESIAN_POINT ( 'NONE',  ( 31.46448972978260628, 10.93084307348950190, -12.92855943284275888 ) ) ;
#4984 = ORIENTED_EDGE ( 'NONE', *, *, #1819, .F. ) ;
#4985 = FACE_OUTER_BOUND ( 'NONE', #1208, .T. ) ;
#4986 = EDGE_CURVE ( 'NONE', #687, #5487, #4105, .T. ) ;
#4987 = CARTESIAN_POINT ( 'NONE',  ( 15.67126964095760044, -8.550967855289485442, -15.84808694475959001 ) ) ;
#4988 = CARTESIAN_POINT ( 'NONE',  ( -6.572596758538232109, 6.999999999999992006, -15.99999999999998579 ) ) ;
#4989 = CARTESIAN_POINT ( 'NONE',  ( -23.59947735082766940, -7.376672612055136469, -15.99999999999998224 ) ) ;
#4990 = AXIS2_PLACEMENT_3D ( 'NONE', #5444, #5572, #2464 ) ;
#4991 = DIRECTION ( 'NONE',  ( 0.000000000000000000, 0.000000000000000000, 1.000000000000000000 ) ) ;
#4992 = CARTESIAN_POINT ( 'NONE',  ( 7.001905090408444998, 9.545376620004944357, -2.365513330797127445 ) ) ;
#4993 = CARTESIAN_POINT ( 'NONE',  ( -9.625990346779152773, 11.00000000000014744, -4.549626131013224217 ) ) ;
#4994 = EDGE_CURVE ( 'NONE', #100, #2861, #2047, .T. ) ;
#4995 = DIRECTION ( 'NONE',  ( 0.000000000000000000, 0.000000000000000000, -1.000000000000000000 ) ) ;
#4996 = ORIENTED_EDGE ( 'NONE', *, *, #476, .F. ) ;
#4997 = TOROIDAL_SURFACE ( 'NONE', #7979, 6.000000000000000000, 3.000000000000000000 ) ;
#4998 = AXIS2_PLACEMENT_3D ( 'NONE', #2415, #695, #75 ) ;
#4999 = EDGE_CURVE ( 'NONE', #6147, #7466, #2412, .T. ) ;
#5000 = CARTESIAN_POINT ( 'NONE',  ( 2.949868953676407557, -8.886431052861681223, -14.21096347156420947 ) ) ;
#5001 = CARTESIAN_POINT ( 'NONE',  ( -3.710892944224097434, -10.97671699314297733, -3.498209571258709794 ) ) ;
#5002 = CARTESIAN_POINT ( 'NONE',  ( 35.08630366734273309, -8.637632915036142833, -17.34005002830207331 ) ) ;
#5003 = DIRECTION ( 'NONE',  ( -0.7698003589194361007, 0.6382847385043037836, 0.000000000000000000 ) ) ;
#5004 = CARTESIAN_POINT ( 'NONE',  ( -31.95404101061098601, 10.66048371380327531, -13.80433346832531782 ) ) ;
#5005 = CARTESIAN_POINT ( 'NONE',  ( 18.73144376516131970, -11.00000000000013856, -14.69569988779525893 ) ) ;
#5006 = ORIENTED_EDGE ( 'NONE', *, *, #3478, .T. ) ;
#5007 = FACE_OUTER_BOUND ( 'NONE', #5647, .T. ) ;
#5008 = CIRCLE ( 'NONE', #1480, 2.999999999999999112 ) ;
#5009 = CARTESIAN_POINT ( 'NONE',  ( -9.805415519187640427, 3.857680430177356623, -15.99999999999998579 ) ) ;
#5010 = CARTESIAN_POINT ( 'NONE',  ( -9.599321445750240045, 6.209440817463963036, 4.336808689942016750E-16 ) ) ;
#5011 = CARTESIAN_POINT ( 'NONE',  ( 36.87441007296668971, -10.99999999999999645, -15.01433850598541753 ) ) ;
#5012 = CARTESIAN_POINT ( 'NONE',  ( -18.62505926197918882, 8.010638421762260819, -15.91285881894747689 ) ) ;
#5013 = DIRECTION ( 'NONE',  ( -0.000000000000000000, 1.000000000000000000, 0.000000000000000000 ) ) ;
#5014 = DIRECTION ( 'NONE',  ( 2.312964634635743450E-16, 1.803305191373817017E-32, -1.000000000000000000 ) ) ;
#5015 = ORIENTED_EDGE ( 'NONE', *, *, #3940, .F. ) ;
#5016 = CARTESIAN_POINT ( 'NONE',  ( -15.76118489775740805, -8.036432239472000916, -16.30157346673568597 ) ) ;
#5017 = AXIS2_PLACEMENT_3D ( 'NONE', #8070, #2484, #7990 ) ;
#5018 = ORIENTED_EDGE ( 'NONE', *, *, #2698, .F. ) ;
#5019 = CARTESIAN_POINT ( 'NONE',  ( 8.004528852122223981, 7.703645076074726816, -0.02932866658749735608 ) ) ;
#5020 = CARTESIAN_POINT ( 'NONE',  ( -19.67411042418357425, -11.00000000000000178, -12.86010313636054470 ) ) ;
#5021 = CARTESIAN_POINT ( 'NONE',  ( 12.36536604358245661, 6.557067913399380110, -14.48772434342193449 ) ) ;
#5022 = CARTESIAN_POINT ( 'NONE',  ( -33.83384042988242868, -11.00000000000000355, -13.05762689711355407 ) ) ;
#5023 = CARTESIAN_POINT ( 'NONE',  ( 18.23861011733009363, 7.972986791164628606, -15.91536932596424059 ) ) ;
#5024 = CARTESIAN_POINT ( 'NONE',  ( -19.38367085700356895, 8.010656218632952630, -15.91285751233882628 ) ) ;
#5025 = B_SPLINE_CURVE_WITH_KNOTS ( 'NONE', 3,
 ( #5731, #5692, #3852, #6951, #3153, #5651, #783, #7605, #7523, #2011, #1360, #745 ),
 .UNSPECIFIED., .F., .F.,
 ( 4, 2, 2, 2, 2, 4 ),
 ( 0.000000000000000000, 0.0009661224104322036627, 0.001449183615648300507, 0.001932244820864397567, 0.002898367231296591039, 0.003864489641728784727 ),
 .UNSPECIFIED. ) ;
#5026 = AXIS2_PLACEMENT_3D ( 'NONE', #2635, #6394, #1407 ) ;
#5027 = VECTOR ( 'NONE', #112, 1000.000000000000000 ) ;
#5028 = ORIENTED_EDGE ( 'NONE', *, *, #6893, .F. ) ;
#5029 = CIRCLE ( 'NONE', #1506, 9.000000000000001776 ) ;
#5030 = CYLINDRICAL_SURFACE ( 'NONE', #25, 3.000000000000002665 ) ;
#5031 = CARTESIAN_POINT ( 'NONE',  ( 17.09956417853463506, -9.359651390599131204, -15.86592133918296810 ) ) ;
#5032 = CARTESIAN_POINT ( 'NONE',  ( -22.91270600851386163, -8.140424980968111512, -15.85071297483757036 ) ) ;
#5033 = CARTESIAN_POINT ( 'NONE',  ( -15.52482158513367949, -8.442506040475736384, -15.84696700772480682 ) ) ;
#5034 = CARTESIAN_POINT ( 'NONE',  ( 12.33246882722399462, 8.388414653741691041, -0.2227788138697976983 ) ) ;
#5035 = CARTESIAN_POINT ( 'NONE',  ( -40.49999999999996447, -11.00000000000000355, -20.00000000000000000 ) ) ;
#5036 = CARTESIAN_POINT ( 'NONE',  ( 7.041159184925441572, 8.939885459255089373, -1.820909846570523127 ) ) ;
#5037 = ADVANCED_FACE ( 'NONE', ( #2859 ), #6204, .T. ) ;
#5038 = CARTESIAN_POINT ( 'NONE',  ( -11.07589461150136678, 9.587420213624396226, -5.132409493660784250 ) ) ;
#5039 = CARTESIAN_POINT ( 'NONE',  ( -19.00000000000000000, -0.3333333333333325932, -14.00000000000000000 ) ) ;
#5040 = EDGE_LOOP ( 'NONE', ( #1982, #6886, #3029, #7351 ) ) ;
#5041 = CARTESIAN_POINT ( 'NONE',  ( 31.46722874244538914, -10.91649084774511103, -12.92276578530273490 ) ) ;
#5042 = CARTESIAN_POINT ( 'NONE',  ( 44.50000000000002842, 11.00000000000000355, -3.999999999999996447 ) ) ;
#5043 = EDGE_CURVE ( 'NONE', #4870, #282, #356, .T. ) ;
#5044 = CARTESIAN_POINT ( 'NONE',  ( -1.262005746803171791, -11.00000000000000000, -9.959753553610267929 ) ) ;
#5045 = FACE_OUTER_BOUND ( 'NONE', #2049, .T. ) ;
#5046 = CARTESIAN_POINT ( 'NONE',  ( 23.12310562561911453, -7.297322475280493492, -15.98893461286256290 ) ) ;
#5047 = VERTEX_POINT ( 'NONE', #623 ) ;
#5048 = DIRECTION ( 'NONE',  ( 0.000000000000000000, 0.000000000000000000, 1.000000000000000000 ) ) ;
#5049 = PERSON_AND_ORGANIZATION ( #5322, #1416 ) ;
#5050 = CARTESIAN_POINT ( 'NONE',  ( 21.99526872453268211, -8.485782016316106180, -15.99828331258622605 ) ) ;
#5051 = DIRECTION ( 'NONE',  ( -2.840746667971167718E-26, 1.000000000000000000, -1.279358563532893970E-13 ) ) ;
#5052 = DIRECTION ( 'NONE',  ( 1.000000000000000000, 0.000000000000000000, 0.000000000000000000 ) ) ;
#5053 = CARTESIAN_POINT ( 'NONE',  ( 19.33331297114705905, -9.502870680886625010, -16.17364970997577345 ) ) ;
#5054 = CARTESIAN_POINT ( 'NONE',  ( -40.49999999999996447, 10.99999999999998934, -20.00000000000000000 ) ) ;
#5055 = CARTESIAN_POINT ( 'NONE',  ( 10.15178362055429950, 6.221929735015498508, -15.99999999999999112 ) ) ;
#5056 = CARTESIAN_POINT ( 'NONE',  ( 12.78711836468561280, 10.99999999999999822, -10.96131077555325106 ) ) ;
#5057 = CARTESIAN_POINT ( 'NONE',  ( 32.18348246060918427, 11.00000000000026112, -13.19001088970964375 ) ) ;
#5058 = EDGE_LOOP ( 'NONE', ( #2840, #6346, #3765, #1279, #309, #975, #5196 ) ) ;
#5059 = CARTESIAN_POINT ( 'NONE',  ( -13.84108226441035328, 10.88392852247209497, -3.009987730484724455 ) ) ;
#5060 = ORIENTED_EDGE ( 'NONE', *, *, #7820, .F. ) ;
#5061 = CARTESIAN_POINT ( 'NONE',  ( -39.68674982748839852, 10.99999999999998757, -19.56138289286969822 ) ) ;
#5062 = CARTESIAN_POINT ( 'NONE',  ( -19.34612811471377469, -9.717477423434907280, -15.88380902251845406 ) ) ;
#5063 = CARTESIAN_POINT ( 'NONE',  ( 9.662658337353500215, 4.594825558620899919, -14.30200939914122849 ) ) ;
#5064 = CARTESIAN_POINT ( 'NONE',  ( -31.38300082435132410, -10.95249123819435155, -12.76528946821678367 ) ) ;
#5065 = CARTESIAN_POINT ( 'NONE',  ( 15.00347373057273082, -6.666666666666665186, -16.49999999999999289 ) ) ;
#5066 = CARTESIAN_POINT ( 'NONE',  ( -7.220283998574249296, 9.897800357332833698, -3.265009092881602015 ) ) ;
#5067 = ORIENTED_EDGE ( 'NONE', *, *, #3390, .T. ) ;
#5068 = CARTESIAN_POINT ( 'NONE',  ( 11.78178348219440430, 9.710658672021741822, -11.34307875819460421 ) ) ;
#5069 = CARTESIAN_POINT ( 'NONE',  ( 19.35136983573094938, -9.722755853710276952, -15.87579843440668448 ) ) ;
#5070 = CARTESIAN_POINT ( 'NONE',  ( -21.39193806441850043, -9.146559652554714148, -15.86036671102274909 ) ) ;
#5071 = CARTESIAN_POINT ( 'NONE',  ( 6.289107055775907007, 10.97671699314297022, -12.50179042874128044 ) ) ;
#5072 = CARTESIAN_POINT ( 'NONE',  ( 13.81370665833557787, 8.760488713725466781, -0.3987287087030196853 ) ) ;
#5073 = LINE ( 'NONE', #1351, #1498 ) ;
#5074 = CARTESIAN_POINT ( 'NONE',  ( -13.36261828994054035, 10.99999999999999289, -4.329203467890703649 ) ) ;
#5075 = CARTESIAN_POINT ( 'NONE',  ( 22.43592135468136917, -7.768376193217631176, -16.35170952655092691 ) ) ;
#5076 = ORIENTED_EDGE ( 'NONE', *, *, #6589, .F. ) ;
#5077 = CARTESIAN_POINT ( 'NONE',  ( 2.433869814755768246, -8.601505490337233439, -15.68936288136181112 ) ) ;
#5078 = CYLINDRICAL_SURFACE ( 'NONE', #4301, 4.000000000000003553 ) ;
#5079 = DIRECTION ( 'NONE',  ( 1.000000000000000000, 1.559302000878028960E-16, -0.000000000000000000 ) ) ;
#5080 = DIRECTION ( 'NONE',  ( -0.6708203932499361422, 0.000000000000000000, -0.7416198487095670977 ) ) ;
#5081 = DIRECTION ( 'NONE',  ( 0.000000000000000000, -0.000000000000000000, 1.000000000000000000 ) ) ;
#5082 = CARTESIAN_POINT ( 'NONE',  ( 22.41446503200214124, -10.99999999999999822, -12.03880837527030856 ) ) ;
#5083 = CARTESIAN_POINT ( 'NONE',  ( -12.98544929052992636, 9.639369182306227302, -13.49917318090236407 ) ) ;
#5084 = ADVANCED_FACE ( 'NONE', ( #5045 ), #4426, .F. ) ;
#5085 = CARTESIAN_POINT ( 'NONE',  ( 20.89441525397495525, -9.362003993310896277, -15.86598397290721962 ) ) ;
#5086 = CARTESIAN_POINT ( 'NONE',  ( -12.75670297339174297, 5.497409854144446051, -15.99999999999998224 ) ) ;
#5087 = CARTESIAN_POINT ( 'NONE',  ( -1.091511400614619680E-15, 6.999999999999995559, -4.000000000000000000 ) ) ;
#5088 = CARTESIAN_POINT ( 'NONE',  ( -12.57055243109632237, 7.255791592464744255, -1.447635286813311550 ) ) ;
#5089 = CARTESIAN_POINT ( 'NONE',  ( 39.06031727492158012, -10.99999999999999645, -17.86829016835694262 ) ) ;
#5090 = CARTESIAN_POINT ( 'NONE',  ( 8.806901980164374422, 4.954916852399493976, -14.33519523330017087 ) ) ;
#5091 = CIRCLE ( 'NONE', #778, 3.472135954999578722 ) ;
#5092 = CARTESIAN_POINT ( 'NONE',  ( 21.23606797749979336, 6.999999999999999112, -11.99999999999999289 ) ) ;
#5093 = CARTESIAN_POINT ( 'NONE',  ( 15.56407864531689000, -7.768376193214821868, -16.35170952655169430 ) ) ;
#5094 = VERTEX_POINT ( 'NONE', #6266 ) ;
#5095 = CARTESIAN_POINT ( 'NONE',  ( -13.93236393784182425, 9.430607603429653096, -0.8122361522268306544 ) ) ;
#5096 = ORIENTED_EDGE ( 'NONE', *, *, #7810, .T. ) ;
#5097 = DIRECTION ( 'NONE',  ( 2.344220913482171656E-16, 0.000000000000000000, 1.000000000000000000 ) ) ;
#5098 = VECTOR ( 'NONE', #756, 1000.000000000000000 ) ;
#5099 = EDGE_CURVE ( 'NONE', #7922, #3138, #3845, .T. ) ;
#5100 = CARTESIAN_POINT ( 'NONE',  ( -15.58553496799722993, -11.00000000000000000, -12.03880837527029612 ) ) ;
#5101 = DIRECTION ( 'NONE',  ( -1.224646799147353207E-16, 1.000000000000000000, -8.497694209043070260E-32 ) ) ;
#5102 = CARTESIAN_POINT ( 'NONE',  ( -23.60133980118388308, -7.373099813443701578, -15.99999999999998224 ) ) ;
#5103 = EDGE_CURVE ( 'NONE', #4031, #6530, #6352, .T. ) ;
#5104 = CARTESIAN_POINT ( 'NONE',  ( -19.00000000000000000, -5.000000000000000000, -14.00000000000000000 ) ) ;
#5105 = CARTESIAN_POINT ( 'NONE',  ( 16.76393202250021019, 7.428366505423994681, -15.97699662270799159 ) ) ;
#5106 = ORIENTED_EDGE ( 'NONE', *, *, #2983, .T. ) ;
#5107 = CARTESIAN_POINT ( 'NONE',  ( 7.811182631215133121, 10.99999999999999467, -12.08002176130174732 ) ) ;
#5108 = CARTESIAN_POINT ( 'NONE',  ( -18.65970392713265724, -9.584760408157539047, -16.00401504812630193 ) ) ;
#5109 = CARTESIAN_POINT ( 'NONE',  ( -36.99999999999999289, -11.00000000000000355, -21.99999999999998224 ) ) ;
#5110 = CARTESIAN_POINT ( 'NONE',  ( 1.881511754682350768, -11.00000000000000000, -4.157209276251037089 ) ) ;
#5111 = DIRECTION ( 'NONE',  ( 1.224646799147353207E-16, -1.000000000000000000, -8.497694209043070260E-32 ) ) ;
#5112 = CARTESIAN_POINT ( 'NONE',  ( 0.9302984864378538443, -6.376012555263419479, 8.775472322575112104E-14 ) ) ;
#5113 = CARTESIAN_POINT ( 'NONE',  ( -10.55269314590132446, 9.523461559882688832, -5.333203461529739897 ) ) ;
#5114 = CARTESIAN_POINT ( 'NONE',  ( 6.032676356933754924, 10.61580850379948870, -13.73072832422903033 ) ) ;
#5115 = ORIENTED_EDGE ( 'NONE', *, *, #6336, .F. ) ;
#5116 = CARTESIAN_POINT ( 'NONE',  ( -36.84087575760803190, 8.087038008400961431, -20.54413335893566028 ) ) ;
#5117 = CARTESIAN_POINT ( 'NONE',  ( 18.83082381122754612, 7.593314476056569617, -16.02186755402734875 ) ) ;
#5118 = TOROIDAL_SURFACE ( 'NONE', #148, 5.196152422706634688, 1.000000000000000000 ) ;
#5119 = CARTESIAN_POINT ( 'NONE',  ( 2.521428816421776631, -9.857898045108409946, -3.799801153178310020 ) ) ;
#5120 = DIRECTION ( 'NONE',  ( 0.000000000000000000, 1.000000000000000000, -0.000000000000000000 ) ) ;
#5121 = DIRECTION ( 'NONE',  ( -0.6382847385043038946, -0.7698003589194359897, 0.000000000000000000 ) ) ;
#5122 = CARTESIAN_POINT ( 'NONE',  ( -36.74341185166076684, 8.118014909632421450, -20.16971848401301415 ) ) ;
#5123 = CARTESIAN_POINT ( 'NONE',  ( 19.19533908072586570, -10.99999999999999822, -12.93896593618476487 ) ) ;
#5124 = CARTESIAN_POINT ( 'NONE',  ( -24.19615242270663913, -5.000000000000000000, -16.99999999999998224 ) ) ;
#5125 = VECTOR ( 'NONE', #349, 1000.000000000000000 ) ;
#5126 = PERSON_AND_ORGANIZATION ( #5322, #1416 ) ;
#5127 = CARTESIAN_POINT ( 'NONE',  ( 22.39026328903573670, -7.837346873368474576, -16.33581264985591019 ) ) ;
#5128 = CARTESIAN_POINT ( 'NONE',  ( -10.42805598045825732, 3.883116238032838119, -15.99999999999998579 ) ) ;
#5129 = LINE ( 'NONE', #7614, #436 ) ;
#5130 = CARTESIAN_POINT ( 'NONE',  ( 22.01447302898054659, -8.285093857634773684, -16.26923511594224081 ) ) ;
#5131 = CARTESIAN_POINT ( 'NONE',  ( 38.77703913106891775, -10.99999999999999645, -17.33930648609109682 ) ) ;
#5132 = CARTESIAN_POINT ( 'NONE',  ( 7.621372418305705665, 4.997204330571810793, -15.99999999999998934 ) ) ;
#5133 = AXIS2_PLACEMENT_3D ( 'NONE', #1524, #6515, #907 ) ;
#5134 = CARTESIAN_POINT ( 'NONE',  ( -14.20416847668726845, -7.000000000000000888, -15.99999999999998224 ) ) ;
#5135 = CARTESIAN_POINT ( 'NONE',  ( 34.61093870859708943, 8.849942910411570551, -16.86571229462723309 ) ) ;
#5136 = EDGE_CURVE ( 'NONE', #3785, #4312, #5611, .T. ) ;
#5137 = ORIENTED_EDGE ( 'NONE', *, *, #894, .F. ) ;
#5138 = CARTESIAN_POINT ( 'NONE',  ( -13.96413198893650964, 10.60696001493792195, -2.265678889110918970 ) ) ;
#5139 = ORIENTED_EDGE ( 'NONE', *, *, #5740, .T. ) ;
#5140 = CIRCLE ( 'NONE', #4088, 1.000000000000000222 ) ;
#5141 = DIRECTION ( 'NONE',  ( 1.000000000000000000, 7.796510004390144799E-17, 6.505213034912968426E-16 ) ) ;
#5142 = CARTESIAN_POINT ( 'NONE',  ( -18.62896681733386117, -11.00000000000000178, -12.91841411515677152 ) ) ;
#5143 = CARTESIAN_POINT ( 'NONE',  ( -16.23614600803715291, -1.666666666666666519, -16.49999999999998579 ) ) ;
#5144 = CARTESIAN_POINT ( 'NONE',  ( -12.48895093300382264, 6.931324937931696795, -1.476845523097871427 ) ) ;
#5145 = CARTESIAN_POINT ( 'NONE',  ( -6.341073386741154394, 8.028507119645098555, -0.1258307711214610991 ) ) ;
#5146 = CIRCLE ( 'NONE', #6314, 1.000000000000000888 ) ;
#5147 = EDGE_CURVE ( 'NONE', #2642, #4959, #3978, .T. ) ;
#5148 = ORIENTED_EDGE ( 'NONE', *, *, #5893, .T. ) ;
#5149 = CARTESIAN_POINT ( 'NONE',  ( 7.349781241738478244, 10.99999999999999645, -10.82726846818881761 ) ) ;
#5150 = AXIS2_PLACEMENT_3D ( 'NONE', #455, #2956, #7329 ) ;
#5151 = CARTESIAN_POINT ( 'NONE',  ( 17.13661001875017220, 6.936396715132942425, -16.45612676359921167 ) ) ;
#5152 = CIRCLE ( 'NONE', #3327, 3.000000000000002665 ) ;
#5153 = CARTESIAN_POINT ( 'NONE',  ( -16.92319623581304455, -8.980160721119130329, -16.20741777332478151 ) ) ;
#5154 = DIRECTION ( 'NONE',  ( -1.000000000000000000, -8.346192215206428764E-16, 0.000000000000000000 ) ) ;
#5155 = CARTESIAN_POINT ( 'NONE',  ( 2.375711309948258521, -11.00000000000000000, -5.409026469209926802 ) ) ;
#5156 = CARTESIAN_POINT ( 'NONE',  ( 2.934388085977584382, -8.798058111298033168, -1.740320281181336082 ) ) ;
#5157 = TOROIDAL_SURFACE ( 'NONE', #1884, 4.472135954999578722, 1.000000000000000000 ) ;
#5158 = CARTESIAN_POINT ( 'NONE',  ( 2.570552431096321477, -7.255791592464749584, -1.447635286813311550 ) ) ;
#5159 = MANIFOLD_SOLID_BREP ( 'Fillet-1.0', #5502 ) ;
#5160 = DIRECTION ( 'NONE',  ( 0.000000000000000000, 1.000000000000000000, 0.000000000000000000 ) ) ;
#5161 = CARTESIAN_POINT ( 'NONE',  ( 6.572596758538231221, 6.999999999999995559, -15.99999999999998934 ) ) ;
#5162 = VERTEX_POINT ( 'NONE', #1193 ) ;
#5163 = CARTESIAN_POINT ( 'NONE',  ( -36.99999999999999289, 10.99999999999998934, -21.94987437106618344 ) ) ;
#5164 = CARTESIAN_POINT ( 'NONE',  ( 6.572596758538236550, 6.999999999999996447, 0.000000000000000000 ) ) ;
#5165 = CARTESIAN_POINT ( 'NONE',  ( 37.71334779439668949, 11.00000000000001066, -15.87178773356239248 ) ) ;
#5166 = CARTESIAN_POINT ( 'NONE',  ( -39.99999999999998579, 7.999999999999989342, -33.49999999999999289 ) ) ;
#5167 = CARTESIAN_POINT ( 'NONE',  ( -21.23606797749981823, 7.578940846527619790, -15.95788169305523141 ) ) ;
#5168 = CARTESIAN_POINT ( 'NONE',  ( -0.4046909004375356944, -3.879734587090514442, -15.99999999999998579 ) ) ;
#5169 = CARTESIAN_POINT ( 'NONE',  ( 17.55288968394275173, -9.504696931857573361, -15.88839800382543110 ) ) ;
#5170 = CARTESIAN_POINT ( 'NONE',  ( 11.78397068583948837, 5.521239923940222560, -1.611382369096053813 ) ) ;
#5171 = PERSON_AND_ORGANIZATION ( #5322, #1416 ) ;
#5172 = CARTESIAN_POINT ( 'NONE',  ( -9.389794091552754907, 4.663208515303894686, -14.30826072432341078 ) ) ;
#5173 = CARTESIAN_POINT ( 'NONE',  ( 40.50000000000002132, 7.000000000000002665, -33.49999999999999289 ) ) ;
#5174 = CARTESIAN_POINT ( 'NONE',  ( -9.835057062645645942, 4.573494545452216897, -1.699928963996871323 ) ) ;
#5175 = CARTESIAN_POINT ( 'NONE',  ( 34.91937113490828892, -10.99999999999999645, -13.59735145039870652 ) ) ;
#5176 = CARTESIAN_POINT ( 'NONE',  ( 7.429447568903673194, 7.255791592464743367, -14.55236471318668023 ) ) ;
#5177 = CARTESIAN_POINT ( 'NONE',  ( 6.637516270862237278, 10.99999999999999645, -11.67053548578813249 ) ) ;
#5178 = CARTESIAN_POINT ( 'NONE',  ( 31.28710191654639061, 11.00000000000000000, -12.09570111758961453 ) ) ;
#5179 = ORIENTED_EDGE ( 'NONE', *, *, #6201, .F. ) ;
#5180 = CARTESIAN_POINT ( 'NONE',  ( -13.99774315864444851, 10.02008911957832282, -1.363572405286853639 ) ) ;
#5181 = EDGE_LOOP ( 'NONE', ( #7390, #3928, #1155, #7716 ) ) ;
#5182 = CARTESIAN_POINT ( 'NONE',  ( 2.780132122142769724, -9.897800164784984034, -3.264074395241128190 ) ) ;
#5183 = CARTESIAN_POINT ( 'NONE',  ( -6.987398853369856333, 10.44140529281898644, -14.04331655243714749 ) ) ;
#5184 = CARTESIAN_POINT ( 'NONE',  ( 7.816719283822681774, 6.165233141204137013, -14.45028323504895695 ) ) ;
#5185 = CARTESIAN_POINT ( 'NONE',  ( -6.154145402511685958, 10.87885856269629237, -13.01052824056564461 ) ) ;
#5186 = CARTESIAN_POINT ( 'NONE',  ( -7.385853043162329712, 7.429133625572005961, -1.432030105125466246 ) ) ;
#5187 = ADVANCED_FACE ( 'NONE', ( #6191 ), #2628, .T. ) ;
#5188 = VERTEX_POINT ( 'NONE', #7442 ) ;
#5189 = CARTESIAN_POINT ( 'NONE',  ( 9.866832487034296051, 9.499872836156139755, -10.59770912132485599 ) ) ;
#5190 = EDGE_CURVE ( 'NONE', #7150, #4688, #7185, .T. ) ;
#5191 = CARTESIAN_POINT ( 'NONE',  ( -18.30121488102907179, -9.686576753647855753, -15.87479491328421410 ) ) ;
#5192 = CARTESIAN_POINT ( 'NONE',  ( 31.00000000000001421, -6.999999999999996447, -22.00000000000000000 ) ) ;
#5193 = CARTESIAN_POINT ( 'NONE',  ( -0.4762392828234072728, -10.99999999999983835, -4.554932627937490430 ) ) ;
#5194 = CARTESIAN_POINT ( 'NONE',  ( 2.876569927359125423, -8.506687552930477736, -1.608623461262955967 ) ) ;
#5195 = CARTESIAN_POINT ( 'NONE',  ( -1.565840839712643318, -5.271927907134997149, -1.635048478080779022 ) ) ;
#5196 = ORIENTED_EDGE ( 'NONE', *, *, #5517, .T. ) ;
#5197 = CARTESIAN_POINT ( 'NONE',  ( -0.3373416626202382917, -4.594825558616194350, -1.697990600859194954 ) ) ;
#5198 = CARTESIAN_POINT ( 'NONE',  ( 6.341073386741150841, 8.028507119645329482, -15.87416922887848614 ) ) ;
#5199 = ORIENTED_EDGE ( 'NONE', *, *, #2646, .T. ) ;
#5200 = CARTESIAN_POINT ( 'NONE',  ( -36.88768468665448808, 10.99999999999998934, -20.32060012734550369 ) ) ;
#5201 = CARTESIAN_POINT ( 'NONE',  ( 20.35735164807741171, 7.403926314654767360, -16.02233453807005148 ) ) ;
#5202 = CARTESIAN_POINT ( 'NONE',  ( -12.00073455371719433, 9.752880948750702217, -4.463208075921801132 ) ) ;
#5203 = EDGE_CURVE ( 'NONE', #3492, #1206, #7880, .T. ) ;
#5204 = CARTESIAN_POINT ( 'NONE',  ( 0.08879179705844028603, -11.00000000000000000, -11.46419951282851279 ) ) ;
#5205 = CARTESIAN_POINT ( 'NONE',  ( -0.7581652765218442891, -4.717347537006687297, -14.31321820323279859 ) ) ;
#5206 = CARTESIAN_POINT ( 'NONE',  ( 17.14010517041811354, -10.99999999999999822, -12.45309146245323539 ) ) ;
#5207 = CARTESIAN_POINT ( 'NONE',  ( 11.93092270492133444, 4.564657266779989619, 0.000000000000000000 ) ) ;
#5208 = CALENDAR_DATE ( 2026, 12, 9 ) ;
#5209 = DIRECTION ( 'NONE',  ( 0.000000000000000000, 0.000000000000000000, -1.000000000000000000 ) ) ;
#5210 = CARTESIAN_POINT ( 'NONE',  ( -3.003395594826946180, -9.397488610035232171, -2.191199039874515364 ) ) ;
#5211 = CARTESIAN_POINT ( 'NONE',  ( 6.288602034368845572, 10.97660772837096665, -3.496708783065530124 ) ) ;
#5212 = CARTESIAN_POINT ( 'NONE',  ( -11.18136344869780885, 4.946870286864893274, -1.665553770214692308 ) ) ;
#5213 = CARTESIAN_POINT ( 'NONE',  ( 9.224869899079175539, 4.724486548510406614, -14.31387438907930942 ) ) ;
#5214 = DIRECTION ( 'NONE',  ( -1.000000000000000000, -7.796510004390144799E-17, 0.000000000000000000 ) ) ;
#5215 = CARTESIAN_POINT ( 'NONE',  ( 38.77703913106682876, 11.00000000000000355, -17.33930648609215197 ) ) ;
#5216 = VERTEX_POINT ( 'NONE', #5246 ) ;
#5217 = CARTESIAN_POINT ( 'NONE',  ( 15.67561797792512479, -8.555422518410832566, -15.84833722620321694 ) ) ;
#5218 = EDGE_LOOP ( 'NONE', ( #6847, #4629, #6006, #3422, #3565 ) ) ;
#5219 = CARTESIAN_POINT ( 'NONE',  ( 7.119188300915735290, 9.849674462653712936, -2.981010831970336561 ) ) ;
#5220 = FACE_OUTER_BOUND ( 'NONE', #4686, .T. ) ;
#5221 = CARTESIAN_POINT ( 'NONE',  ( 9.832602741797673573, 4.572714414313860054, -14.30000000000021032 ) ) ;
#5222 = CARTESIAN_POINT ( 'NONE',  ( -1.342511807471026053, -9.629600423015837407, -11.00836450175028070 ) ) ;
#5223 = CARTESIAN_POINT ( 'NONE',  ( 18.57290992329578927, 7.970044295656371958, -15.92322890536453173 ) ) ;
#5224 =( BOUNDED_SURFACE ( )  B_SPLINE_SURFACE ( 3, 2, ( 
 ( #7771, #874, #252 ),
 ( #5325, #1560, #2753 ),
 ( #989, #5252, #6517 ),
 ( #2258, #4762, #2142 ),
 ( #4059, #7125, #909 ),
 ( #7246, #1028, #3526 ),
 ( #2105, #4602, #1489 ),
 ( #3986, #1526, #4023 ),
 ( #7454, #4273, #1776 ),
 ( #2440, #1256, #1860 ),
 ( #7984, #6725, #422 ),
 ( #6080, #2964, #4900 ),
 ( #7900, #2394, #8066 ),
 ( #3621, #5456, #4854 ),
 ( #7380, #7298, #1696 ),
 ( #5546, #464, #6157 ),
 ( #6764, #2479, #4194 ),
 ( #2314, #1165, #6120 ),
 ( #5498, #4938, #3664 ),
 ( #7937, #8028, #506 ),
 ( #2350, #551, #4355 ),
 ( #7416, #3050, #1815 ),
 ( #4313, #6682, #6803 ),
 ( #1207, #6848, #3005 ),
 ( #7339, #6035, #1735 ),
 ( #3706, #6207, #597 ),
 ( #1084, #3585, #4237 ),
 ( #1125, #3091, #5588 ) ),
 .UNSPECIFIED., .F., .F., .F. ) 
 B_SPLINE_SURFACE_WITH_KNOTS ( ( 4, 2, 2, 2, 2, 2, 2, 2, 2, 2, 2, 2, 2, 4 ),
 ( 3, 3 ),
 ( 0.000000000000000000, 0.001095457394396783662, 0.001643186091595175494, 0.002190914788793567325, 0.002738643485991959156, 0.003286372183190350987, 0.003834100880388742819, 0.004381829577587134650, 0.004929558274785526481, 0.005477286971983918312, 0.006572744366380701975, 0.007120473063579093806, 0.007668201760777485637, 0.008763659155174269300 ),
 ( 0.000000000000000000, 1.000000000000000000 ),
 .UNSPECIFIED. ) 
 GEOMETRIC_REPRESENTATION_ITEM ( )  RATIONAL_B_SPLINE_SURFACE ( (
 ( 1.000000000000000000, 0.6656562785873432198, 1.000000000000000000),
 ( 1.000000000000000000, 0.6550760414894035710, 1.000000000000000000),
 ( 1.000000000000000000, 0.6427889427063160355, 1.000000000000000000),
 ( 1.000000000000000000, 0.6208536408330818102, 1.000000000000000000),
 ( 1.000000000000000000, 0.6128907600700823632, 1.000000000000000000),
 ( 1.000000000000000000, 0.5961538118317069035, 1.000000000000000000),
 ( 1.000000000000000000, 0.5873732688288479942, 1.000000000000000000),
 ( 1.000000000000000000, 0.5693583750284414435, 1.000000000000000000),
 ( 1.000000000000000000, 0.5601154911476601272, 1.000000000000000000),
 ( 1.000000000000000000, 0.5420257524159525220, 1.000000000000000000),
 ( 1.000000000000000000, 0.5332219573127862100, 1.000000000000000000),
 ( 1.000000000000000000, 0.5180476398732799526, 1.000000000000000000),
 ( 1.000000000000000000, 0.5116161173713326127, 1.000000000000000000),
 ( 1.000000000000000000, 0.5026113378298934231, 1.000000000000000000),
 ( 1.000000000000000000, 0.5000662054135508461, 1.000000000000000000),
 ( 1.000000000000000000, 0.4999364184421343227, 1.000000000000000000),
 ( 1.000000000000000000, 0.5023223402179406438, 1.000000000000000000),
 ( 1.000000000000000000, 0.5111177563191937612, 1.000000000000000000),
 ( 1.000000000000000000, 0.5175023365128540442, 1.000000000000000000),
 ( 1.000000000000000000, 0.5403954521954770218, 1.000000000000000000),
 ( 1.000000000000000000, 0.5596694225562146574, 1.000000000000000000),
 ( 1.000000000000000000, 0.5870015821253613542, 1.000000000000000000),
 ( 1.000000000000000000, 0.5959323751922888102, 1.000000000000000000),
 ( 1.000000000000000000, 0.6126440163368164216, 1.000000000000000000),
 ( 1.000000000000000000, 0.6204944687056824781, 1.000000000000000000),
 ( 1.000000000000000000, 0.6424881116793801361, 1.000000000000000000),
 ( 1.000000000000000000, 0.6551347067706240201, 1.000000000000000000),
 ( 1.000000000000000000, 0.6656562785873424426, 1.000000000000000000) ) ) 
 REPRESENTATION_ITEM ( '' )  SURFACE ( )  );
#5225 = EDGE_LOOP ( 'NONE', ( #3907, #2730, #7633, #2334 ) ) ;
#5226 = CIRCLE ( 'NONE', #7558, 5.999999999999998224 ) ;
#5227 = CARTESIAN_POINT ( 'NONE',  ( 10.37683426229726180, 10.99999999999999645, -9.747843143440436009 ) ) ;
#5228 = ADVANCED_FACE ( 'NONE', ( #6472 ), #1522, .F. ) ;
#5229 = CARTESIAN_POINT ( 'NONE',  ( -17.22026804143743917, -9.127087492914142786, -16.19708658190193518 ) ) ;
#5230 = CARTESIAN_POINT ( 'NONE',  ( 44.50000000000003553, 11.00000000000000355, -12.00000000000000355 ) ) ;
#5231 = ADVANCED_FACE ( 'NONE', ( #4639 ), #2453, .T. ) ;
#5232 = AXIS2_PLACEMENT_3D ( 'NONE', #836, #3337, #954 ) ;
#5233 = CARTESIAN_POINT ( 'NONE',  ( 0.7037001363949357824, -11.00000000000000178, -4.552968658180760464 ) ) ;
#5234 = CARTESIAN_POINT ( 'NONE',  ( 2.932619801154422223, -9.787624904361923228, -2.791010263154654059 ) ) ;
#5235 = CARTESIAN_POINT ( 'NONE',  ( -1.033506801028957200, -4.042619214253377002, 0.000000000000000000 ) ) ;
#5236 = EDGE_LOOP ( 'NONE', ( #5241, #1859, #6576, #5277 ) ) ;
#5237 = EDGE_CURVE ( 'NONE', #3309, #1164, #443, .T. ) ;
#5238 = EDGE_CURVE ( 'NONE', #4853, #7539, #1825, .T. ) ;
#5239 = CARTESIAN_POINT ( 'NONE',  ( -6.467682416965884862, 10.99999999999999289, -4.000000000000002665 ) ) ;
#5240 = CARTESIAN_POINT ( 'NONE',  ( 6.374255764389377354, 10.99999999999999645, -12.24165394917306671 ) ) ;
#5241 = ORIENTED_EDGE ( 'NONE', *, *, #420, .F. ) ;
#5242 = CARTESIAN_POINT ( 'NONE',  ( -37.09388451423282618, 10.99999999999999289, -15.21924572703094469 ) ) ;
#5243 = CARTESIAN_POINT ( 'NONE',  ( 9.805415519192305140, 3.857680429957168755, -0.000000000000000000 ) ) ;
#5244 = CARTESIAN_POINT ( 'NONE',  ( 0.1668894030843141585, -4.572714414311437103, -1.700000000000000622 ) ) ;
#5245 = CARTESIAN_POINT ( 'NONE',  ( -0.6854176767128427050, -9.536631584338204348, -10.70609656869636694 ) ) ;
#5246 = CARTESIAN_POINT ( 'NONE',  ( -12.64923818727557858, 9.886196562445492830, -12.45521375021798960 ) ) ;
#5247 = EDGE_CURVE ( 'NONE', #6884, #4688, #5029, .T. ) ;
#5248 = CARTESIAN_POINT ( 'NONE',  ( 12.75670297339173587, 5.497409854144367003, 0.000000000000000000 ) ) ;
#5249 = AXIS2_PLACEMENT_3D ( 'NONE', #6285, #683, #5672 ) ;
#5250 = CARTESIAN_POINT ( 'NONE',  ( 14.00432740540290055, 10.18832505840801517, -1.569705971044065063 ) ) ;
#5251 = CARTESIAN_POINT ( 'NONE',  ( -7.925966045627470535, 4.688022451445839955, -15.99999999999998579 ) ) ;
#5252 = CARTESIAN_POINT ( 'NONE',  ( 7.806720050393853860, 10.99999999999999645, -3.915690196392195954 ) ) ;
#5253 = FACE_OUTER_BOUND ( 'NONE', #479, .T. ) ;
#5254 = CARTESIAN_POINT ( 'NONE',  ( 12.93261980115442533, 9.787624904361923228, -13.20898973684534106 ) ) ;
#5255 = CARTESIAN_POINT ( 'NONE',  ( 11.04398220306027589, 4.859048391637057485, -14.32629730535685653 ) ) ;
#5256 = CARTESIAN_POINT ( 'NONE',  ( -20.86345806326322716, 10.99999999999999289, -12.00000000758002372 ) ) ;
#5257 = AXIS2_PLACEMENT_3D ( 'NONE', #6259, #7518, #6224 ) ;
#5258 = CARTESIAN_POINT ( 'NONE',  ( 1.930922702884641184, -4.564657268953057567, -15.99999999999998579 ) ) ;
#5259 = EDGE_LOOP ( 'NONE', ( #933, #5305, #4184, #4797 ) ) ;
#5260 = CARTESIAN_POINT ( 'NONE',  ( 19.18375951319048056, -9.722895117134417120, -15.87580228018845396 ) ) ;
#5261 = VERTEX_POINT ( 'NONE', #3641 ) ;
#5262 = AXIS2_PLACEMENT_3D ( 'NONE', #2229, #5721, #306 ) ;
#5263 = CARTESIAN_POINT ( 'NONE',  ( -6.006606098887965040, 10.41307740450305275, -14.09026633052723021 ) ) ;
#5264 = CARTESIAN_POINT ( 'NONE',  ( -6.845586743966167731, 10.99999999999999289, -11.37042031375976592 ) ) ;
#5265 = CARTESIAN_POINT ( 'NONE',  ( -6.288602034368850013, 10.97660772837096488, -12.50329121693446055 ) ) ;
#5266 = CARTESIAN_POINT ( 'NONE',  ( -19.00000000000000000, -1.000000000000000000, -14.00000000000000000 ) ) ;
#5267 = CARTESIAN_POINT ( 'NONE',  ( 11.39197627067083118, 4.205172090025129705, -15.99999999999998934 ) ) ;
#5268 = CIRCLE ( 'NONE', #6309, 0.9999999999999997780 ) ;
#5269 = VERTEX_POINT ( 'NONE', #6138 ) ;
#5270 = CARTESIAN_POINT ( 'NONE',  ( 37.00000000000001421, 11.00000000000000178, -33.49999999999999289 ) ) ;
#5271 = CARTESIAN_POINT ( 'NONE',  ( 10.00000000000000000, 4.572714414311429998, -1.699999999999999956 ) ) ;
#5272 = DIRECTION ( 'NONE',  ( 0.2860511657490354409, 0.9582143447964124316, 0.000000000000000000 ) ) ;
#5273 = CIRCLE ( 'NONE', #296, 2.999999999999999112 ) ;
#5274 = CARTESIAN_POINT ( 'NONE',  ( -0.3603134415655676048, -11.00000000000000000, -6.253944205742321572 ) ) ;
#5275 =( BOUNDED_SURFACE ( )  B_SPLINE_SURFACE ( 3, 2, ( 
 ( #7437, #530, #5522 ),
 ( #2419, #4920, #5240 ),
 ( #3321, #3970, #7031 ),
 ( #3363, #4632, #115 ),
 ( #202, #2167, #740 ),
 ( #3273, #2621, #5114 ),
 ( #1433, #6344, #3847 ),
 ( #7152, #3927, #5859 ),
 ( #4669, #3886, #776 ),
 ( #6466, #6421, #238 ),
 ( #2006, #818, #899 ),
 ( #5820, #7599, #4509 ),
 ( #2743, #6381, #7719 ),
 ( #2704, #281, #6990 ),
 ( #5769, #7070, #5198 ),
 ( #2129, #157, #7116 ),
 ( #2664, #1516, #4013 ),
 ( #6506, #5894, #5161 ) ),
 .UNSPECIFIED., .F., .F., .F. ) 
 B_SPLINE_SURFACE_WITH_KNOTS ( ( 4, 2, 2, 2, 2, 2, 2, 2, 4 ),
 ( 3, 3 ),
 ( 2.168404344971008868E-19, 0.0006038682219790145146, 0.001207736443958028812, 0.001811604665937043002, 0.002415472887916057191, 0.003019341109895071380, 0.003623209331874086003, 0.004227077553853099759, 0.004830945775832114382 ),
 ( 0.000000000000000000, 1.000000000000000000 ),
 .UNSPECIFIED. ) 
 GEOMETRIC_REPRESENTATION_ITEM ( )  RATIONAL_B_SPLINE_SURFACE ( (
 ( 1.000000000000000000, 0.6656562785873428867, 1.000000000000000000),
 ( 1.000000000000000000, 0.6817983102550719821, 1.000000000000000000),
 ( 1.000000000000000000, 0.6937921906952356776, 1.000000000000000000),
 ( 1.000000000000000000, 0.7105815231711868352, 1.000000000000000000),
 ( 1.000000000000000000, 0.7153270101951297866, 1.000000000000000000),
 ( 1.000000000000000000, 0.7180582319453202578, 1.000000000000000000),
 ( 1.000000000000000000, 0.7161857340857584742, 1.000000000000000000),
 ( 1.000000000000000000, 0.7069299810652156513, 1.000000000000000000),
 ( 1.000000000000000000, 0.6997348465267967388, 1.000000000000000000),
 ( 1.000000000000000000, 0.6813369999924405729, 1.000000000000000000),
 ( 1.000000000000000000, 0.6700919233058875157, 1.000000000000000000),
 ( 1.000000000000000000, 0.6452874814963676098, 1.000000000000000000),
 ( 1.000000000000000000, 0.6314685608696066765, 1.000000000000000000),
 ( 1.000000000000000000, 0.6025085259685805106, 1.000000000000000000),
 ( 1.000000000000000000, 0.5874427832452443488, 1.000000000000000000),
 ( 1.000000000000000000, 0.5566410607592547910, 1.000000000000000000),
 ( 1.000000000000000000, 0.5408537888233345692, 1.000000000000000000),
 ( 1.000000000000000000, 0.5255305477261482672, 1.000000000000000000) ) ) 
 REPRESENTATION_ITEM ( '' )  SURFACE ( )  );
#5276 = DIRECTION ( 'NONE',  ( -1.000000000000000000, 1.836162287345414249E-15, 0.000000000000000000 ) ) ;
#5277 = ORIENTED_EDGE ( 'NONE', *, *, #7331, .F. ) ;
#5278 = DIRECTION ( 'NONE',  ( 0.000000000000000000, 0.000000000000000000, -1.000000000000000000 ) ) ;
#5279 = AXIS2_PLACEMENT_3D ( 'NONE', #6613, #1008, #2238 ) ;
#5280 = CARTESIAN_POINT ( 'NONE',  ( -13.15441325538738759, 10.99999999999999467, -4.629579685754176666 ) ) ;
#5281 = ORIENTED_EDGE ( 'NONE', *, *, #6090, .T. ) ;
#5282 = CARTESIAN_POINT ( 'NONE',  ( -39.99999999890357572, 10.99999999999998934, -21.34214454091212687 ) ) ;
#5283 = CARTESIAN_POINT ( 'NONE',  ( 7.243751682653623014, 5.473445835946213478, 0.000000000000000000 ) ) ;
#5284 = DIRECTION ( 'NONE',  ( 0.000000000000000000, 0.000000000000000000, -1.000000000000000000 ) ) ;
#5285 = CIRCLE ( 'NONE', #6579, 5.196152422706634688 ) ;
#5286 = CARTESIAN_POINT ( 'NONE',  ( -0.3768342622972490896, -11.00000000000000000, -9.747843143440436009 ) ) ;
#5287 = CARTESIAN_POINT ( 'NONE',  ( 2.378627581694159776, -4.997204330571811681, -15.99999999999998579 ) ) ;
#5288 = CARTESIAN_POINT ( 'NONE',  ( -6.572596758538236550, 6.999999999999994671, 0.000000000000000000 ) ) ;
#5289 = CARTESIAN_POINT ( 'NONE',  ( -24.49999999999996803, -11.00000000000000355, -20.00000000000000000 ) ) ;
#5290 = CARTESIAN_POINT ( 'NONE',  ( -3.893359184410942753, -10.81167026488133232, -2.758766154080233068 ) ) ;
#5291 = CARTESIAN_POINT ( 'NONE',  ( 6.154145402511681517, 10.87885856269629414, -2.989471759434347842 ) ) ;
#5292 = ADVANCED_FACE ( 'NONE', ( #527 ), #5519, .T. ) ;
#5293 = CARTESIAN_POINT ( 'NONE',  ( -2.616970550102331483, -9.008981176971751381, -15.47766674214611093 ) ) ;
#5294 = CARTESIAN_POINT ( 'NONE',  ( -7.349603864651981233, 7.573268847290463235, -1.419054273945351774 ) ) ;
#5295 = CARTESIAN_POINT ( 'NONE',  ( -18.16631960539677593, 10.99999999999999289, -15.20386787209755752 ) ) ;
#5296 = CARTESIAN_POINT ( 'NONE',  ( -1.010887035438571058, -4.033979491316434185, -15.99999999999998579 ) ) ;
#5297 = EDGE_LOOP ( 'NONE', ( #439, #4074, #1065 ) ) ;
#5298 = CARTESIAN_POINT ( 'NONE',  ( -16.36351468057383585, -8.615960518344698116, -16.23649457078676051 ) ) ;
#5299 = VERTEX_POINT ( 'NONE', #7196 ) ;
#5300 = CARTESIAN_POINT ( 'NONE',  ( -22.40619224778291141, -11.00000000000000178, -12.03973309929672197 ) ) ;
#5301 = CARTESIAN_POINT ( 'NONE',  ( -7.350761812724421418, 9.886196562445492830, -12.45521375021799138 ) ) ;
#5302 = DIRECTION ( 'NONE',  ( 9.479186445030908528E-28, 1.000000000000000000, -2.276824562219557103E-14 ) ) ;
#5303 = CARTESIAN_POINT ( 'NONE',  ( -7.634996636760988942, 9.825768878080957336, -11.96631886528625088 ) ) ;
#5304 = CARTESIAN_POINT ( 'NONE',  ( 11.91488369579699125, 4.551758125465765303, -15.99999999999998934 ) ) ;
#5305 = ORIENTED_EDGE ( 'NONE', *, *, #3680, .T. ) ;
#5306 = CARTESIAN_POINT ( 'NONE',  ( 12.96212878924319334, 9.709344177154912714, -13.36595672064378704 ) ) ;
#5307 = CARTESIAN_POINT ( 'NONE',  ( -33.46691186446592781, -11.00000000000000533, -14.53597892437064765 ) ) ;
#5308 = CARTESIAN_POINT ( 'NONE',  ( -15.60973671096425619, -7.837346873368481681, -16.33581264985589954 ) ) ;
#5309 = DIRECTION ( 'NONE',  ( 0.8888540269160438712, 0.000000000000000000, 0.4581904831346159113 ) ) ;
#5310 = CARTESIAN_POINT ( 'NONE',  ( 18.32526856170498419, -10.99999999999999645, -12.85994353376537980 ) ) ;
#5311 = DIRECTION ( 'NONE',  ( -1.000000000000000000, -1.559302000878028960E-16, 2.344220913482171656E-16 ) ) ;
#5312 = EDGE_LOOP ( 'NONE', ( #3213, #6582, #1724, #1244 ) ) ;
#5313 = DIRECTION ( 'NONE',  ( 1.000000000000000000, 7.796510004390144799E-17, -2.344220913482171656E-16 ) ) ;
#5314 = CARTESIAN_POINT ( 'NONE',  ( 15.40814220816804081, -7.902982255183508720, -15.96353641969054316 ) ) ;
#5315 = ORIENTED_EDGE ( 'NONE', *, *, #5517, .F. ) ;
#5316 = CARTESIAN_POINT ( 'NONE',  ( -30.99999999999999289, 10.99999999999999289, -11.99999999999998224 ) ) ;
#5317 = CARTESIAN_POINT ( 'NONE',  ( -17.15649909626044689, -9.392486428734079240, -15.86672748505352537 ) ) ;
#5318 = CARTESIAN_POINT ( 'NONE',  ( 0.6988078989393098350, -9.538043129954713706, -10.71036495419753720 ) ) ;
#5319 = CARTESIAN_POINT ( 'NONE',  ( 1.448192028009899213, -5.158172566434005013, -14.35422745245529619 ) ) ;
#5320 = LINE ( 'NONE', #985, #1234 ) ;
#5321 = EDGE_CURVE ( 'NONE', #1995, #2007, #6326, .T. ) ;
#5322 = PERSON ( 'UNSPECIFIED', 'UNSPECIFIED', 'UNSPECIFIED', ('UNSPECIFIED'), ('UNSPECIFIED'), ('UNSPECIFIED') ) ;
#5323 = CARTESIAN_POINT ( 'NONE',  ( 22.43322421119880872, -7.772739659336265206, -16.35051356982132020 ) ) ;
#5324 = CARTESIAN_POINT ( 'NONE',  ( -7.429447568903672305, 7.255791592464742479, -14.55236471318667846 ) ) ;
#5325 = CARTESIAN_POINT ( 'NONE',  ( 7.478037811707926252, 9.858016140883259837, -3.798736929143240459 ) ) ;
#5326 = CARTESIAN_POINT ( 'NONE',  ( -3.003327112463387571, -9.394221879106520845, -13.81217922665106990 ) ) ;
#5327 = CARTESIAN_POINT ( 'NONE',  ( -6.998527430336510591, 9.327773813057419261, -2.120478030024154137 ) ) ;
#5328 = AXIS2_PLACEMENT_3D ( 'NONE', #554, #6685, #6727 ) ;
#5329 = CARTESIAN_POINT ( 'NONE',  ( -16.76393202250017467, 7.428366505423984911, -15.97699662270798271 ) ) ;
#5330 = CARTESIAN_POINT ( 'NONE',  ( -2.516678910523829860, -5.135406530472862663, -15.99999999999998579 ) ) ;
#5331 = EDGE_LOOP ( 'NONE', ( #4049, #6495, #1664 ) ) ;
#5332 = CARTESIAN_POINT ( 'NONE',  ( -20.31688429581043209, -9.312997996088983044, -16.18499345585386706 ) ) ;
#5333 = EDGE_CURVE ( 'NONE', #966, #7340, #7388, .T. ) ;
#5334 = CARTESIAN_POINT ( 'NONE',  ( -7.106358412084515130, 8.587111128965217333, -14.35974875461714539 ) ) ;
#5335 = CARTESIAN_POINT ( 'NONE',  ( -10.13316751296554585, 9.499872836156203704, -10.59770912132489684 ) ) ;
#5336 = CARTESIAN_POINT ( 'NONE',  ( -7.065611914022412954, 8.798058111298031392, -14.25967971881865637 ) ) ;
#5337 = CARTESIAN_POINT ( 'NONE',  ( 12.36257614733347943, 9.825274471193580439, -4.036963671677336052 ) ) ;
#5338 = CARTESIAN_POINT ( 'NONE',  ( -6.370921172050778125, 10.99999999999999467, -3.749720911984583793 ) ) ;
#5339 = ORIENTED_EDGE ( 'NONE', *, *, #3339, .T. ) ;
#5340 = ORIENTED_EDGE ( 'NONE', *, *, #6387, .F. ) ;
#5341 = EDGE_CURVE ( 'NONE', #1474, #4758, #8011, .T. ) ;
#5342 = CARTESIAN_POINT ( 'NONE',  ( -1.091511400614619680E-15, 6.999999999999995559, -4.000000000000000000 ) ) ;
#5343 = CARTESIAN_POINT ( 'NONE',  ( 20.17613531910159708, -9.435077509544994356, -16.00384861481140675 ) ) ;
#5344 = CARTESIAN_POINT ( 'NONE',  ( -36.37354484974502355, -8.222707255265921944, -19.19911290954224370 ) ) ;
#5345 = CARTESIAN_POINT ( 'NONE',  ( -15.56407864531858110, -7.768376193217641834, -16.35170952655084875 ) ) ;
#5346 = CARTESIAN_POINT ( 'NONE',  ( 44.50000000000002842, -10.99999999999999645, -33.49999999999999289 ) ) ;
#5347 = CARTESIAN_POINT ( 'NONE',  ( 19.88790582397701812, -11.00000000000000000, -12.79808126984197791 ) ) ;
#5348 = CIRCLE ( 'NONE', #6911, 1.000000000000000000 ) ;
#5349 = CARTESIAN_POINT ( 'NONE',  ( 36.79115416419609375, 8.103039918141732301, -20.34557069468125334 ) ) ;
#5350 = ORIENTED_EDGE ( 'NONE', *, *, #7275, .F. ) ;
#5351 = CARTESIAN_POINT ( 'NONE',  ( -40.49999999999996447, -7.000000000000002665, -33.49999999999999289 ) ) ;
#5352 = CARTESIAN_POINT ( 'NONE',  ( 15.56681024394599433, -7.772795396193093787, -16.35049829777376118 ) ) ;
#5353 = ORIENTED_EDGE ( 'NONE', *, *, #4493, .T. ) ;
#5354 = CIRCLE ( 'NONE', #1826, 4.000000000000003553 ) ;
#5355 = CARTESIAN_POINT ( 'NONE',  ( -11.03350680144857954, 4.042619213260179478, -15.99999999999997868 ) ) ;
#5356 = DIRECTION ( 'NONE',  ( 0.000000000000000000, 1.000000000000000000, 0.000000000000000000 ) ) ;
#5357 = CARTESIAN_POINT ( 'NONE',  ( 12.97549273096288047, 9.679218805036985174, -2.568975897243741535 ) ) ;
#5358 = CARTESIAN_POINT ( 'NONE',  ( 0.1331675129655387757, -9.499872836156473710, -10.59770912132504961 ) ) ;
#5359 = CARTESIAN_POINT ( 'NONE',  ( -1.436162772284294009, -5.147400731721345934, -14.35321475911328726 ) ) ;
#5360 = CARTESIAN_POINT ( 'NONE',  ( 8.563837227715808353, 5.147400731721270439, -1.646785240886717849 ) ) ;
#5361 = CARTESIAN_POINT ( 'NONE',  ( 7.139865195384924590, 8.432056188221292103, -1.581232701822130826 ) ) ;
#5362 = ORIENTED_EDGE ( 'NONE', *, *, #1226, .T. ) ;
#5363 = CARTESIAN_POINT ( 'NONE',  ( 13.54572216182417321, 7.523377073318595620, -0.02587715238661762382 ) ) ;
#5364 = DIRECTION ( 'NONE',  ( 2.312964634635743450E-16, 3.606610382747634035E-32, -1.000000000000000000 ) ) ;
#5365 = CARTESIAN_POINT ( 'NONE',  ( 6.572596758538236550, 6.999999999999996447, 0.000000000000000000 ) ) ;
#5366 = CARTESIAN_POINT ( 'NONE',  ( -2.989555792644822851, -9.590442250527971169, -13.56347452870084425 ) ) ;
#5367 = CARTESIAN_POINT ( 'NONE',  ( -24.49999999999996803, 10.99999999999999289, -20.00000000000000000 ) ) ;
#5368 = CARTESIAN_POINT ( 'NONE',  ( 8.207599124610590380, 9.711816058597284140, -11.34147104560412878 ) ) ;
#5369 = CARTESIAN_POINT ( 'NONE',  ( -0.4046909011310891313, -3.879734585032789784, -15.99999999999998934 ) ) ;
#5370 = ORIENTED_EDGE ( 'NONE', *, *, #7135, .F. ) ;
#5371 = CARTESIAN_POINT ( 'NONE',  ( -18.33707138805119641, -9.465184118595264096, -16.17577702447223587 ) ) ;
#5372 = CARTESIAN_POINT ( 'NONE',  ( -0.5636415554181928300, -9.524364062335727965, -5.330520660222640927 ) ) ;
#5373 = CARTESIAN_POINT ( 'NONE',  ( -8.118488245317450946, 10.99999999999967315, -11.84279072374904729 ) ) ;
#5374 = CARTESIAN_POINT ( 'NONE',  ( 19.00000000000000000, 3.000000000000000000, -16.99999999999999289 ) ) ;
#5375 = CARTESIAN_POINT ( 'NONE',  ( -2.570552431096320145, -7.255791592464748696, -1.447635286813308664 ) ) ;
#5376 = CARTESIAN_POINT ( 'NONE',  ( 6.842994588182893523, 6.216472788231310886, -15.99999999999998934 ) ) ;
#5377 = CIRCLE ( 'NONE', #2895, 15.99999999999999645 ) ;
#5378 = EDGE_CURVE ( 'NONE', #7327, #5840, #2545, .T. ) ;
#5379 = ORIENTED_EDGE ( 'NONE', *, *, #2645, .F. ) ;
#5380 = CARTESIAN_POINT ( 'NONE',  ( -0.7751301009208531045, -4.724486548510530071, -1.686125610920588436 ) ) ;
#5381 = EDGE_LOOP ( 'NONE', ( #317, #4551, #6707, #4776 ) ) ;
#5382 = CARTESIAN_POINT ( 'NONE',  ( 0.1925200801982883125, -11.00000000000000355, -6.267541470542827398 ) ) ;
#5383 = VECTOR ( 'NONE', #4424, 1000.000000000000000 ) ;
#5384 = CARTESIAN_POINT ( 'NONE',  ( 12.65823323158784852, 7.601068976516465625, -14.56810844718699194 ) ) ;
#5385 = CIRCLE ( 'NONE', #2903, 5.196152422706634688 ) ;
#5386 = CARTESIAN_POINT ( 'NONE',  ( -34.91937113491249534, -11.00000000000000355, -13.59735145039869408 ) ) ;
#5387 = CARTESIAN_POINT ( 'NONE',  ( -15.58643874044627964, -7.803055732578553005, -16.34320059825135729 ) ) ;
#5388 = FACE_OUTER_BOUND ( 'NONE', #1952, .T. ) ;
#5389 = CARTESIAN_POINT ( 'NONE',  ( 14.87689437438233497, -11.00000000000000000, -11.99999999999999289 ) ) ;
#5390 = ADVANCED_FACE ( 'NONE', ( #1309 ), #3294, .T. ) ;
#5391 = AXIS2_PLACEMENT_3D ( 'NONE', #589, #2512, #5738 ) ;
#5392 = ORIENTED_EDGE ( 'NONE', *, *, #332, .T. ) ;
#5393 = CARTESIAN_POINT ( 'NONE',  ( 15.30638454371232626, -7.810747978724211116, -15.92533131205407670 ) ) ;
#5394 = VERTEX_POINT ( 'NONE', #3932 ) ;
#5395 = AXIS2_PLACEMENT_3D ( 'NONE', #1771, #4190, #6153 ) ;
#5396 = CARTESIAN_POINT ( 'NONE',  ( -32.63187516120544984, 10.99999999999998934, -13.65051566240573422 ) ) ;
#5397 = CARTESIAN_POINT ( 'NONE',  ( -18.25182925354953412, -9.670733513281488669, -15.87436370892603144 ) ) ;
#5398 = CARTESIAN_POINT ( 'NONE',  ( 31.57453330307057016, 11.00000000000000711, -12.19152058550650786 ) ) ;
#5399 = AXIS2_PLACEMENT_3D ( 'NONE', #1161, #632, #3660 ) ;
#5400 = CARTESIAN_POINT ( 'NONE',  ( -21.36240542637168005, -11.00000000000000533, -12.28087096103698528 ) ) ;
#5401 = CARTESIAN_POINT ( 'NONE',  ( 10.03665373830765439, 6.238874071344576500, -8.987274035577885441E-14 ) ) ;
#5402 = ORIENTED_EDGE ( 'NONE', *, *, #489, .F. ) ;
#5403 = CYLINDRICAL_SURFACE ( 'NONE', #7601, 3.000000000000002665 ) ;
#5404 = CARTESIAN_POINT ( 'NONE',  ( -13.96249433079735702, 9.645535946335009214, -15.01220262386385507 ) ) ;
#5405 = DIRECTION ( 'NONE',  ( 0.6382847385042309529, 0.7698003589194964968, 0.000000000000000000 ) ) ;
#5406 = CARTESIAN_POINT ( 'NONE',  ( -7.107205609984394101, 9.840009727598571843, -2.942663032056092920 ) ) ;
#5407 = AXIS2_PLACEMENT_3D ( 'NONE', #3036, #1723, #4300 ) ;
#5408 = CARTESIAN_POINT ( 'NONE',  ( -19.00000000000000000, 3.000000000000000000, -16.49999999999998579 ) ) ;
#5409 = CARTESIAN_POINT ( 'NONE',  ( 3.157005411817107365, -6.216472788231317104, -15.99999999999998579 ) ) ;
#5410 = EDGE_LOOP ( 'NONE', ( #239, #6873, #6004, #4165 ) ) ;
#5411 = CARTESIAN_POINT ( 'NONE',  ( -7.212881635314388973, 10.99999999999998934, -10.96131077555324929 ) ) ;
#5412 = AXIS2_PLACEMENT_3D ( 'NONE', #774, #5278, #7190 ) ;
#5413 = CARTESIAN_POINT ( 'NONE',  ( -7.637423852666523238, 9.825274471193578663, -4.036963671677338716 ) ) ;
#5414 = CARTESIAN_POINT ( 'NONE',  ( -7.345673114952212757, 10.99999999999999289, -10.83109390715090647 ) ) ;
#5415 = DIRECTION ( 'NONE',  ( -2.344220913482171656E-16, 0.000000000000000000, -1.000000000000000000 ) ) ;
#5416 = CARTESIAN_POINT ( 'NONE',  ( 7.266451971050666536, 7.892291527160407938, -14.55843513973320391 ) ) ;
#5417 = CARTESIAN_POINT ( 'NONE',  ( -6.102851451398224825, 10.80487166735021809, -2.738307310190702726 ) ) ;
#5418 = DIRECTION ( 'NONE',  ( 1.000000000000000000, 0.000000000000000000, 2.312964634635743450E-16 ) ) ;
#5419 = EDGE_LOOP ( 'NONE', ( #7863, #8029, #6695, #5465 ) ) ;
#5420 = ORIENTED_EDGE ( 'NONE', *, *, #793, .T. ) ;
#5421 = CARTESIAN_POINT ( 'NONE',  ( -1.761035040768507809, -10.99999999999999822, -5.827318858392475320 ) ) ;
#5422 = CARTESIAN_POINT ( 'NONE',  ( 12.57055243109632769, 7.255791592464748696, -14.55236471318668379 ) ) ;
#5423 = EDGE_CURVE ( 'NONE', #598, #3727, #2996, .T. ) ;
#5424 = CARTESIAN_POINT ( 'NONE',  ( 32.14958707402248450, -10.99999999999999645, -12.38352206439898850 ) ) ;
#5425 = CARTESIAN_POINT ( 'NONE',  ( -36.79115416419613638, -8.103039918141423215, -20.34557069468142743 ) ) ;
#5426 = CARTESIAN_POINT ( 'NONE',  ( -14.98974532241682311, -8.090933540377067246, -15.85348825709985832 ) ) ;
#5427 = DIRECTION ( 'NONE',  ( -0.000000000000000000, -1.000000000000000000, -0.000000000000000000 ) ) ;
#5428 = CARTESIAN_POINT ( 'NONE',  ( -9.162396181236887927, 3.975453976273779055, 0.000000000000000000 ) ) ;
#5429 = VERTEX_POINT ( 'NONE', #4554 ) ;
#5430 = ADVANCED_FACE ( 'NONE', ( #2052 ), #7035, .F. ) ;
#5431 = CARTESIAN_POINT ( 'NONE',  ( 14.90420051031517445, -8.061558857207032247, -15.85656703492200492 ) ) ;
#5432 = EDGE_LOOP ( 'NONE', ( #474, #519, #1814, #2858 ) ) ;
#5433 = CARTESIAN_POINT ( 'NONE',  ( -8.489703384758881199, 5.215965318954525642, -1.640331042518184512 ) ) ;
#5434 = CARTESIAN_POINT ( 'NONE',  ( -21.53430272352849428, -9.072456130997915480, -15.85850984526612706 ) ) ;
#5435 = CARTESIAN_POINT ( 'NONE',  ( 13.89335918441102891, 10.81167026488127725, -2.758766154080098953 ) ) ;
#5436 = CARTESIAN_POINT ( 'NONE',  ( -0.5561066352455783512, -6.235078516626231249, -15.99999999999998757 ) ) ;
#5437 = CARTESIAN_POINT ( 'NONE',  ( -12.64923818727558569, 9.886196562445492830, -3.544786249782000631 ) ) ;
#5438 = EDGE_CURVE ( 'NONE', #2896, #4442, #6607, .T. ) ;
#5439 = CARTESIAN_POINT ( 'NONE',  ( 6.050494946924567685, 10.66255185033968544, -2.386564230902943784 ) ) ;
#5440 = EDGE_LOOP ( 'NONE', ( #2965, #4723, #1461, #1413 ) ) ;
#5441 = ADVANCED_FACE ( 'NONE', ( #3325 ), #4897, .F. ) ;
#5442 = CARTESIAN_POINT ( 'NONE',  ( -2.785080659975090356, -8.108403634989878483, -1.491666004253653588 ) ) ;
#5443 = CARTESIAN_POINT ( 'NONE',  ( -2.942991627110007169, -10.73663122088177424, -13.46059639817617359 ) ) ;
#5444 = CARTESIAN_POINT ( 'NONE',  ( 31.00000000000001421, 7.000000000000000888, -11.99999999999999645 ) ) ;
#5445 = DIRECTION ( 'NONE',  ( 0.000000000000000000, -0.000000000000000000, 1.000000000000000000 ) ) ;
#5446 = CARTESIAN_POINT ( 'NONE',  ( -0.3360709125514357853, -4.594718199202954878, -14.30199974799315044 ) ) ;
#5447 = ORIENTED_EDGE ( 'NONE', *, *, #4004, .T. ) ;
#5448 = CARTESIAN_POINT ( 'NONE',  ( -12.37202578129518393, 10.99999999999999289, -10.58809023131136051 ) ) ;
#5449 = SPHERICAL_SURFACE ( 'NONE', #1595, 1.000000000000000000 ) ;
#5450 = DIRECTION ( 'NONE',  ( -1.000000000000000000, -7.796510004390144799E-17, 0.000000000000000000 ) ) ;
#5451 = CARTESIAN_POINT ( 'NONE',  ( -1.262005746704948805, -11.00000000000000000, -9.959753554045128965 ) ) ;
#5452 = FACE_OUTER_BOUND ( 'NONE', #3318, .T. ) ;
#5453 = CARTESIAN_POINT ( 'NONE',  ( -12.57055243109632769, 7.255791592464741591, -14.55236471318667846 ) ) ;
#5454 = CARTESIAN_POINT ( 'NONE',  ( 15.59380775221771032, -11.00000000000000000, -12.03973309929673263 ) ) ;
#5455 = EDGE_LOOP ( 'NONE', ( #7153, #636, #777 ) ) ;
#5456 = CARTESIAN_POINT ( 'NONE',  ( 9.812012200645968463, 11.00000000000015632, -4.540310129638386094 ) ) ;
#5457 = EDGE_LOOP ( 'NONE', ( #767, #4175, #7500, #6119 ) ) ;
#5458 = DIRECTION ( 'NONE',  ( 0.000000000000000000, 0.000000000000000000, -1.000000000000000000 ) ) ;
#5459 = CARTESIAN_POINT ( 'NONE',  ( 32.14712178750077953, -11.00000000000000000, -12.38891952272491004 ) ) ;
#5460 = FACE_OUTER_BOUND ( 'NONE', #6193, .T. ) ;
#5461 = CARTESIAN_POINT ( 'NONE',  ( -35.01236645096960842, -11.00000000000000178, -16.37234578429082887 ) ) ;
#5462 = CARTESIAN_POINT ( 'NONE',  ( -20.86338998124984911, 6.936396715132937985, -16.45612676359920101 ) ) ;
#5463 = DIRECTION ( 'NONE',  ( 0.000000000000000000, 0.000000000000000000, -1.000000000000000000 ) ) ;
#5464 = CARTESIAN_POINT ( 'NONE',  ( -7.135011933929201966, 5.673101687583616659, -0.000000000000000000 ) ) ;
#5465 = ORIENTED_EDGE ( 'NONE', *, *, #935, .F. ) ;
#5466 = CARTESIAN_POINT ( 'NONE',  ( 12.52196218829211638, 9.858016140883215428, -12.20126307085683237 ) ) ;
#5467 = CARTESIAN_POINT ( 'NONE',  ( 14.87689437437164131, -8.057641145488965151, -15.85764114548697457 ) ) ;
#5468 = ORIENTED_EDGE ( 'NONE', *, *, #1186, .T. ) ;
#5469 = CARTESIAN_POINT ( 'NONE',  ( -9.805415519192306917, 3.857680429957151436, -15.99999999999998224 ) ) ;
#5470 = CARTESIAN_POINT ( 'NONE',  ( -3.961929500842684693, -9.641701961767035201, -15.01522817482146088 ) ) ;
#5471 = CIRCLE ( 'NONE', #3789, 4.330127018922199866 ) ;
#5472 = CARTESIAN_POINT ( 'NONE',  ( 0.2866182176131192305, -9.505312299182628877, -10.61327107379534951 ) ) ;
#5473 = EDGE_CURVE ( 'NONE', #7327, #2232, #4053, .T. ) ;
#5474 = CARTESIAN_POINT ( 'NONE',  ( -39.50924289757890051, -11.00000000000000000, -18.98217490905351923 ) ) ;
#5475 = CARTESIAN_POINT ( 'NONE',  ( 0.8188486386977175124, -4.742611246136036129, -14.31553875102275342 ) ) ;
#5476 = CARTESIAN_POINT ( 'NONE',  ( 11.05702912155500073, 4.866931265568567255, -1.672972041959237322 ) ) ;
#5477 = CIRCLE ( 'NONE', #2612, 0.9999999999999995559 ) ;
#5478 = CARTESIAN_POINT ( 'NONE',  ( 6.997620182972313252, 10.19182349329694937, -1.578892268557386069 ) ) ;
#5479 = EDGE_LOOP ( 'NONE', ( #7822, #3066, #8027 ) ) ;
#5480 = CARTESIAN_POINT ( 'NONE',  ( -3.962494330797354358, -9.645535946335026978, -0.9877973761361386051 ) ) ;
#5481 = CARTESIAN_POINT ( 'NONE',  ( -13.89335918441102713, 10.81167026488144245, -13.24123384591946540 ) ) ;
#5482 = CARTESIAN_POINT ( 'NONE',  ( 11.25467247307558161, 4.998884583145003724, -1.660706290126134244 ) ) ;
#5483 = CIRCLE ( 'NONE', #3007, 4.000000000000000000 ) ;
#5484 = EDGE_CURVE ( 'NONE', #721, #7379, #5641, .T. ) ;
#5485 = CARTESIAN_POINT ( 'NONE',  ( 13.14935300882060609, 10.99999999999999822, -4.636282374870747347 ) ) ;
#5486 = DIRECTION ( 'NONE',  ( 7.796510004390148496E-17, -1.000000000000000000, 0.000000000000000000 ) ) ;
#5487 = VERTEX_POINT ( 'NONE', #7076 ) ;
#5488 = B_SPLINE_CURVE_WITH_KNOTS ( 'NONE', 3,
 ( #4316, #3668, #5424, #3545, #557, #2968, #427, #3055, #8033, #7904, #6084, #3710, #1820, #2443, #4818, #4941, #600, #6210, #3095, #7264, #4198, #1659, #6689, #4158 ),
 .UNSPECIFIED., .F., .F.,
 ( 4, 2, 2, 2, 2, 2, 2, 2, 2, 2, 2, 4 ),
 ( -1.897366596098588737E-05, 0.001798200106735402216, 0.003615373879431790262, 0.005432547652128177224, 0.006341134538476370271, 0.007249721424824562450, 0.008158308311172755498, 0.009066895197520947677, 0.01088406897021731122, 0.01179265585656549473, 0.01270124274291367823, 0.01451841651561004351 ),
 .UNSPECIFIED. ) ;
#5489 = CARTESIAN_POINT ( 'NONE',  ( 23.07569005867422263, -8.064388580969854559, -15.85579121566307848 ) ) ;
#5490 = FACE_OUTER_BOUND ( 'NONE', #5297, .T. ) ;
#5491 = CARTESIAN_POINT ( 'NONE',  ( 21.48391063789925326, 6.565450104217449123, -16.49999999481535085 ) ) ;
#5492 = CARTESIAN_POINT ( 'NONE',  ( -7.429447568903677634, 7.255791592464744255, -1.447635286813311106 ) ) ;
#5493 = CARTESIAN_POINT ( 'NONE',  ( 7.066614014590807180, 9.786307275870228750, -13.21226104174689198 ) ) ;
#5494 = CARTESIAN_POINT ( 'NONE',  ( -41.49999999999996447, -7.000000000000002665, -33.49999999999999289 ) ) ;
#5495 = CARTESIAN_POINT ( 'NONE',  ( 11.79251517726460996, 9.711854133359000940, -11.34176004749229349 ) ) ;
#5496 = CARTESIAN_POINT ( 'NONE',  ( -23.79583152331273155, -7.000000000000001776, -15.99999999999998224 ) ) ;
#5497 = ORIENTED_EDGE ( 'NONE', *, *, #6434, .F. ) ;
#5498 = CARTESIAN_POINT ( 'NONE',  ( 10.67500930326187714, 9.535500870890805558, -5.297355589694781486 ) ) ;
#5499 = ORIENTED_EDGE ( 'NONE', *, *, #1437, .F. ) ;
#5500 = CARTESIAN_POINT ( 'NONE',  ( 2.229868368671894530, -11.00000000000000000, -5.519266139460922815 ) ) ;
#5501 = CARTESIAN_POINT ( 'NONE',  ( 1.995471147878081997, -7.703645076074006504, -0.02932866658780424948 ) ) ;
#5502 = CLOSED_SHELL ( 'NONE', ( #4794, #4224, #1294, #7725, #29, #4399, #7243, #974, #1738, #434, #4735, #2231, #1281, #486, #4605, #128, #3237, #3751, #6025, #5292, #5638, #6786, #2430, #5084, #3931, #5430, #6289, #6343, #8082, #5228, #376, #1485, #8030, #4176, #3136, #3643, #2384, #6923, #387, #1576, #3690, #3898, #7967, #4278, #646, #5187, #4128, #6482, #3143, #3839, #5836, #6374, #244, #6389, #4694, #3093, #2779, #6449, #8010, #6865, #4129, #5989, #5634, #3350, #335, #1095, #2485, #4705, #5441, #4609, #7681, #3425, #5782, #1740, #1949, #1633, #7230, #750, #5037, #1933, #4002, #38, #4548, #141, #4140, #7726, #947, #7134, #7040, #3277, #1792, #8019, #7910, #2079, #8074, #2732, #5686, #1139, #1931, #5390, #1394, #1029, #3521, #1122, #375, #3307, #5847, #4480, #7142, #6632, #5798, #3351, #6086, #2100, #3403, #2897, #6981, #1981, #7075, #5231, #6177, #2054, #4037, #28, #240, #690, #912, #1829, #846, #3487, #1328, #6299, #1993, #1500, #2789, #1888, #3994, #2800, #5536, #4373, #4830, #1198, #3342, #4847, #525, #4377 ) ) ;
#5503 = CARTESIAN_POINT ( 'NONE',  ( 31.19153068342582102, -10.99999999999999645, -12.38306331504298186 ) ) ;
#5504 = CARTESIAN_POINT ( 'NONE',  ( 10.93029848643690549, 6.376012555262485115, -15.99999999999927880 ) ) ;
#5505 = CARTESIAN_POINT ( 'NONE',  ( -12.73294905949894762, 7.889770197674472740, -1.440966421451186585 ) ) ;
#5506 = CARTESIAN_POINT ( 'NONE',  ( 19.76454590696791769, 7.963611082771161698, -15.91641283189796496 ) ) ;
#5507 = DIRECTION ( 'NONE',  ( 0.000000000000000000, 0.000000000000000000, -1.000000000000000000 ) ) ;
#5508 = B_SPLINE_CURVE_WITH_KNOTS ( 'NONE', 3,
 ( #1490, #6437, #5831, #7572, #2636, #5130, #3987, #7003, #753, #6478, #3163, #794, #2024, #5661, #55, #2559, #5053, #7533, #4433, #4180, #5949, #7127, #334, #2799, #4681, #7205, #1643, #4801, #370, #5983, #1680, #875 ),
 .UNSPECIFIED., .F., .F.,
 ( 4, 2, 2, 2, 2, 2, 2, 2, 2, 2, 2, 2, 2, 2, 2, 4 ),
 ( 1.734723475976807094E-18, 0.0002528194585872748637, 0.0005056389171745479926, 0.001011277834349098370, 0.001516916751523648748, 0.002022555668698198909, 0.002528194585872749287, 0.003033833503047299665, 0.004045111337396390880, 0.004550750254570941691, 0.005056389171745492503, 0.006067667006094606269, 0.007078944840443720035, 0.007584583757618274316, 0.007837403216205547987, 0.008090222674792821658 ),
 .UNSPECIFIED. ) ;
#5509 = DIRECTION ( 'NONE',  ( 0.7698003589194996055, 0.6382847385042271782, 5.536237601204997107E-16 ) ) ;
#5510 = AXIS2_PLACEMENT_3D ( 'NONE', #2930, #4076, #1657 ) ;
#5511 = EDGE_LOOP ( 'NONE', ( #5362, #228, #6905, #6947 ) ) ;
#5512 = DIRECTION ( 'NONE',  ( -1.000000000000000000, 0.000000000000000000, 2.344220913482171656E-16 ) ) ;
#5513 = ORIENTED_EDGE ( 'NONE', *, *, #346, .T. ) ;
#5514 = CARTESIAN_POINT ( 'NONE',  ( -22.67251681435093857, -7.826749102298938610, -15.93728407595306429 ) ) ;
#5515 = CARTESIAN_POINT ( 'NONE',  ( -13.81459735603773709, 8.764975819975880711, -0.4008998569674264711 ) ) ;
#5516 = AXIS2_PLACEMENT_3D ( 'NONE', #7818, #6492, #886 ) ;
#5517 = EDGE_CURVE ( 'NONE', #1615, #3836, #6978, .T. ) ;
#5518 = LINE ( 'NONE', #6100, #1441 ) ;
#5519 = PLANE ( 'NONE',  #6071 ) ;
#5520 = CARTESIAN_POINT ( 'NONE',  ( 9.967561711886704146, 6.239211094214085485, 8.989339211135414516E-14 ) ) ;
#5521 = VECTOR ( 'NONE', #3392, 1000.000000000000000 ) ;
#5522 = CARTESIAN_POINT ( 'NONE',  ( 6.467682416965894632, 10.99999999999999645, -11.99999999999999289 ) ) ;
#5523 = ORIENTED_EDGE ( 'NONE', *, *, #1819, .T. ) ;
#5524 = CARTESIAN_POINT ( 'NONE',  ( 2.535835049495912763, -10.99999999999999822, -12.51367131120640686 ) ) ;
#5525 = CARTESIAN_POINT ( 'NONE',  ( -6.373996496105792886, 10.99999999999999645, -12.24232456254377688 ) ) ;
#5526 = CARTESIAN_POINT ( 'NONE',  ( 11.51029661524112591, 5.215965318954528307, -1.640331042518184512 ) ) ;
#5527 = AXIS2_PLACEMENT_3D ( 'NONE', #7544, #803, #4448 ) ;
#5528 = CARTESIAN_POINT ( 'NONE',  ( 7.770131631328103694, 10.99999999999999645, -5.519266139460919263 ) ) ;
#5529 =( BOUNDED_SURFACE ( )  B_SPLINE_SURFACE ( 3, 2, ( 
 ( #5176, #3209, #2065 ),
 ( #755, #3295, #7089 ),
 ( #4477, #3904, #1978 ),
 ( #3823, #7658, #3249 ),
 ( #4567, #7048, #4604 ),
 ( #3336, #1449, #3943 ),
 ( #133, #5704, #5132 ),
 ( #6397, #95, #7617 ),
 ( #6439, #835, #2598 ),
 ( #5090, #7005, #216 ),
 ( #5743, #3863, #2719 ),
 ( #5213, #6319, #5789 ),
 ( #176, #795, #7695 ),
 ( #7574, #6964, #2107 ),
 ( #2026, #57, #1372 ),
 ( #3988, #1326, #672 ),
 ( #4525, #3165, #5663 ),
 ( #2561, #5055, #7535 ),
 ( #4436, #6920, #716 ),
 ( #5255, #876, #2756 ),
 ( #5871, #7735, #4648 ),
 ( #6479, #7128, #1528 ),
 ( #2146, #3374, #255 ),
 ( #4317, #5504, #2356 ),
 ( #1743, #4277, #5592 ),
 ( #5021, #7345, #7420 ),
 ( #8034, #6730, #6853 ),
 ( #6211, #601, #1171 ) ),
 .UNSPECIFIED., .F., .F., .F. ) 
 B_SPLINE_SURFACE_WITH_KNOTS ( ( 4, 2, 2, 2, 2, 2, 2, 2, 2, 2, 2, 2, 2, 4 ),
 ( 3, 3 ),
 ( -1.734723475976807094E-18, 0.001233084968442452493, 0.001849627452663679499, 0.002466169936884906721, 0.003082712421106133943, 0.003699254905327360732, 0.004315797389548587520, 0.004932339873769815176, 0.005548882357991042832, 0.006165424842212269621, 0.006781967326433496410, 0.007398509810654723198, 0.008631594779097178510, 0.009864679747539632088 ),
 ( 0.000000000000000000, 1.000000000000000000 ),
 .UNSPECIFIED. ) 
 GEOMETRIC_REPRESENTATION_ITEM ( )  RATIONAL_B_SPLINE_SURFACE ( (
 ( 1.000000000000000000, 0.5255305477261482672, 1.000000000000000000),
 ( 1.000000000000000000, 0.5102859702224741278, 1.000000000000000000),
 ( 1.000000000000000000, 0.4944266223866443100, 1.000000000000000000),
 ( 1.000000000000000000, 0.4710520452307134232, 1.000000000000000000),
 ( 1.000000000000000000, 0.4633267501370637031, 1.000000000000000000),
 ( 1.000000000000000000, 0.4482194685022677927, 1.000000000000000000),
 ( 1.000000000000000000, 0.4408574240147578038, 1.000000000000000000),
 ( 1.000000000000000000, 0.4272261853358066963, 1.000000000000000000),
 ( 1.000000000000000000, 0.4208878287988087052, 1.000000000000000000),
 ( 1.000000000000000000, 0.4094269824357238963, 1.000000000000000000),
 ( 1.000000000000000000, 0.4043894799234387105, 1.000000000000000000),
 ( 1.000000000000000000, 0.3961742883799245774, 1.000000000000000000),
 ( 1.000000000000000000, 0.3929416272240023877, 1.000000000000000000),
 ( 1.000000000000000000, 0.3884882252545162062, 1.000000000000000000),
 ( 1.000000000000000000, 0.3873441880567949358, 1.000000000000000000),
 ( 1.000000000000000000, 0.3872552011212235801, 1.000000000000000000),
 ( 1.000000000000000000, 0.3883245302272894106, 1.000000000000000000),
 ( 1.000000000000000000, 0.3926002201919790435, 1.000000000000000000),
 ( 1.000000000000000000, 0.3957598004695986327, 1.000000000000000000),
 ( 1.000000000000000000, 0.4039373350697012532, 1.000000000000000000),
 ( 1.000000000000000000, 0.4089683735606022275, 1.000000000000000000),
 ( 1.000000000000000000, 0.4202848983041912456, 1.000000000000000000),
 ( 1.000000000000000000, 0.4266387396318446212, 1.000000000000000000),
 ( 1.000000000000000000, 0.4472198464912223725, 1.000000000000000000),
 ( 1.000000000000000000, 0.4624460234365984634, 1.000000000000000000),
 ( 1.000000000000000000, 0.4940772260089182910, 1.000000000000000000),
 ( 1.000000000000000000, 0.5102833879191390754, 1.000000000000000000),
 ( 1.000000000000000000, 0.5255305477261483782, 1.000000000000000000) ) ) 
 REPRESENTATION_ITEM ( '' )  SURFACE ( )  );
#5530 = DIRECTION ( 'NONE',  ( -0.2860511657490359960, -0.9582143447964122096, 0.000000000000000000 ) ) ;
#5531 = EDGE_CURVE ( 'NONE', #7936, #299, #4073, .T. ) ;
#5532 = ORIENTED_EDGE ( 'NONE', *, *, #6278, .T. ) ;
#5533 = SPHERICAL_SURFACE ( 'NONE', #5150, 1.000000000000000000 ) ;
#5534 = CIRCLE ( 'NONE', #189, 4.330127018922199866 ) ;
#5535 = EDGE_CURVE ( 'NONE', #2111, #1233, #1438, .T. ) ;
#5536 = ADVANCED_FACE ( 'NONE', ( #2864 ), #827, .T. ) ;
#5537 = CARTESIAN_POINT ( 'NONE',  ( 15.68337520964459664, -1.000000000000000444, -16.99999999999999289 ) ) ;
#5538 = CARTESIAN_POINT ( 'NONE',  ( -12.22368653901021851, 10.99999999999999289, -10.47616805745019342 ) ) ;
#5539 = CARTESIAN_POINT ( 'NONE',  ( -9.345536448822258535, 6.261770510108755516, -1.385485204195941201E-13 ) ) ;
#5540 = CARTESIAN_POINT ( 'NONE',  ( 44.50000000000002842, 11.00000000000000355, -36.50000000000000000 ) ) ;
#5541 = CARTESIAN_POINT ( 'NONE',  ( -19.37240034384645782, 8.001830326799787230, -15.91349177837060935 ) ) ;
#5542 = DIRECTION ( 'NONE',  ( 0.000000000000000000, 1.734723475976807094E-15, 1.000000000000000000 ) ) ;
#5543 = CIRCLE ( 'NONE', #2020, 5.196152422706634688 ) ;
#5544 = CARTESIAN_POINT ( 'NONE',  ( 37.02009084836084440, 10.99999999999842615, -21.54401390364318303 ) ) ;
#5545 = ORIENTED_EDGE ( 'NONE', *, *, #1082, .T. ) ;
#5546 = CARTESIAN_POINT ( 'NONE',  ( 10.13316751296570573, 9.499872836156209033, -5.402290878675102270 ) ) ;
#5547 = EDGE_LOOP ( 'NONE', ( #4084, #3298, #2604, #3513 ) ) ;
#5548 = FACE_OUTER_BOUND ( 'NONE', #63, .T. ) ;
#5549 = CARTESIAN_POINT ( 'NONE',  ( 12.78013212214276528, 9.897800164784971599, -12.73592560475886692 ) ) ;
#5550 = CARTESIAN_POINT ( 'NONE',  ( 33.07223753041326830, -9.809520576628425914, -15.34908011254121263 ) ) ;
#5551 = CARTESIAN_POINT ( 'NONE',  ( 3.486105597799389777, -7.262188245326790970, 3.390461129622149499E-15 ) ) ;
#5552 = DIRECTION ( 'NONE',  ( -0.4581904831346130802, -1.168374867385275567E-15, 0.8888540269160454255 ) ) ;
#5553 = EDGE_CURVE ( 'NONE', #3074, #1164, #5385, .T. ) ;
#5554 = LINE ( 'NONE', #515, #1306 ) ;
#5555 = LINE ( 'NONE', #2572, #1222 ) ;
#5556 = B_SPLINE_CURVE_WITH_KNOTS ( 'NONE', 3,
 ( #5625, #16, #2521, #5016, #3786, #374, #7777, #5298, #6444, #5953, #7132, #2151, #260, #2878, #6484, #5371, #3457, #300, #2184, #4030, #7700, #5332, #7210, #4687, #5988, #4611, #6559, #1606, #957, #5875, #1454, #339 ),
 .UNSPECIFIED., .F., .F.,
 ( 4, 2, 2, 2, 2, 2, 2, 2, 2, 2, 2, 2, 2, 2, 2, 4 ),
 ( 6.254634441385501517E-18, 0.0002528194585871768518, 0.0005056389171743475236, 0.001011277834348693529, 0.001516916751523039644, 0.002022555668697385758, 0.002528194585871731872, 0.003033833503046077986, 0.004045111337394758505, 0.004550750254569099415, 0.005056389171743441192, 0.006067667006092123880, 0.007078944840440805700, 0.007584583757615144008, 0.007837403216202317932, 0.008090222674789487520 ),
 .UNSPECIFIED. ) ;
#5557 = ORIENTED_EDGE ( 'NONE', *, *, #6023, .T. ) ;
#5558 = DIRECTION ( 'NONE',  ( -2.344220913482171656E-16, -0.000000000000000000, -1.000000000000000000 ) ) ;
#5559 = CARTESIAN_POINT ( 'NONE',  ( 17.60723632001391437, -9.531596063960039444, -15.87055042477448019 ) ) ;
#5560 = EDGE_LOOP ( 'NONE', ( #2185, #1083, #7114, #3958, #2665 ) ) ;
#5561 = CARTESIAN_POINT ( 'NONE',  ( -21.89633966923927133, -8.397545241430421470, -16.25748132172338956 ) ) ;
#5562 = CARTESIAN_POINT ( 'NONE',  ( 2.879204383333580086, -8.509467909976068611, -14.40503223699797530 ) ) ;
#5563 = CARTESIAN_POINT ( 'NONE',  ( 13.42740324146176434, 6.999999999999996447, 0.000000000000000000 ) ) ;
#5564 = DIRECTION ( 'NONE',  ( 4.625929269271481378E-15, 0.000000000000000000, -1.000000000000000000 ) ) ;
#5565 = CARTESIAN_POINT ( 'NONE',  ( -18.11209417602298544, -11.00000000000000355, -12.79808126984196903 ) ) ;
#5566 = CARTESIAN_POINT ( 'NONE',  ( -10.19252008038254864, 10.99999999999999289, -6.267541469348880234 ) ) ;
#5567 = CARTESIAN_POINT ( 'NONE',  ( -2.992514516408669500, -9.206491308758625536, -2.012551038338260323 ) ) ;
#5568 = VERTEX_POINT ( 'NONE', #2536 ) ;
#5569 = CARTESIAN_POINT ( 'NONE',  ( 3.989126797872613484, -10.49256022210471073, -13.96870828934047282 ) ) ;
#5570 = CARTESIAN_POINT ( 'NONE',  ( -7.280511458103804401, 9.901750826710332021, -12.59538255975331289 ) ) ;
#5571 = CARTESIAN_POINT ( 'NONE',  ( 36.37264161304241838, -8.222592716084310638, -19.21510031379104788 ) ) ;
#5572 = DIRECTION ( 'NONE',  ( -1.000000000000000000, 0.000000000000000000, 0.000000000000000000 ) ) ;
#5573 = CARTESIAN_POINT ( 'NONE',  ( 8.737994253295040536, 10.99999999999999289, -6.040246445954869259 ) ) ;
#5574 = CARTESIAN_POINT ( 'NONE',  ( -8.483804738690228220, 5.202942843202492007, -14.35836141421694911 ) ) ;
#5575 = CARTESIAN_POINT ( 'NONE',  ( 3.427403241461769667, -6.999999999999999112, -14.99999999999998934 ) ) ;
#5576 = PRODUCT_RELATED_PRODUCT_CATEGORY ( 'detail', '', ( #7328 ) ) ;
#5577 = ORIENTED_EDGE ( 'NONE', *, *, #5685, .T. ) ;
#5578 = CARTESIAN_POINT ( 'NONE',  ( -9.263075805528011131, 10.99999999999999289, -9.805934204259367348 ) ) ;
#5579 = CARTESIAN_POINT ( 'NONE',  ( -11.56584083971280741, 5.271927907135046887, -14.36495152191912084 ) ) ;
#5580 = CARTESIAN_POINT ( 'NONE',  ( -13.36306303665255157, 10.99999999999999289, -11.67165930221026038 ) ) ;
#5581 = CARTESIAN_POINT ( 'NONE',  ( -0.9138902354834084196, -11.00000000000000178, -9.848618643723225929 ) ) ;
#5582 = CARTESIAN_POINT ( 'NONE',  ( 7.107205609984396766, 9.840009727598573619, -13.05733696794390220 ) ) ;
#5583 = CARTESIAN_POINT ( 'NONE',  ( -17.13786408601781375, 7.722764715122910850, -15.93684379483267044 ) ) ;
#5584 = CARTESIAN_POINT ( 'NONE',  ( -19.00000000000000000, 3.000000000000000000, -16.49999999999998579 ) ) ;
#5585 = CARTESIAN_POINT ( 'NONE',  ( 37.00000000000001421, 8.020157026814997536, -21.54267702316671063 ) ) ;
#5586 = EDGE_CURVE ( 'NONE', #7381, #2196, #5936, .T. ) ;
#5587 = ORIENTED_EDGE ( 'NONE', *, *, #2584, .F. ) ;
#5588 = CARTESIAN_POINT ( 'NONE',  ( 13.53231758303411603, 10.99999999999999645, -4.000000000000000000 ) ) ;
#5589 = ORIENTED_EDGE ( 'NONE', *, *, #3784, .F. ) ;
#5590 = CARTESIAN_POINT ( 'NONE',  ( 12.99019097616580609, 10.60003545801482439, -13.75333059760833976 ) ) ;
#5591 = DIRECTION ( 'NONE',  ( -0.000000000000000000, -1.000000000000000000, -0.000000000000000000 ) ) ;
#5592 = CARTESIAN_POINT ( 'NONE',  ( 12.75624831525321312, 5.473445837445820139, -15.99999999999998934 ) ) ;
#5593 = CARTESIAN_POINT ( 'NONE',  ( -12.93261980115442178, 9.787624904361914346, -2.791010263154654059 ) ) ;
#5594 = CARTESIAN_POINT ( 'NONE',  ( 31.82939348371128929, 10.73897897804645218, -13.58944350819200864 ) ) ;
#5595 = DIRECTION ( 'NONE',  ( 0.000000000000000000, 0.000000000000000000, -1.000000000000000000 ) ) ;
#5596 = EDGE_CURVE ( 'NONE', #3037, #6455, #5781, .T. ) ;
#5597 = ORIENTED_EDGE ( 'NONE', *, *, #4654, .F. ) ;
#5598 = DIRECTION ( 'NONE',  ( 0.000000000000000000, 0.000000000000000000, -1.000000000000000000 ) ) ;
#5599 = CARTESIAN_POINT ( 'NONE',  ( 15.61103972551044983, -8.114860880926221043, -15.98711315593236826 ) ) ;
#5600 = CARTESIAN_POINT ( 'NONE',  ( -22.68033221913606567, -7.819978672778958639, -15.93387221854754543 ) ) ;
#5601 = CARTESIAN_POINT ( 'NONE',  ( 2.722859972495908387, -9.902497302770962406, -12.60210949284162929 ) ) ;
#5602 = CARTESIAN_POINT ( 'NONE',  ( 2.535835049495920757, -11.00000000000000178, -3.486328688793583375 ) ) ;
#5603 = CARTESIAN_POINT ( 'NONE',  ( -2.513561801279252883, -5.159211858540151852, 0.000000000000000000 ) ) ;
#5604 = CARTESIAN_POINT ( 'NONE',  ( -12.78711836436223237, 10.99999999999999289, -5.038689224203556805 ) ) ;
#5605 = CARTESIAN_POINT ( 'NONE',  ( 21.23606797749979336, 7.578940846527625119, -15.95788169305524207 ) ) ;
#5606 = VERTEX_POINT ( 'NONE', #1915 ) ;
#5607 = CARTESIAN_POINT ( 'NONE',  ( 3.485527892194792532, -7.259607962109941859, -15.99999999999998934 ) ) ;
#5608 = DIRECTION ( 'NONE',  ( -0.2860511657490359960, 0.9582143447964122096, 0.000000000000000000 ) ) ;
#5609 = PLANE ( 'NONE',  #5745 ) ;
#5610 = CARTESIAN_POINT ( 'NONE',  ( -1.768663666530125855, -10.99999999999999822, -11.76993059867101366 ) ) ;
#5611 = LINE ( 'NONE', #5733, #7237 ) ;
#5612 = CARTESIAN_POINT ( 'NONE',  ( -0.6601904129020425005, -4.679210437792844957, -14.30972588741770579 ) ) ;
#5613 = CIRCLE ( 'NONE', #8080, 4.999999999999999112 ) ;
#5614 = ORIENTED_EDGE ( 'NONE', *, *, #4121, .F. ) ;
#5615 = DIRECTION ( 'NONE',  ( -0.000000000000000000, -0.000000000000000000, -1.000000000000000000 ) ) ;
#5616 = CARTESIAN_POINT ( 'NONE',  ( -9.967561711886522957, 6.239211094213793274, -15.99999999999998579 ) ) ;
#5617 = CARTESIAN_POINT ( 'NONE',  ( -10.17948110577942167, 10.99999999999999112, -11.46011852100276229 ) ) ;
#5618 = TOROIDAL_SURFACE ( 'NONE', #5753, 5.196152422706640905, 1.000000000000000000 ) ;
#5619 = CARTESIAN_POINT ( 'NONE',  ( -9.435330115481631807, 6.237084333641425005, 4.336808689942017736E-16 ) ) ;
#5620 = CARTESIAN_POINT ( 'NONE',  ( 35.79568674059598976, -10.99999999999999645, -17.53524662843595650 ) ) ;
#5621 = CARTESIAN_POINT ( 'NONE',  ( -19.32001514398530162, 7.376906590158790245, -16.40131102304609456 ) ) ;
#5622 = CARTESIAN_POINT ( 'NONE',  ( -19.00000000000000000, 3.000000000000000000, -16.99999999999998224 ) ) ;
#5623 = CARTESIAN_POINT ( 'NONE',  ( 39.93964224227048732, 11.00000000000000355, -20.74278936209998747 ) ) ;
#5624 = ORIENTED_EDGE ( 'NONE', *, *, #5321, .F. ) ;
#5625 = CARTESIAN_POINT ( 'NONE',  ( -15.56407864531862550, -7.768376193217632064, -16.35170952655091980 ) ) ;
#5626 = ORIENTED_EDGE ( 'NONE', *, *, #2698, .T. ) ;
#5627 = CARTESIAN_POINT ( 'NONE',  ( 3.932363937841822032, -9.430607603429935537, -0.8122361522270116208 ) ) ;
#5628 = CARTESIAN_POINT ( 'NONE',  ( -20.18566734051059086, -11.00000000000000178, -12.69996885933197639 ) ) ;
#5629 = CARTESIAN_POINT ( 'NONE',  ( 19.00000000000000000, -1.666666666666666963, -17.72677996249964849 ) ) ;
#5630 = LINE ( 'NONE', #4409, #3809 ) ;
#5631 = CARTESIAN_POINT ( 'NONE',  ( -21.23606797749981823, 7.578940846527619790, -15.95788169305523141 ) ) ;
#5632 = SPHERICAL_SURFACE ( 'NONE', #171, 4.999999999999999112 ) ;
#5633 = ORIENTED_EDGE ( 'NONE', *, *, #1591, .F. ) ;
#5634 = ADVANCED_FACE ( 'NONE', ( #4416 ), #1348, .T. ) ;
#5635 = VECTOR ( 'NONE', #5079, 1000.000000000000000 ) ;
#5636 = CARTESIAN_POINT ( 'NONE',  ( 13.89788212535974488, 10.80363907432510473, -13.26553542441609324 ) ) ;
#5637 = CARTESIAN_POINT ( 'NONE',  ( 15.82492057895738213, -8.661643430865852977, -15.84990526401662159 ) ) ;
#5638 = ADVANCED_FACE ( 'NONE', ( #8002 ), #1791, .T. ) ;
#5639 = CARTESIAN_POINT ( 'NONE',  ( -22.62239462868261697, -7.872608962164662216, -15.95575183052091717 ) ) ;
#5640 = CARTESIAN_POINT ( 'NONE',  ( 3.001472569663488965, -9.327773813057422814, -13.87952196997583698 ) ) ;
#5641 = B_SPLINE_CURVE_WITH_KNOTS ( 'NONE', 3,
 ( #2788, #7763, #782, #6546, #2747, #866, #2010, #2171, #5119, #941 ),
 .UNSPECIFIED., .F., .F.,
 ( 4, 2, 2, 2, 4 ),
 ( 0.003422628982076920696, 0.004279752395304908981, 0.005136875808532895965, 0.005993999221760884684, 0.006851122634988872535 ),
 .UNSPECIFIED. ) ;
#5642 = CARTESIAN_POINT ( 'NONE',  ( 12.78508065997513121, 8.108403634990215991, -1.491666004253628497 ) ) ;
#5643 = AXIS2_PLACEMENT_3D ( 'NONE', #1113, #6829, #6108 ) ;
#5644 = DIRECTION ( 'NONE',  ( -1.000000000000000000, 0.000000000000000000, 0.000000000000000000 ) ) ;
#5645 = CARTESIAN_POINT ( 'NONE',  ( -16.61244262217069334, -11.00000000000000355, -12.27316093067623193 ) ) ;
#5646 = CARTESIAN_POINT ( 'NONE',  ( -12.19327994960587169, 10.99999999999999289, -3.915690196391854450 ) ) ;
#5647 = EDGE_LOOP ( 'NONE', ( #7168, #5633, #3645, #1583 ) ) ;
#5648 = VECTOR ( 'NONE', #4461, 1000.000000000000000 ) ;
#5649 = CARTESIAN_POINT ( 'NONE',  ( 3.813706658335711541, -8.760488713725386845, -15.60127129129700307 ) ) ;
#5650 = CARTESIAN_POINT ( 'NONE',  ( 35.72365321699644625, -8.409830768856549454, -18.11379201976390618 ) ) ;
#5651 = CARTESIAN_POINT ( 'NONE',  ( 18.67998485599857972, 7.376906590005500419, -16.40131102332084723 ) ) ;
#5652 = CARTESIAN_POINT ( 'NONE',  ( -1.075894611501388765, -9.587420213624429977, -10.86759050633924240 ) ) ;
#5653 = CARTESIAN_POINT ( 'NONE',  ( -35.08630366734271888, 8.637632915036133952, -17.34005002830206621 ) ) ;
#5654 = CARTESIAN_POINT ( 'NONE',  ( 20.48908862545433252, -10.99999999999999822, -14.74377098210659831 ) ) ;
#5655 = ORIENTED_EDGE ( 'NONE', *, *, #4345, .T. ) ;
#5656 = CARTESIAN_POINT ( 'NONE',  ( -19.00000000000000000, -5.000000000000000000, -16.49999999999998579 ) ) ;
#5657 = CARTESIAN_POINT ( 'NONE',  ( 22.32373909280850199, -8.180975730733127449, -15.98996399223161191 ) ) ;
#5658 = AXIS2_PLACEMENT_3D ( 'NONE', #4476, #6963, #5742 ) ;
#5659 = CARTESIAN_POINT ( 'NONE',  ( -12.08778778570890289, 4.700698234200145542, -15.99999999999998224 ) ) ;
#5660 = FACE_OUTER_BOUND ( 'NONE', #3503, .T. ) ;
#5661 = CARTESIAN_POINT ( 'NONE',  ( 20.31266620255405542, -9.304428242855436793, -16.18555899708418266 ) ) ;
#5662 = CARTESIAN_POINT ( 'NONE',  ( 36.67281484980090767, -8.138539918950472796, -19.95455604540664396 ) ) ;
#5663 = CARTESIAN_POINT ( 'NONE',  ( 10.40469090043762712, 3.879734587090514442, -15.99999999999998934 ) ) ;
#5664 = CARTESIAN_POINT ( 'NONE',  ( 12.64923818727557858, 9.886196562445498159, -12.45521375021799315 ) ) ;
#5665 = CARTESIAN_POINT ( 'NONE',  ( 32.63187516120547116, 10.99999999999973532, -13.65051566240549263 ) ) ;
#5666 = ORIENTED_EDGE ( 'NONE', *, *, #3144, .F. ) ;
#5667 = CARTESIAN_POINT ( 'NONE',  ( -12.74326638589620053, 7.938965573688628652, -1.461376324261983495 ) ) ;
#5668 = VERTEX_POINT ( 'NONE', #3802 ) ;
#5669 = CARTESIAN_POINT ( 'NONE',  ( 23.12310562561766147, -6.999999999999997335, -11.99999999999995914 ) ) ;
#5670 = CARTESIAN_POINT ( 'NONE',  ( -16.61168069918421608, -11.00000000000000178, -12.27292482953903452 ) ) ;
#5671 = CARTESIAN_POINT ( 'NONE',  ( -16.76393202250018533, 7.578940846527620678, -15.95788169305523141 ) ) ;
#5672 = DIRECTION ( 'NONE',  ( 0.000000000000000000, 0.000000000000000000, -1.000000000000000000 ) ) ;
#5673 = CARTESIAN_POINT ( 'NONE',  ( -22.31662479035542290, 6.999999999999989342, -15.99999999999998934 ) ) ;
#5674 = CARTESIAN_POINT ( 'NONE',  ( -7.351489193682954948, 10.96971019676112746, -3.312856351800904875 ) ) ;
#5675 = AXIS2_PLACEMENT_3D ( 'NONE', #6600, #880, #5839 ) ;
#5676 = CIRCLE ( 'NONE', #3716, 4.000000000000000000 ) ;
#5677 = ORIENTED_EDGE ( 'NONE', *, *, #2778, .T. ) ;
#5678 = EDGE_CURVE ( 'NONE', #4651, #3074, #153, .T. ) ;
#5679 = CARTESIAN_POINT ( 'NONE',  ( 8.238964959113872055, 10.99999999999999645, -10.17268114137768542 ) ) ;
#5680 = CARTESIAN_POINT ( 'NONE',  ( -22.65032894622280324, -8.314230537497440565, -15.84712529887979215 ) ) ;
#5681 = CARTESIAN_POINT ( 'NONE',  ( 6.467682416965894632, 10.99999999999999822, -11.99999999999999467 ) ) ;
#5682 = CARTESIAN_POINT ( 'NONE',  ( 37.00000000000001421, -11.00000000000000355, -15.99999999999999645 ) ) ;
#5683 = DIRECTION ( 'NONE',  ( -0.000000000000000000, -1.000000000000000000, -0.000000000000000000 ) ) ;
#5684 = CARTESIAN_POINT ( 'NONE',  ( -1.534943986068242561, -6.912734961844648751, 1.722944798988021888E-13 ) ) ;
#5685 = EDGE_CURVE ( 'NONE', #3663, #3492, #411, .T. ) ;
#5686 = ADVANCED_FACE ( 'NONE', ( #4329 ), #6058, .T. ) ;
#5687 = CARTESIAN_POINT ( 'NONE',  ( -10.38267696902963699, 10.99999999999999112, -4.550057766704979301 ) ) ;
#5688 = CARTESIAN_POINT ( 'NONE',  ( 40.00000000000001421, 8.000000000000003553, -33.49999999999999289 ) ) ;
#5689 = EDGE_LOOP ( 'NONE', ( #798, #7760, #2644, #4788 ) ) ;
#5690 = CARTESIAN_POINT ( 'NONE',  ( 15.00347373057272904, -6.666666666666666075, -16.49999999999999289 ) ) ;
#5691 = DIRECTION ( 'NONE',  ( -7.796510004390144799E-17, 1.000000000000000000, 0.000000000000000000 ) ) ;
#5692 = CARTESIAN_POINT ( 'NONE',  ( 17.42486221445975758, 7.086552537461674461, -16.43416265612156835 ) ) ;
#5693 = CARTESIAN_POINT ( 'NONE',  ( -2.649238187275575918, -9.886196562445498159, -12.45521375021798782 ) ) ;
#5694 = CARTESIAN_POINT ( 'NONE',  ( -33.04909696183172940, 9.821317055044593403, -15.33259649146697079 ) ) ;
#5695 = EDGE_CURVE ( 'NONE', #3607, #5668, #6512, .T. ) ;
#5696 = CARTESIAN_POINT ( 'NONE',  ( 37.00000000000001421, -6.999999999999996447, -11.99999999999999645 ) ) ;
#5697 = APPROVAL_ROLE ( '' ) ;
#5698 = EDGE_CURVE ( 'NONE', #4823, #269, #6223, .T. ) ;
#5699 = CARTESIAN_POINT ( 'NONE',  ( 22.57378185923294822, -7.921720697221226182, -15.96688257856792603 ) ) ;
#5700 = CARTESIAN_POINT ( 'NONE',  ( -12.37862758169402611, 4.997204330571898723, -15.99999999999998224 ) ) ;
#5701 = FACE_OUTER_BOUND ( 'NONE', #7415, .T. ) ;
#5702 = CARTESIAN_POINT ( 'NONE',  ( -11.55552546669447445, 5.261304968253996073, -1.636052900066012894 ) ) ;
#5703 = CARTESIAN_POINT ( 'NONE',  ( 37.00000000000001421, 8.000000000000003553, -45.99999999999999289 ) ) ;
#5704 = CARTESIAN_POINT ( 'NONE',  ( 9.154554411183026374, 6.341750101147265894, -15.99999999999998934 ) ) ;
#5705 = CARTESIAN_POINT ( 'NONE',  ( -13.53231758303410892, 10.99999999999999467, -3.999999999999996447 ) ) ;
#5706 = CARTESIAN_POINT ( 'NONE',  ( 31.57450123727481639, 11.00000000000000355, -12.19150989834609966 ) ) ;
#5707 = ORIENTED_EDGE ( 'NONE', *, *, #1025, .F. ) ;
#5708 = CARTESIAN_POINT ( 'NONE',  ( -11.87616220467988981, 7.463084600370359034, 4.336808689942017243E-16 ) ) ;
#5709 = ORIENTED_EDGE ( 'NONE', *, *, #4946, .T. ) ;
#5710 = CARTESIAN_POINT ( 'NONE',  ( -37.09404422831423886, 10.99999999999999467, -15.21939977412774958 ) ) ;
#5711 = CARTESIAN_POINT ( 'NONE',  ( -18.11140801824066315, -11.00000000000000178, -12.79786986790459125 ) ) ;
#5712 = DIRECTION ( 'NONE',  ( -1.000000000000000000, -1.559302000878028960E-16, 0.000000000000000000 ) ) ;
#5713 = CARTESIAN_POINT ( 'NONE',  ( -10.81498850424662272, 4.740840815378623674, -1.684624266327406250 ) ) ;
#5714 = CARTESIAN_POINT ( 'NONE',  ( -2.570552431096327251, -7.255791592464748696, -14.55236471318667846 ) ) ;
#5715 = CARTESIAN_POINT ( 'NONE',  ( -6.037505669202732683, 9.645535946335021649, -0.9877973761361414917 ) ) ;
#5716 = ORIENTED_EDGE ( 'NONE', *, *, #4287, .T. ) ;
#5717 = B_SPLINE_CURVE_WITH_KNOTS ( 'NONE', 3,
 ( #5766, #7188, #4666, #4703, #5234, #7756, #1581, #4009, #4083, #234, #5156, #5194, #859, #7149, #277, #4045 ),
 .UNSPECIFIED., .F., .F.,
 ( 4, 2, 2, 2, 2, 2, 2, 4 ),
 ( 0.000000000000000000, 0.0004868514732665780043, 0.0009737029465331560087, 0.001460554419799733796, 0.001947405893066312017, 0.002434257366332889805, 0.002921108839599466725, 0.003894811786132617963 ),
 .UNSPECIFIED. ) ;
#5718 = CARTESIAN_POINT ( 'NONE',  ( 10.55269314590133156, 9.523461559882727911, -10.66679653847028497 ) ) ;
#5719 = SECURITY_CLASSIFICATION ( '', '', #1443 ) ;
#5720 = CARTESIAN_POINT ( 'NONE',  ( -19.84973065478065024, -9.508705573312381532, -16.00394179066741529 ) ) ;
#5721 = DIRECTION ( 'NONE',  ( 1.000000000000000000, -0.000000000000000000, -0.000000000000000000 ) ) ;
#5722 = CARTESIAN_POINT ( 'NONE',  ( -0.9000124042161032900, -11.00000000000000000, -6.155170134603295651 ) ) ;
#5723 = CARTESIAN_POINT ( 'NONE',  ( -36.99999999999999289, 7.999999999999989342, -21.16515138991166012 ) ) ;
#5724 = CARTESIAN_POINT ( 'NONE',  ( -19.67473143829500870, -11.00000000000000355, -12.85994353376537447 ) ) ;
#5725 = CARTESIAN_POINT ( 'NONE',  ( -12.36580994176332027, 9.825927553790595681, -4.032860831388521028 ) ) ;
#5726 = ORIENTED_EDGE ( 'NONE', *, *, #1295, .F. ) ;
#5727 = CARTESIAN_POINT ( 'NONE',  ( -33.95893993027754476, 9.191753440282537824, -16.24148412574307088 ) ) ;
#5728 = CARTESIAN_POINT ( 'NONE',  ( 15.30638454371573332, -7.810747978723616924, -15.92533131206015895 ) ) ;
#5729 = EDGE_CURVE ( 'NONE', #1514, #4870, #2249, .T. ) ;
#5730 = DIRECTION ( 'NONE',  ( 1.000000000000000000, 0.000000000000000000, 0.000000000000000000 ) ) ;
#5731 = CARTESIAN_POINT ( 'NONE',  ( 17.13661001875017220, 6.936396715132943314, -16.45612676359920812 ) ) ;
#5732 = CARTESIAN_POINT ( 'NONE',  ( -2.787118364362341616, -11.00000000000000000, -10.96131077579643609 ) ) ;
#5733 = CARTESIAN_POINT ( 'NONE',  ( -1.091511400614619680E-15, 6.999999999999995559, 0.000000000000000000 ) ) ;
#5734 = CARTESIAN_POINT ( 'NONE',  ( 18.84560031519177770, -10.99999999999999822, -12.94686106748030596 ) ) ;
#5735 = CARTESIAN_POINT ( 'NONE',  ( -12.73354802894933435, 7.892291527160406162, -14.55843513973320036 ) ) ;
#5736 = MECHANICAL_CONTEXT ( 'NONE', #7253, 'mechanical' ) ;
#5737 = CARTESIAN_POINT ( 'NONE',  ( 21.13128558737198759, -9.065315829102702949, -16.00297145596105963 ) ) ;
#5738 = DIRECTION ( 'NONE',  ( 1.000000000000000000, 1.802777518484588471E-15, 0.000000000000000000 ) ) ;
#5739 = CARTESIAN_POINT ( 'NONE',  ( 44.50000000000003553, 7.000000000000002665, -12.00000000000000000 ) ) ;
#5740 = EDGE_CURVE ( 'NONE', #6591, #5568, #5348, .T. ) ;
#5741 = CARTESIAN_POINT ( 'NONE',  ( -12.36536604358242641, 6.557067913399384551, -1.512275656578027760 ) ) ;
#5742 = DIRECTION ( 'NONE',  ( -1.000000000000000000, 9.180811436727079134E-16, 0.000000000000000000 ) ) ;
#5743 = CARTESIAN_POINT ( 'NONE',  ( 8.942970878444999272, 4.866931265568559262, -14.32702795804075180 ) ) ;
#5744 = EDGE_CURVE ( 'NONE', #7417, #7683, #1687, .T. ) ;
#5745 = AXIS2_PLACEMENT_3D ( 'NONE', #2, #702, #3197 ) ;
#5746 = EDGE_CURVE ( 'NONE', #6455, #2868, #117, .T. ) ;
#5747 = DIRECTION ( 'NONE',  ( -2.344220913482171656E-16, -0.000000000000000000, -1.000000000000000000 ) ) ;
#5748 = CARTESIAN_POINT ( 'NONE',  ( 34.91937113491039923, 11.00000000000000355, -13.59735145039870829 ) ) ;
#5749 = ORIENTED_EDGE ( 'NONE', *, *, #3390, .F. ) ;
#5750 = CARTESIAN_POINT ( 'NONE',  ( -13.01354035985180246, 10.38169997338587436, -1.859995217006081836 ) ) ;
#5751 = VERTEX_POINT ( 'NONE', #1748 ) ;
#5752 = CARTESIAN_POINT ( 'NONE',  ( -38.27342985956787658, 10.99999999999999289, -16.58337757278382085 ) ) ;
#5753 = AXIS2_PLACEMENT_3D ( 'NONE', #5622, #4479, #6399 ) ;
#5754 = CARTESIAN_POINT ( 'NONE',  ( -17.46607054476438137, -9.476101395769388702, -15.88905921635536167 ) ) ;
#5755 = FACE_OUTER_BOUND ( 'NONE', #7052, .T. ) ;
#5756 = CARTESIAN_POINT ( 'NONE',  ( -5.995757820424694629, 10.18403899177854832, -14.43581631531926845 ) ) ;
#5757 = DIRECTION ( 'NONE',  ( 1.224646799147353207E-16, -1.000000000000000000, -8.497694209043070260E-32 ) ) ;
#5758 = CARTESIAN_POINT ( 'NONE',  ( 18.14838586606262893, 7.912261968347820584, -15.92837251296634626 ) ) ;
#5759 = ORIENTED_EDGE ( 'NONE', *, *, #3195, .T. ) ;
#5760 = CARTESIAN_POINT ( 'NONE',  ( 9.523760717176672941, 10.99999999999999645, -11.44506737206267566 ) ) ;
#5761 = DIRECTION ( 'NONE',  ( -1.000000000000000000, 0.000000000000000000, 0.000000000000000000 ) ) ;
#5762 = CARTESIAN_POINT ( 'NONE',  ( -20.63034795237437891, -9.190625197090115606, -16.19287769817104561 ) ) ;
#5763 = CARTESIAN_POINT ( 'NONE',  ( -3.997711985849966787, -10.02040680946123707, -1.364136904078163681 ) ) ;
#5764 = CARTESIAN_POINT ( 'NONE',  ( 1.672401276539431825, -9.689852445499852251, -4.747779529334293258 ) ) ;
#5765 = B_SPLINE_CURVE_WITH_KNOTS ( 'NONE', 3,
 ( #4541, #2503, #5001, #7481, #1886, #6867, #3767, #6262, #5763, #7637, #1662, #6043, #7306, #7791, #2972, #2283, #7868, #2202 ),
 .UNSPECIFIED., .F., .F.,
 ( 4, 2, 2, 2, 2, 2, 2, 2, 4 ),
 ( 0.000000000000000000, 0.0007955008886252011840, 0.001591001777250402368, 0.002386502665875603769, 0.003182003554500805603, 0.003977504443126007871, 0.004773005331751209272, 0.005568506220376411540, 0.006364007109001615543 ),
 .UNSPECIFIED. ) ;
#5766 = CARTESIAN_POINT ( 'NONE',  ( 2.649238187275583911, -9.886196562445499936, -3.544786249782000631 ) ) ;
#5767 = CARTESIAN_POINT ( 'NONE',  ( 1.555525466694351655, -5.261304968253925018, -1.636052900065969817 ) ) ;
#5768 = DIRECTION ( 'NONE',  ( 0.8888540269160456475, 0.000000000000000000, 0.4581904831346125251 ) ) ;
#5769 = CARTESIAN_POINT ( 'NONE',  ( 7.255805039152572355, 7.942693726931874920, -14.53811665158793254 ) ) ;
#5770 = ORIENTED_EDGE ( 'NONE', *, *, #5099, .T. ) ;
#5771 = CARTESIAN_POINT ( 'NONE',  ( -35.47550395712575977, 8.497938021112748430, -17.80943322780819926 ) ) ;
#5772 = CARTESIAN_POINT ( 'NONE',  ( 8.085116304203015858, 4.551758125465771521, -0.000000000000000000 ) ) ;
#5773 = AXIS2_PLACEMENT_3D ( 'NONE', #7106, #3879, #4005 ) ;
#5774 = CARTESIAN_POINT ( 'NONE',  ( 38.09297465064465626, 11.00000000000000533, -16.33887405694445150 ) ) ;
#5775 = DIRECTION ( 'NONE',  ( -1.000000000000000000, 1.752700365193350001E-15, 0.000000000000000000 ) ) ;
#5776 = CARTESIAN_POINT ( 'NONE',  ( 19.00000000000000000, -0.9999999999999997780, -14.00000000000000000 ) ) ;
#5777 = CARTESIAN_POINT ( 'NONE',  ( -0.1945844808122070557, -3.857680430177361952, -15.99999999999998579 ) ) ;
#5778 = CARTESIAN_POINT ( 'NONE',  ( 21.38831930081454402, -10.99999999999999822, -12.27292482953965980 ) ) ;
#5779 = CARTESIAN_POINT ( 'NONE',  ( -13.00147256966349296, 9.327773813057422814, -13.87952196997583876 ) ) ;
#5780 = CIRCLE ( 'NONE', #940, 5.196152422706639129 ) ;
#5781 = CIRCLE ( 'NONE', #7850, 1.000000000000001776 ) ;
#5782 = ADVANCED_FACE ( 'NONE', ( #4246 ), #6110, .T. ) ;
#5783 = PERSON_AND_ORGANIZATION ( #5322, #1416 ) ;
#5784 = CARTESIAN_POINT ( 'NONE',  ( 21.22106619402038064, -8.898128806159633086, -16.21344197418410360 ) ) ;
#5785 = CARTESIAN_POINT ( 'NONE',  ( -22.31662479035541224, -1.000000000000000000, -16.99999999999998224 ) ) ;
#5786 = CARTESIAN_POINT ( 'NONE',  ( -3.673940397442059868E-16, -11.00000000000000000, -8.000000000000001776 ) ) ;
#5787 = CARTESIAN_POINT ( 'NONE',  ( -10.06719011727414781, 6.234765669401279631, -4.561402361305200241E-14 ) ) ;
#5788 = CARTESIAN_POINT ( 'NONE',  ( 38.27333079154212925, -10.99999999999999645, -16.58323815206025031 ) ) ;
#5789 = CARTESIAN_POINT ( 'NONE',  ( 8.966493198970972855, 4.042619214253272197, -15.99999999999998934 ) ) ;
#5790 = AXIS2_PLACEMENT_3D ( 'NONE', #4095, #2256, #7161 ) ;
#5791 = CARTESIAN_POINT ( 'NONE',  ( -14.40052264917233593, -7.376672612055140910, -15.99999999999998579 ) ) ;
#5792 = B_SPLINE_CURVE_WITH_KNOTS ( 'NONE', 3,
 ( #1102, #7194, #3556, #6009, #6584, #2327, #360, #6620, #5470, #7357, #1754, #6700, #980, #4827, #7314, #7235, #1016, #5973 ),
 .UNSPECIFIED., .F., .F.,
 ( 4, 2, 2, 2, 2, 2, 2, 2, 4 ),
 ( 0.000000000000000000, 0.0007947351212398741241, 0.001589470242479750850, 0.002384205363719629420, 0.003178940484959507772, 0.003973675606199386125, 0.004768410727439264911, 0.005563145848679142830, 0.006357880969919021616 ),
 .UNSPECIFIED. ) ;
#5793 = CARTESIAN_POINT ( 'NONE',  ( 31.48039451934640809, 11.00000000000000355, -12.48042012653243837 ) ) ;
#5794 = ORIENTED_EDGE ( 'NONE', *, *, #3595, .T. ) ;
#5795 = CARTESIAN_POINT ( 'NONE',  ( -13.70684283055906505, 10.97820292271294740, -3.511198846992740652 ) ) ;
#5796 = ORIENTED_EDGE ( 'NONE', *, *, #992, .F. ) ;
#5797 = EDGE_CURVE ( 'NONE', #6884, #3828, #5841, .T. ) ;
#5798 = ADVANCED_FACE ( 'NONE', ( #359 ), #3131, .F. ) ;
#5799 = AXIS2_PLACEMENT_3D ( 'NONE', #2960, #1120, #3701 ) ;
#5800 = CARTESIAN_POINT ( 'NONE',  ( -35.43865080044201221, 10.99999999999999467, -13.90702999528215855 ) ) ;
#5801 = CARTESIAN_POINT ( 'NONE',  ( -6.997620182972577929, 10.19182349329694404, -14.42110773144264790 ) ) ;
#5802 = DIRECTION ( 'NONE',  ( -0.4581904831346127471, -1.168374867385277342E-15, -0.8888540269160454255 ) ) ;
#5803 = CARTESIAN_POINT ( 'NONE',  ( -6.341243818195054338, 8.027738148435403787, -15.87436822819592308 ) ) ;
#5804 = CARTESIAN_POINT ( 'NONE',  ( -6.066841397260902546, 9.435867490376965705, -0.8162213687002413121 ) ) ;
#5805 = AXIS2_PLACEMENT_3D ( 'NONE', #4320, #6166, #6856 ) ;
#5806 =( BOUNDED_SURFACE ( )  B_SPLINE_SURFACE ( 3, 2, ( 
 ( #754, #3861, #3293 ),
 ( #7616, #1371, #132 ),
 ( #1325, #6880, #3822 ),
 ( #94, #1287, #6318 ),
 ( #6359, #3248, #3779 ),
 ( #6276, #3208, #5662 ),
 ( #56, #2597, #2637 ),
 ( #5089, #1409, #11 ),
 ( #5131, #7004, #3903 ),
 ( #5788, #2560, #7534 ),
 ( #1937, #4973, #4350 ),
 ( #7449, #5620, #1854 ),
 ( #6842, #1250, #3739 ),
 ( #6236, #3123, #2515 ),
 ( #5011, #7495, #2064 ),
 ( #4566, #3335, #1448 ),
 ( #7047, #3942, #6438 ),
 ( #834, #5832, #2680 ),
 ( #5175, #7657, #2399 ),
 ( #7989, #4276, #5550 ),
 ( #1211, #512, #6124 ),
 ( #4780, #2280, #3625 ),
 ( #7941, #6768, #3010 ),
 ( #2318, #7303, #1129 ),
 ( #5459, #1170, #1701 ),
 ( #2355, #7419, #6162 ),
 ( #6729, #6040, #5503 ),
 ( #4905, #7383, #1780 ) ),
 .UNSPECIFIED., .F., .F., .T. ) 
 B_SPLINE_SURFACE_WITH_KNOTS ( ( 4, 2, 2, 2, 2, 2, 2, 2, 2, 2, 2, 2, 2, 4 ),
 ( 3, 3 ),
 ( 0.000000000000000000, 0.001805731722920767826, 0.002708597584381151630, 0.003611463445841535651, 0.005417195168762303260, 0.006320061030222687282, 0.007222926891683071303, 0.008125792753143455324, 0.009028658614603838478, 0.01083439033752460652, 0.01173725619898498967, 0.01264012206044537456, 0.01354298792190575945, 0.01444585378336614261 ),
 ( 0.000000000000000000, 1.000000000000000000 ),
 .UNSPECIFIED. ) 
 GEOMETRIC_REPRESENTATION_ITEM ( )  RATIONAL_B_SPLINE_SURFACE ( (
 ( 1.000000000000000000, 0.7071067811865475727, 1.000000000000000000),
 ( 1.000000000000000000, 0.7094877807640392886, 1.000000000000000000),
 ( 1.000000000000000000, 0.7122278447124211764, 1.000000000000000000),
 ( 1.000000000000000000, 0.7172929564180154927, 1.000000000000000000),
 ( 1.000000000000000000, 0.7191505587810227418, 1.000000000000000000),
 ( 1.000000000000000000, 0.7232525098388606910, 1.000000000000000000),
 ( 1.000000000000000000, 0.7254856015172999051, 1.000000000000000000),
 ( 1.000000000000000000, 0.7328999304051905250, 1.000000000000000000),
 ( 1.000000000000000000, 0.7387617484444107818, 1.000000000000000000),
 ( 1.000000000000000000, 0.7500655001557671175, 1.000000000000000000),
 ( 1.000000000000000000, 0.7542473685734970568, 1.000000000000000000),
 ( 1.000000000000000000, 0.7635517750323624897, 1.000000000000000000),
 ( 1.000000000000000000, 0.7686904199418312933, 1.000000000000000000),
 ( 1.000000000000000000, 0.7802327255438622489, 1.000000000000000000),
 ( 1.000000000000000000, 0.7866369209602009915, 1.000000000000000000),
 ( 1.000000000000000000, 0.8010675454619521352, 1.000000000000000000),
 ( 1.000000000000000000, 0.8091306414902910138, 1.000000000000000000),
 ( 1.000000000000000000, 0.8360306075361689793, 1.000000000000000000),
 ( 1.000000000000000000, 0.8578168895873610200, 1.000000000000000000),
 ( 1.000000000000000000, 0.8954014281917600515, 1.000000000000000000),
 ( 1.000000000000000000, 0.9086379367478670810, 1.000000000000000000),
 ( 1.000000000000000000, 0.9350099031491668766, 1.000000000000000000),
 ( 1.000000000000000000, 0.9481495851501896555, 1.000000000000000000),
 ( 1.000000000000000000, 0.9715737857692322565, 1.000000000000000000),
 ( 1.000000000000000000, 0.9818044557974059394, 1.000000000000000000),
 ( 1.000000000000000000, 0.9960585661882348507, 1.000000000000000000),
 ( 1.000000000000000000, 1.000044899600110115, 1.000000000000000000),
 ( 1.000000000000000000, 1.000000000000000000, 1.000000000000000000) ) ) 
 REPRESENTATION_ITEM ( '' )  SURFACE ( )  );
#5807 = ORIENTED_EDGE ( 'NONE', *, *, #1636, .F. ) ;
#5808 = CARTESIAN_POINT ( 'NONE',  ( 9.729764918717263456, 9.504616787334809302, -10.61127474998241205 ) ) ;
#5809 = EDGE_CURVE ( 'NONE', #4951, #2955, #1342, .T. ) ;
#5810 = TOROIDAL_SURFACE ( 'NONE', #6333, 4.472135954999578722, 1.000000000000000000 ) ;
#5811 = AXIS2_PLACEMENT_3D ( 'NONE', #5890, #3965, #3923 ) ;
#5812 = CARTESIAN_POINT ( 'NONE',  ( -20.39276367998458994, -9.531596063960694920, -15.87055042477427236 ) ) ;
#5813 = CARTESIAN_POINT ( 'NONE',  ( -21.97419517882084605, 7.227142107713460106, -15.99999999999999289 ) ) ;
#5814 = CARTESIAN_POINT ( 'NONE',  ( -0.1775566839521096896, -11.00000000000000000, -6.268340756684408710 ) ) ;
#5815 = CARTESIAN_POINT ( 'NONE',  ( -14.00432740540289878, 10.18832505840800806, -14.43029402895590785 ) ) ;
#5816 = CIRCLE ( 'NONE', #1619, 3.726779962499648935 ) ;
#5817 = CARTESIAN_POINT ( 'NONE',  ( 0.03243828811342731877, -6.239211094213913178, -8.989339211134855371E-14 ) ) ;
#5818 = ORIENTED_EDGE ( 'NONE', *, *, #6775, .F. ) ;
#5819 = CARTESIAN_POINT ( 'NONE',  ( -7.619691895096623035, 10.99999999999966427, -3.717267775922886042 ) ) ;
#5820 = CARTESIAN_POINT ( 'NONE',  ( 7.105650530016984767, 8.590512462804481331, -14.35834193155477934 ) ) ;
#5821 = ORIENTED_EDGE ( 'NONE', *, *, #3252, .F. ) ;
#5822 = CARTESIAN_POINT ( 'NONE',  ( -38.77703913106680744, 10.99999999999999289, -17.33930648609214131 ) ) ;
#5823 = CARTESIAN_POINT ( 'NONE',  ( 17.42480718800657513, 7.086523868942058435, -16.43416685579279246 ) ) ;
#5824 = CARTESIAN_POINT ( 'NONE',  ( 40.00000000000001421, 11.00000000000000355, -36.50000000000000000 ) ) ;
#5825 = CARTESIAN_POINT ( 'NONE',  ( 2.650218758261520424, -11.00000000000000000, -10.82726846818865774 ) ) ;
#5826 = CARTESIAN_POINT ( 'NONE',  ( -0.8136078781546044469, -3.968364123520518927, -15.99999999999998579 ) ) ;
#5827 = CARTESIAN_POINT ( 'NONE',  ( 16.84807117514261776, -10.99999999999999645, -14.81696299826077379 ) ) ;
#5828 = CARTESIAN_POINT ( 'NONE',  ( 12.36775405985449794, 6.564515399815148200, -1.511570294217371435 ) ) ;
#5829 = CARTESIAN_POINT ( 'NONE',  ( -3.005431845778704147, -10.55690628904325479, -2.153742857119330001 ) ) ;
#5830 = CARTESIAN_POINT ( 'NONE',  ( -44.49999999999997158, 10.99999999999998934, -20.00000000000000000 ) ) ;
#5831 = CARTESIAN_POINT ( 'NONE',  ( 22.34242324874902508, -7.905411773123809382, -16.32247146139989979 ) ) ;
#5832 = CARTESIAN_POINT ( 'NONE',  ( 34.39375452036374270, -10.99999999999999467, -15.58436172863457614 ) ) ;
#5833 = CARTESIAN_POINT ( 'NONE',  ( 21.76385399196283288, -1.666666666666666519, -16.49999999999999645 ) ) ;
#5834 = DIRECTION ( 'NONE',  ( -7.796510004390144799E-17, 1.000000000000000000, 0.000000000000000000 ) ) ;
#5835 = EDGE_CURVE ( 'NONE', #5954, #6591, #943, .T. ) ;
#5836 = ADVANCED_FACE ( 'NONE', ( #522 ), #6398, .T. ) ;
#5837 = CARTESIAN_POINT ( 'NONE',  ( 31.38300082435136673, 10.95249123819347048, -12.76528946821984967 ) ) ;
#5838 = ORIENTED_EDGE ( 'NONE', *, *, #5685, .F. ) ;
#5839 = DIRECTION ( 'NONE',  ( 0.000000000000000000, 0.000000000000000000, -1.000000000000000000 ) ) ;
#5840 = VERTEX_POINT ( 'NONE', #1753 ) ;
#5841 = B_SPLINE_CURVE_WITH_KNOTS ( 'NONE', 3,
 ( #7877, #440, #7234, #2942, #2326, #7313, #6619, #5433, #2290, #2978, #6583, #7913, #1628, #7798, #979, #3514 ),
 .UNSPECIFIED., .F., .F.,
 ( 4, 2, 2, 2, 2, 2, 2, 4 ),
 ( 0.004018078112346628109, 0.004521866284864915764, 0.005025654457383203419, 0.005529442629901491074, 0.006033230802419778729, 0.006537018974938066385, 0.007040807147456353172, 0.008048383492492929350 ),
 .UNSPECIFIED. ) ;
#5842 = CARTESIAN_POINT ( 'NONE',  ( 7.429447568903677634, 7.255791592464746032, -1.447635286813311106 ) ) ;
#5843 = CARTESIAN_POINT ( 'NONE',  ( -7.001692629728263562, 9.280029756719946121, -13.92351689679707683 ) ) ;
#5844 = DIRECTION ( 'NONE',  ( 0.000000000000000000, 0.000000000000000000, -1.000000000000000000 ) ) ;
#5845 = CARTESIAN_POINT ( 'NONE',  ( -10.66019041290203795, 4.679210437792853838, -1.690274112582277111 ) ) ;
#5846 = CARTESIAN_POINT ( 'NONE',  ( 18.16443590723019241, 10.99999999999971401, -15.20413934573002379 ) ) ;
#5847 = ADVANCED_FACE ( 'NONE', ( #3103 ), #4751, .F. ) ;
#5848 = ORIENTED_EDGE ( 'NONE', *, *, #1381, .T. ) ;
#5849 = CARTESIAN_POINT ( 'NONE',  ( 11.67240127653939830, 9.689852445499855804, -11.25222047066569075 ) ) ;
#5850 = CARTESIAN_POINT ( 'NONE',  ( -16.71841486011077649, -8.983545633773509564, -16.00266376133051693 ) ) ;
#5851 = CARTESIAN_POINT ( 'NONE',  ( 37.00000000000001421, -7.999999999999996447, -33.49999999999999289 ) ) ;
#5852 = CARTESIAN_POINT ( 'NONE',  ( 2.654326885047715301, -11.00000000000000000, -5.168906092848930989 ) ) ;
#5853 = EDGE_CURVE ( 'NONE', #586, #1605, #2282, .T. ) ;
#5854 =( BOUNDED_SURFACE ( )  B_SPLINE_SURFACE ( 3, 2, ( 
 ( #4071, #964, #3464 ),
 ( #5583, #6200, #8061 ),
 ( #2475, #12, #2435 ),
 ( #593, #1772, #3124 ),
 ( #5012, #4309, #1121 ),
 ( #2516, #4974, #7450 ),
 ( #5541, #4351, #5621 ),
 ( #3087, #1855, #6843 ),
 ( #2390, #6799, #3702 ),
 ( #3045, #546, #1251 ),
 ( #8024, #7496, #3740 ),
 ( #6760, #1203, #6237 ) ),
 .UNSPECIFIED., .F., .F., .T. ) 
 B_SPLINE_SURFACE_WITH_KNOTS ( ( 4, 2, 2, 2, 2, 4 ),
 ( 3, 3 ),
 ( 0.000000000000000000, 0.001155296824059887269, 0.002310593648119774537, 0.002888242060149718172, 0.003465890472179661806, 0.004621187296239549075 ),
 ( 0.000000000000000000, 1.000000000000000000 ),
 .UNSPECIFIED. ) 
 GEOMETRIC_REPRESENTATION_ITEM ( )  RATIONAL_B_SPLINE_SURFACE ( (
 ( 1.000000000000000000, 0.8944271909999154113, 1.000000000000000000),
 ( 1.000000000000000000, 0.9044128828121378305, 1.000000000000000000),
 ( 1.000000000000000000, 0.9097133415925914290, 1.000000000000000000),
 ( 1.000000000000000000, 0.9166808111804812809, 1.000000000000000000),
 ( 1.000000000000000000, 0.9181869984928238138, 1.000000000000000000),
 ( 1.000000000000000000, 0.9181917827503819352, 1.000000000000000000),
 ( 1.000000000000000000, 0.9178095027040615861, 1.000000000000000000),
 ( 1.000000000000000000, 0.9162041738202548746, 1.000000000000000000),
 ( 1.000000000000000000, 0.9149707773868150928, 1.000000000000000000),
 ( 1.000000000000000000, 0.9097333154258206989, 1.000000000000000000),
 ( 1.000000000000000000, 0.9044132386409389213, 1.000000000000000000),
 ( 1.000000000000000000, 0.8944271909999154113, 1.000000000000000000) ) ) 
 REPRESENTATION_ITEM ( '' )  SURFACE ( )  );
#5855 = DIRECTION ( 'NONE',  ( 0.000000000000000000, 0.000000000000000000, 1.000000000000000000 ) ) ;
#5856 = CARTESIAN_POINT ( 'NONE',  ( 0.1945844808121984515, -3.857680430177512498, 0.000000000000000000 ) ) ;
#5857 = VERTEX_POINT ( 'NONE', #7906 ) ;
#5858 = CARTESIAN_POINT ( 'NONE',  ( -7.477690033273069581, 9.858093143179068818, -3.798043015358962826 ) ) ;
#5859 = CARTESIAN_POINT ( 'NONE',  ( 5.995472536605694458, 10.19432977147740793, -14.42281789340409581 ) ) ;
#5860 = ORIENTED_EDGE ( 'NONE', *, *, #1540, .T. ) ;
#5861 = CARTESIAN_POINT ( 'NONE',  ( -37.71325593607465265, 10.99999999999999289, -15.87168134994416313 ) ) ;
#5862 = CARTESIAN_POINT ( 'NONE',  ( -39.99999999999998579, -8.000000000000003553, -36.50000000000000000 ) ) ;
#5863 = CARTESIAN_POINT ( 'NONE',  ( -12.64923818727558391, 9.886196562445492830, -3.544786249782000187 ) ) ;
#5864 = CARTESIAN_POINT ( 'NONE',  ( -0.1925200803823763074, -11.00000000000000000, -9.732458530650884398 ) ) ;
#5865 = CARTESIAN_POINT ( 'NONE',  ( 0.6282028647199416893, -4.669058451229361140, -14.30879632739031138 ) ) ;
#5866 = CARTESIAN_POINT ( 'NONE',  ( 19.00000000000000000, -1.000000000000000000, -14.00000000000000000 ) ) ;
#5867 = DIRECTION ( 'NONE',  ( 0.4619936418340695461, -0.8868832363422446408, 0.000000000000000000 ) ) ;
#5868 = CARTESIAN_POINT ( 'NONE',  ( -3.532317583034110697, -11.00000000000000000, -3.999999999999996447 ) ) ;
#5869 = CARTESIAN_POINT ( 'NONE',  ( 6.467682416965887526, 10.99999999999999822, -3.999999999999996447 ) ) ;
#5870 = DIRECTION ( 'NONE',  ( -1.000000000000000000, -1.559302000878028960E-16, 0.000000000000000000 ) ) ;
#5871 = CARTESIAN_POINT ( 'NONE',  ( 11.18136344869783372, 4.946870286864759159, -14.33444622978516492 ) ) ;
#5872 = FACE_OUTER_BOUND ( 'NONE', #40, .T. ) ;
#5873 = CARTESIAN_POINT ( 'NONE',  ( -36.01590264169551858, -8.323781102229830253, -18.53982123034559493 ) ) ;
#5874 = ORIENTED_EDGE ( 'NONE', *, *, #4955, .F. ) ;
#5875 = CARTESIAN_POINT ( 'NONE',  ( -22.34228674753313371, -7.905567466123941678, -16.32245125178194556 ) ) ;
#5876 = VERTEX_POINT ( 'NONE', #4200 ) ;
#5877 = CARTESIAN_POINT ( 'NONE',  ( 24.50000000000002487, -6.999999999999997335, -4.000000000000000000 ) ) ;
#5878 = CARTESIAN_POINT ( 'NONE',  ( -6.186486928359351545, 8.759500271395161519, -15.60177223933701995 ) ) ;
#5879 = CARTESIAN_POINT ( 'NONE',  ( -10.17755668395213853, 10.99999999999999289, -9.731659243315432306 ) ) ;
#5880 = CARTESIAN_POINT ( 'NONE',  ( -1.792515177264607074, -9.711854133359000940, -11.34176004749228817 ) ) ;
#5881 = CARTESIAN_POINT ( 'NONE',  ( -7.350761812724421418, 9.886196562445494607, -12.45521375021799138 ) ) ;
#5882 = CARTESIAN_POINT ( 'NONE',  ( 19.83368039460199839, 11.00000000000000000, -15.20386787209701218 ) ) ;
#5883 = ORIENTED_EDGE ( 'NONE', *, *, #4322, .T. ) ;
#5884 = VECTOR ( 'NONE', #4782, 1000.000000000000000 ) ;
#5885 = CARTESIAN_POINT ( 'NONE',  ( 13.00237981702733592, 10.19182349329661186, -14.42110773144263014 ) ) ;
#5886 = CARTESIAN_POINT ( 'NONE',  ( -19.34378424481148784, -9.574985670444609909, -16.00400693903484139 ) ) ;
#5887 = CARTESIAN_POINT ( 'NONE',  ( 37.00000000000001421, 8.000000000000003553, -21.94987437106619765 ) ) ;
#5888 = CIRCLE ( 'NONE', #2352, 1.000000000000000000 ) ;
#5889 = CARTESIAN_POINT ( 'NONE',  ( -1.320776280566191119, -9.625795683396313862, -5.005770276675528763 ) ) ;
#5890 = CARTESIAN_POINT ( 'NONE',  ( 13.80384757729336442, -5.000000000000000000, -16.99999999999999289 ) ) ;
#5891 = ORIENTED_EDGE ( 'NONE', *, *, #1252, .F. ) ;
#5892 = CARTESIAN_POINT ( 'NONE',  ( -8.234782235833828068, 10.99999999999999289, -4.232136915246567099 ) ) ;
#5893 = EDGE_CURVE ( 'NONE', #3062, #8037, #5477, .T. ) ;
#5894 = CARTESIAN_POINT ( 'NONE',  ( 8.123837795320099531, 7.463084600370358146, -15.99999999999998934 ) ) ;
#5895 = ORIENTED_EDGE ( 'NONE', *, *, #7672, .T. ) ;
#5896 = CARTESIAN_POINT ( 'NONE',  ( -36.41640806355702153, 10.99999999999999289, -14.62292441893442607 ) ) ;
#5897 = CARTESIAN_POINT ( 'NONE',  ( 11.03350680144857066, 4.042619213260193689, -0.000000000000000000 ) ) ;
#5898 = CARTESIAN_POINT ( 'NONE',  ( -11.09622884350453731, 9.587309324621324791, -5.134553197367746513 ) ) ;
#5899 = CARTESIAN_POINT ( 'NONE',  ( 1.885171351968667697, -5.658110321167378665, -14.40168726976513192 ) ) ;
#5900 = CARTESIAN_POINT ( 'NONE',  ( -2.998094909591555002, -9.545376620004953239, -13.63448666920286634 ) ) ;
#5901 = AXIS2_PLACEMENT_3D ( 'NONE', #2809, #2157, #4034 ) ;
#5902 = CARTESIAN_POINT ( 'NONE',  ( -40.49999999999996447, -8.000000000000003553, -33.49999999999999289 ) ) ;
#5903 = CARTESIAN_POINT ( 'NONE',  ( -8.283865799807719199, 7.160681696375134742, -15.99999999999998579 ) ) ;
#5904 = DIRECTION ( 'NONE',  ( 0.6708203932499361422, 0.000000000000000000, -0.7416198487095670977 ) ) ;
#5905 = CARTESIAN_POINT ( 'NONE',  ( -2.658233231587859180, -7.601068976516405229, -14.56810844718693332 ) ) ;
#5906 = DIRECTION ( 'NONE',  ( 0.000000000000000000, 0.000000000000000000, -1.000000000000000000 ) ) ;
#5907 = CARTESIAN_POINT ( 'NONE',  ( -18.58579826380453071, 11.00000000000057732, -15.16567519039257306 ) ) ;
#5908 = AXIS2_PLACEMENT_3D ( 'NONE', #1637, #1022, #4995 ) ;
#5909 = CARTESIAN_POINT ( 'NONE',  ( -36.99999999999999289, -8.000000000000003553, -21.94987437106618344 ) ) ;
#5910 = EDGE_LOOP ( 'NONE', ( #2553, #553, #7261, #5179, #6967 ) ) ;
#5911 = CARTESIAN_POINT ( 'NONE',  ( 15.52385768956451884, -8.441788505507519247, -15.84696304231060537 ) ) ;
#5912 = ORIENTED_EDGE ( 'NONE', *, *, #3646, .T. ) ;
#5913 = VECTOR ( 'NONE', #3420, 1000.000000000000000 ) ;
#5914 = CARTESIAN_POINT ( 'NONE',  ( -23.12310562561767213, -11.00000000000000178, -15.71294882876973631 ) ) ;
#5915 = CARTESIAN_POINT ( 'NONE',  ( -9.086109764614695550, 10.99999999999999289, -9.848618644158401381 ) ) ;
#5916 = B_SPLINE_CURVE_WITH_KNOTS ( 'NONE', 3,
 ( #3661, #4935, #6680, #6118, #1081, #5495, #3088, #3741, #4975, #7413 ),
 .UNSPECIFIED., .F., .F.,
 ( 4, 2, 2, 2, 4 ),
 ( 0.003422628982076911588, 0.004279752395304896838, 0.005136875808532882087, 0.005993999221760868204, 0.006851122634988853453 ),
 .UNSPECIFIED. ) ;
#5917 = CARTESIAN_POINT ( 'NONE',  ( -22.31662479035541224, -0.9999999999999997780, -16.99999999999998224 ) ) ;
#5918 = CARTESIAN_POINT ( 'NONE',  ( 11.99855160189019543, 9.752453001052863613, -4.465356247839328496 ) ) ;
#5919 = CARTESIAN_POINT ( 'NONE',  ( 7.243297029098696882, 5.497409855380179344, -15.99999999999999289 ) ) ;
#5920 = CIRCLE ( 'NONE', #2914, 5.999999999999998224 ) ;
#5921 = ORIENTED_EDGE ( 'NONE', *, *, #7029, .F. ) ;
#5922 = CARTESIAN_POINT ( 'NONE',  ( 12.97309899202928030, 9.672868643860889293, -13.43270079292797448 ) ) ;
#5923 = CARTESIAN_POINT ( 'NONE',  ( -36.17698979354676680, -11.00000000000000355, -14.43582527244195113 ) ) ;
#5924 = CARTESIAN_POINT ( 'NONE',  ( -15.37728339970467495, -7.872293614545854190, -15.95566188237207150 ) ) ;
#5925 = DIRECTION ( 'NONE',  ( 1.000000000000000000, 7.796510004390144799E-17, -0.000000000000000000 ) ) ;
#5926 = AXIS2_PLACEMENT_3D ( 'NONE', #724, #6451, #1458 ) ;
#5927 = CARTESIAN_POINT ( 'NONE',  ( -13.42740324146176256, 6.999999999999993783, 0.000000000000000000 ) ) ;
#5928 = CARTESIAN_POINT ( 'NONE',  ( -19.00000000000000000, -5.000000000000000000, -15.99999999999998224 ) ) ;
#5929 = EDGE_CURVE ( 'NONE', #7683, #3149, #2320, .T. ) ;
#5930 = ORIENTED_EDGE ( 'NONE', *, *, #6569, .T. ) ;
#5931 = CARTESIAN_POINT ( 'NONE',  ( 37.00000000000001421, -10.99999999999999645, -11.99999999999999645 ) ) ;
#5932 = AXIS2_PLACEMENT_3D ( 'NONE', #5739, #752, #1895 ) ;
#5933 = CIRCLE ( 'NONE', #2671, 3.000000000000002665 ) ;
#5934 = CARTESIAN_POINT ( 'NONE',  ( 15.37760537131401861, -7.872608962161381285, -15.95575183051998813 ) ) ;
#5935 = VERTEX_POINT ( 'NONE', #1703 ) ;
#5936 = B_SPLINE_CURVE_WITH_KNOTS ( 'NONE', 3,
 ( #1182, #4954, #3759, #3105 ),
 .UNSPECIFIED., .F., .F.,
 ( 4, 4 ),
 ( 0.000000000000000000, 0.001084640833607708899 ),
 .UNSPECIFIED. ) ;
#5937 = CARTESIAN_POINT ( 'NONE',  ( -7.483321089476173249, 5.135406530472857334, -15.99999999999998579 ) ) ;
#5938 = CARTESIAN_POINT ( 'NONE',  ( -18.81624048680945904, -9.722895117134426002, -15.87580228018845041 ) ) ;
#5939 = DIRECTION ( 'NONE',  ( -2.312964634635743450E-16, 0.000000000000000000, 1.000000000000000000 ) ) ;
#5940 = VECTOR ( 'NONE', #286, 1000.000000000000000 ) ;
#5941 = EDGE_CURVE ( 'NONE', #7340, #6926, #2703, .T. ) ;
#5942 = EDGE_CURVE ( 'NONE', #8037, #5954, #7084, .T. ) ;
#5943 = CARTESIAN_POINT ( 'NONE',  ( 2.481077098586499829, -6.900016724966050674, -14.52033594072387856 ) ) ;
#5944 = CARTESIAN_POINT ( 'NONE',  ( 12.51356180127930173, 5.159211858540057705, 0.000000000000000000 ) ) ;
#5945 = CARTESIAN_POINT ( 'NONE',  ( 22.65156429389971393, -7.845029292302698742, -15.94618726313790802 ) ) ;
#5946 = CARTESIAN_POINT ( 'NONE',  ( -8.123837795320095978, 7.463084600370352817, -15.99999999999998579 ) ) ;
#5947 = CARTESIAN_POINT ( 'NONE',  ( 6.140942030346411507, 8.995376964506380801, -0.5233028693294288214 ) ) ;
#5948 = CARTESIAN_POINT ( 'NONE',  ( -3.997743158644537331, -10.02008911957836013, -14.63642759471309951 ) ) ;
#5949 = CARTESIAN_POINT ( 'NONE',  ( 18.16827381870054481, -9.426233916546285840, -16.17813405615732592 ) ) ;
#5950 = EDGE_CURVE ( 'NONE', #576, #758, #5554, .T. ) ;
#5951 = DIRECTION ( 'NONE',  ( -1.000000000000000000, 0.000000000000000000, 0.000000000000000000 ) ) ;
#5952 = ORIENTED_EDGE ( 'NONE', *, *, #4443, .T. ) ;
#5953 = CARTESIAN_POINT ( 'NONE',  ( -16.77893381186832755, -8.898128809279318929, -16.21344197457729663 ) ) ;
#5954 = VERTEX_POINT ( 'NONE', #7992 ) ;
#5955 = B_SPLINE_CURVE_WITH_KNOTS ( 'NONE', 3,
 ( #6529, #1001, #5376, #1613, #5919, #2311, #5960, #7859, #2271, #345, #7295, #4693, #3421, #4110, #1691, #4191, #6678, #461, #924, #5267, #7748, #5304, #2158, #6566, #4659, #7140, #307, #1539 ),
 .UNSPECIFIED., .F., .F.,
 ( 4, 2, 2, 2, 2, 2, 2, 2, 2, 2, 2, 2, 2, 4 ),
 ( 8.673617379884035472E-19, 0.001233084968442456613, 0.001849627452663683835, 0.002466169936884911058, 0.003082712421106138280, 0.003699254905327365502, 0.004315797389548592725, 0.004932339873769820381, 0.005548882357991047169, 0.006165424842212273090, 0.006781967326433499879, 0.007398509810654727535, 0.008631594779097178510, 0.009864679747539632088 ),
 .UNSPECIFIED. ) ;
#5956 = CARTESIAN_POINT ( 'NONE',  ( -23.03445605536767715, -10.99999999999914024, -15.58761982849849481 ) ) ;
#5957 = DIRECTION ( 'NONE',  ( -1.559302000878028960E-16, 1.000000000000000000, 0.000000000000000000 ) ) ;
#5958 = CARTESIAN_POINT ( 'NONE',  ( -2.787118364685609251, -11.00000000000000178, -10.96131077555325284 ) ) ;
#5959 = DIRECTION ( 'NONE',  ( 0.000000000000000000, 0.000000000000000000, 1.000000000000000000 ) ) ;
#5960 = CARTESIAN_POINT ( 'NONE',  ( 7.621372419390469055, 4.997204331729181881, -15.99999999999999289 ) ) ;
#5961 = ORIENTED_EDGE ( 'NONE', *, *, #6090, .F. ) ;
#5962 = CARTESIAN_POINT ( 'NONE',  ( -40.49999999999996447, 10.99999999999998934, -33.49999999999999289 ) ) ;
#5963 = CARTESIAN_POINT ( 'NONE',  ( -40.00000000000000711, -11.00000000000000355, -21.94987437106618344 ) ) ;
#5964 = CARTESIAN_POINT ( 'NONE',  ( -15.81559893908007020, -8.099939930440212876, -16.29282394389898414 ) ) ;
#5965 = DIRECTION ( 'NONE',  ( 0.000000000000000000, 1.000000000000000000, 0.000000000000000000 ) ) ;
#5966 = CARTESIAN_POINT ( 'NONE',  ( -6.691902512934055025, 6.600349521458935165, 0.000000000000000000 ) ) ;
#5967 = DIRECTION ( 'NONE',  ( 1.000000000000000000, -0.000000000000000000, -0.000000000000000000 ) ) ;
#5968 = VERTEX_POINT ( 'NONE', #7507 ) ;
#5969 = CARTESIAN_POINT ( 'NONE',  ( 16.76393202250021019, 11.00000000000000000, -11.99999999999999289 ) ) ;
#5970 = CARTESIAN_POINT ( 'NONE',  ( 14.95800906672343977, -8.078668910043829143, -15.85458370435688735 ) ) ;
#5971 = ORIENTED_EDGE ( 'NONE', *, *, #7087, .T. ) ;
#5972 = CARTESIAN_POINT ( 'NONE',  ( -31.57450123727479507, 10.99999999999999289, -12.19150989834608545 ) ) ;
#5973 = CARTESIAN_POINT ( 'NONE',  ( -3.532317583034101371, -11.00000000000000000, -11.99999999999998757 ) ) ;
#5974 = CARTESIAN_POINT ( 'NONE',  ( 12.64923818727558391, 9.886196562445499936, -3.544786249782000187 ) ) ;
#5975 = CARTESIAN_POINT ( 'NONE',  ( 2.362014756763293200, -9.825151973511760062, -11.96188580985534955 ) ) ;
#5976 = CARTESIAN_POINT ( 'NONE',  ( 2.183280716173740199, -6.165233141196785560, -14.45028323504825529 ) ) ;
#5977 = CARTESIAN_POINT ( 'NONE',  ( 11.88517135196862462, 5.658110321167340473, -1.598312730234849433 ) ) ;
#5978 = ORIENTED_EDGE ( 'NONE', *, *, #5797, .F. ) ;
#5979 = CARTESIAN_POINT ( 'NONE',  ( 22.43592135468142601, -7.768376193217619630, -16.35170952655085941 ) ) ;
#5980 = CARTESIAN_POINT ( 'NONE',  ( -2.977242806640792327, -10.05408424735917983, -1.406932222910716845 ) ) ;
#5981 = CARTESIAN_POINT ( 'NONE',  ( 3.660000616603890755, -8.033346387088782237, -15.87295380983154480 ) ) ;
#5982 = CARTESIAN_POINT ( 'NONE',  ( 36.47884901355912746, -8.193308616864410254, -19.44669448678974533 ) ) ;
#5983 = CARTESIAN_POINT ( 'NONE',  ( 15.65771325246495849, -7.905567466121374842, -16.32245125178238254 ) ) ;
#5984 = CIRCLE ( 'NONE', #7408, 5.196152422706634688 ) ;
#5985 = DIRECTION ( 'NONE',  ( 1.000000000000000000, -0.000000000000000000, 0.000000000000000000 ) ) ;
#5986 = CARTESIAN_POINT ( 'NONE',  ( 0.4280559816539064033, -3.883116235202836553, -15.99999999999998224 ) ) ;
#5987 = ORIENTED_EDGE ( 'NONE', *, *, #2338, .F. ) ;
#5988 = CARTESIAN_POINT ( 'NONE',  ( -21.51077831511135585, -8.721953364521617402, -16.22628202719327817 ) ) ;
#5989 = ADVANCED_FACE ( 'NONE', ( #4319 ), #1214, .T. ) ;
#5990 = DIRECTION ( 'NONE',  ( 1.000000000000000000, 0.000000000000000000, 0.000000000000000000 ) ) ;
#5991 = DIRECTION ( 'NONE',  ( 0.000000000000000000, 0.000000000000000000, -1.000000000000000000 ) ) ;
#5992 = DIRECTION ( 'NONE',  ( 0.000000000000000000, 0.000000000000000000, -1.000000000000000000 ) ) ;
#5993 = CARTESIAN_POINT ( 'NONE',  ( -40.49999999999996447, -11.00000000000000355, -33.49999999999999289 ) ) ;
#5994 = ORIENTED_EDGE ( 'NONE', *, *, #2143, .F. ) ;
#5995 = CARTESIAN_POINT ( 'NONE',  ( -1.193098019835618695, -4.954916852399482430, -1.664804766699838900 ) ) ;
#5996 = ORIENTED_EDGE ( 'NONE', *, *, #5729, .T. ) ;
#5997 = CARTESIAN_POINT ( 'NONE',  ( 37.00000000000001421, -11.00000000000000355, -45.99999999999999289 ) ) ;
#5998 = CARTESIAN_POINT ( 'NONE',  ( 13.42740324146176967, 7.000000000000000888, -15.99999999999999289 ) ) ;
#5999 = CARTESIAN_POINT ( 'NONE',  ( -33.95893993027642921, -9.191753440281424048, -16.24148412574275469 ) ) ;
#6000 = CARTESIAN_POINT ( 'NONE',  ( -15.57510316612697743, -7.785767475913668356, -16.34725562936733922 ) ) ;
#6001 = LINE ( 'NONE', #7945, #7607 ) ;
#6002 = CARTESIAN_POINT ( 'NONE',  ( 18.15351744253927535, -11.00000000000000000, -12.81071554567880710 ) ) ;
#6003 = CIRCLE ( 'NONE', #1957, 3.000000000000002665 ) ;
#6004 = ORIENTED_EDGE ( 'NONE', *, *, #2595, .F. ) ;
#6005 = CARTESIAN_POINT ( 'NONE',  ( 15.47976976012269290, -7.977519666664178111, -15.97548506810706570 ) ) ;
#6006 = ORIENTED_EDGE ( 'NONE', *, *, #4043, .F. ) ;
#6007 = AXIS2_PLACEMENT_3D ( 'NONE', #3945, #3167, #6921 ) ;
#6008 = CARTESIAN_POINT ( 'NONE',  ( -31.23925707737235058, 10.99999999998922995, -12.23925829020948264 ) ) ;
#6009 = CARTESIAN_POINT ( 'NONE',  ( -3.658756181804943886, -8.027738148435412668, -15.87436822819591953 ) ) ;
#6010 = CARTESIAN_POINT ( 'NONE',  ( 13.00300000092731345, 10.19586937726431053, -1.584170530384355402 ) ) ;
#6011 = CARTESIAN_POINT ( 'NONE',  ( -23.12310562561766503, -11.00000000000000178, -11.99999999999998224 ) ) ;
#6012 = CARTESIAN_POINT ( 'NONE',  ( 10.42805598045807969, 3.883116238032943812, 0.000000000000000000 ) ) ;
#6013 = CARTESIAN_POINT ( 'NONE',  ( 6.986459640148287242, 10.38169997338579265, -1.859995217006082058 ) ) ;
#6014 = ORIENTED_EDGE ( 'NONE', *, *, #1718, .T. ) ;
#6015 = CARTESIAN_POINT ( 'NONE',  ( 13.99005998010218121, 10.48388806985115274, -2.016500652382219094 ) ) ;
#6016 = CARTESIAN_POINT ( 'NONE',  ( -3.933158602739051268, -9.435867490376971034, -0.8162213687002392026 ) ) ;
#6017 = CARTESIAN_POINT ( 'NONE',  ( -14.66987298107780013, 3.000000000000000000, -16.49999999999998579 ) ) ;
#6018 = CARTESIAN_POINT ( 'NONE',  ( -24.19615242270663913, 3.000000000000000000, -16.99999999999998224 ) ) ;
#6019 = DIRECTION ( 'NONE',  ( -1.559302000878028960E-16, 1.000000000000000000, 0.000000000000000000 ) ) ;
#6020 = CARTESIAN_POINT ( 'NONE',  ( 12.98544929052992991, 9.639369182306230854, -2.500826819097621279 ) ) ;
#6021 = DIRECTION ( 'NONE',  ( -0.9582143447964117655, -0.2860511657490376614, 0.000000000000000000 ) ) ;
#6022 = ORIENTED_EDGE ( 'NONE', *, *, #2826, .T. ) ;
#6023 = EDGE_CURVE ( 'NONE', #2007, #7093, #6213, .T. ) ;
#6024 = CARTESIAN_POINT ( 'NONE',  ( -18.35169596738631270, 7.347729217581552952, -16.40426683921747397 ) ) ;
#6025 = ADVANCED_FACE ( 'NONE', ( #3752 ), #2446, .T. ) ;
#6026 = B_SPLINE_CURVE_WITH_KNOTS ( 'NONE', 3,
 ( #1647, #4185, #6671, #6070, #4145, #1035, #3533, #6113, #6024, #414, #4805, #7290 ),
 .UNSPECIFIED., .F., .F.,
 ( 4, 2, 2, 2, 2, 4 ),
 ( 0.000000000000000000, 0.0009661224104322012774, 0.001449183615648301591, 0.001932244820864401687, 0.002898367231296612289, 0.003864489641728823324 ),
 .UNSPECIFIED. ) ;
#6027 = CARTESIAN_POINT ( 'NONE',  ( 19.00000000000000000, 3.000000000000000000, -16.49999999999999289 ) ) ;
#6028 = CARTESIAN_POINT ( 'NONE',  ( 44.50000000000002842, -10.99999999999999645, -36.50000000000000000 ) ) ;
#6029 = CARTESIAN_POINT ( 'NONE',  ( -7.107749179260053118, 9.840589547771809720, -13.05543027349779628 ) ) ;
#6030 = DIRECTION ( 'NONE',  ( 1.000000000000000000, 1.802777518484590049E-15, 0.000000000000000000 ) ) ;
#6031 = CARTESIAN_POINT ( 'NONE',  ( -6.339999383396113686, 8.033346387088780460, -0.1270461901684407369 ) ) ;
#6032 = TOROIDAL_SURFACE ( 'NONE', #674, 6.000000000000001776, 3.000000000000000888 ) ;
#6033 = EDGE_CURVE ( 'NONE', #2938, #7936, #6003, .T. ) ;
#6034 = ORIENTED_EDGE ( 'NONE', *, *, #2941, .F. ) ;
#6035 = CARTESIAN_POINT ( 'NONE',  ( 11.87640068637556112, 10.99999999999983480, -4.160723321853053491 ) ) ;
#6036 = ORIENTED_EDGE ( 'NONE', *, *, #2187, .T. ) ;
#6037 = CARTESIAN_POINT ( 'NONE',  ( -2.223686539069358759, -11.00000000000000178, -5.523831942664403805 ) ) ;
#6038 = TOROIDAL_SURFACE ( 'NONE', #7595, 5.196152422706634688, 1.000000000000000000 ) ;
#6039 = LINE ( 'NONE', #5270, #5125 ) ;
#6040 = CARTESIAN_POINT ( 'NONE',  ( 31.23925707737274493, -10.99999999998555644, -12.23925829021091261 ) ) ;
#6041 = CARTESIAN_POINT ( 'NONE',  ( -39.50922227500092276, -11.00000000000000355, -18.98211412923434693 ) ) ;
#6042 = CARTESIAN_POINT ( 'NONE',  ( -15.59221219381992185, -7.811657111237054529, -16.34129821955395556 ) ) ;
#6043 = CARTESIAN_POINT ( 'NONE',  ( -3.859940882861503830, -9.000126653765457618, -0.5260085112103618510 ) ) ;
#6044 = CARTESIAN_POINT ( 'NONE',  ( -6.842994588182897964, 6.216472788231314439, -0.000000000000000000 ) ) ;
#6045 = AXIS2_PLACEMENT_3D ( 'NONE', #7281, #5364, #3647 ) ;
#6046 = EDGE_CURVE ( 'NONE', #299, #2938, #1912, .T. ) ;
#6047 = ORIENTED_EDGE ( 'NONE', *, *, #2733, .T. ) ;
#6048 = EDGE_CURVE ( 'NONE', #4112, #3672, #6088, .T. ) ;
#6049 = CARTESIAN_POINT ( 'NONE',  ( -39.99999999999998579, 10.99999999999998934, -33.49999999999999289 ) ) ;
#6050 = EDGE_LOOP ( 'NONE', ( #3746, #6443, #463, #4357 ) ) ;
#6051 = VECTOR ( 'NONE', #1510, 1000.000000000000000 ) ;
#6052 = CARTESIAN_POINT ( 'NONE',  ( -32.99813476592178318, 10.99999999999999289, -12.70466552446575115 ) ) ;
#6053 = LINE ( 'NONE', #3515, #6694 ) ;
#6054 = CARTESIAN_POINT ( 'NONE',  ( 12.74293415182894407, 10.92787295421392635, -3.126312423420530617 ) ) ;
#6055 = CARTESIAN_POINT ( 'NONE',  ( -37.51340389892763483, -11.00000000000000355, -15.64802796317609257 ) ) ;
#6056 = AXIS2_PLACEMENT_3D ( 'NONE', #763, #5712, #7583 ) ;
#6057 = CARTESIAN_POINT ( 'NONE',  ( -1.716134200190084780, -7.160681696376169469, -15.99999999999998579 ) ) ;
#6058 =( BOUNDED_SURFACE ( )  B_SPLINE_SURFACE ( 3, 2, ( 
 ( #3722, #5602, #4917 ),
 ( #7396, #3678, #6819 ),
 ( #8081, #6176, #1225 ),
 ( #2495, #5110, #858 ),
 ( #3357, #6986, #5852 ),
 ( #3922, #7024, #5155 ),
 ( #5764, #3269, #4583 ),
 ( #7065, #3315, #1428 ),
 ( #4008, #2083, #2776 ),
 ( #233, #6501, #2737 ),
 ( #6339, #5233, #4502 ),
 ( #4665, #3393, #7712 ),
 ( #152, #812, #2123 ),
 ( #4626, #1467, #2659 ),
 ( #6377, #771, #7675 ),
 ( #7110, #6416, #5814 ),
 ( #1546, #196, #5274 ),
 ( #2697, #1511, #7148 ),
 ( #6460, #5193, #5722 ),
 ( #893, #2617, #3964 ),
 ( #5889, #275, #2001 ),
 ( #111, #7754, #2163 ),
 ( #733, #1390, #3226 ),
 ( #7594, #3881, #7638 ),
 ( #2043, #4542, #4162 ),
 ( #3429, #1054, #4822 ),
 ( #2894, #392, #2360 ),
 ( #2284, #3470, #315 ) ),
 .UNSPECIFIED., .F., .F., .T. ) 
 B_SPLINE_SURFACE_WITH_KNOTS ( ( 4, 2, 2, 2, 2, 2, 2, 2, 2, 2, 2, 2, 2, 4 ),
 ( 3, 3 ),
 ( 0.000000000000000000, 0.001095457394396784096, 0.001643186091595176144, 0.002190914788793568192, 0.002738643485991960023, 0.003286372183190352288, 0.003834100880388744553, 0.004381829577587136385, 0.004929558274785528216, 0.005477286971983920047, 0.006572744366380704577, 0.007120473063579097275, 0.007668201760777489107, 0.008763659155174272769 ),
 ( 0.000000000000000000, 1.000000000000000000 ),
 .UNSPECIFIED. ) 
 GEOMETRIC_REPRESENTATION_ITEM ( )  RATIONAL_B_SPLINE_SURFACE ( (
 ( 1.000000000000000000, 0.6656562785873431087, 1.000000000000000000),
 ( 1.000000000000000000, 0.6550760414894952754, 1.000000000000000000),
 ( 1.000000000000000000, 0.6427889427061940220, 1.000000000000000000),
 ( 1.000000000000000000, 0.6208536408331428724, 1.000000000000000000),
 ( 1.000000000000000000, 0.6128907600700826963, 1.000000000000000000),
 ( 1.000000000000000000, 0.5961538118317072366, 1.000000000000000000),
 ( 1.000000000000000000, 0.5873732688289398096, 1.000000000000000000),
 ( 1.000000000000000000, 0.5693583750283509604, 1.000000000000000000),
 ( 1.000000000000000000, 0.5601154911476606824, 1.000000000000000000),
 ( 1.000000000000000000, 0.5420257524159530771, 1.000000000000000000),
 ( 1.000000000000000000, 0.5332219573126335543, 1.000000000000000000),
 ( 1.000000000000000000, 0.5180476398734314980, 1.000000000000000000),
 ( 1.000000000000000000, 0.5116161173712620025, 1.000000000000000000),
 ( 1.000000000000000000, 0.5026113378299644774, 1.000000000000000000),
 ( 1.000000000000000000, 0.5000662054135004420, 1.000000000000000000),
 ( 1.000000000000000000, 0.4999364184421866697, 1.000000000000000000),
 ( 1.000000000000000000, 0.5023223402180228003, 1.000000000000000000),
 ( 1.000000000000000000, 0.5111177563191136031, 1.000000000000000000),
 ( 1.000000000000000000, 0.5175023365128951225, 1.000000000000000000),
 ( 1.000000000000000000, 0.5403954521953949763, 1.000000000000000000),
 ( 1.000000000000000000, 0.5596694225562146574, 1.000000000000000000),
 ( 1.000000000000000000, 0.5870015821253613542, 1.000000000000000000),
 ( 1.000000000000000000, 0.5959323751922580570, 1.000000000000000000),
 ( 1.000000000000000000, 0.6126440163368467307, 1.000000000000000000),
 ( 1.000000000000000000, 0.6204944687056824781, 1.000000000000000000),
 ( 1.000000000000000000, 0.6424881116793801361, 1.000000000000000000),
 ( 1.000000000000000000, 0.6551347067706237981, 1.000000000000000000),
 ( 1.000000000000000000, 0.6656562785873431087, 1.000000000000000000) ) ) 
 REPRESENTATION_ITEM ( '' )  SURFACE ( )  );
#6059 = CARTESIAN_POINT ( 'NONE',  ( 10.62820286471994358, 4.669058451229416207, -1.691203672609631337 ) ) ;
#6060 = CARTESIAN_POINT ( 'NONE',  ( 7.010444207355178037, 9.590442250528052881, -2.436525471299161083 ) ) ;
#6061 = EDGE_LOOP ( 'NONE', ( #2315, #6715, #2611, #4901 ) ) ;
#6062 = AXIS2_PLACEMENT_3D ( 'NONE', #368, #4137, #3372 ) ;
#6063 = CARTESIAN_POINT ( 'NONE',  ( -1.994983194479575062, -7.702661225433346637, -0.02920871404036988125 ) ) ;
#6064 = CARTESIAN_POINT ( 'NONE',  ( -7.256424867571843684, 10.92761993408736210, -12.87489632784804705 ) ) ;
#6065 = CARTESIAN_POINT ( 'NONE',  ( 36.74341185166079526, -8.118014909632428555, -20.16971848401301415 ) ) ;
#6066 = AXIS2_PLACEMENT_3D ( 'NONE', #5575, #1847, #6752 ) ;
#6067 = CARTESIAN_POINT ( 'NONE',  ( -10.00000000000000000, 4.572714414311429998, -1.699999999999999956 ) ) ;
#6068 = CARTESIAN_POINT ( 'NONE',  ( 44.50000000000003553, 7.000000000000002665, -12.00000000000000000 ) ) ;
#6069 = VERTEX_POINT ( 'NONE', #560 ) ;
#6070 = CARTESIAN_POINT ( 'NONE',  ( -19.80129195921105634, 7.310840116105309150, -16.40847688268441829 ) ) ;
#6071 = AXIS2_PLACEMENT_3D ( 'NONE', #8005, #4713, #3517 ) ;
#6072 = CARTESIAN_POINT ( 'NONE',  ( -8.207599124610588603, 9.711816058597282364, -4.658528954395871224 ) ) ;
#6073 = CARTESIAN_POINT ( 'NONE',  ( -10.47623928282396477, 10.99999999999999289, -11.44506737206267744 ) ) ;
#6074 = CARTESIAN_POINT ( 'NONE',  ( -19.00000000000000000, -0.9999999999999997780, -14.00000000000000000 ) ) ;
#6075 = DIRECTION ( 'NONE',  ( -2.344220913482171656E-16, -0.000000000000000000, -1.000000000000000000 ) ) ;
#6076 = CARTESIAN_POINT ( 'NONE',  ( -6.454277838175825899, 7.523377073318590291, -0.02587715238661832118 ) ) ;
#6077 = B_SPLINE_CURVE_WITH_KNOTS ( 'NONE', 3,
 ( #6295, #3104, #2535, #5562, #2577, #3141, #5640, #4415, #610, #1224, #8079, #7551, #5601, #693 ),
 .UNSPECIFIED., .F., .F.,
 ( 4, 2, 2, 2, 2, 2, 4 ),
 ( 0.000000000000000000, 0.0009841810948799007992, 0.001968362189759801598, 0.002460452737199747986, 0.002952543284639694808, 0.003444633832079640762, 0.003936724379519587584 ),
 .UNSPECIFIED. ) ;
#6078 = CARTESIAN_POINT ( 'NONE',  ( 15.48785303504690170, -8.194123260201587655, -15.93290196201197695 ) ) ;
#6079 = ORIENTED_EDGE ( 'NONE', *, *, #5247, .F. ) ;
#6080 = CARTESIAN_POINT ( 'NONE',  ( 9.314582323287142529, 9.536631584338365997, -5.293903431303546903 ) ) ;
#6081 = ORIENTED_EDGE ( 'NONE', *, *, #2831, .T. ) ;
#6082 = CARTESIAN_POINT ( 'NONE',  ( -3.149353008820607869, -11.00000000000000178, -4.636282374870746459 ) ) ;
#6083 = CARTESIAN_POINT ( 'NONE',  ( 3.013540359851823780, -10.38169997338570738, -1.859995217006170432 ) ) ;
#6084 = CARTESIAN_POINT ( 'NONE',  ( 37.09404422831426729, -10.99999999999999645, -15.21939977412776379 ) ) ;
#6085 = CARTESIAN_POINT ( 'NONE',  ( 3.969744202915366671, -10.60505779017687011, -2.247057203537473846 ) ) ;
#6086 = ADVANCED_FACE ( 'NONE', ( #2971 ), #6935, .F. ) ;
#6087 = CARTESIAN_POINT ( 'NONE',  ( -35.29498591731442048, -11.00000000000000178, -16.76248605958393867 ) ) ;
#6088 = LINE ( 'NONE', #23, #2482 ) ;
#6089 = FACE_OUTER_BOUND ( 'NONE', #1963, .T. ) ;
#6090 = EDGE_CURVE ( 'NONE', #3492, #1164, #3519, .T. ) ;
#6091 = CARTESIAN_POINT ( 'NONE',  ( -8.966493198551425792, 4.042619213260194577, -0.000000000000000000 ) ) ;
#6092 = ORIENTED_EDGE ( 'NONE', *, *, #588, .T. ) ;
#6093 = CARTESIAN_POINT ( 'NONE',  ( 13.62931555220413848, 11.00000000000000000, -12.25089139029288710 ) ) ;
#6094 = FACE_OUTER_BOUND ( 'NONE', #6522, .T. ) ;
#6095 = ORIENTED_EDGE ( 'NONE', *, *, #4121, .T. ) ;
#6096 = EDGE_CURVE ( 'NONE', #7150, #2955, #6780, .T. ) ;
#6097 = CARTESIAN_POINT ( 'NONE',  ( -10.42805598165390890, 3.883116235202833000, -15.99999999999998934 ) ) ;
#6098 = CARTESIAN_POINT ( 'NONE',  ( -22.70629917559077526, -8.274942384254629246, -15.84751463018065110 ) ) ;
#6099 = CARTESIAN_POINT ( 'NONE',  ( 13.00543184577865929, 10.55690628904326189, -2.153742857119479659 ) ) ;
#6100 = CARTESIAN_POINT ( 'NONE',  ( 37.00000000000001421, 6.999999999999999112, -15.99999999999999645 ) ) ;
#6101 = CARTESIAN_POINT ( 'NONE',  ( -1.136456581426433576, -6.509526268701208984, -16.00000000000073541 ) ) ;
#6102 = CARTESIAN_POINT ( 'NONE',  ( 8.989112964667082650, 4.033979491630046432, 0.000000000000000000 ) ) ;
#6103 = CARTESIAN_POINT ( 'NONE',  ( 7.110373609648794613, 10.81179576066896963, -2.740890114875629280 ) ) ;
#6104 = VERTEX_POINT ( 'NONE', #5065 ) ;
#6105 = CARTESIAN_POINT ( 'NONE',  ( -2.837744144757531117, -9.568782053659109721, -0.9210316249462364713 ) ) ;
#6106 = CARTESIAN_POINT ( 'NONE',  ( -12.94217692413514698, 10.73798747542255860, -13.45718023349399317 ) ) ;
#6107 = CARTESIAN_POINT ( 'NONE',  ( 10.33734166262024345, 4.594825558616191685, -1.697990600859194954 ) ) ;
#6108 = DIRECTION ( 'NONE',  ( 0.000000000000000000, 0.000000000000000000, 1.000000000000000000 ) ) ;
#6109 = CARTESIAN_POINT ( 'NONE',  ( -16.23614600803714225, 6.333333333333323267, -16.49999999999998934 ) ) ;
#6110 =( BOUNDED_SURFACE ( )  B_SPLINE_SURFACE ( 3, 2, ( 
 ( #3630, #5163, #7684 ),
 ( #5282, #864, #6468 ),
 ( #1358, #1476, #4015 ),
 ( #3365, #4634, #5116 ),
 ( #2092, #5200, #6347 ),
 ( #4671, #7761, #3276 ),
 ( #2050, #3849, #3323 ),
 ( #2132, #4552, #3972 ),
 ( #5822, #742, #4591 ),
 ( #3889, #160, #7072 ),
 ( #2623, #7602, #6508 ),
 ( #5861, #2706, #5771 ),
 ( #7118, #241, #2746 ),
 ( #5242, #1518, #901 ),
 ( #7721, #3400, #2169 ),
 ( #5896, #3929, #2008 ),
 ( #204, #3234, #6423 ),
 ( #283, #2786, #5727 ),
 ( #6383, #118, #4511 ),
 ( #779, #6992, #1396 ),
 ( #2666, #7645, #7033 ),
 ( #1435, #821, #2246 ),
 ( #6052, #5396, #4166 ),
 ( #1667, #2823, #6658 ),
 ( #1058, #3600, #4750 ),
 ( #5972, #480, #4089 ),
 ( #3555, #6008, #2900 ),
 ( #5316, #2209, #321 ) ),
 .UNSPECIFIED., .F., .F., .T. ) 
 B_SPLINE_SURFACE_WITH_KNOTS ( ( 4, 2, 2, 2, 2, 2, 2, 2, 2, 2, 2, 2, 2, 4 ),
 ( 3, 3 ),
 ( 0.000000000000000000, 0.001805731722920768693, 0.002708597584381152931, 0.003611463445841537386, 0.005417195168762305862, 0.006320061030222690751, 0.007222926891683074772, 0.008125792753143458794, 0.009028658614603843682, 0.01083439033752461172, 0.01173725619898499661, 0.01264012206044538150, 0.01354298792190576639, 0.01444585378336614954 ),
 ( 0.000000000000000000, 1.000000000000000000 ),
 .UNSPECIFIED. ) 
 GEOMETRIC_REPRESENTATION_ITEM ( )  RATIONAL_B_SPLINE_SURFACE ( (
 ( 1.000000000000000000, 0.7071067811865475727, 1.000000000000000000),
 ( 1.000000000000000000, 0.7094877807639891065, 1.000000000000000000),
 ( 1.000000000000000000, 0.7122278447124881229, 1.000000000000000000),
 ( 1.000000000000000000, 0.7172929564179819639, 1.000000000000000000),
 ( 1.000000000000000000, 0.7191505587810227418, 1.000000000000000000),
 ( 1.000000000000000000, 0.7232525098388606910, 1.000000000000000000),
 ( 1.000000000000000000, 0.7254856015172663763, 1.000000000000000000),
 ( 1.000000000000000000, 0.7328999304052569164, 1.000000000000000000),
 ( 1.000000000000000000, 0.7387617484443435023, 1.000000000000000000),
 ( 1.000000000000000000, 0.7500655001558007573, 1.000000000000000000),
 ( 1.000000000000000000, 0.7542473685734802924, 1.000000000000000000),
 ( 1.000000000000000000, 0.7635517750323792541, 1.000000000000000000),
 ( 1.000000000000000000, 0.7686904199417980976, 1.000000000000000000),
 ( 1.000000000000000000, 0.7802327255438956666, 1.000000000000000000),
 ( 1.000000000000000000, 0.7866369209601842272, 1.000000000000000000),
 ( 1.000000000000000000, 0.8010675454619688995, 1.000000000000000000),
 ( 1.000000000000000000, 0.8091306414903247646, 1.000000000000000000),
 ( 1.000000000000000000, 0.8360306075361018108, 1.000000000000000000),
 ( 1.000000000000000000, 0.8578168895871925992, 1.000000000000000000),
 ( 1.000000000000000000, 0.8954014281918440954, 1.000000000000000000),
 ( 1.000000000000000000, 0.9086379367478841784, 1.000000000000000000),
 ( 1.000000000000000000, 0.9350099031491504453, 1.000000000000000000),
 ( 1.000000000000000000, 0.9481495851501394734, 1.000000000000000000),
 ( 1.000000000000000000, 0.9715737857692828827, 1.000000000000000000),
 ( 1.000000000000000000, 0.9818044557974222597, 1.000000000000000000),
 ( 1.000000000000000000, 0.9960585661882175312, 1.000000000000000000),
 ( 1.000000000000000000, 1.000044899600123660, 1.000000000000000000),
 ( 1.000000000000000000, 1.000000000000000000, 1.000000000000000000) ) ) 
 REPRESENTATION_ITEM ( '' )  SURFACE ( )  );
#6111 = DIRECTION ( 'NONE',  ( 0.000000000000000000, 0.000000000000000000, 1.000000000000000000 ) ) ;
#6112 = ORIENTED_EDGE ( 'NONE', *, *, #7876, .T. ) ;
#6113 = CARTESIAN_POINT ( 'NONE',  ( -18.67781046889635022, 7.386081689476113432, -16.40034468264229872 ) ) ;
#6114 = CARTESIAN_POINT ( 'NONE',  ( -11.76103504088676921, 10.99999999999999289, -10.17268114137832313 ) ) ;
#6115 = CARTESIAN_POINT ( 'NONE',  ( -9.053223257240157196, 6.396650084605894904, -4.592111016820698425E-14 ) ) ;
#6116 = PLANE ( 'NONE',  #2385 ) ;
#6117 = CARTESIAN_POINT ( 'NONE',  ( -11.83885749694904810, 5.593391029502415179, -14.39549866705197445 ) ) ;
#6118 = CARTESIAN_POINT ( 'NONE',  ( 11.09622884350453198, 9.587309324621326567, -10.86544680263225437 ) ) ;
#6119 = ORIENTED_EDGE ( 'NONE', *, *, #7964, .F. ) ;
#6120 = CARTESIAN_POINT ( 'NONE',  ( 10.72154011545541508, 10.99999999999999645, -6.197351201995561887 ) ) ;
#6121 = ORIENTED_EDGE ( 'NONE', *, *, #2540, .T. ) ;
#6122 = CARTESIAN_POINT ( 'NONE',  ( 0.9138902354834120834, -11.00000000000000355, -6.151381356276775847 ) ) ;
#6123 = CARTESIAN_POINT ( 'NONE',  ( 12.71948854189617073, 9.901750826710301823, -12.59538255975325782 ) ) ;
#6124 = CARTESIAN_POINT ( 'NONE',  ( 32.88922695494907344, -9.952694175547733835, -15.14038257206174798 ) ) ;
#6125 = CARTESIAN_POINT ( 'NONE',  ( 3.997448375037961465, -10.01629967807942734, -1.359521548457739204 ) ) ;
#6126 = CARTESIAN_POINT ( 'NONE',  ( -31.23925707737420154, -10.99999999998924061, -12.23925829020921263 ) ) ;
#6127 = CARTESIAN_POINT ( 'NONE',  ( 31.23210200558775895, 11.00000000000000533, -12.46420215120855879 ) ) ;
#6128 = CARTESIAN_POINT ( 'NONE',  ( 19.00000000000000000, 3.000000000000000000, -14.00000000000000000 ) ) ;
#6129 = CARTESIAN_POINT ( 'NONE',  ( -23.79583152331273155, -7.000000000000001776, -16.99999999999998224 ) ) ;
#6130 = ORIENTED_EDGE ( 'NONE', *, *, #7639, .T. ) ;
#6131 = DIRECTION ( 'NONE',  ( -0.3849001794597497472, 0.9229582069908975894, 0.000000000000000000 ) ) ;
#6132 = CARTESIAN_POINT ( 'NONE',  ( 18.16827382197119789, -9.426233917240237403, -16.17813405600946552 ) ) ;
#6133 = EDGE_LOOP ( 'NONE', ( #2420, #7010, #1903, #4825, #7453 ) ) ;
#6134 = CARTESIAN_POINT ( 'NONE',  ( -21.70494904829891070, -8.973075233711444554, -15.85582668212662938 ) ) ;
#6135 = CARTESIAN_POINT ( 'NONE',  ( -13.96192950084268425, 9.641701961767028095, -0.9847718251785196886 ) ) ;
#6136 = CARTESIAN_POINT ( 'NONE',  ( 12.97724280664066931, 10.05408424735919404, -1.406932222910734165 ) ) ;
#6137 = CARTESIAN_POINT ( 'NONE',  ( -36.41654811642752065, -11.00000000000000533, -14.62303746685726757 ) ) ;
#6138 = CARTESIAN_POINT ( 'NONE',  ( 3.532317583034100039, -11.00000000000000000, -11.99999999999998757 ) ) ;
#6139 = EDGE_CURVE ( 'NONE', #7644, #4951, #4173, .T. ) ;
#6140 = EDGE_CURVE ( 'NONE', #4295, #687, #5471, .T. ) ;
#6141 = CARTESIAN_POINT ( 'NONE',  ( 6.691957846938873189, 6.600164144953343914, 0.000000000000000000 ) ) ;
#6142 = CIRCLE ( 'NONE', #3921, 0.9999999999999992228 ) ;
#6143 = ORIENTED_EDGE ( 'NONE', *, *, #1591, .T. ) ;
#6144 = CARTESIAN_POINT ( 'NONE',  ( -13.71344088231414027, 8.276305201128089095, -15.79993690187718158 ) ) ;
#6145 = CARTESIAN_POINT ( 'NONE',  ( -2.973098992029278520, -9.672868643860889293, -13.43270079292797448 ) ) ;
#6146 = DIRECTION ( 'NONE',  ( -0.8506400808315527362, -0.5257484692159258843, 0.000000000000000000 ) ) ;
#6147 = VERTEX_POINT ( 'NONE', #4490 ) ;
#6148 = CARTESIAN_POINT ( 'NONE',  ( -9.623165737431305544, 10.99999999999999467, -9.747843142237927694 ) ) ;
#6149 = EDGE_CURVE ( 'NONE', #6737, #5394, #5613, .T. ) ;
#6150 = CARTESIAN_POINT ( 'NONE',  ( 44.50000000000003553, 11.00000000000000355, -12.00000000000000355 ) ) ;
#6151 = CARTESIAN_POINT ( 'NONE',  ( 2.236067977499803572, -6.999999999999999112, -15.99999999999998934 ) ) ;
#6152 = CARTESIAN_POINT ( 'NONE',  ( -8.751040861976658647, 6.622085709199615700, 0.000000000000000000 ) ) ;
#6153 = DIRECTION ( 'NONE',  ( -2.312964634635743450E-16, 0.000000000000000000, 1.000000000000000000 ) ) ;
#6154 = CARTESIAN_POINT ( 'NONE',  ( 15.30912205867328169, -7.971485027056572470, -15.94465726990437737 ) ) ;
#6155 = FACE_OUTER_BOUND ( 'NONE', #2686, .T. ) ;
#6156 = ORIENTED_EDGE ( 'NONE', *, *, #5744, .T. ) ;
#6157 = CARTESIAN_POINT ( 'NONE',  ( 10.17755668395229840, 10.99999999999999645, -6.268340756684566806 ) ) ;
#6158 = ORIENTED_EDGE ( 'NONE', *, *, #468, .F. ) ;
#6159 = CARTESIAN_POINT ( 'NONE',  ( -15.68337520964451315, -1.000000000000058620, -15.99999999999998224 ) ) ;
#6160 = CARTESIAN_POINT ( 'NONE',  ( 13.62600350389367598, 10.99999999999999822, -12.24232456254407531 ) ) ;
#6161 = CIRCLE ( 'NONE', #2242, 4.330127018922196314 ) ;
#6162 = CARTESIAN_POINT ( 'NONE',  ( 31.38300082435029026, -10.95249123819365344, -12.76528946821881760 ) ) ;
#6163 = CARTESIAN_POINT ( 'NONE',  ( 10.00000000000000000, 11.00000000000000000, -8.000000000000000000 ) ) ;
#6164 = CARTESIAN_POINT ( 'NONE',  ( -12.65055551987732407, 7.573902597481549925, -1.418997220338860332 ) ) ;
#6165 = CARTESIAN_POINT ( 'NONE',  ( 35.72367863816916156, 8.409822873524223752, -18.11382720130038848 ) ) ;
#6166 = DIRECTION ( 'NONE',  ( -2.344220913482171656E-16, -0.000000000000000000, -1.000000000000000000 ) ) ;
#6167 = CIRCLE ( 'NONE', #5790, 3.726779962499647159 ) ;
#6168 = EDGE_LOOP ( 'NONE', ( #6, #3613, #1573, #7338 ) ) ;
#6169 = CARTESIAN_POINT ( 'NONE',  ( 11.76866366653037943, 11.00000000000015632, -11.76993059867149505 ) ) ;
#6170 = CARTESIAN_POINT ( 'NONE',  ( 18.33196168125668635, -9.454724797200416475, -16.17645759944509365 ) ) ;
#6171 = ORIENTED_EDGE ( 'NONE', *, *, #2438, .T. ) ;
#6172 = CARTESIAN_POINT ( 'NONE',  ( -23.12310562562839777, -8.057641145488965151, -15.85764114548696568 ) ) ;
#6173 = CARTESIAN_POINT ( 'NONE',  ( 6.185238820076529365, 8.765815405549570727, -15.59866979363711081 ) ) ;
#6174 = AXIS2_PLACEMENT_3D ( 'NONE', #6475, #3370, #2751 ) ;
#6175 = CC_DESIGN_DATE_AND_TIME_ASSIGNMENT ( #871, #1320, ( #5719 ) ) ;
#6176 = CARTESIAN_POINT ( 'NONE',  ( 2.193279949605640322, -11.00000000000000178, -3.915690196391856670 ) ) ;
#6177 = ADVANCED_FACE ( 'NONE', ( #5253 ), #247, .T. ) ;
#6178 = CARTESIAN_POINT ( 'NONE',  ( 3.149353008383536601, -11.00000000000000000, -11.36371762557250875 ) ) ;
#6179 = CARTESIAN_POINT ( 'NONE',  ( -0.8454455888168845856, -6.341750101147633600, 0.000000000000000000 ) ) ;
#6180 = CARTESIAN_POINT ( 'NONE',  ( -11.17967470060647095, 10.99999999999999112, -4.482027913518253470 ) ) ;
#6181 = AXIS2_PLACEMENT_3D ( 'NONE', #930, #5463, #2855 ) ;
#6182 = DIRECTION ( 'NONE',  ( -1.000000000000000000, 0.000000000000000000, 0.000000000000000000 ) ) ;
#6183 = ORIENTED_EDGE ( 'NONE', *, *, #4043, .T. ) ;
#6184 = CARTESIAN_POINT ( 'NONE',  ( 15.16554134560485245, -7.055291161329581229, -16.49999999591777566 ) ) ;
#6185 = CARTESIAN_POINT ( 'NONE',  ( -7.219867877857263139, 9.897800164784985810, -12.73592560475878521 ) ) ;
#6186 = EDGE_CURVE ( 'NONE', #6069, #3539, #7947, .T. ) ;
#6187 = DIRECTION ( 'NONE',  ( 0.000000000000000000, -0.000000000000000000, 1.000000000000000000 ) ) ;
#6188 = CARTESIAN_POINT ( 'NONE',  ( 12.93438808597758971, 8.798058111298034945, -14.25967971881865637 ) ) ;
#6189 = CIRCLE ( 'NONE', #2272, 1.000000000000000000 ) ;
#6190 = CARTESIAN_POINT ( 'NONE',  ( 12.78111611846127005, 10.99999999999999645, -5.044822846727339716 ) ) ;
#6191 = FACE_OUTER_BOUND ( 'NONE', #4379, .T. ) ;
#6192 = CARTESIAN_POINT ( 'NONE',  ( -2.570552431096327695, -7.255791592464748696, -14.55236471318668023 ) ) ;
#6193 = EDGE_LOOP ( 'NONE', ( #2233, #2225, #1848, #4155 ) ) ;
#6194 = CARTESIAN_POINT ( 'NONE',  ( 23.03055323443393476, -8.081448688380982404, -15.85410852995961051 ) ) ;
#6195 = TOROIDAL_SURFACE ( 'NONE', #2154, 6.000000000000001776, 3.000000000000000888 ) ;
#6196 = CARTESIAN_POINT ( 'NONE',  ( -11.44819202800985991, 5.158172566434028106, -14.35422745245534593 ) ) ;
#6197 = CARTESIAN_POINT ( 'NONE',  ( -10.72154011545557140, 10.99999999999999289, -9.802648798004753417 ) ) ;
#6198 = EDGE_CURVE ( 'NONE', #7509, #136, #6268, .T. ) ;
#6199 = DIRECTION ( 'NONE',  ( 0.000000000000000000, 1.000000000000000000, -5.782411586589355667E-16 ) ) ;
#6200 = CARTESIAN_POINT ( 'NONE',  ( -17.31540034623223434, 7.291452693438165156, -16.02272685994276458 ) ) ;
#6201 = EDGE_CURVE ( 'NONE', #2566, #2196, #379, .T. ) ;
#6202 = EDGE_CURVE ( 'NONE', #6926, #6825, #552, .T. ) ;
#6203 = DIRECTION ( 'NONE',  ( 0.000000000000000000, 0.000000000000000000, -1.000000000000000000 ) ) ;
#6204 = TOROIDAL_SURFACE ( 'NONE', #3718, 1.000000000000000000, 3.000000000000000000 ) ;
#6205 = CARTESIAN_POINT ( 'NONE',  ( -1.033506801448570211, -4.042619213260199018, -0.000000000000000000 ) ) ;
#6206 = VERTEX_POINT ( 'NONE', #1600 ) ;
#6207 = CARTESIAN_POINT ( 'NONE',  ( 12.18881736878459421, 11.00000000000030553, -3.919978238698688333 ) ) ;
#6208 = VERTEX_POINT ( 'NONE', #1069 ) ;
#6209 = CARTESIAN_POINT ( 'NONE',  ( 3.657688512879952114, -8.022929562013727534, -0.1244327657278942317 ) ) ;
#6210 = CARTESIAN_POINT ( 'NONE',  ( 39.40688515745721077, -10.99999999999999645, -18.69907108232159487 ) ) ;
#6211 = CARTESIAN_POINT ( 'NONE',  ( 12.57055243109632769, 7.255791592464748696, -14.55236471318668201 ) ) ;
#6212 = CARTESIAN_POINT ( 'NONE',  ( -13.42740324146176256, 6.999999999999993783, 0.000000000000000000 ) ) ;
#6213 = LINE ( 'NONE', #4944, #7049 ) ;
#6214 = CARTESIAN_POINT ( 'NONE',  ( 19.00000000000000000, -5.000000000000000000, -14.00000000000000000 ) ) ;
#6215 = EDGE_LOOP ( 'NONE', ( #1395, #1014, #7811, #7757 ) ) ;
#6216 = DIRECTION ( 'NONE',  ( 1.000000000000000000, 0.000000000000000000, -8.673617379884032514E-16 ) ) ;
#6217 = CARTESIAN_POINT ( 'NONE',  ( -21.99901875095233095, -8.482649723558816746, -15.99823557779252070 ) ) ;
#6218 = CARTESIAN_POINT ( 'NONE',  ( -15.67678640467953777, -8.556275677582949157, -15.84834756436664982 ) ) ;
#6219 = CARTESIAN_POINT ( 'NONE',  ( 12.11377774584255285, 7.940124366526482902, -0.08103949035230918752 ) ) ;
#6220 = CARTESIAN_POINT ( 'NONE',  ( -31.57453330307055595, -11.00000000000000178, -12.19152058550648654 ) ) ;
#6221 = CARTESIAN_POINT ( 'NONE',  ( -15.23294315420318767, -11.00000000000000533, -11.99999999999998579 ) ) ;
#6222 = CARTESIAN_POINT ( 'NONE',  ( -9.196532386138406068, 10.99999999999968026, -4.552491513735922091 ) ) ;
#6223 = B_SPLINE_CURVE_WITH_KNOTS ( 'NONE', 3,
 ( #972, #5966, #6044, #5464, #4700, #3509, #432, #2937, #7828, #4202, #2239, #6091, #5428, #7186, #1009, #353, #4740, #7908, #3593, #7946, #2321, #2973, #4864, #1580, #4042, #6537, #931, #5927 ),
 .UNSPECIFIED., .F., .F.,
 ( 4, 2, 2, 2, 2, 2, 2, 2, 2, 2, 2, 2, 2, 4 ),
 ( 0.000000000000000000, 0.001233084968442452710, 0.001849627452663677330, 0.002466169936884901950, 0.003082712421106127004, 0.003699254905327351191, 0.004315797389548576245, 0.004932339873769801299, 0.005548882357991024618, 0.006165424842212249672, 0.006781967326433472991, 0.007398509810654697177, 0.008631594779097147285, 0.009864679747539597393 ),
 .UNSPECIFIED. ) ;
#6224 = DIRECTION ( 'NONE',  ( 0.000000000000000000, 0.000000000000000000, -1.000000000000000000 ) ) ;
#6225 = EDGE_LOOP ( 'NONE', ( #2208, #5707, #6618, #1497 ) ) ;
#6226 = CARTESIAN_POINT ( 'NONE',  ( 3.713440882314009261, -8.276305201128401734, -15.79993690187706257 ) ) ;
#6227 = CARTESIAN_POINT ( 'NONE',  ( -12.61414695683746423, 7.429133625572087674, -14.56796989487497562 ) ) ;
#6228 = CARTESIAN_POINT ( 'NONE',  ( 36.01588270702000472, -8.323786906809004904, -18.53978871548838470 ) ) ;
#6229 = CARTESIAN_POINT ( 'NONE',  ( -2.521962188292167895, -9.858016140883290035, -12.20126307085695494 ) ) ;
#6230 = DIRECTION ( 'NONE',  ( 0.000000000000000000, -0.000000000000000000, -1.000000000000000000 ) ) ;
#6231 = CARTESIAN_POINT ( 'NONE',  ( 14.87689437438233497, -8.322051431856580805, -16.82205143186236285 ) ) ;
#6232 = ORIENTED_EDGE ( 'NONE', *, *, #2428, .T. ) ;
#6233 = CARTESIAN_POINT ( 'NONE',  ( 23.79583152331272444, -6.999999999999997335, -15.99999999999999289 ) ) ;
#6234 = CARTESIAN_POINT ( 'NONE',  ( -24.49999999999996447, -11.00000000000000178, -3.999999999999996447 ) ) ;
#6235 = CARTESIAN_POINT ( 'NONE',  ( -7.486438198720609449, 5.159211858540148299, 0.000000000000000000 ) ) ;
#6236 = CARTESIAN_POINT ( 'NONE',  ( 37.09388451423284749, -10.99999999999999645, -15.21924572703095357 ) ) ;
#6237 = CARTESIAN_POINT ( 'NONE',  ( -20.86338998124984911, 6.936396715132938873, -16.45612676359920101 ) ) ;
#6238 = CARTESIAN_POINT ( 'NONE',  ( -30.99999999999999289, 6.999999999999990230, -11.99999999999998224 ) ) ;
#6239 = CARTESIAN_POINT ( 'NONE',  ( 36.67281484980067319, 8.138539918950447927, -19.95455604540587657 ) ) ;
#6240 = ORIENTED_EDGE ( 'NONE', *, *, #1422, .T. ) ;
#6241 = CARTESIAN_POINT ( 'NONE',  ( -12.78013212214275285, 9.897800164785154564, -3.264074395241137072 ) ) ;
#6242 = ORIENTED_EDGE ( 'NONE', *, *, #738, .T. ) ;
#6243 = EDGE_CURVE ( 'NONE', #6104, #1615, #7696, .T. ) ;
#6244 = CARTESIAN_POINT ( 'NONE',  ( 2.112276051053922910, -7.937113107566455383, -0.08035287602878275759 ) ) ;
#6245 = CARTESIAN_POINT ( 'NONE',  ( -18.20882863279098984, -10.99999999999993072, -14.70812556998320986 ) ) ;
#6246 = CARTESIAN_POINT ( 'NONE',  ( 3.714319435538835368, -8.280365056587871919, -0.2014046271621127426 ) ) ;
#6247 = CARTESIAN_POINT ( 'NONE',  ( -33.27880036395277585, -11.00000000000000355, -12.81721043580319019 ) ) ;
#6248 = CARTESIAN_POINT ( 'NONE',  ( 36.93480292092664286, 8.056481363255411310, -20.92064339935101103 ) ) ;
#6249 = FACE_OUTER_BOUND ( 'NONE', #3552, .T. ) ;
#6250 = EDGE_LOOP ( 'NONE', ( #3991, #4111, #3511, #5379 ) ) ;
#6251 = CARTESIAN_POINT ( 'NONE',  ( 13.81459735603774241, 8.764975819975889593, -15.59910014303256354 ) ) ;
#6252 = CARTESIAN_POINT ( 'NONE',  ( 16.48922168533779953, -8.721953366561036702, -16.22628202440511558 ) ) ;
#6253 = CARTESIAN_POINT ( 'NONE',  ( -22.43040638944898646, -7.777183745455111819, -16.34938089777735826 ) ) ;
#6254 = CARTESIAN_POINT ( 'NONE',  ( -15.21702714111019361, -8.220087933068999320, -15.84814435761073703 ) ) ;
#6255 = DIRECTION ( 'NONE',  ( -0.6708203932499334776, -0.000000000000000000, 0.7416198487095694292 ) ) ;
#6256 = CARTESIAN_POINT ( 'NONE',  ( 24.50000000000002487, 0.000000000000000000, 0.000000000000000000 ) ) ;
#6257 = DIRECTION ( 'NONE',  ( -1.000000000000000000, 0.000000000000000000, 0.000000000000000000 ) ) ;
#6258 = CARTESIAN_POINT ( 'NONE',  ( -11.43452614803806178, 10.99999999999999289, -5.971093233894877450 ) ) ;
#6259 = CARTESIAN_POINT ( 'NONE',  ( -23.12310562561766503, -7.000000000000000888, -11.99999999999998224 ) ) ;
#6260 = VERTEX_POINT ( 'NONE', #1763 ) ;
#6261 = CARTESIAN_POINT ( 'NONE',  ( 2.991845101123102424, -9.597328193059444956, -13.56184413985108961 ) ) ;
#6262 = CARTESIAN_POINT ( 'NONE',  ( -4.004327405402899664, -10.18832505840801161, -1.569705971044063064 ) ) ;
#6263 = PLANE ( 'NONE',  #2091 ) ;
#6264 = FACE_OUTER_BOUND ( 'NONE', #6815, .T. ) ;
#6265 = CARTESIAN_POINT ( 'NONE',  ( -2.365809941763199475, -9.825927553790636537, -11.96713916861135729 ) ) ;
#6266 = CARTESIAN_POINT ( 'NONE',  ( -3.427403241461759453, -6.999999999999999112, 0.000000000000000000 ) ) ;
#6267 = CARTESIAN_POINT ( 'NONE',  ( 21.78017858488956193, -11.00000000000027889, -14.94297637898105258 ) ) ;
#6268 = CIRCLE ( 'NONE', #4446, 1.000000000000000888 ) ;
#6269 = ORIENTED_EDGE ( 'NONE', *, *, #6336, .T. ) ;
#6270 = CARTESIAN_POINT ( 'NONE',  ( 31.00000000000001421, 7.000000000000000888, -11.99999999999999645 ) ) ;
#6271 = CARTESIAN_POINT ( 'NONE',  ( 23.04247660388947239, -8.078492460641005124, -15.85460089669612671 ) ) ;
#6272 = CARTESIAN_POINT ( 'NONE',  ( -12.06752722903490671, 5.945751126595282265, -14.42922923895053877 ) ) ;
#6273 = DIRECTION ( 'NONE',  ( -1.000000000000000000, -7.796510004390144799E-17, 2.344220913482171656E-16 ) ) ;
#6274 = CIRCLE ( 'NONE', #3657, 4.330127018922199866 ) ;
#6275 = CARTESIAN_POINT ( 'NONE',  ( -1.434526148903661369, -11.00000000000000178, -10.02890676480438437 ) ) ;
#6276 = CARTESIAN_POINT ( 'NONE',  ( 39.50922227500092987, -10.99999999999999645, -18.98211412923487984 ) ) ;
#6277 = CARTESIAN_POINT ( 'NONE',  ( -12.18328071617373709, 6.165233141196776678, -14.45028323504824996 ) ) ;
#6278 = EDGE_CURVE ( 'NONE', #3483, #5094, #4261, .T. ) ;
#6279 = CARTESIAN_POINT ( 'NONE',  ( 36.01648823858123194, 11.00000000000000178, -17.92491404915444519 ) ) ;
#6280 = ORIENTED_EDGE ( 'NONE', *, *, #528, .T. ) ;
#6281 = CARTESIAN_POINT ( 'NONE',  ( -13.99339390111199144, 10.41307740450305097, -1.909733669472756468 ) ) ;
#6282 = ORIENTED_EDGE ( 'NONE', *, *, #2087, .T. ) ;
#6283 = CARTESIAN_POINT ( 'NONE',  ( 2.719488541896190714, -9.901750826710198794, -3.404617440246728854 ) ) ;
#6284 = CARTESIAN_POINT ( 'NONE',  ( -21.93833460069663843, -8.712140165464861141, -15.91158496824369273 ) ) ;
#6285 = CARTESIAN_POINT ( 'NONE',  ( 37.00000000000001421, -6.999999999999996447, -11.99999999999999645 ) ) ;
#6286 = CARTESIAN_POINT ( 'NONE',  ( -2.112276051054081449, -7.937113107565927805, -15.91964712397166615 ) ) ;
#6287 = CARTESIAN_POINT ( 'NONE',  ( -7.350761812724416977, 9.886196562445494607, -3.544786249782000631 ) ) ;
#6288 = EDGE_CURVE ( 'NONE', #1985, #5968, #1240, .T. ) ;
#6289 = ADVANCED_FACE ( 'NONE', ( #4423 ), #6263, .F. ) ;
#6290 = ORIENTED_EDGE ( 'NONE', *, *, #6875, .F. ) ;
#6291 = AXIS2_PLACEMENT_3D ( 'NONE', #7145, #3265, #5761 ) ;
#6292 = CARTESIAN_POINT ( 'NONE',  ( 8.234782235833515429, 10.99999999999999822, -11.76786308475359277 ) ) ;
#6293 = CARTESIAN_POINT ( 'NONE',  ( 17.26768175459903176, -9.423000189014025807, -15.86761804551554000 ) ) ;
#6294 = CARTESIAN_POINT ( 'NONE',  ( -22.65129420768328572, -7.845274656159771709, -15.94628945191852942 ) ) ;
#6295 = CARTESIAN_POINT ( 'NONE',  ( 2.570552431096327251, -7.255791592464747808, -14.55236471318668023 ) ) ;
#6296 = CARTESIAN_POINT ( 'NONE',  ( 12.43386981475603825, 8.601505490337238768, -0.3106371186383179994 ) ) ;
#6297 = EDGE_CURVE ( 'NONE', #3501, #2245, #511, .T. ) ;
#6298 = AXIS2_PLACEMENT_3D ( 'NONE', #2089, #4589, #3232 ) ;
#6299 = ADVANCED_FACE ( 'NONE', ( #6868 ), #4964, .F. ) ;
#6300 = CARTESIAN_POINT ( 'NONE',  ( -16.76393202250018533, 10.99999999999999289, -11.99999999999998934 ) ) ;
#6301 = CARTESIAN_POINT ( 'NONE',  ( -2.570552431096320145, -7.255791592464748696, -1.447635286813311550 ) ) ;
#6302 = CARTESIAN_POINT ( 'NONE',  ( -10.82043374287291115, 10.99999999999999112, -4.545762711014377011 ) ) ;
#6303 = CARTESIAN_POINT ( 'NONE',  ( 0.000000000000000000, -11.00000000000000000, -8.000000000000001776 ) ) ;
#6304 = ORIENTED_EDGE ( 'NONE', *, *, #5043, .F. ) ;
#6305 = CIRCLE ( 'NONE', #4341, 5.196152422706634688 ) ;
#6306 = CARTESIAN_POINT ( 'NONE',  ( 3.967323643066243299, -10.61580850379963792, -13.73072832422866263 ) ) ;
#6307 = DIRECTION ( 'NONE',  ( -0.000000000000000000, 0.000000000000000000, -1.000000000000000000 ) ) ;
#6308 = CARTESIAN_POINT ( 'NONE',  ( 15.68337520964452736, -0.9999999999999430456, -16.99999999999999289 ) ) ;
#6309 = AXIS2_PLACEMENT_3D ( 'NONE', #4699, #2936, #1053 ) ;
#6310 = CARTESIAN_POINT ( 'NONE',  ( -36.93480154681758165, 8.056482011253772058, -20.92063251496033160 ) ) ;
#6311 = CARTESIAN_POINT ( 'NONE',  ( 19.24150620644617149, -9.711880499648390952, -15.88392355102193321 ) ) ;
#6312 = CARTESIAN_POINT ( 'NONE',  ( -19.00000000000000000, -5.000000000000000000, -16.99999999999998224 ) ) ;
#6313 = CARTESIAN_POINT ( 'NONE',  ( 21.85835073942329743, -8.871322094271821612, -15.85389844397693615 ) ) ;
#6314 = AXIS2_PLACEMENT_3D ( 'NONE', #3305, #3871, #2727 ) ;
#6315 = CARTESIAN_POINT ( 'NONE',  ( 23.59947735082765874, -7.376672612055137357, -15.99999999999999289 ) ) ;
#6316 = CARTESIAN_POINT ( 'NONE',  ( 3.990059980102176329, -10.48388806985115274, -13.98349934761777114 ) ) ;
#6317 = CARTESIAN_POINT ( 'NONE',  ( -10.14593836060890020, 4.571980558981168841, -1.700066822288169854 ) ) ;
#6318 = CARTESIAN_POINT ( 'NONE',  ( 36.84087575760810296, -8.087038008401254530, -20.54413335893586989 ) ) ;
#6319 = CARTESIAN_POINT ( 'NONE',  ( 9.792971720035684058, 6.213206936352996479, -15.99999999999999112 ) ) ;
#6320 = CARTESIAN_POINT ( 'NONE',  ( 11.43452614890366448, 11.00000000000000178, -10.02890676480438437 ) ) ;
#6321 = CARTESIAN_POINT ( 'NONE',  ( 33.83384042988139129, 11.00000000000000355, -13.05762689711383473 ) ) ;
#6322 = ORIENTED_EDGE ( 'NONE', *, *, #5473, .F. ) ;
#6323 = CARTESIAN_POINT ( 'NONE',  ( -14.00443615355757210, 10.18947883300319290, -1.570912191689140425 ) ) ;
#6324 = TOROIDAL_SURFACE ( 'NONE', #1487, 1.000000000000000000, 3.000000000000000000 ) ;
#6325 = ORIENTED_EDGE ( 'NONE', *, *, #5103, .T. ) ;
#6326 = B_SPLINE_CURVE_WITH_KNOTS ( 'NONE', 3,
 ( #6011, #400, #362, #2906, #5400, #1794, #3724, #6944, #5724, #3071, #6341, #2457, #35, #736, #5565, #1880, #3146, #5645, #1229, #2579, #6221, #3762 ),
 .UNSPECIFIED., .F., .F.,
 ( 4, 2, 2, 2, 2, 2, 2, 2, 2, 2, 4 ),
 ( 0.000000000000000000, 0.001065924680459403662, 0.002131849360918807324, 0.003197774041378211203, 0.003730736381607908155, 0.004263698721837605107, 0.004796661062067302493, 0.005329623402296999879, 0.006395548082756394651, 0.007461472763215790290, 0.008527397443675184194 ),
 .UNSPECIFIED. ) ;
#6327 = CARTESIAN_POINT ( 'NONE',  ( 7.385658677985730058, 7.429906462994975591, -1.431960532066819836 ) ) ;
#6328 = CARTESIAN_POINT ( 'NONE',  ( -15.03556285967231076, -7.588254201168991742, -15.96784797907860209 ) ) ;
#6329 = CARTESIAN_POINT ( 'NONE',  ( 24.50000000000002487, 6.999999999999999112, 0.000000000000000000 ) ) ;
#6330 = CARTESIAN_POINT ( 'NONE',  ( -23.26296135405575782, -6.777777777777779455, -15.99999999999998224 ) ) ;
#6331 = DIRECTION ( 'NONE',  ( -0.2860511657490343862, -0.9582143447964128757, 5.830086231903452267E-16 ) ) ;
#6332 = CARTESIAN_POINT ( 'NONE',  ( 20.86348436063659051, 11.00000000000000000, -12.00000000750711138 ) ) ;
#6333 = AXIS2_PLACEMENT_3D ( 'NONE', #6523, #2226, #4724 ) ;
#6334 = VERTEX_POINT ( 'NONE', #4383 ) ;
#6335 = CARTESIAN_POINT ( 'NONE',  ( 11.17967470060647273, 10.99999999999999645, -11.51797208648190818 ) ) ;
#6336 = EDGE_CURVE ( 'NONE', #6260, #2622, #1040, .T. ) ;
#6337 = CARTESIAN_POINT ( 'NONE',  ( -15.43270695456009811, -8.375942331865656953, -15.84715310155024248 ) ) ;
#6338 = CARTESIAN_POINT ( 'NONE',  ( -8.207484822735390040, 9.711854133359000940, -11.34176004749229172 ) ) ;
#6339 = CARTESIAN_POINT ( 'NONE',  ( 0.9465043099284100592, -9.568536181629388793, -5.193797270050425574 ) ) ;
#6340 = DIRECTION ( 'NONE',  ( -0.000000000000000000, 0.000000000000000000, -1.000000000000000000 ) ) ;
#6341 = CARTESIAN_POINT ( 'NONE',  ( -19.15505364767532726, -11.00000000000000178, -12.94681745823245222 ) ) ;
#6342 = CARTESIAN_POINT ( 'NONE',  ( -9.911208202941697465, 10.99999999999998934, -4.535800487171323780 ) ) ;
#6343 = ADVANCED_FACE ( 'NONE', ( #2585 ), #5609, .T. ) ;
#6344 = CARTESIAN_POINT ( 'NONE',  ( 6.982927292215246773, 10.44843193930311998, -14.04048562982526605 ) ) ;
#6345 = EDGE_CURVE ( 'NONE', #897, #3483, #1557, .T. ) ;
#6346 = ORIENTED_EDGE ( 'NONE', *, *, #468, .T. ) ;
#6347 = CARTESIAN_POINT ( 'NONE',  ( -36.79115416419612927, 8.103039918141670128, -20.34557069468143098 ) ) ;
#6348 = CARTESIAN_POINT ( 'NONE',  ( 3.427403241461768779, -6.999999999999999112, -15.99999999999998934 ) ) ;
#6349 = CARTESIAN_POINT ( 'NONE',  ( -40.49999999999996447, -7.000000000000002665, -33.49999999999999289 ) ) ;
#6350 = DIRECTION ( 'NONE',  ( 0.000000000000000000, 0.000000000000000000, 1.000000000000000000 ) ) ;
#6351 = CARTESIAN_POINT ( 'NONE',  ( -3.154413256033907764, -11.00000000000000000, -11.37042031375944440 ) ) ;
#6352 = LINE ( 'NONE', #7608, #3330 ) ;
#6353 = CARTESIAN_POINT ( 'NONE',  ( 23.03608792876659095, -11.00000000000168932, -15.58995729406920105 ) ) ;
#6354 = CARTESIAN_POINT ( 'NONE',  ( 37.00000000000001421, 7.000000000000000888, -11.99999999999999645 ) ) ;
#6355 = CARTESIAN_POINT ( 'NONE',  ( 20.82345569875504054, -9.211499511914162497, -16.00342770755304400 ) ) ;
#6356 = CARTESIAN_POINT ( 'NONE',  ( 23.12310562561766503, -8.057641145488917189, -15.85764114548885573 ) ) ;
#6357 = FACE_OUTER_BOUND ( 'NONE', #5259, .T. ) ;
#6358 = CARTESIAN_POINT ( 'NONE',  ( -11.43616277228445277, 5.147400731721318401, -1.646785240886845081 ) ) ;
#6359 = CARTESIAN_POINT ( 'NONE',  ( 39.68673124599420987, -10.99999999999999645, -19.56131320747066837 ) ) ;
#6360 = DIRECTION ( 'NONE',  ( 1.000000000000000000, 0.000000000000000000, 0.000000000000000000 ) ) ;
#6361 = CARTESIAN_POINT ( 'NONE',  ( 35.84888719437009996, 8.375504344011730495, -18.31276820371907021 ) ) ;
#6362 = ORIENTED_EDGE ( 'NONE', *, *, #7474, .T. ) ;
#6363 = CARTESIAN_POINT ( 'NONE',  ( -12.86013480461510028, 8.432056188221308091, -1.581232701822202769 ) ) ;
#6364 = ORIENTED_EDGE ( 'NONE', *, *, #7918, .T. ) ;
#6365 = CARTESIAN_POINT ( 'NONE',  ( -33.28133927273673009, 10.99999999999999289, -12.81185257031807545 ) ) ;
#6366 = CARTESIAN_POINT ( 'NONE',  ( -16.63062709132725558, -9.096729309013397824, -15.89899790172978200 ) ) ;
#6367 = CARTESIAN_POINT ( 'NONE',  ( 9.999999999971580067, 4.572714414311420228, -14.29999999999999183 ) ) ;
#6368 = CARTESIAN_POINT ( 'NONE',  ( -12.11023453354503765, 6.003901338862124959, -1.565120271162031784 ) ) ;
#6369 = CARTESIAN_POINT ( 'NONE',  ( -2.698415296892294979, -9.201646605973477833, -15.35662467066560843 ) ) ;
#6370 = CARTESIAN_POINT ( 'NONE',  ( -7.022757193359245420, 10.05408424735919048, -1.406932222910649788 ) ) ;
#6371 =( BOUNDED_SURFACE ( )  B_SPLINE_SURFACE ( 3, 2, ( 
 ( #4859, #7344, #1742 ),
 ( #4241, #142, #2606 ),
 ( #5100, #102, #6328 ),
 ( #1336, #723, #4487 ),
 ( #5670, #3217, #3304 ),
 ( #4533, #3870, #4447 ),
 ( #6406, #7543, #7582 ),
 ( #7459, #1988, #762 ),
 ( #6928, #3831, #6366 ),
 ( #5711, #3748, #6973 ),
 ( #1379, #3257, #5754 ),
 ( #7012, #6245, #2649 ),
 ( #5142, #65, #641 ),
 ( #2525, #681, #7627 ),
 ( #3911, #802, #2033 ),
 ( #1418, #8069, #5062 ),
 ( #2483, #4980, #1864 ),
 ( #5020, #4359, #6852 ),
 ( #7504, #1258, #3132 ),
 ( #5628, #1905, #4407 ),
 ( #20, #3790, #2568 ),
 ( #6890, #1298, #6284 ),
 ( #3174, #1946, #2807 ),
 ( #1501, #7814, #2844 ),
 ( #3346, #3460, #4106 ),
 ( #5300, #7781, #2726 ),
 ( #7171, #5956, #303 ),
 ( #2189, #5914, #4032 ) ),
 .UNSPECIFIED., .F., .F., .F. ) 
 B_SPLINE_SURFACE_WITH_KNOTS ( ( 4, 2, 2, 2, 2, 2, 2, 2, 2, 2, 2, 2, 2, 4 ),
 ( 3, 3 ),
 ( 0.006444440484118839699, 0.007499772081236868830, 0.008555103678354897961, 0.009082769476913912093, 0.009610435275472927960, 0.01013810107403194383, 0.01040193397331145089, 0.01066576687259095796, 0.01119343267114997209, 0.01172109846970898622, 0.01224876426826800035, 0.01277643006682701622, 0.01383176166394504622, 0.01488709326106307448 ),
 ( 0.000000000000000000, 0.9481665641129830568 ),
 .UNSPECIFIED. ) 
 GEOMETRIC_REPRESENTATION_ITEM ( )  RATIONAL_B_SPLINE_SURFACE ( (
 ( 1.000000000000000000, 0.7222884430654072929, 0.9712105116370943758),
 ( 1.000000000000000000, 0.7339895233245439243, 0.9724235260239358913),
 ( 1.000000000000000000, 0.7475034459231222339, 0.9738244721051267927),
 ( 1.000000000000000000, 0.7786240694102509741, 0.9770506497896951359),
 ( 1.000000000000000000, 0.7964063997590766775, 0.9788940883498102874),
 ( 1.000000000000000000, 0.8258238493952287929, 0.9819437033291602557),
 ( 1.000000000000000000, 0.8360677872162863844, 0.9830056603177170782),
 ( 1.000000000000000000, 0.8566416550082728287, 0.9851384888320049438),
 ( 1.000000000000000000, 0.8669914597083212549, 0.9862114207087311346),
 ( 1.000000000000000000, 0.8860892490534060251, 0.9881912287879355272),
 ( 1.000000000000000000, 0.8948344626346586006, 0.9890978177228997303),
 ( 1.000000000000000000, 0.9044969400528090064, 0.9900994965304267259),
 ( 1.000000000000000000, 0.9071355906515624623, 0.9903730371837041746),
 ( 1.000000000000000000, 0.9107626715912331417, 0.9907490453183910306),
 ( 1.000000000000000000, 0.9117623681051068019, 0.9908526807287076910),
 ( 1.000000000000000000, 0.9121615151483595252, 0.9908940590540595839),
 ( 1.000000000000000000, 0.9088705206904860168, 0.9905528919535862009),
 ( 1.000000000000000000, 0.8969017551867003446, 0.9893121274748117866),
 ( 1.000000000000000000, 0.8883366489821985512, 0.9884242097081785694),
 ( 1.000000000000000000, 0.8692995711238378220, 0.9864506953988836369),
 ( 1.000000000000000000, 0.8588271018512690924, 0.9853650472696466878),
 ( 1.000000000000000000, 0.8379322285212752464, 0.9831989411154116176),
 ( 1.000000000000000000, 0.8274944879490021554, 0.9821168932018951025),
 ( 1.000000000000000000, 0.7975188372686571325, 0.9790094112664726733),
 ( 1.000000000000000000, 0.7794060952706789447, 0.9771317199642920448),
 ( 1.000000000000000000, 0.7478214697693821300, 0.9738574406424181928),
 ( 1.000000000000000000, 0.7342134704988444449, 0.9724467419269382518),
 ( 1.000000000000000000, 0.7222884430656566490, 0.9712105116371201330) ) ) 
 REPRESENTATION_ITEM ( '' )  SURFACE ( )  );
#6372 = ORIENTED_EDGE ( 'NONE', *, *, #5853, .T. ) ;
#6373 = CARTESIAN_POINT ( 'NONE',  ( 9.639686558434421570, 10.99999999999999645, -9.746055794257680205 ) ) ;
#6374 = ADVANCED_FACE ( 'NONE', ( #82 ), #5078, .T. ) ;
#6375 = CARTESIAN_POINT ( 'NONE',  ( -21.76385399196285064, 6.333333333333325932, -16.49999999999998579 ) ) ;
#6376 = CARTESIAN_POINT ( 'NONE',  ( -17.60964207969818673, -9.532251111444070446, -15.87056831000186641 ) ) ;
#6377 = CARTESIAN_POINT ( 'NONE',  ( 0.1443900602882084716, -9.500132411561851953, -5.401541549732343128 ) ) ;
#6378 = DIRECTION ( 'NONE',  ( -1.000000000000000000, 0.000000000000000000, 0.000000000000000000 ) ) ;
#6379 = CARTESIAN_POINT ( 'NONE',  ( -0.3287890513716826835, -6.207404615248796276, 0.000000000000000000 ) ) ;
#6380 = CARTESIAN_POINT ( 'NONE',  ( -13.42740324146177144, 6.999999999999991118, -15.99999999999998579 ) ) ;
#6381 = CARTESIAN_POINT ( 'NONE',  ( 7.382673634767694892, 9.009813674370494851, -15.47715988212533489 ) ) ;
#6382 = EDGE_LOOP ( 'NONE', ( #741, #918, #3635, #5794 ) ) ;
#6383 = CARTESIAN_POINT ( 'NONE',  ( -34.91937113491037792, 10.99999999999999289, -13.59735145039922166 ) ) ;
#6384 = CARTESIAN_POINT ( 'NONE',  ( 20.49729485795430506, 7.829442473742565411, -15.92776228965353624 ) ) ;
#6385 = CARTESIAN_POINT ( 'NONE',  ( 39.06035615916512427, 11.00000000000000355, -17.86837050646441227 ) ) ;
#6386 = CARTESIAN_POINT ( 'NONE',  ( -19.00000000000000000, 3.000000000000000000, -14.00000000000000000 ) ) ;
#6387 = EDGE_CURVE ( 'NONE', #4112, #816, #5226, .T. ) ;
#6388 = CARTESIAN_POINT ( 'NONE',  ( -1.925144000387458476, -11.00000000000000000, -10.27984773670126906 ) ) ;
#6389 = ADVANCED_FACE ( 'NONE', ( #47 ), #6625, .T. ) ;
#6390 = CARTESIAN_POINT ( 'NONE',  ( 3.427403241461769223, -6.999999999999999112, -15.99999999999998579 ) ) ;
#6391 = CARTESIAN_POINT ( 'NONE',  ( 23.12310562561954086, -10.99999999999999645, -15.71294882877245591 ) ) ;
#6392 = FACE_OUTER_BOUND ( 'NONE', #4695, .T. ) ;
#6393 = CARTESIAN_POINT ( 'NONE',  ( -3.967323643066334782, -10.61580850379954555, -2.269271675771095786 ) ) ;
#6394 = DIRECTION ( 'NONE',  ( 0.000000000000000000, 1.000000000000000000, 0.000000000000000000 ) ) ;
#6395 = LINE ( 'NONE', #1370, #2511 ) ;
#6396 = LINE ( 'NONE', #7573, #7476 ) ;
#6397 = CARTESIAN_POINT ( 'NONE',  ( 8.434159160287324042, 5.271927907135003366, -14.36495152191920255 ) ) ;
#6398 = TOROIDAL_SURFACE ( 'NONE', #4966, 16.00000000000000000, 4.000000000000000000 ) ;
#6399 = DIRECTION ( 'NONE',  ( -1.000000000000000000, 0.000000000000000000, 2.344220913482171656E-16 ) ) ;
#6400 = CARTESIAN_POINT ( 'NONE',  ( 32.43230865688576614, 11.00000000000000355, -12.49052634267580686 ) ) ;
#6401 = ORIENTED_EDGE ( 'NONE', *, *, #2803, .F. ) ;
#6402 = CARTESIAN_POINT ( 'NONE',  ( -12.99019097616589669, 10.60003545801490610, -2.246669402391707759 ) ) ;
#6403 = ORIENTED_EDGE ( 'NONE', *, *, #84, .T. ) ;
#6404 = CARTESIAN_POINT ( 'NONE',  ( -37.71338367191601293, 10.99999999999999467, -15.87182928497413847 ) ) ;
#6405 = AXIS2_PLACEMENT_3D ( 'NONE', #4568, #3211, #1899 ) ;
#6406 = CARTESIAN_POINT ( 'NONE',  ( -17.27858920993602609, -11.00000000000000178, -12.50383907181489107 ) ) ;
#6407 = SPHERICAL_SURFACE ( 'NONE', #5527, 4.999999999999999112 ) ;
#6408 = CARTESIAN_POINT ( 'NONE',  ( -6.370684447795865957, 10.99999999999999645, -12.25089139029288532 ) ) ;
#6409 = CARTESIAN_POINT ( 'NONE',  ( -7.382673634767874304, 9.009813674370500181, -0.5228401178746786560 ) ) ;
#6410 = ORIENTED_EDGE ( 'NONE', *, *, #1945, .F. ) ;
#6411 = CARTESIAN_POINT ( 'NONE',  ( 11.26200574680321687, 10.99999999999999645, -9.959753553610266152 ) ) ;
#6412 = PRODUCT_DEFINITION_SHAPE ( 'NONE', 'NONE',  #625 ) ;
#6413 = FACE_OUTER_BOUND ( 'NONE', #7259, .T. ) ;
#6414 = CARTESIAN_POINT ( 'NONE',  ( -16.61842662950508043, -9.142203654305317784, -15.86028999450453014 ) ) ;
#6415 = FACE_OUTER_BOUND ( 'NONE', #5910, .T. ) ;
#6416 = CARTESIAN_POINT ( 'NONE',  ( -0.08879179705843871784, -11.00000000000000000, -4.535800487171492534 ) ) ;
#6417 = LINE ( 'NONE', #316, #4765 ) ;
#6418 = CARTESIAN_POINT ( 'NONE',  ( 1.530802884647932016, -6.906922285550838758, -8.673617379884035472E-16 ) ) ;
#6419 = ORIENTED_EDGE ( 'NONE', *, *, #5553, .F. ) ;
#6420 = CARTESIAN_POINT ( 'NONE',  ( 20.86322927618126144, 10.99999999999999822, -11.99999999999999112 ) ) ;
#6421 = CARTESIAN_POINT ( 'NONE',  ( 7.104595325977538955, 9.741784453842663893, -14.92437723410352568 ) ) ;
#6422 = EDGE_LOOP ( 'NONE', ( #7393, #5513, #7032, #6014 ) ) ;
#6423 = CARTESIAN_POINT ( 'NONE',  ( -34.45132652980620946, 8.927671963715006598, -16.71099272934365132 ) ) ;
#6424 = CARTESIAN_POINT ( 'NONE',  ( 18.32042520670528063, 7.546459968569139143, -16.02200656297284453 ) ) ;
#6425 = CIRCLE ( 'NONE', #3946, 1.000000000000000000 ) ;
#6426 = CARTESIAN_POINT ( 'NONE',  ( -11.34251180747103405, 9.629600423015833854, -4.991635498249716640 ) ) ;
#6427 = CARTESIAN_POINT ( 'NONE',  ( 1.667764904307054596, -9.688975704383524956, -11.24844695980199205 ) ) ;
#6428 = CARTESIAN_POINT ( 'NONE',  ( -0.06719011727452588179, -6.234765669401351573, -15.99999999999998579 ) ) ;
#6429 = CARTESIAN_POINT ( 'NONE',  ( 19.64151924206473865, -11.00000000000000000, -14.70371648612542970 ) ) ;
#6430 = FACE_OUTER_BOUND ( 'NONE', #2899, .T. ) ;
#6431 = CIRCLE ( 'NONE', #1987, 5.196152422706639129 ) ;
#6432 = EDGE_CURVE ( 'NONE', #5162, #6206, #1812, .T. ) ;
#6433 = CARTESIAN_POINT ( 'NONE',  ( 22.94174297051049294, -8.123853018934768855, -15.85142213977460557 ) ) ;
#6434 = EDGE_CURVE ( 'NONE', #278, #4959, #913, .T. ) ;
#6435 = FACE_OUTER_BOUND ( 'NONE', #719, .T. ) ;
#6436 = DIRECTION ( 'NONE',  ( 2.344220913482171656E-16, 0.000000000000000000, 1.000000000000000000 ) ) ;
#6437 = CARTESIAN_POINT ( 'NONE',  ( 22.39277177287216603, -7.838190497789463862, -16.33256868937242245 ) ) ;
#6438 = CARTESIAN_POINT ( 'NONE',  ( 34.45132652980719001, -8.927671963715068770, -16.71099272934432278 ) ) ;
#6439 = CARTESIAN_POINT ( 'NONE',  ( 8.551807971990088575, 5.158172566433958828, -14.35422745245524645 ) ) ;
#6440 = CIRCLE ( 'NONE', #686, 4.999999999999999112 ) ;
#6441 = DIRECTION ( 'NONE',  ( -1.000000000000000000, -1.559302000878028960E-16, 0.000000000000000000 ) ) ;
#6442 = CARTESIAN_POINT ( 'NONE',  ( 15.34959251460539953, -7.421346177439750669, -16.44685399685360139 ) ) ;
#6443 = ORIENTED_EDGE ( 'NONE', *, *, #2826, .F. ) ;
#6444 = CARTESIAN_POINT ( 'NONE',  ( -16.49931366724352344, -8.716260813938921714, -16.22796813903670810 ) ) ;
#6445 = ORIENTED_EDGE ( 'NONE', *, *, #4322, .F. ) ;
#6446 = VECTOR ( 'NONE', #7593, 1000.000000000000000 ) ;
#6447 = CARTESIAN_POINT ( 'NONE',  ( 3.894200431333552537, -10.81029943633428658, -2.754422882682648233 ) ) ;
#6448 = EDGE_CURVE ( 'NONE', #1434, #403, #5091, .T. ) ;
#6449 = ADVANCED_FACE ( 'NONE', ( #2962 ), #2436, .T. ) ;
#6450 = CARTESIAN_POINT ( 'NONE',  ( -7.669840989512893614, 8.383617393597925016, -15.77898516364536441 ) ) ;
#6451 = DIRECTION ( 'NONE',  ( 0.4581904831346155227, 0.000000000000000000, -0.8888540269160443152 ) ) ;
#6452 = CARTESIAN_POINT ( 'NONE',  ( -12.38515289193625790, 6.613575056313801603, -1.506919059185722443 ) ) ;
#6453 = CARTESIAN_POINT ( 'NONE',  ( -6.010873202127473114, 10.49256022210472139, -2.031291710659540062 ) ) ;
#6454 = AXIS2_PLACEMENT_3D ( 'NONE', #3096, #3011, #4981 ) ;
#6455 = VERTEX_POINT ( 'NONE', #1123 ) ;
#6456 = CARTESIAN_POINT ( 'NONE',  ( 8.679223719433748485, 9.625795683396351166, -10.99422972332453163 ) ) ;
#6457 = CARTESIAN_POINT ( 'NONE',  ( 16.05188907523963948, 6.555555555555554470, -15.99999999999999822 ) ) ;
#6458 = CARTESIAN_POINT ( 'NONE',  ( -17.17654430124379772, -9.211499511914119864, -16.00342770755338151 ) ) ;
#6459 = DIRECTION ( 'NONE',  ( -0.9582143447964123206, -0.2860511657490358295, 0.000000000000000000 ) ) ;
#6460 = CARTESIAN_POINT ( 'NONE',  ( -0.6750093032618202926, -9.535500870890947667, -5.297355589694729083 ) ) ;
#6461 = CARTESIAN_POINT ( 'NONE',  ( -23.33012701892220164, 2.999999999999999556, -16.49999999999998579 ) ) ;
#6462 = AXIS2_PLACEMENT_3D ( 'NONE', #3116, #2550, #6909 ) ;
#6463 = CARTESIAN_POINT ( 'NONE',  ( 0.3035181754970244783, -4.590130055917995833, -1.698417258506022653 ) ) ;
#6464 = ORIENTED_EDGE ( 'NONE', *, *, #7918, .F. ) ;
#6465 = CARTESIAN_POINT ( 'NONE',  ( -7.349781241738553739, 10.99999999999999289, -5.172731531811263217 ) ) ;
#6466 = CARTESIAN_POINT ( 'NONE',  ( 7.028129253193786674, 9.027658802990604414, -14.12211324941083923 ) ) ;
#6467 = ORIENTED_EDGE ( 'NONE', *, *, #3633, .F. ) ;
#6468 = CARTESIAN_POINT ( 'NONE',  ( -36.99999999999999289, 8.020157026814997536, -21.54267702316641220 ) ) ;
#6469 = CARTESIAN_POINT ( 'NONE',  ( 12.51356180376973271, 5.159211857304234705, -0.000000000000000000 ) ) ;
#6470 = CARTESIAN_POINT ( 'NONE',  ( 39.68674460854760611, 11.00000000000000178, -19.56136331995174515 ) ) ;
#6471 = CARTESIAN_POINT ( 'NONE',  ( -0.1879877993543524473, -10.99999999999999822, -11.45968987036137676 ) ) ;
#6472 = FACE_OUTER_BOUND ( 'NONE', #507, .T. ) ;
#6473 = CARTESIAN_POINT ( 'NONE',  ( 15.74283811818159151, -10.99999999999969980, -15.08454403790751286 ) ) ;
#6474 = CARTESIAN_POINT ( 'NONE',  ( -2.934388085977588823, -8.798058111298038497, -14.25967971881865104 ) ) ;
#6475 = CARTESIAN_POINT ( 'NONE',  ( 44.50000000000002842, 8.000000000000003553, -33.49999999999999289 ) ) ;
#6476 = DIRECTION ( 'NONE',  ( 0.6382847385042333954, -0.7698003589194943874, 0.000000000000000000 ) ) ;
#6477 = CARTESIAN_POINT ( 'NONE',  ( 6.285680564461160635, 8.280365056587870143, -0.2014046271621158235 ) ) ;
#6478 = CARTESIAN_POINT ( 'NONE',  ( 21.22106618813108625, -8.898128809279661766, -16.21344197457726821 ) ) ;
#6479 = CARTESIAN_POINT ( 'NONE',  ( 11.43616277228444567, 5.147400731721446299, -14.35321475911328015 ) ) ;
#6480 = CARTESIAN_POINT ( 'NONE',  ( -19.85161413393752383, 7.912261968347864105, -15.92837251296633028 ) ) ;
#6481 = CARTESIAN_POINT ( 'NONE',  ( -2.756248317346388088, -5.473445835946210813, -15.99999999999998579 ) ) ;
#6482 = ADVANCED_FACE ( 'NONE', ( #504 ), #2867, .T. ) ;
#6483 = EDGE_LOOP ( 'NONE', ( #1291, #937, #4195, #3948, #550, #3744, #728, #3110 ) ) ;
#6484 = CARTESIAN_POINT ( 'NONE',  ( -17.84953535871084540, -9.352058306198520299, -16.18262615054002751 ) ) ;
#6485 = EDGE_CURVE ( 'NONE', #7060, #6645, #5916, .T. ) ;
#6486 = ORIENTED_EDGE ( 'NONE', *, *, #4395, .T. ) ;
#6487 = DIRECTION ( 'NONE',  ( 1.000000000000000000, 0.000000000000000000, -0.000000000000000000 ) ) ;
#6488 = CARTESIAN_POINT ( 'NONE',  ( -7.566732449374800495, 8.600207821610386105, -15.68995912269082282 ) ) ;
#6489 = CARTESIAN_POINT ( 'NONE',  ( -9.807479919617613007, 10.99999999999999289, -9.732458530651040718 ) ) ;
#6490 = EDGE_CURVE ( 'NONE', #6334, #4758, #7431, .T. ) ;
#6491 = CARTESIAN_POINT ( 'NONE',  ( -6.467682416965894632, 10.99999999999999467, -11.99999999999999112 ) ) ;
#6492 = DIRECTION ( 'NONE',  ( 0.000000000000000000, -1.000000000000000000, 0.000000000000000000 ) ) ;
#6493 = CARTESIAN_POINT ( 'NONE',  ( -7.886222254157437384, 7.940124366526687183, -0.08103949035247264010 ) ) ;
#6494 = EDGE_CURVE ( 'NONE', #5162, #1695, #4841, .T. ) ;
#6495 = ORIENTED_EDGE ( 'NONE', *, *, #7813, .F. ) ;
#6496 = CARTESIAN_POINT ( 'NONE',  ( 12.99830737027173555, 9.280029756719946121, -13.92351689679709281 ) ) ;
#6497 = CARTESIAN_POINT ( 'NONE',  ( -21.48384741647650387, 6.565502520763463856, -16.49999999999998579 ) ) ;
#6498 = CARTESIAN_POINT ( 'NONE',  ( -17.27138842705223354, -9.424297963024512725, -15.86765289523043521 ) ) ;
#6499 = CARTESIAN_POINT ( 'NONE',  ( -19.00000000000000000, 3.000000000000000000, -16.99999999999998224 ) ) ;
#6500 = B_SPLINE_CURVE_WITH_KNOTS ( 'NONE', 3,
 ( #1239, #493, #2990, #7966, #7562, #2669, #4514, #4466, #6995, #4555, #1966, #3236 ),
 .UNSPECIFIED., .F., .F.,
 ( 4, 2, 2, 2, 2, 4 ),
 ( 0.000000000000000000, 0.0008556572455192265961, 0.001711314491038453192, 0.002566971736557679788, 0.002994800359317296989, 0.003422628982076914191 ),
 .UNSPECIFIED. ) ;
#6501 = CARTESIAN_POINT ( 'NONE',  ( 0.8204337428728947224, -10.99999999999999822, -4.545762711014131874 ) ) ;
#6502 = CARTESIAN_POINT ( 'NONE',  ( 19.00000000000000000, -1.000000000000000000, -18.47213595499957961 ) ) ;
#6503 = CARTESIAN_POINT ( 'NONE',  ( 0.2006945107011226526, -6.213921223984101516, 4.336808689942017736E-16 ) ) ;
#6504 = ORIENTED_EDGE ( 'NONE', *, *, #3046, .T. ) ;
#6505 = CARTESIAN_POINT ( 'NONE',  ( -0.8188486386977144038, -4.742611246136050340, -1.684461248977233483 ) ) ;
#6506 = CARTESIAN_POINT ( 'NONE',  ( 7.429447568903673194, 7.255791592464744255, -14.55236471318668201 ) ) ;
#6507 = ORIENTED_EDGE ( 'NONE', *, *, #4749, .T. ) ;
#6508 = CARTESIAN_POINT ( 'NONE',  ( -35.72859794126856059, 8.413204699879274884, -18.14146719574478794 ) ) ;
#6509 = CARTESIAN_POINT ( 'NONE',  ( 20.86338998124982780, 6.936396715132942425, -16.45612676359921167 ) ) ;
#6510 = CARTESIAN_POINT ( 'NONE',  ( 0.8149885042466252782, -4.740840815378628115, -1.684624266327406472 ) ) ;
#6511 = CARTESIAN_POINT ( 'NONE',  ( -0.5526931459013388892, -9.523461559882729688, -10.66679653847028497 ) ) ;
#6512 = B_SPLINE_CURVE_WITH_KNOTS ( 'NONE', 3,
 ( #5389, #7349, #7870, #1094, #6574, #2856, #4784, #6002, #5310, #7792, #6693, #3549, #4081, #6652, #5347, #7268, #473, #2203, #7307, #2817, #1663, #1705 ),
 .UNSPECIFIED., .F., .F.,
 ( 4, 2, 2, 2, 2, 2, 2, 2, 2, 2, 4 ),
 ( 0.000000000000000000, 0.001065924680459407132, 0.002131849360918809059, 0.003197774041378211203, 0.003730736381607907722, 0.004263698721837603373, 0.004796661062067299891, 0.005329623402296995542, 0.006395548082756389446, 0.007461472763215783351, 0.008527397443675177255 ),
 .UNSPECIFIED. ) ;
#6513 = CARTESIAN_POINT ( 'NONE',  ( 1.716305019031569179, -7.161004492298857826, -15.99999999999998579 ) ) ;
#6514 = CARTESIAN_POINT ( 'NONE',  ( 12.14874104905726604, 6.096083231011547809, -1.556341356572720214 ) ) ;
#6515 = DIRECTION ( 'NONE',  ( 0.8848650242331368432, 0.4609423183632043730, 0.06742453582224212927 ) ) ;
#6516 = CARTESIAN_POINT ( 'NONE',  ( -6.846178607315782649, 6.207963348855538577, -15.99999999999998579 ) ) ;
#6517 = CARTESIAN_POINT ( 'NONE',  ( 6.845586743965842658, 10.99999999999999645, -4.629579686240544056 ) ) ;
#6518 = DIRECTION ( 'NONE',  ( 0.6382847385043060040, 0.7698003589194342133, -3.469446951953616161E-15 ) ) ;
#6519 = CARTESIAN_POINT ( 'NONE',  ( 12.89225082073994422, 9.840589547771815049, -13.05543027349779805 ) ) ;
#6520 = CARTESIAN_POINT ( 'NONE',  ( -19.42709007670491772, 7.970044295656300903, -15.92322890536455660 ) ) ;
#6521 = CARTESIAN_POINT ( 'NONE',  ( -36.47885976577653366, -8.193305625011941373, -19.44671948313524368 ) ) ;
#6522 = EDGE_LOOP ( 'NONE', ( #5770, #6606, #3388, #7133 ) ) ;
#6523 = CARTESIAN_POINT ( 'NONE',  ( -19.00000000000000000, -1.000000000000000000, -14.00000000000000000 ) ) ;
#6524 = VERTEX_POINT ( 'NONE', #7376 ) ;
#6525 = CARTESIAN_POINT ( 'NONE',  ( -6.002256841355375627, 10.02008911957844006, -14.63642759471301602 ) ) ;
#6526 = AXIS2_PLACEMENT_3D ( 'NONE', #6238, #5418, #5542 ) ;
#6527 = FACE_OUTER_BOUND ( 'NONE', #5479, .T. ) ;
#6528 = CARTESIAN_POINT ( 'NONE',  ( 12.64923818727558213, 9.886196562445499936, -3.544786249781999743 ) ) ;
#6529 = CARTESIAN_POINT ( 'NONE',  ( 6.572596758538232109, 6.999999999999994671, -15.99999999999998934 ) ) ;
#6530 = VERTEX_POINT ( 'NONE', #6761 ) ;
#6531 = CARTESIAN_POINT ( 'NONE',  ( 12.98955579264482552, 9.590442250527967616, -13.56347452870085135 ) ) ;
#6532 = EDGE_CURVE ( 'NONE', #6455, #7509, #6274, .T. ) ;
#6533 = CARTESIAN_POINT ( 'NONE',  ( -36.95976149475323780, -8.043542602396144048, -21.14061457304063651 ) ) ;
#6534 = CARTESIAN_POINT ( 'NONE',  ( -15.42621814076694342, -7.921720697221173779, -15.96688257856791004 ) ) ;
#6535 = CARTESIAN_POINT ( 'NONE',  ( 44.50000000000002842, -10.99999999999999645, -33.49999999999999289 ) ) ;
#6536 = AXIS2_PLACEMENT_3D ( 'NONE', #1926, #6908, #3730 ) ;
#6537 = CARTESIAN_POINT ( 'NONE',  ( -13.15382139059103572, 6.207963350355144350, -0.000000000000000000 ) ) ;
#6538 = CARTESIAN_POINT ( 'NONE',  ( -13.99005998010217589, 10.48388806985114741, -13.98349934761776225 ) ) ;
#6539 = VERTEX_POINT ( 'NONE', #3703 ) ;
#6540 = CARTESIAN_POINT ( 'NONE',  ( -7.637985243236851574, 9.825151973511664139, -4.038114190144840521 ) ) ;
#6541 = CARTESIAN_POINT ( 'NONE',  ( 15.34226909767095748, -7.839438848934165094, -15.94383477959244821 ) ) ;
#6542 = ORIENTED_EDGE ( 'NONE', *, *, #7669, .T. ) ;
#6543 = EDGE_CURVE ( 'NONE', #7309, #394, #640, .T. ) ;
#6544 = CARTESIAN_POINT ( 'NONE',  ( -8.085116304203015858, 4.551758125465759974, -15.99999999999998224 ) ) ;
#6545 = CARTESIAN_POINT ( 'NONE',  ( 7.483321089476178578, 5.135406530472865327, -0.000000000000000000 ) ) ;
#6546 = CARTESIAN_POINT ( 'NONE',  ( 1.096228843504537309, -9.587309324621333673, -5.134553197367746513 ) ) ;
#6547 = EDGE_CURVE ( 'NONE', #4715, #6206, #7755, .T. ) ;
#6548 = CARTESIAN_POINT ( 'NONE',  ( 1.033506801028961641, -4.042619214253361903, -15.99999999999998579 ) ) ;
#6549 = DIRECTION ( 'NONE',  ( -0.000000000000000000, -1.000000000000000000, -0.000000000000000000 ) ) ;
#6550 = AXIS2_PLACEMENT_3D ( 'NONE', #22, #5552, #4318 ) ;
#6551 = FACE_OUTER_BOUND ( 'NONE', #531, .T. ) ;
#6552 = CARTESIAN_POINT ( 'NONE',  ( -9.677733510418530471, 6.207352007895261536, -15.99999999999998757 ) ) ;
#6553 = CARTESIAN_POINT ( 'NONE',  ( 6.067334089425669319, 9.432762368284922871, -0.8139963232362074086 ) ) ;
#6554 = DIRECTION ( 'NONE',  ( 1.000000000000000000, 0.000000000000000000, 0.000000000000000000 ) ) ;
#6555 = CARTESIAN_POINT ( 'NONE',  ( -21.23606797749981467, 10.99999999999999112, -15.59229220782592407 ) ) ;
#6556 = AXIS2_PLACEMENT_3D ( 'NONE', #7036, #2548, #4384 ) ;
#6557 = CARTESIAN_POINT ( 'NONE',  ( -22.31662479035541935, 6.999999999999989342, -15.99999999999998224 ) ) ;
#6558 = VERTEX_POINT ( 'NONE', #3864 ) ;
#6559 = CARTESIAN_POINT ( 'NONE',  ( -22.01722527250015915, -8.282258178285117012, -16.26956870033205149 ) ) ;
#6560 = ORIENTED_EDGE ( 'NONE', *, *, #120, .F. ) ;
#6561 = VECTOR ( 'NONE', #4930, 1000.000000000000000 ) ;
#6562 = CARTESIAN_POINT ( 'NONE',  ( -7.256733614103795027, 7.938965573688646415, -14.53862367573801251 ) ) ;
#6563 = CARTESIAN_POINT ( 'NONE',  ( -9.717374303120843493, 9.505195771001337945, -10.61294859462258877 ) ) ;
#6564 = DIRECTION ( 'NONE',  ( -1.000000000000000000, 0.000000000000000000, 2.344220913482171656E-16 ) ) ;
#6565 = CARTESIAN_POINT ( 'NONE',  ( 10.14353353406611546, 9.499999999999467093, -5.401923788648208991 ) ) ;
#6566 = CARTESIAN_POINT ( 'NONE',  ( 12.51667891052383297, 5.135406530472865327, -15.99999999999998934 ) ) ;
#6567 = ORIENTED_EDGE ( 'NONE', *, *, #477, .T. ) ;
#6568 = CARTESIAN_POINT ( 'NONE',  ( 12.43326755062539490, 8.600207821610412751, -15.68995912269045689 ) ) ;
#6569 = EDGE_CURVE ( 'NONE', #5876, #3309, #2749, .T. ) ;
#6570 = CARTESIAN_POINT ( 'NONE',  ( -35.34220307950872808, -8.545109932785603490, -17.64793309011372813 ) ) ;
#6571 = CARTESIAN_POINT ( 'NONE',  ( 7.889765466454963239, 6.003901338862126735, -1.565120271162032228 ) ) ;
#6572 = CARTESIAN_POINT ( 'NONE',  ( 40.00000000000001421, 8.000000000000003553, -33.49999999999999289 ) ) ;
#6573 = AXIS2_PLACEMENT_3D ( 'NONE', #5494, #4850, #7335 ) ;
#6574 = CARTESIAN_POINT ( 'NONE',  ( 16.63759457362832705, -11.00000000000000000, -12.28087096103699061 ) ) ;
#6575 = CARTESIAN_POINT ( 'NONE',  ( -13.53231758303410182, 10.99999999999999467, -11.99999999999998934 ) ) ;
#6576 = ORIENTED_EDGE ( 'NONE', *, *, #1282, .F. ) ;
#6577 = EDGE_CURVE ( 'NONE', #2566, #4951, #6882, .T. ) ;
#6578 = CARTESIAN_POINT ( 'NONE',  ( 17.50928635232498820, 11.00000000000000178, -12.01227125351043057 ) ) ;
#6579 = AXIS2_PLACEMENT_3D ( 'NONE', #1935, #6436, #7002 ) ;
#6580 = AXIS2_PLACEMENT_3D ( 'NONE', #2353, #3543, #4113 ) ;
#6581 = CARTESIAN_POINT ( 'NONE',  ( -10.73692419447199065, 10.99999999999999289, -6.194065795740635316 ) ) ;
#6582 = ORIENTED_EDGE ( 'NONE', *, *, #4444, .T. ) ;
#6583 = CARTESIAN_POINT ( 'NONE',  ( -8.064205024232352415, 5.732585808777519887, -1.591187279726833159 ) ) ;
#6584 = CARTESIAN_POINT ( 'NONE',  ( -3.714319435538842473, -8.280365056587875472, -15.79859537283786963 ) ) ;
#6585 = CARTESIAN_POINT ( 'NONE',  ( 12.89434946998295217, 8.590512462804316129, -1.641658068444987961 ) ) ;
#6586 = CIRCLE ( 'NONE', #852, 4.000000000000000000 ) ;
#6587 = CARTESIAN_POINT ( 'NONE',  ( 1.071884786810292756, -9.583588627916173053, -10.85325021112479682 ) ) ;
#6588 = CARTESIAN_POINT ( 'NONE',  ( 2.386037938457000518, -6.616903933177629149, -14.49339394581684992 ) ) ;
#6589 = EDGE_CURVE ( 'NONE', #665, #2427, #7467, .T. ) ;
#6590 = CARTESIAN_POINT ( 'NONE',  ( 12.48107709858682490, 6.900016724966141268, -1.479664059276687649 ) ) ;
#6591 = VERTEX_POINT ( 'NONE', #3781 ) ;
#6592 = CARTESIAN_POINT ( 'NONE',  ( 13.89714854860177162, 10.80487166735022164, -2.738307310190705390 ) ) ;
#6593 = DIRECTION ( 'NONE',  ( 0.000000000000000000, 0.000000000000000000, -1.000000000000000000 ) ) ;
#6594 = CARTESIAN_POINT ( 'NONE',  ( 6.002551624962035426, 10.01629967807942556, -1.359521548457740758 ) ) ;
#6595 = DIRECTION ( 'NONE',  ( -2.344220913482171656E-16, -0.000000000000000000, -1.000000000000000000 ) ) ;
#6596 = CARTESIAN_POINT ( 'NONE',  ( 12.78699302966716544, 9.897566259887955908, -12.75161158966553643 ) ) ;
#6597 = CARTESIAN_POINT ( 'NONE',  ( 12.57055243109632414, 7.255791592464746920, -1.447635286813311106 ) ) ;
#6598 = CARTESIAN_POINT ( 'NONE',  ( -31.23210200559691785, -11.00000000000000533, -12.46420215120396158 ) ) ;
#6599 = VERTEX_POINT ( 'NONE', #2066 ) ;
#6600 = CARTESIAN_POINT ( 'NONE',  ( 19.00000000000000000, -0.9999999999999997780, -14.00000000000000000 ) ) ;
#6601 = CARTESIAN_POINT ( 'NONE',  ( -6.067636062158086041, 9.430607603429461250, -15.18776384777328659 ) ) ;
#6602 = PLANE ( 'NONE',  #3051 ) ;
#6603 = DIRECTION ( 'NONE',  ( 1.000000000000000000, 0.000000000000000000, 0.000000000000000000 ) ) ;
#6604 = DIRECTION ( 'NONE',  ( 0.000000000000000000, 0.000000000000000000, -1.000000000000000000 ) ) ;
#6605 = FACE_OUTER_BOUND ( 'NONE', #4344, .T. ) ;
#6606 = ORIENTED_EDGE ( 'NONE', *, *, #4444, .F. ) ;
#6607 = B_SPLINE_CURVE_WITH_KNOTS ( 'NONE', 3,
 ( #7724, #2134, #3367, #5898, #6426, #823, #5202, #162, #4017, #5863 ),
 .UNSPECIFIED., .F., .F.,
 ( 4, 2, 2, 2, 4 ),
 ( 0.003422628982076922430, 0.004279752395304910716, 0.005136875808532898567, 0.005993999221760887286, 0.006851122634988875137 ),
 .UNSPECIFIED. ) ;
#6608 = ORIENTED_EDGE ( 'NONE', *, *, #4382, .T. ) ;
#6609 = CARTESIAN_POINT ( 'NONE',  ( 3.362593680578517930, -10.99999999999999822, -4.329251216938165392 ) ) ;
#6610 = DIRECTION ( 'NONE',  ( -1.000000000000000000, -1.559302000878028960E-16, 0.000000000000000000 ) ) ;
#6611 = CARTESIAN_POINT ( 'NONE',  ( -39.40685068736188867, -11.00000000000000355, -18.69897950004867582 ) ) ;
#6612 = CARTESIAN_POINT ( 'NONE',  ( -15.61181503212922728, -8.115663967930805356, -15.98716881317170113 ) ) ;
#6613 = CARTESIAN_POINT ( 'NONE',  ( -22.31662479035542290, 6.999999999999991118, -16.99999999999998224 ) ) ;
#6614 = CARTESIAN_POINT ( 'NONE',  ( 15.68337520964459664, 7.000000000000000888, -16.99999999999999289 ) ) ;
#6615 = CARTESIAN_POINT ( 'NONE',  ( 36.37354484974503066, 8.222707255265921944, -19.19911290954225791 ) ) ;
#6616 = ORIENTED_EDGE ( 'NONE', *, *, #5333, .T. ) ;
#6617 = CARTESIAN_POINT ( 'NONE',  ( 15.34870579231272281, -7.845274656156108861, -15.94628945191706570 ) ) ;
#6618 = ORIENTED_EDGE ( 'NONE', *, *, #2941, .T. ) ;
#6619 = CARTESIAN_POINT ( 'NONE',  ( -8.745327526924421946, 4.998884583145001947, -1.660706290126134022 ) ) ;
#6620 = CARTESIAN_POINT ( 'NONE',  ( -3.932665910574331125, -9.432762368284926424, -15.18600367676377694 ) ) ;
#6621 = CARTESIAN_POINT ( 'NONE',  ( 2.649238187275576806, -9.886196562445498159, -12.45521375021798960 ) ) ;
#6622 = EDGE_CURVE ( 'NONE', #1046, #282, #1047, .T. ) ;
#6623 = CARTESIAN_POINT ( 'NONE',  ( -38.77708952152353561, -11.00000000000000000, -17.33939547560027705 ) ) ;
#6624 = DIRECTION ( 'NONE',  ( -0.6382847385044440047, 0.7698003589193197493, 0.000000000000000000 ) ) ;
#6625 =( BOUNDED_SURFACE ( )  B_SPLINE_SURFACE ( 3, 2, ( 
 ( #6998, #6391, #5046 ),
 ( #7526, #6353, #7651 ),
 ( #5082, #3201, #3895 ),
 ( #3855, #4559, #3156 ),
 ( #5778, #7609, #4427 ),
 ( #4517, #6267, #6910 ),
 ( #87, #2589, #7487 ),
 ( #7039, #3329, #664 ),
 ( #124, #1928, #2551 ),
 ( #1440, #5654, #7565 ),
 ( #3241, #1318, #167 ),
 ( #1969, #3935, #786 ),
 ( #1403, #6429, #4469 ),
 ( #5123, #3814, #6955 ),
 ( #2508, #2629, #6311 ),
 ( #5734, #5005, #707 ),
 ( #2017, #3284, #1363 ),
 ( #2674, #2057, #5169 ),
 ( #1891, #4389, #6872 ),
 ( #1278, #3772, #7079 ),
 ( #869, #5827, #1482 ),
 ( #209, #2711, #3980 ),
 ( #5206, #7689, #2098 ),
 ( #4597, #6473, #6078 ),
 ( #1693, #462, #6154 ),
 ( #5454, #2348, #4271 ),
 ( #7296, #1773, #633 ),
 ( #2476, #7935, #4232 ) ),
 .UNSPECIFIED., .F., .F., .F. ) 
 B_SPLINE_SURFACE_WITH_KNOTS ( ( 4, 2, 2, 2, 2, 2, 2, 2, 2, 2, 2, 2, 2, 4 ),
 ( 3, 3 ),
 ( 0.006444440484118866587, 0.007499772081236892249, 0.008555103678354918778, 0.009082769476913932910, 0.009610435275472945307, 0.01013810107403195770, 0.01040193397331146477, 0.01066576687259097184, 0.01119343267114998597, 0.01172109846970899837, 0.01224876426826801076, 0.01277643006682702490, 0.01383176166394505142, 0.01488709326106307795 ),
 ( 0.000000000000000000, 0.9481665641129919386 ),
 .UNSPECIFIED. ) 
 GEOMETRIC_REPRESENTATION_ITEM ( )  RATIONAL_B_SPLINE_SURFACE ( (
 ( 1.000000000000000000, 0.7222884430654052945, 0.9712105116370990388),
 ( 1.000000000000000000, 0.7339895233245278261, 0.9724235260239388889),
 ( 1.000000000000000000, 0.7475034459231393313, 0.9738244721051331210),
 ( 1.000000000000000000, 0.7786240694102313231, 0.9770506497896969123),
 ( 1.000000000000000000, 0.7964063997591130928, 0.9788940883498176149),
 ( 1.000000000000000000, 0.8258238493952096970, 0.9819437033291613659),
 ( 1.000000000000000000, 0.8360677872163227997, 0.9830056603177237395),
 ( 1.000000000000000000, 0.8566416550082349701, 0.9851384888320036115),
 ( 1.000000000000000000, 0.8669914597083208108, 0.9862114207087333551),
 ( 1.000000000000000000, 0.8860892490534054700, 0.9881912287879375256),
 ( 1.000000000000000000, 0.8948344626346853570, 0.9890978177229043933),
 ( 1.000000000000000000, 0.9044969400527939074, 0.9900994965304268369),
 ( 1.000000000000000000, 0.9071355906515523593, 0.9903730371837047297),
 ( 1.000000000000000000, 0.9107626715912415793, 0.9907490453183935841),
 ( 1.000000000000000000, 0.9117623681051107987, 0.9908526807287096894),
 ( 1.000000000000000000, 0.9121615151483496442, 0.9908940590540600279),
 ( 1.000000000000000000, 0.9088705206904481582, 0.9905528919535837584),
 ( 1.000000000000000000, 0.8969017551867364269, 0.9893121274748173377),
 ( 1.000000000000000000, 0.8883366489822344114, 0.9884242097081843426),
 ( 1.000000000000000000, 0.8692995711237984091, 0.9864506953988818605),
 ( 1.000000000000000000, 0.8588271018512675381, 0.9853650472696491303),
 ( 1.000000000000000000, 0.8379322285212735810, 0.9831989411154142822),
 ( 1.000000000000000000, 0.8274944879489906091, 0.9821168932018969899),
 ( 1.000000000000000000, 0.7975188372686734528, 0.9790094112664778914),
 ( 1.000000000000000000, 0.7794060952706393097, 0.9771317199642919338),
 ( 1.000000000000000000, 0.7478214697694168800, 0.9738574406424262975),
 ( 1.000000000000000000, 0.7342134704988131366, 0.9724467419269396951),
 ( 1.000000000000000000, 0.7222884430656543175, 0.9712105116371247959) ) ) 
 REPRESENTATION_ITEM ( '' )  SURFACE ( )  );
#6626 = CARTESIAN_POINT ( 'NONE',  ( 11.59079735887269713, 4.320739156877392517, 0.000000000000000000 ) ) ;
#6627 = CARTESIAN_POINT ( 'NONE',  ( 6.293157169441111698, 10.97820292271293496, -3.511198846992655387 ) ) ;
#6628 = ORIENTED_EDGE ( 'NONE', *, *, #5746, .T. ) ;
#6629 = CARTESIAN_POINT ( 'NONE',  ( 14.66987298107780369, -5.000000000000000000, -16.49999999999999645 ) ) ;
#6630 = CARTESIAN_POINT ( 'NONE',  ( -3.658926613258929095, -8.028507119645276191, -0.1258307711214913804 ) ) ;
#6631 = CARTESIAN_POINT ( 'NONE',  ( 6.009447426710742057, 10.47956099835827537, -2.009030215737638070 ) ) ;
#6632 = ADVANCED_FACE ( 'NONE', ( #3905 ), #5618, .F. ) ;
#6633 = CARTESIAN_POINT ( 'NONE',  ( -2.990190976165786552, -10.60003545801491320, -13.75333059760833798 ) ) ;
#6634 = CARTESIAN_POINT ( 'NONE',  ( -7.014550709470072754, 9.639369182306230854, -2.500826819097621723 ) ) ;
#6635 = CARTESIAN_POINT ( 'NONE',  ( 12.78794496829809546, 9.897332512219451317, -3.245973656328366985 ) ) ;
#6636 = CARTESIAN_POINT ( 'NONE',  ( 1.409372161852531224, -4.214679052913643531, -15.99999999999998934 ) ) ;
#6637 = ORIENTED_EDGE ( 'NONE', *, *, #2584, .T. ) ;
#6638 = CARTESIAN_POINT ( 'NONE',  ( 20.84350090373952114, -9.392486428734086346, -15.86672748505354313 ) ) ;
#6639 = CARTESIAN_POINT ( 'NONE',  ( -2.570552431096327695, -7.255791592464748696, -14.55236471318668023 ) ) ;
#6640 = CARTESIAN_POINT ( 'NONE',  ( 13.80384757729336442, 3.000000000000000000, -16.99999999999999289 ) ) ;
#6641 = CARTESIAN_POINT ( 'NONE',  ( -23.12310562561766503, -8.057641145488908307, -15.85764114548888415 ) ) ;
#6642 = CARTESIAN_POINT ( 'NONE',  ( 6.467682416965894632, 10.99999999999999822, -11.99999999999999467 ) ) ;
#6643 = CARTESIAN_POINT ( 'NONE',  ( -6.009940019897821450, 10.48388806985114741, -2.016500652382217318 ) ) ;
#6644 = EDGE_CURVE ( 'NONE', #2642, #4412, #2221, .T. ) ;
#6645 = VERTEX_POINT ( 'NONE', #5664 ) ;
#6646 = CARTESIAN_POINT ( 'NONE',  ( 0.5561066352457788575, -6.235078516625990552, -4.410063756009294823E-14 ) ) ;
#6647 = VERTEX_POINT ( 'NONE', #5705 ) ;
#6648 = CARTESIAN_POINT ( 'NONE',  ( 3.154413255387384929, -11.00000000000000000, -4.629579685754177554 ) ) ;
#6649 = CARTESIAN_POINT ( 'NONE',  ( 13.85818878645828534, 8.990578353859431715, -15.47955305867950315 ) ) ;
#6650 = CARTESIAN_POINT ( 'NONE',  ( 19.00000000000000000, -1.666666666666666963, -14.00000000000000000 ) ) ;
#6651 = CARTESIAN_POINT ( 'NONE',  ( 40.50000000000002132, 8.000000000000003553, -33.49999999999999289 ) ) ;
#6652 = CARTESIAN_POINT ( 'NONE',  ( 19.71872354178574582, -10.99999999999999645, -12.84843204200022981 ) ) ;
#6653 = VECTOR ( 'NONE', #7305, 1000.000000000000000 ) ;
#6654 = ORIENTED_EDGE ( 'NONE', *, *, #6644, .F. ) ;
#6655 = CARTESIAN_POINT ( 'NONE',  ( -10.91389023548341264, 10.99999999999999467, -6.151381356276776735 ) ) ;
#6656 = ORIENTED_EDGE ( 'NONE', *, *, #5438, .F. ) ;
#6657 = AXIS2_PLACEMENT_3D ( 'NONE', #7563, #3853, #662 ) ;
#6658 = CARTESIAN_POINT ( 'NONE',  ( -31.95487243657032295, 10.66291069263181868, -13.81119830588195185 ) ) ;
#6659 = DIRECTION ( 'NONE',  ( 0.000000000000000000, 0.000000000000000000, -1.000000000000000000 ) ) ;
#6660 = CARTESIAN_POINT ( 'NONE',  ( 13.85913262880670516, 8.995644452162384397, -0.5233205462179931766 ) ) ;
#6661 = CARTESIAN_POINT ( 'NONE',  ( -15.35071579412186615, -7.423163595254062663, -16.44635572267572243 ) ) ;
#6662 = CARTESIAN_POINT ( 'NONE',  ( 0.1673972581750789723, -4.572714414311423781, -14.29999999999999005 ) ) ;
#6663 = FACE_OUTER_BOUND ( 'NONE', #1675, .T. ) ;
#6664 = ORIENTED_EDGE ( 'NONE', *, *, #4999, .T. ) ;
#6665 = CARTESIAN_POINT ( 'NONE',  ( -2.998527798051568993, -9.283137261635291182, -2.079252643558015201 ) ) ;
#6666 = CARTESIAN_POINT ( 'NONE',  ( -7.057008372890035908, 10.73663122088176713, -13.46059639817600484 ) ) ;
#6667 = CARTESIAN_POINT ( 'NONE',  ( 12.18328071617373354, 6.165233141196786448, -1.549716764951735826 ) ) ;
#6668 = CARTESIAN_POINT ( 'NONE',  ( 12.87920438333357254, 8.509467909976063282, -1.594967763002016037 ) ) ;
#6669 = CARTESIAN_POINT ( 'NONE',  ( -1.516195261309773779, -5.202942843202496448, -14.35836141421695267 ) ) ;
#6670 = ORIENTED_EDGE ( 'NONE', *, *, #1036, .T. ) ;
#6671 = CARTESIAN_POINT ( 'NONE',  ( -20.27308434191427722, 7.197723382148541127, -16.42137636171926829 ) ) ;
#6672 = CIRCLE ( 'NONE', #3151, 5.196152422706639129 ) ;
#6673 = EDGE_CURVE ( 'NONE', #2917, #4823, #1327, .T. ) ;
#6674 = CARTESIAN_POINT ( 'NONE',  ( -0.1435335340661181847, -9.499999999999474198, -5.401923788648208991 ) ) ;
#6675 = CARTESIAN_POINT ( 'NONE',  ( 21.98066078729947748, 7.222853310780926073, -15.99999999999999289 ) ) ;
#6676 = CARTESIAN_POINT ( 'NONE',  ( -7.123430072640869248, 8.506687552930468854, -14.39137653873703115 ) ) ;
#6677 = CARTESIAN_POINT ( 'NONE',  ( 7.349603864651978569, 7.573268847290465011, -14.58094572605464556 ) ) ;
#6678 = CARTESIAN_POINT ( 'NONE',  ( 10.40469090113109019, 3.879734585032791117, -15.99999999999998934 ) ) ;
#6679 = CIRCLE ( 'NONE', #5257, 4.000000000000000000 ) ;
#6680 = CARTESIAN_POINT ( 'NONE',  ( 10.56527377376607113, 9.521499075589252570, -10.65829389037726749 ) ) ;
#6681 = ORIENTED_EDGE ( 'NONE', *, *, #2147, .T. ) ;
#6682 = CARTESIAN_POINT ( 'NONE',  ( 11.53466554786686338, 10.99999999999999467, -4.354592958033409289 ) ) ;
#6683 = ORIENTED_EDGE ( 'NONE', *, *, #5238, .F. ) ;
#6684 = EDGE_CURVE ( 'NONE', #8037, #6147, #6785, .T. ) ;
#6685 = DIRECTION ( 'NONE',  ( 0.000000000000000000, 0.000000000000000000, -1.000000000000000000 ) ) ;
#6686 = CIRCLE ( 'NONE', #5908, 9.000000000000000000 ) ;
#6687 = CARTESIAN_POINT ( 'NONE',  ( 3.002379817027466036, -10.19182349329712878, -1.578892268557207101 ) ) ;
#6688 = EDGE_CURVE ( 'NONE', #2622, #7587, #7575, .T. ) ;
#6689 = CARTESIAN_POINT ( 'NONE',  ( 40.00000000000000000, -10.99999999999999289, -21.34213224816147658 ) ) ;
#6690 = CARTESIAN_POINT ( 'NONE',  ( -34.61093870859766497, -8.849942910411501273, -16.86571229462774824 ) ) ;
#6691 = CARTESIAN_POINT ( 'NONE',  ( -15.76118488992051603, -8.036432234672329145, -16.30157346205135838 ) ) ;
#6692 = CARTESIAN_POINT ( 'NONE',  ( 23.12310562561766503, -8.057641145488917189, -15.85764114548885573 ) ) ;
#6693 = CARTESIAN_POINT ( 'NONE',  ( 18.84494635232466919, -10.99999999999999822, -12.94681745823245933 ) ) ;
#6694 = VECTOR ( 'NONE', #1629, 1000.000000000000000 ) ;
#6695 = ORIENTED_EDGE ( 'NONE', *, *, #4492, .F. ) ;
#6696 = CARTESIAN_POINT ( 'NONE',  ( -12.65432688531187466, 10.99999999999999289, -5.168906093245960065 ) ) ;
#6697 = ORIENTED_EDGE ( 'NONE', *, *, #3182, .T. ) ;
#6698 = CIRCLE ( 'NONE', #5658, 5.196152422706634688 ) ;
#6699 = CARTESIAN_POINT ( 'NONE',  ( -11.59079736090939861, 4.320739154704303253, -15.99999999999998579 ) ) ;
#6700 = CARTESIAN_POINT ( 'NONE',  ( -3.990552573289254390, -10.47956099835827715, -13.99096978426234017 ) ) ;
#6701 = CARTESIAN_POINT ( 'NONE',  ( 12.53583504949592076, 10.99999999999999645, -3.486328688793582931 ) ) ;
#6702 = CARTESIAN_POINT ( 'NONE',  ( -14.87689437438235274, -8.057641145488933176, -15.85764114548887704 ) ) ;
#6703 = CIRCLE ( 'NONE', #3184, 0.9999999999999998890 ) ;
#6704 = CARTESIAN_POINT ( 'NONE',  ( 2.963232628571484970E-16, -4.572714414311421116, -14.29999999999999005 ) ) ;
#6705 = CARTESIAN_POINT ( 'NONE',  ( 11.19309801983561314, 4.954916852399428251, -1.664804766699881533 ) ) ;
#6706 = CARTESIAN_POINT ( 'NONE',  ( 7.050727044690416889, 8.882891339006441456, -1.786993115719421654 ) ) ;
#6707 = ORIENTED_EDGE ( 'NONE', *, *, #7780, .F. ) ;
#6708 = AXIS2_PLACEMENT_3D ( 'NONE', #6270, #6912, #6836 ) ;
#6709 = CARTESIAN_POINT ( 'NONE',  ( -2.949868953676375138, -8.886431052861681223, -1.789036528435645756 ) ) ;
#6710 = CARTESIAN_POINT ( 'NONE',  ( -13.65892661325893620, 8.028507119645089674, -15.87416922887852699 ) ) ;
#6711 = CARTESIAN_POINT ( 'NONE',  ( -3.706842830558969126, -10.97820292271289411, -12.48880115300756799 ) ) ;
#6712 = VECTOR ( 'NONE', #1072, 1000.000000000000000 ) ;
#6713 = CARTESIAN_POINT ( 'NONE',  ( 10.00000000000000000, 4.572714414311429998, -1.699999999999999956 ) ) ;
#6714 = CARTESIAN_POINT ( 'NONE',  ( -2.488950933003825305, -6.931324937931698571, -14.52315447690211769 ) ) ;
#6715 = ORIENTED_EDGE ( 'NONE', *, *, #1586, .T. ) ;
#6716 = CARTESIAN_POINT ( 'NONE',  ( 19.74817074645044812, -9.670733513281478011, -15.87436370892603854 ) ) ;
#6717 = CARTESIAN_POINT ( 'NONE',  ( -9.436358444581808058, 9.524364062335717307, -5.330520660222642704 ) ) ;
#6718 = CARTESIAN_POINT ( 'NONE',  ( -11.66776490430703106, 9.688975704383578247, -11.24844695980199560 ) ) ;
#6719 = CARTESIAN_POINT ( 'NONE',  ( -8.851216279314762403, 6.537623009662036466, 4.442380153218433405E-14 ) ) ;
#6720 = CARTESIAN_POINT ( 'NONE',  ( -30.99999999999999289, 6.999999999999985789, -21.99999999999998579 ) ) ;
#6721 = FACE_OUTER_BOUND ( 'NONE', #116, .T. ) ;
#6722 = EDGE_CURVE ( 'NONE', #1760, #7060, #4742, .T. ) ;
#6723 = DIRECTION ( 'NONE',  ( 0.000000000000000000, 0.000000000000000000, -1.000000000000000000 ) ) ;
#6724 = VERTEX_POINT ( 'NONE', #3412 ) ;
#6725 = CARTESIAN_POINT ( 'NONE',  ( 9.296299863604730263, 10.99999999999999467, -4.552968658181385742 ) ) ;
#6726 = ORIENTED_EDGE ( 'NONE', *, *, #7288, .F. ) ;
#6727 = DIRECTION ( 'NONE',  ( -1.000000000000000000, 0.000000000000000000, 0.000000000000000000 ) ) ;
#6728 = CARTESIAN_POINT ( 'NONE',  ( 12.53583504949591365, 10.99999999999999822, -12.51367131120641041 ) ) ;
#6729 = CARTESIAN_POINT ( 'NONE',  ( 31.28710191654618455, -10.99999999999999645, -12.09570111759277999 ) ) ;
#6730 = CARTESIAN_POINT ( 'NONE',  ( 11.71613420018868013, 7.160681696376877348, -16.00000000000297362 ) ) ;
#6731 = CARTESIAN_POINT ( 'NONE',  ( -12.98507962046887343, 9.641239114281964007, -2.503794577289889300 ) ) ;
#6732 = CARTESIAN_POINT ( 'NONE',  ( 18.61632914299644881, 8.010656218632950853, -15.91285751233883694 ) ) ;
#6733 = CARTESIAN_POINT ( 'NONE',  ( -7.119961405999071680, 9.850240386492266964, -2.983416902878126553 ) ) ;
#6734 = CARTESIAN_POINT ( 'NONE',  ( -22.31662479035548330, -0.9999999999999430456, -16.99999999999998224 ) ) ;
#6735 = EDGE_CURVE ( 'NONE', #5935, #7309, #7436, .T. ) ;
#6736 = LOCAL_TIME ( 14, 35, 32.00000000000000000, #89 ) ;
#6737 = VERTEX_POINT ( 'NONE', #2757 ) ;
#6738 = CARTESIAN_POINT ( 'NONE',  ( 7.350761812724416977, 9.886196562445498159, -3.544786249781999299 ) ) ;
#6739 = CARTESIAN_POINT ( 'NONE',  ( 17.65513459520264661, -9.387082123139823153, -16.00378087069822541 ) ) ;
#6740 = ORIENTED_EDGE ( 'NONE', *, *, #3796, .T. ) ;
#6741 = CARTESIAN_POINT ( 'NONE',  ( -22.01722527356979242, -8.282258179711737611, -16.26956869685598051 ) ) ;
#6742 = CARTESIAN_POINT ( 'NONE',  ( -19.75689765455252100, -9.679811978120413940, -15.87460640860362204 ) ) ;
#6743 = CARTESIAN_POINT ( 'NONE',  ( 1.998551601890187657, -9.752453001052858284, -11.53464375216066706 ) ) ;
#6744 = CARTESIAN_POINT ( 'NONE',  ( 2.570552431096327251, -7.255791592464747808, -14.55236471318668023 ) ) ;
#6745 = CARTESIAN_POINT ( 'NONE',  ( 7.925966045627567347, 4.688022451445759131, 0.000000000000000000 ) ) ;
#6746 = CARTESIAN_POINT ( 'NONE',  ( 6.999103128118949968, 10.55019147721793438, -2.149466820540251621 ) ) ;
#6747 = ORIENTED_EDGE ( 'NONE', *, *, #1692, .T. ) ;
#6748 = CARTESIAN_POINT ( 'NONE',  ( -2.971870746806199559, -9.027658802990437437, -1.877886750589073062 ) ) ;
#6749 = CARTESIAN_POINT ( 'NONE',  ( -12.92001938964505037, 9.805517965106480105, -13.15951361820723520 ) ) ;
#6750 = CARTESIAN_POINT ( 'NONE',  ( -2.236067977499790693, -6.999999999999999112, 0.000000000000000000 ) ) ;
#6751 = CARTESIAN_POINT ( 'NONE',  ( -15.68337520964457177, 6.999999999999988454, -15.99999999999998579 ) ) ;
#6752 = DIRECTION ( 'NONE',  ( -0.9582143447964125427, -0.2860511657490349968, 0.000000000000000000 ) ) ;
#6753 = ORIENTED_EDGE ( 'NONE', *, *, #6149, .F. ) ;
#6754 = CARTESIAN_POINT ( 'NONE',  ( -6.467682416965894632, 10.99999999999999467, -11.99999999999999112 ) ) ;
#6755 = LOCAL_TIME ( 14, 35, 32.00000000000000000, #2713 ) ;
#6756 = CARTESIAN_POINT ( 'NONE',  ( 19.00000000000000000, -5.000000000000000000, -14.00000000000000000 ) ) ;
#6757 = CARTESIAN_POINT ( 'NONE',  ( -10.36031344156557665, 10.99999999999999289, -9.746055794257360461 ) ) ;
#6758 = CARTESIAN_POINT ( 'NONE',  ( -9.928598797504092133, 6.234146852332061783, -4.577875608695803552E-14 ) ) ;
#6759 = CARTESIAN_POINT ( 'NONE',  ( -23.12310562561766503, -8.322051431861133608, -16.82205143186110519 ) ) ;
#6760 = CARTESIAN_POINT ( 'NONE',  ( -21.23606797749981823, 7.578940846527619790, -15.95788169305522786 ) ) ;
#6761 = CARTESIAN_POINT ( 'NONE',  ( 44.50000000000002842, -6.999999999999995559, -20.00000000000000000 ) ) ;
#6762 = CARTESIAN_POINT ( 'NONE',  ( 31.00000000000001421, -11.00000000000000355, -22.00000000000000000 ) ) ;
#6763 = ORIENTED_EDGE ( 'NONE', *, *, #4889, .T. ) ;
#6764 = CARTESIAN_POINT ( 'NONE',  ( 10.27023508128273477, 9.504616787334809302, -5.388725250017587065 ) ) ;
#6765 = ORIENTED_EDGE ( 'NONE', *, *, #1248, .F. ) ;
#6766 =( NAMED_UNIT ( * ) SI_UNIT ( $, .STERADIAN. ) SOLID_ANGLE_UNIT ( ) );
#6767 = CARTESIAN_POINT ( 'NONE',  ( 2.784837522748449423, -8.107392048699278320, -1.491442162052089904 ) ) ;
#6768 = CARTESIAN_POINT ( 'NONE',  ( 32.63187516120544984, -11.00000000000000000, -13.65051566240415148 ) ) ;
#6769 = CARTESIAN_POINT ( 'NONE',  ( 31.00000000000001421, -6.999999999999996447, -15.99999999999999645 ) ) ;
#6770 = CARTESIAN_POINT ( 'NONE',  ( -24.49999999999996803, -11.00000000000000178, -3.999999999999996447 ) ) ;
#6771 = DIRECTION ( 'NONE',  ( -1.000000000000000000, 0.000000000000000000, 0.000000000000000000 ) ) ;
#6772 = FACE_OUTER_BOUND ( 'NONE', #3090, .T. ) ;
#6773 = ORIENTED_EDGE ( 'NONE', *, *, #603, .T. ) ;
#6774 = CARTESIAN_POINT ( 'NONE',  ( 11.88151175468255438, 10.99999999999983480, -11.84279072374904551 ) ) ;
#6775 = EDGE_CURVE ( 'NONE', #7909, #5299, #656, .T. ) ;
#6776 = CARTESIAN_POINT ( 'NONE',  ( 15.76055837747189869, -8.035656804031820144, -16.30169254295031678 ) ) ;
#6777 = EDGE_LOOP ( 'NONE', ( #4249, #5655, #5137, #2654 ) ) ;
#6778 = CARTESIAN_POINT ( 'NONE',  ( -22.56895700539576310, -8.374717585919077223, -15.84715339604906781 ) ) ;
#6779 = CARTESIAN_POINT ( 'NONE',  ( 6.037621655192871195, 9.645135065566769583, -15.01229016530470872 ) ) ;
#6780 = CIRCLE ( 'NONE', #1169, 0.9999999999999997780 ) ;
#6781 = CARTESIAN_POINT ( 'NONE',  ( 13.65892661325875679, 8.028507119645196255, -0.1258307711214792235 ) ) ;
#6782 = CARTESIAN_POINT ( 'NONE',  ( -33.83824203352726556, -11.00000000000000533, -13.04840114304304244 ) ) ;
#6783 = CARTESIAN_POINT ( 'NONE',  ( -1.885171351968621956, -5.658110321167343137, -1.598312730234850099 ) ) ;
#6784 = CARTESIAN_POINT ( 'NONE',  ( 8.112490815178647452, 5.637378329708627511, -1.600365337004206134 ) ) ;
#6785 = CIRCLE ( 'NONE', #7703, 4.000000000000000000 ) ;
#6786 = ADVANCED_FACE ( 'NONE', ( #5872 ), #4101, .F. ) ;
#6787 = DIRECTION ( 'NONE',  ( -0.7416198487095674308, 0.000000000000000000, -0.6708203932499356981 ) ) ;
#6788 = ORIENTED_EDGE ( 'NONE', *, *, #7042, .F. ) ;
#6789 = CARTESIAN_POINT ( 'NONE',  ( 12.86498806607079715, 5.673101687583619324, -0.000000000000000000 ) ) ;
#6790 = CARTESIAN_POINT ( 'NONE',  ( -13.00300000092731167, 10.19586937726447928, -14.41582946961556821 ) ) ;
#6791 = CARTESIAN_POINT ( 'NONE',  ( 12.64923818727558213, 9.886196562445499936, -3.544786249781999743 ) ) ;
#6792 = CARTESIAN_POINT ( 'NONE',  ( 21.18536327398063790, 6.768674958776944806, -16.48066033562998456 ) ) ;
#6793 = ORIENTED_EDGE ( 'NONE', *, *, #7590, .T. ) ;
#6794 = CARTESIAN_POINT ( 'NONE',  ( -12.78111611846126294, 10.99999999999999289, -10.95517715327265229 ) ) ;
#6795 = CARTESIAN_POINT ( 'NONE',  ( 15.56407864531689000, -7.768376193214821868, -16.35170952655169430 ) ) ;
#6796 = CARTESIAN_POINT ( 'NONE',  ( -11.07188478681003119, 9.583588627916196145, -10.85325021112472754 ) ) ;
#6797 = CARTESIAN_POINT ( 'NONE',  ( 3.149353008820595878, -11.00000000000000000, -11.36371762512924555 ) ) ;
#6798 = CARTESIAN_POINT ( 'NONE',  ( 8.207484822735382934, 9.711854133359002716, -4.658239952507700288 ) ) ;
#6799 = CARTESIAN_POINT ( 'NONE',  ( -19.85099638037537773, 7.517860453826626710, -16.02208794413648718 ) ) ;
#6800 = DIRECTION ( 'NONE',  ( -2.344220913482171656E-16, -0.000000000000000000, -1.000000000000000000 ) ) ;
#6801 = CARTESIAN_POINT ( 'NONE',  ( 0.4046909011310865223, -3.879734585032807548, 0.000000000000000000 ) ) ;
#6802 = ORIENTED_EDGE ( 'NONE', *, *, #4642, .T. ) ;
#6803 = CARTESIAN_POINT ( 'NONE',  ( 12.37202578095542727, 10.99999999999999645, -5.411909768343770466 ) ) ;
#6804 = ORIENTED_EDGE ( 'NONE', *, *, #5835, .F. ) ;
#6805 = CARTESIAN_POINT ( 'NONE',  ( 3.544310977098791948, -7.517181988109668644, -0.02521333058237350613 ) ) ;
#6806 = AXIS2_PLACEMENT_3D ( 'NONE', #7138, #5415, #4726 ) ;
#6807 = CARTESIAN_POINT ( 'NONE',  ( 40.00000000000001421, -7.999999999999996447, -33.49999999999999289 ) ) ;
#6808 = LINE ( 'NONE', #7942, #1873 ) ;
#6809 = CARTESIAN_POINT ( 'NONE',  ( -15.68337520964458598, -0.9999999999999997780, -16.99999999999998224 ) ) ;
#6810 = CARTESIAN_POINT ( 'NONE',  ( 16.76393202250020664, 7.578940846527625119, -15.95788169305524207 ) ) ;
#6811 = LINE ( 'NONE', #561, #4631 ) ;
#6812 = AXIS2_PLACEMENT_3D ( 'NONE', #607, #3719, #1218 ) ;
#6813 = ORIENTED_EDGE ( 'NONE', *, *, #5484, .F. ) ;
#6814 = CARTESIAN_POINT ( 'NONE',  ( 19.00000000000000000, -5.000000000000000000, -16.99999999999999289 ) ) ;
#6815 = EDGE_LOOP ( 'NONE', ( #7370, #3018, #1627 ) ) ;
#6816 = CARTESIAN_POINT ( 'NONE',  ( -22.32873035903941883, -8.550967855291512265, -15.84808694475967350 ) ) ;
#6817 = CARTESIAN_POINT ( 'NONE',  ( -13.93266591057432713, 9.432762368284919319, -0.8139963232362068535 ) ) ;
#6818 = VECTOR ( 'NONE', #4135, 1000.000000000000000 ) ;
#6819 = CARTESIAN_POINT ( 'NONE',  ( 3.362618289941950334, -11.00000000000000000, -4.329203467891425738 ) ) ;
#6820 = CARTESIAN_POINT ( 'NONE',  ( 7.429447568903677634, 7.255791592464746032, -1.447635286813311106 ) ) ;
#6821 = CARTESIAN_POINT ( 'NONE',  ( 7.123430072640875466, 8.506687552930477736, -1.608623461262958410 ) ) ;
#6822 = CARTESIAN_POINT ( 'NONE',  ( -9.866832487034455923, 9.499872836156169953, -5.402290878675125363 ) ) ;
#6823 = CIRCLE ( 'NONE', #2784, 9.000000000000001776 ) ;
#6824 = CARTESIAN_POINT ( 'NONE',  ( -2.570552431096320145, -7.255791592464748696, -1.447635286813308664 ) ) ;
#6825 = VERTEX_POINT ( 'NONE', #6597 ) ;
#6826 = CARTESIAN_POINT ( 'NONE',  ( 2.977242806640755024, -10.05408424735918516, -14.59306777708922453 ) ) ;
#6827 = CARTESIAN_POINT ( 'NONE',  ( -12.99184510112310065, 9.597328193059617263, -13.56184413985108073 ) ) ;
#6828 = CARTESIAN_POINT ( 'NONE',  ( 23.79583152331272444, -6.999999999999997335, -15.99999999999999289 ) ) ;
#6829 = DIRECTION ( 'NONE',  ( 0.000000000000000000, 1.000000000000000000, -0.000000000000000000 ) ) ;
#6830 = VECTOR ( 'NONE', #5925, 1000.000000000000000 ) ;
#6831 = EDGE_CURVE ( 'NONE', #6334, #1474, #7312, .T. ) ;
#6832 = CARTESIAN_POINT ( 'NONE',  ( -3.532317583034101371, -11.00000000000000000, -11.99999999999998757 ) ) ;
#6833 = CARTESIAN_POINT ( 'NONE',  ( 22.31662479035540159, -1.000000000000000222, -16.99999999999999645 ) ) ;
#6834 = CARTESIAN_POINT ( 'NONE',  ( -0.8149885042466284979, -4.740840815378616568, -14.31537573367258354 ) ) ;
#6835 = ORIENTED_EDGE ( 'NONE', *, *, #982, .F. ) ;
#6836 = DIRECTION ( 'NONE',  ( 0.000000000000000000, 0.000000000000000000, 1.000000000000000000 ) ) ;
#6837 = AXIS2_PLACEMENT_3D ( 'NONE', #1364, #3856, #168 ) ;
#6838 = AXIS2_PLACEMENT_3D ( 'NONE', #5928, #895, #5276 ) ;
#6839 = CARTESIAN_POINT ( 'NONE',  ( -10.21992391647296472, 3.859518906784372927, -15.99999999999998579 ) ) ;
#6840 = DIRECTION ( 'NONE',  ( 0.8888540269160437601, 0.000000000000000000, -0.4581904831346162998 ) ) ;
#6841 = CARTESIAN_POINT ( 'NONE',  ( -7.135011935607414202, 5.673101688416436694, 0.000000000000000000 ) ) ;
#6842 = CARTESIAN_POINT ( 'NONE',  ( 37.51330461881341449, -10.99999999999999645, -15.64791987912729887 ) ) ;
#6843 = CARTESIAN_POINT ( 'NONE',  ( -19.64038514834279070, 7.339368922619926572, -16.40536896045916748 ) ) ;
#6844 = DIRECTION ( 'NONE',  ( -0.000000000000000000, -1.000000000000000000, -0.000000000000000000 ) ) ;
#6845 = VECTOR ( 'NONE', #3926, 1000.000000000000000 ) ;
#6846 = CARTESIAN_POINT ( 'NONE',  ( 36.95976149475315964, 8.043542602396094310, -21.14061457304024927 ) ) ;
#6847 = ORIENTED_EDGE ( 'NONE', *, *, #1141, .T. ) ;
#6848 = CARTESIAN_POINT ( 'NONE',  ( 11.76521776416616838, 10.99999999999999822, -4.232136915246649700 ) ) ;
#6849 = ORIENTED_EDGE ( 'NONE', *, *, #7477, .T. ) ;
#6850 = CARTESIAN_POINT ( 'NONE',  ( 12.64881626322709707, 10.96962808320670213, -12.68761392031962210 ) ) ;
#6851 = B_SPLINE_CURVE_WITH_KNOTS ( 'NONE', 3,
 ( #7257, #7375, #1810, #4894 ),
 .UNSPECIFIED., .F., .F.,
 ( 4, 4 ),
 ( 0.000000000000000000, 0.001245002737284578919 ),
 .UNSPECIFIED. ) ;
#6852 = CARTESIAN_POINT ( 'NONE',  ( -20.44711031605904594, -9.504696931857308684, -15.88839800382532452 ) ) ;
#6853 = CARTESIAN_POINT ( 'NONE',  ( 13.30804215306199723, 6.600164144953097001, -15.99999999999998934 ) ) ;
#6854 = CARTESIAN_POINT ( 'NONE',  ( -31.00000000000000711, -11.00000000000000355, -11.99999999999998046 ) ) ;
#6855 = DIRECTION ( 'NONE',  ( 0.000000000000000000, 0.000000000000000000, -1.000000000000000000 ) ) ;
#6856 = DIRECTION ( 'NONE',  ( -1.000000000000000000, 0.000000000000000000, 2.344220913482171656E-16 ) ) ;
#6857 = EDGE_LOOP ( 'NONE', ( #7875, #4038, #5818, #2582 ) ) ;
#6858 = CARTESIAN_POINT ( 'NONE',  ( -19.00000000000000355, 3.000000000000000000, -19.00000000000000000 ) ) ;
#6859 = CARTESIAN_POINT ( 'NONE',  ( -15.09614387587043005, -8.145148002587971447, -15.85046649450883649 ) ) ;
#6860 = CARTESIAN_POINT ( 'NONE',  ( 12.65881095208279383, 7.603327063517967943, -1.431910063387574317 ) ) ;
#6861 = CARTESIAN_POINT ( 'NONE',  ( 22.31662479035540514, 6.999999999999997335, -16.99999999999999289 ) ) ;
#6862 = CARTESIAN_POINT ( 'NONE',  ( -2.864988064392585354, -5.673101688416529953, 0.000000000000000000 ) ) ;
#6863 = CARTESIAN_POINT ( 'NONE',  ( -10.09624951864613251, 10.99999999999998934, -4.536000296200564108 ) ) ;
#6864 = ORIENTED_EDGE ( 'NONE', *, *, #2278, .F. ) ;
#6865 = ADVANCED_FACE ( 'NONE', ( #217 ), #7456, .T. ) ;
#6866 = CARTESIAN_POINT ( 'NONE',  ( 3.005431845778446132, -10.55690628904341999, -13.84625714288032938 ) ) ;
#6867 = CARTESIAN_POINT ( 'NONE',  ( -3.969202552216162250, -10.60733514610313044, -2.251843830714261419 ) ) ;
#6868 = FACE_OUTER_BOUND ( 'NONE', #1548, .T. ) ;
#6869 = CARTESIAN_POINT ( 'NONE',  ( -19.00000000000000000, 3.000000000000000000, -15.99999999999998224 ) ) ;
#6870 = CARTESIAN_POINT ( 'NONE',  ( -0.8204337428729662207, -11.00000000000000000, -11.45423728898570559 ) ) ;
#6871 = CARTESIAN_POINT ( 'NONE',  ( -31.11515124341288185, 10.99999999999999289, -12.23030156404093027 ) ) ;
#6872 = CARTESIAN_POINT ( 'NONE',  ( 17.23303023217534857, -9.386338110447809413, -15.89116177096911109 ) ) ;
#6873 = ORIENTED_EDGE ( 'NONE', *, *, #6448, .T. ) ;
#6874 = CARTESIAN_POINT ( 'NONE',  ( -9.999999999999998224, 4.572714414311417563, -14.29999999999998828 ) ) ;
#6875 = EDGE_CURVE ( 'NONE', #4272, #5299, #4453, .T. ) ;
#6876 = B_SPLINE_CURVE_WITH_KNOTS ( 'NONE', 3,
 ( #2913, #4099, #6596, #6519, #5254, #7734, #2145, #4647, #1527, #3411, #6188, #7324, #582, #2505, #4925, #1802 ),
 .UNSPECIFIED., .F., .F.,
 ( 4, 2, 2, 2, 2, 2, 2, 4 ),
 ( 0.000000000000000000, 0.0004868514732665777333, 0.0009737029465331554666, 0.001460554419799733146, 0.001947405893066310933, 0.002434257366332888937, 0.002921108839599466291, 0.003894811786132616662 ),
 .UNSPECIFIED. ) ;
#6877 = CARTESIAN_POINT ( 'NONE',  ( -11.24895913802371972, 6.622085709199874159, -15.99999999999998224 ) ) ;
#6878 = CARTESIAN_POINT ( 'NONE',  ( 3.710892944224089884, -10.97671699314297555, -12.50179042874127866 ) ) ;
#6879 = CARTESIAN_POINT ( 'NONE',  ( -7.932472770965109277, 5.945751126595209435, -1.570770761049502973 ) ) ;
#6880 = CARTESIAN_POINT ( 'NONE',  ( 37.00327183572586165, -10.99999999999947242, -21.13860390101711317 ) ) ;
#6881 = CARTESIAN_POINT ( 'NONE',  ( -10.81884863869771607, 4.742611246136032577, -14.31553875102275342 ) ) ;
#6882 = LINE ( 'NONE', #2562, #5098 ) ;
#6883 = CARTESIAN_POINT ( 'NONE',  ( 35.06258967585466024, 8.652378799078215721, -17.33090923265261907 ) ) ;
#6884 = VERTEX_POINT ( 'NONE', #6067 ) ;
#6885 = CARTESIAN_POINT ( 'NONE',  ( -12.43326755062539313, 8.600207821610240444, -0.3100408773091618553 ) ) ;
#6886 = ORIENTED_EDGE ( 'NONE', *, *, #3252, .T. ) ;
#6887 =( BOUNDED_SURFACE ( )  B_SPLINE_SURFACE ( 3, 2, ( 
 ( #6982, #7062, #5151 ),
 ( #1388, #2080, #3918 ),
 ( #618, #1464, #3111 ),
 ( #2734, #6457, #1543 ) ),
 .UNSPECIFIED., .F., .F., .F. ) 
 B_SPLINE_SURFACE_WITH_KNOTS ( ( 4, 4 ),
 ( 3, 3 ),
 ( 2.168404344971008868E-19, 0.001301569000329246212 ),
 ( 0.000000000000000000, 1.000000000000000000 ),
 .UNSPECIFIED. ) 
 GEOMETRIC_REPRESENTATION_ITEM ( )  RATIONAL_B_SPLINE_SURFACE ( (
 ( 1.000000000000000000, 0.8944271909999153003, 1.000000000000000000),
 ( 1.000000000000000000, 0.8863737159821922784, 1.000000000000000000),
 ( 1.000000000000000000, 0.8767453782970330289, 1.000000000000000000),
 ( 1.000000000000000000, 0.8660254037844387076, 1.000000000000000000) ) ) 
 REPRESENTATION_ITEM ( '' )  SURFACE ( )  );
#6888 = DIRECTION ( 'NONE',  ( -2.344220913482171656E-16, -0.000000000000000000, -1.000000000000000000 ) ) ;
#6889 = EDGE_CURVE ( 'NONE', #2196, #4295, #2874, .T. ) ;
#6890 = CARTESIAN_POINT ( 'NONE',  ( -20.69134741284863210, -11.00000000000000178, -12.51485669709842519 ) ) ;
#6891 = CARTESIAN_POINT ( 'NONE',  ( 44.50000000000002842, -6.999999999999995559, -33.49999999999999289 ) ) ;
#6892 = CARTESIAN_POINT ( 'NONE',  ( -32.51920024094018657, -10.24441789712219020, -14.66890596299546701 ) ) ;
#6893 = EDGE_CURVE ( 'NONE', #4029, #4031, #2953, .T. ) ;
#6894 = CARTESIAN_POINT ( 'NONE',  ( 36.66407190995507648, 8.141065360571996479, -19.92336338616468439 ) ) ;
#6895 = CARTESIAN_POINT ( 'NONE',  ( 21.76385399196283288, -0.3333333333333327042, -16.49999999999999645 ) ) ;
#6896 = ORIENTED_EDGE ( 'NONE', *, *, #2843, .T. ) ;
#6897 = CARTESIAN_POINT ( 'NONE',  ( 13.96974420291537022, 10.60505779017687189, -13.75294279646251638 ) ) ;
#6898 = CARTESIAN_POINT ( 'NONE',  ( -22.34165585048863178, -7.905058041875788533, -16.32287231741123890 ) ) ;
#6899 = CARTESIAN_POINT ( 'NONE',  ( -13.89788212535974843, 10.80363907432509940, -2.734464575583898327 ) ) ;
#6900 = DIRECTION ( 'NONE',  ( -1.000000000000000000, -1.559302000878028960E-16, 2.344220913482171656E-16 ) ) ;
#6901 = CARTESIAN_POINT ( 'NONE',  ( 16.76393202250021019, 11.00000000000000000, -11.99999999999999289 ) ) ;
#6902 = CARTESIAN_POINT ( 'NONE',  ( 40.00000000000001421, -7.999999999999996447, -33.49999999999999289 ) ) ;
#6903 = CARTESIAN_POINT ( 'NONE',  ( -11.88151175468223109, 10.99999999999999289, -4.157209276251034424 ) ) ;
#6904 = DIRECTION ( 'NONE',  ( 0.6708203932499361422, 0.000000000000000000, -0.7416198487095670977 ) ) ;
#6905 = ORIENTED_EDGE ( 'NONE', *, *, #4395, .F. ) ;
#6906 = DIRECTION ( 'NONE',  ( 0.000000000000000000, 0.000000000000000000, 1.000000000000000000 ) ) ;
#6907 = CARTESIAN_POINT ( 'NONE',  ( 23.10279562876923976, -7.131070997169723036, -16.02051379632349182 ) ) ;
#6908 = DIRECTION ( 'NONE',  ( 0.000000000000000000, 0.000000000000000000, 1.000000000000000000 ) ) ;
#6909 = DIRECTION ( 'NONE',  ( 1.000000000000000000, 0.000000000000000000, -0.000000000000000000 ) ) ;
#6910 = CARTESIAN_POINT ( 'NONE',  ( 22.12464690895220087, -8.555421347322774039, -15.91757516888799984 ) ) ;
#6911 = AXIS2_PLACEMENT_3D ( 'NONE', #6614, #5509, #3015 ) ;
#6912 = DIRECTION ( 'NONE',  ( -1.000000000000000000, 0.000000000000000000, 0.000000000000000000 ) ) ;
#6913 = DIRECTION ( 'NONE',  ( 1.000000000000000000, 0.000000000000000000, 0.000000000000000000 ) ) ;
#6914 = CARTESIAN_POINT ( 'NONE',  ( 22.23881511007925837, -8.036432234672433950, -16.30157346205154312 ) ) ;
#6915 = CARTESIAN_POINT ( 'NONE',  ( -12.86498806439268350, 5.673101688416430477, -15.99999999999998224 ) ) ;
#6916 = DIRECTION ( 'NONE',  ( 1.000000000000000000, 1.559302000878028960E-16, -2.344220913482171656E-16 ) ) ;
#6917 = AXIS2_PLACEMENT_3D ( 'NONE', #1018, #483, #444 ) ;
#6918 = CARTESIAN_POINT ( 'NONE',  ( -10.40469090043761824, 3.879734587090613473, 0.000000000000000000 ) ) ;
#6919 = FACE_OUTER_BOUND ( 'NONE', #2325, .T. ) ;
#6920 = CARTESIAN_POINT ( 'NONE',  ( 10.20069451070201971, 6.213921223985004794, -16.00000000000035527 ) ) ;
#6921 = DIRECTION ( 'NONE',  ( 1.000000000000000000, 0.000000000000000000, 0.000000000000000000 ) ) ;
#6922 = CARTESIAN_POINT ( 'NONE',  ( 31.76474785883167584, 10.78333516302103590, -13.47976115156058263 ) ) ;
#6923 = ADVANCED_FACE ( 'NONE', ( #1764 ), #4971, .F. ) ;
#6924 = ORIENTED_EDGE ( 'NONE', *, *, #5950, .F. ) ;
#6925 = CARTESIAN_POINT ( 'NONE',  ( -13.65768851287991126, 8.022929562013805693, -0.1244327657279141047 ) ) ;
#6926 = VERTEX_POINT ( 'NONE', #6713 ) ;
#6927 = CARTESIAN_POINT ( 'NONE',  ( -38.77710920276828688, 10.99999999999999112, -17.33943023302009578 ) ) ;
#6928 = CARTESIAN_POINT ( 'NONE',  ( -17.77636571947572364, -11.00000000000000178, -12.68641793234954385 ) ) ;
#6929 = CARTESIAN_POINT ( 'NONE',  ( 8.745327526909109750, 4.998884583156486094, -14.33929370987493002 ) ) ;
#6930 = CARTESIAN_POINT ( 'NONE',  ( -10.33607091255143118, 4.594718199202963760, -1.698000252006840904 ) ) ;
#6931 = CARTESIAN_POINT ( 'NONE',  ( -21.34810585216852630, 6.974070826630729414, -16.02800759086237292 ) ) ;
#6932 = CARTESIAN_POINT ( 'NONE',  ( -7.299864898832363558, 9.205840200479862290, -0.6461680233495490366 ) ) ;
#6933 = CIRCLE ( 'NONE', #7963, 0.9999999999999995559 ) ;
#6934 = EDGE_CURVE ( 'NONE', #6825, #7909, #1021, .T. ) ;
#6935 =( BOUNDED_SURFACE ( )  B_SPLINE_SURFACE ( 3, 2, ( 
 ( #5631, #3058, #5462 ),
 ( #68, #6931, #4646 ),
 ( #3833, #726, #2754 ),
 ( #5673, #253, #7204 ) ),
 .UNSPECIFIED., .F., .F., .F. ) 
 B_SPLINE_SURFACE_WITH_KNOTS ( ( 4, 4 ),
 ( 3, 3 ),
 ( 0.000000000000000000, 0.001301569000329245995 ),
 ( 0.000000000000000000, 1.000000000000000000 ),
 .UNSPECIFIED. ) 
 GEOMETRIC_REPRESENTATION_ITEM ( )  RATIONAL_B_SPLINE_SURFACE ( (
 ( 1.000000000000000000, 0.8944271909999153003, 1.000000000000000000),
 ( 1.000000000000000000, 0.8863737159821911682, 1.000000000000000000),
 ( 1.000000000000000000, 0.8767453782970330289, 1.000000000000000000),
 ( 1.000000000000000000, 0.8660254037844375974, 1.000000000000000000) ) ) 
 REPRESENTATION_ITEM ( '' )  SURFACE ( )  );
#6936 = ORIENTED_EDGE ( 'NONE', *, *, #577, .T. ) ;
#6937 = TOROIDAL_SURFACE ( 'NONE', #7972, 5.196152422706634688, 1.000000000000000000 ) ;
#6938 = CARTESIAN_POINT ( 'NONE',  ( 11.32470265972384738, 9.627295107139511643, -11.00670936699444091 ) ) ;
#6939 = CARTESIAN_POINT ( 'NONE',  ( -15.67499095970032563, -8.553690101573540261, -15.84811522747586032 ) ) ;
#6940 = CARTESIAN_POINT ( 'NONE',  ( -13.99055257328925883, 10.47956099835827004, -2.009030215737638514 ) ) ;
#6941 = CARTESIAN_POINT ( 'NONE',  ( -22.31662479035541224, -0.9999999999999995559, -16.99999999999998224 ) ) ;
#6942 = CIRCLE ( 'NONE', #1071, 0.9999999999999992228 ) ;
#6943 = DIRECTION ( 'NONE',  ( 1.000000000000000000, 0.000000000000000000, 0.000000000000000000 ) ) ;
#6944 = CARTESIAN_POINT ( 'NONE',  ( -19.84648255746071754, -11.00000000000000533, -12.81071554567880177 ) ) ;
#6945 = CARTESIAN_POINT ( 'NONE',  ( -11.76627021359560921, 10.99999999999999289, -5.810810198005026628 ) ) ;
#6946 = FACE_OUTER_BOUND ( 'NONE', #4064, .T. ) ;
#6947 = ORIENTED_EDGE ( 'NONE', *, *, #1718, .F. ) ;
#6948 = AXIS2_PLACEMENT_3D ( 'NONE', #4070, #4501, #5959 ) ;
#6949 = CARTESIAN_POINT ( 'NONE',  ( 3.017072707784838936, -10.44843193930313596, -14.04048562982525361 ) ) ;
#6950 = CARTESIAN_POINT ( 'NONE',  ( 31.00000000000001066, 7.000000000000003553, -22.00000000000000000 ) ) ;
#6951 = CARTESIAN_POINT ( 'NONE',  ( 18.19870804078895787, 7.310840116105308262, -16.40847688268442184 ) ) ;
#6952 = CARTESIAN_POINT ( 'NONE',  ( -2.193279949605360102, -11.00000000000030731, -12.08430980360801499 ) ) ;
#6953 = AXIS2_PLACEMENT_3D ( 'NONE', #6499, #195, #2122 ) ;
#6954 = CARTESIAN_POINT ( 'NONE',  ( -7.511049066996175583, 6.931324937931693242, -14.52315447690211947 ) ) ;
#6955 = CARTESIAN_POINT ( 'NONE',  ( 19.43755670817297698, -9.697844295402640924, -15.88420828329360646 ) ) ;
#6956 = CARTESIAN_POINT ( 'NONE',  ( -12.78794496829808836, 9.897332512219445988, -12.75402634367162236 ) ) ;
#6957 = CALENDAR_DATE ( 2026, 12, 9 ) ;
#6958 = CARTESIAN_POINT ( 'NONE',  ( 22.78502249408980518, -8.220640204322318567, -15.84837354399567033 ) ) ;
#6959 = AXIS2_PLACEMENT_3D ( 'NONE', #6163, #642, #4360 ) ;
#6960 = CARTESIAN_POINT ( 'NONE',  ( -10.77513010092084578, 4.724486548510451911, -14.31387438907934495 ) ) ;
#6961 = CARTESIAN_POINT ( 'NONE',  ( 44.50000000000002842, -6.999999999999995559, -3.999999999999996447 ) ) ;
#6962 = CARTESIAN_POINT ( 'NONE',  ( -10.64612737105398566, 6.258986687121490533, -4.622131194129954866E-14 ) ) ;
#6963 = DIRECTION ( 'NONE',  ( 2.344220913482171656E-16, 0.000000000000000000, 1.000000000000000000 ) ) ;
#6964 = CARTESIAN_POINT ( 'NONE',  ( 9.928598797504644580, 6.234146852331776678, -15.99999999999999112 ) ) ;
#6965 = CARTESIAN_POINT ( 'NONE',  ( 10.73692419447198709, 10.99999999999999467, -9.805934204259363796 ) ) ;
#6966 = CARTESIAN_POINT ( 'NONE',  ( 32.51920024094106765, 10.24441789712288653, -14.66890596299512062 ) ) ;
#6967 = ORIENTED_EDGE ( 'NONE', *, *, #781, .F. ) ;
#6968 = CARTESIAN_POINT ( 'NONE',  ( -12.99830737027173200, 9.280029756719761380, -2.076483103202927172 ) ) ;
#6969 = CIRCLE ( 'NONE', #2404, 4.000000000000003553 ) ;
#6970 = EDGE_LOOP ( 'NONE', ( #2449, #3797, #7095, #3523 ) ) ;
#6971 = CIRCLE ( 'NONE', #5407, 4.330127018922199866 ) ;
#6972 = CARTESIAN_POINT ( 'NONE',  ( -39.50925095230181228, 10.99999999999998934, -18.98219864831501980 ) ) ;
#6973 = CARTESIAN_POINT ( 'NONE',  ( -17.15871239404668458, -9.355555108412328735, -15.89193223044575198 ) ) ;
#6974 = CARTESIAN_POINT ( 'NONE',  ( 7.892400281640789217, 6.018123046760492478, -14.43616904772617460 ) ) ;
#6975 = CARTESIAN_POINT ( 'NONE',  ( 44.50000000000003553, 7.000000000000002665, -12.00000000000000000 ) ) ;
#6976 = CARTESIAN_POINT ( 'NONE',  ( -2.433267550625818565, -8.600207821610272418, -15.68995912269060256 ) ) ;
#6977 = CARTESIAN_POINT ( 'NONE',  ( -6.286559117685863285, 8.276305201128149491, -0.2000630981228269656 ) ) ;
#6978 = CIRCLE ( 'NONE', #968, 4.999999999999999112 ) ;
#6979 = EDGE_LOOP ( 'NONE', ( #6637, #5666, #8017, #5994 ) ) ;
#6980 = CARTESIAN_POINT ( 'NONE',  ( 11.41894862409245270, 10.99999999999999645, -11.59662014325025226 ) ) ;
#6981 = ADVANCED_FACE ( 'NONE', ( #3571 ), #4167, .F. ) ;
#6982 = CARTESIAN_POINT ( 'NONE',  ( 16.76393202250020664, 7.578940846527625119, -15.95788169305524207 ) ) ;
#6983 = CARTESIAN_POINT ( 'NONE',  ( -19.83172617802719273, -9.426233917240574911, -16.17813405600936605 ) ) ;
#6984 = EDGE_CURVE ( 'NONE', #3925, #2822, #3650, .T. ) ;
#6985 = FACE_OUTER_BOUND ( 'NONE', #1344, .T. ) ;
#6986 = CARTESIAN_POINT ( 'NONE',  ( 1.768663666530098544, -11.00000000000000000, -4.230069401328827361 ) ) ;
#6987 = FACE_OUTER_BOUND ( 'NONE', #2439, .T. ) ;
#6988 = CARTESIAN_POINT ( 'NONE',  ( 1.716134200191684833, -7.160681696375884364, -1.118598610009241951E-12 ) ) ;
#6989 = CARTESIAN_POINT ( 'NONE',  ( -8.679223719434043360, 9.625795683396361824, -5.005770276675660213 ) ) ;
#6990 = CARTESIAN_POINT ( 'NONE',  ( 6.286559117685946774, 8.276305201128090872, -15.79993690187718514 ) ) ;
#6991 = ORIENTED_EDGE ( 'NONE', *, *, #477, .F. ) ;
#6992 = CARTESIAN_POINT ( 'NONE',  ( -33.46691186446697230, 10.99999999999999467, -14.53597892437066186 ) ) ;
#6993 = CARTESIAN_POINT ( 'NONE',  ( 18.35961485165717377, 7.339368922620345792, -16.40536896045840365 ) ) ;
#6994 = CARTESIAN_POINT ( 'NONE',  ( 39.93964478593439793, 11.00000000000000178, -20.74281486447487666 ) ) ;
#6995 = CARTESIAN_POINT ( 'NONE',  ( -10.56364155541818839, 9.524364062335717307, -10.66947933977735907 ) ) ;
#6996 = EDGE_CURVE ( 'NONE', #7587, #7141, #1698, .T. ) ;
#6997 = CARTESIAN_POINT ( 'NONE',  ( 0.3210419855928218769, -4.592914712726539506, -14.30183628695426457 ) ) ;
#6998 = CARTESIAN_POINT ( 'NONE',  ( 23.12310562562522520, -10.99999999999999822, -11.99999999999999289 ) ) ;
#6999 = DIRECTION ( 'NONE',  ( -2.344220913482171656E-16, -0.000000000000000000, -1.000000000000000000 ) ) ;
#7000 = APPROVAL_DATE_TIME ( #709, #3383 ) ;
#7001 = CARTESIAN_POINT ( 'NONE',  ( -2.888549991865009936, -10.81289571458531107, -2.744182452428410190 ) ) ;
#7002 = DIRECTION ( 'NONE',  ( -1.000000000000000000, -1.836162287345415827E-15, 0.000000000000000000 ) ) ;
#7003 = CARTESIAN_POINT ( 'NONE',  ( 21.63648531942578757, -8.615960518344978780, -16.23649457078673919 ) ) ;
#7004 = CARTESIAN_POINT ( 'NONE',  ( 36.40678305301210571, -10.99999999999999822, -18.71850075875953934 ) ) ;
#7005 = CARTESIAN_POINT ( 'NONE',  ( 9.599321445750049975, 6.209440817464047413, -15.99999999999999112 ) ) ;
#7006 = CARTESIAN_POINT ( 'NONE',  ( 11.26200574670495413, 10.99999999999999822, -9.959753554045132518 ) ) ;
#7007 = CARTESIAN_POINT ( 'NONE',  ( 35.42758061894344479, 11.00000000000000533, -16.95546756447026837 ) ) ;
#7008 = VERTEX_POINT ( 'NONE', #3282 ) ;
#7009 = CARTESIAN_POINT ( 'NONE',  ( -13.94950505307552113, 10.66255185033968900, -2.386564230902963324 ) ) ;
#7010 = ORIENTED_EDGE ( 'NONE', *, *, #5809, .F. ) ;
#7011 = CARTESIAN_POINT ( 'NONE',  ( -36.87458112616687345, 10.99999999999998934, -15.01449393402169896 ) ) ;
#7012 = CARTESIAN_POINT ( 'NONE',  ( -18.54070141647723702, -11.00000000000000178, -12.90343375429540984 ) ) ;
#7013 = CARTESIAN_POINT ( 'NONE',  ( -7.350761812724421418, 9.886196562445494607, -12.45521375021799138 ) ) ;
#7014 = CARTESIAN_POINT ( 'NONE',  ( -6.513894402200601341, 7.262188245326783864, -15.99999999999998224 ) ) ;
#7015 = CARTESIAN_POINT ( 'NONE',  ( -5.995472536605783276, 10.19432977147738661, -1.577182106595863331 ) ) ;
#7016 = VERTEX_POINT ( 'NONE', #5167 ) ;
#7017 = EDGE_CURVE ( 'NONE', #1206, #3309, #6142, .T. ) ;
#7018 = CARTESIAN_POINT ( 'NONE',  ( 10.38267696902884296, 10.99999999999999645, -11.44994223329478800 ) ) ;
#7019 = EDGE_CURVE ( 'NONE', #6069, #1666, #3795, .T. ) ;
#7020 = CARTESIAN_POINT ( 'NONE',  ( -24.19615242270663913, 3.000000000000000000, -15.99999999999998224 ) ) ;
#7021 = LOCAL_TIME ( 14, 35, 32.00000000000000000, #4561 ) ;
#7022 = CARTESIAN_POINT ( 'NONE',  ( -16.49931366157201040, -8.716260809539692289, -16.22796814003044474 ) ) ;
#7023 = DIRECTION ( 'NONE',  ( 2.344220913482171656E-16, 0.000000000000000000, 1.000000000000000000 ) ) ;
#7024 = CARTESIAN_POINT ( 'NONE',  ( 1.537668969500532334, -11.00000000000000000, -4.353234899871491592 ) ) ;
#7025 = CARTESIAN_POINT ( 'NONE',  ( -13.96920255221615648, 10.60733514610312334, -13.74815616928572126 ) ) ;
#7026 = CARTESIAN_POINT ( 'NONE',  ( -1.409372162272136908, -4.214679051920479758, 0.000000000000000000 ) ) ;
#7027 = ORIENTED_EDGE ( 'NONE', *, *, #3878, .F. ) ;
#7028 = EDGE_CURVE ( 'NONE', #3539, #5047, #7566, .T. ) ;
#7029 = EDGE_CURVE ( 'NONE', #6334, #2046, #3239, .T. ) ;
#7030 = DIRECTION ( 'NONE',  ( 0.000000000000000000, 1.000000000000000000, 0.000000000000000000 ) ) ;
#7031 = CARTESIAN_POINT ( 'NONE',  ( 6.293711997170113648, 10.97831529368324865, -12.48716543068658957 ) ) ;
#7032 = ORIENTED_EDGE ( 'NONE', *, *, #7187, .F. ) ;
#7033 = CARTESIAN_POINT ( 'NONE',  ( -32.88922695494899529, 9.952694175548108646, -15.14038257206131100 ) ) ;
#7034 = CARTESIAN_POINT ( 'NONE',  ( 17.72691565808765901, 7.197723382039218798, -16.42137636191456807 ) ) ;
#7035 = PLANE ( 'NONE',  #311 ) ;
#7036 = CARTESIAN_POINT ( 'NONE',  ( 15.68337520964459664, -1.000000000000000444, -16.99999999999999289 ) ) ;
#7037 = CARTESIAN_POINT ( 'NONE',  ( 2.372025780955422380, -11.00000000000000000, -10.58809023165622776 ) ) ;
#7038 = CARTESIAN_POINT ( 'NONE',  ( -0.1517836205550161244, -6.221929735015852891, -15.99999999999998579 ) ) ;
#7039 = CARTESIAN_POINT ( 'NONE',  ( 20.38950036518820852, -10.99999999999999822, -12.62536714572782159 ) ) ;
#7040 = ADVANCED_FACE ( 'NONE', ( #4340 ), #2587, .T. ) ;
#7041 = PERSON_AND_ORGANIZATION ( #5322, #1416 ) ;
#7042 = EDGE_CURVE ( 'NONE', #6558, #5606, #5888, .T. ) ;
#7043 = CARTESIAN_POINT ( 'NONE',  ( 22.31652121586542847, -7.938166882422286186, -16.31724696662122653 ) ) ;
#7044 = CARTESIAN_POINT ( 'NONE',  ( -2.975492730962882248, -9.679218805036985174, -2.568975897243732653 ) ) ;
#7045 = DIRECTION ( 'NONE',  ( 1.559302000878028960E-16, -1.000000000000000000, 0.000000000000000000 ) ) ;
#7046 = CARTESIAN_POINT ( 'NONE',  ( -11.91488369693156635, 4.551758123924391164, 0.000000000000000000 ) ) ;
#7047 = CARTESIAN_POINT ( 'NONE',  ( 36.17698979354678102, -10.99999999999999645, -14.43582527244248759 ) ) ;
#7048 = CARTESIAN_POINT ( 'NONE',  ( 8.851216279314433777, 6.537623009661118090, -15.99999999999999112 ) ) ;
#7049 = VECTOR ( 'NONE', #604, 1000.000000000000000 ) ;
#7050 = CARTESIAN_POINT ( 'NONE',  ( -14.87689437438233142, -8.057641145488920742, -15.85764114548884507 ) ) ;
#7051 = CARTESIAN_POINT ( 'NONE',  ( 36.18469275402862451, 8.274272792840442037, -18.83774986951953778 ) ) ;
#7052 = EDGE_LOOP ( 'NONE', ( #7912, #448, #3016, #842, #2701, #4921 ) ) ;
#7053 = CARTESIAN_POINT ( 'NONE',  ( -13.54431097709883858, 7.517181988109578050, -0.02521333058236056163 ) ) ;
#7054 = ORIENTED_EDGE ( 'NONE', *, *, #2975, .T. ) ;
#7055 = CIRCLE ( 'NONE', #8086, 1.000000000000000222 ) ;
#7056 = CARTESIAN_POINT ( 'NONE',  ( -6.996672887536611540, 9.394221879106513740, -13.81217922665107167 ) ) ;
#7057 = DIRECTION ( 'NONE',  ( 1.000000000000000000, 7.796510004390144799E-17, 0.000000000000000000 ) ) ;
#7058 = CARTESIAN_POINT ( 'NONE',  ( -6.185402643962258473, 8.764975819975878935, -15.59910014303256176 ) ) ;
#7059 = CARTESIAN_POINT ( 'NONE',  ( -6.996604405173051155, 9.397488610035225065, -2.191199039874471843 ) ) ;
#7060 = VERTEX_POINT ( 'NONE', #3812 ) ;
#7061 = CARTESIAN_POINT ( 'NONE',  ( 9.324990696738238327, 9.535500870890885494, -10.70264441030522207 ) ) ;
#7062 = CARTESIAN_POINT ( 'NONE',  ( 16.99685577015643290, 7.141166961497972032, -16.02191725632927088 ) ) ;
#7063 = CARTESIAN_POINT ( 'NONE',  ( -19.87822989797353657, -9.649184560596689053, -15.87376987752742785 ) ) ;
#7064 = CARTESIAN_POINT ( 'NONE',  ( -11.87616220467990047, 7.463084600370352817, -15.99999999999998579 ) ) ;
#7065 = CARTESIAN_POINT ( 'NONE',  ( 1.443858000438416500, -9.648175650400935055, -4.915953241641935811 ) ) ;
#7066 = CARTESIAN_POINT ( 'NONE',  ( -2.756702970901297345, -5.497409855380190002, 0.000000000000000000 ) ) ;
#7067 = CARTESIAN_POINT ( 'NONE',  ( 2.067186237370629787, -5.924078696033817870, -1.572787616692239432 ) ) ;
#7068 = ORIENTED_EDGE ( 'NONE', *, *, #1678, .T. ) ;
#7069 = CARTESIAN_POINT ( 'NONE',  ( 20.49063416789618230, 11.00000000000000178, -12.01227379872569578 ) ) ;
#7070 = CARTESIAN_POINT ( 'NONE',  ( 7.667531172775897907, 8.388414653741712357, -15.77722118613029600 ) ) ;
#7071 = ORIENTED_EDGE ( 'NONE', *, *, #6490, .T. ) ;
#7072 = CARTESIAN_POINT ( 'NONE',  ( -35.84888719437007865, 8.375504344011721614, -18.31276820371905956 ) ) ;
#7073 = CARTESIAN_POINT ( 'NONE',  ( 19.00000000000000000, 3.000000000000000000, -15.99999999999999289 ) ) ;
#7074 = CIRCLE ( 'NONE', #5901, 4.330127018922199866 ) ;
#7075 = ADVANCED_FACE ( 'NONE', ( #3199 ), #1037, .T. ) ;
#7076 = CARTESIAN_POINT ( 'NONE',  ( -19.00000000000000000, -0.3333333333333325377, -17.72677996249964849 ) ) ;
#7077 = CARTESIAN_POINT ( 'NONE',  ( -0.7369241947434104212, -11.00000000000000000, -9.805934203056935416 ) ) ;
#7078 = CARTESIAN_POINT ( 'NONE',  ( 1.565840839712725918, -5.271927907134975833, -14.36495152191913149 ) ) ;
#7079 = CARTESIAN_POINT ( 'NONE',  ( 16.68482545858470090, -9.127755961205540558, -15.89809586203064029 ) ) ;
#7080 = CARTESIAN_POINT ( 'NONE',  ( -2.649238187275575473, -9.886196562445499936, -12.45521375021798782 ) ) ;
#7081 = AXIS2_PLACEMENT_3D ( 'NONE', #2362, #6216, #1751 ) ;
#7082 = B_SPLINE_CURVE_WITH_KNOTS ( 'NONE', 3,
 ( #3723, #4374, #3803, #3145 ),
 .UNSPECIFIED., .F., .F.,
 ( 4, 4 ),
 ( 0.000000000000000000, 0.001245002737284603206 ),
 .UNSPECIFIED. ) ;
#7083 = CARTESIAN_POINT ( 'NONE',  ( 13.71089294422409388, 10.97671699314297378, -3.498209571258710238 ) ) ;
#7084 = B_SPLINE_CURVE_WITH_KNOTS ( 'NONE', 3,
 ( #7752, #2358, #7944, #3098, #5506, #1824, #4908, #6732, #5023, #4862, #1133, #6810 ),
 .UNSPECIFIED., .F., .F.,
 ( 4, 2, 2, 2, 2, 4 ),
 ( 0.000000000000000000, 0.001140049365367665993, 0.001710074048051503327, 0.002280098730735341094, 0.003420148096103005787, 0.004560197461470670913 ),
 .UNSPECIFIED. ) ;
#7085 = CARTESIAN_POINT ( 'NONE',  ( -9.241834723478103086, 4.717347537006696179, -14.31321820323278793 ) ) ;
#7086 = FACE_OUTER_BOUND ( 'NONE', #4484, .T. ) ;
#7087 = EDGE_CURVE ( 'NONE', #278, #7776, #5518, .T. ) ;
#7088 = CARTESIAN_POINT ( 'NONE',  ( -12.07403395437252591, 4.688022451445849725, 0.000000000000000000 ) ) ;
#7089 = CARTESIAN_POINT ( 'NONE',  ( 6.691893971879827596, 6.600378116020081620, -15.99999999999998934 ) ) ;
#7090 = VECTOR ( 'NONE', #7885, 1000.000000000000000 ) ;
#7091 = CARTESIAN_POINT ( 'NONE',  ( 9.856466465933880983, 9.499999999999467093, -10.59807621135179190 ) ) ;
#7092 = CARTESIAN_POINT ( 'NONE',  ( -0.8136078774610465691, -3.968364125578239143, -15.99999999999998579 ) ) ;
#7093 = VERTEX_POINT ( 'NONE', #1712 ) ;
#7094 = CARTESIAN_POINT ( 'NONE',  ( 16.14266311021409805, -8.879502586038276135, -15.85356487795852232 ) ) ;
#7095 = ORIENTED_EDGE ( 'NONE', *, *, #5744, .F. ) ;
#7096 = VECTOR ( 'NONE', #3962, 1000.000000000000000 ) ;
#7097 = CARTESIAN_POINT ( 'NONE',  ( 24.50000000000002487, 11.00000000000000000, -20.00000000000000000 ) ) ;
#7098 = CARTESIAN_POINT ( 'NONE',  ( -6.037999952023736405, 9.641772363845069194, -15.01541498470521852 ) ) ;
#7099 = FACE_OUTER_BOUND ( 'NONE', #5181, .T. ) ;
#7100 = CARTESIAN_POINT ( 'NONE',  ( -6.455063692463110847, 7.519926107371345481, -15.97450018395736926 ) ) ;
#7101 = CARTESIAN_POINT ( 'NONE',  ( 19.37150553717965451, 11.00000000000000000, -12.04266683570404162 ) ) ;
#7102 = CIRCLE ( 'NONE', #1736, 4.999999999999999112 ) ;
#7103 = ORIENTED_EDGE ( 'NONE', *, *, #1349, .F. ) ;
#7104 = CARTESIAN_POINT ( 'NONE',  ( 12.61434132201429215, 7.429906462994973815, -14.56803946793313997 ) ) ;
#7105 = VECTOR ( 'NONE', #6273, 1000.000000000000000 ) ;
#7106 = CARTESIAN_POINT ( 'NONE',  ( -39.99999999999998579, -8.000000000000003553, -33.49999999999999289 ) ) ;
#7107 = AXIS2_PLACEMENT_3D ( 'NONE', #6502, #4627, #5855 ) ;
#7108 = CARTESIAN_POINT ( 'NONE',  ( -19.35493032861431217, -9.713300285439249393, -15.87553713560096291 ) ) ;
#7109 = CARTESIAN_POINT ( 'NONE',  ( -10.00000000002208722, 9.499999999999991118, -5.401923788646688429 ) ) ;
#7110 = CARTESIAN_POINT ( 'NONE',  ( -0.1331675129655220391, -9.499872836156404432, -5.402290878674993913 ) ) ;
#7111 = CARTESIAN_POINT ( 'NONE',  ( -13.85994088286151182, 9.000126653765454066, -15.47399148878963082 ) ) ;
#7112 = AXIS2_PLACEMENT_3D ( 'NONE', #2865, #4171, #6624 ) ;
#7113 = CARTESIAN_POINT ( 'NONE',  ( 0.7581652765218573897, -4.717347537006622460, -1.686781796767273134 ) ) ;
#7114 = ORIENTED_EDGE ( 'NONE', *, *, #6684, .T. ) ;
#7115 = CARTESIAN_POINT ( 'NONE',  ( -7.627974219044494575, 10.99999999999999289, -5.411909768343851290 ) ) ;
#7116 = CARTESIAN_POINT ( 'NONE',  ( 6.454918729351827977, 7.520564305678641759, -15.97442158216807329 ) ) ;
#7117 = ORIENTED_EDGE ( 'NONE', *, *, #7676, .F. ) ;
#7118 = CARTESIAN_POINT ( 'NONE',  ( -37.51330461881339318, 10.99999999999999289, -15.64791987912728821 ) ) ;
#7119 = CARTESIAN_POINT ( 'NONE',  ( 6.692423407538681701, 6.598604628439630027, -0.000000000000000000 ) ) ;
#7120 = CARTESIAN_POINT ( 'NONE',  ( -31.00000000000000711, -7.000000000000001776, -11.99999999999998046 ) ) ;
#7121 = DIRECTION ( 'NONE',  ( -2.312964634635743450E-16, 0.000000000000000000, 1.000000000000000000 ) ) ;
#7122 = CARTESIAN_POINT ( 'NONE',  ( 40.50000000000002132, -10.99999999999999645, -33.49999999999999289 ) ) ;
#7123 = CARTESIAN_POINT ( 'NONE',  ( 41.50000000000002132, -6.999999999999995559, -36.50000000000000000 ) ) ;
#7124 = CARTESIAN_POINT ( 'NONE',  ( -9.696481824503129232, 4.590130055917937213, -14.30158274149395936 ) ) ;
#7125 = CARTESIAN_POINT ( 'NONE',  ( 8.231336333469938538, 10.99999999999999822, -4.230069401328981904 ) ) ;
#7126 = CARTESIAN_POINT ( 'NONE',  ( -3.485790911780159984, -7.260782712205783973, -15.99999999999998579 ) ) ;
#7127 = CARTESIAN_POINT ( 'NONE',  ( 17.68311570418747536, -9.312997996088327568, -16.18499345585391680 ) ) ;
#7128 = CARTESIAN_POINT ( 'NONE',  ( 10.55610663524642057, 6.235078516627135414, -16.00000000000034817 ) ) ;
#7129 = CARTESIAN_POINT ( 'NONE',  ( -19.37371611343294830, 10.99999999999999289, -12.04263652132364903 ) ) ;
#7130 = CARTESIAN_POINT ( 'NONE',  ( 0.8376038187631111853, -3.975453976273768841, -15.99999999999998579 ) ) ;
#7131 = ORIENTED_EDGE ( 'NONE', *, *, #4345, .F. ) ;
#7132 = CARTESIAN_POINT ( 'NONE',  ( -16.92319624147007318, -8.980160724322878707, -16.20741777285729412 ) ) ;
#7133 = ORIENTED_EDGE ( 'NONE', *, *, #535, .F. ) ;
#7134 = ADVANCED_FACE ( 'NONE', ( #570 ), #1631, .T. ) ;
#7135 = EDGE_CURVE ( 'NONE', #5094, #2323, #1175, .T. ) ;
#7136 = CARTESIAN_POINT ( 'NONE',  ( -7.009809023834190356, 10.60003545801490610, -13.75333059760843213 ) ) ;
#7137 = CARTESIAN_POINT ( 'NONE',  ( -7.770131631083557977, 10.99999999999999289, -10.48073386017167508 ) ) ;
#7138 = CARTESIAN_POINT ( 'NONE',  ( 37.00000000000001421, -11.00000000000000355, -15.99999999999999645 ) ) ;
#7139 = CARTESIAN_POINT ( 'NONE',  ( 6.513998442238564834, 7.261723560828601265, -15.99999999999999289 ) ) ;
#7140 = CARTESIAN_POINT ( 'NONE',  ( 13.15382139059104283, 6.207963350355150567, -15.99999999999999289 ) ) ;
#7141 = VERTEX_POINT ( 'NONE', #4170 ) ;
#7142 = ADVANCED_FACE ( 'NONE', ( #8003 ), #1875, .F. ) ;
#7143 = CARTESIAN_POINT ( 'NONE',  ( 13.01354035985189306, 10.38169997338597206, -14.14000478299388064 ) ) ;
#7144 = EDGE_CURVE ( 'NONE', #3100, #5751, #849, .T. ) ;
#7145 = CARTESIAN_POINT ( 'NONE',  ( 40.00000000000001421, -7.999999999999996447, -33.49999999999999289 ) ) ;
#7146 = CARTESIAN_POINT ( 'NONE',  ( 7.429447568903677634, 7.255791592464746032, -1.447635286813311106 ) ) ;
#7147 = CARTESIAN_POINT ( 'NONE',  ( -13.42740324146176967, 6.999999999999991118, -15.99999999999998579 ) ) ;
#7148 = CARTESIAN_POINT ( 'NONE',  ( -0.7215401154555831642, -11.00000000000000000, -6.197351201995564551 ) ) ;
#7149 = CARTESIAN_POINT ( 'NONE',  ( 2.732949059498949840, -7.889770197674481622, -1.440966421451185031 ) ) ;
#7150 = VERTEX_POINT ( 'NONE', #613 ) ;
#7151 = CARTESIAN_POINT ( 'NONE',  ( -6.850646991616214265, 10.99999999999999289, -4.636282374427799446 ) ) ;
#7152 = CARTESIAN_POINT ( 'NONE',  ( 6.996604405173045826, 9.397488610035226841, -13.80880096012565694 ) ) ;
#7153 = ORIENTED_EDGE ( 'NONE', *, *, #6186, .F. ) ;
#7154 = CARTESIAN_POINT ( 'NONE',  ( -8.989112964561430275, 4.033979491316429744, -15.99999999999998579 ) ) ;
#7155 = CARTESIAN_POINT ( 'NONE',  ( 19.37494073802081118, 8.010638421761942851, -15.91285881894757104 ) ) ;
#7156 = DIRECTION ( 'NONE',  ( -0.000000000000000000, -1.000000000000000000, 0.000000000000000000 ) ) ;
#7157 = B_SPLINE_CURVE_WITH_KNOTS ( 'NONE', 3,
 ( #4958, #1356, #4334, #5605 ),
 .UNSPECIFIED., .F., .F.,
 ( 4, 4 ),
 ( 0.000000000000000000, 0.001226600783208087143 ),
 .UNSPECIFIED. ) ;
#7158 = CARTESIAN_POINT ( 'NONE',  ( 1.413910599429345050, -10.99999999999999822, -11.59457650765187076 ) ) ;
#7159 = CARTESIAN_POINT ( 'NONE',  ( 1.057029121555005835, -4.866931265568514853, -14.32702795804070561 ) ) ;
#7160 = CARTESIAN_POINT ( 'NONE',  ( 12.86498806439267639, 5.673101688416528177, 0.000000000000000000 ) ) ;
#7161 = DIRECTION ( 'NONE',  ( 0.000000000000000000, 0.000000000000000000, -1.000000000000000000 ) ) ;
#7162 = CARTESIAN_POINT ( 'NONE',  ( -7.932813762629420395, 5.924078696033793889, -14.42721238330781830 ) ) ;
#7163 = CARTESIAN_POINT ( 'NONE',  ( 6.370684447795859739, 10.99999999999999645, -3.749108609707105355 ) ) ;
#7164 = CARTESIAN_POINT ( 'NONE',  ( -3.858188786458372821, -8.990578353859111971, -15.47955305867971276 ) ) ;
#7165 = CARTESIAN_POINT ( 'NONE',  ( -7.120795616666422134, 8.509467909976059730, -1.594967763002016037 ) ) ;
#7166 = CARTESIAN_POINT ( 'NONE',  ( -17.13651563936288724, 10.99999999999999289, -12.00000000750451434 ) ) ;
#7167 = DIRECTION ( 'NONE',  ( 0.000000000000000000, 0.000000000000000000, 1.000000000000000000 ) ) ;
#7168 = ORIENTED_EDGE ( 'NONE', *, *, #2552, .T. ) ;
#7169 = CARTESIAN_POINT ( 'NONE',  ( 40.50000000000002132, -6.999999999999995559, -20.00000000000000000 ) ) ;
#7170 = ORIENTED_EDGE ( 'NONE', *, *, #5698, .T. ) ;
#7171 = CARTESIAN_POINT ( 'NONE',  ( -22.76056225853209725, -11.00000000000000178, -12.00000000644822329 ) ) ;
#7172 = DIRECTION ( 'NONE',  ( 1.000000000000000000, 0.000000000000000000, 0.000000000000000000 ) ) ;
#7173 = AXIS2_PLACEMENT_3D ( 'NONE', #3047, #1253, #3002 ) ;
#7174 = CARTESIAN_POINT ( 'NONE',  ( -2.654326885311866668, -11.00000000000000000, -10.83109390675403283 ) ) ;
#7175 = LINE ( 'NONE', #5109, #6446 ) ;
#7176 = LINE ( 'NONE', #4036, #3969 ) ;
#7177 = B_SPLINE_CURVE_WITH_KNOTS ( 'NONE', 3,
 ( #1699, #6609, #6648, #7902, #1127, #7341, #5500, #7939, #2966, #1739, #3504, #6122, #388, #508, #5382, #3008, #3053, #4815, #5421, #6037, #7986, #4196, #4856, #6082, #7300, #50 ),
 .UNSPECIFIED., .F., .F.,
 ( 4, 2, 2, 2, 2, 2, 2, 2, 2, 2, 2, 2, 4 ),
 ( 0.000000000000000000, 0.001095457394396785614, 0.001643186091595177445, 0.002190914788793569060, 0.002738643485991960891, 0.003286372183190352722, 0.003834100880388744987, 0.004381829577587136385, 0.005477286971983919180, 0.006572744366380703709, 0.007120473063579095541, 0.007668201760777486505, 0.008763659155174272769 ),
 .UNSPECIFIED. ) ;
#7178 = EDGE_CURVE ( 'NONE', #1585, #2046, #2489, .T. ) ;
#7179 = ORIENTED_EDGE ( 'NONE', *, *, #4443, .F. ) ;
#7180 = TOROIDAL_SURFACE ( 'NONE', #4306, 4.472135954999578722, 1.000000000000000000 ) ;
#7181 = FACE_OUTER_BOUND ( 'NONE', #6777, .T. ) ;
#7182 = CARTESIAN_POINT ( 'NONE',  ( -39.93964224227256921, -11.00000000000000355, -20.74278936209997326 ) ) ;
#7183 = CARTESIAN_POINT ( 'NONE',  ( -14.90389986502295194, -8.061515607894211399, -15.85657889249482366 ) ) ;
#7184 = LINE ( 'NONE', #5346, #2658 ) ;
#7185 = B_SPLINE_CURVE_WITH_KNOTS ( 'NONE', 3,
 ( #1968, #6954, #584, #1362, #3079, #5574, #7486, #8052, #4388, #2466, #1846, #4342 ),
 .UNSPECIFIED., .F., .F.,
 ( 4, 2, 2, 2, 2, 4 ),
 ( 0.000000000000000000, 0.001004519528086659846, 0.002009039056173320559, 0.003013558584259981490, 0.003515818348303310220, 0.004018078112346638517 ),
 .UNSPECIFIED. ) ;
#7186 = CARTESIAN_POINT ( 'NONE',  ( -9.571944018346091099, 3.883116235202848987, -0.000000000000000000 ) ) ;
#7187 = EDGE_CURVE ( 'NONE', #2822, #3785, #1835, .T. ) ;
#7188 = CARTESIAN_POINT ( 'NONE',  ( 2.722974450506431499, -9.902522649566273927, -3.397662091991350941 ) ) ;
#7189 = ORIENTED_EDGE ( 'NONE', *, *, #5695, .T. ) ;
#7190 = DIRECTION ( 'NONE',  ( -1.000000000000000000, 0.000000000000000000, 0.000000000000000000 ) ) ;
#7191 = CARTESIAN_POINT ( 'NONE',  ( -12.22986836867189098, 10.99999999999999112, -5.519266139460920151 ) ) ;
#7192 = ORIENTED_EDGE ( 'NONE', *, *, #7087, .F. ) ;
#7193 = CARTESIAN_POINT ( 'NONE',  ( -11.40937216185253433, 4.214679052913638202, -15.99999999999998224 ) ) ;
#7194 = CARTESIAN_POINT ( 'NONE',  ( -3.486105597799399103, -7.262188245326790970, -15.99999999999997868 ) ) ;
#7195 = CARTESIAN_POINT ( 'NONE',  ( 12.83774414475762171, 9.568782053659282028, -0.9210316249462858762 ) ) ;
#7196 = CARTESIAN_POINT ( 'NONE',  ( 13.53231758303410892, 10.99999999999999822, -3.999999999999996447 ) ) ;
#7197 =( BOUNDED_SURFACE ( )  B_SPLINE_SURFACE ( 3, 2, ( 
 ( #5301, #4725, #2808 ),
 ( #4656, #2881, #7815 ),
 ( #265, #4107, #5264 ),
 ( #2156, #5373, #416 ),
 ( #4690, #304, #5414 ),
 ( #7894, #7856, #342 ),
 ( #4068, #7745, #7137 ),
 ( #2228, #1570, #1536 ),
 ( #2268, #4033, #7782 ),
 ( #1039, #7255, #921 ),
 ( #2308, #3536, #4771 ),
 ( #1502, #3997, #5915 ),
 ( #7213, #1649, #1610 ),
 ( #6563, #2845, #4148 ),
 ( #961, #3461, #6489 ),
 ( #5335, #884, #5879 ),
 ( #2765, #5617, #6757 ),
 ( #2387, #2344, #6197 ),
 ( #4305, #6073, #1808 ),
 ( #6796, #7931, #1200 ),
 ( #4892, #7974, #6114 ),
 ( #6718, #4228, #5538 ),
 ( #8021, #4267, #7373 ),
 ( #4970, #3041, #3737 ),
 ( #3699, #7447, #590 ),
 ( #2432, #3084, #1118 ),
 ( #9, #4348, #5580 ),
 ( #3616, #1769, #8058 ) ),
 .UNSPECIFIED., .F., .F., .F. ) 
 B_SPLINE_SURFACE_WITH_KNOTS ( ( 4, 2, 2, 2, 2, 2, 2, 2, 2, 2, 2, 2, 2, 4 ),
 ( 3, 3 ),
 ( 0.000000000000000000, 0.001095457394396780410, 0.001643186091595170723, 0.002190914788793560820, 0.002738643485991951350, 0.003286372183190341446, 0.003834100880388731543, 0.004381829577587121639, 0.004929558274785512603, 0.005477286971983902700, 0.006572744366380682893, 0.007120473063579072989, 0.007668201760777463086, 0.008763659155174243279 ),
 ( 0.000000000000000000, 1.000000000000000000 ),
 .UNSPECIFIED. ) 
 GEOMETRIC_REPRESENTATION_ITEM ( )  RATIONAL_B_SPLINE_SURFACE ( (
 ( 1.000000000000000000, 0.6656562785873425536, 1.000000000000000000),
 ( 1.000000000000000000, 0.6550760414895250294, 1.000000000000000000),
 ( 1.000000000000000000, 0.6427889427061526106, 1.000000000000000000),
 ( 1.000000000000000000, 0.6208536408331625234, 1.000000000000000000),
 ( 1.000000000000000000, 0.6128907600700819192, 1.000000000000000000),
 ( 1.000000000000000000, 0.5961538118317064594, 1.000000000000000000),
 ( 1.000000000000000000, 0.5873732688288675341, 1.000000000000000000),
 ( 1.000000000000000000, 0.5693583750284205713, 1.000000000000000000),
 ( 1.000000000000000000, 0.5601154911476593501, 1.000000000000000000),
 ( 1.000000000000000000, 0.5420257524159519669, 1.000000000000000000),
 ( 1.000000000000000000, 0.5332219573126635304, 1.000000000000000000),
 ( 1.000000000000000000, 0.5180476398734008558, 1.000000000000000000),
 ( 1.000000000000000000, 0.5116161173712409083, 1.000000000000000000),
 ( 1.000000000000000000, 0.5026113378299840173, 1.000000000000000000),
 ( 1.000000000000000000, 0.5000662054135297518, 1.000000000000000000),
 ( 1.000000000000000000, 0.4999364184421543067, 1.000000000000000000),
 ( 1.000000000000000000, 0.5023223402178386143, 1.000000000000000000),
 ( 1.000000000000000000, 0.5111177563192946804, 1.000000000000000000),
 ( 1.000000000000000000, 0.5175023365127805475, 1.000000000000000000),
 ( 1.000000000000000000, 0.5403954521956191304, 1.000000000000000000),
 ( 1.000000000000000000, 0.5596694225563356717, 1.000000000000000000),
 ( 1.000000000000000000, 0.5870015821252979604, 1.000000000000000000),
 ( 1.000000000000000000, 0.5959323751922873669, 1.000000000000000000),
 ( 1.000000000000000000, 0.6126440163368147562, 1.000000000000000000),
 ( 1.000000000000000000, 0.6204944687056721531, 1.000000000000000000),
 ( 1.000000000000000000, 0.6424881116794003422, 1.000000000000000000),
 ( 1.000000000000000000, 0.6551347067706065896, 1.000000000000000000),
 ( 1.000000000000000000, 0.6656562785873424426, 1.000000000000000000) ) ) 
 REPRESENTATION_ITEM ( '' )  SURFACE ( )  );
#7198 = CARTESIAN_POINT ( 'NONE',  ( 11.24895913802389913, 6.622085709199900805, -1.368418288655387402E-13 ) ) ;
#7199 = ORIENTED_EDGE ( 'NONE', *, *, #4737, .T. ) ;
#7200 = AXIS2_PLACEMENT_3D ( 'NONE', #3373, #911, #5906 ) ;
#7201 = DIRECTION ( 'NONE',  ( -0.8848650242331350668, -0.4609423183632074261, -0.06742453582224257336 ) ) ;
#7202 = CARTESIAN_POINT ( 'NONE',  ( 3.706288002829795758, -10.97831529368318293, -12.48716543068695373 ) ) ;
#7203 = CARTESIAN_POINT ( 'NONE',  ( 6.455063692463115288, 7.519926107371346369, -0.02549981604262118937 ) ) ;
#7204 = CARTESIAN_POINT ( 'NONE',  ( -21.76385399196285064, 6.333333333333324155, -16.49999999999999289 ) ) ;
#7205 = CARTESIAN_POINT ( 'NONE',  ( 16.10366032975931816, -8.397545241418510997, -16.25748132042821226 ) ) ;
#7206 = CARTESIAN_POINT ( 'NONE',  ( 6.845586744612616847, 10.99999999999999645, -4.629579685754175777 ) ) ;
#7207 = CIRCLE ( 'NONE', #3686, 4.000000000000000000 ) ;
#7208 = CARTESIAN_POINT ( 'NONE',  ( -32.21018289464628026, -10.48216965395748446, -14.21680439518214811 ) ) ;
#7209 = ORIENTED_EDGE ( 'NONE', *, *, #3542, .F. ) ;
#7210 = CARTESIAN_POINT ( 'NONE',  ( -20.63624935724516618, -9.198627050879061073, -16.19204143156032671 ) ) ;
#7211 = CIRCLE ( 'NONE', #5391, 4.330127018922199866 ) ;
#7212 = CARTESIAN_POINT ( 'NONE',  ( -7.105579751343344519, 9.738703461050594257, -14.92723331961042810 ) ) ;
#7213 = CARTESIAN_POINT ( 'NONE',  ( -9.447306854098657780, 9.523461559882600014, -10.66679653847021747 ) ) ;
#7214 = CARTESIAN_POINT ( 'NONE',  ( -7.349444480122665269, 7.573902597481549925, -14.58100277966112301 ) ) ;
#7215 = CARTESIAN_POINT ( 'NONE',  ( 9.999999999977914555, 9.499999999999996447, -5.401923788646685765 ) ) ;
#7216 = CARTESIAN_POINT ( 'NONE',  ( -6.513998442238567499, 7.261723560828599489, 1.185846126156010306E-17 ) ) ;
#7217 = EDGE_CURVE ( 'NONE', #8065, #687, #7055, .T. ) ;
#7218 = EDGE_LOOP ( 'NONE', ( #7970, #5952, #249, #5838 ) ) ;
#7219 = AXIS2_PLACEMENT_3D ( 'NONE', #2082, #4381, #3313 ) ;
#7220 = ORIENTED_EDGE ( 'NONE', *, *, #2599, .T. ) ;
#7221 = CARTESIAN_POINT ( 'NONE',  ( 11.99547114787790925, 7.703645076074113085, -15.97067133341253076 ) ) ;
#7222 = CARTESIAN_POINT ( 'NONE',  ( -35.72859794126885191, -8.413204699879495152, -18.14146719574507571 ) ) ;
#7223 = DIRECTION ( 'NONE',  ( -0.4619936418340661044, -0.8868832363422463061, 0.000000000000000000 ) ) ;
#7224 = DIRECTION ( 'NONE',  ( 0.000000000000000000, 0.000000000000000000, 1.000000000000000000 ) ) ;
#7225 = TOROIDAL_SURFACE ( 'NONE', #3320, 5.196152422706634688, 1.000000000000000000 ) ;
#7226 = CARTESIAN_POINT ( 'NONE',  ( -24.49999999999996803, 6.999999999999992006, -20.00000000000000000 ) ) ;
#7227 = CARTESIAN_POINT ( 'NONE',  ( 39.68673124599420987, 11.00000000000000355, -19.56131320747067193 ) ) ;
#7228 = EDGE_LOOP ( 'NONE', ( #6567, #1941, #6445, #4103, #7830, #6608, #6171 ) ) ;
#7229 = AXIS2_PLACEMENT_3D ( 'NONE', #3121, #499, #2472 ) ;
#7230 = ADVANCED_FACE ( 'NONE', ( #6987 ), #4505, .T. ) ;
#7231 = AXIS2_PLACEMENT_3D ( 'NONE', #1916, #6943, #3843 ) ;
#7232 = CARTESIAN_POINT ( 'NONE',  ( 15.62189644900945318, -7.854609360841980248, -16.33239410455708196 ) ) ;
#7233 = ORIENTED_EDGE ( 'NONE', *, *, #4729, .T. ) ;
#7234 = CARTESIAN_POINT ( 'NONE',  ( -9.662658337379761875, 4.594825558616189909, -1.697990600859194954 ) ) ;
#7235 = CARTESIAN_POINT ( 'NONE',  ( -3.711397965631148210, -10.97660772837097198, -12.50329121693445700 ) ) ;
#7236 = CARTESIAN_POINT ( 'NONE',  ( 37.09399936901148465, 10.99999999999999822, -15.21935650590364553 ) ) ;
#7237 = VECTOR ( 'NONE', #3693, 1000.000000000000000 ) ;
#7238 = CARTESIAN_POINT ( 'NONE',  ( -14.73703864594424040, -6.777777777777779455, -15.99999999999998224 ) ) ;
#7239 = DIRECTION ( 'NONE',  ( 1.000000000000000000, -0.000000000000000000, -0.000000000000000000 ) ) ;
#7240 = CARTESIAN_POINT ( 'NONE',  ( 6.572596758538236550, 6.999999999999996447, 0.000000000000000000 ) ) ;
#7241 = CARTESIAN_POINT ( 'NONE',  ( 6.158917735589468201, 10.88392852247211273, -3.009987730484808388 ) ) ;
#7242 = ORIENTED_EDGE ( 'NONE', *, *, #3796, .F. ) ;
#7243 = ADVANCED_FACE ( 'NONE', ( #4330 ), #7180, .F. ) ;
#7244 = CARTESIAN_POINT ( 'NONE',  ( -6.467682416965887526, 10.99999999999999467, -3.999999999999996447 ) ) ;
#7245 = CARTESIAN_POINT ( 'NONE',  ( 3.893359184411026241, -10.81167026488124350, -13.24123384591997699 ) ) ;
#7246 = CARTESIAN_POINT ( 'NONE',  ( 8.218216517805556620, 9.710658672021759585, -4.656921241805354050 ) ) ;
#7247 = CARTESIAN_POINT ( 'NONE',  ( -2.649238187275575918, -9.886196562445499936, -12.45521375021798782 ) ) ;
#7248 = CARTESIAN_POINT ( 'NONE',  ( -7.001861373795395416, 9.544956636474664080, -2.364942352619308519 ) ) ;
#7249 = CARTESIAN_POINT ( 'NONE',  ( -18.15029362570952998, 7.912649201767763429, -15.92833646609731169 ) ) ;
#7250 = CARTESIAN_POINT ( 'NONE',  ( -35.72367863816916156, -8.409822873524220199, -18.11382720130037427 ) ) ;
#7251 = EDGE_LOOP ( 'NONE', ( #2243, #7209, #2297, #5018 ) ) ;
#7252 = CARTESIAN_POINT ( 'NONE',  ( 21.85542955691053635, -8.880740706054005784, -15.85359174444648112 ) ) ;
#7253 = APPLICATION_CONTEXT ( 'configuration controlled 3d designs of mechanical parts and assemblies' ) ;
#7254 = CARTESIAN_POINT ( 'NONE',  ( -9.713381782386878882, 9.505312299182618219, -5.386728926204658485 ) ) ;
#7255 = CARTESIAN_POINT ( 'NONE',  ( -9.179566257127092399, 11.00000000000015277, -11.45423728898570737 ) ) ;
#7256 = CARTESIAN_POINT ( 'NONE',  ( -22.43592135468139048, -7.768376193217611636, -16.35170952655092336 ) ) ;
#7257 = CARTESIAN_POINT ( 'NONE',  ( -22.43592135468139048, -7.768376193217611636, -16.35170952655092336 ) ) ;
#7258 = CARTESIAN_POINT ( 'NONE',  ( 21.23606797749979691, 11.00000000000000000, -11.99999999999999289 ) ) ;
#7259 = EDGE_LOOP ( 'NONE', ( #3157, #6936, #2509 ) ) ;
#7260 = CARTESIAN_POINT ( 'NONE',  ( 1.181363448697914320, -4.946870286864800015, -1.665553770214853735 ) ) ;
#7261 = ORIENTED_EDGE ( 'NONE', *, *, #6889, .F. ) ;
#7262 =( LENGTH_UNIT ( ) NAMED_UNIT ( * ) SI_UNIT ( .MILLI., .METRE. ) );
#7263 = CARTESIAN_POINT ( 'NONE',  ( 12.89364158791548043, 8.587111128965064566, -14.35974875461710809 ) ) ;
#7264 = CARTESIAN_POINT ( 'NONE',  ( 39.68674982748841273, -10.99999999999999822, -19.56138289286969822 ) ) ;
#7265 = CARTESIAN_POINT ( 'NONE',  ( -36.88768468665451650, -11.00000000000000178, -20.32060012734550725 ) ) ;
#7266 = CARTESIAN_POINT ( 'NONE',  ( -15.62169724614230049, -7.854329591046607995, -16.33244845823195490 ) ) ;
#7267 = SPHERICAL_SURFACE ( 'NONE', #7995, 4.999999999999999112 ) ;
#7268 = CARTESIAN_POINT ( 'NONE',  ( 20.39045740720547073, -11.00000000000000000, -12.63095775561390788 ) ) ;
#7269 = ORIENTED_EDGE ( 'NONE', *, *, #3940, .T. ) ;
#7270 = CARTESIAN_POINT ( 'NONE',  ( -6.637516270862231949, 10.99999999999999112, -4.329464514211858628 ) ) ;
#7271 = EDGE_LOOP ( 'NONE', ( #1777, #6095, #2480, #3379 ) ) ;
#7272 = CARTESIAN_POINT ( 'NONE',  ( -12.75670297090131378, 5.497409855380177568, -15.99999999999998579 ) ) ;
#7273 = CARTESIAN_POINT ( 'NONE',  ( -17.51780490368135901, -9.516437508553355684, -15.87013466854272536 ) ) ;
#7274 = CARTESIAN_POINT ( 'NONE',  ( 12.89540467402263957, 9.741784453842322833, -1.075622765896169453 ) ) ;
#7275 = EDGE_CURVE ( 'NONE', #3584, #1126, #7082, .T. ) ;
#7276 = CARTESIAN_POINT ( 'NONE',  ( 2.522309966726796304, -9.858093143179328166, -12.20195698464084444 ) ) ;
#7277 = CARTESIAN_POINT ( 'NONE',  ( -2.067186237370675528, -5.924078696033977742, -14.42721238330782363 ) ) ;
#7278 = CARTESIAN_POINT ( 'NONE',  ( 9.932809882724944472, 6.234765669401464372, 4.561402361305684286E-14 ) ) ;
#7279 = CARTESIAN_POINT ( 'NONE',  ( 7.383029449897630769, 9.008981176971753158, -0.5223332578537489557 ) ) ;
#7280 = ORIENTED_EDGE ( 'NONE', *, *, #2039, .F. ) ;
#7281 = CARTESIAN_POINT ( 'NONE',  ( -39.99999999999998579, 7.999999999999989342, -45.99999999999997868 ) ) ;
#7282 = CARTESIAN_POINT ( 'NONE',  ( -13.85913262880670693, 8.995644452162602889, -15.47667945378184662 ) ) ;
#7283 = CARTESIAN_POINT ( 'NONE',  ( -3.000896871881090444, -10.55019147721794148, -13.85053317945967066 ) ) ;
#7284 = DIRECTION ( 'NONE',  ( 0.000000000000000000, 0.000000000000000000, -1.000000000000000000 ) ) ;
#7285 = EDGE_CURVE ( 'NONE', #5954, #7466, #5483, .T. ) ;
#7286 = CARTESIAN_POINT ( 'NONE',  ( -16.65189414783198529, 6.974070826629701791, -16.02800759086014182 ) ) ;
#7287 = DIRECTION ( 'NONE',  ( -1.000000000000000000, 0.000000000000000000, 0.000000000000000000 ) ) ;
#7288 = EDGE_CURVE ( 'NONE', #4029, #1385, #5354, .T. ) ;
#7289 = VERTEX_POINT ( 'NONE', #5035 ) ;
#7290 = CARTESIAN_POINT ( 'NONE',  ( -17.13661001875015444, 6.936396715132939761, -16.45612676359920101 ) ) ;
#7291 = DIRECTION ( 'NONE',  ( -1.000000000000000000, -8.673617379884035472E-17, 0.000000000000000000 ) ) ;
#7292 = FACE_OUTER_BOUND ( 'NONE', #3255, .T. ) ;
#7293 = PLANE ( 'NONE',  #6806 ) ;
#7294 = CARTESIAN_POINT ( 'NONE',  ( 7.350761812724416977, 9.886196562445498159, -3.544786249781999299 ) ) ;
#7295 = CARTESIAN_POINT ( 'NONE',  ( 8.590627838147470996, 4.214679052913643531, -15.99999999999998934 ) ) ;
#7296 = CARTESIAN_POINT ( 'NONE',  ( 15.23943774146743024, -11.00000000000000000, -12.00000000644571685 ) ) ;
#7297 = ORIENTED_EDGE ( 'NONE', *, *, #4382, .F. ) ;
#7298 = CARTESIAN_POINT ( 'NONE',  ( 9.903750481353549517, 10.99999999999999822, -4.536000296200645820 ) ) ;
#7299 = ORIENTED_EDGE ( 'NONE', *, *, #7378, .T. ) ;
#7300 = CARTESIAN_POINT ( 'NONE',  ( -3.362483729137765387, -11.00000000000000000, -4.329464514211858628 ) ) ;
#7301 = B_SPLINE_CURVE_WITH_KNOTS ( 'NONE', 3,
 ( #7080, #1556, #2793, #2174, #7803, #2138, #5900, #289, #3981, #2830, #6474, #4714, #4020, #828, #7729, #870 ),
 .UNSPECIFIED., .F., .F.,
 ( 4, 2, 2, 2, 2, 2, 2, 4 ),
 ( 0.000000000000000000, 0.0004868514732665778959, 0.0009737029465331557918, 0.001460554419799733579, 0.001947405893066311584, 0.002434257366332889805, 0.002921108839599467159, 0.003894811786132617963 ),
 .UNSPECIFIED. ) ;
#7302 = CARTESIAN_POINT ( 'NONE',  ( 2.976414308520765939, -10.05027918338149107, -1.402502740066338349 ) ) ;
#7303 = CARTESIAN_POINT ( 'NONE',  ( 32.18348246060916296, -11.00000000000000000, -13.19001088971092450 ) ) ;
#7304 = CARTESIAN_POINT ( 'NONE',  ( -37.00327183572795064, -11.00000000000000178, -21.13860390101710607 ) ) ;
#7305 = DIRECTION ( 'NONE',  ( -1.000000000000000000, -7.796510004390144799E-17, 2.344220913482171656E-16 ) ) ;
#7306 = CARTESIAN_POINT ( 'NONE',  ( -3.814761179923464862, -8.765815405549574280, -0.4013302063628783056 ) ) ;
#7307 = CARTESIAN_POINT ( 'NONE',  ( 21.72499714734468412, -10.99999999999999822, -12.17514814747402063 ) ) ;
#7308 = AXIS2_PLACEMENT_3D ( 'NONE', #910, #2571, #6518 ) ;
#7309 = VERTEX_POINT ( 'NONE', #6300 ) ;
#7310 = CARTESIAN_POINT ( 'NONE',  ( -12.37571130968409427, 10.99999999999999467, -5.409026468812896837 ) ) ;
#7311 = ORIENTED_EDGE ( 'NONE', *, *, #7042, .T. ) ;
#7312 = CIRCLE ( 'NONE', #3529, 3.000000000000002665 ) ;
#7313 = CARTESIAN_POINT ( 'NONE',  ( -8.886325342006070827, 4.901139727704325821, -1.669800188325803125 ) ) ;
#7314 = CARTESIAN_POINT ( 'NONE',  ( -3.845854597488314486, -10.87885856269630303, -13.01052824056564106 ) ) ;
#7315 = CARTESIAN_POINT ( 'NONE',  ( 36.41654811642754908, 11.00000000000000888, -14.62303746685728534 ) ) ;
#7316 = CARTESIAN_POINT ( 'NONE',  ( -15.08400242967974059, -7.476479354284853329, -15.99391709347403356 ) ) ;
#7317 = CARTESIAN_POINT ( 'NONE',  ( -3.153821392684127645, -6.207963348855544794, -15.99999999999998579 ) ) ;
#7318 = CARTESIAN_POINT ( 'NONE',  ( -12.53583504949592609, 10.99999999999999112, -3.486328688793584263 ) ) ;
#7319 = CARTESIAN_POINT ( 'NONE',  ( 6.002256841355463557, 10.02008911957824999, -1.363572405286776590 ) ) ;
#7320 = ORIENTED_EDGE ( 'NONE', *, *, #1131, .F. ) ;
#7321 = CARTESIAN_POINT ( 'NONE',  ( 2.719294289498760175, -9.901707816696681874, -12.59499497265369250 ) ) ;
#7322 = CARTESIAN_POINT ( 'NONE',  ( -12.33246882722385251, 8.388414653741552485, -15.77722118613029068 ) ) ;
#7323 = CARTESIAN_POINT ( 'NONE',  ( -15.68337520964457177, 6.999999999999989342, -16.99999999999998224 ) ) ;
#7324 = CARTESIAN_POINT ( 'NONE',  ( 12.87656992735912986, 8.506687552930475960, -14.39137653873703648 ) ) ;
#7325 = CARTESIAN_POINT ( 'NONE',  ( -16.05188907523961817, 6.555555555555545588, -15.99999999999998579 ) ) ;
#7326 = CARTESIAN_POINT ( 'NONE',  ( 10.81498850422608804, 4.740840815369439909, -14.31537573367174332 ) ) ;
#7327 = VERTEX_POINT ( 'NONE', #7433 ) ;
#7328 = PRODUCT ( 'Patella_v5_Default_sldprt', 'Patella_v5_Default_sldprt', '', ( #5736 ) ) ;
#7329 = DIRECTION ( 'NONE',  ( 1.000000000000000000, 0.000000000000000000, 4.163336342344333240E-14 ) ) ;
#7330 = AXIS2_PLACEMENT_3D ( 'NONE', #2728, #1459, #2608 ) ;
#7331 = EDGE_CURVE ( 'NONE', #1434, #5487, #4050, .T. ) ;
#7332 = CARTESIAN_POINT ( 'NONE',  ( -0.2866182176131208958, -9.505312299182627100, -5.386728926204655821 ) ) ;
#7333 = CARTESIAN_POINT ( 'NONE',  ( 21.23606797749978981, 7.578940846527625119, -15.95788169305524207 ) ) ;
#7334 = CARTESIAN_POINT ( 'NONE',  ( -7.518922901413227500, 6.900016724966099524, -1.479664059276612154 ) ) ;
#7335 = DIRECTION ( 'NONE',  ( 0.000000000000000000, 0.000000000000000000, -1.000000000000000000 ) ) ;
#7336 = AXIS2_PLACEMENT_3D ( 'NONE', #5342, #6610, #1574 ) ;
#7337 = CARTESIAN_POINT ( 'NONE',  ( -19.00000000000000000, -0.9999999999999997780, -14.00000000000000000 ) ) ;
#7338 = ORIENTED_EDGE ( 'NONE', *, *, #4737, .F. ) ;
#7339 = CARTESIAN_POINT ( 'NONE',  ( 12.08583708877216978, 9.769919278061168555, -4.362386354846073289 ) ) ;
#7340 = VERTEX_POINT ( 'NONE', #6820 ) ;
#7341 = CARTESIAN_POINT ( 'NONE',  ( 2.375711309684096051, -11.00000000000000178, -5.409026468812897726 ) ) ;
#7342 = AXIS2_PLACEMENT_3D ( 'NONE', #3601, #1668, #2366 ) ;
#7343 = CARTESIAN_POINT ( 'NONE',  ( 3.986074390629096964, -10.48253136300104771, -2.027690295427564404 ) ) ;
#7344 = CARTESIAN_POINT ( 'NONE',  ( -14.87689437438045204, -10.99999999999999822, -15.71294882877239374 ) ) ;
#7345 = CARTESIAN_POINT ( 'NONE',  ( 11.53080288464857261, 6.906922285551153173, -15.99999999999999289 ) ) ;
#7346 = CARTESIAN_POINT ( 'NONE',  ( -33.61291409301293243, -9.411331964237296788, -15.92462008422493369 ) ) ;
#7347 = CARTESIAN_POINT ( 'NONE',  ( 32.21018289464630158, 10.48216965395748623, -14.21680439518216588 ) ) ;
#7348 = DIRECTION ( 'NONE',  ( 0.000000000000000000, 0.000000000000000000, -1.000000000000000000 ) ) ;
#7349 = CARTESIAN_POINT ( 'NONE',  ( 15.24296485397452372, -10.99999999999999822, -11.99999999999999112 ) ) ;
#7350 = CIRCLE ( 'NONE', #3829, 2.999999999999999112 ) ;
#7351 = ORIENTED_EDGE ( 'NONE', *, *, #6543, .F. ) ;
#7352 = FACE_OUTER_BOUND ( 'NONE', #2986, .T. ) ;
#7353 = CARTESIAN_POINT ( 'NONE',  ( 16.70692911786661128, -8.987916219934749762, -16.00272642666087819 ) ) ;
#7354 = VERTEX_POINT ( 'NONE', #7472 ) ;
#7355 = AXIS2_PLACEMENT_3D ( 'NONE', #3218, #848, #2114 ) ;
#7356 = CARTESIAN_POINT ( 'NONE',  ( -22.23944162252605139, -8.035656804034100986, -16.30169254295018888 ) ) ;
#7357 = CARTESIAN_POINT ( 'NONE',  ( -3.997448375037962354, -10.01629967807943089, -14.64047845154223992 ) ) ;
#7358 = CARTESIAN_POINT ( 'NONE',  ( 13.84005145773904033, 10.88492644900789230, -3.014267166718624047 ) ) ;
#7359 = CARTESIAN_POINT ( 'NONE',  ( -15.30638454371752388, -7.810747978726315210, -15.92533131205959407 ) ) ;
#7360 = DIRECTION ( 'NONE',  ( 0.000000000000000000, 0.000000000000000000, -1.000000000000000000 ) ) ;
#7361 = CARTESIAN_POINT ( 'NONE',  ( 10.21992391647278531, 3.859518906784389358, 0.000000000000000000 ) ) ;
#7362 = CARTESIAN_POINT ( 'NONE',  ( 7.351183736771958799, 10.96962808320845539, -3.312386079680908146 ) ) ;
#7363 = ORIENTED_EDGE ( 'NONE', *, *, #2742, .F. ) ;
#7364 = AXIS2_PLACEMENT_3D ( 'NONE', #5124, #2018, #4518 ) ;
#7365 = CARTESIAN_POINT ( 'NONE',  ( -2.894349469982970824, -8.590512462804497318, -1.641658068445021268 ) ) ;
#7366 = CARTESIAN_POINT ( 'NONE',  ( -12.89540467402246193, 9.741784453842470271, -14.92437723410407280 ) ) ;
#7367 = CARTESIAN_POINT ( 'NONE',  ( -2.535835049495911431, -10.99999999999999822, -12.51367131120640686 ) ) ;
#7368 = CARTESIAN_POINT ( 'NONE',  ( 9.086109764516587362, 11.00000000000000355, -6.151381356276774959 ) ) ;
#7369 = CARTESIAN_POINT ( 'NONE',  ( -1.942387108957187136, -5.718081023176260658, -14.40735659645555167 ) ) ;
#7370 = ORIENTED_EDGE ( 'NONE', *, *, #6831, .T. ) ;
#7371 = CARTESIAN_POINT ( 'NONE',  ( 19.93317940116591913, -9.639664135017648405, -15.87350778114050875 ) ) ;
#7372 = CARTESIAN_POINT ( 'NONE',  ( -8.903991049741138752, 9.587296286378533594, -5.134583898067718977 ) ) ;
#7373 = CARTESIAN_POINT ( 'NONE',  ( -12.37202578095542194, 10.99999999999999289, -10.58809023165606433 ) ) ;
#7374 = CARTESIAN_POINT ( 'NONE',  ( -8.942970878445144933, 4.866931265568581466, -1.672972041959159384 ) ) ;
#7375 = CARTESIAN_POINT ( 'NONE',  ( -22.65040748539360749, -7.421346177441741965, -16.44685399685331006 ) ) ;
#7376 = CARTESIAN_POINT ( 'NONE',  ( 9.999999999971580067, 4.572714414311420228, -14.29999999999999183 ) ) ;
#7377 = CARTESIAN_POINT ( 'NONE',  ( 36.92343350843065508, 11.00000000000000355, -20.52564431528223565 ) ) ;
#7378 = EDGE_CURVE ( 'NONE', #7354, #4545, #6933, .T. ) ;
#7379 = VERTEX_POINT ( 'NONE', #7515 ) ;
#7380 = CARTESIAN_POINT ( 'NONE',  ( 9.855609939711611034, 9.500132411562038470, -5.401541549732231218 ) ) ;
#7381 = VERTEX_POINT ( 'NONE', #3882 ) ;
#7382 = CARTESIAN_POINT ( 'NONE',  ( 3.000896871881004291, -10.55019147721802497, -2.149466820540250733 ) ) ;
#7383 = CARTESIAN_POINT ( 'NONE',  ( 31.00000000000001421, -10.99999999999999645, -11.99999999999999467 ) ) ;
#7384 = CARTESIAN_POINT ( 'NONE',  ( 3.932665910574328905, -9.432762368284928201, -0.8139963232362048551 ) ) ;
#7385 = CARTESIAN_POINT ( 'NONE',  ( -12.72297445050643638, 9.902522649566266821, -3.397662091991350497 ) ) ;
#7386 = DIRECTION ( 'NONE',  ( -1.000000000000000000, -7.796510004390144799E-17, 2.344220913482171656E-16 ) ) ;
#7387 = CARTESIAN_POINT ( 'NONE',  ( -6.467682416965889303, 10.99999999999999645, -3.999999999999996447 ) ) ;
#7388 = B_SPLINE_CURVE_WITH_KNOTS ( 'NONE', 3,
 ( #77, #3230, #7554, #1917, #7516, #7434, #4992, #3804, #1959, #5036, #2539, #6821, #614, #654, #3190, #2417 ),
 .UNSPECIFIED., .F., .F.,
 ( 4, 2, 2, 2, 2, 2, 2, 4 ),
 ( 0.000000000000000000, 0.0004868514732665776249, 0.0009737029465331552497, 0.001460554419799732929, 0.001947405893066310499, 0.002434257366332888070, 0.002921108839599465858, 0.003894811786132616662 ),
 .UNSPECIFIED. ) ;
#7389 = EDGE_CURVE ( 'NONE', #1585, #3274, #5152, .T. ) ;
#7390 = ORIENTED_EDGE ( 'NONE', *, *, #4839, .T. ) ;
#7391 = CARTESIAN_POINT ( 'NONE',  ( 19.00000000000000000, 3.000000000000000000, -16.99999999999999289 ) ) ;
#7392 = CARTESIAN_POINT ( 'NONE',  ( 18.12177010202402982, -9.649184560596420823, -15.87376987752727509 ) ) ;
#7393 = ORIENTED_EDGE ( 'NONE', *, *, #5103, .F. ) ;
#7394 = CARTESIAN_POINT ( 'NONE',  ( -22.31657546427431527, -7.938089799560685833, -16.31726157877551842 ) ) ;
#7395 = CARTESIAN_POINT ( 'NONE',  ( 6.030797447783839083, 10.60733514610312866, -13.74815616928573370 ) ) ;
#7396 = CARTESIAN_POINT ( 'NONE',  ( 2.521962188292123486, -9.858016140883213652, -3.798736929143154750 ) ) ;
#7397 = DIRECTION ( 'NONE',  ( 1.000000000000000000, 1.559302000878028960E-16, -2.344220913482171656E-16 ) ) ;
#7398 = CARTESIAN_POINT ( 'NONE',  ( -2.067527229034880509, -5.945751126595218317, -1.570770761049488540 ) ) ;
#7399 = CARTESIAN_POINT ( 'NONE',  ( 8.283865799810353536, 7.160681696376486549, -1.396079858161186379E-13 ) ) ;
#7400 = DIRECTION ( 'NONE',  ( -2.344220913482171656E-16, -0.000000000000000000, -1.000000000000000000 ) ) ;
#7401 = ORIENTED_EDGE ( 'NONE', *, *, #1387, .F. ) ;
#7402 = CARTESIAN_POINT ( 'NONE',  ( 13.30809748706594853, 6.600349521458937829, -0.000000000000000000 ) ) ;
#7403 = CARTESIAN_POINT ( 'NONE',  ( -6.105799568666450128, 10.81029943633422796, -13.24557711731747389 ) ) ;
#7404 = CARTESIAN_POINT ( 'NONE',  ( 12.89279439001560945, 9.840009727598573619, -2.942663032056092476 ) ) ;
#7405 = CARTESIAN_POINT ( 'NONE',  ( 11.25945091894745964, 4.978923083877822009, -14.33739197704859514 ) ) ;
#7406 = ORIENTED_EDGE ( 'NONE', *, *, #227, .F. ) ;
#7407 = CARTESIAN_POINT ( 'NONE',  ( -11.76103504076850470, 10.99999999999999289, -10.17268114160752290 ) ) ;
#7408 = AXIS2_PLACEMENT_3D ( 'NONE', #3666, #1617, #1004 ) ;
#7409 = FACE_OUTER_BOUND ( 'NONE', #7600, .T. ) ;
#7410 = CARTESIAN_POINT ( 'NONE',  ( -8.114828648031384262, 5.658110321167345802, -1.598312730234834556 ) ) ;
#7411 = DIRECTION ( 'NONE',  ( -1.000000000000000000, -0.000000000000000000, -0.000000000000000000 ) ) ;
#7412 = CARTESIAN_POINT ( 'NONE',  ( -11.51029661524112768, 5.215965318954515872, -14.35966895748179972 ) ) ;
#7413 = CARTESIAN_POINT ( 'NONE',  ( 12.64923818727557858, 9.886196562445498159, -12.45521375021799315 ) ) ;
#7414 = CARTESIAN_POINT ( 'NONE',  ( -36.99999999999998579, -8.000000000000003553, -45.99999999999997868 ) ) ;
#7415 = EDGE_LOOP ( 'NONE', ( #3455, #6726, #7794, #7884 ) ) ;
#7416 = CARTESIAN_POINT ( 'NONE',  ( 11.66776490430719271, 9.688975704383741672, -4.751553040197830313 ) ) ;
#7417 = VERTEX_POINT ( 'NONE', #2537 ) ;
#7418 = CARTESIAN_POINT ( 'NONE',  ( 12.88081169908427093, 9.849674462653727147, -13.01898916802968209 ) ) ;
#7419 = CARTESIAN_POINT ( 'NONE',  ( 31.48039451934537070, -10.99999999999947242, -12.48042012653059629 ) ) ;
#7420 = CARTESIAN_POINT ( 'NONE',  ( 13.15382139268421824, 6.207963348855543906, -15.99999999999998934 ) ) ;
#7421 = DIRECTION ( 'NONE',  ( 0.000000000000000000, 0.000000000000000000, 1.000000000000000000 ) ) ;
#7422 = DIRECTION ( 'NONE',  ( -1.000000000000000000, -1.559302000878028960E-16, 2.344220913482171656E-16 ) ) ;
#7423 = CARTESIAN_POINT ( 'NONE',  ( -18.61611759237174013, 8.001184040955376275, -15.91353826427682705 ) ) ;
#7424 = ORIENTED_EDGE ( 'NONE', *, *, #1341, .F. ) ;
#7425 = CARTESIAN_POINT ( 'NONE',  ( 13.99744837503796369, 10.01629967807942734, -14.64047845154224703 ) ) ;
#7426 = CARTESIAN_POINT ( 'NONE',  ( 15.81450461028463117, -8.098664153438571489, -16.29300062825379669 ) ) ;
#7427 = ORIENTED_EDGE ( 'NONE', *, *, #6577, .T. ) ;
#7428 = EDGE_CURVE ( 'NONE', #4744, #3785, #2273, .T. ) ;
#7429 = CARTESIAN_POINT ( 'NONE',  ( -21.58505356231583150, -8.806931057671105734, -16.00222021855449839 ) ) ;
#7430 = CARTESIAN_POINT ( 'NONE',  ( 6.140059117138494393, 9.000126653765454066, -15.47399148878962549 ) ) ;
#7431 = CIRCLE ( 'NONE', #263, 2.999999999999999112 ) ;
#7432 = DIRECTION ( 'NONE',  ( -0.9229582069908977005, 0.3849001794597494697, 0.000000000000000000 ) ) ;
#7433 = CARTESIAN_POINT ( 'NONE',  ( 40.00000000000001421, -7.999999999999996447, -36.50000000000000000 ) ) ;
#7434 = CARTESIAN_POINT ( 'NONE',  ( 7.014920379531127459, 9.641239114281971112, -2.503794577289890189 ) ) ;
#7435 = CARTESIAN_POINT ( 'NONE',  ( -9.523760717176658730, 11.00000000000015277, -4.554932627937977152 ) ) ;
#7436 = CIRCLE ( 'NONE', #2998, 4.000000000000000000 ) ;
#7437 = CARTESIAN_POINT ( 'NONE',  ( 7.350761812724420530, 9.886196562445496383, -12.45521375021799315 ) ) ;
#7438 = ORIENTED_EDGE ( 'NONE', *, *, #8062, .T. ) ;
#7439 = CARTESIAN_POINT ( 'NONE',  ( 2.894349469982945955, -8.590512462804497318, -14.35834193155510263 ) ) ;
#7440 = CARTESIAN_POINT ( 'NONE',  ( 31.58606928961107840, -10.86691347969300026, -13.14875127186467374 ) ) ;
#7441 = CARTESIAN_POINT ( 'NONE',  ( 44.50000000000002842, 7.000000000000002665, -36.50000000000000000 ) ) ;
#7442 = CARTESIAN_POINT ( 'NONE',  ( 37.00000000000001421, -6.999999999999995559, -22.00000000000000000 ) ) ;
#7443 = CARTESIAN_POINT ( 'NONE',  ( 11.94238710895094258, 5.718081023166300625, -14.40735659645459776 ) ) ;
#7444 = ORIENTED_EDGE ( 'NONE', *, *, #843, .F. ) ;
#7445 = DIRECTION ( 'NONE',  ( -2.344220913482171656E-16, -0.000000000000000000, -1.000000000000000000 ) ) ;
#7446 = FACE_OUTER_BOUND ( 'NONE', #355, .T. ) ;
#7447 = CARTESIAN_POINT ( 'NONE',  ( -11.87640068637570856, 10.99999999999999289, -11.83927667814685769 ) ) ;
#7448 = CARTESIAN_POINT ( 'NONE',  ( -0.1925200801982878407, -11.00000000000000000, -9.732458529457176155 ) ) ;
#7449 = CARTESIAN_POINT ( 'NONE',  ( 37.71325593607466686, -10.99999999999999645, -15.87168134994365332 ) ) ;
#7450 = CARTESIAN_POINT ( 'NONE',  ( -19.15961941250640521, 7.386196404350336309, -16.40033249044079966 ) ) ;
#7451 = CARTESIAN_POINT ( 'NONE',  ( -18.62732242655125958, 10.99999999999999289, -12.04265322869913035 ) ) ;
#7452 = CARTESIAN_POINT ( 'NONE',  ( 36.84087575760810296, 8.087038008401261635, -20.54413335893587345 ) ) ;
#7453 = ORIENTED_EDGE ( 'NONE', *, *, #5190, .F. ) ;
#7454 = CARTESIAN_POINT ( 'NONE',  ( 8.675297340276122426, 9.627295107139538288, -4.993290633005532442 ) ) ;
#7455 = ORIENTED_EDGE ( 'NONE', *, *, #6288, .T. ) ;
#7456 =( BOUNDED_SURFACE ( )  B_SPLINE_SURFACE ( 3, 2, ( 
 ( #3490, #6555, #2838 ),
 ( #5256, #7697, #2720 ),
 ( #2148, #4683, #4649 ),
 ( #4766, #1492, #6480 ),
 ( #7129, #4026, #6520 ),
 ( #914, #5907, #297 ),
 ( #2801, #5295, #7249 ),
 ( #7774, #3453, #2181 ),
 ( #7166, #1564, #2222 ),
 ( #371, #336, #5329 ) ),
 .UNSPECIFIED., .F., .F., .F. ) 
 B_SPLINE_SURFACE_WITH_KNOTS ( ( 4, 2, 2, 2, 4 ),
 ( 3, 3 ),
 ( 0.007470717938689613868, 0.008583155230736643632, 0.009695592522783673395, 0.01080802981483070316, 0.01192046710687773292 ),
 ( 0.000000000000000000, 0.9257088987186699036 ),
 .UNSPECIFIED. ) 
 GEOMETRIC_REPRESENTATION_ITEM ( )  RATIONAL_B_SPLINE_SURFACE ( (
 ( 1.000000000000000000, 0.7288661409700323279, 0.9597143340360136943),
 ( 1.000000000000000000, 0.7418443825820330018, 0.9616426697601150320),
 ( 1.000000000000000000, 0.7535461989517624470, 0.9633813514103131137),
 ( 1.000000000000000000, 0.7701503003049912088, 0.9658484253609496140),
 ( 1.000000000000000000, 0.7749048749170730499, 0.9665548705290611942),
 ( 1.000000000000000000, 0.7749229090415162835, 0.9665575500789922447),
 ( 1.000000000000000000, 0.7701826259296847832, 0.9658532283734657664),
 ( 1.000000000000000000, 0.7535674844914744819, 0.9633845140626864367),
 ( 1.000000000000000000, 0.7418439831096786952, 0.9616426104056327029),
 ( 1.000000000000000000, 0.7288661409700322169, 0.9597143340360135833) ) ) 
 REPRESENTATION_ITEM ( '' )  SURFACE ( )  );
#7457 = CARTESIAN_POINT ( 'NONE',  ( 2.971500034693936421, -9.025123179581166610, -1.876215600492009195 ) ) ;
#7458 = AXIS2_PLACEMENT_3D ( 'NONE', #305, #4149, #2191 ) ;
#7459 = CARTESIAN_POINT ( 'NONE',  ( -17.61049963481147884, -11.00000000000000178, -12.62536714572781094 ) ) ;
#7460 = LINE ( 'NONE', #3669, #7484 ) ;
#7461 = FACE_OUTER_BOUND ( 'NONE', #199, .T. ) ;
#7462 = CARTESIAN_POINT ( 'NONE',  ( -19.00000000000000000, -5.000000000000000000, -14.00000000000000000 ) ) ;
#7463 = CARTESIAN_POINT ( 'NONE',  ( -21.23606797749981823, 7.578940846527619790, -15.95788169305523141 ) ) ;
#7464 = AXIS2_PLACEMENT_3D ( 'NONE', #7097, #262, #2763 ) ;
#7465 = AXIS2_PLACEMENT_3D ( 'NONE', #5682, #1307, #3069 ) ;
#7466 = VERTEX_POINT ( 'NONE', #6901 ) ;
#7467 = B_SPLINE_CURVE_WITH_KNOTS ( 'NONE', 3,
 ( #2027, #1411, #58, #5056, #7537, #3250, #2682, #134, #2600, #6320, #7006, #796, #6965, #7659, #1289, #7619, #1939, #717, #4437, #3125, #4526, #673, #177, #1450, #5177, #2639 ),
 .UNSPECIFIED., .F., .F.,
 ( 4, 2, 2, 2, 2, 2, 2, 2, 2, 2, 2, 2, 4 ),
 ( 0.000000000000000000, 0.001095457394396778675, 0.001643186091595169856, 0.002190914788793561253, 0.002738643485991952217, 0.003286372183190343615, 0.003834100880388734579, 0.004381829577587125976, 0.005477286971983907904, 0.006572744366380691566, 0.007120473063579080795, 0.007668201760777469157, 0.008763659155174248483 ),
 .UNSPECIFIED. ) ;
#7468 = DIRECTION ( 'NONE',  ( 0.000000000000000000, 0.000000000000000000, 1.000000000000000000 ) ) ;
#7469 = CARTESIAN_POINT ( 'NONE',  ( 15.68342453572375561, -7.938089799558079918, -16.31726157877606198 ) ) ;
#7470 = CARTESIAN_POINT ( 'NONE',  ( -13.85905796965359116, 8.995376964506380801, -0.5233028693294282663 ) ) ;
#7471 = CIRCLE ( 'NONE', #820, 20.00000000000000000 ) ;
#7472 = CARTESIAN_POINT ( 'NONE',  ( 21.76385399196283643, 6.333333333333331261, -16.49999999999999645 ) ) ;
#7473 = CARTESIAN_POINT ( 'NONE',  ( -2.367754059854577431, -6.564515399815201491, -1.511570294217443378 ) ) ;
#7474 = EDGE_CURVE ( 'NONE', #3465, #5840, #5073, .T. ) ;
#7475 = CARTESIAN_POINT ( 'NONE',  ( -13.53231758303411247, 10.99999999999999289, -3.999999999999997335 ) ) ;
#7476 = VECTOR ( 'NONE', #4397, 1000.000000000000000 ) ;
#7477 = EDGE_CURVE ( 'NONE', #4758, #2642, #3229, .T. ) ;
#7478 = DIRECTION ( 'NONE',  ( -1.000000000000000000, 0.000000000000000000, 2.344220913482171656E-16 ) ) ;
#7479 = ORIENTED_EDGE ( 'NONE', *, *, #6622, .F. ) ;
#7480 = CARTESIAN_POINT ( 'NONE',  ( 3.658926613258893124, -8.028507119645269086, -15.87416922887849680 ) ) ;
#7481 = CARTESIAN_POINT ( 'NONE',  ( -3.844934532814868078, -10.87978259747000642, -2.993342821861697090 ) ) ;
#7482 = CARTESIAN_POINT ( 'NONE',  ( 34.73844374262781542, -8.781444064154474205, -16.98767313720748717 ) ) ;
#7483 = CARTESIAN_POINT ( 'NONE',  ( 2.208511807401268724E-11, -9.500000000000000000, -5.401923788646685765 ) ) ;
#7484 = VECTOR ( 'NONE', #3626, 1000.000000000000000 ) ;
#7485 = DIRECTION ( 'NONE',  ( 1.000000000000000000, 7.796510004390144799E-17, -0.000000000000000000 ) ) ;
#7486 = CARTESIAN_POINT ( 'NONE',  ( -8.740549081036864010, 4.978923083889878143, -14.33739197704971780 ) ) ;
#7487 = CARTESIAN_POINT ( 'NONE',  ( 21.96853772555720852, -8.687890124386209223, -15.91248118250170762 ) ) ;
#7488 = EDGE_CURVE ( 'NONE', #7509, #978, #7873, .T. ) ;
#7489 = ORIENTED_EDGE ( 'NONE', *, *, #3042, .F. ) ;
#7490 = CARTESIAN_POINT ( 'NONE',  ( -30.99999999999999289, -11.00000000000000355, -21.99999999999998224 ) ) ;
#7491 = EDGE_CURVE ( 'NONE', #1615, #4914, #4499, .T. ) ;
#7492 = AXIS2_PLACEMENT_3D ( 'NONE', #5087, #1975, #7045 ) ;
#7493 = CARTESIAN_POINT ( 'NONE',  ( 22.62271660029529485, -7.872293614545849749, -15.95566188237213368 ) ) ;
#7494 = CARTESIAN_POINT ( 'NONE',  ( -8.409202641127301092, 4.320739156877393405, 0.000000000000000000 ) ) ;
#7495 = CARTESIAN_POINT ( 'NONE',  ( 35.29498591731442048, -11.00000000000025757, -16.76248605958341642 ) ) ;
#7496 = CARTESIAN_POINT ( 'NONE',  ( -20.68465069439834636, 7.291428613425464889, -16.02272673023309224 ) ) ;
#7497 = CARTESIAN_POINT ( 'NONE',  ( 7.350761812724420530, 9.886196562445496383, -12.45521375021799315 ) ) ;
#7498 = AXIS2_PLACEMENT_3D ( 'NONE', #6833, #3731, #3979 ) ;
#7499 = DIRECTION ( 'NONE',  ( 1.000000000000000000, 8.673617379884032514E-16, 0.000000000000000000 ) ) ;
#7500 = ORIENTED_EDGE ( 'NONE', *, *, #6831, .F. ) ;
#7501 = CARTESIAN_POINT ( 'NONE',  ( -12.89364158791548576, 8.587111128965043250, -1.640251245382910783 ) ) ;
#7502 = ORIENTED_EDGE ( 'NONE', *, *, #2742, .T. ) ;
#7503 = CARTESIAN_POINT ( 'NONE',  ( 6.514209088220246358, 7.260782712205754663, 1.369149127433524953E-17 ) ) ;
#7504 = CARTESIAN_POINT ( 'NONE',  ( -19.84597255485150669, -11.00000000000000178, -12.81088238925016576 ) ) ;
#7505 = CARTESIAN_POINT ( 'NONE',  ( 3.990552573289257055, -10.47956099835827892, -2.009030215737638070 ) ) ;
#7506 = DIRECTION ( 'NONE',  ( -1.000000000000000000, 0.000000000000000000, 2.344220913482171656E-16 ) ) ;
#7507 = CARTESIAN_POINT ( 'NONE',  ( 31.00000000000001421, -10.99999999999999645, -11.99999999999999467 ) ) ;
#7508 = FACE_OUTER_BOUND ( 'NONE', #261, .T. ) ;
#7509 = VERTEX_POINT ( 'NONE', #6461 ) ;
#7510 = CARTESIAN_POINT ( 'NONE',  ( 13.65875618180493944, 8.027738148435410892, -15.87436822819592663 ) ) ;
#7511 = CARTESIAN_POINT ( 'NONE',  ( 17.17083025376860661, -9.209061503694718098, -16.00342176939182792 ) ) ;
#7512 = CARTESIAN_POINT ( 'NONE',  ( -7.243751682653615909, 5.473445835946201932, -15.99999999999998224 ) ) ;
#7513 = DIRECTION ( 'NONE',  ( 0.9582143447964123206, -0.2860511657490358295, 0.000000000000000000 ) ) ;
#7514 = DIRECTION ( 'NONE',  ( -0.7416198487095689851, -1.734723475976803939E-15, -0.6708203932499339217 ) ) ;
#7515 = CARTESIAN_POINT ( 'NONE',  ( 2.649238187275583911, -9.886196562445499936, -3.544786249782000631 ) ) ;
#7516 = CARTESIAN_POINT ( 'NONE',  ( 7.067380198845577333, 9.787624904361919675, -2.791010263154654059 ) ) ;
#7517 = CARTESIAN_POINT ( 'NONE',  ( -10.14439006028823087, 9.500132411562068668, -5.401541549732214342 ) ) ;
#7518 = DIRECTION ( 'NONE',  ( 1.000000000000000000, 0.000000000000000000, 0.000000000000000000 ) ) ;
#7519 = ORIENTED_EDGE ( 'NONE', *, *, #4585, .F. ) ;
#7520 = CARTESIAN_POINT ( 'NONE',  ( 14.20416847668727378, -6.999999999999999112, -15.99999999999998934 ) ) ;
#7521 = EDGE_CURVE ( 'NONE', #6206, #8065, #844, .T. ) ;
#7522 = CARTESIAN_POINT ( 'NONE',  ( 31.95404101061100732, -10.66048371380327708, -13.80433346832533381 ) ) ;
#7523 = CARTESIAN_POINT ( 'NONE',  ( 19.64830403261368375, 7.347729217581549399, -16.40426683921748818 ) ) ;
#7524 = CARTESIAN_POINT ( 'NONE',  ( -0.7037001363950831090, -10.99999999999999822, -11.44703134181893134 ) ) ;
#7525 = DIRECTION ( 'NONE',  ( 1.000000000000000000, 0.000000000000000000, 0.000000000000000000 ) ) ;
#7526 = CARTESIAN_POINT ( 'NONE',  ( 22.76713341417639214, -10.99999999999999822, -12.00000000196183336 ) ) ;
#7527 = ORIENTED_EDGE ( 'NONE', *, *, #3876, .T. ) ;
#7528 = DIRECTION ( 'NONE',  ( 1.000000000000000000, 0.000000000000000000, 0.000000000000000000 ) ) ;
#7529 = CARTESIAN_POINT ( 'NONE',  ( 22.38818496787050805, -8.115663967930725420, -15.98716881317188943 ) ) ;
#7530 = CARTESIAN_POINT ( 'NONE',  ( -11.53494398606816773, 6.912734961844067882, -15.99999999999998401 ) ) ;
#7531 = DIRECTION ( 'NONE',  ( 0.000000000000000000, 0.000000000000000000, -1.000000000000000000 ) ) ;
#7532 = EDGE_CURVE ( 'NONE', #3663, #1666, #1230, .T. ) ;
#7533 = CARTESIAN_POINT ( 'NONE',  ( 18.83200102668845943, -9.502768175512938953, -16.17365564070194139 ) ) ;
#7534 = CARTESIAN_POINT ( 'NONE',  ( 35.84888719436963811, -8.375504344011236668, -18.31276820371849823 ) ) ;
#7535 = CARTESIAN_POINT ( 'NONE',  ( 10.81360787815451374, 3.968364123520518927, -15.99999999999998934 ) ) ;
#7536 = EDGE_CURVE ( 'NONE', #3100, #1073, #5933, .T. ) ;
#7537 = CARTESIAN_POINT ( 'NONE',  ( 12.65432688531187289, 10.99999999999999645, -10.83109390675403461 ) ) ;
#7538 = CARTESIAN_POINT ( 'NONE',  ( 35.72859794126883770, 8.413204699879237580, -18.14146719574511835 ) ) ;
#7539 = VERTEX_POINT ( 'NONE', #3270 ) ;
#7540 = CARTESIAN_POINT ( 'NONE',  ( -12.71948854189618494, 9.901750826710246756, -3.404617440246731519 ) ) ;
#7541 = ORIENTED_EDGE ( 'NONE', *, *, #7017, .T. ) ;
#7542 = CARTESIAN_POINT ( 'NONE',  ( -19.00000000000000000, 3.000000000000000000, -15.99999999999998224 ) ) ;
#7543 = CARTESIAN_POINT ( 'NONE',  ( -16.40007764851510430, -11.00000000000029132, -14.89902097281082582 ) ) ;
#7544 = CARTESIAN_POINT ( 'NONE',  ( -19.00000000000000000, 3.000000000000000000, -14.00000000000000000 ) ) ;
#7545 = CARTESIAN_POINT ( 'NONE',  ( -31.76474785883170426, -10.78333516302015482, -13.47976115156361487 ) ) ;
#7546 = CARTESIAN_POINT ( 'NONE',  ( -1.876162204679900025, -7.463084600370360810, -15.99999999999998579 ) ) ;
#7547 = CARTESIAN_POINT ( 'NONE',  ( 20.59848758767414978, 11.00000000000000000, -15.34947710514193098 ) ) ;
#7548 = EDGE_LOOP ( 'NONE', ( #1003, #373, #1831, #2564, #800 ) ) ;
#7549 = CARTESIAN_POINT ( 'NONE',  ( 10.94650430992850865, 9.568536181629530901, -10.80620272994968367 ) ) ;
#7550 = CARTESIAN_POINT ( 'NONE',  ( -16.77908466418915623, -9.220954292161444243, -15.86230468740060573 ) ) ;
#7551 = CARTESIAN_POINT ( 'NONE',  ( 2.787944968298085691, -9.897332512219456646, -12.75402634367162591 ) ) ;
#7552 = CARTESIAN_POINT ( 'NONE',  ( 11.99498319447853589, 7.702661225433770298, -0.02920871404083448530 ) ) ;
#7553 = CARTESIAN_POINT ( 'NONE',  ( -41.49999999999996447, -0.000000000000000000, -33.49999999999999289 ) ) ;
#7554 = CARTESIAN_POINT ( 'NONE',  ( 7.213006970332834555, 9.897566259887955908, -3.248388410334456022 ) ) ;
#7555 = CARTESIAN_POINT ( 'NONE',  ( -11.76866366653020535, 10.99999999999999289, -4.230069401329064505 ) ) ;
#7556 = DIRECTION ( 'NONE',  ( 0.000000000000000000, 0.000000000000000000, 1.000000000000000000 ) ) ;
#7557 = ORIENTED_EDGE ( 'NONE', *, *, #3033, .F. ) ;
#7558 = AXIS2_PLACEMENT_3D ( 'NONE', #6950, #826, #5 ) ;
#7559 = CARTESIAN_POINT ( 'NONE',  ( 2.860279995512295947, -8.432719171582570894, -14.41852772454234177 ) ) ;
#7560 = B_SPLINE_CURVE_WITH_KNOTS ( 'NONE', 3,
 ( #4684, #6598, #994, #4650, #412, #7208, #3491, #372, #1565, #2263, #4142, #2876, #1530, #7250, #5873, #1033, #6521, #2759, #7739, #2149, #3413, #5909 ),
 .UNSPECIFIED., .F., .F.,
 ( 4, 2, 2, 2, 2, 2, 2, 2, 2, 2, 4 ),
 ( -1.698499364856804046E-05, 0.001539996042538182034, 0.002318486560631550109, 0.003096977078724918835, 0.004653958114911648479, 0.006210939151098378123, 0.007767920187285107768, 0.009324901223471838280, 0.01010339174156520657, 0.01088188225965857660, 0.01243886329584531145 ),
 .UNSPECIFIED. ) ;
#7561 = CARTESIAN_POINT ( 'NONE',  ( -40.49999999999996447, -7.000000000000002665, -36.50000000000000000 ) ) ;
#7562 = CARTESIAN_POINT ( 'NONE',  ( -11.79240087538940607, 9.711816058597278811, -11.34147104560412522 ) ) ;
#7563 = CARTESIAN_POINT ( 'NONE',  ( -40.49999999999996447, 6.999999999999989342, -36.50000000000000000 ) ) ;
#7564 = CARTESIAN_POINT ( 'NONE',  ( 40.50000000000002132, 7.000000000000002665, -36.50000000000000000 ) ) ;
#7565 = CARTESIAN_POINT ( 'NONE',  ( 20.84128760595327279, -9.355555108412303866, -15.89193223044579106 ) ) ;
#7566 = CIRCLE ( 'NONE', #1311, 1.000000000000000222 ) ;
#7567 = DIRECTION ( 'NONE',  ( 1.000000000000000000, -1.802777518484590049E-15, 0.000000000000000000 ) ) ;
#7568 = PERSON_AND_ORGANIZATION ( #5322, #1416 ) ;
#7569 = CARTESIAN_POINT ( 'NONE',  ( 20.15046464661500636, -9.352058304639802699, -16.18262615085907541 ) ) ;
#7570 = CARTESIAN_POINT ( 'NONE',  ( -11.88517135196861041, 5.658110321167251655, -14.40168726976509461 ) ) ;
#7571 = CARTESIAN_POINT ( 'NONE',  ( 6.467682416965887526, 10.99999999999999822, -3.999999999999996447 ) ) ;
#7572 = CARTESIAN_POINT ( 'NONE',  ( 22.23881510224250846, -8.036432239472100392, -16.30157346673567886 ) ) ;
#7573 = CARTESIAN_POINT ( 'NONE',  ( -39.99999999999998579, 10.99999999999998934, -36.50000000000000000 ) ) ;
#7574 = CARTESIAN_POINT ( 'NONE',  ( 9.678958014407170296, 4.592914712726541282, -14.30183628695426457 ) ) ;
#7575 = LINE ( 'NONE', #1979, #3268 ) ;
#7576 = CARTESIAN_POINT ( 'NONE',  ( 35.67825765629781642, 11.00000000000000178, -17.34217246373409438 ) ) ;
#7577 = ORIENTED_EDGE ( 'NONE', *, *, #2540, .F. ) ;
#7578 = CARTESIAN_POINT ( 'NONE',  ( -13.96200004797643679, 9.641772363845189986, -0.9845850152948921741 ) ) ;
#7579 = ORIENTED_EDGE ( 'NONE', *, *, #6434, .T. ) ;
#7580 = EDGE_CURVE ( 'NONE', #394, #4959, #6417, .T. ) ;
#7581 = CARTESIAN_POINT ( 'NONE',  ( 2.990190976165702619, -10.60003545801482261, -2.246669402391573200 ) ) ;
#7582 = CARTESIAN_POINT ( 'NONE',  ( -16.03146227444196725, -8.687890124385930335, -15.91248118250157972 ) ) ;
#7583 = DIRECTION ( 'NONE',  ( 1.559302000878028960E-16, -1.000000000000000000, 0.000000000000000000 ) ) ;
#7584 = CARTESIAN_POINT ( 'NONE',  ( -22.83445865439353284, -7.055291161329393823, -16.49999999592047928 ) ) ;
#7585 = CARTESIAN_POINT ( 'NONE',  ( -2.743266385896212523, -7.938965573688729016, -14.53862367573803560 ) ) ;
#7586 = CARTESIAN_POINT ( 'NONE',  ( 17.40094959703384347, 11.00000000000029310, -15.34967362419800452 ) ) ;
#7587 = VERTEX_POINT ( 'NONE', #2204 ) ;
#7588 = CIRCLE ( 'NONE', #2119, 1.000000000000001776 ) ;
#7589 = CARTESIAN_POINT ( 'NONE',  ( 6.850646991616381243, 10.99999999999999645, -11.36371762557251053 ) ) ;
#7590 = EDGE_CURVE ( 'NONE', #7379, #598, #5717, .T. ) ;
#7591 = CARTESIAN_POINT ( 'NONE',  ( 19.34029607286608510, -9.584760408158228273, -16.00401504812700182 ) ) ;
#7592 = CARTESIAN_POINT ( 'NONE',  ( -20.82916974622952466, -9.209061503695783912, -16.00342176939147620 ) ) ;
#7593 = DIRECTION ( 'NONE',  ( -0.000000000000000000, -1.000000000000000000, -0.000000000000000000 ) ) ;
#7594 = CARTESIAN_POINT ( 'NONE',  ( -1.987664068547005947, -9.750525741803203417, -4.464985452066280835 ) ) ;
#7595 = AXIS2_PLACEMENT_3D ( 'NONE', #8087, #7400, #1797 ) ;
#7596 = DIRECTION ( 'NONE',  ( 1.000000000000000000, 8.673617379884036705E-17, 0.000000000000000000 ) ) ;
#7597 = CARTESIAN_POINT ( 'NONE',  ( 2.365366043582439293, -6.557067913399513337, -1.512275656577952487 ) ) ;
#7598 = CARTESIAN_POINT ( 'NONE',  ( -8.928115213189888877, 9.583588627916004299, -5.146749788875347953 ) ) ;
#7599 = CARTESIAN_POINT ( 'NONE',  ( 7.299864898832644222, 9.205840200480174929, -15.35383197665008659 ) ) ;
#7600 = EDGE_LOOP ( 'NONE', ( #8048, #6467, #1293, #4610 ) ) ;
#7601 = AXIS2_PLACEMENT_3D ( 'NONE', #7924, #2335, #6593 ) ;
#7602 = CARTESIAN_POINT ( 'NONE',  ( -36.01648823858121062, 10.99999999999999467, -17.92491404915390518 ) ) ;
#7603 = CARTESIAN_POINT ( 'NONE',  ( 18.84038058749359834, 7.386196404350330980, -16.40033249044080677 ) ) ;
#7604 = DIRECTION ( 'NONE',  ( 0.000000000000000000, 0.000000000000000000, -1.000000000000000000 ) ) ;
#7605 = CARTESIAN_POINT ( 'NONE',  ( 19.32218953110364978, 7.386081689476109879, -16.40034468264231293 ) ) ;
#7606 = CARTESIAN_POINT ( 'NONE',  ( -1.537668969500480376, -11.00000000000000000, -11.64676510012867006 ) ) ;
#7607 = VECTOR ( 'NONE', #4863, 1000.000000000000000 ) ;
#7608 = CARTESIAN_POINT ( 'NONE',  ( 44.50000000000002842, -10.99999999999999645, -20.00000000000000000 ) ) ;
#7609 = CARTESIAN_POINT ( 'NONE',  ( 22.27285635905161953, -10.99999999999941025, -15.09142016366217298 ) ) ;
#7610 = CARTESIAN_POINT ( 'NONE',  ( -12.93338598540918838, 9.786307275870221645, -13.21226104174688842 ) ) ;
#7611 = CARTESIAN_POINT ( 'NONE',  ( 22.63339873901788835, -7.861851490558671607, -15.95262770462883140 ) ) ;
#7612 = VECTOR ( 'NONE', #3418, 1000.000000000000000 ) ;
#7613 = CARTESIAN_POINT ( 'NONE',  ( -10.94677674275946622, 6.396650084606507747, -15.99999999999998224 ) ) ;
#7614 = CARTESIAN_POINT ( 'NONE',  ( -44.49999999999997158, -11.00000000000000355, -33.49999999999999289 ) ) ;
#7615 = CARTESIAN_POINT ( 'NONE',  ( -10.39410451799926172, 6.208967420295447681, -2.724313354207499065E-13 ) ) ;
#7616 = CARTESIAN_POINT ( 'NONE',  ( 39.99999999890992797, -10.99999999999999822, -21.34214454091214819 ) ) ;
#7617 = CARTESIAN_POINT ( 'NONE',  ( 7.912212214291368007, 4.700698234200238801, -15.99999999999998934 ) ) ;
#7618 = CC_DESIGN_PERSON_AND_ORGANIZATION_ASSIGNMENT ( #5783, #4472, ( #5719 ) ) ;
#7619 = CARTESIAN_POINT ( 'NONE',  ( 9.637404934248792188, 10.99999999999999289, -9.731259602035361667 ) ) ;
#7620 = CARTESIAN_POINT ( 'NONE',  ( 36.41640806355703575, 11.00000000000000355, -14.62292441893417916 ) ) ;
#7621 = ORIENTED_EDGE ( 'NONE', *, *, #6494, .F. ) ;
#7622 = CARTESIAN_POINT ( 'NONE',  ( -12.94927295530959910, 8.882891339006450337, -1.786993115719478720 ) ) ;
#7623 = VECTOR ( 'NONE', #2678, 1000.000000000000000 ) ;
#7624 = VERTEX_POINT ( 'NONE', #1429 ) ;
#7625 = CIRCLE ( 'NONE', #183, 16.00000000000000000 ) ;
#7626 = CARTESIAN_POINT ( 'NONE',  ( 2.880811699084274036, -9.849674462653720042, -2.981010831970310360 ) ) ;
#7627 = CARTESIAN_POINT ( 'NONE',  ( -18.56244329182701236, -9.697844295402671122, -15.88420828329356027 ) ) ;
#7628 = CARTESIAN_POINT ( 'NONE',  ( 9.336016711852986205, 4.680426573910344779, -14.30983726193709771 ) ) ;
#7629 = CARTESIAN_POINT ( 'NONE',  ( -11.94238710895717936, 5.718081023176261546, -1.592643403544438341 ) ) ;
#7630 = CARTESIAN_POINT ( 'NONE',  ( -7.341189047917158206, 7.603327063518131368, -1.431910063387599186 ) ) ;
#7631 = VECTOR ( 'NONE', #2088, 1000.000000000000000 ) ;
#7632 = EDGE_CURVE ( 'NONE', #1474, #1046, #7640, .T. ) ;
#7633 = ORIENTED_EDGE ( 'NONE', *, *, #4889, .F. ) ;
#7634 = B_SPLINE_CURVE_WITH_KNOTS ( 'NONE', 3,
 ( #1466, #620, #5813, #2775 ),
 .UNSPECIFIED., .F., .F.,
 ( 4, 4 ),
 ( 0.000000000000000000, 0.001226600783208081072 ),
 .UNSPECIFIED. ) ;
#7635 = CARTESIAN_POINT ( 'NONE',  ( 11.43452614803805822, 10.99999999999999645, -10.02890676610512344 ) ) ;
#7636 = CARTESIAN_POINT ( 'NONE',  ( -20.66930490938205978, -9.274698613347634790, -16.00356781610231849 ) ) ;
#7637 = CARTESIAN_POINT ( 'NONE',  ( -3.962378344807127029, -9.645135065566774912, -0.9877098346952836172 ) ) ;
#7638 = CARTESIAN_POINT ( 'NONE',  ( -2.650218758261525753, -11.00000000000000000, -5.172731531811263217 ) ) ;
#7639 = EDGE_CURVE ( 'NONE', #4928, #4951, #3760, .T. ) ;
#7640 = LINE ( 'NONE', #814, #573 ) ;
#7641 = CARTESIAN_POINT ( 'NONE',  ( 1.876162204679889589, -7.463084600370365251, 0.000000000000000000 ) ) ;
#7642 = DIRECTION ( 'NONE',  ( 0.000000000000000000, 0.000000000000000000, 1.000000000000000000 ) ) ;
#7643 = LINE ( 'NONE', #7682, #2124 ) ;
#7644 = VERTEX_POINT ( 'NONE', #2818 ) ;
#7645 = CARTESIAN_POINT ( 'NONE',  ( -33.26671359945834894, 10.99999999999999112, -14.31945059962966660 ) ) ;
#7646 = CARTESIAN_POINT ( 'NONE',  ( 17.64344591647683202, 7.404313948355220276, -16.02233416806380362 ) ) ;
#7647 = CARTESIAN_POINT ( 'NONE',  ( 37.51340389892763483, 11.00000000000000355, -15.64802796317610678 ) ) ;
#7648 = DIRECTION ( 'NONE',  ( 2.344220913482171656E-16, 0.000000000000000000, 1.000000000000000000 ) ) ;
#7649 = DIRECTION ( 'NONE',  ( -0.7416198487095674308, 0.000000000000000000, 0.6708203932499356981 ) ) ;
#7650 = CARTESIAN_POINT ( 'NONE',  ( 2.067527229034849867, -5.945751126595167690, -14.42922923895050857 ) ) ;
#7651 = CARTESIAN_POINT ( 'NONE',  ( 23.05454261486890744, -7.431278023464065186, -15.97896647729830377 ) ) ;
#7652 = CARTESIAN_POINT ( 'NONE',  ( -36.99999999999998579, 7.999999999999989342, -33.49999999999999289 ) ) ;
#7653 = PERSON_AND_ORGANIZATION_ROLE ( 'design_owner' ) ;
#7654 = CARTESIAN_POINT ( 'NONE',  ( -9.799305489299076299, 6.213921223984441689, -15.99999999999998579 ) ) ;
#7655 = SPHERICAL_SURFACE ( 'NONE', #5026, 4.999999999999999112 ) ;
#7656 = CARTESIAN_POINT ( 'NONE',  ( -10.32226648958128656, 6.207352007895370782, 4.483675985767531616E-14 ) ) ;
#7657 = CARTESIAN_POINT ( 'NONE',  ( 34.05153597760116213, -10.99999999999945288, -15.18339863114209010 ) ) ;
#7658 = CARTESIAN_POINT ( 'NONE',  ( 8.751040861976285612, 6.622085709199701853, -16.00000000000035527 ) ) ;
#7659 = CARTESIAN_POINT ( 'NONE',  ( 10.37683426256869801, 10.99999999999999822, -9.747843142237927694 ) ) ;
#7660 = CARTESIAN_POINT ( 'NONE',  ( 33.61291409301112765, 9.411331964236854475, -15.92462008422436348 ) ) ;
#7661 = ORIENTED_EDGE ( 'NONE', *, *, #3339, .F. ) ;
#7662 = CARTESIAN_POINT ( 'NONE',  ( -12.64923818727558391, 9.886196562445492830, -3.544786249782001075 ) ) ;
#7663 = ORIENTED_EDGE ( 'NONE', *, *, #7536, .F. ) ;
#7664 = CARTESIAN_POINT ( 'NONE',  ( -39.93964577948052153, 10.99999999999999289, -20.74282482513498849 ) ) ;
#7665 = CARTESIAN_POINT ( 'NONE',  ( -7.026901007970729474, 9.672868643860883964, -13.43270079292788566 ) ) ;
#7666 = CARTESIAN_POINT ( 'NONE',  ( 7.510952632171887799, 6.931708385362768787, -14.52318899690566667 ) ) ;
#7667 = CARTESIAN_POINT ( 'NONE',  ( -1.096228843504531980, -9.587309324621333673, -10.86544680263225437 ) ) ;
#7668 = CARTESIAN_POINT ( 'NONE',  ( -7.008154898876890471, 9.597328193059439627, -2.438155860148770504 ) ) ;
#7669 = EDGE_CURVE ( 'NONE', #5094, #3925, #4152, .T. ) ;
#7670 = ORIENTED_EDGE ( 'NONE', *, *, #2401, .T. ) ;
#7671 = CARTESIAN_POINT ( 'NONE',  ( 9.820518894220075623, 10.99999999999999467, -11.46011852100275696 ) ) ;
#7672 = EDGE_CURVE ( 'NONE', #1073, #3274, #2392, .T. ) ;
#7673 = CARTESIAN_POINT ( 'NONE',  ( -20.22213858942919629, -9.576713571462548202, -15.87178362555388667 ) ) ;
#7674 = CARTESIAN_POINT ( 'NONE',  ( -11.99498319448126438, 7.702661225432264835, -15.97079128595915520 ) ) ;
#7675 = CARTESIAN_POINT ( 'NONE',  ( 0.1925200803823584605, -11.00000000000000000, -6.267541469349120042 ) ) ;
#7676 = EDGE_CURVE ( 'NONE', #7016, #394, #5676, .T. ) ;
#7677 = CARTESIAN_POINT ( 'NONE',  ( -3.427403241461759453, -6.999999999999999112, 0.000000000000000000 ) ) ;
#7678 = CARTESIAN_POINT ( 'NONE',  ( 0.4046909004375071062, -3.879734587090620579, 0.000000000000000000 ) ) ;
#7679 = ORIENTED_EDGE ( 'NONE', *, *, #6893, .T. ) ;
#7680 = CARTESIAN_POINT ( 'NONE',  ( -13.53231758303411070, 9.999999999999992895, -3.999999999999996447 ) ) ;
#7681 = ADVANCED_FACE ( 'NONE', ( #3471 ), #1813, .F. ) ;
#7682 = CARTESIAN_POINT ( 'NONE',  ( 44.50000000000002842, -6.999999999999995559, -36.50000000000000000 ) ) ;
#7683 = VERTEX_POINT ( 'NONE', #5496 ) ;
#7684 = CARTESIAN_POINT ( 'NONE',  ( -36.99999999999999289, 7.999999999999989342, -21.94987437106618700 ) ) ;
#7685 = CARTESIAN_POINT ( 'NONE',  ( 16.99685577015643290, 7.141166961497972920, -16.02191725632926733 ) ) ;
#7686 = CARTESIAN_POINT ( 'NONE',  ( -44.49999999999997158, -11.00000000000000355, -36.50000000000000000 ) ) ;
#7687 = CARTESIAN_POINT ( 'NONE',  ( 0.9000124042160982940, -11.00000000000000000, -9.844829865396546253 ) ) ;
#7688 = CARTESIAN_POINT ( 'NONE',  ( 1.248959138023213233, -6.622085709199695636, -15.99999999999998579 ) ) ;
#7689 = CARTESIAN_POINT ( 'NONE',  ( 16.24868367139664116, -11.00000000000013856, -14.93543466968047184 ) ) ;
#7690 = DIRECTION ( 'NONE',  ( 0.000000000000000000, 0.000000000000000000, -1.000000000000000000 ) ) ;
#7691 = DIRECTION ( 'NONE',  ( 0.000000000000000000, -1.000000000000000000, -0.000000000000000000 ) ) ;
#7692 = CARTESIAN_POINT ( 'NONE',  ( -8.956017796939763187, 4.859048391637135644, -14.32629730535694890 ) ) ;
#7693 = CARTESIAN_POINT ( 'NONE',  ( 6.038070499157318416, 9.641701961767033424, -0.9847718251785188004 ) ) ;
#7694 = CARTESIAN_POINT ( 'NONE',  ( -10.81360787815450308, 3.968364123520436326, 0.000000000000000000 ) ) ;
#7695 = CARTESIAN_POINT ( 'NONE',  ( 9.162396180041241678, 3.975453973443579425, -15.99999999999998934 ) ) ;
#7696 = CIRCLE ( 'NONE', #652, 4.330127018922196314 ) ;
#7697 = CARTESIAN_POINT ( 'NONE',  ( -20.94841034804899493, 10.99999999999856648, -15.45947884822462548 ) ) ;
#7698 = CARTESIAN_POINT ( 'NONE',  ( 35.34220307950951678, 8.545109932785678097, -17.64793309011451683 ) ) ;
#7699 = ORIENTED_EDGE ( 'NONE', *, *, #2824, .F. ) ;
#7700 = CARTESIAN_POINT ( 'NONE',  ( -19.83172618129751186, -9.426233916546664204, -16.17813405615728328 ) ) ;
#7701 = EDGE_LOOP ( 'NONE', ( #1892, #4335, #6304, #1646 ) ) ;
#7702 = CARTESIAN_POINT ( 'NONE',  ( 7.009809023834190356, 10.60003545801481728, -2.246669402391664239 ) ) ;
#7703 = AXIS2_PLACEMENT_3D ( 'NONE', #5092, #13, #2518 ) ;
#7704 = CARTESIAN_POINT ( 'NONE',  ( -6.013925609370949665, 10.48253136300099264, -13.97230970457252219 ) ) ;
#7705 = DIRECTION ( 'NONE',  ( 0.000000000000000000, 1.000000000000000000, 0.000000000000000000 ) ) ;
#7706 = CARTESIAN_POINT ( 'NONE',  ( -2.365003363239009726, -9.825768878080964441, -11.96631886528624555 ) ) ;
#7707 = CARTESIAN_POINT ( 'NONE',  ( -6.001962937653573249, 10.02470071468413160, -1.368762519810810874 ) ) ;
#7708 = EDGE_LOOP ( 'NONE', ( #3395, #4236, #2819, #6804 ) ) ;
#7709 = CARTESIAN_POINT ( 'NONE',  ( 8.586089400570653396, 10.99999999999999645, -11.59457650765186187 ) ) ;
#7710 = CARTESIAN_POINT ( 'NONE',  ( -16.36351467442565522, -8.615960514218775401, -16.23649457022142784 ) ) ;
#7711 = CARTESIAN_POINT ( 'NONE',  ( -36.99999999999998579, -11.00000000000000355, -33.49999999999999289 ) ) ;
#7712 = CARTESIAN_POINT ( 'NONE',  ( 0.9138902353852267346, -11.00000000000000000, -6.151381355841835763 ) ) ;
#7713 = CARTESIAN_POINT ( 'NONE',  ( -13.96237834480712969, 9.645135065566767807, -15.01229016530470339 ) ) ;
#7714 = AXIS2_PLACEMENT_3D ( 'NONE', #8071, #4907, #7421 ) ;
#7715 = CARTESIAN_POINT ( 'NONE',  ( -0.4006785542498061958, -6.209440817464151330, 0.000000000000000000 ) ) ;
#7716 = ORIENTED_EDGE ( 'NONE', *, *, #5729, .F. ) ;
#7717 = CARTESIAN_POINT ( 'NONE',  ( -0.6639832881247513807, -4.680426573902360943, -1.690162738063624159 ) ) ;
#7718 =( BOUNDED_SURFACE ( )  B_SPLINE_SURFACE ( 3, 2, ( 
 ( #3597, #475, #2976 ),
 ( #5466, #7949, #1136 ),
 ( #3632, #7997, #2409 ),
 ( #4912, #6774, #1787 ),
 ( #4284, #6169, #71 ),
 ( #5068, #3917, #1954 ),
 ( #5849, #6980, #1996 ),
 ( #2731, #6335, #229 ),
 ( #6938, #3264, #3353 ),
 ( #4454, #2574, #7635 ),
 ( #7549, #192, #6411 ),
 ( #2038, #4539, #3310 ),
 ( #5718, #7018, #1386 ),
 ( #688, #2613, #5227 ),
 ( #4580, #2693, #3877 ),
 ( #5189, #1424, #808 ),
 ( #5808, #7671, #6373 ),
 ( #2078, #4621, #768 ),
 ( #7061, #5760, #1463 ),
 ( #149, #3959, #4497 ),
 ( #6456, #854, #5679 ),
 ( #1345, #7709, #2120 ),
 ( #1303, #3798, #730 ),
 ( #2655, #6292, #5149 ),
 ( #3181, #3837, #3223 ),
 ( #108, #5107, #7589 ),
 ( #4696, #2235, #2317 ),
 ( #3544, #2890, #3466 ) ),
 .UNSPECIFIED., .F., .F., .T. ) 
 B_SPLINE_SURFACE_WITH_KNOTS ( ( 4, 2, 2, 2, 2, 2, 2, 2, 2, 2, 2, 2, 2, 4 ),
 ( 3, 3 ),
 ( 0.000000000000000000, 0.001095457394396781711, 0.001643186091595172458, 0.002190914788793563422, 0.002738643485991953952, 0.003286372183190344916, 0.003834100880388735880, 0.004381829577587126844, 0.004929558274785517807, 0.005477286971983907904, 0.006572744366380689832, 0.007120473063579080795, 0.007668201760777471759, 0.008763659155174253687 ),
 ( 0.000000000000000000, 1.000000000000000000 ),
 .UNSPECIFIED. ) 
 GEOMETRIC_REPRESENTATION_ITEM ( )  RATIONAL_B_SPLINE_SURFACE ( (
 ( 1.000000000000000000, 0.6656562785873422206, 1.000000000000000000),
 ( 1.000000000000000000, 0.6550760414895572259, 1.000000000000000000),
 ( 1.000000000000000000, 0.6427889427061118655, 1.000000000000000000),
 ( 1.000000000000000000, 0.6208536408331828405, 1.000000000000000000),
 ( 1.000000000000000000, 0.6128907600700301828, 1.000000000000000000),
 ( 1.000000000000000000, 0.5961538118317568635, 1.000000000000000000),
 ( 1.000000000000000000, 0.5873732688289390325, 1.000000000000000000),
 ( 1.000000000000000000, 0.5693583750283501832, 1.000000000000000000),
 ( 1.000000000000000000, 0.5601154911476395881, 1.000000000000000000),
 ( 1.000000000000000000, 0.5420257524159730611, 1.000000000000000000),
 ( 1.000000000000000000, 0.5332219573127148227, 1.000000000000000000),
 ( 1.000000000000000000, 0.5180476398733506738, 1.000000000000000000),
 ( 1.000000000000000000, 0.5116161173713021926, 1.000000000000000000),
 ( 1.000000000000000000, 0.5026113378299238432, 1.000000000000000000),
 ( 1.000000000000000000, 0.5000662054135508461, 1.000000000000000000),
 ( 1.000000000000000000, 0.4999364184421343227, 1.000000000000000000),
 ( 1.000000000000000000, 0.5023223402179406438, 1.000000000000000000),
 ( 1.000000000000000000, 0.5111177563191937612, 1.000000000000000000),
 ( 1.000000000000000000, 0.5175023365128225139, 1.000000000000000000),
 ( 1.000000000000000000, 0.5403954521955378620, 1.000000000000000000),
 ( 1.000000000000000000, 0.5596694225561931191, 1.000000000000000000),
 ( 1.000000000000000000, 0.5870015821253704580, 1.000000000000000000),
 ( 1.000000000000000000, 0.5959323751923292223, 1.000000000000000000),
 ( 1.000000000000000000, 0.6126440163367753433, 1.000000000000000000),
 ( 1.000000000000000000, 0.6204944687056318520, 1.000000000000000000),
 ( 1.000000000000000000, 0.6424881116794821656, 1.000000000000000000),
 ( 1.000000000000000000, 0.6551347067705455274, 1.000000000000000000),
 ( 1.000000000000000000, 0.6656562785873425536, 1.000000000000000000) ) ) 
 REPRESENTATION_ITEM ( '' )  SURFACE ( )  );
#7719 = CARTESIAN_POINT ( 'NONE',  ( 6.186293341664332424, 8.760488713725679943, -15.60127129129688051 ) ) ;
#7720 = ORIENTED_EDGE ( 'NONE', *, *, #4324, .T. ) ;
#7721 = CARTESIAN_POINT ( 'NONE',  ( -36.87441007296772710, 10.99999999999999289, -15.01433850598566977 ) ) ;
#7722 = CARTESIAN_POINT ( 'NONE',  ( 9.186392122538961758, 3.968364125578252022, -0.000000000000000000 ) ) ;
#7723 = AXIS2_PLACEMENT_3D ( 'NONE', #3769, #1925, #661 ) ;
#7724 = CARTESIAN_POINT ( 'NONE',  ( -10.00000000002208722, 9.499999999999991118, -5.401923788646688429 ) ) ;
#7725 = ADVANCED_FACE ( 'NONE', ( #549 ), #6195, .F. ) ;
#7726 = ADVANCED_FACE ( 'NONE', ( #6155 ), #2718, .T. ) ;
#7727 = CARTESIAN_POINT ( 'NONE',  ( -0.9138902353851803273, -11.00000000000000000, -9.848618644158090518 ) ) ;
#7728 = CARTESIAN_POINT ( 'NONE',  ( 2.570552431096327251, -7.255791592464747808, -14.55236471318667846 ) ) ;
#7729 = CARTESIAN_POINT ( 'NONE',  ( -2.650555519877332067, -7.573902597481557031, -14.58100277966113012 ) ) ;
#7730 = CIRCLE ( 'NONE', #5133, 0.9999999999999995559 ) ;
#7731 = CARTESIAN_POINT ( 'NONE',  ( 13.71461262864237973, 8.281734304255330414, -0.2018839534043299078 ) ) ;
#7732 = CARTESIAN_POINT ( 'NONE',  ( -3.625744235610826927, -11.00000000000000000, -3.758346050827142015 ) ) ;
#7733 = CARTESIAN_POINT ( 'NONE',  ( -1.995471147878515650, -7.703645076074286280, -15.97067133341291623 ) ) ;
#7734 = CARTESIAN_POINT ( 'NONE',  ( 12.98507962046887343, 9.641239114281974665, -13.49620542271010137 ) ) ;
#7735 = CARTESIAN_POINT ( 'NONE',  ( 10.39410451799928303, 6.208967420294702499, -15.99999999999962874 ) ) ;
#7736 = AXIS2_PLACEMENT_3D ( 'NONE', #5266, #3498, #6604 ) ;
#7737 = EDGE_CURVE ( 'NONE', #1708, #6104, #926, .T. ) ;
#7738 = DIRECTION ( 'NONE',  ( 1.000000000000000000, 1.559302000878028713E-16, -2.168404344971008375E-16 ) ) ;
#7739 = CARTESIAN_POINT ( 'NONE',  ( -36.74341729064808248, -8.118013264068649093, -20.16973707736460852 ) ) ;
#7740 = ORIENTED_EDGE ( 'NONE', *, *, #3884, .T. ) ;
#7741 = CARTESIAN_POINT ( 'NONE',  ( 19.37404670070509027, -9.712361421345873325, -15.87551114405258446 ) ) ;
#7742 = ORIENTED_EDGE ( 'NONE', *, *, #5147, .T. ) ;
#7743 = CIRCLE ( 'NONE', #7219, 3.000000000000000888 ) ;
#7744 = CARTESIAN_POINT ( 'NONE',  ( -7.010444207355166490, 9.590442250527962287, -13.56347452870093662 ) ) ;
#7745 = CARTESIAN_POINT ( 'NONE',  ( -8.581051375907689405, 10.99999999999999289, -11.59662014325072121 ) ) ;
#7746 = CARTESIAN_POINT ( 'NONE',  ( -7.429447568903673194, 7.255791592464741591, -14.55236471318667846 ) ) ;
#7747 = DIRECTION ( 'NONE',  ( 1.000000000000000000, -0.000000000000000000, -0.000000000000000000 ) ) ;
#7748 = CARTESIAN_POINT ( 'NONE',  ( 11.57515126551271045, 4.311052452020810222, -15.99999999999998934 ) ) ;
#7749 = ORIENTED_EDGE ( 'NONE', *, *, #2375, .T. ) ;
#7750 = CARTESIAN_POINT ( 'NONE',  ( 13.65768851288009067, 8.022929562013743521, -15.87556723427209171 ) ) ;
#7751 = CIRCLE ( 'NONE', #6062, 0.9999999999999998890 ) ;
#7752 = CARTESIAN_POINT ( 'NONE',  ( 21.23606797749979336, 7.578940846527625119, -15.95788169305524207 ) ) ;
#7753 = CARTESIAN_POINT ( 'NONE',  ( 16.81463672601935855, 6.768674958776944806, -16.48066033562998456 ) ) ;
#7754 = CARTESIAN_POINT ( 'NONE',  ( -1.413910599429397008, -10.99999999999999822, -4.405423492347900982 ) ) ;
#7755 = B_SPLINE_CURVE_WITH_KNOTS ( 'NONE', 3,
 ( #7050, #96, #5791, #5134 ),
 .UNSPECIFIED., .F., .F.,
 ( 4, 4 ),
 ( 1.398578778534940505E-17, 0.001261519310006191516 ),
 .UNSPECIFIED. ) ;
#7756 = CARTESIAN_POINT ( 'NONE',  ( 2.985079620468874317, -9.641239114281971112, -2.503794577289887524 ) ) ;
#7757 = ORIENTED_EDGE ( 'NONE', *, *, #6048, .F. ) ;
#7758 = CARTESIAN_POINT ( 'NONE',  ( -1.113674657993928507, -4.901139727704334703, -1.669800188325803569 ) ) ;
#7759 = CARTESIAN_POINT ( 'NONE',  ( -12.78711836468562169, 10.99999999999998934, -5.038689224446742720 ) ) ;
#7760 = ORIENTED_EDGE ( 'NONE', *, *, #6345, .F. ) ;
#7761 = CARTESIAN_POINT ( 'NONE',  ( -36.79839424581762586, 10.99999999999999112, -19.91269372303337093 ) ) ;
#7762 = CARTESIAN_POINT ( 'NONE',  ( 20.86213591398172085, 7.722764715121926749, -15.93684379483282321 ) ) ;
#7763 = CARTESIAN_POINT ( 'NONE',  ( 0.2875589572905459801, -9.500000000001062261, -5.401923788643625990 ) ) ;
#7764 = CARTESIAN_POINT ( 'NONE',  ( 0.8034676138616853036, -11.00000000000000000, -11.44750848626314088 ) ) ;
#7765 = CARTESIAN_POINT ( 'NONE',  ( 1.148783720685236043, -6.537623009661840179, -15.99999999999998579 ) ) ;
#7766 =( BOUNDED_SURFACE ( )  B_SPLINE_SURFACE ( 3, 2, ( 
 ( #5492, #2388, #4307 ),
 ( #7334, #1809, #1853 ),
 ( #3658, #4349, #4848 ),
 ( #2514, #6152, #6841 ),
 ( #6879, #6719, #1249 ),
 ( #7410, #6115, #6235 ),
 ( #3738, #3122, #544 ),
 ( #1770, #5539, #8022 ),
 ( #2433, #5619, #500 ),
 ( #3778, #5010, #7494 ),
 ( #7374, #1286, #1896 ),
 ( #1730, #4229, #4932 ),
 ( #2999, #7976, #4893 ),
 ( #4268, #6758, #1159 ),
 ( #5174, #4565, #4475 ),
 ( #6317, #2063, #1408 ),
 ( #1936, #5787, #6918 ),
 ( #3821, #174, #7694 ),
 ( #3860, #1976, #4603 ),
 ( #2106, #7656, #714 ),
 ( #5212, #7615, #3207 ),
 ( #6358, #1324, #7046 ),
 ( #5702, #6962, #7088 ),
 ( #833, #93, #3334 ),
 ( #215, #2679, #1447 ),
 ( #5741, #3247, #2717 ),
 ( #2596, #3941, #3292 ),
 ( #5088, #4523, #3902 ) ),
 .UNSPECIFIED., .F., .F., .F. ) 
 B_SPLINE_SURFACE_WITH_KNOTS ( ( 4, 2, 2, 2, 2, 2, 2, 2, 2, 2, 2, 2, 2, 4 ),
 ( 3, 3 ),
 ( 0.000000000000000000, 0.001233084968442449674, 0.001849627452663674511, 0.002466169936884899348, 0.003082712421106124402, 0.003699254905327349022, 0.004315797389548573643, 0.004932339873769798697, 0.005548882357991023750, 0.006165424842212248804, 0.006781967326433473858, 0.007398509810654698045, 0.008631594779097147285, 0.009864679747539597393 ),
 ( 0.000000000000000000, 1.000000000000000000 ),
 .UNSPECIFIED. ) 
 GEOMETRIC_REPRESENTATION_ITEM ( )  RATIONAL_B_SPLINE_SURFACE ( (
 ( 1.000000000000000000, 0.5255305477261474900, 1.000000000000000000),
 ( 1.000000000000000000, 0.5102859702224649130, 1.000000000000000000),
 ( 1.000000000000000000, 0.4944266223866550791, 1.000000000000000000),
 ( 1.000000000000000000, 0.4710520452307070949, 1.000000000000000000),
 ( 1.000000000000000000, 0.4633267501369187635, 1.000000000000000000),
 ( 1.000000000000000000, 0.4482194685024119551, 1.000000000000000000),
 ( 1.000000000000000000, 0.4408574240146714840, 1.000000000000000000),
 ( 1.000000000000000000, 0.4272261853358934047, 1.000000000000000000),
 ( 1.000000000000000000, 0.4208878287988321309, 1.000000000000000000),
 ( 1.000000000000000000, 0.4094269824357008591, 1.000000000000000000),
 ( 1.000000000000000000, 0.4043894799234788451, 1.000000000000000000),
 ( 1.000000000000000000, 0.3961742883798844428, 1.000000000000000000),
 ( 1.000000000000000000, 0.3929416272240258690, 1.000000000000000000),
 ( 1.000000000000000000, 0.3884882252544930581, 1.000000000000000000),
 ( 1.000000000000000000, 0.3873441880568121998, 1.000000000000000000),
 ( 1.000000000000000000, 0.3872552011212063161, 1.000000000000000000),
 ( 1.000000000000000000, 0.3883245302273296562, 1.000000000000000000),
 ( 1.000000000000000000, 0.3926002201919380208, 1.000000000000000000),
 ( 1.000000000000000000, 0.3957598004696626370, 1.000000000000000000),
 ( 1.000000000000000000, 0.4039373350696376930, 1.000000000000000000),
 ( 1.000000000000000000, 0.4089683735605316728, 1.000000000000000000),
 ( 1.000000000000000000, 0.4202848983042593578, 1.000000000000000000),
 ( 1.000000000000000000, 0.4266387396319480385, 1.000000000000000000),
 ( 1.000000000000000000, 0.4472198464910112081, 1.000000000000000000),
 ( 1.000000000000000000, 0.4624460234366097877, 1.000000000000000000),
 ( 1.000000000000000000, 0.4940772260089063006, 1.000000000000000000),
 ( 1.000000000000000000, 0.5102833879191459587, 1.000000000000000000),
 ( 1.000000000000000000, 0.5255305477261470459, 1.000000000000000000) ) ) 
 REPRESENTATION_ITEM ( '' )  SURFACE ( )  );
#7767 = CARTESIAN_POINT ( 'NONE',  ( 11.14878372068540457, 6.537623009661492901, 0.000000000000000000 ) ) ;
#7768 = EDGE_CURVE ( 'NONE', #2441, #4122, #7625, .T. ) ;
#7769 = CARTESIAN_POINT ( 'NONE',  ( 13.84493453281486453, 10.87978259746999754, -2.993342821861697090 ) ) ;
#7770 = CARTESIAN_POINT ( 'NONE',  ( -8.818636551301921145, 4.946870286864842647, -14.33444622978507965 ) ) ;
#7771 = CARTESIAN_POINT ( 'NONE',  ( 7.350761812724416089, 9.886196562445498159, -3.544786249781999299 ) ) ;
#7772 = CARTESIAN_POINT ( 'NONE',  ( -2.949272955309616417, -8.882891339006619091, -14.21300688428048709 ) ) ;
#7773 = CARTESIAN_POINT ( 'NONE',  ( -7.007485483591329611, 9.206491308758627312, -2.012551038338264320 ) ) ;
#7774 = CARTESIAN_POINT ( 'NONE',  ( -17.50957875773253747, 10.99999999999999289, -12.01228125590226803 ) ) ;
#7775 = CARTESIAN_POINT ( 'NONE',  ( 12.38515289193475866, 6.613575056309199063, -14.49308094081383480 ) ) ;
#7776 = VERTEX_POINT ( 'NONE', #6557 ) ;
#7777 = CARTESIAN_POINT ( 'NONE',  ( -16.10709747448701279, -8.400655845182276593, -16.25716372366829887 ) ) ;
#7778 = ORIENTED_EDGE ( 'NONE', *, *, #8062, .F. ) ;
#7779 = EDGE_CURVE ( 'NONE', #598, #3925, #3976, .T. ) ;
#7780 = EDGE_CURVE ( 'NONE', #1861, #1434, #4365, .T. ) ;
#7781 = CARTESIAN_POINT ( 'NONE',  ( -22.90085845966770961, -10.99999999999970512, -15.45557587903786079 ) ) ;
#7782 = CARTESIAN_POINT ( 'NONE',  ( -8.233729786404394346, 10.99999999999999289, -10.18918980199497248 ) ) ;
#7783 = DIRECTION ( 'NONE',  ( 1.000000000000000000, 0.000000000000000000, 4.163336342344333240E-14 ) ) ;
#7784 = CARTESIAN_POINT ( 'NONE',  ( -9.712441042709452077, 9.500000000001055156, -10.59807621135637312 ) ) ;
#7785 = FACE_OUTER_BOUND ( 'NONE', #179, .T. ) ;
#7786 = EDGE_LOOP ( 'NONE', ( #7071, #4144, #2382, #5921 ) ) ;
#7787 = CARTESIAN_POINT ( 'NONE',  ( 12.69841529689270665, 9.201646605973515136, -15.35662467066540771 ) ) ;
#7788 = CARTESIAN_POINT ( 'NONE',  ( 19.69878511896961371, -9.686576753648244775, -15.87479491328404713 ) ) ;
#7789 = CARTESIAN_POINT ( 'NONE',  ( -38.27333079154212214, -11.00000000000000355, -16.58323815205918805 ) ) ;
#7790 = CARTESIAN_POINT ( 'NONE',  ( -14.94596386393249254, -8.074336838513469061, -15.85501330625030469 ) ) ;
#7791 = CARTESIAN_POINT ( 'NONE',  ( -3.714612628642375736, -8.281734304255326862, -0.2018839534043262163 ) ) ;
#7792 = CARTESIAN_POINT ( 'NONE',  ( 18.67120383890326707, -10.99999999999999645, -12.92825996868805660 ) ) ;
#7793 = CARTESIAN_POINT ( 'NONE',  ( -13.62907882794921655, 10.99999999999999467, -12.25027908801540555 ) ) ;
#7794 = ORIENTED_EDGE ( 'NONE', *, *, #2240, .F. ) ;
#7795 = CARTESIAN_POINT ( 'NONE',  ( -7.218883881320315332, 10.99999999999999289, -5.044822846948810557 ) ) ;
#7796 = CARTESIAN_POINT ( 'NONE',  ( 15.60994275904350381, -7.837642909000042124, -16.33575236071415659 ) ) ;
#7797 = ORIENTED_EDGE ( 'NONE', *, *, #1177, .T. ) ;
#7798 = CARTESIAN_POINT ( 'NONE',  ( -7.613962061543002591, 6.616903933177627373, -1.506606054183141863 ) ) ;
#7799 = CARTESIAN_POINT ( 'NONE',  ( -16.47023076545628584, -9.075125411283513799, -15.85857457683237648 ) ) ;
#7800 = CARTESIAN_POINT ( 'NONE',  ( 12.64851080631586377, 10.96971019676085746, -3.312856351800292476 ) ) ;
#7801 = CARTESIAN_POINT ( 'NONE',  ( 1.761035040886210323, -11.00000000000000000, -10.17268114137832846 ) ) ;
#7802 = CARTESIAN_POINT ( 'NONE',  ( 0.4006785542499559649, -6.209440817463946161, -15.99999999999998757 ) ) ;
#7803 = CARTESIAN_POINT ( 'NONE',  ( -2.932619801154420003, -9.787624904361926781, -13.20898973684533928 ) ) ;
#7804 = LINE ( 'NONE', #4057, #1717 ) ;
#7805 = CARTESIAN_POINT ( 'NONE',  ( -19.00000000000000000, -5.000000000000000000, -14.00000000000000000 ) ) ;
#7806 = CARTESIAN_POINT ( 'NONE',  ( -3.002379817027289732, -10.19182349329694404, -14.42110773144248270 ) ) ;
#7807 = CARTESIAN_POINT ( 'NONE',  ( 13.53231758303410537, 10.99999999999999822, -11.99999999999999289 ) ) ;
#7808 = CARTESIAN_POINT ( 'NONE',  ( 6.467682416965887526, 10.99999999999999822, -3.999999999999996447 ) ) ;
#7809 = CARTESIAN_POINT ( 'NONE',  ( -19.00000000000000000, -1.000000000000000000, -18.47213595499957961 ) ) ;
#7810 = EDGE_CURVE ( 'NONE', #758, #5162, #837, .T. ) ;
#7811 = ORIENTED_EDGE ( 'NONE', *, *, #2831, .F. ) ;
#7812 = DIRECTION ( 'NONE',  ( -0.6708203932499334776, -0.000000000000000000, 0.7416198487095694292 ) ) ;
#7813 = EDGE_CURVE ( 'NONE', #5751, #1073, #7560, .T. ) ;
#7814 = CARTESIAN_POINT ( 'NONE',  ( -22.25716188182094868, -10.99999999999970690, -15.08454403790720910 ) ) ;
#7815 = CARTESIAN_POINT ( 'NONE',  ( -6.637381710058489759, 10.99999999999999289, -11.67079653210866219 ) ) ;
#7816 = AXIS2_PLACEMENT_3D ( 'NONE', #3077, #6307, #5730 ) ;
#7817 = CARTESIAN_POINT ( 'NONE',  ( -22.64928420587720126, -7.423163595253894798, -16.44635572267727497 ) ) ;
#7818 = CARTESIAN_POINT ( 'NONE',  ( 41.50000000000002132, 7.000000000000002665, -33.49999999999999289 ) ) ;
#7819 = CARTESIAN_POINT ( 'NONE',  ( -6.140059117138496170, 9.000126653765454066, -0.5260085112103652927 ) ) ;
#7820 = EDGE_CURVE ( 'NONE', #1313, #6524, #2000, .T. ) ;
#7821 = ORIENTED_EDGE ( 'NONE', *, *, #1295, .T. ) ;
#7822 = ORIENTED_EDGE ( 'NONE', *, *, #5596, .F. ) ;
#7823 = VECTOR ( 'NONE', #705, 1000.000000000000000 ) ;
#7824 = CARTESIAN_POINT ( 'NONE',  ( 12.74326638589622185, 7.938965573688666844, -14.53862367573798764 ) ) ;
#7825 = CARTESIAN_POINT ( 'NONE',  ( -36.92343350842960348, -11.00000000000000355, -20.52564431528222144 ) ) ;
#7826 = CARTESIAN_POINT ( 'NONE',  ( -15.32730217633845449, -7.826600521988321901, -15.93719530312261767 ) ) ;
#7827 = CARTESIAN_POINT ( 'NONE',  ( -30.99999999999999289, -7.000000000000001776, -15.99999999999997868 ) ) ;
#7828 = CARTESIAN_POINT ( 'NONE',  ( -8.069077297115367031, 4.564657268953066449, 0.000000000000000000 ) ) ;
#7829 = CARTESIAN_POINT ( 'NONE',  ( 36.60456712500927523, 8.157939499838638753, -19.76299096053000071 ) ) ;
#7830 = ORIENTED_EDGE ( 'NONE', *, *, #7275, .T. ) ;
#7831 = CARTESIAN_POINT ( 'NONE',  ( 15.42651981086615542, -7.922033288797878825, -15.96693632387436956 ) ) ;
#7832 = EDGE_LOOP ( 'NONE', ( #6047, #760, #6560 ) ) ;
#7833 = CARTESIAN_POINT ( 'NONE',  ( -10.21992391646830534, 3.859518907004577226, -15.99999999999998579 ) ) ;
#7834 = CARTESIAN_POINT ( 'NONE',  ( 2.649238187275576806, -9.886196562445498159, -12.45521375021798960 ) ) ;
#7835 = CARTESIAN_POINT ( 'NONE',  ( 32.14718701901984588, 11.00000000000000355, -12.38894237865348202 ) ) ;
#7836 = CARTESIAN_POINT ( 'NONE',  ( -15.56407864531862728, -7.768376193217637393, -16.35170952655091625 ) ) ;
#7837 = B_SPLINE_CURVE_WITH_KNOTS ( 'NONE', 3,
 ( #4535, #7014, #7100, #5803, #104, #7058, #4576, #2689, #1382, #1420, #5756, #1338, #2115, #3913, #5185, #5265, #6408, #6491 ),
 .UNSPECIFIED., .F., .F.,
 ( 4, 2, 2, 2, 2, 2, 2, 2, 4 ),
 ( 8.673617379884034509E-19, 0.0007947351212398784609, 0.001589470242479756055, 0.002384205363719633756, 0.003178940484959511242, 0.003973675606199388727, 0.004768410727439266646, 0.005563145848679143697, 0.006357880969919021616 ),
 .UNSPECIFIED. ) ;
#7838 = CARTESIAN_POINT ( 'NONE',  ( -1.575151264378491067, -4.311052453561912579, -15.99999999999998579 ) ) ;
#7839 = CARTESIAN_POINT ( 'NONE',  ( 10.83760381995894484, 3.975453973443681122, 0.000000000000000000 ) ) ;
#7840 = CARTESIAN_POINT ( 'NONE',  ( 7.106358412084502696, 8.587111128965059237, -1.640251245382968071 ) ) ;
#7841 = ORIENTED_EDGE ( 'NONE', *, *, #433, .F. ) ;
#7842 = CIRCLE ( 'NONE', #6550, 0.9999999999999998890 ) ;
#7843 = LINE ( 'NONE', #4759, #6818 ) ;
#7844 = CARTESIAN_POINT ( 'NONE',  ( -3.427403241461760341, -7.000000000000000000, 3.686287386450715076E-15 ) ) ;
#7845 = CARTESIAN_POINT ( 'NONE',  ( 6.341243818195061444, 8.027738148435405563, -0.1256317718040641240 ) ) ;
#7846 = CARTESIAN_POINT ( 'NONE',  ( -2.780132122142859874, -9.897800164784822385, -12.73592560475910318 ) ) ;
#7847 = CARTESIAN_POINT ( 'NONE',  ( 2.570552431096320145, -7.255791592464749584, -1.447635286813308664 ) ) ;
#7848 = CARTESIAN_POINT ( 'NONE',  ( 44.50000000000002842, -10.99999999999999645, -36.50000000000000000 ) ) ;
#7849 = CIRCLE ( 'NONE', #4336, 4.999999999999999112 ) ;
#7850 = AXIS2_PLACEMENT_3D ( 'NONE', #6941, #6255, #7514 ) ;
#7851 = CARTESIAN_POINT ( 'NONE',  ( 3.427403241461760341, -6.999999999999999112, -0.9999999999999963363 ) ) ;
#7852 = ORIENTED_EDGE ( 'NONE', *, *, #7813, .T. ) ;
#7853 = DIRECTION ( 'NONE',  ( 0.000000000000000000, 0.000000000000000000, -1.000000000000000000 ) ) ;
#7854 = TOROIDAL_SURFACE ( 'NONE', #1994, 1.000000000000000000, 3.000000000000000000 ) ;
#7855 = CARTESIAN_POINT ( 'NONE',  ( -2.649238187275583467, -9.886196562445501712, -3.544786249782000631 ) ) ;
#7856 = CARTESIAN_POINT ( 'NONE',  ( -8.462331030499596451, 10.99999999999999112, -11.64676510012850841 ) ) ;
#7857 = CARTESIAN_POINT ( 'NONE',  ( -22.69361545628249388, -7.810747978726291230, -15.92533131205960117 ) ) ;
#7858 = CARTESIAN_POINT ( 'NONE',  ( 11.33925158833145730, 9.629021815487503133, -4.993845061900510807 ) ) ;
#7859 = CARTESIAN_POINT ( 'NONE',  ( 7.912212213206607281, 4.700698233042863272, -15.99999999999999289 ) ) ;
#7860 = ORIENTED_EDGE ( 'NONE', *, *, #2322, .T. ) ;
#7861 = CARTESIAN_POINT ( 'NONE',  ( -2.378627581694242821, -4.997204330571823228, 0.000000000000000000 ) ) ;
#7862 = CIRCLE ( 'NONE', #4346, 1.000000000000001776 ) ;
#7863 = ORIENTED_EDGE ( 'NONE', *, *, #7019, .F. ) ;
#7864 = CYLINDRICAL_SURFACE ( 'NONE', #7336, 4.000000000000000000 ) ;
#7865 = EDGE_CURVE ( 'NONE', #7509, #4633, #6971, .T. ) ;
#7866 = DIRECTION ( 'NONE',  ( -1.000000000000000000, 0.000000000000000000, -6.938893903907229364E-16 ) ) ;
#7867 = CARTESIAN_POINT ( 'NONE',  ( -15.36660126098212409, -7.861851490558663613, -15.95262770462882074 ) ) ;
#7868 = CARTESIAN_POINT ( 'NONE',  ( -3.486001557761428060, -7.261723560828603929, 3.151339022873665883E-15 ) ) ;
#7869 = CIRCLE ( 'NONE', #5279, 0.9999999999999998890 ) ;
#7870 = CARTESIAN_POINT ( 'NONE',  ( 15.59900780845252122, -11.00000000000000000, -12.04043577471504278 ) ) ;
#7871 = ORIENTED_EDGE ( 'NONE', *, *, #1185, .F. ) ;
#7872 = AXIS2_PLACEMENT_3D ( 'NONE', #3815, #6999, #1280 ) ;
#7873 = CIRCLE ( 'NONE', #4100, 4.999999999999999112 ) ;
#7874 = CARTESIAN_POINT ( 'NONE',  ( -7.627974218704808074, 10.99999999999999289, -5.411909768688634159 ) ) ;
#7875 = ORIENTED_EDGE ( 'NONE', *, *, #7980, .F. ) ;
#7876 = EDGE_CURVE ( 'NONE', #3062, #7354, #4253, .T. ) ;
#7877 = CARTESIAN_POINT ( 'NONE',  ( -10.00000000000000000, 4.572714414311429998, -1.699999999999999956 ) ) ;
#7878 = DIRECTION ( 'NONE',  ( -2.850902939162271708E-26, 1.000000000000000000, -1.264179733118096908E-13 ) ) ;
#7879 = CARTESIAN_POINT ( 'NONE',  ( 13.70628800282997695, 10.97831529368321846, -3.512834569313242117 ) ) ;
#7880 = CIRCLE ( 'NONE', #7498, 0.9999999999999992228 ) ;
#7881 = CARTESIAN_POINT ( 'NONE',  ( -0.3222664895809299046, -6.207352007896071555, -15.99999999999998757 ) ) ;
#7882 = CARTESIAN_POINT ( 'NONE',  ( 8.085116303068794252, 4.551758123924482646, 0.000000000000000000 ) ) ;
#7883 = CARTESIAN_POINT ( 'NONE',  ( 6.342311487119913771, 8.022929562013725757, -0.1244327657278976457 ) ) ;
#7884 = ORIENTED_EDGE ( 'NONE', *, *, #2322, .F. ) ;
#7885 = DIRECTION ( 'NONE',  ( 0.000000000000000000, -0.000000000000000000, 1.000000000000000000 ) ) ;
#7886 = CARTESIAN_POINT ( 'NONE',  ( -13.93315860273910012, 9.435867490376912414, -15.18377863129978067 ) ) ;
#7887 = CARTESIAN_POINT ( 'NONE',  ( 11.93579497576765114, 5.732585808777521663, -1.591187279726833381 ) ) ;
#7888 = DIRECTION ( 'NONE',  ( -0.8888540269160437601, 0.000000000000000000, 0.4581904831346162998 ) ) ;
#7889 = CARTESIAN_POINT ( 'NONE',  ( 12.65039613534801788, 7.573268847290467676, -1.419054273945351108 ) ) ;
#7890 = CARTESIAN_POINT ( 'NONE',  ( 2.513561803769739811, -5.159211857304228488, -15.99999999999998224 ) ) ;
#7891 = ORIENTED_EDGE ( 'NONE', *, *, #3783, .F. ) ;
#7892 = CARTESIAN_POINT ( 'NONE',  ( -8.737994253295052971, 10.99999999999999645, -9.959753554045130741 ) ) ;
#7893 = DIRECTION ( 'NONE',  ( 0.000000000000000000, 0.000000000000000000, 1.000000000000000000 ) ) ;
#7894 = CARTESIAN_POINT ( 'NONE',  ( -8.218216517805597476, 9.710658672021738269, -11.34307875819460421 ) ) ;
#7895 = CARTESIAN_POINT ( 'NONE',  ( -6.998500767920415200, 9.328452527889330881, -13.87885574021951918 ) ) ;
#7896 = DIRECTION ( 'NONE',  ( 0.000000000000000000, -1.000000000000000000, 0.000000000000000000 ) ) ;
#7897 = CARTESIAN_POINT ( 'NONE',  ( -6.572596758538236550, 6.999999999999994671, 0.000000000000000000 ) ) ;
#7898 = CARTESIAN_POINT ( 'NONE',  ( -19.74553026401833833, 10.99999999999999289, -12.03392388305080374 ) ) ;
#7899 = ORIENTED_EDGE ( 'NONE', *, *, #7632, .T. ) ;
#7900 = CARTESIAN_POINT ( 'NONE',  ( 9.447306854098686202, 9.523461559882662186, -5.333203461529756773 ) ) ;
#7901 = ORIENTED_EDGE ( 'NONE', *, *, #6033, .F. ) ;
#7902 = CARTESIAN_POINT ( 'NONE',  ( 2.787118364685619465, -10.99999999999999645, -5.038689224446741832 ) ) ;
#7903 = CARTESIAN_POINT ( 'NONE',  ( 13.93236393784182603, 9.430607603429669084, -15.18776384777315158 ) ) ;
#7904 = CARTESIAN_POINT ( 'NONE',  ( 36.87458112616688766, -10.99999999999999645, -15.01449393402171495 ) ) ;
#7905 = CARTESIAN_POINT ( 'NONE',  ( -36.84087575760805322, -8.087038008401236766, -20.54413335893565673 ) ) ;
#7906 = CARTESIAN_POINT ( 'NONE',  ( 13.80384757729336442, 3.000000000000000000, -15.99999999999999289 ) ) ;
#7907 = CARTESIAN_POINT ( 'NONE',  ( -12.57055243109632237, 7.255791592464744255, -1.447635286813311328 ) ) ;
#7908 = CARTESIAN_POINT ( 'NONE',  ( -10.81360787746104180, 3.968364125578252022, -0.000000000000000000 ) ) ;
#7909 = VERTEX_POINT ( 'NONE', #4183 ) ;
#7910 = ADVANCED_FACE ( 'NONE', ( #453 ), #2954, .T. ) ;
#7911 = CARTESIAN_POINT ( 'NONE',  ( 15.57520613120719410, -7.785926714869125576, -16.34721695871758129 ) ) ;
#7912 = ORIENTED_EDGE ( 'NONE', *, *, #6532, .T. ) ;
#7913 = CARTESIAN_POINT ( 'NONE',  ( -7.892400281645223892, 6.018123046752231531, -1.563830952274612329 ) ) ;
#7914 = SPHERICAL_SURFACE ( 'NONE', #2131, 1.000000000000000000 ) ;
#7915 = CARTESIAN_POINT ( 'NONE',  ( 32.43242351177115523, 11.00000000000000355, -12.49056769727794602 ) ) ;
#7916 = CARTESIAN_POINT ( 'NONE',  ( 3.363063036651809501, -11.00000000000000000, -11.67165930221053394 ) ) ;
#7917 = CARTESIAN_POINT ( 'NONE',  ( -2.365366043582414424, -6.557067913399354353, -14.48772434342196647 ) ) ;
#7918 = EDGE_CURVE ( 'NONE', #1695, #4853, #2785, .T. ) ;
#7919 = EDGE_CURVE ( 'NONE', #2288, #1708, #2926, .T. ) ;
#7920 = CARTESIAN_POINT ( 'NONE',  ( 9.805415519187823392, 3.857680430177373054, 0.000000000000000000 ) ) ;
#7921 = CARTESIAN_POINT ( 'NONE',  ( 6.996672887536607099, 9.394221879106513740, -2.187820773348779557 ) ) ;
#7922 = VERTEX_POINT ( 'NONE', #2304 ) ;
#7923 = B_SPLINE_CURVE_WITH_KNOTS ( 'NONE', 3,
 ( #4922, #7402, #4296, #6789, #4960, #6469, #3930, #205, #2051, #4592, #4016, #5897, #3973, #4672, #3278, #5243, #284, #7722, #865, #3366, #2133, #5772, #2787, #6545, #5283, #4635, #7119, #5164 ),
 .UNSPECIFIED., .F., .F.,
 ( 4, 2, 2, 2, 2, 2, 2, 2, 2, 2, 2, 2, 2, 4 ),
 ( 0.000000000000000000, 0.001233084968442448156, 0.001849627452663673210, 0.002466169936884898481, 0.003082712421106123535, 0.003699254905327348589, 0.004315797389548573643, 0.004932339873769798697, 0.005548882357991024618, 0.006165424842212249672, 0.006781967326433474726, 0.007398509810654699780, 0.008631594779097150755, 0.009864679747539602597 ),
 .UNSPECIFIED. ) ;
#7924 = CARTESIAN_POINT ( 'NONE',  ( -39.99999999999998579, 0.000000000000000000, -33.49999999999999289 ) ) ;
#7925 = CARTESIAN_POINT ( 'NONE',  ( -13.98912679787234836, 10.49256022210483508, -13.96870828934027386 ) ) ;
#7926 = CARTESIAN_POINT ( 'NONE',  ( -3.841082264410436320, -10.88392852247216602, -12.99001226951492427 ) ) ;
#7927 = CARTESIAN_POINT ( 'NONE',  ( 11.42917971600744842, 11.00000000000000178, -5.988098956731411349 ) ) ;
#7928 = CARTESIAN_POINT ( 'NONE',  ( -36.99999999999999289, 7.999999999999991118, -36.50000000000000000 ) ) ;
#7929 = EDGE_LOOP ( 'NONE', ( #26, #7242, #5060, #6034, #5749 ) ) ;
#7930 = CARTESIAN_POINT ( 'NONE',  ( -12.57055243109632769, 7.255791592464741591, -14.55236471318667846 ) ) ;
#7931 = CARTESIAN_POINT ( 'NONE',  ( -10.80346761386026877, 10.99999999999999289, -11.44750848626283357 ) ) ;
#7932 = CARTESIAN_POINT ( 'NONE',  ( 2.650218757921740220, -11.00000000000000000, -10.82726846853351965 ) ) ;
#7933 = CARTESIAN_POINT ( 'NONE',  ( 40.50000000000002132, -10.99999999999999645, -20.00000000000000000 ) ) ;
#7934 = CARTESIAN_POINT ( 'NONE',  ( 37.00000000000001421, 7.000000000000002665, -15.99999999999999645 ) ) ;
#7935 = CARTESIAN_POINT ( 'NONE',  ( 14.87689437438233497, -10.99999999999999467, -15.71294882876979671 ) ) ;
#7936 = VERTEX_POINT ( 'NONE', #4222 ) ;
#7937 = CARTESIAN_POINT ( 'NONE',  ( 11.07188478681011112, 9.583588627916327596, -5.146749788875177423 ) ) ;
#7938 = ORIENTED_EDGE ( 'NONE', *, *, #4503, .T. ) ;
#7939 = CARTESIAN_POINT ( 'NONE',  ( 1.925144000631901609, -10.99999999999999822, -5.720152263666130388 ) ) ;
#7940 = CARTESIAN_POINT ( 'NONE',  ( 2.658233231587874279, -7.601068976516575759, -1.431891552813023161 ) ) ;
#7941 = CARTESIAN_POINT ( 'NONE',  ( 32.99813476592179740, -11.00000000000000000, -12.70466552446524133 ) ) ;
#7942 = CARTESIAN_POINT ( 'NONE',  ( 40.00000000000001421, 11.00000000000000355, -36.50000000000000000 ) ) ;
#7943 = CARTESIAN_POINT ( 'NONE',  ( -36.56149317087204764, -11.00000000000000533, -19.11189891907881844 ) ) ;
#7944 = CARTESIAN_POINT ( 'NONE',  ( 20.51221553660397490, 7.825647723262195044, -15.92811515229351116 ) ) ;
#7945 = CARTESIAN_POINT ( 'NONE',  ( 44.50000000000003553, 11.00000000000000355, -12.00000000000000000 ) ) ;
#7946 = CARTESIAN_POINT ( 'NONE',  ( -11.39197627067082763, 4.205172090025137699, -0.000000000000000000 ) ) ;
#7947 = CIRCLE ( 'NONE', #3398, 1.000000000000000888 ) ;
#7948 = ORIENTED_EDGE ( 'NONE', *, *, #2933, .T. ) ;
#7949 = CARTESIAN_POINT ( 'NONE',  ( 12.37992125276145394, 10.99999999999999645, -12.28215779746254022 ) ) ;
#7950 = CARTESIAN_POINT ( 'NONE',  ( -11.76627021273000651, 10.99999999999999289, -5.810810196704284891 ) ) ;
#7951 = ORIENTED_EDGE ( 'NONE', *, *, #3444, .F. ) ;
#7952 = VECTOR ( 'NONE', #5445, 1000.000000000000000 ) ;
#7953 = CARTESIAN_POINT ( 'NONE',  ( -9.186392122538954652, 3.968364125578237367, -15.99999999999998224 ) ) ;
#7954 = FACE_OUTER_BOUND ( 'NONE', #1302, .T. ) ;
#7955 = CARTESIAN_POINT ( 'NONE',  ( 13.01707270778483760, 10.44843193930330116, -1.959514370174794573 ) ) ;
#7956 = CARTESIAN_POINT ( 'NONE',  ( -39.40687547581163130, -11.00000000000000178, -18.69904535912901977 ) ) ;
#7957 = CARTESIAN_POINT ( 'NONE',  ( -10.00000000000000000, 11.00000000000000000, -8.000000000000000000 ) ) ;
#7958 = CARTESIAN_POINT ( 'NONE',  ( 9.854061639391282768, 4.571980558981135978, -1.700066822288203827 ) ) ;
#7959 = CARTESIAN_POINT ( 'NONE',  ( 6.286883301822714820, 8.274793605099787897, -0.1995387472709169718 ) ) ;
#7960 = ORIENTED_EDGE ( 'NONE', *, *, #2631, .T. ) ;
#7961 = CARTESIAN_POINT ( 'NONE',  ( -3.859132628806744236, -8.995644452162549598, -0.5233205462180989809 ) ) ;
#7962 = CARTESIAN_POINT ( 'NONE',  ( -12.97724280664083985, 10.05408424735898976, -14.59306777708906289 ) ) ;
#7963 = AXIS2_PLACEMENT_3D ( 'NONE', #6861, #1391, #1227 ) ;
#7964 = EDGE_CURVE ( 'NONE', #7141, #6334, #4803, .T. ) ;
#7965 = CARTESIAN_POINT ( 'NONE',  ( 12.48904736782753311, 6.931708385360481728, -1.476811003094530284 ) ) ;
#7966 = CARTESIAN_POINT ( 'NONE',  ( -11.99855160189018832, 9.752453001052854731, -11.53464375216066706 ) ) ;
#7967 = ADVANCED_FACE ( 'NONE', ( #1243 ), #585, .T. ) ;
#7968 = CARTESIAN_POINT ( 'NONE',  ( 13.00147256966349119, 9.327773813057422814, -2.120478030024154137 ) ) ;
#7969 = CARTESIAN_POINT ( 'NONE',  ( -2.110234533545043867, -6.003901338862126735, -14.43487972883795756 ) ) ;
#7970 = ORIENTED_EDGE ( 'NONE', *, *, #7532, .T. ) ;
#7971 = FACE_OUTER_BOUND ( 'NONE', #1616, .T. ) ;
#7972 = AXIS2_PLACEMENT_3D ( 'NONE', #1213, #3712, #7506 ) ;
#7973 = CARTESIAN_POINT ( 'NONE',  ( -7.478295802460554142, 9.857959017768557430, -3.799251691987389101 ) ) ;
#7974 = CARTESIAN_POINT ( 'NONE',  ( -11.04516058755818975, 10.99999999999999112, -11.47460389297979511 ) ) ;
#7975 = EDGE_CURVE ( 'NONE', #758, #7539, #437, .T. ) ;
#7976 = CARTESIAN_POINT ( 'NONE',  ( -9.842582904596238080, 6.221052181051599739, 4.525992278349588989E-14 ) ) ;
#7977 = CARTESIAN_POINT ( 'NONE',  ( 7.277140027504091613, 9.902497302770955301, -12.60210949284162751 ) ) ;
#7978 = CARTESIAN_POINT ( 'NONE',  ( -10.33734166262023457, 4.594825558616177474, -14.30200939914079505 ) ) ;
#7979 = AXIS2_PLACEMENT_3D ( 'NONE', #6303, #657, #1270 ) ;
#7980 = EDGE_CURVE ( 'NONE', #4312, #6825, #2541, .T. ) ;
#7981 = DIRECTION ( 'NONE',  ( 0.000000000000000000, -1.000000000000000000, -5.782411586589351722E-16 ) ) ;
#7982 = CARTESIAN_POINT ( 'NONE',  ( 3.153821390591032614, -6.207963350355150567, -0.000000000000000000 ) ) ;
#7983 = ORIENTED_EDGE ( 'NONE', *, *, #2338, .T. ) ;
#7984 = CARTESIAN_POINT ( 'NONE',  ( 9.053495690071581947, 9.568536181629379911, -5.193797270050423798 ) ) ;
#7985 = ORIENTED_EDGE ( 'NONE', *, *, #6198, .T. ) ;
#7986 = CARTESIAN_POINT ( 'NONE',  ( -2.372025781295191926, -10.99999999999999822, -5.411909768688635936 ) ) ;
#7987 = CIRCLE ( 'NONE', #1075, 3.000000000000002665 ) ;
#7988 = CARTESIAN_POINT ( 'NONE',  ( 2.616970550102484250, -9.008981176971905924, -0.5223332578539925386 ) ) ;
#7989 = CARTESIAN_POINT ( 'NONE',  ( 34.10835629792409662, -10.99999999999999645, -13.18556214654392278 ) ) ;
#7990 = DIRECTION ( 'NONE',  ( -1.000000000000000000, 0.000000000000000000, 0.000000000000000000 ) ) ;
#7991 = CARTESIAN_POINT ( 'NONE',  ( -32.33208984530140384, -10.39310276993123949, -14.40544664656559171 ) ) ;
#7992 = CARTESIAN_POINT ( 'NONE',  ( 16.76393202250020664, 7.578940846527625119, -15.95788169305524207 ) ) ;
#7993 = CARTESIAN_POINT ( 'NONE',  ( -7.024507269037119528, 9.679218805036981621, -2.568975897243741979 ) ) ;
#7994 = DIRECTION ( 'NONE',  ( 0.3849001794597501913, -0.9229582069908974784, 8.005386345062847338E-16 ) ) ;
#7995 = AXIS2_PLACEMENT_3D ( 'NONE', #4201, #5965, #352 ) ;
#7996 = EDGE_LOOP ( 'NONE', ( #1055, #3340, #3459, #413 ) ) ;
#7997 = CARTESIAN_POINT ( 'NONE',  ( 12.19327994960527128, 11.00000000000030553, -12.08430980360800611 ) ) ;
#7998 = ORIENTED_EDGE ( 'NONE', *, *, #6775, .T. ) ;
#7999 = AXIS2_PLACEMENT_3D ( 'NONE', #6640, #3496, #5991 ) ;
#8000 = CARTESIAN_POINT ( 'NONE',  ( -22.59185779182907083, -7.902982255186535632, -15.96353641969113291 ) ) ;
#8001 = CARTESIAN_POINT ( 'NONE',  ( -13.71431943553883848, 8.280365056587866590, -0.2014046271621166007 ) ) ;
#8002 = FACE_OUTER_BOUND ( 'NONE', #638, .T. ) ;
#8003 = FACE_OUTER_BOUND ( 'NONE', #2393, .T. ) ;
#8004 = AXIS2_PLACEMENT_3D ( 'NONE', #5173, #4474, #3901 ) ;
#8005 = CARTESIAN_POINT ( 'NONE',  ( 37.00000000000001421, -11.00000000000000355, -15.99999999999999645 ) ) ;
#8006 = AXIS2_PLACEMENT_3D ( 'NONE', #3572, #5530, #1154 ) ;
#8007 = CARTESIAN_POINT ( 'NONE',  ( 8.123837795320108413, 7.463084600370361699, 2.168404344971008868E-16 ) ) ;
#8008 = DIRECTION ( 'NONE',  ( -2.344220913482171656E-16, -0.000000000000000000, -1.000000000000000000 ) ) ;
#8009 = ORIENTED_EDGE ( 'NONE', *, *, #7144, .T. ) ;
#8010 = ADVANCED_FACE ( 'NONE', ( #3080 ), #1114, .T. ) ;
#8011 = CIRCLE ( 'NONE', #4506, 3.000000000000002665 ) ;
#8012 = LINE ( 'NONE', #2257, #7090 ) ;
#8013 = CARTESIAN_POINT ( 'NONE',  ( -7.351183736772882504, 10.96962808320693838, -12.68761392031960611 ) ) ;
#8014 = CARTESIAN_POINT ( 'NONE',  ( -3.532317583034101371, -11.00000000000000000, -11.99999999999998757 ) ) ;
#8015 = CARTESIAN_POINT ( 'NONE',  ( 12.37202578129518926, 10.99999999999999645, -5.411909768688635047 ) ) ;
#8016 = DIRECTION ( 'NONE',  ( -1.000000000000000000, -1.559302000878028960E-16, 2.344220913482171656E-16 ) ) ;
#8017 = ORIENTED_EDGE ( 'NONE', *, *, #5378, .F. ) ;
#8018 = CARTESIAN_POINT ( 'NONE',  ( -7.770131631328110799, 10.99999999999999289, -10.48073386053907896 ) ) ;
#8019 = ADVANCED_FACE ( 'NONE', ( #4843 ), #495, .T. ) ;
#8020 = DIRECTION ( 'NONE',  ( 1.000000000000000000, 0.000000000000000000, 0.000000000000000000 ) ) ;
#8021 = CARTESIAN_POINT ( 'NONE',  ( -11.77901933586574224, 9.710131152358313145, -11.34071234211310397 ) ) ;
#8022 = CARTESIAN_POINT ( 'NONE',  ( -7.912212214291373336, 4.700698234200336501, 0.000000000000000000 ) ) ;
#8023 = CARTESIAN_POINT ( 'NONE',  ( 7.478571183578225146, 9.857898045108406393, -3.799801153178308688 ) ) ;
#8024 = CARTESIAN_POINT ( 'NONE',  ( -20.86219002406659229, 7.722743903303072699, -15.93684683909056155 ) ) ;
#8025 = CARTESIAN_POINT ( 'NONE',  ( -39.99999999999998579, 7.999999999999989342, -33.49999999999999289 ) ) ;
#8026 = CARTESIAN_POINT ( 'NONE',  ( -10.00000000000000000, 11.00000000000000000, -8.000000000000000000 ) ) ;
#8027 = ORIENTED_EDGE ( 'NONE', *, *, #5746, .F. ) ;
#8028 = CARTESIAN_POINT ( 'NONE',  ( 10.80346761386189414, 10.99999999999999467, -4.552491513736079298 ) ) ;
#8029 = ORIENTED_EDGE ( 'NONE', *, *, #4332, .F. ) ;
#8030 = ADVANCED_FACE ( 'NONE', ( #8053 ), #1167, .T. ) ;
#8031 =( BOUNDED_SURFACE ( )  B_SPLINE_SURFACE ( 3, 2, ( 
 ( #2958, #1686, #4188 ),
 ( #6675, #543, #5491 ),
 ( #1077, #3577, #458 ),
 ( #7333, #1729, #1158 ) ),
 .UNSPECIFIED., .F., .F., .F. ) 
 B_SPLINE_SURFACE_WITH_KNOTS ( ( 4, 4 ),
 ( 3, 3 ),
 ( -4.336808689942017736E-19, 0.001301569000329252284 ),
 ( 0.000000000000000000, 1.000000000000000000 ),
 .UNSPECIFIED. ) 
 GEOMETRIC_REPRESENTATION_ITEM ( )  RATIONAL_B_SPLINE_SURFACE ( (
 ( 1.000000000000000000, 0.8660254037844388186, 1.000000000000000000),
 ( 1.000000000000000000, 0.8767453782970321408, 1.000000000000000000),
 ( 1.000000000000000000, 0.8863737159821929446, 1.000000000000000000),
 ( 1.000000000000000000, 0.8944271909999153003, 1.000000000000000000) ) ) 
 REPRESENTATION_ITEM ( '' )  SURFACE ( )  );
#8032 = CARTESIAN_POINT ( 'NONE',  ( 12.74357513242834017, 10.92761993408718801, -12.87489632784788007 ) ) ;
#8033 = CARTESIAN_POINT ( 'NONE',  ( 36.41660281742314709, -10.99999999999999467, -14.62308162144534762 ) ) ;
#8034 = CARTESIAN_POINT ( 'NONE',  ( 12.48101322575439198, 6.899762751222640489, -14.52031307643989777 ) ) ;
#8035 = CARTESIAN_POINT ( 'NONE',  ( -12.99809490959155589, 9.545376620004944357, -2.365513330797128333 ) ) ;
#8036 = DIRECTION ( 'NONE',  ( 1.000000000000000000, 0.000000000000000000, -6.938893903907229364E-16 ) ) ;
#8037 = VERTEX_POINT ( 'NONE', #2316 ) ;
#8038 = CARTESIAN_POINT ( 'NONE',  ( 13.54493630753689182, 7.519926107371350810, -15.97450018395737281 ) ) ;
#8039 = CARTESIAN_POINT ( 'NONE',  ( 18.82848114358520419, -9.584658720439639623, -16.00401495921738615 ) ) ;
#8040 = VERTEX_POINT ( 'NONE', #4239 ) ;
#8041 = CARTESIAN_POINT ( 'NONE',  ( -22.43592135468237103, -7.768376193217774173, -16.35170952654929621 ) ) ;
#8042 = CARTESIAN_POINT ( 'NONE',  ( -23.12310562561766503, -8.057641145488908307, -15.85764114548888415 ) ) ;
#8043 = CARTESIAN_POINT ( 'NONE',  ( 23.79583152331272444, -6.999999999999997335, -16.99999999999999645 ) ) ;
#8044 = CARTESIAN_POINT ( 'NONE',  ( 40.50000000000002132, 7.000000000000002665, -33.49999999999999289 ) ) ;
#8045 = DIRECTION ( 'NONE',  ( 0.000000000000000000, 0.000000000000000000, 1.000000000000000000 ) ) ;
#8046 = CARTESIAN_POINT ( 'NONE',  ( -9.729764918717421551, 9.504616787334814632, -5.388725250017608381 ) ) ;
#8047 = CARTESIAN_POINT ( 'NONE',  ( -23.12310562561766503, -8.057641145488908307, -15.85764114548888415 ) ) ;
#8048 = ORIENTED_EDGE ( 'NONE', *, *, #1670, .T. ) ;
#8049 = CARTESIAN_POINT ( 'NONE',  ( 15.56407864531689178, -7.768376193214820979, -16.35170952655169430 ) ) ;
#8050 = CARTESIAN_POINT ( 'NONE',  ( -12.71929428949880503, 9.901707816696692532, -12.59499497265378132 ) ) ;
#8051 = CARTESIAN_POINT ( 'NONE',  ( 8.074855999368097059, 11.00000000000000178, -5.720152263666131276 ) ) ;
#8052 = CARTESIAN_POINT ( 'NONE',  ( -9.185011495753368393, 4.740840815378608575, -14.31537573367258531 ) ) ;
#8053 = FACE_OUTER_BOUND ( 'NONE', #158, .T. ) ;
#8054 = ORIENTED_EDGE ( 'NONE', *, *, #5698, .F. ) ;
#8055 = CARTESIAN_POINT ( 'NONE',  ( 21.52976923454370350, -9.075125411283510246, -15.85857457683238358 ) ) ;
#8056 = LOCAL_TIME ( 14, 35, 32.00000000000000000, #3857 ) ;
#8057 = CARTESIAN_POINT ( 'NONE',  ( -11.19309801983567887, 4.954916852399417593, -14.33519523330006429 ) ) ;
#8058 = CARTESIAN_POINT ( 'NONE',  ( -13.53231758303410714, 10.99999999999999289, -11.99999999999998401 ) ) ;
#8059 = CARTESIAN_POINT ( 'NONE',  ( -22.43592135468139048, -7.768376193217611636, -16.35170952655092336 ) ) ;
#8060 = DIRECTION ( 'NONE',  ( 0.000000000000000000, 0.000000000000000000, 1.000000000000000000 ) ) ;
#8061 = CARTESIAN_POINT ( 'NONE',  ( -17.42485798905223149, 7.086550331987876206, -16.43416298511019846 ) ) ;
#8062 = EDGE_CURVE ( 'NONE', #1164, #4545, #5984, .T. ) ;
#8063 = CARTESIAN_POINT ( 'NONE',  ( -18.25461347621402552, 10.99999999999999112, -12.03392782381964210 ) ) ;
#8064 = CARTESIAN_POINT ( 'NONE',  ( -21.23606797749981823, 6.999999999999990230, -11.99999999999998224 ) ) ;
#8065 = VERTEX_POINT ( 'NONE', #6159 ) ;
#8066 = CARTESIAN_POINT ( 'NONE',  ( 9.263075805256754336, 10.99999999999999645, -6.194065796943146296 ) ) ;
#8067 = ORIENTED_EDGE ( 'NONE', *, *, #2223, .T. ) ;
#8068 = DIRECTION ( 'NONE',  ( 1.000000000000000000, -0.000000000000000000, 0.000000000000000000 ) ) ;
#8069 = CARTESIAN_POINT ( 'NONE',  ( -19.26855623483809055, -10.99999999999985612, -14.69569988779553604 ) ) ;
#8070 = CARTESIAN_POINT ( 'NONE',  ( -40.49999999999996447, -7.000000000000002665, -20.00000000000000000 ) ) ;
#8071 = CARTESIAN_POINT ( 'NONE',  ( -31.00000000000000711, -7.000000000000001776, -11.99999999999998046 ) ) ;
#8072 = CARTESIAN_POINT ( 'NONE',  ( 31.95409470100380744, 10.66044859704380698, -13.80442380655573942 ) ) ;
#8073 = CARTESIAN_POINT ( 'NONE',  ( -18.04711337549421657, 7.935653589964477561, -15.91859184902536661 ) ) ;
#8074 = ADVANCED_FACE ( 'NONE', ( #5548 ), #3623, .T. ) ;
#8075 = EDGE_CURVE ( 'NONE', #8040, #6558, #7177, .T. ) ;
#8076 = ORIENTED_EDGE ( 'NONE', *, *, #2879, .T. ) ;
#8077 = CARTESIAN_POINT ( 'NONE',  ( 14.20416847668727556, -6.999999999999998224, -16.99999999999998934 ) ) ;
#8078 = CARTESIAN_POINT ( 'NONE',  ( -23.00971346117153971, -8.091165477516584659, -15.85347043396956934 ) ) ;
#8079 = CARTESIAN_POINT ( 'NONE',  ( 2.892794390015602346, -9.840009727598575395, -13.05733696794389687 ) ) ;
#8080 = AXIS2_PLACEMENT_3D ( 'NONE', #5104, #5757, #333 ) ;
#8081 = CARTESIAN_POINT ( 'NONE',  ( 2.365809941763321156, -9.825927553790693381, -4.032860831388489942 ) ) ;
#8082 = ADVANCED_FACE ( 'NONE', ( #2397 ), #425, .T. ) ;
#8083 = DIRECTION ( 'NONE',  ( -0.6382847385044443378, 0.7698003589193196383, 1.040834085586084099E-14 ) ) ;
#8084 = CARTESIAN_POINT ( 'NONE',  ( -2.481077098586860430, -6.900016724966095083, -1.479664059276790899 ) ) ;
#8085 = CARTESIAN_POINT ( 'NONE',  ( -11.78178348219440785, 9.710658672021738269, -4.656921241805393130 ) ) ;
#8086 = AXIS2_PLACEMENT_3D ( 'NONE', #1267, #3106, #8083 ) ;
#8087 = CARTESIAN_POINT ( 'NONE',  ( 19.00000000000000000, -5.000000000000000000, -16.99999999999999289 ) ) ;
#8088 = ORIENTED_EDGE ( 'NONE', *, *, #6735, .T. ) ;
#8089 = CARTESIAN_POINT ( 'NONE',  ( 2.971870746806194230, -9.027658802990437437, -14.12211324941099733 ) ) ;
ENDSEC;
END-ISO-10303-21;
