ISO-10303-21;
HEADER;
FILE_DESCRIPTION (( 'STEP AP203' ),
    '1' );
FILE_NAME ('Patella_v3_template_Default_sldprt.STEP',
    '2026-09-12T21:35:29',
    ( '' ),
    ( '' ),
    'SwSTEP 2.0',
    'SolidWorks 2025',
    '' );
FILE_SCHEMA (( 'CONFIG_CONTROL_DESIGN' ));
ENDSEC;

DATA;
#1 = CARTESIAN_POINT ( 'NONE',  ( 0.1716225952292077528, -3.118714565274934181, -9.806923242773946114 ) ) ;
#2 = CARTESIAN_POINT ( 'NONE',  ( -8.962799712384001083, -9.577677016888557467E-16, 42.84440053730968145 ) ) ;
#3 = EDGE_CURVE ( 'NONE', #8157, #119, #368, .T. ) ;
#4 = CARTESIAN_POINT ( 'NONE',  ( -9.399999999999998579, -31.34999999999998366, 3.466689686968423612 ) ) ;
#5 = CARTESIAN_POINT ( 'NONE',  ( 0.3359469009914489712, -26.86726917631052558, -2.500000000000000000 ) ) ;
#6 = ORIENTED_EDGE ( 'NONE', *, *, #2881, .F. ) ;
#7 = EDGE_LOOP ( 'NONE', ( #973, #3772, #7975, #5270 ) ) ;
#8 = VERTEX_POINT ( 'NONE', #6346 ) ;
#9 = FACE_OUTER_BOUND ( 'NONE', #2667, .T. ) ;
#10 = VECTOR ( 'NONE', #2140, 1000.000000000000000 ) ;
#11 = CARTESIAN_POINT ( 'NONE',  ( 0.1822098361247932730, -12.80558224568220993, -9.881333367859294725 ) ) ;
#12 = CARTESIAN_POINT ( 'NONE',  ( -15.11436904736065756, 1.756212954836733062E-15, -31.81198191039257139 ) ) ;
#13 = EDGE_LOOP ( 'NONE', ( #1718, #4468, #2068 ) ) ;
#14 = CARTESIAN_POINT ( 'NONE',  ( 0.3735402192011531564, -26.50016657880090776, 2.307273359987457528 ) ) ;
#15 = CARTESIAN_POINT ( 'NONE',  ( -12.69999999999999929, -37.39999999999999147, -45.00000000000001421 ) ) ;
#16 = FACE_OUTER_BOUND ( 'NONE', #3079, .T. ) ;
#17 = CARTESIAN_POINT ( 'NONE',  ( 0.4397376543209853272, -26.39999999999999858, -2.000000000000000000 ) ) ;
#18 = DIRECTION ( 'NONE',  ( 9.251858538542971581E-17, 0.000000000000000000, 1.000000000000000000 ) ) ;
#19 = DIRECTION ( 'NONE',  ( 1.224646799147353454E-16, -1.000000000000000000, 0.000000000000000000 ) ) ;
#20 = EDGE_LOOP ( 'NONE', ( #687, #8890, #3398, #8661, #8657, #4741 ) ) ;
#21 = CARTESIAN_POINT ( 'NONE',  ( 0.000000000000000000, -26.92333333333333911, 34.43611525448112332 ) ) ;
#22 = CARTESIAN_POINT ( 'NONE',  ( -9.399999999999998579, 0.5750000000000013989, 0.9959292143521070173 ) ) ;
#23 = ORIENTED_EDGE ( 'NONE', *, *, #5676, .F. ) ;
#24 = CARTESIAN_POINT ( 'NONE',  ( -0.0003166339512391009724, -2.000000000000000444, -33.84370733361323147 ) ) ;
#25 = VECTOR ( 'NONE', #5877, 1000.000000000000114 ) ;
#26 = CARTESIAN_POINT ( 'NONE',  ( 0.06776388190589523186, -12.52696501331545065, -6.994813841822844047 ) ) ;
#27 = CARTESIAN_POINT ( 'NONE',  ( -24.97301262506112707, -39.39999999999999147, 39.34232129176221804 ) ) ;
#28 = FACE_OUTER_BOUND ( 'NONE', #1422, .T. ) ;
#29 = CARTESIAN_POINT ( 'NONE',  ( -9.300000000000002487, -36.54999999999999005, -12.47335388632658493 ) ) ;
#30 = CARTESIAN_POINT ( 'NONE',  ( 0.09871115433697331965, -3.499962188687922193, -6.999993698114655771 ) ) ;
#31 = ORIENTED_EDGE ( 'NONE', *, *, #7506, .F. ) ;
#32 = CARTESIAN_POINT ( 'NONE',  ( -36.25000000000000000, -4.439344646909155431E-15, 43.00000000000000000 ) ) ;
#33 = CARTESIAN_POINT ( 'NONE',  ( 0.2132458847738284979, -2.999999999999999556, -9.499999999999998224 ) ) ;
#34 = CARTESIAN_POINT ( 'NONE',  ( -2.447702741910023683, -4.206256480899768320E-16, 37.47362833884199773 ) ) ;
#35 = CARTESIAN_POINT ( 'NONE',  ( 0.1032641237551616686, -36.32237514963970426, -2.292362806155462174 ) ) ;
#36 = EDGE_CURVE ( 'NONE', #3504, #4831, #7112, .T. ) ;
#37 = ADVANCED_FACE ( 'NONE', ( #9216 ), #7457, .T. ) ;
#38 = VECTOR ( 'NONE', #3914, 1000.000000000000000 ) ;
#39 = CARTESIAN_POINT ( 'NONE',  ( -16.29999999999999361, -37.39999999999999858, 24.12999999999999901 ) ) ;
#40 = CARTESIAN_POINT ( 'NONE',  ( -11.94772167351417380, -37.40000000000000568, -45.00000000000000711 ) ) ;
#41 = ORIENTED_EDGE ( 'NONE', *, *, #8172, .F. ) ;
#42 = CARTESIAN_POINT ( 'NONE',  ( 0.1003027371078694385, -12.82838377863888724, -7.101799066234271152 ) ) ;
#43 = CARTESIAN_POINT ( 'NONE',  ( -15.52909343994982372, -38.99933368479636187, 24.80000000000001847 ) ) ;
#44 = CARTESIAN_POINT ( 'NONE',  ( -14.29999999999999716, -39.39999999999999858, 24.13000000000000611 ) ) ;
#45 = CARTESIAN_POINT ( 'NONE',  ( -14.30000000000000249, -37.39999999999999858, -37.49999999999999289 ) ) ;
#46 = VERTEX_POINT ( 'NONE', #2728 ) ;
#47 = DIRECTION ( 'NONE',  ( -1.000000000000000000, 0.000000000000000000, 0.000000000000000000 ) ) ;
#48 = EDGE_CURVE ( 'NONE', #4802, #620, #377, .T. ) ;
#49 = DIRECTION ( 'NONE',  ( 0.000000000000000000, -1.000000000000000000, 0.000000000000000000 ) ) ;
#50 = CARTESIAN_POINT ( 'NONE',  ( 0.08023049856025987747, -3.269524073579890278, -9.970273603892028547 ) ) ;
#51 = CARTESIAN_POINT ( 'NONE',  ( -12.69999999999999929, -1.555301434917138630E-15, 43.00000000000000000 ) ) ;
#52 = DIRECTION ( 'NONE',  ( 1.000000000000000000, -0.000000000000000000, -0.000000000000000000 ) ) ;
#53 = CARTESIAN_POINT ( 'NONE',  ( 0.1154267357431391638, -26.83072875085679954, -2.492886886950276271 ) ) ;
#54 = ORIENTED_EDGE ( 'NONE', *, *, #451, .F. ) ;
#55 = VECTOR ( 'NONE', #9446, 1000.000000000000000 ) ;
#56 = ORIENTED_EDGE ( 'NONE', *, *, #2222, .F. ) ;
#57 = ORIENTED_EDGE ( 'NONE', *, *, #2956, .T. ) ;
#58 = CARTESIAN_POINT ( 'NONE',  ( -15.10797245798715949, 8.886525952087577208E-16, 31.79181668574362263 ) ) ;
#59 = CARTESIAN_POINT ( 'NONE',  ( -14.34485364170220478, 1.739435910824801277E-15, -27.33876599427199849 ) ) ;
#60 = VERTEX_POINT ( 'NONE', #2777 ) ;
#61 = CARTESIAN_POINT ( 'NONE',  ( 0.09737342326655952507, -26.39996798478066253, 2.000192091315994958 ) ) ;
#62 = LINE ( 'NONE', #1529, #8333 ) ;
#63 = EDGE_CURVE ( 'NONE', #515, #6759, #1644, .T. ) ;
#64 = DIRECTION ( 'NONE',  ( -1.000000000000000000, 1.734723475976895131E-14, 1.001543065824859646E-14 ) ) ;
#65 = CARTESIAN_POINT ( 'NONE',  ( 0.000000000000000000, -2.000000000000000888, 34.43611525448112332 ) ) ;
#66 = CARTESIAN_POINT ( 'NONE',  ( -1.999999999999999556, -39.39999999999999858, 45.00000000000000000 ) ) ;
#67 = ORIENTED_EDGE ( 'NONE', *, *, #7657, .T. ) ;
#68 = CARTESIAN_POINT ( 'NONE',  ( -3.719743878930847014, -41.37000000000000455, 44.08951261808173427 ) ) ;
#69 = CARTESIAN_POINT ( 'NONE',  ( 0.05425706991766705845, -3.437529526226269727, -10.01093379121377325 ) ) ;
#70 = ORIENTED_EDGE ( 'NONE', *, *, #9367, .F. ) ;
#71 = CARTESIAN_POINT ( 'NONE',  ( -16.19999999999999929, -31.39999999999997726, -3.437822173508938484 ) ) ;
#72 = LINE ( 'NONE', #6099, #143 ) ;
#73 = EDGE_CURVE ( 'NONE', #436, #187, #8383, .T. ) ;
#74 = DIRECTION ( 'NONE',  ( 0.000000000000000000, 0.000000000000000000, 1.000000000000000000 ) ) ;
#75 = AXIS2_PLACEMENT_3D ( 'NONE', #4243, #117, #6783 ) ;
#76 = CARTESIAN_POINT ( 'NONE',  ( -15.89933368479636755, -38.62909343994982692, -24.79999999999999361 ) ) ;
#77 = AXIS2_PLACEMENT_3D ( 'NONE', #6011, #8511, #815 ) ;
#78 = CARTESIAN_POINT ( 'NONE',  ( 0.1046862460739421824, -3.500000000000000444, -7.000000000000000000 ) ) ;
#79 = ORIENTED_EDGE ( 'NONE', *, *, #4822, .F. ) ;
#80 = ADVANCED_FACE ( 'NONE', ( #1194 ), #7825, .F. ) ;
#81 = CARTESIAN_POINT ( 'NONE',  ( 0.4397376543209853272, -26.39999999999999858, -2.000000000000000000 ) ) ;
#82 = AXIS2_PLACEMENT_3D ( 'NONE', #6374, #5594, #3399 ) ;
#83 = CARTESIAN_POINT ( 'NONE',  ( -21.98801808984319450, -39.39999999999995595, -38.68563095215520065 ) ) ;
#84 = CARTESIAN_POINT ( 'NONE',  ( 0.09999999999999939493, -12.49999999999999822, -10.00000000000000000 ) ) ;
#85 = CARTESIAN_POINT ( 'NONE',  ( 0.1722515828293414986, -36.20683689254555304, -2.381286525561031819 ) ) ;
#86 = VECTOR ( 'NONE', #3395, 1000.000000000000000 ) ;
#87 = CARTESIAN_POINT ( 'NONE',  ( -16.29999999999999361, -1.999999999999865663, 24.80000000000001492 ) ) ;
#88 = CARTESIAN_POINT ( 'NONE',  ( 0.000000000000000000, -25.59999999999999076, -32.30000000000001137 ) ) ;
#89 = ORIENTED_EDGE ( 'NONE', *, *, #9516, .F. ) ;
#90 = DIRECTION ( 'NONE',  ( 9.251858538542971581E-17, 0.000000000000000000, 1.000000000000000000 ) ) ;
#91 = CIRCLE ( 'NONE', #1335, 0.1000000000000001721 ) ;
#92 = DIRECTION ( 'NONE',  ( 1.000000000000000000, 0.000000000000000000, 0.000000000000000000 ) ) ;
#93 = CARTESIAN_POINT ( 'NONE',  ( 0.1471451563414571118, -26.42416739130417724, -2.144454480352189218 ) ) ;
#94 = ORIENTED_EDGE ( 'NONE', *, *, #5490, .F. ) ;
#95 = CARTESIAN_POINT ( 'NONE',  ( -7.031044352342286530, -39.39999999999998437, 44.49141882979457563 ) ) ;
#96 = DIRECTION ( 'NONE',  ( 1.000000000000000000, -0.000000000000000000, -9.251858538542972814E-17 ) ) ;
#97 = CARTESIAN_POINT ( 'NONE',  ( 0.2610620545656554548, -3.200859057363728333, -9.885241064941855171 ) ) ;
#98 = DIRECTION ( 'NONE',  ( -1.000000000000000000, 0.000000000000000000, 9.251858538542972814E-17 ) ) ;
#99 = EDGE_CURVE ( 'NONE', #8874, #2923, #9088, .T. ) ;
#100 = FACE_OUTER_BOUND ( 'NONE', #4853, .T. ) ;
#101 = CARTESIAN_POINT ( 'NONE',  ( 0.3335696373456755737, -26.89999999999999858, -2.500000000000000000 ) ) ;
#102 = EDGE_LOOP ( 'NONE', ( #266, #3007, #836, #5744, #3813, #9664 ) ) ;
#103 = VERTEX_POINT ( 'NONE', #6395 ) ;
#104 = CARTESIAN_POINT ( 'NONE',  ( -17.86195252083778229, -2.000000000000000000, 33.10360032484303616 ) ) ;
#105 = AXIS2_PLACEMENT_3D ( 'NONE', #145, #96, #2412 ) ;
#106 = CARTESIAN_POINT ( 'NONE',  ( 0.1972545341000822572, -12.99999999999999822, -9.529120942695264773 ) ) ;
#107 = CARTESIAN_POINT ( 'NONE',  ( -16.41017446848896455, 1.718405861038755875E-15, -34.56212944931652942 ) ) ;
#108 = VERTEX_POINT ( 'NONE', #1943 ) ;
#109 = SPHERICAL_SURFACE ( 'NONE', #3114, 0.1000000000000000056 ) ;
#110 = CARTESIAN_POINT ( 'NONE',  ( -9.399999999999998579, -13.15000000000000036, -2.973353886326560946 ) ) ;
#111 = CARTESIAN_POINT ( 'NONE',  ( -16.29999999999999716, -26.05000000000000071, 12.53108891324553831 ) ) ;
#112 = AXIS2_PLACEMENT_3D ( 'NONE', #1712, #5974, #9177 ) ;
#113 = CARTESIAN_POINT ( 'NONE',  ( -16.19999999999999929, -36.54999999999999005, -6.526646113673447935 ) ) ;
#114 = CARTESIAN_POINT ( 'NONE',  ( 0.1455568328268844469, -12.90455284456860952, -7.095447155431076069 ) ) ;
#115 = EDGE_CURVE ( 'NONE', #6603, #404, #7978, .T. ) ;
#116 = ORIENTED_EDGE ( 'NONE', *, *, #4946, .F. ) ;
#117 = DIRECTION ( 'NONE',  ( 0.000000000000000000, 1.000000000000000000, 0.000000000000000000 ) ) ;
#118 = FACE_OUTER_BOUND ( 'NONE', #8999, .T. ) ;
#119 = VERTEX_POINT ( 'NONE', #7929 ) ;
#120 = CARTESIAN_POINT ( 'NONE',  ( -16.19999999999999574, -7.999999999999986677, 6.062177826491081056 ) ) ;
#121 = CARTESIAN_POINT ( 'NONE',  ( 0.03864744970013646308, -26.37896749060026380, 2.126195056398418881 ) ) ;
#122 = CARTESIAN_POINT ( 'NONE',  ( -9.399999999999998579, -2.849999999999999201, -2.973353886326576934 ) ) ;
#123 =( BOUNDED_SURFACE ( )  B_SPLINE_SURFACE ( 3, 2, ( 
 ( #3866, #8975, #9653 ),
 ( #131, #5910, #3130 ),
 ( #8926, #2192, #6746 ),
 ( #2244, #5335, #5179 ),
 ( #8331, #1451, #5230 ),
 ( #1500, #4491, #1606 ),
 ( #34, #4596, #8283 ),
 ( #8919, #8124, #5711 ),
 ( #2883, #611, #1196 ),
 ( #2930, #5854, #5125 ),
 ( #7283, #8773, #4978 ),
 ( #3611, #2041, #6448 ),
 ( #6588, #4241, #4930 ),
 ( #5760, #4388, #3464 ),
 ( #9648, #3665, #5026 ),
 ( #7981, #558, #8074 ),
 ( #5075, #3559, #1342 ),
 ( #5903, #9551, #1394 ),
 ( #3510, #4196, #6640 ),
 ( #9455, #7386, #2090 ),
 ( #7334, #8871, #2136 ),
 ( #2731, #663, #7932 ),
 ( #8724, #7190, #1993 ),
 ( #4287, #8027, #465 ),
 ( #6538, #1247, #1293 ),
 ( #4339, #512, #7238 ),
 ( #6492, #9501, #5808 ),
 ( #2779, #2831, #8825 ) ),
 .UNSPECIFIED., .F., .F., .F. ) 
 B_SPLINE_SURFACE_WITH_KNOTS ( ( 4, 2, 2, 2, 2, 2, 2, 2, 2, 2, 2, 2, 2, 4 ),
 ( 3, 3 ),
 ( 0.000000000000000000, 0.002224527990796176889, 0.004449055981592353777, 0.005561319976990442004, 0.006673583972388531099, 0.007785847967786619327, 0.008898111963184707554, 0.01001037595858279491, 0.01056650795628183946, 0.01112263995398088401, 0.01223490394937897310, 0.01334716794477706220, 0.01557169593557323865, 0.01779622392636941511 ),
 ( 0.000000000000000000, 1.000000000000000000 ),
 .UNSPECIFIED. ) 
 GEOMETRIC_REPRESENTATION_ITEM ( )  RATIONAL_B_SPLINE_SURFACE ( (
 ( 1.000000000000000000, 0.7071067811865476838, 1.000000000000000000),
 ( 1.000000000000000000, 0.7071067811865476838, 1.000000000000000000),
 ( 1.000000000000000000, 0.7071067811865474617, 1.000000000000000000),
 ( 1.000000000000000000, 0.7071067811865474617, 1.000000000000000000),
 ( 1.000000000000000000, 0.7071067811865474617, 1.000000000000000000),
 ( 1.000000000000000000, 0.7071067811865474617, 1.000000000000000000),
 ( 1.000000000000000000, 0.7071067811865474617, 1.000000000000000000),
 ( 1.000000000000000000, 0.7071067811865474617, 1.000000000000000000),
 ( 1.000000000000000000, 0.7071067811865474617, 1.000000000000000000),
 ( 1.000000000000000000, 0.7071067811865474617, 1.000000000000000000),
 ( 1.000000000000000000, 0.7071067811865474617, 1.000000000000000000),
 ( 1.000000000000000000, 0.7071067811865474617, 1.000000000000000000),
 ( 1.000000000000000000, 0.7071067811865475727, 1.000000000000000000),
 ( 1.000000000000000000, 0.7071067811865475727, 1.000000000000000000),
 ( 1.000000000000000000, 0.7071067811865475727, 1.000000000000000000),
 ( 1.000000000000000000, 0.7071067811865475727, 1.000000000000000000),
 ( 1.000000000000000000, 0.7071067811865474617, 1.000000000000000000),
 ( 1.000000000000000000, 0.7071067811865474617, 1.000000000000000000),
 ( 1.000000000000000000, 0.7071067811865474617, 1.000000000000000000),
 ( 1.000000000000000000, 0.7071067811865474617, 1.000000000000000000),
 ( 1.000000000000000000, 0.7071067811865475727, 1.000000000000000000),
 ( 1.000000000000000000, 0.7071067811865475727, 1.000000000000000000),
 ( 1.000000000000000000, 0.7071067811865475727, 1.000000000000000000),
 ( 1.000000000000000000, 0.7071067811865475727, 1.000000000000000000),
 ( 1.000000000000000000, 0.7071067811865476838, 1.000000000000000000),
 ( 1.000000000000000000, 0.7071067811865476838, 1.000000000000000000),
 ( 1.000000000000000000, 0.7071067811865461294, 1.000000000000000000),
 ( 1.000000000000000000, 0.7071067811865461294, 1.000000000000000000) ) ) 
 REPRESENTATION_ITEM ( '' )  SURFACE ( )  );
#124 = CARTESIAN_POINT ( 'NONE',  ( -12.70000000000000107, -39.40000000000000568, -43.26179938779915091 ) ) ;
#125 = CONICAL_SURFACE ( 'NONE', #1531, 3.349999999999997868, 0.7853981633974639331 ) ;
#126 = CARTESIAN_POINT ( 'NONE',  ( 0.03864744970013527653, -3.373804943601575346, -6.978967490600266110 ) ) ;
#127 = ADVANCED_FACE ( 'NONE', ( #4193 ), #5023, .F. ) ;
#128 = ORIENTED_EDGE ( 'NONE', *, *, #343, .F. ) ;
#129 = CARTESIAN_POINT ( 'NONE',  ( -16.20000000000000284, -46.84935565298213334, -24.59733752538453189 ) ) ;
#130 = CARTESIAN_POINT ( 'NONE',  ( -22.47800491386976063, -39.39999999999995595, -38.83293045570337654 ) ) ;
#131 = CARTESIAN_POINT ( 'NONE',  ( -1.999999994420877281, -3.469446951270124590E-15, 33.04663857281182970 ) ) ;
#132 = CARTESIAN_POINT ( 'NONE',  ( 0.1331548417643299287, -36.37418044680305229, -2.144741068825112507 ) ) ;
#133 = CIRCLE ( 'NONE', #7809, 1.750000000000001554 ) ;
#134 = CARTESIAN_POINT ( 'NONE',  ( 8.000000000000001776, -36.39999999999999858, 2.000000000000000000 ) ) ;
#135 = AXIS2_PLACEMENT_3D ( 'NONE', #2253, #7451, #8387 ) ;
#136 = ADVANCED_FACE ( 'NONE', ( #8770 ), #1244, .F. ) ;
#137 = CARTESIAN_POINT ( 'NONE',  ( -12.70000000000000107, -39.40000000000001279, -45.00000000000001421 ) ) ;
#138 = ORIENTED_EDGE ( 'NONE', *, *, #5608, .F. ) ;
#139 = AXIS2_PLACEMENT_3D ( 'NONE', #7146, #1757, #4893 ) ;
#140 = CARTESIAN_POINT ( 'NONE',  ( -9.300000000000000711, -9.388620667976089962, -16.26156800992583840 ) ) ;
#141 = CARTESIAN_POINT ( 'NONE',  ( 0.05425391871169807367, -12.56338103814669083, -10.01106857204800349 ) ) ;
#142 = CARTESIAN_POINT ( 'NONE',  ( -14.29999999620191531, -39.39999999999998437, 25.30805106144043037 ) ) ;
#143 = VECTOR ( 'NONE', #4384, 1000.000000000000114 ) ;
#144 = CARTESIAN_POINT ( 'NONE',  ( -36.24999999999999289, -37.40000000000000568, 39.49999999999999289 ) ) ;
#145 = CARTESIAN_POINT ( 'NONE',  ( -16.19999999999999929, -13.15000000000000391, -2.973353886326565831 ) ) ;
#146 = ADVANCED_FACE ( 'NONE', ( #1291 ), #4285, .F. ) ;
#147 = CARTESIAN_POINT ( 'NONE',  ( 0.1040424905712090675, -3.339723993953953141, -9.973926683275122329 ) ) ;
#148 = CARTESIAN_POINT ( 'NONE',  ( 0.4397376543209871036, -36.12157560318399874, 2.449416480216386915 ) ) ;
#149 = CARTESIAN_POINT ( 'NONE',  ( -15.10797245798672606, -39.39999999999999147, -31.79181668574360842 ) ) ;
#150 = SPHERICAL_SURFACE ( 'NONE', #1672, 0.1000000000000000056 ) ;
#151 = ORIENTED_EDGE ( 'NONE', *, *, #9221, .F. ) ;
#152 = EDGE_LOOP ( 'NONE', ( #3126, #5153, #2406, #3888 ) ) ;
#153 = CARTESIAN_POINT ( 'NONE',  ( -17.01380753583364935, 8.673617379884035472E-16, 31.18026866128832353 ) ) ;
#154 = CARTESIAN_POINT ( 'NONE',  ( 0.1356868812674049407, -12.97422212701578914, -9.643534123501947164 ) ) ;
#155 = EDGE_LOOP ( 'NONE', ( #2523, #8873, #8165, #175 ) ) ;
#156 = B_SPLINE_CURVE_WITH_KNOTS ( 'NONE', 5,
 ( #5920, #5823, #5237, #5188, #5089, #9034, #9613, #1508 ),
 .UNSPECIFIED., .F., .F.,
 ( 6, 2, 6 ),
 ( 0.000000000000000000, 0.01061253142894018515, 0.02122506285788037031 ),
 .UNSPECIFIED. ) ;
#157 = DIRECTION ( 'NONE',  ( 0.000000000000000000, -1.144620646656884724E-15, 1.000000000000000000 ) ) ;
#158 = DIRECTION ( 'NONE',  ( 0.000000000000000000, 0.000000000000000000, 1.000000000000000000 ) ) ;
#159 = CARTESIAN_POINT ( 'NONE',  ( -9.299999999999998934, -50.41297632095822934, -18.42496546954735237 ) ) ;
#160 = EDGE_CURVE ( 'NONE', #1752, #4096, #2806, .T. ) ;
#161 = CARTESIAN_POINT ( 'NONE',  ( -16.19999999999999929, -13.14999999999999503, 2.973353886326579598 ) ) ;
#162 = DIRECTION ( 'NONE',  ( 9.251858538542972814E-17, 2.861551616642208852E-16, 1.000000000000000000 ) ) ;
#163 = CARTESIAN_POINT ( 'NONE',  ( -14.32258492314884712, 8.660076869707431282E-16, 26.81954309538425818 ) ) ;
#164 = AXIS2_PLACEMENT_3D ( 'NONE', #4935, #5031, #8031 ) ;
#165 = VERTEX_POINT ( 'NONE', #2087 ) ;
#166 = DIRECTION ( 'NONE',  ( -9.251858538542976511E-17, -1.604941620322697821E-32, -1.000000000000000000 ) ) ;
#167 = CARTESIAN_POINT ( 'NONE',  ( 0.000000000000000000, -13.09999999999999964, -10.09999999999999964 ) ) ;
#168 = ORIENTED_EDGE ( 'NONE', *, *, #3936, .F. ) ;
#169 = CARTESIAN_POINT ( 'NONE',  ( 0.08444913279851148924, -26.39895312550195783, -2.005163391069948897 ) ) ;
#170 = CARTESIAN_POINT ( 'NONE',  ( 0.03864744970013558184, -13.02103250939973655, -9.626195056398417549 ) ) ;
#171 = CARTESIAN_POINT ( 'NONE',  ( 7.500000000000002665, -12.49999999999999822, -9.500000000000000000 ) ) ;
#172 = EDGE_CURVE ( 'NONE', #638, #5056, #5073, .T. ) ;
#173 = DIRECTION ( 'NONE',  ( -9.251858538542974046E-17, -1.604941620322697274E-32, -1.000000000000000000 ) ) ;
#174 = CARTESIAN_POINT ( 'NONE',  ( 0.01648282397503601088, -36.15726017538707282, 2.542876695477376270 ) ) ;
#175 = ORIENTED_EDGE ( 'NONE', *, *, #3707, .F. ) ;
#176 = AXIS2_PLACEMENT_3D ( 'NONE', #3783, #3050, #5930 ) ;
#177 = DIRECTION ( 'NONE',  ( 0.000000000000000000, 0.000000000000000000, -1.000000000000000000 ) ) ;
#178 = CARTESIAN_POINT ( 'NONE',  ( -29.00000000000000000, -38.40723796074180285, -37.75242722329148393 ) ) ;
#179 = CARTESIAN_POINT ( 'NONE',  ( 0.3476626957328047274, -36.38397811073097898, -2.129637811980199746 ) ) ;
#180 = ORIENTED_EDGE ( 'NONE', *, *, #4918, .T. ) ;
#181 = EDGE_CURVE ( 'NONE', #6735, #6680, #8295, .T. ) ;
#182 = AXIS2_PLACEMENT_3D ( 'NONE', #110, #1676, #4619 ) ;
#183 = CARTESIAN_POINT ( 'NONE',  ( -17.21048738191825578, -2.000000000000000444, 33.78025612106916498 ) ) ;
#184 = VECTOR ( 'NONE', #1969, 1000.000000000000000 ) ;
#185 = AXIS2_PLACEMENT_3D ( 'NONE', #3785, #7512, #3336 ) ;
#186 = CARTESIAN_POINT ( 'NONE',  ( -7.399776103850291165, -37.40000000000000568, -44.57888333135802839 ) ) ;
#187 = VERTEX_POINT ( 'NONE', #7485 ) ;
#188 = CARTESIAN_POINT ( 'NONE',  ( -16.29999999999999716, -31.49999999999998579, 3.380087146589984215 ) ) ;
#189 = CARTESIAN_POINT ( 'NONE',  ( 7.500000000000000000, -2.999999999999998668, -7.500000000000000000 ) ) ;
#190 = AXIS2_PLACEMENT_3D ( 'NONE', #3345, #3292, #7110 ) ;
#191 = CARTESIAN_POINT ( 'NONE',  ( -9.399999999999996803, -31.39999999999998437, 15.54670777265314641 ) ) ;
#192 = AXIS2_PLACEMENT_3D ( 'NONE', #7475, #8313, #6630 ) ;
#193 = FACE_OUTER_BOUND ( 'NONE', #9552, .T. ) ;
#194 = EDGE_CURVE ( 'NONE', #2179, #7855, #2758, .T. ) ;
#195 = FACE_OUTER_BOUND ( 'NONE', #4527, .T. ) ;
#196 = CARTESIAN_POINT ( 'NONE',  ( 0.1724245677252723985, -3.192098608987320674, -9.881465166121710553 ) ) ;
#197 = DIRECTION ( 'NONE',  ( 1.000000000000000000, 1.734723475976807834E-16, 0.000000000000000000 ) ) ;
#198 = CARTESIAN_POINT ( 'NONE',  ( -17.30754390480574401, -39.39999999999999147, -31.98534499598774161 ) ) ;
#199 = CARTESIAN_POINT ( 'NONE',  ( 0.1046862460741159323, -26.90000000000000213, -2.499999999999998668 ) ) ;
#200 = VERTEX_POINT ( 'NONE', #4587 ) ;
#201 = ORIENTED_EDGE ( 'NONE', *, *, #3322, .T. ) ;
#202 = CARTESIAN_POINT ( 'NONE',  ( -19.36092027299225293, -2.000000000000000000, 34.98216965104840881 ) ) ;
#203 = ADVANCED_FACE ( 'NONE', ( #804 ), #4057, .T. ) ;
#204 = CARTESIAN_POINT ( 'NONE',  ( 0.1273818268653010288, -12.99295669889066218, -9.564405312327490805 ) ) ;
#205 = ORIENTED_EDGE ( 'NONE', *, *, #3381, .F. ) ;
#206 = LINE ( 'NONE', #3105, #3423 ) ;
#207 = PLANE ( 'NONE',  #3946 ) ;
#208 = CARTESIAN_POINT ( 'NONE',  ( -20.01974387893085350, -26.92333333332080514, -36.58951261808173427 ) ) ;
#209 = DIRECTION ( 'NONE',  ( 1.000000000000000000, 1.224646799147353454E-16, 0.000000000000000000 ) ) ;
#210 = CARTESIAN_POINT ( 'NONE',  ( -16.29999999999999716, -31.29999999999998650, -15.61991285341004065 ) ) ;
#211 = CARTESIAN_POINT ( 'NONE',  ( -21.03152055426786760, 1.359611189249338305E-15, 38.33468113028669677 ) ) ;
#212 = ORIENTED_EDGE ( 'NONE', *, *, #6160, .T. ) ;
#213 = EDGE_CURVE ( 'NONE', #9283, #1312, #7343, .T. ) ;
#214 = DIRECTION ( 'NONE',  ( 0.000000000000000000, 0.000000000000000000, -1.000000000000000000 ) ) ;
#215 = CARTESIAN_POINT ( 'NONE',  ( 0.4397376543209853272, -26.89999999999999858, -2.500000000000000000 ) ) ;
#216 = ORIENTED_EDGE ( 'NONE', *, *, #8133, .T. ) ;
#217 = CARTESIAN_POINT ( 'NONE',  ( 0.4397376543083739153, -3.369100306100426323, -6.999999999999999112 ) ) ;
#218 = CARTESIAN_POINT ( 'NONE',  ( 0.02117323960666851398, -3.004060726068846332, -9.995939273931254476 ) ) ;
#219 = CARTESIAN_POINT ( 'NONE',  ( 0.000000000000000000, -2.899999999999999911, 45.00000000000000000 ) ) ;
#220 = SPHERICAL_SURFACE ( 'NONE', #1692, 0.5000000000000000000 ) ;
#221 = CARTESIAN_POINT ( 'NONE',  ( 0.3290275287980277685, -13.00000000000000000, -7.467269176310513679 ) ) ;
#222 = CARTESIAN_POINT ( 'NONE',  ( 0.3541161069083805790, -3.278424396816002950, -7.050583519783613085 ) ) ;
#223 = ORIENTED_EDGE ( 'NONE', *, *, #5438, .T. ) ;
#224 = EDGE_CURVE ( 'NONE', #2571, #8055, #1442, .T. ) ;
#225 = DIRECTION ( 'NONE',  ( -1.000000000000000000, 0.000000000000000000, 0.000000000000000000 ) ) ;
#226 = CARTESIAN_POINT ( 'NONE',  ( -29.00000000000000355, -39.40000000000000568, -39.23820061220084909 ) ) ;
#227 = CARTESIAN_POINT ( 'NONE',  ( 0.1273818268671289555, -36.39295669892954521, -2.064405312564882244 ) ) ;
#228 = VERTEX_POINT ( 'NONE', #8171 ) ;
#229 = CARTESIAN_POINT ( 'NONE',  ( -3.288040446215923721E-17, -36.31136274870297598, 2.568560458117159939 ) ) ;
#230 = CARTESIAN_POINT ( 'NONE',  ( -6.964123894334475651, -37.39999999999999147, -44.47420779757132436 ) ) ;
#231 = VERTEX_POINT ( 'NONE', #9017 ) ;
#232 = CIRCLE ( 'NONE', #6645, 0.09999999999999939493 ) ;
#233 = DIRECTION ( 'NONE',  ( 0.000000000000000000, 0.000000000000000000, -1.000000000000000000 ) ) ;
#234 = DIRECTION ( 'NONE',  ( -1.000000000000000000, 0.000000000000000000, 0.000000000000000000 ) ) ;
#235 = EDGE_CURVE ( 'NONE', #6531, #6680, #1389, .T. ) ;
#236 = CARTESIAN_POINT ( 'NONE',  ( 0.1016644731461544410, -26.51837644525294380, -2.346713861942504753 ) ) ;
#237 = CIRCLE ( 'NONE', #2598, 0.09999999999999939493 ) ;
#238 = CARTESIAN_POINT ( 'NONE',  ( -3.122793505830803618, -39.39999999999999147, 39.28877359072478725 ) ) ;
#239 = CARTESIAN_POINT ( 'NONE',  ( 0.07942278206049488420, -3.010647244010383972, -9.710357154212335473 ) ) ;
#240 = CARTESIAN_POINT ( 'NONE',  ( 0.1637735006078331612, -3.231354667184922036, -9.918353414457202533 ) ) ;
#241 = CARTESIAN_POINT ( 'NONE',  ( -1.738200612200850204, 7.242131699024265434E-17, 32.30000000000001137 ) ) ;
#242 = DIRECTION ( 'NONE',  ( 1.000000000000000000, -0.000000000000000000, -0.000000000000000000 ) ) ;
#243 = CARTESIAN_POINT ( 'NONE',  ( 0.04294647018586984777, -36.41769245302228342, 2.106154718133699255 ) ) ;
#244 = EDGE_CURVE ( 'NONE', #5789, #46, #6737, .T. ) ;
#245 = ORIENTED_EDGE ( 'NONE', *, *, #6526, .T. ) ;
#246 = VERTEX_POINT ( 'NONE', #3856 ) ;
#247 = CARTESIAN_POINT ( 'NONE',  ( -20.67680302329141995, 8.673617379884035472E-16, 35.92668485648211885 ) ) ;
#248 = CARTESIAN_POINT ( 'NONE',  ( 0.09871115433711433185, -13.00000630188534956, -9.500037811312067149 ) ) ;
#249 = VERTEX_POINT ( 'NONE', #2928 ) ;
#250 = DIRECTION ( 'NONE',  ( 1.000000000000000000, -0.000000000000000000, -0.000000000000000000 ) ) ;
#251 = DIRECTION ( 'NONE',  ( -1.000000000000000000, 0.000000000000000000, 0.000000000000000000 ) ) ;
#252 = DIRECTION ( 'NONE',  ( 0.000000000000000000, -1.000000000000000000, 0.000000000000000000 ) ) ;
#253 = DIRECTION ( 'NONE',  ( -0.000000000000000000, 0.000000000000000000, 1.000000000000000000 ) ) ;
#254 = LINE ( 'NONE', #4861, #636 ) ;
#255 = ORIENTED_EDGE ( 'NONE', *, *, #6798, .T. ) ;
#256 = CARTESIAN_POINT ( 'NONE',  ( -40.00000000000000000, -31.39999999999999858, -9.500000000000008882 ) ) ;
#257 = ORIENTED_EDGE ( 'NONE', *, *, #3002, .F. ) ;
#258 = DIRECTION ( 'NONE',  ( 1.000000000000000000, -0.000000000000000000, -0.000000000000000000 ) ) ;
#259 = EDGE_LOOP ( 'NONE', ( #2893, #5370, #4142, #7951 ) ) ;
#260 = CARTESIAN_POINT ( 'NONE',  ( -9.399999999999998579, -36.54999999999999005, 6.526646113673449712 ) ) ;
#261 = CARTESIAN_POINT ( 'NONE',  ( 0.000000000000000000, -36.50000000000000711, 2.599999999999998312 ) ) ;
#262 = LINE ( 'NONE', #2484, #916 ) ;
#263 = EDGE_CURVE ( 'NONE', #5693, #4998, #3120, .T. ) ;
#264 = CARTESIAN_POINT ( 'NONE',  ( -29.00000000000000355, -1.738200612200853978, -37.50000000000000000 ) ) ;
#265 = CARTESIAN_POINT ( 'NONE',  ( 0.1390187199063747103, -3.187882317671759225, -7.118514916118035885 ) ) ;
#266 = ORIENTED_EDGE ( 'NONE', *, *, #9160, .F. ) ;
#267 = DIRECTION ( 'NONE',  ( 0.000000000000000000, 0.000000000000000000, 1.000000000000000000 ) ) ;
#268 = CARTESIAN_POINT ( 'NONE',  ( -29.00000000000000711, -39.34794535333664101, -38.97650423128143160 ) ) ;
#269 = CARTESIAN_POINT ( 'NONE',  ( 0.1937694398700449405, -36.39999999999999147, -2.000000000000001332 ) ) ;
#270 = VERTEX_POINT ( 'NONE', #1392 ) ;
#271 = EDGE_CURVE ( 'NONE', #6320, #5259, #72, .T. ) ;
#272 = CARTESIAN_POINT ( 'NONE',  ( -16.29999999999999716, -41.37000000000001165, 29.07223050896224237 ) ) ;
#273 = DIRECTION ( 'NONE',  ( 0.000000000000000000, 0.000000000000000000, 1.000000000000000000 ) ) ;
#274 = ORIENTED_EDGE ( 'NONE', *, *, #1124, .T. ) ;
#275 = FACE_OUTER_BOUND ( 'NONE', #7414, .T. ) ;
#276 = DIRECTION ( 'NONE',  ( 1.000000000000000000, -0.000000000000000000, -0.000000000000000000 ) ) ;
#277 = AXIS2_PLACEMENT_3D ( 'NONE', #4038, #7820, #8613 ) ;
#278 = CARTESIAN_POINT ( 'NONE',  ( 0.2528248678250017978, -26.48067617908781912, -2.243113539361708764 ) ) ;
#279 = CARTESIAN_POINT ( 'NONE',  ( -14.30000000000000604, 2.602085213965210642E-15, -24.79999999999999716 ) ) ;
#280 = CIRCLE ( 'NONE', #7014, 0.09999999999999939493 ) ;
#281 = CARTESIAN_POINT ( 'NONE',  ( -4.792031847717190374, -39.39999999999996305, 41.31977814303688490 ) ) ;
#282 = AXIS2_PLACEMENT_3D ( 'NONE', #4403, #3526, #1261 ) ;
#283 = CARTESIAN_POINT ( 'NONE',  ( 0.03864744970013655329, -26.77380494360158281, 2.521032509399734334 ) ) ;
#284 = EDGE_CURVE ( 'NONE', #9038, #9283, #2234, .T. ) ;
#285 = CARTESIAN_POINT ( 'NONE',  ( 0.4397376543209853272, -3.500000000000000888, -10.00000000000000000 ) ) ;
#286 = CARTESIAN_POINT ( 'NONE',  ( -1.476504231281439816, -0.05205464666336864082, 32.30000000000001137 ) ) ;
#287 = CARTESIAN_POINT ( 'NONE',  ( -9.299999999999998934, -8.000000000000000000, -3.599999999999993872 ) ) ;
#288 = LINE ( 'NONE', #5581, #9206 ) ;
#289 = ORIENTED_EDGE ( 'NONE', *, *, #3576, .F. ) ;
#290 = EDGE_LOOP ( 'NONE', ( #4769, #5401, #2959, #1388 ) ) ;
#291 = CARTESIAN_POINT ( 'NONE',  ( -29.00000000000000000, -37.39999999999999147, 37.50000000000001421 ) ) ;
#292 = CARTESIAN_POINT ( 'NONE',  ( 0.05903631049302648232, -36.06827857103909452, 2.505191704559110111 ) ) ;
#293 = ORIENTED_EDGE ( 'NONE', *, *, #2729, .F. ) ;
#294 = AXIS2_PLACEMENT_3D ( 'NONE', #8273, #1206, #8732 ) ;
#295 = SPHERICAL_SURFACE ( 'NONE', #6702, 0.5000000000000000000 ) ;
#296 = APPROVAL_DATE_TIME ( #6322, #1827 ) ;
#297 = EDGE_CURVE ( 'NONE', #1294, #5752, #280, .T. ) ;
#298 = DIRECTION ( 'NONE',  ( 0.000000000000000000, 1.000000000000000000, 0.000000000000000000 ) ) ;
#299 = CARTESIAN_POINT ( 'NONE',  ( -16.12967385468760639, 8.836168111231033725E-16, 34.10441226864818276 ) ) ;
#300 = ORIENTED_EDGE ( 'NONE', *, *, #393, .T. ) ;
#301 = DIRECTION ( 'NONE',  ( -1.000000000000000000, 0.000000000000000000, 0.000000000000000000 ) ) ;
#302 = VERTEX_POINT ( 'NONE', #8917 ) ;
#303 = FACE_OUTER_BOUND ( 'NONE', #3927, .T. ) ;
#304 = CARTESIAN_POINT ( 'NONE',  ( 2.449293598294706907E-16, -2.000000000000000000, 43.00000000000000000 ) ) ;
#305 = ORIENTED_EDGE ( 'NONE', *, *, #4401, .T. ) ;
#306 = CARTESIAN_POINT ( 'NONE',  ( 0.3690919001065083305, -26.59502259981160321, 2.397528356792145487 ) ) ;
#307 = CARTESIAN_POINT ( 'NONE',  ( -9.300000000000000711, -6.311379332023909328, -10.93162966890552745 ) ) ;
#308 = DIRECTION ( 'NONE',  ( 0.000000000000000000, 0.000000000000000000, 1.000000000000000000 ) ) ;
#309 = DIRECTION ( 'NONE',  ( -1.000000000000000000, 0.000000000000000000, 0.000000000000000000 ) ) ;
#310 = CARTESIAN_POINT ( 'NONE',  ( 0.3415240458044010441, -12.98397811073098929, -7.370362188019799810 ) ) ;
#311 = CARTESIAN_POINT ( 'NONE',  ( 0.1016644731461496809, -3.100921598850666427, -7.170740984459764711 ) ) ;
#312 = VERTEX_POINT ( 'NONE', #1546 ) ;
#313 =( BOUNDED_CURVE ( )  B_SPLINE_CURVE ( 3, ( #3208, #6096, #1734, #9108 ),
 .UNSPECIFIED., .F., .T. ) 
 B_SPLINE_CURVE_WITH_KNOTS ( ( 4, 4 ),
 ( 3.802110042356573238, 4.712388980384689674 ),
 .UNSPECIFIED. ) 
 CURVE ( )  GEOMETRIC_REPRESENTATION_ITEM ( )  RATIONAL_B_SPLINE_CURVE ( ( 1.000000000000000000, 0.9321331520445517160, 0.9321331520445517160, 1.000000000000000000 ) ) 
 REPRESENTATION_ITEM ( '' )  );
#314 = LINE ( 'NONE', #6896, #6358 ) ;
#315 = CARTESIAN_POINT ( 'NONE',  ( -14.29999999999999716, -39.39999999999999858, 24.12999999999999901 ) ) ;
#316 = CARTESIAN_POINT ( 'NONE',  ( 0.06626598899113213259, -36.40127265893790565, -2.007635953626958347 ) ) ;
#317 = ADVANCED_FACE ( 'NONE', ( #4533 ), #9645, .F. ) ;
#318 = CIRCLE ( 'NONE', #164, 0.1000000000000028644 ) ;
#319 = DIRECTION ( 'NONE',  ( -1.000000000000000000, 0.000000000000000000, 0.000000000000000000 ) ) ;
#320 = CARTESIAN_POINT ( 'NONE',  ( 0.01382043241904089628, -36.14192882088470782, 2.540321470147449023 ) ) ;
#321 = AXIS2_PLACEMENT_3D ( 'NONE', #8395, #7656, #924 ) ;
#322 = ORIENTED_EDGE ( 'NONE', *, *, #2739, .T. ) ;
#323 = VECTOR ( 'NONE', #4311, 1000.000000000000000 ) ;
#324 = CARTESIAN_POINT ( 'NONE',  ( -37.99999999999999289, -37.40000000000000568, 41.24999999999999289 ) ) ;
#325 = CARTESIAN_POINT ( 'NONE',  ( -9.399999999999998579, -7.999999999999996447, 5.946707772653152979 ) ) ;
#326 = CARTESIAN_POINT ( 'NONE',  ( 0.1415815638760135331, -3.038187589985625436, -7.320280175348748308 ) ) ;
#327 = EDGE_CURVE ( 'NONE', #3369, #249, #3264, .T. ) ;
#328 = CARTESIAN_POINT ( 'NONE',  ( 0.1848515071034848856, -26.53696889324007913, -2.325058818909845115 ) ) ;
#329 = CARTESIAN_POINT ( 'NONE',  ( -16.34236994174979785, 4.414449611927819233E-13, -27.22999565772916242 ) ) ;
#330 = CIRCLE ( 'NONE', #4560, 0.1000000000000001721 ) ;
#331 = CARTESIAN_POINT ( 'NONE',  ( -0.1710070776384930158, -39.39999999999999147, 36.31362801320157274 ) ) ;
#332 = AXIS2_PLACEMENT_3D ( 'NONE', #6471, #6372, #2067 ) ;
#333 = CYLINDRICAL_SURFACE ( 'NONE', #3720, 2.000000000000001776 ) ;
#334 = CARTESIAN_POINT ( 'NONE',  ( 0.4397376543209853272, -3.467269176310514123, -10.00000000000000000 ) ) ;
#335 = CYLINDRICAL_SURFACE ( 'NONE', #321, 2.000000000000000000 ) ;
#336 = AXIS2_PLACEMENT_3D ( 'NONE', #5501, #1493, #6231 ) ;
#337 = CARTESIAN_POINT ( 'NONE',  ( -16.57254851141642504, -37.39999999999647429, -29.47570671151623856 ) ) ;
#338 = CARTESIAN_POINT ( 'NONE',  ( 0.08444928430502897376, -13.00104685187027620, -7.494836963431406929 ) ) ;
#339 = ORIENTED_EDGE ( 'NONE', *, *, #3919, .T. ) ;
#340 = CARTESIAN_POINT ( 'NONE',  ( -21.79485017923938628, -2.000000000000000000, 36.48438087757072879 ) ) ;
#341 = CARTESIAN_POINT ( 'NONE',  ( 0.1822354427623192608, -35.95724698327271085, 2.499999999999999112 ) ) ;
#342 = ORIENTED_EDGE ( 'NONE', *, *, #1381, .T. ) ;
#343 = EDGE_CURVE ( 'NONE', #6904, #6080, #3903, .T. ) ;
#344 = DIRECTION ( 'NONE',  ( -1.224646799147353454E-16, 1.000000000000000000, -0.000000000000000000 ) ) ;
#345 = DIRECTION ( 'NONE',  ( 1.000000000000000000, 0.000000000000000000, 0.000000000000000000 ) ) ;
#346 = DATE_TIME_ROLE ( 'classification_date' ) ;
#347 = DIRECTION ( 'NONE',  ( 0.000000000000000000, 0.000000000000000000, 1.000000000000000000 ) ) ;
#348 = CARTESIAN_POINT ( 'NONE',  ( -9.400000000000000355, -60.37659698893430260, -1.167468245269441596 ) ) ;
#349 = DIRECTION ( 'NONE',  ( 0.000000000000000000, 1.000000000000000000, 0.000000000000000000 ) ) ;
#350 = ORIENTED_EDGE ( 'NONE', *, *, #63, .T. ) ;
#351 = CARTESIAN_POINT ( 'NONE',  ( -28.99999999999999289, -0.2524272232914911984, 38.49276203925820283 ) ) ;
#352 = ORIENTED_EDGE ( 'NONE', *, *, #2792, .T. ) ;
#353 = CARTESIAN_POINT ( 'NONE',  ( 0.1563214124998514865, -12.73825457618031898, -9.932962359721216217 ) ) ;
#354 = DIRECTION ( 'NONE',  ( 0.000000000000000000, 0.000000000000000000, -1.000000000000000000 ) ) ;
#355 = ORIENTED_EDGE ( 'NONE', *, *, #2206, .F. ) ;
#356 = EDGE_CURVE ( 'NONE', #4010, #6376, #1214, .T. ) ;
#357 = CARTESIAN_POINT ( 'NONE',  ( 0.4397376543465725263, -26.76912605782036181, 2.486986338334157498 ) ) ;
#358 = CARTESIAN_POINT ( 'NONE',  ( 0.1776268272250002833, -3.086945332943010101, -9.913054667056988123 ) ) ;
#359 = CARTESIAN_POINT ( 'NONE',  ( -16.29999999999999716, -7.999999999999988454, -5.946707772653140545 ) ) ;
#360 = CYLINDRICAL_SURFACE ( 'NONE', #6380, 2.000000000000001776 ) ;
#361 = CARTESIAN_POINT ( 'NONE',  ( -29.00000000000000355, -1.999999999999865663, -37.49999999999999289 ) ) ;
#362 = CARTESIAN_POINT ( 'NONE',  ( 0.1822098361197494465, -3.194417753572929897, -7.118666631250389898 ) ) ;
#363 = EDGE_LOOP ( 'NONE', ( #8946, #3040, #5068, #1229 ) ) ;
#364 = CARTESIAN_POINT ( 'NONE',  ( -16.19999999999999929, -2.749999999999997780, 2.973353886326579598 ) ) ;
#365 = CARTESIAN_POINT ( 'NONE',  ( 0.04882544355165868710, -26.38592287295779570, 2.082701009920099100 ) ) ;
#366 = ADVANCED_FACE ( 'NONE', ( #3356 ), #8566, .F. ) ;
#367 = FACE_OUTER_BOUND ( 'NONE', #4167, .T. ) ;
#368 = LINE ( 'NONE', #7737, #5857 ) ;
#369 = FACE_OUTER_BOUND ( 'NONE', #1552, .T. ) ;
#370 = ORIENTED_EDGE ( 'NONE', *, *, #1391, .T. ) ;
#371 = EDGE_CURVE ( 'NONE', #1669, #4366, #6697, .T. ) ;
#372 = CARTESIAN_POINT ( 'NONE',  ( -9.399999999999996803, -26.25000000000000000, 12.47335388632657427 ) ) ;
#373 = DIRECTION ( 'NONE',  ( 1.000000000000000000, 0.000000000000000000, 0.000000000000000000 ) ) ;
#374 = CARTESIAN_POINT ( 'NONE',  ( 0.1173425529686656782, -3.007137223611383359, -7.431601121377420682 ) ) ;
#375 = CARTESIAN_POINT ( 'NONE',  ( 0.1549889034678687272, -26.46706734486999579, -2.238659885707452446 ) ) ;
#376 = CARTESIAN_POINT ( 'NONE',  ( 0.2477958869140882703, -36.11255631492940665, -2.435554297053835526 ) ) ;
#377 = B_SPLINE_CURVE_WITH_KNOTS ( 'NONE', 3,
 ( #4238, #462, #3415, #5709 ),
 .UNSPECIFIED., .F., .F.,
 ( 4, 4 ),
 ( 0.05076142131984663630, 0.9492385786801900149 ),
 .UNSPECIFIED. ) ;
#378 = CARTESIAN_POINT ( 'NONE',  ( -6.938893903907228378E-15, -39.39999999999998437, 32.30000000000000426 ) ) ;
#379 = CYLINDRICAL_SURFACE ( 'NONE', #4336, 0.5000000000000004441 ) ;
#380 = AXIS2_PLACEMENT_3D ( 'NONE', #4648, #5342, #90 ) ;
#381 = FACE_OUTER_BOUND ( 'NONE', #8996, .T. ) ;
#382 = CARTESIAN_POINT ( 'NONE',  ( 0.03864744970013613695, -12.62619505639841933, -6.978967490600266999 ) ) ;
#383 = CARTESIAN_POINT ( 'NONE',  ( -17.76097771649530443, -39.39999999999999147, -32.92382876904776623 ) ) ;
#384 = CARTESIAN_POINT ( 'NONE',  ( 0.06697240821734587457, -36.40550354706134328, 2.028893750042361610 ) ) ;
#385 = ORIENTED_EDGE ( 'NONE', *, *, #2308, .F. ) ;
#386 = CARTESIAN_POINT ( 'NONE',  ( -27.98906481310265093, -39.40000000000000568, 39.49952840922944119 ) ) ;
#387 = CARTESIAN_POINT ( 'NONE',  ( 0.2338382497272227245, -36.11318465096061203, 2.433398930755475753 ) ) ;
#388 = AXIS2_PLACEMENT_3D ( 'NONE', #3943, #7166, #5640 ) ;
#389 = ORIENTED_EDGE ( 'NONE', *, *, #749, .F. ) ;
#390 = CARTESIAN_POINT ( 'NONE',  ( -0.7709065600501699977, -38.99933368479635476, -32.30000000000000426 ) ) ;
#391 = TOROIDAL_SURFACE ( 'NONE', #3525, 0.2000000000000000111, 0.1000000000000000056 ) ;
#392 = FACE_OUTER_BOUND ( 'NONE', #7637, .T. ) ;
#393 = EDGE_CURVE ( 'NONE', #2916, #1927, #2954, .T. ) ;
#394 = ADVANCED_FACE ( 'NONE', ( #7823 ), #4042, .T. ) ;
#395 = LINE ( 'NONE', #8795, #86 ) ;
#396 = CARTESIAN_POINT ( 'NONE',  ( -28.49450704992580086, -3.489570685197333454E-15, -39.50000000000000000 ) ) ;
#397 = ORIENTED_EDGE ( 'NONE', *, *, #2340, .T. ) ;
#398 = FACE_OUTER_BOUND ( 'NONE', #8463, .T. ) ;
#399 = ORIENTED_EDGE ( 'NONE', *, *, #8274, .T. ) ;
#400 = EDGE_LOOP ( 'NONE', ( #3942, #4646, #2751, #397 ) ) ;
#401 = AXIS2_PLACEMENT_3D ( 'NONE', #7373, #9586, #9682 ) ;
#402 = CARTESIAN_POINT ( 'NONE',  ( 0.1096714448639718870, -12.49999999999999645, -9.999999999999991118 ) ) ;
#403 = DIRECTION ( 'NONE',  ( 1.000000000000000000, -0.000000000000000000, 0.000000000000000000 ) ) ;
#404 = VERTEX_POINT ( 'NONE', #2530 ) ;
#405 = CARTESIAN_POINT ( 'NONE',  ( 0.1671941796937601865, -26.66458021502912956, 2.433099920970891894 ) ) ;
#406 = CARTESIAN_POINT ( 'NONE',  ( 6.487865800153260111E-15, -37.39999999999999858, 45.00000000000000000 ) ) ;
#407 = CARTESIAN_POINT ( 'NONE',  ( -9.399999999999998579, -7.999999999999989342, -5.946707772653141433 ) ) ;
#408 = FACE_OUTER_BOUND ( 'NONE', #3561, .T. ) ;
#409 = ADVANCED_FACE ( 'NONE', ( #1783 ), #6129, .T. ) ;
#410 = CARTESIAN_POINT ( 'NONE',  ( 0.06386293024439557153, -13.00285816564508323, -7.482851006129481064 ) ) ;
#411 = CARTESIAN_POINT ( 'NONE',  ( 0.2610620545453125052, -3.114758934394211476, -7.200859056552088688 ) ) ;
#412 = ORIENTED_EDGE ( 'NONE', *, *, #2351, .T. ) ;
#413 = DIRECTION ( 'NONE',  ( 0.000000000000000000, 0.4999999999999992228, -0.8660254037844391517 ) ) ;
#414 = DIRECTION ( 'NONE',  ( -1.000000000000000000, 0.000000000000000000, 0.000000000000000000 ) ) ;
#415 = AXIS2_PLACEMENT_3D ( 'NONE', #4705, #1813, #1717 ) ;
#416 = DIRECTION ( 'NONE',  ( 1.224646799147353454E-16, -1.000000000000000000, 0.000000000000000000 ) ) ;
#417 = CYLINDRICAL_SURFACE ( 'NONE', #7871, 0.1000000000000000611 ) ;
#418 = EDGE_CURVE ( 'NONE', #312, #7390, #9291, .T. ) ;
#419 = AXIS2_PLACEMENT_3D ( 'NONE', #1207, #7941, #9228 ) ;
#420 = DIRECTION ( 'NONE',  ( 9.251858538542972814E-17, -1.144620646656884724E-15, 1.000000000000000000 ) ) ;
#421 = CARTESIAN_POINT ( 'NONE',  ( 0.07942278206049099842, -3.289642845787651204, -7.010647244010387524 ) ) ;
#422 = CARTESIAN_POINT ( 'NONE',  ( 0.1039165408567620241, -3.000119231822198085, -7.475072693101422416 ) ) ;
#423 = CARTESIAN_POINT ( 'NONE',  ( 0.1722515828344393374, -26.51871347387849198, -2.306836894357982004 ) ) ;
#424 = CARTESIAN_POINT ( 'NONE',  ( 0.08373167235214105941, -36.09470643779592791, -2.479981876748587499 ) ) ;
#425 = CARTESIAN_POINT ( 'NONE',  ( -1.703519035730912456, -39.39999999999999147, 40.84220498139180222 ) ) ;
#426 = CARTESIAN_POINT ( 'NONE',  ( -36.25000000000000000, -2.000000000000004441, -41.24999999999999289 ) ) ;
#427 = CARTESIAN_POINT ( 'NONE',  ( 0.4397376543209852162, -3.050583519783614417, -9.721575603183996606 ) ) ;
#428 = CARTESIAN_POINT ( 'NONE',  ( 0.09759235343970948384, -12.76952748437658691, -7.062973718824834712 ) ) ;
#429 = VECTOR ( 'NONE', #6337, 1000.000000000000000 ) ;
#430 = AXIS2_PLACEMENT_3D ( 'NONE', #4584, #3853, #6836 ) ;
#431 = CARTESIAN_POINT ( 'NONE',  ( -23.02235051893850937, -37.39999999999997726, -36.90727913732906984 ) ) ;
#432 = CARTESIAN_POINT ( 'NONE',  ( -9.299999999999998934, -4.574999999999994849, 7.924132444627616678 ) ) ;
#433 = EDGE_LOOP ( 'NONE', ( #9087, #9065, #3492, #289, #7662, #4952 ) ) ;
#434 = CARTESIAN_POINT ( 'NONE',  ( -27.05118034926263704, -39.40000000000000568, 37.47848502898700218 ) ) ;
#435 = CARTESIAN_POINT ( 'NONE',  ( 0.1634047884143481344, -36.16322573676011132, 2.416189024845896149 ) ) ;
#436 = VERTEX_POINT ( 'NONE', #6979 ) ;
#437 = DIRECTION ( 'NONE',  ( -9.251858538542972814E-17, 1.144620646656884724E-15, -1.000000000000000000 ) ) ;
#438 = VECTOR ( 'NONE', #4891, 1000.000000000000000 ) ;
#439 = CARTESIAN_POINT ( 'NONE',  ( -29.00000000000000355, -41.37000000000000455, -37.50000000000000000 ) ) ;
#440 = CIRCLE ( 'NONE', #135, 3.599999999999992095 ) ;
#441 = CARTESIAN_POINT ( 'NONE',  ( -14.29999999999999716, -2.602085213965210642E-15, 24.80000000000000782 ) ) ;
#442 = CARTESIAN_POINT ( 'NONE',  ( -14.30046618011495774, 1.736101959219770210E-15, -25.81609499608467218 ) ) ;
#443 = ORIENTED_EDGE ( 'NONE', *, *, #6946, .T. ) ;
#444 = AXIS2_PLACEMENT_3D ( 'NONE', #3994, #6146, #2531 ) ;
#445 = CARTESIAN_POINT ( 'NONE',  ( -9.299999999999998934, 5.799859072277441799E-32, 1.508052941782504761E-15 ) ) ;
#446 = ORIENTED_EDGE ( 'NONE', *, *, #3828, .T. ) ;
#447 = ORIENTED_EDGE ( 'NONE', *, *, #8089, .T. ) ;
#448 = CARTESIAN_POINT ( 'NONE',  ( 0.4397376543283821881, -12.72157560318399661, -9.949416480216386915 ) ) ;
#449 = CARTESIAN_POINT ( 'NONE',  ( 0.04882544355217403875, -26.81729899008121976, -2.514077127041911996 ) ) ;
#450 = ORIENTED_EDGE ( 'NONE', *, *, #3844, .T. ) ;
#451 = EDGE_CURVE ( 'NONE', #4096, #8827, #2435, .T. ) ;
#452 = EDGE_CURVE ( 'NONE', #1119, #3789, #6761, .T. ) ;
#453 = CARTESIAN_POINT ( 'NONE',  ( 0.2218872429526747014, -26.78788462380665081, 2.479171761676415731 ) ) ;
#454 = CARTESIAN_POINT ( 'NONE',  ( -16.00000000000000000, -26.89999999999999858, -2.000000000000000000 ) ) ;
#455 = CARTESIAN_POINT ( 'NONE',  ( -16.29999999999999716, -26.09999999999998366, -12.61769145362397815 ) ) ;
#456 = CARTESIAN_POINT ( 'NONE',  ( 7.500000000000001776, -12.49999999999999822, -7.500000000000000000 ) ) ;
#457 = CARTESIAN_POINT ( 'NONE',  ( -3.112376117803065778, -39.39999999999999147, 39.26821579854707522 ) ) ;
#458 = CARTESIAN_POINT ( 'NONE',  ( -9.050000000000016698, -8.000000000000000000, 3.349999999999998757 ) ) ;
#459 = ORIENTED_EDGE ( 'NONE', *, *, #2241, .T. ) ;
#460 = DIRECTION ( 'NONE',  ( -1.000000000000000000, 0.000000000000000000, 0.000000000000000000 ) ) ;
#461 = CARTESIAN_POINT ( 'NONE',  ( -5.755441927652682921, 1.776938069603353233E-15, -41.90707902765223025 ) ) ;
#462 = CARTESIAN_POINT ( 'NONE',  ( -29.00000000000000355, -25.59999999999952536, -37.49999999999999289 ) ) ;
#463 = ADVANCED_FACE ( 'NONE', ( #944 ), #7776, .T. ) ;
#464 = CARTESIAN_POINT ( 'NONE',  ( -2.801447035882004055, -2.583429136960392331E-15, -38.58595282412843375 ) ) ;
#465 = CARTESIAN_POINT ( 'NONE',  ( -8.686371987438908704, -2.000000000000000888, 44.82899291909193096 ) ) ;
#466 = ORIENTED_EDGE ( 'NONE', *, *, #2739, .F. ) ;
#467 = FACE_OUTER_BOUND ( 'NONE', #4430, .T. ) ;
#468 = VECTOR ( 'NONE', #9119, 1000.000000000000000 ) ;
#469 = FACE_OUTER_BOUND ( 'NONE', #4269, .T. ) ;
#470 = CARTESIAN_POINT ( 'NONE',  ( 0.2307051779591695051, -3.035679441012144597, -7.351381830906747794 ) ) ;
#471 = CARTESIAN_POINT ( 'NONE',  ( -9.300000000000000711, -31.39999999999999858, -5.900000000000000355 ) ) ;
#472 = CARTESIAN_POINT ( 'NONE',  ( 0.2559330417309444439, -26.65411620316167784, -2.421385556132947148 ) ) ;
#473 = CARTESIAN_POINT ( 'NONE',  ( 0.1549889034569417456, -36.13865988332459267, -2.432932655191658800 ) ) ;
#474 = ADVANCED_FACE ( 'NONE', ( #8711 ), #8665, .T. ) ;
#475 = CARTESIAN_POINT ( 'NONE',  ( -19.91676659019993778, -39.39999999999998437, 37.79448082794845476 ) ) ;
#476 = CARTESIAN_POINT ( 'NONE',  ( 6.505213034913027590E-16, -26.92333333333333556, -36.57223050896223526 ) ) ;
#477 = CARTESIAN_POINT ( 'NONE',  ( 8.000000000000001776, -12.49999999999999822, -7.000000000000000000 ) ) ;
#478 = CARTESIAN_POINT ( 'NONE',  ( 0.4397376543209871591, -12.56546164737897797, -6.999999999999999112 ) ) ;
#479 = CARTESIAN_POINT ( 'NONE',  ( -20.67680302341014809, -37.39999999999999147, -35.92668485628982467 ) ) ;
#480 = DIRECTION ( 'NONE',  ( -1.000000000000000000, 0.000000000000000000, 9.251858538542972814E-17 ) ) ;
#481 = AXIS2_PLACEMENT_3D ( 'NONE', #3190, #6164, #9179 ) ;
#482 = CARTESIAN_POINT ( 'NONE',  ( -9.300000000000002487, -26.25000000000000000, 12.47335388632657427 ) ) ;
#483 = AXIS2_PLACEMENT_3D ( 'NONE', #4378, #1385, #7229 ) ;
#484 = CARTESIAN_POINT ( 'NONE',  ( 0.3264917695473214532, -35.89999999999999858, 2.500000000000000000 ) ) ;
#485 = EDGE_LOOP ( 'NONE', ( #784, #1637, #894 ) ) ;
#486 = ADVANCED_FACE ( 'NONE', ( #1235 ), #7919, .T. ) ;
#487 = FACE_OUTER_BOUND ( 'NONE', #5607, .T. ) ;
#488 = CARTESIAN_POINT ( 'NONE',  ( 0.09737342326657309755, -2.999967984780665287, -9.500192091315998510 ) ) ;
#489 = CIRCLE ( 'NONE', #5656, 3.599999999999992095 ) ;
#490 = DIRECTION ( 'NONE',  ( 0.000000000000000000, 0.000000000000000000, 1.000000000000000000 ) ) ;
#491 = CARTESIAN_POINT ( 'NONE',  ( -15.11436904784477875, 1.756212954777438727E-15, -31.81198191015679910 ) ) ;
#492 = EDGE_CURVE ( 'NONE', #7913, #6253, #5761, .T. ) ;
#493 = EDGE_LOOP ( 'NONE', ( #8725, #6720, #5553, #4531 ) ) ;
#494 = B_SPLINE_CURVE_WITH_KNOTS ( 'NONE', 3,
 ( #9197, #9248, #7768, #9297 ),
 .UNSPECIFIED., .F., .F.,
 ( 4, 4 ),
 ( 0.000000000000000000, 1.000000000000000000 ),
 .UNSPECIFIED. ) ;
#495 = VERTEX_POINT ( 'NONE', #5063 ) ;
#496 = ORIENTED_EDGE ( 'NONE', *, *, #3133, .F. ) ;
#497 = CARTESIAN_POINT ( 'NONE',  ( -12.70000000000000107, -0.7709065600501728843, -44.59933368479639881 ) ) ;
#498 = CARTESIAN_POINT ( 'NONE',  ( -27.98906481309565208, 2.540325791637081594E-15, -39.49952840922941988 ) ) ;
#499 = ORIENTED_EDGE ( 'NONE', *, *, #2185, .F. ) ;
#500 = AXIS2_PLACEMENT_3D ( 'NONE', #6279, #3394, #1171 ) ;
#501 = CARTESIAN_POINT ( 'NONE',  ( 0.3492235992703126568, -26.76912605782036181, 2.486986338334157498 ) ) ;
#502 = CARTESIAN_POINT ( 'NONE',  ( -14.30000000000000249, -2.000000000000001776, -24.12999999999999901 ) ) ;
#503 = CARTESIAN_POINT ( 'NONE',  ( -9.399999999999998579, -2.849999999999997424, 2.973353886326579598 ) ) ;
#504 = CARTESIAN_POINT ( 'NONE',  ( -16.19999999999999929, -26.15000000000000213, 6.468911086754472350 ) ) ;
#505 = DIRECTION ( 'NONE',  ( 0.000000000000000000, -0.8660254037844388186, -0.4999999999999997224 ) ) ;
#506 = CARTESIAN_POINT ( 'NONE',  ( 0.07258374883111926024, -36.40362228537348699, -2.018349329409300896 ) ) ;
#507 = ORIENTED_EDGE ( 'NONE', *, *, #2222, .T. ) ;
#508 = CARTESIAN_POINT ( 'NONE',  ( 0.05779628573559192350, -26.39081672749181706, 2.051169360334971437 ) ) ;
#509 = DIRECTION ( 'NONE',  ( -0.000000000000000000, 0.8660254037844384856, 0.5000000000000003331 ) ) ;
#510 = CARTESIAN_POINT ( 'NONE',  ( 7.500000000000000000, -3.499999999999998668, -9.500000000000000000 ) ) ;
#511 = CARTESIAN_POINT ( 'NONE',  ( -2.001033483371275512, -2.597285447088756237E-15, -33.79994063565396090 ) ) ;
#512 = CARTESIAN_POINT ( 'NONE',  ( -11.15629266625629512, -3.469446951953651660E-15, 44.99968336863941687 ) ) ;
#513 = EDGE_CURVE ( 'NONE', #2441, #7983, #6384, .T. ) ;
#514 = ADVANCED_FACE ( 'NONE', ( #9537 ), #7124, .T. ) ;
#515 = VERTEX_POINT ( 'NONE', #6525 ) ;
#516 = AXIS2_PLACEMENT_3D ( 'NONE', #1983, #598, #6528 ) ;
#517 = CARTESIAN_POINT ( 'NONE',  ( 0.1016644731461489176, -3.205650677264313408, -7.066011906046120394 ) ) ;
#518 = CARTESIAN_POINT ( 'NONE',  ( 0.1162218883179837597, -2.999999999999999112, -7.474818048844857898 ) ) ;
#519 = CARTESIAN_POINT ( 'NONE',  ( 0.09737503150908451144, -36.40003197240710620, 2.000191834442548444 ) ) ;
#520 = CARTESIAN_POINT ( 'NONE',  ( 0.1358053004092047988, -36.05233061295783159, -2.475615647970242250 ) ) ;
#521 = CARTESIAN_POINT ( 'NONE',  ( -22.49966515853798299, -39.40000000000003411, 38.83907584172970928 ) ) ;
#522 = CARTESIAN_POINT ( 'NONE',  ( -10.56388474551888024, -12.47666666666666657, -45.00000000000000711 ) ) ;
#523 = CARTESIAN_POINT ( 'NONE',  ( -3.528369397062575352, -39.39999999999999147, -42.87691935369243623 ) ) ;
#524 = CARTESIAN_POINT ( 'NONE',  ( 0.1749809614190558360, -12.49999999999999822, -7.000000000000000888 ) ) ;
#525 = EDGE_CURVE ( 'NONE', #9014, #7910, #7064, .T. ) ;
#526 = CARTESIAN_POINT ( 'NONE',  ( -19.36092027299871177, -39.40000000000176783, -34.98216965102887599 ) ) ;
#527 = CARTESIAN_POINT ( 'NONE',  ( -16.29999999999999716, -31.49999999999999289, -3.380087146589985547 ) ) ;
#528 = CARTESIAN_POINT ( 'NONE',  ( -17.87331514351877004, -39.39999999999999147, 33.12319697670989882 ) ) ;
#529 = CARTESIAN_POINT ( 'NONE',  ( 0.1723101775660988433, -36.22612543800359219, 2.363176264833286133 ) ) ;
#530 = ORIENTED_EDGE ( 'NONE', *, *, #8782, .T. ) ;
#531 = CARTESIAN_POINT ( 'NONE',  ( 0.4397376543283821881, -12.99999999999999822, -9.630899693899575453 ) ) ;
#532 = DIRECTION ( 'NONE',  ( -1.000000000000000000, 0.000000000000000000, 0.000000000000000000 ) ) ;
#533 = CARTESIAN_POINT ( 'NONE',  ( 0.1227745131869760753, -2.999999999999999556, -9.550363902310111897 ) ) ;
#534 = CYLINDRICAL_SURFACE ( 'NONE', #1012, 0.1000000000000008105 ) ;
#535 = EDGE_CURVE ( 'NONE', #3296, #6619, #330, .T. ) ;
#536 = CARTESIAN_POINT ( 'NONE',  ( -22.49966515853797233, 1.795037091312485285E-15, -38.83907584172968086 ) ) ;
#537 = VECTOR ( 'NONE', #8509, 1000.000000000000000 ) ;
#538 = EDGE_LOOP ( 'NONE', ( #605, #2621, #2330, #6659, #8203 ) ) ;
#539 = ORIENTED_EDGE ( 'NONE', *, *, #2194, .T. ) ;
#540 = ORIENTED_EDGE ( 'NONE', *, *, #3124, .F. ) ;
#541 = FACE_OUTER_BOUND ( 'NONE', #2884, .T. ) ;
#542 = CARTESIAN_POINT ( 'NONE',  ( 0.09621752899302034312, -12.93047822441947758, -9.790848375130300596 ) ) ;
#543 = CARTESIAN_POINT ( 'NONE',  ( -21.42868451647755990, -1.999999999999999556, -36.32477848776516538 ) ) ;
#544 = VERTEX_POINT ( 'NONE', #3545 ) ;
#545 = CARTESIAN_POINT ( 'NONE',  ( 0.1848515071478965544, -26.57494118655879589, 2.363031105952277500 ) ) ;
#546 = DIRECTION ( 'NONE',  ( -1.761140584748027917E-16, 1.000000000000000000, 0.000000000000000000 ) ) ;
#547 = CARTESIAN_POINT ( 'NONE',  ( 0.04884188009658204516, -13.01311210697942222, -7.352763186281243257 ) ) ;
#548 = CARTESIAN_POINT ( 'NONE',  ( 0.000000000000000000, -26.30000000000000071, -2.600000000000000089 ) ) ;
#549 = LINE ( 'NONE', #892, #8643 ) ;
#550 = CARTESIAN_POINT ( 'NONE',  ( 0.09999999999999939493, -36.39999999999999858, -2.000000000000000000 ) ) ;
#551 = AXIS2_PLACEMENT_3D ( 'NONE', #2173, #1678, #6041 ) ;
#552 = ORIENTED_EDGE ( 'NONE', *, *, #6934, .F. ) ;
#553 = CARTESIAN_POINT ( 'NONE',  ( 0.05779628573295481075, -2.990816727490757554, -7.448830639659323793 ) ) ;
#554 = CARTESIAN_POINT ( 'NONE',  ( -8.985016713204442951, -2.257835533701427702E-15, -42.84682533709772656 ) ) ;
#555 = DIRECTION ( 'NONE',  ( 0.000000000000000000, 0.000000000000000000, -1.000000000000000000 ) ) ;
#556 = ADVANCED_FACE ( 'NONE', ( #5013 ), #6432, .F. ) ;
#557 = CARTESIAN_POINT ( 'NONE',  ( -16.30000000000000071, -2.000000000000001776, -24.12999999999999901 ) ) ;
#558 = CARTESIAN_POINT ( 'NONE',  ( -4.157795018606386783, -4.336808689942017736E-16, 43.29648096426886639 ) ) ;
#559 = ORIENTED_EDGE ( 'NONE', *, *, #393, .F. ) ;
#560 = ORIENTED_EDGE ( 'NONE', *, *, #3784, .F. ) ;
#561 = CARTESIAN_POINT ( 'NONE',  ( -16.19999999999999929, -13.15000000000000391, -2.973353886326565831 ) ) ;
#562 = CARTESIAN_POINT ( 'NONE',  ( -20.00000000000000000, -12.49999999999999822, -9.500000000000000000 ) ) ;
#563 = DIRECTION ( 'NONE',  ( 0.000000000000000000, 0.000000000000000000, -1.000000000000000000 ) ) ;
#564 = DIRECTION ( 'NONE',  ( 0.000000000000000000, 0.000000000000000000, 1.000000000000000000 ) ) ;
#565 = CARTESIAN_POINT ( 'NONE',  ( 0.09088851884876809895, -36.17072422556023525, -2.443743350910328349 ) ) ;
#566 = EDGE_CURVE ( 'NONE', #165, #5587, #1329, .T. ) ;
#567 = EDGE_CURVE ( 'NONE', #4676, #7088, #9488, .T. ) ;
#568 = CARTESIAN_POINT ( 'NONE',  ( -14.60309053326704465, -39.39999999999999147, 29.84850086636521382 ) ) ;
#569 = CYLINDRICAL_SURFACE ( 'NONE', #958, 0.1000000000000008105 ) ;
#570 = TOROIDAL_SURFACE ( 'NONE', #415, 0.2000000000000000111, 0.1000000000000000056 ) ;
#571 = CARTESIAN_POINT ( 'NONE',  ( -0.0003510011513578419323, -37.39999999999999147, -33.83140730181377620 ) ) ;
#572 = CARTESIAN_POINT ( 'NONE',  ( 0.08483888523067553700, -12.56733571695874296, -7.003084543358724545 ) ) ;
#573 = CARTESIAN_POINT ( 'NONE',  ( -21.98801808959769133, -39.39999999999996305, -38.68563095263358065 ) ) ;
#574 = CARTESIAN_POINT ( 'NONE',  ( -11.20005936434603910, -39.39999999999999147, -42.99896651662874092 ) ) ;
#575 = CARTESIAN_POINT ( 'NONE',  ( -17.01927696657814693, -37.39999999999999858, 31.19748295759044510 ) ) ;
#576 = CARTESIAN_POINT ( 'NONE',  ( 0.2474327076839607509, -36.21919785670990422, 2.362029027896879629 ) ) ;
#577 = ORIENTED_EDGE ( 'NONE', *, *, #9226, .T. ) ;
#578 = FACE_OUTER_BOUND ( 'NONE', #4134, .T. ) ;
#579 = EDGE_CURVE ( 'NONE', #1271, #1396, #9346, .T. ) ;
#580 = CARTESIAN_POINT ( 'NONE',  ( -16.19999999999999929, -7.949999999999996625, 6.033310313031597261 ) ) ;
#581 = CARTESIAN_POINT ( 'NONE',  ( 0.3690919000878049583, -3.102471643207855845, -9.804977400188409575 ) ) ;
#582 = CIRCLE ( 'NONE', #9524, 0.09999999999999982514 ) ;
#583 = DIRECTION ( 'NONE',  ( -1.000000000000000000, 0.000000000000000000, 9.251858538542972814E-17 ) ) ;
#584 = CARTESIAN_POINT ( 'NONE',  ( -22.00818331449390897, 1.676369226772423335E-15, -38.69202754149110746 ) ) ;
#585 = EDGE_LOOP ( 'NONE', ( #6297, #8855, #6802 ) ) ;
#586 = ORIENTED_EDGE ( 'NONE', *, *, #6460, .T. ) ;
#587 = ORIENTED_EDGE ( 'NONE', *, *, #4990, .F. ) ;
#588 = DIRECTION ( 'NONE',  ( -4.625929269271493802E-17, -0.8660254037844382635, -0.5000000000000007772 ) ) ;
#589 = CARTESIAN_POINT ( 'NONE',  ( 0.1003027371078651503, -12.82838377863889079, -9.898200933765730625 ) ) ;
#590 = CARTESIAN_POINT ( 'NONE',  ( -20.17424477413030814, -1.999999999999999556, -35.61004066513448407 ) ) ;
#591 = ORIENTED_EDGE ( 'NONE', *, *, #8317, .F. ) ;
#592 = AXIS2_PLACEMENT_3D ( 'NONE', #2027, #690, #8207 ) ;
#593 = CARTESIAN_POINT ( 'NONE',  ( 0.07363297891053688371, -26.40499830346911025, 2.125185530630878006 ) ) ;
#594 = DIRECTION ( 'NONE',  ( -0.000000000000000000, -0.000000000000000000, 1.000000000000000000 ) ) ;
#595 = EDGE_CURVE ( 'NONE', #5971, #46, #2849, .T. ) ;
#596 = CARTESIAN_POINT ( 'NONE',  ( 0.2132458847738290530, -12.49999999999999822, -7.000000000000000000 ) ) ;
#597 = VECTOR ( 'NONE', #2848, 1000.000000000000000 ) ;
#598 = DIRECTION ( 'NONE',  ( 1.000000000000000000, 0.000000000000000000, 1.734723475976805319E-15 ) ) ;
#599 = AXIS2_PLACEMENT_3D ( 'NONE', #5146, #5096, #1266 ) ;
#600 = CARTESIAN_POINT ( 'NONE',  ( -7.851852470324337752, -39.39999999999997726, 42.62956845573446429 ) ) ;
#601 = DIRECTION ( 'NONE',  ( 1.734723475976807834E-16, -1.000000000000000000, -0.000000000000000000 ) ) ;
#602 = VERTEX_POINT ( 'NONE', #3406 ) ;
#603 = B_SPLINE_CURVE_WITH_KNOTS ( 'NONE', 3,
 ( #2401, #3082, #1779, #9075, #7771, #3035, #2297, #5509, #7441, #7546 ),
 .UNSPECIFIED., .F., .F.,
 ( 4, 2, 2, 2, 4 ),
 ( 0.000000000000000000, 0.2500000000000000000, 0.5000000000000000000, 0.7500000000000000000, 1.000000000000000000 ),
 .UNSPECIFIED. ) ;
#604 = CARTESIAN_POINT ( 'NONE',  ( 0.05425706991694515674, -2.989066208785810197, -7.437529526224481380 ) ) ;
#605 = ORIENTED_EDGE ( 'NONE', *, *, #4150, .T. ) ;
#606 = CARTESIAN_POINT ( 'NONE',  ( -3.183704216974227563, -2.602085213965138461E-15, -42.60029752549606030 ) ) ;
#607 = DIRECTION ( 'NONE',  ( 0.000000000000000000, 1.000000000000000000, -2.602085213965208275E-15 ) ) ;
#608 = EDGE_CURVE ( 'NONE', #5054, #3603, #4479, .T. ) ;
#609 = VECTOR ( 'NONE', #4919, 1000.000000000000000 ) ;
#610 = PLANE ( 'NONE',  #8970 ) ;
#611 = CARTESIAN_POINT ( 'NONE',  ( -0.9203436447629219641, -8.166810093707502856E-14, 39.27322454440614763 ) ) ;
#612 = ORIENTED_EDGE ( 'NONE', *, *, #5798, .T. ) ;
#613 = ORIENTED_EDGE ( 'NONE', *, *, #2018, .T. ) ;
#614 = DIRECTION ( 'NONE',  ( -1.000000000000000000, -1.734723475976807834E-16, 0.000000000000000000 ) ) ;
#615 = CYLINDRICAL_SURFACE ( 'NONE', #6651, 0.1000000000000002554 ) ;
#616 = CARTESIAN_POINT ( 'NONE',  ( 0.07226966797365090567, -36.39575904692778607, 2.128920680048857150 ) ) ;
#617 = CARTESIAN_POINT ( 'NONE',  ( 0.1750487884874009636, -36.28150991148554283, -2.307561643663400108 ) ) ;
#618 = CARTESIAN_POINT ( 'NONE',  ( 0.000000000000000000, -41.37000000000000455, -32.30000000000000426 ) ) ;
#619 = CARTESIAN_POINT ( 'NONE',  ( -3.128077913615212147, -39.40000000000000568, -42.55199308689690696 ) ) ;
#620 = VERTEX_POINT ( 'NONE', #2720 ) ;
#621 = CARTESIAN_POINT ( 'NONE',  ( 0.1381403158308384116, -12.83022634073010160, -7.135285281008187042 ) ) ;
#622 = AXIS2_PLACEMENT_3D ( 'NONE', #2594, #7839, #5570 ) ;
#623 = EDGE_CURVE ( 'NONE', #4660, #6097, #62, .T. ) ;
#624 = CARTESIAN_POINT ( 'NONE',  ( -9.300000000000002487, -2.849999999999997424, 2.973353886326579598 ) ) ;
#625 = EDGE_CURVE ( 'NONE', #801, #5693, #1581, .T. ) ;
#626 = CARTESIAN_POINT ( 'NONE',  ( -6.766299180863664553, -39.39999999999999858, -42.32603680713418015 ) ) ;
#627 = CARTESIAN_POINT ( 'NONE',  ( -17.48457875039485288, -39.39999999999999147, 32.39159817383151818 ) ) ;
#628 = CARTESIAN_POINT ( 'NONE',  ( 0.1026531930792077413, -36.32307764169119935, 2.292231597561182443 ) ) ;
#629 = ORIENTED_EDGE ( 'NONE', *, *, #9004, .T. ) ;
#630 = CARTESIAN_POINT ( 'NONE',  ( 8.000000000000000000, -2.999999999999998668, -7.000000000000000000 ) ) ;
#631 = CARTESIAN_POINT ( 'NONE',  ( 0.1750571039798035911, -3.136884999385452399, -9.825926071761935887 ) ) ;
#632 = FACE_OUTER_BOUND ( 'NONE', #8267, .T. ) ;
#633 = EDGE_CURVE ( 'NONE', #7705, #495, #7046, .T. ) ;
#634 = VECTOR ( 'NONE', #4068, 1000.000000000000000 ) ;
#635 = DIRECTION ( 'NONE',  ( 0.000000000000000000, 0.000000000000000000, -1.000000000000000000 ) ) ;
#636 = VECTOR ( 'NONE', #7718, 1000.000000000000000 ) ;
#637 = EDGE_CURVE ( 'NONE', #7566, #6186, #2868, .T. ) ;
#638 = VERTEX_POINT ( 'NONE', #9055 ) ;
#639 = ORIENTED_EDGE ( 'NONE', *, *, #5662, .F. ) ;
#640 = ORIENTED_EDGE ( 'NONE', *, *, #2936, .F. ) ;
#641 = CARTESIAN_POINT ( 'NONE',  ( -16.19999999999999929, -2.749999999999999556, -3.031088913245536087 ) ) ;
#642 = CARTESIAN_POINT ( 'NONE',  ( 0.1631203768365309392, -12.91834722408438196, -9.768831593836580396 ) ) ;
#643 = CARTESIAN_POINT ( 'NONE',  ( -24.32429328824099812, -6.575988221448316992E-13, -37.22745148956747840 ) ) ;
#644 = ORIENTED_EDGE ( 'NONE', *, *, #3684, .T. ) ;
#645 = CARTESIAN_POINT ( 'NONE',  ( 0.1741086412739223099, -26.48148517865192630, 2.265845172769000548 ) ) ;
#646 = CARTESIAN_POINT ( 'NONE',  ( -9.300000000000002487, -2.850000000000005418, -2.973353886326579598 ) ) ;
#647 = VECTOR ( 'NONE', #1630, 1000.000000000000000 ) ;
#648 = AXIS2_PLACEMENT_3D ( 'NONE', #693, #8857, #9633 ) ;
#649 = DIRECTION ( 'NONE',  ( -0.000000000000000000, -0.000000000000000000, 1.000000000000000000 ) ) ;
#650 = AXIS2_PLACEMENT_3D ( 'NONE', #6077, #52, #3051 ) ;
#651 = DIRECTION ( 'NONE',  ( 1.000000000000000000, 0.000000000000000000, -0.000000000000000000 ) ) ;
#652 = CARTESIAN_POINT ( 'NONE',  ( -16.19999999999999929, -7.999999999999979572, -6.062177826491059740 ) ) ;
#653 = CARTESIAN_POINT ( 'NONE',  ( 0.04079393051888549615, -36.41936483487445031, -2.116189009246704611 ) ) ;
#654 = EDGE_CURVE ( 'NONE', #8622, #9641, #4097, .T. ) ;
#655 = ORIENTED_EDGE ( 'NONE', *, *, #8877, .F. ) ;
#656 = VECTOR ( 'NONE', #6004, 1000.000000000000000 ) ;
#657 = CIRCLE ( 'NONE', #6136, 0.09999999999999982514 ) ;
#658 = CARTESIAN_POINT ( 'NONE',  ( -16.24794535333663958, -1.476504231281438484, -24.80000000000000426 ) ) ;
#659 = ORIENTED_EDGE ( 'NONE', *, *, #172, .F. ) ;
#660 = CARTESIAN_POINT ( 'NONE',  ( -2.808853019448944277, -2.583249258777468782E-15, -38.60510766217080914 ) ) ;
#661 = DIRECTION ( 'NONE',  ( 9.251858538542976511E-17, 1.133025894539076609E-32, 1.000000000000000000 ) ) ;
#662 = CARTESIAN_POINT ( 'NONE',  ( -16.30000000000000071, -39.40000000000000568, -24.13000000000000611 ) ) ;
#663 = CARTESIAN_POINT ( 'NONE',  ( -6.964123893767229845, -8.305060394151846129E-14, 44.47420779944758351 ) ) ;
#664 = VERTEX_POINT ( 'NONE', #7473 ) ;
#665 = ADVANCED_FACE ( 'NONE', ( #2966 ), #5842, .F. ) ;
#666 = ORIENTED_EDGE ( 'NONE', *, *, #6150, .F. ) ;
#667 = CYLINDRICAL_SURFACE ( 'NONE', #7366, 0.09999999999999939493 ) ;
#668 = DIRECTION ( 'NONE',  ( 1.000000000000000000, -0.000000000000000000, -0.000000000000000000 ) ) ;
#669 = CARTESIAN_POINT ( 'NONE',  ( 0.3264917695473263937, -36.39999999999999858, 2.000000000000000000 ) ) ;
#670 = CARTESIAN_POINT ( 'NONE',  ( 0.1696058972998773229, -36.20722055401007111, -2.381288944899940141 ) ) ;
#671 = CARTESIAN_POINT ( 'NONE',  ( -12.69999999999999929, 1.970000000000000417, -45.00000000000000711 ) ) ;
#672 = EDGE_CURVE ( 'NONE', #7363, #8157, #4520, .T. ) ;
#673 = CARTESIAN_POINT ( 'NONE',  ( -2.078185462881426027, -39.39999999999999147, -35.27718692715972537 ) ) ;
#674 = EDGE_LOOP ( 'NONE', ( #6282, #2122, #2266, #7107 ) ) ;
#675 = CARTESIAN_POINT ( 'NONE',  ( 0.2471288756583298607, -12.88323225070763378, -7.201612379243843343 ) ) ;
#676 = CARTESIAN_POINT ( 'NONE',  ( -28.00101484216190784, -39.40000000000178915, -37.49942196920539317 ) ) ;
#677 = CARTESIAN_POINT ( 'NONE',  ( -4.471225751526537451, -39.39999999999999147, -41.06295095369219439 ) ) ;
#678 = CARTESIAN_POINT ( 'NONE',  ( -17.00175293733442317, -39.39999999999999147, 35.39522418470627940 ) ) ;
#679 = CARTESIAN_POINT ( 'NONE',  ( 0.1546677514933544328, -36.16561714698960373, 2.416226751002393591 ) ) ;
#680 = VERTEX_POINT ( 'NONE', #8311 ) ;
#681 = DIRECTION ( 'NONE',  ( -0.7071067811865378028, 8.659560562355053653E-17, -0.7071067811865573427 ) ) ;
#682 = CARTESIAN_POINT ( 'NONE',  ( 0.1686022889199986496, -3.083784799359979623, -9.761732847247850842 ) ) ;
#683 = CARTESIAN_POINT ( 'NONE',  ( 7.500000000000002665, -35.89999999999999858, -2.500000000000000000 ) ) ;
#684 = CARTESIAN_POINT ( 'NONE',  ( 7.500000000000000000, -3.499999999999998668, -7.000000000000000000 ) ) ;
#685 = EDGE_LOOP ( 'NONE', ( #389, #4517, #9200, #2219 ) ) ;
#686 = ORIENTED_EDGE ( 'NONE', *, *, #5628, .T. ) ;
#687 = ORIENTED_EDGE ( 'NONE', *, *, #1996, .T. ) ;
#688 = CARTESIAN_POINT ( 'NONE',  ( -2.000000000000000000, -2.449293598294707400E-16, -32.30000000000000426 ) ) ;
#689 = CARTESIAN_POINT ( 'NONE',  ( 0.1632753398119311805, -12.76335300928586847, -9.916189248729482486 ) ) ;
#690 = DIRECTION ( 'NONE',  ( 6.505213034913216720E-15, -0.8660254037844320463, -0.5000000000000115463 ) ) ;
#691 = EDGE_LOOP ( 'NONE', ( #539, #7469, #7377, #1520 ) ) ;
#692 = CARTESIAN_POINT ( 'NONE',  ( 0.1160845892787409628, -26.40712016783398397, 2.068976501060352025 ) ) ;
#693 = CARTESIAN_POINT ( 'NONE',  ( -9.300000000000002487, -26.25000000000000000, -6.526646113673439054 ) ) ;
#694 = CARTESIAN_POINT ( 'NONE',  ( -0.2499999999999863443, -8.000000000000000000, -3.350000000000001421 ) ) ;
#695 = EDGE_CURVE ( 'NONE', #3022, #6426, #3302, .T. ) ;
#696 = FACE_OUTER_BOUND ( 'NONE', #155, .T. ) ;
#697 = CARTESIAN_POINT ( 'NONE',  ( 0.2132458847738289975, -13.00000000000000000, -7.500000000000000888 ) ) ;
#698 = CARTESIAN_POINT ( 'NONE',  ( -9.299999999999998934, 5.799859072277439610E-32, 1.508052941782504761E-15 ) ) ;
#699 = ORIENTED_EDGE ( 'NONE', *, *, #3002, .T. ) ;
#700 = AXIS2_PLACEMENT_3D ( 'NONE', #2209, #8197, #6026 ) ;
#701 = CARTESIAN_POINT ( 'NONE',  ( -15.30723796074180854, -0.2524272232914862024, -24.80000000000000071 ) ) ;
#702 = ORIENTED_EDGE ( 'NONE', *, *, #5661, .T. ) ;
#703 = CARTESIAN_POINT ( 'NONE',  ( -4.792031847716526016, -2.129743431644134773E-15, -41.31977814303688490 ) ) ;
#704 = CIRCLE ( 'NONE', #388, 0.1000000000000001721 ) ;
#705 = DIRECTION ( 'NONE',  ( 9.251858538542971581E-17, 0.000000000000000000, 1.000000000000000000 ) ) ;
#706 = ADVANCED_FACE ( 'NONE', ( #2172 ), #3015, .F. ) ;
#707 = B_SPLINE_CURVE_WITH_KNOTS ( 'NONE', 3,
 ( #5637, #4314, #4172, #6371 ),
 .UNSPECIFIED., .F., .F.,
 ( 4, 4 ),
 ( 0.05076142131979704403, 0.9492385786802031156 ),
 .UNSPECIFIED. ) ;
#708 = SPHERICAL_SURFACE ( 'NONE', #4724, 0.1000000000000000056 ) ;
#709 = CARTESIAN_POINT ( 'NONE',  ( -16.19999999999999929, -22.60064434701786951, -8.402662474615507193 ) ) ;
#710 = CARTESIAN_POINT ( 'NONE',  ( 0.03864744970014240971, -36.42103250939973691, 2.126195056398397121 ) ) ;
#711 = EDGE_LOOP ( 'NONE', ( #8060, #9360, #499 ) ) ;
#712 = CARTESIAN_POINT ( 'NONE',  ( -16.29999999999999716, -31.39999999999999147, 15.44670777265314676 ) ) ;
#713 = CARTESIAN_POINT ( 'NONE',  ( -16.19999999999999929, -8.099999999999988987, -6.119912853410029108 ) ) ;
#714 = PLANE ( 'NONE',  #5554 ) ;
#715 = CARTESIAN_POINT ( 'NONE',  ( 0.1733580002409459142, -36.16048169952046010, -2.416419561789928672 ) ) ;
#716 = CONICAL_SURFACE ( 'NONE', #6828, 3.349999999999998757, 0.7853981633974621568 ) ;
#717 = ADVANCED_FACE ( 'NONE', ( #2272 ), #5111, .F. ) ;
#718 = CARTESIAN_POINT ( 'NONE',  ( 0.09999999999999999167, -2.899999999999999911, 45.00000000000000000 ) ) ;
#719 = CARTESIAN_POINT ( 'NONE',  ( -5.378996309465025050, -39.39999999999999147, -41.69607417009482475 ) ) ;
#720 = ORIENTED_EDGE ( 'NONE', *, *, #2447, .F. ) ;
#721 = CARTESIAN_POINT ( 'NONE',  ( 0.08774885347582343786, -12.96563258359231519, -7.278556996459193407 ) ) ;
#722 = CARTESIAN_POINT ( 'NONE',  ( -27.98390500390758362, -39.40000000000002700, -39.49953382102483346 ) ) ;
#723 = CARTESIAN_POINT ( 'NONE',  ( -2.457558517907056927, -39.39999999999999858, -37.51191100115814692 ) ) ;
#724 = CARTESIAN_POINT ( 'NONE',  ( -14.46029349386498630, -39.40000000000003411, 28.85071956449928621 ) ) ;
#725 = CARTESIAN_POINT ( 'NONE',  ( 0.1662849943466944425, -36.20768043521525215, 2.381323865116446559 ) ) ;
#726 = ORIENTED_EDGE ( 'NONE', *, *, #4375, .T. ) ;
#727 = CARTESIAN_POINT ( 'NONE',  ( -16.19999999999999929, -2.849999999999997424, 2.973353886326579598 ) ) ;
#728 = AXIS2_PLACEMENT_3D ( 'NONE', #1515, #3001, #3048 ) ;
#729 = DIRECTION ( 'NONE',  ( 1.000000000000000000, 0.000000000000000000, 0.000000000000000000 ) ) ;
#730 = CARTESIAN_POINT ( 'NONE',  ( 0.1733580002569160006, -3.083580438180597127, -9.760481702042964613 ) ) ;
#731 = CARTESIAN_POINT ( 'NONE',  ( -0.2499999999999932832, -31.39999999999999858, 12.84999999999999964 ) ) ;
#732 = DIRECTION ( 'NONE',  ( -1.000000000000000000, 0.000000000000000000, 0.000000000000000000 ) ) ;
#733 = AXIS2_PLACEMENT_3D ( 'NONE', #3519, #2891, #1402 ) ;
#734 = CARTESIAN_POINT ( 'NONE',  ( 0.1331548417620309621, -26.75525893047078441, -2.474180447194548105 ) ) ;
#735 = VERTEX_POINT ( 'NONE', #6674 ) ;
#736 = ORIENTED_EDGE ( 'NONE', *, *, #6257, .F. ) ;
#737 = ORIENTED_EDGE ( 'NONE', *, *, #8697, .F. ) ;
#738 = DIRECTION ( 'NONE',  ( 1.000000000000000000, 0.000000000000000000, 0.000000000000000000 ) ) ;
#739 = CARTESIAN_POINT ( 'NONE',  ( 0.1702994039107134372, -12.80711457209227078, -9.881286455399182600 ) ) ;
#740 = CARTESIAN_POINT ( 'NONE',  ( -17.87331514351789252, 1.120836529079457312E-13, -33.12319697670898933 ) ) ;
#741 = ORIENTED_EDGE ( 'NONE', *, *, #2635, .F. ) ;
#742 = B_SPLINE_CURVE_WITH_KNOTS ( 'NONE', 3,
 ( #3206, #8610, #8462, #7817 ),
 .UNSPECIFIED., .F., .F.,
 ( 4, 4 ),
 ( 0.000000000000000000, 1.000000000000000000 ),
 .UNSPECIFIED. ) ;
#743 = CARTESIAN_POINT ( 'NONE',  ( 0.2307051779869573327, -26.43567944329154784, 2.148618168971194731 ) ) ;
#744 = CARTESIAN_POINT ( 'NONE',  ( -12.69999999999999929, -2.000000000000003109, -45.00000000000001421 ) ) ;
#745 = DIRECTION ( 'NONE',  ( -9.251858538542974046E-17, -1.133025894539076336E-32, -1.000000000000000000 ) ) ;
#746 = CARTESIAN_POINT ( 'NONE',  ( 0.04294649156523530631, -2.982307563588080246, -9.606154618471505202 ) ) ;
#747 = CARTESIAN_POINT ( 'NONE',  ( -16.19999999999999929, -26.14999999999999858, 12.47335388632657427 ) ) ;
#748 = VERTEX_POINT ( 'NONE', #1378 ) ;
#749 = EDGE_CURVE ( 'NONE', #4581, #6399, #5941, .T. ) ;
#750 = AXIS2_PLACEMENT_3D ( 'NONE', #5838, #2121, #6476 ) ;
#751 = CARTESIAN_POINT ( 'NONE',  ( -8.427769491037762961, -26.92333333333333911, 45.00000000000000711 ) ) ;
#752 = CARTESIAN_POINT ( 'NONE',  ( 0.09999999999999939493, -2.999999999999999556, -7.500000000000000000 ) ) ;
#753 = ORIENTED_EDGE ( 'NONE', *, *, #1566, .F. ) ;
#754 = VECTOR ( 'NONE', #900, 1000.000000000000114 ) ;
#755 = CARTESIAN_POINT ( 'NONE',  ( -1.738200612200850204, -39.39999999999999858, 32.30000000000000426 ) ) ;
#756 = DIRECTION ( 'NONE',  ( 0.000000000000000000, 0.000000000000000000, 1.000000000000000000 ) ) ;
#757 = AXIS2_PLACEMENT_3D ( 'NONE', #8048, #3634, #7998 ) ;
#758 = CARTESIAN_POINT ( 'NONE',  ( -16.30000000000000426, -41.37000000000000455, -29.07223050896223882 ) ) ;
#759 = CARTESIAN_POINT ( 'NONE',  ( -9.400000000000000355, -36.64999999999999858, -12.47335388632658493 ) ) ;
#760 = CARTESIAN_POINT ( 'NONE',  ( 0.09935175248314821739, -3.500000000000000444, -7.000000000000000000 ) ) ;
#761 = ORIENTED_EDGE ( 'NONE', *, *, #8984, .T. ) ;
#762 = CARTESIAN_POINT ( 'NONE',  ( -9.050000000000016698, -8.000000000000000000, -1.224646799147353256E-15 ) ) ;
#763 = ADVANCED_FACE ( 'NONE', ( #7523 ), #9681, .F. ) ;
#764 = CARTESIAN_POINT ( 'NONE',  ( -16.19999999999999929, -36.64999999999999858, 12.47335388632657072 ) ) ;
#765 = AXIS2_PLACEMENT_3D ( 'NONE', #2979, #2740, #74 ) ;
#766 = CARTESIAN_POINT ( 'NONE',  ( 0.1774511383199431358, -36.20616609878555892, -2.381308546350114685 ) ) ;
#767 = DIRECTION ( 'NONE',  ( 1.000000000000000000, 0.000000000000000000, 0.000000000000000000 ) ) ;
#768 = CARTESIAN_POINT ( 'NONE',  ( -9.399999999999998579, -7.999999999999989342, -5.946707772653140545 ) ) ;
#769 = VERTEX_POINT ( 'NONE', #7620 ) ;
#770 = CARTESIAN_POINT ( 'NONE',  ( 0.1612625107758426102, -12.91834246234317263, -7.230834541184249176 ) ) ;
#771 = LINE ( 'NONE', #823, #3167 ) ;
#772 = CARTESIAN_POINT ( 'NONE',  ( 0.3264917695644649620, -26.39999999999999858, 2.000000000000000000 ) ) ;
#773 = EDGE_CURVE ( 'NONE', #302, #4366, #3290, .T. ) ;
#774 = DIRECTION ( 'NONE',  ( -9.251858538542974046E-17, -1.604941620322697274E-32, -1.000000000000000000 ) ) ;
#775 = ORIENTED_EDGE ( 'NONE', *, *, #327, .F. ) ;
#776 = DIRECTION ( 'NONE',  ( 0.000000000000000000, 0.000000000000000000, 1.000000000000000000 ) ) ;
#777 = CYLINDRICAL_SURFACE ( 'NONE', #1514, 3.349999999999998757 ) ;
#778 = CARTESIAN_POINT ( 'NONE',  ( 0.1691767755051780397, -3.232857145834974411, -9.918414204646586185 ) ) ;
#779 = CARTESIAN_POINT ( 'NONE',  ( -3.699300896933193972, -4.590384456879131799E-16, 40.23336764671309140 ) ) ;
#780 = DIRECTION ( 'NONE',  ( -0.000000000000000000, -0.000000000000000000, -1.000000000000000000 ) ) ;
#781 = CARTESIAN_POINT ( 'NONE',  ( 0.4397376543209853272, -26.77036218801979572, -2.483978110730989286 ) ) ;
#783 = ORIENTED_EDGE ( 'NONE', *, *, #99, .F. ) ;
#782 = EDGE_CURVE ( 'NONE', #9183, #6531, #2010, .T. ) ;
#784 = ORIENTED_EDGE ( 'NONE', *, *, #1256, .F. ) ;
#785 = ORIENTED_EDGE ( 'NONE', *, *, #3348, .T. ) ;
#786 = CARTESIAN_POINT ( 'NONE',  ( -17.47522151187814998, 8.673617379884035472E-16, 32.37131548370738443 ) ) ;
#787 = DIRECTION ( 'NONE',  ( 1.000000000000000000, 0.000000000000000000, 0.000000000000000000 ) ) ;
#788 = CARTESIAN_POINT ( 'NONE',  ( -14.46029349386059693, 1.725298606280819125E-15, -28.85071956449046837 ) ) ;
#789 = ORIENTED_EDGE ( 'NONE', *, *, #4822, .T. ) ;
#790 = CARTESIAN_POINT ( 'NONE',  ( 0.1046862460744691636, -26.39999999999999858, 2.000000000000000000 ) ) ;
#791 = DIRECTION ( 'NONE',  ( 0.000000000000000000, 0.4999999999999995004, -0.8660254037844390407 ) ) ;
#792 = LINE ( 'NONE', #3797, #8880 ) ;
#793 = ADVANCED_FACE ( 'NONE', ( #6924 ), #207, .F. ) ;
#794 = CARTESIAN_POINT ( 'NONE',  ( 0.06697224470285885467, -2.994496394378604265, -9.528894182240351896 ) ) ;
#795 = VECTOR ( 'NONE', #5050, 1000.000000000000000 ) ;
#796 = CARTESIAN_POINT ( 'NONE',  ( 0.09088851884876499032, -12.77072422556024023, -9.943743350910329681 ) ) ;
#797 = LINE ( 'NONE', #66, #5348 ) ;
#798 = ORIENTED_EDGE ( 'NONE', *, *, #8929, .T. ) ;
#799 = CARTESIAN_POINT ( 'NONE',  ( -9.399999999999998579, -36.54999999999999005, 6.526646113673450600 ) ) ;
#800 = DIRECTION ( 'NONE',  ( -0.000000000000000000, -0.8660254037844373753, -0.5000000000000022204 ) ) ;
#801 = VERTEX_POINT ( 'NONE', #4759 ) ;
#802 = CARTESIAN_POINT ( 'NONE',  ( 0.1046862460744690942, -26.89999999999999503, 2.499999999999998668 ) ) ;
#803 = CIRCLE ( 'NONE', #1110, 0.1000000000000000611 ) ;
#804 = FACE_OUTER_BOUND ( 'NONE', #3682, .T. ) ;
#805 = CARTESIAN_POINT ( 'NONE',  ( -14.34485364239852245, -39.40000000000004121, 27.33876599415880193 ) ) ;
#806 =( BOUNDED_CURVE ( )  B_SPLINE_CURVE ( 3, ( #4977, #7189, #8123, #7282 ),
 .UNSPECIFIED., .F., .F. ) 
 B_SPLINE_CURVE_WITH_KNOTS ( ( 4, 4 ),
 ( 4.712388980384689674, 5.622667918412831867 ),
 .UNSPECIFIED. ) 
 CURVE ( )  GEOMETRIC_REPRESENTATION_ITEM ( )  RATIONAL_B_SPLINE_CURVE ( ( 1.000000000000000000, 0.9321331520445480523, 0.9321331520445480523, 1.000000000000000000 ) ) 
 REPRESENTATION_ITEM ( '' )  );
#807 = DIRECTION ( 'NONE',  ( -4.625929269271487639E-17, 0.8660254037844385966, -0.5000000000000001110 ) ) ;
#808 = DIRECTION ( 'NONE',  ( 4.625929269271487023E-17, -0.8660254037844387076, 0.5000000000000001110 ) ) ;
#809 = AXIS2_PLACEMENT_3D ( 'NONE', #2882, #2730, #7236 ) ;
#810 = DIRECTION ( 'NONE',  ( 1.000000000000000000, -0.000000000000000000, -9.251858538542972814E-17 ) ) ;
#811 = ORIENTED_EDGE ( 'NONE', *, *, #1013, .F. ) ;
#812 = DIRECTION ( 'NONE',  ( 1.000000000000000000, 0.000000000000000000, 0.000000000000000000 ) ) ;
#813 = CARTESIAN_POINT ( 'NONE',  ( -19.67141233041203208, -39.40000000000001990, -37.65631240634503030 ) ) ;
#814 = B_SPLINE_CURVE_WITH_KNOTS ( 'NONE', 3,
 ( #6730, #7576, #1635, #1483, #9685, #6780 ),
 .UNSPECIFIED., .F., .F.,
 ( 4, 2, 4 ),
 ( 0.000000000000000000, 0.5000000000000000000, 1.000000000000000000 ),
 .UNSPECIFIED. ) ;
#815 = DIRECTION ( 'NONE',  ( 0.000000000000000000, 0.000000000000000000, 1.000000000000000000 ) ) ;
#816 = CARTESIAN_POINT ( 'NONE',  ( 0.1848601631658768063, -36.28180831836076692, -2.306373696080948221 ) ) ;
#817 = AXIS2_PLACEMENT_3D ( 'NONE', #1006, #8481, #273 ) ;
#818 = ADVANCED_FACE ( 'NONE', ( #1026 ), #3199, .T. ) ;
#819 = EDGE_CURVE ( 'NONE', #1471, #5995, #2694, .T. ) ;
#820 = DIRECTION ( 'NONE',  ( 9.251858538542972814E-17, 1.604941620322697274E-32, 1.000000000000000000 ) ) ;
#821 = CARTESIAN_POINT ( 'NONE',  ( -7.399776104167512081, -39.40000000000000568, -44.57888332972621015 ) ) ;
#822 = ORIENTED_EDGE ( 'NONE', *, *, #5264, .F. ) ;
#823 = CARTESIAN_POINT ( 'NONE',  ( -50.00000000000000711, -2.000000000000008882, 37.50000000000000000 ) ) ;
#824 = CARTESIAN_POINT ( 'NONE',  ( -16.29999999999999716, -8.049999999999981171, -6.148780366869515568 ) ) ;
#825 = CARTESIAN_POINT ( 'NONE',  ( 0.05903631049302991013, -26.39480829544088891, -2.168278571039092828 ) ) ;
#826 = ORIENTED_EDGE ( 'NONE', *, *, #6681, .T. ) ;
#827 = CARTESIAN_POINT ( 'NONE',  ( -12.69999999999999929, -37.39999999999999147, 44.99999999999999289 ) ) ;
#828 = CARTESIAN_POINT ( 'NONE',  ( 7.500000000000000000, -26.89999999999999858, -2.000000000000000000 ) ) ;
#829 = ADVANCED_FACE ( 'NONE', ( #4712 ), #1902, .T. ) ;
#830 = CARTESIAN_POINT ( 'NONE',  ( 0.3550498684094389179, -3.248190509814551596, -9.936893194177129018 ) ) ;
#831 = DIRECTION ( 'NONE',  ( -1.000000000000000000, 0.000000000000000000, 9.251858538542972814E-17 ) ) ;
#832 = CARTESIAN_POINT ( 'NONE',  ( -9.399999999999998579, -7.999999999999991118, 5.946707772653149426 ) ) ;
#833 = CARTESIAN_POINT ( 'NONE',  ( 0.1972545340980159934, -26.87087905730471604, -2.500000000000000000 ) ) ;
#834 = VERTEX_POINT ( 'NONE', #6876 ) ;
#835 = ORIENTED_EDGE ( 'NONE', *, *, #1208, .T. ) ;
#836 = ORIENTED_EDGE ( 'NONE', *, *, #7632, .T. ) ;
#837 = CARTESIAN_POINT ( 'NONE',  ( -14.45767870967638302, 8.580840698895690274E-16, 28.82698737478203199 ) ) ;
#838 = CARTESIAN_POINT ( 'NONE',  ( 0.08647305960337986486, -12.99314208600124942, -9.582081386191198646 ) ) ;
#839 = CARTESIAN_POINT ( 'NONE',  ( -17.87331514371060592, -1.999999999999999556, -33.12319697659053475 ) ) ;
#840 = EDGE_LOOP ( 'NONE', ( #4000, #3854, #8289, #2061 ) ) ;
#841 = CARTESIAN_POINT ( 'NONE',  ( 0.07620341509873697350, -26.40074591477889854, 2.031846916982646523 ) ) ;
#842 = DIRECTION ( 'NONE',  ( 1.000000000000000000, -3.558195749863460223E-33, -9.251858538542975279E-17 ) ) ;
#843 = DIRECTION ( 'NONE',  ( 0.000000000000000000, -0.4999999999999995559, 0.8660254037844389297 ) ) ;
#844 = EDGE_CURVE ( 'NONE', #7069, #4366, #3163, .T. ) ;
#845 = CARTESIAN_POINT ( 'NONE',  ( 0.4397376543209853272, -26.46611010604774705, -2.250558514135224897 ) ) ;
#846 = CARTESIAN_POINT ( 'NONE',  ( 0.03864744970013413161, -13.02103250939973655, -9.626195056398428207 ) ) ;
#847 = LINE ( 'NONE', #5895, #6435 ) ;
#848 = VERTEX_POINT ( 'NONE', #7668 ) ;
#849 = CARTESIAN_POINT ( 'NONE',  ( 0.000000000000000000, -41.37000000000000455, 34.43611525448112332 ) ) ;
#850 = CYLINDRICAL_SURFACE ( 'NONE', #1536, 0.1000000000000016709 ) ;
#851 = ORIENTED_EDGE ( 'NONE', *, *, #2890, .T. ) ;
#852 = CARTESIAN_POINT ( 'NONE',  ( 0.000000000000000000, -26.39999999999999858, 0.000000000000000000 ) ) ;
#853 = CARTESIAN_POINT ( 'NONE',  ( 0.04656666848148298399, -12.59163795618542281, -6.984533531008152885 ) ) ;
#854 = AXIS2_PLACEMENT_3D ( 'NONE', #4838, #5667, #5030 ) ;
#855 = CARTESIAN_POINT ( 'NONE',  ( -12.70000000000000107, -37.92349576871855987, -44.94794535333663532 ) ) ;
#856 = CARTESIAN_POINT ( 'NONE',  ( 0.1358053004170028111, -3.347669384593022990, -7.024384351817148264 ) ) ;
#857 = ORIENTED_EDGE ( 'NONE', *, *, #5326, .F. ) ;
#858 = CARTESIAN_POINT ( 'NONE',  ( 7.500000000000000000, -26.89999999999999858, 2.000000000000000000 ) ) ;
#859 = CARTESIAN_POINT ( 'NONE',  ( -16.19999999999999929, -2.749999999999999556, -2.973353886326579598 ) ) ;
#860 = CARTESIAN_POINT ( 'NONE',  ( 2.449293598294706907E-16, -2.000000000000000000, -43.00000000000000000 ) ) ;
#861 = EDGE_CURVE ( 'NONE', #6960, #4221, #9431, .T. ) ;
#862 = CARTESIAN_POINT ( 'NONE',  ( 0.07620341509859758500, -36.39925408522120875, -2.031846916981211226 ) ) ;
#863 = LINE ( 'NONE', #39, #1600 ) ;
#864 = DIRECTION ( 'NONE',  ( -4.625929269271488256E-17, -0.8660254037844384856, -0.5000000000000002220 ) ) ;
#865 = EDGE_LOOP ( 'NONE', ( #7626, #5493, #205, #6572 ) ) ;
#866 = DIRECTION ( 'NONE',  ( 0.000000000000000000, 0.000000000000000000, 1.000000000000000000 ) ) ;
#867 = LOCAL_TIME ( 14, 35, 29.00000000000000000, #1221 ) ;
#868 = FACE_OUTER_BOUND ( 'NONE', #1928, .T. ) ;
#869 = EDGE_CURVE ( 'NONE', #9129, #9529, #4404, .T. ) ;
#870 = EDGE_CURVE ( 'NONE', #4222, #2240, #8650, .T. ) ;
#871 = CARTESIAN_POINT ( 'NONE',  ( 0.09935175248319355612, -26.39999999999999147, -2.000000000000000000 ) ) ;
#872 = ORIENTED_EDGE ( 'NONE', *, *, #7090, .F. ) ;
#873 = DIRECTION ( 'NONE',  ( 0.000000000000000000, -1.000000000000000000, 6.071532165918861434E-14 ) ) ;
#874 = DIRECTION ( 'NONE',  ( 1.000000000000000000, -0.000000000000000000, -0.000000000000000000 ) ) ;
#875 = CARTESIAN_POINT ( 'NONE',  ( 0.4397376543209853272, -3.338892170818908767, -9.974463052294900933 ) ) ;
#876 = CARTESIAN_POINT ( 'NONE',  ( 0.05208757324650706289, -26.82926539802721067, 2.512216731700118721 ) ) ;
#877 = CARTESIAN_POINT ( 'NONE',  ( -17.01380753608540175, -37.39999999999999147, -31.18026866119821960 ) ) ;
#878 = CARTESIAN_POINT ( 'NONE',  ( 0.07359969900738876081, -26.69010444981765673, -2.482319410681511851 ) ) ;
#879 = ORIENTED_EDGE ( 'NONE', *, *, #3259, .T. ) ;
#880 = EDGE_LOOP ( 'NONE', ( #8531, #352, #5811, #885 ) ) ;
#881 = CARTESIAN_POINT ( 'NONE',  ( -18.02050404898357527, 3.901721554051779863E-16, 36.47041606001581471 ) ) ;
#882 = AXIS2_PLACEMENT_3D ( 'NONE', #8106, #3010, #2960 ) ;
#883 = CARTESIAN_POINT ( 'NONE',  ( 0.1486371429826354174, -12.96187453761185893, -9.676559581102020857 ) ) ;
#884 = CARTESIAN_POINT ( 'NONE',  ( -19.37810705586787918, 3.290939776925091302E-13, -34.99760044383624091 ) ) ;
#885 = ORIENTED_EDGE ( 'NONE', *, *, #5773, .F. ) ;
#886 = EDGE_CURVE ( 'NONE', #5763, #6985, #6914, .T. ) ;
#887 = CARTESIAN_POINT ( 'NONE',  ( 0.3400346600847561906, -26.40325341541645798, 2.065449309234397290 ) ) ;
#888 = DIRECTION ( 'NONE',  ( 0.000000000000000000, 0.000000000000000000, 1.000000000000000000 ) ) ;
#889 = DIRECTION ( 'NONE',  ( 1.000000000000000000, 1.224646799147353700E-16, 0.000000000000000000 ) ) ;
#890 = CARTESIAN_POINT ( 'NONE',  ( -16.19999999999999929, -26.14999999999999858, -6.353441032916553155 ) ) ;
#891 = AXIS2_PLACEMENT_3D ( 'NONE', #426, #7895, #4158 ) ;
#892 = CARTESIAN_POINT ( 'NONE',  ( -16.29999999999999716, -31.34999999999998721, 15.53331031303159016 ) ) ;
#893 = CARTESIAN_POINT ( 'NONE',  ( 0.03864744970013720554, -13.02103250939973478, -7.373804943601590445 ) ) ;
#894 = ORIENTED_EDGE ( 'NONE', *, *, #2251, .F. ) ;
#895 = CARTESIAN_POINT ( 'NONE',  ( -9.399999999999998579, -7.949999999999996625, 6.033310313031597261 ) ) ;
#896 = CARTESIAN_POINT ( 'NONE',  ( -9.049999999999998934, -31.39999999999999858, -9.500000000000008882 ) ) ;
#897 = ORIENTED_EDGE ( 'NONE', *, *, #6179, .F. ) ;
#898 = EDGE_CURVE ( 'NONE', #4259, #8253, #956, .T. ) ;
#899 = CARTESIAN_POINT ( 'NONE',  ( 0.000000000000000000, -26.30000000000000071, -2.600000000000000089 ) ) ;
#900 = DIRECTION ( 'NONE',  ( 0.7071067811865451302, 0.000000000000000000, -0.7071067811865500152 ) ) ;
#901 = DIRECTION ( 'NONE',  ( -0.000000000000000000, -0.000000000000000000, -1.000000000000000000 ) ) ;
#902 = FACE_OUTER_BOUND ( 'NONE', #5479, .T. ) ;
#903 = CIRCLE ( 'NONE', #3107, 0.1999999999999996503 ) ;
#904 = CARTESIAN_POINT ( 'NONE',  ( 0.4397376543083739153, -3.500000000000000888, -6.999999999999999112 ) ) ;
#905 = VERTEX_POINT ( 'NONE', #6227 ) ;
#906 = CARTESIAN_POINT ( 'NONE',  ( 0.05903631049302648232, -36.06827857103909452, 2.505191704559110111 ) ) ;
#907 = CARTESIAN_POINT ( 'NONE',  ( -21.03152055426786760, -39.39999999999997016, -38.33468113028667545 ) ) ;
#908 = ADVANCED_FACE ( 'NONE', ( #6133 ), #1820, .F. ) ;
#909 = CARTESIAN_POINT ( 'NONE',  ( 0.08647305960510906497, -36.39314208604090339, -2.082081386358591857 ) ) ;
#910 = EDGE_LOOP ( 'NONE', ( #3227, #7285, #2759, #6643, #8899, #7753 ) ) ;
#911 = AXIS2_PLACEMENT_3D ( 'NONE', #260, #3166, #3074 ) ;
#912 = DIRECTION ( 'NONE',  ( 9.251858538542975279E-17, 5.723103233284416719E-16, 1.000000000000000000 ) ) ;
#913 = CIRCLE ( 'NONE', #1857, 0.1000000000000001721 ) ;
#914 = CARTESIAN_POINT ( 'NONE',  ( 0.03864744970013413161, -13.02103250939973655, -9.626195056398428207 ) ) ;
#915 = ORIENTED_EDGE ( 'NONE', *, *, #160, .T. ) ;
#916 = VECTOR ( 'NONE', #6100, 1000.000000000000000 ) ;
#917 = LINE ( 'NONE', #3872, #3520 ) ;
#918 = CARTESIAN_POINT ( 'NONE',  ( 0.09293989373413708011, -12.49999999999999645, -9.999999999999982236 ) ) ;
#919 = CARTESIAN_POINT ( 'NONE',  ( 0.2008050707400862445, -26.39999999999999503, -2.058241885390575732 ) ) ;
#920 = CARTESIAN_POINT ( 'NONE',  ( -12.70000000000000107, -39.39999999999999147, 44.99999999999999289 ) ) ;
#921 = CARTESIAN_POINT ( 'NONE',  ( -4.843475847425367546E-17, -26.48863725129703539, 2.568560458117160827 ) ) ;
#922 = CARTESIAN_POINT ( 'NONE',  ( 0.1173425529678981255, -3.431601121395463583, -9.992862776198673913 ) ) ;
#923 = EDGE_CURVE ( 'NONE', #7834, #9528, #9124, .T. ) ;
#924 = DIRECTION ( 'NONE',  ( -1.000000000000000000, 0.000000000000000000, 0.000000000000000000 ) ) ;
#925 = DIRECTION ( 'NONE',  ( 0.000000000000000000, 0.000000000000000000, 1.000000000000000000 ) ) ;
#926 = CARTESIAN_POINT ( 'NONE',  ( 0.3476626957408024965, -26.77036218801979572, -2.483978110730989286 ) ) ;
#927 = ORIENTED_EDGE ( 'NONE', *, *, #6230, .T. ) ;
#928 = VERTEX_POINT ( 'NONE', #3843 ) ;
#929 = CARTESIAN_POINT ( 'NONE',  ( -17.01380753608482976, -2.000000000000000000, 31.18026866119667773 ) ) ;
#930 = CARTESIAN_POINT ( 'NONE',  ( 0.1229047811001018481, -12.99275666050518296, -9.565714747900823767 ) ) ;
#931 = EDGE_LOOP ( 'NONE', ( #4585, #2315, #5856 ) ) ;
#932 = CARTESIAN_POINT ( 'NONE',  ( -16.30000000000000071, -1.999999999999796163, -24.79999999999999716 ) ) ;
#933 = CARTESIAN_POINT ( 'NONE',  ( -9.050000000000016698, -8.000000000000000000, -1.224646799147353256E-15 ) ) ;
#934 = CARTESIAN_POINT ( 'NONE',  ( 0.4397376543209868260, -12.93689319417712902, -7.248190509814547156 ) ) ;
#935 = EDGE_CURVE ( 'NONE', #6541, #4222, #8360, .T. ) ;
#936 = DIRECTION ( 'NONE',  ( 0.000000000000000000, 0.4999999999999966693, -0.8660254037844405950 ) ) ;
#937 = DIRECTION ( 'NONE',  ( 1.000000000000000000, 0.000000000000000000, -0.000000000000000000 ) ) ;
#938 = CARTESIAN_POINT ( 'NONE',  ( -14.59839890862249234, 8.969594304278246987E-16, 29.82284070900675843 ) ) ;
#939 = EDGE_LOOP ( 'NONE', ( #6593, #4496, #6624, #5430 ) ) ;
#940 = CARTESIAN_POINT ( 'NONE',  ( -29.00000000000000000, -1.999999999999810152, 37.50000000000002132 ) ) ;
#941 = CARTESIAN_POINT ( 'NONE',  ( -0.2499999999999932832, -31.39999999999999858, 6.150000000000002132 ) ) ;
#942 = ORIENTED_EDGE ( 'NONE', *, *, #9278, .F. ) ;
#943 = CARTESIAN_POINT ( 'NONE',  ( 0.4397376543083739153, -3.239006670618358452, -7.053886548195091422 ) ) ;
#944 = FACE_OUTER_BOUND ( 'NONE', #585, .T. ) ;
#945 = LINE ( 'NONE', #6192, #2022 ) ;
#946 = CARTESIAN_POINT ( 'NONE',  ( 0.000000000000000000, -26.30000000000000071, -2.600000000000000089 ) ) ;
#947 = ADVANCED_FACE ( 'NONE', ( #3933 ), #6966, .F. ) ;
#948 = CARTESIAN_POINT ( 'NONE',  ( 0.1433665418943758096, -12.96185248517213040, -7.321131117562675428 ) ) ;
#949 = CARTESIAN_POINT ( 'NONE',  ( 0.09491475995917666997, -3.209611039552248801, -7.070739168152633702 ) ) ;
#950 = ORIENTED_EDGE ( 'NONE', *, *, #6693, .F. ) ;
#951 = AXIS2_PLACEMENT_3D ( 'NONE', #9246, #8410, #3251 ) ;
#952 = CARTESIAN_POINT ( 'NONE',  ( 0.07490148841600269281, -36.11035177685005237, -2.483538730382879312 ) ) ;
#953 = CARTESIAN_POINT ( 'NONE',  ( 0.3264917695389989993, -3.499999999999999556, -7.000000000000000000 ) ) ;
#954 = CARTESIAN_POINT ( 'NONE',  ( -36.24999999999999289, -39.40000000000000568, 41.24999999999999289 ) ) ;
#955 = VERTEX_POINT ( 'NONE', #7807 ) ;
#956 = CIRCLE ( 'NONE', #7702, 0.1000000000000001721 ) ;
#957 = CARTESIAN_POINT ( 'NONE',  ( -20.01974387893084995, -12.47666666666667723, 36.58951261808174849 ) ) ;
#958 = AXIS2_PLACEMENT_3D ( 'NONE', #5820, #8038, #2098 ) ;
#959 = ADVANCED_FACE ( 'NONE', ( #1073 ), #4076, .F. ) ;
#960 = CARTESIAN_POINT ( 'NONE',  ( -9.299999999999998934, -4.574999999999998401, -7.924132444627604244 ) ) ;
#961 = ORIENTED_EDGE ( 'NONE', *, *, #9490, .F. ) ;
#962 = B_SPLINE_CURVE_WITH_KNOTS ( 'NONE', 5,
 ( #8180, #5860, #5129, #4392, #5957, #8129, #7392, #3670 ),
 .UNSPECIFIED., .F., .F.,
 ( 6, 2, 6 ),
 ( 0.000000000000000000, 0.01061253142894017475, 0.02122506285788034949 ),
 .UNSPECIFIED. ) ;
#963 = DIRECTION ( 'NONE',  ( 9.251858538542972814E-17, 0.000000000000000000, 1.000000000000000000 ) ) ;
#964 = DIRECTION ( 'NONE',  ( 1.000000000000000000, -0.000000000000000000, -9.251858538542972814E-17 ) ) ;
#965 = CIRCLE ( 'NONE', #500, 2.000000000000001776 ) ;
#966 = CARTESIAN_POINT ( 'NONE',  ( 0.1774511383253385699, -26.51869145305161624, -2.306166100686953602 ) ) ;
#967 = CARTESIAN_POINT ( 'NONE',  ( -2.123080643744414964, -37.39999999999999147, 41.47163060464860251 ) ) ;
#968 = CARTESIAN_POINT ( 'NONE',  ( -9.299999999999998934, -26.25000000000000711, -2.853823903296072813E-14 ) ) ;
#969 = CARTESIAN_POINT ( 'NONE',  ( 0.04884188009658109453, -3.352763186281247254, -10.01311210697942045 ) ) ;
#970 = CARTESIAN_POINT ( 'NONE',  ( 0.4397376543209871036, -36.39999999999999858, 2.032730823689487210 ) ) ;
#971 = CARTESIAN_POINT ( 'NONE',  ( -16.30058051468540015, -37.40000000000525660, -25.79398127657642092 ) ) ;
#972 = CARTESIAN_POINT ( 'NONE',  ( 0.03864744970013872516, -36.42103250939973691, 2.126195056398410443 ) ) ;
#973 = ORIENTED_EDGE ( 'NONE', *, *, #4227, .T. ) ;
#974 = ORIENTED_EDGE ( 'NONE', *, *, #5325, .T. ) ;
#975 = CARTESIAN_POINT ( 'NONE',  ( -16.34161554134613681, -2.000000000000000000, 27.21517466588002421 ) ) ;
#976 = CARTESIAN_POINT ( 'NONE',  ( 0.08501530141708306398, -12.97643026367791563, -9.688973167084828475 ) ) ;
#977 = ORIENTED_EDGE ( 'NONE', *, *, #595, .T. ) ;
#978 = DIRECTION ( 'NONE',  ( 0.000000000000000000, 1.000000000000000000, 0.000000000000000000 ) ) ;
#979 = CARTESIAN_POINT ( 'NONE',  ( -9.299999999999997158, -14.53862066797606545, 25.18162966890553633 ) ) ;
#980 = CARTESIAN_POINT ( 'NONE',  ( 0.4397376543209871591, -12.89983342119908905, -7.192726640012538475 ) ) ;
#981 = CARTESIAN_POINT ( 'NONE',  ( -26.86388474551888450, -26.92333333332080514, -37.50000000000000000 ) ) ;
#982 = FACE_OUTER_BOUND ( 'NONE', #1814, .T. ) ;
#983 = VECTOR ( 'NONE', #5652, 1000.000000000000000 ) ;
#984 = CARTESIAN_POINT ( 'NONE',  ( -16.98367107291949551, 8.309027459859791520E-16, 35.37267895974758147 ) ) ;
#985 = ORIENTED_EDGE ( 'NONE', *, *, #6838, .T. ) ;
#986 = DIRECTION ( 'NONE',  ( -1.000000000000000000, 0.000000000000000000, 9.251858538542972814E-17 ) ) ;
#987 = VERTEX_POINT ( 'NONE', #4865 ) ;
#988 = DIRECTION ( 'NONE',  ( 0.7071067811865394681, 8.659560562355031466E-17, 0.7071067811865555663 ) ) ;
#989 = ORIENTED_EDGE ( 'NONE', *, *, #2623, .T. ) ;
#990 = EDGE_CURVE ( 'NONE', #3022, #7581, #8578, .T. ) ;
#991 = CARTESIAN_POINT ( 'NONE',  ( 0.09667812241375084437, -26.89968300605631057, 2.500052832323947261 ) ) ;
#993 = ADVANCED_FACE ( 'NONE', ( #303 ), #7328, .F. ) ;
#992 = CARTESIAN_POINT ( 'NONE',  ( -3.252606517456513302E-16, -2.899999999999999911, -10.09999999999999787 ) ) ;
#994 = DIRECTION ( 'NONE',  ( 0.000000000000000000, 1.000000000000000000, -0.000000000000000000 ) ) ;
#995 = DIRECTION ( 'NONE',  ( 0.000000000000000000, 0.000000000000000000, -1.000000000000000000 ) ) ;
#996 = CARTESIAN_POINT ( 'NONE',  ( 0.03864744970013613695, -12.62619505639841933, -6.978967490600266999 ) ) ;
#997 = CARTESIAN_POINT ( 'NONE',  ( 0.1471451563429526654, -3.355545519549147482, -7.024167391864454046 ) ) ;
#998 = ORIENTED_EDGE ( 'NONE', *, *, #2184, .F. ) ;
#999 = DIRECTION ( 'NONE',  ( 0.000000000000000000, 0.000000000000000000, -1.000000000000000000 ) ) ;
#1000 = CARTESIAN_POINT ( 'NONE',  ( -15.65672832091236444, -39.39999999999999858, -33.20884182563361975 ) ) ;
#1001 = CARTESIAN_POINT ( 'NONE',  ( 0.1154267357446298048, -36.39288688668451499, -2.069271248608179903 ) ) ;
#1002 = ORIENTED_EDGE ( 'NONE', *, *, #9358, .F. ) ;
#1003 = EDGE_CURVE ( 'NONE', #1178, #7948, #3063, .T. ) ;
#1004 = VECTOR ( 'NONE', #1023, 1000.000000000000114 ) ;
#1005 = CARTESIAN_POINT ( 'NONE',  ( -16.29999999999999716, -26.92333333332080869, 26.93611525448112687 ) ) ;
#1006 = CARTESIAN_POINT ( 'NONE',  ( -0.2499999999999863443, -8.000000000000000000, -1.224646799147353256E-15 ) ) ;
#1007 = EDGE_LOOP ( 'NONE', ( #822, #7116, #5047, #5939 ) ) ;
#1008 = CIRCLE ( 'NONE', #7597, 3.750000000000003553 ) ;
#1009 = DIRECTION ( 'NONE',  ( -1.000000000000000000, 0.000000000000000000, 0.000000000000000000 ) ) ;
#1010 = DIRECTION ( 'NONE',  ( 0.000000000000000000, -0.000000000000000000, -1.000000000000000000 ) ) ;
#1011 = CARTESIAN_POINT ( 'NONE',  ( 0.2477958869278685805, -26.46444570245598626, -2.212556317914793347 ) ) ;
#1012 = AXIS2_PLACEMENT_3D ( 'NONE', #4264, #5785, #8700 ) ;
#1013 = EDGE_CURVE ( 'NONE', #7948, #6485, #1315, .T. ) ;
#1014 = CARTESIAN_POINT ( 'NONE',  ( -4.433701666406281383, -39.39999999999996305, 43.47395698886182913 ) ) ;
#1015 = CARTESIAN_POINT ( 'NONE',  ( 0.1016644731461534557, -3.205650677264317849, -9.933988093953878717 ) ) ;
#1016 = CARTESIAN_POINT ( 'NONE',  ( 0.03864744970013687941, -3.373804943601586004, -10.02103250939973300 ) ) ;
#1017 = CARTESIAN_POINT ( 'NONE',  ( -16.19999999999999929, -36.64999999999999858, 12.53108891324553120 ) ) ;
#1018 = AXIS2_PLACEMENT_3D ( 'NONE', #6727, #2967, #5942 ) ;
#1019 = CARTESIAN_POINT ( 'NONE',  ( 0.05425398816923131251, -36.41106853619036343, 2.063380852337220350 ) ) ;
#1020 = ORIENTED_EDGE ( 'NONE', *, *, #3060, .T. ) ;
#1021 = ORIENTED_EDGE ( 'NONE', *, *, #2644, .F. ) ;
#1022 = CARTESIAN_POINT ( 'NONE',  ( -27.98390500390405577, 1.672517586920809300E-15, 39.49953382102308552 ) ) ;
#1023 = DIRECTION ( 'NONE',  ( -4.625929269271483942E-17, -0.8660254037844388186, -0.4999999999999997224 ) ) ;
#1024 = ORIENTED_EDGE ( 'NONE', *, *, #4973, .F. ) ;
#1025 = CARTESIAN_POINT ( 'NONE',  ( -3.811648262644350293E-17, -37.66179938779914949, -32.30000000000001137 ) ) ;
#1026 = FACE_OUTER_BOUND ( 'NONE', #3445, .T. ) ;
#1027 = DIRECTION ( 'NONE',  ( -1.000000000000000000, 0.000000000000000000, 9.251858538542972814E-17 ) ) ;
#1028 = LINE ( 'NONE', #5902, #3017 ) ;
#1029 = CARTESIAN_POINT ( 'NONE',  ( -16.19999999999999929, -36.64999999999999858, -6.468911086754486561 ) ) ;
#1030 = CARTESIAN_POINT ( 'NONE',  ( -16.00551917205154240, 8.531235513410880904E-16, 33.88323340980007004 ) ) ;
#1031 = ORIENTED_EDGE ( 'NONE', *, *, #672, .T. ) ;
#1032 = ORIENTED_EDGE ( 'NONE', *, *, #2833, .F. ) ;
#1033 = FACE_OUTER_BOUND ( 'NONE', #1066, .T. ) ;
#1034 = ORIENTED_EDGE ( 'NONE', *, *, #4739, .T. ) ;
#1035 = CARTESIAN_POINT ( 'NONE',  ( 0.1236206407845175242, -26.65036442085012425, 2.432519966182205007 ) ) ;
#1036 = DIRECTION ( 'NONE',  ( 6.349528607487466883E-15, -0.8660254037844405950, -0.4999999999999966693 ) ) ;
#1037 = DIRECTION ( 'NONE',  ( 0.000000000000000000, 1.000000000000000000, 0.000000000000000000 ) ) ;
#1038 = VECTOR ( 'NONE', #5984, 1000.000000000000000 ) ;
#1039 = CARTESIAN_POINT ( 'NONE',  ( -16.19999999999999929, -36.75000000000000000, -12.47335388632658493 ) ) ;
#1040 = EDGE_CURVE ( 'NONE', #8938, #2718, #6807, .T. ) ;
#1041 = CARTESIAN_POINT ( 'NONE',  ( 0.4397376543209871591, -13.00000000000000000, -7.467269176310513679 ) ) ;
#1042 = CARTESIAN_POINT ( 'NONE',  ( 0.3735402191726513443, -3.169586624709634481, -7.123306594103818057 ) ) ;
#1043 = ORIENTED_EDGE ( 'NONE', *, *, #7506, .T. ) ;
#1044 = CARTESIAN_POINT ( 'NONE',  ( 0.04884188009658384233, -36.41311210697942613, 2.147236813718750525 ) ) ;
#1045 = DIRECTION ( 'NONE',  ( 1.000000000000000000, 0.000000000000000000, 0.000000000000000000 ) ) ;
#1046 = CARTESIAN_POINT ( 'NONE',  ( 0.09667812241418068109, -36.40005283232392941, -2.000316993943624055 ) ) ;
#1047 = ORIENTED_EDGE ( 'NONE', *, *, #654, .F. ) ;
#1048 = CIRCLE ( 'NONE', #2952, 0.1000000000000001721 ) ;
#1049 = DIRECTION ( 'NONE',  ( 1.000000000000000000, 0.000000000000000000, 0.000000000000000000 ) ) ;
#1050 = ORIENTED_EDGE ( 'NONE', *, *, #5619, .T. ) ;
#1051 = ADVANCED_FACE ( 'NONE', ( #6773 ), #3485, .T. ) ;
#1052 = CARTESIAN_POINT ( 'NONE',  ( -16.29999999999999716, -31.29999999999997939, 3.380087146589978442 ) ) ;
#1053 = CARTESIAN_POINT ( 'NONE',  ( -16.19999999999999929, -31.34999999999998366, 3.466689686968422723 ) ) ;
#1054 = CIRCLE ( 'NONE', #911, 0.09999999999999939493 ) ;
#1055 = CARTESIAN_POINT ( 'NONE',  ( 0.1724350523278125324, -26.53682455585047251, -2.326185211132480113 ) ) ;
#1056 = CARTESIAN_POINT ( 'NONE',  ( -14.60309053183451944, 8.970781202181138458E-16, -29.84850086658679658 ) ) ;
#1057 = CARTESIAN_POINT ( 'NONE',  ( -2.001047449793380117, -39.39999999999999147, 33.80477886647472729 ) ) ;
#1058 = CIRCLE ( 'NONE', #2797, 3.349999999999997868 ) ;
#1059 = DIRECTION ( 'NONE',  ( -2.168404344971064088E-14, 0.8660254037844330455, 0.5000000000000096589 ) ) ;
#1060 = CARTESIAN_POINT ( 'NONE',  ( -16.29999999999999716, -2.749999999999999556, 3.146558967083463720 ) ) ;
#1061 = CIRCLE ( 'NONE', #294, 0.09999999999999939493 ) ;
#1062 = CARTESIAN_POINT ( 'NONE',  ( 0.4397376543209871036, -36.15055851413521992, 2.433889893952248862 ) ) ;
#1063 = EDGE_CURVE ( 'NONE', #6960, #6485, #3390, .T. ) ;
#1064 = CARTESIAN_POINT ( 'NONE',  ( -14.34404184590520615, -39.39999999999999858, -27.32272864182204231 ) ) ;
#1065 = DIRECTION ( 'NONE',  ( -4.625929269271475313E-17, 0.8660254037844393737, -0.4999999999999988898 ) ) ;
#1066 = EDGE_LOOP ( 'NONE', ( #1798, #443, #6820, #8960 ) ) ;
#1067 = AXIS2_PLACEMENT_3D ( 'NONE', #9598, #7279, #555 ) ;
#1068 = CARTESIAN_POINT ( 'NONE',  ( -28.49194893856022048, -1.034612254524130596E-14, 39.50000000380384080 ) ) ;
#1069 = CARTESIAN_POINT ( 'NONE',  ( 0.4397376543209866595, -35.96546164737896589, 2.500000000000000000 ) ) ;
#1070 = ORIENTED_EDGE ( 'NONE', *, *, #4784, .T. ) ;
#1071 = AXIS2_PLACEMENT_3D ( 'NONE', #359, #4184, #2721 ) ;
#1072 = CYLINDRICAL_SURFACE ( 'NONE', #2331, 0.09999999999999939493 ) ;
#1073 = FACE_OUTER_BOUND ( 'NONE', #9296, .T. ) ;
#1074 = PERSON_AND_ORGANIZATION ( #7610, #8559 ) ;
#1075 = CARTESIAN_POINT ( 'NONE',  ( -29.00000000000000355, -12.47666666666666835, -37.50000000000000000 ) ) ;
#1076 = ADVANCED_FACE ( 'NONE', ( #5539 ), #4433, .F. ) ;
#1077 = LINE ( 'NONE', #1874, #6177 ) ;
#1078 = EDGE_CURVE ( 'NONE', #6700, #6708, #5504, .T. ) ;
#1079 = SPHERICAL_SURFACE ( 'NONE', #8488, 0.1000000000000000056 ) ;
#1080 = ORIENTED_EDGE ( 'NONE', *, *, #5990, .F. ) ;
#1081 = CARTESIAN_POINT ( 'NONE',  ( -16.29999999999999716, -7.999999999999996447, 5.946707772653153867 ) ) ;
#1082 = ORIENTED_EDGE ( 'NONE', *, *, #224, .T. ) ;
#1083 = CARTESIAN_POINT ( 'NONE',  ( 0.08373167235171456724, -12.69470643779630770, -9.979981876748865943 ) ) ;
#1084 = CARTESIAN_POINT ( 'NONE',  ( -50.00000000000000711, -39.40000000000000568, -37.49999999999999289 ) ) ;
#1085 = VERTEX_POINT ( 'NONE', #2784 ) ;
#1086 = CARTESIAN_POINT ( 'NONE',  ( 0.1045621488168196750, -26.72876369472391644, 2.476370237836782895 ) ) ;
#1087 = CARTESIAN_POINT ( 'NONE',  ( 0.01648282397504086116, -2.957123304522634388, -9.757260175387076018 ) ) ;
#1088 = DIRECTION ( 'NONE',  ( 0.000000000000000000, -0.4999999999999966693, -0.8660254037844405950 ) ) ;
#1089 = EDGE_CURVE ( 'NONE', #5780, #2240, #7749, .T. ) ;
#1090 = CARTESIAN_POINT ( 'NONE',  ( -9.399999999999998579, -31.39999999999998437, 3.453292227346867804 ) ) ;
#1091 = CARTESIAN_POINT ( 'NONE',  ( -29.00000000000000000, -0.9927620392582042763, -37.75242722329146972 ) ) ;
#1092 = CARTESIAN_POINT ( 'NONE',  ( 0.1744252914935482124, -3.118502786338777089, -7.192357931668590609 ) ) ;
#1093 = ORIENTED_EDGE ( 'NONE', *, *, #898, .F. ) ;
#1094 = CARTESIAN_POINT ( 'NONE',  ( 0.000000000000000000, -31.39999999999999858, 9.500000000000001776 ) ) ;
#1095 = CARTESIAN_POINT ( 'NONE',  ( 0.05425706991857209144, -26.38906620878674758, 2.062470473771851331 ) ) ;
#1096 = CARTESIAN_POINT ( 'NONE',  ( -9.553572098829194559, 2.415174302439842075E-12, -44.91571821745916537 ) ) ;
#1097 = ORIENTED_EDGE ( 'NONE', *, *, #4216, .F. ) ;
#1098 = CC_DESIGN_DATE_AND_TIME_ASSIGNMENT ( #9333, #346, ( #7930 ) ) ;
#1099 = SPHERICAL_SURFACE ( 'NONE', #8341, 0.5000000000000000000 ) ;
#1100 = AXIS2_PLACEMENT_3D ( 'NONE', #7202, #7247, #4210 ) ;
#1101 = CIRCLE ( 'NONE', #951, 0.2000000000000000944 ) ;
#1102 = DIRECTION ( 'NONE',  ( -1.000000000000000000, 0.000000000000000000, 9.251858538542972814E-17 ) ) ;
#1103 = DIRECTION ( 'NONE',  ( 0.000000000000000000, 1.000000000000000000, -2.602085213965136173E-14 ) ) ;
#1104 = CARTESIAN_POINT ( 'NONE',  ( 0.08501530141737147217, -3.023569736322325063, -7.311026832915441531 ) ) ;
#1105 = CARTESIAN_POINT ( 'NONE',  ( 0.1724245677154080947, -26.59209860740699938, -2.381465166027261660 ) ) ;
#1106 = CARTESIAN_POINT ( 'NONE',  ( 7.500000000000001776, -13.00000000000000000, -7.500000000000000000 ) ) ;
#1107 = AXIS2_PLACEMENT_3D ( 'NONE', #5891, #8110, #8260 ) ;
#1108 = EDGE_CURVE ( 'NONE', #1396, #1506, #9474, .T. ) ;
#1109 = CARTESIAN_POINT ( 'NONE',  ( -0.1710070809089916100, -37.39999999999999147, 36.31362801256579331 ) ) ;
#1110 = AXIS2_PLACEMENT_3D ( 'NONE', #3146, #9232, #3237 ) ;
#1111 = CARTESIAN_POINT ( 'NONE',  ( -9.399999999999998579, -26.25000000000000355, 6.526646113673431948 ) ) ;
#1112 =( BOUNDED_CURVE ( )  B_SPLINE_CURVE ( 3, ( #4671, #7765, #1775, #4808 ),
 .UNSPECIFIED., .F., .T. ) 
 B_SPLINE_CURVE_WITH_KNOTS ( ( 4, 4 ),
 ( 0.6605173887667531440, 1.570796326794899445 ),
 .UNSPECIFIED. ) 
 CURVE ( )  GEOMETRIC_REPRESENTATION_ITEM ( )  RATIONAL_B_SPLINE_CURVE ( ( 1.000000000000000000, 0.9321331520445474972, 0.9321331520445474972, 1.000000000000000000 ) ) 
 REPRESENTATION_ITEM ( '' )  );
#1113 = CARTESIAN_POINT ( 'NONE',  ( 0.1112620995947121577, -3.475165823393687070, -10.00021604192210134 ) ) ;
#1114 = CARTESIAN_POINT ( 'NONE',  ( 0.06386293024439552990, -12.51714899387052427, -6.997141834354915879 ) ) ;
#1115 = AXIS2_PLACEMENT_3D ( 'NONE', #718, #2448, #767 ) ;
#1116 = CARTESIAN_POINT ( 'NONE',  ( -17.86195252083727780, -37.39999999999999147, -33.10360032484218351 ) ) ;
#1117 = CIRCLE ( 'NONE', #5665, 0.1000000000000028644 ) ;
#1118 = CARTESIAN_POINT ( 'NONE',  ( -9.300000000000002487, -31.34999999999998721, -15.53331031303159726 ) ) ;
#1119 = VERTEX_POINT ( 'NONE', #8682 ) ;
#1120 = CARTESIAN_POINT ( 'NONE',  ( -29.00000000000000000, -1.040834085586084257E-14, 37.50000000000003553 ) ) ;
#1121 = CARTESIAN_POINT ( 'NONE',  ( 0.09088851884877188758, -36.17072422556023525, 2.443743350910326573 ) ) ;
#1122 = VERTEX_POINT ( 'NONE', #471 ) ;
#1123 = DIRECTION ( 'NONE',  ( 1.000000000000000000, 0.000000000000000000, 0.000000000000000000 ) ) ;
#1124 = EDGE_CURVE ( 'NONE', #5259, #5835, #3471, .T. ) ;
#1125 = DATE_AND_TIME ( #1821, #9341 ) ;
#1126 = VECTOR ( 'NONE', #1129, 1000.000000000000000 ) ;
#1127 = DIRECTION ( 'NONE',  ( 0.000000000000000000, 0.000000000000000000, -1.000000000000000000 ) ) ;
#1128 = DIRECTION ( 'NONE',  ( 1.000000000000000000, -0.000000000000000000, -0.000000000000000000 ) ) ;
#1129 = DIRECTION ( 'NONE',  ( -1.000000000000000000, -1.084202172485504434E-16, 0.000000000000000000 ) ) ;
#1130 = ORIENTED_EDGE ( 'NONE', *, *, #7745, .F. ) ;
#1131 = DIRECTION ( 'NONE',  ( 0.000000000000000000, -0.5000000000000004441, -0.8660254037844383745 ) ) ;
#1132 = ORIENTED_EDGE ( 'NONE', *, *, #9423, .F. ) ;
#1133 = ORIENTED_EDGE ( 'NONE', *, *, #7047, .T. ) ;
#1134 = CARTESIAN_POINT ( 'NONE',  ( 0.05903631049302360961, -12.66827857103911192, -10.00519170455911144 ) ) ;
#1135 = CARTESIAN_POINT ( 'NONE',  ( -9.300000000000002487, -26.15000000000002700, -37.50000000000000000 ) ) ;
#1136 = ORIENTED_EDGE ( 'NONE', *, *, #819, .T. ) ;
#1137 = CARTESIAN_POINT ( 'NONE',  ( 0.2528248678756097045, -26.65688646748284540, 2.419323821212175929 ) ) ;
#1138 = CARTESIAN_POINT ( 'NONE',  ( -2.763121454098235010E-16, -13.01534932160023494, -10.08589155359988254 ) ) ;
#1139 = EDGE_CURVE ( 'NONE', #1271, #9143, #4770, .T. ) ;
#1140 = CARTESIAN_POINT ( 'NONE',  ( -9.399999999999998579, -31.39999999999998437, 15.44670777265314676 ) ) ;
#1141 = CARTESIAN_POINT ( 'NONE',  ( -9.049999999999998934, -31.39999999999999858, -9.500000000000008882 ) ) ;
#1142 = CARTESIAN_POINT ( 'NONE',  ( 0.1100075559158118638, -12.99299630832552133, -7.427177714177834567 ) ) ;
#1143 = CARTESIAN_POINT ( 'NONE',  ( 0.1848601631637306897, -3.118191678880489537, -7.193626303166118063 ) ) ;
#1144 = ORIENTED_EDGE ( 'NONE', *, *, #1795, .T. ) ;
#1145 = CARTESIAN_POINT ( 'NONE',  ( 0.01382043241904024229, -13.04032147014745036, -7.258071179115295202 ) ) ;
#1146 = CARTESIAN_POINT ( 'NONE',  ( -4.861976371481737225, -7.993337746109847390E-14, -43.69897720915755457 ) ) ;
#1147 = CARTESIAN_POINT ( 'NONE',  ( -3.252606517456513302E-16, -26.30000000000000071, -2.599999999999999201 ) ) ;
#1148 = CARTESIAN_POINT ( 'NONE',  ( -17.21048738191825578, -12.47666666666667723, 33.78025612106916498 ) ) ;
#1149 = EDGE_LOOP ( 'NONE', ( #9313, #7122, #2496 ) ) ;
#1150 = EDGE_CURVE ( 'NONE', #7948, #4659, #5081, .T. ) ;
#1151 = DIRECTION ( 'NONE',  ( -1.000000000000000000, -1.734723475976807834E-16, 0.000000000000000000 ) ) ;
#1152 = DIRECTION ( 'NONE',  ( -1.224646799147353454E-16, 1.000000000000000000, -0.000000000000000000 ) ) ;
#1153 = CARTESIAN_POINT ( 'NONE',  ( 0.2221364571548571920, -3.023399685483838972, -7.386311343883503078 ) ) ;
#1154 = CARTESIAN_POINT ( 'NONE',  ( 0.1293346990521378748, -26.62086753092920333, -2.418229555710074585 ) ) ;
#1155 = FACE_OUTER_BOUND ( 'NONE', #7758, .T. ) ;
#1156 = CARTESIAN_POINT ( 'NONE',  ( 5.629740936977866774E-09, -39.40000000000780744, 33.05227832638600205 ) ) ;
#1157 = AXIS2_PLACEMENT_3D ( 'NONE', #510, #607, #2683 ) ;
#1158 = DIRECTION ( 'NONE',  ( 0.000000000000000000, -0.4999999999999966693, 0.8660254037844405950 ) ) ;
#1159 = AXIS2_PLACEMENT_3D ( 'NONE', #1849, #4200, #8726 ) ;
#1160 = CARTESIAN_POINT ( 'NONE',  ( 0.4397376543209853827, -3.102471643207855845, -9.804977400188409575 ) ) ;
#1161 = CARTESIAN_POINT ( 'NONE',  ( 0.1549850765014275933, -12.73790896624479885, -7.067001422428095481 ) ) ;
#1162 = ADVANCED_FACE ( 'NONE', ( #8181 ), #1555, .T. ) ;
#1163 = CARTESIAN_POINT ( 'NONE',  ( -21.40840182616760856, -39.40000000000001990, -36.31542124960424900 ) ) ;
#1164 = CARTESIAN_POINT ( 'NONE',  ( 0.06068399246158655280, -13.00802526482508270, -7.455846287905878000 ) ) ;
#1165 = VERTEX_POINT ( 'NONE', #4444 ) ;
#1166 = CARTESIAN_POINT ( 'NONE',  ( -26.47727135817272526, -39.40000000000002700, 39.45595815409524221 ) ) ;
#1167 = CARTESIAN_POINT ( 'NONE',  ( 0.1357682191691267082, -36.05396714137279446, 2.475576821649428272 ) ) ;
#1168 = ORIENTED_EDGE ( 'NONE', *, *, #2184, .T. ) ;
#1169 = CARTESIAN_POINT ( 'NONE',  ( 0.01648282397505638000, -2.957123304522664586, -7.242739824613340538 ) ) ;
#1170 = COORDINATED_UNIVERSAL_TIME_OFFSET ( 8, 0, .BEHIND. ) ;
#1171 = DIRECTION ( 'NONE',  ( 1.000000000000000000, 0.000000000000000000, 0.000000000000000000 ) ) ;
#1172 = CARTESIAN_POINT ( 'NONE',  ( -29.00000000000000355, -3.551475717527325607E-15, -39.49999999999999289 ) ) ;
#1173 = CARTESIAN_POINT ( 'NONE',  ( -29.00000000000000355, -3.551475717527325607E-15, -39.49999999999999289 ) ) ;
#1174 = EDGE_CURVE ( 'NONE', #8354, #602, #4591, .T. ) ;
#1175 = ORIENTED_EDGE ( 'NONE', *, *, #869, .T. ) ;
#1176 = DIRECTION ( 'NONE',  ( 9.251858538542975279E-17, 0.000000000000000000, 1.000000000000000000 ) ) ;
#1177 = ORIENTED_EDGE ( 'NONE', *, *, #7161, .T. ) ;
#1178 = VERTEX_POINT ( 'NONE', #764 ) ;
#1179 = AXIS2_PLACEMENT_3D ( 'NONE', #159, #843, #7761 ) ;
#1180 = CARTESIAN_POINT ( 'NONE',  ( 0.1622123029490480373, -12.73671908943101982, -9.933142435245676083 ) ) ;
#1181 = CARTESIAN_POINT ( 'NONE',  ( 0.04830071877413685127, -26.81524409053215408, -2.514394958760976184 ) ) ;
#1182 = VERTEX_POINT ( 'NONE', #4543 ) ;
#1183 = CARTESIAN_POINT ( 'NONE',  ( 0.1822098361678704814, -26.59441775952297249, 2.381333368792680094 ) ) ;
#1184 = CARTESIAN_POINT ( 'NONE',  ( -3.252606517456513302E-16, -13.08589155360023959, -10.01534932159998981 ) ) ;
#1185 = CARTESIAN_POINT ( 'NONE',  ( -37.99999999999999289, -39.40000000000000568, 41.24999999999999289 ) ) ;
#1186 = DIRECTION ( 'NONE',  ( 1.000000000000000000, 1.734723475976807834E-16, 2.059018962583747513E-16 ) ) ;
#1187 = DIRECTION ( 'NONE',  ( 1.000000000000000000, -0.000000000000000000, -0.000000000000000000 ) ) ;
#1188 = FACE_OUTER_BOUND ( 'NONE', #1722, .T. ) ;
#1189 = ADVANCED_FACE ( 'NONE', ( #2988 ), #714, .T. ) ;
#1190 = ORIENTED_EDGE ( 'NONE', *, *, #4694, .T. ) ;
#1191 = DIRECTION ( 'NONE',  ( -9.251858538542972814E-17, 0.000000000000000000, -1.000000000000000000 ) ) ;
#1192 = DIRECTION ( 'NONE',  ( 1.000000000000000000, 0.000000000000000000, 0.000000000000000000 ) ) ;
#1193 = AXIS2_PLACEMENT_3D ( 'NONE', #482, #7105, #1765 ) ;
#1194 = FACE_OUTER_BOUND ( 'NONE', #8818, .T. ) ;
#1195 = CARTESIAN_POINT ( 'NONE',  ( -7.488088998841877064, -2.212527485383854334E-15, -42.54244148209296128 ) ) ;
#1196 = CARTESIAN_POINT ( 'NONE',  ( -0.9203436474397657108, -2.000000000000000444, 39.27322454322784040 ) ) ;
#1197 = ORIENTED_EDGE ( 'NONE', *, *, #9665, .T. ) ;
#1198 = AXIS2_PLACEMENT_3D ( 'NONE', #3233, #2552, #1158 ) ;
#1199 = EDGE_CURVE ( 'NONE', #3148, #4660, #603, .T. ) ;
#1200 = LINE ( 'NONE', #9361, #4455 ) ;
#1201 = DIRECTION ( 'NONE',  ( 0.000000000000000000, -0.5000000000000078826, 0.8660254037844342667 ) ) ;
#1202 = CARTESIAN_POINT ( 'NONE',  ( 0.3476626957321858336, -3.016021889269008494, -7.370362188019804250 ) ) ;
#1203 = CARTESIAN_POINT ( 'NONE',  ( 0.08402572009916971230, -36.37694079305390460, 2.190786787289748627 ) ) ;
#1204 = CARTESIAN_POINT ( 'NONE',  ( 0.08023049856026132076, -26.66952407357989330, -2.470273603892028103 ) ) ;
#1205 = CARTESIAN_POINT ( 'NONE',  ( -9.299999999999998934, -2.849999999999999201, -2.973353886326576934 ) ) ;
#1206 = DIRECTION ( 'NONE',  ( 0.000000000000000000, 0.000000000000000000, -1.000000000000000000 ) ) ;
#1207 = CARTESIAN_POINT ( 'NONE',  ( -9.399999999999998579, -31.39999999999999147, -3.553292227346871446 ) ) ;
#1208 = EDGE_CURVE ( 'NONE', #8827, #7786, #4297, .T. ) ;
#1209 = CARTESIAN_POINT ( 'NONE',  ( 0.1096714448637619854, -3.500000000000001332, -10.00000000000000178 ) ) ;
#1210 = CARTESIAN_POINT ( 'NONE',  ( 0.1292665239801823740, -12.65735832245963266, -7.024160857514689660 ) ) ;
#1211 = VECTOR ( 'NONE', #1488, 1000.000000000000000 ) ;
#1212 = CARTESIAN_POINT ( 'NONE',  ( -26.57000434231536801, -37.40000000000001990, -37.45763005773751075 ) ) ;
#1213 = CARTESIAN_POINT ( 'NONE',  ( -16.29999999999999716, -13.35000000000000320, -2.973353886326565831 ) ) ;
#1214 = CIRCLE ( 'NONE', #7175, 0.1000000000000000611 ) ;
#1215 = ORIENTED_EDGE ( 'NONE', *, *, #4622, .F. ) ;
#1216 = CARTESIAN_POINT ( 'NONE',  ( -28.49448862842882946, -39.39999999999998437, 39.50000000377955445 ) ) ;
#1217 = CARTESIAN_POINT ( 'NONE',  ( 0.4397376543209871036, -36.12157560318399874, 2.449416480216386915 ) ) ;
#1218 = ORIENTED_EDGE ( 'NONE', *, *, #9059, .T. ) ;
#1219 = DIRECTION ( 'NONE',  ( 0.000000000000000000, 1.000000000000000000, 1.144620646656875258E-15 ) ) ;
#1220 = ADVANCED_FACE ( 'NONE', ( #9121 ), #8226, .T. ) ;
#1221 = COORDINATED_UNIVERSAL_TIME_OFFSET ( 8, 0, .BEHIND. ) ;
#1222 = ADVANCED_FACE ( 'NONE', ( #4767 ), #3891, .T. ) ;
#1223 = AXIS2_PLACEMENT_3D ( 'NONE', #3289, #9287, #9240 ) ;
#1224 = CARTESIAN_POINT ( 'NONE',  ( -9.400000000000002132, -26.15000000000002700, -37.50000000000000000 ) ) ;
#1225 = CARTESIAN_POINT ( 'NONE',  ( -16.19999999999999929, -31.39999999999999147, -3.553292227346872778 ) ) ;
#1226 = CARTESIAN_POINT ( 'NONE',  ( 0.09999999999999933942, -2.999999999999999556, -9.500000000000000000 ) ) ;
#1227 = ORIENTED_EDGE ( 'NONE', *, *, #625, .F. ) ;
#1228 = AXIS2_PLACEMENT_3D ( 'NONE', #8036, #4298, #8323 ) ;
#1229 = ORIENTED_EDGE ( 'NONE', *, *, #2664, .T. ) ;
#1230 = ORIENTED_EDGE ( 'NONE', *, *, #1979, .F. ) ;
#1231 = CARTESIAN_POINT ( 'NONE',  ( 0.4397376543283821881, -12.56546164737897797, -10.00000000000000000 ) ) ;
#1232 = CARTESIAN_POINT ( 'NONE',  ( 0.03864744970013615083, -2.978967490600263002, -7.373804943601579787 ) ) ;
#1233 = ORIENTED_EDGE ( 'NONE', *, *, #7100, .F. ) ;
#1234 = CARTESIAN_POINT ( 'NONE',  ( 0.1111549592994314634, -26.85046238014693643, 2.499708704031620154 ) ) ;
#1235 = FACE_OUTER_BOUND ( 'NONE', #3595, .T. ) ;
#1236 = DIRECTION ( 'NONE',  ( 1.000000000000000000, 0.000000000000000000, 0.000000000000000000 ) ) ;
#1237 = ADVANCED_FACE ( 'NONE', ( #5285 ), #123, .T. ) ;
#1238 = CARTESIAN_POINT ( 'NONE',  ( 7.500000000000001776, -12.49999999999999822, -7.500000000000000000 ) ) ;
#1239 = CARTESIAN_POINT ( 'NONE',  ( -9.299999999999998934, -60.37659698893430260, -1.167468245269441596 ) ) ;
#1240 = CARTESIAN_POINT ( 'NONE',  ( -16.29999999999999361, -13.19999999999999574, 3.059956426705025656 ) ) ;
#1241 = ORIENTED_EDGE ( 'NONE', *, *, #7018, .F. ) ;
#1242 = CARTESIAN_POINT ( 'NONE',  ( -16.20000000000000284, -36.75000000000000000, -37.49999999999999289 ) ) ;
#1243 = DIRECTION ( 'NONE',  ( -1.000000000000000000, 0.000000000000000000, 0.000000000000000000 ) ) ;
#1244 = CYLINDRICAL_SURFACE ( 'NONE', #6880, 0.1000000000000000056 ) ;
#1245 = EDGE_CURVE ( 'NONE', #664, #6426, #9271, .T. ) ;
#1246 = CARTESIAN_POINT ( 'NONE',  ( -2.369539304372696442, -2.610818572042758817E-15, -37.14453136172728165 ) ) ;
#1247 = CARTESIAN_POINT ( 'NONE',  ( -9.524899034812126075, -3.469446951953579085E-15, 44.91353741165831792 ) ) ;
#1248 = SPHERICAL_SURFACE ( 'NONE', #75, 0.1000000000000000056 ) ;
#1249 = CIRCLE ( 'NONE', #6739, 0.1999999999999987899 ) ;
#1250 = DIRECTION ( 'NONE',  ( -0.000000000000000000, -0.8660254037844309360, 0.5000000000000134337 ) ) ;
#1251 = CARTESIAN_POINT ( 'NONE',  ( 0.07363297891079442770, -3.004998303469315069, -7.374814469369320058 ) ) ;
#1252 = CARTESIAN_POINT ( 'NONE',  ( 0.1123939741760118377, -36.39293987597545765, 2.071796509832693367 ) ) ;
#1253 = CARTESIAN_POINT ( 'NONE',  ( 0.1046862460739545753, -35.89999999999999147, -2.500000000000000000 ) ) ;
#1254 = DIRECTION ( 'NONE',  ( -1.000000000000000000, -1.224646799147353454E-16, -2.059018962583747513E-16 ) ) ;
#1255 =( BOUNDED_SURFACE ( )  B_SPLINE_SURFACE ( 3, 2, ( 
 ( #4554, #920, #827 ),
 ( #6709, #6162, #9176 ),
 ( #2360, #2455, #6760 ),
 ( #2307, #6811, #1512 ),
 ( #1567, #3827, #9714 ),
 ( #3875, #5440, #5972 ),
 ( #8989, #95, #3092 ),
 ( #8345, #5243, #7603 ),
 ( #8245, #5347, #6860 ),
 ( #3141, #6116, #9135 ),
 ( #4157, #1014, #9227 ),
 ( #281, #9416, #2551 ),
 ( #6311, #4015, #6356 ),
 ( #4792, #5532, #9274 ),
 ( #6999, #4843, #967 ),
 ( #2645, #425, #3278 ),
 ( #4745, #1856, #3232 ),
 ( #238, #7894, #3967 ),
 ( #6260, #8588, #7744 ),
 ( #5674, #7795, #4064 ),
 ( #1953, #5622, #3330 ),
 ( #8686, #2695, #7843 ),
 ( #6213, #8535, #8487 ),
 ( #1805, #331, #1109 ),
 ( #4112, #7096, #4940 ),
 ( #1057, #2504, #6406 ),
 ( #9320, #1156, #1904 ),
 ( #7048, #378, #2599 ) ),
 .UNSPECIFIED., .F., .F., .F. ) 
 B_SPLINE_SURFACE_WITH_KNOTS ( ( 4, 2, 2, 2, 2, 2, 2, 2, 2, 2, 2, 2, 2, 4 ),
 ( 3, 3 ),
 ( 0.000000000000000000, 0.002224527990796177322, 0.004449055981592354644, 0.005561319976990443739, 0.006673583972388531967, 0.007785847967786620194, 0.008898111963184709289, 0.01001037595858279838, 0.01056650795628184293, 0.01112263995398088748, 0.01223490394937897657, 0.01334716794477706393, 0.01557169593557324039, 0.01779622392636941858 ),
 ( 0.000000000000000000, 1.000000000000000000 ),
 .UNSPECIFIED. ) 
 GEOMETRIC_REPRESENTATION_ITEM ( )  RATIONAL_B_SPLINE_SURFACE ( (
 ( 1.000000000000000000, 0.7071067811865475727, 1.000000000000000000),
 ( 1.000000000000000000, 0.7071067811865475727, 1.000000000000000000),
 ( 1.000000000000000000, 0.7071067811865475727, 1.000000000000000000),
 ( 1.000000000000000000, 0.7071067811865475727, 1.000000000000000000),
 ( 1.000000000000000000, 0.7071067811865475727, 1.000000000000000000),
 ( 1.000000000000000000, 0.7071067811865475727, 1.000000000000000000),
 ( 1.000000000000000000, 0.7071067811865487940, 1.000000000000000000),
 ( 1.000000000000000000, 0.7071067811865487940, 1.000000000000000000),
 ( 1.000000000000000000, 0.7071067811865476838, 1.000000000000000000),
 ( 1.000000000000000000, 0.7071067811865476838, 1.000000000000000000),
 ( 1.000000000000000000, 0.7071067811865500152, 1.000000000000000000),
 ( 1.000000000000000000, 0.7071067811865500152, 1.000000000000000000),
 ( 1.000000000000000000, 0.7071067811865475727, 1.000000000000000000),
 ( 1.000000000000000000, 0.7071067811865475727, 1.000000000000000000),
 ( 1.000000000000000000, 0.7071067811865475727, 1.000000000000000000),
 ( 1.000000000000000000, 0.7071067811865475727, 1.000000000000000000),
 ( 1.000000000000000000, 0.7071067811865476838, 1.000000000000000000),
 ( 1.000000000000000000, 0.7071067811865476838, 1.000000000000000000),
 ( 1.000000000000000000, 0.7071067811865476838, 1.000000000000000000),
 ( 1.000000000000000000, 0.7071067811865476838, 1.000000000000000000),
 ( 1.000000000000000000, 0.7071067811865476838, 1.000000000000000000),
 ( 1.000000000000000000, 0.7071067811865476838, 1.000000000000000000),
 ( 1.000000000000000000, 0.7071067811865476838, 1.000000000000000000),
 ( 1.000000000000000000, 0.7071067811865476838, 1.000000000000000000),
 ( 1.000000000000000000, 0.7071067811865476838, 1.000000000000000000),
 ( 1.000000000000000000, 0.7071067811865476838, 1.000000000000000000),
 ( 1.000000000000000000, 0.7071067811865487940, 1.000000000000000000),
 ( 1.000000000000000000, 0.7071067811865487940, 1.000000000000000000) ) ) 
 REPRESENTATION_ITEM ( '' )  SURFACE ( )  );
#1256 = EDGE_CURVE ( 'NONE', #8103, #4764, #5599, .T. ) ;
#1257 = LINE ( 'NONE', #8881, #4576 ) ;
#1258 = CARTESIAN_POINT ( 'NONE',  ( -2.072345566445811027, -39.40000000000000568, -41.40373831867558607 ) ) ;
#1259 = CARTESIAN_POINT ( 'NONE',  ( 0.2338382497114000758, -12.71318464945658278, -7.066601068639370098 ) ) ;
#1260 = CARTESIAN_POINT ( 'NONE',  ( -22.60251704240033632, -37.39999999999997726, -36.78072303341844673 ) ) ;
#1261 = DIRECTION ( 'NONE',  ( 1.000000000000000000, 0.000000000000000000, 0.000000000000000000 ) ) ;
#1262 = CARTESIAN_POINT ( 'NONE',  ( -17.32958393998855584, -39.39999999999999147, 35.77949595101293312 ) ) ;
#1263 = CIRCLE ( 'NONE', #2052, 0.1000000000000002554 ) ;
#1264 = CARTESIAN_POINT ( 'NONE',  ( 0.2153408992440079828, -36.36265751659154688, 2.146502630630029440 ) ) ;
#1265 = EDGE_LOOP ( 'NONE', ( #1623, #8294, #1448, #6049 ) ) ;
#1266 = DIRECTION ( 'NONE',  ( 9.251858538542971581E-17, 0.000000000000000000, 1.000000000000000000 ) ) ;
#1267 = DIRECTION ( 'NONE',  ( -4.625929269271489488E-17, -0.8660254037844385966, -0.5000000000000002220 ) ) ;
#1268 = CARTESIAN_POINT ( 'NONE',  ( -16.19999999999999929, -2.749999999999999112, 3.146558967083464164 ) ) ;
#1269 = CARTESIAN_POINT ( 'NONE',  ( -16.19999999999999929, -2.649999999999999467, -2.973353886326579598 ) ) ;
#1270 = CARTESIAN_POINT ( 'NONE',  ( -17.00175293728178971, 1.698048753530384358E-15, -35.39522418475008436 ) ) ;
#1271 = VERTEX_POINT ( 'NONE', #6053 ) ;
#1272 = B_SPLINE_CURVE_WITH_KNOTS ( 'NONE', 3,
 ( #9084, #918, #8339, #6906, #3916, #8190, #7503, #141, #3824, #5343, #3139, #1460, #4450 ),
 .UNSPECIFIED., .F., .F.,
 ( 4, 2, 2, 1, 2, 2, 4 ),
 ( 0.000000000000000000, 0.2499999999999946709, 0.4999999999999893419, 0.6250000000000015543, 0.6875000000000099920, 0.7500000000000184297, 1.000000000000000000 ),
 .UNSPECIFIED. ) ;
#1273 = ORIENTED_EDGE ( 'NONE', *, *, #1003, .T. ) ;
#1274 = ORIENTED_EDGE ( 'NONE', *, *, #4346, .T. ) ;
#1275 = DIRECTION ( 'NONE',  ( -9.251858538542972814E-17, 0.000000000000000000, -1.000000000000000000 ) ) ;
#1276 = CARTESIAN_POINT ( 'NONE',  ( 0.1162514195726776361, -12.81925615236298022, -9.883636613416408423 ) ) ;
#1277 = CARTESIAN_POINT ( 'NONE',  ( -20.87617123085977511, -1.999999999999999556, -36.03902228368304606 ) ) ;
#1278 = ORIENTED_EDGE ( 'NONE', *, *, #2137, .T. ) ;
#1279 = CIRCLE ( 'NONE', #3024, 0.1000000000000002554 ) ;
#1280 = CARTESIAN_POINT ( 'NONE',  ( 0.1744340472986871116, -26.57401294055824437, 2.363127439067889135 ) ) ;
#1281 = CARTESIAN_POINT ( 'NONE',  ( 0.01648282397509051242, -12.75726017538687529, -10.04287669547726125 ) ) ;
#1282 = CARTESIAN_POINT ( 'NONE',  ( 8.000000000000000000, -26.89999999999999858, -2.000000000000000000 ) ) ;
#1283 = LINE ( 'NONE', #3501, #55 ) ;
#1284 = DIRECTION ( 'NONE',  ( 9.251858538542972814E-17, 0.000000000000000000, 1.000000000000000000 ) ) ;
#1285 = CARTESIAN_POINT ( 'NONE',  ( 0.04656666964011634685, -36.41546646836046364, -2.091637924317629960 ) ) ;
#1286 = ORIENTED_EDGE ( 'NONE', *, *, #7351, .F. ) ;
#1287 = ADVANCED_FACE ( 'NONE', ( #902 ), #5225, .T. ) ;
#1288 = CARTESIAN_POINT ( 'NONE',  ( 0.09999999999999939493, -2.999999999999999556, -7.500000000000000000 ) ) ;
#1289 = B_SPLINE_SURFACE_WITH_KNOTS ( 'NONE', 3, 3, ( 
 ( #9382, #4170, #6420, #8651, #488, #4806, #9475, #4857, #4906, #7162, #5688, #7257 ),
 ( #5002, #2755, #4955, #5735, #8745, #7810, #2017, #8001, #533, #2208, #5247, #7359 ),
 ( #1466, #8147, #4504, #9570, #9621, #3534, #2855, #3686, #8248, #2951, #1516, #6514 ),
 ( #2111, #8196, #1416, #6663, #4457, #9523, #2804, #8098, #4313, #7459, #5830, #3636 ),
 ( #3731, #9669, #5783, #4411, #8050, #1316, #7409, #682, #730, #6712, #6562, #5099 ),
 ( #5150, #8794, #5929, #2065, #8942, #1, #1366, #5051, #6614, #7305, #581, #3584 ),
 ( #2259, #5198, #4362, #3003, #5975, #8991, #631, #2904, #5879, #8846, #8894, #2158 ),
 ( #9090, #6073, #3830, #196, #5395, #8299, #2362, #9178, #6954, #97, #5350, #3878 ),
 ( #1618, #7510, #3095, #5300, #3782, #3189, #240, #778, #8348, #6764, #830, #2413 ),
 ( #50, #7654, #3049, #6814, #4558, #4608, #2506, #9229, #7607, #8490, #2458, #875 ),
 ( #1569, #6862, #147, #8394, #3144, #1665, #3923, #5488, #6163, #6120, #9041, #2310 ),
 ( #6025, #4655, #9138, #7560, #3234, #922, #5443, #6912, #8442, #1713, #4701, #7700 ),
 ( #969, #3971, #6217, #1759, #4208, #7050, #9323, #1113, #6263, #8590, #4749, #334 ),
 ( #1016, #7150, #7201, #7747, #5578, #4017, #7797, #9369, #1209, #7001, #4896, #285 ) ),
 .UNSPECIFIED., .F., .F., .F.,
 ( 4, 2, 2, 2, 2, 2, 4 ),
 ( 4, 2, 2, 2, 2, 4 ),
 ( 0.000000000000000000, 0.2500000000000000000, 0.3750000000000002220, 0.5000000000000004441, 0.7499999999999998890, 0.8750000000000000000, 1.000000000000000000 ),
 ( 0.000000000000000000, 0.2906416537798647282, 0.2973477540456542223, 0.3033705427111395569, 0.3469098837916932965, 1.000000000000000000 ),
 .UNSPECIFIED. ) ;
#1290 = CARTESIAN_POINT ( 'NONE',  ( -9.299999999999998934, -36.59999999999999432, -12.55995642670503187 ) ) ;
#1291 = FACE_OUTER_BOUND ( 'NONE', #8045, .T. ) ;
#1292 = CARTESIAN_POINT ( 'NONE',  ( -11.94797103751327505, -1.463204448739591552E-15, -43.00000000000002132 ) ) ;
#1293 = CARTESIAN_POINT ( 'NONE',  ( -9.524899034675991416, -2.000000000000002665, 44.91353741424867252 ) ) ;
#1294 = VERTEX_POINT ( 'NONE', #759 ) ;
#1295 = ORIENTED_EDGE ( 'NONE', *, *, #1864, .F. ) ;
#1296 = AXIS2_PLACEMENT_3D ( 'NONE', #5065, #7227, #8762 ) ;
#1297 = CARTESIAN_POINT ( 'NONE',  ( 0.000000000000000000, -41.37000000000000455, 32.30000000000000426 ) ) ;
#1298 = CARTESIAN_POINT ( 'NONE',  ( 0.03864744970013413161, -13.02103250939973655, -9.626195056398428207 ) ) ;
#1299 = CARTESIAN_POINT ( 'NONE',  ( 0.1972545340944944492, -2.999999999999998668, -7.470879057304667725 ) ) ;
#1300 = ADVANCED_FACE ( 'NONE', ( #2983 ), #3905, .F. ) ;
#1301 = CARTESIAN_POINT ( 'NONE',  ( 0.4397376543209871036, -36.39999999999999858, 2.000000000000000000 ) ) ;
#1302 = CARTESIAN_POINT ( 'NONE',  ( 0.1045621488025058332, -36.07123630485657628, -2.476370237571763777 ) ) ;
#1303 = CYLINDRICAL_SURFACE ( 'NONE', #1228, 0.09999999999999939493 ) ;
#1304 = CYLINDRICAL_SURFACE ( 'NONE', #4969, 0.1000000000000002554 ) ;
#1305 = CARTESIAN_POINT ( 'NONE',  ( -2.789444085685628849, -39.40000000000000568, -38.55514143963464591 ) ) ;
#1306 = CARTESIAN_POINT ( 'NONE',  ( 0.4397376543209871036, -12.75055851413522845, -7.066110106047752915 ) ) ;
#1307 = CARTESIAN_POINT ( 'NONE',  ( -27.03951419389944633, -37.39999999999825064, -37.47811510242203070 ) ) ;
#1308 = CARTESIAN_POINT ( 'NONE',  ( -12.69999999999999929, -39.39999999999999858, -43.00000000000000000 ) ) ;
#1309 = EDGE_CURVE ( 'NONE', #3756, #3862, #5174, .T. ) ;
#1310 = CARTESIAN_POINT ( 'NONE',  ( -17.48457875071493106, -37.39999999999999147, 32.39159817366450511 ) ) ;
#1311 = CARTESIAN_POINT ( 'NONE',  ( 0.3691266521823542424, -36.29983342119909651, 2.307273359987456196 ) ) ;
#1312 = VERTEX_POINT ( 'NONE', #5376 ) ;
#1313 = DIRECTION ( 'NONE',  ( 4.625929269271488256E-17, 0.8660254037844385966, 0.5000000000000002220 ) ) ;
#1314 = DIRECTION ( 'NONE',  ( 0.000000000000000000, 0.4999999999999929501, -0.8660254037844427044 ) ) ;
#1315 = CIRCLE ( 'NONE', #6484, 0.2000000000000005107 ) ;
#1316 = CARTESIAN_POINT ( 'NONE',  ( 0.1626308742765412707, -3.083813528801494730, -9.763544809122466361 ) ) ;
#1317 = CARTESIAN_POINT ( 'NONE',  ( -9.399999999999998579, -7.999999999999994671, 5.946707772653149426 ) ) ;
#1318 = CARTESIAN_POINT ( 'NONE',  ( -18.04236912976947593, 1.691077970918648472E-15, -36.49004716657002234 ) ) ;
#1319 = CONICAL_SURFACE ( 'NONE', #1651, 3.350000000000000089, 0.7853981633974664867 ) ;
#1320 = ORIENTED_EDGE ( 'NONE', *, *, #7401, .F. ) ;
#1321 = VERTEX_POINT ( 'NONE', #6792 ) ;
#1322 = EDGE_LOOP ( 'NONE', ( #6732, #8216, #3162, #4604 ) ) ;
#1323 = CYLINDRICAL_SURFACE ( 'NONE', #882, 2.000000000000000000 ) ;
#1324 = CARTESIAN_POINT ( 'NONE',  ( 0.4397376543283821881, -12.80497740018840780, -9.897528356792147264 ) ) ;
#1325 = CARTESIAN_POINT ( 'NONE',  ( 7.500000000000000000, -26.39999999999999858, -2.000000000000000000 ) ) ;
#1326 = ORIENTED_EDGE ( 'NONE', *, *, #6946, .F. ) ;
#1327 = CARTESIAN_POINT ( 'NONE',  ( 0.1428853036929418063, -26.43817835588956555, 2.179131588733411284 ) ) ;
#1328 = AXIS2_PLACEMENT_3D ( 'NONE', #6232, #3155, #6137 ) ;
#1329 = LINE ( 'NONE', #406, #5810 ) ;
#1330 = DIRECTION ( 'NONE',  ( 1.000000000000000000, 0.000000000000000000, 0.000000000000000000 ) ) ;
#1331 = EDGE_CURVE ( 'NONE', #200, #165, #7323, .T. ) ;
#1332 = FACE_OUTER_BOUND ( 'NONE', #7933, .T. ) ;
#1333 = DIRECTION ( 'NONE',  ( 1.000000000000000000, -0.000000000000000000, -9.251858538542972814E-17 ) ) ;
#1334 = CARTESIAN_POINT ( 'NONE',  ( -9.399999999999998579, -2.849999999999998312, 2.332847011064076902E-15 ) ) ;
#1335 = AXIS2_PLACEMENT_3D ( 'NONE', #6527, #2579, #7422 ) ;
#1336 = ORIENTED_EDGE ( 'NONE', *, *, #2149, .F. ) ;
#1337 = CARTESIAN_POINT ( 'NONE',  ( 0.09292064021914733796, -3.000000000000017319, -7.500000000000000888 ) ) ;
#1338 = VERTEX_POINT ( 'NONE', #7434 ) ;
#1339 = CARTESIAN_POINT ( 'NONE',  ( -4.433701668914174832, -2.000000000000001776, -43.47395698502273120 ) ) ;
#1340 = DIRECTION ( 'NONE',  ( -9.251858538542976511E-17, -1.604941620322697821E-32, -1.000000000000000000 ) ) ;
#1341 = CARTESIAN_POINT ( 'NONE',  ( -3.937049046307826039, 1.767216602163964355E-15, -40.52877424847348209 ) ) ;
#1342 = CARTESIAN_POINT ( 'NONE',  ( -4.372986502179121437, -2.000000000000000888, 43.42552910865107663 ) ) ;
#1343 = ORIENTED_EDGE ( 'NONE', *, *, #7657, .F. ) ;
#1344 = ORIENTED_EDGE ( 'NONE', *, *, #2409, .F. ) ;
#1345 = CARTESIAN_POINT ( 'NONE',  ( 0.05425706991821033220, -13.01093379121346061, -9.562470473771636392 ) ) ;
#1346 = FACE_OUTER_BOUND ( 'NONE', #880, .T. ) ;
#1347 = CARTESIAN_POINT ( 'NONE',  ( 0.1154879194618880223, -36.39293586007284631, 2.070740029649376091 ) ) ;
#1348 = CARTESIAN_POINT ( 'NONE',  ( 0.3593798439470877737, -36.15055851413521992, -2.433889893952248862 ) ) ;
#1349 = EDGE_CURVE ( 'NONE', #5056, #8320, #6211, .T. ) ;
#1350 = CARTESIAN_POINT ( 'NONE',  ( 0.000000000000000000, 1.970000000000000417, -34.43611525448112332 ) ) ;
#1351 = AXIS2_PLACEMENT_3D ( 'NONE', #9275, #9368, #1858 ) ;
#1352 = EDGE_CURVE ( 'NONE', #6426, #2761, #3777, .T. ) ;
#1353 = CARTESIAN_POINT ( 'NONE',  ( -3.920097356314122372, -39.40000000000000568, -40.50929536148899501 ) ) ;
#1354 = EDGE_LOOP ( 'NONE', ( #9576, #8647, #1476, #7529, #1241, #1130 ) ) ;
#1355 = CARTESIAN_POINT ( 'NONE',  ( 0.1633952319217749638, -12.91835617799682012, -7.231467584145977234 ) ) ;
#1356 = FACE_OUTER_BOUND ( 'NONE', #3447, .T. ) ;
#1357 = DIRECTION ( 'NONE',  ( 0.000000000000000000, 0.000000000000000000, 1.000000000000000000 ) ) ;
#1358 = CARTESIAN_POINT ( 'NONE',  ( -21.81465500401136026, -39.40000000000002700, 36.49245609519514488 ) ) ;
#1359 = CARTESIAN_POINT ( 'NONE',  ( 0.1189406295732674812, -36.28288647431558900, 2.318606066131241317 ) ) ;
#1360 = EDGE_LOOP ( 'NONE', ( #4036, #4164, #4799, #2535 ) ) ;
#1361 = B_SPLINE_CURVE_WITH_KNOTS ( 'NONE', 3,
 ( #1746, #906, #9213, #7783, #9482, #7035, #5741, #2762, #3909, #4734, #6343, #1791, #1044, #8752 ),
 .UNSPECIFIED., .F., .F.,
 ( 4, 2, 2, 2, 2, 2, 4 ),
 ( 0.000000000000000000, 0.2499999999999983902, 0.3749999999999979461, 0.4999999999999975020, 0.7499999999999993339, 0.8749999999999996669, 1.000000000000000000 ),
 .UNSPECIFIED. ) ;
#1362 = LINE ( 'NONE', #4358, #6085 ) ;
#1363 = CARTESIAN_POINT ( 'NONE',  ( 0.4397376543209871591, -12.49999999999999822, -6.999999999999999112 ) ) ;
#1364 = ADVANCED_FACE ( 'NONE', ( #7488 ), #9114, .T. ) ;
#1365 = AXIS2_PLACEMENT_3D ( 'NONE', #29, #3170, #6843 ) ;
#1366 = CARTESIAN_POINT ( 'NONE',  ( 0.1722515828430137286, -3.118713474413438824, -9.806836894704481722 ) ) ;
#1367 = CARTESIAN_POINT ( 'NONE',  ( -16.29999999999999716, -26.05000000000000071, -6.526646113673439054 ) ) ;
#1368 = DIRECTION ( 'NONE',  ( 0.000000000000000000, 1.000000000000000000, -2.861551616642208852E-16 ) ) ;
#1369 = ORIENTED_EDGE ( 'NONE', *, *, #7470, .F. ) ;
#1370 = ORIENTED_EDGE ( 'NONE', *, *, #6179, .T. ) ;
#1371 = VERTEX_POINT ( 'NONE', #6147 ) ;
#1372 = CYLINDRICAL_SURFACE ( 'NONE', #6677, 0.1000000000000000888 ) ;
#1373 = CARTESIAN_POINT ( 'NONE',  ( 0.2599264538143582493, -12.79656711658337720, -9.883339443976989713 ) ) ;
#1374 = CARTESIAN_POINT ( 'NONE',  ( -26.47727135817185840, 2.106998156891033753E-15, -39.45595815409522800 ) ) ;
#1375 = EDGE_LOOP ( 'NONE', ( #1343, #6239, #4961, #3834, #7007, #2616 ) ) ;
#1376 = CIRCLE ( 'NONE', #5461, 0.09999999999999939493 ) ;
#1377 = CARTESIAN_POINT ( 'NONE',  ( 0.1420464885840894143, -26.51884708109439970, 2.311873698790456455 ) ) ;
#1378 = CARTESIAN_POINT ( 'NONE',  ( -9.299999999999998934, -31.39999999999999147, -3.553292227346873222 ) ) ;
#1379 = CARTESIAN_POINT ( 'NONE',  ( 7.500000000000000000, -3.499999999999998668, -9.500000000000000000 ) ) ;
#1380 = AXIS2_PLACEMENT_3D ( 'NONE', #189, #4743, #234 ) ;
#1381 = EDGE_CURVE ( 'NONE', #620, #8874, #1446, .T. ) ;
#1382 = CYLINDRICAL_SURFACE ( 'NONE', #4886, 3.349999999999999645 ) ;
#1383 = AXIS2_PLACEMENT_3D ( 'NONE', #5375, #1037, #1690 ) ;
#1384 = DIRECTION ( 'NONE',  ( 1.000000000000000000, -0.000000000000000000, -0.000000000000000000 ) ) ;
#1385 = DIRECTION ( 'NONE',  ( -1.000000000000000000, 0.000000000000000000, 9.251858538542972814E-17 ) ) ;
#1386 = ORIENTED_EDGE ( 'NONE', *, *, #1245, .T. ) ;
#1387 = CARTESIAN_POINT ( 'NONE',  ( 0.08499356123094110871, -2.999071295036941809, -7.495450603292901803 ) ) ;
#1388 = ORIENTED_EDGE ( 'NONE', *, *, #9110, .F. ) ;
#1389 = CIRCLE ( 'NONE', #8618, 0.1000000000000001721 ) ;
#1390 = CARTESIAN_POINT ( 'NONE',  ( -1.574470893330701005, -3.885769093872284086E-14, -40.62701349674266993 ) ) ;
#1391 = EDGE_CURVE ( 'NONE', #9251, #7769, #3822, .T. ) ;
#1392 = CARTESIAN_POINT ( 'NONE',  ( -9.399999999999998579, -31.39999999999999147, -3.453292227346872245 ) ) ;
#1393 = CARTESIAN_POINT ( 'NONE',  ( -2.155599462690290569, -2.584618497810114686E-15, -36.03720028761599536 ) ) ;
#1394 = CARTESIAN_POINT ( 'NONE',  ( -4.802512864825525085, -2.000000000000000888, 43.65970749017629515 ) ) ;
#1395 = EDGE_LOOP ( 'NONE', ( #1826, #5450, #3980, #7310, #8866, #4810 ) ) ;
#1396 = VERTEX_POINT ( 'NONE', #8276 ) ;
#1397 = CARTESIAN_POINT ( 'NONE',  ( -16.29999999999999716, -31.39999999999999147, -3.553292227346872778 ) ) ;
#1398 = DIRECTION ( 'NONE',  ( 0.000000000000000000, 0.000000000000000000, 1.000000000000000000 ) ) ;
#1399 = B_SPLINE_CURVE_WITH_KNOTS ( 'NONE', 3,
 ( #17, #8363, #1584, #6729, #845, #1632, #4623, #3019, #7623, #9635, #5943, #5893, #8909, #2175 ),
 .UNSPECIFIED., .F., .F.,
 ( 4, 2, 2, 2, 2, 2, 4 ),
 ( 0.000000000000000000, 0.2499999999999994449, 0.3750000000000001110, 0.5000000000000007772, 0.7499999999999998890, 0.8750000000000000000, 1.000000000000000000 ),
 .UNSPECIFIED. ) ;
#1400 = CARTESIAN_POINT ( 'NONE',  ( 0.05120542390930084981, -36.41127578877362225, 2.067654732641737159 ) ) ;
#1401 = CARTESIAN_POINT ( 'NONE',  ( 0.1744252914948638822, -36.28149721101545566, -2.307642067636547001 ) ) ;
#1402 = DIRECTION ( 'NONE',  ( 0.000000000000000000, -0.5000000000000134337, -0.8660254037844309360 ) ) ;
#1403 = CARTESIAN_POINT ( 'NONE',  ( -4.802512863743918281, -39.39999999999999147, -43.65970749215604485 ) ) ;
#1404 = ORIENTED_EDGE ( 'NONE', *, *, #4385, .T. ) ;
#1405 = CARTESIAN_POINT ( 'NONE',  ( 0.1619951771788639971, -12.91834639652352301, -7.231054769640777202 ) ) ;
#1406 = AXIS2_PLACEMENT_3D ( 'NONE', #5956, #9700, #6744 ) ;
#1407 = DIRECTION ( 'NONE',  ( 1.000000000000000000, 1.224646799147353454E-16, 2.059018962583746773E-16 ) ) ;
#1408 = LINE ( 'NONE', #5777, #2011 ) ;
#1409 = EDGE_CURVE ( 'NONE', #4130, #1670, #6071, .T. ) ;
#1410 = EDGE_CURVE ( 'NONE', #6759, #848, #1837, .T. ) ;
#1411 = CARTESIAN_POINT ( 'NONE',  ( -22.61973133880148268, -37.40000000000001990, 36.78619246391451725 ) ) ;
#1412 = CARTESIAN_POINT ( 'NONE',  ( 0.1414602452035670088, -36.36183803309273088, 2.179738010352338051 ) ) ;
#1413 = VERTEX_POINT ( 'NONE', #4045 ) ;
#1414 = CARTESIAN_POINT ( 'NONE',  ( -9.399999999999998579, -26.25000000000000355, 6.526646113673436389 ) ) ;
#1415 = DIRECTION ( 'NONE',  ( 1.000000000000000000, -0.000000000000000000, -0.000000000000000000 ) ) ;
#1416 = CARTESIAN_POINT ( 'NONE',  ( 0.1236206407680699032, -3.067480034167319847, -9.749635582611055895 ) ) ;
#1417 = CARTESIAN_POINT ( 'NONE',  ( -11.94998695810905076, -1.463451327810087716E-15, 43.00000000000000000 ) ) ;
#1418 = VECTOR ( 'NONE', #9060, 1000.000000000000000 ) ;
#1419 = LINE ( 'NONE', #2162, #6124 ) ;
#1420 = AXIS2_PLACEMENT_3D ( 'NONE', #3635, #532, #4262 ) ;
#1421 = ORIENTED_EDGE ( 'NONE', *, *, #1677, .T. ) ;
#1422 = EDGE_LOOP ( 'NONE', ( #1132, #4462, #559 ) ) ;
#1423 = ORIENTED_EDGE ( 'NONE', *, *, #194, .F. ) ;
#1424 = CARTESIAN_POINT ( 'NONE',  ( 0.1420871315886299557, -12.82925483761803243, -9.864069859488820313 ) ) ;
#1425 = CARTESIAN_POINT ( 'NONE',  ( -26.58482533411827831, -1.999999999999999556, -37.45838445865373245 ) ) ;
#1426 = ORIENTED_EDGE ( 'NONE', *, *, #8172, .T. ) ;
#1427 = EDGE_CURVE ( 'NONE', #3022, #9344, #3658, .T. ) ;
#1428 = CARTESIAN_POINT ( 'NONE',  ( 0.1631203768506885587, -26.48165277775034809, 2.268831594154922637 ) ) ;
#1429 = CARTESIAN_POINT ( 'NONE',  ( 0.09999999999999939493, -26.89999999999999858, 2.500000000000000000 ) ) ;
#1430 = AXIS2_PLACEMENT_3D ( 'NONE', #3106, #3890, #6829 ) ;
#1431 = DIRECTION ( 'NONE',  ( 0.000000000000000000, 0.8660254037844440367, -0.4999999999999908962 ) ) ;
#1432 = VECTOR ( 'NONE', #9647, 1000.000000000000000 ) ;
#1433 = DIRECTION ( 'NONE',  ( 9.251858538542972814E-17, -1.144620646656884724E-15, 1.000000000000000000 ) ) ;
#1434 = B_SPLINE_CURVE_WITH_KNOTS ( 'NONE', 3,
 ( #3034, #9026, #2094, #7339 ),
 .UNSPECIFIED., .F., .F.,
 ( 4, 4 ),
 ( 0.05076142131979717587, 0.9492385786802030045 ),
 .UNSPECIFIED. ) ;
#1435 = FACE_OUTER_BOUND ( 'NONE', #1767, .T. ) ;
#1436 = DIRECTION ( 'NONE',  ( -1.000000000000000000, -1.084202172485504434E-16, 0.000000000000000000 ) ) ;
#1437 = ORIENTED_EDGE ( 'NONE', *, *, #5567, .F. ) ;
#1438 = AXIS2_PLACEMENT_3D ( 'NONE', #1238, #651, #2032 ) ;
#1439 = CYLINDRICAL_SURFACE ( 'NONE', #3418, 0.1000000000000000333 ) ;
#1440 = EDGE_LOOP ( 'NONE', ( #3657, #1326, #8422, #5324 ) ) ;
#1441 = EDGE_CURVE ( 'NONE', #9081, #5896, #2636, .T. ) ;
#1442 = B_SPLINE_CURVE_WITH_KNOTS ( 'NONE', 3,
 ( #2978, #8221, #7583, #853, #3709, #5171, #5122, #8966, #26, #3758, #5275, #3808, #8121 ),
 .UNSPECIFIED., .F., .F.,
 ( 4, 1, 2, 2, 2, 2, 4 ),
 ( 0.000000000000000000, 0.1249999999999754086, 0.1874999999999767686, 0.2499999999999781286, 0.4999999999999854561, 0.7499999999999927836, 1.000000000000000000 ),
 .UNSPECIFIED. ) ;
#1443 = CARTESIAN_POINT ( 'NONE',  ( -3.303925829907377931, 1.723632319931641595E-15, -39.62100369053815996 ) ) ;
#1444 = CARTESIAN_POINT ( 'NONE',  ( -2.903017102881145138E-17, -26.33143954188284042, 2.411362748702970293 ) ) ;
#1445 = CARTESIAN_POINT ( 'NONE',  ( -9.399999999999998579, -2.849999999999998312, 2.973353886326577822 ) ) ;
#1446 = LINE ( 'NONE', #5278, #8912 ) ;
#1447 = DIRECTION ( 'NONE',  ( 1.000000000000000000, 0.000000000000000000, 0.000000000000000000 ) ) ;
#1448 = ORIENTED_EDGE ( 'NONE', *, *, #7552, .F. ) ;
#1449 = DIRECTION ( 'NONE',  ( 0.000000000000000000, 0.000000000000000000, -1.000000000000000000 ) ) ;
#1450 = LINE ( 'NONE', #6646, #2443 ) ;
#1451 = CARTESIAN_POINT ( 'NONE',  ( -0.1667430509595950183, 1.616373435794908958E-13, 36.27512930509588074 ) ) ;
#1452 = CARTESIAN_POINT ( 'NONE',  ( 0.1162514195724937277, -36.21925615236315821, -2.383636613416566075 ) ) ;
#1453 = PRODUCT ( 'Patella_v3_template_Default_sldprt', 'Patella_v3_template_Default_sldprt', '', ( #3247 ) ) ;
#1454 = FACE_OUTER_BOUND ( 'NONE', #2713, .T. ) ;
#1455 = CARTESIAN_POINT ( 'NONE',  ( -0.1667430509594357013, -39.39999999999999147, -36.27512930509845290 ) ) ;
#1456 = ADVANCED_FACE ( 'NONE', ( #6194 ), #220, .T. ) ;
#1457 = ORIENTED_EDGE ( 'NONE', *, *, #2956, .F. ) ;
#1458 = CARTESIAN_POINT ( 'NONE',  ( 0.1722040718163855288, -12.80671196585681670, -7.118690788425639404 ) ) ;
#1459 = CARTESIAN_POINT ( 'NONE',  ( -9.299999999999998934, -31.39999999999998437, 3.553292227346870558 ) ) ;
#1460 = CARTESIAN_POINT ( 'NONE',  ( 0.04294649156129189127, -12.60615461848989405, -10.01769243641497908 ) ) ;
#1461 = CARTESIAN_POINT ( 'NONE',  ( -16.57670751412012322, -39.39999999999998437, 29.49833439161155724 ) ) ;
#1462 = CARTESIAN_POINT ( 'NONE',  ( 0.1640615903173719414, -36.31836178740835663, 2.268339314952641406 ) ) ;
#1463 = ORIENTED_EDGE ( 'NONE', *, *, #2664, .F. ) ;
#1464 = CARTESIAN_POINT ( 'NONE',  ( -36.25000000000000000, -2.000000000000008882, 41.24999999999999289 ) ) ;
#1465 = CARTESIAN_POINT ( 'NONE',  ( 7.500000000000003553, -19.69999999999999929, -9.500000000000000000 ) ) ;
#1466 = CARTESIAN_POINT ( 'NONE',  ( 0.07490148841600482998, -3.016461269617120688, -9.710351776850048466 ) ) ;
#1467 = EDGE_CURVE ( 'NONE', #8836, #5982, #9207, .T. ) ;
#1468 = FACE_OUTER_BOUND ( 'NONE', #1683, .T. ) ;
#1469 = CARTESIAN_POINT ( 'NONE',  ( -9.399999999999998579, -36.64999999999999858, 6.526646113673449712 ) ) ;
#1470 = ORIENTED_EDGE ( 'NONE', *, *, #7472, .T. ) ;
#1471 = VERTEX_POINT ( 'NONE', #1090 ) ;
#1472 = ORIENTED_EDGE ( 'NONE', *, *, #3637, .T. ) ;
#1473 = CARTESIAN_POINT ( 'NONE',  ( 0.000000000000000000, -2.899999999999999911, -6.900000000000003020 ) ) ;
#1474 = CARTESIAN_POINT ( 'NONE',  ( 0.1205805181786153840, -12.83353349696248280, -9.865410872144865451 ) ) ;
#1475 = CARTESIAN_POINT ( 'NONE',  ( -28.49458556912612650, -2.000000000000007105, -37.50000000000000000 ) ) ;
#1476 = ORIENTED_EDGE ( 'NONE', *, *, #7250, .F. ) ;
#1477 = CARTESIAN_POINT ( 'NONE',  ( 0.2559330417688150394, -26.47861444706035883, 2.245883795259098203 ) ) ;
#1478 = CARTESIAN_POINT ( 'NONE',  ( 0.05069417348128638090, -3.424258346781025253, -6.987004325426288354 ) ) ;
#1479 = CARTESIAN_POINT ( 'NONE',  ( -16.29999999999999716, -36.64999999999999858, 6.526646113673449712 ) ) ;
#1480 = CARTESIAN_POINT ( 'NONE',  ( 0.09293989373495835371, -3.000000000000017319, -9.499999999999994671 ) ) ;
#1481 = CIRCLE ( 'NONE', #5405, 3.750000000000003553 ) ;
#1482 = ADVANCED_FACE ( 'NONE', ( #5471 ), #360, .T. ) ;
#1483 = CARTESIAN_POINT ( 'NONE',  ( 0.1016644731461520401, -26.60565067726431110, -2.433988093953881826 ) ) ;
#1484 = DIRECTION ( 'NONE',  ( 0.000000000000000000, 1.000000000000000000, 0.000000000000000000 ) ) ;
#1485 = EDGE_LOOP ( 'NONE', ( #6973, #2430, #322 ) ) ;
#1486 = CARTESIAN_POINT ( 'NONE',  ( -12.69999999999999929, 1.969999999999994866, 45.00000000000000711 ) ) ;
#1487 = CIRCLE ( 'NONE', #1328, 0.09999999999999939493 ) ;
#1488 = DIRECTION ( 'NONE',  ( 0.000000000000000000, 0.000000000000000000, -1.000000000000000000 ) ) ;
#1489 = ORIENTED_EDGE ( 'NONE', *, *, #2137, .F. ) ;
#1490 = CARTESIAN_POINT ( 'NONE',  ( 0.000000000000000000, -37.39999999999999147, 32.30000000000000426 ) ) ;
#1491 = DIRECTION ( 'NONE',  ( 0.000000000000000000, 0.5000000000000134337, 0.8660254037844309360 ) ) ;
#1492 = CARTESIAN_POINT ( 'NONE',  ( -14.96706954429658154, -39.40000000000000568, 31.32199508613024008 ) ) ;
#1493 = DIRECTION ( 'NONE',  ( 0.000000000000000000, -1.000000000000000000, 5.723103233284416719E-16 ) ) ;
#1494 = DIRECTION ( 'NONE',  ( 0.000000000000000000, 1.000000000000000000, -0.000000000000000000 ) ) ;
#1495 = EDGE_CURVE ( 'NONE', #3790, #3504, #1739, .T. ) ;
#1496 = CARTESIAN_POINT ( 'NONE',  ( 0.06626598899113551877, -3.492364046373067410, -6.998727341062155993 ) ) ;
#1497 = ORIENTED_EDGE ( 'NONE', *, *, #8262, .T. ) ;
#1498 = CARTESIAN_POINT ( 'NONE',  ( 8.000000000000000000, -3.499999999999998668, -7.000000000000000000 ) ) ;
#1499 = DIRECTION ( 'NONE',  ( 0.000000000000000000, 1.000000000000000000, -0.000000000000000000 ) ) ;
#1500 = CARTESIAN_POINT ( 'NONE',  ( -2.362063152268287336, -8.527153995942624598E-18, 37.11037489839092984 ) ) ;
#1501 = CARTESIAN_POINT ( 'NONE',  ( 0.3735402191733296351, -36.23041337529036099, -2.376693405896181943 ) ) ;
#1502 = CARTESIAN_POINT ( 'NONE',  ( -29.00000000000001066, -37.39999999999865565, -37.50000000000000711 ) ) ;
#1503 = EDGE_CURVE ( 'NONE', #7218, #2396, #903, .T. ) ;
#1504 = B_SPLINE_CURVE_WITH_KNOTS ( 'NONE', 3,
 ( #5765, #421, #517, #5128, #8727, #2733 ),
 .UNSPECIFIED., .F., .F.,
 ( 4, 2, 4 ),
 ( 0.000000000000000000, 0.5000000000000000000, 1.000000000000000000 ),
 .UNSPECIFIED. ) ;
#1505 = CARTESIAN_POINT ( 'NONE',  ( -8.686371987437469855, -37.40000000000000568, -44.82899291909163964 ) ) ;
#1506 = VERTEX_POINT ( 'NONE', #4728 ) ;
#1507 = CARTESIAN_POINT ( 'NONE',  ( 0.1749093433495140237, -12.88154344561537101, -7.192481985793279797 ) ) ;
#1508 = CARTESIAN_POINT ( 'NONE',  ( -16.30000000000000071, -37.39999999999863434, -24.79999999999999716 ) ) ;
#1509 = DIRECTION ( 'NONE',  ( -4.625929269271488256E-17, 0.8660254037844384856, -0.5000000000000002220 ) ) ;
#1510 = CARTESIAN_POINT ( 'NONE',  ( 0.2218872429275206004, -26.42082823866030949, -2.112115379613840105 ) ) ;
#1511 = ORIENTED_EDGE ( 'NONE', *, *, #4267, .T. ) ;
#1512 = CARTESIAN_POINT ( 'NONE',  ( -9.553572098686835545, -37.39999999999999147, 44.91571821999000491 ) ) ;
#1513 = ADVANCED_FACE ( 'NONE', ( #6293 ), #9456, .T. ) ;
#1514 = AXIS2_PLACEMENT_3D ( 'NONE', #6861, #874, #6911 ) ;
#1515 = CARTESIAN_POINT ( 'NONE',  ( -16.19999999999999929, -13.34999999999999964, 2.973353886326579598 ) ) ;
#1516 = CARTESIAN_POINT ( 'NONE',  ( 0.3492235992529125754, -3.013013661665843834, -9.630873942179640324 ) ) ;
#1517 = CARTESIAN_POINT ( 'NONE',  ( -16.29999999999999716, -13.29999999999999183, 3.117691453623991471 ) ) ;
#1518 = LINE ( 'NONE', #3191, #5353 ) ;
#1519 = CARTESIAN_POINT ( 'NONE',  ( 0.1045514108772480077, -26.87518533407249066, -2.499899501811092328 ) ) ;
#1520 = ORIENTED_EDGE ( 'NONE', *, *, #2622, .T. ) ;
#1521 = ORIENTED_EDGE ( 'NONE', *, *, #6460, .F. ) ;
#1522 = ORIENTED_EDGE ( 'NONE', *, *, #4375, .F. ) ;
#1523 = CARTESIAN_POINT ( 'NONE',  ( -19.66296187255214889, 8.673617379884035472E-16, 35.24010841143572748 ) ) ;
#1524 = DIRECTION ( 'NONE',  ( 0.000000000000000000, 0.000000000000000000, 1.000000000000000000 ) ) ;
#1525 = CARTESIAN_POINT ( 'NONE',  ( -16.89272086312018573, 4.414244522424747714E-13, -30.77764948095376241 ) ) ;
#1526 = ORIENTED_EDGE ( 'NONE', *, *, #2833, .T. ) ;
#1527 = CARTESIAN_POINT ( 'NONE',  ( 0.09935175248328625974, -26.39999999999999858, 2.000000000000000000 ) ) ;
#1528 = EDGE_CURVE ( 'NONE', #3136, #664, #5559, .T. ) ;
#1529 = CARTESIAN_POINT ( 'NONE',  ( -16.29999999999999361, -2.000000000000001776, 24.12999999999999901 ) ) ;
#1530 = DIRECTION ( 'NONE',  ( 1.000000000000000000, -0.000000000000000000, -0.000000000000000000 ) ) ;
#1531 = AXIS2_PLACEMENT_3D ( 'NONE', #896, #9154, #5272 ) ;
#1532 = DIRECTION ( 'NONE',  ( 1.000000000000000000, -0.000000000000000000, -0.000000000000000000 ) ) ;
#1533 = CARTESIAN_POINT ( 'NONE',  ( -3.719743878930847014, -2.000000000000000888, 44.08951261808173427 ) ) ;
#1534 = CARTESIAN_POINT ( 'NONE',  ( 0.1776268272250004221, -12.91305466705698457, -7.086945332943016318 ) ) ;
#1535 = ORIENTED_EDGE ( 'NONE', *, *, #244, .T. ) ;
#1536 = AXIS2_PLACEMENT_3D ( 'NONE', #3071, #2333, #5372 ) ;
#1537 = LINE ( 'NONE', #6835, #8546 ) ;
#1538 = DIRECTION ( 'NONE',  ( 0.000000000000000000, -0.5000000000000096589, 0.8660254037844330455 ) ) ;
#1539 = EDGE_LOOP ( 'NONE', ( #8672, #1865, #1978, #5273 ) ) ;
#1540 = B_SPLINE_SURFACE_WITH_KNOTS ( 'NONE', 3, 3, ( 
 ( #126, #7636, #1496, #3125, #4486, #30, #760, #78, #4438, #6054, #6148, #904 ),
 ( #3906, #6894, #4538, #3763, #6006, #9022, #6793, #3173, #9071, #2292, #5280, #5331 ),
 ( #8325, #1601, #4592, #7587, #856, #5175, #3861, #3998, #997, #2488, #8472, #6296 ),
 ( #6984, #4095, #1888, #4732, #9307, #6197, #3311, #4685, #2440, #7731, #222, #8421 ),
 ( #949, #1695, #8520, #5425, #5473, #7033, #8621, #7682, #2583, #3954, #1741, #9210 ),
 ( #7129, #4141, #265, #3411, #7083, #3262, #3217, #3360, #362, #5561, #7780, #6940 ),
 ( #6244, #6340, #9259, #2534, #8570, #5520, #4876, #1789, #4777, #1839, #1042, #4048 ),
 ( #311, #9352, #4825, #7829, #7880, #1092, #2630, #5606, #1143, #411, #6390, #6402 ),
 ( #8032, #4936, #3514, #8680, #7240, #4840, #3422, #8584, #5669, #7840, #9411, #2641 ),
 ( #9363, #6308, #6497, #2690, #326, #3374, #7937, #9504, #2595, #470, #5571, #6353 ),
 ( #2783, #1104, #4889, #7986, #5716, #9317, #5618, #1948, #4107, #1153, #1202, #4202 ),
 ( #1851, #1251, #7093, #1899, #7194, #374, #5766, #3469, #8632, #6452, #9458, #7890 ),
 ( #4154, #1999, #7143, #422, #8777, #2734, #8728, #4984, #518, #1299, #4245, #2046 ),
 ( #5032, #4294, #3326, #5284, #3564, #8876, #5229, #5178, #3715, #8232, #6544, #2935 ) ),
 .UNSPECIFIED., .F., .F., .F.,
 ( 4, 2, 2, 2, 2, 2, 4 ),
 ( 4, 2, 2, 2, 2, 4 ),
 ( 0.000000000000000000, 0.2500000000000002220, 0.3749999999999999445, 0.4999999999999996669, 0.7500000000000003331, 0.8750000000000002220, 1.000000000000000000 ),
 ( 0.000000000000000000, 0.2906416537883040330, 0.2973477540529378960, 0.3033705427189969384, 0.3469098837990619577, 1.000000000000000000 ),
 .UNSPECIFIED. ) ;
#1541 = AXIS2_PLACEMENT_3D ( 'NONE', #7678, #6291, #9253 ) ;
#1542 = ADVANCED_FACE ( 'NONE', ( #408 ), #3409, .T. ) ;
#1543 = EDGE_CURVE ( 'NONE', #4071, #2163, #5223, .T. ) ;
#1544 = AXIS2_PLACEMENT_3D ( 'NONE', #6606, #6556, #8091 ) ;
#1545 = LINE ( 'NONE', #71, #7655 ) ;
#1546 = CARTESIAN_POINT ( 'NONE',  ( -29.00000000000000000, -1.999999999999810152, 37.50000000000002132 ) ) ;
#1547 = LINE ( 'NONE', #3076, #3750 ) ;
#1548 = VECTOR ( 'NONE', #250, 1000.000000000000000 ) ;
#1549 = CARTESIAN_POINT ( 'NONE',  ( -17.21048738191826288, -26.92333333332080514, -33.78025612106914366 ) ) ;
#1550 = CARTESIAN_POINT ( 'NONE',  ( 0.03864744970013349323, -12.62619505639842998, -10.02103250939973655 ) ) ;
#1551 = CARTESIAN_POINT ( 'NONE',  ( 0.02671071723252068514, -36.43030656602188344, 2.181839374490051053 ) ) ;
#1552 = EDGE_LOOP ( 'NONE', ( #2985, #7961, #4707 ) ) ;
#1553 = DIRECTION ( 'NONE',  ( 0.000000000000000000, 0.000000000000000000, 1.000000000000000000 ) ) ;
#1554 = CARTESIAN_POINT ( 'NONE',  ( -40.00000000000000000, -8.000000000000000000, -1.224646799147353256E-15 ) ) ;
#1555 = CYLINDRICAL_SURFACE ( 'NONE', #8540, 2.000000000000000444 ) ;
#1556 = CIRCLE ( 'NONE', #4832, 0.09999999999999982514 ) ;
#1557 = CARTESIAN_POINT ( 'NONE',  ( 0.1801998527858710009, -36.28163169630578011, -2.306897777235733304 ) ) ;
#1558 = EDGE_CURVE ( 'NONE', #4631, #6225, #5517, .T. ) ;
#1559 = DIRECTION ( 'NONE',  ( 0.000000000000000000, 0.000000000000000000, -1.000000000000000000 ) ) ;
#1560 = LINE ( 'NONE', #7645, #7237 ) ;
#1561 = ORIENTED_EDGE ( 'NONE', *, *, #4702, .T. ) ;
#1562 = LINE ( 'NONE', #4601, #8702 ) ;
#1563 = DIRECTION ( 'NONE',  ( -1.000000000000000000, 0.000000000000000000, 0.000000000000000000 ) ) ;
#1564 = CARTESIAN_POINT ( 'NONE',  ( 0.03864744970013841291, -26.37896749060026380, -2.126195056398408223 ) ) ;
#1565 = ORIENTED_EDGE ( 'NONE', *, *, #4894, .T. ) ;
#1566 = EDGE_CURVE ( 'NONE', #6782, #7912, #4775, .T. ) ;
#1567 = CARTESIAN_POINT ( 'NONE',  ( -8.985016713197994775, -39.39999999999999147, 42.84682533709771235 ) ) ;
#1568 = CARTESIAN_POINT ( 'NONE',  ( -9.399999999999998579, -7.999999999999989342, -5.946707772653140545 ) ) ;
#1569 = CARTESIAN_POINT ( 'NONE',  ( 0.07359969900738741466, -3.290104449817659482, -9.982319410681510519 ) ) ;
#1570 = LINE ( 'NONE', #731, #3005 ) ;
#1571 = CARTESIAN_POINT ( 'NONE',  ( 0.05069417348156109865, -35.97574165321785244, -2.512995674573554439 ) ) ;
#1572 = CARTESIAN_POINT ( 'NONE',  ( 0.09667812241404220852, -26.89968300605636031, -2.500052832323939711 ) ) ;
#1573 = ORIENTED_EDGE ( 'NONE', *, *, #7891, .T. ) ;
#1574 = ORIENTED_EDGE ( 'NONE', *, *, #9412, .F. ) ;
#1575 = VERTEX_POINT ( 'NONE', #7320 ) ;
#1576 = CARTESIAN_POINT ( 'NONE',  ( -15.45567854328747082, 8.460708807680492750E-16, 32.74481389630135908 ) ) ;
#1577 = CARTESIAN_POINT ( 'NONE',  ( 0.2221364571602428839, -12.97660031408512893, -9.613688655670964422 ) ) ;
#1578 = CARTESIAN_POINT ( 'NONE',  ( -16.30000000000001137, 2.602085213965210642E-15, -24.79999999999999361 ) ) ;
#1579 = VERTEX_POINT ( 'NONE', #7922 ) ;
#1580 = CARTESIAN_POINT ( 'NONE',  ( -9.399999999999998579, -13.15000000000000036, 2.973353886326576045 ) ) ;
#1581 = LINE ( 'NONE', #6726, #9125 ) ;
#1582 = CARTESIAN_POINT ( 'NONE',  ( 0.4397376543209871591, -13.00000000000000000, -7.500000000000000000 ) ) ;
#1583 = AXIS2_PLACEMENT_3D ( 'NONE', #9622, #8895, #2363 ) ;
#1584 = CARTESIAN_POINT ( 'NONE',  ( 0.4397376543209853272, -26.41301366166584330, -2.130873942179640324 ) ) ;
#1585 = AXIS2_PLACEMENT_3D ( 'NONE', #2679, #5751, #2724 ) ;
#1586 = ADVANCED_FACE ( 'NONE', ( #7970 ), #7735, .T. ) ;
#1587 = CARTESIAN_POINT ( 'NONE',  ( -12.69999999999999929, -39.39999999999999858, -43.00000000000000000 ) ) ;
#1588 = CARTESIAN_POINT ( 'NONE',  ( 0.02671071723189514038, -12.68183937449002663, -6.969693433977638186 ) ) ;
#1589 = EDGE_LOOP ( 'NONE', ( #5076, #3239, #6941, #3986, #4568 ) ) ;
#1590 = CARTESIAN_POINT ( 'NONE',  ( -12.69999999999999929, -41.37000000000000455, 45.00000000000000711 ) ) ;
#1591 = CARTESIAN_POINT ( 'NONE',  ( 0.08499356122979578876, -3.495450603293208225, -10.00092870496330377 ) ) ;
#1592 = ORIENTED_EDGE ( 'NONE', *, *, #7293, .T. ) ;
#1593 = AXIS2_PLACEMENT_3D ( 'NONE', #8062, #4183, #3452 ) ;
#1594 = CARTESIAN_POINT ( 'NONE',  ( 0.09999999999999999167, -26.39999999999999858, -2.000000000000000000 ) ) ;
#1595 = AXIS2_PLACEMENT_3D ( 'NONE', #8541, #2415, #6165 ) ;
#1596 = DIRECTION ( 'NONE',  ( 0.000000000000000000, 1.000000000000000000, 0.000000000000000000 ) ) ;
#1597 = CARTESIAN_POINT ( 'NONE',  ( 7.500000000000000000, -3.499999999999998668, -7.500000000000000000 ) ) ;
#1598 = DIRECTION ( 'NONE',  ( -6.400405487375514425E-14, 0.8660254037844388186, 0.5000000000000000000 ) ) ;
#1599 = EDGE_CURVE ( 'NONE', #2197, #2024, #4278, .T. ) ;
#1600 = VECTOR ( 'NONE', #820, 1000.000000000000000 ) ;
#1601 = CARTESIAN_POINT ( 'NONE',  ( 0.08373167235213210824, -3.305293562204175029, -7.020018123251411168 ) ) ;
#1602 = VECTOR ( 'NONE', #1433, 1000.000000000000000 ) ;
#1603 = EDGE_LOOP ( 'NONE', ( #8143, #2573, #5481, #3991 ) ) ;
#1604 = DIRECTION ( 'NONE',  ( 0.000000000000000000, 0.000000000000000000, 1.000000000000000000 ) ) ;
#1605 = CARTESIAN_POINT ( 'NONE',  ( -14.30000000000000604, -39.40000000000000568, -25.30549295007419985 ) ) ;
#1606 = CARTESIAN_POINT ( 'NONE',  ( -0.4083832213227487906, -2.000000000000000444, 37.54226765792606102 ) ) ;
#1607 = CARTESIAN_POINT ( 'NONE',  ( 0.2049335911794967213, -36.39471539861010285, -2.052855194806567418 ) ) ;
#1608 = CARTESIAN_POINT ( 'NONE',  ( 0.000000000000000000, -36.50000000000000711, -2.600000000000000089 ) ) ;
#1609 = CARTESIAN_POINT ( 'NONE',  ( -16.19999999999999929, -13.19999999999999929, -3.059956426705004784 ) ) ;
#1610 = EDGE_LOOP ( 'NONE', ( #8316, #3643, #3543, #761, #2189, #8006, #1002, #8596, #857, #7165, #7752, #7837, #1233 ) ) ;
#1611 = ADVANCED_FACE ( 'NONE', ( #6387 ), #4279, .T. ) ;
#1612 = CARTESIAN_POINT ( 'NONE',  ( 0.1455568328269101208, -36.30455284456867560, -2.404552844568824899 ) ) ;
#1613 = FACE_OUTER_BOUND ( 'NONE', #2165, .T. ) ;
#1614 = CARTESIAN_POINT ( 'NONE',  ( -16.29999999999999005, -39.39999999999998437, 24.80000000000001137 ) ) ;
#1615 = EDGE_LOOP ( 'NONE', ( #5855, #872, #8177, #4215 ) ) ;
#1616 = CARTESIAN_POINT ( 'NONE',  ( 0.000000000000000000, -2.000000000000002665, -32.30000000000001137 ) ) ;
#1617 = CARTESIAN_POINT ( 'NONE',  ( -16.19999999999999929, -60.42659698893429976, -1.080865704890997536 ) ) ;
#1618 = CARTESIAN_POINT ( 'NONE',  ( 0.09621752899302565831, -3.209151624869706065, -9.930478224419477584 ) ) ;
#1619 = CARTESIAN_POINT ( 'NONE',  ( -0.2524272232914834269, -0.9927620392582011677, 32.30000000000000426 ) ) ;
#1620 = EDGE_CURVE ( 'NONE', #2024, #8354, #7178, .T. ) ;
#1621 = DIRECTION ( 'NONE',  ( -1.000000000000000000, 0.000000000000000000, 0.000000000000000000 ) ) ;
#1622 = CARTESIAN_POINT ( 'NONE',  ( 0.1063626799213791690, -26.87533049420301268, -2.499970114962526857 ) ) ;
#1623 = ORIENTED_EDGE ( 'NONE', *, *, #2881, .T. ) ;
#1624 = ORIENTED_EDGE ( 'NONE', *, *, #9180, .F. ) ;
#1625 = CARTESIAN_POINT ( 'NONE',  ( -16.00551917241547528, 8.531235512965185340E-16, 33.88323340963155061 ) ) ;
#1626 = CARTESIAN_POINT ( 'NONE',  ( 0.1154267357420831475, -12.99288688663932056, -9.569271248365316396 ) ) ;
#1627 = DIRECTION ( 'NONE',  ( 0.000000000000000000, -0.8660254037844451469, 0.4999999999999887867 ) ) ;
#1628 = ORIENTED_EDGE ( 'NONE', *, *, #1893, .T. ) ;
#1629 = LINE ( 'NONE', #5407, #1548 ) ;
#1630 = DIRECTION ( 'NONE',  ( -9.251858538542975279E-17, -5.723103233284416719E-16, -1.000000000000000000 ) ) ;
#1631 = CARTESIAN_POINT ( 'NONE',  ( -9.299999999999998934, -36.54999999999999005, 1.508052941782504761E-15 ) ) ;
#1632 = CARTESIAN_POINT ( 'NONE',  ( 0.4397376543209853272, -26.50247164320785487, -2.304977400188409575 ) ) ;
#1633 = EDGE_CURVE ( 'NONE', #3362, #7300, #2722, .T. ) ;
#1634 = B_SPLINE_CURVE_WITH_KNOTS ( 'NONE', 3,
 ( #361, #264, #6983, #1091, #2582, #5560, #4094, #8569, #4824, #7828 ),
 .UNSPECIFIED., .F., .F.,
 ( 4, 2, 2, 2, 4 ),
 ( 0.000000000000000000, 0.2500000000000000000, 0.5000000000000000000, 0.7500000000000000000, 1.000000000000000000 ),
 .UNSPECIFIED. ) ;
#1635 = CARTESIAN_POINT ( 'NONE',  ( 0.1016644731461522205, -26.46601190604612341, -2.294349322735682151 ) ) ;
#1636 = CARTESIAN_POINT ( 'NONE',  ( 8.000000000000000000, -3.499999999999998668, -7.500000000000000000 ) ) ;
#1637 = ORIENTED_EDGE ( 'NONE', *, *, #9123, .T. ) ;
#1638 = CARTESIAN_POINT ( 'NONE',  ( -8.427769491037762961, 1.969999999999994866, 45.00000000000000711 ) ) ;
#1639 = CARTESIAN_POINT ( 'NONE',  ( 0.09999999999999939493, -26.89999999999999858, -2.500000000000000000 ) ) ;
#1640 = EDGE_LOOP ( 'NONE', ( #1047, #6474, #7454, #9424 ) ) ;
#1641 = CARTESIAN_POINT ( 'NONE',  ( 0.09293989373490650630, -26.40000000000001279, -2.000000000000002220 ) ) ;
#1642 = CARTESIAN_POINT ( 'NONE',  ( -3.252606517456513302E-16, -2.899999999999999911, -10.09999999999999787 ) ) ;
#1643 = CARTESIAN_POINT ( 'NONE',  ( -16.29999999999999716, -36.64999999999999858, -6.353441032916561149 ) ) ;
#1644 = CIRCLE ( 'NONE', #2900, 0.09999999999999939493 ) ;
#1645 = EDGE_CURVE ( 'NONE', #3205, #6320, #4328, .T. ) ;
#1646 = CIRCLE ( 'NONE', #2109, 0.09999999999999982514 ) ;
#1647 = CARTESIAN_POINT ( 'NONE',  ( -12.69999999999999929, -37.39999999999999147, -45.00000000000001421 ) ) ;
#1648 = CARTESIAN_POINT ( 'NONE',  ( 7.500000000000000000, -3.499999999999998668, -7.500000000000000000 ) ) ;
#1649 = ORIENTED_EDGE ( 'NONE', *, *, #7330, .T. ) ;
#1650 = DIRECTION ( 'NONE',  ( -1.000000000000000000, 0.000000000000000000, 0.000000000000000000 ) ) ;
#1651 = AXIS2_PLACEMENT_3D ( 'NONE', #762, #8080, #2141 ) ;
#1652 = CARTESIAN_POINT ( 'NONE',  ( -15.10797245850888615, -39.39999999999999147, -31.79181668550607043 ) ) ;
#1653 = CARTESIAN_POINT ( 'NONE',  ( 0.1173425529687600333, -36.39286277604147557, -2.068398878534005281 ) ) ;
#1654 = VECTOR ( 'NONE', #4506, 1000.000000000000114 ) ;
#1655 = CYLINDRICAL_SURFACE ( 'NONE', #4250, 0.1000000000000008105 ) ;
#1656 = CARTESIAN_POINT ( 'NONE',  ( -6.964123893768057627, -39.39999999999999147, -44.47420779944759772 ) ) ;
#1657 = EDGE_LOOP ( 'NONE', ( #4381, #7866, #4199, #6037 ) ) ;
#1658 = CARTESIAN_POINT ( 'NONE',  ( 0.03864744970013591491, -36.42103250939973691, -2.126195056398418881 ) ) ;
#1659 = LOCAL_TIME ( 14, 35, 29.00000000000000000, #1170 ) ;
#1660 = CARTESIAN_POINT ( 'NONE',  ( -9.299999999999998934, -7.999999999999988454, -6.046707772653141078 ) ) ;
#1661 = DIRECTION ( 'NONE',  ( -1.000000000000000000, 0.000000000000000000, 0.000000000000000000 ) ) ;
#1662 = ADVANCED_FACE ( 'NONE', ( #9398 ), #2248, .T. ) ;
#1663 = CARTESIAN_POINT ( 'NONE',  ( -0.05205464666336858531, -1.476504231281438484, -32.30000000000000426 ) ) ;
#1664 = DIRECTION ( 'NONE',  ( 0.000000000000000000, 0.000000000000000000, -1.000000000000000000 ) ) ;
#1665 = CARTESIAN_POINT ( 'NONE',  ( 0.1350833069379064055, -3.356195321537424281, -9.974209850674322198 ) ) ;
#1666 = CARTESIAN_POINT ( 'NONE',  ( -29.00000000000000355, -37.39999999999999858, -37.49999999999999289 ) ) ;
#1667 = CARTESIAN_POINT ( 'NONE',  ( -14.59839890707399412, -39.39999999999999147, -29.82284070917204488 ) ) ;
#1668 = CARTESIAN_POINT ( 'NONE',  ( 0.3512029723387399271, -26.73889217081890735, -2.474463052294900933 ) ) ;
#1669 = VERTEX_POINT ( 'NONE', #3454 ) ;
#1670 = VERTEX_POINT ( 'NONE', #548 ) ;
#1671 = CARTESIAN_POINT ( 'NONE',  ( -16.44548382067693737, -2.000000000000000000, 28.59012258389353889 ) ) ;
#1672 = AXIS2_PLACEMENT_3D ( 'NONE', #6125, #2416, #3192 ) ;
#1673 = CARTESIAN_POINT ( 'NONE',  ( 0.09935175248321938268, -13.00000000000000178, -9.500000000000001776 ) ) ;
#1674 = ORIENTED_EDGE ( 'NONE', *, *, #5264, .T. ) ;
#1675 = CARTESIAN_POINT ( 'NONE',  ( 0.4397376543465725263, -26.40325341541645798, 2.065449309234397290 ) ) ;
#1676 = DIRECTION ( 'NONE',  ( 1.000000000000000000, -0.000000000000000000, -0.000000000000000000 ) ) ;
#1677 = EDGE_CURVE ( 'NONE', #4631, #404, #3039, .T. ) ;
#1678 = DIRECTION ( 'NONE',  ( -0.000000000000000000, -0.000000000000000000, 1.000000000000000000 ) ) ;
#1679 = DIRECTION ( 'NONE',  ( 1.734723475976806848E-16, -1.000000000000000000, -0.000000000000000000 ) ) ;
#1680 = VECTOR ( 'NONE', #7000, 1000.000000000000000 ) ;
#1681 = CARTESIAN_POINT ( 'NONE',  ( 0.05903631049302360961, -12.66827857103911192, -10.00519170455911144 ) ) ;
#1682 = CARTESIAN_POINT ( 'NONE',  ( -9.399999999999998579, -31.44999999999999218, -15.53331031303159548 ) ) ;
#1683 = EDGE_LOOP ( 'NONE', ( #7309, #6690, #8599, #1274, #223, #5793 ) ) ;
#1684 = CYLINDRICAL_SURFACE ( 'NONE', #4774, 0.09999999999999931166 ) ;
#1685 = CARTESIAN_POINT ( 'NONE',  ( 0.3264917695474066628, -26.90000000000000213, -2.500000000000000000 ) ) ;
#1686 = ORIENTED_EDGE ( 'NONE', *, *, #672, .F. ) ;
#1687 = CARTESIAN_POINT ( 'NONE',  ( 0.07312817726048637113, -26.39649588416083148, -2.017735335048352230 ) ) ;
#1688 = CARTESIAN_POINT ( 'NONE',  ( 0.000000000000000000, 0.000000000000000000, 45.00000000000000000 ) ) ;
#1689 = EDGE_CURVE ( 'NONE', #4572, #1321, #1283, .T. ) ;
#1690 = DIRECTION ( 'NONE',  ( 1.000000000000000000, 0.000000000000000000, 0.000000000000000000 ) ) ;
#1691 = CARTESIAN_POINT ( 'NONE',  ( 0.000000000000000000, -2.000000000000001776, -34.43611525448112332 ) ) ;
#1692 = AXIS2_PLACEMENT_3D ( 'NONE', #3996, #7081, #4821 ) ;
#1693 = AXIS2_PLACEMENT_3D ( 'NONE', #7481, #800, #1538 ) ;
#1694 = CARTESIAN_POINT ( 'NONE',  ( 0.1251521357210013119, -12.91887685998256075, -7.219128110720140157 ) ) ;
#1695 = CARTESIAN_POINT ( 'NONE',  ( 0.1051262857741396689, -3.213292058563918197, -7.080745098877858190 ) ) ;
#1696 = ORIENTED_EDGE ( 'NONE', *, *, #5662, .T. ) ;
#1697 = ADVANCED_FACE ( 'NONE', ( #1332 ), #8113, .T. ) ;
#1698 = DIRECTION ( 'NONE',  ( 0.000000000000000000, 0.000000000000000000, 1.000000000000000000 ) ) ;
#1699 = DIRECTION ( 'NONE',  ( -0.000000000000000000, -0.8660254037844384856, 0.5000000000000004441 ) ) ;
#1700 = CARTESIAN_POINT ( 'NONE',  ( 0.3359469009833769282, -36.39999999999999858, -2.032730823689487654 ) ) ;
#1701 = EDGE_LOOP ( 'NONE', ( #785, #6350, #2084, #3704 ) ) ;
#1702 = AXIS2_PLACEMENT_3D ( 'NONE', #9054, #6875, #157 ) ;
#1703 = DIRECTION ( 'NONE',  ( 1.000000000000000000, 0.000000000000000000, 0.000000000000000000 ) ) ;
#1704 = AXIS2_PLACEMENT_3D ( 'NONE', #4888, #4061, #1010 ) ;
#1705 = ORIENTED_EDGE ( 'NONE', *, *, #9059, .F. ) ;
#1706 = APPROVAL ( #7953, 'UNSPECIFIED' ) ;
#1707 = CIRCLE ( 'NONE', #6553, 0.09999999999999939493 ) ;
#1708 = CARTESIAN_POINT ( 'NONE',  ( 0.1776268272249965918, -36.31305466705700269, -2.413054667056989455 ) ) ;
#1709 = CARTESIAN_POINT ( 'NONE',  ( -8.427769491037762961, -37.39999999999999147, 44.99999999999999289 ) ) ;
#1710 = CARTESIAN_POINT ( 'NONE',  ( 0.4397376543209853272, -26.39999999999999858, -2.000000000000000000 ) ) ;
#1711 = CARTESIAN_POINT ( 'NONE',  ( -9.050000000000013145, -31.39999999999999858, 9.500000000000001776 ) ) ;
#1712 = CARTESIAN_POINT ( 'NONE',  ( -9.399999999999998579, -13.15000000000000036, 2.973353886326578266 ) ) ;
#1713 = CARTESIAN_POINT ( 'NONE',  ( 0.2049335911814295919, -3.447144805155380798, -9.994715398631999648 ) ) ;
#1714 = CARTESIAN_POINT ( 'NONE',  ( 0.4397376543209871036, -36.38397811073099319, 2.129637811980200190 ) ) ;
#1715 = ADVANCED_FACE ( 'NONE', ( #2820, #8812, #5749, #3600 ), #2079, .T. ) ;
#1716 = CARTESIAN_POINT ( 'NONE',  ( -16.29999999620365969, -39.39999999992635082, -25.30541443086662312 ) ) ;
#1717 = DIRECTION ( 'NONE',  ( 9.251858538542971581E-17, 0.000000000000000000, 1.000000000000000000 ) ) ;
#1718 = ORIENTED_EDGE ( 'NONE', *, *, #3828, .F. ) ;
#1719 = ORIENTED_EDGE ( 'NONE', *, *, #3186, .T. ) ;
#1720 = CARTESIAN_POINT ( 'NONE',  ( -19.02436944543761754, 8.420689594575846494E-16, 37.24745481560660210 ) ) ;
#1721 = CARTESIAN_POINT ( 'NONE',  ( 0.3512029723437848916, -12.97446305229489916, -9.661107829181093010 ) ) ;
#1722 = EDGE_LOOP ( 'NONE', ( #4464, #4686, #4786, #1869 ) ) ;
#1723 = CARTESIAN_POINT ( 'NONE',  ( 0.2049335911928865661, -26.40528460191846705, 2.052855194866010979 ) ) ;
#1724 = CARTESIAN_POINT ( 'NONE',  ( -9.399999999999998579, -7.999999999999989342, -5.946707772653140545 ) ) ;
#1725 = CARTESIAN_POINT ( 'NONE',  ( -16.19999999999999929, -12.63702367904174828, 8.854834749662430227 ) ) ;
#1726 = CARTESIAN_POINT ( 'NONE',  ( -17.21048738191826288, -12.47666666666666835, -33.78025612106914366 ) ) ;
#1727 = DIRECTION ( 'NONE',  ( 1.000000000000000000, 0.000000000000000000, 0.000000000000000000 ) ) ;
#1728 = DIRECTION ( 'NONE',  ( -9.251858538542972814E-17, 0.000000000000000000, -1.000000000000000000 ) ) ;
#1729 = CIRCLE ( 'NONE', #2676, 0.1000000000000001721 ) ;
#1730 = EDGE_CURVE ( 'NONE', #4631, #8137, #7077, .T. ) ;
#1731 = ORIENTED_EDGE ( 'NONE', *, *, #2495, .T. ) ;
#1732 = CARTESIAN_POINT ( 'NONE',  ( -2.903017102881142673E-17, -2.931439541882837396, -7.088637251297029707 ) ) ;
#1733 = ORIENTED_EDGE ( 'NONE', *, *, #2493, .T. ) ;
#1734 = CARTESIAN_POINT ( 'NONE',  ( -2.132970416211619711E-17, -3.088637251297025266, -6.931439541882841837 ) ) ;
#1735 = ORIENTED_EDGE ( 'NONE', *, *, #2457, .T. ) ;
#1736 = CARTESIAN_POINT ( 'NONE',  ( -16.30000000000000071, -37.39999999999863434, -24.79999999999999716 ) ) ;
#1737 = DIRECTION ( 'NONE',  ( 4.625929269271488872E-17, -0.8660254037844385966, 0.5000000000000001110 ) ) ;
#1738 = CARTESIAN_POINT ( 'NONE',  ( -9.399999999999998579, -31.39999999999998437, 3.553292227346872334 ) ) ;
#1739 = LINE ( 'NONE', #2438, #1846 ) ;
#1740 = CARTESIAN_POINT ( 'NONE',  ( 0.09095863857894549709, -13.00034621067575635, -7.497922735945461881 ) ) ;
#1741 = CARTESIAN_POINT ( 'NONE',  ( 0.3593798439464518935, -3.249441485864775991, -7.066110106047753803 ) ) ;
#1742 = EDGE_CURVE ( 'NONE', #2718, #3369, #8064, .T. ) ;
#1743 = ORIENTED_EDGE ( 'NONE', *, *, #1208, .F. ) ;
#1744 = AXIS2_PLACEMENT_3D ( 'NONE', #4233, #1284, #2177 ) ;
#1745 = VECTOR ( 'NONE', #7376, 1000.000000000000000 ) ;
#1746 = CARTESIAN_POINT ( 'NONE',  ( 0.03864744970013807290, -36.02619505639841435, 2.521032509399733446 ) ) ;
#1747 = CARTESIAN_POINT ( 'NONE',  ( 8.000000000000000000, -26.39999999999999858, 0.000000000000000000 ) ) ;
#1748 = CARTESIAN_POINT ( 'NONE',  ( 0.1356868812692516857, -36.37422212689482848, -2.143534123722977469 ) ) ;
#1749 = EDGE_LOOP ( 'NONE', ( #9649, #7336, #2023, #6221 ) ) ;
#1750 = DIRECTION ( 'NONE',  ( 0.000000000000000000, 1.000000000000000000, 0.000000000000000000 ) ) ;
#1751 = CARTESIAN_POINT ( 'NONE',  ( 0.09999999999999999167, -13.00000000000000000, -9.500000000000000000 ) ) ;
#1752 = VERTEX_POINT ( 'NONE', #2770 ) ;
#1753 = CARTESIAN_POINT ( 'NONE',  ( -16.19999999999999929, -31.44999999999999218, -15.53331031303159548 ) ) ;
#1754 = CARTESIAN_POINT ( 'NONE',  ( -9.399999999999998579, -17.93702367904176853, -0.3250345304526072732 ) ) ;
#1755 = CIRCLE ( 'NONE', #8026, 0.1000000000000002554 ) ;
#1756 = CARTESIAN_POINT ( 'NONE',  ( 0.1848601631669190559, -26.59362630201652067, -2.381808320706577664 ) ) ;
#1757 = DIRECTION ( 'NONE',  ( 0.000000000000000000, 1.000000000000000000, 0.000000000000000000 ) ) ;
#1758 = DIRECTION ( 'NONE',  ( 1.000000000000000000, 0.000000000000000000, 0.000000000000000000 ) ) ;
#1759 = CARTESIAN_POINT ( 'NONE',  ( 0.1039165408567033211, -3.475072693101485921, -9.999880768177790813 ) ) ;
#1760 = CARTESIAN_POINT ( 'NONE',  ( 0.09293989373555058831, -26.89999999999998792, 2.499999999999980016 ) ) ;
#1761 = DIRECTION ( 'NONE',  ( 1.000000000000000000, -0.000000000000000000, -0.000000000000000000 ) ) ;
#1762 = CARTESIAN_POINT ( 'NONE',  ( 0.04678213752095489175, -36.41525960676352014, 2.090307972023544902 ) ) ;
#1763 = ORIENTED_EDGE ( 'NONE', *, *, #5453, .F. ) ;
#1764 = ORIENTED_EDGE ( 'NONE', *, *, #3060, .F. ) ;
#1765 = DIRECTION ( 'NONE',  ( 0.000000000000000000, 0.000000000000000000, -1.000000000000000000 ) ) ;
#1766 = CARTESIAN_POINT ( 'NONE',  ( 0.1350936906786677771, -36.05435043373117310, 2.475586600309074736 ) ) ;
#1767 = EDGE_LOOP ( 'NONE', ( #7430, #8863, #8998, #2116 ) ) ;
#1768 = CARTESIAN_POINT ( 'NONE',  ( -0.4006663152036395448, -38.62909343994982692, -32.30000000000000426 ) ) ;
#1769 = DIRECTION ( 'NONE',  ( 1.000000000000000000, 0.000000000000000000, 0.000000000000000000 ) ) ;
#1770 = PLANE ( 'NONE',  #1975 ) ;
#1771 = ADVANCED_FACE ( 'NONE', ( #8016 ), #1382, .F. ) ;
#1772 = CARTESIAN_POINT ( 'NONE',  ( -16.30000000000000426, 1.969999999999999973, -24.79999999999999716 ) ) ;
#1773 = CARTESIAN_POINT ( 'NONE',  ( 7.500000000000002665, -12.49999999999999822, -10.00000000000000000 ) ) ;
#1774 = VECTOR ( 'NONE', #7270, 1000.000000000000000 ) ;
#1775 = CARTESIAN_POINT ( 'NONE',  ( -4.140882835621628045E-16, -2.931439541882836952, -9.911362748702966741 ) ) ;
#1776 = VERTEX_POINT ( 'NONE', #3109 ) ;
#1777 = LINE ( 'NONE', #4765, #4300 ) ;
#1778 = ORIENTED_EDGE ( 'NONE', *, *, #8274, .F. ) ;
#1779 = CARTESIAN_POINT ( 'NONE',  ( -14.82349576871855845, -0.05205464666337140250, 24.80000000000001137 ) ) ;
#1780 = PLANE ( 'NONE',  #4976 ) ;
#1781 = ORIENTED_EDGE ( 'NONE', *, *, #8748, .F. ) ;
#1782 = CARTESIAN_POINT ( 'NONE',  ( 0.4397376543083739153, -3.500000000000000888, -6.999999999999999112 ) ) ;
#1783 = FACE_OUTER_BOUND ( 'NONE', #4282, .T. ) ;
#1784 = DIRECTION ( 'NONE',  ( 2.168404344971072371E-15, 0.8660254037844320463, -0.5000000000000115463 ) ) ;
#1785 = EDGE_CURVE ( 'NONE', #9014, #2396, #5992, .T. ) ;
#1786 = B_SPLINE_CURVE_WITH_KNOTS ( 'NONE', 3,
 ( #8865, #9640, #2925, #2037, #5897, #5217 ),
 .UNSPECIFIED., .F., .F.,
 ( 4, 2, 4 ),
 ( 0.000000000000000000, 0.5000000000000000000, 1.000000000000000000 ),
 .UNSPECIFIED. ) ;
#1787 = DIRECTION ( 'NONE',  ( -1.734723475976807094E-16, 1.000000000000000000, 0.000000000000000000 ) ) ;
#1788 = CARTESIAN_POINT ( 'NONE',  ( 0.1161416422063593912, -12.99293701094936715, -7.429479422264868127 ) ) ;
#1789 = CARTESIAN_POINT ( 'NONE',  ( 0.1802054849686462457, -3.174575246074998525, -7.136972577715241073 ) ) ;
#1790 = EDGE_LOOP ( 'NONE', ( #699, #70, #1995, #7217 ) ) ;
#1791 = CARTESIAN_POINT ( 'NONE',  ( 0.05790538977555082650, -36.40373866222520860, 2.168275993831660031 ) ) ;
#1792 = CARTESIAN_POINT ( 'NONE',  ( -20.00000000000000000, -19.70000000000000284, -10.00000000000000000 ) ) ;
#1793 = CARTESIAN_POINT ( 'NONE',  ( 0.1160845892754425873, -36.39287983229952772, -2.068976501003878088 ) ) ;
#1794 = ORIENTED_EDGE ( 'NONE', *, *, #7090, .T. ) ;
#1795 = EDGE_CURVE ( 'NONE', #9687, #60, #9008, .T. ) ;
#1796 = AXIS2_PLACEMENT_3D ( 'NONE', #9241, #8502, #3343 ) ;
#1797 = CARTESIAN_POINT ( 'NONE',  ( -20.01974387893084995, 1.969999999999993090, 36.58951261808174849 ) ) ;
#1798 = ORIENTED_EDGE ( 'NONE', *, *, #5234, .T. ) ;
#1799 = CIRCLE ( 'NONE', #7278, 0.1999999999999996503 ) ;
#1800 = CARTESIAN_POINT ( 'NONE',  ( -16.19999999999999929, -26.14999999999999858, -6.468911086754477680 ) ) ;
#1801 = CARTESIAN_POINT ( 'NONE',  ( -36.24999999999999289, -37.40000000000000568, -41.24999999999999289 ) ) ;
#1802 = CARTESIAN_POINT ( 'NONE',  ( 0.3593798439552771673, -26.46611010604774350, -2.250558514135221344 ) ) ;
#1803 = CARTESIAN_POINT ( 'NONE',  ( -18.08826055585550918, -1.086142059559921044E-13, -33.47288705662648312 ) ) ;
#1804 = AXIS2_PLACEMENT_3D ( 'NONE', #4807, #7066, #7017 ) ;
#1805 = CARTESIAN_POINT ( 'NONE',  ( -2.157038816438696660, -39.39999999999999147, 36.04917974612932596 ) ) ;
#1806 = ADVANCED_FACE ( 'NONE', ( #6676 ), #6779, .F. ) ;
#1807 = CARTESIAN_POINT ( 'NONE',  ( 0.07942278206049455114, -26.41064724401038788, 2.210357154212338582 ) ) ;
#1808 =( BOUNDED_SURFACE ( )  B_SPLINE_SURFACE ( 3, 2, ( 
 ( #4398, #6602, #3571 ),
 ( #7345, #5039, #7398 ),
 ( #5821, #6552, #571 ),
 ( #673, #9610, #2790 ),
 ( #3675, #1455, #4301 ),
 ( #8086, #3522, #8835 ),
 ( #7294, #9511, #7991 ),
 ( #4446, #4991, #2845 ),
 ( #1305, #2892, #8184 ),
 ( #2146, #4252, #9561 ),
 ( #2099, #6699, #9705 ),
 ( #6652, #1258, #5086 ),
 ( #1353, #9657, #2940 ),
 ( #4349, #619, #5772 ),
 ( #3622, #523, #6504 ),
 ( #5915, #8783, #5866 ),
 ( #719, #2992, #8882 ),
 ( #8136, #1403, #2053 ),
 ( #8931, #2196, #5185 ),
 ( #5963, #7446, #2004 ),
 ( #8237, #6903, #2449 ),
 ( #3962, #1656, #230 ),
 ( #5233, #821, #186 ),
 ( #5385, #3181, #1505 ),
 ( #6801, #3038, #6156 ),
 ( #2353, #6752, #5433 ),
 ( #4495, #6853, #40 ),
 ( #3134, #137, #9169 ) ),
 .UNSPECIFIED., .F., .F., .F. ) 
 B_SPLINE_SURFACE_WITH_KNOTS ( ( 4, 2, 2, 2, 2, 2, 2, 2, 2, 2, 2, 2, 2, 4 ),
 ( 3, 3 ),
 ( 0.000000000000000000, 0.002224527990796180358, 0.004449055981592360716, 0.005561319976990450678, 0.006673583972388541508, 0.007785847967786631470, 0.008898111963184721432, 0.01001037595858281226, 0.01056650795628185681, 0.01112263995398090136, 0.01223490394937899219, 0.01334716794477708302, 0.01557169593557326294, 0.01779622392636944286 ),
 ( 0.000000000000000000, 1.000000000000000000 ),
 .UNSPECIFIED. ) 
 GEOMETRIC_REPRESENTATION_ITEM ( )  RATIONAL_B_SPLINE_SURFACE ( (
 ( 1.000000000000000000, 0.7071067811865476838, 1.000000000000000000),
 ( 1.000000000000000000, 0.7071067811865476838, 1.000000000000000000),
 ( 1.000000000000000000, 0.7071067811865476838, 1.000000000000000000),
 ( 1.000000000000000000, 0.7071067811865476838, 1.000000000000000000),
 ( 1.000000000000000000, 0.7071067811865476838, 1.000000000000000000),
 ( 1.000000000000000000, 0.7071067811865476838, 1.000000000000000000),
 ( 1.000000000000000000, 0.7071067811865476838, 1.000000000000000000),
 ( 1.000000000000000000, 0.7071067811865476838, 1.000000000000000000),
 ( 1.000000000000000000, 0.7071067811865475727, 1.000000000000000000),
 ( 1.000000000000000000, 0.7071067811865475727, 1.000000000000000000),
 ( 1.000000000000000000, 0.7071067811865476838, 1.000000000000000000),
 ( 1.000000000000000000, 0.7071067811865476838, 1.000000000000000000),
 ( 1.000000000000000000, 0.7071067811865475727, 1.000000000000000000),
 ( 1.000000000000000000, 0.7071067811865475727, 1.000000000000000000),
 ( 1.000000000000000000, 0.7071067811865475727, 1.000000000000000000),
 ( 1.000000000000000000, 0.7071067811865475727, 1.000000000000000000),
 ( 1.000000000000000000, 0.7071067811865475727, 1.000000000000000000),
 ( 1.000000000000000000, 0.7071067811865475727, 1.000000000000000000),
 ( 1.000000000000000000, 0.7071067811865463515, 1.000000000000000000),
 ( 1.000000000000000000, 0.7071067811865463515, 1.000000000000000000),
 ( 1.000000000000000000, 0.7071067811865475727, 1.000000000000000000),
 ( 1.000000000000000000, 0.7071067811865475727, 1.000000000000000000),
 ( 1.000000000000000000, 0.7071067811865475727, 1.000000000000000000),
 ( 1.000000000000000000, 0.7071067811865475727, 1.000000000000000000),
 ( 1.000000000000000000, 0.7071067811865487940, 1.000000000000000000),
 ( 1.000000000000000000, 0.7071067811865487940, 1.000000000000000000),
 ( 1.000000000000000000, 0.7071067811865463515, 1.000000000000000000),
 ( 1.000000000000000000, 0.7071067811865463515, 1.000000000000000000) ) ) 
 REPRESENTATION_ITEM ( '' )  SURFACE ( )  );
#1809 = DIRECTION ( 'NONE',  ( 0.000000000000000000, 0.000000000000000000, -1.000000000000000000 ) ) ;
#1810 = CARTESIAN_POINT ( 'NONE',  ( 0.4397376543209871036, -36.23041337529036099, 2.376693405896181499 ) ) ;
#1811 = CIRCLE ( 'NONE', #5423, 0.1000000000000002554 ) ;
#1812 = CARTESIAN_POINT ( 'NONE',  ( -16.00000000000000000, -26.89999999999999858, 2.500000000000000000 ) ) ;
#1813 = DIRECTION ( 'NONE',  ( -1.000000000000000000, 0.000000000000000000, 9.251858538542972814E-17 ) ) ;
#1814 = EDGE_LOOP ( 'NONE', ( #6870, #4911, #2999, #8244 ) ) ;
#1815 = CARTESIAN_POINT ( 'NONE',  ( -21.40840182616846832, -1.085846910292026943E-13, 36.31542124960250106 ) ) ;
#1816 = EDGE_CURVE ( 'NONE', #249, #8938, #8162, .T. ) ;
#1817 = CARTESIAN_POINT ( 'NONE',  ( 0.1569918514178482161, -36.13720553335879515, 2.433019867163246808 ) ) ;
#1818 = ORIENTED_EDGE ( 'NONE', *, *, #4150, .F. ) ;
#1819 = CARTESIAN_POINT ( 'NONE',  ( 7.500000000000001776, -35.89999999999999858, 2.000000000000000000 ) ) ;
#1820 = SPHERICAL_SURFACE ( 'NONE', #3628, 0.1000000000000000056 ) ;
#1821 = CALENDAR_DATE ( 2026, 12, 9 ) ;
#1822 = DIRECTION ( 'NONE',  ( 0.000000000000000000, -5.204170427930408030E-14, 1.000000000000000000 ) ) ;
#1823 = CARTESIAN_POINT ( 'NONE',  ( -16.19999999999999929, -50.46297632095823360, -18.33836292916890898 ) ) ;
#1824 = CARTESIAN_POINT ( 'NONE',  ( -9.299999999999998934, -36.54999999999999005, 6.526646113673450600 ) ) ;
#1825 = AXIS2_PLACEMENT_3D ( 'NONE', #2216, #2071, #5156 ) ;
#1826 = ORIENTED_EDGE ( 'NONE', *, *, #2293, .F. ) ;
#1827 = APPROVAL ( #1920, 'UNSPECIFIED' ) ;
#1828 = CARTESIAN_POINT ( 'NONE',  ( -29.00000000000000355, -0.9927620392582086062, 37.75242722329149103 ) ) ;
#1829 = EDGE_LOOP ( 'NONE', ( #5563, #1521, #3870, #8508 ) ) ;
#1830 = CARTESIAN_POINT ( 'NONE',  ( 0.09088851884876499032, -12.77072422556024023, -9.943743350910329681 ) ) ;
#1831 = DIRECTION ( 'NONE',  ( -0.000000000000000000, 0.000000000000000000, 1.000000000000000000 ) ) ;
#1832 = ORIENTED_EDGE ( 'NONE', *, *, #2251, .T. ) ;
#1833 = CARTESIAN_POINT ( 'NONE',  ( 0.1178379531158996879, -26.85033164678770845, 2.500432083844246645 ) ) ;
#1834 = CARTESIAN_POINT ( 'NONE',  ( -9.399999999999998579, -2.849999999999999201, 2.973353886326576934 ) ) ;
#1835 = DIRECTION ( 'NONE',  ( 1.000000000000000000, 0.000000000000000000, -0.000000000000000000 ) ) ;
#1836 = AXIS2_PLACEMENT_3D ( 'NONE', #2813, #3592, #8153 ) ;
#1837 = LINE ( 'NONE', #3214, #429 ) ;
#1838 = CARTESIAN_POINT ( 'NONE',  ( 0.04884188009658196883, -13.01311210697942222, -7.352763186281243257 ) ) ;
#1839 = CARTESIAN_POINT ( 'NONE',  ( 0.2613586182486266618, -3.179665065714708749, -7.136282836434758359 ) ) ;
#1840 = EDGE_LOOP ( 'NONE', ( #6494, #2665, #1973, #7261 ) ) ;
#1841 = EDGE_CURVE ( 'NONE', #4998, #2862, #7396, .T. ) ;
#1842 = LINE ( 'NONE', #6199, #8264 ) ;
#1843 = CARTESIAN_POINT ( 'NONE',  ( -16.19999999999999929, -26.25000000000000000, 12.47335388632657427 ) ) ;
#1844 = CARTESIAN_POINT ( 'NONE',  ( -11.95355944951056593, 7.274958569703362122E-12, -45.00000000558867441 ) ) ;
#1845 = ORIENTED_EDGE ( 'NONE', *, *, #6972, .T. ) ;
#1846 = VECTOR ( 'NONE', #4093, 1000.000000000000000 ) ;
#1847 = AXIS2_PLACEMENT_3D ( 'NONE', #1084, #1831, #2575 ) ;
#1848 = CARTESIAN_POINT ( 'NONE',  ( -16.29999999999999716, 1.969999999999993090, 26.93611525448112687 ) ) ;
#1849 = CARTESIAN_POINT ( 'NONE',  ( -36.24999999999999289, -37.40000000000000568, -41.24999999999999289 ) ) ;
#1850 = FACE_OUTER_BOUND ( 'NONE', #2773, .T. ) ;
#1851 = CARTESIAN_POINT ( 'NONE',  ( 0.05790538977554759298, -2.996261337774790423, -7.331724006168332863 ) ) ;
#1852 = EDGE_CURVE ( 'NONE', #7069, #4049, #1117, .T. ) ;
#1853 = VECTOR ( 'NONE', #9066, 999.9999999999998863 ) ;
#1854 = CARTESIAN_POINT ( 'NONE',  ( 0.1205805181784990743, -26.58240519062859519, -2.381349559736155808 ) ) ;
#1855 = CARTESIAN_POINT ( 'NONE',  ( -15.66802192075117439, 1.763370501888939275E-15, -33.23335317926595422 ) ) ;
#1856 = CARTESIAN_POINT ( 'NONE',  ( -1.574470893329946053, -39.39999999999999147, 40.62701349674137674 ) ) ;
#1857 = AXIS2_PLACEMENT_3D ( 'NONE', #8839, #2748, #8042 ) ;
#1858 = DIRECTION ( 'NONE',  ( 1.000000000000000000, 0.000000000000000000, 0.000000000000000000 ) ) ;
#1859 = CARTESIAN_POINT ( 'NONE',  ( 0.4397376543209871036, -3.000000000000000888, -9.565461647378979748 ) ) ;
#1860 = AXIS2_PLACEMENT_3D ( 'NONE', #2205, #5828, #8095 ) ;
#1861 = CARTESIAN_POINT ( 'NONE',  ( 0.1083385950302337558, -12.55015865966961108, -7.000390406958474365 ) ) ;
#1862 = CARTESIAN_POINT ( 'NONE',  ( -17.86195252062382721, -39.39999999999999147, -33.10360032497259652 ) ) ;
#1863 = CARTESIAN_POINT ( 'NONE',  ( 0.05208762538633712746, -36.41221670311142589, 2.070734465330151597 ) ) ;
#1864 = EDGE_CURVE ( 'NONE', #2284, #7363, #8263, .T. ) ;
#1865 = ORIENTED_EDGE ( 'NONE', *, *, #271, .F. ) ;
#1866 = AXIS2_PLACEMENT_3D ( 'NONE', #2338, #6000, #705 ) ;
#1867 = CARTESIAN_POINT ( 'NONE',  ( -28.00101484218043524, -2.000000000000000000, 37.49942196824837737 ) ) ;
#1868 = CARTESIAN_POINT ( 'NONE',  ( 0.1376246443101266648, -36.05280058462145121, 2.475584026661914017 ) ) ;
#1869 = ORIENTED_EDGE ( 'NONE', *, *, #1467, .F. ) ;
#1870 = AXIS2_PLACEMENT_3D ( 'NONE', #407, #3407, #1088 ) ;
#1871 = CARTESIAN_POINT ( 'NONE',  ( -0.9927620392582009456, -39.14757277670851465, -32.30000000000000426 ) ) ;
#1872 = PERSON_AND_ORGANIZATION_ROLE ( 'classification_officer' ) ;
#1873 = CARTESIAN_POINT ( 'NONE',  ( 0.09999999999999999167, -13.00000000000000000, -7.000000000000000000 ) ) ;
#1874 = CARTESIAN_POINT ( 'NONE',  ( -16.29999999999999716, -31.44999999999998508, 3.466689686968427608 ) ) ;
#1875 = CARTESIAN_POINT ( 'NONE',  ( -16.39513934475409584, 8.511066648537033275E-16, 34.53890328936959264 ) ) ;
#1876 = EDGE_LOOP ( 'NONE', ( #8677, #4105, #8800, #5980 ) ) ;
#1877 = CARTESIAN_POINT ( 'NONE',  ( -9.399999999999998579, -31.44999999999998508, 15.53331031303159016 ) ) ;
#1878 = ORIENTED_EDGE ( 'NONE', *, *, #1150, .F. ) ;
#1879 = CARTESIAN_POINT ( 'NONE',  ( 0.03864744970013349323, -12.62619505639842998, -10.02103250939973655 ) ) ;
#1880 = FACE_OUTER_BOUND ( 'NONE', #7613, .T. ) ;
#1881 = ORIENTED_EDGE ( 'NONE', *, *, #6629, .T. ) ;
#1882 = CARTESIAN_POINT ( 'NONE',  ( 0.1686022889459656005, -26.63826715845769755, 2.416215201240441868 ) ) ;
#1883 = DIRECTION ( 'NONE',  ( 0.000000000000000000, 0.000000000000000000, -1.000000000000000000 ) ) ;
#1884 = CARTESIAN_POINT ( 'NONE',  ( 0.000000000000000000, -2.000000000000002665, -32.30000000000001137 ) ) ;
#1885 = DIRECTION ( 'NONE',  ( 9.251858538542971581E-17, 0.000000000000000000, 1.000000000000000000 ) ) ;
#1886 = CIRCLE ( 'NONE', #7688, 0.5000000000000000000 ) ;
#1887 = CARTESIAN_POINT ( 'NONE',  ( 0.06432947566312330334, -13.00350543248980806, -7.403181295763123337 ) ) ;
#1888 = CARTESIAN_POINT ( 'NONE',  ( 0.1236206407653757250, -3.250364417525242189, -7.067480034132120004 ) ) ;
#1889 = ORIENTED_EDGE ( 'NONE', *, *, #284, .F. ) ;
#1890 = DIRECTION ( 'NONE',  ( -9.251858538542976511E-17, -1.604941620322697821E-32, -1.000000000000000000 ) ) ;
#1891 = CARTESIAN_POINT ( 'NONE',  ( -6.444858560365680944, 1.692508882350261153E-15, -42.21055591431599652 ) ) ;
#1892 = ORIENTED_EDGE ( 'NONE', *, *, #6878, .F. ) ;
#1893 = EDGE_CURVE ( 'NONE', #6985, #5763, #2858, .T. ) ;
#1894 = CARTESIAN_POINT ( 'NONE',  ( -29.00000000000000355, -12.47666666666667723, 37.50000000000001421 ) ) ;
#1895 = CIRCLE ( 'NONE', #6909, 0.09999999999999939493 ) ;
#1896 = AXIS2_PLACEMENT_3D ( 'NONE', #630, #5001, #6613 ) ;
#1897 = SPHERICAL_SURFACE ( 'NONE', #4147, 0.1000000000000000056 ) ;
#1898 = DIRECTION ( 'NONE',  ( -1.000000000000000000, 0.000000000000000000, 9.251858538542972814E-17 ) ) ;
#1899 = CARTESIAN_POINT ( 'NONE',  ( 0.1154267357445610542, -3.007113112973972768, -7.430728751305136548 ) ) ;
#1900 = CARTESIAN_POINT ( 'NONE',  ( 0.1801998527870358469, -26.59310222091329479, -2.381631698644461448 ) ) ;
#1901 = CARTESIAN_POINT ( 'NONE',  ( 0.1128397414749699457, -35.94934283218535853, -2.499883026661199992 ) ) ;
#1902 = TOROIDAL_SURFACE ( 'NONE', #3474, 1.750000000000000666, 2.000000000000000444 ) ;
#1903 = AXIS2_PLACEMENT_3D ( 'NONE', #502, #1883, #4869 ) ;
#1904 = CARTESIAN_POINT ( 'NONE',  ( 0.000000000000000000, -37.39999999999999147, 33.05227832648699149 ) ) ;
#1905 = CIRCLE ( 'NONE', #6591, 0.1000000000000028644 ) ;
#1906 = DIRECTION ( 'NONE',  ( 0.000000000000000000, 0.5000000000000134337, -0.8660254037844309360 ) ) ;
#1907 = EDGE_CURVE ( 'NONE', #4676, #735, #2477, .T. ) ;
#1908 = CARTESIAN_POINT ( 'NONE',  ( 0.4397376543209853272, -3.248190509814551596, -9.936893194177129018 ) ) ;
#1909 = B_SPLINE_CURVE_WITH_KNOTS ( 'NONE', 3,
 ( #7440, #2243, #33, #4343 ),
 .UNSPECIFIED., .F., .F.,
 ( 4, 4 ),
 ( 0.000000000000000000, 1.000000000000000000 ),
 .UNSPECIFIED. ) ;
#1910 = CARTESIAN_POINT ( 'NONE',  ( 0.09935232928749644643, -12.49999999999999822, -7.000000000000000888 ) ) ;
#1911 = CIRCLE ( 'NONE', #8662, 0.09999999999999989453 ) ;
#1912 = CARTESIAN_POINT ( 'NONE',  ( -17.30995283341331259, -39.40000000000001990, -35.75763087024986930 ) ) ;
#1913 = CIRCLE ( 'NONE', #2395, 0.5000000000000004441 ) ;
#1914 = CARTESIAN_POINT ( 'NONE',  ( 0.05425398816396903579, -13.01106853619308268, -7.436619147647157924 ) ) ;
#1915 = ORIENTED_EDGE ( 'NONE', *, *, #1003, .F. ) ;
#1916 = CARTESIAN_POINT ( 'NONE',  ( -26.98045690473289682, -39.40000000000000568, 39.47741507573874031 ) ) ;
#1917 = CARTESIAN_POINT ( 'NONE',  ( 0.1573004706824117360, -36.16487091777973006, 2.416181710557456341 ) ) ;
#1918 = ORIENTED_EDGE ( 'NONE', *, *, #3385, .T. ) ;
#1919 = CARTESIAN_POINT ( 'NONE',  ( 0.01648282397504555186, -3.242739824613043442, -6.957123304522646379 ) ) ;
#1920 = APPROVAL_STATUS ( 'not_yet_approved' ) ;
#1921 = EDGE_CURVE ( 'NONE', #2916, #3802, #7575, .T. ) ;
#1922 = FACE_OUTER_BOUND ( 'NONE', #1354, .T. ) ;
#1923 = FACE_OUTER_BOUND ( 'NONE', #4900, .T. ) ;
#1924 = CARTESIAN_POINT ( 'NONE',  ( -16.41017446809628666, 1.718405861086839314E-15, -34.56212944950838306 ) ) ;
#1925 = ORIENTED_EDGE ( 'NONE', *, *, #4791, .F. ) ;
#1926 = DIRECTION ( 'NONE',  ( -1.000000000000000000, 3.558195749863461592E-33, 9.251858538542975279E-17 ) ) ;
#1927 = VERTEX_POINT ( 'NONE', #5366 ) ;
#1928 = EDGE_LOOP ( 'NONE', ( #1421, #9196, #5061, #2958 ) ) ;
#1929 = CARTESIAN_POINT ( 'NONE',  ( 0.07920148355737820223, -12.62196844868470968, -9.994837555740934576 ) ) ;
#1930 = CARTESIAN_POINT ( 'NONE',  ( 0.04079393051854816182, -26.78381099075174276, -2.519364834874710191 ) ) ;
#1931 = ORIENTED_EDGE ( 'NONE', *, *, #7281, .F. ) ;
#1932 = CARTESIAN_POINT ( 'NONE',  ( 0.1722515828711744801, -26.59316311099570385, 2.381286526168023165 ) ) ;
#1933 = DIRECTION ( 'NONE',  ( 0.000000000000000000, 1.000000000000000000, 0.000000000000000000 ) ) ;
#1934 = CARTESIAN_POINT ( 'NONE',  ( -16.29999999999999716, -13.25000000000000355, -2.973353886326565831 ) ) ;
#1935 = EDGE_CURVE ( 'NONE', #3116, #9582, #1399, .T. ) ;
#1936 = CARTESIAN_POINT ( 'NONE',  ( -16.19999999999999929, -31.39999999999999147, 15.44670777265314676 ) ) ;
#1937 = CARTESIAN_POINT ( 'NONE',  ( 0.1329836695843903960, -12.97424855806069921, -7.354926777589128939 ) ) ;
#1938 = CARTESIAN_POINT ( 'NONE',  ( 7.500000000000002665, -13.00000000000000000, -10.00000000000000000 ) ) ;
#1939 = ORIENTED_EDGE ( 'NONE', *, *, #1730, .T. ) ;
#1940 = CARTESIAN_POINT ( 'NONE',  ( -16.19999999999999929, -31.29999999999998650, 15.61991285341003355 ) ) ;
#1941 = CARTESIAN_POINT ( 'NONE',  ( -12.70000000000000107, -8.673617379884032317E-15, -45.00000000000002842 ) ) ;
#1942 = EDGE_CURVE ( 'NONE', #3205, #9183, #657, .T. ) ;
#1943 = CARTESIAN_POINT ( 'NONE',  ( -9.050000000000013145, -31.39999999999999858, 6.150000000000002132 ) ) ;
#1944 = CARTESIAN_POINT ( 'NONE',  ( -4.766632353286920143, -2.563665498998421298E-15, -41.30069910306681180 ) ) ;
#1945 = ORIENTED_EDGE ( 'NONE', *, *, #2493, .F. ) ;
#1946 = CARTESIAN_POINT ( 'NONE',  ( -36.24999999999999289, -39.40000000000000568, 39.49999999999999289 ) ) ;
#1947 = DIRECTION ( 'NONE',  ( -9.251858538542975279E-17, -5.723103233284423621E-16, -1.000000000000000000 ) ) ;
#1948 = CARTESIAN_POINT ( 'NONE',  ( 0.1406891008902165507, -3.025656040767956689, -7.358561636617586998 ) ) ;
#1949 = CARTESIAN_POINT ( 'NONE',  ( 0.09095863857894456728, -36.40034621067576381, 2.002077264054545225 ) ) ;
#1950 = ADVANCED_FACE ( 'NONE', ( #696 ), #7873, .F. ) ;
#1951 = CARTESIAN_POINT ( 'NONE',  ( 0.1691767755036809873, -26.63285714453243358, -2.418414205006356177 ) ) ;
#1952 = CARTESIAN_POINT ( 'NONE',  ( 0.000000000000000000, -26.39999999999999858, 2.000000000000000000 ) ) ;
#1953 = CARTESIAN_POINT ( 'NONE',  ( -2.680191360388407329, -39.39999999999999147, 38.25202386655215037 ) ) ;
#1954 = CARTESIAN_POINT ( 'NONE',  ( -36.25000000000000000, -4.439344646909155431E-15, 39.50000000000000000 ) ) ;
#1955 = VECTOR ( 'NONE', #6855, 1000.000000000000000 ) ;
#1956 = CARTESIAN_POINT ( 'NONE',  ( -9.399999999999996803, -26.25000000000000355, 6.526646113673430172 ) ) ;
#1957 = CARTESIAN_POINT ( 'NONE',  ( 0.1127598613881968387, -12.54929562101763274, -7.000016390487242113 ) ) ;
#1958 = CARTESIAN_POINT ( 'NONE',  ( -19.89233838121751319, -39.40000000000001990, -37.78109700155300743 ) ) ;
#1959 = AXIS2_PLACEMENT_3D ( 'NONE', #1823, #9150, #2520 ) ;
#1960 = CARTESIAN_POINT ( 'NONE',  ( -9.399999999999996803, -26.25000000000000000, 12.47335388632657427 ) ) ;
#1961 = EDGE_CURVE ( 'NONE', #5011, #928, #1913, .T. ) ;
#1962 = ORIENTED_EDGE ( 'NONE', *, *, #6934, .T. ) ;
#1963 = CARTESIAN_POINT ( 'NONE',  ( -23.97715929082969311, -39.40000000000002700, 39.20160109292602613 ) ) ;
#1964 = CARTESIAN_POINT ( 'NONE',  ( 0.1749809614190538931, -35.89999999999999858, 2.499999999999999112 ) ) ;
#1965 = AXIS2_PLACEMENT_3D ( 'NONE', #1648, #8278, #1447 ) ;
#1966 = ORIENTED_EDGE ( 'NONE', *, *, #5289, .F. ) ;
#1967 = CARTESIAN_POINT ( 'NONE',  ( 0.09999999999999999167, -26.39999999999999858, -2.000000000000000000 ) ) ;
#1968 = CC_DESIGN_APPROVAL ( #1706, ( #7944 ) ) ;
#1969 = DIRECTION ( 'NONE',  ( 9.251858538542975279E-17, 5.723103233284423621E-16, 1.000000000000000000 ) ) ;
#1970 = FACE_OUTER_BOUND ( 'NONE', #5827, .T. ) ;
#1971 = CARTESIAN_POINT ( 'NONE',  ( -27.98906481321979456, 2.540325791621881033E-15, -39.49952840811700838 ) ) ;
#1972 = ORIENTED_EDGE ( 'NONE', *, *, #6599, .F. ) ;
#1973 = ORIENTED_EDGE ( 'NONE', *, *, #3416, .T. ) ;
#1974 = EDGE_LOOP ( 'NONE', ( #629, #2368, #2232, #1624 ) ) ;
#1975 = AXIS2_PLACEMENT_3D ( 'NONE', #2470, #1027, #3154 ) ;
#1976 = CARTESIAN_POINT ( 'NONE',  ( 0.1671941796576559280, -12.73541978954081166, -9.933099920118152681 ) ) ;
#1977 = CARTESIAN_POINT ( 'NONE',  ( 0.07258374882771981285, -26.88165067058687541, -2.503622285374214496 ) ) ;
#1978 = ORIENTED_EDGE ( 'NONE', *, *, #3508, .F. ) ;
#1979 = EDGE_CURVE ( 'NONE', #5995, #6531, #1077, .T. ) ;
#1980 = CARTESIAN_POINT ( 'NONE',  ( 0.1716225952573175173, -26.59307676289848388, 2.381285435303788667 ) ) ;
#1981 = CARTESIAN_POINT ( 'NONE',  ( 0.4397376543465725263, -26.89999999999999858, 2.500000000000000000 ) ) ;
#1982 = FACE_OUTER_BOUND ( 'NONE', #2164, .T. ) ;
#1983 = CARTESIAN_POINT ( 'NONE',  ( 7.500000000000001776, -12.49999999999999822, -9.500000000000000000 ) ) ;
#1984 = CARTESIAN_POINT ( 'NONE',  ( -3.291703119863203408, -39.39999999999999147, 39.59986350077270600 ) ) ;
#1985 = CARTESIAN_POINT ( 'NONE',  ( -14.30000000000000604, -1.751244922780715892E-15, -24.79999999999999716 ) ) ;
#1986 = EDGE_LOOP ( 'NONE', ( #2169, #7059, #974, #8104 ) ) ;
#1987 = CARTESIAN_POINT ( 'NONE',  ( 0.03864744970013572756, -36.02619505639842146, -2.521032509399735666 ) ) ;
#1988 = EDGE_CURVE ( 'NONE', #2284, #7218, #3999, .T. ) ;
#1989 = CARTESIAN_POINT ( 'NONE',  ( -6.804780700139990479, 1.778908179011854963E-15, -42.33908932069513753 ) ) ;
#1990 = VECTOR ( 'NONE', #4461, 1000.000000000000000 ) ;
#1991 = CARTESIAN_POINT ( 'NONE',  ( -9.399999999999998579, -36.54999999999999005, 12.47335388632657072 ) ) ;
#1992 = CARTESIAN_POINT ( 'NONE',  ( -6.409709885191531065, 1.692745589384566565E-15, -42.19689434229707103 ) ) ;
#1993 = CARTESIAN_POINT ( 'NONE',  ( -7.399776103849525555, -2.000000000000000888, 44.57888333135788628 ) ) ;
#1994 = B_SPLINE_CURVE_WITH_KNOTS ( 'NONE', 5,
 ( #932, #3198, #3981, #6923, #6174, #9188, #2468, #5451 ),
 .UNSPECIFIED., .F., .F.,
 ( 6, 2, 6 ),
 ( 0.000000000000000000, 0.01061253142894017995, 0.02122506285788035990 ),
 .UNSPECIFIED. ) ;
#1995 = ORIENTED_EDGE ( 'NONE', *, *, #1841, .F. ) ;
#1996 = EDGE_CURVE ( 'NONE', #9106, #2373, #3293, .T. ) ;
#1997 = CARTESIAN_POINT ( 'NONE',  ( -9.399999999999996803, -26.15000000000000213, 6.526646113673430172 ) ) ;
#1998 = CARTESIAN_POINT ( 'NONE',  ( -16.19999999999999929, -31.49999999999999289, -15.61991285341003888 ) ) ;
#1999 = CARTESIAN_POINT ( 'NONE',  ( 0.06579937986687892093, -2.997406323183254173, -7.407966381978962289 ) ) ;
#2000 = CARTESIAN_POINT ( 'NONE',  ( -9.399999999999998579, -13.15000000000000391, -2.973353886326556506 ) ) ;
#2001 = CARTESIAN_POINT ( 'NONE',  ( 0.06626598899113098073, -35.90763595362715677, -2.501272658937831128 ) ) ;
#2002 = CARTESIAN_POINT ( 'NONE',  ( -21.05518610346113206, -39.40000000000002700, 38.34432145723428675 ) ) ;
#2003 = DIRECTION ( 'NONE',  ( 0.000000000000000000, 0.000000000000000000, -1.000000000000000000 ) ) ;
#2005 = ADVANCED_FACE ( 'NONE', ( #982 ), #8710, .T. ) ;
#2004 = CARTESIAN_POINT ( 'NONE',  ( -5.665086347685035939, -37.40000000000000568, -44.05575311945899841 ) ) ;
#2006 = CARTESIAN_POINT ( 'NONE',  ( 0.1370329237248210097, -12.65318963274838460, -7.024423529011640355 ) ) ;
#2007 = AXIS2_PLACEMENT_3D ( 'NONE', #1792, #5168, #5802 ) ;
#2008 = CARTESIAN_POINT ( 'NONE',  ( -19.67141233022105595, -39.39999999999999147, -37.65631240673858571 ) ) ;
#2009 = FACE_OUTER_BOUND ( 'NONE', #3692, .T. ) ;
#2010 = CIRCLE ( 'NONE', #1430, 0.09999999999999982514 ) ;
#2011 = VECTOR ( 'NONE', #9614, 1000.000000000000000 ) ;
#2012 = CARTESIAN_POINT ( 'NONE',  ( -20.69639967502474676, -39.39999999999999147, 35.93804747937574717 ) ) ;
#2013 = CARTESIAN_POINT ( 'NONE',  ( 0.1427526436095020723, -36.36184698528545312, 2.179147017716194679 ) ) ;
#2014 = ORIENTED_EDGE ( 'NONE', *, *, #6512, .F. ) ;
#2015 = CARTESIAN_POINT ( 'NONE',  ( -9.399999999999998579, -7.999999999999988454, -5.946707772653139656 ) ) ;
#2016 = LINE ( 'NONE', #2950, #6271 ) ;
#2017 = CARTESIAN_POINT ( 'NONE',  ( 0.1133736073595634913, -3.000059770074944510, -9.549339011593982463 ) ) ;
#2018 = EDGE_CURVE ( 'NONE', #5629, #2605, #5090, .T. ) ;
#2019 = CARTESIAN_POINT ( 'NONE',  ( -9.300000000000000711, -14.53862066797603347, -25.18162966890553989 ) ) ;
#2020 = CARTESIAN_POINT ( 'NONE',  ( -16.14368759365495265, 1.751041090866774677E-15, -34.12858766958796508 ) ) ;
#2021 = ORIENTED_EDGE ( 'NONE', *, *, #8810, .T. ) ;
#2022 = VECTOR ( 'NONE', #994, 1000.000000000000000 ) ;
#2023 = ORIENTED_EDGE ( 'NONE', *, *, #1543, .F. ) ;
#2024 = VERTEX_POINT ( 'NONE', #1773 ) ;
#2025 = CARTESIAN_POINT ( 'NONE',  ( 0.09999999999999939493, -36.39999999999999858, 2.000000000000000000 ) ) ;
#2026 = CARTESIAN_POINT ( 'NONE',  ( -12.70000000000000107, -0.2524272232914868686, -44.00723796074181848 ) ) ;
#2027 = CARTESIAN_POINT ( 'NONE',  ( -16.19999999999999929, -31.49999999999999289, -3.380087146589984659 ) ) ;
#2028 = ORIENTED_EDGE ( 'NONE', *, *, #6849, .T. ) ;
#2029 = CARTESIAN_POINT ( 'NONE',  ( 0.1390187199381844874, -26.58788232164339860, 2.381485083887645793 ) ) ;
#2030 = CARTESIAN_POINT ( 'NONE',  ( -16.19999999999999929, -36.64999999999999858, 6.353441032916561149 ) ) ;
#2031 = CARTESIAN_POINT ( 'NONE',  ( 0.08023049856025875337, -12.97027360389202499, -7.269524073579890278 ) ) ;
#2032 = DIRECTION ( 'NONE',  ( 0.000000000000000000, 0.000000000000000000, -1.000000000000000000 ) ) ;
#2033 = EDGE_CURVE ( 'NONE', #6465, #8320, #5287, .T. ) ;
#2034 = CARTESIAN_POINT ( 'NONE',  ( -2.000000000000000000, -39.39999999999999858, -32.30000000000002558 ) ) ;
#2035 = DIRECTION ( 'NONE',  ( -1.000000000000000000, 0.000000000000000000, 0.000000000000000000 ) ) ;
#2036 = ORIENTED_EDGE ( 'NONE', *, *, #886, .T. ) ;
#2037 = CARTESIAN_POINT ( 'NONE',  ( 0.4397376543092829104, -36.16099332938165389, -2.446113451804906358 ) ) ;
#2038 = FACE_OUTER_BOUND ( 'NONE', #3055, .T. ) ;
#2039 = CARTESIAN_POINT ( 'NONE',  ( 0.09999999999999999167, -36.50000000000000711, 45.00000000000000000 ) ) ;
#2040 = DIRECTION ( 'NONE',  ( 1.000000000000000000, 0.000000000000000000, -0.000000000000000000 ) ) ;
#2041 = CARTESIAN_POINT ( 'NONE',  ( -2.072345566446156528, 8.173235619800738252E-14, 41.40373831867816534 ) ) ;
#2042 = EDGE_CURVE ( 'NONE', #3252, #8279, #1487, .T. ) ;
#2043 = CARTESIAN_POINT ( 'NONE',  ( -9.299999999999998934, -26.25000000000000355, 6.526646113673436389 ) ) ;
#2044 = AXIS2_PLACEMENT_3D ( 'NONE', #2689, #5668, #1201 ) ;
#2045 = DIRECTION ( 'NONE',  ( 1.224646799147353454E-16, -1.000000000000000000, 0.000000000000000000 ) ) ;
#2046 = CARTESIAN_POINT ( 'NONE',  ( 0.4397376543083739153, -2.999999999999999556, -7.467269176310513679 ) ) ;
#2047 = CARTESIAN_POINT ( 'NONE',  ( 0.08385843569887216353, -36.39341688172708444, 2.087371221743885119 ) ) ;
#2048 = CARTESIAN_POINT ( 'NONE',  ( 0.1569560365983394545, -36.13807534306443614, -2.432979193205978774 ) ) ;
#2049 = CARTESIAN_POINT ( 'NONE',  ( 0.09999999999999939493, -26.39999999999999858, -2.000000000000000000 ) ) ;
#2050 = DIRECTION ( 'NONE',  ( 1.000000000000000000, 0.000000000000000000, 0.000000000000000000 ) ) ;
#2051 = VECTOR ( 'NONE', #197, 1000.000000000000000 ) ;
#2052 = AXIS2_PLACEMENT_3D ( 'NONE', #5829, #7458, #5928 ) ;
#2053 = CARTESIAN_POINT ( 'NONE',  ( -4.802512864823794914, -37.39999999999999147, -43.65970749017534303 ) ) ;
#2054 = CARTESIAN_POINT ( 'NONE',  ( 0.1357682191625107782, -12.65396714076833895, -7.024423178017546121 ) ) ;
#2055 = CARTESIAN_POINT ( 'NONE',  ( -20.32711294325431695, -37.39999999999999147, -35.71173944433676439 ) ) ;
#2056 = DIRECTION ( 'NONE',  ( 0.000000000000000000, 0.000000000000000000, 1.000000000000000000 ) ) ;
#2057 = AXIS2_PLACEMENT_3D ( 'NONE', #5210, #7574, #5262 ) ;
#2058 = CARTESIAN_POINT ( 'NONE',  ( -21.81465500392067014, -37.40000000000001990, 36.49245609544612279 ) ) ;
#2059 = AXIS2_PLACEMENT_3D ( 'NONE', #2895, #6755, #8838 ) ;
#2060 = CARTESIAN_POINT ( 'NONE',  ( 0.1003027371078724639, -36.22838377863889292, 2.398200933765730181 ) ) ;
#2061 = ORIENTED_EDGE ( 'NONE', *, *, #3728, .F. ) ;
#2062 = CARTESIAN_POINT ( 'NONE',  ( -9.399999999999998579, -26.25000000000000000, -6.526646113673441718 ) ) ;
#2063 = EDGE_CURVE ( 'NONE', #955, #5508, #8681, .T. ) ;
#2064 = CARTESIAN_POINT ( 'NONE',  ( -9.399999999999996803, -9.388620667976091738, 16.26156800992583484 ) ) ;
#2065 = CARTESIAN_POINT ( 'NONE',  ( 0.1696058973130576963, -3.118711055076062610, -9.807220556114279120 ) ) ;
#2066 = LINE ( 'NONE', #441, #5562 ) ;
#2067 = DIRECTION ( 'NONE',  ( 0.000000000000000000, 0.000000000000000000, -1.000000000000000000 ) ) ;
#2068 = ORIENTED_EDGE ( 'NONE', *, *, #452, .F. ) ;
#2069 = ORIENTED_EDGE ( 'NONE', *, *, #7955, .F. ) ;
#2070 = ORIENTED_EDGE ( 'NONE', *, *, #7673, .T. ) ;
#2071 = DIRECTION ( 'NONE',  ( 0.000000000000000000, 0.000000000000000000, -1.000000000000000000 ) ) ;
#2072 = CARTESIAN_POINT ( 'NONE',  ( 0.3735402191875808464, -12.89983342119908905, -9.807273359987458861 ) ) ;
#2073 = CARTESIAN_POINT ( 'NONE',  ( -24.32429328848083472, -1.999999999999999556, -37.22745148858285802 ) ) ;
#2074 = EDGE_LOOP ( 'NONE', ( #3588, #9265 ) ) ;
#2075 = ADVANCED_FACE ( 'NONE', ( #3893 ), #6180, .T. ) ;
#2076 = CARTESIAN_POINT ( 'NONE',  ( 0.08501530141679325414, -26.42356973632189465, 2.188973167085034088 ) ) ;
#2077 = DIRECTION ( 'NONE',  ( 0.000000000000000000, -1.000000000000000000, 0.000000000000000000 ) ) ;
#2078 = DIRECTION ( 'NONE',  ( 1.000000000000000000, 0.000000000000000000, 0.000000000000000000 ) ) ;
#2079 = PLANE ( 'NONE',  #1296 ) ;
#2080 = CARTESIAN_POINT ( 'NONE',  ( -16.19999999999999929, -13.25000000000000000, 2.973353886326579598 ) ) ;
#2081 = DIRECTION ( 'NONE',  ( -9.251858538542975279E-17, -2.861551616642208852E-16, -1.000000000000000000 ) ) ;
#2082 = ORIENTED_EDGE ( 'NONE', *, *, #8577, .F. ) ;
#2083 = CARTESIAN_POINT ( 'NONE',  ( -14.56179938779915339, -2.620719938804805249E-15, -24.80000000000000071 ) ) ;
#2084 = ORIENTED_EDGE ( 'NONE', *, *, #297, .F. ) ;
#2085 = EDGE_CURVE ( 'NONE', #2163, #834, #7764, .T. ) ;
#2086 = CARTESIAN_POINT ( 'NONE',  ( -2.080166642105301555, -4.385255222750176251E-16, -35.30310278220859033 ) ) ;
#2087 = CARTESIAN_POINT ( 'NONE',  ( -36.24999999999999289, -37.40000000000000568, 45.00000000000000000 ) ) ;
#2088 = EDGE_CURVE ( 'NONE', #3059, #9143, #5870, .T. ) ;
#2089 = LINE ( 'NONE', #557, #3172 ) ;
#2090 = CARTESIAN_POINT ( 'NONE',  ( -5.665086347685885038, -2.000000000000000888, 44.05575311945938211 ) ) ;
#2091 = ORIENTED_EDGE ( 'NONE', *, *, #2340, .F. ) ;
#2092 = ORIENTED_EDGE ( 'NONE', *, *, #3186, .F. ) ;
#2093 = CARTESIAN_POINT ( 'NONE',  ( 0.09292064022345819518, -12.99999999999998046, -9.500000000000008882 ) ) ;
#2094 = CARTESIAN_POINT ( 'NONE',  ( -12.69999999999999929, -13.79999999999999716, 45.00000000000000000 ) ) ;
#2095 = CARTESIAN_POINT ( 'NONE',  ( -16.29999999999999716, -26.20000000000000284, 6.440043573294989443 ) ) ;
#2096 = CARTESIAN_POINT ( 'NONE',  ( 0.1744340472560672040, -36.22598706268338020, -2.363127438465602470 ) ) ;
#2097 = EDGE_CURVE ( 'NONE', #7069, #6759, #7813, .T. ) ;
#2098 = DIRECTION ( 'NONE',  ( 0.000000000000000000, 0.4999999999999929501, 0.8660254037844427044 ) ) ;
#2099 = CARTESIAN_POINT ( 'NONE',  ( -3.268341775724373122, -39.40000000000000568, -39.57658752312882910 ) ) ;
#2100 = ORIENTED_EDGE ( 'NONE', *, *, #172, .T. ) ;
#2101 = CARTESIAN_POINT ( 'NONE',  ( 0.1016644731461512491, -12.89907840114933357, -7.170740984459769152 ) ) ;
#2102 = CARTESIAN_POINT ( 'NONE',  ( -16.30000000000000071, -1.999999999999796163, -24.79999999999999716 ) ) ;
#2103 = CARTESIAN_POINT ( 'NONE',  ( -9.706514225734272472, -39.39999999999998437, -42.92058037492977718 ) ) ;
#2104 = CARTESIAN_POINT ( 'NONE',  ( -18.04236912975448703, -39.39999999999999147, 36.49004716659192837 ) ) ;
#2105 = CARTESIAN_POINT ( 'NONE',  ( 0.1729944672706049402, -36.28150857183628375, 2.307762657756534885 ) ) ;
#2106 = EDGE_LOOP ( 'NONE', ( #5402, #8703, #8704, #552 ) ) ;
#2107 = EDGE_CURVE ( 'NONE', #9438, #5629, #3218, .T. ) ;
#2108 = CARTESIAN_POINT ( 'NONE',  ( -16.29999999999999716, -7.999999999999996447, 6.146707772653154045 ) ) ;
#2109 = AXIS2_PLACEMENT_3D ( 'NONE', #3372, #5764, #8630 ) ;
#2110 = CARTESIAN_POINT ( 'NONE',  ( -9.050000000000013145, -31.39999999999999858, 9.500000000000001776 ) ) ;
#2111 = CARTESIAN_POINT ( 'NONE',  ( 0.09088851884877058307, -3.056256649089671651, -9.770724225560231346 ) ) ;
#2112 = LINE ( 'NONE', #4907, #4629 ) ;
#2113 = CARTESIAN_POINT ( 'NONE',  ( -16.29999999999999361, -37.39999999999795222, 24.80000000000001492 ) ) ;
#2114 = EDGE_CURVE ( 'NONE', #515, #6253, #6325, .T. ) ;
#2115 = VECTOR ( 'NONE', #8377, 1000.000000000000000 ) ;
#2116 = ORIENTED_EDGE ( 'NONE', *, *, #7917, .F. ) ;
#2117 = ORIENTED_EDGE ( 'NONE', *, *, #8748, .T. ) ;
#2118 = ORIENTED_EDGE ( 'NONE', *, *, #3606, .T. ) ;
#2119 = DIRECTION ( 'NONE',  ( 0.000000000000000000, 0.000000000000000000, -1.000000000000000000 ) ) ;
#2120 = CARTESIAN_POINT ( 'NONE',  ( 0.1696058973011731474, -12.80722055531802539, -9.881288944633277893 ) ) ;
#2121 = DIRECTION ( 'NONE',  ( 0.000000000000000000, 0.5000000000000008882, -0.8660254037844382635 ) ) ;
#2122 = ORIENTED_EDGE ( 'NONE', *, *, #9205, .F. ) ;
#2123 = CARTESIAN_POINT ( 'NONE',  ( 0.1179417162443179012, -26.40714685324803312, 2.068117847637993556 ) ) ;
#2124 = AXIS2_PLACEMENT_3D ( 'NONE', #8652, #9434, #9525 ) ;
#2125 = CARTESIAN_POINT ( 'NONE',  ( -12.69999999999999929, -25.59999999999999432, -45.00000000000000000 ) ) ;
#2126 = CARTESIAN_POINT ( 'NONE',  ( -9.399999999999998579, -7.999999999999991118, 5.946707772653149426 ) ) ;
#2127 = CARTESIAN_POINT ( 'NONE',  ( -2.001033483371273292, -39.39999999999999147, 33.79994063565396090 ) ) ;
#2128 = CARTESIAN_POINT ( 'NONE',  ( 0.03864744970013591491, -36.42103250939973691, -2.126195056398418881 ) ) ;
#2129 = LOCAL_TIME ( 14, 35, 29.00000000000000000, #4123 ) ;
#2130 = ORIENTED_EDGE ( 'NONE', *, *, #5505, .T. ) ;
#2131 = LINE ( 'NONE', #8914, #5758 ) ;
#2132 = ORIENTED_EDGE ( 'NONE', *, *, #4973, .T. ) ;
#2133 = CARTESIAN_POINT ( 'NONE',  ( -1.574470891349875501, -1.999999999999999112, -40.62701349782261673 ) ) ;
#2134 = CARTESIAN_POINT ( 'NONE',  ( 0.01382043241904042097, -26.35967852985255178, 2.241928820884707463 ) ) ;
#2135 = DIRECTION ( 'NONE',  ( -1.000000000000000000, 0.000000000000000000, 0.000000000000000000 ) ) ;
#2136 = CARTESIAN_POINT ( 'NONE',  ( -6.097649642597243513, -2.000000000000000888, 44.21263258263419260 ) ) ;
#2137 = EDGE_CURVE ( 'NONE', #4222, #5780, #7284, .T. ) ;
#2138 = ORIENTED_EDGE ( 'NONE', *, *, #4664, .T. ) ;
#2139 = EDGE_LOOP ( 'NONE', ( #2021, #3256, #4340, #8019 ) ) ;
#2140 = DIRECTION ( 'NONE',  ( 1.000000000000000000, -0.000000000000000000, -0.000000000000000000 ) ) ;
#2141 = DIRECTION ( 'NONE',  ( 0.000000000000000000, 0.000000000000000000, 1.000000000000000000 ) ) ;
#2142 = CARTESIAN_POINT ( 'NONE',  ( 0.09935232928749518355, -36.40000000000000568, 2.000000000000000888 ) ) ;
#2143 = CARTESIAN_POINT ( 'NONE',  ( 0.08023049856025789295, -36.37027360389203778, -2.230475926420114607 ) ) ;
#2144 = CARTESIAN_POINT ( 'NONE',  ( -0.9104873819182590644, -41.37000000000000455, -41.28025612106915787 ) ) ;
#2145 = AXIS2_PLACEMENT_3D ( 'NONE', #5245, #8247, #4503 ) ;
#2146 = CARTESIAN_POINT ( 'NONE',  ( -3.092920972346135944, -39.40000000000000568, -39.24455807234699023 ) ) ;
#2147 = ORIENTED_EDGE ( 'NONE', *, *, #6763, .F. ) ;
#2148 = CARTESIAN_POINT ( 'NONE',  ( 0.1578015486815372570, -12.91833074431228567, -7.229776528481819398 ) ) ;
#2149 = EDGE_CURVE ( 'NONE', #8849, #3136, #707, .T. ) ;
#2150 = FACE_OUTER_BOUND ( 'NONE', #3434, .T. ) ;
#2151 = CARTESIAN_POINT ( 'NONE',  ( -5.400136499227302878, -39.39999999999999147, -41.70829688013677838 ) ) ;
#2152 = CARTESIAN_POINT ( 'NONE',  ( -21.42868451647826333, -37.39999999999999147, 36.32477848776554197 ) ) ;
#2153 = CARTESIAN_POINT ( 'NONE',  ( 0.3453002292314229504, -36.37446305229489241, 2.161107829181092566 ) ) ;
#2154 = ORIENTED_EDGE ( 'NONE', *, *, #1309, .F. ) ;
#2155 = DIRECTION ( 'NONE',  ( 1.734723475976806848E-16, -1.000000000000000000, 0.000000000000000000 ) ) ;
#2156 = CYLINDRICAL_SURFACE ( 'NONE', #4556, 0.1000000000000008105 ) ;
#2157 = AXIS2_PLACEMENT_3D ( 'NONE', #8174, #9695, #9069 ) ;
#2158 = CARTESIAN_POINT ( 'NONE',  ( 0.4397376543209853272, -3.123306594103818945, -9.830413375290365963 ) ) ;
#2159 = AXIS2_PLACEMENT_3D ( 'NONE', #9250, #7121, #5644 ) ;
#2160 = CARTESIAN_POINT ( 'NONE',  ( -16.19999999999999929, -36.54999999999999005, 6.526646113673449712 ) ) ;
#2161 = ADVANCED_FACE ( 'NONE', ( #5003 ), #8551, .F. ) ;
#2162 = CARTESIAN_POINT ( 'NONE',  ( -12.69999999999999929, -39.39999999999999858, -43.00000000000000000 ) ) ;
#2163 = VERTEX_POINT ( 'NONE', #8002 ) ;
#2164 = EDGE_LOOP ( 'NONE', ( #6964, #9309, #6945 ) ) ;
#2165 = EDGE_LOOP ( 'NONE', ( #1918, #737, #1177, #8750 ) ) ;
#2166 = FACE_OUTER_BOUND ( 'NONE', #3254, .T. ) ;
#2167 = CARTESIAN_POINT ( 'NONE',  ( 0.1408989033910790778, -12.96180847436959382, -9.680029808870720842 ) ) ;
#2168 = CARTESIAN_POINT ( 'NONE',  ( -21.42868451629262694, 1.301042606982605321E-15, -36.32477848812272470 ) ) ;
#2169 = ORIENTED_EDGE ( 'NONE', *, *, #3596, .T. ) ;
#2170 = AXIS2_PLACEMENT_3D ( 'NONE', #7468, #2597, #5573 ) ;
#2171 = CARTESIAN_POINT ( 'NONE',  ( 0.1338167716049420142, -26.42581126459764107, 2.144406453311214378 ) ) ;
#2172 = FACE_OUTER_BOUND ( 'NONE', #3668, .T. ) ;
#2173 = CARTESIAN_POINT ( 'NONE',  ( 7.500000000000001776, -12.49999999999999822, -9.500000000000000000 ) ) ;
#2174 = VECTOR ( 'NONE', #5293, 1000.000000000000000 ) ;
#2175 = CARTESIAN_POINT ( 'NONE',  ( 0.4397376543209853272, -26.89999999999999858, -2.500000000000000000 ) ) ;
#2176 = AXIS2_PLACEMENT_3D ( 'NONE', #144, #3780, #5392 ) ;
#2177 = DIRECTION ( 'NONE',  ( 1.000000000000000000, 0.000000000000000000, -9.251858538542971581E-17 ) ) ;
#2178 = DIRECTION ( 'NONE',  ( 4.625929269271487639E-17, 0.8660254037844384856, 0.5000000000000002220 ) ) ;
#2179 = VERTEX_POINT ( 'NONE', #7861 ) ;
#2180 = DIRECTION ( 'NONE',  ( -1.734723475976806848E-16, 1.000000000000000000, -0.000000000000000000 ) ) ;
#2181 = ORIENTED_EDGE ( 'NONE', *, *, #1467, .T. ) ;
#2182 = CARTESIAN_POINT ( 'NONE',  ( 0.000000000000000000, -1.999999999999999112, -32.30000000000000426 ) ) ;
#2183 = DIRECTION ( 'NONE',  ( 0.000000000000000000, 0.000000000000000000, 1.000000000000000000 ) ) ;
#2184 = EDGE_CURVE ( 'NONE', #9106, #7983, #4305, .T. ) ;
#2185 = EDGE_CURVE ( 'NONE', #3614, #8836, #5712, .T. ) ;
#2186 = DIRECTION ( 'NONE',  ( 0.000000000000000000, 0.000000000000000000, -1.000000000000000000 ) ) ;
#2187 = CARTESIAN_POINT ( 'NONE',  ( -12.69999999999999751, -38.99933368479635476, -44.22909343994982123 ) ) ;
#2188 = ORIENTED_EDGE ( 'NONE', *, *, #2447, .T. ) ;
#2189 = ORIENTED_EDGE ( 'NONE', *, *, #8667, .F. ) ;
#2190 = DIRECTION ( 'NONE',  ( 0.000000000000000000, 0.000000000000000000, -1.000000000000000000 ) ) ;
#2191 = DIRECTION ( 'NONE',  ( 9.251858538542972814E-17, 0.000000000000000000, 1.000000000000000000 ) ) ;
#2192 = CARTESIAN_POINT ( 'NONE',  ( -0.0003509986184585501493, 1.611272683943875923E-13, 33.83140730194796930 ) ) ;
#2193 = CARTESIAN_POINT ( 'NONE',  ( 0.09621752899302332684, -36.33047822441947972, -2.290848375130297043 ) ) ;
#2194 = EDGE_CURVE ( 'NONE', #8749, #1669, #395, .T. ) ;
#2195 = CARTESIAN_POINT ( 'NONE',  ( 7.500000000000001776, -12.49999999999999822, -7.000000000000000000 ) ) ;
#2196 = CARTESIAN_POINT ( 'NONE',  ( -5.017937694845758578, -39.40000000000066649, -43.76563642500622109 ) ) ;
#2197 = VERTEX_POINT ( 'NONE', #7306 ) ;
#2198 = CARTESIAN_POINT ( 'NONE',  ( 0.1072703816842424940, -12.96215334064238967, -7.302262738941619702 ) ) ;
#2199 = VECTOR ( 'NONE', #2242, 1000.000000000000000 ) ;
#2200 = CYLINDRICAL_SURFACE ( 'NONE', #6281, 0.09999999999999939493 ) ;
#2201 = CARTESIAN_POINT ( 'NONE',  ( -3.940110454565441955, -39.39999999999999147, -40.53229793259613700 ) ) ;
#2202 = CARTESIAN_POINT ( 'NONE',  ( -17.77188606444534713, -37.39999999999999147, 32.94373323993341529 ) ) ;
#2203 = CARTESIAN_POINT ( 'NONE',  ( 0.1665738713024818574, -36.28146110307989147, 2.308626854608332390 ) ) ;
#2204 = EDGE_LOOP ( 'NONE', ( #9389, #1295, #7601, #1763 ) ) ;
#2205 = CARTESIAN_POINT ( 'NONE',  ( -16.19999999999999929, -2.850000000000005418, -2.973353886326579598 ) ) ;
#2206 = EDGE_CURVE ( 'NONE', #9167, #3148, #2066, .T. ) ;
#2207 = CYLINDRICAL_SURFACE ( 'NONE', #2687, 0.5000000000000004441 ) ;
#2208 = CARTESIAN_POINT ( 'NONE',  ( 0.2008050707400850510, -2.999999999999999556, -9.558241885390581061 ) ) ;
#2209 = CARTESIAN_POINT ( 'NONE',  ( -16.29999999999999716, -36.54999999999999005, -12.47335388632658493 ) ) ;
#2210 = AXIS2_PLACEMENT_3D ( 'NONE', #9194, #937, #5412 ) ;
#2211 = CARTESIAN_POINT ( 'NONE',  ( -9.300000000000002487, -2.750000000000009326, -37.50000000000000711 ) ) ;
#2212 = VECTOR ( 'NONE', #1415, 1000.000000000000000 ) ;
#2213 = VERTEX_POINT ( 'NONE', #1172 ) ;
#2214 = ORIENTED_EDGE ( 'NONE', *, *, #1566, .T. ) ;
#2215 = ORIENTED_EDGE ( 'NONE', *, *, #7131, .T. ) ;
#2216 = CARTESIAN_POINT ( 'NONE',  ( 0.09999999999999999167, -13.09999999999999964, 45.00000000000000000 ) ) ;
#2217 = CARTESIAN_POINT ( 'NONE',  ( 0.1722515828309731933, -12.80683689389040225, -9.881286525287906741 ) ) ;
#2218 = CARTESIAN_POINT ( 'NONE',  ( -28.00601872339433385, 2.602085213965210642E-15, -37.49941948624721988 ) ) ;
#2219 = ORIENTED_EDGE ( 'NONE', *, *, #3521, .T. ) ;
#2220 = CARTESIAN_POINT ( 'NONE',  ( 0.4397376543465725263, -26.46310680582287134, 2.251809490185450180 ) ) ;
#2221 = CARTESIAN_POINT ( 'NONE',  ( 0.03864744970013527653, -3.373804943601575346, -6.978967490600266110 ) ) ;
#2222 = EDGE_CURVE ( 'NONE', #8126, #1182, #6815, .T. ) ;
#2223 = AXIS2_PLACEMENT_3D ( 'NONE', #4029, #8456, #7012 ) ;
#2224 = VECTOR ( 'NONE', #7333, 1000.000000000000000 ) ;
#2225 = CARTESIAN_POINT ( 'NONE',  ( -16.29999999999999716, -26.05000000000000071, -6.468911086754479456 ) ) ;
#2226 = CARTESIAN_POINT ( 'NONE',  ( 0.07359969900738307091, -12.98231941068151407, -9.709895550182348956 ) ) ;
#2227 = CARTESIAN_POINT ( 'NONE',  ( -9.299999999999998934, -8.000000000000000000, -1.224646799147353256E-15 ) ) ;
#2228 = ORIENTED_EDGE ( 'NONE', *, *, #8956, .T. ) ;
#2229 = FACE_OUTER_BOUND ( 'NONE', #8543, .T. ) ;
#2230 = AXIS2_PLACEMENT_3D ( 'NONE', #5624, #5677, #8688 ) ;
#2231 = CARTESIAN_POINT ( 'NONE',  ( 0.04384580558761453500, -2.982797162982053329, -7.397258045330064924 ) ) ;
#2232 = ORIENTED_EDGE ( 'NONE', *, *, #63, .F. ) ;
#2233 = CARTESIAN_POINT ( 'NONE',  ( -1.476504231281438262, -39.34794535333662679, 32.30000000000000426 ) ) ;
#2234 = LINE ( 'NONE', #6686, #2796 ) ;
#2235 = EDGE_CURVE ( 'NONE', #7388, #5029, #5250, .T. ) ;
#2236 = CARTESIAN_POINT ( 'NONE',  ( -18.42732104025242990, -39.39999999999999858, 36.81632892708051230 ) ) ;
#2237 = FACE_OUTER_BOUND ( 'NONE', #363, .T. ) ;
#2238 = CARTESIAN_POINT ( 'NONE',  ( 0.000000000000000000, -37.39999999999999147, -34.43611525448112332 ) ) ;
#2239 = CARTESIAN_POINT ( 'NONE',  ( 0.01648282397482707731, -36.44287669547782116, 2.257260175387066692 ) ) ;
#2240 = VERTEX_POINT ( 'NONE', #3489 ) ;
#2241 = EDGE_CURVE ( 'NONE', #2265, #8326, #237, .T. ) ;
#2242 = DIRECTION ( 'NONE',  ( -0.000000000000000000, -0.000000000000000000, 1.000000000000000000 ) ) ;
#2243 = CARTESIAN_POINT ( 'NONE',  ( 0.3264917695474078285, -2.999999999999999556, -9.500000000000000000 ) ) ;
#2244 = CARTESIAN_POINT ( 'NONE',  ( -2.078185462881426915, -4.384036430023140043E-16, 35.27718692715715321 ) ) ;
#2245 = CARTESIAN_POINT ( 'NONE',  ( 0.1731227113248847704, -36.22611659659136762, -2.363157448623154355 ) ) ;
#2246 = LINE ( 'NONE', #3819, #7232 ) ;
#2247 = LINE ( 'NONE', #8288, #5519 ) ;
#2248 = TOROIDAL_SURFACE ( 'NONE', #7254, 0.2000000000000000111, 0.1000000000000000056 ) ;
#2249 = EDGE_LOOP ( 'NONE', ( #9331, #6015, #7567 ) ) ;
#2250 = CARTESIAN_POINT ( 'NONE',  ( 0.1189406295732368668, -12.88288647431560285, -7.181393933868769786 ) ) ;
#2251 = EDGE_CURVE ( 'NONE', #4764, #7596, #8075, .T. ) ;
#2252 = CARTESIAN_POINT ( 'NONE',  ( -16.19999999999999929, -26.14999999999999147, -12.47335388632657249 ) ) ;
#2253 = CARTESIAN_POINT ( 'NONE',  ( 0.000000000000000000, -31.39999999999999858, -9.500000000000008882 ) ) ;
#2254 = CARTESIAN_POINT ( 'NONE',  ( 0.1351142095388756792, -26.42436590371904970, -2.152768524943127648 ) ) ;
#2255 = CARTESIAN_POINT ( 'NONE',  ( 0.4397376543209871036, -36.38397811073099319, 2.129637811980200190 ) ) ;
#2256 = ORIENTED_EDGE ( 'NONE', *, *, #3215, .T. ) ;
#2257 = CARTESIAN_POINT ( 'NONE',  ( 0.4397376543092829104, -35.89999999999999858, -2.500000000000000000 ) ) ;
#2258 = DIRECTION ( 'NONE',  ( -9.251858538542972814E-17, 1.144620646656884724E-15, -1.000000000000000000 ) ) ;
#2259 = CARTESIAN_POINT ( 'NONE',  ( 0.1016644731461528034, -3.118376445252943885, -9.846713861942506085 ) ) ;
#2260 = CARTESIAN_POINT ( 'NONE',  ( -4.763130762463152479, -3.950440714397281597E-16, 41.29823339803481019 ) ) ;
#2261 = ADVANCED_FACE ( 'NONE', ( #1923 ), #534, .F. ) ;
#2262 = CARTESIAN_POINT ( 'NONE',  ( 0.06068387364306861154, -35.94415403108740037, -2.508025315978108960 ) ) ;
#2263 = CARTESIAN_POINT ( 'NONE',  ( 0.2221364571568742174, -26.78631134314867523, -2.476600314351145027 ) ) ;
#2264 = VERTEX_POINT ( 'NONE', #3535 ) ;
#2265 = VERTEX_POINT ( 'NONE', #9476 ) ;
#2266 = ORIENTED_EDGE ( 'NONE', *, *, #5773, .T. ) ;
#2267 = CARTESIAN_POINT ( 'NONE',  ( -19.67141233021929736, 8.408149603581959452E-16, 37.65631240673684488 ) ) ;
#2268 = CARTESIAN_POINT ( 'NONE',  ( 0.1750571039726192824, -12.82592607122671957, -9.863115000206484240 ) ) ;
#2269 = CARTESIAN_POINT ( 'NONE',  ( -36.24999999999999289, -39.40000000000000568, -41.24999999999999289 ) ) ;
#2270 = ORIENTED_EDGE ( 'NONE', *, *, #2241, .F. ) ;
#2271 = CARTESIAN_POINT ( 'NONE',  ( 0.1063626799216166041, -26.40002988503746906, 2.024669505796818481 ) ) ;
#2272 = FACE_OUTER_BOUND ( 'NONE', #7034, .T. ) ;
#2273 = AXIS2_PLACEMENT_3D ( 'NONE', #7061, #345, #2669 ) ;
#2274 = DIRECTION ( 'NONE',  ( -1.000000000000000000, 0.000000000000000000, -0.000000000000000000 ) ) ;
#2275 = DIRECTION ( 'NONE',  ( 0.000000000000000000, 0.000000000000000000, 1.000000000000000000 ) ) ;
#2276 = AXIS2_PLACEMENT_3D ( 'NONE', #256, #8557, #214 ) ;
#2277 = CARTESIAN_POINT ( 'NONE',  ( 0.1003027371078651503, -12.82838377863889079, -9.898200933765730625 ) ) ;
#2278 = DIRECTION ( 'NONE',  ( 9.251858538542975279E-17, 0.000000000000000000, 1.000000000000000000 ) ) ;
#2279 = EDGE_CURVE ( 'NONE', #3296, #5057, #8872, .T. ) ;
#2280 = ORIENTED_EDGE ( 'NONE', *, *, #451, .T. ) ;
#2281 = CARTESIAN_POINT ( 'NONE',  ( 0.000000000000000000, -12.47666666666667190, 34.43611525448112332 ) ) ;
#2282 = VECTOR ( 'NONE', #2710, 999.9999999999998863 ) ;
#2283 = CARTESIAN_POINT ( 'NONE',  ( 0.09999999999999939493, -3.500000000000000888, -10.00000000000000000 ) ) ;
#2284 = VERTEX_POINT ( 'NONE', #6515 ) ;
#2285 = CARTESIAN_POINT ( 'NONE',  ( -3.122793505830140592, 1.745814632021972594E-15, -39.28877359072345143 ) ) ;
#2286 = DIRECTION ( 'NONE',  ( -0.000000000000000000, -0.000000000000000000, 1.000000000000000000 ) ) ;
#2287 = CARTESIAN_POINT ( 'NONE',  ( -16.01890299810908758, -39.40000000000000568, 33.90766161894831043 ) ) ;
#2288 = LINE ( 'NONE', #9244, #3476 ) ;
#2289 = DIRECTION ( 'NONE',  ( -1.000000000000000000, 0.000000000000000000, 0.000000000000000000 ) ) ;
#2290 = VECTOR ( 'NONE', #2274, 1000.000000000000000 ) ;
#2291 = DESIGN_CONTEXT ( 'detailed design', #6632, 'design' ) ;
#2292 = CARTESIAN_POINT ( 'NONE',  ( 0.2008050707365148790, -3.441758114609327457, -7.000000000000005329 ) ) ;
#2293 = EDGE_CURVE ( 'NONE', #6189, #7642, #2662, .T. ) ;
#2294 = ORIENTED_EDGE ( 'NONE', *, *, #7891, .F. ) ;
#2295 = CYLINDRICAL_SURFACE ( 'NONE', #4700, 2.000000000000000444 ) ;
#2296 = CYLINDRICAL_SURFACE ( 'NONE', #3221, 0.1000000000000002554 ) ;
#2297 = CARTESIAN_POINT ( 'NONE',  ( -16.04757277670851678, -0.9927620392582022779, 24.80000000000000782 ) ) ;
#2298 = CARTESIAN_POINT ( 'NONE',  ( 0.1691767755107495275, -36.31841420468455084, -2.267142853974419392 ) ) ;
#2299 = DIRECTION ( 'NONE',  ( -1.000000000000000000, -1.734723475976807834E-16, 0.000000000000000000 ) ) ;
#2300 = EDGE_CURVE ( 'NONE', #46, #9167, #2112, .T. ) ;
#2301 = CARTESIAN_POINT ( 'NONE',  ( 0.000000000000000000, -2.000000000000002665, -32.30000000000001137 ) ) ;
#2302 = ORIENTED_EDGE ( 'NONE', *, *, #9453, .F. ) ;
#2303 = CARTESIAN_POINT ( 'NONE',  ( -9.299999999999998934, -31.39999999999999147, -15.44670777265315031 ) ) ;
#2304 = LINE ( 'NONE', #6114, #2174 ) ;
#2305 = CARTESIAN_POINT ( 'NONE',  ( 0.3388477039758291953, -26.39999999999999858, -2.065461647378971755 ) ) ;
#2306 = ORIENTED_EDGE ( 'NONE', *, *, #8782, .F. ) ;
#2307 = CARTESIAN_POINT ( 'NONE',  ( -9.722813072836416382, -39.39999999999999147, 42.92181453710860950 ) ) ;
#2308 = EDGE_CURVE ( 'NONE', #8279, #5752, #7258, .T. ) ;
#2309 = CARTESIAN_POINT ( 'NONE',  ( -12.69999999999999929, -37.66179938779912817, 45.00000000000000711 ) ) ;
#2310 = CARTESIAN_POINT ( 'NONE',  ( 0.4397376543209853272, -3.370362188019802030, -9.983978110730983957 ) ) ;
#2311 = DIRECTION ( 'NONE',  ( 0.000000000000000000, -0.5000000000000003331, -0.8660254037844385966 ) ) ;
#2312 = CARTESIAN_POINT ( 'NONE',  ( 0.09999999999999939493, -35.89999999999999858, -2.500000000000000000 ) ) ;
#2313 = CARTESIAN_POINT ( 'NONE',  ( 0.1338167715927773838, -26.75559354614673069, -2.474188737017684492 ) ) ;
#2314 = EDGE_LOOP ( 'NONE', ( #6127, #8229, #2306, #7516 ) ) ;
#2315 = ORIENTED_EDGE ( 'NONE', *, *, #9242, .T. ) ;
#2316 = ORIENTED_EDGE ( 'NONE', *, *, #2781, .F. ) ;
#2317 = CARTESIAN_POINT ( 'NONE',  ( -16.57254851043602528, -6.584661838828193959E-13, 29.47570671176076829 ) ) ;
#2318 = CARTESIAN_POINT ( 'NONE',  ( 0.2307051779669288261, -12.96432055849440523, -9.648618168523380945 ) ) ;
#2319 = CARTESIAN_POINT ( 'NONE',  ( -14.32297852103818236, 1.733344992594476120E-15, -26.83199425945304739 ) ) ;
#2320 = ORIENTED_EDGE ( 'NONE', *, *, #535, .T. ) ;
#2321 = CARTESIAN_POINT ( 'NONE',  ( 0.1039165408565924514, -26.40011923182221665, 2.024927306898379964 ) ) ;
#2322 = CARTESIAN_POINT ( 'NONE',  ( 0.09293989373513823760, -3.500000000000000444, -7.000000000000023981 ) ) ;
#2323 = CARTESIAN_POINT ( 'NONE',  ( 0.4397376543209867705, -12.75055851413522845, -7.066110106047750250 ) ) ;
#2324 = ADVANCED_FACE ( 'NONE', ( #1970 ), #391, .T. ) ;
#2325 = EDGE_CURVE ( 'NONE', #4010, #9438, #7956, .T. ) ;
#2326 = AXIS2_PLACEMENT_3D ( 'NONE', #7531, #9199, #6048 ) ;
#2327 = CARTESIAN_POINT ( 'NONE',  ( 0.05069417348083642139, -2.987004325426025453, -9.575741653220919858 ) ) ;
#2328 = CYLINDRICAL_SURFACE ( 'NONE', #9425, 0.1000000000000005468 ) ;
#2329 = DIRECTION ( 'NONE',  ( -0.000000000000000000, -0.000000000000000000, 1.000000000000000000 ) ) ;
#2330 = ORIENTED_EDGE ( 'NONE', *, *, #235, .F. ) ;
#2331 = AXIS2_PLACEMENT_3D ( 'NONE', #2659, #437, #1219 ) ;
#2332 = DIRECTION ( 'NONE',  ( 1.000000000000000000, 0.000000000000000000, 2.059018962583746773E-16 ) ) ;
#2333 = DIRECTION ( 'NONE',  ( 4.625929269271481476E-17, 0.8660254037844390407, 0.4999999999999995004 ) ) ;
#2334 = ORIENTED_EDGE ( 'NONE', *, *, #3470, .F. ) ;
#2335 = CIRCLE ( 'NONE', #3577, 2.000000000000001776 ) ;
#2336 = LINE ( 'NONE', #120, #2964 ) ;
#2337 =( BOUNDED_CURVE ( )  B_SPLINE_CURVE ( 3, ( #4863, #1732, #2617, #4720 ),
 .UNSPECIFIED., .F., .F. ) 
 B_SPLINE_CURVE_WITH_KNOTS ( ( 4, 4 ),
 ( 1.570796326794896558, 2.481075264823019211 ),
 .UNSPECIFIED. ) 
 CURVE ( )  GEOMETRIC_REPRESENTATION_ITEM ( )  RATIONAL_B_SPLINE_CURVE ( ( 1.000000000000000000, 0.9321331520445508279, 0.9321331520445508279, 1.000000000000000000 ) ) 
 REPRESENTATION_ITEM ( '' )  );
#2338 = CARTESIAN_POINT ( 'NONE',  ( -16.19999999999999929, -26.24999999999999289, -12.47335388632657249 ) ) ;
#2339 = DIRECTION ( 'NONE',  ( 1.000000000000000000, 0.000000000000000000, 0.000000000000000000 ) ) ;
#2340 = EDGE_CURVE ( 'NONE', #2618, #4071, #7130, .T. ) ;
#2341 = VECTOR ( 'NONE', #9158, 1000.000000000000000 ) ;
#2342 = CARTESIAN_POINT ( 'NONE',  ( -8.427769491037762961, -37.39999999999999147, -45.00000000000000711 ) ) ;
#2343 = FACE_OUTER_BOUND ( 'NONE', #931, .T. ) ;
#2344 = ORIENTED_EDGE ( 'NONE', *, *, #9696, .T. ) ;
#2345 = AXIS2_PLACEMENT_3D ( 'NONE', #7186, #5756, #8820 ) ;
#2346 = DIRECTION ( 'NONE',  ( 0.000000000000000000, 0.000000000000000000, 1.000000000000000000 ) ) ;
#2347 = CARTESIAN_POINT ( 'NONE',  ( -26.46123400584122365, -39.40000000000002700, -39.45514635760148536 ) ) ;
#2348 = DIRECTION ( 'NONE',  ( -1.000000000000000000, 0.000000000000000000, 9.251858538542972814E-17 ) ) ;
#2349 = CIRCLE ( 'NONE', #1870, 0.1000000000000000611 ) ;
#2350 = CARTESIAN_POINT ( 'NONE',  ( 0.07363297891090629654, -36.39500169653076966, -2.125185530630664843 ) ) ;
#2351 = EDGE_CURVE ( 'NONE', #246, #8, #5388, .T. ) ;
#2352 = CARTESIAN_POINT ( 'NONE',  ( 0.3264917695474066628, -35.89999999999999858, 2.500000000000000000 ) ) ;
#2353 = CARTESIAN_POINT ( 'NONE',  ( -11.19522113352659254, -39.39999999999999147, -42.99895255021279183 ) ) ;
#2354 = ORIENTED_EDGE ( 'NONE', *, *, #9079, .F. ) ;
#2355 = B_SPLINE_CURVE_WITH_KNOTS ( 'NONE', 3,
 ( #3879, #970, #6864, #1714, #9277, #4750, #8539, #1810, #4795, #1062, #148, #3972, #3145, #6121 ),
 .UNSPECIFIED., .F., .F.,
 ( 4, 2, 2, 2, 2, 2, 4 ),
 ( 0.000000000000000000, 0.1250000000000003331, 0.2500000000000006661, 0.5000000000000024425, 0.6250000000000019984, 0.7500000000000015543, 1.000000000000000000 ),
 .UNSPECIFIED. ) ;
#2356 = CARTESIAN_POINT ( 'NONE',  ( 0.003146909516469195787, -36.47071400548800568, -2.424284030405419177 ) ) ;
#2357 = CARTESIAN_POINT ( 'NONE',  ( -12.69999999999999929, -2.000000000000003109, -45.00000000000001421 ) ) ;
#2358 = CARTESIAN_POINT ( 'NONE',  ( 0.1128397414751856620, -26.40011697333878260, -2.049342832185201413 ) ) ;
#2359 = EDGE_LOOP ( 'NONE', ( #2680, #2070, #9234 ) ) ;
#2360 = CARTESIAN_POINT ( 'NONE',  ( -11.20694701886080580, -39.39999999999999147, 42.99894328986621161 ) ) ;
#2361 = DIRECTION ( 'NONE',  ( 0.000000000000000000, -1.000000000000000000, 0.000000000000000000 ) ) ;
#2362 = CARTESIAN_POINT ( 'NONE',  ( 0.1750487884985824083, -3.192438356162471180, -9.881509913856113769 ) ) ;
#2363 = DIRECTION ( 'NONE',  ( -1.000000000000000000, -1.734723475976807834E-16, 0.000000000000000000 ) ) ;
#2364 = CARTESIAN_POINT ( 'NONE',  ( 0.05208757324570723740, -35.97073460197555761, -2.512216731700560146 ) ) ;
#2365 = CARTESIAN_POINT ( 'NONE',  ( 0.1162218883184140822, -26.87481804884495062, -2.499999999999999556 ) ) ;
#2366 = B_SPLINE_CURVE_WITH_KNOTS ( 'NONE', 3,
 ( #6734, #6634, #2231, #9545, #4333, #8166, #604, #553, #4380, #2827, #1387, #1337, #1288 ),
 .UNSPECIFIED., .F., .F.,
 ( 4, 1, 2, 2, 2, 2, 4 ),
 ( 0.000000000000000000, 0.1250000000000038580, 0.1875000000000057732, 0.2500000000000077161, 0.5000000000000052180, 0.7500000000000025535, 1.000000000000000000 ),
 .UNSPECIFIED. ) ;
#2367 = ORIENTED_EDGE ( 'NONE', *, *, #2042, .T. ) ;
#2368 = ORIENTED_EDGE ( 'NONE', *, *, #1410, .F. ) ;
#2369 = CARTESIAN_POINT ( 'NONE',  ( -18.07618654038808614, -5.433699057955707761E-14, 33.45424009228302964 ) ) ;
#2370 = EDGE_CURVE ( 'NONE', #8558, #6379, #7225, .T. ) ;
#2371 = CARTESIAN_POINT ( 'NONE',  ( 0.06626598899101666940, -13.00127265893801720, -9.507635953627778136 ) ) ;
#2372 = CARTESIAN_POINT ( 'NONE',  ( -18.20230277219008741, -1.650805918745044063E-13, -33.64381477672678500 ) ) ;
#2373 = VERTEX_POINT ( 'NONE', #683 ) ;
#2374 = FACE_OUTER_BOUND ( 'NONE', #4190, .T. ) ;
#2375 = CARTESIAN_POINT ( 'NONE',  ( -9.400000000000002132, -13.25000000000002132, -37.50000000000000711 ) ) ;
#2376 = AXIS2_PLACEMENT_3D ( 'NONE', #6883, #3751, #6678 ) ;
#2377 = DIRECTION ( 'NONE',  ( -1.000000000000000000, 0.000000000000000000, 0.000000000000000000 ) ) ;
#2378 = CIRCLE ( 'NONE', #483, 0.2000000000000000944 ) ;
#2379 = CARTESIAN_POINT ( 'NONE',  ( -9.050000000000016698, -8.000000000000000000, -3.350000000000001421 ) ) ;
#2380 = DIRECTION ( 'NONE',  ( 0.000000000000000000, 0.000000000000000000, 1.000000000000000000 ) ) ;
#2381 = ORIENTED_EDGE ( 'NONE', *, *, #3896, .T. ) ;
#2382 = ADVANCED_FACE ( 'NONE', ( #2953 ), #5199, .F. ) ;
#2383 = CARTESIAN_POINT ( 'NONE',  ( -8.427769491037762961, -12.47666666666667190, 45.00000000000000711 ) ) ;
#2384 = EDGE_CURVE ( 'NONE', #6399, #2908, #1570, .T. ) ;
#2385 = CARTESIAN_POINT ( 'NONE',  ( -0.2499999999999863443, -8.000000000000000000, 3.349999999999998757 ) ) ;
#2386 = EDGE_LOOP ( 'NONE', ( #5907, #5592, #6333, #245 ) ) ;
#2387 = VECTOR ( 'NONE', #8907, 1000.000000000000000 ) ;
#2388 = CARTESIAN_POINT ( 'NONE',  ( 0.4397376543083739708, -3.053886548195094086, -7.239006670618358896 ) ) ;
#2389 = AXIS2_PLACEMENT_3D ( 'NONE', #9092, #780, #732 ) ;
#2390 = CARTESIAN_POINT ( 'NONE',  ( 0.003146909516438110409, -3.075715969594580823, -10.07071400548806395 ) ) ;
#2391 = FACE_OUTER_BOUND ( 'NONE', #691, .T. ) ;
#2392 = CARTESIAN_POINT ( 'NONE',  ( -3.719743878930847014, -37.39999999999999147, -44.08951261808173427 ) ) ;
#2393 = AXIS2_PLACEMENT_3D ( 'NONE', #2542, #1049, #2590 ) ;
#2394 = DIRECTION ( 'NONE',  ( -0.000000000000000000, 0.8660254037844309360, -0.5000000000000134337 ) ) ;
#2395 = AXIS2_PLACEMENT_3D ( 'NONE', #3202, #253, #1727 ) ;
#2396 = VERTEX_POINT ( 'NONE', #1367 ) ;
#2397 = ADVANCED_FACE ( 'NONE', ( #2905, #1468 ), #4458, .T. ) ;
#2398 = CYLINDRICAL_SURFACE ( 'NONE', #1406, 0.5000000000000000000 ) ;
#2399 = CARTESIAN_POINT ( 'NONE',  ( -28.99999999999999645, -37.39999999999863434, 37.50000000000000711 ) ) ;
#2400 = ADVANCED_FACE ( 'NONE', ( #3831 ), #8327, .T. ) ;
#2401 = CARTESIAN_POINT ( 'NONE',  ( -14.29999999999999716, -1.751244922780714709E-15, 24.80000000000001137 ) ) ;
#2402 = CARTESIAN_POINT ( 'NONE',  ( 0.1453539120318277367, -36.37437598779335701, -2.139677614495286040 ) ) ;
#2403 = AXIS2_PLACEMENT_3D ( 'NONE', #2663, #7113, #7214 ) ;
#2404 = CARTESIAN_POINT ( 'NONE',  ( -9.399999999999998579, -13.15000000000000213, 9.043185552090056340E-15 ) ) ;
#2405 = CARTESIAN_POINT ( 'NONE',  ( -16.19999999999999929, -52.19935565298213476, -15.33086570489103551 ) ) ;
#2406 = ORIENTED_EDGE ( 'NONE', *, *, #9498, .T. ) ;
#2407 = DIRECTION ( 'NONE',  ( -1.000000000000000000, 0.000000000000000000, 0.000000000000000000 ) ) ;
#2408 = CYLINDRICAL_SURFACE ( 'NONE', #1380, 0.5000000000000004441 ) ;
#2409 = EDGE_CURVE ( 'NONE', #4779, #5598, #4871, .T. ) ;
#2410 = CARTESIAN_POINT ( 'NONE',  ( 0.09822872993563010191, -26.46361132016491169, -2.269413797194962612 ) ) ;
#2411 = CARTESIAN_POINT ( 'NONE',  ( -36.25000000000000000, -2.000000000000003997, -37.49999999999999289 ) ) ;
#2412 = DIRECTION ( 'NONE',  ( 0.000000000000000000, 0.000000000000000000, 1.000000000000000000 ) ) ;
#2413 = CARTESIAN_POINT ( 'NONE',  ( 0.4397376543209853272, -3.248190509814551596, -9.936893194177129018 ) ) ;
#2414 = CARTESIAN_POINT ( 'NONE',  ( 0.06068387364402587358, -26.85584596891564857, 2.508025315977723047 ) ) ;
#2415 = DIRECTION ( 'NONE',  ( -1.224646799147353454E-16, 1.000000000000000000, -0.000000000000000000 ) ) ;
#2416 = DIRECTION ( 'NONE',  ( 0.000000000000000000, 1.000000000000000000, 0.000000000000000000 ) ) ;
#2417 = ADVANCED_FACE ( 'NONE', ( #632 ), #6615, .F. ) ;
#2418 = ORIENTED_EDGE ( 'NONE', *, *, #6028, .T. ) ;
#2419 = ORIENTED_EDGE ( 'NONE', *, *, #8956, .F. ) ;
#2420 = CARTESIAN_POINT ( 'NONE',  ( -14.29999999622353180, 4.336808694566956382E-16, 25.30551137156988162 ) ) ;
#2421 = CARTESIAN_POINT ( 'NONE',  ( 0.4397376543283821881, -12.99674658458353527, -9.565449309234397290 ) ) ;
#2422 = ORIENTED_EDGE ( 'NONE', *, *, #297, .T. ) ;
#2423 = FACE_OUTER_BOUND ( 'NONE', #7026, .T. ) ;
#2424 = DIRECTION ( 'NONE',  ( 0.000000000000000000, 0.8660254037844385966, -0.5000000000000001110 ) ) ;
#2425 = B_SPLINE_CURVE_WITH_KNOTS ( 'NONE', 3,
 ( #283, #8636, #3279, #8537, #1807, #7796 ),
 .UNSPECIFIED., .F., .F.,
 ( 4, 2, 4 ),
 ( 0.000000000000000000, 0.5000000000000000000, 1.000000000000000000 ),
 .UNSPECIFIED. ) ;
#2426 = EDGE_CURVE ( 'NONE', #8, #8849, #2822, .T. ) ;
#2427 = CARTESIAN_POINT ( 'NONE',  ( -16.19999999999999929, -13.24999999999999645, 3.146558967083469938 ) ) ;
#2428 = DIRECTION ( 'NONE',  ( -1.000000000000000000, 0.000000000000000000, 9.251858538542972814E-17 ) ) ;
#2429 = CARTESIAN_POINT ( 'NONE',  ( -26.96800574054099187, 1.796929365034182831E-15, 39.47702148009987155 ) ) ;
#2430 = ORIENTED_EDGE ( 'NONE', *, *, #6381, .F. ) ;
#2431 = CARTESIAN_POINT ( 'NONE',  ( -10.56388474551888024, 1.969999999999994866, 45.00000000000000711 ) ) ;
#2432 = CARTESIAN_POINT ( 'NONE',  ( 0.2132458847696240833, -2.999999999999999556, -7.500000000000001776 ) ) ;
#2433 = ORIENTED_EDGE ( 'NONE', *, *, #6045, .T. ) ;
#2434 = CARTESIAN_POINT ( 'NONE',  ( -16.29999999999999361, -25.59999999999905995, 24.80000000000001492 ) ) ;
#2435 = LINE ( 'NONE', #5515, #754 ) ;
#2436 = DIRECTION ( 'NONE',  ( 0.000000000000000000, -0.8660254037844383745, 0.5000000000000004441 ) ) ;
#2437 = AXIS2_PLACEMENT_3D ( 'NONE', #7579, #8217, #3115 ) ;
#2438 = CARTESIAN_POINT ( 'NONE',  ( -9.399999999999998579, -52.14935565298213760, -15.41746824526947890 ) ) ;
#2439 = CARTESIAN_POINT ( 'NONE',  ( 0.1723101775521215240, -12.82612543673905847, -7.136823734664063501 ) ) ;
#2440 = CARTESIAN_POINT ( 'NONE',  ( 0.1671941796617278930, -3.264580209954519141, -7.066900079458852346 ) ) ;
#2441 = VERTEX_POINT ( 'NONE', #2507 ) ;
#2442 = CARTESIAN_POINT ( 'NONE',  ( 0.04884188009658010227, -36.41311210697942613, -2.147236813718758075 ) ) ;
#2443 = VECTOR ( 'NONE', #9652, 1000.000000000000000 ) ;
#2444 = CARTESIAN_POINT ( 'NONE',  ( 0.4397376543083739153, -3.500000000000000888, -6.999999999999999112 ) ) ;
#2445 = CARTESIAN_POINT ( 'NONE',  ( 0.1046862460739547279, -36.40000000000000568, -2.000000000000000888 ) ) ;
#2446 = ORIENTED_EDGE ( 'NONE', *, *, #2623, .F. ) ;
#2447 = EDGE_CURVE ( 'NONE', #3603, #5906, #8556, .T. ) ;
#2448 = DIRECTION ( 'NONE',  ( 0.000000000000000000, 0.000000000000000000, 1.000000000000000000 ) ) ;
#2449 = CARTESIAN_POINT ( 'NONE',  ( -6.097649642596651098, -37.39999999999999147, -44.21263258263402207 ) ) ;
#2450 = ORIENTED_EDGE ( 'NONE', *, *, #9423, .T. ) ;
#2451 = CARTESIAN_POINT ( 'NONE',  ( 0.02671071723167737014, -36.08183937449020817, -2.530306566022534120 ) ) ;
#2452 = AXIS2_PLACEMENT_3D ( 'NONE', #5112, #5064, #4326 ) ;
#2453 = DIRECTION ( 'NONE',  ( 0.000000000000000000, 0.000000000000000000, -1.000000000000000000 ) ) ;
#2454 = CARTESIAN_POINT ( 'NONE',  ( -16.30057803079813894, -39.40000000000179625, 25.79898515783988344 ) ) ;
#2455 = CARTESIAN_POINT ( 'NONE',  ( -11.16859269805719990, -39.39999999999741220, 44.99964900138994750 ) ) ;
#2456 = CARTESIAN_POINT ( 'NONE',  ( -12.69999999999999929, -37.39999999999999147, 45.00000000000001421 ) ) ;
#2457 = EDGE_CURVE ( 'NONE', #4178, #4802, #8492, .T. ) ;
#2458 = CARTESIAN_POINT ( 'NONE',  ( 0.3512029723387424252, -3.338892170818908767, -9.974463052294900933 ) ) ;
#2459 = FACE_OUTER_BOUND ( 'NONE', #5321, .T. ) ;
#2460 = DIRECTION ( 'NONE',  ( 1.734723475976757554E-14, -1.000000000000000000, 3.469446951953515108E-14 ) ) ;
#2461 = LINE ( 'NONE', #8447, #1990 ) ;
#2462 = ORIENTED_EDGE ( 'NONE', *, *, #1078, .F. ) ;
#2463 = ORIENTED_EDGE ( 'NONE', *, *, #8629, .T. ) ;
#2464 = CARTESIAN_POINT ( 'NONE',  ( -18.54559525741742476, -2.000000000000000000, 34.11922660866519408 ) ) ;
#2465 = AXIS2_PLACEMENT_3D ( 'NONE', #7704, #3283, #7153 ) ;
#2466 = CARTESIAN_POINT ( 'NONE',  ( 0.3359469009965569963, -13.00000000000000000, -9.532730823689487210 ) ) ;
#2467 = EDGE_LOOP ( 'NONE', ( #4672, #8303, #4815, #659 ) ) ;
#2468 = CARTESIAN_POINT ( 'NONE',  ( -26.86388474551888095, -2.000000000000007105, -37.50000000000000000 ) ) ;
#2469 = CARTESIAN_POINT ( 'NONE',  ( -36.24999999999999289, -37.40000000000000568, 41.24999999999999289 ) ) ;
#2470 = CARTESIAN_POINT ( 'NONE',  ( -16.30000000000000071, -39.40000000000000568, -37.49999999999999289 ) ) ;
#2471 = EDGE_CURVE ( 'NONE', #9479, #4572, #2355, .T. ) ;
#2472 = CARTESIAN_POINT ( 'NONE',  ( -24.72776949103776545, -26.92333333332080514, -37.50000000000000000 ) ) ;
#2473 = CARTESIAN_POINT ( 'NONE',  ( -16.30000000000000071, -25.59999999999949694, -24.79999999999999716 ) ) ;
#2474 = TOROIDAL_SURFACE ( 'NONE', #891, 1.750000000000002887, 2.000000000000000444 ) ;
#2475 = CARTESIAN_POINT ( 'NONE',  ( -15.65672832091236799, 8.958381112830348552E-16, 33.20884182563364106 ) ) ;
#2476 = ORIENTED_EDGE ( 'NONE', *, *, #7401, .T. ) ;
#2477 = B_SPLINE_CURVE_WITH_KNOTS ( 'NONE', 3,
 ( #7525, #1480, #3064, #6042, #794, #5212, #4473, #9057, #2970, #2327, #4578, #746, #8212 ),
 .UNSPECIFIED., .F., .F.,
 ( 4, 2, 2, 1, 2, 2, 4 ),
 ( 0.000000000000000000, 0.2499999999999790723, 0.4999999999999581446, 0.6249999999999477085, 0.6874999999999564793, 0.7499999999999651390, 1.000000000000000000 ),
 .UNSPECIFIED. ) ;
#2478 = CYLINDRICAL_SURFACE ( 'NONE', #2276, 3.349999999999998757 ) ;
#2479 = EDGE_LOOP ( 'NONE', ( #350, #2215, #4475 ) ) ;
#2480 = CARTESIAN_POINT ( 'NONE',  ( -9.400000000000000355, -6.311379332023909328, -10.93162966890552745 ) ) ;
#2481 = ORIENTED_EDGE ( 'NONE', *, *, #7602, .F. ) ;
#2482 = CARTESIAN_POINT ( 'NONE',  ( 0.03864744970013655329, -26.77380494360158281, 2.521032509399734334 ) ) ;
#2483 = DIRECTION ( 'NONE',  ( -1.000000000000000000, 0.000000000000000000, 0.000000000000000000 ) ) ;
#2484 = CARTESIAN_POINT ( 'NONE',  ( -9.299999999999998934, -36.64999999999999858, 12.47335388632657072 ) ) ;
#2485 = DIRECTION ( 'NONE',  ( -4.625929269271484558E-17, -0.8660254037844389297, -0.4999999999999995559 ) ) ;
#2486 = CIRCLE ( 'NONE', #430, 0.09999999999999979738 ) ;
#2487 = DIRECTION ( 'NONE',  ( 0.000000000000000000, -6.938893903907270030E-14, 1.000000000000000000 ) ) ;
#2488 = CARTESIAN_POINT ( 'NONE',  ( 0.2218872429249994505, -3.387884620400265501, -7.020828238690667966 ) ) ;
#2489 = ORIENTED_EDGE ( 'NONE', *, *, #6681, .F. ) ;
#2490 = AXIS2_PLACEMENT_3D ( 'NONE', #9067, #1596, #6637 ) ;
#2491 = DIRECTION ( 'NONE',  ( 4.625929269271493802E-17, 0.8660254037844381525, 0.5000000000000007772 ) ) ;
#2492 = PLANE ( 'NONE',  #7604 ) ;
#2493 = EDGE_CURVE ( 'NONE', #8874, #4178, #7748, .T. ) ;
#2494 = CARTESIAN_POINT ( 'NONE',  ( 0.4397376543092829104, -36.39999999999999858, -2.000000000000000000 ) ) ;
#2495 = EDGE_CURVE ( 'NONE', #6718, #8219, #3281, .T. ) ;
#2496 = ORIENTED_EDGE ( 'NONE', *, *, #7030, .F. ) ;
#2497 = CARTESIAN_POINT ( 'NONE',  ( -16.19999999999999929, -26.19999999999999929, 12.55995642670501766 ) ) ;
#2498 = CARTESIAN_POINT ( 'NONE',  ( -16.19999999999999929, -31.39999999999999147, 15.44670777265314676 ) ) ;
#2499 = EDGE_LOOP ( 'NONE', ( #4053, #8932, #9407, #5341 ) ) ;
#2500 = CIRCLE ( 'NONE', #7341, 2.000000000000001776 ) ;
#2501 = CARTESIAN_POINT ( 'NONE',  ( -16.19999999999999929, -26.14999999999999858, 12.53108891324553831 ) ) ;
#2502 = EDGE_CURVE ( 'NONE', #5057, #1178, #7798, .T. ) ;
#2503 = CARTESIAN_POINT ( 'NONE',  ( 0.1744252914960448264, -26.59235793058638109, -2.381497213281888570 ) ) ;
#2504 = CARTESIAN_POINT ( 'NONE',  ( -0.0003166313705053311117, -39.39999999999999147, 33.84370733374696272 ) ) ;
#2505 = CARTESIAN_POINT ( 'NONE',  ( -16.19999999999999929, -26.14999999999999147, -12.53108891324553831 ) ) ;
#2506 = CARTESIAN_POINT ( 'NONE',  ( 0.1435055699962389242, -3.321146679308476735, -9.961826766155150281 ) ) ;
#2507 = CARTESIAN_POINT ( 'NONE',  ( 7.500000000000000000, -26.39999999999999858, 2.000000000000000000 ) ) ;
#2508 = LINE ( 'NONE', #4704, #5812 ) ;
#2509 = CARTESIAN_POINT ( 'NONE',  ( 0.05208762538303424172, -13.01221670311324985, -7.429265534659910131 ) ) ;
#2510 = ORIENTED_EDGE ( 'NONE', *, *, #2370, .T. ) ;
#2511 = EDGE_LOOP ( 'NONE', ( #9238, #1197, #8789, #3271, #702, #8254 ) ) ;
#2512 = CARTESIAN_POINT ( 'NONE',  ( -22.60251704239956538, -2.000000000000000000, 36.78072303341819094 ) ) ;
#2513 = CARTESIAN_POINT ( 'NONE',  ( 0.1533086825065935743, -12.96200106504451099, -9.674750060648838357 ) ) ;
#2514 = EDGE_LOOP ( 'NONE', ( #7870, #23, #7020, #128 ) ) ;
#2515 = ADVANCED_FACE ( 'NONE', ( #7051 ), #335, .T. ) ;
#2516 = CARTESIAN_POINT ( 'NONE',  ( -36.25000000000000000, -4.770489558936219510E-15, -41.24999999999999289 ) ) ;
#2517 = DIRECTION ( 'NONE',  ( -1.000000000000000000, -1.734723475976807834E-16, 0.000000000000000000 ) ) ;
#2518 = PERSON_AND_ORGANIZATION ( #7610, #8559 ) ;
#2519 = DIRECTION ( 'NONE',  ( 1.000000000000000000, 0.000000000000000000, 0.000000000000000000 ) ) ;
#2520 = DIRECTION ( 'NONE',  ( 0.000000000000000000, 0.5000000000000059952, -0.8660254037844352659 ) ) ;
#2521 = CARTESIAN_POINT ( 'NONE',  ( -14.45767870823777912, 8.580840700657460236E-16, 28.82698737493888075 ) ) ;
#2522 = AXIS2_PLACEMENT_3D ( 'NONE', #3864, #6691, #3714 ) ;
#2523 = ORIENTED_EDGE ( 'NONE', *, *, #2384, .F. ) ;
#2524 = FACE_OUTER_BOUND ( 'NONE', #9391, .T. ) ;
#2525 = EDGE_LOOP ( 'NONE', ( #7881, #3450, #8611, #4334 ) ) ;
#2526 = CARTESIAN_POINT ( 'NONE',  ( -16.30000000000000071, -2.000000000000001776, -24.80000000000000426 ) ) ;
#2527 = EDGE_LOOP ( 'NONE', ( #2082, #1674, #783, #9437 ) ) ;
#2528 = ADVANCED_FACE ( 'NONE', ( #3334 ), #6314, .F. ) ;
#2529 = CARTESIAN_POINT ( 'NONE',  ( 0.09871115433724611532, -26.89996218868793676, 2.500006301885341564 ) ) ;
#2530 = CARTESIAN_POINT ( 'NONE',  ( 8.000000000000001776, -12.49999999999999822, -7.500000000000000000 ) ) ;
#2531 = DIRECTION ( 'NONE',  ( 0.000000000000000000, -0.4999999999999966693, -0.8660254037844405950 ) ) ;
#2532 = DIRECTION ( 'NONE',  ( -1.000000000000000000, 0.000000000000000000, 0.000000000000000000 ) ) ;
#2533 = CARTESIAN_POINT ( 'NONE',  ( 0.08402572009916696449, -12.97694079305389714, -7.309213212710251817 ) ) ;
#2534 = CARTESIAN_POINT ( 'NONE',  ( 0.1724350523201278185, -3.173814788464104364, -7.136824556420385157 ) ) ;
#2535 = ORIENTED_EDGE ( 'NONE', *, *, #7425, .F. ) ;
#2536 = AXIS2_PLACEMENT_3D ( 'NONE', #624, #3723, #7449 ) ;
#2537 = CARTESIAN_POINT ( 'NONE',  ( 0.05903631049302436595, -36.06827857103910162, -2.505191704559111443 ) ) ;
#2538 = LINE ( 'NONE', #5523, #8868 ) ;
#2539 = ADVANCED_FACE ( 'NONE', ( #2459 ), #3479, .F. ) ;
#2540 = CARTESIAN_POINT ( 'NONE',  ( 0.2307051779637659117, -36.36432055823991050, -2.148618168756152080 ) ) ;
#2541 = ORIENTED_EDGE ( 'NONE', *, *, #2609, .F. ) ;
#2542 = CARTESIAN_POINT ( 'NONE',  ( -0.2499999999999863443, -8.000000000000000000, -1.224646799147353256E-15 ) ) ;
#2543 = B_SPLINE_CURVE_WITH_KNOTS ( 'NONE', 3,
 ( #8802, #8007, #4369, #2025 ),
 .UNSPECIFIED., .F., .F.,
 ( 4, 4 ),
 ( 0.000000000000000000, 1.000000000000000000 ),
 .UNSPECIFIED. ) ;
#2544 = ORIENTED_EDGE ( 'NONE', *, *, #7445, .F. ) ;
#2545 = EDGE_CURVE ( 'NONE', #8320, #4082, #8444, .T. ) ;
#2546 = CARTESIAN_POINT ( 'NONE',  ( 0.03864744970013606756, -36.42103250939974401, -2.126195056398417993 ) ) ;
#2547 = CARTESIAN_POINT ( 'NONE',  ( 0.000000000000000000, -37.39999999999999147, 32.30000000000000426 ) ) ;
#2548 = AXIS2_PLACEMENT_3D ( 'NONE', #2405, #5340, #4645 ) ;
#2549 = CARTESIAN_POINT ( 'NONE',  ( 0.09491475995918149944, -26.47073916815262606, -2.290388960447745426 ) ) ;
#2550 = CARTESIAN_POINT ( 'NONE',  ( -17.32958393999118485, 1.778368981032809365E-15, -35.77949595102167279 ) ) ;
#2551 = CARTESIAN_POINT ( 'NONE',  ( -3.596261678820441787, -37.39999999999997726, 42.92765443739244802 ) ) ;
#2552 = DIRECTION ( 'NONE',  ( -0.000000000000000000, -0.8660254037844395958, -0.4999999999999983902 ) ) ;
#2553 = CARTESIAN_POINT ( 'NONE',  ( 0.4397376543209853272, -3.123306594103818945, -9.830413375290365963 ) ) ;
#2554 = CARTESIAN_POINT ( 'NONE',  ( 0.09999999999999939493, -26.89999999999999858, 2.500000000000000000 ) ) ;
#2555 = ADVANCED_FACE ( 'NONE', ( #5579 ), #8993, .F. ) ;
#2556 = CARTESIAN_POINT ( 'NONE',  ( -16.32151497008040764, -37.39999999999474767, -26.74881965076225754 ) ) ;
#2557 = DIRECTION ( 'NONE',  ( 4.336808689942144743E-15, -0.8660254037844320463, -0.5000000000000115463 ) ) ;
#2558 = ORIENTED_EDGE ( 'NONE', *, *, #1599, .F. ) ;
#2559 = CARTESIAN_POINT ( 'NONE',  ( -21.40840182633404254, -2.000000000000000000, 36.31542124928430582 ) ) ;
#2560 = CARTESIAN_POINT ( 'NONE',  ( 0.09935232928749432313, -35.89999999999999858, 2.499999999999999112 ) ) ;
#2561 = ORIENTED_EDGE ( 'NONE', *, *, #5246, .T. ) ;
#2562 = CYLINDRICAL_SURFACE ( 'NONE', #1223, 0.1000000000000002554 ) ;
#2563 = CARTESIAN_POINT ( 'NONE',  ( -16.19999999999999929, -36.64999999999999858, -6.353441032916561149 ) ) ;
#2564 = APPROVAL_DATE_TIME ( #3344, #9100 ) ;
#2565 = CARTESIAN_POINT ( 'NONE',  ( -0.2499999999999932832, -31.39999999999999858, -9.500000000000008882 ) ) ;
#2566 = EDGE_CURVE ( 'NONE', #9183, #1471, #3997, .T. ) ;
#2567 = EDGE_CURVE ( 'NONE', #9099, #4998, #1895, .T. ) ;
#2568 = CARTESIAN_POINT ( 'NONE',  ( 0.07258392864181556492, -35.91834885745533512, 2.503622235101784277 ) ) ;
#2569 = AXIS2_PLACEMENT_3D ( 'NONE', #2675, #5113, #8668 ) ;
#2570 = CARTESIAN_POINT ( 'NONE',  ( -16.53710567919363328, 8.855912339896154490E-16, 34.75303614985018896 ) ) ;
#2571 = VERTEX_POINT ( 'NONE', #996 ) ;
#2572 = CARTESIAN_POINT ( 'NONE',  ( -29.00000000000000000, -3.551475717527324818E-15, 39.50000000000001421 ) ) ;
#2573 = ORIENTED_EDGE ( 'NONE', *, *, #6193, .F. ) ;
#2574 = CARTESIAN_POINT ( 'NONE',  ( 0.1371207144729559013, -12.65145029648816610, -9.975575966829900665 ) ) ;
#2575 = DIRECTION ( 'NONE',  ( 1.000000000000000000, 0.000000000000000000, 0.000000000000000000 ) ) ;
#2576 = ORIENTED_EDGE ( 'NONE', *, *, #2936, .T. ) ;
#2577 = CARTESIAN_POINT ( 'NONE',  ( 0.1549889034941825672, -26.66134011900123824, 2.432932655778488051 ) ) ;
#2578 = CARTESIAN_POINT ( 'NONE',  ( 0.03864744970013742065, -3.373804943601586892, -10.02103250939973478 ) ) ;
#2579 = DIRECTION ( 'NONE',  ( -4.336808689942160993E-14, 0.8660254037844309360, 0.5000000000000134337 ) ) ;
#2580 = DIRECTION ( 'NONE',  ( 0.000000000000000000, 0.000000000000000000, 1.000000000000000000 ) ) ;
#2581 = EDGE_CURVE ( 'NONE', #620, #2213, #1634, .T. ) ;
#2582 = CARTESIAN_POINT ( 'NONE',  ( -29.00000000000000355, -0.7709065600501735505, -37.90066631520362961 ) ) ;
#2583 = CARTESIAN_POINT ( 'NONE',  ( 0.1733580002442023649, -3.239518298205410929, -7.083580437832925014 ) ) ;
#2584 = VERTEX_POINT ( 'NONE', #8066 ) ;
#2585 = CARTESIAN_POINT ( 'NONE',  ( 0.000000000000000000, -13.09999999999999964, -6.900000000000003020 ) ) ;
#2586 = DIRECTION ( 'NONE',  ( 0.000000000000000000, -0.8660254037844352659, 0.5000000000000058842 ) ) ;
#2587 = FACE_BOUND ( 'NONE', #8108, .T. ) ;
#2588 = VERTEX_POINT ( 'NONE', #2771 ) ;
#2589 = AXIS2_PLACEMENT_3D ( 'NONE', #8778, #4985, #564 ) ;
#2590 = DIRECTION ( 'NONE',  ( 0.000000000000000000, 0.000000000000000000, 1.000000000000000000 ) ) ;
#2591 = EDGE_CURVE ( 'NONE', #9081, #4096, #3601, .T. ) ;
#2592 = AXIS2_PLACEMENT_3D ( 'NONE', #1554, #668, #563 ) ;
#2593 = CARTESIAN_POINT ( 'NONE',  ( -9.399999999999998579, -36.59999999999999432, 12.55995642670501589 ) ) ;
#2594 = CARTESIAN_POINT ( 'NONE',  ( -9.400000000000000355, -31.39999999999999147, -15.44670777265315387 ) ) ;
#2595 = CARTESIAN_POINT ( 'NONE',  ( 0.1533086825067972725, -3.037998934540948159, -7.325249938957227869 ) ) ;
#2596 = CARTESIAN_POINT ( 'NONE',  ( 0.1563214125062994397, -26.46703764014316818, -2.238254576641214300 ) ) ;
#2597 = DIRECTION ( 'NONE',  ( 0.000000000000000000, 0.000000000000000000, -1.000000000000000000 ) ) ;
#2598 = AXIS2_PLACEMENT_3D ( 'NONE', #7111, #8051, #7163 ) ;
#2599 = CARTESIAN_POINT ( 'NONE',  ( 0.000000000000000000, -37.39999999999999147, 32.30000000000000426 ) ) ;
#2600 = CARTESIAN_POINT ( 'NONE',  ( 9.797174393178823685E-16, -12.49999999999999822, -7.500000000000000000 ) ) ;
#2601 = DIRECTION ( 'NONE',  ( 0.000000000000000000, 0.000000000000000000, 1.000000000000000000 ) ) ;
#2602 = CARTESIAN_POINT ( 'NONE',  ( 0.1614010338692263569, -12.76377162315495184, -7.083824346120625393 ) ) ;
#2603 = CARTESIAN_POINT ( 'NONE',  ( -26.96800574054871902, -39.40000000000002700, -39.47702147896005442 ) ) ;
#2604 = CARTESIAN_POINT ( 'NONE',  ( 0.05749250404668500986, -13.00942868302191258, -7.447082827387417225 ) ) ;
#2605 = VERTEX_POINT ( 'NONE', #2080 ) ;
#2606 = CARTESIAN_POINT ( 'NONE',  ( -29.00000000000000000, -39.39999999999998437, 37.50000000000002132 ) ) ;
#2607 = CARTESIAN_POINT ( 'NONE',  ( 0.1083385950302321737, -35.95015865966962565, 2.499609593041527855 ) ) ;
#2608 = ORIENTED_EDGE ( 'NONE', *, *, #7955, .T. ) ;
#2609 = EDGE_CURVE ( 'NONE', #987, #7388, #5649, .T. ) ;
#2610 = CARTESIAN_POINT ( 'NONE',  ( -0.2524272232914844816, -38.40723796074180285, -32.30000000000000426 ) ) ;
#2611 = COORDINATED_UNIVERSAL_TIME_OFFSET ( 8, 0, .BEHIND. ) ;
#2612 = CARTESIAN_POINT ( 'NONE',  ( -29.00000000000000355, -26.92333333332080514, -37.50000000000000000 ) ) ;
#2613 = CARTESIAN_POINT ( 'NONE',  ( 0.05425713968124275949, -35.96247028420219749, 2.510933753147462699 ) ) ;
#2614 = DIRECTION ( 'NONE',  ( 1.000000000000000000, 0.000000000000000000, 0.000000000000000000 ) ) ;
#2615 = CIRCLE ( 'NONE', #2776, 3.599999999999992095 ) ;
#2616 = ORIENTED_EDGE ( 'NONE', *, *, #7539, .F. ) ;
#2617 = CARTESIAN_POINT ( 'NONE',  ( 0.01382043241904012086, -2.959678529852546980, -7.258071179115293425 ) ) ;
#2618 = VERTEX_POINT ( 'NONE', #5115 ) ;
#2619 = CARTESIAN_POINT ( 'NONE',  ( 0.1358053004076208437, -12.65233061440370577, -9.975615647369536987 ) ) ;
#2620 = CARTESIAN_POINT ( 'NONE',  ( -9.399999999999996803, -26.14999999999999858, 12.47335388632657427 ) ) ;
#2621 = ORIENTED_EDGE ( 'NONE', *, *, #181, .T. ) ;
#2622 = EDGE_CURVE ( 'NONE', #4862, #8749, #5750, .T. ) ;
#2623 = EDGE_CURVE ( 'NONE', #3560, #7171, #4443, .T. ) ;
#2624 = CARTESIAN_POINT ( 'NONE',  ( 0.1612748992953894345, -26.63605836859887077, 2.416181748377713934 ) ) ;
#2625 = CARTESIAN_POINT ( 'NONE',  ( -9.399999999999998579, -36.54999999999999005, 6.526646113673449712 ) ) ;
#2626 = FACE_OUTER_BOUND ( 'NONE', #5632, .T. ) ;
#2627 = AXIS2_PLACEMENT_3D ( 'NONE', #8589, #7147, #5623 ) ;
#2628 = CARTESIAN_POINT ( 'NONE',  ( -10.56388474551888024, -2.000000000000001776, -45.00000000000000711 ) ) ;
#2629 = CARTESIAN_POINT ( 'NONE',  ( 0.1298916660904939901, -12.97421220080523874, -7.353214033316916698 ) ) ;
#2630 = CARTESIAN_POINT ( 'NONE',  ( 0.1750487884860663090, -3.118490085858127259, -7.192438355638365088 ) ) ;
#2631 = VERTEX_POINT ( 'NONE', #2034 ) ;
#2632 = CARTESIAN_POINT ( 'NONE',  ( -16.19999999999999929, -31.39999999999999147, -15.44670777265315031 ) ) ;
#2633 = CARTESIAN_POINT ( 'NONE',  ( -7.457732342074226750, -2.000000000000001776, -44.59161677867732720 ) ) ;
#2634 = CARTESIAN_POINT ( 'NONE',  ( -9.399999999999998579, -36.54999999999999005, -6.526646113673447935 ) ) ;
#2635 = EDGE_CURVE ( 'NONE', #7834, #2264, #5702, .T. ) ;
#2636 = CIRCLE ( 'NONE', #5912, 3.349999999999997868 ) ;
#2637 = VECTOR ( 'NONE', #6332, 1000.000000000000000 ) ;
#2638 = CARTESIAN_POINT ( 'NONE',  ( -29.00000000000000000, 1.969999999999993090, 37.50000000000001421 ) ) ;
#2639 = DIRECTION ( 'NONE',  ( -1.000000000000000000, 0.000000000000000000, 0.000000000000000000 ) ) ;
#2640 = LINE ( 'NONE', #5484, #4678 ) ;
#2641 = CARTESIAN_POINT ( 'NONE',  ( 0.4397376543083738598, -3.063106805822870982, -7.248190509814549820 ) ) ;
#2642 = CARTESIAN_POINT ( 'NONE',  ( 0.1716225952206781591, -26.51871456474384559, -2.306923242428801757 ) ) ;
#2643 = CARTESIAN_POINT ( 'NONE',  ( 0.1096714448634292238, -35.89999999999999858, -2.500000000000000000 ) ) ;
#2644 = EDGE_CURVE ( 'NONE', #987, #8915, #5018, .T. ) ;
#2645 = CARTESIAN_POINT ( 'NONE',  ( -3.402406068245039439, -39.39999999999999147, 39.78499114578862361 ) ) ;
#2646 = AXIS2_PLACEMENT_3D ( 'NONE', #3325, #373, #6210 ) ;
#2647 = CARTESIAN_POINT ( 'NONE',  ( 0.03864744970013687941, -3.373804943601586004, -10.02103250939973300 ) ) ;
#2648 = CARTESIAN_POINT ( 'NONE',  ( 0.4397376543209853272, -3.013013661665843834, -9.630873942179640324 ) ) ;
#2649 = AXIS2_PLACEMENT_3D ( 'NONE', #8440, #3918, #3187 ) ;
#2650 = CARTESIAN_POINT ( 'NONE',  ( 0.1350936906720817121, -12.65435043312920804, -7.024413399359159982 ) ) ;
#2651 = CARTESIAN_POINT ( 'NONE',  ( -20.85626676006729951, -37.40000000000001279, -36.02811393555500530 ) ) ;
#2652 = DIRECTION ( 'NONE',  ( 1.000000000000000000, -0.000000000000000000, -0.000000000000000000 ) ) ;
#2653 = ORIENTED_EDGE ( 'NONE', *, *, #8864, .T. ) ;
#2654 = AXIS2_PLACEMENT_3D ( 'NONE', #8675, #416, #3507 ) ;
#2655 = FACE_OUTER_BOUND ( 'NONE', #1440, .T. ) ;
#2656 = CARTESIAN_POINT ( 'NONE',  ( 0.1614010338790525800, -36.16377162411644974, 2.416175653533499279 ) ) ;
#2657 = EDGE_LOOP ( 'NONE', ( #2036, #1628 ) ) ;
#2658 = ADVANCED_FACE ( 'NONE', ( #5165 ), #8017, .F. ) ;
#2659 = CARTESIAN_POINT ( 'NONE',  ( -9.399999999999998579, -26.25000000000000711, -2.852898717442218726E-14 ) ) ;
#2660 = DATE_TIME_ROLE ( 'creation_date' ) ;
#2661 = CARTESIAN_POINT ( 'NONE',  ( 0.03864744970013792719, -26.77380494360158991, -2.521032509399734334 ) ) ;
#2662 = LINE ( 'NONE', #6469, #6493 ) ;
#2663 = CARTESIAN_POINT ( 'NONE',  ( -50.00000000000000711, -2.000000000000008882, 39.50000000000000000 ) ) ;
#2664 = EDGE_CURVE ( 'NONE', #2605, #6541, #9637, .T. ) ;
#2665 = ORIENTED_EDGE ( 'NONE', *, *, #2114, .F. ) ;
#2666 = DIRECTION ( 'NONE',  ( 1.000000000000000000, 0.000000000000000000, -0.000000000000000000 ) ) ;
#2667 = EDGE_LOOP ( 'NONE', ( #977, #9544, #5145, #2294 ) ) ;
#2668 = VERTEX_POINT ( 'NONE', #9542 ) ;
#2669 = DIRECTION ( 'NONE',  ( 0.000000000000000000, 0.000000000000000000, -1.000000000000000000 ) ) ;
#2670 = CYLINDRICAL_SURFACE ( 'NONE', #9688, 2.000000000000000000 ) ;
#2671 = ORIENTED_EDGE ( 'NONE', *, *, #7727, .T. ) ;
#2672 = CARTESIAN_POINT ( 'NONE',  ( 0.1292045091548725544, -26.62697615776112059, 2.416138530255179884 ) ) ;
#2673 = CARTESIAN_POINT ( 'NONE',  ( -3.252606517456513302E-16, -13.09999999999999964, -10.09999999999999964 ) ) ;
#2674 = CARTESIAN_POINT ( 'NONE',  ( -16.29999999999999716, -13.24999999999999645, 3.146558967083469938 ) ) ;
#2675 = CARTESIAN_POINT ( 'NONE',  ( -16.19999999999999929, -26.25000000000000000, 6.526646113673430172 ) ) ;
#2676 = AXIS2_PLACEMENT_3D ( 'NONE', #1998, #1250, #8776 ) ;
#2677 = ADVANCED_FACE ( 'NONE', ( #5894 ), #8910, .F. ) ;
#2678 = CARTESIAN_POINT ( 'NONE',  ( 0.1173859082316375535, -12.99294492525670641, -7.429897151027718749 ) ) ;
#2679 = CARTESIAN_POINT ( 'NONE',  ( -16.19999999999999929, -26.14999999999999503, 12.64655896708346106 ) ) ;
#2680 = ORIENTED_EDGE ( 'NONE', *, *, #5266, .T. ) ;
#2681 = CYLINDRICAL_SURFACE ( 'NONE', #5294, 0.09999999999999999167 ) ;
#2682 = CARTESIAN_POINT ( 'NONE',  ( -9.399999999999998579, -13.15000000000000391, -2.973353886326558282 ) ) ;
#2683 = DIRECTION ( 'NONE',  ( 0.000000000000000000, 2.602085213965208275E-15, 1.000000000000000000 ) ) ;
#2684 = DIRECTION ( 'NONE',  ( 0.000000000000000000, -0.4999999999999966693, -0.8660254037844405950 ) ) ;
#2685 = EDGE_CURVE ( 'NONE', #4118, #3054, #7717, .T. ) ;
#2686 = VECTOR ( 'NONE', #162, 1000.000000000000000 ) ;
#2687 = AXIS2_PLACEMENT_3D ( 'NONE', #1465, #4456, #729 ) ;
#2688 = DIRECTION ( 'NONE',  ( -1.000000000000000000, 0.000000000000000000, 0.000000000000000000 ) ) ;
#2689 = CARTESIAN_POINT ( 'NONE',  ( -9.399999999999998579, -31.39999999999998437, 3.553292227346872778 ) ) ;
#2690 = CARTESIAN_POINT ( 'NONE',  ( 0.1408989033924190892, -3.038191525242055935, -7.319970190772195018 ) ) ;
#2691 = CARTESIAN_POINT ( 'NONE',  ( 0.1869766347881527402, -36.39404000903231662, 2.046363626495709909 ) ) ;
#2692 = CARTESIAN_POINT ( 'NONE',  ( 0.1750571039711535382, -26.53688499812233559, -2.325926071642313353 ) ) ;
#2693 = CARTESIAN_POINT ( 'NONE',  ( 0.1428912506633679413, -36.04721201863864621, -2.475364034409286873 ) ) ;
#2694 = CIRCLE ( 'NONE', #8175, 0.09999999999999982514 ) ;
#2695 = CARTESIAN_POINT ( 'NONE',  ( -0.5257922005524775511, -39.39999999999999147, 38.03587610623257831 ) ) ;
#2696 = CIRCLE ( 'NONE', #5036, 0.5000000000000000000 ) ;
#2697 = CARTESIAN_POINT ( 'NONE',  ( -3.469446951953615175E-16, -37.39999999999999858, -43.00000000000000000 ) ) ;
#2698 = B_SPLINE_CURVE_WITH_KNOTS ( 'NONE', 5,
 ( #4106, #8435, #1709, #3274, #6950, #7092, #6255, #2547 ),
 .UNSPECIFIED., .F., .F.,
 ( 6, 2, 6 ),
 ( 0.000000000000000000, 0.01044518010512799494, 0.02089036021025598988 ),
 .UNSPECIFIED. ) ;
#2699 = CARTESIAN_POINT ( 'NONE',  ( -16.29999999999999716, -2.850000000000005418, -2.973353886326579598 ) ) ;
#2700 = CARTESIAN_POINT ( 'NONE',  ( 0.09871229422087302030, -12.50003774406991042, -6.999993709321687518 ) ) ;
#2701 = EDGE_CURVE ( 'NONE', #1669, #4915, #549, .T. ) ;
#2702 = AXIS2_PLACEMENT_3D ( 'NONE', #3685, #9620, #6661 ) ;
#2703 = CARTESIAN_POINT ( 'NONE',  ( -25.18851900011541289, -37.40000000000001990, -37.35215164630866269 ) ) ;
#2704 = PLANE ( 'NONE',  #2465 ) ;
#2705 = EDGE_LOOP ( 'NONE', ( #1043, #2576, #7347, #1574, #6785, #9357 ) ) ;
#2706 = CARTESIAN_POINT ( 'NONE',  ( -24.30166560860298475, -2.000000000000000000, 37.22329248497935339 ) ) ;
#2707 = CARTESIAN_POINT ( 'NONE',  ( 0.08483888523066768217, -35.96733571695872200, 2.496915456641286113 ) ) ;
#2708 = ORIENTED_EDGE ( 'NONE', *, *, #2085, .T. ) ;
#2709 = FACE_OUTER_BOUND ( 'NONE', #4319, .T. ) ;
#2710 = DIRECTION ( 'NONE',  ( 4.625929269271475313E-17, -0.8660254037844393737, 0.4999999999999988898 ) ) ;
#2711 = EDGE_CURVE ( 'NONE', #1413, #834, #2842, .T. ) ;
#2712 = CARTESIAN_POINT ( 'NONE',  ( 0.000000000000000000, -26.38465067839979739, 2.585891553599945158 ) ) ;
#2713 = EDGE_LOOP ( 'NONE', ( #4127, #6273, #8742, #9679 ) ) ;
#2714 = ORIENTED_EDGE ( 'NONE', *, *, #2969, .F. ) ;
#2715 = ORIENTED_EDGE ( 'NONE', *, *, #6798, .F. ) ;
#2716 = CARTESIAN_POINT ( 'NONE',  ( 0.1292045091305734639, -12.77302384565266280, -9.916138529754009667 ) ) ;
#2717 = LINE ( 'NONE', #7073, #5600 ) ;
#2718 = VERTEX_POINT ( 'NONE', #747 ) ;
#2719 = CARTESIAN_POINT ( 'NONE',  ( 0.1205805181789676855, -26.56646650303776624, 2.365410872144618537 ) ) ;
#2720 = CARTESIAN_POINT ( 'NONE',  ( -29.00000000000000355, -1.999999999999865663, -37.49999999999999289 ) ) ;
#2721 = DIRECTION ( 'NONE',  ( 0.000000000000000000, 0.000000000000000000, 1.000000000000000000 ) ) ;
#2722 = LINE ( 'NONE', #3548, #1774 ) ;
#2723 = CARTESIAN_POINT ( 'NONE',  ( -3.029954680100003461, -39.39999999999999858, 39.09951369564186052 ) ) ;
#2724 = DIRECTION ( 'NONE',  ( 0.000000000000000000, 0.5000000000000134337, 0.8660254037844309360 ) ) ;
#2725 = ORIENTED_EDGE ( 'NONE', *, *, #6109, .T. ) ;
#2726 = CYLINDRICAL_SURFACE ( 'NONE', #7921, 0.09999999999999997780 ) ;
#2727 = DIRECTION ( 'NONE',  ( 1.734723475976807834E-16, -1.000000000000000000, -0.000000000000000000 ) ) ;
#2728 = CARTESIAN_POINT ( 'NONE',  ( -14.30000000000000249, -1.751244922780715498E-15, -24.12999999999999901 ) ) ;
#2729 = EDGE_CURVE ( 'NONE', #5380, #2240, #3066, .T. ) ;
#2730 = DIRECTION ( 'NONE',  ( 1.000000000000000000, -0.000000000000000000, -9.251858538542972814E-17 ) ) ;
#2731 = CARTESIAN_POINT ( 'NONE',  ( -7.469808004127488132, -9.115611924859931314E-16, 42.53771855267142143 ) ) ;
#2732 = LINE ( 'NONE', #8828, #6963 ) ;
#2733 = CARTESIAN_POINT ( 'NONE',  ( 0.03864744970013615083, -2.978967490600263002, -7.373804943601579787 ) ) ;
#2734 = CARTESIAN_POINT ( 'NONE',  ( 0.1057754479059657415, -3.000055335726726113, -7.475309678251277568 ) ) ;
#2735 = CARTESIAN_POINT ( 'NONE',  ( 0.1038505127581244303, -36.39996457595929513, 2.024887712179511023 ) ) ;
#2736 = CARTESIAN_POINT ( 'NONE',  ( 0.3550498684094368640, -26.64819050981454751, -2.436893194177129018 ) ) ;
#2737 = CARTESIAN_POINT ( 'NONE',  ( 0.07490148841600269281, -36.11035177685005237, -2.483538730382879312 ) ) ;
#2738 = VECTOR ( 'NONE', #6453, 1000.000000000000000 ) ;
#2739 = EDGE_CURVE ( 'NONE', #6084, #8279, #4716, .T. ) ;
#2740 = DIRECTION ( 'NONE',  ( -1.000000000000000000, 0.000000000000000000, 9.251858538542972814E-17 ) ) ;
#2741 = EDGE_CURVE ( 'NONE', #5029, #1776, #4524, .T. ) ;
#2742 = CARTESIAN_POINT ( 'NONE',  ( -16.29999999999999716, -2.750000000000003109, -3.146558967083470826 ) ) ;
#2743 = CIRCLE ( 'NONE', #9478, 2.000000000000001776 ) ;
#2744 = CARTESIAN_POINT ( 'NONE',  ( -36.25000000000000000, 0.000000000000000000, -41.24999999999999289 ) ) ;
#2745 = CARTESIAN_POINT ( 'NONE',  ( 0.1064843488393840965, -12.55123626899960065, -7.000766003313559693 ) ) ;
#2746 = CARTESIAN_POINT ( 'NONE',  ( -18.18995933486650074, -37.40000000000001990, -33.62575522587106036 ) ) ;
#2747 = VECTOR ( 'NONE', #4032, 1000.000000000000000 ) ;
#2748 = DIRECTION ( 'NONE',  ( -0.000000000000000000, -0.8660254037844309360, -0.5000000000000134337 ) ) ;
#2749 = CARTESIAN_POINT ( 'NONE',  ( -19.04696385011185455, -39.39999999999999147, 37.26289432084625730 ) ) ;
#2750 = CARTESIAN_POINT ( 'NONE',  ( 0.4397376543209871036, -36.33689319417712937, 2.251809490185450180 ) ) ;
#2751 = ORIENTED_EDGE ( 'NONE', *, *, #7161, .F. ) ;
#2752 = CARTESIAN_POINT ( 'NONE',  ( -16.20000000000000284, -26.05000000000002913, -37.50000000000000000 ) ) ;
#2753 = EDGE_CURVE ( 'NONE', #5296, #4779, #6092, .T. ) ;
#2754 = AXIS2_PLACEMENT_3D ( 'NONE', #1140, #7176, #5699 ) ;
#2755 = CARTESIAN_POINT ( 'NONE',  ( 0.07920148355732127554, -3.005162444259347865, -9.621968448684881992 ) ) ;
#2756 = DIRECTION ( 'NONE',  ( -1.000000000000000000, 0.000000000000000000, 0.000000000000000000 ) ) ;
#2757 = CARTESIAN_POINT ( 'NONE',  ( -8.298711459883702202E-05, -26.34925189548187063, 2.550748104517249093 ) ) ;
#2758 =( BOUNDED_CURVE ( )  B_SPLINE_CURVE ( 3, ( #6051, #1444, #2134, #121 ),
 .UNSPECIFIED., .F., .F. ) 
 B_SPLINE_CURVE_WITH_KNOTS ( ( 4, 4 ),
 ( 1.570796326794896558, 2.481075264823028981 ),
 .UNSPECIFIED. ) 
 CURVE ( )  GEOMETRIC_REPRESENTATION_ITEM ( )  RATIONAL_B_SPLINE_CURVE ( ( 1.000000000000000000, 0.9321331520445494956, 0.9321331520445494956, 1.000000000000000000 ) ) 
 REPRESENTATION_ITEM ( '' )  );
#2759 = ORIENTED_EDGE ( 'NONE', *, *, #7380, .T. ) ;
#2760 = ORIENTED_EDGE ( 'NONE', *, *, #869, .F. ) ;
#2761 = VERTEX_POINT ( 'NONE', #1587 ) ;
#2762 = CARTESIAN_POINT ( 'NONE',  ( 0.1016644731461546214, -36.29907840114933748, 2.329259015540232181 ) ) ;
#2763 = CARTESIAN_POINT ( 'NONE',  ( -12.70000000000000107, -2.607167411648736444E-15, -43.26179938779917222 ) ) ;
#2764 = CARTESIAN_POINT ( 'NONE',  ( -25.20987741619219236, -2.159072813291451465E-13, -37.35451617825798820 ) ) ;
#2765 = VERTEX_POINT ( 'NONE', #5268 ) ;
#2766 = CARTESIAN_POINT ( 'NONE',  ( 0.1227745131879930257, -26.84963609769021886, 2.499999999999999556 ) ) ;
#2767 = CARTESIAN_POINT ( 'NONE',  ( 0.09999999999999939493, -2.999999999999999556, -7.000000000000000000 ) ) ;
#2768 = ADVANCED_FACE ( 'NONE', ( #1435 ), #2328, .T. ) ;
#2769 = DIRECTION ( 'NONE',  ( 0.000000000000000000, -0.8660254037844385966, 0.5000000000000000000 ) ) ;
#2770 = CARTESIAN_POINT ( 'NONE',  ( -0.2499999999999932832, -31.39999999999999858, -6.150000000000010125 ) ) ;
#2771 = CARTESIAN_POINT ( 'NONE',  ( 8.000000000000001776, -12.49999999999999822, -9.500000000000000000 ) ) ;
#2772 = CARTESIAN_POINT ( 'NONE',  ( -16.29999999999999716, -31.34999999999999432, -3.351219633130502640 ) ) ;
#2773 = EDGE_LOOP ( 'NONE', ( #6064, #6103, #4177, #5948 ) ) ;
#2774 = FACE_OUTER_BOUND ( 'NONE', #9617, .T. ) ;
#2775 = DIRECTION ( 'NONE',  ( 0.000000000000000000, 0.000000000000000000, 1.000000000000000000 ) ) ;
#2776 = AXIS2_PLACEMENT_3D ( 'NONE', #4441, #3176, #267 ) ;
#2777 = CARTESIAN_POINT ( 'NONE',  ( -9.299999999999998934, -2.849999999999997424, 2.973353886326576934 ) ) ;
#2778 = FACE_OUTER_BOUND ( 'NONE', #910, .T. ) ;
#2779 = CARTESIAN_POINT ( 'NONE',  ( -12.69999999999999929, 0.000000000000000000, 43.00000000000000000 ) ) ;
#2780 = CYLINDRICAL_SURFACE ( 'NONE', #854, 0.5000000000000000000 ) ;
#2781 = EDGE_CURVE ( 'NONE', #4130, #5176, #814, .T. ) ;
#2782 = DIRECTION ( 'NONE',  ( -1.000000000000000000, 0.000000000000000000, 0.000000000000000000 ) ) ;
#2783 = CARTESIAN_POINT ( 'NONE',  ( 0.07359969900738608239, -3.017680589318487705, -7.290104449817653709 ) ) ;
#2784 = CARTESIAN_POINT ( 'NONE',  ( -16.19999999999999929, -7.999999999999988454, -6.046707772653141078 ) ) ;
#2785 = CARTESIAN_POINT ( 'NONE',  ( 0.1236206407584555800, -36.14963558077188566, -2.432519965763074499 ) ) ;
#2786 = AXIS2_PLACEMENT_3D ( 'NONE', #6188, #6932, #3900 ) ;
#2787 = CARTESIAN_POINT ( 'NONE',  ( -18.04236912976946883, -39.39999999999999858, 36.49004716657004366 ) ) ;
#2788 = B_SPLINE_SURFACE_WITH_KNOTS ( 'NONE', 5, 3, ( 
 ( #1590, #3562, #4476, #1486 ),
 ( #6141, #3160, #9012, #2431 ),
 ( #7480, #751, #2383, #1638 ),
 ( #68, #2836, #5814, #6542 ),
 ( #3754, #5996, #4582, #6733 ),
 ( #3803, #4628, #7627, #9063 ),
 ( #849, #21, #2281, #5271 ),
 ( #1297, #3851, #8268, #6095 ) ),
 .UNSPECIFIED., .F., .F., .F.,
 ( 6, 2, 6 ),
 ( 4, 4 ),
 ( 0.000000000000000000, 0.5000000000000000000, 1.000000000000000000 ),
 ( -0.04136999999999999705, 0.001969999999999999963 ),
 .UNSPECIFIED. ) ;
#2789 = CARTESIAN_POINT ( 'NONE',  ( 0.000000000000000000, -26.92333333333333556, -32.30000000000000426 ) ) ;
#2790 = CARTESIAN_POINT ( 'NONE',  ( -0.08428178000986408236, -37.39999999999999147, -35.44642790131015175 ) ) ;
#2791 = CARTESIAN_POINT ( 'NONE',  ( 0.09667965127050658081, -12.50031668594337653, -6.999947219009439614 ) ) ;
#2792 = EDGE_CURVE ( 'NONE', #7834, #6379, #4428, .T. ) ;
#2793 = AXIS2_PLACEMENT_3D ( 'NONE', #2015, #2853, #7455 ) ;
#2794 = CARTESIAN_POINT ( 'NONE',  ( -24.30166560860379832, -37.39999999999997726, -37.22329248497953103 ) ) ;
#2795 = DIRECTION ( 'NONE',  ( 0.000000000000000000, 0.000000000000000000, 1.000000000000000000 ) ) ;
#2796 = VECTOR ( 'NONE', #8322, 1000.000000000000000 ) ;
#2797 = AXIS2_PLACEMENT_3D ( 'NONE', #6066, #1563, #5967 ) ;
#2798 = CARTESIAN_POINT ( 'NONE',  ( -20.87617123085940207, -37.39999999999999147, 36.03902228368286842 ) ) ;
#2799 = CARTESIAN_POINT ( 'NONE',  ( 0.08023049856026194526, -36.37027360389203778, 2.230475926420107502 ) ) ;
#2800 = ORIENTED_EDGE ( 'NONE', *, *, #4715, .F. ) ;
#2801 = CARTESIAN_POINT ( 'NONE',  ( 0.03864744970013547082, -2.978967490600262558, -7.373804943601583339 ) ) ;
#2802 = AXIS2_PLACEMENT_3D ( 'NONE', #1464, #2901, #4261 ) ;
#2803 = PLANE ( 'NONE',  #1896 ) ;
#2804 = CARTESIAN_POINT ( 'NONE',  ( 0.1569560366120484607, -3.067020806695143431, -9.738075345649802372 ) ) ;
#2805 = DIRECTION ( 'NONE',  ( 0.000000000000000000, -4.336808689942025625E-15, 1.000000000000000000 ) ) ;
#2806 = CIRCLE ( 'NONE', #5615, 3.349999999999997868 ) ;
#2807 = CARTESIAN_POINT ( 'NONE',  ( -15.66802192142787220, 1.763370501806074565E-15, -33.23335317893524632 ) ) ;
#2808 = EDGE_CURVE ( 'NONE', #8849, #7617, #9256, .T. ) ;
#2809 = ORIENTED_EDGE ( 'NONE', *, *, #9226, .F. ) ;
#2810 = AXIS2_PLACEMENT_3D ( 'NONE', #171, #5420, #8417 ) ;
#2811 = ORIENTED_EDGE ( 'NONE', *, *, #4771, .T. ) ;
#2812 = EDGE_LOOP ( 'NONE', ( #4027, #720, #6143, #666, #4006, #1369 ) ) ;
#2813 = CARTESIAN_POINT ( 'NONE',  ( -9.399999999999998579, -26.25000000000000000, -6.526646113673440830 ) ) ;
#2814 = CARTESIAN_POINT ( 'NONE',  ( 0.3593798439604564132, -12.75055851413522490, -9.933889893952246197 ) ) ;
#2815 = CARTESIAN_POINT ( 'NONE',  ( -21.81465500391933077, -1.999999999999999556, -36.49245609544562541 ) ) ;
#2816 = ORIENTED_EDGE ( 'NONE', *, *, #1040, .F. ) ;
#2817 = CARTESIAN_POINT ( 'NONE',  ( 0.08846250423361262660, -26.43480795661006510, 2.220585613015551019 ) ) ;
#2818 = CARTESIAN_POINT ( 'NONE',  ( 0.02117323960651464401, -12.99593927393125803, -9.995939273931465863 ) ) ;
#2819 = LINE ( 'NONE', #1479, #4944 ) ;
#2820 = FACE_BOUND ( 'NONE', #1610, .T. ) ;
#2821 =( BOUNDED_CURVE ( )  B_SPLINE_CURVE ( 3, ( #3226, #8382, #9031, #914 ),
 .UNSPECIFIED., .F., .T. ) 
 B_SPLINE_CURVE_WITH_KNOTS ( ( 4, 4 ),
 ( 1.570796326794893893, 2.481075264822997894 ),
 .UNSPECIFIED. ) 
 CURVE ( )  GEOMETRIC_REPRESENTATION_ITEM ( )  RATIONAL_B_SPLINE_CURVE ( ( 1.000000000000000000, 0.9321331520445537144, 0.9321331520445537144, 1.000000000000000000 ) ) 
 REPRESENTATION_ITEM ( '' )  );
#2822 = B_SPLINE_CURVE_WITH_KNOTS ( 'NONE', 3,
 ( #6218, #241, #286, #6955, #9139, #4703, #1619, #3235, #4609, #9231 ),
 .UNSPECIFIED., .F., .F.,
 ( 4, 2, 2, 2, 4 ),
 ( 0.000000000000000000, 0.2500000000000000000, 0.5000000000000000000, 0.7500000000000000000, 1.000000000000000000 ),
 .UNSPECIFIED. ) ;
#2823 = CARTESIAN_POINT ( 'NONE',  ( 0.4397376543209871591, -13.00000000000000000, -7.500000000000000000 ) ) ;
#2824 = CARTESIAN_POINT ( 'NONE',  ( -28.99999999999999645, -39.40000000000000568, -39.49999999999999289 ) ) ;
#2825 = ADVANCED_FACE ( 'NONE', ( #9151 ), #3937, .T. ) ;
#2826 = ORIENTED_EDGE ( 'NONE', *, *, #923, .T. ) ;
#2827 = CARTESIAN_POINT ( 'NONE',  ( 0.07258374882805655737, -2.996377714625857891, -7.481650670588897434 ) ) ;
#2828 = CARTESIAN_POINT ( 'NONE',  ( -0.08646258833208943229, 0.000000000000000000, -35.47510096518199418 ) ) ;
#2829 = DIRECTION ( 'NONE',  ( 0.000000000000000000, 0.000000000000000000, 1.000000000000000000 ) ) ;
#2830 = CARTESIAN_POINT ( 'NONE',  ( 7.500000000000001776, -36.39999999999999858, 2.000000000000000000 ) ) ;
#2831 = CARTESIAN_POINT ( 'NONE',  ( -12.69999999999999929, 6.938893903907225222E-15, 45.00000000000000000 ) ) ;
#2832 = ORIENTED_EDGE ( 'NONE', *, *, #8437, .T. ) ;
#2833 = EDGE_CURVE ( 'NONE', #5896, #1122, #5993, .T. ) ;
#2834 = EDGE_LOOP ( 'NONE', ( #5020, #4408, #5946, #3706 ) ) ;
#2835 = B_SPLINE_CURVE_WITH_KNOTS ( 'NONE', 3,
 ( #4781, #7882, #3505, #6393, #9354, #365, #1095, #508, #3364, #5610, #3413, #7832, #7184 ),
 .UNSPECIFIED., .F., .F.,
 ( 4, 1, 2, 2, 2, 2, 4 ),
 ( 0.000000000000000000, 0.1250000000000070499, 0.1875000000000114075, 0.2500000000000157652, 0.5000000000000104361, 0.7500000000000052180, 1.000000000000000000 ),
 .UNSPECIFIED. ) ;
#2836 = CARTESIAN_POINT ( 'NONE',  ( -3.719743878930847458, -26.92333333333333911, 44.08951261808173427 ) ) ;
#2837 = CARTESIAN_POINT ( 'NONE',  ( 0.07258374882425434882, -13.00362228537496634, -9.518349329415393356 ) ) ;
#2838 = CARTESIAN_POINT ( 'NONE',  ( -9.400000000000002132, -36.64999999999999858, -37.49999999999999289 ) ) ;
#2839 = CARTESIAN_POINT ( 'NONE',  ( 0.09872149370914574951, -36.39979010368110579, 2.026656766527080489 ) ) ;
#2840 = DIRECTION ( 'NONE',  ( -1.000000000000000000, 0.000000000000000000, 0.000000000000000000 ) ) ;
#2841 = CARTESIAN_POINT ( 'NONE',  ( 9.797174393178823685E-16, -13.00000000000000000, -7.000000000000000000 ) ) ;
#2842 = CIRCLE ( 'NONE', #4396, 0.09999999999999939493 ) ;
#2843 = EDGE_CURVE ( 'NONE', #544, #9251, #7959, .T. ) ;
#2844 = CIRCLE ( 'NONE', #7226, 1.750000000000001554 ) ;
#2845 = CARTESIAN_POINT ( 'NONE',  ( -0.7639767357834206241, -37.40000000000000568, -38.83332840478053782 ) ) ;
#2846 = CARTESIAN_POINT ( 'NONE',  ( 0.1252200261900573430, -12.77477120926526943, -7.083282695926368611 ) ) ;
#2847 = DIRECTION ( 'NONE',  ( 1.000000000000000000, 0.000000000000000000, 0.000000000000000000 ) ) ;
#2848 = DIRECTION ( 'NONE',  ( -0.000000000000000000, -0.000000000000000000, 1.000000000000000000 ) ) ;
#2849 = CIRCLE ( 'NONE', #1903, 2.000000000000000000 ) ;
#2850 = CARTESIAN_POINT ( 'NONE',  ( -18.55989158856693066, -39.39999999999999147, 34.13703812745050215 ) ) ;
#2851 = CARTESIAN_POINT ( 'NONE',  ( 0.1742930184629440937, -36.28153098579097957, 2.307596320576264848 ) ) ;
#2852 = ORIENTED_EDGE ( 'NONE', *, *, #3818, .F. ) ;
#2853 = DIRECTION ( 'NONE',  ( 1.000000000000000000, -0.000000000000000000, 0.000000000000000000 ) ) ;
#2854 = LINE ( 'NONE', #5197, #323 ) ;
#2855 = CARTESIAN_POINT ( 'NONE',  ( 0.1377446656052365714, -3.024444790601197752, -9.651012888406430790 ) ) ;
#2856 = CIRCLE ( 'NONE', #809, 3.600000000000006750 ) ;
#2857 = DIRECTION ( 'NONE',  ( -1.761140584748027917E-16, 1.000000000000000000, -3.626221859772017350E-32 ) ) ;
#2858 = CIRCLE ( 'NONE', #4104, 3.599999999999992095 ) ;
#2859 = CARTESIAN_POINT ( 'NONE',  ( -18.42732104025242279, 1.785313048227174011E-15, -36.81632892708049809 ) ) ;
#2860 = ORIENTED_EDGE ( 'NONE', *, *, #3533, .F. ) ;
#2861 = VERTEX_POINT ( 'NONE', #4670 ) ;
#2862 = VERTEX_POINT ( 'NONE', #210 ) ;
#2863 = DIRECTION ( 'NONE',  ( -1.000000000000000000, 0.000000000000000000, 0.000000000000000000 ) ) ;
#2864 = CARTESIAN_POINT ( 'NONE',  ( 0.3735402191875806799, -12.83041337529036596, -9.876693405896181943 ) ) ;
#2865 = CARTESIAN_POINT ( 'NONE',  ( -19.68077339125938963, 1.734723475976807094E-15, -35.25440474268231839 ) ) ;
#2866 = VERTEX_POINT ( 'NONE', #6182 ) ;
#2867 = CARTESIAN_POINT ( 'NONE',  ( 0.1173425529723424454, -26.40713722409161690, 2.068398878590723022 ) ) ;
#2868 = LINE ( 'NONE', #8159, #6278 ) ;
#2869 = CYLINDRICAL_SURFACE ( 'NONE', #3384, 2.000000000000000000 ) ;
#2870 = ADVANCED_FACE ( 'NONE', ( #8409 ), #6928, .F. ) ;
#2871 = DIRECTION ( 'NONE',  ( 1.000000000000000000, -0.000000000000000000, -0.000000000000000000 ) ) ;
#2872 = CARTESIAN_POINT ( 'NONE',  ( -11.19471413771618273, -39.39999999999999858, 42.99896802002778884 ) ) ;
#2873 = DIRECTION ( 'NONE',  ( 0.000000000000000000, 1.000000000000000000, 0.000000000000000000 ) ) ;
#2874 = ORIENTED_EDGE ( 'NONE', *, *, #3774, .T. ) ;
#2875 = B_SPLINE_CURVE_WITH_KNOTS ( 'NONE', 3,
 ( #7564, #8200, #5932, #6665, #8149, #4416, #8250, #4365, #8944, #7461 ),
 .UNSPECIFIED., .F., .F.,
 ( 4, 2, 2, 2, 4 ),
 ( 0.000000000000000000, 0.2500000000000000000, 0.5000000000000000000, 0.7500000000000000000, 1.000000000000000000 ),
 .UNSPECIFIED. ) ;
#2876 = CARTESIAN_POINT ( 'NONE',  ( -14.82349576871856733, -0.05205464666337123597, -24.80000000000000071 ) ) ;
#2877 = ORIENTED_EDGE ( 'NONE', *, *, #3348, .F. ) ;
#2878 = B_SPLINE_SURFACE_WITH_KNOTS ( 'NONE', 3, 3, ( 
 ( #1564, #6706, #3778, #4603, #6907, #2997, #871, #8985, #6020, #7504, #4552, #1710 ),
 ( #825, #4697, #4651, #9037, #3140, #2358, #7600, #3874, #7651, #919, #2305, #5295 ),
 ( #6859, #9711, #6115, #2254, #9133, #3185, #6809, #8243, #93, #1510, #4500, #3090 ),
 ( #9086, #2410, #6161, #9175, #375, #2596, #9272, #8533, #3328, #1011, #3375, #8633 ),
 ( #2549, #6258, #4014, #6354, #5572, #8486, #5530, #9364, #7144, #278, #1802, #4062 ),
 ( #4789, #7695, #3275, #5485, #3966, #2642, #423, #966, #7793, #6951, #6997, #8585 ),
 ( #236, #7841, #3231, #1055, #4744, #7044, #2692, #9414, #328, #8683, #5620, #6309 ),
 ( #9318, #1854, #4841, #1105, #6212, #2503, #9225, #1900, #1756, #4109, #7094, #7743 ),
 ( #4890, #7892, #1154, #4155, #3424, #6403, #5671, #1951, #4205, #472, #2736, #3472 ),
 ( #1204, #4938, #5719, #8730, #7938, #7196, #6454, #9460, #7660, #3098, #1668, #8995 ),
 ( #878, #5399, #3737, #734, #2313, #8251, #8397, #6768, #7565, #2263, #926, #781 ),
 ( #4564, #9182, #3052, #53, #5305, #5445, #9141, #3787, #3882, #6078, #9093, #5354 ),
 ( #3006, #5252, #6716, #4658, #1519, #6030, #1622, #4510, #2365, #833, #5, #9046 ),
 ( #3926, #8302, #6917, #1572, #3833, #6817, #7513, #199, #6868, #8351, #101, #4611 ) ),
 .UNSPECIFIED., .F., .F., .F.,
 ( 4, 2, 2, 2, 2, 2, 4 ),
 ( 4, 2, 2, 2, 2, 4 ),
 ( 0.000000000000000000, 0.2499999999999994449, 0.3750000000000001110, 0.5000000000000007772, 0.7499999999999998890, 0.8750000000000000000, 1.000000000000000000 ),
 ( 0.000000000000000000, 0.2906416537798515165, 0.2973477540456492263, 0.3033705427111297315, 0.3469098837916841371, 1.000000000000000000 ),
 .UNSPECIFIED. ) ;
#2879 = CARTESIAN_POINT ( 'NONE',  ( 1.301042606982605518E-15, 2.602085213965209853E-15, -32.29999999999999716 ) ) ;
#2880 = CARTESIAN_POINT ( 'NONE',  ( 0.02671071723195186931, -26.71816062550987425, -2.530306566022320514 ) ) ;
#2881 = EDGE_CURVE ( 'NONE', #3362, #8938, #6434, .T. ) ;
#2882 = CARTESIAN_POINT ( 'NONE',  ( -9.300000000000000711, -31.39999999999999858, -9.500000000000008882 ) ) ;
#2883 = CARTESIAN_POINT ( 'NONE',  ( -2.789444085685785613, -4.150982691010221452E-16, 38.55514143963595330 ) ) ;
#2884 = EDGE_LOOP ( 'NONE', ( #9267, #4039, #8826, #5691 ) ) ;
#2885 = ORIENTED_EDGE ( 'NONE', *, *, #7280, .T. ) ;
#2886 = DIRECTION ( 'NONE',  ( 0.000000000000000000, -1.000000000000000000, 0.000000000000000000 ) ) ;
#2887 = DIRECTION ( 'NONE',  ( 0.000000000000000000, 0.000000000000000000, 1.000000000000000000 ) ) ;
#2888 = CARTESIAN_POINT ( 'NONE',  ( 0.4397376543209871036, -36.39999999999999858, 2.032730823689487210 ) ) ;
#2889 = CARTESIAN_POINT ( 'NONE',  ( 0.1626308742617069980, -36.16354480678306516, -2.416186471178889850 ) ) ;
#2890 = EDGE_CURVE ( 'NONE', #1165, #2861, #1408, .T. ) ;
#2891 = DIRECTION ( 'NONE',  ( -0.000000000000000000, 0.8660254037844352659, -0.5000000000000058842 ) ) ;
#2892 = CARTESIAN_POINT ( 'NONE',  ( -0.9203436447628912109, -39.40000000000000568, -39.27322454440484734 ) ) ;
#2893 = ORIENTED_EDGE ( 'NONE', *, *, #4100, .T. ) ;
#2894 = CARTESIAN_POINT ( 'NONE',  ( 0.1742971921286929904, -12.82593639116232787, -7.136868093774241473 ) ) ;
#2895 = CARTESIAN_POINT ( 'NONE',  ( -9.399999999999998579, -2.849999999999999201, -2.973353886326573381 ) ) ;
#2896 = CARTESIAN_POINT ( 'NONE',  ( -6.414047175871577799, -39.39999999999998437, -42.19855296411800794 ) ) ;
#2897 = CARTESIAN_POINT ( 'NONE',  ( -16.89272086312105614, -39.39999999999998437, 30.77764948095376596 ) ) ;
#2898 = CARTESIAN_POINT ( 'NONE',  ( 0.1695599920187415011, -36.20712798350547246, 2.381311450952148245 ) ) ;
#2899 = ORIENTED_EDGE ( 'NONE', *, *, #2502, .T. ) ;
#2900 = AXIS2_PLACEMENT_3D ( 'NONE', #1991, #4975, #9405 ) ;
#2901 = DIRECTION ( 'NONE',  ( 1.224646799147353454E-16, -1.000000000000000000, 0.000000000000000000 ) ) ;
#2902 = AXIS2_PLACEMENT_3D ( 'NONE', #561, #986, #5549 ) ;
#2903 = LINE ( 'NONE', #8146, #2212 ) ;
#2904 = CARTESIAN_POINT ( 'NONE',  ( 0.1802054849860678931, -3.136972578419503943, -9.825424753626959884 ) ) ;
#2905 = FACE_BOUND ( 'NONE', #2074, .T. ) ;
#2906 = PLANE ( 'NONE',  #7067 ) ;
#2907 = AXIS2_PLACEMENT_3D ( 'NONE', #713, #1699, #8329 ) ;
#2908 = VERTEX_POINT ( 'NONE', #6462 ) ;
#2909 = EDGE_CURVE ( 'NONE', #8874, #5540, #2335, .T. ) ;
#2910 = ORIENTED_EDGE ( 'NONE', *, *, #4702, .F. ) ;
#2911 = VERTEX_POINT ( 'NONE', #1213 ) ;
#2912 = CARTESIAN_POINT ( 'NONE',  ( -9.399999999999998579, -1.161379332023929845, 2.011568009925848166 ) ) ;
#2913 = ADVANCED_FACE ( 'NONE', ( #2009 ), #7994, .T. ) ;
#2914 = CARTESIAN_POINT ( 'NONE',  ( 0.4397376543283821881, -12.89983342119909260, -9.807273359987458861 ) ) ;
#2915 = CARTESIAN_POINT ( 'NONE',  ( -20.87617123095223803, 1.301042606982605321E-15, -36.03902228350426640 ) ) ;
#2916 = VERTEX_POINT ( 'NONE', #4306 ) ;
#2917 = CARTESIAN_POINT ( 'NONE',  ( 0.1617473519535144177, -26.48166321555338243, 2.269232036896004612 ) ) ;
#2918 = DIRECTION ( 'NONE',  ( 0.000000000000000000, 0.000000000000000000, -1.000000000000000000 ) ) ;
#2919 = CARTESIAN_POINT ( 'NONE',  ( 0.03864744970013618552, -13.02103250939973655, -7.373804943601585116 ) ) ;
#2920 = CARTESIAN_POINT ( 'NONE',  ( -9.299999999999998934, 0.5750000000000013989, 0.9959292143521070173 ) ) ;
#2921 = DIRECTION ( 'NONE',  ( 1.000000000000000000, -0.000000000000000000, -0.000000000000000000 ) ) ;
#2922 = CARTESIAN_POINT ( 'NONE',  ( -36.25000000000000000, -2.000000000000004441, -41.24999999999999289 ) ) ;
#2923 = VERTEX_POINT ( 'NONE', #6656 ) ;
#2924 = ADVANCED_FACE ( 'NONE', ( #4948 ), #7947, .T. ) ;
#2925 = CARTESIAN_POINT ( 'NONE',  ( 0.4397376543092829659, -36.34611345180491071, -2.260993329381641548 ) ) ;
#2926 = EDGE_LOOP ( 'NONE', ( #2147, #41, #5525, #9340 ) ) ;
#2927 = CARTESIAN_POINT ( 'NONE',  ( -0.7873674173653542052, -1.999999999999999112, -38.90235035740131764 ) ) ;
#2928 = CARTESIAN_POINT ( 'NONE',  ( -16.29999999999999716, -26.05000000000000426, 6.526646113673430172 ) ) ;
#2929 = CARTESIAN_POINT ( 'NONE',  ( -16.29999999999999716, -2.649999999999999467, -2.973353886326579598 ) ) ;
#2930 = CARTESIAN_POINT ( 'NONE',  ( -3.092920972345964969, -4.522634688873814513E-16, 39.24455807234568283 ) ) ;
#2931 = ORIENTED_EDGE ( 'NONE', *, *, #3110, .T. ) ;
#2932 = VERTEX_POINT ( 'NONE', #527 ) ;
#2933 = CIRCLE ( 'NONE', #3087, 0.5000000000000004441 ) ;
#2934 = DIRECTION ( 'NONE',  ( 0.000000000000000000, -0.5000000000000059952, 0.8660254037844352659 ) ) ;
#2935 = CARTESIAN_POINT ( 'NONE',  ( 0.4397376543083739153, -2.999999999999999556, -7.500000000000000000 ) ) ;
#2936 = EDGE_CURVE ( 'NONE', #3086, #4915, #5142, .T. ) ;
#2937 = DIRECTION ( 'NONE',  ( 9.251858538542971581E-17, 0.000000000000000000, 1.000000000000000000 ) ) ;
#2938 = CARTESIAN_POINT ( 'NONE',  ( 0.1003027371078684254, -36.22838377863889292, -2.398200933765731957 ) ) ;
#2939 = AXIS2_PLACEMENT_3D ( 'NONE', #1111, #1059, #1906 ) ;
#2940 = CARTESIAN_POINT ( 'NONE',  ( -2.399702474170831046, -37.40000000000000568, -41.81629578334839437 ) ) ;
#2941 = ORIENTED_EDGE ( 'NONE', *, *, #3762, .T. ) ;
#2942 = CARTESIAN_POINT ( 'NONE',  ( 0.1414602451955424001, -12.96183803262800005, -7.320261989126763957 ) ) ;
#2943 = DIRECTION ( 'NONE',  ( 0.000000000000000000, 0.000000000000000000, -1.000000000000000000 ) ) ;
#2944 = LINE ( 'NONE', #7297, #8920 ) ;
#2945 = ADVANCED_FACE ( 'NONE', ( #6507 ), #9514, .T. ) ;
#2946 = CARTESIAN_POINT ( 'NONE',  ( -20.69639967515568202, -37.39999999999999147, 35.93804747916144038 ) ) ;
#2947 = CARTESIAN_POINT ( 'NONE',  ( 0.2423862401277462053, -36.31910909923221453, 2.246085372108574063 ) ) ;
#2948 = ORIENTED_EDGE ( 'NONE', *, *, #5521, .T. ) ;
#2949 = CARTESIAN_POINT ( 'NONE',  ( 0.4397376543283821881, -13.00000000000000000, -9.500000000000000000 ) ) ;
#2950 = CARTESIAN_POINT ( 'NONE',  ( -9.050000000000013145, -31.39999999999999858, 12.84999999999999964 ) ) ;
#2951 = CARTESIAN_POINT ( 'NONE',  ( 0.2218872429266760538, -3.020828238614870376, -9.612115379504272639 ) ) ;
#2952 = AXIS2_PLACEMENT_3D ( 'NONE', #1940, #2586, #4143 ) ;
#2953 = FACE_OUTER_BOUND ( 'NONE', #8398, .T. ) ;
#2954 = CIRCLE ( 'NONE', #3734, 0.09999999999999982514 ) ;
#2955 = CARTESIAN_POINT ( 'NONE',  ( 0.04294649156253627087, -36.00615461848409637, -2.517692436414015855 ) ) ;
#2957 = ORIENTED_EDGE ( 'NONE', *, *, #4117, .T. ) ;
#2956 = EDGE_CURVE ( 'NONE', #9283, #5011, #3575, .T. ) ;
#2958 = ORIENTED_EDGE ( 'NONE', *, *, #1558, .F. ) ;
#2959 = ORIENTED_EDGE ( 'NONE', *, *, #3322, .F. ) ;
#2960 = DIRECTION ( 'NONE',  ( -1.000000000000000000, 0.000000000000000000, 0.000000000000000000 ) ) ;
#2961 = CARTESIAN_POINT ( 'NONE',  ( 0.1435055699998074585, -12.96182676629819319, -9.678853320274150462 ) ) ;
#2962 = CARTESIAN_POINT ( 'NONE',  ( -19.68077339133248671, -1.999999999999999556, -35.25440474258088841 ) ) ;
#2963 = ORIENTED_EDGE ( 'NONE', *, *, #6288, .T. ) ;
#2964 = VECTOR ( 'NONE', #6889, 1000.000000000000114 ) ;
#2965 = CARTESIAN_POINT ( 'NONE',  ( 0.4397376543465725263, -26.42553694770510120, 2.161107829181092566 ) ) ;
#2966 = FACE_OUTER_BOUND ( 'NONE', #2204, .T. ) ;
#2967 = DIRECTION ( 'NONE',  ( 0.000000000000000000, 1.000000000000000000, 0.000000000000000000 ) ) ;
#2968 = AXIS2_PLACEMENT_3D ( 'NONE', #7791, #9362, #5436 ) ;
#2969 = EDGE_CURVE ( 'NONE', #6930, #5598, #4354, .T. ) ;
#2970 = CARTESIAN_POINT ( 'NONE',  ( 0.05208757324733722521, -2.987783268300336914, -9.570734601970473321 ) ) ;
#2971 = CONICAL_SURFACE ( 'NONE', #9702, 3.350000000000000089, 0.7853981633974596033 ) ;
#2972 = CARTESIAN_POINT ( 'NONE',  ( -0.9104873819182590644, -2.000000000000000888, 41.28025612106915787 ) ) ;
#2973 = CARTESIAN_POINT ( 'NONE',  ( -9.400000000000000355, -31.39999999999999147, -15.44670777265315031 ) ) ;
#2974 = ORIENTED_EDGE ( 'NONE', *, *, #8100, .T. ) ;
#2975 = DIRECTION ( 'NONE',  ( 0.000000000000000000, 0.5000000000000001110, 0.8660254037844385966 ) ) ;
#2976 = ORIENTED_EDGE ( 'NONE', *, *, #8530, .F. ) ;
#2977 = CARTESIAN_POINT ( 'NONE',  ( -0.7709065600501695537, -38.99933368479636187, 32.30000000000000426 ) ) ;
#2978 = CARTESIAN_POINT ( 'NONE',  ( 0.03864744970013613695, -12.62619505639841933, -6.978967490600266999 ) ) ;
#2979 = CARTESIAN_POINT ( 'NONE',  ( -16.19999999999999929, -36.54999999999999005, 12.47335388632657072 ) ) ;
#2980 = EDGE_CURVE ( 'NONE', #7821, #7551, #2944, .T. ) ;
#2981 = CARTESIAN_POINT ( 'NONE',  ( -16.19999999999999929, -36.64999999999999858, 6.526646113673449712 ) ) ;
#2982 = EDGE_CURVE ( 'NONE', #7964, #3412, #6076, .T. ) ;
#2983 = FACE_OUTER_BOUND ( 'NONE', #6775, .T. ) ;
#2984 = CARTESIAN_POINT ( 'NONE',  ( 0.000000000000000000, -36.48589155359940150, 2.515349321600530264 ) ) ;
#2985 = ORIENTED_EDGE ( 'NONE', *, *, #73, .T. ) ;
#2986 = CARTESIAN_POINT ( 'NONE',  ( -1.999999999999999556, -39.39999999999999858, 32.30000000000000426 ) ) ;
#2987 = CARTESIAN_POINT ( 'NONE',  ( 0.09999999999999999167, 0.000000000000000000, -6.900000000000003020 ) ) ;
#2988 = FACE_OUTER_BOUND ( 'NONE', #7867, .T. ) ;
#2989 = CARTESIAN_POINT ( 'NONE',  ( 0.1390187199092534631, -36.21211768098905992, -2.381485083465670005 ) ) ;
#2990 = EDGE_CURVE ( 'NONE', #6399, #7821, #9383, .T. ) ;
#2991 = DIRECTION ( 'NONE',  ( 0.000000000000000000, 1.000000000000000000, 0.000000000000000000 ) ) ;
#2992 = CARTESIAN_POINT ( 'NONE',  ( -4.372986503260774427, -39.39999999999999147, -43.42552910667134114 ) ) ;
#2993 = ORIENTED_EDGE ( 'NONE', *, *, #5619, .F. ) ;
#2994 = CARTESIAN_POINT ( 'NONE',  ( 0.1662849943343030490, -12.80768043397618428, -7.118676134477027517 ) ) ;
#2995 = CARTESIAN_POINT ( 'NONE',  ( -29.00000000000000355, -37.40000000000000568, -37.50000000000000000 ) ) ;
#2996 = CARTESIAN_POINT ( 'NONE',  ( -2.000000000000000000, -39.39999999999999147, -33.05202896248673738 ) ) ;
#2997 = CARTESIAN_POINT ( 'NONE',  ( 0.09871115433706367792, -26.39999369811464547, -2.000037811312069813 ) ) ;
#2998 = CARTESIAN_POINT ( 'NONE',  ( 0.1348964429389100939, -36.37427382678048815, 2.144080468087256719 ) ) ;
#2999 = ORIENTED_EDGE ( 'NONE', *, *, #3408, .F. ) ;
#3000 = DIRECTION ( 'NONE',  ( -1.000000000000000000, 0.000000000000000000, 9.251858538542972814E-17 ) ) ;
#3001 = DIRECTION ( 'NONE',  ( -0.000000000000000000, 0.000000000000000000, -1.000000000000000000 ) ) ;
#3002 = EDGE_CURVE ( 'NONE', #5693, #7910, #913, .T. ) ;
#3003 = CARTESIAN_POINT ( 'NONE',  ( 0.1724350523362670473, -3.136824557086351550, -9.826185211249081064 ) ) ;
#3004 = CARTESIAN_POINT ( 'NONE',  ( -4.471225751526537451, -4.662023014142822973E-16, 41.06295095369218728 ) ) ;
#3005 = VECTOR ( 'NONE', #7562, 1000.000000000000000 ) ;
#3006 = CARTESIAN_POINT ( 'NONE',  ( 0.04884188009658212148, -26.75276318628125338, -2.513112106979422666 ) ) ;
#3007 = ORIENTED_EDGE ( 'NONE', *, *, #7030, .T. ) ;
#3008 = ORIENTED_EDGE ( 'NONE', *, *, #5521, .F. ) ;
#3009 = ORIENTED_EDGE ( 'NONE', *, *, #1441, .F. ) ;
#3010 = DIRECTION ( 'NONE',  ( -9.251858538542974046E-17, -1.133025894539076336E-32, -1.000000000000000000 ) ) ;
#3011 = CARTESIAN_POINT ( 'NONE',  ( 0.1801998527931557292, -12.88163169841066491, -9.806897777103197100 ) ) ;
#3012 = CARTESIAN_POINT ( 'NONE',  ( -18.04236912975187934, 1.691077970920805021E-15, -36.49004716658320291 ) ) ;
#3013 = ORIENTED_EDGE ( 'NONE', *, *, #5453, .T. ) ;
#3014 = CARTESIAN_POINT ( 'NONE',  ( 0.1750487885148225842, -26.51849008863368340, 2.307561644042718907 ) ) ;
#3015 = CYLINDRICAL_SURFACE ( 'NONE', #6589, 0.09999999999999982514 ) ;
#3016 = CARTESIAN_POINT ( 'NONE',  ( -9.050000000000013145, -31.39999999999999858, 9.500000000000001776 ) ) ;
#3017 = VECTOR ( 'NONE', #5952, 1000.000000000000000 ) ;
#3018 = EDGE_CURVE ( 'NONE', #2761, #2631, #5267, .T. ) ;
#3019 = CARTESIAN_POINT ( 'NONE',  ( 0.4397376543209853272, -26.59272664001254682, -2.399833421199089489 ) ) ;
#3020 = CARTESIAN_POINT ( 'NONE',  ( 0.08023049856025532556, -12.97027360389202855, -9.730475926420119492 ) ) ;
#3021 = CARTESIAN_POINT ( 'NONE',  ( 0.003146909516442630231, -12.92428403040552709, -6.929285994511944935 ) ) ;
#3022 = VERTEX_POINT ( 'NONE', #2357 ) ;
#3023 = CARTESIAN_POINT ( 'NONE',  ( -9.299999999999998934, -31.39999999999998437, 3.553292227346872778 ) ) ;
#3024 = AXIS2_PLACEMENT_3D ( 'NONE', #4218, #8552, #1822 ) ;
#3025 = CARTESIAN_POINT ( 'NONE',  ( -16.04757277670851678, -0.9927620392582011677, -24.80000000000000071 ) ) ;
#3026 = VERTEX_POINT ( 'NONE', #3724 ) ;
#3027 = CARTESIAN_POINT ( 'NONE',  ( -0.5257922005531269205, -7.958115698956493546E-14, -38.03587610623388571 ) ) ;
#3028 = DIRECTION ( 'NONE',  ( 1.000000000000000000, 0.000000000000000000, 1.734723475976817507E-14 ) ) ;
#3029 = CARTESIAN_POINT ( 'NONE',  ( -14.30046618011495063, -39.40000000000003411, 25.81609499608473257 ) ) ;
#3030 = CARTESIAN_POINT ( 'NONE',  ( 0.000000000000000000, 0.000000000000000000, -6.900000000000003020 ) ) ;
#3031 = CARTESIAN_POINT ( 'NONE',  ( 0.000000000000000000, -36.50000000000000711, 2.599999999999998312 ) ) ;
#3032 = VERTEX_POINT ( 'NONE', #6756 ) ;
#3033 = DIRECTION ( 'NONE',  ( 0.000000000000000000, -0.4999999999999966693, 0.8660254037844405950 ) ) ;
#3034 = CARTESIAN_POINT ( 'NONE',  ( -12.69999999999999929, -37.39999999999999147, 45.00000000000001421 ) ) ;
#3035 = CARTESIAN_POINT ( 'NONE',  ( -15.89933368479636044, -0.7709065600501712190, 24.80000000000001137 ) ) ;
#3036 = CARTESIAN_POINT ( 'NONE',  ( 0.1610282814275253993, -36.31833283913285015, -2.269446986834218638 ) ) ;
#3037 = FACE_OUTER_BOUND ( 'NONE', #4600, .T. ) ;
#3038 = CARTESIAN_POINT ( 'NONE',  ( -9.524899034817348564, -39.40000000000258495, -44.91353741166090430 ) ) ;
#3039 = CIRCLE ( 'NONE', #4747, 0.5000000000000004441 ) ;
#3040 = ORIENTED_EDGE ( 'NONE', *, *, #9402, .T. ) ;
#3041 = CARTESIAN_POINT ( 'NONE',  ( 0.1715750606817302570, -12.80680721349160223, -7.118690920525820864 ) ) ;
#3042 = CARTESIAN_POINT ( 'NONE',  ( -16.04757277670851678, -38.40723796074180285, 24.80000000000002203 ) ) ;
#3043 = LINE ( 'NONE', #824, #6392 ) ;
#3044 = EDGE_CURVE ( 'NONE', #1579, #4757, #9136, .T. ) ;
#3045 = FACE_OUTER_BOUND ( 'NONE', #5203, .T. ) ;
#3046 = ORIENTED_EDGE ( 'NONE', *, *, #2033, .F. ) ;
#3047 = DIRECTION ( 'NONE',  ( 0.000000000000000000, 0.000000000000000000, 1.000000000000000000 ) ) ;
#3048 = DIRECTION ( 'NONE',  ( 1.000000000000000000, 0.000000000000000000, 0.000000000000000000 ) ) ;
#3049 = CARTESIAN_POINT ( 'NONE',  ( 0.1108198500032189365, -3.306198780639903578, -9.961678799226259429 ) ) ;
#3050 = DIRECTION ( 'NONE',  ( 1.000000000000000000, -3.558195749863461592E-33, -9.251858538542975279E-17 ) ) ;
#3051 = DIRECTION ( 'NONE',  ( 0.000000000000000000, 0.000000000000000000, -1.000000000000000000 ) ) ;
#3052 = CARTESIAN_POINT ( 'NONE',  ( 0.08647305960414541914, -26.81791861328753868, -2.493142086215872411 ) ) ;
#3053 = ORIENTED_EDGE ( 'NONE', *, *, #492, .F. ) ;
#3054 = VERTEX_POINT ( 'NONE', #5390 ) ;
#3055 = EDGE_LOOP ( 'NONE', ( #7413, #9699, #7723, #7719 ) ) ;
#3056 = CARTESIAN_POINT ( 'NONE',  ( -18.54559525731767877, 8.673617379884035472E-16, 34.11922660873708679 ) ) ;
#3057 = DIRECTION ( 'NONE',  ( -1.000000000000000000, 0.000000000000000000, 9.251858538542972814E-17 ) ) ;
#3058 = CARTESIAN_POINT ( 'NONE',  ( -16.32188489757799132, -1.999999999999999556, -26.76048580610139282 ) ) ;
#3059 = VERTEX_POINT ( 'NONE', #5238 ) ;
#3060 = EDGE_CURVE ( 'NONE', #602, #9251, #1272, .T. ) ;
#3061 = CYLINDRICAL_SURFACE ( 'NONE', #4673, 0.5000000000000000000 ) ;
#3062 = CARTESIAN_POINT ( 'NONE',  ( 0.06697224470570804777, -3.471105817768227020, -6.994496394379750015 ) ) ;
#3063 = CIRCLE ( 'NONE', #5239, 0.09999999999999939493 ) ;
#3064 = CARTESIAN_POINT ( 'NONE',  ( 0.08444913279674223783, -2.998953125501579109, -9.505163391072004586 ) ) ;
#3065 = TOROIDAL_SURFACE ( 'NONE', #82, 0.2000000000000000111, 0.1000000000000000056 ) ;
#3066 = LINE ( 'NONE', #5319, #1418 ) ;
#3067 = CARTESIAN_POINT ( 'NONE',  ( 7.500000000000001776, -35.89999999999999858, 2.000000000000000000 ) ) ;
#3068 = VERTEX_POINT ( 'NONE', #8292 ) ;
#3069 = FACE_OUTER_BOUND ( 'NONE', #8850, .T. ) ;
#3070 = AXIS2_PLACEMENT_3D ( 'NONE', #9192, #6280, #209 ) ;
#3071 = CARTESIAN_POINT ( 'NONE',  ( -16.20000000000000284, -45.11297632095823218, -27.60483474966240891 ) ) ;
#3072 = ORIENTED_EDGE ( 'NONE', *, *, #7370, .F. ) ;
#3073 = EDGE_CURVE ( 'NONE', #7786, #8827, #440, .T. ) ;
#3074 = DIRECTION ( 'NONE',  ( 1.000000000000000000, 0.000000000000000000, 8.673617379884087537E-15 ) ) ;
#3075 = CARTESIAN_POINT ( 'NONE',  ( 7.500000000000001776, -35.89999999999999858, -2.000000000000000000 ) ) ;
#3076 = CARTESIAN_POINT ( 'NONE',  ( 1.132460429421059110E-15, 1.386864040051537487E-31, 39.50000000000000711 ) ) ;
#3077 = CARTESIAN_POINT ( 'NONE',  ( -16.04757277670852389, -38.40723796074180996, -24.80000000000000071 ) ) ;
#3078 = CARTESIAN_POINT ( 'NONE',  ( 0.02671071723191396213, -36.08183937448995238, 2.530306566022348491 ) ) ;
#3079 = EDGE_LOOP ( 'NONE', ( #6771, #6207, #5641, #3400 ) ) ;
#3080 = DIRECTION ( 'NONE',  ( -1.000000000000000000, 0.000000000000000000, 9.251858538542972814E-17 ) ) ;
#3081 = CARTESIAN_POINT ( 'NONE',  ( -16.53710567919362617, -39.39999999999999147, -34.75303614985018186 ) ) ;
#3082 = CARTESIAN_POINT ( 'NONE',  ( -14.56179938779914629, -2.633848949487246115E-15, 24.80000000000001137 ) ) ;
#3083 = CARTESIAN_POINT ( 'NONE',  ( 0.09491475995917737773, -36.19038896044775555, -2.429260831847366742 ) ) ;
#3084 = FACE_OUTER_BOUND ( 'NONE', #6672, .T. ) ;
#3085 = LINE ( 'NONE', #960, #38 ) ;
#3086 = VERTEX_POINT ( 'NONE', #6018 ) ;
#3087 = AXIS2_PLACEMENT_3D ( 'NONE', #828, #3829, #8298 ) ;
#3088 = CARTESIAN_POINT ( 'NONE',  ( -9.399999999999996803, -26.25000000000000000, 12.47335388632657427 ) ) ;
#3089 = CARTESIAN_POINT ( 'NONE',  ( -14.29999999999999716, -1.751244922780714709E-15, 24.80000000000001137 ) ) ;
#3090 = CARTESIAN_POINT ( 'NONE',  ( 0.4397376543209853272, -26.41301366166584330, -2.130873942179640324 ) ) ;
#3091 = ORIENTED_EDGE ( 'NONE', *, *, #3215, .F. ) ;
#3092 = CARTESIAN_POINT ( 'NONE',  ( -7.031044353046282502, -37.39999999999999147, 44.49141882741137977 ) ) ;
#3093 = CIRCLE ( 'NONE', #6685, 0.5000000000000004441 ) ;
#3094 = FACE_OUTER_BOUND ( 'NONE', #6810, .T. ) ;
#3095 = CARTESIAN_POINT ( 'NONE',  ( 0.1293346990522969975, -3.220867531729758149, -9.918229555430787769 ) ) ;
#3096 = CARTESIAN_POINT ( 'NONE',  ( -7.486316511028324960, -9.114500839242430389E-16, 42.54197092165806993 ) ) ;
#3097 = CARTESIAN_POINT ( 'NONE',  ( 0.09293989373485030125, -35.89999999999998437, -2.499999999999983125 ) ) ;
#3098 = CARTESIAN_POINT ( 'NONE',  ( 0.2307051779618990994, -26.75138182998196967, -2.464320558746598167 ) ) ;
#3099 = VERTEX_POINT ( 'NONE', #44 ) ;
#3100 = ORIENTED_EDGE ( 'NONE', *, *, #2591, .F. ) ;
#3101 = CARTESIAN_POINT ( 'NONE',  ( -16.88742666218854538, -2.000000000000000000, 30.75901213825859770 ) ) ;
#3102 = CARTESIAN_POINT ( 'NONE',  ( 0.1331548417622274438, -12.97418044692161665, -9.644741068605961587 ) ) ;
#3103 = CARTESIAN_POINT ( 'NONE',  ( -16.57670751501892070, -2.000000000000000000, -29.49833439138997804 ) ) ;
#3104 = ORIENTED_EDGE ( 'NONE', *, *, #4111, .F. ) ;
#3105 = CARTESIAN_POINT ( 'NONE',  ( 7.500000000000000000, -19.69999999999999929, 2.500000000000000000 ) ) ;
#3106 = CARTESIAN_POINT ( 'NONE',  ( -16.19999999999999929, -31.39999999999998437, 3.553292227346870558 ) ) ;
#3107 = AXIS2_PLACEMENT_3D ( 'NONE', #9350, #4874, #2580 ) ;
#3108 = DIRECTION ( 'NONE',  ( 0.000000000000000000, 0.000000000000000000, 1.000000000000000000 ) ) ;
#3109 = CARTESIAN_POINT ( 'NONE',  ( -16.29999999999999716, -2.649999999999997691, 2.973353886326579598 ) ) ;
#3110 = EDGE_CURVE ( 'NONE', #5896, #9081, #1058, .T. ) ;
#3111 = DIRECTION ( 'NONE',  ( -0.7071067811865364705, 0.000000000000000000, 0.7071067811865584529 ) ) ;
#3112 = CARTESIAN_POINT ( 'NONE',  ( 0.03864744970013726105, -12.62619505639841400, -6.978967490600267887 ) ) ;
#3113 = ORIENTED_EDGE ( 'NONE', *, *, #8392, .F. ) ;
#3114 = AXIS2_PLACEMENT_3D ( 'NONE', #1580, #978, #9101 ) ;
#3115 = DIRECTION ( 'NONE',  ( 1.000000000000000000, 0.000000000000000000, 0.000000000000000000 ) ) ;
#3116 = VERTEX_POINT ( 'NONE', #8983 ) ;
#3117 = PRODUCT_DEFINITION_SHAPE ( 'NONE', 'NONE',  #7944 ) ;
#3118 = CIRCLE ( 'NONE', #8605, 0.1000000000000000611 ) ;
#3119 = DIRECTION ( 'NONE',  ( 4.625929269271488256E-17, 0.8660254037844384856, 0.5000000000000002220 ) ) ;
#3120 = LINE ( 'NONE', #8272, #4364 ) ;
#3121 = SPHERICAL_SURFACE ( 'NONE', #1383, 0.1000000000000000056 ) ;
#3122 = AXIS2_PLACEMENT_3D ( 'NONE', #4230, #7269, #9397 ) ;
#3123 = CARTESIAN_POINT ( 'NONE',  ( -9.399999999999998579, -2.850000000000004974, -2.973353886326580042 ) ) ;
#3124 = EDGE_CURVE ( 'NONE', #7437, #4022, #3043, .T. ) ;
#3125 = CARTESIAN_POINT ( 'NONE',  ( 0.09667812241418910491, -3.499683006056375945, -6.999947167676065618 ) ) ;
#3126 = ORIENTED_EDGE ( 'NONE', *, *, #7727, .F. ) ;
#3127 = AXIS2_PLACEMENT_3D ( 'NONE', #3075, #2286, #6840 ) ;
#3128 = CARTESIAN_POINT ( 'NONE',  ( 0.09999999999999939493, -26.89999999999999858, 2.500000000000000000 ) ) ;
#3129 = CARTESIAN_POINT ( 'NONE',  ( -28.49195043251112835, -39.39999999999999858, -39.50000000000000000 ) ) ;
#3130 = CARTESIAN_POINT ( 'NONE',  ( 0.000000000000000000, -1.999999999997574829, 33.04644055059070951 ) ) ;
#3131 = CARTESIAN_POINT ( 'NONE',  ( 0.07359969900738570769, -36.38231941068151087, -2.209895550182345847 ) ) ;
#3132 = LINE ( 'NONE', #5960, #8493 ) ;
#3133 = EDGE_CURVE ( 'NONE', #4366, #3412, #2304, .T. ) ;
#3134 = CARTESIAN_POINT ( 'NONE',  ( -12.69999999999999929, -39.40000000000001279, -43.00000000000000000 ) ) ;
#3135 = B_SPLINE_CURVE_WITH_KNOTS ( 'NONE', 3,
 ( #8595, #7006, #7849, #7103, #384, #4116, #9233, #1019, #1863, #4899, #1762, #243, #972 ),
 .UNSPECIFIED., .F., .F.,
 ( 4, 2, 2, 1, 2, 2, 4 ),
 ( 0.000000000000000000, 0.2500000000000095479, 0.5000000000000190958, 0.6250000000000121014, 0.6875000000000029976, 0.7499999999999940048, 1.000000000000000000 ),
 .UNSPECIFIED. ) ;
#3136 = VERTEX_POINT ( 'NONE', #4550 ) ;
#3137 =( BOUNDED_SURFACE ( )  B_SPLINE_SURFACE ( 3, 2, ( 
 ( #5690, #8052, #6516 ),
 ( #2712, #2757, #5737 ),
 ( #5004, #4266, #6564 ),
 ( #9574, #9385, #6767 ),
 ( #9623, #3832, #6715 ),
 ( #8301, #9044, #5978 ) ),
 .UNSPECIFIED., .F., .F., .T. ) 
 B_SPLINE_SURFACE_WITH_KNOTS ( ( 4, 2, 4 ),
 ( 3, 3 ),
 ( 0.000000000000000000, 0.3694802558178538199, 0.7389605116357076398 ),
 ( 0.000000000000000000, 1.000000000000000000 ),
 .UNSPECIFIED. ) 
 GEOMETRIC_REPRESENTATION_ITEM ( )  RATIONAL_B_SPLINE_SURFACE ( (
 ( 1.000000000000000000, 1.000000000000000000, 1.000000000000000000),
 ( 1.000000000000000000, 1.000501889437283243, 1.000000000000000000),
 ( 1.000000000000000000, 0.9837683019806626739, 1.000000000000000000),
 ( 1.000000000000000000, 0.9206139212134119010, 1.000000000000000000),
 ( 1.000000000000000000, 0.8743186979496970768, 1.000000000000000000),
 ( 1.000000000000000000, 0.8295822873078095849, 1.000000000000000000) ) ) 
 REPRESENTATION_ITEM ( '' )  SURFACE ( )  );
#3138 = LINE ( 'NONE', #140, #4927 ) ;
#3139 = CARTESIAN_POINT ( 'NONE',  ( 0.04678215019736041425, -12.59030790058725024, -10.01525960108879687 ) ) ;
#3140 = CARTESIAN_POINT ( 'NONE',  ( 0.1117293984879282748, -26.40023301159713398, -2.049437240539005334 ) ) ;
#3141 = CARTESIAN_POINT ( 'NONE',  ( -5.755441927655786216, -39.39999999999999147, 41.90707902765353055 ) ) ;
#3142 = PLANE ( 'NONE',  #9672 ) ;
#3143 = AXIS2_PLACEMENT_3D ( 'NONE', #6451, #2045, #3513 ) ;
#3144 = CARTESIAN_POINT ( 'NONE',  ( 0.1338167715928874901, -3.355593546747868583, -9.974188736835687408 ) ) ;
#3145 = CARTESIAN_POINT ( 'NONE',  ( 0.4397376543209866595, -35.96546164737896589, 2.500000000000000000 ) ) ;
#3146 = CARTESIAN_POINT ( 'NONE',  ( -16.19999999999999929, -7.899999999999988809, -6.119912853410029996 ) ) ;
#3147 = CARTESIAN_POINT ( 'NONE',  ( -16.29999999999999716, -36.75000000000000000, -12.47335388632658493 ) ) ;
#3148 = VERTEX_POINT ( 'NONE', #3089 ) ;
#3149 = ORIENTED_EDGE ( 'NONE', *, *, #5628, .F. ) ;
#3150 = CARTESIAN_POINT ( 'NONE',  ( -18.18995933486634442, -2.000000000000000000, 33.62575522587086141 ) ) ;
#3151 = CARTESIAN_POINT ( 'NONE',  ( 0.1045514108772868100, -12.99989950181109855, -9.524814665927447521 ) ) ;
#3152 = ORIENTED_EDGE ( 'NONE', *, *, #3446, .T. ) ;
#3153 = CARTESIAN_POINT ( 'NONE',  ( 0.03864744970013646308, -26.37896749060026380, 2.126195056398418881 ) ) ;
#3154 = DIRECTION ( 'NONE',  ( 9.251858538542972814E-17, 0.000000000000000000, 1.000000000000000000 ) ) ;
#3155 = DIRECTION ( 'NONE',  ( 0.000000000000000000, -1.000000000000000000, 0.000000000000000000 ) ) ;
#3156 = AXIS2_PLACEMENT_3D ( 'NONE', #7259, #8848, #9526 ) ;
#3157 = CARTESIAN_POINT ( 'NONE',  ( 0.000000000000000000, -2.000000000000002665, 32.30000000000000426 ) ) ;
#3158 = CARTESIAN_POINT ( 'NONE',  ( -22.47800491386975708, 1.361192939642517623E-15, 38.83293045570340496 ) ) ;
#3159 = ORIENTED_EDGE ( 'NONE', *, *, #2741, .F. ) ;
#3160 = CARTESIAN_POINT ( 'NONE',  ( -10.56388474551888024, -26.92333333333333911, 45.00000000000000711 ) ) ;
#3161 = CARTESIAN_POINT ( 'NONE',  ( 0.04882544355183777302, -3.417298990080281040, -10.01407712704210695 ) ) ;
#3162 = ORIENTED_EDGE ( 'NONE', *, *, #8187, .T. ) ;
#3163 = CIRCLE ( 'NONE', #7387, 0.1000000000000001721 ) ;
#3164 = EDGE_CURVE ( 'NONE', #1085, #3836, #6805, .T. ) ;
#3165 = ADVANCED_FACE ( 'NONE', ( #1613 ), #4649, .T. ) ;
#3166 = DIRECTION ( 'NONE',  ( 8.673617379884089115E-15, -0.000000000000000000, -1.000000000000000000 ) ) ;
#3167 = VECTOR ( 'NONE', #1407, 1000.000000000000000 ) ;
#3168 = CARTESIAN_POINT ( 'NONE',  ( -2.763121454100883610E-16, -2.984650678399618062, -10.08589155359995893 ) ) ;
#3169 = LINE ( 'NONE', #7633, #8454 ) ;
#3170 = DIRECTION ( 'NONE',  ( 1.000000000000000000, 0.000000000000000000, 0.000000000000000000 ) ) ;
#3171 = UNCERTAINTY_MEASURE_WITH_UNIT (LENGTH_MEASURE( 1.000000000000000082E-05 ), #6925, 'distance_accuracy_value', 'NONE');
#3172 = VECTOR ( 'NONE', #6491, 1000.000000000000000 ) ;
#3173 = CARTESIAN_POINT ( 'NONE',  ( 0.1178379531150192949, -3.450331646787199169, -6.999567916155815084 ) ) ;
#3174 = VECTOR ( 'NONE', #1532, 1000.000000000000000 ) ;
#3175 = EDGE_LOOP ( 'NONE', ( #8258, #3667, #3288, #2354 ) ) ;
#3176 = DIRECTION ( 'NONE',  ( -1.000000000000000000, 0.000000000000000000, 0.000000000000000000 ) ) ;
#3177 = CARTESIAN_POINT ( 'NONE',  ( -29.00000000000000711, -38.99933368479636897, -38.27090656005015745 ) ) ;
#3178 = CARTESIAN_POINT ( 'NONE',  ( 0.03864744970013591491, -36.42103250939973691, -2.126195056398418881 ) ) ;
#3179 = ORIENTED_EDGE ( 'NONE', *, *, #4622, .T. ) ;
#3180 = ADVANCED_FACE ( 'NONE', ( #868 ), #2408, .T. ) ;
#3181 = CARTESIAN_POINT ( 'NONE',  ( -8.686371986803028022, -39.40000000000000568, -44.82899292235529032 ) ) ;
#3182 = ORIENTED_EDGE ( 'NONE', *, *, #6592, .F. ) ;
#3183 = CARTESIAN_POINT ( 'NONE',  ( 0.02671071723191205741, -36.43030656602235950, -2.181839374489943584 ) ) ;
#3184 = DIRECTION ( 'NONE',  ( -1.000000000000000000, -1.734723475976807834E-16, 0.000000000000000000 ) ) ;
#3185 = CARTESIAN_POINT ( 'NONE',  ( 0.1371207144804943157, -26.42442403176127641, -2.151450297390963495 ) ) ;
#3186 = EDGE_CURVE ( 'NONE', #4096, #1752, #7811, .T. ) ;
#3187 = DIRECTION ( 'NONE',  ( 0.000000000000000000, 0.000000000000000000, -1.000000000000000000 ) ) ;
#3188 = DIRECTION ( 'NONE',  ( 0.000000000000000000, 0.5000000000000106581, -0.8660254037844324904 ) ) ;
#3189 = CARTESIAN_POINT ( 'NONE',  ( 0.1631203768318268410, -3.231168405861930548, -9.918347223798880563 ) ) ;
#3190 = CARTESIAN_POINT ( 'NONE',  ( -9.299999999999998934, -27.90064434701788798, -17.58253175473052821 ) ) ;
#3191 = CARTESIAN_POINT ( 'NONE',  ( -9.299999999999998934, -7.949999999999990408, -6.033310313031581273 ) ) ;
#3192 = DIRECTION ( 'NONE',  ( 1.000000000000000000, 0.000000000000000000, 0.000000000000000000 ) ) ;
#3193 = ORIENTED_EDGE ( 'NONE', *, *, #6423, .T. ) ;
#3194 = EDGE_LOOP ( 'NONE', ( #4101, #613, #8068, #7399 ) ) ;
#3195 = CARTESIAN_POINT ( 'NONE',  ( -17.86195252062426420, 5.607171405553389101E-14, 33.10360032497349181 ) ) ;
#3196 = CARTESIAN_POINT ( 'NONE',  ( 0.1162218883186648122, -13.00000000000000000, -9.525181951155007098 ) ) ;
#3197 = ORIENTED_EDGE ( 'NONE', *, *, #4945, .T. ) ;
#3198 = CARTESIAN_POINT ( 'NONE',  ( -16.30000000000000426, -2.000000000000007105, -26.93611525448111621 ) ) ;
#3199 = CYLINDRICAL_SURFACE ( 'NONE', #6440, 0.5000000000000004441 ) ;
#3200 = CARTESIAN_POINT ( 'NONE',  ( 0.4397376543209869926, -12.83041337529036596, -7.123306594103815392 ) ) ;
#3201 = CARTESIAN_POINT ( 'NONE',  ( -20.01974387893085350, -41.37000000000000455, -36.58951261808173427 ) ) ;
#3202 = CARTESIAN_POINT ( 'NONE',  ( 7.500000000000001776, -35.89999999999999858, 2.000000000000000000 ) ) ;
#3203 = CARTESIAN_POINT ( 'NONE',  ( 0.03864744970013349323, -12.62619505639842998, -10.02103250939973655 ) ) ;
#3204 = CARTESIAN_POINT ( 'NONE',  ( -27.98390500391531077, 1.672517586919436880E-15, 39.49953381988505186 ) ) ;
#3205 = VERTEX_POINT ( 'NONE', #1053 ) ;
#3206 = CARTESIAN_POINT ( 'NONE',  ( 0.09999999999999939493, -3.500000000000000888, -10.00000000000000000 ) ) ;
#3207 = ORIENTED_EDGE ( 'NONE', *, *, #8577, .T. ) ;
#3208 = CARTESIAN_POINT ( 'NONE',  ( 0.03864744970013527653, -3.373804943601575346, -6.978967490600266110 ) ) ;
#3209 = EDGE_LOOP ( 'NONE', ( #8204, #7364, #5155, #8369, #5732 ) ) ;
#3210 = DIRECTION ( 'NONE',  ( 1.000000000000000000, 0.000000000000000000, 0.000000000000000000 ) ) ;
#3211 = CARTESIAN_POINT ( 'NONE',  ( -28.99999999999999645, -37.39999999999863434, 37.50000000000000711 ) ) ;
#3212 = DIRECTION ( 'NONE',  ( 0.000000000000000000, 0.5000000000000004441, 0.8660254037844383745 ) ) ;
#3213 = AXIS2_PLACEMENT_3D ( 'NONE', #5569, #8582, #6306 ) ;
#3214 = CARTESIAN_POINT ( 'NONE',  ( -16.29999999999999716, -36.59999999999999432, 12.55995642670501589 ) ) ;
#3215 = EDGE_CURVE ( 'NONE', #9528, #4754, #2640, .T. ) ;
#3216 = CARTESIAN_POINT ( 'NONE',  ( 0.09872149370916484534, -12.99979010368109833, -7.473343233472930613 ) ) ;
#3217 = CARTESIAN_POINT ( 'NONE',  ( 0.1722515828269370330, -3.193163105409337454, -7.118713473880907472 ) ) ;
#3218 = CIRCLE ( 'NONE', #4778, 0.1000000000000000611 ) ;
#3219 = ORIENTED_EDGE ( 'NONE', *, *, #7792, .T. ) ;
#3220 = LINE ( 'NONE', #3363, #7634 ) ;
#3221 = AXIS2_PLACEMENT_3D ( 'NONE', #6692, #5079, #6745 ) ;
#3222 = FACE_OUTER_BOUND ( 'NONE', #9353, .T. ) ;
#3223 = CARTESIAN_POINT ( 'NONE',  ( 0.05790538977554682276, -36.40373866222520860, -2.168275993831668025 ) ) ;
#3224 = ORIENTED_EDGE ( 'NONE', *, *, #513, .F. ) ;
#3225 = CARTESIAN_POINT ( 'NONE',  ( -16.29999999999999716, -26.92333333332080869, 29.07223050896224237 ) ) ;
#3226 = CARTESIAN_POINT ( 'NONE',  ( 0.000000000000000000, -13.09999999999999964, -10.09999999999999964 ) ) ;
#3227 = ORIENTED_EDGE ( 'NONE', *, *, #1558, .T. ) ;
#3228 = ADVANCED_FACE ( 'NONE', ( #5529 ), #9270, .F. ) ;
#3229 = CARTESIAN_POINT ( 'NONE',  ( -9.049999999999998934, -31.39999999999999858, -12.85000000000000675 ) ) ;
#3230 = DIRECTION ( 'NONE',  ( 1.000000000000000000, 0.000000000000000000, 0.000000000000000000 ) ) ;
#3231 = CARTESIAN_POINT ( 'NONE',  ( 0.1420871315881956920, -26.53593013936394840, -2.329254837934906508 ) ) ;
#3232 = CARTESIAN_POINT ( 'NONE',  ( -1.574470891349161628, -37.39999999999999147, 40.62701349782133065 ) ) ;
#3233 = CARTESIAN_POINT ( 'NONE',  ( -16.19999999999999929, -2.750000000000003109, -3.146558967083470826 ) ) ;
#3234 = CARTESIAN_POINT ( 'NONE',  ( 0.1160845892745166058, -3.431023498926422555, -9.992879832455985323 ) ) ;
#3235 = CARTESIAN_POINT ( 'NONE',  ( -0.05205464666336787755, -1.476504231281440038, 32.30000000000000426 ) ) ;
#3236 = EDGE_CURVE ( 'NONE', #8344, #2284, #3265, .T. ) ;
#3237 = DIRECTION ( 'NONE',  ( 0.000000000000000000, 0.4999999999999966693, -0.8660254037844405950 ) ) ;
#3238 = CARTESIAN_POINT ( 'NONE',  ( 0.04678213751409773802, -13.01525960676747395, -7.409692027947302861 ) ) ;
#3239 = ORIENTED_EDGE ( 'NONE', *, *, #5191, .T. ) ;
#3240 = ORIENTED_EDGE ( 'NONE', *, *, #7062, .T. ) ;
#3241 = CARTESIAN_POINT ( 'NONE',  ( -20.85626676006729596, -2.000000000000000000, 36.02811393555501951 ) ) ;
#3242 = AXIS2_PLACEMENT_3D ( 'NONE', #1568, #2361, #6813 ) ;
#3243 = CARTESIAN_POINT ( 'NONE',  ( 0.06579937986688229323, -13.00259367681683109, -9.592033618021034158 ) ) ;
#3244 = ORIENTED_EDGE ( 'NONE', *, *, #7410, .F. ) ;
#3245 = DIRECTION ( 'NONE',  ( 1.000000000000000000, -0.000000000000000000, -0.000000000000000000 ) ) ;
#3246 = DIRECTION ( 'NONE',  ( 1.000000000000000000, 0.000000000000000000, 0.000000000000000000 ) ) ;
#3247 = MECHANICAL_CONTEXT ( 'NONE', #4131, 'mechanical' ) ;
#3248 = LINE ( 'NONE', #6791, #6135 ) ;
#3249 = DIRECTION ( 'NONE',  ( -1.000000000000000000, 0.000000000000000000, 0.000000000000000000 ) ) ;
#3250 = EDGE_CURVE ( 'NONE', #4399, #5306, #7335, .T. ) ;
#3251 = DIRECTION ( 'NONE',  ( 0.000000000000000000, 0.000000000000000000, 1.000000000000000000 ) ) ;
#3252 = VERTEX_POINT ( 'NONE', #9316 ) ;
#3253 = CARTESIAN_POINT ( 'NONE',  ( -29.00000000000000355, -0.05205464666337528828, 38.97650423128146002 ) ) ;
#3254 = EDGE_LOOP ( 'NONE', ( #9639, #9249, #3152, #6518, #8119, #1470 ) ) ;
#3255 = DIRECTION ( 'NONE',  ( 1.224646799147353454E-16, -1.000000000000000000, 0.000000000000000000 ) ) ;
#3256 = ORIENTED_EDGE ( 'NONE', *, *, #749, .T. ) ;
#3257 = CARTESIAN_POINT ( 'NONE',  ( 0.09737342326655930302, -26.89980790868400007, 2.500032015219331161 ) ) ;
#3258 = CARTESIAN_POINT ( 'NONE',  ( -9.050000000000016698, -8.000000000000000000, -1.224646799147353256E-15 ) ) ;
#3259 = EDGE_CURVE ( 'NONE', #2240, #6718, #6159, .T. ) ;
#3260 = AXIS2_PLACEMENT_3D ( 'NONE', #9393, #8561, #4768 ) ;
#3261 = CARTESIAN_POINT ( 'NONE',  ( 0.1179760393967016902, -12.99295109845711238, -7.430095290510703165 ) ) ;
#3262 = CARTESIAN_POINT ( 'NONE',  ( 0.1716225952131593402, -3.193076757339783800, -7.118714564744895945 ) ) ;
#3263 = ORIENTED_EDGE ( 'NONE', *, *, #3291, .F. ) ;
#3264 = CIRCLE ( 'NONE', #5456, 0.09999999999999939493 ) ;
#3265 = CIRCLE ( 'NONE', #7183, 0.1000000000000002554 ) ;
#3266 = CYLINDRICAL_SURFACE ( 'NONE', #8892, 2.000000000000000000 ) ;
#3267 = CARTESIAN_POINT ( 'NONE',  ( -17.30995283342998192, -39.40000000000001990, -35.75763087023053544 ) ) ;
#3268 = CARTESIAN_POINT ( 'NONE',  ( 0.1415815638763253947, -36.36181240935157177, -2.179719824507905024 ) ) ;
#3269 = ORIENTED_EDGE ( 'NONE', *, *, #9507, .T. ) ;
#3270 = CARTESIAN_POINT ( 'NONE',  ( -16.29999999999999716, 1.969999999999993090, 29.07223050896224237 ) ) ;
#3271 = ORIENTED_EDGE ( 'NONE', *, *, #3133, .T. ) ;
#3272 = VECTOR ( 'NONE', #2155, 1000.000000000000000 ) ;
#3273 = DIRECTION ( 'NONE',  ( 9.251858538542975279E-17, 2.861551616642208852E-16, 1.000000000000000000 ) ) ;
#3274 = CARTESIAN_POINT ( 'NONE',  ( -3.719743878930847014, -37.39999999999999147, 44.08951261808173427 ) ) ;
#3275 = CARTESIAN_POINT ( 'NONE',  ( 0.1390187199121730444, -26.51851491613414780, -2.312117682149512632 ) ) ;
#3276 = PLANE ( 'NONE',  #2170 ) ;
#3277 = ADVANCED_FACE ( 'NONE', ( #7742 ), #5617, .F. ) ;
#3278 = CARTESIAN_POINT ( 'NONE',  ( -1.703519037013342841, -37.39999999999999147, 40.84220498053694826 ) ) ;
#3279 = CARTESIAN_POINT ( 'NONE',  ( 0.1016644731461530393, -26.60565067726432531, 2.433988093953881382 ) ) ;
#3280 = CARTESIAN_POINT ( 'NONE',  ( 0.4397376543209871036, -3.000000000000000888, -9.500000000000000000 ) ) ;
#3281 = LINE ( 'NONE', #5396, #9117 ) ;
#3282 = DIRECTION ( 'NONE',  ( 4.625929269271480860E-17, 0.8660254037844389297, 0.4999999999999994449 ) ) ;
#3283 = DIRECTION ( 'NONE',  ( 0.000000000000000000, 0.5000000000000003331, -0.8660254037844385966 ) ) ;
#3284 = ORIENTED_EDGE ( 'NONE', *, *, #1381, .F. ) ;
#3285 = ORIENTED_EDGE ( 'NONE', *, *, #7425, .T. ) ;
#3286 = CARTESIAN_POINT ( 'NONE',  ( -25.18851900018694323, 1.734723475976807094E-15, 37.35215164528322873 ) ) ;
#3287 = CARTESIAN_POINT ( 'NONE',  ( 0.08296619315139705519, -36.09606263588967323, 2.480290246525500120 ) ) ;
#3288 = ORIENTED_EDGE ( 'NONE', *, *, #5367, .F. ) ;
#3289 = CARTESIAN_POINT ( 'NONE',  ( -9.299999999999998934, -7.999999999999988454, -5.946707772653140545 ) ) ;
#3290 = LINE ( 'NONE', #979, #3629 ) ;
#3291 = EDGE_CURVE ( 'NONE', #4915, #4862, #7043, .T. ) ;
#3292 = DIRECTION ( 'NONE',  ( 1.000000000000000000, 0.000000000000000000, 0.000000000000000000 ) ) ;
#3293 = LINE ( 'NONE', #7716, #3852 ) ;
#3294 = CARTESIAN_POINT ( 'NONE',  ( -29.00000000000000000, -3.551475717527324818E-15, 39.50000000000001421 ) ) ;
#3295 = CIRCLE ( 'NONE', #3609, 0.1999999999999996503 ) ;
#3296 = VERTEX_POINT ( 'NONE', #4696 ) ;
#3297 = DIRECTION ( 'NONE',  ( 4.625929269271490105E-17, -0.8660254037844385966, 0.5000000000000003331 ) ) ;
#3298 = ORIENTED_EDGE ( 'NONE', *, *, #2033, .T. ) ;
#3299 = CARTESIAN_POINT ( 'NONE',  ( 0.1045621488008216526, -12.67123630599941109, -9.976370237081718884 ) ) ;
#3300 = DIRECTION ( 'NONE',  ( -1.000000000000000000, -1.224646799147353454E-16, 0.000000000000000000 ) ) ;
#3301 = ORIENTED_EDGE ( 'NONE', *, *, #8505, .T. ) ;
#3302 = B_SPLINE_CURVE_WITH_KNOTS ( 'NONE', 3,
 ( #744, #3747, #2125, #15 ),
 .UNSPECIFIED., .F., .F.,
 ( 4, 4 ),
 ( 0.05076142131979698158, 0.9492385786802027825 ),
 .UNSPECIFIED. ) ;
#3303 = CARTESIAN_POINT ( 'NONE',  ( 0.1731227113667695161, -26.57388340661772119, 2.363157449218686423 ) ) ;
#3304 = DIRECTION ( 'NONE',  ( 1.000000000000000000, 1.224646799147353454E-16, 0.000000000000000000 ) ) ;
#3305 = EDGE_CURVE ( 'NONE', #5587, #3136, #2698, .T. ) ;
#3306 = DIRECTION ( 'NONE',  ( 1.000000000000000000, 0.000000000000000000, 0.000000000000000000 ) ) ;
#3307 = VECTOR ( 'NONE', #3924, 1000.000000000000000 ) ;
#3308 = AXIS2_PLACEMENT_3D ( 'NONE', #6093, #9638, #7478 ) ;
#3309 = CARTESIAN_POINT ( 'NONE',  ( -8.427769491037762961, -2.000000000000001776, -45.00000000000000711 ) ) ;
#3310 = CARTESIAN_POINT ( 'NONE',  ( 0.1123939741737936676, -12.99293987572843001, -7.428203490055373059 ) ) ;
#3311 = CARTESIAN_POINT ( 'NONE',  ( 0.1569560366075680169, -3.261924654530750978, -7.067020806624753071 ) ) ;
#3312 = ORIENTED_EDGE ( 'NONE', *, *, #5411, .F. ) ;
#3313 = VECTOR ( 'NONE', #5161, 999.9999999999998863 ) ;
#3314 = ADVANCED_FACE ( 'NONE', ( #1850 ), #4508, .T. ) ;
#3315 = AXIS2_PLACEMENT_3D ( 'NONE', #1459, #2847, #8240 ) ;
#3316 = CARTESIAN_POINT ( 'NONE',  ( -16.19999999999999929, -13.14999999999999503, 2.973353886326579598 ) ) ;
#3317 = FACE_OUTER_BOUND ( 'NONE', #1589, .T. ) ;
#3318 = CARTESIAN_POINT ( 'NONE',  ( 0.09737342326658214586, -36.40003201521934528, -2.000192091316008280 ) ) ;
#3319 = DIRECTION ( 'NONE',  ( 1.301042606982638453E-14, 0.8660254037844330455, 0.5000000000000096589 ) ) ;
#3320 = CARTESIAN_POINT ( 'NONE',  ( -16.29999999999999716, -12.47666666666667723, 29.07223050896224237 ) ) ;
#3321 = AXIS2_PLACEMENT_3D ( 'NONE', #7644, #5339, #1559 ) ;
#3322 = EDGE_CURVE ( 'NONE', #6930, #9687, #3118, .T. ) ;
#3323 = ADVANCED_FACE ( 'NONE', ( #3965 ), #6352, .F. ) ;
#3324 = FACE_OUTER_BOUND ( 'NONE', #4432, .T. ) ;
#3325 = CARTESIAN_POINT ( 'NONE',  ( -9.300000000000002487, -13.15000000000000391, -2.973353886326565831 ) ) ;
#3326 = CARTESIAN_POINT ( 'NONE',  ( 0.06626598899113657348, -2.998727341062171980, -7.492364046373071851 ) ) ;
#3327 = AXIS2_PLACEMENT_3D ( 'NONE', #5589, #7860, #7212 ) ;
#3328 = CARTESIAN_POINT ( 'NONE',  ( 0.1671941796642412437, -26.46690007966754266, -2.235419790044362198 ) ) ;
#3329 = CARTESIAN_POINT ( 'NONE',  ( -14.29999999620456563, 2.602085214429972777E-15, -25.30805106144374150 ) ) ;
#3330 = CARTESIAN_POINT ( 'NONE',  ( -0.7873674173657786435, -37.39999999999999147, 38.90235035740271030 ) ) ;
#3331 =( BOUNDED_CURVE ( )  B_SPLINE_CURVE ( 3, ( #7086, #1145, #8673, #9496 ),
 .UNSPECIFIED., .F., .F. ) 
 B_SPLINE_CURVE_WITH_KNOTS ( ( 4, 4 ),
 ( 0.6605173887667694643, 1.570796326794896558 ),
 .UNSPECIFIED. ) 
 CURVE ( )  GEOMETRIC_REPRESENTATION_ITEM ( )  RATIONAL_B_SPLINE_CURVE ( ( 1.000000000000000000, 0.9321331520445502727, 0.9321331520445502727, 1.000000000000000000 ) ) 
 REPRESENTATION_ITEM ( '' )  );
#3332 = LINE ( 'NONE', #2505, #7156 ) ;
#3333 = CARTESIAN_POINT ( 'NONE',  ( -9.299999999999998934, -8.049999999999997158, 6.033310313031597261 ) ) ;
#3334 = FACE_OUTER_BOUND ( 'NONE', #1322, .T. ) ;
#3335 = EDGE_CURVE ( 'NONE', #3252, #8087, #6866, .T. ) ;
#3336 = DIRECTION ( 'NONE',  ( 1.000000000000000000, 0.000000000000000000, 0.000000000000000000 ) ) ;
#3337 = CARTESIAN_POINT ( 'NONE',  ( -12.69999999999999574, -0.2524272232914865355, 44.00723796074179717 ) ) ;
#3338 = ORIENTED_EDGE ( 'NONE', *, *, #8453, .T. ) ;
#3339 = CARTESIAN_POINT ( 'NONE',  ( -24.94928043549547425, 1.858164082660355561E-15, 39.33970650614205056 ) ) ;
#3340 = CARTESIAN_POINT ( 'NONE',  ( 0.09871229422086970351, -35.90003774406990544, 2.500006290678316034 ) ) ;
#3341 = ORIENTED_EDGE ( 'NONE', *, *, #6893, .F. ) ;
#3342 = CARTESIAN_POINT ( 'NONE',  ( 0.000000000000000000, -2.899999999999999911, -6.900000000000003020 ) ) ;
#3343 = DIRECTION ( 'NONE',  ( 0.000000000000000000, 0.5000000000000007772, 0.8660254037844381525 ) ) ;
#3344 = DATE_AND_TIME ( #9289, #2129 ) ;
#3345 = CARTESIAN_POINT ( 'NONE',  ( -9.299999999999998934, -26.25000000000000000, 6.526646113673430172 ) ) ;
#3346 = DIRECTION ( 'NONE',  ( -0.000000000000000000, -0.8660254037844428154, -0.4999999999999930056 ) ) ;
#3347 = CARTESIAN_POINT ( 'NONE',  ( -20.56664682106471531, 1.245989962135940264E-15, 38.13197807857213206 ) ) ;
#3348 = EDGE_CURVE ( 'NONE', #5355, #4831, #5172, .T. ) ;
#3349 = EDGE_LOOP ( 'NONE', ( #1939, #5414, #4268 ) ) ;
#3350 = CARTESIAN_POINT ( 'NONE',  ( -36.24999999999999289, -37.40000000000000568, -39.49999999999999289 ) ) ;
#3351 = ORIENTED_EDGE ( 'NONE', *, *, #6101, .F. ) ;
#3352 = CARTESIAN_POINT ( 'NONE',  ( 0.3335696373507567869, -12.49999999999999822, -10.00000000000000000 ) ) ;
#3353 = LINE ( 'NONE', #5695, #2637 ) ;
#3354 = ORIENTED_EDGE ( 'NONE', *, *, #5037, .T. ) ;
#3355 = CARTESIAN_POINT ( 'NONE',  ( 0.1569560366363304815, -26.66192465930101818, 2.432979193802056628 ) ) ;
#3356 = FACE_OUTER_BOUND ( 'NONE', #7661, .T. ) ;
#3357 = FACE_OUTER_BOUND ( 'NONE', #9062, .T. ) ;
#3358 = CARTESIAN_POINT ( 'NONE',  ( -3.194853015956300366E-16, -12.91136274870298095, -10.06856045811715994 ) ) ;
#3359 = CARTESIAN_POINT ( 'NONE',  ( 0.1336395998130856799, -12.97425709738419819, -7.355276859955942825 ) ) ;
#3360 = CARTESIAN_POINT ( 'NONE',  ( 0.1774511383174855184, -3.193833899069315141, -7.118691453067334862 ) ) ;
#3361 = EDGE_CURVE ( 'NONE', #1413, #9129, #3295, .T. ) ;
#3362 = VERTEX_POINT ( 'NONE', #7142 ) ;
#3363 = CARTESIAN_POINT ( 'NONE',  ( -9.400000000000002132, -46.89935565298213760, -24.51073498500608494 ) ) ;
#3364 = CARTESIAN_POINT ( 'NONE',  ( 0.06776370892644575927, -26.39481378079085161, 2.026965469267536957 ) ) ;
#3365 = FACE_OUTER_BOUND ( 'NONE', #5497, .T. ) ;
#3366 = AXIS2_PLACEMENT_3D ( 'NONE', #7042, #8775, #1151 ) ;
#3367 = ORIENTED_EDGE ( 'NONE', *, *, #1689, .T. ) ;
#3368 = CARTESIAN_POINT ( 'NONE',  ( -26.86388474551888805, 1.969999999999993090, 37.50000000000001421 ) ) ;
#3369 = VERTEX_POINT ( 'NONE', #3615 ) ;
#3370 = VECTOR ( 'NONE', #5816, 1000.000000000000000 ) ;
#3371 = ADVANCED_FACE ( 'NONE', ( #469 ), #3468, .T. ) ;
#3372 = CARTESIAN_POINT ( 'NONE',  ( -16.19999999999999929, -31.39999999999999147, -3.553292227346872778 ) ) ;
#3373 = CARTESIAN_POINT ( 'NONE',  ( -16.29999999999999716, -36.54999999999999005, -6.526646113673447935 ) ) ;
#3374 = CARTESIAN_POINT ( 'NONE',  ( 0.1428853036805140531, -3.038178353966054956, -7.320868411314024549 ) ) ;
#3375 = CARTESIAN_POINT ( 'NONE',  ( 0.3541161069170057907, -26.45058351978361344, -2.221575603183993497 ) ) ;
#3376 = CARTESIAN_POINT ( 'NONE',  ( 0.05903631049302436595, -36.06827857103910162, -2.505191704559111443 ) ) ;
#3377 = AXIS2_PLACEMENT_3D ( 'NONE', #3441, #1128, #2805 ) ;
#3378 = CARTESIAN_POINT ( 'NONE',  ( -16.19999999999999929, -7.949999999999988631, -6.033310313031585714 ) ) ;
#3379 = EDGE_CURVE ( 'NONE', #495, #7887, #1504, .T. ) ;
#3380 = DIRECTION ( 'NONE',  ( -1.000000000000000000, -1.734723475976807834E-16, 0.000000000000000000 ) ) ;
#3381 = EDGE_CURVE ( 'NONE', #6225, #3026, #5715, .T. ) ;
#3382 = CARTESIAN_POINT ( 'NONE',  ( 0.4397376543209853272, -3.467269176310514123, -10.00000000000000000 ) ) ;
#3383 = CARTESIAN_POINT ( 'NONE',  ( 0.3264917695473262271, -12.49999999999999822, -6.999999999999999112 ) ) ;
#3384 = AXIS2_PLACEMENT_3D ( 'NONE', #5211, #745, #6627 ) ;
#3385 = EDGE_CURVE ( 'NONE', #6724, #8309, #1729, .T. ) ;
#3386 = CARTESIAN_POINT ( 'NONE',  ( -20.15618522322897377, -37.40000000000090097, -35.59769722787302015 ) ) ;
#3387 = CARTESIAN_POINT ( 'NONE',  ( -12.70000000000000107, -0.05205464666337133312, 43.52349576871856129 ) ) ;
#3388 = ORIENTED_EDGE ( 'NONE', *, *, #7330, .F. ) ;
#3389 = CARTESIAN_POINT ( 'NONE',  ( -27.05118034924219117, -37.40000000000000568, 37.47848502991971031 ) ) ;
#3390 = LINE ( 'NONE', #7756, #1004 ) ;
#3391 = ORIENTED_EDGE ( 'NONE', *, *, #213, .F. ) ;
#3392 = CARTESIAN_POINT ( 'NONE',  ( -9.299999999999998934, -8.000000000000000000, 3.599999999999990319 ) ) ;
#3393 = EDGE_CURVE ( 'NONE', #5540, #2213, #9604, .T. ) ;
#3394 = DIRECTION ( 'NONE',  ( 1.224646799147352961E-16, 1.499759782661857608E-32, 1.000000000000000000 ) ) ;
#3395 = DIRECTION ( 'NONE',  ( 4.625929269271491954E-17, -0.8660254037844383745, 0.5000000000000004441 ) ) ;
#3396 = FACE_OUTER_BOUND ( 'NONE', #2834, .T. ) ;
#3397 = AXIS2_PLACEMENT_3D ( 'NONE', #5204, #738, #6520 ) ;
#3398 = ORIENTED_EDGE ( 'NONE', *, *, #7539, .T. ) ;
#3399 = DIRECTION ( 'NONE',  ( 9.251858538542971581E-17, 0.000000000000000000, 1.000000000000000000 ) ) ;
#3400 = ORIENTED_EDGE ( 'NONE', *, *, #1893, .F. ) ;
#3401 = ORIENTED_EDGE ( 'NONE', *, *, #7280, .F. ) ;
#3402 = CARTESIAN_POINT ( 'NONE',  ( 0.2008050707421729364, -12.55824188539052777, -9.999999999999991118 ) ) ;
#3403 = DIRECTION ( 'NONE',  ( 4.625929269271487639E-17, -0.8660254037844385966, 0.5000000000000001110 ) ) ;
#3404 = ORIENTED_EDGE ( 'NONE', *, *, #6599, .T. ) ;
#3405 = CARTESIAN_POINT ( 'NONE',  ( 0.1626308743011210811, -26.63645519635078784, 2.416186471776389233 ) ) ;
#3406 = CARTESIAN_POINT ( 'NONE',  ( 0.09999999999999939493, -12.49999999999999822, -10.00000000000000000 ) ) ;
#3407 = DIRECTION ( 'NONE',  ( -8.673617379884030739E-15, -0.8660254037844405950, 0.4999999999999967804 ) ) ;
#3408 = EDGE_CURVE ( 'NONE', #231, #6472, #4232, .T. ) ;
#3409 = PLANE ( 'NONE',  #8524 ) ;
#3410 = CARTESIAN_POINT ( 'NONE',  ( 0.1869766347849095844, -12.99404000890290334, -7.453636373263430315 ) ) ;
#3411 = CARTESIAN_POINT ( 'NONE',  ( 0.1696058972974785750, -3.192779443997994182, -7.118711054553873652 ) ) ;
#3412 = VERTEX_POINT ( 'NONE', #3563 ) ;
#3413 = CARTESIAN_POINT ( 'NONE',  ( 0.08499356122632470423, -26.39907129503593808, 2.004549396709487841 ) ) ;
#3414 = CARTESIAN_POINT ( 'NONE',  ( -7.031044352339828940, 1.300054084168809818E-12, -44.49141882979196794 ) ) ;
#3415 = CARTESIAN_POINT ( 'NONE',  ( -29.00000000000000355, -13.79999999999972893, -37.49999999999999289 ) ) ;
#3416 = EDGE_CURVE ( 'NONE', #515, #302, #318, .T. ) ;
#3417 = AXIS2_PLACEMENT_3D ( 'NONE', #7635, #173, #2289 ) ;
#3418 = AXIS2_PLACEMENT_3D ( 'NONE', #22, #9595, #2975 ) ;
#3419 = CARTESIAN_POINT ( 'NONE',  ( -29.00000000000000355, -26.92333333332080869, 37.50000000000001421 ) ) ;
#3420 = DIRECTION ( 'NONE',  ( -1.734723475976807834E-16, 1.000000000000000000, 0.000000000000000000 ) ) ;
#3421 = DIRECTION ( 'NONE',  ( 0.000000000000000000, 0.000000000000000000, 1.000000000000000000 ) ) ;
#3422 = CARTESIAN_POINT ( 'NONE',  ( 0.1637735006034380381, -3.081646584839730973, -7.231354666820790200 ) ) ;
#3423 = VECTOR ( 'NONE', #7618, 1000.000000000000000 ) ;
#3424 = CARTESIAN_POINT ( 'NONE',  ( 0.1617473519338107624, -26.63076796189389128, -2.418336786317230480 ) ) ;
#3425 = CARTESIAN_POINT ( 'NONE',  ( 0.1377446656033940176, -36.05101288657578351, -2.475555209076007568 ) ) ;
#3426 = FACE_OUTER_BOUND ( 'NONE', #5460, .T. ) ;
#3427 = ADVANCED_FACE ( 'NONE', ( #6496 ), #7985, .F. ) ;
#3428 = CARTESIAN_POINT ( 'NONE',  ( -16.29999999999999716, -31.39999999999999147, 15.64670777265314605 ) ) ;
#3429 = CARTESIAN_POINT ( 'NONE',  ( 0.4397376543209853272, -3.066110106047752470, -9.750558514135226673 ) ) ;
#3430 = CIRCLE ( 'NONE', #4059, 3.349999999999998757 ) ;
#3431 = CARTESIAN_POINT ( 'NONE',  ( 0.1563424206669395411, -12.73742410028197369, -7.066985998486265963 ) ) ;
#3432 = CARTESIAN_POINT ( 'NONE',  ( -24.30166560838313572, -39.39999999999996305, -37.22329248587283956 ) ) ;
#3433 = DIRECTION ( 'NONE',  ( 0.000000000000000000, 0.5000000000000134337, -0.8660254037844309360 ) ) ;
#3434 = EDGE_LOOP ( 'NONE', ( #8208, #6140, #1230, #5527 ) ) ;
#3435 = CARTESIAN_POINT ( 'NONE',  ( -25.20987741618345623, -39.40000000000002700, 37.35451617825799531 ) ) ;
#3436 = CARTESIAN_POINT ( 'NONE',  ( 0.1370329237314896753, -36.05318963335685822, 2.475576470653190420 ) ) ;
#3437 = ORIENTED_EDGE ( 'NONE', *, *, #3533, .T. ) ;
#3438 = CARTESIAN_POINT ( 'NONE',  ( 0.02671071723201430548, -3.318160625509901429, -6.969693433977729669 ) ) ;
#3439 = PERSON_AND_ORGANIZATION_ROLE ( 'design_supplier' ) ;
#3440 = DIRECTION ( 'NONE',  ( -0.000000000000000000, 0.000000000000000000, -1.000000000000000000 ) ) ;
#3441 = CARTESIAN_POINT ( 'NONE',  ( -9.399999999999998579, -2.849999999999999201, -2.973353886326579598 ) ) ;
#3442 = CARTESIAN_POINT ( 'NONE',  ( -19.69558773135182506, 1.708118574087570439E-15, -37.67032614531238721 ) ) ;
#3443 = ORIENTED_EDGE ( 'NONE', *, *, #525, .T. ) ;
#3444 = CARTESIAN_POINT ( 'NONE',  ( -20.00000000000000000, -12.49999999999999822, -7.000000000000000000 ) ) ;
#3445 = EDGE_LOOP ( 'NONE', ( #9153, #4453, #6477, #1457 ) ) ;
#3447 = EDGE_LOOP ( 'NONE', ( #300, #6069, #1781, #5639 ) ) ;
#3446 = EDGE_CURVE ( 'NONE', #544, #2765, #7585, .T. ) ;
#3448 = CARTESIAN_POINT ( 'NONE',  ( 0.09491475995917418584, -12.79038896044775697, -9.929260831847363633 ) ) ;
#3449 = CARTESIAN_POINT ( 'NONE',  ( 0.05425706991633002380, -26.83752952622263876, -2.510933791214547295 ) ) ;
#3450 = ORIENTED_EDGE ( 'NONE', *, *, #6028, .F. ) ;
#3451 = CARTESIAN_POINT ( 'NONE',  ( 0.2599264538706789196, -26.60343288990185329, 2.383339445103460186 ) ) ;
#3452 = DIRECTION ( 'NONE',  ( 0.000000000000000000, 0.000000000000000000, 1.000000000000000000 ) ) ;
#3453 = DIRECTION ( 'NONE',  ( -0.000000000000000000, -0.000000000000000000, -1.000000000000000000 ) ) ;
#3454 = CARTESIAN_POINT ( 'NONE',  ( -9.399999999999996803, -31.34999999999998721, 15.53331031303158838 ) ) ;
#3455 = AXIS2_PLACEMENT_3D ( 'NONE', #9024, #7544, #812 ) ;
#3456 = CARTESIAN_POINT ( 'NONE',  ( -5.724158971712366650, -39.40000000000002700, 41.89131388806335110 ) ) ;
#3457 = DIRECTION ( 'NONE',  ( 0.000000000000000000, 0.000000000000000000, 1.000000000000000000 ) ) ;
#3458 = EDGE_LOOP ( 'NONE', ( #2450, #1972, #8547, #3826 ) ) ;
#3459 = ADVANCED_FACE ( 'NONE', ( #4342 ), #8079, .T. ) ;
#3460 = CYLINDRICAL_SURFACE ( 'NONE', #3568, 0.09999999999999939493 ) ;
#3461 = DIRECTION ( 'NONE',  ( -1.734723475976797628E-14, 0.5000000000000115463, -0.8660254037844319353 ) ) ;
#3462 = CARTESIAN_POINT ( 'NONE',  ( -0.2499999999999932832, -31.39999999999999858, -9.500000000000008882 ) ) ;
#3463 = DIRECTION ( 'NONE',  ( 0.000000000000000000, -1.000000000000000000, 0.000000000000000000 ) ) ;
#3464 = CARTESIAN_POINT ( 'NONE',  ( -3.128077913948454025, -2.000000000000000444, 42.55199308657052626 ) ) ;
#3465 = AXIS2_PLACEMENT_3D ( 'NONE', #3502, #1333, #7228 ) ;
#3466 = AXIS2_PLACEMENT_3D ( 'NONE', #5654, #2873, #8115 ) ;
#3467 = DIRECTION ( 'NONE',  ( -1.000000000000000000, 0.000000000000000000, 0.000000000000000000 ) ) ;
#3468 = CYLINDRICAL_SURFACE ( 'NONE', #4386, 0.5000000000000004441 ) ;
#3469 = CARTESIAN_POINT ( 'NONE',  ( 0.1229047811021417164, -3.007243339097211976, -7.434285251758451452 ) ) ;
#3470 = EDGE_CURVE ( 'NONE', #5896, #1752, #5858, .T. ) ;
#3471 = LINE ( 'NONE', #2095, #2738 ) ;
#3472 = CARTESIAN_POINT ( 'NONE',  ( 0.4397376543209853272, -26.64819050981455106, -2.436893194177129018 ) ) ;
#3473 = CARTESIAN_POINT ( 'NONE',  ( 0.07920148355752558433, -36.02196844868472425, -2.494837555740843094 ) ) ;
#3474 = AXIS2_PLACEMENT_3D ( 'NONE', #2469, #4804, #2517 ) ;
#3475 = CARTESIAN_POINT ( 'NONE',  ( -15.11436904784478230, -39.40000000000000568, 31.81198191015683463 ) ) ;
#3476 = VECTOR ( 'NONE', #807, 1000.000000000000000 ) ;
#3477 = CARTESIAN_POINT ( 'NONE',  ( -9.300000000000002487, -36.54999999999999005, 6.526646113673449712 ) ) ;
#3478 = DIRECTION ( 'NONE',  ( 1.734723475976802677E-14, 0.000000000000000000, 1.000000000000000000 ) ) ;
#3479 = SPHERICAL_SURFACE ( 'NONE', #1100, 0.1000000000000000056 ) ;
#3480 = AXIS2_PLACEMENT_3D ( 'NONE', #2744, #5136, #7246 ) ;
#3481 = CARTESIAN_POINT ( 'NONE',  ( -15.65672832018186256, -39.39999999999999858, -33.20884182596714140 ) ) ;
#3482 = DIRECTION ( 'NONE',  ( -1.734723475976817507E-14, 0.000000000000000000, -1.000000000000000000 ) ) ;
#3483 = EDGE_CURVE ( 'NONE', #3612, #9630, #5634, .T. ) ;
#3484 = CARTESIAN_POINT ( 'NONE',  ( -19.69558773115567618, -39.39999999999999147, 37.67032614573806626 ) ) ;
#3485 = SPHERICAL_SURFACE ( 'NONE', #9021, 0.5000000000000000000 ) ;
#3486 = VERTEX_POINT ( 'NONE', #6401 ) ;
#3487 = CARTESIAN_POINT ( 'NONE',  ( 0.000000000000000000, -2.914108446399983343, -6.984650678399955126 ) ) ;
#3488 = LINE ( 'NONE', #1873, #9442 ) ;
#3489 = CARTESIAN_POINT ( 'NONE',  ( -9.399999999999998579, -13.19999999999999929, -3.059956426705004784 ) ) ;
#3490 = CARTESIAN_POINT ( 'NONE',  ( -16.55254518441839195, 1.753060837200018266E-15, -34.77563055453913421 ) ) ;
#3491 = ORIENTED_EDGE ( 'NONE', *, *, #7281, .T. ) ;
#3492 = ORIENTED_EDGE ( 'NONE', *, *, #452, .T. ) ;
#3493 = ORIENTED_EDGE ( 'NONE', *, *, #4439, .T. ) ;
#3494 = CARTESIAN_POINT ( 'NONE',  ( -12.69999999999999929, -1.555301434917138630E-15, -43.00000000000000000 ) ) ;
#3495 = CARTESIAN_POINT ( 'NONE',  ( -27.05118034926701043, 2.602085213965210642E-15, -37.47848502898698086 ) ) ;
#3496 = EDGE_LOOP ( 'NONE', ( #1437, #3712, #4120, #2154, #1565, #1082 ) ) ;
#3497 = CARTESIAN_POINT ( 'NONE',  ( 0.1605640791020443991, -26.63585430542634569, 2.416179933019689585 ) ) ;
#3498 = CARTESIAN_POINT ( 'NONE',  ( 0.003146909516394660357, -12.92428403040563900, -10.07071400548815632 ) ) ;
#3499 = CARTESIAN_POINT ( 'NONE',  ( 0.03864744970013613695, -12.62619505639841933, -6.978967490600266999 ) ) ;
#3500 = AXIS2_PLACEMENT_3D ( 'NONE', #1039, #9257, #2532 ) ;
#3501 = CARTESIAN_POINT ( 'NONE',  ( -16.00000000000000000, -35.89999999999999858, 2.500000000000000000 ) ) ;
#3502 = CARTESIAN_POINT ( 'NONE',  ( -16.19999999999999929, -2.850000000000005418, -2.973353886326579598 ) ) ;
#3503 = CARTESIAN_POINT ( 'NONE',  ( -9.299999999999998934, -13.15000000000000391, -2.973353886326556506 ) ) ;
#3504 = VERTEX_POINT ( 'NONE', #9410 ) ;
#3505 = CARTESIAN_POINT ( 'NONE',  ( 0.04384580559018020490, -26.38279716298379185, 2.102741954658581491 ) ) ;
#3506 = CARTESIAN_POINT ( 'NONE',  ( -7.526371661155215165, 1.690538772941759226E-15, -42.55229725808909080 ) ) ;
#3507 = DIRECTION ( 'NONE',  ( 1.000000000000000000, 1.156482317317870246E-16, 0.000000000000000000 ) ) ;
#3508 = EDGE_CURVE ( 'NONE', #6904, #6320, #4855, .T. ) ;
#3509 = CARTESIAN_POINT ( 'NONE',  ( -2.458029078341926077, 1.747945627085727460E-15, -37.51368348897167948 ) ) ;
#3510 = CARTESIAN_POINT ( 'NONE',  ( -5.880257261373166067, -8.463535313513971161E-16, 41.96043611108738958 ) ) ;
#3511 = ORIENTED_EDGE ( 'NONE', *, *, #6437, .T. ) ;
#3512 = FACE_OUTER_BOUND ( 'NONE', #3648, .T. ) ;
#3513 = DIRECTION ( 'NONE',  ( 1.000000000000000000, 1.156482317317870246E-16, 0.000000000000000000 ) ) ;
#3514 = CARTESIAN_POINT ( 'NONE',  ( 0.1293346990503300431, -3.081770444059737990, -7.220867531507855652 ) ) ;
#3515 = CARTESIAN_POINT ( 'NONE',  ( 0.1007948366838433002, -36.37433099246141666, 2.165053378993833988 ) ) ;
#3516 = DIRECTION ( 'NONE',  ( 0.000000000000000000, 0.000000000000000000, -1.000000000000000000 ) ) ;
#3517 = AXIS2_PLACEMENT_3D ( 'NONE', #5767, #3671, #4344 ) ;
#3518 = CARTESIAN_POINT ( 'NONE',  ( -16.55254518441838130, -39.39999999999999147, 34.77563055453914131 ) ) ;
#3519 = CARTESIAN_POINT ( 'NONE',  ( -9.399999999999996803, -26.25000000000000000, 12.47335388632657249 ) ) ;
#3520 = VECTOR ( 'NONE', #963, 1000.000000000000000 ) ;
#3521 = EDGE_CURVE ( 'NONE', #7821, #6399, #7535, .T. ) ;
#3522 = CARTESIAN_POINT ( 'NONE',  ( -0.4083832228676202991, -39.39999999999999147, -37.54226765763017681 ) ) ;
#3523 = CARTESIAN_POINT ( 'NONE',  ( 0.3321217092004533078, -12.56546164737897797, -6.999999999999999112 ) ) ;
#3524 = CARTESIAN_POINT ( 'NONE',  ( -19.36092027298571239, -37.40000000000176072, -34.98216965104182918 ) ) ;
#3525 = AXIS2_PLACEMENT_3D ( 'NONE', #1225, #4219, #7213 ) ;
#3526 = DIRECTION ( 'NONE',  ( 0.000000000000000000, 0.000000000000000000, 1.000000000000000000 ) ) ;
#3527 = CARTESIAN_POINT ( 'NONE',  ( -20.87617123095222738, -39.39999999999998437, 36.03902228350339954 ) ) ;
#3528 = CARTESIAN_POINT ( 'NONE',  ( 0.1072703816891314305, -36.36215334086680429, 2.197737260713387375 ) ) ;
#3529 = ORIENTED_EDGE ( 'NONE', *, *, #5745, .T. ) ;
#3530 = DIRECTION ( 'NONE',  ( -4.625929269271475313E-17, 0.8660254037844393737, -0.4999999999999988898 ) ) ;
#3531 = LINE ( 'NONE', #5782, #7383 ) ;
#3532 = AXIS2_PLACEMENT_3D ( 'NONE', #4668, #4620, #889 ) ;
#3533 = EDGE_CURVE ( 'NONE', #8126, #2441, #5017, .T. ) ;
#3534 = CARTESIAN_POINT ( 'NONE',  ( 0.1371207144762401908, -3.024424032243855809, -9.651450296854237720 ) ) ;
#3535 = CARTESIAN_POINT ( 'NONE',  ( -0.2499999999999863443, -8.000000000000000000, -3.350000000000001421 ) ) ;
#3536 = CARTESIAN_POINT ( 'NONE',  ( -14.34485364239854022, 1.739435910739524821E-15, -27.33876599415877706 ) ) ;
#3537 = ORIENTED_EDGE ( 'NONE', *, *, #5905, .F. ) ;
#3538 = ORIENTED_EDGE ( 'NONE', *, *, #5191, .F. ) ;
#3539 = ORIENTED_EDGE ( 'NONE', *, *, #1409, .F. ) ;
#3540 = CARTESIAN_POINT ( 'NONE',  ( 8.000000000000000000, -26.89999999999999858, -2.500000000000000000 ) ) ;
#3541 = CARTESIAN_POINT ( 'NONE',  ( 0.1016644731461470580, -12.89907840114933357, -9.829259015540236177 ) ) ;
#3542 = CARTESIAN_POINT ( 'NONE',  ( -22.00818331425638519, 1.242688357807311202E-15, -38.69202754201372585 ) ) ;
#3543 = ORIENTED_EDGE ( 'NONE', *, *, #5729, .F. ) ;
#3544 = CARTESIAN_POINT ( 'NONE',  ( 0.1724245677406430755, -26.51853483629028929, 2.307901391211585551 ) ) ;
#3545 = CARTESIAN_POINT ( 'NONE',  ( 0.03864744970013413161, -13.02103250939973655, -9.626195056398428207 ) ) ;
#3546 = CARTESIAN_POINT ( 'NONE',  ( 0.03864744970013618552, -13.02103250939973655, -7.373804943601585116 ) ) ;
#3547 = ADVANCED_FACE ( 'NONE', ( #7391 ), #2398, .T. ) ;
#3548 = CARTESIAN_POINT ( 'NONE',  ( -16.29999999999999716, -31.34999999999998366, 15.64878036686951113 ) ) ;
#3549 = CARTESIAN_POINT ( 'NONE',  ( -5.394073914291086069, -39.39999999999999858, 41.71481975746880266 ) ) ;
#3550 = CYLINDRICAL_SURFACE ( 'NONE', #5022, 0.09999999999999931166 ) ;
#3551 = EDGE_LOOP ( 'NONE', ( #5983, #2811, #6157, #3884 ) ) ;
#3552 = FACE_OUTER_BOUND ( 'NONE', #290, .T. ) ;
#3553 = CARTESIAN_POINT ( 'NONE',  ( -0.7873674192415021089, 8.391796567950706679E-14, -38.90235035683494402 ) ) ;
#3554 = EDGE_CURVE ( 'NONE', #5982, #3883, #8478, .T. ) ;
#3555 = AXIS2_PLACEMENT_3D ( 'NONE', #8852, #1275, #4271 ) ;
#3556 = CARTESIAN_POINT ( 'NONE',  ( -0.2499999999999932832, -31.39999999999999858, -9.500000000000008882 ) ) ;
#3557 = B_SPLINE_CURVE_WITH_KNOTS ( 'NONE', 3,
 ( #1173, #396, #1971, #8747, #4908, #4316, #7957, #536, #584, #7908, #8701, #4957, #3442, #5101, #4220, #2859, #1318, #4173, #1270, #3490, #1924, #2020, #7164, #2807, #5832, #491, #5786, #8797, #5053, #3536, #8654, #442, #8003, #3587 ),
 .UNSPECIFIED., .F., .F.,
 ( 4, 2, 2, 2, 2, 2, 2, 2, 2, 2, 2, 2, 2, 2, 2, 2, 4 ),
 ( 0.000000000000000000, 0.001507785808249132971, 0.003015571616498265942, 0.006031143232996539691, 0.007538929041245669843, 0.009046714849494799995, 0.009800607753619371143, 0.01055450065774393882, 0.01206228646599309152, 0.01357007227424224249, 0.01432396517836682578, 0.01507785808249140734, 0.01658564389074057566, 0.01809342969898974224, 0.02110900131548808581, 0.02261678712373725586, 0.02412457293198642244 ),
 .UNSPECIFIED. ) ;
#3558 = CARTESIAN_POINT ( 'NONE',  ( -6.767503431745057085, -2.124281204558163797E-15, -42.32645872288964028 ) ) ;
#3559 = CARTESIAN_POINT ( 'NONE',  ( -4.372986503259112645, -4.145977615268807044E-14, 43.42552910667002664 ) ) ;
#3560 = VERTEX_POINT ( 'NONE', #2986 ) ;
#3561 = EDGE_LOOP ( 'NONE', ( #6620, #6900, #7158, #3285 ) ) ;
#3562 = CARTESIAN_POINT ( 'NONE',  ( -12.69999999999999929, -26.92333333333333911, 45.00000000000000711 ) ) ;
#3563 = CARTESIAN_POINT ( 'NONE',  ( -9.299999999999997158, -26.25000000000000000, 12.47335388632657249 ) ) ;
#3564 = CARTESIAN_POINT ( 'NONE',  ( 0.09737342326658311731, -2.999967984780665287, -7.499807908683993496 ) ) ;
#3565 = CARTESIAN_POINT ( 'NONE',  ( 0.09871229422087118843, -36.40000629067833415, 2.000037744069908197 ) ) ;
#3566 = ADVANCED_FACE ( 'NONE', ( #8179 ), #667, .F. ) ;
#3567 = CARTESIAN_POINT ( 'NONE',  ( 0.4397376543092829104, -36.03087394217963890, -2.486986338334157498 ) ) ;
#3568 = AXIS2_PLACEMENT_3D ( 'NONE', #1242, #1191, #460 ) ;
#3569 = CARTESIAN_POINT ( 'NONE',  ( -16.29999999999999716, -26.05000000000000071, 12.47335388632657427 ) ) ;
#3570 = CARTESIAN_POINT ( 'NONE',  ( -8.427769491037762961, 1.970000000000000417, -45.00000000000000711 ) ) ;
#3571 = CARTESIAN_POINT ( 'NONE',  ( 0.000000000000000000, -37.40000000000000568, -32.30000000000000426 ) ) ;
#3572 = CARTESIAN_POINT ( 'NONE',  ( 0.4397376543209871591, -12.63087394217963855, -7.013013661665841170 ) ) ;
#3573 = AXIS2_PLACEMENT_3D ( 'NONE', #5659, #509, #3461 ) ;
#3574 = CARTESIAN_POINT ( 'NONE',  ( -18.80239955617501479, -37.39999999999825775, -34.42189294412353462 ) ) ;
#3575 = LINE ( 'NONE', #5824, #597 ) ;
#3576 = EDGE_CURVE ( 'NONE', #6700, #3789, #4489, .T. ) ;
#3577 = AXIS2_PLACEMENT_3D ( 'NONE', #7249, #4995, #1357 ) ;
#3578 = CARTESIAN_POINT ( 'NONE',  ( -17.01927696635765841, -39.39999999999999147, 31.19748295767135104 ) ) ;
#3579 = CARTESIAN_POINT ( 'NONE',  ( 0.2461052673997221885, -36.19600006527502956, 2.381352031830839433 ) ) ;
#3580 = EDGE_LOOP ( 'NONE', ( #4023, #8900, #5071, #9235 ) ) ;
#3581 = CARTESIAN_POINT ( 'NONE',  ( 0.02671071723188891273, -2.969693433977628860, -7.318160625509715800 ) ) ;
#3582 = CIRCLE ( 'NONE', #2810, 0.5000000000000004441 ) ;
#3583 = CARTESIAN_POINT ( 'NONE',  ( -16.20000000000000284, -26.19999999999999218, -12.55995642670501944 ) ) ;
#3584 = CARTESIAN_POINT ( 'NONE',  ( 0.4397376543209853827, -3.102471643207855845, -9.804977400188409575 ) ) ;
#3585 = DIRECTION ( 'NONE',  ( 0.000000000000000000, 0.000000000000000000, 1.000000000000000000 ) ) ;
#3586 = AXIS2_PLACEMENT_3D ( 'NONE', #3462, #4148, #7137 ) ;
#3587 = CARTESIAN_POINT ( 'NONE',  ( -14.30000000000000604, -1.751244922780715892E-15, -24.79999999999999716 ) ) ;
#3588 = ORIENTED_EDGE ( 'NONE', *, *, #8483, .T. ) ;
#3589 = VECTOR ( 'NONE', #8617, 1000.000000000000114 ) ;
#3590 = ORIENTED_EDGE ( 'NONE', *, *, #4945, .F. ) ;
#3591 = ORIENTED_EDGE ( 'NONE', *, *, #3960, .F. ) ;
#3592 = DIRECTION ( 'NONE',  ( 0.000000000000000000, -0.8660254037844482555, 0.4999999999999837907 ) ) ;
#3593 = CARTESIAN_POINT ( 'NONE',  ( 0.1617473519397182868, -12.91833678625494031, -9.769232036582971901 ) ) ;
#3594 = CARTESIAN_POINT ( 'NONE',  ( -23.04098786174017022, -1.999999999999999556, -36.91257333781113914 ) ) ;
#3595 = EDGE_LOOP ( 'NONE', ( #5426, #1705, #998, #6007 ) ) ;
#3596 = EDGE_CURVE ( 'NONE', #436, #6603, #5228, .T. ) ;
#3597 = CARTESIAN_POINT ( 'NONE',  ( 0.08647305960771504985, -26.40685791416985495, 2.082081386405964629 ) ) ;
#3598 = CARTESIAN_POINT ( 'NONE',  ( 0.05425391871268419458, -3.436618961855717469, -6.988931427952508102 ) ) ;
#3599 = DIRECTION ( 'NONE',  ( 0.000000000000000000, 0.5000000000000059952, 0.8660254037844352659 ) ) ;
#3600 = FACE_BOUND ( 'NONE', #4058, .T. ) ;
#3601 = LINE ( 'NONE', #9447, #7851 ) ;
#3602 = DIRECTION ( 'NONE',  ( -1.000000000000000000, 0.000000000000000000, 0.000000000000000000 ) ) ;
#3603 = VERTEX_POINT ( 'NONE', #3128 ) ;
#3604 = CARTESIAN_POINT ( 'NONE',  ( -12.69999999999999929, -2.000000000000003109, 45.00000000000000000 ) ) ;
#3605 = ORIENTED_EDGE ( 'NONE', *, *, #8393, .T. ) ;
#3606 = EDGE_CURVE ( 'NONE', #2441, #1182, #1886, .T. ) ;
#3607 = CARTESIAN_POINT ( 'NONE',  ( -0.9442468805409106603, -2.000000000000001776, -39.33491365231476777 ) ) ;
#3608 = DIRECTION ( 'NONE',  ( 1.734723475976807094E-16, -1.000000000000000000, 0.000000000000000000 ) ) ;
#3609 = AXIS2_PLACEMENT_3D ( 'NONE', #3373, #1898, #4153 ) ;
#3610 = CARTESIAN_POINT ( 'NONE',  ( -2.079419625070198396, -2.606884980841666230E-15, -35.29348577426573996 ) ) ;
#3611 = CARTESIAN_POINT ( 'NONE',  ( -3.680221856961552795, -4.589012501502509779E-16, 40.20796815228770527 ) ) ;
#3612 = VERTEX_POINT ( 'NONE', #7491 ) ;
#3613 = EDGE_CURVE ( 'NONE', #6960, #4567, #1249, .T. ) ;
#3614 = VERTEX_POINT ( 'NONE', #3669 ) ;
#3615 = CARTESIAN_POINT ( 'NONE',  ( -16.19999999999999929, -26.15000000000000213, 6.526646113673430172 ) ) ;
#3616 = LINE ( 'NONE', #8830, #8072 ) ;
#3617 = CARTESIAN_POINT ( 'NONE',  ( 0.05790538977555082650, -36.40373866222520860, 2.168275993831660031 ) ) ;
#3618 = CARTESIAN_POINT ( 'NONE',  ( 0.2599264538040682582, -36.19656711420785911, -2.383339444266816098 ) ) ;
#3619 = DIRECTION ( 'NONE',  ( -1.000000000000000000, 0.000000000000000000, 9.251858538542972814E-17 ) ) ;
#3620 = AXIS2_PLACEMENT_3D ( 'NONE', #6766, #2311, #8300 ) ;
#3621 = AXIS2_PLACEMENT_3D ( 'NONE', #1636, #1436, #8266 ) ;
#3623 = EDGE_CURVE ( 'NONE', #7388, #7596, #8376, .T. ) ;
#3622 = CARTESIAN_POINT ( 'NONE',  ( -4.741838262953398164, -39.39999999999999147, -41.28218857261609287 ) ) ;
#3624 = ORIENTED_EDGE ( 'NONE', *, *, #48, .T. ) ;
#3625 = CARTESIAN_POINT ( 'NONE',  ( 0.1723127793651152984, -12.88149906842109260, -7.192149224922957274 ) ) ;
#3626 = CARTESIAN_POINT ( 'NONE',  ( -14.82349576871855845, -39.34794535333661969, 24.80000000000001847 ) ) ;
#3627 = CARTESIAN_POINT ( 'NONE',  ( -16.29999999999999716, -7.949999999999996625, 6.033310313031597261 ) ) ;
#3628 = AXIS2_PLACEMENT_3D ( 'NONE', #3982, #9148, #3246 ) ;
#3629 = VECTOR ( 'NONE', #5408, 1000.000000000000114 ) ;
#3630 = CARTESIAN_POINT ( 'NONE',  ( -17.31561912265343395, -39.39999999999999147, 32.00514982068971648 ) ) ;
#3631 = VECTOR ( 'NONE', #1621, 1000.000000000000000 ) ;
#3632 = CARTESIAN_POINT ( 'NONE',  ( 0.1350228211510648979, -36.21335985556769543, 2.382145213301344544 ) ) ;
#3633 = ORIENTED_EDGE ( 'NONE', *, *, #2063, .F. ) ;
#3634 = DIRECTION ( 'NONE',  ( -0.000000000000000000, 0.8660254037844526964, 0.4999999999999759637 ) ) ;
#3635 = CARTESIAN_POINT ( 'NONE',  ( 0.000000000000000000, -8.000000000000000000, -1.224646799147353256E-15 ) ) ;
#3636 = CARTESIAN_POINT ( 'NONE',  ( 0.4397376543209852162, -3.050583519783614417, -9.721575603183996606 ) ) ;
#3637 = EDGE_CURVE ( 'NONE', #1471, #6904, #3922, .T. ) ;
#3638 = CIRCLE ( 'NONE', #4885, 0.09999999999999982514 ) ;
#3639 = CARTESIAN_POINT ( 'NONE',  ( -2.457558517907053819, -4.204557392577342592E-16, 37.51191100115812560 ) ) ;
#3640 = AXIS2_PLACEMENT_3D ( 'NONE', #3700, #8957, #7670 ) ;
#3641 = CARTESIAN_POINT ( 'NONE',  ( 0.05425391871199989474, -35.96338103814629505, -2.511068572047849390 ) ) ;
#3642 = ORIENTED_EDGE ( 'NONE', *, *, #1174, .T. ) ;
#3643 = ORIENTED_EDGE ( 'NONE', *, *, #2325, .T. ) ;
#3644 = EDGE_LOOP ( 'NONE', ( #6770, #9674, #9603, #8414, #4547, #6989 ) ) ;
#3645 = CARTESIAN_POINT ( 'NONE',  ( -14.29999999999999893, 4.336808689942017736E-16, 24.80000000000001137 ) ) ;
#3646 = CARTESIAN_POINT ( 'NONE',  ( 0.1724350523291245108, -12.82618521072429196, -9.863175442513041347 ) ) ;
#3647 = CARTESIAN_POINT ( 'NONE',  ( -22.49966515862062622, 2.228717960296569917E-15, -38.83907584095366161 ) ) ;
#3648 = EDGE_LOOP ( 'NONE', ( #5360, #7692, #4618, #7428 ) ) ;
#3649 = CARTESIAN_POINT ( 'NONE',  ( 0.1406891009012984084, -26.42565604254843947, 2.141438363442941917 ) ) ;
#3650 = DIRECTION ( 'NONE',  ( -1.000000000000000000, 0.000000000000000000, 0.000000000000000000 ) ) ;
#3651 = AXIS2_PLACEMENT_3D ( 'NONE', #3067, #4626, #5320 ) ;
#3652 = CARTESIAN_POINT ( 'NONE',  ( 0.09999999999999939493, -35.89999999999999858, -2.500000000000000000 ) ) ;
#3653 = DIRECTION ( 'NONE',  ( 9.251858538542972814E-17, 5.723103233284423621E-16, 1.000000000000000000 ) ) ;
#3654 = ADVANCED_FACE ( 'NONE', ( #5381 ), #2295, .T. ) ;
#3655 = DIRECTION ( 'NONE',  ( -4.625929269271481476E-17, -0.8660254037844389297, -0.4999999999999994449 ) ) ;
#3656 = CARTESIAN_POINT ( 'NONE',  ( -36.25000000000000000, -2.000000000000004885, 39.50000000000000000 ) ) ;
#3657 = ORIENTED_EDGE ( 'NONE', *, *, #7552, .T. ) ;
#3658 = B_SPLINE_CURVE_WITH_KNOTS ( 'NONE', 5,
 ( #7031, #2628, #3309, #7729, #5422, #7878, #1691, #3951 ),
 .UNSPECIFIED., .F., .F.,
 ( 6, 2, 6 ),
 ( 0.000000000000000000, 0.01044518010512800882, 0.02089036021025601764 ),
 .UNSPECIFIED. ) ;
#3659 = CARTESIAN_POINT ( 'NONE',  ( 0.000000000000000000, 0.000000000000000000, 43.00000000000000000 ) ) ;
#3660 = EDGE_LOOP ( 'NONE', ( #3091, #6222, #6373, #2130 ) ) ;
#3661 = B_SPLINE_SURFACE_WITH_KNOTS ( 'NONE', 5, 3, ( 
 ( #8579, #6990, #7836, #7089 ),
 ( #4102, #1005, #4008, #1848 ),
 ( #272, #3225, #3320, #3270 ),
 ( #6252, #6204, #1148, #5568 ),
 ( #5526, #8529, #957, #1797 ),
 ( #4833, #4785, #6348, #3961 ),
 ( #7787, #4056, #7040, #3368 ),
 ( #9359, #3419, #1894, #2638 ) ),
 .UNSPECIFIED., .F., .F., .F.,
 ( 6, 2, 6 ),
 ( 4, 4 ),
 ( 0.000000000000000000, 0.5000000000000000000, 1.000000000000000000 ),
 ( -0.001970000000000000397, 0.04137000000000000399 ),
 .UNSPECIFIED. ) ;
#3662 = CARTESIAN_POINT ( 'NONE',  ( -0.9442468773992470643, 7.936113416727447125E-14, -39.33491365372317716 ) ) ;
#3663 = DIRECTION ( 'NONE',  ( -1.734723475976817823E-14, 0.000000000000000000, 1.000000000000000000 ) ) ;
#3664 = CARTESIAN_POINT ( 'NONE',  ( -20.00000000000000000, -19.70000000000000284, -7.000000000000000000 ) ) ;
#3665 = CARTESIAN_POINT ( 'NONE',  ( -3.528369397064719415, -4.336808689942017736E-16, 42.87691935369112883 ) ) ;
#3666 = ADVANCED_FACE ( 'NONE', ( #4540 ), #6795, .F. ) ;
#3667 = ORIENTED_EDGE ( 'NONE', *, *, #1124, .F. ) ;
#3668 = EDGE_LOOP ( 'NONE', ( #1832, #7781, #2541, #7916 ) ) ;
#3669 = CARTESIAN_POINT ( 'NONE',  ( -9.399999999999998579, -7.999999999999991118, 6.046707772653149959 ) ) ;
#3670 = CARTESIAN_POINT ( 'NONE',  ( -28.99999999999999645, -37.39999999999863434, 37.50000000000000711 ) ) ;
#3671 = DIRECTION ( 'NONE',  ( 1.000000000000000000, -0.000000000000000000, 0.000000000000000000 ) ) ;
#3672 = CARTESIAN_POINT ( 'NONE',  ( 0.4397376543092829104, -36.23041337529036099, -2.376693405896181943 ) ) ;
#3673 = CARTESIAN_POINT ( 'NONE',  ( 0.000000000000000000, -41.37000000000000455, -34.43611525448112332 ) ) ;
#3674 = EDGE_CURVE ( 'NONE', #2373, #1312, #9264, .T. ) ;
#3675 = CARTESIAN_POINT ( 'NONE',  ( -2.153174662903426739, -39.39999999999999147, -36.01498328680073513 ) ) ;
#3676 = VERTEX_POINT ( 'NONE', #32 ) ;
#3677 = CARTESIAN_POINT ( 'NONE',  ( 0.1665738712920859232, -12.88146110221314800, -7.191373144980095944 ) ) ;
#3678 = CARTESIAN_POINT ( 'NONE',  ( -9.399999999999998579, -13.25000000000000000, 2.973353886326579598 ) ) ;
#3679 = CARTESIAN_POINT ( 'NONE',  ( -16.19999999999999929, -31.39999999999999147, 15.44670777265314676 ) ) ;
#3680 = CARTESIAN_POINT ( 'NONE',  ( -22.61973133871079966, -39.40000000000002700, 36.78619246416547384 ) ) ;
#3681 = CARTESIAN_POINT ( 'NONE',  ( 0.1702525854027105989, -36.20701486556902893, 2.381310123371804810 ) ) ;
#3682 = EDGE_LOOP ( 'NONE', ( #2028, #3443, #257, #4511 ) ) ;
#3683 = DIRECTION ( 'NONE',  ( -0.000000000000000000, 6.071532165918861434E-14, 1.000000000000000000 ) ) ;
#3684 = EDGE_CURVE ( 'NONE', #3116, #8521, #8525, .T. ) ;
#3685 = CARTESIAN_POINT ( 'NONE',  ( -16.19999999999999929, -36.64999999999999858, 12.64655896708345750 ) ) ;
#3686 = CARTESIAN_POINT ( 'NONE',  ( 0.1428912506656266623, -3.024635965265881410, -9.647212020526509946 ) ) ;
#3687 = DIRECTION ( 'NONE',  ( 9.251858538542972814E-17, 0.000000000000000000, 1.000000000000000000 ) ) ;
#3688 = DIRECTION ( 'NONE',  ( 0.000000000000000000, 2.861551616642208852E-16, 1.000000000000000000 ) ) ;
#3689 = VECTOR ( 'NONE', #6425, 1000.000000000000000 ) ;
#3690 = ORIENTED_EDGE ( 'NONE', *, *, #5608, .T. ) ;
#3691 = ORIENTED_EDGE ( 'NONE', *, *, #2235, .F. ) ;
#3692 = EDGE_LOOP ( 'NONE', ( #7023, #3224, #2860, #3821 ) ) ;
#3693 = CARTESIAN_POINT ( 'NONE',  ( 0.000000000000000000, -13.09999999999999964, 45.00000000000000000 ) ) ;
#3694 = CARTESIAN_POINT ( 'NONE',  ( 0.1744252915019319228, -12.88149721306105455, -9.807642067513574702 ) ) ;
#3695 = FACE_OUTER_BOUND ( 'NONE', #1603, .T. ) ;
#3696 = ORIENTED_EDGE ( 'NONE', *, *, #870, .T. ) ;
#3697 = ADVANCED_FACE ( 'NONE', ( #3814 ), #7589, .T. ) ;
#3698 = CARTESIAN_POINT ( 'NONE',  ( 0.1229047811061470125, -26.40724333959371961, 2.065714748208002050 ) ) ;
#3699 = DIRECTION ( 'NONE',  ( 0.000000000000000000, -3.122502256758244692E-13, 1.000000000000000000 ) ) ;
#3700 = CARTESIAN_POINT ( 'NONE',  ( -0.2499999999999932832, -31.39999999999999858, 9.500000000000001776 ) ) ;
#3701 = CARTESIAN_POINT ( 'NONE',  ( 0.05790538977554427619, -13.00373866222521180, -9.668275993831668913 ) ) ;
#3702 = DIRECTION ( 'NONE',  ( 1.000000000000000000, 0.000000000000000000, 0.000000000000000000 ) ) ;
#3703 = CIRCLE ( 'NONE', #7619, 0.5000000000000004441 ) ;
#3704 = ORIENTED_EDGE ( 'NONE', *, *, #7293, .F. ) ;
#3705 = DIRECTION ( 'NONE',  ( -1.000000000000000000, -1.734723475976807834E-16, -0.000000000000000000 ) ) ;
#3706 = ORIENTED_EDGE ( 'NONE', *, *, #2980, .F. ) ;
#3707 = EDGE_CURVE ( 'NONE', #2908, #7551, #2615, .T. ) ;
#3708 = CARTESIAN_POINT ( 'NONE',  ( -0.4211166702769050252, 7.962304955084589954E-14, -37.60022389582888991 ) ) ;
#3709 = CARTESIAN_POINT ( 'NONE',  ( 0.04830073193727928149, -12.58475589512768522, -6.985605049288302837 ) ) ;
#3710 = FACE_OUTER_BOUND ( 'NONE', #7960, .T. ) ;
#3711 = SPHERICAL_SURFACE ( 'NONE', #1965, 0.5000000000000000000 ) ;
#3712 = ORIENTED_EDGE ( 'NONE', *, *, #633, .T. ) ;
#3713 = VECTOR ( 'NONE', #8990, 1000.000000000000000 ) ;
#3714 = DIRECTION ( 'NONE',  ( 0.000000000000000000, 0.000000000000000000, -1.000000000000000000 ) ) ;
#3715 = CARTESIAN_POINT ( 'NONE',  ( 0.1096714448634026756, -2.999999999999999112, -7.499999999999999112 ) ) ;
#3716 = DIRECTION ( 'NONE',  ( 1.224646799147353454E-16, -1.000000000000000000, 0.000000000000000000 ) ) ;
#3717 = CARTESIAN_POINT ( 'NONE',  ( 0.4397376543092829104, -36.15055851413521992, -2.433889893952248862 ) ) ;
#3718 = ADVANCED_FACE ( 'NONE', ( #9261 ), #6057, .T. ) ;
#3719 = CYLINDRICAL_SURFACE ( 'NONE', #9280, 0.09999999999999939493 ) ;
#3720 = AXIS2_PLACEMENT_3D ( 'NONE', #2697, #3380, #5675 ) ;
#3721 = ORIENTED_EDGE ( 'NONE', *, *, #1633, .F. ) ;
#3722 = CARTESIAN_POINT ( 'NONE',  ( 0.1148687704497604184, -12.82004750001175353, -7.115100784863571448 ) ) ;
#3723 = DIRECTION ( 'NONE',  ( 1.000000000000000000, -0.000000000000000000, 0.000000000000000000 ) ) ;
#3724 = CARTESIAN_POINT ( 'NONE',  ( 0.4397376543083739153, -3.500000000000000888, -6.999999999999999112 ) ) ;
#3725 = FACE_OUTER_BOUND ( 'NONE', #2467, .T. ) ;
#3726 = CARTESIAN_POINT ( 'NONE',  ( 0.09491475995918127739, -36.19038896044775555, 2.429260831847365409 ) ) ;
#3727 = ORIENTED_EDGE ( 'NONE', *, *, #1633, .T. ) ;
#3728 = EDGE_CURVE ( 'NONE', #2197, #8137, #1842, .T. ) ;
#3729 = CARTESIAN_POINT ( 'NONE',  ( 6.776263578034401172E-18, -1.738200612200848871, -32.30000000000000426 ) ) ;
#3730 = LINE ( 'NONE', #6513, #4092 ) ;
#3731 = CARTESIAN_POINT ( 'NONE',  ( 0.09491475995917997288, -3.070739168152632370, -9.790388960447746314 ) ) ;
#3732 = VECTOR ( 'NONE', #3705, 1000.000000000000000 ) ;
#3733 = CARTESIAN_POINT ( 'NONE',  ( -9.299999999999998934, 0.000000000000000000, 1.508052941782504366E-15 ) ) ;
#3734 = AXIS2_PLACEMENT_3D ( 'NONE', #1834, #8416, #4089 ) ;
#3735 = DIRECTION ( 'NONE',  ( 0.000000000000000000, 0.000000000000000000, -1.000000000000000000 ) ) ;
#3736 = EDGE_CURVE ( 'NONE', #6708, #7464, #4535, .T. ) ;
#3737 = CARTESIAN_POINT ( 'NONE',  ( 0.1040424905717197285, -26.73972399350916973, -2.473926683453272268 ) ) ;
#3738 = ORIENTED_EDGE ( 'NONE', *, *, #6879, .F. ) ;
#3739 = EDGE_LOOP ( 'NONE', ( #4878, #6610, #3008, #7311 ) ) ;
#3740 = ORIENTED_EDGE ( 'NONE', *, *, #1864, .T. ) ;
#3741 = DIRECTION ( 'NONE',  ( 0.000000000000000000, 0.000000000000000000, 1.000000000000000000 ) ) ;
#3742 = CARTESIAN_POINT ( 'NONE',  ( 0.1612748992609661092, -12.76394163614470578, -9.916181747658397327 ) ) ;
#3743 = CARTESIAN_POINT ( 'NONE',  ( -9.400000000000000355, -31.34999999999998721, -15.53331031303159726 ) ) ;
#3744 = VERTEX_POINT ( 'NONE', #6986 ) ;
#3745 = VECTOR ( 'NONE', #5720, 1000.000000000000000 ) ;
#3746 = CARTESIAN_POINT ( 'NONE',  ( 0.1356868812794905788, -26.42577787434532155, 2.143534123890553200 ) ) ;
#3747 = CARTESIAN_POINT ( 'NONE',  ( -12.69999999999999929, -13.79999999999999716, -45.00000000000000000 ) ) ;
#3748 = SPHERICAL_SURFACE ( 'NONE', #1018, 0.1000000000000000056 ) ;
#3749 = CARTESIAN_POINT ( 'NONE',  ( -9.299999999999998934, -26.20000000000000284, -6.440043573294996548 ) ) ;
#3750 = VECTOR ( 'NONE', #1254, 1000.000000000000000 ) ;
#3751 = DIRECTION ( 'NONE',  ( -2.602085213965341908E-14, -0.8660254037844310471, 0.5000000000000135447 ) ) ;
#3752 = CARTESIAN_POINT ( 'NONE',  ( -8.298711459838679352E-05, -13.05074810451787748, -6.949251895482485786 ) ) ;
#3753 = ORIENTED_EDGE ( 'NONE', *, *, #4894, .F. ) ;
#3754 = CARTESIAN_POINT ( 'NONE',  ( -0.9104873819182590644, -41.37000000000000455, 41.28025612106915787 ) ) ;
#3755 = DIRECTION ( 'NONE',  ( 0.000000000000000000, 0.000000000000000000, -1.000000000000000000 ) ) ;
#3756 = VERTEX_POINT ( 'NONE', #2585 ) ;
#3757 = CARTESIAN_POINT ( 'NONE',  ( -1.999999999999999556, -39.39999999999999858, 32.30000000000000426 ) ) ;
#3758 = CARTESIAN_POINT ( 'NONE',  ( 0.07258392863772920867, -12.51834885745936532, -6.996377764897329321 ) ) ;
#3759 = CARTESIAN_POINT ( 'NONE',  ( -9.400000000000000355, -36.54999999999999005, -6.526646113673447935 ) ) ;
#3760 = CARTESIAN_POINT ( 'NONE',  ( -17.21048738191826288, 1.969999999999999973, -33.78025612106914366 ) ) ;
#3761 = CARTESIAN_POINT ( 'NONE',  ( -15.30723796074180498, -39.14757277670851465, -24.80000000000000071 ) ) ;
#3762 = EDGE_CURVE ( 'NONE', #7551, #2908, #6208, .T. ) ;
#3763 = CARTESIAN_POINT ( 'NONE',  ( 0.1111549592993344437, -3.450462380146459562, -7.000291295968334992 ) ) ;
#3764 = ORIENTED_EDGE ( 'NONE', *, *, #3044, .T. ) ;
#3765 =( BOUNDED_SURFACE ( )  B_SPLINE_SURFACE ( 3, 2, ( 
 ( #291, #2606, #5583 ),
 ( #4024, #8597, #1216 ),
 ( #4851, #9376, #386 ),
 ( #3389, #434, #1916 ),
 ( #4213, #7902, #1166 ),
 ( #4165, #3435, #6413 ),
 ( #9426, #8693, #1963 ),
 ( #4950, #9469, #6508 ),
 ( #1411, #3680, #9565 ),
 ( #2058, #1358, #9615 ),
 ( #2152, #7298, #4996 ),
 ( #2798, #3527, #8141 ),
 ( #2946, #2012, #3484 ),
 ( #9517, #4355, #5778 ),
 ( #8787, #5044, #2749 ),
 ( #6657, #5143, #8840 ),
 ( #8092, #9662, #2104 ),
 ( #7995, #6557, #1262 ),
 ( #4257, #2850, #678 ),
 ( #7404, #5923, #8936 ),
 ( #7251, #5093, #5825 ),
 ( #4405, #528, #7353 ),
 ( #2202, #5193, #8043 ),
 ( #1310, #627, #5730 ),
 ( #5872, #3630, #4307 ),
 ( #575, #3578, #6608 ),
 ( #4451, #2897, #8191 ),
 ( #8888, #1461, #7452 ),
 ( #6463, #8740, #724 ),
 ( #5437, #7556, #3825 ),
 ( #8342, #5240, #5969 ),
 ( #8438, #2454, #8293 ),
 ( #5391, #6758, #142 ),
 ( #5344, #1614, #6068 ) ),
 .UNSPECIFIED., .F., .F., .F. ) 
 B_SPLINE_SURFACE_WITH_KNOTS ( ( 4, 2, 2, 2, 2, 2, 2, 2, 2, 2, 2, 2, 2, 2, 2, 2, 4 ),
 ( 3, 3 ),
 ( 0.000000000000000000, 0.001507785808249151619, 0.003015571616498303239, 0.006031143232996606478, 0.007538929041245758314, 0.009046714849494909283, 0.009800607753619485635, 0.01055450065774406199, 0.01206228646599321296, 0.01357007227424236392, 0.01432396517836694028, 0.01507785808249151663, 0.01658564389074066586, 0.01809342969898981857, 0.02110900131548812397, 0.02261678712373727668, 0.02412457293198642591 ),
 ( 0.000000000000000000, 1.000000000000000000 ),
 .UNSPECIFIED. ) 
 GEOMETRIC_REPRESENTATION_ITEM ( )  RATIONAL_B_SPLINE_SURFACE ( (
 ( 1.000000000000000000, 0.7071067811865487940, 1.000000000000000000),
 ( 1.000000000000000000, 0.7071067811865487940, 1.000000000000000000),
 ( 1.000000000000000000, 0.7071067811865475727, 1.000000000000000000),
 ( 1.000000000000000000, 0.7071067811865475727, 1.000000000000000000),
 ( 1.000000000000000000, 0.7071067811865463515, 1.000000000000000000),
 ( 1.000000000000000000, 0.7071067811865463515, 1.000000000000000000),
 ( 1.000000000000000000, 0.7071067811865463515, 1.000000000000000000),
 ( 1.000000000000000000, 0.7071067811865463515, 1.000000000000000000),
 ( 1.000000000000000000, 0.7071067811865463515, 1.000000000000000000),
 ( 1.000000000000000000, 0.7071067811865463515, 1.000000000000000000),
 ( 1.000000000000000000, 0.7071067811865487940, 1.000000000000000000),
 ( 1.000000000000000000, 0.7071067811865487940, 1.000000000000000000),
 ( 1.000000000000000000, 0.7071067811865475727, 1.000000000000000000),
 ( 1.000000000000000000, 0.7071067811865475727, 1.000000000000000000),
 ( 1.000000000000000000, 0.7071067811865475727, 1.000000000000000000),
 ( 1.000000000000000000, 0.7071067811865475727, 1.000000000000000000),
 ( 1.000000000000000000, 0.7071067811865475727, 1.000000000000000000),
 ( 1.000000000000000000, 0.7071067811865475727, 1.000000000000000000),
 ( 1.000000000000000000, 0.7071067811865475727, 1.000000000000000000),
 ( 1.000000000000000000, 0.7071067811865475727, 1.000000000000000000),
 ( 1.000000000000000000, 0.7071067811865475727, 1.000000000000000000),
 ( 1.000000000000000000, 0.7071067811865475727, 1.000000000000000000),
 ( 1.000000000000000000, 0.7071067811865475727, 1.000000000000000000),
 ( 1.000000000000000000, 0.7071067811865475727, 1.000000000000000000),
 ( 1.000000000000000000, 0.7071067811865475727, 1.000000000000000000),
 ( 1.000000000000000000, 0.7071067811865475727, 1.000000000000000000),
 ( 1.000000000000000000, 0.7071067811865479058, 1.000000000000000000),
 ( 1.000000000000000000, 0.7071067811865479058, 1.000000000000000000),
 ( 1.000000000000000000, 0.7071067811865450192, 1.000000000000000000),
 ( 1.000000000000000000, 0.7071067811865450192, 1.000000000000000000),
 ( 1.000000000000000000, 0.7071067811865450192, 1.000000000000000000),
 ( 1.000000000000000000, 0.7071067811865450192, 1.000000000000000000),
 ( 1.000000000000000000, 0.7071067811865487940, 1.000000000000000000),
 ( 1.000000000000000000, 0.7071067811865487940, 1.000000000000000000) ) ) 
 REPRESENTATION_ITEM ( '' )  SURFACE ( )  );
#3766 = CARTESIAN_POINT ( 'NONE',  ( 7.500000000000002665, -35.89999999999999858, -2.000000000000000000 ) ) ;
#3767 = FACE_OUTER_BOUND ( 'NONE', #3496, .T. ) ;
#3768 = DIRECTION ( 'NONE',  ( 1.000000000000000000, 0.000000000000000000, -0.000000000000000000 ) ) ;
#3769 = CARTESIAN_POINT ( 'NONE',  ( 0.1051262857741271511, -36.18670794143608305, -2.419254901122128931 ) ) ;
#3770 = DIRECTION ( 'NONE',  ( 0.000000000000000000, 0.000000000000000000, -1.000000000000000000 ) ) ;
#3771 = SPHERICAL_SURFACE ( 'NONE', #4254, 0.1000000000000000056 ) ;
#3772 = ORIENTED_EDGE ( 'NONE', *, *, #6982, .F. ) ;
#3773 = CARTESIAN_POINT ( 'NONE',  ( 0.4397376543209870481, -12.98397811073099106, -7.370362188019799810 ) ) ;
#3774 = EDGE_CURVE ( 'NONE', #249, #5874, #4174, .T. ) ;
#3775 = CARTESIAN_POINT ( 'NONE',  ( -14.56179938779915162, -39.39999999999999858, 24.80000000000001137 ) ) ;
#3776 = CARTESIAN_POINT ( 'NONE',  ( -3.699300896933203298, -39.39999999999999858, -40.23336764671311983 ) ) ;
#3777 = B_SPLINE_CURVE_WITH_KNOTS ( 'NONE', 3,
 ( #1647, #3811, #855, #8969, #4485, #2187, #6005, #3859, #124, #9020 ),
 .UNSPECIFIED., .F., .F.,
 ( 4, 2, 2, 2, 4 ),
 ( 0.000000000000000000, 0.2500000000000000000, 0.5000000000000000000, 0.7500000000000000000, 1.000000000000000000 ),
 .UNSPECIFIED. ) ;
#3778 = CARTESIAN_POINT ( 'NONE',  ( 0.06626598899106282692, -26.39872734106200625, -2.007635953627446845 ) ) ;
#3779 = ORIENTED_EDGE ( 'NONE', *, *, #1620, .F. ) ;
#3780 = DIRECTION ( 'NONE',  ( 1.000000000000000000, 0.000000000000000000, 0.000000000000000000 ) ) ;
#3781 = CARTESIAN_POINT ( 'NONE',  ( -16.19999999999999929, -31.44999999999998508, 15.53331031303159016 ) ) ;
#3782 = CARTESIAN_POINT ( 'NONE',  ( 0.1617473519350866862, -3.230767963119638431, -9.918336785969826153 ) ) ;
#3783 = CARTESIAN_POINT ( 'NONE',  ( -9.299999999999998934, -8.000000000000000000, -1.224646799147353256E-15 ) ) ;
#3784 = EDGE_CURVE ( 'NONE', #3369, #5835, #4488, .T. ) ;
#3785 = CARTESIAN_POINT ( 'NONE',  ( -9.399999999999996803, -31.39999999999998437, 15.44670777265314499 ) ) ;
#3786 = VECTOR ( 'NONE', #4549, 1000.000000000000000 ) ;
#3787 = CARTESIAN_POINT ( 'NONE',  ( 0.1229047811009705143, -26.83428525129223630, -2.492756660823133519 ) ) ;
#3788 = ORIENTED_EDGE ( 'NONE', *, *, #6490, .T. ) ;
#3789 = VERTEX_POINT ( 'NONE', #6298 ) ;
#3790 = VERTEX_POINT ( 'NONE', #7639 ) ;
#3791 = CARTESIAN_POINT ( 'NONE',  ( -18.18995933491621741, 8.673617379884035472E-16, 33.62575522583492216 ) ) ;
#3792 = CARTESIAN_POINT ( 'NONE',  ( 0.3335696373507686108, -13.00000000000000000, -9.500000000000000000 ) ) ;
#3793 = CARTESIAN_POINT ( 'NONE',  ( -17.00175293732911896, 8.306870155361604961E-16, -35.39522418469918108 ) ) ;
#3794 = ORIENTED_EDGE ( 'NONE', *, *, #2982, .T. ) ;
#3795 = CARTESIAN_POINT ( 'NONE',  ( 0.3335696373632686673, -26.39999999999999858, 2.000000000000000000 ) ) ;
#3796 = CARTESIAN_POINT ( 'NONE',  ( 0.09999999999999939493, -3.499999999999999556, -7.000000000000000000 ) ) ;
#3797 = CARTESIAN_POINT ( 'NONE',  ( -9.299999999999998934, -31.39999999999999147, -15.54670777265314996 ) ) ;
#3798 = AXIS2_PLACEMENT_3D ( 'NONE', #4251, #3619, #6503 ) ;
#3799 = DIRECTION ( 'NONE',  ( 0.000000000000000000, 1.000000000000000000, -0.000000000000000000 ) ) ;
#3800 = CARTESIAN_POINT ( 'NONE',  ( -10.56388474551888024, -2.000000000000000888, 45.00000000000000000 ) ) ;
#3801 = FACE_OUTER_BOUND ( 'NONE', #2527, .T. ) ;
#3802 = VERTEX_POINT ( 'NONE', #364 ) ;
#3803 = CARTESIAN_POINT ( 'NONE',  ( 6.505213034913027590E-16, -41.37000000000000455, 36.57223050896223526 ) ) ;
#3804 = TOROIDAL_SURFACE ( 'NONE', #9290, 0.2000000000000000111, 0.1000000000000000056 ) ;
#3805 = CARTESIAN_POINT ( 'NONE',  ( 0.3264917695389989993, -2.999999999999999556, -7.500000000000000888 ) ) ;
#3806 = EDGE_LOOP ( 'NONE', ( #8238, #8070, #1423 ) ) ;
#3807 = CARTESIAN_POINT ( 'NONE',  ( 0.1096714448644904721, -26.89999999999999858, 2.499999999999999556 ) ) ;
#3808 = CARTESIAN_POINT ( 'NONE',  ( 0.09292053344512682389, -12.49999999999999467, -7.000000000000017764 ) ) ;
#3809 = CARTESIAN_POINT ( 'NONE',  ( -16.29999999999999716, -13.35000000000000320, -3.031088913245522320 ) ) ;
#3810 = LINE ( 'NONE', #8224, #656 ) ;
#3811 = CARTESIAN_POINT ( 'NONE',  ( -12.69999999999999929, -37.66179938779914238, -45.00000000000000711 ) ) ;
#3812 = CARTESIAN_POINT ( 'NONE',  ( -12.69999999999999929, -39.39999999999999858, 42.99999999999999289 ) ) ;
#3813 = ORIENTED_EDGE ( 'NONE', *, *, #1907, .T. ) ;
#3814 = FACE_OUTER_BOUND ( 'NONE', #1790, .T. ) ;
#3815 = CARTESIAN_POINT ( 'NONE',  ( 0.09999999999999939493, -3.499999999999999556, -7.000000000000000000 ) ) ;
#3816 = CARTESIAN_POINT ( 'NONE',  ( -36.25000000000000000, -2.000000000000008882, 41.24999999999999289 ) ) ;
#3817 = CARTESIAN_POINT ( 'NONE',  ( 0.3550498684014202211, -36.33689319417712937, -2.251809490185450624 ) ) ;
#3818 = EDGE_CURVE ( 'NONE', #8087, #801, #3220, .T. ) ;
#3819 = CARTESIAN_POINT ( 'NONE',  ( 0.09999999999999939493, -3.000000000000009770, -10.00000000000000000 ) ) ;
#3820 = CARTESIAN_POINT ( 'NONE',  ( -16.19999999999999929, -7.999999999999988454, -5.946707772653140545 ) ) ;
#3821 = ORIENTED_EDGE ( 'NONE', *, *, #6490, .F. ) ;
#3822 =( BOUNDED_CURVE ( )  B_SPLINE_CURVE ( 3, ( #1550, #6688, #3358, #8470 ),
 .UNSPECIFIED., .F., .F. ) 
 B_SPLINE_CURVE_WITH_KNOTS ( ( 4, 4 ),
 ( 3.802110042356594555, 4.712388980384689674 ),
 .UNSPECIFIED. ) 
 CURVE ( )  GEOMETRIC_REPRESENTATION_ITEM ( )  RATIONAL_B_SPLINE_CURVE ( ( 1.000000000000000000, 0.9321331520445550467, 0.9321331520445550467, 1.000000000000000000 ) ) 
 REPRESENTATION_ITEM ( '' )  );
#3823 = CARTESIAN_POINT ( 'NONE',  ( -40.00000000000000000, -2.000000000000009770, 41.24999999999999289 ) ) ;
#3824 = CARTESIAN_POINT ( 'NONE',  ( 0.05208757324552475837, -12.57073460197576864, -10.01221673170065962 ) ) ;
#3825 = CARTESIAN_POINT ( 'NONE',  ( -14.34485364170001631, -39.40000000000003411, 27.33876599426766063 ) ) ;
#3826 = ORIENTED_EDGE ( 'NONE', *, *, #5102, .F. ) ;
#3827 = CARTESIAN_POINT ( 'NONE',  ( -8.724870694896397438, -39.39999999999999147, 44.83325694904089431 ) ) ;
#3828 = EDGE_CURVE ( 'NONE', #955, #1119, #1361, .T. ) ;
#3829 = DIRECTION ( 'NONE',  ( -0.000000000000000000, -0.000000000000000000, 1.000000000000000000 ) ) ;
#3830 = CARTESIAN_POINT ( 'NONE',  ( 0.1420464885738492444, -3.188126301332152579, -9.881152920429746800 ) ) ;
#3831 = FACE_OUTER_BOUND ( 'NONE', #8580, .T. ) ;
#3832 = CARTESIAN_POINT ( 'NONE',  ( 0.1455568328267947964, -26.49544715543095919, 2.404552844568915049 ) ) ;
#3833 = CARTESIAN_POINT ( 'NONE',  ( 0.09737342326657306979, -26.89980790868398230, -2.500032015219332493 ) ) ;
#3834 = ORIENTED_EDGE ( 'NONE', *, *, #3736, .T. ) ;
#3835 = ORIENTED_EDGE ( 'NONE', *, *, #5298, .T. ) ;
#3836 = VERTEX_POINT ( 'NONE', #4780 ) ;
#3837 = CARTESIAN_POINT ( 'NONE',  ( -16.88742666267940606, 3.311846558518835050E-13, 30.75901213813903823 ) ) ;
#3838 = CARTESIAN_POINT ( 'NONE',  ( 0.2049335911842404268, -12.99471539867270842, -9.552855194772682523 ) ) ;
#3839 = CARTESIAN_POINT ( 'NONE',  ( -17.77188606444535424, -1.999999999999944489, -32.94373323993339397 ) ) ;
#3840 = AXIS2_PLACEMENT_3D ( 'NONE', #3088, #2407, #866 ) ;
#3841 = ORIENTED_EDGE ( 'NONE', *, *, #9453, .T. ) ;
#3842 = CARTESIAN_POINT ( 'NONE',  ( 0.06579937986680910178, -26.39740632318317992, 2.092033618021093222 ) ) ;
#3843 = CARTESIAN_POINT ( 'NONE',  ( 8.000000000000001776, -35.89999999999999858, 2.000000000000000000 ) ) ;
#3844 = EDGE_CURVE ( 'NONE', #8, #3897, #314, .T. ) ;
#3845 = APPLICATION_PROTOCOL_DEFINITION ( 'international standard', 'config_control_design', 1994, #4131 ) ;
#3846 = DIRECTION ( 'NONE',  ( -4.625929269271491954E-17, 0.8660254037844383745, -0.5000000000000004441 ) ) ;
#3847 = AXIS2_PLACEMENT_3D ( 'NONE', #8925, #7492, #2191 ) ;
#3848 = CARTESIAN_POINT ( 'NONE',  ( 0.1016644731461470580, -12.89907840114933357, -9.829259015540236177 ) ) ;
#3849 = CARTESIAN_POINT ( 'NONE',  ( -9.399999999999998579, -31.44999999999998508, 3.466689686968428052 ) ) ;
#3850 = EDGE_LOOP ( 'NONE', ( #6559, #2852, #8193, #9301 ) ) ;
#3851 = CARTESIAN_POINT ( 'NONE',  ( 0.000000000000000000, -26.92333333333333911, 32.30000000000000426 ) ) ;
#3852 = VECTOR ( 'NONE', #1679, 1000.000000000000000 ) ;
#3853 = DIRECTION ( 'NONE',  ( 0.000000000000000000, -0.8660254037844276054, 0.5000000000000190958 ) ) ;
#3854 = ORIENTED_EDGE ( 'NONE', *, *, #5325, .F. ) ;
#3855 = CARTESIAN_POINT ( 'NONE',  ( -16.29999999999999361, -13.79999999999949800, 24.80000000000001492 ) ) ;
#3856 = CARTESIAN_POINT ( 'NONE',  ( -12.69999999999999929, -1.555301434917138630E-15, 43.00000000000000000 ) ) ;
#3857 = ADVANCED_FACE ( 'NONE', ( #4003 ), #3266, .T. ) ;
#3858 = DIRECTION ( 'NONE',  ( 1.000000000000000000, -0.000000000000000000, -0.000000000000000000 ) ) ;
#3859 = CARTESIAN_POINT ( 'NONE',  ( -12.70000000000000107, -39.34794535333663390, -43.52349576871855419 ) ) ;
#3860 =( GEOMETRIC_REPRESENTATION_CONTEXT ( 3 ) GLOBAL_UNCERTAINTY_ASSIGNED_CONTEXT ( ( #3171 ) ) GLOBAL_UNIT_ASSIGNED_CONTEXT ( ( #6925, #6134, #8312 ) ) REPRESENTATION_CONTEXT ( 'NONE', 'WORKASPACE' ) );
#3861 = CARTESIAN_POINT ( 'NONE',  ( 0.1377446656112827905, -3.348987110950925050, -7.024444790709832631 ) ) ;
#3862 = VERTEX_POINT ( 'NONE', #1473 ) ;
#3863 = ADVANCED_FACE ( 'NONE', ( #541 ), #5936, .F. ) ;
#3864 = CARTESIAN_POINT ( 'NONE',  ( -9.399999999999998579, -31.39999999999997726, 3.553292227346868781 ) ) ;
#3865 = CARTESIAN_POINT ( 'NONE',  ( -16.00551917205153885, -39.39999999999999858, -33.88323340980006293 ) ) ;
#3866 = CARTESIAN_POINT ( 'NONE',  ( -2.000000000000000888, -3.469446951953614189E-15, 32.30000000000000426 ) ) ;
#3867 = CARTESIAN_POINT ( 'NONE',  ( 0.1039165408567536281, -36.39988076817778762, -2.024927306898576695 ) ) ;
#3868 = CARTESIAN_POINT ( 'NONE',  ( -26.86388474551888805, -2.000000000000000444, 37.50000000000001421 ) ) ;
#3869 = FACE_OUTER_BOUND ( 'NONE', #2249, .T. ) ;
#3870 = ORIENTED_EDGE ( 'NONE', *, *, #5784, .F. ) ;
#3871 = AXIS2_PLACEMENT_3D ( 'NONE', #8572, #4828, #7085 ) ;
#3872 = CARTESIAN_POINT ( 'NONE',  ( -9.299999999999998934, -36.54999999999999005, 1.508052941782504366E-15 ) ) ;
#3873 = CARTESIAN_POINT ( 'NONE',  ( 0.4397376543465725263, -26.39999999999999858, 2.000000000000000000 ) ) ;
#3874 = CARTESIAN_POINT ( 'NONE',  ( 0.1178379531153037618, -26.39956791615578524, -2.049668353212637406 ) ) ;
#3875 = CARTESIAN_POINT ( 'NONE',  ( -7.889625101609731850, -39.39999999999999147, 42.63793684773076365 ) ) ;
#3876 = VECTOR ( 'NONE', #2258, 1000.000000000000000 ) ;
#3877 = CYLINDRICAL_SURFACE ( 'NONE', #6846, 0.1000000000000007411 ) ;
#3878 = CARTESIAN_POINT ( 'NONE',  ( 0.4397376543209853272, -3.192726640012543804, -9.899833421199089045 ) ) ;
#3879 = CARTESIAN_POINT ( 'NONE',  ( 0.4397376543209871036, -36.39999999999999858, 2.000000000000000000 ) ) ;
#3880 = EDGE_CURVE ( 'NONE', #9582, #9106, #9530, .T. ) ;
#3881 = CARTESIAN_POINT ( 'NONE',  ( -16.44548382174200896, -39.39999999999999147, -28.59012258382176341 ) ) ;
#3882 = CARTESIAN_POINT ( 'NONE',  ( 0.1273818268659726582, -26.83559468689353622, -2.492956699192905301 ) ) ;
#3883 = VERTEX_POINT ( 'NONE', #5836 ) ;
#3884 = ORIENTED_EDGE ( 'NONE', *, *, #4990, .T. ) ;
#3885 = CARTESIAN_POINT ( 'NONE',  ( -16.34161554081360279, 1.116399280510228087E-13, 27.21517466592112555 ) ) ;
#3886 = CARTESIAN_POINT ( 'NONE',  ( 0.1063626799214455881, -12.99997011496252952, -9.524669505796941493 ) ) ;
#3887 = CARTESIAN_POINT ( 'NONE',  ( -17.01927696657997302, -1.999999999999888978, -31.19748295759538337 ) ) ;
#3888 = ORIENTED_EDGE ( 'NONE', *, *, #4918, .F. ) ;
#3889 = CARTESIAN_POINT ( 'NONE',  ( -20.00000000000000355, -3.500000000000003109, -9.500000000000000000 ) ) ;
#3890 = DIRECTION ( 'NONE',  ( -1.000000000000000000, 0.000000000000000000, 9.251858538542972814E-17 ) ) ;
#3891 = TOROIDAL_SURFACE ( 'NONE', #7649, 0.2000000000000000111, 0.1000000000000000056 ) ;
#3892 = PLANE ( 'NONE',  #1179 ) ;
#3893 = FACE_OUTER_BOUND ( 'NONE', #5169, .T. ) ;
#3894 = DIRECTION ( 'NONE',  ( 1.000000000000000000, 0.000000000000000000, 0.000000000000000000 ) ) ;
#3895 = CARTESIAN_POINT ( 'NONE',  ( 0.09999999999999939493, -26.89999999999999858, -2.500000000000000000 ) ) ;
#3896 = EDGE_CURVE ( 'NONE', #9106, #9386, #4025, .T. ) ;
#3897 = VERTEX_POINT ( 'NONE', #688 ) ;
#3898 = AXIS2_PLACEMENT_3D ( 'NONE', #2516, #344, #5633 ) ;
#3899 = DIRECTION ( 'NONE',  ( -2.059018962583746773E-16, 0.000000000000000000, 1.000000000000000000 ) ) ;
#3900 = DIRECTION ( 'NONE',  ( 0.000000000000000000, -0.5000000000000004441, 0.8660254037844383745 ) ) ;
#3901 = ORIENTED_EDGE ( 'NONE', *, *, #6617, .F. ) ;
#3902 = CARTESIAN_POINT ( 'NONE',  ( 0.01382043241904082342, -26.65807117911530355, -2.540321470147448579 ) ) ;
#3903 = LINE ( 'NONE', #307, #4507 ) ;
#3904 = CARTESIAN_POINT ( 'NONE',  ( -9.299999999999998934, -31.39999999999999147, 15.44670777265314676 ) ) ;
#3905 = CYLINDRICAL_SURFACE ( 'NONE', #1365, 0.09999999999999939493 ) ;
#3906 = CARTESIAN_POINT ( 'NONE',  ( 0.05903631049302498351, -3.331721428960895626, -6.994808295440892110 ) ) ;
#3907 = ADVANCED_FACE ( 'NONE', ( #2166 ), #6721, .F. ) ;
#3908 = ORIENTED_EDGE ( 'NONE', *, *, #8766, .F. ) ;
#3909 = CARTESIAN_POINT ( 'NONE',  ( 0.09621752899302768447, -36.33047822441947972, 2.290848375130292158 ) ) ;
#3910 = CARTESIAN_POINT ( 'NONE',  ( -29.00000000000000711, -37.92349576871856698, -37.55205464666338599 ) ) ;
#3911 = CARTESIAN_POINT ( 'NONE',  ( 0.1063626799212686463, -36.39997011496253521, -2.024669505797075164 ) ) ;
#3912 = EDGE_LOOP ( 'NONE', ( #8497, #8922, #3529, #5007 ) ) ;
#3913 = CARTESIAN_POINT ( 'NONE',  ( 0.4397376543465725263, -26.39999999999999858, 2.000000000000000000 ) ) ;
#3914 = DIRECTION ( 'NONE',  ( 4.625929269271489488E-17, -0.8660254037844384856, 0.5000000000000002220 ) ) ;
#3915 = ORIENTED_EDGE ( 'NONE', *, *, #5973, .T. ) ;
#3916 = CARTESIAN_POINT ( 'NONE',  ( 0.06697224470726977075, -12.52889418222825313, -10.00550360561963004 ) ) ;
#3917 = CYLINDRICAL_SURFACE ( 'NONE', #8418, 2.000000000000000000 ) ;
#3918 = DIRECTION ( 'NONE',  ( 0.000000000000000000, -1.000000000000000000, 0.000000000000000000 ) ) ;
#3919 = EDGE_CURVE ( 'NONE', #2265, #7363, #5282, .T. ) ;
#3920 = CARTESIAN_POINT ( 'NONE',  ( -14.29999999999999716, -37.39999999999999858, 24.13000000000000611 ) ) ;
#3921 = ADVANCED_FACE ( 'NONE', ( #4465 ), #4420, .F. ) ;
#3922 = CIRCLE ( 'NONE', #2522, 0.09999999999999982514 ) ;
#3923 = CARTESIAN_POINT ( 'NONE',  ( 0.1356868812671900570, -3.356465876169480111, -9.974222127106797231 ) ) ;
#3924 = DIRECTION ( 'NONE',  ( 1.761140584748027917E-16, -1.000000000000000000, 0.000000000000000000 ) ) ;
#3925 = CARTESIAN_POINT ( 'NONE',  ( -14.96092415904456985, -39.39999999999999147, -31.30033484137933897 ) ) ;
#3926 = CARTESIAN_POINT ( 'NONE',  ( 0.03864744970013792719, -26.77380494360158991, -2.521032509399734334 ) ) ;
#3927 = EDGE_LOOP ( 'NONE', ( #7262, #94, #6317, #7230, #1764, #7132 ) ) ;
#3928 = EDGE_LOOP ( 'NONE', ( #5215, #1472, #3975 ) ) ;
#3929 = CARTESIAN_POINT ( 'NONE',  ( -17.30754390455455649, -2.000000000000000000, 31.98534499608116022 ) ) ;
#3930 = CARTESIAN_POINT ( 'NONE',  ( 0.1937694398753179170, -12.99999999999999822, -9.499999999999998224 ) ) ;
#3931 = ORIENTED_EDGE ( 'NONE', *, *, #7131, .F. ) ;
#3932 = CARTESIAN_POINT ( 'NONE',  ( 0.1162218883192858293, -26.40000000000000213, 2.025181951154890303 ) ) ;
#3933 = FACE_OUTER_BOUND ( 'NONE', #8004, .T. ) ;
#3934 = ADVANCED_FACE ( 'NONE', ( #9 ), #1323, .T. ) ;
#3935 = DIRECTION ( 'NONE',  ( 0.000000000000000000, -0.5000000000000004441, -0.8660254037844383745 ) ) ;
#3936 = EDGE_CURVE ( 'NONE', #3603, #5508, #9579, .T. ) ;
#3937 = TOROIDAL_SURFACE ( 'NONE', #4091, 0.2000000000000000111, 0.1000000000000000056 ) ;
#3938 = CARTESIAN_POINT ( 'NONE',  ( -9.400000000000002132, -36.64999999999999858, -37.49999999999999289 ) ) ;
#3939 = CIRCLE ( 'NONE', #8645, 3.349999999999998757 ) ;
#3940 = CARTESIAN_POINT ( 'NONE',  ( -16.29999999999999716, -26.25000000000000000, 12.47335388632657427 ) ) ;
#3941 = CARTESIAN_POINT ( 'NONE',  ( -16.29999999999999716, -36.75000000000000000, -12.53108891324555074 ) ) ;
#3942 = ORIENTED_EDGE ( 'NONE', *, *, #1543, .T. ) ;
#3943 = CARTESIAN_POINT ( 'NONE',  ( -9.399999999999998579, -36.54999999999999005, 12.47335388632657249 ) ) ;
#3944 = FACE_OUTER_BOUND ( 'NONE', #7773, .T. ) ;
#3945 = ORIENTED_EDGE ( 'NONE', *, *, #6649, .F. ) ;
#3946 = AXIS2_PLACEMENT_3D ( 'NONE', #6276, #9288, #2424 ) ;
#3947 = PLANE ( 'NONE',  #7332 ) ;
#3948 = CARTESIAN_POINT ( 'NONE',  ( -1.162741043939490635E-17, -36.46856045811716740, 2.411362748702964964 ) ) ;
#3949 = CARTESIAN_POINT ( 'NONE',  ( 7.500000000000000888, -26.89999999999999858, -2.500000000000000000 ) ) ;
#3950 = ADVANCED_FACE ( 'NONE', ( #7312 ), #1372, .F. ) ;
#3951 = CARTESIAN_POINT ( 'NONE',  ( 0.000000000000000000, -2.000000000000002665, -32.30000000000001137 ) ) ;
#3952 = CARTESIAN_POINT ( 'NONE',  ( 0.03864744970013618552, -13.02103250939973655, -7.373804943601585116 ) ) ;
#3953 = AXIS2_PLACEMENT_3D ( 'NONE', #2565, #9292, #1127 ) ;
#3954 = CARTESIAN_POINT ( 'NONE',  ( 0.2528248678155831652, -3.256886460457693921, -7.080676179081106802 ) ) ;
#3955 = ORIENTED_EDGE ( 'NONE', *, *, #861, .F. ) ;
#3956 = CARTESIAN_POINT ( 'NONE',  ( 0.07359969900738570769, -36.38231941068151087, -2.209895550182345847 ) ) ;
#3957 = CARTESIAN_POINT ( 'NONE',  ( -14.30000000000000071, -39.39999999999999858, -24.79999999999999716 ) ) ;
#3958 = CARTESIAN_POINT ( 'NONE',  ( 0.1112620995945046848, -36.40021604192210702, -2.024834176606392866 ) ) ;
#3959 = EDGE_LOOP ( 'NONE', ( #7215, #4181, #4463 ) ) ;
#3960 = EDGE_CURVE ( 'NONE', #9479, #1165, #2543, .T. ) ;
#3961 = CARTESIAN_POINT ( 'NONE',  ( -24.72776949103776900, 1.969999999999993090, 37.50000000000001421 ) ) ;
#3962 = CARTESIAN_POINT ( 'NONE',  ( -7.469808004126351264, -39.39999999999999147, -42.53771855267142854 ) ) ;
#3963 = ORIENTED_EDGE ( 'NONE', *, *, #8393, .F. ) ;
#3964 = CARTESIAN_POINT ( 'NONE',  ( -16.19999999999999929, -26.05000000000000071, -6.526646113673439054 ) ) ;
#3965 = FACE_OUTER_BOUND ( 'NONE', #8980, .T. ) ;
#3966 = CARTESIAN_POINT ( 'NONE',  ( 0.1702994039141623173, -26.51871354378421941, -2.307114572551864917 ) ) ;
#3967 = CARTESIAN_POINT ( 'NONE',  ( -1.340292509823450606, -37.39999999999999147, 40.19748713517401484 ) ) ;
#3968 = EDGE_CURVE ( 'NONE', #7769, #3756, #7365, .T. ) ;
#3969 = AXIS2_PLACEMENT_3D ( 'NONE', #4186, #6576, #9540 ) ;
#3970 = CARTESIAN_POINT ( 'NONE',  ( 0.01382043241904047821, -26.65807117911529289, 2.540321470147449023 ) ) ;
#3971 = CARTESIAN_POINT ( 'NONE',  ( 0.06579937986690560792, -3.407966381978967618, -10.00259367681678668 ) ) ;
#3972 = CARTESIAN_POINT ( 'NONE',  ( 0.4397376543209871036, -36.03087394217963890, 2.486986338334157498 ) ) ;
#3973 = FACE_OUTER_BOUND ( 'NONE', #20, .T. ) ;
#3974 = CARTESIAN_POINT ( 'NONE',  ( -36.25000000000000000, -5.204170427930421283E-15, -43.00000000000000000 ) ) ;
#3975 = ORIENTED_EDGE ( 'NONE', *, *, #3508, .T. ) ;
#3976 = ORIENTED_EDGE ( 'NONE', *, *, #5102, .T. ) ;
#3977 = CARTESIAN_POINT ( 'NONE',  ( -18.07618654017456450, -2.000000000000000000, 33.45424009241347818 ) ) ;
#3978 = ADVANCED_FACE ( 'NONE', ( #5790 ), #5058, .T. ) ;
#3979 = CARTESIAN_POINT ( 'NONE',  ( 0.1173425529665116512, -12.99286277599648187, -9.568398878287814213 ) ) ;
#3980 = ORIENTED_EDGE ( 'NONE', *, *, #1331, .T. ) ;
#3981 = CARTESIAN_POINT ( 'NONE',  ( -16.30000000000000426, -2.000000000000007105, -29.07223050896223526 ) ) ;
#3982 = CARTESIAN_POINT ( 'NONE',  ( -9.399999999999998579, -7.999999999999991118, 5.946707772653149426 ) ) ;
#3983 = CARTESIAN_POINT ( 'NONE',  ( 0.000000000000000000, 0.000000000000000000, 0.000000000000000000 ) ) ;
#3984 = CARTESIAN_POINT ( 'NONE',  ( -16.19999999999999929, -31.39999999999999147, -3.353292227346872600 ) ) ;
#3985 = CARTESIAN_POINT ( 'NONE',  ( 0.06776388190388533961, -35.92696501331828074, 2.505186158177965972 ) ) ;
#3986 = ORIENTED_EDGE ( 'NONE', *, *, #7445, .T. ) ;
#3987 = EDGE_CURVE ( 'NONE', #3032, #3486, #7263, .T. ) ;
#3988 = CARTESIAN_POINT ( 'NONE',  ( -29.00000000000000711, -0.7709065600501772142, 37.90066631520364382 ) ) ;
#3989 = EDGE_LOOP ( 'NONE', ( #6094, #3388, #3182, #7379 ) ) ;
#3990 = FACE_OUTER_BOUND ( 'NONE', #2514, .T. ) ;
#3991 = ORIENTED_EDGE ( 'NONE', *, *, #8437, .F. ) ;
#3992 = DIRECTION ( 'NONE',  ( 0.000000000000000000, -1.000000000000000000, 0.000000000000000000 ) ) ;
#3993 = CARTESIAN_POINT ( 'NONE',  ( 0.02671071723196092457, -3.318160625510031547, -10.03030656602231296 ) ) ;
#3994 = CARTESIAN_POINT ( 'NONE',  ( -16.19999999999999929, -13.25000000000000000, -3.146558967083448177 ) ) ;
#3995 = AXIS2_PLACEMENT_3D ( 'NONE', #4291, #3899, #2332 ) ;
#3996 = CARTESIAN_POINT ( 'NONE',  ( 7.500000000000000000, -26.89999999999999858, 2.000000000000000000 ) ) ;
#3997 = LINE ( 'NONE', #4730, #5803 ) ;
#3998 = CARTESIAN_POINT ( 'NONE',  ( 0.1428912506714960506, -3.352787978835259697, -7.024635965374801394 ) ) ;
#3999 = CIRCLE ( 'NONE', #6341, 0.1000000000000001721 ) ;
#4000 = ORIENTED_EDGE ( 'NONE', *, *, #9631, .T. ) ;
#4001 = EDGE_CURVE ( 'NONE', #3802, #7388, #4320, .T. ) ;
#4002 = ADVANCED_FACE ( 'NONE', ( #5886 ), #7518, .T. ) ;
#4003 = FACE_OUTER_BOUND ( 'NONE', #2525, .T. ) ;
#4004 = CARTESIAN_POINT ( 'NONE',  ( -24.94928043528306461, -39.40000000000003411, -39.33970650753208531 ) ) ;
#4005 = CYLINDRICAL_SURFACE ( 'NONE', #6536, 3.750000000000003553 ) ;
#4006 = ORIENTED_EDGE ( 'NONE', *, *, #3044, .F. ) ;
#4007 = VECTOR ( 'NONE', #9007, 1000.000000000000000 ) ;
#4008 = CARTESIAN_POINT ( 'NONE',  ( -16.29999999999999716, -12.47666666666667723, 26.93611525448112687 ) ) ;
#4009 = CARTESIAN_POINT ( 'NONE',  ( 0.2132458847762939980, -13.00000000000000000, -9.500000000000003553 ) ) ;
#4010 = VERTEX_POINT ( 'NONE', #4901 ) ;
#4011 = CARTESIAN_POINT ( 'NONE',  ( 0.03864744970013644920, -36.02619505639842146, -2.521032509399735666 ) ) ;
#4012 = DIRECTION ( 'NONE',  ( 1.000000000000000000, 1.224646799147353700E-16, 0.000000000000000000 ) ) ;
#4013 = ADVANCED_FACE ( 'NONE', ( #2655 ), #9328, .F. ) ;
#4014 = CARTESIAN_POINT ( 'NONE',  ( 0.1292045091343845264, -26.48386147027436266, -2.273023845884421856 ) ) ;
#4015 = CARTESIAN_POINT ( 'NONE',  ( -3.183704216976515955, -39.39999999999999147, 42.60029752549345972 ) ) ;
#4016 = CARTESIAN_POINT ( 'NONE',  ( 0.000000000000000000, -2.000000000000000444, 45.00000000000000000 ) ) ;
#4017 = CARTESIAN_POINT ( 'NONE',  ( 0.09871115433706217912, -3.499962188687930187, -10.00000630188534245 ) ) ;
#4018 = CARTESIAN_POINT ( 'NONE',  ( 0.03864744970013655329, -26.77380494360158281, 2.521032509399734334 ) ) ;
#4019 = CARTESIAN_POINT ( 'NONE',  ( -16.30000000000000426, -37.39999999994739710, -25.30541443088049647 ) ) ;
#4020 = LINE ( 'NONE', #432, #7149 ) ;
#4021 = ADVANCED_FACE ( 'NONE', ( #7754 ), #3765, .T. ) ;
#4022 = VERTEX_POINT ( 'NONE', #8388 ) ;
#4023 = ORIENTED_EDGE ( 'NONE', *, *, #8133, .F. ) ;
#4024 = CARTESIAN_POINT ( 'NONE',  ( -28.49458556912279761, -37.40000000001050751, 37.50000000000001421 ) ) ;
#4025 = CIRCLE ( 'NONE', #9510, 0.5000000000000000000 ) ;
#4026 = CARTESIAN_POINT ( 'NONE',  ( 0.09667965127050121010, -35.90031668594339465, 2.500052780990562606 ) ) ;
#4027 = ORIENTED_EDGE ( 'NONE', *, *, #4542, .F. ) ;
#4028 = LINE ( 'NONE', #7159, #4352 ) ;
#4029 = CARTESIAN_POINT ( 'NONE',  ( -16.19999999999999929, -31.49999999999998579, 15.61991285341003355 ) ) ;
#4030 = PERSON_AND_ORGANIZATION ( #7610, #8559 ) ;
#4031 = DIRECTION ( 'NONE',  ( 1.000000000000000000, 0.000000000000000000, 0.000000000000000000 ) ) ;
#4032 = DIRECTION ( 'NONE',  ( 9.251858538542972814E-17, 0.000000000000000000, 1.000000000000000000 ) ) ;
#4033 = CARTESIAN_POINT ( 'NONE',  ( -19.67141233041203918, 8.408149603345936213E-16, 37.65631240634504451 ) ) ;
#4034 = ORIENTED_EDGE ( 'NONE', *, *, #2644, .T. ) ;
#4035 = CARTESIAN_POINT ( 'NONE',  ( 0.09999999999999939493, -2.999999999999999556, -7.500000000000000000 ) ) ;
#4036 = ORIENTED_EDGE ( 'NONE', *, *, #1108, .T. ) ;
#4037 = CARTESIAN_POINT ( 'NONE',  ( 0.4397376543283821881, -12.49999999999999822, -10.00000000000000000 ) ) ;
#4038 = CARTESIAN_POINT ( 'NONE',  ( -9.399999999999998579, -36.54999999999999005, 1.517304800321047798E-15 ) ) ;
#4039 = ORIENTED_EDGE ( 'NONE', *, *, #2566, .T. ) ;
#4040 = AXIS2_PLACEMENT_3D ( 'NONE', #1843, #4236, #6486 ) ;
#4041 = CARTESIAN_POINT ( 'NONE',  ( 0.1420871316168939302, -26.57074516565264943, 2.364069860119824451 ) ) ;
#4042 = SPHERICAL_SURFACE ( 'NONE', #1541, 0.5000000000000000000 ) ;
#4043 = DIRECTION ( 'NONE',  ( 0.000000000000000000, -1.000000000000000000, 5.204170427930452838E-14 ) ) ;
#4044 = ADVANCED_FACE ( 'NONE', ( #3725 ), #3917, .T. ) ;
#4045 = CARTESIAN_POINT ( 'NONE',  ( -16.29999999999999716, -36.75000000000000000, -6.526646113673447935 ) ) ;
#4046 = VECTOR ( 'NONE', #8674, 1000.000000000000000 ) ;
#4047 = CARTESIAN_POINT ( 'NONE',  ( 0.09667965127050565100, -13.00005278099056127, -7.499683314056627026 ) ) ;
#4048 = CARTESIAN_POINT ( 'NONE',  ( 0.4397376543083739153, -3.169586624709634037, -7.123306594103818057 ) ) ;
#4049 = VERTEX_POINT ( 'NONE', #191 ) ;
#4050 = DIRECTION ( 'NONE',  ( -1.000000000000000000, 0.000000000000000000, 0.000000000000000000 ) ) ;
#4051 = CARTESIAN_POINT ( 'NONE',  ( 0.09999999999999939493, -35.89999999999999858, -2.500000000000000000 ) ) ;
#4052 = CARTESIAN_POINT ( 'NONE',  ( 0.08501530141740668012, -36.37643026367771171, -2.188973167084611759 ) ) ;
#4053 = ORIENTED_EDGE ( 'NONE', *, *, #1352, .T. ) ;
#4054 = CIRCLE ( 'NONE', #8927, 0.1999999999999987899 ) ;
#4055 = ADVANCED_FACE ( 'NONE', ( #3045 ), #2878, .F. ) ;
#4056 = CARTESIAN_POINT ( 'NONE',  ( -26.86388474551888805, -26.92333333332080869, 37.50000000000001421 ) ) ;
#4057 = TOROIDAL_SURFACE ( 'NONE', #1866, 0.2000000000000000111, 0.1000000000000000056 ) ;
#4058 = EDGE_LOOP ( 'NONE', ( #9053, #7732, #811, #8843, #1522, #3354, #8337, #5218, #7479, #9047, #6, #3727, #4733 ) ) ;
#4059 = AXIS2_PLACEMENT_3D ( 'NONE', #1711, #47, #776 ) ;
#4060 = FACE_OUTER_BOUND ( 'NONE', #9247, .T. ) ;
#4061 = DIRECTION ( 'NONE',  ( 0.000000000000000000, -1.000000000000000000, 0.000000000000000000 ) ) ;
#4062 = CARTESIAN_POINT ( 'NONE',  ( 0.4397376543209853272, -26.46611010604774705, -2.250558514135224897 ) ) ;
#4063 = CARTESIAN_POINT ( 'NONE',  ( -16.89272086267166983, -2.000000000000000000, -30.77764948106455023 ) ) ;
#4064 = CARTESIAN_POINT ( 'NONE',  ( -0.9442468805432771006, -37.39999999999999147, 39.33491365232005421 ) ) ;
#4065 = CARTESIAN_POINT ( 'NONE',  ( 0.03864744970013725411, -2.978967490600264334, -9.626195056398410443 ) ) ;
#4066 = ADVANCED_FACE ( 'NONE', ( #5979 ), #150, .F. ) ;
#4067 = CARTESIAN_POINT ( 'NONE',  ( 0.4397376543209853272, -3.192726640012543804, -9.899833421199089045 ) ) ;
#4068 = DIRECTION ( 'NONE',  ( 9.251858538542972814E-17, 0.000000000000000000, 1.000000000000000000 ) ) ;
#4069 = CARTESIAN_POINT ( 'NONE',  ( -14.45767870967638480, -39.39999999999999858, -28.82698737479247342 ) ) ;
#4070 = CARTESIAN_POINT ( 'NONE',  ( -12.70000000000000107, -0.9927620392582027220, 44.74757277670852318 ) ) ;
#4071 = VERTEX_POINT ( 'NONE', #3147 ) ;
#4072 = CARTESIAN_POINT ( 'NONE',  ( -26.57000434227957442, 1.734723475976807094E-15, 37.45763005825021708 ) ) ;
#4073 = CARTESIAN_POINT ( 'NONE',  ( 0.1196648342555385325, -36.15326692486586779, 2.433144027571733758 ) ) ;
#4074 = VERTEX_POINT ( 'NONE', #6166 ) ;
#4075 = FACE_OUTER_BOUND ( 'NONE', #1149, .T. ) ;
#4076 = CYLINDRICAL_SURFACE ( 'NONE', #2273, 0.1000000000000002554 ) ;
#4077 = SECURITY_CLASSIFICATION_LEVEL ( 'unclassified' ) ;
#4078 = EDGE_CURVE ( 'NONE', #8815, #6056, #2461, .T. ) ;
#4079 = DIRECTION ( 'NONE',  ( 0.000000000000000000, 0.000000000000000000, -1.000000000000000000 ) ) ;
#4080 = CARTESIAN_POINT ( 'NONE',  ( 0.04079391976872234066, -36.01618905935972492, 2.519364843226616912 ) ) ;
#4081 = CARTESIAN_POINT ( 'NONE',  ( -19.23787055049159278, 8.939085156422138675E-16, 37.38982553190371760 ) ) ;
#4082 = VERTEX_POINT ( 'NONE', #7462 ) ;
#4083 = DIRECTION ( 'NONE',  ( -1.734723475976807094E-16, 1.000000000000000000, -0.000000000000000000 ) ) ;
#4084 = ORIENTED_EDGE ( 'NONE', *, *, #4401, .F. ) ;
#4085 = CARTESIAN_POINT ( 'NONE',  ( 0.1542920098925197880, -12.73888896762581524, -9.932920449272476304 ) ) ;
#4086 = DIRECTION ( 'NONE',  ( 0.000000000000000000, 0.000000000000000000, 1.000000000000000000 ) ) ;
#4087 = EDGE_LOOP ( 'NONE', ( #8201, #7864, #8905, #5077, #4612, #9592 ) ) ;
#4088 = CARTESIAN_POINT ( 'NONE',  ( 0.1377446656244524781, -26.74898711326009249, 2.475555209443871529 ) ) ;
#4089 = DIRECTION ( 'NONE',  ( 0.000000000000000000, 0.000000000000000000, 1.000000000000000000 ) ) ;
#4090 = DIRECTION ( 'NONE',  ( 0.000000000000000000, 0.5000000000000001110, 0.8660254037844387076 ) ) ;
#4091 = AXIS2_PLACEMENT_3D ( 'NONE', #113, #2428, #18 ) ;
#4092 = VECTOR ( 'NONE', #9568, 1000.000000000000000 ) ;
#4093 = DIRECTION ( 'NONE',  ( -4.625929269271488256E-17, -0.8660254037844384856, -0.5000000000000002220 ) ) ;
#4094 = CARTESIAN_POINT ( 'NONE',  ( -29.00000000000000355, -0.2524272232914874237, -38.49276203925819573 ) ) ;
#4095 = CARTESIAN_POINT ( 'NONE',  ( 0.09822872993581575896, -3.230586202805168838, -7.063611320165049889 ) ) ;
#4096 = VERTEX_POINT ( 'NONE', #9326 ) ;
#4097 = CIRCLE ( 'NONE', #2057, 0.1000000000000002554 ) ;
#4098 = CARTESIAN_POINT ( 'NONE',  ( 0.1016644731461501666, -36.24671386194250999, -2.381623554747058336 ) ) ;
#4099 = CYLINDRICAL_SURFACE ( 'NONE', #6388, 0.5000000000000000000 ) ;
#4100 = EDGE_CURVE ( 'NONE', #4998, #8087, #4752, .T. ) ;
#4101 = ORIENTED_EDGE ( 'NONE', *, *, #2107, .T. ) ;
#4102 = CARTESIAN_POINT ( 'NONE',  ( -16.29999999999999716, -41.37000000000001165, 26.93611525448112687 ) ) ;
#4103 = VECTOR ( 'NONE', #7548, 1000.000000000000000 ) ;
#4104 = AXIS2_PLACEMENT_3D ( 'NONE', #9684, #4522, #9103 ) ;
#4105 = ORIENTED_EDGE ( 'NONE', *, *, #3250, .F. ) ;
#4106 = CARTESIAN_POINT ( 'NONE',  ( -12.69999999999999929, -37.39999999999999147, 45.00000000000001421 ) ) ;
#4107 = CARTESIAN_POINT ( 'NONE',  ( 0.1453539120315343047, -3.025624011680119629, -7.360322385386355748 ) ) ;
#4108 = EDGE_CURVE ( 'NONE', #1165, #1119, #3135, .T. ) ;
#4109 = CARTESIAN_POINT ( 'NONE',  ( 0.2610620545552400640, -26.60085905520299576, -2.385241065010876849 ) ) ;
#4110 = CARTESIAN_POINT ( 'NONE',  ( 0.3492235992449537751, -36.03087394217963890, -2.486986338334157498 ) ) ;
#4111 = EDGE_CURVE ( 'NONE', #680, #6084, #288, .T. ) ;
#4112 = CARTESIAN_POINT ( 'NONE',  ( -2.080166642104975594, -39.39999999999999147, 35.30310278221121933 ) ) ;
#4113 = CARTESIAN_POINT ( 'NONE',  ( 0.09999999999999939493, -3.500000000000000888, -10.00000000000000000 ) ) ;
#4114 = CARTESIAN_POINT ( 'NONE',  ( 0.2387701955326302083, -12.74225174463662924, -7.082764292402958795 ) ) ;
#4115 = CARTESIAN_POINT ( 'NONE',  ( -19.66296187264328310, -37.39999999999824354, -35.24010841131124039 ) ) ;
#4116 = CARTESIAN_POINT ( 'NONE',  ( 0.06068399246558640187, -36.40802526482347901, 2.044153712082755980 ) ) ;
#4117 = EDGE_CURVE ( 'NONE', #246, #7617, #9683, .T. ) ;
#4118 = VERTEX_POINT ( 'NONE', #4849 ) ;
#4119 = CARTESIAN_POINT ( 'NONE',  ( 0.4397376543209871036, -36.15055851413521992, 2.433889893952248862 ) ) ;
#4120 = ORIENTED_EDGE ( 'NONE', *, *, #7835, .T. ) ;
#4121 = EDGE_CURVE ( 'NONE', #3054, #9577, #8280, .T. ) ;
#4122 = DIRECTION ( 'NONE',  ( 0.000000000000000000, 0.000000000000000000, 1.000000000000000000 ) ) ;
#4123 = COORDINATED_UNIVERSAL_TIME_OFFSET ( 8, 0, .BEHIND. ) ;
#4124 = FACE_OUTER_BOUND ( 'NONE', #3175, .T. ) ;
#4125 = DIRECTION ( 'NONE',  ( 1.000000000000000000, 1.734723475976805319E-15, 0.000000000000000000 ) ) ;
#4126 = CYLINDRICAL_SURFACE ( 'NONE', #2403, 2.000000000000001776 ) ;
#4127 = ORIENTED_EDGE ( 'NONE', *, *, #5863, .F. ) ;
#4128 = CARTESIAN_POINT ( 'NONE',  ( 2.449293598294706907E-16, -2.000000000000000000, 45.00000000000000000 ) ) ;
#4129 = EDGE_LOOP ( 'NONE', ( #2957, #6033, #5447, #8461 ) ) ;
#4130 = VERTEX_POINT ( 'NONE', #8495 ) ;
#4131 = APPLICATION_CONTEXT ( 'configuration controlled 3d designs of mechanical parts and assemblies' ) ;
#4132 = CARTESIAN_POINT ( 'NONE',  ( 0.09667812241396066264, -12.50031699394365781, -10.00005283232394149 ) ) ;
#4133 = DIRECTION ( 'NONE',  ( 0.000000000000000000, 5.723103233284423621E-16, 1.000000000000000000 ) ) ;
#4134 = EDGE_LOOP ( 'NONE', ( #2816, #5987, #775, #7541 ) ) ;
#4135 = ADVANCED_FACE ( 'NONE', ( #7751 ), #2704, .F. ) ;
#4136 = CARTESIAN_POINT ( 'NONE',  ( 0.1003027371078693691, -26.57161622136110779, 2.398200933765730625 ) ) ;
#4137 = DIRECTION ( 'NONE',  ( 1.000000000000000000, 0.000000000000000000, -0.000000000000000000 ) ) ;
#4138 = DIRECTION ( 'NONE',  ( 4.625929269271488256E-17, -0.8660254037844384856, 0.5000000000000002220 ) ) ;
#4139 = DIRECTION ( 'NONE',  ( 1.000000000000000000, 1.734723475976807834E-16, 0.000000000000000000 ) ) ;
#4140 = CARTESIAN_POINT ( 'NONE',  ( 0.09737503150908707883, -13.00003197240708630, -7.499808165557458217 ) ) ;
#4141 = CARTESIAN_POINT ( 'NONE',  ( 0.1162514195725068422, -3.180743847636825272, -7.116363386583405060 ) ) ;
#4142 = ORIENTED_EDGE ( 'NONE', *, *, #625, .T. ) ;
#4143 = DIRECTION ( 'NONE',  ( 0.000000000000000000, -0.5000000000000134337, -0.8660254037844309360 ) ) ;
#4144 = EDGE_CURVE ( 'NONE', #3883, #9687, #4020, .T. ) ;
#4145 = AXIS2_PLACEMENT_3D ( 'NONE', #2634, #3319, #5612 ) ;
#4146 = CARTESIAN_POINT ( 'NONE',  ( -4.861976370303263018, -1.999999999999999112, -43.69897721183509276 ) ) ;
#4147 = AXIS2_PLACEMENT_3D ( 'NONE', #372, #8678, #6351 ) ;
#4148 = DIRECTION ( 'NONE',  ( 1.000000000000000000, 0.000000000000000000, 0.000000000000000000 ) ) ;
#4149 = FACE_OUTER_BOUND ( 'NONE', #9481, .T. ) ;
#4150 = EDGE_CURVE ( 'NONE', #3205, #6735, #4958, .T. ) ;
#4151 = AXIS2_PLACEMENT_3D ( 'NONE', #8971, #810, #8227 ) ;
#4152 = LINE ( 'NONE', #7141, #5708 ) ;
#4153 = DIRECTION ( 'NONE',  ( 0.000000000000000000, 0.000000000000000000, 1.000000000000000000 ) ) ;
#4154 = CARTESIAN_POINT ( 'NONE',  ( 0.04884188009658092799, -2.986887893020575557, -7.352763186281240593 ) ) ;
#4155 = CARTESIAN_POINT ( 'NONE',  ( 0.1610282814203897739, -26.63055301177039524, -2.418332839385465061 ) ) ;
#4156 = CARTESIAN_POINT ( 'NONE',  ( 0.1937694398700478549, -35.89999999999998437, -2.500000000000000000 ) ) ;
#4157 = CARTESIAN_POINT ( 'NONE',  ( -5.423412476870219656, -39.39999999999996305, 41.73165822427824878 ) ) ;
#4158 = DIRECTION ( 'NONE',  ( 1.000000000000000000, 1.224646799147353454E-16, 0.000000000000000000 ) ) ;
#4159 = DIRECTION ( 'NONE',  ( -9.251858538542974046E-17, -1.133025894539076336E-32, -1.000000000000000000 ) ) ;
#4160 = CARTESIAN_POINT ( 'NONE',  ( 0.1509573913229194930, -12.73950773203233666, -7.067059175518010328 ) ) ;
#4161 = CC_DESIGN_SECURITY_CLASSIFICATION ( #7930, ( #8404 ) ) ;
#4162 = CARTESIAN_POINT ( 'NONE',  ( -20.15618522327454087, -39.40000000000178915, -35.59769722780989554 ) ) ;
#4163 = CARTESIAN_POINT ( 'NONE',  ( -12.69999999999999929, -2.603355763386091303E-15, 43.26179938779914380 ) ) ;
#4164 = ORIENTED_EDGE ( 'NONE', *, *, #4187, .F. ) ;
#4165 = CARTESIAN_POINT ( 'NONE',  ( -25.20987741610475297, -37.40000000000001990, 37.35451617932294255 ) ) ;
#4166 = CARTESIAN_POINT ( 'NONE',  ( 0.09095863857894431748, -35.90207726405454736, 2.500346210675753689 ) ) ;
#4167 = EDGE_LOOP ( 'NONE', ( #1278, #4826, #9690 ) ) ;
#4168 = DIRECTION ( 'NONE',  ( 0.000000000000000000, 0.000000000000000000, 1.000000000000000000 ) ) ;
#4169 = DATE_AND_TIME ( #9381, #867 ) ;
#4170 = CARTESIAN_POINT ( 'NONE',  ( 0.05239727617647050445, -2.989650202107128507, -9.562098787357227181 ) ) ;
#4171 = ADVANCED_FACE ( 'NONE', ( #7800 ), #570, .T. ) ;
#4172 = CARTESIAN_POINT ( 'NONE',  ( 0.000000000000000000, -25.59999999999999076, 32.30000000000000426 ) ) ;
#4173 = CARTESIAN_POINT ( 'NONE',  ( -17.32958393997359536, 1.778368981034964928E-15, -35.77949595103484626 ) ) ;
#4174 = CIRCLE ( 'NONE', #4329, 0.1999999999999996503 ) ;
#4175 = EDGE_LOOP ( 'NONE', ( #3591, #6635, #2910, #3633, #446, #7901 ) ) ;
#4176 = LINE ( 'NONE', #3444, #3689 ) ;
#4177 = ORIENTED_EDGE ( 'NONE', *, *, #6747, .F. ) ;
#4178 = VERTEX_POINT ( 'NONE', #6411 ) ;
#4179 = CARTESIAN_POINT ( 'NONE',  ( 0.05239727617646006141, -12.56209878735726804, -10.01034979789287682 ) ) ;
#4180 = CARTESIAN_POINT ( 'NONE',  ( 7.500000000000000000, -3.499999999999998668, -7.500000000000000000 ) ) ;
#4181 = ORIENTED_EDGE ( 'NONE', *, *, #3554, .T. ) ;
#4182 = CARTESIAN_POINT ( 'NONE',  ( 0.2008050707473143792, -26.84175811460960404, 2.500000000000000000 ) ) ;
#4183 = DIRECTION ( 'NONE',  ( -1.000000000000000000, 0.000000000000000000, 9.251858538542972814E-17 ) ) ;
#4184 = DIRECTION ( 'NONE',  ( -1.000000000000000000, 0.000000000000000000, 9.251858538542972814E-17 ) ) ;
#4185 = CIRCLE ( 'NONE', #112, 0.09999999999999939493 ) ;
#4186 = CARTESIAN_POINT ( 'NONE',  ( 7.500000000000000000, -3.499999999999998668, -7.000000000000000000 ) ) ;
#4187 = EDGE_CURVE ( 'NONE', #7581, #1506, #8542, .T. ) ;
#4188 = DIRECTION ( 'NONE',  ( 1.000000000000000000, -0.000000000000000000, -0.000000000000000000 ) ) ;
#4189 = LINE ( 'NONE', #7322, #4397 ) ;
#4190 = EDGE_LOOP ( 'NONE', ( #4962, #3013, #305, #2138 ) ) ;
#4191 = CARTESIAN_POINT ( 'NONE',  ( -16.29999999999999716, -7.899999999999988809, -6.119912853410030884 ) ) ;
#4192 = CARTESIAN_POINT ( 'NONE',  ( -7.031044353043612638, -1.999999999999999112, -44.49141882741059817 ) ) ;
#4193 = FACE_OUTER_BOUND ( 'NONE', #8801, .T. ) ;
#4194 = AXIS2_PLACEMENT_3D ( 'NONE', #7170, #403, #4086 ) ;
#4195 = CARTESIAN_POINT ( 'NONE',  ( -8.951195407715960783, 1.644969688680684806E-15, -42.84254078709496838 ) ) ;
#4196 = CARTESIAN_POINT ( 'NONE',  ( -5.017937694845882035, 4.033108838712838051E-14, 43.76563642500555318 ) ) ;
#4197 = EDGE_CURVE ( 'NONE', #3099, #7566, #5114, .T. ) ;
#4198 = AXIS2_PLACEMENT_3D ( 'NONE', #2625, #9396, #4325 ) ;
#4199 = ORIENTED_EDGE ( 'NONE', *, *, #886, .F. ) ;
#4200 = DIRECTION ( 'NONE',  ( -1.734723475976807834E-16, 1.000000000000000000, 0.000000000000000000 ) ) ;
#4201 = CARTESIAN_POINT ( 'NONE',  ( -0.2499999999999932832, -31.39999999999999858, 9.500000000000001776 ) ) ;
#4202 = CARTESIAN_POINT ( 'NONE',  ( 0.4397376543083740263, -3.016021889269009826, -7.370362188019802474 ) ) ;
#4203 = CARTESIAN_POINT ( 'NONE',  ( 0.1044900477319713472, -36.39997761937709697, 2.024777798889768388 ) ) ;
#4204 = CIRCLE ( 'NONE', #9693, 3.600000000000006750 ) ;
#4205 = CARTESIAN_POINT ( 'NONE',  ( 0.1741086412514475656, -26.63415482592614580, -2.418514823439385175 ) ) ;
#4206 = CARTESIAN_POINT ( 'NONE',  ( 0.1471451563346331537, -36.04445447791768942, -2.475832607925633866 ) ) ;
#4207 = DIRECTION ( 'NONE',  ( 0.000000000000000000, 0.000000000000000000, -1.000000000000000000 ) ) ;
#4208 = CARTESIAN_POINT ( 'NONE',  ( 0.1045514108772469530, -3.475185334072497856, -9.999899501811091440 ) ) ;
#4209 = AXIS2_PLACEMENT_3D ( 'NONE', #9255, #3212, #2436 ) ;
#4210 = DIRECTION ( 'NONE',  ( 1.000000000000000000, 0.000000000000000000, 0.000000000000000000 ) ) ;
#4211 = CARTESIAN_POINT ( 'NONE',  ( -27.03951419392153355, -39.39999999999826485, -37.47811510146505753 ) ) ;
#4212 = DIRECTION ( 'NONE',  ( -1.000000000000000000, 0.000000000000000000, 1.734723475976817507E-14 ) ) ;
#4213 = CARTESIAN_POINT ( 'NONE',  ( -26.58482533412087534, -37.40000000000001990, 37.45838445865393851 ) ) ;
#4214 = CARTESIAN_POINT ( 'NONE',  ( 0.1563424206766010904, -36.13742410112711667, 2.433014001123955161 ) ) ;
#4215 = ORIENTED_EDGE ( 'NONE', *, *, #7148, .F. ) ;
#4216 = EDGE_CURVE ( 'NONE', #9386, #7983, #2933, .T. ) ;
#4217 = APPROVAL_DATE_TIME ( #1125, #1706 ) ;
#4218 = CARTESIAN_POINT ( 'NONE',  ( -16.19999999999999929, -7.999999999999988454, -5.946707772653140545 ) ) ;
#4219 = DIRECTION ( 'NONE',  ( -1.000000000000000000, 0.000000000000000000, 9.251858538542972814E-17 ) ) ;
#4220 = CARTESIAN_POINT ( 'NONE',  ( -19.04696385014980109, 1.709428689851623439E-15, -37.26289432080635322 ) ) ;
#4221 = VERTEX_POINT ( 'NONE', #3781 ) ;
#4222 = VERTEX_POINT ( 'NONE', #7653 ) ;
#4223 = EDGE_LOOP ( 'NONE', ( #7997, #7274, #2091, #9602, #3538, #6304, #9495, #8167, #5548, #4566, #8384, #3401, #3197 ) ) ;
#4224 = CARTESIAN_POINT ( 'NONE',  ( -12.70000000000000107, -0.05205464666337137475, -43.52349576871857550 ) ) ;
#4225 = CARTESIAN_POINT ( 'NONE',  ( 0.06776370892756440611, -26.87303453073512571, -2.505186219208692666 ) ) ;
#4226 = ORIENTED_EDGE ( 'NONE', *, *, #4959, .T. ) ;
#4227 = EDGE_CURVE ( 'NONE', #7665, #2605, #8575, .T. ) ;
#4228 = CARTESIAN_POINT ( 'NONE',  ( 0.1428912506856194753, -26.75278798125344437, 2.475364034790676016 ) ) ;
#4229 = DIRECTION ( 'NONE',  ( 0.000000000000000000, -0.8660254037844330455, 0.5000000000000096589 ) ) ;
#4230 = CARTESIAN_POINT ( 'NONE',  ( -9.399999999999996803, -31.39999999999998437, 15.44670777265314499 ) ) ;
#4231 = DIRECTION ( 'NONE',  ( 9.251858538542972814E-17, 0.000000000000000000, 1.000000000000000000 ) ) ;
#4232 = CIRCLE ( 'NONE', #3143, 3.750000000000003553 ) ;
#4233 = CARTESIAN_POINT ( 'NONE',  ( -9.399999999999998579, -36.54999999999999005, 1.517304800321047403E-15 ) ) ;
#4234 = CARTESIAN_POINT ( 'NONE',  ( 0.06776370892554456349, -36.40518621920950437, -2.026965469267206998 ) ) ;
#4235 = EDGE_LOOP ( 'NONE', ( #2270, #339, #5207 ) ) ;
#4236 = DIRECTION ( 'NONE',  ( -1.000000000000000000, 0.000000000000000000, 9.251858538542972814E-17 ) ) ;
#4237 = FACE_BOUND ( 'NONE', #7766, .T. ) ;
#4238 = CARTESIAN_POINT ( 'NONE',  ( -29.00000000000001066, -37.39999999999865565, -37.50000000000000711 ) ) ;
#4239 = EDGE_CURVE ( 'NONE', #3836, #4259, #7476, .T. ) ;
#4240 = CARTESIAN_POINT ( 'NONE',  ( -3.291703119863202964, 1.723742864023125298E-15, -39.59986350077271311 ) ) ;
#4241 = CARTESIAN_POINT ( 'NONE',  ( -2.399702474500003735, -8.212654669718656182E-14, 41.81629578301889438 ) ) ;
#4242 = CIRCLE ( 'NONE', #3156, 0.09999999999999982514 ) ;
#4243 = CARTESIAN_POINT ( 'NONE',  ( -9.399999999999998579, -31.39999999999999147, -3.553292227346873222 ) ) ;
#4244 = DIRECTION ( 'NONE',  ( 0.000000000000000000, 1.000000000000000000, -5.723103233284376290E-16 ) ) ;
#4245 = CARTESIAN_POINT ( 'NONE',  ( 0.3359469009827575903, -2.999999999999999556, -7.467269176310514567 ) ) ;
#4246 = CARTESIAN_POINT ( 'NONE',  ( 0.3333876955877041470, -36.39674658458353917, 2.065449309234397290 ) ) ;
#4247 = CARTESIAN_POINT ( 'NONE',  ( 0.1117293984877866103, -35.94943724053914735, -2.499766988402856605 ) ) ;
#4248 = EDGE_CURVE ( 'NONE', #5587, #7171, #5673, .T. ) ;
#4249 = LINE ( 'NONE', #2049, #9387 ) ;
#4250 = AXIS2_PLACEMENT_3D ( 'NONE', #6852, #8381, #4644 ) ;
#4251 = CARTESIAN_POINT ( 'NONE',  ( -16.19999999999999929, -31.39999999999999147, -3.553292227346872778 ) ) ;
#4252 = CARTESIAN_POINT ( 'NONE',  ( -1.301022790840853594, -39.40000000000000568, -40.13802362851760819 ) ) ;
#4253 = CARTESIAN_POINT ( 'NONE',  ( 0.1484379709155783655, -12.74061177180031379, -7.067114828570138840 ) ) ;
#4254 = AXIS2_PLACEMENT_3D ( 'NONE', #768, #4692, #5290 ) ;
#4255 = CARTESIAN_POINT ( 'NONE',  ( -20.56664682073314410, -39.40000000000001990, -38.13197807924792926 ) ) ;
#4256 = DIRECTION ( 'NONE',  ( -1.000000000000000000, 0.000000000000000000, 0.000000000000000000 ) ) ;
#4257 = CARTESIAN_POINT ( 'NONE',  ( -18.55989158869133959, -37.39999999999999147, 34.13703812736030585 ) ) ;
#4258 = CARTESIAN_POINT ( 'NONE',  ( 0.1350956592196425887, -36.36184225336076281, 2.182791194713880056 ) ) ;
#4259 = VERTEX_POINT ( 'NONE', #5349 ) ;
#4260 = EDGE_CURVE ( 'NONE', #4074, #5380, #8734, .T. ) ;
#4261 = DIRECTION ( 'NONE',  ( 1.000000000000000000, 1.156482317317870246E-16, 0.000000000000000000 ) ) ;
#4262 = DIRECTION ( 'NONE',  ( 0.000000000000000000, 0.000000000000000000, 1.000000000000000000 ) ) ;
#4263 = CYLINDRICAL_SURFACE ( 'NONE', #6757, 0.09999999999999939493 ) ;
#4264 = CARTESIAN_POINT ( 'NONE',  ( -9.399999999999996803, -14.53862066797606722, 25.18162966890553989 ) ) ;
#4265 = B_SPLINE_SURFACE_WITH_KNOTS ( 'NONE', 5, 3, ( 
 ( #1772, #9694, #9019, #7433 ),
 ( #8968, #8275, #4761, #8458 ),
 ( #5173, #8173, #4484, #758 ),
 ( #3760, #1726, #1549, #4536 ),
 ( #6741, #7536, #208, #3201 ),
 ( #6178, #9191, #2472, #5457 ),
 ( #4713, #7715, #981, #8699 ),
 ( #9432, #1075, #2612, #439 ) ),
 .UNSPECIFIED., .F., .F., .F.,
 ( 6, 2, 6 ),
 ( 4, 4 ),
 ( 0.000000000000000000, 0.5000000000000000000, 1.000000000000000000 ),
 ( -0.04137000000000000399, 0.001970000000000000397 ),
 .UNSPECIFIED. ) ;
#4266 = CARTESIAN_POINT ( 'NONE',  ( 0.02117323960654991441, -26.40406072606895549, 2.495939273931487623 ) ) ;
#4267 = EDGE_CURVE ( 'NONE', #5906, #2179, #8085, .T. ) ;
#4268 = ORIENTED_EDGE ( 'NONE', *, *, #1677, .F. ) ;
#4269 = EDGE_LOOP ( 'NONE', ( #2976, #8029, #3779, #2558 ) ) ;
#4270 = ORIENTED_EDGE ( 'NONE', *, *, #3936, .T. ) ;
#4271 = DIRECTION ( 'NONE',  ( -1.000000000000000000, 0.000000000000000000, 0.000000000000000000 ) ) ;
#4272 = CARTESIAN_POINT ( 'NONE',  ( 0.2610620545644456447, -12.88524106467237118, -9.799140942132369858 ) ) ;
#4273 = DIRECTION ( 'NONE',  ( -1.000000000000000000, 0.000000000000000000, -0.000000000000000000 ) ) ;
#4274 = EDGE_LOOP ( 'NONE', ( #5885, #3908, #736, #753 ) ) ;
#4275 = CARTESIAN_POINT ( 'NONE',  ( 0.1691767755251483707, -26.48158579701046023, 2.267142854187227385 ) ) ;
#4276 = CARTESIAN_POINT ( 'NONE',  ( -3.252606517456513302E-16, -13.09999999999999964, -10.09999999999999787 ) ) ;
#4277 = CARTESIAN_POINT ( 'NONE',  ( 0.05790538977554886974, -13.00373866222521180, -7.331724006168332863 ) ) ;
#4278 = CIRCLE ( 'NONE', #516, 0.5000000000000004441 ) ;
#4279 = CYLINDRICAL_SURFACE ( 'NONE', #3969, 0.5000000000000004441 ) ;
#4280 = CARTESIAN_POINT ( 'NONE',  ( -2.155599462690289680, -39.39999999999999858, 36.03720028761598826 ) ) ;
#4281 = DIRECTION ( 'NONE',  ( -0.7071067811865345831, 0.000000000000000000, 0.7071067811865603403 ) ) ;
#4282 = EDGE_LOOP ( 'NONE', ( #5801, #3493, #8399 ) ) ;
#4283 = CARTESIAN_POINT ( 'NONE',  ( -16.30000000000000071, -1.999999999999796163, -24.79999999999999716 ) ) ;
#4284 = DIRECTION ( 'NONE',  ( -1.000000000000000000, 0.000000000000000000, 0.000000000000000000 ) ) ;
#4285 = CYLINDRICAL_SURFACE ( 'NONE', #1067, 0.09999999999999982514 ) ;
#4286 = CARTESIAN_POINT ( 'NONE',  ( -16.19999999999999929, -31.39999999999999147, 15.64670777265314605 ) ) ;
#4287 = CARTESIAN_POINT ( 'NONE',  ( -8.950820253875244603, -9.580505630544478844E-16, 42.84296118356228789 ) ) ;
#4288 = ADVANCED_FACE ( 'NONE', ( #3094 ), #777, .F. ) ;
#4289 = ADVANCED_FACE ( 'NONE', ( #6953 ), #3877, .T. ) ;
#4290 = ORIENTED_EDGE ( 'NONE', *, *, #327, .T. ) ;
#4291 = CARTESIAN_POINT ( 'NONE',  ( -50.00000000000000000, -39.40000000000000568, 37.50000000000000000 ) ) ;
#4292 = CARTESIAN_POINT ( 'NONE',  ( 0.04384580558854138388, -13.01720283701732228, -9.602741954665839685 ) ) ;
#4293 = CIRCLE ( 'NONE', #4624, 2.000000000000001776 ) ;
#4294 = CARTESIAN_POINT ( 'NONE',  ( 0.05239727617648140545, -2.989650202107136501, -7.437901212642821669 ) ) ;
#4295 = CARTESIAN_POINT ( 'NONE',  ( 0.1749809614190578899, -36.40000000000000568, 2.000000000000000888 ) ) ;
#4296 = CARTESIAN_POINT ( 'NONE',  ( 0.1133736073593892002, -35.94933901159414091, -2.499940229925051938 ) ) ;
#4297 = CIRCLE ( 'NONE', #77, 3.599999999999992095 ) ;
#4298 = DIRECTION ( 'NONE',  ( 0.000000000000000000, -1.000000000000000000, 0.000000000000000000 ) ) ;
#4299 = CARTESIAN_POINT ( 'NONE',  ( -3.719743878930847458, -26.92333333333333556, -44.08951261808173427 ) ) ;
#4300 = VECTOR ( 'NONE', #4083, 1000.000000000000000 ) ;
#4301 = CARTESIAN_POINT ( 'NONE',  ( -0.1667430540496417368, -37.39999999999999147, -36.27512930450916429 ) ) ;
#4302 = CARTESIAN_POINT ( 'NONE',  ( 0.1634047884043110244, -12.76322573577940744, -7.083810974800418769 ) ) ;
#4303 = ADVANCED_FACE ( 'NONE', ( #195 ), #3142, .F. ) ;
#4304 = CARTESIAN_POINT ( 'NONE',  ( -16.98367107299749179, -39.40000000000003411, -35.37267895967077891 ) ) ;
#4305 = CIRCLE ( 'NONE', #6027, 0.5000000000000004441 ) ;
#4306 = CARTESIAN_POINT ( 'NONE',  ( -9.399999999999998579, -2.749999999999997780, 2.973353886326579598 ) ) ;
#4307 = CARTESIAN_POINT ( 'NONE',  ( -15.46531887019831153, -39.39999999999999858, 32.76847944549989222 ) ) ;
#4308 = CARTESIAN_POINT ( 'NONE',  ( 0.4397376543209871036, -36.29983342119909651, 2.307273359987456196 ) ) ;
#4309 = ORIENTED_EDGE ( 'NONE', *, *, #8453, .F. ) ;
#4310 = CARTESIAN_POINT ( 'NONE',  ( 0.4397376543283822437, -12.94611345180490858, -9.760993329381639327 ) ) ;
#4311 = DIRECTION ( 'NONE',  ( -1.000000000000000000, 0.000000000000000000, 0.000000000000000000 ) ) ;
#4312 = AXIS2_PLACEMENT_3D ( 'NONE', #2126, #4471, #1330 ) ;
#4313 = CARTESIAN_POINT ( 'NONE',  ( 0.1671941796671540803, -3.066900079553095626, -9.735419790213637015 ) ) ;
#4314 = CARTESIAN_POINT ( 'NONE',  ( 0.000000000000000000, -13.79999999999999893, 32.30000000000000426 ) ) ;
#4315 = EDGE_CURVE ( 'NONE', #2911, #4074, #6365, .T. ) ;
#4316 = CARTESIAN_POINT ( 'NONE',  ( -24.97301262506113773, 2.291216721150384403E-15, -39.34232129176224646 ) ) ;
#4317 = EDGE_LOOP ( 'NONE', ( #7327, #1878, #1915, #7958 ) ) ;
#4318 = ORIENTED_EDGE ( 'NONE', *, *, #9498, .F. ) ;
#4319 = EDGE_LOOP ( 'NONE', ( #8562, #7709, #8473, #1227 ) ) ;
#4320 = LINE ( 'NONE', #641, #9058 ) ;
#4321 = CARTESIAN_POINT ( 'NONE',  ( 0.08023049856025532556, -12.97027360389202855, -9.730475926420119492 ) ) ;
#4322 = CARTESIAN_POINT ( 'NONE',  ( -22.61973133880282916, -1.999999999999999556, -36.78619246391499331 ) ) ;
#4323 = ORIENTED_EDGE ( 'NONE', *, *, #4791, .T. ) ;
#4324 = CARTESIAN_POINT ( 'NONE',  ( 0.1331548417738632473, -26.42581955441213992, 2.144741068990092980 ) ) ;
#4325 = DIRECTION ( 'NONE',  ( 0.000000000000000000, 0.000000000000000000, 1.000000000000000000 ) ) ;
#4326 = DIRECTION ( 'NONE',  ( 0.000000000000000000, 0.5000000000000134337, -0.8660254037844309360 ) ) ;
#4327 = EDGE_CURVE ( 'NONE', #6541, #3883, #4185, .T. ) ;
#4328 = LINE ( 'NONE', #7374, #983 ) ;
#4329 = AXIS2_PLACEMENT_3D ( 'NONE', #5564, #8522, #1698 ) ;
#4330 = CARTESIAN_POINT ( 'NONE',  ( -6.409709885191535506, -39.40000000000002700, 42.19689434229705682 ) ) ;
#4331 = CARTESIAN_POINT ( 'NONE',  ( -36.24999999999999289, -39.40000000000000568, 41.24999999999999289 ) ) ;
#4332 = ORIENTED_EDGE ( 'NONE', *, *, #6879, .T. ) ;
#4333 = CARTESIAN_POINT ( 'NONE',  ( 0.04830071877438560368, -2.985605041239172142, -7.415244090533233745 ) ) ;
#4334 = ORIENTED_EDGE ( 'NONE', *, *, #1528, .F. ) ;
#4335 = CARTESIAN_POINT ( 'NONE',  ( -0.1710070776384907676, -1.657513121366049519E-13, -36.31362801320415912 ) ) ;
#4336 = AXIS2_PLACEMENT_3D ( 'NONE', #2600, #1758, #4793 ) ;
#4337 = CARTESIAN_POINT ( 'NONE',  ( -4.721061707521170394E-16, -26.31410844639960445, -2.515349321600301113 ) ) ;
#4338 = FACE_OUTER_BOUND ( 'NONE', #1265, .T. ) ;
#4339 = CARTESIAN_POINT ( 'NONE',  ( -11.19522113353177772, -3.561192831329042949E-15, 42.99895255021540663 ) ) ;
#4340 = ORIENTED_EDGE ( 'NONE', *, *, #2990, .T. ) ;
#4341 = VERTEX_POINT ( 'NONE', #4699 ) ;
#4342 = FACE_OUTER_BOUND ( 'NONE', #6031, .T. ) ;
#4343 = CARTESIAN_POINT ( 'NONE',  ( 0.09999999999999939493, -2.999999999999999556, -9.500000000000000000 ) ) ;
#4344 = DIRECTION ( 'NONE',  ( 0.000000000000000000, 0.000000000000000000, -1.000000000000000000 ) ) ;
#4345 = CARTESIAN_POINT ( 'NONE',  ( 0.1731128792752751611, -36.28147459749892789, -2.307811946152455107 ) ) ;
#4346 = EDGE_CURVE ( 'NONE', #2265, #103, #7699, .T. ) ;
#4347 = VECTOR ( 'NONE', #9343, 1000.000000000000000 ) ;
#4348 = FACE_OUTER_BOUND ( 'NONE', #8625, .T. ) ;
#4349 = CARTESIAN_POINT ( 'NONE',  ( -4.450219643439660366, -39.40000000000000568, -41.04474660889933801 ) ) ;
#4350 = ORIENTED_EDGE ( 'NONE', *, *, #7047, .F. ) ;
#4351 = CARTESIAN_POINT ( 'NONE',  ( 0.1637549589863015742, -12.80813121520977305, -7.118650485727114230 ) ) ;
#4352 = VECTOR ( 'NONE', #7905, 1000.000000000000000 ) ;
#4353 = CYLINDRICAL_SURFACE ( 'NONE', #3315, 0.09999999999999982514 ) ;
#4354 = LINE ( 'NONE', #3627, #5303 ) ;
#4355 = CARTESIAN_POINT ( 'NONE',  ( -20.34575990771875098, -39.39999999999999147, 35.72381345961192523 ) ) ;
#4356 = CARTESIAN_POINT ( 'NONE',  ( 0.1551388710448778629, -36.31834296911223703, 2.271070125259125216 ) ) ;
#4357 = ORIENTED_EDGE ( 'NONE', *, *, #4327, .T. ) ;
#4358 = CARTESIAN_POINT ( 'NONE',  ( -50.00000000000000000, -37.40000000000000568, 37.50000000000000000 ) ) ;
#4359 = EDGE_CURVE ( 'NONE', #1338, #165, #8581, .T. ) ;
#4360 = AXIS2_PLACEMENT_3D ( 'NONE', #4819, #4090, #2769 ) ;
#4361 = LINE ( 'NONE', #7358, #6117 ) ;
#4362 = CARTESIAN_POINT ( 'NONE',  ( 0.1420871315942471291, -3.135930140213357920, -9.829254838030747621 ) ) ;
#4363 = DIRECTION ( 'NONE',  ( 0.000000000000000000, -0.8660254037844439257, 0.4999999999999912292 ) ) ;
#4364 = VECTOR ( 'NONE', #7432, 1000.000000000000114 ) ;
#4365 = CARTESIAN_POINT ( 'NONE',  ( -29.00000000000000711, -37.92349576871853856, 37.55205464666339310 ) ) ;
#4366 = VERTEX_POINT ( 'NONE', #7509 ) ;
#4367 = EDGE_LOOP ( 'NONE', ( #9471, #8353, #7815, #7415 ) ) ;
#4368 = ORIENTED_EDGE ( 'NONE', *, *, #566, .T. ) ;
#4369 = CARTESIAN_POINT ( 'NONE',  ( 0.2132458847738284979, -36.39999999999999858, 2.000000000000001332 ) ) ;
#4370 = CARTESIAN_POINT ( 'NONE',  ( 0.1108198500058123204, -12.96167879933176614, -9.693801219053820972 ) ) ;
#4371 = CARTESIAN_POINT ( 'NONE',  ( -26.58482533407716630, 1.112062471820291118E-13, -37.45838445918639081 ) ) ;
#4372 = ORIENTED_EDGE ( 'NONE', *, *, #3, .T. ) ;
#4373 = CARTESIAN_POINT ( 'NONE',  ( 0.08023049856025873949, -26.42972639610797714, 2.230475926420112831 ) ) ;
#4374 = CARTESIAN_POINT ( 'NONE',  ( -40.00000000000000000, -31.39999999999999858, 12.84999999999999964 ) ) ;
#4375 = EDGE_CURVE ( 'NONE', #6619, #4659, #7638, .T. ) ;
#4376 = FACE_OUTER_BOUND ( 'NONE', #1485, .T. ) ;
#4377 = CARTESIAN_POINT ( 'NONE',  ( -2.458029078341922524, -39.39999999999999147, 37.51368348897165816 ) ) ;
#4378 = CARTESIAN_POINT ( 'NONE',  ( -16.29999999999999716, -13.14999999999999503, 2.973353886326579598 ) ) ;
#4379 = ORIENTED_EDGE ( 'NONE', *, *, #1349, .T. ) ;
#4380 = CARTESIAN_POINT ( 'NONE',  ( 0.06776370892897339016, -2.994813780791871771, -7.473034530738267733 ) ) ;
#4381 = ORIENTED_EDGE ( 'NONE', *, *, #8810, .F. ) ;
#4382 = CARTESIAN_POINT ( 'NONE',  ( -3.596261681323292603, 7.956395185303656298E-14, -42.92765443355044397 ) ) ;
#4383 =( BOUNDED_SURFACE ( )  B_SPLINE_SURFACE ( 3, 2, ( 
 ( #5108, #6671, #9532 ),
 ( #1475, #6522, #7265 ),
 ( #4467, #2218, #498 ),
 ( #8156, #3495, #8009 ),
 ( #1425, #4371, #1374 ),
 ( #5010, #2764, #4422 ),
 ( #2073, #643, #8754 ),
 ( #3594, #9484, #3647 ),
 ( #4322, #9629, #3542 ),
 ( #2815, #6571, #5743 ),
 ( #543, #2168, #8059 ),
 ( #1277, #2915, #5792 ),
 ( #8804, #7314, #7418 ),
 ( #9581, #5888, #8904 ),
 ( #590, #5158, #9678 ),
 ( #2962, #2865, #5938 ),
 ( #8951, #884, #3012 ),
 ( #5258, #7616, #2550 ),
 ( #8257, #5531, #3793 ),
 ( #4516, #2372, #6723 ),
 ( #8586, #1803, #107 ),
 ( #839, #740, #9002 ),
 ( #3839, #9319, #5359 ),
 ( #6036, #6774, #1855 ),
 ( #8534, #8308, #6824 ),
 ( #3887, #4790, #12 ),
 ( #4063, #1525, #7794 ),
 ( #3103, #7520, #1056 ),
 ( #5986, #8357, #788 ),
 ( #7045, #329, #59 ),
 ( #3058, #9052, #2319 ),
 ( #4571, #6998, #4616 ),
 ( #9273, #6259, #3329 ),
 ( #5311, #1578, #279 ) ),
 .UNSPECIFIED., .F., .F., .T. ) 
 B_SPLINE_SURFACE_WITH_KNOTS ( ( 4, 2, 2, 2, 2, 2, 2, 2, 2, 2, 2, 2, 2, 2, 2, 2, 4 ),
 ( 3, 3 ),
 ( 0.000000000000000000, 0.001507785808249150318, 0.003015571616498300637, 0.006031143232996601274, 0.007538929041245751375, 0.009046714849494902344, 0.009800607753619476961, 0.01055450065774405158, 0.01206228646599320255, 0.01357007227424235352, 0.01432396517836692813, 0.01507785808249150275, 0.01658564389074065198, 0.01809342969898980469, 0.02110900131548810316, 0.02261678712373725586, 0.02412457293198640509 ),
 ( 0.000000000000000000, 1.000000000000000000 ),
 .UNSPECIFIED. ) 
 GEOMETRIC_REPRESENTATION_ITEM ( )  RATIONAL_B_SPLINE_SURFACE ( (
 ( 1.000000000000000000, 0.7071067811865477948, 1.000000000000000000),
 ( 1.000000000000000000, 0.7071067811865477948, 1.000000000000000000),
 ( 1.000000000000000000, 0.7071067811865471286, 1.000000000000000000),
 ( 1.000000000000000000, 0.7071067811865471286, 1.000000000000000000),
 ( 1.000000000000000000, 0.7071067811865472397, 1.000000000000000000),
 ( 1.000000000000000000, 0.7071067811865472397, 1.000000000000000000),
 ( 1.000000000000000000, 0.7071067811865473507, 1.000000000000000000),
 ( 1.000000000000000000, 0.7071067811865473507, 1.000000000000000000),
 ( 1.000000000000000000, 0.7071067811865473507, 1.000000000000000000),
 ( 1.000000000000000000, 0.7071067811865473507, 1.000000000000000000),
 ( 1.000000000000000000, 0.7071067811865473507, 1.000000000000000000),
 ( 1.000000000000000000, 0.7071067811865473507, 1.000000000000000000),
 ( 1.000000000000000000, 0.7071067811865473507, 1.000000000000000000),
 ( 1.000000000000000000, 0.7071067811865473507, 1.000000000000000000),
 ( 1.000000000000000000, 0.7071067811865473507, 1.000000000000000000),
 ( 1.000000000000000000, 0.7071067811865473507, 1.000000000000000000),
 ( 1.000000000000000000, 0.7071067811865473507, 1.000000000000000000),
 ( 1.000000000000000000, 0.7071067811865473507, 1.000000000000000000),
 ( 1.000000000000000000, 0.7071067811865473507, 1.000000000000000000),
 ( 1.000000000000000000, 0.7071067811865473507, 1.000000000000000000),
 ( 1.000000000000000000, 0.7071067811865473507, 1.000000000000000000),
 ( 1.000000000000000000, 0.7071067811865473507, 1.000000000000000000),
 ( 1.000000000000000000, 0.7071067811865473507, 1.000000000000000000),
 ( 1.000000000000000000, 0.7071067811865473507, 1.000000000000000000),
 ( 1.000000000000000000, 0.7071067811865473507, 1.000000000000000000),
 ( 1.000000000000000000, 0.7071067811865473507, 1.000000000000000000),
 ( 1.000000000000000000, 0.7071067811865471286, 1.000000000000000000),
 ( 1.000000000000000000, 0.7071067811865471286, 1.000000000000000000),
 ( 1.000000000000000000, 0.7071067811865470176, 1.000000000000000000),
 ( 1.000000000000000000, 0.7071067811865470176, 1.000000000000000000),
 ( 1.000000000000000000, 0.7071067811865473507, 1.000000000000000000),
 ( 1.000000000000000000, 0.7071067811865473507, 1.000000000000000000),
 ( 1.000000000000000000, 0.7071067811865471286, 1.000000000000000000),
 ( 1.000000000000000000, 0.7071067811865471286, 1.000000000000000000) ) ) 
 REPRESENTATION_ITEM ( '' )  SURFACE ( )  );
#4384 = DIRECTION ( 'NONE',  ( 4.625929269271489488E-17, 0.8660254037844384856, 0.5000000000000002220 ) ) ;
#4385 = EDGE_CURVE ( 'NONE', #4010, #8622, #4653, .T. ) ;
#4386 = AXIS2_PLACEMENT_3D ( 'NONE', #562, #2782, #8679 ) ;
#4387 = CARTESIAN_POINT ( 'NONE',  ( -4.467702067403869215, 1.702230349789650031E-15, -41.05988954543460778 ) ) ;
#4388 = CARTESIAN_POINT ( 'NONE',  ( -3.128077913617485439, 8.125918495919812041E-14, 42.55199308689820015 ) ) ;
#4389 = ORIENTED_EDGE ( 'NONE', *, *, #9308, .F. ) ;
#4390 = EDGE_LOOP ( 'NONE', ( #2510, #3915 ) ) ;
#4391 = DIRECTION ( 'NONE',  ( -1.000000000000000000, 0.000000000000000000, 9.251858538542972814E-17 ) ) ;
#4392 = CARTESIAN_POINT ( 'NONE',  ( -17.21048738191825578, -37.40000000000000568, 33.78025612106916498 ) ) ;
#4393 = CARTESIAN_POINT ( 'NONE',  ( 0.1161416422086330030, -36.39293701120060121, 2.070520577619800129 ) ) ;
#4394 = CARTESIAN_POINT ( 'NONE',  ( 0.1724245677144521649, -36.28146516379413811, -2.307901390842084677 ) ) ;
#4395 = DIRECTION ( 'NONE',  ( -1.000000000000000000, -0.000000000000000000, -0.000000000000000000 ) ) ;
#4396 = AXIS2_PLACEMENT_3D ( 'NONE', #7624, #7477, #3894 ) ;
#4397 = VECTOR ( 'NONE', #7924, 1000.000000000000000 ) ;
#4398 = CARTESIAN_POINT ( 'NONE',  ( -2.000000000000000000, -39.40000000000000568, -32.30000000000000426 ) ) ;
#4399 = VERTEX_POINT ( 'NONE', #1954 ) ;
#4400 = CARTESIAN_POINT ( 'NONE',  ( 0.1690836015656749514, -12.88146411188717089, -7.191726658023667618 ) ) ;
#4401 = EDGE_CURVE ( 'NONE', #8344, #6510, #3332, .T. ) ;
#4402 = SPHERICAL_SURFACE ( 'NONE', #2059, 0.1000000000000000056 ) ;
#4403 = CARTESIAN_POINT ( 'NONE',  ( 7.500000000000000000, -26.89999999999999858, 0.000000000000000000 ) ) ;
#4404 = CIRCLE ( 'NONE', #7858, 0.1000000000000001721 ) ;
#4405 = CARTESIAN_POINT ( 'NONE',  ( -17.87331514371124186, -37.39999999999999147, 33.12319697659159345 ) ) ;
#4406 = CONICAL_SURFACE ( 'NONE', #332, 3.349999999999999645, 0.7853981633974466137 ) ;
#4407 = CARTESIAN_POINT ( 'NONE',  ( 0.1690836015764030087, -36.28146411278297023, 2.308273341551430047 ) ) ;
#4408 = ORIENTED_EDGE ( 'NONE', *, *, #2384, .T. ) ;
#4409 = CARTESIAN_POINT ( 'NONE',  ( -9.399999999999996803, -26.19999999999999929, 12.55995642670501766 ) ) ;
#4410 = CARTESIAN_POINT ( 'NONE',  ( -9.399999999999998579, -19.67340301106568390, -3.332531754730527762 ) ) ;
#4411 = CARTESIAN_POINT ( 'NONE',  ( 0.1605640790784029770, -3.083820067549461807, -9.764145699957909486 ) ) ;
#4412 = CIRCLE ( 'NONE', #5664, 0.2000000000000005107 ) ;
#4413 = CARTESIAN_POINT ( 'NONE',  ( -2.080315676631613542, -4.385355952611267419E-16, 35.30512382579714625 ) ) ;
#4414 = VECTOR ( 'NONE', #9491, 1000.000000000000000 ) ;
#4415 = EDGE_CURVE ( 'NONE', #987, #4627, #8897, .T. ) ;
#4416 = CARTESIAN_POINT ( 'NONE',  ( -29.00000000000000711, -38.62909343994981981, 37.90066631520365803 ) ) ;
#4417 = ORIENTED_EDGE ( 'NONE', *, *, #1935, .T. ) ;
#4418 = ORIENTED_EDGE ( 'NONE', *, *, #2495, .F. ) ;
#4419 = ORIENTED_EDGE ( 'NONE', *, *, #7472, .F. ) ;
#4420 = PLANE ( 'NONE',  #5577 ) ;
#4421 = CARTESIAN_POINT ( 'NONE',  ( 0.1016644731461468915, -12.84671386194250964, -9.881623554747060112 ) ) ;
#4422 = CARTESIAN_POINT ( 'NONE',  ( -24.97301262521974508, 2.291216721130959098E-15, -39.34232129032274372 ) ) ;
#4423 = ORIENTED_EDGE ( 'NONE', *, *, #9655, .T. ) ;
#4424 = CARTESIAN_POINT ( 'NONE',  ( 0.05790538977554832850, -26.39626133777479566, 2.168275993831667137 ) ) ;
#4425 = CARTESIAN_POINT ( 'NONE',  ( 0.05749240906952260421, -3.447082570714372629, -6.990571271589501201 ) ) ;
#4426 = DIRECTION ( 'NONE',  ( -1.000000000000000000, 0.000000000000000000, 0.000000000000000000 ) ) ;
#4427 = DIRECTION ( 'NONE',  ( -1.000000000000000000, 0.000000000000000000, 9.251858538542972814E-17 ) ) ;
#4428 = LINE ( 'NONE', #2379, #7055 ) ;
#4429 = ADVANCED_FACE ( 'NONE', ( #8489 ), #379, .T. ) ;
#4430 = EDGE_LOOP ( 'NONE', ( #655, #6430, #7532, #3738 ) ) ;
#4431 = CARTESIAN_POINT ( 'NONE',  ( -15.89933368479636400, -0.7709065600501705529, -24.80000000000000071 ) ) ;
#4432 = EDGE_LOOP ( 'NONE', ( #4513, #3794, #1215 ) ) ;
#4433 = B_SPLINE_SURFACE_WITH_KNOTS ( 'NONE', 3, 3, ( 
 ( #6464, #484, #1964, #2560, #3340, #6319, #4026, #6414, #4166, #5586, #8545, #9470 ),
 ( #1069, #7010, #341, #9428, #5496, #7157, #8499, #2607, #8598, #2707, #6366, #292 ),
 ( #5683, #4951, #7950, #1868, #3436, #1167, #1766, #8646, #4756, #7903, #3287, #4852 ),
 ( #1217, #6272, #387, #1817, #4214, #7854, #4801, #9329, #7804, #4073, #7058, #1121 ),
 ( #4119, #7106, #4902, #435, #9378, #2656, #5631, #1917, #679, #7453, #8842, #3726 ),
 ( #8788, #5826, #3579, #7405, #8044, #3681, #2898, #725, #5924, #3632, #6509, #2060 ),
 ( #4452, #7354, #576, #5046, #5873, #7996, #529, #6558, #8093, #5779, #8142, #6658 ),
 ( #4308, #1311, #9566, #8889, #2851, #2105, #7299, #4407, #2203, #5094, #1359, #9663 ),
 ( #2750, #6707, #2947, #1462, #8937, #5144, #5194, #5731, #4356, #8741, #628, #6609 ),
 ( #4997, #2153, #1264, #9616, #2013, #1412, #8192, #7252, #4258, #3528, #9518, #2799 ),
 ( #2255, #5241, #5970, #9712, #2998, #8986, #8831, #7393, #8081, #3515, #1203, #7987 ),
 ( #9606, #4246, #2691, #8878, #8729, #4393, #1347, #1252, #7242, #2047, #616, #3617 ),
 ( #2888, #9459, #6596, #5130, #9505, #4203, #2735, #5033, #2839, #5861, #9558, #8033 ),
 ( #1301, #669, #4295, #2142, #3565, #519, #5670, #8130, #1949, #7195, #1400, #6545 ) ),
 .UNSPECIFIED., .F., .F., .F.,
 ( 4, 2, 2, 2, 2, 2, 4 ),
 ( 4, 2, 2, 2, 2, 4 ),
 ( 0.000000000000000000, 0.2499999999999983902, 0.3749999999999979461, 0.4999999999999975020, 0.7499999999999993339, 0.8749999999999996669, 1.000000000000000000 ),
 ( 0.000000000000000000, 0.6966352309822346767, 0.7026526283037306531, 0.7093593172145578052, 0.7345558271094554392, 1.000000000000000000 ),
 .UNSPECIFIED. ) ;
#4434 = CARTESIAN_POINT ( 'NONE',  ( -3.955253391106546168, -2.569298281153903995E-15, -40.54978035656230162 ) ) ;
#4435 = DIRECTION ( 'NONE',  ( -0.000000000000000000, -0.8660254037844330455, 0.5000000000000096589 ) ) ;
#4436 = CARTESIAN_POINT ( 'NONE',  ( 0.4397376543465725263, -26.89999999999999858, 2.500000000000000000 ) ) ;
#4437 = DIRECTION ( 'NONE',  ( -1.000000000000000000, -1.224646799147353454E-16, -0.000000000000000000 ) ) ;
#4438 = CARTESIAN_POINT ( 'NONE',  ( 0.1096714448634032724, -3.500000000000000444, -7.000000000000003553 ) ) ;
#4439 = EDGE_CURVE ( 'NONE', #735, #1575, #9201, .T. ) ;
#4440 = EDGE_LOOP ( 'NONE', ( #7208, #2433, #4389, #2117 ) ) ;
#4441 = CARTESIAN_POINT ( 'NONE',  ( 0.000000000000000000, -31.39999999999999858, 9.500000000000001776 ) ) ;
#4442 = PLANE ( 'NONE',  #3847 ) ;
#4443 = B_SPLINE_CURVE_WITH_KNOTS ( 'NONE', 3,
 ( #8764, #4971, #2127, #6482, #4280, #8716, #4377, #6577, #7375, #2723, #457, #1984, #5066, #8813, #8861, #5799, #7973, #3549, #3456, #4330, #6438, #7321, #600, #9492, #9590, #2872, #5845, #8114 ),
 .UNSPECIFIED., .F., .F.,
 ( 4, 2, 2, 2, 2, 2, 2, 2, 2, 2, 2, 2, 2, 4 ),
 ( 0.000000000000000000, 0.002242387767528285485, 0.004484775535056570971, 0.005605969418820723471, 0.006727163302584876839, 0.007287760244466952655, 0.007848357186349030207, 0.008969551070113164493, 0.01009074495387729878, 0.01121193883764143306, 0.01233313272140556908, 0.01345432660516970337, 0.01569671437269798062, 0.01793910214022625266 ),
 .UNSPECIFIED. ) ;
#4444 = CARTESIAN_POINT ( 'NONE',  ( 0.09999999999999939493, -36.39999999999999858, 2.000000000000000000 ) ) ;
#4445 = CARTESIAN_POINT ( 'NONE',  ( 0.1292045091277403968, -36.17302384450704977, -2.416138529834255699 ) ) ;
#4446 = CARTESIAN_POINT ( 'NONE',  ( -2.660910679306008664, -39.40000000000000568, -38.19521929986669306 ) ) ;
#4447 = ORIENTED_EDGE ( 'NONE', *, *, #7199, .T. ) ;
#4448 = CARTESIAN_POINT ( 'NONE',  ( 0.4397376543209873256, -12.89983342119908905, -7.192726640012541139 ) ) ;
#4449 = CARTESIAN_POINT ( 'NONE',  ( -16.29999999999999716, -36.64999999999999858, 12.64655896708345750 ) ) ;
#4450 = CARTESIAN_POINT ( 'NONE',  ( 0.03864744970013349323, -12.62619505639842998, -10.02103250939973655 ) ) ;
#4451 = CARTESIAN_POINT ( 'NONE',  ( -16.89272086267150996, -37.39999999999999147, 30.77764948106393561 ) ) ;
#4452 = CARTESIAN_POINT ( 'NONE',  ( 0.4397376543209871036, -36.23041337529036099, 2.376693405896181499 ) ) ;
#4453 = ORIENTED_EDGE ( 'NONE', *, *, #7683, .F. ) ;
#4454 = CARTESIAN_POINT ( 'NONE',  ( 0.1776268272249963143, -3.086945332943011433, -7.086945332943016318 ) ) ;
#4455 = VECTOR ( 'NONE', #4982, 1000.000000000000114 ) ;
#4456 = DIRECTION ( 'NONE',  ( 1.734723475976807094E-16, -1.000000000000000000, 0.000000000000000000 ) ) ;
#4457 = CARTESIAN_POINT ( 'NONE',  ( 0.1549889034704094171, -3.067067344711206456, -9.738659885872191779 ) ) ;
#4458 = PLANE ( 'NONE',  #8796 ) ;
#4459 = AXIS2_PLACEMENT_3D ( 'NONE', #161, #6881, #8459 ) ;
#4460 = CARTESIAN_POINT ( 'NONE',  ( 0.07312817726020408304, -35.91773533504878912, -2.503504115839223942 ) ) ;
#4461 = DIRECTION ( 'NONE',  ( 0.000000000000000000, 1.000000000000000000, -0.000000000000000000 ) ) ;
#4462 = ORIENTED_EDGE ( 'NONE', *, *, #8053, .T. ) ;
#4463 = ORIENTED_EDGE ( 'NONE', *, *, #4327, .F. ) ;
#4464 = ORIENTED_EDGE ( 'NONE', *, *, #9619, .T. ) ;
#4465 = FACE_OUTER_BOUND ( 'NONE', #9094, .T. ) ;
#4466 = CARTESIAN_POINT ( 'NONE',  ( 0.1848515071050612080, -12.82505881846982021, -9.863031105021068612 ) ) ;
#4467 = CARTESIAN_POINT ( 'NONE',  ( -28.00601872341479037, -1.999999999999999556, -37.49941948531441227 ) ) ;
#4468 = ORIENTED_EDGE ( 'NONE', *, *, #4860, .F. ) ;
#4469 = CARTESIAN_POINT ( 'NONE',  ( 0.2613586183152508680, -26.57966507255865451, 2.363717163458142423 ) ) ;
#4470 = CARTESIAN_POINT ( 'NONE',  ( 0.04294649156351370428, -3.393845381520462112, -6.982307563586744870 ) ) ;
#4471 = DIRECTION ( 'NONE',  ( 0.000000000000000000, 1.000000000000000000, 0.000000000000000000 ) ) ;
#4472 = EDGE_CURVE ( 'NONE', #270, #3790, #5441, .T. ) ;
#4473 = CARTESIAN_POINT ( 'NONE',  ( 0.05749240907198771566, -2.990571271590661162, -9.552917429278119599 ) ) ;
#4474 = CARTESIAN_POINT ( 'NONE',  ( -9.049999999999998934, -31.39999999999999858, -6.150000000000010125 ) ) ;
#4475 = ORIENTED_EDGE ( 'NONE', *, *, #3416, .F. ) ;
#4476 = CARTESIAN_POINT ( 'NONE',  ( -12.69999999999999929, -12.47666666666667190, 45.00000000000000711 ) ) ;
#4477 = CARTESIAN_POINT ( 'NONE',  ( 0.09999999999999939493, -3.499999999999999556, -7.000000000000000000 ) ) ;
#4478 = EDGE_LOOP ( 'NONE', ( #8708, #1925, #7568, #7355 ) ) ;
#4479 = B_SPLINE_CURVE_WITH_KNOTS ( 'NONE', 3,
 ( #1981, #5315, #8210, #1429 ),
 .UNSPECIFIED., .F., .F.,
 ( 4, 4 ),
 ( 0.000000000000000000, 1.000000000000000000 ),
 .UNSPECIFIED. ) ;
#4480 = CARTESIAN_POINT ( 'NONE',  ( -1.234363573422845750, -2.000000000000001776, -39.98206230585828536 ) ) ;
#4481 = CARTESIAN_POINT ( 'NONE',  ( -16.29999999999999716, -31.39999999999998437, 3.553292227346870558 ) ) ;
#4482 = CARTESIAN_POINT ( 'NONE',  ( -17.00175293728178616, -39.39999999999999147, 35.39522418475011278 ) ) ;
#4483 = EDGE_CURVE ( 'NONE', #6225, #6603, #3093, .T. ) ;
#4484 = CARTESIAN_POINT ( 'NONE',  ( -16.30000000000000426, -26.92333333332080514, -29.07223050896223526 ) ) ;
#4485 = CARTESIAN_POINT ( 'NONE',  ( -12.70000000000000107, -38.62909343994982692, -44.59933368479637039 ) ) ;
#4486 = CARTESIAN_POINT ( 'NONE',  ( 0.09737342326658207647, -3.499807908683989499, -6.999967984780667507 ) ) ;
#4487 = ORIENTED_EDGE ( 'NONE', *, *, #3335, .T. ) ;
#4488 = CIRCLE ( 'NONE', #3871, 0.1000000000000002554 ) ;
#4489 = LINE ( 'NONE', #5908, #2199 ) ;
#4490 = FACE_OUTER_BOUND ( 'NONE', #3660, .T. ) ;
#4491 = CARTESIAN_POINT ( 'NONE',  ( -0.4083832228675373655, -8.016815048625414526E-14, 37.54226765763147000 ) ) ;
#4492 = CARTESIAN_POINT ( 'NONE',  ( 0.1016644731461503331, -36.29907840114933748, -2.329259015540234401 ) ) ;
#4493 = ADVANCED_FACE ( 'NONE', ( #9321 ), #4895, .F. ) ;
#4494 = CARTESIAN_POINT ( 'NONE',  ( -14.29999999999999538, -2.000000000000001776, 24.12999999999999901 ) ) ;
#4495 = CARTESIAN_POINT ( 'NONE',  ( -11.94753238242336835, -39.40000000000001279, -43.00000000561550451 ) ) ;
#4496 = ORIENTED_EDGE ( 'NONE', *, *, #4260, .T. ) ;
#4497 = CARTESIAN_POINT ( 'NONE',  ( 0.1375753085048481705, -12.96182660645719231, -7.318449005461813428 ) ) ;
#4498 = FACE_OUTER_BOUND ( 'NONE', #485, .T. ) ;
#4499 = CARTESIAN_POINT ( 'NONE',  ( -2.000000000000000000, -39.39999999999999858, -32.30000000000002558 ) ) ;
#4500 = CARTESIAN_POINT ( 'NONE',  ( 0.3492235992529111877, -26.41301366166583975, -2.130873942179635883 ) ) ;
#4501 = ORIENTED_EDGE ( 'NONE', *, *, #2581, .T. ) ;
#4502 = CARTESIAN_POINT ( 'NONE',  ( -9.399999999999998579, -8.049999999999995381, 6.033310313031593708 ) ) ;
#4503 = DIRECTION ( 'NONE',  ( 0.000000000000000000, 0.000000000000000000, 1.000000000000000000 ) ) ;
#4504 = CARTESIAN_POINT ( 'NONE',  ( 0.1045621488027474455, -3.023629762152765466, -9.671236306241947744 ) ) ;
#4505 = CIRCLE ( 'NONE', #2326, 2.000000000000001776 ) ;
#4506 = DIRECTION ( 'NONE',  ( -4.625929269271482093E-17, -0.8660254037844389297, -0.4999999999999995559 ) ) ;
#4507 = VECTOR ( 'NONE', #1737, 1000.000000000000000 ) ;
#4508 = TOROIDAL_SURFACE ( 'NONE', #5762, 1.750000000000002887, 2.000000000000000444 ) ;
#4509 = SPHERICAL_SURFACE ( 'NONE', #185, 0.1000000000000000056 ) ;
#4510 = CARTESIAN_POINT ( 'NONE',  ( 0.1112620995947112140, -26.87516582339369364, -2.500216041922101784 ) ) ;
#4511 = ORIENTED_EDGE ( 'NONE', *, *, #7884, .T. ) ;
#4512 = ORIENTED_EDGE ( 'NONE', *, *, #9515, .F. ) ;
#4513 = ORIENTED_EDGE ( 'NONE', *, *, #6628, .T. ) ;
#4514 = CARTESIAN_POINT ( 'NONE',  ( -16.53710567915419460, 8.855912339944449541E-16, 34.75303614988948198 ) ) ;
#4515 = CARTESIAN_POINT ( 'NONE',  ( -16.19999999999999929, -26.05000000000000071, 12.47335388632657427 ) ) ;
#4516 = CARTESIAN_POINT ( 'NONE',  ( -18.20230277212769465, -2.000000000000000000, -33.64381477677202525 ) ) ;
#4517 = ORIENTED_EDGE ( 'NONE', *, *, #5687, .T. ) ;
#4518 = AXIS2_PLACEMENT_3D ( 'NONE', #8743, #5926, #8194 ) ;
#4519 = CARTESIAN_POINT ( 'NONE',  ( 0.05239727617644699548, -26.38965020210711288, 2.062098787357342644 ) ) ;
#4520 = LINE ( 'NONE', #4574, #3313 ) ;
#4521 = LINE ( 'NONE', #8161, #4007 ) ;
#4522 = DIRECTION ( 'NONE',  ( 1.000000000000000000, -3.558195749863460223E-33, -9.251858538542975279E-17 ) ) ;
#4523 = AXIS2_PLACEMENT_3D ( 'NONE', #1597, #308, #3306 ) ;
#4524 = LINE ( 'NONE', #6138, #2686 ) ;
#4525 = CARTESIAN_POINT ( 'NONE',  ( 0.000000000000000000, -13.08589155359993939, -6.984650678399947132 ) ) ;
#4526 = EDGE_CURVE ( 'NONE', #187, #3486, #8102, .T. ) ;
#4527 = EDGE_LOOP ( 'NONE', ( #8005, #5386, #2899, #5201 ) ) ;
#4528 = EDGE_CURVE ( 'NONE', #9344, #8849, #5487, .T. ) ;
#4529 = DIRECTION ( 'NONE',  ( -1.000000000000000000, 0.000000000000000000, 0.000000000000000000 ) ) ;
#4530 = CARTESIAN_POINT ( 'NONE',  ( 0.000000000000000000, -31.39999999999999858, -5.900000000000015454 ) ) ;
#4531 = ORIENTED_EDGE ( 'NONE', *, *, #623, .T. ) ;
#4532 = CARTESIAN_POINT ( 'NONE',  ( -2.448006913108651705, -2.602085213965283611E-15, -41.87192208638641944 ) ) ;
#4533 = FACE_OUTER_BOUND ( 'NONE', #8945, .T. ) ;
#4534 = CARTESIAN_POINT ( 'NONE',  ( 0.4397376543092829104, -36.39999999999999858, -2.000000000000000000 ) ) ;
#4535 = B_SPLINE_CURVE_WITH_KNOTS ( 'NONE', 3,
 ( #9163, #2442, #7831, #3956, #4687, #9310, #5476, #4098, #5427, #4639, #7685, #952, #2537, #6942 ),
 .UNSPECIFIED., .F., .F.,
 ( 4, 2, 2, 2, 2, 2, 4 ),
 ( 0.000000000000000000, 0.1249999999999997780, 0.2499999999999995559, 0.5000000000000017764, 0.6250000000000024425, 0.7500000000000033307, 1.000000000000000000 ),
 .UNSPECIFIED. ) ;
#4536 = CARTESIAN_POINT ( 'NONE',  ( -17.21048738191826288, -41.37000000000000455, -33.78025612106914366 ) ) ;
#4537 = CARTESIAN_POINT ( 'NONE',  ( 6.505213034913027590E-16, -37.39999999999999147, -36.57223050896223526 ) ) ;
#4538 = CARTESIAN_POINT ( 'NONE',  ( 0.08614084120614455553, -3.443942119664560320, -7.002764488495696327 ) ) ;
#4539 = ORIENTED_EDGE ( 'NONE', *, *, #4197, .F. ) ;
#4540 = FACE_OUTER_BOUND ( 'NONE', #2479, .T. ) ;
#4541 = CARTESIAN_POINT ( 'NONE',  ( -14.32258492314885423, -39.40000000000000568, -26.81954309538422265 ) ) ;
#4542 = EDGE_CURVE ( 'NONE', #5906, #7855, #2425, .T. ) ;
#4543 = CARTESIAN_POINT ( 'NONE',  ( 7.500000000000000000, -26.89999999999999858, 2.500000000000000000 ) ) ;
#4544 = CARTESIAN_POINT ( 'NONE',  ( 0.2559330417317927653, -36.32138555463161822, -2.245883794868221983 ) ) ;
#4545 = CARTESIAN_POINT ( 'NONE',  ( -0.2499999999999863443, -8.000000000000000000, 3.349999999999998757 ) ) ;
#4546 = DIRECTION ( 'NONE',  ( -1.000000000000000000, 0.000000000000000000, 0.000000000000000000 ) ) ;
#4547 = ORIENTED_EDGE ( 'NONE', *, *, #7712, .F. ) ;
#4548 = VECTOR ( 'NONE', #4983, 1000.000000000000000 ) ;
#4549 = DIRECTION ( 'NONE',  ( 1.000000000000000000, -0.000000000000000000, -0.000000000000000000 ) ) ;
#4550 = CARTESIAN_POINT ( 'NONE',  ( 0.000000000000000000, -37.39999999999999147, 32.30000000000000426 ) ) ;
#4551 = EDGE_CURVE ( 'NONE', #6825, #5259, #5585, .T. ) ;
#4552 = CARTESIAN_POINT ( 'NONE',  ( 0.3335696373456752406, -26.39999999999999858, -2.000000000000000000 ) ) ;
#4553 = ORIENTED_EDGE ( 'NONE', *, *, #3623, .T. ) ;
#4554 = CARTESIAN_POINT ( 'NONE',  ( -12.69999999999999929, -39.39999999999999147, 42.99999999999999289 ) ) ;
#4555 = AXIS2_PLACEMENT_3D ( 'NONE', #2160, #98, #6075 ) ;
#4556 = AXIS2_PLACEMENT_3D ( 'NONE', #2064, #1267, #1314 ) ;
#4557 = CARTESIAN_POINT ( 'NONE',  ( -12.70000000000000107, -38.62909343994982692, 44.59933368479635618 ) ) ;
#4558 = CARTESIAN_POINT ( 'NONE',  ( 0.1415815638713885660, -3.320280175295659220, -9.961812409482707409 ) ) ;
#4559 = CARTESIAN_POINT ( 'NONE',  ( -2.673541277110370373, -4.469059987306696825E-16, 38.23249656825493759 ) ) ;
#4560 = AXIS2_PLACEMENT_3D ( 'NONE', #2030, #4229, #7223 ) ;
#4561 = B_SPLINE_CURVE_WITH_KNOTS ( 'NONE', 3,
 ( #1582, #9056, #8457, #6228, #9190, #934, #980, #3200, #4575, #2323, #7669, #9149, #5316, #9243 ),
 .UNSPECIFIED., .F., .F.,
 ( 4, 2, 2, 2, 2, 2, 4 ),
 ( 0.000000000000000000, 0.1250000000000000000, 0.2500000000000000000, 0.5000000000000004441, 0.6250000000000001110, 0.7499999999999997780, 1.000000000000000000 ),
 .UNSPECIFIED. ) ;
#4562 = CARTESIAN_POINT ( 'NONE',  ( 0.03864744970013572756, -36.02619505639842146, -2.521032509399735666 ) ) ;
#4563 = CIRCLE ( 'NONE', #7389, 0.1000000000000002554 ) ;
#4564 = CARTESIAN_POINT ( 'NONE',  ( 0.05790538977554915423, -26.73172400616833855, -2.503738662225208245 ) ) ;
#4566 = ORIENTED_EDGE ( 'NONE', *, *, #5754, .T. ) ;
#4565 = ADVANCED_FACE ( 'NONE', ( #9417 ), #2474, .T. ) ;
#4567 = VERTEX_POINT ( 'NONE', #3428 ) ;
#4568 = ORIENTED_EDGE ( 'NONE', *, *, #2567, .T. ) ;
#4569 = CARTESIAN_POINT ( 'NONE',  ( -16.30058051468541791, -2.000000000000000000, 25.79398127657727713 ) ) ;
#4570 = CARTESIAN_POINT ( 'NONE',  ( 0.05790538977554427619, -13.00373866222521180, -9.668275993831668913 ) ) ;
#4571 = CARTESIAN_POINT ( 'NONE',  ( -16.30057803175154874, -1.999999999999999556, -25.79898515781516011 ) ) ;
#4572 = VERTEX_POINT ( 'NONE', #7097 ) ;
#4573 = CARTESIAN_POINT ( 'NONE',  ( 0.3359469010090951335, -26.39999999999999858, 2.032730823689487210 ) ) ;
#4574 = CARTESIAN_POINT ( 'NONE',  ( -9.399999999999998579, -22.65064434701787022, -8.489265014993950587 ) ) ;
#4575 = CARTESIAN_POINT ( 'NONE',  ( 0.4397376543209869371, -12.80497740018841135, -7.102471643207853624 ) ) ;
#4576 = VECTOR ( 'NONE', #5914, 1000.000000000000000 ) ;
#4577 = ADVANCED_FACE ( 'NONE', ( #7049 ), #333, .T. ) ;
#4578 = CARTESIAN_POINT ( 'NONE',  ( 0.04678215020167936222, -2.984740398913699355, -9.590307900568875610 ) ) ;
#4579 = DIRECTION ( 'NONE',  ( -4.625929269271487639E-17, 0.8660254037844385966, -0.5000000000000001110 ) ) ;
#4580 = SPHERICAL_SURFACE ( 'NONE', #8170, 0.1000000000000000056 ) ;
#4581 = VERTEX_POINT ( 'NONE', #6357 ) ;
#4582 = CARTESIAN_POINT ( 'NONE',  ( -0.9104873819182591754, -12.47666666666667190, 41.28025612106915787 ) ) ;
#4583 = VECTOR ( 'NONE', #864, 1000.000000000000114 ) ;
#4584 = CARTESIAN_POINT ( 'NONE',  ( -16.19999999999999929, -31.29999999999998650, -3.380087146589988212 ) ) ;
#4585 = ORIENTED_EDGE ( 'NONE', *, *, #4483, .T. ) ;
#4586 = CARTESIAN_POINT ( 'NONE',  ( 0.4397376543283821881, -12.49999999999999822, -10.00000000000000000 ) ) ;
#4587 = CARTESIAN_POINT ( 'NONE',  ( -39.99999999999999289, -37.40000000000000568, 41.24999999999999289 ) ) ;
#4588 = PLANE ( 'NONE',  #4209 ) ;
#4589 = B_SPLINE_CURVE_WITH_KNOTS ( 'NONE', 3,
 ( #3957, #1605, #4595, #4541, #5382, #5428, #7590, #7734, #1652, #6943, #1000, #3865, #4640, #7640, #3081, #7545, #3267, #6059, #4735, #6848, #4688, #813, #9074, #6796, #907, #83, #130, #9164, #4004, #2347, #7686, #5334, #3129, #6105 ),
 .UNSPECIFIED., .F., .F.,
 ( 4, 2, 2, 2, 2, 2, 2, 2, 2, 2, 2, 2, 2, 2, 2, 2, 4 ),
 ( 0.000000000000000000, 0.001507785808249145982, 0.003015571616498291963, 0.006031143232996594335, 0.007538929041245740099, 0.009046714849494886732, 0.009800607753619468288, 0.01055450065774405158, 0.01206228646599320949, 0.01357007227424236739, 0.01432396517836693854, 0.01507785808249151316, 0.01658564389074065892, 0.01809342969898980469, 0.02110900131548808581, 0.02261678712373723157, 0.02412457293198637734 ),
 .UNSPECIFIED. ) ;
#4590 = CARTESIAN_POINT ( 'NONE',  ( -15.52909343994983438, -38.99933368479636187, -24.80000000000000071 ) ) ;
#4591 = B_SPLINE_CURVE_WITH_KNOTS ( 'NONE', 3,
 ( #6850, #6797, #9027, #84 ),
 .UNSPECIFIED., .F., .F.,
 ( 4, 4 ),
 ( 0.000000000000000000, 1.000000000000000000 ),
 .UNSPECIFIED. ) ;
#4592 = CARTESIAN_POINT ( 'NONE',  ( 0.1045621488089182177, -3.328763693189152217, -7.023629762266478949 ) ) ;
#4593 = ORIENTED_EDGE ( 'NONE', *, *, #2097, .T. ) ;
#4594 = CARTESIAN_POINT ( 'NONE',  ( 0.2132458847738283592, -26.39999999999999858, -2.000000000000000000 ) ) ;
#4595 = CARTESIAN_POINT ( 'NONE',  ( -14.30047159188299943, -39.39999999999999858, -25.81093518678022036 ) ) ;
#4596 = CARTESIAN_POINT ( 'NONE',  ( -0.5085811702077919216, 0.000000000000000000, 37.96895564765983266 ) ) ;
#4597 = CARTESIAN_POINT ( 'NONE',  ( 0.06579937986700087893, -36.40259367681683500, -2.092033618020982200 ) ) ;
#4598 = ADVANCED_FACE ( 'NONE', ( #8687 ), #1304, .F. ) ;
#4599 = CARTESIAN_POINT ( 'NONE',  ( -16.19999999999999929, -31.39999999999997726, 3.437822173508945145 ) ) ;
#4600 = EDGE_LOOP ( 'NONE', ( #7925, #5787, #3391 ) ) ;
#4601 = CARTESIAN_POINT ( 'NONE',  ( -9.400000000000002132, -2.750000000000009326, -37.50000000000000711 ) ) ;
#4602 = CARTESIAN_POINT ( 'NONE',  ( -16.19999999999999929, -27.95064434701788869, -17.66913429510897160 ) ) ;
#4603 = CARTESIAN_POINT ( 'NONE',  ( 0.09667812241404317997, -26.39994716767605709, -2.000316993943645372 ) ) ;
#4604 = ORIENTED_EDGE ( 'NONE', *, *, #4111, .T. ) ;
#4605 = CARTESIAN_POINT ( 'NONE',  ( 0.000000000000000000, -2.000000000000002665, 32.30000000000000426 ) ) ;
#4606 = CARTESIAN_POINT ( 'NONE',  ( -12.69999999999999929, -39.39999999999999858, 42.99999999999999289 ) ) ;
#4607 = ADVANCED_FACE ( 'NONE', ( #7200 ), #5133, .T. ) ;
#4608 = CARTESIAN_POINT ( 'NONE',  ( 0.1428853036759675788, -3.320868411261555853, -9.961821645497284550 ) ) ;
#4609 = CARTESIAN_POINT ( 'NONE',  ( 8.334804200982315336E-16, -1.738200612200850426, 32.30000000000000426 ) ) ;
#4610 = CARTESIAN_POINT ( 'NONE',  ( -16.88742666218920974, -37.40000000000175362, -30.75901213826126934 ) ) ;
#4611 = CARTESIAN_POINT ( 'NONE',  ( 0.4397376543209853272, -26.89999999999999858, -2.500000000000000000 ) ) ;
#4612 = ORIENTED_EDGE ( 'NONE', *, *, #194, .T. ) ;
#4613 = EDGE_LOOP ( 'NONE', ( #79, #5356, #7447, #355 ) ) ;
#4614 = CARTESIAN_POINT ( 'NONE',  ( -16.57254851141774310, -2.000000000000000000, 29.47570671152164579 ) ) ;
#4615 = CARTESIAN_POINT ( 'NONE',  ( 0.07620341509867677166, -12.99925408522116932, -9.531846916981992379 ) ) ;
#4616 = CARTESIAN_POINT ( 'NONE',  ( -14.30046617897692940, 1.736101959359138069E-15, -25.81609499609065494 ) ) ;
#4617 = AXIS2_PLACEMENT_3D ( 'NONE', #799, #8367, #8318 ) ;
#4618 = ORIENTED_EDGE ( 'NONE', *, *, #6629, .F. ) ;
#4619 = DIRECTION ( 'NONE',  ( 0.000000000000000000, 0.000000000000000000, 1.000000000000000000 ) ) ;
#4620 = DIRECTION ( 'NONE',  ( -1.224646799147353454E-16, 1.000000000000000000, -0.000000000000000000 ) ) ;
#4621 = B_SPLINE_CURVE_WITH_KNOTS ( 'NONE', 3,
 ( #5459, #6971, #6884, #8554, #8607, #7863 ),
 .UNSPECIFIED., .F., .F.,
 ( 4, 2, 4 ),
 ( 0.000000000000000000, 0.5000000000000000000, 1.000000000000000000 ),
 .UNSPECIFIED. ) ;
#4622 = EDGE_CURVE ( 'NONE', #8749, #3412, #9212, .T. ) ;
#4623 = CARTESIAN_POINT ( 'NONE',  ( 0.4397376543209853272, -26.52330659410381841, -2.330413375290365074 ) ) ;
#4624 = AXIS2_PLACEMENT_3D ( 'NONE', #3350, #2666, #4674 ) ;
#4625 = CARTESIAN_POINT ( 'NONE',  ( 0.3264917695474080506, -13.00000000000000000, -7.500000000000000000 ) ) ;
#4626 = DIRECTION ( 'NONE',  ( 0.000000000000000000, -1.000000000000000000, 0.000000000000000000 ) ) ;
#4627 = VERTEX_POINT ( 'NONE', #2742 ) ;
#4628 = CARTESIAN_POINT ( 'NONE',  ( 6.505213034913028576E-16, -26.92333333333333911, 36.57223050896223526 ) ) ;
#4629 = VECTOR ( 'NONE', #5689, 1000.000000000000000 ) ;
#4630 = FACE_OUTER_BOUND ( 'NONE', #8751, .T. ) ;
#4631 = VERTEX_POINT ( 'NONE', #2195 ) ;
#4632 = CARTESIAN_POINT ( 'NONE',  ( 0.05069417348115658889, -26.38700432542620433, -2.075741653219538296 ) ) ;
#4633 = CARTESIAN_POINT ( 'NONE',  ( -29.00000000000000000, -13.79999999999969340, 37.50000000000000711 ) ) ;
#4634 = LINE ( 'NONE', #4773, #4682 ) ;
#4635 = DIRECTION ( 'NONE',  ( 0.000000000000000000, -0.5000000000000134337, -0.8660254037844309360 ) ) ;
#4636 = CIRCLE ( 'NONE', #2452, 0.1000000000000001721 ) ;
#4637 = FACE_OUTER_BOUND ( 'NONE', #3644, .T. ) ;
#4638 = ORIENTED_EDGE ( 'NONE', *, *, #3018, .F. ) ;
#4639 = CARTESIAN_POINT ( 'NONE',  ( 0.09491475995917737773, -36.19038896044775555, -2.429260831847366742 ) ) ;
#4640 = CARTESIAN_POINT ( 'NONE',  ( -16.12967385468762416, -39.39999999999999858, -34.10441226864817565 ) ) ;
#4641 = ADVANCED_FACE ( 'NONE', ( #4348 ), #9656, .F. ) ;
#4642 = CARTESIAN_POINT ( 'NONE',  ( 0.4397376543092829104, -36.39674658458352496, -2.065449309234397735 ) ) ;
#4643 = ADVANCED_FACE ( 'NONE', ( #7344 ), #569, .F. ) ;
#4644 = DIRECTION ( 'NONE',  ( 0.000000000000000000, -0.4999999999999929501, -0.8660254037844427044 ) ) ;
#4645 = DIRECTION ( 'NONE',  ( 0.000000000000000000, 0.5000000000000134337, -0.8660254037844309360 ) ) ;
#4646 = ORIENTED_EDGE ( 'NONE', *, *, #8536, .T. ) ;
#4647 = VECTOR ( 'NONE', #2119, 1000.000000000000000 ) ;
#4648 = CARTESIAN_POINT ( 'NONE',  ( -16.19999999999999929, -7.999999999999996447, 5.946707772653153867 ) ) ;
#4649 = CYLINDRICAL_SURFACE ( 'NONE', #5922, 0.1000000000000016709 ) ;
#4650 = ADVANCED_FACE ( 'NONE', ( #4989 ), #6915, .T. ) ;
#4651 = CARTESIAN_POINT ( 'NONE',  ( 0.08614084120632614638, -26.40276448849564161, -2.056057880335877108 ) ) ;
#4652 = CARTESIAN_POINT ( 'NONE',  ( 0.09999999999999939493, -35.89999999999999858, -2.500000000000000000 ) ) ;
#4653 = CIRCLE ( 'NONE', #8423, 0.1999999999999996503 ) ;
#4654 = DIRECTION ( 'NONE',  ( -1.000000000000000000, 0.000000000000000000, 0.000000000000000000 ) ) ;
#4655 = CARTESIAN_POINT ( 'NONE',  ( 0.07363297891075774870, -3.374814469369261882, -9.995001696530772861 ) ) ;
#4656 = DIRECTION ( 'NONE',  ( -1.000000000000000000, 0.000000000000000000, 0.000000000000000000 ) ) ;
#4657 = CARTESIAN_POINT ( 'NONE',  ( -16.34161554081360279, -39.39999999999999147, -27.21517466591584977 ) ) ;
#4658 = CARTESIAN_POINT ( 'NONE',  ( 0.1039165408567038623, -26.87507269310149738, -2.499880768177795254 ) ) ;
#4659 = VERTEX_POINT ( 'NONE', #6600 ) ;
#4660 = VERTEX_POINT ( 'NONE', #9608 ) ;
#4661 = CARTESIAN_POINT ( 'NONE',  ( -14.30047159076882402, 8.687157891425112648E-16, 25.81093518689911193 ) ) ;
#4662 = CARTESIAN_POINT ( 'NONE',  ( 0.1096714448639724976, -13.00000000000000000, -9.500000000000000000 ) ) ;
#4663 = ORIENTED_EDGE ( 'NONE', *, *, #2457, .F. ) ;
#4664 = EDGE_CURVE ( 'NONE', #6510, #6948, #1257, .T. ) ;
#4665 = DIRECTION ( 'NONE',  ( 1.000000000000000000, -1.734723475976722529E-14, 1.001543065824759934E-14 ) ) ;
#4666 = CARTESIAN_POINT ( 'NONE',  ( 7.500000000000001776, -35.89999999999999858, 0.000000000000000000 ) ) ;
#4667 = VECTOR ( 'NONE', #1494, 1000.000000000000000 ) ;
#4668 = CARTESIAN_POINT ( 'NONE',  ( -36.25000000000000000, -4.770489558936219510E-15, -41.24999999999999289 ) ) ;
#4669 = CARTESIAN_POINT ( 'NONE',  ( 0.04656666847798985459, -35.99163795620062700, 2.515466468994048022 ) ) ;
#4670 = CARTESIAN_POINT ( 'NONE',  ( 0.09999999999999939493, -36.39999999999999858, -2.000000000000000000 ) ) ;
#4671 = CARTESIAN_POINT ( 'NONE',  ( 0.03864744970013725411, -2.978967490600264334, -9.626195056398410443 ) ) ;
#4672 = ORIENTED_EDGE ( 'NONE', *, *, #6274, .T. ) ;
#4673 = AXIS2_PLACEMENT_3D ( 'NONE', #3889, #8455, #6038 ) ;
#4674 = DIRECTION ( 'NONE',  ( 0.000000000000000000, 0.000000000000000000, -1.000000000000000000 ) ) ;
#4675 = CARTESIAN_POINT ( 'NONE',  ( -9.050000000000016698, -8.000000000000000000, -3.350000000000001421 ) ) ;
#4676 = VERTEX_POINT ( 'NONE', #8930 ) ;
#4677 = ADVANCED_FACE ( 'NONE', ( #1454 ), #5513, .T. ) ;
#4678 = VECTOR ( 'NONE', #276, 1000.000000000000000 ) ;
#4679 = CARTESIAN_POINT ( 'NONE',  ( 0.4397376543083739153, -2.999999999999999556, -7.369100306100422770 ) ) ;
#4680 = CARTESIAN_POINT ( 'NONE',  ( 0.09369787352234079658, -3.078606600328066101, -9.921393399671817548 ) ) ;
#4681 = FACE_OUTER_BOUND ( 'NONE', #2705, .T. ) ;
#4682 = VECTOR ( 'NONE', #5329, 1000.000000000000000 ) ;
#4683 = CARTESIAN_POINT ( 'NONE',  ( 0.000000000000000000, -37.39999999999999147, 45.00000000000000000 ) ) ;
#4684 = CARTESIAN_POINT ( 'NONE',  ( 0.1427526436014104061, -12.96184698481850361, -7.320852981758458000 ) ) ;
#4685 = CARTESIAN_POINT ( 'NONE',  ( 0.1622123029535414152, -3.263280910091187259, -7.066857564361606947 ) ) ;
#4686 = ORIENTED_EDGE ( 'NONE', *, *, #4144, .F. ) ;
#4687 = CARTESIAN_POINT ( 'NONE',  ( 0.08023049856025789295, -36.37027360389203778, -2.230475926420114607 ) ) ;
#4688 = CARTESIAN_POINT ( 'NONE',  ( -19.23787055049160344, -39.40000000000003411, -37.38982553190371760 ) ) ;
#4689 = ADVANCED_FACE ( 'NONE', ( #6698 ), #1655, .F. ) ;
#4690 = FACE_OUTER_BOUND ( 'NONE', #1395, .T. ) ;
#4691 = EDGE_LOOP ( 'NONE', ( #8947, #927, #6367, #1144, #3976, #1696 ) ) ;
#4692 = DIRECTION ( 'NONE',  ( 0.000000000000000000, 1.000000000000000000, 0.000000000000000000 ) ) ;
#4693 = ORIENTED_EDGE ( 'NONE', *, *, #9377, .F. ) ;
#4694 = EDGE_CURVE ( 'NONE', #5011, #9479, #5288, .T. ) ;
#4695 = CARTESIAN_POINT ( 'NONE',  ( -4.721061707517843373E-16, -36.48589155359939440, -2.515349321600492960 ) ) ;
#4696 = CARTESIAN_POINT ( 'NONE',  ( -16.19999999999999929, -36.59999999999999432, 6.440043573295005430 ) ) ;
#4697 = CARTESIAN_POINT ( 'NONE',  ( 0.07920148355737197110, -26.40516244425930381, -2.121968448684852682 ) ) ;
#4698 = CARTESIAN_POINT ( 'NONE',  ( -2.000000000000000000, -2.449293598294707400E-16, -32.30000000000000426 ) ) ;
#4699 = CARTESIAN_POINT ( 'NONE',  ( -38.00000000000000000, -4.984802748787006808E-15, -41.24999999999999289 ) ) ;
#4700 = AXIS2_PLACEMENT_3D ( 'NONE', #6644, #8281, #1650 ) ;
#4701 = CARTESIAN_POINT ( 'NONE',  ( 0.3400346600671564357, -3.434550690765604042, -9.996746584583535267 ) ) ;
#4702 = EDGE_CURVE ( 'NONE', #5508, #4572, #8859, .T. ) ;
#4703 = CARTESIAN_POINT ( 'NONE',  ( -0.4006663152036390452, -0.7709065600501704418, 32.30000000000000426 ) ) ;
#4704 = CARTESIAN_POINT ( 'NONE',  ( -16.29999999999999716, -2.699999999999993960, -3.117691453623984366 ) ) ;
#4705 = CARTESIAN_POINT ( 'NONE',  ( -16.19999999999999929, -36.54999999999999005, -12.47335388632658493 ) ) ;
#4706 = ORIENTED_EDGE ( 'NONE', *, *, #5475, .F. ) ;
#4707 = ORIENTED_EDGE ( 'NONE', *, *, #9507, .F. ) ;
#4708 = CARTESIAN_POINT ( 'NONE',  ( -20.32711294325471130, -2.000000000000000000, 35.71173944433702729 ) ) ;
#4709 = CARTESIAN_POINT ( 'NONE',  ( 0.3476626957458645584, -12.98397811073098573, -9.629637811980195750 ) ) ;
#4710 = ORIENTED_EDGE ( 'NONE', *, *, #2300, .T. ) ;
#4711 = CARTESIAN_POINT ( 'NONE',  ( 0.1972545341051642198, -26.40000000000000568, 2.029120942695201713 ) ) ;
#4712 = FACE_OUTER_BOUND ( 'NONE', #2926, .T. ) ;
#4713 = CARTESIAN_POINT ( 'NONE',  ( -26.86388474551888450, 1.969999999999999973, -37.50000000000000000 ) ) ;
#4714 = ADVANCED_FACE ( 'NONE', ( #3037 ), #9704, .T. ) ;
#4715 = EDGE_CURVE ( 'NONE', #5011, #1321, #5968, .T. ) ;
#4716 = CIRCLE ( 'NONE', #2376, 0.1000000000000001721 ) ;
#4717 = DIRECTION ( 'NONE',  ( 0.000000000000000000, 0.5000000000000134337, 0.8660254037844309360 ) ) ;
#4718 = CARTESIAN_POINT ( 'NONE',  ( -14.96092415827032340, 8.525628917686932673E-16, 31.30033484146203904 ) ) ;
#4719 = ORIENTED_EDGE ( 'NONE', *, *, #8035, .F. ) ;
#4720 = CARTESIAN_POINT ( 'NONE',  ( 0.03864744970013615083, -2.978967490600263002, -7.373804943601579787 ) ) ;
#4721 = ORIENTED_EDGE ( 'NONE', *, *, #1089, .F. ) ;
#4722 = PLANE ( 'NONE',  #1847 ) ;
#4723 = EDGE_LOOP ( 'NONE', ( #4593, #8482, #1034, #3511 ) ) ;
#4724 = AXIS2_PLACEMENT_3D ( 'NONE', #1445, #298, #2519 ) ;
#4725 = CARTESIAN_POINT ( 'NONE',  ( -3.581410562078106783E-16, -26.48863725129703894, -2.568560458117160383 ) ) ;
#4726 = CARTESIAN_POINT ( 'NONE',  ( 0.003146909516445937048, -2.929285994511948488, -9.924284030405413404 ) ) ;
#4727 = FACE_OUTER_BOUND ( 'NONE', #3928, .T. ) ;
#4728 = CARTESIAN_POINT ( 'NONE',  ( -36.25000000000000000, -4.439344646909155431E-15, -43.00000000000000000 ) ) ;
#4729 = EDGE_CURVE ( 'NONE', #602, #5332, #2246, .T. ) ;
#4730 = CARTESIAN_POINT ( 'NONE',  ( -9.299999999999998934, -31.39999999999998437, 3.453292227346870469 ) ) ;
#4731 = AXIS2_PLACEMENT_3D ( 'NONE', #7595, #6014, #8432 ) ;
#4732 = CARTESIAN_POINT ( 'NONE',  ( 0.1542920098973689091, -3.261111031937991900, -7.067079550375057195 ) ) ;
#4733 = ORIENTED_EDGE ( 'NONE', *, *, #8864, .F. ) ;
#4734 = CARTESIAN_POINT ( 'NONE',  ( 0.08023049856026194526, -36.37027360389203778, 2.230475926420107502 ) ) ;
#4735 = CARTESIAN_POINT ( 'NONE',  ( -18.40477581524989859, -39.40000000000001279, -36.79824706271819679 ) ) ;
#4736 = CARTESIAN_POINT ( 'NONE',  ( -9.399999999999998579, -31.34999999999998721, -3.466689686968430273 ) ) ;
#4737 = ORIENTED_EDGE ( 'NONE', *, *, #8841, .F. ) ;
#4738 = CARTESIAN_POINT ( 'NONE',  ( 0.000000000000000000, -36.50000000000000711, 2.599999999999998312 ) ) ;
#4739 = EDGE_CURVE ( 'NONE', #848, #4221, #3132, .T. ) ;
#4740 = CARTESIAN_POINT ( 'NONE',  ( 0.3264917695523381069, -13.00000000000000000, -9.500000000000001776 ) ) ;
#4741 = ORIENTED_EDGE ( 'NONE', *, *, #3880, .T. ) ;
#4742 = LINE ( 'NONE', #1800, #9025 ) ;
#4743 = DIRECTION ( 'NONE',  ( -1.734723475976807094E-16, 1.000000000000000000, 0.000000000000000000 ) ) ;
#4744 = CARTESIAN_POINT ( 'NONE',  ( 0.1731227113257712280, -26.53684255000382208, -2.326116598473671804 ) ) ;
#4745 = CARTESIAN_POINT ( 'NONE',  ( -3.303925829906728229, -39.39999999999999147, 39.62100369053688098 ) ) ;
#4746 = ADVANCED_FACE ( 'NONE', ( #3084 ), #3719, .F. ) ;
#4747 = AXIS2_PLACEMENT_3D ( 'NONE', #456, #5016, #6436 ) ;
#4748 = DIRECTION ( 'NONE',  ( 0.000000000000000000, 0.000000000000000000, 1.000000000000000000 ) ) ;
#4749 = CARTESIAN_POINT ( 'NONE',  ( 0.3359469009914474169, -3.467269176310514567, -10.00000000000000000 ) ) ;
#4750 = CARTESIAN_POINT ( 'NONE',  ( 0.4397376543209871036, -36.33689319417712937, 2.251809490185450180 ) ) ;
#4751 = CARTESIAN_POINT ( 'NONE',  ( -9.299999999999998934, -31.44999999999998508, 15.53331031303158660 ) ) ;
#4752 = LINE ( 'NONE', #1118, #9356 ) ;
#4753 = ORIENTED_EDGE ( 'NONE', *, *, #608, .T. ) ;
#4754 = VERTEX_POINT ( 'NONE', #4545 ) ;
#4755 = CARTESIAN_POINT ( 'NONE',  ( -28.00101484215838710, 1.734723475976807094E-15, 37.49942196920365234 ) ) ;
#4756 = CARTESIAN_POINT ( 'NONE',  ( 0.1292665239864656812, -36.05735832303387411, 2.475839142167143514 ) ) ;
#4757 = VERTEX_POINT ( 'NONE', #3913 ) ;
#4758 = CARTESIAN_POINT ( 'NONE',  ( -1.476504231281439594, -39.34794535333663390, -32.30000000000000426 ) ) ;
#4759 = CARTESIAN_POINT ( 'NONE',  ( -9.400000000000000355, -26.19999999999999218, -12.55995642670501944 ) ) ;
#4760 = DIRECTION ( 'NONE',  ( 4.625929269271490721E-17, -0.8660254037844383745, 0.5000000000000004441 ) ) ;
#4761 = CARTESIAN_POINT ( 'NONE',  ( -16.30000000000000426, -26.92333333332080514, -26.93611525448111621 ) ) ;
#4762 = CARTESIAN_POINT ( 'NONE',  ( 0.04384578977778667147, -36.00274203178938137, 2.517202847324165216 ) ) ;
#4763 = CARTESIAN_POINT ( 'NONE',  ( -15.45567854276576014, 8.460708808319416835E-16, 32.74481389653889352 ) ) ;
#4764 = VERTEX_POINT ( 'NONE', #5232 ) ;
#4765 = CARTESIAN_POINT ( 'NONE',  ( 8.000000000000000000, -2.999999999999999112, -9.500000000000000000 ) ) ;
#4766 = ORIENTED_EDGE ( 'NONE', *, *, #8262, .F. ) ;
#4767 = FACE_OUTER_BOUND ( 'NONE', #3209, .T. ) ;
#4768 = DIRECTION ( 'NONE',  ( 0.000000000000000000, 0.000000000000000000, 1.000000000000000000 ) ) ;
#4769 = ORIENTED_EDGE ( 'NONE', *, *, #8053, .F. ) ;
#4770 = CIRCLE ( 'NONE', #2589, 2.000000000000001776 ) ;
#4771 = EDGE_CURVE ( 'NONE', #4082, #7566, #863, .T. ) ;
#4772 = CARTESIAN_POINT ( 'NONE',  ( -29.00000000000000000, -1.999999999999810152, 37.50000000000002132 ) ) ;
#4773 = CARTESIAN_POINT ( 'NONE',  ( 0.09999999999999999167, -26.39999999999999858, 0.000000000000000000 ) ) ;
#4774 = AXIS2_PLACEMENT_3D ( 'NONE', #7720, #3297, #1131 ) ;
#4775 = LINE ( 'NONE', #4970, #6003 ) ;
#4776 = CARTESIAN_POINT ( 'NONE',  ( 0.09935232928749651582, -13.00000000000000178, -7.500000000000002665 ) ) ;
#4777 = CARTESIAN_POINT ( 'NONE',  ( 0.1848515070948602568, -3.174941180662571139, -7.136968893842427164 ) ) ;
#4778 = AXIS2_PLACEMENT_3D ( 'NONE', #2427, #3346, #936 ) ;
#4779 = VERTEX_POINT ( 'NONE', #6013 ) ;
#4780 = CARTESIAN_POINT ( 'NONE',  ( -9.399999999999998579, -7.999999999999989342, -6.046707772653140189 ) ) ;
#4781 = CARTESIAN_POINT ( 'NONE',  ( 0.03864744970013646308, -26.37896749060026380, 2.126195056398418881 ) ) ;
#4782 = DIRECTION ( 'NONE',  ( 1.000000000000000000, 0.000000000000000000, 0.000000000000000000 ) ) ;
#4783 = ORIENTED_EDGE ( 'NONE', *, *, #3250, .T. ) ;
#4784 = EDGE_CURVE ( 'NONE', #7464, #6700, #9104, .T. ) ;
#4785 = CARTESIAN_POINT ( 'NONE',  ( -24.72776949103776900, -26.92333333332080869, 37.50000000000001421 ) ) ;
#4786 = ORIENTED_EDGE ( 'NONE', *, *, #3554, .F. ) ;
#4787 = DIRECTION ( 'NONE',  ( -4.625929269271487023E-17, 0.8660254037844387076, -0.5000000000000001110 ) ) ;
#4788 = DIRECTION ( 'NONE',  ( -1.734723475976807834E-16, 1.000000000000000000, 0.000000000000000000 ) ) ;
#4789 = CARTESIAN_POINT ( 'NONE',  ( 0.1003027371078726859, -26.50179906623426263, -2.328383778638883239 ) ) ;
#4790 = CARTESIAN_POINT ( 'NONE',  ( -17.01927696635854304, -2.191929393751188148E-13, -31.19748295767663038 ) ) ;
#4791 = EDGE_CURVE ( 'NONE', #312, #4660, #4858, .T. ) ;
#4792 = CARTESIAN_POINT ( 'NONE',  ( -3.955253391104907923, -39.39999999999999147, 40.54978035656623092 ) ) ;
#4793 = DIRECTION ( 'NONE',  ( 0.000000000000000000, 0.000000000000000000, -1.000000000000000000 ) ) ;
#4794 = CARTESIAN_POINT ( 'NONE',  ( 0.4397376543209853272, -3.370362188019802030, -9.983978110730983957 ) ) ;
#4795 = CARTESIAN_POINT ( 'NONE',  ( 0.4397376543209871036, -36.20497740018841171, 2.397528356792145487 ) ) ;
#4796 = CARTESIAN_POINT ( 'NONE',  ( -16.32151497101303050, -39.39999999999125180, -26.74881965074175483 ) ) ;
#4797 = CARTESIAN_POINT ( 'NONE',  ( 0.05069421967314180488, -13.01299564825735544, -7.424258470428245715 ) ) ;
#4798 = B_SPLINE_CURVE_WITH_KNOTS ( 'NONE', 3,
 ( #7630, #2434, #3855, #6190 ),
 .UNSPECIFIED., .F., .F.,
 ( 4, 4 ),
 ( 0.05076142131986441375, 0.9492385786801900149 ),
 .UNSPECIFIED. ) ;
#4799 = ORIENTED_EDGE ( 'NONE', *, *, #990, .F. ) ;
#4800 = CARTESIAN_POINT ( 'NONE',  ( -21.03152055451159441, 1.359611189219489386E-15, 38.33468112980655462 ) ) ;
#4801 = CARTESIAN_POINT ( 'NONE',  ( 0.1542789856034182117, -36.13817786231043527, 2.432988672510139061 ) ) ;
#4802 = VERTEX_POINT ( 'NONE', #1502 ) ;
#4803 = DIRECTION ( 'NONE',  ( 0.000000000000000000, 1.000000000000000000, 0.000000000000000000 ) ) ;
#4804 = DIRECTION ( 'NONE',  ( -1.734723475976807834E-16, 1.000000000000000000, 0.000000000000000000 ) ) ;
#4805 = APPLICATION_PROTOCOL_DEFINITION ( 'international standard', 'config_control_design', 1994, #6632 ) ;
#4806 = CARTESIAN_POINT ( 'NONE',  ( 0.09871115433706231790, -2.999993698114653551, -9.500037811312065372 ) ) ;
#4807 = CARTESIAN_POINT ( 'NONE',  ( -36.24999999999999289, -39.40000000000000568, -41.24999999999999289 ) ) ;
#4808 = CARTESIAN_POINT ( 'NONE',  ( 0.000000000000000000, -2.899999999999999911, -10.09999999999999964 ) ) ;
#4809 = ADVANCED_FACE ( 'NONE', ( #9030 ), #6062, .F. ) ;
#4810 = ORIENTED_EDGE ( 'NONE', *, *, #8671, .T. ) ;
#4811 = CARTESIAN_POINT ( 'NONE',  ( -29.00000000000000355, -1.738200612200856865, 37.50000000000000000 ) ) ;
#4812 = ORIENTED_EDGE ( 'NONE', *, *, #9242, .F. ) ;
#4813 = CARTESIAN_POINT ( 'NONE',  ( 0.1236206407618194031, -12.74963558218728110, -9.932519965643317406 ) ) ;
#4814 = CARTESIAN_POINT ( 'NONE',  ( -9.399999999999998579, -36.59999999999999432, 6.440043573295005430 ) ) ;
#4815 = ORIENTED_EDGE ( 'NONE', *, *, #1349, .F. ) ;
#4816 = AXIS2_PLACEMENT_3D ( 'NONE', #5416, #258, #8413 ) ;
#4817 = CARTESIAN_POINT ( 'NONE',  ( 0.08373167235134512665, -26.70529356220341555, 2.479981876749157710 ) ) ;
#4818 = CARTESIAN_POINT ( 'NONE',  ( 0.01648282397504825456, -3.242739824612918209, -10.04287669547735007 ) ) ;
#4819 = CARTESIAN_POINT ( 'NONE',  ( -9.299999999999998934, -22.65064434701787022, -8.489265014993950587 ) ) ;
#4820 = B_SPLINE_CURVE_WITH_KNOTS ( 'NONE', 3,
 ( #1639, #9064, #1685, #215 ),
 .UNSPECIFIED., .F., .F.,
 ( 4, 4 ),
 ( 0.000000000000000000, 1.000000000000000000 ),
 .UNSPECIFIED. ) ;
#4821 = DIRECTION ( 'NONE',  ( 1.000000000000000000, 0.000000000000000000, 0.000000000000000000 ) ) ;
#4822 = EDGE_CURVE ( 'NONE', #6097, #9167, #9593, .T. ) ;
#4823 = AXIS2_PLACEMENT_3D ( 'NONE', #7234, #414, #9404 ) ;
#4824 = CARTESIAN_POINT ( 'NONE',  ( -29.00000000000000355, -3.067953334955075434E-15, -39.23820061220084909 ) ) ;
#4825 = CARTESIAN_POINT ( 'NONE',  ( 0.1420464885646257613, -3.118847079344672313, -7.188126300933376456 ) ) ;
#4826 = ORIENTED_EDGE ( 'NONE', *, *, #1089, .T. ) ;
#4827 = AXIS2_PLACEMENT_3D ( 'NONE', #9564, #9661, #5091 ) ;
#4828 = DIRECTION ( 'NONE',  ( -1.000000000000000000, 0.000000000000000000, 9.251858538542972814E-17 ) ) ;
#4829 = DIRECTION ( 'NONE',  ( 0.000000000000000000, -6.938893903907270030E-14, 1.000000000000000000 ) ) ;
#4830 = CARTESIAN_POINT ( 'NONE',  ( -11.16859269817843092, -2.000000000000001776, -44.99964899884823666 ) ) ;
#4831 = VERTEX_POINT ( 'NONE', #7886 ) ;
#4832 = AXIS2_PLACEMENT_3D ( 'NONE', #122, #6938, #5469 ) ;
#4833 = CARTESIAN_POINT ( 'NONE',  ( -24.72776949103776900, -41.37000000000001165, 37.50000000000001421 ) ) ;
#4834 = VECTOR ( 'NONE', #3608, 1000.000000000000000 ) ;
#4835 = ORIENTED_EDGE ( 'NONE', *, *, #7199, .F. ) ;
#4836 = EDGE_CURVE ( 'NONE', #9283, #2373, #2696, .T. ) ;
#4837 = AXIS2_PLACEMENT_3D ( 'NONE', #8014, #5648, #8567 ) ;
#4838 = CARTESIAN_POINT ( 'NONE',  ( 0.000000000000000000, -26.89999999999999858, 2.000000000000000000 ) ) ;
#4839 = DIRECTION ( 'NONE',  ( -0.000000000000000000, 2.602085213965136489E-14, 1.000000000000000000 ) ) ;
#4840 = CARTESIAN_POINT ( 'NONE',  ( 0.1631203768274169519, -3.081652775500945740, -7.231168405499696306 ) ) ;
#4841 = CARTESIAN_POINT ( 'NONE',  ( 0.1420464885664471932, -26.58812630011085787, -2.381152920365015913 ) ) ;
#4842 = CARTESIAN_POINT ( 'NONE',  ( 0.4397376543092829104, -35.96546164737896589, -2.500000000000000000 ) ) ;
#4843 = CARTESIAN_POINT ( 'NONE',  ( -2.123080646309275288, -39.39999999999999147, 41.47163060293889458 ) ) ;
#4844 = DIRECTION ( 'NONE',  ( 0.000000000000000000, 0.000000000000000000, 1.000000000000000000 ) ) ;
#4845 = CARTESIAN_POINT ( 'NONE',  ( -38.00000000000000000, -4.984802748787007597E-15, 41.24999999999999289 ) ) ;
#4846 = CARTESIAN_POINT ( 'NONE',  ( 0.1606865092887213575, -12.76396373400441497, -7.083825208895482284 ) ) ;
#4847 = ADVANCED_FACE ( 'NONE', ( #369 ), #1099, .T. ) ;
#4848 = CARTESIAN_POINT ( 'NONE',  ( -18.18995933491667572, -39.40000000000003411, -33.62575522583490084 ) ) ;
#4849 = CARTESIAN_POINT ( 'NONE',  ( 0.4397376543209871591, -13.00000000000000000, -7.500000000000000000 ) ) ;
#4850 = ORIENTED_EDGE ( 'NONE', *, *, #5798, .F. ) ;
#4851 = CARTESIAN_POINT ( 'NONE',  ( -28.00601872341917087, -37.40000000000000568, 37.49941948531453306 ) ) ;
#4852 = CARTESIAN_POINT ( 'NONE',  ( 0.07490148841600624552, -36.11035177685005237, 2.483538730382877535 ) ) ;
#4853 = EDGE_LOOP ( 'NONE', ( #8614, #6668, #5955 ) ) ;
#4854 = CARTESIAN_POINT ( 'NONE',  ( -9.300000000000000711, -31.39999999999999858, -9.500000000000008882 ) ) ;
#4855 = CIRCLE ( 'NONE', #2044, 0.1000000000000012962 ) ;
#4856 = COORDINATED_UNIVERSAL_TIME_OFFSET ( 8, 0, .BEHIND. ) ;
#4857 = CARTESIAN_POINT ( 'NONE',  ( 0.1046862460741170286, -3.000000000000000000, -9.499999999999998224 ) ) ;
#4858 = B_SPLINE_CURVE_WITH_KNOTS ( 'NONE', 5,
 ( #8236, #3868, #5432, #9126, #183, #6800, #8431, #87 ),
 .UNSPECIFIED., .F., .F.,
 ( 6, 2, 6 ),
 ( 0.000000000000000000, 0.01061253142894019383, 0.02122506285788038766 ),
 .UNSPECIFIED. ) ;
#4859 = CARTESIAN_POINT ( 'NONE',  ( 0.03864744970013807290, -36.02619505639841435, 2.521032509399733446 ) ) ;
#4860 = EDGE_CURVE ( 'NONE', #3789, #955, #8527, .T. ) ;
#4861 = CARTESIAN_POINT ( 'NONE',  ( 0.000000000000000000, -39.39999999999999858, 43.00000000000000000 ) ) ;
#4862 = VERTEX_POINT ( 'NONE', #2497 ) ;
#4863 = CARTESIAN_POINT ( 'NONE',  ( 0.000000000000000000, -2.899999999999999911, -6.900000000000003020 ) ) ;
#4864 = ORIENTED_EDGE ( 'NONE', *, *, #2279, .T. ) ;
#4865 = CARTESIAN_POINT ( 'NONE',  ( -16.19999999999999929, -2.800000000000004707, -3.059956426705024324 ) ) ;
#4866 = CARTESIAN_POINT ( 'NONE',  ( -29.00000000000000000, -39.40000000000000568, 39.50000000000000000 ) ) ;
#4867 = ORIENTED_EDGE ( 'NONE', *, *, #99, .T. ) ;
#4868 = CARTESIAN_POINT ( 'NONE',  ( 0.1471451563578585753, -26.75554552204427239, 2.475832608315243100 ) ) ;
#4869 = DIRECTION ( 'NONE',  ( -1.000000000000000000, 0.000000000000000000, 0.000000000000000000 ) ) ;
#4870 = LINE ( 'NONE', #7875, #6091 ) ;
#4871 = CIRCLE ( 'NONE', #6269, 0.1000000000000000611 ) ;
#4872 = EDGE_CURVE ( 'NONE', #4754, #2264, #6442, .T. ) ;
#4873 = VECTOR ( 'NONE', #1728, 1000.000000000000000 ) ;
#4874 = DIRECTION ( 'NONE',  ( -1.000000000000000000, 0.000000000000000000, 9.251858538542972814E-17 ) ) ;
#4875 = CARTESIAN_POINT ( 'NONE',  ( 0.08385843569734989511, -12.99341688161749353, -7.412628778153306008 ) ) ;
#4876 = CARTESIAN_POINT ( 'NONE',  ( 0.1750571039631190207, -3.174073927945452844, -7.136884998704815075 ) ) ;
#4877 = AXIS2_PLACEMENT_3D ( 'NONE', #933, #251, #7711 ) ;
#4878 = ORIENTED_EDGE ( 'NONE', *, *, #861, .T. ) ;
#4879 = AXIS2_PLACEMENT_3D ( 'NONE', #8807, #7967, #2077 ) ;
#4880 = VECTOR ( 'NONE', #7750, 1000.000000000000000 ) ;
#4881 = DIRECTION ( 'NONE',  ( -1.000000000000000000, 0.000000000000000000, 9.251858538542972814E-17 ) ) ;
#4882 = FACE_BOUND ( 'NONE', #7830, .T. ) ;
#4883 = CARTESIAN_POINT ( 'NONE',  ( -3.252606517456513302E-16, -26.30000000000000071, -2.600000000000000089 ) ) ;
#4884 = CARTESIAN_POINT ( 'NONE',  ( 0.01382043241904027699, -12.74192882088471102, -6.959678529852552309 ) ) ;
#4885 = AXIS2_PLACEMENT_3D ( 'NONE', #3984, #252, #5224 ) ;
#4886 = AXIS2_PLACEMENT_3D ( 'NONE', #8860, #2871, #5844 ) ;
#4887 = CARTESIAN_POINT ( 'NONE',  ( -16.19999999999999929, -26.04999999999999361, -12.47335388632657249 ) ) ;
#4888 = CARTESIAN_POINT ( 'NONE',  ( -9.300000000000002487, -36.64999999999999858, -37.49999999999999289 ) ) ;
#4889 = CARTESIAN_POINT ( 'NONE',  ( 0.1040424905736992423, -3.026073316480927478, -7.339723993986179806 ) ) ;
#4890 = CARTESIAN_POINT ( 'NONE',  ( 0.09621752899302736528, -26.60915162486971042, -2.430478224419476696 ) ) ;
#4891 = DIRECTION ( 'NONE',  ( 1.000000000000000000, 0.000000000000000000, 0.000000000000000000 ) ) ;
#4892 = ADVANCED_FACE ( 'NONE', ( #9314 ), #3661, .T. ) ;
#4893 = DIRECTION ( 'NONE',  ( 1.000000000000000000, 0.000000000000000000, 0.000000000000000000 ) ) ;
#4894 = EDGE_CURVE ( 'NONE', #3756, #2571, #7136, .T. ) ;
#4895 = SPHERICAL_SURFACE ( 'NONE', #1351, 0.1000000000000000056 ) ;
#4896 = CARTESIAN_POINT ( 'NONE',  ( 0.3335696373456740194, -3.500000000000000888, -10.00000000000000000 ) ) ;
#4897 = CARTESIAN_POINT ( 'NONE',  ( 0.3484075734396702706, -12.72157560318399305, -7.050583519783613085 ) ) ;
#4898 = CARTESIAN_POINT ( 'NONE',  ( -20.85626676015054315, -39.40000000000001990, -36.02811393539503371 ) ) ;
#4899 = CARTESIAN_POINT ( 'NONE',  ( 0.05069421967142676705, -36.41299564825835944, 2.075741529579047118 ) ) ;
#4900 = EDGE_LOOP ( 'NONE', ( #6540, #5027, #3931, #5167 ) ) ;
#4901 = CARTESIAN_POINT ( 'NONE',  ( -16.29999999999999716, -8.099999999999996092, 6.119912853410039766 ) ) ;
#4902 = CARTESIAN_POINT ( 'NONE',  ( 0.2387701955504551166, -36.14225174634054838, 2.417235706952049146 ) ) ;
#4903 = ORIENTED_EDGE ( 'NONE', *, *, #9217, .T. ) ;
#4904 = CARTESIAN_POINT ( 'NONE',  ( 0.09369787352250728840, -3.078606600328122500, -7.078606600328405385 ) ) ;
#4905 = ADVANCED_FACE ( 'NONE', ( #4149 ), #417, .T. ) ;
#4906 = CARTESIAN_POINT ( 'NONE',  ( 0.1096714448637628875, -2.999999999999999556, -9.499999999999996447 ) ) ;
#4907 = CARTESIAN_POINT ( 'NONE',  ( -14.29999999999999716, -2.602085213965210642E-15, 24.12999999999999901 ) ) ;
#4908 = CARTESIAN_POINT ( 'NONE',  ( -26.47727135825116207, 2.106998156881321692E-15, -39.45595815337551215 ) ) ;
#4909 = EDGE_LOOP ( 'NONE', ( #8692, #1168, #1097 ) ) ;
#4910 = FACE_OUTER_BOUND ( 'NONE', #4691, .T. ) ;
#4911 = ORIENTED_EDGE ( 'NONE', *, *, #7777, .T. ) ;
#4912 = ORIENTED_EDGE ( 'NONE', *, *, #1245, .F. ) ;
#4913 = CARTESIAN_POINT ( 'NONE',  ( 0.09822872993552680954, -12.76941379719497149, -9.936388679835200577 ) ) ;
#4914 = CARTESIAN_POINT ( 'NONE',  ( 0.04384580558711448361, -26.79725804532784394, -2.517202837018284622 ) ) ;
#4915 = VERTEX_POINT ( 'NONE', #5663 ) ;
#4916 = CARTESIAN_POINT ( 'NONE',  ( 0.08614084120653690835, -26.84394211966327148, 2.497235511504234839 ) ) ;
#4917 = CARTESIAN_POINT ( 'NONE',  ( 0.02671071723195961659, -12.68183937449016696, -10.03030656602231474 ) ) ;
#4918 = EDGE_CURVE ( 'NONE', #5227, #9626, #489, .T. ) ;
#4919 = DIRECTION ( 'NONE',  ( -1.000000000000000000, 0.000000000000000000, 0.000000000000000000 ) ) ;
#4920 = DIRECTION ( 'NONE',  ( -1.000000000000000000, 0.000000000000000000, 9.251858538542972814E-17 ) ) ;
#4921 = CARTESIAN_POINT ( 'NONE',  ( 0.1038505127581308279, -12.99996457595928945, -7.475112287820499191 ) ) ;
#4922 = CARTESIAN_POINT ( 'NONE',  ( 0.04830071877444031686, -36.41439495876080912, -2.084755909466524226 ) ) ;
#4923 = ORIENTED_EDGE ( 'NONE', *, *, #3305, .F. ) ;
#4924 = FACE_OUTER_BOUND ( 'NONE', #4317, .T. ) ;
#4925 = B_SPLINE_CURVE_WITH_KNOTS ( 'NONE', 3,
 ( #9366, #8635, #5486, #7940, #9508, #27, #7534, #521, #5222, #2002, #8967, #475, #6052, #6502, #7291, #2236, #2787, #5951, #4482, #3518, #6789, #8222, #2287, #7486, #5723, #3475, #1492, #568, #6456, #805, #7989, #3029, #7198, #9462 ),
 .UNSPECIFIED., .F., .F.,
 ( 4, 2, 2, 2, 2, 2, 2, 2, 2, 2, 2, 2, 2, 2, 2, 2, 4 ),
 ( 0.000000000000000000, 0.001507785808249152270, 0.003015571616498304540, 0.006031143232996621223, 0.007538929041245772192, 0.009046714849494923161, 0.009800607753619497778, 0.01055450065774407239, 0.01206228646599320949, 0.01357007227424234658, 0.01432396517836692640, 0.01507785808249150102, 0.01658564389074065545, 0.01809342969898980816, 0.02110900131548812050, 0.02261678712373726974, 0.02412457293198641897 ),
 .UNSPECIFIED. ) ;
#4926 = CARTESIAN_POINT ( 'NONE',  ( -11.95336142719346917, -1.643286622146055804E-15, -43.00000000559015945 ) ) ;
#4927 = VECTOR ( 'NONE', #7741, 999.9999999999998863 ) ;
#4928 = CARTESIAN_POINT ( 'NONE',  ( 0.003146909516426600953, -26.47571596959437201, -2.570714005488088816 ) ) ;
#4929 = CARTESIAN_POINT ( 'NONE',  ( -3.701766601965199577, 1.709203739831046862E-15, -40.23686923753684397 ) ) ;
#4930 = CARTESIAN_POINT ( 'NONE',  ( -2.399702474169034261, -2.000000000000000444, 41.81629578334656827 ) ) ;
#4931 = ORIENTED_EDGE ( 'NONE', *, *, #9004, .F. ) ;
#4932 = TOROIDAL_SURFACE ( 'NONE', #5085, 0.2000000000000000111, 0.1000000000000000056 ) ;
#4933 = CARTESIAN_POINT ( 'NONE',  ( -16.19999999999999929, -26.25000000000000000, -6.526646113673439054 ) ) ;
#4934 = ADVANCED_FACE ( 'NONE', ( #2778 ), #610, .T. ) ;
#4935 = CARTESIAN_POINT ( 'NONE',  ( -9.399999999999996803, -36.54999999999999005, 12.47335388632656894 ) ) ;
#4936 = CARTESIAN_POINT ( 'NONE',  ( 0.1032641237551532448, -3.077624850360315190, -7.207637193844576906 ) ) ;
#4937 = DIRECTION ( 'NONE',  ( 0.000000000000000000, 0.4999999999999593658, 0.8660254037844620223 ) ) ;
#4938 = CARTESIAN_POINT ( 'NONE',  ( 0.08846250423407797658, -26.67941438698482415, -2.465192043389598187 ) ) ;
#4939 = CARTESIAN_POINT ( 'NONE',  ( 0.03864744970013572756, -36.02619505639842146, -2.521032509399735666 ) ) ;
#4940 = CARTESIAN_POINT ( 'NONE',  ( -0.08646258575116719247, -37.39999999999999147, 35.47510096532090529 ) ) ;
#4941 = DIRECTION ( 'NONE',  ( 0.000000000000000000, 1.000000000000000000, 0.000000000000000000 ) ) ;
#4942 = DIRECTION ( 'NONE',  ( -1.000000000000000000, 0.000000000000000000, 2.003086131649580137E-14 ) ) ;
#4943 = CARTESIAN_POINT ( 'NONE',  ( 0.4397376543209871591, -12.72157560318399305, -7.050583519783613085 ) ) ;
#4944 = VECTOR ( 'NONE', #4426, 1000.000000000000000 ) ;
#4945 = EDGE_CURVE ( 'NONE', #2932, #9129, #5074, .T. ) ;
#4946 = EDGE_CURVE ( 'NONE', #4567, #3086, #9433, .T. ) ;
#4947 = CARTESIAN_POINT ( 'NONE',  ( -24.94928043550776309, -39.40000000000002700, -39.33970650613854048 ) ) ;
#4948 = FACE_OUTER_BOUND ( 'NONE', #4980, .T. ) ;
#4949 = ORIENTED_EDGE ( 'NONE', *, *, #2088, .T. ) ;
#4950 = CARTESIAN_POINT ( 'NONE',  ( -23.04098786174223079, -37.40000000000001990, 36.91257333781167205 ) ) ;
#4951 = CARTESIAN_POINT ( 'NONE',  ( 0.3431889183911190355, -36.03087394217963890, 2.486986338334157498 ) ) ;
#4952 = ORIENTED_EDGE ( 'NONE', *, *, #5875, .T. ) ;
#4953 = DIRECTION ( 'NONE',  ( 1.000000000000000000, -0.000000000000000000, -0.000000000000000000 ) ) ;
#4954 = PERSON_AND_ORGANIZATION_ROLE ( 'design_owner' ) ;
#4955 = CARTESIAN_POINT ( 'NONE',  ( 0.08614084120625288554, -3.002764488495758943, -9.556057880335877996 ) ) ;
#4956 =( BOUNDED_SURFACE ( )  B_SPLINE_SURFACE ( 3, 2, ( 
 ( #7060, #3342, #6321 ),
 ( #9332, #5588, #3487 ),
 ( #9430, #8601, #8648 ),
 ( #1919, #4904, #1169 ),
 ( #3438, #6417, #3581 ),
 ( #8844, #4454, #2801 ) ),
 .UNSPECIFIED., .F., .F., .T. ) 
 B_SPLINE_SURFACE_WITH_KNOTS ( ( 4, 2, 4 ),
 ( 3, 3 ),
 ( 0.000000000000000000, 0.3694802558178441054, 0.7389605116356882109 ),
 ( 0.000000000000000000, 1.000000000000000000 ),
 .UNSPECIFIED. ) 
 GEOMETRIC_REPRESENTATION_ITEM ( )  RATIONAL_B_SPLINE_SURFACE ( (
 ( 1.000000000000000000, 1.000000000000000000, 1.000000000000000000),
 ( 1.000000000000000000, 1.000501889437287240, 1.000000000000000000),
 ( 1.000000000000000000, 0.9837683019806574558, 1.000000000000000000),
 ( 1.000000000000000000, 0.9206139212134222261, 1.000000000000000000),
 ( 1.000000000000000000, 0.8743186979496998523, 1.000000000000000000),
 ( 1.000000000000000000, 0.8295822873078154691, 1.000000000000000000) ) ) 
 REPRESENTATION_ITEM ( '' )  SURFACE ( )  );
#4957 = CARTESIAN_POINT ( 'NONE',  ( -19.91676659019992002, 1.328572323479983154E-15, -37.79448082794844765 ) ) ;
#4958 = CIRCLE ( 'NONE', #6993, 0.1000000000000001721 ) ;
#4959 = EDGE_CURVE ( 'NONE', #769, #1575, #806, .T. ) ;
#4960 = ORIENTED_EDGE ( 'NONE', *, *, #1013, .T. ) ;
#4961 = ORIENTED_EDGE ( 'NONE', *, *, #5875, .F. ) ;
#4962 = ORIENTED_EDGE ( 'NONE', *, *, #6878, .T. ) ;
#4963 = CARTESIAN_POINT ( 'NONE',  ( 0.1111549592993874708, -12.54953761985329130, -9.999708704031641915 ) ) ;
#4964 = CARTESIAN_POINT ( 'NONE',  ( 0.08499356123129324370, -26.89545060329490411, -2.500928704962980920 ) ) ;
#4965 = ORIENTED_EDGE ( 'NONE', *, *, #6838, .F. ) ;
#4966 = CARTESIAN_POINT ( 'NONE',  ( 0.4397376543465725263, -26.59502259981160321, 2.397528356792145487 ) ) ;
#4967 = CARTESIAN_POINT ( 'NONE',  ( 0.003146909516386309398, -13.07071400548817230, -9.924284030405857493 ) ) ;
#4968 = CARTESIAN_POINT ( 'NONE',  ( 0.1016644731461512907, -12.84671386194250964, -7.118376445252945217 ) ) ;
#4969 = AXIS2_PLACEMENT_3D ( 'NONE', #3477, #2050, #2003 ) ;
#4970 = CARTESIAN_POINT ( 'NONE',  ( 1.132460429421059505E-15, -39.39999999999999858, 39.50000000000000711 ) ) ;
#4971 = CARTESIAN_POINT ( 'NONE',  ( -2.000000000000000000, -39.39999999999999858, 33.05001304189094924 ) ) ;
#4972 = LINE ( 'NONE', #8862, #7853 ) ;
#4973 = EDGE_CURVE ( 'NONE', #3897, #7581, #8628, .T. ) ;
#4974 = ORIENTED_EDGE ( 'NONE', *, *, #6305, .T. ) ;
#4975 = DIRECTION ( 'NONE',  ( -1.000000000000000000, 0.000000000000000000, 0.000000000000000000 ) ) ;
#4976 = AXIS2_PLACEMENT_3D ( 'NONE', #1135, #9300, #4133 ) ;
#4977 = CARTESIAN_POINT ( 'NONE',  ( 0.000000000000000000, -2.899999999999999911, -10.09999999999999964 ) ) ;
#4978 = CARTESIAN_POINT ( 'NONE',  ( -1.526043014977598533, -2.000000000000000444, 40.56629833108632255 ) ) ;
#4979 = VECTOR ( 'NONE', #8758, 1000.000000000000000 ) ;
#4980 = EDGE_LOOP ( 'NONE', ( #507, #3113, #3537, #5738 ) ) ;
#4981 = EDGE_CURVE ( 'NONE', #2668, #1122, #2856, .T. ) ;
#4982 = DIRECTION ( 'NONE',  ( 0.7071067811865451302, 8.659560562354962440E-17, 0.7071067811865500152 ) ) ;
#4983 = DIRECTION ( 'NONE',  ( 1.000000000000000000, 1.224646799147353454E-16, -0.000000000000000000 ) ) ;
#4984 = CARTESIAN_POINT ( 'NONE',  ( 0.1112620995944814672, -2.999783958077906210, -7.475165823393602693 ) ) ;
#4985 = DIRECTION ( 'NONE',  ( -1.000000000000000000, -0.000000000000000000, -0.000000000000000000 ) ) ;
#4986 = AXIS2_PLACEMENT_3D ( 'NONE', #2752, #9666, #5196 ) ;
#4987 = CARTESIAN_POINT ( 'NONE',  ( 0.3335696373376294543, -35.89999999999999858, -2.500000000000000000 ) ) ;
#4988 = DIRECTION ( 'NONE',  ( 1.000000000000000000, -0.000000000000000000, -2.003086131649540063E-14 ) ) ;
#4989 = FACE_OUTER_BOUND ( 'NONE', #5867, .T. ) ;
#4990 = EDGE_CURVE ( 'NONE', #6097, #5971, #2089, .T. ) ;
#4991 = CARTESIAN_POINT ( 'NONE',  ( -0.7639767381641552335, -39.40000000000000568, -38.83332840407711473 ) ) ;
#4992 = CIRCLE ( 'NONE', #444, 0.1000000000000000611 ) ;
#4993 = DIRECTION ( 'NONE',  ( 9.251858538542972814E-17, 1.604941620322697274E-32, 1.000000000000000000 ) ) ;
#4994 = CARTESIAN_POINT ( 'NONE',  ( -21.40840182633408517, -37.40000000000001279, -36.31542124928431292 ) ) ;
#4995 = DIRECTION ( 'NONE',  ( -1.000000000000000000, 0.000000000000000000, 0.000000000000000000 ) ) ;
#4996 = CARTESIAN_POINT ( 'NONE',  ( -20.59115817403372617, -39.39999999999998437, 38.14327167981990385 ) ) ;
#4997 = CARTESIAN_POINT ( 'NONE',  ( 0.4397376543209871036, -36.37446305229489241, 2.161107829181092566 ) ) ;
#4998 = VERTEX_POINT ( 'NONE', #9550 ) ;
#4999 = CARTESIAN_POINT ( 'NONE',  ( 0.4397376543283821881, -12.63089969389957545, -10.00000000000000178 ) ) ;
#5000 = CC_DESIGN_PERSON_AND_ORGANIZATION_ASSIGNMENT ( #7063, #5686, ( #8404 ) ) ;
#5001 = DIRECTION ( 'NONE',  ( -1.000000000000000000, -1.734723475976807094E-16, 0.000000000000000000 ) ) ;
#5002 = CARTESIAN_POINT ( 'NONE',  ( 0.05903631049302416473, -2.994808295440886781, -9.668278571039085278 ) ) ;
#5003 = FACE_OUTER_BOUND ( 'NONE', #674, .T. ) ;
#5004 = CARTESIAN_POINT ( 'NONE',  ( 0.003146909516429820600, -26.47571596959436846, 2.570714005488081710 ) ) ;
#5005 = EDGE_LOOP ( 'NONE', ( #9023, #9162, #3046, #2832 ) ) ;
#5006 = ORIENTED_EDGE ( 'NONE', *, *, #2591, .T. ) ;
#5007 = ORIENTED_EDGE ( 'NONE', *, *, #3576, .T. ) ;
#5008 = DIRECTION ( 'NONE',  ( 0.000000000000000000, 1.000000000000000000, -0.000000000000000000 ) ) ;
#5009 = CARTESIAN_POINT ( 'NONE',  ( 0.1117293984880086549, -12.54943724053889831, -9.999766988402845058 ) ) ;
#5010 = CARTESIAN_POINT ( 'NONE',  ( -25.20987741610996480, -1.999999999999999556, -37.35451617932332624 ) ) ;
#5011 = VERTEX_POINT ( 'NONE', #2830 ) ;
#5012 = CARTESIAN_POINT ( 'NONE',  ( 0.2221364571767346363, -26.42339968715339182, 2.113688656060487059 ) ) ;
#5013 = FACE_OUTER_BOUND ( 'NONE', #6753, .T. ) ;
#5014 = CARTESIAN_POINT ( 'NONE',  ( 0.07359969900738719262, -12.98231941068151407, -7.290104449817657262 ) ) ;
#5015 = ADVANCED_FACE ( 'NONE', ( #4338 ), #8816, .T. ) ;
#5016 = DIRECTION ( 'NONE',  ( -0.000000000000000000, 1.000000000000000000, -0.000000000000000000 ) ) ;
#5017 = CIRCLE ( 'NONE', #6108, 0.5000000000000004441 ) ;
#5018 = LINE ( 'NONE', #652, #8963 ) ;
#5019 = CARTESIAN_POINT ( 'NONE',  ( 0.05779628573636281380, -36.40918327250788167, -2.051169360335203695 ) ) ;
#5020 = ORIENTED_EDGE ( 'NONE', *, *, #2990, .F. ) ;
#5021 = CARTESIAN_POINT ( 'NONE',  ( -9.399999999999998579, -2.749999999999999556, -2.973353886326579598 ) ) ;
#5022 = AXIS2_PLACEMENT_3D ( 'NONE', #5116, #6530, #9543 ) ;
#5023 = PLANE ( 'NONE',  #2345 ) ;
#5024 = EDGE_CURVE ( 'NONE', #4082, #5971, #5853, .T. ) ;
#5025 = CARTESIAN_POINT ( 'NONE',  ( -2.673963192865815852, 1.721501324867887124E-15, -38.23370081913637364 ) ) ;
#5026 = CARTESIAN_POINT ( 'NONE',  ( -3.528369395354107318, -2.000000000000000444, 42.87691935625738182 ) ) ;
#5027 = ORIENTED_EDGE ( 'NONE', *, *, #773, .F. ) ;
#5028 = AXIS2_PLACEMENT_3D ( 'NONE', #8494, #1761, #6315 ) ;
#5029 = VERTEX_POINT ( 'NONE', #2929 ) ;
#5030 = DIRECTION ( 'NONE',  ( 0.000000000000000000, 0.000000000000000000, 1.000000000000000000 ) ) ;
#5031 = DIRECTION ( 'NONE',  ( -0.000000000000000000, 1.734723475976757554E-14, 1.000000000000000000 ) ) ;
#5032 = CARTESIAN_POINT ( 'NONE',  ( 0.03864744970013615083, -2.978967490600263002, -7.373804943601579787 ) ) ;
#5033 = CARTESIAN_POINT ( 'NONE',  ( 0.1008775838167298711, -36.39989660410804362, 2.025630175358493101 ) ) ;
#5034 = DIRECTION ( 'NONE',  ( 1.734723475976807834E-16, -1.000000000000000000, -0.000000000000000000 ) ) ;
#5035 = FACE_OUTER_BOUND ( 'NONE', #9394, .T. ) ;
#5036 = AXIS2_PLACEMENT_3D ( 'NONE', #7690, #9266, #5480 ) ;
#5037 = EDGE_CURVE ( 'NONE', #6619, #6680, #2288, .T. ) ;
#5038 = CARTESIAN_POINT ( 'NONE',  ( -12.69999999999999929, -26.92333333333333556, -45.00000000000000711 ) ) ;
#5039 = CARTESIAN_POINT ( 'NONE',  ( 5.578291104458479220E-09, -39.40000000000000568, -33.04644055049522677 ) ) ;
#5040 = CARTESIAN_POINT ( 'NONE',  ( 0.08296619315141220974, -12.69606263588964268, -7.019709753474500324 ) ) ;
#5041 = CIRCLE ( 'NONE', #817, 3.350000000000000089 ) ;
#5042 = CARTESIAN_POINT ( 'NONE',  ( -26.57000434227608565, -39.40000000000002700, -37.45763005825196501 ) ) ;
#5043 = DIRECTION ( 'NONE',  ( 0.7071067811865487940, 0.000000000000000000, -0.7071067811865463515 ) ) ;
#5044 = CARTESIAN_POINT ( 'NONE',  ( -20.17424477416554041, -39.39999999999999147, 35.61004066508378685 ) ) ;
#5045 = ADVANCED_FACE ( 'NONE', ( #28 ), #708, .F. ) ;
#5046 = CARTESIAN_POINT ( 'NONE',  ( 0.1749158834523417971, -36.22587874214231363, 2.363120636287769472 ) ) ;
#5047 = ORIENTED_EDGE ( 'NONE', *, *, #1108, .F. ) ;
#5048 = B_SPLINE_CURVE_WITH_KNOTS ( 'NONE', 3,
 ( #2444, #953, #8475, #3815 ),
 .UNSPECIFIED., .F., .F.,
 ( 4, 4 ),
 ( 0.000000000000000000, 1.000000000000000000 ),
 .UNSPECIFIED. ) ;
#5049 = DIRECTION ( 'NONE',  ( -1.000000000000000000, -1.734723475976807834E-16, -2.059018962583746773E-16 ) ) ;
#5050 = DIRECTION ( 'NONE',  ( -1.000000000000000000, -1.734723475976807834E-16, -0.000000000000000000 ) ) ;
#5051 = CARTESIAN_POINT ( 'NONE',  ( 0.1774511383342619597, -3.118691453620519027, -9.806166101043087835 ) ) ;
#5052 = CARTESIAN_POINT ( 'NONE',  ( -16.19999999999999929, -36.54999999999999005, 6.526646113673449712 ) ) ;
#5053 = CARTESIAN_POINT ( 'NONE',  ( -14.46029349246793494, 1.725298606451371247E-15, -28.85071956471695387 ) ) ;
#5054 = VERTEX_POINT ( 'NONE', #4436 ) ;
#5055 = ADVANCED_FACE ( 'NONE', ( #3710 ), #5364, .F. ) ;
#5056 = VERTEX_POINT ( 'NONE', #6968 ) ;
#5057 = VERTEX_POINT ( 'NONE', #2981 ) ;
#5058 = CYLINDRICAL_SURFACE ( 'NONE', #3555, 0.09999999999999939493 ) ;
#5059 = CARTESIAN_POINT ( 'NONE',  ( 0.3550498684145101946, -12.93689319417712724, -9.751809490185449292 ) ) ;
#5060 = PLANE ( 'NONE',  #750 ) ;
#5061 = ORIENTED_EDGE ( 'NONE', *, *, #4483, .F. ) ;
#5062 = CARTESIAN_POINT ( 'NONE',  ( 0.3735402192011529898, -26.56958662470963617, 2.376693405896181499 ) ) ;
#5063 = CARTESIAN_POINT ( 'NONE',  ( 0.03864744970013527653, -3.373804943601575346, -6.978967490600266110 ) ) ;
#5064 = DIRECTION ( 'NONE',  ( -0.000000000000000000, 0.8660254037844289376, 0.5000000000000172085 ) ) ;
#5065 = CARTESIAN_POINT ( 'NONE',  ( -16.30000000000000071, -39.40000000000000568, -37.49999999999999289 ) ) ;
#5066 = CARTESIAN_POINT ( 'NONE',  ( -3.389189912545090166, -39.39999999999999147, 39.76362914600954923 ) ) ;
#5067 = CYLINDRICAL_SURFACE ( 'NONE', #6751, 0.09999999999999982514 ) ;
#5068 = ORIENTED_EDGE ( 'NONE', *, *, #6982, .T. ) ;
#5069 = ADVANCED_FACE ( 'NONE', ( #2237 ), #7763, .F. ) ;
#5070 = CARTESIAN_POINT ( 'NONE',  ( -14.30000000000000604, -1.751244922780715892E-15, -24.79999999999999716 ) ) ;
#5071 = ORIENTED_EDGE ( 'NONE', *, *, #6423, .F. ) ;
#5072 = CARTESIAN_POINT ( 'NONE',  ( -3.402406068244797410, 1.747598814760261083E-15, -39.78499114578795570 ) ) ;
#5073 = LINE ( 'NONE', #8073, #6089 ) ;
#5074 = LINE ( 'NONE', #9599, #2224 ) ;
#5075 = CARTESIAN_POINT ( 'NONE',  ( -5.378996309463943248, -8.470185115727397376E-16, 41.69607417009351735 ) ) ;
#5076 = ORIENTED_EDGE ( 'NONE', *, *, #1841, .T. ) ;
#5077 = ORIENTED_EDGE ( 'NONE', *, *, #5092, .F. ) ;
#5078 = CARTESIAN_POINT ( 'NONE',  ( 0.09999999999999999167, -13.00000000000000000, -9.500000000000000000 ) ) ;
#5079 = DIRECTION ( 'NONE',  ( 1.000000000000000000, 0.000000000000000000, 0.000000000000000000 ) ) ;
#5080 = EDGE_CURVE ( 'NONE', #3612, #9675, #3638, .T. ) ;
#5081 = LINE ( 'NONE', #7340, #7273 ) ;
#5082 = CARTESIAN_POINT ( 'NONE',  ( 0.4397376543092829104, -36.29983342119909651, -2.307273359987457084 ) ) ;
#5083 = B_SPLINE_CURVE_WITH_KNOTS ( 'NONE', 3,
 ( #2312, #3097, #5200, #4460, #5304, #2262, #5881, #3641, #2364, #1571, #8896, #2955, #4562 ),
 .UNSPECIFIED., .F., .F.,
 ( 4, 2, 2, 1, 2, 2, 4 ),
 ( 0.000000000000000000, 0.2500000000000328071, 0.5000000000000656142, 0.6250000000000820455, 0.6875000000000908162, 0.7500000000000995870, 1.000000000000000000 ),
 .UNSPECIFIED. ) ;
#5084 = CARTESIAN_POINT ( 'NONE',  ( -8.427769491037762961, -41.37000000000000455, -45.00000000000000711 ) ) ;
#5085 = AXIS2_PLACEMENT_3D ( 'NONE', #7036, #9403, #9311 ) ;
#5086 = CARTESIAN_POINT ( 'NONE',  ( -2.072345562607512903, -37.40000000000000568, -41.40373832117952446 ) ) ;
#5087 = EDGE_LOOP ( 'NONE', ( #1344, #6021, #6328, #1286 ) ) ;
#5088 = CARTESIAN_POINT ( 'NONE',  ( 0.4397376543209871591, -12.83041337529036596, -7.123306594103818057 ) ) ;
#5089 = CARTESIAN_POINT ( 'NONE',  ( -17.21048738191826288, -37.40000000000001279, -33.78025612106914366 ) ) ;
#5090 = CIRCLE ( 'NONE', #4459, 0.09999999999999982514 ) ;
#5091 = DIRECTION ( 'NONE',  ( -1.000000000000000000, 0.000000000000000000, 0.000000000000000000 ) ) ;
#5092 = EDGE_CURVE ( 'NONE', #2179, #1670, #3810, .T. ) ;
#5093 = CARTESIAN_POINT ( 'NONE',  ( -18.08826055585462456, -39.39999999999999147, 33.47288705662562336 ) ) ;
#5094 = CARTESIAN_POINT ( 'NONE',  ( 0.1381343460845360360, -36.28167002186664547, 2.313002906207167975 ) ) ;
#5095 = ORIENTED_EDGE ( 'NONE', *, *, #6338, .T. ) ;
#5096 = DIRECTION ( 'NONE',  ( -1.000000000000000000, 0.000000000000000000, 9.251858538542972814E-17 ) ) ;
#5097 = DIRECTION ( 'NONE',  ( -1.000000000000000000, 0.000000000000000000, 0.000000000000000000 ) ) ;
#5098 = AXIS2_PLACEMENT_3D ( 'NONE', #1725, #4760, #3935 ) ;
#5099 = CARTESIAN_POINT ( 'NONE',  ( 0.4397376543209853272, -3.066110106047752470, -9.750558514135226673 ) ) ;
#5100 = CARTESIAN_POINT ( 'NONE',  ( -2.370431544265520607, -4.423747317911208280E-16, 37.14814752967564715 ) ) ;
#5101 = CARTESIAN_POINT ( 'NONE',  ( -19.26109671063042583, 1.761328377866043552E-15, -37.40486065524591197 ) ) ;
#5103 = ORIENTED_EDGE ( 'NONE', *, *, #4359, .F. ) ;
#5102 = EDGE_CURVE ( 'NONE', #60, #8103, #3248, .T. ) ;
#5104 = EDGE_LOOP ( 'NONE', ( #5550, #8452, #6519, #9611 ) ) ;
#5105 = ORIENTED_EDGE ( 'NONE', *, *, #3736, .F. ) ;
#5106 = DIRECTION ( 'NONE',  ( -9.251858538542972814E-17, -2.861551616642208852E-16, -1.000000000000000000 ) ) ;
#5107 = CARTESIAN_POINT ( 'NONE',  ( 0.2528248678202476563, -12.74311353865591379, -9.919323820008694170 ) ) ;
#5108 = CARTESIAN_POINT ( 'NONE',  ( -29.00000000000000355, -2.000000000000007105, -37.50000000000000000 ) ) ;
#5109 = ORIENTED_EDGE ( 'NONE', *, *, #2729, .T. ) ;
#5110 = CARTESIAN_POINT ( 'NONE',  ( 0.1273818268715320445, -26.40704330124690813, 2.064405312623878608 ) ) ;
#5111 = SPHERICAL_SURFACE ( 'NONE', #1107, 0.1000000000000000056 ) ;
#5112 = CARTESIAN_POINT ( 'NONE',  ( -9.399999999999998579, -7.999999999999992895, 5.946707772653151203 ) ) ;
#5113 = DIRECTION ( 'NONE',  ( -1.000000000000000000, 0.000000000000000000, 9.251858538542972814E-17 ) ) ;
#5114 = CIRCLE ( 'NONE', #7308, 2.000000000000001776 ) ;
#5115 = CARTESIAN_POINT ( 'NONE',  ( -16.29999999999999716, -36.64999999999999858, -12.64655896708347527 ) ) ;
#5116 = CARTESIAN_POINT ( 'NONE',  ( -9.399999999999998579, -4.574999999999994849, 7.924132444627616678 ) ) ;
#5117 = ORIENTED_EDGE ( 'NONE', *, *, #7982, .F. ) ;
#5118 = DIRECTION ( 'NONE',  ( -1.000000000000000000, 0.000000000000000000, 0.000000000000000000 ) ) ;
#5119 = ORIENTED_EDGE ( 'NONE', *, *, #7621, .T. ) ;
#5120 = CARTESIAN_POINT ( 'NONE',  ( -4.490704638505127910, -2.634872146776517289E-15, -41.07990264368391564 ) ) ;
#5121 = AXIS2_PLACEMENT_3D ( 'NONE', #8391, #1664, #4654 ) ;
#5122 = CARTESIAN_POINT ( 'NONE',  ( 0.05425713968617702776, -12.56247028418764700, -6.989066246855395015 ) ) ;
#5123 = EDGE_CURVE ( 'NONE', #231, #165, #1028, .T. ) ;
#5124 = DIRECTION ( 'NONE',  ( -1.000000000000000000, 0.000000000000000000, 9.251858538542972814E-17 ) ) ;
#5125 = CARTESIAN_POINT ( 'NONE',  ( -1.301022788163958888, -2.000000000000000444, 40.13802362969460091 ) ) ;
#5126 = ORIENTED_EDGE ( 'NONE', *, *, #6256, .T. ) ;
#5127 = EDGE_LOOP ( 'NONE', ( #1133, #2974, #4034, #5095 ) ) ;
#5128 = CARTESIAN_POINT ( 'NONE',  ( 0.1016644731461488343, -3.066011906046115953, -7.205650677264317849 ) ) ;
#5129 = CARTESIAN_POINT ( 'NONE',  ( -16.29999999999999716, -37.40000000000000568, 29.07223050896224237 ) ) ;
#5130 = CARTESIAN_POINT ( 'NONE',  ( 0.1063392127982315527, -36.40000000000000568, 2.024655470367210164 ) ) ;
#5131 = CARTESIAN_POINT ( 'NONE',  ( 0.08846250423427348686, -36.36519204338942046, -2.220585613015032767 ) ) ;
#5132 = CIRCLE ( 'NONE', #4194, 0.1000000000000002554 ) ;
#5133 = B_SPLINE_SURFACE_WITH_KNOTS ( 'NONE', 5, 3, ( 
 ( #671, #7990, #5038, #5135 ),
 ( #6457, #522, #5182, #8135 ),
 ( #3570, #8084, #5771, #5084 ),
 ( #8183, #5864, #4299, #8733 ),
 ( #7397, #6551, #9509, #2144 ),
 ( #6650, #5724, #476, #7245 ),
 ( #1350, #7292, #8834, #3673 ),
 ( #9560, #9463, #2789, #618 ) ),
 .UNSPECIFIED., .F., .F., .F.,
 ( 6, 2, 6 ),
 ( 4, 4 ),
 ( 0.000000000000000000, 0.5000000000000000000, 1.000000000000000000 ),
 ( -0.001969999999999999963, 0.04136999999999999705 ),
 .UNSPECIFIED. ) ;
#5134 = EDGE_CURVE ( 'NONE', #2923, #1396, #5192, .T. ) ;
#5135 = CARTESIAN_POINT ( 'NONE',  ( -12.69999999999999929, -41.37000000000000455, -45.00000000000000711 ) ) ;
#5136 = DIRECTION ( 'NONE',  ( 1.761140584748027917E-16, -1.000000000000000000, 0.000000000000000000 ) ) ;
#5137 = EDGE_LOOP ( 'NONE', ( #961, #385, #466, #3104 ) ) ;
#5138 = CARTESIAN_POINT ( 'NONE',  ( 0.3453002292314237276, -12.97446305229489560, -7.338892170818906990 ) ) ;
#5139 = CIRCLE ( 'NONE', #3573, 0.1000000000000005468 ) ;
#5140 = CARTESIAN_POINT ( 'NONE',  ( -15.30723796074179255, -39.14757277670850755, 24.80000000000001492 ) ) ;
#5141 = CARTESIAN_POINT ( 'NONE',  ( -0.2499999999999932832, -31.39999999999999858, 9.500000000000001776 ) ) ;
#5142 = CIRCLE ( 'NONE', #9539, 0.09999999999999939493 ) ;
#5143 = CARTESIAN_POINT ( 'NONE',  ( -19.68077339126205061, -39.39999999999999147, 35.25440474268233260 ) ) ;
#5144 = CARTESIAN_POINT ( 'NONE',  ( 0.1619951771870510315, -36.31834639667079045, 2.268945229796188734 ) ) ;
#5145 = ORIENTED_EDGE ( 'NONE', *, *, #7643, .F. ) ;
#5146 = CARTESIAN_POINT ( 'NONE',  ( -16.19999999999999929, -7.999999999999996447, 5.946707772653153867 ) ) ;
#5147 = CIRCLE ( 'NONE', #6546, 0.1000000000000001721 ) ;
#5148 = LINE ( 'NONE', #8744, #795 ) ;
#5149 = ADVANCED_FACE ( 'NONE', ( #8918 ), #4265, .T. ) ;
#5150 = CARTESIAN_POINT ( 'NONE',  ( 0.1003027371078710900, -3.101799066234268931, -9.828383778638885460 ) ) ;
#5151 = CARTESIAN_POINT ( 'NONE',  ( -5.900486304358126155, -8.463973820728615851E-16, 41.97004531989996678 ) ) ;
#5152 = DIRECTION ( 'NONE',  ( 1.000000000000000000, 1.734723475976807834E-16, 0.000000000000000000 ) ) ;
#5153 = ORIENTED_EDGE ( 'NONE', *, *, #5505, .F. ) ;
#5154 = ORIENTED_EDGE ( 'NONE', *, *, #4784, .F. ) ;
#5155 = ORIENTED_EDGE ( 'NONE', *, *, #7356, .F. ) ;
#5156 = DIRECTION ( 'NONE',  ( -1.000000000000000000, 0.000000000000000000, 0.000000000000000000 ) ) ;
#5157 = CARTESIAN_POINT ( 'NONE',  ( 0.2613586182622161802, -12.82033493335029917, -9.863717162383146331 ) ) ;
#5158 = CARTESIAN_POINT ( 'NONE',  ( -20.17424477416685491, 1.734723475976807094E-15, -35.61004066508377264 ) ) ;
#5159 = ORIENTED_EDGE ( 'NONE', *, *, #3335, .F. ) ;
#5160 = CARTESIAN_POINT ( 'NONE',  ( 0.1486371429966264479, -26.43812546397797902, 2.176559581526071430 ) ) ;
#5161 = DIRECTION ( 'NONE',  ( 4.625929269271487023E-17, -0.8660254037844387076, 0.5000000000000001110 ) ) ;
#5162 = DIRECTION ( 'NONE',  ( -1.000000000000000000, 0.000000000000000000, 0.000000000000000000 ) ) ;
#5163 = EDGE_CURVE ( 'NONE', #905, #5296, #1911, .T. ) ;
#5164 = CARTESIAN_POINT ( 'NONE',  ( -16.19999999999999929, -31.39999999999998437, 3.553292227346870558 ) ) ;
#5165 = FACE_OUTER_BOUND ( 'NONE', #4723, .T. ) ;
#5166 = DIRECTION ( 'NONE',  ( 1.000000000000000000, -3.558195749863461592E-33, -9.251858538542975279E-17 ) ) ;
#5167 = ORIENTED_EDGE ( 'NONE', *, *, #2097, .F. ) ;
#5168 = DIRECTION ( 'NONE',  ( 0.000000000000000000, 0.000000000000000000, 1.000000000000000000 ) ) ;
#5169 = EDGE_LOOP ( 'NONE', ( #8056, #1778, #9567, #6975 ) ) ;
#5170 = CARTESIAN_POINT ( 'NONE',  ( 4.535861432546776344E-16, -37.66179938779913527, 32.30000000000001137 ) ) ;
#5171 = CARTESIAN_POINT ( 'NONE',  ( 0.04882546913012127121, -12.58270095153802437, -6.985922888336932424 ) ) ;
#5172 = CIRCLE ( 'NONE', #7999, 0.1000000000000028644 ) ;
#5173 = CARTESIAN_POINT ( 'NONE',  ( -16.30000000000000426, 1.969999999999999973, -29.07223050896223882 ) ) ;
#5174 = LINE ( 'NONE', #3030, #4667 ) ;
#5175 = CARTESIAN_POINT ( 'NONE',  ( 0.1371207144822465251, -3.348549702502966241, -7.024424032352462710 ) ) ;
#5176 = VERTEX_POINT ( 'NONE', #2661 ) ;
#5177 = CARTESIAN_POINT ( 'NONE',  ( 7.500000000000000000, -26.89999999999999858, 2.000000000000000000 ) ) ;
#5178 = CARTESIAN_POINT ( 'NONE',  ( 0.1046862460739424183, -2.999999999999998668, -7.500000000000003553 ) ) ;
#5179 = CARTESIAN_POINT ( 'NONE',  ( -0.08428178000973084172, -2.000000000000000444, 35.44642790130759380 ) ) ;
#5180 = CARTESIAN_POINT ( 'NONE',  ( 0.4397376543092829104, -36.12157560318399874, -2.449416480216386471 ) ) ;
#5181 = ADVANCED_FACE ( 'NONE', ( #4124 ), #7065, .F. ) ;
#5182 = CARTESIAN_POINT ( 'NONE',  ( -10.56388474551888024, -26.92333333333333556, -45.00000000000000711 ) ) ;
#5183 = VECTOR ( 'NONE', #7527, 1000.000000000000000 ) ;
#5184 = CIRCLE ( 'NONE', #5805, 3.599999999999991651 ) ;
#5185 = CARTESIAN_POINT ( 'NONE',  ( -5.017937694141816785, -37.40000000000000568, -43.76563642657720266 ) ) ;
#5186 = ORIENTED_EDGE ( 'NONE', *, *, #3259, .F. ) ;
#5187 = CARTESIAN_POINT ( 'NONE',  ( 0.3691266521823550750, -12.83041337529036596, -7.123306594103818057 ) ) ;
#5188 = CARTESIAN_POINT ( 'NONE',  ( -20.01974387893085350, -37.40000000000001279, -36.58951261808173427 ) ) ;
#5189 = CARTESIAN_POINT ( 'NONE',  ( -2.001031979972216046, -39.39999999999999147, -33.80528586228385279 ) ) ;
#5190 = AXIS2_PLACEMENT_3D ( 'NONE', #9189, #842, #158 ) ;
#5191 = EDGE_CURVE ( 'NONE', #2862, #8309, #4412, .T. ) ;
#5192 = CIRCLE ( 'NONE', #7395, 3.750000000000003553 ) ;
#5193 = CARTESIAN_POINT ( 'NONE',  ( -17.77188606460538267, -39.39999999999999147, 32.94373323984990520 ) ) ;
#5194 = CARTESIAN_POINT ( 'NONE',  ( 0.1612625107839553706, -36.31834246248570963, 2.269165458256646950 ) ) ;
#5195 = ORIENTED_EDGE ( 'NONE', *, *, #5863, .T. ) ;
#5196 = DIRECTION ( 'NONE',  ( 0.000000000000000000, -1.000000000000000000, 0.000000000000000000 ) ) ;
#5197 = CARTESIAN_POINT ( 'NONE',  ( -16.29999999999999716, -36.64999999999999858, -12.47335388632658493 ) ) ;
#5198 = CARTESIAN_POINT ( 'NONE',  ( 0.1205805181784826846, -3.134589127855019086, -9.833533496962603593 ) ) ;
#5199 = PLANE ( 'NONE',  #3620 ) ;
#5200 = CARTESIAN_POINT ( 'NONE',  ( 0.08444913279879422141, -35.90516339106959975, -2.501046874497975026 ) ) ;
#5201 = ORIENTED_EDGE ( 'NONE', *, *, #9180, .T. ) ;
#5202 = ORIENTED_EDGE ( 'NONE', *, *, #7602, .T. ) ;
#5203 = EDGE_LOOP ( 'NONE', ( #2316, #6959, #7008, #4417, #8479, #5117 ) ) ;
#5204 = CARTESIAN_POINT ( 'NONE',  ( -9.299999999999998934, -31.39999999999998437, 3.553292227346870558 ) ) ;
#5205 = CARTESIAN_POINT ( 'NONE',  ( 0.1750487884944166850, -12.88150991353831287, -9.807561643539381535 ) ) ;
#5206 = DIRECTION ( 'NONE',  ( 0.000000000000000000, 0.000000000000000000, 1.000000000000000000 ) ) ;
#5207 = ORIENTED_EDGE ( 'NONE', *, *, #7812, .F. ) ;
#5208 = ADVANCED_FACE ( 'NONE', ( #2709 ), #4263, .F. ) ;
#5209 = CARTESIAN_POINT ( 'NONE',  ( 0.1744252915222581912, -26.51850278909393310, 2.307642068013558756 ) ) ;
#5210 = CARTESIAN_POINT ( 'NONE',  ( -16.19999999999999929, -7.999999999999996447, 6.146707772653154045 ) ) ;
#5211 = CARTESIAN_POINT ( 'NONE',  ( -14.29999999999999538, -2.000000000000001776, 45.00000000000000000 ) ) ;
#5212 = CARTESIAN_POINT ( 'NONE',  ( 0.06068387364503884801, -2.991974684022681075, -9.544154031081632183 ) ) ;
#5213 = DIRECTION ( 'NONE',  ( 0.000000000000000000, 0.5000000000000115463, 0.8660254037844319353 ) ) ;
#5214 = FACE_OUTER_BOUND ( 'NONE', #865, .T. ) ;
#5215 = ORIENTED_EDGE ( 'NONE', *, *, #8011, .T. ) ;
#5216 = CARTESIAN_POINT ( 'NONE',  ( -14.30000000000000071, -39.39999999999999858, -24.13000000000000256 ) ) ;
#5217 = CARTESIAN_POINT ( 'NONE',  ( 0.4397376543092829104, -35.89999999999999858, -2.500000000000000000 ) ) ;
#5218 = ORIENTED_EDGE ( 'NONE', *, *, #5990, .T. ) ;
#5219 = ADVANCED_FACE ( 'NONE', ( #392 ), #8020, .F. ) ;
#5220 = CARTESIAN_POINT ( 'NONE',  ( -2.462281447329460082, 1.748066609853294199E-15, -37.53019199587364341 ) ) ;
#5221 = CARTESIAN_POINT ( 'NONE',  ( -9.400000000000000355, -36.54999999999999005, -12.47335388632658493 ) ) ;
#5222 = CARTESIAN_POINT ( 'NONE',  ( -22.00818331449392673, -39.40000000000002700, 38.69202754149114298 ) ) ;
#5223 = CIRCLE ( 'NONE', #3500, 0.09999999999999939493 ) ;
#5224 = DIRECTION ( 'NONE',  ( 0.000000000000000000, 0.000000000000000000, -1.000000000000000000 ) ) ;
#5225 = CYLINDRICAL_SURFACE ( 'NONE', #9371, 0.1000000000000001721 ) ;
#5226 = CARTESIAN_POINT ( 'NONE',  ( 0.000000000000000000, -36.41534932160028859, 2.585891553600581538 ) ) ;
#5227 = VERTEX_POINT ( 'NONE', #5636 ) ;
#5228 = LINE ( 'NONE', #1498, #6899 ) ;
#5229 = CARTESIAN_POINT ( 'NONE',  ( 0.09935175248314850882, -2.999999999999998668, -7.500000000000003553 ) ) ;
#5230 = CARTESIAN_POINT ( 'NONE',  ( -0.1667430540491710300, -2.000000000000000444, 36.27512930450670581 ) ) ;
#5231 = CARTESIAN_POINT ( 'NONE',  ( 0.1750571039701852571, -36.22592606972525431, -2.363115000483182460 ) ) ;
#5232 = CARTESIAN_POINT ( 'NONE',  ( -9.399999999999998579, -2.800000000000004707, -3.059956426705024324 ) ) ;
#5234 = EDGE_CURVE ( 'NONE', #6819, #7964, #8604, .T. ) ;
#5233 = CARTESIAN_POINT ( 'NONE',  ( -7.840024572267317637, -39.40000000000000568, -42.62702651590604574 ) ) ;
#5235 = ORIENTED_EDGE ( 'NONE', *, *, #5745, .F. ) ;
#5236 = CARTESIAN_POINT ( 'NONE',  ( 0.1695599920059598087, -12.80712798222977966, -7.118688548627242874 ) ) ;
#5237 = CARTESIAN_POINT ( 'NONE',  ( -24.72776949103776545, -37.40000000000001279, -37.50000000000000000 ) ) ;
#5238 = CARTESIAN_POINT ( 'NONE',  ( -37.99999999999999289, -39.40000000000000568, -41.24999999999999289 ) ) ;
#5239 = AXIS2_PLACEMENT_3D ( 'NONE', #6224, #5449, #8451 ) ;
#5240 = CARTESIAN_POINT ( 'NONE',  ( -16.32188489853141888, -39.39999999999826485, 26.76048580607672989 ) ) ;
#5241 = CARTESIAN_POINT ( 'NONE',  ( 0.3415240458044008776, -36.38397811073099319, 2.129637811980200190 ) ) ;
#5242 = ORIENTED_EDGE ( 'NONE', *, *, #9278, .T. ) ;
#5243 = CARTESIAN_POINT ( 'NONE',  ( -6.166671595926005445, -39.39999999999998437, 44.23602326183414135 ) ) ;
#5244 = TOROIDAL_SURFACE ( 'NONE', #2902, 0.2000000000000000111, 0.1000000000000000056 ) ;
#5245 = CARTESIAN_POINT ( 'NONE',  ( -36.24999999999999289, -37.40000000000000568, 43.00000000000000000 ) ) ;
#5246 = EDGE_CURVE ( 'NONE', #3054, #2765, #3488, .T. ) ;
#5247 = CARTESIAN_POINT ( 'NONE',  ( 0.3388477039758298059, -3.000000000000000888, -9.565461647378979748 ) ) ;
#5248 = EDGE_CURVE ( 'NONE', #8219, #1085, #1279, .T. ) ;
#5249 = CARTESIAN_POINT ( 'NONE',  ( -2.001031979972217378, -4.288261427272765588E-16, 33.80528586228383148 ) ) ;
#5250 = CIRCLE ( 'NONE', #7762, 0.09999999999999939493 ) ;
#5251 = CYLINDRICAL_SURFACE ( 'NONE', #650, 3.349999999999999645 ) ;
#5252 = CARTESIAN_POINT ( 'NONE',  ( 0.06579937986693144836, -26.80796638197897508, -2.502593676816813328 ) ) ;
#5253 = EDGE_LOOP ( 'NONE', ( #3269, #6441, #4812, #6888 ) ) ;
#5254 = ORIENTED_EDGE ( 'NONE', *, *, #7982, .T. ) ;
#5255 = ORIENTED_EDGE ( 'NONE', *, *, #418, .F. ) ;
#5256 = CARTESIAN_POINT ( 'NONE',  ( -18.80239955615939706, 1.095534322745048373E-13, 34.42189294412602152 ) ) ;
#5257 = CARTESIAN_POINT ( 'NONE',  ( 0.1848601631733169104, -12.88180832046725754, -9.806373695941342561 ) ) ;
#5258 = CARTESIAN_POINT ( 'NONE',  ( -18.81783034895684636, -1.999999999999999556, -34.43907972701298092 ) ) ;
#5259 = VERTEX_POINT ( 'NONE', #6370 ) ;
#5260 = CARTESIAN_POINT ( 'NONE',  ( 0.06626598899090950512, -26.39872734106202401, 2.007635953628502445 ) ) ;
#5261 = VECTOR ( 'NONE', #9538, 1000.000000000000114 ) ;
#5262 = DIRECTION ( 'NONE',  ( 0.000000000000000000, 0.000000000000000000, -1.000000000000000000 ) ) ;
#5263 = CARTESIAN_POINT ( 'NONE',  ( 0.09999999999999939493, -12.49999999999999822, -7.000000000000000000 ) ) ;
#5264 = EDGE_CURVE ( 'NONE', #4341, #2923, #965, .T. ) ;
#5265 = CARTESIAN_POINT ( 'NONE',  ( -9.399999999999998579, -31.39999999999998437, 15.44670777265314676 ) ) ;
#5266 = EDGE_CURVE ( 'NONE', #8157, #748, #6295, .T. ) ;
#5267 = B_SPLINE_CURVE_WITH_KNOTS ( 'NONE', 3,
 ( #1308, #7204, #574, #2103, #5728, #7350, #8739, #626, #2896, #5871, #8886, #2151, #8140, #7403, #677, #2201, #3776, #9710, #6856, #8242, #9036, #723, #7554, #5921, #8935, #5189, #2996, #4499 ),
 .UNSPECIFIED., .F., .F.,
 ( 4, 2, 2, 2, 2, 2, 2, 2, 2, 2, 2, 2, 2, 4 ),
 ( 0.000000000000000000, 0.002242387767528258597, 0.004484775535056517194, 0.005605969418820644541, 0.006727163302584771021, 0.007287760244466840766, 0.007848357186348908776, 0.008969551070113056940, 0.01009074495387720510, 0.01121193883764135674, 0.01233313272140550490, 0.01345432660516965480, 0.01569671437269793204, 0.01793910214022621102 ),
 .UNSPECIFIED. ) ;
#5268 = CARTESIAN_POINT ( 'NONE',  ( 0.09999999999999999167, -13.00000000000000000, -9.500000000000000000 ) ) ;
#5269 = CARTESIAN_POINT ( 'NONE',  ( 0.000000000000000000, -13.09999999999999964, -6.900000000000003020 ) ) ;
#5270 = ORIENTED_EDGE ( 'NONE', *, *, #8984, .F. ) ;
#5271 = CARTESIAN_POINT ( 'NONE',  ( 0.000000000000000000, 1.969999999999994866, 34.43611525448112332 ) ) ;
#5272 = DIRECTION ( 'NONE',  ( 0.000000000000000000, 0.000000000000000000, 1.000000000000000000 ) ) ;
#5273 = ORIENTED_EDGE ( 'NONE', *, *, #7319, .F. ) ;
#5274 = CARTESIAN_POINT ( 'NONE',  ( -0.2524272232914834824, -38.40723796074178154, 32.30000000000000426 ) ) ;
#5275 = CARTESIAN_POINT ( 'NONE',  ( 0.08499371964749453945, -12.50454903814580732, -6.999071318178008205 ) ) ;
#5276 = DIRECTION ( 'NONE',  ( -9.251858538542972814E-17, -5.723103233284416719E-16, -1.000000000000000000 ) ) ;
#5277 = DIRECTION ( 'NONE',  ( 1.000000000000000000, 1.156482317317870246E-16, 0.000000000000000000 ) ) ;
#5278 = CARTESIAN_POINT ( 'NONE',  ( -36.25000000000000000, -2.000000000000004441, -37.49999999999999289 ) ) ;
#5279 = ADVANCED_FACE ( 'NONE', ( #1922 ), #1289, .F. ) ;
#5280 = CARTESIAN_POINT ( 'NONE',  ( 0.3388477039671095592, -3.434538352621025581, -6.999999999999999112 ) ) ;
#5281 = ORIENTED_EDGE ( 'NONE', *, *, #3483, .T. ) ;
#5282 = CIRCLE ( 'NONE', #1836, 0.09999999999999993616 ) ;
#5283 = DIRECTION ( 'NONE',  ( 1.000000000000000000, 0.000000000000000000, 0.000000000000000000 ) ) ;
#5284 = CARTESIAN_POINT ( 'NONE',  ( 0.09667812241419015962, -2.999947167676063398, -7.499683006056380385 ) ) ;
#5285 = FACE_OUTER_BOUND ( 'NONE', #4129, .T. ) ;
#5286 = CARTESIAN_POINT ( 'NONE',  ( 0.1612748992567011042, -36.16394163450413402, -2.416181747786885659 ) ) ;
#5287 = B_SPLINE_CURVE_WITH_KNOTS ( 'NONE', 3,
 ( #5590, #9293, #2473, #5458 ),
 .UNSPECIFIED., .F., .F.,
 ( 4, 4 ),
 ( 0.05076142131980830585, 0.9492385786801531555 ),
 .UNSPECIFIED. ) ;
#5288 = LINE ( 'NONE', #134, #4103 ) ;
#5289 = EDGE_CURVE ( 'NONE', #2584, #5465, #5338, .T. ) ;
#5290 = DIRECTION ( 'NONE',  ( 1.000000000000000000, 0.000000000000000000, 0.000000000000000000 ) ) ;
#5291 = ORIENTED_EDGE ( 'NONE', *, *, #7018, .T. ) ;
#5292 = DIRECTION ( 'NONE',  ( 1.000000000000000000, 0.000000000000000000, 0.000000000000000000 ) ) ;
#5293 = DIRECTION ( 'NONE',  ( -4.625929269271491954E-17, 0.8660254037844383745, -0.5000000000000004441 ) ) ;
#5294 = AXIS2_PLACEMENT_3D ( 'NONE', #7926, #5705, #1045 ) ;
#5295 = CARTESIAN_POINT ( 'NONE',  ( 0.4397376543209853272, -26.39999999999999858, -2.065461647378974419 ) ) ;
#5296 = VERTEX_POINT ( 'NONE', #1060 ) ;
#5297 = DIRECTION ( 'NONE',  ( -1.000000000000000000, 0.000000000000000000, 0.000000000000000000 ) ) ;
#5298 = EDGE_CURVE ( 'NONE', #6376, #8836, #8538, .T. ) ;
#5299 = DIRECTION ( 'NONE',  ( -0.000000000000000000, -0.000000000000000000, -1.000000000000000000 ) ) ;
#5300 = CARTESIAN_POINT ( 'NONE',  ( 0.1610282814216426328, -3.230553012987279704, -9.918332839039459614 ) ) ;
#5301 = CIRCLE ( 'NONE', #6074, 1.750000000000001554 ) ;
#5302 = CARTESIAN_POINT ( 'NONE',  ( -3.285180242531185790, -4.083232923004904659E-16, 39.60592608570891571 ) ) ;
#5303 = VECTOR ( 'NONE', #4256, 1000.000000000000000 ) ;
#5304 = CARTESIAN_POINT ( 'NONE',  ( 0.06697224470676364783, -35.92889418222899423, -2.505503605619830321 ) ) ;
#5305 = CARTESIAN_POINT ( 'NONE',  ( 0.1160845892740641483, -26.83102349845766454, -2.492879832567018727 ) ) ;
#5306 = VERTEX_POINT ( 'NONE', #4845 ) ;
#5307 = ORIENTED_EDGE ( 'NONE', *, *, #3, .F. ) ;
#5308 = ORIENTED_EDGE ( 'NONE', *, *, #9589, .F. ) ;
#5309 = CARTESIAN_POINT ( 'NONE',  ( -17.30995283341156465, 4.771895825832255609E-16, 35.75763087024115805 ) ) ;
#5310 = CARTESIAN_POINT ( 'NONE',  ( 0.1453539120303661281, -12.97437598792751423, -9.639677614264751782 ) ) ;
#5311 = CARTESIAN_POINT ( 'NONE',  ( -16.30000000000000426, -1.999999999999999556, -24.79999999999999716 ) ) ;
#5312 = VERTEX_POINT ( 'NONE', #6313 ) ;
#5313 = AXIS2_PLACEMENT_3D ( 'NONE', #3759, #4988, #6002 ) ;
#5314 = FACE_OUTER_BOUND ( 'NONE', #3959, .T. ) ;
#5315 = CARTESIAN_POINT ( 'NONE',  ( 0.3264917695644647400, -26.89999999999999858, 2.500000000000000000 ) ) ;
#5316 = CARTESIAN_POINT ( 'NONE',  ( 0.4397376543209868260, -12.56546164737897797, -6.999999999999999112 ) ) ;
#5317 = CARTESIAN_POINT ( 'NONE',  ( -16.29999999999999716, -2.749999999999997780, 2.973353886326579598 ) ) ;
#5318 = CIRCLE ( 'NONE', #4837, 0.09999999999999939493 ) ;
#5319 = CARTESIAN_POINT ( 'NONE',  ( -9.299999999999998934, -13.19999999999999929, -3.059956426705004340 ) ) ;
#5320 = DIRECTION ( 'NONE',  ( 0.000000000000000000, 0.000000000000000000, -1.000000000000000000 ) ) ;
#5321 = EDGE_LOOP ( 'NONE', ( #2419, #5692, #2877 ) ) ;
#5322 = FACE_OUTER_BOUND ( 'NONE', #939, .T. ) ;
#5323 = CYLINDRICAL_SURFACE ( 'NONE', #6696, 0.09999999999999931166 ) ;
#5324 = ORIENTED_EDGE ( 'NONE', *, *, #2622, .F. ) ;
#5325 = EDGE_CURVE ( 'NONE', #404, #2588, #5725, .T. ) ;
#5326 = EDGE_CURVE ( 'NONE', #5029, #4627, #6765, .T. ) ;
#5327 = CARTESIAN_POINT ( 'NONE',  ( -9.300000000000000711, -31.39999999999999147, -15.44670777265314676 ) ) ;
#5328 = CARTESIAN_POINT ( 'NONE',  ( -14.30000000000000249, -2.602085213965210642E-15, -24.12999999999999901 ) ) ;
#5329 = DIRECTION ( 'NONE',  ( -0.000000000000000000, -0.000000000000000000, 1.000000000000000000 ) ) ;
#5330 = CARTESIAN_POINT ( 'NONE',  ( -0.9104873819182591754, -37.39999999999999147, -41.28025612106915787 ) ) ;
#5331 = CARTESIAN_POINT ( 'NONE',  ( 0.4397376543083739153, -3.434538352621025581, -6.999999999999999112 ) ) ;
#5332 = VERTEX_POINT ( 'NONE', #4113 ) ;
#5333 = CARTESIAN_POINT ( 'NONE',  ( 0.09999999999999999167, -26.39999999999999858, -2.000000000000000000 ) ) ;
#5334 = CARTESIAN_POINT ( 'NONE',  ( -27.98390500391530722, -39.40000000000001279, -39.49953381988503764 ) ) ;
#5335 = CARTESIAN_POINT ( 'NONE',  ( -0.08428178254276337544, -1.611272683943875923E-13, 35.44642790117596576 ) ) ;
#5336 = CARTESIAN_POINT ( 'NONE',  ( 0.3400346600591082624, -36.39674658458352496, -2.065449309234397735 ) ) ;
#5337 = ADVANCED_FACE ( 'NONE', ( #7098 ), #8637, .T. ) ;
#5338 = B_SPLINE_CURVE_WITH_KNOTS ( 'NONE', 3,
 ( #3280, #1859, #2648, #427, #3429, #1160, #2553, #4067, #1908, #7942, #4794, #9276, #3382, #5534 ),
 .UNSPECIFIED., .F., .F.,
 ( 4, 2, 2, 2, 2, 2, 4 ),
 ( 0.000000000000000000, 0.2500000000000000000, 0.3750000000000002220, 0.5000000000000004441, 0.7499999999999998890, 0.8750000000000000000, 1.000000000000000000 ),
 .UNSPECIFIED. ) ;
#5339 = DIRECTION ( 'NONE',  ( -1.000000000000000000, -0.000000000000000000, 0.000000000000000000 ) ) ;
#5340 = DIRECTION ( 'NONE',  ( -4.625929269271488872E-17, -0.8660254037844385966, -0.5000000000000003331 ) ) ;
#5341 = ORIENTED_EDGE ( 'NONE', *, *, #5584, .F. ) ;
#5342 = DIRECTION ( 'NONE',  ( -1.000000000000000000, 0.000000000000000000, 9.251858538542972814E-17 ) ) ;
#5343 = CARTESIAN_POINT ( 'NONE',  ( 0.05069417348192378769, -12.57574165321631732, -10.01299567457334483 ) ) ;
#5344 = CARTESIAN_POINT ( 'NONE',  ( -16.29999999999999716, -37.39999999999999147, 24.80000000000001137 ) ) ;
#5345 = ORIENTED_EDGE ( 'NONE', *, *, #5080, .T. ) ;
#5346 = ADVANCED_FACE ( 'NONE', ( #381 ), #6359, .T. ) ;
#5347 = CARTESIAN_POINT ( 'NONE',  ( -5.726775455594338204, -39.39999999999868407, 44.07965635523738968 ) ) ;
#5348 = VECTOR ( 'NONE', #2329, 1000.000000000000000 ) ;
#5349 = CARTESIAN_POINT ( 'NONE',  ( -9.299999999999998934, -7.999999999999989342, -5.946707772653140545 ) ) ;
#5350 = CARTESIAN_POINT ( 'NONE',  ( 0.3735402191820600959, -3.192726640012543804, -9.899833421199089045 ) ) ;
#5351 = CARTESIAN_POINT ( 'NONE',  ( 0.04294649156298927656, -26.79384538151802175, 2.517692436413662360 ) ) ;
#5352 = CARTESIAN_POINT ( 'NONE',  ( -16.00000000000000000, -19.70000000000000284, -2.500000000000000000 ) ) ;
#5353 = VECTOR ( 'NONE', #242, 1000.000000000000000 ) ;
#5354 = CARTESIAN_POINT ( 'NONE',  ( 0.4397376543209853272, -26.83455069076560662, -2.496746584583539263 ) ) ;
#5355 = VERTEX_POINT ( 'NONE', #9418 ) ;
#5356 = ORIENTED_EDGE ( 'NONE', *, *, #623, .F. ) ;
#5357 = CARTESIAN_POINT ( 'NONE',  ( -17.47522151223502007, -2.000000000000000000, 32.37131548352279964 ) ) ;
#5358 = CARTESIAN_POINT ( 'NONE',  ( 0.09667812241396092632, -13.00005283232394504, -9.500316993943656030 ) ) ;
#5359 = CARTESIAN_POINT ( 'NONE',  ( -16.01890299844741605, 1.720399963020741004E-15, -33.90766161878289608 ) ) ;
#5360 = ORIENTED_EDGE ( 'NONE', *, *, #1988, .T. ) ;
#5361 = PLANE ( 'NONE',  #1702 ) ;
#5362 = DIRECTION ( 'NONE',  ( -0.000000000000000000, 0.8660254037844309360, 0.5000000000000134337 ) ) ;
#5363 = FACE_OUTER_BOUND ( 'NONE', #6517, .T. ) ;
#5364 = CONICAL_SURFACE ( 'NONE', #7555, 3.350000000000000089, 0.7853981633974596033 ) ;
#5365 = VECTOR ( 'NONE', #3846, 1000.000000000000000 ) ;
#5366 = CARTESIAN_POINT ( 'NONE',  ( -9.399999999999998579, -2.799999999999998934, 3.059956426705020771 ) ) ;
#5367 = EDGE_CURVE ( 'NONE', #6819, #5259, #7561, .T. ) ;
#5368 = CARTESIAN_POINT ( 'NONE',  ( 6.505213034913027590E-16, -2.000000000000000888, 36.57223050896223526 ) ) ;
#5369 = CYLINDRICAL_SURFACE ( 'NONE', #3621, 0.4999999999999995559 ) ;
#5370 = ORIENTED_EDGE ( 'NONE', *, *, #3818, .T. ) ;
#5371 = DIRECTION ( 'NONE',  ( 4.625929269271488256E-17, 0.8660254037844384856, 0.5000000000000002220 ) ) ;
#5372 = DIRECTION ( 'NONE',  ( 0.000000000000000000, -0.5000000000000059952, 0.8660254037844352659 ) ) ;
#5373 = ORIENTED_EDGE ( 'NONE', *, *, #2545, .T. ) ;
#5374 = CARTESIAN_POINT ( 'NONE',  ( 0.05903631049302830724, -26.73172142896090264, 2.505191704559107890 ) ) ;
#5375 = CARTESIAN_POINT ( 'NONE',  ( -9.399999999999998579, -31.39999999999997726, 3.553292227346868781 ) ) ;
#5376 = CARTESIAN_POINT ( 'NONE',  ( 8.000000000000001776, -35.89999999999999858, -2.000000000000000000 ) ) ;
#5377 = ADVANCED_FACE ( 'NONE', ( #6458 ), #9465, .T. ) ;
#5378 = ADVANCED_FACE ( 'NONE', ( #8039 ), #1808, .T. ) ;
#5379 = CARTESIAN_POINT ( 'NONE',  ( -8.298711459617537345E-05, -36.45074810451681913, 2.550748104518828718 ) ) ;
#5380 = VERTEX_POINT ( 'NONE', #1609 ) ;
#5381 = FACE_OUTER_BOUND ( 'NONE', #7588, .T. ) ;
#5382 = CARTESIAN_POINT ( 'NONE',  ( -14.34404184662449389, -39.39999999999999147, -27.32272864174884575 ) ) ;
#5383 = CARTESIAN_POINT ( 'NONE',  ( 0.1229047811022771081, -36.39275666054846425, -2.065714748149862334 ) ) ;
#5384 = CARTESIAN_POINT ( 'NONE',  ( 0.2132458847738279151, -35.89999999999999858, 2.500000000000000000 ) ) ;
#5385 = CARTESIAN_POINT ( 'NONE',  ( -8.950820253870693577, -39.40000000000000568, -42.84296118355443639 ) ) ;
#5386 = ORIENTED_EDGE ( 'NONE', *, *, #9546, .T. ) ;
#5387 = EDGE_CURVE ( 'NONE', #5598, #9641, #8977, .T. ) ;
#5388 = B_SPLINE_CURVE_WITH_KNOTS ( 'NONE', 3,
 ( #51, #1417, #7511, #6714, #2, #5977, #3096, #7460, #8943, #5151, #9043, #5880, #6664, #2260, #3004, #8992, #779, #5302, #9670, #8099, #4559, #3639, #5100, #8148, #4413, #5249, #7411, #8249 ),
 .UNSPECIFIED., .F., .F.,
 ( 4, 2, 2, 2, 2, 2, 2, 2, 2, 2, 2, 2, 2, 4 ),
 ( 0.000000000000000000, 0.002242387767528261199, 0.004484775535056522398, 0.005605969418820650613, 0.006727163302584777960, 0.007287760244466847705, 0.007848357186348917450, 0.008969551070113069083, 0.01009074495387722245, 0.01121193883764137929, 0.01233313272140553266, 0.01345432660516968776, 0.01569671437269797715, 0.01793910214022626654 ),
 .UNSPECIFIED. ) ;
#5389 = FACE_OUTER_BOUND ( 'NONE', #7337, .T. ) ;
#5390 = CARTESIAN_POINT ( 'NONE',  ( 0.09999999999999999167, -13.00000000000000000, -7.500000000000000000 ) ) ;
#5391 = CARTESIAN_POINT ( 'NONE',  ( -16.29999999999999716, -37.39999999998060076, 25.30794813115557318 ) ) ;
#5392 = DIRECTION ( 'NONE',  ( 0.000000000000000000, 0.000000000000000000, -1.000000000000000000 ) ) ;
#5393 = B_SPLINE_CURVE_WITH_KNOTS ( 'NONE', 3,
 ( #5263, #596, #7474, #5843 ),
 .UNSPECIFIED., .F., .F.,
 ( 4, 4 ),
 ( 0.000000000000000000, 1.000000000000000000 ),
 .UNSPECIFIED. ) ;
#5394 = DIRECTION ( 'NONE',  ( 0.000000000000000000, -0.000000000000000000, -1.000000000000000000 ) ) ;
#5395 = CARTESIAN_POINT ( 'NONE',  ( 0.1731128792862821342, -3.192188053676008774, -9.881474599839389583 ) ) ;
#5396 = CARTESIAN_POINT ( 'NONE',  ( -16.29999999999999716, -8.049999999999990052, -6.033310313031585714 ) ) ;
#5397 = EDGE_CURVE ( 'NONE', #7769, #544, #2821, .T. ) ;
#5398 = CARTESIAN_POINT ( 'NONE',  ( -16.34161554134580996, -37.39999999999999858, -27.21517466587564371 ) ) ;
#5399 = CARTESIAN_POINT ( 'NONE',  ( 0.08501530141720775591, -26.71102683291527669, -2.476430263677826371 ) ) ;
#5400 = CLOSED_SHELL ( 'NONE', ( #5959, #2005, #3314, #4677, #7801, #5219, #7605, #6203, #7241, #5055, #6324, #9209, #3863, #1662, #6501, #5918, #4650, #8476, #959, #5431, #6601, #9609, #6249, #8112, #4288, #486, #8145, #3547, #4429, #993, #8426, #8380, #4055, #6705, #7188, #5931, #463, #5279, #7206, #1715, #5377, #8160, #9708, #366, #2417, #8189, #8076, #1542, #7845, #6952, #7352, #4135, #7934, #9134, #2658, #4303, #793, #6008, #763, #6251, #6808, #9642, #5069, #2382, #7140, #2528, #8024, #8428, #9295, #127, #3228, #2397, #6994, #7304, #1771, #4641, #556, #4934, #7563, #5558, #3921, #8379, #1189, #6368, #7423, #6935, #4607, #4892, #5149, #7593, #5045, #908, #6470, #5840, #5882, #9349, #9698, #5904, #6579, #8407, #8737, #514, #706, #7456, #7039, #4746, #6638, #2075, #8712, #8898, #8198, #3718, #7755, #8466, #3323, #474, #1222, #6970, #7971, #4643, #8639, #6882, #665, #8564, #7728, #2870, #1287, #6806, #717, #2539, #2324, #6778, #5208, #3950, #4689, #2677, #7231, #5468, #203, #9569, #6118, #2825, #3697, #3277, #1300, #3978, #7435, #4171, #3165, #8600, #1586, #5015, #8653, #5181, #3427, #4013, #4905, #1513, #317, #6826, #5482, #2768, #6565, #5543, #947, #9254, #4289, #7538, #2400, #4066, #9279, #7101, #4598, #7782, #2261, #3566, #4493, #3666, #7857, #3907, #7216, #9070, #4809, #136, #1806, #146, #7495, #9042, #2161, #1950, #9571, #80, #7943, #3371, #409, #1051, #5707, #2945, #2555, #4847, #394, #1611, #3180, #7177, #6001, #8587, #37, #6216, #5718, #6787, #2913, #6902, #8178, #1456, #4714, #2924, #818, #8563, #1076, #1482, #829, #8887, #5337, #3857, #4021, #5378, #1364, #4577, #2515, #6865, #4044, #3459, #6449, #9534, #4002, #5346, #6167, #3934, #1220, #8046, #7876, #1697, #1237, #4565, #3654, #1162, #8228 ) ) ;
#5401 = ORIENTED_EDGE ( 'NONE', *, *, #1795, .F. ) ;
#5402 = ORIENTED_EDGE ( 'NONE', *, *, #4197, .T. ) ;
#5403 = CARTESIAN_POINT ( 'NONE',  ( -16.30058051374927786, -8.673617379884035472E-16, 25.79398127659780116 ) ) ;
#5404 = CARTESIAN_POINT ( 'NONE',  ( 0.4397376543283821881, -12.98397811073098573, -9.629637811980195750 ) ) ;
#5405 = AXIS2_PLACEMENT_3D ( 'NONE', #9502, #3420, #3467 ) ;
#5406 = ORIENTED_EDGE ( 'NONE', *, *, #8941, .T. ) ;
#5407 = CARTESIAN_POINT ( 'NONE',  ( -9.299999999999998934, -36.59999999999999432, 6.440043573295006318 ) ) ;
#5408 = DIRECTION ( 'NONE',  ( 4.625929269271485174E-17, 0.8660254037844388186, 0.4999999999999997224 ) ) ;
#5409 = DIRECTION ( 'NONE',  ( -9.107298248878291519E-14, 0.000000000000000000, 1.000000000000000000 ) ) ;
#5410 = CIRCLE ( 'NONE', #6812, 0.2000000000000000944 ) ;
#5411 = EDGE_CURVE ( 'NONE', #1085, #8915, #1755, .T. ) ;
#5412 = DIRECTION ( 'NONE',  ( 0.000000000000000000, 0.000000000000000000, -1.000000000000000000 ) ) ;
#5413 = CARTESIAN_POINT ( 'NONE',  ( -17.30995283342997126, 9.108704515751744463E-16, 35.75763087023054254 ) ) ;
#5414 = ORIENTED_EDGE ( 'NONE', *, *, #9601, .T. ) ;
#5415 = CYLINDRICAL_SURFACE ( 'NONE', #2437, 0.5000000000000004441 ) ;
#5416 = CARTESIAN_POINT ( 'NONE',  ( -9.399999999999998579, -26.25000000000000355, -6.526646113673440830 ) ) ;
#5417 = ORIENTED_EDGE ( 'NONE', *, *, #7062, .F. ) ;
#5418 = CARTESIAN_POINT ( 'NONE',  ( 0.03864744970013792719, -26.77380494360158991, -2.521032509399734334 ) ) ;
#5419 = DIRECTION ( 'NONE',  ( 0.000000000000000000, -0.4999999999999966693, 0.8660254037844405950 ) ) ;
#5420 = DIRECTION ( 'NONE',  ( -0.000000000000000000, 1.000000000000000000, -0.000000000000000000 ) ) ;
#5421 = EDGE_CURVE ( 'NONE', #664, #9344, #9420, .T. ) ;
#5422 = CARTESIAN_POINT ( 'NONE',  ( -0.9104873819182590644, -2.000000000000001776, -41.28025612106915787 ) ) ;
#5423 = AXIS2_PLACEMENT_3D ( 'NONE', #7524, #1530, #3699 ) ;
#5424 = CARTESIAN_POINT ( 'NONE',  ( 0.1729944672594046495, -12.88150857090575663, -7.192237341797462769 ) ) ;
#5425 = CARTESIAN_POINT ( 'NONE',  ( 0.1605640790669499995, -3.235854300293263819, -7.083820067227052597 ) ) ;
#5426 = ORIENTED_EDGE ( 'NONE', *, *, #1935, .F. ) ;
#5427 = CARTESIAN_POINT ( 'NONE',  ( 0.1003027371078684254, -36.22838377863889292, -2.398200933765731957 ) ) ;
#5428 = CARTESIAN_POINT ( 'NONE',  ( -14.45767870823778800, -39.40000000000000568, -28.82698737493888430 ) ) ;
#5429 = CARTESIAN_POINT ( 'NONE',  ( 0.1045514108771810752, -36.39989950181110601, -2.024814665927590074 ) ) ;
#5430 = ORIENTED_EDGE ( 'NONE', *, *, #8667, .T. ) ;
#5431 = ADVANCED_FACE ( 'NONE', ( #3869 ), #3771, .F. ) ;
#5432 = CARTESIAN_POINT ( 'NONE',  ( -24.72776949103776900, -2.000000000000000444, 37.50000000000001421 ) ) ;
#5433 = CARTESIAN_POINT ( 'NONE',  ( -11.15629266638777217, -37.39999999999999147, -44.99968336604879937 ) ) ;
#5434 = ORIENTED_EDGE ( 'NONE', *, *, #7713, .F. ) ;
#5435 = CYLINDRICAL_SURFACE ( 'NONE', #6172, 0.09999999999999982514 ) ;
#5436 = DIRECTION ( 'NONE',  ( 0.000000000000000000, 0.000000000000000000, 1.000000000000000000 ) ) ;
#5437 = CARTESIAN_POINT ( 'NONE',  ( -16.34236994226231232, -37.40000000000001990, 27.22999565768198238 ) ) ;
#5438 = EDGE_CURVE ( 'NONE', #103, #8279, #1560, .T. ) ;
#5439 = EDGE_CURVE ( 'NONE', #4259, #5780, #3085, .T. ) ;
#5440 = CARTESIAN_POINT ( 'NONE',  ( -7.457732342372418444, -39.39999999999999147, 44.59161677713222360 ) ) ;
#5441 = CIRCLE ( 'NONE', #419, 0.09999999999999982514 ) ;
#5442 = CARTESIAN_POINT ( 'NONE',  ( -12.70000000000000107, -37.92349576871855987, 44.94794535333661401 ) ) ;
#5443 = CARTESIAN_POINT ( 'NONE',  ( 0.1179417162399432062, -3.431882152348086912, -9.992853147042868756 ) ) ;
#5444 = CARTESIAN_POINT ( 'NONE',  ( -12.69999999999999929, -37.39999999999999147, -45.00000000000001421 ) ) ;
#5445 = CARTESIAN_POINT ( 'NONE',  ( 0.1173425529674492207, -26.83160112092216920, -2.492862776311409512 ) ) ;
#5446 = ORIENTED_EDGE ( 'NONE', *, *, #8362, .F. ) ;
#5447 = ORIENTED_EDGE ( 'NONE', *, *, #2426, .F. ) ;
#5448 = CARTESIAN_POINT ( 'NONE',  ( -20.15618522327452666, 8.673617379884035472E-16, 35.59769722781080503 ) ) ;
#5449 = DIRECTION ( 'NONE',  ( 0.000000000000000000, -0.000000000000000000, 1.000000000000000000 ) ) ;
#5450 = ORIENTED_EDGE ( 'NONE', *, *, #6749, .T. ) ;
#5451 = CARTESIAN_POINT ( 'NONE',  ( -29.00000000000000355, -1.999999999999865663, -37.49999999999999289 ) ) ;
#5452 = DIRECTION ( 'NONE',  ( 0.000000000000000000, 0.000000000000000000, 1.000000000000000000 ) ) ;
#5453 = EDGE_CURVE ( 'NONE', #8326, #8344, #2247, .T. ) ;
#5454 = DIRECTION ( 'NONE',  ( 9.251858538542975279E-17, 0.000000000000000000, 1.000000000000000000 ) ) ;
#5455 = AXIS2_PLACEMENT_3D ( 'NONE', #7233, #4881, #7784 ) ;
#5456 = AXIS2_PLACEMENT_3D ( 'NONE', #7384, #6788, #2483 ) ;
#5457 = CARTESIAN_POINT ( 'NONE',  ( -24.72776949103776545, -41.37000000000000455, -37.50000000000000000 ) ) ;
#5458 = CARTESIAN_POINT ( 'NONE',  ( -16.30000000000000071, -37.39999999999863434, -24.79999999999999716 ) ) ;
#5459 = CARTESIAN_POINT ( 'NONE',  ( 0.4397376543465725263, -26.39999999999999858, 2.000000000000000000 ) ) ;
#5460 = EDGE_LOOP ( 'NONE', ( #7182, #8901, #8270 ) ) ;
#5461 = AXIS2_PLACEMENT_3D ( 'NONE', #8548, #9380, #4168 ) ;
#5462 = CARTESIAN_POINT ( 'NONE',  ( -29.00000000000000711, -1.476504231281446256, 37.55205464666338599 ) ) ;
#5463 = ORIENTED_EDGE ( 'NONE', *, *, #7526, .T. ) ;
#5464 = CARTESIAN_POINT ( 'NONE',  ( 0.4397376543083739153, -2.999999999999999556, -7.500000000000000000 ) ) ;
#5465 = VERTEX_POINT ( 'NONE', #7550 ) ;
#5466 = CARTESIAN_POINT ( 'NONE',  ( 0.05239727617644603791, -26.83790121264265949, 2.510349797892888812 ) ) ;
#5467 = DIRECTION ( 'NONE',  ( 1.224646799147353454E-16, -1.000000000000000000, 0.000000000000000000 ) ) ;
#5468 = ADVANCED_FACE ( 'NONE', ( #6063 ), #9080, .T. ) ;
#5469 = DIRECTION ( 'NONE',  ( 0.000000000000000000, -1.000000000000000000, 2.602085213965215059E-14 ) ) ;
#5470 = CIRCLE ( 'NONE', #9541, 0.09999999999999939493 ) ;
#5471 = FACE_OUTER_BOUND ( 'NONE', #8555, .T. ) ;
#5472 = CARTESIAN_POINT ( 'NONE',  ( 0.1007948366796959511, -12.97433099221876418, -7.334946620721914279 ) ) ;
#5473 = CARTESIAN_POINT ( 'NONE',  ( 0.1612748992596328146, -3.236058363434091145, -7.083818251869544724 ) ) ;
#5474 = ORIENTED_EDGE ( 'NONE', *, *, #1979, .T. ) ;
#5475 = EDGE_CURVE ( 'NONE', #5835, #3205, #8336, .T. ) ;
#5476 = CARTESIAN_POINT ( 'NONE',  ( 0.1016644731461503331, -36.29907840114933748, -2.329259015540234401 ) ) ;
#5477 = LINE ( 'NONE', #6897, #2115 ) ;
#5478 = CARTESIAN_POINT ( 'NONE',  ( 0.1428853036808469534, -36.36182164536300121, -2.179131588540228037 ) ) ;
#5479 = EDGE_LOOP ( 'NONE', ( #9554, #7674, #5655, #9625 ) ) ;
#5480 = DIRECTION ( 'NONE',  ( 1.734723475976807094E-15, 0.000000000000000000, -1.000000000000000000 ) ) ;
#5481 = ORIENTED_EDGE ( 'NONE', *, *, #2581, .F. ) ;
#5482 = ADVANCED_FACE ( 'NONE', ( #9219 ), #3804, .T. ) ;
#5483 = CARTESIAN_POINT ( 'NONE',  ( -3.007863985787782436E-16, -36.41534932159999727, -2.585891553600457637 ) ) ;
#5484 = CARTESIAN_POINT ( 'NONE',  ( -40.00000000000000000, -8.000000000000000000, 3.349999999999998757 ) ) ;
#5485 = CARTESIAN_POINT ( 'NONE',  ( 0.1696058973046740137, -26.51871105455575872, -2.307220555774332382 ) ) ;
#5486 = CARTESIAN_POINT ( 'NONE',  ( -27.98906481321976258, -39.39999999999997016, 39.49952840811698707 ) ) ;
#5487 = LINE ( 'NONE', #4016, #1680 ) ;
#5488 = CARTESIAN_POINT ( 'NONE',  ( 0.1406891008883984773, -3.358561636617890755, -9.974343958939574151 ) ) ;
#5489 = CARTESIAN_POINT ( 'NONE',  ( 0.05749240907024343733, -26.84708257071717341, 2.509428728410159959 ) ) ;
#5490 = EDGE_CURVE ( 'NONE', #2765, #3068, #6587, .T. ) ;
#5491 = CARTESIAN_POINT ( 'NONE',  ( -0.2499999999999932832, -31.39999999999999858, 12.84999999999999964 ) ) ;
#5492 = CARTESIAN_POINT ( 'NONE',  ( -12.69999999999999929, -1.555301434917138630E-15, 43.00000000000000000 ) ) ;
#5493 = ORIENTED_EDGE ( 'NONE', *, *, #8340, .T. ) ;
#5494 = ORIENTED_EDGE ( 'NONE', *, *, #6160, .F. ) ;
#5495 = CARTESIAN_POINT ( 'NONE',  ( -20.56664682073224881, 1.245989962176654164E-15, 38.13197807924441918 ) ) ;
#5496 = CARTESIAN_POINT ( 'NONE',  ( 0.1127598613881942852, -35.94929562101762599, 2.499983609512760996 ) ) ;
#5497 = EDGE_LOOP ( 'NONE', ( #6375, #6837, #6427, #1024 ) ) ;
#5498 = CARTESIAN_POINT ( 'NONE',  ( -9.399999999999998579, -31.39999999999999147, -3.553292227346873222 ) ) ;
#5499 = DIRECTION ( 'NONE',  ( 0.000000000000000000, 0.5000000000000134337, -0.8660254037844309360 ) ) ;
#5500 = FACE_OUTER_BOUND ( 'NONE', #5684, .T. ) ;
#5501 = CARTESIAN_POINT ( 'NONE',  ( -9.300000000000002487, -13.25000000000002132, -37.50000000000000711 ) ) ;
#5502 = CARTESIAN_POINT ( 'NONE',  ( 0.05779638019513035768, -35.95116910282028755, 2.509183226294222191 ) ) ;
#5503 = CARTESIAN_POINT ( 'NONE',  ( -18.40477581524991635, 9.179472950557337631E-16, 36.79824706271823942 ) ) ;
#5504 =( BOUNDED_CURVE ( )  B_SPLINE_CURVE ( 3, ( #6498, #9413, #5717, #7289 ),
 .UNSPECIFIED., .F., .T. ) 
 B_SPLINE_CURVE_WITH_KNOTS ( ( 4, 4 ),
 ( 1.570796326794895226, 2.481075264823025428 ),
 .UNSPECIFIED. ) 
 CURVE ( )  GEOMETRIC_REPRESENTATION_ITEM ( )  RATIONAL_B_SPLINE_CURVE ( ( 1.000000000000000000, 0.9321331520445498287, 0.9321331520445498287, 1.000000000000000000 ) ) 
 REPRESENTATION_ITEM ( '' )  );
#5505 = EDGE_CURVE ( 'NONE', #2264, #4754, #5041, .T. ) ;
#5506 = VERTEX_POINT ( 'NONE', #8049 ) ;
#5507 = CARTESIAN_POINT ( 'NONE',  ( -9.400000000000000355, -45.16297632095822934, -27.51823220928396552 ) ) ;
#5508 = VERTEX_POINT ( 'NONE', #7256 ) ;
#5509 = CARTESIAN_POINT ( 'NONE',  ( -16.24794535333663248, -1.476504231281440038, 24.80000000000001492 ) ) ;
#5510 = LINE ( 'NONE', #2526, #4347 ) ;
#5511 = ORIENTED_EDGE ( 'NONE', *, *, #3164, .T. ) ;
#5512 = MANIFOLD_SOLID_BREP ( 'Fillet6', #5400 ) ;
#5513 = TOROIDAL_SURFACE ( 'NONE', #9132, 1.750000000000000666, 2.000000000000000444 ) ;
#5514 = CARTESIAN_POINT ( 'NONE',  ( 0.09935175248328619035, -26.89999999999999503, 2.499999999999998668 ) ) ;
#5515 = CARTESIAN_POINT ( 'NONE',  ( -0.2499999999999932832, -31.39999999999999858, -12.85000000000000675 ) ) ;
#5516 = CARTESIAN_POINT ( 'NONE',  ( -9.400000000000000355, -26.24999999999999289, -12.47335388632656716 ) ) ;
#5517 = LINE ( 'NONE', #8517, #8047 ) ;
#5518 = CARTESIAN_POINT ( 'NONE',  ( 0.07435090773753455506, -12.99988681114318645, -7.457757644585369938 ) ) ;
#5519 = VECTOR ( 'NONE', #4546, 1000.000000000000000 ) ;
#5520 = CARTESIAN_POINT ( 'NONE',  ( 0.1744340472490188698, -3.174012935000318780, -7.136872560726207126 ) ) ;
#5521 = EDGE_CURVE ( 'NONE', #6485, #848, #6926, .T. ) ;
#5522 = ORIENTED_EDGE ( 'NONE', *, *, #3919, .F. ) ;
#5523 = CARTESIAN_POINT ( 'NONE',  ( -12.69999999999999929, -2.000000000000001776, -45.00000000000000000 ) ) ;
#5524 = CARTESIAN_POINT ( 'NONE',  ( 0.1162218883180137774, -36.39999999999999147, -2.025181951155135440 ) ) ;
#5525 = ORIENTED_EDGE ( 'NONE', *, *, #4359, .T. ) ;
#5526 = CARTESIAN_POINT ( 'NONE',  ( -20.01974387893084995, -41.37000000000001165, 36.58951261808174849 ) ) ;
#5527 = ORIENTED_EDGE ( 'NONE', *, *, #819, .F. ) ;
#5528 = CARTESIAN_POINT ( 'NONE',  ( 0.02117323960664673280, -36.39593927393104167, -2.495939273931202074 ) ) ;
#5529 = FACE_OUTER_BOUND ( 'NONE', #8152, .T. ) ;
#5530 = CARTESIAN_POINT ( 'NONE',  ( 0.1632753398160597946, -26.48381075105227467, -2.263353009621674072 ) ) ;
#5531 = CARTESIAN_POINT ( 'NONE',  ( -18.55989158856251109, 3.327632689629744271E-13, -34.13703812744518018 ) ) ;
#5532 = CARTESIAN_POINT ( 'NONE',  ( -2.448006913106367310, -39.39999999999999147, 41.87192208638904845 ) ) ;
#5533 = CARTESIAN_POINT ( 'NONE',  ( 0.1016644731461535112, -3.066011906046116842, -9.794349322735678598 ) ) ;
#5534 = CARTESIAN_POINT ( 'NONE',  ( 0.4397376543209853272, -3.500000000000000888, -10.00000000000000000 ) ) ;
#5535 = CARTESIAN_POINT ( 'NONE',  ( 0.06697224470495267978, -26.87110581776496687, 2.505503605620556407 ) ) ;
#5536 = LINE ( 'NONE', #4751, #4880 ) ;
#5537 = ORIENTED_EDGE ( 'NONE', *, *, #3393, .F. ) ;
#5538 = CARTESIAN_POINT ( 'NONE',  ( -25.18851900010868761, -2.000000000000000000, 37.35215164630815110 ) ) ;
#5539 = FACE_OUTER_BOUND ( 'NONE', #4175, .T. ) ;
#5540 = VERTEX_POINT ( 'NONE', #8000 ) ;
#5541 = CARTESIAN_POINT ( 'NONE',  ( -2.000000000000000000, -39.39999999999999858, -32.30000000000002558 ) ) ;
#5542 = DIRECTION ( 'NONE',  ( -0.000000000000000000, -0.8660254037844289376, -0.5000000000000172085 ) ) ;
#5543 = ADVANCED_FACE ( 'NONE', ( #8793 ), #2156, .F. ) ;
#5544 = CARTESIAN_POINT ( 'NONE',  ( -16.29999999999999716, -31.39999999999999147, -15.44670777265315031 ) ) ;
#5545 = DIRECTION ( 'NONE',  ( 8.673617379884256353E-15, 0.8660254037844330455, -0.5000000000000096589 ) ) ;
#5546 = CARTESIAN_POINT ( 'NONE',  ( -21.98801808984319095, 1.242474024715871942E-15, 38.68563095215521486 ) ) ;
#5547 = AXIS2_PLACEMENT_3D ( 'NONE', #4933, #1102, #5714 ) ;
#5548 = ORIENTED_EDGE ( 'NONE', *, *, #1503, .F. ) ;
#5549 = DIRECTION ( 'NONE',  ( 9.251858538542971581E-17, 0.000000000000000000, 1.000000000000000000 ) ) ;
#5550 = ORIENTED_EDGE ( 'NONE', *, *, #2235, .T. ) ;
#5551 = CARTESIAN_POINT ( 'NONE',  ( 0.1471451563337580759, -12.64445447944053669, -9.975832607322173473 ) ) ;
#5552 = FACE_OUTER_BOUND ( 'NONE', #5849, .T. ) ;
#5553 = ORIENTED_EDGE ( 'NONE', *, *, #8352, .T. ) ;
#5554 = AXIS2_PLACEMENT_3D ( 'NONE', #6694, #6647, #3768 ) ;
#5555 = CARTESIAN_POINT ( 'NONE',  ( 0.3388477039935285928, -26.83453835262104192, 2.500000000000000000 ) ) ;
#5556 = CARTESIAN_POINT ( 'NONE',  ( 0.02671071723205085610, -2.969693433977755426, -9.681839374489996430 ) ) ;
#5557 = AXIS2_PLACEMENT_3D ( 'NONE', #445, #1926, #1176 ) ;
#5558 = ADVANCED_FACE ( 'NONE', ( #8845 ), #2803, .F. ) ;
#5559 = LINE ( 'NONE', #4683, #6466 ) ;
#5560 = CARTESIAN_POINT ( 'NONE',  ( -29.00000000000000711, -0.4006663152036429865, -38.27090656005016456 ) ) ;
#5561 = CARTESIAN_POINT ( 'NONE',  ( 0.2599264538015380044, -3.203432882509247737, -7.116660554894069790 ) ) ;
#5562 = VECTOR ( 'NONE', #9572, 1000.000000000000000 ) ;
#5563 = ORIENTED_EDGE ( 'NONE', *, *, #7003, .T. ) ;
#5564 = CARTESIAN_POINT ( 'NONE',  ( -16.29999999999999716, -26.25000000000000000, 6.526646113673430172 ) ) ;
#5565 = FACE_OUTER_BOUND ( 'NONE', #6250, .T. ) ;
#5566 = CARTESIAN_POINT ( 'NONE',  ( -12.69999999999999929, -2.000000000000002665, -45.00000000000002842 ) ) ;
#5567 = EDGE_CURVE ( 'NONE', #7705, #8055, #3730, .T. ) ;
#5568 = CARTESIAN_POINT ( 'NONE',  ( -17.21048738191825578, 1.969999999999993090, 33.78025612106916498 ) ) ;
#5569 = CARTESIAN_POINT ( 'NONE',  ( -16.20000000000000284, -26.04999999999996518, -37.49999999999997868 ) ) ;
#5570 = DIRECTION ( 'NONE',  ( 1.734723475976757554E-14, -1.000000000000000000, 0.000000000000000000 ) ) ;
#5571 = CARTESIAN_POINT ( 'NONE',  ( 0.3512029723301511863, -3.025536947705097290, -7.338892170818909655 ) ) ;
#5572 = CARTESIAN_POINT ( 'NONE',  ( 0.1612748992650786528, -26.48381825213660790, -2.263941636473536967 ) ) ;
#5573 = DIRECTION ( 'NONE',  ( -1.000000000000000000, 0.000000000000000000, -0.000000000000000000 ) ) ;
#5574 = SPHERICAL_SURFACE ( 'NONE', #139, 0.1000000000000000056 ) ;
#5575 = EDGE_CURVE ( 'NONE', #4581, #5763, #2016, .T. ) ;
#5576 = DIRECTION ( 'NONE',  ( -1.000000000000000000, 0.000000000000000000, 9.251858538542972814E-17 ) ) ;
#5577 = AXIS2_PLACEMENT_3D ( 'NONE', #7466, #5008, #2863 ) ;
#5578 = CARTESIAN_POINT ( 'NONE',  ( 0.09737342326657295877, -3.499807908683996605, -10.00003201521933249 ) ) ;
#5579 = FACE_OUTER_BOUND ( 'NONE', #8433, .T. ) ;
#5580 = CARTESIAN_POINT ( 'NONE',  ( -21.79485017923860113, -37.39999999999997726, -36.48438087757041615 ) ) ;
#5581 = CARTESIAN_POINT ( 'NONE',  ( -9.399999999999998579, -27.90064434701788798, -17.58253175473052821 ) ) ;
#5582 = ORIENTED_EDGE ( 'NONE', *, *, #3674, .F. ) ;
#5583 = CARTESIAN_POINT ( 'NONE',  ( -29.00000000000000000, -39.39999999999998437, 39.50000000000001421 ) ) ;
#5584 = EDGE_CURVE ( 'NONE', #6426, #1271, #5148, .T. ) ;
#5585 = CIRCLE ( 'NONE', #2939, 0.1000000000000001721 ) ;
#5586 = CARTESIAN_POINT ( 'NONE',  ( 0.06386293024439762545, -35.91714899387051929, 2.502858165645083677 ) ) ;
#5587 = VERTEX_POINT ( 'NONE', #6561 ) ;
#5588 = CARTESIAN_POINT ( 'NONE',  ( -8.298711459818094419E-05, -2.949251895482359220, -6.949251895482363217 ) ) ;
#5589 = CARTESIAN_POINT ( 'NONE',  ( -9.399999999999998579, -31.39999999999999147, -3.553292227346874110 ) ) ;
#5590 = CARTESIAN_POINT ( 'NONE',  ( -16.30000000000000071, -1.999999999999796163, -24.79999999999999716 ) ) ;
#5591 = LINE ( 'NONE', #3941, #4873 ) ;
#5592 = ORIENTED_EDGE ( 'NONE', *, *, #2969, .T. ) ;
#5593 = CC_DESIGN_PERSON_AND_ORGANIZATION_ASSIGNMENT ( #7808, #7211, ( #7944 ) ) ;
#5594 = DIRECTION ( 'NONE',  ( -1.000000000000000000, 0.000000000000000000, 9.251858538542972814E-17 ) ) ;
#5595 = ORIENTED_EDGE ( 'NONE', *, *, #4248, .F. ) ;
#5596 = CARTESIAN_POINT ( 'NONE',  ( 0.09737342326656910074, -12.50019209131599851, -10.00003201521932894 ) ) ;
#5597 = CYLINDRICAL_SURFACE ( 'NONE', #2159, 0.1000000000000006994 ) ;
#5598 = VERTEX_POINT ( 'NONE', #580 ) ;
#5599 = CIRCLE ( 'NONE', #8592, 0.09999999999999989453 ) ;
#5600 = VECTOR ( 'NONE', #3403, 1000.000000000000000 ) ;
#5601 = CARTESIAN_POINT ( 'NONE',  ( 0.09088851884876901488, -26.62927577443976190, 2.443743350910327017 ) ) ;
#5602 = CARTESIAN_POINT ( 'NONE',  ( 7.500000000000000000, -26.39999999999999858, 0.000000000000000000 ) ) ;
#5603 = CYLINDRICAL_SURFACE ( 'NONE', #7826, 0.1000000000000002554 ) ;
#5604 = DIRECTION ( 'NONE',  ( -1.734723475976807094E-16, 1.000000000000000000, 0.000000000000000000 ) ) ;
#5605 = CARTESIAN_POINT ( 'NONE',  ( 0.05120542390929752607, -13.01127578877362190, -7.432345267358261509 ) ) ;
#5606 = CARTESIAN_POINT ( 'NONE',  ( 0.1801998527842867959, -3.118368300958413997, -7.193102222037745186 ) ) ;
#5607 = EDGE_LOOP ( 'NONE', ( #459, #1892, #2809, #6267 ) ) ;
#5608 = EDGE_CURVE ( 'NONE', #9626, #5227, #7698, .T. ) ;
#5609 = AXIS2_PLACEMENT_3D ( 'NONE', #9223, #3230, #2453 ) ;
#5610 = CARTESIAN_POINT ( 'NONE',  ( 0.07258374883272718237, -26.39637771462687965, 2.018349329409035775 ) ) ;
#5611 = LINE ( 'NONE', #1290, #4046 ) ;
#5612 = DIRECTION ( 'NONE',  ( 0.000000000000000000, -0.5000000000000134337, 0.8660254037844309360 ) ) ;
#5613 = CIRCLE ( 'NONE', #5313, 0.1000000000000002554 ) ;
#5614 = CARTESIAN_POINT ( 'NONE',  ( 0.000000000000000000, -13.09999999999999964, -6.900000000000003020 ) ) ;
#5615 = AXIS2_PLACEMENT_3D ( 'NONE', #3556, #6535, #2829 ) ;
#5616 = DIRECTION ( 'NONE',  ( -1.734723475976807834E-16, 1.000000000000000000, 0.000000000000000000 ) ) ;
#5617 = CYLINDRICAL_SURFACE ( 'NONE', #5609, 0.09999999999999939493 ) ;
#5618 = CARTESIAN_POINT ( 'NONE',  ( 0.1356868812691225112, -3.025777872611977948, -7.356465876172185503 ) ) ;
#5619 = EDGE_CURVE ( 'NONE', #1371, #3790, #2903, .T. ) ;
#5620 = CARTESIAN_POINT ( 'NONE',  ( 0.3735402191820596518, -26.52330659410381841, -2.330413375290364630 ) ) ;
#5621 = CARTESIAN_POINT ( 'NONE',  ( -16.29999999999999716, -2.800000000000003819, -3.059956426705025656 ) ) ;
#5622 = CARTESIAN_POINT ( 'NONE',  ( -0.7873674192421599161, -39.39999999999999147, 38.90235035683626563 ) ) ;
#5623 = DIRECTION ( 'NONE',  ( -1.734723475976807094E-15, 1.000000000000000000, 0.000000000000000000 ) ) ;
#5624 = CARTESIAN_POINT ( 'NONE',  ( 7.855157342256968041E-16, -37.39999999999999858, 39.50000000000000711 ) ) ;
#5625 = CARTESIAN_POINT ( 'NONE',  ( 0.1009479137310235752, -12.67290376445988009, -7.023240241300650943 ) ) ;
#5626 = CARTESIAN_POINT ( 'NONE',  ( -18.07618654017508675, -37.39999999999999147, -33.45424009241430241 ) ) ;
#5627 = CARTESIAN_POINT ( 'NONE',  ( -12.69999999999999929, -2.000000000000003109, 45.00000000000000000 ) ) ;
#5628 = EDGE_CURVE ( 'NONE', #9641, #6376, #1263, .T. ) ;
#5629 = VERTEX_POINT ( 'NONE', #9522 ) ;
#5630 = CARTESIAN_POINT ( 'NONE',  ( -27.03951419392506139, 1.734723475976807094E-15, 37.47811510146684100 ) ) ;
#5631 = CARTESIAN_POINT ( 'NONE',  ( 0.1606865092984723076, -36.16396373495891226, 2.416174790761441482 ) ) ;
#5632 = EDGE_LOOP ( 'NONE', ( #8767, #9170, #6794, #3149, #8077, #2714 ) ) ;
#5633 = DIRECTION ( 'NONE',  ( 1.000000000000000000, 1.224646799147353700E-16, 0.000000000000000000 ) ) ;
#5634 = CIRCLE ( 'NONE', #9409, 0.2000000000000000944 ) ;
#5635 = APPROVAL_ROLE ( '' ) ;
#5636 = CARTESIAN_POINT ( 'NONE',  ( 0.000000000000000000, -8.000000000000000000, 3.599999999999990763 ) ) ;
#5637 = CARTESIAN_POINT ( 'NONE',  ( 0.000000000000000000, -2.000000000000002665, 32.30000000000000426 ) ) ;
#5638 = LINE ( 'NONE', #1226, #1126 ) ;
#5639 = ORIENTED_EDGE ( 'NONE', *, *, #1921, .F. ) ;
#5640 = DIRECTION ( 'NONE',  ( 0.000000000000000000, -0.5000000000000134337, 0.8660254037844309360 ) ) ;
#5641 = ORIENTED_EDGE ( 'NONE', *, *, #5575, .T. ) ;
#5642 = ORIENTED_EDGE ( 'NONE', *, *, #492, .T. ) ;
#5643 = CARTESIAN_POINT ( 'NONE',  ( 0.4397376543283821881, -12.63087394217963855, -9.986986338334157054 ) ) ;
#5644 = DIRECTION ( 'NONE',  ( 0.000000000000000000, 0.5000000000000107692, 0.8660254037844322683 ) ) ;
#5645 = ORIENTED_EDGE ( 'NONE', *, *, #4121, .F. ) ;
#5646 = CARTESIAN_POINT ( 'NONE',  ( 0.1371207144954742219, -26.74854970479864846, 2.475575967799887422 ) ) ;
#5647 = CARTESIAN_POINT ( 'NONE',  ( 0.01648282397509907848, -13.04287669547724349, -9.757260175386660350 ) ) ;
#5648 = DIRECTION ( 'NONE',  ( 1.000000000000000000, -0.000000000000000000, -2.003086131649479794E-14 ) ) ;
#5649 = CIRCLE ( 'NONE', #3465, 0.09999999999999982514 ) ;
#5650 = CIRCLE ( 'NONE', #3651, 0.5000000000000000000 ) ;
#5651 = EDGE_CURVE ( 'NONE', #1294, #2163, #2854, .T. ) ;
#5652 = DIRECTION ( 'NONE',  ( 1.000000000000000000, -0.000000000000000000, -0.000000000000000000 ) ) ;
#5653 = CARTESIAN_POINT ( 'NONE',  ( 0.05790538977554878647, -13.00373866222521180, -7.331724006168332863 ) ) ;
#5654 = CARTESIAN_POINT ( 'NONE',  ( 7.500000000000000000, -26.89999999999999858, -2.000000000000000000 ) ) ;
#5655 = ORIENTED_EDGE ( 'NONE', *, *, #1988, .F. ) ;
#5656 = AXIS2_PLACEMENT_3D ( 'NONE', #5807, #2135, #8723 ) ;
#5657 = AXIS2_PLACEMENT_3D ( 'NONE', #5352, #925, #6123 ) ;
#5658 = DIRECTION ( 'NONE',  ( -4.625929269271483325E-17, -0.8660254037844390407, -0.4999999999999995004 ) ) ;
#5659 = CARTESIAN_POINT ( 'NONE',  ( -9.399999999999998579, -31.39999999999999147, -3.553292227346874554 ) ) ;
#5660 = CARTESIAN_POINT ( 'NONE',  ( 0.09369787352240398215, -26.47860660032818458, -2.421393399671872615 ) ) ;
#5661 = EDGE_CURVE ( 'NONE', #3412, #6825, #3531, .T. ) ;
#5662 = EDGE_CURVE ( 'NONE', #8103, #4259, #5734, .T. ) ;
#5663 = CARTESIAN_POINT ( 'NONE',  ( -16.19999999999999929, -31.34999999999998721, 15.53331031303158838 ) ) ;
#5664 = AXIS2_PLACEMENT_3D ( 'NONE', #5544, #6323, #347 ) ;
#5665 = AXIS2_PLACEMENT_3D ( 'NONE', #5265, #64, #6090 ) ;
#5666 = VERTEX_POINT ( 'NONE', #1363 ) ;
#5667 = DIRECTION ( 'NONE',  ( -1.000000000000000000, 0.000000000000000000, 0.000000000000000000 ) ) ;
#5668 = DIRECTION ( 'NONE',  ( -0.000000000000000000, 0.8660254037844451469, 0.4999999999999890088 ) ) ;
#5669 = CARTESIAN_POINT ( 'NONE',  ( 0.1741086412481023249, -3.081485176190799091, -7.234154826877984057 ) ) ;
#5670 = CARTESIAN_POINT ( 'NONE',  ( 0.09667965127050273666, -36.40005278099056341, 2.000316685943382744 ) ) ;
#5671 = CARTESIAN_POINT ( 'NONE',  ( 0.1637735006064939547, -26.63135466593651657, -2.418353414808240398 ) ) ;
#5672 = LINE ( 'NONE', #5621, #3745 ) ;
#5673 = B_SPLINE_CURVE_WITH_KNOTS ( 'NONE', 3,
 ( #2456, #2309, #5442, #7559, #4557, #9089, #6762, #8441, #9137, #4606 ),
 .UNSPECIFIED., .F., .F.,
 ( 4, 2, 2, 2, 4 ),
 ( 0.000000000000000000, 0.2500000000000000000, 0.5000000000000000000, 0.7500000000000000000, 1.000000000000000000 ),
 .UNSPECIFIED. ) ;
#5674 = CARTESIAN_POINT ( 'NONE',  ( -2.808853019450902710, -39.39999999999999147, 38.60510766217473133 ) ) ;
#5675 = DIRECTION ( 'NONE',  ( 1.734723475976806601E-16, -1.000000000000000000, 0.000000000000000000 ) ) ;
#5676 = EDGE_CURVE ( 'NONE', #7913, #5995, #8097, .T. ) ;
#5677 = DIRECTION ( 'NONE',  ( 1.000000000000000000, 1.734723475976807834E-16, 2.059018962583747019E-16 ) ) ;
#5678 = CARTESIAN_POINT ( 'NONE',  ( 0.1573004706730153079, -12.76487091685861408, -7.083818289112756794 ) ) ;
#5679 = CARTESIAN_POINT ( 'NONE',  ( -20.32711294337304508, -39.39999999999999147, -35.71173944414360335 ) ) ;
#5680 = CARTESIAN_POINT ( 'NONE',  ( 0.03864744970013618552, -13.02103250939973655, -7.373804943601585116 ) ) ;
#5681 = ORIENTED_EDGE ( 'NONE', *, *, #2685, .F. ) ;
#5682 = CARTESIAN_POINT ( 'NONE',  ( -21.98801808959945703, 1.242474024745721255E-15, 38.68563095263537832 ) ) ;
#5683 = CARTESIAN_POINT ( 'NONE',  ( 0.4397376543209871036, -36.03087394217963890, 2.486986338334157498 ) ) ;
#5684 = EDGE_LOOP ( 'NONE', ( #3298, #5373, #8305, #1573 ) ) ;
#5685 = CARTESIAN_POINT ( 'NONE',  ( -0.05205464666336905022, -37.92349576871856698, -32.30000000000001137 ) ) ;
#5686 = PERSON_AND_ORGANIZATION_ROLE ( 'creator' ) ;
#5687 = EDGE_CURVE ( 'NONE', #4581, #108, #3939, .T. ) ;
#5688 = CARTESIAN_POINT ( 'NONE',  ( 0.3335696373456769059, -3.000000000000000888, -9.500000000000000000 ) ) ;
#5689 = DIRECTION ( 'NONE',  ( 9.251858538542976511E-17, 1.133025894539076609E-32, 1.000000000000000000 ) ) ;
#5690 = CARTESIAN_POINT ( 'NONE',  ( 0.000000000000000000, -26.30000000000000071, 2.599999999999998312 ) ) ;
#5691 = ORIENTED_EDGE ( 'NONE', *, *, #1645, .F. ) ;
#5692 = ORIENTED_EDGE ( 'NONE', *, *, #36, .T. ) ;
#5693 = VERTEX_POINT ( 'NONE', #3583 ) ;
#5694 = CARTESIAN_POINT ( 'NONE',  ( 0.09871115433711408205, -12.50003781131206715, -10.00000630188534068 ) ) ;
#5695 = CARTESIAN_POINT ( 'NONE',  ( 2.710505431213761085E-17, -13.00000000000000000, -10.09999999999999964 ) ) ;
#5696 = ORIENTED_EDGE ( 'NONE', *, *, #8766, .T. ) ;
#5697 = CARTESIAN_POINT ( 'NONE',  ( 0.1162514195728851646, -26.58074384763715514, 2.383636613416279637 ) ) ;
#5698 = CARTESIAN_POINT ( 'NONE',  ( 8.000000000000000000, -2.999999999999998668, -7.000000000000000000 ) ) ;
#5699 = DIRECTION ( 'NONE',  ( -1.734723475976757554E-14, -1.000000000000000000, 0.000000000000000000 ) ) ;
#5700 = EDGE_CURVE ( 'NONE', #108, #6985, #4361, .T. ) ;
#5701 = DIRECTION ( 'NONE',  ( -1.000000000000000000, -1.224646799147353454E-16, 0.000000000000000000 ) ) ;
#5702 = LINE ( 'NONE', #6529, #7542 ) ;
#5703 = DIRECTION ( 'NONE',  ( 0.000000000000000000, 1.000000000000000000, -2.861551616642213783E-16 ) ) ;
#5704 = ORIENTED_EDGE ( 'NONE', *, *, #2909, .F. ) ;
#5705 = DIRECTION ( 'NONE',  ( 0.000000000000000000, 0.000000000000000000, 1.000000000000000000 ) ) ;
#5706 = CARTESIAN_POINT ( 'NONE',  ( -16.19999999999999929, -8.049999999999990052, -6.033310313031585714 ) ) ;
#5707 = ADVANCED_FACE ( 'NONE', ( #8940 ), #2207, .T. ) ;
#5708 = VECTOR ( 'NONE', #420, 1000.000000000000000 ) ;
#5709 = CARTESIAN_POINT ( 'NONE',  ( -29.00000000000000355, -1.999999999999865663, -37.49999999999999289 ) ) ;
#5710 = CARTESIAN_POINT ( 'NONE',  ( -11.19471413771618273, -9.183858806281116097E-17, -42.99896802002780305 ) ) ;
#5711 = CARTESIAN_POINT ( 'NONE',  ( -0.7639767357819520210, -2.000000000000000444, 38.83332840477556402 ) ) ;
#5712 = CIRCLE ( 'NONE', #9029, 0.1000000000000002554 ) ;
#5713 = ORIENTED_EDGE ( 'NONE', *, *, #5905, .T. ) ;
#5714 = DIRECTION ( 'NONE',  ( 9.251858538542971581E-17, 0.000000000000000000, 1.000000000000000000 ) ) ;
#5715 = LINE ( 'NONE', #6594, #8791 ) ;
#5716 = CARTESIAN_POINT ( 'NONE',  ( 0.1338167715948783976, -3.025811262886429542, -7.355593546751935996 ) ) ;
#5717 = CARTESIAN_POINT ( 'NONE',  ( 0.01382043241903996821, -36.44032147014745249, -2.241928820884707019 ) ) ;
#5718 = ADVANCED_FACE ( 'NONE', ( #6711 ), #8717, .T. ) ;
#5719 = CARTESIAN_POINT ( 'NONE',  ( 0.1108198500055286861, -26.70619878022268878, -2.461678799537815543 ) ) ;
#5720 = DIRECTION ( 'NONE',  ( -1.000000000000000000, 0.000000000000000000, 0.000000000000000000 ) ) ;
#5721 = EDGE_CURVE ( 'NONE', #3362, #4862, #7543, .T. ) ;
#5722 = APPROVAL_PERSON_ORGANIZATION ( #4030, #1827, #6277 ) ;
#5723 = CARTESIAN_POINT ( 'NONE',  ( -15.46531886971331460, -39.40000000000000568, 32.76847944573214733 ) ) ;
#5724 = CARTESIAN_POINT ( 'NONE',  ( 6.505213034913028576E-16, -12.47666666666666657, -36.57223050896223526 ) ) ;
#5725 = LINE ( 'NONE', #477, #8503 ) ;
#5726 = CARTESIAN_POINT ( 'NONE',  ( 0.07745352741693647958, -12.62598267583204681, -7.004264923794062625 ) ) ;
#5727 = CARTESIAN_POINT ( 'NONE',  ( -19.02436944543629238, -39.40000000000001990, -37.24745481560569260 ) ) ;
#5728 = CARTESIAN_POINT ( 'NONE',  ( -8.962799712383995754, -39.40000000000000568, -42.84440053730970277 ) ) ;
#5729 = EDGE_CURVE ( 'NONE', #7665, #9438, #2378, .T. ) ;
#5730 = CARTESIAN_POINT ( 'NONE',  ( -15.66802192075116729, -39.39999999999999147, 33.23335317926773058 ) ) ;
#5731 = CARTESIAN_POINT ( 'NONE',  ( 0.1578015486893034058, -36.31833074443508025, 2.270223470978530056 ) ) ;
#5732 = ORIENTED_EDGE ( 'NONE', *, *, #5411, .T. ) ;
#5733 = FACE_OUTER_BOUND ( 'NONE', #9706, .T. ) ;
#5734 = LINE ( 'NONE', #7408, #25 ) ;
#5735 = CARTESIAN_POINT ( 'NONE',  ( 0.1111549592993610613, -3.000291295968346983, -9.549537619853376569 ) ) ;
#5736 = DIRECTION ( 'NONE',  ( -0.000000000000000000, -0.000000000000000000, -1.000000000000000000 ) ) ;
#5737 = CARTESIAN_POINT ( 'NONE',  ( 0.000000000000000000, -26.31410844639965774, 2.515349321599992916 ) ) ;
#5738 = ORIENTED_EDGE ( 'NONE', *, *, #8774, .F. ) ;
#5739 = ORIENTED_EDGE ( 'NONE', *, *, #7115, .T. ) ;
#5740 = ORIENTED_EDGE ( 'NONE', *, *, #6338, .F. ) ;
#5741 = CARTESIAN_POINT ( 'NONE',  ( 0.1016644731461542467, -36.24671386194250999, 2.381623554747056559 ) ) ;
#5742 = CARTESIAN_POINT ( 'NONE',  ( 0.1128397414753130740, -12.54934283218509883, -9.999883026661207097 ) ) ;
#5743 = CARTESIAN_POINT ( 'NONE',  ( -21.05518610369865584, 1.359396856157899439E-15, -38.34432145671164704 ) ) ;
#5744 = ORIENTED_EDGE ( 'NONE', *, *, #567, .F. ) ;
#5745 = EDGE_CURVE ( 'NONE', #1670, #6700, #4189, .T. ) ;
#5746 = CARTESIAN_POINT ( 'NONE',  ( 0.1632753398470063733, -26.63664699553112669, 2.416189249462178168 ) ) ;
#5747 = CARTESIAN_POINT ( 'NONE',  ( -16.20000000000000284, -13.35000000000002096, -37.50000000000000711 ) ) ;
#5748 = CARTESIAN_POINT ( 'NONE',  ( 0.09621752899302440931, -12.93047822441947758, -7.209151624869706509 ) ) ;
#5749 = FACE_OUTER_BOUND ( 'NONE', #3551, .T. ) ;
#5750 = LINE ( 'NONE', #7180, #7381 ) ;
#5751 = DIRECTION ( 'NONE',  ( 8.673617379884321040E-15, -0.8660254037844309360, 0.5000000000000134337 ) ) ;
#5752 = VERTEX_POINT ( 'NONE', #8765 ) ;
#5753 = PLANE ( 'NONE',  #2007 ) ;
#5754 = EDGE_CURVE ( 'NONE', #7218, #9630, #8067, .T. ) ;
#5755 = CARTESIAN_POINT ( 'NONE',  ( -12.69999999999999929, -1.734723475976807094E-15, -43.00000000000002132 ) ) ;
#5756 = DIRECTION ( 'NONE',  ( 0.000000000000000000, -0.5000000000000003331, 0.8660254037844385966 ) ) ;
#5757 = B_SPLINE_CURVE_WITH_KNOTS ( 'NONE', 3,
 ( #9120, #6987, #3910, #178, #8425, #3177, #6152, #268, #226, #6200 ),
 .UNSPECIFIED., .F., .F.,
 ( 4, 2, 2, 2, 4 ),
 ( 0.000000000000000000, 0.2500000000000000000, 0.5000000000000000000, 0.7500000000000000000, 1.000000000000000000 ),
 .UNSPECIFIED. ) ;
#5758 = VECTOR ( 'NONE', #2180, 1000.000000000000000 ) ;
#5759 = DIRECTION ( 'NONE',  ( 0.000000000000000000, 0.000000000000000000, 1.000000000000000000 ) ) ;
#5760 = CARTESIAN_POINT ( 'NONE',  ( -4.450219643441776896, -4.661414970987124174E-16, 41.04474660890063831 ) ) ;
#5761 = CIRCLE ( 'NONE', #4198, 0.1000000000000002554 ) ;
#5762 = AXIS2_PLACEMENT_3D ( 'NONE', #1801, #4788, #3184 ) ;
#5763 = VERTEX_POINT ( 'NONE', #5800 ) ;
#5764 = DIRECTION ( 'NONE',  ( 1.000000000000000000, -0.000000000000000000, -9.251858538542972814E-17 ) ) ;
#5765 = CARTESIAN_POINT ( 'NONE',  ( 0.03864744970013527653, -3.373804943601575346, -6.978967490600266110 ) ) ;
#5766 = CARTESIAN_POINT ( 'NONE',  ( 0.1179417162407574299, -3.007146852766233280, -7.431882152329944091 ) ) ;
#5767 = CARTESIAN_POINT ( 'NONE',  ( -36.25000000000000000, -2.000000000000003997, -43.00000000000000000 ) ) ;
#5768 = CIRCLE ( 'NONE', #2802, 3.750000000000003553 ) ;
#5769 = CARTESIAN_POINT ( 'NONE',  ( 0.1563214124951888828, -36.13825457423369159, -2.432962359915556760 ) ) ;
#5770 = CARTESIAN_POINT ( 'NONE',  ( -9.399999999999998579, -13.15000000000000036, 2.973353886326579598 ) ) ;
#5771 = CARTESIAN_POINT ( 'NONE',  ( -8.427769491037762961, -26.92333333333333556, -45.00000000000000711 ) ) ;
#5773 = EDGE_CURVE ( 'NONE', #9528, #8558, #8814, .T. ) ;
#5772 = CARTESIAN_POINT ( 'NONE',  ( -3.128077913946684330, -37.40000000000000568, -42.55199308656872859 ) ) ;
#5774 = VECTOR ( 'NONE', #5276, 1000.000000000000000 ) ;
#5775 = CARTESIAN_POINT ( 'NONE',  ( 0.09095863857894558036, -12.50207726405454345, -6.999653789324246311 ) ) ;
#5776 = CARTESIAN_POINT ( 'NONE',  ( -25.18851900019397760, -39.40000000000002700, -37.35215164527971865 ) ) ;
#5777 = CARTESIAN_POINT ( 'NONE',  ( 0.09999999999999939493, -36.39999999999999858, 0.000000000000000000 ) ) ;
#5778 = CARTESIAN_POINT ( 'NONE',  ( -19.26109671082659958, -39.39999999999999147, 37.40486065482025424 ) ) ;
#5779 = CARTESIAN_POINT ( 'NONE',  ( 0.1381403158392281449, -36.23022634153279853, 2.364714718707366714 ) ) ;
#5780 = VERTEX_POINT ( 'NONE', #3503 ) ;
#5781 = CYLINDRICAL_SURFACE ( 'NONE', #4986, 0.09999999999999939493 ) ;
#5782 = CARTESIAN_POINT ( 'NONE',  ( -9.299999999999998934, -26.25000000000000711, 1.653119892915412051E-14 ) ) ;
#5783 = CARTESIAN_POINT ( 'NONE',  ( 0.1292045091386378741, -3.083861470170128793, -9.773023846167047779 ) ) ;
#5784 = EDGE_CURVE ( 'NONE', #4399, #7642, #9268, .T. ) ;
#5785 = DIRECTION ( 'NONE',  ( 4.625929269271485791E-17, 0.8660254037844389297, 0.4999999999999997780 ) ) ;
#5786 = CARTESIAN_POINT ( 'NONE',  ( -14.96706954429658865, 1.719865284949668840E-15, -31.32199508613021877 ) ) ;
#5787 = ORIENTED_EDGE ( 'NONE', *, *, #3674, .T. ) ;
#5788 = ORIENTED_EDGE ( 'NONE', *, *, #3613, .T. ) ;
#5789 = VERTEX_POINT ( 'NONE', #1985 ) ;
#5790 = FACE_OUTER_BOUND ( 'NONE', #1749, .T. ) ;
#5791 = CARTESIAN_POINT ( 'NONE',  ( 0.3690919000932129101, -12.80497740018841135, -9.897528356792147264 ) ) ;
#5792 = CARTESIAN_POINT ( 'NONE',  ( -19.91676659036670216, 1.328572323459561321E-15, -37.79448082758321448 ) ) ;
#5793 = ORIENTED_EDGE ( 'NONE', *, *, #2308, .T. ) ;
#5794 = CARTESIAN_POINT ( 'NONE',  ( 0.3550498684269757232, -26.46310680582287134, 2.251809490185450180 ) ) ;
#5795 = DIRECTION ( 'NONE',  ( 0.000000000000000000, 0.000000000000000000, -1.000000000000000000 ) ) ;
#5796 = LINE ( 'NONE', #694, #5261 ) ;
#5797 = DIRECTION ( 'NONE',  ( -1.000000000000000000, 0.000000000000000000, -0.000000000000000000 ) ) ;
#5798 = EDGE_CURVE ( 'NONE', #5982, #5629, #6578, .T. ) ;
#5799 = CARTESIAN_POINT ( 'NONE',  ( -4.467702067403857669, -39.39999999999999858, 41.05988954543457226 ) ) ;
#5800 = CARTESIAN_POINT ( 'NONE',  ( -9.299999999999997158, -31.39999999999999858, 13.09999999999999254 ) ) ;
#5801 = ORIENTED_EDGE ( 'NONE', *, *, #6088, .F. ) ;
#5802 = DIRECTION ( 'NONE',  ( 1.000000000000000000, 0.000000000000000000, -0.000000000000000000 ) ) ;
#5803 = VECTOR ( 'NONE', #6294, 1000.000000000000000 ) ;
#5804 = CARTESIAN_POINT ( 'NONE',  ( -3.596261678817997520, -2.000000000000001776, -42.92765443739086351 ) ) ;
#5805 = AXIS2_PLACEMENT_3D ( 'NONE', #2227, #5166, #2380 ) ;
#5806 = CARTESIAN_POINT ( 'NONE',  ( 0.01648282397506063007, -26.64273982461314461, -2.542876695477324756 ) ) ;
#5807 = CARTESIAN_POINT ( 'NONE',  ( 0.000000000000000000, -8.000000000000000000, -1.224646799147353256E-15 ) ) ;
#5808 = CARTESIAN_POINT ( 'NONE',  ( -11.94772167351066017, -2.000000000002610800, 45.00000000000000000 ) ) ;
#5809 = EDGE_CURVE ( 'NONE', #187, #2024, #7272, .T. ) ;
#5810 = VECTOR ( 'NONE', #7268, 1000.000000000000000 ) ;
#5811 = ORIENTED_EDGE ( 'NONE', *, *, #2370, .F. ) ;
#5812 = VECTOR ( 'NONE', #3282, 1000.000000000000114 ) ;
#5813 = ORIENTED_EDGE ( 'NONE', *, *, #9377, .T. ) ;
#5814 = CARTESIAN_POINT ( 'NONE',  ( -3.719743878930847458, -12.47666666666667190, 44.08951261808173427 ) ) ;
#5815 = CARTESIAN_POINT ( 'NONE',  ( 0.04882544355170476136, -13.01407712704218156, -9.582701009920228330 ) ) ;
#5816 = DIRECTION ( 'NONE',  ( -9.251858538542972814E-17, -0.000000000000000000, -1.000000000000000000 ) ) ;
#5817 = DIRECTION ( 'NONE',  ( 0.000000000000000000, 0.8660254037844653530, -0.4999999999999538147 ) ) ;
#5818 = CARTESIAN_POINT ( 'NONE',  ( 0.09667812241417893249, -35.90031699394363329, -2.500052832323935270 ) ) ;
#5819 = AXIS2_PLACEMENT_3D ( 'NONE', #4494, #3770, #6303 ) ;
#5820 = CARTESIAN_POINT ( 'NONE',  ( -9.400000000000000355, -9.388620667976089962, -16.26156800992583840 ) ) ;
#5821 = CARTESIAN_POINT ( 'NONE',  ( -2.001056710143802153, -39.39999999999999147, -33.79305298114307021 ) ) ;
#5822 = CARTESIAN_POINT ( 'NONE',  ( 0.1742930184515920633, -12.88153098485071979, -7.192403678970614500 ) ) ;
#5823 = CARTESIAN_POINT ( 'NONE',  ( -26.86388474551888450, -37.40000000000001279, -37.50000000000000000 ) ) ;
#5824 = CARTESIAN_POINT ( 'NONE',  ( 7.500000000000001776, -36.39999999999999858, 0.000000000000000000 ) ) ;
#5825 = CARTESIAN_POINT ( 'NONE',  ( -16.41017446848763228, -39.39999999999999147, 34.56212944931478859 ) ) ;
#5826 = CARTESIAN_POINT ( 'NONE',  ( 0.3643817704173937244, -36.20497740018841171, 2.397528356792145487 ) ) ;
#5827 = EDGE_LOOP ( 'NONE', ( #7168, #5281, #3219, #255 ) ) ;
#5828 = DIRECTION ( 'NONE',  ( -1.000000000000000000, 0.000000000000000000, 9.251858538542972814E-17 ) ) ;
#5829 = CARTESIAN_POINT ( 'NONE',  ( -16.19999999999999929, -7.999999999999996447, 5.946707772653153867 ) ) ;
#5830 = CARTESIAN_POINT ( 'NONE',  ( 0.3541161069170069564, -3.050583519783614417, -9.721575603183996606 ) ) ;
#5831 = DIRECTION ( 'NONE',  ( 1.000000000000000000, 0.000000000000000000, 9.107298248878292781E-14 ) ) ;
#5832 = CARTESIAN_POINT ( 'NONE',  ( -15.46531886971331460, 1.713233997176175659E-15, -32.76847944573211180 ) ) ;
#5833 = ORIENTED_EDGE ( 'NONE', *, *, #935, .F. ) ;
#5834 = ORIENTED_EDGE ( 'NONE', *, *, #7483, .F. ) ;
#5835 = VERTEX_POINT ( 'NONE', #6439 ) ;
#5836 = CARTESIAN_POINT ( 'NONE',  ( -9.299999999999998934, -13.15000000000000036, 2.973353886326578266 ) ) ;
#5837 = CARTESIAN_POINT ( 'NONE',  ( 0.1610282814261808637, -12.91833283932413146, -9.769446986717472470 ) ) ;
#5838 = CARTESIAN_POINT ( 'NONE',  ( -9.300000000000002487, -46.89935565298213760, -24.51073498500608494 ) ) ;
#5839 = ORIENTED_EDGE ( 'NONE', *, *, #2206, .T. ) ;
#5840 = ADVANCED_FACE ( 'NONE', ( #9448 ), #5067, .F. ) ;
#5841 = CARTESIAN_POINT ( 'NONE',  ( 0.09621752899302424278, -26.46952177558052099, 2.290848375130295267 ) ) ;
#5842 = CYLINDRICAL_SURFACE ( 'NONE', #648, 0.1000000000000002554 ) ;
#5843 = CARTESIAN_POINT ( 'NONE',  ( 0.4397376543209871591, -12.49999999999999822, -6.999999999999999112 ) ) ;
#5844 = DIRECTION ( 'NONE',  ( 0.000000000000000000, 0.000000000000000000, -1.000000000000000000 ) ) ;
#5845 = CARTESIAN_POINT ( 'NONE',  ( -11.94797103751327683, -39.40000000000000568, 43.00000000000000000 ) ) ;
#5846 = DIRECTION ( 'NONE',  ( -1.000000000000000000, 0.000000000000000000, -0.000000000000000000 ) ) ;
#5847 = EDGE_LOOP ( 'NONE', ( #3605, #9072, #5474, #7514 ) ) ;
#5848 = DIRECTION ( 'NONE',  ( 1.000000000000000000, 1.224646799147353454E-16, -0.000000000000000000 ) ) ;
#5849 = EDGE_LOOP ( 'NONE', ( #2489, #8695, #1526, #8913 ) ) ;
#5850 = CARTESIAN_POINT ( 'NONE',  ( -0.5257922024292761565, -1.999999999999999112, -38.03587610566751920 ) ) ;
#5851 = CARTESIAN_POINT ( 'NONE',  ( 0.02117323960661519899, -26.40406072606874233, -2.495939273931201630 ) ) ;
#5852 = EDGE_CURVE ( 'NONE', #7566, #6097, #4972, .T. ) ;
#5853 = LINE ( 'NONE', #662, #1432 ) ;
#5854 = CARTESIAN_POINT ( 'NONE',  ( -1.301022790840802301, 8.166810093707496545E-14, 40.13802362851629368 ) ) ;
#5855 = ORIENTED_EDGE ( 'NONE', *, *, #9655, .F. ) ;
#5856 = ORIENTED_EDGE ( 'NONE', *, *, #7927, .F. ) ;
#5857 = VECTOR ( 'NONE', #319, 1000.000000000000000 ) ;
#5858 = LINE ( 'NONE', #8875, #10 ) ;
#5859 = TOROIDAL_SURFACE ( 'NONE', #5547, 0.2000000000000000111, 0.1000000000000000056 ) ;
#5860 = CARTESIAN_POINT ( 'NONE',  ( -16.29999999999999716, -37.40000000000000568, 26.93611525448112687 ) ) ;
#5861 = CARTESIAN_POINT ( 'NONE',  ( 0.07435090773748033455, -36.39988681114318325, 2.042242355414649158 ) ) ;
#5862 = CARTESIAN_POINT ( 'NONE',  ( 0.1848515071018368150, -36.22505881683392204, -2.363031105309316704 ) ) ;
#5863 = EDGE_CURVE ( 'NONE', #9286, #6782, #2844, .T. ) ;
#5864 = CARTESIAN_POINT ( 'NONE',  ( -3.719743878930847458, -12.47666666666666657, -44.08951261808173427 ) ) ;
#5865 = CIRCLE ( 'NONE', #4151, 0.1000000000000002554 ) ;
#5866 = CARTESIAN_POINT ( 'NONE',  ( -4.157795019462122710, -37.39999999999999147, -43.29648096298603122 ) ) ;
#5867 = EDGE_LOOP ( 'NONE', ( #2885, #5345, #212, #4719 ) ) ;
#5868 = CARTESIAN_POINT ( 'NONE',  ( 0.1350228211435599845, -12.81335985481610074, -7.117854786455585447 ) ) ;
#5869 = DIRECTION ( 'NONE',  ( -0.000000000000000000, -0.000000000000000000, 1.000000000000000000 ) ) ;
#5870 = CIRCLE ( 'NONE', #1804, 1.750000000000001554 ) ;
#5871 = CARTESIAN_POINT ( 'NONE',  ( -5.900486304358144807, -39.40000000000000568, -41.97004531990000231 ) ) ;
#5872 = CARTESIAN_POINT ( 'NONE',  ( -17.31561912243294543, -37.39999999999999858, 32.00514982077061887 ) ) ;
#5873 = CARTESIAN_POINT ( 'NONE',  ( 0.1742971921428912718, -36.22593639244646369, 2.363131905714957348 ) ) ;
#5874 = VERTEX_POINT ( 'NONE', #8670 ) ;
#5875 = EDGE_CURVE ( 'NONE', #6708, #2861, #6713, .T. ) ;
#5876 = LINE ( 'NONE', #8891, #3272 ) ;
#5877 = DIRECTION ( 'NONE',  ( -4.625929269271482709E-17, -0.8660254037844389297, -0.4999999999999994449 ) ) ;
#5878 = CC_DESIGN_APPROVAL ( #9100, ( #8404 ) ) ;
#5879 = CARTESIAN_POINT ( 'NONE',  ( 0.1848515071127607157, -3.136968894553881615, -9.825058819050255465 ) ) ;
#5880 = CARTESIAN_POINT ( 'NONE',  ( -5.400136499227282449, -8.470541731396441835E-16, 41.70829688013679259 ) ) ;
#5881 = CARTESIAN_POINT ( 'NONE',  ( 0.05749240906863324618, -35.95291742928815637, -2.509428728410919351 ) ) ;
#5882 = ADVANCED_FACE ( 'NONE', ( #1188 ), #3550, .F. ) ;
#5883 = ORIENTED_EDGE ( 'NONE', *, *, #8988, .T. ) ;
#5884 = VERTEX_POINT ( 'NONE', #2824 ) ;
#5885 = ORIENTED_EDGE ( 'NONE', *, *, #8822, .T. ) ;
#5886 = FACE_OUTER_BOUND ( 'NONE', #4478, .T. ) ;
#5887 = CARTESIAN_POINT ( 'NONE',  ( 0.1802054849786306201, -12.82542475306958707, -9.863027421159948460 ) ) ;
#5888 = CARTESIAN_POINT ( 'NONE',  ( -20.34575990771741161, -5.346962884156867406E-14, -35.72381345961278498 ) ) ;
#5889 = ORIENTED_EDGE ( 'NONE', *, *, #7483, .T. ) ;
#5890 = CARTESIAN_POINT ( 'NONE',  ( 0.1750571040128811040, -26.57407393353027913, 2.363115001088526235 ) ) ;
#5891 = CARTESIAN_POINT ( 'NONE',  ( -9.400000000000000355, -26.24999999999999289, -12.47335388632657427 ) ) ;
#5892 = LINE ( 'NONE', #3652, #2290 ) ;
#5893 = CARTESIAN_POINT ( 'NONE',  ( 0.4397376543209853272, -26.83455069076560662, -2.496746584583539263 ) ) ;
#5894 = FACE_OUTER_BOUND ( 'NONE', #1701, .T. ) ;
#5895 = CARTESIAN_POINT ( 'NONE',  ( -16.29999999999999716, -26.09999999999999432, 6.382308546376025404 ) ) ;
#5896 = VERTEX_POINT ( 'NONE', #4474 ) ;
#5897 = CARTESIAN_POINT ( 'NONE',  ( 0.4397376543092829104, -36.03089969389958469, -2.500000000000000000 ) ) ;
#5898 = ORIENTED_EDGE ( 'NONE', *, *, #8352, .F. ) ;
#5899 = CARTESIAN_POINT ( 'NONE',  ( -0.08646258575103070443, -2.000000000000000444, -35.47510096531829760 ) ) ;
#5900 = AXIS2_PLACEMENT_3D ( 'NONE', #6024, #5576, #4748 ) ;
#5901 = CARTESIAN_POINT ( 'NONE',  ( -16.19999999999999929, -31.49999999999998579, 3.380087146589984215 ) ) ;
#5902 = CARTESIAN_POINT ( 'NONE',  ( -36.25000000000000000, -6.384134619711600165E-15, 45.00000000000000000 ) ) ;
#5903 = CARTESIAN_POINT ( 'NONE',  ( -5.711226409274396509, -8.877049644040673568E-16, 41.87720649416895213 ) ) ;
#5904 = ADVANCED_FACE ( 'NONE', ( #8214 ), #9427, .T. ) ;
#5905 = EDGE_CURVE ( 'NONE', #928, #1321, #5650, .T. ) ;
#5906 = VERTEX_POINT ( 'NONE', #5945 ) ;
#5907 = ORIENTED_EDGE ( 'NONE', *, *, #9110, .T. ) ;
#5908 = CARTESIAN_POINT ( 'NONE',  ( 0.000000000000000000, -36.50000000000000711, 45.00000000000000000 ) ) ;
#5909 = FACE_OUTER_BOUND ( 'NONE', #493, .T. ) ;
#5910 = CARTESIAN_POINT ( 'NONE',  ( 5.579261387808333489E-09, 3.395992587806555469E-12, 33.04644055049330120 ) ) ;
#5911 = CARTESIAN_POINT ( 'NONE',  ( 0.1822098361223553897, -36.20558224420395987, -2.381333368143891516 ) ) ;
#5912 = AXIS2_PLACEMENT_3D ( 'NONE', #1141, #309, #6981 ) ;
#5913 = B_SPLINE_SURFACE_WITH_KNOTS ( 'NONE', 3, 3, ( 
 ( #2482, #5466, #8370, #991, #3257, #2529, #5514, #802, #3807, #6786, #6839, #6098 ),
 ( #5374, #7076, #4916, #1234, #7822, #6290, #6383, #1833, #2766, #4182, #5555, #7222 ),
 ( #7173, #4817, #1086, #7774, #8615, #5646, #4088, #4228, #4868, #453, #501, #357 ),
 ( #5601, #9302, #1035, #6478, #2577, #7966, #3355, #7918, #405, #8565, #6334, #8663 ),
 ( #9443, #9345, #2672, #3497, #2624, #3405, #5746, #1882, #7872, #1137, #8757, #9486 ),
 ( #4136, #5697, #2029, #7123, #8709, #1980, #1932, #9395, #1183, #3451, #306, #4966 ),
 ( #6431, #2719, #4041, #7027, #3303, #1280, #5890, #7371, #545, #4469, #5062, #6673 ),
 ( #7267, #7471, #1377, #3544, #6524, #5209, #3014, #8906, #6725, #8158, #14, #7420 ),
 ( #5841, #5940, #8856, #8109, #2917, #1428, #8953, #4275, #645, #1477, #5794, #2220 ),
 ( #4373, #2817, #8209, #9536, #7316, #1327, #8061, #5160, #9680, #743, #8806, #2965 ),
 ( #6573, #2076, #9632, #4324, #2171, #5988, #3746, #3649, #9005, #5012, #6625, #8012 ),
 ( #4424, #593, #3597, #9583, #692, #2867, #2123, #3698, #5110, #1723, #887, #1675 ),
 ( #6086, #3842, #841, #2321, #8310, #6132, #2271, #6827, #3932, #4711, #4573, #9147 ),
 ( #3153, #4519, #5260, #7573, #61, #8259, #1527, #790, #7522, #8359, #3795, #6776 ) ),
 .UNSPECIFIED., .F., .F., .F.,
 ( 4, 2, 2, 2, 2, 2, 4 ),
 ( 4, 2, 2, 2, 2, 4 ),
 ( 0.000000000000000000, 0.2500000000000003331, 0.3749999999999997780, 0.4999999999999991673, 0.7499999999999997780, 0.8749999999999998890, 1.000000000000000000 ),
 ( 0.000000000000000000, 0.2906416537627835583, 0.2973477540309194533, 0.3033705426952266193, 0.3469098837767755072, 1.000000000000000000 ),
 .UNSPECIFIED. ) ;
#5914 = DIRECTION ( 'NONE',  ( 1.000000000000000000, -0.000000000000000000, -0.000000000000000000 ) ) ;
#5915 = CARTESIAN_POINT ( 'NONE',  ( -5.215008854212201506, -39.39999999999999147, -41.59759393175519904 ) ) ;
#5916 = ORIENTED_EDGE ( 'NONE', *, *, #9308, .T. ) ;
#5917 = CARTESIAN_POINT ( 'NONE',  ( 0.1407824004328551704, -12.96183488791026406, -7.319948803625742961 ) ) ;
#5918 = ADVANCED_FACE ( 'NONE', ( #7625 ), #4580, .F. ) ;
#5919 = AXIS2_PLACEMENT_3D ( 'NONE', #6310, #1627, #7571 ) ;
#5920 = CARTESIAN_POINT ( 'NONE',  ( -29.00000000000001066, -37.39999999999865565, -37.50000000000000711 ) ) ;
#5921 = CARTESIAN_POINT ( 'NONE',  ( -2.157459212905036505, -39.40000000000000568, -36.04880459228405698 ) ) ;
#5922 = AXIS2_PLACEMENT_3D ( 'NONE', #4602, #7648, #7599 ) ;
#5923 = CARTESIAN_POINT ( 'NONE',  ( -18.20230277218787052, -39.39999999999999147, 33.64381477672414178 ) ) ;
#5924 = CARTESIAN_POINT ( 'NONE',  ( 0.1637549589983355591, -36.20813121641342747, 2.381349513878567414 ) ) ;
#5925 = ORIENTED_EDGE ( 'NONE', *, *, #6747, .T. ) ;
#5926 = DIRECTION ( 'NONE',  ( -1.000000000000000000, 0.000000000000000000, 9.251858538542972814E-17 ) ) ;
#5927 = CIRCLE ( 'NONE', #4523, 0.5000000000000004441 ) ;
#5928 = DIRECTION ( 'NONE',  ( 0.000000000000000000, 0.000000000000000000, 1.000000000000000000 ) ) ;
#5929 = CARTESIAN_POINT ( 'NONE',  ( 0.1390187199182014166, -3.118514916523290825, -9.812117682393258988 ) ) ;
#5930 = DIRECTION ( 'NONE',  ( 0.000000000000000000, 0.000000000000000000, 1.000000000000000000 ) ) ;
#5931 = ADVANCED_FACE ( 'NONE', ( #8164 ), #6822, .T. ) ;
#5932 = CARTESIAN_POINT ( 'NONE',  ( -29.00000000000000355, -39.34794535333661258, 38.97650423128147423 ) ) ;
#5933 = ORIENTED_EDGE ( 'NONE', *, *, #5123, .T. ) ;
#5934 = EDGE_LOOP ( 'NONE', ( #5933, #4368, #3491, #3240 ) ) ;
#5935 = ORIENTED_EDGE ( 'NONE', *, *, #3361, .T. ) ;
#5936 = CYLINDRICAL_SURFACE ( 'NONE', #3397, 0.09999999999999982514 ) ;
#5937 = CARTESIAN_POINT ( 'NONE',  ( 0.1626308742661622397, -12.76354480844341133, -9.916186471048003881 ) ) ;
#5938 = CARTESIAN_POINT ( 'NONE',  ( -18.42732104032656792, 1.785313048218093828E-15, -36.81632892700250181 ) ) ;
#5939 = ORIENTED_EDGE ( 'NONE', *, *, #5134, .F. ) ;
#5940 = CARTESIAN_POINT ( 'NONE',  ( 0.1032641237546308433, -26.47762485035990210, 2.292362806155864519 ) ) ;
#5941 = LINE ( 'NONE', #4374, #2387 ) ;
#5942 = DIRECTION ( 'NONE',  ( 1.000000000000000000, 0.000000000000000000, 0.000000000000000000 ) ) ;
#5943 = CARTESIAN_POINT ( 'NONE',  ( 0.4397376543209853272, -26.77036218801979572, -2.483978110730989286 ) ) ;
#5944 = CARTESIAN_POINT ( 'NONE',  ( -8.427769491037762961, -2.000000000000000888, 45.00000000000000000 ) ) ;
#5945 = CARTESIAN_POINT ( 'NONE',  ( 0.03864744970013655329, -26.77380494360158281, 2.521032509399734334 ) ) ;
#5946 = ORIENTED_EDGE ( 'NONE', *, *, #3762, .F. ) ;
#5947 = DIRECTION ( 'NONE',  ( 0.000000000000000000, -1.000000000000000000, 0.000000000000000000 ) ) ;
#5948 = ORIENTED_EDGE ( 'NONE', *, *, #1139, .T. ) ;
#5949 = CARTESIAN_POINT ( 'NONE',  ( -0.9927620392582002795, -39.14757277670850755, 32.30000000000000426 ) ) ;
#5950 = DIRECTION ( 'NONE',  ( -1.000000000000000000, 0.000000000000000000, 9.251858538542972814E-17 ) ) ;
#5951 = CARTESIAN_POINT ( 'NONE',  ( -17.32958393997357760, -39.40000000000000568, 35.77949595103485336 ) ) ;
#5952 = DIRECTION ( 'NONE',  ( 1.761140584748027917E-16, -1.000000000000000000, 0.000000000000000000 ) ) ;
#5953 = CARTESIAN_POINT ( 'NONE',  ( -14.82349576871856556, -39.34794535333662679, -24.80000000000000426 ) ) ;
#5954 = CARTESIAN_POINT ( 'NONE',  ( 0.02117323960668111502, -36.39593927393104877, 2.495939273931170099 ) ) ;
#5955 = ORIENTED_EDGE ( 'NONE', *, *, #9412, .T. ) ;
#5956 = CARTESIAN_POINT ( 'NONE',  ( 8.000000000000001776, -35.89999999999999858, 2.000000000000000000 ) ) ;
#5957 = CARTESIAN_POINT ( 'NONE',  ( -20.01974387893084995, -37.40000000000000568, 36.58951261808174849 ) ) ;
#5958 = CARTESIAN_POINT ( 'NONE',  ( 0.1016644731461501666, -36.24671386194250999, -2.381623554747058336 ) ) ;
#5959 = ADVANCED_FACE ( 'NONE', ( #3801 ), #7057, .T. ) ;
#5960 = CARTESIAN_POINT ( 'NONE',  ( -16.19999999999999929, -31.39999999999997726, 15.56217782649107484 ) ) ;
#5961 = AXIS2_PLACEMENT_3D ( 'NONE', #1239, #6631, #505 ) ;
#5962 = VECTOR ( 'NONE', #4281, 1000.000000000000114 ) ;
#5963 = CARTESIAN_POINT ( 'NONE',  ( -6.394892337829350737, -39.40000000000000568, -42.19114698055146562 ) ) ;
#5964 = ORIENTED_EDGE ( 'NONE', *, *, #371, .F. ) ;
#5965 = CARTESIAN_POINT ( 'NONE',  ( 0.1665584839824448826, -12.82671770207282158, -7.136637983892521575 ) ) ;
#5966 = CARTESIAN_POINT ( 'NONE',  ( 8.000000000000000000, -26.89999999999999858, 0.000000000000000000 ) ) ;
#5967 = DIRECTION ( 'NONE',  ( 0.000000000000000000, 0.000000000000000000, 1.000000000000000000 ) ) ;
#5968 = CIRCLE ( 'NONE', #3321, 0.5000000000000000000 ) ;
#5969 = CARTESIAN_POINT ( 'NONE',  ( -14.32297852103729419, -39.40000000000003411, 26.83199425944866690 ) ) ;
#5970 = CARTESIAN_POINT ( 'NONE',  ( 0.2061851167017957620, -36.37520683461926296, 2.110571415900234005 ) ) ;
#5971 = VERTEX_POINT ( 'NONE', #6781 ) ;
#5972 = CARTESIAN_POINT ( 'NONE',  ( -7.457732342077650678, -37.39999999999999147, 44.59161677867795959 ) ) ;
#5973 = EDGE_CURVE ( 'NONE', #6379, #8558, #5184, .T. ) ;
#5974 = DIRECTION ( 'NONE',  ( -0.000000000000000000, 1.301042606982613209E-14, 1.000000000000000000 ) ) ;
#5975 = CARTESIAN_POINT ( 'NONE',  ( 0.1731227113342780344, -3.136842551247658761, -9.826116598590912687 ) ) ;
#5976 = AXIS2_PLACEMENT_3D ( 'NONE', #7896, #4159, #6408 ) ;
#5977 = CARTESIAN_POINT ( 'NONE',  ( -7.855468638272720128, -8.221587561381774474E-16, 42.63046069562728491 ) ) ;
#5978 = CARTESIAN_POINT ( 'NONE',  ( 0.03864744970013726105, -26.37896749060026380, 2.126195056398411332 ) ) ;
#5979 = FACE_OUTER_BOUND ( 'NONE', #9146, .T. ) ;
#5980 = ORIENTED_EDGE ( 'NONE', *, *, #8671, .F. ) ;
#5981 = B_SPLINE_CURVE_WITH_KNOTS ( 'NONE', 3,
 ( #8660, #1930, #4914, #7915, #1181, #449, #3449, #8707, #4225, #1977, #4964, #7963, #6623 ),
 .UNSPECIFIED., .F., .F.,
 ( 4, 1, 2, 2, 2, 2, 4 ),
 ( 0.000000000000000000, 0.1250000000000560663, 0.1875000000000840994, 0.2500000000001121325, 0.5000000000000747180, 0.7500000000000374145, 1.000000000000000000 ),
 .UNSPECIFIED. ) ;
#5982 = VERTEX_POINT ( 'NONE', #9686 ) ;
#5983 = ORIENTED_EDGE ( 'NONE', *, *, #5024, .F. ) ;
#5984 = DIRECTION ( 'NONE',  ( -0.000000000000000000, -1.000000000000000000, 0.000000000000000000 ) ) ;
#5985 = CARTESIAN_POINT ( 'NONE',  ( 0.1774511383218969063, -12.80616610020188872, -9.881308546067106846 ) ) ;
#5986 = CARTESIAN_POINT ( 'NONE',  ( -16.44784835369053155, -1.999999999999999556, -28.61148099987385152 ) ) ;
#5987 = ORIENTED_EDGE ( 'NONE', *, *, #1816, .F. ) ;
#5988 = CARTESIAN_POINT ( 'NONE',  ( 0.1350833069502471728, -26.42579015077245685, 2.143804678522338580 ) ) ;
#5989 = CARTESIAN_POINT ( 'NONE',  ( 0.07312817726059332724, -3.482264664951842281, -6.996495884160863987 ) ) ;
#5990 = EDGE_CURVE ( 'NONE', #6735, #5874, #847, .T. ) ;
#5991 = CARTESIAN_POINT ( 'NONE',  ( 0.4397376543209871036, -36.39999999999999858, 2.000000000000000000 ) ) ;
#5992 = LINE ( 'NONE', #2225, #1602 ) ;
#5993 = LINE ( 'NONE', #8364, #6583 ) ;
#5994 = DIRECTION ( 'NONE',  ( -1.000000000000000000, 3.558195749863460223E-33, 9.251858538542975279E-17 ) ) ;
#5995 = VERTEX_POINT ( 'NONE', #3849 ) ;
#5996 = CARTESIAN_POINT ( 'NONE',  ( -0.9104873819182591754, -26.92333333333333911, 41.28025612106915787 ) ) ;
#5997 = CARTESIAN_POINT ( 'NONE',  ( 0.03864744970013687941, -3.373804943601586004, -10.02103250939973300 ) ) ;
#5998 = ORIENTED_EDGE ( 'NONE', *, *, #7673, .F. ) ;
#5999 = CARTESIAN_POINT ( 'NONE',  ( -3.717811427383902689, 1.708972798409898722E-15, -40.25816173704626522 ) ) ;
#6000 = DIRECTION ( 'NONE',  ( -1.000000000000000000, 0.000000000000000000, 9.251858538542972814E-17 ) ) ;
#6001 = ADVANCED_FACE ( 'NONE', ( #5214 ), #5369, .T. ) ;
#6002 = DIRECTION ( 'NONE',  ( 1.734723475976802677E-14, 0.000000000000000000, 1.000000000000000000 ) ) ;
#6003 = VECTOR ( 'NONE', #1186, 1000.000000000000000 ) ;
#6004 = DIRECTION ( 'NONE',  ( -0.000000000000000000, -0.000000000000000000, -1.000000000000000000 ) ) ;
#6005 = CARTESIAN_POINT ( 'NONE',  ( -12.70000000000000107, -39.14757277670851465, -44.00723796074179717 ) ) ;
#6006 = CARTESIAN_POINT ( 'NONE',  ( 0.1117293984877789081, -3.450562759460813922, -7.000233011597145172 ) ) ;
#6007 = ORIENTED_EDGE ( 'NONE', *, *, #3880, .F. ) ;
#6008 = ADVANCED_FACE ( 'NONE', ( #6731, #7528 ), #7427, .T. ) ;
#6009 = DIRECTION ( 'NONE',  ( 0.000000000000000000, 0.000000000000000000, -1.000000000000000000 ) ) ;
#6010 = CARTESIAN_POINT ( 'NONE',  ( -16.29999999999999716, -26.14999999999999858, -6.353441032916554931 ) ) ;
#6011 = CARTESIAN_POINT ( 'NONE',  ( 0.000000000000000000, -31.39999999999999858, -9.500000000000008882 ) ) ;
#6012 = CARTESIAN_POINT ( 'NONE',  ( 0.1293346990572382393, -36.31822955559936617, -2.279132468138294065 ) ) ;
#6013 = CARTESIAN_POINT ( 'NONE',  ( -16.29999999999999716, -7.899999999999999467, 6.119912853410039766 ) ) ;
#6014 = DIRECTION ( 'NONE',  ( 1.000000000000000000, -0.000000000000000000, -9.251858538542972814E-17 ) ) ;
#6015 = ORIENTED_EDGE ( 'NONE', *, *, #4239, .T. ) ;
#6016 = CARTESIAN_POINT ( 'NONE',  ( 0.09491475995917837694, -12.79038896044774987, -7.070739168152636367 ) ) ;
#6017 = CARTESIAN_POINT ( 'NONE',  ( -16.29999999999999005, -37.66179938779914238, 24.80000000000000782 ) ) ;
#6018 = CARTESIAN_POINT ( 'NONE',  ( -16.19999999999999929, -31.39999999999999147, 15.54670777265314641 ) ) ;
#6019 = AXIS2_PLACEMENT_3D ( 'NONE', #2000, #5817, #4937 ) ;
#6020 = CARTESIAN_POINT ( 'NONE',  ( 0.1096714448637616940, -26.39999999999999503, -2.000000000000000000 ) ) ;
#6021 = ORIENTED_EDGE ( 'NONE', *, *, #2753, .F. ) ;
#6022 = CARTESIAN_POINT ( 'NONE',  ( 0.000000000000000000, -31.39999999999999858, -13.10000000000000142 ) ) ;
#6023 = VECTOR ( 'NONE', #301, 1000.000000000000000 ) ;
#6024 = CARTESIAN_POINT ( 'NONE',  ( -16.29999999999999716, -36.54999999999999005, 6.526646113673449712 ) ) ;
#6025 = CARTESIAN_POINT ( 'NONE',  ( 0.05790538977554802319, -3.331724006168337304, -10.00373866222520824 ) ) ;
#6026 = DIRECTION ( 'NONE',  ( 0.000000000000000000, 0.000000000000000000, 1.000000000000000000 ) ) ;
#6027 = AXIS2_PLACEMENT_3D ( 'NONE', #6421, #4125, #6563 ) ;
#6028 = EDGE_CURVE ( 'NONE', #2631, #3560, #797, .T. ) ;
#6029 = LINE ( 'NONE', #8994, #9127 ) ;
#6030 = CARTESIAN_POINT ( 'NONE',  ( 0.1057754479061220609, -26.87530967825136585, -2.499944664273274775 ) ) ;
#6031 = EDGE_LOOP ( 'NONE', ( #5739, #7119, #3244, #4663 ) ) ;
#6032 = ORIENTED_EDGE ( 'NONE', *, *, #4528, .F. ) ;
#6033 = ORIENTED_EDGE ( 'NONE', *, *, #2808, .F. ) ;
#6034 = CARTESIAN_POINT ( 'NONE',  ( -19.66296187264269335, -2.000000000000000000, 35.24010841131083538 ) ) ;
#6035 = CARTESIAN_POINT ( 'NONE',  ( 0.1160845892730776596, -12.99287983225434751, -9.568976500759569959 ) ) ;
#6036 = CARTESIAN_POINT ( 'NONE',  ( -17.48457875071493817, -2.000000000000109246, -32.39159817366448380 ) ) ;
#6037 = ORIENTED_EDGE ( 'NONE', *, *, #5575, .F. ) ;
#6038 = DIRECTION ( 'NONE',  ( 0.000000000000000000, 1.000000000000000000, 0.000000000000000000 ) ) ;
#6039 = CIRCLE ( 'NONE', #2754, 0.1000000000000028644 ) ;
#6040 = CARTESIAN_POINT ( 'NONE',  ( 0.04678215019978752831, -3.409692099423083711, -6.984740398912606452 ) ) ;
#6041 = DIRECTION ( 'NONE',  ( -1.000000000000000000, 0.000000000000000000, 0.000000000000000000 ) ) ;
#6042 = CARTESIAN_POINT ( 'NONE',  ( 0.07312817726226811255, -2.996495884161223699, -9.517735335046282330 ) ) ;
#6043 = CARTESIAN_POINT ( 'NONE',  ( -16.29999999999999716, -7.949999999999998401, 6.148780366869520897 ) ) ;
#6044 = CARTESIAN_POINT ( 'NONE',  ( 0.000000000000000000, -13.01534932160031310, -6.914108446400106800 ) ) ;
#6045 = EDGE_CURVE ( 'NONE', #5296, #1776, #1101, .T. ) ;
#6046 = ORIENTED_EDGE ( 'NONE', *, *, #5439, .F. ) ;
#6047 = PLANE ( 'NONE',  #3995 ) ;
#6048 = DIRECTION ( 'NONE',  ( 1.000000000000000000, 0.000000000000000000, 0.000000000000000000 ) ) ;
#6049 = ORIENTED_EDGE ( 'NONE', *, *, #5721, .F. ) ;
#6050 = CARTESIAN_POINT ( 'NONE',  ( -9.399999999999998579, -26.14999999999999858, -6.526646113673439054 ) ) ;
#6051 = CARTESIAN_POINT ( 'NONE',  ( 0.000000000000000000, -26.30000000000000071, 2.599999999999998312 ) ) ;
#6052 = CARTESIAN_POINT ( 'NONE',  ( -19.69558773135181085, -39.39999999999998437, 37.67032614531239432 ) ) ;
#6053 = CARTESIAN_POINT ( 'NONE',  ( -36.24999999999999289, -37.40000000000000568, -45.00000000000000000 ) ) ;
#6054 = CARTESIAN_POINT ( 'NONE',  ( 0.1937694398697966391, -3.500000000000000444, -7.000000000000005329 ) ) ;
#6055 = EDGE_CURVE ( 'NONE', #1413, #4071, #5591, .T. ) ;
#6056 = VERTEX_POINT ( 'NONE', #3895 ) ;
#6057 = TOROIDAL_SURFACE ( 'NONE', #8096, 0.2000000000000000111, 0.1000000000000000056 ) ;
#6058 = CARTESIAN_POINT ( 'NONE',  ( 0.3264917695474068293, -26.39999999999999858, -2.000000000000000000 ) ) ;
#6059 = CARTESIAN_POINT ( 'NONE',  ( -18.02050404896515445, -39.40000000000002700, -36.47041606002640890 ) ) ;
#6060 = CARTESIAN_POINT ( 'NONE',  ( -16.19999999999999929, -7.999999999999988454, -5.946707772653140545 ) ) ;
#6061 = CARTESIAN_POINT ( 'NONE',  ( 0.1605640790640111559, -36.16414569765922948, -2.416179932432493072 ) ) ;
#6062 = CYLINDRICAL_SURFACE ( 'NONE', #1115, 0.09999999999999999167 ) ;
#6063 = FACE_OUTER_BOUND ( 'NONE', #6412, .T. ) ;
#6064 = ORIENTED_EDGE ( 'NONE', *, *, #2088, .F. ) ;
#6065 = CARTESIAN_POINT ( 'NONE',  ( 0.000000000000000000, -36.50000000000000711, -2.600000000000000089 ) ) ;
#6066 = CARTESIAN_POINT ( 'NONE',  ( -9.049999999999998934, -31.39999999999999858, -9.500000000000008882 ) ) ;
#6067 = VECTOR ( 'NONE', #2485, 1000.000000000000114 ) ;
#6068 = CARTESIAN_POINT ( 'NONE',  ( -14.29999999999999893, -39.39999999999998437, 24.80000000000001137 ) ) ;
#6069 = ORIENTED_EDGE ( 'NONE', *, *, #6526, .F. ) ;
#6070 = CARTESIAN_POINT ( 'NONE',  ( -1.476504231281440482, -0.05205464666337011881, -32.30000000000001137 ) ) ;
#6071 =( BOUNDED_CURVE ( )  B_SPLINE_CURVE ( 3, ( #7127, #7827, #6242, #946 ),
 .UNSPECIFIED., .F., .F. ) 
 B_SPLINE_CURVE_WITH_KNOTS ( ( 4, 4 ),
 ( 0.6605173887667374899, 1.570796326794898112 ),
 .UNSPECIFIED. ) 
 CURVE ( )  GEOMETRIC_REPRESENTATION_ITEM ( )  RATIONAL_B_SPLINE_CURVE ( ( 1.000000000000000000, 0.9321331520445453878, 0.9321331520445453878, 1.000000000000000000 ) ) 
 REPRESENTATION_ITEM ( '' )  );
#6072 = DIRECTION ( 'NONE',  ( -1.000000000000000000, 0.000000000000000000, 0.000000000000000000 ) ) ;
#6073 = CARTESIAN_POINT ( 'NONE',  ( 0.1205805181785301744, -3.182405190628583291, -9.881349559736170463 ) ) ;
#6074 = AXIS2_PLACEMENT_3D ( 'NONE', #2269, #5034, #2840 ) ;
#6075 = DIRECTION ( 'NONE',  ( 9.251858538542971581E-17, 0.000000000000000000, 1.000000000000000000 ) ) ;
#6076 = CIRCLE ( 'NONE', #8125, 0.09999999999999939493 ) ;
#6077 = CARTESIAN_POINT ( 'NONE',  ( -40.00000000000000000, -31.39999999999999858, 9.500000000000001776 ) ) ;
#6078 = CARTESIAN_POINT ( 'NONE',  ( 0.2049335911817532219, -26.84714480499212996, -2.494715398709450582 ) ) ;
#6079 = ORIENTED_EDGE ( 'NONE', *, *, #4729, .T. ) ;
#6080 = VERTEX_POINT ( 'NONE', #1824 ) ;
#6081 = CARTESIAN_POINT ( 'NONE',  ( -16.29999999622469531, 3.292165365216275990E-13, 25.30541443086598719 ) ) ;
#6082 = CARTESIAN_POINT ( 'NONE',  ( 0.1338167715930617396, -12.97418873674446615, -9.644406452925981199 ) ) ;
#6083 = CARTESIAN_POINT ( 'NONE',  ( 0.09999999999999939493, -12.49999999999999822, -7.000000000000000000 ) ) ;
#6084 = VERTEX_POINT ( 'NONE', #1682 ) ;
#6085 = VECTOR ( 'NONE', #5049, 1000.000000000000000 ) ;
#6086 = CARTESIAN_POINT ( 'NONE',  ( 0.04884188009658153862, -26.38688789302057813, 2.147236813718759407 ) ) ;
#6087 = DIRECTION ( 'NONE',  ( -0.000000000000000000, 0.8660254037844395958, 0.4999999999999983902 ) ) ;
#6088 = EDGE_CURVE ( 'NONE', #735, #769, #1112, .T. ) ;
#6089 = VECTOR ( 'NONE', #1340, 1000.000000000000000 ) ;
#6090 = DIRECTION ( 'NONE',  ( -1.734723475976757554E-14, -1.000000000000000000, 0.000000000000000000 ) ) ;
#6091 = VECTOR ( 'NONE', #4138, 1000.000000000000000 ) ;
#6092 = LINE ( 'NONE', #6043, #5183 ) ;
#6093 = CARTESIAN_POINT ( 'NONE',  ( -16.19999999999999929, -2.849999999999997424, 2.973353886326579598 ) ) ;
#6094 = ORIENTED_EDGE ( 'NONE', *, *, #6257, .T. ) ;
#6095 = CARTESIAN_POINT ( 'NONE',  ( 0.000000000000000000, 1.969999999999994866, 32.30000000000000426 ) ) ;
#6096 = CARTESIAN_POINT ( 'NONE',  ( 0.01382043241903994565, -3.258071179115286764, -6.959678529852551421 ) ) ;
#6097 = VERTEX_POINT ( 'NONE', #7672 ) ;
#6098 = CARTESIAN_POINT ( 'NONE',  ( 0.4397376543465725263, -26.89999999999999858, 2.500000000000000000 ) ) ;
#6099 = CARTESIAN_POINT ( 'NONE',  ( -9.400000000000000355, -55.12659698893430971, -10.26073498500606362 ) ) ;
#6100 = DIRECTION ( 'NONE',  ( 1.000000000000000000, -0.000000000000000000, -0.000000000000000000 ) ) ;
#6101 = EDGE_CURVE ( 'NONE', #7171, #1338, #254, .T. ) ;
#6102 = CARTESIAN_POINT ( 'NONE',  ( -14.56179938779915162, -39.39999999999999858, -24.79999999999999716 ) ) ;
#6103 = ORIENTED_EDGE ( 'NONE', *, *, #8877, .T. ) ;
#6104 = DIRECTION ( 'NONE',  ( 1.000000000000000000, 0.000000000000000000, 0.000000000000000000 ) ) ;
#6105 = CARTESIAN_POINT ( 'NONE',  ( -28.99999999999999645, -39.40000000000000568, -39.49999999999999289 ) ) ;
#6106 = DIRECTION ( 'NONE',  ( 1.000000000000000000, 1.224646799147353454E-16, 0.000000000000000000 ) ) ;
#6107 = CARTESIAN_POINT ( 'NONE',  ( 0.1406891008904371521, -36.37434395872345050, -2.141438363270950163 ) ) ;
#6108 = AXIS2_PLACEMENT_3D ( 'NONE', #5177, #1553, #5283 ) ;
#6109 = EDGE_CURVE ( 'NONE', #3148, #3744, #9085, .T. ) ;
#6110 = DIRECTION ( 'NONE',  ( 0.000000000000000000, -1.000000000000000000, 5.723103233284376290E-16 ) ) ;
#6111 = DIRECTION ( 'NONE',  ( 1.000000000000000000, -0.000000000000000000, -9.251858538542972814E-17 ) ) ;
#6112 = EDGE_LOOP ( 'NONE', ( #2228, #4309, #4835, #950 ) ) ;
#6113 = LINE ( 'NONE', #6209, #6327 ) ;
#6114 = CARTESIAN_POINT ( 'NONE',  ( -9.299999999999998934, -1.161379332023925626, -2.011568009925839728 ) ) ;
#6115 = CARTESIAN_POINT ( 'NONE',  ( 0.1045621488068615018, -26.42362976174490186, -2.171236306726577858 ) ) ;
#6116 = CARTESIAN_POINT ( 'NONE',  ( -4.861976371483212489, -39.40000000000129177, 43.69897720915886197 ) ) ;
#6117 = VECTOR ( 'NONE', #681, 1000.000000000000000 ) ;
#6118 = ADVANCED_FACE ( 'NONE', ( #9195 ), #1079, .F. ) ;
#6119 = CARTESIAN_POINT ( 'NONE',  ( -9.300000000000002487, -36.64999999999999858, -37.49999999999999289 ) ) ;
#6120 = CARTESIAN_POINT ( 'NONE',  ( 0.2221364571560507928, -3.386311343934892637, -9.976600314020782179 ) ) ;
#6121 = CARTESIAN_POINT ( 'NONE',  ( 0.4397376543209866595, -35.89999999999999858, 2.500000000000000000 ) ) ;
#6122 = VECTOR ( 'NONE', #594, 1000.000000000000000 ) ;
#6123 = DIRECTION ( 'NONE',  ( 1.000000000000000000, 0.000000000000000000, -0.000000000000000000 ) ) ;
#6124 = VECTOR ( 'NONE', #5152, 1000.000000000000000 ) ;
#6125 = CARTESIAN_POINT ( 'NONE',  ( -9.399999999999998579, -31.39999999999997726, 3.553292227346868781 ) ) ;
#6126 = EDGE_LOOP ( 'NONE', ( #5898, #1649, #5255, #4323 ) ) ;
#6127 = ORIENTED_EDGE ( 'NONE', *, *, #2982, .F. ) ;
#6128 = CARTESIAN_POINT ( 'NONE',  ( -20.15618522322925443, -2.000000000000000000, 35.59769722787324753 ) ) ;
#6129 =( BOUNDED_SURFACE ( )  B_SPLINE_SURFACE ( 3, 2, ( 
 ( #2578, #358, #8468 ),
 ( #3993, #9112, #5556 ),
 ( #4818, #4680, #1087 ),
 ( #2390, #218, #4726 ),
 ( #3168, #8371, #9157 ),
 ( #7725, #1642, #992 ) ),
 .UNSPECIFIED., .F., .F., .T. ) 
 B_SPLINE_SURFACE_WITH_KNOTS ( ( 4, 2, 4 ),
 ( 3, 3 ),
 ( 0.2610394883642869202, 0.6305197441821435156, 1.000000000000000000 ),
 ( 0.000000000000000000, 1.000000000000000000 ),
 .UNSPECIFIED. ) 
 GEOMETRIC_REPRESENTATION_ITEM ( )  RATIONAL_B_SPLINE_SURFACE ( (
 ( 1.000000000000000000, 0.8295822873078086968, 1.000000000000000000),
 ( 1.000000000000000000, 0.8743186979496035960, 1.000000000000000000),
 ( 1.000000000000000000, 0.9206139212135343586, 1.000000000000000000),
 ( 1.000000000000000000, 0.9837683019805362195, 1.000000000000000000),
 ( 1.000000000000000000, 1.000501889437377612, 1.000000000000000000),
 ( 1.000000000000000000, 1.000000000000000000, 1.000000000000000000) ) ) 
 REPRESENTATION_ITEM ( '' )  SURFACE ( )  );
#6130 = CARTESIAN_POINT ( 'NONE',  ( 0.09737342326656937830, -13.00003201521933782, -9.500192091316002063 ) ) ;
#6131 = ORIENTED_EDGE ( 'NONE', *, *, #6592, .T. ) ;
#6132 = CARTESIAN_POINT ( 'NONE',  ( 0.1057754479064435538, -26.40005533572671581, 2.024690321748452426 ) ) ;
#6133 = FACE_OUTER_BOUND ( 'NONE', #711, .T. ) ;
#6134 =( NAMED_UNIT ( * ) PLANE_ANGLE_UNIT ( ) SI_UNIT ( $, .RADIAN. ) );
#6135 = VECTOR ( 'NONE', #7487, 1000.000000000000000 ) ;
#6136 = AXIS2_PLACEMENT_3D ( 'NONE', #5164, #4427, #7424 ) ;
#6137 = DIRECTION ( 'NONE',  ( 0.000000000000000000, 0.000000000000000000, -1.000000000000000000 ) ) ;
#6138 = CARTESIAN_POINT ( 'NONE',  ( -16.29999999999999716, -2.649999999999997691, 3.031088913245536087 ) ) ;
#6139 = CARTESIAN_POINT ( 'NONE',  ( -23.95149913363478689, 1.180741941662779928E-15, 39.19690946673294718 ) ) ;
#6140 = ORIENTED_EDGE ( 'NONE', *, *, #782, .T. ) ;
#6141 = CARTESIAN_POINT ( 'NONE',  ( -10.56388474551888024, -41.37000000000000455, 45.00000000000000711 ) ) ;
#6142 = DIRECTION ( 'NONE',  ( 0.000000000000000000, -0.5000000000000004441, -0.8660254037844383745 ) ) ;
#6143 = ORIENTED_EDGE ( 'NONE', *, *, #608, .F. ) ;
#6144 = CARTESIAN_POINT ( 'NONE',  ( 0.4397376543083739153, -2.999999999999999556, -7.500000000000000000 ) ) ;
#6145 = CARTESIAN_POINT ( 'NONE',  ( 0.1776268272249968971, -12.91305466705698990, -9.913054667056988123 ) ) ;
#6146 = DIRECTION ( 'NONE',  ( -0.000000000000000000, 0.8660254037844394848, -0.4999999999999986122 ) ) ;
#6147 = CARTESIAN_POINT ( 'NONE',  ( -16.19999999999999929, -31.44999999999999218, -3.466689686968427608 ) ) ;
#6148 = CARTESIAN_POINT ( 'NONE',  ( 0.3335696373370086731, -3.500000000000000888, -6.999999999999999112 ) ) ;
#6149 = ORIENTED_EDGE ( 'NONE', *, *, #160, .F. ) ;
#6150 = EDGE_CURVE ( 'NONE', #4757, #5054, #4621, .T. ) ;
#6151 = DIRECTION ( 'NONE',  ( 9.251858538542971581E-17, 0.000000000000000000, 1.000000000000000000 ) ) ;
#6152 = CARTESIAN_POINT ( 'NONE',  ( -29.00000000000000355, -39.14757277670851465, -38.49276203925820994 ) ) ;
#6153 = CARTESIAN_POINT ( 'NONE',  ( 0.05239727617647909480, -36.41034979789286297, -2.062098787357187657 ) ) ;
#6154 = ORIENTED_EDGE ( 'NONE', *, *, #4415, .T. ) ;
#6155 = DIRECTION ( 'NONE',  ( -1.734723475976807834E-16, 1.000000000000000000, 0.000000000000000000 ) ) ;
#6156 = CARTESIAN_POINT ( 'NONE',  ( -9.524899034680689880, -37.39999999999999147, -44.91353741424889989 ) ) ;
#6157 = ORIENTED_EDGE ( 'NONE', *, *, #5852, .T. ) ;
#6158 = CARTESIAN_POINT ( 'NONE',  ( 0.01648282397501727933, -36.44287669547741615, -2.257260175387084900 ) ) ;
#6159 = LINE ( 'NONE', #1754, #8761 ) ;
#6160 = EDGE_CURVE ( 'NONE', #9675, #1371, #4242, .T. ) ;
#6161 = CARTESIAN_POINT ( 'NONE',  ( 0.1236206407664792728, -26.46748003432110607, -2.249635582494978969 ) ) ;
#6162 = CARTESIAN_POINT ( 'NONE',  ( -11.95355944950279792, -39.39999999993784030, 45.00000000561712454 ) ) ;
#6163 = CARTESIAN_POINT ( 'NONE',  ( 0.1453539120298158460, -3.360322385387876309, -9.974375988010470095 ) ) ;
#6164 = DIRECTION ( 'NONE',  ( 0.000000000000000000, -0.4999999999999988898, -0.8660254037844393737 ) ) ;
#6165 = DIRECTION ( 'NONE',  ( 1.000000000000000000, 1.224646799147353700E-16, 0.000000000000000000 ) ) ;
#6166 = CARTESIAN_POINT ( 'NONE',  ( -16.19999999999999929, -13.25000000000000355, -2.973353886326565831 ) ) ;
#6167 = ADVANCED_FACE ( 'NONE', ( #7307 ), #4126, .T. ) ;
#6168 = ORIENTED_EDGE ( 'NONE', *, *, #5809, .F. ) ;
#6169 = EDGE_LOOP ( 'NONE', ( #9480, #5925, #4332, #1945, #4867, #6992 ) ) ;
#6170 = CARTESIAN_POINT ( 'NONE',  ( -18.40477581529637163, 9.179472950500411456E-16, 36.79824706266823142 ) ) ;
#6171 = CARTESIAN_POINT ( 'NONE',  ( 0.04884188009657774304, -13.01311210697942400, -9.647236813718764736 ) ) ;
#6172 = AXIS2_PLACEMENT_3D ( 'NONE', #6949, #6905, #233 ) ;
#6173 = ORIENTED_EDGE ( 'NONE', *, *, #271, .T. ) ;
#6174 = CARTESIAN_POINT ( 'NONE',  ( -20.01974387893085350, -2.000000000000007105, -36.58951261808173427 ) ) ;
#6175 = CARTESIAN_POINT ( 'NONE',  ( -9.399999999999998579, -31.39999999999998437, 3.553292227346867449 ) ) ;
#6176 = FACE_OUTER_BOUND ( 'NONE', #5087, .T. ) ;
#6177 = VECTOR ( 'NONE', #3249, 1000.000000000000000 ) ;
#6178 = CARTESIAN_POINT ( 'NONE',  ( -24.72776949103776545, 1.969999999999999973, -37.50000000000000000 ) ) ;
#6179 = EDGE_CURVE ( 'NONE', #3486, #2584, #5638, .T. ) ;
#6180 = CYLINDRICAL_SURFACE ( 'NONE', #1959, 0.1000000000000016709 ) ;
#6181 = CIRCLE ( 'NONE', #8714, 0.1000000000000001721 ) ;
#6182 = CARTESIAN_POINT ( 'NONE',  ( -14.29999999999999893, -39.39999999999999858, 24.80000000000001492 ) ) ;
#6183 = CARTESIAN_POINT ( 'NONE',  ( -28.49195043251112480, -3.489257589863984862E-15, 39.50000000000002132 ) ) ;
#6184 = ORIENTED_EDGE ( 'NONE', *, *, #8215, .F. ) ;
#6185 = DIRECTION ( 'NONE',  ( 4.625929269271482709E-17, 0.8660254037844389297, 0.4999999999999994449 ) ) ;
#6186 = VERTEX_POINT ( 'NONE', #2113 ) ;
#6187 = AXIS2_PLACEMENT_3D ( 'NONE', #3983, #3108, #6967 ) ;
#6188 = CARTESIAN_POINT ( 'NONE',  ( -9.399999999999996803, -6.311379332023911992, 10.93162966890553101 ) ) ;
#6189 = VERTEX_POINT ( 'NONE', #9477 ) ;
#6190 = CARTESIAN_POINT ( 'NONE',  ( -16.29999999999999361, -1.999999999999865663, 24.80000000000001492 ) ) ;
#6191 = CARTESIAN_POINT ( 'NONE',  ( 0.02671071723194535022, -13.03030656602232717, -9.681839374490307293 ) ) ;
#6192 = CARTESIAN_POINT ( 'NONE',  ( 0.000000000000000000, 0.000000000000000000, 2.599999999999998312 ) ) ;
#6193 = EDGE_CURVE ( 'NONE', #2213, #5789, #3557, .T. ) ;
#6194 = FACE_OUTER_BOUND ( 'NONE', #6633, .T. ) ;
#6195 = CIRCLE ( 'NONE', #3532, 1.750000000000001554 ) ;
#6196 = CARTESIAN_POINT ( 'NONE',  ( 0.3264917695473244508, -13.00000000000000000, -7.500000000000000000 ) ) ;
#6197 = CARTESIAN_POINT ( 'NONE',  ( 0.1563214125043921598, -3.261745423373062724, -7.067037639916824432 ) ) ;
#6198 = EDGE_LOOP ( 'NONE', ( #8642, #5713, #2800 ) ) ;
#6199 = CARTESIAN_POINT ( 'NONE',  ( 7.500000000000001776, -13.00000000000000000, -7.000000000000000000 ) ) ;
#6200 = CARTESIAN_POINT ( 'NONE',  ( -28.99999999999999645, -39.40000000000000568, -39.49999999999999289 ) ) ;
#6201 = CARTESIAN_POINT ( 'NONE',  ( 0.1533086825075591353, -36.36200106475739346, -2.174750060873372082 ) ) ;
#6202 = ORIENTED_EDGE ( 'NONE', *, *, #356, .F. ) ;
#6203 = ADVANCED_FACE ( 'NONE', ( #3396 ), #4406, .F. ) ;
#6204 = CARTESIAN_POINT ( 'NONE',  ( -17.21048738191825578, -26.92333333332080869, 33.78025612106916498 ) ) ;
#6205 = DIRECTION ( 'NONE',  ( -1.000000000000000000, 0.000000000000000000, 9.251858538542972814E-17 ) ) ;
#6206 = B_SPLINE_CURVE_WITH_KNOTS ( 'NONE', 3,
 ( #1594, #1641, #169, #1687, #9111, #8415, #6936, #8514, #9202, #4632, #8321, #6240, #9156 ),
 .UNSPECIFIED., .F., .F.,
 ( 4, 2, 2, 1, 2, 2, 4 ),
 ( 0.000000000000000000, 0.2500000000000073830, 0.5000000000000147660, 0.6250000000000184297, 0.6875000000000203171, 0.7500000000000222045, 1.000000000000000000 ),
 .UNSPECIFIED. ) ;
#6207 = ORIENTED_EDGE ( 'NONE', *, *, #5687, .F. ) ;
#6208 = CIRCLE ( 'NONE', #9667, 3.599999999999992095 ) ;
#6209 = CARTESIAN_POINT ( 'NONE',  ( -16.29999999999999716, -36.59999999999999432, -6.440043573295003654 ) ) ;
#6210 = DIRECTION ( 'NONE',  ( 0.000000000000000000, 0.000000000000000000, -1.000000000000000000 ) ) ;
#6211 = B_SPLINE_CURVE_WITH_KNOTS ( 'NONE', 3,
 ( #8225, #6102, #5953, #3761, #4590, #76, #3077, #7586, #8373, #6742 ),
 .UNSPECIFIED., .F., .F.,
 ( 4, 2, 2, 2, 4 ),
 ( 0.000000000000000000, 0.2500000000000000000, 0.5000000000000000000, 0.7500000000000000000, 1.000000000000000000 ),
 .UNSPECIFIED. ) ;
#6212 = CARTESIAN_POINT ( 'NONE',  ( 0.1731128792763667879, -26.59218805208760728, -2.381474599744479281 ) ) ;
#6213 = CARTESIAN_POINT ( 'NONE',  ( -2.372973484097390617, -39.39999999999999147, 37.15997542773270368 ) ) ;
#6214 = AXIS2_PLACEMENT_3D ( 'NONE', #2841, #8781, #4395 ) ;
#6215 = CARTESIAN_POINT ( 'NONE',  ( 0.07942278206049478706, -3.289642845787660086, -9.989352755989614252 ) ) ;
#6216 = ADVANCED_FACE ( 'NONE', ( #6422 ), #3137, .T. ) ;
#6217 = CARTESIAN_POINT ( 'NONE',  ( 0.07620341509866722374, -3.468153083018320704, -9.999254085221094712 ) ) ;
#6218 = CARTESIAN_POINT ( 'NONE',  ( -2.000000000000000888, -2.449293598294707893E-16, 32.30000000000000426 ) ) ;
#6219 = DIRECTION ( 'NONE',  ( 1.000000000000000000, 1.734723475976774278E-14, 1.001543065824789911E-14 ) ) ;
#6220 = CARTESIAN_POINT ( 'NONE',  ( -12.69999999999999751, -0.7709065600501716631, 44.59933368479635618 ) ) ;
#6221 = ORIENTED_EDGE ( 'NONE', *, *, #6055, .F. ) ;
#6222 = ORIENTED_EDGE ( 'NONE', *, *, #9205, .T. ) ;
#6223 = CARTESIAN_POINT ( 'NONE',  ( -21.79485017932001512, 0.000000000000000000, 36.48438087735098634 ) ) ;
#6224 = CARTESIAN_POINT ( 'NONE',  ( -16.19999999999999929, -36.75000000000000000, 12.47335388632657072 ) ) ;
#6225 = VERTEX_POINT ( 'NONE', #684 ) ;
#6226 = FACE_OUTER_BOUND ( 'NONE', #6566, .T. ) ;
#6227 = CARTESIAN_POINT ( 'NONE',  ( -16.19999999999999929, -2.799999999999998934, 3.059956426705020771 ) ) ;
#6228 = CARTESIAN_POINT ( 'NONE',  ( 0.4397376543209867150, -12.98397811073099106, -7.370362188019799810 ) ) ;
#6229 = CIRCLE ( 'NONE', #592, 0.1000000000000001721 ) ;
#6230 = EDGE_CURVE ( 'NONE', #5780, #3883, #6029, .T. ) ;
#6231 = DIRECTION ( 'NONE',  ( 0.000000000000000000, -5.723103233284416719E-16, -1.000000000000000000 ) ) ;
#6232 = CARTESIAN_POINT ( 'NONE',  ( -9.400000000000000355, -31.39999999999999147, -15.44670777265315031 ) ) ;
#6233 = CARTESIAN_POINT ( 'NONE',  ( -15.10797245850888793, 8.886525951448653123E-16, 31.79181668550608819 ) ) ;
#6234 = ORIENTED_EDGE ( 'NONE', *, *, #8362, .T. ) ;
#6235 = CIRCLE ( 'NONE', #5919, 0.1000000000000000056 ) ;
#6236 = LINE ( 'NONE', #5507, #7757 ) ;
#6237 = ORIENTED_EDGE ( 'NONE', *, *, #2300, .F. ) ;
#6238 = FACE_OUTER_BOUND ( 'NONE', #7315, .T. ) ;
#6239 = ORIENTED_EDGE ( 'NONE', *, *, #6972, .F. ) ;
#6240 = CARTESIAN_POINT ( 'NONE',  ( 0.04294649156405084406, -26.38230756358716889, -2.106154618477037666 ) ) ;
#6241 = LINE ( 'NONE', #7679, #2341 ) ;
#6242 = CARTESIAN_POINT ( 'NONE',  ( -3.722023996237703190E-16, -26.33143954188284042, -2.411362748702964520 ) ) ;
#6243 = CARTESIAN_POINT ( 'NONE',  ( 0.1154879194596240971, -12.99293585982198351, -7.429259970235967181 ) ) ;
#6244 = CARTESIAN_POINT ( 'NONE',  ( 0.1016644731461494727, -3.153286138057490806, -7.118376445252943441 ) ) ;
#6245 = ORIENTED_EDGE ( 'NONE', *, *, #2293, .T. ) ;
#6246 = CARTESIAN_POINT ( 'NONE',  ( -2.000000000000000000, -37.39999999999999147, 45.00000000000000000 ) ) ;
#6247 = DIRECTION ( 'NONE',  ( -1.000000000000000000, -1.734723475976806848E-16, 0.000000000000000000 ) ) ;
#6248 = CARTESIAN_POINT ( 'NONE',  ( 0.3335696373376277890, -36.39999999999999858, -2.000000000000000000 ) ) ;
#6249 = ADVANCED_FACE ( 'NONE', ( #8101 ), #5251, .F. ) ;
#6250 = EDGE_LOOP ( 'NONE', ( #6873, #4350, #1093, #639 ) ) ;
#6251 = ADVANCED_FACE ( 'NONE', ( #6616 ), #2906, .F. ) ;
#6252 = CARTESIAN_POINT ( 'NONE',  ( -17.21048738191825578, -41.37000000000001165, 33.78025612106916498 ) ) ;
#6253 = VERTEX_POINT ( 'NONE', #1469 ) ;
#6254 = CARTESIAN_POINT ( 'NONE',  ( -16.29999999999999716, -36.64999999999999858, 6.353441032916561149 ) ) ;
#6255 = CARTESIAN_POINT ( 'NONE',  ( 0.000000000000000000, -37.39999999999999147, 34.43611525448112332 ) ) ;
#6256 = EDGE_CURVE ( 'NONE', #8815, #7464, #5083, .T. ) ;
#6257 = EDGE_CURVE ( 'NONE', #7912, #7390, #2875, .T. ) ;
#6258 = CARTESIAN_POINT ( 'NONE',  ( 0.1051262857740537376, -26.48074509887780081, -2.286707941436138203 ) ) ;
#6259 = CARTESIAN_POINT ( 'NONE',  ( -16.29999999620313744, -6.582600785865100433E-13, -25.30794813114455266 ) ) ;
#6260 = CARTESIAN_POINT ( 'NONE',  ( -3.039563888910771894, -39.39999999999999147, 39.11974273862510643 ) ) ;
#6261 = DIRECTION ( 'NONE',  ( 0.000000000000000000, 0.000000000000000000, 1.000000000000000000 ) ) ;
#6262 = AXIS2_PLACEMENT_3D ( 'NONE', #7338, #614, #2886 ) ;
#6263 = CARTESIAN_POINT ( 'NONE',  ( 0.1162218883184133050, -3.474818048844944052, -10.00000000000000178 ) ) ;
#6264 = CARTESIAN_POINT ( 'NONE',  ( 0.04678215019922622037, -26.80969209942067621, 2.515259601087717733 ) ) ;
#6265 = CARTESIAN_POINT ( 'NONE',  ( -9.400000000000000355, -31.39999999999999147, -15.44670777265315387 ) ) ;
#6266 = DIRECTION ( 'NONE',  ( 4.625929269271483942E-17, 0.8660254037844389297, 0.4999999999999995559 ) ) ;
#6267 = ORIENTED_EDGE ( 'NONE', *, *, #4346, .F. ) ;
#6268 = EDGE_LOOP ( 'NONE', ( #6173, #274, #8510, #7465 ) ) ;
#6269 = AXIS2_PLACEMENT_3D ( 'NONE', #9091, #4363, #7360 ) ;
#6270 = CARTESIAN_POINT ( 'NONE',  ( -29.00000000000000000, -2.000000000000007105, 37.50000000000002842 ) ) ;
#6271 = VECTOR ( 'NONE', #9668, 1000.000000000000000 ) ;
#6272 = CARTESIAN_POINT ( 'NONE',  ( 0.3484075734396659407, -36.12157560318399874, 2.449416480216386915 ) ) ;
#6273 = ORIENTED_EDGE ( 'NONE', *, *, #6763, .T. ) ;
#6274 = EDGE_CURVE ( 'NONE', #638, #4082, #9587, .T. ) ;
#6275 = LINE ( 'NONE', #7108, #8122 ) ;
#6276 = CARTESIAN_POINT ( 'NONE',  ( -9.299999999999998934, -19.67340301106568390, -3.332531754730527762 ) ) ;
#6277 = APPROVAL_ROLE ( '' ) ;
#6278 = VECTOR ( 'NONE', #7421, 1000.000000000000000 ) ;
#6279 = CARTESIAN_POINT ( 'NONE',  ( -38.00000000000000000, -2.000000000000004441, -41.24999999999999289 ) ) ;
#6280 = DIRECTION ( 'NONE',  ( 1.224646799147353454E-16, -1.000000000000000000, 0.000000000000000000 ) ) ;
#6281 = AXIS2_PLACEMENT_3D ( 'NONE', #2303, #5292, #2943 ) ;
#6282 = ORIENTED_EDGE ( 'NONE', *, *, #2792, .F. ) ;
#6283 = DIRECTION ( 'NONE',  ( -1.000000000000000000, 0.000000000000000000, 9.251858538542972814E-17 ) ) ;
#6284 = ORIENTED_EDGE ( 'NONE', *, *, #7683, .T. ) ;
#6285 = CARTESIAN_POINT ( 'NONE',  ( 0.3388477039809416613, -12.56546164737897797, -10.00000000000000000 ) ) ;
#6286 = DIRECTION ( 'NONE',  ( -1.000000000000000000, -0.000000000000000000, -0.000000000000000000 ) ) ;
#6287 = EDGE_LOOP ( 'NONE', ( #3301, #4638, #9578, #4912 ) ) ;
#6288 = EDGE_CURVE ( 'NONE', #9687, #3614, #4563, .T. ) ;
#6289 = AXIS2_PLACEMENT_3D ( 'NONE', #8870, #5124, #7385 ) ;
#6290 = CARTESIAN_POINT ( 'NONE',  ( 0.1128397414756402289, -26.85065716781515377, 2.499883026661219532 ) ) ;
#6291 = DIRECTION ( 'NONE',  ( 0.000000000000000000, 1.000000000000000000, 0.000000000000000000 ) ) ;
#6292 = CYLINDRICAL_SURFACE ( 'NONE', #9082, 0.09999999999999939493 ) ;
#6293 = FACE_OUTER_BOUND ( 'NONE', #538, .T. ) ;
#6294 = DIRECTION ( 'NONE',  ( 1.000000000000000000, 0.000000000000000000, 0.000000000000000000 ) ) ;
#6295 = CIRCLE ( 'NONE', #3327, 0.1000000000000001721 ) ;
#6296 = CARTESIAN_POINT ( 'NONE',  ( 0.4397376543083739153, -3.369126057820360565, -7.013013661665841170 ) ) ;
#6297 = ORIENTED_EDGE ( 'NONE', *, *, #2843, .F. ) ;
#6298 = CARTESIAN_POINT ( 'NONE',  ( 0.000000000000000000, -36.50000000000000711, 2.599999999999998312 ) ) ;
#6299 = FACE_OUTER_BOUND ( 'NONE', #4087, .T. ) ;
#6300 = EDGE_CURVE ( 'NONE', #9143, #2761, #1419, .T. ) ;
#6301 = CARTESIAN_POINT ( 'NONE',  ( -8.724870695492777273, -2.000000000000001776, -44.83325694595075106 ) ) ;
#6302 = CARTESIAN_POINT ( 'NONE',  ( 0.03864744970013866965, -26.77380494360159346, -2.521032509399733890 ) ) ;
#6303 = DIRECTION ( 'NONE',  ( -1.000000000000000000, 0.000000000000000000, 0.000000000000000000 ) ) ;
#6304 = ORIENTED_EDGE ( 'NONE', *, *, #9367, .T. ) ;
#6305 = EDGE_CURVE ( 'NONE', #3676, #231, #8015, .T. ) ;
#6306 = DIRECTION ( 'NONE',  ( 0.000000000000000000, -1.000000000000000000, 0.000000000000000000 ) ) ;
#6307 = DIRECTION ( 'NONE',  ( -4.625929269271489488E-17, 0.8660254037844384856, -0.5000000000000002220 ) ) ;
#6308 = CARTESIAN_POINT ( 'NONE',  ( 0.08846250423430743193, -3.034807956610595880, -7.279414386984972118 ) ) ;
#6309 = CARTESIAN_POINT ( 'NONE',  ( 0.4397376543209853272, -26.52330659410381841, -2.330413375290365074 ) ) ;
#6310 = CARTESIAN_POINT ( 'NONE',  ( -9.399999999999998579, -2.849999999999997424, 2.973353886326576934 ) ) ;
#6311 = CARTESIAN_POINT ( 'NONE',  ( -4.490704638506757718, -39.39999999999999147, 41.07990264368000055 ) ) ;
#6312 = CARTESIAN_POINT ( 'NONE',  ( 7.500000000000000000, -3.499999999999998668, -7.500000000000000000 ) ) ;
#6313 = CARTESIAN_POINT ( 'NONE',  ( -39.99999999999999289, -37.40000000000000568, -41.24999999999999289 ) ) ;
#6314 = PLANE ( 'NONE',  #481 ) ;
#6315 = DIRECTION ( 'NONE',  ( 0.000000000000000000, 6.938893903907240999E-14, 1.000000000000000000 ) ) ;
#6316 = CARTESIAN_POINT ( 'NONE',  ( 0.06697240822534192284, -13.00550354705812772, -7.471106249980375758 ) ) ;
#6317 = ORIENTED_EDGE ( 'NONE', *, *, #3446, .F. ) ;
#6318 = CARTESIAN_POINT ( 'NONE',  ( -29.00000000000000000, -1.040834085586084257E-14, 39.50000000000002842 ) ) ;
#6319 = CARTESIAN_POINT ( 'NONE',  ( 0.09737503150908304039, -35.90019183444254480, 2.500031972407088965 ) ) ;
#6320 = VERTEX_POINT ( 'NONE', #4 ) ;
#6321 = CARTESIAN_POINT ( 'NONE',  ( 0.000000000000000000, -2.899999999999999911, -6.900000000000003020 ) ) ;
#6322 = DATE_AND_TIME ( #7109, #7450 ) ;
#6323 = DIRECTION ( 'NONE',  ( -1.000000000000000000, 0.000000000000000000, 9.251858538542972814E-17 ) ) ;
#6324 = ADVANCED_FACE ( 'NONE', ( #100 ), #4509, .F. ) ;
#6325 = LINE ( 'NONE', #3938, #8235 ) ;
#6326 = CARTESIAN_POINT ( 'NONE',  ( -24.94928043528303618, 1.858164082686374166E-15, 39.33970650753208531 ) ) ;
#6327 = VECTOR ( 'NONE', #1009, 1000.000000000000000 ) ;
#6328 = ORIENTED_EDGE ( 'NONE', *, *, #5163, .F. ) ;
#6329 = CARTESIAN_POINT ( 'NONE',  ( -9.299999999999997158, -31.39999999999999858, 5.900000000000009237 ) ) ;
#6330 = EDGE_LOOP ( 'NONE', ( #6977, #7904, #2993, #5494, #2715, #5307 ) ) ;
#6331 = CARTESIAN_POINT ( 'NONE',  ( 0.1046862460742176149, -12.49999999999999645, -9.999999999999994671 ) ) ;
#6332 = DIRECTION ( 'NONE',  ( -0.000000000000000000, -1.000000000000000000, -0.000000000000000000 ) ) ;
#6333 = ORIENTED_EDGE ( 'NONE', *, *, #7351, .T. ) ;
#6334 = CARTESIAN_POINT ( 'NONE',  ( 0.3541161069345088452, -26.67842439681600197, 2.449416480216386471 ) ) ;
#6335 = CARTESIAN_POINT ( 'NONE',  ( 0.09369787352250320833, -12.92139339967182110, -9.921393399671599056 ) ) ;
#6336 = LINE ( 'NONE', #455, #3589 ) ;
#6337 = DIRECTION ( 'NONE',  ( -1.000000000000000000, 0.000000000000000000, 0.000000000000000000 ) ) ;
#6338 = EDGE_CURVE ( 'NONE', #8915, #8253, #1518, .T. ) ;
#6339 = CARTESIAN_POINT ( 'NONE',  ( 0.1044900477319762877, -12.99997761937707708, -7.475222201110239162 ) ) ;
#6340 = CARTESIAN_POINT ( 'NONE',  ( 0.1205805181782803048, -3.166466503037187241, -7.134589127854835233 ) ) ;
#6341 = AXIS2_PLACEMENT_3D ( 'NONE', #890, #5545, #4717 ) ;
#6342 = ORIENTED_EDGE ( 'NONE', *, *, #9160, .T. ) ;
#6343 = CARTESIAN_POINT ( 'NONE',  ( 0.07359969900738988491, -36.38231941068151087, 2.209895550182338742 ) ) ;
#6344 = LINE ( 'NONE', #315, #9644 ) ;
#6345 = CARTESIAN_POINT ( 'NONE',  ( -9.553572098697644677, -2.000000000000001776, -44.91571821999053782 ) ) ;
#6346 = CARTESIAN_POINT ( 'NONE',  ( -2.000000000000000888, -2.449293598294707893E-16, 32.30000000000000426 ) ) ;
#6347 = APPROVAL_PERSON_ORGANIZATION ( #8550, #9100, #5635 ) ;
#6348 = CARTESIAN_POINT ( 'NONE',  ( -24.72776949103776900, -12.47666666666667723, 37.50000000000001421 ) ) ;
#6349 = EDGE_CURVE ( 'NONE', #8915, #7505, #803, .T. ) ;
#6350 = ORIENTED_EDGE ( 'NONE', *, *, #6717, .F. ) ;
#6351 = DIRECTION ( 'NONE',  ( 1.000000000000000000, 0.000000000000000000, 0.000000000000000000 ) ) ;
#6352 = CYLINDRICAL_SURFACE ( 'NONE', #2646, 0.09999999999999982514 ) ;
#6353 = CARTESIAN_POINT ( 'NONE',  ( 0.4397376543083738598, -3.025536947705098623, -7.338892170818906990 ) ) ;
#6354 = CARTESIAN_POINT ( 'NONE',  ( 0.1605640790722194233, -26.48382006749480055, -2.264145699615704999 ) ) ;
#6355 = CARTESIAN_POINT ( 'NONE',  ( 0.2218872429154448433, -36.01211537737868440, -2.479171761213392333 ) ) ;
#6356 = CARTESIAN_POINT ( 'NONE',  ( -3.183704216647837093, -37.39999999999999147, 42.60029752582543949 ) ) ;
#6357 = CARTESIAN_POINT ( 'NONE',  ( -9.050000000000013145, -31.39999999999999858, 12.84999999999999964 ) ) ;
#6358 = VECTOR ( 'NONE', #999, 1000.000000000000000 ) ;
#6359 = CYLINDRICAL_SURFACE ( 'NONE', #5976, 2.000000000000000000 ) ;
#6360 = CARTESIAN_POINT ( 'NONE',  ( 0.1133260963089678247, -12.54931094073441677, -7.000000000000000888 ) ) ;
#6361 = CARTESIAN_POINT ( 'NONE',  ( -17.47522151187815354, -39.39999999999999147, -32.37131548370738443 ) ) ;
#6362 = CARTESIAN_POINT ( 'NONE',  ( -12.70000000000000107, -1.738200612200850870, 45.00000000000000000 ) ) ;
#6363 = EDGE_LOOP ( 'NONE', ( #5916, #3159, #3691, #6666 ) ) ;
#6364 = CARTESIAN_POINT ( 'NONE',  ( -23.95149913341143488, 1.180741941690135258E-15, 39.19690946816460553 ) ) ;
#6365 = CIRCLE ( 'NONE', #5121, 0.09999999999999939493 ) ;
#6366 = CARTESIAN_POINT ( 'NONE',  ( 0.07745352741686377385, -36.02598267583201164, 2.495735076205979563 ) ) ;
#6367 = ORIENTED_EDGE ( 'NONE', *, *, #4144, .T. ) ;
#6368 = ADVANCED_FACE ( 'NONE', ( #3973 ), #9181, .F. ) ;
#6369 = CARTESIAN_POINT ( 'NONE',  ( 0.000000000000000000, -37.39999999999999147, -32.30000000000001137 ) ) ;
#6370 = CARTESIAN_POINT ( 'NONE',  ( -9.399999999999998579, -26.20000000000000284, 6.440043573294988555 ) ) ;
#6371 = CARTESIAN_POINT ( 'NONE',  ( 0.000000000000000000, -37.39999999999999147, 32.30000000000000426 ) ) ;
#6372 = DIRECTION ( 'NONE',  ( 1.000000000000000000, 0.000000000000000000, 0.000000000000000000 ) ) ;
#6373 = ORIENTED_EDGE ( 'NONE', *, *, #2635, .T. ) ;
#6374 = CARTESIAN_POINT ( 'NONE',  ( -16.19999999999999929, -36.54999999999999005, 12.47335388632657072 ) ) ;
#6375 = ORIENTED_EDGE ( 'NONE', *, *, #8841, .T. ) ;
#6376 = VERTEX_POINT ( 'NONE', #9140 ) ;
#6377 = CARTESIAN_POINT ( 'NONE',  ( 0.07490148841599991725, -12.71035177685005912, -9.983538730382878867 ) ) ;
#6378 = CARTESIAN_POINT ( 'NONE',  ( -16.29999999999999716, -36.75000000000000000, 12.47335388632657072 ) ) ;
#6379 = VERTEX_POINT ( 'NONE', #287 ) ;
#6380 = AXIS2_PLACEMENT_3D ( 'NONE', #9305, #4139, #5604 ) ;
#6381 = EDGE_CURVE ( 'NONE', #6084, #3252, #1905, .T. ) ;
#6382 = VECTOR ( 'NONE', #988, 1000.000000000000114 ) ;
#6383 = CARTESIAN_POINT ( 'NONE',  ( 0.1133736073599471705, -26.85066098840635718, 2.499940229925061708 ) ) ;
#6384 = LINE ( 'NONE', #5602, #4979 ) ;
#6385 = DIRECTION ( 'NONE',  ( -1.000000000000000000, 0.000000000000000000, 2.602085213965226419E-14 ) ) ;
#6386 =( BOUNDED_SURFACE ( )  B_SPLINE_SURFACE ( 3, 2, ( 
 ( #7659, #7703, #8446 ),
 ( #4019, #1716, #6957 ),
 ( #971, #7005, #9281 ),
 ( #2556, #4796, #7799 ),
 ( #5398, #4657, #1064 ),
 ( #8396, #3881, #4069 ),
 ( #337, #7052, #1667 ),
 ( #4610, #7611, #3925 ),
 ( #877, #6867, #149 ),
 ( #6916, #198, #8738 ),
 ( #9467, #6361, #3481 ),
 ( #7898, #383, #8594 ),
 ( #1116, #1862, #8690 ),
 ( #5626, #7203, #8785 ),
 ( #2746, #4848, #8640 ),
 ( #6410, #7296, #4304 ),
 ( #3574, #7248, #1912 ),
 ( #3524, #526, #6461 ),
 ( #4115, #7102, #7848 ),
 ( #3386, #4162, #5727 ),
 ( #2055, #5679, #9373 ),
 ( #479, #9421, #2008 ),
 ( #2651, #4898, #1958 ),
 ( #4994, #1163, #4255 ),
 ( #5580, #7152, #7993 ),
 ( #1260, #6555, #573 ),
 ( #431, #6506, #9513 ),
 ( #2794, #3432, #7946 ),
 ( #2703, #5776, #4947 ),
 ( #1212, #5042, #8041 ),
 ( #1307, #4211, #2603 ),
 ( #8934, #676, #722 ),
 ( #7402, #8188, #6703 ),
 ( #2995, #9709, #7553 ) ),
 .UNSPECIFIED., .F., .F., .T. ) 
 B_SPLINE_SURFACE_WITH_KNOTS ( ( 4, 2, 2, 2, 2, 2, 2, 2, 2, 2, 2, 2, 2, 2, 2, 2, 4 ),
 ( 3, 3 ),
 ( 0.000000000000000000, 0.001507785808249149017, 0.003015571616498298035, 0.006031143232996596069, 0.007538929041245744436, 0.009046714849494893670, 0.009800607753619468288, 0.01055450065774404290, 0.01206228646599319214, 0.01357007227424233964, 0.01432396517836691426, 0.01507785808249148887, 0.01658564389074063811, 0.01809342969898978734, 0.02110900131548808581, 0.02261678712373723504, 0.02412457293198638428 ),
 ( 0.000000000000000000, 1.000000000000000000 ),
 .UNSPECIFIED. ) 
 GEOMETRIC_REPRESENTATION_ITEM ( )  RATIONAL_B_SPLINE_SURFACE ( (
 ( 1.000000000000000000, 0.7071067811865475727, 1.000000000000000000),
 ( 1.000000000000000000, 0.7071067811865475727, 1.000000000000000000),
 ( 1.000000000000000000, 0.7071067811865475727, 1.000000000000000000),
 ( 1.000000000000000000, 0.7071067811865475727, 1.000000000000000000),
 ( 1.000000000000000000, 0.7071067811865475727, 1.000000000000000000),
 ( 1.000000000000000000, 0.7071067811865475727, 1.000000000000000000),
 ( 1.000000000000000000, 0.7071067811865475727, 1.000000000000000000),
 ( 1.000000000000000000, 0.7071067811865475727, 1.000000000000000000),
 ( 1.000000000000000000, 0.7071067811865475727, 1.000000000000000000),
 ( 1.000000000000000000, 0.7071067811865475727, 1.000000000000000000),
 ( 1.000000000000000000, 0.7071067811865475727, 1.000000000000000000),
 ( 1.000000000000000000, 0.7071067811865475727, 1.000000000000000000),
 ( 1.000000000000000000, 0.7071067811865475727, 1.000000000000000000),
 ( 1.000000000000000000, 0.7071067811865475727, 1.000000000000000000),
 ( 1.000000000000000000, 0.7071067811865450192, 1.000000000000000000),
 ( 1.000000000000000000, 0.7071067811865450192, 1.000000000000000000),
 ( 1.000000000000000000, 0.7071067811865463515, 1.000000000000000000),
 ( 1.000000000000000000, 0.7071067811865463515, 1.000000000000000000),
 ( 1.000000000000000000, 0.7071067811865463515, 1.000000000000000000),
 ( 1.000000000000000000, 0.7071067811865463515, 1.000000000000000000),
 ( 1.000000000000000000, 0.7071067811865475727, 1.000000000000000000),
 ( 1.000000000000000000, 0.7071067811865475727, 1.000000000000000000),
 ( 1.000000000000000000, 0.7071067811865463515, 1.000000000000000000),
 ( 1.000000000000000000, 0.7071067811865463515, 1.000000000000000000),
 ( 1.000000000000000000, 0.7071067811865500152, 1.000000000000000000),
 ( 1.000000000000000000, 0.7071067811865500152, 1.000000000000000000),
 ( 1.000000000000000000, 0.7071067811865500152, 1.000000000000000000),
 ( 1.000000000000000000, 0.7071067811865500152, 1.000000000000000000),
 ( 1.000000000000000000, 0.7071067811865463515, 1.000000000000000000),
 ( 1.000000000000000000, 0.7071067811865463515, 1.000000000000000000),
 ( 1.000000000000000000, 0.7071067811865463515, 1.000000000000000000),
 ( 1.000000000000000000, 0.7071067811865463515, 1.000000000000000000),
 ( 1.000000000000000000, 0.7071067811865475727, 1.000000000000000000),
 ( 1.000000000000000000, 0.7071067811865475727, 1.000000000000000000) ) ) 
 REPRESENTATION_ITEM ( '' )  SURFACE ( )  );
#6387 = FACE_OUTER_BOUND ( 'NONE', #5253, .T. ) ;
#6388 = AXIS2_PLACEMENT_3D ( 'NONE', #6444, #1243, #2775 ) ;
#6389 = CARTESIAN_POINT ( 'NONE',  ( 0.1354960816801946966, -12.97428196269837208, -7.356214329690983433 ) ) ;
#6390 = CARTESIAN_POINT ( 'NONE',  ( 0.3735402191726515109, -3.100166578800907846, -7.192726640012541139 ) ) ;
#6391 = ORIENTED_EDGE ( 'NONE', *, *, #8436, .F. ) ;
#6392 = VECTOR ( 'NONE', #1509, 1000.000000000000000 ) ;
#6393 = CARTESIAN_POINT ( 'NONE',  ( 0.04656666964210010723, -26.38453353164081250, 2.091637924309052821 ) ) ;
#6394 = CARTESIAN_POINT ( 'NONE',  ( -5.423412476870863586, -2.207065258297883358E-15, -41.73165822427824878 ) ) ;
#6395 = CARTESIAN_POINT ( 'NONE',  ( -9.300000000000000711, -26.24999999999999289, -12.47335388632656716 ) ) ;
#6396 = EDGE_CURVE ( 'NONE', #7505, #4627, #2508, .T. ) ;
#6397 = CIRCLE ( 'NONE', #6874, 0.09999999999999982514 ) ;
#6398 = CARTESIAN_POINT ( 'NONE',  ( -16.19999999999999929, -14.37340301106568141, 5.847337525384489254 ) ) ;
#6399 = VERTEX_POINT ( 'NONE', #5491 ) ;
#6400 = CARTESIAN_POINT ( 'NONE',  ( -9.299999999999998934, -12.68702367904174899, 8.768232209283986833 ) ) ;
#6401 = CARTESIAN_POINT ( 'NONE',  ( 7.500000000000000000, -2.999999999999998668, -9.500000000000000000 ) ) ;
#6402 = CARTESIAN_POINT ( 'NONE',  ( 0.4397376543083739153, -3.100166578800908734, -7.192726640012541139 ) ) ;
#6403 = CARTESIAN_POINT ( 'NONE',  ( 0.1631203768305077850, -26.63116840462050305, -2.418347224148795327 ) ) ;
#6404 = LINE ( 'NONE', #1952, #438 ) ;
#6405 = EDGE_CURVE ( 'NONE', #5306, #3676, #7862, .T. ) ;
#6406 = CARTESIAN_POINT ( 'NONE',  ( -0.0003166339511034198468, -37.39999999999999147, 33.84370733361068062 ) ) ;
#6407 = DIRECTION ( 'NONE',  ( -1.000000000000000000, 0.000000000000000000, 9.251858538542972814E-17 ) ) ;
#6408 = DIRECTION ( 'NONE',  ( -1.000000000000000000, 0.000000000000000000, 0.000000000000000000 ) ) ;
#6409 = CARTESIAN_POINT ( 'NONE',  ( 0.09088851884876908427, -12.77072422556023312, -7.056256649089673871 ) ) ;
#6410 = CARTESIAN_POINT ( 'NONE',  ( -18.54559525741712989, -37.40000000000001990, -34.11922660866476065 ) ) ;
#6411 = CARTESIAN_POINT ( 'NONE',  ( -36.24999999999999289, -37.39999999999999858, -37.49999999999999289 ) ) ;
#6412 = EDGE_LOOP ( 'NONE', ( #9298, #4766, #2760, #3590 ) ) ;
#6413 = CARTESIAN_POINT ( 'NONE',  ( -24.97301262521799359, -39.40000000000002700, 39.34232129032275793 ) ) ;
#6414 = CARTESIAN_POINT ( 'NONE',  ( 0.09341657260324522094, -35.90110169104737281, 2.500183615174558227 ) ) ;
#6415 = ORIENTED_EDGE ( 'NONE', *, *, #4946, .T. ) ;
#6416 = EDGE_CURVE ( 'NONE', #8157, #270, #8811, .T. ) ;
#6417 = CARTESIAN_POINT ( 'NONE',  ( 0.1455568328269123690, -3.095447155431197306, -7.095447155431386932 ) ) ;
#6418 = AXIS2_PLACEMENT_3D ( 'NONE', #8973, #8230, #3033 ) ;
#6419 = PERSON_AND_ORGANIZATION ( #7610, #8559 ) ;
#6420 = CARTESIAN_POINT ( 'NONE',  ( 0.06626598899106156404, -2.998727341062099150, -9.507635953627433523 ) ) ;
#6421 = CARTESIAN_POINT ( 'NONE',  ( 7.500000000000000888, -26.89999999999999858, -2.000000000000000000 ) ) ;
#6422 = FACE_OUTER_BOUND ( 'NONE', #3806, .T. ) ;
#6423 = EDGE_CURVE ( 'NONE', #1182, #5054, #9325, .T. ) ;
#6424 = ORIENTED_EDGE ( 'NONE', *, *, #8483, .F. ) ;
#6425 = DIRECTION ( 'NONE',  ( 1.000000000000000000, 0.000000000000000000, -0.000000000000000000 ) ) ;
#6426 = VERTEX_POINT ( 'NONE', #5444 ) ;
#6427 = ORIENTED_EDGE ( 'NONE', *, *, #990, .T. ) ;
#6428 = CARTESIAN_POINT ( 'NONE',  ( 0.1051262857739873186, -12.78670794143618394, -9.919254901122217305 ) ) ;
#6429 = FACE_OUTER_BOUND ( 'NONE', #1840, .T. ) ;
#6430 = ORIENTED_EDGE ( 'NONE', *, *, #8089, .F. ) ;
#6431 = CARTESIAN_POINT ( 'NONE',  ( 0.1016644731461511242, -26.55328613805749072, 2.381623554747057003 ) ) ;
#6432 = PLANE ( 'NONE',  #9585 ) ;
#6433 = CARTESIAN_POINT ( 'NONE',  ( 7.500000000000001776, -36.39999999999999858, -2.000000000000000000 ) ) ;
#6434 = CIRCLE ( 'NONE', #7697, 0.2000000000000005107 ) ;
#6435 = VECTOR ( 'NONE', #2178, 1000.000000000000114 ) ;
#6436 = DIRECTION ( 'NONE',  ( 0.000000000000000000, 0.000000000000000000, -1.000000000000000000 ) ) ;
#6437 = EDGE_CURVE ( 'NONE', #4221, #7069, #5536, .T. ) ;
#6438 = CARTESIAN_POINT ( 'NONE',  ( -6.767503431745055309, -39.39999999999999858, 42.32645872288964028 ) ) ;
#6439 = CARTESIAN_POINT ( 'NONE',  ( -16.19999999999999929, -26.20000000000000284, 6.440043573294988555 ) ) ;
#6440 = AXIS2_PLACEMENT_3D ( 'NONE', #4666, #888, #1769 ) ;
#6441 = ORIENTED_EDGE ( 'NONE', *, *, #3987, .F. ) ;
#6442 = CIRCLE ( 'NONE', #2393, 3.350000000000000089 ) ;
#6443 = CARTESIAN_POINT ( 'NONE',  ( 0.000000000000000000, -31.39999999999999858, 5.900000000000009237 ) ) ;
#6444 = CARTESIAN_POINT ( 'NONE',  ( -16.00000000000000000, -35.89999999999999858, -2.000000000000000000 ) ) ;
#6445 = CARTESIAN_POINT ( 'NONE',  ( 0.01648282397504165220, -26.35712330452263075, -2.257260175387074685 ) ) ;
#6446 = CARTESIAN_POINT ( 'NONE',  ( -3.389189912545091499, 1.747483344049687605E-15, -39.76362914600954923 ) ) ;
#6447 = VECTOR ( 'NONE', #8735, 1000.000000000000000 ) ;
#6448 = CARTESIAN_POINT ( 'NONE',  ( -2.072345562608782554, -2.000000000000000444, 41.40373832118146424 ) ) ;
#6449 = ADVANCED_FACE ( 'NONE', ( #8350 ), #6386, .T. ) ;
#6450 = FACE_OUTER_BOUND ( 'NONE', #9327, .T. ) ;
#6451 = CARTESIAN_POINT ( 'NONE',  ( -36.25000000000000000, -2.000000000000008882, 41.24999999999999289 ) ) ;
#6452 = CARTESIAN_POINT ( 'NONE',  ( 0.2049335911791013709, -3.005284601263255695, -7.447144805166161063 ) ) ;
#6453 = DIRECTION ( 'NONE',  ( -1.000000000000000000, 0.000000000000000000, 0.000000000000000000 ) ) ;
#6454 = CARTESIAN_POINT ( 'NONE',  ( 0.1435055699989721822, -26.72114667868803650, -2.461826766573887770 ) ) ;
#6455 = CARTESIAN_POINT ( 'NONE',  ( 0.1178379531150419296, -35.94966835321277898, -2.500432083844186693 ) ) ;
#6456 = CARTESIAN_POINT ( 'NONE',  ( -14.46029349246792250, -39.40000000000004121, 28.85071956471698584 ) ) ;
#6457 = CARTESIAN_POINT ( 'NONE',  ( -10.56388474551888024, 1.970000000000000417, -45.00000000000000711 ) ) ;
#6458 = FACE_OUTER_BOUND ( 'NONE', #6169, .T. ) ;
#6459 = CARTESIAN_POINT ( 'NONE',  ( 0.1822354427623306683, -12.55724698327252753, -7.000000000000000888 ) ) ;
#6460 = EDGE_CURVE ( 'NONE', #7642, #312, #771, .T. ) ;
#6461 = CARTESIAN_POINT ( 'NONE',  ( -18.02050404898183089, -39.40000000000001990, -36.47041606000707503 ) ) ;
#6462 = CARTESIAN_POINT ( 'NONE',  ( 0.000000000000000000, -31.39999999999999858, 13.09999999999999432 ) ) ;
#6463 = CARTESIAN_POINT ( 'NONE',  ( -16.44784835369176434, -37.40000000000001990, 28.61148099988998794 ) ) ;
#6464 = CARTESIAN_POINT ( 'NONE',  ( 0.4397376543209866595, -35.89999999999999858, 2.500000000000000000 ) ) ;
#6465 = VERTEX_POINT ( 'NONE', #2102 ) ;
#6466 = VECTOR ( 'NONE', #7680, 1000.000000000000000 ) ;
#6467 = DIRECTION ( 'NONE',  ( 0.000000000000000000, 8.673617379884051249E-15, 1.000000000000000000 ) ) ;
#6468 = DIRECTION ( 'NONE',  ( 0.000000000000000000, 0.5000000000000017764, 0.8660254037844375974 ) ) ;
#6469 = CARTESIAN_POINT ( 'NONE',  ( -36.24999999999999289, -39.40000000000000568, 37.50000000000000000 ) ) ;
#6470 = ADVANCED_FACE ( 'NONE', ( #1356 ), #7349, .F. ) ;
#6471 = CARTESIAN_POINT ( 'NONE',  ( -0.2499999999999932832, -31.39999999999999858, 9.500000000000001776 ) ) ;
#6472 = VERTEX_POINT ( 'NONE', #3823 ) ;
#6473 = EDGE_LOOP ( 'NONE', ( #5159, #2367, #2463 ) ) ;
#6474 = ORIENTED_EDGE ( 'NONE', *, *, #7100, .T. ) ;
#6475 = CARTESIAN_POINT ( 'NONE',  ( 0.09935175248321907737, -12.49999999999999645, -9.999999999999994671 ) ) ;
#6476 = DIRECTION ( 'NONE',  ( 0.000000000000000000, 0.8660254037844381525, 0.5000000000000007772 ) ) ;
#6477 = ORIENTED_EDGE ( 'NONE', *, *, #1961, .F. ) ;
#6478 = CARTESIAN_POINT ( 'NONE',  ( 0.1542920099248591415, -26.66111103660238868, 2.432920450045254146 ) ) ;
#6479 = CARTESIAN_POINT ( 'NONE',  ( -36.25000000000000000, 0.000000000000000000, -45.00000000000000000 ) ) ;
#6480 = CARTESIAN_POINT ( 'NONE',  ( 0.07490148841600351159, -12.71035177685005380, -7.016461269617122909 ) ) ;
#6481 = CARTESIAN_POINT ( 'NONE',  ( 2.449293598294706907E-16, -2.000000000000000000, -39.49999999999999289 ) ) ;
#6482 = CARTESIAN_POINT ( 'NONE',  ( -2.079419625070198396, -39.39999999999998437, 35.29348577426572575 ) ) ;
#6483 = CARTESIAN_POINT ( 'NONE',  ( 0.09292064021901123849, -36.39999999999999147, -2.000000000000001776 ) ) ;
#6484 = AXIS2_PLACEMENT_3D ( 'NONE', #8256, #3057, #1524 ) ;
#6485 = VERTEX_POINT ( 'NONE', #4449 ) ;
#6486 = DIRECTION ( 'NONE',  ( 0.000000000000000000, 0.000000000000000000, 1.000000000000000000 ) ) ;
#6487 = CARTESIAN_POINT ( 'NONE',  ( -6.166671595928439942, -1.310462425024672074E-12, -44.23602326183674904 ) ) ;
#6488 = AXIS2_PLACEMENT_3D ( 'NONE', #6400, #7838, #6495 ) ;
#6489 = CARTESIAN_POINT ( 'NONE',  ( 0.1776268272250047797, -26.48694533294300868, -2.413054667056987235 ) ) ;
#6490 = EDGE_CURVE ( 'NONE', #9386, #8126, #8139, .T. ) ;
#6491 = DIRECTION ( 'NONE',  ( -9.251858538542972814E-17, -1.133025894539076336E-32, -1.000000000000000000 ) ) ;
#6492 = CARTESIAN_POINT ( 'NONE',  ( -11.94753238241945148, 9.215070593326710760E-17, 43.00000000562594238 ) ) ;
#6493 = VECTOR ( 'NONE', #2857, 1000.000000000000000 ) ;
#6494 = ORIENTED_EDGE ( 'NONE', *, *, #8317, .T. ) ;
#6495 = DIRECTION ( 'NONE',  ( 0.000000000000000000, -0.8660254037844383745, 0.5000000000000004441 ) ) ;
#6496 = FACE_OUTER_BOUND ( 'NONE', #2314, .T. ) ;
#6497 = CARTESIAN_POINT ( 'NONE',  ( 0.1108198500070306097, -3.038321200381305154, -7.306198780687284788 ) ) ;
#6498 = CARTESIAN_POINT ( 'NONE',  ( 0.000000000000000000, -36.50000000000000711, -2.600000000000000089 ) ) ;
#6499 = CARTESIAN_POINT ( 'NONE',  ( 0.09737342326658035563, -35.90019209131599354, -2.500032015219333381 ) ) ;
#6500 = CIRCLE ( 'NONE', #401, 0.5000000000000004441 ) ;
#6501 = ADVANCED_FACE ( 'NONE', ( #8982 ), #2200, .F. ) ;
#6502 = CARTESIAN_POINT ( 'NONE',  ( -19.26109671063041517, -39.39999999999999147, 37.40486065524591197 ) ) ;
#6503 = DIRECTION ( 'NONE',  ( 9.251858538542971581E-17, 0.000000000000000000, 1.000000000000000000 ) ) ;
#6504 = CARTESIAN_POINT ( 'NONE',  ( -3.528369395353228022, -37.39999999999999147, -42.87691935625679207 ) ) ;
#6505 = CARTESIAN_POINT ( 'NONE',  ( 0.05903631049302459494, -12.66827857103909594, -6.994808295440891222 ) ) ;
#6506 = CARTESIAN_POINT ( 'NONE',  ( -23.02235051904883889, -39.39999999999996305, -36.90727913688244399 ) ) ;
#6507 = FACE_OUTER_BOUND ( 'NONE', #840, .T. ) ;
#6508 = CARTESIAN_POINT ( 'NONE',  ( -22.49966515861975935, -39.40000000000002700, 38.83907584095544507 ) ) ;
#6509 = CARTESIAN_POINT ( 'NONE',  ( 0.1148687704497471651, -36.22004750001176632, 2.384899215136433881 ) ) ;
#6510 = VERTEX_POINT ( 'NONE', #2252 ) ;
#6511 = FACE_OUTER_BOUND ( 'NONE', #1640, .T. ) ;
#6512 = EDGE_CURVE ( 'NONE', #4802, #8320, #156, .T. ) ;
#6513 = CARTESIAN_POINT ( 'NONE',  ( 0.09999999999999939493, -19.70000000000000284, -7.000000000000000000 ) ) ;
#6514 = CARTESIAN_POINT ( 'NONE',  ( 0.4397376543209853272, -3.013013661665843834, -9.630873942179640324 ) ) ;
#6515 = CARTESIAN_POINT ( 'NONE',  ( -16.19999999999999929, -26.20000000000000284, -6.440043573294996548 ) ) ;
#6516 = CARTESIAN_POINT ( 'NONE',  ( 0.000000000000000000, -26.30000000000000071, 2.599999999999998312 ) ) ;
#6517 = EDGE_LOOP ( 'NONE', ( #2181, #612, #399, #3835 ) ) ;
#6518 = ORIENTED_EDGE ( 'NONE', *, *, #5246, .F. ) ;
#6519 = ORIENTED_EDGE ( 'NONE', *, *, #4415, .F. ) ;
#6520 = DIRECTION ( 'NONE',  ( 0.000000000000000000, 0.000000000000000000, -1.000000000000000000 ) ) ;
#6521 = CARTESIAN_POINT ( 'NONE',  ( 0.1691767755099573001, -12.91841420493057591, -9.767142853845230732 ) ) ;
#6522 = CARTESIAN_POINT ( 'NONE',  ( -28.49458556913996077, -8.673617379884035472E-15, -37.50000000377179532 ) ) ;
#6523 = ORIENTED_EDGE ( 'NONE', *, *, #1495, .T. ) ;
#6524 = CARTESIAN_POINT ( 'NONE',  ( 0.1731128793020520751, -26.51852540259290691, 2.307811946524561009 ) ) ;
#6525 = CARTESIAN_POINT ( 'NONE',  ( -9.399999999999998579, -36.64999999999999858, 12.47335388632657072 ) ) ;
#6526 = EDGE_CURVE ( 'NONE', #905, #1927, #6605, .T. ) ;
#6527 = CARTESIAN_POINT ( 'NONE',  ( -9.400000000000000355, -26.24999999999999289, -12.47335388632657605 ) ) ;
#6528 = DIRECTION ( 'NONE',  ( 1.734723475976805517E-15, 0.000000000000000000, -1.000000000000000000 ) ) ;
#6529 = CARTESIAN_POINT ( 'NONE',  ( -40.00000000000000000, -8.000000000000000000, -3.350000000000001421 ) ) ;
#6530 = DIRECTION ( 'NONE',  ( 4.625929269271484558E-17, 0.8660254037844390407, 0.4999999999999996114 ) ) ;
#6531 = VERTEX_POINT ( 'NONE', #8090 ) ;
#6532 = CONICAL_SURFACE ( 'NONE', #7325, 3.349999999999998757, 0.7853981633974621568 ) ;
#6533 = LINE ( 'NONE', #8118, #3732 ) ;
#6534 = CARTESIAN_POINT ( 'NONE',  ( -1.703519035731124509, 2.602085213965209853E-15, -40.84220498139180222 ) ) ;
#6535 = DIRECTION ( 'NONE',  ( 1.000000000000000000, 0.000000000000000000, 0.000000000000000000 ) ) ;
#6536 = AXIS2_PLACEMENT_3D ( 'NONE', #954, #9263, #4782 ) ;
#6537 = CARTESIAN_POINT ( 'NONE',  ( -2.000000000000000000, -2.449293598294707400E-16, -32.30000000000000426 ) ) ;
#6538 = CARTESIAN_POINT ( 'NONE',  ( -9.696897217782263212, -3.377701072578185823E-15, 42.91983335788624032 ) ) ;
#6539 = VECTOR ( 'NONE', #92, 1000.000000000000000 ) ;
#6540 = ORIENTED_EDGE ( 'NONE', *, *, #844, .T. ) ;
#6541 = VERTEX_POINT ( 'NONE', #3678 ) ;
#6542 = CARTESIAN_POINT ( 'NONE',  ( -3.719743878930847014, 1.969999999999994866, 44.08951261808173427 ) ) ;
#6543 = CARTESIAN_POINT ( 'NONE',  ( 0.05779628573236157696, -13.00918327250948003, -9.551169360341436487 ) ) ;
#6544 = CARTESIAN_POINT ( 'NONE',  ( 0.3335696373370103940, -2.999999999999999556, -7.500000000000000000 ) ) ;
#6545 = CARTESIAN_POINT ( 'NONE',  ( 0.03864744970013872516, -36.42103250939973691, 2.126195056398410443 ) ) ;
#6546 = AXIS2_PLACEMENT_3D ( 'NONE', #1738, #1784, #9113 ) ;
#6547 = CARTESIAN_POINT ( 'NONE',  ( 0.1622123029441809305, -36.13671908741269334, -2.433142435454610730 ) ) ;
#6548 = DIRECTION ( 'NONE',  ( 1.000000000000000000, -0.000000000000000000, -0.000000000000000000 ) ) ;
#6549 = B_SPLINE_CURVE_WITH_KNOTS ( 'NONE', 3,
 ( #6369, #1025, #5685, #2610, #1768, #390, #1871, #4758, #8696, #5541 ),
 .UNSPECIFIED., .F., .F.,
 ( 4, 2, 2, 2, 4 ),
 ( 0.000000000000000000, 0.2500000000000000000, 0.5000000000000000000, 0.7500000000000000000, 1.000000000000000000 ),
 .UNSPECIFIED. ) ;
#6550 = VECTOR ( 'NONE', #661, 1000.000000000000000 ) ;
#6551 = CARTESIAN_POINT ( 'NONE',  ( -0.9104873819182591754, -12.47666666666666657, -41.28025612106915787 ) ) ;
#6552 = CARTESIAN_POINT ( 'NONE',  ( -0.0003509986186196152125, -39.39999999999999147, -33.83140730194539714 ) ) ;
#6553 = AXIS2_PLACEMENT_3D ( 'NONE', #7824, #3453, #1236 ) ;
#6554 = CARTESIAN_POINT ( 'NONE',  ( 0.3643817704173960559, -12.80497740018841313, -7.102471643207856289 ) ) ;
#6555 = CARTESIAN_POINT ( 'NONE',  ( -22.60251704231981051, -39.39999999999996305, -36.78072303363791917 ) ) ;
#6556 = DIRECTION ( 'NONE',  ( 0.000000000000000000, 0.000000000000000000, 1.000000000000000000 ) ) ;
#6557 = CARTESIAN_POINT ( 'NONE',  ( -18.81783034896850282, -39.39999999999999147, 34.43907972699781794 ) ) ;
#6558 = CARTESIAN_POINT ( 'NONE',  ( 0.1690718594760665938, -36.22644331636196569, 2.363265792561694667 ) ) ;
#6559 = ORIENTED_EDGE ( 'NONE', *, *, #9464, .T. ) ;
#6560 = LINE ( 'NONE', #8939, #8285 ) ;
#6561 = CARTESIAN_POINT ( 'NONE',  ( -12.69999999999999929, -37.39999999999999147, 45.00000000000001421 ) ) ;
#6562 = CARTESIAN_POINT ( 'NONE',  ( 0.3593798439552782220, -3.066110106047752470, -9.750558514135226673 ) ) ;
#6563 = DIRECTION ( 'NONE',  ( -1.734723475976805517E-15, 1.000000000000000000, 0.000000000000000000 ) ) ;
#6564 = CARTESIAN_POINT ( 'NONE',  ( 0.003146909516448171372, -26.32928599451195595, 2.424284030405852608 ) ) ;
#6565 = ADVANCED_FACE ( 'NONE', ( #2150 ), #4353, .F. ) ;
#6566 = EDGE_LOOP ( 'NONE', ( #8151, #8150, #4418, #8921 ) ) ;
#6567 = ORIENTED_EDGE ( 'NONE', *, *, #1441, .T. ) ;
#6568 = ORIENTED_EDGE ( 'NONE', *, *, #9490, .T. ) ;
#6569 = DIRECTION ( 'NONE',  ( -0.000000000000000000, -0.000000000000000000, 1.000000000000000000 ) ) ;
#6570 = CARTESIAN_POINT ( 'NONE',  ( 0.08846250423394175222, -12.96519204338969189, -9.720585613015304105 ) ) ;
#6571 = CARTESIAN_POINT ( 'NONE',  ( -21.81465500401224489, -3.286587282411850577E-13, -36.49245609519338984 ) ) ;
#6572 = ORIENTED_EDGE ( 'NONE', *, *, #7927, .T. ) ;
#6573 = CARTESIAN_POINT ( 'NONE',  ( 0.07359969900738694282, -26.41768058931849339, 2.209895550182344071 ) ) ;
#6574 = CARTESIAN_POINT ( 'NONE',  ( 0.06068387364358696773, -3.455845968914079691, -6.991974684022100206 ) ) ;
#6575 = CARTESIAN_POINT ( 'NONE',  ( 0.4397376543209853272, -26.89999999999999858, -2.500000000000000000 ) ) ;
#6576 = DIRECTION ( 'NONE',  ( 0.000000000000000000, 0.000000000000000000, 1.000000000000000000 ) ) ;
#6577 = CARTESIAN_POINT ( 'NONE',  ( -2.673963192865810967, -39.39999999999999858, 38.23370081913635232 ) ) ;
#6578 = LINE ( 'NONE', #1240, #8965 ) ;
#6579 = ADVANCED_FACE ( 'NONE', ( #4498 ), #4402, .F. ) ;
#6580 = ORIENTED_EDGE ( 'NONE', *, *, #5651, .F. ) ;
#6581 = CARTESIAN_POINT ( 'NONE',  ( -16.30000000000000782, -1.738200612200848205, -24.79999999999999716 ) ) ;
#6582 = ORIENTED_EDGE ( 'NONE', *, *, #3393, .T. ) ;
#6583 = VECTOR ( 'NONE', #3111, 1000.000000000000114 ) ;
#6584 = CARTESIAN_POINT ( 'NONE',  ( -3.039563888911749334, -2.611503191559081572E-15, -39.11974273862705331 ) ) ;
#6585 = VECTOR ( 'NONE', #8195, 1000.000000000000000 ) ;
#6586 = DIRECTION ( 'NONE',  ( 0.000000000000000000, 0.000000000000000000, -1.000000000000000000 ) ) ;
#6587 = B_SPLINE_CURVE_WITH_KNOTS ( 'NONE', 3,
 ( #1751, #4009, #4740, #6991 ),
 .UNSPECIFIED., .F., .F.,
 ( 4, 4 ),
 ( 0.000000000000000000, 1.000000000000000000 ),
 .UNSPECIFIED. ) ;
#6588 = CARTESIAN_POINT ( 'NONE',  ( -3.920097356311992076, -4.012202408896911298E-16, 40.50929536148768051 ) ) ;
#6589 = AXIS2_PLACEMENT_3D ( 'NONE', #646, #9006, #2918 ) ;
#6590 = ORIENTED_EDGE ( 'NONE', *, *, #4860, .T. ) ;
#6591 = AXIS2_PLACEMENT_3D ( 'NONE', #6265, #6219, #2460 ) ;
#6592 = EDGE_CURVE ( 'NONE', #2866, #6186, #9521, .T. ) ;
#6593 = ORIENTED_EDGE ( 'NONE', *, *, #4315, .T. ) ;
#6594 = CARTESIAN_POINT ( 'NONE',  ( -20.00000000000000355, -3.500000000000003109, -7.000000000000000000 ) ) ;
#6595 = DIRECTION ( 'NONE',  ( -4.625929269271488872E-17, -0.8660254037844384856, -0.5000000000000002220 ) ) ;
#6596 = CARTESIAN_POINT ( 'NONE',  ( 0.1786082020907052426, -36.40000000000000568, 2.028623491636257548 ) ) ;
#6597 = CARTESIAN_POINT ( 'NONE',  ( 0.1205805181783059093, -36.28134955973633424, -2.317594809371607223 ) ) ;
#6598 = AXIS2_PLACEMENT_3D ( 'NONE', #7594, #2991, #7498 ) ;
#6599 = EDGE_CURVE ( 'NONE', #7596, #2916, #1562, .T. ) ;
#6600 = CARTESIAN_POINT ( 'NONE',  ( -16.29999999999999716, -36.75000000000000000, 6.526646113673449712 ) ) ;
#6601 = ADVANCED_FACE ( 'NONE', ( #7598 ), #8385, .T. ) ;
#6602 = CARTESIAN_POINT ( 'NONE',  ( 0.000000000000000000, -39.40000000000000568, -32.29999999999999716 ) ) ;
#6603 = VERTEX_POINT ( 'NONE', #6804 ) ;
#6604 = CARTESIAN_POINT ( 'NONE',  ( 0.1189406295732793051, -12.83467616817730317, -7.133183627730516285 ) ) ;
#6605 = LINE ( 'NONE', #9563, #3786 ) ;
#6606 = CARTESIAN_POINT ( 'NONE',  ( 7.500000000000001776, -12.49999999999999822, -7.000000000000000000 ) ) ;
#6607 = VECTOR ( 'NONE', #7181, 999.9999999999998863 ) ;
#6608 = CARTESIAN_POINT ( 'NONE',  ( -15.11436904735976761, -39.39999999999999858, 31.81198191038905065 ) ) ;
#6609 = CARTESIAN_POINT ( 'NONE',  ( 0.09621752899302768447, -36.33047822441947972, 2.290848375130292158 ) ) ;
#6610 = ORIENTED_EDGE ( 'NONE', *, *, #4739, .F. ) ;
#6611 = DIRECTION ( 'NONE',  ( 1.000000000000000000, 0.000000000000000000, 0.000000000000000000 ) ) ;
#6612 = PRODUCT_RELATED_PRODUCT_CATEGORY ( 'detail', '', ( #1453 ) ) ;
#6613 = DIRECTION ( 'NONE',  ( 1.734723475976807094E-16, -1.000000000000000000, 0.000000000000000000 ) ) ;
#6614 = CARTESIAN_POINT ( 'NONE',  ( 0.1822098361370907971, -3.118666631820958823, -9.805582246526945767 ) ) ;
#6615 = PLANE ( 'NONE',  #1583 ) ;
#6616 = FACE_OUTER_BOUND ( 'NONE', #9048, .T. ) ;
#6617 = EDGE_CURVE ( 'NONE', #748, #2265, #3138, .T. ) ;
#6618 = EDGE_LOOP ( 'NONE', ( #8655, #3341, #9184, #8411 ) ) ;
#6619 = VERTEX_POINT ( 'NONE', #6254 ) ;
#6620 = ORIENTED_EDGE ( 'NONE', *, *, #695, .T. ) ;
#6621 = CARTESIAN_POINT ( 'NONE',  ( -16.29999999999999716, -2.000000000000000000, 25.30541443087987474 ) ) ;
#6622 = CARTESIAN_POINT ( 'NONE',  ( 0.1744340472585451107, -12.82598706417541123, -9.863127438189872365 ) ) ;
#6623 = CARTESIAN_POINT ( 'NONE',  ( 0.09999999999999939493, -26.89999999999999858, -2.500000000000000000 ) ) ;
#6624 = ORIENTED_EDGE ( 'NONE', *, *, #9217, .F. ) ;
#6625 = CARTESIAN_POINT ( 'NONE',  ( 0.3476626957582978905, -26.41602188926900752, 2.129637811980200190 ) ) ;
#6626 = CARTESIAN_POINT ( 'NONE',  ( 0.05208757324613463857, -3.429265398025735934, -6.987783268299678774 ) ) ;
#6627 = DIRECTION ( 'NONE',  ( -1.000000000000000000, 0.000000000000000000, 0.000000000000000000 ) ) ;
#6628 = EDGE_CURVE ( 'NONE', #8749, #7964, #6803, .T. ) ;
#6629 = EDGE_CURVE ( 'NONE', #8344, #2396, #7114, .T. ) ;
#6630 = DIRECTION ( 'NONE',  ( 0.000000000000000000, 0.5000000000000209832, -0.8660254037844264952 ) ) ;
#6631 = DIRECTION ( 'NONE',  ( 0.000000000000000000, -0.4999999999999997224, 0.8660254037844388186 ) ) ;
#6632 = APPLICATION_CONTEXT ( 'configuration controlled 3d designs of mechanical parts and assemblies' ) ;
#6633 = EDGE_LOOP ( 'NONE', ( #3437, #2118, #56 ) ) ;
#6634 = CARTESIAN_POINT ( 'NONE',  ( 0.04079393051882011095, -2.980635165125501640, -7.383810990753007175 ) ) ;
#6635 = ORIENTED_EDGE ( 'NONE', *, *, #2471, .T. ) ;
#6636 = CARTESIAN_POINT ( 'NONE',  ( -2.123080643744284846, -1.999999999999999112, -41.47163060464839646 ) ) ;
#6637 = DIRECTION ( 'NONE',  ( 1.000000000000000000, 0.000000000000000000, 0.000000000000000000 ) ) ;
#6638 = ADVANCED_FACE ( 'NONE', ( #275 ), #5435, .F. ) ;
#6639 = CARTESIAN_POINT ( 'NONE',  ( -12.69999999999999929, -1.555301434917138630E-15, -43.00000000000000000 ) ) ;
#6640 = CARTESIAN_POINT ( 'NONE',  ( -5.017937694141328286, -2.000000000000000888, 43.76563642657697528 ) ) ;
#6641 = EDGE_LOOP ( 'NONE', ( #8987, #7369, #4487, #7676 ) ) ;
#6642 =( BOUNDED_SURFACE ( )  B_SPLINE_SURFACE ( 3, 2, ( 
 ( #2546, #1708, #4011 ),
 ( #3183, #1612, #2451 ),
 ( #6158, #9130, #9083 ),
 ( #2356, #5528, #8532 ),
 ( #4695, #7790, #5483 ),
 ( #9173, #6995, #8484 ) ),
 .UNSPECIFIED., .F., .F., .F. ) 
 B_SPLINE_SURFACE_WITH_KNOTS ( ( 4, 2, 4 ),
 ( 3, 3 ),
 ( 0.2610394883643005204, 0.6305197441821502879, 1.000000000000000000 ),
 ( 0.000000000000000000, 1.000000000000000000 ),
 .UNSPECIFIED. ) 
 GEOMETRIC_REPRESENTATION_ITEM ( )  RATIONAL_B_SPLINE_SURFACE ( (
 ( 1.000000000000000000, 0.8295822873078130266, 1.000000000000000000),
 ( 1.000000000000000000, 0.8743186979496679889, 1.000000000000000000),
 ( 1.000000000000000000, 0.9206139212134540895, 1.000000000000000000),
 ( 1.000000000000000000, 0.9837683019806209295, 1.000000000000000000),
 ( 1.000000000000000000, 1.000501889437315217, 1.000000000000000000),
 ( 1.000000000000000000, 1.000000000000000000, 1.000000000000000000) ) ) 
 REPRESENTATION_ITEM ( '' )  SURFACE ( )  );
#6643 = ORIENTED_EDGE ( 'NONE', *, *, #5567, .T. ) ;
#6644 = CARTESIAN_POINT ( 'NONE',  ( -1.999999999999999556, -2.000000000000000444, 45.00000000000000000 ) ) ;
#6645 = AXIS2_PLACEMENT_3D ( 'NONE', #4887, #7192, #7984 ) ;
#6646 = CARTESIAN_POINT ( 'NONE',  ( -16.19999999999999929, -2.749999999999995559, 3.031088913245538752 ) ) ;
#6647 = DIRECTION ( 'NONE',  ( 0.000000000000000000, 0.000000000000000000, 1.000000000000000000 ) ) ;
#6648 = CARTESIAN_POINT ( 'NONE',  ( 0.1632753398075252049, -36.16335300761635096, -2.416189248861618566 ) ) ;
#6649 = EDGE_CURVE ( 'NONE', #5465, #187, #8386, .T. ) ;
#6650 = CARTESIAN_POINT ( 'NONE',  ( 6.505213034913027590E-16, 1.970000000000000417, -36.57223050896223526 ) ) ;
#6651 = AXIS2_PLACEMENT_3D ( 'NONE', #2987, #1499, #1398 ) ;
#6652 = CARTESIAN_POINT ( 'NONE',  ( -3.680221856960507409, -39.40000000000000568, -40.20796815228381860 ) ) ;
#6653 = ORIENTED_EDGE ( 'NONE', *, *, #9172, .F. ) ;
#6654 = CARTESIAN_POINT ( 'NONE',  ( 0.1026531930791943770, -12.92307764169118833, -7.207768402438803790 ) ) ;
#6655 = CARTESIAN_POINT ( 'NONE',  ( -15.89933368479635689, -38.62909343994984113, 24.80000000000001847 ) ) ;
#6656 = CARTESIAN_POINT ( 'NONE',  ( -40.00000000000000000, -2.000000000000004441, -41.24999999999999289 ) ) ;
#6657 = CARTESIAN_POINT ( 'NONE',  ( -19.68077339133423820, -37.39999999999999147, 35.25440474258216028 ) ) ;
#6658 = CARTESIAN_POINT ( 'NONE',  ( 0.1016644731461542467, -36.24671386194250999, 2.381623554747056559 ) ) ;
#6659 = ORIENTED_EDGE ( 'NONE', *, *, #782, .F. ) ;
#6660 = DIRECTION ( 'NONE',  ( 1.000000000000000000, -0.000000000000000000, -9.251858538542972814E-17 ) ) ;
#6661 = DIRECTION ( 'NONE',  ( 0.000000000000000000, 0.5000000000000134337, -0.8660254037844309360 ) ) ;
#6662 = APPROVAL_PERSON_ORGANIZATION ( #1074, #1706, #8602 ) ;
#6663 = CARTESIAN_POINT ( 'NONE',  ( 0.1542920099015173130, -3.067079550441512037, -9.738888968241235844 ) ) ;
#6664 = CARTESIAN_POINT ( 'NONE',  ( -5.236370853990448992, -4.529992677714384573E-16, 41.61081008745491516 ) ) ;
#6665 = CARTESIAN_POINT ( 'NONE',  ( -28.99999999999999289, -39.14757277670851465, 38.49276203925820994 ) ) ;
#6666 = ORIENTED_EDGE ( 'NONE', *, *, #4001, .F. ) ;
#6667 = ORIENTED_EDGE ( 'NONE', *, *, #284, .T. ) ;
#6668 = ORIENTED_EDGE ( 'NONE', *, *, #8833, .T. ) ;
#6669 = CARTESIAN_POINT ( 'NONE',  ( -16.29999999999999716, -2.000000000000000000, 24.80000000000001137 ) ) ;
#6670 = CARTESIAN_POINT ( 'NONE',  ( 0.1293346990561425602, -12.91822955568387599, -9.779132468067581740 ) ) ;
#6671 = CARTESIAN_POINT ( 'NONE',  ( -28.99999999999999645, -8.673617379884035472E-15, -37.50000000000000000 ) ) ;
#6672 = EDGE_LOOP ( 'NONE', ( #4357, #9673, #1489, #5833 ) ) ;
#6673 = CARTESIAN_POINT ( 'NONE',  ( 0.4397376543465725263, -26.56958662470963617, 2.376693405896181499 ) ) ;
#6674 = CARTESIAN_POINT ( 'NONE',  ( 0.03864744970013725411, -2.978967490600264334, -9.626195056398410443 ) ) ;
#6675 = B_SPLINE_CURVE_WITH_KNOTS ( 'NONE', 3,
 ( #2949, #531, #4310, #7301, #4999, #9472 ),
 .UNSPECIFIED., .F., .F.,
 ( 4, 2, 4 ),
 ( 0.000000000000000000, 0.5000000000000000000, 1.000000000000000000 ),
 .UNSPECIFIED. ) ;
#6676 = FACE_OUTER_BOUND ( 'NONE', #9519, .T. ) ;
#6677 = AXIS2_PLACEMENT_3D ( 'NONE', #2912, #588, #9627 ) ;
#6678 = DIRECTION ( 'NONE',  ( 0.000000000000000000, -0.5000000000000134337, -0.8660254037844309360 ) ) ;
#6679 = CARTESIAN_POINT ( 'NONE',  ( 0.09369787352247609113, -12.92139339967204137, -7.078606600328407161 ) ) ;
#6680 = VERTEX_POINT ( 'NONE', #188 ) ;
#6681 = EDGE_CURVE ( 'NONE', #9081, #2668, #8434, .T. ) ;
#6682 = CARTESIAN_POINT ( 'NONE',  ( -9.399999999999998579, -31.39999999999999147, -3.553292227346873222 ) ) ;
#6683 = EDGE_LOOP ( 'NONE', ( #4864, #8402, #3053, #3963 ) ) ;
#6684 = CARTESIAN_POINT ( 'NONE',  ( -0.0003166313701794809250, 0.000000000000000000, -33.84370733374953488 ) ) ;
#6685 = AXIS2_PLACEMENT_3D ( 'NONE', #6312, #4941, #4844 ) ;
#6686 = CARTESIAN_POINT ( 'NONE',  ( 8.000000000000000000, -36.39999999999999858, -2.000000000000000000 ) ) ;
#6687 = CARTESIAN_POINT ( 'NONE',  ( -36.25000000000000000, -2.000000000000003997, -41.24999999999999289 ) ) ;
#6688 = CARTESIAN_POINT ( 'NONE',  ( 0.01382043241903900543, -12.74192882088471812, -10.04032147014745213 ) ) ;
#6689 = CARTESIAN_POINT ( 'NONE',  ( 0.000000000000000000, -36.50000000000000711, 2.599999999999998312 ) ) ;
#6690 = ORIENTED_EDGE ( 'NONE', *, *, #6893, .T. ) ;
#6691 = DIRECTION ( 'NONE',  ( 0.000000000000000000, -1.000000000000000000, 0.000000000000000000 ) ) ;
#6692 = CARTESIAN_POINT ( 'NONE',  ( -9.299999999999998934, -36.54999999999999005, -6.526646113673447935 ) ) ;
#6693 = EDGE_CURVE ( 'NONE', #3504, #9529, #6113, .T. ) ;
#6694 = CARTESIAN_POINT ( 'NONE',  ( -16.00000000000000000, -19.70000000000000284, 2.500000000000000000 ) ) ;
#6695 = CARTESIAN_POINT ( 'NONE',  ( 0.4397376543092829104, -36.20497740018841171, -2.397528356792145487 ) ) ;
#6696 = AXIS2_PLACEMENT_3D ( 'NONE', #2480, #6976, #6142 ) ;
#6697 = CIRCLE ( 'NONE', #8759, 0.1000000000000001721 ) ;
#6698 = FACE_OUTER_BOUND ( 'NONE', #5137, .T. ) ;
#6699 = CARTESIAN_POINT ( 'NONE',  ( -1.526043011140614025, -39.40000000000000568, -40.56629833359228599 ) ) ;
#6700 = VERTEX_POINT ( 'NONE', #6065 ) ;
#6701 = CARTESIAN_POINT ( 'NONE',  ( 0.3691266521823553526, -12.89983342119908905, -7.192726640012541139 ) ) ;
#6702 = AXIS2_PLACEMENT_3D ( 'NONE', #1819, #4803, #7806 ) ;
#6703 = CARTESIAN_POINT ( 'NONE',  ( -28.49194893855756661, -39.40000000000000568, -39.50000000380557452 ) ) ;
#6704 = CARTESIAN_POINT ( 'NONE',  ( 0.2132458847823574255, -26.39999999999999858, 2.000000000000000000 ) ) ;
#6705 = ADVANCED_FACE ( 'NONE', ( #5389 ), #6642, .T. ) ;
#6706 = CARTESIAN_POINT ( 'NONE',  ( 0.05239727617647165631, -26.38965020210713064, -2.062098787357227181 ) ) ;
#6707 = CARTESIAN_POINT ( 'NONE',  ( 0.3494036068076166734, -36.33689319417712937, 2.251809490185450180 ) ) ;
#6708 = VERTEX_POINT ( 'NONE', #1658 ) ;
#6709 = CARTESIAN_POINT ( 'NONE',  ( -11.95336142718328709, -39.39999999999999147, 43.00000000563934321 ) ) ;
#6710 = VECTOR ( 'NONE', #901, 1000.000000000000000 ) ;
#6711 = FACE_OUTER_BOUND ( 'NONE', #4909, .T. ) ;
#6712 = CARTESIAN_POINT ( 'NONE',  ( 0.2528248678321164955, -3.080676179488865518, -9.743113539621898411 ) ) ;
#6713 = B_SPLINE_CURVE_WITH_KNOTS ( 'NONE', 3,
 ( #2128, #653, #7974, #1285, #4922, #9591, #9493, #5019, #4234, #506, #8018, #6483, #550 ),
 .UNSPECIFIED., .F., .F.,
 ( 4, 1, 2, 2, 2, 2, 4 ),
 ( 0.000000000000000000, 0.1250000000000050515, 0.1875000000000027478, 0.2500000000000004441, 0.5000000000000003331, 0.7500000000000002220, 1.000000000000000000 ),
 .UNSPECIFIED. ) ;
#6714 = CARTESIAN_POINT ( 'NONE',  ( -9.706514225734263590, -7.759084743192536637E-16, 42.92058037492981271 ) ) ;
#6715 = CARTESIAN_POINT ( 'NONE',  ( 0.02671071723169820070, -26.36969343397748133, 2.181839374490191830 ) ) ;
#6716 = CARTESIAN_POINT ( 'NONE',  ( 0.07620341509867993579, -26.86815308301843430, -2.499254085221078725 ) ) ;
#6718 = VERTEX_POINT ( 'NONE', #7693 ) ;
#6717 = EDGE_CURVE ( 'NONE', #5752, #4831, #917, .T. ) ;
#6719 = EDGE_LOOP ( 'NONE', ( #2422, #6568, #6391 ) ) ;
#6720 = ORIENTED_EDGE ( 'NONE', *, *, #637, .T. ) ;
#6721 = CYLINDRICAL_SURFACE ( 'NONE', #1825, 0.1000000000000000056 ) ;
#6722 = CARTESIAN_POINT ( 'NONE',  ( 0.1605640790680387675, -12.76414569928916265, -9.916179932305151823 ) ) ;
#6723 = CARTESIAN_POINT ( 'NONE',  ( -16.55254518439473088, 8.856990992145250234E-16, -34.77563055456457874 ) ) ;
#6724 = VERTEX_POINT ( 'NONE', #1753 ) ;
#6725 = CARTESIAN_POINT ( 'NONE',  ( 0.1848601631963774639, -26.51819168198371912, 2.306373696492340031 ) ) ;
#6726 = CARTESIAN_POINT ( 'NONE',  ( -16.30000000000000071, -26.19999999999999218, -12.55995642670501944 ) ) ;
#6727 = CARTESIAN_POINT ( 'NONE',  ( -9.400000000000000355, -31.39999999999999147, -15.44670777265315031 ) ) ;
#6728 = EDGE_CURVE ( 'NONE', #119, #2284, #4742, .T. ) ;
#6729 = CARTESIAN_POINT ( 'NONE',  ( 0.4397376543209853272, -26.45058351978361344, -2.221575603183997494 ) ) ;
#6730 = CARTESIAN_POINT ( 'NONE',  ( 0.03864744970013841291, -26.37896749060026380, -2.126195056398408223 ) ) ;
#6731 = FACE_BOUND ( 'NONE', #2657, .T. ) ;
#6732 = ORIENTED_EDGE ( 'NONE', *, *, #7370, .T. ) ;
#6733 = CARTESIAN_POINT ( 'NONE',  ( -0.9104873819182590644, 1.969999999999994866, 41.28025612106915787 ) ) ;
#6734 = CARTESIAN_POINT ( 'NONE',  ( 0.03864744970013615083, -2.978967490600263002, -7.373804943601579787 ) ) ;
#6735 = VERTEX_POINT ( 'NONE', #1052 ) ;
#6736 = CARTESIAN_POINT ( 'NONE',  ( -2.000000000000000888, 2.168404344971008868E-15, -32.30000000000000426 ) ) ;
#6737 = LINE ( 'NONE', #5328, #6550 ) ;
#6738 = CARTESIAN_POINT ( 'NONE',  ( -16.29999999999999716, -26.04999999999999361, -12.47335388632657249 ) ) ;
#6739 = AXIS2_PLACEMENT_3D ( 'NONE', #712, #3080, #1604 ) ;
#6740 = CC_DESIGN_PERSON_AND_ORGANIZATION_ASSIGNMENT ( #2518, #4954, ( #1453 ) ) ;
#6741 = CARTESIAN_POINT ( 'NONE',  ( -20.01974387893085350, 1.969999999999999973, -36.58951261808173427 ) ) ;
#6742 = CARTESIAN_POINT ( 'NONE',  ( -16.30000000000000071, -37.39999999999863434, -24.79999999999999716 ) ) ;
#6743 = ORIENTED_EDGE ( 'NONE', *, *, #4117, .F. ) ;
#6744 = DIRECTION ( 'NONE',  ( 0.000000000000000000, 0.000000000000000000, -1.000000000000000000 ) ) ;
#6745 = DIRECTION ( 'NONE',  ( 0.000000000000000000, 0.000000000000000000, -1.000000000000000000 ) ) ;
#6746 = CARTESIAN_POINT ( 'NONE',  ( -0.0003510011514910903793, -2.000000000000000444, 33.83140730181633415 ) ) ;
#6747 = EDGE_CURVE ( 'NONE', #1271, #5312, #7439, .T. ) ;
#6748 = CARTESIAN_POINT ( 'NONE',  ( 0.3735402191733297461, -36.29983342119909651, -2.307273359987457084 ) ) ;
#6749 = EDGE_CURVE ( 'NONE', #6189, #200, #1008, .T. ) ;
#6750 = CARTESIAN_POINT ( 'NONE',  ( 0.09999999999999939493, -35.89999999999999858, 2.500000000000000000 ) ) ;
#6751 = AXIS2_PLACEMENT_3D ( 'NONE', #1334, #2081, #5703 ) ;
#6752 = CARTESIAN_POINT ( 'NONE',  ( -11.15629266625110994, -39.39999999999738378, -44.99968336863680207 ) ) ;
#6753 = EDGE_LOOP ( 'NONE', ( #9260, #9032, #7084, #8705, #1370, #7054 ) ) ;
#6754 = CARTESIAN_POINT ( 'NONE',  ( 0.1381343460782138710, -12.88167002136709804, -7.186997093538753489 ) ) ;
#6755 = DIRECTION ( 'NONE',  ( 0.000000000000000000, 1.000000000000000000, 0.000000000000000000 ) ) ;
#6756 = CARTESIAN_POINT ( 'NONE',  ( 7.500000000000000000, -2.999999999999998668, -7.500000000000000000 ) ) ;
#6757 = AXIS2_PLACEMENT_3D ( 'NONE', #7954, #9335, #4079 ) ;
#6758 = CARTESIAN_POINT ( 'NONE',  ( -16.29999999619606754, -39.39999999997354507, 25.30794813114121311 ) ) ;
#6759 = VERTEX_POINT ( 'NONE', #2593 ) ;
#6760 = CARTESIAN_POINT ( 'NONE',  ( -11.16859269818925782, -37.39999999999999147, 44.99964899884882641 ) ) ;
#6761 =( BOUNDED_CURVE ( )  B_SPLINE_CURVE ( 3, ( #9203, #6890, #3948, #261 ),
 .UNSPECIFIED., .F., .F. ) 
 B_SPLINE_CURVE_WITH_KNOTS ( ( 4, 4 ),
 ( 0.6605173887667386001, 1.570796326794896558 ),
 .UNSPECIFIED. ) 
 CURVE ( )  GEOMETRIC_REPRESENTATION_ITEM ( )  RATIONAL_B_SPLINE_CURVE ( ( 1.000000000000000000, 0.9321331520445458318, 0.9321331520445458318, 1.000000000000000000 ) ) 
 REPRESENTATION_ITEM ( '' )  );
#6762 = CARTESIAN_POINT ( 'NONE',  ( -12.70000000000000107, -39.14757277670851465, 44.00723796074179006 ) ) ;
#6763 = EDGE_CURVE ( 'NONE', #9286, #200, #2743, .T. ) ;
#6764 = CARTESIAN_POINT ( 'NONE',  ( 0.2559330417345844211, -3.254116204849034855, -9.921385555763691855 ) ) ;
#6765 = CIRCLE ( 'NONE', #7714, 0.2000000000000000944 ) ;
#6766 = CARTESIAN_POINT ( 'NONE',  ( -9.299999999999998934, -17.93702367904176853, -0.3250345304526072732 ) ) ;
#6767 = CARTESIAN_POINT ( 'NONE',  ( 0.01648282397503830071, -26.35712330452263075, 2.257260175386651468 ) ) ;
#6768 = CARTESIAN_POINT ( 'NONE',  ( 0.1406891008882480698, -26.75856163598504267, -2.474343959129456483 ) ) ;
#6769 = ORIENTED_EDGE ( 'NONE', *, *, #9390, .F. ) ;
#6770 = ORIENTED_EDGE ( 'NONE', *, *, #3379, .F. ) ;
#6771 = ORIENTED_EDGE ( 'NONE', *, *, #5700, .F. ) ;
#6772 = CARTESIAN_POINT ( 'NONE',  ( -16.32151497101652282, -8.673617379884035472E-16, 26.74881965074087731 ) ) ;
#6773 = FACE_OUTER_BOUND ( 'NONE', #7253, .T. ) ;
#6774 = CARTESIAN_POINT ( 'NONE',  ( -17.48457875039397891, -1.081510101602084420E-13, -32.39159817383149687 ) ) ;
#6775 = EDGE_LOOP ( 'NONE', ( #7167, #9109, #8608, #6580 ) ) ;
#6776 = CARTESIAN_POINT ( 'NONE',  ( 0.4397376543465725263, -26.39999999999999858, 2.000000000000000000 ) ) ;
#6777 = CARTESIAN_POINT ( 'NONE',  ( 0.08444913279839923181, -3.494836608929955624, -6.998953125501940598 ) ) ;
#6778 = ADVANCED_FACE ( 'NONE', ( #4060 ), #9408, .T. ) ;
#6779 = CYLINDRICAL_SURFACE ( 'NONE', #8343, 0.09999999999999982514 ) ;
#6780 = CARTESIAN_POINT ( 'NONE',  ( 0.03864744970013792719, -26.77380494360158991, -2.521032509399734334 ) ) ;
#6781 = CARTESIAN_POINT ( 'NONE',  ( -16.30000000000000071, -2.000000000000001776, -24.12999999999999901 ) ) ;
#6782 = VERTEX_POINT ( 'NONE', #1946 ) ;
#6783 = DIRECTION ( 'NONE',  ( 1.000000000000000000, 0.000000000000000000, 0.000000000000000000 ) ) ;
#6784 = CARTESIAN_POINT ( 'NONE',  ( 0.09292064022133184054, -3.500000000000003553, -9.999999999999978684 ) ) ;
#6785 = ORIENTED_EDGE ( 'NONE', *, *, #1852, .F. ) ;
#6786 = CARTESIAN_POINT ( 'NONE',  ( 0.1937694398803389562, -26.89999999999999858, 2.500000000000000000 ) ) ;
#6787 = ADVANCED_FACE ( 'NONE', ( #9315 ), #2780, .T. ) ;
#6788 = DIRECTION ( 'NONE',  ( -0.000000000000000000, -0.000000000000000000, -1.000000000000000000 ) ) ;
#6789 = CARTESIAN_POINT ( 'NONE',  ( -16.41017446809627600, -39.39999999999998437, 34.56212944950841148 ) ) ;
#6790 = AXIS2_PLACEMENT_3D ( 'NONE', #6481, #5701, #8715 ) ;
#6791 = CARTESIAN_POINT ( 'NONE',  ( -9.299999999999998934, -2.849999999999998312, 2.323595152525534062E-15 ) ) ;
#6792 = CARTESIAN_POINT ( 'NONE',  ( 7.500000000000001776, -35.89999999999999858, 2.500000000000000000 ) ) ;
#6793 = CARTESIAN_POINT ( 'NONE',  ( 0.1133736073593772098, -3.450660988405839458, -7.000059770074948950 ) ) ;
#6794 = ORIENTED_EDGE ( 'NONE', *, *, #5298, .F. ) ;
#6795 = SPHERICAL_SURFACE ( 'NONE', #3455, 0.1000000000000000056 ) ;
#6796 = CARTESIAN_POINT ( 'NONE',  ( -20.56664682106472952, -39.40000000000001279, -38.13197807857213206 ) ) ;
#6797 = CARTESIAN_POINT ( 'NONE',  ( 0.3264917695523378849, -12.49999999999999822, -10.00000000000000000 ) ) ;
#6798 = EDGE_CURVE ( 'NONE', #119, #9675, #1646, .T. ) ;
#6799 = CARTESIAN_POINT ( 'NONE',  ( 0.4397376543092829104, -36.33689319417712937, -2.251809490185450624 ) ) ;
#6800 = CARTESIAN_POINT ( 'NONE',  ( -16.29999999999999716, -2.000000000000000444, 29.07223050896224237 ) ) ;
#6801 = CARTESIAN_POINT ( 'NONE',  ( -9.696897217787491030, -39.39999999999999147, -42.91983335788882670 ) ) ;
#6802 = ORIENTED_EDGE ( 'NONE', *, *, #1391, .F. ) ;
#6803 = CIRCLE ( 'NONE', #3840, 0.09999999999999939493 ) ;
#6804 = CARTESIAN_POINT ( 'NONE',  ( 8.000000000000000000, -3.499999999999998668, -7.500000000000000000 ) ) ;
#6805 = LINE ( 'NONE', #1660, #6539 ) ;
#6806 = ADVANCED_FACE ( 'NONE', ( #3512 ), #5859, .T. ) ;
#6807 = CIRCLE ( 'NONE', #6956, 0.09999999999999939493 ) ;
#6808 = ADVANCED_FACE ( 'NONE', ( #8030 ), #7935, .F. ) ;
#6809 = CARTESIAN_POINT ( 'NONE',  ( 0.1377446656094881428, -26.42444479011881242, -2.151012888943047319 ) ) ;
#6810 = EDGE_LOOP ( 'NONE', ( #6567, #7221, #915, #3100 ) ) ;
#6811 = CARTESIAN_POINT ( 'NONE',  ( -9.553572098818895242, -39.40000000000257074, 44.91571821744889093 ) ) ;
#6812 = AXIS2_PLACEMENT_3D ( 'NONE', #9557, #7288, #2887 ) ;
#6813 = DIRECTION ( 'NONE',  ( 0.000000000000000000, 0.000000000000000000, -1.000000000000000000 ) ) ;
#6814 = CARTESIAN_POINT ( 'NONE',  ( 0.1408989033876739683, -3.319970190718971370, -9.961808474229133736 ) ) ;
#6815 = CIRCLE ( 'NONE', #2124, 0.5000000000000000000 ) ;
#6816 = DIRECTION ( 'NONE',  ( 0.000000000000000000, -1.000000000000000000, 0.000000000000000000 ) ) ;
#6817 = CARTESIAN_POINT ( 'NONE',  ( 0.09871115433706263709, -26.89996218868792610, -2.500006301885343785 ) ) ;
#6818 = EDGE_LOOP ( 'NONE', ( #1889, #67, #89, #7515 ) ) ;
#6819 = VERTEX_POINT ( 'NONE', #1997 ) ;
#6820 = ORIENTED_EDGE ( 'NONE', *, *, #1742, .T. ) ;
#6821 = CARTESIAN_POINT ( 'NONE',  ( -14.34404184590520437, 8.720005720378208564E-16, 27.32272864182730743 ) ) ;
#6822 =( BOUNDED_SURFACE ( )  B_SPLINE_SURFACE ( 3, 2, ( 
 ( #5269, #9010, #6833 ),
 ( #4525, #3752, #6044 ),
 ( #8911, #8959, #3021 ),
 ( #9061, #6679, #8315 ),
 ( #7577, #114, #1588 ),
 ( #893, #1534, #3112 ) ),
 .UNSPECIFIED., .F., .F., .T. ) 
 B_SPLINE_SURFACE_WITH_KNOTS ( ( 4, 2, 4 ),
 ( 3, 3 ),
 ( 0.000000000000000000, 0.3694802558178528762, 0.7389605116357057524 ),
 ( 0.000000000000000000, 1.000000000000000000 ),
 .UNSPECIFIED. ) 
 GEOMETRIC_REPRESENTATION_ITEM ( )  RATIONAL_B_SPLINE_SURFACE ( (
 ( 1.000000000000000000, 1.000000000000000000, 1.000000000000000000),
 ( 1.000000000000000000, 1.000501889437288350, 1.000000000000000000),
 ( 1.000000000000000000, 0.9837683019806553464, 1.000000000000000000),
 ( 1.000000000000000000, 0.9206139212134187844, 1.000000000000000000),
 ( 1.000000000000000000, 0.8743186979496939681, 1.000000000000000000),
 ( 1.000000000000000000, 0.8295822873078101400, 1.000000000000000000) ) ) 
 REPRESENTATION_ITEM ( '' )  SURFACE ( )  );
#6823 = CARTESIAN_POINT ( 'NONE',  ( 0.1057754479062121278, -12.99994466427328277, -9.524690321748579436 ) ) ;
#6824 = CARTESIAN_POINT ( 'NONE',  ( -15.46531887019743401, 1.713233997116881127E-15, -32.76847944549633951 ) ) ;
#6825 = VERTEX_POINT ( 'NONE', #2043 ) ;
#6826 = ADVANCED_FACE ( 'NONE', ( #3324 ), #1897, .F. ) ;
#6827 = CARTESIAN_POINT ( 'NONE',  ( 0.1112620995951820596, -26.39978395807787592, 2.024834176606145952 ) ) ;
#6828 = AXIS2_PLACEMENT_3D ( 'NONE', #3016, #8261, #9634 ) ;
#6829 = DIRECTION ( 'NONE',  ( 0.000000000000000000, 0.000000000000000000, 1.000000000000000000 ) ) ;
#6830 = CARTESIAN_POINT ( 'NONE',  ( -16.19999999999999929, -31.39999999999999147, -3.453292227346872689 ) ) ;
#6831 = CARTESIAN_POINT ( 'NONE',  ( 0.09999999999999999167, 0.000000000000000000, 2.599999999999998312 ) ) ;
#6832 = CARTESIAN_POINT ( 'NONE',  ( 0.1016644731461468915, -12.84671386194250964, -9.881623554747060112 ) ) ;
#6833 = CARTESIAN_POINT ( 'NONE',  ( 0.000000000000000000, -13.09999999999999964, -6.900000000000003020 ) ) ;
#6834 = ORIENTED_EDGE ( 'NONE', *, *, #3637, .F. ) ;
#6835 = CARTESIAN_POINT ( 'NONE',  ( -16.29999999999999716, -26.14999999999999858, 12.47335388632657427 ) ) ;
#6836 = DIRECTION ( 'NONE',  ( 0.000000000000000000, -0.5000000000000153211, -0.8660254037844298258 ) ) ;
#6837 = ORIENTED_EDGE ( 'NONE', *, *, #1427, .F. ) ;
#6838 = EDGE_CURVE ( 'NONE', #1752, #7786, #1200, .T. ) ;
#6839 = CARTESIAN_POINT ( 'NONE',  ( 0.3335696373632683343, -26.89999999999999858, 2.500000000000000000 ) ) ;
#6840 = DIRECTION ( 'NONE',  ( -1.000000000000000000, 0.000000000000000000, 0.000000000000000000 ) ) ;
#6841 = CARTESIAN_POINT ( 'NONE',  ( -14.29999999999999716, -1.751244922780715104E-15, 24.12999999999999901 ) ) ;
#6842 = AXIS2_PLACEMENT_3D ( 'NONE', #129, #9651, #2934 ) ;
#6843 = DIRECTION ( 'NONE',  ( 0.000000000000000000, 0.000000000000000000, -1.000000000000000000 ) ) ;
#6844 = CARTESIAN_POINT ( 'NONE',  ( 0.09369787352234298927, -36.32139339967203995, 2.421393399671893043 ) ) ;
#6845 = ORIENTED_EDGE ( 'NONE', *, *, #2808, .T. ) ;
#6846 = AXIS2_PLACEMENT_3D ( 'NONE', #1617, #7606, #3188 ) ;
#6847 = DIRECTION ( 'NONE',  ( 0.000000000000000000, -1.000000000000000000, 0.000000000000000000 ) ) ;
#6848 = CARTESIAN_POINT ( 'NONE',  ( -19.02436944546087361, -39.40000000000002700, -37.24745481558159810 ) ) ;
#6849 = EDGE_CURVE ( 'NONE', #6510, #9014, #232, .T. ) ;
#6850 = CARTESIAN_POINT ( 'NONE',  ( 0.4397376543283821881, -12.49999999999999822, -10.00000000000000000 ) ) ;
#6851 = CARTESIAN_POINT ( 'NONE',  ( 0.1435055700011722835, -36.36182676601967501, -2.178853320492539769 ) ) ;
#6852 = CARTESIAN_POINT ( 'NONE',  ( -9.400000000000000355, -14.53862066797603347, -25.18162966890553989 ) ) ;
#6853 = CARTESIAN_POINT ( 'NONE',  ( -11.94772167361545634, -39.39999999999218261, -45.00000000560627456 ) ) ;
#6854 = ORIENTED_EDGE ( 'NONE', *, *, #4729, .F. ) ;
#6855 = DIRECTION ( 'NONE',  ( 1.000000000000000000, 1.084202172485504434E-16, -0.000000000000000000 ) ) ;
#6856 = CARTESIAN_POINT ( 'NONE',  ( -3.108686111936681762, -39.40000000000000568, -39.27584102828767953 ) ) ;
#6857 = AXIS2_PLACEMENT_3D ( 'NONE', #3816, #3716, #8233 ) ;
#6858 = CIRCLE ( 'NONE', #9224, 0.5000000000000004441 ) ;
#6859 = CARTESIAN_POINT ( 'NONE',  ( 0.07490148841600613450, -26.41646126961711971, -2.210351776850045358 ) ) ;
#6860 = CARTESIAN_POINT ( 'NONE',  ( -5.726775456772158712, -37.39999999999999147, 44.07965635256022097 ) ) ;
#6861 = CARTESIAN_POINT ( 'NONE',  ( -40.00000000000000000, -31.39999999999999858, -9.500000000000008882 ) ) ;
#6862 = CARTESIAN_POINT ( 'NONE',  ( 0.08501530141720330114, -3.311026832915270113, -9.976430263677828592 ) ) ;
#6863 = CIRCLE ( 'NONE', #3898, 1.750000000000001554 ) ;
#6864 = CARTESIAN_POINT ( 'NONE',  ( 0.4397376543209871036, -36.39674658458353917, 2.065449309234397290 ) ) ;
#6865 = ADVANCED_FACE ( 'NONE', ( #467 ), #9322, .T. ) ;
#6866 = CIRCLE ( 'NONE', #622, 0.1000000000000028644 ) ;
#6867 = CARTESIAN_POINT ( 'NONE',  ( -17.01380753583365646, -39.39999999999999147, -31.18026866129007146 ) ) ;
#6868 = CARTESIAN_POINT ( 'NONE',  ( 0.1096714448637630540, -26.90000000000000568, -2.499999999999999556 ) ) ;
#6869 = ORIENTED_EDGE ( 'NONE', *, *, #2426, .T. ) ;
#6870 = ORIENTED_EDGE ( 'NONE', *, *, #6405, .F. ) ;
#6871 = CARTESIAN_POINT ( 'NONE',  ( -16.44548382174200896, -2.154736004601499602E-13, 28.59012258381133975 ) ) ;
#6872 = CARTESIAN_POINT ( 'NONE',  ( 0.07359969900738307091, -12.98231941068151407, -9.709895550182348956 ) ) ;
#6873 = ORIENTED_EDGE ( 'NONE', *, *, #1256, .T. ) ;
#6874 = AXIS2_PLACEMENT_3D ( 'NONE', #727, #6660, #6467 ) ;
#6875 = DIRECTION ( 'NONE',  ( 0.000000000000000000, 1.000000000000000000, 1.144620646656884724E-15 ) ) ;
#6876 = CARTESIAN_POINT ( 'NONE',  ( -16.19999999999999929, -36.64999999999999858, -6.526646113673447935 ) ) ;
#6877 = CYLINDRICAL_SURFACE ( 'NONE', #5098, 0.09999999999999931166 ) ;
#6878 = EDGE_CURVE ( 'NONE', #6948, #8326, #4152, .T. ) ;
#6879 = EDGE_CURVE ( 'NONE', #5312, #4178, #1481, .T. ) ;
#6880 = AXIS2_PLACEMENT_3D ( 'NONE', #2039, #6586, #8023 ) ;
#6881 = DIRECTION ( 'NONE',  ( 1.000000000000000000, -0.000000000000000000, -9.251858538542972814E-17 ) ) ;
#6882 = ADVANCED_FACE ( 'NONE', ( #6450 ), #1248, .F. ) ;
#6883 = CARTESIAN_POINT ( 'NONE',  ( -9.399999999999998579, -31.39999999999999147, -15.44670777265315209 ) ) ;
#6884 = CARTESIAN_POINT ( 'NONE',  ( 0.4397376543465725818, -26.45388654819510066, 2.260993329381641548 ) ) ;
#6885 = EDGE_LOOP ( 'NONE', ( #116, #2653, #5463, #640 ) ) ;
#6886 = CARTESIAN_POINT ( 'NONE',  ( -16.29999999999999716, -31.49999999999998579, 15.61991285341003355 ) ) ;
#6887 = CARTESIAN_POINT ( 'NONE',  ( 0.05779628573423414156, -3.448830639662314290, -10.00918327250872508 ) ) ;
#6888 = ORIENTED_EDGE ( 'NONE', *, *, #3596, .F. ) ;
#6889 = DIRECTION ( 'NONE',  ( 4.625929269271482709E-17, 0.8660254037844389297, 0.4999999999999995559 ) ) ;
#6890 = CARTESIAN_POINT ( 'NONE',  ( 0.01382043241904124149, -36.44032147014745249, 2.241928820884697693 ) ) ;
#6891 = DIRECTION ( 'NONE',  ( 0.000000000000000000, 0.000000000000000000, -1.000000000000000000 ) ) ;
#6892 = DIRECTION ( 'NONE',  ( 0.000000000000000000, 0.5000000000000017764, -0.8660254037844375974 ) ) ;
#6893 = EDGE_CURVE ( 'NONE', #4831, #748, #2732, .T. ) ;
#6894 = CARTESIAN_POINT ( 'NONE',  ( 0.07920148355739156654, -3.378031551315157532, -7.005162444259275922 ) ) ;
#6895 = ORIENTED_EDGE ( 'NONE', *, *, #2711, .F. ) ;
#6896 = CARTESIAN_POINT ( 'NONE',  ( -2.000000000000000000, -2.449293598294706907E-16, 45.00000000000000000 ) ) ;
#6897 = CARTESIAN_POINT ( 'NONE',  ( -16.30000000000000071, -31.44999999999999218, -15.53331031303159548 ) ) ;
#6898 = CARTESIAN_POINT ( 'NONE',  ( 0.1972545340947478298, -36.39999999999999147, -2.029120942695332275 ) ) ;
#6899 = VECTOR ( 'NONE', #7438, 1000.000000000000000 ) ;
#6900 = ORIENTED_EDGE ( 'NONE', *, *, #5584, .T. ) ;
#6901 = CARTESIAN_POINT ( 'NONE',  ( 0.01382043241903981902, -36.14192882088470782, -2.540321470147450800 ) ) ;
#6902 = ADVANCED_FACE ( 'NONE', ( #9107 ), #5415, .T. ) ;
#6903 = CARTESIAN_POINT ( 'NONE',  ( -6.097649643163069122, -39.39999999999999147, -44.21263258075774871 ) ) ;
#6904 = VERTEX_POINT ( 'NONE', #3023 ) ;
#6905 = DIRECTION ( 'NONE',  ( 1.000000000000000000, 0.000000000000000000, 0.000000000000000000 ) ) ;
#6906 = CARTESIAN_POINT ( 'NONE',  ( 0.07312817726153550413, -12.51773533504630365, -10.00350411583893262 ) ) ;
#6907 = CARTESIAN_POINT ( 'NONE',  ( 0.09737342326657406899, -26.39996798478065543, -2.000192091316003395 ) ) ;
#6908 = CARTESIAN_POINT ( 'NONE',  ( -0.7709065600501703308, -0.4006663152036402664, -32.30000000000000426 ) ) ;
#6909 = AXIS2_PLACEMENT_3D ( 'NONE', #8471, #9306, #2487 ) ;
#6910 = EDGE_CURVE ( 'NONE', #6080, #7913, #7909, .T. ) ;
#6911 = DIRECTION ( 'NONE',  ( 0.000000000000000000, 0.000000000000000000, -1.000000000000000000 ) ) ;
#6912 = CARTESIAN_POINT ( 'NONE',  ( 0.1229047811014148672, -3.434285251777506875, -9.992756660706113792 ) ) ;
#6913 = CARTESIAN_POINT ( 'NONE',  ( 0.05069417348148266833, -26.82425834678176813, 2.512995674573598848 ) ) ;
#6914 = CIRCLE ( 'NONE', #5190, 3.599999999999992095 ) ;
#6915 = TOROIDAL_SURFACE ( 'NONE', #3798, 0.2000000000000000111, 0.1000000000000000056 ) ;
#6916 = CARTESIAN_POINT ( 'NONE',  ( -17.30754390455399871, -37.39999999999999147, -31.98534499607959347 ) ) ;
#6917 = CARTESIAN_POINT ( 'NONE',  ( 0.06626598899106245222, -26.89236404637265565, -2.501272658937896853 ) ) ;
#6918 = ORIENTED_EDGE ( 'NONE', *, *, #513, .T. ) ;
#6919 = ORIENTED_EDGE ( 'NONE', *, *, #4526, .F. ) ;
#6920 = CARTESIAN_POINT ( 'NONE',  ( -18.80239955616846714, -2.000000000000000000, 34.42189294411698341 ) ) ;
#6921 = CARTESIAN_POINT ( 'NONE',  ( 0.4397376543283821881, -13.00000000000000000, -9.500000000000000000 ) ) ;
#6922 = ORIENTED_EDGE ( 'NONE', *, *, #4872, .T. ) ;
#6923 = CARTESIAN_POINT ( 'NONE',  ( -17.21048738191825933, -2.000000000000007105, -33.78025612106914366 ) ) ;
#6924 = FACE_OUTER_BOUND ( 'NONE', #5847, .T. ) ;
#6925 =( LENGTH_UNIT ( ) NAMED_UNIT ( * ) SI_UNIT ( .MILLI., .METRE. ) );
#6926 = CIRCLE ( 'NONE', #2702, 0.1000000000000001721 ) ;
#6927 = CARTESIAN_POINT ( 'NONE',  ( 0.04830073193502781165, -35.98475589513734718, 2.514394950713048527 ) ) ;
#6928 = CYLINDRICAL_SURFACE ( 'NONE', #2210, 0.09999999999999982514 ) ;
#6929 = CARTESIAN_POINT ( 'NONE',  ( -14.34404184662449033, 8.720005719497325062E-16, 27.32272864174884930 ) ) ;
#6930 = VERTEX_POINT ( 'NONE', #895 ) ;
#6931 = CARTESIAN_POINT ( 'NONE',  ( -16.19999999999999929, -13.25000000000000000, 3.031088913245542749 ) ) ;
#6932 = DIRECTION ( 'NONE',  ( 4.625929269271488872E-17, 0.8660254037844385966, 0.5000000000000003331 ) ) ;
#6933 = ORIENTED_EDGE ( 'NONE', *, *, #2685, .T. ) ;
#6934 = EDGE_CURVE ( 'NONE', #3099, #638, #9555, .T. ) ;
#6935 = ADVANCED_FACE ( 'NONE', ( #2229 ), #2788, .T. ) ;
#6936 = CARTESIAN_POINT ( 'NONE',  ( 0.05749240906980490617, -26.39057127158963212, -2.052917429285007422 ) ) ;
#6937 = CARTESIAN_POINT ( 'NONE',  ( 0.03864744970013531122, -12.62619505639842110, -10.02103250939973655 ) ) ;
#6938 = DIRECTION ( 'NONE',  ( -0.000000000000000000, 2.602085213965215059E-14, 1.000000000000000000 ) ) ;
#6939 = CARTESIAN_POINT ( 'NONE',  ( 0.3333876955877032033, -12.99674658458353882, -7.434550690765602710 ) ) ;
#6940 = CARTESIAN_POINT ( 'NONE',  ( 0.4397376543083739153, -3.195022599811591313, -7.102471643207855401 ) ) ;
#6941 = ORIENTED_EDGE ( 'NONE', *, *, #3385, .F. ) ;
#6942 = CARTESIAN_POINT ( 'NONE',  ( 0.03864744970013572756, -36.02619505639842146, -2.521032509399735666 ) ) ;
#6943 = CARTESIAN_POINT ( 'NONE',  ( -15.45567854276575481, -39.39999999999998437, -32.74481389653886509 ) ) ;
#6944 = CARTESIAN_POINT ( 'NONE',  ( 0.4397376543092829104, -36.38397811073097898, -2.129637811980199746 ) ) ;
#6945 = ORIENTED_EDGE ( 'NONE', *, *, #1852, .T. ) ;
#6946 = EDGE_CURVE ( 'NONE', #7964, #2718, #1537, .T. ) ;
#6947 = DIRECTION ( 'NONE',  ( -4.625929269271493186E-17, -0.8660254037844381525, -0.5000000000000007772 ) ) ;
#6948 = VERTEX_POINT ( 'NONE', #7530 ) ;
#6949 = CARTESIAN_POINT ( 'NONE',  ( -9.299999999999998934, -13.14999999999999503, 2.973353886326579598 ) ) ;
#6950 = CARTESIAN_POINT ( 'NONE',  ( -0.9104873819182590644, -37.39999999999999147, 41.28025612106915077 ) ) ;
#6951 = CARTESIAN_POINT ( 'NONE',  ( 0.2599264538135645508, -26.51666055452514925, -2.296567117115416501 ) ) ;
#6952 = ADVANCED_FACE ( 'NONE', ( #3069 ), #6047, .F. ) ;
#6953 = FACE_OUTER_BOUND ( 'NONE', #3739, .T. ) ;
#6954 = CARTESIAN_POINT ( 'NONE',  ( 0.1848601631773847676, -3.193626303733400285, -9.881808320792984546 ) ) ;
#6955 = CARTESIAN_POINT ( 'NONE',  ( -0.9927620392582005016, -0.2524272232914839265, 32.30000000000000426 ) ) ;
#6956 = AXIS2_PLACEMENT_3D ( 'NONE', #4515, #7519, #787 ) ;
#6957 = CARTESIAN_POINT ( 'NONE',  ( -14.29999999622353890, -39.40000000000000568, -25.30551137157312880 ) ) ;
#6958 = CARTESIAN_POINT ( 'NONE',  ( 0.04294647017961147895, -13.01769245302713962, -7.393845281837147176 ) ) ;
#6959 = ORIENTED_EDGE ( 'NONE', *, *, #8286, .F. ) ;
#6960 = VERTEX_POINT ( 'NONE', #6886 ) ;
#6961 = CARTESIAN_POINT ( 'NONE',  ( -20.67680302340976084, -2.000000000000000000, 35.92668485628960440 ) ) ;
#6962 = CARTESIAN_POINT ( 'NONE',  ( 0.03864744970013413161, -13.02103250939973655, -9.626195056398428207 ) ) ;
#6963 = VECTOR ( 'NONE', #5371, 1000.000000000000000 ) ;
#6964 = ORIENTED_EDGE ( 'NONE', *, *, #8833, .F. ) ;
#6965 = CARTESIAN_POINT ( 'NONE',  ( -9.299999999999998934, -36.64999999999999858, -6.526646113673447935 ) ) ;
#6966 = CYLINDRICAL_SURFACE ( 'NONE', #1796, 0.1000000000000000888 ) ;
#6967 = DIRECTION ( 'NONE',  ( 1.000000000000000000, 0.000000000000000000, 0.000000000000000000 ) ) ;
#6968 = CARTESIAN_POINT ( 'NONE',  ( -14.30000000000000071, -39.39999999999999858, -24.79999999999999716 ) ) ;
#6969 = CARTESIAN_POINT ( 'NONE',  ( 0.04882546913135828170, -35.98270095153436188, 2.514077111662354813 ) ) ;
#6970 = ADVANCED_FACE ( 'NONE', ( #5322 ), #5244, .T. ) ;
#6971 = CARTESIAN_POINT ( 'NONE',  ( 0.4397376543465725818, -26.39999999999999503, 2.130899693899575009 ) ) ;
#6972 = EDGE_CURVE ( 'NONE', #2861, #9038, #494, .T. ) ;
#6973 = ORIENTED_EDGE ( 'NONE', *, *, #2042, .F. ) ;
#6974 = LINE ( 'NONE', #4128, #537 ) ;
#6975 = ORIENTED_EDGE ( 'NONE', *, *, #2325, .F. ) ;
#6976 = DIRECTION ( 'NONE',  ( 4.625929269271488872E-17, -0.8660254037844385966, 0.5000000000000001110 ) ) ;
#6977 = ORIENTED_EDGE ( 'NONE', *, *, #6416, .T. ) ;
#6978 = CARTESIAN_POINT ( 'NONE',  ( -16.19999999999999929, -36.64999999999999858, -12.53108891324554897 ) ) ;
#6979 = CARTESIAN_POINT ( 'NONE',  ( 8.000000000000000000, -3.499999999999998668, -9.500000000000000000 ) ) ;
#6980 = CARTESIAN_POINT ( 'NONE',  ( -9.049999999999998934, -31.39999999999999858, -12.85000000000000675 ) ) ;
#6981 = DIRECTION ( 'NONE',  ( 0.000000000000000000, 0.000000000000000000, 1.000000000000000000 ) ) ;
#6982 = EDGE_CURVE ( 'NONE', #4074, #2605, #7286, .T. ) ;
#6983 = CARTESIAN_POINT ( 'NONE',  ( -29.00000000000000711, -1.476504231281442925, -37.55205464666337889 ) ) ;
#6984 = CARTESIAN_POINT ( 'NONE',  ( 0.09088851884876741893, -3.229275774439761992, -7.056256649089672095 ) ) ;
#6985 = VERTEX_POINT ( 'NONE', #6329 ) ;
#6986 = CARTESIAN_POINT ( 'NONE',  ( -29.00000000000000000, -3.551475717527324818E-15, 39.50000000000001421 ) ) ;
#6987 = CARTESIAN_POINT ( 'NONE',  ( -29.00000000000000355, -37.66179938779914949, -37.50000000000000000 ) ) ;
#6988 = CARTESIAN_POINT ( 'NONE',  ( 0.09935175248315088192, -36.40000000000000568, -2.000000000000000888 ) ) ;
#6989 = ORIENTED_EDGE ( 'NONE', *, *, #7632, .F. ) ;
#6990 = CARTESIAN_POINT ( 'NONE',  ( -16.29999999999999716, -26.92333333332080869, 24.80000000000001492 ) ) ;
#6991 = CARTESIAN_POINT ( 'NONE',  ( 0.4397376543283821881, -13.00000000000000000, -9.500000000000000000 ) ) ;
#6992 = ORIENTED_EDGE ( 'NONE', *, *, #5134, .T. ) ;
#6993 = AXIS2_PLACEMENT_3D ( 'NONE', #9282, #2557, #3433 ) ;
#6994 = ADVANCED_FACE ( 'NONE', ( #9388 ), #2478, .F. ) ;
#6995 = CARTESIAN_POINT ( 'NONE',  ( -3.252606517456513302E-16, -36.50000000000000711, -2.599999999999999201 ) ) ;
#6996 = DIRECTION ( 'NONE',  ( -4.625929269271490721E-17, 0.8660254037844383745, -0.5000000000000004441 ) ) ;
#6997 = CARTESIAN_POINT ( 'NONE',  ( 0.3690919000878041256, -26.50247164320785842, -2.304977400188407799 ) ) ;
#6998 = CARTESIAN_POINT ( 'NONE',  ( -16.30057803079636969, 1.734723475976807094E-15, -25.79898515783544255 ) ) ;
#6999 = CARTESIAN_POINT ( 'NONE',  ( -3.717811427383404865, -39.39999999999999147, 40.25816173704495071 ) ) ;
#7000 = DIRECTION ( 'NONE',  ( -0.000000000000000000, -0.000000000000000000, 1.000000000000000000 ) ) ;
#7001 = CARTESIAN_POINT ( 'NONE',  ( 0.1937694398732767997, -3.500000000000001332, -10.00000000000000178 ) ) ;
#7002 = CARTESIAN_POINT ( 'NONE',  ( -36.25000000000000000, 0.000000000000000000, -37.49999999999999289 ) ) ;
#7003 = EDGE_CURVE ( 'NONE', #3744, #312, #9646, .T. ) ;
#7004 = CIRCLE ( 'NONE', #4816, 0.1000000000000002554 ) ;
#7005 = CARTESIAN_POINT ( 'NONE',  ( -16.30058051375277728, -39.40000000000875957, -25.79398127659692719 ) ) ;
#7006 = CARTESIAN_POINT ( 'NONE',  ( 0.09293978808683438231, -36.39999999999999147, 2.000000000000002665 ) ) ;
#7007 = ORIENTED_EDGE ( 'NONE', *, *, #6256, .F. ) ;
#7008 = ORIENTED_EDGE ( 'NONE', *, *, #3684, .F. ) ;
#7009 = CARTESIAN_POINT ( 'NONE',  ( -28.49205186886007368, 1.311315986716983700E-12, 37.50000000379602483 ) ) ;
#7010 = CARTESIAN_POINT ( 'NONE',  ( 0.3321217092004485893, -35.96546164737896589, 2.500000000000000000 ) ) ;
#7011 = ORIENTED_EDGE ( 'NONE', *, *, #7900, .T. ) ;
#7012 = DIRECTION ( 'NONE',  ( 0.000000000000000000, -0.5000000000000209832, 0.8660254037844264952 ) ) ;
#7013 = SHAPE_DEFINITION_REPRESENTATION ( #3117, #8430 ) ;
#7014 = AXIS2_PLACEMENT_3D ( 'NONE', #5221, #3663, #3028 ) ;
#7015 = CARTESIAN_POINT ( 'NONE',  ( -0.2499999999999863443, -8.000000000000000000, -1.224646799147353256E-15 ) ) ;
#7016 = VECTOR ( 'NONE', #6996, 1000.000000000000000 ) ;
#7017 = DIRECTION ( 'NONE',  ( -1.000000000000000000, 0.000000000000000000, 0.000000000000000000 ) ) ;
#7018 = EDGE_CURVE ( 'NONE', #5332, #5465, #742, .T. ) ;
#7019 = CARTESIAN_POINT ( 'NONE',  ( -26.46123400584120944, 1.673003172622023953E-15, 39.45514635760147826 ) ) ;
#7020 = ORIENTED_EDGE ( 'NONE', *, *, #6910, .F. ) ;
#7021 = AXIS2_PLACEMENT_3D ( 'NONE', #7255, #1313, #9618 ) ;
#7022 = CARTESIAN_POINT ( 'NONE',  ( 9.797174393178823685E-16, -13.00000000000000000, -7.500000000000000000 ) ) ;
#7023 = ORIENTED_EDGE ( 'NONE', *, *, #4216, .T. ) ;
#7024 = CARTESIAN_POINT ( 'NONE',  ( 0.1133736073596742500, -12.54933901159388654, -9.999940229925051938 ) ) ;
#7025 = CARTESIAN_POINT ( 'NONE',  ( 0.03864744970013646308, -26.37896749060026380, 2.126195056398418881 ) ) ;
#7026 = EDGE_LOOP ( 'NONE', ( #1966, #897, #6919, #3945 ) ) ;
#7027 = CARTESIAN_POINT ( 'NONE',  ( 0.1724350523682875724, -26.57381479392747181, 2.363175443377149243 ) ) ;
#7028 = DIRECTION ( 'NONE',  ( -8.611343608913916029E-14, 0.8660254037844309360, -0.5000000000000134337 ) ) ;
#7029 = CARTESIAN_POINT ( 'NONE',  ( -16.19999999999999929, -31.39999999999998437, 3.453292227346870469 ) ) ;
#7030 = EDGE_CURVE ( 'NONE', #3862, #7887, #2337, .T. ) ;
#7031 = CARTESIAN_POINT ( 'NONE',  ( -12.69999999999999929, -2.000000000000003109, -45.00000000000001421 ) ) ;
#7032 = CARTESIAN_POINT ( 'NONE',  ( 0.09341657260324770506, -13.00018361517455823, -7.498898308952651526 ) ) ;
#7033 = CARTESIAN_POINT ( 'NONE',  ( 0.1626308742646459249, -3.236455191128529307, -7.083813528472140852 ) ) ;
#7034 = EDGE_LOOP ( 'NONE', ( #8252, #577, #6769 ) ) ;
#7035 = CARTESIAN_POINT ( 'NONE',  ( 0.1003027371078724639, -36.22838377863889292, 2.398200933765730181 ) ) ;
#7036 = CARTESIAN_POINT ( 'NONE',  ( -16.19999999999999929, -31.39999999999999147, -15.44670777265315031 ) ) ;
#7037 = CARTESIAN_POINT ( 'NONE',  ( 0.4397376543092829104, -36.39999999999999858, -2.032730823689487654 ) ) ;
#7038 = EDGE_LOOP ( 'NONE', ( #5308, #2544, #3072, #7074 ) ) ;
#7039 = ADVANCED_FACE ( 'NONE', ( #2524 ), #1684, .F. ) ;
#7040 = CARTESIAN_POINT ( 'NONE',  ( -26.86388474551888805, -12.47666666666667723, 37.50000000000001421 ) ) ;
#7041 = ORIENTED_EDGE ( 'NONE', *, *, #4187, .T. ) ;
#7042 = CARTESIAN_POINT ( 'NONE',  ( -36.24999999999999289, -37.40000000000000568, -41.24999999999999289 ) ) ;
#7043 = LINE ( 'NONE', #2501, #7016 ) ;
#7044 = CARTESIAN_POINT ( 'NONE',  ( 0.1744340472570627132, -26.53687256014632112, -2.325987064589291275 ) ) ;
#7045 = CARTESIAN_POINT ( 'NONE',  ( -16.34236994226292339, -1.999999999999999556, -27.22999565768998664 ) ) ;
#7046 = B_SPLINE_CURVE_WITH_KNOTS ( 'NONE', 3,
 ( #3796, #2322, #6777, #5989, #3062, #6574, #4425, #3598, #6626, #1478, #6040, #4470, #2221 ),
 .UNSPECIFIED., .F., .F.,
 ( 4, 2, 2, 1, 2, 2, 4 ),
 ( 0.000000000000000000, 0.2500000000000071609, 0.5000000000000143219, 0.6250000000000194289, 0.6875000000000194289, 0.7500000000000194289, 1.000000000000000000 ),
 .UNSPECIFIED. ) ;
#7047 = EDGE_CURVE ( 'NONE', #8253, #4764, #6236, .T. ) ;
#7048 = CARTESIAN_POINT ( 'NONE',  ( -2.000000000000000000, -39.39999999999998437, 32.30000000000000426 ) ) ;
#7049 = FACE_OUTER_BOUND ( 'NONE', #2499, .T. ) ;
#7050 = CARTESIAN_POINT ( 'NONE',  ( 0.1057754479061211172, -3.475309678251366385, -9.999944664273273887 ) ) ;
#7051 = FACE_OUTER_BOUND ( 'NONE', #2106, .T. ) ;
#7052 = CARTESIAN_POINT ( 'NONE',  ( -16.57254851043075305, -39.39999999999295710, -29.47570671175546053 ) ) ;
#7053 = CARTESIAN_POINT ( 'NONE',  ( -12.70000000000000107, -0.4006663152036417097, 44.22909343994982834 ) ) ;
#7054 = ORIENTED_EDGE ( 'NONE', *, *, #7250, .T. ) ;
#7055 = VECTOR ( 'NONE', #8163, 1000.000000000000114 ) ;
#7056 = CARTESIAN_POINT ( 'NONE',  ( -23.02235051893894990, -2.000000000000000000, 36.90727913732920484 ) ) ;
#7057 = TOROIDAL_SURFACE ( 'NONE', #9118, 1.750000000000002887, 2.000000000000000444 ) ;
#7058 = CARTESIAN_POINT ( 'NONE',  ( 0.09759235343970924792, -36.16952748437658727, 2.437026281175173725 ) ) ;
#7059 = ORIENTED_EDGE ( 'NONE', *, *, #115, .T. ) ;
#7060 = CARTESIAN_POINT ( 'NONE',  ( 0.000000000000000000, -2.899999999999999911, -6.900000000000003020 ) ) ;
#7061 = CARTESIAN_POINT ( 'NONE',  ( -9.299999999999998934, -7.999999999999988454, -5.946707772653140545 ) ) ;
#7062 = EDGE_CURVE ( 'NONE', #7617, #231, #6974, .T. ) ;
#7063 = PERSON_AND_ORGANIZATION ( #7610, #8559 ) ;
#7064 = CIRCLE ( 'NONE', #1593, 0.2000000000000005107 ) ;
#7065 = CYLINDRICAL_SURFACE ( 'NONE', #190, 0.1000000000000002554 ) ;
#7066 = DIRECTION ( 'NONE',  ( 1.734723475976807834E-16, -1.000000000000000000, -0.000000000000000000 ) ) ;
#7067 = AXIS2_PLACEMENT_3D ( 'NONE', #2211, #1368, #3688 ) ;
#7068 = CARTESIAN_POINT ( 'NONE',  ( -9.400000000000000355, -36.54999999999999005, -12.47335388632658670 ) ) ;
#7069 = VERTEX_POINT ( 'NONE', #1877 ) ;
#7070 = DIRECTION ( 'NONE',  ( 0.000000000000000000, 0.000000000000000000, 1.000000000000000000 ) ) ;
#7071 = ORIENTED_EDGE ( 'NONE', *, *, #4001, .T. ) ;
#7072 = CARTESIAN_POINT ( 'NONE',  ( 0.1549889034614317374, -12.73865988525260740, -9.932932655000541899 ) ) ;
#7073 = CARTESIAN_POINT ( 'NONE',  ( -16.19999999999999929, -36.64999999999999858, 6.468911086754490114 ) ) ;
#7074 = ORIENTED_EDGE ( 'NONE', *, *, #6381, .T. ) ;
#7075 = AXIS2_PLACEMENT_3D ( 'NONE', #4286, #3463, #8025 ) ;
#7076 = CARTESIAN_POINT ( 'NONE',  ( 0.07920148355713726995, -26.77803155131525514, 2.494837555740894164 ) ) ;
#7077 = CIRCLE ( 'NONE', #1438, 0.5000000000000004441 ) ;
#7078 = CARTESIAN_POINT ( 'NONE',  ( -9.399999999999996803, -31.39999999999999147, 15.44670777265314499 ) ) ;
#7079 = EDGE_CURVE ( 'NONE', #2588, #436, #1777, .T. ) ;
#7080 = DIRECTION ( 'NONE',  ( 0.000000000000000000, 0.000000000000000000, -1.000000000000000000 ) ) ;
#7081 = DIRECTION ( 'NONE',  ( 0.000000000000000000, 1.000000000000000000, 0.000000000000000000 ) ) ;
#7082 = CARTESIAN_POINT ( 'NONE',  ( 0.1063392127982333429, -13.00000000000000178, -7.475344529632791613 ) ) ;
#7083 = CARTESIAN_POINT ( 'NONE',  ( 0.1702994039067979859, -3.192885427219239070, -7.118713543783070641 ) ) ;
#7084 = ORIENTED_EDGE ( 'NONE', *, *, #9473, .T. ) ;
#7085 = DIRECTION ( 'NONE',  ( 0.000000000000000000, 0.000000000000000000, 1.000000000000000000 ) ) ;
#7086 = CARTESIAN_POINT ( 'NONE',  ( 0.03864744970013618552, -13.02103250939973655, -7.373804943601585116 ) ) ;
#7087 = FACE_BOUND ( 'NONE', #3912, .T. ) ;
#7088 = VERTEX_POINT ( 'NONE', #4035 ) ;
#7089 = CARTESIAN_POINT ( 'NONE',  ( -16.29999999999999716, 1.969999999999993090, 24.80000000000001137 ) ) ;
#7090 = EDGE_CURVE ( 'NONE', #8137, #4118, #7117, .T. ) ;
#7091 = DIRECTION ( 'NONE',  ( -0.000000000000000000, 0.000000000000000000, -1.000000000000000000 ) ) ;
#7092 = CARTESIAN_POINT ( 'NONE',  ( 6.505213034913027590E-16, -37.39999999999999147, 36.57223050896223526 ) ) ;
#7093 = CARTESIAN_POINT ( 'NONE',  ( 0.08647305960521346757, -3.006857913737386312, -7.417918613592455301 ) ) ;
#7094 = CARTESIAN_POINT ( 'NONE',  ( 0.3735402191820592077, -26.59272664001254682, -2.399833421199090377 ) ) ;
#7095 = CARTESIAN_POINT ( 'NONE',  ( -40.00000000000000000, -8.000000000000000000, -1.224646799147353256E-15 ) ) ;
#7096 = CARTESIAN_POINT ( 'NONE',  ( -0.08646258833176440062, -39.39999999999999147, 35.47510096518462319 ) ) ;
#7097 = CARTESIAN_POINT ( 'NONE',  ( 0.4397376543209866595, -35.89999999999999858, 2.500000000000000000 ) ) ;
#7098 = FACE_OUTER_BOUND ( 'NONE', #4274, .T. ) ;
#7099 = CARTESIAN_POINT ( 'NONE',  ( 0.09737503150908800864, -12.50019183444254622, -6.999968027592913700 ) ) ;
#7100 = EDGE_CURVE ( 'NONE', #8622, #4779, #1799, .T. ) ;
#7101 = ADVANCED_FACE ( 'NONE', ( #398 ), #3065, .T. ) ;
#7102 = CARTESIAN_POINT ( 'NONE',  ( -19.66296187255216310, -39.39999999999648139, -35.24010841143747541 ) ) ;
#7103 = CARTESIAN_POINT ( 'NONE',  ( 0.07312836398335492705, -36.40350406505370273, 2.017734859033259109 ) ) ;
#7104 = ORIENTED_EDGE ( 'NONE', *, *, #9348, .F. ) ;
#7105 = DIRECTION ( 'NONE',  ( 1.000000000000000000, -0.000000000000000000, 0.000000000000000000 ) ) ;
#7106 = CARTESIAN_POINT ( 'NONE',  ( 0.3540222310460499622, -36.15055851413521992, 2.433889893952248862 ) ) ;
#7107 = ORIENTED_EDGE ( 'NONE', *, *, #5973, .F. ) ;
#7108 = CARTESIAN_POINT ( 'NONE',  ( 8.000000000000003553, -13.00000000000000000, -9.500000000000000000 ) ) ;
#7109 = CALENDAR_DATE ( 2026, 12, 9 ) ;
#7110 = DIRECTION ( 'NONE',  ( 0.000000000000000000, 0.000000000000000000, -1.000000000000000000 ) ) ;
#7111 = CARTESIAN_POINT ( 'NONE',  ( -9.399999999999998579, -26.25000000000000000, -6.526646113673439054 ) ) ;
#7112 = CIRCLE ( 'NONE', #4145, 0.1000000000000001721 ) ;
#7113 = DIRECTION ( 'NONE',  ( 1.000000000000000000, 1.224646799147353454E-16, 2.059018962583747019E-16 ) ) ;
#7114 = CIRCLE ( 'NONE', #9636, 0.09999999999999939493 ) ;
#7115 = EDGE_CURVE ( 'NONE', #4178, #5506, #4293, .T. ) ;
#7116 = ORIENTED_EDGE ( 'NONE', *, *, #9696, .F. ) ;
#7117 = LINE ( 'NONE', #7022, #6023 ) ;
#7118 = ORIENTED_EDGE ( 'NONE', *, *, #1427, .T. ) ;
#7119 = ORIENTED_EDGE ( 'NONE', *, *, #7621, .F. ) ;
#7120 = CARTESIAN_POINT ( 'NONE',  ( 0.1227745131872695072, -12.55036390231001953, -9.999999999999991118 ) ) ;
#7121 = DIRECTION ( 'NONE',  ( -4.625929269271488872E-17, 0.8660254037844385966, -0.5000000000000003331 ) ) ;
#7122 = ORIENTED_EDGE ( 'NONE', *, *, #3379, .T. ) ;
#7123 = CARTESIAN_POINT ( 'NONE',  ( 0.1696058973402337355, -26.59277944946350303, 2.381288945493159392 ) ) ;
#7124 = CYLINDRICAL_SURFACE ( 'NONE', #4879, 0.09999999999999982514 ) ;
#7125 = DIRECTION ( 'NONE',  ( 2.602085213965226419E-14, -0.000000000000000000, 1.000000000000000000 ) ) ;
#7126 = AXIS2_PLACEMENT_3D ( 'NONE', #2632, #7134, #4829 ) ;
#7127 = CARTESIAN_POINT ( 'NONE',  ( 0.03864744970013841291, -26.37896749060026380, -2.126195056398408223 ) ) ;
#7128 = CARTESIAN_POINT ( 'NONE',  ( 0.07226966797364539619, -12.99575904692777861, -7.371079319951134856 ) ) ;
#7129 = CARTESIAN_POINT ( 'NONE',  ( 0.1003027371078677177, -3.171616221361112764, -7.101799066234268487 ) ) ;
#7130 = CIRCLE ( 'NONE', #700, 0.2000000000000005107 ) ;
#7131 = EDGE_CURVE ( 'NONE', #6759, #302, #704, .T. ) ;
#7132 = ORIENTED_EDGE ( 'NONE', *, *, #1174, .F. ) ;
#7133 = B_SPLINE_CURVE_WITH_KNOTS ( 'NONE', 3,
 ( #3499, #7920, #6480, #9489, #9445, #8713, #4968, #7969, #5748, #2031, #5014, #4277, #547, #3546 ),
 .UNSPECIFIED., .F., .F.,
 ( 4, 2, 2, 2, 2, 2, 4 ),
 ( 0.000000000000000000, 0.2500000000000002776, 0.3749999999999998890, 0.4999999999999995004, 0.7500000000000000000, 0.8750000000000000000, 1.000000000000000000 ),
 .UNSPECIFIED. ) ;
#7134 = DIRECTION ( 'NONE',  ( 1.000000000000000000, -0.000000000000000000, -9.251858538542972814E-17 ) ) ;
#7135 = PLANE ( 'NONE',  #4823 ) ;
#7136 =( BOUNDED_CURVE ( )  B_SPLINE_CURVE ( 3, ( #5614, #8626, #4884, #7139 ),
 .UNSPECIFIED., .F., .T. ) 
 B_SPLINE_CURVE_WITH_KNOTS ( ( 4, 4 ),
 ( 4.712388980384689674, 5.622667918412817656 ),
 .UNSPECIFIED. ) 
 CURVE ( )  GEOMETRIC_REPRESENTATION_ITEM ( )  RATIONAL_B_SPLINE_CURVE ( ( 1.000000000000000000, 0.9321331520445501617, 0.9321331520445501617, 1.000000000000000000 ) ) 
 REPRESENTATION_ITEM ( '' )  );
#7137 = DIRECTION ( 'NONE',  ( 0.000000000000000000, 0.000000000000000000, -1.000000000000000000 ) ) ;
#7138 = CC_DESIGN_APPROVAL ( #1827, ( #7930 ) ) ;
#7139 = CARTESIAN_POINT ( 'NONE',  ( 0.03864744970013613695, -12.62619505639841933, -6.978967490600266999 ) ) ;
#7140 = ADVANCED_FACE ( 'NONE', ( #8656, #4910 ), #7911, .T. ) ;
#7141 = CARTESIAN_POINT ( 'NONE',  ( -9.400000000000002132, -26.14999999999996660, -37.49999999999997868 ) ) ;
#7142 = CARTESIAN_POINT ( 'NONE',  ( -16.29999999999999716, -26.14999999999999503, 12.64655896708346283 ) ) ;
#7143 = CARTESIAN_POINT ( 'NONE',  ( 0.07620341509863216845, -3.000745914778961243, -7.468153083018798988 ) ) ;
#7144 = CARTESIAN_POINT ( 'NONE',  ( 0.1733580002502850825, -26.48358043808663354, -2.260481701689816880 ) ) ;
#7145 = CARTESIAN_POINT ( 'NONE',  ( 0.3388477039677343372, -35.96546164737896589, -2.500000000000000000 ) ) ;
#7146 = CARTESIAN_POINT ( 'NONE',  ( -9.399999999999998579, -7.999999999999989342, -5.946707772653140545 ) ) ;
#7147 = DIRECTION ( 'NONE',  ( 1.000000000000000000, 1.734723475976802361E-15, 0.000000000000000000 ) ) ;
#7148 = EDGE_CURVE ( 'NONE', #5666, #4631, #4176, .T. ) ;
#7149 = VECTOR ( 'NONE', #6266, 1000.000000000000114 ) ;
#7150 = CARTESIAN_POINT ( 'NONE',  ( 0.05239727617647003954, -3.437901212642770599, -10.01034979789286972 ) ) ;
#7151 = CARTESIAN_POINT ( 'NONE',  ( 0.4397376543209871591, -12.49999999999999822, -6.999999999999999112 ) ) ;
#7152 = CARTESIAN_POINT ( 'NONE',  ( -21.79485017931911983, -39.39999999999996305, -36.48438087735097213 ) ) ;
#7153 = DIRECTION ( 'NONE',  ( 0.000000000000000000, 0.8660254037844384856, 0.5000000000000002220 ) ) ;
#7154 = ORIENTED_EDGE ( 'NONE', *, *, #9015, .T. ) ;
#7155 = CARTESIAN_POINT ( 'NONE',  ( -28.49205186884501728, -2.000000000000007105, 37.50000000000002842 ) ) ;
#7156 = VECTOR ( 'NONE', #7844, 1000.000000000000000 ) ;
#7157 = CARTESIAN_POINT ( 'NONE',  ( 0.1116050639548604867, -35.94936376333697581, 2.499923266347072293 ) ) ;
#7158 = ORIENTED_EDGE ( 'NONE', *, *, #579, .T. ) ;
#7159 = CARTESIAN_POINT ( 'NONE',  ( -40.00000000000000000, -31.39999999999999858, 6.150000000000002132 ) ) ;
#7160 = APPROVAL_STATUS ( 'not_yet_approved' ) ;
#7161 = EDGE_CURVE ( 'NONE', #2618, #228, #6181, .T. ) ;
#7162 = CARTESIAN_POINT ( 'NONE',  ( 0.1937694398732769108, -3.000000000000000000, -9.499999999999998224 ) ) ;
#7163 = DIRECTION ( 'NONE',  ( -1.000000000000000000, 0.000000000000000000, 1.734723475976817507E-14 ) ) ;
#7164 = CARTESIAN_POINT ( 'NONE',  ( -16.01890299810907692, 1.720399963062173754E-15, -33.90766161894826780 ) ) ;
#7165 = ORIENTED_EDGE ( 'NONE', *, *, #2741, .T. ) ;
#7166 = DIRECTION ( 'NONE',  ( 1.734723475976834231E-14, 0.8660254037844310471, 0.5000000000000135447 ) ) ;
#7167 = ORIENTED_EDGE ( 'NONE', *, *, #8436, .T. ) ;
#7168 = ORIENTED_EDGE ( 'NONE', *, *, #5080, .F. ) ;
#7169 = CARTESIAN_POINT ( 'NONE',  ( 0.3541161069220677970, -12.72157560318399661, -9.949416480216386915 ) ) ;
#7170 = CARTESIAN_POINT ( 'NONE',  ( -9.399999999999998579, -7.999999999999988454, -5.946707772653139656 ) ) ;
#7171 = VERTEX_POINT ( 'NONE', #3812 ) ;
#7172 = CIRCLE ( 'NONE', #8593, 0.09999999999999939493 ) ;
#7173 = CARTESIAN_POINT ( 'NONE',  ( 0.07490148841600351159, -26.68964822314994478, 2.483538730382878867 ) ) ;
#7174 = CARTESIAN_POINT ( 'NONE',  ( -8.298711456644285004E-05, -13.05074810451761813, -10.05074810451761458 ) ) ;
#7175 = AXIS2_PLACEMENT_3D ( 'NONE', #8515, #1036, #5419 ) ;
#7176 = DIRECTION ( 'NONE',  ( -1.000000000000000000, 1.734723475976895131E-14, 1.001543065824859646E-14 ) ) ;
#7177 = ADVANCED_FACE ( 'NONE', ( #2343 ), #3711, .T. ) ;
#7178 = LINE ( 'NONE', #9588, #8202 ) ;
#7179 = AXIS2_PLACEMENT_3D ( 'NONE', #2682, #7277, #1192 ) ;
#7180 = CARTESIAN_POINT ( 'NONE',  ( -9.299999999999998934, -26.19999999999999929, 12.55995642670501766 ) ) ;
#7181 = DIRECTION ( 'NONE',  ( 4.625929269271487023E-17, -0.8660254037844387076, 0.5000000000000001110 ) ) ;
#7182 = ORIENTED_EDGE ( 'NONE', *, *, #4239, .F. ) ;
#7183 = AXIS2_PLACEMENT_3D ( 'NONE', #8485, #964, #9174 ) ;
#7184 = CARTESIAN_POINT ( 'NONE',  ( 0.09999999999999999167, -26.39999999999999858, 2.000000000000000000 ) ) ;
#7185 = CARTESIAN_POINT ( 'NONE',  ( -8.724870694903490431, -2.168404344971008868E-15, -44.83325694904091563 ) ) ;
#7186 = CARTESIAN_POINT ( 'NONE',  ( -9.299999999999998934, -52.14935565298213760, -15.41746824526947890 ) ) ;
#7187 = CIRCLE ( 'NONE', #765, 0.09999999999999939493 ) ;
#7188 = ADVANCED_FACE ( 'NONE', ( #7436 ), #9045, .T. ) ;
#7189 = CARTESIAN_POINT ( 'NONE',  ( -3.310360018956729196E-16, -3.088637251297031039, -10.06856045811716172 ) ) ;
#7190 = CARTESIAN_POINT ( 'NONE',  ( -7.399776104167482771, -8.265881563380509738E-14, 44.57888332972227374 ) ) ;
#7191 = ORIENTED_EDGE ( 'NONE', *, *, #637, .F. ) ;
#7192 = DIRECTION ( 'NONE',  ( -0.000000000000000000, -0.000000000000000000, -1.000000000000000000 ) ) ;
#7193 = DIRECTION ( 'NONE',  ( 1.000000000000000000, 0.000000000000000000, 0.000000000000000000 ) ) ;
#7194 = CARTESIAN_POINT ( 'NONE',  ( 0.1160845892753617214, -3.007120167356663654, -7.431023498908698066 ) ) ;
#7195 = CARTESIAN_POINT ( 'NONE',  ( 0.06386293024439755606, -36.40285816564508536, 2.017148993870525153 ) ) ;
#7196 = CARTESIAN_POINT ( 'NONE',  ( 0.1428853036787034736, -26.72086841064517415, -2.461821645914724410 ) ) ;
#7197 = CARTESIAN_POINT ( 'NONE',  ( 0.1542920098882555047, -36.13888896570835385, -2.432920449461970058 ) ) ;
#7198 = CARTESIAN_POINT ( 'NONE',  ( -14.29999999999999716, -39.39999999999999858, 25.30804956748886880 ) ) ;
#7199 = EDGE_CURVE ( 'NONE', #9529, #834, #5865, .T. ) ;
#7200 = FACE_OUTER_BOUND ( 'NONE', #8465, .T. ) ;
#7201 = CARTESIAN_POINT ( 'NONE',  ( 0.06626598899106142526, -3.492364046372542941, -10.00127265893791417 ) ) ;
#7202 = CARTESIAN_POINT ( 'NONE',  ( -9.399999999999998579, -36.54999999999999005, -6.526646113673447935 ) ) ;
#7203 = CARTESIAN_POINT ( 'NONE',  ( -18.07618654038853379, -39.39999999999999147, -33.45424009228388940 ) ) ;
#7204 = CARTESIAN_POINT ( 'NONE',  ( -11.94998695810905609, -39.39999999999999147, -42.99999999999997868 ) ) ;
#7205 = CARTESIAN_POINT ( 'NONE',  ( -26.46123400573498330, 1.673003172635032861E-15, 39.45514635829650274 ) ) ;
#7206 = ADVANCED_FACE ( 'NONE', ( #4637 ), #1540, .F. ) ;
#7207 = CARTESIAN_POINT ( 'NONE',  ( 7.500000000000001776, -12.49999999999999822, -9.500000000000000000 ) ) ;
#7208 = ORIENTED_EDGE ( 'NONE', *, *, #5163, .T. ) ;
#7209 = DIRECTION ( 'NONE',  ( 1.000000000000000000, -0.000000000000000000, -9.251858538542972814E-17 ) ) ;
#7210 = AXIS2_PLACEMENT_3D ( 'NONE', #3766, #6847, #6009 ) ;
#7211 = PERSON_AND_ORGANIZATION_ROLE ( 'creator' ) ;
#7212 = DIRECTION ( 'NONE',  ( 0.000000000000000000, 0.5000000000000134337, 0.8660254037844309360 ) ) ;
#7213 = DIRECTION ( 'NONE',  ( 9.251858538542971581E-17, 0.000000000000000000, 1.000000000000000000 ) ) ;
#7214 = DIRECTION ( 'NONE',  ( 0.000000000000000000, 0.000000000000000000, -1.000000000000000000 ) ) ;
#7215 = ORIENTED_EDGE ( 'NONE', *, *, #8941, .F. ) ;
#7216 = ADVANCED_FACE ( 'NONE', ( #3767 ), #615, .F. ) ;
#7217 = ORIENTED_EDGE ( 'NONE', *, *, #263, .F. ) ;
#7218 = VERTEX_POINT ( 'NONE', #6010 ) ;
#7219 = CARTESIAN_POINT ( 'NONE',  ( -12.70000000000000107, -1.476504231281442925, -44.94794535333665664 ) ) ;
#7220 = DIRECTION ( 'NONE',  ( 0.000000000000000000, 6.938893903907270030E-14, 1.000000000000000000 ) ) ;
#7221 = ORIENTED_EDGE ( 'NONE', *, *, #3470, .T. ) ;
#7222 = CARTESIAN_POINT ( 'NONE',  ( 0.4397376543465725263, -26.83453835262103837, 2.500000000000000000 ) ) ;
#7223 = DIRECTION ( 'NONE',  ( 0.000000000000000000, -0.5000000000000134337, -0.8660254037844309360 ) ) ;
#7224 = CARTESIAN_POINT ( 'NONE',  ( -9.299999999999998934, -7.999999999999996447, 5.946707772653153867 ) ) ;
#7225 = CIRCLE ( 'NONE', #176, 3.599999999999991651 ) ;
#7226 = AXIS2_PLACEMENT_3D ( 'NONE', #4331, #601, #3602 ) ;
#7227 = DIRECTION ( 'NONE',  ( -1.000000000000000000, 0.000000000000000000, 9.251858538542972814E-17 ) ) ;
#7228 = DIRECTION ( 'NONE',  ( 0.000000000000000000, 4.336808689942025625E-15, 1.000000000000000000 ) ) ;
#7229 = DIRECTION ( 'NONE',  ( 0.000000000000000000, 0.000000000000000000, 1.000000000000000000 ) ) ;
#7230 = ORIENTED_EDGE ( 'NONE', *, *, #2843, .T. ) ;
#7231 = ADVANCED_FACE ( 'NONE', ( #9605 ), #2296, .F. ) ;
#7232 = VECTOR ( 'NONE', #8334, 1000.000000000000000 ) ;
#7233 = CARTESIAN_POINT ( 'NONE',  ( -16.19999999999999929, -31.39999999999999147, 15.44670777265314676 ) ) ;
#7234 = CARTESIAN_POINT ( 'NONE',  ( 0.000000000000000000, 0.000000000000000000, 45.00000000000000000 ) ) ;
#7235 = CARTESIAN_POINT ( 'NONE',  ( 0.1455568328269259415, -26.49544715543171236, -2.404552844569247672 ) ) ;
#7236 = DIRECTION ( 'NONE',  ( 0.000000000000000000, 0.000000000000000000, 1.000000000000000000 ) ) ;
#7237 = VECTOR ( 'NONE', #6947, 1000.000000000000114 ) ;
#7238 = CARTESIAN_POINT ( 'NONE',  ( -11.15629266639242978, -2.000000000000002665, 44.99968336604905517 ) ) ;
#7239 = CARTESIAN_POINT ( 'NONE',  ( 0.04079393051932257708, -13.01936483487410712, -9.616189009244656916 ) ) ;
#7240 = CARTESIAN_POINT ( 'NONE',  ( 0.1617473519308486041, -3.081663213336601537, -7.230767962762003620 ) ) ;
#7241 = ADVANCED_FACE ( 'NONE', ( #1346 ), #1319, .F. ) ;
#7242 = CARTESIAN_POINT ( 'NONE',  ( 0.1100075559179878593, -36.39299630856348244, 2.072822285710901546 ) ) ;
#7243 = CARTESIAN_POINT ( 'NONE',  ( 0.1227745131865104061, -35.95036390231026502, -2.500000000000000000 ) ) ;
#7244 = DIRECTION ( 'NONE',  ( -1.000000000000000000, -0.000000000000000000, 0.000000000000000000 ) ) ;
#7245 = CARTESIAN_POINT ( 'NONE',  ( 6.505213034913027590E-16, -41.37000000000000455, -36.57223050896223526 ) ) ;
#7246 = DIRECTION ( 'NONE',  ( 1.000000000000000000, 1.761140584748027671E-16, 0.000000000000000000 ) ) ;
#7247 = DIRECTION ( 'NONE',  ( 0.000000000000000000, 1.000000000000000000, 0.000000000000000000 ) ) ;
#7248 = CARTESIAN_POINT ( 'NONE',  ( -18.80239955616202252, -39.39999999999827196, -34.42189294413647360 ) ) ;
#7249 = CARTESIAN_POINT ( 'NONE',  ( -36.25000000000000000, -2.000000000000004441, -39.49999999999999289 ) ) ;
#7250 = EDGE_CURVE ( 'NONE', #2584, #4676, #1909, .T. ) ;
#7251 = CARTESIAN_POINT ( 'NONE',  ( -18.08826055566215274, -37.39999999999999147, 33.47288705674393583 ) ) ;
#7252 = CARTESIAN_POINT ( 'NONE',  ( 0.1375753085126375785, -36.36182660690898416, 2.181550994031902224 ) ) ;
#7253 = EDGE_LOOP ( 'NONE', ( #9533, #7646, #942 ) ) ;
#7254 = AXIS2_PLACEMENT_3D ( 'NONE', #1936, #4920, #4231 ) ;
#7255 = CARTESIAN_POINT ( 'NONE',  ( -16.19999999999999929, -55.07659698893430544, -10.34733752538450702 ) ) ;
#7256 = CARTESIAN_POINT ( 'NONE',  ( 0.09999999999999939493, -35.89999999999999858, 2.500000000000000000 ) ) ;
#7257 = CARTESIAN_POINT ( 'NONE',  ( 0.4397376543209871036, -3.000000000000000888, -9.500000000000000000 ) ) ;
#7258 = LINE ( 'NONE', #2019, #2282 ) ;
#7259 = CARTESIAN_POINT ( 'NONE',  ( -16.19999999999999929, -31.39999999999999147, -3.553292227346872778 ) ) ;
#7260 = ORIENTED_EDGE ( 'NONE', *, *, #7526, .F. ) ;
#7261 = ORIENTED_EDGE ( 'NONE', *, *, #9665, .F. ) ;
#7262 = ORIENTED_EDGE ( 'NONE', *, *, #8627, .F. ) ;
#7263 = LINE ( 'NONE', #8057, #4647 ) ;
#7264 = CARTESIAN_POINT ( 'NONE',  ( 0.4397376543283821881, -12.83041337529036419, -9.876693405896181943 ) ) ;
#7265 = CARTESIAN_POINT ( 'NONE',  ( -28.49448862843408747, -8.611710091571957257E-15, -39.50000000377252007 ) ) ;
#7266 = EDGE_LOOP ( 'NONE', ( #4379, #2014, #8094, #1320 ) ) ;
#7267 = CARTESIAN_POINT ( 'NONE',  ( 0.1016644731461511242, -26.50092159885066678, 2.329259015540232625 ) ) ;
#7268 = DIRECTION ( 'NONE',  ( 1.000000000000000000, 1.734723475976807834E-16, 0.000000000000000000 ) ) ;
#7269 = DIRECTION ( 'NONE',  ( 0.000000000000000000, 1.000000000000000000, 0.000000000000000000 ) ) ;
#7270 = DIRECTION ( 'NONE',  ( 4.625929269271490721E-17, -0.8660254037844383745, 0.5000000000000004441 ) ) ;
#7271 = CARTESIAN_POINT ( 'NONE',  ( -9.299999999999995381, -13.25000000000000000, 2.973353886326579598 ) ) ;
#7272 = LINE ( 'NONE', #1938, #1745 ) ;
#7273 = VECTOR ( 'NONE', #7591, 1000.000000000000000 ) ;
#7274 = ORIENTED_EDGE ( 'NONE', *, *, #6055, .T. ) ;
#7275 =( BOUNDED_CURVE ( )  B_SPLINE_CURVE ( 3, ( #899, #4725, #3902, #5418 ),
 .UNSPECIFIED., .F., .F. ) 
 B_SPLINE_CURVE_WITH_KNOTS ( ( 4, 4 ),
 ( 4.712388980384689674, 5.622667918412846078 ),
 .UNSPECIFIED. ) 
 CURVE ( )  GEOMETRIC_REPRESENTATION_ITEM ( )  RATIONAL_B_SPLINE_CURVE ( ( 1.000000000000000000, 0.9321331520445459429, 0.9321331520445459429, 1.000000000000000000 ) ) 
 REPRESENTATION_ITEM ( '' )  );
#7276 = CARTESIAN_POINT ( 'NONE',  ( -12.69999999999999929, -1.555301434917138630E-15, -43.00000000000000000 ) ) ;
#7277 = DIRECTION ( 'NONE',  ( 0.000000000000000000, 1.000000000000000000, 0.000000000000000000 ) ) ;
#7278 = AXIS2_PLACEMENT_3D ( 'NONE', #1081, #6283, #7070 ) ;
#7279 = DIRECTION ( 'NONE',  ( 0.000000000000000000, -1.000000000000000000, 0.000000000000000000 ) ) ;
#7280 = EDGE_CURVE ( 'NONE', #2932, #3612, #5410, .T. ) ;
#7281 = EDGE_CURVE ( 'NONE', #5587, #7617, #1434, .T. ) ;
#7282 = CARTESIAN_POINT ( 'NONE',  ( 0.03864744970013687941, -3.373804943601586004, -10.02103250939973300 ) ) ;
#7283 = CARTESIAN_POINT ( 'NONE',  ( -3.268341775723294873, -4.084604878381525200E-16, 39.57658752312487138 ) ) ;
#7284 = CIRCLE ( 'NONE', #9334, 0.09999999999999939493 ) ;
#7285 = ORIENTED_EDGE ( 'NONE', *, *, #3381, .T. ) ;
#7286 = LINE ( 'NONE', #6931, #9171 ) ;
#7287 = CARTESIAN_POINT ( 'NONE',  ( 0.04656666964077512544, -13.01546646836002097, -9.591637924314772690 ) ) ;
#7288 = DIRECTION ( 'NONE',  ( -1.000000000000000000, 0.000000000000000000, 9.251858538542972814E-17 ) ) ;
#7289 = CARTESIAN_POINT ( 'NONE',  ( 0.03864744970013591491, -36.42103250939973691, -2.126195056398418881 ) ) ;
#7290 = CARTESIAN_POINT ( 'NONE',  ( 0.1371207144743916695, -36.05145029503092502, -2.475575967433745195 ) ) ;
#7291 = CARTESIAN_POINT ( 'NONE',  ( -19.04696385014981175, -39.39999999999999147, 37.26289432080638164 ) ) ;
#7292 = CARTESIAN_POINT ( 'NONE',  ( 0.000000000000000000, -12.47666666666666657, -34.43611525448112332 ) ) ;
#7293 = EDGE_CURVE ( 'NONE', #5355, #1294, #8974, .T. ) ;
#7294 = CARTESIAN_POINT ( 'NONE',  ( -2.447702741909781654, -39.40000000000000568, -37.47362833883809685 ) ) ;
#7295 = CARTESIAN_POINT ( 'NONE',  ( 0.1627603643937553801, -12.76340237961293944, -7.083816931893482938 ) ) ;
#7296 = CARTESIAN_POINT ( 'NONE',  ( -18.54559525731681546, -39.40000000000003411, -34.11922660873706548 ) ) ;
#7297 = CARTESIAN_POINT ( 'NONE',  ( -0.2499999999999932832, -31.39999999999999858, 6.150000000000002132 ) ) ;
#7298 = CARTESIAN_POINT ( 'NONE',  ( -21.42868451629261628, -39.39999999999998437, 36.32477848812450105 ) ) ;
#7299 = CARTESIAN_POINT ( 'NONE',  ( 0.1723127793762345983, -36.28149906934597624, 2.307850774634731650 ) ) ;
#7300 = VERTEX_POINT ( 'NONE', #9701 ) ;
#7301 = CARTESIAN_POINT ( 'NONE',  ( 0.4397376543283821881, -12.76099332938163755, -9.946113451804906802 ) ) ;
#7302 = VECTOR ( 'NONE', #8902, 1000.000000000000000 ) ;
#7303 = DIRECTION ( 'NONE',  ( 0.000000000000000000, 0.000000000000000000, 1.000000000000000000 ) ) ;
#7304 = ADVANCED_FACE ( 'NONE', ( #4490 ), #8282, .F. ) ;
#7305 = CARTESIAN_POINT ( 'NONE',  ( 0.2599264538247896272, -3.116660555609413130, -9.796567117436431715 ) ) ;
#7306 = CARTESIAN_POINT ( 'NONE',  ( 7.500000000000001776, -13.00000000000000000, -9.500000000000000000 ) ) ;
#7307 = FACE_OUTER_BOUND ( 'NONE', #1829, .T. ) ;
#7308 = AXIS2_PLACEMENT_3D ( 'NONE', #3920, #5299, #6072 ) ;
#7309 = ORIENTED_EDGE ( 'NONE', *, *, #6717, .T. ) ;
#7310 = ORIENTED_EDGE ( 'NONE', *, *, #5123, .F. ) ;
#7311 = ORIENTED_EDGE ( 'NONE', *, *, #1063, .F. ) ;
#7312 = FACE_OUTER_BOUND ( 'NONE', #3850, .T. ) ;
#7313 = CARTESIAN_POINT ( 'NONE',  ( 0.1741086412578393416, -12.91851482334945445, -9.765845172407816577 ) ) ;
#7314 = CARTESIAN_POINT ( 'NONE',  ( -20.69639967502605771, 5.693907579352229456E-14, -35.93804747937484478 ) ) ;
#7315 = EDGE_LOOP ( 'NONE', ( #9211, #540, #4903, #4693 ) ) ;
#7316 = CARTESIAN_POINT ( 'NONE',  ( 0.1415815638880208727, -26.43818759189082002, 2.179719824699300812 ) ) ;
#7317 = CARTESIAN_POINT ( 'NONE',  ( -3.252606517456513302E-16, -13.09999999999999964, -10.09999999999999787 ) ) ;
#7318 = CARTESIAN_POINT ( 'NONE',  ( -16.19999999999999929, -36.59999999999999432, -6.440043573295003654 ) ) ;
#7319 = EDGE_CURVE ( 'NONE', #6825, #6904, #3616, .T. ) ;
#7320 = CARTESIAN_POINT ( 'NONE',  ( 0.03864744970013687941, -3.373804943601586004, -10.02103250939973300 ) ) ;
#7321 = CARTESIAN_POINT ( 'NONE',  ( -7.488088998841875288, -39.39999999999998437, 42.54244148209293286 ) ) ;
#7322 = CARTESIAN_POINT ( 'NONE',  ( 2.710505431213761085E-17, -36.39999999999999858, -2.600000000000000089 ) ) ;
#7323 = CIRCLE ( 'NONE', #2157, 3.750000000000003553 ) ;
#7324 = ORIENTED_EDGE ( 'NONE', *, *, #7658, .T. ) ;
#7325 = AXIS2_PLACEMENT_3D ( 'NONE', #8021, #5118, #8768 ) ;
#7326 = CARTESIAN_POINT ( 'NONE',  ( -36.25000000000000000, -2.000000000000008882, 37.50000000000000000 ) ) ;
#7327 = ORIENTED_EDGE ( 'NONE', *, *, #8988, .F. ) ;
#7328 = B_SPLINE_SURFACE_WITH_KNOTS ( 'NONE', 3, 3, ( 
 ( #1879, #4179, #7868, #4132, #5596, #5694, #6475, #6331, #402, #7962, #3352, #4037 ),
 ( #1134, #1929, #9483, #4963, #5009, #5742, #7024, #7819, #7120, #3402, #6285, #1231 ),
 ( #6377, #1083, #3299, #9392, #2619, #2574, #8612, #9299, #5551, #8706, #8560, #5643 ),
 ( #1830, #4913, #4813, #4085, #7072, #353, #7914, #1180, #1976, #9439, #7169, #448 ),
 ( #3448, #6428, #2716, #6722, #3742, #5937, #689, #9001, #9677, #5107, #2814, #9580 ),
 ( #589, #1276, #8950, #2120, #739, #9531, #2217, #5985, #11, #1373, #5791, #1324 ),
 ( #4421, #1474, #1424, #3646, #7417, #6622, #2268, #5887, #4466, #5157, #2864, #7264 ),
 ( #3541, #8803, #7467, #8155, #8206, #3694, #5205, #3011, #5257, #4272, #2072, #2914 ),
 ( #542, #8853, #6670, #5837, #3593, #642, #8107, #6521, #7313, #8903, #5059, #8058 ),
 ( #4321, #6570, #4370, #2167, #7367, #9628, #2961, #883, #2513, #2318, #1721, #8307 ),
 ( #6872, #976, #7615, #3102, #6082, #7708, #154, #7664, #5310, #1577, #4709, #5404 ),
 ( #4570, #9186, #838, #1626, #6035, #3979, #7570, #930, #204, #3838, #9051, #2421 ),
 ( #6171, #3243, #4615, #9237, #3151, #6823, #3886, #9097, #3196, #106, #2466, #8401 ),
 ( #6962, #9145, #2371, #5358, #6130, #248, #1673, #8356, #4662, #3930, #3792, #6921 ) ),
 .UNSPECIFIED., .F., .F., .F.,
 ( 4, 2, 2, 2, 2, 2, 4 ),
 ( 4, 2, 2, 2, 2, 4 ),
 ( 0.000000000000000000, 0.2499999999999998612, 0.3749999999999997224, 0.4999999999999995559, 0.7499999999999994449, 0.8749999999999997780, 1.000000000000000000 ),
 ( 0.000000000000000000, 0.2906416537749610951, 0.2973477540414093401, 0.3033705427065607196, 0.3469098837874006747, 1.000000000000000000 ),
 .UNSPECIFIED. ) ;
#7329 = CARTESIAN_POINT ( 'NONE',  ( -2.372973484097389285, -2.610900003950986459E-15, -37.15997542773136786 ) ) ;
#7330 = EDGE_CURVE ( 'NONE', #6186, #7390, #962, .T. ) ;
#7331 = CARTESIAN_POINT ( 'NONE',  ( -3.252606517456513302E-16, -26.30000000000000071, -2.599999999999998312 ) ) ;
#7332 = AXIS2_PLACEMENT_3D ( 'NONE', #852, #3992, #3210 ) ;
#7333 = DIRECTION ( 'NONE',  ( -4.625929269271488256E-17, -0.8660254037844384856, -0.5000000000000002220 ) ) ;
#7334 = CARTESIAN_POINT ( 'NONE',  ( -6.747976133446687008, -8.231622834908141602E-16, 42.31980863961091899 ) ) ;
#7335 = CIRCLE ( 'NONE', #8445, 1.750000000000001554 ) ;
#7336 = ORIENTED_EDGE ( 'NONE', *, *, #2085, .F. ) ;
#7337 = EDGE_LOOP ( 'NONE', ( #5105, #2462, #5154 ) ) ;
#7338 = CARTESIAN_POINT ( 'NONE',  ( -50.00000000000000711, -37.40000000000000568, -39.49999999999999289 ) ) ;
#7339 = CARTESIAN_POINT ( 'NONE',  ( -12.69999999999999929, -2.000000000000003109, 45.00000000000000000 ) ) ;
#7340 = CARTESIAN_POINT ( 'NONE',  ( -16.29999999999999716, -36.75000000000000000, 6.468911086754493667 ) ) ;
#7341 = AXIS2_PLACEMENT_3D ( 'NONE', #7652, #7558, #5297 ) ;
#7342 = CARTESIAN_POINT ( 'NONE',  ( 0.1420871315874502050, -36.22925483661742874, -2.364069859701331655 ) ) ;
#7343 = CIRCLE ( 'NONE', #3127, 0.5000000000000004441 ) ;
#7344 = FACE_OUTER_BOUND ( 'NONE', #7629, .T. ) ;
#7345 = CARTESIAN_POINT ( 'NONE',  ( -1.999999994420876614, -39.40000000000000568, -33.04663857281376949 ) ) ;
#7346 = CIRCLE ( 'NONE', #1071, 0.1999999999999996503 ) ;
#7347 = ORIENTED_EDGE ( 'NONE', *, *, #2701, .F. ) ;
#7348 = CARTESIAN_POINT ( 'NONE',  ( 0.2474327076629270206, -12.81919785476962126, -7.137970971350634741 ) ) ;
#7349 = CYLINDRICAL_SURFACE ( 'NONE', #2536, 0.09999999999999982514 ) ;
#7350 = CARTESIAN_POINT ( 'NONE',  ( -7.855468638272716575, -39.40000000000000568, -42.63046069562729201 ) ) ;
#7351 = EDGE_CURVE ( 'NONE', #5598, #905, #1450, .T. ) ;
#7352 = ADVANCED_FACE ( 'NONE', ( #5909 ), #4442, .T. ) ;
#7353 = CARTESIAN_POINT ( 'NONE',  ( -16.14368759326360347, -39.39999999999999147, 34.12858766978158087 ) ) ;
#7354 = CARTESIAN_POINT ( 'NONE',  ( 0.3691266521823534097, -36.23041337529036099, 2.376693405896181499 ) ) ;
#7355 = ORIENTED_EDGE ( 'NONE', *, *, #6109, .F. ) ;
#7356 = EDGE_CURVE ( 'NONE', #8219, #4022, #9330, .T. ) ;
#7357 = FACE_OUTER_BOUND ( 'NONE', #5104, .T. ) ;
#7358 = CARTESIAN_POINT ( 'NONE',  ( -9.050000000000013145, -31.39999999999999858, 6.150000000000002132 ) ) ;
#7359 = CARTESIAN_POINT ( 'NONE',  ( 0.4397376543209871036, -3.000000000000000888, -9.565461647378979748 ) ) ;
#7360 = DIRECTION ( 'NONE',  ( 0.000000000000000000, -0.4999999999999966693, -0.8660254037844405950 ) ) ;
#7361 = CARTESIAN_POINT ( 'NONE',  ( -36.25000000000000000, -2.000000000000004885, 43.00000000000000000 ) ) ;
#7362 = ORIENTED_EDGE ( 'NONE', *, *, #6101, .T. ) ;
#7363 = VERTEX_POINT ( 'NONE', #9214 ) ;
#7364 = ORIENTED_EDGE ( 'NONE', *, *, #9358, .T. ) ;
#7365 = LINE ( 'NONE', #3693, #7789 ) ;
#7366 = AXIS2_PLACEMENT_3D ( 'NONE', #9073, #8328, #1449 ) ;
#7367 = CARTESIAN_POINT ( 'NONE',  ( 0.1415815638748878225, -12.96181240962391890, -9.679719824291904473 ) ) ;
#7368 = FACE_OUTER_BOUND ( 'NONE', #259, .T. ) ;
#7369 = ORIENTED_EDGE ( 'NONE', *, *, #9589, .T. ) ;
#7370 = EDGE_CURVE ( 'NONE', #6084, #6724, #5477, .T. ) ;
#7371 = CARTESIAN_POINT ( 'NONE',  ( 0.1802054850204965475, -26.57457525186807601, 2.363027422073622485 ) ) ;
#7372 = CARTESIAN_POINT ( 'NONE',  ( -9.300000000000002487, -45.16297632095822934, -27.51823220928396552 ) ) ;
#7373 = CARTESIAN_POINT ( 'NONE',  ( 7.500000000000001776, -12.49999999999999822, -7.500000000000000000 ) ) ;
#7374 = CARTESIAN_POINT ( 'NONE',  ( -9.299999999999998934, -31.34999999999998366, 3.466689686968424056 ) ) ;
#7375 = CARTESIAN_POINT ( 'NONE',  ( -2.801447035882000947, -39.39999999999998437, 38.58595282412842664 ) ) ;
#7376 = DIRECTION ( 'NONE',  ( 1.734723475976807094E-16, -1.000000000000000000, -0.000000000000000000 ) ) ;
#7377 = ORIENTED_EDGE ( 'NONE', *, *, #3291, .T. ) ;
#7378 = LINE ( 'NONE', #3659, #8277 ) ;
#7379 = ORIENTED_EDGE ( 'NONE', *, *, #8929, .F. ) ;
#7380 = EDGE_CURVE ( 'NONE', #3026, #7705, #5048, .T. ) ;
#7381 = VECTOR ( 'NONE', #1187, 1000.000000000000000 ) ;
#7382 = CARTESIAN_POINT ( 'NONE',  ( -1.340292509822729849, -1.999999999999999112, -40.19748713517267902 ) ) ;
#7383 = VECTOR ( 'NONE', #8893, 1000.000000000000000 ) ;
#7384 = CARTESIAN_POINT ( 'NONE',  ( -16.19999999999999929, -26.05000000000000426, 6.526646113673430172 ) ) ;
#7385 = DIRECTION ( 'NONE',  ( 9.251858538542971581E-17, 0.000000000000000000, 1.000000000000000000 ) ) ;
#7386 = CARTESIAN_POINT ( 'NONE',  ( -5.665086346276781093, -8.196321938123937897E-14, 44.05575312260224052 ) ) ;
#7387 = AXIS2_PLACEMENT_3D ( 'NONE', #8405, #6087, #7760 ) ;
#7388 = VERTEX_POINT ( 'NONE', #859 ) ;
#7389 = AXIS2_PLACEMENT_3D ( 'NONE', #832, #6816, #3735 ) ;
#7390 = VERTEX_POINT ( 'NONE', #2399 ) ;
#7391 = FACE_OUTER_BOUND ( 'NONE', #4367, .T. ) ;
#7392 = CARTESIAN_POINT ( 'NONE',  ( -26.86388474551888805, -37.40000000000000568, 37.50000000000001421 ) ) ;
#7393 = CARTESIAN_POINT ( 'NONE',  ( 0.1298916660968091052, -36.37421220105756703, 2.146785966212471752 ) ) ;
#7394 = CARTESIAN_POINT ( 'NONE',  ( 0.2613586182520485912, -36.22033493099606716, -2.363717162677040129 ) ) ;
#7395 = AXIS2_PLACEMENT_3D ( 'NONE', #6687, #8504, #5277 ) ;
#7396 = CIRCLE ( 'NONE', #192, 0.09999999999999867328 ) ;
#7397 = CARTESIAN_POINT ( 'NONE',  ( -0.9104873819182590644, 1.970000000000000417, -41.28025612106915787 ) ) ;
#7398 = CARTESIAN_POINT ( 'NONE',  ( 0.000000000000000000, -37.40000000000000568, -33.04644055059260666 ) ) ;
#7399 = ORIENTED_EDGE ( 'NONE', *, *, #5729, .T. ) ;
#7400 = CARTESIAN_POINT ( 'NONE',  ( 0.4397376543209871036, -12.80497740018841135, -7.102471643207856289 ) ) ;
#7401 = EDGE_CURVE ( 'NONE', #5056, #5884, #4589, .T. ) ;
#7402 = CARTESIAN_POINT ( 'NONE',  ( -28.49205186884236340, -37.40000000000000568, -37.50000000000000000 ) ) ;
#7403 = CARTESIAN_POINT ( 'NONE',  ( -4.763130762463173795, -39.39999999999999858, -41.29823339803480309 ) ) ;
#7404 = CARTESIAN_POINT ( 'NONE',  ( -18.20230277212566605, -37.39999999999999147, 33.64381477676923993 ) ) ;
#7405 = CARTESIAN_POINT ( 'NONE',  ( 0.1722040718294566009, -36.20671196715800022, 2.381309211142999427 ) ) ;
#7406 = ORIENTED_EDGE ( 'NONE', *, *, #4078, .F. ) ;
#7407 = CYLINDRICAL_SURFACE ( 'NONE', #7021, 0.1000000000000001721 ) ;
#7408 = CARTESIAN_POINT ( 'NONE',  ( -9.299999999999998934, 0.5750000000000037303, -0.9959292143521106810 ) ) ;
#7409 = CARTESIAN_POINT ( 'NONE',  ( 0.1632753398223825980, -3.083810751118247762, -9.763353009968160023 ) ) ;
#7410 = EDGE_CURVE ( 'NONE', #4802, #5884, #5757, .T. ) ;
#7411 = CARTESIAN_POINT ( 'NONE',  ( -2.000000000000001332, -2.449293598294708880E-16, 33.05202896248672317 ) ) ;
#7412 = DIRECTION ( 'NONE',  ( 1.000000000000000000, 0.000000000000000000, -0.000000000000000000 ) ) ;
#7413 = ORIENTED_EDGE ( 'NONE', *, *, #2149, .T. ) ;
#7414 = EDGE_LOOP ( 'NONE', ( #5406, #1463, #8952, #4850 ) ) ;
#7415 = ORIENTED_EDGE ( 'NONE', *, *, #1689, .F. ) ;
#7416 = CARTESIAN_POINT ( 'NONE',  ( 0.09999999999999939493, -19.70000000000000284, 2.500000000000000000 ) ) ;
#7417 = CARTESIAN_POINT ( 'NONE',  ( 0.1731227113271767426, -12.82611659806348925, -9.863157448349609169 ) ) ;
#7418 = CARTESIAN_POINT ( 'NONE',  ( -19.69558773115610251, 1.708118574111540570E-15, -37.67032614573715676 ) ) ;
#7419 = ORIENTED_EDGE ( 'NONE', *, *, #6349, .F. ) ;
#7420 = CARTESIAN_POINT ( 'NONE',  ( 0.4397376543465725263, -26.50016657880090776, 2.307273359987457528 ) ) ;
#7421 = DIRECTION ( 'NONE',  ( 9.251858538542972814E-17, 1.604941620322697274E-32, 1.000000000000000000 ) ) ;
#7422 = DIRECTION ( 'NONE',  ( 0.000000000000000000, 0.5000000000000134337, -0.8660254037844309360 ) ) ;
#7423 = ADVANCED_FACE ( 'NONE', ( #3222 ), #2492, .F. ) ;
#7424 = DIRECTION ( 'NONE',  ( 0.000000000000000000, 0.000000000000000000, 1.000000000000000000 ) ) ;
#7425 = EDGE_CURVE ( 'NONE', #1396, #3022, #2538, .T. ) ;
#7426 = CARTESIAN_POINT ( 'NONE',  ( 0.04884188009657774304, -13.01311210697942400, -9.647236813718764736 ) ) ;
#7427 = PLANE ( 'NONE',  #9575 ) ;
#7428 = ORIENTED_EDGE ( 'NONE', *, *, #3236, .T. ) ;
#7429 = CARTESIAN_POINT ( 'NONE',  ( -16.29999999999999716, -13.34999999999999964, 2.973353886326579598 ) ) ;
#7430 = ORIENTED_EDGE ( 'NONE', *, *, #235, .T. ) ;
#7431 = CARTESIAN_POINT ( 'NONE',  ( -2.680191360388161748, 1.721380342100319792E-15, -38.25202386655215037 ) ) ;
#7432 = DIRECTION ( 'NONE',  ( -4.625929269271493802E-17, -0.8660254037844381525, -0.5000000000000007772 ) ) ;
#7433 = CARTESIAN_POINT ( 'NONE',  ( -16.30000000000000426, -41.37000000000000455, -24.79999999999999716 ) ) ;
#7434 = CARTESIAN_POINT ( 'NONE',  ( -36.24999999999999289, -39.40000000000000568, 43.00000000000000000 ) ) ;
#7435 = ADVANCED_FACE ( 'NONE', ( #3317 ), #4932, .T. ) ;
#7436 = FACE_OUTER_BOUND ( 'NONE', #13, .T. ) ;
#7437 = VERTEX_POINT ( 'NONE', #8623 ) ;
#7438 = DIRECTION ( 'NONE',  ( -0.000000000000000000, -0.000000000000000000, 1.000000000000000000 ) ) ;
#7439 = CIRCLE ( 'NONE', #1159, 3.750000000000003553 ) ;
#7440 = CARTESIAN_POINT ( 'NONE',  ( 0.4397376543209871036, -3.000000000000000888, -9.500000000000000000 ) ) ;
#7441 = CARTESIAN_POINT ( 'NONE',  ( -16.29999999999999716, -1.738200612200849982, 24.80000000000000782 ) ) ;
#7442 = CARTESIAN_POINT ( 'NONE',  ( 0.1686022889045090400, -36.16173284479685179, -2.416215200615480896 ) ) ;
#7443 = VECTOR ( 'NONE', #8408, 1000.000000000000114 ) ;
#7444 = DIRECTION ( 'NONE',  ( 4.625929269271484558E-17, 0.8660254037844388186, 0.4999999999999997224 ) ) ;
#7445 = EDGE_CURVE ( 'NONE', #6724, #9099, #8390, .T. ) ;
#7446 = CARTESIAN_POINT ( 'NONE',  ( -5.665086346277147022, -39.39999999999870539, -44.05575312260096155 ) ) ;
#7447 = ORIENTED_EDGE ( 'NONE', *, *, #1199, .F. ) ;
#7448 = CARTESIAN_POINT ( 'NONE',  ( 0.4397376543209871036, -12.97446305229489560, -7.338892170818906990 ) ) ;
#7449 = DIRECTION ( 'NONE',  ( 0.000000000000000000, 0.000000000000000000, -1.000000000000000000 ) ) ;
#7450 = LOCAL_TIME ( 14, 35, 29.00000000000000000, #2611 ) ;
#7451 = DIRECTION ( 'NONE',  ( -1.000000000000000000, 0.000000000000000000, 0.000000000000000000 ) ) ;
#7452 = CARTESIAN_POINT ( 'NONE',  ( -14.60309053183187977, -39.39999999999999147, 29.84850086658504509 ) ) ;
#7453 = CARTESIAN_POINT ( 'NONE',  ( 0.1252200261957474303, -36.17477120982520233, 2.416717303877082834 ) ) ;
#7454 = ORIENTED_EDGE ( 'NONE', *, *, #2409, .T. ) ;
#7455 = DIRECTION ( 'NONE',  ( 0.000000000000000000, 1.734723475976802677E-14, 1.000000000000000000 ) ) ;
#7456 = ADVANCED_FACE ( 'NONE', ( #5565 ), #2726, .F. ) ;
#7457 =( BOUNDED_SURFACE ( )  B_SPLINE_SURFACE ( 3, 2, ( 
 ( #6302, #6489, #9499 ),
 ( #2880, #7235, #8722 ),
 ( #5806, #5660, #6445 ),
 ( #4928, #5851, #8869 ),
 ( #9452, #7885, #4337 ),
 ( #4883, #1147, #7331 ) ),
 .UNSPECIFIED., .F., .F., .F. ) 
 B_SPLINE_SURFACE_WITH_KNOTS ( ( 4, 2, 4 ),
 ( 3, 3 ),
 ( 0.2610394883642742081, 0.6305197441821370763, 1.000000000000000000 ),
 ( 0.000000000000000000, 1.000000000000000000 ),
 .UNSPECIFIED. ) 
 GEOMETRIC_REPRESENTATION_ITEM ( )  RATIONAL_B_SPLINE_SURFACE ( (
 ( 1.000000000000000000, 0.8295822873078029236, 1.000000000000000000),
 ( 1.000000000000000000, 0.8743186979496314626, 1.000000000000000000),
 ( 1.000000000000000000, 0.9206139212134910599, 1.000000000000000000),
 ( 1.000000000000000000, 0.9837683019805770757, 1.000000000000000000),
 ( 1.000000000000000000, 1.000501889437346748, 1.000000000000000000),
 ( 1.000000000000000000, 1.000000000000000000, 1.000000000000000000) ) ) 
 REPRESENTATION_ITEM ( '' )  SURFACE ( )  );
#7458 = DIRECTION ( 'NONE',  ( 1.000000000000000000, -0.000000000000000000, -9.251858538542972814E-17 ) ) ;
#7459 = CARTESIAN_POINT ( 'NONE',  ( 0.2477958869327376301, -3.064445702788562098, -9.712556318039876402 ) ) ;
#7460 = CARTESIAN_POINT ( 'NONE',  ( -6.766299180863648566, -8.232733920525634638E-16, 42.32603680713417305 ) ) ;
#7461 = CARTESIAN_POINT ( 'NONE',  ( -28.99999999999999645, -37.39999999999863434, 37.50000000000000711 ) ) ;
#7462 = CARTESIAN_POINT ( 'NONE',  ( -16.30000000000000071, -37.39999999999999858, -24.13000000000000611 ) ) ;
#7463 = ORIENTED_EDGE ( 'NONE', *, *, #6849, .F. ) ;
#7464 = VERTEX_POINT ( 'NONE', #1987 ) ;
#7465 = ORIENTED_EDGE ( 'NONE', *, *, #1645, .T. ) ;
#7466 = CARTESIAN_POINT ( 'NONE',  ( 8.000000000000001776, -36.39999999999999858, 0.000000000000000000 ) ) ;
#7467 = CARTESIAN_POINT ( 'NONE',  ( 0.1420464885713926539, -12.88115292023972103, -9.811873698473013050 ) ) ;
#7468 = CARTESIAN_POINT ( 'NONE',  ( 0.000000000000000000, 0.000000000000000000, 45.00000000000000000 ) ) ;
#7469 = ORIENTED_EDGE ( 'NONE', *, *, #2701, .T. ) ;
#7470 = EDGE_CURVE ( 'NONE', #7855, #1579, #2835, .T. ) ;
#7471 = CARTESIAN_POINT ( 'NONE',  ( 0.1205805181789768726, -26.51865044026419937, 2.317594809371037456 ) ) ;
#7472 = EDGE_CURVE ( 'NONE', #9577, #3756, #3331, .T. ) ;
#7473 = CARTESIAN_POINT ( 'NONE',  ( 0.000000000000000000, -37.39999999999999147, -32.30000000000001137 ) ) ;
#7474 = CARTESIAN_POINT ( 'NONE',  ( 0.3264917695474089387, -12.49999999999999822, -7.000000000000000000 ) ) ;
#7475 = CARTESIAN_POINT ( 'NONE',  ( -16.20000000000000284, -31.29999999999998650, -15.61991285341004065 ) ) ;
#7476 = CIRCLE ( 'NONE', #3242, 0.1000000000000002554 ) ;
#7477 = DIRECTION ( 'NONE',  ( -0.000000000000000000, 0.000000000000000000, -1.000000000000000000 ) ) ;
#7478 = DIRECTION ( 'NONE',  ( 9.251858538542971581E-17, 0.000000000000000000, 1.000000000000000000 ) ) ;
#7479 = ORIENTED_EDGE ( 'NONE', *, *, #3774, .F. ) ;
#7480 = CARTESIAN_POINT ( 'NONE',  ( -8.427769491037762961, -41.37000000000000455, 45.00000000000000711 ) ) ;
#7481 = CARTESIAN_POINT ( 'NONE',  ( -16.19999999999999929, -26.14999999999999858, 6.353441032916542497 ) ) ;
#7482 = ORIENTED_EDGE ( 'NONE', *, *, #566, .F. ) ;
#7483 = EDGE_CURVE ( 'NONE', #2866, #3099, #6344, .T. ) ;
#7484 = CARTESIAN_POINT ( 'NONE',  ( -2.448006913434933818, -2.000000000000001776, -41.87192208605694077 ) ) ;
#7485 = CARTESIAN_POINT ( 'NONE',  ( 7.500000000000000888, -3.500000000000000000, -10.00000000000000000 ) ) ;
#7486 = CARTESIAN_POINT ( 'NONE',  ( -15.66802192142788286, -39.40000000000001990, 33.23335317893530316 ) ) ;
#7487 = DIRECTION ( 'NONE',  ( -9.251858538542975279E-17, -2.861551616642208852E-16, -1.000000000000000000 ) ) ;
#7488 = FACE_OUTER_BOUND ( 'NONE', #7818, .T. ) ;
#7489 = CARTESIAN_POINT ( 'NONE',  ( 0.003146909516452628744, -36.32428403040542264, 2.570714005488034193 ) ) ;
#7490 = ORIENTED_EDGE ( 'NONE', *, *, #6649, .T. ) ;
#7491 = CARTESIAN_POINT ( 'NONE',  ( -16.29999999999999716, -31.39999999999999147, -3.353292227346872600 ) ) ;
#7492 = DIRECTION ( 'NONE',  ( -1.000000000000000000, 0.000000000000000000, 9.251858538542972814E-17 ) ) ;
#7493 = DIRECTION ( 'NONE',  ( -1.224646799147353454E-16, 1.000000000000000000, 0.000000000000000000 ) ) ;
#7494 = CARTESIAN_POINT ( 'NONE',  ( 0.1420464885661209264, -36.28115291874485138, -2.311873698540821920 ) ) ;
#7495 = ADVANCED_FACE ( 'NONE', ( #6299 ), #2681, .F. ) ;
#7496 = CIRCLE ( 'NONE', #5455, 0.09999999999999939493 ) ;
#7497 = AXIS2_PLACEMENT_3D ( 'NONE', #454, #4137, #5795 ) ;
#7498 = DIRECTION ( 'NONE',  ( 1.000000000000000000, 0.000000000000000000, 0.000000000000000000 ) ) ;
#7499 = AXIS2_PLACEMENT_3D ( 'NONE', #5141, #9468, #8691 ) ;
#7500 = EDGE_LOOP ( 'NONE', ( #2334, #2931, #5006, #1719 ) ) ;
#7501 = CARTESIAN_POINT ( 'NONE',  ( 0.1350956592120545197, -12.96184225292464554, -7.317208804791115462 ) ) ;
#7502 = AXIS2_PLACEMENT_3D ( 'NONE', #2062, #9520, #6611 ) ;
#7503 = CARTESIAN_POINT ( 'NONE',  ( 0.05749240906823614716, -12.55291742928871024, -10.00942872841110720 ) ) ;
#7504 = CARTESIAN_POINT ( 'NONE',  ( 0.1937694398732767442, -26.39999999999999503, -1.999999999999999556 ) ) ;
#7505 = VERTEX_POINT ( 'NONE', #4191 ) ;
#7506 = EDGE_CURVE ( 'NONE', #4221, #3086, #7496, .T. ) ;
#7507 = CARTESIAN_POINT ( 'NONE',  ( -0.4006663152036397668, -0.7709065600501703308, -32.30000000000000426 ) ) ;
#7508 = TOROIDAL_SURFACE ( 'NONE', #1860, 0.2000000000000000111, 0.1000000000000000056 ) ;
#7509 = CARTESIAN_POINT ( 'NONE',  ( -9.299999999999997158, -31.39999999999998437, 15.44670777265313966 ) ) ;
#7510 = CARTESIAN_POINT ( 'NONE',  ( 0.1032641237549861701, -3.207637193844401935, -9.922375149639812264 ) ) ;
#7511 = CARTESIAN_POINT ( 'NONE',  ( -11.20005936434603377, -9.588150016575531349E-16, 42.99896651662873381 ) ) ;
#7512 = DIRECTION ( 'NONE',  ( 0.000000000000000000, 1.000000000000000000, 0.000000000000000000 ) ) ;
#7513 = CARTESIAN_POINT ( 'NONE',  ( 0.09935175248319363939, -26.90000000000000213, -2.499999999999998668 ) ) ;
#7514 = ORIENTED_EDGE ( 'NONE', *, *, #7917, .T. ) ;
#7515 = ORIENTED_EDGE ( 'NONE', *, *, #4836, .F. ) ;
#7516 = ORIENTED_EDGE ( 'NONE', *, *, #5661, .F. ) ;
#7517 = CARTESIAN_POINT ( 'NONE',  ( -20.32711294337304864, 8.673617379884035472E-16, 35.71173944414449863 ) ) ;
#7518 =( BOUNDED_SURFACE ( )  B_SPLINE_SURFACE ( 3, 2, ( 
 ( #6669, #9676, #3645 ),
 ( #6621, #6081, #2420 ),
 ( #4569, #5403, #4661 ),
 ( #8400, #6772, #8306 ),
 ( #975, #3885, #6821 ),
 ( #1671, #6871, #837 ),
 ( #4614, #2317, #7663 ),
 ( #3101, #3837, #7569 ),
 ( #929, #153, #58 ),
 ( #3929, #8450, #1576 ),
 ( #5357, #786, #9096 ),
 ( #9050, #9144, #1625 ),
 ( #104, #3195, #9000 ),
 ( #3977, #2369, #8355 ),
 ( #3150, #3791, #4514 ),
 ( #2464, #3056, #7614 ),
 ( #6920, #5256, #5309 ),
 ( #202, #9185, #881 ),
 ( #6034, #1523, #6170 ),
 ( #6128, #5448, #1720 ),
 ( #4708, #7517, #7707 ),
 ( #6961, #247, #2267 ),
 ( #3241, #8255, #8544 ),
 ( #2559, #1815, #5495 ),
 ( #340, #6223, #4800 ),
 ( #2512, #8644, #5682 ),
 ( #7056, #9236, #9284 ),
 ( #2706, #8498, #6364 ),
 ( #5538, #3286, #3339 ),
 ( #7949, #4072, #7205 ),
 ( #7803, #5630, #7852 ),
 ( #1867, #4755, #1022 ),
 ( #7155, #7009, #1068 ),
 ( #6270, #1120, #6318 ) ),
 .UNSPECIFIED., .F., .F., .F. ) 
 B_SPLINE_SURFACE_WITH_KNOTS ( ( 4, 2, 2, 2, 2, 2, 2, 2, 2, 2, 2, 2, 2, 2, 2, 2, 4 ),
 ( 3, 3 ),
 ( 0.000000000000000000, 0.001507785808249149017, 0.003015571616498298035, 0.006031143232996596069, 0.007538929041245744436, 0.009046714849494893670, 0.009800607753619468288, 0.01055450065774404290, 0.01206228646599319214, 0.01357007227424233964, 0.01432396517836691426, 0.01507785808249148887, 0.01658564389074063811, 0.01809342969898978734, 0.02110900131548808581, 0.02261678712373723504, 0.02412457293198638428 ),
 ( 0.000000000000000000, 1.000000000000000000 ),
 .UNSPECIFIED. ) 
 GEOMETRIC_REPRESENTATION_ITEM ( )  RATIONAL_B_SPLINE_SURFACE ( (
 ( 1.000000000000000000, 0.7071067811865473507, 1.000000000000000000),
 ( 1.000000000000000000, 0.7071067811865473507, 1.000000000000000000),
 ( 1.000000000000000000, 0.7071067811865476838, 1.000000000000000000),
 ( 1.000000000000000000, 0.7071067811865476838, 1.000000000000000000),
 ( 1.000000000000000000, 0.7071067811865471286, 1.000000000000000000),
 ( 1.000000000000000000, 0.7071067811865471286, 1.000000000000000000),
 ( 1.000000000000000000, 0.7071067811865473507, 1.000000000000000000),
 ( 1.000000000000000000, 0.7071067811865473507, 1.000000000000000000),
 ( 1.000000000000000000, 0.7071067811865473507, 1.000000000000000000),
 ( 1.000000000000000000, 0.7071067811865473507, 1.000000000000000000),
 ( 1.000000000000000000, 0.7071067811865473507, 1.000000000000000000),
 ( 1.000000000000000000, 0.7071067811865473507, 1.000000000000000000),
 ( 1.000000000000000000, 0.7071067811865473507, 1.000000000000000000),
 ( 1.000000000000000000, 0.7071067811865473507, 1.000000000000000000),
 ( 1.000000000000000000, 0.7071067811865473507, 1.000000000000000000),
 ( 1.000000000000000000, 0.7071067811865473507, 1.000000000000000000),
 ( 1.000000000000000000, 0.7071067811865473507, 1.000000000000000000),
 ( 1.000000000000000000, 0.7071067811865473507, 1.000000000000000000),
 ( 1.000000000000000000, 0.7071067811865473507, 1.000000000000000000),
 ( 1.000000000000000000, 0.7071067811865473507, 1.000000000000000000),
 ( 1.000000000000000000, 0.7071067811865473507, 1.000000000000000000),
 ( 1.000000000000000000, 0.7071067811865473507, 1.000000000000000000),
 ( 1.000000000000000000, 0.7071067811865473507, 1.000000000000000000),
 ( 1.000000000000000000, 0.7071067811865473507, 1.000000000000000000),
 ( 1.000000000000000000, 0.7071067811865474617, 1.000000000000000000),
 ( 1.000000000000000000, 0.7071067811865474617, 1.000000000000000000),
 ( 1.000000000000000000, 0.7071067811865473507, 1.000000000000000000),
 ( 1.000000000000000000, 0.7071067811865473507, 1.000000000000000000),
 ( 1.000000000000000000, 0.7071067811865472397, 1.000000000000000000),
 ( 1.000000000000000000, 0.7071067811865472397, 1.000000000000000000),
 ( 1.000000000000000000, 0.7071067811865472397, 1.000000000000000000),
 ( 1.000000000000000000, 0.7071067811865472397, 1.000000000000000000),
 ( 1.000000000000000000, 0.7071067811865482389, 1.000000000000000000),
 ( 1.000000000000000000, 0.7071067811865482389, 1.000000000000000000) ) ) 
 REPRESENTATION_ITEM ( '' )  SURFACE ( )  );
#7519 = DIRECTION ( 'NONE',  ( 0.000000000000000000, 0.000000000000000000, 1.000000000000000000 ) ) ;
#7520 = CARTESIAN_POINT ( 'NONE',  ( -16.57670751412189247, -8.750426488430518914E-13, -29.49833439161156079 ) ) ;
#7521 = ORIENTED_EDGE ( 'NONE', *, *, #5721, .T. ) ;
#7522 = CARTESIAN_POINT ( 'NONE',  ( 0.1096714448644903472, -26.40000000000000213, 2.000000000000000444 ) ) ;
#7523 = FACE_OUTER_BOUND ( 'NONE', #5127, .T. ) ;
#7524 = CARTESIAN_POINT ( 'NONE',  ( -9.399999999999998579, -7.999999999999994671, 5.946707772653149426 ) ) ;
#7525 = CARTESIAN_POINT ( 'NONE',  ( 0.09999999999999939493, -2.999999999999999556, -9.500000000000000000 ) ) ;
#7526 = EDGE_CURVE ( 'NONE', #7300, #4915, #1048, .T. ) ;
#7527 = DIRECTION ( 'NONE',  ( 4.625929269271490721E-17, -0.8660254037844383745, 0.5000000000000004441 ) ) ;
#7528 = FACE_OUTER_BOUND ( 'NONE', #2511, .T. ) ;
#7529 = ORIENTED_EDGE ( 'NONE', *, *, #5289, .T. ) ;
#7530 = CARTESIAN_POINT ( 'NONE',  ( -9.399999999999998579, -26.14999999999999147, -12.47335388632657249 ) ) ;
#7531 = CARTESIAN_POINT ( 'NONE',  ( -38.00000000000000000, -2.000000000000008882, 41.24999999999999289 ) ) ;
#7532 = ORIENTED_EDGE ( 'NONE', *, *, #7115, .F. ) ;
#7533 = CARTESIAN_POINT ( 'NONE',  ( -1.999999994377321011, 2.168404345659575970E-15, -33.05246761757374685 ) ) ;
#7534 = CARTESIAN_POINT ( 'NONE',  ( -23.97715929099325649, -39.40000000000001990, 39.20160109137751903 ) ) ;
#7535 = CIRCLE ( 'NONE', #8949, 3.349999999999998757 ) ;
#7536 = CARTESIAN_POINT ( 'NONE',  ( -20.01974387893085350, -12.47666666666666835, -36.58951261808173427 ) ) ;
#7537 = CARTESIAN_POINT ( 'NONE',  ( -10.56388474551888024, -37.39999999999999147, -45.00000000000000711 ) ) ;
#7538 = ADVANCED_FACE ( 'NONE', ( #4924 ), #3460, .T. ) ;
#7539 = EDGE_CURVE ( 'NONE', #8805, #8815, #8223, .T. ) ;
#7540 = CARTESIAN_POINT ( 'NONE',  ( 0.003146909516659717864, -36.47071400548760778, 2.424284030405409407 ) ) ;
#7541 = ORIENTED_EDGE ( 'NONE', *, *, #1742, .F. ) ;
#7542 = VECTOR ( 'NONE', #1384, 1000.000000000000000 ) ;
#7543 = CIRCLE ( 'NONE', #1585, 0.1000000000000001721 ) ;
#7544 = DIRECTION ( 'NONE',  ( 0.000000000000000000, 1.000000000000000000, 0.000000000000000000 ) ) ;
#7545 = CARTESIAN_POINT ( 'NONE',  ( -16.98367107291950262, -39.40000000000001279, -35.37267895974756016 ) ) ;
#7546 = CARTESIAN_POINT ( 'NONE',  ( -16.29999999999999361, -1.999999999999865663, 24.80000000000001492 ) ) ;
#7547 = CARTESIAN_POINT ( 'NONE',  ( 0.3690919000792517446, -36.20497740018841171, -2.397528356792145487 ) ) ;
#7548 = DIRECTION ( 'NONE',  ( -1.000000000000000000, 0.000000000000000000, 0.000000000000000000 ) ) ;
#7549 = VECTOR ( 'NONE', #5869, 1000.000000000000000 ) ;
#7550 = CARTESIAN_POINT ( 'NONE',  ( 0.4397376543209853272, -3.500000000000000888, -10.00000000000000000 ) ) ;
#7551 = VERTEX_POINT ( 'NONE', #6443 ) ;
#7552 = EDGE_CURVE ( 'NONE', #4862, #2718, #8756, .T. ) ;
#7553 = CARTESIAN_POINT ( 'NONE',  ( -29.00000000000000355, -39.40000000000000568, -39.50000000000000000 ) ) ;
#7554 = CARTESIAN_POINT ( 'NONE',  ( -2.370431544265524160, -39.39999999999999147, -37.14814752967566847 ) ) ;
#7555 = AXIS2_PLACEMENT_3D ( 'NONE', #7015, #4031, #2186 ) ;
#7556 = CARTESIAN_POINT ( 'NONE',  ( -16.34236994174718660, -39.40000000000003411, 27.22999565772131447 ) ) ;
#7557 = ORIENTED_EDGE ( 'NONE', *, *, #7713, .T. ) ;
#7558 = DIRECTION ( 'NONE',  ( -0.000000000000000000, 0.000000000000000000, -1.000000000000000000 ) ) ;
#7559 = CARTESIAN_POINT ( 'NONE',  ( -12.69999999999999574, -38.40723796074178154, 44.74757277670850897 ) ) ;
#7560 = CARTESIAN_POINT ( 'NONE',  ( 0.1154267357435947994, -3.430728751322649206, -9.992886886840365079 ) ) ;
#7561 = CIRCLE ( 'NONE', #8824, 0.1000000000000002554 ) ;
#7562 = DIRECTION ( 'NONE',  ( 0.7071067811865487940, 8.659560562354919300E-17, 0.7071067811865463515 ) ) ;
#7563 = ADVANCED_FACE ( 'NONE', ( #2774 ), #5753, .F. ) ;
#7564 = CARTESIAN_POINT ( 'NONE',  ( -29.00000000000000000, -39.40000000000000568, 39.50000000000000000 ) ) ;
#7565 = CARTESIAN_POINT ( 'NONE',  ( 0.1453539120297494824, -26.76032238473908365, -2.474375988212897948 ) ) ;
#7566 = VERTEX_POINT ( 'NONE', #9689 ) ;
#7567 = ORIENTED_EDGE ( 'NONE', *, *, #898, .T. ) ;
#7568 = ORIENTED_EDGE ( 'NONE', *, *, #7003, .F. ) ;
#7569 = CARTESIAN_POINT ( 'NONE',  ( -14.96092415904412753, 1.286243760668133322E-15, 31.30033484138023425 ) ) ;
#7570 = CARTESIAN_POINT ( 'NONE',  ( 0.1179417162385345969, -12.99285314684063053, -9.568117847334329795 ) ) ;
#7571 = DIRECTION ( 'NONE',  ( 0.000000000000000000, -0.4999999999999882871, -0.8660254037844453689 ) ) ;
#7572 = ORIENTED_EDGE ( 'NONE', *, *, #8246, .F. ) ;
#7573 = CARTESIAN_POINT ( 'NONE',  ( 0.09667812241375114968, -26.39994716767604999, 2.000316993943692889 ) ) ;
#7574 = DIRECTION ( 'NONE',  ( 0.000000000000000000, -1.000000000000000000, 0.000000000000000000 ) ) ;
#7575 = LINE ( 'NONE', #5317, #9594 ) ;
#7576 = CARTESIAN_POINT ( 'NONE',  ( 0.07942278206049380174, -26.41064724401038077, -2.210357154212340802 ) ) ;
#7577 = CARTESIAN_POINT ( 'NONE',  ( 0.02671071723204532233, -13.03030656602224902, -7.318160625509681161 ) ) ;
#7578 = ORIENTED_EDGE ( 'NONE', *, *, #3960, .T. ) ;
#7579 = CARTESIAN_POINT ( 'NONE',  ( 7.500000000000000000, -19.69999999999999929, -2.000000000000000000 ) ) ;
#7580 = CARTESIAN_POINT ( 'NONE',  ( 0.04079393051936416881, -3.383810990755541592, -10.01936483487407159 ) ) ;
#7581 = VERTEX_POINT ( 'NONE', #7276 ) ;
#7582 = CARTESIAN_POINT ( 'NONE',  ( -16.19999999999999929, -26.14999999999999858, -6.526646113673439054 ) ) ;
#7583 = CARTESIAN_POINT ( 'NONE',  ( 0.04384578978214611483, -12.60274203177002761, -6.982797152678775099 ) ) ;
#7584 = CARTESIAN_POINT ( 'NONE',  ( 0.03864744970013349323, -12.62619505639842998, -10.02103250939973655 ) ) ;
#7585 = B_SPLINE_CURVE_WITH_KNOTS ( 'NONE', 3,
 ( #1298, #7239, #4292, #7287, #9457, #5815, #1345, #6543, #9556, #2837, #8829, #2093, #5078 ),
 .UNSPECIFIED., .F., .F.,
 ( 4, 1, 2, 2, 2, 2, 4 ),
 ( 0.000000000000000000, 0.1249999999999991673, 0.1874999999999967526, 0.2499999999999943379, 0.4999999999999961142, 0.7499999999999980016, 1.000000000000000000 ),
 .UNSPECIFIED. ) ;
#7586 = CARTESIAN_POINT ( 'NONE',  ( -16.24794535333663603, -37.92349576871855987, -24.80000000000000071 ) ) ;
#7587 = CARTESIAN_POINT ( 'NONE',  ( 0.1351142095408632560, -3.347231474951509966, -7.024365904308710107 ) ) ;
#7588 = EDGE_LOOP ( 'NONE', ( #6869, #6032, #4737, #8576 ) ) ;
#7589 = CYLINDRICAL_SURFACE ( 'NONE', #6842, 0.1000000000000016709 ) ;
#7590 = CARTESIAN_POINT ( 'NONE',  ( -14.59839890862249945, -39.39999999999999858, -29.82284070900672290 ) ) ;
#7591 = DIRECTION ( 'NONE',  ( -9.251858538542972814E-17, 0.000000000000000000, -1.000000000000000000 ) ) ;
#7592 = CARTESIAN_POINT ( 'NONE',  ( 0.4397376543092829104, -36.37446305229489951, -2.161107829181092566 ) ) ;
#7593 = ADVANCED_FACE ( 'NONE', ( #3552 ), #1439, .F. ) ;
#7594 = CARTESIAN_POINT ( 'NONE',  ( 7.500000000000001776, -35.89999999999999858, -2.000000000000000000 ) ) ;
#7595 = CARTESIAN_POINT ( 'NONE',  ( -16.19999999999999929, -7.999999999999996447, 5.946707772653153867 ) ) ;
#7596 = VERTEX_POINT ( 'NONE', #5021 ) ;
#7597 = AXIS2_PLACEMENT_3D ( 'NONE', #7888, #5616, #2639 ) ;
#7598 = FACE_OUTER_BOUND ( 'NONE', #8448, .T. ) ;
#7599 = DIRECTION ( 'NONE',  ( 0.000000000000000000, 0.5000000000000059952, 0.8660254037844352659 ) ) ;
#7600 = CARTESIAN_POINT ( 'NONE',  ( 0.1133736073595671551, -26.40005977007493954, -2.049339011593990456 ) ) ;
#7601 = ORIENTED_EDGE ( 'NONE', *, *, #3236, .F. ) ;
#7602 = EDGE_CURVE ( 'NONE', #3676, #246, #7378, .T. ) ;
#7603 = CARTESIAN_POINT ( 'NONE',  ( -6.166671595222005031, -37.39999999999999147, 44.23602326421734432 ) ) ;
#7604 = AXIS2_PLACEMENT_3D ( 'NONE', #1747, #6247, #9262 ) ;
#7605 = ADVANCED_FACE ( 'NONE', ( #8069 ), #6532, .F. ) ;
#7606 = DIRECTION ( 'NONE',  ( -4.625929269271484558E-17, -0.8660254037844389297, -0.4999999999999997780 ) ) ;
#7607 = CARTESIAN_POINT ( 'NONE',  ( 0.1533086825027760725, -3.325249938922595572, -9.962001064898624136 ) ) ;
#7608 = CARTESIAN_POINT ( 'NONE',  ( 0.07312817726221679249, -26.88226466495387967, 2.503504115838783406 ) ) ;
#7609 = AXIS2_PLACEMENT_3D ( 'NONE', #8746, #8847, #490 ) ;
#7610 = PERSON ( 'UNSPECIFIED', 'UNSPECIFIED', 'UNSPECIFIED', ('UNSPECIFIED'), ('UNSPECIFIED'), ('UNSPECIFIED') ) ;
#7611 = CARTESIAN_POINT ( 'NONE',  ( -16.88742666268204573, -39.40000000000350866, -30.75901213814165303 ) ) ;
#7612 = ORIENTED_EDGE ( 'NONE', *, *, #5421, .F. ) ;
#7613 = EDGE_LOOP ( 'NONE', ( #4974, #5417, #6743, #2481 ) ) ;
#7614 = CARTESIAN_POINT ( 'NONE',  ( -16.98367107299836931, 8.309027459763206349E-16, 35.37267895966902387 ) ) ;
#7615 = CARTESIAN_POINT ( 'NONE',  ( 0.1040424905712452608, -12.97392668318775222, -9.660276005743009264 ) ) ;
#7616 = CARTESIAN_POINT ( 'NONE',  ( -18.81783034896675488, -3.256245307405554655E-13, -34.43907972700304754 ) ) ;
#7617 = VERTEX_POINT ( 'NONE', #3604 ) ;
#7618 = DIRECTION ( 'NONE',  ( -1.734723475976806848E-16, 1.000000000000000000, 0.000000000000000000 ) ) ;
#7619 = AXIS2_PLACEMENT_3D ( 'NONE', #1379, #649, #5162 ) ;
#7620 = CARTESIAN_POINT ( 'NONE',  ( 0.000000000000000000, -2.899999999999999911, -10.09999999999999964 ) ) ;
#7621 = EDGE_CURVE ( 'NONE', #5884, #5506, #6533, .T. ) ;
#7622 = CARTESIAN_POINT ( 'NONE',  ( -9.299999999999998934, -7.999999999999992895, 5.946707772653151203 ) ) ;
#7623 = CARTESIAN_POINT ( 'NONE',  ( 0.4397376543209853272, -26.64819050981455106, -2.436893194177129018 ) ) ;
#7624 = CARTESIAN_POINT ( 'NONE',  ( -16.19999999999999929, -36.75000000000000000, -6.526646113673447935 ) ) ;
#7625 = FACE_OUTER_BOUND ( 'NONE', #6473, .T. ) ;
#7626 = ORIENTED_EDGE ( 'NONE', *, *, #9473, .F. ) ;
#7627 = CARTESIAN_POINT ( 'NONE',  ( 6.505213034913027590E-16, -12.47666666666667190, 36.57223050896223526 ) ) ;
#7628 = FACE_OUTER_BOUND ( 'NONE', #6618, .T. ) ;
#7629 = EDGE_LOOP ( 'NONE', ( #5522, #3901, #7706, #1686 ) ) ;
#7630 = CARTESIAN_POINT ( 'NONE',  ( -16.29999999999999361, -37.39999999999795222, 24.80000000000001492 ) ) ;
#7631 = CARTESIAN_POINT ( 'NONE',  ( -29.00000000000000355, -25.59999999999950404, 37.50000000000000711 ) ) ;
#7632 = EDGE_CURVE ( 'NONE', #7887, #7088, #2366, .T. ) ;
#7633 = CARTESIAN_POINT ( 'NONE',  ( -9.299999999999998934, -26.15000000000000213, 6.526646113673430172 ) ) ;
#7634 = VECTOR ( 'NONE', #2491, 1000.000000000000114 ) ;
#7635 = CARTESIAN_POINT ( 'NONE',  ( -14.30000000000000249, -37.39999999999999858, -37.49999999999999289 ) ) ;
#7636 = CARTESIAN_POINT ( 'NONE',  ( 0.05239727617647974706, -3.437901212642816340, -6.989650202107139165 ) ) ;
#7637 = EDGE_LOOP ( 'NONE', ( #6149, #985, #1743, #54 ) ) ;
#7638 = CIRCLE ( 'NONE', #5900, 0.1999999999999996503 ) ;
#7639 = CARTESIAN_POINT ( 'NONE',  ( -9.399999999999998579, -31.44999999999999218, -3.466689686968427608 ) ) ;
#7640 = CARTESIAN_POINT ( 'NONE',  ( -16.39513934475409940, -39.39999999999999147, -34.53890328936957133 ) ) ;
#7641 = CARTESIAN_POINT ( 'NONE',  ( 0.1057754479059732355, -36.39994466427327779, -2.024690321748719768 ) ) ;
#7642 = VERTEX_POINT ( 'NONE', #7326 ) ;
#7643 = EDGE_CURVE ( 'NONE', #6465, #5789, #9165, .T. ) ;
#7644 = CARTESIAN_POINT ( 'NONE',  ( 7.500000000000001776, -35.89999999999999858, 2.000000000000000000 ) ) ;
#7645 = CARTESIAN_POINT ( 'NONE',  ( -9.299999999999998934, -1.161379332023930733, 2.011568009925849498 ) ) ;
#7646 = ORIENTED_EDGE ( 'NONE', *, *, #1599, .T. ) ;
#7647 = CARTESIAN_POINT ( 'NONE',  ( 8.000000000000000000, -3.500000000000000000, -10.00000000000000000 ) ) ;
#7648 = DIRECTION ( 'NONE',  ( -4.625929269271475313E-17, 0.8660254037844392627, -0.4999999999999988343 ) ) ;
#7649 = AXIS2_PLACEMENT_3D ( 'NONE', #6060, #2348, #2937 ) ;
#7650 = AXIS2_PLACEMENT_3D ( 'NONE', #8854, #4273, #5206 ) ;
#7651 = CARTESIAN_POINT ( 'NONE',  ( 0.1227745131869779349, -26.39999999999999503, -2.050363902310119446 ) ) ;
#7652 = CARTESIAN_POINT ( 'NONE',  ( -37.99999999999999289, -37.40000000000000568, -41.24999999999999289 ) ) ;
#7653 = CARTESIAN_POINT ( 'NONE',  ( -9.399999999999998579, -13.25000000000000355, -2.973353886326565831 ) ) ;
#7654 = CARTESIAN_POINT ( 'NONE',  ( 0.08846250423407923946, -3.279414386984818908, -9.965192043389583532 ) ) ;
#7655 = VECTOR ( 'NONE', #3119, 1000.000000000000000 ) ;
#7656 = DIRECTION ( 'NONE',  ( -9.251858538542974046E-17, -1.604941620322697274E-32, -1.000000000000000000 ) ) ;
#7657 = EDGE_CURVE ( 'NONE', #9038, #8805, #1786, .T. ) ;
#7658 = EDGE_CURVE ( 'NONE', #1312, #9386, #2131, .T. ) ;
#7659 = CARTESIAN_POINT ( 'NONE',  ( -16.30000000000000426, -37.40000000000000568, -24.79999999999999716 ) ) ;
#7660 = CARTESIAN_POINT ( 'NONE',  ( 0.1533086825052964175, -26.72524993823818917, -2.462001065323581539 ) ) ;
#7661 = EDGE_LOOP ( 'NONE', ( #450, #2132, #7041, #2344, #3207, #6582, #8304, #1535, #4710, #5839, #2725, #7154, #4783, #8755, #5202, #412 ) ) ;
#7662 = ORIENTED_EDGE ( 'NONE', *, *, #1078, .T. ) ;
#7663 = CARTESIAN_POINT ( 'NONE',  ( -14.59839890707486987, 1.330640299611549713E-15, 29.82284070917030405 ) ) ;
#7664 = CARTESIAN_POINT ( 'NONE',  ( 0.1406891008887360128, -12.97434395885044367, -9.641438363045592652 ) ) ;
#7665 = VERTEX_POINT ( 'NONE', #7429 ) ;
#7666 = CIRCLE ( 'NONE', #2649, 0.09999999999999939493 ) ;
#7667 = DIRECTION ( 'NONE',  ( -1.734723475976757554E-14, -1.000000000000000000, 0.000000000000000000 ) ) ;
#7668 = CARTESIAN_POINT ( 'NONE',  ( -16.19999999999999929, -36.59999999999999432, 12.55995642670501589 ) ) ;
#7669 = CARTESIAN_POINT ( 'NONE',  ( 0.4397376543209868260, -12.72157560318399305, -7.050583519783610420 ) ) ;
#7670 = DIRECTION ( 'NONE',  ( 0.000000000000000000, 0.000000000000000000, -1.000000000000000000 ) ) ;
#7671 = CARTESIAN_POINT ( 'NONE',  ( 0.07490148841599991725, -12.71035177685005912, -9.983538730382878867 ) ) ;
#7672 = CARTESIAN_POINT ( 'NONE',  ( -16.29999999999999361, -2.000000000000001776, 24.12999999999999901 ) ) ;
#7673 = EDGE_CURVE ( 'NONE', #748, #270, #582, .T. ) ;
#7674 = ORIENTED_EDGE ( 'NONE', *, *, #5754, .F. ) ;
#7675 = CARTESIAN_POINT ( 'NONE',  ( 0.04384580558861509575, -3.397258045334492937, -10.01720283701727077 ) ) ;
#7676 = ORIENTED_EDGE ( 'NONE', *, *, #4100, .F. ) ;
#7677 = LINE ( 'NONE', #6978, #1853 ) ;
#7678 = CARTESIAN_POINT ( 'NONE',  ( 7.500000000000001776, -12.49999999999999822, -7.500000000000000000 ) ) ;
#7679 = CARTESIAN_POINT ( 'NONE',  ( -9.399999999999998579, -12.68702367904174899, 8.768232209283986833 ) ) ;
#7680 = DIRECTION ( 'NONE',  ( 0.000000000000000000, 0.000000000000000000, -1.000000000000000000 ) ) ;
#7681 = CARTESIAN_POINT ( 'NONE',  ( 0.08023049856025871174, -12.97027360389202499, -7.269524073579890278 ) ) ;
#7682 = CARTESIAN_POINT ( 'NONE',  ( 0.1686022889075625975, -3.238267153002776677, -7.083784799015340639 ) ) ;
#7683 = EDGE_CURVE ( 'NONE', #928, #1312, #8961, .T. ) ;
#7684 = EDGE_LOOP ( 'NONE', ( #201, #2963, #4512 ) ) ;
#7685 = CARTESIAN_POINT ( 'NONE',  ( 0.09088851884876809895, -36.17072422556023525, -2.443743350910328349 ) ) ;
#7686 = CARTESIAN_POINT ( 'NONE',  ( -26.96800574054098831, -39.40000000000002700, -39.47702148009985024 ) ) ;
#7687 = CARTESIAN_POINT ( 'NONE',  ( 0.1350833069399199338, -36.37420985046286148, -2.143804678355434312 ) ) ;
#7688 = AXIS2_PLACEMENT_3D ( 'NONE', #858, #6104, #2190 ) ;
#7689 = ORIENTED_EDGE ( 'NONE', *, *, #5651, .T. ) ;
#7690 = CARTESIAN_POINT ( 'NONE',  ( 7.500000000000001776, -35.89999999999999858, -2.000000000000000000 ) ) ;
#7691 = DIRECTION ( 'NONE',  ( 0.000000000000000000, -1.734723475976802677E-14, 1.000000000000000000 ) ) ;
#7692 = ORIENTED_EDGE ( 'NONE', *, *, #1503, .T. ) ;
#7693 = CARTESIAN_POINT ( 'NONE',  ( -9.399999999999998579, -8.049999999999990052, -6.033310313031585714 ) ) ;
#7694 = DIRECTION ( 'NONE',  ( 0.000000000000000000, 0.4999999999999966693, 0.8660254037844405950 ) ) ;
#7695 = CARTESIAN_POINT ( 'NONE',  ( 0.1162514195726241373, -26.51636338658351022, -2.319256152363055712 ) ) ;
#7696 = CARTESIAN_POINT ( 'NONE',  ( -0.9927620392582018338, -0.2524272232914851477, -32.30000000000000426 ) ) ;
#7697 = AXIS2_PLACEMENT_3D ( 'NONE', #3940, #480, #2795 ) ;
#7698 = CIRCLE ( 'NONE', #1420, 3.599999999999992095 ) ;
#7699 = LINE ( 'NONE', #968, #3876 ) ;
#7700 = CARTESIAN_POINT ( 'NONE',  ( 0.4397376543209853272, -3.434550690765604042, -9.996746584583535267 ) ) ;
#7701 = CARTESIAN_POINT ( 'NONE',  ( 0.05425391871325065812, -26.83661896185795825, 2.511068572047201464 ) ) ;
#7702 = AXIS2_PLACEMENT_3D ( 'NONE', #1724, #5362, #9102 ) ;
#7703 = CARTESIAN_POINT ( 'NONE',  ( -16.30000000000000782, -39.40000000000000568, -24.79999999999999361 ) ) ;
#7704 = CARTESIAN_POINT ( 'NONE',  ( -9.299999999999998934, -55.12659698893430971, -10.26073498500606362 ) ) ;
#7705 = VERTEX_POINT ( 'NONE', #4477 ) ;
#7706 = ORIENTED_EDGE ( 'NONE', *, *, #5266, .F. ) ;
#7707 = CARTESIAN_POINT ( 'NONE',  ( -19.23787055068432394, 8.939085156186111492E-16, 37.38982553151193855 ) ) ;
#7708 = CARTESIAN_POINT ( 'NONE',  ( 0.1350833069381404405, -12.97420985058318266, -9.643804678134848984 ) ) ;
#7709 = ORIENTED_EDGE ( 'NONE', *, *, #4664, .F. ) ;
#7710 = LINE ( 'NONE', #6965, #8443 ) ;
#7711 = DIRECTION ( 'NONE',  ( 0.000000000000000000, 0.000000000000000000, 1.000000000000000000 ) ) ;
#7712 = EDGE_CURVE ( 'NONE', #7088, #9003, #8821, .T. ) ;
#7713 = EDGE_CURVE ( 'NONE', #5835, #5874, #7965, .T. ) ;
#7714 = AXIS2_PLACEMENT_3D ( 'NONE', #2699, #7846, #2601 ) ;
#7715 = CARTESIAN_POINT ( 'NONE',  ( -26.86388474551888450, -12.47666666666666835, -37.50000000000000000 ) ) ;
#7716 = CARTESIAN_POINT ( 'NONE',  ( 7.500000000000002665, -36.39999999999999858, -2.500000000000000000 ) ) ;
#7717 = B_SPLINE_CURVE_WITH_KNOTS ( 'NONE', 3,
 ( #2823, #4625, #697, #8314 ),
 .UNSPECIFIED., .F., .F.,
 ( 4, 4 ),
 ( 0.000000000000000000, 1.000000000000000000 ),
 .UNSPECIFIED. ) ;
#7718 = DIRECTION ( 'NONE',  ( -1.000000000000000000, -1.734723475976807834E-16, -0.000000000000000000 ) ) ;
#7719 = ORIENTED_EDGE ( 'NONE', *, *, #4528, .T. ) ;
#7720 = CARTESIAN_POINT ( 'NONE',  ( -9.399999999999998579, -4.574999999999998401, -7.924132444627604244 ) ) ;
#7721 = ORIENTED_EDGE ( 'NONE', *, *, #1309, .T. ) ;
#7722 = LINE ( 'NONE', #2385, #6382 ) ;
#7723 = ORIENTED_EDGE ( 'NONE', *, *, #5421, .T. ) ;
#7724 = FACE_OUTER_BOUND ( 'NONE', #9375, .T. ) ;
#7725 = CARTESIAN_POINT ( 'NONE',  ( -3.252606517456513302E-16, -2.899999999999999911, -10.09999999999999964 ) ) ;
#7726 = DIRECTION ( 'NONE',  ( 0.000000000000000000, 0.000000000000000000, 1.000000000000000000 ) ) ;
#7727 = EDGE_CURVE ( 'NONE', #4754, #5227, #7722, .T. ) ;
#7728 = ADVANCED_FACE ( 'NONE', ( #7628 ), #8368, .F. ) ;
#7729 = CARTESIAN_POINT ( 'NONE',  ( -3.719743878930847458, -2.000000000000001776, -44.08951261808173427 ) ) ;
#7730 = CARTESIAN_POINT ( 'NONE',  ( 0.09871229422087210437, -13.00000629067831071, -7.499962255930098465 ) ) ;
#7731 = CARTESIAN_POINT ( 'NONE',  ( 0.2477958869198953196, -3.287443681935854567, -7.064445702494994705 ) ) ;
#7732 = ORIENTED_EDGE ( 'NONE', *, *, #1063, .T. ) ;
#7733 = DIRECTION ( 'NONE',  ( -0.000000000000000000, -0.000000000000000000, 1.000000000000000000 ) ) ;
#7734 = CARTESIAN_POINT ( 'NONE',  ( -14.96092415827031985, -39.39999999999999147, -31.30033484146198930 ) ) ;
#7735 = TOROIDAL_SURFACE ( 'NONE', #2569, 0.2000000000000000111, 0.1000000000000000056 ) ;
#7736 = CARTESIAN_POINT ( 'NONE',  ( 0.1408989033927202927, -36.36180847410007289, -2.180029809085633374 ) ) ;
#7737 = CARTESIAN_POINT ( 'NONE',  ( -16.29999999999999716, -31.34999999999998721, -3.466689686968429385 ) ) ;
#7738 = EDGE_CURVE ( 'NONE', #6056, #9582, #4820, .T. ) ;
#7739 = DIRECTION ( 'NONE',  ( 9.251858538542972814E-17, 0.000000000000000000, 1.000000000000000000 ) ) ;
#7740 = ORIENTED_EDGE ( 'NONE', *, *, #695, .F. ) ;
#7741 = DIRECTION ( 'NONE',  ( -4.625929269271487023E-17, 0.8660254037844387076, -0.5000000000000001110 ) ) ;
#7742 = FACE_OUTER_BOUND ( 'NONE', #7038, .T. ) ;
#7743 = CARTESIAN_POINT ( 'NONE',  ( 0.4397376543209853272, -26.59272664001254682, -2.399833421199089489 ) ) ;
#7744 = CARTESIAN_POINT ( 'NONE',  ( -1.234363573421665361, -37.39999999999999147, 39.98206230585564924 ) ) ;
#7745 = EDGE_CURVE ( 'NONE', #1575, #5332, #7877, .T. ) ;
#7746 = CARTESIAN_POINT ( 'NONE',  ( -16.29999999999999716, -7.999999999999996447, 5.946707772653153867 ) ) ;
#7747 = CARTESIAN_POINT ( 'NONE',  ( 0.09667812241404288853, -3.499683006056353296, -10.00005283232393616 ) ) ;
#7748 = LINE ( 'NONE', #7002, #3307 ) ;
#7749 = CIRCLE ( 'NONE', #6019, 0.1000000000000005884 ) ;
#7750 = DIRECTION ( 'NONE',  ( 1.000000000000000000, -0.000000000000000000, -0.000000000000000000 ) ) ;
#7751 = FACE_OUTER_BOUND ( 'NONE', #6268, .T. ) ;
#7752 = ORIENTED_EDGE ( 'NONE', *, *, #6045, .F. ) ;
#7753 = ORIENTED_EDGE ( 'NONE', *, *, #7148, .T. ) ;
#7754 = FACE_OUTER_BOUND ( 'NONE', #3989, .T. ) ;
#7755 = ADVANCED_FACE ( 'NONE', ( #4630 ), #850, .T. ) ;
#7756 = CARTESIAN_POINT ( 'NONE',  ( -16.29999999999999716, -36.69999999999998863, 12.61769145362397815 ) ) ;
#7757 = VECTOR ( 'NONE', #6185, 1000.000000000000114 ) ;
#7758 = EDGE_LOOP ( 'NONE', ( #2826, #2256, #6922, #741 ) ) ;
#7759 = FACE_OUTER_BOUND ( 'NONE', #2359, .T. ) ;
#7760 = DIRECTION ( 'NONE',  ( 0.000000000000000000, 0.5000000000000134337, -0.8660254037844309360 ) ) ;
#7761 = DIRECTION ( 'NONE',  ( 0.000000000000000000, -0.8660254037844389297, -0.4999999999999995559 ) ) ;
#7762 = AXIS2_PLACEMENT_3D ( 'NONE', #1269, #5736, #2756 ) ;
#7763 = PLANE ( 'NONE',  #336 ) ;
#7764 = LINE ( 'NONE', #1029, #2747 ) ;
#7765 = CARTESIAN_POINT ( 'NONE',  ( 0.01382043241904038974, -2.959678529852548756, -9.741928820884696805 ) ) ;
#7766 = EDGE_LOOP ( 'NONE', ( #835, #9449 ) ) ;
#7767 = CC_DESIGN_PERSON_AND_ORGANIZATION_ASSIGNMENT ( #6419, #3439, ( #8404 ) ) ;
#7768 = CARTESIAN_POINT ( 'NONE',  ( 0.3264917695396050146, -36.39999999999999858, -2.000000000000000444 ) ) ;
#7769 = VERTEX_POINT ( 'NONE', #167 ) ;
#7770 = VECTOR ( 'NONE', #5454, 1000.000000000000000 ) ;
#7771 = CARTESIAN_POINT ( 'NONE',  ( -15.52909343994982727, -0.4006663152036415987, 24.80000000000000782 ) ) ;
#7772 = CARTESIAN_POINT ( 'NONE',  ( -16.19999999999999929, -26.24999999999999289, -12.47335388632657249 ) ) ;
#7773 = EDGE_LOOP ( 'NONE', ( #1733, #1735, #3624, #342 ) ) ;
#7774 = CARTESIAN_POINT ( 'NONE',  ( 0.1351142095531338017, -26.74723147720156291, 2.475634095839877702 ) ) ;
#7775 = DIRECTION ( 'NONE',  ( -1.000000000000000000, 0.000000000000000000, 0.000000000000000000 ) ) ;
#7776 =( BOUNDED_SURFACE ( )  B_SPLINE_SURFACE ( 3, 2, ( 
 ( #170, #6145, #6937 ),
 ( #6191, #7874, #4917 ),
 ( #5647, #6335, #1281 ),
 ( #4967, #2818, #3498 ),
 ( #1184, #7174, #1138 ),
 ( #7317, #4276, #2673 ) ),
 .UNSPECIFIED., .F., .F., .F. ) 
 B_SPLINE_SURFACE_WITH_KNOTS ( ( 4, 2, 4 ),
 ( 3, 3 ),
 ( 0.2610394883643102348, 0.6305197441821550619, 1.000000000000000000 ),
 ( 0.000000000000000000, 1.000000000000000000 ),
 .UNSPECIFIED. ) 
 GEOMETRIC_REPRESENTATION_ITEM ( )  RATIONAL_B_SPLINE_SURFACE ( (
 ( 1.000000000000000000, 0.8295822873078143589, 1.000000000000000000),
 ( 1.000000000000000000, 0.8743186979496821998, 1.000000000000000000),
 ( 1.000000000000000000, 0.9206139212134425431, 1.000000000000000000),
 ( 1.000000000000000000, 0.9837683019806362505, 1.000000000000000000),
 ( 1.000000000000000000, 1.000501889437303005, 1.000000000000000000),
 ( 1.000000000000000000, 1.000000000000000000, 1.000000000000000000) ) ) 
 REPRESENTATION_ITEM ( '' )  SURFACE ( )  );
#7777 = EDGE_CURVE ( 'NONE', #5306, #6472, #4505, .T. ) ;
#7778 = DIRECTION ( 'NONE',  ( -1.000000000000000000, 0.000000000000000000, 9.251858538542972814E-17 ) ) ;
#7779 = CARTESIAN_POINT ( 'NONE',  ( 0.1275278436585804698, -12.97418307869526721, -7.351804252380258475 ) ) ;
#7780 = CARTESIAN_POINT ( 'NONE',  ( 0.3690919000785873316, -3.195022599811591313, -7.102471643207855401 ) ) ;
#7781 = ORIENTED_EDGE ( 'NONE', *, *, #3623, .F. ) ;
#7782 = ADVANCED_FACE ( 'NONE', ( #3990 ), #5323, .F. ) ;
#7783 = CARTESIAN_POINT ( 'NONE',  ( 0.09088851884877188758, -36.17072422556023525, 2.443743350910326573 ) ) ;
#7784 = DIRECTION ( 'NONE',  ( 0.000000000000000000, 0.000000000000000000, 1.000000000000000000 ) ) ;
#7785 = CARTESIAN_POINT ( 'NONE',  ( -36.24999999999999289, -39.40000000000000568, 41.24999999999999289 ) ) ;
#7786 = VERTEX_POINT ( 'NONE', #4530 ) ;
#7787 = CARTESIAN_POINT ( 'NONE',  ( -26.86388474551888805, -41.37000000000001165, 37.50000000000001421 ) ) ;
#7788 = ORIENTED_EDGE ( 'NONE', *, *, #7079, .F. ) ;
#7789 = VECTOR ( 'NONE', #6569, 1000.000000000000000 ) ;
#7790 = CARTESIAN_POINT ( 'NONE',  ( -8.298711456419292725E-05, -36.45074810451678360, -2.550748104518821613 ) ) ;
#7791 = CARTESIAN_POINT ( 'NONE',  ( -0.2499999999999932832, -31.39999999999999858, -9.500000000000008882 ) ) ;
#7792 = EDGE_CURVE ( 'NONE', #9630, #119, #2486, .T. ) ;
#7793 = CARTESIAN_POINT ( 'NONE',  ( 0.1822098361279493872, -26.51866663121061407, -2.305582246171209437 ) ) ;
#7794 = CARTESIAN_POINT ( 'NONE',  ( -14.96706954501285125, 8.525035468735482993E-16, -31.32199508601940607 ) ) ;
#7795 = CARTESIAN_POINT ( 'NONE',  ( -0.9442468774018166755, -39.39999999999999147, 39.33491365372839965 ) ) ;
#7796 = CARTESIAN_POINT ( 'NONE',  ( 0.03864744970013646308, -26.37896749060026380, 2.126195056398418881 ) ) ;
#7797 = CARTESIAN_POINT ( 'NONE',  ( 0.09935175248319293162, -3.500000000000002220, -9.999999999999998224 ) ) ;
#7798 = LINE ( 'NONE', #1017, #634 ) ;
#7799 = CARTESIAN_POINT ( 'NONE',  ( -14.32258492426215568, -39.40000000000000568, -26.81954309526973645 ) ) ;
#7800 = FACE_OUTER_BOUND ( 'NONE', #400, .T. ) ;
#7801 = ADVANCED_FACE ( 'NONE', ( #118 ), #125, .F. ) ;
#7802 = ORIENTED_EDGE ( 'NONE', *, *, #4872, .F. ) ;
#7803 = CARTESIAN_POINT ( 'NONE',  ( -27.03951419390301325, -2.000000000000000000, 37.47811510242211597 ) ) ;
#7804 = CARTESIAN_POINT ( 'NONE',  ( 0.1484379709244448287, -36.14061177256823498, 2.432885171069566255 ) ) ;
#7805 = ORIENTED_EDGE ( 'NONE', *, *, #6728, .T. ) ;
#7806 = DIRECTION ( 'NONE',  ( 1.000000000000000000, 0.000000000000000000, 0.000000000000000000 ) ) ;
#7807 = CARTESIAN_POINT ( 'NONE',  ( 0.03864744970013807290, -36.02619505639841435, 2.521032509399733446 ) ) ;
#7808 = PERSON_AND_ORGANIZATION ( #7610, #8559 ) ;
#7809 = AXIS2_PLACEMENT_3D ( 'NONE', #7785, #2727, #4284 ) ;
#7810 = CARTESIAN_POINT ( 'NONE',  ( 0.1128397414751785566, -3.000116973338791126, -9.549342832185191199 ) ) ;
#7811 = CIRCLE ( 'NONE', #2968, 3.349999999999997868 ) ;
#7812 = EDGE_CURVE ( 'NONE', #8326, #7363, #7004, .T. ) ;
#7813 = LINE ( 'NONE', #348, #7443 ) ;
#7814 = CARTESIAN_POINT ( 'NONE',  ( -14.30000000000000071, -1.751244922780714315E-15, 25.30549295007421762 ) ) ;
#7815 = ORIENTED_EDGE ( 'NONE', *, *, #4715, .T. ) ;
#7816 = CIRCLE ( 'NONE', #9239, 3.350000000000000089 ) ;
#7817 = CARTESIAN_POINT ( 'NONE',  ( 0.4397376543209853272, -3.500000000000000888, -10.00000000000000000 ) ) ;
#7818 = EDGE_LOOP ( 'NONE', ( #6131, #7191, #4539, #5834 ) ) ;
#7819 = CARTESIAN_POINT ( 'NONE',  ( 0.1178379531154772897, -12.54966835321253349, -10.00043208384421334 ) ) ;
#7820 = DIRECTION ( 'NONE',  ( 9.251858538542975279E-17, 0.000000000000000000, 1.000000000000000000 ) ) ;
#7821 = VERTEX_POINT ( 'NONE', #941 ) ;
#7822 = CARTESIAN_POINT ( 'NONE',  ( 0.1117293984882175850, -26.85056275946135784, 2.499766988402845946 ) ) ;
#7823 = FACE_OUTER_BOUND ( 'NONE', #3349, .T. ) ;
#7824 = CARTESIAN_POINT ( 'NONE',  ( -16.19999999999999929, -2.649999999999997691, 2.973353886326579598 ) ) ;
#7825 = CONICAL_SURFACE ( 'NONE', #3586, 3.349999999999998757, 0.7853981633974517207 ) ;
#7826 = AXIS2_PLACEMENT_3D ( 'NONE', #7224, #1835, #7080 ) ;
#7827 = CARTESIAN_POINT ( 'NONE',  ( 0.01382043241904089455, -26.35967852985255178, -2.241928820884696805 ) ) ;
#7828 = CARTESIAN_POINT ( 'NONE',  ( -29.00000000000000355, -3.551475717527325607E-15, -39.49999999999999289 ) ) ;
#7829 = CARTESIAN_POINT ( 'NONE',  ( 0.1724245677131827359, -3.118534833599167833, -7.192098608473646237 ) ) ;
#7830 = EDGE_LOOP ( 'NONE', ( #7721, #6342, #2608, #8496 ) ) ;
#7831 = CARTESIAN_POINT ( 'NONE',  ( 0.05790538977554682276, -36.40373866222520860, -2.168275993831668025 ) ) ;
#7832 = CARTESIAN_POINT ( 'NONE',  ( 0.09292064022008034163, -26.40000000000001990, 2.000000000000002220 ) ) ;
#7833 = FACE_OUTER_BOUND ( 'NONE', #6818, .T. ) ;
#7834 = VERTEX_POINT ( 'NONE', #4675 ) ;
#7835 = EDGE_CURVE ( 'NONE', #495, #3862, #313, .T. ) ;
#7836 = CARTESIAN_POINT ( 'NONE',  ( -16.29999999999999716, -12.47666666666667723, 24.80000000000001137 ) ) ;
#7837 = ORIENTED_EDGE ( 'NONE', *, *, #2753, .T. ) ;
#7838 = DIRECTION ( 'NONE',  ( 0.000000000000000000, 0.5000000000000004441, 0.8660254037844383745 ) ) ;
#7839 = DIRECTION ( 'NONE',  ( 1.000000000000000000, 1.734723475976774278E-14, 1.001543065824789911E-14 ) ) ;
#7840 = CARTESIAN_POINT ( 'NONE',  ( 0.2559330417259105261, -3.078614443455254701, -7.254116204466015461 ) ) ;
#7841 = CARTESIAN_POINT ( 'NONE',  ( 0.1205805181784991992, -26.53458912785501767, -2.333533496962610254 ) ) ;
#7842 = CARTESIAN_POINT ( 'NONE',  ( 8.000000000000000000, -26.89999999999999858, 2.000000000000000000 ) ) ;
#7843 = CARTESIAN_POINT ( 'NONE',  ( -0.5257922024288586016, -37.39999999999999147, 38.03587610566613364 ) ) ;
#7844 = DIRECTION ( 'NONE',  ( -9.251858538542972814E-17, 1.144620646656884724E-15, -1.000000000000000000 ) ) ;
#7845 = ADVANCED_FACE ( 'NONE', ( #3944 ), #4722, .T. ) ;
#7846 = DIRECTION ( 'NONE',  ( -1.000000000000000000, 0.000000000000000000, 9.251858538542972814E-17 ) ) ;
#7847 = CARTESIAN_POINT ( 'NONE',  ( 0.1318643616609711522, -12.65607622795258003, -7.024338503452687732 ) ) ;
#7848 = CARTESIAN_POINT ( 'NONE',  ( -18.40477581529902906, -39.40000000000001990, -36.79824706266997936 ) ) ;
#7849 = CARTESIAN_POINT ( 'NONE',  ( 0.08444928430187424728, -36.40104685187095868, 2.005163036571911750 ) ) ;
#7850 = ORIENTED_EDGE ( 'NONE', *, *, #9402, .F. ) ;
#7851 = VECTOR ( 'NONE', #4188, 1000.000000000000000 ) ;
#7852 = CARTESIAN_POINT ( 'NONE',  ( -26.96800574055223976, 1.796929365032804691E-15, 39.47702147896183078 ) ) ;
#7853 = VECTOR ( 'NONE', #9400, 1000.000000000000000 ) ;
#7854 = CARTESIAN_POINT ( 'NONE',  ( 0.1549850765109670181, -36.13790896707749312, 2.432998577186401779 ) ) ;
#7855 = VERTEX_POINT ( 'NONE', #7025 ) ;
#7856 = SPHERICAL_SURFACE ( 'NONE', #9230, 0.1000000000000000056 ) ;
#7857 = ADVANCED_FACE ( 'NONE', ( #6429 ), #9440, .F. ) ;
#7858 = AXIS2_PLACEMENT_3D ( 'NONE', #2563, #5542, #5499 ) ;
#7859 = AXIS2_PLACEMENT_3D ( 'NONE', #7372, #791, #8954 ) ;
#7860 = DIRECTION ( 'NONE',  ( 4.336808689942144743E-15, 0.8660254037844320463, -0.5000000000000115463 ) ) ;
#7861 = CARTESIAN_POINT ( 'NONE',  ( 0.000000000000000000, -26.30000000000000071, 2.599999999999998312 ) ) ;
#7862 = CIRCLE ( 'NONE', #1595, 1.750000000000001554 ) ;
#7863 = CARTESIAN_POINT ( 'NONE',  ( 0.4397376543465725263, -26.89999999999999858, 2.500000000000000000 ) ) ;
#7864 = ORIENTED_EDGE ( 'NONE', *, *, #8286, .T. ) ;
#7865 = CARTESIAN_POINT ( 'NONE',  ( -29.00000000000000355, -0.4006663152036469278, 38.27090656005018587 ) ) ;
#7866 = ORIENTED_EDGE ( 'NONE', *, *, #5700, .T. ) ;
#7867 = EDGE_LOOP ( 'NONE', ( #4270, #1561, #3367, #9142, #3193, #4753 ) ) ;
#7868 = CARTESIAN_POINT ( 'NONE',  ( 0.06626598899101582285, -12.50763595362770175, -10.00127265893793549 ) ) ;
#7869 = CARTESIAN_POINT ( 'NONE',  ( -16.29999999999999716, -26.14999999999998792, -12.64655896708346283 ) ) ;
#7870 = ORIENTED_EDGE ( 'NONE', *, *, #9172, .T. ) ;
#7871 = AXIS2_PLACEMENT_3D ( 'NONE', #6398, #9406, #2684 ) ;
#7872 = CARTESIAN_POINT ( 'NONE',  ( 0.1733580002840001688, -26.63951830378967145, 2.416419562431256107 ) ) ;
#7873 = CONICAL_SURFACE ( 'NONE', #3640, 3.349999999999999645, 0.7853981633974466137 ) ;
#7874 = CARTESIAN_POINT ( 'NONE',  ( 0.1455568328269973011, -12.90455284456874807, -9.904552844568380365 ) ) ;
#7875 = CARTESIAN_POINT ( 'NONE',  ( -16.19999999999999929, -13.25000000000000178, -3.031088913245522320 ) ) ;
#7876 = ADVANCED_FACE ( 'NONE', ( #1880 ), #2670, .T. ) ;
#7877 = B_SPLINE_CURVE_WITH_KNOTS ( 'NONE', 3,
 ( #5997, #7580, #7675, #8464, #8319, #3161, #69, #6887, #8269, #9013, #1591, #6784, #2283 ),
 .UNSPECIFIED., .F., .F.,
 ( 4, 1, 2, 2, 2, 2, 4 ),
 ( 0.000000000000000000, 0.1250000000000092149, 0.1875000000000106581, 0.2500000000000121014, 0.5000000000000079936, 0.7500000000000039968, 1.000000000000000000 ),
 .UNSPECIFIED. ) ;
#7878 = CARTESIAN_POINT ( 'NONE',  ( 6.505213034913027590E-16, -2.000000000000001776, -36.57223050896223526 ) ) ;
#7879 = CARTESIAN_POINT ( 'NONE',  ( 0.4397376543209871591, -13.00000000000000000, -7.500000000000000000 ) ) ;
#7880 = CARTESIAN_POINT ( 'NONE',  ( 0.1731128792739929645, -3.118525399880017535, -7.192188053159668470 ) ) ;
#7881 = ORIENTED_EDGE ( 'NONE', *, *, #8246, .T. ) ;
#7882 = CARTESIAN_POINT ( 'NONE',  ( 0.04079393052021283717, -26.38063516512658779, 2.116189009240506902 ) ) ;
#7883 = CARTESIAN_POINT ( 'NONE',  ( -5.726775455595804587, 8.340282441305210071E-14, -44.07965635523869707 ) ) ;
#7884 = EDGE_CURVE ( 'NONE', #5693, #6510, #7172, .T. ) ;
#7885 = CARTESIAN_POINT ( 'NONE',  ( -8.298711456659083009E-05, -26.34925189548195235, -2.550748104517372550 ) ) ;
#7886 = CARTESIAN_POINT ( 'NONE',  ( -9.299999999999998934, -36.54999999999999005, -6.526646113673450600 ) ) ;
#7887 = VERTEX_POINT ( 'NONE', #1232 ) ;
#7888 = CARTESIAN_POINT ( 'NONE',  ( -36.24999999999999289, -37.40000000000000568, 41.24999999999999289 ) ) ;
#7889 = CARTESIAN_POINT ( 'NONE',  ( -36.25000000000000000, -4.770489558936219510E-15, 41.24999999999999289 ) ) ;
#7890 = CARTESIAN_POINT ( 'NONE',  ( 0.4397376543083740263, -3.003253415416459848, -7.434550690765605374 ) ) ;
#7891 = EDGE_CURVE ( 'NONE', #5971, #6465, #5510, .T. ) ;
#7892 = CARTESIAN_POINT ( 'NONE',  ( 0.1032641237549909302, -26.60763719384442538, -2.422375149639794500 ) ) ;
#7893 = CARTESIAN_POINT ( 'NONE',  ( 0.2008050707367664833, -35.95824188539065602, -2.500000000000000000 ) ) ;
#7894 = CARTESIAN_POINT ( 'NONE',  ( -1.340292507842666403, -39.39999999999999147, 40.19748713625396874 ) ) ;
#7895 = DIRECTION ( 'NONE',  ( 1.224646799147353454E-16, -1.000000000000000000, 0.000000000000000000 ) ) ;
#7896 = CARTESIAN_POINT ( 'NONE',  ( -14.29999999999999538, -2.000000000000001776, 45.00000000000000000 ) ) ;
#7897 = CARTESIAN_POINT ( 'NONE',  ( 0.1542789855939452059, -12.73817786148439168, -7.067011327106734520 ) ) ;
#7898 = CARTESIAN_POINT ( 'NONE',  ( -17.76097771631686939, -37.39999999999999858, -32.92382876914005152 ) ) ;
#7899 = CARTESIAN_POINT ( 'NONE',  ( 0.09999999999999999167, -13.00000000000000000, -7.500000000000000000 ) ) ;
#7900 = EDGE_CURVE ( 'NONE', #3836, #8253, #5132, .T. ) ;
#7901 = ORIENTED_EDGE ( 'NONE', *, *, #4108, .F. ) ;
#7902 = CARTESIAN_POINT ( 'NONE',  ( -26.58482533408151838, -39.40000000000002700, 37.45838445918639792 ) ) ;
#7903 = CARTESIAN_POINT ( 'NONE',  ( 0.1009479137352411460, -36.07290376483301486, 2.476759758477205420 ) ) ;
#7904 = ORIENTED_EDGE ( 'NONE', *, *, #4472, .T. ) ;
#7905 = DIRECTION ( 'NONE',  ( 1.000000000000000000, -0.000000000000000000, -0.000000000000000000 ) ) ;
#7906 = DIRECTION ( 'NONE',  ( -1.587382151871886837E-15, 0.8660254037844377084, -0.5000000000000018874 ) ) ;
#7907 = DIRECTION ( 'NONE',  ( 1.000000000000000000, -0.000000000000000000, -0.000000000000000000 ) ) ;
#7908 = CARTESIAN_POINT ( 'NONE',  ( -21.05518610346111785, 1.793077725181191445E-15, -38.34432145723422991 ) ) ;
#7909 = CIRCLE ( 'NONE', #4617, 0.1000000000000001721 ) ;
#7910 = VERTEX_POINT ( 'NONE', #7869 ) ;
#7911 = PLANE ( 'NONE',  #5557 ) ;
#7912 = VERTEX_POINT ( 'NONE', #4866 ) ;
#7913 = VERTEX_POINT ( 'NONE', #4814 ) ;
#7914 = CARTESIAN_POINT ( 'NONE',  ( 0.1569560366029453813, -12.73807534501932359, -9.932979193010067931 ) ) ;
#7915 = CARTESIAN_POINT ( 'NONE',  ( 0.04656666963963080469, -26.80836207568026452, -2.515466468360740837 ) ) ;
#7916 = ORIENTED_EDGE ( 'NONE', *, *, #8100, .F. ) ;
#7917 = EDGE_CURVE ( 'NONE', #6531, #3296, #2717, .T. ) ;
#7918 = CARTESIAN_POINT ( 'NONE',  ( 0.1622123029839985520, -26.66328091505041797, 2.433142436073209236 ) ) ;
#7919 = CYLINDRICAL_SURFACE ( 'NONE', #7497, 0.5000000000000000000 ) ;
#7920 = CARTESIAN_POINT ( 'NONE',  ( 0.05903631049302467820, -12.66827857103909594, -6.994808295440891222 ) ) ;
#7921 = AXIS2_PLACEMENT_3D ( 'NONE', #9450, #5658, #413 ) ;
#7922 = CARTESIAN_POINT ( 'NONE',  ( 0.09999999999999999167, -26.39999999999999858, 2.000000000000000000 ) ) ;
#7923 = CARTESIAN_POINT ( 'NONE',  ( 0.1008775838167410149, -12.99989660410804149, -7.474369824641518889 ) ) ;
#7924 = DIRECTION ( 'NONE',  ( -0.000000000000000000, -1.000000000000000000, -0.000000000000000000 ) ) ;
#7925 = ORIENTED_EDGE ( 'NONE', *, *, #4836, .T. ) ;
#7926 = CARTESIAN_POINT ( 'NONE',  ( 0.09999999999999999167, -26.30000000000000071, 45.00000000000000000 ) ) ;
#7927 = EDGE_CURVE ( 'NONE', #6225, #3032, #6858, .T. ) ;
#7928 = CARTESIAN_POINT ( 'NONE',  ( -9.722813072849939786, -1.643846481653237415E-15, -42.92181453711889105 ) ) ;
#7929 = CARTESIAN_POINT ( 'NONE',  ( -16.19999999999999929, -31.34999999999998721, -3.466689686968430273 ) ) ;
#7930 = SECURITY_CLASSIFICATION ( '', '', #4077 ) ;
#7931 = CARTESIAN_POINT ( 'NONE',  ( -5.724158971712359545, 1.776701362569047426E-15, -41.89131388806335110 ) ) ;
#7932 = CARTESIAN_POINT ( 'NONE',  ( -6.964123894333867248, -2.000000000000000888, 44.47420779757113252 ) ) ;
#7933 = EDGE_LOOP ( 'NONE', ( #4501, #5537, #5704, #3284 ) ) ;
#7934 = ADVANCED_FACE ( 'NONE', ( #1033 ), #1780, .F. ) ;
#7935 = PLANE ( 'NONE',  #6488 ) ;
#7936 = DIRECTION ( 'NONE',  ( -1.000000000000000000, -1.084202172485504434E-16, 0.000000000000000000 ) ) ;
#7937 = CARTESIAN_POINT ( 'NONE',  ( 0.1435055700008303070, -3.038173233306020293, -7.321146679360505338 ) ) ;
#7938 = CARTESIAN_POINT ( 'NONE',  ( 0.1415815638741213522, -26.72028017468769434, -2.461812409896896536 ) ) ;
#7939 = CARTESIAN_POINT ( 'NONE',  ( 0.1351142095330885307, -36.05276852260925580, -2.475634095479561925 ) ) ;
#7940 = CARTESIAN_POINT ( 'NONE',  ( -26.98045690461574964, -39.39999999999997016, 39.47741507685111628 ) ) ;
#7941 = DIRECTION ( 'NONE',  ( 1.000000000000000000, -0.000000000000000000, -0.000000000000000000 ) ) ;
#7943 = ADVANCED_FACE ( 'NONE', ( #5552 ), #8117, .F. ) ;
#7942 = CARTESIAN_POINT ( 'NONE',  ( 0.4397376543209853272, -3.338892170818908767, -9.974463052294900933 ) ) ;
#7944 = PRODUCT_DEFINITION ( 'UNKNOWN', '', #8404, #2291 ) ;
#7945 = CARTESIAN_POINT ( 'NONE',  ( -16.30000000000000071, -37.39999999999999858, -24.13000000000000256 ) ) ;
#7946 = CARTESIAN_POINT ( 'NONE',  ( -23.95149913340790349, -39.39999999999996305, -39.19690946815755694 ) ) ;
#7947 = CYLINDRICAL_SURFACE ( 'NONE', #4827, 0.5000000000000004441 ) ;
#7948 = VERTEX_POINT ( 'NONE', #6378 ) ;
#7949 = CARTESIAN_POINT ( 'NONE',  ( -26.57000434231870400, -2.000000000000000000, 37.45763005773775944 ) ) ;
#7950 = CARTESIAN_POINT ( 'NONE',  ( 0.2056684512910255114, -36.00433007100341598, 2.477675174314145856 ) ) ;
#7951 = ORIENTED_EDGE ( 'NONE', *, *, #263, .T. ) ;
#7952 = FACE_OUTER_BOUND ( 'NONE', #6198, .T. ) ;
#7953 = APPROVAL_STATUS ( 'not_yet_approved' ) ;
#7954 = CARTESIAN_POINT ( 'NONE',  ( -9.300000000000002487, -26.24999999999999289, -12.47335388632657249 ) ) ;
#7955 = EDGE_CURVE ( 'NONE', #769, #7769, #3353, .T. ) ;
#7956 = LINE ( 'NONE', #1517, #1654 ) ;
#7957 = CARTESIAN_POINT ( 'NONE',  ( -23.97715929099324939, 1.614096245305451502E-15, -39.20160109137749771 ) ) ;
#7958 = ORIENTED_EDGE ( 'NONE', *, *, #2502, .F. ) ;
#7959 = B_SPLINE_CURVE_WITH_KNOTS ( 'NONE', 3,
 ( #846, #7426, #3701, #2226, #3020, #9009, #3848, #6832, #2277, #8265, #796, #7671, #1681, #3203 ),
 .UNSPECIFIED., .F., .F.,
 ( 4, 2, 2, 2, 2, 2, 4 ),
 ( 0.000000000000000000, 0.1250000000000002220, 0.2500000000000005551, 0.5000000000000004441, 0.6250000000000002220, 0.7500000000000001110, 1.000000000000000000 ),
 .UNSPECIFIED. ) ;
#7960 = EDGE_LOOP ( 'NONE', ( #7802, #2671, #138, #4318 ) ) ;
#7961 = ORIENTED_EDGE ( 'NONE', *, *, #4526, .T. ) ;
#7962 = CARTESIAN_POINT ( 'NONE',  ( 0.1937694398753157521, -12.49999999999999645, -9.999999999999991118 ) ) ;
#7963 = CARTESIAN_POINT ( 'NONE',  ( 0.09292064022301980974, -26.90000000000000924, -2.499999999999982681 ) ) ;
#7964 = VERTEX_POINT ( 'NONE', #2620 ) ;
#7965 = CIRCLE ( 'NONE', #1693, 0.1000000000000009354 ) ;
#7966 = CARTESIAN_POINT ( 'NONE',  ( 0.1563214125331263415, -26.66174542811942771, 2.432962360508766242 ) ) ;
#7967 = DIRECTION ( 'NONE',  ( 9.251858538542972814E-17, 2.861551616642208852E-16, 1.000000000000000000 ) ) ;
#7968 = AXIS2_PLACEMENT_3D ( 'NONE', #1688, #5467, #3304 ) ;
#7969 = CARTESIAN_POINT ( 'NONE',  ( 0.1016644731461513740, -12.89907840114933357, -7.170740984459769152 ) ) ;
#7970 = FACE_OUTER_BOUND ( 'NONE', #9485, .T. ) ;
#7971 = ADVANCED_FACE ( 'NONE', ( #6238 ), #5597, .T. ) ;
#7972 = CIRCLE ( 'NONE', #757, 0.09999999999999820144 ) ;
#7973 = CARTESIAN_POINT ( 'NONE',  ( -4.766632353286906820, -39.39999999999999147, 41.30069910306681180 ) ) ;
#7974 = CARTESIAN_POINT ( 'NONE',  ( 0.04384580558773037984, -36.41720283701789640, -2.102741954669443469 ) ) ;
#7975 = ORIENTED_EDGE ( 'NONE', *, *, #4315, .F. ) ;
#7976 = CARTESIAN_POINT ( 'NONE',  ( 0.2132458847699270910, -35.89999999999999147, -2.500000000000000000 ) ) ;
#7977 = CARTESIAN_POINT ( 'NONE',  ( -11.20694701884726463, -1.825600470300376774E-15, -42.99894328985587322 ) ) ;
#7978 = LINE ( 'NONE', #9548, #4834 ) ;
#7979 = CIRCLE ( 'NONE', #8131, 0.09999999999999982514 ) ;
#7980 = CARTESIAN_POINT ( 'NONE',  ( -9.694876174202869734, 9.183858806281358918E-17, -42.91968432336840777 ) ) ;
#7981 = CARTESIAN_POINT ( 'NONE',  ( -5.215008854209819411, -4.529964306617682315E-16, 41.59759393175520614 ) ) ;
#7982 = EDGE_CURVE ( 'NONE', #5176, #6056, #5981, .T. ) ;
#7983 = VERTEX_POINT ( 'NONE', #1325 ) ;
#7984 = DIRECTION ( 'NONE',  ( -1.000000000000000000, 0.000000000000000000, 0.000000000000000000 ) ) ;
#7985 = CYLINDRICAL_SURFACE ( 'NONE', #8154, 0.09999999999999939493 ) ;
#7986 = CARTESIAN_POINT ( 'NONE',  ( 0.1331548417642588189, -3.025819552710227178, -7.355258931073270112 ) ) ;
#7987 = CARTESIAN_POINT ( 'NONE',  ( 0.07359969900738988491, -36.38231941068151087, 2.209895550182338742 ) ) ;
#7988 = CARTESIAN_POINT ( 'NONE',  ( 0.05239727617648493041, -35.96209878735715648, -2.510349797892858614 ) ) ;
#7989 = CARTESIAN_POINT ( 'NONE',  ( -14.32297851990014514, -39.40000000000004121, 26.83199425945905858 ) ) ;
#7990 = CARTESIAN_POINT ( 'NONE',  ( -12.69999999999999929, -12.47666666666666657, -45.00000000000000711 ) ) ;
#7991 = CARTESIAN_POINT ( 'NONE',  ( -0.5085811725878788270, -37.40000000000000568, -37.96895564695120839 ) ) ;
#7992 = CARTESIAN_POINT ( 'NONE',  ( 0.09341657260324859324, -12.50110169104735114, -6.999816384825443549 ) ) ;
#7993 = CARTESIAN_POINT ( 'NONE',  ( -21.03152055451336722, -39.39999999999996305, -38.33468112980829545 ) ) ;
#7994 = CYLINDRICAL_SURFACE ( 'NONE', #282, 0.5000000000000004441 ) ;
#7995 = CARTESIAN_POINT ( 'NONE',  ( -18.81783034895511264, -37.39999999999999147, 34.43907972701124720 ) ) ;
#7996 = CARTESIAN_POINT ( 'NONE',  ( 0.1729940466588201498, -36.22605966213592410, 2.363159504151291834 ) ) ;
#7997 = ORIENTED_EDGE ( 'NONE', *, *, #3361, .F. ) ;
#7998 = DIRECTION ( 'NONE',  ( 0.000000000000000000, -0.4999999999999539257, 0.8660254037844653530 ) ) ;
#7999 = AXIS2_PLACEMENT_3D ( 'NONE', #8583, #4839, #1103 ) ;
#8000 = CARTESIAN_POINT ( 'NONE',  ( -36.25000000000000000, -4.439344646909155431E-15, -39.49999999999999289 ) ) ;
#8001 = CARTESIAN_POINT ( 'NONE',  ( 0.1178379531153120052, -2.999567916155794212, -9.549668353212627636 ) ) ;
#8002 = CARTESIAN_POINT ( 'NONE',  ( -16.19999999999999929, -36.64999999999999858, -12.47335388632658493 ) ) ;
#8003 = CARTESIAN_POINT ( 'NONE',  ( -14.30000000000000604, -1.751244922780715892E-15, -25.30804956748886880 ) ) ;
#8004 = EDGE_LOOP ( 'NONE', ( #3179, #496, #5964, #8054 ) ) ;
#8005 = ORIENTED_EDGE ( 'NONE', *, *, #2114, .T. ) ;
#8006 = ORIENTED_EDGE ( 'NONE', *, *, #3124, .T. ) ;
#8007 = CARTESIAN_POINT ( 'NONE',  ( 0.3264917695474078285, -36.39999999999999858, 2.000000000000000444 ) ) ;
#8008 = CARTESIAN_POINT ( 'NONE',  ( -12.69999999999999574, -0.9927620392582038322, -44.74757277670854450 ) ) ;
#8009 = CARTESIAN_POINT ( 'NONE',  ( -26.98045690473989922, 2.663844636293339689E-15, -39.47741507573872610 ) ) ;
#8010 = ORIENTED_EDGE ( 'NONE', *, *, #4551, .F. ) ;
#8011 = EDGE_CURVE ( 'NONE', #6320, #1471, #9372, .T. ) ;
#8012 = CARTESIAN_POINT ( 'NONE',  ( 0.4397376543465725263, -26.41602188926900752, 2.129637811980200190 ) ) ;
#8013 = DIRECTION ( 'NONE',  ( -9.251858538542972814E-17, -5.723103233284416719E-16, -1.000000000000000000 ) ) ;
#8014 = CARTESIAN_POINT ( 'NONE',  ( -9.399999999999998579, -26.24999999999999289, -12.47335388632657249 ) ) ;
#8015 = CIRCLE ( 'NONE', #8335, 2.000000000000001776 ) ;
#8016 = FACE_OUTER_BOUND ( 'NONE', #685, .T. ) ;
#8017 = PLANE ( 'NONE',  #5961 ) ;
#8018 = CARTESIAN_POINT ( 'NONE',  ( 0.08499356122787310452, -36.40092870496373934, -2.004549396708903863 ) ) ;
#8019 = ORIENTED_EDGE ( 'NONE', *, *, #8518, .F. ) ;
#8020 = CONICAL_SURFACE ( 'NONE', #3953, 3.349999999999998757, 0.7853981633974517207 ) ;
#8021 = CARTESIAN_POINT ( 'NONE',  ( -9.050000000000013145, -31.39999999999999858, 9.500000000000001776 ) ) ;
#8022 = FACE_BOUND ( 'NONE', #9429, .T. ) ;
#8023 = DIRECTION ( 'NONE',  ( -1.000000000000000000, 0.000000000000000000, 0.000000000000000000 ) ) ;
#8024 = ADVANCED_FACE ( 'NONE', ( #7368 ), #5060, .F. ) ;
#8025 = DIRECTION ( 'NONE',  ( 0.000000000000000000, 0.000000000000000000, -1.000000000000000000 ) ) ;
#8026 = AXIS2_PLACEMENT_3D ( 'NONE', #3820, #6111, #7691 ) ;
#8027 = CARTESIAN_POINT ( 'NONE',  ( -8.686371986802996048, 1.627155460536448831E-13, 44.82899292236314892 ) ) ;
#8028 =( BOUNDED_SURFACE ( )  B_SPLINE_SURFACE ( 3, 2, ( 
 ( #5755, #1941, #5566 ),
 ( #4926, #1844, #8769 ),
 ( #7977, #8574, #4830 ),
 ( #7928, #1096, #6345 ),
 ( #554, #7185, #6301 ),
 ( #9355, #8721, #2633 ),
 ( #3506, #3414, #4192 ),
 ( #1989, #6487, #8624 ),
 ( #1891, #7883, #9497 ),
 ( #461, #1146, #4146 ),
 ( #6394, #9451, #1339 ),
 ( #703, #4382, #5804 ),
 ( #5120, #606, #8169 ),
 ( #4434, #4532, #7484 ),
 ( #5999, #9016, #6636 ),
 ( #5072, #6534, #9643 ),
 ( #1443, #1390, #2133 ),
 ( #2285, #8120, #7382 ),
 ( #6584, #8964, #4480 ),
 ( #660, #3662, #3607 ),
 ( #7431, #3553, #2927 ),
 ( #5220, #3027, #5850 ),
 ( #7329, #3708, #8819 ),
 ( #8867, #4335, #9547 ),
 ( #2086, #2828, #5899 ),
 ( #9597, #6684, #24 ),
 ( #7533, #8220, #8916 ),
 ( #6736, #2879, #2182 ) ),
 .UNSPECIFIED., .F., .F., .T. ) 
 B_SPLINE_SURFACE_WITH_KNOTS ( ( 4, 2, 2, 2, 2, 2, 2, 2, 2, 2, 2, 2, 2, 4 ),
 ( 3, 3 ),
 ( 0.000000000000000000, 0.002224527990796182526, 0.004449055981592365053, 0.005561319976990455882, 0.006673583972388547579, 0.007785847967786639276, 0.008898111963184730105, 0.01001037595858282093, 0.01056650795628186548, 0.01112263995398091176, 0.01223490394937900433, 0.01334716794477709516, 0.01557169593557327855, 0.01779622392636946021 ),
 ( 0.000000000000000000, 1.000000000000000000 ),
 .UNSPECIFIED. ) 
 GEOMETRIC_REPRESENTATION_ITEM ( )  RATIONAL_B_SPLINE_SURFACE ( (
 ( 1.000000000000000000, 0.7071067811865485719, 1.000000000000000000),
 ( 1.000000000000000000, 0.7071067811865485719, 1.000000000000000000),
 ( 1.000000000000000000, 0.7071067811865475727, 1.000000000000000000),
 ( 1.000000000000000000, 0.7071067811865475727, 1.000000000000000000),
 ( 1.000000000000000000, 0.7071067811865476838, 1.000000000000000000),
 ( 1.000000000000000000, 0.7071067811865476838, 1.000000000000000000),
 ( 1.000000000000000000, 0.7071067811865485719, 1.000000000000000000),
 ( 1.000000000000000000, 0.7071067811865485719, 1.000000000000000000),
 ( 1.000000000000000000, 0.7071067811865473507, 1.000000000000000000),
 ( 1.000000000000000000, 0.7071067811865473507, 1.000000000000000000),
 ( 1.000000000000000000, 0.7071067811865476838, 1.000000000000000000),
 ( 1.000000000000000000, 0.7071067811865476838, 1.000000000000000000),
 ( 1.000000000000000000, 0.7071067811865476838, 1.000000000000000000),
 ( 1.000000000000000000, 0.7071067811865476838, 1.000000000000000000),
 ( 1.000000000000000000, 0.7071067811865472397, 1.000000000000000000),
 ( 1.000000000000000000, 0.7071067811865472397, 1.000000000000000000),
 ( 1.000000000000000000, 0.7071067811865473507, 1.000000000000000000),
 ( 1.000000000000000000, 0.7071067811865473507, 1.000000000000000000),
 ( 1.000000000000000000, 0.7071067811865476838, 1.000000000000000000),
 ( 1.000000000000000000, 0.7071067811865476838, 1.000000000000000000),
 ( 1.000000000000000000, 0.7071067811865473507, 1.000000000000000000),
 ( 1.000000000000000000, 0.7071067811865473507, 1.000000000000000000),
 ( 1.000000000000000000, 0.7071067811865476838, 1.000000000000000000),
 ( 1.000000000000000000, 0.7071067811865476838, 1.000000000000000000),
 ( 1.000000000000000000, 0.7071067811865474617, 1.000000000000000000),
 ( 1.000000000000000000, 0.7071067811865474617, 1.000000000000000000),
 ( 1.000000000000000000, 0.7071067811865472397, 1.000000000000000000),
 ( 1.000000000000000000, 0.7071067811865472397, 1.000000000000000000) ) ) 
 REPRESENTATION_ITEM ( '' )  SURFACE ( )  );
#8029 = ORIENTED_EDGE ( 'NONE', *, *, #8627, .T. ) ;
#8030 = FACE_OUTER_BOUND ( 'NONE', #2386, .T. ) ;
#8031 = DIRECTION ( 'NONE',  ( 0.000000000000000000, 1.000000000000000000, -1.734723475976757554E-14 ) ) ;
#8032 = CARTESIAN_POINT ( 'NONE',  ( 0.09621752899302303541, -3.069521775580521528, -7.209151624869702069 ) ) ;
#8033 = CARTESIAN_POINT ( 'NONE',  ( 0.04884188009658384233, -36.41311210697942613, 2.147236813718750525 ) ) ;
#8034 = CARTESIAN_POINT ( 'NONE',  ( 0.4397376543092829104, -35.89999999999999858, -2.500000000000000000 ) ) ;
#8035 = EDGE_CURVE ( 'NONE', #2932, #1371, #6229, .T. ) ;
#8036 = CARTESIAN_POINT ( 'NONE',  ( 0.09999999999999939493, -19.70000000000000284, -10.09999999999999964 ) ) ;
#8037 = B_SPLINE_SURFACE_WITH_KNOTS ( 'NONE', 3, 3, ( 
 ( #4939, #7988, #2001, #5818, #6499, #9506, #8779, #1253, #2643, #4156, #4987, #8034 ),
 ( #3376, #3473, #8634, #9559, #4247, #1901, #4296, #6455, #7243, #7893, #7145, #4842 ),
 ( #2737, #424, #1302, #7939, #520, #7290, #3425, #2693, #4206, #6355, #4110, #3567 ),
 ( #565, #9415, #2785, #7197, #473, #5769, #2048, #6547, #8832, #376, #9365, #5180 ),
 ( #3083, #3769, #4445, #6061, #5286, #2889, #6648, #7442, #715, #8082, #1348, #3717 ),
 ( #2938, #1452, #2989, #670, #9703, #8234, #85, #766, #5911, #3618, #7547, #6695 ),
 ( #5958, #8976, #7342, #8182, #2245, #2096, #5231, #8284, #5862, #7394, #1501, #3672 ),
 ( #4492, #6597, #7494, #4394, #4345, #1401, #617, #1557, #816, #9607, #6748, #5082 ),
 ( #2193, #35, #6012, #3036, #8928, #8879, #9028, #2298, #9654, #4544, #3817, #6799 ),
 ( #2143, #5131, #8132, #7736, #3268, #5478, #6851, #8378, #6201, #2540, #9122, #7592 ),
 ( #3131, #4052, #8477, #132, #8526, #7687, #1748, #6107, #2402, #9076, #179, #6944 ),
 ( #3223, #2350, #909, #1001, #1793, #1653, #9215, #5383, #227, #1607, #5336, #4642 ),
 ( #8332, #4597, #862, #3867, #5429, #7641, #3911, #3958, #5524, #6898, #1700, #7037 ),
 ( #3178, #6153, #316, #1046, #3318, #9166, #6988, #2445, #8427, #269, #6248, #2494 ) ),
 .UNSPECIFIED., .F., .F., .F.,
 ( 4, 2, 2, 2, 2, 2, 4 ),
 ( 4, 2, 2, 2, 2, 4 ),
 ( 0.000000000000000000, 0.2499999999999967248, 0.3749999999999975020, 0.4999999999999982792, 0.7500000000000004441, 0.8750000000000002220, 1.000000000000000000 ),
 ( 0.000000000000000000, 0.2906416537877011264, 0.2973477540524050444, 0.3033705427184266168, 0.3469098837985290507, 1.000000000000000000 ),
 .UNSPECIFIED. ) ;
#8038 = DIRECTION ( 'NONE',  ( -4.625929269271487023E-17, 0.8660254037844387076, -0.5000000000000001110 ) ) ;
#8039 = FACE_OUTER_BOUND ( 'NONE', #6287, .T. ) ;
#8040 = CARTESIAN_POINT ( 'NONE',  ( 0.1196648342502076440, -12.75326692440841292, -7.066855972206953496 ) ) ;
#8041 = CARTESIAN_POINT ( 'NONE',  ( -26.46123400572885842, -39.40000000000002700, -39.45514635829825068 ) ) ;
#8042 = DIRECTION ( 'NONE',  ( -3.469446951953608509E-14, -0.5000000000000134337, 0.8660254037844309360 ) ) ;
#8043 = CARTESIAN_POINT ( 'NONE',  ( -16.01890299844740895, -39.39999999999999147, 33.90766161878204343 ) ) ;
#8044 = CARTESIAN_POINT ( 'NONE',  ( 0.1715750606947352153, -36.20680721478718311, 2.381309079045323518 ) ) ;
#8045 = EDGE_LOOP ( 'NONE', ( #7406, #5126, #1070, #5235, #6234, #5254 ) ) ;
#8046 = ADVANCED_FACE ( 'NONE', ( #3695 ), #4383, .T. ) ;
#8047 = VECTOR ( 'NONE', #1787, 1000.000000000000000 ) ;
#8048 = CARTESIAN_POINT ( 'NONE',  ( -9.400000000000000355, -31.39999999999999147, -15.44670777265314499 ) ) ;
#8049 = CARTESIAN_POINT ( 'NONE',  ( -36.24999999999999289, -39.40000000000000568, -39.49999999999999289 ) ) ;
#8050 = CARTESIAN_POINT ( 'NONE',  ( 0.1612748992713017859, -3.083818252194545195, -9.763941636816985792 ) ) ;
#8051 = DIRECTION ( 'NONE',  ( 1.734723475976817507E-14, -0.000000000000000000, 1.000000000000000000 ) ) ;
#8052 = CARTESIAN_POINT ( 'NONE',  ( 0.000000000000000000, -26.30000000000000071, 2.599999999999998312 ) ) ;
#8053 = EDGE_CURVE ( 'NONE', #60, #1927, #6235, .T. ) ;
#8054 = ORIENTED_EDGE ( 'NONE', *, *, #2194, .F. ) ;
#8055 = VERTEX_POINT ( 'NONE', #6083 ) ;
#8056 = ORIENTED_EDGE ( 'NONE', *, *, #356, .T. ) ;
#8057 = CARTESIAN_POINT ( 'NONE',  ( 7.500000000000000000, -2.999999999999998668, -7.000000000000000000 ) ) ;
#8058 = CARTESIAN_POINT ( 'NONE',  ( 0.4397376543283821881, -12.93689319417712902, -9.751809490185449292 ) ) ;
#8059 = CARTESIAN_POINT ( 'NONE',  ( -20.59115817403286641, 1.245983174028693124E-15, -38.14327167981814881 ) ) ;
#8060 = ORIENTED_EDGE ( 'NONE', *, *, #6288, .F. ) ;
#8061 = CARTESIAN_POINT ( 'NONE',  ( 0.1435055700131918910, -26.43817323523791174, 2.178853320686624961 ) ) ;
#8062 = CARTESIAN_POINT ( 'NONE',  ( -16.29999999999999716, -26.24999999999999289, -12.47335388632657249 ) ) ;
#8063 = CARTESIAN_POINT ( 'NONE',  ( -9.400000000000000355, -36.54999999999999005, -12.47335388632658315 ) ) ;
#8064 = LINE ( 'NONE', #504, #4414 ) ;
#8065 = VECTOR ( 'NONE', #9222, 1000.000000000000114 ) ;
#8066 = CARTESIAN_POINT ( 'NONE',  ( 0.4397376543209871036, -3.000000000000000888, -9.500000000000000000 ) ) ;
#8067 = LINE ( 'NONE', #2772, #6607 ) ;
#8068 = ORIENTED_EDGE ( 'NONE', *, *, #4227, .F. ) ;
#8069 = FACE_OUTER_BOUND ( 'NONE', #1657, .T. ) ;
#8070 = ORIENTED_EDGE ( 'NONE', *, *, #4542, .T. ) ;
#8071 = CARTESIAN_POINT ( 'NONE',  ( -0.05205464666336815510, -37.92349576871854566, 32.30000000000001137 ) ) ;
#8072 = VECTOR ( 'NONE', #6595, 1000.000000000000114 ) ;
#8073 = CARTESIAN_POINT ( 'NONE',  ( -14.30000000000000071, -39.39999999999999858, -24.79999999999999716 ) ) ;
#8074 = CARTESIAN_POINT ( 'NONE',  ( -4.157795019461692831, -2.000000000000000444, 43.29648096298574700 ) ) ;
#8075 = CIRCLE ( 'NONE', #3377, 0.09999999999999982514 ) ;
#8076 = ADVANCED_FACE ( 'NONE', ( #9098 ), #3276, .F. ) ;
#8077 = ORIENTED_EDGE ( 'NONE', *, *, #5387, .F. ) ;
#8078 = ORIENTED_EDGE ( 'NONE', *, *, #6693, .T. ) ;
#8079 = CYLINDRICAL_SURFACE ( 'NONE', #6262, 2.000000000000001776 ) ;
#8080 = DIRECTION ( 'NONE',  ( -1.000000000000000000, 0.000000000000000000, 0.000000000000000000 ) ) ;
#8081 = CARTESIAN_POINT ( 'NONE',  ( 0.1275278436647435121, -36.37418307894701996, 2.148195747162036984 ) ) ;
#8082 = CARTESIAN_POINT ( 'NONE',  ( 0.2528248678112290371, -36.14311353633873836, -2.419323820386994672 ) ) ;
#8083 = AXIS2_PLACEMENT_3D ( 'NONE', #8063, #1431, #3599 ) ;
#8084 = CARTESIAN_POINT ( 'NONE',  ( -8.427769491037762961, -12.47666666666666657, -45.00000000000000711 ) ) ;
#8085 =( BOUNDED_CURVE ( )  B_SPLINE_CURVE ( 3, ( #8347, #3970, #921, #9040 ),
 .UNSPECIFIED., .F., .T. ) 
 B_SPLINE_CURVE_WITH_KNOTS ( ( 4, 4 ),
 ( 3.802110042356555031, 4.712388980384689674 ),
 .UNSPECIFIED. ) 
 CURVE ( )  GEOMETRIC_REPRESENTATION_ITEM ( )  RATIONAL_B_SPLINE_CURVE ( ( 1.000000000000000000, 0.9321331520445490515, 0.9321331520445490515, 1.000000000000000000 ) ) 
 REPRESENTATION_ITEM ( '' )  );
#8086 = CARTESIAN_POINT ( 'NONE',  ( -2.362063152268691457, -39.39999999999999147, -37.11037489839093695 ) ) ;
#8087 = VERTEX_POINT ( 'NONE', #3743 ) ;
#8088 = CARTESIAN_POINT ( 'NONE',  ( 0.1729940466447634217, -12.82605966086442884, -7.136840495343085955 ) ) ;
#8089 = EDGE_CURVE ( 'NONE', #5506, #3059, #5301, .T. ) ;
#8090 = CARTESIAN_POINT ( 'NONE',  ( -16.19999999999999929, -31.44999999999998508, 3.466689686968428052 ) ) ;
#8091 = DIRECTION ( 'NONE',  ( 1.000000000000000000, 0.000000000000000000, 0.000000000000000000 ) ) ;
#8092 = CARTESIAN_POINT ( 'NONE',  ( -19.37810705587953208, -37.39999999999999147, 34.99760044382805546 ) ) ;
#8093 = CARTESIAN_POINT ( 'NONE',  ( 0.1665584839956553709, -36.22671770327244190, 2.363362015634630886 ) ) ;
#8094 = ORIENTED_EDGE ( 'NONE', *, *, #7410, .T. ) ;
#8095 = DIRECTION ( 'NONE',  ( 9.251858538542971581E-17, 0.000000000000000000, 1.000000000000000000 ) ) ;
#8096 = AXIS2_PLACEMENT_3D ( 'NONE', #3316, #8474, #6151 ) ;
#8097 = LINE ( 'NONE', #4410, #6585 ) ;
#8098 = CARTESIAN_POINT ( 'NONE',  ( 0.1622123029584516818, -3.066857564441911155, -9.736719090088142181 ) ) ;
#8099 = CARTESIAN_POINT ( 'NONE',  ( -2.803105657702947173, -4.149694627362356042E-16, 38.59029011480846094 ) ) ;
#8100 = EDGE_CURVE ( 'NONE', #4764, #987, #5672, .T. ) ;
#8101 = FACE_OUTER_BOUND ( 'NONE', #2139, .T. ) ;
#8102 = CIRCLE ( 'NONE', #2627, 0.5000000000000000000 ) ;
#8103 = VERTEX_POINT ( 'NONE', #1205 ) ;
#8104 = ORIENTED_EDGE ( 'NONE', *, *, #7079, .T. ) ;
#8105 = ORIENTED_EDGE ( 'NONE', *, *, #2781, .T. ) ;
#8106 = CARTESIAN_POINT ( 'NONE',  ( -14.29999999999999538, -2.000000000000001776, 45.00000000000000000 ) ) ;
#8107 = CARTESIAN_POINT ( 'NONE',  ( 0.1637735006125160819, -12.91835341474269683, -9.768645332511635360 ) ) ;
#8108 = EDGE_LOOP ( 'NONE', ( #2941, #9658 ) ) ;
#8109 = CARTESIAN_POINT ( 'NONE',  ( 0.1610282814396518658, -26.48166716246957364, 2.269446987027778473 ) ) ;
#8110 = DIRECTION ( 'NONE',  ( 0.000000000000000000, 1.000000000000000000, 0.000000000000000000 ) ) ;
#8111 = CARTESIAN_POINT ( 'NONE',  ( 0.000000000000000000, -8.000000000000000000, -3.599999999999993427 ) ) ;
#8112 = ADVANCED_FACE ( 'NONE', ( #1155 ), #8684, .F. ) ;
#8113 = CYLINDRICAL_SURFACE ( 'NONE', #6790, 2.000000000000000000 ) ;
#8114 = CARTESIAN_POINT ( 'NONE',  ( -12.69999999999999929, -39.39999999999999858, 42.99999999999999289 ) ) ;
#8115 = DIRECTION ( 'NONE',  ( 1.000000000000000000, 0.000000000000000000, 0.000000000000000000 ) ) ;
#8116 = EDGE_LOOP ( 'NONE', ( #2381, #8127, #5582, #9713 ) ) ;
#8117 = CONICAL_SURFACE ( 'NONE', #3260, 3.349999999999997868, 0.7853981633974639331 ) ;
#8118 = CARTESIAN_POINT ( 'NONE',  ( -36.24999999999999289, -39.40000000000000568, -39.49999999999999289 ) ) ;
#8119 = ORIENTED_EDGE ( 'NONE', *, *, #4121, .T. ) ;
#8120 = CARTESIAN_POINT ( 'NONE',  ( -1.340292507841903014, 4.319449962866499113E-14, -40.19748713625263292 ) ) ;
#8121 = CARTESIAN_POINT ( 'NONE',  ( 0.09999999999999939493, -12.49999999999999822, -7.000000000000000000 ) ) ;
#8122 = VECTOR ( 'NONE', #4953, 1000.000000000000000 ) ;
#8123 = CARTESIAN_POINT ( 'NONE',  ( 0.01382043241904040709, -3.258071179115296534, -10.04032147014745036 ) ) ;
#8124 = CARTESIAN_POINT ( 'NONE',  ( -0.7639767381634966492, 0.000000000000000000, 38.83332840407187803 ) ) ;
#8125 = AXIS2_PLACEMENT_3D ( 'NONE', #1960, #3482, #4212 ) ;
#8126 = VERTEX_POINT ( 'NONE', #7842 ) ;
#8127 = ORIENTED_EDGE ( 'NONE', *, *, #7658, .F. ) ;
#8128 = CARTESIAN_POINT ( 'NONE',  ( -29.00000000000000355, -4.336808689942017736E-15, -39.49999999999999289 ) ) ;
#8129 = CARTESIAN_POINT ( 'NONE',  ( -24.72776949103776900, -37.40000000000000568, 37.50000000000001421 ) ) ;
#8130 = CARTESIAN_POINT ( 'NONE',  ( 0.09341657260324669199, -36.40018361517456214, 2.001101691047358688 ) ) ;
#8131 = AXIS2_PLACEMENT_3D ( 'NONE', #5770, #6548, #756 ) ;
#8132 = CARTESIAN_POINT ( 'NONE',  ( 0.1108198500074610016, -36.36167879920638057, -2.193801219219082999 ) ) ;
#8133 = EDGE_CURVE ( 'NONE', #4757, #2441, #6404, .T. ) ;
#8134 = AXIS2_PLACEMENT_3D ( 'NONE', #4481, #5950, #2183 ) ;
#8135 = CARTESIAN_POINT ( 'NONE',  ( -10.56388474551888024, -41.37000000000000455, -45.00000000000000711 ) ) ;
#8136 = CARTESIAN_POINT ( 'NONE',  ( -5.711226409273344018, -39.39999999999999147, -41.87720649416763763 ) ) ;
#8137 = VERTEX_POINT ( 'NONE', #1106 ) ;
#8138 = CARTESIAN_POINT ( 'NONE',  ( 0.2153408992328781357, -12.96265751611569073, -7.353497368611042972 ) ) ;
#8139 = LINE ( 'NONE', #5966, #7549 ) ;
#8140 = CARTESIAN_POINT ( 'NONE',  ( -5.236370853990465868, -39.39999999999999147, -41.61081008745490095 ) ) ;
#8141 = CARTESIAN_POINT ( 'NONE',  ( -19.91676659036624386, -39.39999999999998437, 37.79448082758233340 ) ) ;
#8142 = CARTESIAN_POINT ( 'NONE',  ( 0.1189406295732650942, -36.23467616817731596, 2.366816372269484159 ) ) ;
#8143 = ORIENTED_EDGE ( 'NONE', *, *, #7643, .T. ) ;
#8144 = FACE_OUTER_BOUND ( 'NONE', #4235, .T. ) ;
#8145 = ADVANCED_FACE ( 'NONE', ( #9461 ), #8037, .F. ) ;
#8146 = CARTESIAN_POINT ( 'NONE',  ( -9.299999999999998934, -31.44999999999999218, -3.466689686968426276 ) ) ;
#8147 = CARTESIAN_POINT ( 'NONE',  ( 0.08373167235187274626, -3.020018123251195341, -9.694706437795989729 ) ) ;
#8148 = CARTESIAN_POINT ( 'NONE',  ( -2.157459212905034729, -4.162931434003639607E-16, 36.04880459228402856 ) ) ;
#8149 = CARTESIAN_POINT ( 'NONE',  ( -29.00000000000000355, -38.99933368479636187, 38.27090656005017877 ) ) ;
#8150 = ORIENTED_EDGE ( 'NONE', *, *, #5248, .F. ) ;
#8151 = ORIENTED_EDGE ( 'NONE', *, *, #3164, .F. ) ;
#8152 = EDGE_LOOP ( 'NONE', ( #1592, #7689, #2708, #3338 ) ) ;
#8153 = DIRECTION ( 'NONE',  ( 0.000000000000000000, -0.4999999999999799605, -0.8660254037844502539 ) ) ;
#8154 = AXIS2_PLACEMENT_3D ( 'NONE', #9503, #1947, #4244 ) ;
#8155 = CARTESIAN_POINT ( 'NONE',  ( 0.1724245677211093397, -12.88146516581176115, -9.807901390722580715 ) ) ;
#8156 = CARTESIAN_POINT ( 'NONE',  ( -27.05118034924656101, -1.999999999999999556, -37.47848502991978847 ) ) ;
#8157 = VERTEX_POINT ( 'NONE', #4736 ) ;
#8158 = CARTESIAN_POINT ( 'NONE',  ( 0.2610620546061113711, -26.51475893964730091, 2.299140942973213697 ) ) ;
#8159 = CARTESIAN_POINT ( 'NONE',  ( -16.29999999999999361, -37.39999999999999858, 24.80000000000002203 ) ) ;
#8160 = ADVANCED_FACE ( 'NONE', ( #4690 ), #4005, .T. ) ;
#8161 = CARTESIAN_POINT ( 'NONE',  ( 8.000000000000000000, -2.999999999999998668, -7.500000000000000000 ) ) ;
#8162 = LINE ( 'NONE', #111, #8664 ) ;
#8163 = DIRECTION ( 'NONE',  ( -0.7071067811865345831, 8.659560562355090630E-17, -0.7071067811865603403 ) ) ;
#8164 = FACE_OUTER_BOUND ( 'NONE', #8375, .T. ) ;
#8165 = ORIENTED_EDGE ( 'NONE', *, *, #2980, .T. ) ;
#8166 = CARTESIAN_POINT ( 'NONE',  ( 0.04882544355200005987, -2.985922872957985863, -7.417298990080681165 ) ) ;
#8167 = ORIENTED_EDGE ( 'NONE', *, *, #1785, .T. ) ;
#8168 = VECTOR ( 'NONE', #4993, 1000.000000000000000 ) ;
#8169 = CARTESIAN_POINT ( 'NONE',  ( -3.183704216647944563, -2.000000000000001776, -42.60029752582553897 ) ) ;
#8170 = AXIS2_PLACEMENT_3D ( 'NONE', #2973, #1484, #3702 ) ;
#8171 = CARTESIAN_POINT ( 'NONE',  ( -16.19999999999999929, -36.59999999999999432, -12.55995642670503187 ) ) ;
#8172 = EDGE_CURVE ( 'NONE', #1338, #9286, #133, .T. ) ;
#8173 = CARTESIAN_POINT ( 'NONE',  ( -16.30000000000000426, -12.47666666666666835, -29.07223050896224237 ) ) ;
#8174 = CARTESIAN_POINT ( 'NONE',  ( -36.24999999999999289, -37.40000000000000568, 41.24999999999999289 ) ) ;
#8175 = AXIS2_PLACEMENT_3D ( 'NONE', #6175, #8549, #5452 ) ;
#8176 = CARTESIAN_POINT ( 'NONE',  ( 0.000000000000000000, -36.50000000000000711, 2.599999999999998312 ) ) ;
#8177 = ORIENTED_EDGE ( 'NONE', *, *, #1730, .F. ) ;
#8178 = ADVANCED_FACE ( 'NONE', ( #7833 ), #4099, .T. ) ;
#8179 = FACE_OUTER_BOUND ( 'NONE', #1974, .T. ) ;
#8180 = CARTESIAN_POINT ( 'NONE',  ( -16.29999999999999361, -37.39999999999795222, 24.80000000000001492 ) ) ;
#8181 = FACE_OUTER_BOUND ( 'NONE', #1360, .T. ) ;
#8182 = CARTESIAN_POINT ( 'NONE',  ( 0.1724350523270597180, -36.22618520926264551, -2.363175442785347524 ) ) ;
#8183 = CARTESIAN_POINT ( 'NONE',  ( -3.719743878930847014, 1.970000000000000417, -44.08951261808173427 ) ) ;
#8184 = CARTESIAN_POINT ( 'NONE',  ( -0.9203436474392794331, -37.40000000000000568, -39.27322454322671774 ) ) ;
#8185 = ORIENTED_EDGE ( 'NONE', *, *, #9193, .T. ) ;
#8186 = CARTESIAN_POINT ( 'NONE',  ( 0.1690718594624833759, -12.82644331513164637, -7.136734206950729131 ) ) ;
#8187 = EDGE_CURVE ( 'NONE', #228, #680, #5611, .T. ) ;
#8188 = CARTESIAN_POINT ( 'NONE',  ( -28.49205186885742691, -39.40000000000000568, -37.50000000380480003 ) ) ;
#8189 = ADVANCED_FACE ( 'NONE', ( #8022, #2587, #4237, #4882, #7087, #2038 ), #7135, .F. ) ;
#8190 = CARTESIAN_POINT ( 'NONE',  ( 0.06068387364284379137, -12.54415403108769311, -10.00802531597819645 ) ) ;
#8191 = CARTESIAN_POINT ( 'NONE',  ( -14.96706954501416220, -39.39999999999999147, 31.32199508602029425 ) ) ;
#8192 = CARTESIAN_POINT ( 'NONE',  ( 0.1407824004408411989, -36.36183488837316702, 2.180051195855798873 ) ) ;
#8193 = ORIENTED_EDGE ( 'NONE', *, *, #8629, .F. ) ;
#8194 = DIRECTION ( 'NONE',  ( 0.000000000000000000, 0.000000000000000000, 1.000000000000000000 ) ) ;
#8195 = DIRECTION ( 'NONE',  ( -4.625929269271489488E-17, 0.8660254037844385966, -0.5000000000000001110 ) ) ;
#8196 = CARTESIAN_POINT ( 'NONE',  ( 0.09822872993563377952, -3.063611320164909113, -9.769413797194983928 ) ) ;
#8197 = DIRECTION ( 'NONE',  ( -1.000000000000000000, 0.000000000000000000, 9.251858538542972814E-17 ) ) ;
#8198 = ADVANCED_FACE ( 'NONE', ( #367 ), #9312, .F. ) ;
#8199 = B_SPLINE_CURVE_WITH_KNOTS ( 'NONE', 3,
 ( #6144, #4679, #2388, #943, #217, #1782 ),
 .UNSPECIFIED., .F., .F.,
 ( 4, 2, 4 ),
 ( 0.000000000000000000, 0.5000000000000000000, 1.000000000000000000 ),
 .UNSPECIFIED. ) ;
#8200 = CARTESIAN_POINT ( 'NONE',  ( -28.99999999999999645, -39.39999999999999858, 39.23820061220086330 ) ) ;
#8201 = ORIENTED_EDGE ( 'NONE', *, *, #9193, .F. ) ;
#8202 = VECTOR ( 'NONE', #5797, 1000.000000000000000 ) ;
#8203 = ORIENTED_EDGE ( 'NONE', *, *, #1942, .F. ) ;
#8204 = ORIENTED_EDGE ( 'NONE', *, *, #6349, .T. ) ;
#8205 = DIRECTION ( 'NONE',  ( 0.000000000000000000, -1.000000000000000000, -0.000000000000000000 ) ) ;
#8206 = CARTESIAN_POINT ( 'NONE',  ( 0.1731128792821630402, -12.88147459952705454, -9.807811946031739225 ) ) ;
#8207 = DIRECTION ( 'NONE',  ( 0.000000000000000000, -0.5000000000000134337, 0.8660254037844309360 ) ) ;
#8208 = ORIENTED_EDGE ( 'NONE', *, *, #2566, .F. ) ;
#8209 = CARTESIAN_POINT ( 'NONE',  ( 0.1108198500154844585, -26.43832120182274892, 2.193801219358796128 ) ) ;
#8210 = CARTESIAN_POINT ( 'NONE',  ( 0.2132458847823569537, -26.89999999999999147, 2.500000000000000000 ) ) ;
#8211 = SPHERICAL_SURFACE ( 'NONE', #4312, 0.1000000000000000056 ) ;
#8212 = CARTESIAN_POINT ( 'NONE',  ( 0.03864744970013725411, -2.978967490600264334, -9.626195056398410443 ) ) ;
#8213 = DIRECTION ( 'NONE',  ( -1.000000000000000000, 0.000000000000000000, 0.000000000000000000 ) ) ;
#8214 = FACE_OUTER_BOUND ( 'NONE', #4440, .T. ) ;
#8215 = EDGE_CURVE ( 'NONE', #3790, #748, #5139, .T. ) ;
#8216 = ORIENTED_EDGE ( 'NONE', *, *, #8330, .T. ) ;
#8217 = DIRECTION ( 'NONE',  ( 1.734723475976806848E-16, -1.000000000000000000, 0.000000000000000000 ) ) ;
#8218 = CARTESIAN_POINT ( 'NONE',  ( 8.000000000000001776, -35.89999999999999858, 0.000000000000000000 ) ) ;
#8219 = VERTEX_POINT ( 'NONE', #5706 ) ;
#8220 = CARTESIAN_POINT ( 'NONE',  ( 5.621429834593936504E-09, -4.867709916164803929E-13, -33.05227832638408358 ) ) ;
#8221 = CARTESIAN_POINT ( 'NONE',  ( 0.04079391977109270845, -12.61618905934866142, -6.980635156775227834 ) ) ;
#8222 = CARTESIAN_POINT ( 'NONE',  ( -16.14368759365495976, -39.39999999999999858, 34.12858766958796508 ) ) ;
#8223 = B_SPLINE_CURVE_WITH_KNOTS ( 'NONE', 3,
 ( #8720, #8573, #7976, #4051 ),
 .UNSPECIFIED., .F., .F.,
 ( 4, 4 ),
 ( 0.000000000000000000, 1.000000000000000000 ),
 .UNSPECIFIED. ) ;
#8224 = CARTESIAN_POINT ( 'NONE',  ( 0.000000000000000000, -26.30000000000000071, 45.00000000000000000 ) ) ;
#8225 = CARTESIAN_POINT ( 'NONE',  ( -14.30000000000000071, -39.39999999999999858, -24.79999999999999716 ) ) ;
#8226 = TOROIDAL_SURFACE ( 'NONE', #6857, 1.750000000000000666, 2.000000000000000444 ) ;
#8227 = DIRECTION ( 'NONE',  ( 0.000000000000000000, 0.000000000000000000, 1.000000000000000000 ) ) ;
#8228 = ADVANCED_FACE ( 'NONE', ( #3365 ), #8028, .T. ) ;
#8229 = ORIENTED_EDGE ( 'NONE', *, *, #5234, .F. ) ;
#8230 = DIRECTION ( 'NONE',  ( 4.305671804456949179E-14, 0.8660254037844405950, 0.4999999999999967804 ) ) ;
#8231 = VECTOR ( 'NONE', #166, 1000.000000000000000 ) ;
#8232 = CARTESIAN_POINT ( 'NONE',  ( 0.1937694398697950293, -2.999999999999998668, -7.499999999999998224 ) ) ;
#8233 = DIRECTION ( 'NONE',  ( 1.000000000000000000, 1.224646799147353454E-16, 0.000000000000000000 ) ) ;
#8234 = CARTESIAN_POINT ( 'NONE',  ( 0.1716225952155637502, -36.20692324062738976, -2.381285434699948134 ) ) ;
#8235 = VECTOR ( 'NONE', #9336, 1000.000000000000000 ) ;
#8236 = CARTESIAN_POINT ( 'NONE',  ( -29.00000000000000000, -1.999999999999810152, 37.50000000000002132 ) ) ;
#8237 = CARTESIAN_POINT ( 'NONE',  ( -6.747976133447838976, -39.39999999999999147, -42.31980863961092609 ) ) ;
#8238 = ORIENTED_EDGE ( 'NONE', *, *, #4267, .F. ) ;
#8239 = CARTESIAN_POINT ( 'NONE',  ( 0.1551388710373823865, -12.91834296899751777, -7.228929874218803064 ) ) ;
#8240 = DIRECTION ( 'NONE',  ( 0.000000000000000000, 0.000000000000000000, -1.000000000000000000 ) ) ;
#8241 = CIRCLE ( 'NONE', #8718, 0.09999999999999939493 ) ;
#8242 = CARTESIAN_POINT ( 'NONE',  ( -2.803105657702956055, -39.39999999999999858, -38.59029011480850357 ) ) ;
#8243 = CARTESIAN_POINT ( 'NONE',  ( 0.1428912506698329365, -26.42463596478874877, -2.147212021059694997 ) ) ;
#8244 = ORIENTED_EDGE ( 'NONE', *, *, #6305, .F. ) ;
#8245 = CARTESIAN_POINT ( 'NONE',  ( -6.444858560362575872, -39.39999999999999147, 42.21055591431468912 ) ) ;
#8246 = EDGE_CURVE ( 'NONE', #3136, #3560, #8346, .T. ) ;
#8247 = DIRECTION ( 'NONE',  ( -1.000000000000000000, 0.000000000000000000, 0.000000000000000000 ) ) ;
#8248 = CARTESIAN_POINT ( 'NONE',  ( 0.1471451563373963323, -3.024167391754955858, -9.644454479837504479 ) ) ;
#8249 = CARTESIAN_POINT ( 'NONE',  ( -2.000000000000000888, -2.449293598294707893E-16, 32.30000000000000426 ) ) ;
#8250 = CARTESIAN_POINT ( 'NONE',  ( -29.00000000000000355, -38.40723796074178864, 37.75242722329149103 ) ) ;
#8251 = CARTESIAN_POINT ( 'NONE',  ( 0.1350833069377812834, -26.75619532093011799, -2.474209850857212789 ) ) ;
#8252 = ORIENTED_EDGE ( 'NONE', *, *, #9464, .F. ) ;
#8253 = VERTEX_POINT ( 'NONE', #8271 ) ;
#8254 = ORIENTED_EDGE ( 'NONE', *, *, #7319, .T. ) ;
#8255 = CARTESIAN_POINT ( 'NONE',  ( -20.85626676015008130, 5.624390942507524882E-14, 36.02811393539592189 ) ) ;
#8256 = CARTESIAN_POINT ( 'NONE',  ( -16.29999999999999716, -36.54999999999999005, 12.47335388632657072 ) ) ;
#8257 = CARTESIAN_POINT ( 'NONE',  ( -18.55989158868730016, -2.000000000000000000, -34.13703812735471388 ) ) ;
#8258 = ORIENTED_EDGE ( 'NONE', *, *, #3784, .T. ) ;
#8259 = CARTESIAN_POINT ( 'NONE',  ( 0.09871115433724635124, -26.39999369811465257, 2.000037811312060487 ) ) ;
#8260 = DIRECTION ( 'NONE',  ( 1.000000000000000000, 0.000000000000000000, 0.000000000000000000 ) ) ;
#8261 = DIRECTION ( 'NONE',  ( -1.000000000000000000, 0.000000000000000000, 0.000000000000000000 ) ) ;
#8262 = EDGE_CURVE ( 'NONE', #9529, #1371, #1545, .T. ) ;
#8263 = LINE ( 'NONE', #3749, #3174 ) ;
#8264 = VECTOR ( 'NONE', #7733, 1000.000000000000000 ) ;
#8265 = CARTESIAN_POINT ( 'NONE',  ( 0.09491475995917418584, -12.79038896044775697, -9.929260831847363633 ) ) ;
#8266 = DIRECTION ( 'NONE',  ( 0.000000000000000000, -1.000000000000000000, 0.000000000000000000 ) ) ;
#8267 = EDGE_LOOP ( 'NONE', ( #2100, #2476, #5119, #447, #4949, #9379, #8528, #2418, #989, #7362, #1426, #5195, #2214, #798, #5889, #1962 ) ) ;
#8268 = CARTESIAN_POINT ( 'NONE',  ( 0.000000000000000000, -12.47666666666667190, 32.30000000000000426 ) ) ;
#8269 = CARTESIAN_POINT ( 'NONE',  ( 0.06776370892772065613, -3.473034530735248371, -10.00518621920863183 ) ) ;
#8270 = ORIENTED_EDGE ( 'NONE', *, *, #9348, .T. ) ;
#8271 = CARTESIAN_POINT ( 'NONE',  ( -9.399999999999998579, -7.949999999999988631, -6.033310313031583050 ) ) ;
#8272 = CARTESIAN_POINT ( 'NONE',  ( -16.20000000000000284, -31.39999999999998437, -15.56217782649107306 ) ) ;
#8273 = CARTESIAN_POINT ( 'NONE',  ( -16.19999999999999929, -36.75000000000000000, 6.526646113673449712 ) ) ;
#8274 = EDGE_CURVE ( 'NONE', #5629, #6376, #2336, .T. ) ;
#8275 = CARTESIAN_POINT ( 'NONE',  ( -16.30000000000000426, -12.47666666666666835, -26.93611525448111976 ) ) ;
#8276 = CARTESIAN_POINT ( 'NONE',  ( -36.25000000000000000, -2.000000000000004885, -45.00000000000000000 ) ) ;
#8277 = VECTOR ( 'NONE', #5848, 1000.000000000000000 ) ;
#8278 = DIRECTION ( 'NONE',  ( 0.000000000000000000, 1.000000000000000000, 0.000000000000000000 ) ) ;
#8279 = VERTEX_POINT ( 'NONE', #5327 ) ;
#8280 = B_SPLINE_CURVE_WITH_KNOTS ( 'NONE', 3,
 ( #7899, #9374, #338, #9422, #6316, #1164, #2604, #1914, #2509, #4797, #3238, #6958, #5680 ),
 .UNSPECIFIED., .F., .F.,
 ( 4, 2, 2, 1, 2, 2, 4 ),
 ( 0.000000000000000000, 0.2500000000000164868, 0.5000000000000329736, 0.6250000000000411893, 0.6875000000000379696, 0.7500000000000347500, 1.000000000000000000 ),
 .UNSPECIFIED. ) ;
#8281 = DIRECTION ( 'NONE',  ( 0.000000000000000000, 0.000000000000000000, -1.000000000000000000 ) ) ;
#8282 = CYLINDRICAL_SURFACE ( 'NONE', #2592, 3.350000000000000089 ) ;
#8283 = CARTESIAN_POINT ( 'NONE',  ( -0.5085811725893365498, -2.000000000000000444, 37.96895564695613245 ) ) ;
#8284 = CARTESIAN_POINT ( 'NONE',  ( 0.1802054849758354671, -36.22542475149233354, -2.363027421444370280 ) ) ;
#8285 = VECTOR ( 'NONE', #3530, 999.9999999999998863 ) ;
#8286 = EDGE_CURVE ( 'NONE', #8521, #4130, #6206, .T. ) ;
#8287 = CARTESIAN_POINT ( 'NONE',  ( 0.4397376543209866595, -35.89999999999999858, 2.500000000000000000 ) ) ;
#8288 = CARTESIAN_POINT ( 'NONE',  ( -16.29999999999999716, -26.14999999999999858, -6.526646113673439054 ) ) ;
#8289 = ORIENTED_EDGE ( 'NONE', *, *, #9601, .F. ) ;
#8290 = CIRCLE ( 'NONE', #2793, 0.1000000000000002554 ) ;
#8291 = CARTESIAN_POINT ( 'NONE',  ( -16.29999999999999361, -37.39999999999795222, 24.80000000000001492 ) ) ;
#8292 = CARTESIAN_POINT ( 'NONE',  ( 0.4397376543283821881, -13.00000000000000000, -9.500000000000000000 ) ) ;
#8293 = CARTESIAN_POINT ( 'NONE',  ( -14.30046617897780514, -39.40000000000003411, 25.81609499609508873 ) ) ;
#8294 = ORIENTED_EDGE ( 'NONE', *, *, #1040, .T. ) ;
#8295 = CIRCLE ( 'NONE', #8134, 0.2000000000000000944 ) ;
#8296 = CARTESIAN_POINT ( 'NONE',  ( -0.2524272232914840375, -0.9927620392582009456, -32.30000000000000426 ) ) ;
#8297 = TOROIDAL_SURFACE ( 'NONE', #599, 0.2000000000000000111, 0.1000000000000000056 ) ;
#8298 = DIRECTION ( 'NONE',  ( -1.000000000000000000, 0.000000000000000000, 0.000000000000000000 ) ) ;
#8299 = CARTESIAN_POINT ( 'NONE',  ( 0.1744252915060511555, -3.192357932190147629, -9.881497213377279820 ) ) ;
#8300 = DIRECTION ( 'NONE',  ( 0.000000000000000000, 0.8660254037844384856, -0.5000000000000002220 ) ) ;
#8301 = CARTESIAN_POINT ( 'NONE',  ( 0.03864744970013774678, -26.77380494360158636, 2.521032509399733446 ) ) ;
#8302 = CARTESIAN_POINT ( 'NONE',  ( 0.05239727617646941504, -26.83790121264276962, -2.510349797892872381 ) ) ;
#8303 = ORIENTED_EDGE ( 'NONE', *, *, #2545, .F. ) ;
#8304 = ORIENTED_EDGE ( 'NONE', *, *, #6193, .T. ) ;
#8305 = ORIENTED_EDGE ( 'NONE', *, *, #5024, .T. ) ;
#8306 = CARTESIAN_POINT ( 'NONE',  ( -14.32258492426302610, 8.660076868342959282E-16, 26.81954309526536306 ) ) ;
#8307 = CARTESIAN_POINT ( 'NONE',  ( 0.4397376543283821881, -12.97446305229489916, -9.661107829181093010 ) ) ;
#8308 = CARTESIAN_POINT ( 'NONE',  ( -17.31561912265256353, 2.226623863270719241E-13, -32.00514982068439451 ) ) ;
#8309 = VERTEX_POINT ( 'NONE', #8467 ) ;
#8310 = CARTESIAN_POINT ( 'NONE',  ( 0.1045514108773893808, -26.40010049818890892, 2.024814665927317403 ) ) ;
#8311 = CARTESIAN_POINT ( 'NONE',  ( -9.399999999999998579, -36.59999999999999432, -12.55995642670503187 ) ) ;
#8312 =( NAMED_UNIT ( * ) SI_UNIT ( $, .STERADIAN. ) SOLID_ANGLE_UNIT ( ) );
#8313 = DIRECTION ( 'NONE',  ( -0.000000000000000000, -0.8660254037844308250, -0.5000000000000135447 ) ) ;
#8314 = CARTESIAN_POINT ( 'NONE',  ( 0.09999999999999999167, -13.00000000000000000, -7.500000000000000000 ) ) ;
#8315 = CARTESIAN_POINT ( 'NONE',  ( 0.01648282397504460470, -12.75726017538697477, -6.957123304522643714 ) ) ;
#8316 = ORIENTED_EDGE ( 'NONE', *, *, #4385, .F. ) ;
#8317 = EDGE_CURVE ( 'NONE', #6080, #6253, #1054, .T. ) ;
#8318 = DIRECTION ( 'NONE',  ( 0.000000000000000000, 0.5000000000000134337, 0.8660254037844309360 ) ) ;
#8319 = CARTESIAN_POINT ( 'NONE',  ( 0.04830071877491157184, -3.415244090535473287, -10.01439495876051211 ) ) ;
#8320 = VERTEX_POINT ( 'NONE', #1736 ) ;
#8321 = CARTESIAN_POINT ( 'NONE',  ( 0.04678215020037974209, -26.38474039891295675, -2.090307900574403632 ) ) ;
#8322 = DIRECTION ( 'NONE',  ( 1.000000000000000000, -0.000000000000000000, -0.000000000000000000 ) ) ;
#8323 = DIRECTION ( 'NONE',  ( 0.000000000000000000, 0.000000000000000000, -1.000000000000000000 ) ) ;
#8324 = CARTESIAN_POINT ( 'NONE',  ( -12.69999999999999929, -37.39999999999999147, -45.00000000000001421 ) ) ;
#8325 = CARTESIAN_POINT ( 'NONE',  ( 0.07490148841600202667, -3.289648223149943096, -7.016461269617122021 ) ) ;
#8326 = VERTEX_POINT ( 'NONE', #6050 ) ;
#8327 = TOROIDAL_SURFACE ( 'NONE', #4555, 0.2000000000000000111, 0.1000000000000000056 ) ;
#8328 = DIRECTION ( 'NONE',  ( 1.000000000000000000, 0.000000000000000000, 0.000000000000000000 ) ) ;
#8329 = DIRECTION ( 'NONE',  ( 0.000000000000000000, 0.4999999999999966693, 0.8660254037844405950 ) ) ;
#8330 = EDGE_CURVE ( 'NONE', #6724, #228, #7677, .T. ) ;
#8331 = CARTESIAN_POINT ( 'NONE',  ( -2.153174662904232317, 1.705430799188525228E-17, 36.01498328680073513 ) ) ;
#8332 = CARTESIAN_POINT ( 'NONE',  ( 0.04884188009658010227, -36.41311210697942613, -2.147236813718758075 ) ) ;
#8333 = VECTOR ( 'NONE', #9584, 1000.000000000000000 ) ;
#8334 = DIRECTION ( 'NONE',  ( 0.000000000000000000, 1.000000000000000000, -0.000000000000000000 ) ) ;
#8335 = AXIS2_PLACEMENT_3D ( 'NONE', #7361, #7412, #635 ) ;
#8336 = LINE ( 'NONE', #4599, #4583 ) ;
#8337 = ORIENTED_EDGE ( 'NONE', *, *, #181, .F. ) ;
#8338 = DIRECTION ( 'NONE',  ( -0.000000000000000000, -0.000000000000000000, -1.000000000000000000 ) ) ;
#8339 = CARTESIAN_POINT ( 'NONE',  ( 0.08444913279748311741, -12.50516339107202590, -10.00104687449825924 ) ) ;
#8340 = EDGE_CURVE ( 'NONE', #9003, #3026, #8199, .T. ) ;
#8341 = AXIS2_PLACEMENT_3D ( 'NONE', #8480, #1750, #1703 ) ;
#8342 = CARTESIAN_POINT ( 'NONE',  ( -16.32188489757790961, -37.39999999999825064, 26.76048580609787919 ) ) ;
#8343 = AXIS2_PLACEMENT_3D ( 'NONE', #6831, #3799, #2275 ) ;
#8344 = VERTEX_POINT ( 'NONE', #7582 ) ;
#8345 = CARTESIAN_POINT ( 'NONE',  ( -6.804780700135587779, -39.39999999999999147, 42.33908932069122955 ) ) ;
#8346 = B_SPLINE_CURVE_WITH_KNOTS ( 'NONE', 3,
 ( #1490, #5170, #8071, #5274, #9691, #2977, #5949, #2233, #755, #3757 ),
 .UNSPECIFIED., .F., .F.,
 ( 4, 2, 2, 2, 4 ),
 ( 0.000000000000000000, 0.2500000000000000000, 0.5000000000000000000, 0.7500000000000000000, 1.000000000000000000 ),
 .UNSPECIFIED. ) ;
#8347 = CARTESIAN_POINT ( 'NONE',  ( 0.03864744970013655329, -26.77380494360158281, 2.521032509399734334 ) ) ;
#8348 = CARTESIAN_POINT ( 'NONE',  ( 0.1741086412530527261, -3.234154827257273546, -9.918514823075295084 ) ) ;
#8349 = CARTESIAN_POINT ( 'NONE',  ( 0.08444913279681540152, -26.89483660892759787, 2.501046874498403128 ) ) ;
#8350 = FACE_OUTER_BOUND ( 'NONE', #7266, .T. ) ;
#8351 = CARTESIAN_POINT ( 'NONE',  ( 0.1937694398732796586, -26.90000000000000568, -2.500000000000000000 ) ) ;
#8352 = EDGE_CURVE ( 'NONE', #6186, #4660, #4798, .T. ) ;
#8353 = ORIENTED_EDGE ( 'NONE', *, *, #4694, .F. ) ;
#8354 = VERTEX_POINT ( 'NONE', #4586 ) ;
#8355 = CARTESIAN_POINT ( 'NONE',  ( -16.39513934517976068, 8.511066648015770752E-16, 34.53890328917429287 ) ) ;
#8356 = CARTESIAN_POINT ( 'NONE',  ( 0.1046862460742179063, -13.00000000000000178, -9.500000000000001776 ) ) ;
#8357 = CARTESIAN_POINT ( 'NONE',  ( -16.44784835471678264, -8.737826241366835898E-13, -28.61148099979549286 ) ) ;
#8358 = ORIENTED_EDGE ( 'NONE', *, *, #4248, .T. ) ;
#8359 = CARTESIAN_POINT ( 'NONE',  ( 0.1937694398803387619, -26.40000000000000568, 2.000000000000000888 ) ) ;
#8360 = LINE ( 'NONE', #2375, #647 ) ;
#8361 = CARTESIAN_POINT ( 'NONE',  ( -16.19999999999999929, -7.999999999999996447, 6.046707772653154400 ) ) ;
#8362 = EDGE_CURVE ( 'NONE', #1670, #5176, #7275, .T. ) ;
#8363 = CARTESIAN_POINT ( 'NONE',  ( 0.4397376543209853272, -26.39999999999999858, -2.065461647378974419 ) ) ;
#8364 = CARTESIAN_POINT ( 'NONE',  ( -9.049999999999998934, -31.39999999999999858, -6.150000000000010125 ) ) ;
#8365 = DIRECTION ( 'NONE',  ( 1.000000000000000000, 1.224646799147353454E-16, 0.000000000000000000 ) ) ;
#8366 = ORIENTED_EDGE ( 'NONE', *, *, #5490, .T. ) ;
#8367 = DIRECTION ( 'NONE',  ( 0.000000000000000000, 0.8660254037844352659, -0.5000000000000058842 ) ) ;
#8368 = CYLINDRICAL_SURFACE ( 'NONE', #2786, 0.09999999999999931166 ) ;
#8369 = ORIENTED_EDGE ( 'NONE', *, *, #5248, .T. ) ;
#8370 = CARTESIAN_POINT ( 'NONE',  ( 0.06626598899090979655, -26.89236404637151878, 2.501272658938091809 ) ) ;
#8371 = CARTESIAN_POINT ( 'NONE',  ( -8.298711455999562827E-05, -2.949251895482424057, -10.05074810451791123 ) ) ;
#8372 = DIRECTION ( 'NONE',  ( 1.000000000000000000, 0.000000000000000000, -0.000000000000000000 ) ) ;
#8373 = CARTESIAN_POINT ( 'NONE',  ( -16.30000000000000426, -37.66179938779914949, -24.80000000000000071 ) ) ;
#8374 = CARTESIAN_POINT ( 'NONE',  ( 0.03864744970014100112, -36.02619505639840725, 2.521032509399731225 ) ) ;
#8375 = EDGE_LOOP ( 'NONE', ( #2302, #3753, #4419 ) ) ;
#8376 = LINE ( 'NONE', #8924, #468 ) ;
#8377 = DIRECTION ( 'NONE',  ( -1.000000000000000000, 0.000000000000000000, 0.000000000000000000 ) ) ;
#8378 = CARTESIAN_POINT ( 'NONE',  ( 0.1486371429838331537, -36.36187453732179620, -2.176559581325651749 ) ) ;
#8379 = ADVANCED_FACE ( 'NONE', ( #7724 ), #3947, .F. ) ;
#8380 = ADVANCED_FACE ( 'NONE', ( #9252 ), #5913, .F. ) ;
#8381 = DIRECTION ( 'NONE',  ( 4.625929269271475313E-17, -0.8660254037844392627, 0.4999999999999988343 ) ) ;
#8382 = CARTESIAN_POINT ( 'NONE',  ( -4.245100634951762416E-16, -13.06856045811716172, -9.911362748702975622 ) ) ;
#8383 = CIRCLE ( 'NONE', #1157, 0.5000000000000004441 ) ;
#8384 = ORIENTED_EDGE ( 'NONE', *, *, #3483, .F. ) ;
#8385 = TOROIDAL_SURFACE ( 'NONE', #380, 0.2000000000000000111, 0.1000000000000000056 ) ;
#8386 = LINE ( 'NONE', #7647, #1955 ) ;
#8387 = DIRECTION ( 'NONE',  ( 0.000000000000000000, 0.000000000000000000, 1.000000000000000000 ) ) ;
#8388 = CARTESIAN_POINT ( 'NONE',  ( -16.29999999999999716, -8.099999999999988987, -6.119912853410029108 ) ) ;
#8389 = CARTESIAN_POINT ( 'NONE',  ( -1.738200612200850870, -1.269278871460568664E-15, -32.30000000000001137 ) ) ;
#8390 = CIRCLE ( 'NONE', #7126, 0.09999999999999939493 ) ;
#8391 = CARTESIAN_POINT ( 'NONE',  ( -16.19999999999999929, -13.35000000000000320, -2.973353886326565831 ) ) ;
#8392 = EDGE_CURVE ( 'NONE', #1321, #1182, #206, .T. ) ;
#8393 = EDGE_CURVE ( 'NONE', #3296, #7913, #1629, .T. ) ;
#8394 = CARTESIAN_POINT ( 'NONE',  ( 0.1331548417621305769, -3.355258931068567652, -9.974180447012804152 ) ) ;
#8395 = CARTESIAN_POINT ( 'NONE',  ( -14.30000000000000249, -37.39999999999999858, -37.49999999999999289 ) ) ;
#8396 = CARTESIAN_POINT ( 'NONE',  ( -16.44548382067759817, -37.39999999999999858, -28.59012258390217198 ) ) ;
#8397 = CARTESIAN_POINT ( 'NONE',  ( 0.1356868812670602997, -26.75646587555936051, -2.474222127290305551 ) ) ;
#8398 = EDGE_LOOP ( 'NONE', ( #1731, #5813, #5109, #879 ) ) ;
#8399 = ORIENTED_EDGE ( 'NONE', *, *, #4959, .F. ) ;
#8400 = CARTESIAN_POINT ( 'NONE',  ( -16.32151497008038277, -2.000000000000000000, 26.74881965076140489 ) ) ;
#8401 = CARTESIAN_POINT ( 'NONE',  ( 0.4397376543283821881, -13.00000000000000000, -9.532730823689487210 ) ) ;
#8402 = ORIENTED_EDGE ( 'NONE', *, *, #9546, .F. ) ;
#8403 = CARTESIAN_POINT ( 'NONE',  ( -9.399999999999998579, -36.54999999999999005, -12.47335388632658848 ) ) ;
#8404 = PRODUCT_DEFINITION_FORMATION_WITH_SPECIFIED_SOURCE ( 'ANY', '', #1453, .NOT_KNOWN. ) ;
#8405 = CARTESIAN_POINT ( 'NONE',  ( -9.399999999999996803, -31.39999999999998437, 15.44670777265314321 ) ) ;
#8406 = LINE ( 'NONE', #1631, #7770 ) ;
#8407 = ADVANCED_FACE ( 'NONE', ( #5314 ), #109, .F. ) ;
#8408 = DIRECTION ( 'NONE',  ( -4.625929269271485791E-17, -0.8660254037844388186, -0.4999999999999997224 ) ) ;
#8409 = FACE_OUTER_BOUND ( 'NONE', #6330, .T. ) ;
#8410 = DIRECTION ( 'NONE',  ( -1.000000000000000000, 0.000000000000000000, 9.251858538542972814E-17 ) ) ;
#8411 = ORIENTED_EDGE ( 'NONE', *, *, #1495, .F. ) ;
#8412 = CARTESIAN_POINT ( 'NONE',  ( -28.99999999999999645, -6.182493482009135808E-15, 39.23820061220084199 ) ) ;
#8413 = DIRECTION ( 'NONE',  ( 0.000000000000000000, 3.469446951953605354E-14, 1.000000000000000000 ) ) ;
#8414 = ORIENTED_EDGE ( 'NONE', *, *, #8340, .F. ) ;
#8415 = CARTESIAN_POINT ( 'NONE',  ( 0.06068387364375531223, -26.39197468402216984, -2.044154031085577472 ) ) ;
#8416 = DIRECTION ( 'NONE',  ( 1.000000000000000000, -0.000000000000000000, -0.000000000000000000 ) ) ;
#8417 = DIRECTION ( 'NONE',  ( 0.000000000000000000, 0.000000000000000000, -1.000000000000000000 ) ) ;
#8418 = AXIS2_PLACEMENT_3D ( 'NONE', #45, #774, #1661 ) ;
#8419 = DIRECTION ( 'NONE',  ( -1.000000000000000000, 0.000000000000000000, -0.000000000000000000 ) ) ;
#8420 = CARTESIAN_POINT ( 'NONE',  ( 0.4397376543209871591, -12.93689319417712902, -7.248190509814549820 ) ) ;
#8421 = CARTESIAN_POINT ( 'NONE',  ( 0.4397376543083739153, -3.278424396816002950, -7.050583519783613085 ) ) ;
#8422 = ORIENTED_EDGE ( 'NONE', *, *, #6628, .F. ) ;
#8423 = AXIS2_PLACEMENT_3D ( 'NONE', #7746, #6407, #6261 ) ;
#8424 = DIRECTION ( 'NONE',  ( 0.000000000000000000, 0.000000000000000000, 1.000000000000000000 ) ) ;
#8425 = CARTESIAN_POINT ( 'NONE',  ( -29.00000000000000355, -38.62909343994983402, -37.90066631520363671 ) ) ;
#8426 = ADVANCED_FACE ( 'NONE', ( #2423 ), #3061, .T. ) ;
#8427 = CARTESIAN_POINT ( 'NONE',  ( 0.1096714448634279332, -36.39999999999999147, -2.000000000000000444 ) ) ;
#8428 = ADVANCED_FACE ( 'NONE', ( #2374 ), #5361, .F. ) ;
#8429 = ORIENTED_EDGE ( 'NONE', *, *, #4472, .F. ) ;
#8430 = ADVANCED_BREP_SHAPE_REPRESENTATION ( 'Patella_v3_template_Default_sldprt', ( #5512, #6187 ), #3860 ) ;
#8431 = CARTESIAN_POINT ( 'NONE',  ( -16.29999999999999716, -2.000000000000000444, 26.93611525448112687 ) ) ;
#8432 = DIRECTION ( 'NONE',  ( 0.000000000000000000, 5.204170427930408030E-14, 1.000000000000000000 ) ) ;
#8433 = EDGE_LOOP ( 'NONE', ( #5681, #4423, #8513, #9624, #3841, #5645 ) ) ;
#8434 = LINE ( 'NONE', #3229, #8065 ) ;
#8435 = CARTESIAN_POINT ( 'NONE',  ( -10.56388474551888024, -37.39999999999999147, 44.99999999999999289 ) ) ;
#8436 = EDGE_CURVE ( 'NONE', #1294, #680, #9535, .T. ) ;
#8437 = EDGE_CURVE ( 'NONE', #6465, #620, #1994, .T. ) ;
#8438 = CARTESIAN_POINT ( 'NONE',  ( -16.30057803175161979, -37.40000000000178204, 25.79898515781873414 ) ) ;
#8439 = AXIS2_PLACEMENT_3D ( 'NONE', #5747, #8013, #1933 ) ;
#8440 = CARTESIAN_POINT ( 'NONE',  ( -9.399999999999996803, -31.39999999999998437, 15.44670777265314499 ) ) ;
#8441 = CARTESIAN_POINT ( 'NONE',  ( -12.70000000000000107, -39.34794535333663390, 43.52349576871855419 ) ) ;
#8442 = CARTESIAN_POINT ( 'NONE',  ( 0.1273818268664173858, -3.435594687365107980, -9.992956699080146166 ) ) ;
#8443 = VECTOR ( 'NONE', #3245, 1000.000000000000000 ) ;
#8444 = LINE ( 'NONE', #7945, #8168 ) ;
#8445 = AXIS2_PLACEMENT_3D ( 'NONE', #7889, #1152, #4012 ) ;
#8446 = CARTESIAN_POINT ( 'NONE',  ( -14.30000000000000604, -39.40000000000000568, -24.79999999999999716 ) ) ;
#8447 = CARTESIAN_POINT ( 'NONE',  ( 0.09999999999999939493, -26.39999999999999858, -2.500000000000000000 ) ) ;
#8448 = EDGE_LOOP ( 'NONE', ( #1404, #9527, #686, #6202 ) ) ;
#8449 = ORIENTED_EDGE ( 'NONE', *, *, #1620, .T. ) ;
#8450 = CARTESIAN_POINT ( 'NONE',  ( -17.30754390480573690, 8.673617379884035472E-16, 31.98534499598951797 ) ) ;
#8451 = DIRECTION ( 'NONE',  ( 1.000000000000000000, 0.000000000000000000, 0.000000000000000000 ) ) ;
#8452 = ORIENTED_EDGE ( 'NONE', *, *, #5326, .T. ) ;
#8453 = EDGE_CURVE ( 'NONE', #834, #5355, #7710, .T. ) ;
#8454 = VECTOR ( 'NONE', #3858, 1000.000000000000000 ) ;
#8455 = DIRECTION ( 'NONE',  ( 1.000000000000000000, 1.084202172485504434E-16, -0.000000000000000000 ) ) ;
#8456 = DIRECTION ( 'NONE',  ( -0.000000000000000000, -0.8660254037844309360, -0.5000000000000134337 ) ) ;
#8457 = CARTESIAN_POINT ( 'NONE',  ( 0.4397376543209868260, -12.99674658458354060, -7.434550690765602710 ) ) ;
#8458 = CARTESIAN_POINT ( 'NONE',  ( -16.30000000000000426, -41.37000000000000455, -26.93611525448111621 ) ) ;
#8459 = DIRECTION ( 'NONE',  ( 0.000000000000000000, -1.734723475976810250E-14, 1.000000000000000000 ) ) ;
#8460 = CARTESIAN_POINT ( 'NONE',  ( -14.29999999999999716, -1.751244922780714709E-15, 24.80000000000001137 ) ) ;
#8461 = ORIENTED_EDGE ( 'NONE', *, *, #2351, .F. ) ;
#8462 = CARTESIAN_POINT ( 'NONE',  ( 0.3264917695474066628, -3.500000000000000888, -10.00000000000000000 ) ) ;
#8463 = EDGE_LOOP ( 'NONE', ( #4960, #2948, #4931, #1273 ) ) ;
#8464 = CARTESIAN_POINT ( 'NONE',  ( 0.04656666964083311377, -3.408362075685478665, -10.01546646835998366 ) ) ;
#8465 = EDGE_LOOP ( 'NONE', ( #7612, #1386, #7740, #7118 ) ) ;
#8466 = ADVANCED_FACE ( 'NONE', ( #6226 ), #2562, .F. ) ;
#8467 = CARTESIAN_POINT ( 'NONE',  ( -16.29999999999999716, -31.49999999999999289, -15.61991285341003888 ) ) ;
#8468 = CARTESIAN_POINT ( 'NONE',  ( 0.03864744970013807290, -2.978967490600264778, -9.626195056398410443 ) ) ;
#8469 = CARTESIAN_POINT ( 'NONE',  ( -36.24999999999999289, -39.40000000000000568, -43.00000000000000000 ) ) ;
#8470 = CARTESIAN_POINT ( 'NONE',  ( 0.000000000000000000, -13.09999999999999964, -10.09999999999999964 ) ) ;
#8471 = CARTESIAN_POINT ( 'NONE',  ( -16.19999999999999929, -31.39999999999999147, -15.44670777265315031 ) ) ;
#8472 = CARTESIAN_POINT ( 'NONE',  ( 0.3492235992443365467, -3.369126057820360565, -7.013013661665841170 ) ) ;
#8473 = ORIENTED_EDGE ( 'NONE', *, *, #7884, .F. ) ;
#8474 = DIRECTION ( 'NONE',  ( -1.000000000000000000, 0.000000000000000000, 9.251858538542972814E-17 ) ) ;
#8475 = CARTESIAN_POINT ( 'NONE',  ( 0.2132458847696240833, -3.499999999999999556, -7.000000000000000000 ) ) ;
#8476 = ADVANCED_FACE ( 'NONE', ( #7759 ), #7856, .F. ) ;
#8477 = CARTESIAN_POINT ( 'NONE',  ( 0.1040424905731437977, -36.37392668309181687, -2.160276005948170486 ) ) ;
#8478 = CIRCLE ( 'NONE', #6418, 0.1000000000000000611 ) ;
#8479 = ORIENTED_EDGE ( 'NONE', *, *, #7738, .F. ) ;
#8480 = CARTESIAN_POINT ( 'NONE',  ( 7.500000000000000000, -3.499999999999998668, -9.500000000000000000 ) ) ;
#8481 = DIRECTION ( 'NONE',  ( 1.000000000000000000, 0.000000000000000000, 0.000000000000000000 ) ) ;
#8482 = ORIENTED_EDGE ( 'NONE', *, *, #1410, .T. ) ;
#8483 = EDGE_CURVE ( 'NONE', #1122, #2668, #4204, .T. ) ;
#8484 = CARTESIAN_POINT ( 'NONE',  ( -3.252606517456513302E-16, -36.50000000000000711, -2.600000000000000089 ) ) ;
#8485 = CARTESIAN_POINT ( 'NONE',  ( -16.19999999999999929, -26.25000000000000000, -6.526646113673439054 ) ) ;
#8486 = CARTESIAN_POINT ( 'NONE',  ( 0.1626308742702486376, -26.48381352873796146, -2.263544808776881911 ) ) ;
#8487 = CARTESIAN_POINT ( 'NONE',  ( -0.4211166686416565885, -37.39999999999999147, 37.60022389614809413 ) ) ;
#8488 = AXIS2_PLACEMENT_3D ( 'NONE', #7068, #349, #2614 ) ;
#8489 = FACE_OUTER_BOUND ( 'NONE', #1615, .T. ) ;
#8490 = CARTESIAN_POINT ( 'NONE',  ( 0.2307051779623306709, -3.351381831059155658, -9.964320558406829065 ) ) ;
#8491 = CC_DESIGN_DATE_AND_TIME_ASSIGNMENT ( #4169, #2660, ( #7944 ) ) ;
#8492 = LINE ( 'NONE', #1666, #2051 ) ;
#8493 = VECTOR ( 'NONE', #7444, 1000.000000000000114 ) ;
#8494 = CARTESIAN_POINT ( 'NONE',  ( -9.399999999999998579, -31.39999999999999147, -3.553292227346871446 ) ) ;
#8495 = CARTESIAN_POINT ( 'NONE',  ( 0.03864744970013841291, -26.37896749060026380, -2.126195056398408223 ) ) ;
#8496 = ORIENTED_EDGE ( 'NONE', *, *, #3968, .T. ) ;
#8497 = ORIENTED_EDGE ( 'NONE', *, *, #9221, .T. ) ;
#8498 = CARTESIAN_POINT ( 'NONE',  ( -24.30166560838316059, -4.375213244215259457E-13, 37.22329248587636386 ) ) ;
#8499 = CARTESIAN_POINT ( 'NONE',  ( 0.1110213742457509256, -35.94945873841564321, 2.499876370928020730 ) ) ;
#8500 = ORIENTED_EDGE ( 'NONE', *, *, #3305, .T. ) ;
#8501 = DIRECTION ( 'NONE',  ( 0.000000000000000000, 1.000000000000000000, 0.000000000000000000 ) ) ;
#8502 = DIRECTION ( 'NONE',  ( -4.625929269271491954E-17, 0.8660254037844383745, -0.5000000000000004441 ) ) ;
#8503 = VECTOR ( 'NONE', #1809, 1000.000000000000000 ) ;
#8504 = DIRECTION ( 'NONE',  ( 1.224646799147353454E-16, -1.000000000000000000, 0.000000000000000000 ) ) ;
#8505 = EDGE_CURVE ( 'NONE', #664, #2631, #6549, .T. ) ;
#8506 = CARTESIAN_POINT ( 'NONE',  ( 0.09292053344146887495, -35.89999999999999858, 2.499999999999980460 ) ) ;
#8507 = CARTESIAN_POINT ( 'NONE',  ( -19.02436944546088782, 8.420689594547384393E-16, 37.24745481558161941 ) ) ;
#8508 = ORIENTED_EDGE ( 'NONE', *, *, #9015, .F. ) ;
#8509 = DIRECTION ( 'NONE',  ( -1.000000000000000000, -1.224646799147353454E-16, 0.000000000000000000 ) ) ;
#8510 = ORIENTED_EDGE ( 'NONE', *, *, #5475, .T. ) ;
#8511 = DIRECTION ( 'NONE',  ( -1.000000000000000000, 0.000000000000000000, 0.000000000000000000 ) ) ;
#8512 = DIRECTION ( 'NONE',  ( 1.000000000000000000, -0.000000000000000000, -9.251858538542972814E-17 ) ) ;
#8513 = ORIENTED_EDGE ( 'NONE', *, *, #9553, .F. ) ;
#8514 = CARTESIAN_POINT ( 'NONE',  ( 0.05425391871290600326, -26.38893142795262037, -2.063381038143781598 ) ) ;
#8515 = CARTESIAN_POINT ( 'NONE',  ( -16.19999999999999574, -8.099999999999994316, 6.119912853410037989 ) ) ;
#8516 = LINE ( 'NONE', #219, #6710 ) ;
#8517 = CARTESIAN_POINT ( 'NONE',  ( 7.500000000000003553, -19.69999999999999929, -7.000000000000000000 ) ) ;
#8518 = EDGE_CURVE ( 'NONE', #108, #7821, #4028, .T. ) ;
#8519 = CARTESIAN_POINT ( 'NONE',  ( 0.4397376543209871591, -12.99674658458354060, -7.434550690765602710 ) ) ;
#8520 = CARTESIAN_POINT ( 'NONE',  ( 0.1292045091308245686, -3.226976154087881188, -7.083861469973830260 ) ) ;
#8521 = VERTEX_POINT ( 'NONE', #1967 ) ;
#8522 = DIRECTION ( 'NONE',  ( -1.000000000000000000, 0.000000000000000000, 9.251858538542972814E-17 ) ) ;
#8523 = DIRECTION ( 'NONE',  ( 1.000000000000000000, 1.224646799147353454E-16, -0.000000000000000000 ) ) ;
#8524 = AXIS2_PLACEMENT_3D ( 'NONE', #9159, #995, #8419 ) ;
#8525 = B_SPLINE_CURVE_WITH_KNOTS ( 'NONE', 3,
 ( #81, #6058, #4594, #5333 ),
 .UNSPECIFIED., .F., .F.,
 ( 4, 4 ),
 ( 0.000000000000000000, 1.000000000000000000 ),
 .UNSPECIFIED. ) ;
#8526 = CARTESIAN_POINT ( 'NONE',  ( 0.1338167715949709902, -36.37418873662535646, -2.144406453145613067 ) ) ;
#8527 =( BOUNDED_CURVE ( )  B_SPLINE_CURVE ( 3, ( #4738, #229, #320, #9218 ),
 .UNSPECIFIED., .F., .F. ) 
 B_SPLINE_CURVE_WITH_KNOTS ( ( 4, 4 ),
 ( 4.712388980384689674, 5.622667918412837196 ),
 .UNSPECIFIED. ) 
 CURVE ( )  GEOMETRIC_REPRESENTATION_ITEM ( )  RATIONAL_B_SPLINE_CURVE ( ( 1.000000000000000000, 0.9321331520445472751, 0.9321331520445472751, 1.000000000000000000 ) ) 
 REPRESENTATION_ITEM ( '' )  );
#8528 = ORIENTED_EDGE ( 'NONE', *, *, #3018, .T. ) ;
#8529 = CARTESIAN_POINT ( 'NONE',  ( -20.01974387893084995, -26.92333333332080869, 36.58951261808174849 ) ) ;
#8530 = EDGE_CURVE ( 'NONE', #3068, #2197, #6275, .T. ) ;
#8531 = ORIENTED_EDGE ( 'NONE', *, *, #923, .F. ) ;
#8532 = CARTESIAN_POINT ( 'NONE',  ( 0.003146909516428730326, -36.32428403040585607, -2.570714005488085263 ) ) ;
#8533 = CARTESIAN_POINT ( 'NONE',  ( 0.1622123029556849505, -26.46685756458462180, -2.236719089917411196 ) ) ;
#8534 = CARTESIAN_POINT ( 'NONE',  ( -17.31561912243113710, -2.000000000000110134, -32.00514982076563797 ) ) ;
#8535 = CARTESIAN_POINT ( 'NONE',  ( -0.4211166702769065240, -39.39999999999999147, 37.60022389583021152 ) ) ;
#8536 = EDGE_CURVE ( 'NONE', #2163, #228, #1376, .T. ) ;
#8537 = CARTESIAN_POINT ( 'NONE',  ( 0.1016644731461530532, -26.46601190604611986, 2.294349322735679486 ) ) ;
#8538 = LINE ( 'NONE', #3333, #6447 ) ;
#8539 = CARTESIAN_POINT ( 'NONE',  ( 0.4397376543209871036, -36.29983342119909651, 2.307273359987456196 ) ) ;
#8540 = AXIS2_PLACEMENT_3D ( 'NONE', #860, #6106, #7493 ) ;
#8541 = CARTESIAN_POINT ( 'NONE',  ( -36.25000000000000000, -4.770489558936219510E-15, 41.24999999999999289 ) ) ;
#8542 = LINE ( 'NONE', #3974, #3713 ) ;
#8543 = EDGE_LOOP ( 'NONE', ( #1931, #8500, #1336, #6845 ) ) ;
#8544 = CARTESIAN_POINT ( 'NONE',  ( -19.89233838121794307, 1.328568929385580899E-15, 37.78109700155477668 ) ) ;
#8545 = CARTESIAN_POINT ( 'NONE',  ( 0.05120542390930207799, -35.96765473264172641, 2.511275788773619233 ) ) ;
#8546 = VECTOR ( 'NONE', #4529, 1000.000000000000000 ) ;
#8547 = ORIENTED_EDGE ( 'NONE', *, *, #9123, .F. ) ;
#8548 = CARTESIAN_POINT ( 'NONE',  ( -16.19999999999999929, -36.54999999999999005, -12.47335388632658493 ) ) ;
#8549 = DIRECTION ( 'NONE',  ( -1.000000000000000000, 0.000000000000000000, -0.000000000000000000 ) ) ;
#8550 = PERSON_AND_ORGANIZATION ( #7610, #8559 ) ;
#8551 = CONICAL_SURFACE ( 'NONE', #7609, 3.350000000000000089, 0.7853981633974664867 ) ;
#8552 = DIRECTION ( 'NONE',  ( 1.000000000000000000, -0.000000000000000000, -9.251858538542972814E-17 ) ) ;
#8553 = CARTESIAN_POINT ( 'NONE',  ( 0.08499371964341086161, -35.90454903814983822, 2.500928681822879973 ) ) ;
#8554 = CARTESIAN_POINT ( 'NONE',  ( 0.4397376543465725263, -26.63900667061835748, 2.446113451804906358 ) ) ;
#8555 = EDGE_LOOP ( 'NONE', ( #5595, #7482, #5103, #3351 ) ) ;
#8556 = B_SPLINE_CURVE_WITH_KNOTS ( 'NONE', 3,
 ( #2554, #1760, #8349, #7608, #5535, #2414, #5489, #7701, #876, #6913, #6264, #5351, #4018 ),
 .UNSPECIFIED., .F., .F.,
 ( 4, 2, 2, 1, 2, 2, 4 ),
 ( 0.000000000000000000, 0.2499999999999836797, 0.4999999999999673594, 0.6249999999999591438, 0.6874999999999551470, 0.7499999999999510392, 1.000000000000000000 ),
 .UNSPECIFIED. ) ;
#8557 = DIRECTION ( 'NONE',  ( 1.000000000000000000, -0.000000000000000000, -0.000000000000000000 ) ) ;
#8558 = VERTEX_POINT ( 'NONE', #3392 ) ;
#8559 = ORGANIZATION ( 'UNSPECIFIED', 'UNSPECIFIED', '' ) ;
#8560 = CARTESIAN_POINT ( 'NONE',  ( 0.3492235992579431625, -12.63087394217963855, -9.986986338334157054 ) ) ;
#8561 = DIRECTION ( 'NONE',  ( -1.000000000000000000, 0.000000000000000000, 0.000000000000000000 ) ) ;
#8562 = ORIENTED_EDGE ( 'NONE', *, *, #9390, .T. ) ;
#8563 = ADVANCED_FACE ( 'NONE', ( #7952 ), #295, .T. ) ;
#8564 = ADVANCED_FACE ( 'NONE', ( #487 ), #1072, .F. ) ;
#8565 = CARTESIAN_POINT ( 'NONE',  ( 0.2477958869730390035, -26.68744368821650426, 2.435554297812755120 ) ) ;
#8566 = PLANE ( 'NONE',  #7968 ) ;
#8567 = DIRECTION ( 'NONE',  ( 1.734723475976817507E-14, 6.938893903907270030E-14, 1.000000000000000000 ) ) ;
#8568 = CARTESIAN_POINT ( 'NONE',  ( -9.400000000000000355, -50.41297632095822934, -18.42496546954735237 ) ) ;
#8569 = CARTESIAN_POINT ( 'NONE',  ( -29.00000000000000711, -0.05205464666337179802, -38.97650423128142450 ) ) ;
#8570 = CARTESIAN_POINT ( 'NONE',  ( 0.1731227113179027721, -3.173883401120319636, -7.136842550577480182 ) ) ;
#8571 = ORIENTED_EDGE ( 'NONE', *, *, #3728, .T. ) ;
#8572 = CARTESIAN_POINT ( 'NONE',  ( -16.19999999999999929, -26.25000000000000000, 6.526646113673430172 ) ) ;
#8573 = CARTESIAN_POINT ( 'NONE',  ( 0.3264917695396050146, -35.89999999999999858, -2.500000000000000000 ) ) ;
#8574 = CARTESIAN_POINT ( 'NONE',  ( -11.16859269804687926, -2.418643749391795689E-12, -44.99964900137960200 ) ) ;
#8575 = CIRCLE ( 'NONE', #728, 0.09999999999999939493 ) ;
#8576 = ORIENTED_EDGE ( 'NONE', *, *, #3844, .F. ) ;
#8577 = EDGE_CURVE ( 'NONE', #4341, #5540, #6863, .T. ) ;
#8578 = B_SPLINE_CURVE_WITH_KNOTS ( 'NONE', 3,
 ( #8659, #8753, #7219, #8008, #497, #9342, #2026, #4224, #2763, #3494 ),
 .UNSPECIFIED., .F., .F.,
 ( 4, 2, 2, 2, 4 ),
 ( 0.000000000000000000, 0.2500000000000000000, 0.5000000000000000000, 0.7500000000000000000, 1.000000000000000000 ),
 .UNSPECIFIED. ) ;
#8579 = CARTESIAN_POINT ( 'NONE',  ( -16.29999999999999716, -41.37000000000001165, 24.80000000000001137 ) ) ;
#8580 = EDGE_LOOP ( 'NONE', ( #726, #5883, #9198, #2320 ) ) ;
#8581 = CIRCLE ( 'NONE', #2145, 2.000000000000001776 ) ;
#8582 = DIRECTION ( 'NONE',  ( 9.251858538542972814E-17, -1.144620646656884724E-15, 1.000000000000000000 ) ) ;
#8583 = CARTESIAN_POINT ( 'NONE',  ( -9.399999999999998579, -36.54999999999999005, -6.526646113673450600 ) ) ;
#8584 = CARTESIAN_POINT ( 'NONE',  ( 0.1691767755004355833, -3.081585794628298292, -7.232857145457031400 ) ) ;
#8585 = CARTESIAN_POINT ( 'NONE',  ( 0.4397376543209853272, -26.50247164320785487, -2.304977400188409575 ) ) ;
#8586 = CARTESIAN_POINT ( 'NONE',  ( -18.08826055566279578, -1.999999999999999556, -33.47288705674494480 ) ) ;
#8587 = ADVANCED_FACE ( 'NONE', ( #4075 ), #4956, .T. ) ;
#8588 = CARTESIAN_POINT ( 'NONE',  ( -1.234363574992395574, -39.39999999999999147, 39.98206230515148007 ) ) ;
#8589 = CARTESIAN_POINT ( 'NONE',  ( 7.500000000000000888, -3.500000000000000000, -9.500000000000000000 ) ) ;
#8590 = CARTESIAN_POINT ( 'NONE',  ( 0.1972545340980161044, -3.470879057304710358, -10.00000000000000178 ) ) ;
#8591 = CARTESIAN_POINT ( 'NONE',  ( 0.1116050639548641643, -12.54936376333698433, -7.000076733652930372 ) ) ;
#8592 = AXIS2_PLACEMENT_3D ( 'NONE', #3123, #1598, #6892 ) ;
#8593 = AXIS2_PLACEMENT_3D ( 'NONE', #7772, #8512, #7220 ) ;
#8594 = CARTESIAN_POINT ( 'NONE',  ( -16.00551917241679689, -39.39999999999999858, -33.88323340963330566 ) ) ;
#8595 = CARTESIAN_POINT ( 'NONE',  ( 0.09999999999999939493, -36.39999999999999858, 2.000000000000000000 ) ) ;
#8596 = ORIENTED_EDGE ( 'NONE', *, *, #6396, .T. ) ;
#8597 = CARTESIAN_POINT ( 'NONE',  ( -28.49458556913664964, -39.40000000001576552, 37.50000000377357168 ) ) ;
#8598 = CARTESIAN_POINT ( 'NONE',  ( 0.1064843488393840965, -35.95123626899960101, 2.499233996686441639 ) ) ;
#8599 = ORIENTED_EDGE ( 'NONE', *, *, #6617, .T. ) ;
#8600 = ADVANCED_FACE ( 'NONE', ( #578 ), #5781, .T. ) ;
#8601 = CARTESIAN_POINT ( 'NONE',  ( 0.02117323960651203152, -3.004060726068797038, -7.004060726068535914 ) ) ;
#8602 = APPROVAL_ROLE ( '' ) ;
#8603 = AXIS2_PLACEMENT_3D ( 'NONE', #8403, #4665, #7667 ) ;
#8604 = LINE ( 'NONE', #1224, #184 ) ;
#8605 = AXIS2_PLACEMENT_3D ( 'NONE', #325, #8631, #7694 ) ;
#8606 = CARTESIAN_POINT ( 'NONE',  ( -9.399999999999998579, -13.15000000000000391, -2.973353886326565831 ) ) ;
#8607 = CARTESIAN_POINT ( 'NONE',  ( 0.4397376543465725818, -26.76910030610042313, 2.500000000000000000 ) ) ;
#8608 = ORIENTED_EDGE ( 'NONE', *, *, #8536, .F. ) ;
#8609 = AXIS2_PLACEMENT_3D ( 'NONE', #5516, #9304, #4043 ) ;
#8610 = CARTESIAN_POINT ( 'NONE',  ( 0.2132458847738279151, -3.500000000000001776, -10.00000000000000000 ) ) ;
#8611 = ORIENTED_EDGE ( 'NONE', *, *, #8505, .F. ) ;
#8612 = CARTESIAN_POINT ( 'NONE',  ( 0.1377446656018990467, -12.65101288803819024, -9.975555208470998636 ) ) ;
#8613 = DIRECTION ( 'NONE',  ( 1.000000000000000000, 0.000000000000000000, -9.251858538542971581E-17 ) ) ;
#8614 = ORIENTED_EDGE ( 'NONE', *, *, #371, .T. ) ;
#8615 = CARTESIAN_POINT ( 'NONE',  ( 0.1358053004297802013, -26.74766938685914752, 2.475615648332618601 ) ) ;
#8616 = DIRECTION ( 'NONE',  ( 1.000000000000000000, 1.084202172485504434E-16, -0.000000000000000000 ) ) ;
#8617 = DIRECTION ( 'NONE',  ( 4.625929269271493186E-17, 0.8660254037844381525, 0.5000000000000007772 ) ) ;
#8618 = AXIS2_PLACEMENT_3D ( 'NONE', #5901, #4435, #1491 ) ;
#8619 = CARTESIAN_POINT ( 'NONE',  ( -16.19999999999999929, -31.39999999999998437, 3.553292227346870558 ) ) ;
#8620 = CARTESIAN_POINT ( 'NONE',  ( 0.1348964429323601666, -12.97427382651861905, -7.355919531426442504 ) ) ;
#8621 = CARTESIAN_POINT ( 'NONE',  ( 0.1632753398104776488, -3.236646990282824099, -7.083810750787064237 ) ) ;
#8622 = VERTEX_POINT ( 'NONE', #2108 ) ;
#8623 = CARTESIAN_POINT ( 'NONE',  ( -16.29999999999999716, -13.25000000000000000, -3.146558967083448177 ) ) ;
#8624 = CARTESIAN_POINT ( 'NONE',  ( -6.166671595224654467, -1.999999999999999112, -44.23602326421812592 ) ) ;
#8625 = EDGE_LOOP ( 'NONE', ( #2561, #8366, #8851, #8571, #1794, #6933 ) ) ;
#8626 = CARTESIAN_POINT ( 'NONE',  ( -3.288040446215910162E-17, -12.91136274870297207, -6.931439541882842725 ) ) ;
#8627 = EDGE_CURVE ( 'NONE', #3068, #8354, #6675, .T. ) ;
#8628 = B_SPLINE_CURVE_WITH_KNOTS ( 'NONE', 3,
 ( #6537, #9454, #511, #3610, #1393, #1246, #3509, #5025, #464, #8772, #8676, #4240, #6446, #4929, #1341, #4387, #1944, #9500, #7931, #1992, #3558, #1195, #8823, #4195, #7980, #5710, #1292, #6639 ),
 .UNSPECIFIED., .F., .F.,
 ( 4, 2, 2, 2, 2, 2, 2, 2, 2, 2, 2, 2, 2, 4 ),
 ( 0.000000000000000000, 0.002242387767528309338, 0.004484775535056618676, 0.005605969418820783319, 0.006727163302584947963, 0.007287760244467020310, 0.007848357186349092657, 0.008969551070113221738, 0.01009074495387735082, 0.01121193883764147990, 0.01233313272140560898, 0.01345432660516973807, 0.01569671437269799449, 0.01793910214022625266 ),
 .UNSPECIFIED. ) ;
#8629 = EDGE_CURVE ( 'NONE', #8279, #8087, #7972, .T. ) ;
#8630 = DIRECTION ( 'NONE',  ( 0.000000000000000000, 0.000000000000000000, 1.000000000000000000 ) ) ;
#8631 = DIRECTION ( 'NONE',  ( -3.871990935462746774E-14, 0.8660254037844405950, -0.4999999999999967804 ) ) ;
#8632 = CARTESIAN_POINT ( 'NONE',  ( 0.1273818268669527631, -3.007043300729696611, -7.435594687346358533 ) ) ;
#8633 = CARTESIAN_POINT ( 'NONE',  ( 0.4397376543209853272, -26.45058351978361344, -2.221575603183997494 ) ) ;
#8634 = CARTESIAN_POINT ( 'NONE',  ( 0.08614084120614960705, -35.95605788033562078, -2.497235511504278360 ) ) ;
#8635 = CARTESIAN_POINT ( 'NONE',  ( -28.49450704992579730, -39.40000000000000568, 39.50000000000002132 ) ) ;
#8636 = CARTESIAN_POINT ( 'NONE',  ( 0.07942278206049450950, -26.68964284578765600, 2.489352755989612920 ) ) ;
#8637 = CYLINDRICAL_SURFACE ( 'NONE', #2230, 2.000000000000001776 ) ;
#8638 = CARTESIAN_POINT ( 'NONE',  ( 0.07490148841600346996, -12.71035177685005380, -7.016461269617122909 ) ) ;
#8639 = ADVANCED_FACE ( 'NONE', ( #8144 ), #8790, .F. ) ;
#8640 = CARTESIAN_POINT ( 'NONE',  ( -16.53710567915464225, -39.40000000000003411, -34.75303614988858669 ) ) ;
#8641 = CARTESIAN_POINT ( 'NONE',  ( -12.70000000000000107, -1.476504231281440260, 44.94794535333663532 ) ) ;
#8642 = ORIENTED_EDGE ( 'NONE', *, *, #1961, .T. ) ;
#8643 = VECTOR ( 'NONE', #8213, 1000.000000000000000 ) ;
#8644 = CARTESIAN_POINT ( 'NONE',  ( -22.60251704231894010, 0.000000000000000000, 36.78072303363793338 ) ) ;
#8645 = AXIS2_PLACEMENT_3D ( 'NONE', #2110, #5097, #7303 ) ;
#8646 = CARTESIAN_POINT ( 'NONE',  ( 0.1318643616674064212, -36.05607622854140004, 2.475661496222161251 ) ) ;
#8647 = ORIENTED_EDGE ( 'NONE', *, *, #1907, .F. ) ;
#8648 = CARTESIAN_POINT ( 'NONE',  ( 0.003146909516429331841, -2.929285994511915625, -7.075715969594144283 ) ) ;
#8649 = PERSON_AND_ORGANIZATION ( #7610, #8559 ) ;
#8650 = CIRCLE ( 'NONE', #182, 0.09999999999999982514 ) ;
#8651 = CARTESIAN_POINT ( 'NONE',  ( 0.09667812241404302731, -2.999947167676058069, -9.500316993943641819 ) ) ;
#8652 = CARTESIAN_POINT ( 'NONE',  ( 7.500000000000000000, -26.89999999999999858, 2.000000000000000000 ) ) ;
#8653 = ADVANCED_FACE ( 'NONE', ( #5733 ), #7407, .T. ) ;
#8654 = CARTESIAN_POINT ( 'NONE',  ( -14.32297851990015225, 1.733344992733844965E-15, -26.83199425945899463 ) ) ;
#8655 = ORIENTED_EDGE ( 'NONE', *, *, #8215, .T. ) ;
#8656 = FACE_BOUND ( 'NONE', #4390, .T. ) ;
#8657 = ORIENTED_EDGE ( 'NONE', *, *, #7738, .T. ) ;
#8658 = ORIENTED_EDGE ( 'NONE', *, *, #5367, .T. ) ;
#8659 = CARTESIAN_POINT ( 'NONE',  ( -12.69999999999999929, -2.000000000000003109, -45.00000000000001421 ) ) ;
#8660 = CARTESIAN_POINT ( 'NONE',  ( 0.03864744970013792719, -26.77380494360158991, -2.521032509399734334 ) ) ;
#8661 = ORIENTED_EDGE ( 'NONE', *, *, #4078, .T. ) ;
#8662 = AXIS2_PLACEMENT_3D ( 'NONE', #1268, #7906, #6468 ) ;
#8663 = CARTESIAN_POINT ( 'NONE',  ( 0.4397376543465725263, -26.67842439681600197, 2.449416480216386471 ) ) ;
#8664 = VECTOR ( 'NONE', #3653, 1000.000000000000000 ) ;
#8665 = CYLINDRICAL_SURFACE ( 'NONE', #8439, 0.09999999999999939493 ) ;
#8666 = PLANE ( 'NONE',  #4360 ) ;
#8667 = EDGE_CURVE ( 'NONE', #7437, #2911, #8763, .T. ) ;
#8668 = DIRECTION ( 'NONE',  ( 9.251858538542971581E-17, 0.000000000000000000, 1.000000000000000000 ) ) ;
#8669 = CARTESIAN_POINT ( 'NONE',  ( 0.1057360778045351585, -12.99999495009553385, -7.475333317456235527 ) ) ;
#8670 = CARTESIAN_POINT ( 'NONE',  ( -16.29999999999999716, -26.14999999999999858, 6.353441032916542497 ) ) ;
#8671 = EDGE_CURVE ( 'NONE', #6472, #7642, #5768, .T. ) ;
#8672 = ORIENTED_EDGE ( 'NONE', *, *, #4551, .T. ) ;
#8673 = CARTESIAN_POINT ( 'NONE',  ( -5.228499190760139350E-17, -13.06856045811715994, -7.088637251297031483 ) ) ;
#8674 = DIRECTION ( 'NONE',  ( 1.000000000000000000, -0.000000000000000000, -0.000000000000000000 ) ) ;
#8675 = CARTESIAN_POINT ( 'NONE',  ( -36.25000000000000000, -2.000000000000003997, -41.24999999999999289 ) ) ;
#8676 = CARTESIAN_POINT ( 'NONE',  ( -3.112376117803063558, 1.745704087930486130E-15, -39.26821579854707522 ) ) ;
#8677 = ORIENTED_EDGE ( 'NONE', *, *, #7777, .F. ) ;
#8678 = DIRECTION ( 'NONE',  ( 0.000000000000000000, 1.000000000000000000, 0.000000000000000000 ) ) ;
#8679 = DIRECTION ( 'NONE',  ( 0.000000000000000000, 0.000000000000000000, 1.000000000000000000 ) ) ;
#8680 = CARTESIAN_POINT ( 'NONE',  ( 0.1610282814175896804, -3.081667160270737060, -7.230553012632407572 ) ) ;
#8681 = B_SPLINE_CURVE_WITH_KNOTS ( 'NONE', 3,
 ( #4859, #4080, #4762, #4669, #6927, #6969, #2613, #5502, #3985, #2568, #8553, #8506, #9245 ),
 .UNSPECIFIED., .F., .F.,
 ( 4, 1, 2, 2, 2, 2, 4 ),
 ( 0.000000000000000000, 0.1250000000000354439, 0.1875000000000536793, 0.2500000000000718869, 0.5000000000000479616, 0.7500000000000239808, 1.000000000000000000 ),
 .UNSPECIFIED. ) ;
#8682 = CARTESIAN_POINT ( 'NONE',  ( 0.03864744970013872516, -36.42103250939973691, 2.126195056398410443 ) ) ;
#8683 = CARTESIAN_POINT ( 'NONE',  ( 0.2613586182600706742, -26.53628283586581205, -2.320334933866738947 ) ) ;
#8684 = CYLINDRICAL_SURFACE ( 'NONE', #9077, 3.350000000000000089 ) ;
#8685 = EDGE_CURVE ( 'NONE', #6718, #3836, #8290, .T. ) ;
#8686 = CARTESIAN_POINT ( 'NONE',  ( -2.462281447329215833, -39.39999999999999147, 37.53019199587364341 ) ) ;
#8687 = FACE_OUTER_BOUND ( 'NONE', #6683, .T. ) ;
#8688 = DIRECTION ( 'NONE',  ( 2.059018962583745294E-16, 0.000000000000000000, -1.000000000000000000 ) ) ;
#8689 = CARTESIAN_POINT ( 'NONE',  ( 0.1546677514842410561, -12.76561714609579568, -7.083773248678230772 ) ) ;
#8690 = CARTESIAN_POINT ( 'NONE',  ( -16.12967385426151878, -39.39999999999999147, -34.10441226884255883 ) ) ;
#8691 = DIRECTION ( 'NONE',  ( 0.000000000000000000, 0.000000000000000000, 1.000000000000000000 ) ) ;
#8692 = ORIENTED_EDGE ( 'NONE', *, *, #3896, .F. ) ;
#8693 = CARTESIAN_POINT ( 'NONE',  ( -24.32429328823571879, -39.40000000000002700, 37.22745148956398253 ) ) ;
#8694 = DIRECTION ( 'NONE',  ( 0.000000000000000000, 1.000000000000000000, 0.000000000000000000 ) ) ;
#8695 = ORIENTED_EDGE ( 'NONE', *, *, #3110, .F. ) ;
#8696 = CARTESIAN_POINT ( 'NONE',  ( -1.738200612200850426, -39.40000000000000568, -32.30000000000000426 ) ) ;
#8697 = EDGE_CURVE ( 'NONE', #2618, #8309, #6560, .T. ) ;
#8698 = CALENDAR_DATE ( 2026, 12, 9 ) ;
#8699 = CARTESIAN_POINT ( 'NONE',  ( -26.86388474551888450, -41.37000000000000455, -37.50000000000000000 ) ) ;
#8700 = DIRECTION ( 'NONE',  ( 0.000000000000000000, -0.4999999999999929501, 0.8660254037844427044 ) ) ;
#8701 = CARTESIAN_POINT ( 'NONE',  ( -20.59115817436635609, 1.245983173987850048E-15, -38.14327167908763272 ) ) ;
#8702 = VECTOR ( 'NONE', #3273, 1000.000000000000000 ) ;
#8703 = ORIENTED_EDGE ( 'NONE', *, *, #4771, .F. ) ;
#8704 = ORIENTED_EDGE ( 'NONE', *, *, #6274, .F. ) ;
#8705 = ORIENTED_EDGE ( 'NONE', *, *, #3987, .T. ) ;
#8706 = CARTESIAN_POINT ( 'NONE',  ( 0.2218872429220663522, -12.61211537900741497, -9.979171760879117059 ) ) ;
#8707 = CARTESIAN_POINT ( 'NONE',  ( 0.05779628573439548472, -26.84883063966253047, -2.509183272508662021 ) ) ;
#8708 = ORIENTED_EDGE ( 'NONE', *, *, #1199, .T. ) ;
#8709 = CARTESIAN_POINT ( 'NONE',  ( 0.1702994039502123691, -26.59288543271760119, 2.381286456264695151 ) ) ;
#8710 = TOROIDAL_SURFACE ( 'NONE', #3070, 1.750000000000000666, 2.000000000000000444 ) ;
#8711 = FACE_OUTER_BOUND ( 'NONE', #7, .T. ) ;
#8712 = ADVANCED_FACE ( 'NONE', ( #7357 ), #7508, .T. ) ;
#8713 = CARTESIAN_POINT ( 'NONE',  ( 0.1003027371078695218, -12.82838377863888724, -7.101799066234271152 ) ) ;
#8714 = AXIS2_PLACEMENT_3D ( 'NONE', #9436, #2394, #9697 ) ;
#8715 = DIRECTION ( 'NONE',  ( 1.224646799147353454E-16, -1.000000000000000000, 0.000000000000000000 ) ) ;
#8716 = CARTESIAN_POINT ( 'NONE',  ( -2.369539304372695110, -39.39999999999999147, 37.14453136172726033 ) ) ;
#8717 = SPHERICAL_SURFACE ( 'NONE', #3466, 0.5000000000000000000 ) ;
#8718 = AXIS2_PLACEMENT_3D ( 'NONE', #503, #7125, #6385 ) ;
#8719 = ORIENTED_EDGE ( 'NONE', *, *, #2063, .T. ) ;
#8720 = CARTESIAN_POINT ( 'NONE',  ( 0.4397376543092829104, -35.89999999999999858, -2.500000000000000000 ) ) ;
#8721 = CARTESIAN_POINT ( 'NONE',  ( -7.457732342368870171, -2.168404344971008868E-15, -44.59161677713223781 ) ) ;
#8722 = CARTESIAN_POINT ( 'NONE',  ( 0.02671071723242431778, -26.36969343397804622, -2.181839374490113226 ) ) ;
#8723 = DIRECTION ( 'NONE',  ( 0.000000000000000000, 0.000000000000000000, 1.000000000000000000 ) ) ;
#8724 = CARTESIAN_POINT ( 'NONE',  ( -7.840024572265000380, -8.220173254553812800E-16, 42.62702651590212355 ) ) ;
#8725 = ORIENTED_EDGE ( 'NONE', *, *, #5852, .F. ) ;
#8726 = DIRECTION ( 'NONE',  ( -1.000000000000000000, 0.000000000000000000, 0.000000000000000000 ) ) ;
#8727 = CARTESIAN_POINT ( 'NONE',  ( 0.07942278206049083189, -3.010647244010384860, -7.289642845787656533 ) ) ;
#8728 = CARTESIAN_POINT ( 'NONE',  ( 0.1063626799212627483, -3.000029885037473143, -7.475330494202922615 ) ) ;
#8729 = CARTESIAN_POINT ( 'NONE',  ( 0.1173859082339299281, -36.39294492550757809, 2.070102848855331690 ) ) ;
#8730 = CARTESIAN_POINT ( 'NONE',  ( 0.1408989033904002597, -26.71997019011531194, -2.461808474641320466 ) ) ;
#8731 = DIRECTION ( 'NONE',  ( 1.000000000000000000, -0.000000000000000000, -0.000000000000000000 ) ) ;
#8732 = DIRECTION ( 'NONE',  ( -1.000000000000000000, 0.000000000000000000, 0.000000000000000000 ) ) ;
#8733 = CARTESIAN_POINT ( 'NONE',  ( -3.719743878930847014, -41.37000000000000455, -44.08951261808173427 ) ) ;
#8734 = CIRCLE ( 'NONE', #105, 0.09999999999999982514 ) ;
#8735 = DIRECTION ( 'NONE',  ( 1.000000000000000000, -0.000000000000000000, -0.000000000000000000 ) ) ;
#8736 = CARTESIAN_POINT ( 'NONE',  ( 0.2056684512818792998, -12.60433007021376639, -7.022324825256082370 ) ) ;
#8737 = ADVANCED_FACE ( 'NONE', ( #6511 ), #8297, .T. ) ;
#8738 = CARTESIAN_POINT ( 'NONE',  ( -15.45567854328791846, -39.39999999999999147, -32.74481389630134487 ) ) ;
#8739 = CARTESIAN_POINT ( 'NONE',  ( -7.486316511028338283, -39.39999999999999147, -42.54197092165807703 ) ) ;
#8740 = CARTESIAN_POINT ( 'NONE',  ( -16.44784835472205842, -39.40000000000003411, 28.61148099981132376 ) ) ;
#8741 = CARTESIAN_POINT ( 'NONE',  ( 0.1251521357253180255, -36.31887686003739191, 2.280871888974107975 ) ) ;
#8742 = ORIENTED_EDGE ( 'NONE', *, *, #6749, .F. ) ;
#8743 = CARTESIAN_POINT ( 'NONE',  ( -16.29999999999999716, -13.15000000000000391, -2.973353886326565831 ) ) ;
#8744 = CARTESIAN_POINT ( 'NONE',  ( -36.24999999999999289, -37.40000000000000568, -45.00000000000000000 ) ) ;
#8745 = CARTESIAN_POINT ( 'NONE',  ( 0.1117293984879186713, -3.000233011597144728, -9.549437240538996008 ) ) ;
#8746 = CARTESIAN_POINT ( 'NONE',  ( -9.050000000000016698, -8.000000000000000000, -1.224646799147353256E-15 ) ) ;
#8747 = CARTESIAN_POINT ( 'NONE',  ( -26.98045690461578161, 2.663844636308541039E-15, -39.47741507685113760 ) ) ;
#8748 = EDGE_CURVE ( 'NONE', #3802, #905, #6397, .T. ) ;
#8749 = VERTEX_POINT ( 'NONE', #4409 ) ;
#8750 = ORIENTED_EDGE ( 'NONE', *, *, #8330, .F. ) ;
#8751 = EDGE_LOOP ( 'NONE', ( #6154, #9155, #7419, #1021 ) ) ;
#8752 = CARTESIAN_POINT ( 'NONE',  ( 0.03864744970013872516, -36.42103250939973691, 2.126195056398410443 ) ) ;
#8753 = CARTESIAN_POINT ( 'NONE',  ( -12.69999999999999929, -1.738200612200853312, -45.00000000000002842 ) ) ;
#8754 = CARTESIAN_POINT ( 'NONE',  ( -23.97715929082792385, 2.047777114319887558E-15, -39.20160109292951489 ) ) ;
#8755 = ORIENTED_EDGE ( 'NONE', *, *, #6405, .T. ) ;
#8756 = CIRCLE ( 'NONE', #4040, 0.09999999999999939493 ) ;
#8757 = CARTESIAN_POINT ( 'NONE',  ( 0.3593798439731863414, -26.64944148586478434, 2.433889893952247974 ) ) ;
#8758 = DIRECTION ( 'NONE',  ( 0.000000000000000000, 0.000000000000000000, -1.000000000000000000 ) ) ;
#8759 = AXIS2_PLACEMENT_3D ( 'NONE', #7078, #7028, #9303 ) ;
#8760 = LINE ( 'NONE', #1934, #609 ) ;
#8761 = VECTOR ( 'NONE', #6307, 1000.000000000000000 ) ;
#8762 = DIRECTION ( 'NONE',  ( 9.251858538542972814E-17, 0.000000000000000000, 1.000000000000000000 ) ) ;
#8763 = CIRCLE ( 'NONE', #4518, 0.2000000000000000944 ) ;
#8764 = CARTESIAN_POINT ( 'NONE',  ( -1.999999999999999556, -39.39999999999999858, 32.30000000000000426 ) ) ;
#8765 = CARTESIAN_POINT ( 'NONE',  ( -9.300000000000000711, -36.54999999999999005, -12.47335388632658315 ) ) ;
#8766 = EDGE_CURVE ( 'NONE', #7390, #6189, #1362, .T. ) ;
#8767 = ORIENTED_EDGE ( 'NONE', *, *, #9515, .T. ) ;
#8768 = DIRECTION ( 'NONE',  ( 0.000000000000000000, 0.000000000000000000, 1.000000000000000000 ) ) ;
#8769 = CARTESIAN_POINT ( 'NONE',  ( -11.95355944941323045, -2.000000000000650147, -45.00000000000002842 ) ) ;
#8770 = FACE_OUTER_BOUND ( 'NONE', #433, .T. ) ;
#8771 = CIRCLE ( 'NONE', #8609, 0.09999999999999939493 ) ;
#8772 = CARTESIAN_POINT ( 'NONE',  ( -3.029954680100005238, -2.611413252467617430E-15, -39.09951369564186763 ) ) ;
#8773 = CARTESIAN_POINT ( 'NONE',  ( -1.526043011140225003, -8.173235619800738252E-14, 40.56629833358962856 ) ) ;
#8774 = EDGE_CURVE ( 'NONE', #8126, #928, #5876, .T. ) ;
#8775 = DIRECTION ( 'NONE',  ( -1.734723475976807834E-16, 1.000000000000000000, 0.000000000000000000 ) ) ;
#8776 = DIRECTION ( 'NONE',  ( 0.000000000000000000, 0.5000000000000134337, 0.8660254037844309360 ) ) ;
#8777 = CARTESIAN_POINT ( 'NONE',  ( 0.1045514108771808809, -3.000100498188903675, -7.475185334072406818 ) ) ;
#8778 = CARTESIAN_POINT ( 'NONE',  ( -36.24999999999999289, -37.40000000000000568, -43.00000000000000000 ) ) ;
#8779 = CARTESIAN_POINT ( 'NONE',  ( 0.09935175248315067376, -35.89999999999999147, -2.500000000000000000 ) ) ;
#8780 = FACE_OUTER_BOUND ( 'NONE', #152, .T. ) ;
#8781 = DIRECTION ( 'NONE',  ( 0.000000000000000000, 1.000000000000000000, 0.000000000000000000 ) ) ;
#8782 = EDGE_CURVE ( 'NONE', #6825, #6819, #5470, .T. ) ;
#8783 = CARTESIAN_POINT ( 'NONE',  ( -4.157795018607449933, -39.39999999999999147, -43.29648096426821269 ) ) ;
#8784 = CARTESIAN_POINT ( 'NONE',  ( 0.3431889183911233099, -12.63087394217963855, -7.013013661665841170 ) ) ;
#8785 = CARTESIAN_POINT ( 'NONE',  ( -16.39513934518021543, -39.39999999999999147, -34.53890328917516683 ) ) ;
#8786 = DIRECTION ( 'NONE',  ( -1.000000000000000000, 0.000000000000000000, 9.251858538542972814E-17 ) ) ;
#8787 = CARTESIAN_POINT ( 'NONE',  ( -20.17424477412944483, -37.39999999999999147, 35.61004066513387301 ) ) ;
#8788 = CARTESIAN_POINT ( 'NONE',  ( 0.4397376543209871036, -36.20497740018841171, 2.397528356792145487 ) ) ;
#8789 = ORIENTED_EDGE ( 'NONE', *, *, #773, .T. ) ;
#8790 = SPHERICAL_SURFACE ( 'NONE', #7502, 0.1000000000000000056 ) ;
#8791 = VECTOR ( 'NONE', #7936, 1000.000000000000000 ) ;
#8792 = CC_DESIGN_PERSON_AND_ORGANIZATION_ASSIGNMENT ( #8649, #1872, ( #7930 ) ) ;
#8793 = FACE_OUTER_BOUND ( 'NONE', #1539, .T. ) ;
#8794 = CARTESIAN_POINT ( 'NONE',  ( 0.1162514195726022381, -3.116363386583518746, -9.819256152363051271 ) ) ;
#8795 = CARTESIAN_POINT ( 'NONE',  ( -9.399999999999998579, -14.42340301106568035, 5.760734985006045861 ) ) ;
#8796 = AXIS2_PLACEMENT_3D ( 'NONE', #3733, #831, #3687 ) ;
#8797 = CARTESIAN_POINT ( 'NONE',  ( -14.60309053326704642, 1.764439858031084588E-15, -29.84850086636519961 ) ) ;
#8798 = AXIS2_PLACEMENT_3D ( 'NONE', #3656, #5846, #3457 ) ;
#8799 = ORIENTED_EDGE ( 'NONE', *, *, #4260, .F. ) ;
#8800 = ORIENTED_EDGE ( 'NONE', *, *, #5784, .T. ) ;
#8801 = EDGE_LOOP ( 'NONE', ( #6523, #8078, #1497, #1050 ) ) ;
#8802 = CARTESIAN_POINT ( 'NONE',  ( 0.4397376543209871036, -36.39999999999999858, 2.000000000000000000 ) ) ;
#8803 = CARTESIAN_POINT ( 'NONE',  ( 0.1205805181786623465, -12.88134955973609586, -9.817594809371334108 ) ) ;
#8804 = CARTESIAN_POINT ( 'NONE',  ( -20.69639967515624335, -1.999999999999999556, -35.93804747916176723 ) ) ;
#8805 = VERTEX_POINT ( 'NONE', #2257 ) ;
#8806 = CARTESIAN_POINT ( 'NONE',  ( 0.3512029723561785888, -26.42553694770510120, 2.161107829181092566 ) ) ;
#8807 = CARTESIAN_POINT ( 'NONE',  ( -16.20000000000000284, -2.650000000000009681, -37.50000000000000711 ) ) ;
#8808 = VECTOR ( 'NONE', #546, 1000.000000000000000 ) ;
#8809 = FACE_OUTER_BOUND ( 'NONE', #4613, .T. ) ;
#8810 = EDGE_CURVE ( 'NONE', #108, #4581, #3430, .T. ) ;
#8811 = CIRCLE ( 'NONE', #5028, 0.09999999999999982514 ) ;
#8812 = FACE_BOUND ( 'NONE', #4223, .T. ) ;
#8813 = CARTESIAN_POINT ( 'NONE',  ( -3.701766601965195136, -39.39999999999999858, 40.23686923753685818 ) ) ;
#8814 = LINE ( 'NONE', #458, #5962 ) ;
#8815 = VERTEX_POINT ( 'NONE', #4652 ) ;
#8816 = TOROIDAL_SURFACE ( 'NONE', #6289, 0.2000000000000000111, 0.1000000000000000056 ) ;
#8817 = CARTESIAN_POINT ( 'NONE',  ( -15.52909343994983438, -0.4006663152036411546, -24.79999999999999361 ) ) ;
#8818 = EDGE_LOOP ( 'NONE', ( #4965, #2092, #2280, #8972 ) ) ;
#8819 = CARTESIAN_POINT ( 'NONE',  ( -0.4211166686414120619, -2.000000000000001776, -37.60022389614682936 ) ) ;
#8820 = DIRECTION ( 'NONE',  ( 0.000000000000000000, -0.8660254037844384856, -0.5000000000000002220 ) ) ;
#8821 = B_SPLINE_CURVE_WITH_KNOTS ( 'NONE', 3,
 ( #752, #2432, #3805, #5464 ),
 .UNSPECIFIED., .F., .F.,
 ( 4, 4 ),
 ( 0.000000000000000000, 1.000000000000000000 ),
 .UNSPECIFIED. ) ;
#8822 = EDGE_CURVE ( 'NONE', #6782, #6189, #9549, .T. ) ;
#8823 = CARTESIAN_POINT ( 'NONE',  ( -7.851852470324351962, 1.779600369624870112E-15, -42.62956845573449272 ) ) ;
#8824 = AXIS2_PLACEMENT_3D ( 'NONE', #1956, #4942, #3478 ) ;
#8825 = CARTESIAN_POINT ( 'NONE',  ( -12.69999999999999929, -2.000000000000000888, 45.00000000000000000 ) ) ;
#8826 = ORIENTED_EDGE ( 'NONE', *, *, #8011, .F. ) ;
#8827 = VERTEX_POINT ( 'NONE', #6022 ) ;
#8828 = CARTESIAN_POINT ( 'NONE',  ( -9.299999999999997158, -6.311379332023911992, 10.93162966890553101 ) ) ;
#8829 = CARTESIAN_POINT ( 'NONE',  ( 0.08499356123474935409, -13.00092870496222552, -9.504549396703001918 ) ) ;
#8830 = CARTESIAN_POINT ( 'NONE',  ( -9.299999999999997158, -9.388620667976093515, 16.26156800992583840 ) ) ;
#8831 = CARTESIAN_POINT ( 'NONE',  ( 0.1329836695908568622, -36.37424855831810078, 2.145073221929483687 ) ) ;
#8832 = CARTESIAN_POINT ( 'NONE',  ( 0.1671941796525290846, -36.13541978749373129, -2.433099920339488520 ) ) ;
#8833 = EDGE_CURVE ( 'NONE', #4366, #4049, #7666, .T. ) ;
#8834 = CARTESIAN_POINT ( 'NONE',  ( 0.000000000000000000, -26.92333333333333556, -34.43611525448112332 ) ) ;
#8835 = CARTESIAN_POINT ( 'NONE',  ( -0.4083832213225166430, -37.39999999999999147, -37.54226765792483178 ) ) ;
#8836 = VERTEX_POINT ( 'NONE', #4502 ) ;
#8837 = CARTESIAN_POINT ( 'NONE',  ( 0.1702525853898499419, -12.80701486428614011, -7.118689876204705058 ) ) ;
#8838 = DIRECTION ( 'NONE',  ( 1.000000000000000000, 0.000000000000000000, 0.000000000000000000 ) ) ;
#8839 = CARTESIAN_POINT ( 'NONE',  ( -16.19999999999999929, -26.14999999999998792, -12.64655896708346283 ) ) ;
#8840 = CARTESIAN_POINT ( 'NONE',  ( -18.42732104032834073, -39.39999999999999147, 36.81632892700075388 ) ) ;
#8841 = EDGE_CURVE ( 'NONE', #3897, #9344, #8923, .T. ) ;
#8842 = CARTESIAN_POINT ( 'NONE',  ( 0.1042409956021477790, -36.18702711570031738, 2.420122340164146291 ) ) ;
#8843 = ORIENTED_EDGE ( 'NONE', *, *, #1150, .T. ) ;
#8844 = CARTESIAN_POINT ( 'NONE',  ( 0.03864744970013568592, -3.373804943601577566, -6.978967490600266110 ) ) ;
#8845 = FACE_OUTER_BOUND ( 'NONE', #1986, .T. ) ;
#8846 = CARTESIAN_POINT ( 'NONE',  ( 0.2613586182725334828, -3.136282837193857809, -9.820334934191601306 ) ) ;
#8847 = DIRECTION ( 'NONE',  ( -1.000000000000000000, 0.000000000000000000, 0.000000000000000000 ) ) ;
#8848 = DIRECTION ( 'NONE',  ( 1.000000000000000000, -0.000000000000000000, -9.251858538542972814E-17 ) ) ;
#8849 = VERTEX_POINT ( 'NONE', #4605 ) ;
#8850 = EDGE_LOOP ( 'NONE', ( #9435, #5696, #6245, #586 ) ) ;
#8851 = ORIENTED_EDGE ( 'NONE', *, *, #8530, .T. ) ;
#8852 = CARTESIAN_POINT ( 'NONE',  ( -16.20000000000000284, -36.75000000000000000, -37.49999999999999289 ) ) ;
#8853 = CARTESIAN_POINT ( 'NONE',  ( 0.1032641237548807822, -12.92237514963988154, -9.792362806155662014 ) ) ;
#8854 = CARTESIAN_POINT ( 'NONE',  ( -9.399999999999998579, -31.39999999999998437, 3.553292227346867449 ) ) ;
#8855 = ORIENTED_EDGE ( 'NONE', *, *, #5397, .F. ) ;
#8856 = CARTESIAN_POINT ( 'NONE',  ( 0.1293346990642480487, -26.48177044542645220, 2.279132468255093968 ) ) ;
#8857 = DIRECTION ( 'NONE',  ( 1.000000000000000000, 0.000000000000000000, 0.000000000000000000 ) ) ;
#8858 = CARTESIAN_POINT ( 'NONE',  ( -9.050000000000016698, -8.000000000000000000, 3.349999999999998757 ) ) ;
#8859 = B_SPLINE_CURVE_WITH_KNOTS ( 'NONE', 3,
 ( #6750, #5384, #2352, #8287 ),
 .UNSPECIFIED., .F., .F.,
 ( 4, 4 ),
 ( 0.000000000000000000, 1.000000000000000000 ),
 .UNSPECIFIED. ) ;
#8860 = CARTESIAN_POINT ( 'NONE',  ( -40.00000000000000000, -31.39999999999999858, 9.500000000000001776 ) ) ;
#8861 = CARTESIAN_POINT ( 'NONE',  ( -3.937049046307821154, -39.39999999999999147, 40.52877424847345367 ) ) ;
#8862 = CARTESIAN_POINT ( 'NONE',  ( -16.29999999999999361, -39.39999999999999147, 24.13000000000000611 ) ) ;
#8863 = ORIENTED_EDGE ( 'NONE', *, *, #5037, .F. ) ;
#8864 = EDGE_CURVE ( 'NONE', #4567, #7300, #4054, .T. ) ;
#8865 = CARTESIAN_POINT ( 'NONE',  ( 0.4397376543092829104, -36.39999999999999858, -2.000000000000000000 ) ) ;
#8866 = ORIENTED_EDGE ( 'NONE', *, *, #3408, .T. ) ;
#8867 = CARTESIAN_POINT ( 'NONE',  ( -2.157038816438694440, -2.584455633993659402E-15, -36.04917974613191944 ) ) ;
#8868 = VECTOR ( 'NONE', #8523, 1000.000000000000000 ) ;
#8869 = CARTESIAN_POINT ( 'NONE',  ( 0.003146909516445578828, -26.32928599451195240, -2.424284030405415180 ) ) ;
#8870 = CARTESIAN_POINT ( 'NONE',  ( -16.19999999999999929, -26.25000000000000000, 12.47335388632657427 ) ) ;
#8871 = CARTESIAN_POINT ( 'NONE',  ( -6.097649643163879141, 8.044851872755327589E-14, 44.21263258075774161 ) ) ;
#8872 = CIRCLE ( 'NONE', #9487, 0.1000000000000002554 ) ;
#8873 = ORIENTED_EDGE ( 'NONE', *, *, #3521, .F. ) ;
#8874 = VERTEX_POINT ( 'NONE', #2411 ) ;
#8875 = CARTESIAN_POINT ( 'NONE',  ( -40.00000000000000000, -31.39999999999999858, -6.150000000000010125 ) ) ;
#8876 = CARTESIAN_POINT ( 'NONE',  ( 0.09871115433697436048, -2.999993698114653551, -7.499962188687925746 ) ) ;
#8877 = EDGE_CURVE ( 'NONE', #3059, #5312, #2500, .T. ) ;
#8878 = CARTESIAN_POINT ( 'NONE',  ( 0.1179760393990045564, -36.39295109870737832, 2.069904709371436891 ) ) ;
#8879 = CARTESIAN_POINT ( 'NONE',  ( 0.1631203768375095453, -36.31834722388215653, -2.268831593956531556 ) ) ;
#8880 = VECTOR ( 'NONE', #2078, 1000.000000000000000 ) ;
#8881 = CARTESIAN_POINT ( 'NONE',  ( -9.300000000000002487, -26.14999999999999147, -12.47335388632657249 ) ) ;
#8882 = CARTESIAN_POINT ( 'NONE',  ( -4.372986502180896906, -37.39999999999999147, -43.42552910865204296 ) ) ;
#8883 = EDGE_LOOP ( 'NONE', ( #1175, #4447, #6895, #5935 ) ) ;
#8884 = CARTESIAN_POINT ( 'NONE',  ( 0.3494036068076178392, -12.93689319417712724, -7.248190509814549820 ) ) ;
#8885 = CARTESIAN_POINT ( 'NONE',  ( -14.29999999999999893, -39.39999999999999858, 24.80000000000001492 ) ) ;
#8886 = CARTESIAN_POINT ( 'NONE',  ( -5.731784201452934546, -39.39999999999999858, -41.88762388219694088 ) ) ;
#8887 = ADVANCED_FACE ( 'NONE', ( #193 ), #1255, .T. ) ;
#8888 = CARTESIAN_POINT ( 'NONE',  ( -16.57670751501921913, -37.39999999999999147, 29.49833439139122504 ) ) ;
#8889 = CARTESIAN_POINT ( 'NONE',  ( 0.1749093433609371917, -36.28154344655983010, 2.307518013750178731 ) ) ;
#8890 = ORIENTED_EDGE ( 'NONE', *, *, #9516, .T. ) ;
#8891 = CARTESIAN_POINT ( 'NONE',  ( 8.000000000000000000, -26.39999999999999858, 2.000000000000000000 ) ) ;
#8892 = AXIS2_PLACEMENT_3D ( 'NONE', #6246, #177, #4050 ) ;
#8893 = DIRECTION ( 'NONE',  ( -9.251858538542975279E-17, -5.723103233284423621E-16, -1.000000000000000000 ) ) ;
#8894 = CARTESIAN_POINT ( 'NONE',  ( 0.3735402191820604290, -3.123306594103818945, -9.830413375290365963 ) ) ;
#8895 = DIRECTION ( 'NONE',  ( -1.734723475976807834E-16, 1.000000000000000000, 0.000000000000000000 ) ) ;
#8896 = CARTESIAN_POINT ( 'NONE',  ( 0.04678215019871776598, -35.99030790058148455, -2.515259601088014385 ) ) ;
#8897 = CIRCLE ( 'NONE', #1198, 0.1000000000000000611 ) ;
#8899 = ORIENTED_EDGE ( 'NONE', *, *, #9553, .T. ) ;
#8898 = ADVANCED_FACE ( 'NONE', ( #3426 ), #5574, .F. ) ;
#8900 = ORIENTED_EDGE ( 'NONE', *, *, #6150, .T. ) ;
#8901 = ORIENTED_EDGE ( 'NONE', *, *, #8685, .F. ) ;
#8902 = DIRECTION ( 'NONE',  ( 1.000000000000000000, -0.000000000000000000, -0.000000000000000000 ) ) ;
#8903 = CARTESIAN_POINT ( 'NONE',  ( 0.2559330417391618706, -12.92138555585152382, -9.745883794634538688 ) ) ;
#8904 = CARTESIAN_POINT ( 'NONE',  ( -19.26109671082613772, 1.761328377842073422E-15, -37.40486065482112110 ) ) ;
#8905 = ORIENTED_EDGE ( 'NONE', *, *, #1409, .T. ) ;
#8906 = CARTESIAN_POINT ( 'NONE',  ( 0.1801998528149205137, -26.51836830390381650, 2.306897777633495572 ) ) ;
#8907 = DIRECTION ( 'NONE',  ( 1.000000000000000000, -0.000000000000000000, -0.000000000000000000 ) ) ;
#8908 = CARTESIAN_POINT ( 'NONE',  ( -16.29999999999999716, -31.29999999999998650, -3.380087146589988212 ) ) ;
#8909 = CARTESIAN_POINT ( 'NONE',  ( 0.4397376543209853272, -26.86726917631052203, -2.500000000000000000 ) ) ;
#8910 = CYLINDRICAL_SURFACE ( 'NONE', #1744, 0.09999999999999939493 ) ;
#8911 = CARTESIAN_POINT ( 'NONE',  ( 0.003146909516437329350, -13.07071400548806750, -7.075715969594149612 ) ) ;
#8912 = VECTOR ( 'NONE', #4437, 1000.000000000000000 ) ;
#8913 = ORIENTED_EDGE ( 'NONE', *, *, #4981, .F. ) ;
#8914 = CARTESIAN_POINT ( 'NONE',  ( 8.000000000000000000, -26.39999999999999858, -2.000000000000000000 ) ) ;
#8915 = VERTEX_POINT ( 'NONE', #3378 ) ;
#8916 = CARTESIAN_POINT ( 'NONE',  ( 0.000000000000000000, -1.999999999999999112, -33.05227832648509434 ) ) ;
#8917 = CARTESIAN_POINT ( 'NONE',  ( -9.299999999999997158, -36.54999999999999005, 12.47335388632656894 ) ) ;
#8918 = FACE_OUTER_BOUND ( 'NONE', #5005, .T. ) ;
#8919 = CARTESIAN_POINT ( 'NONE',  ( -2.660910679305761306, -4.467360898984267152E-16, 38.19521929986277087 ) ) ;
#8920 = VECTOR ( 'NONE', #5043, 1000.000000000000000 ) ;
#8921 = ORIENTED_EDGE ( 'NONE', *, *, #8685, .T. ) ;
#8922 = ORIENTED_EDGE ( 'NONE', *, *, #5092, .T. ) ;
#8923 = B_SPLINE_CURVE_WITH_KNOTS ( 'NONE', 3,
 ( #4698, #8389, #6070, #7696, #6908, #7507, #8296, #1663, #3729, #1616 ),
 .UNSPECIFIED., .F., .F.,
 ( 4, 2, 2, 2, 4 ),
 ( 0.000000000000000000, 0.2500000000000000000, 0.5000000000000000000, 0.7500000000000000000, 1.000000000000000000 ),
 .UNSPECIFIED. ) ;
#8924 = CARTESIAN_POINT ( 'NONE',  ( -9.299999999999998934, -2.749999999999999556, -2.973353886326579598 ) ) ;
#8925 = CARTESIAN_POINT ( 'NONE',  ( -16.30000000000000071, -39.40000000000000568, -37.49999999999999289 ) ) ;
#8926 = CARTESIAN_POINT ( 'NONE',  ( -2.001056710143803041, -4.289580949860895429E-16, 33.79305298114564948 ) ) ;
#8927 = AXIS2_PLACEMENT_3D ( 'NONE', #9039, #3000, #3047 ) ;
#8928 = CARTESIAN_POINT ( 'NONE',  ( 0.1617473519408499649, -36.31833678606044202, -2.269232036700838062 ) ) ;
#8929 = EDGE_CURVE ( 'NONE', #7912, #2866, #4925, .T. ) ;
#8930 = CARTESIAN_POINT ( 'NONE',  ( 0.09999999999999939493, -2.999999999999999556, -9.500000000000000000 ) ) ;
#8931 = CARTESIAN_POINT ( 'NONE',  ( -5.880257261372862310, -39.40000000000000568, -41.96043611108805038 ) ) ;
#8932 = ORIENTED_EDGE ( 'NONE', *, *, #6300, .F. ) ;
#8933 = CARTESIAN_POINT ( 'NONE',  ( 0.1640615903089758243, -12.91836178724564199, -7.231660684474049638 ) ) ;
#8934 = CARTESIAN_POINT ( 'NONE',  ( -28.00101484218399506, -37.40000000000178204, -37.49942196824844132 ) ) ;
#8935 = CARTESIAN_POINT ( 'NONE',  ( -2.080315676631613098, -39.39999999999999147, -35.30512382579715336 ) ) ;
#8936 = CARTESIAN_POINT ( 'NONE',  ( -16.55254518439206990, -39.39999999999999147, 34.77563055456105445 ) ) ;
#8937 = CARTESIAN_POINT ( 'NONE',  ( 0.1633952319301038292, -36.31835617815423234, 2.268532415283900150 ) ) ;
#8938 = VERTEX_POINT ( 'NONE', #3569 ) ;
#8939 = CARTESIAN_POINT ( 'NONE',  ( -16.29999999999999716, -31.44999999999998508, -15.64878036686952534 ) ) ;
#8940 = FACE_OUTER_BOUND ( 'NONE', #9187, .T. ) ;
#8941 = EDGE_CURVE ( 'NONE', #5982, #6541, #7979, .T. ) ;
#8942 = CARTESIAN_POINT ( 'NONE',  ( 0.1702994039225968204, -3.118713544307925911, -9.807114572893754101 ) ) ;
#8943 = CARTESIAN_POINT ( 'NONE',  ( -6.414047175871561812, -9.092904498194874714E-16, 42.19855296411797951 ) ) ;
#8944 = CARTESIAN_POINT ( 'NONE',  ( -29.00000000000000355, -37.66179938779914238, 37.50000000000000711 ) ) ;
#8945 = EDGE_LOOP ( 'NONE', ( #530, #8658, #8010 ) ) ;
#8946 = ORIENTED_EDGE ( 'NONE', *, *, #935, .T. ) ;
#8947 = ORIENTED_EDGE ( 'NONE', *, *, #5439, .T. ) ;
#8948 = CARTESIAN_POINT ( 'NONE',  ( 7.500000000000000000, -26.89999999999999858, -2.000000000000000000 ) ) ;
#8949 = AXIS2_PLACEMENT_3D ( 'NONE', #4201, #7193, #2346 ) ;
#8950 = CARTESIAN_POINT ( 'NONE',  ( 0.1390187199100852700, -12.81211768185068500, -9.881485083288982452 ) ) ;
#8951 = CARTESIAN_POINT ( 'NONE',  ( -19.37810705587778415, -1.999999999999999556, -34.99760044382630753 ) ) ;
#8952 = ORIENTED_EDGE ( 'NONE', *, *, #2018, .F. ) ;
#8953 = CARTESIAN_POINT ( 'NONE',  ( 0.1637735006267074800, -26.48164658710399166, 2.268645332832551986 ) ) ;
#8954 = DIRECTION ( 'NONE',  ( 0.000000000000000000, 0.8660254037844389297, 0.4999999999999994449 ) ) ;
#8955 = FACE_OUTER_BOUND ( 'NONE', #7684, .T. ) ;
#8956 = EDGE_CURVE ( 'NONE', #3504, #5355, #5613, .T. ) ;
#8957 = DIRECTION ( 'NONE',  ( 1.000000000000000000, 0.000000000000000000, 0.000000000000000000 ) ) ;
#8958 = CARTESIAN_POINT ( 'NONE',  ( -12.69999999999999929, -2.000000000000003109, 45.00000000000000000 ) ) ;
#8959 = CARTESIAN_POINT ( 'NONE',  ( 0.02117323960654676068, -12.99593927393104131, -7.004060726068538578 ) ) ;
#8960 = ORIENTED_EDGE ( 'NONE', *, *, #9079, .T. ) ;
#8961 = LINE ( 'NONE', #8218, #1211 ) ;
#8962 = ORIENTED_EDGE ( 'NONE', *, *, #595, .F. ) ;
#8963 = VECTOR ( 'NONE', #3655, 1000.000000000000114 ) ;
#8964 = CARTESIAN_POINT ( 'NONE',  ( -1.234363574993678991, -4.293317360109374893E-14, -39.98206230515408777 ) ) ;
#8965 = VECTOR ( 'NONE', #2035, 1000.000000000000000 ) ;
#8966 = CARTESIAN_POINT ( 'NONE',  ( 0.05779638019311635760, -12.55116910282314535, -6.990816773704971787 ) ) ;
#8967 = CARTESIAN_POINT ( 'NONE',  ( -20.59115817436636320, -39.39999999999999858, 38.14327167908763982 ) ) ;
#8968 = CARTESIAN_POINT ( 'NONE',  ( -16.30000000000000426, 1.969999999999999973, -26.93611525448111621 ) ) ;
#8969 = CARTESIAN_POINT ( 'NONE',  ( -12.69999999999999574, -38.40723796074178154, -44.74757277670851607 ) ) ;
#8970 = AXIS2_PLACEMENT_3D ( 'NONE', #3664, #5759, #2040 ) ;
#8971 = CARTESIAN_POINT ( 'NONE',  ( -16.19999999999999929, -36.54999999999999005, -6.526646113673447935 ) ) ;
#8972 = ORIENTED_EDGE ( 'NONE', *, *, #3073, .F. ) ;
#8973 = CARTESIAN_POINT ( 'NONE',  ( -9.399999999999998579, -13.14999999999999680, 2.973353886326580930 ) ) ;
#8974 = LINE ( 'NONE', #2838, #3370 ) ;
#8975 = CARTESIAN_POINT ( 'NONE',  ( -8.673617379884035472E-16, -3.035766082959412415E-15, 32.29999999999999716 ) ) ;
#8976 = CARTESIAN_POINT ( 'NONE',  ( 0.1205805181782740043, -36.23353349696277803, -2.365410872145135013 ) ) ;
#8977 = CIRCLE ( 'NONE', #4731, 0.1000000000000002554 ) ;
#8978 = CARTESIAN_POINT ( 'NONE',  ( -3.194853015956298887E-16, -36.31136274870297598, -2.568560458117161716 ) ) ;
#8979 = CARTESIAN_POINT ( 'NONE',  ( 0.000000000000000000, -37.39999999999999147, -32.30000000000001137 ) ) ;
#8980 = EDGE_LOOP ( 'NONE', ( #3696, #293, #8799, #7850 ) ) ;
#8981 = CARTESIAN_POINT ( 'NONE',  ( 0.1042409956021540796, -12.78702711570030459, -7.079877659835867476 ) ) ;
#8982 = FACE_OUTER_BOUND ( 'NONE', #6641, .T. ) ;
#8983 = CARTESIAN_POINT ( 'NONE',  ( 0.4397376543209853272, -26.39999999999999858, -2.000000000000000000 ) ) ;
#8984 = EDGE_CURVE ( 'NONE', #7665, #2911, #9018, .T. ) ;
#8985 = CARTESIAN_POINT ( 'NONE',  ( 0.1046862460741157796, -26.39999999999999147, -2.000000000000000000 ) ) ;
#8986 = CARTESIAN_POINT ( 'NONE',  ( 0.1336395998195825108, -36.37425709764293202, 2.144723139560716252 ) ) ;
#8987 = ORIENTED_EDGE ( 'NONE', *, *, #2567, .F. ) ;
#8988 = EDGE_CURVE ( 'NONE', #4659, #5057, #1061, .T. ) ;
#8989 = CARTESIAN_POINT ( 'NONE',  ( -7.526371661159620530, -39.39999999999999147, 42.55229725809299879 ) ) ;
#8990 = DIRECTION ( 'NONE',  ( -1.000000000000000000, -1.224646799147353454E-16, 0.000000000000000000 ) ) ;
#8991 = CARTESIAN_POINT ( 'NONE',  ( 0.1744340472656672192, -3.136872561403688309, -9.825987064708060714 ) ) ;
#8992 = CARTESIAN_POINT ( 'NONE',  ( -3.940110454565435738, -4.011594365741213978E-16, 40.53229793259615121 ) ) ;
#8993 = B_SPLINE_SURFACE_WITH_KNOTS ( 'NONE', 3, 3, ( 
 ( #7151, #3383, #524, #1910, #2700, #7099, #2791, #7992, #5775, #1114, #9324, #382 ),
 ( #478, #3523, #6459, #6360, #1957, #8591, #9466, #1861, #2745, #572, #5726, #6505 ),
 ( #3572, #8784, #8736, #9370, #2006, #2054, #2650, #7847, #1210, #5625, #5040, #8638 ),
 ( #4943, #4897, #1259, #9512, #3431, #1161, #7897, #4160, #4253, #8040, #428, #6409 ),
 ( #1306, #9419, #4114, #4302, #7295, #2602, #4846, #5678, #8689, #2846, #8981, #6016 ),
 ( #7400, #6554, #9612, #1458, #3041, #8837, #5236, #2994, #4351, #5868, #3722, #42 ),
 ( #5088, #5187, #7348, #9033, #2894, #8088, #2439, #8186, #5965, #621, #6604, #9562 ),
 ( #4448, #6701, #675, #1507, #5822, #5424, #3625, #4400, #3677, #6754, #2250, #2101 ),
 ( #8420, #8884, #9707, #8933, #1355, #1405, #770, #2148, #8239, #1694, #6654, #9659 ),
 ( #7448, #5138, #8138, #948, #4684, #2942, #5917, #4497, #7501, #2198, #721, #7681 ),
 ( #3773, #310, #9399, #6389, #8620, #3359, #1937, #2629, #7779, #5472, #2533, #9351 ),
 ( #8519, #6939, #3410, #3261, #2678, #1788, #6243, #3310, #1142, #4875, #7128, #5653 ),
 ( #1041, #221, #9258, #7082, #8669, #6339, #4921, #7923, #3216, #5518, #1887, #1838 ),
 ( #7879, #6196, #9208, #4776, #7730, #4140, #4047, #7032, #1740, #410, #5605, #3952 ) ),
 .UNSPECIFIED., .F., .F., .F.,
 ( 4, 2, 2, 2, 2, 2, 4 ),
 ( 4, 2, 2, 2, 2, 4 ),
 ( 0.000000000000000000, 0.2500000000000002776, 0.3749999999999998890, 0.4999999999999995004, 0.7500000000000000000, 0.8750000000000000000, 1.000000000000000000 ),
 ( 0.000000000000000000, 0.6966352309822219091, 0.7026526283037053400, 0.7093593172145288284, 0.7345558271094468905, 1.000000000000000000 ),
 .UNSPECIFIED. ) ;
#8994 = CARTESIAN_POINT ( 'NONE',  ( -9.299999999999998934, -13.15000000000000213, 9.033933693551513895E-15 ) ) ;
#8995 = CARTESIAN_POINT ( 'NONE',  ( 0.4397376543209853272, -26.73889217081890735, -2.474463052294900933 ) ) ;
#8996 = EDGE_LOOP ( 'NONE', ( #789, #6237, #8962, #587 ) ) ;
#8997 = AXIS2_PLACEMENT_3D ( 'NONE', #8619, #7778, #1885 ) ;
#8998 = ORIENTED_EDGE ( 'NONE', *, *, #535, .F. ) ;
#8999 = EDGE_LOOP ( 'NONE', ( #3009, #826, #6424, #1032 ) ) ;
#9000 = CARTESIAN_POINT ( 'NONE',  ( -16.12967385426195221, 8.836168111752300192E-16, 34.10441226884344701 ) ) ;
#9001 = CARTESIAN_POINT ( 'NONE',  ( 0.1686022889092350929, -12.76173284653845208, -9.916215200472148439 ) ) ;
#9002 = CARTESIAN_POINT ( 'NONE',  ( -16.14368759326229252, 1.751041090914858313E-15, -34.12858766977979741 ) ) ;
#9003 = VERTEX_POINT ( 'NONE', #9692 ) ;
#9004 = EDGE_CURVE ( 'NONE', #1178, #848, #7187, .T. ) ;
#9005 = CARTESIAN_POINT ( 'NONE',  ( 0.1453539120432731924, -26.42562401346329182, 2.139677614668179739 ) ) ;
#9006 = DIRECTION ( 'NONE',  ( 1.000000000000000000, 0.000000000000000000, 0.000000000000000000 ) ) ;
#9007 = DIRECTION ( 'NONE',  ( 1.000000000000000000, 1.084202172485504434E-16, 0.000000000000000000 ) ) ;
#9008 = LINE ( 'NONE', #2920, #5365 ) ;
#9009 = CARTESIAN_POINT ( 'NONE',  ( 0.09621752899302034312, -12.93047822441947758, -9.790848375130300596 ) ) ;
#9010 = CARTESIAN_POINT ( 'NONE',  ( 0.000000000000000000, -13.09999999999999964, -6.900000000000003020 ) ) ;
#9011 = ORIENTED_EDGE ( 'NONE', *, *, #5809, .T. ) ;
#9012 = CARTESIAN_POINT ( 'NONE',  ( -10.56388474551888024, -12.47666666666667190, 45.00000000000000711 ) ) ;
#9013 = CARTESIAN_POINT ( 'NONE',  ( 0.07258374882921456162, -3.481650670588480434, -10.00362228537389164 ) ) ;
#9014 = VERTEX_POINT ( 'NONE', #6738 ) ;
#9015 = EDGE_CURVE ( 'NONE', #3744, #4399, #1547, .T. ) ;
#9016 = CARTESIAN_POINT ( 'NONE',  ( -2.123080646308871611, 2.602085213965209853E-15, -41.47163060293889458 ) ) ;
#9017 = CARTESIAN_POINT ( 'NONE',  ( -36.25000000000000000, -2.000000000000007994, 45.00000000000000000 ) ) ;
#9018 = LINE ( 'NONE', #3809, #5774 ) ;
#9019 = CARTESIAN_POINT ( 'NONE',  ( -16.30000000000000426, -26.92333333332080514, -24.79999999999999716 ) ) ;
#9020 = CARTESIAN_POINT ( 'NONE',  ( -12.69999999999999929, -39.39999999999999858, -43.00000000000000000 ) ) ;
#9021 = AXIS2_PLACEMENT_3D ( 'NONE', #7207, #8694, #9285 ) ;
#9022 = CARTESIAN_POINT ( 'NONE',  ( 0.1128397414749568312, -3.450657167814621840, -7.000116973338800896 ) ) ;
#9023 = ORIENTED_EDGE ( 'NONE', *, *, #48, .F. ) ;
#9024 = CARTESIAN_POINT ( 'NONE',  ( -9.399999999999996803, -36.54999999999999005, 12.47335388632657249 ) ) ;
#9025 = VECTOR ( 'NONE', #4787, 999.9999999999998863 ) ;
#9026 = CARTESIAN_POINT ( 'NONE',  ( -12.69999999999999929, -25.59999999999999432, 45.00000000000000000 ) ) ;
#9027 = CARTESIAN_POINT ( 'NONE',  ( 0.2132458847762935261, -12.49999999999999645, -10.00000000000000000 ) ) ;
#9028 = CARTESIAN_POINT ( 'NONE',  ( 0.1637735006135584148, -36.31835341453617616, -2.268645332632550193 ) ) ;
#9029 = AXIS2_PLACEMENT_3D ( 'NONE', #1317, #7907, #9384 ) ;
#9030 = FACE_OUTER_BOUND ( 'NONE', #102, .T. ) ;
#9031 = CARTESIAN_POINT ( 'NONE',  ( 0.01382043241903910258, -13.04032147014745213, -9.741928820884714568 ) ) ;
#9032 = ORIENTED_EDGE ( 'NONE', *, *, #7712, .T. ) ;
#9033 = CARTESIAN_POINT ( 'NONE',  ( 0.1749158834380802330, -12.82587874085240287, -7.136879363199184922 ) ) ;
#9034 = CARTESIAN_POINT ( 'NONE',  ( -16.30000000000000426, -37.40000000000001279, -29.07223050896223882 ) ) ;
#9035 = CIRCLE ( 'NONE', #551, 0.5000000000000004441 ) ;
#9036 = CARTESIAN_POINT ( 'NONE',  ( -2.673541277110375702, -39.39999999999999147, -38.23249656825494469 ) ) ;
#9037 = CARTESIAN_POINT ( 'NONE',  ( 0.1111549592993714142, -26.40029129596834778, -2.049537619853384562 ) ) ;
#9038 = VERTEX_POINT ( 'NONE', #4534 ) ;
#9039 = CARTESIAN_POINT ( 'NONE',  ( -16.29999999999999716, -31.39999999999999147, 15.44670777265314676 ) ) ;
#9040 = CARTESIAN_POINT ( 'NONE',  ( 0.000000000000000000, -26.30000000000000071, 2.599999999999998312 ) ) ;
#9041 = CARTESIAN_POINT ( 'NONE',  ( 0.3476626957408039398, -3.370362188019802030, -9.983978110730983957 ) ) ;
#9042 = ADVANCED_FACE ( 'NONE', ( #8780 ), #2971, .F. ) ;
#9043 = CARTESIAN_POINT ( 'NONE',  ( -5.731784201452909677, -8.876693028371630095E-16, 41.88762388219692667 ) ) ;
#9044 = CARTESIAN_POINT ( 'NONE',  ( 0.1776268272250005331, -26.48694533294300868, 2.413054667056986791 ) ) ;
#9045 =( BOUNDED_SURFACE ( )  B_SPLINE_SURFACE ( 3, 2, ( 
 ( #3031, #6689, #8176 ),
 ( #2984, #5379, #5226 ),
 ( #7540, #5954, #7489 ),
 ( #2239, #6844, #174 ),
 ( #1551, #9115, #3078 ),
 ( #710, #9161, #8374 ) ),
 .UNSPECIFIED., .F., .F., .T. ) 
 B_SPLINE_SURFACE_WITH_KNOTS ( ( 4, 2, 4 ),
 ( 3, 3 ),
 ( 0.000000000000000000, 0.3694802558178697516, 0.7389605116357395032 ),
 ( 0.000000000000000000, 1.000000000000000000 ),
 .UNSPECIFIED. ) 
 GEOMETRIC_REPRESENTATION_ITEM ( )  RATIONAL_B_SPLINE_SURFACE ( (
 ( 1.000000000000000000, 1.000000000000000000, 1.000000000000000000),
 ( 1.000000000000000000, 1.000501889437300784, 1.000000000000000000),
 ( 1.000000000000000000, 0.9837683019806380269, 1.000000000000000000),
 ( 1.000000000000000000, 0.9206139212134261118, 1.000000000000000000),
 ( 1.000000000000000000, 0.8743186979496715416, 1.000000000000000000),
 ( 1.000000000000000000, 0.8295822873077987047, 1.000000000000000000) ) ) 
 REPRESENTATION_ITEM ( '' )  SURFACE ( )  );
#9046 = CARTESIAN_POINT ( 'NONE',  ( 0.4397376543209853272, -26.86726917631052203, -2.500000000000000000 ) ) ;
#9047 = ORIENTED_EDGE ( 'NONE', *, *, #1816, .T. ) ;
#9048 = EDGE_LOOP ( 'NONE', ( #3404, #9401, #7071, #4553 ) ) ;
#9049 = ORIENTED_EDGE ( 'NONE', *, *, #73, .F. ) ;
#9050 = CARTESIAN_POINT ( 'NONE',  ( -17.76097771631686584, -2.000000000000000000, 32.92382876914005152 ) ) ;
#9051 = CARTESIAN_POINT ( 'NONE',  ( 0.3400346600722505830, -12.99674658458353527, -9.565449309234397290 ) ) ;
#9052 = CARTESIAN_POINT ( 'NONE',  ( -16.32188489853317037, 1.734723475976807094E-15, -26.76048580608111038 ) ) ;
#9053 = ORIENTED_EDGE ( 'NONE', *, *, #3613, .F. ) ;
#9054 = CARTESIAN_POINT ( 'NONE',  ( -9.300000000000002487, -26.14999999999996660, -37.49999999999997868 ) ) ;
#9055 = CARTESIAN_POINT ( 'NONE',  ( -14.30000000000000071, -39.39999999999999858, -24.13000000000000611 ) ) ;
#9056 = CARTESIAN_POINT ( 'NONE',  ( 0.4397376543209868260, -13.00000000000000000, -7.467269176310513679 ) ) ;
#9057 = CARTESIAN_POINT ( 'NONE',  ( 0.05425391871458908055, -2.988931427953489539, -9.563381038138359713 ) ) ;
#9058 = VECTOR ( 'NONE', #5106, 1000.000000000000000 ) ;
#9059 = EDGE_CURVE ( 'NONE', #7983, #3116, #4249, .T. ) ;
#9060 = DIRECTION ( 'NONE',  ( 1.000000000000000000, -0.000000000000000000, -0.000000000000000000 ) ) ;
#9061 = CARTESIAN_POINT ( 'NONE',  ( 0.01648282397504849395, -13.04287669547735007, -7.242739824613349420 ) ) ;
#9062 = EDGE_LOOP ( 'NONE', ( #1031, #4372, #7805, #3740 ) ) ;
#9063 = CARTESIAN_POINT ( 'NONE',  ( 6.505213034913027590E-16, 1.969999999999994866, 36.57223050896223526 ) ) ;
#9064 = CARTESIAN_POINT ( 'NONE',  ( 0.2132458847738279151, -26.90000000000000213, -2.500000000000000000 ) ) ;
#9065 = ORIENTED_EDGE ( 'NONE', *, *, #4108, .T. ) ;
#9066 = DIRECTION ( 'NONE',  ( 4.625929269271475313E-17, -0.8660254037844393737, 0.4999999999999988898 ) ) ;
#9067 = CARTESIAN_POINT ( 'NONE',  ( -9.399999999999998579, -26.25000000000000355, 6.526646113673429284 ) ) ;
#9068 = CARTESIAN_POINT ( 'NONE',  ( -0.2499999999999863443, -8.000000000000000000, -1.224646799147353256E-15 ) ) ;
#9069 = DIRECTION ( 'NONE',  ( -1.000000000000000000, 0.000000000000000000, 0.000000000000000000 ) ) ;
#9070 = ADVANCED_FACE ( 'NONE', ( #5035 ), #1303, .F. ) ;
#9071 = CARTESIAN_POINT ( 'NONE',  ( 0.1227745131864754896, -3.449636097689716241, -7.000000000000003553 ) ) ;
#9072 = ORIENTED_EDGE ( 'NONE', *, *, #5676, .T. ) ;
#9073 = CARTESIAN_POINT ( 'NONE',  ( -9.299999999999998934, -36.54999999999999005, 12.47335388632657072 ) ) ;
#9074 = CARTESIAN_POINT ( 'NONE',  ( -19.89233838105172225, -39.40000000000001279, -37.78109700189094156 ) ) ;
#9075 = CARTESIAN_POINT ( 'NONE',  ( -15.30723796074179788, -0.2524272232914864800, 24.80000000000001137 ) ) ;
#9076 = CARTESIAN_POINT ( 'NONE',  ( 0.2221364571572271296, -36.37660031389376769, -2.113688655897181690 ) ) ;
#9077 = AXIS2_PLACEMENT_3D ( 'NONE', #7095, #8731, #3516 ) ;
#9078 = CARTESIAN_POINT ( 'NONE',  ( 0.03864744970013572756, -36.02619505639842146, -2.521032509399735666 ) ) ;
#9079 = EDGE_CURVE ( 'NONE', #3369, #6819, #3169, .T. ) ;
#9080 = CYLINDRICAL_SURFACE ( 'NONE', #2548, 0.1000000000000001721 ) ;
#9081 = VERTEX_POINT ( 'NONE', #6980 ) ;
#9082 = AXIS2_PLACEMENT_3D ( 'NONE', #3904, #8372, #6891 ) ;
#9083 = CARTESIAN_POINT ( 'NONE',  ( 0.01648282397505665756, -36.15726017538666071, -2.542876695477332749 ) ) ;
#9084 = CARTESIAN_POINT ( 'NONE',  ( 0.09999999999999939493, -12.49999999999999822, -10.00000000000000000 ) ) ;
#9085 = B_SPLINE_CURVE_WITH_KNOTS ( 'NONE', 3,
 ( #8460, #7814, #9294, #163, #6929, #2521, #938, #4718, #6233, #4763, #2475, #1030, #299, #1875, #2570, #984, #5413, #9337, #5503, #8507, #4081, #4033, #9152, #3347, #211, #5546, #3158, #6139, #6326, #7019, #2429, #3204, #6183, #3294 ),
 .UNSPECIFIED., .F., .F.,
 ( 4, 2, 2, 2, 2, 2, 2, 2, 2, 2, 2, 2, 2, 2, 2, 2, 4 ),
 ( 0.000000000000000000, 0.001507785808249154655, 0.003015571616498309310, 0.006031143232996607345, 0.007538929041245751375, 0.009046714849494895405, 0.009800607753619476961, 0.01055450065774405678, 0.01206228646599322683, 0.01357007227424239341, 0.01432396517836696977, 0.01507785808249154959, 0.01658564389074068668, 0.01809342969898982550, 0.02110900131548809969, 0.02261678712373723851, 0.02412457293198637734 ),
 .UNSPECIFIED. ) ;
#9086 = CARTESIAN_POINT ( 'NONE',  ( 0.09088851884877208187, -26.45625664908966712, -2.270724225560229570 ) ) ;
#9087 = ORIENTED_EDGE ( 'NONE', *, *, #2890, .F. ) ;
#9088 = CIRCLE ( 'NONE', #2654, 3.750000000000003553 ) ;
#9089 = CARTESIAN_POINT ( 'NONE',  ( -12.69999999999999751, -38.99933368479635476, 44.22909343994984255 ) ) ;
#9090 = CARTESIAN_POINT ( 'NONE',  ( 0.1016644731461527201, -3.170740984459768264, -9.899078401149331796 ) ) ;
#9091 = CARTESIAN_POINT ( 'NONE',  ( -16.19999999999999929, -7.899999999999999467, 6.119912853410039766 ) ) ;
#9092 = CARTESIAN_POINT ( 'NONE',  ( -14.30000000000000071, -37.39999999999999858, -24.13000000000000611 ) ) ;
#9093 = CARTESIAN_POINT ( 'NONE',  ( 0.3400346600671570463, -26.83455069076560662, -2.496746584583539263 ) ) ;
#9094 = EDGE_LOOP ( 'NONE', ( #57, #1190, #7578, #851, #1845, #6667 ) ) ;
#9095 = EDGE_LOOP ( 'NONE', ( #9338, #5642, #591 ) ) ;
#9096 = CARTESIAN_POINT ( 'NONE',  ( -15.65672832018449157, 8.958381113721735737E-16, 33.20884182597065859 ) ) ;
#9097 = CARTESIAN_POINT ( 'NONE',  ( 0.1112620995948487707, -13.00021604192211022, -9.524834176606265856 ) ) ;
#9098 = FACE_OUTER_BOUND ( 'NONE', #5934, .T. ) ;
#9099 = VERTEX_POINT ( 'NONE', #9204 ) ;
#9100 = APPROVAL ( #7160, 'UNSPECIFIED' ) ;
#9101 = DIRECTION ( 'NONE',  ( 1.000000000000000000, 0.000000000000000000, 0.000000000000000000 ) ) ;
#9102 = DIRECTION ( 'NONE',  ( 0.000000000000000000, -0.5000000000000134337, 0.8660254037844309360 ) ) ;
#9103 = DIRECTION ( 'NONE',  ( 0.000000000000000000, 0.000000000000000000, 1.000000000000000000 ) ) ;
#9104 =( BOUNDED_CURVE ( )  B_SPLINE_CURVE ( 3, ( #9078, #6901, #8978, #1608 ),
 .UNSPECIFIED., .F., .T. ) 
 B_SPLINE_CURVE_WITH_KNOTS ( ( 4, 4 ),
 ( 3.802110042356568353, 4.712388980384689674 ),
 .UNSPECIFIED. ) 
 CURVE ( )  GEOMETRIC_REPRESENTATION_ITEM ( )  RATIONAL_B_SPLINE_CURVE ( ( 1.000000000000000000, 0.9321331520445511609, 0.9321331520445511609, 1.000000000000000000 ) ) 
 REPRESENTATION_ITEM ( '' )  );
#9105 = CARTESIAN_POINT ( 'NONE',  ( -16.19999999999999929, -19.72340301106568816, -3.419134295108971600 ) ) ;
#9106 = VERTEX_POINT ( 'NONE', #3949 ) ;
#9107 = FACE_OUTER_BOUND ( 'NONE', #8116, .T. ) ;
#9108 = CARTESIAN_POINT ( 'NONE',  ( 0.000000000000000000, -2.899999999999999911, -6.900000000000003020 ) ) ;
#9109 = ORIENTED_EDGE ( 'NONE', *, *, #8187, .F. ) ;
#9110 = EDGE_CURVE ( 'NONE', #1927, #6930, #6241, .T. ) ;
#9111 = CARTESIAN_POINT ( 'NONE',  ( 0.06697224470539620000, -26.39449639437962603, -2.028894182232482635 ) ) ;
#9112 = CARTESIAN_POINT ( 'NONE',  ( 0.1455568328269895295, -3.095447155431525044, -9.904552844568907943 ) ) ;
#9113 = DIRECTION ( 'NONE',  ( 0.000000000000000000, -0.5000000000000134337, -0.8660254037844309360 ) ) ;
#9114 = CYLINDRICAL_SURFACE ( 'NONE', #3417, 2.000000000000000000 ) ;
#9115 = CARTESIAN_POINT ( 'NONE',  ( 0.1455568328270728240, -36.30455284456833454, 2.404552844568607739 ) ) ;
#9116 = EDGE_LOOP ( 'NONE', ( #5788, #6415, #31, #3955 ) ) ;
#9117 = VECTOR ( 'NONE', #4656, 1000.000000000000000 ) ;
#9118 = AXIS2_PLACEMENT_3D ( 'NONE', #2922, #19, #8365 ) ;
#9119 = DIRECTION ( 'NONE',  ( 1.000000000000000000, -0.000000000000000000, -0.000000000000000000 ) ) ;
#9120 = CARTESIAN_POINT ( 'NONE',  ( -29.00000000000001066, -37.39999999999865565, -37.50000000000000711 ) ) ;
#9121 = FACE_OUTER_BOUND ( 'NONE', #1876, .T. ) ;
#9122 = CARTESIAN_POINT ( 'NONE',  ( 0.3512029723307698581, -36.37446305229489951, -2.161107829181092566 ) ) ;
#9123 = EDGE_CURVE ( 'NONE', #8103, #7596, #1556, .T. ) ;
#9124 = CIRCLE ( 'NONE', #4877, 3.350000000000000089 ) ;
#9125 = VECTOR ( 'NONE', #3650, 1000.000000000000000 ) ;
#9126 = CARTESIAN_POINT ( 'NONE',  ( -20.01974387893084995, -2.000000000000000444, 36.58951261808174849 ) ) ;
#9127 = VECTOR ( 'NONE', #9671, 1000.000000000000000 ) ;
#9128 = CARTESIAN_POINT ( 'NONE',  ( 0.000000000000000000, -13.79999999999999716, -32.30000000000001137 ) ) ;
#9129 = VERTEX_POINT ( 'NONE', #1643 ) ;
#9130 = CARTESIAN_POINT ( 'NONE',  ( 0.09369787352236551292, -36.32139339967203284, -2.421393399671875724 ) ) ;
#9131 = CARTESIAN_POINT ( 'NONE',  ( 0.09999999999999999167, -26.39999999999999858, 2.000000000000000000 ) ) ;
#9132 = AXIS2_PLACEMENT_3D ( 'NONE', #9168, #6155, #2299 ) ;
#9133 = CARTESIAN_POINT ( 'NONE',  ( 0.1358053004151539844, -26.42438435122655704, -2.152330615301220718 ) ) ;
#9134 = ADVANCED_FACE ( 'NONE', ( #2391 ), #4588, .F. ) ;
#9135 = CARTESIAN_POINT ( 'NONE',  ( -4.861976370305393758, -37.39999999999999147, 43.69897721183603068 ) ) ;
#9136 = B_SPLINE_CURVE_WITH_KNOTS ( 'NONE', 3,
 ( #9131, #6704, #772, #3873 ),
 .UNSPECIFIED., .F., .F.,
 ( 4, 4 ),
 ( 0.000000000000000000, 1.000000000000000000 ),
 .UNSPECIFIED. ) ;
#9137 = CARTESIAN_POINT ( 'NONE',  ( -12.70000000000000107, -39.40000000000000568, 43.26179938779914380 ) ) ;
#9138 = CARTESIAN_POINT ( 'NONE',  ( 0.08647305960472835562, -3.417918613602685785, -9.993142086164366944 ) ) ;
#9139 = CARTESIAN_POINT ( 'NONE',  ( -0.7709065600501695537, -0.4006663152036397113, 32.30000000000000426 ) ) ;
#9140 = CARTESIAN_POINT ( 'NONE',  ( -16.19999999999999574, -8.049999999999995381, 6.033310313031593708 ) ) ;
#9141 = CARTESIAN_POINT ( 'NONE',  ( 0.1179417162394940100, -26.83188215187304948, -2.492853147156216753 ) ) ;
#9142 = ORIENTED_EDGE ( 'NONE', *, *, #8392, .T. ) ;
#9143 = VERTEX_POINT ( 'NONE', #8469 ) ;
#9144 = CARTESIAN_POINT ( 'NONE',  ( -17.76097771649529733, 8.673617379884035472E-16, 32.92382876904775912 ) ) ;
#9145 = CARTESIAN_POINT ( 'NONE',  ( 0.05239727617646119245, -13.01034979789287682, -9.562098787357266261 ) ) ;
#9146 = EDGE_LOOP ( 'NONE', ( #6834, #1136, #6653 ) ) ;
#9147 = CARTESIAN_POINT ( 'NONE',  ( 0.4397376543465725263, -26.39999999999999858, 2.032730823689487210 ) ) ;
#9148 = DIRECTION ( 'NONE',  ( 0.000000000000000000, 1.000000000000000000, 0.000000000000000000 ) ) ;
#9149 = CARTESIAN_POINT ( 'NONE',  ( 0.4397376543209868260, -12.63087394217963855, -7.013013661665841170 ) ) ;
#9150 = DIRECTION ( 'NONE',  ( -4.625929269271482709E-17, -0.8660254037844390407, -0.4999999999999996114 ) ) ;
#9151 = FACE_OUTER_BOUND ( 'NONE', #8883, .T. ) ;
#9152 = CARTESIAN_POINT ( 'NONE',  ( -19.89233838105170804, 1.328568929405937455E-15, 37.78109700189092024 ) ) ;
#9153 = ORIENTED_EDGE ( 'NONE', *, *, #213, .T. ) ;
#9154 = DIRECTION ( 'NONE',  ( -1.000000000000000000, 0.000000000000000000, 0.000000000000000000 ) ) ;
#9155 = ORIENTED_EDGE ( 'NONE', *, *, #6396, .F. ) ;
#9156 = CARTESIAN_POINT ( 'NONE',  ( 0.03864744970013841291, -26.37896749060026380, -2.126195056398408223 ) ) ;
#9157 = CARTESIAN_POINT ( 'NONE',  ( -3.252606517456513302E-16, -2.914108446400023311, -10.01534932160037705 ) ) ;
#9158 = DIRECTION ( 'NONE',  ( 4.625929269271491954E-17, -0.8660254037844383745, 0.5000000000000004441 ) ) ;
#9159 = CARTESIAN_POINT ( 'NONE',  ( 0.000000000000000000, 0.000000000000000000, -45.00000000000000000 ) ) ;
#9160 = EDGE_CURVE ( 'NONE', #3862, #769, #8516, .T. ) ;
#9161 = CARTESIAN_POINT ( 'NONE',  ( 0.1776268272250088043, -36.31305466705699558, 2.413054667056989899 ) ) ;
#9162 = ORIENTED_EDGE ( 'NONE', *, *, #6512, .T. ) ;
#9163 = CARTESIAN_POINT ( 'NONE',  ( 0.03864744970013591491, -36.42103250939973691, -2.126195056398418881 ) ) ;
#9164 = CARTESIAN_POINT ( 'NONE',  ( -23.95149913363479044, -39.39999999999997016, -39.19690946673294718 ) ) ;
#9165 = B_SPLINE_CURVE_WITH_KNOTS ( 'NONE', 3,
 ( #4283, #6581, #658, #3025, #4431, #8817, #701, #2876, #2083, #5070 ),
 .UNSPECIFIED., .F., .F.,
 ( 4, 2, 2, 2, 4 ),
 ( 0.000000000000000000, 0.2500000000000000000, 0.5000000000000000000, 0.7500000000000000000, 1.000000000000000000 ),
 .UNSPECIFIED. ) ;
#9166 = CARTESIAN_POINT ( 'NONE',  ( 0.09871115433697945363, -36.40000630188535524, -2.000037811312075586 ) ) ;
#9167 = VERTEX_POINT ( 'NONE', #6841 ) ;
#9168 = CARTESIAN_POINT ( 'NONE',  ( -36.24999999999999289, -37.40000000000000568, 41.24999999999999289 ) ) ;
#9169 = CARTESIAN_POINT ( 'NONE',  ( -12.69999999999999929, -37.40000000000000568, -45.00000000000000711 ) ) ;
#9170 = ORIENTED_EDGE ( 'NONE', *, *, #2185, .T. ) ;
#9171 = VECTOR ( 'NONE', #9339, 1000.000000000000000 ) ;
#9172 = EDGE_CURVE ( 'NONE', #6904, #5995, #5147, .T. ) ;
#9173 = CARTESIAN_POINT ( 'NONE',  ( -3.252606517456513302E-16, -36.50000000000000711, -2.599999999999998312 ) ) ;
#9174 = DIRECTION ( 'NONE',  ( 0.000000000000000000, -6.938893903907210707E-14, 1.000000000000000000 ) ) ;
#9175 = CARTESIAN_POINT ( 'NONE',  ( 0.1542920098989970235, -26.46707955060069040, -2.238888968077425101 ) ) ;
#9176 = CARTESIAN_POINT ( 'NONE',  ( -11.95355944940508941, -37.39999999995855262, 44.99999999999999289 ) ) ;
#9177 = DIRECTION ( 'NONE',  ( 0.000000000000000000, 1.000000000000000000, -1.301042606982613209E-14 ) ) ;
#9178 = CARTESIAN_POINT ( 'NONE',  ( 0.1801998527973900088, -3.193102222583541039, -9.881631698739139935 ) ) ;
#9179 = DIRECTION ( 'NONE',  ( 0.000000000000000000, 0.8660254037844393737, -0.4999999999999988898 ) ) ;
#9180 = EDGE_CURVE ( 'NONE', #1178, #515, #262, .T. ) ;
#9181 = PLANE ( 'NONE',  #5657 ) ;
#9182 = CARTESIAN_POINT ( 'NONE',  ( 0.07363297891077932866, -26.77481446936926801, -2.495001696530789292 ) ) ;
#9183 = VERTEX_POINT ( 'NONE', #7029 ) ;
#9184 = ORIENTED_EDGE ( 'NONE', *, *, #36, .F. ) ;
#9185 = CARTESIAN_POINT ( 'NONE',  ( -19.36092027300132301, -1.086860705365162949E-13, 34.98216965103937071 ) ) ;
#9186 = CARTESIAN_POINT ( 'NONE',  ( 0.07363297891069708889, -12.99500169653083681, -9.625185530630766095 ) ) ;
#9187 = EDGE_LOOP ( 'NONE', ( #5242, #6168, #9049, #7788 ) ) ;
#9188 = CARTESIAN_POINT ( 'NONE',  ( -24.72776949103776545, -2.000000000000007105, -37.50000000000000000 ) ) ;
#9189 = CARTESIAN_POINT ( 'NONE',  ( -9.299999999999997158, -31.39999999999999858, 9.500000000000001776 ) ) ;
#9190 = CARTESIAN_POINT ( 'NONE',  ( 0.4397376543209867705, -12.97446305229489560, -7.338892170818904326 ) ) ;
#9191 = CARTESIAN_POINT ( 'NONE',  ( -24.72776949103776900, -12.47666666666666835, -37.50000000000000000 ) ) ;
#9192 = CARTESIAN_POINT ( 'NONE',  ( -36.25000000000000000, -2.000000000000008882, 41.24999999999999289 ) ) ;
#9193 = EDGE_CURVE ( 'NONE', #8521, #1579, #4634, .T. ) ;
#9194 = CARTESIAN_POINT ( 'NONE',  ( -9.299999999999998934, -31.39999999999999147, -3.553292227346872778 ) ) ;
#9195 = FACE_OUTER_BOUND ( 'NONE', #6719, .T. ) ;
#9196 = ORIENTED_EDGE ( 'NONE', *, *, #115, .F. ) ;
#9197 = CARTESIAN_POINT ( 'NONE',  ( 0.09999999999999939493, -36.39999999999999858, -2.000000000000000000 ) ) ;
#9198 = ORIENTED_EDGE ( 'NONE', *, *, #2279, .F. ) ;
#9199 = DIRECTION ( 'NONE',  ( 1.224646799147352961E-16, 1.499759782661857608E-32, 1.000000000000000000 ) ) ;
#9200 = ORIENTED_EDGE ( 'NONE', *, *, #8518, .T. ) ;
#9201 = B_SPLINE_CURVE_WITH_KNOTS ( 'NONE', 3,
 ( #4065, #239, #5533, #1015, #6215, #2647 ),
 .UNSPECIFIED., .F., .F.,
 ( 4, 2, 4 ),
 ( 0.000000000000000000, 0.5000000000000000000, 1.000000000000000000 ),
 .UNSPECIFIED. ) ;
#9202 = CARTESIAN_POINT ( 'NONE',  ( 0.05208757324627959207, -26.38778326829974930, -2.070734601973921674 ) ) ;
#9203 = CARTESIAN_POINT ( 'NONE',  ( 0.03864744970013872516, -36.42103250939973691, 2.126195056398410443 ) ) ;
#9204 = CARTESIAN_POINT ( 'NONE',  ( -16.19999999999999929, -31.39999999999999147, -15.54670777265314996 ) ) ;
#9205 = EDGE_CURVE ( 'NONE', #9528, #7834, #7816, .T. ) ;
#9206 = VECTOR ( 'NONE', #1065, 999.9999999999998863 ) ;
#9207 = LINE ( 'NONE', #8568, #6067 ) ;
#9208 = CARTESIAN_POINT ( 'NONE',  ( 0.1749809614190559193, -13.00000000000000178, -7.500000000000002665 ) ) ;
#9209 = ADVANCED_FACE ( 'NONE', ( #4727 ), #3121, .F. ) ;
#9210 = CARTESIAN_POINT ( 'NONE',  ( 0.4397376543083739153, -3.249441485864775991, -7.066110106047753803 ) ) ;
#9211 = ORIENTED_EDGE ( 'NONE', *, *, #7356, .T. ) ;
#9212 = CIRCLE ( 'NONE', #733, 0.1000000000000001721 ) ;
#9213 = CARTESIAN_POINT ( 'NONE',  ( 0.07490148841600624552, -36.11035177685005237, 2.483538730382877535 ) ) ;
#9214 = CARTESIAN_POINT ( 'NONE',  ( -9.399999999999998579, -26.20000000000000284, -6.440043573294996548 ) ) ;
#9215 = CARTESIAN_POINT ( 'NONE',  ( 0.1179417162408529507, -36.39285314688545014, -2.068117847581047997 ) ) ;
#9216 = FACE_OUTER_BOUND ( 'NONE', #9441, .T. ) ;
#9217 = EDGE_CURVE ( 'NONE', #7437, #5380, #4992, .T. ) ;
#9218 = CARTESIAN_POINT ( 'NONE',  ( 0.03864744970013807290, -36.02619505639841435, 2.521032509399733446 ) ) ;
#9219 = FACE_OUTER_BOUND ( 'NONE', #6885, .T. ) ;
#9220 = ORIENTED_EDGE ( 'NONE', *, *, #7745, .T. ) ;
#9221 = EDGE_CURVE ( 'NONE', #3789, #2179, #945, .T. ) ;
#9222 = DIRECTION ( 'NONE',  ( -0.7071067811865364705, 8.659560562355067211E-17, -0.7071067811865584529 ) ) ;
#9223 = CARTESIAN_POINT ( 'NONE',  ( -9.299999999999998934, -31.39999999999999147, -15.44670777265315031 ) ) ;
#9224 = AXIS2_PLACEMENT_3D ( 'NONE', #4180, #6286, #354 ) ;
#9225 = CARTESIAN_POINT ( 'NONE',  ( 0.1750487884885351397, -26.59243835455143667, -2.381509913760658126 ) ) ;
#9226 = EDGE_CURVE ( 'NONE', #103, #6948, #8771, .T. ) ;
#9227 = CARTESIAN_POINT ( 'NONE',  ( -4.433701668911750993, -37.39999999999997726, 43.47395698502113959 ) ) ;
#9228 = DIRECTION ( 'NONE',  ( 0.000000000000000000, 0.000000000000000000, 1.000000000000000000 ) ) ;
#9229 = CARTESIAN_POINT ( 'NONE',  ( 0.1486371429789110354, -3.323440418470110291, -9.961874537465151391 ) ) ;
#9230 = AXIS2_PLACEMENT_3D ( 'NONE', #5498, #8501, #1123 ) ;
#9231 = CARTESIAN_POINT ( 'NONE',  ( 0.000000000000000000, -2.000000000000002665, 32.30000000000000426 ) ) ;
#9232 = DIRECTION ( 'NONE',  ( 4.336808689942015369E-15, -0.8660254037844405950, -0.4999999999999967804 ) ) ;
#9233 = CARTESIAN_POINT ( 'NONE',  ( 0.05749250405351141041, -36.40942868301869595, 2.052917172592687134 ) ) ;
#9234 = ORIENTED_EDGE ( 'NONE', *, *, #6416, .F. ) ;
#9235 = ORIENTED_EDGE ( 'NONE', *, *, #3606, .F. ) ;
#9236 = CARTESIAN_POINT ( 'NONE',  ( -23.02235051904886021, 2.207122261212368556E-13, 36.90727913688070316 ) ) ;
#9237 = CARTESIAN_POINT ( 'NONE',  ( 0.1039165408566716520, -12.99988076817779614, -9.524927306898471002 ) ) ;
#9238 = ORIENTED_EDGE ( 'NONE', *, *, #343, .T. ) ;
#9239 = AXIS2_PLACEMENT_3D ( 'NONE', #3258, #7775, #7726 ) ;
#9240 = DIRECTION ( 'NONE',  ( 0.000000000000000000, 0.000000000000000000, -1.000000000000000000 ) ) ;
#9241 = CARTESIAN_POINT ( 'NONE',  ( -9.399999999999998579, -1.161379332023924738, -2.011568009925838396 ) ) ;
#9242 = EDGE_CURVE ( 'NONE', #6603, #3032, #5927, .T. ) ;
#9243 = CARTESIAN_POINT ( 'NONE',  ( 0.4397376543209871591, -12.49999999999999822, -6.999999999999999112 ) ) ;
#9244 = CARTESIAN_POINT ( 'NONE',  ( -16.29999999999999716, -31.44999999999998508, 3.351219633130501308 ) ) ;
#9245 = CARTESIAN_POINT ( 'NONE',  ( 0.09999999999999939493, -35.89999999999999858, 2.500000000000000000 ) ) ;
#9246 = CARTESIAN_POINT ( 'NONE',  ( -16.29999999999999716, -2.849999999999997424, 2.973353886326579598 ) ) ;
#9247 = EDGE_LOOP ( 'NONE', ( #1881, #9596, #7463, #4084 ) ) ;
#9248 = CARTESIAN_POINT ( 'NONE',  ( 0.2132458847699270910, -36.39999999999999858, -2.000000000000000444 ) ) ;
#9249 = ORIENTED_EDGE ( 'NONE', *, *, #5397, .T. ) ;
#9250 = CARTESIAN_POINT ( 'NONE',  ( -16.19999999999999929, -17.98702367904176924, -0.4116370708310509441 ) ) ;
#9251 = VERTEX_POINT ( 'NONE', #7584 ) ;
#9252 = FACE_OUTER_BOUND ( 'NONE', #2812, .T. ) ;
#9253 = DIRECTION ( 'NONE',  ( 1.000000000000000000, 0.000000000000000000, 0.000000000000000000 ) ) ;
#9254 = ADVANCED_FACE ( 'NONE', ( #4681 ), #6292, .F. ) ;
#9255 = CARTESIAN_POINT ( 'NONE',  ( -9.299999999999998934, -14.42340301106568035, 5.760734985006045861 ) ) ;
#9256 = B_SPLINE_CURVE_WITH_KNOTS ( 'NONE', 5,
 ( #3157, #65, #5368, #2972, #1533, #5944, #3800, #8958 ),
 .UNSPECIFIED., .F., .F.,
 ( 6, 2, 6 ),
 ( 0.000000000000000000, 0.01044518010512798800, 0.02089036021025597600 ),
 .UNSPECIFIED. ) ;
#9257 = DIRECTION ( 'NONE',  ( 0.000000000000000000, 0.000000000000000000, -1.000000000000000000 ) ) ;
#9258 = CARTESIAN_POINT ( 'NONE',  ( 0.1786082020906889223, -13.00000000000000178, -7.471376508363736235 ) ) ;
#9259 = CARTESIAN_POINT ( 'NONE',  ( 0.1420871315827522963, -3.170745161786820976, -7.135930139747477696 ) ) ;
#9260 = ORIENTED_EDGE ( 'NONE', *, *, #567, .T. ) ;
#9261 = FACE_OUTER_BOUND ( 'NONE', #3194, .T. ) ;
#9262 = DIRECTION ( 'NONE',  ( 1.734723475976806848E-16, -1.000000000000000000, 0.000000000000000000 ) ) ;
#9263 = DIRECTION ( 'NONE',  ( 1.761140584748027917E-16, -1.000000000000000000, 3.626221859772017350E-32 ) ) ;
#9264 = CIRCLE ( 'NONE', #7210, 0.5000000000000000000 ) ;
#9265 = ORIENTED_EDGE ( 'NONE', *, *, #4981, .T. ) ;
#9266 = DIRECTION ( 'NONE',  ( 1.000000000000000000, 0.000000000000000000, 1.734723475976806897E-15 ) ) ;
#9267 = ORIENTED_EDGE ( 'NONE', *, *, #1942, .T. ) ;
#9268 = CIRCLE ( 'NONE', #8798, 2.000000000000001776 ) ;
#9269 = DIRECTION ( 'NONE',  ( 1.000000000000000000, 0.000000000000000000, 0.000000000000000000 ) ) ;
#9270 = PLANE ( 'NONE',  #1704 ) ;
#9271 = B_SPLINE_CURVE_WITH_KNOTS ( 'NONE', 5,
 ( #9600, #2238, #4537, #5330, #2392, #2342, #7537, #8324 ),
 .UNSPECIFIED., .F., .F.,
 ( 6, 2, 6 ),
 ( 0.000000000000000000, 0.01044518010512799494, 0.02089036021025598988 ),
 .UNSPECIFIED. ) ;
#9272 = CARTESIAN_POINT ( 'NONE',  ( 0.1569560366094464587, -26.46702080685094316, -2.238075345483025558 ) ) ;
#9273 = CARTESIAN_POINT ( 'NONE',  ( -16.30000000000000426, -1.999999999999999556, -25.30794813115826258 ) ) ;
#9274 = CARTESIAN_POINT ( 'NONE',  ( -2.448006913435045728, -37.39999999999999147, 41.87192208605706156 ) ) ;
#9275 = CARTESIAN_POINT ( 'NONE',  ( -9.399999999999998579, -36.54999999999999005, 6.526646113673449712 ) ) ;
#9276 = CARTESIAN_POINT ( 'NONE',  ( 0.4397376543209853272, -3.434550690765604042, -9.996746584583535267 ) ) ;
#9277 = CARTESIAN_POINT ( 'NONE',  ( 0.4397376543209871036, -36.37446305229489241, 2.161107829181092566 ) ) ;
#9278 = EDGE_CURVE ( 'NONE', #2588, #2024, #3582, .T. ) ;
#9279 = ADVANCED_FACE ( 'NONE', ( #1982 ), #9347, .F. ) ;
#9280 = AXIS2_PLACEMENT_3D ( 'NONE', #2404, #912, #6110 ) ;
#9281 = CARTESIAN_POINT ( 'NONE',  ( -14.30047159076970331, -39.40000000000000568, -25.81093518689473498 ) ) ;
#9282 = CARTESIAN_POINT ( 'NONE',  ( -16.19999999999999929, -31.29999999999997939, 3.380087146589979330 ) ) ;
#9283 = VERTEX_POINT ( 'NONE', #6433 ) ;
#9284 = CARTESIAN_POINT ( 'NONE',  ( -22.47800491398145795, 1.361192939628840352E-15, 38.83293045498759000 ) ) ;
#9285 = DIRECTION ( 'NONE',  ( 1.000000000000000000, 0.000000000000000000, 0.000000000000000000 ) ) ;
#9286 = VERTEX_POINT ( 'NONE', #1185 ) ;
#9287 = DIRECTION ( 'NONE',  ( 1.000000000000000000, 0.000000000000000000, 0.000000000000000000 ) ) ;
#9288 = DIRECTION ( 'NONE',  ( 0.000000000000000000, -0.5000000000000001110, -0.8660254037844385966 ) ) ;
#9289 = CALENDAR_DATE ( 2026, 12, 9 ) ;
#9290 = AXIS2_PLACEMENT_3D ( 'NONE', #2498, #6205, #7739 ) ;
#9291 = B_SPLINE_CURVE_WITH_KNOTS ( 'NONE', 3,
 ( #4772, #4633, #7631, #3211 ),
 .UNSPECIFIED., .F., .F.,
 ( 4, 4 ),
 ( 0.05076142131980856259, 0.9492385786801531555 ),
 .UNSPECIFIED. ) ;
#9292 = DIRECTION ( 'NONE',  ( 1.000000000000000000, 0.000000000000000000, 0.000000000000000000 ) ) ;
#9293 = CARTESIAN_POINT ( 'NONE',  ( -16.30000000000000071, -13.79999999999968097, -24.79999999999999716 ) ) ;
#9294 = CARTESIAN_POINT ( 'NONE',  ( -14.30047159188299588, 8.687157890060647551E-16, 25.81093518678025589 ) ) ;
#9295 = ADVANCED_FACE ( 'NONE', ( #3357 ), #8666, .F. ) ;
#9296 = EDGE_LOOP ( 'NONE', ( #3312, #5511, #7011, #5740 ) ) ;
#9297 = CARTESIAN_POINT ( 'NONE',  ( 0.4397376543092829104, -36.39999999999999858, -2.000000000000000000 ) ) ;
#9298 = ORIENTED_EDGE ( 'NONE', *, *, #8035, .T. ) ;
#9299 = CARTESIAN_POINT ( 'NONE',  ( 0.1428912506621179968, -12.64721202014084867, -9.975364033797106345 ) ) ;
#9300 = DIRECTION ( 'NONE',  ( 0.000000000000000000, 1.000000000000000000, -5.723103233284423621E-16 ) ) ;
#9301 = ORIENTED_EDGE ( 'NONE', *, *, #5438, .F. ) ;
#9302 = CARTESIAN_POINT ( 'NONE',  ( 0.09822872993527040353, -26.63058620280482103, 2.436388679835397308 ) ) ;
#9303 = DIRECTION ( 'NONE',  ( 0.000000000000000000, 0.5000000000000134337, 0.8660254037844309360 ) ) ;
#9304 = DIRECTION ( 'NONE',  ( -0.000000000000000000, 5.204170427930452838E-14, 1.000000000000000000 ) ) ;
#9305 = CARTESIAN_POINT ( 'NONE',  ( 6.487865800153260111E-15, -37.39999999999999858, 43.00000000000000000 ) ) ;
#9306 = DIRECTION ( 'NONE',  ( 1.000000000000000000, -0.000000000000000000, -9.251858538542972814E-17 ) ) ;
#9307 = CARTESIAN_POINT ( 'NONE',  ( 0.1549889034660882625, -3.261340114307660798, -7.067067344643892746 ) ) ;
#9308 = EDGE_CURVE ( 'NONE', #3802, #1776, #1707, .T. ) ;
#9309 = ORIENTED_EDGE ( 'NONE', *, *, #844, .F. ) ;
#9310 = CARTESIAN_POINT ( 'NONE',  ( 0.09621752899302332684, -36.33047822441947972, -2.290848375130297043 ) ) ;
#9311 = DIRECTION ( 'NONE',  ( 9.251858538542971581E-17, 0.000000000000000000, 1.000000000000000000 ) ) ;
#9312 = SPHERICAL_SURFACE ( 'NONE', #7179, 0.1000000000000000056 ) ;
#9313 = ORIENTED_EDGE ( 'NONE', *, *, #7835, .F. ) ;
#9314 = FACE_OUTER_BOUND ( 'NONE', #6126, .T. ) ;
#9315 = FACE_OUTER_BOUND ( 'NONE', #3580, .T. ) ;
#9316 = CARTESIAN_POINT ( 'NONE',  ( -9.399999999999998579, -31.39999999999999147, -15.54670777265315174 ) ) ;
#9317 = CARTESIAN_POINT ( 'NONE',  ( 0.1350833069397983643, -3.025790149045657351, -7.356195321540505816 ) ) ;
#9318 = CARTESIAN_POINT ( 'NONE',  ( 0.1016644731461543993, -26.57074098445977839, -2.399078401149330908 ) ) ;
#9319 = CARTESIAN_POINT ( 'NONE',  ( -17.77188606460583031, 5.667759029406942535E-14, -32.94373323984988389 ) ) ;
#9320 = CARTESIAN_POINT ( 'NONE',  ( -1.999999994377320123, -39.39999999999998437, 33.05246761757567953 ) ) ;
#9321 = FACE_OUTER_BOUND ( 'NONE', #9095, .T. ) ;
#9322 = TOROIDAL_SURFACE ( 'NONE', #3366, 1.750000000000002887, 2.000000000000000444 ) ;
#9323 = CARTESIAN_POINT ( 'NONE',  ( 0.1063626799213781282, -3.475330494203009657, -9.999970114962525969 ) ) ;
#9324 = CARTESIAN_POINT ( 'NONE',  ( 0.05120542390929795629, -12.56765473264173849, -6.988724211226379879 ) ) ;
#9325 = LINE ( 'NONE', #1812, #3631 ) ;
#9326 = CARTESIAN_POINT ( 'NONE',  ( -0.2499999999999932832, -31.39999999999999858, -12.85000000000000675 ) ) ;
#9327 = EDGE_LOOP ( 'NONE', ( #5998, #6184, #8429 ) ) ;
#9328 = CYLINDRICAL_SURFACE ( 'NONE', #1193, 0.09999999999999939493 ) ;
#9329 = CARTESIAN_POINT ( 'NONE',  ( 0.1509573913320704786, -36.13950773282639517, 2.432940824110703559 ) ) ;
#9330 = CIRCLE ( 'NONE', #2907, 0.1000000000000000611 ) ;
#9331 = ORIENTED_EDGE ( 'NONE', *, *, #7900, .F. ) ;
#9332 = CARTESIAN_POINT ( 'NONE',  ( 0.000000000000000000, -2.984650678399713541, -6.914108446400055286 ) ) ;
#9333 = DATE_AND_TIME ( #8698, #1659 ) ;
#9334 = AXIS2_PLACEMENT_3D ( 'NONE', #8606, #5409, #5831 ) ;
#9335 = DIRECTION ( 'NONE',  ( 1.000000000000000000, -0.000000000000000000, 0.000000000000000000 ) ) ;
#9336 = DIRECTION ( 'NONE',  ( -9.251858538542975279E-17, -0.000000000000000000, -1.000000000000000000 ) ) ;
#9337 = CARTESIAN_POINT ( 'NONE',  ( -18.02050404896515090, 8.238530244016328453E-16, 36.47041606002643022 ) ) ;
#9338 = ORIENTED_EDGE ( 'NONE', *, *, #6910, .T. ) ;
#9339 = DIRECTION ( 'NONE',  ( 9.251858538542972814E-17, 5.723103233284416719E-16, 1.000000000000000000 ) ) ;
#9340 = ORIENTED_EDGE ( 'NONE', *, *, #1331, .F. ) ;
#9341 = LOCAL_TIME ( 14, 35, 29.00000000000000000, #4856 ) ;
#9342 = CARTESIAN_POINT ( 'NONE',  ( -12.69999999999999751, -0.4006663152036424869, -44.22909343994984965 ) ) ;
#9343 = DIRECTION ( 'NONE',  ( -9.251858538542972814E-17, -1.133025894539076336E-32, -1.000000000000000000 ) ) ;
#9344 = VERTEX_POINT ( 'NONE', #1884 ) ;
#9345 = CARTESIAN_POINT ( 'NONE',  ( 0.1051262857738853584, -26.61329205856372937, 2.419254901122317669 ) ) ;
#9346 = LINE ( 'NONE', #6479, #8808 ) ;
#9347 = SPHERICAL_SURFACE ( 'NONE', #3122, 0.1000000000000000056 ) ;
#9348 = EDGE_CURVE ( 'NONE', #6718, #4259, #2349, .T. ) ;
#9349 = ADVANCED_FACE ( 'NONE', ( #2626 ), #5603, .F. ) ;
#9350 = CARTESIAN_POINT ( 'NONE',  ( -16.29999999999999716, -26.25000000000000000, -6.526646113673439054 ) ) ;
#9351 = CARTESIAN_POINT ( 'NONE',  ( 0.07359969900738715098, -12.98231941068151407, -7.290104449817657262 ) ) ;
#9352 = CARTESIAN_POINT ( 'NONE',  ( 0.1205805181782333008, -3.118650440263705192, -7.182405190628410097 ) ) ;
#9353 = EDGE_LOOP ( 'NONE', ( #3788, #9650, #6284, #7324 ) ) ;
#9354 = CARTESIAN_POINT ( 'NONE',  ( 0.04830071877574379502, -26.38560504123999451, 2.084755909461014856 ) ) ;
#9355 = CARTESIAN_POINT ( 'NONE',  ( -7.889625101606505098, -2.123688750605799648E-15, -42.63793684773077786 ) ) ;
#9356 = VECTOR ( 'NONE', #2652, 1000.000000000000000 ) ;
#9357 = ORIENTED_EDGE ( 'NONE', *, *, #6437, .F. ) ;
#9358 = EDGE_CURVE ( 'NONE', #7505, #4022, #7346, .T. ) ;
#9359 = CARTESIAN_POINT ( 'NONE',  ( -29.00000000000000000, -41.37000000000001165, 37.50000000000001421 ) ) ;
#9360 = ORIENTED_EDGE ( 'NONE', *, *, #9619, .F. ) ;
#9361 = CARTESIAN_POINT ( 'NONE',  ( -0.2499999999999932832, -31.39999999999999858, -6.150000000000010125 ) ) ;
#9362 = DIRECTION ( 'NONE',  ( 1.000000000000000000, 0.000000000000000000, 0.000000000000000000 ) ) ;
#9363 = CARTESIAN_POINT ( 'NONE',  ( 0.08023049856025787907, -3.029726396107971009, -7.269524073579884060 ) ) ;
#9364 = CARTESIAN_POINT ( 'NONE',  ( 0.1686022889134470293, -26.48378479927545115, -2.261732846894803917 ) ) ;
#9365 = CARTESIAN_POINT ( 'NONE',  ( 0.3541161069090018043, -36.12157560318399874, -2.449416480216386471 ) ) ;
#9366 = CARTESIAN_POINT ( 'NONE',  ( -29.00000000000000000, -39.40000000000000568, 39.50000000000000000 ) ) ;
#9367 = EDGE_CURVE ( 'NONE', #2862, #7910, #6336, .T. ) ;
#9368 = DIRECTION ( 'NONE',  ( 0.000000000000000000, 1.000000000000000000, 0.000000000000000000 ) ) ;
#9369 = CARTESIAN_POINT ( 'NONE',  ( 0.1046862460741156409, -3.500000000000002220, -9.999999999999998224 ) ) ;
#9370 = CARTESIAN_POINT ( 'NONE',  ( 0.1376246443034340738, -12.65280058401132735, -7.024415973002000158 ) ) ;
#9371 = AXIS2_PLACEMENT_3D ( 'NONE', #709, #808, #4635 ) ;
#9372 = CIRCLE ( 'NONE', #7650, 0.09999999999999982514 ) ;
#9373 = CARTESIAN_POINT ( 'NONE',  ( -19.23787055068254759, -39.39999999999999147, -37.38982553151014088 ) ) ;
#9374 = CARTESIAN_POINT ( 'NONE',  ( 0.09293978808689372373, -12.99999999999997691, -7.499999999999999112 ) ) ;
#9375 = EDGE_LOOP ( 'NONE', ( #6918, #1218, #644, #8185, #3764, #216 ) ) ;
#9376 = CARTESIAN_POINT ( 'NONE',  ( -28.00601872339871790, -39.40000000000000568, 37.49941948624724120 ) ) ;
#9377 = EDGE_CURVE ( 'NONE', #8219, #5380, #4870, .T. ) ;
#9378 = CARTESIAN_POINT ( 'NONE',  ( 0.1627603644037245167, -36.16340238058752021, 2.416183067755337532 ) ) ;
#9379 = ORIENTED_EDGE ( 'NONE', *, *, #6300, .T. ) ;
#9380 = DIRECTION ( 'NONE',  ( 1.000000000000000000, -0.000000000000000000, -9.251858538542972814E-17 ) ) ;
#9381 = CALENDAR_DATE ( 2026, 12, 9 ) ;
#9382 = CARTESIAN_POINT ( 'NONE',  ( 0.03864744970013725411, -2.978967490600264334, -9.626195056398410443 ) ) ;
#9383 = CIRCLE ( 'NONE', #7499, 3.349999999999998757 ) ;
#9384 = DIRECTION ( 'NONE',  ( 0.000000000000000000, 0.000000000000000000, 1.000000000000000000 ) ) ;
#9385 = CARTESIAN_POINT ( 'NONE',  ( 0.09369787352247271883, -26.47860660032796076, 2.421393399671563529 ) ) ;
#9386 = VERTEX_POINT ( 'NONE', #1282 ) ;
#9387 = VECTOR ( 'NONE', #7244, 1000.000000000000000 ) ;
#9388 = FACE_OUTER_BOUND ( 'NONE', #7500, .T. ) ;
#9389 = ORIENTED_EDGE ( 'NONE', *, *, #7812, .T. ) ;
#9391 = EDGE_LOOP ( 'NONE', ( #4721, #6046, #7104, #5186 ) ) ;
#9390 = EDGE_CURVE ( 'NONE', #801, #6948, #5318, .T. ) ;
#9392 = CARTESIAN_POINT ( 'NONE',  ( 0.1351142095312981295, -12.65276852404894647, -9.975634094880932778 ) ) ;
#9393 = CARTESIAN_POINT ( 'NONE',  ( -9.049999999999998934, -31.39999999999999858, -9.500000000000008882 ) ) ;
#9394 = EDGE_LOOP ( 'NONE', ( #2069, #4226, #9220, #6854, #1020, #370 ) ) ;
#9395 = CARTESIAN_POINT ( 'NONE',  ( 0.1774511383638143758, -26.59383390487575483, 2.381308546982197516 ) ) ;
#9396 = DIRECTION ( 'NONE',  ( -1.000000000000000000, -0.000000000000000000, 0.000000000000000000 ) ) ;
#9397 = DIRECTION ( 'NONE',  ( 1.000000000000000000, 0.000000000000000000, 0.000000000000000000 ) ) ;
#9398 = FACE_OUTER_BOUND ( 'NONE', #9116, .T. ) ;
#9399 = CARTESIAN_POINT ( 'NONE',  ( 0.2061851166929169754, -12.97520683411682541, -7.389428583523528715 ) ) ;
#9400 = DIRECTION ( 'NONE',  ( -1.629382355657560323E-32, 1.000000000000000000, -1.761140584748027671E-16 ) ) ;
#9401 = ORIENTED_EDGE ( 'NONE', *, *, #1921, .T. ) ;
#9402 = EDGE_CURVE ( 'NONE', #4222, #4074, #8760, .T. ) ;
#9403 = DIRECTION ( 'NONE',  ( -1.000000000000000000, 0.000000000000000000, 9.251858538542972814E-17 ) ) ;
#9404 = DIRECTION ( 'NONE',  ( 0.000000000000000000, 0.000000000000000000, 1.000000000000000000 ) ) ;
#9405 = DIRECTION ( 'NONE',  ( 0.000000000000000000, 0.000000000000000000, 1.000000000000000000 ) ) ;
#9406 = DIRECTION ( 'NONE',  ( 4.625929269271490721E-17, -0.8660254037844383745, 0.5000000000000004441 ) ) ;
#9407 = ORIENTED_EDGE ( 'NONE', *, *, #1139, .F. ) ;
#9408 = CYLINDRICAL_SURFACE ( 'NONE', #3213, 0.09999999999999939493 ) ;
#9409 = AXIS2_PLACEMENT_3D ( 'NONE', #1397, #4391, #3421 ) ;
#9410 = CARTESIAN_POINT ( 'NONE',  ( -9.399999999999998579, -36.59999999999999432, -6.440043573295003654 ) ) ;
#9411 = CARTESIAN_POINT ( 'NONE',  ( 0.3550498684007974415, -3.063106805822869205, -7.248190509814552485 ) ) ;
#9412 = EDGE_CURVE ( 'NONE', #4049, #1669, #6039, .T. ) ;
#9413 = CARTESIAN_POINT ( 'NONE',  ( -3.690716524007175638E-16, -36.46856045811716740, -2.411362748702971182 ) ) ;
#9414 = CARTESIAN_POINT ( 'NONE',  ( 0.1802054849770536316, -26.53697257711388602, -2.325424753499270469 ) ) ;
#9415 = CARTESIAN_POINT ( 'NONE',  ( 0.09822872993580673839, -36.16941379719478533, -2.436388679834957216 ) ) ;
#9416 = CARTESIAN_POINT ( 'NONE',  ( -3.596261681325927384, -39.39999999999996305, 42.92765443355173005 ) ) ;
#9417 = FACE_OUTER_BOUND ( 'NONE', #1007, .T. ) ;
#9418 = CARTESIAN_POINT ( 'NONE',  ( -9.400000000000000355, -36.64999999999999858, -6.526646113673447935 ) ) ;
#9419 = CARTESIAN_POINT ( 'NONE',  ( 0.3540222310460536259, -12.75055851413522667, -7.066110106047752915 ) ) ;
#9420 = B_SPLINE_CURVE_WITH_KNOTS ( 'NONE', 3,
 ( #8979, #88, #9128, #2301 ),
 .UNSPECIFIED., .F., .F.,
 ( 4, 4 ),
 ( 0.05076142131979684280, 0.9492385786802030045 ),
 .UNSPECIFIED. ) ;
#9421 = CARTESIAN_POINT ( 'NONE',  ( -20.67680302329141995, -39.39999999999999147, -35.92668485648298571 ) ) ;
#9422 = CARTESIAN_POINT ( 'NONE',  ( 0.07312836398019507966, -13.00350406505438627, -7.482265140963436423 ) ) ;
#9423 = EDGE_CURVE ( 'NONE', #60, #2916, #8241, .T. ) ;
#9424 = ORIENTED_EDGE ( 'NONE', *, *, #5387, .T. ) ;
#9425 = AXIS2_PLACEMENT_3D ( 'NONE', #9105, #4579, #5213 ) ;
#9426 = CARTESIAN_POINT ( 'NONE',  ( -24.32429328847669936, -37.40000000000001990, 37.22745148858186326 ) ) ;
#9427 = TOROIDAL_SURFACE ( 'NONE', #3308, 0.2000000000000000111, 0.1000000000000000056 ) ;
#9428 = CARTESIAN_POINT ( 'NONE',  ( 0.1133260963089662010, -35.94931094073441358, 2.499999999999999112 ) ) ;
#9429 = EDGE_LOOP ( 'NONE', ( #3690, #180 ) ) ;
#9430 = CARTESIAN_POINT ( 'NONE',  ( 0.003146909516440378994, -3.075715969594440935, -6.929285994511941382 ) ) ;
#9431 = CIRCLE ( 'NONE', #2223, 0.09999999999999867328 ) ;
#9432 = CARTESIAN_POINT ( 'NONE',  ( -29.00000000000000355, 1.969999999999999973, -37.50000000000000000 ) ) ;
#9433 = CIRCLE ( 'NONE', #7075, 0.09999999999999939493 ) ;
#9434 = DIRECTION ( 'NONE',  ( -0.000000000000000000, -1.000000000000000000, -0.000000000000000000 ) ) ;
#9435 = ORIENTED_EDGE ( 'NONE', *, *, #418, .T. ) ;
#9436 = CARTESIAN_POINT ( 'NONE',  ( -16.19999999999999929, -36.64999999999999858, -12.64655896708347527 ) ) ;
#9437 = ORIENTED_EDGE ( 'NONE', *, *, #2909, .T. ) ;
#9438 = VERTEX_POINT ( 'NONE', #2674 ) ;
#9439 = CARTESIAN_POINT ( 'NONE',  ( 0.2477958869224968497, -12.71255631716880252, -9.935554296640741967 ) ) ;
#9440 = CYLINDRICAL_SURFACE ( 'NONE', #277, 0.09999999999999939493 ) ;
#9441 = EDGE_LOOP ( 'NONE', ( #3539, #8105, #5446 ) ) ;
#9442 = VECTOR ( 'NONE', #3440, 1000.000000000000000 ) ;
#9443 = CARTESIAN_POINT ( 'NONE',  ( 0.09491475995917833530, -26.60961103955224161, 2.429260831847366742 ) ) ;
#9444 = DIRECTION ( 'NONE',  ( 1.084202172485504434E-16, -1.000000000000000000, 0.000000000000000000 ) ) ;
#9445 = CARTESIAN_POINT ( 'NONE',  ( 0.09491475995917840469, -12.79038896044774987, -7.070739168152636367 ) ) ;
#9446 = DIRECTION ( 'NONE',  ( 1.000000000000000000, 0.000000000000000000, 0.000000000000000000 ) ) ;
#9447 = CARTESIAN_POINT ( 'NONE',  ( -40.00000000000000000, -31.39999999999999858, -12.85000000000000675 ) ) ;
#9448 = FACE_OUTER_BOUND ( 'NONE', #3458, .T. ) ;
#9449 = ORIENTED_EDGE ( 'NONE', *, *, #3073, .T. ) ;
#9450 = CARTESIAN_POINT ( 'NONE',  ( -9.399999999999998579, 0.5750000000000037303, -0.9959292143521106810 ) ) ;
#9451 = CARTESIAN_POINT ( 'NONE',  ( -4.433701666408880193, -8.390076054297865645E-14, -43.47395698886315074 ) ) ;
#9452 = CARTESIAN_POINT ( 'NONE',  ( -3.007863985774151413E-16, -26.38465067839973699, -2.585891553599671600 ) ) ;
#9453 = EDGE_CURVE ( 'NONE', #2571, #9577, #7133, .T. ) ;
#9454 = CARTESIAN_POINT ( 'NONE',  ( -2.000000000000001776, -2.449293598294709373E-16, -33.05001304189094924 ) ) ;
#9455 = CARTESIAN_POINT ( 'NONE',  ( -6.394892337828674833, -9.093781512624164094E-16, 42.19114698055275881 ) ) ;
#9456 = TOROIDAL_SURFACE ( 'NONE', #8997, 0.2000000000000000111, 0.1000000000000000056 ) ;
#9457 = CARTESIAN_POINT ( 'NONE',  ( 0.04830071877487519122, -13.01439495876053343, -9.584755909464677259 ) ) ;
#9458 = CARTESIAN_POINT ( 'NONE',  ( 0.3400346600584889800, -3.003253415416459404, -7.434550690765607150 ) ) ;
#9459 = CARTESIAN_POINT ( 'NONE',  ( 0.3290275287980294339, -36.39999999999999858, 2.032730823689487210 ) ) ;
#9460 = CARTESIAN_POINT ( 'NONE',  ( 0.1486371429816038259, -26.72344041781606094, -2.461874537892795534 ) ) ;
#9461 = FACE_OUTER_BOUND ( 'NONE', #1375, .T. ) ;
#9462 = CARTESIAN_POINT ( 'NONE',  ( -14.29999999999999893, -39.39999999999999858, 24.80000000000001492 ) ) ;
#9463 = CARTESIAN_POINT ( 'NONE',  ( 0.000000000000000000, -12.47666666666666657, -32.30000000000000426 ) ) ;
#9464 = EDGE_CURVE ( 'NONE', #103, #801, #91, .T. ) ;
#9465 = CYLINDRICAL_SURFACE ( 'NONE', #3480, 3.750000000000003553 ) ;
#9466 = CARTESIAN_POINT ( 'NONE',  ( 0.1110213742457547975, -12.54945873841562864, -7.000123629071980602 ) ) ;
#9467 = CARTESIAN_POINT ( 'NONE',  ( -17.47522151223502362, -37.39999999999999858, -32.37131548352279964 ) ) ;
#9468 = DIRECTION ( 'NONE',  ( 1.000000000000000000, 0.000000000000000000, 0.000000000000000000 ) ) ;
#9469 = CARTESIAN_POINT ( 'NONE',  ( -23.04098786186272463, -39.40000000000002700, 36.91257333732060175 ) ) ;
#9470 = CARTESIAN_POINT ( 'NONE',  ( 0.03864744970013807290, -36.02619505639841435, 2.521032509399733446 ) ) ;
#9471 = ORIENTED_EDGE ( 'NONE', *, *, #2471, .F. ) ;
#9472 = CARTESIAN_POINT ( 'NONE',  ( 0.4397376543283821881, -12.49999999999999822, -10.00000000000000000 ) ) ;
#9473 = EDGE_CURVE ( 'NONE', #9003, #3032, #4521, .T. ) ;
#9474 = CIRCLE ( 'NONE', #3517, 2.000000000000001776 ) ;
#9475 = CARTESIAN_POINT ( 'NONE',  ( 0.09935175248319438879, -3.000000000000000000, -9.499999999999998224 ) ) ;
#9476 = CARTESIAN_POINT ( 'NONE',  ( -9.299999999999998934, -26.25000000000000000, -6.526646113673440830 ) ) ;
#9477 = CARTESIAN_POINT ( 'NONE',  ( -36.24999999999999289, -37.40000000000000568, 37.50000000000000000 ) ) ;
#9478 = AXIS2_PLACEMENT_3D ( 'NONE', #324, #7091, #2688 ) ;
#9479 = VERTEX_POINT ( 'NONE', #5991 ) ;
#9480 = ORIENTED_EDGE ( 'NONE', *, *, #579, .F. ) ;
#9481 = EDGE_LOOP ( 'NONE', ( #7521, #3263, #7260, #3721 ) ) ;
#9482 = CARTESIAN_POINT ( 'NONE',  ( 0.09491475995918127739, -36.19038896044775555, 2.429260831847365409 ) ) ;
#9483 = CARTESIAN_POINT ( 'NONE',  ( 0.08614084120637140185, -12.55605788033613557, -9.997235511504237948 ) ) ;
#9484 = CARTESIAN_POINT ( 'NONE',  ( -23.04098786186008851, 3.320520175898723124E-13, -36.91257333731882539 ) ) ;
#9485 = EDGE_LOOP ( 'NONE', ( #4290, #2874, #5434, #560 ) ) ;
#9486 = CARTESIAN_POINT ( 'NONE',  ( 0.4397376543465725263, -26.64944148586478434, 2.433889893952247974 ) ) ;
#9487 = AXIS2_PLACEMENT_3D ( 'NONE', #5052, #583, #3585 ) ;
#9488 = LINE ( 'NONE', #2767, #6122 ) ;
#9489 = CARTESIAN_POINT ( 'NONE',  ( 0.09088851884876912590, -12.77072422556023312, -7.056256649089673871 ) ) ;
#9490 = EDGE_CURVE ( 'NONE', #5752, #680, #9494, .T. ) ;
#9491 = DIRECTION ( 'NONE',  ( -9.251858538542972814E-17, -5.723103233284423621E-16, -1.000000000000000000 ) ) ;
#9492 = CARTESIAN_POINT ( 'NONE',  ( -8.951195407715941244, -39.40000000000000568, 42.84254078709496838 ) ) ;
#9493 = CARTESIAN_POINT ( 'NONE',  ( 0.05425706991486468900, -36.41093379121539186, -2.062470473783295954 ) ) ;
#9494 = CIRCLE ( 'NONE', #8083, 0.1000000000000016709 ) ;
#9495 = ORIENTED_EDGE ( 'NONE', *, *, #525, .F. ) ;
#9496 = CARTESIAN_POINT ( 'NONE',  ( 0.000000000000000000, -13.09999999999999964, -6.900000000000003020 ) ) ;
#9497 = CARTESIAN_POINT ( 'NONE',  ( -5.726775456774278794, -1.999999999999999112, -44.07965635256115888 ) ) ;
#9498 = EDGE_CURVE ( 'NONE', #2264, #9626, #5796, .T. ) ;
#9499 = CARTESIAN_POINT ( 'NONE',  ( 0.03864744970013780229, -26.37896749060026380, -2.126195056398404226 ) ) ;
#9500 = CARTESIAN_POINT ( 'NONE',  ( -5.394073914291101168, -2.640504928932000774E-15, -41.71481975746883109 ) ) ;
#9501 = CARTESIAN_POINT ( 'NONE',  ( -11.94772167361155013, -1.222738802723599333E-11, 45.00000000562714320 ) ) ;
#9502 = CARTESIAN_POINT ( 'NONE',  ( -36.24999999999999289, -37.40000000000000568, -41.24999999999999289 ) ) ;
#9503 = CARTESIAN_POINT ( 'NONE',  ( -9.399999999999998579, -26.25000000000000711, 1.654045078769266138E-14 ) ) ;
#9504 = CARTESIAN_POINT ( 'NONE',  ( 0.1486371429833559243, -3.038125461979668263, -7.323440418516891093 ) ) ;
#9505 = CARTESIAN_POINT ( 'NONE',  ( 0.1057360778045333682, -36.39999495009554664, 2.024666682543770246 ) ) ;
#9506 = CARTESIAN_POINT ( 'NONE',  ( 0.09871115433697764951, -35.90003781131207461, -2.500006301885344673 ) ) ;
#9507 = EDGE_CURVE ( 'NONE', #436, #3486, #3703, .T. ) ;
#9508 = CARTESIAN_POINT ( 'NONE',  ( -26.47727135825115496, -39.39999999999999147, 39.45595815337550505 ) ) ;
#9509 = CARTESIAN_POINT ( 'NONE',  ( -0.9104873819182591754, -26.92333333333333556, -41.28025612106915787 ) ) ;
#9510 = AXIS2_PLACEMENT_3D ( 'NONE', #8948, #8205, #3741 ) ;
#9511 = CARTESIAN_POINT ( 'NONE',  ( -0.5085811702071447726, -39.40000000000000568, -37.96895564765463149 ) ) ;
#9512 = CARTESIAN_POINT ( 'NONE',  ( 0.1569918514081306837, -12.73720553250785414, -7.066980132445063845 ) ) ;
#9513 = CARTESIAN_POINT ( 'NONE',  ( -22.47800491398319522, -39.39999999999996305, -38.83293045499107166 ) ) ;
#9514 = CYLINDRICAL_SURFACE ( 'NONE', #1544, 0.5000000000000004441 ) ;
#9515 = EDGE_CURVE ( 'NONE', #6930, #3614, #1811, .T. ) ;
#9516 = EDGE_CURVE ( 'NONE', #2373, #8805, #5892, .T. ) ;
#9517 = CARTESIAN_POINT ( 'NONE',  ( -20.34575990758781217, -37.39999999999999147, 35.72381345982623202 ) ) ;
#9518 = CARTESIAN_POINT ( 'NONE',  ( 0.08774885347581891371, -36.36563258359232265, 2.221443003540812366 ) ) ;
#9519 = EDGE_LOOP ( 'NONE', ( #151, #6590, #8719, #168, #2188, #1511 ) ) ;
#9520 = DIRECTION ( 'NONE',  ( 0.000000000000000000, 1.000000000000000000, 0.000000000000000000 ) ) ;
#9521 = B_SPLINE_CURVE_WITH_KNOTS ( 'NONE', 3,
 ( #8885, #3775, #3626, #5140, #43, #6655, #3042, #9660, #6017, #8291 ),
 .UNSPECIFIED., .F., .F.,
 ( 4, 2, 2, 2, 4 ),
 ( 0.000000000000000000, 0.2500000000000011657, 0.5000000000000023315, 0.7500000000000011102, 1.000000000000000000 ),
 .UNSPECIFIED. ) ;
#9522 = CARTESIAN_POINT ( 'NONE',  ( -16.19999999999999574, -13.19999999999999574, 3.059956426705025212 ) ) ;
#9523 = CARTESIAN_POINT ( 'NONE',  ( 0.1563214125088805140, -3.067037639986123665, -9.738254576807413798 ) ) ;
#9524 = AXIS2_PLACEMENT_3D ( 'NONE', #6682, #5947, #3755 ) ;
#9525 = DIRECTION ( 'NONE',  ( 0.000000000000000000, 0.000000000000000000, 1.000000000000000000 ) ) ;
#9526 = DIRECTION ( 'NONE',  ( 0.000000000000000000, 0.000000000000000000, 1.000000000000000000 ) ) ;
#9527 = ORIENTED_EDGE ( 'NONE', *, *, #654, .T. ) ;
#9528 = VERTEX_POINT ( 'NONE', #8858 ) ;
#9529 = VERTEX_POINT ( 'NONE', #7318 ) ;
#9530 = LINE ( 'NONE', #3540, #7302 ) ;
#9531 = CARTESIAN_POINT ( 'NONE',  ( 0.1716225952172478197, -12.80692324196360410, -9.881285434428185965 ) ) ;
#9532 = CARTESIAN_POINT ( 'NONE',  ( -29.00000000000000355, -8.673617379884035472E-15, -39.50000000000000000 ) ) ;
#9533 = ORIENTED_EDGE ( 'NONE', *, *, #9631, .F. ) ;
#9534 = ADVANCED_FACE ( 'NONE', ( #8809 ), #2869, .T. ) ;
#9535 = CIRCLE ( 'NONE', #8603, 0.1000000000000028644 ) ;
#9536 = CARTESIAN_POINT ( 'NONE',  ( 0.1408989034039463961, -26.43819152713724918, 2.180029809276127217 ) ) ;
#9537 = FACE_OUTER_BOUND ( 'NONE', #6363, .T. ) ;
#9538 = DIRECTION ( 'NONE',  ( 0.7071067811865394681, 0.000000000000000000, -0.7071067811865555663 ) ) ;
#9539 = AXIS2_PLACEMENT_3D ( 'NONE', #3679, #8786, #2056 ) ;
#9540 = DIRECTION ( 'NONE',  ( 1.000000000000000000, 0.000000000000000000, 0.000000000000000000 ) ) ;
#9541 = AXIS2_PLACEMENT_3D ( 'NONE', #1414, #3683, #873 ) ;
#9542 = CARTESIAN_POINT ( 'NONE',  ( -9.300000000000000711, -31.39999999999999858, -13.10000000000001741 ) ) ;
#9543 = DIRECTION ( 'NONE',  ( 0.000000000000000000, -0.5000000000000004441, 0.8660254037844383745 ) ) ;
#9544 = ORIENTED_EDGE ( 'NONE', *, *, #244, .F. ) ;
#9545 = CARTESIAN_POINT ( 'NONE',  ( 0.04656666964002651593, -2.984533531639508297, -7.408362075681981906 ) ) ;
#9546 = EDGE_CURVE ( 'NONE', #6253, #5057, #2819, .T. ) ;
#9547 = CARTESIAN_POINT ( 'NONE',  ( -0.1710070809094728361, -2.000000000000001776, -36.31362801256826600 ) ) ;
#9548 = CARTESIAN_POINT ( 'NONE',  ( 8.000000000000000000, -2.999999999999998668, -7.500000000000000000 ) ) ;
#9549 = CIRCLE ( 'NONE', #2176, 2.000000000000001776 ) ;
#9550 = CARTESIAN_POINT ( 'NONE',  ( -16.20000000000000284, -31.34999999999998721, -15.53331031303159726 ) ) ;
#9551 = CARTESIAN_POINT ( 'NONE',  ( -4.802512863745537430, 4.059241441469965427E-14, 43.65970749215735225 ) ) ;
#9552 = EDGE_LOOP ( 'NONE', ( #8358, #2446, #7572, #4923 ) ) ;
#9553 = EDGE_CURVE ( 'NONE', #8055, #5666, #5393, .T. ) ;
#9554 = ORIENTED_EDGE ( 'NONE', *, *, #7792, .F. ) ;
#9555 = LINE ( 'NONE', #5216, #8231 ) ;
#9556 = CARTESIAN_POINT ( 'NONE',  ( 0.06776370892958871739, -13.00518621920787510, -9.526965469261057251 ) ) ;
#9557 = CARTESIAN_POINT ( 'NONE',  ( -16.29999999999999716, -31.39999999999999147, -3.553292227346872778 ) ) ;
#9558 = CARTESIAN_POINT ( 'NONE',  ( 0.06432947566312961774, -36.40350543248981552, 2.096818704236866004 ) ) ;
#9559 = CARTESIAN_POINT ( 'NONE',  ( 0.1111549592993350266, -35.94953761985352969, -2.499708704031665452 ) ) ;
#9560 = CARTESIAN_POINT ( 'NONE',  ( 0.000000000000000000, 1.970000000000000417, -32.30000000000000426 ) ) ;
#9561 = CARTESIAN_POINT ( 'NONE',  ( -1.301022788164466260, -37.40000000000000568, -40.13802362969573778 ) ) ;
#9562 = CARTESIAN_POINT ( 'NONE',  ( 0.1016644731461511797, -12.84671386194250964, -7.118376445252945217 ) ) ;
#9563 = CARTESIAN_POINT ( 'NONE',  ( -9.299999999999998934, -2.799999999999998046, 3.059956426705022103 ) ) ;
#9564 = CARTESIAN_POINT ( 'NONE',  ( 7.500000000000000000, -26.39999999999999858, 2.000000000000000000 ) ) ;
#9565 = CARTESIAN_POINT ( 'NONE',  ( -22.00818331425549701, -39.40000000000002700, 38.69202754201197081 ) ) ;
#9566 = CARTESIAN_POINT ( 'NONE',  ( 0.2471288756777885176, -36.28323225210205294, 2.298387619896083311 ) ) ;
#9567 = ORIENTED_EDGE ( 'NONE', *, *, #2107, .F. ) ;
#9568 = DIRECTION ( 'NONE',  ( -0.000000000000000000, -1.000000000000000000, 0.000000000000000000 ) ) ;
#9569 = ADVANCED_FACE ( 'NONE', ( #4376 ), #3748, .F. ) ;
#9570 = CARTESIAN_POINT ( 'NONE',  ( 0.1351142095346196670, -3.024365904200001953, -9.652768524407596473 ) ) ;
#9571 = ADVANCED_FACE ( 'NONE', ( #16 ), #716, .F. ) ;
#9572 = DIRECTION ( 'NONE',  ( 9.251858538542976511E-17, 1.133025894539076609E-32, 1.000000000000000000 ) ) ;
#9573 = VECTOR ( 'NONE', #2921, 1000.000000000000000 ) ;
#9574 = CARTESIAN_POINT ( 'NONE',  ( 0.01648282397505675817, -26.64273982461313395, 2.542876695477331861 ) ) ;
#9575 = AXIS2_PLACEMENT_3D ( 'NONE', #698, #5994, #2278 ) ;
#9576 = ORIENTED_EDGE ( 'NONE', *, *, #4439, .F. ) ;
#9577 = VERTEX_POINT ( 'NONE', #2919 ) ;
#9578 = ORIENTED_EDGE ( 'NONE', *, *, #1352, .F. ) ;
#9579 = LINE ( 'NONE', #7416, #1038 ) ;
#9580 = CARTESIAN_POINT ( 'NONE',  ( 0.4397376543283821881, -12.75055851413522490, -9.933889893952246197 ) ) ;
#9581 = CARTESIAN_POINT ( 'NONE',  ( -20.34575990758722952, -1.999999999999999556, -35.72381345982586254 ) ) ;
#9582 = VERTEX_POINT ( 'NONE', #6575 ) ;
#9583 = CARTESIAN_POINT ( 'NONE',  ( 0.1154267357475341899, -26.40711311345000922, 2.069271248664622753 ) ) ;
#9584 = DIRECTION ( 'NONE',  ( -9.251858538542972814E-17, -1.133025894539076336E-32, -1.000000000000000000 ) ) ;
#9585 = AXIS2_PLACEMENT_3D ( 'NONE', #5698, #9444, #8616 ) ;
#9586 = DIRECTION ( 'NONE',  ( -0.000000000000000000, 0.000000000000000000, 1.000000000000000000 ) ) ;
#9587 = CIRCLE ( 'NONE', #2389, 2.000000000000001776 ) ;
#9588 = CARTESIAN_POINT ( 'NONE',  ( 0.09999999999999939493, -12.49999999999999822, -10.00000000000000000 ) ) ;
#9589 = EDGE_CURVE ( 'NONE', #9099, #3252, #792, .T. ) ;
#9590 = CARTESIAN_POINT ( 'NONE',  ( -9.694876174202859076, -39.39999999999999147, 42.91968432336839356 ) ) ;
#9591 = CARTESIAN_POINT ( 'NONE',  ( 0.04882544355251073470, -36.41407712704172184, -2.082701009917376389 ) ) ;
#9592 = ORIENTED_EDGE ( 'NONE', *, *, #7470, .T. ) ;
#9593 = CIRCLE ( 'NONE', #5819, 2.000000000000000000 ) ;
#9594 = VECTOR ( 'NONE', #2377, 1000.000000000000000 ) ;
#9595 = DIRECTION ( 'NONE',  ( -4.625929269271491954E-17, 0.8660254037844383745, -0.5000000000000004441 ) ) ;
#9596 = ORIENTED_EDGE ( 'NONE', *, *, #1785, .F. ) ;
#9597 = CARTESIAN_POINT ( 'NONE',  ( -2.001047449793055044, -4.288362157133859221E-16, -33.80477886647729946 ) ) ;
#9598 = CARTESIAN_POINT ( 'NONE',  ( 0.09999999999999939493, -19.70000000000000284, -2.600000000000000089 ) ) ;
#9599 = CARTESIAN_POINT ( 'NONE',  ( -16.29999999999999716, -36.69999999999998153, -6.382308546376036062 ) ) ;
#9600 = CARTESIAN_POINT ( 'NONE',  ( 0.000000000000000000, -37.39999999999999147, -32.30000000000001137 ) ) ;
#9601 = EDGE_CURVE ( 'NONE', #8137, #404, #6500, .T. ) ;
#9602 = ORIENTED_EDGE ( 'NONE', *, *, #8697, .T. ) ;
#9603 = ORIENTED_EDGE ( 'NONE', *, *, #7380, .F. ) ;
#9604 = LINE ( 'NONE', #8128, #4548 ) ;
#9605 = FACE_OUTER_BOUND ( 'NONE', #6112, .T. ) ;
#9606 = CARTESIAN_POINT ( 'NONE',  ( 0.4397376543209871036, -36.39674658458353917, 2.065449309234397290 ) ) ;
#9607 = CARTESIAN_POINT ( 'NONE',  ( 0.2610620545556163186, -36.28524106283200723, -2.299140942392500442 ) ) ;
#9608 = CARTESIAN_POINT ( 'NONE',  ( -16.29999999999999361, -1.999999999999865663, 24.80000000000001492 ) ) ;
#9609 = ADVANCED_FACE ( 'NONE', ( #8955 ), #8211, .F. ) ;
#9610 = CARTESIAN_POINT ( 'NONE',  ( -0.08428178254260232372, -39.39999999999999147, -35.44642790117853792 ) ) ;
#9611 = ORIENTED_EDGE ( 'NONE', *, *, #2609, .T. ) ;
#9612 = CARTESIAN_POINT ( 'NONE',  ( 0.2461052673793917844, -12.79600006337003926, -7.118647967448990421 ) ) ;
#9613 = CARTESIAN_POINT ( 'NONE',  ( -16.30000000000000426, -37.40000000000001279, -26.93611525448111621 ) ) ;
#9614 = DIRECTION ( 'NONE',  ( -0.000000000000000000, -0.000000000000000000, -1.000000000000000000 ) ) ;
#9615 = CARTESIAN_POINT ( 'NONE',  ( -21.05518610369952626, -39.40000000000002700, 38.34432145671342340 ) ) ;
#9616 = CARTESIAN_POINT ( 'NONE',  ( 0.1433665419024971466, -36.36185248563963057, 2.178868881909935773 ) ) ;
#9617 = EDGE_LOOP ( 'NONE', ( #6079, #5291, #7490, #9011, #8449, #3642 ) ) ;
#9618 = DIRECTION ( 'NONE',  ( 0.000000000000000000, -0.5000000000000134337, 0.8660254037844309360 ) ) ;
#9619 = EDGE_CURVE ( 'NONE', #8836, #9687, #4636, .T. ) ;
#9620 = DIRECTION ( 'NONE',  ( -0.000000000000000000, -0.8660254037844266062, -0.5000000000000209832 ) ) ;
#9621 = CARTESIAN_POINT ( 'NONE',  ( 0.1358053004108964457, -3.024384351708511609, -9.652330614764979444 ) ) ;
#9622 = CARTESIAN_POINT ( 'NONE',  ( 0.000000000000000000, -39.39999999999999858, 45.00000000000000000 ) ) ;
#9623 = CARTESIAN_POINT ( 'NONE',  ( 0.02671071723196800571, -26.71816062550987780, 2.530306566022307191 ) ) ;
#9624 = ORIENTED_EDGE ( 'NONE', *, *, #224, .F. ) ;
#9625 = ORIENTED_EDGE ( 'NONE', *, *, #6728, .F. ) ;
#9626 = VERTEX_POINT ( 'NONE', #8111 ) ;
#9627 = DIRECTION ( 'NONE',  ( 0.000000000000000000, 0.5000000000000007772, -0.8660254037844381525 ) ) ;
#9628 = CARTESIAN_POINT ( 'NONE',  ( 0.1428853036795491305, -12.96182164563979278, -9.679131588322507085 ) ) ;
#9629 = CARTESIAN_POINT ( 'NONE',  ( -22.61973133870991859, 3.312608134551501674E-13, -36.78619246416722888 ) ) ;
#9630 = VERTEX_POINT ( 'NONE', #8908 ) ;
#9631 = EDGE_CURVE ( 'NONE', #2197, #2588, #9035, .T. ) ;
#9632 = CARTESIAN_POINT ( 'NONE',  ( 0.1040424905803284256, -26.42607331772243029, 2.160276006073951649 ) ) ;
#9633 = DIRECTION ( 'NONE',  ( 0.000000000000000000, 0.000000000000000000, -1.000000000000000000 ) ) ;
#9634 = DIRECTION ( 'NONE',  ( 0.000000000000000000, 0.000000000000000000, 1.000000000000000000 ) ) ;
#9635 = CARTESIAN_POINT ( 'NONE',  ( 0.4397376543209853272, -26.73889217081890735, -2.474463052294900933 ) ) ;
#9636 = AXIS2_PLACEMENT_3D ( 'NONE', #3964, #8338, #9269 ) ;
#9637 = LINE ( 'NONE', #7271, #9573 ) ;
#9638 = DIRECTION ( 'NONE',  ( -1.000000000000000000, 0.000000000000000000, 9.251858538542972814E-17 ) ) ;
#9639 = ORIENTED_EDGE ( 'NONE', *, *, #3968, .F. ) ;
#9640 = CARTESIAN_POINT ( 'NONE',  ( 0.4397376543092828549, -36.40000000000000568, -2.130899693899575009 ) ) ;
#9641 = VERTEX_POINT ( 'NONE', #8361 ) ;
#9642 = ADVANCED_FACE ( 'NONE', ( #5363 ), #3892, .F. ) ;
#9643 = CARTESIAN_POINT ( 'NONE',  ( -1.703519037013419002, -1.999999999999999112, -40.84220498053705484 ) ) ;
#9644 = VECTOR ( 'NONE', #1890, 1000.000000000000000 ) ;
#9645 = SPHERICAL_SURFACE ( 'NONE', #2490, 0.1000000000000000056 ) ;
#9646 = B_SPLINE_CURVE_WITH_KNOTS ( 'NONE', 3,
 ( #2572, #8412, #3253, #351, #7865, #3988, #1828, #5462, #4811, #940 ),
 .UNSPECIFIED., .F., .F.,
 ( 4, 2, 2, 2, 4 ),
 ( 0.000000000000000000, 0.2500000000000000000, 0.5000000000000000000, 0.7500000000000000000, 1.000000000000000000 ),
 .UNSPECIFIED. ) ;
#9647 = DIRECTION ( 'NONE',  ( 1.629382355657560323E-32, 1.000000000000000000, 1.761140584748027671E-16 ) ) ;
#9648 = CARTESIAN_POINT ( 'NONE',  ( -4.741838262958170347, -3.950497456590689071E-16, 41.28218857261609998 ) ) ;
#9649 = ORIENTED_EDGE ( 'NONE', *, *, #2711, .T. ) ;
#9650 = ORIENTED_EDGE ( 'NONE', *, *, #8774, .T. ) ;
#9651 = DIRECTION ( 'NONE',  ( 4.625929269271493802E-17, 0.8660254037844382635, 0.5000000000000007772 ) ) ;
#9652 = DIRECTION ( 'NONE',  ( -4.625929269271490721E-17, 0.8660254037844383745, -0.5000000000000004441 ) ) ;
#9653 = CARTESIAN_POINT ( 'NONE',  ( 0.000000000000000000, -2.000000000000002665, 32.30000000000000426 ) ) ;
#9654 = CARTESIAN_POINT ( 'NONE',  ( 0.1741086412581923093, -36.31851482304479362, -2.265845172544957986 ) ) ;
#9655 = EDGE_CURVE ( 'NONE', #4118, #5666, #4561, .T. ) ;
#9656 = PLANE ( 'NONE',  #6214 ) ;
#9657 = CARTESIAN_POINT ( 'NONE',  ( -2.399702474502303673, -39.40000000000000568, -41.81629578302022310 ) ) ;
#9658 = ORIENTED_EDGE ( 'NONE', *, *, #3707, .T. ) ;
#9659 = CARTESIAN_POINT ( 'NONE',  ( 0.09621752899302436768, -12.93047822441947758, -7.209151624869706509 ) ) ;
#9660 = CARTESIAN_POINT ( 'NONE',  ( -16.24794535333662537, -37.92349576871856698, 24.80000000000001847 ) ) ;
#9661 = DIRECTION ( 'NONE',  ( -1.734723475976806848E-16, 1.000000000000000000, 0.000000000000000000 ) ) ;
#9662 = CARTESIAN_POINT ( 'NONE',  ( -19.37810705586613835, -39.39999999999999147, 34.99760044384149182 ) ) ;
#9663 = CARTESIAN_POINT ( 'NONE',  ( 0.1016644731461546214, -36.29907840114933748, 2.329259015540232181 ) ) ;
#9664 = ORIENTED_EDGE ( 'NONE', *, *, #6088, .T. ) ;
#9665 = EDGE_CURVE ( 'NONE', #6080, #302, #8406, .T. ) ;
#9666 = DIRECTION ( 'NONE',  ( 9.251858538542972814E-17, 5.723103233284423621E-16, 1.000000000000000000 ) ) ;
#9667 = AXIS2_PLACEMENT_3D ( 'NONE', #1094, #225, #8424 ) ;
#9668 = DIRECTION ( 'NONE',  ( -0.7071067811865378028, 0.000000000000000000, 0.7071067811865573427 ) ) ;
#9669 = CARTESIAN_POINT ( 'NONE',  ( 0.1051262857740334344, -3.080745098877811117, -9.786707941436139535 ) ) ;
#9670 = CARTESIAN_POINT ( 'NONE',  ( -3.108686111936668439, -4.523922752521677951E-16, 39.27584102828763690 ) ) ;
#9671 = DIRECTION ( 'NONE',  ( 9.251858538542975279E-17, 5.723103233284416719E-16, 1.000000000000000000 ) ) ;
#9672 = AXIS2_PLACEMENT_3D ( 'NONE', #6119, #49, #5394 ) ;
#9673 = ORIENTED_EDGE ( 'NONE', *, *, #6230, .F. ) ;
#9674 = ORIENTED_EDGE ( 'NONE', *, *, #633, .F. ) ;
#9675 = VERTEX_POINT ( 'NONE', #6830 ) ;
#9676 = CARTESIAN_POINT ( 'NONE',  ( -16.30000000000000071, 4.336808689942017736E-16, 24.80000000000001847 ) ) ;
#9677 = CARTESIAN_POINT ( 'NONE',  ( 0.1733580002459329805, -12.76048170130935056, -9.916419561631826696 ) ) ;
#9678 = CARTESIAN_POINT ( 'NONE',  ( -19.04696385011273208, 1.709428689856163728E-15, -37.26289432084535491 ) ) ;
#9679 = ORIENTED_EDGE ( 'NONE', *, *, #8822, .F. ) ;
#9680 = CARTESIAN_POINT ( 'NONE',  ( 0.1533086825210565607, -26.43799893657940459, 2.174750061076489605 ) ) ;
#9681 = PLANE ( 'NONE',  #7859 ) ;
#9682 = DIRECTION ( 'NONE',  ( 1.000000000000000000, 0.000000000000000000, 0.000000000000000000 ) ) ;
#9683 = B_SPLINE_CURVE_WITH_KNOTS ( 'NONE', 3,
 ( #5492, #4163, #3387, #3337, #7053, #6220, #4070, #8641, #6362, #5627 ),
 .UNSPECIFIED., .F., .F.,
 ( 4, 2, 2, 2, 4 ),
 ( 0.000000000000000000, 0.2500000000000000000, 0.5000000000000000000, 0.7500000000000000000, 1.000000000000000000 ),
 .UNSPECIFIED. ) ;
#9684 = CARTESIAN_POINT ( 'NONE',  ( -9.299999999999997158, -31.39999999999999858, 9.500000000000001776 ) ) ;
#9685 = CARTESIAN_POINT ( 'NONE',  ( 0.07942278206049352418, -26.68964284578766666, -2.489352755989614252 ) ) ;
#9686 = CARTESIAN_POINT ( 'NONE',  ( -9.399999999999998579, -13.19999999999999574, 3.059956426705025212 ) ) ;
#9687 = VERTEX_POINT ( 'NONE', #7622 ) ;
#9688 = AXIS2_PLACEMENT_3D ( 'NONE', #304, #3300, #3255 ) ;
#9689 = CARTESIAN_POINT ( 'NONE',  ( -16.29999999999999361, -37.39999999999999858, 24.13000000000000611 ) ) ;
#9690 = ORIENTED_EDGE ( 'NONE', *, *, #870, .F. ) ;
#9691 = CARTESIAN_POINT ( 'NONE',  ( -0.4006663152036390452, -38.62909343994981270, 32.30000000000000426 ) ) ;
#9692 = CARTESIAN_POINT ( 'NONE',  ( 0.4397376543083739153, -2.999999999999999556, -7.500000000000000000 ) ) ;
#9693 = AXIS2_PLACEMENT_3D ( 'NONE', #4854, #7209, #4122 ) ;
#9694 = CARTESIAN_POINT ( 'NONE',  ( -16.30000000000000426, -12.47666666666666835, -24.79999999999999716 ) ) ;
#9695 = DIRECTION ( 'NONE',  ( -1.734723475976807834E-16, 1.000000000000000000, 0.000000000000000000 ) ) ;
#9696 = EDGE_CURVE ( 'NONE', #1506, #4341, #6195, .T. ) ;
#9697 = DIRECTION ( 'NONE',  ( 0.000000000000000000, -0.5000000000000134337, -0.8660254037844309360 ) ) ;
#9698 = ADVANCED_FACE ( 'NONE', ( #6176 ), #6877, .T. ) ;
#9699 = ORIENTED_EDGE ( 'NONE', *, *, #1528, .T. ) ;
#9700 = DIRECTION ( 'NONE',  ( 1.000000000000000000, -0.000000000000000000, 0.000000000000000000 ) ) ;
#9701 = CARTESIAN_POINT ( 'NONE',  ( -16.29999999999999716, -31.29999999999998650, 15.61991285341003355 ) ) ;
#9702 = AXIS2_PLACEMENT_3D ( 'NONE', #9068, #2339, #4207 ) ;
#9703 = CARTESIAN_POINT ( 'NONE',  ( 0.1702994039091989820, -36.20711457077449325, -2.381286455667730007 ) ) ;
#9704 = SPHERICAL_SURFACE ( 'NONE', #6598, 0.5000000000000000000 ) ;
#9705 = CARTESIAN_POINT ( 'NONE',  ( -1.526043014978912593, -37.40000000000000568, -40.56629833108835470 ) ) ;
#9706 = EDGE_LOOP ( 'NONE', ( #7557, #1080, #1818, #4706 ) ) ;
#9707 = CARTESIAN_POINT ( 'NONE',  ( 0.2423862401116880505, -12.91910909839712929, -7.253914626965481283 ) ) ;
#9708 = ADVANCED_FACE ( 'NONE', ( #5500 ), #1770, .T. ) ;
#9709 = CARTESIAN_POINT ( 'NONE',  ( -29.00000000000000000, -39.40000000000000568, -37.50000000000000000 ) ) ;
#9710 = CARTESIAN_POINT ( 'NONE',  ( -3.285180242531193340, -39.40000000000000568, -39.60592608570894413 ) ) ;
#9711 = CARTESIAN_POINT ( 'NONE',  ( 0.08373167235189347968, -26.42001812325119658, -2.194706437796024368 ) ) ;
#9712 = CARTESIAN_POINT ( 'NONE',  ( 0.1354960816867672169, -36.37428196296200156, 2.143785669821633988 ) ) ;
#9713 = ORIENTED_EDGE ( 'NONE', *, *, #1996, .F. ) ;
#9714 = CARTESIAN_POINT ( 'NONE',  ( -8.724870695485932970, -37.39999999999999147, 44.83325694594942945 ) ) ;
ENDSEC;
END-ISO-10303-21;
