TimeSlice	Time	ankle_L	hip_L	knee_L
2500	0.5	-0.346302	0.401428	-0.000284423
2505	0.501	-0.346393	0.401428	-0.000284426
2510	0.502	-0.346483	0.401428	-0.000284291
2515	0.503	-0.346572	0.401428	-0.000284364
2520	0.504	-0.34666	0.401428	-0.000284439
2525	0.505	-0.346747	0.401428	-0.000284498
2530	0.506	-0.346833	0.401428	-0.00028451
2535	0.507	-0.346917	0.401428	-0.000284521
2540	0.508	-0.347001	0.401428	-0.000284509
2545	0.509	-0.347084	0.401428	-0.0002845
2550	0.51	-0.347167	0.401428	-0.000284482
2555	0.511	-0.347248	0.401428	-0.000284469
2560	0.512	-0.347329	0.401428	-0.000284471
2565	0.513	-0.347409	0.401428	-0.000284331
2570	0.514	-0.347488	0.401428	-0.000284402
2575	0.515	-0.347566	0.401428	-0.000284466
2580	0.516	-0.347643	0.401428	-0.000284517
2585	0.517	-0.347719	0.401428	-0.000284533
2590	0.518	-0.347794	0.401428	-0.000284544
2595	0.519	-0.347869	0.401428	-0.000284533
2600	0.52	-0.347942	0.401428	-0.000284525
2605	0.521	-0.348015	0.401428	-0.000284513
2610	0.522	-0.348088	0.401428	-0.00028451
2615	0.523	-0.348159	0.401428	-0.000284525
2620	0.524	-0.348231	0.401428	-0.00028439
2625	0.525	-0.348301	0.401428	-0.000284461
2630	0.526	-0.34837	0.401428	-0.00028452
2635	0.527	-0.348439	0.401428	-0.000284562
2640	0.528	-0.348506	0.401428	-0.000284571
2645	0.529	-0.348573	0.401428	-0.000284579
2650	0.53	-0.348639	0.401428	-0.000284572
2655	0.531	-0.348705	0.401428	-0.000284565
2660	0.532	-0.34877	0.401428	-0.000284555
2665	0.533	-0.348834	0.401428	-0.000284538
2670	0.534	-0.348898	0.401428	-0.000284537
2675	0.535	-0.348961	0.401428	-0.00028439
2680	0.536	-0.349023	0.401428	-0.000284456
2685	0.537	-0.349085	0.401428	-0.000284521
2690	0.538	-0.349069	0.401428	-0.000280971
2695	0.539	-0.349067	0.401428	-0.000279261
2700	0.54	-0.349068	0.401428	-0.000279024
2705	0.541	-0.349068	0.401428	-0.000279875
2710	0.542	-0.349068	0.401428	-0.000281479
2715	0.543	-0.349068	0.401428	-0.000283388
2720	0.544	-0.349068	0.401428	-0.000285181
2725	0.545	-0.349068	0.401428	-0.000286558
2730	0.546	-0.349068	0.401428	-0.000287164
2735	0.547	-0.349068	0.401428	-0.000287351
2740	0.548	-0.349069	0.401428	-0.000287008
2745	0.549	-0.349069	0.401428	-0.000286304
2750	0.55	-0.349069	0.401428	-0.000285419
2755	0.551	-0.349069	0.401428	-0.000284577
2760	0.552	-0.349069	0.401428	-0.000283912
2765	0.553	-0.349069	0.401428	-0.000283529
2770	0.554	-0.349069	0.401428	-0.00028344
2775	0.555	-0.349069	0.401428	-0.000283606
2780	0.556	-0.349069	0.401428	-0.00028396
2785	0.557	-0.349069	0.401428	-0.000284228
2790	0.558	-0.349069	0.401428	-0.000284695
2795	0.559	-0.349069	0.401428	-0.000285079
2800	0.56	-0.349069	0.401428	-0.00028533
2805	0.561	-0.349069	0.401428	-0.000285403
2810	0.562	-0.349069	0.401428	-0.000285342
2815	0.563	-0.349069	0.401428	-0.000285165
2820	0.564	-0.349069	0.401428	-0.000284942
2825	0.565	-0.349069	0.401428	-0.000284942
2830	0.566	-0.349069	0.401428	-0.000284717
2835	0.567	-0.349069	0.401428	-0.000284795
2840	0.568	-0.349069	0.401428	-0.000284668
2845	0.569	-0.349069	0.401428	-0.000284736
2850	0.57	-0.349069	0.401428	-0.000284792
2855	0.571	-0.349069	0.401428	-0.000284831
2860	0.572	-0.349069	0.401428	-0.000284829
2865	0.573	-0.349069	0.401428	-0.000284816
2870	0.574	-0.349069	0.401428	-0.00028478
2875	0.575	-0.349069	0.401428	-0.000284744
2880	0.576	-0.349069	0.401428	-0.000284744
2885	0.577	-0.349069	0.401428	-0.000284706
2890	0.578	-0.349069	0.401428	-0.000284779
2895	0.579	-0.349069	0.401428	-0.000284651
2900	0.58	-0.349069	0.401428	-0.000284721
2905	0.581	-0.349069	0.401428	-0.00028478
2910	0.582	-0.349069	0.401428	-0.000284824
2915	0.583	-0.349069	0.401428	-0.000284826
2920	0.584	-0.349069	0.401428	-0.000284817
2925	0.585	-0.349069	0.401428	-0.000284783
2930	0.586	-0.349069	0.401428	-0.000284747
2935	0.587	-0.349069	0.401428	-0.000284747
2940	0.588	-0.349069	0.401428	-0.000284712
2945	0.589	-0.349069	0.401428	-0.00028478
2950	0.59	-0.349069	0.401428	-0.00028465
2955	0.591	-0.349069	0.401428	-0.000284718
2960	0.592	-0.349069	0.401428	-0.000284778
2965	0.593	-0.349069	0.401428	-0.000284823
2970	0.594	-0.349069	0.401428	-0.000284827
2975	0.595	-0.349069	0.401428	-0.00028482
2980	0.596	-0.349069	0.401428	-0.000284788
2985	0.597	-0.349069	0.401428	-0.000284753
2990	0.598	-0.349069	0.401428	-0.000284753
2995	0.599	-0.349069	0.401428	-0.000284718
3000	0.6	-0.349069	0.401428	-0.000284781
3005	0.601	-0.349069	0.401428	-0.000284648
3010	0.602	-0.349069	0.401428	-0.000284714
3015	0.603	-0.349069	0.401428	-0.000284774
3020	0.604	-0.349069	0.401428	-0.00028482
3025	0.605	-0.349069	0.401428	-0.000284825
3030	0.606	-0.349069	0.401428	-0.000284816
3035	0.607	-0.349069	0.401428	-0.000284782
3040	0.608	-0.349069	0.401428	-0.000284745
3045	0.609	-0.349069	0.401428	-0.000284745
3050	0.61	-0.349069	0.401428	-0.000284707
3055	0.611	-0.349069	0.401428	-0.000284767
3060	0.612	-0.349069	0.401428	-0.000284634
3065	0.613	-0.349069	0.401428	-0.000284701
3070	0.614	-0.349069	0.401428	-0.000284764
3075	0.615	-0.349069	0.401428	-0.000284813
3080	0.616	-0.349069	0.401428	-0.000284823
3085	0.617	-0.349069	0.401428	-0.00028482
3090	0.618	-0.349069	0.401428	-0.000284793
3095	0.619	-0.349069	0.401428	-0.000284761
3100	0.62	-0.349069	0.401428	-0.000284761
3105	0.621	-0.349069	0.401428	-0.000284726
3110	0.622	-0.349069	0.401428	-0.00028478
3115	0.623	-0.349069	0.401428	-0.000284641
3120	0.624	-0.349069	0.401428	-0.000284703
3125	0.625	-0.349069	0.401428	-0.00028476
3130	0.626	-0.349069	0.401428	-0.000284807
3135	0.627	-0.349069	0.401428	-0.000284816
3140	0.628	-0.349069	0.401428	-0.000284815
3145	0.629	-0.349069	0.401428	-0.000284789
3150	0.63	-0.349069	0.401428	-0.000284759
3155	0.631	-0.349069	0.401428	-0.000284759
3160	0.632	-0.349069	0.401428	-0.000284727
3165	0.633	-0.349069	0.401428	-0.000284777
3170	0.634	-0.349069	0.401428	-0.000284636
3175	0.635	-0.349069	0.401428	-0.000284697
3180	0.636	-0.349069	0.401428	-0.000284756
3185	0.637	-0.349069	0.401428	-0.000284804
3190	0.638	-0.349069	0.401428	-0.000284815
3195	0.639	-0.349069	0.401428	-0.000284815
3200	0.64	-0.349069	0.401428	-0.000284791
3205	0.641	-0.349069	0.401428	-0.000284762
3210	0.642	-0.349069	0.401428	-0.000284762
3215	0.643	-0.349069	0.401428	-0.000284731
3220	0.644	-0.349069	0.401428	-0.000284775
3225	0.645	-0.349069	0.401428	-0.000284629
3230	0.646	-0.349069	0.401428	-0.000284689
3235	0.647	-0.349069	0.401428	-0.000284749
3240	0.648	-0.349069	0.401428	-0.000284798
3245	0.649	-0.349069	0.401428	-0.000284809
3250	0.65	-0.349069	0.401428	-0.00028481
3255	0.651	-0.349069	0.401428	-0.000284786
3260	0.652	-0.349069	0.401428	-0.000284758
3265	0.653	-0.349069	0.401428	-0.000284758
3270	0.654	-0.349069	0.401428	-0.000284726
3275	0.655	-0.349069	0.401428	-0.000284771
3280	0.656	-0.349069	0.401428	-0.000284628
3285	0.657	-0.349069	0.401428	-0.000284688
3290	0.658	-0.349069	0.401428	-0.000284747
3295	0.659	-0.349069	0.401428	-0.000284797
3300	0.66	-0.349069	0.401428	-0.000284812
3305	0.661	-0.349069	0.401428	-0.000284815
3310	0.662	-0.349069	0.401428	-0.000284794
3315	0.663	-0.349069	0.401428	-0.000284767
3320	0.664	-0.349069	0.401428	-0.000284736
3325	0.665	-0.349069	0.401428	-0.000284706
3330	0.666	-0.349069	0.401428	-0.000284697
3335	0.667	-0.349069	0.401428	-0.000284534
3340	0.668	-0.349069	0.401428	-0.000284595
3345	0.669	-0.349069	0.401428	-0.000284671
3350	0.67	-0.349069	0.401428	-0.00028475
3355	0.671	-0.349069	0.401428	-0.000284795
3360	0.672	-0.349069	0.401428	-0.000284827
3365	0.673	-0.349069	0.401428	-0.000284826
3370	0.674	-0.349069	0.401428	-0.00028481
3375	0.675	-0.349069	0.401428	-0.000284783
3380	0.676	-0.349069	0.401428	-0.00028475
3385	0.677	-0.349069	0.401428	-0.000284732
3390	0.678	-0.349069	0.401428	-0.000284558
3395	0.679	-0.349069	0.401428	-0.000284605
3400	0.68	-0.349069	0.401428	-0.000284667
3405	0.681	-0.349069	0.401428	-0.000284735
3410	0.682	-0.349069	0.401428	-0.000284777
3415	0.683	-0.349069	0.401428	-0.000284812
3420	0.684	-0.349069	0.401428	-0.000284819
3425	0.685	-0.349069	0.401428	-0.000284813
3430	0.686	-0.349069	0.401428	-0.000284791
3435	0.687	-0.349069	0.401428	-0.000284759
3440	0.688	-0.349069	0.401428	-0.000284759
3445	0.689	-0.349069	0.401428	-0.00028474
3450	0.69	-0.349069	0.401428	-0.000284636
3455	0.691	-0.349069	0.401428	-0.000284683
3460	0.692	-0.349069	0.401428	-0.000284759
3465	0.693	-0.349069	0.401428	-0.000284799
3470	0.694	-0.349069	0.401428	-0.000284825
3475	0.695	-0.349069	0.401428	-0.00028482
3480	0.696	-0.349069	0.401428	-0.000284802
3485	0.697	-0.349069	0.401428	-0.000284772
3490	0.698	-0.349069	0.401428	-0.000284736
3495	0.699	-0.349069	0.401428	-0.000284736
3500	0.7	-0.349069	0.401428	-0.000284717
3505	0.701	-0.349069	0.401428	-0.000284615
3510	0.702	-0.349069	0.401428	-0.000284669
3515	0.703	-0.349069	0.401428	-0.000284752
3520	0.704	-0.349069	0.401428	-0.000284799
3525	0.705	-0.349069	0.401428	-0.000284832
3530	0.706	-0.349069	0.401428	-0.00028483
3535	0.707	-0.349069	0.401428	-0.000284814
3540	0.708	-0.349069	0.401428	-0.000284782
3545	0.709	-0.349069	0.401428	-0.000284741
3550	0.71	-0.349069	0.401428	-0.000284741
3555	0.711	-0.349069	0.401428	-0.000284714
3560	0.712	-0.349069	0.401428	-0.00028461
3565	0.713	-0.349069	0.401428	-0.000284664
3570	0.714	-0.349069	0.401428	-0.00028475
3575	0.715	-0.349069	0.401428	-0.000284799
3580	0.716	-0.349069	0.401428	-0.00028483
3585	0.717	-0.349069	0.401428	-0.000284827
3590	0.718	-0.349069	0.401428	-0.000284808
3595	0.719	-0.349069	0.401428	-0.000284774
3600	0.72	-0.349069	0.401428	-0.000284734
3605	0.721	-0.349069	0.401428	-0.000284734
3610	0.722	-0.349069	0.401428	-0.000284711
3615	0.723	-0.349069	0.401428	-0.000284608
3620	0.724	-0.349069	0.401428	-0.000284661
3625	0.725	-0.349069	0.401428	-0.000284745
3630	0.726	-0.349069	0.401428	-0.000284793
3635	0.727	-0.349069	0.401428	-0.000284827
3640	0.728	-0.349069	0.401428	-0.000284828
3645	0.729	-0.349069	0.401428	-0.000284813
3650	0.73	-0.349069	0.401428	-0.000284783
3655	0.731	-0.349069	0.401428	-0.000284744
3660	0.732	-0.349069	0.401428	-0.000284744
3665	0.733	-0.349069	0.401428	-0.000284722
3670	0.734	-0.349069	0.401428	-0.000284616
3675	0.735	-0.349069	0.401428	-0.000284665
3680	0.736	-0.349069	0.401428	-0.000284746
3685	0.737	-0.349069	0.401428	-0.000284792
3690	0.738	-0.349069	0.401428	-0.000284824
3695	0.739	-0.349069	0.401428	-0.000284824
3700	0.74	-0.349069	0.401428	-0.00028481
3705	0.741	-0.349069	0.401428	-0.000284781
3710	0.742	-0.349069	0.401428	-0.000284744
3715	0.743	-0.349069	0.401428	-0.000284744
3720	0.744	-0.349069	0.401428	-0.000284722
3725	0.745	-0.349069	0.401428	-0.000284615
3730	0.746	-0.349069	0.401428	-0.000284663
3735	0.747	-0.349069	0.401428	-0.000284743
3740	0.748	-0.349069	0.401428	-0.000284787
3745	0.749	-0.349069	0.401428	-0.000284818
3750	0.75	-0.349069	0.401428	-0.000284818
3755	0.751	-0.349069	0.401428	-0.000284804
3760	0.752	-0.349069	0.401428	-0.000284776
3765	0.753	-0.349069	0.401428	-0.000284741
3770	0.754	-0.349069	0.401428	-0.000284741
3775	0.755	-0.349069	0.401428	-0.000284721
3780	0.756	-0.349069	0.401428	-0.000284613
3785	0.757	-0.349069	0.401428	-0.000284662
3790	0.758	-0.349069	0.401428	-0.000284743
3795	0.759	-0.349069	0.401428	-0.000284789
3800	0.76	-0.349069	0.401428	-0.000284822
3805	0.761	-0.349069	0.401428	-0.000284823
3810	0.762	-0.349069	0.401428	-0.000284809
3815	0.763	-0.349069	0.401428	-0.000284781
3820	0.764	-0.349069	0.401428	-0.000284745
3825	0.765	-0.349069	0.401428	-0.000284745
3830	0.766	-0.349069	0.401428	-0.000284723
3835	0.767	-0.349069	0.401428	-0.000284614
3840	0.768	-0.349069	0.401428	-0.000284663
3845	0.769	-0.349069	0.401428	-0.000284742
3850	0.77	-0.349069	0.401428	-0.000284788
3855	0.771	-0.349069	0.401428	-0.000284821
3860	0.772	-0.349069	0.401428	-0.000284822
3865	0.773	-0.349069	0.401428	-0.000284809
3870	0.774	-0.349069	0.401428	-0.000284781
3875	0.775	-0.349069	0.401428	-0.000284745
3880	0.776	-0.349069	0.401428	-0.000284745
3885	0.777	-0.349069	0.401428	-0.000284724
3890	0.778	-0.349069	0.401428	-0.000284615
3895	0.779	-0.349069	0.401428	-0.000284662
3900	0.78	-0.349069	0.401428	-0.000284742
3905	0.781	-0.349069	0.401428	-0.000284787
3910	0.782	-0.349069	0.401428	-0.00028482
3915	0.783	-0.349069	0.401428	-0.000284822
3920	0.784	-0.349069	0.401428	-0.000284809
3925	0.785	-0.349069	0.401428	-0.000284781
3930	0.786	-0.349069	0.401428	-0.000284746
3935	0.787	-0.349069	0.401428	-0.000284746
3940	0.788	-0.349069	0.401428	-0.000284725
3945	0.789	-0.349069	0.401428	-0.000284614
3950	0.79	-0.349069	0.401428	-0.000284661
3955	0.791	-0.349069	0.401428	-0.000284741
3960	0.792	-0.349069	0.401428	-0.000284786
3965	0.793	-0.349069	0.401428	-0.00028482
3970	0.794	-0.349069	0.401428	-0.000284821
3975	0.795	-0.349069	0.401428	-0.000284809
3980	0.796	-0.349069	0.401428	-0.000284782
3985	0.797	-0.349069	0.401428	-0.000284746
3990	0.798	-0.349069	0.401428	-0.000284746
3995	0.799	-0.349069	0.401428	-0.000284725
4000	0.8	-0.349069	0.401428	-0.000284614
4005	0.801	-0.349069	0.401428	-0.00028466
4010	0.802	-0.349069	0.401428	-0.00028474
4015	0.803	-0.349069	0.401428	-0.000284785
4020	0.804	-0.349069	0.401428	-0.000284819
4025	0.805	-0.349069	0.401428	-0.000284821
4030	0.806	-0.349069	0.401428	-0.000284809
4035	0.807	-0.349069	0.401428	-0.000284782
4040	0.808	-0.349069	0.401428	-0.000284747
4045	0.809	-0.349069	0.401428	-0.000284747
4050	0.81	-0.349069	0.401428	-0.000284727
4055	0.811	-0.349069	0.401428	-0.000284615
4060	0.812	-0.349069	0.401428	-0.00028466
4065	0.813	-0.349069	0.401428	-0.000284738
4070	0.814	-0.349069	0.401428	-0.000284782
4075	0.815	-0.349069	0.401428	-0.000284815
4080	0.816	-0.349069	0.401428	-0.000284817
4085	0.817	-0.349069	0.401428	-0.000284805
4090	0.818	-0.349069	0.401428	-0.000284778
4095	0.819	-0.349069	0.401428	-0.000284744
4100	0.82	-0.349069	0.401428	-0.000284744
4105	0.821	-0.349069	0.401428	-0.000284725
4110	0.822	-0.349069	0.401428	-0.000284613
4115	0.823	-0.349069	0.401428	-0.000284659
4120	0.824	-0.349069	0.401428	-0.000284738
4125	0.825	-0.349069	0.401428	-0.000284784
4130	0.826	-0.349069	0.401428	-0.000284817
4135	0.827	-0.349069	0.401428	-0.00028482
4140	0.828	-0.349069	0.401428	-0.000284808
4145	0.829	-0.349069	0.401428	-0.000284782
4150	0.83	-0.349069	0.401428	-0.000284747
4155	0.831	-0.349069	0.401428	-0.000284747
4160	0.832	-0.349069	0.401428	-0.000284726
4165	0.833	-0.349069	0.401428	-0.000284614
4170	0.834	-0.349069	0.401428	-0.00028466
4175	0.835	-0.349069	0.401428	-0.000284738
4180	0.836	-0.349069	0.401428	-0.000284784
4185	0.837	-0.349069	0.401428	-0.000284817
4190	0.838	-0.349069	0.401428	-0.000284821
4195	0.839	-0.349069	0.401428	-0.00028481
4200	0.84	-0.349069	0.401428	-0.000284785
4205	0.841	-0.349069	0.401428	-0.00028475
4210	0.842	-0.349069	0.401428	-0.00028475
4215	0.843	-0.349069	0.401428	-0.000284729
4220	0.844	-0.349069	0.401428	-0.000284616
4225	0.845	-0.349069	0.401428	-0.00028466
4230	0.846	-0.349069	0.401428	-0.000284737
4235	0.847	-0.349069	0.401428	-0.00028478
4240	0.848	-0.349069	0.401428	-0.000284813
4245	0.849	-0.349069	0.401428	-0.000284816
4250	0.85	-0.349069	0.401428	-0.000284804
4255	0.851	-0.349069	0.401428	-0.000284779
4260	0.852	-0.349069	0.401428	-0.000284745
4265	0.853	-0.349069	0.401428	-0.000284745
4270	0.854	-0.349069	0.401428	-0.000284726
4275	0.855	-0.349069	0.401428	-0.000284613
4280	0.856	-0.349069	0.401428	-0.000284658
4285	0.857	-0.349069	0.401428	-0.000284737
4290	0.858	-0.349069	0.401428	-0.000284782
4295	0.859	-0.349069	0.401428	-0.000284816
4300	0.86	-0.349069	0.401428	-0.000284819
4305	0.861	-0.349069	0.401428	-0.000284808
4310	0.862	-0.349069	0.401428	-0.000284782
4315	0.863	-0.349069	0.401428	-0.000284747
4320	0.864	-0.349069	0.401428	-0.000284747
4325	0.865	-0.349069	0.401428	-0.000284727
4330	0.866	-0.349069	0.401428	-0.000284614
4335	0.867	-0.349069	0.401428	-0.000284659
4340	0.868	-0.349069	0.401428	-0.000284737
4345	0.869	-0.349069	0.401428	-0.000284782
4350	0.87	-0.349069	0.401428	-0.000284816
4355	0.871	-0.349069	0.401428	-0.000284819
4360	0.872	-0.349069	0.401428	-0.000284807
4365	0.873	-0.349069	0.401428	-0.000284782
4370	0.874	-0.349069	0.401428	-0.000284747
4375	0.875	-0.349069	0.401428	-0.000284747
4380	0.876	-0.349069	0.401428	-0.000284727
4385	0.877	-0.349069	0.401428	-0.000284613
4390	0.878	-0.349069	0.401428	-0.000284659
4395	0.879	-0.349069	0.401428	-0.000284737
4400	0.88	-0.349069	0.401428	-0.000284782
4405	0.881	-0.349069	0.401428	-0.000284816
4410	0.882	-0.349069	0.401428	-0.000284819
4415	0.883	-0.349069	0.401428	-0.000284808
4420	0.884	-0.349069	0.401428	-0.000284782
4425	0.885	-0.349069	0.401428	-0.000284748
4430	0.886	-0.349069	0.401428	-0.000284748
4435	0.887	-0.349069	0.401428	-0.000284728
4440	0.888	-0.349069	0.401428	-0.000284614
4445	0.889	-0.349069	0.401428	-0.000284659
4450	0.89	-0.349069	0.401428	-0.000284736
4455	0.891	-0.349069	0.401428	-0.000284781
4460	0.892	-0.349069	0.401428	-0.000284815
4465	0.893	-0.349069	0.401428	-0.000284818
4470	0.894	-0.349069	0.401428	-0.000284807
4475	0.895	-0.349069	0.401428	-0.000284782
4480	0.896	-0.349069	0.401428	-0.000284748
4485	0.897	-0.349069	0.401428	-0.000284748
4490	0.898	-0.349069	0.401428	-0.000284728
4495	0.899	-0.349069	0.401428	-0.000284614
4500	0.9	-0.349069	0.401428	-0.000284658
4505	0.901	-0.349069	0.401428	-0.000284736
4510	0.902	-0.349069	0.401428	-0.000284781
4515	0.903	-0.349069	0.401428	-0.000284815
4520	0.904	-0.349069	0.401428	-0.000284818
4525	0.905	-0.349069	0.401428	-0.000284807
4530	0.906	-0.349069	0.401428	-0.000284782
4535	0.907	-0.349069	0.401428	-0.000284748
4540	0.908	-0.349069	0.401428	-0.000284748
4545	0.909	-0.349069	0.401428	-0.000284728
4550	0.91	-0.349069	0.401428	-0.000284613
4555	0.911	-0.349069	0.401428	-0.000284658
4560	0.912	-0.349069	0.401428	-0.000284736
4565	0.913	-0.349069	0.401428	-0.000284781
4570	0.914	-0.349069	0.401428	-0.000284815
4575	0.915	-0.349069	0.401428	-0.000284818
4580	0.916	-0.349069	0.401428	-0.000284807
4585	0.917	-0.349069	0.401428	-0.000284782
4590	0.918	-0.349069	0.401428	-0.000284748
4595	0.919	-0.349069	0.401428	-0.000284748
4600	0.92	-0.349069	0.401428	-0.000284728
4605	0.921	-0.349069	0.401428	-0.000284613
4610	0.922	-0.349069	0.401428	-0.000284658
4615	0.923	-0.349069	0.401428	-0.000284735
4620	0.924	-0.349069	0.401428	-0.000284781
4625	0.925	-0.349069	0.401428	-0.000284815
4630	0.926	-0.349069	0.401428	-0.000284818
4635	0.927	-0.349069	0.401428	-0.000284807
4640	0.928	-0.349069	0.401428	-0.000284782
4645	0.929	-0.349069	0.401428	-0.000284748
4650	0.93	-0.349069	0.401428	-0.000284748
4655	0.931	-0.349069	0.401428	-0.000284728
4660	0.932	-0.349069	0.401428	-0.000284613
4665	0.933	-0.349069	0.401428	-0.000284658
4670	0.934	-0.349069	0.401428	-0.000284735
4675	0.935	-0.349069	0.401428	-0.000284781
4680	0.936	-0.349069	0.401428	-0.000284815
4685	0.937	-0.349069	0.401428	-0.000284818
4690	0.938	-0.349069	0.401428	-0.000284807
4695	0.939	-0.349069	0.401428	-0.000284782
4700	0.94	-0.349069	0.401428	-0.000284748
4705	0.941	-0.349069	0.401428	-0.000284748
4710	0.942	-0.349069	0.401428	-0.000284728
4715	0.943	-0.349069	0.401428	-0.000284613
4720	0.944	-0.349069	0.401428	-0.000284658
4725	0.945	-0.349069	0.401428	-0.000284735
4730	0.946	-0.349069	0.401428	-0.000284781
4735	0.947	-0.349069	0.401428	-0.000284815
4740	0.948	-0.349069	0.401428	-0.000284819
4745	0.949	-0.349069	0.401428	-0.000284809
4750	0.95	-0.349069	0.401428	-0.000284783
4755	0.951	-0.349069	0.401428	-0.000284749
4760	0.952	-0.349069	0.401428	-0.000284749
4765	0.953	-0.349069	0.401428	-0.000284729
4770	0.954	-0.349069	0.401428	-0.000284614
4775	0.955	-0.349069	0.401428	-0.000284658
4780	0.956	-0.349069	0.401428	-0.000284735
4785	0.957	-0.349069	0.401428	-0.00028478
4790	0.958	-0.349069	0.401428	-0.000284814
4795	0.959	-0.349069	0.401428	-0.000284818
4800	0.96	-0.349069	0.401428	-0.000284807
4805	0.961	-0.349069	0.401428	-0.000284782
4810	0.962	-0.349069	0.401428	-0.000284749
4815	0.963	-0.349069	0.401428	-0.000284749
4820	0.964	-0.349069	0.401428	-0.000284729
4825	0.965	-0.349069	0.401428	-0.000284614
4830	0.966	-0.349069	0.401428	-0.000284658
4835	0.967	-0.349069	0.401428	-0.000284735
4840	0.968	-0.349069	0.401428	-0.00028478
4845	0.969	-0.349069	0.401428	-0.000284814
4850	0.97	-0.349069	0.401428	-0.000284818
4855	0.971	-0.349069	0.401428	-0.000284807
4860	0.972	-0.349069	0.401428	-0.000284782
4865	0.973	-0.349069	0.401428	-0.000284749
4870	0.974	-0.349069	0.401428	-0.000284749
4875	0.975	-0.349069	0.401428	-0.000284729
4880	0.976	-0.349069	0.401428	-0.000284614
4885	0.977	-0.349069	0.401428	-0.000284658
4890	0.978	-0.349069	0.401428	-0.000284735
4895	0.979	-0.349069	0.401428	-0.00028478
4900	0.98	-0.349069	0.401428	-0.000284814
4905	0.981	-0.349069	0.401428	-0.000284817
4910	0.982	-0.349069	0.401428	-0.000284807
4915	0.983	-0.349069	0.401428	-0.000284782
4920	0.984	-0.349069	0.401428	-0.000284748
4925	0.985	-0.349069	0.401428	-0.000284748
4930	0.986	-0.349069	0.401428	-0.000284728
4935	0.987	-0.349069	0.401428	-0.000284613
4940	0.988	-0.349069	0.401428	-0.000284657
4945	0.989	-0.349069	0.401428	-0.000284735
4950	0.99	-0.349069	0.401428	-0.00028478
4955	0.991	-0.349069	0.401428	-0.000284814
4960	0.992	-0.349069	0.401428	-0.000284818
4965	0.993	-0.349069	0.401428	-0.000284807
4970	0.994	-0.349069	0.401428	-0.000284782
4975	0.995	-0.349069	0.401428	-0.000284748
4980	0.996	-0.349069	0.401428	-0.000284748
4985	0.997	-0.349069	0.401428	-0.000284728
4990	0.998	-0.349069	0.401428	-0.000284613
4995	0.999	-0.349069	0.401428	-0.000284658
5000	1	-0.349069	0.401428	-0.000284735
5005	1.001	-0.349069	0.401428	-0.00028478
5010	1.002	-0.349069	0.401428	-0.000284814
5015	1.003	-0.349069	0.401428	-0.000284818
5020	1.004	-0.349069	0.401428	-0.000284807
5025	1.005	-0.349069	0.401428	-0.000284782
5030	1.006	-0.349069	0.401428	-0.000284748
5035	1.007	-0.349069	0.401428	-0.000284748
5040	1.008	-0.349069	0.401428	-0.000284728
5045	1.009	-0.349069	0.401428	-0.000284613
5050	1.01	-0.349069	0.401428	-0.000284657
5055	1.011	-0.349069	0.401428	-0.000284735
5060	1.012	-0.349069	0.401428	-0.00028478
5065	1.013	-0.349069	0.401428	-0.000284814
5070	1.014	-0.349069	0.401428	-0.000284818
5075	1.015	-0.349069	0.401428	-0.000284808
5080	1.016	-0.349069	0.401428	-0.000284783
5085	1.017	-0.349069	0.401428	-0.000284749
5090	1.018	-0.349069	0.401428	-0.000284749
5095	1.019	-0.349069	0.401428	-0.000284729
5100	1.02	-0.349069	0.401428	-0.000284613
5105	1.021	-0.349069	0.401428	-0.000284657
5110	1.022	-0.349069	0.401428	-0.000284735
5115	1.023	-0.349069	0.401428	-0.00028478
5120	1.024	-0.349069	0.401428	-0.000284814
5125	1.025	-0.349069	0.401428	-0.000284818
5130	1.026	-0.349069	0.401428	-0.000284807
5135	1.027	-0.349069	0.401428	-0.000284782
5140	1.028	-0.349069	0.401428	-0.000284749
5145	1.029	-0.349069	0.401428	-0.000284749
5150	1.03	-0.349069	0.401428	-0.000284729
5155	1.031	-0.349069	0.401428	-0.000284613
5160	1.032	-0.349069	0.401428	-0.000284657
5165	1.033	-0.349069	0.401428	-0.000284735
5170	1.034	-0.349069	0.401428	-0.00028478
5175	1.035	-0.349069	0.401428	-0.000284814
5180	1.036	-0.349069	0.401428	-0.000284818
5185	1.037	-0.349069	0.401428	-0.000284807
5190	1.038	-0.349069	0.401428	-0.000284782
5195	1.039	-0.349069	0.401428	-0.000284748
5200	1.04	-0.349069	0.401428	-0.000284748
5205	1.041	-0.349069	0.401428	-0.000284729
5210	1.042	-0.349069	0.401428	-0.000284613
5215	1.043	-0.349069	0.401428	-0.000284657
5220	1.044	-0.349069	0.401428	-0.000284735
5225	1.045	-0.349069	0.401428	-0.00028478
5230	1.046	-0.349069	0.401428	-0.000284814
5235	1.047	-0.349069	0.401428	-0.000284817
5240	1.048	-0.349069	0.401428	-0.000284807
5245	1.049	-0.349069	0.401428	-0.000284782
5250	1.05	-0.349069	0.401428	-0.000284749
5255	1.051	-0.349069	0.401428	-0.000284749
5260	1.052	-0.349069	0.401428	-0.000284729
5265	1.053	-0.349069	0.401428	-0.000284613
5270	1.054	-0.349069	0.401428	-0.000284657
5275	1.055	-0.349069	0.401428	-0.000284735
5280	1.056	-0.349069	0.401428	-0.000284779
5285	1.057	-0.349069	0.401428	-0.000284814
5290	1.058	-0.349069	0.401428	-0.000284817
5295	1.059	-0.349069	0.401428	-0.000284807
5300	1.06	-0.349069	0.401428	-0.000284782
5305	1.061	-0.349069	0.401428	-0.000284748
5310	1.062	-0.349069	0.401428	-0.000284748
5315	1.063	-0.349069	0.401428	-0.000284729
5320	1.064	-0.349069	0.401428	-0.000284613
5325	1.065	-0.349069	0.401428	-0.000284657
5330	1.066	-0.349069	0.401428	-0.000284734
5335	1.067	-0.349069	0.401428	-0.000284779
5340	1.068	-0.349069	0.401428	-0.000284814
5345	1.069	-0.349069	0.401428	-0.000284817
5350	1.07	-0.349069	0.401428	-0.000284807
5355	1.071	-0.349069	0.401428	-0.000284782
5360	1.072	-0.349069	0.401428	-0.000284748
5365	1.073	-0.349069	0.401428	-0.000284748
5370	1.074	-0.349069	0.401428	-0.000284729
5375	1.075	-0.349069	0.401428	-0.000284613
5380	1.076	-0.349069	0.401428	-0.000284657
5385	1.077	-0.349069	0.401428	-0.000284734
5390	1.078	-0.349069	0.401428	-0.000284779
5395	1.079	-0.349069	0.401428	-0.000284814
5400	1.08	-0.349069	0.401428	-0.000284817
5405	1.081	-0.349069	0.401428	-0.000284807
5410	1.082	-0.349069	0.401428	-0.000284782
5415	1.083	-0.349069	0.401428	-0.000284749
5420	1.084	-0.349069	0.401428	-0.000284749
5425	1.085	-0.349069	0.401428	-0.000284729
5430	1.086	-0.349069	0.401428	-0.000284613
5435	1.087	-0.349069	0.401428	-0.000284657
5440	1.088	-0.349069	0.401428	-0.000284734
5445	1.089	-0.349069	0.401428	-0.000284779
5450	1.09	-0.349069	0.401428	-0.000284814
5455	1.091	-0.349069	0.401428	-0.000284818
5460	1.092	-0.349069	0.401428	-0.000284807
5465	1.093	-0.349069	0.401428	-0.000284782
5470	1.094	-0.349069	0.401428	-0.000284749
5475	1.095	-0.349069	0.401428	-0.000284749
5480	1.096	-0.349069	0.401428	-0.000284729
5485	1.097	-0.349069	0.401428	-0.000284613
5490	1.098	-0.349069	0.401428	-0.000284657
5495	1.099	-0.349069	0.401428	-0.000284734
5500	1.1	-0.349069	0.401428	-0.000284779
5505	1.101	-0.349069	0.401428	-0.000284814
5510	1.102	-0.349069	0.401428	-0.000284817
5515	1.103	-0.349069	0.401428	-0.000284807
5520	1.104	-0.349069	0.401428	-0.000284782
5525	1.105	-0.349069	0.401428	-0.000284749
5530	1.106	-0.349069	0.401428	-0.000284749
5535	1.107	-0.349069	0.401428	-0.000284729
5540	1.108	-0.349069	0.401428	-0.000284613
5545	1.109	-0.349069	0.401428	-0.000284657
5550	1.11	-0.349069	0.401428	-0.000284734
5555	1.111	-0.349069	0.401428	-0.000284779
5560	1.112	-0.349069	0.401428	-0.000284814
5565	1.113	-0.349069	0.401428	-0.000284818
5570	1.114	-0.349069	0.401428	-0.000284807
5575	1.115	-0.349069	0.401428	-0.000284782
5580	1.116	-0.349069	0.401428	-0.000284749
5585	1.117	-0.349069	0.401428	-0.000284749
5590	1.118	-0.349069	0.401428	-0.000284729
5595	1.119	-0.349069	0.401428	-0.000284613
5600	1.12	-0.349069	0.401428	-0.000284657
5605	1.121	-0.349069	0.401428	-0.000284734
5610	1.122	-0.349069	0.401428	-0.00028478
5615	1.123	-0.349069	0.401428	-0.000284814
5620	1.124	-0.349069	0.401428	-0.000284818
5625	1.125	-0.349069	0.401428	-0.000284807
5630	1.126	-0.349069	0.401428	-0.000284782
5635	1.127	-0.349069	0.401428	-0.000284749
5640	1.128	-0.349069	0.401428	-0.000284749
5645	1.129	-0.349069	0.401428	-0.000284729
5650	1.13	-0.349069	0.401428	-0.000284613
5655	1.131	-0.349069	0.401428	-0.000284657
5660	1.132	-0.349069	0.401428	-0.000284734
5665	1.133	-0.349069	0.401428	-0.00028478
5670	1.134	-0.349069	0.401428	-0.000284814
5675	1.135	-0.349069	0.401428	-0.000284818
5680	1.136	-0.349069	0.401428	-0.000284807
5685	1.137	-0.349069	0.401428	-0.000284782
5690	1.138	-0.349069	0.401428	-0.000284749
5695	1.139	-0.349069	0.401428	-0.000284749
5700	1.14	-0.349069	0.401428	-0.000284729
5705	1.141	-0.349069	0.401428	-0.000284613
5710	1.142	-0.349069	0.401428	-0.000284657
5715	1.143	-0.349069	0.401428	-0.000284734
5720	1.144	-0.349069	0.401428	-0.000284779
5725	1.145	-0.349069	0.401428	-0.000284814
5730	1.146	-0.349069	0.401428	-0.000284818
5735	1.147	-0.349069	0.401428	-0.000284807
5740	1.148	-0.349069	0.401428	-0.000284782
5745	1.149	-0.349069	0.401428	-0.000284749
5750	1.15	-0.349069	0.401428	-0.000284749
5755	1.151	-0.349069	0.401428	-0.000284729
5760	1.152	-0.349069	0.401428	-0.000284613
5765	1.153	-0.349069	0.401428	-0.000284657
5770	1.154	-0.349069	0.401428	-0.000284734
5775	1.155	-0.349069	0.401428	-0.000284779
5780	1.156	-0.349069	0.401428	-0.000284814
5785	1.157	-0.349069	0.401428	-0.000284817
5790	1.158	-0.349069	0.401428	-0.000284807
5795	1.159	-0.349069	0.401428	-0.000284782
5800	1.16	-0.349069	0.401428	-0.000284749
5805	1.161	-0.349069	0.401428	-0.000284749
5810	1.162	-0.349069	0.401428	-0.000284729
5815	1.163	-0.349069	0.401428	-0.000284613
5820	1.164	-0.349069	0.401428	-0.000284657
5825	1.165	-0.349069	0.401428	-0.000284734
5830	1.166	-0.349069	0.401428	-0.000284779
5835	1.167	-0.349069	0.401428	-0.000284814
5840	1.168	-0.349069	0.401428	-0.000284817
5845	1.169	-0.349069	0.401428	-0.000284807
5850	1.17	-0.349069	0.401428	-0.000284782
5855	1.171	-0.349069	0.401428	-0.000284749
5860	1.172	-0.349069	0.401428	-0.000284749
5865	1.173	-0.349069	0.401428	-0.000284729
5870	1.174	-0.349069	0.401428	-0.000284613
5875	1.175	-0.349069	0.401428	-0.000284657
5880	1.176	-0.349069	0.401428	-0.000284734
5885	1.177	-0.349069	0.401428	-0.000284779
5890	1.178	-0.349069	0.401428	-0.000284814
5895	1.179	-0.349069	0.401428	-0.000284817
5900	1.18	-0.349069	0.401428	-0.000284807
5905	1.181	-0.349069	0.401428	-0.000284782
5910	1.182	-0.349069	0.401428	-0.000284749
5915	1.183	-0.349069	0.401428	-0.000284749
5920	1.184	-0.349069	0.401428	-0.000284729
5925	1.185	-0.349069	0.401428	-0.000284613
5930	1.186	-0.349069	0.401428	-0.000284657
5935	1.187	-0.349069	0.401428	-0.000284734
5940	1.188	-0.349069	0.401428	-0.000284779
5945	1.189	-0.349069	0.401428	-0.000284814
5950	1.19	-0.349069	0.401428	-0.000284817
5955	1.191	-0.349069	0.401428	-0.000284807
5960	1.192	-0.349069	0.401428	-0.000284782
5965	1.193	-0.349069	0.401428	-0.000284749
5970	1.194	-0.349069	0.401428	-0.000284749
5975	1.195	-0.349069	0.401428	-0.000284729
5980	1.196	-0.349069	0.401428	-0.000284613
5985	1.197	-0.349069	0.401428	-0.000284657
5990	1.198	-0.349069	0.401428	-0.000284734
5995	1.199	-0.349069	0.401428	-0.000284779
6000	1.2	-0.349069	0.401428	-0.000284814
6005	1.201	-0.349069	0.401428	-0.000284817
6010	1.202	-0.349069	0.401428	-0.000284807
6015	1.203	-0.349069	0.401428	-0.000284782
6020	1.204	-0.349069	0.401428	-0.000284749
6025	1.205	-0.349069	0.401428	-0.000284749
6030	1.206	-0.349069	0.401428	-0.000284729
6035	1.207	-0.349069	0.401428	-0.000284613
6040	1.208	-0.349069	0.401428	-0.000284657
6045	1.209	-0.349069	0.401428	-0.000284734
6050	1.21	-0.349069	0.401428	-0.000284779
6055	1.211	-0.349069	0.401428	-0.000284813
6060	1.212	-0.349069	0.401428	-0.000284817
6065	1.213	-0.349069	0.401428	-0.000284807
6070	1.214	-0.349069	0.401428	-0.000284782
6075	1.215	-0.349069	0.401428	-0.000284749
6080	1.216	-0.349069	0.401428	-0.000284749
6085	1.217	-0.349069	0.401428	-0.000284729
6090	1.218	-0.349069	0.401428	-0.000284613
6095	1.219	-0.349069	0.401428	-0.000284657
6100	1.22	-0.349069	0.401428	-0.000284734
6105	1.221	-0.349069	0.401428	-0.000284779
6110	1.222	-0.349069	0.401428	-0.000284814
6115	1.223	-0.349069	0.401428	-0.000284817
6120	1.224	-0.349069	0.401428	-0.000284807
6125	1.225	-0.349069	0.401428	-0.000284782
6130	1.226	-0.349069	0.401428	-0.000284749
6135	1.227	-0.349069	0.401428	-0.000284749
6140	1.228	-0.349069	0.401428	-0.000284729
6145	1.229	-0.349069	0.401428	-0.000284613
6150	1.23	-0.349069	0.401428	-0.000284657
6155	1.231	-0.349069	0.401428	-0.000284734
6160	1.232	-0.349069	0.401428	-0.000284779
6165	1.233	-0.349069	0.401428	-0.000284814
6170	1.234	-0.349069	0.401428	-0.000284817
6175	1.235	-0.349069	0.401428	-0.000284807
6180	1.236	-0.349069	0.401428	-0.000284782
6185	1.237	-0.349069	0.401428	-0.000284749
6190	1.238	-0.349069	0.401428	-0.000284749
6195	1.239	-0.349069	0.401428	-0.000284729
6200	1.24	-0.349069	0.401428	-0.000284613
6205	1.241	-0.349069	0.401428	-0.000284657
6210	1.242	-0.349069	0.401428	-0.000284734
6215	1.243	-0.349069	0.401428	-0.000284779
6220	1.244	-0.349069	0.401428	-0.000284814
6225	1.245	-0.349069	0.401428	-0.000284817
6230	1.246	-0.349069	0.401428	-0.000284807
6235	1.247	-0.349069	0.401428	-0.000284782
6240	1.248	-0.349069	0.401428	-0.000284749
6245	1.249	-0.349069	0.401428	-0.000284749
6250	1.25	-0.349069	0.401428	-0.000284729
6255	1.251	-0.349069	0.401428	-0.000284613
6260	1.252	-0.349069	0.401428	-0.000284657
6265	1.253	-0.349069	0.401428	-0.000284734
6270	1.254	-0.349069	0.401428	-0.000284779
6275	1.255	-0.349069	0.401428	-0.000284814
6280	1.256	-0.349069	0.401428	-0.000284817
6285	1.257	-0.349069	0.401428	-0.000284807
6290	1.258	-0.349069	0.401428	-0.000284782
6295	1.259	-0.349069	0.401428	-0.000284749
6300	1.26	-0.349069	0.401428	-0.000284749
6305	1.261	-0.349069	0.401428	-0.000284729
6310	1.262	-0.349069	0.401428	-0.000284613
6315	1.263	-0.349069	0.401428	-0.000284657
6320	1.264	-0.349069	0.401428	-0.000284734
6325	1.265	-0.349069	0.401428	-0.000284779
6330	1.266	-0.349069	0.401428	-0.000284813
6335	1.267	-0.349069	0.401428	-0.000284817
6340	1.268	-0.349069	0.401428	-0.000284807
6345	1.269	-0.349069	0.401428	-0.000284782
6350	1.27	-0.349069	0.401428	-0.000284749
6355	1.271	-0.349069	0.401428	-0.000284749
6360	1.272	-0.349069	0.401428	-0.000284729
6365	1.273	-0.349069	0.401428	-0.000284613
6370	1.274	-0.349069	0.401428	-0.000284657
6375	1.275	-0.349069	0.401428	-0.000284734
6380	1.276	-0.349069	0.401428	-0.000284779
6385	1.277	-0.349069	0.401428	-0.000284813
6390	1.278	-0.349069	0.401428	-0.000284817
6395	1.279	-0.349069	0.401428	-0.000284807
6400	1.28	-0.349069	0.401428	-0.000284782
6405	1.281	-0.349069	0.401428	-0.000284749
6410	1.282	-0.349069	0.401428	-0.000284749
6415	1.283	-0.349069	0.401428	-0.000284729
6420	1.284	-0.349069	0.401428	-0.000284613
6425	1.285	-0.349069	0.401428	-0.000284657
6430	1.286	-0.349069	0.401428	-0.000284734
6435	1.287	-0.349069	0.401428	-0.000284779
6440	1.288	-0.349069	0.401428	-0.000284813
6445	1.289	-0.349069	0.401428	-0.000284817
6450	1.29	-0.349069	0.401428	-0.000284807
6455	1.291	-0.349069	0.401428	-0.000284782
6460	1.292	-0.349069	0.401428	-0.000284749
6465	1.293	-0.349069	0.401428	-0.000284749
6470	1.294	-0.349069	0.401428	-0.000284729
6475	1.295	-0.349069	0.401428	-0.000284613
6480	1.296	-0.349069	0.401428	-0.000284657
6485	1.297	-0.349069	0.401428	-0.000284734
6490	1.298	-0.349069	0.401428	-0.000284779
6495	1.299	-0.349069	0.401428	-0.000284813
6500	1.3	-0.349069	0.401428	-0.000284817
6505	1.301	-0.349069	0.401428	-0.000284807
6510	1.302	-0.349069	0.401428	-0.000284782
6515	1.303	-0.349069	0.401428	-0.000284749
6520	1.304	-0.349069	0.401428	-0.000284749
6525	1.305	-0.349069	0.401428	-0.000284729
6530	1.306	-0.349069	0.401428	-0.000284613
6535	1.307	-0.349069	0.401428	-0.000284657
6540	1.308	-0.349069	0.401428	-0.000284734
6545	1.309	-0.349069	0.401428	-0.000284779
6550	1.31	-0.349069	0.401428	-0.000284813
6555	1.311	-0.349069	0.401428	-0.000284817
6560	1.312	-0.349069	0.401428	-0.000284807
6565	1.313	-0.349069	0.401428	-0.000284782
6570	1.314	-0.349069	0.401428	-0.000284749
6575	1.315	-0.349069	0.401428	-0.000284749
6580	1.316	-0.349069	0.401428	-0.000284729
6585	1.317	-0.349069	0.401428	-0.000284613
6590	1.318	-0.349069	0.401428	-0.000284657
6595	1.319	-0.349069	0.401428	-0.000284734
6600	1.32	-0.349069	0.401428	-0.000284779
6605	1.321	-0.349069	0.401428	-0.000284813
6610	1.322	-0.349069	0.401428	-0.000284817
6615	1.323	-0.349069	0.401428	-0.000284807
6620	1.324	-0.349069	0.401428	-0.000284782
6625	1.325	-0.349069	0.401428	-0.000284749
6630	1.326	-0.349069	0.401428	-0.000284749
6635	1.327	-0.349069	0.401428	-0.000284729
6640	1.328	-0.349069	0.401428	-0.000284613
6645	1.329	-0.349069	0.401428	-0.000284657
6650	1.33	-0.349069	0.401428	-0.000284734
6655	1.331	-0.349069	0.401428	-0.000284779
6660	1.332	-0.349069	0.401428	-0.000284813
6665	1.333	-0.349069	0.401428	-0.000284817
6670	1.334	-0.349069	0.401428	-0.000284807
6675	1.335	-0.349069	0.401428	-0.000284782
6680	1.336	-0.349069	0.401428	-0.000284749
6685	1.337	-0.349069	0.401428	-0.000284749
6690	1.338	-0.349069	0.401428	-0.000284729
6695	1.339	-0.349069	0.401428	-0.000284613
6700	1.34	-0.349069	0.401428	-0.000284657
6705	1.341	-0.349069	0.401428	-0.000284734
6710	1.342	-0.349069	0.401428	-0.000284779
6715	1.343	-0.349069	0.401428	-0.000284813
6720	1.344	-0.349069	0.401428	-0.000284817
6725	1.345	-0.349069	0.401428	-0.000284807
6730	1.346	-0.349069	0.401428	-0.000284782
6735	1.347	-0.349069	0.401428	-0.000284749
6740	1.348	-0.349069	0.401428	-0.000284749
6745	1.349	-0.349069	0.401428	-0.000284729
6750	1.35	-0.349069	0.401428	-0.000284613
6755	1.351	-0.349069	0.401428	-0.000284657
6760	1.352	-0.349069	0.401428	-0.000284734
6765	1.353	-0.349069	0.401428	-0.000284779
6770	1.354	-0.349069	0.401428	-0.000284813
6775	1.355	-0.349069	0.401428	-0.000284817
6780	1.356	-0.349069	0.401428	-0.000284807
6785	1.357	-0.349069	0.401428	-0.000284782
6790	1.358	-0.349069	0.401428	-0.000284749
6795	1.359	-0.349069	0.401428	-0.000284749
6800	1.36	-0.349069	0.401428	-0.000284729
6805	1.361	-0.349069	0.401428	-0.000284613
6810	1.362	-0.349069	0.401428	-0.000284657
6815	1.363	-0.349069	0.401428	-0.000284734
6820	1.364	-0.349069	0.401428	-0.000284779
6825	1.365	-0.349069	0.401428	-0.000284813
6830	1.366	-0.349069	0.401428	-0.000284817
6835	1.367	-0.349069	0.401428	-0.000284807
6840	1.368	-0.349069	0.401428	-0.000284782
6845	1.369	-0.349069	0.401428	-0.000284749
6850	1.37	-0.349069	0.401428	-0.000284749
6855	1.371	-0.349069	0.401428	-0.000284729
6860	1.372	-0.349069	0.401428	-0.000284613
6865	1.373	-0.349069	0.401428	-0.000284657
6870	1.374	-0.349069	0.401428	-0.000284734
6875	1.375	-0.349069	0.401428	-0.000284779
6880	1.376	-0.349069	0.401428	-0.000284813
6885	1.377	-0.349069	0.401428	-0.000284817
6890	1.378	-0.349069	0.401428	-0.000284807
6895	1.379	-0.349069	0.401428	-0.000284782
6900	1.38	-0.349069	0.401428	-0.000284749
6905	1.381	-0.349069	0.401428	-0.000284749
6910	1.382	-0.349069	0.401428	-0.000284729
6915	1.383	-0.349069	0.401428	-0.000284613
6920	1.384	-0.349069	0.401428	-0.000284657
6925	1.385	-0.349069	0.401428	-0.000284734
6930	1.386	-0.349069	0.401428	-0.000284779
6935	1.387	-0.349069	0.401428	-0.000284813
6940	1.388	-0.349069	0.401428	-0.000284817
6945	1.389	-0.349069	0.401428	-0.000284807
6950	1.39	-0.349069	0.401428	-0.000284782
6955	1.391	-0.349069	0.401428	-0.000284749
6960	1.392	-0.349069	0.401428	-0.000284749
6965	1.393	-0.349069	0.401428	-0.000284729
6970	1.394	-0.349069	0.401428	-0.000284613
6975	1.395	-0.349069	0.401428	-0.000284657
6980	1.396	-0.349069	0.401428	-0.000284734
6985	1.397	-0.349069	0.401428	-0.000284779
6990	1.398	-0.349069	0.401428	-0.000284813
6995	1.399	-0.349069	0.401428	-0.000284817
7000	1.4	-0.349069	0.401428	-0.000284807
7005	1.401	-0.349069	0.401428	-0.000284782
7010	1.402	-0.349069	0.401428	-0.000284749
7015	1.403	-0.349069	0.401428	-0.000284749
7020	1.404	-0.349069	0.401428	-0.000284729
7025	1.405	-0.349069	0.401428	-0.000284613
7030	1.406	-0.349069	0.401428	-0.000284657
7035	1.407	-0.349069	0.401428	-0.000284734
7040	1.408	-0.349069	0.401428	-0.000284779
7045	1.409	-0.349069	0.401428	-0.000284813
7050	1.41	-0.349069	0.401428	-0.000284817
7055	1.411	-0.349069	0.401428	-0.000284807
7060	1.412	-0.349069	0.401428	-0.000284782
7065	1.413	-0.349069	0.401428	-0.000284749
7070	1.414	-0.349069	0.401428	-0.000284749
7075	1.415	-0.349069	0.401428	-0.000284729
7080	1.416	-0.349069	0.401428	-0.000284613
7085	1.417	-0.349069	0.401428	-0.000284657
7090	1.418	-0.349069	0.401428	-0.000284734
7095	1.419	-0.349069	0.401428	-0.000284779
7100	1.42	-0.349069	0.401428	-0.000284813
7105	1.421	-0.349069	0.401428	-0.000284817
7110	1.422	-0.349069	0.401428	-0.000284807
7115	1.423	-0.349069	0.401428	-0.000284782
7120	1.424	-0.349069	0.401428	-0.000284749
7125	1.425	-0.349069	0.401428	-0.000284749
7130	1.426	-0.349069	0.401428	-0.000284729
7135	1.427	-0.349069	0.401428	-0.000284613
7140	1.428	-0.349069	0.401428	-0.000284657
7145	1.429	-0.349069	0.401428	-0.000284734
7150	1.43	-0.349069	0.401428	-0.000284779
7155	1.431	-0.349069	0.401428	-0.000284813
7160	1.432	-0.349069	0.401428	-0.000284817
7165	1.433	-0.349069	0.401428	-0.000284807
7170	1.434	-0.349069	0.401428	-0.000284782
7175	1.435	-0.349069	0.401428	-0.000284749
7180	1.436	-0.349069	0.401428	-0.000284749
7185	1.437	-0.349069	0.401428	-0.000284729
7190	1.438	-0.349069	0.401428	-0.000284613
7195	1.439	-0.349069	0.401428	-0.000284657
7200	1.44	-0.349069	0.401428	-0.000284734
7205	1.441	-0.349069	0.401428	-0.000284779
7210	1.442	-0.349069	0.401428	-0.000284813
7215	1.443	-0.349069	0.401428	-0.000284817
7220	1.444	-0.349069	0.401428	-0.000284807
7225	1.445	-0.349069	0.401428	-0.000284782
7230	1.446	-0.349069	0.401428	-0.000284749
7235	1.447	-0.349069	0.401428	-0.000284749
7240	1.448	-0.349069	0.401428	-0.000284729
7245	1.449	-0.349069	0.401428	-0.000284613
7250	1.45	-0.349069	0.401428	-0.000284657
7255	1.451	-0.349069	0.401428	-0.000284734
7260	1.452	-0.349069	0.401428	-0.000284779
7265	1.453	-0.349069	0.401428	-0.000284813
7270	1.454	-0.349069	0.401428	-0.000284817
7275	1.455	-0.349069	0.401428	-0.000284807
7280	1.456	-0.349069	0.401428	-0.000284782
7285	1.457	-0.349069	0.401428	-0.000284749
7290	1.458	-0.349069	0.401428	-0.000284749
7295	1.459	-0.349069	0.401428	-0.000284729
7300	1.46	-0.349069	0.401428	-0.000284613
7305	1.461	-0.349069	0.401428	-0.000284657
7310	1.462	-0.349069	0.401428	-0.000284734
7315	1.463	-0.349069	0.401428	-0.000284779
7320	1.464	-0.349069	0.401428	-0.000284813
7325	1.465	-0.349069	0.401428	-0.000284817
7330	1.466	-0.349069	0.401428	-0.000284807
7335	1.467	-0.349069	0.401428	-0.000284782
7340	1.468	-0.349069	0.401428	-0.000284749
7345	1.469	-0.349069	0.401428	-0.000284749
7350	1.47	-0.349069	0.401428	-0.000284729
7355	1.471	-0.349069	0.401428	-0.000284613
7360	1.472	-0.349069	0.401428	-0.000284657
7365	1.473	-0.349069	0.401428	-0.000284734
7370	1.474	-0.349069	0.401428	-0.000284779
7375	1.475	-0.349069	0.401428	-0.000284813
7380	1.476	-0.349069	0.401428	-0.000284817
7385	1.477	-0.349069	0.401428	-0.000284807
7390	1.478	-0.349069	0.401428	-0.000284782
7395	1.479	-0.349069	0.401428	-0.000284749
7400	1.48	-0.349069	0.401428	-0.000284749
7405	1.481	-0.349069	0.401428	-0.000284729
7410	1.482	-0.349069	0.401428	-0.000284613
7415	1.483	-0.349069	0.401428	-0.000284657
7420	1.484	-0.349069	0.401428	-0.000284734
7425	1.485	-0.349069	0.401428	-0.000284779
7430	1.486	-0.349069	0.401428	-0.000284813
7435	1.487	-0.349069	0.401428	-0.000284817
7440	1.488	-0.349069	0.401428	-0.000284807
7445	1.489	-0.349069	0.401428	-0.000284782
7450	1.49	-0.349069	0.401428	-0.000284749
7455	1.491	-0.349069	0.401428	-0.000284749
7460	1.492	-0.349069	0.401428	-0.000284729
7465	1.493	-0.349069	0.401428	-0.000284613
7470	1.494	-0.349069	0.401428	-0.000284657
7475	1.495	-0.349069	0.401428	-0.000284734
7480	1.496	-0.349069	0.401428	-0.000284779
7485	1.497	-0.349069	0.401428	-0.000284813
7490	1.498	-0.349069	0.401428	-0.000284817
7495	1.499	-0.349069	0.401428	-0.000284807
7500	1.5	-0.349069	0.401428	-0.000284782
7505	1.501	-0.349069	0.401428	-0.000284749
7510	1.502	-0.349069	0.401428	-0.000284749
7515	1.503	-0.349069	0.401428	-0.000284729
7520	1.504	-0.349069	0.401428	-0.000284613
7525	1.505	-0.349069	0.401428	-0.000284657
7530	1.506	-0.349069	0.401428	-0.000284734
7535	1.507	-0.349069	0.401428	-0.000284779
7540	1.508	-0.349069	0.401428	-0.000284813
7545	1.509	-0.349069	0.401428	-0.000284817
7550	1.51	-0.349069	0.401428	-0.000284807
7555	1.511	-0.349069	0.401428	-0.000284782
7560	1.512	-0.349069	0.401428	-0.000284749
7565	1.513	-0.349069	0.401428	-0.000284749
7570	1.514	-0.349069	0.401428	-0.000284729
7575	1.515	-0.349069	0.401428	-0.000284613
7580	1.516	-0.349069	0.401428	-0.000284657
7585	1.517	-0.349069	0.401428	-0.000284734
7590	1.518	-0.349069	0.401428	-0.000284779
7595	1.519	-0.349069	0.401428	-0.000284813
7600	1.52	-0.349069	0.401428	-0.000284817
7605	1.521	-0.349069	0.401428	-0.000284807
7610	1.522	-0.349069	0.401428	-0.000284782
7615	1.523	-0.349069	0.401428	-0.000284749
7620	1.524	-0.349069	0.401428	-0.000284749
7625	1.525	-0.349069	0.401428	-0.000284729
7630	1.526	-0.349069	0.401428	-0.000284613
7635	1.527	-0.349069	0.401428	-0.000284657
7640	1.528	-0.349069	0.401428	-0.000284734
7645	1.529	-0.349069	0.401428	-0.000284779
7650	1.53	-0.349069	0.401428	-0.000284813
7655	1.531	-0.349069	0.401428	-0.000284817
7660	1.532	-0.349069	0.401428	-0.000284807
7665	1.533	-0.349069	0.401428	-0.000284782
7670	1.534	-0.349069	0.401428	-0.000284749
7675	1.535	-0.349069	0.401428	-0.000284749
7680	1.536	-0.349069	0.401428	-0.000284729
7685	1.537	-0.349069	0.401428	-0.000284613
7690	1.538	-0.349069	0.401428	-0.000284657
7695	1.539	-0.349069	0.401428	-0.000284734
7700	1.54	-0.349069	0.401428	-0.000284779
7705	1.541	-0.349069	0.401428	-0.000284813
7710	1.542	-0.349069	0.401428	-0.000284817
7715	1.543	-0.349069	0.401428	-0.000284807
7720	1.544	-0.349069	0.401428	-0.000284782
7725	1.545	-0.349069	0.401428	-0.000284749
7730	1.546	-0.349069	0.401428	-0.000284749
7735	1.547	-0.349069	0.401428	-0.000284729
7740	1.548	-0.349069	0.401428	-0.000284613
7745	1.549	-0.349069	0.401428	-0.000284657
7750	1.55	-0.349069	0.401428	-0.000284734
7755	1.551	-0.349069	0.401428	-0.000284779
7760	1.552	-0.349069	0.401428	-0.000284813
7765	1.553	-0.349069	0.401428	-0.000284817
7770	1.554	-0.349069	0.401428	-0.000284807
7775	1.555	-0.349069	0.401428	-0.000284782
7780	1.556	-0.349069	0.401428	-0.000284749
7785	1.557	-0.349069	0.401428	-0.000284749
7790	1.558	-0.349069	0.401428	-0.000284729
7795	1.559	-0.349069	0.401428	-0.000284613
7800	1.56	-0.349069	0.401428	-0.000284657
7805	1.561	-0.349069	0.401428	-0.000284734
7810	1.562	-0.349069	0.401428	-0.000284779
7815	1.563	-0.349069	0.401428	-0.000284813
7820	1.564	-0.349069	0.401428	-0.000284817
7825	1.565	-0.349069	0.401428	-0.000284807
7830	1.566	-0.349069	0.401428	-0.000284782
7835	1.567	-0.349069	0.401428	-0.000284749
7840	1.568	-0.349069	0.401428	-0.000284749
7845	1.569	-0.349069	0.401428	-0.000284729
7850	1.57	-0.349069	0.401428	-0.000284613
7855	1.571	-0.349069	0.401428	-0.000284657
7860	1.572	-0.349069	0.401428	-0.000284734
7865	1.573	-0.349069	0.401428	-0.000284779
7870	1.574	-0.349069	0.401428	-0.000284813
7875	1.575	-0.349069	0.401428	-0.000284817
7880	1.576	-0.349069	0.401428	-0.000284807
7885	1.577	-0.349069	0.401428	-0.000284782
7890	1.578	-0.349069	0.401428	-0.000284749
7895	1.579	-0.349069	0.401428	-0.000284749
7900	1.58	-0.349069	0.401428	-0.000284729
7905	1.581	-0.349069	0.401428	-0.000284613
7910	1.582	-0.349069	0.401428	-0.000284657
7915	1.583	-0.349069	0.401428	-0.000284734
7920	1.584	-0.349069	0.401428	-0.000284779
7925	1.585	-0.349069	0.401428	-0.000284813
7930	1.586	-0.349069	0.401428	-0.000284817
7935	1.587	-0.349069	0.401428	-0.000284807
7940	1.588	-0.349069	0.401428	-0.000284782
7945	1.589	-0.349069	0.401428	-0.000284749
7950	1.59	-0.349069	0.401428	-0.000284749
7955	1.591	-0.349069	0.401428	-0.000284729
7960	1.592	-0.349069	0.401428	-0.000284613
7965	1.593	-0.349069	0.401428	-0.000284657
7970	1.594	-0.349069	0.401428	-0.000284734
7975	1.595	-0.349069	0.401428	-0.000284779
7980	1.596	-0.349069	0.401428	-0.000284813
7985	1.597	-0.349069	0.401428	-0.000284817
7990	1.598	-0.349069	0.401428	-0.000284807
7995	1.599	-0.349069	0.401428	-0.000284782
8000	1.6	-0.349069	0.401428	-0.000284749
8005	1.601	-0.349069	0.401428	-0.000284749
8010	1.602	-0.349069	0.401428	-0.000284729
8015	1.603	-0.349069	0.401428	-0.000284613
8020	1.604	-0.349069	0.401428	-0.000284657
8025	1.605	-0.349069	0.401428	-0.000284734
8030	1.606	-0.349069	0.401428	-0.000284779
8035	1.607	-0.349069	0.401428	-0.000284813
8040	1.608	-0.349069	0.401428	-0.000284817
8045	1.609	-0.349069	0.401428	-0.000284807
8050	1.61	-0.349069	0.401428	-0.000284782
8055	1.611	-0.349069	0.401428	-0.000284749
8060	1.612	-0.349069	0.401428	-0.000284749
8065	1.613	-0.349069	0.401428	-0.000284729
8070	1.614	-0.349069	0.401428	-0.000284613
8075	1.615	-0.349069	0.401428	-0.000284657
8080	1.616	-0.349069	0.401428	-0.000284734
8085	1.617	-0.349069	0.401428	-0.000284779
8090	1.618	-0.349069	0.401428	-0.000284813
8095	1.619	-0.349069	0.401428	-0.000284817
8100	1.62	-0.349069	0.401428	-0.000284807
8105	1.621	-0.349069	0.401428	-0.000284782
8110	1.622	-0.349069	0.401428	-0.000284749
8115	1.623	-0.349069	0.401428	-0.000284749
8120	1.624	-0.349069	0.401428	-0.000284729
8125	1.625	-0.349069	0.401428	-0.000284613
8130	1.626	-0.349069	0.401428	-0.000284657
8135	1.627	-0.349069	0.401428	-0.000284734
8140	1.628	-0.349069	0.401428	-0.000284779
8145	1.629	-0.349069	0.401428	-0.000284813
8150	1.63	-0.349069	0.401428	-0.000284817
8155	1.631	-0.349069	0.401428	-0.000284807
8160	1.632	-0.349069	0.401428	-0.000284782
8165	1.633	-0.349069	0.401428	-0.000284749
8170	1.634	-0.349069	0.401428	-0.000284749
8175	1.635	-0.349069	0.401428	-0.000284729
8180	1.636	-0.349069	0.401428	-0.000284613
8185	1.637	-0.349069	0.401428	-0.000284657
8190	1.638	-0.349069	0.401428	-0.000284734
8195	1.639	-0.349069	0.401428	-0.000284779
8200	1.64	-0.349069	0.401428	-0.000284813
8205	1.641	-0.349069	0.401428	-0.000284817
8210	1.642	-0.349069	0.401428	-0.000284807
8215	1.643	-0.349069	0.401428	-0.000284782
8220	1.644	-0.349069	0.401428	-0.000284749
8225	1.645	-0.349069	0.401428	-0.000284749
8230	1.646	-0.349069	0.401428	-0.000284729
8235	1.647	-0.349069	0.401428	-0.000284613
8240	1.648	-0.349069	0.401428	-0.000284657
8245	1.649	-0.349069	0.401428	-0.000284734
8250	1.65	-0.349069	0.401428	-0.000284779
8255	1.651	-0.349069	0.401428	-0.000284813
8260	1.652	-0.349069	0.401428	-0.000284817
8265	1.653	-0.349069	0.401428	-0.000284807
8270	1.654	-0.349069	0.401428	-0.000284782
8275	1.655	-0.349069	0.401428	-0.000284749
8280	1.656	-0.349069	0.401428	-0.000284749
8285	1.657	-0.349069	0.401428	-0.000284729
8290	1.658	-0.349069	0.401428	-0.000284613
8295	1.659	-0.349069	0.401428	-0.000284657
8300	1.66	-0.349069	0.401428	-0.000284734
8305	1.661	-0.349069	0.401428	-0.000284779
8310	1.662	-0.349069	0.401428	-0.000284813
8315	1.663	-0.349069	0.401428	-0.000284817
8320	1.664	-0.349069	0.401428	-0.000284807
8325	1.665	-0.349069	0.401428	-0.000284782
8330	1.666	-0.349069	0.401428	-0.000284749
8335	1.667	-0.349069	0.401428	-0.000284749
8340	1.668	-0.349069	0.401428	-0.000284729
8345	1.669	-0.349069	0.401428	-0.000284613
8350	1.67	-0.349069	0.401428	-0.000284657
8355	1.671	-0.349069	0.401428	-0.000284734
8360	1.672	-0.349069	0.401428	-0.000284779
8365	1.673	-0.349069	0.401428	-0.000284813
8370	1.674	-0.349069	0.401428	-0.000284817
8375	1.675	-0.349069	0.401428	-0.000284807
8380	1.676	-0.349069	0.401428	-0.000284782
8385	1.677	-0.349069	0.401428	-0.000284749
8390	1.678	-0.349069	0.401428	-0.000284749
8395	1.679	-0.349069	0.401428	-0.000284729
8400	1.68	-0.349069	0.401428	-0.000284613
8405	1.681	-0.349069	0.401428	-0.000284657
8410	1.682	-0.349069	0.401428	-0.000284734
8415	1.683	-0.349069	0.401428	-0.000284779
8420	1.684	-0.349069	0.401428	-0.000284813
8425	1.685	-0.349069	0.401428	-0.000284817
8430	1.686	-0.349069	0.401428	-0.000284807
8435	1.687	-0.349069	0.401428	-0.000284782
8440	1.688	-0.349069	0.401428	-0.000284749
8445	1.689	-0.349069	0.401428	-0.000284749
8450	1.69	-0.349069	0.401428	-0.000284729
8455	1.691	-0.349069	0.401428	-0.000284613
8460	1.692	-0.349069	0.401428	-0.000284657
8465	1.693	-0.349069	0.401428	-0.000284734
8470	1.694	-0.349069	0.401428	-0.000284779
8475	1.695	-0.349069	0.401428	-0.000284813
8480	1.696	-0.349069	0.401428	-0.000284817
8485	1.697	-0.349069	0.401428	-0.000284807
8490	1.698	-0.349069	0.401428	-0.000284782
8495	1.699	-0.349069	0.401428	-0.000284749
8500	1.7	-0.349069	0.401428	-0.000284749
8505	1.701	-0.349069	0.401428	-0.000284729
8510	1.702	-0.349069	0.401428	-0.000284613
8515	1.703	-0.349069	0.401428	-0.000284657
8520	1.704	-0.349069	0.401428	-0.000284734
8525	1.705	-0.349069	0.401428	-0.000284779
8530	1.706	-0.349069	0.401428	-0.000284813
8535	1.707	-0.349069	0.401428	-0.000284817
8540	1.708	-0.349069	0.401428	-0.000284807
8545	1.709	-0.349069	0.401428	-0.000284782
8550	1.71	-0.349069	0.401428	-0.000284749
8555	1.711	-0.349069	0.401428	-0.000284749
8560	1.712	-0.349069	0.401428	-0.000284729
8565	1.713	-0.349069	0.401428	-0.000284613
8570	1.714	-0.349069	0.401428	-0.000284657
8575	1.715	-0.349069	0.401428	-0.000284734
8580	1.716	-0.349069	0.401428	-0.000284779
8585	1.717	-0.349069	0.401428	-0.000284813
8590	1.718	-0.349069	0.401428	-0.000284817
8595	1.719	-0.349069	0.401428	-0.000284807
8600	1.72	-0.349069	0.401428	-0.000284782
8605	1.721	-0.349069	0.401428	-0.000284749
8610	1.722	-0.349069	0.401428	-0.000284749
8615	1.723	-0.349069	0.401428	-0.000284729
8620	1.724	-0.349069	0.401428	-0.000284613
8625	1.725	-0.349069	0.401428	-0.000284657
8630	1.726	-0.349069	0.401428	-0.000284734
8635	1.727	-0.349069	0.401428	-0.000284779
8640	1.728	-0.349069	0.401428	-0.000284813
8645	1.729	-0.349069	0.401428	-0.000284817
8650	1.73	-0.349069	0.401428	-0.000284807
8655	1.731	-0.349069	0.401428	-0.000284782
8660	1.732	-0.349069	0.401428	-0.000284749
8665	1.733	-0.349069	0.401428	-0.000284749
8670	1.734	-0.349069	0.401428	-0.000284729
8675	1.735	-0.349069	0.401428	-0.000284613
8680	1.736	-0.349069	0.401428	-0.000284657
8685	1.737	-0.349069	0.401428	-0.000284734
8690	1.738	-0.349069	0.401428	-0.000284779
8695	1.739	-0.349069	0.401428	-0.000284813
8700	1.74	-0.349069	0.401428	-0.000284817
8705	1.741	-0.349069	0.401428	-0.000284807
8710	1.742	-0.349069	0.401428	-0.000284782
8715	1.743	-0.349069	0.401428	-0.000284749
8720	1.744	-0.349069	0.401428	-0.000284749
8725	1.745	-0.349069	0.401428	-0.000284729
8730	1.746	-0.349069	0.401428	-0.000284613
8735	1.747	-0.349069	0.401428	-0.000284657
8740	1.748	-0.349069	0.401428	-0.000284734
8745	1.749	-0.349069	0.401428	-0.000284779
8750	1.75	-0.349069	0.401428	-0.000284813
8755	1.751	-0.349069	0.401428	-0.000284817
8760	1.752	-0.349069	0.401428	-0.000284807
8765	1.753	-0.349069	0.401428	-0.000284782
8770	1.754	-0.349069	0.401428	-0.000284749
8775	1.755	-0.349069	0.401428	-0.000284749
8780	1.756	-0.349069	0.401428	-0.000284729
8785	1.757	-0.349069	0.401428	-0.000284613
8790	1.758	-0.349069	0.401428	-0.000284657
8795	1.759	-0.349069	0.401428	-0.000284734
8800	1.76	-0.349069	0.401428	-0.000284779
8805	1.761	-0.349069	0.401428	-0.000284813
8810	1.762	-0.349069	0.401428	-0.000284817
8815	1.763	-0.349069	0.401428	-0.000284807
8820	1.764	-0.349069	0.401428	-0.000284782
8825	1.765	-0.349069	0.401428	-0.000284749
8830	1.766	-0.349069	0.401428	-0.000284749
8835	1.767	-0.349069	0.401428	-0.000284729
8840	1.768	-0.349069	0.401428	-0.000284613
8845	1.769	-0.349069	0.401428	-0.000284657
8850	1.77	-0.349069	0.401428	-0.000284734
8855	1.771	-0.349069	0.401428	-0.000284779
8860	1.772	-0.349069	0.401428	-0.000284813
8865	1.773	-0.349069	0.401428	-0.000284817
8870	1.774	-0.349069	0.401428	-0.000284807
8875	1.775	-0.349069	0.401428	-0.000284782
8880	1.776	-0.349069	0.401428	-0.000284749
8885	1.777	-0.349069	0.401428	-0.000284749
8890	1.778	-0.349069	0.401428	-0.000284729
8895	1.779	-0.349069	0.401428	-0.000284613
8900	1.78	-0.349069	0.401428	-0.000284657
8905	1.781	-0.349069	0.401428	-0.000284734
8910	1.782	-0.349069	0.401428	-0.000284779
8915	1.783	-0.349069	0.401428	-0.000284813
8920	1.784	-0.349069	0.401428	-0.000284817
8925	1.785	-0.349069	0.401428	-0.000284807
8930	1.786	-0.349069	0.401428	-0.000284782
8935	1.787	-0.349069	0.401428	-0.000284749
8940	1.788	-0.349069	0.401428	-0.000284749
8945	1.789	-0.349069	0.401428	-0.000284729
8950	1.79	-0.349069	0.401428	-0.000284613
8955	1.791	-0.349069	0.401428	-0.000284657
8960	1.792	-0.349069	0.401428	-0.000284734
8965	1.793	-0.349069	0.401428	-0.000284779
8970	1.794	-0.349069	0.401428	-0.000284813
8975	1.795	-0.349069	0.401428	-0.000284817
8980	1.796	-0.349069	0.401428	-0.000284807
8985	1.797	-0.349069	0.401428	-0.000284782
8990	1.798	-0.349069	0.401428	-0.000284749
8995	1.799	-0.349069	0.401428	-0.000284749
9000	1.8	-0.349069	0.401428	-0.000284729
9005	1.801	-0.349069	0.401428	-0.000284613
9010	1.802	-0.349069	0.401428	-0.000284657
9015	1.803	-0.349069	0.401428	-0.000284734
9020	1.804	-0.349069	0.401428	-0.000284779
9025	1.805	-0.349069	0.401428	-0.000284813
9030	1.806	-0.349069	0.401428	-0.000284817
9035	1.807	-0.349069	0.401428	-0.000284807
9040	1.808	-0.349069	0.401428	-0.000284782
9045	1.809	-0.349069	0.401428	-0.000284749
9050	1.81	-0.349069	0.401428	-0.000284749
9055	1.811	-0.349069	0.401428	-0.000284729
9060	1.812	-0.349069	0.401428	-0.000284613
9065	1.813	-0.349069	0.401428	-0.000284657
9070	1.814	-0.349069	0.401428	-0.000284734
9075	1.815	-0.349069	0.401428	-0.000284779
9080	1.816	-0.349069	0.401428	-0.000284813
9085	1.817	-0.349069	0.401428	-0.000284817
9090	1.818	-0.349069	0.401428	-0.000284807
9095	1.819	-0.349069	0.401428	-0.000284782
9100	1.82	-0.349069	0.401428	-0.000284749
9105	1.821	-0.349069	0.401428	-0.000284749
9110	1.822	-0.349069	0.401428	-0.000284729
9115	1.823	-0.349069	0.401428	-0.000284613
9120	1.824	-0.349069	0.401428	-0.000284657
9125	1.825	-0.349069	0.401428	-0.000284734
9130	1.826	-0.349069	0.401428	-0.000284779
9135	1.827	-0.349069	0.401428	-0.000284813
9140	1.828	-0.349069	0.401428	-0.000284817
9145	1.829	-0.349069	0.401428	-0.000284807
9150	1.83	-0.349069	0.401428	-0.000284782
9155	1.831	-0.349069	0.401428	-0.000284749
9160	1.832	-0.349069	0.401428	-0.000284749
9165	1.833	-0.349069	0.401428	-0.000284729
9170	1.834	-0.349069	0.401428	-0.000284613
9175	1.835	-0.349069	0.401428	-0.000284657
9180	1.836	-0.349069	0.401428	-0.000284734
9185	1.837	-0.349069	0.401428	-0.000284779
9190	1.838	-0.349069	0.401428	-0.000284813
9195	1.839	-0.349069	0.401428	-0.000284817
9200	1.84	-0.349069	0.401428	-0.000284807
9205	1.841	-0.349069	0.401428	-0.000284782
9210	1.842	-0.349069	0.401428	-0.000284749
9215	1.843	-0.349069	0.401428	-0.000284749
9220	1.844	-0.349069	0.401428	-0.000284729
9225	1.845	-0.349069	0.401428	-0.000284613
9230	1.846	-0.349069	0.401428	-0.000284657
9235	1.847	-0.349069	0.401428	-0.000284734
9240	1.848	-0.349069	0.401428	-0.000284779
9245	1.849	-0.349069	0.401428	-0.000284813
9250	1.85	-0.349069	0.401428	-0.000284817
9255	1.851	-0.349069	0.401428	-0.000284807
9260	1.852	-0.349069	0.401428	-0.000284782
9265	1.853	-0.349069	0.401428	-0.000284749
9270	1.854	-0.349069	0.401428	-0.000284749
9275	1.855	-0.349069	0.401428	-0.000284729
9280	1.856	-0.349069	0.401428	-0.000284613
9285	1.857	-0.349069	0.401428	-0.000284657
9290	1.858	-0.349069	0.401428	-0.000284734
9295	1.859	-0.349069	0.401428	-0.000284779
9300	1.86	-0.349069	0.401428	-0.000284813
9305	1.861	-0.349069	0.401428	-0.000284817
9310	1.862	-0.349069	0.401428	-0.000284807
9315	1.863	-0.349069	0.401428	-0.000284782
9320	1.864	-0.349069	0.401428	-0.000284749
9325	1.865	-0.349069	0.401428	-0.000284749
9330	1.866	-0.349069	0.401428	-0.000284729
9335	1.867	-0.349069	0.401428	-0.000284613
9340	1.868	-0.349069	0.401428	-0.000284657
9345	1.869	-0.349069	0.401428	-0.000284734
9350	1.87	-0.349069	0.401428	-0.000284779
9355	1.871	-0.349069	0.401428	-0.000284813
9360	1.872	-0.349069	0.401428	-0.000284817
9365	1.873	-0.349069	0.401428	-0.000284807
9370	1.874	-0.349069	0.401428	-0.000284782
9375	1.875	-0.349069	0.401428	-0.000284749
9380	1.876	-0.349069	0.401428	-0.000284749
9385	1.877	-0.349069	0.401428	-0.000284729
9390	1.878	-0.349069	0.401428	-0.000284613
9395	1.879	-0.349069	0.401428	-0.000284657
9400	1.88	-0.349069	0.401428	-0.000284734
9405	1.881	-0.349069	0.401428	-0.000284779
9410	1.882	-0.349069	0.401428	-0.000284813
9415	1.883	-0.349069	0.401428	-0.000284817
9420	1.884	-0.349069	0.401428	-0.000284807
9425	1.885	-0.349069	0.401428	-0.000284782
9430	1.886	-0.349069	0.401428	-0.000284749
9435	1.887	-0.349069	0.401428	-0.000284749
9440	1.888	-0.349069	0.401428	-0.000284729
9445	1.889	-0.349069	0.401428	-0.000284613
9450	1.89	-0.349069	0.401428	-0.000284657
9455	1.891	-0.349069	0.401428	-0.000284734
9460	1.892	-0.349069	0.401428	-0.000284779
9465	1.893	-0.349069	0.401428	-0.000284813
9470	1.894	-0.349069	0.401428	-0.000284817
9475	1.895	-0.349069	0.401428	-0.000284807
9480	1.896	-0.349069	0.401428	-0.000284782
9485	1.897	-0.349069	0.401428	-0.000284749
9490	1.898	-0.349069	0.401428	-0.000284749
9495	1.899	-0.349069	0.401428	-0.000284729
9500	1.9	-0.349069	0.401428	-0.000284613
9505	1.901	-0.349069	0.401428	-0.000284657
9510	1.902	-0.349069	0.401428	-0.000284734
9515	1.903	-0.349069	0.401428	-0.000284779
9520	1.904	-0.349069	0.401428	-0.000284813
9525	1.905	-0.349069	0.401428	-0.000284817
9530	1.906	-0.349069	0.401428	-0.000284807
9535	1.907	-0.349069	0.401428	-0.000284782
9540	1.908	-0.349069	0.401428	-0.000284749
9545	1.909	-0.349069	0.401428	-0.000284749
9550	1.91	-0.349069	0.401428	-0.000284729
9555	1.911	-0.349069	0.401428	-0.000284613
9560	1.912	-0.349069	0.401428	-0.000284657
9565	1.913	-0.349069	0.401428	-0.000284734
9570	1.914	-0.349069	0.401428	-0.000284779
9575	1.915	-0.349069	0.401428	-0.000284813
9580	1.916	-0.349069	0.401428	-0.000284817
9585	1.917	-0.349069	0.401428	-0.000284807
9590	1.918	-0.349069	0.401428	-0.000284782
9595	1.919	-0.349069	0.401428	-0.000284749
9600	1.92	-0.349069	0.401428	-0.000284749
9605	1.921	-0.349069	0.401428	-0.000284729
9610	1.922	-0.349069	0.401428	-0.000284613
9615	1.923	-0.349069	0.401428	-0.000284657
9620	1.924	-0.349069	0.401428	-0.000284734
9625	1.925	-0.349069	0.401428	-0.000284779
9630	1.926	-0.349069	0.401428	-0.000284813
9635	1.927	-0.349069	0.401428	-0.000284817
9640	1.928	-0.349069	0.401428	-0.000284807
9645	1.929	-0.349069	0.401428	-0.000284782
9650	1.93	-0.349069	0.401428	-0.000284749
9655	1.931	-0.349069	0.401428	-0.000284749
9660	1.932	-0.349069	0.401428	-0.000284729
9665	1.933	-0.349069	0.401428	-0.000284613
9670	1.934	-0.349069	0.401428	-0.000284657
9675	1.935	-0.349069	0.401428	-0.000284734
9680	1.936	-0.349069	0.401428	-0.000284779
9685	1.937	-0.349069	0.401428	-0.000284813
9690	1.938	-0.349069	0.401428	-0.000284817
9695	1.939	-0.349069	0.401428	-0.000284807
9700	1.94	-0.349069	0.401428	-0.000284782
9705	1.941	-0.349069	0.401428	-0.000284749
9710	1.942	-0.349069	0.401428	-0.000284749
9715	1.943	-0.349069	0.401428	-0.000284729
9720	1.944	-0.349069	0.401428	-0.000284613
9725	1.945	-0.349069	0.401428	-0.000284657
9730	1.946	-0.349069	0.401428	-0.000284734
9735	1.947	-0.349069	0.401428	-0.000284779
9740	1.948	-0.349069	0.401428	-0.000284813
9745	1.949	-0.349069	0.401428	-0.000284817
9750	1.95	-0.349069	0.401428	-0.000284807
9755	1.951	-0.349069	0.401428	-0.000284782
9760	1.952	-0.349069	0.401428	-0.000284749
9765	1.953	-0.349069	0.401428	-0.000284749
9770	1.954	-0.349069	0.401428	-0.000284729
9775	1.955	-0.349069	0.401428	-0.000284613
9780	1.956	-0.349069	0.401428	-0.000284657
9785	1.957	-0.349069	0.401428	-0.000284734
9790	1.958	-0.349069	0.401428	-0.000284779
9795	1.959	-0.349069	0.401428	-0.000284813
9800	1.96	-0.349069	0.401428	-0.000284817
9805	1.961	-0.349069	0.401428	-0.000284807
9810	1.962	-0.349069	0.401428	-0.000284782
9815	1.963	-0.349069	0.401428	-0.000284749
9820	1.964	-0.349069	0.401428	-0.000284749
9825	1.965	-0.349069	0.401428	-0.000284729
9830	1.966	-0.349069	0.401428	-0.000284613
9835	1.967	-0.349069	0.401428	-0.000284657
9840	1.968	-0.349069	0.401428	-0.000284734
9845	1.969	-0.349069	0.401428	-0.000284779
9850	1.97	-0.349069	0.401428	-0.000284813
9855	1.971	-0.349069	0.401428	-0.000284817
9860	1.972	-0.349069	0.401428	-0.000284807
9865	1.973	-0.349069	0.401428	-0.000284782
9870	1.974	-0.349069	0.401428	-0.000284749
9875	1.975	-0.349069	0.401428	-0.000284749
9880	1.976	-0.349069	0.401428	-0.000284729
9885	1.977	-0.349069	0.401428	-0.000284613
9890	1.978	-0.349069	0.401428	-0.000284657
9895	1.979	-0.349069	0.401428	-0.000284734
9900	1.98	-0.349069	0.401428	-0.000284779
9905	1.981	-0.349069	0.401428	-0.000284813
9910	1.982	-0.349069	0.401428	-0.000284817
9915	1.983	-0.349069	0.401428	-0.000284807
9920	1.984	-0.349069	0.401428	-0.000284782
9925	1.985	-0.349069	0.401428	-0.000284749
9930	1.986	-0.349069	0.401428	-0.000284749
9935	1.987	-0.349069	0.401428	-0.000284729
9940	1.988	-0.349069	0.401428	-0.000284613
9945	1.989	-0.349069	0.401428	-0.000284657
9950	1.99	-0.349069	0.401428	-0.000284734
9955	1.991	-0.349069	0.401428	-0.000284779
9960	1.992	-0.349069	0.401428	-0.000284813
9965	1.993	-0.349069	0.401428	-0.000284817
9970	1.994	-0.349069	0.401428	-0.000284807
9975	1.995	-0.349069	0.401428	-0.000284782
9980	1.996	-0.349069	0.401428	-0.000284749
9985	1.997	-0.349069	0.401428	-0.000284749
9990	1.998	-0.349069	0.401428	-0.000284729
9995	1.999	-0.349069	0.401428	-0.000284613
10000	2	-0.349069	0.401428	-0.000284657
10005	2.001	-0.349069	0.401428	-0.000284734
10010	2.002	-0.349069	0.401428	-0.000284779
10015	2.003	-0.349069	0.401428	-0.000284813
10020	2.004	-0.349069	0.401428	-0.000284817
10025	2.005	-0.349069	0.401428	-0.000284807
10030	2.006	-0.349069	0.401428	-0.000284782
10035	2.007	-0.349069	0.401428	-0.000284749
10040	2.008	-0.349069	0.401428	-0.000284749
10045	2.009	-0.349069	0.401428	-0.000284729
10050	2.01	-0.349069	0.401428	-0.000284613
10055	2.011	-0.349069	0.401428	-0.000284657
10060	2.012	-0.349069	0.401428	-0.000284734
10065	2.013	-0.349069	0.401428	-0.000284779
10070	2.014	-0.349069	0.401428	-0.000284813
10075	2.015	-0.349069	0.401428	-0.000284817
10080	2.016	-0.349069	0.401428	-0.000284807
10085	2.017	-0.349069	0.401428	-0.000284782
10090	2.018	-0.349069	0.401428	-0.000284749
10095	2.019	-0.349069	0.401428	-0.000284749
10100	2.02	-0.349069	0.401428	-0.000284729
10105	2.021	-0.349069	0.401428	-0.000284613
10110	2.022	-0.349069	0.401428	-0.000284657
10115	2.023	-0.349069	0.401428	-0.000284734
10120	2.024	-0.349069	0.401428	-0.000284779
10125	2.025	-0.349069	0.401428	-0.000284813
10130	2.026	-0.349069	0.401428	-0.000284817
10135	2.027	-0.349069	0.401428	-0.000284807
10140	2.028	-0.349069	0.401428	-0.000284782
10145	2.029	-0.349069	0.401428	-0.000284749
10150	2.03	-0.349069	0.401428	-0.000284749
10155	2.031	-0.349069	0.401428	-0.000284729
10160	2.032	-0.349069	0.401428	-0.000284613
10165	2.033	-0.349069	0.401428	-0.000284657
10170	2.034	-0.349069	0.401428	-0.000284734
10175	2.035	-0.349069	0.401428	-0.000284779
10180	2.036	-0.349069	0.401428	-0.000284813
10185	2.037	-0.349069	0.401428	-0.000284817
10190	2.038	-0.349069	0.401428	-0.000284807
10195	2.039	-0.349069	0.401428	-0.000284782
10200	2.04	-0.349069	0.401428	-0.000284749
10205	2.041	-0.349069	0.401428	-0.000284749
10210	2.042	-0.349069	0.401428	-0.000284729
10215	2.043	-0.349069	0.401428	-0.000284613
10220	2.044	-0.349069	0.401428	-0.000284657
10225	2.045	-0.349069	0.401428	-0.000284734
10230	2.046	-0.349069	0.401428	-0.000284779
10235	2.047	-0.349069	0.401428	-0.000284813
10240	2.048	-0.349069	0.401428	-0.000284817
10245	2.049	-0.349069	0.401428	-0.000284807
10250	2.05	-0.349069	0.401428	-0.000284782
10255	2.051	-0.349069	0.401428	-0.000284749
10260	2.052	-0.349069	0.401428	-0.000284749
10265	2.053	-0.349069	0.401428	-0.000284729
10270	2.054	-0.349069	0.401428	-0.000284613
10275	2.055	-0.349069	0.401428	-0.000284657
10280	2.056	-0.349069	0.401428	-0.000284734
10285	2.057	-0.349069	0.401428	-0.000284779
10290	2.058	-0.349069	0.401428	-0.000284813
10295	2.059	-0.349069	0.401428	-0.000284817
10300	2.06	-0.349069	0.401428	-0.000284807
10305	2.061	-0.349069	0.401428	-0.000284782
10310	2.062	-0.349069	0.401428	-0.000284749
10315	2.063	-0.349069	0.401428	-0.000284749
10320	2.064	-0.349069	0.401428	-0.000284729
10325	2.065	-0.349069	0.401428	-0.000284613
10330	2.066	-0.349069	0.401428	-0.000284657
10335	2.067	-0.349069	0.401428	-0.000284734
10340	2.068	-0.349069	0.401428	-0.000284779
10345	2.069	-0.349069	0.401428	-0.000284813
10350	2.07	-0.349069	0.401428	-0.000284817
10355	2.071	-0.349069	0.401428	-0.000284807
10360	2.072	-0.349069	0.401428	-0.000284782
10365	2.073	-0.349069	0.401428	-0.000284749
10370	2.074	-0.349069	0.401428	-0.000284749
10375	2.075	-0.349069	0.401428	-0.000284729
10380	2.076	-0.349069	0.401428	-0.000284613
10385	2.077	-0.349069	0.401428	-0.000284657
10390	2.078	-0.349069	0.401428	-0.000284734
10395	2.079	-0.349069	0.401428	-0.000284779
10400	2.08	-0.349069	0.401428	-0.000284813
10405	2.081	-0.349069	0.401428	-0.000284817
10410	2.082	-0.349069	0.401428	-0.000284807
10415	2.083	-0.349069	0.401428	-0.000284782
10420	2.084	-0.349069	0.401428	-0.000284749
10425	2.085	-0.349069	0.401428	-0.000284749
10430	2.086	-0.349069	0.401428	-0.000284729
10435	2.087	-0.349069	0.401428	-0.000284613
10440	2.088	-0.349069	0.401428	-0.000284657
10445	2.089	-0.349069	0.401428	-0.000284734
10450	2.09	-0.349069	0.401428	-0.000284779
10455	2.091	-0.349069	0.401428	-0.000284813
10460	2.092	-0.349069	0.401428	-0.000284817
10465	2.093	-0.349069	0.401428	-0.000284807
10470	2.094	-0.349069	0.401428	-0.000284782
10475	2.095	-0.349069	0.401428	-0.000284749
10480	2.096	-0.349069	0.401428	-0.000284749
10485	2.097	-0.349069	0.401428	-0.000284729
10490	2.098	-0.349069	0.401428	-0.000284613
10495	2.099	-0.349069	0.401428	-0.000284657
10500	2.1	-0.349069	0.401428	-0.000284734
10505	2.101	-0.349069	0.401428	-0.000284779
10510	2.102	-0.349069	0.401428	-0.000284813
10515	2.103	-0.349069	0.401428	-0.000284817
10520	2.104	-0.349069	0.401428	-0.000284807
10525	2.105	-0.349069	0.401428	-0.000284782
10530	2.106	-0.349069	0.401428	-0.000284749
10535	2.107	-0.349069	0.401428	-0.000284749
10540	2.108	-0.349069	0.401428	-0.000284729
10545	2.109	-0.349069	0.401428	-0.000284613
10550	2.11	-0.349069	0.401428	-0.000284657
10555	2.111	-0.349069	0.401428	-0.000284734
10560	2.112	-0.349069	0.401428	-0.000284779
10565	2.113	-0.349069	0.401428	-0.000284813
10570	2.114	-0.349069	0.401428	-0.000284817
10575	2.115	-0.349069	0.401428	-0.000284807
10580	2.116	-0.349069	0.401428	-0.000284782
10585	2.117	-0.349069	0.401428	-0.000284749
10590	2.118	-0.349069	0.401428	-0.000284749
10595	2.119	-0.349069	0.401428	-0.000284729
10600	2.12	-0.349069	0.401428	-0.000284613
10605	2.121	-0.349069	0.401428	-0.000284657
10610	2.122	-0.349069	0.401428	-0.000284734
10615	2.123	-0.349069	0.401428	-0.000284779
10620	2.124	-0.349069	0.401428	-0.000284813
10625	2.125	-0.349069	0.401428	-0.000284817
10630	2.126	-0.349069	0.401428	-0.000284807
10635	2.127	-0.349069	0.401428	-0.000284782
10640	2.128	-0.349069	0.401428	-0.000284749
10645	2.129	-0.349069	0.401428	-0.000284749
10650	2.13	-0.349069	0.401428	-0.000284729
10655	2.131	-0.349069	0.401428	-0.000284613
10660	2.132	-0.349069	0.401428	-0.000284657
10665	2.133	-0.349069	0.401428	-0.000284734
10670	2.134	-0.349069	0.401428	-0.000284779
10675	2.135	-0.349069	0.401428	-0.000284813
10680	2.136	-0.349069	0.401428	-0.000284817
10685	2.137	-0.349069	0.401428	-0.000284807
10690	2.138	-0.349069	0.401428	-0.000284782
10695	2.139	-0.349069	0.401428	-0.000284749
10700	2.14	-0.349069	0.401428	-0.000284749
10705	2.141	-0.349069	0.401428	-0.000284729
10710	2.142	-0.349069	0.401428	-0.000284613
10715	2.143	-0.349069	0.401428	-0.000284657
10720	2.144	-0.349069	0.401428	-0.000284734
10725	2.145	-0.349069	0.401428	-0.000284779
10730	2.146	-0.349069	0.401428	-0.000284813
10735	2.147	-0.349069	0.401428	-0.000284817
10740	2.148	-0.349069	0.401428	-0.000284807
10745	2.149	-0.349069	0.401428	-0.000284782
10750	2.15	-0.349069	0.401428	-0.000284749
10755	2.151	-0.349069	0.401428	-0.000284749
10760	2.152	-0.349069	0.401428	-0.000284729
10765	2.153	-0.349069	0.401428	-0.000284613
10770	2.154	-0.349069	0.401428	-0.000284657
10775	2.155	-0.349069	0.401428	-0.000284734
10780	2.156	-0.349069	0.401428	-0.000284779
10785	2.157	-0.349069	0.401428	-0.000284813
10790	2.158	-0.349069	0.401428	-0.000284817
10795	2.159	-0.349069	0.401428	-0.000284807
10800	2.16	-0.349069	0.401428	-0.000284782
10805	2.161	-0.349069	0.401428	-0.000284749
10810	2.162	-0.349069	0.401428	-0.000284749
10815	2.163	-0.349069	0.401428	-0.000284729
10820	2.164	-0.349069	0.401428	-0.000284613
10825	2.165	-0.349069	0.401428	-0.000284657
10830	2.166	-0.349069	0.401428	-0.000284734
10835	2.167	-0.349069	0.401428	-0.000284779
10840	2.168	-0.349069	0.401428	-0.000284813
10845	2.169	-0.349069	0.401428	-0.000284817
10850	2.17	-0.349069	0.401428	-0.000284807
10855	2.171	-0.349069	0.401428	-0.000284782
10860	2.172	-0.349069	0.401428	-0.000284749
10865	2.173	-0.349069	0.401428	-0.000284749
10870	2.174	-0.349069	0.401428	-0.000284729
10875	2.175	-0.349069	0.401428	-0.000284613
10880	2.176	-0.349069	0.401428	-0.000284657
10885	2.177	-0.349069	0.401428	-0.000284734
10890	2.178	-0.349069	0.401428	-0.000284779
10895	2.179	-0.349069	0.401428	-0.000284813
10900	2.18	-0.349069	0.401428	-0.000284817
10905	2.181	-0.349069	0.401428	-0.000284807
10910	2.182	-0.349069	0.401428	-0.000284782
10915	2.183	-0.349069	0.401428	-0.000284749
10920	2.184	-0.349069	0.401428	-0.000284749
10925	2.185	-0.349069	0.401428	-0.000284729
10930	2.186	-0.349069	0.401428	-0.000284613
10935	2.187	-0.349069	0.401428	-0.000284657
10940	2.188	-0.349069	0.401428	-0.000284734
10945	2.189	-0.349069	0.401428	-0.000284779
10950	2.19	-0.349069	0.401428	-0.000284813
10955	2.191	-0.349069	0.401428	-0.000284817
10960	2.192	-0.349069	0.401428	-0.000284807
10965	2.193	-0.349069	0.401428	-0.000284782
10970	2.194	-0.349069	0.401428	-0.000284749
10975	2.195	-0.349069	0.401428	-0.000284749
10980	2.196	-0.349069	0.401428	-0.000284729
10985	2.197	-0.349069	0.401428	-0.000284613
10990	2.198	-0.349069	0.401428	-0.000284657
10995	2.199	-0.349069	0.401428	-0.000284734
11000	2.2	-0.349069	0.401428	-0.000284779
11005	2.201	-0.349069	0.401428	-0.000284813
11010	2.202	-0.349069	0.401428	-0.000284817
11015	2.203	-0.349069	0.401428	-0.000284807
11020	2.204	-0.349069	0.401428	-0.000284782
11025	2.205	-0.349069	0.401428	-0.000284749
11030	2.206	-0.349069	0.401428	-0.000284749
11035	2.207	-0.349069	0.401428	-0.000284729
11040	2.208	-0.349069	0.401428	-0.000284613
11045	2.209	-0.349069	0.401428	-0.000284657
11050	2.21	-0.349069	0.401428	-0.000284734
11055	2.211	-0.349069	0.401428	-0.000284779
11060	2.212	-0.349069	0.401428	-0.000284813
11065	2.213	-0.349069	0.401428	-0.000284817
11070	2.214	-0.349069	0.401428	-0.000284807
11075	2.215	-0.349069	0.401428	-0.000284782
11080	2.216	-0.349069	0.401428	-0.000284749
11085	2.217	-0.349069	0.401428	-0.000284749
11090	2.218	-0.349069	0.401428	-0.000284729
11095	2.219	-0.349069	0.401428	-0.000284613
11100	2.22	-0.349069	0.401428	-0.000284657
11105	2.221	-0.349069	0.401428	-0.000284734
11110	2.222	-0.349069	0.401428	-0.000284779
11115	2.223	-0.349069	0.401428	-0.000284813
11120	2.224	-0.349069	0.401428	-0.000284817
11125	2.225	-0.349069	0.401428	-0.000284807
11130	2.226	-0.349069	0.401428	-0.000284782
11135	2.227	-0.349069	0.401428	-0.000284749
11140	2.228	-0.349069	0.401428	-0.000284749
11145	2.229	-0.349069	0.401428	-0.000284729
11150	2.23	-0.349069	0.401428	-0.000284613
11155	2.231	-0.349069	0.401428	-0.000284657
11160	2.232	-0.349069	0.401428	-0.000284734
11165	2.233	-0.349069	0.401428	-0.000284779
11170	2.234	-0.349069	0.401428	-0.000284813
11175	2.235	-0.349069	0.401428	-0.000284817
11180	2.236	-0.349069	0.401428	-0.000284807
11185	2.237	-0.349069	0.401428	-0.000284782
11190	2.238	-0.349069	0.401428	-0.000284749
11195	2.239	-0.349069	0.401428	-0.000284749
11200	2.24	-0.349069	0.401428	-0.000284729
11205	2.241	-0.349069	0.401428	-0.000284613
11210	2.242	-0.349069	0.401428	-0.000284657
11215	2.243	-0.349069	0.401428	-0.000284734
11220	2.244	-0.349069	0.401428	-0.000284779
11225	2.245	-0.349069	0.401428	-0.000284813
11230	2.246	-0.349069	0.401428	-0.000284817
11235	2.247	-0.349069	0.401428	-0.000284807
11240	2.248	-0.349069	0.401428	-0.000284782
11245	2.249	-0.349069	0.401428	-0.000284749
11250	2.25	-0.349069	0.401428	-0.000284749
11255	2.251	-0.349069	0.401428	-0.000284729
11260	2.252	-0.349069	0.401428	-0.000284613
11265	2.253	-0.349069	0.401428	-0.000284657
11270	2.254	-0.349069	0.401428	-0.000284734
11275	2.255	-0.349069	0.401428	-0.000284779
11280	2.256	-0.349069	0.401428	-0.000284813
11285	2.257	-0.349069	0.401428	-0.000284817
11290	2.258	-0.349069	0.401428	-0.000284807
11295	2.259	-0.349069	0.401428	-0.000284782
11300	2.26	-0.349069	0.401428	-0.000284749
11305	2.261	-0.349069	0.401428	-0.000284749
11310	2.262	-0.349069	0.401428	-0.000284729
11315	2.263	-0.349069	0.401428	-0.000284613
11320	2.264	-0.349069	0.401428	-0.000284657
11325	2.265	-0.349069	0.401428	-0.000284734
11330	2.266	-0.349069	0.401428	-0.000284779
11335	2.267	-0.349069	0.401428	-0.000284813
11340	2.268	-0.349069	0.401428	-0.000284817
11345	2.269	-0.349069	0.401428	-0.000284807
11350	2.27	-0.349069	0.401428	-0.000284782
11355	2.271	-0.349069	0.401428	-0.000284749
11360	2.272	-0.349069	0.401428	-0.000284749
11365	2.273	-0.349069	0.401428	-0.000284729
11370	2.274	-0.349069	0.401428	-0.000284613
11375	2.275	-0.349069	0.401428	-0.000284657
11380	2.276	-0.349069	0.401428	-0.000284734
11385	2.277	-0.349069	0.401428	-0.000284779
11390	2.278	-0.349069	0.401428	-0.000284813
11395	2.279	-0.349069	0.401428	-0.000284817
11400	2.28	-0.349069	0.401428	-0.000284807
11405	2.281	-0.349069	0.401428	-0.000284782
11410	2.282	-0.349069	0.401428	-0.000284749
11415	2.283	-0.349069	0.401428	-0.000284749
11420	2.284	-0.349069	0.401428	-0.000284729
11425	2.285	-0.349069	0.401428	-0.000284613
11430	2.286	-0.349069	0.401428	-0.000284657
11435	2.287	-0.349069	0.401428	-0.000284734
11440	2.288	-0.349069	0.401428	-0.000284779
11445	2.289	-0.349069	0.401428	-0.000284813
11450	2.29	-0.349069	0.401428	-0.000284817
11455	2.291	-0.349069	0.401428	-0.000284807
11460	2.292	-0.349069	0.401428	-0.000284782
11465	2.293	-0.349069	0.401428	-0.000284749
11470	2.294	-0.349069	0.401428	-0.000284749
11475	2.295	-0.349069	0.401428	-0.000284729
11480	2.296	-0.349069	0.401428	-0.000284613
11485	2.297	-0.349069	0.401428	-0.000284657
11490	2.298	-0.349069	0.401428	-0.000284734
11495	2.299	-0.349069	0.401428	-0.000284779
11500	2.3	-0.349069	0.401428	-0.000284813
11505	2.301	-0.349069	0.401428	-0.000284817
11510	2.302	-0.349069	0.401428	-0.000284807
11515	2.303	-0.349069	0.401428	-0.000284782
11520	2.304	-0.349069	0.401428	-0.000284749
11525	2.305	-0.349069	0.401428	-0.000284749
11530	2.306	-0.349069	0.401428	-0.000284729
11535	2.307	-0.349069	0.401428	-0.000284613
11540	2.308	-0.349069	0.401428	-0.000284657
11545	2.309	-0.349069	0.401428	-0.000284734
11550	2.31	-0.349069	0.401428	-0.000284779
11555	2.311	-0.349069	0.401428	-0.000284813
11560	2.312	-0.349069	0.401428	-0.000284817
11565	2.313	-0.349069	0.401428	-0.000284807
11570	2.314	-0.349069	0.401428	-0.000284782
11575	2.315	-0.349069	0.401428	-0.000284749
11580	2.316	-0.349069	0.401428	-0.000284749
11585	2.317	-0.349069	0.401428	-0.000284729
11590	2.318	-0.349069	0.401428	-0.000284613
11595	2.319	-0.349069	0.401428	-0.000284657
11600	2.32	-0.349069	0.401428	-0.000284734
11605	2.321	-0.349069	0.401428	-0.000284779
11610	2.322	-0.349069	0.401428	-0.000284813
11615	2.323	-0.349069	0.401428	-0.000284817
11620	2.324	-0.349069	0.401428	-0.000284807
11625	2.325	-0.349069	0.401428	-0.000284782
11630	2.326	-0.349069	0.401428	-0.000284749
11635	2.327	-0.349069	0.401428	-0.000284749
11640	2.328	-0.349069	0.401428	-0.000284729
11645	2.329	-0.349069	0.401428	-0.000284613
11650	2.33	-0.349069	0.401428	-0.000284657
11655	2.331	-0.349069	0.401428	-0.000284734
11660	2.332	-0.349069	0.401428	-0.000284779
11665	2.333	-0.349069	0.401428	-0.000284813
11670	2.334	-0.349069	0.401428	-0.000284817
11675	2.335	-0.349069	0.401428	-0.000284807
11680	2.336	-0.349069	0.401428	-0.000284782
11685	2.337	-0.349069	0.401428	-0.000284749
11690	2.338	-0.349069	0.401428	-0.000284749
11695	2.339	-0.349069	0.401428	-0.000284729
11700	2.34	-0.349069	0.401428	-0.000284613
11705	2.341	-0.349069	0.401428	-0.000284657
11710	2.342	-0.349069	0.401428	-0.000284734
11715	2.343	-0.349069	0.401428	-0.000284779
11720	2.344	-0.349069	0.401428	-0.000284813
11725	2.345	-0.349069	0.401428	-0.000284817
11730	2.346	-0.349069	0.401428	-0.000284807
11735	2.347	-0.349069	0.401428	-0.000284782
11740	2.348	-0.349069	0.401428	-0.000284749
11745	2.349	-0.349069	0.401428	-0.000284749
11750	2.35	-0.349069	0.401428	-0.000284729
11755	2.351	-0.349069	0.401428	-0.000284613
11760	2.352	-0.349069	0.401428	-0.000284657
11765	2.353	-0.349069	0.401428	-0.000284734
11770	2.354	-0.349069	0.401428	-0.000284779
11775	2.355	-0.349069	0.401428	-0.000284813
11780	2.356	-0.349069	0.401428	-0.000284817
11785	2.357	-0.349069	0.401428	-0.000284807
11790	2.358	-0.349069	0.401428	-0.000284782
11795	2.359	-0.349069	0.401428	-0.000284749
11800	2.36	-0.349069	0.401428	-0.000284749
11805	2.361	-0.349069	0.401428	-0.000284729
11810	2.362	-0.349069	0.401428	-0.000284613
11815	2.363	-0.349069	0.401428	-0.000284657
11820	2.364	-0.349069	0.401428	-0.000284734
11825	2.365	-0.349069	0.401428	-0.000284779
11830	2.366	-0.349069	0.401428	-0.000284813
11835	2.367	-0.349069	0.401428	-0.000284817
11840	2.368	-0.349069	0.401428	-0.000284807
11845	2.369	-0.349069	0.401428	-0.000284782
11850	2.37	-0.349069	0.401428	-0.000284749
11855	2.371	-0.349069	0.401428	-0.000284749
11860	2.372	-0.349069	0.401428	-0.000284729
11865	2.373	-0.349069	0.401428	-0.000284613
11870	2.374	-0.349069	0.401428	-0.000284657
11875	2.375	-0.349069	0.401428	-0.000284734
11880	2.376	-0.349069	0.401428	-0.000284779
11885	2.377	-0.349069	0.401428	-0.000284813
11890	2.378	-0.349069	0.401428	-0.000284817
11895	2.379	-0.349069	0.401428	-0.000284807
11900	2.38	-0.349069	0.401428	-0.000284782
11905	2.381	-0.349069	0.401428	-0.000284749
11910	2.382	-0.349069	0.401428	-0.000284749
11915	2.383	-0.349069	0.401428	-0.000284729
11920	2.384	-0.349069	0.401428	-0.000284613
11925	2.385	-0.349069	0.401428	-0.000284657
11930	2.386	-0.349069	0.401428	-0.000284734
11935	2.387	-0.349069	0.401428	-0.000284779
11940	2.388	-0.349069	0.401428	-0.000284813
11945	2.389	-0.349069	0.401428	-0.000284817
11950	2.39	-0.349069	0.401428	-0.000284807
11955	2.391	-0.349069	0.401428	-0.000284782
11960	2.392	-0.349069	0.401428	-0.000284749
11965	2.393	-0.349069	0.401428	-0.000284749
11970	2.394	-0.349069	0.401428	-0.000284729
11975	2.395	-0.349069	0.401428	-0.000284613
11980	2.396	-0.349069	0.401428	-0.000284657
11985	2.397	-0.349069	0.401428	-0.000284734
11990	2.398	-0.349069	0.401428	-0.000284779
11995	2.399	-0.349069	0.401428	-0.000284813
12000	2.4	-0.349069	0.401428	-0.000284817
12005	2.401	-0.349069	0.401428	-0.000284807
12010	2.402	-0.349069	0.401428	-0.000284782
12015	2.403	-0.349069	0.401428	-0.000284749
12020	2.404	-0.349069	0.401428	-0.000284749
12025	2.405	-0.349069	0.401428	-0.000284729
12030	2.406	-0.349069	0.401428	-0.000284613
12035	2.407	-0.349069	0.401428	-0.000284657
12040	2.408	-0.349069	0.401428	-0.000284734
12045	2.409	-0.349069	0.401428	-0.000284779
12050	2.41	-0.349069	0.401428	-0.000284813
12055	2.411	-0.349069	0.401428	-0.000284817
12060	2.412	-0.349069	0.401428	-0.000284807
12065	2.413	-0.349069	0.401428	-0.000284782
12070	2.414	-0.349069	0.401428	-0.000284749
12075	2.415	-0.349069	0.401428	-0.000284749
12080	2.416	-0.349069	0.401428	-0.000284729
12085	2.417	-0.349069	0.401428	-0.000284613
12090	2.418	-0.349069	0.401428	-0.000284657
12095	2.419	-0.349069	0.401428	-0.000284734
12100	2.42	-0.349069	0.401428	-0.000284779
12105	2.421	-0.349069	0.401428	-0.000284813
12110	2.422	-0.349069	0.401428	-0.000284817
12115	2.423	-0.349069	0.401428	-0.000284807
12120	2.424	-0.349069	0.401428	-0.000284782
12125	2.425	-0.349069	0.401428	-0.000284749
12130	2.426	-0.349069	0.401428	-0.000284749
12135	2.427	-0.349069	0.401428	-0.000284729
12140	2.428	-0.349069	0.401428	-0.000284613
12145	2.429	-0.349069	0.401428	-0.000284657
12150	2.43	-0.349069	0.401428	-0.000284734
12155	2.431	-0.349069	0.401428	-0.000284779
12160	2.432	-0.349069	0.401428	-0.000284813
12165	2.433	-0.349069	0.401428	-0.000284817
12170	2.434	-0.349069	0.401428	-0.000284807
12175	2.435	-0.349069	0.401428	-0.000284782
12180	2.436	-0.349069	0.401428	-0.000284749
12185	2.437	-0.349069	0.401428	-0.000284749
12190	2.438	-0.349069	0.401428	-0.000284729
12195	2.439	-0.349069	0.401428	-0.000284613
12200	2.44	-0.349069	0.401428	-0.000284657
12205	2.441	-0.349069	0.401428	-0.000284734
12210	2.442	-0.349069	0.401428	-0.000284779
12215	2.443	-0.349069	0.401428	-0.000284813
12220	2.444	-0.349069	0.401428	-0.000284817
12225	2.445	-0.349069	0.401428	-0.000284807
12230	2.446	-0.349069	0.401428	-0.000284782
12235	2.447	-0.349069	0.401428	-0.000284749
12240	2.448	-0.349069	0.401428	-0.000284749
12245	2.449	-0.349069	0.401428	-0.000284729
12250	2.45	-0.349069	0.401428	-0.000284613
12255	2.451	-0.349069	0.401428	-0.000284657
12260	2.452	-0.349069	0.401428	-0.000284734
12265	2.453	-0.349069	0.401428	-0.000284779
12270	2.454	-0.349069	0.401428	-0.000284813
12275	2.455	-0.349069	0.401428	-0.000284817
12280	2.456	-0.349069	0.401428	-0.000284807
12285	2.457	-0.349069	0.401428	-0.000284782
12290	2.458	-0.349069	0.401428	-0.000284749
12295	2.459	-0.349069	0.401428	-0.000284749
12300	2.46	-0.349069	0.401428	-0.000284729
12305	2.461	-0.349069	0.401428	-0.000284613
12310	2.462	-0.349069	0.401428	-0.000284657
12315	2.463	-0.349069	0.401428	-0.000284734
12320	2.464	-0.349069	0.401428	-0.000284779
12325	2.465	-0.349069	0.401428	-0.000284813
12330	2.466	-0.349069	0.401428	-0.000284817
12335	2.467	-0.349069	0.401428	-0.000284807
12340	2.468	-0.349069	0.401428	-0.000284782
12345	2.469	-0.349069	0.401428	-0.000284749
12350	2.47	-0.349069	0.401428	-0.000284749
12355	2.471	-0.349069	0.401428	-0.000284729
12360	2.472	-0.349069	0.401428	-0.000284613
12365	2.473	-0.349069	0.401428	-0.000284657
12370	2.474	-0.349069	0.401428	-0.000284734
12375	2.475	-0.349069	0.401428	-0.000284779
12380	2.476	-0.349069	0.401428	-0.000284813
12385	2.477	-0.349069	0.401428	-0.000284817
12390	2.478	-0.349069	0.401428	-0.000284807
12395	2.479	-0.349069	0.401428	-0.000284782
12400	2.48	-0.349069	0.401428	-0.000284749
12405	2.481	-0.349069	0.401428	-0.000284749
12410	2.482	-0.349069	0.401428	-0.000284729
12415	2.483	-0.349069	0.401428	-0.000284613
12420	2.484	-0.349069	0.401428	-0.000284657
12425	2.485	-0.349069	0.401428	-0.000284734
12430	2.486	-0.349069	0.401428	-0.000284779
12435	2.487	-0.349069	0.401428	-0.000284813
12440	2.488	-0.349069	0.401428	-0.000284817
12445	2.489	-0.349069	0.401428	-0.000284807
12450	2.49	-0.349069	0.401428	-0.000284782
12455	2.491	-0.349069	0.401428	-0.000284749
12460	2.492	-0.349069	0.401428	-0.000284749
12465	2.493	-0.349069	0.401428	-0.000284729
12470	2.494	-0.349069	0.401428	-0.000284613
12475	2.495	-0.349069	0.401428	-0.000284657
12480	2.496	-0.349069	0.401428	-0.000284734
12485	2.497	-0.349069	0.401428	-0.000284779
12490	2.498	-0.349069	0.401428	-0.000284813
12495	2.499	-0.349069	0.401428	-0.000284817
12500	2.5	-0.349069	0.401428	-0.000284807
12505	2.501	-0.349069	0.401428	-0.000284782
12510	2.502	-0.349069	0.401428	-0.000284749
12515	2.503	-0.349069	0.401428	-0.000284749
12520	2.504	-0.349069	0.401428	-0.000284729
12525	2.505	-0.349069	0.401428	-0.000284613
12530	2.506	-0.349069	0.401428	-0.000284657
12535	2.507	-0.349069	0.401428	-0.000284734
12540	2.508	-0.349069	0.401428	-0.000284779
12545	2.509	-0.349069	0.401428	-0.000284813
12550	2.51	-0.349069	0.401428	-0.000284817
12555	2.511	-0.349069	0.401428	-0.000284807
12560	2.512	-0.349069	0.401428	-0.000284782
12565	2.513	-0.349069	0.401428	-0.000284749
12570	2.514	-0.349069	0.401428	-0.000284749
12575	2.515	-0.349069	0.401428	-0.000284729
12580	2.516	-0.349069	0.401428	-0.000284613
12585	2.517	-0.349069	0.401428	-0.000284657
12590	2.518	-0.349069	0.401428	-0.000284734
12595	2.519	-0.349069	0.401428	-0.000284779
12600	2.52	-0.349069	0.401428	-0.000284813
12605	2.521	-0.349069	0.401428	-0.000284817
12610	2.522	-0.349069	0.401428	-0.000284807
12615	2.523	-0.349069	0.401428	-0.000284782
12620	2.524	-0.349069	0.401428	-0.000284749
12625	2.525	-0.349069	0.401428	-0.000284749
12630	2.526	-0.349069	0.401428	-0.000284729
12635	2.527	-0.349069	0.401428	-0.000284613
12640	2.528	-0.349069	0.401428	-0.000284657
12645	2.529	-0.349069	0.401428	-0.000284734
12650	2.53	-0.349069	0.401428	-0.000284779
12655	2.531	-0.349069	0.401428	-0.000284813
12660	2.532	-0.349069	0.401428	-0.000284817
12665	2.533	-0.349069	0.401428	-0.000284807
12670	2.534	-0.349069	0.401428	-0.000284782
12675	2.535	-0.349069	0.401428	-0.000284749
12680	2.536	-0.349069	0.401428	-0.000284749
12685	2.537	-0.349069	0.401428	-0.000284729
12690	2.538	-0.349069	0.401428	-0.000284613
12695	2.539	-0.349069	0.401428	-0.000284657
12700	2.54	-0.349069	0.401428	-0.000284734
12705	2.541	-0.349069	0.401428	-0.000284779
12710	2.542	-0.349069	0.401428	-0.000284813
12715	2.543	-0.349069	0.401428	-0.000284817
12720	2.544	-0.349069	0.401428	-0.000284807
12725	2.545	-0.349069	0.401428	-0.000284782
12730	2.546	-0.349069	0.401428	-0.000284749
12735	2.547	-0.349069	0.401428	-0.000284749
12740	2.548	-0.349069	0.401428	-0.000284729
12745	2.549	-0.349069	0.401428	-0.000284613
12750	2.55	-0.349069	0.401428	-0.000284657
12755	2.551	-0.349069	0.401428	-0.000284734
12760	2.552	-0.349069	0.401428	-0.000284779
12765	2.553	-0.349069	0.401428	-0.000284813
12770	2.554	-0.349069	0.401428	-0.000284817
12775	2.555	-0.349069	0.401428	-0.000284807
12780	2.556	-0.349069	0.401428	-0.000284782
12785	2.557	-0.349069	0.401428	-0.000284749
12790	2.558	-0.349069	0.401428	-0.000284749
12795	2.559	-0.349069	0.401428	-0.000284729
12800	2.56	-0.349069	0.401428	-0.000284613
12805	2.561	-0.349069	0.401428	-0.000284657
12810	2.562	-0.349069	0.401428	-0.000284734
12815	2.563	-0.349069	0.401428	-0.000284779
12820	2.564	-0.349069	0.401428	-0.000284813
12825	2.565	-0.349069	0.401428	-0.000284817
12830	2.566	-0.349069	0.401428	-0.000284807
12835	2.567	-0.349069	0.401428	-0.000284782
12840	2.568	-0.349069	0.401428	-0.000284749
12845	2.569	-0.349069	0.401428	-0.000284749
12850	2.57	-0.349069	0.401428	-0.000284729
12855	2.571	-0.349069	0.401428	-0.000284613
12860	2.572	-0.349069	0.401428	-0.000284657
12865	2.573	-0.349069	0.401428	-0.000284734
12870	2.574	-0.349069	0.401428	-0.000284779
12875	2.575	-0.349069	0.401428	-0.000284813
12880	2.576	-0.349069	0.401428	-0.000284817
12885	2.577	-0.349069	0.401428	-0.000284807
12890	2.578	-0.349069	0.401428	-0.000284782
12895	2.579	-0.349069	0.401428	-0.000284749
12900	2.58	-0.349069	0.401428	-0.000284749
12905	2.581	-0.349069	0.401428	-0.000284729
12910	2.582	-0.349069	0.401428	-0.000284613
12915	2.583	-0.349069	0.401428	-0.000284657
12920	2.584	-0.349069	0.401428	-0.000284734
12925	2.585	-0.349069	0.401428	-0.000284779
12930	2.586	-0.349069	0.401428	-0.000284813
12935	2.587	-0.349069	0.401428	-0.000284817
12940	2.588	-0.349069	0.401428	-0.000284807
12945	2.589	-0.349069	0.401428	-0.000284782
12950	2.59	-0.349069	0.401428	-0.000284749
12955	2.591	-0.349069	0.401428	-0.000284749
12960	2.592	-0.349069	0.401428	-0.000284729
12965	2.593	-0.349069	0.401428	-0.000284613
12970	2.594	-0.349069	0.401428	-0.000284657
12975	2.595	-0.349069	0.401428	-0.000284734
12980	2.596	-0.349069	0.401428	-0.000284779
12985	2.597	-0.349069	0.401428	-0.000284813
12990	2.598	-0.349069	0.401428	-0.000284817
12995	2.599	-0.349069	0.401428	-0.000284807
13000	2.6	-0.349069	0.401428	-0.000284782
13005	2.601	-0.349069	0.401428	-0.000284749
13010	2.602	-0.349069	0.401428	-0.000284749
13015	2.603	-0.349069	0.401428	-0.000284729
13020	2.604	-0.349069	0.401428	-0.000284613
13025	2.605	-0.349069	0.401428	-0.000284657
13030	2.606	-0.349069	0.401428	-0.000284734
13035	2.607	-0.349069	0.401428	-0.000284779
13040	2.608	-0.349069	0.401428	-0.000284813
13045	2.609	-0.349069	0.401428	-0.000284817
13050	2.61	-0.349069	0.401428	-0.000284807
13055	2.611	-0.349069	0.401428	-0.000284782
13060	2.612	-0.349069	0.401428	-0.000284749
13065	2.613	-0.349069	0.401428	-0.000284749
13070	2.614	-0.349069	0.401428	-0.000284729
13075	2.615	-0.349069	0.401428	-0.000284613
13080	2.616	-0.349069	0.401428	-0.000284657
13085	2.617	-0.349069	0.401428	-0.000284734
13090	2.618	-0.349069	0.401428	-0.000284779
13095	2.619	-0.349069	0.401428	-0.000284813
13100	2.62	-0.349069	0.401428	-0.000284817
13105	2.621	-0.349069	0.401428	-0.000284807
13110	2.622	-0.349069	0.401428	-0.000284782
13115	2.623	-0.349069	0.401428	-0.000284749
13120	2.624	-0.349069	0.401428	-0.000284749
13125	2.625	-0.349069	0.401428	-0.000284729
13130	2.626	-0.349069	0.401428	-0.000284613
13135	2.627	-0.349069	0.401428	-0.000284657
13140	2.628	-0.349069	0.401428	-0.000284734
13145	2.629	-0.349069	0.401428	-0.000284779
13150	2.63	-0.349069	0.401428	-0.000284813
13155	2.631	-0.349069	0.401428	-0.000284817
13160	2.632	-0.349069	0.401428	-0.000284807
13165	2.633	-0.349069	0.401428	-0.000284782
13170	2.634	-0.349069	0.401428	-0.000284749
13175	2.635	-0.349069	0.401428	-0.000284749
13180	2.636	-0.349069	0.401428	-0.000284729
13185	2.637	-0.349069	0.401428	-0.000284613
13190	2.638	-0.349069	0.401428	-0.000284657
13195	2.639	-0.349069	0.401428	-0.000284734
13200	2.64	-0.349069	0.401428	-0.000284779
13205	2.641	-0.349069	0.401428	-0.000284813
13210	2.642	-0.349069	0.401428	-0.000284817
13215	2.643	-0.349069	0.401428	-0.000284807
13220	2.644	-0.349069	0.401428	-0.000284782
13225	2.645	-0.349069	0.401428	-0.000284749
13230	2.646	-0.349069	0.401428	-0.000284749
13235	2.647	-0.349069	0.401428	-0.000284729
13240	2.648	-0.349069	0.401428	-0.000284613
13245	2.649	-0.349069	0.401428	-0.000284657
13250	2.65	-0.349069	0.401428	-0.000284734
13255	2.651	-0.349069	0.401428	-0.000284779
13260	2.652	-0.349069	0.401428	-0.000284813
13265	2.653	-0.349069	0.401428	-0.000284817
13270	2.654	-0.349069	0.401428	-0.000284807
13275	2.655	-0.349069	0.401428	-0.000284782
13280	2.656	-0.349069	0.401428	-0.000284749
13285	2.657	-0.349069	0.401428	-0.000284749
13290	2.658	-0.349069	0.401428	-0.000284729
13295	2.659	-0.349069	0.401428	-0.000284613
13300	2.66	-0.349069	0.401428	-0.000284657
13305	2.661	-0.349069	0.401428	-0.000284734
13310	2.662	-0.349069	0.401428	-0.000284779
13315	2.663	-0.349069	0.401428	-0.000284813
13320	2.664	-0.349069	0.401428	-0.000284817
13325	2.665	-0.349069	0.401428	-0.000284807
13330	2.666	-0.349069	0.401428	-0.000284782
13335	2.667	-0.349069	0.401428	-0.000284749
13340	2.668	-0.349069	0.401428	-0.000284749
13345	2.669	-0.349069	0.401428	-0.000284729
13350	2.67	-0.349069	0.401428	-0.000284613
13355	2.671	-0.349069	0.401428	-0.000284657
13360	2.672	-0.349069	0.401428	-0.000284734
13365	2.673	-0.349069	0.401428	-0.000284779
13370	2.674	-0.349069	0.401428	-0.000284813
13375	2.675	-0.349069	0.401428	-0.000284817
13380	2.676	-0.349069	0.401428	-0.000284807
13385	2.677	-0.349069	0.401428	-0.000284782
13390	2.678	-0.349069	0.401428	-0.000284749
13395	2.679	-0.349069	0.401428	-0.000284749
13400	2.68	-0.349069	0.401428	-0.000284729
13405	2.681	-0.349069	0.401428	-0.000284613
13410	2.682	-0.349069	0.401428	-0.000284657
13415	2.683	-0.349069	0.401428	-0.000284734
13420	2.684	-0.349069	0.401428	-0.000284779
13425	2.685	-0.349069	0.401428	-0.000284813
13430	2.686	-0.349069	0.401428	-0.000284817
13435	2.687	-0.349069	0.401428	-0.000284807
13440	2.688	-0.349069	0.401428	-0.000284782
13445	2.689	-0.349069	0.401428	-0.000284749
13450	2.69	-0.349069	0.401428	-0.000284749
13455	2.691	-0.349069	0.401428	-0.000284729
13460	2.692	-0.349069	0.401428	-0.000284613
13465	2.693	-0.349069	0.401428	-0.000284657
13470	2.694	-0.349069	0.401428	-0.000284734
13475	2.695	-0.349069	0.401428	-0.000284779
13480	2.696	-0.349069	0.401428	-0.000284813
13485	2.697	-0.349069	0.401428	-0.000284817
13490	2.698	-0.349069	0.401428	-0.000284807
13495	2.699	-0.349069	0.401428	-0.000284782
13500	2.7	-0.349069	0.401428	-0.000284749
13505	2.701	-0.349069	0.401428	-0.000284749
13510	2.702	-0.349069	0.401428	-0.000284729
13515	2.703	-0.349069	0.401428	-0.000284613
13520	2.704	-0.349069	0.401428	-0.000284657
13525	2.705	-0.349069	0.401428	-0.000284734
13530	2.706	-0.349069	0.401428	-0.000284779
13535	2.707	-0.349069	0.401428	-0.000284813
13540	2.708	-0.349069	0.401428	-0.000284817
13545	2.709	-0.349069	0.401428	-0.000284807
13550	2.71	-0.349069	0.401428	-0.000284782
13555	2.711	-0.349069	0.401428	-0.000284749
13560	2.712	-0.349069	0.401428	-0.000284749
13565	2.713	-0.349069	0.401428	-0.000284729
13570	2.714	-0.349069	0.401428	-0.000284613
13575	2.715	-0.349069	0.401428	-0.000284657
13580	2.716	-0.349069	0.401428	-0.000284734
13585	2.717	-0.349069	0.401428	-0.000284779
13590	2.718	-0.349069	0.401428	-0.000284813
13595	2.719	-0.349069	0.401428	-0.000284817
13600	2.72	-0.349069	0.401428	-0.000284807
13605	2.721	-0.349069	0.401428	-0.000284782
13610	2.722	-0.349069	0.401428	-0.000284749
13615	2.723	-0.349069	0.401428	-0.000284749
13620	2.724	-0.349069	0.401428	-0.000284729
13625	2.725	-0.349069	0.401428	-0.000284613
13630	2.726	-0.349069	0.401428	-0.000284657
13635	2.727	-0.349069	0.401428	-0.000284734
13640	2.728	-0.349069	0.401428	-0.000284779
13645	2.729	-0.349069	0.401428	-0.000284813
13650	2.73	-0.349069	0.401428	-0.000284817
13655	2.731	-0.349069	0.401428	-0.000284807
13660	2.732	-0.349069	0.401428	-0.000284782
13665	2.733	-0.349069	0.401428	-0.000284749
13670	2.734	-0.349069	0.401428	-0.000284749
13675	2.735	-0.349069	0.401428	-0.000284729
13680	2.736	-0.349069	0.401428	-0.000284613
13685	2.737	-0.349069	0.401428	-0.000284657
13690	2.738	-0.349069	0.401428	-0.000284734
13695	2.739	-0.349069	0.401428	-0.000284779
13700	2.74	-0.349069	0.401428	-0.000284813
13705	2.741	-0.349069	0.401428	-0.000284817
13710	2.742	-0.349069	0.401428	-0.000284807
13715	2.743	-0.349069	0.401428	-0.000284782
13720	2.744	-0.349069	0.401428	-0.000284749
13725	2.745	-0.349069	0.401428	-0.000284749
13730	2.746	-0.349069	0.401428	-0.000284729
13735	2.747	-0.349069	0.401428	-0.000284613
13740	2.748	-0.349069	0.401428	-0.000284657
13745	2.749	-0.349069	0.401428	-0.000284734
13750	2.75	-0.349069	0.401428	-0.000284779
13755	2.751	-0.349069	0.401428	-0.000284813
13760	2.752	-0.349069	0.401428	-0.000284817
13765	2.753	-0.349069	0.401428	-0.000284807
13770	2.754	-0.349069	0.401428	-0.000284782
13775	2.755	-0.349069	0.401428	-0.000284749
13780	2.756	-0.349069	0.401428	-0.000284749
13785	2.757	-0.349069	0.401428	-0.000284729
13790	2.758	-0.349069	0.401428	-0.000284613
13795	2.759	-0.349069	0.401428	-0.000284657
13800	2.76	-0.349069	0.401428	-0.000284734
13805	2.761	-0.349069	0.401428	-0.000284779
13810	2.762	-0.349069	0.401428	-0.000284813
13815	2.763	-0.349069	0.401428	-0.000284817
13820	2.764	-0.349069	0.401428	-0.000284807
13825	2.765	-0.349069	0.401428	-0.000284782
13830	2.766	-0.349069	0.401428	-0.000284749
13835	2.767	-0.349069	0.401428	-0.000284749
13840	2.768	-0.349069	0.401428	-0.000284729
13845	2.769	-0.349069	0.401428	-0.000284613
13850	2.77	-0.349069	0.401428	-0.000284657
13855	2.771	-0.349069	0.401428	-0.000284734
13860	2.772	-0.349069	0.401428	-0.000284779
13865	2.773	-0.349069	0.401428	-0.000284813
13870	2.774	-0.349069	0.401428	-0.000284817
13875	2.775	-0.349069	0.401428	-0.000284807
13880	2.776	-0.349069	0.401428	-0.000284782
13885	2.777	-0.349069	0.401428	-0.000284749
13890	2.778	-0.349069	0.401428	-0.000284749
13895	2.779	-0.349069	0.401428	-0.000284729
13900	2.78	-0.349069	0.401428	-0.000284613
13905	2.781	-0.349069	0.401428	-0.000284657
13910	2.782	-0.349069	0.401428	-0.000284734
13915	2.783	-0.349069	0.401428	-0.000284779
13920	2.784	-0.349069	0.401428	-0.000284813
13925	2.785	-0.349069	0.401428	-0.000284817
13930	2.786	-0.349069	0.401428	-0.000284807
13935	2.787	-0.349069	0.401428	-0.000284782
13940	2.788	-0.349069	0.401428	-0.000284749
13945	2.789	-0.349069	0.401428	-0.000284749
13950	2.79	-0.349069	0.401428	-0.000284729
13955	2.791	-0.349069	0.401428	-0.000284613
13960	2.792	-0.349069	0.401428	-0.000284657
13965	2.793	-0.349069	0.401428	-0.000284734
13970	2.794	-0.349069	0.401428	-0.000284779
13975	2.795	-0.349069	0.401428	-0.000284813
13980	2.796	-0.349069	0.401428	-0.000284817
13985	2.797	-0.349069	0.401428	-0.000284807
13990	2.798	-0.349069	0.401428	-0.000284782
13995	2.799	-0.349069	0.401428	-0.000284749
14000	2.8	-0.349069	0.401428	-0.000284749
14005	2.801	-0.349069	0.401428	-0.000284729
14010	2.802	-0.349069	0.401428	-0.000284613
14015	2.803	-0.349069	0.401428	-0.000284657
14020	2.804	-0.349069	0.401428	-0.000284734
14025	2.805	-0.349069	0.401428	-0.000284779
14030	2.806	-0.349069	0.401428	-0.000284813
14035	2.807	-0.349069	0.401428	-0.000284817
14040	2.808	-0.349069	0.401428	-0.000284807
14045	2.809	-0.349069	0.401428	-0.000284782
14050	2.81	-0.349069	0.401428	-0.000284749
14055	2.811	-0.349069	0.401428	-0.000284749
14060	2.812	-0.349069	0.401428	-0.000284729
14065	2.813	-0.349069	0.401428	-0.000284613
14070	2.814	-0.349069	0.401428	-0.000284657
14075	2.815	-0.349069	0.401428	-0.000284734
14080	2.816	-0.349069	0.401428	-0.000284779
14085	2.817	-0.349069	0.401428	-0.000284813
14090	2.818	-0.349069	0.401428	-0.000284817
14095	2.819	-0.349069	0.401428	-0.000284807
14100	2.82	-0.349069	0.401428	-0.000284782
14105	2.821	-0.349069	0.401428	-0.000284749
14110	2.822	-0.349069	0.401428	-0.000284749
14115	2.823	-0.349069	0.401428	-0.000284729
14120	2.824	-0.349069	0.401428	-0.000284613
14125	2.825	-0.349069	0.401428	-0.000284657
14130	2.826	-0.349069	0.401428	-0.000284734
14135	2.827	-0.349069	0.401428	-0.000284779
14140	2.828	-0.349069	0.401428	-0.000284813
14145	2.829	-0.349069	0.401428	-0.000284817
14150	2.83	-0.349069	0.401428	-0.000284807
14155	2.831	-0.349069	0.401428	-0.000284782
14160	2.832	-0.349069	0.401428	-0.000284749
14165	2.833	-0.349069	0.401428	-0.000284749
14170	2.834	-0.349069	0.401428	-0.000284729
14175	2.835	-0.349069	0.401428	-0.000284613
14180	2.836	-0.349069	0.401428	-0.000284657
14185	2.837	-0.349069	0.401428	-0.000284734
14190	2.838	-0.349069	0.401428	-0.000284779
14195	2.839	-0.349069	0.401428	-0.000284813
14200	2.84	-0.349069	0.401428	-0.000284817
14205	2.841	-0.349069	0.401428	-0.000284807
14210	2.842	-0.349069	0.401428	-0.000284782
14215	2.843	-0.349069	0.401428	-0.000284749
14220	2.844	-0.349069	0.401428	-0.000284749
14225	2.845	-0.349069	0.401428	-0.000284729
14230	2.846	-0.349069	0.401428	-0.000284613
14235	2.847	-0.349069	0.401428	-0.000284657
14240	2.848	-0.349069	0.401428	-0.000284734
14245	2.849	-0.349069	0.401428	-0.000284779
14250	2.85	-0.349069	0.401428	-0.000284813
14255	2.851	-0.349069	0.401428	-0.000284817
14260	2.852	-0.349069	0.401428	-0.000284807
14265	2.853	-0.349069	0.401428	-0.000284782
14270	2.854	-0.349069	0.401428	-0.000284749
14275	2.855	-0.349069	0.401428	-0.000284749
14280	2.856	-0.349069	0.401428	-0.000284729
14285	2.857	-0.349069	0.401428	-0.000284613
14290	2.858	-0.349069	0.401428	-0.000284657
14295	2.859	-0.349069	0.401428	-0.000284734
14300	2.86	-0.349069	0.401428	-0.000284779
14305	2.861	-0.349069	0.401428	-0.000284813
14310	2.862	-0.349069	0.401428	-0.000284817
14315	2.863	-0.349069	0.401428	-0.000284807
14320	2.864	-0.349069	0.401428	-0.000284782
14325	2.865	-0.349069	0.401428	-0.000284749
14330	2.866	-0.349069	0.401428	-0.000284749
14335	2.867	-0.349069	0.401428	-0.000284729
14340	2.868	-0.349069	0.401428	-0.000284613
14345	2.869	-0.349069	0.401428	-0.000284657
14350	2.87	-0.349069	0.401428	-0.000284734
14355	2.871	-0.349069	0.401428	-0.000284779
14360	2.872	-0.349069	0.401428	-0.000284813
14365	2.873	-0.349069	0.401428	-0.000284817
14370	2.874	-0.349069	0.401428	-0.000284807
14375	2.875	-0.349069	0.401428	-0.000284782
14380	2.876	-0.349069	0.401428	-0.000284749
14385	2.877	-0.349069	0.401428	-0.000284749
14390	2.878	-0.349069	0.401428	-0.000284729
14395	2.879	-0.349069	0.401428	-0.000284613
14400	2.88	-0.349069	0.401428	-0.000284657
14405	2.881	-0.349069	0.401428	-0.000284734
14410	2.882	-0.349069	0.401428	-0.000284779
14415	2.883	-0.349069	0.401428	-0.000284813
14420	2.884	-0.349069	0.401428	-0.000284817
14425	2.885	-0.349069	0.401428	-0.000284807
14430	2.886	-0.349069	0.401428	-0.000284782
14435	2.887	-0.349069	0.401428	-0.000284749
14440	2.888	-0.349069	0.401428	-0.000284749
14445	2.889	-0.349069	0.401428	-0.000284729
14450	2.89	-0.349069	0.401428	-0.000284613
14455	2.891	-0.349069	0.401428	-0.000284657
14460	2.892	-0.349069	0.401428	-0.000284734
14465	2.893	-0.349069	0.401428	-0.000284779
14470	2.894	-0.349069	0.401428	-0.000284813
14475	2.895	-0.349069	0.401428	-0.000284817
14480	2.896	-0.349069	0.401428	-0.000284807
14485	2.897	-0.349069	0.401428	-0.000284782
14490	2.898	-0.349069	0.401428	-0.000284749
14495	2.899	-0.349069	0.401428	-0.000284749
14500	2.9	-0.349069	0.401428	-0.000284729
14505	2.901	-0.349069	0.401428	-0.000284613
14510	2.902	-0.349069	0.401428	-0.000284657
14515	2.903	-0.349069	0.401428	-0.000284734
14520	2.904	-0.349069	0.401428	-0.000284779
14525	2.905	-0.349069	0.401428	-0.000284813
14530	2.906	-0.349069	0.401428	-0.000284817
14535	2.907	-0.349069	0.401428	-0.000284807
14540	2.908	-0.349069	0.401428	-0.000284782
14545	2.909	-0.349069	0.401428	-0.000284749
14550	2.91	-0.349069	0.401428	-0.000284749
14555	2.911	-0.349069	0.401428	-0.000284729
14560	2.912	-0.349069	0.401428	-0.000284613
14565	2.913	-0.349069	0.401428	-0.000284657
14570	2.914	-0.349069	0.401428	-0.000284734
14575	2.915	-0.349069	0.401428	-0.000284779
14580	2.916	-0.349069	0.401428	-0.000284813
14585	2.917	-0.349069	0.401428	-0.000284817
14590	2.918	-0.349069	0.401428	-0.000284807
14595	2.919	-0.349069	0.401428	-0.000284782
14600	2.92	-0.349069	0.401428	-0.000284749
14605	2.921	-0.349069	0.401428	-0.000284749
14610	2.922	-0.349069	0.401428	-0.000284729
14615	2.923	-0.349069	0.401428	-0.000284613
14620	2.924	-0.349069	0.401428	-0.000284657
14625	2.925	-0.349069	0.401428	-0.000284734
14630	2.926	-0.349069	0.401428	-0.000284779
14635	2.927	-0.349069	0.401428	-0.000284813
14640	2.928	-0.349069	0.401428	-0.000284817
14645	2.929	-0.349069	0.401428	-0.000284807
14650	2.93	-0.349069	0.401428	-0.000284782
14655	2.931	-0.349069	0.401428	-0.000284749
14660	2.932	-0.349069	0.401428	-0.000284749
14665	2.933	-0.349069	0.401428	-0.000284729
14670	2.934	-0.349069	0.401428	-0.000284613
14675	2.935	-0.349069	0.401428	-0.000284657
14680	2.936	-0.349069	0.401428	-0.000284734
14685	2.937	-0.349069	0.401428	-0.000284779
14690	2.938	-0.349069	0.401428	-0.000284813
14695	2.939	-0.349069	0.401428	-0.000284817
14700	2.94	-0.349069	0.401428	-0.000284807
14705	2.941	-0.349069	0.401428	-0.000284782
14710	2.942	-0.349069	0.401428	-0.000284749
14715	2.943	-0.349069	0.401428	-0.000284749
14720	2.944	-0.349069	0.401428	-0.000284729
14725	2.945	-0.349069	0.401428	-0.000284613
14730	2.946	-0.349069	0.401428	-0.000284657
14735	2.947	-0.349069	0.401428	-0.000284734
14740	2.948	-0.349069	0.401428	-0.000284779
14745	2.949	-0.349069	0.401428	-0.000284813
14750	2.95	-0.349069	0.401428	-0.000284817
14755	2.951	-0.349069	0.401428	-0.000284807
14760	2.952	-0.349069	0.401428	-0.000284782
14765	2.953	-0.349069	0.401428	-0.000284749
14770	2.954	-0.349069	0.401428	-0.000284749
14775	2.955	-0.349069	0.401428	-0.000284729
14780	2.956	-0.349069	0.401428	-0.000284613
14785	2.957	-0.349069	0.401428	-0.000284657
14790	2.958	-0.349069	0.401428	-0.000284734
14795	2.959	-0.349069	0.401428	-0.000284779
14800	2.96	-0.349069	0.401428	-0.000284813
14805	2.961	-0.349069	0.401428	-0.000284817
14810	2.962	-0.349069	0.401428	-0.000284807
14815	2.963	-0.349069	0.401428	-0.000284782
14820	2.964	-0.349069	0.401428	-0.000284749
14825	2.965	-0.349069	0.401428	-0.000284749
14830	2.966	-0.349069	0.401428	-0.000284729
14835	2.967	-0.349069	0.401428	-0.000284613
14840	2.968	-0.349069	0.401428	-0.000284657
14845	2.969	-0.349069	0.401428	-0.000284734
14850	2.97	-0.349069	0.401428	-0.000284779
14855	2.971	-0.349069	0.401428	-0.000284813
14860	2.972	-0.349069	0.401428	-0.000284817
14865	2.973	-0.349069	0.401428	-0.000284807
14870	2.974	-0.349069	0.401428	-0.000284782
14875	2.975	-0.349069	0.401428	-0.000284749
14880	2.976	-0.349069	0.401428	-0.000284749
14885	2.977	-0.349069	0.401428	-0.000284729
14890	2.978	-0.349069	0.401428	-0.000284613
14895	2.979	-0.349069	0.401428	-0.000284657
14900	2.98	-0.349069	0.401428	-0.000284734
14905	2.981	-0.349069	0.401428	-0.000284779
14910	2.982	-0.349069	0.401428	-0.000284813
14915	2.983	-0.349069	0.401428	-0.000284817
14920	2.984	-0.349069	0.401428	-0.000284807
14925	2.985	-0.349069	0.401428	-0.000284782
14930	2.986	-0.349069	0.401428	-0.000284749
14935	2.987	-0.349069	0.401428	-0.000284749
14940	2.988	-0.349069	0.401428	-0.000284729
14945	2.989	-0.349069	0.401428	-0.000284613
14950	2.99	-0.349069	0.401428	-0.000284657
14955	2.991	-0.349069	0.401428	-0.000284734
14960	2.992	-0.349069	0.401428	-0.000284779
14965	2.993	-0.349069	0.401428	-0.000284813
14970	2.994	-0.349069	0.401428	-0.000284817
14975	2.995	-0.349069	0.401428	-0.000284807
14980	2.996	-0.349069	0.401428	-0.000284782
14985	2.997	-0.349069	0.401428	-0.000284749
14990	2.998	-0.349069	0.401428	-0.000284749
14995	2.999	-0.349069	0.401428	-0.000284729
15000	3	-0.349069	0.401428	-0.000284613
15005	3.001	-0.349069	0.401428	-0.000284657
15010	3.002	-0.349069	0.401428	-0.000284734
15015	3.003	-0.349069	0.401428	-0.000284779
15020	3.004	-0.349069	0.401428	-0.000284813
15025	3.005	-0.349069	0.401428	-0.000284817
15030	3.006	-0.349069	0.401428	-0.000284807
15035	3.007	-0.349069	0.401428	-0.000284782
15040	3.008	-0.349069	0.401428	-0.000284749
15045	3.009	-0.349069	0.401428	-0.000284749
15050	3.01	-0.349069	0.401428	-0.000284729
15055	3.011	-0.349069	0.401428	-0.000284613
15060	3.012	-0.349069	0.401428	-0.000284657
15065	3.013	-0.349069	0.401428	-0.000284734
15070	3.014	-0.349069	0.401428	-0.000284779
15075	3.015	-0.349069	0.401428	-0.000284813
15080	3.016	-0.349069	0.401428	-0.000284817
15085	3.017	-0.349069	0.401428	-0.000284807
15090	3.018	-0.349069	0.401428	-0.000284782
15095	3.019	-0.349069	0.401428	-0.000284749
15100	3.02	-0.349069	0.401428	-0.000284749
15105	3.021	-0.349069	0.401428	-0.000284729
15110	3.022	-0.349069	0.401428	-0.000284613
15115	3.023	-0.349069	0.401428	-0.000284657
15120	3.024	-0.349069	0.401428	-0.000284734
15125	3.025	-0.349069	0.401428	-0.000284779
15130	3.026	-0.349069	0.401428	-0.000284813
15135	3.027	-0.349069	0.401428	-0.000284817
15140	3.028	-0.349069	0.401428	-0.000284807
15145	3.029	-0.349069	0.401428	-0.000284782
15150	3.03	-0.349069	0.401428	-0.000284749
15155	3.031	-0.349069	0.401428	-0.000284749
15160	3.032	-0.349069	0.401428	-0.000284729
15165	3.033	-0.349069	0.401428	-0.000284613
15170	3.034	-0.349069	0.401428	-0.000284657
15175	3.035	-0.349069	0.401428	-0.000284734
15180	3.036	-0.349069	0.401428	-0.000284779
15185	3.037	-0.349069	0.401428	-0.000284813
15190	3.038	-0.349069	0.401428	-0.000284817
15195	3.039	-0.349069	0.401428	-0.000284807
15200	3.04	-0.349069	0.401428	-0.000284782
15205	3.041	-0.349069	0.401428	-0.000284749
15210	3.042	-0.349069	0.401428	-0.000284749
15215	3.043	-0.349069	0.401428	-0.000284729
15220	3.044	-0.349069	0.401428	-0.000284613
15225	3.045	-0.349069	0.401428	-0.000284657
15230	3.046	-0.349069	0.401428	-0.000284734
15235	3.047	-0.349069	0.401428	-0.000284779
15240	3.048	-0.349069	0.401428	-0.000284813
15245	3.049	-0.349069	0.401428	-0.000284817
15250	3.05	-0.349069	0.401428	-0.000284807
15255	3.051	-0.349069	0.401428	-0.000284782
15260	3.052	-0.349069	0.401428	-0.000284749
15265	3.053	-0.349069	0.401428	-0.000284749
15270	3.054	-0.349069	0.401428	-0.000284729
15275	3.055	-0.349069	0.401428	-0.000284613
15280	3.056	-0.349069	0.401428	-0.000284657
15285	3.057	-0.349069	0.401428	-0.000284734
15290	3.058	-0.349069	0.401428	-0.000284779
15295	3.059	-0.349069	0.401428	-0.000284813
15300	3.06	-0.349069	0.401428	-0.000284817
15305	3.061	-0.349069	0.401428	-0.000284807
15310	3.062	-0.349069	0.401428	-0.000284782
15315	3.063	-0.349069	0.401428	-0.000284749
15320	3.064	-0.349069	0.401428	-0.000284749
15325	3.065	-0.349069	0.401428	-0.000284729
15330	3.066	-0.349069	0.401428	-0.000284613
15335	3.067	-0.349069	0.401428	-0.000284657
15340	3.068	-0.349069	0.401428	-0.000284734
15345	3.069	-0.349069	0.401428	-0.000284779
15350	3.07	-0.349069	0.401428	-0.000284813
15355	3.071	-0.349069	0.401428	-0.000284817
15360	3.072	-0.349069	0.401428	-0.000284807
15365	3.073	-0.349069	0.401428	-0.000284782
15370	3.074	-0.349069	0.401428	-0.000284749
15375	3.075	-0.349069	0.401428	-0.000284749
15380	3.076	-0.349069	0.401428	-0.000284729
15385	3.077	-0.349069	0.401428	-0.000284613
15390	3.078	-0.349069	0.401428	-0.000284657
15395	3.079	-0.349069	0.401428	-0.000284734
15400	3.08	-0.349069	0.401428	-0.000284779
15405	3.081	-0.349069	0.401428	-0.000284813
15410	3.082	-0.349069	0.401428	-0.000284817
15415	3.083	-0.349069	0.401428	-0.000284807
15420	3.084	-0.349069	0.401428	-0.000284782
15425	3.085	-0.349069	0.401428	-0.000284749
15430	3.086	-0.349069	0.401428	-0.000284749
15435	3.087	-0.349069	0.401428	-0.000284729
15440	3.088	-0.349069	0.401428	-0.000284613
15445	3.089	-0.349069	0.401428	-0.000284657
15450	3.09	-0.349069	0.401428	-0.000284734
15455	3.091	-0.349069	0.401428	-0.000284779
15460	3.092	-0.349069	0.401428	-0.000284813
15465	3.093	-0.349069	0.401428	-0.000284817
15470	3.094	-0.349069	0.401428	-0.000284807
15475	3.095	-0.349069	0.401428	-0.000284782
15480	3.096	-0.349069	0.401428	-0.000284749
15485	3.097	-0.349069	0.401428	-0.000284749
15490	3.098	-0.349069	0.401428	-0.000284729
15495	3.099	-0.349069	0.401428	-0.000284613
15500	3.1	-0.349069	0.401428	-0.000284657
15505	3.101	-0.349069	0.401428	-0.000284734
15510	3.102	-0.349069	0.401428	-0.000284779
15515	3.103	-0.349069	0.401428	-0.000284813
15520	3.104	-0.349069	0.401428	-0.000284817
15525	3.105	-0.349069	0.401428	-0.000284807
15530	3.106	-0.349069	0.401428	-0.000284782
15535	3.107	-0.349069	0.401428	-0.000284749
15540	3.108	-0.349069	0.401428	-0.000284749
15545	3.109	-0.349069	0.401428	-0.000284729
15550	3.11	-0.349069	0.401428	-0.000284613
15555	3.111	-0.349069	0.401428	-0.000284657
15560	3.112	-0.349069	0.401428	-0.000284734
15565	3.113	-0.349069	0.401428	-0.000284779
15570	3.114	-0.349069	0.401428	-0.000284813
15575	3.115	-0.349069	0.401428	-0.000284817
15580	3.116	-0.349069	0.401428	-0.000284807
15585	3.117	-0.349069	0.401428	-0.000284782
15590	3.118	-0.349069	0.401428	-0.000284749
15595	3.119	-0.349069	0.401428	-0.000284749
15600	3.12	-0.349069	0.401428	-0.000284729
15605	3.121	-0.349069	0.401428	-0.000284613
15610	3.122	-0.349069	0.401428	-0.000284657
15615	3.123	-0.349069	0.401428	-0.000284734
15620	3.124	-0.349069	0.401428	-0.000284779
15625	3.125	-0.349069	0.401428	-0.000284813
15630	3.126	-0.349069	0.401428	-0.000284817
15635	3.127	-0.349069	0.401428	-0.000284807
15640	3.128	-0.349069	0.401428	-0.000284782
15645	3.129	-0.349069	0.401428	-0.000284749
15650	3.13	-0.349069	0.401428	-0.000284749
15655	3.131	-0.349069	0.401428	-0.000284729
15660	3.132	-0.349069	0.401428	-0.000284613
15665	3.133	-0.349069	0.401428	-0.000284657
15670	3.134	-0.349069	0.401428	-0.000284734
15675	3.135	-0.349069	0.401428	-0.000284779
15680	3.136	-0.349069	0.401428	-0.000284813
15685	3.137	-0.349069	0.401428	-0.000284817
15690	3.138	-0.349069	0.401428	-0.000284807
15695	3.139	-0.349069	0.401428	-0.000284782
15700	3.14	-0.349069	0.401428	-0.000284749
15705	3.141	-0.349069	0.401428	-0.000284749
15710	3.142	-0.349069	0.401428	-0.000284729
15715	3.143	-0.349069	0.401428	-0.000284613
15720	3.144	-0.349069	0.401428	-0.000284657
15725	3.145	-0.349069	0.401428	-0.000284734
15730	3.146	-0.349069	0.401428	-0.000284779
15735	3.147	-0.349069	0.401428	-0.000284813
15740	3.148	-0.349069	0.401428	-0.000284817
15745	3.149	-0.349069	0.401428	-0.000284807
15750	3.15	-0.349069	0.401428	-0.000284782
15755	3.151	-0.349069	0.401428	-0.000284749
15760	3.152	-0.349069	0.401428	-0.000284749
15765	3.153	-0.349069	0.401428	-0.000284729
15770	3.154	-0.349069	0.401428	-0.000284613
15775	3.155	-0.349069	0.401428	-0.000284657
15780	3.156	-0.349069	0.401428	-0.000284734
15785	3.157	-0.349069	0.401428	-0.000284779
15790	3.158	-0.349069	0.401428	-0.000284813
15795	3.159	-0.349069	0.401428	-0.000284817
15800	3.16	-0.349069	0.401428	-0.000284807
15805	3.161	-0.349069	0.401428	-0.000284782
15810	3.162	-0.349069	0.401428	-0.000284749
15815	3.163	-0.349069	0.401428	-0.000284749
15820	3.164	-0.349069	0.401428	-0.000284729
15825	3.165	-0.349069	0.401428	-0.000284613
15830	3.166	-0.349069	0.401428	-0.000284657
15835	3.167	-0.349069	0.401428	-0.000284734
15840	3.168	-0.349069	0.401428	-0.000284779
15845	3.169	-0.349069	0.401428	-0.000284813
15850	3.17	-0.349069	0.401428	-0.000284817
15855	3.171	-0.349069	0.401428	-0.000284807
15860	3.172	-0.349069	0.401428	-0.000284782
15865	3.173	-0.349069	0.401428	-0.000284749
15870	3.174	-0.349069	0.401428	-0.000284749
15875	3.175	-0.349069	0.401428	-0.000284729
15880	3.176	-0.349069	0.401428	-0.000284613
15885	3.177	-0.349069	0.401428	-0.000284657
15890	3.178	-0.349069	0.401428	-0.000284734
15895	3.179	-0.349069	0.401428	-0.000284779
15900	3.18	-0.349069	0.401428	-0.000284813
15905	3.181	-0.349069	0.401428	-0.000284817
15910	3.182	-0.349069	0.401428	-0.000284807
15915	3.183	-0.349069	0.401428	-0.000284782
15920	3.184	-0.349069	0.401428	-0.000284749
15925	3.185	-0.349069	0.401428	-0.000284749
15930	3.186	-0.349069	0.401428	-0.000284729
15935	3.187	-0.349069	0.401428	-0.000284613
15940	3.188	-0.349069	0.401428	-0.000284657
15945	3.189	-0.349069	0.401428	-0.000284734
15950	3.19	-0.349069	0.401428	-0.000284779
15955	3.191	-0.349069	0.401428	-0.000284813
15960	3.192	-0.349069	0.401428	-0.000284817
15965	3.193	-0.349069	0.401428	-0.000284807
15970	3.194	-0.349069	0.401428	-0.000284782
15975	3.195	-0.349069	0.401428	-0.000284749
15980	3.196	-0.349069	0.401428	-0.000284749
15985	3.197	-0.349069	0.401428	-0.000284729
15990	3.198	-0.349069	0.401428	-0.000284613
15995	3.199	-0.349069	0.401428	-0.000284657
16000	3.2	-0.349069	0.401428	-0.000284734
16005	3.201	-0.349069	0.401428	-0.000284779
16010	3.202	-0.349069	0.401428	-0.000284813
16015	3.203	-0.349069	0.401428	-0.000284817
16020	3.204	-0.349069	0.401428	-0.000284807
16025	3.205	-0.349069	0.401428	-0.000284782
16030	3.206	-0.349069	0.401428	-0.000284749
16035	3.207	-0.349069	0.401428	-0.000284749
16040	3.208	-0.349069	0.401428	-0.000284729
16045	3.209	-0.349069	0.401428	-0.000284613
16050	3.21	-0.349069	0.401428	-0.000284657
16055	3.211	-0.349069	0.401428	-0.000284734
16060	3.212	-0.349069	0.401428	-0.000284779
16065	3.213	-0.349069	0.401428	-0.000284813
16070	3.214	-0.349069	0.401428	-0.000284817
16075	3.215	-0.349069	0.401428	-0.000284807
16080	3.216	-0.349069	0.401428	-0.000284782
16085	3.217	-0.349069	0.401428	-0.000284749
16090	3.218	-0.349069	0.401428	-0.000284749
16095	3.219	-0.349069	0.401428	-0.000284729
16100	3.22	-0.349069	0.401428	-0.000284613
16105	3.221	-0.349069	0.401428	-0.000284657
16110	3.222	-0.349069	0.401428	-0.000284734
16115	3.223	-0.349069	0.401428	-0.000284779
16120	3.224	-0.349069	0.401428	-0.000284813
16125	3.225	-0.349069	0.401428	-0.000284817
16130	3.226	-0.349069	0.401428	-0.000284807
16135	3.227	-0.349069	0.401428	-0.000284782
16140	3.228	-0.349069	0.401428	-0.000284749
16145	3.229	-0.349069	0.401428	-0.000284749
16150	3.23	-0.349069	0.401428	-0.000284729
16155	3.231	-0.349069	0.401428	-0.000284613
16160	3.232	-0.349069	0.401428	-0.000284657
16165	3.233	-0.349069	0.401428	-0.000284734
16170	3.234	-0.349069	0.401428	-0.000284779
16175	3.235	-0.349069	0.401428	-0.000284813
16180	3.236	-0.349069	0.401428	-0.000284817
16185	3.237	-0.349069	0.401428	-0.000284807
16190	3.238	-0.349069	0.401428	-0.000284782
16195	3.239	-0.349069	0.401428	-0.000284749
16200	3.24	-0.349069	0.401428	-0.000284749
16205	3.241	-0.349069	0.401428	-0.000284729
16210	3.242	-0.349069	0.401428	-0.000284613
16215	3.243	-0.349069	0.401428	-0.000284657
16220	3.244	-0.349069	0.401428	-0.000284734
16225	3.245	-0.349069	0.401428	-0.000284779
16230	3.246	-0.349069	0.401428	-0.000284813
16235	3.247	-0.349069	0.401428	-0.000284817
16240	3.248	-0.349069	0.401428	-0.000284807
16245	3.249	-0.349069	0.401428	-0.000284782
16250	3.25	-0.349069	0.401428	-0.000284749
16255	3.251	-0.349069	0.401428	-0.000284749
16260	3.252	-0.349069	0.401428	-0.000284729
16265	3.253	-0.349069	0.401428	-0.000284613
16270	3.254	-0.349069	0.401428	-0.000284657
16275	3.255	-0.349069	0.401428	-0.000284734
16280	3.256	-0.349069	0.401428	-0.000284779
16285	3.257	-0.349069	0.401428	-0.000284813
16290	3.258	-0.349069	0.401428	-0.000284817
16295	3.259	-0.349069	0.401428	-0.000284807
16300	3.26	-0.349069	0.401428	-0.000284782
16305	3.261	-0.349069	0.401428	-0.000284749
16310	3.262	-0.349069	0.401428	-0.000284749
16315	3.263	-0.349069	0.401428	-0.000284729
16320	3.264	-0.349069	0.401428	-0.000284613
16325	3.265	-0.349069	0.401428	-0.000284657
16330	3.266	-0.349069	0.401428	-0.000284734
16335	3.267	-0.349069	0.401428	-0.000284779
16340	3.268	-0.349069	0.401428	-0.000284813
16345	3.269	-0.349069	0.401428	-0.000284817
16350	3.27	-0.349069	0.401428	-0.000284807
16355	3.271	-0.349069	0.401428	-0.000284782
16360	3.272	-0.349069	0.401428	-0.000284749
16365	3.273	-0.349069	0.401428	-0.000284749
16370	3.274	-0.349069	0.401428	-0.000284729
16375	3.275	-0.349069	0.401428	-0.000284613
16380	3.276	-0.349069	0.401428	-0.000284657
16385	3.277	-0.349069	0.401428	-0.000284734
16390	3.278	-0.349069	0.401428	-0.000284779
16395	3.279	-0.349069	0.401428	-0.000284813
16400	3.28	-0.349069	0.401428	-0.000284817
16405	3.281	-0.349069	0.401428	-0.000284807
16410	3.282	-0.349069	0.401428	-0.000284782
16415	3.283	-0.349069	0.401428	-0.000284749
16420	3.284	-0.349069	0.401428	-0.000284749
16425	3.285	-0.349069	0.401428	-0.000284729
16430	3.286	-0.349069	0.401428	-0.000284613
16435	3.287	-0.349069	0.401428	-0.000284657
16440	3.288	-0.349069	0.401428	-0.000284734
16445	3.289	-0.349069	0.401428	-0.000284779
16450	3.29	-0.349069	0.401428	-0.000284813
16455	3.291	-0.349069	0.401428	-0.000284817
16460	3.292	-0.349069	0.401428	-0.000284807
16465	3.293	-0.349069	0.401428	-0.000284782
16470	3.294	-0.349069	0.401428	-0.000284749
16475	3.295	-0.349069	0.401428	-0.000284749
16480	3.296	-0.349069	0.401428	-0.000284729
16485	3.297	-0.349069	0.401428	-0.000284613
16490	3.298	-0.349069	0.401428	-0.000284657
16495	3.299	-0.349069	0.401428	-0.000284734
16500	3.3	-0.349069	0.401428	-0.000284779
16505	3.301	-0.349069	0.401428	-0.000284813
16510	3.302	-0.349069	0.401428	-0.000284817
16515	3.303	-0.349069	0.401428	-0.000284807
16520	3.304	-0.349069	0.401428	-0.000284782
16525	3.305	-0.349069	0.401428	-0.000284749
16530	3.306	-0.349069	0.401428	-0.000284749
16535	3.307	-0.349069	0.401428	-0.000284729
16540	3.308	-0.349069	0.401428	-0.000284613
16545	3.309	-0.349069	0.401428	-0.000284657
16550	3.31	-0.349069	0.401428	-0.000284734
16555	3.311	-0.349069	0.401428	-0.000284779
16560	3.312	-0.349069	0.401428	-0.000284813
16565	3.313	-0.349069	0.401428	-0.000284817
16570	3.314	-0.349069	0.401428	-0.000284807
16575	3.315	-0.349069	0.401428	-0.000284782
16580	3.316	-0.349069	0.401428	-0.000284749
16585	3.317	-0.349069	0.401428	-0.000284749
16590	3.318	-0.349069	0.401428	-0.000284729
16595	3.319	-0.349069	0.401428	-0.000284613
16600	3.32	-0.349069	0.401428	-0.000284657
16605	3.321	-0.349069	0.401428	-0.000284734
16610	3.322	-0.349069	0.401428	-0.000284779
16615	3.323	-0.349069	0.401428	-0.000284813
16620	3.324	-0.349069	0.401428	-0.000284817
16625	3.325	-0.349069	0.401428	-0.000284807
16630	3.326	-0.349069	0.401428	-0.000284782
16635	3.327	-0.349069	0.401428	-0.000284749
16640	3.328	-0.349069	0.401428	-0.000284749
16645	3.329	-0.349069	0.401428	-0.000284729
16650	3.33	-0.349069	0.401428	-0.000284613
16655	3.331	-0.349069	0.401428	-0.000284657
16660	3.332	-0.349069	0.401428	-0.000284734
16665	3.333	-0.349069	0.401428	-0.000284779
16670	3.334	-0.349069	0.401428	-0.000284813
16675	3.335	-0.349069	0.401428	-0.000284817
16680	3.336	-0.349069	0.401428	-0.000284807
16685	3.337	-0.349069	0.401428	-0.000284782
16690	3.338	-0.349069	0.401428	-0.000284749
16695	3.339	-0.349069	0.401428	-0.000284749
16700	3.34	-0.349069	0.401428	-0.000284729
16705	3.341	-0.349069	0.401428	-0.000284613
16710	3.342	-0.349069	0.401428	-0.000284657
16715	3.343	-0.349069	0.401428	-0.000284734
16720	3.344	-0.349069	0.401428	-0.000284779
16725	3.345	-0.349069	0.401428	-0.000284813
16730	3.346	-0.349069	0.401428	-0.000284817
16735	3.347	-0.349069	0.401428	-0.000284807
16740	3.348	-0.349069	0.401428	-0.000284782
16745	3.349	-0.349069	0.401428	-0.000284749
16750	3.35	-0.349069	0.401428	-0.000284749
16755	3.351	-0.349069	0.401428	-0.000284729
16760	3.352	-0.349069	0.401428	-0.000284613
16765	3.353	-0.349069	0.401428	-0.000284657
16770	3.354	-0.349069	0.401428	-0.000284734
16775	3.355	-0.349069	0.401428	-0.000284779
16780	3.356	-0.349069	0.401428	-0.000284813
16785	3.357	-0.349069	0.401428	-0.000284817
16790	3.358	-0.349069	0.401428	-0.000284807
16795	3.359	-0.349069	0.401428	-0.000284782
16800	3.36	-0.349069	0.401428	-0.000284749
16805	3.361	-0.349069	0.401428	-0.000284749
16810	3.362	-0.349069	0.401428	-0.000284729
16815	3.363	-0.349069	0.401428	-0.000284613
16820	3.364	-0.349069	0.401428	-0.000284657
16825	3.365	-0.349069	0.401428	-0.000284734
16830	3.366	-0.349069	0.401428	-0.000284779
16835	3.367	-0.349069	0.401428	-0.000284813
16840	3.368	-0.349069	0.401428	-0.000284817
16845	3.369	-0.349069	0.401428	-0.000284807
16850	3.37	-0.349069	0.401428	-0.000284782
16855	3.371	-0.349069	0.401428	-0.000284749
16860	3.372	-0.349069	0.401428	-0.000284749
16865	3.373	-0.349069	0.401428	-0.000284729
16870	3.374	-0.349069	0.401428	-0.000284613
16875	3.375	-0.349069	0.401428	-0.000284657
16880	3.376	-0.349069	0.401428	-0.000284734
16885	3.377	-0.349069	0.401428	-0.000284779
16890	3.378	-0.349069	0.401428	-0.000284813
16895	3.379	-0.349069	0.401428	-0.000284817
16900	3.38	-0.349069	0.401428	-0.000284807
16905	3.381	-0.349069	0.401428	-0.000284782
16910	3.382	-0.349069	0.401428	-0.000284749
16915	3.383	-0.349069	0.401428	-0.000284749
16920	3.384	-0.349069	0.401428	-0.000284729
16925	3.385	-0.349069	0.401428	-0.000284613
16930	3.386	-0.349069	0.401428	-0.000284657
16935	3.387	-0.349069	0.401428	-0.000284734
16940	3.388	-0.349069	0.401428	-0.000284779
16945	3.389	-0.349069	0.401428	-0.000284813
16950	3.39	-0.349069	0.401428	-0.000284817
16955	3.391	-0.349069	0.401428	-0.000284807
16960	3.392	-0.349069	0.401428	-0.000284782
16965	3.393	-0.349069	0.401428	-0.000284749
16970	3.394	-0.349069	0.401428	-0.000284749
16975	3.395	-0.349069	0.401428	-0.000284729
16980	3.396	-0.349069	0.401428	-0.000284613
16985	3.397	-0.349069	0.401428	-0.000284657
16990	3.398	-0.349069	0.401428	-0.000284734
16995	3.399	-0.349069	0.401428	-0.000284779
17000	3.4	-0.349069	0.401428	-0.000284813
17005	3.401	-0.349069	0.401428	-0.000284817
17010	3.402	-0.349069	0.401428	-0.000284807
17015	3.403	-0.349069	0.401428	-0.000284782
17020	3.404	-0.349069	0.401428	-0.000284749
17025	3.405	-0.349069	0.401428	-0.000284749
17030	3.406	-0.349069	0.401428	-0.000284729
17035	3.407	-0.349069	0.401428	-0.000284613
17040	3.408	-0.349069	0.401428	-0.000284657
17045	3.409	-0.349069	0.401428	-0.000284734
17050	3.41	-0.349069	0.401428	-0.000284779
17055	3.411	-0.349069	0.401428	-0.000284813
17060	3.412	-0.349069	0.401428	-0.000284817
17065	3.413	-0.349069	0.401428	-0.000284807
17070	3.414	-0.349069	0.401428	-0.000284782
17075	3.415	-0.349069	0.401428	-0.000284749
17080	3.416	-0.349069	0.401428	-0.000284749
17085	3.417	-0.349069	0.401428	-0.000284729
17090	3.418	-0.349069	0.401428	-0.000284613
17095	3.419	-0.349069	0.401428	-0.000284657
17100	3.42	-0.349069	0.401428	-0.000284734
17105	3.421	-0.349069	0.401428	-0.000284779
17110	3.422	-0.349069	0.401428	-0.000284813
17115	3.423	-0.349069	0.401428	-0.000284817
17120	3.424	-0.349069	0.401428	-0.000284807
17125	3.425	-0.349069	0.401428	-0.000284782
17130	3.426	-0.349069	0.401428	-0.000284749
17135	3.427	-0.349069	0.401428	-0.000284749
17140	3.428	-0.349069	0.401428	-0.000284729
17145	3.429	-0.349069	0.401428	-0.000284613
17150	3.43	-0.349069	0.401428	-0.000284657
17155	3.431	-0.349069	0.401428	-0.000284734
17160	3.432	-0.349069	0.401428	-0.000284779
17165	3.433	-0.349069	0.401428	-0.000284813
17170	3.434	-0.349069	0.401428	-0.000284817
17175	3.435	-0.349069	0.401428	-0.000284807
17180	3.436	-0.349069	0.401428	-0.000284782
17185	3.437	-0.349069	0.401428	-0.000284749
17190	3.438	-0.349069	0.401428	-0.000284749
17195	3.439	-0.349069	0.401428	-0.000284729
17200	3.44	-0.349069	0.401428	-0.000284613
17205	3.441	-0.349069	0.401428	-0.000284657
17210	3.442	-0.349069	0.401428	-0.000284734
17215	3.443	-0.349069	0.401428	-0.000284779
17220	3.444	-0.349069	0.401428	-0.000284813
17225	3.445	-0.349069	0.401428	-0.000284817
17230	3.446	-0.349069	0.401428	-0.000284807
17235	3.447	-0.349069	0.401428	-0.000284782
17240	3.448	-0.349069	0.401428	-0.000284749
17245	3.449	-0.349069	0.401428	-0.000284749
17250	3.45	-0.349069	0.401428	-0.000284729
17255	3.451	-0.349069	0.401428	-0.000284613
17260	3.452	-0.349069	0.401428	-0.000284657
17265	3.453	-0.349069	0.401428	-0.000284734
17270	3.454	-0.349069	0.401428	-0.000284779
17275	3.455	-0.349069	0.401428	-0.000284813
17280	3.456	-0.349069	0.401428	-0.000284817
17285	3.457	-0.349069	0.401428	-0.000284807
17290	3.458	-0.349069	0.401428	-0.000284782
17295	3.459	-0.349069	0.401428	-0.000284749
17300	3.46	-0.349069	0.401428	-0.000284749
17305	3.461	-0.349069	0.401428	-0.000284729
17310	3.462	-0.349069	0.401428	-0.000284613
17315	3.463	-0.349069	0.401428	-0.000284657
17320	3.464	-0.349069	0.401428	-0.000284734
17325	3.465	-0.349069	0.401428	-0.000284779
17330	3.466	-0.349069	0.401428	-0.000284813
17335	3.467	-0.349069	0.401428	-0.000284817
17340	3.468	-0.349069	0.401428	-0.000284807
17345	3.469	-0.349069	0.401428	-0.000284782
17350	3.47	-0.349069	0.401428	-0.000284749
17355	3.471	-0.349069	0.401428	-0.000284749
17360	3.472	-0.349069	0.401428	-0.000284729
17365	3.473	-0.349069	0.401428	-0.000284613
17370	3.474	-0.349069	0.401428	-0.000284657
17375	3.475	-0.349069	0.401428	-0.000284734
17380	3.476	-0.349069	0.401428	-0.000284779
17385	3.477	-0.349069	0.401428	-0.000284813
17390	3.478	-0.349069	0.401428	-0.000284817
17395	3.479	-0.349069	0.401428	-0.000284807
17400	3.48	-0.349069	0.401428	-0.000284782
17405	3.481	-0.349069	0.401428	-0.000284749
17410	3.482	-0.349069	0.401428	-0.000284749
17415	3.483	-0.349069	0.401428	-0.000284729
17420	3.484	-0.349069	0.401428	-0.000284613
17425	3.485	-0.349069	0.401428	-0.000284657
17430	3.486	-0.349069	0.401428	-0.000284734
17435	3.487	-0.349069	0.401428	-0.000284779
17440	3.488	-0.349069	0.401428	-0.000284813
17445	3.489	-0.349069	0.401428	-0.000284817
17450	3.49	-0.349069	0.401428	-0.000284807
17455	3.491	-0.349069	0.401428	-0.000284782
17460	3.492	-0.349069	0.401428	-0.000284749
17465	3.493	-0.349069	0.401428	-0.000284749
17470	3.494	-0.349069	0.401428	-0.000284729
17475	3.495	-0.349069	0.401428	-0.000284613
17480	3.496	-0.349069	0.401428	-0.000284657
17485	3.497	-0.349069	0.401428	-0.000284734
17490	3.498	-0.349069	0.401428	-0.000284779
17495	3.499	-0.349069	0.401428	-0.000284813
17500	3.5	-0.349069	0.401428	-0.000284817
17505	3.501	-0.349069	0.401428	-0.000284807
17510	3.502	-0.349069	0.401428	-0.000284782
17515	3.503	-0.349069	0.401428	-0.000284749
17520	3.504	-0.349069	0.401428	-0.000284749
17525	3.505	-0.349069	0.401428	-0.000284729
17530	3.506	-0.349069	0.401428	-0.000284613
17535	3.507	-0.349069	0.401428	-0.000284657
17540	3.508	-0.349069	0.401428	-0.000284734
17545	3.509	-0.349069	0.401428	-0.000284779
17550	3.51	-0.349069	0.401428	-0.000284813
17555	3.511	-0.349069	0.401428	-0.000284817
17560	3.512	-0.349069	0.401428	-0.000284807
17565	3.513	-0.349069	0.401428	-0.000284782
17570	3.514	-0.349069	0.401428	-0.000284749
17575	3.515	-0.349069	0.401428	-0.000284749
17580	3.516	-0.349069	0.401428	-0.000284729
17585	3.517	-0.349069	0.401428	-0.000284613
17590	3.518	-0.349069	0.401428	-0.000284657
17595	3.519	-0.349069	0.401428	-0.000284734
17600	3.52	-0.349069	0.401428	-0.000284779
17605	3.521	-0.349069	0.401428	-0.000284813
17610	3.522	-0.349069	0.401428	-0.000284817
17615	3.523	-0.349069	0.401428	-0.000284807
17620	3.524	-0.349069	0.401428	-0.000284782
17625	3.525	-0.349069	0.401428	-0.000284749
17630	3.526	-0.349069	0.401428	-0.000284749
17635	3.527	-0.349069	0.401428	-0.000284729
17640	3.528	-0.349069	0.401428	-0.000284613
17645	3.529	-0.349069	0.401428	-0.000284657
17650	3.53	-0.349069	0.401428	-0.000284734
17655	3.531	-0.349069	0.401428	-0.000284779
17660	3.532	-0.349069	0.401428	-0.000284813
17665	3.533	-0.349069	0.401428	-0.000284817
17670	3.534	-0.349069	0.401428	-0.000284807
17675	3.535	-0.349069	0.401428	-0.000284782
17680	3.536	-0.349069	0.401428	-0.000284749
17685	3.537	-0.349069	0.401428	-0.000284749
17690	3.538	-0.349069	0.401428	-0.000284729
17695	3.539	-0.349069	0.401428	-0.000284613
17700	3.54	-0.349069	0.401428	-0.000284657
17705	3.541	-0.349069	0.401428	-0.000284734
17710	3.542	-0.349069	0.401428	-0.000284779
17715	3.543	-0.349069	0.401428	-0.000284813
17720	3.544	-0.349069	0.401428	-0.000284817
17725	3.545	-0.349069	0.401428	-0.000284807
17730	3.546	-0.349069	0.401428	-0.000284782
17735	3.547	-0.349069	0.401428	-0.000284749
17740	3.548	-0.349069	0.401428	-0.000284749
17745	3.549	-0.349069	0.401428	-0.000284729
17750	3.55	-0.349069	0.401428	-0.000284613
17755	3.551	-0.349069	0.401428	-0.000284657
17760	3.552	-0.349069	0.401428	-0.000284734
17765	3.553	-0.349069	0.401428	-0.000284779
17770	3.554	-0.349069	0.401428	-0.000284813
17775	3.555	-0.349069	0.401428	-0.000284817
17780	3.556	-0.349069	0.401428	-0.000284807
17785	3.557	-0.349069	0.401428	-0.000284782
17790	3.558	-0.349069	0.401428	-0.000284749
17795	3.559	-0.349069	0.401428	-0.000284749
17800	3.56	-0.349069	0.401428	-0.000284729
17805	3.561	-0.349069	0.401428	-0.000284613
17810	3.562	-0.349069	0.401428	-0.000284657
17815	3.563	-0.349069	0.401428	-0.000284734
17820	3.564	-0.349069	0.401428	-0.000284779
17825	3.565	-0.349069	0.401428	-0.000284813
17830	3.566	-0.349069	0.401428	-0.000284817
17835	3.567	-0.349069	0.401428	-0.000284807
17840	3.568	-0.349069	0.401428	-0.000284782
17845	3.569	-0.349069	0.401428	-0.000284749
17850	3.57	-0.349069	0.401428	-0.000284749
17855	3.571	-0.349069	0.401428	-0.000284729
17860	3.572	-0.349069	0.401428	-0.000284613
17865	3.573	-0.349069	0.401428	-0.000284657
17870	3.574	-0.349069	0.401428	-0.000284734
17875	3.575	-0.349069	0.401428	-0.000284779
17880	3.576	-0.349069	0.401428	-0.000284813
17885	3.577	-0.349069	0.401428	-0.000284817
17890	3.578	-0.349069	0.401428	-0.000284807
17895	3.579	-0.349069	0.401428	-0.000284782
17900	3.58	-0.349069	0.401428	-0.000284749
17905	3.581	-0.349069	0.401428	-0.000284749
17910	3.582	-0.349069	0.401428	-0.000284729
17915	3.583	-0.349069	0.401428	-0.000284613
17920	3.584	-0.349069	0.401428	-0.000284657
17925	3.585	-0.349069	0.401428	-0.000284734
17930	3.586	-0.349069	0.401428	-0.000284779
17935	3.587	-0.349069	0.401428	-0.000284813
17940	3.588	-0.349069	0.401428	-0.000284817
17945	3.589	-0.349069	0.401428	-0.000284807
17950	3.59	-0.349069	0.401428	-0.000284782
17955	3.591	-0.349069	0.401428	-0.000284749
17960	3.592	-0.349069	0.401428	-0.000284749
17965	3.593	-0.349069	0.401428	-0.000284729
17970	3.594	-0.349069	0.401428	-0.000284613
17975	3.595	-0.349069	0.401428	-0.000284657
17980	3.596	-0.349069	0.401428	-0.000284734
17985	3.597	-0.349069	0.401428	-0.000284779
17990	3.598	-0.349069	0.401428	-0.000284813
17995	3.599	-0.349069	0.401428	-0.000284817
18000	3.6	-0.349069	0.401428	-0.000284807
18005	3.601	-0.349069	0.401428	-0.000284782
18010	3.602	-0.349069	0.401428	-0.000284749
18015	3.603	-0.349069	0.401428	-0.000284749
18020	3.604	-0.349069	0.401428	-0.000284729
18025	3.605	-0.349069	0.401428	-0.000284613
18030	3.606	-0.349069	0.401428	-0.000284657
18035	3.607	-0.349069	0.401428	-0.000284734
18040	3.608	-0.349069	0.401428	-0.000284779
18045	3.609	-0.349069	0.401428	-0.000284813
18050	3.61	-0.349069	0.401428	-0.000284817
18055	3.611	-0.349069	0.401428	-0.000284807
18060	3.612	-0.349069	0.401428	-0.000284782
18065	3.613	-0.349069	0.401428	-0.000284749
18070	3.614	-0.349069	0.401428	-0.000284749
18075	3.615	-0.349069	0.401428	-0.000284729
18080	3.616	-0.349069	0.401428	-0.000284613
18085	3.617	-0.349069	0.401428	-0.000284657
18090	3.618	-0.349069	0.401428	-0.000284734
18095	3.619	-0.349069	0.401428	-0.000284779
18100	3.62	-0.349069	0.401428	-0.000284813
18105	3.621	-0.349069	0.401428	-0.000284817
18110	3.622	-0.349069	0.401428	-0.000284807
18115	3.623	-0.349069	0.401428	-0.000284782
18120	3.624	-0.349069	0.401428	-0.000284749
18125	3.625	-0.349069	0.401428	-0.000284749
18130	3.626	-0.349069	0.401428	-0.000284729
18135	3.627	-0.349069	0.401428	-0.000284613
18140	3.628	-0.349069	0.401428	-0.000284657
18145	3.629	-0.349069	0.401428	-0.000284734
18150	3.63	-0.349069	0.401428	-0.000284779
18155	3.631	-0.349069	0.401428	-0.000284813
18160	3.632	-0.349069	0.401428	-0.000284817
18165	3.633	-0.349069	0.401428	-0.000284807
18170	3.634	-0.349069	0.401428	-0.000284782
18175	3.635	-0.349069	0.401428	-0.000284749
18180	3.636	-0.349069	0.401428	-0.000284749
18185	3.637	-0.349069	0.401428	-0.000284729
18190	3.638	-0.349069	0.401428	-0.000284613
18195	3.639	-0.349069	0.401428	-0.000284657
18200	3.64	-0.349069	0.401428	-0.000284734
18205	3.641	-0.349069	0.401428	-0.000284779
18210	3.642	-0.349069	0.401428	-0.000284813
18215	3.643	-0.349069	0.401428	-0.000284817
18220	3.644	-0.349069	0.401428	-0.000284807
18225	3.645	-0.349069	0.401428	-0.000284782
18230	3.646	-0.349069	0.401428	-0.000284749
18235	3.647	-0.349069	0.401428	-0.000284749
18240	3.648	-0.349069	0.401428	-0.000284729
18245	3.649	-0.349069	0.401428	-0.000284613
18250	3.65	-0.349069	0.401428	-0.000284657
18255	3.651	-0.349069	0.401428	-0.000284734
18260	3.652	-0.349069	0.401428	-0.000284779
18265	3.653	-0.349069	0.401428	-0.000284813
18270	3.654	-0.349069	0.401428	-0.000284817
18275	3.655	-0.349069	0.401428	-0.000284807
18280	3.656	-0.349069	0.401428	-0.000284782
18285	3.657	-0.349069	0.401428	-0.000284749
18290	3.658	-0.349069	0.401428	-0.000284749
18295	3.659	-0.349069	0.401428	-0.000284729
18300	3.66	-0.349069	0.401428	-0.000284613
18305	3.661	-0.349069	0.401428	-0.000284657
18310	3.662	-0.349069	0.401428	-0.000284734
18315	3.663	-0.349069	0.401428	-0.000284779
18320	3.664	-0.349069	0.401428	-0.000284813
18325	3.665	-0.349069	0.401428	-0.000284817
18330	3.666	-0.349069	0.401428	-0.000284807
18335	3.667	-0.349069	0.401428	-0.000284782
18340	3.668	-0.349069	0.401428	-0.000284749
18345	3.669	-0.349069	0.401428	-0.000284749
18350	3.67	-0.349069	0.401428	-0.000284729
18355	3.671	-0.349069	0.401428	-0.000284613
18360	3.672	-0.349069	0.401428	-0.000284657
18365	3.673	-0.349069	0.401428	-0.000284734
18370	3.674	-0.349069	0.401428	-0.000284779
18375	3.675	-0.349069	0.401428	-0.000284813
18380	3.676	-0.349069	0.401428	-0.000284817
18385	3.677	-0.349069	0.401428	-0.000284807
18390	3.678	-0.349069	0.401428	-0.000284782
18395	3.679	-0.349069	0.401428	-0.000284749
18400	3.68	-0.349069	0.401428	-0.000284749
18405	3.681	-0.349069	0.401428	-0.000284729
18410	3.682	-0.349069	0.401428	-0.000284613
18415	3.683	-0.349069	0.401428	-0.000284657
18420	3.684	-0.349069	0.401428	-0.000284734
18425	3.685	-0.349069	0.401428	-0.000284779
18430	3.686	-0.349069	0.401428	-0.000284813
18435	3.687	-0.349069	0.401428	-0.000284817
18440	3.688	-0.349069	0.401428	-0.000284807
18445	3.689	-0.349069	0.401428	-0.000284782
18450	3.69	-0.349069	0.401428	-0.000284749
18455	3.691	-0.349069	0.401428	-0.000284749
18460	3.692	-0.349069	0.401428	-0.000284729
18465	3.693	-0.349069	0.401428	-0.000284613
18470	3.694	-0.349069	0.401428	-0.000284657
18475	3.695	-0.349069	0.401428	-0.000284734
18480	3.696	-0.349069	0.401428	-0.000284779
18485	3.697	-0.349069	0.401428	-0.000284813
18490	3.698	-0.349069	0.401428	-0.000284817
18495	3.699	-0.349069	0.401428	-0.000284807
18500	3.7	-0.349069	0.401428	-0.000284782
18505	3.701	-0.349069	0.401428	-0.000284749
18510	3.702	-0.349069	0.401428	-0.000284749
18515	3.703	-0.349069	0.401428	-0.000284729
18520	3.704	-0.349069	0.401428	-0.000284613
18525	3.705	-0.349069	0.401428	-0.000284657
18530	3.706	-0.349069	0.401428	-0.000284734
18535	3.707	-0.349069	0.401428	-0.000284779
18540	3.708	-0.349069	0.401428	-0.000284813
18545	3.709	-0.349069	0.401428	-0.000284817
18550	3.71	-0.349069	0.401428	-0.000284807
18555	3.711	-0.349069	0.401428	-0.000284782
18560	3.712	-0.349069	0.401428	-0.000284749
18565	3.713	-0.349069	0.401428	-0.000284749
18570	3.714	-0.349069	0.401428	-0.000284729
18575	3.715	-0.349069	0.401428	-0.000284613
18580	3.716	-0.349069	0.401428	-0.000284657
18585	3.717	-0.349069	0.401428	-0.000284734
18590	3.718	-0.349069	0.401428	-0.000284779
18595	3.719	-0.349069	0.401428	-0.000284813
18600	3.72	-0.349069	0.401428	-0.000284817
18605	3.721	-0.349069	0.401428	-0.000284807
18610	3.722	-0.349069	0.401428	-0.000284782
18615	3.723	-0.349069	0.401428	-0.000284749
18620	3.724	-0.349069	0.401428	-0.000284749
18625	3.725	-0.349069	0.401428	-0.000284729
18630	3.726	-0.349069	0.401428	-0.000284613
18635	3.727	-0.349069	0.401428	-0.000284657
18640	3.728	-0.349069	0.401428	-0.000284734
18645	3.729	-0.349069	0.401428	-0.000284779
18650	3.73	-0.349069	0.401428	-0.000284813
18655	3.731	-0.349069	0.401428	-0.000284817
18660	3.732	-0.349069	0.401428	-0.000284807
18665	3.733	-0.349069	0.401428	-0.000284782
18670	3.734	-0.349069	0.401428	-0.000284749
18675	3.735	-0.349069	0.401428	-0.000284749
18680	3.736	-0.349069	0.401428	-0.000284729
18685	3.737	-0.349069	0.401428	-0.000284613
18690	3.738	-0.349069	0.401428	-0.000284657
18695	3.739	-0.349069	0.401428	-0.000284734
18700	3.74	-0.349069	0.401428	-0.000284779
18705	3.741	-0.349069	0.401428	-0.000284813
18710	3.742	-0.349069	0.401428	-0.000284817
18715	3.743	-0.349069	0.401428	-0.000284807
18720	3.744	-0.349069	0.401428	-0.000284782
18725	3.745	-0.349069	0.401428	-0.000284749
18730	3.746	-0.349069	0.401428	-0.000284749
18735	3.747	-0.349069	0.401428	-0.000284729
18740	3.748	-0.349069	0.401428	-0.000284613
18745	3.749	-0.349069	0.401428	-0.000284657
18750	3.75	-0.349069	0.401428	-0.000284734
18755	3.751	-0.349069	0.401428	-0.000284779
18760	3.752	-0.349069	0.401428	-0.000284813
18765	3.753	-0.349069	0.401428	-0.000284817
18770	3.754	-0.349069	0.401428	-0.000284807
18775	3.755	-0.349069	0.401428	-0.000284782
18780	3.756	-0.349069	0.401428	-0.000284749
18785	3.757	-0.349069	0.401428	-0.000284749
18790	3.758	-0.349069	0.401428	-0.000284729
18795	3.759	-0.349069	0.401428	-0.000284613
18800	3.76	-0.349069	0.401428	-0.000284657
18805	3.761	-0.349069	0.401428	-0.000284734
18810	3.762	-0.349069	0.401428	-0.000284779
18815	3.763	-0.349069	0.401428	-0.000284813
18820	3.764	-0.349069	0.401428	-0.000284817
18825	3.765	-0.349069	0.401428	-0.000284807
18830	3.766	-0.349069	0.401428	-0.000284782
18835	3.767	-0.349069	0.401428	-0.000284749
18840	3.768	-0.349069	0.401428	-0.000284749
18845	3.769	-0.349069	0.401428	-0.000284729
18850	3.77	-0.349069	0.401428	-0.000284613
18855	3.771	-0.349069	0.401428	-0.000284657
18860	3.772	-0.349069	0.401428	-0.000284734
18865	3.773	-0.349069	0.401428	-0.000284779
18870	3.774	-0.349069	0.401428	-0.000284813
18875	3.775	-0.349069	0.401428	-0.000284817
18880	3.776	-0.349069	0.401428	-0.000284807
18885	3.777	-0.349069	0.401428	-0.000284782
18890	3.778	-0.349069	0.401428	-0.000284749
18895	3.779	-0.349069	0.401428	-0.000284749
18900	3.78	-0.349069	0.401428	-0.000284729
18905	3.781	-0.349069	0.401428	-0.000284613
18910	3.782	-0.349069	0.401428	-0.000284657
18915	3.783	-0.349069	0.401428	-0.000284734
18920	3.784	-0.349069	0.401428	-0.000284779
18925	3.785	-0.349069	0.401428	-0.000284813
18930	3.786	-0.349069	0.401428	-0.000284817
18935	3.787	-0.349069	0.401428	-0.000284807
18940	3.788	-0.349069	0.401428	-0.000284782
18945	3.789	-0.349069	0.401428	-0.000284749
18950	3.79	-0.349069	0.401428	-0.000284749
18955	3.791	-0.349069	0.401428	-0.000284729
18960	3.792	-0.349069	0.401428	-0.000284613
18965	3.793	-0.349069	0.401428	-0.000284657
18970	3.794	-0.349069	0.401428	-0.000284734
18975	3.795	-0.349069	0.401428	-0.000284779
18980	3.796	-0.349069	0.401428	-0.000284813
18985	3.797	-0.349069	0.401428	-0.000284817
18990	3.798	-0.349069	0.401428	-0.000284807
18995	3.799	-0.349069	0.401428	-0.000284782
19000	3.8	-0.349069	0.401428	-0.000284749
19005	3.801	-0.349069	0.401428	-0.000284749
19010	3.802	-0.349069	0.401428	-0.000284729
19015	3.803	-0.349069	0.401428	-0.000284613
19020	3.804	-0.349069	0.401428	-0.000284657
19025	3.805	-0.349069	0.401428	-0.000284734
19030	3.806	-0.349069	0.401428	-0.000284779
19035	3.807	-0.349069	0.401428	-0.000284813
19040	3.808	-0.349069	0.401428	-0.000284817
19045	3.809	-0.349069	0.401428	-0.000284807
19050	3.81	-0.349069	0.401428	-0.000284782
19055	3.811	-0.349069	0.401428	-0.000284749
19060	3.812	-0.349069	0.401428	-0.000284749
19065	3.813	-0.349069	0.401428	-0.000284729
19070	3.814	-0.349069	0.401428	-0.000284613
19075	3.815	-0.349069	0.401428	-0.000284657
19080	3.816	-0.349069	0.401428	-0.000284734
19085	3.817	-0.349069	0.401428	-0.000284779
19090	3.818	-0.349069	0.401428	-0.000284813
19095	3.819	-0.349069	0.401428	-0.000284817
19100	3.82	-0.349069	0.401428	-0.000284807
19105	3.821	-0.349069	0.401428	-0.000284782
19110	3.822	-0.349069	0.401428	-0.000284749
19115	3.823	-0.349069	0.401428	-0.000284749
19120	3.824	-0.349069	0.401428	-0.000284729
19125	3.825	-0.349069	0.401428	-0.000284613
19130	3.826	-0.349069	0.401428	-0.000284657
19135	3.827	-0.349069	0.401428	-0.000284734
19140	3.828	-0.349069	0.401428	-0.000284779
19145	3.829	-0.349069	0.401428	-0.000284813
19150	3.83	-0.349069	0.401428	-0.000284817
19155	3.831	-0.349069	0.401428	-0.000284807
19160	3.832	-0.349069	0.401428	-0.000284782
19165	3.833	-0.349069	0.401428	-0.000284749
19170	3.834	-0.349069	0.401428	-0.000284749
19175	3.835	-0.349069	0.401428	-0.000284729
19180	3.836	-0.349069	0.401428	-0.000284613
19185	3.837	-0.349069	0.401428	-0.000284657
19190	3.838	-0.349069	0.401428	-0.000284734
19195	3.839	-0.349069	0.401428	-0.000284779
19200	3.84	-0.349069	0.401428	-0.000284813
19205	3.841	-0.349069	0.401428	-0.000284817
19210	3.842	-0.349069	0.401428	-0.000284807
19215	3.843	-0.349069	0.401428	-0.000284782
19220	3.844	-0.349069	0.401428	-0.000284749
19225	3.845	-0.349069	0.401428	-0.000284749
19230	3.846	-0.349069	0.401428	-0.000284729
19235	3.847	-0.349069	0.401428	-0.000284613
19240	3.848	-0.349069	0.401428	-0.000284657
19245	3.849	-0.349069	0.401428	-0.000284734
19250	3.85	-0.349069	0.401428	-0.000284779
19255	3.851	-0.349069	0.401428	-0.000284813
19260	3.852	-0.349069	0.401428	-0.000284817
19265	3.853	-0.349069	0.401428	-0.000284807
19270	3.854	-0.349069	0.401428	-0.000284782
19275	3.855	-0.349069	0.401428	-0.000284749
19280	3.856	-0.349069	0.401428	-0.000284749
19285	3.857	-0.349069	0.401428	-0.000284729
19290	3.858	-0.349069	0.401428	-0.000284613
19295	3.859	-0.349069	0.401428	-0.000284657
19300	3.86	-0.349069	0.401428	-0.000284734
19305	3.861	-0.349069	0.401428	-0.000284779
19310	3.862	-0.349069	0.401428	-0.000284813
19315	3.863	-0.349069	0.401428	-0.000284817
19320	3.864	-0.349069	0.401428	-0.000284807
19325	3.865	-0.349069	0.401428	-0.000284782
19330	3.866	-0.349069	0.401428	-0.000284749
19335	3.867	-0.349069	0.401428	-0.000284749
19340	3.868	-0.349069	0.401428	-0.000284729
19345	3.869	-0.349069	0.401428	-0.000284613
19350	3.87	-0.349069	0.401428	-0.000284657
19355	3.871	-0.349069	0.401428	-0.000284734
19360	3.872	-0.349069	0.401428	-0.000284779
19365	3.873	-0.349069	0.401428	-0.000284813
19370	3.874	-0.349069	0.401428	-0.000284817
19375	3.875	-0.349069	0.401428	-0.000284807
19380	3.876	-0.349069	0.401428	-0.000284782
19385	3.877	-0.349069	0.401428	-0.000284749
19390	3.878	-0.349069	0.401428	-0.000284749
19395	3.879	-0.349069	0.401428	-0.000284729
19400	3.88	-0.349069	0.401428	-0.000284613
19405	3.881	-0.349069	0.401428	-0.000284657
19410	3.882	-0.349069	0.401428	-0.000284734
19415	3.883	-0.349069	0.401428	-0.000284779
19420	3.884	-0.349069	0.401428	-0.000284813
19425	3.885	-0.349069	0.401428	-0.000284817
19430	3.886	-0.349069	0.401428	-0.000284807
19435	3.887	-0.349069	0.401428	-0.000284782
19440	3.888	-0.349069	0.401428	-0.000284749
19445	3.889	-0.349069	0.401428	-0.000284749
19450	3.89	-0.349069	0.401428	-0.000284729
19455	3.891	-0.349069	0.401428	-0.000284613
19460	3.892	-0.349069	0.401428	-0.000284657
19465	3.893	-0.349069	0.401428	-0.000284734
19470	3.894	-0.349069	0.401428	-0.000284779
19475	3.895	-0.349069	0.401428	-0.000284813
19480	3.896	-0.349069	0.401428	-0.000284817
19485	3.897	-0.349069	0.401428	-0.000284807
19490	3.898	-0.349069	0.401428	-0.000284782
19495	3.899	-0.349069	0.401428	-0.000284749
19500	3.9	-0.349069	0.401428	-0.000284749
19505	3.901	-0.349069	0.401428	-0.000284729
19510	3.902	-0.349069	0.401428	-0.000284613
19515	3.903	-0.349069	0.401428	-0.000284657
19520	3.904	-0.349069	0.401428	-0.000284734
19525	3.905	-0.349069	0.401428	-0.000284779
19530	3.906	-0.349069	0.401428	-0.000284813
19535	3.907	-0.349069	0.401428	-0.000284817
19540	3.908	-0.349069	0.401428	-0.000284807
19545	3.909	-0.349069	0.401428	-0.000284782
19550	3.91	-0.349069	0.401428	-0.000284749
19555	3.911	-0.349069	0.401428	-0.000284749
19560	3.912	-0.349069	0.401428	-0.000284729
19565	3.913	-0.349069	0.401428	-0.000284613
19570	3.914	-0.349069	0.401428	-0.000284657
19575	3.915	-0.349069	0.401428	-0.000284734
19580	3.916	-0.349069	0.401428	-0.000284779
19585	3.917	-0.349069	0.401428	-0.000284813
19590	3.918	-0.349069	0.401428	-0.000284817
19595	3.919	-0.349069	0.401428	-0.000284807
19600	3.92	-0.349069	0.401428	-0.000284782
19605	3.921	-0.349069	0.401428	-0.000284749
19610	3.922	-0.349069	0.401428	-0.000284749
19615	3.923	-0.349069	0.401428	-0.000284729
19620	3.924	-0.349069	0.401428	-0.000284613
19625	3.925	-0.349069	0.401428	-0.000284657
19630	3.926	-0.349069	0.401428	-0.000284734
19635	3.927	-0.349069	0.401428	-0.000284779
19640	3.928	-0.349069	0.401428	-0.000284813
19645	3.929	-0.349069	0.401428	-0.000284817
19650	3.93	-0.349069	0.401428	-0.000284807
19655	3.931	-0.349069	0.401428	-0.000284782
19660	3.932	-0.349069	0.401428	-0.000284749
19665	3.933	-0.349069	0.401428	-0.000284749
19670	3.934	-0.349069	0.401428	-0.000284729
19675	3.935	-0.349069	0.401428	-0.000284613
19680	3.936	-0.349069	0.401428	-0.000284657
19685	3.937	-0.349069	0.401428	-0.000284734
19690	3.938	-0.349069	0.401428	-0.000284779
19695	3.939	-0.349069	0.401428	-0.000284813
19700	3.94	-0.349069	0.401428	-0.000284817
19705	3.941	-0.349069	0.401428	-0.000284807
19710	3.942	-0.349069	0.401428	-0.000284782
19715	3.943	-0.349069	0.401428	-0.000284749
19720	3.944	-0.349069	0.401428	-0.000284749
19725	3.945	-0.349069	0.401428	-0.000284729
19730	3.946	-0.349069	0.401428	-0.000284613
19735	3.947	-0.349069	0.401428	-0.000284657
19740	3.948	-0.349069	0.401428	-0.000284734
19745	3.949	-0.349069	0.401428	-0.000284779
19750	3.95	-0.349069	0.401428	-0.000284813
19755	3.951	-0.349069	0.401428	-0.000284817
19760	3.952	-0.349069	0.401428	-0.000284807
19765	3.953	-0.349069	0.401428	-0.000284782
19770	3.954	-0.349069	0.401428	-0.000284749
19775	3.955	-0.349069	0.401428	-0.000284749
19780	3.956	-0.349069	0.401428	-0.000284729
19785	3.957	-0.349069	0.401428	-0.000284613
19790	3.958	-0.349069	0.401428	-0.000284657
19795	3.959	-0.349069	0.401428	-0.000284734
19800	3.96	-0.349069	0.401428	-0.000284779
19805	3.961	-0.349069	0.401428	-0.000284813
19810	3.962	-0.349069	0.401428	-0.000284817
19815	3.963	-0.349069	0.401428	-0.000284807
19820	3.964	-0.349069	0.401428	-0.000284782
19825	3.965	-0.349069	0.401428	-0.000284749
19830	3.966	-0.349069	0.401428	-0.000284749
19835	3.967	-0.349069	0.401428	-0.000284729
19840	3.968	-0.349069	0.401428	-0.000284613
19845	3.969	-0.349069	0.401428	-0.000284657
19850	3.97	-0.349069	0.401428	-0.000284734
19855	3.971	-0.349069	0.401428	-0.000284779
19860	3.972	-0.349069	0.401428	-0.000284813
19865	3.973	-0.349069	0.401428	-0.000284817
19870	3.974	-0.349069	0.401428	-0.000284807
19875	3.975	-0.349069	0.401428	-0.000284782
19880	3.976	-0.349069	0.401428	-0.000284749
19885	3.977	-0.349069	0.401428	-0.000284749
19890	3.978	-0.349069	0.401428	-0.000284729
19895	3.979	-0.349069	0.401428	-0.000284613
19900	3.98	-0.349069	0.401428	-0.000284657
19905	3.981	-0.349069	0.401428	-0.000284734
19910	3.982	-0.349069	0.401428	-0.000284779
19915	3.983	-0.349069	0.401428	-0.000284813
19920	3.984	-0.349069	0.401428	-0.000284817
19925	3.985	-0.349069	0.401428	-0.000284807
19930	3.986	-0.349069	0.401428	-0.000284782
19935	3.987	-0.349069	0.401428	-0.000284749
19940	3.988	-0.349069	0.401428	-0.000284749
19945	3.989	-0.349069	0.401428	-0.000284729
19950	3.99	-0.349069	0.401428	-0.000284613
19955	3.991	-0.349069	0.401428	-0.000284657
19960	3.992	-0.349069	0.401428	-0.000284734
19965	3.993	-0.349069	0.401428	-0.000284779
19970	3.994	-0.349069	0.401428	-0.000284813
19975	3.995	-0.349069	0.401428	-0.000284817
19980	3.996	-0.349069	0.401428	-0.000284807
19985	3.997	-0.349069	0.401428	-0.000284782
19990	3.998	-0.349069	0.401428	-0.000284749
19995	3.999	-0.349069	0.401428	-0.000284749
20000	4	-0.349069	0.401428	-0.000284729
20005	4.001	-0.349069	0.401428	-0.000284613
20010	4.002	-0.349069	0.401428	-0.000284657
20015	4.003	-0.349069	0.401428	-0.000284734
20020	4.004	-0.349069	0.401428	-0.000284779
20025	4.005	-0.349069	0.401428	-0.000284813
20030	4.006	-0.349069	0.401428	-0.000284817
20035	4.007	-0.349069	0.401428	-0.000284807
20040	4.008	-0.349069	0.401428	-0.000284782
20045	4.009	-0.349069	0.401428	-0.000284749
20050	4.01	-0.349069	0.401428	-0.000284749
20055	4.011	-0.349069	0.401428	-0.000284729
20060	4.012	-0.349069	0.401428	-0.000284613
20065	4.013	-0.349069	0.401428	-0.000284657
20070	4.014	-0.349069	0.401428	-0.000284734
20075	4.015	-0.349069	0.401428	-0.000284779
20080	4.016	-0.349069	0.401428	-0.000284813
20085	4.017	-0.349069	0.401428	-0.000284817
20090	4.018	-0.349069	0.401428	-0.000284807
20095	4.019	-0.349069	0.401428	-0.000284782
20100	4.02	-0.349069	0.401428	-0.000284749
20105	4.021	-0.349069	0.401428	-0.000284749
20110	4.022	-0.349069	0.401428	-0.000284729
20115	4.023	-0.349069	0.401428	-0.000284613
20120	4.024	-0.349069	0.401428	-0.000284657
20125	4.025	-0.349069	0.401428	-0.000284734
20130	4.026	-0.349069	0.401428	-0.000284779
20135	4.027	-0.349069	0.401428	-0.000284813
20140	4.028	-0.349069	0.401428	-0.000284817
20145	4.029	-0.349069	0.401428	-0.000284807
20150	4.03	-0.349069	0.401428	-0.000284782
20155	4.031	-0.349069	0.401428	-0.000284749
20160	4.032	-0.349069	0.401428	-0.000284749
20165	4.033	-0.349069	0.401428	-0.000284729
20170	4.034	-0.349069	0.401428	-0.000284613
20175	4.035	-0.349069	0.401428	-0.000284657
20180	4.036	-0.349069	0.401428	-0.000284734
20185	4.037	-0.349069	0.401428	-0.000284779
20190	4.038	-0.349069	0.401428	-0.000284813
20195	4.039	-0.349069	0.401428	-0.000284817
20200	4.04	-0.349069	0.401428	-0.000284807
20205	4.041	-0.349069	0.401428	-0.000284782
20210	4.042	-0.349069	0.401428	-0.000284749
20215	4.043	-0.349069	0.401428	-0.000284749
20220	4.044	-0.349069	0.401428	-0.000284729
20225	4.045	-0.349069	0.401428	-0.000284613
20230	4.046	-0.349069	0.401428	-0.000284657
20235	4.047	-0.349069	0.401428	-0.000284734
20240	4.048	-0.349069	0.401428	-0.000284779
20245	4.049	-0.349069	0.401428	-0.000284813
20250	4.05	-0.349069	0.401428	-0.000284817
20255	4.051	-0.349069	0.401428	-0.000284807
20260	4.052	-0.349069	0.401428	-0.000284782
20265	4.053	-0.349069	0.401428	-0.000284749
20270	4.054	-0.349069	0.401428	-0.000284749
20275	4.055	-0.349069	0.401428	-0.000284729
20280	4.056	-0.349069	0.401428	-0.000284613
20285	4.057	-0.349069	0.401428	-0.000284657
20290	4.058	-0.349069	0.401428	-0.000284734
20295	4.059	-0.349069	0.401428	-0.000284779
20300	4.06	-0.349069	0.401428	-0.000284813
20305	4.061	-0.349069	0.401428	-0.000284817
20310	4.062	-0.349069	0.401428	-0.000284807
20315	4.063	-0.349069	0.401428	-0.000284782
20320	4.064	-0.349069	0.401428	-0.000284749
20325	4.065	-0.349069	0.401428	-0.000284749
20330	4.066	-0.349069	0.401428	-0.000284729
20335	4.067	-0.349069	0.401428	-0.000284613
20340	4.068	-0.349069	0.401428	-0.000284657
20345	4.069	-0.349069	0.401428	-0.000284734
20350	4.07	-0.349069	0.401428	-0.000284779
20355	4.071	-0.349069	0.401428	-0.000284813
20360	4.072	-0.349069	0.401428	-0.000284817
20365	4.073	-0.349069	0.401428	-0.000284807
20370	4.074	-0.349069	0.401428	-0.000284782
20375	4.075	-0.349069	0.401428	-0.000284749
20380	4.076	-0.349069	0.401428	-0.000284749
20385	4.077	-0.349069	0.401428	-0.000284729
20390	4.078	-0.349069	0.401428	-0.000284613
20395	4.079	-0.349069	0.401428	-0.000284657
20400	4.08	-0.349069	0.401428	-0.000284734
20405	4.081	-0.349069	0.401428	-0.000284779
20410	4.082	-0.349069	0.401428	-0.000284813
20415	4.083	-0.349069	0.401428	-0.000284817
20420	4.084	-0.349069	0.401428	-0.000284807
20425	4.085	-0.349069	0.401428	-0.000284782
20430	4.086	-0.349069	0.401428	-0.000284749
20435	4.087	-0.349069	0.401428	-0.000284749
20440	4.088	-0.349069	0.401428	-0.000284729
20445	4.089	-0.349069	0.401428	-0.000284613
20450	4.09	-0.349069	0.401428	-0.000284657
20455	4.091	-0.349069	0.401428	-0.000284734
20460	4.092	-0.349069	0.401428	-0.000284779
20465	4.093	-0.349069	0.401428	-0.000284813
20470	4.094	-0.349069	0.401428	-0.000284817
20475	4.095	-0.349069	0.401428	-0.000284807
20480	4.096	-0.349069	0.401428	-0.000284782
20485	4.097	-0.349069	0.401428	-0.000284749
20490	4.098	-0.349069	0.401428	-0.000284749
20495	4.099	-0.349069	0.401428	-0.000284729
20500	4.1	-0.349069	0.401428	-0.000284613
20505	4.101	-0.349069	0.401428	-0.000284657
20510	4.102	-0.349069	0.401428	-0.000284734
20515	4.103	-0.349069	0.401428	-0.000284779
20520	4.104	-0.349069	0.401428	-0.000284813
20525	4.105	-0.349069	0.401428	-0.000284817
20530	4.106	-0.349069	0.401428	-0.000284807
20535	4.107	-0.349069	0.401428	-0.000284782
20540	4.108	-0.349069	0.401428	-0.000284749
20545	4.109	-0.349069	0.401428	-0.000284749
20550	4.11	-0.349069	0.401428	-0.000284729
20555	4.111	-0.349069	0.401428	-0.000284613
20560	4.112	-0.349069	0.401428	-0.000284657
20565	4.113	-0.349069	0.401428	-0.000284734
20570	4.114	-0.349069	0.401428	-0.000284779
20575	4.115	-0.349069	0.401428	-0.000284813
20580	4.116	-0.349069	0.401428	-0.000284817
20585	4.117	-0.349069	0.401428	-0.000284807
20590	4.118	-0.349069	0.401428	-0.000284782
20595	4.119	-0.349069	0.401428	-0.000284749
20600	4.12	-0.349069	0.401428	-0.000284749
20605	4.121	-0.349069	0.401428	-0.000284729
20610	4.122	-0.349069	0.401428	-0.000284613
20615	4.123	-0.349069	0.401428	-0.000284657
20620	4.124	-0.349069	0.401428	-0.000284734
20625	4.125	-0.349069	0.401428	-0.000284779
20630	4.126	-0.349069	0.401428	-0.000284813
20635	4.127	-0.349069	0.401428	-0.000284817
20640	4.128	-0.349069	0.401428	-0.000284807
20645	4.129	-0.349069	0.401428	-0.000284782
20650	4.13	-0.349069	0.401428	-0.000284749
20655	4.131	-0.349069	0.401428	-0.000284749
20660	4.132	-0.349069	0.401428	-0.000284729
20665	4.133	-0.349069	0.401428	-0.000284613
20670	4.134	-0.349069	0.401428	-0.000284657
20675	4.135	-0.349069	0.401428	-0.000284734
20680	4.136	-0.349069	0.401428	-0.000284779
20685	4.137	-0.349069	0.401428	-0.000284813
20690	4.138	-0.349069	0.401428	-0.000284817
20695	4.139	-0.349069	0.401428	-0.000284807
20700	4.14	-0.349069	0.401428	-0.000284782
20705	4.141	-0.349069	0.401428	-0.000284749
20710	4.142	-0.349069	0.401428	-0.000284749
20715	4.143	-0.349069	0.401428	-0.000284729
20720	4.144	-0.349069	0.401428	-0.000284613
20725	4.145	-0.349069	0.401428	-0.000284657
20730	4.146	-0.349069	0.401428	-0.000284734
20735	4.147	-0.349069	0.401428	-0.000284779
20740	4.148	-0.349069	0.401428	-0.000284813
20745	4.149	-0.349069	0.401428	-0.000284817
20750	4.15	-0.349069	0.401428	-0.000284807
20755	4.151	-0.349069	0.401428	-0.000284782
20760	4.152	-0.349069	0.401428	-0.000284749
20765	4.153	-0.349069	0.401428	-0.000284749
20770	4.154	-0.349069	0.401428	-0.000284729
20775	4.155	-0.349069	0.401428	-0.000284613
20780	4.156	-0.349069	0.401428	-0.000284657
20785	4.157	-0.349069	0.401428	-0.000284734
20790	4.158	-0.349069	0.401428	-0.000284779
20795	4.159	-0.349069	0.401428	-0.000284813
20800	4.16	-0.349069	0.401428	-0.000284817
20805	4.161	-0.349069	0.401428	-0.000284807
20810	4.162	-0.349069	0.401428	-0.000284782
20815	4.163	-0.349069	0.401428	-0.000284749
20820	4.164	-0.349069	0.401428	-0.000284749
20825	4.165	-0.349069	0.401428	-0.000284729
20830	4.166	-0.349069	0.401428	-0.000284613
20835	4.167	-0.349069	0.401428	-0.000284657
20840	4.168	-0.349069	0.401428	-0.000284734
20845	4.169	-0.349069	0.401428	-0.000284779
20850	4.17	-0.349069	0.401428	-0.000284813
20855	4.171	-0.349069	0.401428	-0.000284817
20860	4.172	-0.349069	0.401428	-0.000284807
20865	4.173	-0.349069	0.401428	-0.000284782
20870	4.174	-0.349069	0.401428	-0.000284749
20875	4.175	-0.349069	0.401428	-0.000284749
20880	4.176	-0.349069	0.401428	-0.000284729
20885	4.177	-0.349069	0.401428	-0.000284613
20890	4.178	-0.349069	0.401428	-0.000284657
20895	4.179	-0.349069	0.401428	-0.000284734
20900	4.18	-0.349069	0.401428	-0.000284779
20905	4.181	-0.349069	0.401428	-0.000284813
20910	4.182	-0.349069	0.401428	-0.000284817
20915	4.183	-0.349069	0.401428	-0.000284807
20920	4.184	-0.349069	0.401428	-0.000284782
20925	4.185	-0.349069	0.401428	-0.000284749
20930	4.186	-0.349069	0.401428	-0.000284749
20935	4.187	-0.349069	0.401428	-0.000284729
20940	4.188	-0.349069	0.401428	-0.000284613
20945	4.189	-0.349069	0.401428	-0.000284657
20950	4.19	-0.349069	0.401428	-0.000284734
20955	4.191	-0.349069	0.401428	-0.000284779
20960	4.192	-0.349069	0.401428	-0.000284813
20965	4.193	-0.349069	0.401428	-0.000284817
20970	4.194	-0.349069	0.401428	-0.000284807
20975	4.195	-0.349069	0.401428	-0.000284782
20980	4.196	-0.349069	0.401428	-0.000284749
20985	4.197	-0.349069	0.401428	-0.000284749
20990	4.198	-0.349069	0.401428	-0.000284729
20995	4.199	-0.349069	0.401428	-0.000284613
21000	4.2	-0.349069	0.401428	-0.000284657
21005	4.201	-0.349069	0.401428	-0.000284734
21010	4.202	-0.349069	0.401428	-0.000284779
21015	4.203	-0.349069	0.401428	-0.000284813
21020	4.204	-0.349069	0.401428	-0.000284817
21025	4.205	-0.349069	0.401428	-0.000284807
21030	4.206	-0.349069	0.401428	-0.000284782
21035	4.207	-0.349069	0.401428	-0.000284749
21040	4.208	-0.349069	0.401428	-0.000284749
21045	4.209	-0.349069	0.401428	-0.000284729
21050	4.21	-0.349069	0.401428	-0.000284613
21055	4.211	-0.349069	0.401428	-0.000284657
21060	4.212	-0.349069	0.401428	-0.000284734
21065	4.213	-0.349069	0.401428	-0.000284779
21070	4.214	-0.349069	0.401428	-0.000284813
21075	4.215	-0.349069	0.401428	-0.000284817
21080	4.216	-0.349069	0.401428	-0.000284807
21085	4.217	-0.349069	0.401428	-0.000284782
21090	4.218	-0.349069	0.401428	-0.000284749
21095	4.219	-0.349069	0.401428	-0.000284749
21100	4.22	-0.349069	0.401428	-0.000284729
21105	4.221	-0.349069	0.401428	-0.000284613
21110	4.222	-0.349069	0.401428	-0.000284657
21115	4.223	-0.349069	0.401428	-0.000284734
21120	4.224	-0.349069	0.401428	-0.000284779
21125	4.225	-0.349069	0.401428	-0.000284813
21130	4.226	-0.349069	0.401428	-0.000284817
21135	4.227	-0.349069	0.401428	-0.000284807
21140	4.228	-0.349069	0.401428	-0.000284782
21145	4.229	-0.349069	0.401428	-0.000284749
21150	4.23	-0.349069	0.401428	-0.000284749
21155	4.231	-0.349069	0.401428	-0.000284729
21160	4.232	-0.349069	0.401428	-0.000284613
21165	4.233	-0.349069	0.401428	-0.000284657
21170	4.234	-0.349069	0.401428	-0.000284734
21175	4.235	-0.349069	0.401428	-0.000284779
21180	4.236	-0.349069	0.401428	-0.000284813
21185	4.237	-0.349069	0.401428	-0.000284817
21190	4.238	-0.349069	0.401428	-0.000284807
21195	4.239	-0.349069	0.401428	-0.000284782
21200	4.24	-0.349069	0.401428	-0.000284749
21205	4.241	-0.349069	0.401428	-0.000284749
21210	4.242	-0.349069	0.401428	-0.000284729
21215	4.243	-0.349069	0.401428	-0.000284613
21220	4.244	-0.349069	0.401428	-0.000284657
21225	4.245	-0.349069	0.401428	-0.000284734
21230	4.246	-0.349069	0.401428	-0.000284779
21235	4.247	-0.349069	0.401428	-0.000284813
21240	4.248	-0.349069	0.401428	-0.000284817
21245	4.249	-0.349069	0.401428	-0.000284807
21250	4.25	-0.349069	0.401428	-0.000284782
21255	4.251	-0.349069	0.401428	-0.000284749
21260	4.252	-0.349069	0.401428	-0.000284749
21265	4.253	-0.349069	0.401428	-0.000284729
21270	4.254	-0.349069	0.401428	-0.000284613
21275	4.255	-0.349069	0.401428	-0.000284657
21280	4.256	-0.349069	0.401428	-0.000284734
21285	4.257	-0.349069	0.401428	-0.000284779
21290	4.258	-0.349069	0.401428	-0.000284813
21295	4.259	-0.349069	0.401428	-0.000284817
21300	4.26	-0.349069	0.401428	-0.000284807
21305	4.261	-0.349069	0.401428	-0.000284782
21310	4.262	-0.349069	0.401428	-0.000284749
21315	4.263	-0.349069	0.401428	-0.000284749
21320	4.264	-0.349069	0.401428	-0.000284729
21325	4.265	-0.349069	0.401428	-0.000284613
21330	4.266	-0.349069	0.401428	-0.000284657
21335	4.267	-0.349069	0.401428	-0.000284734
21340	4.268	-0.349069	0.401428	-0.000284779
21345	4.269	-0.349069	0.401428	-0.000284813
21350	4.27	-0.349069	0.401428	-0.000284817
21355	4.271	-0.349069	0.401428	-0.000284807
21360	4.272	-0.349069	0.401428	-0.000284782
21365	4.273	-0.349069	0.401428	-0.000284749
21370	4.274	-0.349069	0.401428	-0.000284749
21375	4.275	-0.349069	0.401428	-0.000284729
21380	4.276	-0.349069	0.401428	-0.000284613
21385	4.277	-0.349069	0.401428	-0.000284657
21390	4.278	-0.349069	0.401428	-0.000284734
21395	4.279	-0.349069	0.401428	-0.000284779
21400	4.28	-0.349069	0.401428	-0.000284813
21405	4.281	-0.349069	0.401428	-0.000284817
21410	4.282	-0.349069	0.401428	-0.000284807
21415	4.283	-0.349069	0.401428	-0.000284782
21420	4.284	-0.349069	0.401428	-0.000284749
21425	4.285	-0.349069	0.401428	-0.000284749
21430	4.286	-0.349069	0.401428	-0.000284729
21435	4.287	-0.349069	0.401428	-0.000284613
21440	4.288	-0.349069	0.401428	-0.000284657
21445	4.289	-0.349069	0.401428	-0.000284734
21450	4.29	-0.349069	0.401428	-0.000284779
21455	4.291	-0.349069	0.401428	-0.000284813
21460	4.292	-0.349069	0.401428	-0.000284817
21465	4.293	-0.349069	0.401428	-0.000284807
21470	4.294	-0.349069	0.401428	-0.000284782
21475	4.295	-0.349069	0.401428	-0.000284749
21480	4.296	-0.349069	0.401428	-0.000284749
21485	4.297	-0.349069	0.401428	-0.000284729
21490	4.298	-0.349069	0.401428	-0.000284613
21495	4.299	-0.349069	0.401428	-0.000284657
21500	4.3	-0.349069	0.401428	-0.000284734
21505	4.301	-0.349069	0.401428	-0.000284779
21510	4.302	-0.349069	0.401428	-0.000284813
21515	4.303	-0.349069	0.401428	-0.000284817
21520	4.304	-0.349069	0.401428	-0.000284807
21525	4.305	-0.349069	0.401428	-0.000284782
21530	4.306	-0.349069	0.401428	-0.000284749
21535	4.307	-0.349069	0.401428	-0.000284749
21540	4.308	-0.349069	0.401428	-0.000284729
21545	4.309	-0.349069	0.401428	-0.000284613
21550	4.31	-0.349069	0.401428	-0.000284657
21555	4.311	-0.349069	0.401428	-0.000284734
21560	4.312	-0.349069	0.401428	-0.000284779
21565	4.313	-0.349069	0.401428	-0.000284813
21570	4.314	-0.349069	0.401428	-0.000284817
21575	4.315	-0.349069	0.401428	-0.000284807
21580	4.316	-0.349069	0.401428	-0.000284782
21585	4.317	-0.349069	0.401428	-0.000284749
21590	4.318	-0.349069	0.401428	-0.000284749
21595	4.319	-0.349069	0.401428	-0.000284729
21600	4.32	-0.349069	0.401428	-0.000284613
21605	4.321	-0.349069	0.401428	-0.000284657
21610	4.322	-0.349069	0.401428	-0.000284734
21615	4.323	-0.349069	0.401428	-0.000284779
21620	4.324	-0.349069	0.401428	-0.000284813
21625	4.325	-0.349069	0.401428	-0.000284817
21630	4.326	-0.349069	0.401428	-0.000284807
21635	4.327	-0.349069	0.401428	-0.000284782
21640	4.328	-0.349069	0.401428	-0.000284749
21645	4.329	-0.349069	0.401428	-0.000284749
21650	4.33	-0.349069	0.401428	-0.000284729
21655	4.331	-0.349069	0.401428	-0.000284613
21660	4.332	-0.349069	0.401428	-0.000284657
21665	4.333	-0.349069	0.401428	-0.000284734
21670	4.334	-0.349069	0.401428	-0.000284779
21675	4.335	-0.349069	0.401428	-0.000284813
21680	4.336	-0.349069	0.401428	-0.000284817
21685	4.337	-0.349069	0.401428	-0.000284807
21690	4.338	-0.349069	0.401428	-0.000284782
21695	4.339	-0.349069	0.401428	-0.000284749
21700	4.34	-0.349069	0.401428	-0.000284749
21705	4.341	-0.349069	0.401428	-0.000284729
21710	4.342	-0.349069	0.401428	-0.000284613
21715	4.343	-0.349069	0.401428	-0.000284657
21720	4.344	-0.349069	0.401428	-0.000284734
21725	4.345	-0.349069	0.401428	-0.000284779
21730	4.346	-0.349069	0.401428	-0.000284813
21735	4.347	-0.349069	0.401428	-0.000284817
21740	4.348	-0.349069	0.401428	-0.000284807
21745	4.349	-0.349069	0.401428	-0.000284782
21750	4.35	-0.349069	0.401428	-0.000284749
21755	4.351	-0.349069	0.401428	-0.000284749
21760	4.352	-0.349069	0.401428	-0.000284729
21765	4.353	-0.349069	0.401428	-0.000284613
21770	4.354	-0.349069	0.401428	-0.000284657
21775	4.355	-0.349069	0.401428	-0.000284734
21780	4.356	-0.349069	0.401428	-0.000284779
21785	4.357	-0.349069	0.401428	-0.000284813
21790	4.358	-0.349069	0.401428	-0.000284817
21795	4.359	-0.349069	0.401428	-0.000284807
21800	4.36	-0.349069	0.401428	-0.000284782
21805	4.361	-0.349069	0.401428	-0.000284749
21810	4.362	-0.349069	0.401428	-0.000284749
21815	4.363	-0.349069	0.401428	-0.000284729
21820	4.364	-0.349069	0.401428	-0.000284613
21825	4.365	-0.349069	0.401428	-0.000284657
21830	4.366	-0.349069	0.401428	-0.000284734
21835	4.367	-0.349069	0.401428	-0.000284779
21840	4.368	-0.349069	0.401428	-0.000284813
21845	4.369	-0.349069	0.401428	-0.000284817
21850	4.37	-0.349069	0.401428	-0.000284807
21855	4.371	-0.349069	0.401428	-0.000284782
21860	4.372	-0.349069	0.401428	-0.000284749
21865	4.373	-0.349069	0.401428	-0.000284749
21870	4.374	-0.349069	0.401428	-0.000284729
21875	4.375	-0.349069	0.401428	-0.000284613
21880	4.376	-0.349069	0.401428	-0.000284657
21885	4.377	-0.349069	0.401428	-0.000284734
21890	4.378	-0.349069	0.401428	-0.000284779
21895	4.379	-0.349069	0.401428	-0.000284813
21900	4.38	-0.349069	0.401428	-0.000284817
21905	4.381	-0.349069	0.401428	-0.000284807
21910	4.382	-0.349069	0.401428	-0.000284782
21915	4.383	-0.349069	0.401428	-0.000284749
21920	4.384	-0.349069	0.401428	-0.000284749
21925	4.385	-0.349069	0.401428	-0.000284729
21930	4.386	-0.349069	0.401428	-0.000284613
21935	4.387	-0.349069	0.401428	-0.000284657
21940	4.388	-0.349069	0.401428	-0.000284734
21945	4.389	-0.349069	0.401428	-0.000284779
21950	4.39	-0.349069	0.401428	-0.000284813
21955	4.391	-0.349069	0.401428	-0.000284817
21960	4.392	-0.349069	0.401428	-0.000284807
21965	4.393	-0.349069	0.401428	-0.000284782
21970	4.394	-0.349069	0.401428	-0.000284749
21975	4.395	-0.349069	0.401428	-0.000284749
21980	4.396	-0.349069	0.401428	-0.000284729
21985	4.397	-0.349069	0.401428	-0.000284613
21990	4.398	-0.349069	0.401428	-0.000284657
21995	4.399	-0.349069	0.401428	-0.000284734
22000	4.4	-0.349069	0.401428	-0.000284779
22005	4.401	-0.349069	0.401428	-0.000284813
22010	4.402	-0.349069	0.401428	-0.000284817
22015	4.403	-0.349069	0.401428	-0.000284807
22020	4.404	-0.349069	0.401428	-0.000284782
22025	4.405	-0.349069	0.401428	-0.000284749
22030	4.406	-0.349069	0.401428	-0.000284749
22035	4.407	-0.349069	0.401428	-0.000284729
22040	4.408	-0.349069	0.401428	-0.000284613
22045	4.409	-0.349069	0.401428	-0.000284657
22050	4.41	-0.349069	0.401428	-0.000284734
22055	4.411	-0.349069	0.401428	-0.000284779
22060	4.412	-0.349069	0.401428	-0.000284813
22065	4.413	-0.349069	0.401428	-0.000284817
22070	4.414	-0.349069	0.401428	-0.000284807
22075	4.415	-0.349069	0.401428	-0.000284782
22080	4.416	-0.349069	0.401428	-0.000284749
22085	4.417	-0.349069	0.401428	-0.000284749
22090	4.418	-0.349069	0.401428	-0.000284729
22095	4.419	-0.349069	0.401428	-0.000284613
22100	4.42	-0.349069	0.401428	-0.000284657
22105	4.421	-0.349069	0.401428	-0.000284734
22110	4.422	-0.349069	0.401428	-0.000284779
22115	4.423	-0.349069	0.401428	-0.000284813
22120	4.424	-0.349069	0.401428	-0.000284817
22125	4.425	-0.349069	0.401428	-0.000284807
22130	4.426	-0.349069	0.401428	-0.000284782
22135	4.427	-0.349069	0.401428	-0.000284749
22140	4.428	-0.349069	0.401428	-0.000284749
22145	4.429	-0.349069	0.401428	-0.000284729
22150	4.43	-0.349069	0.401428	-0.000284613
22155	4.431	-0.349069	0.401428	-0.000284657
22160	4.432	-0.349069	0.401428	-0.000284734
22165	4.433	-0.349069	0.401428	-0.000284779
22170	4.434	-0.349069	0.401428	-0.000284813
22175	4.435	-0.349069	0.401428	-0.000284817
22180	4.436	-0.349069	0.401428	-0.000284807
22185	4.437	-0.349069	0.401428	-0.000284782
22190	4.438	-0.349069	0.401428	-0.000284749
22195	4.439	-0.349069	0.401428	-0.000284749
22200	4.44	-0.349069	0.401428	-0.000284729
22205	4.441	-0.349069	0.401428	-0.000284613
22210	4.442	-0.349069	0.401428	-0.000284657
22215	4.443	-0.349069	0.401428	-0.000284734
22220	4.444	-0.349069	0.401428	-0.000284779
22225	4.445	-0.349069	0.401428	-0.000284813
22230	4.446	-0.349069	0.401428	-0.000284817
22235	4.447	-0.349069	0.401428	-0.000284807
22240	4.448	-0.349069	0.401428	-0.000284782
22245	4.449	-0.349069	0.401428	-0.000284749
22250	4.45	-0.349069	0.401428	-0.000284749
22255	4.451	-0.349069	0.401428	-0.000284729
22260	4.452	-0.349069	0.401428	-0.000284613
22265	4.453	-0.349069	0.401428	-0.000284657
22270	4.454	-0.349069	0.401428	-0.000284734
22275	4.455	-0.349069	0.401428	-0.000284779
22280	4.456	-0.349069	0.401428	-0.000284813
22285	4.457	-0.349069	0.401428	-0.000284817
22290	4.458	-0.349069	0.401428	-0.000284807
22295	4.459	-0.349069	0.401428	-0.000284782
22300	4.46	-0.349069	0.401428	-0.000284749
22305	4.461	-0.349069	0.401428	-0.000284749
22310	4.462	-0.349069	0.401428	-0.000284729
22315	4.463	-0.349069	0.401428	-0.000284613
22320	4.464	-0.349069	0.401428	-0.000284657
22325	4.465	-0.349069	0.401428	-0.000284734
22330	4.466	-0.349069	0.401428	-0.000284779
22335	4.467	-0.349069	0.401428	-0.000284813
22340	4.468	-0.349069	0.401428	-0.000284817
22345	4.469	-0.349069	0.401428	-0.000284807
22350	4.47	-0.349069	0.401428	-0.000284782
22355	4.471	-0.349069	0.401428	-0.000284749
22360	4.472	-0.349069	0.401428	-0.000284749
22365	4.473	-0.349069	0.401428	-0.000284729
22370	4.474	-0.349069	0.401428	-0.000284613
22375	4.475	-0.349069	0.401428	-0.000284657
22380	4.476	-0.349069	0.401428	-0.000284734
22385	4.477	-0.349069	0.401428	-0.000284779
22390	4.478	-0.349069	0.401428	-0.000284813
22395	4.479	-0.349069	0.401428	-0.000284817
22400	4.48	-0.349069	0.401428	-0.000284807
22405	4.481	-0.349069	0.401428	-0.000284782
22410	4.482	-0.349069	0.401428	-0.000284749
22415	4.483	-0.349069	0.401428	-0.000284749
22420	4.484	-0.349069	0.401428	-0.000284729
22425	4.485	-0.349069	0.401428	-0.000284613
22430	4.486	-0.349069	0.401428	-0.000284657
22435	4.487	-0.349069	0.401428	-0.000284734
22440	4.488	-0.349069	0.401428	-0.000284779
22445	4.489	-0.349069	0.401428	-0.000284813
22450	4.49	-0.349069	0.401428	-0.000284817
22455	4.491	-0.349069	0.401428	-0.000284807
22460	4.492	-0.349069	0.401428	-0.000284782
22465	4.493	-0.349069	0.401428	-0.000284749
22470	4.494	-0.349069	0.401428	-0.000284749
22475	4.495	-0.349069	0.401428	-0.000284729
22480	4.496	-0.349069	0.401428	-0.000284613
22485	4.497	-0.349069	0.401428	-0.000284657
22490	4.498	-0.349069	0.401428	-0.000284734
22495	4.499	-0.349069	0.401428	-0.000284779
22500	4.5	-0.349069	0.401428	-0.000284813
22505	4.501	-0.349069	0.401428	-0.000284817
22510	4.502	-0.349069	0.401428	-0.000284807
22515	4.503	-0.349069	0.401428	-0.000284782
22520	4.504	-0.349069	0.401428	-0.000284749
22525	4.505	-0.349069	0.401428	-0.000284749
22530	4.506	-0.349069	0.401428	-0.000284729
22535	4.507	-0.349069	0.401428	-0.000284613
22540	4.508	-0.349069	0.401428	-0.000284657
22545	4.509	-0.349069	0.401428	-0.000284734
22550	4.51	-0.349069	0.401428	-0.000284779
22555	4.511	-0.349069	0.401428	-0.000284813
22560	4.512	-0.349069	0.401428	-0.000284817
22565	4.513	-0.349069	0.401428	-0.000284807
22570	4.514	-0.349069	0.401428	-0.000284782
22575	4.515	-0.349069	0.401428	-0.000284749
22580	4.516	-0.349069	0.401428	-0.000284749
22585	4.517	-0.349069	0.401428	-0.000284729
22590	4.518	-0.349069	0.401428	-0.000284613
22595	4.519	-0.349069	0.401428	-0.000284657
22600	4.52	-0.349069	0.401428	-0.000284734
22605	4.521	-0.349069	0.401428	-0.000284779
22610	4.522	-0.349069	0.401428	-0.000284813
22615	4.523	-0.349069	0.401428	-0.000284817
22620	4.524	-0.349069	0.401428	-0.000284807
22625	4.525	-0.349069	0.401428	-0.000284782
22630	4.526	-0.349069	0.401428	-0.000284749
22635	4.527	-0.349069	0.401428	-0.000284749
22640	4.528	-0.349069	0.401428	-0.000284729
22645	4.529	-0.349069	0.401428	-0.000284613
22650	4.53	-0.349069	0.401428	-0.000284657
22655	4.531	-0.349069	0.401428	-0.000284734
22660	4.532	-0.349069	0.401428	-0.000284779
22665	4.533	-0.349069	0.401428	-0.000284813
22670	4.534	-0.349069	0.401428	-0.000284817
22675	4.535	-0.349069	0.401428	-0.000284807
22680	4.536	-0.349069	0.401428	-0.000284782
22685	4.537	-0.349069	0.401428	-0.000284749
22690	4.538	-0.349069	0.401428	-0.000284749
22695	4.539	-0.349069	0.401428	-0.000284729
22700	4.54	-0.349069	0.401428	-0.000284613
22705	4.541	-0.349069	0.401428	-0.000284657
22710	4.542	-0.349069	0.401428	-0.000284734
22715	4.543	-0.349069	0.401428	-0.000284779
22720	4.544	-0.349069	0.401428	-0.000284813
22725	4.545	-0.349069	0.401428	-0.000284817
22730	4.546	-0.349069	0.401428	-0.000284807
22735	4.547	-0.349069	0.401428	-0.000284782
22740	4.548	-0.349069	0.401428	-0.000284749
22745	4.549	-0.349069	0.401428	-0.000284749
22750	4.55	-0.349069	0.401428	-0.000284729
22755	4.551	-0.349069	0.401428	-0.000284613
22760	4.552	-0.349069	0.401428	-0.000284657
22765	4.553	-0.349069	0.401428	-0.000284734
22770	4.554	-0.349069	0.401428	-0.000284779
22775	4.555	-0.349069	0.401428	-0.000284813
22780	4.556	-0.349069	0.401428	-0.000284817
22785	4.557	-0.349069	0.401428	-0.000284807
22790	4.558	-0.349069	0.401428	-0.000284782
22795	4.559	-0.349069	0.401428	-0.000284749
22800	4.56	-0.349069	0.401428	-0.000284749
22805	4.561	-0.349069	0.401428	-0.000284729
22810	4.562	-0.349069	0.401428	-0.000284613
22815	4.563	-0.349069	0.401428	-0.000284657
22820	4.564	-0.349069	0.401428	-0.000284734
22825	4.565	-0.349069	0.401428	-0.000284779
22830	4.566	-0.349069	0.401428	-0.000284813
22835	4.567	-0.349069	0.401428	-0.000284817
22840	4.568	-0.349069	0.401428	-0.000284807
22845	4.569	-0.349069	0.401428	-0.000284782
22850	4.57	-0.349069	0.401428	-0.000284749
22855	4.571	-0.349069	0.401428	-0.000284749
22860	4.572	-0.349069	0.401428	-0.000284729
22865	4.573	-0.349069	0.401428	-0.000284613
22870	4.574	-0.349069	0.401428	-0.000284657
22875	4.575	-0.349069	0.401428	-0.000284734
22880	4.576	-0.349069	0.401428	-0.000284779
22885	4.577	-0.349069	0.401428	-0.000284813
22890	4.578	-0.349069	0.401428	-0.000284817
22895	4.579	-0.349069	0.401428	-0.000284807
22900	4.58	-0.349069	0.401428	-0.000284782
22905	4.581	-0.349069	0.401428	-0.000284749
22910	4.582	-0.349069	0.401428	-0.000284749
22915	4.583	-0.349069	0.401428	-0.000284729
22920	4.584	-0.349069	0.401428	-0.000284613
22925	4.585	-0.349069	0.401428	-0.000284657
22930	4.586	-0.349069	0.401428	-0.000284734
22935	4.587	-0.349069	0.401428	-0.000284779
22940	4.588	-0.349069	0.401428	-0.000284813
22945	4.589	-0.349069	0.401428	-0.000284817
22950	4.59	-0.349069	0.401428	-0.000284807
22955	4.591	-0.349069	0.401428	-0.000284782
22960	4.592	-0.349069	0.401428	-0.000284749
22965	4.593	-0.349069	0.401428	-0.000284749
22970	4.594	-0.349069	0.401428	-0.000284729
22975	4.595	-0.349069	0.401428	-0.000284613
22980	4.596	-0.349069	0.401428	-0.000284657
22985	4.597	-0.349069	0.401428	-0.000284734
22990	4.598	-0.349069	0.401428	-0.000284779
22995	4.599	-0.349069	0.401428	-0.000284813
23000	4.6	-0.349069	0.401428	-0.000284817
23005	4.601	-0.349069	0.401428	-0.000284807
23010	4.602	-0.349069	0.401428	-0.000284782
23015	4.603	-0.349069	0.401428	-0.000284749
23020	4.604	-0.349069	0.401428	-0.000284749
23025	4.605	-0.349069	0.401428	-0.000284729
23030	4.606	-0.349069	0.401428	-0.000284613
23035	4.607	-0.349069	0.401428	-0.000284657
23040	4.608	-0.349069	0.401428	-0.000284734
23045	4.609	-0.349069	0.401428	-0.000284779
23050	4.61	-0.349069	0.401428	-0.000284813
23055	4.611	-0.349069	0.401428	-0.000284817
23060	4.612	-0.349069	0.401428	-0.000284807
23065	4.613	-0.349069	0.401428	-0.000284782
23070	4.614	-0.349069	0.401428	-0.000284749
23075	4.615	-0.349069	0.401428	-0.000284749
23080	4.616	-0.349069	0.401428	-0.000284729
23085	4.617	-0.349069	0.401428	-0.000284613
23090	4.618	-0.349069	0.401428	-0.000284657
23095	4.619	-0.349069	0.401428	-0.000284734
23100	4.62	-0.349069	0.401428	-0.000284779
23105	4.621	-0.349069	0.401428	-0.000284813
23110	4.622	-0.349069	0.401428	-0.000284817
23115	4.623	-0.349069	0.401428	-0.000284807
23120	4.624	-0.349069	0.401428	-0.000284782
23125	4.625	-0.349069	0.401428	-0.000284749
23130	4.626	-0.349069	0.401428	-0.000284749
23135	4.627	-0.349069	0.401428	-0.000284729
23140	4.628	-0.349069	0.401428	-0.000284613
23145	4.629	-0.349069	0.401428	-0.000284657
23150	4.63	-0.349069	0.401428	-0.000284734
23155	4.631	-0.349069	0.401428	-0.000284779
23160	4.632	-0.349069	0.401428	-0.000284813
23165	4.633	-0.349069	0.401428	-0.000284817
23170	4.634	-0.349069	0.401428	-0.000284807
23175	4.635	-0.349069	0.401428	-0.000284782
23180	4.636	-0.349069	0.401428	-0.000284749
23185	4.637	-0.349069	0.401428	-0.000284749
23190	4.638	-0.349069	0.401428	-0.000284729
23195	4.639	-0.349069	0.401428	-0.000284613
23200	4.64	-0.349069	0.401428	-0.000284657
23205	4.641	-0.349069	0.401428	-0.000284734
23210	4.642	-0.349069	0.401428	-0.000284779
23215	4.643	-0.349069	0.401428	-0.000284813
23220	4.644	-0.349069	0.401428	-0.000284817
23225	4.645	-0.349069	0.401428	-0.000284807
23230	4.646	-0.349069	0.401428	-0.000284782
23235	4.647	-0.349069	0.401428	-0.000284749
23240	4.648	-0.349069	0.401428	-0.000284749
23245	4.649	-0.349069	0.401428	-0.000284729
23250	4.65	-0.349069	0.401428	-0.000284613
23255	4.651	-0.349069	0.401428	-0.000284657
23260	4.652	-0.349069	0.401428	-0.000284734
23265	4.653	-0.349069	0.401428	-0.000284779
23270	4.654	-0.349069	0.401428	-0.000284813
23275	4.655	-0.349069	0.401428	-0.000284817
23280	4.656	-0.349069	0.401428	-0.000284807
23285	4.657	-0.349069	0.401428	-0.000284782
23290	4.658	-0.349069	0.401428	-0.000284749
23295	4.659	-0.349069	0.401428	-0.000284749
23300	4.66	-0.349069	0.401428	-0.000284729
23305	4.661	-0.349069	0.401428	-0.000284613
23310	4.662	-0.349069	0.401428	-0.000284657
23315	4.663	-0.349069	0.401428	-0.000284734
23320	4.664	-0.349069	0.401428	-0.000284779
23325	4.665	-0.349069	0.401428	-0.000284813
23330	4.666	-0.349069	0.401428	-0.000284817
23335	4.667	-0.349069	0.401428	-0.000284807
23340	4.668	-0.349069	0.401428	-0.000284782
23345	4.669	-0.349069	0.401428	-0.000284749
23350	4.67	-0.349069	0.401428	-0.000284749
23355	4.671	-0.349069	0.401428	-0.000284729
23360	4.672	-0.349069	0.401428	-0.000284613
23365	4.673	-0.349069	0.401428	-0.000284657
23370	4.674	-0.349069	0.401428	-0.000284734
23375	4.675	-0.349069	0.401428	-0.000284779
23380	4.676	-0.349069	0.401428	-0.000284813
23385	4.677	-0.349069	0.401428	-0.000284817
23390	4.678	-0.349069	0.401428	-0.000284807
23395	4.679	-0.349069	0.401428	-0.000284782
23400	4.68	-0.349069	0.401428	-0.000284749
23405	4.681	-0.349069	0.401428	-0.000284749
23410	4.682	-0.349069	0.401428	-0.000284729
23415	4.683	-0.349069	0.401428	-0.000284613
23420	4.684	-0.349069	0.401428	-0.000284657
23425	4.685	-0.349069	0.401428	-0.000284734
23430	4.686	-0.349069	0.401428	-0.000284779
23435	4.687	-0.349069	0.401428	-0.000284813
23440	4.688	-0.349069	0.401428	-0.000284817
23445	4.689	-0.349069	0.401428	-0.000284807
23450	4.69	-0.349069	0.401428	-0.000284782
23455	4.691	-0.349069	0.401428	-0.000284749
23460	4.692	-0.349069	0.401428	-0.000284749
23465	4.693	-0.349069	0.401428	-0.000284729
23470	4.694	-0.349069	0.401428	-0.000284613
23475	4.695	-0.349069	0.401428	-0.000284657
23480	4.696	-0.349069	0.401428	-0.000284734
23485	4.697	-0.349069	0.401428	-0.000284779
23490	4.698	-0.349069	0.401428	-0.000284813
23495	4.699	-0.349069	0.401428	-0.000284817
23500	4.7	-0.349069	0.401428	-0.000284807
23505	4.701	-0.349069	0.401428	-0.000284782
23510	4.702	-0.349069	0.401428	-0.000284749
23515	4.703	-0.349069	0.401428	-0.000284749
23520	4.704	-0.349069	0.401428	-0.000284729
23525	4.705	-0.349069	0.401428	-0.000284613
23530	4.706	-0.349069	0.401428	-0.000284657
23535	4.707	-0.349069	0.401428	-0.000284734
23540	4.708	-0.349069	0.401428	-0.000284779
23545	4.709	-0.349069	0.401428	-0.000284813
23550	4.71	-0.349069	0.401428	-0.000284817
23555	4.711	-0.349069	0.401428	-0.000284807
23560	4.712	-0.349069	0.401428	-0.000284782
23565	4.713	-0.349069	0.401428	-0.000284749
23570	4.714	-0.349069	0.401428	-0.000284749
23575	4.715	-0.349069	0.401428	-0.000284729
23580	4.716	-0.349069	0.401428	-0.000284613
23585	4.717	-0.349069	0.401428	-0.000284657
23590	4.718	-0.349069	0.401428	-0.000284734
23595	4.719	-0.349069	0.401428	-0.000284779
23600	4.72	-0.349069	0.401428	-0.000284813
23605	4.721	-0.349069	0.401428	-0.000284817
23610	4.722	-0.349069	0.401428	-0.000284807
23615	4.723	-0.349069	0.401428	-0.000284782
23620	4.724	-0.349069	0.401428	-0.000284749
23625	4.725	-0.349069	0.401428	-0.000284749
23630	4.726	-0.349069	0.401428	-0.000284729
23635	4.727	-0.349069	0.401428	-0.000284613
23640	4.728	-0.349069	0.401428	-0.000284657
23645	4.729	-0.349069	0.401428	-0.000284734
23650	4.73	-0.349069	0.401428	-0.000284779
23655	4.731	-0.349069	0.401428	-0.000284813
23660	4.732	-0.349069	0.401428	-0.000284817
23665	4.733	-0.349069	0.401428	-0.000284807
23670	4.734	-0.349069	0.401428	-0.000284782
23675	4.735	-0.349069	0.401428	-0.000284749
23680	4.736	-0.349069	0.401428	-0.000284749
23685	4.737	-0.349069	0.401428	-0.000284729
23690	4.738	-0.349069	0.401428	-0.000284613
23695	4.739	-0.349069	0.401428	-0.000284657
23700	4.74	-0.349069	0.401428	-0.000284734
23705	4.741	-0.349069	0.401428	-0.000284779
23710	4.742	-0.349069	0.401428	-0.000284813
23715	4.743	-0.349069	0.401428	-0.000284817
23720	4.744	-0.349069	0.401428	-0.000284807
23725	4.745	-0.349069	0.401428	-0.000284782
23730	4.746	-0.349069	0.401428	-0.000284749
23735	4.747	-0.349069	0.401428	-0.000284749
23740	4.748	-0.349069	0.401428	-0.000284729
23745	4.749	-0.349069	0.401428	-0.000284613
23750	4.75	-0.349069	0.401428	-0.000284657
23755	4.751	-0.349069	0.401428	-0.000284734
23760	4.752	-0.349069	0.401428	-0.000284779
23765	4.753	-0.349069	0.401428	-0.000284813
23770	4.754	-0.349069	0.401428	-0.000284817
23775	4.755	-0.349069	0.401428	-0.000284807
23780	4.756	-0.349069	0.401428	-0.000284782
23785	4.757	-0.349069	0.401428	-0.000284749
23790	4.758	-0.349069	0.401428	-0.000284749
23795	4.759	-0.349069	0.401428	-0.000284729
23800	4.76	-0.349069	0.401428	-0.000284613
23805	4.761	-0.349069	0.401428	-0.000284657
23810	4.762	-0.349069	0.401428	-0.000284734
23815	4.763	-0.349069	0.401428	-0.000284779
23820	4.764	-0.349069	0.401428	-0.000284813
23825	4.765	-0.349069	0.401428	-0.000284817
23830	4.766	-0.349069	0.401428	-0.000284807
23835	4.767	-0.349069	0.401428	-0.000284782
23840	4.768	-0.349069	0.401428	-0.000284749
23845	4.769	-0.349069	0.401428	-0.000284749
23850	4.77	-0.349069	0.401428	-0.000284729
23855	4.771	-0.349069	0.401428	-0.000284613
23860	4.772	-0.349069	0.401428	-0.000284657
23865	4.773	-0.349069	0.401428	-0.000284734
23870	4.774	-0.349069	0.401428	-0.000284779
23875	4.775	-0.349069	0.401428	-0.000284813
23880	4.776	-0.349069	0.401428	-0.000284817
23885	4.777	-0.349069	0.401428	-0.000284807
23890	4.778	-0.349069	0.401428	-0.000284782
23895	4.779	-0.349069	0.401428	-0.000284749
23900	4.78	-0.349069	0.401428	-0.000284749
23905	4.781	-0.349069	0.401428	-0.000284729
23910	4.782	-0.349069	0.401428	-0.000284613
23915	4.783	-0.349069	0.401428	-0.000284657
23920	4.784	-0.349069	0.401428	-0.000284734
23925	4.785	-0.349069	0.401428	-0.000284779
23930	4.786	-0.349069	0.401428	-0.000284813
23935	4.787	-0.349069	0.401428	-0.000284817
23940	4.788	-0.349069	0.401428	-0.000284807
23945	4.789	-0.349069	0.401428	-0.000284782
23950	4.79	-0.349069	0.401428	-0.000284749
23955	4.791	-0.349069	0.401428	-0.000284749
23960	4.792	-0.349069	0.401428	-0.000284729
23965	4.793	-0.349069	0.401428	-0.000284613
23970	4.794	-0.349069	0.401428	-0.000284657
23975	4.795	-0.349069	0.401428	-0.000284734
23980	4.796	-0.349069	0.401428	-0.000284779
23985	4.797	-0.349069	0.401428	-0.000284813
23990	4.798	-0.349069	0.401428	-0.000284817
23995	4.799	-0.349069	0.401428	-0.000284807
24000	4.8	-0.349069	0.401428	-0.000284782
24005	4.801	-0.349069	0.401428	-0.000284749
24010	4.802	-0.349069	0.401428	-0.000284749
24015	4.803	-0.349069	0.401428	-0.000284729
24020	4.804	-0.349069	0.401428	-0.000284613
24025	4.805	-0.349069	0.401428	-0.000284657
24030	4.806	-0.349069	0.401428	-0.000284734
24035	4.807	-0.349069	0.401428	-0.000284779
24040	4.808	-0.349069	0.401428	-0.000284813
24045	4.809	-0.349069	0.401428	-0.000284817
24050	4.81	-0.349069	0.401428	-0.000284807
24055	4.811	-0.349069	0.401428	-0.000284782
24060	4.812	-0.349069	0.401428	-0.000284749
24065	4.813	-0.349069	0.401428	-0.000284749
24070	4.814	-0.349069	0.401428	-0.000284729
24075	4.815	-0.349069	0.401428	-0.000284613
24080	4.816	-0.349069	0.401428	-0.000284657
24085	4.817	-0.349069	0.401428	-0.000284734
24090	4.818	-0.349069	0.401428	-0.000284779
24095	4.819	-0.349069	0.401428	-0.000284813
24100	4.82	-0.349069	0.401428	-0.000284817
24105	4.821	-0.349069	0.401428	-0.000284807
24110	4.822	-0.349069	0.401428	-0.000284782
24115	4.823	-0.349069	0.401428	-0.000284749
24120	4.824	-0.349069	0.401428	-0.000284749
24125	4.825	-0.349069	0.401428	-0.000284729
24130	4.826	-0.349069	0.401428	-0.000284613
24135	4.827	-0.349069	0.401428	-0.000284657
24140	4.828	-0.349069	0.401428	-0.000284734
24145	4.829	-0.349069	0.401428	-0.000284779
24150	4.83	-0.349069	0.401428	-0.000284813
24155	4.831	-0.349069	0.401428	-0.000284817
24160	4.832	-0.349069	0.401428	-0.000284807
24165	4.833	-0.349069	0.401428	-0.000284782
24170	4.834	-0.349069	0.401428	-0.000284749
24175	4.835	-0.349069	0.401428	-0.000284749
24180	4.836	-0.349069	0.401428	-0.000284729
24185	4.837	-0.349069	0.401428	-0.000284613
24190	4.838	-0.349069	0.401428	-0.000284657
24195	4.839	-0.349069	0.401428	-0.000284734
24200	4.84	-0.349069	0.401428	-0.000284779
24205	4.841	-0.349069	0.401428	-0.000284813
24210	4.842	-0.349069	0.401428	-0.000284817
24215	4.843	-0.349069	0.401428	-0.000284807
24220	4.844	-0.349069	0.401428	-0.000284782
24225	4.845	-0.349069	0.401428	-0.000284749
24230	4.846	-0.349069	0.401428	-0.000284749
24235	4.847	-0.349069	0.401428	-0.000284729
24240	4.848	-0.349069	0.401428	-0.000284613
24245	4.849	-0.349069	0.401428	-0.000284657
24250	4.85	-0.349069	0.401428	-0.000284734
24255	4.851	-0.349069	0.401428	-0.000284779
24260	4.852	-0.349069	0.401428	-0.000284813
24265	4.853	-0.349069	0.401428	-0.000284817
24270	4.854	-0.349069	0.401428	-0.000284807
24275	4.855	-0.349069	0.401428	-0.000284782
24280	4.856	-0.349069	0.401428	-0.000284749
24285	4.857	-0.349069	0.401428	-0.000284749
24290	4.858	-0.349069	0.401428	-0.000284729
24295	4.859	-0.349069	0.401428	-0.000284613
24300	4.86	-0.349069	0.401428	-0.000284657
24305	4.861	-0.349069	0.401428	-0.000284734
24310	4.862	-0.349069	0.401428	-0.000284779
24315	4.863	-0.349069	0.401428	-0.000284813
24320	4.864	-0.349069	0.401428	-0.000284817
24325	4.865	-0.349069	0.401428	-0.000284807
24330	4.866	-0.349069	0.401428	-0.000284782
24335	4.867	-0.349069	0.401428	-0.000284749
24340	4.868	-0.349069	0.401428	-0.000284749
24345	4.869	-0.349069	0.401428	-0.000284729
24350	4.87	-0.349069	0.401428	-0.000284613
24355	4.871	-0.349069	0.401428	-0.000284657
24360	4.872	-0.349069	0.401428	-0.000284734
24365	4.873	-0.349069	0.401428	-0.000284779
24370	4.874	-0.349069	0.401428	-0.000284813
24375	4.875	-0.349069	0.401428	-0.000284817
24380	4.876	-0.349069	0.401428	-0.000284807
24385	4.877	-0.349069	0.401428	-0.000284782
24390	4.878	-0.349069	0.401428	-0.000284749
24395	4.879	-0.349069	0.401428	-0.000284749
24400	4.88	-0.349069	0.401428	-0.000284729
24405	4.881	-0.349069	0.401428	-0.000284613
24410	4.882	-0.349069	0.401428	-0.000284657
24415	4.883	-0.349069	0.401428	-0.000284734
24420	4.884	-0.349069	0.401428	-0.000284779
24425	4.885	-0.349069	0.401428	-0.000284813
24430	4.886	-0.349069	0.401428	-0.000284817
24435	4.887	-0.349069	0.401428	-0.000284807
24440	4.888	-0.349069	0.401428	-0.000284782
24445	4.889	-0.349069	0.401428	-0.000284749
24450	4.89	-0.349069	0.401428	-0.000284749
24455	4.891	-0.349069	0.401428	-0.000284729
24460	4.892	-0.349069	0.401428	-0.000284613
24465	4.893	-0.349069	0.401428	-0.000284657
24470	4.894	-0.349069	0.401428	-0.000284734
24475	4.895	-0.349069	0.401428	-0.000284779
24480	4.896	-0.349069	0.401428	-0.000284813
24485	4.897	-0.349069	0.401428	-0.000284817
24490	4.898	-0.349069	0.401428	-0.000284807
24495	4.899	-0.349069	0.401428	-0.000284782
24500	4.9	-0.349069	0.401428	-0.000284749
24505	4.901	-0.349069	0.401428	-0.000284749
24510	4.902	-0.349069	0.401428	-0.000284729
24515	4.903	-0.349069	0.401428	-0.000284613
24520	4.904	-0.349069	0.401428	-0.000284657
24525	4.905	-0.349069	0.401428	-0.000284734
24530	4.906	-0.349069	0.401428	-0.000284779
24535	4.907	-0.349069	0.401428	-0.000284813
24540	4.908	-0.349069	0.401428	-0.000284817
24545	4.909	-0.349069	0.401428	-0.000284807
24550	4.91	-0.349069	0.401428	-0.000284782
24555	4.911	-0.349069	0.401428	-0.000284749
24560	4.912	-0.349069	0.401428	-0.000284749
24565	4.913	-0.349069	0.401428	-0.000284729
24570	4.914	-0.349069	0.401428	-0.000284613
24575	4.915	-0.349069	0.401428	-0.000284657
24580	4.916	-0.349069	0.401428	-0.000284734
24585	4.917	-0.349069	0.401428	-0.000284779
24590	4.918	-0.349069	0.401428	-0.000284813
24595	4.919	-0.349069	0.401428	-0.000284817
24600	4.92	-0.349069	0.401428	-0.000284807
24605	4.921	-0.349069	0.401428	-0.000284782
24610	4.922	-0.349069	0.401428	-0.000284749
24615	4.923	-0.349069	0.401428	-0.000284749
24620	4.924	-0.349069	0.401428	-0.000284729
24625	4.925	-0.349069	0.401428	-0.000284613
24630	4.926	-0.349069	0.401428	-0.000284657
24635	4.927	-0.349069	0.401428	-0.000284734
24640	4.928	-0.349069	0.401428	-0.000284779
24645	4.929	-0.349069	0.401428	-0.000284813
24650	4.93	-0.349069	0.401428	-0.000284817
24655	4.931	-0.349069	0.401428	-0.000284807
24660	4.932	-0.349069	0.401428	-0.000284782
24665	4.933	-0.349069	0.401428	-0.000284749
24670	4.934	-0.349069	0.401428	-0.000284749
24675	4.935	-0.349069	0.401428	-0.000284729
24680	4.936	-0.349069	0.401428	-0.000284613
24685	4.937	-0.349069	0.401428	-0.000284657
24690	4.938	-0.349069	0.401428	-0.000284734
24695	4.939	-0.349069	0.401428	-0.000284779
24700	4.94	-0.349069	0.401428	-0.000284813
24705	4.941	-0.349069	0.401428	-0.000284817
24710	4.942	-0.349069	0.401428	-0.000284807
24715	4.943	-0.349069	0.401428	-0.000284782
24720	4.944	-0.349069	0.401428	-0.000284749
24725	4.945	-0.349069	0.401428	-0.000284749
24730	4.946	-0.349069	0.401428	-0.000284729
24735	4.947	-0.349069	0.401428	-0.000284613
24740	4.948	-0.349069	0.401428	-0.000284657
24745	4.949	-0.349069	0.401428	-0.000284734
24750	4.95	-0.349069	0.401428	-0.000284779
24755	4.951	-0.349069	0.401428	-0.000284813
24760	4.952	-0.349069	0.401428	-0.000284817
24765	4.953	-0.349069	0.401428	-0.000284807
24770	4.954	-0.349069	0.401428	-0.000284782
24775	4.955	-0.349069	0.401428	-0.000284749
24780	4.956	-0.349069	0.401428	-0.000284749
24785	4.957	-0.349069	0.401428	-0.000284729
24790	4.958	-0.349069	0.401428	-0.000284613
24795	4.959	-0.349069	0.401428	-0.000284657
24800	4.96	-0.349069	0.401428	-0.000284734
24805	4.961	-0.349069	0.401428	-0.000284779
24810	4.962	-0.349069	0.401428	-0.000284813
24815	4.963	-0.349069	0.401428	-0.000284817
24820	4.964	-0.349069	0.401428	-0.000284807
24825	4.965	-0.349069	0.401428	-0.000284782
24830	4.966	-0.349069	0.401428	-0.000284749
24835	4.967	-0.349069	0.401428	-0.000284749
24840	4.968	-0.349069	0.401428	-0.000284729
24845	4.969	-0.349069	0.401428	-0.000284613
24850	4.97	-0.349069	0.401428	-0.000284657
24855	4.971	-0.349069	0.401428	-0.000284734
24860	4.972	-0.349069	0.401428	-0.000284779
24865	4.973	-0.349069	0.401428	-0.000284813
24870	4.974	-0.349069	0.401428	-0.000284817
24875	4.975	-0.349069	0.401428	-0.000284807
24880	4.976	-0.349069	0.401428	-0.000284782
24885	4.977	-0.349069	0.401428	-0.000284749
24890	4.978	-0.349069	0.401428	-0.000284749
24895	4.979	-0.349069	0.401428	-0.000284729
24900	4.98	-0.349069	0.401428	-0.000284613
24905	4.981	-0.349069	0.401428	-0.000284657
24910	4.982	-0.349069	0.401428	-0.000284734
24915	4.983	-0.349069	0.401428	-0.000284779
24920	4.984	-0.349069	0.401428	-0.000284813
24925	4.985	-0.349069	0.401428	-0.000284817
24930	4.986	-0.349069	0.401428	-0.000284807
24935	4.987	-0.349069	0.401428	-0.000284782
24940	4.988	-0.349069	0.401428	-0.000284749
24945	4.989	-0.349069	0.401428	-0.000284749
24950	4.99	-0.349069	0.401428	-0.000284729
24955	4.991	-0.349069	0.401428	-0.000284613
24960	4.992	-0.349069	0.401428	-0.000284657
24965	4.993	-0.349069	0.401428	-0.000284734
24970	4.994	-0.349069	0.401428	-0.000284779
24975	4.995	-0.349069	0.401428	-0.000284813
24980	4.996	-0.349069	0.401428	-0.000284817
24985	4.997	-0.349069	0.401428	-0.000284807
24990	4.998	-0.349069	0.401428	-0.000284782
24995	4.999	-0.349069	0.401428	-0.000284749
25000	5	-0.349069	0.401428	-0.000284749
25005	5.001	0	0	0
25010	5.002	0	0	0
25015	5.003	0	0	0
25020	5.004	0	0	0
25025	5.005	0	0	0
25030	5.006	0	0	0
25035	5.007	0	0	0
25040	5.008	0	0	0
25045	5.009	0	0	0
