TimeSlice	Time	ankle_L	hip_L	knee_L
2500	0.5	-0.169251	0.107269	0.190087
2505	0.501	-0.16926	0.107349	0.190232
2510	0.502	-0.169269	0.10743	0.190377
2515	0.503	-0.169278	0.10751	0.19052
2520	0.504	-0.169287	0.107589	0.190663
2525	0.505	-0.169296	0.107668	0.190804
2530	0.506	-0.169305	0.107746	0.190945
2535	0.507	-0.169314	0.107824	0.191086
2540	0.508	-0.169323	0.107902	0.191225
2545	0.509	-0.169332	0.107979	0.191363
2550	0.51	-0.169341	0.108055	0.191501
2555	0.511	-0.16935	0.108131	0.191638
2560	0.512	-0.169359	0.108207	0.191774
2565	0.513	-0.169367	0.108282	0.191909
2570	0.514	-0.169376	0.108357	0.192043
2575	0.515	-0.169385	0.108431	0.192176
2580	0.516	-0.169394	0.108505	0.192309
2585	0.517	-0.169402	0.108578	0.192441
2590	0.518	-0.169411	0.108651	0.192572
2595	0.519	-0.16942	0.108724	0.192703
2600	0.52	-0.169428	0.108796	0.192832
2605	0.521	-0.169437	0.108868	0.192961
2610	0.522	-0.169445	0.10894	0.19309
2615	0.523	-0.169454	0.109011	0.193217
2620	0.524	-0.169462	0.109081	0.193344
2625	0.525	-0.169471	0.109151	0.19347
2630	0.526	-0.169479	0.109221	0.193595
2635	0.527	-0.169488	0.10929	0.19372
2640	0.528	-0.169496	0.109359	0.193843
2645	0.529	-0.169505	0.109428	0.193966
2650	0.53	-0.169513	0.109496	0.194089
2655	0.531	-0.169522	0.109563	0.19421
2660	0.532	-0.16953	0.109631	0.194331
2665	0.533	-0.169538	0.109698	0.194451
2670	0.534	-0.169546	0.109764	0.19457
2675	0.535	-0.169555	0.10983	0.194689
2680	0.536	-0.169563	0.109896	0.194807
2685	0.537	-0.169571	0.109962	0.194924
2690	0.538	-0.169579	0.110026	0.195041
2695	0.539	-0.169587	0.110091	0.195156
2700	0.54	-0.169596	0.110155	0.195271
2705	0.541	-0.169604	0.110219	0.195385
2710	0.542	-0.169612	0.110282	0.195499
2715	0.543	-0.16962	0.110345	0.195612
2720	0.544	-0.169628	0.110407	0.195724
2725	0.545	-0.169636	0.110469	0.195835
2730	0.546	-0.169644	0.110531	0.195946
2735	0.547	-0.169651	0.110593	0.196056
2740	0.548	-0.169659	0.110654	0.196166
2745	0.549	-0.169667	0.110715	0.196275
2750	0.55	-0.169675	0.110775	0.196383
2755	0.551	-0.169683	0.110835	0.196491
2760	0.552	-0.169691	0.110895	0.196598
2765	0.553	-0.169698	0.110954	0.196704
2770	0.554	-0.169706	0.111013	0.196809
2775	0.555	-0.169714	0.111071	0.196914
2780	0.556	-0.169721	0.111129	0.197018
2785	0.557	-0.169729	0.111187	0.197121
2790	0.558	-0.169737	0.111244	0.197224
2795	0.559	-0.169744	0.111301	0.197326
2800	0.56	-0.169752	0.111358	0.197428
2805	0.561	-0.169759	0.111414	0.197529
2810	0.562	-0.169767	0.11147	0.197629
2815	0.563	-0.169774	0.111526	0.197729
2820	0.564	-0.169781	0.111581	0.197828
2825	0.565	-0.169789	0.111636	0.197926
2830	0.566	-0.169796	0.111691	0.198024
2835	0.567	-0.169804	0.111745	0.198121
2840	0.568	-0.169811	0.111798	0.198217
2845	0.569	-0.169818	0.111852	0.198312
2850	0.57	-0.169825	0.111905	0.198407
2855	0.571	-0.169832	0.111957	0.198501
2860	0.572	-0.169839	0.11201	0.198595
2865	0.573	-0.169846	0.112062	0.198688
2870	0.574	-0.169853	0.112113	0.198781
2875	0.575	-0.169861	0.112165	0.198873
2880	0.576	-0.169868	0.112216	0.198964
2885	0.577	-0.169874	0.112266	0.199055
2890	0.578	-0.169881	0.112317	0.199145
2895	0.579	-0.169888	0.112367	0.199235
2900	0.58	-0.169895	0.112417	0.199324
2905	0.581	-0.169902	0.112467	0.199413
2910	0.582	-0.169909	0.112516	0.199501
2915	0.583	-0.169916	0.112565	0.199589
2920	0.584	-0.169922	0.112614	0.199676
2925	0.585	-0.169929	0.112662	0.199762
2930	0.586	-0.169936	0.11271	0.199848
2935	0.587	-0.169942	0.112758	0.199933
2940	0.588	-0.169949	0.112805	0.200018
2945	0.589	-0.169956	0.112852	0.200102
2950	0.59	-0.169962	0.112898	0.200185
2955	0.591	-0.169969	0.112945	0.200268
2960	0.592	-0.169975	0.112991	0.200351
2965	0.593	-0.169982	0.113037	0.200433
2970	0.594	-0.169988	0.113082	0.200514
2975	0.595	-0.169994	0.113128	0.200595
2980	0.596	-0.170001	0.113173	0.200676
2985	0.597	-0.170007	0.113218	0.200757
2990	0.598	-0.170013	0.113263	0.200836
2995	0.599	-0.17002	0.113307	0.200916
3000	0.6	-0.170026	0.113351	0.200995
3005	0.601	-0.170032	0.113395	0.201073
3010	0.602	-0.170039	0.113439	0.201151
3015	0.603	-0.170045	0.113482	0.201229
3020	0.604	-0.170051	0.113525	0.201306
3025	0.605	-0.170057	0.113568	0.201382
3030	0.606	-0.170063	0.113611	0.201458
3035	0.607	-0.170069	0.113653	0.201533
3040	0.608	-0.170075	0.113695	0.201608
3045	0.609	-0.170081	0.113737	0.201683
3050	0.61	-0.170087	0.113778	0.201757
3055	0.611	-0.170093	0.113819	0.20183
3060	0.612	-0.170099	0.11386	0.201904
3065	0.613	-0.170105	0.113901	0.201977
3070	0.614	-0.170111	0.113942	0.202049
3075	0.615	-0.170117	0.113982	0.202121
3080	0.616	-0.170123	0.114022	0.202193
3085	0.617	-0.170129	0.114062	0.202264
3090	0.618	-0.170134	0.114102	0.202336
3095	0.619	-0.17014	0.114142	0.202407
3100	0.62	-0.170146	0.114181	0.202477
3105	0.621	-0.170152	0.114221	0.202547
3110	0.622	-0.170157	0.11426	0.202617
3115	0.623	-0.170163	0.114299	0.202686
3120	0.624	-0.170169	0.114337	0.202755
3125	0.625	-0.170174	0.114375	0.202823
3130	0.626	-0.17018	0.114413	0.202891
3135	0.627	-0.170186	0.114451	0.202958
3140	0.628	-0.170191	0.114488	0.203025
3145	0.629	-0.170197	0.114526	0.203091
3150	0.63	-0.170202	0.114562	0.203156
3155	0.631	-0.170208	0.114599	0.203222
3160	0.632	-0.170213	0.114636	0.203287
3165	0.633	-0.170218	0.114672	0.203351
3170	0.634	-0.170224	0.114708	0.203415
3175	0.635	-0.170229	0.114743	0.203479
3180	0.636	-0.170234	0.114779	0.203543
3185	0.637	-0.17024	0.114815	0.203606
3190	0.638	-0.170245	0.11485	0.203669
3195	0.639	-0.17025	0.114885	0.203731
3200	0.64	-0.170255	0.11492	0.203793
3205	0.641	-0.170261	0.114955	0.203855
3210	0.642	-0.170266	0.114989	0.203917
3215	0.643	-0.170271	0.115024	0.203978
3220	0.644	-0.170276	0.115058	0.20404
3225	0.645	-0.170281	0.115093	0.204101
3230	0.646	-0.170286	0.115127	0.204162
3235	0.647	-0.170292	0.115161	0.204223
3240	0.648	-0.170297	0.115195	0.204283
3245	0.649	-0.170302	0.115228	0.204343
3250	0.65	-0.170307	0.115262	0.204403
3255	0.651	-0.170312	0.115295	0.204462
3260	0.652	-0.170317	0.115328	0.204521
3265	0.653	-0.170322	0.115361	0.204579
3270	0.654	-0.170327	0.115394	0.204638
3275	0.655	-0.170332	0.115426	0.204695
3280	0.656	-0.170337	0.115458	0.204752
3285	0.657	-0.170342	0.11549	0.204809
3290	0.658	-0.170347	0.115522	0.204865
3295	0.659	-0.170351	0.115553	0.204921
3300	0.66	-0.170356	0.115584	0.204977
3305	0.661	-0.170361	0.115615	0.205032
3310	0.662	-0.170366	0.115646	0.205087
3315	0.663	-0.17037	0.115677	0.205141
3320	0.664	-0.170375	0.115707	0.205196
3325	0.665	-0.17038	0.115738	0.205249
3330	0.666	-0.170384	0.115768	0.205303
3335	0.667	-0.170389	0.115798	0.205357
3340	0.668	-0.170394	0.115828	0.20541
3345	0.669	-0.170398	0.115857	0.205462
3350	0.67	-0.170403	0.115887	0.205515
3355	0.671	-0.170407	0.115916	0.205567
3360	0.672	-0.170412	0.115946	0.20562
3365	0.673	-0.170416	0.115975	0.205672
3370	0.674	-0.170421	0.116004	0.205723
3375	0.675	-0.170421	0.116004	0.205723
3380	0.676	-0.170425	0.116033	0.205775
3385	0.677	-0.170425	0.116033	0.205774
3390	0.678	-0.170424	0.116033	0.205773
3395	0.679	-0.170424	0.116033	0.205773
3400	0.68	-0.170424	0.116033	0.205773
3405	0.681	-0.170423	0.116034	0.205773
3410	0.682	-0.170423	0.116035	0.205775
3415	0.683	-0.170423	0.116036	0.205777
3420	0.684	-0.170422	0.116038	0.20578
3425	0.685	-0.170422	0.116041	0.205784
3430	0.686	-0.170422	0.116044	0.205788
3435	0.687	-0.170422	0.116047	0.205794
3440	0.688	-0.170422	0.116051	0.205802
3445	0.689	-0.170422	0.116056	0.20581
3450	0.69	-0.170422	0.116062	0.205819
3455	0.691	-0.170422	0.116068	0.20583
3460	0.692	-0.170422	0.116075	0.205842
3465	0.693	-0.170423	0.116083	0.205855
3470	0.694	-0.170423	0.116091	0.205869
3475	0.695	-0.170424	0.1161	0.205885
3480	0.696	-0.170425	0.116109	0.205902
3485	0.697	-0.170426	0.11612	0.20592
3490	0.698	-0.170427	0.116131	0.205939
3495	0.699	-0.170428	0.116142	0.205959
3500	0.7	-0.170429	0.116154	0.205981
3505	0.701	-0.170431	0.116167	0.206003
3510	0.702	-0.170432	0.116181	0.206027
3515	0.703	-0.170434	0.116195	0.206052
3520	0.704	-0.170436	0.116209	0.206077
3525	0.705	-0.170438	0.116224	0.206104
3530	0.706	-0.17044	0.11624	0.206132
3535	0.707	-0.170442	0.116256	0.20616
3540	0.708	-0.170444	0.116273	0.20619
3545	0.709	-0.170447	0.11629	0.20622
3550	0.71	-0.170449	0.116308	0.206252
3555	0.711	-0.170452	0.116326	0.206284
3560	0.712	-0.170454	0.116345	0.206317
3565	0.713	-0.170457	0.116364	0.206351
3570	0.714	-0.17046	0.116384	0.206386
3575	0.715	-0.170463	0.116404	0.206421
3580	0.716	-0.170466	0.116424	0.206457
3585	0.717	-0.170469	0.116445	0.206494
3590	0.718	-0.170472	0.116466	0.206531
3595	0.719	-0.170476	0.116487	0.206569
3600	0.72	-0.170479	0.116509	0.206608
3605	0.721	-0.170482	0.116531	0.206647
3610	0.722	-0.170486	0.116553	0.206686
3615	0.723	-0.17049	0.116576	0.206726
3620	0.724	-0.170493	0.116599	0.206766
3625	0.725	-0.170497	0.116622	0.206807
3630	0.726	-0.170501	0.116645	0.206848
3635	0.727	-0.170504	0.116668	0.20689
3640	0.728	-0.170508	0.116692	0.206932
3645	0.729	-0.170512	0.116716	0.206974
3650	0.73	-0.170516	0.11674	0.207016
3655	0.731	-0.17052	0.116764	0.207059
3660	0.732	-0.170524	0.116788	0.207102
3665	0.733	-0.170528	0.116813	0.207145
3670	0.734	-0.170532	0.116837	0.207188
3675	0.735	-0.170536	0.116861	0.207232
3680	0.736	-0.17054	0.116886	0.207275
3685	0.737	-0.170544	0.116911	0.207319
3690	0.738	-0.170548	0.116936	0.207363
3695	0.739	-0.170548	0.116936	0.207363
3700	0.74	-0.170552	0.11696	0.207407
3705	0.741	-0.170552	0.116961	0.207407
3710	0.742	-0.170552	0.116961	0.207407
3715	0.743	-0.170552	0.116961	0.207407
3720	0.744	-0.170552	0.116962	0.207407
3725	0.745	-0.170552	0.116963	0.207409
3730	0.746	-0.170552	0.116964	0.207411
3735	0.747	-0.170552	0.116966	0.207413
3740	0.748	-0.170552	0.116968	0.207417
3745	0.749	-0.170552	0.116971	0.207421
3750	0.75	-0.170552	0.116974	0.207426
3755	0.751	-0.170552	0.116978	0.207433
3760	0.752	-0.170552	0.116982	0.20744
3765	0.753	-0.170553	0.116987	0.207448
3770	0.754	-0.170553	0.116992	0.207457
3775	0.755	-0.170554	0.116998	0.207467
3780	0.756	-0.170555	0.117005	0.207478
3785	0.757	-0.170555	0.117012	0.20749
3790	0.758	-0.170556	0.117019	0.207503
3795	0.759	-0.170557	0.117028	0.207517
3800	0.76	-0.170558	0.117036	0.207532
3805	0.761	-0.170559	0.117046	0.207548
3810	0.762	-0.17056	0.117055	0.207565
3815	0.763	-0.170562	0.117066	0.207583
3820	0.764	-0.170563	0.117076	0.207602
3825	0.765	-0.170565	0.117088	0.207622
3830	0.766	-0.170566	0.117099	0.207642
3835	0.767	-0.170568	0.117112	0.207664
3840	0.768	-0.17057	0.117124	0.207686
3845	0.769	-0.170572	0.117137	0.207709
3850	0.77	-0.170574	0.117151	0.207732
3855	0.771	-0.170576	0.117165	0.207757
3860	0.772	-0.170578	0.117179	0.207782
3865	0.773	-0.17058	0.117194	0.207808
3870	0.774	-0.170583	0.117209	0.207834
3875	0.775	-0.170585	0.117224	0.207861
3880	0.776	-0.170588	0.11724	0.207889
3885	0.777	-0.17059	0.117256	0.207918
3890	0.778	-0.170593	0.117272	0.207946
3895	0.779	-0.170595	0.117289	0.207976
3900	0.78	-0.170598	0.117306	0.208006
3905	0.781	-0.170601	0.117323	0.208036
3910	0.782	-0.170604	0.117341	0.208067
3915	0.783	-0.170607	0.117359	0.208098
3920	0.784	-0.17061	0.117377	0.20813
3925	0.785	-0.170613	0.117395	0.208162
3930	0.786	-0.170616	0.117413	0.208195
3935	0.787	-0.170619	0.117432	0.208228
3940	0.788	-0.170622	0.117451	0.208261
3945	0.789	-0.170625	0.11747	0.208294
3950	0.79	-0.170628	0.117489	0.208328
3955	0.791	-0.170632	0.117508	0.208362
3960	0.792	-0.170635	0.117527	0.208396
3965	0.793	-0.170638	0.117547	0.20843
3970	0.794	-0.170642	0.117566	0.208464
3975	0.795	-0.170645	0.117586	0.208499
3980	0.796	-0.170648	0.117606	0.208534
3985	0.797	-0.170652	0.117625	0.208569
3990	0.798	-0.170655	0.117645	0.208604
3995	0.799	-0.170659	0.117665	0.208639
4000	0.8	-0.170662	0.117685	0.208674
4005	0.801	-0.170662	0.117685	0.208674
4010	0.802	-0.170666	0.117705	0.20871
4015	0.803	-0.170665	0.117705	0.208709
4020	0.804	-0.170665	0.117705	0.208709
4025	0.805	-0.170665	0.117706	0.208709
4030	0.806	-0.170665	0.117706	0.208709
4035	0.807	-0.170665	0.117707	0.20871
4040	0.808	-0.170665	0.117708	0.208712
4045	0.809	-0.170665	0.11771	0.208714
4050	0.81	-0.170665	0.117712	0.208717
4055	0.811	-0.170666	0.117714	0.20872
4060	0.812	-0.170666	0.117717	0.208724
4065	0.813	-0.170666	0.11772	0.208729
4070	0.814	-0.170666	0.117723	0.208734
4075	0.815	-0.170667	0.117727	0.208741
4080	0.816	-0.170667	0.117731	0.208748
4085	0.817	-0.170667	0.117736	0.208756
4090	0.818	-0.170668	0.117741	0.208765
4095	0.819	-0.170669	0.117747	0.208774
4100	0.82	-0.170669	0.117753	0.208785
4105	0.821	-0.17067	0.117759	0.208796
4110	0.822	-0.170671	0.117766	0.208808
4115	0.823	-0.170672	0.117774	0.208821
4120	0.824	-0.170673	0.117781	0.208834
4125	0.825	-0.170674	0.11779	0.208848
4130	0.826	-0.170675	0.117798	0.208863
4135	0.827	-0.170677	0.117807	0.208879
4140	0.828	-0.170678	0.117817	0.208895
4145	0.829	-0.170679	0.117827	0.208913
4150	0.83	-0.170681	0.117837	0.20893
4155	0.831	-0.170683	0.117848	0.208949
4160	0.832	-0.170684	0.117858	0.208968
4165	0.833	-0.170686	0.11787	0.208987
4170	0.834	-0.170688	0.117881	0.209007
4175	0.835	-0.17069	0.117893	0.209028
4180	0.836	-0.170692	0.117905	0.209049
4185	0.837	-0.170694	0.117917	0.209071
4190	0.838	-0.170696	0.11793	0.209093
4195	0.839	-0.170698	0.117943	0.209116
4200	0.84	-0.1707	0.117956	0.209139
4205	0.841	-0.170702	0.11797	0.209162
4210	0.842	-0.170704	0.117983	0.209186
4215	0.843	-0.170707	0.117997	0.209211
4220	0.844	-0.170709	0.118011	0.209235
4225	0.845	-0.170711	0.118026	0.20926
4230	0.846	-0.170714	0.11804	0.209286
4235	0.847	-0.170716	0.118055	0.209311
4240	0.848	-0.170719	0.11807	0.209337
4245	0.849	-0.170721	0.118085	0.209364
4250	0.85	-0.170724	0.1181	0.20939
4255	0.851	-0.170727	0.118115	0.209417
4260	0.852	-0.170729	0.11813	0.209444
4265	0.853	-0.170732	0.118146	0.209471
4270	0.854	-0.170735	0.118161	0.209499
4275	0.855	-0.170737	0.118177	0.209526
4280	0.856	-0.17074	0.118193	0.209554
4285	0.857	-0.170743	0.118209	0.209582
4290	0.858	-0.170743	0.118209	0.209582
4295	0.859	-0.170746	0.118225	0.209609
4300	0.86	-0.170745	0.118225	0.209609
4305	0.861	-0.170745	0.118225	0.209609
4310	0.862	-0.170745	0.118225	0.209609
4315	0.863	-0.170745	0.118226	0.209609
4320	0.864	-0.170745	0.118226	0.20961
4325	0.865	-0.170745	0.118228	0.209611
4330	0.866	-0.170745	0.118229	0.209613
4335	0.867	-0.170745	0.118231	0.209615
4340	0.868	-0.170746	0.118233	0.209618
4345	0.869	-0.170746	0.118235	0.209622
4350	0.87	-0.170746	0.118238	0.209627
4355	0.871	-0.170746	0.118241	0.209631
4360	0.872	-0.170747	0.118244	0.209637
4365	0.873	-0.170747	0.118248	0.209643
4370	0.874	-0.170747	0.118252	0.209651
4375	0.875	-0.170748	0.118257	0.209658
4380	0.876	-0.170749	0.118262	0.209667
4385	0.877	-0.170749	0.118267	0.209675
4390	0.878	-0.17075	0.118273	0.209685
4395	0.879	-0.170751	0.118279	0.209695
4400	0.88	-0.170752	0.118285	0.209706
4405	0.881	-0.170752	0.118292	0.209717
4410	0.882	-0.170753	0.118299	0.20973
4415	0.883	-0.170755	0.118306	0.209742
4420	0.884	-0.170756	0.118314	0.209755
4425	0.885	-0.170757	0.118322	0.209769
4430	0.886	-0.170758	0.11833	0.209784
4435	0.887	-0.170759	0.118339	0.209799
4440	0.888	-0.170761	0.118348	0.209814
4445	0.889	-0.170762	0.118357	0.20983
4450	0.89	-0.170764	0.118367	0.209846
4455	0.891	-0.170765	0.118376	0.209863
4460	0.892	-0.170767	0.118386	0.209881
4465	0.893	-0.170769	0.118397	0.209899
4470	0.894	-0.17077	0.118407	0.209917
4475	0.895	-0.170772	0.118418	0.209936
4480	0.896	-0.170774	0.118429	0.209955
4485	0.897	-0.170776	0.11844	0.209974
4490	0.898	-0.170778	0.118451	0.209994
4495	0.899	-0.170779	0.118463	0.210014
4500	0.9	-0.170781	0.118474	0.210034
4505	0.901	-0.170783	0.118486	0.210055
4510	0.902	-0.170785	0.118498	0.210076
4515	0.903	-0.170788	0.11851	0.210097
4520	0.904	-0.17079	0.118523	0.210118
4525	0.905	-0.170792	0.118535	0.21014
4530	0.906	-0.170794	0.118547	0.210162
4535	0.907	-0.170796	0.11856	0.210184
4540	0.908	-0.170798	0.118573	0.210206
4545	0.909	-0.170801	0.118586	0.210228
4550	0.91	-0.170803	0.118599	0.210251
4555	0.911	-0.170805	0.118612	0.210274
4560	0.912	-0.170807	0.118625	0.210296
4565	0.913	-0.17081	0.118638	0.210319
4570	0.914	-0.170812	0.118651	0.210343
4575	0.915	-0.170812	0.118651	0.210343
4580	0.916	-0.170814	0.118664	0.210366
4585	0.917	-0.170814	0.118664	0.210365
4590	0.918	-0.170814	0.118665	0.210365
4595	0.919	-0.170814	0.118665	0.210365
4600	0.92	-0.170814	0.118665	0.210365
4605	0.921	-0.170814	0.118666	0.210365
4610	0.922	-0.170814	0.118667	0.210366
4615	0.923	-0.170814	0.118668	0.210368
4620	0.924	-0.170814	0.118669	0.210369
4625	0.925	-0.170814	0.118671	0.210372
4630	0.926	-0.170814	0.118672	0.210375
4635	0.927	-0.170814	0.118675	0.210378
4640	0.928	-0.170814	0.118677	0.210382
4645	0.929	-0.170815	0.11868	0.210386
4650	0.93	-0.170815	0.118683	0.210391
4655	0.931	-0.170815	0.118686	0.210397
4660	0.932	-0.170816	0.11869	0.210403
4665	0.933	-0.170816	0.118694	0.210409
4670	0.934	-0.170817	0.118698	0.210416
4675	0.935	-0.170817	0.118703	0.210424
4680	0.936	-0.170818	0.118708	0.210433
4685	0.937	-0.170819	0.118713	0.210441
4690	0.938	-0.170819	0.118719	0.210451
4695	0.939	-0.17082	0.118725	0.210461
4700	0.94	-0.170821	0.118731	0.210471
4705	0.941	-0.170822	0.118737	0.210482
4710	0.942	-0.170823	0.118744	0.210493
4715	0.943	-0.170824	0.118751	0.210505
4720	0.944	-0.170825	0.118758	0.210517
4725	0.945	-0.170826	0.118765	0.21053
4730	0.946	-0.170827	0.118773	0.210543
4735	0.947	-0.170829	0.11878	0.210556
4740	0.948	-0.17083	0.118789	0.21057
4745	0.949	-0.170831	0.118797	0.210584
4750	0.95	-0.170832	0.118805	0.210599
4755	0.951	-0.170834	0.118814	0.210614
4760	0.952	-0.170835	0.118823	0.210629
4765	0.953	-0.170837	0.118832	0.210645
4770	0.954	-0.170838	0.118841	0.210661
4775	0.955	-0.17084	0.11885	0.210677
4780	0.956	-0.170841	0.11886	0.210693
4785	0.957	-0.170843	0.118869	0.21071
4790	0.958	-0.170845	0.118879	0.210727
4795	0.959	-0.170846	0.118889	0.210744
4800	0.96	-0.170848	0.118899	0.210761
4805	0.961	-0.17085	0.118909	0.210779
4810	0.962	-0.170852	0.11892	0.210797
4815	0.963	-0.170853	0.11893	0.210815
4820	0.964	-0.170855	0.11894	0.210833
4825	0.965	-0.170857	0.118951	0.210852
4830	0.966	-0.170859	0.118962	0.21087
4835	0.967	-0.170861	0.118972	0.210889
4840	0.968	-0.170861	0.118972	0.210889
4845	0.969	-0.170863	0.118983	0.210907
4850	0.97	-0.170862	0.118983	0.210907
4855	0.971	-0.170862	0.118983	0.210907
4860	0.972	-0.170862	0.118984	0.210906
4865	0.973	-0.170862	0.118984	0.210907
4870	0.974	-0.170862	0.118985	0.210907
4875	0.975	-0.170862	0.118985	0.210908
4880	0.976	-0.170862	0.118987	0.210909
4885	0.977	-0.170862	0.118988	0.210911
4890	0.978	-0.170862	0.118989	0.210913
4895	0.979	-0.170862	0.118991	0.210916
4900	0.98	-0.170862	0.118993	0.210919
4905	0.981	-0.170863	0.118995	0.210922
4910	0.982	-0.170863	0.118998	0.210926
4915	0.983	-0.170863	0.119001	0.210931
4920	0.984	-0.170863	0.119004	0.210936
4925	0.985	-0.170864	0.119007	0.210942
4930	0.986	-0.170864	0.119011	0.210947
4935	0.987	-0.170865	0.119015	0.210954
4940	0.988	-0.170865	0.119019	0.210961
4945	0.989	-0.170866	0.119023	0.210968
4950	0.99	-0.170866	0.119028	0.210975
4955	0.991	-0.170867	0.119033	0.210983
4960	0.992	-0.170868	0.119038	0.210992
4965	0.993	-0.170868	0.119043	0.211001
4970	0.994	-0.170869	0.119049	0.21101
4975	0.995	-0.17087	0.119054	0.21102
4980	0.996	-0.170871	0.11906	0.21103
4985	0.997	-0.170872	0.119067	0.211041
4990	0.998	-0.170873	0.119073	0.211052
4995	0.999	-0.170874	0.119079	0.211063
5000	1	-0.170875	0.119086	0.211074
5005	1.001	-0.170876	0.119093	0.211086
5010	1.002	-0.170877	0.1191	0.211099
5015	1.003	-0.170878	0.119108	0.211111
5020	1.004	-0.17088	0.119115	0.211124
5025	1.005	-0.170881	0.119123	0.211137
5030	1.006	-0.170882	0.119131	0.211151
5035	1.007	-0.170883	0.119139	0.211164
5040	1.008	-0.170885	0.119147	0.211178
5045	1.009	-0.170886	0.119155	0.211192
5050	1.01	-0.170888	0.119163	0.211207
5055	1.011	-0.170889	0.119172	0.211221
5060	1.012	-0.17089	0.11918	0.211236
5065	1.013	-0.170892	0.119189	0.21125
5070	1.014	-0.170893	0.119197	0.211265
5075	1.015	-0.170895	0.119206	0.211281
5080	1.016	-0.170896	0.119215	0.211296
5085	1.017	-0.170898	0.119224	0.211311
5090	1.018	-0.170899	0.119233	0.211327
5095	1.019	-0.170901	0.119242	0.211343
5100	1.02	-0.170903	0.119251	0.211358
5105	1.021	-0.170903	0.119251	0.211358
5110	1.022	-0.170904	0.11926	0.211374
5115	1.023	-0.170904	0.11926	0.211374
5120	1.024	-0.170903	0.119261	0.211373
5125	1.025	-0.170903	0.119261	0.211373
5130	1.026	-0.170903	0.119261	0.211373
5135	1.027	-0.170903	0.119262	0.211374
5140	1.028	-0.170903	0.119262	0.211374
5145	1.029	-0.170903	0.119263	0.211375
5150	1.03	-0.170903	0.119264	0.211376
5155	1.031	-0.170903	0.119265	0.211378
5160	1.032	-0.170904	0.119267	0.21138
5165	1.033	-0.170904	0.119269	0.211383
5170	1.034	-0.170904	0.11927	0.211385
5175	1.035	-0.170904	0.119272	0.211388
5180	1.036	-0.170904	0.119275	0.211392
5185	1.037	-0.170904	0.119277	0.211396
5190	1.038	-0.170905	0.11928	0.2114
5195	1.039	-0.170905	0.119283	0.211405
5200	1.04	-0.170905	0.119286	0.21141
5205	1.041	-0.170906	0.11929	0.211416
5210	1.042	-0.170906	0.119293	0.211422
5215	1.043	-0.170907	0.119297	0.211428
5220	1.044	-0.170907	0.119301	0.211435
5225	1.045	-0.170908	0.119306	0.211442
5230	1.046	-0.170908	0.11931	0.211449
5235	1.047	-0.170909	0.119315	0.211457
5240	1.048	-0.17091	0.11932	0.211465
5245	1.049	-0.17091	0.119325	0.211474
5250	1.05	-0.170911	0.11933	0.211483
5255	1.051	-0.170912	0.119335	0.211492
5260	1.052	-0.170913	0.119341	0.211501
5265	1.053	-0.170914	0.119347	0.211511
5270	1.054	-0.170915	0.119353	0.211521
5275	1.055	-0.170916	0.119359	0.211531
5280	1.056	-0.170917	0.119365	0.211542
5285	1.057	-0.170918	0.119371	0.211552
5290	1.058	-0.170919	0.119377	0.211563
5295	1.059	-0.17092	0.119384	0.211574
5300	1.06	-0.170921	0.119391	0.211586
5305	1.061	-0.170922	0.119397	0.211597
5310	1.062	-0.170923	0.119404	0.211609
5315	1.063	-0.170924	0.119411	0.211621
5320	1.064	-0.170925	0.119419	0.211633
5325	1.065	-0.170927	0.119426	0.211646
5330	1.066	-0.170928	0.119433	0.211658
5335	1.067	-0.170929	0.11944	0.211671
5340	1.068	-0.17093	0.119448	0.211684
5345	1.069	-0.170932	0.119455	0.211696
5350	1.07	-0.170933	0.119463	0.21171
5355	1.071	-0.170934	0.119471	0.211723
5360	1.072	-0.170936	0.119479	0.211736
5365	1.073	-0.170937	0.119486	0.21175
5370	1.074	-0.170937	0.119486	0.21175
5375	1.075	-0.170938	0.119494	0.211763
5380	1.076	-0.170938	0.119494	0.211763
5385	1.077	-0.170937	0.119494	0.211762
5390	1.078	-0.170937	0.119494	0.211761
5395	1.079	-0.170937	0.119494	0.211761
5400	1.08	-0.170937	0.119495	0.211761
5405	1.081	-0.170937	0.119495	0.211762
5410	1.082	-0.170937	0.119496	0.211762
5415	1.083	-0.170937	0.119497	0.211763
5420	1.084	-0.170937	0.119498	0.211764
5425	1.085	-0.170937	0.119499	0.211766
5430	1.086	-0.170937	0.1195	0.211768
5435	1.087	-0.170937	0.119502	0.21177
5440	1.088	-0.170937	0.119504	0.211772
5445	1.089	-0.170938	0.119506	0.211775
5450	1.09	-0.170938	0.119508	0.211779
5455	1.091	-0.170938	0.11951	0.211782
5460	1.092	-0.170938	0.119513	0.211786
5465	1.093	-0.170939	0.119515	0.211791
5470	1.094	-0.170939	0.119518	0.211796
5475	1.095	-0.170939	0.119522	0.211801
5480	1.096	-0.17094	0.119525	0.211806
5485	1.097	-0.17094	0.119528	0.211811
5490	1.098	-0.170941	0.119532	0.211817
5495	1.099	-0.170941	0.119536	0.211823
5500	1.1	-0.170942	0.11954	0.21183
5505	1.101	-0.170942	0.119544	0.211837
5510	1.102	-0.170943	0.119548	0.211844
5515	1.103	-0.170943	0.119552	0.211851
5520	1.104	-0.170944	0.119557	0.211859
5525	1.105	-0.170945	0.119562	0.211866
5530	1.106	-0.170945	0.119566	0.211874
5535	1.107	-0.170946	0.119571	0.211883
5540	1.108	-0.170947	0.119577	0.211892
5545	1.109	-0.170948	0.119582	0.2119
5550	1.11	-0.170949	0.119587	0.211909
5555	1.111	-0.170949	0.119593	0.211918
5560	1.112	-0.17095	0.119598	0.211928
5565	1.113	-0.170951	0.119604	0.211937
5570	1.114	-0.170952	0.11961	0.211947
5575	1.115	-0.170953	0.119616	0.211957
5580	1.116	-0.170954	0.119622	0.211968
5585	1.117	-0.170955	0.119628	0.211978
5590	1.118	-0.170956	0.119634	0.211988
5595	1.119	-0.170957	0.11964	0.211999
5600	1.12	-0.170958	0.119646	0.212009
5605	1.121	-0.170959	0.119653	0.21202
5610	1.122	-0.170959	0.119653	0.21202
5615	1.123	-0.17096	0.119659	0.212031
5620	1.124	-0.17096	0.119659	0.21203
5625	1.125	-0.170959	0.119659	0.21203
5630	1.126	-0.170959	0.119659	0.21203
5635	1.127	-0.170959	0.119659	0.21203
5640	1.128	-0.170959	0.11966	0.21203
5645	1.129	-0.170959	0.119661	0.21203
5650	1.13	-0.170959	0.119661	0.212031
5655	1.131	-0.170959	0.119662	0.212032
5660	1.132	-0.170959	0.119663	0.212033
5665	1.133	-0.170959	0.119664	0.212035
5670	1.134	-0.170959	0.119666	0.212037
5675	1.135	-0.170959	0.119667	0.212039
5680	1.136	-0.17096	0.119669	0.212041
5685	1.137	-0.17096	0.119671	0.212044
5690	1.138	-0.17096	0.119673	0.212047
5695	1.139	-0.17096	0.119675	0.212051
5700	1.14	-0.17096	0.119677	0.212054
5705	1.141	-0.170961	0.11968	0.212058
5710	1.142	-0.170961	0.119683	0.212063
5715	1.143	-0.170961	0.119686	0.212067
5720	1.144	-0.170962	0.119688	0.212072
5725	1.145	-0.170962	0.119692	0.212077
5730	1.146	-0.170962	0.119695	0.212082
5735	1.147	-0.170963	0.119698	0.212088
5740	1.148	-0.170963	0.119702	0.212094
5745	1.149	-0.170964	0.119706	0.2121
5750	1.15	-0.170964	0.119709	0.212106
5755	1.151	-0.170965	0.119714	0.212113
5760	1.152	-0.170966	0.119718	0.212119
5765	1.153	-0.170966	0.119722	0.212126
5770	1.154	-0.170967	0.119726	0.212133
5775	1.155	-0.170967	0.119731	0.212141
5780	1.156	-0.170968	0.119735	0.212149
5785	1.157	-0.170969	0.11974	0.212156
5790	1.158	-0.17097	0.119745	0.212164
5795	1.159	-0.17097	0.11975	0.212173
5800	1.16	-0.170971	0.119755	0.212181
5805	1.161	-0.170972	0.11976	0.21219
5810	1.162	-0.170973	0.119765	0.212198
5815	1.163	-0.170974	0.11977	0.212207
5820	1.164	-0.170974	0.119776	0.212216
5825	1.165	-0.170975	0.119781	0.212225
5830	1.166	-0.170975	0.119781	0.212225
5835	1.167	-0.170976	0.119786	0.212234
5840	1.168	-0.170976	0.119786	0.212234
5845	1.169	-0.170975	0.119786	0.212233
5850	1.17	-0.170975	0.119787	0.212233
5855	1.171	-0.170975	0.119787	0.212233
5860	1.172	-0.170975	0.119787	0.212233
5865	1.173	-0.170975	0.119788	0.212233
5870	1.174	-0.170975	0.119789	0.212234
5875	1.175	-0.170975	0.119789	0.212235
5880	1.176	-0.170975	0.11979	0.212236
5885	1.177	-0.170975	0.119791	0.212237
5890	1.178	-0.170975	0.119793	0.212239
5895	1.179	-0.170975	0.119794	0.212241
5900	1.18	-0.170975	0.119796	0.212243
5905	1.181	-0.170975	0.119797	0.212246
5910	1.182	-0.170976	0.119799	0.212249
5915	1.183	-0.170976	0.119801	0.212252
5920	1.184	-0.170976	0.119804	0.212255
5925	1.185	-0.170976	0.119806	0.212259
5930	1.186	-0.170977	0.119808	0.212263
5935	1.187	-0.170977	0.119811	0.212267
5940	1.188	-0.170977	0.119814	0.212271
5945	1.189	-0.170978	0.119816	0.212275
5950	1.19	-0.170978	0.119819	0.21228
5955	1.191	-0.170978	0.119823	0.212285
5960	1.192	-0.170979	0.119826	0.21229
5965	1.193	-0.170979	0.119829	0.212296
5970	1.194	-0.17098	0.119833	0.212301
5975	1.195	-0.17098	0.119836	0.212307
5980	1.196	-0.170981	0.11984	0.212314
5985	1.197	-0.170981	0.119844	0.21232
5990	1.198	-0.170982	0.119848	0.212326
5995	1.199	-0.170982	0.119852	0.212333
6000	1.2	-0.170983	0.119856	0.21234
6005	1.201	-0.170984	0.11986	0.212347
6010	1.202	-0.170984	0.119864	0.212354
6015	1.203	-0.170985	0.119869	0.212361
6020	1.204	-0.170986	0.119873	0.212369
6025	1.205	-0.170986	0.119878	0.212376
6030	1.206	-0.170987	0.119883	0.212384
6035	1.207	-0.170988	0.119887	0.212392
6040	1.208	-0.170989	0.119892	0.2124
6045	1.209	-0.170989	0.119892	0.2124
6050	1.21	-0.170989	0.119897	0.212408
6055	1.211	-0.170989	0.119897	0.212407
6060	1.212	-0.170988	0.119897	0.212407
6065	1.213	-0.170988	0.119897	0.212407
6070	1.214	-0.170988	0.119898	0.212407
6075	1.215	-0.170988	0.119898	0.212407
6080	1.216	-0.170988	0.119898	0.212407
6085	1.217	-0.170988	0.119899	0.212408
6090	1.218	-0.170988	0.1199	0.212408
6095	1.219	-0.170988	0.119901	0.212409
6100	1.22	-0.170988	0.119902	0.21241
6105	1.221	-0.170988	0.119903	0.212412
6110	1.222	-0.170988	0.119904	0.212414
6115	1.223	-0.170988	0.119906	0.212416
6120	1.224	-0.170988	0.119907	0.212418
6125	1.225	-0.170989	0.119909	0.212421
6130	1.226	-0.170989	0.119911	0.212423
6135	1.227	-0.170989	0.119913	0.212426
6140	1.228	-0.170989	0.119915	0.21243
6145	1.229	-0.170989	0.119917	0.212433
6150	1.23	-0.17099	0.119919	0.212437
6155	1.231	-0.17099	0.119922	0.21244
6160	1.232	-0.17099	0.119924	0.212444
6165	1.233	-0.170991	0.119927	0.212448
6170	1.234	-0.170991	0.11993	0.212453
6175	1.235	-0.170991	0.119933	0.212458
6180	1.236	-0.170992	0.119936	0.212463
6185	1.237	-0.170992	0.119939	0.212467
6190	1.238	-0.170993	0.119942	0.212473
6195	1.239	-0.170993	0.119946	0.212478
6200	1.24	-0.170993	0.119949	0.212484
6205	1.241	-0.170994	0.119953	0.212489
6210	1.242	-0.170995	0.119956	0.212495
6215	1.243	-0.170995	0.11996	0.212501
6220	1.244	-0.170996	0.119964	0.212508
6225	1.245	-0.170996	0.119968	0.212514
6230	1.246	-0.170997	0.119972	0.212521
6235	1.247	-0.170997	0.119976	0.212527
6240	1.248	-0.170998	0.11998	0.212534
6245	1.249	-0.170999	0.119984	0.212541
6250	1.25	-0.170999	0.119984	0.212541
6255	1.251	-0.170999	0.119988	0.212548
6260	1.252	-0.170999	0.119988	0.212548
6265	1.253	-0.170998	0.119988	0.212547
6270	1.254	-0.170998	0.119988	0.212546
6275	1.255	-0.170998	0.119988	0.212546
6280	1.256	-0.170998	0.119989	0.212546
6285	1.257	-0.170998	0.119989	0.212546
6290	1.258	-0.170998	0.11999	0.212547
6295	1.259	-0.170998	0.11999	0.212547
6300	1.26	-0.170998	0.119991	0.212548
6305	1.261	-0.170998	0.119992	0.212549
6310	1.262	-0.170998	0.119993	0.21255
6315	1.263	-0.170998	0.119994	0.212552
6320	1.264	-0.170998	0.119995	0.212553
6325	1.265	-0.170998	0.119997	0.212555
6330	1.266	-0.170998	0.119998	0.212557
6335	1.267	-0.170998	0.12	0.21256
6340	1.268	-0.170998	0.120002	0.212562
6345	1.269	-0.170999	0.120004	0.212565
6350	1.27	-0.170999	0.120006	0.212568
6355	1.271	-0.170999	0.120008	0.212571
6360	1.272	-0.170999	0.12001	0.212575
6365	1.273	-0.171	0.120012	0.212578
6370	1.274	-0.171	0.120015	0.212582
6375	1.275	-0.171	0.120017	0.212586
6380	1.276	-0.171	0.12002	0.21259
6385	1.277	-0.171001	0.120023	0.212595
6390	1.278	-0.171001	0.120025	0.212599
6395	1.279	-0.171002	0.120028	0.212604
6400	1.28	-0.171002	0.120031	0.212609
6405	1.281	-0.171002	0.120035	0.212613
6410	1.282	-0.171003	0.120038	0.212619
6415	1.283	-0.171003	0.120041	0.212624
6420	1.284	-0.171004	0.120044	0.212629
6425	1.285	-0.171004	0.120048	0.212635
6430	1.286	-0.171005	0.120051	0.212641
6435	1.287	-0.171005	0.120055	0.212646
6440	1.288	-0.171006	0.120059	0.212652
6445	1.289	-0.171006	0.120059	0.212652
6450	1.29	-0.171006	0.120062	0.212658
6455	1.291	-0.171006	0.120062	0.212658
6460	1.292	-0.171005	0.120062	0.212658
6465	1.293	-0.171005	0.120063	0.212657
6470	1.294	-0.171005	0.120063	0.212657
6475	1.295	-0.171005	0.120063	0.212657
6480	1.296	-0.171005	0.120063	0.212657
6485	1.297	-0.171005	0.120064	0.212657
6490	1.298	-0.171005	0.120064	0.212658
6495	1.299	-0.171005	0.120065	0.212658
6500	1.3	-0.171005	0.120066	0.212659
6505	1.301	-0.171005	0.120067	0.212661
6510	1.302	-0.171005	0.120068	0.212662
6515	1.303	-0.171005	0.120069	0.212663
6520	1.304	-0.171005	0.12007	0.212665
6525	1.305	-0.171005	0.120072	0.212667
6530	1.306	-0.171005	0.120073	0.212669
6535	1.307	-0.171005	0.120075	0.212671
6540	1.308	-0.171006	0.120077	0.212674
6545	1.309	-0.171006	0.120079	0.212677
6550	1.31	-0.171006	0.120081	0.21268
6555	1.311	-0.171006	0.120083	0.212683
6560	1.312	-0.171006	0.120085	0.212686
6565	1.313	-0.171007	0.120087	0.21269
6570	1.314	-0.171007	0.12009	0.212693
6575	1.315	-0.171007	0.120092	0.212697
6580	1.316	-0.171008	0.120095	0.212701
6585	1.317	-0.171008	0.120097	0.212705
6590	1.318	-0.171008	0.1201	0.21271
6595	1.319	-0.171009	0.120103	0.212714
6600	1.32	-0.171009	0.120106	0.212719
6605	1.321	-0.171009	0.120108	0.212723
6610	1.322	-0.17101	0.120112	0.212728
6615	1.323	-0.17101	0.120115	0.212733
6620	1.324	-0.171011	0.120118	0.212738
6625	1.325	-0.171011	0.120121	0.212743
6630	1.326	-0.171012	0.120124	0.212749
6635	1.327	-0.171012	0.120128	0.212754
6640	1.328	-0.171013	0.120131	0.21276
6645	1.329	-0.171013	0.120131	0.21276
6650	1.33	-0.171013	0.120134	0.212765
6655	1.331	-0.171012	0.120135	0.212765
6660	1.332	-0.171012	0.120135	0.212764
6665	1.333	-0.171012	0.120135	0.212764
6670	1.334	-0.171012	0.120135	0.212764
6675	1.335	-0.171012	0.120135	0.212764
6680	1.336	-0.171012	0.120136	0.212764
6685	1.337	-0.171012	0.120136	0.212764
6690	1.338	-0.171012	0.120137	0.212764
6695	1.339	-0.171012	0.120137	0.212765
6700	1.34	-0.171012	0.120138	0.212766
6705	1.341	-0.171012	0.120139	0.212767
6710	1.342	-0.171012	0.12014	0.212768
6715	1.343	-0.171012	0.120141	0.212769
6720	1.344	-0.171012	0.120142	0.21277
6725	1.345	-0.171012	0.120143	0.212772
6730	1.346	-0.171012	0.120145	0.212774
6735	1.347	-0.171012	0.120146	0.212776
6740	1.348	-0.171012	0.120148	0.212778
6745	1.349	-0.171012	0.120149	0.212781
6750	1.35	-0.171012	0.120151	0.212783
6755	1.351	-0.171013	0.120153	0.212786
6760	1.352	-0.171013	0.120155	0.212789
6765	1.353	-0.171013	0.120157	0.212792
6770	1.354	-0.171013	0.120159	0.212795
6775	1.355	-0.171013	0.120161	0.212798
6780	1.356	-0.171014	0.120164	0.212802
6785	1.357	-0.171014	0.120166	0.212806
6790	1.358	-0.171014	0.120169	0.21281
6795	1.359	-0.171015	0.120171	0.212814
6800	1.36	-0.171015	0.120174	0.212818
6805	1.361	-0.171015	0.120176	0.212822
6810	1.362	-0.171016	0.120179	0.212826
6815	1.363	-0.171016	0.120179	0.212826
6820	1.364	-0.171016	0.120182	0.212831
6825	1.365	-0.171015	0.120182	0.21283
6830	1.366	-0.171015	0.120182	0.21283
6835	1.367	-0.171015	0.120182	0.21283
6840	1.368	-0.171015	0.120182	0.212829
6845	1.369	-0.171015	0.120183	0.212829
6850	1.37	-0.171015	0.120183	0.21283
6855	1.371	-0.171015	0.120184	0.21283
6860	1.372	-0.171015	0.120184	0.212831
6865	1.373	-0.171015	0.120185	0.212831
6870	1.374	-0.171015	0.120186	0.212832
6875	1.375	-0.171015	0.120187	0.212833
6880	1.376	-0.171015	0.120188	0.212834
6885	1.377	-0.171015	0.120189	0.212836
6890	1.378	-0.171015	0.12019	0.212837
6895	1.379	-0.171015	0.120192	0.212839
6900	1.38	-0.171015	0.120193	0.212841
6905	1.381	-0.171015	0.120195	0.212843
6910	1.382	-0.171015	0.120196	0.212846
6915	1.383	-0.171015	0.120198	0.212848
6920	1.384	-0.171015	0.1202	0.212851
6925	1.385	-0.171016	0.120201	0.212853
6930	1.386	-0.171016	0.120203	0.212856
6935	1.387	-0.171016	0.120205	0.212859
6940	1.388	-0.171016	0.120207	0.212862
6945	1.389	-0.171017	0.12021	0.212866
6950	1.39	-0.171017	0.12021	0.212866
6955	1.391	-0.171017	0.120212	0.212869
6960	1.392	-0.171016	0.120212	0.212869
6965	1.393	-0.171016	0.120212	0.212868
6970	1.394	-0.171016	0.120212	0.212868
6975	1.395	-0.171016	0.120212	0.212868
6980	1.396	-0.171016	0.120213	0.212868
6985	1.397	-0.171015	0.120213	0.212868
6990	1.398	-0.171015	0.120214	0.212869
6995	1.399	-0.171015	0.120214	0.212869
7000	1.4	-0.171015	0.120215	0.21287
7005	1.401	-0.171015	0.120216	0.212871
7010	1.402	-0.171015	0.120217	0.212872
7015	1.403	-0.171015	0.120218	0.212874
7020	1.404	-0.171015	0.120219	0.212875
7025	1.405	-0.171016	0.120221	0.212877
7030	1.406	-0.171016	0.120222	0.212879
7035	1.407	-0.171016	0.120223	0.21288
7040	1.408	-0.171016	0.120225	0.212882
7045	1.409	-0.171016	0.120226	0.212885
7050	1.41	-0.171016	0.120228	0.212887
7055	1.411	-0.171016	0.12023	0.21289
7060	1.412	-0.171016	0.12023	0.21289
7065	1.413	-0.171016	0.120232	0.212892
7070	1.414	-0.171016	0.120232	0.212892
7075	1.415	-0.171016	0.120232	0.212892
7080	1.416	-0.171015	0.120232	0.212891
7085	1.417	-0.171015	0.120232	0.212891
7090	1.418	-0.171015	0.120233	0.212891
7095	1.419	-0.171015	0.120233	0.212892
7100	1.42	-0.171015	0.120234	0.212892
7105	1.421	-0.171015	0.120234	0.212893
7110	1.422	-0.171015	0.120235	0.212894
7115	1.423	-0.171015	0.120236	0.212895
7120	1.424	-0.171015	0.120237	0.212896
7125	1.425	-0.171015	0.120238	0.212897
7130	1.426	-0.171015	0.120239	0.212899
7135	1.427	-0.171015	0.120241	0.2129
7140	1.428	-0.171015	0.120242	0.212902
7145	1.429	-0.171016	0.120244	0.212904
7150	1.43	-0.171016	0.120245	0.212906
7155	1.431	-0.171016	0.120247	0.212909
7160	1.432	-0.171016	0.120248	0.212911
7165	1.433	-0.171016	0.12025	0.212914
7170	1.434	-0.171016	0.12025	0.212914
7175	1.435	-0.171016	0.120252	0.212916
7180	1.436	-0.171016	0.120252	0.212916
7185	1.437	-0.171015	0.120252	0.212916
7190	1.438	-0.171015	0.120252	0.212915
7195	1.439	-0.171015	0.120252	0.212915
7200	1.44	-0.171015	0.120253	0.212915
7205	1.441	-0.171015	0.120253	0.212916
7210	1.442	-0.171015	0.120254	0.212916
7215	1.443	-0.171015	0.120255	0.212917
7220	1.444	-0.171015	0.120255	0.212917
7225	1.445	-0.171015	0.120256	0.212918
7230	1.446	-0.171015	0.120257	0.21292
7235	1.447	-0.171015	0.120258	0.212921
7240	1.448	-0.171015	0.120259	0.212922
7245	1.449	-0.171015	0.120261	0.212924
7250	1.45	-0.171015	0.120262	0.212926
7255	1.451	-0.171015	0.120263	0.212928
7260	1.452	-0.171016	0.120265	0.212929
7265	1.453	-0.171016	0.120266	0.212932
7270	1.454	-0.171016	0.120268	0.212934
7275	1.455	-0.171016	0.12027	0.212937
7280	1.456	-0.171016	0.12027	0.212937
7285	1.457	-0.171016	0.120271	0.212939
7290	1.458	-0.171015	0.120271	0.212939
7295	1.459	-0.171015	0.120272	0.212938
7300	1.46	-0.171015	0.120272	0.212938
7305	1.461	-0.171015	0.120272	0.212938
7310	1.462	-0.171015	0.120272	0.212938
7315	1.463	-0.171015	0.120273	0.212938
7320	1.464	-0.171015	0.120273	0.212939
7325	1.465	-0.171015	0.120274	0.212939
7330	1.466	-0.171015	0.120275	0.21294
7335	1.467	-0.171015	0.120276	0.212941
7340	1.468	-0.171015	0.120277	0.212942
7345	1.469	-0.171015	0.120278	0.212943
7350	1.47	-0.171015	0.120279	0.212945
7355	1.471	-0.171015	0.12028	0.212946
7360	1.472	-0.171015	0.120281	0.212948
7365	1.473	-0.171015	0.120283	0.21295
7370	1.474	-0.171015	0.120284	0.212951
7375	1.475	-0.171015	0.120285	0.212954
7380	1.476	-0.171016	0.120287	0.212956
7385	1.477	-0.171016	0.120289	0.212958
7390	1.478	-0.171016	0.120289	0.212958
7395	1.479	-0.171016	0.12029	0.212961
7400	1.48	-0.171015	0.12029	0.21296
7405	1.481	-0.171015	0.120291	0.21296
7410	1.482	-0.171015	0.120291	0.21296
7415	1.483	-0.171015	0.120291	0.212959
7420	1.484	-0.171015	0.120291	0.212959
7425	1.485	-0.171015	0.120292	0.21296
7430	1.486	-0.171015	0.120292	0.21296
7435	1.487	-0.171015	0.120293	0.212961
7440	1.488	-0.171015	0.120294	0.212961
7445	1.489	-0.171015	0.120294	0.212962
7450	1.49	-0.171015	0.120295	0.212963
7455	1.491	-0.171015	0.120296	0.212965
7460	1.492	-0.171015	0.120297	0.212966
7465	1.493	-0.171015	0.120299	0.212967
7470	1.494	-0.171015	0.1203	0.212969
7475	1.495	-0.171015	0.120301	0.212971
7480	1.496	-0.171015	0.120302	0.212972
7485	1.497	-0.171015	0.120304	0.212974
7490	1.498	-0.171015	0.120305	0.212976
7495	1.499	-0.171015	0.120307	0.212979
7500	1.5	-0.171015	0.120307	0.212979
7505	1.501	-0.171016	0.120309	0.212981
7510	1.502	-0.171015	0.120309	0.212981
7515	1.503	-0.171015	0.120309	0.21298
7520	1.504	-0.171014	0.120309	0.21298
7525	1.505	-0.171014	0.120309	0.21298
7530	1.506	-0.171014	0.120309	0.21298
7535	1.507	-0.171014	0.12031	0.21298
7540	1.508	-0.171014	0.12031	0.21298
7545	1.509	-0.171014	0.120311	0.212981
7550	1.51	-0.171014	0.120312	0.212981
7555	1.511	-0.171014	0.120313	0.212982
7560	1.512	-0.171014	0.120313	0.212983
7565	1.513	-0.171014	0.120314	0.212985
7570	1.514	-0.171014	0.120315	0.212986
7575	1.515	-0.171014	0.120317	0.212987
7580	1.516	-0.171014	0.120318	0.212989
7585	1.517	-0.171014	0.120319	0.21299
7590	1.518	-0.171015	0.12032	0.212992
7595	1.519	-0.171015	0.120322	0.212994
7600	1.52	-0.171015	0.120323	0.212996
7605	1.521	-0.171015	0.120325	0.212998
7610	1.522	-0.171015	0.120325	0.212998
7615	1.523	-0.171015	0.120326	0.213
7620	1.524	-0.171014	0.120326	0.213
7625	1.525	-0.171014	0.120326	0.213
7630	1.526	-0.171014	0.120327	0.212999
7635	1.527	-0.171014	0.120327	0.212999
7640	1.528	-0.171014	0.120327	0.212999
7645	1.529	-0.171014	0.120328	0.212999
7650	1.53	-0.171014	0.120328	0.213
7655	1.531	-0.171014	0.120329	0.213
7660	1.532	-0.171014	0.120329	0.213001
7665	1.533	-0.171014	0.12033	0.213002
7670	1.534	-0.171014	0.120331	0.213003
7675	1.535	-0.171014	0.120332	0.213004
7680	1.536	-0.171014	0.120333	0.213005
7685	1.537	-0.171014	0.120334	0.213006
7690	1.538	-0.171014	0.120335	0.213008
7695	1.539	-0.171014	0.120337	0.213009
7700	1.54	-0.171014	0.120337	0.213009
7705	1.541	-0.171014	0.120338	0.213011
7710	1.542	-0.171013	0.120338	0.213011
7715	1.543	-0.171013	0.120338	0.21301
7720	1.544	-0.171013	0.120338	0.21301
7725	1.545	-0.171013	0.120338	0.21301
7730	1.546	-0.171013	0.120339	0.21301
7735	1.547	-0.171013	0.120339	0.21301
7740	1.548	-0.171013	0.12034	0.21301
7745	1.549	-0.171013	0.12034	0.213011
7750	1.55	-0.171013	0.120341	0.213011
7755	1.551	-0.171013	0.120342	0.213012
7760	1.552	-0.171013	0.120342	0.213013
7765	1.553	-0.171013	0.120343	0.213014
7770	1.554	-0.171013	0.120344	0.213015
7775	1.555	-0.171013	0.120346	0.213017
7780	1.556	-0.171013	0.120347	0.213019
7785	1.557	-0.171013	0.120348	0.21302
7790	1.558	-0.171013	0.120349	0.213022
7795	1.559	-0.171013	0.120351	0.213024
7800	1.56	-0.171013	0.120352	0.213026
7805	1.561	-0.171014	0.120354	0.213028
7810	1.562	-0.171014	0.120354	0.213028
7815	1.563	-0.171014	0.120355	0.21303
7820	1.564	-0.171013	0.120355	0.21303
7825	1.565	-0.171013	0.120355	0.213029
7830	1.566	-0.171013	0.120356	0.213029
7835	1.567	-0.171013	0.120356	0.213029
7840	1.568	-0.171012	0.120356	0.213029
7845	1.569	-0.171012	0.120356	0.213029
7850	1.57	-0.171012	0.120357	0.213029
7855	1.571	-0.171012	0.120357	0.213029
7860	1.572	-0.171012	0.120358	0.21303
7865	1.573	-0.171012	0.120359	0.21303
7870	1.574	-0.171012	0.12036	0.213031
7875	1.575	-0.171012	0.12036	0.213032
7880	1.576	-0.171012	0.120361	0.213033
7885	1.577	-0.171012	0.120362	0.213035
7890	1.578	-0.171012	0.120364	0.213036
7895	1.579	-0.171013	0.120365	0.213038
7900	1.58	-0.171013	0.120366	0.213039
7905	1.581	-0.171013	0.120367	0.213041
7910	1.582	-0.171013	0.120369	0.213043
7915	1.583	-0.171013	0.120369	0.213043
7920	1.584	-0.171013	0.12037	0.213045
7925	1.585	-0.171012	0.12037	0.213045
7930	1.586	-0.171012	0.12037	0.213044
7935	1.587	-0.171012	0.12037	0.213044
7940	1.588	-0.171012	0.120371	0.213044
7945	1.589	-0.171012	0.120371	0.213044
7950	1.59	-0.171012	0.120371	0.213044
7955	1.591	-0.171012	0.120372	0.213044
7960	1.592	-0.171012	0.120372	0.213044
7965	1.593	-0.171012	0.120373	0.213045
7970	1.594	-0.171012	0.120374	0.213045
7975	1.595	-0.171012	0.120374	0.213046
7980	1.596	-0.171012	0.120375	0.213047
7985	1.597	-0.171012	0.120376	0.213048
7990	1.598	-0.171012	0.120377	0.21305
7995	1.599	-0.171012	0.120378	0.213051
8000	1.6	-0.171012	0.12038	0.213053
8005	1.601	-0.171012	0.120381	0.213054
8010	1.602	-0.171012	0.120382	0.213056
8015	1.603	-0.171012	0.120384	0.213058
8020	1.604	-0.171012	0.120385	0.21306
8025	1.605	-0.171012	0.120385	0.21306
8030	1.606	-0.171012	0.120387	0.213062
8035	1.607	-0.171012	0.120387	0.213062
8040	1.608	-0.171011	0.120387	0.213061
8045	1.609	-0.171011	0.120387	0.213061
8050	1.61	-0.171011	0.120387	0.213061
8055	1.611	-0.171011	0.120387	0.213061
8060	1.612	-0.171011	0.120388	0.213061
8065	1.613	-0.171011	0.120388	0.213061
8070	1.614	-0.171011	0.120389	0.213061
8075	1.615	-0.171011	0.120389	0.213062
8080	1.616	-0.171011	0.12039	0.213062
8085	1.617	-0.171011	0.120391	0.213063
8090	1.618	-0.171011	0.120392	0.213064
8095	1.619	-0.171011	0.120392	0.213065
8100	1.62	-0.171011	0.120393	0.213066
8105	1.621	-0.171011	0.120395	0.213068
8110	1.622	-0.171011	0.120396	0.213069
8115	1.623	-0.171011	0.120397	0.213071
8120	1.624	-0.171011	0.120397	0.213071
8125	1.625	-0.171011	0.120398	0.213072
8130	1.626	-0.171011	0.120398	0.213072
8135	1.627	-0.17101	0.120398	0.213071
8140	1.628	-0.17101	0.120398	0.213071
8145	1.629	-0.17101	0.120398	0.21307
8150	1.63	-0.17101	0.120399	0.21307
8155	1.631	-0.17101	0.120399	0.21307
8160	1.632	-0.17101	0.120399	0.21307
8165	1.633	-0.17101	0.1204	0.21307
8170	1.634	-0.17101	0.1204	0.213071
8175	1.635	-0.17101	0.120401	0.213072
8180	1.636	-0.17101	0.120401	0.213072
8185	1.637	-0.17101	0.120402	0.213072
8190	1.638	-0.171009	0.120402	0.213072
8195	1.639	-0.171009	0.120402	0.213071
8200	1.64	-0.171009	0.120402	0.213071
8205	1.641	-0.171009	0.120402	0.213071
8210	1.642	-0.171008	0.120403	0.213071
8215	1.643	-0.171008	0.120403	0.213071
8220	1.644	-0.171008	0.120404	0.213072
8225	1.645	-0.171008	0.120404	0.213072
8230	1.646	-0.171008	0.120405	0.213073
8235	1.647	-0.171008	0.120406	0.213073
8240	1.648	-0.171008	0.120406	0.213074
8245	1.649	-0.171008	0.120407	0.213075
8250	1.65	-0.171008	0.120407	0.213075
8255	1.651	-0.171008	0.120408	0.213076
8260	1.652	-0.171008	0.120408	0.213076
8265	1.653	-0.171007	0.120408	0.213076
8270	1.654	-0.171007	0.120408	0.213075
8275	1.655	-0.171007	0.120409	0.213075
8280	1.656	-0.171007	0.120409	0.213075
8285	1.657	-0.171007	0.120409	0.213075
8290	1.658	-0.171007	0.12041	0.213075
8295	1.659	-0.171007	0.12041	0.213076
8300	1.66	-0.171007	0.120411	0.213076
8305	1.661	-0.171007	0.120412	0.213077
8310	1.662	-0.171007	0.120413	0.213078
8315	1.663	-0.171007	0.120413	0.213079
8320	1.664	-0.171007	0.120414	0.21308
8325	1.665	-0.171007	0.120415	0.213081
8330	1.666	-0.171007	0.120417	0.213083
8335	1.667	-0.171007	0.120418	0.213084
8340	1.668	-0.171007	0.120418	0.213084
8345	1.669	-0.171007	0.120419	0.213086
8350	1.67	-0.171007	0.120419	0.213085
8355	1.671	-0.171006	0.120419	0.213085
8360	1.672	-0.171006	0.120419	0.213084
8365	1.673	-0.171006	0.120419	0.213084
8370	1.674	-0.171006	0.120419	0.213084
8375	1.675	-0.171006	0.12042	0.213084
8380	1.676	-0.171006	0.12042	0.213084
8385	1.677	-0.171006	0.120421	0.213084
8390	1.678	-0.171006	0.120421	0.213084
8395	1.679	-0.171006	0.120422	0.213085
8400	1.68	-0.171006	0.120422	0.213085
8405	1.681	-0.171006	0.120422	0.213085
8410	1.682	-0.171005	0.120422	0.213085
8415	1.683	-0.171005	0.120423	0.213085
8420	1.684	-0.171005	0.120423	0.213084
8425	1.685	-0.171005	0.120423	0.213084
8430	1.686	-0.171005	0.120423	0.213084
8435	1.687	-0.171005	0.120424	0.213084
8440	1.688	-0.171005	0.120424	0.213085
8445	1.689	-0.171005	0.120425	0.213085
8450	1.69	-0.171005	0.120426	0.213086
8455	1.691	-0.171005	0.120426	0.213087
8460	1.692	-0.171005	0.120427	0.213087
8465	1.693	-0.171005	0.120428	0.213088
8470	1.694	-0.171005	0.120428	0.213088
8475	1.695	-0.171005	0.120429	0.213089
8480	1.696	-0.171004	0.120429	0.213089
8485	1.697	-0.171004	0.120429	0.213088
8490	1.698	-0.171004	0.120429	0.213088
8495	1.699	-0.171004	0.120429	0.213088
8500	1.7	-0.171003	0.12043	0.213088
8505	1.701	-0.171003	0.12043	0.213088
8510	1.702	-0.171003	0.12043	0.213088
8515	1.703	-0.171003	0.120431	0.213088
8520	1.704	-0.171003	0.120431	0.213089
8525	1.705	-0.171003	0.120432	0.213089
8530	1.706	-0.171003	0.120433	0.21309
8535	1.707	-0.171003	0.120434	0.213091
8540	1.708	-0.171003	0.120435	0.213092
8545	1.709	-0.171003	0.120436	0.213093
8550	1.71	-0.171004	0.120437	0.213095
8555	1.711	-0.171004	0.120438	0.213096
8560	1.712	-0.171004	0.120438	0.213096
8565	1.713	-0.171004	0.120439	0.213098
8570	1.714	-0.171003	0.120439	0.213097
8575	1.715	-0.171003	0.120439	0.213097
8580	1.716	-0.171003	0.120439	0.213096
8585	1.717	-0.171003	0.120439	0.213096
8590	1.718	-0.171002	0.120439	0.213096
8595	1.719	-0.171002	0.12044	0.213096
8600	1.72	-0.171002	0.12044	0.213095
8605	1.721	-0.171002	0.120441	0.213096
8610	1.722	-0.171002	0.120441	0.213096
8615	1.723	-0.171002	0.120442	0.213096
8620	1.724	-0.171002	0.120442	0.213097
8625	1.725	-0.171002	0.120443	0.213098
8630	1.726	-0.171002	0.120444	0.213098
8635	1.727	-0.171002	0.120445	0.213099
8640	1.728	-0.171002	0.120446	0.213101
8645	1.729	-0.171002	0.120446	0.213101
8650	1.73	-0.171002	0.120447	0.213102
8655	1.731	-0.171002	0.120447	0.213101
8660	1.732	-0.171001	0.120447	0.213101
8665	1.733	-0.171001	0.120447	0.213101
8670	1.734	-0.171001	0.120447	0.2131
8675	1.735	-0.171001	0.120447	0.2131
8680	1.736	-0.171001	0.120448	0.2131
8685	1.737	-0.171001	0.120448	0.2131
8690	1.738	-0.171001	0.120448	0.2131
8695	1.739	-0.171001	0.120449	0.2131
8700	1.74	-0.171001	0.120449	0.213101
8705	1.741	-0.171001	0.12045	0.213102
8710	1.742	-0.171001	0.12045	0.213102
8715	1.743	-0.171001	0.120451	0.213102
8720	1.744	-0.171	0.120451	0.213102
8725	1.745	-0.171	0.120451	0.213102
8730	1.746	-0.171	0.120451	0.213101
8735	1.747	-0.171	0.120451	0.213101
8740	1.748	-0.171	0.120452	0.213101
8745	1.749	-0.171	0.120452	0.213101
8750	1.75	-0.171	0.120453	0.213101
8755	1.751	-0.171	0.120453	0.213102
8760	1.752	-0.171	0.120454	0.213102
8765	1.753	-0.170999	0.120454	0.213103
8770	1.754	-0.171	0.120455	0.213104
8775	1.755	-0.171	0.120456	0.213105
8780	1.756	-0.171	0.120456	0.213105
8785	1.757	-0.171	0.120457	0.213105
8790	1.758	-0.170999	0.120457	0.213105
8795	1.759	-0.170999	0.120457	0.213104
8800	1.76	-0.170999	0.120457	0.213104
8805	1.761	-0.170998	0.120457	0.213104
8810	1.762	-0.170998	0.120457	0.213103
8815	1.763	-0.170998	0.120458	0.213103
8820	1.764	-0.170998	0.120458	0.213103
8825	1.765	-0.170998	0.120458	0.213104
8830	1.766	-0.170998	0.120459	0.213104
8835	1.767	-0.170998	0.12046	0.213105
8840	1.768	-0.170998	0.12046	0.213105
8845	1.769	-0.170998	0.12046	0.213105
8850	1.77	-0.170997	0.12046	0.213105
8855	1.771	-0.170997	0.12046	0.213104
8860	1.772	-0.170997	0.120461	0.213104
8865	1.773	-0.170997	0.120461	0.213104
8870	1.774	-0.170997	0.120461	0.213104
8875	1.775	-0.170997	0.120462	0.213104
8880	1.776	-0.170997	0.120462	0.213104
8885	1.777	-0.170997	0.120463	0.213105
8890	1.778	-0.170997	0.120463	0.213105
8895	1.779	-0.170997	0.120464	0.213106
8900	1.78	-0.170997	0.120465	0.213107
8905	1.781	-0.170997	0.120465	0.213107
8910	1.782	-0.170997	0.120465	0.213107
8915	1.783	-0.170996	0.120465	0.213107
8920	1.784	-0.170996	0.120466	0.213106
8925	1.785	-0.170996	0.120466	0.213106
8930	1.786	-0.170996	0.120466	0.213106
8935	1.787	-0.170996	0.120466	0.213106
8940	1.788	-0.170996	0.120467	0.213106
8945	1.789	-0.170996	0.120467	0.213106
8950	1.79	-0.170996	0.120468	0.213106
8955	1.791	-0.170996	0.120468	0.213107
8960	1.792	-0.170996	0.120469	0.213107
8965	1.793	-0.170996	0.120469	0.213108
8970	1.794	-0.170996	0.12047	0.213109
8975	1.795	-0.170996	0.12047	0.213109
8980	1.796	-0.170996	0.120471	0.21311
8985	1.797	-0.170995	0.120471	0.213109
8990	1.798	-0.170995	0.120471	0.213109
8995	1.799	-0.170995	0.120471	0.213109
9000	1.8	-0.170994	0.120472	0.213108
9005	1.801	-0.170994	0.120472	0.213108
9010	1.802	-0.170994	0.120472	0.213108
9015	1.803	-0.170994	0.120472	0.213108
9020	1.804	-0.170994	0.120473	0.213108
9025	1.805	-0.170994	0.120473	0.213109
9030	1.806	-0.170994	0.120474	0.213109
9035	1.807	-0.170994	0.120475	0.21311
9040	1.808	-0.170994	0.120475	0.21311
9045	1.809	-0.170994	0.120475	0.21311
9050	1.81	-0.170994	0.120475	0.21311
9055	1.811	-0.170993	0.120475	0.21311
9060	1.812	-0.170993	0.120476	0.213109
9065	1.813	-0.170993	0.120476	0.213109
9070	1.814	-0.170993	0.120476	0.213109
9075	1.815	-0.170993	0.120476	0.213109
9080	1.816	-0.170993	0.120477	0.213109
9085	1.817	-0.170993	0.120477	0.213109
9090	1.818	-0.170993	0.120478	0.21311
9095	1.819	-0.170993	0.120479	0.21311
9100	1.82	-0.170993	0.120479	0.213111
9105	1.821	-0.170993	0.12048	0.213112
9110	1.822	-0.170993	0.12048	0.213112
9115	1.823	-0.170993	0.120481	0.213113
9120	1.824	-0.170992	0.120481	0.213113
9125	1.825	-0.170992	0.120481	0.213112
9130	1.826	-0.170992	0.120481	0.213111
9135	1.827	-0.170992	0.120481	0.213111
9140	1.828	-0.170992	0.120481	0.213111
9145	1.829	-0.170992	0.120482	0.213111
9150	1.83	-0.170992	0.120482	0.213111
9155	1.831	-0.170992	0.120482	0.213111
9160	1.832	-0.170992	0.120483	0.213111
9165	1.833	-0.170992	0.120484	0.213112
9170	1.834	-0.170992	0.120484	0.213112
9175	1.835	-0.170992	0.120484	0.213112
9180	1.836	-0.170991	0.120484	0.213112
9185	1.837	-0.170991	0.120484	0.213111
9190	1.838	-0.17099	0.120485	0.213111
9195	1.839	-0.17099	0.120485	0.213111
9200	1.84	-0.17099	0.120485	0.213111
9205	1.841	-0.17099	0.120485	0.213111
9210	1.842	-0.17099	0.120486	0.213111
9215	1.843	-0.17099	0.120486	0.213112
9220	1.844	-0.17099	0.120487	0.213112
9225	1.845	-0.17099	0.120488	0.213113
9230	1.846	-0.17099	0.120488	0.213113
9235	1.847	-0.17099	0.120488	0.213113
9240	1.848	-0.17099	0.120489	0.213114
9245	1.849	-0.17099	0.120489	0.213114
9250	1.85	-0.170989	0.120489	0.213113
9255	1.851	-0.170989	0.120489	0.213113
9260	1.852	-0.170989	0.12049	0.213113
9265	1.853	-0.170989	0.12049	0.213113
9270	1.854	-0.170989	0.12049	0.213113
9275	1.855	-0.170989	0.120491	0.213113
9280	1.856	-0.170989	0.120491	0.213113
9285	1.857	-0.170989	0.120492	0.213113
9290	1.858	-0.170989	0.120492	0.213114
9295	1.859	-0.170989	0.120493	0.213115
9300	1.86	-0.170989	0.120494	0.213115
9305	1.861	-0.170989	0.120494	0.213115
9310	1.862	-0.170989	0.120495	0.213116
9315	1.863	-0.170988	0.120495	0.213116
9320	1.864	-0.170988	0.120495	0.213116
9325	1.865	-0.170988	0.120495	0.213115
9330	1.866	-0.170988	0.120495	0.213115
9335	1.867	-0.170988	0.120495	0.213115
9340	1.868	-0.170988	0.120496	0.213114
9345	1.869	-0.170988	0.120496	0.213114
9350	1.87	-0.170988	0.120496	0.213115
9355	1.871	-0.170988	0.120497	0.213115
9360	1.872	-0.170988	0.120497	0.213115
9365	1.873	-0.170988	0.120498	0.213116
9370	1.874	-0.170988	0.120499	0.213116
9375	1.875	-0.170988	0.120499	0.213117
9380	1.876	-0.170988	0.1205	0.213118
9385	1.877	-0.170988	0.120501	0.213119
9390	1.878	-0.170988	0.120502	0.21312
9395	1.879	-0.170988	0.120502	0.21312
9400	1.88	-0.170988	0.120503	0.213121
9405	1.881	-0.170987	0.120503	0.213121
9410	1.882	-0.170987	0.120503	0.21312
9415	1.883	-0.170987	0.120503	0.21312
9420	1.884	-0.170987	0.120503	0.213119
9425	1.885	-0.170987	0.120503	0.213119
9430	1.886	-0.170987	0.120504	0.213119
9435	1.887	-0.170987	0.120504	0.213119
9440	1.888	-0.170987	0.120505	0.213119
9445	1.889	-0.170986	0.120505	0.21312
9450	1.89	-0.170986	0.120506	0.21312
9455	1.891	-0.170986	0.120506	0.21312
9460	1.892	-0.170986	0.120506	0.213121
9465	1.893	-0.170986	0.120506	0.21312
9470	1.894	-0.170985	0.120506	0.21312
9475	1.895	-0.170985	0.120507	0.213119
9480	1.896	-0.170985	0.120507	0.213119
9485	1.897	-0.170985	0.120507	0.213119
9490	1.898	-0.170985	0.120507	0.213119
9495	1.899	-0.170985	0.120508	0.213119
9500	1.9	-0.170985	0.120508	0.21312
9505	1.901	-0.170985	0.120509	0.21312
9510	1.902	-0.170985	0.120509	0.21312
9515	1.903	-0.170985	0.12051	0.213121
9520	1.904	-0.170985	0.120511	0.213122
9525	1.905	-0.170985	0.120511	0.213122
9530	1.906	-0.170985	0.120512	0.213123
9535	1.907	-0.170984	0.120512	0.213122
9540	1.908	-0.170984	0.120512	0.213122
9545	1.909	-0.170984	0.120512	0.213121
9550	1.91	-0.170984	0.120512	0.213121
9555	1.911	-0.170984	0.120512	0.213121
9560	1.912	-0.170984	0.120513	0.213121
9565	1.913	-0.170984	0.120513	0.213121
9570	1.914	-0.170984	0.120513	0.213121
9575	1.915	-0.170984	0.120514	0.213121
9580	1.916	-0.170984	0.120514	0.213121
9585	1.917	-0.170984	0.120515	0.213122
9590	1.918	-0.170984	0.120515	0.213122
9595	1.919	-0.170984	0.120515	0.213122
9600	1.92	-0.170983	0.120515	0.213122
9605	1.921	-0.170983	0.120516	0.213122
9610	1.922	-0.170983	0.120516	0.213121
9615	1.923	-0.170983	0.120516	0.213121
9620	1.924	-0.170982	0.120516	0.213121
9625	1.925	-0.170982	0.120516	0.213121
9630	1.926	-0.170982	0.120517	0.213121
9635	1.927	-0.170982	0.120517	0.213121
9640	1.928	-0.170982	0.120518	0.213121
9645	1.929	-0.170982	0.120518	0.213122
9650	1.93	-0.170982	0.120519	0.213123
9655	1.931	-0.170982	0.12052	0.213124
9660	1.932	-0.170982	0.12052	0.213124
9665	1.933	-0.170982	0.120521	0.213124
9670	1.934	-0.170982	0.120521	0.213124
9675	1.935	-0.170981	0.120521	0.213123
9680	1.936	-0.170981	0.120521	0.213123
9685	1.937	-0.170981	0.120521	0.213122
9690	1.938	-0.170981	0.120521	0.213122
9695	1.939	-0.170981	0.120521	0.213122
9700	1.94	-0.170981	0.120522	0.213122
9705	1.941	-0.170981	0.120522	0.213122
9710	1.942	-0.170981	0.120522	0.213122
9715	1.943	-0.170981	0.120523	0.213122
9720	1.944	-0.170981	0.120524	0.213123
9725	1.945	-0.170981	0.120524	0.213123
9730	1.946	-0.170981	0.120524	0.213123
9735	1.947	-0.17098	0.120524	0.213123
9740	1.948	-0.17098	0.120524	0.213122
9745	1.949	-0.17098	0.120524	0.213122
9750	1.95	-0.17098	0.120524	0.213122
9755	1.951	-0.17098	0.120525	0.213122
9760	1.952	-0.17098	0.120525	0.213122
9765	1.953	-0.17098	0.120526	0.213122
9770	1.954	-0.17098	0.120526	0.213122
9775	1.955	-0.170979	0.120526	0.213122
9780	1.956	-0.170979	0.120527	0.213123
9785	1.957	-0.170979	0.120528	0.213123
9790	1.958	-0.170979	0.120528	0.213123
9795	1.959	-0.170979	0.120528	0.213124
9800	1.96	-0.170979	0.120528	0.213123
9805	1.961	-0.170979	0.120528	0.213123
9810	1.962	-0.170978	0.120528	0.213122
9815	1.963	-0.170978	0.120529	0.213122
9820	1.964	-0.170978	0.120529	0.213122
9825	1.965	-0.170978	0.120529	0.213122
9830	1.966	-0.170978	0.12053	0.213122
9835	1.967	-0.170978	0.12053	0.213122
9840	1.968	-0.170978	0.12053	0.213122
9845	1.969	-0.170978	0.120531	0.213123
9850	1.97	-0.170978	0.120532	0.213123
9855	1.971	-0.170978	0.120532	0.213123
9860	1.972	-0.170978	0.120532	0.213124
9865	1.973	-0.170977	0.120532	0.213124
9870	1.974	-0.170977	0.120533	0.213123
9875	1.975	-0.170977	0.120533	0.213123
9880	1.976	-0.170977	0.120533	0.213123
9885	1.977	-0.170977	0.120533	0.213122
9890	1.978	-0.170977	0.120533	0.213122
9895	1.979	-0.170977	0.120534	0.213122
9900	1.98	-0.170977	0.120534	0.213122
9905	1.981	-0.170977	0.120534	0.213122
9910	1.982	-0.170977	0.120535	0.213123
9915	1.983	-0.170977	0.120536	0.213123
9920	1.984	-0.170977	0.120536	0.213123
9925	1.985	-0.170977	0.120536	0.213124
9930	1.986	-0.170976	0.120536	0.213123
9935	1.987	-0.170976	0.120536	0.213123
9940	1.988	-0.170976	0.120536	0.213122
9945	1.989	-0.170975	0.120536	0.213122
9950	1.99	-0.170975	0.120537	0.213122
9955	1.991	-0.170975	0.120537	0.213122
9960	1.992	-0.170975	0.120537	0.213122
9965	1.993	-0.170975	0.120538	0.213122
9970	1.994	-0.170975	0.120538	0.213123
9975	1.995	-0.170975	0.120539	0.213123
9980	1.996	-0.170975	0.12054	0.213124
9985	1.997	-0.170975	0.120541	0.213124
9990	1.998	-0.170975	0.120541	0.213124
9995	1.999	-0.170975	0.120541	0.213125
10000	2	-0.170975	0.120541	0.213125
10005	2.001	-0.170974	0.120541	0.213124
10010	2.002	-0.170974	0.120541	0.213124
10015	2.003	-0.170974	0.120541	0.213123
10020	2.004	-0.170974	0.120542	0.213123
10025	2.005	-0.170974	0.120542	0.213123
10030	2.006	-0.170974	0.120542	0.213123
10035	2.007	-0.170974	0.120542	0.213123
10040	2.008	-0.170974	0.120543	0.213123
10045	2.009	-0.170974	0.120543	0.213123
10050	2.01	-0.170974	0.120544	0.213124
10055	2.011	-0.170974	0.120544	0.213124
10060	2.012	-0.170974	0.120545	0.213124
10065	2.013	-0.170973	0.120545	0.213124
10070	2.014	-0.170973	0.120545	0.213123
10075	2.015	-0.170973	0.120545	0.213123
10080	2.016	-0.170973	0.120545	0.213122
10085	2.017	-0.170973	0.120545	0.213122
10090	2.018	-0.170972	0.120546	0.213122
10095	2.019	-0.170972	0.120546	0.213122
10100	2.02	-0.170972	0.120546	0.213123
10105	2.021	-0.170972	0.120547	0.213123
10110	2.022	-0.170972	0.120547	0.213123
10115	2.023	-0.170972	0.120547	0.213123
10120	2.024	-0.170972	0.120548	0.213124
10125	2.025	-0.170972	0.120548	0.213123
10130	2.026	-0.170971	0.120548	0.213123
10135	2.027	-0.170971	0.120548	0.213122
10140	2.028	-0.170971	0.120548	0.213122
10145	2.029	-0.170971	0.120549	0.213122
10150	2.03	-0.170971	0.120549	0.213122
10155	2.031	-0.170971	0.120549	0.213122
10160	2.032	-0.170971	0.12055	0.213122
10165	2.033	-0.170971	0.12055	0.213122
10170	2.034	-0.170971	0.120551	0.213123
10175	2.035	-0.170971	0.120551	0.213123
10180	2.036	-0.170971	0.120552	0.213124
10185	2.037	-0.170971	0.120552	0.213124
10190	2.038	-0.170971	0.120553	0.213125
10195	2.039	-0.17097	0.120553	0.213124
10200	2.04	-0.17097	0.120553	0.213124
10205	2.041	-0.17097	0.120553	0.213124
10210	2.042	-0.17097	0.120553	0.213123
10215	2.043	-0.17097	0.120553	0.213123
10220	2.044	-0.17097	0.120554	0.213123
10225	2.045	-0.17097	0.120554	0.213123
10230	2.046	-0.17097	0.120554	0.213123
10235	2.047	-0.17097	0.120555	0.213123
10240	2.048	-0.17097	0.120555	0.213123
10245	2.049	-0.17097	0.120556	0.213124
10250	2.05	-0.17097	0.120556	0.213124
10255	2.051	-0.17097	0.120556	0.213124
10260	2.052	-0.170969	0.120556	0.213123
10265	2.053	-0.170969	0.120556	0.213123
10270	2.054	-0.170969	0.120556	0.213123
10275	2.055	-0.170968	0.120557	0.213122
10280	2.056	-0.170968	0.120557	0.213122
10285	2.057	-0.170968	0.120557	0.213122
10290	2.058	-0.170968	0.120558	0.213122
10295	2.059	-0.170968	0.120558	0.213122
10300	2.06	-0.170968	0.120558	0.213123
10305	2.061	-0.170968	0.120559	0.213123
10310	2.062	-0.170968	0.12056	0.213124
10315	2.063	-0.170968	0.12056	0.213124
10320	2.064	-0.170968	0.12056	0.213124
10325	2.065	-0.170968	0.120561	0.213125
10330	2.066	-0.170968	0.120561	0.213125
10335	2.067	-0.170967	0.120561	0.213124
10340	2.068	-0.170967	0.120561	0.213123
10345	2.069	-0.170967	0.120561	0.213123
10350	2.07	-0.170967	0.120561	0.213123
10355	2.071	-0.170967	0.120562	0.213123
10360	2.072	-0.170967	0.120562	0.213122
10365	2.073	-0.170967	0.120562	0.213122
10370	2.074	-0.170967	0.120563	0.213123
10375	2.075	-0.170967	0.120563	0.213123
10380	2.076	-0.170967	0.120563	0.213123
10385	2.077	-0.170967	0.120564	0.213123
10390	2.078	-0.170966	0.120564	0.213123
10395	2.079	-0.170966	0.120564	0.213122
10400	2.08	-0.170966	0.120564	0.213122
10405	2.081	-0.170966	0.120564	0.213122
10410	2.082	-0.170965	0.120564	0.213122
10415	2.083	-0.170965	0.120565	0.213122
10420	2.084	-0.170965	0.120565	0.213122
10425	2.085	-0.170965	0.120566	0.213122
10430	2.086	-0.170965	0.120566	0.213122
10435	2.087	-0.170965	0.120567	0.213123
10440	2.088	-0.170965	0.120567	0.213123
10445	2.089	-0.170965	0.120567	0.213123
10450	2.09	-0.170965	0.120568	0.213124
10455	2.091	-0.170965	0.120568	0.213123
10460	2.092	-0.170964	0.120568	0.213123
10465	2.093	-0.170964	0.120568	0.213123
10470	2.094	-0.170964	0.120568	0.213122
10475	2.095	-0.170964	0.120569	0.213122
10480	2.096	-0.170964	0.120569	0.213122
10485	2.097	-0.170964	0.120569	0.213122
10490	2.098	-0.170964	0.12057	0.213122
10495	2.099	-0.170964	0.12057	0.213123
10500	2.1	-0.170964	0.120571	0.213123
10505	2.101	-0.170964	0.120571	0.213123
10510	2.102	-0.170964	0.120572	0.213124
10515	2.103	-0.170964	0.120572	0.213124
10520	2.104	-0.170964	0.120573	0.213125
10525	2.105	-0.170963	0.120573	0.213124
10530	2.106	-0.170963	0.120573	0.213124
10535	2.107	-0.170963	0.120573	0.213124
10540	2.108	-0.170963	0.120573	0.213123
10545	2.109	-0.170963	0.120573	0.213123
10550	2.11	-0.170963	0.120574	0.213123
10555	2.111	-0.170963	0.120574	0.213123
10560	2.112	-0.170963	0.120574	0.213122
10565	2.113	-0.170963	0.120574	0.213122
10570	2.114	-0.170962	0.120575	0.213123
10575	2.115	-0.170962	0.120575	0.213123
10580	2.116	-0.170962	0.120575	0.213123
10585	2.117	-0.170962	0.120576	0.213124
10590	2.118	-0.170962	0.120576	0.213123
10595	2.119	-0.170961	0.120576	0.213123
10600	2.12	-0.170961	0.120576	0.213122
10605	2.121	-0.170961	0.120576	0.213122
10610	2.122	-0.170961	0.120577	0.213122
10615	2.123	-0.170961	0.120577	0.213122
10620	2.124	-0.170961	0.120577	0.213122
10625	2.125	-0.170961	0.120578	0.213122
10630	2.126	-0.170961	0.120578	0.213122
10635	2.127	-0.170961	0.120579	0.213123
10640	2.128	-0.170961	0.120579	0.213123
10645	2.129	-0.170961	0.12058	0.213124
10650	2.13	-0.170961	0.12058	0.213124
10655	2.131	-0.170961	0.120581	0.213124
10660	2.132	-0.17096	0.120581	0.213124
10665	2.133	-0.17096	0.120581	0.213123
10670	2.134	-0.17096	0.120581	0.213123
10675	2.135	-0.17096	0.120581	0.213122
10680	2.136	-0.17096	0.120581	0.213122
10685	2.137	-0.17096	0.120581	0.213122
10690	2.138	-0.17096	0.120582	0.213122
10695	2.139	-0.17096	0.120582	0.213122
10700	2.14	-0.17096	0.120582	0.213122
10705	2.141	-0.17096	0.120583	0.213122
10710	2.142	-0.17096	0.120583	0.213122
10715	2.143	-0.17096	0.120583	0.213122
10720	2.144	-0.170959	0.120583	0.213122
10725	2.145	-0.170959	0.120583	0.213122
10730	2.146	-0.170958	0.120584	0.213121
10735	2.147	-0.170958	0.120584	0.213121
10740	2.148	-0.170958	0.120584	0.213121
10745	2.149	-0.170958	0.120584	0.213121
10750	2.15	-0.170958	0.120585	0.213121
10755	2.151	-0.170958	0.120585	0.213121
10760	2.152	-0.170958	0.120586	0.213121
10765	2.153	-0.170958	0.120586	0.213122
10770	2.154	-0.170958	0.120587	0.213122
10775	2.155	-0.170958	0.120587	0.213122
10780	2.156	-0.170958	0.120587	0.213123
10785	2.157	-0.170957	0.120587	0.213122
10790	2.158	-0.170957	0.120587	0.213122
10795	2.159	-0.170957	0.120588	0.213122
10800	2.16	-0.170957	0.120588	0.213121
10805	2.161	-0.170957	0.120588	0.213121
10810	2.162	-0.170957	0.120588	0.213121
10815	2.163	-0.170957	0.120589	0.213121
10820	2.164	-0.170957	0.120589	0.213121
10825	2.165	-0.170957	0.120589	0.213121
10830	2.166	-0.170957	0.12059	0.213121
10835	2.167	-0.170957	0.120591	0.213122
10840	2.168	-0.170957	0.120591	0.213123
10845	2.169	-0.170957	0.120591	0.213123
10850	2.17	-0.170957	0.120592	0.213123
10855	2.171	-0.170956	0.120592	0.213123
10860	2.172	-0.170956	0.120592	0.213122
10865	2.173	-0.170956	0.120592	0.213122
10870	2.174	-0.170956	0.120592	0.213121
10875	2.175	-0.170955	0.120592	0.213121
10880	2.176	-0.170955	0.120593	0.213121
10885	2.177	-0.170955	0.120593	0.213121
10890	2.178	-0.170955	0.120593	0.213121
10895	2.179	-0.170955	0.120594	0.213121
10900	2.18	-0.170955	0.120594	0.213121
10905	2.181	-0.170955	0.120595	0.213121
10910	2.182	-0.170955	0.120595	0.213122
10915	2.183	-0.170955	0.120596	0.213122
10920	2.184	-0.170955	0.120596	0.213123
10925	2.185	-0.170955	0.120597	0.213124
10930	2.186	-0.170955	0.120598	0.213124
10935	2.187	-0.170955	0.120598	0.213124
10940	2.188	-0.170955	0.120599	0.213125
10945	2.189	-0.170955	0.120599	0.213125
10950	2.19	-0.170954	0.120599	0.213124
10955	2.191	-0.170954	0.120599	0.213124
10960	2.192	-0.170954	0.120599	0.213123
10965	2.193	-0.170954	0.120599	0.213123
10970	2.194	-0.170954	0.120599	0.213123
10975	2.195	-0.170954	0.1206	0.213123
10980	2.196	-0.170954	0.1206	0.213123
10985	2.197	-0.170954	0.1206	0.213123
10990	2.198	-0.170954	0.120601	0.213123
10995	2.199	-0.170954	0.120601	0.213123
11000	2.2	-0.170954	0.120601	0.213123
11005	2.201	-0.170953	0.120601	0.213123
11010	2.202	-0.170953	0.120601	0.213123
11015	2.203	-0.170953	0.120601	0.213122
11020	2.204	-0.170953	0.120602	0.213122
11025	2.205	-0.170952	0.120602	0.213122
11030	2.206	-0.170952	0.120602	0.213121
11035	2.207	-0.170952	0.120602	0.213122
11040	2.208	-0.170952	0.120603	0.213122
11045	2.209	-0.170952	0.120603	0.213122
11050	2.21	-0.170952	0.120604	0.213122
11055	2.211	-0.170952	0.120604	0.213122
11060	2.212	-0.170952	0.120605	0.213123
11065	2.213	-0.170952	0.120605	0.213123
11070	2.214	-0.170952	0.120606	0.213124
11075	2.215	-0.170952	0.120606	0.213123
11080	2.216	-0.170951	0.120606	0.213123
11085	2.217	-0.170951	0.120606	0.213122
11090	2.218	-0.170951	0.120606	0.213122
11095	2.219	-0.170951	0.120606	0.213122
11100	2.22	-0.170951	0.120606	0.213121
11105	2.221	-0.170951	0.120607	0.213121
11110	2.222	-0.170951	0.120607	0.213121
11115	2.223	-0.170951	0.120607	0.213121
11120	2.224	-0.170951	0.120608	0.213121
11125	2.225	-0.170951	0.120608	0.213122
11130	2.226	-0.170951	0.120608	0.213122
11135	2.227	-0.170951	0.120609	0.213122
11140	2.228	-0.17095	0.120609	0.213122
11145	2.229	-0.17095	0.120609	0.213121
11150	2.23	-0.17095	0.120609	0.213121
11155	2.231	-0.170949	0.120609	0.21312
11160	2.232	-0.170949	0.120609	0.21312
11165	2.233	-0.170949	0.120609	0.21312
11170	2.234	-0.170949	0.12061	0.21312
11175	2.235	-0.170949	0.12061	0.21312
11180	2.236	-0.170949	0.120611	0.21312
11185	2.237	-0.170949	0.120611	0.213121
11190	2.238	-0.170949	0.120612	0.213121
11195	2.239	-0.170949	0.120612	0.213122
11200	2.24	-0.170949	0.120612	0.213122
11205	2.241	-0.170949	0.120613	0.213122
11210	2.242	-0.170948	0.120613	0.213122
11215	2.243	-0.170948	0.120613	0.213121
11220	2.244	-0.170948	0.120613	0.213121
11225	2.245	-0.170948	0.120613	0.21312
11230	2.246	-0.170948	0.120613	0.21312
11235	2.247	-0.170948	0.120613	0.21312
11240	2.248	-0.170948	0.120614	0.213119
11245	2.249	-0.170948	0.120614	0.213119
11250	2.25	-0.170948	0.120614	0.213119
11255	2.251	-0.170948	0.120615	0.21312
11260	2.252	-0.170948	0.120615	0.21312
11265	2.253	-0.170948	0.120615	0.21312
11270	2.254	-0.170948	0.120616	0.21312
11275	2.255	-0.170947	0.120616	0.21312
11280	2.256	-0.170947	0.120616	0.213119
11285	2.257	-0.170946	0.120616	0.213119
11290	2.258	-0.170946	0.120616	0.213118
11295	2.259	-0.170946	0.120616	0.213118
11300	2.26	-0.170946	0.120617	0.213118
11305	2.261	-0.170946	0.120617	0.213118
11310	2.262	-0.170946	0.120617	0.213118
11315	2.263	-0.170946	0.120618	0.213118
11320	2.264	-0.170946	0.120618	0.213119
11325	2.265	-0.170946	0.120618	0.213119
11330	2.266	-0.170946	0.120619	0.213119
11335	2.267	-0.170945	0.120619	0.213118
11340	2.268	-0.170945	0.120619	0.213118
11345	2.269	-0.170945	0.120619	0.213118
11350	2.27	-0.170945	0.120619	0.213117
11355	2.271	-0.170945	0.120619	0.213117
11360	2.272	-0.170945	0.12062	0.213117
11365	2.273	-0.170945	0.12062	0.213117
11370	2.274	-0.170945	0.12062	0.213117
11375	2.275	-0.170945	0.120621	0.213117
11380	2.276	-0.170945	0.120621	0.213117
11385	2.277	-0.170945	0.120622	0.213118
11390	2.278	-0.170945	0.120622	0.213118
11395	2.279	-0.170945	0.120622	0.213118
11400	2.28	-0.170945	0.120623	0.213119
11405	2.281	-0.170944	0.120623	0.213119
11410	2.282	-0.170944	0.120623	0.213118
11415	2.283	-0.170943	0.120623	0.213118
11420	2.284	-0.170943	0.120623	0.213117
11425	2.285	-0.170943	0.120623	0.213117
11430	2.286	-0.170943	0.120624	0.213117
11435	2.287	-0.170943	0.120624	0.213117
11440	2.288	-0.170943	0.120624	0.213116
11445	2.289	-0.170943	0.120624	0.213116
11450	2.29	-0.170943	0.120625	0.213116
11455	2.291	-0.170943	0.120625	0.213117
11460	2.292	-0.170943	0.120626	0.213117
11465	2.293	-0.170943	0.120626	0.213117
11470	2.294	-0.170943	0.120627	0.213118
11475	2.295	-0.170943	0.120628	0.213119
11480	2.296	-0.170943	0.120628	0.213119
11485	2.297	-0.170943	0.120628	0.213119
11490	2.298	-0.170943	0.120629	0.21312
11495	2.299	-0.170942	0.120629	0.213119
11500	2.3	-0.170942	0.120629	0.213119
11505	2.301	-0.170942	0.120629	0.213118
11510	2.302	-0.170942	0.120629	0.213118
11515	2.303	-0.170942	0.12063	0.213118
11520	2.304	-0.170942	0.12063	0.213118
11525	2.305	-0.170942	0.12063	0.213118
11530	2.306	-0.170942	0.12063	0.213118
11535	2.307	-0.170941	0.120631	0.213118
11540	2.308	-0.170941	0.120631	0.213118
11545	2.309	-0.170941	0.120631	0.213118
11550	2.31	-0.170941	0.120632	0.213118
11555	2.311	-0.170941	0.120632	0.213118
11560	2.312	-0.17094	0.120632	0.213117
11565	2.313	-0.17094	0.120632	0.213117
11570	2.314	-0.17094	0.120632	0.213117
11575	2.315	-0.17094	0.120632	0.213116
11580	2.316	-0.17094	0.120633	0.213116
11585	2.317	-0.17094	0.120633	0.213116
11590	2.318	-0.17094	0.120633	0.213116
11595	2.319	-0.17094	0.120634	0.213116
11600	2.32	-0.17094	0.120634	0.213116
11605	2.321	-0.17094	0.120635	0.213117
11610	2.322	-0.17094	0.120635	0.213117
11615	2.323	-0.17094	0.120635	0.213117
11620	2.324	-0.17094	0.120636	0.213118
11625	2.325	-0.170939	0.120636	0.213117
11630	2.326	-0.170939	0.120636	0.213117
11635	2.327	-0.170939	0.120636	0.213117
11640	2.328	-0.170939	0.120636	0.213116
11645	2.329	-0.170939	0.120636	0.213116
11650	2.33	-0.170939	0.120636	0.213116
11655	2.331	-0.170938	0.120637	0.213115
11660	2.332	-0.170938	0.120637	0.213115
11665	2.333	-0.170938	0.120637	0.213115
11670	2.334	-0.170938	0.120638	0.213115
11675	2.335	-0.170938	0.120638	0.213115
11680	2.336	-0.170938	0.120639	0.213116
11685	2.337	-0.170938	0.120639	0.213116
11690	2.338	-0.170938	0.12064	0.213116
11695	2.339	-0.170938	0.12064	0.213117
11700	2.34	-0.170938	0.120641	0.213118
11705	2.341	-0.170938	0.120641	0.213118
11710	2.342	-0.170938	0.120642	0.213118
11715	2.343	-0.170937	0.120642	0.213118
11720	2.344	-0.170937	0.120642	0.213117
11725	2.345	-0.170937	0.120642	0.213117
11730	2.346	-0.170937	0.120642	0.213116
11735	2.347	-0.170937	0.120642	0.213116
11740	2.348	-0.170937	0.120642	0.213116
11745	2.349	-0.170937	0.120643	0.213116
11750	2.35	-0.170937	0.120643	0.213116
11755	2.351	-0.170937	0.120643	0.213116
11760	2.352	-0.170937	0.120644	0.213116
11765	2.353	-0.170937	0.120644	0.213116
11770	2.354	-0.170937	0.120644	0.213116
11775	2.355	-0.170936	0.120644	0.213116
11780	2.356	-0.170936	0.120644	0.213115
11785	2.357	-0.170935	0.120644	0.213115
11790	2.358	-0.170935	0.120645	0.213115
11795	2.359	-0.170935	0.120645	0.213114
11800	2.36	-0.170935	0.120645	0.213114
11805	2.361	-0.170935	0.120645	0.213114
11810	2.362	-0.170935	0.120646	0.213114
11815	2.363	-0.170935	0.120646	0.213114
11820	2.364	-0.170935	0.120646	0.213115
11825	2.365	-0.170935	0.120647	0.213115
11830	2.366	-0.170935	0.120648	0.213115
11835	2.367	-0.170935	0.120648	0.213115
11840	2.368	-0.170935	0.120648	0.213116
11845	2.369	-0.170934	0.120648	0.213115
11850	2.37	-0.170934	0.120648	0.213115
11855	2.371	-0.170934	0.120648	0.213115
11860	2.372	-0.170934	0.120648	0.213114
11865	2.373	-0.170934	0.120649	0.213114
11870	2.374	-0.170934	0.120649	0.213114
11875	2.375	-0.170934	0.120649	0.213113
11880	2.376	-0.170933	0.120649	0.213113
11885	2.377	-0.170933	0.12065	0.213113
11890	2.378	-0.170933	0.12065	0.213113
11895	2.379	-0.170933	0.12065	0.213114
11900	2.38	-0.170933	0.120651	0.213114
11905	2.381	-0.170933	0.120651	0.213114
11910	2.382	-0.170933	0.120652	0.213114
11915	2.383	-0.170933	0.120653	0.213115
11920	2.384	-0.170933	0.120653	0.213116
11925	2.385	-0.170933	0.120653	0.213116
11930	2.386	-0.170933	0.120654	0.213116
11935	2.387	-0.170933	0.120654	0.213116
11940	2.388	-0.170932	0.120654	0.213115
11945	2.389	-0.170932	0.120654	0.213115
11950	2.39	-0.170932	0.120654	0.213114
11955	2.391	-0.170932	0.120654	0.213114
11960	2.392	-0.170932	0.120655	0.213114
11965	2.393	-0.170932	0.120655	0.213114
11970	2.394	-0.170932	0.120655	0.213114
11975	2.395	-0.170932	0.120656	0.213114
11980	2.396	-0.170932	0.120656	0.213114
11985	2.397	-0.170932	0.120656	0.213114
11990	2.398	-0.170932	0.120657	0.213114
11995	2.399	-0.170931	0.120656	0.213114
12000	2.4	-0.170931	0.120657	0.213113
12005	2.401	-0.170931	0.120657	0.213113
12010	2.402	-0.17093	0.120657	0.213113
12015	2.403	-0.17093	0.120657	0.213112
12020	2.404	-0.17093	0.120657	0.213112
12025	2.405	-0.17093	0.120658	0.213112
12030	2.406	-0.17093	0.120658	0.213112
12035	2.407	-0.17093	0.120658	0.213112
12040	2.408	-0.17093	0.120659	0.213112
12045	2.409	-0.17093	0.120659	0.213113
12050	2.41	-0.17093	0.12066	0.213113
12055	2.411	-0.17093	0.12066	0.213113
12060	2.412	-0.17093	0.12066	0.213114
12065	2.413	-0.170929	0.12066	0.213113
12070	2.414	-0.170929	0.120661	0.213113
12075	2.415	-0.170929	0.120661	0.213112
12080	2.416	-0.170929	0.120661	0.213112
12085	2.417	-0.170929	0.120661	0.213111
12090	2.418	-0.170929	0.120661	0.213111
12095	2.419	-0.170929	0.120661	0.213111
12100	2.42	-0.170929	0.120661	0.213111
12105	2.421	-0.170928	0.120662	0.213111
12110	2.422	-0.170928	0.120662	0.213111
12115	2.423	-0.170928	0.120663	0.213111
12120	2.424	-0.170928	0.120663	0.213111
12125	2.425	-0.170928	0.120663	0.213111
12130	2.426	-0.170928	0.120664	0.213112
12135	2.427	-0.170928	0.120665	0.213112
12140	2.428	-0.170928	0.120665	0.213113
12145	2.429	-0.170928	0.120665	0.213113
12150	2.43	-0.170928	0.120666	0.213114
12155	2.431	-0.170928	0.120666	0.213113
12160	2.432	-0.170927	0.120666	0.213113
12165	2.433	-0.170927	0.120666	0.213112
12170	2.434	-0.170927	0.120666	0.213112
12175	2.435	-0.170927	0.120666	0.213111
12180	2.436	-0.170927	0.120667	0.213111
12185	2.437	-0.170927	0.120667	0.213111
12190	2.438	-0.170927	0.120667	0.213111
12195	2.439	-0.170927	0.120667	0.213111
12200	2.44	-0.170927	0.120668	0.213111
12205	2.441	-0.170927	0.120668	0.213111
12210	2.442	-0.170927	0.120668	0.213111
12215	2.443	-0.170926	0.120668	0.213111
12220	2.444	-0.170926	0.120668	0.21311
12225	2.445	-0.170925	0.120668	0.21311
12230	2.446	-0.170925	0.120669	0.21311
12235	2.447	-0.170925	0.120669	0.213109
12240	2.448	-0.170925	0.120669	0.213109
12245	2.449	-0.170925	0.120669	0.213109
12250	2.45	-0.170925	0.12067	0.213109
12255	2.451	-0.170925	0.12067	0.213109
12260	2.452	-0.170925	0.12067	0.213109
12265	2.453	-0.170925	0.120671	0.21311
12270	2.454	-0.170925	0.120671	0.21311
12275	2.455	-0.170925	0.120671	0.21311
12280	2.456	-0.170925	0.120672	0.21311
12285	2.457	-0.170924	0.120672	0.21311
12290	2.458	-0.170924	0.120672	0.213109
12295	2.459	-0.170924	0.120672	0.213109
12300	2.46	-0.170924	0.120672	0.213108
12305	2.461	-0.170924	0.120672	0.213108
12310	2.462	-0.170924	0.120673	0.213108
12315	2.463	-0.170923	0.120673	0.213108
12320	2.464	-0.170923	0.120673	0.213107
12325	2.465	-0.170923	0.120673	0.213107
12330	2.466	-0.170923	0.120674	0.213107
12335	2.467	-0.170923	0.120674	0.213108
12340	2.468	-0.170923	0.120675	0.213108
12345	2.469	-0.170923	0.120675	0.213108
12350	2.47	-0.170923	0.120676	0.213108
12355	2.471	-0.170923	0.120676	0.213109
12360	2.472	-0.170923	0.120677	0.21311
12365	2.473	-0.170923	0.120677	0.21311
12370	2.474	-0.170923	0.120677	0.21311
12375	2.475	-0.170922	0.120677	0.21311
12380	2.476	-0.170922	0.120678	0.213109
12385	2.477	-0.170922	0.120678	0.213109
12390	2.478	-0.170922	0.120678	0.213108
12395	2.479	-0.170922	0.120678	0.213108
12400	2.48	-0.170922	0.120678	0.213108
12405	2.481	-0.170922	0.120678	0.213108
12410	2.482	-0.170922	0.120679	0.213108
12415	2.483	-0.170922	0.120679	0.213108
12420	2.484	-0.170921	0.120679	0.213108
12425	2.485	-0.170921	0.120679	0.213108
12430	2.486	-0.170921	0.12068	0.213108
12435	2.487	-0.170921	0.12068	0.213107
12440	2.488	-0.17092	0.12068	0.213107
12445	2.489	-0.17092	0.12068	0.213106
12450	2.49	-0.17092	0.12068	0.213106
12455	2.491	-0.17092	0.12068	0.213106
12460	2.492	-0.17092	0.12068	0.213106
12465	2.493	-0.17092	0.120681	0.213106
12470	2.494	-0.17092	0.120681	0.213106
12475	2.495	-0.17092	0.120681	0.213105
12480	2.496	-0.17092	0.120682	0.213106
12485	2.497	-0.17092	0.120682	0.213106
12490	2.498	-0.17092	0.120683	0.213106
12495	2.499	-0.17092	0.120683	0.213106
12500	2.5	-0.17092	0.120683	0.213107
12505	2.501	-0.170919	0.120683	0.213106
12510	2.502	-0.170919	0.120684	0.213106
12515	2.503	-0.170919	0.120684	0.213105
12520	2.504	-0.170919	0.120684	0.213105
12525	2.505	-0.170919	0.120684	0.213104
12530	2.506	-0.170918	0.120684	0.213104
12535	2.507	-0.170918	0.120684	0.213104
12540	2.508	-0.170918	0.120684	0.213104
12545	2.509	-0.170918	0.120685	0.213104
12550	2.51	-0.170918	0.120685	0.213104
12555	2.511	-0.170918	0.120685	0.213104
12560	2.512	-0.170918	0.120686	0.213104
12565	2.513	-0.170918	0.120686	0.213104
12570	2.514	-0.170918	0.120687	0.213105
12575	2.515	-0.170918	0.120687	0.213105
12580	2.516	-0.170918	0.120688	0.213106
12585	2.517	-0.170918	0.120688	0.213106
12590	2.518	-0.170918	0.120689	0.213106
12595	2.519	-0.170917	0.120689	0.213106
12600	2.52	-0.170917	0.120689	0.213105
12605	2.521	-0.170917	0.120689	0.213105
12610	2.522	-0.170917	0.120689	0.213104
12615	2.523	-0.170917	0.120689	0.213104
12620	2.524	-0.170917	0.120689	0.213104
12625	2.525	-0.170917	0.12069	0.213104
12630	2.526	-0.170916	0.12069	0.213104
12635	2.527	-0.170916	0.12069	0.213103
12640	2.528	-0.170916	0.120691	0.213104
12645	2.529	-0.170916	0.120691	0.213104
12650	2.53	-0.170916	0.120691	0.213104
12655	2.531	-0.170916	0.120691	0.213103
12660	2.532	-0.170915	0.120691	0.213103
12665	2.533	-0.170915	0.120691	0.213102
12670	2.534	-0.170915	0.120691	0.213102
12675	2.535	-0.170915	0.120691	0.213102
12680	2.536	-0.170915	0.120692	0.213101
12685	2.537	-0.170915	0.120692	0.213101
12690	2.538	-0.170915	0.120692	0.213101
12695	2.539	-0.170915	0.120693	0.213101
12700	2.54	-0.170915	0.120693	0.213101
12705	2.541	-0.170915	0.120693	0.213102
12710	2.542	-0.170915	0.120694	0.213102
12715	2.543	-0.170915	0.120694	0.213102
12720	2.544	-0.170915	0.120695	0.213102
12725	2.545	-0.170914	0.120695	0.213102
12730	2.546	-0.170914	0.120695	0.213102
12735	2.547	-0.170914	0.120695	0.213101
12740	2.548	-0.170913	0.120695	0.213101
12745	2.549	-0.170913	0.120695	0.2131
12750	2.55	-0.170913	0.120695	0.2131
12755	2.551	-0.170913	0.120695	0.2131
12760	2.552	-0.170913	0.120695	0.213099
12765	2.553	-0.170913	0.120696	0.213099
12770	2.554	-0.170913	0.120696	0.213099
12775	2.555	-0.170913	0.120696	0.213099
12780	2.556	-0.170913	0.120697	0.213099
12785	2.557	-0.170913	0.120697	0.2131
12790	2.558	-0.170913	0.120698	0.2131
12795	2.559	-0.170913	0.120698	0.2131
12800	2.56	-0.170913	0.120699	0.213101
12805	2.561	-0.170913	0.120699	0.213101
12810	2.562	-0.170913	0.1207	0.213101
12815	2.563	-0.170912	0.1207	0.213101
12820	2.564	-0.170912	0.1207	0.2131
12825	2.565	-0.170912	0.1207	0.2131
12830	2.566	-0.170912	0.1207	0.213099
12835	2.567	-0.170911	0.1207	0.213099
12840	2.568	-0.170911	0.1207	0.213099
12845	2.569	-0.170911	0.1207	0.213099
12850	2.57	-0.170911	0.120701	0.213099
12855	2.571	-0.170911	0.120701	0.213099
12860	2.572	-0.170911	0.120701	0.213099
12865	2.573	-0.170911	0.120701	0.213099
12870	2.574	-0.170911	0.120702	0.213099
12875	2.575	-0.17091	0.120702	0.213098
12880	2.576	-0.17091	0.120702	0.213098
12885	2.577	-0.17091	0.120702	0.213098
12890	2.578	-0.17091	0.120702	0.213097
12895	2.579	-0.17091	0.120702	0.213097
12900	2.58	-0.17091	0.120702	0.213097
12905	2.581	-0.17091	0.120703	0.213097
12910	2.582	-0.17091	0.120703	0.213097
12915	2.583	-0.170909	0.120703	0.213096
12920	2.584	-0.170909	0.120704	0.213097
12925	2.585	-0.170909	0.120704	0.213097
12930	2.586	-0.170909	0.120705	0.213097
12935	2.587	-0.170909	0.120705	0.213097
12940	2.588	-0.170909	0.120705	0.213098
12945	2.589	-0.170909	0.120705	0.213097
12950	2.59	-0.170908	0.120705	0.213097
12955	2.591	-0.170908	0.120705	0.213096
12960	2.592	-0.170908	0.120705	0.213096
12965	2.593	-0.170908	0.120705	0.213095
12970	2.594	-0.170908	0.120706	0.213095
12975	2.595	-0.170908	0.120706	0.213095
12980	2.596	-0.170908	0.120706	0.213094
12985	2.597	-0.170908	0.120706	0.213094
12990	2.598	-0.170908	0.120707	0.213094
12995	2.599	-0.170908	0.120707	0.213094
13000	2.6	-0.170908	0.120707	0.213094
13005	2.601	-0.170907	0.120708	0.213095
13010	2.602	-0.170907	0.120708	0.213095
13015	2.603	-0.170907	0.120709	0.213095
13020	2.604	-0.170907	0.120709	0.213096
13025	2.605	-0.170907	0.120709	0.213096
13030	2.606	-0.170907	0.12071	0.213096
13035	2.607	-0.170907	0.12071	0.213096
13040	2.608	-0.170906	0.12071	0.213095
13045	2.609	-0.170906	0.12071	0.213095
13050	2.61	-0.170906	0.12071	0.213094
13055	2.611	-0.170906	0.12071	0.213094
13060	2.612	-0.170906	0.120711	0.213094
13065	2.613	-0.170906	0.120711	0.213094
13070	2.614	-0.170906	0.120711	0.213094
13075	2.615	-0.170906	0.120711	0.213093
13080	2.616	-0.170906	0.120712	0.213094
13085	2.617	-0.170906	0.120712	0.213094
13090	2.618	-0.170906	0.120712	0.213094
13095	2.619	-0.170905	0.120712	0.213093
13100	2.62	-0.170905	0.120712	0.213093
13105	2.621	-0.170905	0.120712	0.213092
13110	2.622	-0.170905	0.120712	0.213092
13115	2.623	-0.170904	0.120713	0.213091
13120	2.624	-0.170904	0.120713	0.213091
13125	2.625	-0.170904	0.120713	0.213091
13130	2.626	-0.170904	0.120713	0.213091
13135	2.627	-0.170904	0.120714	0.213091
13140	2.628	-0.170904	0.120714	0.213091
13145	2.629	-0.170904	0.120715	0.213091
13150	2.63	-0.170904	0.120715	0.213092
13155	2.631	-0.170904	0.120715	0.213092
13160	2.632	-0.170904	0.120716	0.213092
13165	2.633	-0.170903	0.120716	0.213091
13170	2.634	-0.170903	0.120716	0.213091
13175	2.635	-0.170903	0.120716	0.213091
13180	2.636	-0.170903	0.120716	0.21309
13185	2.637	-0.170903	0.120716	0.21309
13190	2.638	-0.170903	0.120716	0.213089
13195	2.639	-0.170903	0.120716	0.213089
13200	2.64	-0.170902	0.120716	0.213089
13205	2.641	-0.170902	0.120717	0.213089
13210	2.642	-0.170902	0.120717	0.213089
13215	2.643	-0.170902	0.120717	0.213089
13220	2.644	-0.170902	0.120718	0.213089
13225	2.645	-0.170902	0.120718	0.213089
13230	2.646	-0.170902	0.120719	0.213089
13235	2.647	-0.170902	0.120719	0.21309
13240	2.648	-0.170902	0.12072	0.21309
13245	2.649	-0.170902	0.12072	0.21309
13250	2.65	-0.170902	0.12072	0.21309
13255	2.651	-0.170901	0.12072	0.21309
13260	2.652	-0.170901	0.12072	0.213089
13265	2.653	-0.170901	0.12072	0.213089
13270	2.654	-0.170901	0.12072	0.213088
13275	2.655	-0.170901	0.120721	0.213088
13280	2.656	-0.170901	0.120721	0.213088
13285	2.657	-0.170901	0.120721	0.213088
13290	2.658	-0.170901	0.120721	0.213088
13295	2.659	-0.1709	0.120722	0.213088
13300	2.66	-0.1709	0.120722	0.213088
13305	2.661	-0.1709	0.120722	0.213088
13310	2.662	-0.1709	0.120722	0.213088
13315	2.663	-0.1709	0.120722	0.213087
13320	2.664	-0.170899	0.120722	0.213087
13325	2.665	-0.170899	0.120723	0.213086
13330	2.666	-0.170899	0.120723	0.213086
13335	2.667	-0.170899	0.120723	0.213086
13340	2.668	-0.170899	0.120723	0.213085
13345	2.669	-0.170899	0.120723	0.213085
13350	2.67	-0.170899	0.120724	0.213085
13355	2.671	-0.170899	0.120724	0.213085
13360	2.672	-0.170899	0.120724	0.213085
13365	2.673	-0.170899	0.120725	0.213085
13370	2.674	-0.170899	0.120725	0.213086
13375	2.675	-0.170899	0.120725	0.213086
13380	2.676	-0.170899	0.120726	0.213086
13385	2.677	-0.170898	0.120726	0.213086
13390	2.678	-0.170898	0.120726	0.213085
13395	2.679	-0.170898	0.120726	0.213085
13400	2.68	-0.170897	0.120726	0.213084
13405	2.681	-0.170897	0.120726	0.213084
13410	2.682	-0.170897	0.120726	0.213083
13415	2.683	-0.170897	0.120726	0.213083
13420	2.684	-0.170897	0.120727	0.213083
13425	2.685	-0.170897	0.120727	0.213083
13430	2.686	-0.170897	0.120727	0.213083
13435	2.687	-0.170897	0.120727	0.213083
13440	2.688	-0.170897	0.120728	0.213083
13445	2.689	-0.170897	0.120728	0.213083
13450	2.69	-0.170897	0.120729	0.213083
13455	2.691	-0.170897	0.120729	0.213084
13460	2.692	-0.170897	0.12073	0.213084
13465	2.693	-0.170897	0.12073	0.213084
13470	2.694	-0.170897	0.12073	0.213084
13475	2.695	-0.170896	0.12073	0.213084
13480	2.696	-0.170896	0.12073	0.213083
13485	2.697	-0.170896	0.12073	0.213083
13490	2.698	-0.170895	0.12073	0.213082
13495	2.699	-0.170895	0.120731	0.213082
13500	2.7	-0.170895	0.120731	0.213082
13505	2.701	-0.170895	0.120731	0.213082
13510	2.702	-0.170895	0.120731	0.213082
13515	2.703	-0.170895	0.120732	0.213081
13520	2.704	-0.170895	0.120732	0.213082
13525	2.705	-0.170895	0.120732	0.213082
13530	2.706	-0.170895	0.120732	0.213082
13535	2.707	-0.170894	0.120732	0.213081
13540	2.708	-0.170894	0.120732	0.213081
13545	2.709	-0.170894	0.120733	0.21308
13550	2.71	-0.170894	0.120733	0.21308
13555	2.711	-0.170894	0.120733	0.213079
13560	2.712	-0.170894	0.120733	0.213079
13565	2.713	-0.170894	0.120733	0.213079
13570	2.714	-0.170893	0.120734	0.213079
13575	2.715	-0.170893	0.120734	0.213079
13580	2.716	-0.170893	0.120734	0.213079
13585	2.717	-0.170893	0.120735	0.213079
13590	2.718	-0.170893	0.120735	0.213079
13595	2.719	-0.170893	0.120735	0.213079
13600	2.72	-0.170893	0.120736	0.21308
13605	2.721	-0.170892	0.120736	0.213079
13610	2.722	-0.170892	0.120736	0.213079
13615	2.723	-0.170892	0.120736	0.213078
13620	2.724	-0.170892	0.120736	0.213078
13625	2.725	-0.170892	0.120736	0.213077
13630	2.726	-0.170892	0.120736	0.213077
13635	2.727	-0.170892	0.120736	0.213077
13640	2.728	-0.170892	0.120736	0.213076
13645	2.729	-0.170892	0.120737	0.213076
13650	2.73	-0.170892	0.120737	0.213076
13655	2.731	-0.170891	0.120737	0.213076
13660	2.732	-0.170891	0.120738	0.213076
13665	2.733	-0.170891	0.120738	0.213076
13670	2.734	-0.170891	0.120738	0.213077
13675	2.735	-0.170891	0.120739	0.213077
13680	2.736	-0.170891	0.12074	0.213077
13685	2.737	-0.170891	0.12074	0.213077
13690	2.738	-0.170891	0.12074	0.213078
13695	2.739	-0.170891	0.12074	0.213077
13700	2.74	-0.17089	0.12074	0.213077
13705	2.741	-0.17089	0.12074	0.213076
13710	2.742	-0.17089	0.12074	0.213076
13715	2.743	-0.17089	0.12074	0.213075
13720	2.744	-0.17089	0.120741	0.213075
13725	2.745	-0.17089	0.120741	0.213075
13730	2.746	-0.17089	0.120741	0.213075
13735	2.747	-0.17089	0.120741	0.213075
13740	2.748	-0.17089	0.120742	0.213075
13745	2.749	-0.17089	0.120742	0.213075
13750	2.75	-0.170889	0.120742	0.213075
13755	2.751	-0.170889	0.120742	0.213074
13760	2.752	-0.170889	0.120742	0.213074
13765	2.753	-0.170888	0.120742	0.213073
13770	2.754	-0.170888	0.120742	0.213073
13775	2.755	-0.170888	0.120742	0.213072
13780	2.756	-0.170888	0.120743	0.213072
13785	2.757	-0.170888	0.120743	0.213072
13790	2.758	-0.170888	0.120743	0.213072
13795	2.759	-0.170888	0.120743	0.213072
13800	2.76	-0.170888	0.120744	0.213072
13805	2.761	-0.170888	0.120744	0.213072
13810	2.762	-0.170888	0.120745	0.213072
13815	2.763	-0.170888	0.120745	0.213072
13820	2.764	-0.170888	0.120745	0.213073
13825	2.765	-0.170887	0.120745	0.213072
13830	2.766	-0.170887	0.120745	0.213072
13835	2.767	-0.170887	0.120745	0.213071
13840	2.768	-0.170887	0.120745	0.213071
13845	2.769	-0.170886	0.120745	0.21307
13850	2.77	-0.170886	0.120746	0.21307
13855	2.771	-0.170886	0.120746	0.21307
13860	2.772	-0.170886	0.120746	0.213069
13865	2.773	-0.170886	0.120746	0.213069
13870	2.774	-0.170886	0.120746	0.213069
13875	2.775	-0.170886	0.120747	0.213069
13880	2.776	-0.170886	0.120747	0.213069
13885	2.777	-0.170886	0.120747	0.213069
13890	2.778	-0.170886	0.120748	0.213069
13895	2.779	-0.170886	0.120749	0.21307
13900	2.78	-0.170886	0.120749	0.21307
13905	2.781	-0.170886	0.120749	0.21307
13910	2.782	-0.170886	0.12075	0.213071
13915	2.783	-0.170885	0.12075	0.21307
13920	2.784	-0.170885	0.12075	0.21307
13925	2.785	-0.170885	0.12075	0.213069
13930	2.786	-0.170885	0.12075	0.213068
13935	2.787	-0.170884	0.12075	0.213068
13940	2.788	-0.170884	0.12075	0.213068
13945	2.789	-0.170884	0.12075	0.213068
13950	2.79	-0.170884	0.120751	0.213068
13955	2.791	-0.170884	0.120751	0.213068
13960	2.792	-0.170884	0.120751	0.213068
13965	2.793	-0.170884	0.120751	0.213068
13970	2.794	-0.170884	0.120751	0.213068
13975	2.795	-0.170883	0.120751	0.213067
13980	2.796	-0.170883	0.120752	0.213067
13985	2.797	-0.170883	0.120752	0.213066
13990	2.798	-0.170883	0.120752	0.213066
13995	2.799	-0.170883	0.120752	0.213065
14000	2.8	-0.170883	0.120752	0.213065
14005	2.801	-0.170883	0.120752	0.213065
14010	2.802	-0.170882	0.120753	0.213065
14015	2.803	-0.170882	0.120753	0.213065
14020	2.804	-0.170882	0.120753	0.213065
14025	2.805	-0.170882	0.120754	0.213065
14030	2.806	-0.170882	0.120754	0.213065
14035	2.807	-0.170882	0.120754	0.213065
14040	2.808	-0.170882	0.120755	0.213065
14045	2.809	-0.170882	0.120755	0.213065
14050	2.81	-0.170881	0.120755	0.213065
14055	2.811	-0.170881	0.120755	0.213064
14060	2.812	-0.170881	0.120755	0.213063
14065	2.813	-0.170881	0.120755	0.213063
14070	2.814	-0.170881	0.120755	0.213063
14075	2.815	-0.170881	0.120755	0.213062
14080	2.816	-0.170881	0.120755	0.213062
14085	2.817	-0.170881	0.120755	0.213062
14090	2.818	-0.170881	0.120756	0.213062
14095	2.819	-0.17088	0.120756	0.213062
14100	2.82	-0.17088	0.120757	0.213062
14105	2.821	-0.17088	0.120757	0.213062
14110	2.822	-0.17088	0.120757	0.213062
14115	2.823	-0.17088	0.120758	0.213063
14120	2.824	-0.17088	0.120758	0.213063
14125	2.825	-0.17088	0.120758	0.213063
14130	2.826	-0.17088	0.120759	0.213063
14135	2.827	-0.17088	0.120759	0.213063
14140	2.828	-0.170879	0.120759	0.213062
14145	2.829	-0.170879	0.120759	0.213062
14150	2.83	-0.170879	0.120759	0.213061
14155	2.831	-0.170879	0.120759	0.213061
14160	2.832	-0.170879	0.120759	0.213061
14165	2.833	-0.170879	0.12076	0.21306
14170	2.834	-0.170879	0.12076	0.21306
14175	2.835	-0.170879	0.12076	0.21306
14180	2.836	-0.170879	0.12076	0.21306
14185	2.837	-0.170879	0.12076	0.21306
14190	2.838	-0.170878	0.120761	0.21306
14195	2.839	-0.170878	0.120761	0.213059
14200	2.84	-0.170878	0.120761	0.213059
14205	2.841	-0.170877	0.120761	0.213059
14210	2.842	-0.170877	0.120761	0.213058
14215	2.843	-0.170877	0.120761	0.213058
14220	2.844	-0.170877	0.120761	0.213058
14225	2.845	-0.170877	0.120762	0.213057
14230	2.846	-0.170877	0.120762	0.213057
14235	2.847	-0.170877	0.120762	0.213057
14240	2.848	-0.170877	0.120762	0.213057
14245	2.849	-0.170877	0.120763	0.213057
14250	2.85	-0.170877	0.120763	0.213058
14255	2.851	-0.170877	0.120763	0.213058
14260	2.852	-0.170877	0.120764	0.213058
14265	2.853	-0.170876	0.120764	0.213057
14270	2.854	-0.170876	0.120764	0.213057
14275	2.855	-0.170876	0.120764	0.213056
14280	2.856	-0.170876	0.120764	0.213056
14285	2.857	-0.170875	0.120764	0.213055
14290	2.858	-0.170875	0.120764	0.213055
14295	2.859	-0.170875	0.120764	0.213055
14300	2.86	-0.170875	0.120764	0.213054
14305	2.861	-0.170875	0.120765	0.213054
14310	2.862	-0.170875	0.120765	0.213054
14315	2.863	-0.170875	0.120765	0.213054
14320	2.864	-0.170875	0.120766	0.213054
14325	2.865	-0.170875	0.120766	0.213054
14330	2.866	-0.170875	0.120766	0.213054
14335	2.867	-0.170875	0.120767	0.213055
14340	2.868	-0.170875	0.120767	0.213055
14345	2.869	-0.170875	0.120767	0.213055
14350	2.87	-0.170875	0.120768	0.213055
14355	2.871	-0.170874	0.120768	0.213055
14360	2.872	-0.170874	0.120768	0.213054
14365	2.873	-0.170874	0.120768	0.213054
14370	2.874	-0.170873	0.120768	0.213053
14375	2.875	-0.170873	0.120768	0.213053
14380	2.876	-0.170873	0.120768	0.213053
14385	2.877	-0.170873	0.120769	0.213052
14390	2.878	-0.170873	0.120769	0.213052
14395	2.879	-0.170873	0.120769	0.213052
14400	2.88	-0.170873	0.120769	0.213052
14405	2.881	-0.170873	0.120769	0.213052
14410	2.882	-0.170873	0.12077	0.213052
14415	2.883	-0.170872	0.12077	0.213051
14420	2.884	-0.170872	0.12077	0.213051
14425	2.885	-0.170872	0.12077	0.213051
14430	2.886	-0.170872	0.12077	0.21305
14435	2.887	-0.170872	0.12077	0.21305
14440	2.888	-0.170871	0.12077	0.213049
14445	2.889	-0.170871	0.12077	0.213049
14450	2.89	-0.170871	0.120771	0.213049
14455	2.891	-0.170871	0.120771	0.213049
14460	2.892	-0.170871	0.120771	0.213049
14465	2.893	-0.170871	0.120772	0.213049
14470	2.894	-0.170871	0.120772	0.213049
14475	2.895	-0.170871	0.120772	0.213049
14480	2.896	-0.170871	0.120773	0.21305
14485	2.897	-0.17087	0.120773	0.213049
14490	2.898	-0.17087	0.120773	0.213049
14495	2.899	-0.17087	0.120773	0.213048
14500	2.9	-0.17087	0.120773	0.213048
14505	2.901	-0.17087	0.120773	0.213047
14510	2.902	-0.17087	0.120773	0.213047
14515	2.903	-0.17087	0.120773	0.213046
14520	2.904	-0.170869	0.120773	0.213046
14525	2.905	-0.170869	0.120773	0.213046
14530	2.906	-0.170869	0.120774	0.213046
14535	2.907	-0.170869	0.120774	0.213046
14540	2.908	-0.170869	0.120774	0.213046
14545	2.909	-0.170869	0.120775	0.213046
14550	2.91	-0.170869	0.120775	0.213046
14555	2.911	-0.170869	0.120776	0.213046
14560	2.912	-0.170869	0.120776	0.213047
14565	2.913	-0.170869	0.120776	0.213047
14570	2.914	-0.170869	0.120777	0.213047
14575	2.915	-0.170868	0.120777	0.213046
14580	2.916	-0.170868	0.120777	0.213046
14585	2.917	-0.170868	0.120777	0.213045
14590	2.918	-0.170868	0.120777	0.213045
14595	2.919	-0.170868	0.120777	0.213044
14600	2.92	-0.170868	0.120777	0.213044
14605	2.921	-0.170868	0.120777	0.213044
14610	2.922	-0.170867	0.120778	0.213044
14615	2.923	-0.170867	0.120778	0.213044
14620	2.924	-0.170867	0.120778	0.213044
14625	2.925	-0.170867	0.120778	0.213044
14630	2.926	-0.170867	0.120778	0.213044
14635	2.927	-0.170867	0.120778	0.213043
14640	2.928	-0.170866	0.120779	0.213043
14645	2.929	-0.170866	0.120779	0.213042
14650	2.93	-0.170866	0.120779	0.213042
14655	2.931	-0.170866	0.120779	0.213041
14660	2.932	-0.170866	0.120779	0.213041
14665	2.933	-0.170866	0.120779	0.213041
14670	2.934	-0.170866	0.12078	0.213041
14675	2.935	-0.170866	0.12078	0.213041
14680	2.936	-0.170866	0.12078	0.213041
14685	2.937	-0.170866	0.120781	0.213041
14690	2.938	-0.170865	0.120781	0.213041
14695	2.939	-0.170865	0.120781	0.213041
14700	2.94	-0.170865	0.120782	0.213041
14705	2.941	-0.170865	0.120782	0.213042
14710	2.942	-0.170865	0.120783	0.213043
14715	2.943	-0.170865	0.120784	0.213043
14720	2.944	-0.170865	0.120784	0.213044
14725	2.945	-0.170865	0.120785	0.213044
14730	2.946	-0.170865	0.120786	0.213045
14735	2.947	-0.170865	0.120786	0.213045
14740	2.948	-0.170865	0.120787	0.213046
14745	2.949	-0.170865	0.120788	0.213047
14750	2.95	-0.170865	0.120789	0.213048
14755	2.951	-0.170865	0.120789	0.213049
14760	2.952	-0.170865	0.12079	0.213049
14765	2.953	-0.170865	0.12079	0.213049
14770	2.954	-0.170865	0.120791	0.21305
14775	2.955	-0.170865	0.120791	0.21305
14780	2.956	-0.170865	0.120791	0.213049
14785	2.957	-0.170864	0.120791	0.213048
14790	2.958	-0.170864	0.120791	0.213048
14795	2.959	-0.170864	0.120791	0.213047
14800	2.96	-0.170864	0.120791	0.213047
14805	2.961	-0.170864	0.120791	0.213046
14810	2.962	-0.170864	0.120791	0.213046
14815	2.963	-0.170864	0.120791	0.213045
14820	2.964	-0.170864	0.120792	0.213045
14825	2.965	-0.170863	0.120792	0.213045
14830	2.966	-0.170863	0.120792	0.213045
14835	2.967	-0.170863	0.120792	0.213045
14840	2.968	-0.170863	0.120792	0.213045
14845	2.969	-0.170862	0.120792	0.213044
14850	2.97	-0.170862	0.120792	0.213043
14855	2.971	-0.170862	0.120792	0.213043
14860	2.972	-0.170862	0.120792	0.213042
14865	2.973	-0.170862	0.120792	0.213042
14870	2.974	-0.170862	0.120792	0.213041
14875	2.975	-0.170862	0.120792	0.213041
14880	2.976	-0.170862	0.120793	0.213041
14885	2.977	-0.170862	0.120793	0.213041
14890	2.978	-0.170861	0.120793	0.213041
14895	2.979	-0.170861	0.120793	0.213041
14900	2.98	-0.170861	0.120794	0.213041
14905	2.981	-0.170861	0.120794	0.21304
14910	2.982	-0.17086	0.120794	0.21304
14915	2.983	-0.17086	0.120794	0.213039
14920	2.984	-0.17086	0.120794	0.213039
14925	2.985	-0.17086	0.120794	0.213038
14930	2.986	-0.17086	0.120794	0.213038
14935	2.987	-0.17086	0.120794	0.213038
14940	2.988	-0.17086	0.120795	0.213038
14945	2.989	-0.17086	0.120795	0.213037
14950	2.99	-0.17086	0.120795	0.213037
14955	2.991	-0.17086	0.120795	0.213037
14960	2.992	-0.17086	0.120795	0.213037
14965	2.993	-0.170859	0.120795	0.213037
14970	2.994	-0.170859	0.120795	0.213036
14975	2.995	-0.170858	0.120796	0.213036
14980	2.996	-0.170858	0.120796	0.213036
14985	2.997	-0.170858	0.120796	0.213035
14990	2.998	-0.170858	0.120796	0.213035
14995	2.999	-0.170858	0.120796	0.213035
15000	3	-0.170858	0.120796	0.213035
15005	3.001	-0.170858	0.120797	0.213034
15010	3.002	-0.170858	0.120797	0.213034
15015	3.003	-0.170858	0.120797	0.213035
15020	3.004	-0.170858	0.120798	0.213035
15025	3.005	-0.170858	0.120798	0.213035
15030	3.006	-0.170858	0.120799	0.213035
15035	3.007	-0.170858	0.120799	0.213036
15040	3.008	-0.170858	0.1208	0.213036
15045	3.009	-0.170858	0.120801	0.213037
15050	3.01	-0.170858	0.120801	0.213037
15055	3.011	-0.170858	0.120802	0.213038
15060	3.012	-0.170858	0.120802	0.213038
15065	3.013	-0.170858	0.120803	0.213039
15070	3.014	-0.170858	0.120804	0.213039
15075	3.015	-0.170858	0.120804	0.21304
15080	3.016	-0.170858	0.120805	0.213041
15085	3.017	-0.170858	0.120806	0.213042
15090	3.018	-0.170858	0.120807	0.213043
15095	3.019	-0.170858	0.120807	0.213043
15100	3.02	-0.170858	0.120808	0.213043
15105	3.021	-0.170857	0.120808	0.213043
15110	3.022	-0.170857	0.120808	0.213042
15115	3.023	-0.170857	0.120807	0.213041
15120	3.024	-0.170856	0.120807	0.213041
15125	3.025	-0.170856	0.120807	0.21304
15130	3.026	-0.170856	0.120808	0.21304
15135	3.027	-0.170856	0.120808	0.213039
15140	3.028	-0.170856	0.120808	0.213039
15145	3.029	-0.170856	0.120808	0.213039
15150	3.03	-0.170856	0.120808	0.213039
15155	3.031	-0.170856	0.120808	0.213038
15160	3.032	-0.170856	0.120809	0.213038
15165	3.033	-0.170855	0.120809	0.213038
15170	3.034	-0.170855	0.120809	0.213038
15175	3.035	-0.170855	0.12081	0.213038
15180	3.036	-0.170855	0.12081	0.213038
15185	3.037	-0.170855	0.12081	0.213038
15190	3.038	-0.170855	0.120811	0.213038
15195	3.039	-0.170855	0.120811	0.213039
15200	3.04	-0.170855	0.120812	0.213039
15205	3.041	-0.170855	0.120812	0.213039
15210	3.042	-0.170855	0.120813	0.213039
15215	3.043	-0.170855	0.120813	0.21304
15220	3.044	-0.170855	0.120814	0.21304
15225	3.045	-0.170855	0.120814	0.213041
15230	3.046	-0.170855	0.120815	0.213041
15235	3.047	-0.170855	0.120816	0.213042
15240	3.048	-0.170855	0.120817	0.213043
15245	3.049	-0.170855	0.120817	0.213044
15250	3.05	-0.170855	0.120818	0.213044
15255	3.051	-0.170855	0.120819	0.213045
15260	3.052	-0.170855	0.12082	0.213046
15265	3.053	-0.170855	0.120821	0.213047
15270	3.054	-0.170855	0.120822	0.213048
15275	3.055	-0.170855	0.120822	0.213049
15280	3.056	-0.170855	0.120823	0.21305
15285	3.057	-0.170855	0.120824	0.213051
15290	3.058	-0.170855	0.120825	0.213052
15295	3.059	-0.170855	0.120826	0.213053
15300	3.06	-0.170855	0.120827	0.213054
15305	3.061	-0.170855	0.120828	0.213055
15310	3.062	-0.170855	0.120829	0.213057
15315	3.063	-0.170855	0.120829	0.213057
15320	3.064	-0.170855	0.12083	0.213058
15325	3.065	-0.170854	0.12083	0.213057
15330	3.066	-0.170854	0.12083	0.213056
15335	3.067	-0.170854	0.12083	0.213056
15340	3.068	-0.170854	0.120829	0.213055
15345	3.069	-0.170854	0.12083	0.213054
15350	3.07	-0.170854	0.12083	0.213054
15355	3.071	-0.170853	0.12083	0.213053
15360	3.072	-0.170853	0.12083	0.213053
15365	3.073	-0.170853	0.12083	0.213052
15370	3.074	-0.170853	0.12083	0.213052
15375	3.075	-0.170853	0.12083	0.213052
15380	3.076	-0.170853	0.12083	0.213051
15385	3.077	-0.170853	0.12083	0.213051
15390	3.078	-0.170853	0.120831	0.213051
15395	3.079	-0.170852	0.120831	0.213051
15400	3.08	-0.170852	0.120831	0.213051
15405	3.081	-0.170852	0.120831	0.21305
15410	3.082	-0.170852	0.120832	0.21305
15415	3.083	-0.170852	0.120832	0.213051
15420	3.084	-0.170852	0.120832	0.213051
15425	3.085	-0.170852	0.120833	0.213051
15430	3.086	-0.170852	0.120833	0.213051
15435	3.087	-0.170852	0.120834	0.213051
15440	3.088	-0.170852	0.120834	0.213051
15445	3.089	-0.170852	0.120835	0.213052
15450	3.09	-0.170852	0.120835	0.213052
15455	3.091	-0.170852	0.120836	0.213053
15460	3.092	-0.170851	0.120836	0.213053
15465	3.093	-0.170851	0.120837	0.213054
15470	3.094	-0.170851	0.120838	0.213054
15475	3.095	-0.170851	0.120838	0.213055
15480	3.096	-0.170851	0.120839	0.213056
15485	3.097	-0.170851	0.12084	0.213056
15490	3.098	-0.170851	0.120841	0.213057
15495	3.099	-0.170851	0.120841	0.213058
15500	3.1	-0.170851	0.120842	0.213059
15505	3.101	-0.170851	0.120843	0.213059
15510	3.102	-0.170851	0.120844	0.21306
15515	3.103	-0.170851	0.120844	0.213061
15520	3.104	-0.170851	0.120845	0.213062
15525	3.105	-0.170851	0.120846	0.213063
15530	3.106	-0.170851	0.120847	0.213064
15535	3.107	-0.170851	0.120847	0.213064
15540	3.108	-0.170851	0.120848	0.213064
15545	3.109	-0.170851	0.120848	0.213064
15550	3.11	-0.17085	0.120848	0.213063
15555	3.111	-0.17085	0.120848	0.213062
15560	3.112	-0.17085	0.120847	0.213062
15565	3.113	-0.17085	0.120847	0.213061
15570	3.114	-0.17085	0.120848	0.213061
15575	3.115	-0.17085	0.120848	0.21306
15580	3.116	-0.170849	0.120848	0.213059
15585	3.117	-0.170849	0.120848	0.213059
15590	3.118	-0.170849	0.120848	0.213059
15595	3.119	-0.170849	0.120848	0.213059
15600	3.12	-0.170849	0.120848	0.213058
15605	3.121	-0.170849	0.120848	0.213058
15610	3.122	-0.170849	0.120849	0.213058
15615	3.123	-0.170849	0.120849	0.213058
15620	3.124	-0.170848	0.120849	0.213057
15625	3.125	-0.170848	0.120849	0.213057
15630	3.126	-0.170848	0.12085	0.213057
15635	3.127	-0.170848	0.12085	0.213057
15640	3.128	-0.170848	0.12085	0.213057
15645	3.129	-0.170848	0.12085	0.213057
15650	3.13	-0.170848	0.120851	0.213057
15655	3.131	-0.170847	0.120851	0.213057
15660	3.132	-0.170847	0.120851	0.213056
15665	3.133	-0.170847	0.120851	0.213055
15670	3.134	-0.170847	0.12085	0.213055
15675	3.135	-0.170846	0.120851	0.213054
15680	3.136	-0.170846	0.120851	0.213054
15685	3.137	-0.170846	0.120851	0.213053
15690	3.138	-0.170846	0.120851	0.213053
15695	3.139	-0.170846	0.120851	0.213053
15700	3.14	-0.170846	0.120851	0.213053
15705	3.141	-0.170846	0.120852	0.213052
15710	3.142	-0.170846	0.120852	0.213052
15715	3.143	-0.170846	0.120852	0.213052
15720	3.144	-0.170845	0.120852	0.213052
15725	3.145	-0.170845	0.120853	0.213052
15730	3.146	-0.170845	0.120853	0.213052
15735	3.147	-0.170845	0.120853	0.213052
15740	3.148	-0.170845	0.120854	0.213052
15745	3.149	-0.170845	0.120854	0.213052
15750	3.15	-0.170845	0.120855	0.213052
15755	3.151	-0.170845	0.120855	0.213052
15760	3.152	-0.170845	0.120855	0.213053
15765	3.153	-0.170844	0.120855	0.213052
15770	3.154	-0.170844	0.120855	0.213051
15775	3.155	-0.170844	0.120855	0.213051
15780	3.156	-0.170843	0.120855	0.21305
15785	3.157	-0.170843	0.120855	0.213049
15790	3.158	-0.170843	0.120855	0.213049
15795	3.159	-0.170843	0.120855	0.213048
15800	3.16	-0.170843	0.120855	0.213048
15805	3.161	-0.170843	0.120855	0.213048
15810	3.162	-0.170843	0.120855	0.213048
15815	3.163	-0.170843	0.120856	0.213048
15820	3.164	-0.170842	0.120856	0.213047
15825	3.165	-0.170842	0.120856	0.213047
15830	3.166	-0.170842	0.120856	0.213047
15835	3.167	-0.170842	0.120857	0.213047
15840	3.168	-0.170842	0.120857	0.213047
15845	3.169	-0.170842	0.120857	0.213047
15850	3.17	-0.170842	0.120858	0.213047
15855	3.171	-0.170842	0.120858	0.213047
15860	3.172	-0.170842	0.120859	0.213047
15865	3.173	-0.170842	0.120859	0.213047
15870	3.174	-0.170842	0.120859	0.213047
15875	3.175	-0.170841	0.120859	0.213047
15880	3.176	-0.170841	0.120859	0.213046
15885	3.177	-0.170841	0.120859	0.213045
15890	3.178	-0.17084	0.120859	0.213045
15895	3.179	-0.17084	0.120859	0.213044
15900	3.18	-0.17084	0.120859	0.213044
15905	3.181	-0.17084	0.120859	0.213043
15910	3.182	-0.17084	0.120859	0.213043
15915	3.183	-0.17084	0.120859	0.213043
15920	3.184	-0.17084	0.12086	0.213043
15925	3.185	-0.17084	0.12086	0.213043
15930	3.186	-0.170839	0.12086	0.213042
15935	3.187	-0.170839	0.12086	0.213042
15940	3.188	-0.170839	0.120861	0.213042
15945	3.189	-0.170839	0.120861	0.213042
15950	3.19	-0.170839	0.120861	0.213042
15955	3.191	-0.170839	0.120862	0.213042
15960	3.192	-0.170839	0.120862	0.213042
15965	3.193	-0.170839	0.120862	0.213042
15970	3.194	-0.170839	0.120863	0.213043
15975	3.195	-0.170839	0.120863	0.213043
15980	3.196	-0.170839	0.120863	0.213043
15985	3.197	-0.170838	0.120863	0.213042
15990	3.198	-0.170838	0.120863	0.213042
15995	3.199	-0.170837	0.120863	0.213041
16000	3.2	-0.170837	0.120863	0.21304
16005	3.201	-0.170837	0.120863	0.21304
16010	3.202	-0.170837	0.120863	0.213039
16015	3.203	-0.170837	0.120863	0.213039
16020	3.204	-0.170837	0.120863	0.213038
16025	3.205	-0.170837	0.120864	0.213038
16030	3.206	-0.170837	0.120864	0.213038
16035	3.207	-0.170837	0.120864	0.213038
16040	3.208	-0.170836	0.120864	0.213038
16045	3.209	-0.170836	0.120864	0.213037
16050	3.21	-0.170836	0.120865	0.213037
16055	3.211	-0.170836	0.120865	0.213037
16060	3.212	-0.170836	0.120865	0.213037
16065	3.213	-0.170836	0.120866	0.213037
16070	3.214	-0.170836	0.120866	0.213037
16075	3.215	-0.170836	0.120866	0.213037
16080	3.216	-0.170836	0.120867	0.213038
16085	3.217	-0.170836	0.120867	0.213038
16090	3.218	-0.170836	0.120867	0.213038
16095	3.219	-0.170835	0.120867	0.213037
16100	3.22	-0.170835	0.120867	0.213036
16105	3.221	-0.170834	0.120867	0.213036
16110	3.222	-0.170834	0.120867	0.213035
16115	3.223	-0.170834	0.120867	0.213035
16120	3.224	-0.170834	0.120867	0.213034
16125	3.225	-0.170834	0.120867	0.213034
16130	3.226	-0.170834	0.120867	0.213033
16135	3.227	-0.170834	0.120868	0.213033
16140	3.228	-0.170834	0.120868	0.213033
16145	3.229	-0.170833	0.120868	0.213033
16150	3.23	-0.170833	0.120868	0.213032
16155	3.231	-0.170833	0.120868	0.213032
16160	3.232	-0.170833	0.120869	0.213032
16165	3.233	-0.170833	0.120869	0.213032
16170	3.234	-0.170833	0.120869	0.213032
16175	3.235	-0.170833	0.12087	0.213032
16180	3.236	-0.170833	0.12087	0.213032
16185	3.237	-0.170833	0.120871	0.213032
16190	3.238	-0.170833	0.120871	0.213033
16195	3.239	-0.170833	0.120871	0.213033
16200	3.24	-0.170833	0.120871	0.213033
16205	3.241	-0.170832	0.120871	0.213032
16210	3.242	-0.170832	0.120871	0.213031
16215	3.243	-0.170831	0.120871	0.213031
16220	3.244	-0.170831	0.120871	0.21303
16225	3.245	-0.170831	0.120871	0.213029
16230	3.246	-0.170831	0.120871	0.213029
16235	3.247	-0.170831	0.120871	0.213028
16240	3.248	-0.170831	0.120871	0.213028
16245	3.249	-0.170831	0.120872	0.213028
16250	3.25	-0.170831	0.120872	0.213028
16255	3.251	-0.17083	0.120872	0.213027
16260	3.252	-0.17083	0.120872	0.213027
16265	3.253	-0.17083	0.120872	0.213027
16270	3.254	-0.17083	0.120873	0.213027
16275	3.255	-0.17083	0.120873	0.213027
16280	3.256	-0.17083	0.120873	0.213027
16285	3.257	-0.17083	0.120874	0.213027
16290	3.258	-0.17083	0.120874	0.213027
16295	3.259	-0.17083	0.120874	0.213027
16300	3.26	-0.17083	0.120875	0.213027
16305	3.261	-0.17083	0.120875	0.213027
16310	3.262	-0.17083	0.120875	0.213027
16315	3.263	-0.170829	0.120875	0.213027
16320	3.264	-0.170829	0.120875	0.213026
16325	3.265	-0.170828	0.120875	0.213025
16330	3.266	-0.170828	0.120875	0.213025
16335	3.267	-0.170828	0.120875	0.213024
16340	3.268	-0.170828	0.120875	0.213024
16345	3.269	-0.170828	0.120875	0.213023
16350	3.27	-0.170828	0.120875	0.213023
16355	3.271	-0.170828	0.120875	0.213022
16360	3.272	-0.170828	0.120876	0.213022
16365	3.273	-0.170827	0.120876	0.213022
16370	3.274	-0.170827	0.120876	0.213022
16375	3.275	-0.170827	0.120876	0.213022
16380	3.276	-0.170827	0.120877	0.213022
16385	3.277	-0.170827	0.120877	0.213022
16390	3.278	-0.170827	0.120877	0.213021
16395	3.279	-0.170827	0.120878	0.213021
16400	3.28	-0.170827	0.120878	0.213022
16405	3.281	-0.170827	0.120878	0.213022
16410	3.282	-0.170827	0.120879	0.213022
16415	3.283	-0.170827	0.120879	0.213022
16420	3.284	-0.170827	0.120879	0.213022
16425	3.285	-0.170826	0.120879	0.213021
16430	3.286	-0.170826	0.120879	0.213021
16435	3.287	-0.170825	0.120879	0.21302
16440	3.288	-0.170825	0.120879	0.213019
16445	3.289	-0.170825	0.120879	0.213019
16450	3.29	-0.170825	0.120879	0.213018
16455	3.291	-0.170825	0.120879	0.213018
16460	3.292	-0.170825	0.120879	0.213017
16465	3.293	-0.170825	0.120879	0.213017
16470	3.294	-0.170825	0.12088	0.213017
16475	3.295	-0.170824	0.12088	0.213017
16480	3.296	-0.170824	0.12088	0.213016
16485	3.297	-0.170824	0.12088	0.213016
16490	3.298	-0.170824	0.12088	0.213016
16495	3.299	-0.170824	0.120881	0.213016
16500	3.3	-0.170824	0.120881	0.213016
16505	3.301	-0.170824	0.120881	0.213016
16510	3.302	-0.170824	0.120882	0.213016
16515	3.303	-0.170824	0.120882	0.213016
16520	3.304	-0.170824	0.120882	0.213016
16525	3.305	-0.170824	0.120882	0.213016
16530	3.306	-0.170824	0.120883	0.213016
16535	3.307	-0.170823	0.120883	0.213016
16540	3.308	-0.170823	0.120883	0.213015
16545	3.309	-0.170822	0.120883	0.213014
16550	3.31	-0.170822	0.120883	0.213013
16555	3.311	-0.170822	0.120883	0.213013
16560	3.312	-0.170822	0.120883	0.213013
16565	3.313	-0.170822	0.120883	0.213012
16570	3.314	-0.170822	0.120883	0.213012
16575	3.315	-0.170822	0.120883	0.213011
16580	3.316	-0.170822	0.120883	0.213011
16585	3.317	-0.170821	0.120884	0.213011
16590	3.318	-0.170821	0.120884	0.213011
16595	3.319	-0.170821	0.120884	0.213011
16600	3.32	-0.170821	0.120884	0.213011
16605	3.321	-0.170821	0.120885	0.213011
16610	3.322	-0.170821	0.120885	0.21301
16615	3.323	-0.170821	0.120885	0.21301
16620	3.324	-0.170821	0.120886	0.21301
16625	3.325	-0.170821	0.120886	0.213011
16630	3.326	-0.170821	0.120886	0.213011
16635	3.327	-0.170821	0.120886	0.213011
16640	3.328	-0.170821	0.120887	0.213011
16645	3.329	-0.17082	0.120887	0.21301
16650	3.33	-0.17082	0.120887	0.21301
16655	3.331	-0.170819	0.120887	0.213009
16660	3.332	-0.170819	0.120886	0.213008
16665	3.333	-0.170819	0.120887	0.213008
16670	3.334	-0.170819	0.120887	0.213007
16675	3.335	-0.170819	0.120887	0.213006
16680	3.336	-0.170819	0.120887	0.213006
16685	3.337	-0.170819	0.120887	0.213006
16690	3.338	-0.170819	0.120887	0.213006
16695	3.339	-0.170818	0.120887	0.213005
16700	3.34	-0.170818	0.120887	0.213005
16705	3.341	-0.170818	0.120888	0.213005
16710	3.342	-0.170818	0.120888	0.213005
16715	3.343	-0.170818	0.120888	0.213005
16720	3.344	-0.170818	0.120888	0.213004
16725	3.345	-0.170818	0.120889	0.213004
16730	3.346	-0.170818	0.120889	0.213004
16735	3.347	-0.170818	0.12089	0.213005
16740	3.348	-0.170818	0.12089	0.213005
16745	3.349	-0.170818	0.12089	0.213005
16750	3.35	-0.170818	0.12089	0.213005
16755	3.351	-0.170817	0.12089	0.213004
16760	3.352	-0.170817	0.12089	0.213004
16765	3.353	-0.170816	0.12089	0.213003
16770	3.354	-0.170816	0.12089	0.213002
16775	3.355	-0.170816	0.12089	0.213002
16780	3.356	-0.170816	0.12089	0.213001
16785	3.357	-0.170816	0.12089	0.213001
16790	3.358	-0.170816	0.12089	0.213
16795	3.359	-0.170816	0.12089	0.213
16800	3.36	-0.170815	0.120891	0.213
16805	3.361	-0.170815	0.120891	0.212999
16810	3.362	-0.170815	0.120891	0.212999
16815	3.363	-0.170815	0.120891	0.212999
16820	3.364	-0.170815	0.120892	0.212999
16825	3.365	-0.170815	0.120892	0.212999
16830	3.366	-0.170815	0.120892	0.212999
16835	3.367	-0.170815	0.120892	0.212999
16840	3.368	-0.170815	0.120893	0.212999
16845	3.369	-0.170815	0.120893	0.212999
16850	3.37	-0.170815	0.120894	0.212999
16855	3.371	-0.170815	0.120894	0.212999
16860	3.372	-0.170814	0.120894	0.212999
16865	3.373	-0.170814	0.120894	0.212998
16870	3.374	-0.170813	0.120894	0.212998
16875	3.375	-0.170813	0.120894	0.212997
16880	3.376	-0.170813	0.120894	0.212996
16885	3.377	-0.170813	0.120894	0.212996
16890	3.378	-0.170813	0.120894	0.212995
16895	3.379	-0.170813	0.120894	0.212995
16900	3.38	-0.170813	0.120894	0.212994
16905	3.381	-0.170813	0.120894	0.212994
16910	3.382	-0.170812	0.120894	0.212994
16915	3.383	-0.170812	0.120895	0.212994
16920	3.384	-0.170812	0.120895	0.212994
16925	3.385	-0.170812	0.120895	0.212993
16930	3.386	-0.170812	0.120895	0.212993
16935	3.387	-0.170812	0.120896	0.212993
16940	3.388	-0.170812	0.120896	0.212993
16945	3.389	-0.170812	0.120896	0.212993
16950	3.39	-0.170812	0.120897	0.212993
16955	3.391	-0.170812	0.120897	0.212993
16960	3.392	-0.170812	0.120897	0.212993
16965	3.393	-0.170812	0.120897	0.212993
16970	3.394	-0.170811	0.120898	0.212993
16975	3.395	-0.170811	0.120898	0.212993
16980	3.396	-0.17081	0.120898	0.212992
16985	3.397	-0.17081	0.120897	0.212991
16990	3.398	-0.17081	0.120897	0.212991
16995	3.399	-0.17081	0.120897	0.21299
17000	3.4	-0.17081	0.120898	0.21299
17005	3.401	-0.17081	0.120898	0.212989
17010	3.402	-0.17081	0.120898	0.212989
17015	3.403	-0.170809	0.120898	0.212988
17020	3.404	-0.170809	0.120898	0.212988
17025	3.405	-0.170809	0.120898	0.212988
17030	3.406	-0.170809	0.120898	0.212988
17035	3.407	-0.170809	0.120899	0.212988
17040	3.408	-0.170809	0.120899	0.212987
17045	3.409	-0.170809	0.120899	0.212987
17050	3.41	-0.170809	0.120899	0.212987
17055	3.411	-0.170809	0.1209	0.212987
17060	3.412	-0.170809	0.1209	0.212987
17065	3.413	-0.170809	0.120901	0.212987
17070	3.414	-0.170808	0.120901	0.212987
17075	3.415	-0.170808	0.120901	0.212987
17080	3.416	-0.170808	0.120901	0.212987
17085	3.417	-0.170808	0.120901	0.212987
17090	3.418	-0.170807	0.120901	0.212986
17095	3.419	-0.170807	0.120901	0.212985
17100	3.42	-0.170807	0.120901	0.212985
17105	3.421	-0.170807	0.120901	0.212984
17110	3.422	-0.170807	0.120901	0.212984
17115	3.423	-0.170807	0.120901	0.212983
17120	3.424	-0.170807	0.120901	0.212983
17125	3.425	-0.170806	0.120901	0.212982
17130	3.426	-0.170806	0.120902	0.212982
17135	3.427	-0.170806	0.120902	0.212982
17140	3.428	-0.170806	0.120902	0.212982
17145	3.429	-0.170806	0.120902	0.212982
17150	3.43	-0.170806	0.120903	0.212982
17155	3.431	-0.170806	0.120903	0.212981
17160	3.432	-0.170806	0.120903	0.212981
17165	3.433	-0.170806	0.120903	0.212981
17170	3.434	-0.170806	0.120904	0.212981
17175	3.435	-0.170805	0.120904	0.212981
17180	3.436	-0.170805	0.120904	0.212981
17185	3.437	-0.170805	0.120904	0.212981
17190	3.438	-0.170805	0.120905	0.212981
17195	3.439	-0.170805	0.120905	0.212981
17200	3.44	-0.170804	0.120905	0.21298
17205	3.441	-0.170804	0.120905	0.212979
17210	3.442	-0.170804	0.120905	0.212979
17215	3.443	-0.170804	0.120905	0.212978
17220	3.444	-0.170804	0.120905	0.212978
17225	3.445	-0.170804	0.120905	0.212977
17230	3.446	-0.170804	0.120905	0.212977
17235	3.447	-0.170803	0.120905	0.212977
17240	3.448	-0.170803	0.120905	0.212976
17245	3.449	-0.170803	0.120905	0.212976
17250	3.45	-0.170803	0.120906	0.212976
17255	3.451	-0.170803	0.120906	0.212976
17260	3.452	-0.170803	0.120906	0.212975
17265	3.453	-0.170803	0.120906	0.212975
17270	3.454	-0.170803	0.120907	0.212975
17275	3.455	-0.170803	0.120907	0.212975
17280	3.456	-0.170803	0.120907	0.212975
17285	3.457	-0.170802	0.120908	0.212975
17290	3.458	-0.170802	0.120908	0.212975
17295	3.459	-0.170802	0.120908	0.212975
17300	3.46	-0.170802	0.120908	0.212975
17305	3.461	-0.170802	0.120908	0.212975
17310	3.462	-0.170801	0.120908	0.212974
17315	3.463	-0.170801	0.120908	0.212973
17320	3.464	-0.170801	0.120908	0.212973
17325	3.465	-0.170801	0.120908	0.212972
17330	3.466	-0.170801	0.120908	0.212972
17335	3.467	-0.170801	0.120908	0.212971
17340	3.468	-0.1708	0.120908	0.212971
17345	3.469	-0.1708	0.120908	0.21297
17350	3.47	-0.1708	0.120909	0.21297
17355	3.471	-0.1708	0.120909	0.21297
17360	3.472	-0.1708	0.120909	0.21297
17365	3.473	-0.1708	0.120909	0.212969
17370	3.474	-0.1708	0.12091	0.212969
17375	3.475	-0.1708	0.12091	0.212969
17380	3.476	-0.1708	0.12091	0.212969
17385	3.477	-0.1708	0.12091	0.212969
17390	3.478	-0.170799	0.120911	0.212969
17395	3.479	-0.170799	0.120911	0.212969
17400	3.48	-0.170799	0.120911	0.212969
17405	3.481	-0.170799	0.120911	0.212969
17410	3.482	-0.170799	0.120912	0.212969
17415	3.483	-0.170799	0.120912	0.212969
17420	3.484	-0.170798	0.120912	0.212968
17425	3.485	-0.170798	0.120912	0.212967
17430	3.486	-0.170798	0.120912	0.212967
17435	3.487	-0.170798	0.120912	0.212966
17440	3.488	-0.170798	0.120912	0.212966
17445	3.489	-0.170798	0.120912	0.212965
17450	3.49	-0.170797	0.120912	0.212965
17455	3.491	-0.170797	0.120912	0.212964
17460	3.492	-0.170797	0.120912	0.212964
17465	3.493	-0.170797	0.120913	0.212964
17470	3.494	-0.170797	0.120913	0.212964
17475	3.495	-0.170797	0.120913	0.212964
17480	3.496	-0.170797	0.120913	0.212963
17485	3.497	-0.170797	0.120913	0.212963
17490	3.498	-0.170797	0.120914	0.212963
17495	3.499	-0.170796	0.120914	0.212963
17500	3.5	-0.170796	0.120914	0.212963
17505	3.501	-0.170796	0.120915	0.212963
17510	3.502	-0.170796	0.120915	0.212963
17515	3.503	-0.170796	0.120915	0.212963
17520	3.504	-0.170796	0.120915	0.212963
17525	3.505	-0.170795	0.120915	0.212963
17530	3.506	-0.170795	0.120915	0.212962
17535	3.507	-0.170795	0.120915	0.212961
17540	3.508	-0.170795	0.120915	0.212961
17545	3.509	-0.170795	0.120915	0.21296
17550	3.51	-0.170795	0.120915	0.21296
17555	3.511	-0.170794	0.120915	0.212959
17560	3.512	-0.170794	0.120915	0.212959
17565	3.513	-0.170794	0.120916	0.212958
17570	3.514	-0.170794	0.120916	0.212958
17575	3.515	-0.170794	0.120916	0.212958
17580	3.516	-0.170794	0.120916	0.212958
17585	3.517	-0.170794	0.120916	0.212957
17590	3.518	-0.170794	0.120917	0.212957
17595	3.519	-0.170794	0.120917	0.212957
17600	3.52	-0.170794	0.120917	0.212957
17605	3.521	-0.170793	0.120917	0.212957
17610	3.522	-0.170793	0.120918	0.212957
17615	3.523	-0.170793	0.120918	0.212957
17620	3.524	-0.170793	0.120918	0.212957
17625	3.525	-0.170793	0.120918	0.212957
17630	3.526	-0.170793	0.120919	0.212957
17635	3.527	-0.170792	0.120919	0.212957
17640	3.528	-0.170792	0.120919	0.212956
17645	3.529	-0.170792	0.120919	0.212955
17650	3.53	-0.170792	0.120919	0.212954
17655	3.531	-0.170792	0.120919	0.212954
17660	3.532	-0.170791	0.120919	0.212953
17665	3.533	-0.170791	0.120919	0.212953
17670	3.534	-0.170791	0.120919	0.212952
17675	3.535	-0.170791	0.120919	0.212952
17680	3.536	-0.170791	0.120919	0.212952
17685	3.537	-0.170791	0.120919	0.212952
17690	3.538	-0.170791	0.12092	0.212951
17695	3.539	-0.170791	0.12092	0.212951
17700	3.54	-0.170791	0.12092	0.212951
17705	3.541	-0.170791	0.12092	0.212951
17710	3.542	-0.17079	0.120921	0.212951
17715	3.543	-0.17079	0.120921	0.212951
17720	3.544	-0.17079	0.120921	0.212951
17725	3.545	-0.17079	0.120922	0.212951
17730	3.546	-0.17079	0.120922	0.212951
17735	3.547	-0.17079	0.120922	0.212951
17740	3.548	-0.17079	0.120922	0.212951
17745	3.549	-0.170789	0.120922	0.21295
17750	3.55	-0.170789	0.120922	0.21295
17755	3.551	-0.170789	0.120922	0.212949
17760	3.552	-0.170789	0.120922	0.212948
17765	3.553	-0.170789	0.120922	0.212948
17770	3.554	-0.170788	0.120922	0.212947
17775	3.555	-0.170788	0.120922	0.212947
17780	3.556	-0.170788	0.120922	0.212946
17785	3.557	-0.170788	0.120923	0.212946
17790	3.558	-0.170788	0.120923	0.212946
17795	3.559	-0.170788	0.120923	0.212946
17800	3.56	-0.170788	0.120923	0.212945
17805	3.561	-0.170788	0.120923	0.212945
17810	3.562	-0.170788	0.120924	0.212945
17815	3.563	-0.170787	0.120924	0.212945
17820	3.564	-0.170787	0.120924	0.212945
17825	3.565	-0.170787	0.120924	0.212945
17830	3.566	-0.170787	0.120925	0.212945
17835	3.567	-0.170787	0.120925	0.212945
17840	3.568	-0.170787	0.120925	0.212945
17845	3.569	-0.170787	0.120925	0.212945
17850	3.57	-0.170787	0.120926	0.212945
17855	3.571	-0.170786	0.120926	0.212944
17860	3.572	-0.170786	0.120926	0.212944
17865	3.573	-0.170786	0.120926	0.212943
17870	3.574	-0.170786	0.120926	0.212942
17875	3.575	-0.170785	0.120926	0.212942
17880	3.576	-0.170785	0.120926	0.212941
17885	3.577	-0.170785	0.120926	0.212941
17890	3.578	-0.170785	0.120926	0.21294
17895	3.579	-0.170785	0.120926	0.21294
17900	3.58	-0.170785	0.120926	0.21294
17905	3.581	-0.170785	0.120926	0.212939
17910	3.582	-0.170785	0.120927	0.212939
17915	3.583	-0.170785	0.120927	0.212939
17920	3.584	-0.170784	0.120927	0.212939
17925	3.585	-0.170784	0.120927	0.212939
17930	3.586	-0.170784	0.120927	0.212938
17935	3.587	-0.170784	0.120928	0.212938
17940	3.588	-0.170784	0.120928	0.212938
17945	3.589	-0.170784	0.120928	0.212938
17950	3.59	-0.170784	0.120929	0.212938
17955	3.591	-0.170784	0.120929	0.212938
17960	3.592	-0.170784	0.120929	0.212938
17965	3.593	-0.170783	0.120929	0.212938
17970	3.594	-0.170783	0.120929	0.212937
17975	3.595	-0.170783	0.120929	0.212936
17980	3.596	-0.170783	0.120929	0.212936
17985	3.597	-0.170782	0.120929	0.212935
17990	3.598	-0.170782	0.120929	0.212935
17995	3.599	-0.170782	0.120929	0.212934
18000	3.6	-0.170782	0.120929	0.212934
18005	3.601	-0.170782	0.120929	0.212933
18010	3.602	-0.170782	0.120929	0.212933
18015	3.603	-0.170782	0.12093	0.212933
18020	3.604	-0.170782	0.12093	0.212933
18025	3.605	-0.170781	0.12093	0.212932
18030	3.606	-0.170781	0.12093	0.212932
18035	3.607	-0.170781	0.120931	0.212932
18040	3.608	-0.170781	0.120931	0.212932
18045	3.609	-0.170781	0.120931	0.212932
18050	3.61	-0.170781	0.120931	0.212932
18055	3.611	-0.170781	0.120932	0.212932
18060	3.612	-0.170781	0.120932	0.212932
18065	3.613	-0.170781	0.120932	0.212932
18070	3.614	-0.170781	0.120932	0.212932
18075	3.615	-0.17078	0.120932	0.212932
18080	3.616	-0.17078	0.120932	0.212931
18085	3.617	-0.17078	0.120932	0.21293
18090	3.618	-0.170779	0.120932	0.212929
18095	3.619	-0.170779	0.120932	0.212929
18100	3.62	-0.170779	0.120932	0.212928
18105	3.621	-0.170779	0.120932	0.212928
18110	3.622	-0.170779	0.120932	0.212927
18115	3.623	-0.170779	0.120933	0.212927
18120	3.624	-0.170779	0.120933	0.212927
18125	3.625	-0.170779	0.120933	0.212927
18130	3.626	-0.170778	0.120933	0.212926
18135	3.627	-0.170778	0.120933	0.212926
18140	3.628	-0.170778	0.120934	0.212926
18145	3.629	-0.170778	0.120934	0.212926
18150	3.63	-0.170778	0.120934	0.212926
18155	3.631	-0.170778	0.120934	0.212926
18160	3.632	-0.170778	0.120935	0.212926
18165	3.633	-0.170778	0.120935	0.212926
18170	3.634	-0.170778	0.120935	0.212926
18175	3.635	-0.170778	0.120935	0.212926
18180	3.636	-0.170778	0.120936	0.212926
18185	3.637	-0.170777	0.120936	0.212925
18190	3.638	-0.170777	0.120936	0.212924
18195	3.639	-0.170777	0.120936	0.212924
18200	3.64	-0.170776	0.120936	0.212923
18205	3.641	-0.170776	0.120936	0.212922
18210	3.642	-0.170776	0.120936	0.212922
18215	3.643	-0.170776	0.120936	0.212921
18220	3.644	-0.170776	0.120936	0.212921
18225	3.645	-0.170776	0.120936	0.212921
18230	3.646	-0.170776	0.120936	0.212921
18235	3.647	-0.170775	0.120936	0.21292
18240	3.648	-0.170775	0.120937	0.21292
18245	3.649	-0.170775	0.120937	0.21292
18250	3.65	-0.170775	0.120937	0.21292
18255	3.651	-0.170775	0.120937	0.21292
18260	3.652	-0.170775	0.120938	0.212919
18265	3.653	-0.170775	0.120938	0.212919
18270	3.654	-0.170775	0.120938	0.212919
18275	3.655	-0.170775	0.120939	0.212919
18280	3.656	-0.170775	0.120939	0.212919
18285	3.657	-0.170775	0.120939	0.212919
18290	3.658	-0.170775	0.120939	0.212919
18295	3.659	-0.170774	0.120939	0.212919
18300	3.66	-0.170774	0.120939	0.212918
18305	3.661	-0.170773	0.120939	0.212917
18310	3.662	-0.170773	0.120939	0.212917
18315	3.663	-0.170773	0.120939	0.212916
18320	3.664	-0.170773	0.120939	0.212916
18325	3.665	-0.170773	0.120939	0.212915
18330	3.666	-0.170773	0.120939	0.212915
18335	3.667	-0.170773	0.120939	0.212915
18340	3.668	-0.170773	0.12094	0.212914
18345	3.669	-0.170772	0.12094	0.212914
18350	3.67	-0.170772	0.12094	0.212914
18355	3.671	-0.170772	0.12094	0.212914
18360	3.672	-0.170772	0.12094	0.212913
18365	3.673	-0.170772	0.120941	0.212913
18370	3.674	-0.170772	0.120941	0.212913
18375	3.675	-0.170772	0.120941	0.212913
18380	3.676	-0.170772	0.120941	0.212913
18385	3.677	-0.170772	0.120942	0.212913
18390	3.678	-0.170772	0.120942	0.212913
18395	3.679	-0.170772	0.120942	0.212913
18400	3.68	-0.170772	0.120943	0.212913
18405	3.681	-0.170771	0.120943	0.212912
18410	3.682	-0.170771	0.120942	0.212912
18415	3.683	-0.17077	0.120942	0.212911
18420	3.684	-0.17077	0.120942	0.21291
18425	3.685	-0.17077	0.120942	0.21291
18430	3.686	-0.17077	0.120942	0.212909
18435	3.687	-0.17077	0.120942	0.212909
18440	3.688	-0.17077	0.120942	0.212908
18445	3.689	-0.170769	0.120943	0.212908
18450	3.69	-0.170769	0.120943	0.212908
18455	3.691	-0.170769	0.120943	0.212908
18460	3.692	-0.170769	0.120943	0.212907
18465	3.693	-0.170769	0.120943	0.212907
18470	3.694	-0.170769	0.120944	0.212907
18475	3.695	-0.170769	0.120944	0.212907
18480	3.696	-0.170769	0.120944	0.212906
18485	3.697	-0.170769	0.120944	0.212906
18490	3.698	-0.170769	0.120945	0.212906
18495	3.699	-0.170769	0.120945	0.212906
18500	3.7	-0.170768	0.120945	0.212906
18505	3.701	-0.170768	0.120945	0.212906
18510	3.702	-0.170768	0.120946	0.212906
18515	3.703	-0.170768	0.120946	0.212906
18520	3.704	-0.170767	0.120946	0.212905
18525	3.705	-0.170767	0.120946	0.212904
18530	3.706	-0.170767	0.120945	0.212904
18535	3.707	-0.170767	0.120946	0.212903
18540	3.708	-0.170767	0.120946	0.212903
18545	3.709	-0.170767	0.120946	0.212902
18550	3.71	-0.170767	0.120946	0.212902
18555	3.711	-0.170766	0.120946	0.212901
18560	3.712	-0.170766	0.120946	0.212901
18565	3.713	-0.170766	0.120946	0.212901
18570	3.714	-0.170766	0.120946	0.212901
18575	3.715	-0.170766	0.120947	0.2129
18580	3.716	-0.170766	0.120947	0.2129
18585	3.717	-0.170766	0.120947	0.2129
18590	3.718	-0.170766	0.120947	0.2129
18595	3.719	-0.170766	0.120948	0.2129
18600	3.72	-0.170766	0.120948	0.2129
18605	3.721	-0.170765	0.120948	0.2129
18610	3.722	-0.170765	0.120949	0.2129
18615	3.723	-0.170765	0.120949	0.2129
18620	3.724	-0.170765	0.120949	0.2129
18625	3.725	-0.170765	0.120949	0.212899
18630	3.726	-0.170764	0.120949	0.212899
18635	3.727	-0.170764	0.120949	0.212898
18640	3.728	-0.170764	0.120949	0.212897
18645	3.729	-0.170764	0.120949	0.212897
18650	3.73	-0.170764	0.120949	0.212896
18655	3.731	-0.170764	0.120949	0.212896
18660	3.732	-0.170763	0.120949	0.212895
18665	3.733	-0.170763	0.120949	0.212895
18670	3.734	-0.170763	0.120949	0.212895
18675	3.735	-0.170763	0.12095	0.212894
18680	3.736	-0.170763	0.12095	0.212894
18685	3.737	-0.170763	0.12095	0.212894
18690	3.738	-0.170763	0.12095	0.212894
18695	3.739	-0.170763	0.12095	0.212894
18700	3.74	-0.170763	0.120951	0.212893
18705	3.741	-0.170762	0.120951	0.212893
18710	3.742	-0.170762	0.120951	0.212893
18715	3.743	-0.170762	0.120951	0.212893
18720	3.744	-0.170762	0.120952	0.212893
18725	3.745	-0.170762	0.120952	0.212893
18730	3.746	-0.170762	0.120952	0.212893
18735	3.747	-0.170761	0.120952	0.212893
18740	3.748	-0.170761	0.120952	0.212892
18745	3.749	-0.170761	0.120952	0.212891
18750	3.75	-0.170761	0.120952	0.21289
18755	3.751	-0.170761	0.120952	0.21289
18760	3.752	-0.170761	0.120952	0.212889
18765	3.753	-0.17076	0.120952	0.212889
18770	3.754	-0.17076	0.120952	0.212888
18775	3.755	-0.17076	0.120952	0.212888
18780	3.756	-0.17076	0.120952	0.212888
18785	3.757	-0.17076	0.120953	0.212888
18790	3.758	-0.17076	0.120953	0.212887
18795	3.759	-0.17076	0.120953	0.212887
18800	3.76	-0.17076	0.120953	0.212887
18805	3.761	-0.17076	0.120954	0.212887
18810	3.762	-0.170759	0.120954	0.212887
18815	3.763	-0.170759	0.120954	0.212886
18820	3.764	-0.170759	0.120954	0.212886
18825	3.765	-0.170759	0.120955	0.212887
18830	3.766	-0.170759	0.120955	0.212886
18835	3.767	-0.170759	0.120955	0.212886
18840	3.768	-0.170759	0.120955	0.212886
18845	3.769	-0.170758	0.120955	0.212886
18850	3.77	-0.170758	0.120955	0.212885
18855	3.771	-0.170758	0.120955	0.212884
18860	3.772	-0.170758	0.120955	0.212884
18865	3.773	-0.170758	0.120955	0.212883
18870	3.774	-0.170757	0.120955	0.212883
18875	3.775	-0.170757	0.120955	0.212882
18880	3.776	-0.170757	0.120955	0.212882
18885	3.777	-0.170757	0.120955	0.212882
18890	3.778	-0.170757	0.120956	0.212881
18895	3.779	-0.170757	0.120956	0.212881
18900	3.78	-0.170757	0.120956	0.212881
18905	3.781	-0.170757	0.120956	0.21288
18910	3.782	-0.170757	0.120956	0.21288
18915	3.783	-0.170756	0.120957	0.21288
18920	3.784	-0.170756	0.120957	0.21288
18925	3.785	-0.170756	0.120957	0.21288
18930	3.786	-0.170756	0.120957	0.21288
18935	3.787	-0.170756	0.120958	0.21288
18940	3.788	-0.170756	0.120958	0.21288
18945	3.789	-0.170756	0.120958	0.21288
18950	3.79	-0.170756	0.120958	0.21288
18955	3.791	-0.170755	0.120958	0.212879
18960	3.792	-0.170755	0.120958	0.212878
18965	3.793	-0.170755	0.120958	0.212878
18970	3.794	-0.170755	0.120958	0.212877
18975	3.795	-0.170754	0.120958	0.212876
18980	3.796	-0.170754	0.120958	0.212876
18985	3.797	-0.170754	0.120958	0.212875
18990	3.798	-0.170754	0.120958	0.212875
18995	3.799	-0.170754	0.120959	0.212875
19000	3.8	-0.170754	0.120959	0.212875
19005	3.801	-0.170754	0.120959	0.212874
19010	3.802	-0.170754	0.120959	0.212874
19015	3.803	-0.170753	0.120959	0.212874
19020	3.804	-0.170753	0.12096	0.212873
19025	3.805	-0.170753	0.12096	0.212873
19030	3.806	-0.170753	0.12096	0.212873
19035	3.807	-0.170753	0.12096	0.212873
19040	3.808	-0.170753	0.120961	0.212873
19045	3.809	-0.170753	0.120961	0.212873
19050	3.81	-0.170753	0.120961	0.212873
19055	3.811	-0.170753	0.120961	0.212873
19060	3.812	-0.170753	0.120962	0.212873
19065	3.813	-0.170752	0.120962	0.212872
19070	3.814	-0.170752	0.120961	0.212872
19075	3.815	-0.170752	0.120961	0.212871
19080	3.816	-0.170751	0.120961	0.21287
19085	3.817	-0.170751	0.120961	0.21287
19090	3.818	-0.170751	0.120961	0.212869
19095	3.819	-0.170751	0.120961	0.212868
19100	3.82	-0.170751	0.120961	0.212868
19105	3.821	-0.170751	0.120962	0.212868
19110	3.822	-0.170751	0.120962	0.212867
19115	3.823	-0.170751	0.120962	0.212867
19120	3.824	-0.17075	0.120962	0.212867
19125	3.825	-0.17075	0.120962	0.212867
19130	3.826	-0.17075	0.120963	0.212866
19135	3.827	-0.17075	0.120963	0.212866
19140	3.828	-0.17075	0.120963	0.212866
19145	3.829	-0.17075	0.120963	0.212866
19150	3.83	-0.17075	0.120964	0.212866
19155	3.831	-0.17075	0.120964	0.212866
19160	3.832	-0.17075	0.120964	0.212866
19165	3.833	-0.17075	0.120964	0.212866
19170	3.834	-0.17075	0.120965	0.212866
19175	3.835	-0.170749	0.120965	0.212865
19180	3.836	-0.170749	0.120964	0.212865
19185	3.837	-0.170748	0.120964	0.212864
19190	3.838	-0.170748	0.120964	0.212863
19195	3.839	-0.170748	0.120964	0.212863
19200	3.84	-0.170748	0.120964	0.212862
19205	3.841	-0.170748	0.120964	0.212862
19210	3.842	-0.170748	0.120964	0.212861
19215	3.843	-0.170748	0.120965	0.212861
19220	3.844	-0.170747	0.120965	0.212861
19225	3.845	-0.170747	0.120965	0.21286
19230	3.846	-0.170747	0.120965	0.21286
19235	3.847	-0.170747	0.120965	0.21286
19240	3.848	-0.170747	0.120966	0.21286
19245	3.849	-0.170747	0.120966	0.212859
19250	3.85	-0.170747	0.120966	0.212859
19255	3.851	-0.170747	0.120966	0.212859
19260	3.852	-0.170747	0.120967	0.212859
19265	3.853	-0.170747	0.120967	0.212859
19270	3.854	-0.170747	0.120967	0.212859
19275	3.855	-0.170747	0.120967	0.212859
19280	3.856	-0.170746	0.120968	0.212859
19285	3.857	-0.170746	0.120968	0.212859
19290	3.858	-0.170745	0.120968	0.212858
19295	3.859	-0.170745	0.120967	0.212857
19300	3.86	-0.170745	0.120967	0.212856
19305	3.861	-0.170745	0.120967	0.212856
19310	3.862	-0.170745	0.120967	0.212855
19315	3.863	-0.170745	0.120967	0.212855
19320	3.864	-0.170745	0.120968	0.212854
19325	3.865	-0.170744	0.120968	0.212854
19330	3.866	-0.170744	0.120968	0.212854
19335	3.867	-0.170744	0.120968	0.212854
19340	3.868	-0.170744	0.120968	0.212853
19345	3.869	-0.170744	0.120968	0.212853
19350	3.87	-0.170744	0.120969	0.212853
19355	3.871	-0.170744	0.120969	0.212853
19360	3.872	-0.170744	0.120969	0.212852
19365	3.873	-0.170744	0.120969	0.212852
19370	3.874	-0.170744	0.12097	0.212852
19375	3.875	-0.170743	0.12097	0.212852
19380	3.876	-0.170743	0.12097	0.212852
19385	3.877	-0.170743	0.12097	0.212852
19390	3.878	-0.170743	0.120971	0.212852
19395	3.879	-0.170743	0.120971	0.212852
19400	3.88	-0.170742	0.120971	0.212851
19405	3.881	-0.170742	0.12097	0.21285
19410	3.882	-0.170742	0.12097	0.212849
19415	3.883	-0.170742	0.12097	0.212849
19420	3.884	-0.170742	0.120971	0.212848
19425	3.885	-0.170742	0.120971	0.212848
19430	3.886	-0.170741	0.120971	0.212847
19435	3.887	-0.170741	0.120971	0.212847
19440	3.888	-0.170741	0.120971	0.212847
19445	3.889	-0.170741	0.120971	0.212847
19450	3.89	-0.170741	0.120971	0.212846
19455	3.891	-0.170741	0.120971	0.212846
19460	3.892	-0.170741	0.120972	0.212846
19465	3.893	-0.170741	0.120972	0.212846
19470	3.894	-0.170741	0.120972	0.212845
19475	3.895	-0.170741	0.120972	0.212845
19480	3.896	-0.17074	0.120973	0.212845
19485	3.897	-0.17074	0.120973	0.212845
19490	3.898	-0.17074	0.120973	0.212845
19495	3.899	-0.17074	0.120973	0.212845
19500	3.9	-0.17074	0.120974	0.212845
19505	3.901	-0.170739	0.120974	0.212845
19510	3.902	-0.170739	0.120974	0.212844
19515	3.903	-0.170739	0.120973	0.212843
19520	3.904	-0.170739	0.120973	0.212843
19525	3.905	-0.170739	0.120973	0.212842
19530	3.906	-0.170739	0.120974	0.212842
19535	3.907	-0.170738	0.120974	0.212841
19540	3.908	-0.170738	0.120974	0.21284
19545	3.909	-0.170738	0.120974	0.21284
19550	3.91	-0.170738	0.120974	0.21284
19555	3.911	-0.170738	0.120974	0.21284
19560	3.912	-0.170738	0.120974	0.212839
19565	3.913	-0.170738	0.120975	0.212839
19570	3.914	-0.170738	0.120975	0.212839
19575	3.915	-0.170738	0.120975	0.212839
19580	3.916	-0.170737	0.120975	0.212839
19585	3.917	-0.170737	0.120976	0.212838
19590	3.918	-0.170737	0.120976	0.212838
19595	3.919	-0.170737	0.120976	0.212839
19600	3.92	-0.170737	0.120977	0.212838
19605	3.921	-0.170737	0.120977	0.212838
19610	3.922	-0.170737	0.120977	0.212838
19615	3.923	-0.170736	0.120977	0.212838
19620	3.924	-0.170736	0.120977	0.212837
19625	3.925	-0.170736	0.120977	0.212836
19630	3.926	-0.170736	0.120977	0.212836
19635	3.927	-0.170736	0.120977	0.212835
19640	3.928	-0.170735	0.120977	0.212835
19645	3.929	-0.170735	0.120977	0.212834
19650	3.93	-0.170735	0.120977	0.212834
19655	3.931	-0.170735	0.120977	0.212833
19660	3.932	-0.170735	0.120977	0.212833
19665	3.933	-0.170735	0.120977	0.212833
19670	3.934	-0.170735	0.120977	0.212832
19675	3.935	-0.170735	0.120977	0.212832
19680	3.936	-0.170734	0.120978	0.212832
19685	3.937	-0.170734	0.120978	0.212832
19690	3.938	-0.170734	0.120978	0.212831
19695	3.939	-0.170734	0.120978	0.212831
19700	3.94	-0.170734	0.120979	0.212831
19705	3.941	-0.170734	0.120979	0.212831
19710	3.942	-0.170734	0.120979	0.212831
19715	3.943	-0.170734	0.120979	0.212831
19720	3.944	-0.170734	0.12098	0.212831
19725	3.945	-0.170733	0.12098	0.212831
19730	3.946	-0.170733	0.120979	0.21283
19735	3.947	-0.170733	0.120979	0.212829
19740	3.948	-0.170732	0.120979	0.212828
19745	3.949	-0.170732	0.120979	0.212828
19750	3.95	-0.170732	0.120979	0.212827
19755	3.951	-0.170732	0.120979	0.212827
19760	3.952	-0.170732	0.120979	0.212826
19765	3.953	-0.170732	0.12098	0.212826
19770	3.954	-0.170732	0.12098	0.212826
19775	3.955	-0.170732	0.12098	0.212825
19780	3.956	-0.170732	0.12098	0.212825
19785	3.957	-0.170731	0.12098	0.212825
19790	3.958	-0.170731	0.120981	0.212825
19795	3.959	-0.170731	0.120981	0.212825
19800	3.96	-0.170731	0.120981	0.212824
19805	3.961	-0.170731	0.120981	0.212824
19810	3.962	-0.170731	0.120982	0.212824
19815	3.963	-0.170731	0.120982	0.212824
19820	3.964	-0.170731	0.120982	0.212824
19825	3.965	-0.170731	0.120982	0.212824
19830	3.966	-0.170731	0.120983	0.212824
19835	3.967	-0.17073	0.120983	0.212824
19840	3.968	-0.17073	0.120982	0.212823
19845	3.969	-0.17073	0.120982	0.212822
19850	3.97	-0.170729	0.120982	0.212821
19855	3.971	-0.170729	0.120982	0.212821
19860	3.972	-0.170729	0.120982	0.21282
19865	3.973	-0.170729	0.120982	0.21282
19870	3.974	-0.170729	0.120982	0.212819
19875	3.975	-0.170729	0.120983	0.212819
19880	3.976	-0.170729	0.120983	0.212819
19885	3.977	-0.170728	0.120983	0.212818
19890	3.978	-0.170728	0.120983	0.212818
19895	3.979	-0.170728	0.120983	0.212818
19900	3.98	-0.170728	0.120984	0.212818
19905	3.981	-0.170728	0.120984	0.212817
19910	3.982	-0.170728	0.120984	0.212817
19915	3.983	-0.170728	0.120984	0.212817
19920	3.984	-0.170728	0.120984	0.212817
19925	3.985	-0.170728	0.120985	0.212817
19930	3.986	-0.170728	0.120985	0.212817
19935	3.987	-0.170728	0.120985	0.212817
19940	3.988	-0.170728	0.120985	0.212817
19945	3.989	-0.170727	0.120985	0.212816
19950	3.99	-0.170726	0.120985	0.212816
19955	3.991	-0.170726	0.120985	0.212815
19960	3.992	-0.170726	0.120985	0.212814
19965	3.993	-0.170726	0.120985	0.212814
19970	3.994	-0.170726	0.120985	0.212813
19975	3.995	-0.170726	0.120985	0.212813
19980	3.996	-0.170726	0.120985	0.212812
19985	3.997	-0.170725	0.120986	0.212812
19990	3.998	-0.170725	0.120986	0.212812
19995	3.999	-0.170725	0.120986	0.212811
20000	4	-0.170725	0.120986	0.212811
20005	4.001	-0.170725	0.120986	0.212811
20010	4.002	-0.170725	0.120987	0.212811
20015	4.003	-0.170725	0.120987	0.21281
20020	4.004	-0.170725	0.120987	0.21281
20025	4.005	-0.170725	0.120987	0.21281
20030	4.006	-0.170725	0.120988	0.21281
20035	4.007	-0.170724	0.120988	0.21281
20040	4.008	-0.170724	0.120988	0.21281
20045	4.009	-0.170724	0.120988	0.21281
20050	4.01	-0.170724	0.120989	0.21281
20055	4.011	-0.170724	0.120988	0.212809
20060	4.012	-0.170723	0.120988	0.212809
20065	4.013	-0.170723	0.120988	0.212808
20070	4.014	-0.170723	0.120988	0.212807
20075	4.015	-0.170723	0.120988	0.212807
20080	4.016	-0.170723	0.120988	0.212806
20085	4.017	-0.170723	0.120988	0.212806
20090	4.018	-0.170722	0.120988	0.212805
20095	4.019	-0.170722	0.120989	0.212805
20100	4.02	-0.170722	0.120989	0.212805
20105	4.021	-0.170722	0.120989	0.212804
20110	4.022	-0.170722	0.120989	0.212804
20115	4.023	-0.170722	0.120989	0.212804
20120	4.024	-0.170722	0.120989	0.212803
20125	4.025	-0.170722	0.12099	0.212803
20130	4.026	-0.170722	0.12099	0.212803
20135	4.027	-0.170722	0.12099	0.212803
20140	4.028	-0.170721	0.12099	0.212803
20145	4.029	-0.170721	0.120991	0.212803
20150	4.03	-0.170721	0.120991	0.212803
20155	4.031	-0.170721	0.120991	0.212803
20160	4.032	-0.170721	0.120991	0.212803
20165	4.033	-0.17072	0.120991	0.212802
20170	4.034	-0.17072	0.120991	0.212801
20175	4.035	-0.17072	0.120991	0.212801
20180	4.036	-0.17072	0.120991	0.2128
20185	4.037	-0.17072	0.120991	0.212799
20190	4.038	-0.17072	0.120991	0.212799
20195	4.039	-0.170719	0.120991	0.212798
20200	4.04	-0.170719	0.120991	0.212798
20205	4.041	-0.170719	0.120991	0.212798
20210	4.042	-0.170719	0.120992	0.212798
20215	4.043	-0.170719	0.120992	0.212797
20220	4.044	-0.170719	0.120992	0.212797
20225	4.045	-0.170719	0.120992	0.212797
20230	4.046	-0.170719	0.120993	0.212797
20235	4.047	-0.170719	0.120993	0.212796
20240	4.048	-0.170718	0.120993	0.212796
20245	4.049	-0.170718	0.120993	0.212796
20250	4.05	-0.170718	0.120993	0.212796
20255	4.051	-0.170718	0.120994	0.212796
20260	4.052	-0.170718	0.120994	0.212796
20265	4.053	-0.170718	0.120994	0.212796
20270	4.054	-0.170718	0.120994	0.212796
20275	4.055	-0.170717	0.120994	0.212795
20280	4.056	-0.170717	0.120994	0.212795
20285	4.057	-0.170717	0.120994	0.212794
20290	4.058	-0.170717	0.120994	0.212793
20295	4.059	-0.170717	0.120994	0.212793
20300	4.06	-0.170716	0.120994	0.212792
20305	4.061	-0.170716	0.120994	0.212792
20310	4.062	-0.170716	0.120994	0.212791
20315	4.063	-0.170716	0.120995	0.212791
20320	4.064	-0.170716	0.120995	0.212791
20325	4.065	-0.170716	0.120995	0.21279
20330	4.066	-0.170716	0.120995	0.21279
20335	4.067	-0.170716	0.120995	0.21279
20340	4.068	-0.170716	0.120996	0.21279
20345	4.069	-0.170715	0.120996	0.212789
20350	4.07	-0.170715	0.120996	0.212789
20355	4.071	-0.170715	0.120996	0.212789
20360	4.072	-0.170715	0.120996	0.212789
20365	4.073	-0.170715	0.120997	0.212789
20370	4.074	-0.170715	0.120997	0.212789
20375	4.075	-0.170715	0.120997	0.212789
20380	4.076	-0.170715	0.120997	0.212789
20385	4.077	-0.170714	0.120997	0.212788
20390	4.078	-0.170714	0.120997	0.212788
20395	4.079	-0.170714	0.120997	0.212787
20400	4.08	-0.170714	0.120997	0.212786
20405	4.081	-0.170713	0.120997	0.212786
20410	4.082	-0.170713	0.120997	0.212785
20415	4.083	-0.170713	0.120997	0.212784
20420	4.084	-0.170713	0.120997	0.212784
20425	4.085	-0.170713	0.120997	0.212784
20430	4.086	-0.170713	0.120998	0.212784
20435	4.087	-0.170713	0.120998	0.212783
20440	4.088	-0.170713	0.120998	0.212783
20445	4.089	-0.170712	0.120998	0.212783
20450	4.09	-0.170712	0.120998	0.212782
20455	4.091	-0.170712	0.120999	0.212782
20460	4.092	-0.170712	0.120999	0.212782
20465	4.093	-0.170712	0.120999	0.212782
20470	4.094	-0.170712	0.120999	0.212782
20475	4.095	-0.170712	0.121	0.212782
20480	4.096	-0.170712	0.121	0.212782
20485	4.097	-0.170712	0.121	0.212782
20490	4.098	-0.170712	0.121	0.212782
20495	4.099	-0.170711	0.121	0.212781
20500	4.1	-0.170711	0.121	0.21278
20505	4.101	-0.170711	0.121	0.21278
20510	4.102	-0.17071	0.121	0.212779
20515	4.103	-0.17071	0.121	0.212778
20520	4.104	-0.17071	0.121	0.212778
20525	4.105	-0.17071	0.121	0.212777
20530	4.106	-0.17071	0.121	0.212777
20535	4.107	-0.17071	0.121	0.212777
20540	4.108	-0.17071	0.121001	0.212776
20545	4.109	-0.17071	0.121001	0.212776
20550	4.11	-0.170709	0.121001	0.212776
20555	4.111	-0.170709	0.121001	0.212775
20560	4.112	-0.170709	0.121001	0.212775
20565	4.113	-0.170709	0.121002	0.212775
20570	4.114	-0.170709	0.121002	0.212775
20575	4.115	-0.170709	0.121002	0.212775
20580	4.116	-0.170709	0.121002	0.212775
20585	4.117	-0.170709	0.121003	0.212775
20590	4.118	-0.170709	0.121003	0.212774
20595	4.119	-0.170709	0.121003	0.212774
20600	4.12	-0.170709	0.121003	0.212774
20605	4.121	-0.170708	0.121003	0.212774
20610	4.122	-0.170708	0.121003	0.212773
20615	4.123	-0.170707	0.121003	0.212772
20620	4.124	-0.170707	0.121003	0.212772
20625	4.125	-0.170707	0.121003	0.212771
20630	4.126	-0.170707	0.121003	0.212771
20635	4.127	-0.170707	0.121003	0.21277
20640	4.128	-0.170707	0.121003	0.21277
20645	4.129	-0.170707	0.121003	0.212769
20650	4.13	-0.170706	0.121004	0.212769
20655	4.131	-0.170706	0.121004	0.212769
20660	4.132	-0.170706	0.121004	0.212769
20665	4.133	-0.170706	0.121004	0.212768
20670	4.134	-0.170706	0.121004	0.212768
20675	4.135	-0.170706	0.121004	0.212768
20680	4.136	-0.170706	0.121005	0.212768
20685	4.137	-0.170706	0.121005	0.212767
20690	4.138	-0.170706	0.121005	0.212767
20695	4.139	-0.170706	0.121005	0.212767
20700	4.14	-0.170705	0.121006	0.212767
20705	4.141	-0.170705	0.121006	0.212767
20710	4.142	-0.170705	0.121006	0.212767
20715	4.143	-0.170705	0.121006	0.212767
20720	4.144	-0.170704	0.121006	0.212766
20725	4.145	-0.170704	0.121006	0.212765
20730	4.146	-0.170704	0.121006	0.212764
20735	4.147	-0.170704	0.121006	0.212764
20740	4.148	-0.170704	0.121006	0.212763
20745	4.149	-0.170704	0.121006	0.212763
20750	4.15	-0.170704	0.121006	0.212762
20755	4.151	-0.170703	0.121006	0.212762
20760	4.152	-0.170703	0.121006	0.212762
20765	4.153	-0.170703	0.121006	0.212761
20770	4.154	-0.170703	0.121007	0.212761
20775	4.155	-0.170703	0.121007	0.212761
20780	4.156	-0.170703	0.121007	0.212761
20785	4.157	-0.170703	0.121007	0.21276
20790	4.158	-0.170703	0.121007	0.21276
20795	4.159	-0.170703	0.121008	0.21276
20800	4.16	-0.170702	0.121008	0.21276
20805	4.161	-0.170702	0.121008	0.21276
20810	4.162	-0.170702	0.121009	0.21276
20815	4.163	-0.170702	0.121009	0.21276
20820	4.164	-0.170702	0.121009	0.21276
20825	4.165	-0.170701	0.121009	0.212759
20830	4.166	-0.170701	0.121009	0.212759
20835	4.167	-0.170701	0.121009	0.212758
20840	4.168	-0.170701	0.121009	0.212757
20845	4.169	-0.170701	0.121009	0.212757
20850	4.17	-0.170701	0.121009	0.212756
20855	4.171	-0.1707	0.121009	0.212756
20860	4.172	-0.1707	0.121009	0.212755
20865	4.173	-0.1707	0.121009	0.212755
20870	4.174	-0.1707	0.121009	0.212755
20875	4.175	-0.1707	0.121009	0.212754
20880	4.176	-0.1707	0.121009	0.212754
20885	4.177	-0.1707	0.12101	0.212754
20890	4.178	-0.1707	0.12101	0.212754
20895	4.179	-0.1707	0.12101	0.212753
20900	4.18	-0.170699	0.12101	0.212753
20905	4.181	-0.170699	0.121011	0.212753
20910	4.182	-0.170699	0.121011	0.212753
20915	4.183	-0.170699	0.121011	0.212753
20920	4.184	-0.170699	0.121012	0.212753
20925	4.185	-0.170699	0.121012	0.212753
20930	4.186	-0.170699	0.121012	0.212753
20935	4.187	-0.170698	0.121012	0.212752
20940	4.188	-0.170698	0.121012	0.212751
20945	4.189	-0.170698	0.121012	0.212751
20950	4.19	-0.170698	0.121012	0.21275
20955	4.191	-0.170698	0.121012	0.212749
20960	4.192	-0.170697	0.121012	0.212749
20965	4.193	-0.170697	0.121012	0.212748
20970	4.194	-0.170697	0.121012	0.212748
20975	4.195	-0.170697	0.121012	0.212747
20980	4.196	-0.170697	0.121012	0.212747
20985	4.197	-0.170697	0.121012	0.212747
20990	4.198	-0.170697	0.121012	0.212746
20995	4.199	-0.170697	0.121012	0.212746
21000	4.2	-0.170696	0.121013	0.212746
21005	4.201	-0.170696	0.121013	0.212746
21010	4.202	-0.170696	0.121013	0.212745
21015	4.203	-0.170696	0.121013	0.212745
21020	4.204	-0.170696	0.121014	0.212745
21025	4.205	-0.170696	0.121014	0.212745
21030	4.206	-0.170696	0.121014	0.212745
21035	4.207	-0.170696	0.121014	0.212745
21040	4.208	-0.170696	0.121014	0.212745
21045	4.209	-0.170695	0.121014	0.212745
21050	4.21	-0.170695	0.121014	0.212744
21055	4.211	-0.170695	0.121014	0.212743
21060	4.212	-0.170694	0.121014	0.212742
21065	4.213	-0.170694	0.121014	0.212742
21070	4.214	-0.170694	0.121014	0.212741
21075	4.215	-0.170694	0.121014	0.212741
21080	4.216	-0.170694	0.121014	0.21274
21085	4.217	-0.170694	0.121014	0.21274
21090	4.218	-0.170694	0.121015	0.21274
21095	4.219	-0.170694	0.121015	0.212739
21100	4.22	-0.170693	0.121015	0.212739
21105	4.221	-0.170693	0.121015	0.212739
21110	4.222	-0.170693	0.121015	0.212739
21115	4.223	-0.170693	0.121016	0.212738
21120	4.224	-0.170693	0.121016	0.212738
21125	4.225	-0.170693	0.121016	0.212738
21130	4.226	-0.170693	0.121016	0.212738
21135	4.227	-0.170693	0.121017	0.212738
21140	4.228	-0.170693	0.121017	0.212738
21145	4.229	-0.170693	0.121017	0.212738
21150	4.23	-0.170693	0.121017	0.212738
21155	4.231	-0.170692	0.121017	0.212737
21160	4.232	-0.170692	0.121017	0.212737
21165	4.233	-0.170691	0.121017	0.212736
21170	4.234	-0.170691	0.121017	0.212735
21175	4.235	-0.170691	0.121017	0.212735
21180	4.236	-0.170691	0.121017	0.212734
21185	4.237	-0.170691	0.121017	0.212734
21190	4.238	-0.170691	0.121017	0.212733
21195	4.239	-0.170691	0.121017	0.212733
21200	4.24	-0.170691	0.121018	0.212733
21205	4.241	-0.17069	0.121018	0.212732
21210	4.242	-0.17069	0.121018	0.212732
21215	4.243	-0.17069	0.121018	0.212732
21220	4.244	-0.17069	0.121018	0.212732
21225	4.245	-0.17069	0.121019	0.212731
21230	4.246	-0.17069	0.121019	0.212731
21235	4.247	-0.17069	0.121019	0.212731
21240	4.248	-0.17069	0.121019	0.212731
21245	4.249	-0.17069	0.12102	0.212731
21250	4.25	-0.17069	0.12102	0.212731
21255	4.251	-0.17069	0.12102	0.212731
21260	4.252	-0.170689	0.12102	0.212731
21265	4.253	-0.170689	0.12102	0.21273
21270	4.254	-0.170688	0.12102	0.212729
21275	4.255	-0.170688	0.12102	0.212729
21280	4.256	-0.170688	0.12102	0.212728
21285	4.257	-0.170688	0.12102	0.212727
21290	4.258	-0.170688	0.12102	0.212727
21295	4.259	-0.170688	0.12102	0.212726
21300	4.26	-0.170688	0.12102	0.212726
21305	4.261	-0.170687	0.12102	0.212725
21310	4.262	-0.170687	0.12102	0.212725
21315	4.263	-0.170687	0.12102	0.212725
21320	4.264	-0.170687	0.121021	0.212724
21325	4.265	-0.170687	0.121021	0.212724
21330	4.266	-0.170687	0.121021	0.212724
21335	4.267	-0.170687	0.121021	0.212724
21340	4.268	-0.170687	0.121021	0.212723
21345	4.269	-0.170687	0.121022	0.212723
21350	4.27	-0.170686	0.121022	0.212723
21355	4.271	-0.170686	0.121022	0.212723
21360	4.272	-0.170686	0.121022	0.212723
21365	4.273	-0.170686	0.121022	0.212723
21370	4.274	-0.170686	0.121023	0.212723
21375	4.275	-0.170686	0.121023	0.212722
21380	4.276	-0.170685	0.121023	0.212722
21385	4.277	-0.170685	0.121023	0.212721
21390	4.278	-0.170685	0.121022	0.21272
21395	4.279	-0.170685	0.121023	0.21272
21400	4.28	-0.170685	0.121023	0.212719
21405	4.281	-0.170685	0.121023	0.212719
21410	4.282	-0.170684	0.121023	0.212718
21415	4.283	-0.170684	0.121023	0.212718
21420	4.284	-0.170684	0.121023	0.212718
21425	4.285	-0.170684	0.121023	0.212717
21430	4.286	-0.170684	0.121023	0.212717
21435	4.287	-0.170684	0.121023	0.212717
21440	4.288	-0.170684	0.121024	0.212716
21445	4.289	-0.170684	0.121024	0.212716
21450	4.29	-0.170684	0.121024	0.212716
21455	4.291	-0.170683	0.121024	0.212716
21460	4.292	-0.170683	0.121025	0.212716
21465	4.293	-0.170683	0.121025	0.212716
21470	4.294	-0.170683	0.121025	0.212716
21475	4.295	-0.170683	0.121025	0.212716
21480	4.296	-0.170683	0.121026	0.212716
21485	4.297	-0.170682	0.121026	0.212715
21490	4.298	-0.170682	0.121025	0.212714
21495	4.299	-0.170682	0.121025	0.212714
21500	4.3	-0.170682	0.121025	0.212713
21505	4.301	-0.170682	0.121025	0.212712
21510	4.302	-0.170681	0.121025	0.212712
21515	4.303	-0.170681	0.121025	0.212711
21520	4.304	-0.170681	0.121025	0.212711
21525	4.305	-0.170681	0.121026	0.21271
21530	4.306	-0.170681	0.121026	0.21271
21535	4.307	-0.170681	0.121026	0.21271
21540	4.308	-0.170681	0.121026	0.21271
21545	4.309	-0.170681	0.121026	0.212709
21550	4.31	-0.170681	0.121027	0.212709
21555	4.311	-0.17068	0.121027	0.212709
21560	4.312	-0.17068	0.121027	0.212709
21565	4.313	-0.17068	0.121027	0.212708
21570	4.314	-0.17068	0.121027	0.212708
21575	4.315	-0.17068	0.121028	0.212708
21580	4.316	-0.17068	0.121028	0.212708
21585	4.317	-0.17068	0.121028	0.212708
21590	4.318	-0.17068	0.121028	0.212708
21595	4.319	-0.170679	0.121028	0.212708
21600	4.32	-0.170679	0.121028	0.212707
21605	4.321	-0.170679	0.121028	0.212706
21610	4.322	-0.170679	0.121028	0.212706
21615	4.323	-0.170678	0.121028	0.212705
21620	4.324	-0.170678	0.121028	0.212705
21625	4.325	-0.170678	0.121028	0.212704
21630	4.326	-0.170678	0.121028	0.212703
21635	4.327	-0.170678	0.121028	0.212703
21640	4.328	-0.170678	0.121029	0.212703
21645	4.329	-0.170678	0.121029	0.212703
21650	4.33	-0.170678	0.121029	0.212702
21655	4.331	-0.170677	0.121029	0.212702
21660	4.332	-0.170677	0.121029	0.212702
21665	4.333	-0.170677	0.12103	0.212701
21670	4.334	-0.170677	0.12103	0.212701
21675	4.335	-0.170677	0.12103	0.212701
21680	4.336	-0.170677	0.12103	0.212701
21685	4.337	-0.170677	0.121031	0.212701
21690	4.338	-0.170677	0.121031	0.212701
21695	4.339	-0.170677	0.121031	0.212701
21700	4.34	-0.170677	0.121031	0.212701
21705	4.341	-0.170676	0.121031	0.2127
21710	4.342	-0.170676	0.121031	0.2127
21715	4.343	-0.170676	0.121031	0.212699
21720	4.344	-0.170675	0.121031	0.212698
21725	4.345	-0.170675	0.121031	0.212698
21730	4.346	-0.170675	0.121031	0.212697
21735	4.347	-0.170675	0.121031	0.212696
21740	4.348	-0.170675	0.121031	0.212696
21745	4.349	-0.170675	0.121031	0.212696
21750	4.35	-0.170675	0.121031	0.212695
21755	4.351	-0.170674	0.121032	0.212695
21760	4.352	-0.170674	0.121032	0.212695
21765	4.353	-0.170674	0.121032	0.212694
21770	4.354	-0.170674	0.121032	0.212694
21775	4.355	-0.170674	0.121032	0.212694
21780	4.356	-0.170674	0.121032	0.212694
21785	4.357	-0.170674	0.121033	0.212694
21790	4.358	-0.170674	0.121033	0.212694
21795	4.359	-0.170674	0.121033	0.212694
21800	4.36	-0.170674	0.121034	0.212694
21805	4.361	-0.170674	0.121034	0.212694
21810	4.362	-0.170674	0.121034	0.212693
21815	4.363	-0.170673	0.121034	0.212693
21820	4.364	-0.170672	0.121034	0.212692
21825	4.365	-0.170672	0.121034	0.212691
21830	4.366	-0.170672	0.121034	0.212691
21835	4.367	-0.170672	0.121034	0.21269
21840	4.368	-0.170672	0.121034	0.21269
21845	4.369	-0.170672	0.121034	0.212689
21850	4.37	-0.170672	0.121034	0.212689
21855	4.371	-0.170671	0.121034	0.212688
21860	4.372	-0.170671	0.121034	0.212688
21865	4.373	-0.170671	0.121034	0.212688
21870	4.374	-0.170671	0.121035	0.212687
21875	4.375	-0.170671	0.121035	0.212687
21880	4.376	-0.170671	0.121035	0.212687
21885	4.377	-0.170671	0.121035	0.212687
21890	4.378	-0.170671	0.121035	0.212687
21895	4.379	-0.170671	0.121036	0.212686
21900	4.38	-0.170671	0.121036	0.212686
21905	4.381	-0.17067	0.121036	0.212686
21910	4.382	-0.17067	0.121036	0.212686
21915	4.383	-0.17067	0.121036	0.212686
21920	4.384	-0.17067	0.121037	0.212686
21925	4.385	-0.17067	0.121037	0.212686
21930	4.386	-0.170669	0.121037	0.212685
21935	4.387	-0.170669	0.121037	0.212684
21940	4.388	-0.170669	0.121036	0.212683
21945	4.389	-0.170669	0.121037	0.212683
21950	4.39	-0.170669	0.121037	0.212682
21955	4.391	-0.170669	0.121037	0.212682
21960	4.392	-0.170668	0.121037	0.212681
21965	4.393	-0.170668	0.121037	0.212681
21970	4.394	-0.170668	0.121037	0.212681
21975	4.395	-0.170668	0.121037	0.21268
21980	4.396	-0.170668	0.121037	0.21268
21985	4.397	-0.170668	0.121037	0.21268
21990	4.398	-0.170668	0.121038	0.21268
21995	4.399	-0.170668	0.121038	0.212679
22000	4.4	-0.170668	0.121038	0.212679
22005	4.401	-0.170667	0.121038	0.212679
22010	4.402	-0.170667	0.121039	0.212679
22015	4.403	-0.170667	0.121039	0.212679
22020	4.404	-0.170667	0.121039	0.212679
22025	4.405	-0.170667	0.121039	0.212679
22030	4.406	-0.170667	0.121039	0.212679
22035	4.407	-0.170666	0.121039	0.212678
22040	4.408	-0.170666	0.121039	0.212677
22045	4.409	-0.170666	0.121039	0.212677
22050	4.41	-0.170666	0.121039	0.212676
22055	4.411	-0.170666	0.121039	0.212675
22060	4.412	-0.170666	0.121039	0.212675
22065	4.413	-0.170665	0.121039	0.212674
22070	4.414	-0.170665	0.121039	0.212674
22075	4.415	-0.170665	0.121039	0.212673
22080	4.416	-0.170665	0.12104	0.212673
22085	4.417	-0.170665	0.12104	0.212673
22090	4.418	-0.170665	0.12104	0.212673
22095	4.419	-0.170665	0.12104	0.212672
22100	4.42	-0.170665	0.12104	0.212672
22105	4.421	-0.170665	0.121041	0.212672
22110	4.422	-0.170664	0.121041	0.212672
22115	4.423	-0.170664	0.121041	0.212671
22120	4.424	-0.170664	0.121041	0.212671
22125	4.425	-0.170664	0.121042	0.212671
22130	4.426	-0.170664	0.121042	0.212671
22135	4.427	-0.170664	0.121042	0.212671
22140	4.428	-0.170664	0.121042	0.212671
22145	4.429	-0.170663	0.121042	0.212671
22150	4.43	-0.170663	0.121042	0.21267
22155	4.431	-0.170663	0.121042	0.212669
22160	4.432	-0.170663	0.121042	0.212669
22165	4.433	-0.170662	0.121042	0.212668
22170	4.434	-0.170662	0.121042	0.212668
22175	4.435	-0.170662	0.121042	0.212667
22180	4.436	-0.170662	0.121042	0.212666
22185	4.437	-0.170662	0.121042	0.212666
22190	4.438	-0.170662	0.121043	0.212666
22195	4.439	-0.170662	0.121043	0.212666
22200	4.44	-0.170662	0.121043	0.212665
22205	4.441	-0.170662	0.121043	0.212665
22210	4.442	-0.170661	0.121043	0.212665
22215	4.443	-0.170661	0.121043	0.212665
22220	4.444	-0.170661	0.121044	0.212664
22225	4.445	-0.170661	0.121044	0.212664
22230	4.446	-0.170661	0.121044	0.212664
22235	4.447	-0.170661	0.121045	0.212664
22240	4.448	-0.170661	0.121045	0.212664
22245	4.449	-0.170661	0.121045	0.212664
22250	4.45	-0.170661	0.121045	0.212664
22255	4.451	-0.17066	0.121045	0.212664
22260	4.452	-0.17066	0.121045	0.212663
22265	4.453	-0.17066	0.121045	0.212662
22270	4.454	-0.170659	0.121045	0.212661
22275	4.455	-0.170659	0.121045	0.212661
22280	4.456	-0.170659	0.121045	0.21266
22285	4.457	-0.170659	0.121045	0.21266
22290	4.458	-0.170659	0.121045	0.212659
22295	4.459	-0.170659	0.121045	0.212659
22300	4.46	-0.170659	0.121045	0.212659
22305	4.461	-0.170659	0.121046	0.212658
22310	4.462	-0.170658	0.121046	0.212658
22315	4.463	-0.170658	0.121046	0.212658
22320	4.464	-0.170658	0.121046	0.212658
22325	4.465	-0.170658	0.121046	0.212657
22330	4.466	-0.170658	0.121046	0.212657
22335	4.467	-0.170658	0.121047	0.212657
22340	4.468	-0.170658	0.121047	0.212657
22345	4.469	-0.170658	0.121047	0.212657
22350	4.47	-0.170658	0.121048	0.212657
22355	4.471	-0.170658	0.121048	0.212657
22360	4.472	-0.170658	0.121048	0.212657
22365	4.473	-0.170657	0.121048	0.212656
22370	4.474	-0.170657	0.121048	0.212655
22375	4.475	-0.170656	0.121048	0.212655
22380	4.476	-0.170656	0.121048	0.212654
22385	4.477	-0.170656	0.121048	0.212653
22390	4.478	-0.170656	0.121048	0.212653
22395	4.479	-0.170656	0.121048	0.212652
22400	4.48	-0.170656	0.121048	0.212652
22405	4.481	-0.170656	0.121048	0.212651
22410	4.482	-0.170655	0.121048	0.212651
22415	4.483	-0.170655	0.121048	0.212651
22420	4.484	-0.170655	0.121048	0.21265
22425	4.485	-0.170655	0.121049	0.21265
22430	4.486	-0.170655	0.121049	0.21265
22435	4.487	-0.170655	0.121049	0.21265
22440	4.488	-0.170655	0.121049	0.212649
22445	4.489	-0.170655	0.121049	0.212649
22450	4.49	-0.170655	0.12105	0.212649
22455	4.491	-0.170655	0.12105	0.212649
22460	4.492	-0.170654	0.12105	0.212649
22465	4.493	-0.170654	0.12105	0.212649
22470	4.494	-0.170654	0.121051	0.212649
22475	4.495	-0.170654	0.121051	0.212649
22480	4.496	-0.170653	0.12105	0.212648
22485	4.497	-0.170653	0.12105	0.212647
22490	4.498	-0.170653	0.12105	0.212646
22495	4.499	-0.170653	0.12105	0.212646
22500	4.5	-0.170653	0.12105	0.212645
22505	4.501	-0.170653	0.12105	0.212645
22510	4.502	-0.170653	0.12105	0.212644
22515	4.503	-0.170652	0.121051	0.212644
22520	4.504	-0.170652	0.121051	0.212644
22525	4.505	-0.170652	0.121051	0.212644
22530	4.506	-0.170652	0.121051	0.212643
22535	4.507	-0.170652	0.121051	0.212643
22540	4.508	-0.170652	0.121052	0.212643
22545	4.509	-0.170652	0.121052	0.212643
22550	4.51	-0.170652	0.121052	0.212642
22555	4.511	-0.170652	0.121052	0.212642
22560	4.512	-0.170651	0.121053	0.212642
22565	4.513	-0.170651	0.121053	0.212642
22570	4.514	-0.170651	0.121053	0.212642
22575	4.515	-0.170651	0.121053	0.212642
22580	4.516	-0.170651	0.121053	0.212642
22585	4.517	-0.17065	0.121053	0.212641
22590	4.518	-0.17065	0.121053	0.212641
22595	4.519	-0.17065	0.121053	0.21264
22600	4.52	-0.17065	0.121053	0.212639
22605	4.521	-0.17065	0.121053	0.212639
22610	4.522	-0.17065	0.121053	0.212638
22615	4.523	-0.170649	0.121053	0.212637
22620	4.524	-0.170649	0.121053	0.212637
22625	4.525	-0.170649	0.121053	0.212637
22630	4.526	-0.170649	0.121054	0.212636
22635	4.527	-0.170649	0.121054	0.212636
22640	4.528	-0.170649	0.121054	0.212636
22645	4.529	-0.170649	0.121054	0.212635
22650	4.53	-0.170649	0.121054	0.212635
22655	4.531	-0.170649	0.121055	0.212635
22660	4.532	-0.170648	0.121055	0.212635
22665	4.533	-0.170648	0.121055	0.212635
22670	4.534	-0.170648	0.121055	0.212634
22675	4.535	-0.170648	0.121056	0.212635
22680	4.536	-0.170648	0.121056	0.212634
22685	4.537	-0.170648	0.121056	0.212634
22690	4.538	-0.170648	0.121056	0.212634
22695	4.539	-0.170647	0.121056	0.212634
22700	4.54	-0.170647	0.121056	0.212633
22705	4.541	-0.170647	0.121056	0.212632
22710	4.542	-0.170647	0.121056	0.212632
22715	4.543	-0.170647	0.121056	0.212631
22720	4.544	-0.170646	0.121056	0.212631
22725	4.545	-0.170646	0.121056	0.21263
22730	4.546	-0.170646	0.121056	0.212629
22735	4.547	-0.170646	0.121056	0.212629
22740	4.548	-0.170646	0.121056	0.212629
22745	4.549	-0.170646	0.121057	0.212629
22750	4.55	-0.170646	0.121057	0.212628
22755	4.551	-0.170646	0.121057	0.212628
22760	4.552	-0.170646	0.121057	0.212628
22765	4.553	-0.170645	0.121057	0.212628
22770	4.554	-0.170645	0.121057	0.212627
22775	4.555	-0.170645	0.121058	0.212627
22780	4.556	-0.170645	0.121058	0.212627
22785	4.557	-0.170645	0.121058	0.212627
22790	4.558	-0.170645	0.121059	0.212627
22795	4.559	-0.170645	0.121059	0.212627
22800	4.56	-0.170645	0.121059	0.212627
22805	4.561	-0.170644	0.121059	0.212626
22810	4.562	-0.170644	0.121059	0.212626
22815	4.563	-0.170644	0.121059	0.212625
22820	4.564	-0.170644	0.121059	0.212624
22825	4.565	-0.170643	0.121059	0.212624
22830	4.566	-0.170643	0.121059	0.212623
22835	4.567	-0.170643	0.121059	0.212623
22840	4.568	-0.170643	0.121059	0.212622
22845	4.569	-0.170643	0.121059	0.212622
22850	4.57	-0.170643	0.121059	0.212622
22855	4.571	-0.170643	0.121059	0.212621
22860	4.572	-0.170643	0.121059	0.212621
22865	4.573	-0.170642	0.12106	0.212621
22870	4.574	-0.170642	0.12106	0.21262
22875	4.575	-0.170642	0.12106	0.21262
22880	4.576	-0.170642	0.12106	0.21262
22885	4.577	-0.170642	0.12106	0.21262
22890	4.578	-0.170642	0.121061	0.21262
22895	4.579	-0.170642	0.121061	0.21262
22900	4.58	-0.170642	0.121061	0.21262
22905	4.581	-0.170642	0.121061	0.21262
22910	4.582	-0.170642	0.121062	0.212619
22915	4.583	-0.170641	0.121062	0.212619
22920	4.584	-0.170641	0.121062	0.212618
22925	4.585	-0.17064	0.121061	0.212617
22930	4.586	-0.17064	0.121061	0.212617
22935	4.587	-0.17064	0.121061	0.212616
22940	4.588	-0.17064	0.121061	0.212616
22945	4.589	-0.17064	0.121061	0.212615
22950	4.59	-0.17064	0.121062	0.212615
22955	4.591	-0.17064	0.121062	0.212614
22960	4.592	-0.17064	0.121062	0.212614
22965	4.593	-0.170639	0.121062	0.212614
22970	4.594	-0.170639	0.121062	0.212613
22975	4.595	-0.170639	0.121062	0.212613
22980	4.596	-0.170639	0.121063	0.212613
22985	4.597	-0.170639	0.121063	0.212613
22990	4.598	-0.170639	0.121063	0.212612
22995	4.599	-0.170639	0.121063	0.212612
23000	4.6	-0.170639	0.121064	0.212612
23005	4.601	-0.170639	0.121064	0.212612
23010	4.602	-0.170639	0.121064	0.212612
23015	4.603	-0.170639	0.121064	0.212612
23020	4.604	-0.170638	0.121064	0.212612
23025	4.605	-0.170638	0.121064	0.212612
23030	4.606	-0.170637	0.121064	0.212611
23035	4.607	-0.170637	0.121064	0.21261
23040	4.608	-0.170637	0.121064	0.212609
23045	4.609	-0.170637	0.121064	0.212609
23050	4.61	-0.170637	0.121064	0.212608
23055	4.611	-0.170637	0.121064	0.212608
23060	4.612	-0.170637	0.121064	0.212607
23065	4.613	-0.170636	0.121064	0.212607
23070	4.614	-0.170636	0.121065	0.212607
23075	4.615	-0.170636	0.121065	0.212606
23080	4.616	-0.170636	0.121065	0.212606
23085	4.617	-0.170636	0.121065	0.212606
23090	4.618	-0.170636	0.121065	0.212605
23095	4.619	-0.170636	0.121066	0.212605
23100	4.62	-0.170636	0.121066	0.212605
23105	4.621	-0.170636	0.121066	0.212605
23110	4.622	-0.170636	0.121066	0.212605
23115	4.623	-0.170635	0.121067	0.212605
23120	4.624	-0.170635	0.121067	0.212605
23125	4.625	-0.170635	0.121067	0.212605
23130	4.626	-0.170635	0.121067	0.212604
23135	4.627	-0.170635	0.121067	0.212604
23140	4.628	-0.170634	0.121067	0.212603
23145	4.629	-0.170634	0.121067	0.212602
23150	4.63	-0.170634	0.121067	0.212602
23155	4.631	-0.170634	0.121067	0.212601
23160	4.632	-0.170634	0.121067	0.212601
23165	4.633	-0.170634	0.121067	0.2126
23170	4.634	-0.170633	0.121067	0.2126
23175	4.635	-0.170633	0.121067	0.212599
23180	4.636	-0.170633	0.121067	0.212599
23185	4.637	-0.170633	0.121067	0.212599
23190	4.638	-0.170633	0.121068	0.212598
23195	4.639	-0.170633	0.121068	0.212598
23200	4.64	-0.170633	0.121068	0.212598
23205	4.641	-0.170633	0.121068	0.212598
23210	4.642	-0.170633	0.121068	0.212597
23215	4.643	-0.170632	0.121069	0.212597
23220	4.644	-0.170632	0.121069	0.212597
23225	4.645	-0.170632	0.121069	0.212597
23230	4.646	-0.170632	0.121069	0.212597
23235	4.647	-0.170632	0.121069	0.212597
23240	4.648	-0.170632	0.12107	0.212597
23245	4.649	-0.170631	0.12107	0.212596
23250	4.65	-0.170631	0.12107	0.212596
23255	4.651	-0.170631	0.12107	0.212595
23260	4.652	-0.170631	0.121069	0.212594
23265	4.653	-0.170631	0.12107	0.212594
23270	4.654	-0.17063	0.12107	0.212593
23275	4.655	-0.17063	0.12107	0.212593
23280	4.656	-0.17063	0.12107	0.212592
23285	4.657	-0.17063	0.12107	0.212592
23290	4.658	-0.17063	0.12107	0.212592
23295	4.659	-0.17063	0.12107	0.212591
23300	4.66	-0.17063	0.12107	0.212591
23305	4.661	-0.17063	0.12107	0.212591
23310	4.662	-0.17063	0.121071	0.21259
23315	4.663	-0.170629	0.121071	0.21259
23320	4.664	-0.170629	0.121071	0.21259
23325	4.665	-0.170629	0.121071	0.21259
23330	4.666	-0.170629	0.121072	0.21259
23335	4.667	-0.170629	0.121072	0.21259
23340	4.668	-0.170629	0.121072	0.21259
23345	4.669	-0.170629	0.121072	0.21259
23350	4.67	-0.170629	0.121073	0.212589
23355	4.671	-0.170628	0.121072	0.212589
23360	4.672	-0.170628	0.121072	0.212588
23365	4.673	-0.170628	0.121072	0.212587
23370	4.674	-0.170628	0.121072	0.212587
23375	4.675	-0.170627	0.121072	0.212586
23380	4.676	-0.170627	0.121072	0.212586
23385	4.677	-0.170627	0.121072	0.212585
23390	4.678	-0.170627	0.121072	0.212585
23395	4.679	-0.170627	0.121073	0.212584
23400	4.68	-0.170627	0.121073	0.212584
23405	4.681	-0.170627	0.121073	0.212584
23410	4.682	-0.170627	0.121073	0.212583
23415	4.683	-0.170626	0.121073	0.212583
23420	4.684	-0.170626	0.121073	0.212583
23425	4.685	-0.170626	0.121074	0.212583
23430	4.686	-0.170626	0.121074	0.212582
23435	4.687	-0.170626	0.121074	0.212582
23440	4.688	-0.170626	0.121074	0.212582
23445	4.689	-0.170626	0.121075	0.212582
23450	4.69	-0.170626	0.121075	0.212582
23455	4.691	-0.170626	0.121075	0.212582
23460	4.692	-0.170626	0.121075	0.212582
23465	4.693	-0.170625	0.121075	0.212581
23470	4.694	-0.170625	0.121075	0.212581
23475	4.695	-0.170625	0.121075	0.21258
23480	4.696	-0.170624	0.121075	0.212579
23485	4.697	-0.170624	0.121075	0.212578
23490	4.698	-0.170624	0.121075	0.212578
23495	4.699	-0.170624	0.121075	0.212577
23500	4.7	-0.170624	0.121075	0.212577
23505	4.701	-0.170624	0.121075	0.212576
23510	4.702	-0.170624	0.121075	0.212576
23515	4.703	-0.170623	0.121075	0.212576
23520	4.704	-0.170623	0.121076	0.212576
23525	4.705	-0.170623	0.121076	0.212575
23530	4.706	-0.170623	0.121076	0.212575
23535	4.707	-0.170623	0.121076	0.212575
23540	4.708	-0.170623	0.121076	0.212574
23545	4.709	-0.170623	0.121077	0.212574
23550	4.71	-0.170623	0.121077	0.212574
23555	4.711	-0.170623	0.121077	0.212574
23560	4.712	-0.170623	0.121077	0.212574
23565	4.713	-0.170623	0.121077	0.212574
23570	4.714	-0.170622	0.121078	0.212574
23575	4.715	-0.170622	0.121078	0.212573
23580	4.716	-0.170621	0.121078	0.212573
23585	4.717	-0.170621	0.121077	0.212572
23590	4.718	-0.170621	0.121077	0.212571
23595	4.719	-0.170621	0.121077	0.212571
23600	4.72	-0.170621	0.121077	0.21257
23605	4.721	-0.170621	0.121077	0.21257
23610	4.722	-0.170621	0.121078	0.212569
23615	4.723	-0.17062	0.121078	0.212569
23620	4.724	-0.17062	0.121078	0.212569
23625	4.725	-0.17062	0.121078	0.212568
23630	4.726	-0.17062	0.121078	0.212568
23635	4.727	-0.17062	0.121078	0.212568
23640	4.728	-0.17062	0.121079	0.212567
23645	4.729	-0.17062	0.121079	0.212567
23650	4.73	-0.17062	0.121079	0.212567
23655	4.731	-0.17062	0.121079	0.212567
23660	4.732	-0.17062	0.121079	0.212567
23665	4.733	-0.170619	0.12108	0.212567
23670	4.734	-0.170619	0.12108	0.212567
23675	4.735	-0.170619	0.12108	0.212567
23680	4.736	-0.170619	0.12108	0.212566
23685	4.737	-0.170619	0.12108	0.212566
23690	4.738	-0.170618	0.12108	0.212565
23695	4.739	-0.170618	0.12108	0.212564
23700	4.74	-0.170618	0.12108	0.212564
23705	4.741	-0.170618	0.12108	0.212563
23710	4.742	-0.170618	0.12108	0.212563
23715	4.743	-0.170618	0.12108	0.212562
23720	4.744	-0.170617	0.12108	0.212562
23725	4.745	-0.170617	0.12108	0.212561
23730	4.746	-0.170617	0.121081	0.212561
23735	4.747	-0.170617	0.121081	0.212561
23740	4.748	-0.170617	0.121081	0.21256
23745	4.749	-0.170617	0.121081	0.21256
23750	4.75	-0.170617	0.121081	0.21256
23755	4.751	-0.170617	0.121081	0.21256
23760	4.752	-0.170617	0.121082	0.212559
23765	4.753	-0.170616	0.121082	0.212559
23770	4.754	-0.170616	0.121082	0.212559
23775	4.755	-0.170616	0.121082	0.212559
23780	4.756	-0.170616	0.121083	0.212559
23785	4.757	-0.170616	0.121083	0.212559
23790	4.758	-0.170616	0.121083	0.212559
23795	4.759	-0.170615	0.121083	0.212558
23800	4.76	-0.170615	0.121083	0.212558
23805	4.761	-0.170615	0.121083	0.212557
23810	4.762	-0.170615	0.121083	0.212556
23815	4.763	-0.170615	0.121083	0.212555
23820	4.764	-0.170614	0.121083	0.212555
23825	4.765	-0.170614	0.121083	0.212554
23830	4.766	-0.170614	0.121083	0.212554
23835	4.767	-0.170614	0.121083	0.212554
23840	4.768	-0.170614	0.121083	0.212553
23845	4.769	-0.170614	0.121083	0.212553
23850	4.77	-0.170614	0.121084	0.212553
23855	4.771	-0.170614	0.121084	0.212552
23860	4.772	-0.170614	0.121084	0.212552
23865	4.773	-0.170613	0.121084	0.212552
23870	4.774	-0.170613	0.121084	0.212552
23875	4.775	-0.170613	0.121085	0.212552
23880	4.776	-0.170613	0.121085	0.212551
23885	4.777	-0.170613	0.121085	0.212551
23890	4.778	-0.170613	0.121085	0.212551
23895	4.779	-0.170613	0.121085	0.212551
23900	4.78	-0.170613	0.121086	0.212551
23905	4.781	-0.170612	0.121086	0.212551
23910	4.782	-0.170612	0.121086	0.21255
23915	4.783	-0.170612	0.121085	0.212549
23920	4.784	-0.170612	0.121085	0.212549
23925	4.785	-0.170611	0.121085	0.212548
23930	4.786	-0.170611	0.121086	0.212547
23935	4.787	-0.170611	0.121086	0.212547
23940	4.788	-0.170611	0.121086	0.212546
23945	4.789	-0.170611	0.121086	0.212546
23950	4.79	-0.170611	0.121086	0.212546
23955	4.791	-0.170611	0.121086	0.212546
23960	4.792	-0.170611	0.121086	0.212545
23965	4.793	-0.17061	0.121086	0.212545
23970	4.794	-0.17061	0.121087	0.212545
23975	4.795	-0.17061	0.121087	0.212545
23980	4.796	-0.17061	0.121087	0.212544
23985	4.797	-0.17061	0.121087	0.212544
23990	4.798	-0.17061	0.121088	0.212544
23995	4.799	-0.17061	0.121088	0.212544
24000	4.8	-0.17061	0.121088	0.212544
24005	4.801	-0.17061	0.121088	0.212544
24010	4.802	-0.17061	0.121089	0.212544
24015	4.803	-0.170609	0.121088	0.212543
24020	4.804	-0.170609	0.121088	0.212543
24025	4.805	-0.170609	0.121088	0.212542
24030	4.806	-0.170608	0.121088	0.212541
24035	4.807	-0.170608	0.121088	0.212541
24040	4.808	-0.170608	0.121088	0.21254
24045	4.809	-0.170608	0.121088	0.212539
24050	4.81	-0.170608	0.121088	0.212539
24055	4.811	-0.170608	0.121088	0.212539
24060	4.812	-0.170608	0.121089	0.212538
24065	4.813	-0.170607	0.121089	0.212538
24070	4.814	-0.170607	0.121089	0.212538
24075	4.815	-0.170607	0.121089	0.212537
24080	4.816	-0.170607	0.121089	0.212537
24085	4.817	-0.170607	0.12109	0.212537
24090	4.818	-0.170607	0.12109	0.212537
24095	4.819	-0.170607	0.12109	0.212536
24100	4.82	-0.170607	0.12109	0.212536
24105	4.821	-0.170607	0.121091	0.212536
24110	4.822	-0.170607	0.121091	0.212536
24115	4.823	-0.170607	0.121091	0.212536
24120	4.824	-0.170606	0.121091	0.212536
24125	4.825	-0.170606	0.121091	0.212536
24130	4.826	-0.170605	0.121091	0.212535
24135	4.827	-0.170605	0.121091	0.212534
24140	4.828	-0.170605	0.121091	0.212533
24145	4.829	-0.170605	0.121091	0.212533
24150	4.83	-0.170605	0.121091	0.212532
24155	4.831	-0.170605	0.121091	0.212532
24160	4.832	-0.170605	0.121091	0.212531
24165	4.833	-0.170604	0.121091	0.212531
24170	4.834	-0.170604	0.121091	0.212531
24175	4.835	-0.170604	0.121091	0.21253
24180	4.836	-0.170604	0.121092	0.21253
24185	4.837	-0.170604	0.121092	0.21253
24190	4.838	-0.170604	0.121092	0.212529
24195	4.839	-0.170604	0.121092	0.212529
24200	4.84	-0.170604	0.121092	0.212529
24205	4.841	-0.170604	0.121093	0.212529
24210	4.842	-0.170604	0.121093	0.212529
24215	4.843	-0.170603	0.121093	0.212529
24220	4.844	-0.170603	0.121093	0.212529
24225	4.845	-0.170603	0.121093	0.212529
24230	4.846	-0.170603	0.121094	0.212528
24235	4.847	-0.170603	0.121094	0.212528
24240	4.848	-0.170602	0.121094	0.212527
24245	4.849	-0.170602	0.121093	0.212526
24250	4.85	-0.170602	0.121093	0.212526
24255	4.851	-0.170602	0.121093	0.212525
24260	4.852	-0.170602	0.121093	0.212525
24265	4.853	-0.170602	0.121093	0.212524
24270	4.854	-0.170601	0.121094	0.212524
24275	4.855	-0.170601	0.121094	0.212523
24280	4.856	-0.170601	0.121094	0.212523
24285	4.857	-0.170601	0.121094	0.212523
24290	4.858	-0.170601	0.121094	0.212522
24295	4.859	-0.170601	0.121094	0.212522
24300	4.86	-0.170601	0.121095	0.212522
24305	4.861	-0.170601	0.121095	0.212522
24310	4.862	-0.170601	0.121095	0.212521
24315	4.863	-0.1706	0.121095	0.212521
24320	4.864	-0.1706	0.121095	0.212521
24325	4.865	-0.1706	0.121096	0.212521
24330	4.866	-0.1706	0.121096	0.212521
24335	4.867	-0.1706	0.121096	0.212521
24340	4.868	-0.1706	0.121096	0.212521
24345	4.869	-0.170599	0.121096	0.21252
24350	4.87	-0.170599	0.121096	0.212519
24355	4.871	-0.170599	0.121096	0.212519
24360	4.872	-0.170599	0.121096	0.212518
24365	4.873	-0.170599	0.121096	0.212517
24370	4.874	-0.170598	0.121096	0.212517
24375	4.875	-0.170598	0.121096	0.212516
24380	4.876	-0.170598	0.121096	0.212516
24385	4.877	-0.170598	0.121096	0.212516
24390	4.878	-0.170598	0.121097	0.212515
24395	4.879	-0.170598	0.121097	0.212515
24400	4.88	-0.170598	0.121097	0.212515
24405	4.881	-0.170598	0.121097	0.212514
24410	4.882	-0.170598	0.121097	0.212514
24415	4.883	-0.170597	0.121097	0.212514
24420	4.884	-0.170597	0.121098	0.212514
24425	4.885	-0.170597	0.121098	0.212513
24430	4.886	-0.170597	0.121098	0.212513
24435	4.887	-0.170597	0.121098	0.212513
24440	4.888	-0.170597	0.121099	0.212513
24445	4.889	-0.170597	0.121099	0.212513
24450	4.89	-0.170597	0.121099	0.212513
24455	4.891	-0.170596	0.121099	0.212513
24460	4.892	-0.170596	0.121099	0.212512
24465	4.893	-0.170596	0.121099	0.212511
24470	4.894	-0.170596	0.121099	0.21251
24475	4.895	-0.170595	0.121099	0.21251
24480	4.896	-0.170595	0.121099	0.212509
24485	4.897	-0.170595	0.121099	0.212509
24490	4.898	-0.170595	0.121099	0.212508
24495	4.899	-0.170595	0.121099	0.212508
24500	4.9	-0.170595	0.121099	0.212508
24505	4.901	-0.170595	0.121099	0.212508
24510	4.902	-0.170595	0.1211	0.212507
24515	4.903	-0.170594	0.1211	0.212507
24520	4.904	-0.170594	0.1211	0.212507
24525	4.905	-0.170594	0.1211	0.212507
24530	4.906	-0.170594	0.1211	0.212506
24535	4.907	-0.170594	0.121101	0.212506
24540	4.908	-0.170594	0.121101	0.212506
24545	4.909	-0.170594	0.121101	0.212506
24550	4.91	-0.170594	0.121101	0.212506
24555	4.911	-0.170594	0.121101	0.212506
24560	4.912	-0.170594	0.121102	0.212506
24565	4.913	-0.170593	0.121102	0.212505
24570	4.914	-0.170593	0.121102	0.212505
24575	4.915	-0.170592	0.121102	0.212504
24580	4.916	-0.170592	0.121101	0.212503
24585	4.917	-0.170592	0.121101	0.212502
24590	4.918	-0.170592	0.121101	0.212502
24595	4.919	-0.170592	0.121101	0.212501
24600	4.92	-0.170592	0.121102	0.212501
24605	4.921	-0.170592	0.121102	0.2125
24610	4.922	-0.170592	0.121102	0.2125
24615	4.923	-0.170591	0.121102	0.2125
24620	4.924	-0.170591	0.121102	0.212499
24625	4.925	-0.170591	0.121102	0.212499
24630	4.926	-0.170591	0.121102	0.212499
24635	4.927	-0.170591	0.121103	0.212499
24640	4.928	-0.170591	0.121103	0.212498
24645	4.929	-0.170591	0.121103	0.212498
24650	4.93	-0.170591	0.121103	0.212498
24655	4.931	-0.170591	0.121104	0.212498
24660	4.932	-0.170591	0.121104	0.212498
24665	4.933	-0.170591	0.121104	0.212498
24670	4.934	-0.17059	0.121104	0.212498
24675	4.935	-0.17059	0.121104	0.212497
24680	4.936	-0.170589	0.121104	0.212496
24685	4.937	-0.170589	0.121104	0.212496
24690	4.938	-0.170589	0.121104	0.212495
24695	4.939	-0.170589	0.121104	0.212494
24700	4.94	-0.170589	0.121104	0.212494
24705	4.941	-0.170589	0.121104	0.212493
24710	4.942	-0.170589	0.121104	0.212493
24715	4.943	-0.170588	0.121104	0.212492
24720	4.944	-0.170588	0.121104	0.212492
24725	4.945	-0.170588	0.121105	0.212492
24730	4.946	-0.170588	0.121105	0.212492
24735	4.947	-0.170588	0.121105	0.212491
24740	4.948	-0.170588	0.121105	0.212491
24745	4.949	-0.170588	0.121105	0.212491
24750	4.95	-0.170588	0.121105	0.212491
24755	4.951	-0.170588	0.121106	0.21249
24760	4.952	-0.170587	0.121106	0.21249
24765	4.953	-0.170587	0.121106	0.21249
24770	4.954	-0.170587	0.121107	0.21249
24775	4.955	-0.170587	0.121107	0.21249
24780	4.956	-0.170587	0.121107	0.21249
24785	4.957	-0.170586	0.121107	0.21249
24790	4.958	-0.170586	0.121107	0.212489
24795	4.959	-0.170586	0.121107	0.212488
24800	4.96	-0.170586	0.121107	0.212487
24805	4.961	-0.170586	0.121107	0.212487
24810	4.962	-0.170586	0.121107	0.212486
24815	4.963	-0.170585	0.121107	0.212486
24820	4.964	-0.170585	0.121107	0.212485
24825	4.965	-0.170585	0.121107	0.212485
24830	4.966	-0.170585	0.121107	0.212485
24835	4.967	-0.170585	0.121107	0.212484
24840	4.968	-0.170585	0.121107	0.212484
24845	4.969	-0.170585	0.121108	0.212484
24850	4.97	-0.170585	0.121108	0.212484
24855	4.971	-0.170585	0.121108	0.212483
24860	4.972	-0.170585	0.121108	0.212483
24865	4.973	-0.170584	0.121108	0.212483
24870	4.974	-0.170584	0.121109	0.212483
24875	4.975	-0.170584	0.121109	0.212483
24880	4.976	-0.170584	0.121109	0.212483
24885	4.977	-0.170584	0.121109	0.212483
24890	4.978	-0.170584	0.12111	0.212483
24895	4.979	-0.170583	0.121109	0.212482
24900	4.98	-0.170583	0.121109	0.212481
24905	4.981	-0.170583	0.121109	0.212481
24910	4.982	-0.170583	0.121109	0.21248
24915	4.983	-0.170583	0.121109	0.212479
24920	4.984	-0.170582	0.121109	0.212479
24925	4.985	-0.170582	0.121109	0.212478
24930	4.986	-0.170582	0.121109	0.212478
24935	4.987	-0.170582	0.12111	0.212477
24940	4.988	-0.170582	0.12111	0.212477
24945	4.989	-0.170582	0.12111	0.212477
24950	4.99	-0.170582	0.12111	0.212476
24955	4.991	-0.170582	0.12111	0.212476
24960	4.992	-0.170582	0.12111	0.212476
24965	4.993	-0.170581	0.121111	0.212476
24970	4.994	-0.170581	0.121111	0.212475
24975	4.995	-0.170581	0.121111	0.212475
24980	4.996	-0.170581	0.121111	0.212475
24985	4.997	-0.170581	0.121112	0.212475
24990	4.998	-0.170581	0.121112	0.212475
24995	4.999	-0.170581	0.121112	0.212475
25000	5	-0.170581	0.121112	0.212475
25005	5.001	0	0	0
25010	5.002	0	0	0
25015	5.003	0	0	0
25020	5.004	0	0	0
25025	5.005	0	0	0
25030	5.006	0	0	0
25035	5.007	0	0	0
25040	5.008	0	0	0
25045	5.009	0	0	0
