TimeSlice	Time	hip_L_flx_rec	hip_L_ext_rec	hip_L	hip_L_flx	hip_L_ext
0	0	1.5698	1.6105	0	0	0
5	0.001	1.56981	1.61051	0	0	0
10	0.002	1.56982	1.61666	3.56216e-017	1.27152	0
15	0.003	1.5698	1.6105	-0.000764329	14.5586	0
20	0.004	1.57275	1.6105	0.00028942	22.507	0
25	0.005	1.58856	1.6105	0.00191198	30.2481	0
30	0.006	1.60562	1.6105	0.00367892	38.4373	0
35	0.007	1.62443	1.6105	0.00564473	45.581	0.221697
40	0.008	1.64382	1.6105	0.00769059	51.5471	30.9903
45	0.009	1.66276	1.6105	0.00970872	56.4554	61.4229
50	0.01	1.67824	1.6105	0.0113947	61.6058	93.6336
55	0.011	1.69307	1.6105	0.0130317	63.0526	133.033
60	0.012	1.70712	1.6105	0.0146047	62.3378	172.213
65	0.013	1.7202	1.6105	0.016092	60.4168	208.43
70	0.014	1.73211	1.6105	0.017473	57.8862	240.421
75	0.015	1.74266	1.6105	0.0187291	55.181	267.455
80	0.016	1.75176	1.6105	0.019845	52.5428	288.965
85	0.017	1.75932	1.6105	0.0208114	50.1626	304.499
90	0.018	1.76531	1.6105	0.0216243	48.1236	313.739
95	0.019	1.76975	1.6105	0.0222823	46.4826	316.537
100	0.02	1.77263	1.6105	0.0227863	45.8738	312.949
105	0.021	1.77405	1.6105	0.0231393	46.7587	303.615
110	0.022	1.77404	1.6105	0.0233466	48.6186	289.533
115	0.023	1.77268	1.6105	0.0234155	51.0692	271.663
120	0.024	1.77011	1.6105	0.0233552	53.8337	250.875
125	0.025	1.76641	1.6105	0.0231763	56.7291	227.983
130	0.026	1.7617	1.6105	0.0228901	59.6254	203.714
135	0.027	1.75614	1.6105	0.0225087	62.4336	178.682
140	0.028	1.74983	1.6105	0.0220449	65.0625	153.415
145	0.029	1.74291	1.6105	0.0215119	67.4954	128.363
150	0.03	1.73553	1.6105	0.0209227	69.6511	103.849
155	0.031	1.7278	1.6105	0.0202903	71.529	80.1434
160	0.032	1.71986	1.6105	0.0196273	73.1034	57.4405
165	0.033	1.7118	1.6105	0.0189453	74.9162	36.2436
170	0.034	1.70376	1.6105	0.0182556	77.449	16.8656
175	0.035	1.69582	1.6105	0.0175689	80.2271	0
180	0.036	1.68809	1.6105	0.0168964	82.8924	0
185	0.037	1.68067	1.6105	0.0162476	85.228	0
190	0.038	1.67361	1.6105	0.0156263	87.1	0
195	0.039	1.66689	1.6105	0.0150353	88.4517	0
200	0.04	1.66057	1.6105	0.0144768	89.2717	0
205	0.041	1.65463	1.6105	0.0139528	89.5679	0
210	0.042	1.6491	1.6105	0.0134639	89.3639	0
215	0.043	1.64402	1.6105	0.0130158	88.6834	0
220	0.044	1.63937	1.6105	0.0126071	88.4068	0
225	0.045	1.63514	1.6105	0.0122377	88.7055	0
230	0.046	1.63135	1.6105	0.0119071	89.1739	0
235	0.047	1.62796	1.6105	0.0116147	89.5476	0
240	0.048	1.62496	1.6105	0.0113601	89.643	0
245	0.049	1.62236	1.6105	0.0111425	89.3757	0
250	0.05	1.62015	1.6105	0.0109611	88.7001	0
255	0.051	1.61828	1.6105	0.0108152	87.6182	0
260	0.052	1.61677	1.6105	0.0107039	86.1343	0
265	0.053	1.61562	1.6105	0.0106263	84.2992	0
270	0.054	1.61478	1.6105	0.010581	83.4455	0
275	0.055	1.61425	1.6105	0.0105665	83.0821	0
280	0.056	1.61401	1.6105	0.0105813	82.8259	0
285	0.057	1.61404	1.6105	0.0106233	82.4673	0
290	0.058	1.61428	1.6105	0.010686	81.8812	0
295	0.059	1.61469	1.6105	0.0107673	81.0081	0
300	0.06	1.61526	1.6105	0.0108657	79.8237	0
305	0.061	1.61597	1.6105	0.0109794	78.315	0
310	0.062	1.61682	1.6105	0.0111066	76.8396	0
315	0.063	1.61775	1.6105	0.0112451	76.3128	0
320	0.064	1.61878	1.6105	0.0113933	76.2358	0
325	0.065	1.61988	1.6105	0.0115499	76.2637	0
330	0.066	1.62105	1.6105	0.0117146	76.1894	0
335	0.067	1.62227	1.6105	0.0118867	75.8588	0
340	0.068	1.62356	1.6105	0.0120657	75.2347	0
345	0.069	1.62488	1.6105	0.0122508	74.2842	0
350	0.07	1.62626	1.6105	0.0124416	73.0161	0
355	0.071	1.62767	1.6105	0.0126374	72.5787	0
360	0.072	1.62911	1.6105	0.0128375	72.7524	0
365	0.073	1.63057	1.6105	0.0130415	73.1065	0
370	0.074	1.63204	1.6105	0.0132493	73.391	0
375	0.075	1.63355	1.6105	0.0134608	73.4304	0
380	0.076	1.63506	1.6105	0.0136758	73.16	0
385	0.077	1.6366	1.6105	0.0138943	72.5472	0
390	0.078	1.63815	1.6105	0.014116	71.5791	0
395	0.079	1.63974	1.6105	0.0143406	71.6594	0
400	0.08	1.64132	1.6105	0.0145677	72.1909	0
405	0.081	1.64289	1.6105	0.0147971	72.8073	0
410	0.082	1.64449	1.6105	0.015029	73.2497	0
415	0.083	1.64608	1.6105	0.0152632	73.4038	0
420	0.084	1.6477	1.6105	0.0154996	73.1981	0
425	0.085	1.64931	1.6105	0.0157383	72.6137	0
430	0.086	1.65093	1.6105	0.0159789	72.5459	0
435	0.087	1.65256	1.6105	0.016221	73.1098	0
440	0.088	1.65416	1.6105	0.0164645	73.8639	0
445	0.089	1.65578	1.6105	0.0167094	74.4847	0
450	0.09	1.65738	1.6105	0.0169558	74.8275	0
455	0.091	1.65899	1.6105	0.0172037	74.8091	0
460	0.092	1.6606	1.6105	0.0174532	74.3764	0
465	0.093	1.66222	1.6105	0.017704	74.1881	0
470	0.094	1.66381	1.6105	0.017956	74.7245	0
475	0.095	1.66541	1.6105	0.0182091	75.4773	0
480	0.096	1.66701	1.6105	0.0184633	76.1427	0
485	0.097	1.66861	1.6105	0.0187187	76.5321	0
490	0.098	1.67018	1.6105	0.0189754	76.5422	0
495	0.099	1.67177	1.6105	0.0192334	76.1503	0
500	0.1	1.67335	1.6105	0.0194926	75.9664	0
505	0.101	1.67492	1.6105	0.0197529	76.5051	0
510	0.102	1.67649	1.6105	0.0200142	77.2434	0
515	0.103	1.67806	1.6105	0.0202764	77.8734	0
520	0.104	1.67962	1.6105	0.0205397	78.2115	0
525	0.105	1.68117	1.6105	0.0208042	78.1618	0
530	0.106	1.68274	1.6105	0.0210699	77.6882	0
535	0.107	1.68429	1.6105	0.0213368	77.966	0
540	0.108	1.68584	1.6105	0.0216045	78.7045	0
545	0.109	1.68738	1.6105	0.0218732	79.4636	0
550	0.11	1.6889	1.6105	0.022143	80.0083	0
555	0.111	1.69044	1.6105	0.0224139	80.1935	0
560	0.112	1.69197	1.6105	0.0226861	79.9524	0
565	0.113	1.6935	1.6105	0.0229595	79.6051	0
570	0.114	1.69501	1.6105	0.0232339	80.0808	0
575	0.115	1.69653	1.6105	0.0235094	80.8025	0
580	0.116	1.69805	1.6105	0.0237857	81.4134	0
585	0.117	1.69955	1.6105	0.0240633	81.7459	0
590	0.118	1.70106	1.6105	0.024342	81.6597	0
595	0.119	1.70257	1.6105	0.0246219	81.1534	0
600	0.12	1.70407	1.6105	0.0249029	81.3612	0
605	0.121	1.70556	1.6105	0.0251848	82.002	0
610	0.122	1.70706	1.6105	0.0254677	82.6564	0
615	0.123	1.70855	1.6105	0.0257515	83.07	0
620	0.124	1.71003	1.6105	0.0260365	83.1098	0
625	0.125	1.71151	1.6105	0.0263225	82.7091	0
630	0.126	1.71298	1.6105	0.0266097	82.7643	0
635	0.127	1.71444	1.6105	0.0268978	83.3654	0
640	0.128	1.71592	1.6105	0.0271867	84.0317	0
645	0.129	1.71738	1.6105	0.0274765	84.485	0
650	0.13	1.71884	1.6105	0.0277674	84.5601	0
655	0.131	1.72029	1.6105	0.0280595	84.2007	0
660	0.132	1.72175	1.6105	0.0283525	84.2921	0
665	0.133	1.72318	1.6105	0.0286464	84.9113	0
670	0.134	1.72464	1.6105	0.0289412	85.581	0
675	0.135	1.72606	1.6105	0.0292369	86.0072	0
680	0.136	1.7275	1.6105	0.0295337	86.0562	0
685	0.137	1.72894	1.6105	0.0298316	85.6561	0
690	0.138	1.73036	1.6105	0.0301304	85.7006	0
695	0.139	1.73179	1.6105	0.0304302	86.2628	0
700	0.14	1.7332	1.6105	0.0307307	86.8523	0
705	0.141	1.73462	1.6105	0.0310322	87.218	0
710	0.142	1.73602	1.6105	0.0313345	87.1756	0
715	0.143	1.73743	1.6105	0.0316379	86.6985	0
720	0.144	1.73883	1.6105	0.0319423	86.91	0
725	0.145	1.74023	1.6105	0.0322473	87.5136	0
730	0.146	1.74163	1.6105	0.032553	88.0776	0
735	0.147	1.74301	1.6105	0.0328596	88.3459	0
740	0.148	1.74439	1.6105	0.0331671	88.1978	0
745	0.149	1.74577	1.6105	0.0334754	87.5807	0
750	0.15	1.74714	1.6105	0.0337845	87.8964	0
755	0.151	1.74851	1.6105	0.0340942	88.4775	0
760	0.152	1.74986	1.6105	0.0344045	88.9518	0
765	0.153	1.75122	1.6105	0.0347154	89.0871	0
770	0.154	1.75256	1.6105	0.0350271	88.8022	0
775	0.155	1.75391	1.6105	0.0353394	88.3732	0
780	0.156	1.75525	1.6105	0.0356523	88.7116	0
785	0.157	1.75657	1.6105	0.0359656	89.2193	0
790	0.158	1.75789	1.6105	0.0362794	89.5758	0
795	0.159	1.75921	1.6105	0.0365936	89.5653	0
800	0.16	1.76051	1.6105	0.0369083	89.1276	0
805	0.161	1.7618	1.6105	0.0372235	89.1186	0
810	0.162	1.76309	1.6105	0.0375389	89.6032	0
815	0.163	1.76437	1.6105	0.0378546	90.0983	0
820	0.164	1.76564	1.6105	0.0381706	90.3181	0
825	0.165	1.76691	1.6105	0.0384869	90.1453	0
830	0.166	1.76816	1.6105	0.0388035	89.4953	0
835	0.167	1.76941	1.6105	0.0391205	89.766	0
840	0.168	1.77065	1.6105	0.0394375	90.2877	0
845	0.169	1.77187	1.6105	0.0397545	90.6912	0
850	0.17	1.77309	1.6105	0.0400716	90.7452	0
855	0.171	1.7743	1.6105	0.0403889	90.3552	0
860	0.172	1.77549	1.6105	0.0407064	90.4104	0
865	0.173	1.77667	1.6105	0.0410238	90.9283	0
870	0.174	1.77785	1.6105	0.0413412	91.438	0
875	0.175	1.77902	1.6105	0.0416587	91.6629	0
880	0.176	1.78018	1.6105	0.0419762	91.4765	0
885	0.177	1.78132	1.6105	0.0422939	91.1328	0
890	0.178	1.78247	1.6105	0.0426116	91.5297	0
895	0.179	1.78359	1.6105	0.0429292	92.0675	0
900	0.18	1.78471	1.6105	0.0432467	92.4019	0
905	0.181	1.78582	1.6105	0.0435643	92.3659	0
910	0.182	1.78692	1.6105	0.0438819	91.8496	0
915	0.183	1.788	1.6105	0.0441996	91.9975	0
920	0.184	1.78909	1.6105	0.0445171	92.4892	0
925	0.185	1.79016	1.6105	0.0448344	92.9003	0
930	0.186	1.79121	1.6105	0.0451516	92.9721	0
935	0.187	1.79227	1.6105	0.0454688	92.601	0
940	0.188	1.7933	1.6105	0.0457859	92.3874	0
945	0.189	1.79433	1.6105	0.0461029	92.7515	0
950	0.19	1.79535	1.6105	0.0464195	93.1822	0
955	0.191	1.79635	1.6105	0.0467359	93.364	0
960	0.192	1.79735	1.6105	0.0470521	93.1341	0
965	0.193	1.79833	1.6105	0.0473681	92.7534	0
970	0.194	1.79931	1.6105	0.0476838	93.1128	0
975	0.195	1.80028	1.6105	0.0479992	93.616	0
980	0.196	1.80124	1.6105	0.0483141	93.8954	0
985	0.197	1.80217	1.6105	0.0486288	93.78	0
990	0.198	1.80311	1.6105	0.0489432	93.1983	0
995	0.199	1.80403	1.6105	0.0492573	93.4954	0
1000	0.2	1.80493	1.6105	0.0495709	93.9986	0
1005	0.201	1.80582	1.6105	0.049884	94.3446	0
1010	0.202	1.80671	1.6105	0.0501967	94.3261	0
1015	0.203	1.80759	1.6105	0.0505091	93.8267	0
1020	0.204	1.80846	1.6105	0.0508211	93.9751	0
1025	0.205	1.8093	1.6105	0.0511326	94.4593	0
1030	0.206	1.81016	1.6105	0.0514436	94.8279	0
1035	0.207	1.81098	1.6105	0.0517541	94.8493	0
1040	0.208	1.8118	1.6105	0.0520642	94.4125	0
1045	0.209	1.81261	1.6105	0.0523739	94.3824	0
1050	0.21	1.81341	1.6105	0.052683	94.8029	0
1055	0.211	1.81419	1.6105	0.0529915	95.1775	0
1060	0.212	1.81497	1.6105	0.0532995	95.2405	0
1065	0.213	1.81573	1.6105	0.053607	94.8597	0
1070	0.214	1.81648	1.6105	0.0539141	94.8921	0
1075	0.215	1.81722	1.6105	0.0542205	95.3658	0
1080	0.216	1.81796	1.6105	0.0545262	95.7872	0
1085	0.217	1.81867	1.6105	0.0548314	95.886	0
1090	0.218	1.81938	1.6105	0.0551361	95.5342	0
1095	0.219	1.82008	1.6105	0.0554404	95.3225	0
1100	0.22	1.82077	1.6105	0.055744	95.6682	0
1105	0.221	1.82144	1.6105	0.0560469	96.0377	0
1110	0.222	1.82211	1.6105	0.0563492	96.1339	0
1115	0.223	1.82276	1.6105	0.0566509	95.7984	0
1120	0.224	1.82341	1.6105	0.056952	95.615	0
1125	0.225	1.82404	1.6105	0.0572525	95.9924	0
1130	0.226	1.82467	1.6105	0.0575522	96.3894	0
1135	0.227	1.82527	1.6105	0.0578511	96.5165	0
1140	0.228	1.82588	1.6105	0.0581495	96.2002	0
1145	0.229	1.82648	1.6105	0.0584472	96.0282	0
1150	0.23	1.82704	1.6105	0.0587442	96.4193	0
1155	0.231	1.82762	1.6105	0.0590403	96.8136	0
1160	0.232	1.82817	1.6105	0.0593358	96.931	0
1165	0.233	1.82872	1.6105	0.0596306	96.6135	0
1170	0.234	1.82926	1.6105	0.0599247	96.4353	0
1175	0.235	1.82979	1.6105	0.060218	96.7953	0
1180	0.236	1.8303	1.6105	0.0605106	97.1801	0
1185	0.237	1.83081	1.6105	0.0608023	97.2834	0
1190	0.238	1.83131	1.6105	0.0610934	96.9379	0
1195	0.239	1.83179	1.6105	0.0613837	96.7359	0
1200	0.24	1.83227	1.6105	0.0616733	97.0776	0
1205	0.241	1.83274	1.6105	0.0619619	97.4429	0
1210	0.242	1.83318	1.6105	0.0622498	97.5178	0
1215	0.243	1.83363	1.6105	0.0625369	97.1549	0
1220	0.244	1.83407	1.6105	0.0628232	96.9212	0
1225	0.245	1.83449	1.6105	0.0631086	97.2469	0
1230	0.246	1.83491	1.6105	0.0633931	97.5866	0
1235	0.247	1.8353	1.6105	0.0636767	97.633	0
1240	0.248	1.8357	1.6105	0.0639595	97.2562	0
1245	0.249	1.83608	1.6105	0.0642414	97.2751	0
1250	0.25	1.83645	1.6105	0.0645224	97.7192	0
1255	0.251	1.83681	1.6105	0.0648024	98.0757	0
1260	0.252	1.83716	1.6105	0.0650815	98.116	0
1265	0.253	1.83749	1.6105	0.0653599	97.6811	0
1270	0.254	1.83782	1.6105	0.0656373	97.6396	0
1275	0.255	1.83814	1.6105	0.0659139	98.006	0
1280	0.256	1.83846	1.6105	0.0661894	98.3083	0
1285	0.257	1.83876	1.6105	0.0664641	98.2625	0
1290	0.258	1.83905	1.6105	0.0667379	97.779	0
1295	0.259	1.83934	1.6105	0.0670108	97.9149	0
1300	0.26	1.83961	1.6105	0.0672826	98.3502	0
1305	0.261	1.83987	1.6105	0.0675535	98.6361	0
1310	0.262	1.84012	1.6105	0.0678235	98.558	0
1315	0.263	1.84036	1.6105	0.0680926	97.9988	0
1320	0.264	1.8406	1.6105	0.0683608	98.2781	0
1325	0.265	1.84082	1.6105	0.068628	98.7403	0
1330	0.266	1.84103	1.6105	0.0688941	98.9872	0
1335	0.267	1.84124	1.6105	0.0691594	98.8335	0
1340	0.268	1.84144	1.6105	0.0694238	98.5105	0
1345	0.269	1.84162	1.6105	0.0696872	98.8586	0
1350	0.27	1.84182	1.6105	0.0699497	99.2751	0
1355	0.271	1.84198	1.6105	0.0702113	99.4384	0
1360	0.272	1.84215	1.6105	0.070472	99.1642	0
1365	0.273	1.8423	1.6105	0.0707318	99.0186	0
1370	0.274	1.84245	1.6105	0.0709908	99.3957	0
1375	0.275	1.84259	1.6105	0.0712488	99.7576	0
1380	0.276	1.84273	1.6105	0.071506	99.8192	0
1385	0.277	1.84285	1.6105	0.0717623	99.4196	0
1390	0.278	1.84296	1.6105	0.0720178	99.4035	0
1395	0.279	1.84307	1.6105	0.0722724	99.7789	0
1400	0.28	1.84318	1.6105	0.0725261	100.074	0
1405	0.281	1.84328	1.6105	0.0727789	100.02	0
1410	0.282	1.84336	1.6105	0.0730309	99.5035	0
1415	0.283	1.84345	1.6105	0.0732821	99.6056	0
1420	0.284	1.84351	1.6105	0.0735323	99.9788	0
1425	0.285	1.84359	1.6105	0.0737816	100.206	0
1430	0.286	1.84364	1.6105	0.0740299	100.051	0
1435	0.287	1.84369	1.6105	0.0742774	99.4122	0
1440	0.288	1.84375	1.6105	0.0745241	99.6177	0
1445	0.289	1.84378	1.6105	0.0747696	99.9878	0
1450	0.29	1.84381	1.6105	0.0750141	100.142	0
1455	0.291	1.84383	1.6105	0.0752577	99.8976	0
1460	0.292	1.84384	1.6105	0.0755003	99.4842	0
1465	0.293	1.84385	1.6105	0.0757419	99.744	0
1470	0.294	1.84386	1.6105	0.0759825	100.081	0
1475	0.295	1.84385	1.6105	0.0762219	100.168	0
1480	0.296	1.84383	1.6105	0.0764603	99.8184	0
1485	0.297	1.8438	1.6105	0.0766978	99.8566	0
1490	0.298	1.84377	1.6105	0.0769342	100.282	0
1495	0.299	1.84373	1.6105	0.0771695	100.621	0
1500	0.3	1.8437	1.6105	0.0774038	100.601	0
1505	0.301	1.84364	1.6105	0.0776372	100.11	0
1510	0.302	1.84358	1.6105	0.0778697	100.226	0
1515	0.303	1.84351	1.6105	0.0781011	100.605	0
1520	0.304	1.84344	1.6105	0.0783314	100.829	0
1525	0.305	1.84336	1.6105	0.0785608	100.663	0
1530	0.306	1.84327	1.6105	0.0787893	100.348	0
1535	0.307	1.84318	1.6105	0.0790169	100.691	0
1540	0.308	1.84308	1.6105	0.0792434	101.095	0
1545	0.309	1.84297	1.6105	0.0794689	101.227	0
1550	0.31	1.84286	1.6105	0.0796935	100.914	0
1555	0.311	1.84275	1.6105	0.0799173	100.708	0
1560	0.312	1.84264	1.6105	0.0801401	101.022	0
1565	0.313	1.84251	1.6105	0.0803619	101.313	0
1570	0.314	1.84238	1.6105	0.0805828	101.285	0
1575	0.315	1.84223	1.6105	0.0808028	100.807	0
1580	0.316	1.84209	1.6105	0.0810219	100.946	0
1585	0.317	1.84194	1.6105	0.08124	101.353	0
1590	0.318	1.8418	1.6105	0.081457	101.589	0
1595	0.319	1.84163	1.6105	0.0816732	101.432	0
1600	0.32	1.84147	1.6105	0.0818886	100.792	0
1605	0.321	1.84129	1.6105	0.082103	100.96	0
1610	0.322	1.84111	1.6105	0.0823164	101.304	0
1615	0.323	1.84094	1.6105	0.0825287	101.411	0
1620	0.324	1.84076	1.6105	0.0827401	101.113	0
1625	0.325	1.84056	1.6105	0.0829505	100.948	0
1630	0.326	1.84037	1.6105	0.0831599	101.297	0
1635	0.327	1.84016	1.6105	0.0833682	101.617	0
1640	0.328	1.83995	1.6105	0.0835755	101.629	0
1645	0.329	1.83974	1.6105	0.083782	101.175	0
1650	0.33	1.83952	1.6105	0.0839874	101.329	0
1655	0.331	1.8393	1.6105	0.0841919	101.746	0
1660	0.332	1.83906	1.6105	0.0843953	101.988	0
1665	0.333	1.83884	1.6105	0.0845978	101.831	0
1670	0.334	1.8386	1.6105	0.0847995	101.515	0
1675	0.335	1.83836	1.6105	0.0850003	101.847	0
1680	0.336	1.83811	1.6105	0.0852	102.223	0
1685	0.337	1.83786	1.6105	0.0853989	102.325	0
1690	0.338	1.8376	1.6105	0.0855969	101.975	0
1695	0.339	1.83736	1.6105	0.0857941	102.003	0
1700	0.34	1.83709	1.6105	0.0859905	102.395	0
1705	0.341	1.83683	1.6105	0.0861859	102.675	0
1710	0.342	1.83656	1.6105	0.0863805	102.585	0
1715	0.343	1.83628	1.6105	0.0865743	102.02	0
1720	0.344	1.83601	1.6105	0.0867674	102.266	0
1725	0.345	1.83573	1.6105	0.0869596	102.648	0
1730	0.346	1.83547	1.6105	0.0871508	102.801	0
1735	0.347	1.83518	1.6105	0.0873413	102.527	0
1740	0.348	1.83489	1.6105	0.0875311	102.363	0
1745	0.349	1.83459	1.6105	0.08772	102.706	0
1750	0.35	1.83431	1.6105	0.087908	103.009	0
1755	0.351	1.83401	1.6105	0.0880953	102.981	0
1760	0.352	1.83372	1.6105	0.0882818	102.494	0
1765	0.353	1.83341	1.6105	0.0884676	102.599	0
1770	0.354	1.83312	1.6105	0.0886525	102.967	0
1775	0.355	1.83281	1.6105	0.0888366	103.149	0
1780	0.356	1.83251	1.6105	0.0890199	102.939	0
1785	0.357	1.83219	1.6105	0.0892024	102.555	0
1790	0.358	1.83188	1.6105	0.0893842	102.821	0
1795	0.359	1.83157	1.6105	0.0895651	103.143	0
1800	0.36	1.83125	1.6105	0.0897452	103.178	0
1805	0.361	1.83093	1.6105	0.0899245	102.763	0
1810	0.362	1.83061	1.6105	0.0901031	102.729	0
1815	0.363	1.83029	1.6105	0.0902807	103.061	0
1820	0.364	1.82995	1.6105	0.0904576	103.277	0
1825	0.365	1.82963	1.6105	0.0906336	103.134	0
1830	0.366	1.8293	1.6105	0.0908088	102.512	0
1835	0.367	1.82895	1.6105	0.0909833	102.703	0
1840	0.368	1.82863	1.6105	0.0911568	103.046	0
1845	0.369	1.82829	1.6105	0.0913294	103.154	0
1850	0.37	1.82793	1.6105	0.0915011	102.831	0
1855	0.371	1.82759	1.6105	0.091672	102.627	0
1860	0.372	1.82724	1.6105	0.0918421	102.929	0
1865	0.373	1.82689	1.6105	0.0920111	103.195	0
1870	0.374	1.82653	1.6105	0.0921793	103.144	0
1875	0.375	1.82617	1.6105	0.0923467	102.613	0
1880	0.376	1.82581	1.6105	0.0925132	102.695	0
1885	0.377	1.82545	1.6105	0.0926788	103.038	0
1890	0.378	1.82508	1.6105	0.0928434	103.202	0
1895	0.379	1.82471	1.6105	0.0930071	102.966	0
1900	0.38	1.82432	1.6105	0.0931699	102.571	0
1905	0.381	1.82396	1.6105	0.0933319	102.815	0
1910	0.382	1.82358	1.6105	0.0934929	103.127	0
1915	0.383	1.82318	1.6105	0.0936529	103.144	0
1920	0.384	1.82281	1.6105	0.093812	102.722	0
1925	0.385	1.82242	1.6105	0.0939703	102.672	0
1930	0.386	1.82202	1.6105	0.0941275	102.999	0
1935	0.387	1.82162	1.6105	0.0942838	103.214	0
1940	0.388	1.82122	1.6105	0.0944392	103.064	0
1945	0.389	1.82082	1.6105	0.0945937	102.442	0
1950	0.39	1.82043	1.6105	0.0947473	102.634	0
1955	0.391	1.82	1.6105	0.0948999	102.975	0
1960	0.392	1.8196	1.6105	0.0950515	103.073	0
1965	0.393	1.81918	1.6105	0.0952021	102.765	0
1970	0.394	1.81876	1.6105	0.0953518	102.559	0
1975	0.395	1.81834	1.6105	0.0955005	102.864	0
1980	0.396	1.81792	1.6105	0.0956482	103.131	0
1985	0.397	1.81749	1.6105	0.095795	103.082	0
1990	0.398	1.81706	1.6105	0.0959408	102.565	0
1995	0.399	1.81662	1.6105	0.0960858	102.862	0
2000	0.4	1.81619	1.6105	0.0962297	103.3	0
2005	0.401	1.81576	1.6105	0.0963726	103.494	0
2010	0.402	1.81531	1.6105	0.0965147	103.252	0
2015	0.403	1.81487	1.6105	0.096656	103.118	0
2020	0.404	1.81443	1.6105	0.0967965	103.47	0
2025	0.405	1.81398	1.6105	0.0969361	103.777	0
2030	0.406	1.81353	1.6105	0.0970748	103.753	0
2035	0.407	1.81308	1.6105	0.0972129	103.255	0
2040	0.408	1.81263	1.6105	0.0973502	103.352	0
2045	0.409	1.81218	1.6105	0.0974866	103.696	0
2050	0.41	1.81172	1.6105	0.0976222	103.85	0
2055	0.411	1.81128	1.6105	0.097757	103.625	0
2060	0.412	1.81083	1.6105	0.0978912	103.505	0
2065	0.413	1.81037	1.6105	0.0980245	103.889	0
2070	0.414	1.80991	1.6105	0.0981571	104.224	0
2075	0.415	1.80946	1.6105	0.098289	104.222	0
2080	0.416	1.80899	1.6105	0.0984202	103.74	0
2085	0.417	1.80853	1.6105	0.0985508	103.856	0
2090	0.418	1.80808	1.6105	0.0986807	104.209	0
2095	0.419	1.80762	1.6105	0.0988099	104.37	0
2100	0.42	1.80717	1.6105	0.0989384	104.141	0
2105	0.421	1.80671	1.6105	0.0990663	103.732	0
2110	0.422	1.80625	1.6105	0.0991936	103.964	0
2115	0.423	1.8058	1.6105	0.0993201	104.236	0
2120	0.424	1.80535	1.6105	0.099446	104.23	0
2125	0.425	1.80488	1.6105	0.0995711	103.767	0
2130	0.426	1.80442	1.6105	0.0996957	103.916	0
2135	0.427	1.80397	1.6105	0.0998195	104.312	0
2140	0.428	1.80351	1.6105	0.0999426	104.512	0
2145	0.429	1.80304	1.6105	0.100065	104.315	0
2150	0.43	1.80259	1.6105	0.100187	103.936	0
2155	0.431	1.80213	1.6105	0.100308	104.193	0
2160	0.432	1.80167	1.6105	0.100429	104.495	0
2165	0.433	1.80121	1.6105	0.100549	104.504	0
2170	0.434	1.80076	1.6105	0.100668	104.057	0
2175	0.435	1.8003	1.6105	0.100787	104.212	0
2180	0.436	1.79985	1.6105	0.100905	104.609	0
2185	0.437	1.79938	1.6105	0.101022	104.808	0
2190	0.438	1.79893	1.6105	0.101139	104.604	0
2195	0.439	1.79847	1.6105	0.101255	104.222	0
2200	0.44	1.79802	1.6105	0.101371	104.478	0
2205	0.441	1.79756	1.6105	0.101486	104.77	0
2210	0.442	1.7971	1.6105	0.1016	104.76	0
2215	0.443	1.79665	1.6105	0.101714	104.305	0
2220	0.444	1.7962	1.6105	0.101827	104.456	0
2225	0.445	1.79574	1.6105	0.10194	104.833	0
2230	0.446	1.79529	1.6105	0.102052	105.028	0
2235	0.447	1.79483	1.6105	0.102163	104.813	0
2240	0.448	1.79439	1.6105	0.102275	104.415	0
2245	0.449	1.79394	1.6105	0.102385	104.653	0
2250	0.45	1.79349	1.6105	0.102495	104.933	0
2255	0.451	1.79304	1.6105	0.102604	104.919	0
2260	0.452	1.79259	1.6105	0.102713	104.451	0
2265	0.453	1.79215	1.6105	0.102821	104.583	0
2270	0.454	1.7917	1.6105	0.102929	104.959	0
2275	0.455	1.79125	1.6105	0.103036	105.136	0
2280	0.456	1.79079	1.6105	0.103142	104.912	0
2285	0.457	1.79035	1.6105	0.103248	104.508	0
2290	0.458	1.78992	1.6105	0.103354	104.736	0
2295	0.459	1.78947	1.6105	0.103459	105.007	0
2300	0.46	1.78903	1.6105	0.103563	104.988	0
2305	0.461	1.78859	1.6105	0.103667	104.506	0
2310	0.462	1.78813	1.6105	0.10377	104.642	0
2315	0.463	1.7877	1.6105	0.103873	105.004	0
2320	0.464	1.78726	1.6105	0.103975	105.175	0
2325	0.465	1.78682	1.6105	0.104076	104.948	0
2330	0.466	1.78638	1.6105	0.104177	104.539	0
2335	0.467	1.78593	1.6105	0.104278	104.765	0
2340	0.468	1.7855	1.6105	0.104377	105.032	0
2345	0.469	1.78506	1.6105	0.104477	105.002	0
2350	0.47	1.78462	1.6105	0.104575	104.527	0
2355	0.471	1.78418	1.6105	0.104673	104.651	0
2360	0.472	1.78375	1.6105	0.104771	105.01	0
2365	0.473	1.78331	1.6105	0.104868	105.188	0
2370	0.474	1.78287	1.6105	0.104964	104.961	0
2375	0.475	1.78243	1.6105	0.10506	104.553	0
2380	0.476	1.782	1.6105	0.105155	104.776	0
2385	0.477	1.78157	1.6105	0.10525	105.032	0
2390	0.478	1.78112	1.6105	0.105344	105.002	0
2395	0.479	1.78069	1.6105	0.105438	104.528	0
2400	0.48	1.78025	1.6105	0.105531	104.654	0
2405	0.481	1.77982	1.6105	0.105623	105.012	0
2410	0.482	1.77939	1.6105	0.105715	105.191	0
2415	0.483	1.77895	1.6105	0.105806	104.964	0
2420	0.484	1.77851	1.6105	0.105897	104.547	0
2425	0.485	1.77808	1.6105	0.105987	104.772	0
2430	0.486	1.77765	1.6105	0.106076	105.042	0
2435	0.487	1.77722	1.6105	0.106165	105.01	0
2440	0.488	1.77678	1.6105	0.106253	104.538	0
2445	0.489	1.77634	1.6105	0.106341	104.663	0
2450	0.49	1.77591	1.6105	0.106428	105.023	0
2455	0.491	1.77548	1.6105	0.106515	105.195	0
2460	0.492	1.77504	1.6105	0.106601	104.969	0
2465	0.493	1.77462	1.6105	0.106686	104.563	0
2470	0.494	1.77418	1.6105	0.106771	104.79	0
2475	0.495	1.77375	1.6105	0.106856	105.052	0
2480	0.496	1.77332	1.6105	0.106939	105.032	0
2485	0.497	1.77288	1.6105	0.107023	104.55	0
2490	0.498	1.77246	1.6105	0.107105	104.678	0
2495	0.499	1.77202	1.6105	0.107187	105.041	0
2500	0.5	1.77159	1.6105	0.107269	105.223	0
2505	0.501	1.77115	1.6105	0.107349	104.99	0
2510	0.502	1.77073	1.6105	0.10743	104.877	0
2515	0.503	1.77029	1.6105	0.10751	105.243	0
2520	0.504	1.76986	1.6105	0.107589	105.552	0
2525	0.505	1.76943	1.6105	0.107668	105.519	0
2530	0.506	1.769	1.6105	0.107746	105.015	0
2535	0.507	1.76858	1.6105	0.107824	105.082	0
2540	0.508	1.76816	1.6105	0.107902	105.387	0
2545	0.509	1.76773	1.6105	0.107979	105.507	0
2550	0.51	1.76731	1.6105	0.108055	105.23	0
2555	0.511	1.76689	1.6105	0.108131	105.057	0
2560	0.512	1.76646	1.6105	0.108207	105.372	0
2565	0.513	1.76605	1.6105	0.108282	105.646	0
2570	0.514	1.76562	1.6105	0.108357	105.58	0
2575	0.515	1.76521	1.6105	0.108431	105.039	0
2580	0.516	1.76479	1.6105	0.108505	105.291	0
2585	0.517	1.76437	1.6105	0.108578	105.665	0
2590	0.518	1.76396	1.6105	0.108651	105.796	0
2595	0.519	1.76355	1.6105	0.108724	105.484	0
2600	0.52	1.76315	1.6105	0.108796	105.259	0
2605	0.521	1.76273	1.6105	0.108868	105.524	0
2610	0.522	1.76233	1.6105	0.10894	105.747	0
2615	0.523	1.76192	1.6105	0.109011	105.621	0
2620	0.524	1.76151	1.6105	0.109081	105.027	0
2625	0.525	1.76111	1.6105	0.109151	105.244	0
2630	0.526	1.76071	1.6105	0.109221	105.585	0
2635	0.527	1.7603	1.6105	0.10929	105.67	0
2640	0.528	1.7599	1.6105	0.109359	105.341	0
2645	0.529	1.7595	1.6105	0.109428	105.361	0
2650	0.53	1.7591	1.6105	0.109496	105.728	0
2655	0.531	1.7587	1.6105	0.109563	105.975	0
2660	0.532	1.7583	1.6105	0.109631	105.83	0
2665	0.533	1.75791	1.6105	0.109698	105.202	0
2670	0.534	1.75752	1.6105	0.109764	105.361	0
2675	0.535	1.75713	1.6105	0.10983	105.643	0
2680	0.536	1.75674	1.6105	0.109896	105.682	0
2685	0.537	1.75635	1.6105	0.109962	105.302	0
2690	0.538	1.75596	1.6105	0.110026	105.276	0
2695	0.539	1.75557	1.6105	0.110091	105.612	0
2700	0.54	1.75519	1.6105	0.110155	105.823	0
2705	0.541	1.75479	1.6105	0.110219	105.66	0
2710	0.542	1.75442	1.6105	0.110282	105.331	0
2715	0.543	1.75403	1.6105	0.110345	105.639	0
2720	0.544	1.75364	1.6105	0.110407	105.965	0
2725	0.545	1.75327	1.6105	0.110469	105.997	0
2730	0.546	1.7529	1.6105	0.110531	105.56	0
2735	0.547	1.7525	1.6105	0.110593	105.486	0
2740	0.548	1.75213	1.6105	0.110654	105.759	0
2745	0.549	1.75176	1.6105	0.110715	105.909	0
2750	0.55	1.75138	1.6105	0.110775	105.698	0
2755	0.551	1.75102	1.6105	0.110835	105.312	0
2760	0.552	1.75064	1.6105	0.110895	105.575	0
2765	0.553	1.75027	1.6105	0.110954	105.862	0
2770	0.554	1.7499	1.6105	0.111013	105.862	0
2775	0.555	1.74954	1.6105	0.111071	105.407	0
2780	0.556	1.74916	1.6105	0.111129	105.542	0
2785	0.557	1.7488	1.6105	0.111187	105.915	0
2790	0.558	1.74843	1.6105	0.111244	106.083	0
2795	0.559	1.74806	1.6105	0.111301	105.851	0
2800	0.56	1.74771	1.6105	0.111358	105.422	0
2805	0.561	1.74735	1.6105	0.111414	105.634	0
2810	0.562	1.74699	1.6105	0.11147	105.877	0
2815	0.563	1.74662	1.6105	0.111526	105.825	0
2820	0.564	1.74627	1.6105	0.111581	105.324	0
2825	0.565	1.74592	1.6105	0.111636	105.427	0
2830	0.566	1.74556	1.6105	0.111691	105.755	0
2835	0.567	1.7452	1.6105	0.111745	105.905	0
2840	0.568	1.74484	1.6105	0.111798	105.647	0
2845	0.569	1.74449	1.6105	0.111852	105.503	0
2850	0.57	1.74414	1.6105	0.111905	105.838	0
2855	0.571	1.74379	1.6105	0.111957	106.117	0
2860	0.572	1.74343	1.6105	0.11201	106.053	0
2865	0.573	1.74309	1.6105	0.112062	105.522	0
2870	0.574	1.74274	1.6105	0.112113	105.769	0
2875	0.575	1.7424	1.6105	0.112165	106.144	0
2880	0.576	1.74205	1.6105	0.112216	106.261	0
2885	0.577	1.74171	1.6105	0.112266	105.939	0
2890	0.578	1.74137	1.6105	0.112317	105.712	0
2895	0.579	1.74103	1.6105	0.112367	105.962	0
2900	0.58	1.74068	1.6105	0.112417	106.159	0
2905	0.581	1.74035	1.6105	0.112467	106.023	0
2910	0.582	1.74002	1.6105	0.112516	105.422	0
2915	0.583	1.73968	1.6105	0.112565	105.614	0
2920	0.584	1.73934	1.6105	0.112614	105.941	0
2925	0.585	1.73902	1.6105	0.112662	106.02	0
2930	0.586	1.73869	1.6105	0.11271	105.666	0
2935	0.587	1.73836	1.6105	0.112758	105.676	0
2940	0.588	1.73802	1.6105	0.112805	106.029	0
2945	0.589	1.73769	1.6105	0.112852	106.253	0
2950	0.59	1.73737	1.6105	0.112898	106.108	0
2955	0.591	1.73704	1.6105	0.112945	105.784	0
2960	0.592	1.73672	1.6105	0.112991	106.091	0
2965	0.593	1.73639	1.6105	0.113037	106.421	0
2970	0.594	1.73607	1.6105	0.113082	106.448	0
2975	0.595	1.73575	1.6105	0.113128	106.003	0
2980	0.596	1.73544	1.6105	0.113173	105.92	0
2985	0.597	1.73513	1.6105	0.113218	106.191	0
2990	0.598	1.7348	1.6105	0.113263	106.327	0
2995	0.599	1.73449	1.6105	0.113307	106.091	0
3000	0.6	1.73418	1.6105	0.113351	105.694	0
3005	0.601	1.73388	1.6105	0.113395	105.944	0
3010	0.602	1.73356	1.6105	0.113439	106.216	0
3015	0.603	1.73326	1.6105	0.113482	106.203	0
3020	0.604	1.73295	1.6105	0.113525	105.737	0
3025	0.605	1.73264	1.6105	0.113568	105.858	0
3030	0.606	1.73233	1.6105	0.113611	106.207	0
3035	0.607	1.73203	1.6105	0.113653	106.364	0
3040	0.608	1.73173	1.6105	0.113695	106.11	0
3045	0.609	1.73143	1.6105	0.113737	105.974	0
3050	0.61	1.73114	1.6105	0.113778	106.303	0
3055	0.611	1.73084	1.6105	0.113819	106.574	0
3060	0.612	1.73054	1.6105	0.11386	106.51	0
3065	0.613	1.73025	1.6105	0.113901	105.968	0
3070	0.614	1.72995	1.6105	0.113942	106.2	0
3075	0.615	1.72967	1.6105	0.113982	106.558	0
3080	0.616	1.72938	1.6105	0.114022	106.661	0
3085	0.617	1.72908	1.6105	0.114062	106.324	0
3090	0.618	1.7288	1.6105	0.114102	106.08	0
3095	0.619	1.72853	1.6105	0.114142	106.312	0
3100	0.62	1.72824	1.6105	0.114181	106.495	0
3105	0.621	1.72796	1.6105	0.114221	106.339	0
3110	0.622	1.72767	1.6105	0.11426	105.725	0
3115	0.623	1.7274	1.6105	0.114299	105.899	0
3120	0.624	1.72712	1.6105	0.114337	106.211	0
3125	0.625	1.72685	1.6105	0.114375	106.267	0
3130	0.626	1.72657	1.6105	0.114413	105.902	0
3135	0.627	1.7263	1.6105	0.114451	105.898	0
3140	0.628	1.72602	1.6105	0.114488	106.239	0
3145	0.629	1.72575	1.6105	0.114526	106.451	0
3150	0.63	1.72547	1.6105	0.114562	106.286	0
3155	0.631	1.7252	1.6105	0.114599	105.949	0
3160	0.632	1.72493	1.6105	0.114636	106.241	0
3165	0.633	1.72467	1.6105	0.114672	106.564	0
3170	0.634	1.7244	1.6105	0.114708	106.574	0
3175	0.635	1.72414	1.6105	0.114743	106.133	0
3180	0.636	1.72386	1.6105	0.114779	106.265	0
3185	0.637	1.72361	1.6105	0.114815	106.63	0
3190	0.638	1.72335	1.6105	0.11485	106.793	0
3195	0.639	1.72309	1.6105	0.114885	106.545	0
3200	0.64	1.72282	1.6105	0.11492	106.397	0
3205	0.641	1.72257	1.6105	0.114955	106.726	0
3210	0.642	1.72231	1.6105	0.114989	106.982	0
3215	0.643	1.72206	1.6105	0.115024	106.912	0
3220	0.644	1.72182	1.6105	0.115058	106.348	0
3225	0.645	1.72157	1.6105	0.115093	106.367	0
3230	0.646	1.72132	1.6105	0.115127	106.613	0
3235	0.647	1.72108	1.6105	0.115161	106.674	0
3240	0.648	1.72083	1.6105	0.115195	106.329	0
3245	0.649	1.72059	1.6105	0.115228	106.111	0
3250	0.65	1.72035	1.6105	0.115262	106.368	0
3255	0.651	1.72011	1.6105	0.115295	106.577	0
3260	0.652	1.71988	1.6105	0.115328	106.463	0
3265	0.653	1.71964	1.6105	0.115361	105.874	0
3270	0.654	1.7194	1.6105	0.115394	106.071	0
3275	0.655	1.71917	1.6105	0.115426	106.4	0
3280	0.656	1.71892	1.6105	0.115458	106.481	0
3285	0.657	1.7187	1.6105	0.11549	106.123	0
3290	0.658	1.71846	1.6105	0.115522	106.125	0
3295	0.659	1.71823	1.6105	0.115553	106.471	0
3300	0.66	1.71799	1.6105	0.115584	106.695	0
3305	0.661	1.71776	1.6105	0.115615	106.525	0
3310	0.662	1.71753	1.6105	0.115646	106.186	0
3315	0.663	1.7173	1.6105	0.115677	106.478	0
3320	0.664	1.71707	1.6105	0.115707	106.787	0
3325	0.665	1.71685	1.6105	0.115738	106.797	0
3330	0.666	1.71663	1.6105	0.115768	106.347	0
3335	0.667	1.71639	1.6105	0.115798	106.469	0
3340	0.668	1.71617	1.6105	0.115828	106.823	0
3345	0.669	1.71594	1.6105	0.115857	106.98	0
3350	0.67	1.71573	1.6105	0.115887	106.718	0
3355	0.671	1.71552	1.6105	0.115916	106.563	0
3360	0.672	1.7153	1.6105	0.115946	106.88	0
3365	0.673	1.71507	1.6105	0.115975	107.134	0
3370	0.674	1.71487	1.6105	0.116004	107.044	0
3375	0.675	1.71465	1.6105	0.116004	106.474	0
3380	0.676	1.71417	1.6105	0.116033	106.844	0
3385	0.677	1.7137	1.6105	0.116033	107.316	0
3390	0.678	1.71323	1.6105	0.116033	107.521	0
3395	0.679	1.71276	1.6105	0.116033	107.276	0
3400	0.68	1.71231	1.6105	0.116033	107.377	0
3405	0.681	1.71185	1.6105	0.116034	107.809	0
3410	0.682	1.71142	1.6105	0.116035	108.085	0
3415	0.683	1.71098	1.6105	0.116036	107.986	0
3420	0.684	1.71057	1.6105	0.116038	107.692	0
3425	0.685	1.71016	1.6105	0.116041	108.019	0
3430	0.686	1.70976	1.6105	0.116044	108.359	0
3435	0.687	1.70936	1.6105	0.116047	108.391	0
3440	0.688	1.70899	1.6105	0.116051	107.946	0
3445	0.689	1.7086	1.6105	0.116056	108.085	0
3450	0.69	1.70824	1.6105	0.116062	108.436	0
3455	0.691	1.7079	1.6105	0.116068	108.589	0
3460	0.692	1.70755	1.6105	0.116075	108.316	0
3465	0.693	1.70723	1.6105	0.116083	108.145	0
3470	0.694	1.70691	1.6105	0.116091	108.448	0
3475	0.695	1.70659	1.6105	0.1161	108.688	0
3480	0.696	1.70628	1.6105	0.116109	108.574	0
3485	0.697	1.706	1.6105	0.11612	107.977	0
3490	0.698	1.70572	1.6105	0.116131	108.17	0
3495	0.699	1.70544	1.6105	0.116142	108.477	0
3500	0.7	1.70517	1.6105	0.116154	108.52	0
3505	0.701	1.70492	1.6105	0.116167	108.135	0
3510	0.702	1.70468	1.6105	0.116181	108.094	0
3515	0.703	1.70444	1.6105	0.116195	108.381	0
3520	0.704	1.70421	1.6105	0.116209	108.551	0
3525	0.705	1.70398	1.6105	0.116224	108.329	0
3530	0.706	1.70377	1.6105	0.11624	107.935	0
3535	0.707	1.70357	1.6105	0.116256	108.164	0
3540	0.708	1.70337	1.6105	0.116273	108.417	0
3545	0.709	1.70317	1.6105	0.11629	108.359	0
3550	0.71	1.70299	1.6105	0.116308	107.853	0
3555	0.711	1.70282	1.6105	0.116326	107.92	0
3560	0.712	1.70263	1.6105	0.116345	108.21	0
3565	0.713	1.70247	1.6105	0.116364	108.304	0
3570	0.714	1.70231	1.6105	0.116384	107.976	0
3575	0.715	1.70215	1.6105	0.116404	107.767	0
3580	0.716	1.702	1.6105	0.116424	108.023	0
3585	0.717	1.70186	1.6105	0.116445	108.223	0
3590	0.718	1.70172	1.6105	0.116466	108.079	0
3595	0.719	1.70159	1.6105	0.116487	107.457	0
3600	0.72	1.70146	1.6105	0.116509	107.625	0
3605	0.721	1.70134	1.6105	0.116531	107.91	0
3610	0.722	1.70121	1.6105	0.116553	107.933	0
3615	0.723	1.7011	1.6105	0.116576	107.529	0
3620	0.724	1.70099	1.6105	0.116599	107.474	0
3625	0.725	1.70087	1.6105	0.116622	107.768	0
3630	0.726	1.70076	1.6105	0.116645	107.919	0
3635	0.727	1.70066	1.6105	0.116668	107.695	0
3640	0.728	1.70056	1.6105	0.116692	107.299	0
3645	0.729	1.70046	1.6105	0.116716	107.526	0
3650	0.73	1.70037	1.6105	0.11674	107.777	0
3655	0.731	1.70027	1.6105	0.116764	107.725	0
3660	0.732	1.70018	1.6105	0.116788	107.217	0
3665	0.733	1.70011	1.6105	0.116813	107.293	0
3670	0.734	1.70003	1.6105	0.116837	107.59	0
3675	0.735	1.69993	1.6105	0.116861	107.693	0
3680	0.736	1.69985	1.6105	0.116886	107.374	0
3685	0.737	1.69978	1.6105	0.116911	107.173	0
3690	0.738	1.6997	1.6105	0.116936	107.445	0
3695	0.739	1.69963	1.6105	0.116936	107.648	0
3700	0.74	1.69932	1.6105	0.11696	107.647	0
3705	0.741	1.69902	1.6105	0.116961	107.159	0
3710	0.742	1.69872	1.6105	0.116961	107.45	0
3715	0.743	1.69843	1.6105	0.116961	107.849	0
3720	0.744	1.69814	1.6105	0.116962	107.986	0
3725	0.745	1.69785	1.6105	0.116963	107.666	0
3730	0.746	1.69759	1.6105	0.116964	107.707	0
3735	0.747	1.69733	1.6105	0.116966	108.073	0
3740	0.748	1.69705	1.6105	0.116968	108.303	0
3745	0.749	1.6968	1.6105	0.116971	108.144	0
3750	0.75	1.69655	1.6105	0.116974	107.812	0
3755	0.751	1.69633	1.6105	0.116978	108.097	0
3760	0.752	1.69609	1.6105	0.116982	108.391	0
3765	0.753	1.69587	1.6105	0.116987	108.383	0
3770	0.754	1.69566	1.6105	0.116992	107.909	0
3775	0.755	1.69545	1.6105	0.116998	108.02	0
3780	0.756	1.69525	1.6105	0.117005	108.347	0
3785	0.757	1.69506	1.6105	0.117012	108.468	0
3790	0.758	1.69488	1.6105	0.117019	108.176	0
3795	0.759	1.69469	1.6105	0.117028	107.988	0
3800	0.76	1.69453	1.6105	0.117036	108.273	0
3805	0.761	1.69437	1.6105	0.117046	108.487	0
3810	0.762	1.6942	1.6105	0.117055	108.368	0
3815	0.763	1.69406	1.6105	0.117066	107.761	0
3820	0.764	1.69391	1.6105	0.117076	107.943	0
3825	0.765	1.69378	1.6105	0.117088	108.238	0
3830	0.766	1.69364	1.6105	0.117099	108.272	0
3835	0.767	1.69351	1.6105	0.117112	107.877	0
3840	0.768	1.6934	1.6105	0.117124	107.831	0
3845	0.769	1.69329	1.6105	0.117137	108.124	0
3850	0.77	1.69317	1.6105	0.117151	108.285	0
3855	0.771	1.69307	1.6105	0.117165	108.066	0
3860	0.772	1.69297	1.6105	0.117179	107.666	0
3865	0.773	1.69289	1.6105	0.117194	107.902	0
3870	0.774	1.69279	1.6105	0.117209	108.15	0
3875	0.775	1.6927	1.6105	0.117224	108.096	0
3880	0.776	1.69262	1.6105	0.11724	107.584	0
3885	0.777	1.69255	1.6105	0.117256	107.658	0
3890	0.778	1.69248	1.6105	0.117272	107.952	0
3895	0.779	1.69241	1.6105	0.117289	108.052	0
3900	0.78	1.69235	1.6105	0.117306	107.731	0
3905	0.781	1.69228	1.6105	0.117323	107.528	0
3910	0.782	1.69222	1.6105	0.117341	107.789	0
3915	0.783	1.69216	1.6105	0.117359	108	0
3920	0.784	1.69212	1.6105	0.117377	107.862	0
3925	0.785	1.69206	1.6105	0.117395	107.244	0
3930	0.786	1.69202	1.6105	0.117413	107.416	0
3935	0.787	1.69198	1.6105	0.117432	107.705	0
3940	0.788	1.69193	1.6105	0.117451	107.74	0
3945	0.789	1.69189	1.6105	0.11747	107.339	0
3950	0.79	1.69186	1.6105	0.117489	107.293	0
3955	0.791	1.69182	1.6105	0.117508	107.591	0
3960	0.792	1.69179	1.6105	0.117527	107.748	0
3965	0.793	1.69174	1.6105	0.117547	107.531	0
3970	0.794	1.69171	1.6105	0.117566	107.145	0
3975	0.795	1.69168	1.6105	0.117586	107.376	0
3980	0.796	1.69165	1.6105	0.117606	107.637	0
3985	0.797	1.69163	1.6105	0.117625	107.587	0
3990	0.798	1.69161	1.6105	0.117645	107.09	0
3995	0.799	1.69158	1.6105	0.117665	107.164	0
4000	0.8	1.69155	1.6105	0.117685	107.472	0
4005	0.801	1.69153	1.6105	0.117685	107.573	0
4010	0.802	1.69132	1.6105	0.117705	107.374	0
4015	0.803	1.69111	1.6105	0.117705	107.273	0
4020	0.804	1.6909	1.6105	0.117705	107.64	0
4025	0.805	1.6907	1.6105	0.117706	107.94	0
4030	0.806	1.6905	1.6105	0.117706	107.891	0
4035	0.807	1.69032	1.6105	0.117707	107.355	0
4040	0.808	1.69013	1.6105	0.117708	107.594	0
4045	0.809	1.68996	1.6105	0.11771	107.954	0
4050	0.81	1.68977	1.6105	0.117712	108.046	0
4055	0.811	1.68961	1.6105	0.117714	107.697	0
4060	0.812	1.68944	1.6105	0.117717	107.698	0
4065	0.813	1.68928	1.6105	0.11772	108.041	0
4070	0.814	1.68912	1.6105	0.117723	108.244	0
4075	0.815	1.68899	1.6105	0.117727	108.055	0
4080	0.816	1.68884	1.6105	0.117731	107.704	0
4085	0.817	1.68871	1.6105	0.117736	107.963	0
4090	0.818	1.68858	1.6105	0.117741	108.242	0
4095	0.819	1.68845	1.6105	0.117747	108.221	0
4100	0.82	1.68833	1.6105	0.117753	107.736	0
4105	0.821	1.68821	1.6105	0.117759	107.823	0
4110	0.822	1.68811	1.6105	0.117766	108.143	0
4115	0.823	1.688	1.6105	0.117774	108.256	0
4120	0.824	1.6879	1.6105	0.117781	107.955	0
4125	0.825	1.68781	1.6105	0.11779	107.761	0
4130	0.826	1.68773	1.6105	0.117798	108.031	0
4135	0.827	1.68764	1.6105	0.117807	108.252	0
4140	0.828	1.68757	1.6105	0.117817	108.128	0
4145	0.829	1.68749	1.6105	0.117827	107.517	0
4150	0.83	1.68743	1.6105	0.117837	107.696	0
4155	0.831	1.68736	1.6105	0.117848	107.99	0
4160	0.832	1.6873	1.6105	0.117858	108.028	0
4165	0.833	1.68724	1.6105	0.11787	107.633	0
4170	0.834	1.68719	1.6105	0.117881	107.582	0
4175	0.835	1.68714	1.6105	0.117893	107.884	0
4180	0.836	1.68708	1.6105	0.117905	108.043	0
4185	0.837	1.68705	1.6105	0.117917	107.831	0
4190	0.838	1.687	1.6105	0.11793	107.441	0
4195	0.839	1.68697	1.6105	0.117943	107.672	0
4200	0.84	1.68692	1.6105	0.117956	107.927	0
4205	0.841	1.6869	1.6105	0.11797	107.881	0
4210	0.842	1.68687	1.6105	0.117983	107.377	0
4215	0.843	1.68684	1.6105	0.117997	107.457	0
4220	0.844	1.68682	1.6105	0.118011	107.75	0
4225	0.845	1.68679	1.6105	0.118026	107.854	0
4230	0.846	1.68677	1.6105	0.11804	107.551	0
4235	0.847	1.68676	1.6105	0.118055	107.342	0
4240	0.848	1.68674	1.6105	0.11807	107.618	0
4245	0.849	1.68672	1.6105	0.118085	107.825	0
4250	0.85	1.68672	1.6105	0.1181	107.691	0
4255	0.851	1.6867	1.6105	0.118115	107.089	0
4260	0.852	1.6867	1.6105	0.11813	107.266	0
4265	0.853	1.68668	1.6105	0.118146	107.559	0
4270	0.854	1.68669	1.6105	0.118161	107.599	0
4275	0.855	1.68667	1.6105	0.118177	107.2	0
4280	0.856	1.68667	1.6105	0.118193	107.16	0
4285	0.857	1.68665	1.6105	0.118209	107.462	0
4290	0.858	1.68665	1.6105	0.118209	107.628	0
4295	0.859	1.6865	1.6105	0.118225	107.501	0
4300	0.86	1.68635	1.6105	0.118225	107.196	0
4305	0.861	1.6862	1.6105	0.118225	107.509	0
4310	0.862	1.68606	1.6105	0.118225	107.838	0
4315	0.863	1.68592	1.6105	0.118226	107.862	0
4320	0.864	1.68579	1.6105	0.118226	107.419	0
4325	0.865	1.68566	1.6105	0.118228	107.546	0
4330	0.866	1.68554	1.6105	0.118229	107.904	0
4335	0.867	1.6854	1.6105	0.118231	108.049	0
4340	0.868	1.68529	1.6105	0.118233	107.781	0
4345	0.869	1.68518	1.6105	0.118235	107.615	0
4350	0.87	1.68506	1.6105	0.118238	107.92	0
4355	0.871	1.68496	1.6105	0.118241	108.167	0
4360	0.872	1.68486	1.6105	0.118244	108.066	0
4365	0.873	1.68475	1.6105	0.118248	107.475	0
4370	0.874	1.68467	1.6105	0.118252	107.683	0
4375	0.875	1.68459	1.6105	0.118257	107.992	0
4380	0.876	1.68449	1.6105	0.118262	108.048	0
4385	0.877	1.68442	1.6105	0.118267	107.666	0
4390	0.878	1.68435	1.6105	0.118273	107.64	0
4395	0.879	1.68427	1.6105	0.118279	107.951	0
4400	0.88	1.68422	1.6105	0.118285	108.13	0
4405	0.881	1.68415	1.6105	0.118292	107.918	0
4410	0.882	1.6841	1.6105	0.118299	107.536	0
4415	0.883	1.68404	1.6105	0.118306	107.788	0
4420	0.884	1.68399	1.6105	0.118314	108.049	0
4425	0.885	1.68394	1.6105	0.118322	108.009	0
4430	0.886	1.6839	1.6105	0.11833	107.511	0
4435	0.887	1.68386	1.6105	0.118339	107.586	0
4440	0.888	1.68382	1.6105	0.118348	107.895	0
4445	0.889	1.68379	1.6105	0.118357	108.006	0
4450	0.89	1.68376	1.6105	0.118367	107.695	0
4455	0.891	1.68373	1.6105	0.118376	107.491	0
4460	0.892	1.68371	1.6105	0.118386	107.772	0
4465	0.893	1.68368	1.6105	0.118397	107.983	0
4470	0.894	1.68366	1.6105	0.118407	107.853	0
4475	0.895	1.68365	1.6105	0.118418	107.243	0
4480	0.896	1.68364	1.6105	0.118429	107.426	0
4485	0.897	1.68362	1.6105	0.11844	107.711	0
4490	0.898	1.68361	1.6105	0.118451	107.757	0
4495	0.899	1.6836	1.6105	0.118463	107.361	0
4500	0.9	1.68359	1.6105	0.118474	107.314	0
4505	0.901	1.68358	1.6105	0.118486	107.619	0
4510	0.902	1.68359	1.6105	0.118498	107.781	0
4515	0.903	1.68358	1.6105	0.11851	107.575	0
4520	0.904	1.68357	1.6105	0.118523	107.185	0
4525	0.905	1.68359	1.6105	0.118535	107.43	0
4530	0.906	1.68358	1.6105	0.118547	107.686	0
4535	0.907	1.68359	1.6105	0.11856	107.644	0
4540	0.908	1.68359	1.6105	0.118573	107.141	0
4545	0.909	1.6836	1.6105	0.118586	107.235	0
4550	0.91	1.68359	1.6105	0.118599	107.536	0
4555	0.911	1.6836	1.6105	0.118612	107.642	0
4560	0.912	1.68362	1.6105	0.118625	107.34	0
4565	0.913	1.68362	1.6105	0.118638	107.143	0
4570	0.914	1.68363	1.6105	0.118651	107.419	0
4575	0.915	1.68364	1.6105	0.118651	107.637	0
4580	0.916	1.68353	1.6105	0.118664	107.582	0
4585	0.917	1.68342	1.6105	0.118664	107.045	0
4590	0.918	1.6833	1.6105	0.118665	107.29	0
4595	0.919	1.68319	1.6105	0.118665	107.647	0
4600	0.92	1.68308	1.6105	0.118665	107.743	0
4605	0.921	1.68298	1.6105	0.118666	107.401	0
4610	0.922	1.68289	1.6105	0.118667	107.402	0
4615	0.923	1.68279	1.6105	0.118668	107.748	0
4620	0.924	1.68271	1.6105	0.118669	107.949	0
4625	0.925	1.68261	1.6105	0.118671	107.778	0
4630	0.926	1.68253	1.6105	0.118672	107.424	0
4635	0.927	1.68245	1.6105	0.118675	107.69	0
4640	0.928	1.68236	1.6105	0.118677	107.975	0
4645	0.929	1.68228	1.6105	0.11868	107.959	0
4650	0.93	1.68223	1.6105	0.118683	107.482	0
4655	0.931	1.68216	1.6105	0.118686	107.586	0
4660	0.932	1.68209	1.6105	0.11869	107.902	0
4665	0.933	1.68204	1.6105	0.118694	108.026	0
4670	0.934	1.68197	1.6105	0.118698	107.732	0
4675	0.935	1.68193	1.6105	0.118703	107.552	0
4680	0.936	1.68186	1.6105	0.118708	107.835	0
4685	0.937	1.68182	1.6105	0.118713	108.059	0
4690	0.938	1.68178	1.6105	0.118719	107.94	0
4695	0.939	1.68174	1.6105	0.118725	107.331	0
4700	0.94	1.68172	1.6105	0.118731	107.52	0
4705	0.941	1.68168	1.6105	0.118737	107.828	0
4710	0.942	1.68164	1.6105	0.118744	107.869	0
4715	0.943	1.68162	1.6105	0.118751	107.484	0
4720	0.944	1.68159	1.6105	0.118758	107.443	0
4725	0.945	1.68157	1.6105	0.118765	107.745	0
4730	0.946	1.68156	1.6105	0.118773	107.912	0
4735	0.947	1.68153	1.6105	0.11878	107.703	0
4740	0.948	1.68152	1.6105	0.118789	107.321	0
4745	0.949	1.6815	1.6105	0.118797	107.562	0
4750	0.95	1.68149	1.6105	0.118805	107.826	0
4755	0.951	1.68148	1.6105	0.118814	107.789	0
4760	0.952	1.68147	1.6105	0.118823	107.292	0
4765	0.953	1.68148	1.6105	0.118832	107.368	0
4770	0.954	1.68147	1.6105	0.118841	107.678	0
4775	0.955	1.68146	1.6105	0.11885	107.78	0
4780	0.956	1.68147	1.6105	0.11886	107.484	0
4785	0.957	1.68147	1.6105	0.118869	107.282	0
4790	0.958	1.68148	1.6105	0.118879	107.555	0
4795	0.959	1.68147	1.6105	0.118889	107.779	0
4800	0.96	1.68149	1.6105	0.118899	107.649	0
4805	0.961	1.68148	1.6105	0.118909	107.043	0
4810	0.962	1.6815	1.6105	0.11892	107.226	0
4815	0.963	1.68151	1.6105	0.11893	107.524	0
4820	0.964	1.68151	1.6105	0.11894	107.57	0
4825	0.965	1.68152	1.6105	0.118951	107.175	0
4830	0.966	1.68153	1.6105	0.118962	107.14	0
4835	0.967	1.68155	1.6105	0.118972	107.447	0
4840	0.968	1.68156	1.6105	0.118972	107.617	0
4845	0.969	1.68148	1.6105	0.118983	107.466	0
4850	0.97	1.68139	1.6105	0.118983	107.14	0
4855	0.971	1.6813	1.6105	0.118983	107.433	0
4860	0.972	1.68122	1.6105	0.118984	107.744	0
4865	0.973	1.68113	1.6105	0.118984	107.751	0
4870	0.974	1.68105	1.6105	0.118985	107.294	0
4875	0.975	1.68097	1.6105	0.118985	107.408	0
4880	0.976	1.68091	1.6105	0.118987	107.751	0
4885	0.977	1.68083	1.6105	0.118988	107.894	0
4890	0.978	1.68077	1.6105	0.118989	107.614	0
4895	0.979	1.6807	1.6105	0.118991	107.44	0
4900	0.98	1.68064	1.6105	0.118993	107.747	0
4905	0.981	1.68059	1.6105	0.118995	107.985	0
4910	0.982	1.68054	1.6105	0.118998	107.876	0
4915	0.983	1.68049	1.6105	0.119001	107.29	0
4920	0.984	1.68044	1.6105	0.119004	107.48	0
4925	0.985	1.68039	1.6105	0.119007	107.794	0
4930	0.986	1.68034	1.6105	0.119011	107.855	0
4935	0.987	1.68032	1.6105	0.119015	107.465	0
4940	0.988	1.68027	1.6105	0.119019	107.443	0
4945	0.989	1.68024	1.6105	0.119023	107.75	0
4950	0.99	1.68022	1.6105	0.119028	107.936	0
4955	0.991	1.68018	1.6105	0.119033	107.73	0
4960	0.992	1.68016	1.6105	0.119038	107.353	0
4965	0.993	1.68014	1.6105	0.119043	107.595	0
4970	0.994	1.68012	1.6105	0.119049	107.863	0
4975	0.995	1.6801	1.6105	0.119054	107.831	0
4980	0.996	1.68008	1.6105	0.11906	107.326	0
4985	0.997	1.68006	1.6105	0.119067	107.415	0
4990	0.998	1.68006	1.6105	0.119073	107.731	0
4995	0.999	1.68005	1.6105	0.119079	107.835	0
5000	1	1.68003	1.6105	0.119086	107.539	0
5005	1.001	1.68003	1.6105	0.119093	107.34	0
5010	1.002	1.68002	1.6105	0.1191	107.613	0
5015	1.003	1.68002	1.6105	0.119108	107.831	0
5020	1.004	1.68003	1.6105	0.119115	107.713	0
5025	1.005	1.68002	1.6105	0.119123	107.109	0
5030	1.006	1.68003	1.6105	0.119131	107.292	0
5035	1.007	1.68003	1.6105	0.119139	107.591	0
5040	1.008	1.68004	1.6105	0.119147	107.64	0
5045	1.009	1.68004	1.6105	0.119155	107.247	0
5050	1.01	1.68005	1.6105	0.119163	107.212	0
5055	1.011	1.68006	1.6105	0.119172	107.509	0
5060	1.012	1.68007	1.6105	0.11918	107.683	0
5065	1.013	1.68008	1.6105	0.119189	107.477	0
5070	1.014	1.68009	1.6105	0.119197	107.098	0
5075	1.015	1.6801	1.6105	0.119206	107.335	0
5080	1.016	1.6801	1.6105	0.119215	107.604	0
5085	1.017	1.68012	1.6105	0.119224	107.572	0
5090	1.018	1.68014	1.6105	0.119233	107.069	0
5095	1.019	1.68015	1.6105	0.119242	107.162	0
5100	1.02	1.68016	1.6105	0.119251	107.474	0
5105	1.021	1.68017	1.6105	0.119251	107.582	0
5110	1.022	1.6801	1.6105	0.11926	107.332	0
5115	1.023	1.68003	1.6105	0.11926	107.185	0
5120	1.024	1.67998	1.6105	0.119261	107.508	0
5125	1.025	1.67991	1.6105	0.119261	107.769	0
5130	1.026	1.67985	1.6105	0.119261	107.681	0
5135	1.027	1.67978	1.6105	0.119262	107.116	0
5140	1.028	1.67972	1.6105	0.119262	107.327	0
5145	1.029	1.67966	1.6105	0.119263	107.658	0
5150	1.03	1.67961	1.6105	0.119264	107.737	0
5155	1.031	1.67955	1.6105	0.119265	107.364	0
5160	1.032	1.67951	1.6105	0.119267	107.356	0
5165	1.033	1.67945	1.6105	0.119269	107.676	0
5170	1.034	1.67941	1.6105	0.11927	107.863	0
5175	1.035	1.67937	1.6105	0.119272	107.68	0
5180	1.036	1.67934	1.6105	0.119275	107.312	0
5185	1.037	1.6793	1.6105	0.119277	107.568	0
5190	1.038	1.67926	1.6105	0.11928	107.844	0
5195	1.039	1.67923	1.6105	0.119283	107.818	0
5200	1.04	1.6792	1.6105	0.119286	107.322	0
5205	1.041	1.67917	1.6105	0.11929	107.419	0
5210	1.042	1.67914	1.6105	0.119293	107.739	0
5215	1.043	1.67912	1.6105	0.119297	107.851	0
5220	1.044	1.6791	1.6105	0.119301	107.56	0
5225	1.045	1.67908	1.6105	0.119306	107.367	0
5230	1.046	1.67906	1.6105	0.11931	107.646	0
5235	1.047	1.67905	1.6105	0.119315	107.876	0
5240	1.048	1.67904	1.6105	0.11932	107.753	0
5245	1.049	1.67902	1.6105	0.119325	107.152	0
5250	1.05	1.67901	1.6105	0.11933	107.34	0
5255	1.051	1.67901	1.6105	0.119335	107.643	0
5260	1.052	1.679	1.6105	0.119341	107.693	0
5265	1.053	1.679	1.6105	0.119347	107.303	0
5270	1.054	1.67899	1.6105	0.119353	107.263	0
5275	1.055	1.67899	1.6105	0.119359	107.571	0
5280	1.056	1.679	1.6105	0.119365	107.749	0
5285	1.057	1.679	1.6105	0.119371	107.544	0
5290	1.058	1.679	1.6105	0.119377	107.16	0
5295	1.059	1.67901	1.6105	0.119384	107.408	0
5300	1.06	1.67902	1.6105	0.119391	107.668	0
5305	1.061	1.67901	1.6105	0.119397	107.637	0
5310	1.062	1.67903	1.6105	0.119404	107.138	0
5315	1.063	1.67903	1.6105	0.119411	107.223	0
5320	1.064	1.67905	1.6105	0.119419	107.536	0
5325	1.065	1.67905	1.6105	0.119426	107.646	0
5330	1.066	1.67907	1.6105	0.119433	107.346	0
5335	1.067	1.67908	1.6105	0.11944	107.148	0
5340	1.068	1.67909	1.6105	0.119448	107.439	0
5345	1.069	1.6791	1.6105	0.119455	107.657	0
5350	1.07	1.67912	1.6105	0.119463	107.534	0
5355	1.071	1.67912	1.6105	0.119471	106.933	0
5360	1.072	1.67914	1.6105	0.119479	107.121	0
5365	1.073	1.67916	1.6105	0.119486	107.423	0
5370	1.074	1.67918	1.6105	0.119486	107.472	0
5375	1.075	1.67912	1.6105	0.119494	107.126	0
5380	1.076	1.67907	1.6105	0.119494	107.133	0
5385	1.077	1.67901	1.6105	0.119494	107.477	0
5390	1.078	1.67896	1.6105	0.119494	107.686	0
5395	1.079	1.6789	1.6105	0.119494	107.513	0
5400	1.08	1.67885	1.6105	0.119495	107.167	0
5405	1.081	1.6788	1.6105	0.119495	107.44	0
5410	1.082	1.67874	1.6105	0.119496	107.732	0
5415	1.083	1.67871	1.6105	0.119497	107.713	0
5420	1.084	1.67866	1.6105	0.119498	107.241	0
5425	1.085	1.67863	1.6105	0.119499	107.342	0
5430	1.086	1.67858	1.6105	0.1195	107.673	0
5435	1.087	1.67855	1.6105	0.119502	107.799	0
5440	1.088	1.67851	1.6105	0.119504	107.52	0
5445	1.089	1.67848	1.6105	0.119506	107.335	0
5450	1.09	1.67845	1.6105	0.119508	107.625	0
5455	1.091	1.67843	1.6105	0.11951	107.855	0
5460	1.092	1.67839	1.6105	0.119513	107.74	0
5465	1.093	1.67837	1.6105	0.119515	107.15	0
5470	1.094	1.67835	1.6105	0.119518	107.344	0
5475	1.095	1.67834	1.6105	0.119522	107.652	0
5480	1.096	1.67832	1.6105	0.119525	107.709	0
5485	1.097	1.6783	1.6105	0.119528	107.317	0
5490	1.098	1.67828	1.6105	0.119532	107.291	0
5495	1.099	1.67828	1.6105	0.119536	107.604	0
5500	1.1	1.67827	1.6105	0.11954	107.776	0
5505	1.101	1.67825	1.6105	0.119544	107.578	0
5510	1.102	1.67825	1.6105	0.119548	107.197	0
5515	1.103	1.67825	1.6105	0.119552	107.439	0
5520	1.104	1.67824	1.6105	0.119557	107.717	0
5525	1.105	1.67824	1.6105	0.119562	107.68	0
5530	1.106	1.67824	1.6105	0.119566	107.185	0
5535	1.107	1.67823	1.6105	0.119571	107.272	0
5540	1.108	1.67823	1.6105	0.119577	107.581	0
5545	1.109	1.67824	1.6105	0.119582	107.695	0
5550	1.11	1.67824	1.6105	0.119587	107.397	0
5555	1.111	1.67825	1.6105	0.119593	107.204	0
5560	1.112	1.67825	1.6105	0.119598	107.487	0
5565	1.113	1.67826	1.6105	0.119604	107.712	0
5570	1.114	1.67827	1.6105	0.11961	107.59	0
5575	1.115	1.67827	1.6105	0.119616	106.994	0
5580	1.116	1.67828	1.6105	0.119622	107.173	0
5585	1.117	1.67829	1.6105	0.119628	107.477	0
5590	1.118	1.67831	1.6105	0.119634	107.532	0
5595	1.119	1.67832	1.6105	0.11964	107.146	0
5600	1.12	1.67833	1.6105	0.119646	107.107	0
5605	1.121	1.67834	1.6105	0.119653	107.421	0
5610	1.122	1.67836	1.6105	0.119653	107.59	0
5615	1.123	1.67831	1.6105	0.119659	107.419	0
5620	1.124	1.67826	1.6105	0.119659	107.076	0
5625	1.125	1.67822	1.6105	0.119659	107.351	0
5630	1.126	1.67818	1.6105	0.119659	107.648	0
5635	1.127	1.67813	1.6105	0.119659	107.637	0
5640	1.128	1.67809	1.6105	0.11966	107.169	0
5645	1.129	1.67805	1.6105	0.119661	107.283	0
5650	1.13	1.67801	1.6105	0.119661	107.615	0
5655	1.131	1.67798	1.6105	0.119662	107.74	0
5660	1.132	1.67794	1.6105	0.119663	107.461	0
5665	1.133	1.67792	1.6105	0.119664	107.281	0
5670	1.134	1.67788	1.6105	0.119666	107.581	0
5675	1.135	1.67786	1.6105	0.119667	107.809	0
5680	1.136	1.67783	1.6105	0.119669	107.706	0
5685	1.137	1.67781	1.6105	0.119671	107.113	0
5690	1.138	1.67779	1.6105	0.119673	107.305	0
5695	1.139	1.67776	1.6105	0.119675	107.614	0
5700	1.14	1.67774	1.6105	0.119677	107.672	0
5705	1.141	1.67773	1.6105	0.11968	107.288	0
5710	1.142	1.67772	1.6105	0.119683	107.262	0
5715	1.143	1.6777	1.6105	0.119686	107.575	0
5720	1.144	1.67769	1.6105	0.119688	107.754	0
5725	1.145	1.67768	1.6105	0.119692	107.554	0
5730	1.146	1.67766	1.6105	0.119695	107.183	0
5735	1.147	1.67767	1.6105	0.119698	107.434	0
5740	1.148	1.67766	1.6105	0.119702	107.697	0
5745	1.149	1.67765	1.6105	0.119706	107.669	0
5750	1.15	1.67766	1.6105	0.119709	107.173	0
5755	1.151	1.67765	1.6105	0.119714	107.266	0
5760	1.152	1.67766	1.6105	0.119718	107.575	0
5765	1.153	1.67765	1.6105	0.119722	107.693	0
5770	1.154	1.67766	1.6105	0.119726	107.395	0
5775	1.155	1.67765	1.6105	0.119731	107.2	0
5780	1.156	1.67766	1.6105	0.119735	107.488	0
5785	1.157	1.67767	1.6105	0.11974	107.708	0
5790	1.158	1.67767	1.6105	0.119745	107.586	0
5795	1.159	1.67768	1.6105	0.11975	106.988	0
5800	1.16	1.67769	1.6105	0.119755	107.172	0
5805	1.161	1.6777	1.6105	0.11976	107.476	0
5810	1.162	1.6777	1.6105	0.119765	107.535	0
5815	1.163	1.67771	1.6105	0.11977	107.149	0
5820	1.164	1.67772	1.6105	0.119776	107.117	0
5825	1.165	1.67773	1.6105	0.119781	107.425	0
5830	1.166	1.67775	1.6105	0.119781	107.602	0
5835	1.167	1.67771	1.6105	0.119786	107.427	0
5840	1.168	1.67767	1.6105	0.119786	107.078	0
5845	1.169	1.67763	1.6105	0.119786	107.34	0
5850	1.17	1.67759	1.6105	0.119787	107.631	0
5855	1.171	1.67756	1.6105	0.119787	107.621	0
5860	1.172	1.67753	1.6105	0.119787	107.15	0
5865	1.173	1.6775	1.6105	0.119788	107.262	0
5870	1.174	1.67747	1.6105	0.119789	107.59	0
5875	1.175	1.67743	1.6105	0.119789	107.714	0
5880	1.176	1.6774	1.6105	0.11979	107.433	0
5885	1.177	1.67739	1.6105	0.119791	107.26	0
5890	1.178	1.67736	1.6105	0.119793	107.547	0
5895	1.179	1.67734	1.6105	0.119794	107.784	0
5900	1.18	1.67732	1.6105	0.119796	107.668	0
5905	1.181	1.6773	1.6105	0.119797	107.076	0
5910	1.182	1.67729	1.6105	0.119799	107.279	0
5915	1.183	1.67727	1.6105	0.119801	107.587	0
5920	1.184	1.67726	1.6105	0.119804	107.64	0
5925	1.185	1.67725	1.6105	0.119806	107.257	0
5930	1.186	1.67724	1.6105	0.119808	107.228	0
5935	1.187	1.67723	1.6105	0.119811	107.541	0
5940	1.188	1.67722	1.6105	0.119814	107.719	0
5945	1.189	1.67722	1.6105	0.119816	107.522	0
5950	1.19	1.67721	1.6105	0.119819	107.149	0
5955	1.191	1.67721	1.6105	0.119823	107.398	0
5960	1.192	1.6772	1.6105	0.119826	107.671	0
5965	1.193	1.6772	1.6105	0.119829	107.63	0
5970	1.194	1.67721	1.6105	0.119833	107.142	0
5975	1.195	1.67721	1.6105	0.119836	107.238	0
5980	1.196	1.6772	1.6105	0.11984	107.543	0
5985	1.197	1.67721	1.6105	0.119844	107.662	0
5990	1.198	1.67721	1.6105	0.119848	107.362	0
5995	1.199	1.67721	1.6105	0.119852	107.175	0
6000	1.2	1.67723	1.6105	0.119856	107.456	0
6005	1.201	1.67722	1.6105	0.11986	107.683	0
6010	1.202	1.67724	1.6105	0.119864	107.561	0
6015	1.203	1.67724	1.6105	0.119869	106.969	0
6020	1.204	1.67725	1.6105	0.119873	107.154	0
6025	1.205	1.67727	1.6105	0.119878	107.459	0
6030	1.206	1.67727	1.6105	0.119883	107.506	0
6035	1.207	1.67729	1.6105	0.119887	107.127	0
6040	1.208	1.6773	1.6105	0.119892	107.094	0
6045	1.209	1.6773	1.6105	0.119892	107.4	0
6050	1.21	1.67727	1.6105	0.119897	107.603	0
6055	1.211	1.67724	1.6105	0.119897	107.424	0
6060	1.212	1.67722	1.6105	0.119897	107.072	0
6065	1.213	1.67719	1.6105	0.119897	107.34	0
6070	1.214	1.67715	1.6105	0.119898	107.63	0
6075	1.215	1.67713	1.6105	0.119898	107.616	0
6080	1.216	1.6771	1.6105	0.119898	107.134	0
6085	1.217	1.67707	1.6105	0.119899	107.241	0
6090	1.218	1.67705	1.6105	0.1199	107.57	0
6095	1.219	1.67703	1.6105	0.119901	107.697	0
6100	1.22	1.677	1.6105	0.119902	107.408	0
6105	1.221	1.67699	1.6105	0.119903	107.231	0
6110	1.222	1.67697	1.6105	0.119904	107.517	0
6115	1.223	1.67696	1.6105	0.119906	107.754	0
6120	1.224	1.67694	1.6105	0.119907	107.637	0
6125	1.225	1.67693	1.6105	0.119909	107.052	0
6130	1.226	1.67691	1.6105	0.119911	107.243	0
6135	1.227	1.6769	1.6105	0.119913	107.551	0
6140	1.228	1.6769	1.6105	0.119915	107.606	0
6145	1.229	1.67689	1.6105	0.119917	107.22	0
6150	1.23	1.67689	1.6105	0.119919	107.202	0
6155	1.231	1.67687	1.6105	0.119922	107.512	0
6160	1.232	1.67686	1.6105	0.119924	107.692	0
6165	1.233	1.67686	1.6105	0.119927	107.489	0
6170	1.234	1.67686	1.6105	0.11993	107.119	0
6175	1.235	1.67686	1.6105	0.119933	107.358	0
6180	1.236	1.67686	1.6105	0.119936	107.63	0
6185	1.237	1.67686	1.6105	0.119939	107.599	0
6190	1.238	1.67687	1.6105	0.119942	107.112	0
6195	1.239	1.67687	1.6105	0.119946	107.205	0
6200	1.24	1.67688	1.6105	0.119949	107.51	0
6205	1.241	1.67688	1.6105	0.119953	107.63	0
6210	1.242	1.67689	1.6105	0.119956	107.338	0
6215	1.243	1.67689	1.6105	0.11996	107.144	0
6220	1.244	1.6769	1.6105	0.119964	107.431	0
6225	1.245	1.67692	1.6105	0.119968	107.649	0
6230	1.246	1.67692	1.6105	0.119972	107.537	0
6235	1.247	1.67693	1.6105	0.119976	106.934	0
6240	1.248	1.67694	1.6105	0.11998	107.131	0
6245	1.249	1.67696	1.6105	0.119984	107.43	0
6250	1.25	1.67696	1.6105	0.119984	107.489	0
6255	1.251	1.67693	1.6105	0.119988	107.126	0
6260	1.252	1.6769	1.6105	0.119988	107.117	0
6265	1.253	1.67687	1.6105	0.119988	107.447	0
6270	1.254	1.67685	1.6105	0.119988	107.642	0
6275	1.255	1.67682	1.6105	0.119988	107.457	0
6280	1.256	1.67679	1.6105	0.119989	107.097	0
6285	1.257	1.67677	1.6105	0.119989	107.35	0
6290	1.258	1.67676	1.6105	0.11999	107.635	0
6295	1.259	1.67674	1.6105	0.11999	107.619	0
6300	1.26	1.67671	1.6105	0.119991	107.14	0
6305	1.261	1.67669	1.6105	0.119992	107.236	0
6310	1.262	1.67668	1.6105	0.119993	107.56	0
6315	1.263	1.67666	1.6105	0.119994	107.686	0
6320	1.264	1.67666	1.6105	0.119995	107.394	0
6325	1.265	1.67664	1.6105	0.119997	107.215	0
6330	1.266	1.67664	1.6105	0.119998	107.499	0
6335	1.267	1.67661	1.6105	0.12	107.726	0
6340	1.268	1.67661	1.6105	0.120002	107.617	0
6345	1.269	1.67661	1.6105	0.120004	107.021	0
6350	1.27	1.67659	1.6105	0.120006	107.21	0
6355	1.271	1.67659	1.6105	0.120008	107.517	0
6360	1.272	1.67659	1.6105	0.12001	107.581	0
6365	1.273	1.67659	1.6105	0.120012	107.194	0
6370	1.274	1.67659	1.6105	0.120015	107.166	0
6375	1.275	1.67658	1.6105	0.120017	107.475	0
6380	1.276	1.67658	1.6105	0.12002	107.655	0
6385	1.277	1.67658	1.6105	0.120023	107.454	0
6390	1.278	1.67658	1.6105	0.120025	107.079	0
6395	1.279	1.67659	1.6105	0.120028	107.331	0
6400	1.28	1.67659	1.6105	0.120031	107.592	0
6405	1.281	1.67661	1.6105	0.120035	107.563	0
6410	1.282	1.67661	1.6105	0.120038	107.074	0
6415	1.283	1.67662	1.6105	0.120041	107.167	0
6420	1.284	1.67662	1.6105	0.120044	107.483	0
6425	1.285	1.67662	1.6105	0.120048	107.592	0
6430	1.286	1.67664	1.6105	0.120051	107.301	0
6435	1.287	1.67665	1.6105	0.120055	107.116	0
6440	1.288	1.67666	1.6105	0.120059	107.394	0
6445	1.289	1.67666	1.6105	0.120059	107.621	0
6450	1.29	1.67663	1.6105	0.120062	107.522	0
6455	1.291	1.67661	1.6105	0.120062	106.945	0
6460	1.292	1.6766	1.6105	0.120062	107.153	0
6465	1.293	1.67658	1.6105	0.120063	107.476	0
6470	1.294	1.67655	1.6105	0.120063	107.544	0
6475	1.295	1.67653	1.6105	0.120063	107.173	0
6480	1.296	1.67651	1.6105	0.120063	107.149	0
6485	1.297	1.67649	1.6105	0.120064	107.471	0
6490	1.298	1.67647	1.6105	0.120064	107.662	0
6495	1.299	1.67645	1.6105	0.120065	107.472	0
6500	1.3	1.67645	1.6105	0.120066	107.099	0
6505	1.301	1.67643	1.6105	0.120067	107.359	0
6510	1.302	1.67643	1.6105	0.120068	107.639	0
6515	1.303	1.67641	1.6105	0.120069	107.606	0
6520	1.304	1.67639	1.6105	0.12007	107.128	0
6525	1.305	1.67639	1.6105	0.120072	107.22	0
6530	1.306	1.67637	1.6105	0.120073	107.542	0
6535	1.307	1.67638	1.6105	0.120075	107.659	0
6540	1.308	1.67638	1.6105	0.120077	107.363	0
6545	1.309	1.67636	1.6105	0.120079	107.184	0
6550	1.31	1.67637	1.6105	0.120081	107.467	0
6555	1.311	1.67637	1.6105	0.120083	107.691	0
6560	1.312	1.67637	1.6105	0.120085	107.573	0
6565	1.313	1.67635	1.6105	0.120087	106.989	0
6570	1.314	1.67636	1.6105	0.12009	107.178	0
6575	1.315	1.67636	1.6105	0.120092	107.485	0
6580	1.316	1.67637	1.6105	0.120095	107.535	0
6585	1.317	1.67637	1.6105	0.120097	107.15	0
6590	1.318	1.67638	1.6105	0.1201	107.124	0
6595	1.319	1.67638	1.6105	0.120103	107.434	0
6600	1.32	1.67639	1.6105	0.120106	107.612	0
6605	1.321	1.6764	1.6105	0.120108	107.412	0
6610	1.322	1.6764	1.6105	0.120112	107.03	0
6615	1.323	1.67641	1.6105	0.120115	107.279	0
6620	1.324	1.67641	1.6105	0.120118	107.552	0
6625	1.325	1.67642	1.6105	0.120121	107.524	0
6630	1.326	1.67644	1.6105	0.120124	107.035	0
6635	1.327	1.67645	1.6105	0.120128	107.12	0
6640	1.328	1.67645	1.6105	0.120131	107.436	0
6645	1.329	1.67646	1.6105	0.120131	107.556	0
6650	1.33	1.67644	1.6105	0.120134	107.28	0
6655	1.331	1.67642	1.6105	0.120135	107.109	0
6660	1.332	1.6764	1.6105	0.120135	107.41	0
6665	1.333	1.67637	1.6105	0.120135	107.651	0
6670	1.334	1.67635	1.6105	0.120135	107.547	0
6675	1.335	1.67633	1.6105	0.120135	106.956	0
6680	1.336	1.67633	1.6105	0.120136	107.159	0
6685	1.337	1.67631	1.6105	0.120136	107.479	0
6690	1.338	1.6763	1.6105	0.120137	107.545	0
6695	1.339	1.67628	1.6105	0.120137	107.168	0
6700	1.34	1.67628	1.6105	0.120138	107.142	0
6705	1.341	1.67626	1.6105	0.120139	107.462	0
6710	1.342	1.67624	1.6105	0.12014	107.652	0
6715	1.343	1.67623	1.6105	0.120141	107.447	0
6720	1.344	1.67623	1.6105	0.120142	107.086	0
6725	1.345	1.67621	1.6105	0.120143	107.333	0
6730	1.346	1.67622	1.6105	0.120145	107.612	0
6735	1.347	1.67621	1.6105	0.120146	107.58	0
6740	1.348	1.67621	1.6105	0.120148	107.099	0
6745	1.349	1.67621	1.6105	0.120149	107.19	0
6750	1.35	1.6762	1.6105	0.120151	107.513	0
6755	1.351	1.6762	1.6105	0.120153	107.627	0
6760	1.352	1.67619	1.6105	0.120155	107.334	0
6765	1.353	1.67619	1.6105	0.120157	107.144	0
6770	1.354	1.6762	1.6105	0.120159	107.436	0
6775	1.355	1.67621	1.6105	0.120161	107.662	0
6780	1.356	1.67621	1.6105	0.120164	107.545	0
6785	1.357	1.6762	1.6105	0.120166	106.947	0
6790	1.358	1.67621	1.6105	0.120169	107.139	0
6795	1.359	1.67621	1.6105	0.120171	107.444	0
6800	1.36	1.67622	1.6105	0.120174	107.499	0
6805	1.361	1.67623	1.6105	0.120176	107.114	0
6810	1.362	1.67623	1.6105	0.120179	107.085	0
6815	1.363	1.67625	1.6105	0.120179	107.398	0
6820	1.364	1.67623	1.6105	0.120182	107.591	0
6825	1.365	1.67621	1.6105	0.120182	107.404	0
6830	1.366	1.67619	1.6105	0.120182	107.045	0
6835	1.367	1.67617	1.6105	0.120182	107.306	0
6840	1.368	1.67615	1.6105	0.120182	107.587	0
6845	1.369	1.67614	1.6105	0.120183	107.568	0
6850	1.37	1.67614	1.6105	0.120183	107.079	0
6855	1.371	1.67612	1.6105	0.120184	107.183	0
6860	1.372	1.67611	1.6105	0.120184	107.505	0
6865	1.373	1.67609	1.6105	0.120185	107.633	0
6870	1.374	1.67609	1.6105	0.120186	107.337	0
6875	1.375	1.67608	1.6105	0.120187	107.159	0
6880	1.376	1.67607	1.6105	0.120188	107.452	0
6885	1.377	1.67607	1.6105	0.120189	107.678	0
6890	1.378	1.67606	1.6105	0.12019	107.566	0
6895	1.379	1.67606	1.6105	0.120192	106.97	0
6900	1.38	1.67605	1.6105	0.120193	107.169	0
6905	1.381	1.67605	1.6105	0.120195	107.474	0
6910	1.382	1.67604	1.6105	0.120196	107.534	0
6915	1.383	1.67605	1.6105	0.120198	107.149	0
6920	1.384	1.67604	1.6105	0.1202	107.119	0
6925	1.385	1.67604	1.6105	0.120201	107.439	0
6930	1.386	1.67605	1.6105	0.120203	107.615	0
6935	1.387	1.67604	1.6105	0.120205	107.413	0
6940	1.388	1.67605	1.6105	0.120207	107.037	0
6945	1.389	1.67605	1.6105	0.12021	107.295	0
6950	1.39	1.67606	1.6105	0.12021	107.565	0
6955	1.391	1.67604	1.6105	0.120212	107.547	0
6960	1.392	1.67603	1.6105	0.120212	107.069	0
6965	1.393	1.67601	1.6105	0.120212	107.173	0
6970	1.394	1.676	1.6105	0.120212	107.498	0
6975	1.395	1.67599	1.6105	0.120212	107.614	0
6980	1.396	1.67597	1.6105	0.120213	107.331	0
6985	1.397	1.67596	1.6105	0.120213	107.153	0
6990	1.398	1.67596	1.6105	0.120214	107.448	0
6995	1.399	1.67595	1.6105	0.120214	107.679	0
7000	1.4	1.67593	1.6105	0.120215	107.562	0
7005	1.401	1.67592	1.6105	0.120216	106.974	0
7010	1.402	1.67593	1.6105	0.120217	107.175	0
7015	1.403	1.67592	1.6105	0.120218	107.477	0
7020	1.404	1.67592	1.6105	0.120219	107.538	0
7025	1.405	1.67591	1.6105	0.120221	107.153	0
7030	1.406	1.6759	1.6105	0.120222	107.132	0
7035	1.407	1.67591	1.6105	0.120223	107.44	0
7040	1.408	1.67589	1.6105	0.120225	107.627	0
7045	1.409	1.6759	1.6105	0.120226	107.422	0
7050	1.41	1.67591	1.6105	0.120228	107.057	0
7055	1.411	1.6759	1.6105	0.12023	107.303	0
7060	1.412	1.67591	1.6105	0.12023	107.573	0
7065	1.413	1.67589	1.6105	0.120232	107.554	0
7070	1.414	1.67588	1.6105	0.120232	107.074	0
7075	1.415	1.67587	1.6105	0.120232	107.177	0
7080	1.416	1.67586	1.6105	0.120232	107.501	0
7085	1.417	1.67584	1.6105	0.120232	107.627	0
7090	1.418	1.67583	1.6105	0.120233	107.34	0
7095	1.419	1.67582	1.6105	0.120233	107.161	0
7100	1.42	1.67582	1.6105	0.120234	107.445	0
7105	1.421	1.67581	1.6105	0.120234	107.676	0
7110	1.422	1.6758	1.6105	0.120235	107.567	0
7115	1.423	1.67579	1.6105	0.120236	106.977	0
7120	1.424	1.6758	1.6105	0.120237	107.169	0
7125	1.425	1.67578	1.6105	0.120238	107.482	0
7130	1.426	1.67579	1.6105	0.120239	107.531	0
7135	1.427	1.67578	1.6105	0.120241	107.153	0
7140	1.428	1.67579	1.6105	0.120242	107.124	0
7145	1.429	1.67578	1.6105	0.120244	107.442	0
7150	1.43	1.67579	1.6105	0.120245	107.617	0
7155	1.431	1.67578	1.6105	0.120247	107.424	0
7160	1.432	1.67579	1.6105	0.120248	107.047	0
7165	1.433	1.67579	1.6105	0.12025	107.294	0
7170	1.434	1.6758	1.6105	0.12025	107.573	0
7175	1.435	1.67578	1.6105	0.120252	107.553	0
7180	1.436	1.67577	1.6105	0.120252	107.074	0
7185	1.437	1.67576	1.6105	0.120252	107.176	0
7190	1.438	1.67574	1.6105	0.120252	107.499	0
7195	1.439	1.67573	1.6105	0.120252	107.613	0
7200	1.44	1.67572	1.6105	0.120253	107.328	0
7205	1.441	1.67573	1.6105	0.120253	107.15	0
7210	1.442	1.67572	1.6105	0.120254	107.444	0
7215	1.443	1.67571	1.6105	0.120255	107.675	0
7220	1.444	1.6757	1.6105	0.120255	107.555	0
7225	1.445	1.6757	1.6105	0.120256	106.967	0
7230	1.446	1.67569	1.6105	0.120257	107.167	0
7235	1.447	1.67569	1.6105	0.120258	107.47	0
7240	1.448	1.67569	1.6105	0.120259	107.529	0
7245	1.449	1.67569	1.6105	0.120261	107.143	0
7250	1.45	1.6757	1.6105	0.120262	107.122	0
7255	1.451	1.67569	1.6105	0.120263	107.43	0
7260	1.452	1.6757	1.6105	0.120265	107.615	0
7265	1.453	1.67569	1.6105	0.120266	107.41	0
7270	1.454	1.6757	1.6105	0.120268	107.045	0
7275	1.455	1.6757	1.6105	0.12027	107.291	0
7280	1.456	1.6757	1.6105	0.12027	107.561	0
7285	1.457	1.67569	1.6105	0.120271	107.541	0
7290	1.458	1.67568	1.6105	0.120271	107.062	0
7295	1.459	1.67567	1.6105	0.120272	107.164	0
7300	1.46	1.67566	1.6105	0.120272	107.488	0
7305	1.461	1.67565	1.6105	0.120272	107.614	0
7310	1.462	1.67564	1.6105	0.120272	107.329	0
7315	1.463	1.67565	1.6105	0.120273	107.146	0
7320	1.464	1.67563	1.6105	0.120273	107.439	0
7325	1.465	1.67563	1.6105	0.120274	107.664	0
7330	1.466	1.67562	1.6105	0.120275	107.552	0
7335	1.467	1.67563	1.6105	0.120276	106.966	0
7340	1.468	1.67562	1.6105	0.120277	107.153	0
7345	1.469	1.67561	1.6105	0.120278	107.466	0
7350	1.47	1.67562	1.6105	0.120279	107.528	0
7355	1.471	1.67562	1.6105	0.12028	107.139	0
7360	1.472	1.67562	1.6105	0.120281	107.118	0
7365	1.473	1.67562	1.6105	0.120283	107.426	0
7370	1.474	1.67563	1.6105	0.120284	107.613	0
7375	1.475	1.67562	1.6105	0.120285	107.408	0
7380	1.476	1.67563	1.6105	0.120287	107.032	0
7385	1.477	1.67563	1.6105	0.120289	107.288	0
7390	1.478	1.67564	1.6105	0.120289	107.557	0
7395	1.479	1.67563	1.6105	0.12029	107.537	0
7400	1.48	1.67562	1.6105	0.12029	107.058	0
7405	1.481	1.67561	1.6105	0.120291	107.16	0
7410	1.482	1.6756	1.6105	0.120291	107.481	0
7415	1.483	1.67559	1.6105	0.120291	107.607	0
7420	1.484	1.67558	1.6105	0.120291	107.322	0
7425	1.485	1.67557	1.6105	0.120292	107.142	0
7430	1.486	1.67557	1.6105	0.120292	107.426	0
7435	1.487	1.67557	1.6105	0.120293	107.657	0
7440	1.488	1.67556	1.6105	0.120294	107.548	0
7445	1.489	1.67555	1.6105	0.120294	106.959	0
7450	1.49	1.67556	1.6105	0.120295	107.149	0
7455	1.491	1.67556	1.6105	0.120296	107.461	0
7460	1.492	1.67555	1.6105	0.120297	107.519	0
7465	1.493	1.67556	1.6105	0.120299	107.135	0
7470	1.494	1.67555	1.6105	0.1203	107.112	0
7475	1.495	1.67556	1.6105	0.120301	107.42	0
7480	1.496	1.67556	1.6105	0.120302	107.608	0
7485	1.497	1.67557	1.6105	0.120304	107.402	0
7490	1.498	1.67556	1.6105	0.120305	107.037	0
7495	1.499	1.67558	1.6105	0.120307	107.282	0
7500	1.5	1.67557	1.6105	0.120307	107.551	0
7505	1.501	1.67556	1.6105	0.120309	107.531	0
7510	1.502	1.67555	1.6105	0.120309	107.051	0
7515	1.503	1.67554	1.6105	0.120309	107.153	0
7520	1.504	1.67553	1.6105	0.120309	107.477	0
7525	1.505	1.67554	1.6105	0.120309	107.6	0
7530	1.506	1.67553	1.6105	0.120309	107.314	0
7535	1.507	1.67552	1.6105	0.12031	107.135	0
7540	1.508	1.67551	1.6105	0.12031	107.428	0
7545	1.509	1.6755	1.6105	0.120311	107.649	0
7550	1.51	1.6755	1.6105	0.120312	107.54	0
7555	1.511	1.67551	1.6105	0.120313	106.951	0
7560	1.512	1.6755	1.6105	0.120313	107.151	0
7565	1.513	1.67549	1.6105	0.120314	107.453	0
7570	1.514	1.67551	1.6105	0.120315	107.515	0
7575	1.515	1.6755	1.6105	0.120317	107.126	0
7580	1.516	1.67551	1.6105	0.120318	107.104	0
7585	1.517	1.6755	1.6105	0.120319	107.415	0
7590	1.518	1.6755	1.6105	0.12032	107.599	0
7595	1.519	1.67551	1.6105	0.120322	107.394	0
7600	1.52	1.67553	1.6105	0.120323	107.028	0
7605	1.521	1.67552	1.6105	0.120325	107.274	0
7610	1.522	1.67553	1.6105	0.120325	107.552	0
7615	1.523	1.67552	1.6105	0.120326	107.531	0
7620	1.524	1.67552	1.6105	0.120326	107.051	0
7625	1.525	1.67551	1.6105	0.120326	107.153	0
7630	1.526	1.6755	1.6105	0.120327	107.476	0
7635	1.527	1.67549	1.6105	0.120327	107.601	0
7640	1.528	1.67548	1.6105	0.120327	107.306	0
7645	1.529	1.67547	1.6105	0.120328	107.124	0
7650	1.53	1.67546	1.6105	0.120328	107.417	0
7655	1.531	1.67548	1.6105	0.120329	107.651	0
7660	1.532	1.67547	1.6105	0.120329	107.539	0
7665	1.533	1.67546	1.6105	0.12033	106.942	0
7670	1.534	1.67546	1.6105	0.120331	107.139	0
7675	1.535	1.67546	1.6105	0.120332	107.454	0
7680	1.536	1.67546	1.6105	0.120333	107.503	0
7685	1.537	1.67546	1.6105	0.120334	107.124	0
7690	1.538	1.67547	1.6105	0.120335	107.095	0
7695	1.539	1.67546	1.6105	0.120337	107.412	0
7700	1.54	1.67547	1.6105	0.120337	107.587	0
7705	1.541	1.67547	1.6105	0.120338	107.395	0
7710	1.542	1.67546	1.6105	0.120338	107.031	0
7715	1.543	1.67545	1.6105	0.120338	107.289	0
7720	1.544	1.67544	1.6105	0.120338	107.568	0
7725	1.545	1.67543	1.6105	0.120338	107.546	0
7730	1.546	1.67543	1.6105	0.120339	107.064	0
7735	1.547	1.67542	1.6105	0.120339	107.162	0
7740	1.548	1.67541	1.6105	0.12034	107.483	0
7745	1.549	1.67542	1.6105	0.12034	107.608	0
7750	1.55	1.67542	1.6105	0.120341	107.308	0
7755	1.551	1.67541	1.6105	0.120342	107.128	0
7760	1.552	1.67541	1.6105	0.120342	107.419	0
7765	1.553	1.67542	1.6105	0.120343	107.641	0
7770	1.554	1.67541	1.6105	0.120344	107.53	0
7775	1.555	1.67542	1.6105	0.120346	106.933	0
7780	1.556	1.67542	1.6105	0.120347	107.13	0
7785	1.557	1.67542	1.6105	0.120348	107.442	0
7790	1.558	1.67543	1.6105	0.120349	107.492	0
7795	1.559	1.67543	1.6105	0.120351	107.114	0
7800	1.56	1.67544	1.6105	0.120352	107.085	0
7805	1.561	1.67544	1.6105	0.120354	107.393	0
7810	1.562	1.67545	1.6105	0.120354	107.578	0
7815	1.563	1.67544	1.6105	0.120355	107.386	0
7820	1.564	1.67543	1.6105	0.120355	107.023	0
7825	1.565	1.67542	1.6105	0.120355	107.281	0
7830	1.566	1.67542	1.6105	0.120356	107.56	0
7835	1.567	1.67541	1.6105	0.120356	107.535	0
7840	1.568	1.6754	1.6105	0.120356	107.054	0
7845	1.569	1.6754	1.6105	0.120356	107.145	0
7850	1.57	1.67541	1.6105	0.120357	107.467	0
7855	1.571	1.6754	1.6105	0.120357	107.59	0
7860	1.572	1.6754	1.6105	0.120358	107.304	0
7865	1.573	1.67539	1.6105	0.120359	107.123	0
7870	1.574	1.6754	1.6105	0.12036	107.404	0
7875	1.575	1.6754	1.6105	0.12036	107.638	0
7880	1.576	1.67539	1.6105	0.120361	107.525	0
7885	1.577	1.6754	1.6105	0.120362	106.928	0
7890	1.578	1.6754	1.6105	0.120364	107.125	0
7895	1.579	1.67539	1.6105	0.120365	107.428	0
7900	1.58	1.67541	1.6105	0.120366	107.488	0
7905	1.581	1.67541	1.6105	0.120367	107.102	0
7910	1.582	1.67542	1.6105	0.120369	107.08	0
7915	1.583	1.67541	1.6105	0.120369	107.389	0
7920	1.584	1.67541	1.6105	0.12037	107.577	0
7925	1.585	1.6754	1.6105	0.12037	107.384	0
7930	1.586	1.67539	1.6105	0.12037	107.02	0
7935	1.587	1.67538	1.6105	0.12037	107.278	0
7940	1.588	1.67538	1.6105	0.120371	107.557	0
7945	1.589	1.67539	1.6105	0.120371	107.532	0
7950	1.59	1.67538	1.6105	0.120371	107.05	0
7955	1.591	1.67538	1.6105	0.120372	107.151	0
7960	1.592	1.67537	1.6105	0.120372	107.46	0
7965	1.593	1.67537	1.6105	0.120373	107.585	0
7970	1.594	1.67538	1.6105	0.120374	107.299	0
7975	1.595	1.67537	1.6105	0.120374	107.116	0
7980	1.596	1.67537	1.6105	0.120375	107.399	0
7985	1.597	1.67536	1.6105	0.120376	107.63	0
7990	1.598	1.67538	1.6105	0.120377	107.52	0
7995	1.599	1.67537	1.6105	0.120378	106.921	0
8000	1.6	1.67538	1.6105	0.12038	107.118	0
8005	1.601	1.67538	1.6105	0.120381	107.421	0
8010	1.602	1.67539	1.6105	0.120382	107.484	0
8015	1.603	1.67539	1.6105	0.120384	107.095	0
8020	1.604	1.67541	1.6105	0.120385	107.074	0
8025	1.605	1.6754	1.6105	0.120385	107.381	0
8030	1.606	1.6754	1.6105	0.120387	107.569	0
8035	1.607	1.67539	1.6105	0.120387	107.377	0
8040	1.608	1.67538	1.6105	0.120387	107.013	0
8045	1.609	1.67537	1.6105	0.120387	107.271	0
8050	1.61	1.67537	1.6105	0.120387	107.55	0
8055	1.611	1.67536	1.6105	0.120387	107.528	0
8060	1.612	1.67537	1.6105	0.120388	107.043	0
8065	1.613	1.67537	1.6105	0.120388	107.134	0
8070	1.614	1.67536	1.6105	0.120389	107.456	0
8075	1.615	1.67535	1.6105	0.120389	107.578	0
8080	1.616	1.67535	1.6105	0.12039	107.292	0
8085	1.617	1.67536	1.6105	0.120391	107.112	0
8090	1.618	1.67536	1.6105	0.120392	107.393	0
8095	1.619	1.67535	1.6105	0.120392	107.623	0
8100	1.62	1.67537	1.6105	0.120393	107.514	0
8105	1.621	1.67536	1.6105	0.120395	106.914	0
8110	1.622	1.67536	1.6105	0.120396	107.112	0
8115	1.623	1.67537	1.6105	0.120397	107.418	0
8120	1.624	1.67537	1.6105	0.120397	107.477	0
8125	1.625	1.67536	1.6105	0.120398	107.101	0
8130	1.626	1.67535	1.6105	0.120398	107.081	0
8135	1.627	1.67535	1.6105	0.120398	107.401	0
8140	1.628	1.67534	1.6105	0.120398	107.587	0
8145	1.629	1.67533	1.6105	0.120398	107.393	0
8150	1.63	1.67533	1.6105	0.120399	107.027	0
8155	1.631	1.67534	1.6105	0.120399	107.274	0
8160	1.632	1.67534	1.6105	0.120399	107.55	0
8165	1.633	1.67533	1.6105	0.1204	107.527	0
8170	1.634	1.67533	1.6105	0.1204	107.045	0
8175	1.635	1.67532	1.6105	0.120401	107.142	0
8180	1.636	1.67533	1.6105	0.120401	107.454	0
8185	1.637	1.67533	1.6105	0.120402	107.578	0
8190	1.638	1.67532	1.6105	0.120402	107.292	0
8195	1.639	1.67531	1.6105	0.120402	107.111	0
8200	1.64	1.67531	1.6105	0.120402	107.404	0
8205	1.641	1.6753	1.6105	0.120402	107.636	0
8210	1.642	1.6753	1.6105	0.120403	107.522	0
8215	1.643	1.67529	1.6105	0.120403	106.934	0
8220	1.644	1.67529	1.6105	0.120404	107.132	0
8225	1.645	1.67528	1.6105	0.120404	107.432	0
8230	1.646	1.6753	1.6105	0.120405	107.493	0
8235	1.647	1.67529	1.6105	0.120406	107.116	0
8240	1.648	1.67529	1.6105	0.120406	107.092	0
8245	1.649	1.6753	1.6105	0.120407	107.4	0
8250	1.65	1.6753	1.6105	0.120407	107.583	0
8255	1.651	1.67529	1.6105	0.120408	107.389	0
8260	1.652	1.67529	1.6105	0.120408	107.024	0
8265	1.653	1.67528	1.6105	0.120408	107.28	0
8270	1.654	1.67527	1.6105	0.120408	107.557	0
8275	1.655	1.67527	1.6105	0.120409	107.534	0
8280	1.656	1.67526	1.6105	0.120409	107.051	0
8285	1.657	1.67526	1.6105	0.120409	107.138	0
8290	1.658	1.67526	1.6105	0.12041	107.459	0
8295	1.659	1.67527	1.6105	0.12041	107.583	0
8300	1.66	1.67526	1.6105	0.120411	107.293	0
8305	1.661	1.67526	1.6105	0.120412	107.112	0
8310	1.662	1.67526	1.6105	0.120413	107.392	0
8315	1.663	1.67527	1.6105	0.120413	107.625	0
8320	1.664	1.67527	1.6105	0.120414	107.512	0
8325	1.665	1.67527	1.6105	0.120415	106.915	0
8330	1.666	1.67528	1.6105	0.120417	107.111	0
8335	1.667	1.67528	1.6105	0.120418	107.414	0
8340	1.668	1.67529	1.6105	0.120418	107.476	0
8345	1.669	1.67529	1.6105	0.120419	107.1	0
8350	1.67	1.67528	1.6105	0.120419	107.079	0
8355	1.671	1.67527	1.6105	0.120419	107.398	0
8360	1.672	1.67527	1.6105	0.120419	107.584	0
8365	1.673	1.67526	1.6105	0.120419	107.386	0
8370	1.674	1.67526	1.6105	0.120419	107.02	0
8375	1.675	1.67526	1.6105	0.12042	107.276	0
8380	1.676	1.67525	1.6105	0.12042	107.543	0
8385	1.677	1.67524	1.6105	0.120421	107.52	0
8390	1.678	1.67524	1.6105	0.120421	107.036	0
8395	1.679	1.67525	1.6105	0.120422	107.136	0
8400	1.68	1.67525	1.6105	0.120422	107.457	0
8405	1.681	1.67525	1.6105	0.120422	107.581	0
8410	1.682	1.67524	1.6105	0.120422	107.294	0
8415	1.683	1.67523	1.6105	0.120423	107.11	0
8420	1.684	1.67523	1.6105	0.120423	107.392	0
8425	1.685	1.67522	1.6105	0.120423	107.625	0
8430	1.686	1.67522	1.6105	0.120423	107.514	0
8435	1.687	1.67522	1.6105	0.120424	106.926	0
8440	1.688	1.67523	1.6105	0.120424	107.121	0
8445	1.689	1.67523	1.6105	0.120425	107.435	0
8450	1.69	1.67523	1.6105	0.120426	107.484	0
8455	1.691	1.67522	1.6105	0.120426	107.105	0
8460	1.692	1.67523	1.6105	0.120427	107.084	0
8465	1.693	1.67523	1.6105	0.120428	107.399	0
8470	1.694	1.67523	1.6105	0.120428	107.574	0
8475	1.695	1.67522	1.6105	0.120429	107.38	0
8480	1.696	1.67522	1.6105	0.120429	107.015	0
8485	1.697	1.67522	1.6105	0.120429	107.271	0
8490	1.698	1.67521	1.6105	0.120429	107.546	0
8495	1.699	1.67521	1.6105	0.120429	107.522	0
8500	1.7	1.6752	1.6105	0.12043	107.04	0
8505	1.701	1.67521	1.6105	0.12043	107.139	0
8510	1.702	1.67521	1.6105	0.12043	107.46	0
8515	1.703	1.67521	1.6105	0.120431	107.571	0
8520	1.704	1.6752	1.6105	0.120431	107.284	0
8525	1.705	1.6752	1.6105	0.120432	107.103	0
8530	1.706	1.67521	1.6105	0.120433	107.392	0
8535	1.707	1.67522	1.6105	0.120434	107.616	0
8540	1.708	1.67521	1.6105	0.120435	107.502	0
8545	1.709	1.67522	1.6105	0.120436	106.915	0
8550	1.71	1.67522	1.6105	0.120437	107.101	0
8555	1.711	1.67522	1.6105	0.120438	107.413	0
8560	1.712	1.67524	1.6105	0.120438	107.462	0
8565	1.713	1.67523	1.6105	0.120439	107.086	0
8570	1.714	1.67523	1.6105	0.120439	107.066	0
8575	1.715	1.67522	1.6105	0.120439	107.385	0
8580	1.716	1.67522	1.6105	0.120439	107.571	0
8585	1.717	1.67521	1.6105	0.120439	107.377	0
8590	1.718	1.67521	1.6105	0.120439	107.012	0
8595	1.719	1.67521	1.6105	0.12044	107.268	0
8600	1.72	1.6752	1.6105	0.12044	107.545	0
8605	1.721	1.6752	1.6105	0.120441	107.522	0
8610	1.722	1.67521	1.6105	0.120441	107.036	0
8615	1.723	1.6752	1.6105	0.120442	107.126	0
8620	1.724	1.67521	1.6105	0.120442	107.447	0
8625	1.725	1.6752	1.6105	0.120443	107.568	0
8630	1.726	1.67521	1.6105	0.120444	107.281	0
8635	1.727	1.67521	1.6105	0.120445	107.087	0
8640	1.728	1.67521	1.6105	0.120446	107.38	0
8645	1.729	1.67523	1.6105	0.120446	107.611	0
8650	1.73	1.67522	1.6105	0.120447	107.501	0
8655	1.731	1.67522	1.6105	0.120447	106.903	0
8660	1.732	1.67521	1.6105	0.120447	107.102	0
8665	1.733	1.67521	1.6105	0.120447	107.416	0
8670	1.734	1.6752	1.6105	0.120447	107.477	0
8675	1.735	1.6752	1.6105	0.120447	107.1	0
8680	1.736	1.6752	1.6105	0.120448	107.076	0
8685	1.737	1.67519	1.6105	0.120448	107.395	0
8690	1.738	1.67519	1.6105	0.120448	107.579	0
8695	1.739	1.67519	1.6105	0.120449	107.384	0
8700	1.74	1.6752	1.6105	0.120449	107.005	0
8705	1.741	1.6752	1.6105	0.12045	107.261	0
8710	1.742	1.67519	1.6105	0.12045	107.537	0
8715	1.743	1.67519	1.6105	0.120451	107.514	0
8720	1.744	1.67518	1.6105	0.120451	107.031	0
8725	1.745	1.67518	1.6105	0.120451	107.13	0
8730	1.746	1.67518	1.6105	0.120451	107.451	0
8735	1.747	1.67517	1.6105	0.120451	107.574	0
8740	1.748	1.67517	1.6105	0.120452	107.287	0
8745	1.749	1.67518	1.6105	0.120452	107.095	0
8750	1.75	1.67518	1.6105	0.120453	107.384	0
8755	1.751	1.67518	1.6105	0.120453	107.616	0
8760	1.752	1.67518	1.6105	0.120454	107.505	0
8765	1.753	1.67517	1.6105	0.120454	106.914	0
8770	1.754	1.67519	1.6105	0.120455	107.104	0
8775	1.755	1.67519	1.6105	0.120456	107.414	0
8780	1.756	1.67518	1.6105	0.120456	107.475	0
8785	1.757	1.67518	1.6105	0.120457	107.097	0
8790	1.758	1.67517	1.6105	0.120457	107.076	0
8795	1.759	1.67517	1.6105	0.120457	107.394	0
8800	1.76	1.67517	1.6105	0.120457	107.578	0
8805	1.761	1.67516	1.6105	0.120457	107.383	0
8810	1.762	1.67516	1.6105	0.120457	107.007	0
8815	1.763	1.67517	1.6105	0.120458	107.26	0
8820	1.764	1.67517	1.6105	0.120458	107.538	0
8825	1.765	1.67517	1.6105	0.120458	107.514	0
8830	1.766	1.67516	1.6105	0.120459	107.031	0
8835	1.767	1.67516	1.6105	0.12046	107.128	0
8840	1.768	1.67516	1.6105	0.12046	107.439	0
8845	1.769	1.67515	1.6105	0.12046	107.563	0
8850	1.77	1.67515	1.6105	0.12046	107.276	0
8855	1.771	1.67515	1.6105	0.12046	107.095	0
8860	1.772	1.67516	1.6105	0.120461	107.386	0
8865	1.773	1.67515	1.6105	0.120461	107.616	0
8870	1.774	1.67515	1.6105	0.120461	107.504	0
8875	1.775	1.67515	1.6105	0.120462	106.916	0
8880	1.776	1.67515	1.6105	0.120462	107.114	0
8885	1.777	1.67514	1.6105	0.120463	107.414	0
8890	1.778	1.67514	1.6105	0.120463	107.475	0
8895	1.779	1.67516	1.6105	0.120464	107.097	0
8900	1.78	1.67516	1.6105	0.120465	107.072	0
8905	1.781	1.67515	1.6105	0.120465	107.38	0
8910	1.782	1.67515	1.6105	0.120465	107.566	0
8915	1.783	1.67515	1.6105	0.120465	107.371	0
8920	1.784	1.67514	1.6105	0.120466	107.005	0
8925	1.785	1.67514	1.6105	0.120466	107.261	0
8930	1.786	1.67513	1.6105	0.120466	107.536	0
8935	1.787	1.67515	1.6105	0.120466	107.513	0
8940	1.788	1.67515	1.6105	0.120467	107.029	0
8945	1.789	1.67514	1.6105	0.120467	107.129	0
8950	1.79	1.67514	1.6105	0.120468	107.446	0
8955	1.791	1.67514	1.6105	0.120468	107.559	0
8960	1.792	1.67514	1.6105	0.120469	107.272	0
8965	1.793	1.67515	1.6105	0.120469	107.088	0
8970	1.794	1.67515	1.6105	0.12047	107.38	0
8975	1.795	1.67515	1.6105	0.12047	107.6	0
8980	1.796	1.67515	1.6105	0.120471	107.49	0
8985	1.797	1.67514	1.6105	0.120471	106.902	0
8990	1.798	1.67514	1.6105	0.120471	107.101	0
8995	1.799	1.67513	1.6105	0.120471	107.414	0
9000	1.8	1.67513	1.6105	0.120472	107.474	0
9005	1.801	1.67514	1.6105	0.120472	107.096	0
9010	1.802	1.67514	1.6105	0.120472	107.074	0
9015	1.803	1.67514	1.6105	0.120472	107.39	0
9020	1.804	1.67513	1.6105	0.120473	107.575	0
9025	1.805	1.67513	1.6105	0.120473	107.37	0
9030	1.806	1.67513	1.6105	0.120474	107.004	0
9035	1.807	1.67515	1.6105	0.120475	107.255	0
9040	1.808	1.67514	1.6105	0.120475	107.533	0
9045	1.809	1.67514	1.6105	0.120475	107.509	0
9050	1.81	1.67514	1.6105	0.120475	107.026	0
9055	1.811	1.67513	1.6105	0.120475	107.125	0
9060	1.812	1.67513	1.6105	0.120476	107.446	0
9065	1.813	1.67513	1.6105	0.120476	107.569	0
9070	1.814	1.67512	1.6105	0.120476	107.268	0
9075	1.815	1.67512	1.6105	0.120476	107.087	0
9080	1.816	1.67512	1.6105	0.120477	107.379	0
9085	1.817	1.67513	1.6105	0.120477	107.611	0
9090	1.818	1.67513	1.6105	0.120478	107.497	0
9095	1.819	1.67513	1.6105	0.120479	106.909	0
9100	1.82	1.67513	1.6105	0.120479	107.094	0
9105	1.821	1.67514	1.6105	0.12048	107.408	0
9110	1.822	1.67514	1.6105	0.12048	107.466	0
9115	1.823	1.67514	1.6105	0.120481	107.088	0
9120	1.824	1.67513	1.6105	0.120481	107.067	0
9125	1.825	1.67513	1.6105	0.120481	107.385	0
9130	1.826	1.67513	1.6105	0.120481	107.569	0
9135	1.827	1.67512	1.6105	0.120481	107.374	0
9140	1.828	1.67512	1.6105	0.120481	106.998	0
9145	1.829	1.67512	1.6105	0.120482	107.254	0
9150	1.83	1.67512	1.6105	0.120482	107.531	0
9155	1.831	1.67511	1.6105	0.120482	107.505	0
9160	1.832	1.67513	1.6105	0.120483	107.022	0
9165	1.833	1.67512	1.6105	0.120484	107.121	0
9170	1.834	1.67513	1.6105	0.120484	107.429	0
9175	1.835	1.67512	1.6105	0.120484	107.553	0
9180	1.836	1.67512	1.6105	0.120484	107.266	0
9185	1.837	1.67511	1.6105	0.120484	107.085	0
9190	1.838	1.67511	1.6105	0.120485	107.377	0
9195	1.839	1.67511	1.6105	0.120485	107.609	0
9200	1.84	1.67511	1.6105	0.120485	107.497	0
9205	1.841	1.6751	1.6105	0.120485	106.909	0
9210	1.842	1.67512	1.6105	0.120486	107.104	0
9215	1.843	1.67512	1.6105	0.120486	107.416	0
9220	1.844	1.67511	1.6105	0.120487	107.465	0
9225	1.845	1.67511	1.6105	0.120488	107.086	0
9230	1.846	1.67511	1.6105	0.120488	107.064	0
9235	1.847	1.67513	1.6105	0.120488	107.379	0
9240	1.848	1.67512	1.6105	0.120489	107.564	0
9245	1.849	1.67512	1.6105	0.120489	107.369	0
9250	1.85	1.67512	1.6105	0.120489	107.003	0
9255	1.851	1.67511	1.6105	0.120489	107.247	0
9260	1.852	1.67511	1.6105	0.12049	107.525	0
9265	1.853	1.67511	1.6105	0.12049	107.502	0
9270	1.854	1.67511	1.6105	0.12049	107.019	0
9275	1.855	1.6751	1.6105	0.120491	107.116	0
9280	1.856	1.6751	1.6105	0.120491	107.436	0
9285	1.857	1.67512	1.6105	0.120492	107.56	0
9290	1.858	1.67512	1.6105	0.120492	107.263	0
9295	1.859	1.67511	1.6105	0.120493	107.078	0
9300	1.86	1.67511	1.6105	0.120494	107.37	0
9305	1.861	1.67513	1.6105	0.120494	107.591	0
9310	1.862	1.67513	1.6105	0.120495	107.481	0
9315	1.863	1.67512	1.6105	0.120495	106.893	0
9320	1.864	1.67512	1.6105	0.120495	107.092	0
9325	1.865	1.67512	1.6105	0.120495	107.405	0
9330	1.866	1.67511	1.6105	0.120495	107.465	0
9335	1.867	1.67511	1.6105	0.120495	107.087	0
9340	1.868	1.67511	1.6105	0.120496	107.065	0
9345	1.869	1.67511	1.6105	0.120496	107.379	0
9350	1.87	1.6751	1.6105	0.120496	107.564	0
9355	1.871	1.67511	1.6105	0.120497	107.368	0
9360	1.872	1.67512	1.6105	0.120497	106.993	0
9365	1.873	1.67512	1.6105	0.120498	107.245	0
9370	1.874	1.67511	1.6105	0.120499	107.523	0
9375	1.875	1.67512	1.6105	0.120499	107.496	0
9380	1.876	1.67513	1.6105	0.1205	107.004	0
9385	1.877	1.67513	1.6105	0.120501	107.101	0
9390	1.878	1.67513	1.6105	0.120502	107.423	0
9395	1.879	1.67514	1.6105	0.120502	107.535	0
9400	1.88	1.67514	1.6105	0.120503	107.249	0
9405	1.881	1.67514	1.6105	0.120503	107.068	0
9410	1.882	1.67513	1.6105	0.120503	107.361	0
9415	1.883	1.67513	1.6105	0.120503	107.594	0
9420	1.884	1.67513	1.6105	0.120503	107.483	0
9425	1.885	1.67512	1.6105	0.120503	106.895	0
9430	1.886	1.67512	1.6105	0.120504	107.093	0
9435	1.887	1.67512	1.6105	0.120504	107.403	0
9440	1.888	1.67512	1.6105	0.120505	107.463	0
9445	1.889	1.67512	1.6105	0.120505	107.085	0
9450	1.89	1.67513	1.6105	0.120506	107.053	0
9455	1.891	1.67513	1.6105	0.120506	107.369	0
9460	1.892	1.67513	1.6105	0.120506	107.554	0
9465	1.893	1.67512	1.6105	0.120506	107.359	0
9470	1.894	1.67512	1.6105	0.120506	106.993	0
9475	1.895	1.67512	1.6105	0.120507	107.249	0
9480	1.896	1.67511	1.6105	0.120507	107.526	0
9485	1.897	1.67511	1.6105	0.120507	107.502	0
9490	1.898	1.67511	1.6105	0.120507	107.018	0
9495	1.899	1.67511	1.6105	0.120508	107.114	0
9500	1.9	1.67512	1.6105	0.120508	107.425	0
9505	1.901	1.67512	1.6105	0.120509	107.548	0
9510	1.902	1.67512	1.6105	0.120509	107.258	0
9515	1.903	1.67512	1.6105	0.12051	107.077	0
9520	1.904	1.67512	1.6105	0.120511	107.356	0
9525	1.905	1.67513	1.6105	0.120511	107.588	0
9530	1.906	1.67513	1.6105	0.120512	107.478	0
9535	1.907	1.67512	1.6105	0.120512	106.89	0
9540	1.908	1.67513	1.6105	0.120512	107.088	0
9545	1.909	1.67512	1.6105	0.120512	107.402	0
9550	1.91	1.67512	1.6105	0.120512	107.461	0
9555	1.911	1.67512	1.6105	0.120512	107.083	0
9560	1.912	1.67511	1.6105	0.120513	107.059	0
9565	1.913	1.67511	1.6105	0.120513	107.377	0
9570	1.914	1.67511	1.6105	0.120513	107.561	0
9575	1.915	1.67511	1.6105	0.120514	107.356	0
9580	1.916	1.67512	1.6105	0.120514	106.986	0
9585	1.917	1.67512	1.6105	0.120515	107.242	0
9590	1.918	1.67512	1.6105	0.120515	107.519	0
9595	1.919	1.67512	1.6105	0.120515	107.495	0
9600	1.92	1.67511	1.6105	0.120515	107.012	0
9605	1.921	1.67511	1.6105	0.120516	107.111	0
9610	1.922	1.67511	1.6105	0.120516	107.431	0
9615	1.923	1.67511	1.6105	0.120516	107.551	0
9620	1.924	1.6751	1.6105	0.120516	107.255	0
9625	1.925	1.6751	1.6105	0.120516	107.074	0
9630	1.926	1.67511	1.6105	0.120517	107.366	0
9635	1.927	1.67511	1.6105	0.120517	107.597	0
9640	1.928	1.67511	1.6105	0.120518	107.482	0
9645	1.929	1.67511	1.6105	0.120518	106.894	0
9650	1.93	1.67513	1.6105	0.120519	107.079	0
9655	1.931	1.67513	1.6105	0.12052	107.393	0
9660	1.932	1.67512	1.6105	0.12052	107.451	0
9665	1.933	1.67512	1.6105	0.120521	107.073	0
9670	1.934	1.67512	1.6105	0.120521	107.051	0
9675	1.935	1.67511	1.6105	0.120521	107.369	0
9680	1.936	1.67511	1.6105	0.120521	107.554	0
9685	1.937	1.67511	1.6105	0.120521	107.359	0
9690	1.938	1.67511	1.6105	0.120521	106.992	0
9695	1.939	1.67511	1.6105	0.120521	107.238	0
9700	1.94	1.6751	1.6105	0.120522	107.515	0
9705	1.941	1.6751	1.6105	0.120522	107.491	0
9710	1.942	1.67512	1.6105	0.120522	107.005	0
9715	1.943	1.67511	1.6105	0.120523	107.105	0
9720	1.944	1.67511	1.6105	0.120524	107.425	0
9725	1.945	1.67511	1.6105	0.120524	107.536	0
9730	1.946	1.67511	1.6105	0.120524	107.249	0
9735	1.947	1.6751	1.6105	0.120524	107.068	0
9740	1.948	1.6751	1.6105	0.120524	107.36	0
9745	1.949	1.6751	1.6105	0.120524	107.592	0
9750	1.95	1.67509	1.6105	0.120524	107.481	0
9755	1.951	1.6751	1.6105	0.120525	106.892	0
9760	1.952	1.67511	1.6105	0.120525	107.09	0
9765	1.953	1.6751	1.6105	0.120526	107.403	0
9770	1.954	1.67511	1.6105	0.120526	107.459	0
9775	1.955	1.6751	1.6105	0.120526	107.081	0
9780	1.956	1.6751	1.6105	0.120527	107.048	0
9785	1.957	1.6751	1.6105	0.120528	107.364	0
9790	1.958	1.67512	1.6105	0.120528	107.549	0
9795	1.959	1.67512	1.6105	0.120528	107.354	0
9800	1.96	1.67511	1.6105	0.120528	106.988	0
9805	1.961	1.67511	1.6105	0.120528	107.242	0
9810	1.962	1.67511	1.6105	0.120528	107.52	0
9815	1.963	1.6751	1.6105	0.120529	107.495	0
9820	1.964	1.6751	1.6105	0.120529	107.011	0
9825	1.965	1.6751	1.6105	0.120529	107.097	0
9830	1.966	1.6751	1.6105	0.12053	107.418	0
9835	1.967	1.67509	1.6105	0.12053	107.541	0
9840	1.968	1.67511	1.6105	0.12053	107.254	0
9845	1.969	1.67511	1.6105	0.120531	107.07	0
9850	1.97	1.67511	1.6105	0.120532	107.362	0
9855	1.971	1.67511	1.6105	0.120532	107.581	0
9860	1.972	1.6751	1.6105	0.120532	107.471	0
9865	1.973	1.6751	1.6105	0.120532	106.883	0
9870	1.974	1.6751	1.6105	0.120533	107.081	0
9875	1.975	1.6751	1.6105	0.120533	107.394	0
9880	1.976	1.6751	1.6105	0.120533	107.454	0
9885	1.977	1.67509	1.6105	0.120533	107.076	0
9890	1.978	1.67511	1.6105	0.120533	107.054	0
9895	1.979	1.6751	1.6105	0.120534	107.371	0
9900	1.98	1.6751	1.6105	0.120534	107.555	0
9905	1.981	1.6751	1.6105	0.120534	107.356	0
9910	1.982	1.6751	1.6105	0.120535	106.979	0
9915	1.983	1.6751	1.6105	0.120536	107.235	0
9920	1.984	1.67511	1.6105	0.120536	107.509	0
9925	1.985	1.67511	1.6105	0.120536	107.486	0
9930	1.986	1.67511	1.6105	0.120536	107.002	0
9935	1.987	1.67511	1.6105	0.120536	107.102	0
9940	1.988	1.67511	1.6105	0.120536	107.422	0
9945	1.989	1.6751	1.6105	0.120536	107.545	0
9950	1.99	1.6751	1.6105	0.120537	107.257	0
9955	1.991	1.6751	1.6105	0.120537	107.075	0
9960	1.992	1.6751	1.6105	0.120537	107.355	0
9965	1.993	1.67509	1.6105	0.120538	107.587	0
9970	1.994	1.67509	1.6105	0.120538	107.475	0
9975	1.995	1.67511	1.6105	0.120539	106.883	0
9980	1.996	1.67511	1.6105	0.12054	107.081	0
9985	1.997	1.67511	1.6105	0.120541	107.385	0
9990	1.998	1.67511	1.6105	0.120541	107.443	0
9995	1.999	1.6751	1.6105	0.120541	107.066	0
10000	2	1.6751	1.6105	0.120541	107.044	0
10005	2.001	1.6751	1.6105	0.120541	107.362	0
10010	2.002	1.6751	1.6105	0.120541	107.546	0
10015	2.003	1.67509	1.6105	0.120541	107.351	0
10020	2.004	1.67509	1.6105	0.120542	106.985	0
10025	2.005	1.6751	1.6105	0.120542	107.239	0
10030	2.006	1.6751	1.6105	0.120542	107.516	0
10035	2.007	1.6751	1.6105	0.120542	107.488	0
10040	2.008	1.6751	1.6105	0.120543	106.995	0
10045	2.009	1.6751	1.6105	0.120543	107.095	0
10050	2.01	1.6751	1.6105	0.120544	107.415	0
10055	2.011	1.67511	1.6105	0.120544	107.536	0
10060	2.012	1.67511	1.6105	0.120545	107.248	0
10065	2.013	1.67511	1.6105	0.120545	107.067	0
10070	2.014	1.67511	1.6105	0.120545	107.358	0
10075	2.015	1.6751	1.6105	0.120545	107.59	0
10080	2.016	1.6751	1.6105	0.120545	107.478	0
10085	2.017	1.6751	1.6105	0.120545	106.889	0
10090	2.018	1.6751	1.6105	0.120546	107.077	0
10095	2.019	1.6751	1.6105	0.120546	107.387	0
10100	2.02	1.67509	1.6105	0.120546	107.447	0
10105	2.021	1.67509	1.6105	0.120547	107.069	0
10110	2.022	1.67511	1.6105	0.120547	107.047	0
10115	2.023	1.67511	1.6105	0.120547	107.352	0
10120	2.024	1.67511	1.6105	0.120548	107.537	0
10125	2.025	1.6751	1.6105	0.120548	107.343	0
10130	2.026	1.6751	1.6105	0.120548	106.976	0
10135	2.027	1.6751	1.6105	0.120548	107.232	0
10140	2.028	1.67509	1.6105	0.120548	107.509	0
10145	2.029	1.67509	1.6105	0.120549	107.485	0
10150	2.03	1.67509	1.6105	0.120549	107.001	0
10155	2.031	1.67509	1.6105	0.120549	107.097	0
10160	2.032	1.67509	1.6105	0.12055	107.417	0
10165	2.033	1.6751	1.6105	0.12055	107.54	0
10170	2.034	1.6751	1.6105	0.120551	107.239	0
10175	2.035	1.6751	1.6105	0.120551	107.058	0
10180	2.036	1.6751	1.6105	0.120552	107.35	0
10185	2.037	1.6751	1.6105	0.120552	107.579	0
10190	2.038	1.6751	1.6105	0.120553	107.468	0
10195	2.039	1.6751	1.6105	0.120553	106.88	0
10200	2.04	1.67511	1.6105	0.120553	107.078	0
10205	2.041	1.67511	1.6105	0.120553	107.391	0
10210	2.042	1.6751	1.6105	0.120553	107.441	0
10215	2.043	1.6751	1.6105	0.120553	107.064	0
10220	2.044	1.6751	1.6105	0.120554	107.042	0
10225	2.045	1.6751	1.6105	0.120554	107.359	0
10230	2.046	1.6751	1.6105	0.120554	107.54	0
10235	2.047	1.67509	1.6105	0.120555	107.345	0
10240	2.048	1.6751	1.6105	0.120555	106.978	0
10245	2.049	1.67509	1.6105	0.120556	107.23	0
10250	2.05	1.67511	1.6105	0.120556	107.499	0
10255	2.051	1.67511	1.6105	0.120556	107.475	0
10260	2.052	1.6751	1.6105	0.120556	106.992	0
10265	2.053	1.6751	1.6105	0.120556	107.092	0
10270	2.054	1.6751	1.6105	0.120556	107.412	0
10275	2.055	1.6751	1.6105	0.120557	107.535	0
10280	2.056	1.67509	1.6105	0.120557	107.247	0
10285	2.057	1.67509	1.6105	0.120557	107.066	0
10290	2.058	1.67509	1.6105	0.120558	107.353	0
10295	2.059	1.67509	1.6105	0.120558	107.585	0
10300	2.06	1.67509	1.6105	0.120558	107.473	0
10305	2.061	1.6751	1.6105	0.120559	106.872	0
10310	2.062	1.67511	1.6105	0.12056	107.07	0
10315	2.063	1.6751	1.6105	0.12056	107.383	0
10320	2.064	1.6751	1.6105	0.12056	107.431	0
10325	2.065	1.6751	1.6105	0.120561	107.054	0
10330	2.066	1.6751	1.6105	0.120561	107.032	0
10335	2.067	1.6751	1.6105	0.120561	107.35	0
10340	2.068	1.67509	1.6105	0.120561	107.535	0
10345	2.069	1.67509	1.6105	0.120561	107.34	0
10350	2.07	1.6751	1.6105	0.120561	106.974	0
10355	2.071	1.6751	1.6105	0.120562	107.229	0
10360	2.072	1.6751	1.6105	0.120562	107.506	0
10365	2.073	1.6751	1.6105	0.120562	107.482	0
10370	2.074	1.6751	1.6105	0.120563	106.996	0
10375	2.075	1.6751	1.6105	0.120563	107.095	0
10380	2.076	1.6751	1.6105	0.120563	107.415	0
10385	2.077	1.67509	1.6105	0.120564	107.538	0
10390	2.078	1.67509	1.6105	0.120564	107.249	0
10395	2.079	1.67509	1.6105	0.120564	107.057	0
10400	2.08	1.67508	1.6105	0.120564	107.346	0
10405	2.081	1.6751	1.6105	0.120564	107.578	0
10410	2.082	1.6751	1.6105	0.120564	107.466	0
10415	2.083	1.6751	1.6105	0.120565	106.878	0
10420	2.084	1.6751	1.6105	0.120565	107.075	0
10425	2.085	1.6751	1.6105	0.120566	107.386	0
10430	2.086	1.67509	1.6105	0.120566	107.445	0
10435	2.087	1.6751	1.6105	0.120567	107.056	0
10440	2.088	1.67511	1.6105	0.120567	107.032	0
10445	2.089	1.67511	1.6105	0.120567	107.35	0
10450	2.09	1.67511	1.6105	0.120568	107.535	0
10455	2.091	1.6751	1.6105	0.120568	107.34	0
10460	2.092	1.6751	1.6105	0.120568	106.973	0
10465	2.093	1.6751	1.6105	0.120568	107.228	0
10470	2.094	1.6751	1.6105	0.120568	107.505	0
10475	2.095	1.67509	1.6105	0.120569	107.48	0
10480	2.096	1.6751	1.6105	0.120569	106.997	0
10485	2.097	1.67509	1.6105	0.120569	107.083	0
10490	2.098	1.67511	1.6105	0.12057	107.404	0
10495	2.099	1.67511	1.6105	0.12057	107.527	0
10500	2.1	1.67511	1.6105	0.120571	107.237	0
10505	2.101	1.67511	1.6105	0.120571	107.055	0
10510	2.102	1.67511	1.6105	0.120572	107.337	0
10515	2.103	1.67512	1.6105	0.120572	107.566	0
10520	2.104	1.67512	1.6105	0.120573	107.455	0
10525	2.105	1.67512	1.6105	0.120573	106.867	0
10530	2.106	1.67511	1.6105	0.120573	107.066	0
10535	2.107	1.67511	1.6105	0.120573	107.379	0
10540	2.108	1.67511	1.6105	0.120573	107.439	0
10545	2.109	1.67511	1.6105	0.120573	107.06	0
10550	2.11	1.67511	1.6105	0.120574	107.038	0
10555	2.111	1.6751	1.6105	0.120574	107.355	0
10560	2.112	1.6751	1.6105	0.120574	107.538	0
10565	2.113	1.6751	1.6105	0.120574	107.333	0
10570	2.114	1.6751	1.6105	0.120575	106.966	0
10575	2.115	1.67511	1.6105	0.120575	107.222	0
10580	2.116	1.67511	1.6105	0.120575	107.495	0
10585	2.117	1.67511	1.6105	0.120576	107.471	0
10590	2.118	1.67511	1.6105	0.120576	106.988	0
10595	2.119	1.67511	1.6105	0.120576	107.087	0
10600	2.12	1.6751	1.6105	0.120576	107.407	0
10605	2.121	1.6751	1.6105	0.120576	107.53	0
10610	2.122	1.6751	1.6105	0.120577	107.242	0
10615	2.123	1.6751	1.6105	0.120577	107.06	0
10620	2.124	1.6751	1.6105	0.120577	107.343	0
10625	2.125	1.6751	1.6105	0.120578	107.572	0
10630	2.126	1.67511	1.6105	0.120578	107.46	0
10635	2.127	1.67511	1.6105	0.120579	106.872	0
10640	2.128	1.67511	1.6105	0.120579	107.066	0
10645	2.129	1.67511	1.6105	0.12058	107.369	0
10650	2.13	1.67511	1.6105	0.12058	107.428	0
10655	2.131	1.67511	1.6105	0.120581	107.05	0
10660	2.132	1.67511	1.6105	0.120581	107.028	0
10665	2.133	1.6751	1.6105	0.120581	107.346	0
10670	2.134	1.6751	1.6105	0.120581	107.531	0
10675	2.135	1.6751	1.6105	0.120581	107.336	0
10680	2.136	1.67511	1.6105	0.120581	106.969	0
10685	2.137	1.67511	1.6105	0.120581	107.224	0
10690	2.138	1.67511	1.6105	0.120582	107.501	0
10695	2.139	1.67511	1.6105	0.120582	107.476	0
10700	2.14	1.67511	1.6105	0.120582	106.992	0
10705	2.141	1.6751	1.6105	0.120583	107.078	0
10710	2.142	1.6751	1.6105	0.120583	107.398	0
10715	2.143	1.6751	1.6105	0.120583	107.522	0
10720	2.144	1.6751	1.6105	0.120583	107.234	0
10725	2.145	1.6751	1.6105	0.120583	107.053	0
10730	2.146	1.67509	1.6105	0.120584	107.344	0
10735	2.147	1.67509	1.6105	0.120584	107.575	0
10740	2.148	1.6751	1.6105	0.120584	107.464	0
10745	2.149	1.67511	1.6105	0.120584	106.873	0
10750	2.15	1.6751	1.6105	0.120585	107.07	0
10755	2.151	1.67511	1.6105	0.120585	107.372	0
10760	2.152	1.6751	1.6105	0.120586	107.432	0
10765	2.153	1.6751	1.6105	0.120586	107.051	0
10770	2.154	1.67512	1.6105	0.120587	107.029	0
10775	2.155	1.67511	1.6105	0.120587	107.345	0
10780	2.156	1.67511	1.6105	0.120587	107.53	0
10785	2.157	1.67511	1.6105	0.120587	107.334	0
10790	2.158	1.67511	1.6105	0.120587	106.968	0
10795	2.159	1.67511	1.6105	0.120588	107.222	0
10800	2.16	1.67511	1.6105	0.120588	107.489	0
10805	2.161	1.6751	1.6105	0.120588	107.465	0
10810	2.162	1.6751	1.6105	0.120588	106.982	0
10815	2.163	1.6751	1.6105	0.120589	107.081	0
10820	2.164	1.6751	1.6105	0.120589	107.398	0
10825	2.165	1.67511	1.6105	0.120589	107.522	0
10830	2.166	1.67512	1.6105	0.12059	107.234	0
10835	2.167	1.67511	1.6105	0.120591	107.043	0
10840	2.168	1.67512	1.6105	0.120591	107.331	0
10845	2.169	1.67511	1.6105	0.120591	107.563	0
10850	2.17	1.67511	1.6105	0.120592	107.452	0
10855	2.171	1.67511	1.6105	0.120592	106.864	0
10860	2.172	1.67511	1.6105	0.120592	107.062	0
10865	2.173	1.6751	1.6105	0.120592	107.375	0
10870	2.174	1.67512	1.6105	0.120592	107.434	0
10875	2.175	1.67512	1.6105	0.120592	107.054	0
10880	2.176	1.67511	1.6105	0.120593	107.031	0
10885	2.177	1.67511	1.6105	0.120593	107.349	0
10890	2.178	1.67511	1.6105	0.120593	107.523	0
10895	2.179	1.67511	1.6105	0.120594	107.328	0
10900	2.18	1.67511	1.6105	0.120594	106.959	0
10905	2.181	1.67511	1.6105	0.120595	107.214	0
10910	2.182	1.67512	1.6105	0.120595	107.492	0
10915	2.183	1.67512	1.6105	0.120596	107.467	0
10920	2.184	1.67512	1.6105	0.120596	106.972	0
10925	2.185	1.67512	1.6105	0.120597	107.071	0
10930	2.186	1.67514	1.6105	0.120598	107.388	0
10935	2.187	1.67514	1.6105	0.120598	107.504	0
10940	2.188	1.67514	1.6105	0.120599	107.217	0
10945	2.189	1.67513	1.6105	0.120599	107.036	0
10950	2.19	1.67513	1.6105	0.120599	107.329	0
10955	2.191	1.67513	1.6105	0.120599	107.561	0
10960	2.192	1.67512	1.6105	0.120599	107.45	0
10965	2.193	1.67512	1.6105	0.120599	106.859	0
10970	2.194	1.67512	1.6105	0.120599	107.057	0
10975	2.195	1.67512	1.6105	0.1206	107.37	0
10980	2.196	1.67512	1.6105	0.1206	107.429	0
10985	2.197	1.67512	1.6105	0.1206	107.051	0
10990	2.198	1.67513	1.6105	0.120601	107.025	0
10995	2.199	1.67513	1.6105	0.120601	107.334	0
11000	2.2	1.67513	1.6105	0.120601	107.519	0
11005	2.201	1.67512	1.6105	0.120601	107.324	0
11010	2.202	1.67512	1.6105	0.120601	106.958	0
11015	2.203	1.67512	1.6105	0.120601	107.213	0
11020	2.204	1.67512	1.6105	0.120602	107.49	0
11025	2.205	1.67512	1.6105	0.120602	107.466	0
11030	2.206	1.67512	1.6105	0.120602	106.982	0
11035	2.207	1.67512	1.6105	0.120602	107.078	0
11040	2.208	1.67512	1.6105	0.120603	107.398	0
11045	2.209	1.67511	1.6105	0.120603	107.521	0
11050	2.21	1.67513	1.6105	0.120604	107.233	0
11055	2.211	1.67513	1.6105	0.120604	107.037	0
11060	2.212	1.67513	1.6105	0.120605	107.329	0
11065	2.213	1.67513	1.6105	0.120605	107.561	0
11070	2.214	1.67513	1.6105	0.120606	107.45	0
11075	2.215	1.67512	1.6105	0.120606	106.86	0
11080	2.216	1.67512	1.6105	0.120606	107.057	0
11085	2.217	1.67512	1.6105	0.120606	107.37	0
11090	2.218	1.67512	1.6105	0.120606	107.43	0
11095	2.219	1.67511	1.6105	0.120606	107.051	0
11100	2.22	1.67513	1.6105	0.120606	107.029	0
11105	2.221	1.67513	1.6105	0.120607	107.335	0
11110	2.222	1.67512	1.6105	0.120607	107.52	0
11115	2.223	1.67512	1.6105	0.120607	107.325	0
11120	2.224	1.67512	1.6105	0.120608	106.955	0
11125	2.225	1.67512	1.6105	0.120608	107.21	0
11130	2.226	1.67512	1.6105	0.120608	107.488	0
11135	2.227	1.67512	1.6105	0.120609	107.463	0
11140	2.228	1.67512	1.6105	0.120609	106.98	0
11145	2.229	1.67512	1.6105	0.120609	107.078	0
11150	2.23	1.67511	1.6105	0.120609	107.398	0
11155	2.231	1.67511	1.6105	0.120609	107.519	0
11160	2.232	1.67512	1.6105	0.120609	107.22	0
11165	2.233	1.67512	1.6105	0.120609	107.039	0
11170	2.234	1.67512	1.6105	0.12061	107.331	0
11175	2.235	1.67512	1.6105	0.12061	107.563	0
11180	2.236	1.67512	1.6105	0.120611	107.448	0
11185	2.237	1.67512	1.6105	0.120611	106.859	0
11190	2.238	1.67513	1.6105	0.120612	107.048	0
11195	2.239	1.67514	1.6105	0.120612	107.357	0
11200	2.24	1.67513	1.6105	0.120612	107.418	0
11205	2.241	1.67513	1.6105	0.120613	107.04	0
11210	2.242	1.67513	1.6105	0.120613	107.018	0
11215	2.243	1.67513	1.6105	0.120613	107.336	0
11220	2.244	1.67512	1.6105	0.120613	107.52	0
11225	2.245	1.67512	1.6105	0.120613	107.325	0
11230	2.246	1.67512	1.6105	0.120613	106.958	0
11235	2.247	1.67512	1.6105	0.120613	107.213	0
11240	2.248	1.67512	1.6105	0.120614	107.49	0
11245	2.249	1.67511	1.6105	0.120614	107.463	0
11250	2.25	1.67511	1.6105	0.120614	106.979	0
11255	2.251	1.67513	1.6105	0.120615	107.068	0
11260	2.252	1.67513	1.6105	0.120615	107.389	0
11265	2.253	1.67513	1.6105	0.120615	107.508	0
11270	2.254	1.67513	1.6105	0.120616	107.221	0
11275	2.255	1.67512	1.6105	0.120616	107.039	0
11280	2.256	1.67512	1.6105	0.120616	107.331	0
11285	2.257	1.67512	1.6105	0.120616	107.562	0
11290	2.258	1.67512	1.6105	0.120616	107.45	0
11295	2.259	1.67511	1.6105	0.120616	106.861	0
11300	2.26	1.67511	1.6105	0.120617	107.059	0
11305	2.261	1.67511	1.6105	0.120617	107.371	0
11310	2.262	1.67511	1.6105	0.120617	107.419	0
11315	2.263	1.67512	1.6105	0.120618	107.041	0
11320	2.264	1.67513	1.6105	0.120618	107.019	0
11325	2.265	1.67513	1.6105	0.120618	107.336	0
11330	2.266	1.67512	1.6105	0.120619	107.521	0
11335	2.267	1.67512	1.6105	0.120619	107.325	0
11340	2.268	1.67512	1.6105	0.120619	106.958	0
11345	2.269	1.67512	1.6105	0.120619	107.212	0
11350	2.27	1.67512	1.6105	0.120619	107.486	0
11355	2.271	1.67511	1.6105	0.120619	107.462	0
11360	2.272	1.67511	1.6105	0.12062	106.978	0
11365	2.273	1.67511	1.6105	0.12062	107.066	0
11370	2.274	1.67513	1.6105	0.12062	107.386	0
11375	2.275	1.67513	1.6105	0.120621	107.508	0
11380	2.276	1.67512	1.6105	0.120621	107.22	0
11385	2.277	1.67512	1.6105	0.120622	107.038	0
11390	2.278	1.67512	1.6105	0.120622	107.318	0
11395	2.279	1.67514	1.6105	0.120622	107.55	0
11400	2.28	1.67514	1.6105	0.120623	107.439	0
11405	2.281	1.67513	1.6105	0.120623	106.851	0
11410	2.282	1.67513	1.6105	0.120623	107.049	0
11415	2.283	1.67513	1.6105	0.120623	107.362	0
11420	2.284	1.67513	1.6105	0.120623	107.421	0
11425	2.285	1.67512	1.6105	0.120623	107.043	0
11430	2.286	1.67512	1.6105	0.120624	107.02	0
11435	2.287	1.67512	1.6105	0.120624	107.338	0
11440	2.288	1.67512	1.6105	0.120624	107.519	0
11445	2.289	1.67512	1.6105	0.120624	107.323	0
11450	2.29	1.67512	1.6105	0.120625	106.956	0
11455	2.291	1.67512	1.6105	0.120625	107.2	0
11460	2.292	1.67513	1.6105	0.120626	107.476	0
11465	2.293	1.67513	1.6105	0.120626	107.452	0
11470	2.294	1.67513	1.6105	0.120627	106.969	0
11475	2.295	1.67513	1.6105	0.120628	107.055	0
11480	2.296	1.67513	1.6105	0.120628	107.376	0
11485	2.297	1.67515	1.6105	0.120628	107.497	0
11490	2.298	1.67515	1.6105	0.120629	107.21	0
11495	2.299	1.67514	1.6105	0.120629	107.029	0
11500	2.3	1.67514	1.6105	0.120629	107.321	0
11505	2.301	1.67514	1.6105	0.120629	107.552	0
11510	2.302	1.67514	1.6105	0.120629	107.441	0
11515	2.303	1.67514	1.6105	0.12063	106.852	0
11520	2.304	1.67513	1.6105	0.12063	107.05	0
11525	2.305	1.67513	1.6105	0.12063	107.363	0
11530	2.306	1.67513	1.6105	0.12063	107.413	0
11535	2.307	1.67513	1.6105	0.120631	107.032	0
11540	2.308	1.67513	1.6105	0.120631	107.01	0
11545	2.309	1.67514	1.6105	0.120631	107.328	0
11550	2.31	1.67514	1.6105	0.120632	107.512	0
11555	2.311	1.67514	1.6105	0.120632	107.317	0
11560	2.312	1.67514	1.6105	0.120632	106.95	0
11565	2.313	1.67514	1.6105	0.120632	107.205	0
11570	2.314	1.67513	1.6105	0.120632	107.482	0
11575	2.315	1.67513	1.6105	0.120632	107.454	0
11580	2.316	1.67513	1.6105	0.120633	106.971	0
11585	2.317	1.67513	1.6105	0.120633	107.07	0
11590	2.318	1.67513	1.6105	0.120633	107.38	0
11595	2.319	1.67513	1.6105	0.120634	107.503	0
11600	2.32	1.67512	1.6105	0.120634	107.213	0
11605	2.321	1.67514	1.6105	0.120635	107.031	0
11610	2.322	1.67514	1.6105	0.120635	107.323	0
11615	2.323	1.67514	1.6105	0.120635	107.542	0
11620	2.324	1.67514	1.6105	0.120636	107.431	0
11625	2.325	1.67514	1.6105	0.120636	106.843	0
11630	2.326	1.67513	1.6105	0.120636	107.042	0
11635	2.327	1.67513	1.6105	0.120636	107.355	0
11640	2.328	1.67513	1.6105	0.120636	107.414	0
11645	2.329	1.67513	1.6105	0.120636	107.036	0
11650	2.33	1.67512	1.6105	0.120636	107.014	0
11655	2.331	1.67513	1.6105	0.120637	107.331	0
11660	2.332	1.67512	1.6105	0.120637	107.515	0
11665	2.333	1.67514	1.6105	0.120637	107.319	0
11670	2.334	1.67513	1.6105	0.120638	106.949	0
11675	2.335	1.67514	1.6105	0.120638	107.203	0
11680	2.336	1.67513	1.6105	0.120639	107.472	0
11685	2.337	1.67513	1.6105	0.120639	107.445	0
11690	2.338	1.67513	1.6105	0.12064	106.962	0
11695	2.339	1.67515	1.6105	0.12064	107.061	0
11700	2.34	1.67515	1.6105	0.120641	107.369	0
11705	2.341	1.67515	1.6105	0.120641	107.493	0
11710	2.342	1.67515	1.6105	0.120642	107.206	0
11715	2.343	1.67515	1.6105	0.120642	107.025	0
11720	2.344	1.67514	1.6105	0.120642	107.317	0
11725	2.345	1.67514	1.6105	0.120642	107.548	0
11730	2.346	1.67514	1.6105	0.120642	107.437	0
11735	2.347	1.67514	1.6105	0.120642	106.848	0
11740	2.348	1.67514	1.6105	0.120642	107.043	0
11745	2.349	1.67515	1.6105	0.120643	107.356	0
11750	2.35	1.67515	1.6105	0.120643	107.415	0
11755	2.351	1.67515	1.6105	0.120643	107.037	0
11760	2.352	1.67515	1.6105	0.120644	107.004	0
11765	2.353	1.67514	1.6105	0.120644	107.319	0
11770	2.354	1.67514	1.6105	0.120644	107.504	0
11775	2.355	1.67514	1.6105	0.120644	107.309	0
11780	2.356	1.67514	1.6105	0.120644	106.942	0
11785	2.357	1.67514	1.6105	0.120644	107.197	0
11790	2.358	1.67513	1.6105	0.120645	107.474	0
11795	2.359	1.67513	1.6105	0.120645	107.45	0
11800	2.36	1.67513	1.6105	0.120645	106.966	0
11805	2.361	1.67513	1.6105	0.120645	107.065	0
11810	2.362	1.67514	1.6105	0.120646	107.383	0
11815	2.363	1.67515	1.6105	0.120646	107.505	0
11820	2.364	1.67514	1.6105	0.120646	107.207	0
11825	2.365	1.67514	1.6105	0.120647	107.025	0
11830	2.366	1.67514	1.6105	0.120648	107.315	0
11835	2.367	1.67515	1.6105	0.120648	107.547	0
11840	2.368	1.67514	1.6105	0.120648	107.435	0
11845	2.369	1.67516	1.6105	0.120648	106.847	0
11850	2.37	1.67515	1.6105	0.120648	107.044	0
11855	2.371	1.67515	1.6105	0.120648	107.357	0
11860	2.372	1.67515	1.6105	0.120648	107.416	0
11865	2.373	1.67515	1.6105	0.120649	107.037	0
11870	2.374	1.67514	1.6105	0.120649	107.015	0
11875	2.375	1.67514	1.6105	0.120649	107.318	0
11880	2.376	1.67514	1.6105	0.120649	107.503	0
11885	2.377	1.67514	1.6105	0.12065	107.308	0
11890	2.378	1.67514	1.6105	0.12065	106.941	0
11895	2.379	1.67514	1.6105	0.12065	107.196	0
11900	2.38	1.67514	1.6105	0.120651	107.47	0
11905	2.381	1.67515	1.6105	0.120651	107.446	0
11910	2.382	1.67515	1.6105	0.120652	106.953	0
11915	2.383	1.67515	1.6105	0.120653	107.049	0
11920	2.384	1.67515	1.6105	0.120653	107.37	0
11925	2.385	1.67517	1.6105	0.120653	107.491	0
11930	2.386	1.67516	1.6105	0.120654	107.204	0
11935	2.387	1.67516	1.6105	0.120654	107.023	0
11940	2.388	1.67516	1.6105	0.120654	107.314	0
11945	2.389	1.67516	1.6105	0.120654	107.546	0
11950	2.39	1.67516	1.6105	0.120654	107.434	0
11955	2.391	1.67515	1.6105	0.120654	106.836	0
11960	2.392	1.67515	1.6105	0.120655	107.034	0
11965	2.393	1.67515	1.6105	0.120655	107.347	0
11970	2.394	1.67515	1.6105	0.120655	107.407	0
11975	2.395	1.67515	1.6105	0.120656	107.026	0
11980	2.396	1.67515	1.6105	0.120656	107.004	0
11985	2.397	1.67515	1.6105	0.120656	107.321	0
11990	2.398	1.67515	1.6105	0.120657	107.506	0
11995	2.399	1.67515	1.6105	0.120656	107.31	0
12000	2.4	1.67514	1.6105	0.120657	106.943	0
12005	2.401	1.67516	1.6105	0.120657	107.198	0
12010	2.402	1.67515	1.6105	0.120657	107.474	0
12015	2.403	1.67515	1.6105	0.120657	107.44	0
12020	2.404	1.67515	1.6105	0.120657	106.954	0
12025	2.405	1.67515	1.6105	0.120658	107.053	0
12030	2.406	1.67515	1.6105	0.120658	107.374	0
12035	2.407	1.67515	1.6105	0.120658	107.497	0
12040	2.408	1.67515	1.6105	0.120659	107.209	0
12045	2.409	1.67515	1.6105	0.120659	107.024	0
12050	2.41	1.67516	1.6105	0.12066	107.306	0
12055	2.411	1.67516	1.6105	0.12066	107.538	0
12060	2.412	1.67516	1.6105	0.12066	107.427	0
12065	2.413	1.67516	1.6105	0.12066	106.838	0
12070	2.414	1.67515	1.6105	0.120661	107.036	0
12075	2.415	1.67515	1.6105	0.120661	107.346	0
12080	2.416	1.67515	1.6105	0.120661	107.406	0
12085	2.417	1.67515	1.6105	0.120661	107.028	0
12090	2.418	1.67514	1.6105	0.120661	107.005	0
12095	2.419	1.67515	1.6105	0.120661	107.322	0
12100	2.42	1.67514	1.6105	0.120661	107.506	0
12105	2.421	1.67514	1.6105	0.120662	107.311	0
12110	2.422	1.67514	1.6105	0.120662	106.944	0
12115	2.423	1.67516	1.6105	0.120663	107.186	0
12120	2.424	1.67515	1.6105	0.120663	107.463	0
12125	2.425	1.67516	1.6105	0.120663	107.439	0
12130	2.426	1.67515	1.6105	0.120664	106.953	0
12135	2.427	1.67516	1.6105	0.120665	107.052	0
12140	2.428	1.67517	1.6105	0.120665	107.362	0
12145	2.429	1.67517	1.6105	0.120665	107.484	0
12150	2.43	1.67517	1.6105	0.120666	107.197	0
12155	2.431	1.67516	1.6105	0.120666	107.015	0
12160	2.432	1.67516	1.6105	0.120666	107.307	0
12165	2.433	1.67516	1.6105	0.120666	107.539	0
12170	2.434	1.67516	1.6105	0.120666	107.428	0
12175	2.435	1.67516	1.6105	0.120666	106.839	0
12180	2.436	1.67515	1.6105	0.120667	107.037	0
12185	2.437	1.67515	1.6105	0.120667	107.349	0
12190	2.438	1.67515	1.6105	0.120667	107.408	0
12195	2.439	1.67515	1.6105	0.120667	107.027	0
12200	2.44	1.67516	1.6105	0.120668	106.994	0
12205	2.441	1.67517	1.6105	0.120668	107.312	0
12210	2.442	1.67516	1.6105	0.120668	107.497	0
12215	2.443	1.67516	1.6105	0.120668	107.301	0
12220	2.444	1.67516	1.6105	0.120668	106.935	0
12225	2.445	1.67516	1.6105	0.120668	107.19	0
12230	2.446	1.67515	1.6105	0.120669	107.467	0
12235	2.447	1.67515	1.6105	0.120669	107.442	0
12240	2.448	1.67515	1.6105	0.120669	106.955	0
12245	2.449	1.67515	1.6105	0.120669	107.054	0
12250	2.45	1.67515	1.6105	0.12067	107.374	0
12255	2.451	1.67515	1.6105	0.12067	107.497	0
12260	2.452	1.67515	1.6105	0.12067	107.199	0
12265	2.453	1.67516	1.6105	0.120671	107.015	0
12270	2.454	1.67516	1.6105	0.120671	107.306	0
12275	2.455	1.67516	1.6105	0.120671	107.538	0
12280	2.456	1.67516	1.6105	0.120672	107.426	0
12285	2.457	1.67516	1.6105	0.120672	106.838	0
12290	2.458	1.67516	1.6105	0.120672	107.035	0
12295	2.459	1.67515	1.6105	0.120672	107.348	0
12300	2.46	1.67515	1.6105	0.120672	107.405	0
12305	2.461	1.67515	1.6105	0.120672	107.026	0
12310	2.462	1.67515	1.6105	0.120673	107.004	0
12315	2.463	1.67515	1.6105	0.120673	107.321	0
12320	2.464	1.67515	1.6105	0.120673	107.494	0
12325	2.465	1.67515	1.6105	0.120673	107.299	0
12330	2.466	1.67516	1.6105	0.120674	106.933	0
12335	2.467	1.67516	1.6105	0.120674	107.185	0
12340	2.468	1.67516	1.6105	0.120675	107.462	0
12345	2.469	1.67516	1.6105	0.120675	107.437	0
12350	2.47	1.67516	1.6105	0.120676	106.951	0
12355	2.471	1.67516	1.6105	0.120676	107.04	0
12360	2.472	1.67517	1.6105	0.120677	107.361	0
12365	2.473	1.67517	1.6105	0.120677	107.482	0
12370	2.474	1.67517	1.6105	0.120677	107.195	0
12375	2.475	1.67517	1.6105	0.120677	107.013	0
12380	2.476	1.67517	1.6105	0.120678	107.305	0
12385	2.477	1.67516	1.6105	0.120678	107.537	0
12390	2.478	1.67516	1.6105	0.120678	107.425	0
12395	2.479	1.67516	1.6105	0.120678	106.836	0
12400	2.48	1.67516	1.6105	0.120678	107.034	0
12405	2.481	1.67516	1.6105	0.120678	107.337	0
12410	2.482	1.67516	1.6105	0.120679	107.396	0
12415	2.483	1.67516	1.6105	0.120679	107.016	0
12420	2.484	1.67517	1.6105	0.120679	106.994	0
12425	2.485	1.67517	1.6105	0.120679	107.311	0
12430	2.486	1.67517	1.6105	0.12068	107.496	0
12435	2.487	1.67517	1.6105	0.12068	107.3	0
12440	2.488	1.67516	1.6105	0.12068	106.933	0
12445	2.489	1.67516	1.6105	0.12068	107.188	0
12450	2.49	1.67516	1.6105	0.12068	107.465	0
12455	2.491	1.67516	1.6105	0.12068	107.44	0
12460	2.492	1.67515	1.6105	0.12068	106.956	0
12465	2.493	1.67515	1.6105	0.120681	107.051	0
12470	2.494	1.67516	1.6105	0.120681	107.362	0
12475	2.495	1.67515	1.6105	0.120681	107.485	0
12480	2.496	1.67515	1.6105	0.120682	107.197	0
12485	2.497	1.67517	1.6105	0.120682	107.013	0
12490	2.498	1.67516	1.6105	0.120683	107.304	0
12495	2.499	1.67517	1.6105	0.120683	107.536	0
12500	2.5	1.67517	1.6105	0.120683	107.424	0
12505	2.501	1.67516	1.6105	0.120683	106.835	0
12510	2.502	1.67516	1.6105	0.120684	107.033	0
12515	2.503	1.67516	1.6105	0.120684	107.345	0
12520	2.504	1.67516	1.6105	0.120684	107.395	0
12525	2.505	1.67515	1.6105	0.120684	107.017	0
12530	2.506	1.67515	1.6105	0.120684	106.991	0
12535	2.507	1.67515	1.6105	0.120684	107.309	0
12540	2.508	1.67515	1.6105	0.120684	107.493	0
12545	2.509	1.67515	1.6105	0.120685	107.298	0
12550	2.51	1.67516	1.6105	0.120685	106.931	0
12555	2.511	1.67516	1.6105	0.120685	107.186	0
12560	2.512	1.67516	1.6105	0.120686	107.46	0
12565	2.513	1.67516	1.6105	0.120686	107.426	0
12570	2.514	1.67516	1.6105	0.120687	106.943	0
12575	2.515	1.67518	1.6105	0.120687	107.039	0
12580	2.516	1.67518	1.6105	0.120688	107.36	0
12585	2.517	1.67518	1.6105	0.120688	107.483	0
12590	2.518	1.67517	1.6105	0.120689	107.195	0
12595	2.519	1.67517	1.6105	0.120689	107.013	0
12600	2.52	1.67517	1.6105	0.120689	107.305	0
12605	2.521	1.67517	1.6105	0.120689	107.536	0
12610	2.522	1.67516	1.6105	0.120689	107.424	0
12615	2.523	1.67517	1.6105	0.120689	106.822	0
12620	2.524	1.67516	1.6105	0.120689	107.02	0
12625	2.525	1.67516	1.6105	0.12069	107.333	0
12630	2.526	1.67516	1.6105	0.12069	107.393	0
12635	2.527	1.67516	1.6105	0.12069	107.015	0
12640	2.528	1.67517	1.6105	0.120691	106.99	0
12645	2.529	1.67517	1.6105	0.120691	107.307	0
12650	2.53	1.67517	1.6105	0.120691	107.492	0
12655	2.531	1.67517	1.6105	0.120691	107.296	0
12660	2.532	1.67517	1.6105	0.120691	106.929	0
12665	2.533	1.67516	1.6105	0.120691	107.184	0
12670	2.534	1.67516	1.6105	0.120691	107.461	0
12675	2.535	1.67516	1.6105	0.120691	107.436	0
12680	2.536	1.67516	1.6105	0.120692	106.942	0
12685	2.537	1.67516	1.6105	0.120692	107.041	0
12690	2.538	1.67516	1.6105	0.120692	107.359	0
12695	2.539	1.67516	1.6105	0.120693	107.482	0
12700	2.54	1.67516	1.6105	0.120693	107.194	0
12705	2.541	1.67517	1.6105	0.120693	107.012	0
12710	2.542	1.67517	1.6105	0.120694	107.301	0
12715	2.543	1.67517	1.6105	0.120694	107.523	0
12720	2.544	1.67517	1.6105	0.120695	107.412	0
12725	2.545	1.67517	1.6105	0.120695	106.823	0
12730	2.546	1.67516	1.6105	0.120695	107.021	0
12735	2.547	1.67516	1.6105	0.120695	107.334	0
12740	2.548	1.67516	1.6105	0.120695	107.394	0
12745	2.549	1.67516	1.6105	0.120695	107.015	0
12750	2.55	1.67516	1.6105	0.120695	106.993	0
12755	2.551	1.67516	1.6105	0.120695	107.31	0
12760	2.552	1.67516	1.6105	0.120695	107.494	0
12765	2.553	1.67515	1.6105	0.120696	107.295	0
12770	2.554	1.67517	1.6105	0.120696	106.928	0
12775	2.555	1.67517	1.6105	0.120696	107.183	0
12780	2.556	1.67517	1.6105	0.120697	107.459	0
12785	2.557	1.67517	1.6105	0.120697	107.422	0
12790	2.558	1.67517	1.6105	0.120698	106.939	0
12795	2.559	1.67516	1.6105	0.120698	107.038	0
12800	2.56	1.67518	1.6105	0.120699	107.356	0
12805	2.561	1.67518	1.6105	0.120699	107.479	0
12810	2.562	1.67518	1.6105	0.1207	107.191	0
12815	2.563	1.67517	1.6105	0.1207	107.01	0
12820	2.564	1.67518	1.6105	0.1207	107.301	0
12825	2.565	1.67517	1.6105	0.1207	107.523	0
12830	2.566	1.67517	1.6105	0.1207	107.411	0
12835	2.567	1.67517	1.6105	0.1207	106.823	0
12840	2.568	1.67517	1.6105	0.1207	107.021	0
12845	2.569	1.67517	1.6105	0.1207	107.334	0
12850	2.57	1.67516	1.6105	0.120701	107.39	0
12855	2.571	1.67517	1.6105	0.120701	107.012	0
12860	2.572	1.67516	1.6105	0.120701	106.99	0
12865	2.573	1.67518	1.6105	0.120701	107.307	0
12870	2.574	1.67517	1.6105	0.120702	107.491	0
12875	2.575	1.67517	1.6105	0.120702	107.295	0
12880	2.576	1.67517	1.6105	0.120702	106.928	0
12885	2.577	1.67517	1.6105	0.120702	107.182	0
12890	2.578	1.67517	1.6105	0.120702	107.459	0
12895	2.579	1.67517	1.6105	0.120702	107.434	0
12900	2.58	1.67517	1.6105	0.120702	106.937	0
12905	2.581	1.67516	1.6105	0.120703	107.037	0
12910	2.582	1.67516	1.6105	0.120703	107.357	0
12915	2.583	1.67517	1.6105	0.120703	107.48	0
12920	2.584	1.67516	1.6105	0.120704	107.192	0
12925	2.585	1.67516	1.6105	0.120704	107.007	0
12930	2.586	1.67518	1.6105	0.120705	107.298	0
12935	2.587	1.67518	1.6105	0.120705	107.519	0
12940	2.588	1.67517	1.6105	0.120705	107.408	0
12945	2.589	1.67517	1.6105	0.120705	106.82	0
12950	2.59	1.67517	1.6105	0.120705	107.018	0
12955	2.591	1.67517	1.6105	0.120705	107.331	0
12960	2.592	1.67517	1.6105	0.120705	107.39	0
12965	2.593	1.67517	1.6105	0.120705	107.01	0
12970	2.594	1.67517	1.6105	0.120706	106.987	0
12975	2.595	1.67516	1.6105	0.120706	107.305	0
12980	2.596	1.67516	1.6105	0.120706	107.489	0
12985	2.597	1.67516	1.6105	0.120706	107.293	0
12990	2.598	1.67516	1.6105	0.120707	106.926	0
12995	2.599	1.67516	1.6105	0.120707	107.18	0
13000	2.6	1.67517	1.6105	0.120707	107.454	0
13005	2.601	1.67517	1.6105	0.120708	107.42	0
13010	2.602	1.67517	1.6105	0.120708	106.936	0
13015	2.603	1.67517	1.6105	0.120709	107.033	0
13020	2.604	1.67517	1.6105	0.120709	107.353	0
13025	2.605	1.67519	1.6105	0.120709	107.476	0
13030	2.606	1.67518	1.6105	0.12071	107.188	0
13035	2.607	1.67519	1.6105	0.12071	107.007	0
13040	2.608	1.67518	1.6105	0.12071	107.298	0
13045	2.609	1.67518	1.6105	0.12071	107.529	0
13050	2.61	1.67518	1.6105	0.12071	107.417	0
13055	2.611	1.67518	1.6105	0.12071	106.817	0
13060	2.612	1.67518	1.6105	0.120711	107.013	0
13065	2.613	1.67517	1.6105	0.120711	107.326	0
13070	2.614	1.67517	1.6105	0.120711	107.385	0
13075	2.615	1.67517	1.6105	0.120711	107.007	0
13080	2.616	1.67517	1.6105	0.120712	106.985	0
13085	2.617	1.67517	1.6105	0.120712	107.3	0
13090	2.618	1.67517	1.6105	0.120712	107.484	0
13095	2.619	1.67516	1.6105	0.120712	107.289	0
13100	2.62	1.67516	1.6105	0.120712	106.922	0
13105	2.621	1.67516	1.6105	0.120712	107.176	0
13110	2.622	1.67516	1.6105	0.120712	107.453	0
13115	2.623	1.67516	1.6105	0.120713	107.428	0
13120	2.624	1.67517	1.6105	0.120713	106.944	0
13125	2.625	1.67517	1.6105	0.120713	107.032	0
13130	2.626	1.67517	1.6105	0.120713	107.352	0
13135	2.627	1.67517	1.6105	0.120714	107.475	0
13140	2.628	1.67517	1.6105	0.120714	107.185	0
13145	2.629	1.67517	1.6105	0.120715	107.003	0
13150	2.63	1.67517	1.6105	0.120715	107.294	0
13155	2.631	1.67518	1.6105	0.120715	107.524	0
13160	2.632	1.67518	1.6105	0.120716	107.412	0
13165	2.633	1.67518	1.6105	0.120716	106.823	0
13170	2.634	1.67518	1.6105	0.120716	107.01	0
13175	2.635	1.67518	1.6105	0.120716	107.323	0
13180	2.636	1.67517	1.6105	0.120716	107.383	0
13185	2.637	1.67517	1.6105	0.120716	107.005	0
13190	2.638	1.67517	1.6105	0.120716	106.982	0
13195	2.639	1.67517	1.6105	0.120716	107.3	0
13200	2.64	1.67517	1.6105	0.120716	107.484	0
13205	2.641	1.67517	1.6105	0.120717	107.288	0
13210	2.642	1.67517	1.6105	0.120717	106.921	0
13215	2.643	1.67517	1.6105	0.120717	107.173	0
13220	2.644	1.67517	1.6105	0.120718	107.449	0
13225	2.645	1.67516	1.6105	0.120718	107.425	0
13230	2.646	1.67518	1.6105	0.120719	106.931	0
13235	2.647	1.67518	1.6105	0.120719	107.028	0
13240	2.648	1.67518	1.6105	0.12072	107.348	0
13245	2.649	1.67518	1.6105	0.12072	107.471	0
13250	2.65	1.67518	1.6105	0.12072	107.184	0
13255	2.651	1.67517	1.6105	0.12072	107.002	0
13260	2.652	1.67517	1.6105	0.12072	107.293	0
13265	2.653	1.67517	1.6105	0.12072	107.524	0
13270	2.654	1.67517	1.6105	0.12072	107.412	0
13275	2.655	1.67517	1.6105	0.120721	106.82	0
13280	2.656	1.67517	1.6105	0.120721	107.008	0
13285	2.657	1.67518	1.6105	0.120721	107.322	0
13290	2.658	1.67518	1.6105	0.120721	107.381	0
13295	2.659	1.67518	1.6105	0.120722	107.003	0
13300	2.66	1.67518	1.6105	0.120722	106.981	0
13305	2.661	1.67518	1.6105	0.120722	107.295	0
13310	2.662	1.67518	1.6105	0.120722	107.479	0
13315	2.663	1.67517	1.6105	0.120722	107.284	0
13320	2.664	1.67517	1.6105	0.120722	106.917	0
13325	2.665	1.67517	1.6105	0.120723	107.172	0
13330	2.666	1.67517	1.6105	0.120723	107.448	0
13335	2.667	1.67517	1.6105	0.120723	107.424	0
13340	2.668	1.67517	1.6105	0.120723	106.94	0
13345	2.669	1.67517	1.6105	0.120723	107.038	0
13350	2.67	1.67516	1.6105	0.120724	107.348	0
13355	2.671	1.67516	1.6105	0.120724	107.468	0
13360	2.672	1.67518	1.6105	0.120724	107.181	0
13365	2.673	1.67518	1.6105	0.120725	106.999	0
13370	2.674	1.67518	1.6105	0.120725	107.29	0
13375	2.675	1.67518	1.6105	0.120725	107.519	0
13380	2.676	1.67518	1.6105	0.120726	107.407	0
13385	2.677	1.67517	1.6105	0.120726	106.818	0
13390	2.678	1.67517	1.6105	0.120726	107.016	0
13395	2.679	1.67517	1.6105	0.120726	107.328	0
13400	2.68	1.67517	1.6105	0.120726	107.387	0
13405	2.681	1.67517	1.6105	0.120726	107.008	0
13410	2.682	1.67516	1.6105	0.120726	106.985	0
13415	2.683	1.67516	1.6105	0.120726	107.292	0
13420	2.684	1.67516	1.6105	0.120727	107.476	0
13425	2.685	1.67518	1.6105	0.120727	107.281	0
13430	2.686	1.67518	1.6105	0.120727	106.914	0
13435	2.687	1.67518	1.6105	0.120727	107.167	0
13440	2.688	1.67518	1.6105	0.120728	107.444	0
13445	2.689	1.67518	1.6105	0.120728	107.419	0
13450	2.69	1.67517	1.6105	0.120729	106.935	0
13455	2.691	1.67517	1.6105	0.120729	107.021	0
13460	2.692	1.67519	1.6105	0.12073	107.341	0
13465	2.693	1.67519	1.6105	0.12073	107.465	0
13470	2.694	1.67519	1.6105	0.12073	107.177	0
13475	2.695	1.67519	1.6105	0.12073	106.996	0
13480	2.696	1.67519	1.6105	0.12073	107.287	0
13485	2.697	1.67518	1.6105	0.12073	107.518	0
13490	2.698	1.67518	1.6105	0.12073	107.405	0
13495	2.699	1.67518	1.6105	0.120731	106.816	0
13500	2.7	1.67518	1.6105	0.120731	107.013	0
13505	2.701	1.67518	1.6105	0.120731	107.326	0
13510	2.702	1.67518	1.6105	0.120731	107.385	0
13515	2.703	1.67517	1.6105	0.120732	106.996	0
13520	2.704	1.67517	1.6105	0.120732	106.974	0
13525	2.705	1.67519	1.6105	0.120732	107.288	0
13530	2.706	1.67519	1.6105	0.120732	107.473	0
13535	2.707	1.67519	1.6105	0.120732	107.278	0
13540	2.708	1.67518	1.6105	0.120732	106.911	0
13545	2.709	1.67518	1.6105	0.120733	107.166	0
13550	2.71	1.67518	1.6105	0.120733	107.443	0
13555	2.711	1.67518	1.6105	0.120733	107.418	0
13560	2.712	1.67518	1.6105	0.120733	106.934	0
13565	2.713	1.67517	1.6105	0.120733	107.032	0
13570	2.714	1.67518	1.6105	0.120734	107.352	0
13575	2.715	1.67518	1.6105	0.120734	107.473	0
13580	2.716	1.67517	1.6105	0.120734	107.184	0
13585	2.717	1.67518	1.6105	0.120735	106.992	0
13590	2.718	1.67519	1.6105	0.120735	107.283	0
13595	2.719	1.67519	1.6105	0.120735	107.512	0
13600	2.72	1.67519	1.6105	0.120736	107.4	0
13605	2.721	1.67518	1.6105	0.120736	106.812	0
13610	2.722	1.67518	1.6105	0.120736	107.01	0
13615	2.723	1.67518	1.6105	0.120736	107.322	0
13620	2.724	1.67518	1.6105	0.120736	107.381	0
13625	2.725	1.67518	1.6105	0.120736	107.003	0
13630	2.726	1.67518	1.6105	0.120736	106.98	0
13635	2.727	1.67517	1.6105	0.120736	107.297	0
13640	2.728	1.67517	1.6105	0.120736	107.481	0
13645	2.729	1.67517	1.6105	0.120737	107.284	0
13650	2.73	1.67517	1.6105	0.120737	106.908	0
13655	2.731	1.67517	1.6105	0.120737	107.16	0
13660	2.732	1.67517	1.6105	0.120738	107.437	0
13665	2.733	1.67518	1.6105	0.120738	107.413	0
13670	2.734	1.67519	1.6105	0.120738	106.929	0
13675	2.735	1.67518	1.6105	0.120739	107.025	0
13680	2.736	1.67519	1.6105	0.12074	107.336	0
13685	2.737	1.67518	1.6105	0.12074	107.46	0
13690	2.738	1.67518	1.6105	0.12074	107.172	0
13695	2.739	1.67518	1.6105	0.12074	106.991	0
13700	2.74	1.67518	1.6105	0.12074	107.282	0
13705	2.741	1.67518	1.6105	0.12074	107.514	0
13710	2.742	1.67517	1.6105	0.12074	107.402	0
13715	2.743	1.67517	1.6105	0.12074	106.813	0
13720	2.744	1.67518	1.6105	0.120741	107.007	0
13725	2.745	1.67519	1.6105	0.120741	107.319	0
13730	2.746	1.67519	1.6105	0.120741	107.379	0
13735	2.747	1.67519	1.6105	0.120741	107	0
13740	2.748	1.67519	1.6105	0.120742	106.977	0
13745	2.749	1.67519	1.6105	0.120742	107.294	0
13750	2.75	1.67518	1.6105	0.120742	107.478	0
13755	2.751	1.67518	1.6105	0.120742	107.282	0
13760	2.752	1.67518	1.6105	0.120742	106.915	0
13765	2.753	1.67518	1.6105	0.120742	107.166	0
13770	2.754	1.67518	1.6105	0.120742	107.433	0
13775	2.755	1.67517	1.6105	0.120742	107.409	0
13780	2.756	1.67517	1.6105	0.120743	106.926	0
13785	2.757	1.67517	1.6105	0.120743	107.024	0
13790	2.758	1.67517	1.6105	0.120743	107.344	0
13795	2.759	1.67517	1.6105	0.120743	107.467	0
13800	2.76	1.67518	1.6105	0.120744	107.179	0
13805	2.761	1.67519	1.6105	0.120744	106.994	0
13810	2.762	1.67518	1.6105	0.120745	107.285	0
13815	2.763	1.67519	1.6105	0.120745	107.507	0
13820	2.764	1.67519	1.6105	0.120745	107.395	0
13825	2.765	1.67518	1.6105	0.120745	106.807	0
13830	2.766	1.67518	1.6105	0.120745	107.005	0
13835	2.767	1.67518	1.6105	0.120745	107.317	0
13840	2.768	1.67518	1.6105	0.120745	107.377	0
13845	2.769	1.67518	1.6105	0.120745	106.995	0
13850	2.77	1.67517	1.6105	0.120746	106.973	0
13855	2.771	1.67517	1.6105	0.120746	107.29	0
13860	2.772	1.67517	1.6105	0.120746	107.474	0
13865	2.773	1.67517	1.6105	0.120746	107.278	0
13870	2.774	1.67519	1.6105	0.120746	106.911	0
13875	2.775	1.67518	1.6105	0.120747	107.165	0
13880	2.776	1.67518	1.6105	0.120747	107.439	0
13885	2.777	1.67518	1.6105	0.120747	107.414	0
13890	2.778	1.67518	1.6105	0.120748	106.921	0
13895	2.779	1.67518	1.6105	0.120749	107.02	0
13900	2.78	1.67518	1.6105	0.120749	107.337	0
13905	2.781	1.6752	1.6105	0.120749	107.46	0
13910	2.782	1.6752	1.6105	0.12075	107.172	0
13915	2.783	1.67519	1.6105	0.12075	106.991	0
13920	2.784	1.67519	1.6105	0.12075	107.282	0
13925	2.785	1.67519	1.6105	0.12075	107.513	0
13930	2.786	1.67519	1.6105	0.12075	107.401	0
13935	2.787	1.67519	1.6105	0.12075	106.812	0
13940	2.788	1.67519	1.6105	0.12075	107.009	0
13945	2.789	1.67519	1.6105	0.12075	107.311	0
13950	2.79	1.67518	1.6105	0.120751	107.368	0
13955	2.791	1.67518	1.6105	0.120751	106.99	0
13960	2.792	1.67519	1.6105	0.120751	106.968	0
13965	2.793	1.67518	1.6105	0.120751	107.285	0
13970	2.794	1.67518	1.6105	0.120751	107.469	0
13975	2.795	1.67518	1.6105	0.120751	107.274	0
13980	2.796	1.67518	1.6105	0.120752	106.907	0
13985	2.797	1.67518	1.6105	0.120752	107.161	0
13990	2.798	1.67517	1.6105	0.120752	107.438	0
13995	2.799	1.67517	1.6105	0.120752	107.413	0
14000	2.8	1.67519	1.6105	0.120752	106.929	0
14005	2.801	1.67519	1.6105	0.120752	107.025	0
14010	2.802	1.67519	1.6105	0.120753	107.345	0
14015	2.803	1.67518	1.6105	0.120753	107.467	0
14020	2.804	1.67518	1.6105	0.120753	107.168	0
14025	2.805	1.67519	1.6105	0.120754	106.987	0
14030	2.806	1.67518	1.6105	0.120754	107.275	0
14035	2.807	1.67519	1.6105	0.120754	107.507	0
14040	2.808	1.67518	1.6105	0.120755	107.395	0
14045	2.809	1.67518	1.6105	0.120755	106.807	0
14050	2.81	1.67518	1.6105	0.120755	107.004	0
14055	2.811	1.67518	1.6105	0.120755	107.316	0
14060	2.812	1.67518	1.6105	0.120755	107.375	0
14065	2.813	1.67519	1.6105	0.120755	106.997	0
14070	2.814	1.67519	1.6105	0.120755	106.974	0
14075	2.815	1.67519	1.6105	0.120755	107.291	0
14080	2.816	1.67518	1.6105	0.120755	107.474	0
14085	2.817	1.67518	1.6105	0.120755	107.266	0
14090	2.818	1.67518	1.6105	0.120756	106.899	0
14095	2.819	1.67518	1.6105	0.120756	107.154	0
14100	2.82	1.67518	1.6105	0.120757	107.431	0
14105	2.821	1.67519	1.6105	0.120757	107.407	0
14110	2.822	1.67518	1.6105	0.120757	106.92	0
14115	2.823	1.6752	1.6105	0.120758	107.019	0
14120	2.824	1.6752	1.6105	0.120758	107.331	0
14125	2.825	1.6752	1.6105	0.120758	107.45	0
14130	2.826	1.67519	1.6105	0.120759	107.163	0
14135	2.827	1.67519	1.6105	0.120759	106.982	0
14140	2.828	1.67519	1.6105	0.120759	107.273	0
14145	2.829	1.67519	1.6105	0.120759	107.505	0
14150	2.83	1.67519	1.6105	0.120759	107.393	0
14155	2.831	1.67519	1.6105	0.120759	106.804	0
14160	2.832	1.67519	1.6105	0.120759	107.002	0
14165	2.833	1.67519	1.6105	0.12076	107.314	0
14170	2.834	1.67518	1.6105	0.12076	107.373	0
14175	2.835	1.67518	1.6105	0.12076	106.995	0
14180	2.836	1.6752	1.6105	0.12076	106.97	0
14185	2.837	1.6752	1.6105	0.12076	107.287	0
14190	2.838	1.6752	1.6105	0.120761	107.471	0
14195	2.839	1.67519	1.6105	0.120761	107.275	0
14200	2.84	1.67519	1.6105	0.120761	106.907	0
14205	2.841	1.67519	1.6105	0.120761	107.151	0
14210	2.842	1.67519	1.6105	0.120761	107.428	0
14215	2.843	1.67519	1.6105	0.120761	107.404	0
14220	2.844	1.67519	1.6105	0.120761	106.92	0
14225	2.845	1.67519	1.6105	0.120762	107.019	0
14230	2.846	1.67519	1.6105	0.120762	107.339	0
14235	2.847	1.67518	1.6105	0.120762	107.458	0
14240	2.848	1.67518	1.6105	0.120762	107.17	0
14245	2.849	1.67519	1.6105	0.120763	106.988	0
14250	2.85	1.6752	1.6105	0.120763	107.279	0
14255	2.851	1.6752	1.6105	0.120763	107.501	0
14260	2.852	1.67519	1.6105	0.120764	107.389	0
14265	2.853	1.6752	1.6105	0.120764	106.798	0
14270	2.854	1.6752	1.6105	0.120764	106.996	0
14275	2.855	1.67519	1.6105	0.120764	107.309	0
14280	2.856	1.67519	1.6105	0.120764	107.368	0
14285	2.857	1.67519	1.6105	0.120764	106.99	0
14290	2.858	1.67519	1.6105	0.120764	106.967	0
14295	2.859	1.67519	1.6105	0.120764	107.284	0
14300	2.86	1.67518	1.6105	0.120764	107.468	0
14305	2.861	1.67518	1.6105	0.120765	107.272	0
14310	2.862	1.67518	1.6105	0.120765	106.905	0
14315	2.863	1.67518	1.6105	0.120765	107.159	0
14320	2.864	1.67518	1.6105	0.120766	107.432	0
14325	2.865	1.67518	1.6105	0.120766	107.408	0
14330	2.866	1.6752	1.6105	0.120766	106.914	0
14335	2.867	1.6752	1.6105	0.120767	107.013	0
14340	2.868	1.6752	1.6105	0.120767	107.33	0
14345	2.869	1.6752	1.6105	0.120767	107.454	0
14350	2.87	1.6752	1.6105	0.120768	107.166	0
14355	2.871	1.67519	1.6105	0.120768	106.984	0
14360	2.872	1.67519	1.6105	0.120768	107.275	0
14365	2.873	1.67519	1.6105	0.120768	107.506	0
14370	2.874	1.67519	1.6105	0.120768	107.394	0
14375	2.875	1.67519	1.6105	0.120768	106.805	0
14380	2.876	1.67518	1.6105	0.120768	107.002	0
14385	2.877	1.67519	1.6105	0.120769	107.314	0
14390	2.878	1.6752	1.6105	0.120769	107.37	0
14395	2.879	1.6752	1.6105	0.120769	106.982	0
14400	2.88	1.6752	1.6105	0.120769	106.96	0
14405	2.881	1.6752	1.6105	0.120769	107.278	0
14410	2.882	1.6752	1.6105	0.12077	107.462	0
14415	2.883	1.6752	1.6105	0.12077	107.266	0
14420	2.884	1.67519	1.6105	0.12077	106.899	0
14425	2.885	1.67519	1.6105	0.12077	107.154	0
14430	2.886	1.67519	1.6105	0.12077	107.43	0
14435	2.887	1.67519	1.6105	0.12077	107.406	0
14440	2.888	1.67519	1.6105	0.12077	106.922	0
14445	2.889	1.67519	1.6105	0.12077	107.017	0
14450	2.89	1.67518	1.6105	0.120771	107.337	0
14455	2.891	1.67519	1.6105	0.120771	107.459	0
14460	2.892	1.67518	1.6105	0.120771	107.171	0
14465	2.893	1.6752	1.6105	0.120772	106.978	0
14470	2.894	1.6752	1.6105	0.120772	107.268	0
14475	2.895	1.6752	1.6105	0.120772	107.499	0
14480	2.896	1.6752	1.6105	0.120773	107.388	0
14485	2.897	1.67519	1.6105	0.120773	106.799	0
14490	2.898	1.67519	1.6105	0.120773	106.996	0
14495	2.899	1.67519	1.6105	0.120773	107.309	0
14500	2.9	1.67519	1.6105	0.120773	107.368	0
14505	2.901	1.67519	1.6105	0.120773	106.989	0
14510	2.902	1.67519	1.6105	0.120773	106.966	0
14515	2.903	1.67519	1.6105	0.120773	107.283	0
14520	2.904	1.67519	1.6105	0.120773	107.467	0
14525	2.905	1.67519	1.6105	0.120773	107.271	0
14530	2.906	1.67518	1.6105	0.120774	106.901	0
14535	2.907	1.67518	1.6105	0.120774	107.155	0
14540	2.908	1.6752	1.6105	0.120774	107.421	0
14545	2.909	1.6752	1.6105	0.120775	107.397	0
14550	2.91	1.6752	1.6105	0.120775	106.913	0
14555	2.911	1.6752	1.6105	0.120776	107.01	0
14560	2.912	1.6752	1.6105	0.120776	107.33	0
14565	2.913	1.6752	1.6105	0.120776	107.453	0
14570	2.914	1.6752	1.6105	0.120777	107.165	0
14575	2.915	1.6752	1.6105	0.120777	106.983	0
14580	2.916	1.67519	1.6105	0.120777	107.274	0
14585	2.917	1.67519	1.6105	0.120777	107.505	0
14590	2.918	1.67519	1.6105	0.120777	107.393	0
14595	2.919	1.67519	1.6105	0.120777	106.794	0
14600	2.92	1.6752	1.6105	0.120777	106.988	0
14605	2.921	1.6752	1.6105	0.120777	107.301	0
14610	2.922	1.6752	1.6105	0.120778	107.361	0
14615	2.923	1.6752	1.6105	0.120778	106.982	0
14620	2.924	1.6752	1.6105	0.120778	106.96	0
14625	2.925	1.6752	1.6105	0.120778	107.277	0
14630	2.926	1.6752	1.6105	0.120778	107.461	0
14635	2.927	1.6752	1.6105	0.120778	107.265	0
14640	2.928	1.67519	1.6105	0.120779	106.898	0
14645	2.929	1.67519	1.6105	0.120779	107.153	0
14650	2.93	1.67519	1.6105	0.120779	107.429	0
14655	2.931	1.67519	1.6105	0.120779	107.401	0
14660	2.932	1.67519	1.6105	0.120779	106.917	0
14665	2.933	1.67519	1.6105	0.120779	107.016	0
14670	2.934	1.67519	1.6105	0.12078	107.327	0
14675	2.935	1.67519	1.6105	0.12078	107.45	0
14680	2.936	1.6752	1.6105	0.12078	107.162	0
14685	2.937	1.6752	1.6105	0.120781	106.976	0
14690	2.938	1.6752	1.6105	0.120781	107.267	0
14695	2.939	1.6752	1.6105	0.120781	107.499	0
14700	2.94	1.6752	1.6105	0.120782	107.387	0
14705	2.941	1.6752	1.6105	0.120782	106.787	0
14710	2.942	1.67522	1.6105	0.120783	106.985	0
14715	2.943	1.67522	1.6105	0.120784	107.294	0
14720	2.944	1.67522	1.6105	0.120784	107.354	0
14725	2.945	1.67522	1.6105	0.120785	106.967	0
14730	2.946	1.67523	1.6105	0.120786	106.943	0
14735	2.947	1.67524	1.6105	0.120786	107.261	0
14740	2.948	1.67524	1.6105	0.120787	107.443	0
14745	2.949	1.67524	1.6105	0.120788	107.239	0
14750	2.95	1.67525	1.6105	0.120789	106.874	0
14755	2.951	1.67526	1.6105	0.120789	107.127	0
14760	2.952	1.67525	1.6105	0.12079	107.395	0
14765	2.953	1.67526	1.6105	0.12079	107.371	0
14770	2.954	1.67525	1.6105	0.120791	106.889	0
14775	2.955	1.67525	1.6105	0.120791	106.989	0
14780	2.956	1.67525	1.6105	0.120791	107.31	0
14785	2.957	1.67525	1.6105	0.120791	107.435	0
14790	2.958	1.67524	1.6105	0.120791	107.148	0
14795	2.959	1.67524	1.6105	0.120791	106.966	0
14800	2.96	1.67524	1.6105	0.120791	107.258	0
14805	2.961	1.67524	1.6105	0.120791	107.49	0
14810	2.962	1.67525	1.6105	0.120791	107.379	0
14815	2.963	1.67525	1.6105	0.120791	106.79	0
14820	2.964	1.67525	1.6105	0.120792	106.988	0
14825	2.965	1.67525	1.6105	0.120792	107.3	0
14830	2.966	1.67525	1.6105	0.120792	107.357	0
14835	2.967	1.67524	1.6105	0.120792	106.978	0
14840	2.968	1.67524	1.6105	0.120792	106.956	0
14845	2.969	1.67524	1.6105	0.120792	107.273	0
14850	2.97	1.67524	1.6105	0.120792	107.457	0
14855	2.971	1.67524	1.6105	0.120792	107.264	0
14860	2.972	1.67523	1.6105	0.120792	106.894	0
14865	2.973	1.67523	1.6105	0.120792	107.148	0
14870	2.974	1.67523	1.6105	0.120792	107.424	0
14875	2.975	1.67523	1.6105	0.120792	107.399	0
14880	2.976	1.67523	1.6105	0.120793	106.915	0
14885	2.977	1.67523	1.6105	0.120793	107.003	0
14890	2.978	1.67523	1.6105	0.120793	107.323	0
14895	2.979	1.67522	1.6105	0.120793	107.446	0
14900	2.98	1.67522	1.6105	0.120794	107.158	0
14905	2.981	1.67522	1.6105	0.120794	106.976	0
14910	2.982	1.67522	1.6105	0.120794	107.267	0
14915	2.983	1.67522	1.6105	0.120794	107.498	0
14920	2.984	1.67522	1.6105	0.120794	107.383	0
14925	2.985	1.67521	1.6105	0.120794	106.794	0
14930	2.986	1.67523	1.6105	0.120794	106.991	0
14935	2.987	1.67523	1.6105	0.120794	107.303	0
14940	2.988	1.67523	1.6105	0.120795	107.362	0
14945	2.989	1.67522	1.6105	0.120795	106.983	0
14950	2.99	1.67522	1.6105	0.120795	106.96	0
14955	2.991	1.67523	1.6105	0.120795	107.275	0
14960	2.992	1.67522	1.6105	0.120795	107.459	0
14965	2.993	1.67522	1.6105	0.120795	107.262	0
14970	2.994	1.67522	1.6105	0.120795	106.895	0
14975	2.995	1.67522	1.6105	0.120796	107.14	0
14980	2.996	1.67522	1.6105	0.120796	107.417	0
14985	2.997	1.67522	1.6105	0.120796	107.392	0
14990	2.998	1.67521	1.6105	0.120796	106.908	0
14995	2.999	1.67521	1.6105	0.120796	107.007	0
15000	3	1.67521	1.6105	0.120796	107.326	0
15005	3.001	1.67521	1.6105	0.120797	107.449	0
15010	3.002	1.67523	1.6105	0.120797	107.161	0
15015	3.003	1.67522	1.6105	0.120797	106.975	0
15020	3.004	1.67523	1.6105	0.120798	107.266	0
15025	3.005	1.67522	1.6105	0.120798	107.488	0
15030	3.006	1.67522	1.6105	0.120799	107.373	0
15035	3.007	1.67522	1.6105	0.120799	106.784	0
15040	3.008	1.67524	1.6105	0.1208	106.982	0
15045	3.009	1.67524	1.6105	0.120801	107.293	0
15050	3.01	1.67524	1.6105	0.120801	107.343	0
15055	3.011	1.67524	1.6105	0.120802	106.966	0
15060	3.012	1.67526	1.6105	0.120802	106.94	0
15065	3.013	1.67526	1.6105	0.120803	107.258	0
15070	3.014	1.67526	1.6105	0.120804	107.432	0
15075	3.015	1.67526	1.6105	0.120804	107.237	0
15080	3.016	1.67527	1.6105	0.120805	106.872	0
15085	3.017	1.67528	1.6105	0.120806	107.124	0
15090	3.018	1.67527	1.6105	0.120807	107.392	0
15095	3.019	1.67528	1.6105	0.120807	107.367	0
15100	3.02	1.67527	1.6105	0.120808	106.885	0
15105	3.021	1.67527	1.6105	0.120808	106.985	0
15110	3.022	1.67527	1.6105	0.120808	107.306	0
15115	3.023	1.67527	1.6105	0.120807	107.43	0
15120	3.024	1.67526	1.6105	0.120807	107.143	0
15125	3.025	1.67526	1.6105	0.120807	106.961	0
15130	3.026	1.67526	1.6105	0.120808	107.253	0
15135	3.027	1.67526	1.6105	0.120808	107.485	0
15140	3.028	1.67525	1.6105	0.120808	107.373	0
15145	3.029	1.67525	1.6105	0.120808	106.785	0
15150	3.03	1.67527	1.6105	0.120808	106.982	0
15155	3.031	1.67527	1.6105	0.120808	107.295	0
15160	3.032	1.67527	1.6105	0.120809	107.354	0
15165	3.033	1.67526	1.6105	0.120809	106.963	0
15170	3.034	1.67526	1.6105	0.120809	106.941	0
15175	3.035	1.67526	1.6105	0.12081	107.259	0
15180	3.036	1.67526	1.6105	0.12081	107.443	0
15185	3.037	1.67526	1.6105	0.12081	107.248	0
15190	3.038	1.67526	1.6105	0.120811	106.879	0
15195	3.039	1.67528	1.6105	0.120811	107.133	0
15200	3.04	1.67528	1.6105	0.120812	107.401	0
15205	3.041	1.67528	1.6105	0.120812	107.374	0
15210	3.042	1.67527	1.6105	0.120813	106.892	0
15215	3.043	1.67527	1.6105	0.120813	106.991	0
15220	3.044	1.67529	1.6105	0.120814	107.31	0
15225	3.045	1.67529	1.6105	0.120814	107.422	0
15230	3.046	1.67529	1.6105	0.120815	107.135	0
15235	3.047	1.67529	1.6105	0.120816	106.952	0
15240	3.048	1.67531	1.6105	0.120817	107.245	0
15245	3.049	1.6753	1.6105	0.120817	107.464	0
15250	3.05	1.67531	1.6105	0.120818	107.353	0
15255	3.051	1.67531	1.6105	0.120819	106.763	0
15260	3.052	1.67533	1.6105	0.12082	106.954	0
15265	3.053	1.67532	1.6105	0.120821	107.266	0
15270	3.054	1.67532	1.6105	0.120822	107.327	0
15275	3.055	1.67534	1.6105	0.120822	106.937	0
15280	3.056	1.67534	1.6105	0.120823	106.917	0
15285	3.057	1.67534	1.6105	0.120824	107.233	0
15290	3.058	1.67536	1.6105	0.120825	107.411	0
15295	3.059	1.67536	1.6105	0.120826	107.215	0
15300	3.06	1.67536	1.6105	0.120827	106.847	0
15305	3.061	1.67538	1.6105	0.120828	107.094	0
15310	3.062	1.67537	1.6105	0.120829	107.372	0
15315	3.063	1.67537	1.6105	0.120829	107.35	0
15320	3.064	1.67537	1.6105	0.12083	106.869	0
15325	3.065	1.67537	1.6105	0.12083	106.97	0
15330	3.066	1.67536	1.6105	0.12083	107.291	0
15335	3.067	1.67536	1.6105	0.12083	107.416	0
15340	3.068	1.67536	1.6105	0.120829	107.129	0
15345	3.069	1.67535	1.6105	0.12083	106.948	0
15350	3.07	1.67535	1.6105	0.12083	107.241	0
15355	3.071	1.67535	1.6105	0.12083	107.473	0
15360	3.072	1.67535	1.6105	0.12083	107.361	0
15365	3.073	1.67534	1.6105	0.12083	106.773	0
15370	3.074	1.67534	1.6105	0.12083	106.971	0
15375	3.075	1.67534	1.6105	0.12083	107.272	0
15380	3.076	1.67533	1.6105	0.12083	107.333	0
15385	3.077	1.67535	1.6105	0.12083	106.953	0
15390	3.078	1.67535	1.6105	0.120831	106.931	0
15395	3.079	1.67535	1.6105	0.120831	107.249	0
15400	3.08	1.67534	1.6105	0.120831	107.434	0
15405	3.081	1.67534	1.6105	0.120831	107.239	0
15410	3.082	1.67534	1.6105	0.120832	106.872	0
15415	3.083	1.67534	1.6105	0.120832	107.124	0
15420	3.084	1.67533	1.6105	0.120832	107.401	0
15425	3.085	1.67534	1.6105	0.120833	107.367	0
15430	3.086	1.67535	1.6105	0.120833	106.884	0
15435	3.087	1.67535	1.6105	0.120834	106.981	0
15440	3.088	1.67535	1.6105	0.120834	107.301	0
15445	3.089	1.67535	1.6105	0.120835	107.425	0
15450	3.09	1.67535	1.6105	0.120835	107.134	0
15455	3.091	1.67534	1.6105	0.120836	106.944	0
15460	3.092	1.67536	1.6105	0.120836	107.236	0
15465	3.093	1.67536	1.6105	0.120837	107.465	0
15470	3.094	1.67536	1.6105	0.120838	107.354	0
15475	3.095	1.67536	1.6105	0.120838	106.757	0
15480	3.096	1.67537	1.6105	0.120839	106.952	0
15485	3.097	1.67537	1.6105	0.12084	107.266	0
15490	3.098	1.67537	1.6105	0.120841	107.325	0
15495	3.099	1.67537	1.6105	0.120841	106.938	0
15500	3.1	1.67539	1.6105	0.120842	106.913	0
15505	3.101	1.67539	1.6105	0.120843	107.232	0
15510	3.102	1.67539	1.6105	0.120844	107.407	0
15515	3.103	1.6754	1.6105	0.120844	107.213	0
15520	3.104	1.6754	1.6105	0.120845	106.845	0
15525	3.105	1.6754	1.6105	0.120846	107.092	0
15530	3.106	1.6754	1.6105	0.120847	107.368	0
15535	3.107	1.67542	1.6105	0.120847	107.346	0
15540	3.108	1.67541	1.6105	0.120848	106.865	0
15545	3.109	1.67541	1.6105	0.120848	106.965	0
15550	3.11	1.6754	1.6105	0.120848	107.287	0
15555	3.111	1.6754	1.6105	0.120848	107.411	0
15560	3.112	1.6754	1.6105	0.120847	107.124	0
15565	3.113	1.67539	1.6105	0.120847	106.943	0
15570	3.114	1.67539	1.6105	0.120848	107.235	0
15575	3.115	1.67539	1.6105	0.120848	107.467	0
15580	3.116	1.67538	1.6105	0.120848	107.356	0
15585	3.117	1.67538	1.6105	0.120848	106.767	0
15590	3.118	1.67538	1.6105	0.120848	106.965	0
15595	3.119	1.67538	1.6105	0.120848	107.278	0
15600	3.12	1.67538	1.6105	0.120848	107.337	0
15605	3.121	1.67537	1.6105	0.120848	106.958	0
15610	3.122	1.67537	1.6105	0.120849	106.933	0
15615	3.123	1.67537	1.6105	0.120849	107.241	0
15620	3.124	1.67537	1.6105	0.120849	107.425	0
15625	3.125	1.67537	1.6105	0.120849	107.23	0
15630	3.126	1.67536	1.6105	0.12085	106.864	0
15635	3.127	1.67538	1.6105	0.12085	107.119	0
15640	3.128	1.67538	1.6105	0.12085	107.394	0
15645	3.129	1.67537	1.6105	0.12085	107.369	0
15650	3.13	1.67537	1.6105	0.120851	106.886	0
15655	3.131	1.67537	1.6105	0.120851	106.984	0
15660	3.132	1.67536	1.6105	0.120851	107.304	0
15665	3.133	1.67536	1.6105	0.120851	107.427	0
15670	3.134	1.67536	1.6105	0.12085	107.139	0
15675	3.135	1.67536	1.6105	0.120851	106.956	0
15680	3.136	1.67535	1.6105	0.120851	107.247	0
15685	3.137	1.67535	1.6105	0.120851	107.478	0
15690	3.138	1.67535	1.6105	0.120851	107.366	0
15695	3.139	1.67534	1.6105	0.120851	106.776	0
15700	3.14	1.67535	1.6105	0.120851	106.973	0
15705	3.141	1.67534	1.6105	0.120852	107.275	0
15710	3.142	1.67534	1.6105	0.120852	107.334	0
15715	3.143	1.67534	1.6105	0.120852	106.953	0
15720	3.144	1.67534	1.6105	0.120852	106.93	0
15725	3.145	1.67534	1.6105	0.120853	107.248	0
15730	3.146	1.67535	1.6105	0.120853	107.432	0
15735	3.147	1.67535	1.6105	0.120853	107.236	0
15740	3.148	1.67535	1.6105	0.120854	106.867	0
15745	3.149	1.67535	1.6105	0.120854	107.111	0
15750	3.15	1.67534	1.6105	0.120855	107.389	0
15755	3.151	1.67534	1.6105	0.120855	107.364	0
15760	3.152	1.67534	1.6105	0.120855	106.881	0
15765	3.153	1.67534	1.6105	0.120855	106.98	0
15770	3.154	1.67534	1.6105	0.120855	107.3	0
15775	3.155	1.67533	1.6105	0.120855	107.423	0
15780	3.156	1.67533	1.6105	0.120855	107.135	0
15785	3.157	1.67532	1.6105	0.120855	106.953	0
15790	3.158	1.67533	1.6105	0.120855	107.244	0
15795	3.159	1.67532	1.6105	0.120855	107.475	0
15800	3.16	1.67532	1.6105	0.120855	107.362	0
15805	3.161	1.67532	1.6105	0.120855	106.773	0
15810	3.162	1.67532	1.6105	0.120855	106.967	0
15815	3.163	1.67533	1.6105	0.120856	107.28	0
15820	3.164	1.67533	1.6105	0.120856	107.338	0
15825	3.165	1.67533	1.6105	0.120856	106.959	0
15830	3.166	1.67533	1.6105	0.120856	106.936	0
15835	3.167	1.67532	1.6105	0.120857	107.244	0
15840	3.168	1.67532	1.6105	0.120857	107.425	0
15845	3.169	1.67533	1.6105	0.120857	107.23	0
15850	3.17	1.67532	1.6105	0.120858	106.863	0
15855	3.171	1.67532	1.6105	0.120858	107.118	0
15860	3.172	1.67534	1.6105	0.120859	107.394	0
15865	3.173	1.67533	1.6105	0.120859	107.367	0
15870	3.174	1.67533	1.6105	0.120859	106.883	0
15875	3.175	1.67533	1.6105	0.120859	106.982	0
15880	3.176	1.67533	1.6105	0.120859	107.302	0
15885	3.177	1.67532	1.6105	0.120859	107.424	0
15890	3.178	1.67532	1.6105	0.120859	107.136	0
15895	3.179	1.67532	1.6105	0.120859	106.954	0
15900	3.18	1.67532	1.6105	0.120859	107.244	0
15905	3.181	1.67532	1.6105	0.120859	107.475	0
15910	3.182	1.67531	1.6105	0.120859	107.363	0
15915	3.183	1.67531	1.6105	0.120859	106.773	0
15920	3.184	1.67531	1.6105	0.12086	106.961	0
15925	3.185	1.67531	1.6105	0.12086	107.273	0
15930	3.186	1.67531	1.6105	0.12086	107.333	0
15935	3.187	1.67531	1.6105	0.12086	106.95	0
15940	3.188	1.6753	1.6105	0.120861	106.928	0
15945	3.189	1.67531	1.6105	0.120861	107.245	0
15950	3.19	1.6753	1.6105	0.120861	107.429	0
15955	3.191	1.67532	1.6105	0.120862	107.233	0
15960	3.192	1.67532	1.6105	0.120862	106.864	0
15965	3.193	1.67532	1.6105	0.120862	107.109	0
15970	3.194	1.67531	1.6105	0.120863	107.387	0
15975	3.195	1.67532	1.6105	0.120863	107.362	0
15980	3.196	1.67531	1.6105	0.120863	106.879	0
15985	3.197	1.67531	1.6105	0.120863	106.978	0
15990	3.198	1.67531	1.6105	0.120863	107.298	0
15995	3.199	1.67531	1.6105	0.120863	107.42	0
16000	3.2	1.67531	1.6105	0.120863	107.132	0
16005	3.201	1.6753	1.6105	0.120863	106.95	0
16010	3.202	1.6753	1.6105	0.120863	107.241	0
16015	3.203	1.6753	1.6105	0.120863	107.472	0
16020	3.204	1.6753	1.6105	0.120863	107.36	0
16025	3.205	1.67529	1.6105	0.120864	106.767	0
16030	3.206	1.67529	1.6105	0.120864	106.964	0
16035	3.207	1.67529	1.6105	0.120864	107.276	0
16040	3.208	1.67531	1.6105	0.120864	107.335	0
16045	3.209	1.67531	1.6105	0.120864	106.956	0
16050	3.21	1.6753	1.6105	0.120865	106.925	0
16055	3.211	1.6753	1.6105	0.120865	107.242	0
16060	3.212	1.67531	1.6105	0.120865	107.423	0
16065	3.213	1.6753	1.6105	0.120866	107.228	0
16070	3.214	1.6753	1.6105	0.120866	106.861	0
16075	3.215	1.6753	1.6105	0.120866	107.115	0
16080	3.216	1.67531	1.6105	0.120867	107.392	0
16085	3.217	1.67531	1.6105	0.120867	107.364	0
16090	3.218	1.67531	1.6105	0.120867	106.88	0
16095	3.219	1.67531	1.6105	0.120867	106.979	0
16100	3.22	1.67531	1.6105	0.120867	107.298	0
16105	3.221	1.6753	1.6105	0.120867	107.421	0
16110	3.222	1.6753	1.6105	0.120867	107.133	0
16115	3.223	1.6753	1.6105	0.120867	106.95	0
16120	3.224	1.6753	1.6105	0.120867	107.241	0
16125	3.225	1.6753	1.6105	0.120867	107.472	0
16130	3.226	1.67529	1.6105	0.120867	107.36	0
16135	3.227	1.67529	1.6105	0.120868	106.761	0
16140	3.228	1.67529	1.6105	0.120868	106.958	0
16145	3.229	1.67529	1.6105	0.120868	107.271	0
16150	3.23	1.67529	1.6105	0.120868	107.33	0
16155	3.231	1.67529	1.6105	0.120868	106.951	0
16160	3.232	1.67529	1.6105	0.120869	106.927	0
16165	3.233	1.67529	1.6105	0.120869	107.244	0
16170	3.234	1.67529	1.6105	0.120869	107.428	0
16175	3.235	1.6753	1.6105	0.12087	107.232	0
16180	3.236	1.6753	1.6105	0.12087	106.854	0
16185	3.237	1.6753	1.6105	0.120871	107.106	0
16190	3.238	1.6753	1.6105	0.120871	107.384	0
16195	3.239	1.6753	1.6105	0.120871	107.359	0
16200	3.24	1.6753	1.6105	0.120871	106.876	0
16205	3.241	1.6753	1.6105	0.120871	106.975	0
16210	3.242	1.6753	1.6105	0.120871	107.295	0
16215	3.243	1.67529	1.6105	0.120871	107.417	0
16220	3.244	1.67529	1.6105	0.120871	107.129	0
16225	3.245	1.67529	1.6105	0.120871	106.947	0
16230	3.246	1.67529	1.6105	0.120871	107.238	0
16235	3.247	1.67529	1.6105	0.120871	107.469	0
16240	3.248	1.67528	1.6105	0.120871	107.357	0
16245	3.249	1.67528	1.6105	0.120872	106.767	0
16250	3.25	1.67528	1.6105	0.120872	106.964	0
16255	3.251	1.67528	1.6105	0.120872	107.274	0
16260	3.252	1.67528	1.6105	0.120872	107.333	0
16265	3.253	1.67528	1.6105	0.120872	106.954	0
16270	3.254	1.67529	1.6105	0.120873	106.921	0
16275	3.255	1.67529	1.6105	0.120873	107.238	0
16280	3.256	1.67529	1.6105	0.120873	107.422	0
16285	3.257	1.67529	1.6105	0.120874	107.224	0
16290	3.258	1.67529	1.6105	0.120874	106.857	0
16295	3.259	1.67529	1.6105	0.120874	107.112	0
16300	3.26	1.67529	1.6105	0.120875	107.388	0
16305	3.261	1.67529	1.6105	0.120875	107.362	0
16310	3.262	1.67529	1.6105	0.120875	106.878	0
16315	3.263	1.67528	1.6105	0.120875	106.977	0
16320	3.264	1.67528	1.6105	0.120875	107.298	0
16325	3.265	1.67528	1.6105	0.120875	107.42	0
16330	3.266	1.67528	1.6105	0.120875	107.132	0
16335	3.267	1.67528	1.6105	0.120875	106.949	0
16340	3.268	1.67527	1.6105	0.120875	107.24	0
16345	3.269	1.67527	1.6105	0.120875	107.469	0
16350	3.27	1.67529	1.6105	0.120875	107.356	0
16355	3.271	1.67528	1.6105	0.120875	106.757	0
16360	3.272	1.67528	1.6105	0.120876	106.954	0
16365	3.273	1.67529	1.6105	0.120876	107.267	0
16370	3.274	1.67528	1.6105	0.120876	107.326	0
16375	3.275	1.67528	1.6105	0.120876	106.948	0
16380	3.276	1.67528	1.6105	0.120877	106.925	0
16385	3.277	1.67528	1.6105	0.120877	107.239	0
16390	3.278	1.67528	1.6105	0.120877	107.423	0
16395	3.279	1.67528	1.6105	0.120878	107.227	0
16400	3.28	1.67528	1.6105	0.120878	106.86	0
16405	3.281	1.6753	1.6105	0.120878	107.105	0
16410	3.282	1.67529	1.6105	0.120879	107.379	0
16415	3.283	1.67529	1.6105	0.120879	107.355	0
16420	3.284	1.67529	1.6105	0.120879	106.872	0
16425	3.285	1.67529	1.6105	0.120879	106.971	0
16430	3.286	1.67529	1.6105	0.120879	107.291	0
16435	3.287	1.67528	1.6105	0.120879	107.414	0
16440	3.288	1.67528	1.6105	0.120879	107.125	0
16445	3.289	1.67528	1.6105	0.120879	106.943	0
16450	3.29	1.67528	1.6105	0.120879	107.234	0
16455	3.291	1.67528	1.6105	0.120879	107.465	0
16460	3.292	1.67528	1.6105	0.120879	107.353	0
16465	3.293	1.67527	1.6105	0.120879	106.764	0
16470	3.294	1.67528	1.6105	0.12088	106.961	0
16475	3.295	1.67527	1.6105	0.12088	107.273	0
16480	3.296	1.67527	1.6105	0.12088	107.331	0
16485	3.297	1.67527	1.6105	0.12088	106.949	0
16490	3.298	1.67527	1.6105	0.12088	106.926	0
16495	3.299	1.67527	1.6105	0.120881	107.234	0
16500	3.3	1.67529	1.6105	0.120881	107.418	0
16505	3.301	1.67528	1.6105	0.120881	107.222	0
16510	3.302	1.67528	1.6105	0.120882	106.856	0
16515	3.303	1.67529	1.6105	0.120882	107.107	0
16520	3.304	1.67528	1.6105	0.120882	107.384	0
16525	3.305	1.67529	1.6105	0.120882	107.36	0
16530	3.306	1.67528	1.6105	0.120883	106.876	0
16535	3.307	1.67528	1.6105	0.120883	106.974	0
16540	3.308	1.67528	1.6105	0.120883	107.294	0
16545	3.309	1.67528	1.6105	0.120883	107.416	0
16550	3.31	1.67527	1.6105	0.120883	107.128	0
16555	3.311	1.67527	1.6105	0.120883	106.945	0
16560	3.312	1.67527	1.6105	0.120883	107.236	0
16565	3.313	1.67527	1.6105	0.120883	107.467	0
16570	3.314	1.67527	1.6105	0.120883	107.354	0
16575	3.315	1.67527	1.6105	0.120883	106.765	0
16580	3.316	1.67527	1.6105	0.120883	106.952	0
16585	3.317	1.67527	1.6105	0.120884	107.262	0
16590	3.318	1.67528	1.6105	0.120884	107.321	0
16595	3.319	1.67528	1.6105	0.120884	106.943	0
16600	3.32	1.67528	1.6105	0.120884	106.92	0
16605	3.321	1.67528	1.6105	0.120885	107.237	0
16610	3.322	1.67528	1.6105	0.120885	107.421	0
16615	3.323	1.67528	1.6105	0.120885	107.222	0
16620	3.324	1.67528	1.6105	0.120886	106.856	0
16625	3.325	1.67528	1.6105	0.120886	107.1	0
16630	3.326	1.67528	1.6105	0.120886	107.377	0
16635	3.327	1.67529	1.6105	0.120886	107.353	0
16640	3.328	1.67529	1.6105	0.120887	106.869	0
16645	3.329	1.67529	1.6105	0.120887	106.968	0
16650	3.33	1.67529	1.6105	0.120887	107.288	0
16655	3.331	1.67529	1.6105	0.120887	107.411	0
16660	3.332	1.67528	1.6105	0.120886	107.123	0
16665	3.333	1.67528	1.6105	0.120887	106.941	0
16670	3.334	1.67528	1.6105	0.120887	107.232	0
16675	3.335	1.67528	1.6105	0.120887	107.463	0
16680	3.336	1.67528	1.6105	0.120887	107.35	0
16685	3.337	1.67528	1.6105	0.120887	106.759	0
16690	3.338	1.67527	1.6105	0.120887	106.956	0
16695	3.339	1.67527	1.6105	0.120887	107.268	0
16700	3.34	1.67527	1.6105	0.120887	107.327	0
16705	3.341	1.67528	1.6105	0.120888	106.948	0
16710	3.342	1.67527	1.6105	0.120888	106.925	0
16715	3.343	1.67527	1.6105	0.120888	107.242	0
16720	3.344	1.67527	1.6105	0.120888	107.425	0
16725	3.345	1.67527	1.6105	0.120889	107.216	0
16730	3.346	1.67527	1.6105	0.120889	106.85	0
16735	3.347	1.67529	1.6105	0.12089	107.105	0
16740	3.348	1.67529	1.6105	0.12089	107.381	0
16745	3.349	1.67529	1.6105	0.12089	107.354	0
16750	3.35	1.67528	1.6105	0.12089	106.87	0
16755	3.351	1.67528	1.6105	0.12089	106.969	0
16760	3.352	1.67528	1.6105	0.12089	107.289	0
16765	3.353	1.67528	1.6105	0.12089	107.414	0
16770	3.354	1.67528	1.6105	0.12089	107.126	0
16775	3.355	1.67528	1.6105	0.12089	106.943	0
16780	3.356	1.67527	1.6105	0.12089	107.231	0
16785	3.357	1.67527	1.6105	0.12089	107.462	0
16790	3.358	1.67527	1.6105	0.12089	107.35	0
16795	3.359	1.67527	1.6105	0.12089	106.76	0
16800	3.36	1.67527	1.6105	0.120891	106.957	0
16805	3.361	1.67527	1.6105	0.120891	107.269	0
16810	3.362	1.67527	1.6105	0.120891	107.328	0
16815	3.363	1.67527	1.6105	0.120891	106.938	0
16820	3.364	1.67527	1.6105	0.120892	106.916	0
16825	3.365	1.67526	1.6105	0.120892	107.231	0
16830	3.366	1.67528	1.6105	0.120892	107.415	0
16835	3.367	1.67528	1.6105	0.120892	107.219	0
16840	3.368	1.67528	1.6105	0.120893	106.853	0
16845	3.369	1.67528	1.6105	0.120893	107.107	0
16850	3.37	1.67528	1.6105	0.120894	107.381	0
16855	3.371	1.67528	1.6105	0.120894	107.356	0
16860	3.372	1.67528	1.6105	0.120894	106.872	0
16865	3.373	1.67527	1.6105	0.120894	106.971	0
16870	3.374	1.67527	1.6105	0.120894	107.29	0
16875	3.375	1.67527	1.6105	0.120894	107.413	0
16880	3.376	1.67527	1.6105	0.120894	107.124	0
16885	3.377	1.67527	1.6105	0.120894	106.942	0
16890	3.378	1.67527	1.6105	0.120894	107.232	0
16895	3.379	1.67527	1.6105	0.120894	107.463	0
16900	3.38	1.67526	1.6105	0.120894	107.34	0
16905	3.381	1.67526	1.6105	0.120894	106.751	0
16910	3.382	1.67526	1.6105	0.120894	106.949	0
16915	3.383	1.67526	1.6105	0.120895	107.261	0
16920	3.384	1.67526	1.6105	0.120895	107.32	0
16925	3.385	1.67528	1.6105	0.120895	106.942	0
16930	3.386	1.67528	1.6105	0.120895	106.916	0
16935	3.387	1.67527	1.6105	0.120896	107.233	0
16940	3.388	1.67528	1.6105	0.120896	107.417	0
16945	3.389	1.67528	1.6105	0.120896	107.221	0
16950	3.39	1.67527	1.6105	0.120897	106.854	0
16955	3.391	1.67528	1.6105	0.120897	107.096	0
16960	3.392	1.67528	1.6105	0.120897	107.373	0
16965	3.393	1.67529	1.6105	0.120897	107.349	0
16970	3.394	1.67529	1.6105	0.120898	106.866	0
16975	3.395	1.67527	1.6105	0.120898	106.964	0
16980	3.396	1.67527	1.6105	0.120898	107.284	0
16985	3.397	1.67527	1.6105	0.120897	107.407	0
16990	3.398	1.67527	1.6105	0.120897	107.119	0
16995	3.399	1.67527	1.6105	0.120897	106.937	0
17000	3.4	1.67526	1.6105	0.120898	107.228	0
17005	3.401	1.67526	1.6105	0.120898	107.459	0
17010	3.402	1.67526	1.6105	0.120898	107.346	0
17015	3.403	1.67528	1.6105	0.120898	106.757	0
17020	3.404	1.67528	1.6105	0.120898	106.954	0
17025	3.405	1.67528	1.6105	0.120898	107.266	0
17030	3.406	1.67527	1.6105	0.120898	107.322	0
17035	3.407	1.67527	1.6105	0.120899	106.943	0
17040	3.408	1.67527	1.6105	0.120899	106.92	0
17045	3.409	1.67527	1.6105	0.120899	107.236	0
17050	3.41	1.67527	1.6105	0.120899	107.41	0
17055	3.411	1.67527	1.6105	0.1209	107.215	0
17060	3.412	1.67527	1.6105	0.1209	106.845	0
17065	3.413	1.67529	1.6105	0.120901	107.1	0
17070	3.414	1.67529	1.6105	0.120901	107.377	0
17075	3.415	1.67529	1.6105	0.120901	107.352	0
17080	3.416	1.67528	1.6105	0.120901	106.869	0
17085	3.417	1.67528	1.6105	0.120901	106.967	0
17090	3.418	1.67528	1.6105	0.120901	107.287	0
17095	3.419	1.67528	1.6105	0.120901	107.409	0
17100	3.42	1.67528	1.6105	0.120901	107.121	0
17105	3.421	1.67528	1.6105	0.120901	106.938	0
17110	3.422	1.67528	1.6105	0.120901	107.229	0
17115	3.423	1.67527	1.6105	0.120901	107.46	0
17120	3.424	1.67527	1.6105	0.120901	107.347	0
17125	3.425	1.67527	1.6105	0.120901	106.758	0
17130	3.426	1.67527	1.6105	0.120902	106.955	0
17135	3.427	1.67527	1.6105	0.120902	107.264	0
17140	3.428	1.67527	1.6105	0.120902	107.313	0
17145	3.429	1.67527	1.6105	0.120902	106.934	0
17150	3.43	1.67527	1.6105	0.120903	106.912	0
17155	3.431	1.67527	1.6105	0.120903	107.229	0
17160	3.432	1.67527	1.6105	0.120903	107.413	0
17165	3.433	1.67528	1.6105	0.120903	107.217	0
17170	3.434	1.67528	1.6105	0.120904	106.846	0
17175	3.435	1.67528	1.6105	0.120904	107.101	0
17180	3.436	1.67528	1.6105	0.120904	107.378	0
17185	3.437	1.67528	1.6105	0.120904	107.344	0
17190	3.438	1.67528	1.6105	0.120905	106.861	0
17195	3.439	1.67528	1.6105	0.120905	106.96	0
17200	3.44	1.67528	1.6105	0.120905	107.28	0
17205	3.441	1.67528	1.6105	0.120905	107.403	0
17210	3.442	1.67527	1.6105	0.120905	107.115	0
17215	3.443	1.67527	1.6105	0.120905	106.933	0
17220	3.444	1.67527	1.6105	0.120905	107.224	0
17225	3.445	1.67527	1.6105	0.120905	107.455	0
17230	3.446	1.67527	1.6105	0.120905	107.343	0
17235	3.447	1.67527	1.6105	0.120905	106.753	0
17240	3.448	1.67527	1.6105	0.120905	106.948	0
17245	3.449	1.67527	1.6105	0.120905	107.26	0
17250	3.45	1.67527	1.6105	0.120906	107.319	0
17255	3.451	1.67526	1.6105	0.120906	106.94	0
17260	3.452	1.67528	1.6105	0.120906	106.917	0
17265	3.453	1.67528	1.6105	0.120906	107.233	0
17270	3.454	1.67528	1.6105	0.120907	107.417	0
17275	3.455	1.67528	1.6105	0.120907	107.218	0
17280	3.456	1.67528	1.6105	0.120907	106.851	0
17285	3.457	1.67528	1.6105	0.120908	107.095	0
17290	3.458	1.67528	1.6105	0.120908	107.372	0
17295	3.459	1.67528	1.6105	0.120908	107.348	0
17300	3.46	1.67528	1.6105	0.120908	106.864	0
17305	3.461	1.67527	1.6105	0.120908	106.963	0
17310	3.462	1.67527	1.6105	0.120908	107.282	0
17315	3.463	1.67527	1.6105	0.120908	107.405	0
17320	3.464	1.67527	1.6105	0.120908	107.117	0
17325	3.465	1.67527	1.6105	0.120908	106.934	0
17330	3.466	1.67527	1.6105	0.120908	107.225	0
17335	3.467	1.67527	1.6105	0.120908	107.456	0
17340	3.468	1.67527	1.6105	0.120908	107.344	0
17345	3.469	1.67526	1.6105	0.120908	106.751	0
17350	3.47	1.67527	1.6105	0.120909	106.948	0
17355	3.471	1.67528	1.6105	0.120909	107.261	0
17360	3.472	1.67528	1.6105	0.120909	107.319	0
17365	3.473	1.67528	1.6105	0.120909	106.94	0
17370	3.474	1.67528	1.6105	0.12091	106.917	0
17375	3.475	1.67528	1.6105	0.12091	107.234	0
17380	3.476	1.67528	1.6105	0.12091	107.404	0
17385	3.477	1.67528	1.6105	0.12091	107.208	0
17390	3.478	1.67527	1.6105	0.120911	106.842	0
17395	3.479	1.67528	1.6105	0.120911	107.096	0
17400	3.48	1.67528	1.6105	0.120911	107.373	0
17405	3.481	1.67529	1.6105	0.120911	107.347	0
17410	3.482	1.67529	1.6105	0.120912	106.863	0
17415	3.483	1.67529	1.6105	0.120912	106.962	0
17420	3.484	1.67529	1.6105	0.120912	107.281	0
17425	3.485	1.67527	1.6105	0.120912	107.406	0
17430	3.486	1.67527	1.6105	0.120912	107.117	0
17435	3.487	1.67527	1.6105	0.120912	106.935	0
17440	3.488	1.67528	1.6105	0.120912	107.225	0
17445	3.489	1.67528	1.6105	0.120912	107.454	0
17450	3.49	1.67528	1.6105	0.120912	107.342	0
17455	3.491	1.67528	1.6105	0.120912	106.753	0
17460	3.492	1.67528	1.6105	0.120912	106.949	0
17465	3.493	1.67528	1.6105	0.120913	107.261	0
17470	3.494	1.67528	1.6105	0.120913	107.31	0
17475	3.495	1.67528	1.6105	0.120913	106.932	0
17480	3.496	1.67528	1.6105	0.120913	106.909	0
17485	3.497	1.67528	1.6105	0.120913	107.224	0
17490	3.498	1.67527	1.6105	0.120914	107.408	0
17495	3.499	1.67527	1.6105	0.120914	107.212	0
17500	3.5	1.67527	1.6105	0.120914	106.845	0
17505	3.501	1.67529	1.6105	0.120915	107.099	0
17510	3.502	1.67529	1.6105	0.120915	107.373	0
17515	3.503	1.67529	1.6105	0.120915	107.338	0
17520	3.504	1.67529	1.6105	0.120915	106.855	0
17525	3.505	1.67529	1.6105	0.120915	106.954	0
17530	3.506	1.67528	1.6105	0.120915	107.274	0
17535	3.507	1.67528	1.6105	0.120915	107.407	0
17540	3.508	1.67528	1.6105	0.120915	107.119	0
17545	3.509	1.67528	1.6105	0.120915	106.936	0
17550	3.51	1.67528	1.6105	0.120915	107.216	0
17555	3.511	1.67528	1.6105	0.120915	107.447	0
17560	3.512	1.67528	1.6105	0.120915	107.335	0
17565	3.513	1.67528	1.6105	0.120916	106.746	0
17570	3.514	1.67528	1.6105	0.120916	106.944	0
17575	3.515	1.67528	1.6105	0.120916	107.256	0
17580	3.516	1.67527	1.6105	0.120916	107.315	0
17585	3.517	1.67527	1.6105	0.120916	106.936	0
17590	3.518	1.67527	1.6105	0.120917	106.913	0
17595	3.519	1.67527	1.6105	0.120917	107.228	0
17600	3.52	1.67527	1.6105	0.120917	107.411	0
17605	3.521	1.67529	1.6105	0.120917	107.215	0
17610	3.522	1.67529	1.6105	0.120918	106.848	0
17615	3.523	1.67529	1.6105	0.120918	107.091	0
17620	3.524	1.67529	1.6105	0.120918	107.366	0
17625	3.525	1.67529	1.6105	0.120918	107.341	0
17630	3.526	1.67528	1.6105	0.120919	106.858	0
17635	3.527	1.67528	1.6105	0.120919	106.957	0
17640	3.528	1.67528	1.6105	0.120919	107.276	0
17645	3.529	1.67528	1.6105	0.120919	107.399	0
17650	3.53	1.67528	1.6105	0.120919	107.111	0
17655	3.531	1.67528	1.6105	0.120919	106.929	0
17660	3.532	1.67528	1.6105	0.120919	107.22	0
17665	3.533	1.67527	1.6105	0.120919	107.451	0
17670	3.534	1.67527	1.6105	0.120919	107.338	0
17675	3.535	1.67528	1.6105	0.120919	106.749	0
17680	3.536	1.67527	1.6105	0.120919	106.946	0
17685	3.537	1.67527	1.6105	0.120919	107.258	0
17690	3.538	1.67527	1.6105	0.12092	107.316	0
17695	3.539	1.67527	1.6105	0.12092	106.937	0
17700	3.54	1.67529	1.6105	0.12092	106.911	0
17705	3.541	1.67529	1.6105	0.12092	107.228	0
17710	3.542	1.67529	1.6105	0.120921	107.402	0
17715	3.543	1.67529	1.6105	0.120921	107.206	0
17720	3.544	1.67528	1.6105	0.120921	106.84	0
17725	3.545	1.67529	1.6105	0.120922	107.094	0
17730	3.546	1.67528	1.6105	0.120922	107.368	0
17735	3.547	1.67528	1.6105	0.120922	107.343	0
17740	3.548	1.67528	1.6105	0.120922	106.86	0
17745	3.549	1.67528	1.6105	0.120922	106.958	0
17750	3.55	1.67528	1.6105	0.120922	107.278	0
17755	3.551	1.67528	1.6105	0.120922	107.4	0
17760	3.552	1.67528	1.6105	0.120922	107.112	0
17765	3.553	1.67528	1.6105	0.120922	106.93	0
17770	3.554	1.67527	1.6105	0.120922	107.22	0
17775	3.555	1.67527	1.6105	0.120922	107.451	0
17780	3.556	1.67527	1.6105	0.120922	107.339	0
17785	3.557	1.67528	1.6105	0.120923	106.749	0
17790	3.558	1.67527	1.6105	0.120923	106.946	0
17795	3.559	1.67529	1.6105	0.120923	107.258	0
17800	3.56	1.67529	1.6105	0.120923	107.316	0
17805	3.561	1.67529	1.6105	0.120923	106.928	0
17810	3.562	1.67528	1.6105	0.120924	106.902	0
17815	3.563	1.67529	1.6105	0.120924	107.22	0
17820	3.564	1.67529	1.6105	0.120924	107.404	0
17825	3.565	1.67528	1.6105	0.120924	107.208	0
17830	3.566	1.67528	1.6105	0.120925	106.841	0
17835	3.567	1.67529	1.6105	0.120925	107.092	0
17840	3.568	1.67528	1.6105	0.120925	107.369	0
17845	3.569	1.6753	1.6105	0.120925	107.344	0
17850	3.57	1.6753	1.6105	0.120926	106.86	0
17855	3.571	1.6753	1.6105	0.120926	106.959	0
17860	3.572	1.67529	1.6105	0.120926	107.278	0
17865	3.573	1.67528	1.6105	0.120926	107.401	0
17870	3.574	1.67528	1.6105	0.120926	107.112	0
17875	3.575	1.67527	1.6105	0.120926	106.93	0
17880	3.576	1.67527	1.6105	0.120926	107.22	0
17885	3.577	1.67527	1.6105	0.120926	107.451	0
17890	3.578	1.67529	1.6105	0.120926	107.338	0
17895	3.579	1.67528	1.6105	0.120926	106.739	0
17900	3.58	1.67529	1.6105	0.120926	106.937	0
17905	3.581	1.67529	1.6105	0.120926	107.249	0
17910	3.582	1.67528	1.6105	0.120927	107.308	0
17915	3.583	1.67528	1.6105	0.120927	106.927	0
17920	3.584	1.67528	1.6105	0.120927	106.904	0
17925	3.585	1.67529	1.6105	0.120927	107.221	0
17930	3.586	1.67528	1.6105	0.120927	107.405	0
17935	3.587	1.67528	1.6105	0.120928	107.209	0
17940	3.588	1.67528	1.6105	0.120928	106.842	0
17945	3.589	1.67529	1.6105	0.120928	107.093	0
17950	3.59	1.6753	1.6105	0.120929	107.36	0
17955	3.591	1.6753	1.6105	0.120929	107.336	0
17960	3.592	1.6753	1.6105	0.120929	106.853	0
17965	3.593	1.6753	1.6105	0.120929	106.952	0
17970	3.594	1.67529	1.6105	0.120929	107.272	0
17975	3.595	1.67529	1.6105	0.120929	107.394	0
17980	3.596	1.67529	1.6105	0.120929	107.106	0
17985	3.597	1.67529	1.6105	0.120929	106.924	0
17990	3.598	1.67529	1.6105	0.120929	107.215	0
17995	3.599	1.67529	1.6105	0.120929	107.446	0
18000	3.6	1.67529	1.6105	0.120929	107.334	0
18005	3.601	1.67528	1.6105	0.120929	106.744	0
18010	3.602	1.67528	1.6105	0.120929	106.941	0
18015	3.603	1.67528	1.6105	0.12093	107.253	0
18020	3.604	1.67528	1.6105	0.12093	107.312	0
18025	3.605	1.67528	1.6105	0.12093	106.93	0
18030	3.606	1.67528	1.6105	0.12093	106.907	0
18035	3.607	1.67528	1.6105	0.120931	107.224	0
18040	3.608	1.67528	1.6105	0.120931	107.407	0
18045	3.609	1.67528	1.6105	0.120931	107.211	0
18050	3.61	1.6753	1.6105	0.120931	106.833	0
18055	3.611	1.67529	1.6105	0.120932	107.086	0
18060	3.612	1.6753	1.6105	0.120932	107.363	0
18065	3.613	1.67529	1.6105	0.120932	107.339	0
18070	3.614	1.67529	1.6105	0.120932	106.855	0
18075	3.615	1.67529	1.6105	0.120932	106.954	0
18080	3.616	1.67529	1.6105	0.120932	107.273	0
18085	3.617	1.67529	1.6105	0.120932	107.396	0
18090	3.618	1.67529	1.6105	0.120932	107.107	0
18095	3.619	1.67529	1.6105	0.120932	106.925	0
18100	3.62	1.67528	1.6105	0.120932	107.216	0
18105	3.621	1.67528	1.6105	0.120932	107.447	0
18110	3.622	1.67528	1.6105	0.120932	107.334	0
18115	3.623	1.67528	1.6105	0.120933	106.745	0
18120	3.624	1.67528	1.6105	0.120933	106.942	0
18125	3.625	1.67528	1.6105	0.120933	107.254	0
18130	3.626	1.67528	1.6105	0.120933	107.312	0
18135	3.627	1.67528	1.6105	0.120933	106.93	0
18140	3.628	1.67528	1.6105	0.120934	106.907	0
18145	3.629	1.67528	1.6105	0.120934	107.213	0
18150	3.63	1.67529	1.6105	0.120934	107.397	0
18155	3.631	1.6753	1.6105	0.120934	107.202	0
18160	3.632	1.67529	1.6105	0.120935	106.835	0
18165	3.633	1.67529	1.6105	0.120935	107.088	0
18170	3.634	1.6753	1.6105	0.120935	107.364	0
18175	3.635	1.6753	1.6105	0.120935	107.34	0
18180	3.636	1.67529	1.6105	0.120936	106.856	0
18185	3.637	1.67529	1.6105	0.120936	106.954	0
18190	3.638	1.67529	1.6105	0.120936	107.274	0
18195	3.639	1.67529	1.6105	0.120936	107.396	0
18200	3.64	1.67529	1.6105	0.120936	107.108	0
18205	3.641	1.67529	1.6105	0.120936	106.925	0
18210	3.642	1.67529	1.6105	0.120936	107.216	0
18215	3.643	1.67528	1.6105	0.120936	107.447	0
18220	3.644	1.67528	1.6105	0.120936	107.334	0
18225	3.645	1.67528	1.6105	0.120936	106.745	0
18230	3.646	1.67528	1.6105	0.120936	106.941	0
18235	3.647	1.67528	1.6105	0.120936	107.253	0
18240	3.648	1.67528	1.6105	0.120937	107.301	0
18245	3.649	1.67528	1.6105	0.120937	106.921	0
18250	3.65	1.67529	1.6105	0.120937	106.898	0
18255	3.651	1.67529	1.6105	0.120937	107.216	0
18260	3.652	1.67529	1.6105	0.120938	107.4	0
18265	3.653	1.6753	1.6105	0.120938	107.204	0
18270	3.654	1.67529	1.6105	0.120938	106.837	0
18275	3.655	1.67529	1.6105	0.120939	107.088	0
18280	3.656	1.67529	1.6105	0.120939	107.365	0
18285	3.657	1.67529	1.6105	0.120939	107.34	0
18290	3.658	1.67529	1.6105	0.120939	106.856	0
18295	3.659	1.67529	1.6105	0.120939	106.954	0
18300	3.66	1.67529	1.6105	0.120939	107.274	0
18305	3.661	1.67529	1.6105	0.120939	107.396	0
18310	3.662	1.67529	1.6105	0.120939	107.107	0
18315	3.663	1.67529	1.6105	0.120939	106.925	0
18320	3.664	1.67529	1.6105	0.120939	107.216	0
18325	3.665	1.67528	1.6105	0.120939	107.446	0
18330	3.666	1.67528	1.6105	0.120939	107.334	0
18335	3.667	1.67528	1.6105	0.120939	106.734	0
18340	3.668	1.67528	1.6105	0.12094	106.931	0
18345	3.669	1.67529	1.6105	0.12094	107.244	0
18350	3.67	1.67529	1.6105	0.12094	107.303	0
18355	3.671	1.6753	1.6105	0.12094	106.921	0
18360	3.672	1.67529	1.6105	0.12094	106.899	0
18365	3.673	1.67529	1.6105	0.120941	107.216	0
18370	3.674	1.67529	1.6105	0.120941	107.4	0
18375	3.675	1.67529	1.6105	0.120941	107.204	0
18380	3.676	1.6753	1.6105	0.120941	106.836	0
18385	3.677	1.67529	1.6105	0.120942	107.088	0
18390	3.678	1.67529	1.6105	0.120942	107.355	0
18395	3.679	1.67531	1.6105	0.120942	107.331	0
18400	3.68	1.67531	1.6105	0.120943	106.847	0
18405	3.681	1.67531	1.6105	0.120943	106.946	0
18410	3.682	1.67529	1.6105	0.120942	107.266	0
18415	3.683	1.67529	1.6105	0.120942	107.389	0
18420	3.684	1.67528	1.6105	0.120942	107.101	0
18425	3.685	1.67528	1.6105	0.120942	106.919	0
18430	3.686	1.67528	1.6105	0.120942	107.21	0
18435	3.687	1.67528	1.6105	0.120942	107.441	0
18440	3.688	1.67528	1.6105	0.120942	107.328	0
18445	3.689	1.6753	1.6105	0.120943	106.739	0
18450	3.69	1.6753	1.6105	0.120943	106.936	0
18455	3.691	1.67529	1.6105	0.120943	107.248	0
18460	3.692	1.67529	1.6105	0.120943	107.307	0
18465	3.693	1.67529	1.6105	0.120943	106.925	0
18470	3.694	1.6753	1.6105	0.120944	106.902	0
18475	3.695	1.67529	1.6105	0.120944	107.219	0
18480	3.696	1.67529	1.6105	0.120944	107.402	0
18485	3.697	1.67529	1.6105	0.120944	107.206	0
18490	3.698	1.67529	1.6105	0.120945	106.829	0
18495	3.699	1.67529	1.6105	0.120945	107.081	0
18500	3.7	1.67531	1.6105	0.120945	107.358	0
18505	3.701	1.67531	1.6105	0.120945	107.333	0
18510	3.702	1.6753	1.6105	0.120946	106.85	0
18515	3.703	1.6753	1.6105	0.120946	106.948	0
18520	3.704	1.6753	1.6105	0.120946	107.268	0
18525	3.705	1.6753	1.6105	0.120946	107.39	0
18530	3.706	1.6753	1.6105	0.120945	107.102	0
18535	3.707	1.6753	1.6105	0.120946	106.92	0
18540	3.708	1.6753	1.6105	0.120946	107.211	0
18545	3.709	1.67529	1.6105	0.120946	107.441	0
18550	3.71	1.67529	1.6105	0.120946	107.329	0
18555	3.711	1.67529	1.6105	0.120946	106.74	0
18560	3.712	1.6753	1.6105	0.120946	106.936	0
18565	3.713	1.67529	1.6105	0.120946	107.248	0
18570	3.714	1.67529	1.6105	0.120946	107.307	0
18575	3.715	1.67529	1.6105	0.120947	106.925	0
18580	3.716	1.67529	1.6105	0.120947	106.902	0
18585	3.717	1.67529	1.6105	0.120947	107.218	0
18590	3.718	1.67529	1.6105	0.120947	107.392	0
18595	3.719	1.67529	1.6105	0.120948	107.197	0
18600	3.72	1.67529	1.6105	0.120948	106.83	0
18605	3.721	1.67531	1.6105	0.120948	107.082	0
18610	3.722	1.67531	1.6105	0.120949	107.358	0
18615	3.723	1.67531	1.6105	0.120949	107.334	0
18620	3.724	1.6753	1.6105	0.120949	106.85	0
18625	3.725	1.6753	1.6105	0.120949	106.948	0
18630	3.726	1.6753	1.6105	0.120949	107.268	0
18635	3.727	1.6753	1.6105	0.120949	107.39	0
18640	3.728	1.6753	1.6105	0.120949	107.102	0
18645	3.729	1.6753	1.6105	0.120949	106.92	0
18650	3.73	1.6753	1.6105	0.120949	107.21	0
18655	3.731	1.67529	1.6105	0.120949	107.441	0
18660	3.732	1.67529	1.6105	0.120949	107.329	0
18665	3.733	1.67529	1.6105	0.120949	106.739	0
18670	3.734	1.67529	1.6105	0.120949	106.936	0
18675	3.735	1.6753	1.6105	0.12095	107.248	0
18680	3.736	1.67529	1.6105	0.12095	107.306	0
18685	3.737	1.67529	1.6105	0.12095	106.918	0
18690	3.738	1.67529	1.6105	0.12095	106.892	0
18695	3.739	1.67529	1.6105	0.12095	107.209	0
18700	3.74	1.67529	1.6105	0.120951	107.393	0
18705	3.741	1.67529	1.6105	0.120951	107.198	0
18710	3.742	1.6753	1.6105	0.120951	106.831	0
18715	3.743	1.6753	1.6105	0.120951	107.085	0
18720	3.744	1.67531	1.6105	0.120952	107.359	0
18725	3.745	1.67531	1.6105	0.120952	107.334	0
18730	3.746	1.67531	1.6105	0.120952	106.85	0
18735	3.747	1.6753	1.6105	0.120952	106.948	0
18740	3.748	1.6753	1.6105	0.120952	107.268	0
18745	3.749	1.6753	1.6105	0.120952	107.39	0
18750	3.75	1.6753	1.6105	0.120952	107.102	0
18755	3.751	1.6753	1.6105	0.120952	106.919	0
18760	3.752	1.6753	1.6105	0.120952	107.21	0
18765	3.753	1.6753	1.6105	0.120952	107.441	0
18770	3.754	1.67529	1.6105	0.120952	107.328	0
18775	3.755	1.67529	1.6105	0.120952	106.739	0
18780	3.756	1.67529	1.6105	0.120952	106.935	0
18785	3.757	1.67529	1.6105	0.120953	107.238	0
18790	3.758	1.67529	1.6105	0.120953	107.297	0
18795	3.759	1.67529	1.6105	0.120953	106.918	0
18800	3.76	1.67529	1.6105	0.120953	106.893	0
18805	3.761	1.67529	1.6105	0.120954	107.21	0
18810	3.762	1.6753	1.6105	0.120954	107.394	0
18815	3.763	1.6753	1.6105	0.120954	107.198	0
18820	3.764	1.67531	1.6105	0.120954	106.831	0
18825	3.765	1.67531	1.6105	0.120955	107.085	0
18830	3.766	1.6753	1.6105	0.120955	107.358	0
18835	3.767	1.67531	1.6105	0.120955	107.324	0
18840	3.768	1.67531	1.6105	0.120955	106.841	0
18845	3.769	1.6753	1.6105	0.120955	106.94	0
18850	3.77	1.6753	1.6105	0.120955	107.26	0
18855	3.771	1.6753	1.6105	0.120955	107.392	0
18860	3.772	1.6753	1.6105	0.120955	107.104	0
18865	3.773	1.67529	1.6105	0.120955	106.921	0
18870	3.774	1.67529	1.6105	0.120955	107.202	0
18875	3.775	1.6753	1.6105	0.120955	107.433	0
18880	3.776	1.6753	1.6105	0.120955	107.321	0
18885	3.777	1.67529	1.6105	0.120955	106.732	0
18890	3.778	1.67529	1.6105	0.120956	106.929	0
18895	3.779	1.67529	1.6105	0.120956	107.241	0
18900	3.78	1.67529	1.6105	0.120956	107.3	0
18905	3.781	1.67529	1.6105	0.120956	106.921	0
18910	3.782	1.67529	1.6105	0.120956	106.898	0
18915	3.783	1.67531	1.6105	0.120957	107.212	0
18920	3.784	1.67531	1.6105	0.120957	107.395	0
18925	3.785	1.6753	1.6105	0.120957	107.199	0
18930	3.786	1.6753	1.6105	0.120957	106.832	0
18935	3.787	1.67531	1.6105	0.120958	107.086	0
18940	3.788	1.67531	1.6105	0.120958	107.352	0
18945	3.789	1.6753	1.6105	0.120958	107.325	0
18950	3.79	1.6753	1.6105	0.120958	106.841	0
18955	3.791	1.6753	1.6105	0.120958	106.94	0
18960	3.792	1.6753	1.6105	0.120958	107.26	0
18965	3.793	1.6753	1.6105	0.120958	107.386	0
18970	3.794	1.6753	1.6105	0.120958	107.097	0
18975	3.795	1.6753	1.6105	0.120958	106.915	0
18980	3.796	1.6753	1.6105	0.120958	107.203	0
18985	3.797	1.67529	1.6105	0.120958	107.434	0
18990	3.798	1.67529	1.6105	0.120958	107.322	0
18995	3.799	1.67529	1.6105	0.120959	106.732	0
19000	3.8	1.67529	1.6105	0.120959	106.929	0
19005	3.801	1.67529	1.6105	0.120959	107.242	0
19010	3.802	1.67529	1.6105	0.120959	107.3	0
19015	3.803	1.67529	1.6105	0.120959	106.921	0
19020	3.804	1.6753	1.6105	0.12096	106.898	0
19025	3.805	1.6753	1.6105	0.12096	107.214	0
19030	3.806	1.67531	1.6105	0.12096	107.395	0
19035	3.807	1.67531	1.6105	0.12096	107.199	0
19040	3.808	1.67531	1.6105	0.120961	106.822	0
19045	3.809	1.6753	1.6105	0.120961	107.077	0
19050	3.81	1.67531	1.6105	0.120961	107.353	0
19055	3.811	1.6753	1.6105	0.120961	107.329	0
19060	3.812	1.6753	1.6105	0.120962	106.845	0
19065	3.813	1.6753	1.6105	0.120962	106.944	0
19070	3.814	1.6753	1.6105	0.120961	107.263	0
19075	3.815	1.6753	1.6105	0.120961	107.386	0
19080	3.816	1.6753	1.6105	0.120961	107.097	0
19085	3.817	1.6753	1.6105	0.120961	106.915	0
19090	3.818	1.6753	1.6105	0.120961	107.205	0
19095	3.819	1.67529	1.6105	0.120961	107.436	0
19100	3.82	1.67529	1.6105	0.120961	107.324	0
19105	3.821	1.67529	1.6105	0.120962	106.734	0
19110	3.822	1.67529	1.6105	0.120962	106.928	0
19115	3.823	1.67529	1.6105	0.120962	107.24	0
19120	3.824	1.67529	1.6105	0.120962	107.299	0
19125	3.825	1.67531	1.6105	0.120962	106.92	0
19130	3.826	1.67531	1.6105	0.120963	106.897	0
19135	3.827	1.67531	1.6105	0.120963	107.213	0
19140	3.828	1.67531	1.6105	0.120963	107.397	0
19145	3.829	1.6753	1.6105	0.120963	107.191	0
19150	3.83	1.67531	1.6105	0.120964	106.821	0
19155	3.831	1.6753	1.6105	0.120964	107.076	0
19160	3.832	1.6753	1.6105	0.120964	107.353	0
19165	3.833	1.6753	1.6105	0.120964	107.328	0
19170	3.834	1.6753	1.6105	0.120965	106.844	0
19175	3.835	1.6753	1.6105	0.120965	106.943	0
19180	3.836	1.6753	1.6105	0.120964	107.262	0
19185	3.837	1.6753	1.6105	0.120964	107.385	0
19190	3.838	1.6753	1.6105	0.120964	107.096	0
19195	3.839	1.67529	1.6105	0.120964	106.914	0
19200	3.84	1.67529	1.6105	0.120964	107.204	0
19205	3.841	1.67529	1.6105	0.120964	107.435	0
19210	3.842	1.67529	1.6105	0.120964	107.323	0
19215	3.843	1.67529	1.6105	0.120965	106.733	0
19220	3.844	1.67529	1.6105	0.120965	106.93	0
19225	3.845	1.67531	1.6105	0.120965	107.239	0
19230	3.846	1.67531	1.6105	0.120965	107.298	0
19235	3.847	1.67531	1.6105	0.120965	106.919	0
19240	3.848	1.67531	1.6105	0.120966	106.895	0
19245	3.849	1.67531	1.6105	0.120966	107.202	0
19250	3.85	1.67531	1.6105	0.120966	107.387	0
19255	3.851	1.67531	1.6105	0.120966	107.191	0
19260	3.852	1.6753	1.6105	0.120967	106.821	0
19265	3.853	1.67531	1.6105	0.120967	107.076	0
19270	3.854	1.67531	1.6105	0.120967	107.352	0
19275	3.855	1.67531	1.6105	0.120967	107.328	0
19280	3.856	1.6753	1.6105	0.120968	106.844	0
19285	3.857	1.6753	1.6105	0.120968	106.942	0
19290	3.858	1.6753	1.6105	0.120968	107.262	0
19295	3.859	1.6753	1.6105	0.120967	107.384	0
19300	3.86	1.6753	1.6105	0.120967	107.096	0
19305	3.861	1.6753	1.6105	0.120967	106.913	0
19310	3.862	1.6753	1.6105	0.120967	107.204	0
19315	3.863	1.6753	1.6105	0.120967	107.434	0
19320	3.864	1.67529	1.6105	0.120968	107.322	0
19325	3.865	1.67531	1.6105	0.120968	106.732	0
19330	3.866	1.67531	1.6105	0.120968	106.929	0
19335	3.867	1.67531	1.6105	0.120968	107.241	0
19340	3.868	1.67531	1.6105	0.120968	107.297	0
19345	3.869	1.67531	1.6105	0.120968	106.917	0
19350	3.87	1.67531	1.6105	0.120969	106.886	0
19355	3.871	1.67531	1.6105	0.120969	107.203	0
19360	3.872	1.6753	1.6105	0.120969	107.387	0
19365	3.873	1.67531	1.6105	0.120969	107.191	0
19370	3.874	1.67531	1.6105	0.12097	106.824	0
19375	3.875	1.67531	1.6105	0.12097	107.075	0
19380	3.876	1.6753	1.6105	0.12097	107.351	0
19385	3.877	1.67532	1.6105	0.12097	107.327	0
19390	3.878	1.67532	1.6105	0.120971	106.843	0
19395	3.879	1.67532	1.6105	0.120971	106.941	0
19400	3.88	1.67532	1.6105	0.120971	107.261	0
19405	3.881	1.6753	1.6105	0.12097	107.383	0
19410	3.882	1.6753	1.6105	0.12097	107.095	0
19415	3.883	1.6753	1.6105	0.12097	106.912	0
19420	3.884	1.6753	1.6105	0.120971	107.203	0
19425	3.885	1.67531	1.6105	0.120971	107.433	0
19430	3.886	1.67531	1.6105	0.120971	107.321	0
19435	3.887	1.67531	1.6105	0.120971	106.731	0
19440	3.888	1.67531	1.6105	0.120971	106.928	0
19445	3.889	1.67531	1.6105	0.120971	107.24	0
19450	3.89	1.67531	1.6105	0.120971	107.289	0
19455	3.891	1.67531	1.6105	0.120971	106.91	0
19460	3.892	1.67531	1.6105	0.120972	106.885	0
19465	3.893	1.67531	1.6105	0.120972	107.202	0
19470	3.894	1.67531	1.6105	0.120972	107.386	0
19475	3.895	1.6753	1.6105	0.120972	107.19	0
19480	3.896	1.6753	1.6105	0.120973	106.823	0
19485	3.897	1.67531	1.6105	0.120973	107.077	0
19490	3.898	1.67532	1.6105	0.120973	107.351	0
19495	3.899	1.67532	1.6105	0.120973	107.326	0
19500	3.9	1.67532	1.6105	0.120974	106.842	0
19505	3.901	1.67532	1.6105	0.120974	106.941	0
19510	3.902	1.67532	1.6105	0.120974	107.26	0
19515	3.903	1.67532	1.6105	0.120973	107.382	0
19520	3.904	1.67531	1.6105	0.120973	107.094	0
19525	3.905	1.67531	1.6105	0.120973	106.911	0
19530	3.906	1.67531	1.6105	0.120974	107.202	0
19535	3.907	1.67531	1.6105	0.120974	107.433	0
19540	3.908	1.67531	1.6105	0.120974	107.32	0
19545	3.909	1.67531	1.6105	0.120974	106.721	0
19550	3.91	1.67531	1.6105	0.120974	106.918	0
19555	3.911	1.67531	1.6105	0.120974	107.231	0
19560	3.912	1.67531	1.6105	0.120974	107.29	0
19565	3.913	1.67531	1.6105	0.120975	106.911	0
19570	3.914	1.67531	1.6105	0.120975	106.888	0
19575	3.915	1.67531	1.6105	0.120975	107.202	0
19580	3.916	1.67531	1.6105	0.120975	107.386	0
19585	3.917	1.67531	1.6105	0.120976	107.19	0
19590	3.918	1.67531	1.6105	0.120976	106.823	0
19595	3.919	1.67532	1.6105	0.120976	107.077	0
19600	3.92	1.67532	1.6105	0.120977	107.344	0
19605	3.921	1.67532	1.6105	0.120977	107.317	0
19610	3.922	1.67532	1.6105	0.120977	106.834	0
19615	3.923	1.67532	1.6105	0.120977	106.933	0
19620	3.924	1.67532	1.6105	0.120977	107.252	0
19625	3.925	1.67532	1.6105	0.120977	107.375	0
19630	3.926	1.67532	1.6105	0.120977	107.087	0
19635	3.927	1.67531	1.6105	0.120977	106.905	0
19640	3.928	1.67531	1.6105	0.120977	107.196	0
19645	3.929	1.67531	1.6105	0.120977	107.427	0
19650	3.93	1.67531	1.6105	0.120977	107.315	0
19655	3.931	1.67531	1.6105	0.120977	106.726	0
19660	3.932	1.67531	1.6105	0.120977	106.923	0
19665	3.933	1.67531	1.6105	0.120977	107.235	0
19670	3.934	1.67531	1.6105	0.120977	107.293	0
19675	3.935	1.67531	1.6105	0.120977	106.914	0
19680	3.936	1.67531	1.6105	0.120978	106.891	0
19685	3.937	1.67531	1.6105	0.120978	107.207	0
19690	3.938	1.67531	1.6105	0.120978	107.391	0
19695	3.939	1.67531	1.6105	0.120978	107.191	0
19700	3.94	1.67531	1.6105	0.120979	106.824	0
19705	3.941	1.67532	1.6105	0.120979	107.078	0
19710	3.942	1.67532	1.6105	0.120979	107.344	0
19715	3.943	1.67532	1.6105	0.120979	107.32	0
19720	3.944	1.67532	1.6105	0.12098	106.836	0
19725	3.945	1.67532	1.6105	0.12098	106.935	0
19730	3.946	1.67532	1.6105	0.120979	107.254	0
19735	3.947	1.67531	1.6105	0.120979	107.377	0
19740	3.948	1.67531	1.6105	0.120979	107.089	0
19745	3.949	1.67531	1.6105	0.120979	106.906	0
19750	3.95	1.67531	1.6105	0.120979	107.197	0
19755	3.951	1.67531	1.6105	0.120979	107.428	0
19760	3.952	1.67531	1.6105	0.120979	107.315	0
19765	3.953	1.67531	1.6105	0.12098	106.726	0
19770	3.954	1.67531	1.6105	0.12098	106.92	0
19775	3.955	1.67531	1.6105	0.12098	107.232	0
19780	3.956	1.67531	1.6105	0.12098	107.291	0
19785	3.957	1.67531	1.6105	0.12098	106.912	0
19790	3.958	1.67531	1.6105	0.120981	106.889	0
19795	3.959	1.67531	1.6105	0.120981	107.205	0
19800	3.96	1.67531	1.6105	0.120981	107.389	0
19805	3.961	1.67531	1.6105	0.120981	107.192	0
19810	3.962	1.67531	1.6105	0.120982	106.823	0
19815	3.963	1.67532	1.6105	0.120982	107.067	0
19820	3.964	1.67533	1.6105	0.120982	107.344	0
19825	3.965	1.67532	1.6105	0.120982	107.319	0
19830	3.966	1.67532	1.6105	0.120983	106.835	0
19835	3.967	1.67532	1.6105	0.120983	106.934	0
19840	3.968	1.67532	1.6105	0.120982	107.254	0
19845	3.969	1.67532	1.6105	0.120982	107.376	0
19850	3.97	1.67532	1.6105	0.120982	107.088	0
19855	3.971	1.67532	1.6105	0.120982	106.906	0
19860	3.972	1.67532	1.6105	0.120982	107.196	0
19865	3.973	1.67531	1.6105	0.120982	107.427	0
19870	3.974	1.67531	1.6105	0.120982	107.315	0
19875	3.975	1.67531	1.6105	0.120983	106.725	0
19880	3.976	1.67531	1.6105	0.120983	106.922	0
19885	3.977	1.67531	1.6105	0.120983	107.234	0
19890	3.978	1.67531	1.6105	0.120983	107.292	0
19895	3.979	1.67531	1.6105	0.120983	106.91	0
19900	3.98	1.67531	1.6105	0.120984	106.887	0
19905	3.981	1.67531	1.6105	0.120984	107.204	0
19910	3.982	1.67531	1.6105	0.120984	107.387	0
19915	3.983	1.67531	1.6105	0.120984	107.191	0
19920	3.984	1.67531	1.6105	0.120984	106.815	0
19925	3.985	1.67532	1.6105	0.120985	107.07	0
19930	3.986	1.67532	1.6105	0.120985	107.343	0
19935	3.987	1.67532	1.6105	0.120985	107.318	0
19940	3.988	1.67532	1.6105	0.120985	106.834	0
19945	3.989	1.67532	1.6105	0.120985	106.933	0
19950	3.99	1.67532	1.6105	0.120985	107.253	0
19955	3.991	1.67532	1.6105	0.120985	107.375	0
19960	3.992	1.67532	1.6105	0.120985	107.087	0
19965	3.993	1.67531	1.6105	0.120985	106.904	0
19970	3.994	1.67531	1.6105	0.120985	107.195	0
19975	3.995	1.67531	1.6105	0.120985	107.426	0
19980	3.996	1.67531	1.6105	0.120985	107.314	0
19985	3.997	1.67531	1.6105	0.120986	106.724	0
19990	3.998	1.67531	1.6105	0.120986	106.921	0
19995	3.999	1.67531	1.6105	0.120986	107.233	0
20000	4	1.67531	1.6105	0.120986	107.291	0
20005	4.001	1.67531	1.6105	0.120986	106.912	0
20010	4.002	1.67531	1.6105	0.120987	106.886	0
20015	4.003	1.67531	1.6105	0.120987	107.203	0
20020	4.004	1.67531	1.6105	0.120987	107.386	0
20025	4.005	1.67531	1.6105	0.120987	107.18	0
20030	4.006	1.67533	1.6105	0.120988	106.814	0
20035	4.007	1.67532	1.6105	0.120988	107.068	0
20040	4.008	1.67533	1.6105	0.120988	107.342	0
20045	4.009	1.67532	1.6105	0.120988	107.317	0
20050	4.01	1.67532	1.6105	0.120989	106.834	0
20055	4.011	1.67532	1.6105	0.120988	106.932	0
20060	4.012	1.67532	1.6105	0.120988	107.252	0
20065	4.013	1.67532	1.6105	0.120988	107.374	0
20070	4.014	1.67532	1.6105	0.120988	107.086	0
20075	4.015	1.67532	1.6105	0.120988	106.904	0
20080	4.016	1.67532	1.6105	0.120988	107.194	0
20085	4.017	1.67532	1.6105	0.120988	107.425	0
20090	4.018	1.67531	1.6105	0.120988	107.313	0
20095	4.019	1.67531	1.6105	0.120989	106.723	0
20100	4.02	1.67531	1.6105	0.120989	106.92	0
20105	4.021	1.67531	1.6105	0.120989	107.232	0
20110	4.022	1.67531	1.6105	0.120989	107.29	0
20115	4.023	1.67531	1.6105	0.120989	106.911	0
20120	4.024	1.67531	1.6105	0.120989	106.888	0
20125	4.025	1.67531	1.6105	0.12099	107.204	0
20130	4.026	1.67531	1.6105	0.12099	107.375	0
20135	4.027	1.67531	1.6105	0.12099	107.18	0
20140	4.028	1.67533	1.6105	0.12099	106.813	0
20145	4.029	1.67533	1.6105	0.120991	107.067	0
20150	4.03	1.67533	1.6105	0.120991	107.344	0
20155	4.031	1.67533	1.6105	0.120991	107.319	0
20160	4.032	1.67532	1.6105	0.120991	106.835	0
20165	4.033	1.67532	1.6105	0.120991	106.934	0
20170	4.034	1.67532	1.6105	0.120991	107.253	0
20175	4.035	1.67532	1.6105	0.120991	107.375	0
20180	4.036	1.67532	1.6105	0.120991	107.087	0
20185	4.037	1.67532	1.6105	0.120991	106.904	0
20190	4.038	1.67532	1.6105	0.120991	107.195	0
20195	4.039	1.67532	1.6105	0.120991	107.426	0
20200	4.04	1.67531	1.6105	0.120991	107.313	0
20205	4.041	1.67532	1.6105	0.120991	106.724	0
20210	4.042	1.67532	1.6105	0.120992	106.917	0
20215	4.043	1.67531	1.6105	0.120992	107.229	0
20220	4.044	1.67531	1.6105	0.120992	107.288	0
20225	4.045	1.67531	1.6105	0.120992	106.909	0
20230	4.046	1.67531	1.6105	0.120993	106.876	0
20235	4.047	1.67531	1.6105	0.120993	107.193	0
20240	4.048	1.67531	1.6105	0.120993	107.377	0
20245	4.049	1.67533	1.6105	0.120993	107.182	0
20250	4.05	1.67533	1.6105	0.120993	106.813	0
20255	4.051	1.67533	1.6105	0.120994	107.067	0
20260	4.052	1.67533	1.6105	0.120994	107.344	0
20265	4.053	1.67533	1.6105	0.120994	107.319	0
20270	4.054	1.67533	1.6105	0.120994	106.835	0
20275	4.055	1.67533	1.6105	0.120994	106.933	0
20280	4.056	1.67532	1.6105	0.120994	107.253	0
20285	4.057	1.67532	1.6105	0.120994	107.375	0
20290	4.058	1.67532	1.6105	0.120994	107.086	0
20295	4.059	1.67532	1.6105	0.120994	106.904	0
20300	4.06	1.67532	1.6105	0.120994	107.194	0
20305	4.061	1.67532	1.6105	0.120994	107.425	0
20310	4.062	1.67532	1.6105	0.120994	107.312	0
20315	4.063	1.67532	1.6105	0.120995	106.723	0
20320	4.064	1.67532	1.6105	0.120995	106.919	0
20325	4.065	1.67531	1.6105	0.120995	107.227	0
20330	4.066	1.67532	1.6105	0.120995	107.286	0
20335	4.067	1.67532	1.6105	0.120995	106.898	0
20340	4.068	1.67531	1.6105	0.120996	106.875	0
20345	4.069	1.67531	1.6105	0.120996	107.192	0
20350	4.07	1.67533	1.6105	0.120996	107.376	0
20355	4.071	1.67533	1.6105	0.120996	107.181	0
20360	4.072	1.67533	1.6105	0.120996	106.814	0
20365	4.073	1.67533	1.6105	0.120997	107.065	0
20370	4.074	1.67533	1.6105	0.120997	107.342	0
20375	4.075	1.67533	1.6105	0.120997	107.317	0
20380	4.076	1.67533	1.6105	0.120997	106.833	0
20385	4.077	1.67533	1.6105	0.120997	106.931	0
20390	4.078	1.67533	1.6105	0.120997	107.251	0
20395	4.079	1.67532	1.6105	0.120997	107.373	0
20400	4.08	1.67532	1.6105	0.120997	107.085	0
20405	4.081	1.67532	1.6105	0.120997	106.902	0
20410	4.082	1.67532	1.6105	0.120997	107.193	0
20415	4.083	1.67532	1.6105	0.120997	107.423	0
20420	4.084	1.67532	1.6105	0.120997	107.311	0
20425	4.085	1.67532	1.6105	0.120997	106.721	0
20430	4.086	1.67532	1.6105	0.120998	106.918	0
20435	4.087	1.67532	1.6105	0.120998	107.219	0
20440	4.088	1.67532	1.6105	0.120998	107.279	0
20445	4.089	1.67532	1.6105	0.120998	106.898	0
20450	4.09	1.67532	1.6105	0.120998	106.876	0
20455	4.091	1.67533	1.6105	0.120999	107.193	0
20460	4.092	1.67533	1.6105	0.120999	107.377	0
20465	4.093	1.67533	1.6105	0.120999	107.181	0
20470	4.094	1.67533	1.6105	0.120999	106.813	0
20475	4.095	1.67533	1.6105	0.121	107.068	0
20480	4.096	1.67533	1.6105	0.121	107.341	0
20485	4.097	1.67533	1.6105	0.121	107.316	0
20490	4.098	1.67533	1.6105	0.121	106.832	0
20495	4.099	1.67533	1.6105	0.121	106.931	0
20500	4.1	1.67533	1.6105	0.121	107.25	0
20505	4.101	1.67533	1.6105	0.121	107.372	0
20510	4.102	1.67532	1.6105	0.121	107.084	0
20515	4.103	1.67532	1.6105	0.121	106.901	0
20520	4.104	1.67532	1.6105	0.121	107.192	0
20525	4.105	1.67532	1.6105	0.121	107.422	0
20530	4.106	1.67532	1.6105	0.121	107.31	0
20535	4.107	1.67532	1.6105	0.121	106.72	0
20540	4.108	1.67532	1.6105	0.121001	106.907	0
20545	4.109	1.67532	1.6105	0.121001	107.219	0
20550	4.11	1.67532	1.6105	0.121001	107.278	0
20555	4.111	1.67532	1.6105	0.121001	106.9	0
20560	4.112	1.67532	1.6105	0.121001	106.877	0
20565	4.113	1.67533	1.6105	0.121002	107.192	0
20570	4.114	1.67533	1.6105	0.121002	107.376	0
20575	4.115	1.67533	1.6105	0.121002	107.18	0
20580	4.116	1.67533	1.6105	0.121002	106.813	0
20585	4.117	1.67533	1.6105	0.121003	107.067	0
20590	4.118	1.67533	1.6105	0.121003	107.343	0
20595	4.119	1.67533	1.6105	0.121003	107.305	0
20600	4.12	1.67533	1.6105	0.121003	106.822	0
20605	4.121	1.67533	1.6105	0.121003	106.921	0
20610	4.122	1.67533	1.6105	0.121003	107.254	0
20615	4.123	1.67532	1.6105	0.121003	107.376	0
20620	4.124	1.67532	1.6105	0.121003	107.087	0
20625	4.125	1.67532	1.6105	0.121003	106.904	0
20630	4.126	1.67532	1.6105	0.121003	107.194	0
20635	4.127	1.67532	1.6105	0.121003	107.425	0
20640	4.128	1.67532	1.6105	0.121003	107.299	0
20645	4.129	1.67532	1.6105	0.121003	106.71	0
20650	4.13	1.67532	1.6105	0.121004	106.907	0
20655	4.131	1.67532	1.6105	0.121004	107.22	0
20660	4.132	1.67532	1.6105	0.121004	107.279	0
20665	4.133	1.67532	1.6105	0.121004	106.9	0
20670	4.134	1.67533	1.6105	0.121004	106.877	0
20675	4.135	1.67534	1.6105	0.121004	107.194	0
20680	4.136	1.67534	1.6105	0.121005	107.378	0
20685	4.137	1.67533	1.6105	0.121005	107.178	0
20690	4.138	1.67533	1.6105	0.121005	106.811	0
20695	4.139	1.67534	1.6105	0.121005	107.066	0
20700	4.14	1.67534	1.6105	0.121006	107.333	0
20705	4.141	1.67533	1.6105	0.121006	107.309	0
20710	4.142	1.67533	1.6105	0.121006	106.825	0
20715	4.143	1.67533	1.6105	0.121006	106.924	0
20720	4.144	1.67533	1.6105	0.121006	107.244	0
20725	4.145	1.67533	1.6105	0.121006	107.366	0
20730	4.146	1.67533	1.6105	0.121006	107.078	0
20735	4.147	1.67533	1.6105	0.121006	106.896	0
20740	4.148	1.67533	1.6105	0.121006	107.187	0
20745	4.149	1.67533	1.6105	0.121006	107.417	0
20750	4.15	1.67532	1.6105	0.121006	107.305	0
20755	4.151	1.67532	1.6105	0.121006	106.716	0
20760	4.152	1.67532	1.6105	0.121006	106.913	0
20765	4.153	1.67532	1.6105	0.121006	107.221	0
20770	4.154	1.67532	1.6105	0.121007	107.28	0
20775	4.155	1.67532	1.6105	0.121007	106.901	0
20780	4.156	1.67534	1.6105	0.121007	106.878	0
20785	4.157	1.67534	1.6105	0.121007	107.194	0
20790	4.158	1.67533	1.6105	0.121007	107.378	0
20795	4.159	1.67533	1.6105	0.121008	107.181	0
20800	4.16	1.67534	1.6105	0.121008	106.814	0
20805	4.161	1.67534	1.6105	0.121008	107.065	0
20810	4.162	1.67533	1.6105	0.121009	107.333	0
20815	4.163	1.67533	1.6105	0.121009	107.308	0
20820	4.164	1.67533	1.6105	0.121009	106.825	0
20825	4.165	1.67533	1.6105	0.121009	106.923	0
20830	4.166	1.67533	1.6105	0.121009	107.243	0
20835	4.167	1.67533	1.6105	0.121009	107.366	0
20840	4.168	1.67533	1.6105	0.121009	107.077	0
20845	4.169	1.67533	1.6105	0.121009	106.895	0
20850	4.17	1.67533	1.6105	0.121009	107.186	0
20855	4.171	1.67532	1.6105	0.121009	107.417	0
20860	4.172	1.67532	1.6105	0.121009	107.304	0
20865	4.173	1.67533	1.6105	0.121009	106.715	0
20870	4.174	1.67533	1.6105	0.121009	106.912	0
20875	4.175	1.67533	1.6105	0.121009	107.224	0
20880	4.176	1.67532	1.6105	0.121009	107.282	0
20885	4.177	1.67532	1.6105	0.12101	106.903	0
20890	4.178	1.67534	1.6105	0.12101	106.876	0
20895	4.179	1.67534	1.6105	0.12101	107.193	0
20900	4.18	1.67534	1.6105	0.12101	107.376	0
20905	4.181	1.67534	1.6105	0.121011	107.18	0
20910	4.182	1.67534	1.6105	0.121011	106.812	0
20915	4.183	1.67534	1.6105	0.121011	107.057	0
20920	4.184	1.67534	1.6105	0.121012	107.332	0
20925	4.185	1.67534	1.6105	0.121012	107.307	0
20930	4.186	1.67534	1.6105	0.121012	106.824	0
20935	4.187	1.67534	1.6105	0.121012	106.922	0
20940	4.188	1.67533	1.6105	0.121012	107.242	0
20945	4.189	1.67533	1.6105	0.121012	107.365	0
20950	4.19	1.67533	1.6105	0.121012	107.076	0
20955	4.191	1.67533	1.6105	0.121012	106.894	0
20960	4.192	1.67533	1.6105	0.121012	107.185	0
20965	4.193	1.67533	1.6105	0.121012	107.416	0
20970	4.194	1.67533	1.6105	0.121012	107.303	0
20975	4.195	1.67533	1.6105	0.121012	106.714	0
20980	4.196	1.67533	1.6105	0.121012	106.911	0
20985	4.197	1.67532	1.6105	0.121012	107.223	0
20990	4.198	1.67532	1.6105	0.121012	107.281	0
20995	4.199	1.67532	1.6105	0.121012	106.902	0
21000	4.2	1.67534	1.6105	0.121013	106.879	0
21005	4.201	1.67534	1.6105	0.121013	107.195	0
21010	4.202	1.67534	1.6105	0.121013	107.378	0
21015	4.203	1.67534	1.6105	0.121013	107.178	0
21020	4.204	1.67534	1.6105	0.121014	106.811	0
21025	4.205	1.67534	1.6105	0.121014	107.055	0
21030	4.206	1.67534	1.6105	0.121014	107.332	0
21035	4.207	1.67534	1.6105	0.121014	107.307	0
21040	4.208	1.67534	1.6105	0.121014	106.824	0
21045	4.209	1.67533	1.6105	0.121014	106.922	0
21050	4.21	1.67533	1.6105	0.121014	107.242	0
21055	4.211	1.67533	1.6105	0.121014	107.364	0
21060	4.212	1.67533	1.6105	0.121014	107.076	0
21065	4.213	1.67533	1.6105	0.121014	106.894	0
21070	4.214	1.67533	1.6105	0.121014	107.184	0
21075	4.215	1.67533	1.6105	0.121014	107.415	0
21080	4.216	1.67533	1.6105	0.121014	107.303	0
21085	4.217	1.67533	1.6105	0.121014	106.713	0
21090	4.218	1.67533	1.6105	0.121015	106.91	0
21095	4.219	1.67533	1.6105	0.121015	107.219	0
21100	4.22	1.67533	1.6105	0.121015	107.278	0
21105	4.221	1.67533	1.6105	0.121015	106.899	0
21110	4.222	1.67534	1.6105	0.121015	106.876	0
21115	4.223	1.67534	1.6105	0.121016	107.192	0
21120	4.224	1.67534	1.6105	0.121016	107.376	0
21125	4.225	1.67534	1.6105	0.121016	107.179	0
21130	4.226	1.67534	1.6105	0.121016	106.812	0
21135	4.227	1.67534	1.6105	0.121017	107.053	0
21140	4.228	1.67534	1.6105	0.121017	107.33	0
21145	4.229	1.67534	1.6105	0.121017	107.306	0
21150	4.23	1.67534	1.6105	0.121017	106.822	0
21155	4.231	1.67534	1.6105	0.121017	106.921	0
21160	4.232	1.67534	1.6105	0.121017	107.24	0
21165	4.233	1.67534	1.6105	0.121017	107.363	0
21170	4.234	1.67533	1.6105	0.121017	107.074	0
21175	4.235	1.67533	1.6105	0.121017	106.892	0
21180	4.236	1.67534	1.6105	0.121017	107.183	0
21185	4.237	1.67533	1.6105	0.121017	107.414	0
21190	4.238	1.67533	1.6105	0.121017	107.301	0
21195	4.239	1.67533	1.6105	0.121017	106.712	0
21200	4.24	1.67533	1.6105	0.121018	106.909	0
21205	4.241	1.67533	1.6105	0.121018	107.221	0
21210	4.242	1.67533	1.6105	0.121018	107.279	0
21215	4.243	1.67533	1.6105	0.121018	106.897	0
21220	4.244	1.67535	1.6105	0.121018	106.874	0
21225	4.245	1.67535	1.6105	0.121019	107.19	0
21230	4.246	1.67534	1.6105	0.121019	107.374	0
21235	4.247	1.67534	1.6105	0.121019	107.178	0
21240	4.248	1.67534	1.6105	0.121019	106.8	0
21245	4.249	1.67534	1.6105	0.12102	107.054	0
21250	4.25	1.67534	1.6105	0.12102	107.329	0
21255	4.251	1.67534	1.6105	0.12102	107.305	0
21260	4.252	1.67534	1.6105	0.12102	106.821	0
21265	4.253	1.67534	1.6105	0.12102	106.92	0
21270	4.254	1.67534	1.6105	0.12102	107.239	0
21275	4.255	1.67534	1.6105	0.12102	107.362	0
21280	4.256	1.67534	1.6105	0.12102	107.074	0
21285	4.257	1.67534	1.6105	0.12102	106.891	0
21290	4.258	1.67533	1.6105	0.12102	107.182	0
21295	4.259	1.67533	1.6105	0.12102	107.413	0
21300	4.26	1.67533	1.6105	0.12102	107.3	0
21305	4.261	1.67533	1.6105	0.12102	106.711	0
21310	4.262	1.67533	1.6105	0.12102	106.908	0
21315	4.263	1.67533	1.6105	0.12102	107.22	0
21320	4.264	1.67533	1.6105	0.121021	107.278	0
21325	4.265	1.67533	1.6105	0.121021	106.899	0
21330	4.266	1.67535	1.6105	0.121021	106.876	0
21335	4.267	1.67534	1.6105	0.121021	107.192	0
21340	4.268	1.67534	1.6105	0.121021	107.375	0
21345	4.269	1.67534	1.6105	0.121022	107.176	0
21350	4.27	1.67535	1.6105	0.121022	106.798	0
21355	4.271	1.67534	1.6105	0.121022	107.053	0
21360	4.272	1.67534	1.6105	0.121022	107.33	0
21365	4.273	1.67534	1.6105	0.121022	107.305	0
21370	4.274	1.67534	1.6105	0.121023	106.821	0
21375	4.275	1.67534	1.6105	0.121023	106.92	0
21380	4.276	1.67534	1.6105	0.121023	107.239	0
21385	4.277	1.67534	1.6105	0.121023	107.362	0
21390	4.278	1.67534	1.6105	0.121022	107.073	0
21395	4.279	1.67534	1.6105	0.121023	106.891	0
21400	4.28	1.67534	1.6105	0.121023	107.181	0
21405	4.281	1.67533	1.6105	0.121023	107.412	0
21410	4.282	1.67533	1.6105	0.121023	107.3	0
21415	4.283	1.67533	1.6105	0.121023	106.71	0
21420	4.284	1.67534	1.6105	0.121023	106.907	0
21425	4.285	1.67534	1.6105	0.121023	107.216	0
21430	4.286	1.67533	1.6105	0.121023	107.275	0
21435	4.287	1.67533	1.6105	0.121023	106.896	0
21440	4.288	1.67533	1.6105	0.121024	106.873	0
21445	4.289	1.67535	1.6105	0.121024	107.189	0
21450	4.29	1.67535	1.6105	0.121024	107.373	0
21455	4.291	1.67535	1.6105	0.121024	107.176	0
21460	4.292	1.67535	1.6105	0.121025	106.8	0
21465	4.293	1.67535	1.6105	0.121025	107.051	0
21470	4.294	1.67534	1.6105	0.121025	107.328	0
21475	4.295	1.67535	1.6105	0.121025	107.303	0
21480	4.296	1.67535	1.6105	0.121026	106.819	0
21485	4.297	1.67535	1.6105	0.121026	106.918	0
21490	4.298	1.67535	1.6105	0.121025	107.238	0
21495	4.299	1.67534	1.6105	0.121025	107.36	0
21500	4.3	1.67534	1.6105	0.121025	107.072	0
21505	4.301	1.67534	1.6105	0.121025	106.889	0
21510	4.302	1.67534	1.6105	0.121025	107.18	0
21515	4.303	1.67534	1.6105	0.121025	107.411	0
21520	4.304	1.67534	1.6105	0.121025	107.298	0
21525	4.305	1.67534	1.6105	0.121026	106.709	0
21530	4.306	1.67534	1.6105	0.121026	106.906	0
21535	4.307	1.67534	1.6105	0.121026	107.218	0
21540	4.308	1.67533	1.6105	0.121026	107.276	0
21545	4.309	1.67533	1.6105	0.121026	106.897	0
21550	4.31	1.67534	1.6105	0.121027	106.872	0
21555	4.311	1.67535	1.6105	0.121027	107.188	0
21560	4.312	1.67535	1.6105	0.121027	107.372	0
21565	4.313	1.67535	1.6105	0.121027	107.166	0
21570	4.314	1.67535	1.6105	0.121027	106.799	0
21575	4.315	1.67535	1.6105	0.121028	107.053	0
21580	4.316	1.67535	1.6105	0.121028	107.326	0
21585	4.317	1.67535	1.6105	0.121028	107.302	0
21590	4.318	1.67535	1.6105	0.121028	106.818	0
21595	4.319	1.67535	1.6105	0.121028	106.917	0
21600	4.32	1.67535	1.6105	0.121028	107.236	0
21605	4.321	1.67534	1.6105	0.121028	107.359	0
21610	4.322	1.67534	1.6105	0.121028	107.07	0
21615	4.323	1.67534	1.6105	0.121028	106.888	0
21620	4.324	1.67534	1.6105	0.121028	107.179	0
21625	4.325	1.67534	1.6105	0.121028	107.409	0
21630	4.326	1.67534	1.6105	0.121028	107.297	0
21635	4.327	1.67534	1.6105	0.121028	106.708	0
21640	4.328	1.67534	1.6105	0.121029	106.905	0
21645	4.329	1.67534	1.6105	0.121029	107.216	0
21650	4.33	1.67534	1.6105	0.121029	107.275	0
21655	4.331	1.67534	1.6105	0.121029	106.896	0
21660	4.332	1.67534	1.6105	0.121029	106.872	0
21665	4.333	1.67535	1.6105	0.12103	107.189	0
21670	4.334	1.67535	1.6105	0.12103	107.372	0
21675	4.335	1.67535	1.6105	0.12103	107.164	0
21680	4.336	1.67535	1.6105	0.12103	106.797	0
21685	4.337	1.67535	1.6105	0.121031	107.052	0
21690	4.338	1.67535	1.6105	0.121031	107.329	0
21695	4.339	1.67535	1.6105	0.121031	107.304	0
21700	4.34	1.67535	1.6105	0.121031	106.82	0
21705	4.341	1.67535	1.6105	0.121031	106.918	0
21710	4.342	1.67535	1.6105	0.121031	107.238	0
21715	4.343	1.67534	1.6105	0.121031	107.36	0
21720	4.344	1.67534	1.6105	0.121031	107.071	0
21725	4.345	1.67534	1.6105	0.121031	106.889	0
21730	4.346	1.67534	1.6105	0.121031	107.179	0
21735	4.347	1.67534	1.6105	0.121031	107.41	0
21740	4.348	1.67534	1.6105	0.121031	107.298	0
21745	4.349	1.67534	1.6105	0.121031	106.708	0
21750	4.35	1.67534	1.6105	0.121031	106.901	0
21755	4.351	1.67534	1.6105	0.121032	107.213	0
21760	4.352	1.67534	1.6105	0.121032	107.272	0
21765	4.353	1.67534	1.6105	0.121032	106.893	0
21770	4.354	1.67534	1.6105	0.121032	106.87	0
21775	4.355	1.67535	1.6105	0.121032	107.186	0
21780	4.356	1.67536	1.6105	0.121032	107.361	0
21785	4.357	1.67535	1.6105	0.121033	107.165	0
21790	4.358	1.67535	1.6105	0.121033	106.798	0
21795	4.359	1.67535	1.6105	0.121033	107.05	0
21800	4.36	1.67536	1.6105	0.121034	107.327	0
21805	4.361	1.67535	1.6105	0.121034	107.302	0
21810	4.362	1.67535	1.6105	0.121034	106.818	0
21815	4.363	1.67535	1.6105	0.121034	106.916	0
21820	4.364	1.67535	1.6105	0.121034	107.236	0
21825	4.365	1.67535	1.6105	0.121034	107.358	0
21830	4.366	1.67535	1.6105	0.121034	107.07	0
21835	4.367	1.67535	1.6105	0.121034	106.887	0
21840	4.368	1.67535	1.6105	0.121034	107.178	0
21845	4.369	1.67535	1.6105	0.121034	107.409	0
21850	4.37	1.67534	1.6105	0.121034	107.296	0
21855	4.371	1.67534	1.6105	0.121034	106.707	0
21860	4.372	1.67534	1.6105	0.121034	106.903	0
21865	4.373	1.67534	1.6105	0.121034	107.215	0
21870	4.374	1.67534	1.6105	0.121035	107.274	0
21875	4.375	1.67535	1.6105	0.121035	106.894	0
21880	4.376	1.67534	1.6105	0.121035	106.867	0
21885	4.377	1.67536	1.6105	0.121035	107.174	0
21890	4.378	1.67536	1.6105	0.121035	107.359	0
21895	4.379	1.67536	1.6105	0.121036	107.163	0
21900	4.38	1.67536	1.6105	0.121036	106.796	0
21905	4.381	1.67536	1.6105	0.121036	107.051	0
21910	4.382	1.67536	1.6105	0.121036	107.324	0
21915	4.383	1.67536	1.6105	0.121036	107.3	0
21920	4.384	1.67535	1.6105	0.121037	106.816	0
21925	4.385	1.67535	1.6105	0.121037	106.914	0
21930	4.386	1.67535	1.6105	0.121037	107.234	0
21935	4.387	1.67535	1.6105	0.121037	107.356	0
21940	4.388	1.67535	1.6105	0.121036	107.068	0
21945	4.389	1.67535	1.6105	0.121037	106.886	0
21950	4.39	1.67535	1.6105	0.121037	107.176	0
21955	4.391	1.67535	1.6105	0.121037	107.407	0
21960	4.392	1.67535	1.6105	0.121037	107.294	0
21965	4.393	1.67534	1.6105	0.121037	106.705	0
21970	4.394	1.67534	1.6105	0.121037	106.902	0
21975	4.395	1.67535	1.6105	0.121037	107.214	0
21980	4.396	1.67535	1.6105	0.121037	107.272	0
21985	4.397	1.67535	1.6105	0.121037	106.893	0
21990	4.398	1.67534	1.6105	0.121038	106.87	0
21995	4.399	1.67536	1.6105	0.121038	107.176	0
22000	4.4	1.67536	1.6105	0.121038	107.36	0
22005	4.401	1.67536	1.6105	0.121038	107.162	0
22010	4.402	1.67536	1.6105	0.121039	106.795	0
22015	4.403	1.67536	1.6105	0.121039	107.049	0
22020	4.404	1.67536	1.6105	0.121039	107.326	0
22025	4.405	1.67536	1.6105	0.121039	107.301	0
22030	4.406	1.67536	1.6105	0.121039	106.817	0
22035	4.407	1.67536	1.6105	0.121039	106.915	0
22040	4.408	1.67536	1.6105	0.121039	107.235	0
22045	4.409	1.67535	1.6105	0.121039	107.357	0
22050	4.41	1.67535	1.6105	0.121039	107.069	0
22055	4.411	1.67535	1.6105	0.121039	106.886	0
22060	4.412	1.67535	1.6105	0.121039	107.177	0
22065	4.413	1.67535	1.6105	0.121039	107.407	0
22070	4.414	1.67535	1.6105	0.121039	107.295	0
22075	4.415	1.67535	1.6105	0.121039	106.705	0
22080	4.416	1.67535	1.6105	0.12104	106.902	0
22085	4.417	1.67535	1.6105	0.12104	107.211	0
22090	4.418	1.67535	1.6105	0.12104	107.269	0
22095	4.419	1.67535	1.6105	0.12104	106.89	0
22100	4.42	1.67534	1.6105	0.12104	106.858	0
22105	4.421	1.67536	1.6105	0.121041	107.175	0
22110	4.422	1.67536	1.6105	0.121041	107.359	0
22115	4.423	1.67536	1.6105	0.121041	107.163	0
22120	4.424	1.67536	1.6105	0.121041	106.796	0
22125	4.425	1.67536	1.6105	0.121042	107.047	0
22130	4.426	1.67536	1.6105	0.121042	107.324	0
22135	4.427	1.67536	1.6105	0.121042	107.299	0
22140	4.428	1.67536	1.6105	0.121042	106.815	0
22145	4.429	1.67536	1.6105	0.121042	106.914	0
22150	4.43	1.67536	1.6105	0.121042	107.233	0
22155	4.431	1.67536	1.6105	0.121042	107.356	0
22160	4.432	1.67536	1.6105	0.121042	107.067	0
22165	4.433	1.67535	1.6105	0.121042	106.885	0
22170	4.434	1.67535	1.6105	0.121042	107.175	0
22175	4.435	1.67535	1.6105	0.121042	107.406	0
22180	4.436	1.67535	1.6105	0.121042	107.293	0
22185	4.437	1.67535	1.6105	0.121042	106.704	0
22190	4.438	1.67535	1.6105	0.121043	106.9	0
22195	4.439	1.67535	1.6105	0.121043	107.212	0
22200	4.44	1.67535	1.6105	0.121043	107.271	0
22205	4.441	1.67535	1.6105	0.121043	106.888	0
22210	4.442	1.67535	1.6105	0.121043	106.855	0
22215	4.443	1.67536	1.6105	0.121043	107.172	0
22220	4.444	1.67536	1.6105	0.121044	107.356	0
22225	4.445	1.67536	1.6105	0.121044	107.161	0
22230	4.446	1.67537	1.6105	0.121044	106.794	0
22235	4.447	1.67536	1.6105	0.121045	107.048	0
22240	4.448	1.67536	1.6105	0.121045	107.323	0
22245	4.449	1.67536	1.6105	0.121045	107.298	0
22250	4.45	1.67536	1.6105	0.121045	106.814	0
22255	4.451	1.67536	1.6105	0.121045	106.912	0
22260	4.452	1.67536	1.6105	0.121045	107.232	0
22265	4.453	1.67536	1.6105	0.121045	107.354	0
22270	4.454	1.67536	1.6105	0.121045	107.066	0
22275	4.455	1.67536	1.6105	0.121045	106.883	0
22280	4.456	1.67535	1.6105	0.121045	107.174	0
22285	4.457	1.67535	1.6105	0.121045	107.405	0
22290	4.458	1.67535	1.6105	0.121045	107.292	0
22295	4.459	1.67535	1.6105	0.121045	106.703	0
22300	4.46	1.67535	1.6105	0.121045	106.899	0
22305	4.461	1.67535	1.6105	0.121046	107.211	0
22310	4.462	1.67535	1.6105	0.121046	107.269	0
22315	4.463	1.67535	1.6105	0.121046	106.881	0
22320	4.464	1.67535	1.6105	0.121046	106.858	0
22325	4.465	1.67537	1.6105	0.121046	107.175	0
22330	4.466	1.67537	1.6105	0.121046	107.355	0
22335	4.467	1.67537	1.6105	0.121047	107.159	0
22340	4.468	1.67537	1.6105	0.121047	106.793	0
22345	4.469	1.67536	1.6105	0.121047	107.047	0
22350	4.47	1.67537	1.6105	0.121048	107.323	0
22355	4.471	1.67537	1.6105	0.121048	107.299	0
22360	4.472	1.67537	1.6105	0.121048	106.815	0
22365	4.473	1.67536	1.6105	0.121048	106.913	0
22370	4.474	1.67536	1.6105	0.121048	107.232	0
22375	4.475	1.67536	1.6105	0.121048	107.354	0
22380	4.476	1.67536	1.6105	0.121048	107.066	0
22385	4.477	1.67536	1.6105	0.121048	106.883	0
22390	4.478	1.67536	1.6105	0.121048	107.174	0
22395	4.479	1.67536	1.6105	0.121048	107.404	0
22400	4.48	1.67536	1.6105	0.121048	107.292	0
22405	4.481	1.67536	1.6105	0.121048	106.702	0
22410	4.482	1.67536	1.6105	0.121048	106.897	0
22415	4.483	1.67535	1.6105	0.121048	107.209	0
22420	4.484	1.67535	1.6105	0.121048	107.267	0
22425	4.485	1.67535	1.6105	0.121049	106.879	0
22430	4.486	1.67536	1.6105	0.121049	106.856	0
22435	4.487	1.67535	1.6105	0.121049	107.173	0
22440	4.488	1.67537	1.6105	0.121049	107.357	0
22445	4.489	1.67537	1.6105	0.121049	107.161	0
22450	4.49	1.67537	1.6105	0.12105	106.791	0
22455	4.491	1.67537	1.6105	0.12105	107.046	0
22460	4.492	1.67537	1.6105	0.12105	107.322	0
22465	4.493	1.67537	1.6105	0.12105	107.297	0
22470	4.494	1.67537	1.6105	0.121051	106.813	0
22475	4.495	1.67537	1.6105	0.121051	106.912	0
22480	4.496	1.67536	1.6105	0.12105	107.231	0
22485	4.497	1.67536	1.6105	0.12105	107.353	0
22490	4.498	1.67536	1.6105	0.12105	107.065	0
22495	4.499	1.67536	1.6105	0.12105	106.882	0
22500	4.5	1.67536	1.6105	0.12105	107.173	0
22505	4.501	1.67536	1.6105	0.12105	107.403	0
22510	4.502	1.67536	1.6105	0.12105	107.291	0
22515	4.503	1.67536	1.6105	0.121051	106.701	0
22520	4.504	1.67536	1.6105	0.121051	106.898	0
22525	4.505	1.67536	1.6105	0.121051	107.199	0
22530	4.506	1.67536	1.6105	0.121051	107.258	0
22535	4.507	1.67536	1.6105	0.121051	106.878	0
22540	4.508	1.67536	1.6105	0.121052	106.855	0
22545	4.509	1.67537	1.6105	0.121052	107.172	0
22550	4.51	1.67537	1.6105	0.121052	107.356	0
22555	4.511	1.67537	1.6105	0.121052	107.16	0
22560	4.512	1.67537	1.6105	0.121053	106.793	0
22565	4.513	1.67537	1.6105	0.121053	107.047	0
22570	4.514	1.67537	1.6105	0.121053	107.32	0
22575	4.515	1.67537	1.6105	0.121053	107.295	0
22580	4.516	1.67537	1.6105	0.121053	106.811	0
22585	4.517	1.67537	1.6105	0.121053	106.909	0
22590	4.518	1.67537	1.6105	0.121053	107.229	0
22595	4.519	1.67536	1.6105	0.121053	107.351	0
22600	4.52	1.67536	1.6105	0.121053	107.063	0
22605	4.521	1.67536	1.6105	0.121053	106.88	0
22610	4.522	1.67536	1.6105	0.121053	107.171	0
22615	4.523	1.67536	1.6105	0.121053	107.401	0
22620	4.524	1.67536	1.6105	0.121053	107.289	0
22625	4.525	1.67536	1.6105	0.121053	106.699	0
22630	4.526	1.67536	1.6105	0.121054	106.896	0
22635	4.527	1.67536	1.6105	0.121054	107.198	0
22640	4.528	1.67536	1.6105	0.121054	107.258	0
22645	4.529	1.67536	1.6105	0.121054	106.879	0
22650	4.53	1.67536	1.6105	0.121054	106.856	0
22655	4.531	1.67536	1.6105	0.121055	107.173	0
22660	4.532	1.67537	1.6105	0.121055	107.354	0
22665	4.533	1.67537	1.6105	0.121055	107.158	0
22670	4.534	1.67537	1.6105	0.121055	106.791	0
22675	4.535	1.67537	1.6105	0.121056	107.045	0
22680	4.536	1.67537	1.6105	0.121056	107.322	0
22685	4.537	1.67537	1.6105	0.121056	107.297	0
22690	4.538	1.67537	1.6105	0.121056	106.813	0
22695	4.539	1.67537	1.6105	0.121056	106.911	0
22700	4.54	1.67537	1.6105	0.121056	107.23	0
22705	4.541	1.67537	1.6105	0.121056	107.352	0
22710	4.542	1.67537	1.6105	0.121056	107.063	0
22715	4.543	1.67537	1.6105	0.121056	106.881	0
22720	4.544	1.67537	1.6105	0.121056	107.171	0
22725	4.545	1.67536	1.6105	0.121056	107.402	0
22730	4.546	1.67536	1.6105	0.121056	107.289	0
22735	4.547	1.67536	1.6105	0.121056	106.7	0
22740	4.548	1.67536	1.6105	0.121056	106.884	0
22745	4.549	1.67536	1.6105	0.121057	107.197	0
22750	4.55	1.67536	1.6105	0.121057	107.256	0
22755	4.551	1.67536	1.6105	0.121057	106.877	0
22760	4.552	1.67536	1.6105	0.121057	106.855	0
22765	4.553	1.67536	1.6105	0.121057	107.171	0
22770	4.554	1.67538	1.6105	0.121057	107.355	0
22775	4.555	1.67537	1.6105	0.121058	107.159	0
22780	4.556	1.67537	1.6105	0.121058	106.79	0
22785	4.557	1.67538	1.6105	0.121058	107.044	0
22790	4.558	1.67538	1.6105	0.121059	107.321	0
22795	4.559	1.67538	1.6105	0.121059	107.296	0
22800	4.56	1.67537	1.6105	0.121059	106.812	0
22805	4.561	1.67537	1.6105	0.121059	106.91	0
22810	4.562	1.67537	1.6105	0.121059	107.229	0
22815	4.563	1.67537	1.6105	0.121059	107.351	0
22820	4.564	1.67537	1.6105	0.121059	107.062	0
22825	4.565	1.67537	1.6105	0.121059	106.88	0
22830	4.566	1.67537	1.6105	0.121059	107.17	0
22835	4.567	1.67537	1.6105	0.121059	107.401	0
22840	4.568	1.67537	1.6105	0.121059	107.288	0
22845	4.569	1.67536	1.6105	0.121059	106.699	0
22850	4.57	1.67537	1.6105	0.121059	106.884	0
22855	4.571	1.67537	1.6105	0.121059	107.196	0
22860	4.572	1.67536	1.6105	0.121059	107.256	0
22865	4.573	1.67536	1.6105	0.12106	106.875	0
22870	4.574	1.67536	1.6105	0.12106	106.852	0
22875	4.575	1.67536	1.6105	0.12106	107.169	0
22880	4.576	1.67538	1.6105	0.12106	107.353	0
22885	4.577	1.67538	1.6105	0.12106	107.157	0
22890	4.578	1.67538	1.6105	0.121061	106.79	0
22895	4.579	1.67538	1.6105	0.121061	107.044	0
22900	4.58	1.67538	1.6105	0.121061	107.318	0
22905	4.581	1.67538	1.6105	0.121061	107.293	0
22910	4.582	1.67538	1.6105	0.121062	106.809	0
22915	4.583	1.67538	1.6105	0.121062	106.907	0
22920	4.584	1.67538	1.6105	0.121062	107.227	0
22925	4.585	1.67537	1.6105	0.121061	107.349	0
22930	4.586	1.67537	1.6105	0.121061	107.06	0
22935	4.587	1.67537	1.6105	0.121061	106.878	0
22940	4.588	1.67537	1.6105	0.121061	107.168	0
22945	4.589	1.67537	1.6105	0.121061	107.399	0
22950	4.59	1.67537	1.6105	0.121062	107.286	0
22955	4.591	1.67537	1.6105	0.121062	106.687	0
22960	4.592	1.67537	1.6105	0.121062	106.885	0
22965	4.593	1.67537	1.6105	0.121062	107.197	0
22970	4.594	1.67536	1.6105	0.121062	107.256	0
22975	4.595	1.67536	1.6105	0.121062	106.877	0
22980	4.596	1.67536	1.6105	0.121063	106.854	0
22985	4.597	1.67537	1.6105	0.121063	107.171	0
22990	4.598	1.67538	1.6105	0.121063	107.352	0
22995	4.599	1.67538	1.6105	0.121063	107.156	0
23000	4.6	1.67538	1.6105	0.121064	106.789	0
23005	4.601	1.67538	1.6105	0.121064	107.043	0
23010	4.602	1.67538	1.6105	0.121064	107.319	0
23015	4.603	1.67538	1.6105	0.121064	107.285	0
23020	4.604	1.67538	1.6105	0.121064	106.801	0
23025	4.605	1.67538	1.6105	0.121064	106.9	0
23030	4.606	1.67538	1.6105	0.121064	107.229	0
23035	4.607	1.67538	1.6105	0.121064	107.351	0
23040	4.608	1.67537	1.6105	0.121064	107.063	0
23045	4.609	1.67537	1.6105	0.121064	106.88	0
23050	4.61	1.67537	1.6105	0.121064	107.17	0
23055	4.611	1.67537	1.6105	0.121064	107.4	0
23060	4.612	1.67537	1.6105	0.121064	107.288	0
23065	4.613	1.67537	1.6105	0.121064	106.688	0
23070	4.614	1.67537	1.6105	0.121065	106.883	0
23075	4.615	1.67537	1.6105	0.121065	107.195	0
23080	4.616	1.67537	1.6105	0.121065	107.254	0
23085	4.617	1.67537	1.6105	0.121065	106.876	0
23090	4.618	1.67537	1.6105	0.121065	106.853	0
23095	4.619	1.67537	1.6105	0.121066	107.17	0
23100	4.62	1.67537	1.6105	0.121066	107.353	0
23105	4.621	1.67538	1.6105	0.121066	107.157	0
23110	4.622	1.67538	1.6105	0.121066	106.79	0
23115	4.623	1.67538	1.6105	0.121067	107.041	0
23120	4.624	1.67538	1.6105	0.121067	107.317	0
23125	4.625	1.67538	1.6105	0.121067	107.283	0
23130	4.626	1.67538	1.6105	0.121067	106.8	0
23135	4.627	1.67538	1.6105	0.121067	106.898	0
23140	4.628	1.67538	1.6105	0.121067	107.228	0
23145	4.629	1.67538	1.6105	0.121067	107.35	0
23150	4.63	1.67538	1.6105	0.121067	107.061	0
23155	4.631	1.67537	1.6105	0.121067	106.878	0
23160	4.632	1.67537	1.6105	0.121067	107.168	0
23165	4.633	1.67537	1.6105	0.121067	107.399	0
23170	4.634	1.67537	1.6105	0.121067	107.286	0
23175	4.635	1.67537	1.6105	0.121067	106.687	0
23180	4.636	1.67537	1.6105	0.121067	106.884	0
23185	4.637	1.67537	1.6105	0.121067	107.197	0
23190	4.638	1.67537	1.6105	0.121068	107.255	0
23195	4.639	1.67537	1.6105	0.121068	106.877	0
23200	4.64	1.67537	1.6105	0.121068	106.851	0
23205	4.641	1.67537	1.6105	0.121068	107.168	0
23210	4.642	1.67537	1.6105	0.121068	107.351	0
23215	4.643	1.67537	1.6105	0.121069	107.155	0
23220	4.644	1.67539	1.6105	0.121069	106.788	0
23225	4.645	1.67539	1.6105	0.121069	107.042	0
23230	4.646	1.67538	1.6105	0.121069	107.318	0
23235	4.647	1.67539	1.6105	0.121069	107.281	0
23240	4.648	1.67538	1.6105	0.12107	106.798	0
23245	4.649	1.67538	1.6105	0.12107	106.897	0
23250	4.65	1.67538	1.6105	0.12107	107.226	0
23255	4.651	1.67538	1.6105	0.12107	107.351	0
23260	4.652	1.67538	1.6105	0.121069	107.062	0
23265	4.653	1.67538	1.6105	0.12107	106.879	0
23270	4.654	1.67538	1.6105	0.12107	107.169	0
23275	4.655	1.67537	1.6105	0.12107	107.399	0
23280	4.656	1.67537	1.6105	0.12107	107.284	0
23285	4.657	1.67538	1.6105	0.12107	106.685	0
23290	4.658	1.67537	1.6105	0.12107	106.882	0
23295	4.659	1.67537	1.6105	0.12107	107.194	0
23300	4.66	1.67537	1.6105	0.12107	107.253	0
23305	4.661	1.67537	1.6105	0.12107	106.875	0
23310	4.662	1.67537	1.6105	0.121071	106.852	0
23315	4.663	1.67537	1.6105	0.121071	107.168	0
23320	4.664	1.67537	1.6105	0.121071	107.352	0
23325	4.665	1.67537	1.6105	0.121071	107.152	0
23330	4.666	1.67539	1.6105	0.121072	106.785	0
23335	4.667	1.67539	1.6105	0.121072	107.039	0
23340	4.668	1.67539	1.6105	0.121072	107.316	0
23345	4.669	1.67539	1.6105	0.121072	107.282	0
23350	4.67	1.67539	1.6105	0.121073	106.799	0
23355	4.671	1.67538	1.6105	0.121072	106.897	0
23360	4.672	1.67538	1.6105	0.121072	107.217	0
23365	4.673	1.67538	1.6105	0.121072	107.348	0
23370	4.674	1.67538	1.6105	0.121072	107.059	0
23375	4.675	1.67538	1.6105	0.121072	106.877	0
23380	4.676	1.67538	1.6105	0.121072	107.167	0
23385	4.677	1.67538	1.6105	0.121072	107.397	0
23390	4.678	1.67538	1.6105	0.121072	107.276	0
23395	4.679	1.67538	1.6105	0.121073	106.687	0
23400	4.68	1.67538	1.6105	0.121073	106.884	0
23405	4.681	1.67537	1.6105	0.121073	107.193	0
23410	4.682	1.67537	1.6105	0.121073	107.252	0
23415	4.683	1.67537	1.6105	0.121073	106.873	0
23420	4.684	1.67538	1.6105	0.121073	106.851	0
23425	4.685	1.67537	1.6105	0.121074	107.167	0
23430	4.686	1.67537	1.6105	0.121074	107.351	0
23435	4.687	1.67537	1.6105	0.121074	107.155	0
23440	4.688	1.67539	1.6105	0.121074	106.787	0
23445	4.689	1.67539	1.6105	0.121075	107.037	0
23450	4.69	1.67539	1.6105	0.121075	107.314	0
23455	4.691	1.67539	1.6105	0.121075	107.28	0
23460	4.692	1.67539	1.6105	0.121075	106.796	0
23465	4.693	1.67539	1.6105	0.121075	106.895	0
23470	4.694	1.67539	1.6105	0.121075	107.215	0
23475	4.695	1.67538	1.6105	0.121075	107.347	0
23480	4.696	1.67538	1.6105	0.121075	107.058	0
23485	4.697	1.67538	1.6105	0.121075	106.875	0
23490	4.698	1.67538	1.6105	0.121075	107.166	0
23495	4.699	1.67538	1.6105	0.121075	107.396	0
23500	4.7	1.67538	1.6105	0.121075	107.283	0
23505	4.701	1.67538	1.6105	0.121075	106.684	0
23510	4.702	1.67538	1.6105	0.121075	106.881	0
23515	4.703	1.67538	1.6105	0.121075	107.194	0
23520	4.704	1.67538	1.6105	0.121076	107.252	0
23525	4.705	1.67538	1.6105	0.121076	106.874	0
23530	4.706	1.67538	1.6105	0.121076	106.851	0
23535	4.707	1.67538	1.6105	0.121076	107.167	0
23540	4.708	1.67538	1.6105	0.121076	107.349	0
23545	4.709	1.67537	1.6105	0.121077	107.153	0
23550	4.71	1.67538	1.6105	0.121077	106.785	0
23555	4.711	1.67539	1.6105	0.121077	107.039	0
23560	4.712	1.67539	1.6105	0.121077	107.316	0
23565	4.713	1.67539	1.6105	0.121077	107.28	0
23570	4.714	1.67539	1.6105	0.121078	106.797	0
23575	4.715	1.67539	1.6105	0.121078	106.906	0
23580	4.716	1.67539	1.6105	0.121078	107.225	0
23585	4.717	1.67539	1.6105	0.121077	107.347	0
23590	4.718	1.67538	1.6105	0.121077	107.058	0
23595	4.719	1.67538	1.6105	0.121077	106.875	0
23600	4.72	1.67538	1.6105	0.121077	107.165	0
23605	4.721	1.67538	1.6105	0.121077	107.395	0
23610	4.722	1.67538	1.6105	0.121078	107.283	0
23615	4.723	1.67538	1.6105	0.121078	106.683	0
23620	4.724	1.67538	1.6105	0.121078	106.877	0
23625	4.725	1.67538	1.6105	0.121078	107.19	0
23630	4.726	1.67538	1.6105	0.121078	107.249	0
23635	4.727	1.67538	1.6105	0.121078	106.87	0
23640	4.728	1.67538	1.6105	0.121079	106.847	0
23645	4.729	1.67538	1.6105	0.121079	107.164	0
23650	4.73	1.67538	1.6105	0.121079	107.348	0
23655	4.731	1.67538	1.6105	0.121079	107.152	0
23660	4.732	1.67538	1.6105	0.121079	106.784	0
23665	4.733	1.67538	1.6105	0.12108	107.036	0
23670	4.734	1.67539	1.6105	0.12108	107.312	0
23675	4.735	1.6754	1.6105	0.12108	107.278	0
23680	4.736	1.67539	1.6105	0.12108	106.794	0
23685	4.737	1.67539	1.6105	0.12108	106.893	0
23690	4.738	1.67539	1.6105	0.12108	107.222	0
23695	4.739	1.67539	1.6105	0.12108	107.344	0
23700	4.74	1.67539	1.6105	0.12108	107.056	0
23705	4.741	1.67538	1.6105	0.12108	106.873	0
23710	4.742	1.67538	1.6105	0.12108	107.163	0
23715	4.743	1.67538	1.6105	0.12108	107.394	0
23720	4.744	1.67538	1.6105	0.12108	107.281	0
23725	4.745	1.67538	1.6105	0.12108	106.682	0
23730	4.746	1.67538	1.6105	0.121081	106.879	0
23735	4.747	1.67538	1.6105	0.121081	107.191	0
23740	4.748	1.67538	1.6105	0.121081	107.25	0
23745	4.749	1.67538	1.6105	0.121081	106.871	0
23750	4.75	1.67538	1.6105	0.121081	106.846	0
23755	4.751	1.67538	1.6105	0.121081	107.163	0
23760	4.752	1.67538	1.6105	0.121082	107.347	0
23765	4.753	1.67538	1.6105	0.121082	107.151	0
23770	4.754	1.67538	1.6105	0.121082	106.783	0
23775	4.755	1.67538	1.6105	0.121082	107.037	0
23780	4.756	1.6754	1.6105	0.121083	107.314	0
23785	4.757	1.6754	1.6105	0.121083	107.275	0
23790	4.758	1.6754	1.6105	0.121083	106.792	0
23795	4.759	1.6754	1.6105	0.121083	106.891	0
23800	4.76	1.67539	1.6105	0.121083	107.221	0
23805	4.761	1.67539	1.6105	0.121083	107.346	0
23810	4.762	1.67539	1.6105	0.121083	107.057	0
23815	4.763	1.67539	1.6105	0.121083	106.874	0
23820	4.764	1.67539	1.6105	0.121083	107.164	0
23825	4.765	1.67539	1.6105	0.121083	107.395	0
23830	4.766	1.67539	1.6105	0.121083	107.279	0
23835	4.767	1.67539	1.6105	0.121083	106.679	0
23840	4.768	1.67539	1.6105	0.121083	106.876	0
23845	4.769	1.67538	1.6105	0.121083	107.189	0
23850	4.77	1.67538	1.6105	0.121084	107.248	0
23855	4.771	1.67539	1.6105	0.121084	106.869	0
23860	4.772	1.67538	1.6105	0.121084	106.846	0
23865	4.773	1.67538	1.6105	0.121084	107.163	0
23870	4.774	1.67538	1.6105	0.121084	107.346	0
23875	4.775	1.67538	1.6105	0.121085	107.147	0
23880	4.776	1.67538	1.6105	0.121085	106.78	0
23885	4.777	1.67538	1.6105	0.121085	107.034	0
23890	4.778	1.6754	1.6105	0.121085	107.311	0
23895	4.779	1.6754	1.6105	0.121085	107.276	0
23900	4.78	1.6754	1.6105	0.121086	106.793	0
23905	4.781	1.6754	1.6105	0.121086	106.892	0
23910	4.782	1.6754	1.6105	0.121086	107.221	0
23915	4.783	1.67539	1.6105	0.121085	107.343	0
23920	4.784	1.67539	1.6105	0.121085	107.054	0
23925	4.785	1.67539	1.6105	0.121085	106.871	0
23930	4.786	1.67539	1.6105	0.121086	107.162	0
23935	4.787	1.67539	1.6105	0.121086	107.392	0
23940	4.788	1.67539	1.6105	0.121086	107.279	0
23945	4.789	1.67539	1.6105	0.121086	106.68	0
23950	4.79	1.67539	1.6105	0.121086	106.877	0
23955	4.791	1.67539	1.6105	0.121086	107.19	0
23960	4.792	1.67539	1.6105	0.121086	107.246	0
23965	4.793	1.67539	1.6105	0.121086	106.867	0
23970	4.794	1.67539	1.6105	0.121087	106.844	0
23975	4.795	1.67538	1.6105	0.121087	107.161	0
23980	4.796	1.67538	1.6105	0.121087	107.345	0
23985	4.797	1.67539	1.6105	0.121087	107.148	0
23990	4.798	1.67539	1.6105	0.121088	106.781	0
23995	4.799	1.67539	1.6105	0.121088	107.032	0
24000	4.8	1.6754	1.6105	0.121088	107.309	0
24005	4.801	1.6754	1.6105	0.121088	107.274	0
24010	4.802	1.6754	1.6105	0.121089	106.791	0
24015	4.803	1.6754	1.6105	0.121088	106.89	0
24020	4.804	1.6754	1.6105	0.121088	107.21	0
24025	4.805	1.67539	1.6105	0.121088	107.342	0
24030	4.806	1.67538	1.6105	0.121088	107.053	0
24035	4.807	1.67538	1.6105	0.121088	106.87	0
24040	4.808	1.67539	1.6105	0.121088	107.161	0
24045	4.809	1.67539	1.6105	0.121088	107.391	0
24050	4.81	1.67539	1.6105	0.121088	107.278	0
24055	4.811	1.67539	1.6105	0.121088	106.679	0
24060	4.812	1.67539	1.6105	0.121089	106.876	0
24065	4.813	1.67539	1.6105	0.121089	107.189	0
24070	4.814	1.67539	1.6105	0.121089	107.247	0
24075	4.815	1.67539	1.6105	0.121089	106.868	0
24080	4.816	1.67539	1.6105	0.121089	106.845	0
24085	4.817	1.67539	1.6105	0.12109	107.162	0
24090	4.818	1.67539	1.6105	0.12109	107.343	0
24095	4.819	1.67539	1.6105	0.12109	107.147	0
24100	4.82	1.67539	1.6105	0.12109	106.78	0
24105	4.821	1.67539	1.6105	0.121091	107.034	0
24110	4.822	1.67539	1.6105	0.121091	107.31	0
24115	4.823	1.67541	1.6105	0.121091	107.275	0
24120	4.824	1.6754	1.6105	0.121091	106.792	0
24125	4.825	1.6754	1.6105	0.121091	106.891	0
24130	4.826	1.67539	1.6105	0.121091	107.22	0
24135	4.827	1.67539	1.6105	0.121091	107.342	0
24140	4.828	1.67538	1.6105	0.121091	107.053	0
24145	4.829	1.67538	1.6105	0.121091	106.87	0
24150	4.83	1.67538	1.6105	0.121091	107.16	0
24155	4.831	1.67538	1.6105	0.121091	107.39	0
24160	4.832	1.67538	1.6105	0.121091	107.278	0
24165	4.833	1.67538	1.6105	0.121091	106.678	0
24170	4.834	1.67539	1.6105	0.121091	106.873	0
24175	4.835	1.67539	1.6105	0.121091	107.185	0
24180	4.836	1.67539	1.6105	0.121092	107.244	0
24185	4.837	1.67539	1.6105	0.121092	106.866	0
24190	4.838	1.67539	1.6105	0.121092	106.843	0
24195	4.839	1.67539	1.6105	0.121092	107.159	0
24200	4.84	1.67539	1.6105	0.121092	107.343	0
24205	4.841	1.67539	1.6105	0.121093	107.147	0
24210	4.842	1.67539	1.6105	0.121093	106.78	0
24215	4.843	1.67539	1.6105	0.121093	107.03	0
24220	4.844	1.67539	1.6105	0.121093	107.306	0
24225	4.845	1.67539	1.6105	0.121093	107.273	0
24230	4.846	1.67539	1.6105	0.121094	106.79	0
24235	4.847	1.67539	1.6105	0.121094	106.888	0
24240	4.848	1.67539	1.6105	0.121094	107.217	0
24245	4.849	1.67539	1.6105	0.121093	107.339	0
24250	4.85	1.67539	1.6105	0.121093	107.05	0
24255	4.851	1.67539	1.6105	0.121093	106.867	0
24260	4.852	1.67539	1.6105	0.121093	107.158	0
24265	4.853	1.67538	1.6105	0.121093	107.388	0
24270	4.854	1.67538	1.6105	0.121094	107.275	0
24275	4.855	1.67538	1.6105	0.121094	106.677	0
24280	4.856	1.6754	1.6105	0.121094	106.874	0
24285	4.857	1.6754	1.6105	0.121094	107.187	0
24290	4.858	1.6754	1.6105	0.121094	107.245	0
24295	4.859	1.6754	1.6105	0.121094	106.867	0
24300	4.86	1.6754	1.6105	0.121095	106.841	0
24305	4.861	1.6754	1.6105	0.121095	107.158	0
24310	4.862	1.67539	1.6105	0.121095	107.341	0
24315	4.863	1.67539	1.6105	0.121095	107.145	0
24320	4.864	1.6754	1.6105	0.121095	106.778	0
24325	4.865	1.6754	1.6105	0.121096	107.032	0
24330	4.866	1.6754	1.6105	0.121096	107.308	0
24335	4.867	1.67539	1.6105	0.121096	107.271	0
24340	4.868	1.67539	1.6105	0.121096	106.787	0
24345	4.869	1.67539	1.6105	0.121096	106.895	0
24350	4.87	1.67539	1.6105	0.121096	107.214	0
24355	4.871	1.67539	1.6105	0.121096	107.34	0
24360	4.872	1.67539	1.6105	0.121096	107.051	0
24365	4.873	1.67539	1.6105	0.121096	106.868	0
24370	4.874	1.67539	1.6105	0.121096	107.158	0
24375	4.875	1.67539	1.6105	0.121096	107.389	0
24380	4.876	1.67539	1.6105	0.121096	107.272	0
24385	4.877	1.67538	1.6105	0.121096	106.674	0
24390	4.878	1.67538	1.6105	0.121097	106.872	0
24395	4.879	1.6754	1.6105	0.121097	107.184	0
24400	4.88	1.6754	1.6105	0.121097	107.243	0
24405	4.881	1.6754	1.6105	0.121097	106.864	0
24410	4.882	1.6754	1.6105	0.121097	106.841	0
24415	4.883	1.6754	1.6105	0.121097	107.158	0
24420	4.884	1.6754	1.6105	0.121098	107.342	0
24425	4.885	1.6754	1.6105	0.121098	107.143	0
24430	4.886	1.6754	1.6105	0.121098	106.775	0
24435	4.887	1.6754	1.6105	0.121098	107.03	0
24440	4.888	1.6754	1.6105	0.121099	107.306	0
24445	4.889	1.6754	1.6105	0.121099	107.27	0
24450	4.89	1.6754	1.6105	0.121099	106.787	0
24455	4.891	1.6754	1.6105	0.121099	106.886	0
24460	4.892	1.67539	1.6105	0.121099	107.216	0
24465	4.893	1.67539	1.6105	0.121099	107.338	0
24470	4.894	1.67539	1.6105	0.121099	107.049	0
24475	4.895	1.67539	1.6105	0.121099	106.866	0
24480	4.896	1.67539	1.6105	0.121099	107.157	0
24485	4.897	1.67539	1.6105	0.121099	107.387	0
24490	4.898	1.67539	1.6105	0.121099	107.274	0
24495	4.899	1.67539	1.6105	0.121099	106.674	0
24500	4.9	1.67539	1.6105	0.121099	106.871	0
24505	4.901	1.67539	1.6105	0.121099	107.184	0
24510	4.902	1.6754	1.6105	0.1211	107.24	0
24515	4.903	1.6754	1.6105	0.1211	106.861	0
24520	4.904	1.6754	1.6105	0.1211	106.838	0
24525	4.905	1.67541	1.6105	0.1211	107.155	0
24530	4.906	1.6754	1.6105	0.1211	107.339	0
24535	4.907	1.6754	1.6105	0.121101	107.143	0
24540	4.908	1.6754	1.6105	0.121101	106.776	0
24545	4.909	1.6754	1.6105	0.121101	107.028	0
24550	4.91	1.67541	1.6105	0.121101	107.304	0
24555	4.911	1.6754	1.6105	0.121101	107.269	0
24560	4.912	1.6754	1.6105	0.121102	106.786	0
24565	4.913	1.6754	1.6105	0.121102	106.884	0
24570	4.914	1.6754	1.6105	0.121102	107.204	0
24575	4.915	1.6754	1.6105	0.121102	107.337	0
24580	4.916	1.6754	1.6105	0.121101	107.049	0
24585	4.917	1.6754	1.6105	0.121101	106.866	0
24590	4.918	1.6754	1.6105	0.121101	107.156	0
24595	4.919	1.6754	1.6105	0.121101	107.386	0
24600	4.92	1.67539	1.6105	0.121102	107.273	0
24605	4.921	1.67539	1.6105	0.121102	106.673	0
24610	4.922	1.67539	1.6105	0.121102	106.871	0
24615	4.923	1.67539	1.6105	0.121102	107.183	0
24620	4.924	1.67539	1.6105	0.121102	107.242	0
24625	4.925	1.67541	1.6105	0.121102	106.863	0
24630	4.926	1.67541	1.6105	0.121102	106.84	0
24635	4.927	1.67541	1.6105	0.121103	107.157	0
24640	4.928	1.67541	1.6105	0.121103	107.34	0
24645	4.929	1.67541	1.6105	0.121103	107.141	0
24650	4.93	1.6754	1.6105	0.121103	106.774	0
24655	4.931	1.67541	1.6105	0.121104	107.028	0
24660	4.932	1.67541	1.6105	0.121104	107.304	0
24665	4.933	1.67541	1.6105	0.121104	107.279	0
24670	4.934	1.6754	1.6105	0.121104	106.795	0
24675	4.935	1.6754	1.6105	0.121104	106.893	0
24680	4.936	1.6754	1.6105	0.121104	107.212	0
24685	4.937	1.6754	1.6105	0.121104	107.334	0
24690	4.938	1.6754	1.6105	0.121104	107.046	0
24695	4.939	1.6754	1.6105	0.121104	106.863	0
24700	4.94	1.6754	1.6105	0.121104	107.153	0
24705	4.941	1.6754	1.6105	0.121104	107.384	0
24710	4.942	1.6754	1.6105	0.121104	107.271	0
24715	4.943	1.6754	1.6105	0.121104	106.681	0
24720	4.944	1.67539	1.6105	0.121104	106.869	0
24725	4.945	1.67539	1.6105	0.121105	107.178	0
24730	4.946	1.67539	1.6105	0.121105	107.237	0
24735	4.947	1.6754	1.6105	0.121105	106.859	0
24740	4.948	1.6754	1.6105	0.121105	106.836	0
24745	4.949	1.67541	1.6105	0.121105	107.153	0
24750	4.95	1.67541	1.6105	0.121105	107.337	0
24755	4.951	1.67541	1.6105	0.121106	107.141	0
24760	4.952	1.67541	1.6105	0.121106	106.773	0
24765	4.953	1.67541	1.6105	0.121106	107.026	0
24770	4.954	1.67541	1.6105	0.121107	107.302	0
24775	4.955	1.67541	1.6105	0.121107	107.277	0
24780	4.956	1.67541	1.6105	0.121107	106.793	0
24785	4.957	1.67541	1.6105	0.121107	106.891	0
24790	4.958	1.6754	1.6105	0.121107	107.21	0
24795	4.959	1.6754	1.6105	0.121107	107.332	0
24800	4.96	1.6754	1.6105	0.121107	107.044	0
24805	4.961	1.6754	1.6105	0.121107	106.861	0
24810	4.962	1.6754	1.6105	0.121107	107.152	0
24815	4.963	1.6754	1.6105	0.121107	107.382	0
24820	4.964	1.6754	1.6105	0.121107	107.269	0
24825	4.965	1.6754	1.6105	0.121107	106.68	0
24830	4.966	1.6754	1.6105	0.121107	106.866	0
24835	4.967	1.6754	1.6105	0.121107	107.179	0
24840	4.968	1.6754	1.6105	0.121107	107.238	0
24845	4.969	1.6754	1.6105	0.121108	106.859	0
24850	4.97	1.6754	1.6105	0.121108	106.836	0
24855	4.971	1.67541	1.6105	0.121108	107.15	0
24860	4.972	1.67541	1.6105	0.121108	107.334	0
24865	4.973	1.67541	1.6105	0.121108	107.138	0
24870	4.974	1.67541	1.6105	0.121109	106.771	0
24875	4.975	1.67541	1.6105	0.121109	107.025	0
24880	4.976	1.67541	1.6105	0.121109	107.302	0
24885	4.977	1.67542	1.6105	0.121109	107.274	0
24890	4.978	1.67541	1.6105	0.12111	106.79	0
24895	4.979	1.67541	1.6105	0.121109	106.888	0
24900	4.98	1.67541	1.6105	0.121109	107.21	0
24905	4.981	1.67541	1.6105	0.121109	107.332	0
24910	4.982	1.67541	1.6105	0.121109	107.044	0
24915	4.983	1.6754	1.6105	0.121109	106.861	0
24920	4.984	1.6754	1.6105	0.121109	107.151	0
24925	4.985	1.6754	1.6105	0.121109	107.382	0
24930	4.986	1.6754	1.6105	0.121109	107.269	0
24935	4.987	1.6754	1.6105	0.12111	106.677	0
24940	4.988	1.6754	1.6105	0.12111	106.864	0
24945	4.989	1.6754	1.6105	0.12111	107.177	0
24950	4.99	1.6754	1.6105	0.12111	107.236	0
24955	4.991	1.6754	1.6105	0.12111	106.857	0
24960	4.992	1.6754	1.6105	0.12111	106.834	0
24965	4.993	1.6754	1.6105	0.121111	107.151	0
24970	4.994	1.67542	1.6105	0.121111	107.335	0
24975	4.995	1.67542	1.6105	0.121111	107.139	0
24980	4.996	1.67542	1.6105	0.121111	106.769	0
24985	4.997	1.67541	1.6105	0.121112	107.023	0
24990	4.998	1.67542	1.6105	0.121112	107.3	0
24995	4.999	1.67542	1.6105	0.121112	107.275	0
25000	5	1.67542	1.6105	0.121112	106.79	0
25005	5.001	0	0	0	0	0
25010	5.002	0	0	0	0	0
25015	5.003	0	0	0	0	0
25020	5.004	0	0	0	0	0
25025	5.005	0	0	0	0	0
25030	5.006	0	0	0	0	0
25035	5.007	0	0	0	0	0
25040	5.008	0	0	0	0	0
25045	5.009	0	0	0	0	0
