TimeSlice	Time	ankle_L	hip_L	knee_L
2500	0.5	-0.224276	-0.0666579	-9.83166e-006
2505	0.501	-0.224277	-0.0666576	-9.67636e-006
2510	0.502	-0.224277	-0.0666573	-9.57473e-006
2515	0.503	-0.224277	-0.066657	-9.53356e-006
2520	0.504	-0.224277	-0.0666568	-9.54096e-006
2525	0.505	-0.224278	-0.0666566	-9.57358e-006
2530	0.506	-0.224278	-0.0666566	-9.57358e-006
2535	0.507	-0.224278	-0.0666563	-9.60806e-006
2540	0.508	-0.224278	-0.0666563	-9.89122e-006
2545	0.509	-0.224278	-0.0666562	-1.00086e-005
2550	0.51	-0.224278	-0.0666559	-9.94989e-006
2555	0.511	-0.224278	-0.0666556	-9.80335e-006
2560	0.512	-0.224278	-0.0666553	-9.66792e-006
2565	0.513	-0.224278	-0.0666551	-9.57415e-006
2570	0.514	-0.224278	-0.0666548	-9.54043e-006
2575	0.515	-0.224279	-0.0666546	-9.55732e-006
2580	0.516	-0.224279	-0.0666544	-9.58812e-006
2585	0.517	-0.224279	-0.0666544	-9.58812e-006
2590	0.518	-0.224279	-0.0666541	-9.61796e-006
2595	0.519	-0.224279	-0.0666541	-9.88696e-006
2600	0.52	-0.224279	-0.066654	-9.99679e-006
2605	0.521	-0.224279	-0.0666538	-9.94055e-006
2610	0.522	-0.224279	-0.0666535	-9.80112e-006
2615	0.523	-0.224279	-0.0666532	-9.66438e-006
2620	0.524	-0.224279	-0.0666529	-9.57808e-006
2625	0.525	-0.224279	-0.0666527	-9.54658e-006
2630	0.526	-0.224279	-0.0666524	-9.5586e-006
2635	0.527	-0.224279	-0.0666522	-9.58517e-006
2640	0.528	-0.224279	-0.0666522	-9.58517e-006
2645	0.529	-0.22428	-0.066652	-9.61635e-006
2650	0.53	-0.224279	-0.066652	-9.87752e-006
2655	0.531	-0.224279	-0.0666519	-9.9809e-006
2660	0.532	-0.224279	-0.0666517	-9.9268e-006
2665	0.533	-0.224279	-0.0666514	-9.79137e-006
2670	0.534	-0.224279	-0.0666511	-9.66241e-006
2675	0.535	-0.224279	-0.0666508	-9.57589e-006
2680	0.536	-0.224279	-0.0666506	-9.54264e-006
2685	0.537	-0.22428	-0.0666504	-9.55845e-006
2690	0.538	-0.22428	-0.0666502	-9.59122e-006
2695	0.539	-0.22428	-0.0666502	-9.59122e-006
2700	0.54	-0.22428	-0.06665	-9.62418e-006
2705	0.541	-0.22428	-0.06665	-9.87352e-006
2710	0.542	-0.22428	-0.0666499	-9.97525e-006
2715	0.543	-0.224279	-0.0666496	-9.9197e-006
2720	0.544	-0.224279	-0.0666494	-9.78552e-006
2725	0.545	-0.224279	-0.0666491	-9.66107e-006
2730	0.546	-0.22428	-0.0666488	-9.57541e-006
2735	0.547	-0.22428	-0.0666486	-9.54432e-006
2740	0.548	-0.22428	-0.0666484	-9.55973e-006
2745	0.549	-0.22428	-0.0666482	-9.58614e-006
2750	0.55	-0.22428	-0.0666482	-9.58614e-006
2755	0.551	-0.22428	-0.066648	-9.61853e-006
2760	0.552	-0.22428	-0.066648	-9.8633e-006
2765	0.553	-0.22428	-0.0666479	-9.96519e-006
2770	0.554	-0.224279	-0.0666477	-9.91902e-006
2775	0.555	-0.224279	-0.0666474	-9.7926e-006
2780	0.556	-0.224279	-0.0666472	-9.66912e-006
2785	0.557	-0.22428	-0.0666469	-9.58664e-006
2790	0.558	-0.22428	-0.0666467	-9.55249e-006
2795	0.559	-0.22428	-0.0666465	-9.56316e-006
2800	0.56	-0.22428	-0.0666463	-9.59058e-006
2805	0.561	-0.22428	-0.0666463	-9.59058e-006
2810	0.562	-0.22428	-0.0666461	-9.61805e-006
2815	0.563	-0.22428	-0.0666461	-9.85323e-006
2820	0.564	-0.22428	-0.066646	-9.94961e-006
2825	0.565	-0.224279	-0.0666458	-9.90302e-006
2830	0.566	-0.224279	-0.0666455	-9.78591e-006
2835	0.567	-0.224279	-0.0666453	-9.66895e-006
2840	0.568	-0.224279	-0.066645	-9.58877e-006
2845	0.569	-0.224279	-0.0666448	-9.56727e-006
2850	0.57	-0.22428	-0.0666446	-9.57776e-006
2855	0.571	-0.22428	-0.0666444	-9.59794e-006
2860	0.572	-0.22428	-0.0666444	-9.59794e-006
2865	0.573	-0.22428	-0.0666443	-9.62312e-006
2870	0.574	-0.224279	-0.0666442	-9.84699e-006
2875	0.575	-0.224279	-0.0666441	-9.93572e-006
2880	0.576	-0.224279	-0.0666439	-9.89345e-006
2885	0.577	-0.224279	-0.0666437	-9.78061e-006
2890	0.578	-0.224279	-0.0666434	-9.66951e-006
2895	0.579	-0.224279	-0.0666432	-9.58968e-006
2900	0.58	-0.224279	-0.066643	-9.56209e-006
2905	0.581	-0.224279	-0.0666428	-9.57622e-006
2910	0.582	-0.224279	-0.0666426	-9.5992e-006
2915	0.583	-0.224279	-0.0666426	-9.5992e-006
2920	0.584	-0.224279	-0.0666424	-9.62481e-006
2925	0.585	-0.224279	-0.0666424	-9.84871e-006
2930	0.586	-0.224279	-0.0666423	-9.94063e-006
2935	0.587	-0.224279	-0.0666421	-9.90126e-006
2940	0.588	-0.224279	-0.0666419	-9.7856e-006
2945	0.589	-0.224279	-0.0666416	-9.66795e-006
2950	0.59	-0.224279	-0.0666414	-9.58951e-006
2955	0.591	-0.224279	-0.0666412	-9.55812e-006
2960	0.592	-0.224279	-0.066641	-9.5676e-006
2965	0.593	-0.224279	-0.0666408	-9.59516e-006
2970	0.594	-0.224279	-0.0666408	-9.59516e-006
2975	0.595	-0.224279	-0.0666407	-9.62392e-006
2980	0.596	-0.224278	-0.0666406	-9.83867e-006
2985	0.597	-0.224278	-0.0666405	-9.92152e-006
2990	0.598	-0.224278	-0.0666403	-9.87974e-006
2995	0.599	-0.224278	-0.0666401	-9.77596e-006
3000	0.6	-0.224278	-0.0666399	-9.66759e-006
3005	0.601	-0.224278	-0.0666396	-9.59413e-006
3010	0.602	-0.224278	-0.0666394	-9.56755e-006
3015	0.603	-0.224278	-0.0666393	-9.58044e-006
3020	0.604	-0.224278	-0.0666391	-9.60351e-006
3025	0.605	-0.224278	-0.0666391	-9.60351e-006
3030	0.606	-0.224278	-0.0666389	-9.62627e-006
3035	0.607	-0.224278	-0.0666389	-9.84064e-006
3040	0.608	-0.224278	-0.0666388	-9.92975e-006
3045	0.609	-0.224277	-0.0666386	-9.88051e-006
3050	0.61	-0.224277	-0.0666384	-9.76828e-006
3055	0.611	-0.224277	-0.0666381	-9.66067e-006
3060	0.612	-0.224277	-0.0666379	-9.59086e-006
3065	0.613	-0.224277	-0.0666377	-9.56123e-006
3070	0.614	-0.224277	-0.0666375	-9.57511e-006
3075	0.615	-0.224277	-0.0666374	-9.60755e-006
3080	0.616	-0.224277	-0.0666374	-9.60755e-006
3085	0.617	-0.224277	-0.0666372	-9.64006e-006
3090	0.618	-0.224277	-0.0666372	-9.84405e-006
3095	0.619	-0.224277	-0.0666371	-9.92298e-006
3100	0.62	-0.224277	-0.0666369	-9.87826e-006
3105	0.621	-0.224277	-0.0666367	-9.77152e-006
3110	0.622	-0.224277	-0.0666364	-9.6616e-006
3115	0.623	-0.224277	-0.0666362	-9.58851e-006
3120	0.624	-0.224277	-0.066636	-9.56196e-006
3125	0.625	-0.224277	-0.0666358	-9.57262e-006
3130	0.626	-0.224277	-0.0666357	-9.59816e-006
3135	0.627	-0.224277	-0.0666357	-9.59816e-006
3140	0.628	-0.224277	-0.0666355	-9.62445e-006
3145	0.629	-0.224276	-0.0666355	-9.83451e-006
3150	0.63	-0.224276	-0.0666354	-9.92063e-006
3155	0.631	-0.224276	-0.0666352	-9.87804e-006
3160	0.632	-0.224276	-0.066635	-9.76828e-006
3165	0.633	-0.224276	-0.0666348	-9.66777e-006
3170	0.634	-0.224276	-0.0666345	-9.60151e-006
3175	0.635	-0.224276	-0.0666343	-9.57264e-006
3180	0.636	-0.224276	-0.0666342	-9.5771e-006
3185	0.637	-0.224276	-0.066634	-9.60167e-006
3190	0.638	-0.224276	-0.066634	-9.60167e-006
3195	0.639	-0.224276	-0.0666338	-9.63203e-006
3200	0.64	-0.224275	-0.0666338	-9.83472e-006
3205	0.641	-0.224275	-0.0666337	-9.91329e-006
3210	0.642	-0.224275	-0.0666335	-9.87058e-006
3215	0.643	-0.224275	-0.0666333	-9.76473e-006
3220	0.644	-0.224275	-0.0666331	-9.66132e-006
3225	0.645	-0.224275	-0.0666329	-9.5913e-006
3230	0.646	-0.224275	-0.0666327	-9.56507e-006
3235	0.647	-0.224275	-0.0666325	-9.57321e-006
3240	0.648	-0.224275	-0.0666324	-9.60164e-006
3245	0.649	-0.224275	-0.0666324	-9.60164e-006
3250	0.65	-0.224275	-0.0666322	-9.63058e-006
3255	0.651	-0.224274	-0.0666322	-9.83427e-006
3260	0.652	-0.224274	-0.0666321	-9.91779e-006
3265	0.653	-0.224274	-0.0666319	-9.87848e-006
3270	0.654	-0.224274	-0.0666317	-9.77575e-006
3275	0.655	-0.224274	-0.0666315	-9.667e-006
3280	0.656	-0.224274	-0.0666313	-9.59724e-006
3285	0.657	-0.224274	-0.0666311	-9.57634e-006
3290	0.658	-0.224274	-0.0666309	-9.58685e-006
3295	0.659	-0.224274	-0.0666307	-9.60545e-006
3300	0.66	-0.224274	-0.0666307	-9.60545e-006
3305	0.661	-0.224274	-0.0666306	-9.62507e-006
3310	0.662	-0.224273	-0.0666306	-9.83132e-006
3315	0.663	-0.224273	-0.0666305	-9.9186e-006
3320	0.664	-0.224273	-0.0666303	-9.88284e-006
3325	0.665	-0.224273	-0.0666301	-9.77146e-006
3330	0.666	-0.224273	-0.0666298	-9.66311e-006
3335	0.667	-0.224273	-0.0666296	-9.59578e-006
3340	0.668	-0.224273	-0.0666294	-9.5708e-006
3345	0.669	-0.224273	-0.0666293	-9.58227e-006
3350	0.67	-0.224273	-0.0666291	-9.60851e-006
3355	0.671	-0.224273	-0.0666291	-9.60851e-006
3360	0.672	-0.224273	-0.066629	-9.63353e-006
3365	0.673	-0.224272	-0.0666289	-9.82692e-006
3370	0.674	-0.224272	-0.0666288	-9.90283e-006
3375	0.675	-0.224272	-0.0666287	-9.86065e-006
3380	0.676	-0.224272	-0.0666285	-9.76294e-006
3385	0.677	-0.224272	-0.0666282	-9.66766e-006
3390	0.678	-0.224272	-0.066628	-9.59983e-006
3395	0.679	-0.224272	-0.0666278	-9.57351e-006
3400	0.68	-0.224272	-0.0666277	-9.58434e-006
3405	0.681	-0.224272	-0.0666275	-9.6079e-006
3410	0.682	-0.224272	-0.0666275	-9.6079e-006
3415	0.683	-0.224272	-0.0666274	-9.62845e-006
3420	0.684	-0.224271	-0.0666273	-9.82826e-006
3425	0.685	-0.224271	-0.0666272	-9.91193e-006
3430	0.686	-0.224271	-0.0666271	-9.87522e-006
3435	0.687	-0.224271	-0.0666269	-9.77367e-006
3440	0.688	-0.224271	-0.0666267	-9.67171e-006
3445	0.689	-0.224271	-0.0666265	-9.60296e-006
3450	0.69	-0.224271	-0.0666263	-9.57931e-006
3455	0.691	-0.224271	-0.0666261	-9.58983e-006
3460	0.692	-0.224271	-0.0666259	-9.60465e-006
3465	0.693	-0.224271	-0.0666259	-9.60465e-006
3470	0.694	-0.224271	-0.0666258	-9.62613e-006
3475	0.695	-0.22427	-0.0666258	-9.82474e-006
3480	0.696	-0.22427	-0.0666257	-9.90939e-006
3485	0.697	-0.22427	-0.0666255	-9.87367e-006
3490	0.698	-0.22427	-0.0666253	-9.76532e-006
3495	0.699	-0.224269	-0.0666251	-9.65725e-006
3500	0.7	-0.224269	-0.0666249	-9.59311e-006
3505	0.701	-0.224269	-0.0666247	-9.57379e-006
3510	0.702	-0.224269	-0.0666245	-9.58438e-006
3515	0.703	-0.224269	-0.0666244	-9.60665e-006
3520	0.704	-0.224269	-0.0666244	-9.60665e-006
3525	0.705	-0.224269	-0.0666242	-9.6323e-006
3530	0.706	-0.224269	-0.0666242	-9.83327e-006
3535	0.707	-0.224269	-0.0666241	-9.91718e-006
3540	0.708	-0.224269	-0.0666239	-9.87372e-006
3545	0.709	-0.224268	-0.0666237	-9.76904e-006
3550	0.71	-0.224268	-0.0666235	-9.66698e-006
3555	0.711	-0.224268	-0.0666233	-9.59773e-006
3560	0.712	-0.224268	-0.0666231	-9.57178e-006
3565	0.713	-0.224268	-0.066623	-9.58178e-006
3570	0.714	-0.224268	-0.0666228	-9.60618e-006
3575	0.715	-0.224268	-0.0666228	-9.60618e-006
3580	0.716	-0.224268	-0.0666226	-9.6327e-006
3585	0.717	-0.224268	-0.0666226	-9.82071e-006
3590	0.718	-0.224268	-0.0666225	-9.89622e-006
3595	0.719	-0.224267	-0.0666224	-9.85506e-006
3600	0.72	-0.224267	-0.0666222	-9.75984e-006
3605	0.721	-0.224267	-0.0666219	-9.66473e-006
3610	0.722	-0.224267	-0.0666217	-9.60217e-006
3615	0.723	-0.224267	-0.0666216	-9.57903e-006
3620	0.724	-0.224267	-0.0666214	-9.58726e-006
3625	0.725	-0.224267	-0.0666212	-9.61437e-006
3630	0.726	-0.224267	-0.0666212	-9.61437e-006
3635	0.727	-0.224267	-0.0666211	-9.63957e-006
3640	0.728	-0.224267	-0.0666211	-9.83021e-006
3645	0.729	-0.224266	-0.066621	-9.90675e-006
3650	0.73	-0.224266	-0.0666208	-9.86712e-006
3655	0.731	-0.224266	-0.0666206	-9.76621e-006
3660	0.732	-0.224266	-0.0666204	-9.66673e-006
3665	0.733	-0.224266	-0.0666202	-9.60349e-006
3670	0.734	-0.224266	-0.06662	-9.5805e-006
3675	0.735	-0.224266	-0.0666198	-9.59042e-006
3680	0.736	-0.224266	-0.0666197	-9.60536e-006
3685	0.737	-0.224266	-0.0666197	-9.60536e-006
3690	0.738	-0.224266	-0.0666195	-9.62769e-006
3695	0.739	-0.224265	-0.0666195	-9.82532e-006
3700	0.74	-0.224265	-0.0666194	-9.91168e-006
3705	0.741	-0.224265	-0.0666193	-9.87817e-006
3710	0.742	-0.224265	-0.0666191	-9.7741e-006
3715	0.743	-0.224265	-0.0666188	-9.66785e-006
3720	0.744	-0.224265	-0.0666186	-9.59703e-006
3725	0.745	-0.224265	-0.0666185	-9.57695e-006
3730	0.746	-0.224265	-0.0666183	-9.58548e-006
3735	0.747	-0.224265	-0.0666181	-9.60469e-006
3740	0.748	-0.224265	-0.0666181	-9.60469e-006
3745	0.749	-0.224265	-0.066618	-9.62903e-006
3750	0.75	-0.224264	-0.066618	-9.82022e-006
3755	0.751	-0.224264	-0.0666179	-9.89901e-006
3760	0.752	-0.224264	-0.0666177	-9.86909e-006
3765	0.753	-0.224263	-0.0666175	-9.77054e-006
3770	0.754	-0.224263	-0.0666173	-9.67026e-006
3775	0.755	-0.224263	-0.0666171	-9.60449e-006
3780	0.756	-0.224263	-0.0666169	-9.57581e-006
3785	0.757	-0.224263	-0.0666168	-9.58796e-006
3790	0.758	-0.224263	-0.0666166	-9.616e-006
3795	0.759	-0.224263	-0.0666166	-9.616e-006
3800	0.76	-0.224263	-0.0666165	-9.64404e-006
3805	0.761	-0.224263	-0.0666164	-9.83272e-006
3810	0.762	-0.224263	-0.0666163	-9.90261e-006
3815	0.763	-0.224262	-0.0666162	-9.85945e-006
3820	0.764	-0.224262	-0.066616	-9.75727e-006
3825	0.765	-0.224262	-0.0666158	-9.66466e-006
3830	0.766	-0.224262	-0.0666156	-9.60937e-006
3835	0.767	-0.224262	-0.0666154	-9.58547e-006
3840	0.768	-0.224262	-0.0666152	-9.58887e-006
3845	0.769	-0.224262	-0.0666151	-9.60562e-006
3850	0.77	-0.224262	-0.0666151	-9.60562e-006
3855	0.771	-0.224262	-0.0666149	-9.63125e-006
3860	0.772	-0.224262	-0.0666149	-9.81998e-006
3865	0.773	-0.224261	-0.0666148	-9.89629e-006
3870	0.774	-0.224261	-0.0666147	-9.85653e-006
3875	0.775	-0.224261	-0.0666144	-9.75846e-006
3880	0.776	-0.224261	-0.0666142	-9.66434e-006
3885	0.777	-0.224261	-0.066614	-9.60465e-006
3890	0.778	-0.224261	-0.0666139	-9.58817e-006
3895	0.779	-0.224261	-0.0666137	-9.60144e-006
3900	0.78	-0.224261	-0.0666136	-9.62534e-006
3905	0.781	-0.224261	-0.0666136	-9.62534e-006
3910	0.782	-0.224261	-0.0666134	-9.64284e-006
3915	0.783	-0.22426	-0.0666134	-9.82729e-006
3920	0.784	-0.22426	-0.0666133	-9.89818e-006
3925	0.785	-0.22426	-0.0666131	-9.86427e-006
3930	0.786	-0.22426	-0.0666129	-9.77173e-006
3935	0.787	-0.22426	-0.0666127	-9.67261e-006
3940	0.788	-0.224259	-0.0666125	-9.60408e-006
3945	0.789	-0.224259	-0.0666123	-9.57924e-006
3950	0.79	-0.224259	-0.0666122	-9.59057e-006
3955	0.791	-0.224259	-0.066612	-9.61041e-006
3960	0.792	-0.224259	-0.066612	-9.61041e-006
3965	0.793	-0.224259	-0.0666119	-9.63125e-006
3970	0.794	-0.224259	-0.0666119	-9.82414e-006
3975	0.795	-0.224259	-0.0666118	-9.9053e-006
3980	0.796	-0.224258	-0.0666116	-9.87029e-006
3985	0.797	-0.224258	-0.0666114	-9.77522e-006
3990	0.798	-0.224258	-0.0666112	-9.67571e-006
3995	0.799	-0.224258	-0.066611	-9.61151e-006
4000	0.8	-0.224258	-0.0666108	-9.58727e-006
4005	0.801	-0.224258	-0.0666107	-9.59423e-006
4010	0.802	-0.224258	-0.0666105	-9.61079e-006
4015	0.803	-0.224258	-0.0666105	-9.61079e-006
4020	0.804	-0.224258	-0.0666104	-9.63483e-006
4025	0.805	-0.224258	-0.0666104	-9.82723e-006
4030	0.806	-0.224257	-0.0666103	-9.9071e-006
4035	0.807	-0.224257	-0.0666101	-9.87212e-006
4040	0.808	-0.224257	-0.0666099	-9.76825e-006
4045	0.809	-0.224257	-0.0666097	-9.66531e-006
4050	0.81	-0.224257	-0.0666095	-9.60499e-006
4055	0.811	-0.224257	-0.0666093	-9.58652e-006
4060	0.812	-0.224257	-0.0666092	-9.59448e-006
4065	0.813	-0.224257	-0.066609	-9.61282e-006
4070	0.814	-0.224257	-0.066609	-9.61282e-006
4075	0.815	-0.224257	-0.0666089	-9.63506e-006
4080	0.816	-0.224256	-0.0666088	-9.82695e-006
4085	0.817	-0.224256	-0.0666087	-9.90742e-006
4090	0.818	-0.224256	-0.0666086	-9.86742e-006
4095	0.819	-0.224256	-0.0666084	-9.76753e-006
4100	0.82	-0.224256	-0.0666082	-9.66943e-006
4105	0.821	-0.224256	-0.066608	-9.6071e-006
4110	0.822	-0.224256	-0.0666078	-9.58206e-006
4115	0.823	-0.224255	-0.0666076	-9.59112e-006
4120	0.824	-0.224255	-0.0666075	-9.61286e-006
4125	0.825	-0.224255	-0.0666075	-9.61286e-006
4130	0.826	-0.224255	-0.0666073	-9.63965e-006
4135	0.827	-0.224255	-0.0666073	-9.82225e-006
4140	0.828	-0.224255	-0.0666072	-9.89229e-006
4145	0.829	-0.224255	-0.0666071	-9.85282e-006
4150	0.83	-0.224254	-0.0666069	-9.75634e-006
4155	0.831	-0.224254	-0.0666067	-9.66919e-006
4160	0.832	-0.224254	-0.0666065	-9.6154e-006
4165	0.833	-0.224254	-0.0666063	-9.59601e-006
4170	0.834	-0.224254	-0.0666061	-9.60413e-006
4175	0.835	-0.224254	-0.066606	-9.62427e-006
4180	0.836	-0.224254	-0.066606	-9.62427e-006
4185	0.837	-0.224254	-0.0666058	-9.65094e-006
4190	0.838	-0.224254	-0.0666058	-9.83269e-006
4195	0.839	-0.224253	-0.0666057	-9.90423e-006
4200	0.84	-0.224253	-0.0666056	-9.86572e-006
4205	0.841	-0.224253	-0.0666054	-9.76891e-006
4210	0.842	-0.224253	-0.0666052	-9.66981e-006
4215	0.843	-0.224253	-0.066605	-9.604e-006
4220	0.844	-0.224253	-0.0666048	-9.58427e-006
4225	0.845	-0.224253	-0.0666046	-9.59642e-006
4230	0.846	-0.224253	-0.0666045	-9.62046e-006
4235	0.847	-0.224253	-0.0666045	-9.62046e-006
4240	0.848	-0.224253	-0.0666043	-9.63917e-006
4245	0.849	-0.224252	-0.0666043	-9.82291e-006
4250	0.85	-0.224252	-0.0666042	-9.89608e-006
4255	0.851	-0.224252	-0.066604	-9.86325e-006
4260	0.852	-0.224252	-0.0666039	-9.76986e-006
4265	0.853	-0.224252	-0.0666036	-9.67585e-006
4270	0.854	-0.224252	-0.0666035	-9.61413e-006
4275	0.855	-0.224251	-0.0666033	-9.59007e-006
4280	0.856	-0.224251	-0.0666031	-9.60348e-006
4285	0.857	-0.224251	-0.066603	-9.62608e-006
4290	0.858	-0.224251	-0.066603	-9.62608e-006
4295	0.859	-0.224251	-0.0666028	-9.6453e-006
4300	0.86	-0.224251	-0.0666028	-9.83029e-006
4305	0.861	-0.224251	-0.0666027	-9.90486e-006
4310	0.862	-0.224251	-0.0666026	-9.86539e-006
4315	0.863	-0.22425	-0.0666023	-9.76978e-006
4320	0.864	-0.22425	-0.0666021	-9.67505e-006
4325	0.865	-0.22425	-0.0666019	-9.6097e-006
4330	0.866	-0.22425	-0.0666018	-9.58722e-006
4335	0.867	-0.22425	-0.0666016	-9.59544e-006
4340	0.868	-0.22425	-0.0666015	-9.60875e-006
4345	0.869	-0.22425	-0.0666015	-9.60875e-006
4350	0.87	-0.22425	-0.0666013	-9.63228e-006
4355	0.871	-0.22425	-0.0666013	-9.82762e-006
4360	0.872	-0.224249	-0.0666012	-9.91125e-006
4365	0.873	-0.224249	-0.0666011	-9.87866e-006
4370	0.874	-0.224249	-0.0666009	-9.77731e-006
4375	0.875	-0.224249	-0.0666006	-9.67432e-006
4380	0.876	-0.224249	-0.0666004	-9.61198e-006
4385	0.877	-0.224249	-0.0666003	-9.59292e-006
4390	0.878	-0.224249	-0.0666001	-9.59676e-006
4395	0.879	-0.224249	-0.0666	-9.61263e-006
4400	0.88	-0.224249	-0.0666	-9.61263e-006
4405	0.881	-0.224249	-0.0665998	-9.63354e-006
4410	0.882	-0.224248	-0.0665998	-9.82213e-006
4415	0.883	-0.224248	-0.0665997	-9.90088e-006
4420	0.884	-0.224248	-0.0665995	-9.86429e-006
4425	0.885	-0.224248	-0.0665993	-9.77055e-006
4430	0.886	-0.224248	-0.0665991	-9.67515e-006
4435	0.887	-0.224247	-0.0665989	-9.61298e-006
4440	0.888	-0.224247	-0.0665988	-9.58562e-006
4445	0.889	-0.224247	-0.0665986	-9.59439e-006
4450	0.89	-0.224247	-0.0665985	-9.62145e-006
4455	0.891	-0.224247	-0.0665985	-9.62145e-006
4460	0.892	-0.224247	-0.0665983	-9.64931e-006
4465	0.893	-0.224247	-0.0665983	-9.83448e-006
4470	0.894	-0.224247	-0.0665982	-9.90373e-006
4475	0.895	-0.224246	-0.066598	-9.86111e-006
4480	0.896	-0.224246	-0.0665978	-9.75998e-006
4485	0.897	-0.224246	-0.0665976	-9.66979e-006
4490	0.898	-0.224246	-0.0665974	-9.61519e-006
4495	0.899	-0.224246	-0.0665973	-9.59394e-006
4500	0.9	-0.224246	-0.0665971	-9.5995e-006
4505	0.901	-0.224246	-0.066597	-9.61826e-006
4510	0.902	-0.224246	-0.066597	-9.61826e-006
4515	0.903	-0.224246	-0.0665968	-9.64468e-006
4520	0.904	-0.224246	-0.0665968	-9.82814e-006
4525	0.905	-0.224245	-0.0665967	-9.90173e-006
4530	0.906	-0.224245	-0.0665965	-9.86181e-006
4535	0.907	-0.224245	-0.0665963	-9.76505e-006
4540	0.908	-0.224245	-0.0665961	-9.67361e-006
4545	0.909	-0.224245	-0.0665959	-9.60539e-006
4550	0.91	-0.224245	-0.0665958	-9.58864e-006
4555	0.911	-0.224245	-0.0665956	-9.60545e-006
4560	0.912	-0.224245	-0.0665955	-9.63236e-006
4565	0.913	-0.224245	-0.0665955	-9.63236e-006
4570	0.914	-0.224245	-0.0665953	-9.65123e-006
4575	0.915	-0.224244	-0.0665953	-9.83202e-006
4580	0.916	-0.224244	-0.0665952	-9.90288e-006
4585	0.917	-0.224244	-0.066595	-9.86695e-006
4590	0.918	-0.224244	-0.0665948	-9.77361e-006
4595	0.919	-0.224243	-0.0665946	-9.68247e-006
4600	0.92	-0.224243	-0.0665944	-9.61467e-006
4605	0.921	-0.224243	-0.0665943	-9.58768e-006
4610	0.922	-0.224243	-0.0665941	-9.59924e-006
4615	0.923	-0.224243	-0.066594	-9.62323e-006
4620	0.924	-0.224243	-0.066594	-9.62323e-006
4625	0.925	-0.224243	-0.0665938	-9.64276e-006
4630	0.926	-0.224243	-0.0665938	-9.82746e-006
4635	0.927	-0.224243	-0.0665937	-9.90018e-006
4640	0.928	-0.224242	-0.0665935	-9.86112e-006
4645	0.929	-0.224242	-0.0665933	-9.76508e-006
4650	0.93	-0.224242	-0.0665931	-9.67343e-006
4655	0.931	-0.224242	-0.0665929	-9.61769e-006
4660	0.932	-0.224242	-0.0665928	-9.6006e-006
4665	0.933	-0.224242	-0.0665926	-9.61026e-006
4670	0.934	-0.224242	-0.0665925	-9.62365e-006
4675	0.935	-0.224242	-0.0665925	-9.62365e-006
4680	0.936	-0.224242	-0.0665923	-9.64738e-006
4685	0.937	-0.224242	-0.0665923	-9.8341e-006
4690	0.938	-0.224241	-0.0665922	-9.91128e-006
4695	0.939	-0.224241	-0.0665921	-9.87493e-006
4700	0.94	-0.224241	-0.0665919	-9.77995e-006
4705	0.941	-0.224241	-0.0665917	-9.67793e-006
4710	0.942	-0.224241	-0.0665914	-9.60652e-006
4715	0.943	-0.224241	-0.0665913	-9.58288e-006
4720	0.944	-0.224241	-0.0665911	-9.5904e-006
4725	0.945	-0.224241	-0.066591	-9.61237e-006
4730	0.946	-0.224241	-0.066591	-9.61237e-006
4735	0.947	-0.224241	-0.0665908	-9.63463e-006
4740	0.948	-0.22424	-0.0665908	-9.8246e-006
4745	0.949	-0.22424	-0.0665907	-9.90609e-006
4750	0.95	-0.22424	-0.0665906	-9.87603e-006
4755	0.951	-0.22424	-0.0665904	-9.78065e-006
4760	0.952	-0.224239	-0.0665902	-9.68552e-006
4765	0.953	-0.224239	-0.06659	-9.62207e-006
4770	0.954	-0.224239	-0.0665898	-9.60044e-006
4775	0.955	-0.224239	-0.0665896	-9.60352e-006
4780	0.956	-0.224239	-0.0665895	-9.62227e-006
4785	0.957	-0.224239	-0.0665895	-9.62227e-006
4790	0.958	-0.224239	-0.0665893	-9.64631e-006
4795	0.959	-0.224239	-0.0665893	-9.83354e-006
4800	0.96	-0.224239	-0.0665892	-9.91088e-006
4805	0.961	-0.224238	-0.0665891	-9.86739e-006
4810	0.962	-0.224238	-0.0665889	-9.76421e-006
4815	0.963	-0.224238	-0.0665887	-9.67273e-006
4820	0.964	-0.224238	-0.0665885	-9.6149e-006
4825	0.965	-0.224238	-0.0665883	-9.59147e-006
4830	0.966	-0.224238	-0.0665881	-9.59534e-006
4835	0.967	-0.224238	-0.066588	-9.61681e-006
4840	0.968	-0.224238	-0.066588	-9.61681e-006
4845	0.969	-0.224238	-0.0665878	-9.64228e-006
4850	0.97	-0.224237	-0.0665878	-9.83432e-006
4855	0.971	-0.224237	-0.0665877	-9.90948e-006
4860	0.972	-0.224237	-0.0665876	-9.87034e-006
4865	0.973	-0.224237	-0.0665874	-9.77378e-006
4870	0.974	-0.224237	-0.0665872	-9.67928e-006
4875	0.975	-0.224237	-0.066587	-9.61512e-006
4880	0.976	-0.224237	-0.0665868	-9.59435e-006
4885	0.977	-0.224237	-0.0665866	-9.60508e-006
4890	0.978	-0.224237	-0.0665865	-9.62607e-006
4895	0.979	-0.224237	-0.0665865	-9.62607e-006
4900	0.98	-0.224236	-0.0665863	-9.64882e-006
4905	0.981	-0.224236	-0.0665863	-9.82921e-006
4910	0.982	-0.224236	-0.0665862	-9.89901e-006
4915	0.983	-0.224236	-0.0665861	-9.85963e-006
4920	0.984	-0.224235	-0.0665859	-9.76912e-006
4925	0.985	-0.224235	-0.0665857	-9.67954e-006
4930	0.986	-0.224235	-0.0665855	-9.61717e-006
4935	0.987	-0.224235	-0.0665853	-9.59637e-006
4940	0.988	-0.224235	-0.0665851	-9.60568e-006
4945	0.989	-0.224235	-0.066585	-9.63407e-006
4950	0.99	-0.224235	-0.066585	-9.63407e-006
4955	0.991	-0.224235	-0.0665848	-9.6585e-006
4960	0.992	-0.224235	-0.0665848	-9.83758e-006
4965	0.993	-0.224234	-0.0665847	-9.90737e-006
4970	0.994	-0.224234	-0.0665846	-9.8673e-006
4975	0.995	-0.224234	-0.0665844	-9.76862e-006
4980	0.996	-0.224234	-0.0665842	-9.67698e-006
4985	0.997	-0.224234	-0.066584	-9.61609e-006
4990	0.998	-0.224234	-0.0665838	-9.59496e-006
4995	0.999	-0.224234	-0.0665836	-9.60537e-006
5000	1	-0.224234	-0.0665835	-9.62725e-006
5005	1.001	-0.224234	-0.0665835	-9.62725e-006
5010	1.002	-0.224234	-0.0665834	-9.6442e-006
5015	1.003	-0.224233	-0.0665833	-9.83188e-006
5020	1.004	-0.224233	-0.0665832	-9.91053e-006
5025	1.005	-0.224233	-0.0665831	-9.87734e-006
5030	1.006	-0.224233	-0.0665829	-9.78088e-006
5035	1.007	-0.224233	-0.0665827	-9.68215e-006
5040	1.008	-0.224233	-0.0665825	-9.61711e-006
5045	1.009	-0.224232	-0.0665823	-9.59854e-006
5050	1.01	-0.224232	-0.0665822	-9.61231e-006
5055	1.011	-0.224232	-0.066582	-9.63128e-006
5060	1.012	-0.224232	-0.066582	-9.63128e-006
5065	1.013	-0.224232	-0.0665819	-9.64748e-006
5070	1.014	-0.224232	-0.0665818	-9.83319e-006
5075	1.015	-0.224232	-0.0665817	-9.90914e-006
5080	1.016	-0.224231	-0.0665816	-9.87088e-006
5085	1.017	-0.224231	-0.0665814	-9.7796e-006
5090	1.018	-0.224231	-0.0665812	-9.68553e-006
5095	1.019	-0.224231	-0.066581	-9.61908e-006
5100	1.02	-0.224231	-0.0665808	-9.59386e-006
5105	1.021	-0.224231	-0.0665807	-9.60163e-006
5110	1.022	-0.224231	-0.0665805	-9.62233e-006
5115	1.023	-0.224231	-0.0665805	-9.62233e-006
5120	1.024	-0.224231	-0.0665804	-9.64628e-006
5125	1.025	-0.224231	-0.0665803	-9.83565e-006
5130	1.026	-0.22423	-0.0665803	-9.91416e-006
5135	1.027	-0.22423	-0.0665801	-9.88059e-006
5140	1.028	-0.22423	-0.0665799	-9.78094e-006
5145	1.029	-0.22423	-0.0665797	-9.68065e-006
5150	1.03	-0.22423	-0.0665795	-9.61956e-006
5155	1.031	-0.22423	-0.0665793	-9.60159e-006
5160	1.032	-0.22423	-0.0665792	-9.60737e-006
5165	1.033	-0.22423	-0.066579	-9.6239e-006
5170	1.034	-0.22423	-0.066579	-9.6239e-006
5175	1.035	-0.22423	-0.0665789	-9.64268e-006
5180	1.036	-0.224229	-0.0665789	-9.83392e-006
5185	1.037	-0.224229	-0.0665788	-9.91802e-006
5190	1.038	-0.224229	-0.0665786	-9.87856e-006
5195	1.039	-0.224229	-0.0665784	-9.77824e-006
5200	1.04	-0.224228	-0.0665782	-9.67744e-006
5205	1.041	-0.224228	-0.066578	-9.61041e-006
5210	1.042	-0.224228	-0.0665778	-9.58258e-006
5215	1.043	-0.224228	-0.0665777	-9.59148e-006
5220	1.044	-0.224228	-0.0665775	-9.61998e-006
5225	1.045	-0.224228	-0.0665775	-9.61998e-006
5230	1.046	-0.224228	-0.0665774	-9.65491e-006
5235	1.047	-0.224228	-0.0665774	-9.84047e-006
5240	1.048	-0.224228	-0.0665773	-9.90918e-006
5245	1.049	-0.224227	-0.0665771	-9.86799e-006
5250	1.05	-0.224227	-0.0665769	-9.76841e-006
5255	1.051	-0.224227	-0.0665767	-9.67868e-006
5260	1.052	-0.224227	-0.0665765	-9.62371e-006
5265	1.053	-0.224227	-0.0665763	-9.59946e-006
5270	1.054	-0.224227	-0.0665762	-9.60399e-006
5275	1.055	-0.224227	-0.066576	-9.62581e-006
5280	1.056	-0.224227	-0.066576	-9.62581e-006
5285	1.057	-0.224227	-0.0665759	-9.65169e-006
5290	1.058	-0.224227	-0.0665759	-9.833e-006
5295	1.059	-0.224226	-0.0665758	-9.90522e-006
5300	1.06	-0.224226	-0.0665756	-9.86698e-006
5305	1.061	-0.224226	-0.0665754	-9.77218e-006
5310	1.062	-0.224226	-0.0665752	-9.68021e-006
5315	1.063	-0.224226	-0.066575	-9.61864e-006
5320	1.064	-0.224226	-0.0665748	-9.60165e-006
5325	1.065	-0.224226	-0.0665747	-9.61571e-006
5330	1.066	-0.224226	-0.0665746	-9.63606e-006
5335	1.067	-0.224226	-0.0665746	-9.63606e-006
5340	1.068	-0.224226	-0.0665744	-9.65789e-006
5345	1.069	-0.224225	-0.0665744	-9.83697e-006
5350	1.07	-0.224225	-0.0665743	-9.90666e-006
5355	1.071	-0.224225	-0.0665741	-9.87055e-006
5360	1.072	-0.224224	-0.0665739	-9.78017e-006
5365	1.073	-0.224224	-0.0665737	-9.69186e-006
5370	1.074	-0.224224	-0.0665735	-9.62786e-006
5375	1.075	-0.224224	-0.0665734	-9.60098e-006
5380	1.076	-0.224224	-0.0665732	-9.61029e-006
5385	1.077	-0.224224	-0.0665731	-9.63449e-006
5390	1.078	-0.224224	-0.0665731	-9.63449e-006
5395	1.079	-0.224224	-0.0665729	-9.65388e-006
5400	1.08	-0.224224	-0.0665729	-9.83636e-006
5405	1.081	-0.224223	-0.0665728	-9.90762e-006
5410	1.082	-0.224223	-0.0665726	-9.86855e-006
5415	1.083	-0.224223	-0.0665724	-9.77578e-006
5420	1.084	-0.224223	-0.0665722	-9.68453e-006
5425	1.085	-0.224223	-0.066572	-9.62696e-006
5430	1.086	-0.224223	-0.0665719	-9.60875e-006
5435	1.087	-0.224223	-0.0665717	-9.62039e-006
5440	1.088	-0.224223	-0.0665716	-9.63439e-006
5445	1.089	-0.224223	-0.0665716	-9.63439e-006
5450	1.09	-0.224223	-0.0665714	-9.65522e-006
5455	1.091	-0.224222	-0.0665714	-9.8376e-006
5460	1.092	-0.224222	-0.0665713	-9.91331e-006
5465	1.093	-0.224222	-0.0665711	-9.87812e-006
5470	1.094	-0.224222	-0.066571	-9.78336e-006
5475	1.095	-0.224222	-0.0665707	-9.68358e-006
5480	1.096	-0.224222	-0.0665706	-9.61591e-006
5485	1.097	-0.224222	-0.0665704	-9.59794e-006
5490	1.098	-0.224221	-0.0665702	-9.61011e-006
5495	1.099	-0.224221	-0.0665701	-9.62948e-006
5500	1.1	-0.224221	-0.0665701	-9.62948e-006
5505	1.101	-0.224221	-0.0665699	-9.65016e-006
5510	1.102	-0.224221	-0.0665699	-9.83712e-006
5515	1.103	-0.224221	-0.0665698	-9.91489e-006
5520	1.104	-0.224221	-0.0665697	-9.88559e-006
5525	1.105	-0.22422	-0.0665695	-9.78841e-006
5530	1.106	-0.22422	-0.0665693	-9.69112e-006
5535	1.107	-0.22422	-0.0665691	-9.62623e-006
5540	1.108	-0.22422	-0.0665689	-9.60281e-006
5545	1.109	-0.22422	-0.0665687	-9.61026e-006
5550	1.11	-0.22422	-0.0665686	-9.63222e-006
5555	1.111	-0.22422	-0.0665686	-9.63222e-006
5560	1.112	-0.22422	-0.0665684	-9.65618e-006
5565	1.113	-0.22422	-0.0665684	-9.84117e-006
5570	1.114	-0.224219	-0.0665683	-9.91681e-006
5575	1.115	-0.224219	-0.0665682	-9.87859e-006
5580	1.116	-0.224219	-0.066568	-9.7772e-006
5585	1.117	-0.224219	-0.0665678	-9.68031e-006
5590	1.118	-0.224219	-0.0665676	-9.61811e-006
5595	1.119	-0.224219	-0.0665674	-9.59968e-006
5600	1.12	-0.224219	-0.0665672	-9.60569e-006
5605	1.121	-0.224219	-0.0665671	-9.62596e-006
5610	1.122	-0.224219	-0.0665671	-9.62596e-006
5615	1.123	-0.224219	-0.0665669	-9.65528e-006
5620	1.124	-0.224218	-0.0665669	-9.84482e-006
5625	1.125	-0.224218	-0.0665668	-9.92462e-006
5630	1.126	-0.224218	-0.0665667	-9.88258e-006
5635	1.127	-0.224218	-0.0665665	-9.77963e-006
5640	1.128	-0.224217	-0.0665663	-9.68013e-006
5645	1.129	-0.224217	-0.0665661	-9.61755e-006
5650	1.13	-0.224217	-0.0665659	-9.59797e-006
5655	1.131	-0.224217	-0.0665657	-9.60907e-006
5660	1.132	-0.224217	-0.0665656	-9.62991e-006
5665	1.133	-0.224217	-0.0665656	-9.62991e-006
5670	1.134	-0.224217	-0.0665655	-9.65569e-006
5675	1.135	-0.224217	-0.0665654	-9.83677e-006
5680	1.136	-0.224217	-0.0665653	-9.90651e-006
5685	1.137	-0.224216	-0.0665652	-9.86626e-006
5690	1.138	-0.224216	-0.066565	-9.7757e-006
5695	1.139	-0.224216	-0.0665648	-9.68756e-006
5700	1.14	-0.224216	-0.0665646	-9.63076e-006
5705	1.141	-0.224216	-0.0665644	-9.60799e-006
5710	1.142	-0.224216	-0.0665643	-9.61301e-006
5715	1.143	-0.224216	-0.0665641	-9.63646e-006
5720	1.144	-0.224216	-0.0665641	-9.63646e-006
5725	1.145	-0.224216	-0.066564	-9.66255e-006
5730	1.146	-0.224216	-0.0665639	-9.84197e-006
5735	1.147	-0.224215	-0.0665639	-9.91228e-006
5740	1.148	-0.224215	-0.0665637	-9.87503e-006
5745	1.149	-0.224215	-0.0665635	-9.78095e-006
5750	1.15	-0.224215	-0.0665633	-9.68628e-006
5755	1.151	-0.224215	-0.0665631	-9.62343e-006
5760	1.152	-0.224215	-0.0665629	-9.60381e-006
5765	1.153	-0.224215	-0.0665628	-9.61342e-006
5770	1.154	-0.224215	-0.0665626	-9.63492e-006
5775	1.155	-0.224215	-0.0665626	-9.63492e-006
5780	1.156	-0.224215	-0.0665625	-9.64997e-006
5785	1.157	-0.224214	-0.0665625	-9.83722e-006
5790	1.158	-0.224214	-0.0665624	-9.91528e-006
5795	1.159	-0.224214	-0.0665622	-9.88208e-006
5800	1.16	-0.224213	-0.066562	-9.78684e-006
5805	1.161	-0.224213	-0.0665618	-9.69647e-006
5810	1.162	-0.224213	-0.0665616	-9.63278e-006
5815	1.163	-0.224213	-0.0665614	-9.61169e-006
5820	1.164	-0.224213	-0.0665613	-9.6213e-006
5825	1.165	-0.224213	-0.0665611	-9.64459e-006
5830	1.166	-0.224213	-0.0665611	-9.64459e-006
5835	1.167	-0.224213	-0.066561	-9.65909e-006
5840	1.168	-0.224213	-0.066561	-9.84032e-006
5845	1.169	-0.224213	-0.0665609	-9.91294e-006
5850	1.17	-0.224212	-0.0665607	-9.87313e-006
5855	1.171	-0.224212	-0.0665605	-9.78342e-006
5860	1.172	-0.224212	-0.0665603	-9.68979e-006
5865	1.173	-0.224212	-0.0665601	-9.6237e-006
5870	1.174	-0.224212	-0.0665599	-9.60018e-006
5875	1.175	-0.224212	-0.0665598	-9.61053e-006
5880	1.176	-0.224212	-0.0665596	-9.63162e-006
5885	1.177	-0.224212	-0.0665596	-9.63162e-006
5890	1.178	-0.224212	-0.0665595	-9.65486e-006
5895	1.179	-0.224211	-0.0665595	-9.84381e-006
5900	1.18	-0.224211	-0.0665594	-9.92376e-006
5905	1.181	-0.224211	-0.0665592	-9.89095e-006
5910	1.182	-0.224211	-0.066559	-9.79003e-006
5915	1.183	-0.224211	-0.0665588	-9.68913e-006
5920	1.184	-0.224211	-0.0665586	-9.62755e-006
5925	1.185	-0.224211	-0.0665585	-9.60852e-006
5930	1.186	-0.224211	-0.0665583	-9.61486e-006
5935	1.187	-0.22421	-0.0665581	-9.63174e-006
5940	1.188	-0.22421	-0.0665581	-9.63174e-006
5945	1.189	-0.22421	-0.066558	-9.65338e-006
5950	1.19	-0.22421	-0.066558	-9.84535e-006
5955	1.191	-0.22421	-0.0665579	-9.92613e-006
5960	1.192	-0.22421	-0.0665577	-9.88989e-006
5965	1.193	-0.224209	-0.0665575	-9.78614e-006
5970	1.194	-0.224209	-0.0665573	-9.68279e-006
5975	1.195	-0.224209	-0.0665571	-9.61547e-006
5980	1.196	-0.224209	-0.066557	-9.59374e-006
5985	1.197	-0.224209	-0.0665568	-9.60112e-006
5990	1.198	-0.224209	-0.0665566	-9.62725e-006
5995	1.199	-0.224209	-0.0665566	-9.62725e-006
6000	1.2	-0.224209	-0.0665565	-9.65788e-006
6005	1.201	-0.224209	-0.0665565	-9.84511e-006
6010	1.202	-0.224208	-0.0665564	-9.92358e-006
6015	1.203	-0.224208	-0.0665562	-9.88502e-006
6020	1.204	-0.224208	-0.066556	-9.78538e-006
6025	1.205	-0.224208	-0.0665558	-9.68932e-006
6030	1.206	-0.224208	-0.0665556	-9.62857e-006
6035	1.207	-0.224208	-0.0665555	-9.60349e-006
6040	1.208	-0.224208	-0.0665553	-9.60802e-006
6045	1.209	-0.224208	-0.0665552	-9.62738e-006
6050	1.21	-0.224208	-0.0665552	-9.62738e-006
6055	1.211	-0.224208	-0.066555	-9.65299e-006
6060	1.212	-0.224207	-0.066555	-9.84295e-006
6065	1.213	-0.224207	-0.0665549	-9.91793e-006
6070	1.214	-0.224207	-0.0665547	-9.87887e-006
6075	1.215	-0.224207	-0.0665545	-9.78056e-006
6080	1.216	-0.224207	-0.0665543	-9.68331e-006
6085	1.217	-0.224206	-0.0665542	-9.62633e-006
6090	1.218	-0.224206	-0.066554	-9.60647e-006
6095	1.219	-0.224206	-0.0665538	-9.61565e-006
6100	1.22	-0.224206	-0.0665537	-9.63951e-006
6105	1.221	-0.224206	-0.0665537	-9.63951e-006
6110	1.222	-0.224206	-0.0665535	-9.66312e-006
6115	1.223	-0.224206	-0.0665535	-9.84241e-006
6120	1.224	-0.224206	-0.0665534	-9.91278e-006
6125	1.225	-0.224205	-0.0665533	-9.87721e-006
6130	1.226	-0.224205	-0.0665531	-9.78719e-006
6135	1.227	-0.224205	-0.0665529	-9.69826e-006
6140	1.228	-0.224205	-0.0665527	-9.63221e-006
6145	1.229	-0.224205	-0.0665525	-9.60437e-006
6150	1.23	-0.224205	-0.0665523	-9.61568e-006
6155	1.231	-0.224205	-0.0665522	-9.64044e-006
6160	1.232	-0.224205	-0.0665522	-9.64044e-006
6165	1.233	-0.224205	-0.066552	-9.66034e-006
6170	1.234	-0.224205	-0.066552	-9.84214e-006
6175	1.235	-0.224204	-0.0665519	-9.91481e-006
6180	1.236	-0.224204	-0.0665518	-9.87687e-006
6185	1.237	-0.224204	-0.0665516	-9.7818e-006
6190	1.238	-0.224204	-0.0665514	-9.69669e-006
6195	1.239	-0.224204	-0.0665512	-9.63631e-006
6200	1.24	-0.224204	-0.066551	-9.61573e-006
6205	1.241	-0.224204	-0.0665508	-9.62401e-006
6210	1.242	-0.224204	-0.0665507	-9.64263e-006
6215	1.243	-0.224204	-0.0665507	-9.64263e-006
6220	1.244	-0.224204	-0.0665505	-9.66444e-006
6225	1.245	-0.224203	-0.0665505	-9.84763e-006
6230	1.246	-0.224203	-0.0665504	-9.92184e-006
6235	1.247	-0.224203	-0.0665503	-9.8848e-006
6240	1.248	-0.224202	-0.0665501	-9.78864e-006
6245	1.249	-0.224202	-0.0665499	-9.68806e-006
6250	1.25	-0.224202	-0.0665497	-9.62165e-006
6255	1.251	-0.224202	-0.0665495	-9.60288e-006
6260	1.252	-0.224202	-0.0665494	-9.61565e-006
6265	1.253	-0.224202	-0.0665492	-9.63715e-006
6270	1.254	-0.224202	-0.0665492	-9.63715e-006
6275	1.255	-0.224202	-0.0665491	-9.65828e-006
6280	1.256	-0.224202	-0.066549	-9.84411e-006
6285	1.257	-0.224202	-0.0665489	-9.92163e-006
6290	1.258	-0.224201	-0.0665488	-9.89259e-006
6295	1.259	-0.224201	-0.0665486	-9.80401e-006
6300	1.26	-0.224201	-0.0665484	-9.70606e-006
6305	1.261	-0.224201	-0.0665482	-9.63733e-006
6310	1.262	-0.224201	-0.066548	-9.61029e-006
6315	1.263	-0.224201	-0.0665479	-9.6214e-006
6320	1.264	-0.224201	-0.0665477	-9.64141e-006
6325	1.265	-0.224201	-0.0665477	-9.64141e-006
6330	1.266	-0.224201	-0.0665476	-9.65876e-006
6335	1.267	-0.2242	-0.0665476	-9.84487e-006
6340	1.268	-0.2242	-0.0665475	-9.9211e-006
6345	1.269	-0.2242	-0.0665473	-9.88457e-006
6350	1.27	-0.2242	-0.0665471	-9.7812e-006
6355	1.271	-0.2242	-0.0665469	-9.68626e-006
6360	1.272	-0.2242	-0.0665467	-9.62927e-006
6365	1.273	-0.2242	-0.0665465	-9.61036e-006
6370	1.274	-0.2242	-0.0665464	-9.61497e-006
6375	1.275	-0.224199	-0.0665462	-9.63451e-006
6380	1.276	-0.224199	-0.0665462	-9.63451e-006
6385	1.277	-0.224199	-0.0665461	-9.66334e-006
6390	1.278	-0.224199	-0.0665461	-9.85229e-006
6395	1.279	-0.224199	-0.066546	-9.93178e-006
6400	1.28	-0.224199	-0.0665458	-9.88893e-006
6405	1.281	-0.224198	-0.0665456	-9.78665e-006
6410	1.282	-0.224198	-0.0665454	-9.68954e-006
6415	1.283	-0.224198	-0.0665452	-9.62691e-006
6420	1.284	-0.224198	-0.066545	-9.61219e-006
6425	1.285	-0.224198	-0.0665449	-9.62382e-006
6430	1.286	-0.224198	-0.0665447	-9.64283e-006
6435	1.287	-0.224198	-0.0665447	-9.64283e-006
6440	1.288	-0.224198	-0.0665446	-9.66398e-006
6445	1.289	-0.224198	-0.0665446	-9.84846e-006
6450	1.29	-0.224197	-0.0665445	-9.9221e-006
6455	1.291	-0.224197	-0.0665443	-9.87815e-006
6460	1.292	-0.224197	-0.0665441	-9.77887e-006
6465	1.293	-0.224197	-0.0665439	-9.68569e-006
6470	1.294	-0.224197	-0.0665437	-9.62694e-006
6475	1.295	-0.224197	-0.0665435	-9.60849e-006
6480	1.296	-0.224197	-0.0665434	-9.6192e-006
6485	1.297	-0.224197	-0.0665432	-9.64466e-006
6490	1.298	-0.224197	-0.0665432	-9.64466e-006
6495	1.299	-0.224197	-0.0665431	-9.67086e-006
6500	1.3	-0.224196	-0.0665431	-9.8507e-006
6505	1.301	-0.224196	-0.066543	-9.92138e-006
6510	1.302	-0.224196	-0.0665428	-9.88181e-006
6515	1.303	-0.224196	-0.0665426	-9.78543e-006
6520	1.304	-0.224196	-0.0665424	-9.69107e-006
6525	1.305	-0.224195	-0.0665422	-9.62926e-006
6530	1.306	-0.224195	-0.0665421	-9.6102e-006
6535	1.307	-0.224195	-0.0665419	-9.61942e-006
6540	1.308	-0.224195	-0.0665418	-9.64407e-006
6545	1.309	-0.224195	-0.0665418	-9.64407e-006
6550	1.31	-0.224195	-0.0665416	-9.67011e-006
6555	1.311	-0.224195	-0.0665416	-9.85231e-006
6560	1.312	-0.224195	-0.0665415	-9.925e-006
6565	1.313	-0.224194	-0.0665413	-9.88686e-006
6570	1.314	-0.224194	-0.0665411	-9.79124e-006
6575	1.315	-0.224194	-0.0665409	-9.70106e-006
6580	1.316	-0.224194	-0.0665407	-9.63605e-006
6585	1.317	-0.224194	-0.0665406	-9.61369e-006
6590	1.318	-0.224194	-0.0665404	-9.62595e-006
6595	1.319	-0.224194	-0.0665403	-9.64998e-006
6600	1.32	-0.224194	-0.0665403	-9.64998e-006
6605	1.321	-0.224194	-0.0665401	-9.6663e-006
6610	1.322	-0.224194	-0.0665401	-9.84769e-006
6615	1.323	-0.224193	-0.06654	-9.92202e-006
6620	1.324	-0.224193	-0.0665398	-9.88491e-006
6625	1.325	-0.224193	-0.0665396	-9.79319e-006
6630	1.326	-0.224193	-0.0665394	-9.69729e-006
6635	1.327	-0.224193	-0.0665393	-9.63366e-006
6640	1.328	-0.224193	-0.0665391	-9.6104e-006
6645	1.329	-0.224193	-0.0665389	-9.61818e-006
6650	1.33	-0.224193	-0.0665388	-9.63938e-006
6655	1.331	-0.224193	-0.0665388	-9.63938e-006
6660	1.332	-0.224193	-0.0665386	-9.66203e-006
6665	1.333	-0.224192	-0.0665386	-9.85151e-006
6670	1.334	-0.224192	-0.0665385	-9.93229e-006
6675	1.335	-0.224192	-0.0665384	-9.89707e-006
6680	1.336	-0.224192	-0.0665382	-9.80155e-006
6685	1.337	-0.224191	-0.066538	-9.7023e-006
6690	1.338	-0.224191	-0.0665378	-9.63763e-006
6695	1.339	-0.224191	-0.0665376	-9.61512e-006
6700	1.34	-0.224191	-0.0665374	-9.62405e-006
6705	1.341	-0.224191	-0.0665373	-9.63872e-006
6710	1.342	-0.224191	-0.0665373	-9.63872e-006
6715	1.343	-0.224191	-0.0665371	-9.65602e-006
6720	1.344	-0.224191	-0.0665371	-9.84677e-006
6725	1.345	-0.224191	-0.066537	-9.92682e-006
6730	1.346	-0.22419	-0.0665369	-9.89423e-006
6735	1.347	-0.22419	-0.0665367	-9.79416e-006
6740	1.348	-0.22419	-0.0665365	-9.69387e-006
6745	1.349	-0.22419	-0.0665363	-9.62628e-006
6750	1.35	-0.22419	-0.0665361	-9.60529e-006
6755	1.351	-0.22419	-0.0665359	-9.61246e-006
6760	1.352	-0.22419	-0.0665358	-9.63819e-006
6765	1.353	-0.22419	-0.0665358	-9.63819e-006
6770	1.354	-0.22419	-0.0665356	-9.66648e-006
6775	1.355	-0.224189	-0.0665356	-9.85263e-006
6780	1.356	-0.224189	-0.0665355	-9.92997e-006
6785	1.357	-0.224189	-0.0665354	-9.89477e-006
6790	1.358	-0.224189	-0.0665352	-9.79371e-006
6795	1.359	-0.224189	-0.066535	-9.6963e-006
6800	1.36	-0.224189	-0.0665348	-9.63749e-006
6805	1.361	-0.224189	-0.0665346	-9.6195e-006
6810	1.362	-0.224189	-0.0665345	-9.62311e-006
6815	1.363	-0.224188	-0.0665343	-9.63929e-006
6820	1.364	-0.224188	-0.0665343	-9.63929e-006
6825	1.365	-0.224188	-0.0665342	-9.66497e-006
6830	1.366	-0.224188	-0.0665341	-9.85126e-006
6835	1.367	-0.224188	-0.066534	-9.92832e-006
6840	1.368	-0.224188	-0.0665339	-9.88607e-006
6845	1.369	-0.224187	-0.0665337	-9.78502e-006
6850	1.37	-0.224187	-0.0665335	-9.68711e-006
6855	1.371	-0.224187	-0.0665333	-9.62925e-006
6860	1.372	-0.224187	-0.0665331	-9.61126e-006
6865	1.373	-0.224187	-0.066533	-9.6245e-006
6870	1.374	-0.224187	-0.0665328	-9.64927e-006
6875	1.375	-0.224187	-0.0665328	-9.64927e-006
6880	1.376	-0.224187	-0.0665327	-9.67179e-006
6885	1.377	-0.224187	-0.0665326	-9.85519e-006
6890	1.378	-0.224186	-0.0665326	-9.92464e-006
6895	1.379	-0.224186	-0.0665324	-9.88783e-006
6900	1.38	-0.224186	-0.0665322	-9.79317e-006
6905	1.381	-0.224186	-0.066532	-9.70136e-006
6910	1.382	-0.224186	-0.0665318	-9.64125e-006
6915	1.383	-0.224186	-0.0665316	-9.61438e-006
6920	1.384	-0.224186	-0.0665315	-9.62328e-006
6925	1.385	-0.224186	-0.0665313	-9.64669e-006
6930	1.386	-0.224186	-0.0665313	-9.64669e-006
6935	1.387	-0.224186	-0.0665312	-9.67195e-006
6940	1.388	-0.224185	-0.0665312	-9.85213e-006
6945	1.389	-0.224185	-0.0665311	-9.92275e-006
6950	1.39	-0.224185	-0.0665309	-9.88118e-006
6955	1.391	-0.224185	-0.0665307	-9.7847e-006
6960	1.392	-0.224185	-0.0665305	-9.70077e-006
6965	1.393	-0.224184	-0.0665303	-9.64259e-006
6970	1.394	-0.224184	-0.0665301	-9.62099e-006
6975	1.395	-0.224184	-0.06653	-9.628e-006
6980	1.396	-0.224184	-0.0665298	-9.64693e-006
6985	1.397	-0.224184	-0.0665298	-9.64693e-006
6990	1.398	-0.224184	-0.0665297	-9.66772e-006
6995	1.399	-0.224184	-0.0665297	-9.85251e-006
7000	1.4	-0.224184	-0.0665296	-9.92626e-006
7005	1.401	-0.224183	-0.0665294	-9.89094e-006
7010	1.402	-0.224183	-0.0665292	-9.79885e-006
7015	1.403	-0.224183	-0.066529	-9.70688e-006
7020	1.404	-0.224183	-0.0665288	-9.63742e-006
7025	1.405	-0.224183	-0.0665286	-9.61651e-006
7030	1.406	-0.224183	-0.0665285	-9.62635e-006
7035	1.407	-0.224183	-0.0665283	-9.64849e-006
7040	1.408	-0.224183	-0.0665283	-9.64849e-006
7045	1.409	-0.224183	-0.0665282	-9.66598e-006
7050	1.41	-0.224183	-0.0665282	-9.8517e-006
7055	1.411	-0.224182	-0.0665281	-9.93007e-006
7060	1.412	-0.224182	-0.0665279	-9.90033e-006
7065	1.413	-0.224182	-0.0665277	-9.80981e-006
7070	1.414	-0.224182	-0.0665275	-9.71052e-006
7075	1.415	-0.224182	-0.0665273	-9.64468e-006
7080	1.416	-0.224182	-0.0665272	-9.61813e-006
7085	1.417	-0.224182	-0.066527	-9.62668e-006
7090	1.418	-0.224182	-0.0665269	-9.64458e-006
7095	1.419	-0.224182	-0.0665269	-9.64458e-006
7100	1.42	-0.224182	-0.0665267	-9.66585e-006
7105	1.421	-0.224181	-0.0665267	-9.85066e-006
7110	1.422	-0.224181	-0.0665266	-9.92691e-006
7115	1.423	-0.224181	-0.0665264	-9.89129e-006
7120	1.424	-0.224181	-0.0665262	-9.79519e-006
7125	1.425	-0.22418	-0.066526	-9.70171e-006
7130	1.426	-0.22418	-0.0665258	-9.64088e-006
7135	1.427	-0.22418	-0.0665257	-9.61911e-006
7140	1.428	-0.22418	-0.0665255	-9.6287e-006
7145	1.429	-0.22418	-0.0665254	-9.64814e-006
7150	1.43	-0.22418	-0.0665254	-9.64814e-006
7155	1.431	-0.22418	-0.0665252	-9.66776e-006
7160	1.432	-0.22418	-0.0665252	-9.85641e-006
7165	1.433	-0.22418	-0.0665251	-9.93623e-006
7170	1.434	-0.224179	-0.066525	-9.90521e-006
7175	1.435	-0.224179	-0.0665248	-9.80458e-006
7180	1.436	-0.224179	-0.0665245	-9.70262e-006
7185	1.437	-0.224179	-0.0665243	-9.63406e-006
7190	1.438	-0.224179	-0.0665242	-9.61683e-006
7195	1.439	-0.224179	-0.066524	-9.62679e-006
7200	1.44	-0.224179	-0.0665239	-9.64332e-006
7205	1.441	-0.224179	-0.0665239	-9.64332e-006
7210	1.442	-0.224179	-0.0665237	-9.66166e-006
7215	1.443	-0.224178	-0.0665237	-9.85017e-006
7220	1.444	-0.224178	-0.0665236	-9.92929e-006
7225	1.445	-0.224178	-0.0665235	-9.88631e-006
7230	1.446	-0.224178	-0.0665233	-9.79028e-006
7235	1.447	-0.224178	-0.0665231	-9.69777e-006
7240	1.448	-0.224178	-0.0665229	-9.63758e-006
7245	1.449	-0.224178	-0.0665227	-9.61519e-006
7250	1.45	-0.224178	-0.0665225	-9.62492e-006
7255	1.451	-0.224178	-0.0665224	-9.65345e-006
7260	1.452	-0.224178	-0.0665224	-9.65345e-006
7265	1.453	-0.224177	-0.0665222	-9.68245e-006
7270	1.454	-0.224177	-0.0665222	-9.86616e-006
7275	1.455	-0.224177	-0.0665221	-9.93823e-006
7280	1.456	-0.224177	-0.066522	-9.89454e-006
7285	1.457	-0.224176	-0.0665218	-9.79467e-006
7290	1.458	-0.224176	-0.0665216	-9.69635e-006
7295	1.459	-0.224176	-0.0665214	-9.63901e-006
7300	1.46	-0.224176	-0.0665212	-9.61813e-006
7305	1.461	-0.224176	-0.066521	-9.62598e-006
7310	1.462	-0.224176	-0.0665209	-9.64665e-006
7315	1.463	-0.224176	-0.0665209	-9.64665e-006
7320	1.464	-0.224176	-0.0665207	-9.66906e-006
7325	1.465	-0.224176	-0.0665207	-9.85058e-006
7330	1.466	-0.224175	-0.0665206	-9.92529e-006
7335	1.467	-0.224175	-0.0665205	-9.89009e-006
7340	1.468	-0.224175	-0.0665203	-9.79693e-006
7345	1.469	-0.224175	-0.0665201	-9.70725e-006
7350	1.47	-0.224175	-0.0665199	-9.64395e-006
7355	1.471	-0.224175	-0.0665197	-9.62555e-006
7360	1.472	-0.224175	-0.0665196	-9.63636e-006
7365	1.473	-0.224175	-0.0665194	-9.65856e-006
7370	1.474	-0.224175	-0.0665194	-9.65856e-006
7375	1.475	-0.224175	-0.0665193	-9.68224e-006
7380	1.476	-0.224174	-0.0665192	-9.85926e-006
7385	1.477	-0.224174	-0.0665191	-9.9276e-006
7390	1.478	-0.224174	-0.066519	-9.88686e-006
7395	1.479	-0.224174	-0.0665188	-9.7942e-006
7400	1.48	-0.224174	-0.0665186	-9.70758e-006
7405	1.481	-0.224173	-0.0665184	-9.64585e-006
7410	1.482	-0.224173	-0.0665182	-9.62107e-006
7415	1.483	-0.224173	-0.0665181	-9.62704e-006
7420	1.484	-0.224173	-0.0665179	-9.65349e-006
7425	1.485	-0.224173	-0.0665179	-9.65349e-006
7430	1.486	-0.224173	-0.0665178	-9.67191e-006
7435	1.487	-0.224173	-0.0665177	-9.85873e-006
7440	1.488	-0.224173	-0.0665177	-9.93685e-006
7445	1.489	-0.224172	-0.0665175	-9.90193e-006
7450	1.49	-0.224172	-0.0665173	-9.80688e-006
7455	1.491	-0.224172	-0.0665171	-9.70471e-006
7460	1.492	-0.224172	-0.0665169	-9.63856e-006
7465	1.493	-0.224172	-0.0665167	-9.61795e-006
7470	1.494	-0.224172	-0.0665166	-9.63042e-006
7475	1.495	-0.224172	-0.0665164	-9.64618e-006
7480	1.496	-0.224172	-0.0665164	-9.64618e-006
7485	1.497	-0.224172	-0.0665163	-9.66379e-006
7490	1.498	-0.224172	-0.0665163	-9.85528e-006
7495	1.499	-0.224171	-0.0665162	-9.93737e-006
7500	1.5	-0.224171	-0.066516	-9.90402e-006
7505	1.501	-0.224171	-0.0665158	-9.80851e-006
7510	1.502	-0.224171	-0.0665156	-9.70687e-006
7515	1.503	-0.224171	-0.0665154	-9.63741e-006
7520	1.504	-0.224171	-0.0665152	-9.61107e-006
7525	1.505	-0.224171	-0.0665151	-9.6249e-006
7530	1.506	-0.224171	-0.0665149	-9.6498e-006
7535	1.507	-0.224171	-0.0665149	-9.6498e-006
7540	1.508	-0.224171	-0.0665148	-9.67713e-006
7545	1.509	-0.22417	-0.0665148	-9.86291e-006
7550	1.51	-0.22417	-0.0665147	-9.93755e-006
7555	1.511	-0.22417	-0.0665145	-9.89995e-006
7560	1.512	-0.22417	-0.0665143	-9.79974e-006
7565	1.513	-0.224169	-0.0665141	-9.70406e-006
7570	1.514	-0.224169	-0.0665139	-9.64362e-006
7575	1.515	-0.224169	-0.0665137	-9.62288e-006
7580	1.516	-0.224169	-0.0665136	-9.6259e-006
7585	1.517	-0.224169	-0.0665134	-9.64149e-006
7590	1.518	-0.224169	-0.0665134	-9.64149e-006
7595	1.519	-0.224169	-0.0665133	-9.66869e-006
7600	1.52	-0.224169	-0.0665133	-9.85688e-006
7605	1.521	-0.224169	-0.0665132	-9.93604e-006
7610	1.522	-0.224168	-0.066513	-9.90366e-006
7615	1.523	-0.224168	-0.0665128	-9.80371e-006
7620	1.524	-0.224168	-0.0665126	-9.70104e-006
7625	1.525	-0.224168	-0.0665124	-9.6378e-006
7630	1.526	-0.224168	-0.0665123	-9.62431e-006
7635	1.527	-0.224168	-0.0665121	-9.63436e-006
7640	1.528	-0.224168	-0.066512	-9.654e-006
7645	1.529	-0.224168	-0.066512	-9.654e-006
7650	1.53	-0.224168	-0.0665118	-9.67574e-006
7655	1.531	-0.224167	-0.0665118	-9.86108e-006
7660	1.532	-0.224167	-0.0665117	-9.93749e-006
7665	1.533	-0.224167	-0.0665115	-9.90141e-006
7670	1.534	-0.224167	-0.0665113	-9.80357e-006
7675	1.535	-0.224167	-0.0665111	-9.70945e-006
7680	1.536	-0.224167	-0.0665109	-9.64734e-006
7685	1.537	-0.224167	-0.0665108	-9.61811e-006
7690	1.538	-0.224167	-0.0665106	-9.62631e-006
7695	1.539	-0.224167	-0.0665105	-9.65208e-006
7700	1.54	-0.224167	-0.0665105	-9.65208e-006
7705	1.541	-0.224166	-0.0665103	-9.67565e-006
7710	1.542	-0.224166	-0.0665103	-9.85932e-006
7715	1.543	-0.224166	-0.0665102	-9.9275e-006
7720	1.544	-0.224166	-0.06651	-9.88359e-006
7725	1.545	-0.224165	-0.0665098	-9.78614e-006
7730	1.546	-0.224165	-0.0665096	-9.70372e-006
7735	1.547	-0.224165	-0.0665095	-9.65455e-006
7740	1.548	-0.224165	-0.0665093	-9.63577e-006
7745	1.549	-0.224165	-0.0665091	-9.64363e-006
7750	1.55	-0.224165	-0.066509	-9.66011e-006
7755	1.551	-0.224165	-0.066509	-9.66011e-006
7760	1.552	-0.224165	-0.0665088	-9.68361e-006
7765	1.553	-0.224165	-0.0665088	-9.86628e-006
7770	1.554	-0.224164	-0.0665087	-9.93776e-006
7775	1.555	-0.224164	-0.0665086	-9.89583e-006
7780	1.556	-0.224164	-0.0665084	-9.79931e-006
7785	1.557	-0.224164	-0.0665082	-9.7062e-006
7790	1.558	-0.224164	-0.066508	-9.63971e-006
7795	1.559	-0.224164	-0.0665078	-9.62164e-006
7800	1.56	-0.224164	-0.0665076	-9.63521e-006
7805	1.561	-0.224164	-0.0665075	-9.65756e-006
7810	1.562	-0.224164	-0.0665075	-9.65756e-006
7815	1.563	-0.224164	-0.0665073	-9.67725e-006
7820	1.564	-0.224163	-0.0665073	-9.86339e-006
7825	1.565	-0.224163	-0.0665072	-9.93748e-006
7830	1.566	-0.224163	-0.0665071	-9.90091e-006
7835	1.567	-0.224163	-0.0665069	-9.8103e-006
7840	1.568	-0.224163	-0.0665067	-9.7204e-006
7845	1.569	-0.224162	-0.0665065	-9.65441e-006
7850	1.57	-0.224162	-0.0665063	-9.6261e-006
7855	1.571	-0.224162	-0.0665061	-9.63567e-006
7860	1.572	-0.224162	-0.066506	-9.66142e-006
7865	1.573	-0.224162	-0.066506	-9.66142e-006
7870	1.574	-0.224162	-0.0665058	-9.681e-006
7875	1.575	-0.224162	-0.0665058	-9.86212e-006
7880	1.576	-0.224162	-0.0665057	-9.9342e-006
7885	1.577	-0.224161	-0.0665056	-9.89748e-006
7890	1.578	-0.224161	-0.0665054	-9.80327e-006
7895	1.579	-0.224161	-0.0665052	-9.70846e-006
7900	1.58	-0.224161	-0.066505	-9.64544e-006
7905	1.581	-0.224161	-0.0665048	-9.6257e-006
7910	1.582	-0.224161	-0.0665046	-9.63502e-006
7915	1.583	-0.224161	-0.0665045	-9.65328e-006
7920	1.584	-0.224161	-0.0665045	-9.65328e-006
7925	1.585	-0.224161	-0.0665044	-9.67579e-006
7930	1.586	-0.224161	-0.0665043	-9.86549e-006
7935	1.587	-0.22416	-0.0665042	-9.94622e-006
7940	1.588	-0.22416	-0.0665041	-9.91377e-006
7945	1.589	-0.22416	-0.0665039	-9.81733e-006
7950	1.59	-0.22416	-0.0665037	-9.71448e-006
7955	1.591	-0.22416	-0.0665035	-9.64523e-006
7960	1.592	-0.22416	-0.0665033	-9.62158e-006
7965	1.593	-0.22416	-0.0665032	-9.63277e-006
7970	1.594	-0.22416	-0.066503	-9.65359e-006
7975	1.595	-0.22416	-0.066503	-9.65359e-006
7980	1.596	-0.22416	-0.0665029	-9.67272e-006
7985	1.597	-0.224159	-0.0665028	-9.85695e-006
7990	1.598	-0.224159	-0.0665027	-9.93192e-006
7995	1.599	-0.224159	-0.0665026	-9.89376e-006
8000	1.6	-0.224159	-0.0665024	-9.80158e-006
8005	1.601	-0.224158	-0.0665022	-9.71039e-006
8010	1.602	-0.224158	-0.066502	-9.64765e-006
8015	1.603	-0.224158	-0.0665018	-9.63021e-006
8020	1.604	-0.224158	-0.0665017	-9.63966e-006
8025	1.605	-0.224158	-0.0665015	-9.66317e-006
8030	1.606	-0.224158	-0.0665015	-9.66317e-006
8035	1.607	-0.224158	-0.0665014	-9.68764e-006
8040	1.608	-0.224158	-0.0665014	-9.87099e-006
8045	1.609	-0.224158	-0.0665013	-9.94679e-006
8050	1.61	-0.224157	-0.0665011	-9.90269e-006
8055	1.611	-0.224157	-0.0665009	-9.79933e-006
8060	1.612	-0.224157	-0.0665007	-9.70121e-006
8065	1.613	-0.224157	-0.0665005	-9.64541e-006
8070	1.614	-0.224157	-0.0665003	-9.62502e-006
8075	1.615	-0.224157	-0.0665002	-9.6327e-006
8080	1.616	-0.224157	-0.0665	-9.65037e-006
8085	1.617	-0.224157	-0.0665	-9.65037e-006
8090	1.618	-0.224157	-0.0664999	-9.67187e-006
8095	1.619	-0.224156	-0.0664999	-9.86405e-006
8100	1.62	-0.224156	-0.0664998	-9.93816e-006
8105	1.621	-0.224156	-0.0664996	-9.89821e-006
8110	1.622	-0.224156	-0.0664994	-9.80043e-006
8115	1.623	-0.224156	-0.0664992	-9.70883e-006
8120	1.624	-0.224156	-0.066499	-9.65157e-006
8125	1.625	-0.224156	-0.0664989	-9.6352e-006
8130	1.626	-0.224156	-0.0664987	-9.64487e-006
8135	1.627	-0.224156	-0.0664985	-9.66767e-006
8140	1.628	-0.224156	-0.0664985	-9.66767e-006
8145	1.629	-0.224155	-0.0664984	-9.69008e-006
8150	1.63	-0.224155	-0.0664984	-9.86651e-006
8155	1.631	-0.224155	-0.0664983	-9.93435e-006
8160	1.632	-0.224155	-0.0664981	-9.89621e-006
8165	1.633	-0.224154	-0.0664979	-9.80629e-006
8170	1.634	-0.224154	-0.0664977	-9.71601e-006
8175	1.635	-0.224154	-0.0664975	-9.65166e-006
8180	1.636	-0.224154	-0.0664974	-9.62714e-006
8185	1.637	-0.224154	-0.0664972	-9.6311e-006
8190	1.638	-0.224154	-0.0664971	-9.65681e-006
8195	1.639	-0.224154	-0.0664971	-9.65681e-006
8200	1.64	-0.224154	-0.0664969	-9.682e-006
8205	1.641	-0.224154	-0.0664969	-9.8667e-006
8210	1.642	-0.224153	-0.0664968	-9.94204e-006
8215	1.643	-0.224153	-0.0664966	-9.90567e-006
8220	1.644	-0.224153	-0.0664964	-9.80825e-006
8225	1.645	-0.224153	-0.0664962	-9.71238e-006
8230	1.646	-0.224153	-0.066496	-9.65074e-006
8235	1.647	-0.224153	-0.0664959	-9.62976e-006
8240	1.648	-0.224153	-0.0664957	-9.63937e-006
8245	1.649	-0.224153	-0.0664956	-9.66081e-006
8250	1.65	-0.224153	-0.0664956	-9.66081e-006
8255	1.651	-0.224153	-0.0664954	-9.67766e-006
8260	1.652	-0.224152	-0.0664954	-9.86658e-006
8265	1.653	-0.224152	-0.0664953	-9.94527e-006
8270	1.654	-0.224152	-0.0664952	-9.9093e-006
8275	1.655	-0.224152	-0.0664949	-9.81465e-006
8280	1.656	-0.224152	-0.0664947	-9.71398e-006
8285	1.657	-0.224151	-0.0664945	-9.64365e-006
8290	1.658	-0.224151	-0.0664944	-9.61706e-006
8295	1.659	-0.224151	-0.0664942	-9.63162e-006
8300	1.66	-0.224151	-0.0664941	-9.65684e-006
8305	1.661	-0.224151	-0.0664941	-9.65684e-006
8310	1.662	-0.224151	-0.0664939	-9.68207e-006
8315	1.663	-0.224151	-0.0664939	-9.86706e-006
8320	1.664	-0.224151	-0.0664938	-9.94359e-006
8325	1.665	-0.22415	-0.0664937	-9.90763e-006
8330	1.666	-0.22415	-0.0664935	-9.81193e-006
8335	1.667	-0.22415	-0.0664933	-9.71547e-006
8340	1.668	-0.22415	-0.0664931	-9.65014e-006
8345	1.669	-0.22415	-0.0664929	-9.62897e-006
8350	1.67	-0.22415	-0.0664927	-9.63903e-006
8355	1.671	-0.22415	-0.0664926	-9.65357e-006
8360	1.672	-0.22415	-0.0664926	-9.65357e-006
8365	1.673	-0.22415	-0.0664924	-9.67522e-006
8370	1.674	-0.22415	-0.0664924	-9.86409e-006
8375	1.675	-0.224149	-0.0664923	-9.94172e-006
8380	1.676	-0.224149	-0.0664922	-9.90825e-006
8385	1.677	-0.224149	-0.066492	-9.80796e-006
8390	1.678	-0.224149	-0.0664918	-9.70817e-006
8395	1.679	-0.224149	-0.0664916	-9.64899e-006
8400	1.68	-0.224149	-0.0664914	-9.63592e-006
8405	1.681	-0.224149	-0.0664912	-9.64489e-006
8410	1.682	-0.224149	-0.0664911	-9.66521e-006
8415	1.683	-0.224149	-0.0664911	-9.66521e-006
8420	1.684	-0.224149	-0.0664909	-9.68569e-006
8425	1.685	-0.224148	-0.0664909	-9.8696e-006
8430	1.686	-0.224148	-0.0664908	-9.94489e-006
8435	1.687	-0.224148	-0.0664907	-9.91433e-006
8440	1.688	-0.224148	-0.0664905	-9.82005e-006
8445	1.689	-0.224147	-0.0664903	-9.72143e-006
8450	1.69	-0.224147	-0.0664901	-9.65158e-006
8455	1.691	-0.224147	-0.0664899	-9.62611e-006
8460	1.692	-0.224147	-0.0664897	-9.6338e-006
8465	1.693	-0.224147	-0.0664896	-9.65555e-006
8470	1.694	-0.224147	-0.0664896	-9.65555e-006
8475	1.695	-0.224147	-0.0664895	-9.6791e-006
8480	1.696	-0.224147	-0.0664894	-9.86444e-006
8485	1.697	-0.224147	-0.0664893	-9.94257e-006
8490	1.698	-0.224146	-0.0664892	-9.90238e-006
8495	1.699	-0.224146	-0.066489	-9.80026e-006
8500	1.7	-0.224146	-0.0664888	-9.71144e-006
8505	1.701	-0.224146	-0.0664886	-9.65943e-006
8510	1.702	-0.224146	-0.0664884	-9.63791e-006
8515	1.703	-0.224146	-0.0664883	-9.64367e-006
8520	1.704	-0.224146	-0.0664881	-9.66138e-006
8525	1.705	-0.224146	-0.0664881	-9.66138e-006
8530	1.706	-0.224146	-0.066488	-9.68818e-006
8535	1.707	-0.224145	-0.066488	-9.87648e-006
8540	1.708	-0.224145	-0.0664879	-9.94852e-006
8545	1.709	-0.224145	-0.0664877	-9.90536e-006
8550	1.71	-0.224145	-0.0664875	-9.80565e-006
8555	1.711	-0.224145	-0.0664873	-9.71169e-006
8560	1.712	-0.224145	-0.0664871	-9.65009e-006
8565	1.713	-0.224145	-0.0664869	-9.62922e-006
8570	1.714	-0.224145	-0.0664868	-9.64032e-006
8575	1.715	-0.224145	-0.0664866	-9.65991e-006
8580	1.716	-0.224145	-0.0664866	-9.65991e-006
8585	1.717	-0.224145	-0.0664865	-9.68118e-006
8590	1.718	-0.224144	-0.0664865	-9.86549e-006
8595	1.719	-0.224144	-0.0664864	-9.93949e-006
8600	1.72	-0.224144	-0.0664862	-9.90514e-006
8605	1.721	-0.224143	-0.066486	-9.81791e-006
8610	1.722	-0.224143	-0.0664858	-9.73011e-006
8615	1.723	-0.224143	-0.0664856	-9.66277e-006
8620	1.724	-0.224143	-0.0664854	-9.63586e-006
8625	1.725	-0.224143	-0.0664853	-9.64023e-006
8630	1.726	-0.224143	-0.0664851	-9.66283e-006
8635	1.727	-0.224143	-0.0664851	-9.66283e-006
8640	1.728	-0.224143	-0.066485	-9.68341e-006
8645	1.729	-0.224143	-0.066485	-9.86827e-006
8650	1.73	-0.224142	-0.0664849	-9.94186e-006
8655	1.731	-0.224142	-0.0664847	-9.90413e-006
8660	1.732	-0.224142	-0.0664845	-9.81008e-006
8665	1.733	-0.224142	-0.0664843	-9.72133e-006
8670	1.734	-0.224142	-0.0664841	-9.66056e-006
8675	1.735	-0.224142	-0.066484	-9.63899e-006
8680	1.736	-0.224142	-0.0664838	-9.64493e-006
8685	1.737	-0.224142	-0.0664836	-9.6685e-006
8690	1.738	-0.224142	-0.0664836	-9.6685e-006
8695	1.739	-0.224142	-0.0664835	-9.68845e-006
8700	1.74	-0.224141	-0.0664835	-9.8727e-006
8705	1.741	-0.224141	-0.0664834	-9.9479e-006
8710	1.742	-0.224141	-0.0664832	-9.91165e-006
8715	1.743	-0.224141	-0.066483	-9.81717e-006
8720	1.744	-0.224141	-0.0664828	-9.71765e-006
8725	1.745	-0.22414	-0.0664826	-9.6515e-006
8730	1.746	-0.22414	-0.0664825	-9.63082e-006
8735	1.747	-0.22414	-0.0664823	-9.64514e-006
8740	1.748	-0.22414	-0.0664822	-9.66523e-006
8745	1.749	-0.22414	-0.0664822	-9.66523e-006
8750	1.75	-0.22414	-0.066482	-9.68263e-006
8755	1.751	-0.22414	-0.066482	-9.86649e-006
8760	1.752	-0.22414	-0.0664819	-9.94358e-006
8765	1.753	-0.224139	-0.0664817	-9.90811e-006
8770	1.754	-0.224139	-0.0664815	-9.81756e-006
8775	1.755	-0.224139	-0.0664813	-9.72117e-006
8780	1.756	-0.224139	-0.0664811	-9.65559e-006
8785	1.757	-0.224139	-0.066481	-9.63606e-006
8790	1.758	-0.224139	-0.0664808	-9.64882e-006
8795	1.759	-0.224139	-0.0664807	-9.67278e-006
8800	1.76	-0.224139	-0.0664807	-9.67278e-006
8805	1.761	-0.224139	-0.0664805	-9.69575e-006
8810	1.762	-0.224139	-0.0664805	-9.87892e-006
8815	1.763	-0.224138	-0.0664804	-9.95207e-006
8820	1.764	-0.224138	-0.0664802	-9.91174e-006
8825	1.765	-0.224138	-0.06648	-9.80816e-006
8830	1.766	-0.224138	-0.0664798	-9.70908e-006
8835	1.767	-0.224138	-0.0664797	-9.64879e-006
8840	1.768	-0.224138	-0.0664795	-9.63165e-006
8845	1.769	-0.224138	-0.0664793	-9.63867e-006
8850	1.77	-0.224138	-0.0664792	-9.6573e-006
8855	1.771	-0.224138	-0.0664792	-9.6573e-006
8860	1.772	-0.224138	-0.066479	-9.67841e-006
8865	1.773	-0.224137	-0.066479	-9.86903e-006
8870	1.774	-0.224137	-0.0664789	-9.94862e-006
8875	1.775	-0.224137	-0.0664788	-9.90892e-006
8880	1.776	-0.224137	-0.0664786	-9.81001e-006
8885	1.777	-0.224136	-0.0664783	-9.71249e-006
8890	1.778	-0.224136	-0.0664782	-9.65264e-006
8895	1.779	-0.224136	-0.066478	-9.63586e-006
8900	1.78	-0.224136	-0.0664778	-9.64815e-006
8905	1.781	-0.224136	-0.0664777	-9.67113e-006
8910	1.782	-0.224136	-0.0664777	-9.67113e-006
8915	1.783	-0.224136	-0.0664775	-9.69408e-006
8920	1.784	-0.224136	-0.0664775	-9.8794e-006
8925	1.785	-0.224136	-0.0664774	-9.94843e-006
8930	1.786	-0.224135	-0.0664773	-9.90536e-006
8935	1.787	-0.224135	-0.0664771	-9.81275e-006
8940	1.788	-0.224135	-0.0664769	-9.72186e-006
8945	1.789	-0.224135	-0.0664767	-9.66376e-006
8950	1.79	-0.224135	-0.0664765	-9.63719e-006
8955	1.791	-0.224135	-0.0664763	-9.63841e-006
8960	1.792	-0.224135	-0.0664762	-9.66006e-006
8965	1.793	-0.224135	-0.0664762	-9.66006e-006
8970	1.794	-0.224135	-0.066476	-9.68802e-006
8975	1.795	-0.224134	-0.066476	-9.87249e-006
8980	1.796	-0.224134	-0.0664759	-9.94971e-006
8985	1.797	-0.224134	-0.0664758	-9.91524e-006
8990	1.798	-0.224134	-0.0664756	-9.81886e-006
8995	1.799	-0.224134	-0.0664754	-9.72559e-006
9000	1.8	-0.224134	-0.0664752	-9.66394e-006
9005	1.801	-0.224134	-0.066475	-9.6412e-006
9010	1.802	-0.224134	-0.0664749	-9.65035e-006
9015	1.803	-0.224134	-0.0664747	-9.67137e-006
9020	1.804	-0.224134	-0.0664747	-9.67137e-006
9025	1.805	-0.224133	-0.0664746	-9.69116e-006
9030	1.806	-0.224133	-0.0664745	-9.87093e-006
9035	1.807	-0.224133	-0.0664745	-9.94621e-006
9040	1.808	-0.224133	-0.0664743	-9.91346e-006
9045	1.809	-0.224132	-0.0664741	-9.82097e-006
9050	1.81	-0.224132	-0.0664739	-9.72821e-006
9055	1.811	-0.224132	-0.0664737	-9.65996e-006
9060	1.812	-0.224132	-0.0664735	-9.63216e-006
9065	1.813	-0.224132	-0.0664734	-9.64259e-006
9070	1.814	-0.224132	-0.0664732	-9.67019e-006
9075	1.815	-0.224132	-0.0664732	-9.67019e-006
9080	1.816	-0.224132	-0.0664731	-9.69181e-006
9085	1.817	-0.224132	-0.0664731	-9.87501e-006
9090	1.818	-0.224131	-0.066473	-9.95034e-006
9095	1.819	-0.224131	-0.0664728	-9.91199e-006
9100	1.82	-0.224131	-0.0664726	-9.8153e-006
9105	1.821	-0.224131	-0.0664724	-9.72225e-006
9110	1.822	-0.224131	-0.0664722	-9.65914e-006
9115	1.823	-0.224131	-0.066472	-9.63708e-006
9120	1.824	-0.224131	-0.0664719	-9.64668e-006
9125	1.825	-0.224131	-0.0664717	-9.6632e-006
9130	1.826	-0.224131	-0.0664717	-9.6632e-006
9135	1.827	-0.224131	-0.0664716	-9.68643e-006
9140	1.828	-0.22413	-0.0664716	-9.87454e-006
9145	1.829	-0.22413	-0.0664715	-9.95145e-006
9150	1.83	-0.22413	-0.0664713	-9.91555e-006
9155	1.831	-0.22413	-0.0664711	-9.82246e-006
9160	1.832	-0.22413	-0.0664709	-9.72338e-006
9165	1.833	-0.22413	-0.0664707	-9.65847e-006
9170	1.834	-0.224129	-0.0664705	-9.63996e-006
9175	1.835	-0.224129	-0.0664704	-9.65558e-006
9180	1.836	-0.224129	-0.0664702	-9.67439e-006
9185	1.837	-0.224129	-0.0664702	-9.67439e-006
9190	1.838	-0.224129	-0.0664701	-9.6932e-006
9195	1.839	-0.224129	-0.0664701	-9.87495e-006
9200	1.84	-0.224129	-0.06647	-9.95005e-006
9205	1.841	-0.224128	-0.0664698	-9.91829e-006
9210	1.842	-0.224128	-0.0664696	-9.8216e-006
9215	1.843	-0.224128	-0.0664694	-9.72176e-006
9220	1.844	-0.224128	-0.0664692	-9.65634e-006
9225	1.845	-0.224128	-0.0664691	-9.63498e-006
9230	1.846	-0.224128	-0.0664689	-9.6411e-006
9235	1.847	-0.224128	-0.0664687	-9.66308e-006
9240	1.848	-0.224128	-0.0664687	-9.66308e-006
9245	1.849	-0.224128	-0.0664686	-9.68904e-006
9250	1.85	-0.224128	-0.0664686	-9.87392e-006
9255	1.851	-0.224127	-0.0664685	-9.95154e-006
9260	1.852	-0.224127	-0.0664683	-9.91723e-006
9265	1.853	-0.224127	-0.0664681	-9.81508e-006
9270	1.854	-0.224127	-0.0664679	-9.7209e-006
9275	1.855	-0.224127	-0.0664677	-9.66435e-006
9280	1.856	-0.224127	-0.0664676	-9.64625e-006
9285	1.857	-0.224127	-0.0664674	-9.65276e-006
9290	1.858	-0.224127	-0.0664673	-9.67135e-006
9295	1.859	-0.224127	-0.0664673	-9.67135e-006
9300	1.86	-0.224127	-0.0664671	-9.69445e-006
9305	1.861	-0.224126	-0.0664671	-9.87997e-006
9310	1.862	-0.224126	-0.066467	-9.95652e-006
9315	1.863	-0.224126	-0.0664668	-9.91765e-006
9320	1.864	-0.224126	-0.0664666	-9.81608e-006
9325	1.865	-0.224125	-0.0664664	-9.71923e-006
9330	1.866	-0.224125	-0.0664662	-9.6556e-006
9335	1.867	-0.224125	-0.0664661	-9.63278e-006
9340	1.868	-0.224125	-0.0664659	-9.64091e-006
9345	1.869	-0.224125	-0.0664658	-9.66355e-006
9350	1.87	-0.224125	-0.0664658	-9.66355e-006
9355	1.871	-0.224125	-0.0664656	-9.68602e-006
9360	1.872	-0.224125	-0.0664656	-9.87107e-006
9365	1.873	-0.224125	-0.0664655	-9.94757e-006
9370	1.874	-0.224124	-0.0664653	-9.91029e-006
9375	1.875	-0.224124	-0.0664652	-9.82122e-006
9380	1.876	-0.224124	-0.066465	-9.73484e-006
9385	1.877	-0.224124	-0.0664648	-9.67803e-006
9390	1.878	-0.224124	-0.0664646	-9.65171e-006
9395	1.879	-0.224124	-0.0664644	-9.65404e-006
9400	1.88	-0.224124	-0.0664643	-9.67401e-006
9405	1.881	-0.224124	-0.0664643	-9.67401e-006
9410	1.882	-0.224124	-0.0664641	-9.69847e-006
9415	1.883	-0.224124	-0.0664641	-9.8786e-006
9420	1.884	-0.224123	-0.066464	-9.94757e-006
9425	1.885	-0.224123	-0.0664639	-9.90804e-006
9430	1.886	-0.224123	-0.0664637	-9.81405e-006
9435	1.887	-0.224123	-0.0664635	-9.7277e-006
9440	1.888	-0.224123	-0.0664633	-9.66715e-006
9445	1.889	-0.224123	-0.0664631	-9.64404e-006
9450	1.89	-0.224123	-0.0664629	-9.64765e-006
9455	1.891	-0.224123	-0.0664628	-9.66612e-006
9460	1.892	-0.224123	-0.0664628	-9.66612e-006
9465	1.893	-0.224123	-0.0664626	-9.68555e-006
9470	1.894	-0.224122	-0.0664626	-9.87511e-006
9475	1.895	-0.224122	-0.0664625	-9.95828e-006
9480	1.896	-0.224122	-0.0664624	-9.92735e-006
9485	1.897	-0.224121	-0.0664622	-9.83305e-006
9490	1.898	-0.224121	-0.066462	-9.73591e-006
9495	1.899	-0.224121	-0.0664618	-9.66337e-006
9500	1.9	-0.224121	-0.0664616	-9.64133e-006
9505	1.901	-0.224121	-0.0664614	-9.65126e-006
9510	1.902	-0.224121	-0.0664613	-9.67432e-006
9515	1.903	-0.224121	-0.0664613	-9.67432e-006
9520	1.904	-0.224121	-0.0664612	-9.69541e-006
9525	1.905	-0.224121	-0.0664611	-9.87686e-006
9530	1.906	-0.224121	-0.066461	-9.94949e-006
9535	1.907	-0.22412	-0.0664609	-9.91227e-006
9540	1.908	-0.22412	-0.0664607	-9.82135e-006
9545	1.909	-0.22412	-0.0664605	-9.72797e-006
9550	1.91	-0.22412	-0.0664603	-9.66504e-006
9555	1.911	-0.22412	-0.0664601	-9.64488e-006
9560	1.912	-0.22412	-0.06646	-9.65619e-006
9565	1.913	-0.22412	-0.0664598	-9.67998e-006
9570	1.914	-0.22412	-0.0664598	-9.67998e-006
9575	1.915	-0.22412	-0.0664597	-9.69887e-006
9580	1.916	-0.224119	-0.0664596	-9.88038e-006
9585	1.917	-0.224119	-0.0664596	-9.9533e-006
9590	1.918	-0.224119	-0.0664594	-9.91792e-006
9595	1.919	-0.224119	-0.0664592	-9.81944e-006
9600	1.92	-0.224119	-0.066459	-9.72255e-006
9605	1.921	-0.224119	-0.0664588	-9.66252e-006
9610	1.922	-0.224119	-0.0664586	-9.64561e-006
9615	1.923	-0.224119	-0.0664585	-9.65257e-006
9620	1.924	-0.224118	-0.0664583	-9.66956e-006
9625	1.925	-0.224118	-0.0664583	-9.66956e-006
9630	1.926	-0.224118	-0.0664582	-9.68647e-006
9635	1.927	-0.224118	-0.0664582	-9.87804e-006
9640	1.928	-0.224118	-0.0664581	-9.95981e-006
9645	1.929	-0.224118	-0.0664579	-9.92615e-006
9650	1.93	-0.224117	-0.0664577	-9.82381e-006
9655	1.931	-0.224117	-0.0664575	-9.72242e-006
9660	1.932	-0.224117	-0.0664573	-9.66093e-006
9665	1.933	-0.224117	-0.0664571	-9.64782e-006
9670	1.934	-0.224117	-0.066457	-9.65924e-006
9675	1.935	-0.224117	-0.0664568	-9.67892e-006
9680	1.936	-0.224117	-0.0664568	-9.67892e-006
9685	1.937	-0.224117	-0.0664567	-9.70033e-006
9690	1.938	-0.224117	-0.0664567	-9.88481e-006
9695	1.939	-0.224116	-0.0664566	-9.95825e-006
9700	1.94	-0.224116	-0.0664564	-9.91341e-006
9705	1.941	-0.224116	-0.0664562	-9.81516e-006
9710	1.942	-0.224116	-0.066456	-9.72224e-006
9715	1.943	-0.224116	-0.0664558	-9.66407e-006
9720	1.944	-0.224116	-0.0664556	-9.63992e-006
9725	1.945	-0.224116	-0.0664555	-9.64563e-006
9730	1.946	-0.224116	-0.0664553	-9.67021e-006
9735	1.947	-0.224116	-0.0664553	-9.67021e-006
9740	1.948	-0.224116	-0.0664552	-9.6972e-006
9745	1.949	-0.224115	-0.0664552	-9.88499e-006
9750	1.95	-0.224115	-0.0664551	-9.95839e-006
9755	1.951	-0.224115	-0.0664549	-9.92175e-006
9760	1.952	-0.224115	-0.0664547	-9.826e-006
9765	1.953	-0.224114	-0.0664545	-9.72908e-006
9770	1.954	-0.224114	-0.0664543	-9.67005e-006
9775	1.955	-0.224114	-0.0664542	-9.64866e-006
9780	1.956	-0.224114	-0.066454	-9.65547e-006
9785	1.957	-0.224114	-0.0664539	-9.67459e-006
9790	1.958	-0.224114	-0.0664539	-9.67459e-006
9795	1.959	-0.224114	-0.0664537	-9.69641e-006
9800	1.96	-0.224114	-0.0664537	-9.87743e-006
9805	1.961	-0.224114	-0.0664536	-9.95372e-006
9810	1.962	-0.224113	-0.0664534	-9.91958e-006
9815	1.963	-0.224113	-0.0664532	-9.82632e-006
9820	1.964	-0.224113	-0.066453	-9.73358e-006
9825	1.965	-0.224113	-0.0664528	-9.66544e-006
9830	1.966	-0.224113	-0.0664527	-9.63411e-006
9835	1.967	-0.224113	-0.0664525	-9.64384e-006
9840	1.968	-0.224113	-0.0664524	-9.67225e-006
9845	1.969	-0.224113	-0.0664524	-9.67225e-006
9850	1.97	-0.224113	-0.0664522	-9.70435e-006
9855	1.971	-0.224113	-0.0664522	-9.88509e-006
9860	1.972	-0.224112	-0.0664521	-9.95642e-006
9865	1.973	-0.224112	-0.0664519	-9.91851e-006
9870	1.974	-0.224112	-0.0664517	-9.82316e-006
9875	1.975	-0.224112	-0.0664515	-9.73521e-006
9880	1.976	-0.224112	-0.0664513	-9.67301e-006
9885	1.977	-0.224112	-0.0664512	-9.64627e-006
9890	1.978	-0.224112	-0.066451	-9.65439e-006
9895	1.979	-0.224112	-0.0664509	-9.67428e-006
9900	1.98	-0.224112	-0.0664509	-9.67428e-006
9905	1.981	-0.224112	-0.0664507	-9.6955e-006
9910	1.982	-0.224111	-0.0664507	-9.88094e-006
9915	1.983	-0.224111	-0.0664506	-9.95888e-006
9920	1.984	-0.224111	-0.0664505	-9.92343e-006
9925	1.985	-0.224111	-0.0664503	-9.82877e-006
9930	1.986	-0.22411	-0.0664501	-9.72755e-006
9935	1.987	-0.22411	-0.0664499	-9.66445e-006
9940	1.988	-0.22411	-0.0664497	-9.6444e-006
9945	1.989	-0.22411	-0.0664495	-9.65847e-006
9950	1.99	-0.22411	-0.0664494	-9.67645e-006
9955	1.991	-0.22411	-0.0664494	-9.67645e-006
9960	1.992	-0.22411	-0.0664492	-9.6968e-006
9965	1.993	-0.22411	-0.0664492	-9.88126e-006
9970	1.994	-0.22411	-0.0664491	-9.95503e-006
9975	1.995	-0.224109	-0.066449	-9.92332e-006
9980	1.996	-0.224109	-0.0664488	-9.83291e-006
9985	1.997	-0.224109	-0.0664486	-9.73668e-006
9990	1.998	-0.224109	-0.0664484	-9.66998e-006
9995	1.999	-0.224109	-0.0664482	-9.64491e-006
10000	2	-0.224109	-0.066448	-9.65691e-006
10005	2.001	-0.224109	-0.0664479	-9.67916e-006
10010	2.002	-0.224109	-0.0664479	-9.67916e-006
10015	2.003	-0.224109	-0.0664477	-9.70066e-006
10020	2.004	-0.224108	-0.0664477	-9.88275e-006
10025	2.005	-0.224108	-0.0664476	-9.95595e-006
10030	2.006	-0.224108	-0.0664475	-9.91974e-006
10035	2.007	-0.224108	-0.0664473	-9.81919e-006
10040	2.008	-0.224108	-0.0664471	-9.72323e-006
10045	2.009	-0.224108	-0.0664469	-9.6658e-006
10050	2.01	-0.224108	-0.0664467	-9.65517e-006
10055	2.011	-0.224108	-0.0664466	-9.66402e-006
10060	2.012	-0.224108	-0.0664464	-9.68176e-006
10065	2.013	-0.224108	-0.0664464	-9.68176e-006
10070	2.014	-0.224107	-0.0664463	-9.70492e-006
10075	2.015	-0.224107	-0.0664462	-9.88945e-006
10080	2.016	-0.224107	-0.0664461	-9.9644e-006
10085	2.017	-0.224107	-0.066446	-9.92859e-006
10090	2.018	-0.224106	-0.0664458	-9.82654e-006
10095	2.019	-0.224106	-0.0664456	-9.72598e-006
10100	2.02	-0.224106	-0.0664454	-9.66271e-006
10105	2.021	-0.224106	-0.0664452	-9.645e-006
10110	2.022	-0.224106	-0.0664451	-9.65405e-006
10115	2.023	-0.224106	-0.0664449	-9.6753e-006
10120	2.024	-0.224106	-0.0664449	-9.6753e-006
10125	2.025	-0.224106	-0.0664448	-9.69774e-006
10130	2.026	-0.224106	-0.0664447	-9.88689e-006
10135	2.027	-0.224105	-0.0664447	-9.9675e-006
10140	2.028	-0.224105	-0.0664445	-9.92541e-006
10145	2.029	-0.224105	-0.0664443	-9.83108e-006
10150	2.03	-0.224105	-0.0664441	-9.73894e-006
10155	2.031	-0.224105	-0.0664439	-9.67914e-006
10160	2.032	-0.224105	-0.0664437	-9.65053e-006
10165	2.033	-0.224105	-0.0664436	-9.65319e-006
10170	2.034	-0.224105	-0.0664434	-9.67573e-006
10175	2.035	-0.224105	-0.0664434	-9.67573e-006
10180	2.036	-0.224105	-0.0664433	-9.70364e-006
10185	2.037	-0.224104	-0.0664433	-9.88525e-006
10190	2.038	-0.224104	-0.0664432	-9.95659e-006
10195	2.039	-0.224104	-0.066443	-9.91815e-006
10200	2.04	-0.224104	-0.0664428	-9.8233e-006
10205	2.041	-0.224104	-0.0664426	-9.72845e-006
10210	2.042	-0.224103	-0.0664424	-9.67019e-006
10215	2.043	-0.224103	-0.0664422	-9.64878e-006
10220	2.044	-0.224103	-0.0664421	-9.65577e-006
10225	2.045	-0.224103	-0.0664419	-9.6729e-006
10230	2.046	-0.224103	-0.0664419	-9.6729e-006
10235	2.047	-0.224103	-0.0664418	-9.69642e-006
10240	2.048	-0.224103	-0.0664418	-9.88698e-006
10245	2.049	-0.224103	-0.0664417	-9.96447e-006
10250	2.05	-0.224102	-0.0664415	-9.92827e-006
10255	2.051	-0.224102	-0.0664413	-9.83384e-006
10260	2.052	-0.224102	-0.0664411	-9.74176e-006
10265	2.053	-0.224102	-0.0664409	-9.67497e-006
10270	2.054	-0.224102	-0.0664408	-9.65333e-006
10275	2.055	-0.224102	-0.0664406	-9.66121e-006
10280	2.056	-0.224102	-0.0664404	-9.68385e-006
10285	2.057	-0.224102	-0.0664404	-9.68385e-006
10290	2.058	-0.224102	-0.0664403	-9.70268e-006
10295	2.059	-0.224102	-0.0664403	-9.8836e-006
10300	2.06	-0.224101	-0.0664402	-9.95588e-006
10305	2.061	-0.224101	-0.06644	-9.91778e-006
10310	2.062	-0.224101	-0.0664398	-9.82808e-006
10315	2.063	-0.224101	-0.0664396	-9.74123e-006
10320	2.064	-0.224101	-0.0664394	-9.67814e-006
10325	2.065	-0.224101	-0.0664393	-9.64954e-006
10330	2.066	-0.224101	-0.0664391	-9.65639e-006
10335	2.067	-0.224101	-0.066439	-9.68304e-006
10340	2.068	-0.224101	-0.066439	-9.68304e-006
10345	2.069	-0.224101	-0.0664388	-9.7062e-006
10350	2.07	-0.2241	-0.0664388	-9.89006e-006
10355	2.071	-0.2241	-0.0664387	-9.96456e-006
10360	2.072	-0.2241	-0.0664385	-9.92714e-006
10365	2.073	-0.2241	-0.0664383	-9.83027e-006
10370	2.074	-0.224099	-0.0664381	-9.72837e-006
10375	2.075	-0.224099	-0.0664379	-9.66763e-006
10380	2.076	-0.224099	-0.0664378	-9.65053e-006
10385	2.077	-0.224099	-0.0664376	-9.66338e-006
10390	2.078	-0.224099	-0.0664375	-9.68098e-006
10395	2.079	-0.224099	-0.0664375	-9.68098e-006
10400	2.08	-0.224099	-0.0664373	-9.69923e-006
10405	2.081	-0.224099	-0.0664373	-9.88723e-006
10410	2.082	-0.224099	-0.0664372	-9.96613e-006
10415	2.083	-0.224098	-0.0664371	-9.9298e-006
10420	2.084	-0.224098	-0.0664368	-9.82749e-006
10425	2.085	-0.224098	-0.0664366	-9.72885e-006
10430	2.086	-0.224098	-0.0664364	-9.6682e-006
10435	2.087	-0.224098	-0.0664363	-9.64795e-006
10440	2.088	-0.224098	-0.0664361	-9.66014e-006
10445	2.089	-0.224098	-0.066436	-9.68211e-006
10450	2.09	-0.224098	-0.066436	-9.68211e-006
10455	2.091	-0.224098	-0.0664358	-9.70432e-006
10460	2.092	-0.224097	-0.0664358	-9.89028e-006
10465	2.093	-0.224097	-0.0664357	-9.96709e-006
10470	2.094	-0.224097	-0.0664356	-9.931e-006
10475	2.095	-0.224097	-0.0664354	-9.82944e-006
10480	2.096	-0.224097	-0.0664352	-9.73426e-006
10485	2.097	-0.224097	-0.066435	-9.67113e-006
10490	2.098	-0.224097	-0.0664348	-9.65329e-006
10495	2.099	-0.224097	-0.0664346	-9.6576e-006
10500	2.1	-0.224097	-0.0664345	-9.67759e-006
10505	2.101	-0.224097	-0.0664345	-9.67759e-006
10510	2.102	-0.224096	-0.0664343	-9.70262e-006
10515	2.103	-0.224096	-0.0664343	-9.89374e-006
10520	2.104	-0.224096	-0.0664342	-9.97393e-006
10525	2.105	-0.224096	-0.0664341	-9.93457e-006
10530	2.106	-0.224095	-0.0664339	-9.8346e-006
10535	2.107	-0.224095	-0.0664337	-9.73436e-006
10540	2.108	-0.224095	-0.0664335	-9.67693e-006
10545	2.109	-0.224095	-0.0664333	-9.65505e-006
10550	2.11	-0.224095	-0.0664331	-9.66058e-006
10555	2.111	-0.224095	-0.066433	-9.68054e-006
10560	2.112	-0.224095	-0.066433	-9.68054e-006
10565	2.113	-0.224095	-0.0664328	-9.70386e-006
10570	2.114	-0.224095	-0.0664328	-9.8889e-006
10575	2.115	-0.224094	-0.0664327	-9.95857e-006
10580	2.116	-0.224094	-0.0664326	-9.91987e-006
10585	2.117	-0.224094	-0.0664324	-9.82843e-006
10590	2.118	-0.224094	-0.0664322	-9.73636e-006
10595	2.119	-0.224094	-0.066432	-9.67479e-006
10600	2.12	-0.224094	-0.0664318	-9.647e-006
10605	2.121	-0.224094	-0.0664316	-9.65468e-006
10610	2.122	-0.224094	-0.0664315	-9.67962e-006
10615	2.123	-0.224094	-0.0664315	-9.67962e-006
10620	2.124	-0.224094	-0.0664314	-9.71016e-006
10625	2.125	-0.224093	-0.0664313	-9.89067e-006
10630	2.126	-0.224093	-0.0664312	-9.96451e-006
10635	2.127	-0.224093	-0.0664311	-9.92733e-006
10640	2.128	-0.224093	-0.0664309	-9.83121e-006
10645	2.129	-0.224093	-0.0664307	-9.74235e-006
10650	2.13	-0.224092	-0.0664305	-9.68167e-006
10655	2.131	-0.224092	-0.0664303	-9.65615e-006
10660	2.132	-0.224092	-0.0664302	-9.66277e-006
10665	2.133	-0.224092	-0.06643	-9.68293e-006
10670	2.134	-0.224092	-0.06643	-9.68293e-006
10675	2.135	-0.224092	-0.0664299	-9.7109e-006
10680	2.136	-0.224092	-0.0664299	-9.893e-006
10685	2.137	-0.224092	-0.0664298	-9.96564e-006
10690	2.138	-0.224091	-0.0664296	-9.92567e-006
10695	2.139	-0.224091	-0.0664294	-9.83022e-006
10700	2.14	-0.224091	-0.0664292	-9.73916e-006
10705	2.141	-0.224091	-0.066429	-9.66958e-006
10710	2.142	-0.224091	-0.0664288	-9.64647e-006
10715	2.143	-0.224091	-0.0664287	-9.66021e-006
10720	2.144	-0.224091	-0.0664285	-9.68854e-006
10725	2.145	-0.224091	-0.0664285	-9.68854e-006
10730	2.146	-0.224091	-0.0664284	-9.70979e-006
10735	2.147	-0.224091	-0.0664284	-9.89145e-006
10740	2.148	-0.22409	-0.0664283	-9.96398e-006
10745	2.149	-0.22409	-0.0664281	-9.92954e-006
10750	2.15	-0.22409	-0.0664279	-9.83954e-006
10755	2.151	-0.22409	-0.0664277	-9.74435e-006
10760	2.152	-0.22409	-0.0664275	-9.67687e-006
10765	2.153	-0.22409	-0.0664273	-9.65153e-006
10770	2.154	-0.22409	-0.0664272	-9.66356e-006
10775	2.155	-0.22409	-0.066427	-9.68321e-006
10780	2.156	-0.22409	-0.066427	-9.68321e-006
10785	2.157	-0.22409	-0.0664269	-9.70458e-006
10790	2.158	-0.224089	-0.0664269	-9.89096e-006
10795	2.159	-0.224089	-0.0664268	-9.96558e-006
10800	2.16	-0.224089	-0.0664266	-9.92822e-006
10805	2.161	-0.224089	-0.0664264	-9.83207e-006
10810	2.162	-0.224088	-0.0664262	-9.73549e-006
10815	2.163	-0.224088	-0.066426	-9.6767e-006
10820	2.164	-0.224088	-0.0664259	-9.66114e-006
10825	2.165	-0.224088	-0.0664257	-9.6707e-006
10830	2.166	-0.224088	-0.0664255	-9.68463e-006
10835	2.167	-0.224088	-0.0664255	-9.68463e-006
10840	2.168	-0.224088	-0.0664254	-9.70719e-006
10845	2.169	-0.224088	-0.0664254	-9.89436e-006
10850	2.17	-0.224088	-0.0664253	-9.97237e-006
10855	2.171	-0.224087	-0.0664251	-9.93735e-006
10860	2.172	-0.224087	-0.0664249	-9.83604e-006
10865	2.173	-0.224087	-0.0664247	-9.73477e-006
10870	2.174	-0.224087	-0.0664245	-9.66712e-006
10875	2.175	-0.224087	-0.0664244	-9.65021e-006
10880	2.176	-0.224087	-0.0664242	-9.66006e-006
10885	2.177	-0.224087	-0.0664241	-9.68099e-006
10890	2.178	-0.224087	-0.0664241	-9.68099e-006
10895	2.179	-0.224087	-0.0664239	-9.7009e-006
10900	2.18	-0.224086	-0.0664239	-9.88915e-006
10905	2.181	-0.224086	-0.0664238	-9.97045e-006
10910	2.182	-0.224086	-0.0664236	-9.94012e-006
10915	2.183	-0.224086	-0.0664234	-9.84532e-006
10920	2.184	-0.224086	-0.0664232	-9.7501e-006
10925	2.185	-0.224086	-0.0664231	-9.68703e-006
10930	2.186	-0.224086	-0.0664229	-9.6647e-006
10935	2.187	-0.224086	-0.0664227	-9.6672e-006
10940	2.188	-0.224086	-0.0664226	-9.68745e-006
10945	2.189	-0.224086	-0.0664226	-9.68745e-006
10950	2.19	-0.224085	-0.0664224	-9.70722e-006
10955	2.191	-0.224085	-0.0664224	-9.8938e-006
10960	2.192	-0.224085	-0.0664223	-9.97099e-006
10965	2.193	-0.224085	-0.0664221	-9.92676e-006
10970	2.194	-0.224084	-0.0664219	-9.82455e-006
10975	2.195	-0.224084	-0.0664217	-9.72955e-006
10980	2.196	-0.224084	-0.0664216	-9.67291e-006
10985	2.197	-0.224084	-0.0664214	-9.65325e-006
10990	2.198	-0.224084	-0.0664212	-9.66287e-006
10995	2.199	-0.224084	-0.0664211	-9.68367e-006
11000	2.2	-0.224084	-0.0664211	-9.68367e-006
11005	2.201	-0.224084	-0.0664209	-9.71018e-006
11010	2.202	-0.224084	-0.0664209	-9.89483e-006
11015	2.203	-0.224083	-0.0664208	-9.97094e-006
11020	2.204	-0.224083	-0.0664207	-9.93299e-006
11025	2.205	-0.224083	-0.0664205	-9.83782e-006
11030	2.206	-0.224083	-0.0664203	-9.74575e-006
11035	2.207	-0.224083	-0.0664201	-9.68336e-006
11040	2.208	-0.224083	-0.0664199	-9.66286e-006
11045	2.209	-0.224083	-0.0664197	-9.67367e-006
11050	2.21	-0.224083	-0.0664196	-9.69396e-006
11055	2.211	-0.224083	-0.0664196	-9.69396e-006
11060	2.212	-0.224083	-0.0664194	-9.71443e-006
11065	2.213	-0.224082	-0.0664194	-9.89333e-006
11070	2.214	-0.224082	-0.0664193	-9.9625e-006
11075	2.215	-0.224082	-0.0664192	-9.92232e-006
11080	2.216	-0.224082	-0.066419	-9.83175e-006
11085	2.217	-0.224082	-0.0664188	-9.7419e-006
11090	2.218	-0.224082	-0.0664186	-9.67877e-006
11095	2.219	-0.224081	-0.0664184	-9.65351e-006
11100	2.22	-0.224081	-0.0664182	-9.66176e-006
11105	2.221	-0.224081	-0.0664181	-9.69075e-006
11110	2.222	-0.224081	-0.0664181	-9.69075e-006
11115	2.223	-0.224081	-0.066418	-9.71752e-006
11120	2.224	-0.224081	-0.0664179	-9.89851e-006
11125	2.225	-0.224081	-0.0664178	-9.97052e-006
11130	2.226	-0.224081	-0.0664177	-9.93333e-006
11135	2.227	-0.22408	-0.0664175	-9.83916e-006
11140	2.228	-0.22408	-0.0664173	-9.74625e-006
11145	2.229	-0.22408	-0.0664171	-9.68432e-006
11150	2.23	-0.22408	-0.0664169	-9.6627e-006
11155	2.231	-0.22408	-0.0664168	-9.66934e-006
11160	2.232	-0.22408	-0.0664166	-9.69123e-006
11165	2.233	-0.22408	-0.0664166	-9.69123e-006
11170	2.234	-0.22408	-0.0664165	-9.70635e-006
11175	2.235	-0.22408	-0.0664164	-9.89392e-006
11180	2.236	-0.224079	-0.0664164	-9.97279e-006
11185	2.237	-0.224079	-0.0664162	-9.93932e-006
11190	2.238	-0.224079	-0.066416	-9.84402e-006
11195	2.239	-0.224079	-0.0664158	-9.74253e-006
11200	2.24	-0.224079	-0.0664156	-9.67533e-006
11205	2.241	-0.224079	-0.0664154	-9.65296e-006
11210	2.242	-0.224079	-0.0664153	-9.66906e-006
11215	2.243	-0.224079	-0.0664151	-9.69253e-006
11220	2.244	-0.224079	-0.0664151	-9.69253e-006
11225	2.245	-0.224079	-0.066415	-9.71259e-006
11230	2.246	-0.224078	-0.066415	-9.89635e-006
11235	2.247	-0.224078	-0.0664149	-9.97091e-006
11240	2.248	-0.224078	-0.0664147	-9.93192e-006
11245	2.249	-0.224078	-0.0664145	-9.83011e-006
11250	2.25	-0.224077	-0.0664143	-9.73743e-006
11255	2.251	-0.224077	-0.0664141	-9.67987e-006
11260	2.252	-0.224077	-0.0664139	-9.66232e-006
11265	2.253	-0.224077	-0.0664138	-9.66736e-006
11270	2.254	-0.224077	-0.0664136	-9.68518e-006
11275	2.255	-0.224077	-0.0664136	-9.68518e-006
11280	2.256	-0.224077	-0.0664135	-9.71117e-006
11285	2.257	-0.224077	-0.0664135	-9.90271e-006
11290	2.258	-0.224077	-0.0664134	-9.9835e-006
11295	2.259	-0.224076	-0.0664132	-9.94982e-006
11300	2.26	-0.224076	-0.066413	-9.85038e-006
11305	2.261	-0.224076	-0.0664128	-9.75076e-006
11310	2.262	-0.224076	-0.0664126	-9.68744e-006
11315	2.263	-0.224076	-0.0664125	-9.6679e-006
11320	2.264	-0.224076	-0.0664123	-9.67474e-006
11325	2.265	-0.224076	-0.0664121	-9.68931e-006
11330	2.266	-0.224076	-0.0664121	-9.68931e-006
11335	2.267	-0.224076	-0.066412	-9.70632e-006
11340	2.268	-0.224075	-0.066412	-9.89184e-006
11345	2.269	-0.224075	-0.0664119	-9.96844e-006
11350	2.27	-0.224075	-0.0664117	-9.93302e-006
11355	2.271	-0.224075	-0.0664115	-9.83786e-006
11360	2.272	-0.224075	-0.0664113	-9.74236e-006
11365	2.273	-0.224075	-0.0664111	-9.68043e-006
11370	2.274	-0.224075	-0.066411	-9.65405e-006
11375	2.275	-0.224075	-0.0664108	-9.66354e-006
11380	2.276	-0.224075	-0.0664107	-9.68919e-006
11385	2.277	-0.224075	-0.0664107	-9.68919e-006
11390	2.278	-0.224075	-0.0664105	-9.72099e-006
11395	2.279	-0.224074	-0.0664105	-9.90621e-006
11400	2.28	-0.224074	-0.0664104	-9.97659e-006
11405	2.281	-0.224074	-0.0664102	-9.93458e-006
11410	2.282	-0.224073	-0.06641	-9.83629e-006
11415	2.283	-0.224073	-0.0664098	-9.74591e-006
11420	2.284	-0.224073	-0.0664096	-9.68948e-006
11425	2.285	-0.224073	-0.0664095	-9.66418e-006
11430	2.286	-0.224073	-0.0664093	-9.66756e-006
11435	2.287	-0.224073	-0.0664092	-9.68827e-006
11440	2.288	-0.224073	-0.0664092	-9.68827e-006
11445	2.289	-0.224073	-0.066409	-9.71613e-006
11450	2.29	-0.224073	-0.066409	-9.89641e-006
11455	2.291	-0.224072	-0.0664089	-9.96783e-006
11460	2.292	-0.224072	-0.0664087	-9.92892e-006
11465	2.293	-0.224072	-0.0664085	-9.83288e-006
11470	2.294	-0.224072	-0.0664083	-9.74136e-006
11475	2.295	-0.224072	-0.0664081	-9.67628e-006
11480	2.296	-0.224072	-0.066408	-9.65597e-006
11485	2.297	-0.224072	-0.0664078	-9.67097e-006
11490	2.298	-0.224072	-0.0664077	-9.70078e-006
11495	2.299	-0.224072	-0.0664077	-9.70078e-006
11500	2.3	-0.224072	-0.0664075	-9.72726e-006
11505	2.301	-0.224071	-0.0664075	-9.90577e-006
11510	2.302	-0.224071	-0.0664074	-9.97452e-006
11515	2.303	-0.224071	-0.0664073	-9.93741e-006
11520	2.304	-0.224071	-0.0664071	-9.8445e-006
11525	2.305	-0.224071	-0.0664069	-9.75275e-006
11530	2.306	-0.224071	-0.0664067	-9.68691e-006
11535	2.307	-0.224071	-0.0664065	-9.65999e-006
11540	2.308	-0.22407	-0.0664063	-9.67065e-006
11545	2.309	-0.22407	-0.0664062	-9.6937e-006
11550	2.31	-0.22407	-0.0664062	-9.6937e-006
11555	2.311	-0.22407	-0.066406	-9.7142e-006
11560	2.312	-0.22407	-0.066406	-9.89669e-006
11565	2.313	-0.22407	-0.0664059	-9.9683e-006
11570	2.314	-0.22407	-0.0664058	-9.93065e-006
11575	2.315	-0.224069	-0.0664056	-9.8355e-006
11580	2.316	-0.224069	-0.0664054	-9.7425e-006
11585	2.317	-0.224069	-0.0664052	-9.68414e-006
11590	2.318	-0.224069	-0.066405	-9.66638e-006
11595	2.319	-0.224069	-0.0664048	-9.67989e-006
11600	2.32	-0.224069	-0.0664047	-9.69621e-006
11605	2.321	-0.224069	-0.0664047	-9.69621e-006
11610	2.322	-0.224069	-0.0664045	-9.71179e-006
11615	2.323	-0.224069	-0.0664045	-9.90128e-006
11620	2.324	-0.224068	-0.0664044	-9.97865e-006
11625	2.325	-0.224068	-0.0664043	-9.94456e-006
11630	2.326	-0.224068	-0.0664041	-9.85154e-006
11635	2.327	-0.224068	-0.0664039	-9.74933e-006
11640	2.328	-0.224068	-0.0664037	-9.68057e-006
11645	2.329	-0.224068	-0.0664035	-9.66256e-006
11650	2.33	-0.224068	-0.0664034	-9.67508e-006
11655	2.331	-0.224068	-0.0664032	-9.69314e-006
11660	2.332	-0.224068	-0.0664032	-9.69314e-006
11665	2.333	-0.224068	-0.0664031	-9.71092e-006
11670	2.334	-0.224067	-0.066403	-9.89685e-006
11675	2.335	-0.224067	-0.0664029	-9.9713e-006
11680	2.336	-0.224067	-0.0664028	-9.93568e-006
11685	2.337	-0.224067	-0.0664026	-9.84129e-006
11690	2.338	-0.224066	-0.0664024	-9.75207e-006
11695	2.339	-0.224066	-0.0664022	-9.69617e-006
11700	2.34	-0.224066	-0.066402	-9.67165e-006
11705	2.341	-0.224066	-0.0664019	-9.67147e-006
11710	2.342	-0.224066	-0.0664017	-9.69205e-006
11715	2.343	-0.224066	-0.0664017	-9.69205e-006
11720	2.344	-0.224066	-0.0664016	-9.71514e-006
11725	2.345	-0.224066	-0.0664016	-9.90172e-006
11730	2.346	-0.224066	-0.0664015	-9.97927e-006
11735	2.347	-0.224065	-0.0664013	-9.94414e-006
11740	2.348	-0.224065	-0.0664011	-9.84265e-006
11745	2.349	-0.224065	-0.0664009	-9.7428e-006
11750	2.35	-0.224065	-0.0664007	-9.68256e-006
11755	2.351	-0.224065	-0.0664005	-9.66304e-006
11760	2.352	-0.224065	-0.0664004	-9.66996e-006
11765	2.353	-0.224065	-0.0664002	-9.68907e-006
11770	2.354	-0.224065	-0.0664002	-9.68907e-006
11775	2.355	-0.224065	-0.0664001	-9.71438e-006
11780	2.356	-0.224065	-0.0664001	-9.90603e-006
11785	2.357	-0.224064	-0.0664	-9.99053e-006
11790	2.358	-0.224064	-0.0663998	-9.95177e-006
11795	2.359	-0.224064	-0.0663996	-9.85026e-006
11800	2.36	-0.224064	-0.0663994	-9.75091e-006
11805	2.361	-0.224064	-0.0663992	-9.68679e-006
11810	2.362	-0.224064	-0.066399	-9.66355e-006
11815	2.363	-0.224064	-0.0663989	-9.67153e-006
11820	2.364	-0.224064	-0.0663987	-9.69076e-006
11825	2.365	-0.224064	-0.0663987	-9.69076e-006
11830	2.366	-0.224064	-0.0663986	-9.71416e-006
11835	2.367	-0.224063	-0.0663986	-9.89525e-006
11840	2.368	-0.224063	-0.0663985	-9.96535e-006
11845	2.369	-0.224063	-0.0663983	-9.92615e-006
11850	2.37	-0.224062	-0.0663981	-9.83832e-006
11855	2.371	-0.224062	-0.0663979	-9.75487e-006
11860	2.372	-0.224062	-0.0663977	-9.69729e-006
11865	2.373	-0.224062	-0.0663976	-9.67081e-006
11870	2.374	-0.224062	-0.0663974	-9.67599e-006
11875	2.375	-0.224062	-0.0663972	-9.70076e-006
11880	2.376	-0.224062	-0.0663972	-9.70076e-006
11885	2.377	-0.224062	-0.0663971	-9.72848e-006
11890	2.378	-0.224062	-0.0663971	-9.9066e-006
11895	2.379	-0.224062	-0.066397	-9.97569e-006
11900	2.38	-0.224061	-0.0663968	-9.93776e-006
11905	2.381	-0.224061	-0.0663966	-9.84245e-006
11910	2.382	-0.224061	-0.0663964	-9.74917e-006
11915	2.383	-0.224061	-0.0663962	-9.68825e-006
11920	2.384	-0.224061	-0.0663961	-9.6693e-006
11925	2.385	-0.224061	-0.0663959	-9.67951e-006
11930	2.386	-0.224061	-0.0663958	-9.70128e-006
11935	2.387	-0.224061	-0.0663958	-9.70128e-006
11940	2.388	-0.224061	-0.0663956	-9.71764e-006
11945	2.389	-0.22406	-0.0663956	-9.90415e-006
11950	2.39	-0.22406	-0.0663955	-9.98118e-006
11955	2.391	-0.22406	-0.0663953	-9.94312e-006
11960	2.392	-0.22406	-0.0663951	-9.8443e-006
11965	2.393	-0.22406	-0.0663949	-9.74069e-006
11970	2.394	-0.22406	-0.0663947	-9.67889e-006
11975	2.395	-0.22406	-0.0663946	-9.66051e-006
11980	2.396	-0.22406	-0.0663944	-9.67823e-006
11985	2.397	-0.224059	-0.0663943	-9.70804e-006
11990	2.398	-0.224059	-0.0663943	-9.70804e-006
11995	2.399	-0.224059	-0.0663941	-9.72932e-006
12000	2.4	-0.224059	-0.0663941	-9.90853e-006
12005	2.401	-0.224059	-0.066394	-9.97842e-006
12010	2.402	-0.224059	-0.0663939	-9.93851e-006
12015	2.403	-0.224058	-0.0663937	-9.84265e-006
12020	2.404	-0.224058	-0.0663934	-9.74955e-006
12025	2.405	-0.224058	-0.0663933	-9.68947e-006
12030	2.406	-0.224058	-0.0663931	-9.66768e-006
12035	2.407	-0.224058	-0.0663929	-9.67931e-006
12040	2.408	-0.224058	-0.0663928	-9.69578e-006
12045	2.409	-0.224058	-0.0663928	-9.69578e-006
12050	2.41	-0.224058	-0.0663926	-9.71757e-006
12055	2.411	-0.224058	-0.0663926	-9.90395e-006
12060	2.412	-0.224057	-0.0663925	-9.98136e-006
12065	2.413	-0.224057	-0.0663924	-9.94584e-006
12070	2.414	-0.224057	-0.0663922	-9.84818e-006
12075	2.415	-0.224057	-0.066392	-9.75135e-006
12080	2.416	-0.224057	-0.0663918	-9.69144e-006
12085	2.417	-0.224057	-0.0663916	-9.67472e-006
12090	2.418	-0.224057	-0.0663914	-9.68107e-006
12095	2.419	-0.224057	-0.0663913	-9.69601e-006
12100	2.42	-0.224057	-0.0663913	-9.69601e-006
12105	2.421	-0.224057	-0.0663911	-9.71607e-006
12110	2.422	-0.224056	-0.0663911	-9.90241e-006
12115	2.423	-0.224056	-0.066391	-9.97768e-006
12120	2.424	-0.224056	-0.0663909	-9.94634e-006
12125	2.425	-0.224056	-0.0663907	-9.85028e-006
12130	2.426	-0.224056	-0.0663905	-9.75711e-006
12135	2.427	-0.224055	-0.0663903	-9.6929e-006
12140	2.428	-0.224055	-0.0663901	-9.66809e-006
12145	2.429	-0.224055	-0.0663899	-9.67482e-006
12150	2.43	-0.224055	-0.0663898	-9.69477e-006
12155	2.431	-0.224055	-0.0663898	-9.69477e-006
12160	2.432	-0.224055	-0.0663897	-9.72202e-006
12165	2.433	-0.224055	-0.0663896	-9.9089e-006
12170	2.434	-0.224055	-0.0663895	-9.9872e-006
12175	2.435	-0.224054	-0.0663894	-9.94728e-006
12180	2.436	-0.224054	-0.0663892	-9.84953e-006
12185	2.437	-0.224054	-0.066389	-9.75581e-006
12190	2.438	-0.224054	-0.0663888	-9.69603e-006
12195	2.439	-0.224054	-0.0663886	-9.67064e-006
12200	2.44	-0.224054	-0.0663885	-9.67333e-006
12205	2.441	-0.224054	-0.0663883	-9.69091e-006
12210	2.442	-0.224054	-0.0663883	-9.69091e-006
12215	2.443	-0.224054	-0.0663882	-9.71716e-006
12220	2.444	-0.224054	-0.0663881	-9.90533e-006
12225	2.445	-0.224053	-0.0663881	-9.97867e-006
12230	2.446	-0.224053	-0.0663879	-9.93885e-006
12235	2.447	-0.224053	-0.0663877	-9.83843e-006
12240	2.448	-0.224053	-0.0663875	-9.74481e-006
12245	2.449	-0.224053	-0.0663873	-9.68707e-006
12250	2.45	-0.224053	-0.0663871	-9.66532e-006
12255	2.451	-0.224053	-0.066387	-9.67842e-006
12260	2.452	-0.224053	-0.0663868	-9.70441e-006
12265	2.453	-0.224053	-0.0663868	-9.70441e-006
12270	2.454	-0.224053	-0.0663867	-9.72958e-006
12275	2.455	-0.224052	-0.0663867	-9.90773e-006
12280	2.456	-0.224052	-0.0663866	-9.97687e-006
12285	2.457	-0.224052	-0.0663864	-9.93648e-006
12290	2.458	-0.224052	-0.0663862	-9.84383e-006
12295	2.459	-0.224051	-0.066386	-9.75829e-006
12300	2.46	-0.224051	-0.0663858	-9.69794e-006
12305	2.461	-0.224051	-0.0663856	-9.67281e-006
12310	2.462	-0.224051	-0.0663855	-9.6847e-006
12315	2.463	-0.224051	-0.0663853	-9.70908e-006
12320	2.464	-0.224051	-0.0663853	-9.70908e-006
12325	2.465	-0.224051	-0.0663852	-9.72464e-006
12330	2.466	-0.224051	-0.0663852	-9.90503e-006
12335	2.467	-0.224051	-0.0663851	-9.97634e-006
12340	2.468	-0.22405	-0.0663849	-9.93759e-006
12345	2.469	-0.22405	-0.0663847	-9.84244e-006
12350	2.47	-0.22405	-0.0663845	-9.75522e-006
12355	2.471	-0.22405	-0.0663843	-9.69599e-006
12360	2.472	-0.22405	-0.0663842	-9.67691e-006
12365	2.473	-0.22405	-0.066384	-9.68828e-006
12370	2.474	-0.22405	-0.0663838	-9.70875e-006
12375	2.475	-0.22405	-0.0663838	-9.70875e-006
12380	2.476	-0.22405	-0.0663837	-9.72393e-006
12385	2.477	-0.224049	-0.0663837	-9.91142e-006
12390	2.478	-0.224049	-0.0663836	-9.98769e-006
12395	2.479	-0.224049	-0.0663834	-9.95196e-006
12400	2.48	-0.224049	-0.0663832	-9.85659e-006
12405	2.481	-0.224049	-0.066383	-9.75569e-006
12410	2.482	-0.224049	-0.0663828	-9.68764e-006
12415	2.483	-0.224049	-0.0663827	-9.66874e-006
12420	2.484	-0.224049	-0.0663825	-9.68109e-006
12425	2.485	-0.224049	-0.0663824	-9.70217e-006
12430	2.486	-0.224049	-0.0663824	-9.70217e-006
12435	2.487	-0.224048	-0.0663822	-9.72395e-006
12440	2.488	-0.224048	-0.0663822	-9.90757e-006
12445	2.489	-0.224048	-0.0663821	-9.98233e-006
12450	2.49	-0.224048	-0.0663819	-9.9458e-006
12455	2.491	-0.224047	-0.0663817	-9.85851e-006
12460	2.492	-0.224047	-0.0663815	-9.76485e-006
12465	2.493	-0.224047	-0.0663814	-9.69968e-006
12470	2.494	-0.224047	-0.0663812	-9.674e-006
12475	2.495	-0.224047	-0.066381	-9.68209e-006
12480	2.496	-0.224047	-0.0663809	-9.70163e-006
12485	2.497	-0.224047	-0.0663809	-9.70163e-006
12490	2.498	-0.224047	-0.0663807	-9.72484e-006
12495	2.499	-0.224047	-0.0663807	-9.90909e-006
12500	2.5	-0.224046	-0.0663806	-9.98631e-006
12505	2.501	-0.224046	-0.0663804	-9.95112e-006
12510	2.502	-0.224046	-0.0663802	-9.85046e-006
12515	2.503	-0.224046	-0.06638	-9.75049e-006
12520	2.504	-0.224046	-0.0663799	-9.6919e-006
12525	2.505	-0.224046	-0.0663797	-9.67388e-006
12530	2.506	-0.224046	-0.0663795	-9.67933e-006
12535	2.507	-0.224046	-0.0663794	-9.69685e-006
12540	2.508	-0.224046	-0.0663794	-9.69685e-006
12545	2.509	-0.224046	-0.0663792	-9.72037e-006
12550	2.51	-0.224045	-0.0663792	-9.91249e-006
12555	2.511	-0.224045	-0.0663791	-9.99578e-006
12560	2.512	-0.224045	-0.066379	-9.96381e-006
12565	2.513	-0.224045	-0.0663788	-9.86129e-006
12570	2.514	-0.224045	-0.0663786	-9.76163e-006
12575	2.515	-0.224044	-0.0663784	-9.69346e-006
12580	2.516	-0.224044	-0.0663782	-9.67231e-006
12585	2.517	-0.224044	-0.066378	-9.67889e-006
12590	2.518	-0.224044	-0.0663779	-9.69945e-006
12595	2.519	-0.224044	-0.0663779	-9.69945e-006
12600	2.52	-0.224044	-0.0663777	-9.72109e-006
12605	2.521	-0.224044	-0.0663777	-9.9066e-006
12610	2.522	-0.224044	-0.0663776	-9.98313e-006
12615	2.523	-0.224043	-0.0663775	-9.94177e-006
12620	2.524	-0.224043	-0.0663773	-9.84657e-006
12625	2.525	-0.224043	-0.0663771	-9.75552e-006
12630	2.526	-0.224043	-0.0663769	-9.69547e-006
12635	2.527	-0.224043	-0.0663767	-9.67229e-006
12640	2.528	-0.224043	-0.0663765	-9.68165e-006
12645	2.529	-0.224043	-0.0663764	-9.70795e-006
12650	2.53	-0.224043	-0.0663764	-9.70795e-006
12655	2.531	-0.224043	-0.0663763	-9.73592e-006
12660	2.532	-0.224043	-0.0663762	-9.91629e-006
12665	2.533	-0.224042	-0.0663761	-9.98546e-006
12670	2.534	-0.224042	-0.066376	-9.94471e-006
12675	2.535	-0.224042	-0.0663758	-9.84775e-006
12680	2.536	-0.224042	-0.0663756	-9.75595e-006
12685	2.537	-0.224042	-0.0663754	-9.7024e-006
12690	2.538	-0.224042	-0.0663752	-9.6821e-006
12695	2.539	-0.224042	-0.0663751	-9.68635e-006
12700	2.54	-0.224042	-0.0663749	-9.70255e-006
12705	2.541	-0.224042	-0.0663749	-9.70255e-006
12710	2.542	-0.224042	-0.0663748	-9.7234e-006
12715	2.543	-0.224041	-0.0663747	-9.90295e-006
12720	2.544	-0.224041	-0.0663746	-9.97938e-006
12725	2.545	-0.224041	-0.0663745	-9.94627e-006
12730	2.546	-0.224041	-0.0663743	-9.85536e-006
12735	2.547	-0.22404	-0.0663741	-9.76258e-006
12740	2.548	-0.22404	-0.0663739	-9.69912e-006
12745	2.549	-0.22404	-0.0663737	-9.67529e-006
12750	2.55	-0.22404	-0.0663736	-9.68765e-006
12755	2.551	-0.22404	-0.0663734	-9.71294e-006
12760	2.552	-0.22404	-0.0663734	-9.71294e-006
12765	2.553	-0.22404	-0.0663733	-9.73257e-006
12770	2.554	-0.22404	-0.0663733	-9.91301e-006
12775	2.555	-0.22404	-0.0663732	-9.98486e-006
12780	2.556	-0.224039	-0.066373	-9.94829e-006
12785	2.557	-0.224039	-0.0663728	-9.85257e-006
12790	2.558	-0.224039	-0.0663726	-9.75859e-006
12795	2.559	-0.224039	-0.0663724	-9.69645e-006
12800	2.56	-0.224039	-0.0663722	-9.67522e-006
12805	2.561	-0.224039	-0.0663721	-9.68557e-006
12810	2.562	-0.224039	-0.0663719	-9.70759e-006
12815	2.563	-0.224039	-0.0663719	-9.70759e-006
12820	2.564	-0.224039	-0.0663718	-9.72733e-006
12825	2.565	-0.224038	-0.0663718	-9.90995e-006
12830	2.566	-0.224038	-0.0663717	-9.98315e-006
12835	2.567	-0.224038	-0.0663715	-9.94725e-006
12840	2.568	-0.224038	-0.0663713	-9.85553e-006
12845	2.569	-0.224038	-0.0663711	-9.76132e-006
12850	2.57	-0.224038	-0.0663709	-9.70493e-006
12855	2.571	-0.224038	-0.0663707	-9.68669e-006
12860	2.572	-0.224038	-0.0663706	-9.69626e-006
12865	2.573	-0.224038	-0.0663704	-9.7124e-006
12870	2.574	-0.224038	-0.0663704	-9.7124e-006
12875	2.575	-0.224038	-0.0663703	-9.72667e-006
12880	2.576	-0.224037	-0.0663703	-9.91073e-006
12885	2.577	-0.224037	-0.0663702	-9.98599e-006
12890	2.578	-0.224037	-0.06637	-9.95358e-006
12895	2.579	-0.224036	-0.0663698	-9.85842e-006
12900	2.58	-0.224036	-0.0663696	-9.76178e-006
12905	2.581	-0.224036	-0.0663694	-9.69707e-006
12910	2.582	-0.224036	-0.0663693	-9.67387e-006
12915	2.583	-0.224036	-0.0663691	-9.68375e-006
12920	2.584	-0.224036	-0.0663689	-9.70455e-006
12925	2.585	-0.224036	-0.0663689	-9.70455e-006
12930	2.586	-0.224036	-0.0663688	-9.73141e-006
12935	2.587	-0.224036	-0.0663688	-9.91814e-006
12940	2.588	-0.224035	-0.0663687	-9.9957e-006
12945	2.589	-0.224035	-0.0663685	-9.96132e-006
12950	2.59	-0.224035	-0.0663683	-9.8607e-006
12955	2.591	-0.224035	-0.0663681	-9.7608e-006
12960	2.592	-0.224035	-0.0663679	-9.69775e-006
12965	2.593	-0.224035	-0.0663678	-9.67896e-006
12970	2.594	-0.224035	-0.0663676	-9.68346e-006
12975	2.595	-0.224035	-0.0663675	-9.70073e-006
12980	2.596	-0.224035	-0.0663675	-9.70073e-006
12985	2.597	-0.224035	-0.0663673	-9.72742e-006
12990	2.598	-0.224034	-0.0663673	-9.91409e-006
12995	2.599	-0.224034	-0.0663672	-9.99153e-006
13000	2.6	-0.224034	-0.066367	-9.95037e-006
13005	2.601	-0.224034	-0.0663668	-9.85071e-006
13010	2.602	-0.224034	-0.0663666	-9.75342e-006
13015	2.603	-0.224034	-0.0663664	-9.69019e-006
13020	2.604	-0.224033	-0.0663663	-9.66863e-006
13025	2.605	-0.224033	-0.0663661	-9.68149e-006
13030	2.606	-0.224033	-0.066366	-9.70963e-006
13035	2.607	-0.224033	-0.066366	-9.70963e-006
13040	2.608	-0.224033	-0.0663658	-9.73772e-006
13045	2.609	-0.224033	-0.0663658	-9.9199e-006
13050	2.61	-0.224033	-0.0663657	-9.98729e-006
13055	2.611	-0.224033	-0.0663655	-9.94604e-006
13060	2.612	-0.224032	-0.0663654	-9.85196e-006
13065	2.613	-0.224032	-0.0663652	-9.764e-006
13070	2.614	-0.224032	-0.066365	-9.70726e-006
13075	2.615	-0.224032	-0.0663648	-9.67988e-006
13080	2.616	-0.224032	-0.0663646	-9.68062e-006
13085	2.617	-0.224032	-0.0663645	-9.70349e-006
13090	2.618	-0.224032	-0.0663645	-9.70349e-006
13095	2.619	-0.224032	-0.0663643	-9.72924e-006
13100	2.62	-0.224032	-0.0663643	-9.91181e-006
13105	2.621	-0.224031	-0.0663642	-9.98516e-006
13110	2.622	-0.224031	-0.0663641	-9.94706e-006
13115	2.623	-0.224031	-0.0663639	-9.85032e-006
13120	2.624	-0.224031	-0.0663637	-9.76148e-006
13125	2.625	-0.224031	-0.0663635	-9.7047e-006
13130	2.626	-0.224031	-0.0663633	-9.68437e-006
13135	2.627	-0.224031	-0.0663631	-9.69211e-006
13140	2.628	-0.224031	-0.066363	-9.71267e-006
13145	2.629	-0.224031	-0.066363	-9.71267e-006
13150	2.63	-0.224031	-0.0663628	-9.72996e-006
13155	2.631	-0.22403	-0.0663628	-9.91667e-006
13160	2.632	-0.22403	-0.0663627	-9.9938e-006
13165	2.633	-0.22403	-0.0663626	-9.95756e-006
13170	2.634	-0.22403	-0.0663624	-9.86452e-006
13175	2.635	-0.224029	-0.0663622	-9.77245e-006
13180	2.636	-0.224029	-0.066362	-9.70307e-006
13185	2.637	-0.224029	-0.0663618	-9.67883e-006
13190	2.638	-0.224029	-0.0663617	-9.68949e-006
13195	2.639	-0.224029	-0.0663615	-9.71202e-006
13200	2.64	-0.224029	-0.0663615	-9.71202e-006
13205	2.641	-0.224029	-0.0663614	-9.72788e-006
13210	2.642	-0.224029	-0.0663613	-9.91018e-006
13215	2.643	-0.224029	-0.0663612	-9.98306e-006
13220	2.644	-0.224028	-0.0663611	-9.94564e-006
13225	2.645	-0.224028	-0.0663609	-9.85965e-006
13230	2.646	-0.224028	-0.0663607	-9.76819e-006
13235	2.647	-0.224028	-0.0663605	-9.70649e-006
13240	2.648	-0.224028	-0.0663603	-9.68671e-006
13245	2.649	-0.224028	-0.0663602	-9.69401e-006
13250	2.65	-0.224028	-0.06636	-9.71219e-006
13255	2.651	-0.224028	-0.06636	-9.71219e-006
13260	2.652	-0.224028	-0.0663599	-9.73575e-006
13265	2.653	-0.224028	-0.0663599	-9.91963e-006
13270	2.654	-0.224027	-0.0663598	-9.99469e-006
13275	2.655	-0.224027	-0.0663596	-9.95763e-006
13280	2.656	-0.224027	-0.0663594	-9.86129e-006
13285	2.657	-0.224027	-0.0663592	-9.76032e-006
13290	2.658	-0.224027	-0.066359	-9.6994e-006
13295	2.659	-0.224027	-0.0663588	-9.68114e-006
13300	2.66	-0.224027	-0.0663587	-9.69235e-006
13305	2.661	-0.224027	-0.0663585	-9.70969e-006
13310	2.662	-0.224027	-0.0663585	-9.70969e-006
13315	2.663	-0.224027	-0.0663584	-9.72769e-006
13320	2.664	-0.224026	-0.0663584	-9.91942e-006
13325	2.665	-0.224026	-0.0663583	-1.00023e-005
13330	2.666	-0.224026	-0.0663581	-9.97033e-006
13335	2.667	-0.224025	-0.0663579	-9.86857e-006
13340	2.668	-0.224025	-0.0663577	-9.76509e-006
13345	2.669	-0.224025	-0.0663575	-9.69712e-006
13350	2.67	-0.224025	-0.0663573	-9.67839e-006
13355	2.671	-0.224025	-0.0663572	-9.68678e-006
13360	2.672	-0.224025	-0.066357	-9.70764e-006
13365	2.673	-0.224025	-0.066357	-9.70764e-006
13370	2.674	-0.224025	-0.0663569	-9.72979e-006
13375	2.675	-0.224025	-0.0663569	-9.91609e-006
13380	2.676	-0.224025	-0.0663568	-9.99316e-006
13385	2.677	-0.224024	-0.0663566	-9.94923e-006
13390	2.678	-0.224024	-0.0663564	-9.84705e-006
13395	2.679	-0.224024	-0.0663562	-9.75625e-006
13400	2.68	-0.224024	-0.066356	-9.70302e-006
13405	2.681	-0.224024	-0.0663559	-9.68615e-006
13410	2.682	-0.224024	-0.0663557	-9.69456e-006
13415	2.683	-0.224024	-0.0663555	-9.71769e-006
13420	2.684	-0.224024	-0.0663555	-9.71769e-006
13425	2.685	-0.224024	-0.0663554	-9.74409e-006
13430	2.686	-0.224023	-0.0663554	-9.92906e-006
13435	2.687	-0.224023	-0.0663553	-1.00043e-005
13440	2.688	-0.224023	-0.0663551	-9.95958e-006
13445	2.689	-0.224023	-0.0663549	-9.85623e-006
13450	2.69	-0.224023	-0.0663547	-9.75885e-006
13455	2.691	-0.224023	-0.0663545	-9.70008e-006
13460	2.692	-0.224023	-0.0663544	-9.67789e-006
13465	2.693	-0.224023	-0.0663542	-9.68682e-006
13470	2.694	-0.224022	-0.0663541	-9.70605e-006
13475	2.695	-0.224022	-0.0663541	-9.70605e-006
13480	2.696	-0.224022	-0.0663539	-9.72722e-006
13485	2.697	-0.224022	-0.0663539	-9.90898e-006
13490	2.698	-0.224022	-0.0663538	-9.98461e-006
13495	2.699	-0.224022	-0.0663536	-9.95217e-006
13500	2.7	-0.224021	-0.0663534	-9.86224e-006
13505	2.701	-0.224021	-0.0663532	-9.77216e-006
13510	2.702	-0.224021	-0.0663531	-9.7111e-006
13515	2.703	-0.224021	-0.0663529	-9.68839e-006
13520	2.704	-0.224021	-0.0663527	-9.69838e-006
13525	2.705	-0.224021	-0.0663526	-9.72138e-006
13530	2.706	-0.224021	-0.0663526	-9.72138e-006
13535	2.707	-0.224021	-0.0663524	-9.74501e-006
13540	2.708	-0.224021	-0.0663524	-9.92299e-006
13545	2.709	-0.22402	-0.0663523	-9.99314e-006
13550	2.71	-0.22402	-0.0663522	-9.95365e-006
13555	2.711	-0.22402	-0.066352	-9.85713e-006
13560	2.712	-0.22402	-0.0663517	-9.76902e-006
13565	2.713	-0.22402	-0.0663516	-9.7084e-006
13570	2.714	-0.22402	-0.0663514	-9.68648e-006
13575	2.715	-0.22402	-0.0663512	-9.6897e-006
13580	2.716	-0.22402	-0.0663511	-9.70866e-006
13585	2.717	-0.22402	-0.0663511	-9.70866e-006
13590	2.718	-0.22402	-0.0663509	-9.72953e-006
13595	2.719	-0.224019	-0.0663509	-9.91559e-006
13600	2.72	-0.224019	-0.0663508	-9.99315e-006
13605	2.721	-0.224019	-0.0663507	-9.95807e-006
13610	2.722	-0.224019	-0.0663505	-9.86793e-006
13615	2.723	-0.224019	-0.0663503	-9.77908e-006
13620	2.724	-0.224018	-0.0663501	-9.71286e-006
13625	2.725	-0.224018	-0.0663499	-9.68918e-006
13630	2.726	-0.224018	-0.0663497	-9.7003e-006
13635	2.727	-0.224018	-0.0663496	-9.72353e-006
13640	2.728	-0.224018	-0.0663496	-9.72353e-006
13645	2.729	-0.224018	-0.0663494	-9.74039e-006
13650	2.73	-0.224018	-0.0663494	-9.92137e-006
13655	2.731	-0.224018	-0.0663493	-9.99498e-006
13660	2.732	-0.224017	-0.0663492	-9.96171e-006
13665	2.733	-0.224017	-0.066349	-9.87013e-006
13670	2.734	-0.224017	-0.0663488	-9.77228e-006
13675	2.735	-0.224017	-0.0663486	-9.70582e-006
13680	2.736	-0.224017	-0.0663484	-9.68096e-006
13685	2.737	-0.224017	-0.0663482	-9.69165e-006
13690	2.738	-0.224017	-0.0663481	-9.71125e-006
13695	2.739	-0.224017	-0.0663481	-9.71125e-006
13700	2.74	-0.224017	-0.0663479	-9.73384e-006
13705	2.741	-0.224017	-0.0663479	-9.92229e-006
13710	2.742	-0.224016	-0.0663478	-1.00018e-005
13715	2.743	-0.224016	-0.0663477	-9.96585e-006
13720	2.744	-0.224016	-0.0663475	-9.86391e-006
13725	2.745	-0.224016	-0.0663473	-9.76861e-006
13730	2.746	-0.224016	-0.0663471	-9.70672e-006
13735	2.747	-0.224016	-0.0663469	-9.68567e-006
13740	2.748	-0.224016	-0.0663468	-9.68918e-006
13745	2.749	-0.224016	-0.0663466	-9.70514e-006
13750	2.75	-0.224016	-0.0663466	-9.70514e-006
13755	2.751	-0.224016	-0.0663465	-9.73136e-006
13760	2.752	-0.224015	-0.0663464	-9.92161e-006
13765	2.753	-0.224015	-0.0663464	-1.00005e-005
13770	2.754	-0.224015	-0.0663462	-9.96732e-006
13775	2.755	-0.224015	-0.066346	-9.86712e-006
13780	2.756	-0.224014	-0.0663458	-9.76528e-006
13785	2.757	-0.224014	-0.0663456	-9.69739e-006
13790	2.758	-0.224014	-0.0663454	-9.68142e-006
13795	2.759	-0.224014	-0.0663453	-9.69357e-006
13800	2.76	-0.224014	-0.0663451	-9.7178e-006
13805	2.761	-0.224014	-0.0663451	-9.7178e-006
13810	2.762	-0.224014	-0.066345	-9.74247e-006
13815	2.763	-0.224014	-0.066345	-9.92675e-006
13820	2.764	-0.224014	-0.0663449	-1.00018e-005
13825	2.765	-0.224013	-0.0663447	-9.95833e-006
13830	2.766	-0.224013	-0.0663445	-9.8625e-006
13835	2.767	-0.224013	-0.0663443	-9.7688e-006
13840	2.768	-0.224013	-0.0663441	-9.7089e-006
13845	2.769	-0.224013	-0.0663439	-9.6834e-006
13850	2.77	-0.224013	-0.0663438	-9.68633e-006
13855	2.771	-0.224013	-0.0663436	-9.70873e-006
13860	2.772	-0.224013	-0.0663436	-9.70873e-006
13865	2.773	-0.224013	-0.0663435	-9.73886e-006
13870	2.774	-0.224012	-0.0663435	-9.92464e-006
13875	2.775	-0.224012	-0.0663434	-9.99381e-006
13880	2.776	-0.224012	-0.0663432	-9.95275e-006
13885	2.777	-0.224012	-0.066343	-9.85482e-006
13890	2.778	-0.224012	-0.0663428	-9.7603e-006
13895	2.779	-0.224012	-0.0663426	-9.70578e-006
13900	2.78	-0.224012	-0.0663425	-9.68793e-006
13905	2.781	-0.224012	-0.0663423	-9.70036e-006
13910	2.782	-0.224012	-0.0663421	-9.72487e-006
13915	2.783	-0.224012	-0.0663421	-9.72487e-006
13920	2.784	-0.224011	-0.066342	-9.74656e-006
13925	2.785	-0.224011	-0.066342	-9.92891e-006
13930	2.786	-0.224011	-0.0663419	-1.00023e-005
13935	2.787	-0.224011	-0.0663417	-9.96411e-006
13940	2.788	-0.22401	-0.0663415	-9.8676e-006
13945	2.789	-0.22401	-0.0663413	-9.77472e-006
13950	2.79	-0.22401	-0.0663411	-9.70617e-006
13955	2.791	-0.22401	-0.066341	-9.6818e-006
13960	2.792	-0.22401	-0.0663408	-9.69226e-006
13965	2.793	-0.22401	-0.0663407	-9.71543e-006
13970	2.794	-0.22401	-0.0663407	-9.71543e-006
13975	2.795	-0.22401	-0.0663405	-9.74203e-006
13980	2.796	-0.22401	-0.0663405	-9.92215e-006
13985	2.797	-0.224009	-0.0663404	-9.99151e-006
13990	2.798	-0.224009	-0.0663402	-9.95044e-006
13995	2.799	-0.224009	-0.06634	-9.85907e-006
14000	2.8	-0.224009	-0.0663398	-9.77668e-006
14005	2.801	-0.224009	-0.0663396	-9.71831e-006
14010	2.802	-0.224009	-0.0663395	-9.69559e-006
14015	2.803	-0.224009	-0.0663393	-9.70094e-006
14020	2.804	-0.224009	-0.0663392	-9.72428e-006
14025	2.805	-0.224009	-0.0663392	-9.72428e-006
14030	2.806	-0.224009	-0.066339	-9.74535e-006
14035	2.807	-0.224008	-0.066339	-9.92886e-006
14040	2.808	-0.224008	-0.0663389	-1.00013e-005
14045	2.809	-0.224008	-0.0663387	-9.96262e-006
14050	2.81	-0.224008	-0.0663386	-9.86804e-006
14055	2.811	-0.224008	-0.0663383	-9.76817e-006
14060	2.812	-0.224007	-0.0663382	-9.70489e-006
14065	2.813	-0.224007	-0.066338	-9.68662e-006
14070	2.814	-0.224007	-0.0663378	-9.69881e-006
14075	2.815	-0.224007	-0.0663377	-9.71414e-006
14080	2.816	-0.224007	-0.0663377	-9.71414e-006
14085	2.817	-0.224007	-0.0663375	-9.72928e-006
14090	2.818	-0.224007	-0.0663375	-9.92233e-006
14095	2.819	-0.224007	-0.0663374	-1.00067e-005
14100	2.82	-0.224006	-0.0663373	-9.97821e-006
14105	2.821	-0.224006	-0.0663371	-9.88583e-006
14110	2.822	-0.224006	-0.0663369	-9.78309e-006
14115	2.823	-0.224006	-0.0663367	-9.71309e-006
14120	2.824	-0.224006	-0.0663365	-9.6856e-006
14125	2.825	-0.224006	-0.0663363	-9.69543e-006
14130	2.826	-0.224006	-0.0663362	-9.715e-006
14135	2.827	-0.224006	-0.0663362	-9.715e-006
14140	2.828	-0.224006	-0.066336	-9.738e-006
14145	2.829	-0.224006	-0.066336	-9.9231e-006
14150	2.83	-0.224005	-0.0663359	-9.99918e-006
14155	2.831	-0.224005	-0.0663358	-9.96292e-006
14160	2.832	-0.224005	-0.0663356	-9.86132e-006
14165	2.833	-0.224005	-0.0663354	-9.76944e-006
14170	2.834	-0.224005	-0.0663352	-9.71129e-006
14175	2.835	-0.224005	-0.066335	-9.69172e-006
14180	2.836	-0.224005	-0.0663348	-9.69727e-006
14185	2.837	-0.224005	-0.0663347	-9.7174e-006
14190	2.838	-0.224005	-0.0663347	-9.7174e-006
14195	2.839	-0.224005	-0.0663346	-9.74413e-006
14200	2.84	-0.224004	-0.0663345	-9.93106e-006
14205	2.841	-0.224004	-0.0663344	-1.00092e-005
14210	2.842	-0.224004	-0.0663343	-9.97404e-006
14215	2.843	-0.224004	-0.0663341	-9.87129e-006
14220	2.844	-0.224003	-0.0663339	-9.76961e-006
14225	2.845	-0.224003	-0.0663337	-9.70803e-006
14230	2.846	-0.224003	-0.0663335	-9.69172e-006
14235	2.847	-0.224003	-0.0663334	-9.69971e-006
14240	2.848	-0.224003	-0.0663332	-9.71703e-006
14245	2.849	-0.224003	-0.0663332	-9.71703e-006
14250	2.85	-0.224003	-0.0663331	-9.73626e-006
14255	2.851	-0.224003	-0.066333	-9.92366e-006
14260	2.852	-0.224003	-0.066333	-1.00016e-005
14265	2.853	-0.224002	-0.0663328	-9.96263e-006
14270	2.854	-0.224002	-0.0663326	-9.86597e-006
14275	2.855	-0.224002	-0.0663324	-9.77133e-006
14280	2.856	-0.224002	-0.0663322	-9.70876e-006
14285	2.857	-0.224002	-0.066332	-9.68536e-006
14290	2.858	-0.224002	-0.0663319	-9.70067e-006
14295	2.859	-0.224002	-0.0663317	-9.72882e-006
14300	2.86	-0.224002	-0.0663317	-9.72882e-006
14305	2.861	-0.224002	-0.0663316	-9.75676e-006
14310	2.862	-0.224001	-0.0663316	-9.93382e-006
14315	2.863	-0.224001	-0.0663315	-9.99973e-006
14320	2.864	-0.224001	-0.0663313	-9.95826e-006
14325	2.865	-0.224001	-0.0663311	-9.86362e-006
14330	2.866	-0.224001	-0.0663309	-9.7742e-006
14335	2.867	-0.224001	-0.0663307	-9.71733e-006
14340	2.868	-0.224001	-0.0663305	-9.69295e-006
14345	2.869	-0.224001	-0.0663304	-9.69732e-006
14350	2.87	-0.224001	-0.0663302	-9.71538e-006
14355	2.871	-0.224001	-0.0663302	-9.71538e-006
14360	2.872	-0.224001	-0.0663301	-9.74303e-006
14365	2.873	-0.224	-0.0663301	-9.92615e-006
14370	2.874	-0.224	-0.06633	-1.00017e-005
14375	2.875	-0.224	-0.0663298	-9.96567e-006
14380	2.876	-0.223999	-0.0663296	-9.86985e-006
14385	2.877	-0.223999	-0.0663294	-9.77682e-006
14390	2.878	-0.223999	-0.0663292	-9.7124e-006
14395	2.879	-0.223999	-0.066329	-9.69441e-006
14400	2.88	-0.223999	-0.0663289	-9.70536e-006
14405	2.881	-0.223999	-0.0663287	-9.72855e-006
14410	2.882	-0.223999	-0.0663287	-9.72855e-006
14415	2.883	-0.223999	-0.0663286	-9.74659e-006
14420	2.884	-0.223999	-0.0663286	-9.9277e-006
14425	2.885	-0.223998	-0.0663285	-9.99989e-006
14430	2.886	-0.223998	-0.0663283	-9.96842e-006
14435	2.887	-0.223998	-0.0663281	-9.87716e-006
14440	2.888	-0.223998	-0.0663279	-9.78769e-006
14445	2.889	-0.223998	-0.0663277	-9.72187e-006
14450	2.89	-0.223998	-0.0663276	-9.69166e-006
14455	2.891	-0.223998	-0.0663274	-9.69667e-006
14460	2.892	-0.223998	-0.0663273	-9.72058e-006
14465	2.893	-0.223998	-0.0663273	-9.72058e-006
14470	2.894	-0.223998	-0.0663271	-9.73936e-006
14475	2.895	-0.223997	-0.0663271	-9.92616e-006
14480	2.896	-0.223997	-0.066327	-1.00044e-005
14485	2.897	-0.223997	-0.0663268	-9.96824e-006
14490	2.898	-0.223997	-0.0663266	-9.8738e-006
14495	2.899	-0.223997	-0.0663264	-9.77988e-006
14500	2.9	-0.223997	-0.0663262	-9.71733e-006
14505	2.901	-0.223996	-0.0663261	-9.69661e-006
14510	2.902	-0.223996	-0.0663259	-9.70591e-006
14515	2.903	-0.223996	-0.0663258	-9.71918e-006
14520	2.904	-0.223996	-0.0663258	-9.71918e-006
14525	2.905	-0.223996	-0.0663256	-9.74119e-006
14530	2.906	-0.223996	-0.0663256	-9.92996e-006
14535	2.907	-0.223996	-0.0663255	-1.00092e-005
14540	2.908	-0.223996	-0.0663254	-9.97362e-006
14545	2.909	-0.223995	-0.0663252	-9.87201e-006
14550	2.91	-0.223995	-0.0663249	-9.7707e-006
14555	2.911	-0.223995	-0.0663247	-9.70503e-006
14560	2.912	-0.223995	-0.0663246	-9.6882e-006
14565	2.913	-0.223995	-0.0663244	-9.69763e-006
14570	2.914	-0.223995	-0.0663243	-9.72141e-006
14575	2.915	-0.223995	-0.0663243	-9.72141e-006
14580	2.916	-0.223995	-0.0663241	-9.74753e-006
14585	2.917	-0.223995	-0.0663241	-9.93209e-006
14590	2.918	-0.223994	-0.066324	-1.00059e-005
14595	2.919	-0.223994	-0.0663239	-9.96858e-006
14600	2.92	-0.223994	-0.0663237	-9.87269e-006
14605	2.921	-0.223994	-0.0663235	-9.77811e-006
14610	2.922	-0.223994	-0.0663233	-9.71669e-006
14615	2.923	-0.223994	-0.0663231	-9.69649e-006
14620	2.924	-0.223994	-0.0663229	-9.70014e-006
14625	2.925	-0.223994	-0.0663228	-9.72217e-006
14630	2.926	-0.223994	-0.0663228	-9.72217e-006
14635	2.927	-0.223994	-0.0663226	-9.7487e-006
14640	2.928	-0.223993	-0.0663226	-9.93317e-006
14645	2.929	-0.223993	-0.0663225	-1.00087e-005
14650	2.93	-0.223993	-0.0663224	-9.96717e-006
14655	2.931	-0.223993	-0.0663222	-9.86708e-006
14660	2.932	-0.223992	-0.066322	-9.76778e-006
14665	2.933	-0.223992	-0.0663218	-9.70989e-006
14670	2.934	-0.223992	-0.0663216	-9.69418e-006
14675	2.935	-0.223992	-0.0663214	-9.70531e-006
14680	2.936	-0.223992	-0.0663213	-9.72666e-006
14685	2.937	-0.223992	-0.0663213	-9.72666e-006
14690	2.938	-0.223992	-0.0663211	-9.74874e-006
14695	2.939	-0.223992	-0.0663211	-9.939e-006
14700	2.94	-0.223992	-0.066321	-1.00142e-005
14705	2.941	-0.223991	-0.0663209	-9.975e-006
14710	2.942	-0.223991	-0.0663207	-9.87201e-006
14715	2.943	-0.223991	-0.0663205	-9.77337e-006
14720	2.944	-0.223991	-0.0663203	-9.71124e-006
14725	2.945	-0.223991	-0.0663201	-9.68963e-006
14730	2.946	-0.223991	-0.0663199	-9.69903e-006
14735	2.947	-0.223991	-0.0663198	-9.72283e-006
14740	2.948	-0.223991	-0.0663198	-9.72283e-006
14745	2.949	-0.223991	-0.0663197	-9.74527e-006
14750	2.95	-0.223991	-0.0663196	-9.92464e-006
14755	2.951	-0.22399	-0.0663195	-9.99524e-006
14760	2.952	-0.22399	-0.0663194	-9.95441e-006
14765	2.953	-0.22399	-0.0663192	-9.86739e-006
14770	2.954	-0.22399	-0.066319	-9.78721e-006
14775	2.955	-0.22399	-0.0663188	-9.72853e-006
14780	2.956	-0.22399	-0.0663186	-9.70564e-006
14785	2.957	-0.22399	-0.0663185	-9.71273e-006
14790	2.958	-0.22399	-0.0663183	-9.73515e-006
14795	2.959	-0.22399	-0.0663183	-9.73515e-006
14800	2.96	-0.22399	-0.0663182	-9.76063e-006
14805	2.961	-0.223989	-0.0663182	-9.93867e-006
14810	2.962	-0.223989	-0.0663181	-1.00083e-005
14815	2.963	-0.223989	-0.0663179	-9.96882e-006
14820	2.964	-0.223988	-0.0663177	-9.87335e-006
14825	2.965	-0.223988	-0.0663175	-9.78153e-006
14830	2.966	-0.223988	-0.0663173	-9.719e-006
14835	2.967	-0.223988	-0.0663171	-9.6966e-006
14840	2.968	-0.223988	-0.066317	-9.70456e-006
14845	2.969	-0.223988	-0.0663168	-9.72434e-006
14850	2.97	-0.223988	-0.0663168	-9.72434e-006
14855	2.971	-0.223988	-0.0663167	-9.74132e-006
14860	2.972	-0.223988	-0.0663167	-9.93405e-006
14865	2.973	-0.223988	-0.0663166	-1.00161e-005
14870	2.974	-0.223987	-0.0663164	-9.9821e-006
14875	2.975	-0.223987	-0.0663162	-9.8883e-006
14880	2.976	-0.223987	-0.066316	-9.78772e-006
14885	2.977	-0.223987	-0.0663158	-9.71765e-006
14890	2.978	-0.223987	-0.0663156	-9.69151e-006
14895	2.979	-0.223987	-0.0663155	-9.70268e-006
14900	2.98	-0.223987	-0.0663153	-9.72499e-006
14905	2.981	-0.223987	-0.0663153	-9.72499e-006
14910	2.982	-0.223987	-0.0663152	-9.74727e-006
14915	2.983	-0.223986	-0.0663152	-9.92989e-006
14920	2.984	-0.223986	-0.0663151	-1.00063e-005
14925	2.985	-0.223986	-0.0663149	-9.97325e-006
14930	2.986	-0.223986	-0.0663147	-9.87985e-006
14935	2.987	-0.223986	-0.0663145	-9.78371e-006
14940	2.988	-0.223986	-0.0663143	-9.71908e-006
14945	2.989	-0.223986	-0.0663142	-9.69898e-006
14950	2.99	-0.223986	-0.066314	-9.70753e-006
14955	2.991	-0.223985	-0.0663138	-9.72401e-006
14960	2.992	-0.223985	-0.0663138	-9.72401e-006
14965	2.993	-0.223985	-0.0663137	-9.74645e-006
14970	2.994	-0.223985	-0.0663137	-9.9367e-006
14975	2.995	-0.223985	-0.0663136	-1.00164e-005
14980	2.996	-0.223985	-0.0663134	-9.98196e-006
14985	2.997	-0.223984	-0.0663132	-9.87885e-006
14990	2.998	-0.223984	-0.066313	-9.77716e-006
14995	2.999	-0.223984	-0.0663128	-9.71768e-006
15000	3	-0.223984	-0.0663127	-9.69919e-006
15005	3.001	-0.223984	-0.0663125	-9.70582e-006
15010	3.002	-0.223984	-0.0663124	-9.72536e-006
15015	3.003	-0.223984	-0.0663124	-9.72536e-006
15020	3.004	-0.223984	-0.0663122	-9.74493e-006
15025	3.005	-0.223984	-0.0663122	-9.93064e-006
15030	3.006	-0.223983	-0.0663121	-1.00083e-005
15035	3.007	-0.223983	-0.0663119	-9.97757e-006
15040	3.008	-0.223983	-0.0663117	-9.88208e-006
15045	3.009	-0.223983	-0.0663115	-9.78545e-006
15050	3.01	-0.223983	-0.0663114	-9.7195e-006
15055	3.011	-0.223983	-0.0663112	-9.69955e-006
15060	3.012	-0.223983	-0.066311	-9.71119e-006
15065	3.013	-0.223983	-0.0663109	-9.73483e-006
15070	3.014	-0.223983	-0.0663109	-9.73483e-006
15075	3.015	-0.223983	-0.0663107	-9.75856e-006
15080	3.016	-0.223982	-0.0663107	-9.94004e-006
15085	3.017	-0.223982	-0.0663106	-1.00118e-005
15090	3.018	-0.223982	-0.0663105	-9.96734e-006
15095	3.019	-0.223982	-0.0663103	-9.86792e-006
15100	3.02	-0.223982	-0.06631	-9.7784e-006
15105	3.021	-0.223981	-0.0663099	-9.7208e-006
15110	3.022	-0.223981	-0.0663097	-9.69821e-006
15115	3.023	-0.223981	-0.0663095	-9.70504e-006
15120	3.024	-0.223981	-0.0663094	-9.72232e-006
15125	3.025	-0.223981	-0.0663094	-9.72232e-006
15130	3.026	-0.223981	-0.0663092	-9.74986e-006
15135	3.027	-0.223981	-0.0663092	-9.9333e-006
15140	3.028	-0.223981	-0.0663091	-1.00057e-005
15145	3.029	-0.22398	-0.066309	-9.96715e-006
15150	3.03	-0.22398	-0.0663088	-9.8708e-006
15155	3.031	-0.22398	-0.0663086	-9.78254e-006
15160	3.032	-0.22398	-0.0663084	-9.72911e-006
15165	3.033	-0.22398	-0.0663082	-9.71373e-006
15170	3.034	-0.22398	-0.0663081	-9.72255e-006
15175	3.035	-0.22398	-0.0663079	-9.74271e-006
15180	3.036	-0.22398	-0.0663079	-9.74271e-006
15185	3.037	-0.22398	-0.0663078	-9.76253e-006
15190	3.038	-0.22398	-0.0663077	-9.93856e-006
15195	3.039	-0.223979	-0.0663076	-1.00062e-005
15200	3.04	-0.223979	-0.0663075	-9.96515e-006
15205	3.041	-0.223979	-0.0663073	-9.87409e-006
15210	3.042	-0.223979	-0.0663071	-9.78493e-006
15215	3.043	-0.223979	-0.0663069	-9.71949e-006
15220	3.044	-0.223979	-0.0663067	-9.69551e-006
15225	3.045	-0.223979	-0.0663066	-9.70747e-006
15230	3.046	-0.223979	-0.0663064	-9.73241e-006
15235	3.047	-0.223979	-0.0663064	-9.73241e-006
15240	3.048	-0.223979	-0.0663063	-9.75097e-006
15245	3.049	-0.223978	-0.0663062	-9.93754e-006
15250	3.05	-0.223978	-0.0663062	-1.0015e-005
15255	3.051	-0.223978	-0.066306	-9.9797e-006
15260	3.052	-0.223978	-0.0663058	-9.88237e-006
15265	3.053	-0.223977	-0.0663056	-9.79138e-006
15270	3.054	-0.223977	-0.0663054	-9.72889e-006
15275	3.055	-0.223977	-0.0663052	-9.70268e-006
15280	3.056	-0.223977	-0.0663051	-9.70931e-006
15285	3.057	-0.223977	-0.0663049	-9.73217e-006
15290	3.058	-0.223977	-0.0663049	-9.73217e-006
15295	3.059	-0.223977	-0.0663048	-9.75014e-006
15300	3.06	-0.223977	-0.0663048	-9.93856e-006
15305	3.061	-0.223977	-0.0663047	-1.00176e-005
15310	3.062	-0.223976	-0.0663045	-9.98113e-006
15315	3.063	-0.223976	-0.0663043	-9.88401e-006
15320	3.064	-0.223976	-0.0663041	-9.78375e-006
15325	3.065	-0.223976	-0.0663039	-9.71351e-006
15330	3.066	-0.223976	-0.0663037	-9.69232e-006
15335	3.067	-0.223976	-0.0663036	-9.70669e-006
15340	3.068	-0.223976	-0.0663034	-9.72894e-006
15345	3.069	-0.223976	-0.0663034	-9.72894e-006
15350	3.07	-0.223976	-0.0663033	-9.75152e-006
15355	3.071	-0.223975	-0.0663033	-9.93693e-006
15360	3.072	-0.223975	-0.0663032	-1.00116e-005
15365	3.073	-0.223975	-0.066303	-9.97639e-006
15370	3.074	-0.223975	-0.0663028	-9.88196e-006
15375	3.075	-0.223975	-0.0663026	-9.7875e-006
15380	3.076	-0.223975	-0.0663024	-9.72378e-006
15385	3.077	-0.223975	-0.0663022	-9.70243e-006
15390	3.078	-0.223975	-0.0663021	-9.7067e-006
15395	3.079	-0.223975	-0.0663019	-9.72706e-006
15400	3.08	-0.223975	-0.0663019	-9.72706e-006
15405	3.081	-0.223974	-0.0663018	-9.75128e-006
15410	3.082	-0.223974	-0.0663018	-9.9381e-006
15415	3.083	-0.223974	-0.0663017	-1.00158e-005
15420	3.084	-0.223974	-0.0663015	-9.98042e-006
15425	3.085	-0.223973	-0.0663013	-9.87998e-006
15430	3.086	-0.223973	-0.0663011	-9.77874e-006
15435	3.087	-0.223973	-0.0663009	-9.71872e-006
15440	3.088	-0.223973	-0.0663008	-9.70633e-006
15445	3.089	-0.223973	-0.0663006	-9.71673e-006
15450	3.09	-0.223973	-0.0663005	-9.73764e-006
15455	3.091	-0.223973	-0.0663005	-9.73764e-006
15460	3.092	-0.223973	-0.0663003	-9.75837e-006
15465	3.093	-0.223973	-0.0663003	-9.94445e-006
15470	3.094	-0.223972	-0.0663002	-1.00216e-005
15475	3.095	-0.223972	-0.0663	-9.98013e-006
15480	3.096	-0.223972	-0.0662998	-9.87875e-006
15485	3.097	-0.223972	-0.0662996	-9.78109e-006
15490	3.098	-0.223972	-0.0662994	-9.72018e-006
15495	3.099	-0.223972	-0.0662993	-9.6971e-006
15500	3.1	-0.223972	-0.0662991	-9.70838e-006
15505	3.101	-0.223972	-0.066299	-9.73227e-006
15510	3.102	-0.223972	-0.066299	-9.73227e-006
15515	3.103	-0.223972	-0.0662988	-9.75473e-006
15520	3.104	-0.223971	-0.0662988	-9.94012e-006
15525	3.105	-0.223971	-0.0662987	-1.00104e-005
15530	3.106	-0.223971	-0.0662985	-9.96819e-006
15535	3.107	-0.223971	-0.0662983	-9.87474e-006
15540	3.108	-0.223971	-0.0662981	-9.78885e-006
15545	3.109	-0.223971	-0.066298	-9.73673e-006
15550	3.11	-0.223971	-0.0662978	-9.71395e-006
15555	3.111	-0.22397	-0.0662976	-9.71733e-006
15560	3.112	-0.22397	-0.0662975	-9.73909e-006
15565	3.113	-0.22397	-0.0662975	-9.73909e-006
15570	3.114	-0.22397	-0.0662973	-9.76449e-006
15575	3.115	-0.22397	-0.0662973	-9.94357e-006
15580	3.116	-0.22397	-0.0662972	-1.00131e-005
15585	3.117	-0.22397	-0.0662971	-9.97366e-006
15590	3.118	-0.223969	-0.0662969	-9.87604e-006
15595	3.119	-0.223969	-0.0662967	-9.78272e-006
15600	3.12	-0.223969	-0.0662965	-9.71986e-006
15605	3.121	-0.223969	-0.0662963	-9.69805e-006
15610	3.122	-0.223969	-0.0662961	-9.7079e-006
15615	3.123	-0.223969	-0.066296	-9.73235e-006
15620	3.124	-0.223969	-0.066296	-9.73235e-006
15625	3.125	-0.223969	-0.0662958	-9.7575e-006
15630	3.126	-0.223969	-0.0662958	-9.94047e-006
15635	3.127	-0.223968	-0.0662957	-1.00188e-005
15640	3.128	-0.223968	-0.0662956	-9.98804e-006
15645	3.129	-0.223968	-0.0662954	-9.8974e-006
15650	3.13	-0.223968	-0.0662952	-9.80428e-006
15655	3.131	-0.223968	-0.066295	-9.73308e-006
15660	3.132	-0.223968	-0.0662948	-9.70401e-006
15665	3.133	-0.223968	-0.0662946	-9.71264e-006
15670	3.134	-0.223968	-0.0662945	-9.73567e-006
15675	3.135	-0.223968	-0.0662945	-9.73567e-006
15680	3.136	-0.223968	-0.0662943	-9.75509e-006
15685	3.137	-0.223967	-0.0662943	-9.93892e-006
15690	3.138	-0.223967	-0.0662942	-1.00138e-005
15695	3.139	-0.223967	-0.0662941	-9.97823e-006
15700	3.14	-0.223967	-0.0662939	-9.88362e-006
15705	3.141	-0.223966	-0.0662937	-9.78799e-006
15710	3.142	-0.223966	-0.0662935	-9.72349e-006
15715	3.143	-0.223966	-0.0662933	-9.70044e-006
15720	3.144	-0.223966	-0.0662932	-9.70774e-006
15725	3.145	-0.223966	-0.066293	-9.72695e-006
15730	3.146	-0.223966	-0.066293	-9.72695e-006
15735	3.147	-0.223966	-0.0662929	-9.7568e-006
15740	3.148	-0.223966	-0.0662928	-9.94344e-006
15745	3.149	-0.223966	-0.0662927	-1.00216e-005
15750	3.15	-0.223965	-0.0662926	-9.98685e-006
15755	3.151	-0.223965	-0.0662924	-9.89361e-006
15760	3.152	-0.223965	-0.0662922	-9.79443e-006
15765	3.153	-0.223965	-0.066292	-9.73154e-006
15770	3.154	-0.223965	-0.0662918	-9.70845e-006
15775	3.155	-0.223965	-0.0662917	-9.71888e-006
15780	3.156	-0.223965	-0.0662915	-9.73614e-006
15785	3.157	-0.223965	-0.0662915	-9.73614e-006
15790	3.158	-0.223965	-0.0662914	-9.75176e-006
15795	3.159	-0.223965	-0.0662913	-9.93592e-006
15800	3.16	-0.223964	-0.0662913	-1.00112e-005
15805	3.161	-0.223964	-0.0662911	-9.98345e-006
15810	3.162	-0.223964	-0.0662909	-9.88732e-006
15815	3.163	-0.223964	-0.0662907	-9.79011e-006
15820	3.164	-0.223964	-0.0662905	-9.72702e-006
15825	3.165	-0.223964	-0.0662903	-9.70782e-006
15830	3.166	-0.223964	-0.0662902	-9.71773e-006
15835	3.167	-0.223964	-0.06629	-9.73885e-006
15840	3.168	-0.223964	-0.06629	-9.73885e-006
15845	3.169	-0.223964	-0.0662899	-9.76041e-006
15850	3.17	-0.223963	-0.0662899	-9.94653e-006
15855	3.171	-0.223963	-0.0662898	-1.00222e-005
15860	3.172	-0.223963	-0.0662896	-9.98329e-006
15865	3.173	-0.223962	-0.0662894	-9.88112e-006
15870	3.174	-0.223962	-0.0662892	-9.78839e-006
15875	3.175	-0.223962	-0.066289	-9.7288e-006
15880	3.176	-0.223962	-0.0662888	-9.70932e-006
15885	3.177	-0.223962	-0.0662887	-9.71444e-006
15890	3.178	-0.223962	-0.0662885	-9.73111e-006
15895	3.179	-0.223962	-0.0662885	-9.73111e-006
15900	3.18	-0.223962	-0.0662884	-9.75598e-006
15905	3.181	-0.223962	-0.0662884	-9.94362e-006
15910	3.182	-0.223962	-0.0662883	-1.00204e-005
15915	3.183	-0.223961	-0.0662881	-9.97896e-006
15920	3.184	-0.223961	-0.0662879	-9.87924e-006
15925	3.185	-0.223961	-0.0662877	-9.78821e-006
15930	3.186	-0.223961	-0.0662875	-9.7302e-006
15935	3.187	-0.223961	-0.0662874	-9.71011e-006
15940	3.188	-0.223961	-0.0662872	-9.72265e-006
15945	3.189	-0.223961	-0.066287	-9.7464e-006
15950	3.19	-0.223961	-0.066287	-9.7464e-006
15955	3.191	-0.223961	-0.0662869	-9.76969e-006
15960	3.192	-0.22396	-0.0662869	-9.94886e-006
15965	3.193	-0.22396	-0.0662868	-1.00154e-005
15970	3.194	-0.22396	-0.0662866	-9.9718e-006
15975	3.195	-0.22396	-0.0662864	-9.87883e-006
15980	3.196	-0.22396	-0.0662862	-9.78813e-006
15985	3.197	-0.22396	-0.066286	-9.73319e-006
15990	3.198	-0.22396	-0.0662859	-9.71101e-006
15995	3.199	-0.22396	-0.0662857	-9.71396e-006
16000	3.2	-0.223959	-0.0662856	-9.73526e-006
16005	3.201	-0.223959	-0.0662856	-9.73526e-006
16010	3.202	-0.223959	-0.0662854	-9.76194e-006
16015	3.203	-0.223959	-0.0662854	-9.94668e-006
16020	3.204	-0.223959	-0.0662853	-1.00229e-005
16025	3.205	-0.223959	-0.0662851	-9.98708e-006
16030	3.206	-0.223958	-0.0662849	-9.88979e-006
16035	3.207	-0.223958	-0.0662847	-9.79677e-006
16040	3.208	-0.223958	-0.0662846	-9.73435e-006
16045	3.209	-0.223958	-0.0662844	-9.71068e-006
16050	3.21	-0.223958	-0.0662842	-9.72021e-006
16055	3.211	-0.223958	-0.0662841	-9.74237e-006
16060	3.212	-0.223958	-0.0662841	-9.74237e-006
16065	3.213	-0.223958	-0.0662839	-9.75783e-006
16070	3.214	-0.223958	-0.0662839	-9.94455e-006
16075	3.215	-0.223957	-0.0662838	-1.00232e-005
16080	3.216	-0.223957	-0.0662837	-9.99055e-006
16085	3.217	-0.223957	-0.0662835	-9.89488e-006
16090	3.218	-0.223957	-0.0662833	-9.7971e-006
16095	3.219	-0.223957	-0.0662831	-9.72644e-006
16100	3.22	-0.223957	-0.0662829	-9.70412e-006
16105	3.221	-0.223957	-0.0662827	-9.71533e-006
16110	3.222	-0.223957	-0.0662826	-9.74297e-006
16115	3.223	-0.223957	-0.0662826	-9.74297e-006
16120	3.224	-0.223957	-0.0662824	-9.76417e-006
16125	3.225	-0.223956	-0.0662824	-9.94714e-006
16130	3.226	-0.223956	-0.0662823	-1.00205e-005
16135	3.227	-0.223956	-0.0662822	-9.9811e-006
16140	3.228	-0.223956	-0.066282	-9.89065e-006
16145	3.229	-0.223956	-0.0662818	-9.79714e-006
16150	3.23	-0.223955	-0.0662816	-9.73304e-006
16155	3.231	-0.223955	-0.0662814	-9.71072e-006
16160	3.232	-0.223955	-0.0662812	-9.7192e-006
16165	3.233	-0.223955	-0.0662811	-9.74023e-006
16170	3.234	-0.223955	-0.0662811	-9.74023e-006
16175	3.235	-0.223955	-0.0662809	-9.76262e-006
16180	3.236	-0.223955	-0.0662809	-9.94708e-006
16185	3.237	-0.223955	-0.0662808	-1.00206e-005
16190	3.238	-0.223954	-0.0662807	-9.98466e-006
16195	3.239	-0.223954	-0.0662805	-9.89222e-006
16200	3.24	-0.223954	-0.0662803	-9.79387e-006
16205	3.241	-0.223954	-0.0662801	-9.7296e-006
16210	3.242	-0.223954	-0.0662799	-9.71014e-006
16215	3.243	-0.223954	-0.0662798	-9.72352e-006
16220	3.244	-0.223954	-0.0662796	-9.743e-006
16225	3.245	-0.223954	-0.0662796	-9.743e-006
16230	3.246	-0.223954	-0.0662795	-9.76178e-006
16235	3.247	-0.223954	-0.0662794	-9.94836e-006
16240	3.248	-0.223953	-0.0662794	-1.00281e-005
16245	3.249	-0.223953	-0.0662792	-9.9945e-006
16250	3.25	-0.223953	-0.066279	-9.89488e-006
16255	3.251	-0.223953	-0.0662788	-9.7923e-006
16260	3.252	-0.223953	-0.0662786	-9.72403e-006
16265	3.253	-0.223953	-0.0662784	-9.7022e-006
16270	3.254	-0.223953	-0.0662783	-9.71044e-006
16275	3.255	-0.223953	-0.0662781	-9.73312e-006
16280	3.256	-0.223953	-0.0662781	-9.73312e-006
16285	3.257	-0.223953	-0.066278	-9.7614e-006
16290	3.258	-0.223952	-0.066278	-9.94692e-006
16295	3.259	-0.223952	-0.0662779	-1.00218e-005
16300	3.26	-0.223952	-0.0662777	-9.97891e-006
16305	3.261	-0.223952	-0.0662775	-9.87686e-006
16310	3.262	-0.223951	-0.0662773	-9.7913e-006
16315	3.263	-0.223951	-0.0662771	-9.7404e-006
16320	3.264	-0.223951	-0.0662769	-9.71933e-006
16325	3.265	-0.223951	-0.0662768	-9.72399e-006
16330	3.266	-0.223951	-0.0662766	-9.7418e-006
16335	3.267	-0.223951	-0.0662766	-9.7418e-006
16340	3.268	-0.223951	-0.0662765	-9.76602e-006
16345	3.269	-0.223951	-0.0662765	-9.95237e-006
16350	3.27	-0.223951	-0.0662764	-1.00243e-005
16355	3.271	-0.22395	-0.0662762	-9.9834e-006
16360	3.272	-0.22395	-0.066276	-9.88573e-006
16365	3.273	-0.22395	-0.0662758	-9.79085e-006
16370	3.274	-0.22395	-0.0662756	-9.73438e-006
16375	3.275	-0.22395	-0.0662754	-9.71252e-006
16380	3.276	-0.22395	-0.0662753	-9.72129e-006
16385	3.277	-0.22395	-0.0662751	-9.74185e-006
16390	3.278	-0.22395	-0.0662751	-9.74185e-006
16395	3.279	-0.22395	-0.066275	-9.76149e-006
16400	3.28	-0.223949	-0.066275	-9.94619e-006
16405	3.281	-0.223949	-0.0662749	-1.00217e-005
16410	3.282	-0.223949	-0.0662747	-9.98836e-006
16415	3.283	-0.223949	-0.0662745	-9.89631e-006
16420	3.284	-0.223949	-0.0662743	-9.80709e-006
16425	3.285	-0.223949	-0.0662741	-9.74202e-006
16430	3.286	-0.223949	-0.066274	-9.71512e-006
16435	3.287	-0.223949	-0.0662738	-9.72454e-006
16440	3.288	-0.223949	-0.0662737	-9.74715e-006
16445	3.289	-0.223949	-0.0662737	-9.74715e-006
16450	3.29	-0.223948	-0.0662735	-9.77329e-006
16455	3.291	-0.223948	-0.0662735	-9.95265e-006
16460	3.292	-0.223948	-0.0662734	-1.00208e-005
16465	3.293	-0.223948	-0.0662732	-9.97741e-006
16470	3.294	-0.223947	-0.066273	-9.87921e-006
16475	3.295	-0.223947	-0.0662728	-9.79308e-006
16480	3.296	-0.223947	-0.0662726	-9.73314e-006
16485	3.297	-0.223947	-0.0662725	-9.71172e-006
16490	3.298	-0.223947	-0.0662723	-9.72047e-006
16495	3.299	-0.223947	-0.0662722	-9.74557e-006
16500	3.3	-0.223947	-0.0662722	-9.74557e-006
16505	3.301	-0.223947	-0.066272	-9.77209e-006
16510	3.302	-0.223947	-0.066272	-9.95501e-006
16515	3.303	-0.223946	-0.0662719	-1.0029e-005
16520	3.304	-0.223946	-0.0662717	-9.99341e-006
16525	3.305	-0.223946	-0.0662716	-9.89844e-006
16530	3.306	-0.223946	-0.0662713	-9.79604e-006
16535	3.307	-0.223946	-0.0662711	-9.72788e-006
16540	3.308	-0.223946	-0.066271	-9.7108e-006
16545	3.309	-0.223946	-0.0662708	-9.72555e-006
16550	3.31	-0.223946	-0.0662707	-9.74548e-006
16555	3.311	-0.223946	-0.0662707	-9.74548e-006
16560	3.312	-0.223946	-0.0662705	-9.7646e-006
16565	3.313	-0.223945	-0.0662705	-9.9477e-006
16570	3.314	-0.223945	-0.0662704	-1.00218e-005
16575	3.315	-0.223945	-0.0662703	-9.99024e-006
16580	3.316	-0.223945	-0.0662701	-9.89902e-006
16585	3.317	-0.223945	-0.0662699	-9.80196e-006
16590	3.318	-0.223945	-0.0662697	-9.73405e-006
16595	3.319	-0.223944	-0.0662695	-9.70945e-006
16600	3.32	-0.223944	-0.0662693	-9.72401e-006
16605	3.321	-0.223944	-0.0662692	-9.74881e-006
16610	3.322	-0.223944	-0.0662692	-9.74881e-006
16615	3.323	-0.223944	-0.066269	-9.77236e-006
16620	3.324	-0.223944	-0.066269	-9.95531e-006
16625	3.325	-0.223944	-0.0662689	-1.00293e-005
16630	3.326	-0.223944	-0.0662688	-9.9932e-006
16635	3.327	-0.223943	-0.0662686	-9.89115e-006
16640	3.328	-0.223943	-0.0662684	-9.79549e-006
16645	3.329	-0.223943	-0.0662682	-9.73585e-006
16650	3.33	-0.223943	-0.066268	-9.71492e-006
16655	3.331	-0.223943	-0.0662678	-9.72004e-006
16660	3.332	-0.223943	-0.0662677	-9.73801e-006
16665	3.333	-0.223943	-0.0662677	-9.73801e-006
16670	3.334	-0.223943	-0.0662675	-9.76243e-006
16675	3.335	-0.223943	-0.0662675	-9.94998e-006
16680	3.336	-0.223942	-0.0662674	-1.00301e-005
16685	3.337	-0.223942	-0.0662673	-9.99565e-006
16690	3.338	-0.223942	-0.0662671	-9.89497e-006
16695	3.339	-0.223942	-0.0662669	-9.79388e-006
16700	3.34	-0.223942	-0.0662667	-9.73122e-006
16705	3.341	-0.223942	-0.0662665	-9.71882e-006
16710	3.342	-0.223942	-0.0662664	-9.72946e-006
16715	3.343	-0.223942	-0.0662662	-9.74694e-006
16720	3.344	-0.223942	-0.0662662	-9.74694e-006
16725	3.345	-0.223942	-0.0662661	-9.7667e-006
16730	3.346	-0.223941	-0.066266	-9.95114e-006
16735	3.347	-0.223941	-0.0662659	-1.00244e-005
16740	3.348	-0.223941	-0.0662658	-9.98252e-006
16745	3.349	-0.223941	-0.0662656	-9.88698e-006
16750	3.35	-0.22394	-0.0662654	-9.79863e-006
16755	3.351	-0.22394	-0.0662652	-9.74231e-006
16760	3.352	-0.22394	-0.066265	-9.71618e-006
16765	3.353	-0.22394	-0.0662649	-9.71823e-006
16770	3.354	-0.22394	-0.0662647	-9.74235e-006
16775	3.355	-0.22394	-0.0662647	-9.74235e-006
16780	3.356	-0.22394	-0.0662646	-9.77015e-006
16785	3.357	-0.22394	-0.0662646	-9.95876e-006
16790	3.358	-0.22394	-0.0662645	-1.00324e-005
16795	3.359	-0.223939	-0.0662643	-9.99383e-006
16800	3.36	-0.223939	-0.0662641	-9.89739e-006
16805	3.361	-0.223939	-0.0662639	-9.80038e-006
16810	3.362	-0.223939	-0.0662637	-9.74177e-006
16815	3.363	-0.223939	-0.0662635	-9.72266e-006
16820	3.364	-0.223939	-0.0662634	-9.72987e-006
16825	3.365	-0.223939	-0.0662632	-9.74854e-006
16830	3.366	-0.223939	-0.0662632	-9.74854e-006
16835	3.367	-0.223939	-0.0662631	-9.76777e-006
16840	3.368	-0.223939	-0.0662631	-9.95089e-006
16845	3.369	-0.223938	-0.066263	-1.00249e-005
16850	3.37	-0.223938	-0.0662628	-9.98893e-006
16855	3.371	-0.223938	-0.0662626	-9.89239e-006
16860	3.372	-0.223938	-0.0662624	-9.79869e-006
16865	3.373	-0.223938	-0.0662622	-9.73316e-006
16870	3.374	-0.223938	-0.066262	-9.71106e-006
16875	3.375	-0.223938	-0.0662619	-9.72347e-006
16880	3.376	-0.223938	-0.0662617	-9.75242e-006
16885	3.377	-0.223938	-0.0662617	-9.75242e-006
16890	3.378	-0.223938	-0.0662616	-9.77565e-006
16895	3.379	-0.223937	-0.0662616	-9.95792e-006
16900	3.38	-0.223937	-0.0662615	-1.0031e-005
16905	3.381	-0.223937	-0.0662613	-9.99271e-006
16910	3.382	-0.223936	-0.0662611	-9.90199e-006
16915	3.383	-0.223936	-0.0662609	-9.81241e-006
16920	3.384	-0.223936	-0.0662607	-9.74659e-006
16925	3.385	-0.223936	-0.0662606	-9.71832e-006
16930	3.386	-0.223936	-0.0662604	-9.72332e-006
16935	3.387	-0.223936	-0.0662602	-9.74975e-006
16940	3.388	-0.223936	-0.0662602	-9.74975e-006
16945	3.389	-0.223936	-0.0662601	-9.77144e-006
16950	3.39	-0.223936	-0.0662601	-9.95396e-006
16955	3.391	-0.223936	-0.06626	-1.00274e-005
16960	3.392	-0.223935	-0.0662598	-9.99201e-006
16965	3.393	-0.223935	-0.0662596	-9.89583e-006
16970	3.394	-0.223935	-0.0662594	-9.79443e-006
16975	3.395	-0.223935	-0.0662592	-9.7296e-006
16980	3.396	-0.223935	-0.0662591	-9.7137e-006
16985	3.397	-0.223935	-0.0662589	-9.73213e-006
16990	3.398	-0.223935	-0.0662588	-9.75061e-006
16995	3.399	-0.223935	-0.0662588	-9.75061e-006
17000	3.4	-0.223935	-0.0662586	-9.76915e-006
17005	3.401	-0.223934	-0.0662586	-9.95884e-006
17010	3.402	-0.223934	-0.0662585	-1.0037e-005
17015	3.403	-0.223934	-0.0662583	-1.00017e-005
17020	3.404	-0.223934	-0.0662582	-9.90692e-006
17025	3.405	-0.223934	-0.0662579	-9.80619e-006
17030	3.406	-0.223934	-0.0662577	-9.73647e-006
17035	3.407	-0.223934	-0.0662576	-9.71102e-006
17040	3.408	-0.223934	-0.0662574	-9.72263e-006
17045	3.409	-0.223933	-0.0662573	-9.74506e-006
17050	3.41	-0.223933	-0.0662573	-9.74506e-006
17055	3.411	-0.223933	-0.0662571	-9.76753e-006
17060	3.412	-0.223933	-0.0662571	-9.95131e-006
17065	3.413	-0.223933	-0.066257	-1.00266e-005
17070	3.414	-0.223933	-0.0662569	-9.99042e-006
17075	3.415	-0.223932	-0.0662567	-9.89127e-006
17080	3.416	-0.223932	-0.0662564	-9.79856e-006
17085	3.417	-0.223932	-0.0662563	-9.74221e-006
17090	3.418	-0.223932	-0.0662561	-9.72708e-006
17095	3.419	-0.223932	-0.0662559	-9.73401e-006
17100	3.42	-0.223932	-0.0662558	-9.75074e-006
17105	3.421	-0.223932	-0.0662558	-9.75074e-006
17110	3.422	-0.223932	-0.0662556	-9.7757e-006
17115	3.423	-0.223932	-0.0662556	-9.96277e-006
17120	3.424	-0.223931	-0.0662555	-1.004e-005
17125	3.425	-0.223931	-0.0662554	-9.99843e-006
17130	3.426	-0.223931	-0.0662552	-9.89489e-006
17135	3.427	-0.223931	-0.066255	-9.79501e-006
17140	3.428	-0.223931	-0.0662548	-9.73773e-006
17145	3.429	-0.223931	-0.0662546	-9.71683e-006
17150	3.43	-0.223931	-0.0662544	-9.72472e-006
17155	3.431	-0.223931	-0.0662543	-9.7469e-006
17160	3.432	-0.223931	-0.0662543	-9.7469e-006
17165	3.433	-0.223931	-0.0662541	-9.77093e-006
17170	3.434	-0.22393	-0.0662541	-9.95931e-006
17175	3.435	-0.22393	-0.066254	-1.00334e-005
17180	3.436	-0.22393	-0.0662539	-9.99954e-006
17185	3.437	-0.22393	-0.0662537	-9.90537e-006
17190	3.438	-0.22393	-0.0662535	-9.81522e-006
17195	3.439	-0.223929	-0.0662533	-9.75512e-006
17200	3.44	-0.223929	-0.0662531	-9.72533e-006
17205	3.441	-0.223929	-0.066253	-9.73218e-006
17210	3.442	-0.223929	-0.0662528	-9.75408e-006
17215	3.443	-0.223929	-0.0662528	-9.75408e-006
17220	3.444	-0.223929	-0.0662527	-9.77581e-006
17225	3.445	-0.223929	-0.0662526	-9.95542e-006
17230	3.446	-0.223929	-0.0662525	-1.00249e-005
17235	3.447	-0.223928	-0.0662524	-9.9844e-006
17240	3.448	-0.223928	-0.0662522	-9.88887e-006
17245	3.449	-0.223928	-0.066252	-9.80188e-006
17250	3.45	-0.223928	-0.0662518	-9.74071e-006
17255	3.451	-0.223928	-0.0662516	-9.71906e-006
17260	3.452	-0.223928	-0.0662515	-9.72701e-006
17265	3.453	-0.223928	-0.0662513	-9.74616e-006
17270	3.454	-0.223928	-0.0662513	-9.74616e-006
17275	3.455	-0.223928	-0.0662512	-9.77711e-006
17280	3.456	-0.223928	-0.0662512	-9.96326e-006
17285	3.457	-0.223927	-0.0662511	-1.00383e-005
17290	3.458	-0.223927	-0.0662509	-1.00011e-005
17295	3.459	-0.223927	-0.0662507	-9.90455e-006
17300	3.46	-0.223927	-0.0662505	-9.80936e-006
17305	3.461	-0.223927	-0.0662503	-9.74191e-006
17310	3.462	-0.223927	-0.0662501	-9.72136e-006
17315	3.463	-0.223927	-0.06625	-9.73103e-006
17320	3.464	-0.223927	-0.0662498	-9.75501e-006
17325	3.465	-0.223927	-0.0662498	-9.75501e-006
17330	3.466	-0.223927	-0.0662497	-9.77347e-006
17335	3.467	-0.223926	-0.0662497	-9.95364e-006
17340	3.468	-0.223926	-0.0662496	-1.00231e-005
17345	3.469	-0.223926	-0.0662494	-9.98507e-006
17350	3.47	-0.223926	-0.0662492	-9.89773e-006
17355	3.471	-0.223925	-0.066249	-9.8046e-006
17360	3.472	-0.223925	-0.0662488	-9.74141e-006
17365	3.473	-0.223925	-0.0662486	-9.71807e-006
17370	3.474	-0.223925	-0.0662485	-9.73361e-006
17375	3.475	-0.223925	-0.0662483	-9.75781e-006
17380	3.476	-0.223925	-0.0662483	-9.75781e-006
17385	3.477	-0.223925	-0.0662482	-9.78077e-006
17390	3.478	-0.223925	-0.0662482	-9.96206e-006
17395	3.479	-0.223925	-0.0662481	-1.00361e-005
17400	3.48	-0.223924	-0.0662479	-9.99904e-006
17405	3.481	-0.223924	-0.0662477	-9.90238e-006
17410	3.482	-0.223924	-0.0662475	-9.80733e-006
17415	3.483	-0.223924	-0.0662473	-9.7475e-006
17420	3.484	-0.223924	-0.0662472	-9.72679e-006
17425	3.485	-0.223924	-0.066247	-9.73675e-006
17430	3.486	-0.223924	-0.0662469	-9.75149e-006
17435	3.487	-0.223924	-0.0662469	-9.75149e-006
17440	3.488	-0.223924	-0.0662467	-9.76806e-006
17445	3.489	-0.223923	-0.0662467	-9.95801e-006
17450	3.49	-0.223923	-0.0662466	-1.00387e-005
17455	3.491	-0.223923	-0.0662464	-1.00032e-005
17460	3.492	-0.223923	-0.0662462	-9.90092e-006
17465	3.493	-0.223923	-0.066246	-9.79995e-006
17470	3.494	-0.223923	-0.0662458	-9.7377e-006
17475	3.495	-0.223923	-0.0662457	-9.724e-006
17480	3.496	-0.223923	-0.0662455	-9.7358e-006
17485	3.497	-0.223923	-0.0662454	-9.75704e-006
17490	3.498	-0.223923	-0.0662454	-9.75704e-006
17495	3.499	-0.223922	-0.0662452	-9.77809e-006
17500	3.5	-0.223922	-0.0662452	-9.96135e-006
17505	3.501	-0.223922	-0.0662451	-1.00356e-005
17510	3.502	-0.223922	-0.0662449	-9.99604e-006
17515	3.503	-0.223921	-0.0662448	-9.90087e-006
17520	3.504	-0.223921	-0.0662445	-9.80934e-006
17525	3.505	-0.223921	-0.0662444	-9.74741e-006
17530	3.506	-0.223921	-0.0662442	-9.72644e-006
17535	3.507	-0.223921	-0.066244	-9.72954e-006
17540	3.508	-0.223921	-0.0662439	-9.75061e-006
17545	3.509	-0.223921	-0.0662439	-9.75061e-006
17550	3.51	-0.223921	-0.0662437	-9.77583e-006
17555	3.511	-0.223921	-0.0662437	-9.96692e-006
17560	3.512	-0.22392	-0.0662436	-1.00466e-005
17565	3.513	-0.22392	-0.0662435	-1.00066e-005
17570	3.514	-0.22392	-0.0662433	-9.90515e-006
17575	3.515	-0.22392	-0.0662431	-9.80547e-006
17580	3.516	-0.22392	-0.0662429	-9.74748e-006
17585	3.517	-0.22392	-0.0662427	-9.72476e-006
17590	3.518	-0.22392	-0.0662425	-9.72896e-006
17595	3.519	-0.22392	-0.0662424	-9.74783e-006
17600	3.52	-0.22392	-0.0662424	-9.74783e-006
17605	3.521	-0.22392	-0.0662422	-9.77182e-006
17610	3.522	-0.223919	-0.0662422	-9.96256e-006
17615	3.523	-0.223919	-0.0662421	-1.00378e-005
17620	3.524	-0.223919	-0.066242	-9.99829e-006
17625	3.525	-0.223919	-0.0662418	-9.90092e-006
17630	3.526	-0.223919	-0.0662416	-9.80516e-006
17635	3.527	-0.223918	-0.0662414	-9.74305e-006
17640	3.528	-0.223918	-0.0662412	-9.72238e-006
17645	3.529	-0.223918	-0.066241	-9.73263e-006
17650	3.53	-0.223918	-0.0662409	-9.75471e-006
17655	3.531	-0.223918	-0.0662409	-9.75471e-006
17660	3.532	-0.223918	-0.0662408	-9.7822e-006
17665	3.533	-0.223918	-0.0662407	-9.96131e-006
17670	3.534	-0.223918	-0.0662406	-1.00321e-005
17675	3.535	-0.223917	-0.0662405	-9.99625e-006
17680	3.536	-0.223917	-0.0662403	-9.90664e-006
17685	3.537	-0.223917	-0.0662401	-9.81909e-006
17690	3.538	-0.223917	-0.0662399	-9.75568e-006
17695	3.539	-0.223917	-0.0662397	-9.72882e-006
17700	3.54	-0.223917	-0.0662396	-9.73359e-006
17705	3.541	-0.223917	-0.0662394	-9.75901e-006
17710	3.542	-0.223917	-0.0662394	-9.75901e-006
17715	3.543	-0.223917	-0.0662393	-9.77722e-006
17720	3.544	-0.223917	-0.0662392	-9.9603e-006
17725	3.545	-0.223916	-0.0662391	-1.00338e-005
17730	3.546	-0.223916	-0.066239	-9.99447e-006
17735	3.547	-0.223916	-0.0662388	-9.89763e-006
17740	3.548	-0.223916	-0.0662386	-9.80488e-006
17745	3.549	-0.223916	-0.0662384	-9.74623e-006
17750	3.55	-0.223916	-0.0662382	-9.72556e-006
17755	3.551	-0.223916	-0.0662381	-9.73977e-006
17760	3.552	-0.223916	-0.0662379	-9.76587e-006
17765	3.553	-0.223916	-0.0662379	-9.76587e-006
17770	3.554	-0.223916	-0.0662378	-9.78563e-006
17775	3.555	-0.223915	-0.0662378	-9.96587e-006
17780	3.556	-0.223915	-0.0662377	-1.00414e-005
17785	3.557	-0.223915	-0.0662375	-1.00059e-005
17790	3.558	-0.223915	-0.0662373	-9.91322e-006
17795	3.559	-0.223914	-0.0662371	-9.81469e-006
17800	3.56	-0.223914	-0.0662369	-9.74591e-006
17805	3.561	-0.223914	-0.0662367	-9.71926e-006
17810	3.562	-0.223914	-0.0662366	-9.7341e-006
17815	3.563	-0.223914	-0.0662364	-9.7559e-006
17820	3.564	-0.223914	-0.0662364	-9.7559e-006
17825	3.565	-0.223914	-0.0662363	-9.77692e-006
17830	3.566	-0.223914	-0.0662363	-9.96171e-006
17835	3.567	-0.223914	-0.0662362	-1.0037e-005
17840	3.568	-0.223913	-0.066236	-1.00004e-005
17845	3.569	-0.223913	-0.0662358	-9.90342e-006
17850	3.57	-0.223913	-0.0662356	-9.80475e-006
17855	3.571	-0.223913	-0.0662354	-9.74537e-006
17860	3.572	-0.223913	-0.0662352	-9.72909e-006
17865	3.573	-0.223913	-0.0662351	-9.74063e-006
17870	3.574	-0.223913	-0.0662349	-9.75809e-006
17875	3.575	-0.223913	-0.0662349	-9.75809e-006
17880	3.576	-0.223913	-0.0662348	-9.7842e-006
17885	3.577	-0.223913	-0.0662348	-9.96912e-006
17890	3.578	-0.223912	-0.0662347	-1.0045e-005
17895	3.579	-0.223912	-0.0662345	-1.00085e-005
17900	3.58	-0.223912	-0.0662343	-9.90679e-006
17905	3.581	-0.223912	-0.0662341	-9.80574e-006
17910	3.582	-0.223912	-0.0662339	-9.74579e-006
17915	3.583	-0.223912	-0.0662338	-9.7287e-006
17920	3.584	-0.223912	-0.0662336	-9.73369e-006
17925	3.585	-0.223912	-0.0662334	-9.75163e-006
17930	3.586	-0.223912	-0.0662334	-9.75163e-006
17935	3.587	-0.223912	-0.0662333	-9.77179e-006
17940	3.588	-0.223911	-0.0662333	-9.96217e-006
17945	3.589	-0.223911	-0.0662332	-1.00441e-005
17950	3.59	-0.223911	-0.066233	-1.00137e-005
17955	3.591	-0.22391	-0.0662328	-9.9188e-006
17960	3.592	-0.22391	-0.0662326	-9.82201e-006
17965	3.593	-0.22391	-0.0662324	-9.75378e-006
17970	3.594	-0.22391	-0.0662323	-9.72837e-006
17975	3.595	-0.22391	-0.0662321	-9.73596e-006
17980	3.596	-0.22391	-0.066232	-9.75721e-006
17985	3.597	-0.22391	-0.066232	-9.75721e-006
17990	3.598	-0.22391	-0.0662318	-9.78112e-006
17995	3.599	-0.22391	-0.0662318	-9.96752e-006
18000	3.6	-0.22391	-0.0662317	-1.00446e-005
18005	3.601	-0.223909	-0.0662315	-9.9992e-006
18010	3.602	-0.223909	-0.0662313	-9.8966e-006
18015	3.603	-0.223909	-0.0662311	-9.80464e-006
18020	3.604	-0.223909	-0.066231	-9.75059e-006
18025	3.605	-0.223909	-0.0662308	-9.72811e-006
18030	3.606	-0.223909	-0.0662306	-9.73286e-006
18035	3.607	-0.223909	-0.0662305	-9.7489e-006
18040	3.608	-0.223909	-0.0662305	-9.7489e-006
18045	3.609	-0.223909	-0.0662303	-9.7806e-006
18050	3.61	-0.223908	-0.0662303	-9.96626e-006
18055	3.611	-0.223908	-0.0662302	-1.0043e-005
18060	3.612	-0.223908	-0.0662301	-1.00058e-005
18065	3.613	-0.223908	-0.0662299	-9.91178e-006
18070	3.614	-0.223908	-0.0662297	-9.81814e-006
18075	3.615	-0.223908	-0.0662295	-9.7492e-006
18080	3.616	-0.223908	-0.0662293	-9.72768e-006
18085	3.617	-0.223908	-0.0662291	-9.73859e-006
18090	3.618	-0.223908	-0.066229	-9.76043e-006
18095	3.619	-0.223908	-0.066229	-9.76043e-006
18100	3.62	-0.223907	-0.0662288	-9.78304e-006
18105	3.621	-0.223907	-0.0662288	-9.96251e-006
18110	3.622	-0.223907	-0.0662287	-1.0031e-005
18115	3.623	-0.223907	-0.0662286	-9.9923e-006
18120	3.624	-0.223906	-0.0662284	-9.90188e-006
18125	3.625	-0.223906	-0.0662282	-9.81371e-006
18130	3.626	-0.223906	-0.066228	-9.74955e-006
18135	3.627	-0.223906	-0.0662278	-9.72607e-006
18140	3.628	-0.223906	-0.0662276	-9.736e-006
18145	3.629	-0.223906	-0.0662275	-9.76555e-006
18150	3.63	-0.223906	-0.0662275	-9.76555e-006
18155	3.631	-0.223906	-0.0662274	-9.79218e-006
18160	3.632	-0.223906	-0.0662273	-9.97261e-006
18165	3.633	-0.223905	-0.0662272	-1.00438e-005
18170	3.634	-0.223905	-0.0662271	-1.00047e-005
18175	3.635	-0.223905	-0.0662269	-9.9101e-006
18180	3.636	-0.223905	-0.0662267	-9.81094e-006
18185	3.637	-0.223905	-0.0662265	-9.74999e-006
18190	3.638	-0.223905	-0.0662263	-9.73117e-006
18195	3.639	-0.223905	-0.0662262	-9.74026e-006
18200	3.64	-0.223905	-0.066226	-9.7572e-006
18205	3.641	-0.223905	-0.066226	-9.7572e-006
18210	3.642	-0.223905	-0.0662259	-9.77719e-006
18215	3.643	-0.223904	-0.0662258	-9.9644e-006
18220	3.644	-0.223904	-0.0662258	-1.00427e-005
18225	3.645	-0.223904	-0.0662256	-1.00078e-005
18230	3.646	-0.223904	-0.0662254	-9.91361e-006
18235	3.647	-0.223904	-0.0662252	-9.81348e-006
18240	3.648	-0.223903	-0.066225	-9.74896e-006
18245	3.649	-0.223903	-0.0662248	-9.734e-006
18250	3.65	-0.223903	-0.0662247	-9.75059e-006
18255	3.651	-0.223903	-0.0662245	-9.7711e-006
18260	3.652	-0.223903	-0.0662245	-9.7711e-006
18265	3.653	-0.223903	-0.0662244	-9.78857e-006
18270	3.654	-0.223903	-0.0662244	-9.97182e-006
18275	3.655	-0.223903	-0.0662243	-1.00454e-005
18280	3.656	-0.223902	-0.0662241	-1.00068e-005
18285	3.657	-0.223902	-0.0662239	-9.90914e-006
18290	3.658	-0.223902	-0.0662237	-9.81487e-006
18295	3.659	-0.223902	-0.0662235	-9.75575e-006
18300	3.66	-0.223902	-0.0662233	-9.73427e-006
18305	3.661	-0.223902	-0.0662232	-9.73667e-006
18310	3.662	-0.223902	-0.066223	-9.75534e-006
18315	3.663	-0.223902	-0.066223	-9.75534e-006
18320	3.664	-0.223902	-0.0662229	-9.78028e-006
18325	3.665	-0.223902	-0.0662229	-9.97238e-006
18330	3.666	-0.223901	-0.0662228	-1.00559e-005
18335	3.667	-0.223901	-0.0662226	-1.00217e-005
18340	3.668	-0.223901	-0.0662224	-9.91978e-006
18345	3.669	-0.223901	-0.0662222	-9.81869e-006
18350	3.67	-0.223901	-0.066222	-9.75488e-006
18355	3.671	-0.223901	-0.0662218	-9.73452e-006
18360	3.672	-0.223901	-0.0662217	-9.74117e-006
18365	3.673	-0.223901	-0.0662215	-9.7575e-006
18370	3.674	-0.223901	-0.0662215	-9.7575e-006
18375	3.675	-0.223901	-0.0662214	-9.77739e-006
18380	3.676	-0.2239	-0.0662214	-9.96747e-006
18385	3.677	-0.2239	-0.0662213	-1.00469e-005
18390	3.678	-0.2239	-0.0662211	-1.00098e-005
18395	3.679	-0.2239	-0.0662209	-9.91138e-006
18400	3.68	-0.223899	-0.0662207	-9.81174e-006
18405	3.681	-0.223899	-0.0662205	-9.74818e-006
18410	3.682	-0.223899	-0.0662204	-9.72279e-006
18415	3.683	-0.223899	-0.0662202	-9.73234e-006
18420	3.684	-0.223899	-0.0662201	-9.75867e-006
18425	3.685	-0.223899	-0.0662201	-9.75867e-006
18430	3.686	-0.223899	-0.0662199	-9.78982e-006
18435	3.687	-0.223899	-0.0662199	-9.97596e-006
18440	3.688	-0.223899	-0.0662198	-1.00474e-005
18445	3.689	-0.223898	-0.0662196	-1.00064e-005
18450	3.69	-0.223898	-0.0662194	-9.90767e-006
18455	3.691	-0.223898	-0.0662192	-9.8159e-006
18460	3.692	-0.223898	-0.066219	-9.75932e-006
18465	3.693	-0.223898	-0.0662189	-9.73496e-006
18470	3.694	-0.223898	-0.0662187	-9.73851e-006
18475	3.695	-0.223898	-0.0662186	-9.75751e-006
18480	3.696	-0.223898	-0.0662186	-9.75751e-006
18485	3.697	-0.223898	-0.0662184	-9.78555e-006
18490	3.698	-0.223897	-0.0662184	-9.96739e-006
18495	3.699	-0.223897	-0.0662183	-1.00405e-005
18500	3.7	-0.223897	-0.0662181	-1.00027e-005
18505	3.701	-0.223897	-0.0662179	-9.90691e-006
18510	3.702	-0.223897	-0.0662177	-9.81364e-006
18515	3.703	-0.223897	-0.0662175	-9.75175e-006
18520	3.704	-0.223897	-0.0662174	-9.73001e-006
18525	3.705	-0.223897	-0.0662172	-9.74438e-006
18530	3.706	-0.223897	-0.0662171	-9.77121e-006
18535	3.707	-0.223897	-0.0662171	-9.77121e-006
18540	3.708	-0.223897	-0.0662169	-9.7905e-006
18545	3.709	-0.223896	-0.0662169	-9.97214e-006
18550	3.71	-0.223896	-0.0662168	-1.00464e-005
18555	3.711	-0.223896	-0.0662167	-1.00133e-005
18560	3.712	-0.223895	-0.0662165	-9.92177e-006
18565	3.713	-0.223895	-0.0662163	-9.83063e-006
18570	3.714	-0.223895	-0.0662161	-9.76209e-006
18575	3.715	-0.223895	-0.0662159	-9.73301e-006
18580	3.716	-0.223895	-0.0662157	-9.74229e-006
18585	3.717	-0.223895	-0.0662156	-9.7649e-006
18590	3.718	-0.223895	-0.0662156	-9.7649e-006
18595	3.719	-0.223895	-0.0662154	-9.7845e-006
18600	3.72	-0.223895	-0.0662154	-9.96704e-006
18605	3.721	-0.223894	-0.0662153	-1.00404e-005
18610	3.722	-0.223894	-0.0662152	-1.00022e-005
18615	3.723	-0.223894	-0.066215	-9.90633e-006
18620	3.724	-0.223894	-0.0662148	-9.81434e-006
18625	3.725	-0.223894	-0.0662146	-9.75678e-006
18630	3.726	-0.223894	-0.0662144	-9.73971e-006
18635	3.727	-0.223894	-0.0662142	-9.75209e-006
18640	3.728	-0.223894	-0.0662141	-9.76919e-006
18645	3.729	-0.223894	-0.0662141	-9.76919e-006
18650	3.73	-0.223894	-0.066214	-9.79123e-006
18655	3.731	-0.223893	-0.0662139	-9.97719e-006
18660	3.732	-0.223893	-0.0662138	-1.00514e-005
18665	3.733	-0.223893	-0.0662137	-1.00134e-005
18670	3.734	-0.223893	-0.0662135	-9.91929e-006
18675	3.735	-0.223893	-0.0662133	-9.81948e-006
18680	3.736	-0.223893	-0.0662131	-9.75227e-006
18685	3.737	-0.223892	-0.0662129	-9.73506e-006
18690	3.738	-0.223892	-0.0662128	-9.74806e-006
18695	3.739	-0.223892	-0.0662126	-9.76609e-006
18700	3.74	-0.223892	-0.0662126	-9.76609e-006
18705	3.741	-0.223892	-0.0662125	-9.78478e-006
18710	3.742	-0.223892	-0.0662124	-9.96874e-006
18715	3.743	-0.223892	-0.0662123	-1.00436e-005
18720	3.744	-0.223892	-0.0662122	-1.00138e-005
18725	3.745	-0.223891	-0.066212	-9.9192e-006
18730	3.746	-0.223891	-0.0662118	-9.82255e-006
18735	3.747	-0.223891	-0.0662116	-9.75955e-006
18740	3.748	-0.223891	-0.0662114	-9.73944e-006
18745	3.749	-0.223891	-0.0662113	-9.74777e-006
18750	3.75	-0.223891	-0.0662111	-9.76823e-006
18755	3.751	-0.223891	-0.0662111	-9.76823e-006
18760	3.752	-0.223891	-0.066211	-9.78989e-006
18765	3.753	-0.223891	-0.066211	-9.97569e-006
18770	3.754	-0.22389	-0.0662109	-1.00525e-005
18775	3.755	-0.22389	-0.0662107	-1.00093e-005
18780	3.756	-0.22389	-0.0662105	-9.90635e-006
18785	3.757	-0.22389	-0.0662103	-9.81521e-006
18790	3.758	-0.22389	-0.0662101	-9.75881e-006
18795	3.759	-0.22389	-0.0662099	-9.74069e-006
18800	3.76	-0.22389	-0.0662098	-9.74664e-006
18805	3.761	-0.22389	-0.0662096	-9.76265e-006
18810	3.762	-0.22389	-0.0662096	-9.76265e-006
18815	3.763	-0.22389	-0.0662095	-9.78995e-006
18820	3.764	-0.223889	-0.0662095	-9.97941e-006
18825	3.765	-0.223889	-0.0662094	-1.00598e-005
18830	3.766	-0.223889	-0.0662092	-1.00213e-005
18835	3.767	-0.223889	-0.066209	-9.92134e-006
18840	3.768	-0.223888	-0.0662088	-9.82242e-006
18845	3.769	-0.223888	-0.0662086	-9.75521e-006
18850	3.77	-0.223888	-0.0662084	-9.73044e-006
18855	3.771	-0.223888	-0.0662083	-9.73768e-006
18860	3.772	-0.223888	-0.0662081	-9.75823e-006
18865	3.773	-0.223888	-0.0662081	-9.75823e-006
18870	3.774	-0.223888	-0.066208	-9.78412e-006
18875	3.775	-0.223888	-0.066208	-9.96751e-006
18880	3.776	-0.223888	-0.0662079	-1.00414e-005
18885	3.777	-0.223887	-0.0662077	-1.00024e-005
18890	3.778	-0.223887	-0.0662075	-9.91118e-006
18895	3.779	-0.223887	-0.0662073	-9.82404e-006
18900	3.78	-0.223887	-0.0662071	-9.76573e-006
18905	3.781	-0.223887	-0.066207	-9.73931e-006
18910	3.782	-0.223887	-0.0662068	-9.74473e-006
18915	3.783	-0.223887	-0.0662067	-9.77015e-006
18920	3.784	-0.223887	-0.0662067	-9.77015e-006
18925	3.785	-0.223887	-0.0662065	-9.79953e-006
18930	3.786	-0.223887	-0.0662065	-9.97992e-006
18935	3.787	-0.223886	-0.0662064	-1.00492e-005
18940	3.788	-0.223886	-0.0662062	-1.00085e-005
18945	3.789	-0.223886	-0.066206	-9.91448e-006
18950	3.79	-0.223886	-0.0662058	-9.8219e-006
18955	3.791	-0.223886	-0.0662056	-9.76138e-006
18960	3.792	-0.223886	-0.0662055	-9.74024e-006
18965	3.793	-0.223886	-0.0662053	-9.74616e-006
18970	3.794	-0.223886	-0.0662052	-9.76422e-006
18975	3.795	-0.223886	-0.0662052	-9.76422e-006
18980	3.796	-0.223886	-0.066205	-9.78019e-006
18985	3.797	-0.223885	-0.066205	-9.96862e-006
18990	3.798	-0.223885	-0.0662049	-1.00501e-005
18995	3.799	-0.223885	-0.0662047	-1.00176e-005
19000	3.8	-0.223885	-0.0662046	-9.9227e-006
19005	3.801	-0.223884	-0.0662043	-9.81962e-006
19010	3.802	-0.223884	-0.0662042	-9.75553e-006
19015	3.803	-0.223884	-0.066204	-9.74093e-006
19020	3.804	-0.223884	-0.0662038	-9.75586e-006
19025	3.805	-0.223884	-0.0662037	-9.78063e-006
19030	3.806	-0.223884	-0.0662037	-9.78063e-006
19035	3.807	-0.223884	-0.0662035	-9.79822e-006
19040	3.808	-0.223884	-0.0662035	-9.97881e-006
19045	3.809	-0.223884	-0.0662034	-1.00503e-005
19050	3.81	-0.223883	-0.0662033	-1.00112e-005
19055	3.811	-0.223883	-0.0662031	-9.91878e-006
19060	3.812	-0.223883	-0.0662029	-9.82474e-006
19065	3.813	-0.223883	-0.0662027	-9.76186e-006
19070	3.814	-0.223883	-0.0662025	-9.73834e-006
19075	3.815	-0.223883	-0.0662023	-9.74687e-006
19080	3.816	-0.223883	-0.0662022	-9.76923e-006
19085	3.817	-0.223883	-0.0662022	-9.76923e-006
19090	3.818	-0.223883	-0.066202	-9.79154e-006
19095	3.819	-0.223882	-0.066202	-9.97499e-006
19100	3.82	-0.223882	-0.0662019	-1.00491e-005
19105	3.821	-0.223882	-0.0662018	-1.00115e-005
19110	3.822	-0.223882	-0.0662016	-9.91393e-006
19115	3.823	-0.223882	-0.0662014	-9.81818e-006
19120	3.824	-0.223882	-0.0662012	-9.75983e-006
19125	3.825	-0.223882	-0.066201	-9.74679e-006
19130	3.826	-0.223882	-0.0662009	-9.75515e-006
19135	3.827	-0.223881	-0.0662007	-9.77115e-006
19140	3.828	-0.223881	-0.0662007	-9.77115e-006
19145	3.829	-0.223881	-0.0662006	-9.78896e-006
19150	3.83	-0.223881	-0.0662005	-9.98059e-006
19155	3.831	-0.223881	-0.0662005	-1.00625e-005
19160	3.832	-0.223881	-0.0662003	-1.00273e-005
19165	3.833	-0.22388	-0.0662001	-9.92439e-006
19170	3.834	-0.22388	-0.0661999	-9.82194e-006
19175	3.835	-0.22388	-0.0661997	-9.75368e-006
19180	3.836	-0.22388	-0.0661995	-9.73172e-006
19185	3.837	-0.22388	-0.0661994	-9.74277e-006
19190	3.838	-0.22388	-0.0661992	-9.7664e-006
19195	3.839	-0.22388	-0.0661992	-9.7664e-006
19200	3.84	-0.22388	-0.0661991	-9.79653e-006
19205	3.841	-0.22388	-0.066199	-9.98378e-006
19210	3.842	-0.223879	-0.066199	-1.00598e-005
19215	3.843	-0.223879	-0.0661988	-1.00177e-005
19220	3.844	-0.223879	-0.0661986	-9.91789e-006
19225	3.845	-0.223879	-0.0661984	-9.82215e-006
19230	3.846	-0.223879	-0.0661982	-9.76307e-006
19235	3.847	-0.223879	-0.066198	-9.7392e-006
19240	3.848	-0.223879	-0.0661979	-9.74424e-006
19245	3.849	-0.223879	-0.0661977	-9.76295e-006
19250	3.85	-0.223879	-0.0661977	-9.76295e-006
19255	3.851	-0.223879	-0.0661976	-9.79014e-006
19260	3.852	-0.223878	-0.0661976	-9.97692e-006
19265	3.853	-0.223878	-0.0661975	-1.00491e-005
19270	3.854	-0.223878	-0.0661973	-1.00106e-005
19275	3.855	-0.223878	-0.0661971	-9.91457e-006
19280	3.856	-0.223878	-0.0661969	-9.81993e-006
19285	3.857	-0.223878	-0.0661967	-9.76348e-006
19290	3.858	-0.223877	-0.0661965	-9.74322e-006
19295	3.859	-0.223877	-0.0661964	-9.75394e-006
19300	3.86	-0.223877	-0.0661962	-9.77674e-006
19305	3.861	-0.223877	-0.0661962	-9.77674e-006
19310	3.862	-0.223877	-0.0661961	-9.80131e-006
19315	3.863	-0.223877	-0.0661961	-9.97924e-006
19320	3.864	-0.223877	-0.066196	-1.00482e-005
19325	3.865	-0.223876	-0.0661958	-1.00149e-005
19330	3.866	-0.223876	-0.0661956	-9.92334e-006
19335	3.867	-0.223876	-0.0661954	-9.83477e-006
19340	3.868	-0.223876	-0.0661952	-9.77103e-006
19345	3.869	-0.223876	-0.066195	-9.7418e-006
19350	3.87	-0.223876	-0.0661949	-9.74921e-006
19355	3.871	-0.223876	-0.0661947	-9.77388e-006
19360	3.872	-0.223876	-0.0661947	-9.77388e-006
19365	3.873	-0.223876	-0.0661946	-9.79784e-006
19370	3.874	-0.223876	-0.0661946	-9.97681e-006
19375	3.875	-0.223875	-0.0661945	-1.00472e-005
19380	3.876	-0.223875	-0.0661943	-1.00061e-005
19385	3.877	-0.223875	-0.0661941	-9.91165e-006
19390	3.878	-0.223875	-0.0661939	-9.82603e-006
19395	3.879	-0.223875	-0.0661937	-9.76779e-006
19400	3.88	-0.223875	-0.0661936	-9.75196e-006
19405	3.881	-0.223875	-0.0661934	-9.764e-006
19410	3.882	-0.223875	-0.0661933	-9.78336e-006
19415	3.883	-0.223875	-0.0661933	-9.78336e-006
19420	3.884	-0.223875	-0.0661931	-9.803e-006
19425	3.885	-0.223874	-0.0661931	-9.98704e-006
19430	3.886	-0.223874	-0.066193	-1.00611e-005
19435	3.887	-0.223874	-0.0661928	-1.00235e-005
19440	3.888	-0.223874	-0.0661926	-9.92752e-006
19445	3.889	-0.223873	-0.0661924	-9.82732e-006
19450	3.89	-0.223873	-0.0661922	-9.75893e-006
19455	3.891	-0.223873	-0.0661921	-9.73878e-006
19460	3.892	-0.223873	-0.0661919	-9.75146e-006
19465	3.893	-0.223873	-0.0661918	-9.76911e-006
19470	3.894	-0.223873	-0.0661918	-9.76911e-006
19475	3.895	-0.223873	-0.0661916	-9.78874e-006
19480	3.896	-0.223873	-0.0661916	-9.97447e-006
19485	3.897	-0.223873	-0.0661915	-1.00495e-005
19490	3.898	-0.223872	-0.0661914	-1.00127e-005
19495	3.899	-0.223872	-0.0661912	-9.92688e-006
19500	3.9	-0.223872	-0.066191	-9.8367e-006
19505	3.901	-0.223872	-0.0661908	-9.7742e-006
19510	3.902	-0.223872	-0.0661906	-9.75071e-006
19515	3.903	-0.223872	-0.0661904	-9.75847e-006
19520	3.904	-0.223872	-0.0661903	-9.77756e-006
19525	3.905	-0.223872	-0.0661903	-9.77756e-006
19530	3.906	-0.223872	-0.0661901	-9.79904e-006
19535	3.907	-0.223871	-0.0661901	-9.98344e-006
19540	3.908	-0.223871	-0.06619	-1.00577e-005
19545	3.909	-0.223871	-0.0661899	-1.0024e-005
19550	3.91	-0.223871	-0.0661897	-9.92409e-006
19555	3.911	-0.223871	-0.0661895	-9.82836e-006
19560	3.912	-0.223871	-0.0661893	-9.76704e-006
19565	3.913	-0.223871	-0.0661891	-9.74801e-006
19570	3.914	-0.223871	-0.0661889	-9.75066e-006
19575	3.915	-0.223871	-0.0661888	-9.76597e-006
19580	3.916	-0.223871	-0.0661888	-9.76597e-006
19585	3.917	-0.223871	-0.0661886	-9.78746e-006
19590	3.918	-0.22387	-0.0661886	-9.98138e-006
19595	3.919	-0.22387	-0.0661885	-1.00666e-005
19600	3.92	-0.22387	-0.0661884	-1.0036e-005
19605	3.921	-0.223869	-0.0661882	-9.93388e-006
19610	3.922	-0.223869	-0.066188	-9.83028e-006
19615	3.923	-0.223869	-0.0661878	-9.76235e-006
19620	3.924	-0.223869	-0.0661876	-9.74168e-006
19625	3.925	-0.223869	-0.0661874	-9.74861e-006
19630	3.926	-0.223869	-0.0661873	-9.76977e-006
19635	3.927	-0.223869	-0.0661873	-9.76977e-006
19640	3.928	-0.223869	-0.0661872	-9.79295e-006
19645	3.929	-0.223869	-0.0661871	-9.97894e-006
19650	3.93	-0.223869	-0.066187	-1.00559e-005
19655	3.931	-0.223868	-0.0661869	-1.0013e-005
19660	3.932	-0.223868	-0.0661867	-9.91747e-006
19665	3.933	-0.223868	-0.0661865	-9.82602e-006
19670	3.934	-0.223868	-0.0661863	-9.76709e-006
19675	3.935	-0.223868	-0.0661861	-9.74203e-006
19680	3.936	-0.223868	-0.066186	-9.75147e-006
19685	3.937	-0.223868	-0.0661858	-9.77848e-006
19690	3.938	-0.223868	-0.0661858	-9.77848e-006
19695	3.939	-0.223868	-0.0661857	-9.80747e-006
19700	3.94	-0.223867	-0.0661857	-9.98763e-006
19705	3.941	-0.223867	-0.0661856	-1.00581e-005
19710	3.942	-0.223867	-0.0661854	-1.00187e-005
19715	3.943	-0.223867	-0.0661852	-9.92191e-006
19720	3.944	-0.223867	-0.066185	-9.82789e-006
19725	3.945	-0.223867	-0.0661848	-9.77016e-006
19730	3.946	-0.223867	-0.0661846	-9.74826e-006
19735	3.947	-0.223867	-0.0661845	-9.75464e-006
19740	3.948	-0.223866	-0.0661843	-9.77275e-006
19745	3.949	-0.223866	-0.0661843	-9.77275e-006
19750	3.95	-0.223866	-0.0661842	-9.79627e-006
19755	3.951	-0.223866	-0.0661842	-9.98071e-006
19760	3.952	-0.223866	-0.0661841	-1.00541e-005
19765	3.953	-0.223866	-0.0661839	-1.00182e-005
19770	3.954	-0.223865	-0.0661837	-9.92459e-006
19775	3.955	-0.223865	-0.0661835	-9.83118e-006
19780	3.956	-0.223865	-0.0661833	-9.7678e-006
19785	3.957	-0.223865	-0.0661831	-9.74925e-006
19790	3.958	-0.223865	-0.066183	-9.76207e-006
19795	3.959	-0.223865	-0.0661828	-9.78895e-006
19800	3.96	-0.223865	-0.0661828	-9.78895e-006
19805	3.961	-0.223865	-0.0661827	-9.80765e-006
19810	3.962	-0.223865	-0.0661827	-9.98653e-006
19815	3.963	-0.223864	-0.0661826	-1.00568e-005
19820	3.964	-0.223864	-0.0661824	-1.00172e-005
19825	3.965	-0.223864	-0.0661822	-9.92846e-006
19830	3.966	-0.223864	-0.066182	-9.83921e-006
19835	3.967	-0.223864	-0.0661818	-9.77367e-006
19840	3.968	-0.223864	-0.0661817	-9.74994e-006
19845	3.969	-0.223864	-0.0661815	-9.75275e-006
19850	3.97	-0.223864	-0.0661813	-9.77458e-006
19855	3.971	-0.223864	-0.0661813	-9.77458e-006
19860	3.972	-0.223864	-0.0661812	-9.79288e-006
19865	3.973	-0.223863	-0.0661812	-9.97903e-006
19870	3.974	-0.223863	-0.0661811	-1.00558e-005
19875	3.975	-0.223863	-0.0661809	-1.00212e-005
19880	3.976	-0.223863	-0.0661807	-9.92844e-006
19885	3.977	-0.223863	-0.0661805	-9.83156e-006
19890	3.978	-0.223862	-0.0661803	-9.77381e-006
19895	3.979	-0.223862	-0.0661802	-9.75482e-006
19900	3.98	-0.223862	-0.06618	-9.76568e-006
19905	3.981	-0.223862	-0.0661799	-9.78051e-006
19910	3.982	-0.223862	-0.0661799	-9.78051e-006
19915	3.983	-0.223862	-0.0661797	-9.79666e-006
19920	3.984	-0.223862	-0.0661797	-9.98183e-006
19925	3.985	-0.223862	-0.0661796	-1.00625e-005
19930	3.986	-0.223861	-0.0661794	-1.00289e-005
19935	3.987	-0.223861	-0.0661793	-9.93581e-006
19940	3.988	-0.223861	-0.0661791	-9.83778e-006
19945	3.989	-0.223861	-0.0661789	-9.76927e-006
19950	3.99	-0.223861	-0.0661787	-9.74346e-006
19955	3.991	-0.223861	-0.0661785	-9.75104e-006
19960	3.992	-0.223861	-0.0661784	-9.7719e-006
19965	3.993	-0.223861	-0.0661784	-9.7719e-006
19970	3.994	-0.223861	-0.0661782	-9.79522e-006
19975	3.995	-0.223861	-0.0661782	-9.9825e-006
19980	3.996	-0.22386	-0.0661781	-1.00595e-005
19985	3.997	-0.22386	-0.066178	-1.00262e-005
19990	3.998	-0.22386	-0.0661778	-9.92788e-006
19995	3.999	-0.22386	-0.0661776	-9.83603e-006
20000	4	-0.22386	-0.0661774	-9.77701e-006
20005	4.001	-0.22386	-0.0661772	-9.75894e-006
20010	4.002	-0.22386	-0.066177	-9.76364e-006
20015	4.003	-0.22386	-0.0661769	-9.77664e-006
20020	4.004	-0.22386	-0.0661769	-9.77664e-006
20025	4.005	-0.22386	-0.0661767	-9.79845e-006
20030	4.006	-0.223859	-0.0661767	-9.98881e-006
20035	4.007	-0.223859	-0.0661766	-1.00663e-005
20040	4.008	-0.223859	-0.0661765	-1.00243e-005
20045	4.009	-0.223859	-0.0661763	-9.92327e-006
20050	4.01	-0.223858	-0.0661761	-9.82498e-006
20055	4.011	-0.223858	-0.0661759	-9.76707e-006
20060	4.012	-0.223858	-0.0661757	-9.74539e-006
20065	4.013	-0.223858	-0.0661755	-9.75656e-006
20070	4.014	-0.223858	-0.0661754	-9.78314e-006
20075	4.015	-0.223858	-0.0661754	-9.78314e-006
20080	4.016	-0.223858	-0.0661753	-9.80937e-006
20085	4.017	-0.223858	-0.0661752	-9.99249e-006
20090	4.018	-0.223858	-0.0661751	-1.00595e-005
20095	4.019	-0.223857	-0.066175	-1.00211e-005
20100	4.02	-0.223857	-0.0661748	-9.92969e-006
20105	4.021	-0.223857	-0.0661746	-9.83693e-006
20110	4.022	-0.223857	-0.0661744	-9.77443e-006
20115	4.023	-0.223857	-0.0661742	-9.74376e-006
20120	4.024	-0.223857	-0.0661741	-9.75207e-006
20125	4.025	-0.223857	-0.0661739	-9.77799e-006
20130	4.026	-0.223857	-0.0661739	-9.77799e-006
20135	4.027	-0.223857	-0.0661738	-9.80402e-006
20140	4.028	-0.223856	-0.0661737	-9.98338e-006
20145	4.029	-0.223856	-0.0661737	-1.00567e-005
20150	4.03	-0.223856	-0.0661735	-1.00197e-005
20155	4.031	-0.223856	-0.0661733	-9.92237e-006
20160	4.032	-0.223856	-0.0661731	-9.83173e-006
20165	4.033	-0.223856	-0.0661729	-9.77084e-006
20170	4.034	-0.223856	-0.0661727	-9.75059e-006
20175	4.035	-0.223856	-0.0661726	-9.76067e-006
20180	4.036	-0.223856	-0.0661724	-9.78301e-006
20185	4.037	-0.223856	-0.0661724	-9.78301e-006
20190	4.038	-0.223856	-0.0661723	-9.81132e-006
20195	4.039	-0.223855	-0.0661723	-9.99208e-006
20200	4.04	-0.223855	-0.0661722	-1.00659e-005
20205	4.041	-0.223855	-0.066172	-1.00273e-005
20210	4.042	-0.223854	-0.0661718	-9.93076e-006
20215	4.043	-0.223854	-0.0661716	-9.83973e-006
20220	4.044	-0.223854	-0.0661714	-9.77307e-006
20225	4.045	-0.223854	-0.0661712	-9.74895e-006
20230	4.046	-0.223854	-0.0661711	-9.75719e-006
20235	4.047	-0.223854	-0.0661709	-9.77843e-006
20240	4.048	-0.223854	-0.0661709	-9.77843e-006
20245	4.049	-0.223854	-0.0661708	-9.79563e-006
20250	4.05	-0.223854	-0.0661708	-9.97878e-006
20255	4.051	-0.223853	-0.0661707	-1.00534e-005
20260	4.052	-0.223853	-0.0661705	-1.00193e-005
20265	4.053	-0.223853	-0.0661703	-9.93053e-006
20270	4.054	-0.223853	-0.0661701	-9.84128e-006
20275	4.055	-0.223853	-0.0661699	-9.78045e-006
20280	4.056	-0.223853	-0.0661698	-9.76092e-006
20285	4.057	-0.223853	-0.0661696	-9.76988e-006
20290	4.058	-0.223853	-0.0661694	-9.78787e-006
20295	4.059	-0.223853	-0.0661694	-9.78787e-006
20300	4.06	-0.223853	-0.0661693	-9.80751e-006
20305	4.061	-0.223852	-0.0661693	-9.99362e-006
20310	4.062	-0.223852	-0.0661692	-1.00684e-005
20315	4.063	-0.223852	-0.066169	-1.00308e-005
20320	4.064	-0.223852	-0.0661688	-9.93521e-006
20325	4.065	-0.223852	-0.0661686	-9.83323e-006
20330	4.066	-0.223852	-0.0661684	-9.77232e-006
20335	4.067	-0.223852	-0.0661683	-9.75401e-006
20340	4.068	-0.223851	-0.0661681	-9.76457e-006
20345	4.069	-0.223851	-0.066168	-9.78057e-006
20350	4.07	-0.223851	-0.066168	-9.78057e-006
20355	4.071	-0.223851	-0.0661678	-9.79746e-006
20360	4.072	-0.223851	-0.0661678	-9.98737e-006
20365	4.073	-0.223851	-0.0661677	-1.00688e-005
20370	4.074	-0.223851	-0.0661675	-1.00384e-005
20375	4.075	-0.22385	-0.0661673	-9.93923e-006
20380	4.076	-0.22385	-0.0661671	-9.83892e-006
20385	4.077	-0.22385	-0.0661669	-9.77162e-006
20390	4.078	-0.22385	-0.0661668	-9.75165e-006
20395	4.079	-0.22385	-0.0661666	-9.76093e-006
20400	4.08	-0.22385	-0.0661665	-9.78141e-006
20405	4.081	-0.22385	-0.0661665	-9.78141e-006
20410	4.082	-0.22385	-0.0661663	-9.80146e-006
20415	4.083	-0.22385	-0.0661663	-9.98738e-006
20420	4.084	-0.223849	-0.0661662	-1.00646e-005
20425	4.085	-0.223849	-0.0661661	-1.0031e-005
20430	4.086	-0.223849	-0.0661659	-9.93478e-006
20435	4.087	-0.223849	-0.0661656	-9.83875e-006
20440	4.088	-0.223849	-0.0661655	-9.7744e-006
20445	4.089	-0.223849	-0.0661653	-9.75276e-006
20450	4.09	-0.223849	-0.0661651	-9.75679e-006
20455	4.091	-0.223849	-0.066165	-9.7828e-006
20460	4.092	-0.223849	-0.066165	-9.7828e-006
20465	4.093	-0.223849	-0.0661648	-9.81323e-006
20470	4.094	-0.223848	-0.0661648	-9.99926e-006
20475	4.095	-0.223848	-0.0661647	-1.00748e-005
20480	4.096	-0.223848	-0.0661646	-1.00312e-005
20485	4.097	-0.223848	-0.0661644	-9.92787e-006
20490	4.098	-0.223847	-0.0661642	-9.82959e-006
20495	4.099	-0.223847	-0.066164	-9.77035e-006
20500	4.1	-0.223847	-0.0661638	-9.74822e-006
20505	4.101	-0.223847	-0.0661636	-9.75698e-006
20510	4.102	-0.223847	-0.0661635	-9.77812e-006
20515	4.103	-0.223847	-0.0661635	-9.77812e-006
20520	4.104	-0.223847	-0.0661633	-9.80069e-006
20525	4.105	-0.223847	-0.0661633	-9.99238e-006
20530	4.106	-0.223847	-0.0661632	-1.00663e-005
20535	4.107	-0.223846	-0.0661631	-1.00274e-005
20540	4.108	-0.223846	-0.0661629	-9.93271e-006
20545	4.109	-0.223846	-0.0661627	-9.83898e-006
20550	4.11	-0.223846	-0.0661625	-9.77583e-006
20555	4.111	-0.223846	-0.0661623	-9.75316e-006
20560	4.112	-0.223846	-0.0661622	-9.76774e-006
20565	4.113	-0.223846	-0.066162	-9.79346e-006
20570	4.114	-0.223846	-0.066162	-9.79346e-006
20575	4.115	-0.223846	-0.0661619	-9.81821e-006
20580	4.116	-0.223846	-0.0661618	-9.99561e-006
20585	4.117	-0.223845	-0.0661617	-1.00639e-005
20590	4.118	-0.223845	-0.0661616	-1.00234e-005
20595	4.119	-0.223845	-0.0661614	-9.92667e-006
20600	4.12	-0.223845	-0.0661612	-9.83832e-006
20605	4.121	-0.223845	-0.066161	-9.77773e-006
20610	4.122	-0.223845	-0.0661608	-9.75479e-006
20615	4.123	-0.223845	-0.0661607	-9.76047e-006
20620	4.124	-0.223845	-0.0661605	-9.77931e-006
20625	4.125	-0.223845	-0.0661605	-9.77931e-006
20630	4.126	-0.223845	-0.0661604	-9.80284e-006
20635	4.127	-0.223844	-0.0661603	-9.98745e-006
20640	4.128	-0.223844	-0.0661603	-1.00634e-005
20645	4.129	-0.223844	-0.0661601	-1.00272e-005
20650	4.13	-0.223844	-0.0661599	-9.9325e-006
20655	4.131	-0.223843	-0.0661597	-9.84412e-006
20660	4.132	-0.223843	-0.0661595	-9.7873e-006
20665	4.133	-0.223843	-0.0661593	-9.76834e-006
20670	4.134	-0.223843	-0.0661592	-9.77874e-006
20675	4.135	-0.223843	-0.066159	-9.79922e-006
20680	4.136	-0.223843	-0.066159	-9.79922e-006
20685	4.137	-0.223843	-0.0661589	-9.81186e-006
20690	4.138	-0.223843	-0.0661589	-9.99196e-006
20695	4.139	-0.223843	-0.0661588	-1.00632e-005
20700	4.14	-0.223842	-0.0661586	-1.00319e-005
20705	4.141	-0.223842	-0.0661584	-9.94052e-006
20710	4.142	-0.223842	-0.0661582	-9.84405e-006
20715	4.143	-0.223842	-0.066158	-9.77732e-006
20720	4.144	-0.223842	-0.0661578	-9.75145e-006
20725	4.145	-0.223842	-0.0661577	-9.76317e-006
20730	4.146	-0.223842	-0.0661575	-9.78323e-006
20735	4.147	-0.223842	-0.0661575	-9.78323e-006
20740	4.148	-0.223842	-0.0661574	-9.80223e-006
20745	4.149	-0.223841	-0.0661574	-9.9925e-006
20750	4.15	-0.223841	-0.0661573	-1.00736e-005
20755	4.151	-0.223841	-0.0661571	-1.00384e-005
20760	4.152	-0.223841	-0.0661569	-9.94352e-006
20765	4.153	-0.223841	-0.0661567	-9.84631e-006
20770	4.154	-0.223841	-0.0661565	-9.78283e-006
20775	4.155	-0.223841	-0.0661564	-9.75982e-006
20780	4.156	-0.223841	-0.0661562	-9.7676e-006
20785	4.157	-0.22384	-0.066156	-9.78344e-006
20790	4.158	-0.22384	-0.066156	-9.78344e-006
20795	4.159	-0.22384	-0.0661559	-9.80797e-006
20800	4.16	-0.22384	-0.0661559	-9.99555e-006
20805	4.161	-0.22384	-0.0661558	-1.00719e-005
20810	4.162	-0.22384	-0.0661556	-1.00369e-005
20815	4.163	-0.223839	-0.0661554	-9.93693e-006
20820	4.164	-0.223839	-0.0661552	-9.83783e-006
20825	4.165	-0.223839	-0.066155	-9.77007e-006
20830	4.166	-0.223839	-0.0661549	-9.75082e-006
20835	4.167	-0.223839	-0.0661547	-9.76058e-006
20840	4.168	-0.223839	-0.0661546	-9.7836e-006
20845	4.169	-0.223839	-0.0661546	-9.7836e-006
20850	4.17	-0.223839	-0.0661544	-9.81057e-006
20855	4.171	-0.223839	-0.0661544	-9.99291e-006
20860	4.172	-0.223838	-0.0661543	-1.00688e-005
20865	4.173	-0.223838	-0.0661541	-1.00287e-005
20870	4.174	-0.223838	-0.0661539	-9.93618e-006
20875	4.175	-0.223838	-0.0661537	-9.84396e-006
20880	4.176	-0.223838	-0.0661535	-9.78438e-006
20885	4.177	-0.223838	-0.0661534	-9.75825e-006
20890	4.178	-0.223838	-0.0661532	-9.76361e-006
20895	4.179	-0.223838	-0.0661531	-9.78465e-006
20900	4.18	-0.223838	-0.0661531	-9.78465e-006
20905	4.181	-0.223838	-0.0661529	-9.81098e-006
20910	4.182	-0.223837	-0.0661529	-9.99596e-006
20915	4.183	-0.223837	-0.0661528	-1.00652e-005
20920	4.184	-0.223837	-0.0661526	-1.00226e-005
20925	4.185	-0.223837	-0.0661525	-9.92265e-006
20930	4.186	-0.223837	-0.0661523	-9.8356e-006
20935	4.187	-0.223837	-0.0661521	-9.7836e-006
20940	4.188	-0.223836	-0.0661519	-9.76491e-006
20945	4.189	-0.223836	-0.0661517	-9.77335e-006
20950	4.19	-0.223836	-0.0661516	-9.79396e-006
20955	4.191	-0.223836	-0.0661516	-9.79396e-006
20960	4.192	-0.223836	-0.0661514	-9.81538e-006
20965	4.193	-0.223836	-0.0661514	-9.99954e-006
20970	4.194	-0.223836	-0.0661513	-1.0072e-005
20975	4.195	-0.223835	-0.0661512	-1.00329e-005
20980	4.196	-0.223835	-0.066151	-9.93797e-006
20985	4.197	-0.223835	-0.0661508	-9.84254e-006
20990	4.198	-0.223835	-0.0661506	-9.77414e-006
20995	4.199	-0.223835	-0.0661504	-9.75356e-006
21000	4.2	-0.223835	-0.0661502	-9.76561e-006
21005	4.201	-0.223835	-0.0661501	-9.78956e-006
21010	4.202	-0.223835	-0.0661501	-9.78956e-006
21015	4.203	-0.223835	-0.06615	-9.81204e-006
21020	4.204	-0.223835	-0.0661499	-9.99197e-006
21025	4.205	-0.223834	-0.0661498	-1.00628e-005
21030	4.206	-0.223834	-0.0661497	-1.00217e-005
21035	4.207	-0.223834	-0.0661495	-9.93207e-006
21040	4.208	-0.223834	-0.0661493	-9.85091e-006
21045	4.209	-0.223834	-0.0661491	-9.7928e-006
21050	4.21	-0.223834	-0.0661489	-9.77032e-006
21055	4.211	-0.223834	-0.0661488	-9.77776e-006
21060	4.212	-0.223834	-0.0661486	-9.80028e-006
21065	4.213	-0.223834	-0.0661486	-9.80028e-006
21070	4.214	-0.223834	-0.0661485	-9.82144e-006
21075	4.215	-0.223833	-0.0661484	-1.00038e-005
21080	4.216	-0.223833	-0.0661484	-1.00745e-005
21085	4.217	-0.223833	-0.0661482	-1.00343e-005
21090	4.218	-0.223833	-0.066148	-9.93715e-006
21095	4.219	-0.223832	-0.0661478	-9.83847e-006
21100	4.22	-0.223832	-0.0661476	-9.77578e-006
21105	4.221	-0.223832	-0.0661474	-9.75448e-006
21110	4.222	-0.223832	-0.0661473	-9.76611e-006
21115	4.223	-0.223832	-0.0661471	-9.78175e-006
21120	4.224	-0.223832	-0.0661471	-9.78175e-006
21125	4.225	-0.223832	-0.066147	-9.80095e-006
21130	4.226	-0.223832	-0.066147	-9.99407e-006
21135	4.227	-0.223832	-0.0661469	-1.00792e-005
21140	4.228	-0.223831	-0.0661467	-1.00507e-005
21145	4.229	-0.223831	-0.0661465	-9.9592e-006
21150	4.23	-0.223831	-0.0661463	-9.8564e-006
21155	4.231	-0.223831	-0.0661461	-9.78344e-006
21160	4.232	-0.223831	-0.0661459	-9.761e-006
21165	4.233	-0.223831	-0.0661458	-9.77157e-006
21170	4.234	-0.223831	-0.0661456	-9.79028e-006
21175	4.235	-0.223831	-0.0661456	-9.79028e-006
21180	4.236	-0.223831	-0.0661455	-9.80951e-006
21185	4.237	-0.22383	-0.0661455	-9.99401e-006
21190	4.238	-0.22383	-0.0661454	-1.00692e-005
21195	4.239	-0.22383	-0.0661452	-1.00327e-005
21200	4.24	-0.22383	-0.066145	-9.93536e-006
21205	4.241	-0.22383	-0.0661448	-9.8436e-006
21210	4.242	-0.22383	-0.0661446	-9.78378e-006
21215	4.243	-0.22383	-0.0661445	-9.76317e-006
21220	4.244	-0.22383	-0.0661443	-9.76494e-006
21225	4.245	-0.22383	-0.0661441	-9.78938e-006
21230	4.246	-0.22383	-0.0661441	-9.78938e-006
21235	4.247	-0.22383	-0.066144	-9.8163e-006
21240	4.248	-0.223829	-0.066144	-1.00016e-005
21245	4.249	-0.223829	-0.0661439	-1.00778e-005
21250	4.25	-0.223829	-0.0661437	-1.00417e-005
21255	4.251	-0.223828	-0.0661435	-9.94001e-006
21260	4.252	-0.223828	-0.0661433	-9.84138e-006
21265	4.253	-0.223828	-0.0661431	-9.7827e-006
21270	4.254	-0.223828	-0.066143	-9.76556e-006
21275	4.255	-0.223828	-0.0661428	-9.77363e-006
21280	4.256	-0.223828	-0.0661427	-9.79185e-006
21285	4.257	-0.223828	-0.0661427	-9.79185e-006
21290	4.258	-0.223828	-0.0661425	-9.80928e-006
21295	4.259	-0.223828	-0.0661425	-9.9933e-006
21300	4.26	-0.223828	-0.0661424	-1.00759e-005
21305	4.261	-0.223827	-0.0661422	-1.00391e-005
21310	4.262	-0.223827	-0.066142	-9.94012e-006
21315	4.263	-0.223827	-0.0661418	-9.84336e-006
21320	4.264	-0.223827	-0.0661416	-9.78064e-006
21325	4.265	-0.223827	-0.0661415	-9.75768e-006
21330	4.266	-0.223827	-0.0661413	-9.77274e-006
21335	4.267	-0.223827	-0.0661412	-9.79966e-006
21340	4.268	-0.223827	-0.0661412	-9.79966e-006
21345	4.269	-0.223827	-0.066141	-9.82764e-006
21350	4.27	-0.223826	-0.066141	-1.00105e-005
21355	4.271	-0.223826	-0.0661409	-1.00763e-005
21360	4.272	-0.223826	-0.0661407	-1.0029e-005
21365	4.273	-0.223826	-0.0661405	-9.92816e-006
21370	4.274	-0.223826	-0.0661403	-9.84154e-006
21375	4.275	-0.223826	-0.0661402	-9.78707e-006
21380	4.276	-0.223826	-0.06614	-9.7649e-006
21385	4.277	-0.223826	-0.0661398	-9.77073e-006
21390	4.278	-0.223825	-0.0661397	-9.78854e-006
21395	4.279	-0.223825	-0.0661397	-9.78854e-006
21400	4.28	-0.223825	-0.0661395	-9.81453e-006
21405	4.281	-0.223825	-0.0661395	-9.99581e-006
21410	4.282	-0.223825	-0.0661394	-1.00683e-005
21415	4.283	-0.223825	-0.0661393	-1.00325e-005
21420	4.284	-0.223824	-0.0661391	-9.93907e-006
21425	4.285	-0.223824	-0.0661389	-9.84923e-006
21430	4.286	-0.223824	-0.0661387	-9.79155e-006
21435	4.287	-0.223824	-0.0661385	-9.7737e-006
21440	4.288	-0.223824	-0.0661383	-9.7814e-006
21445	4.289	-0.223824	-0.0661382	-9.80226e-006
21450	4.29	-0.223824	-0.0661382	-9.80226e-006
21455	4.291	-0.223824	-0.066138	-9.81631e-006
21460	4.292	-0.223824	-0.066138	-9.99886e-006
21465	4.293	-0.223823	-0.0661379	-1.00726e-005
21470	4.294	-0.223823	-0.0661378	-1.00407e-005
21475	4.295	-0.223823	-0.0661376	-9.94868e-006
21480	4.296	-0.223823	-0.0661374	-9.85697e-006
21485	4.297	-0.223823	-0.0661372	-9.79021e-006
21490	4.298	-0.223823	-0.066137	-9.7598e-006
21495	4.299	-0.223823	-0.0661368	-9.76758e-006
21500	4.3	-0.223823	-0.0661367	-9.79305e-006
21505	4.301	-0.223823	-0.0661367	-9.79305e-006
21510	4.302	-0.223823	-0.0661365	-9.81327e-006
21515	4.303	-0.223822	-0.0661365	-9.99951e-006
21520	4.304	-0.223822	-0.0661364	-1.00771e-005
21525	4.305	-0.223822	-0.0661363	-1.00424e-005
21530	4.306	-0.223822	-0.0661361	-9.94825e-006
21535	4.307	-0.223822	-0.0661359	-9.85441e-006
21540	4.308	-0.223821	-0.0661357	-9.79203e-006
21545	4.309	-0.223821	-0.0661355	-9.76783e-006
21550	4.31	-0.223821	-0.0661354	-9.77707e-006
21555	4.311	-0.223821	-0.0661352	-9.79315e-006
21560	4.312	-0.223821	-0.0661352	-9.79315e-006
21565	4.313	-0.223821	-0.0661351	-9.81417e-006
21570	4.314	-0.223821	-0.066135	-1.00014e-005
21575	4.315	-0.223821	-0.066135	-1.008e-005
21580	4.316	-0.22382	-0.0661348	-1.00451e-005
21585	4.317	-0.22382	-0.0661346	-9.94964e-006
21590	4.318	-0.22382	-0.0661344	-9.84811e-006
21595	4.319	-0.22382	-0.0661342	-9.77747e-006
21600	4.32	-0.22382	-0.066134	-9.75816e-006
21605	4.321	-0.22382	-0.0661339	-9.77105e-006
21610	4.322	-0.22382	-0.0661337	-9.79247e-006
21615	4.323	-0.22382	-0.0661337	-9.79247e-006
21620	4.324	-0.22382	-0.0661336	-9.81716e-006
21625	4.325	-0.22382	-0.0661336	-1.00023e-005
21630	4.326	-0.223819	-0.0661335	-1.00766e-005
21635	4.327	-0.223819	-0.0661333	-1.00392e-005
21640	4.328	-0.223819	-0.0661331	-9.94263e-006
21645	4.329	-0.223819	-0.0661329	-9.84983e-006
21650	4.33	-0.223819	-0.0661327	-9.78725e-006
21655	4.331	-0.223819	-0.0661325	-9.76663e-006
21660	4.332	-0.223819	-0.0661324	-9.77099e-006
21665	4.333	-0.223819	-0.0661322	-9.79265e-006
21670	4.334	-0.223819	-0.0661322	-9.79265e-006
21675	4.335	-0.223819	-0.0661321	-9.81782e-006
21680	4.336	-0.223818	-0.0661321	-1.0004e-005
21685	4.337	-0.223818	-0.066132	-1.00815e-005
21690	4.338	-0.223818	-0.0661318	-1.00388e-005
21695	4.339	-0.223818	-0.0661316	-9.9396e-006
21700	4.34	-0.223817	-0.0661314	-9.84176e-006
21705	4.341	-0.223817	-0.0661312	-9.7834e-006
21710	4.342	-0.223817	-0.0661311	-9.77374e-006
21715	4.343	-0.223817	-0.0661309	-9.78507e-006
21720	4.344	-0.223817	-0.0661307	-9.80623e-006
21725	4.345	-0.223817	-0.0661307	-9.80623e-006
21730	4.346	-0.223817	-0.0661306	-9.82713e-006
21735	4.347	-0.223817	-0.0661306	-1.00118e-005
21740	4.348	-0.223817	-0.0661305	-1.00871e-005
21745	4.349	-0.223816	-0.0661303	-1.00444e-005
21750	4.35	-0.223816	-0.0661301	-9.94178e-006
21755	4.351	-0.223816	-0.0661299	-9.84299e-006
21760	4.352	-0.223816	-0.0661297	-9.7826e-006
21765	4.353	-0.223816	-0.0661296	-9.76096e-006
21770	4.354	-0.223816	-0.0661294	-9.77184e-006
21775	4.355	-0.223816	-0.0661293	-9.7955e-006
21780	4.356	-0.223816	-0.0661293	-9.7955e-006
21785	4.357	-0.223816	-0.0661291	-9.82072e-006
21790	4.358	-0.223815	-0.0661291	-1.00013e-005
21795	4.359	-0.223815	-0.066129	-1.00726e-005
21800	4.36	-0.223815	-0.0661288	-1.00336e-005
21805	4.361	-0.223815	-0.0661286	-9.94149e-006
21810	4.362	-0.223815	-0.0661284	-9.8574e-006
21815	4.363	-0.223815	-0.0661283	-9.80455e-006
21820	4.364	-0.223815	-0.0661281	-9.77968e-006
21825	4.365	-0.223815	-0.0661279	-9.78321e-006
21830	4.366	-0.223815	-0.0661278	-9.80454e-006
21835	4.367	-0.223815	-0.0661278	-9.80454e-006
21840	4.368	-0.223815	-0.0661276	-9.82715e-006
21845	4.369	-0.223814	-0.0661276	-1.00065e-005
21850	4.37	-0.223814	-0.0661275	-1.00766e-005
21855	4.371	-0.223814	-0.0661274	-1.00372e-005
21860	4.372	-0.223813	-0.0661272	-9.94289e-006
21865	4.373	-0.223813	-0.066127	-9.85082e-006
21870	4.374	-0.223813	-0.0661268	-9.78673e-006
21875	4.375	-0.223813	-0.0661266	-9.76621e-006
21880	4.376	-0.223813	-0.0661264	-9.77608e-006
21885	4.377	-0.223813	-0.0661263	-9.79622e-006
21890	4.378	-0.223813	-0.0661263	-9.79622e-006
21895	4.379	-0.223813	-0.0661261	-9.81193e-006
21900	4.38	-0.223813	-0.0661261	-1.0005e-005
21905	4.381	-0.223813	-0.066126	-1.00869e-005
21910	4.382	-0.223812	-0.0661259	-1.00541e-005
21915	4.383	-0.223812	-0.0661257	-9.95912e-006
21920	4.384	-0.223812	-0.0661255	-9.86405e-006
21925	4.385	-0.223812	-0.0661253	-9.79614e-006
21930	4.386	-0.223812	-0.0661251	-9.7682e-006
21935	4.387	-0.223812	-0.0661249	-9.7775e-006
21940	4.388	-0.223812	-0.0661248	-9.80231e-006
21945	4.389	-0.223812	-0.0661248	-9.80231e-006
21950	4.39	-0.223812	-0.0661246	-9.82291e-006
21955	4.391	-0.223811	-0.0661246	-1.00036e-005
21960	4.392	-0.223811	-0.0661245	-1.00756e-005
21965	4.393	-0.223811	-0.0661244	-1.00374e-005
21970	4.394	-0.223811	-0.0661242	-9.94448e-006
21975	4.395	-0.223811	-0.066124	-9.85089e-006
21980	4.396	-0.223811	-0.0661238	-9.78851e-006
21985	4.397	-0.223811	-0.0661236	-9.76651e-006
21990	4.398	-0.22381	-0.0661235	-9.77554e-006
21995	4.399	-0.22381	-0.0661233	-9.79457e-006
22000	4.4	-0.22381	-0.0661233	-9.79457e-006
22005	4.401	-0.22381	-0.0661232	-9.82194e-006
22010	4.402	-0.22381	-0.0661231	-1.00079e-005
22015	4.403	-0.22381	-0.0661231	-1.00871e-005
22020	4.404	-0.22381	-0.0661229	-1.00528e-005
22025	4.405	-0.223809	-0.0661227	-9.95042e-006
22030	4.406	-0.223809	-0.0661225	-9.84919e-006
22035	4.407	-0.223809	-0.0661223	-9.79118e-006
22040	4.408	-0.223809	-0.0661221	-9.77372e-006
22045	4.409	-0.223809	-0.066122	-9.78001e-006
22050	4.41	-0.223809	-0.0661218	-9.79778e-006
22055	4.411	-0.223809	-0.0661218	-9.79778e-006
22060	4.412	-0.223809	-0.0661217	-9.81742e-006
22065	4.413	-0.223809	-0.0661217	-1.00027e-005
22070	4.414	-0.223808	-0.0661216	-1.00788e-005
22075	4.415	-0.223808	-0.0661214	-1.00484e-005
22080	4.416	-0.223808	-0.0661212	-9.95065e-006
22085	4.417	-0.223808	-0.066121	-9.85581e-006
22090	4.418	-0.223808	-0.0661208	-9.79299e-006
22095	4.419	-0.223808	-0.0661206	-9.77179e-006
22100	4.42	-0.223808	-0.0661205	-9.78187e-006
22105	4.421	-0.223808	-0.0661203	-9.8035e-006
22110	4.422	-0.223808	-0.0661203	-9.8035e-006
22115	4.423	-0.223808	-0.0661202	-9.8261e-006
22120	4.424	-0.223807	-0.0661202	-1.00101e-005
22125	4.425	-0.223807	-0.0661201	-1.00853e-005
22130	4.426	-0.223807	-0.0661199	-1.00412e-005
22135	4.427	-0.223807	-0.0661197	-9.94023e-006
22140	4.428	-0.223807	-0.0661195	-9.85001e-006
22145	4.429	-0.223806	-0.0661193	-9.79332e-006
22150	4.43	-0.223806	-0.0661191	-9.77177e-006
22155	4.431	-0.223806	-0.066119	-9.77763e-006
22160	4.432	-0.223806	-0.0661188	-9.79514e-006
22165	4.433	-0.223806	-0.0661188	-9.79514e-006
22170	4.434	-0.223806	-0.0661187	-9.82004e-006
22175	4.435	-0.223806	-0.0661187	-1.001e-005
22180	4.436	-0.223806	-0.0661186	-1.00826e-005
22185	4.437	-0.223805	-0.0661184	-1.00416e-005
22190	4.438	-0.223805	-0.0661182	-9.9426e-006
22195	4.439	-0.223805	-0.066118	-9.85274e-006
22200	4.44	-0.223805	-0.0661178	-9.7967e-006
22205	4.441	-0.223805	-0.0661177	-9.77921e-006
22210	4.442	-0.223805	-0.0661175	-9.78836e-006
22215	4.443	-0.223805	-0.0661174	-9.80823e-006
22220	4.444	-0.223805	-0.0661174	-9.80823e-006
22225	4.445	-0.223805	-0.0661172	-9.83207e-006
22230	4.446	-0.223805	-0.0661172	-1.00087e-005
22235	4.447	-0.223804	-0.0661171	-1.00765e-005
22240	4.448	-0.223804	-0.0661169	-1.00407e-005
22245	4.449	-0.223804	-0.0661167	-9.94871e-006
22250	4.45	-0.223804	-0.0661165	-9.8577e-006
22255	4.451	-0.223804	-0.0661163	-9.79354e-006
22260	4.452	-0.223804	-0.0661162	-9.76802e-006
22265	4.453	-0.223804	-0.066116	-9.77901e-006
22270	4.454	-0.223804	-0.0661159	-9.80505e-006
22275	4.455	-0.223804	-0.0661159	-9.80505e-006
22280	4.456	-0.223804	-0.0661157	-9.83111e-006
22285	4.457	-0.223803	-0.0661157	-1.00127e-005
22290	4.458	-0.223803	-0.0661156	-1.00855e-005
22295	4.459	-0.223803	-0.0661155	-1.00494e-005
22300	4.46	-0.223803	-0.0661153	-9.95301e-006
22305	4.461	-0.223802	-0.0661151	-9.86323e-006
22310	4.462	-0.223802	-0.0661149	-9.79979e-006
22315	4.463	-0.223802	-0.0661147	-9.77561e-006
22320	4.464	-0.223802	-0.0661145	-9.78437e-006
22325	4.465	-0.223802	-0.0661144	-9.80591e-006
22330	4.466	-0.223802	-0.0661144	-9.80591e-006
22335	4.467	-0.223802	-0.0661142	-9.82143e-006
22340	4.468	-0.223802	-0.0661142	-1.00093e-005
22345	4.469	-0.223802	-0.0661141	-1.0088e-005
22350	4.47	-0.223801	-0.066114	-1.00544e-005
22355	4.471	-0.223801	-0.0661138	-9.95785e-006
22360	4.472	-0.223801	-0.0661136	-9.85701e-006
22365	4.473	-0.223801	-0.0661134	-9.78682e-006
22370	4.474	-0.223801	-0.0661132	-9.76224e-006
22375	4.475	-0.223801	-0.066113	-9.77308e-006
22380	4.476	-0.223801	-0.0661129	-9.79796e-006
22385	4.477	-0.223801	-0.0661129	-9.79796e-006
22390	4.478	-0.223801	-0.0661127	-9.82395e-006
22395	4.479	-0.2238	-0.0661127	-1.00093e-005
22400	4.48	-0.2238	-0.0661126	-1.00857e-005
22405	4.481	-0.2238	-0.0661125	-1.00485e-005
22410	4.482	-0.2238	-0.0661123	-9.95922e-006
22415	4.483	-0.2238	-0.0661121	-9.86531e-006
22420	4.484	-0.2238	-0.0661119	-9.79803e-006
22425	4.485	-0.2238	-0.0661117	-9.7709e-006
22430	4.486	-0.2238	-0.0661115	-9.77787e-006
22435	4.487	-0.2238	-0.0661114	-9.79717e-006
22440	4.488	-0.2238	-0.0661114	-9.79717e-006
22445	4.489	-0.223799	-0.0661113	-9.82165e-006
22450	4.49	-0.223799	-0.0661112	-1.00081e-005
22455	4.491	-0.223799	-0.0661111	-1.00856e-005
22460	4.492	-0.223799	-0.066111	-1.00523e-005
22465	4.493	-0.223798	-0.0661108	-9.95133e-006
22470	4.494	-0.223798	-0.0661106	-9.85179e-006
22475	4.495	-0.223798	-0.0661104	-9.79283e-006
22480	4.496	-0.223798	-0.0661102	-9.78e-006
22485	4.497	-0.223798	-0.0661101	-9.78611e-006
22490	4.498	-0.223798	-0.0661099	-9.80376e-006
22495	4.499	-0.223798	-0.0661099	-9.80376e-006
22500	4.5	-0.223798	-0.0661098	-9.82537e-006
22505	4.501	-0.223798	-0.0661098	-1.0014e-005
22510	4.502	-0.223797	-0.0661097	-1.00936e-005
22515	4.503	-0.223797	-0.0661095	-1.00598e-005
22520	4.504	-0.223797	-0.0661093	-9.95878e-006
22525	4.505	-0.223797	-0.0661091	-9.8583e-006
22530	4.506	-0.223797	-0.0661089	-9.79355e-006
22535	4.507	-0.223797	-0.0661087	-9.77719e-006
22540	4.508	-0.223797	-0.0661086	-9.78464e-006
22545	4.509	-0.223797	-0.0661084	-9.80438e-006
22550	4.51	-0.223797	-0.0661084	-9.80438e-006
22555	4.511	-0.223797	-0.0661083	-9.82665e-006
22560	4.512	-0.223796	-0.0661083	-1.00102e-005
22565	4.513	-0.223796	-0.0661082	-1.00853e-005
22570	4.514	-0.223796	-0.066108	-1.00444e-005
22575	4.515	-0.223796	-0.0661078	-9.94827e-006
22580	4.516	-0.223796	-0.0661076	-9.85623e-006
22585	4.517	-0.223796	-0.0661074	-9.80157e-006
22590	4.518	-0.223796	-0.0661072	-9.78031e-006
22595	4.519	-0.223795	-0.0661071	-9.78654e-006
22600	4.52	-0.223795	-0.0661069	-9.81042e-006
22605	4.521	-0.223795	-0.0661069	-9.81042e-006
22610	4.522	-0.223795	-0.0661068	-9.83527e-006
22615	4.523	-0.223795	-0.0661068	-1.00199e-005
22620	4.524	-0.223795	-0.0661067	-1.00891e-005
22625	4.525	-0.223795	-0.0661065	-1.00462e-005
22630	4.526	-0.223794	-0.0661063	-9.94472e-006
22635	4.527	-0.223794	-0.0661061	-9.84814e-006
22640	4.528	-0.223794	-0.0661059	-9.7936e-006
22645	4.529	-0.223794	-0.0661057	-9.77264e-006
22650	4.53	-0.223794	-0.0661056	-9.782e-006
22655	4.531	-0.223794	-0.0661054	-9.80339e-006
22660	4.532	-0.223794	-0.0661054	-9.80339e-006
22665	4.533	-0.223794	-0.0661053	-9.82577e-006
22670	4.534	-0.223794	-0.0661053	-1.00139e-005
22675	4.535	-0.223793	-0.0661052	-1.00934e-005
22680	4.536	-0.223793	-0.066105	-1.00575e-005
22685	4.537	-0.223793	-0.0661048	-9.96298e-006
22690	4.538	-0.223793	-0.0661046	-9.8702e-006
22695	4.539	-0.223793	-0.0661044	-9.79855e-006
22700	4.54	-0.223793	-0.0661043	-9.76949e-006
22705	4.541	-0.223793	-0.0661041	-9.78171e-006
22710	4.542	-0.223793	-0.066104	-9.80734e-006
22715	4.543	-0.223793	-0.066104	-9.80734e-006
22720	4.544	-0.223793	-0.0661038	-9.82901e-006
22725	4.545	-0.223792	-0.0661038	-1.00113e-005
22730	4.546	-0.223792	-0.0661037	-1.00828e-005
22735	4.547	-0.223792	-0.0661035	-1.0046e-005
22740	4.548	-0.223792	-0.0661033	-9.95212e-006
22745	4.549	-0.223791	-0.0661031	-9.86265e-006
22750	4.55	-0.223791	-0.066103	-9.79835e-006
22755	4.551	-0.223791	-0.0661028	-9.77416e-006
22760	4.552	-0.223791	-0.0661026	-9.77909e-006
22765	4.553	-0.223791	-0.0661025	-9.80273e-006
22770	4.554	-0.223791	-0.0661025	-9.80273e-006
22775	4.555	-0.223791	-0.0661023	-9.83057e-006
22780	4.556	-0.223791	-0.0661023	-1.00161e-005
22785	4.557	-0.223791	-0.0661022	-1.00925e-005
22790	4.558	-0.22379	-0.0661021	-1.00576e-005
22795	4.559	-0.22379	-0.0661019	-9.96297e-006
22800	4.56	-0.22379	-0.0661017	-9.86362e-006
22805	4.561	-0.22379	-0.0661015	-9.80102e-006
22810	4.562	-0.22379	-0.0661013	-9.78192e-006
22815	4.563	-0.22379	-0.0661011	-9.79173e-006
22820	4.564	-0.22379	-0.066101	-9.80931e-006
22825	4.565	-0.22379	-0.066101	-9.80931e-006
22830	4.566	-0.22379	-0.0661008	-9.8286e-006
22835	4.567	-0.22379	-0.0661008	-1.00116e-005
22840	4.568	-0.223789	-0.0661007	-1.00857e-005
22845	4.569	-0.223789	-0.0661006	-1.00545e-005
22850	4.57	-0.223789	-0.0661004	-9.96434e-006
22855	4.571	-0.223789	-0.0661002	-9.86833e-006
22860	4.572	-0.223789	-0.0661	-9.80267e-006
22865	4.573	-0.223789	-0.0660998	-9.77705e-006
22870	4.574	-0.223789	-0.0660996	-9.79137e-006
22875	4.575	-0.223789	-0.0660995	-9.81396e-006
22880	4.576	-0.223789	-0.0660995	-9.81396e-006
22885	4.577	-0.223789	-0.0660994	-9.83349e-006
22890	4.578	-0.223788	-0.0660993	-1.00191e-005
22895	4.579	-0.223788	-0.0660992	-1.00953e-005
22900	4.58	-0.223788	-0.0660991	-1.0059e-005
22905	4.581	-0.223788	-0.0660989	-9.95532e-006
22910	4.582	-0.223787	-0.0660987	-9.85891e-006
22915	4.583	-0.223787	-0.0660985	-9.79917e-006
22920	4.584	-0.223787	-0.0660983	-9.78095e-006
22925	4.585	-0.223787	-0.0660982	-9.78657e-006
22930	4.586	-0.223787	-0.066098	-9.8031e-006
22935	4.587	-0.223787	-0.066098	-9.8031e-006
22940	4.588	-0.223787	-0.0660979	-9.82781e-006
22945	4.589	-0.223787	-0.0660978	-1.00153e-005
22950	4.59	-0.223787	-0.0660978	-1.00941e-005
22955	4.591	-0.223786	-0.0660976	-1.00532e-005
22960	4.592	-0.223786	-0.0660974	-9.95222e-006
22965	4.593	-0.223786	-0.0660972	-9.85543e-006
22970	4.594	-0.223786	-0.066097	-9.79558e-006
22975	4.595	-0.223786	-0.0660968	-9.77811e-006
22980	4.596	-0.223786	-0.0660967	-9.79303e-006
22985	4.597	-0.223786	-0.0660965	-9.81542e-006
22990	4.598	-0.223786	-0.0660965	-9.81542e-006
22995	4.599	-0.223786	-0.0660964	-9.83648e-006
23000	4.6	-0.223785	-0.0660964	-1.00203e-005
23005	4.601	-0.223785	-0.0660963	-1.00864e-005
23010	4.602	-0.223785	-0.0660961	-1.00431e-005
23015	4.603	-0.223785	-0.0660959	-9.95105e-006
23020	4.604	-0.223785	-0.0660957	-9.86306e-006
23025	4.605	-0.223785	-0.0660955	-9.80385e-006
23030	4.606	-0.223785	-0.0660953	-9.77983e-006
23035	4.607	-0.223785	-0.0660952	-9.78398e-006
23040	4.608	-0.223785	-0.066095	-9.80721e-006
23045	4.609	-0.223785	-0.066095	-9.80721e-006
23050	4.61	-0.223784	-0.0660949	-9.83509e-006
23055	4.611	-0.223784	-0.0660949	-1.00193e-005
23060	4.612	-0.223784	-0.0660948	-1.00949e-005
23065	4.613	-0.223784	-0.0660946	-1.00588e-005
23070	4.614	-0.223783	-0.0660944	-9.96325e-006
23075	4.615	-0.223783	-0.0660942	-9.86624e-006
23080	4.616	-0.223783	-0.066094	-9.80343e-006
23085	4.617	-0.223783	-0.0660938	-9.78121e-006
23090	4.618	-0.223783	-0.0660937	-9.78968e-006
23095	4.619	-0.223783	-0.0660935	-9.81306e-006
23100	4.62	-0.223783	-0.0660935	-9.81306e-006
23105	4.621	-0.223783	-0.0660934	-9.837e-006
23110	4.622	-0.223783	-0.0660934	-1.00196e-005
23115	4.623	-0.223782	-0.0660933	-1.00933e-005
23120	4.624	-0.223782	-0.0660931	-1.00559e-005
23125	4.625	-0.223782	-0.0660929	-9.95977e-006
23130	4.626	-0.223782	-0.0660927	-9.86479e-006
23135	4.627	-0.223782	-0.0660925	-9.79605e-006
23140	4.628	-0.223782	-0.0660924	-9.77185e-006
23145	4.629	-0.223782	-0.0660922	-9.78439e-006
23150	4.63	-0.223782	-0.0660921	-9.80991e-006
23155	4.631	-0.223782	-0.0660921	-9.80991e-006
23160	4.632	-0.223782	-0.0660919	-9.83169e-006
23165	4.633	-0.223781	-0.0660919	-1.00151e-005
23170	4.634	-0.223781	-0.0660918	-1.00915e-005
23175	4.635	-0.223781	-0.0660916	-1.00573e-005
23180	4.636	-0.223781	-0.0660914	-9.96716e-006
23185	4.637	-0.223781	-0.0660912	-9.87267e-006
23190	4.638	-0.223781	-0.066091	-9.80783e-006
23195	4.639	-0.22378	-0.0660909	-9.78295e-006
23200	4.64	-0.22378	-0.0660907	-9.78998e-006
23205	4.641	-0.22378	-0.0660906	-9.81157e-006
23210	4.642	-0.22378	-0.0660906	-9.81157e-006
23215	4.643	-0.22378	-0.0660904	-9.83514e-006
23220	4.644	-0.22378	-0.0660904	-1.0021e-005
23225	4.645	-0.22378	-0.0660903	-1.00963e-005
23230	4.646	-0.22378	-0.0660902	-1.00574e-005
23235	4.647	-0.223779	-0.06609	-9.96167e-006
23240	4.648	-0.223779	-0.0660897	-9.86286e-006
23245	4.649	-0.223779	-0.0660896	-9.79715e-006
23250	4.65	-0.223779	-0.0660894	-9.77498e-006
23255	4.651	-0.223779	-0.0660892	-9.78842e-006
23260	4.652	-0.223779	-0.0660891	-9.81071e-006
23265	4.653	-0.223779	-0.0660891	-9.81071e-006
23270	4.654	-0.223779	-0.0660889	-9.83372e-006
23275	4.655	-0.223779	-0.0660889	-1.0023e-005
23280	4.656	-0.223778	-0.0660888	-1.01012e-005
23285	4.657	-0.223778	-0.0660887	-1.0066e-005
23290	4.658	-0.223778	-0.0660885	-9.9665e-006
23295	4.659	-0.223778	-0.0660883	-9.86718e-006
23300	4.66	-0.223778	-0.0660881	-9.79898e-006
23305	4.661	-0.223778	-0.0660879	-9.77544e-006
23310	4.662	-0.223778	-0.0660877	-9.78271e-006
23315	4.663	-0.223778	-0.0660876	-9.80627e-006
23320	4.664	-0.223778	-0.0660876	-9.80627e-006
23325	4.665	-0.223778	-0.0660874	-9.83235e-006
23330	4.666	-0.223777	-0.0660874	-1.00195e-005
23335	4.667	-0.223777	-0.0660873	-1.00975e-005
23340	4.668	-0.223777	-0.0660872	-1.00624e-005
23345	4.669	-0.223777	-0.066087	-9.96095e-006
23350	4.67	-0.223776	-0.0660868	-9.8637e-006
23355	4.671	-0.223776	-0.0660866	-9.80645e-006
23360	4.672	-0.223776	-0.0660864	-9.79052e-006
23365	4.673	-0.223776	-0.0660862	-9.7936e-006
23370	4.674	-0.223776	-0.0660861	-9.80823e-006
23375	4.675	-0.223776	-0.0660861	-9.80823e-006
23380	4.676	-0.223776	-0.066086	-9.83379e-006
23385	4.677	-0.223776	-0.0660859	-1.00216e-005
23390	4.678	-0.223776	-0.0660858	-1.01007e-005
23395	4.679	-0.223775	-0.0660857	-1.00616e-005
23400	4.68	-0.223775	-0.0660855	-9.96027e-006
23405	4.681	-0.223775	-0.0660853	-9.86269e-006
23410	4.682	-0.223775	-0.0660851	-9.80451e-006
23415	4.683	-0.223775	-0.0660849	-9.78072e-006
23420	4.684	-0.223775	-0.0660848	-9.78802e-006
23425	4.685	-0.223775	-0.0660846	-9.808e-006
23430	4.686	-0.223775	-0.0660846	-9.808e-006
23435	4.687	-0.223775	-0.0660845	-9.8291e-006
23440	4.688	-0.223775	-0.0660845	-1.0019e-005
23445	4.689	-0.223774	-0.0660844	-1.0094e-005
23450	4.69	-0.223774	-0.0660842	-1.00618e-005
23455	4.691	-0.223774	-0.066084	-9.96986e-006
23460	4.692	-0.223774	-0.0660838	-9.8771e-006
23465	4.693	-0.223774	-0.0660836	-9.81676e-006
23470	4.694	-0.223774	-0.0660834	-9.78978e-006
23475	4.695	-0.223774	-0.0660833	-9.79748e-006
23480	4.696	-0.223774	-0.0660831	-9.81897e-006
23485	4.697	-0.223774	-0.0660831	-9.81897e-006
23490	4.698	-0.223774	-0.066083	-9.84011e-006
23495	4.699	-0.223773	-0.066083	-1.00186e-005
23500	4.7	-0.223773	-0.0660829	-1.00878e-005
23505	4.701	-0.223773	-0.0660827	-1.00458e-005
23510	4.702	-0.223772	-0.0660825	-9.95049e-006
23515	4.703	-0.223772	-0.0660823	-9.86682e-006
23520	4.704	-0.223772	-0.0660821	-9.8071e-006
23525	4.705	-0.223772	-0.0660819	-9.78492e-006
23530	4.706	-0.223772	-0.0660818	-9.79192e-006
23535	4.707	-0.223772	-0.0660816	-9.81102e-006
23540	4.708	-0.223772	-0.0660816	-9.81102e-006
23545	4.709	-0.223772	-0.0660815	-9.83596e-006
23550	4.71	-0.223772	-0.0660815	-1.0023e-005
23555	4.711	-0.223772	-0.0660814	-1.01004e-005
23560	4.712	-0.223771	-0.0660812	-1.00652e-005
23565	4.713	-0.223771	-0.066081	-9.972e-006
23570	4.714	-0.223771	-0.0660808	-9.87901e-006
23575	4.715	-0.223771	-0.0660806	-9.80914e-006
23580	4.716	-0.223771	-0.0660805	-9.78685e-006
23585	4.717	-0.223771	-0.0660803	-9.79762e-006
23590	4.718	-0.223771	-0.0660802	-9.82077e-006
23595	4.719	-0.223771	-0.0660802	-9.82077e-006
23600	4.72	-0.223771	-0.06608	-9.8388e-006
23605	4.721	-0.22377	-0.06608	-1.00196e-005
23610	4.722	-0.22377	-0.0660799	-1.00934e-005
23615	4.723	-0.22377	-0.0660797	-1.00612e-005
23620	4.724	-0.22377	-0.0660795	-9.97103e-006
23625	4.725	-0.22377	-0.0660793	-9.87165e-006
23630	4.726	-0.22377	-0.0660791	-9.80358e-006
23635	4.727	-0.22377	-0.066079	-9.77841e-006
23640	4.728	-0.22377	-0.0660788	-9.79313e-006
23645	4.729	-0.22377	-0.0660787	-9.81744e-006
23650	4.73	-0.22377	-0.0660787	-9.81744e-006
23655	4.731	-0.223769	-0.0660785	-9.84394e-006
23660	4.732	-0.223769	-0.0660785	-1.00267e-005
23665	4.733	-0.223769	-0.0660784	-1.00992e-005
23670	4.734	-0.223769	-0.0660782	-1.00625e-005
23675	4.735	-0.223768	-0.0660781	-9.96624e-006
23680	4.736	-0.223768	-0.0660778	-9.87307e-006
23685	4.737	-0.223768	-0.0660777	-9.81174e-006
23690	4.738	-0.223768	-0.0660775	-9.79007e-006
23695	4.739	-0.223768	-0.0660773	-9.79843e-006
23700	4.74	-0.223768	-0.0660772	-9.81518e-006
23705	4.741	-0.223768	-0.0660772	-9.81518e-006
23710	4.742	-0.223768	-0.066077	-9.83667e-006
23715	4.743	-0.223768	-0.066077	-1.00236e-005
23720	4.744	-0.223767	-0.0660769	-1.01015e-005
23725	4.745	-0.223767	-0.0660768	-1.00681e-005
23730	4.746	-0.223767	-0.0660766	-9.96624e-006
23735	4.747	-0.223767	-0.0660764	-9.86409e-006
23740	4.748	-0.223767	-0.0660762	-9.7999e-006
23745	4.749	-0.223767	-0.066076	-9.78426e-006
23750	4.75	-0.223767	-0.0660758	-9.79602e-006
23755	4.751	-0.223767	-0.0660757	-9.81792e-006
23760	4.752	-0.223767	-0.0660757	-9.81792e-006
23765	4.753	-0.223767	-0.0660755	-9.83824e-006
23770	4.754	-0.223766	-0.0660755	-1.00228e-005
23775	4.755	-0.223766	-0.0660754	-1.00986e-005
23780	4.756	-0.223766	-0.0660753	-1.00559e-005
23785	4.757	-0.223766	-0.0660751	-9.96055e-006
23790	4.758	-0.223766	-0.0660749	-9.86979e-006
23795	4.759	-0.223766	-0.0660747	-9.81188e-006
23800	4.76	-0.223765	-0.0660745	-9.79384e-006
23805	4.761	-0.223765	-0.0660743	-9.79712e-006
23810	4.762	-0.223765	-0.0660742	-9.81636e-006
23815	4.763	-0.223765	-0.0660742	-9.81636e-006
23820	4.764	-0.223765	-0.0660741	-9.84087e-006
23825	4.765	-0.223765	-0.066074	-1.00304e-005
23830	4.766	-0.223765	-0.0660739	-1.01092e-005
23835	4.767	-0.223764	-0.0660738	-1.00692e-005
23840	4.768	-0.223764	-0.0660736	-9.97075e-006
23845	4.769	-0.223764	-0.0660734	-9.87196e-006
23850	4.77	-0.223764	-0.0660732	-9.81338e-006
23855	4.771	-0.223764	-0.066073	-9.79114e-006
23860	4.772	-0.223764	-0.0660729	-9.79916e-006
23865	4.773	-0.223764	-0.0660727	-9.81703e-006
23870	4.774	-0.223764	-0.0660727	-9.81703e-006
23875	4.775	-0.223764	-0.0660726	-9.83628e-006
23880	4.776	-0.223764	-0.0660725	-1.00189e-005
23885	4.777	-0.223763	-0.0660724	-1.00928e-005
23890	4.778	-0.223763	-0.0660723	-1.0059e-005
23895	4.779	-0.223763	-0.0660721	-9.966e-006
23900	4.78	-0.223763	-0.0660719	-9.87125e-006
23905	4.781	-0.223763	-0.0660717	-9.80977e-006
23910	4.782	-0.223763	-0.0660715	-9.79051e-006
23915	4.783	-0.223763	-0.0660714	-9.79853e-006
23920	4.784	-0.223763	-0.0660712	-9.82061e-006
23925	4.785	-0.223763	-0.0660712	-9.82061e-006
23930	4.786	-0.223763	-0.0660711	-9.84776e-006
23935	4.787	-0.223762	-0.0660711	-1.00287e-005
23940	4.788	-0.223762	-0.066071	-1.01007e-005
23945	4.789	-0.223762	-0.0660708	-1.00623e-005
23950	4.79	-0.223762	-0.0660706	-9.97004e-006
23955	4.791	-0.223761	-0.0660704	-9.88179e-006
23960	4.792	-0.223761	-0.0660702	-9.81842e-006
23965	4.793	-0.223761	-0.06607	-9.7917e-006
23970	4.794	-0.223761	-0.0660699	-9.79626e-006
23975	4.795	-0.223761	-0.0660697	-9.82337e-006
23980	4.796	-0.223761	-0.0660697	-9.82337e-006
23985	4.797	-0.223761	-0.0660696	-9.84535e-006
23990	4.798	-0.223761	-0.0660696	-1.00277e-005
23995	4.799	-0.223761	-0.0660695	-1.01008e-005
24000	4.8	-0.22376	-0.0660693	-1.00639e-005
24005	4.801	-0.22376	-0.0660691	-9.96646e-006
24010	4.802	-0.22376	-0.0660689	-9.86551e-006
24015	4.803	-0.22376	-0.0660687	-9.80301e-006
24020	4.804	-0.22376	-0.0660685	-9.78231e-006
24025	4.805	-0.22376	-0.0660684	-9.79913e-006
24030	4.806	-0.22376	-0.0660682	-9.82895e-006
24035	4.807	-0.22376	-0.0660682	-9.82895e-006
24040	4.808	-0.22376	-0.0660681	-9.84852e-006
24045	4.809	-0.22376	-0.0660681	-1.00344e-005
24050	4.81	-0.223759	-0.066068	-1.01128e-005
24055	4.811	-0.223759	-0.0660678	-1.00761e-005
24060	4.812	-0.223759	-0.0660676	-9.97869e-006
24065	4.813	-0.223759	-0.0660674	-9.87621e-006
24070	4.814	-0.223759	-0.0660672	-9.80724e-006
24075	4.815	-0.223759	-0.0660671	-9.78167e-006
24080	4.816	-0.223759	-0.0660669	-9.79505e-006
24085	4.817	-0.223759	-0.0660668	-9.81685e-006
24090	4.818	-0.223759	-0.0660668	-9.81685e-006
24095	4.819	-0.223759	-0.0660666	-9.84147e-006
24100	4.82	-0.223758	-0.0660666	-1.00267e-005
24105	4.821	-0.223758	-0.0660665	-1.00985e-005
24110	4.822	-0.223758	-0.0660663	-1.00608e-005
24115	4.823	-0.223757	-0.0660661	-9.96028e-006
24120	4.824	-0.223757	-0.0660659	-9.86908e-006
24125	4.825	-0.223757	-0.0660658	-9.81354e-006
24130	4.826	-0.223757	-0.0660656	-9.79707e-006
24135	4.827	-0.223757	-0.0660654	-9.80284e-006
24140	4.828	-0.223757	-0.0660653	-9.81842e-006
24145	4.829	-0.223757	-0.0660653	-9.81842e-006
24150	4.83	-0.223757	-0.0660651	-9.84232e-006
24155	4.831	-0.223757	-0.0660651	-1.00299e-005
24160	4.832	-0.223757	-0.066065	-1.01078e-005
24165	4.833	-0.223756	-0.0660649	-1.00741e-005
24170	4.834	-0.223756	-0.0660647	-9.97364e-006
24175	4.835	-0.223756	-0.0660645	-9.87177e-006
24180	4.836	-0.223756	-0.0660643	-9.80961e-006
24185	4.837	-0.223756	-0.0660641	-9.79351e-006
24190	4.838	-0.223756	-0.0660639	-9.80009e-006
24195	4.839	-0.223756	-0.0660638	-9.81743e-006
24200	4.84	-0.223756	-0.0660638	-9.81743e-006
24205	4.841	-0.223756	-0.0660636	-9.83785e-006
24210	4.842	-0.223755	-0.0660636	-1.00234e-005
24215	4.843	-0.223755	-0.0660635	-1.01e-005
24220	4.844	-0.223755	-0.0660634	-1.00673e-005
24225	4.845	-0.223755	-0.0660632	-9.97469e-006
24230	4.846	-0.223755	-0.066063	-9.88304e-006
24235	4.847	-0.223755	-0.0660628	-9.82479e-006
24240	4.848	-0.223755	-0.0660626	-9.79615e-006
24245	4.849	-0.223755	-0.0660624	-9.80207e-006
24250	4.85	-0.223754	-0.0660623	-9.82422e-006
24255	4.851	-0.223754	-0.0660623	-9.82422e-006
24260	4.852	-0.223754	-0.0660622	-9.84633e-006
24265	4.853	-0.223754	-0.0660621	-1.00326e-005
24270	4.854	-0.223754	-0.066062	-1.01029e-005
24275	4.855	-0.223754	-0.0660619	-1.00607e-005
24280	4.856	-0.223753	-0.0660617	-9.96267e-006
24285	4.857	-0.223753	-0.0660615	-9.87364e-006
24290	4.858	-0.223753	-0.0660613	-9.81779e-006
24295	4.859	-0.223753	-0.0660611	-9.79268e-006
24300	4.86	-0.223753	-0.066061	-9.79741e-006
24305	4.861	-0.223753	-0.0660608	-9.81586e-006
24310	4.862	-0.223753	-0.0660608	-9.81586e-006
24315	4.863	-0.223753	-0.0660607	-9.84509e-006
24320	4.864	-0.223753	-0.0660606	-1.00294e-005
24325	4.865	-0.223752	-0.0660606	-1.01071e-005
24330	4.866	-0.223752	-0.0660604	-1.00705e-005
24335	4.867	-0.223752	-0.0660602	-9.9762e-006
24340	4.868	-0.223752	-0.06606	-9.88287e-006
24345	4.869	-0.223752	-0.0660598	-9.81332e-006
24350	4.87	-0.223752	-0.0660596	-9.79154e-006
24355	4.871	-0.223752	-0.0660595	-9.80443e-006
24360	4.872	-0.223752	-0.0660593	-9.82767e-006
24365	4.873	-0.223752	-0.0660593	-9.82767e-006
24370	4.874	-0.223752	-0.0660592	-9.85279e-006
24375	4.875	-0.223751	-0.0660592	-1.00299e-005
24380	4.876	-0.223751	-0.0660591	-1.00953e-005
24385	4.877	-0.223751	-0.0660589	-1.00538e-005
24390	4.878	-0.223751	-0.0660587	-9.96394e-006
24395	4.879	-0.223751	-0.0660585	-9.87834e-006
24400	4.88	-0.223751	-0.0660583	-9.81714e-006
24405	4.881	-0.22375	-0.0660581	-9.79356e-006
24410	4.882	-0.22375	-0.066058	-9.8015e-006
24415	4.883	-0.22375	-0.0660578	-9.83086e-006
24420	4.884	-0.22375	-0.0660578	-9.83086e-006
24425	4.885	-0.22375	-0.0660577	-9.85582e-006
24430	4.886	-0.22375	-0.0660577	-1.00355e-005
24435	4.887	-0.22375	-0.0660576	-1.01064e-005
24440	4.888	-0.223749	-0.0660574	-1.00676e-005
24445	4.889	-0.223749	-0.0660572	-9.97395e-006
24450	4.89	-0.223749	-0.066057	-9.8814e-006
24455	4.891	-0.223749	-0.0660568	-9.81999e-006
24460	4.892	-0.223749	-0.0660567	-9.80063e-006
24465	4.893	-0.223749	-0.0660565	-9.80959e-006
24470	4.894	-0.223749	-0.0660563	-9.82337e-006
24475	4.895	-0.223749	-0.0660563	-9.82337e-006
24480	4.896	-0.223749	-0.0660562	-9.83922e-006
24485	4.897	-0.223749	-0.0660562	-1.00293e-005
24490	4.898	-0.223748	-0.0660561	-1.01103e-005
24495	4.899	-0.223748	-0.0660559	-1.00766e-005
24500	4.9	-0.223748	-0.0660557	-9.9796e-006
24505	4.901	-0.223748	-0.0660555	-9.87548e-006
24510	4.902	-0.223748	-0.0660553	-9.81058e-006
24515	4.903	-0.223748	-0.0660552	-9.79473e-006
24520	4.904	-0.223748	-0.066055	-9.81123e-006
24525	4.905	-0.223748	-0.0660549	-9.83207e-006
24530	4.906	-0.223748	-0.0660549	-9.83207e-006
24535	4.907	-0.223748	-0.0660547	-9.85099e-006
24540	4.908	-0.223747	-0.0660547	-1.0033e-005
24545	4.909	-0.223747	-0.0660546	-1.01057e-005
24550	4.91	-0.223747	-0.0660544	-1.00679e-005
24555	4.911	-0.223747	-0.0660542	-9.9701e-006
24560	4.912	-0.223746	-0.066054	-9.8788e-006
24565	4.913	-0.223746	-0.0660538	-9.81928e-006
24570	4.914	-0.223746	-0.0660537	-9.79709e-006
24575	4.915	-0.223746	-0.0660535	-9.80263e-006
24580	4.916	-0.223746	-0.0660534	-9.82481e-006
24585	4.917	-0.223746	-0.0660534	-9.82481e-006
24590	4.918	-0.223746	-0.0660532	-9.84859e-006
24595	4.919	-0.223746	-0.0660532	-1.00336e-005
24600	4.92	-0.223746	-0.0660531	-1.01098e-005
24605	4.921	-0.223745	-0.066053	-1.00731e-005
24610	4.922	-0.223745	-0.0660527	-9.97489e-006
24615	4.923	-0.223745	-0.0660525	-9.87879e-006
24620	4.924	-0.223745	-0.0660524	-9.81848e-006
24625	4.925	-0.223745	-0.0660522	-9.80029e-006
24630	4.926	-0.223745	-0.066052	-9.80571e-006
24635	4.927	-0.223745	-0.0660519	-9.82116e-006
24640	4.928	-0.223745	-0.0660519	-9.82116e-006
24645	4.929	-0.223745	-0.0660517	-9.8408e-006
24650	4.93	-0.223745	-0.0660517	-1.00332e-005
24655	4.931	-0.223744	-0.0660516	-1.01146e-005
24660	4.932	-0.223744	-0.0660515	-1.00753e-005
24665	4.933	-0.223744	-0.0660513	-9.97443e-006
24670	4.934	-0.223744	-0.0660511	-9.87341e-006
24675	4.935	-0.223744	-0.0660509	-9.81013e-006
24680	4.936	-0.223744	-0.0660507	-9.78846e-006
24685	4.937	-0.223744	-0.0660505	-9.79834e-006
24690	4.938	-0.223744	-0.0660504	-9.82311e-006
24695	4.939	-0.223744	-0.0660504	-9.82311e-006
24700	4.94	-0.223744	-0.0660502	-9.85214e-006
24705	4.941	-0.223743	-0.0660502	-1.00369e-005
24710	4.942	-0.223743	-0.0660501	-1.01073e-005
24715	4.943	-0.223743	-0.06605	-1.00683e-005
24720	4.944	-0.223742	-0.0660498	-9.97385e-006
24725	4.945	-0.223742	-0.0660496	-9.88484e-006
24730	4.946	-0.223742	-0.0660494	-9.82846e-006
24735	4.947	-0.223742	-0.0660492	-9.8034e-006
24740	4.948	-0.223742	-0.0660491	-9.80676e-006
24745	4.949	-0.223742	-0.0660489	-9.82325e-006
24750	4.95	-0.223742	-0.0660489	-9.82325e-006
24755	4.951	-0.223742	-0.0660488	-9.84792e-006
24760	4.952	-0.223742	-0.0660487	-1.00293e-005
24765	4.953	-0.223742	-0.0660486	-1.01039e-005
24770	4.954	-0.223741	-0.0660485	-1.00672e-005
24775	4.955	-0.223741	-0.0660483	-9.97135e-006
24780	4.956	-0.223741	-0.0660481	-9.87699e-006
24785	4.957	-0.223741	-0.0660479	-9.81659e-006
24790	4.958	-0.223741	-0.0660477	-9.79517e-006
24795	4.959	-0.223741	-0.0660476	-9.80866e-006
24800	4.96	-0.223741	-0.0660474	-9.83499e-006
24805	4.961	-0.223741	-0.0660474	-9.83499e-006
24810	4.962	-0.223741	-0.0660473	-9.8549e-006
24815	4.963	-0.22374	-0.0660473	-1.00356e-005
24820	4.964	-0.22374	-0.0660472	-1.01072e-005
24825	4.965	-0.22374	-0.066047	-1.00754e-005
24830	4.966	-0.22374	-0.0660468	-9.9839e-006
24835	4.967	-0.22374	-0.0660466	-9.89453e-006
24840	4.968	-0.22374	-0.0660464	-9.8286e-006
24845	4.969	-0.22374	-0.0660462	-9.79946e-006
24850	4.97	-0.22374	-0.0660461	-9.80918e-006
24855	4.971	-0.22374	-0.0660459	-9.83505e-006
24860	4.972	-0.22374	-0.0660459	-9.83505e-006
24865	4.973	-0.223739	-0.0660458	-9.85513e-006
24870	4.974	-0.223739	-0.0660458	-1.00372e-005
24875	4.975	-0.223739	-0.0660457	-1.011e-005
24880	4.976	-0.223739	-0.0660455	-1.00712e-005
24885	4.977	-0.223738	-0.0660453	-9.97219e-006
24890	4.978	-0.223738	-0.0660451	-9.87511e-006
24895	4.979	-0.223738	-0.0660449	-9.81383e-006
24900	4.98	-0.223738	-0.0660447	-9.7979e-006
24905	4.981	-0.223738	-0.0660446	-9.81386e-006
24910	4.982	-0.223738	-0.0660444	-9.8326e-006
24915	4.983	-0.223738	-0.0660444	-9.8326e-006
24920	4.984	-0.223738	-0.0660443	-9.8544e-006
24925	4.985	-0.223738	-0.0660443	-1.00403e-005
24930	4.986	-0.223737	-0.0660442	-1.01145e-005
24935	4.987	-0.223737	-0.066044	-1.00786e-005
24940	4.988	-0.223737	-0.0660438	-9.98442e-006
24945	4.989	-0.223737	-0.0660436	-9.88313e-006
24950	4.99	-0.223737	-0.0660434	-9.81489e-006
24955	4.991	-0.223737	-0.0660433	-9.79494e-006
24960	4.992	-0.223737	-0.0660431	-9.80747e-006
24965	4.993	-0.223737	-0.066043	-9.82548e-006
24970	4.994	-0.223737	-0.066043	-9.82548e-006
24975	4.995	-0.223737	-0.0660428	-9.84657e-006
24980	4.996	-0.223736	-0.0660428	-1.00319e-005
24985	4.997	-0.223736	-0.0660427	-1.01086e-005
24990	4.998	-0.223736	-0.0660425	-1.00777e-005
24995	4.999	-0.223736	-0.0660423	-9.9878e-006
25000	5	-0.223736	-0.0660421	-9.89409e-006
25005	5.001	0	0	0
25010	5.002	0	0	0
25015	5.003	0	0	0
25020	5.004	0	0	0
25025	5.005	0	0	0
25030	5.006	0	0	0
25035	5.007	0	0	0
25040	5.008	0	0	0
25045	5.009	0	0	0
