TimeSlice	Time	hip_L_flx_rec	hip_L_ext_rec	hip_L	hip_L_flx	hip_L_ext
0	0	1.5698	1.6105	0	0	0
5	0.001	1.56981	1.61051	0	0	0
10	0.002	1.56982	1.61666	3.56216e-017	1.32085	0
15	0.003	1.5698	1.6105	-0.000764329	15.2116	0
20	0.004	1.57275	1.6105	0.000289429	24.8508	0
25	0.005	1.58856	1.6105	0.00191211	35.5452	0
30	0.006	1.60564	1.6105	0.00367985	47.8625	0
35	0.007	1.62447	1.6105	0.00564797	60.1507	34.6702
40	0.008	1.64391	1.6105	0.00769893	72.1027	77.616
45	0.009	1.66281	1.6105	0.00971469	81.9586	118.55
50	0.01	1.6781	1.6105	0.0113817	89.7857	162.046
55	0.011	1.6926	1.6105	0.0129837	95.2914	204.043
60	0.012	1.70611	1.6105	0.0144997	99.381	242.793
65	0.013	1.71839	1.6105	0.0159049	100.197	276.818
70	0.014	1.72934	1.6105	0.017185	99.5943	305.991
75	0.015	1.73881	1.6105	0.0183249	98.5387	331.127
80	0.016	1.74669	1.6105	0.0193108	97.5358	355.46
85	0.017	1.75288	1.6105	0.0201308	96.8803	377.357
90	0.018	1.75731	1.6105	0.0207763	96.7371	395.868
95	0.019	1.75995	1.6105	0.0212409	97.1642	410.784
100	0.02	1.76071	1.6105	0.0215139	98.228	422.518
105	0.021	1.75963	1.6105	0.0215985	99.8872	432.056
110	0.022	1.75675	1.6105	0.0214936	102.124	438.873
115	0.023	1.75207	1.6105	0.0211997	104.906	445.89
120	0.024	1.74564	1.6105	0.0207198	108.184	451.427
125	0.025	1.73748	1.6105	0.0200557	111.916	455.241
130	0.026	1.72766	1.6105	0.0192099	116.062	456.073
135	0.027	1.71622	1.6105	0.0181861	120.592	454.769
140	0.028	1.7032	1.6105	0.01699	125.431	452.116
145	0.029	1.68875	1.6105	0.015629	130.535	447.898
150	0.03	1.67289	1.6105	0.0141113	135.843	442.698
155	0.031	1.65578	1.6105	0.0124472	141.292	435.799
160	0.032	1.63754	1.6105	0.0106488	146.812	427.946
165	0.033	1.61828	1.6105	0.00872805	152.347	418.607
170	0.034	1.59812	1.6105	0.00669725	157.83	408.424
175	0.035	1.57722	1.62357	0.00456945	163.222	397.103
180	0.036	1.5698	1.64178	0.0023582	168.436	388.441
185	0.037	1.5698	1.64872	7.75543e-005	173.445	390.633
190	0.038	1.5698	1.64831	-0.000827075	170.916	398.035
195	0.039	1.5698	1.64578	-0.000829126	163.85	406.022
200	0.04	1.5698	1.64399	-0.000563202	155.863	411.937
205	0.041	1.5698	1.64306	-0.000388567	148.82	416.263
210	0.042	1.5698	1.64306	-0.000318411	142.724	418.35
215	0.043	1.5698	1.64405	-0.000362714	137.558	418.923
220	0.044	1.5698	1.64605	-0.000528963	133.288	417.5
225	0.045	1.5698	1.64905	-0.000822147	129.862	414.681
230	0.046	1.5698	1.6531	-0.00124522	127.231	410.167
235	0.047	1.5698	1.65813	-0.00179934	125.356	404.374
240	0.048	1.5698	1.66417	-0.00248389	124.161	397.254
245	0.049	1.5698	1.67113	-0.00329662	123.603	388.977
250	0.05	1.5698	1.67897	-0.00423377	123.595	379.74
255	0.051	1.5698	1.68765	-0.00529029	124.078	369.463
260	0.052	1.5698	1.69354	-0.00646009	124.994	361.382
265	0.053	1.5698	1.69743	-0.00729269	124.036	354.277
270	0.054	1.5698	1.70084	-0.00788664	121.824	347.458
275	0.055	1.5698	1.70463	-0.00842069	119.409	339.842
280	0.056	1.5698	1.70905	-0.00901125	117.356	331.664
285	0.057	1.5698	1.71386	-0.00968298	115.797	322.921
290	0.058	1.5698	1.71873	-0.0104074	114.537	314.062
295	0.059	1.5698	1.72356	-0.0111487	113.37	305.134
300	0.06	1.5698	1.72836	-0.0118896	112.21	296.2
305	0.061	1.5698	1.73317	-0.0126311	111.075	287.245
310	0.062	1.5698	1.73808	-0.0133825	109.991	278.156
315	0.063	1.5698	1.74309	-0.0141515	109.01	269.111
320	0.064	1.5698	1.74819	-0.0149396	108.128	259.93
325	0.065	1.5698	1.75332	-0.0157443	107.336	250.85
330	0.066	1.5698	1.75849	-0.0165612	106.594	241.762
335	0.067	1.5698	1.76367	-0.0173875	105.898	232.803
340	0.068	1.5698	1.76885	-0.0182217	105.235	223.912
345	0.069	1.5698	1.77405	-0.0190637	104.601	215.133
350	0.07	1.5698	1.77925	-0.0199134	104.002	206.485
355	0.071	1.5698	1.78444	-0.0207703	103.434	197.953
360	0.072	1.5698	1.78963	-0.0216338	102.886	189.568
365	0.073	1.5698	1.79482	-0.022503	102.357	181.339
370	0.074	1.5698	1.79998	-0.0233772	101.858	173.248
375	0.075	1.5698	1.80511	-0.0242558	101.368	165.345
380	0.076	1.5698	1.81023	-0.0251383	100.886	157.58
385	0.077	1.5698	1.81532	-0.0260242	100.425	150.031
390	0.078	1.5698	1.82037	-0.026913	99.9746	142.607
395	0.079	1.5698	1.8254	-0.0278041	99.5306	135.406
400	0.08	1.5698	1.83037	-0.0286971	99.1011	128.358
405	0.081	1.5698	1.8353	-0.0295915	98.6727	121.505
410	0.082	1.5698	1.84019	-0.0304868	98.2432	114.82
415	0.083	1.5698	1.84504	-0.0313824	97.8305	108.295
420	0.084	1.5698	1.84982	-0.0322778	97.4197	101.989
425	0.085	1.5698	1.85454	-0.0331726	97.0021	95.7717
430	0.086	1.5698	1.85922	-0.0340663	96.5889	89.8129
435	0.087	1.5698	1.86382	-0.0349582	96.1853	83.9654
440	0.088	1.5698	1.86836	-0.035848	95.7644	78.3649
445	0.089	1.5698	1.87282	-0.0367351	95.3527	72.8861
450	0.09	1.5698	1.87721	-0.0376192	94.9271	67.5441
455	0.091	1.5698	1.88152	-0.0384996	94.5023	62.4134
460	0.092	1.5698	1.88577	-0.0393761	94.0681	57.3456
465	0.093	1.5698	1.88993	-0.0402482	93.6378	52.5389
470	0.094	1.5698	1.894	-0.0411156	93.2	47.8246
475	0.095	1.5698	1.89798	-0.0419773	92.7516	43.3039
480	0.096	1.5698	1.90187	-0.0428316	92.2899	38.9347
485	0.097	1.5698	1.90566	-0.0436796	91.8253	34.5742
490	0.098	1.5698	1.90938	-0.0445216	91.3469	30.5282
495	0.099	1.5698	1.91298	-0.0453564	90.8706	26.5249
500	0.1	1.5698	1.91645	-0.0461822	90.3682	22.7175
505	0.101	1.5698	1.91979	-0.0469971	89.8453	19.0738
510	0.102	1.5698	1.92302	-0.0478	89.2901	15.451
515	0.103	1.5698	1.92609	-0.04859	88.7193	12.1485
520	0.104	1.5698	1.92905	-0.0493672	88.1101	8.89207
525	0.105	1.5698	1.93187	-0.0501315	87.49	5.8082
530	0.106	1.5698	1.93455	-0.0508826	86.849	2.8802
535	0.107	1.5698	1.9371	-0.0516205	86.1753	0
540	0.108	1.5698	1.93952	-0.0523447	85.488	0
545	0.109	1.5698	1.94182	-0.0530546	84.783	0
550	0.11	1.5698	1.94394	-0.0537503	84.0708	0
555	0.111	1.5698	1.94595	-0.0544312	83.3175	0
560	0.112	1.5698	1.94782	-0.0550969	82.5606	0
565	0.113	1.5698	1.94954	-0.0557469	81.782	0
570	0.114	1.5698	1.95113	-0.0563808	80.9847	0
575	0.115	1.5698	1.95256	-0.0569987	80.1733	0
580	0.116	1.5698	1.95386	-0.0576003	79.3352	0
585	0.117	1.5698	1.95501	-0.0581857	78.4876	0
590	0.118	1.5698	1.95604	-0.0587546	77.6261	0
595	0.119	1.5698	1.95692	-0.0593071	76.7566	0
600	0.12	1.5698	1.95766	-0.059843	75.8649	0
605	0.121	1.5698	1.95826	-0.0603621	74.9689	0
610	0.122	1.5698	1.95873	-0.0608644	74.054	0
615	0.123	1.5698	1.95906	-0.0613497	73.1331	0
620	0.124	1.5698	1.95926	-0.0618178	72.1975	0
625	0.125	1.5698	1.95932	-0.0622686	71.2586	0
630	0.126	1.5698	1.95924	-0.062702	70.3066	0
635	0.127	1.5698	1.95902	-0.0631179	69.3405	0
640	0.128	1.5698	1.95868	-0.0635162	68.3615	0
645	0.129	1.5698	1.95821	-0.0638967	67.3839	0
650	0.13	1.5698	1.9576	-0.0642595	66.3971	0
655	0.131	1.5698	1.95685	-0.0646044	65.399	0
660	0.132	1.5698	1.95599	-0.0649314	64.3877	0
665	0.133	1.5698	1.95498	-0.0652404	63.383	0
670	0.134	1.5698	1.95387	-0.0655315	62.356	0
675	0.135	1.5698	1.95262	-0.065805	61.3368	0
680	0.136	1.5698	1.95124	-0.0660608	60.3066	0
685	0.137	1.5698	1.94976	-0.0662991	59.271	0
690	0.138	1.5698	1.94813	-0.0665199	58.2406	0
695	0.139	1.5698	1.9464	-0.066723	57.1885	0
700	0.14	1.5698	1.94457	-0.0669086	56.1427	0
705	0.141	1.5698	1.9426	-0.0670765	55.1044	0
710	0.142	1.5698	1.94052	-0.0672268	54.0484	0
715	0.143	1.5698	1.93833	-0.0673595	52.9948	0
720	0.144	1.5698	1.93602	-0.0674745	51.9394	0
725	0.145	1.5698	1.93361	-0.0675719	50.8736	0
730	0.146	1.5698	1.93108	-0.0676517	49.818	0
735	0.147	1.5698	1.92845	-0.067714	48.7527	0
740	0.148	1.5698	1.9257	-0.0677587	47.6829	0
745	0.149	1.5698	1.92285	-0.0677857	46.6079	0
750	0.15	1.5698	1.9199	-0.0677952	45.5382	0
755	0.151	1.5698	1.91685	-0.0677873	44.4638	0
760	0.152	1.5698	1.9138	-0.0677648	43.3969	0
765	0.153	1.5698	1.91076	-0.0677356	42.3849	0
770	0.154	1.5698	1.90777	-0.0677055	41.4391	0
775	0.155	1.5698	1.90482	-0.0676763	40.5786	0
780	0.156	1.5698	1.90192	-0.0676481	39.7872	0
785	0.157	1.5698	1.89903	-0.0676206	39.0657	0
790	0.158	1.5698	1.89615	-0.0675917	38.3869	0
795	0.159	1.5698	1.89333	-0.0675619	37.7474	0
800	0.16	1.5698	1.89053	-0.0675324	37.1712	0
805	0.161	1.5698	1.88776	-0.0675032	36.6353	0
810	0.162	1.5698	1.88503	-0.0674743	36.1395	0
815	0.163	1.5698	1.88232	-0.0674458	35.6832	0
820	0.164	1.5698	1.87965	-0.0674179	35.2576	0
825	0.165	1.5698	1.87704	-0.0673907	34.8641	0
830	0.166	1.5698	1.87445	-0.0673648	34.5256	0
835	0.167	1.5698	1.87192	-0.0673406	34.1971	0
840	0.168	1.5698	1.86942	-0.0673182	33.9194	0
845	0.169	1.5698	1.86696	-0.0672979	33.6611	0
850	0.17	1.5698	1.86456	-0.0672795	33.4311	0
855	0.171	1.5698	1.86218	-0.0672633	33.2328	0
860	0.172	1.5698	1.85987	-0.0672493	33.0477	0
865	0.173	1.5698	1.85759	-0.0672375	32.8994	0
870	0.174	1.5698	1.85535	-0.0672279	32.7604	0
875	0.175	1.5698	1.85315	-0.0672206	32.6433	0
880	0.176	1.5698	1.851	-0.0672157	32.5454	0
885	0.177	1.5698	1.84889	-0.067213	32.4663	0
890	0.178	1.5698	1.84683	-0.0672127	32.4035	0
895	0.179	1.5698	1.84479	-0.0672147	32.3597	0
900	0.18	1.5698	1.84281	-0.0672189	32.3145	0
905	0.181	1.5698	1.84085	-0.0672254	32.2982	0
910	0.182	1.5698	1.83894	-0.0672341	32.2795	0
915	0.183	1.5698	1.83698	-0.0672451	32.2747	0
920	0.184	1.5698	1.83499	-0.0672474	32.2289	0
925	0.185	1.5698	1.83296	-0.0672411	32.1475	0
930	0.186	1.5698	1.83095	-0.0672291	32.0314	0
935	0.187	1.5698	1.82896	-0.0672152	31.9238	0
940	0.188	1.5698	1.82701	-0.0672021	31.8232	0
945	0.189	1.5698	1.82509	-0.0671912	31.7421	0
950	0.19	1.5698	1.82321	-0.0671824	31.6669	0
955	0.191	1.5698	1.82136	-0.067175	31.6074	0
960	0.192	1.5698	1.81952	-0.0671683	31.5644	0
965	0.193	1.5698	1.8177	-0.0671615	31.5093	0
970	0.194	1.5698	1.81591	-0.0671544	31.458	0
975	0.195	1.5698	1.81414	-0.067147	31.4218	0
980	0.196	1.5698	1.81237	-0.0671393	31.3777	0
985	0.197	1.5698	1.81063	-0.0671317	31.3329	0
990	0.198	1.5698	1.8089	-0.0671243	31.2896	0
995	0.199	1.5698	1.8072	-0.067117	31.2503	0
1000	0.2	1.5698	1.80553	-0.06711	31.2139	0
1005	0.201	1.5698	1.80386	-0.0671032	31.1896	0
1010	0.202	1.5698	1.80223	-0.0670965	31.1539	0
1015	0.203	1.5698	1.8006	-0.0670899	31.133	0
1020	0.204	1.5698	1.79901	-0.0670833	31.1015	0
1025	0.205	1.5698	1.79741	-0.0670769	31.0827	0
1030	0.206	1.5698	1.79585	-0.0670706	31.0513	0
1035	0.207	1.5698	1.79429	-0.0670643	31.0354	0
1040	0.208	1.5698	1.79276	-0.0670582	31.0058	0
1045	0.209	1.5698	1.79126	-0.0670521	30.9907	0
1050	0.21	1.5698	1.78977	-0.0670462	30.9778	0
1055	0.211	1.5698	1.78827	-0.0670404	30.9623	0
1060	0.212	1.5698	1.78681	-0.0670346	30.9349	0
1065	0.213	1.5698	1.78537	-0.067029	30.9239	0
1070	0.214	1.5698	1.78394	-0.0670234	30.9101	0
1075	0.215	1.5698	1.78253	-0.067018	30.8966	0
1080	0.216	1.5698	1.78114	-0.0670126	30.8863	0
1085	0.217	1.5698	1.77976	-0.0670073	30.8741	0
1090	0.218	1.5698	1.77839	-0.0670021	30.8632	0
1095	0.219	1.5698	1.77704	-0.066997	30.8515	0
1100	0.22	1.5698	1.77571	-0.0669919	30.8391	0
1105	0.221	1.5698	1.77438	-0.066987	30.8307	0
1110	0.222	1.5698	1.77308	-0.0669821	30.8177	0
1115	0.223	1.5698	1.77179	-0.0669773	30.8098	0
1120	0.224	1.5698	1.77053	-0.0669726	30.7981	0
1125	0.225	1.5698	1.76927	-0.0669679	30.8028	0
1130	0.226	1.5698	1.76801	-0.0669634	30.7896	0
1135	0.227	1.5698	1.76678	-0.0669589	30.7788	0
1140	0.228	1.5698	1.76558	-0.0669545	30.7701	0
1145	0.229	1.5698	1.76437	-0.0669501	30.772	0
1150	0.23	1.5698	1.76319	-0.0669458	30.7628	0
1155	0.231	1.5698	1.76201	-0.0669416	30.7643	0
1160	0.232	1.5698	1.76084	-0.0669375	30.7548	0
1165	0.233	1.5698	1.75971	-0.0669334	30.7427	0
1170	0.234	1.5698	1.75856	-0.0669294	30.7471	0
1175	0.235	1.5698	1.75745	-0.0669254	30.7348	0
1180	0.236	1.5698	1.75633	-0.0669215	30.739	0
1185	0.237	1.5698	1.75524	-0.0669177	30.7264	0
1190	0.238	1.5698	1.75415	-0.0669139	30.7295	0
1195	0.239	1.5698	1.75308	-0.0669102	30.7206	0
1200	0.24	1.5698	1.75203	-0.0669066	30.7206	0
1205	0.241	1.5698	1.75097	-0.066903	30.7239	0
1210	0.242	1.5698	1.74994	-0.0668995	30.7106	0
1215	0.243	1.5698	1.74892	-0.066896	30.7131	0
1220	0.244	1.5698	1.7479	-0.0668926	30.7131	0
1225	0.245	1.5698	1.74691	-0.0668892	30.7024	0
1230	0.246	1.5698	1.74592	-0.0668859	30.7055	0
1235	0.247	1.5698	1.74495	-0.0668826	30.7051	0
1240	0.248	1.5698	1.74396	-0.0668794	30.7064	0
1245	0.249	1.5698	1.74301	-0.0668763	30.6922	0
1250	0.25	1.5698	1.74208	-0.0668732	30.6948	0
1255	0.251	1.5698	1.74114	-0.0668701	30.6969	0
1260	0.252	1.5698	1.74022	-0.0668671	30.6948	0
1265	0.253	1.5698	1.73931	-0.0668641	30.6964	0
1270	0.254	1.5698	1.73839	-0.0668612	30.6948	0
1275	0.255	1.5698	1.7375	-0.0668583	30.6818	0
1280	0.256	1.5698	1.73662	-0.0668555	30.6836	0
1285	0.257	1.5698	1.73575	-0.0668527	30.6823	0
1290	0.258	1.5698	1.73489	-0.06685	30.6826	0
1295	0.259	1.5698	1.73404	-0.0668473	30.6837	0
1300	0.26	1.5698	1.7332	-0.0668446	30.6817	0
1305	0.261	1.5698	1.73236	-0.066842	30.6824	0
1310	0.262	1.5698	1.73154	-0.0668394	30.6819	0
1315	0.263	1.5698	1.73073	-0.0668369	30.6784	0
1320	0.264	1.5698	1.72992	-0.0668344	30.6797	0
1325	0.265	1.5698	1.72912	-0.0668319	30.6788	0
1330	0.266	1.5698	1.72833	-0.0668295	30.675	0
1335	0.267	1.5698	1.72757	-0.0668271	30.675	0
1340	0.268	1.5698	1.7268	-0.0668247	30.6871	0
1345	0.269	1.5698	1.72604	-0.0668224	30.683	0
1350	0.27	1.5698	1.72528	-0.0668201	30.681	0
1355	0.271	1.5698	1.72454	-0.0668179	30.6789	0
1360	0.272	1.5698	1.7238	-0.0668157	30.6759	0
1365	0.273	1.5698	1.72307	-0.0668135	30.6749	0
1370	0.274	1.5698	1.72237	-0.0668114	30.6728	0
1375	0.275	1.5698	1.72165	-0.0668093	30.6811	0
1380	0.276	1.5698	1.72095	-0.0668072	30.6783	0
1385	0.277	1.5698	1.72025	-0.0668051	30.6765	0
1390	0.278	1.5698	1.71956	-0.0668031	30.6747	0
1395	0.279	1.5698	1.7189	-0.0668011	30.6691	0
1400	0.28	1.5698	1.71822	-0.0667991	30.6798	0
1405	0.281	1.5698	1.71756	-0.0667972	30.6764	0
1410	0.282	1.5698	1.71689	-0.0667953	30.675	0
1415	0.283	1.5698	1.71626	-0.0667934	30.6699	0
1420	0.284	1.5698	1.71561	-0.0667916	30.68	0
1425	0.285	1.5698	1.71497	-0.0667898	30.6761	0
1430	0.286	1.5698	1.71436	-0.066788	30.6724	0
1435	0.287	1.5698	1.71373	-0.0667862	30.6792	0
1440	0.288	1.5698	1.71312	-0.0667845	30.676	0
1445	0.289	1.5698	1.71252	-0.0667828	30.6719	0
1450	0.29	1.5698	1.71192	-0.0667811	30.6813	0
1455	0.291	1.5698	1.71132	-0.0667794	30.6747	0
1460	0.292	1.5698	1.71075	-0.0667778	30.6714	0
1465	0.293	1.5698	1.71016	-0.0667761	30.6805	0
1470	0.294	1.5698	1.7096	-0.0667746	30.6766	0
1475	0.295	1.5698	1.70903	-0.066773	30.6813	0
1480	0.296	1.5698	1.70846	-0.0667714	30.6771	0
1485	0.297	1.5698	1.70792	-0.0667699	30.6722	0
1490	0.298	1.5698	1.70737	-0.0667684	30.6808	0
1495	0.299	1.5698	1.70683	-0.0667669	30.6764	0
1500	0.3	1.5698	1.70629	-0.0667654	30.6817	0
1505	0.301	1.5698	1.70578	-0.066764	30.677	0
1510	0.302	1.5698	1.70524	-0.0667626	30.6849	0
1515	0.303	1.5698	1.70472	-0.0667612	30.6789	0
1520	0.304	1.5698	1.70422	-0.0667598	30.6724	0
1525	0.305	1.5698	1.7037	-0.0667584	30.6804	0
1530	0.306	1.5698	1.70322	-0.0667571	30.6746	0
1535	0.307	1.5698	1.70271	-0.0667558	30.6823	0
1540	0.308	1.5698	1.70224	-0.0667545	30.6771	0
1545	0.309	1.5698	1.70174	-0.0667532	30.6844	0
1550	0.31	1.5698	1.70127	-0.0667519	30.6752	0
1555	0.311	1.5698	1.70079	-0.0667507	30.6826	0
1560	0.312	1.5698	1.70034	-0.0667494	30.6771	0
1565	0.313	1.5698	1.69989	-0.0667482	30.6842	0
1570	0.314	1.5698	1.69942	-0.066747	30.6907	0
1575	0.315	1.5698	1.69897	-0.0667458	30.6806	0
1580	0.316	1.5698	1.69852	-0.0667447	30.6873	0
1585	0.317	1.5698	1.69809	-0.0667435	30.6812	0
1590	0.318	1.5698	1.69764	-0.0667424	30.6877	0
1595	0.319	1.5698	1.69722	-0.0667413	30.6805	0
1600	0.32	1.5698	1.69678	-0.0667401	30.6869	0
1605	0.321	1.5698	1.69637	-0.0667391	30.6778	0
1610	0.322	1.5698	1.69596	-0.066738	30.6844	0
1615	0.323	1.5698	1.69554	-0.0667369	30.6904	0
1620	0.324	1.5698	1.69514	-0.0667359	30.6827	0
1625	0.325	1.5698	1.69473	-0.0667348	30.6887	0
1630	0.326	1.5698	1.69433	-0.0667338	30.682	0
1635	0.327	1.5698	1.69395	-0.0667328	30.6852	0
1640	0.328	1.5698	1.69355	-0.0667318	30.6909	0
1645	0.329	1.5698	1.69317	-0.0667308	30.6848	0
1650	0.33	1.5698	1.6928	-0.0667299	30.6905	0
1655	0.331	1.5698	1.69241	-0.0667289	30.6956	0
1660	0.332	1.5698	1.69205	-0.066728	30.6872	0
1665	0.333	1.5698	1.69166	-0.066727	30.6925	0
1670	0.334	1.5698	1.69131	-0.0667261	30.6814	0
1675	0.335	1.5698	1.69095	-0.0667252	30.6871	0
1680	0.336	1.5698	1.69059	-0.0667243	30.6924	0
1685	0.337	1.5698	1.69024	-0.0667234	30.6849	0
1690	0.338	1.5698	1.6899	-0.0667225	30.6902	0
1695	0.339	1.5698	1.68955	-0.0667217	30.6951	0
1700	0.34	1.5698	1.68922	-0.0667208	30.6873	0
1705	0.341	1.5698	1.68888	-0.06672	30.6924	0
1710	0.342	1.5698	1.68854	-0.0667192	30.6941	0
1715	0.343	1.5698	1.68821	-0.0667183	30.6854	0
1720	0.344	1.5698	1.6879	-0.0667175	30.6905	0
1725	0.345	1.5698	1.68758	-0.0667167	30.6951	0
1730	0.346	1.5698	1.68725	-0.066716	30.6994	0
1735	0.347	1.5698	1.68694	-0.0667152	30.6901	0
1740	0.348	1.5698	1.68664	-0.0667144	30.6947	0
1745	0.349	1.5698	1.68632	-0.0667137	30.6989	0
1750	0.35	1.5698	1.68602	-0.0667129	30.6877	0
1755	0.351	1.5698	1.68573	-0.0667122	30.6924	0
1760	0.352	1.5698	1.68543	-0.0667114	30.6967	0
1765	0.353	1.5698	1.68513	-0.0667107	30.7006	0
1770	0.354	1.5698	1.68485	-0.06671	30.6929	0
1775	0.355	1.5698	1.68457	-0.0667093	30.6971	0
1780	0.356	1.5698	1.68427	-0.0667086	30.7009	0
1785	0.357	1.5698	1.68399	-0.0667079	30.6912	0
1790	0.358	1.5698	1.68372	-0.0667072	30.6954	0
1795	0.359	1.5698	1.68345	-0.0667065	30.6965	0
1800	0.36	1.5698	1.68316	-0.0667059	30.7003	0
1805	0.361	1.5698	1.6829	-0.0667052	30.6905	0
1810	0.362	1.5698	1.68264	-0.0667046	30.6947	0
1815	0.363	1.5698	1.68238	-0.0667039	30.6985	0
1820	0.364	1.5698	1.68211	-0.0667033	30.702	0
1825	0.365	1.5698	1.68186	-0.0667026	30.693	0
1830	0.366	1.5698	1.68161	-0.066702	30.6969	0
1835	0.367	1.5698	1.68137	-0.0667014	30.7005	0
1840	0.368	1.5698	1.6811	-0.0667008	30.7037	0
1845	0.369	1.5698	1.68086	-0.0667008	30.6917	0
1850	0.37	1.5698	1.68062	-0.0667002	30.6956	0
1855	0.371	1.5698	1.68039	-0.0667001	30.6992	0
1860	0.372	1.5698	1.68016	-0.0666998	30.7025	0
1865	0.373	1.5698	1.67993	-0.0666992	30.7055	0
1870	0.374	1.5698	1.6797	-0.0666985	30.7082	0
1875	0.375	1.5698	1.67946	-0.0666977	30.7107	0
1880	0.376	1.5698	1.67923	-0.066697	30.6999	0
1885	0.377	1.5698	1.67902	-0.0666964	30.703	0
1890	0.378	1.5698	1.6788	-0.0666958	30.7059	0
1895	0.379	1.5698	1.67856	-0.0666953	30.7085	0
1900	0.38	1.5698	1.67835	-0.0666948	30.6977	0
1905	0.381	1.5698	1.67814	-0.0666943	30.701	0
1910	0.382	1.5698	1.67793	-0.0666938	30.7021	0
1915	0.383	1.5698	1.67773	-0.0666933	30.7049	0
1920	0.384	1.5698	1.67752	-0.0666933	30.7075	0
1925	0.385	1.5698	1.67732	-0.0666927	30.7099	0
1930	0.386	1.5698	1.67711	-0.0666927	30.7121	0
1935	0.387	1.5698	1.67691	-0.0666924	30.701	0
1940	0.388	1.5698	1.67672	-0.0666919	30.7039	0
1945	0.389	1.5698	1.67652	-0.0666912	30.7065	0
1950	0.39	1.5698	1.67633	-0.0666906	30.7089	0
1955	0.391	1.5698	1.67613	-0.06669	30.7111	0
1960	0.392	1.5698	1.67594	-0.0666894	30.7009	0
1965	0.393	1.5698	1.67576	-0.0666889	30.7037	0
1970	0.394	1.5698	1.67558	-0.0666885	30.7063	0
1975	0.395	1.5698	1.6754	-0.066688	30.7086	0
1980	0.396	1.5698	1.6752	-0.0666876	30.7108	0
1985	0.397	1.5698	1.67502	-0.0666872	30.6977	0
1990	0.398	1.5698	1.67485	-0.0666872	30.7007	0
1995	0.399	1.5698	1.67468	-0.0666867	30.7035	0
2000	0.4	1.5698	1.67451	-0.0666866	30.706	0
2005	0.401	1.5698	1.67434	-0.0666864	30.7083	0
2010	0.402	1.5698	1.67418	-0.0666859	30.7104	0
2015	0.403	1.5698	1.674	-0.0666853	30.7123	0
2020	0.404	1.5698	1.67383	-0.0666848	30.7018	0
2025	0.405	1.5698	1.67367	-0.0666842	30.7044	0
2030	0.406	1.5698	1.67352	-0.0666837	30.7068	0
2035	0.407	1.5698	1.67336	-0.0666833	30.7089	0
2040	0.408	1.5698	1.67321	-0.0666829	30.7109	0
2045	0.409	1.5698	1.67303	-0.0666825	30.7127	0
2050	0.41	1.5698	1.67288	-0.0666821	30.7012	0
2055	0.411	1.5698	1.67273	-0.0666821	30.7038	0
2060	0.412	1.5698	1.67258	-0.0666817	30.7061	0
2065	0.413	1.5698	1.67244	-0.0666817	30.7083	0
2070	0.414	1.5698	1.67229	-0.0666814	30.7102	0
2075	0.415	1.5698	1.67215	-0.066681	30.7092	0
2080	0.416	1.5698	1.672	-0.0666805	30.7111	0
2085	0.417	1.5698	1.67184	-0.06668	30.7128	0
2090	0.418	1.5698	1.67171	-0.0666795	30.7021	0
2095	0.419	1.5698	1.67157	-0.0666791	30.7045	0
2100	0.42	1.5698	1.67144	-0.0666787	30.7067	0
2105	0.421	1.5698	1.6713	-0.0666783	30.7087	0
2110	0.422	1.5698	1.67117	-0.066678	30.7106	0
2115	0.423	1.5698	1.67104	-0.0666776	30.7123	0
2120	0.424	1.5698	1.67089	-0.0666772	30.7138	0
2125	0.425	1.5698	1.67076	-0.0666772	30.7021	0
2130	0.426	1.5698	1.67064	-0.0666769	30.7044	0
2135	0.427	1.5698	1.67051	-0.0666768	30.7065	0
2140	0.428	1.5698	1.67039	-0.0666766	30.7085	0
2145	0.429	1.5698	1.67027	-0.0666762	30.7103	0
2150	0.43	1.5698	1.67014	-0.0666758	30.7119	0
2155	0.431	1.5698	1.67003	-0.0666753	30.7134	0
2160	0.432	1.5698	1.66991	-0.0666749	30.7148	0
2165	0.433	1.5698	1.66977	-0.0666745	30.7161	0
2170	0.434	1.5698	1.66966	-0.0666741	30.705	0
2175	0.435	1.5698	1.66954	-0.0666738	30.707	0
2180	0.436	1.5698	1.66942	-0.0666735	30.706	0
2185	0.437	1.5698	1.66931	-0.0666731	30.708	0
2190	0.438	1.5698	1.6692	-0.0666731	30.7097	0
2195	0.439	1.5698	1.66909	-0.0666728	30.7113	0
2200	0.44	1.5698	1.66899	-0.0666728	30.7128	0
2205	0.441	1.5698	1.66888	-0.0666726	30.7142	0
2210	0.442	1.5698	1.66877	-0.0666722	30.7154	0
2215	0.443	1.5698	1.66865	-0.0666718	30.7165	0
2220	0.444	1.5698	1.66855	-0.0666714	30.7044	0
2225	0.445	1.5698	1.66844	-0.066671	30.7064	0
2230	0.446	1.5698	1.66834	-0.0666706	30.7082	0
2235	0.447	1.5698	1.66824	-0.0666703	30.7099	0
2240	0.448	1.5698	1.66815	-0.06667	30.7114	0
2245	0.449	1.5698	1.66805	-0.0666697	30.7128	0
2250	0.45	1.5698	1.66795	-0.0666697	30.7141	0
2255	0.451	1.5698	1.66786	-0.0666694	30.7153	0
2260	0.452	1.5698	1.66774	-0.0666694	30.7163	0
2265	0.453	1.5698	1.66765	-0.0666692	30.7051	0
2270	0.454	1.5698	1.66756	-0.0666689	30.707	0
2275	0.455	1.5698	1.66747	-0.0666685	30.7087	0
2280	0.456	1.5698	1.66738	-0.0666681	30.7102	0
2285	0.457	1.5698	1.66729	-0.0666677	30.7117	0
2290	0.458	1.5698	1.6672	-0.0666674	30.713	0
2295	0.459	1.5698	1.66711	-0.0666671	30.7142	0
2300	0.46	1.5698	1.66701	-0.0666668	30.7153	0
2305	0.461	1.5698	1.66692	-0.0666665	30.7031	0
2310	0.462	1.5698	1.66684	-0.0666665	30.7051	0
2315	0.463	1.5698	1.66675	-0.0666662	30.7069	0
2320	0.464	1.5698	1.66667	-0.0666662	30.7066	0
2325	0.465	1.5698	1.66659	-0.066666	30.7083	0
2330	0.466	1.5698	1.66651	-0.0666657	30.7098	0
2335	0.467	1.5698	1.66643	-0.0666654	30.7112	0
2340	0.468	1.5698	1.66635	-0.066665	30.7125	0
2345	0.469	1.5698	1.66627	-0.0666647	30.7137	0
2350	0.47	1.5698	1.6662	-0.0666644	30.7147	0
2355	0.471	1.5698	1.6661	-0.0666641	30.7157	0
2360	0.472	1.5698	1.66603	-0.0666638	30.7044	0
2365	0.473	1.5698	1.66595	-0.0666638	30.7062	0
2370	0.474	1.5698	1.66588	-0.0666636	30.7078	0
2375	0.475	1.5698	1.66581	-0.0666635	30.7093	0
2380	0.476	1.5698	1.66573	-0.0666634	30.7107	0
2385	0.477	1.5698	1.66566	-0.0666631	30.7119	0
2390	0.478	1.5698	1.66559	-0.0666628	30.7131	0
2395	0.479	1.5698	1.66552	-0.0666624	30.7141	0
2400	0.48	1.5698	1.66545	-0.0666621	30.7151	0
2405	0.481	1.5698	1.66539	-0.0666618	30.716	0
2410	0.482	1.5698	1.6653	-0.0666615	30.7168	0
2415	0.483	1.5698	1.66523	-0.0666613	30.7044	0
2420	0.484	1.5698	1.66517	-0.0666613	30.7061	0
2425	0.485	1.5698	1.6651	-0.066661	30.7077	0
2430	0.486	1.5698	1.66504	-0.066661	30.7091	0
2435	0.487	1.5698	1.66498	-0.0666609	30.7104	0
2440	0.488	1.5698	1.66491	-0.0666606	30.7116	0
2445	0.489	1.5698	1.66485	-0.0666603	30.7127	0
2450	0.49	1.5698	1.66479	-0.0666599	30.7138	0
2455	0.491	1.5698	1.66473	-0.0666596	30.7147	0
2460	0.492	1.5698	1.66467	-0.0666593	30.7155	0
2465	0.493	1.5698	1.66461	-0.0666591	30.7163	0
2470	0.494	1.5698	1.66453	-0.0666589	30.717	0
2475	0.495	1.5698	1.66447	-0.0666589	30.7055	0
2480	0.496	1.5698	1.66442	-0.0666586	30.707	0
2485	0.497	1.5698	1.66436	-0.0666586	30.7085	0
2490	0.498	1.5698	1.6643	-0.0666585	30.7098	0
2495	0.499	1.5698	1.66425	-0.0666582	30.711	0
2500	0.5	1.5698	1.66419	-0.0666579	30.7121	0
2505	0.501	1.5698	1.66414	-0.0666576	30.7131	0
2510	0.502	1.5698	1.66408	-0.0666573	30.7112	0
2515	0.503	1.5698	1.66403	-0.066657	30.7123	0
2520	0.504	1.5698	1.66398	-0.0666568	30.7132	0
2525	0.505	1.5698	1.66393	-0.0666566	30.7141	0
2530	0.506	1.5698	1.66387	-0.0666566	30.715	0
2535	0.507	1.5698	1.66382	-0.0666563	30.7157	0
2540	0.508	1.5698	1.66376	-0.0666563	30.7164	0
2545	0.509	1.5698	1.66371	-0.0666562	30.7048	0
2550	0.51	1.5698	1.66366	-0.0666559	30.7064	0
2555	0.511	1.5698	1.66361	-0.0666556	30.7078	0
2560	0.512	1.5698	1.66356	-0.0666553	30.7091	0
2565	0.513	1.5698	1.66351	-0.0666551	30.7103	0
2570	0.514	1.5698	1.66347	-0.0666548	30.7113	0
2575	0.515	1.5698	1.66342	-0.0666546	30.7123	0
2580	0.516	1.5698	1.66338	-0.0666544	30.7133	0
2585	0.517	1.5698	1.66333	-0.0666544	30.7141	0
2590	0.518	1.5698	1.66329	-0.0666541	30.7149	0
2595	0.519	1.5698	1.66324	-0.0666541	30.7156	0
2600	0.52	1.5698	1.6632	-0.066654	30.7162	0
2605	0.521	1.5698	1.66314	-0.0666538	30.7168	0
2610	0.522	1.5698	1.66309	-0.0666535	30.7042	0
2615	0.523	1.5698	1.66305	-0.0666532	30.7057	0
2620	0.524	1.5698	1.66301	-0.0666529	30.7071	0
2625	0.525	1.5698	1.66297	-0.0666527	30.7084	0
2630	0.526	1.5698	1.66293	-0.0666524	30.7095	0
2635	0.527	1.5698	1.66289	-0.0666522	30.7106	0
2640	0.528	1.5698	1.66285	-0.0666522	30.7116	0
2645	0.529	1.5698	1.66281	-0.066652	30.7125	0
2650	0.53	1.5698	1.66277	-0.066652	30.7133	0
2655	0.531	1.5698	1.66273	-0.0666519	30.7141	0
2660	0.532	1.5698	1.66269	-0.0666517	30.7148	0
2665	0.533	1.5698	1.66266	-0.0666514	30.7154	0
2670	0.534	1.5698	1.6626	-0.0666511	30.716	0
2675	0.535	1.5698	1.66256	-0.0666508	30.7043	0
2680	0.536	1.5698	1.66253	-0.0666506	30.7058	0
2685	0.537	1.5698	1.66249	-0.0666504	30.7071	0
2690	0.538	1.5698	1.66246	-0.0666502	30.7083	0
2695	0.539	1.5698	1.66242	-0.0666502	30.7095	0
2700	0.54	1.5698	1.66239	-0.06665	30.7105	0
2705	0.541	1.5698	1.66235	-0.06665	30.7114	0
2710	0.542	1.5698	1.66232	-0.0666499	30.7123	0
2715	0.543	1.5698	1.66228	-0.0666496	30.7131	0
2720	0.544	1.5698	1.66225	-0.0666494	30.7138	0
2725	0.545	1.5698	1.66222	-0.0666491	30.7144	0
2730	0.546	1.5698	1.66219	-0.0666488	30.7151	0
2735	0.547	1.5698	1.66213	-0.0666486	30.7156	0
2740	0.548	1.5698	1.6621	-0.0666484	30.702	0
2745	0.549	1.5698	1.66207	-0.0666482	30.7036	0
2750	0.55	1.5698	1.66204	-0.0666482	30.705	0
2755	0.551	1.5698	1.66201	-0.066648	30.7063	0
2760	0.552	1.5698	1.66198	-0.066648	30.7076	0
2765	0.553	1.5698	1.66195	-0.0666479	30.7087	0
2770	0.554	1.5698	1.66192	-0.0666477	30.7097	0
2775	0.555	1.5698	1.66189	-0.0666474	30.7106	0
2780	0.556	1.5698	1.66186	-0.0666472	30.7115	0
2785	0.557	1.5698	1.66183	-0.0666469	30.7123	0
2790	0.558	1.5698	1.6618	-0.0666467	30.713	0
2795	0.559	1.5698	1.66177	-0.0666465	30.7118	0
2800	0.56	1.5698	1.66175	-0.0666463	30.7125	0
2805	0.561	1.5698	1.66172	-0.0666463	30.7132	0
2810	0.562	1.5698	1.66169	-0.0666461	30.7138	0
2815	0.563	1.5698	1.66167	-0.0666461	30.7144	0
2820	0.564	1.5698	1.66162	-0.066646	30.7149	0
2825	0.565	1.5698	1.66159	-0.0666458	30.7032	0
2830	0.566	1.5698	1.66157	-0.0666455	30.7046	0
2835	0.567	1.5698	1.66154	-0.0666453	30.7059	0
2840	0.568	1.5698	1.66152	-0.066645	30.7071	0
2845	0.569	1.5698	1.66149	-0.0666448	30.7081	0
2850	0.57	1.5698	1.66147	-0.0666446	30.7091	0
2855	0.571	1.5698	1.66145	-0.0666444	30.71	0
2860	0.572	1.5698	1.66142	-0.0666444	30.7109	0
2865	0.573	1.5698	1.6614	-0.0666443	30.7116	0
2870	0.574	1.5698	1.66137	-0.0666442	30.7123	0
2875	0.575	1.5698	1.66135	-0.0666441	30.713	0
2880	0.576	1.5698	1.66133	-0.0666439	30.7136	0
2885	0.577	1.5698	1.66131	-0.0666437	30.7141	0
2890	0.578	1.5698	1.66126	-0.0666434	30.7146	0
2895	0.579	1.5698	1.66124	-0.0666432	30.7019	0
2900	0.58	1.5698	1.66122	-0.066643	30.7033	0
2905	0.581	1.5698	1.6612	-0.0666428	30.7047	0
2910	0.582	1.5698	1.66118	-0.0666426	30.7059	0
2915	0.583	1.5698	1.66116	-0.0666426	30.707	0
2920	0.584	1.5698	1.66113	-0.0666424	30.708	0
2925	0.585	1.5698	1.66111	-0.0666424	30.7089	0
2930	0.586	1.5698	1.66109	-0.0666423	30.7098	0
2935	0.587	1.5698	1.66107	-0.0666421	30.7106	0
2940	0.588	1.5698	1.66105	-0.0666419	30.7113	0
2945	0.589	1.5698	1.66103	-0.0666416	30.712	0
2950	0.59	1.5698	1.66101	-0.0666414	30.7126	0
2955	0.591	1.5698	1.661	-0.0666412	30.7131	0
2960	0.592	1.5698	1.66098	-0.066641	30.7136	0
2965	0.593	1.5698	1.66096	-0.0666408	30.7141	0
2970	0.594	1.5698	1.66094	-0.0666408	30.7145	0
2975	0.595	1.5698	1.66092	-0.0666407	30.7149	0
2980	0.596	1.5698	1.66088	-0.0666406	30.7153	0
2985	0.597	1.5698	1.66087	-0.0666405	30.7034	0
2990	0.598	1.5698	1.66085	-0.0666403	30.7046	0
2995	0.599	1.5698	1.66083	-0.0666401	30.7058	0
3000	0.6	1.5698	1.66081	-0.0666399	30.7069	0
3005	0.601	1.5698	1.6608	-0.0666396	30.7078	0
3010	0.602	1.5698	1.66078	-0.0666394	30.7087	0
3015	0.603	1.5698	1.66076	-0.0666393	30.7095	0
3020	0.604	1.5698	1.66075	-0.0666391	30.7103	0
3025	0.605	1.5698	1.66073	-0.0666391	30.711	0
3030	0.606	1.5698	1.66071	-0.0666389	30.7116	0
3035	0.607	1.5698	1.6607	-0.0666389	30.7122	0
3040	0.608	1.5698	1.66068	-0.0666388	30.7127	0
3045	0.609	1.5698	1.66067	-0.0666386	30.7132	0
3050	0.61	1.5698	1.66065	-0.0666384	30.7136	0
3055	0.611	1.5698	1.66062	-0.0666381	30.714	0
3060	0.612	1.5698	1.6606	-0.0666379	30.7012	0
3065	0.613	1.5698	1.66059	-0.0666377	30.7026	0
3070	0.614	1.5698	1.66057	-0.0666375	30.7039	0
3075	0.615	1.5698	1.66056	-0.0666374	30.705	0
3080	0.616	1.5698	1.66054	-0.0666374	30.7061	0
3085	0.617	1.5698	1.66053	-0.0666372	30.707	0
3090	0.618	1.5698	1.66052	-0.0666372	30.7079	0
3095	0.619	1.5698	1.6605	-0.0666371	30.7087	0
3100	0.62	1.5698	1.66049	-0.0666369	30.7095	0
3105	0.621	1.5698	1.66047	-0.0666367	30.7102	0
3110	0.622	1.5698	1.66046	-0.0666364	30.7108	0
3115	0.623	1.5698	1.66045	-0.0666362	30.7114	0
3120	0.624	1.5698	1.66044	-0.066636	30.7119	0
3125	0.625	1.5698	1.66042	-0.0666358	30.7124	0
3130	0.626	1.5698	1.66041	-0.0666357	30.7128	0
3135	0.627	1.5698	1.6604	-0.0666357	30.7132	0
3140	0.628	1.5698	1.66038	-0.0666355	30.7136	0
3145	0.629	1.5698	1.66035	-0.0666355	30.714	0
3150	0.63	1.5698	1.66034	-0.0666354	30.702	0
3155	0.631	1.5698	1.66033	-0.0666352	30.7033	0
3160	0.632	1.5698	1.66032	-0.066635	30.7044	0
3165	0.633	1.5698	1.66031	-0.0666348	30.7055	0
3170	0.634	1.5698	1.66029	-0.0666345	30.7064	0
3175	0.635	1.5698	1.66028	-0.0666343	30.7073	0
3180	0.636	1.5698	1.66027	-0.0666342	30.7081	0
3185	0.637	1.5698	1.66026	-0.066634	30.7088	0
3190	0.638	1.5698	1.66025	-0.066634	30.7095	0
3195	0.639	1.5698	1.66024	-0.0666338	30.7101	0
3200	0.64	1.5698	1.66023	-0.0666338	30.7107	0
3205	0.641	1.5698	1.66022	-0.0666337	30.7112	0
3210	0.642	1.5698	1.66021	-0.0666335	30.7117	0
3215	0.643	1.5698	1.6602	-0.0666333	30.7122	0
3220	0.644	1.5698	1.66019	-0.0666331	30.7126	0
3225	0.645	1.5698	1.66016	-0.0666329	30.7129	0
3230	0.646	1.5698	1.66015	-0.0666327	30.7001	0
3235	0.647	1.5698	1.66014	-0.0666325	30.7014	0
3240	0.648	1.5698	1.66013	-0.0666324	30.7027	0
3245	0.649	1.5698	1.66012	-0.0666324	30.7038	0
3250	0.65	1.5698	1.66011	-0.0666322	30.7048	0
3255	0.651	1.5698	1.6601	-0.0666322	30.7058	0
3260	0.652	1.5698	1.66009	-0.0666321	30.7066	0
3265	0.653	1.5698	1.66008	-0.0666319	30.7074	0
3270	0.654	1.5698	1.66007	-0.0666317	30.7082	0
3275	0.655	1.5698	1.66006	-0.0666315	30.7088	0
3280	0.656	1.5698	1.66005	-0.0666313	30.7094	0
3285	0.657	1.5698	1.66005	-0.0666311	30.71	0
3290	0.658	1.5698	1.66003	-0.0666309	30.7105	0
3295	0.659	1.5698	1.66002	-0.0666307	30.7091	0
3300	0.66	1.5698	1.66002	-0.0666307	30.7097	0
3305	0.661	1.5698	1.66001	-0.0666306	30.7102	0
3310	0.662	1.5698	1.66	-0.0666306	30.7107	0
3315	0.663	1.5698	1.65999	-0.0666305	30.7112	0
3320	0.664	1.5698	1.65996	-0.0666303	30.7116	0
3325	0.665	1.5698	1.65996	-0.0666301	30.6988	0
3330	0.666	1.5698	1.65995	-0.0666298	30.7001	0
3335	0.667	1.5698	1.65994	-0.0666296	30.7014	0
3340	0.668	1.5698	1.65993	-0.0666294	30.7026	0
3345	0.669	1.5698	1.65993	-0.0666293	30.7036	0
3350	0.67	1.5698	1.65992	-0.0666291	30.7046	0
3355	0.671	1.5698	1.65991	-0.0666291	30.7055	0
3360	0.672	1.5698	1.6599	-0.066629	30.7063	0
3365	0.673	1.5698	1.6599	-0.0666289	30.707	0
3370	0.674	1.5698	1.65989	-0.0666288	30.7077	0
3375	0.675	1.5698	1.65988	-0.0666287	30.7084	0
3380	0.676	1.5698	1.65988	-0.0666285	30.7089	0
3385	0.677	1.5698	1.65987	-0.0666282	30.7095	0
3390	0.678	1.5698	1.65986	-0.066628	30.7099	0
3395	0.679	1.5698	1.65986	-0.0666278	30.7104	0
3400	0.68	1.5698	1.65983	-0.0666277	30.7108	0
3405	0.681	1.5698	1.65982	-0.0666275	30.698	0
3410	0.682	1.5698	1.65982	-0.0666275	30.6994	0
3415	0.683	1.5698	1.65981	-0.0666274	30.7006	0
3420	0.684	1.5698	1.6598	-0.0666273	30.7018	0
3425	0.685	1.5698	1.6598	-0.0666272	30.7028	0
3430	0.686	1.5698	1.65979	-0.0666271	30.7038	0
3435	0.687	1.5698	1.65979	-0.0666269	30.7047	0
3440	0.688	1.5698	1.65978	-0.0666267	30.7055	0
3445	0.689	1.5698	1.65977	-0.0666265	30.7063	0
3450	0.69	1.5698	1.65977	-0.0666263	30.7069	0
3455	0.691	1.5698	1.65976	-0.0666261	30.7076	0
3460	0.692	1.5698	1.65976	-0.0666259	30.7082	0
3465	0.693	1.5698	1.65975	-0.0666259	30.7087	0
3470	0.694	1.5698	1.65975	-0.0666258	30.7092	0
3475	0.695	1.5698	1.65974	-0.0666258	30.7096	0
3480	0.696	1.5698	1.65974	-0.0666257	30.71	0
3485	0.697	1.5698	1.65973	-0.0666255	30.7104	0
3490	0.698	1.5698	1.65973	-0.0666253	30.7107	0
3495	0.699	1.5698	1.6597	-0.0666251	30.711	0
3500	0.7	1.5698	1.6597	-0.0666249	30.6991	0
3505	0.701	1.5698	1.65969	-0.0666247	30.7003	0
3510	0.702	1.5698	1.65969	-0.0666245	30.7014	0
3515	0.703	1.5698	1.65968	-0.0666244	30.7025	0
3520	0.704	1.5698	1.65968	-0.0666244	30.7034	0
3525	0.705	1.5698	1.65967	-0.0666242	30.7043	0
3530	0.706	1.5698	1.65967	-0.0666242	30.7051	0
3535	0.707	1.5698	1.65966	-0.0666241	30.7058	0
3540	0.708	1.5698	1.65966	-0.0666239	30.7064	0
3545	0.709	1.5698	1.65965	-0.0666237	30.7071	0
3550	0.71	1.5698	1.65965	-0.0666235	30.7076	0
3555	0.711	1.5698	1.65965	-0.0666233	30.7081	0
3560	0.712	1.5698	1.65964	-0.0666231	30.7086	0
3565	0.713	1.5698	1.65964	-0.066623	30.709	0
3570	0.714	1.5698	1.65963	-0.0666228	30.7094	0
3575	0.715	1.5698	1.65963	-0.0666228	30.7098	0
3580	0.716	1.5698	1.65963	-0.0666226	30.7101	0
3585	0.717	1.5698	1.65962	-0.0666226	30.7104	0
3590	0.718	1.5698	1.65962	-0.0666225	30.7107	0
3595	0.719	1.5698	1.65959	-0.0666224	30.7109	0
3600	0.72	1.5698	1.65959	-0.0666222	30.698	0
3605	0.721	1.5698	1.65959	-0.0666219	30.6992	0
3610	0.722	1.5698	1.65958	-0.0666217	30.7004	0
3615	0.723	1.5698	1.65958	-0.0666216	30.7014	0
3620	0.724	1.5698	1.65957	-0.0666214	30.7024	0
3625	0.725	1.5698	1.65957	-0.0666212	30.7033	0
3630	0.726	1.5698	1.65957	-0.0666212	30.7041	0
3635	0.727	1.5698	1.65956	-0.0666211	30.7048	0
3640	0.728	1.5698	1.65956	-0.0666211	30.7055	0
3645	0.729	1.5698	1.65956	-0.066621	30.7061	0
3650	0.73	1.5698	1.65955	-0.0666208	30.7067	0
3655	0.731	1.5698	1.65955	-0.0666206	30.7072	0
3660	0.732	1.5698	1.65955	-0.0666204	30.7077	0
3665	0.733	1.5698	1.65954	-0.0666202	30.7081	0
3670	0.734	1.5698	1.65954	-0.06662	30.7085	0
3675	0.735	1.5698	1.65952	-0.0666198	30.7089	0
3680	0.736	1.5698	1.65952	-0.0666197	30.697	0
3685	0.737	1.5698	1.65951	-0.0666197	30.6983	0
3690	0.738	1.5698	1.65951	-0.0666195	30.6994	0
3695	0.739	1.5698	1.65951	-0.0666195	30.7005	0
3700	0.74	1.5698	1.6595	-0.0666194	30.7015	0
3705	0.741	1.5698	1.6595	-0.0666193	30.7024	0
3710	0.742	1.5698	1.6595	-0.0666191	30.7032	0
3715	0.743	1.5698	1.6595	-0.0666188	30.7039	0
3720	0.744	1.5698	1.65949	-0.0666186	30.7046	0
3725	0.745	1.5698	1.65949	-0.0666185	30.7053	0
3730	0.746	1.5698	1.65949	-0.0666183	30.7058	0
3735	0.747	1.5698	1.65949	-0.0666181	30.7064	0
3740	0.748	1.5698	1.65948	-0.0666181	30.7069	0
3745	0.749	1.5698	1.65948	-0.066618	30.7073	0
3750	0.75	1.5698	1.65948	-0.066618	30.7077	0
3755	0.751	1.5698	1.65948	-0.0666179	30.7081	0
3760	0.752	1.5698	1.65947	-0.0666177	30.7084	0
3765	0.753	1.5698	1.65947	-0.0666175	30.7087	0
3770	0.754	1.5698	1.65945	-0.0666173	30.709	0
3775	0.755	1.5698	1.65945	-0.0666171	30.6971	0
3780	0.756	1.5698	1.65944	-0.0666169	30.6983	0
3785	0.757	1.5698	1.65944	-0.0666168	30.6994	0
3790	0.758	1.5698	1.65944	-0.0666166	30.7004	0
3795	0.759	1.5698	1.65944	-0.0666166	30.7013	0
3800	0.76	1.5698	1.65944	-0.0666165	30.7022	0
3805	0.761	1.5698	1.65943	-0.0666164	30.7029	0
3810	0.762	1.5698	1.65943	-0.0666163	30.7036	0
3815	0.763	1.5698	1.65943	-0.0666162	30.7043	0
3820	0.764	1.5698	1.65943	-0.066616	30.7049	0
3825	0.765	1.5698	1.65943	-0.0666158	30.7054	0
3830	0.766	1.5698	1.65942	-0.0666156	30.7059	0
3835	0.767	1.5698	1.65942	-0.0666154	30.7064	0
3840	0.768	1.5698	1.65942	-0.0666152	30.7068	0
3845	0.769	1.5698	1.65942	-0.0666151	30.7072	0
3850	0.77	1.5698	1.65942	-0.0666151	30.7076	0
3855	0.771	1.5698	1.65942	-0.0666149	30.7079	0
3860	0.772	1.5698	1.65941	-0.0666149	30.7082	0
3865	0.773	1.5698	1.65941	-0.0666148	30.7085	0
3870	0.774	1.5698	1.65939	-0.0666147	30.7087	0
3875	0.775	1.5698	1.65939	-0.0666144	30.6958	0
3880	0.776	1.5698	1.65939	-0.0666142	30.697	0
3885	0.777	1.5698	1.65938	-0.066614	30.6982	0
3890	0.778	1.5698	1.65938	-0.0666139	30.6992	0
3895	0.779	1.5698	1.65938	-0.0666137	30.7002	0
3900	0.78	1.5698	1.65938	-0.0666136	30.701	0
3905	0.781	1.5698	1.65938	-0.0666136	30.7018	0
3910	0.782	1.5698	1.65938	-0.0666134	30.7026	0
3915	0.783	1.5698	1.65938	-0.0666134	30.7032	0
3920	0.784	1.5698	1.65937	-0.0666133	30.7039	0
3925	0.785	1.5698	1.65937	-0.0666131	30.7044	0
3930	0.786	1.5698	1.65937	-0.0666129	30.705	0
3935	0.787	1.5698	1.65937	-0.0666127	30.7054	0
3940	0.788	1.5698	1.65937	-0.0666125	30.7059	0
3945	0.789	1.5698	1.65937	-0.0666123	30.7063	0
3950	0.79	1.5698	1.65937	-0.0666122	30.7066	0
3955	0.791	1.5698	1.65935	-0.066612	30.707	0
3960	0.792	1.5698	1.65935	-0.066612	30.695	0
3965	0.793	1.5698	1.65934	-0.0666119	30.6963	0
3970	0.794	1.5698	1.65934	-0.0666119	30.6974	0
3975	0.795	1.5698	1.65934	-0.0666118	30.6985	0
3980	0.796	1.5698	1.65934	-0.0666116	30.6994	0
3985	0.797	1.5698	1.65934	-0.0666114	30.7003	0
3990	0.798	1.5698	1.65934	-0.0666112	30.7011	0
3995	0.799	1.5698	1.65934	-0.066611	30.7018	0
4000	0.8	1.5698	1.65934	-0.0666108	30.7025	0
4005	0.801	1.5698	1.65934	-0.0666107	30.7031	0
4010	0.802	1.5698	1.65934	-0.0666105	30.7037	0
4015	0.803	1.5698	1.65933	-0.0666105	30.7042	0
4020	0.804	1.5698	1.65933	-0.0666104	30.7047	0
4025	0.805	1.5698	1.65933	-0.0666104	30.7051	0
4030	0.806	1.5698	1.65933	-0.0666103	30.7055	0
4035	0.807	1.5698	1.65933	-0.0666101	30.7059	0
4040	0.808	1.5698	1.65933	-0.0666099	30.7062	0
4045	0.809	1.5698	1.65933	-0.0666097	30.7065	0
4050	0.81	1.5698	1.65933	-0.0666095	30.7068	0
4055	0.811	1.5698	1.65931	-0.0666093	30.7071	0
4060	0.812	1.5698	1.65931	-0.0666092	30.6941	0
4065	0.813	1.5698	1.6593	-0.066609	30.6954	0
4070	0.814	1.5698	1.6593	-0.066609	30.6966	0
4075	0.815	1.5698	1.6593	-0.0666089	30.6976	0
4080	0.816	1.5698	1.6593	-0.0666088	30.6986	0
4085	0.817	1.5698	1.6593	-0.0666087	30.6994	0
4090	0.818	1.5698	1.6593	-0.0666086	30.7003	0
4095	0.819	1.5698	1.6593	-0.0666084	30.701	0
4100	0.82	1.5698	1.6593	-0.0666082	30.7017	0
4105	0.821	1.5698	1.6593	-0.066608	30.7023	0
4110	0.822	1.5698	1.6593	-0.0666078	30.7029	0
4115	0.823	1.5698	1.6593	-0.0666076	30.7034	0
4120	0.824	1.5698	1.6593	-0.0666075	30.7039	0
4125	0.825	1.5698	1.6593	-0.0666075	30.7043	0
4130	0.826	1.5698	1.6593	-0.0666073	30.7047	0
4135	0.827	1.5698	1.6593	-0.0666073	30.7051	0
4140	0.828	1.5698	1.6593	-0.0666072	30.7054	0
4145	0.829	1.5698	1.6593	-0.0666071	30.7057	0
4150	0.83	1.5698	1.65927	-0.0666069	30.706	0
4155	0.831	1.5698	1.65927	-0.0666067	30.6931	0
4160	0.832	1.5698	1.65927	-0.0666065	30.6944	0
4165	0.833	1.5698	1.65927	-0.0666063	30.6955	0
4170	0.834	1.5698	1.65927	-0.0666061	30.6966	0
4175	0.835	1.5698	1.65927	-0.066606	30.6976	0
4180	0.836	1.5698	1.65927	-0.066606	30.6985	0
4185	0.837	1.5698	1.65927	-0.0666058	30.6993	0
4190	0.838	1.5698	1.65927	-0.0666058	30.7001	0
4195	0.839	1.5698	1.65927	-0.0666057	30.7008	0
4200	0.84	1.5698	1.65927	-0.0666056	30.6995	0
4205	0.841	1.5698	1.65927	-0.0666054	30.7002	0
4210	0.842	1.5698	1.65927	-0.0666052	30.7009	0
4215	0.843	1.5698	1.65927	-0.066605	30.7015	0
4220	0.844	1.5698	1.65927	-0.0666048	30.7021	0
4225	0.845	1.5698	1.65927	-0.0666046	30.7026	0
4230	0.846	1.5698	1.65927	-0.0666045	30.7031	0
4235	0.847	1.5698	1.65927	-0.0666045	30.7035	0
4240	0.848	1.5698	1.65927	-0.0666043	30.7039	0
4245	0.849	1.5698	1.65927	-0.0666043	30.7043	0
4250	0.85	1.5698	1.65925	-0.0666042	30.7046	0
4255	0.851	1.5698	1.65925	-0.066604	30.6927	0
4260	0.852	1.5698	1.65925	-0.0666039	30.6939	0
4265	0.853	1.5698	1.65925	-0.0666036	30.695	0
4270	0.854	1.5698	1.65925	-0.0666035	30.6961	0
4275	0.855	1.5698	1.65925	-0.0666033	30.697	0
4280	0.856	1.5698	1.65925	-0.0666031	30.6979	0
4285	0.857	1.5698	1.65925	-0.066603	30.6987	0
4290	0.858	1.5698	1.65925	-0.066603	30.6994	0
4295	0.859	1.5698	1.65925	-0.0666028	30.7001	0
4300	0.86	1.5698	1.65925	-0.0666028	30.7007	0
4305	0.861	1.5698	1.65925	-0.0666027	30.7013	0
4310	0.862	1.5698	1.65925	-0.0666026	30.7018	0
4315	0.863	1.5698	1.65925	-0.0666023	30.7023	0
4320	0.864	1.5698	1.65925	-0.0666021	30.7027	0
4325	0.865	1.5698	1.65925	-0.0666019	30.7031	0
4330	0.866	1.5698	1.65925	-0.0666018	30.7035	0
4335	0.867	1.5698	1.65923	-0.0666016	30.7038	0
4340	0.868	1.5698	1.65923	-0.0666015	30.6919	0
4345	0.869	1.5698	1.65923	-0.0666015	30.6931	0
4350	0.87	1.5698	1.65923	-0.0666013	30.6943	0
4355	0.871	1.5698	1.65923	-0.0666013	30.6953	0
4360	0.872	1.5698	1.65923	-0.0666012	30.6963	0
4365	0.873	1.5698	1.65923	-0.0666011	30.6971	0
4370	0.874	1.5698	1.65923	-0.0666009	30.6979	0
4375	0.875	1.5698	1.65923	-0.0666006	30.6987	0
4380	0.876	1.5698	1.65923	-0.0666004	30.6994	0
4385	0.877	1.5698	1.65923	-0.0666003	30.7	0
4390	0.878	1.5698	1.65923	-0.0666001	30.7005	0
4395	0.879	1.5698	1.65923	-0.0666	30.7011	0
4400	0.88	1.5698	1.65923	-0.0666	30.7015	0
4405	0.881	1.5698	1.65923	-0.0665998	30.702	0
4410	0.882	1.5698	1.65923	-0.0665998	30.7024	0
4415	0.883	1.5698	1.65923	-0.0665997	30.7027	0
4420	0.884	1.5698	1.65923	-0.0665995	30.7031	0
4425	0.885	1.5698	1.65923	-0.0665993	30.7034	0
4430	0.886	1.5698	1.65923	-0.0665991	30.7037	0
4435	0.887	1.5698	1.65921	-0.0665989	30.7039	0
4440	0.888	1.5698	1.65921	-0.0665988	30.691	0
4445	0.889	1.5698	1.65921	-0.0665986	30.6922	0
4450	0.89	1.5698	1.65921	-0.0665985	30.6934	0
4455	0.891	1.5698	1.65921	-0.0665985	30.6944	0
4460	0.892	1.5698	1.65921	-0.0665983	30.6954	0
4465	0.893	1.5698	1.65921	-0.0665983	30.6963	0
4470	0.894	1.5698	1.65921	-0.0665982	30.6971	0
4475	0.895	1.5698	1.65921	-0.066598	30.6978	0
4480	0.896	1.5698	1.65921	-0.0665978	30.6985	0
4485	0.897	1.5698	1.65921	-0.0665976	30.6991	0
4490	0.898	1.5698	1.65921	-0.0665974	30.6997	0
4495	0.899	1.5698	1.65921	-0.0665973	30.7002	0
4500	0.9	1.5698	1.65921	-0.0665971	30.7007	0
4505	0.901	1.5698	1.65921	-0.066597	30.7011	0
4510	0.902	1.5698	1.65921	-0.066597	30.7015	0
4515	0.903	1.5698	1.65921	-0.0665968	30.7019	0
4520	0.904	1.5698	1.65921	-0.0665968	30.7022	0
4525	0.905	1.5698	1.65921	-0.0665967	30.7026	0
4530	0.906	1.5698	1.65921	-0.0665965	30.7028	0
4535	0.907	1.5698	1.65919	-0.0665963	30.7031	0
4540	0.908	1.5698	1.65919	-0.0665961	30.6902	0
4545	0.909	1.5698	1.65919	-0.0665959	30.6914	0
4550	0.91	1.5698	1.6592	-0.0665958	30.6926	0
4555	0.911	1.5698	1.6592	-0.0665956	30.6936	0
4560	0.912	1.5698	1.6592	-0.0665955	30.6946	0
4565	0.913	1.5698	1.6592	-0.0665955	30.6955	0
4570	0.914	1.5698	1.6592	-0.0665953	30.6963	0
4575	0.915	1.5698	1.6592	-0.0665953	30.697	0
4580	0.916	1.5698	1.6592	-0.0665952	30.6977	0
4585	0.917	1.5698	1.6592	-0.066595	30.6983	0
4590	0.918	1.5698	1.6592	-0.0665948	30.6989	0
4595	0.919	1.5698	1.6592	-0.0665946	30.6994	0
4600	0.92	1.5698	1.6592	-0.0665944	30.6999	0
4605	0.921	1.5698	1.6592	-0.0665943	30.7003	0
4610	0.922	1.5698	1.6592	-0.0665941	30.7007	0
4615	0.923	1.5698	1.6592	-0.066594	30.7011	0
4620	0.924	1.5698	1.6592	-0.066594	30.7015	0
4625	0.925	1.5698	1.6592	-0.0665938	30.7018	0
4630	0.926	1.5698	1.6592	-0.0665938	30.7021	0
4635	0.927	1.5698	1.65918	-0.0665937	30.7023	0
4640	0.928	1.5698	1.65918	-0.0665935	30.6903	0
4645	0.929	1.5698	1.65918	-0.0665933	30.6915	0
4650	0.93	1.5698	1.65918	-0.0665931	30.6926	0
4655	0.931	1.5698	1.65919	-0.0665929	30.6936	0
4660	0.932	1.5698	1.65919	-0.0665928	30.6945	0
4665	0.933	1.5698	1.65919	-0.0665926	30.6953	0
4670	0.934	1.5698	1.65919	-0.0665925	30.6961	0
4675	0.935	1.5698	1.65919	-0.0665925	30.6968	0
4680	0.936	1.5698	1.65919	-0.0665923	30.6974	0
4685	0.937	1.5698	1.65919	-0.0665923	30.698	0
4690	0.938	1.5698	1.65919	-0.0665922	30.6985	0
4695	0.939	1.5698	1.65919	-0.0665921	30.699	0
4700	0.94	1.5698	1.65919	-0.0665919	30.6995	0
4705	0.941	1.5698	1.65919	-0.0665917	30.6999	0
4710	0.942	1.5698	1.65919	-0.0665914	30.7003	0
4715	0.943	1.5698	1.65919	-0.0665913	30.7006	0
4720	0.944	1.5698	1.65917	-0.0665911	30.7009	0
4725	0.945	1.5698	1.65917	-0.066591	30.6881	0
4730	0.946	1.5698	1.65917	-0.066591	30.6894	0
4735	0.947	1.5698	1.65917	-0.0665908	30.6905	0
4740	0.948	1.5698	1.65917	-0.0665908	30.6916	0
4745	0.949	1.5698	1.65917	-0.0665907	30.6926	0
4750	0.95	1.5698	1.65918	-0.0665906	30.6936	0
4755	0.951	1.5698	1.65918	-0.0665904	30.6944	0
4760	0.952	1.5698	1.65918	-0.0665902	30.6952	0
4765	0.953	1.5698	1.65918	-0.06659	30.6959	0
4770	0.954	1.5698	1.65918	-0.0665898	30.6965	0
4775	0.955	1.5698	1.65918	-0.0665896	30.6971	0
4780	0.956	1.5698	1.65918	-0.0665895	30.6977	0
4785	0.957	1.5698	1.65918	-0.0665895	30.6982	0
4790	0.958	1.5698	1.65918	-0.0665893	30.6986	0
4795	0.959	1.5698	1.65918	-0.0665893	30.699	0
4800	0.96	1.5698	1.65918	-0.0665892	30.6994	0
4805	0.961	1.5698	1.65918	-0.0665891	30.6998	0
4810	0.962	1.5698	1.65918	-0.0665889	30.7001	0
4815	0.963	1.5698	1.65918	-0.0665887	30.7004	0
4820	0.964	1.5698	1.65916	-0.0665885	30.7007	0
4825	0.965	1.5698	1.65916	-0.0665883	30.6887	0
4830	0.966	1.5698	1.65917	-0.0665881	30.6899	0
4835	0.967	1.5698	1.65917	-0.066588	30.691	0
4840	0.968	1.5698	1.65917	-0.066588	30.692	0
4845	0.969	1.5698	1.65917	-0.0665878	30.6929	0
4850	0.97	1.5698	1.65917	-0.0665878	30.6937	0
4855	0.971	1.5698	1.65917	-0.0665877	30.6945	0
4860	0.972	1.5698	1.65917	-0.0665876	30.6952	0
4865	0.973	1.5698	1.65917	-0.0665874	30.6958	0
4870	0.974	1.5698	1.65917	-0.0665872	30.6964	0
4875	0.975	1.5698	1.65917	-0.066587	30.697	0
4880	0.976	1.5698	1.65917	-0.0665868	30.6975	0
4885	0.977	1.5698	1.65917	-0.0665866	30.6979	0
4890	0.978	1.5698	1.65917	-0.0665865	30.6983	0
4895	0.979	1.5698	1.65917	-0.0665865	30.6987	0
4900	0.98	1.5698	1.65918	-0.0665863	30.6991	0
4905	0.981	1.5698	1.65918	-0.0665863	30.6994	0
4910	0.982	1.5698	1.65918	-0.0665862	30.6997	0
4915	0.983	1.5698	1.65918	-0.0665861	30.6999	0
4920	0.984	1.5698	1.65916	-0.0665859	30.7002	0
4925	0.985	1.5698	1.65916	-0.0665857	30.6872	0
4930	0.986	1.5698	1.65916	-0.0665855	30.6885	0
4935	0.987	1.5698	1.65916	-0.0665853	30.6896	0
4940	0.988	1.5698	1.65916	-0.0665851	30.6907	0
4945	0.989	1.5698	1.65916	-0.066585	30.6916	0
4950	0.99	1.5698	1.65916	-0.066585	30.6925	0
4955	0.991	1.5698	1.65916	-0.0665848	30.6933	0
4960	0.992	1.5698	1.65916	-0.0665848	30.694	0
4965	0.993	1.5698	1.65916	-0.0665847	30.6947	0
4970	0.994	1.5698	1.65916	-0.0665846	30.6953	0
4975	0.995	1.5698	1.65917	-0.0665844	30.6959	0
4980	0.996	1.5698	1.65917	-0.0665842	30.6964	0
4985	0.997	1.5698	1.65917	-0.066584	30.6969	0
4990	0.998	1.5698	1.65917	-0.0665838	30.6973	0
4995	0.999	1.5698	1.65917	-0.0665836	30.6977	0
5000	1	1.5698	1.65917	-0.0665835	30.6981	0
5005	1.001	1.5698	1.65917	-0.0665835	30.6984	0
5010	1.002	1.5698	1.65917	-0.0665834	30.6987	0
5015	1.003	1.5698	1.65917	-0.0665833	30.699	0
5020	1.004	1.5698	1.65915	-0.0665832	30.6993	0
5025	1.005	1.5698	1.65915	-0.0665831	30.6863	0
5030	1.006	1.5698	1.65915	-0.0665829	30.6876	0
5035	1.007	1.5698	1.65915	-0.0665827	30.6887	0
5040	1.008	1.5698	1.65915	-0.0665825	30.6898	0
5045	1.009	1.5698	1.65915	-0.0665823	30.6907	0
5050	1.01	1.5698	1.65916	-0.0665822	30.6916	0
5055	1.011	1.5698	1.65916	-0.066582	30.6924	0
5060	1.012	1.5698	1.65916	-0.066582	30.6932	0
5065	1.013	1.5698	1.65916	-0.0665819	30.6939	0
5070	1.014	1.5698	1.65916	-0.0665818	30.6945	0
5075	1.015	1.5698	1.65916	-0.0665817	30.6951	0
5080	1.016	1.5698	1.65916	-0.0665816	30.6956	0
5085	1.017	1.5698	1.65916	-0.0665814	30.6961	0
5090	1.018	1.5698	1.65916	-0.0665812	30.6965	0
5095	1.019	1.5698	1.65916	-0.066581	30.6969	0
5100	1.02	1.5698	1.65916	-0.0665808	30.6973	0
5105	1.021	1.5698	1.65914	-0.0665807	30.6976	0
5110	1.022	1.5698	1.65915	-0.0665805	30.6857	0
5115	1.023	1.5698	1.65915	-0.0665805	30.6869	0
5120	1.024	1.5698	1.65915	-0.0665804	30.6881	0
5125	1.025	1.5698	1.65915	-0.0665803	30.6891	0
5130	1.026	1.5698	1.65915	-0.0665803	30.6901	0
5135	1.027	1.5698	1.65915	-0.0665801	30.6909	0
5140	1.028	1.5698	1.65915	-0.0665799	30.6918	0
5145	1.029	1.5698	1.65915	-0.0665797	30.6925	0
5150	1.03	1.5698	1.65915	-0.0665795	30.6932	0
5155	1.031	1.5698	1.65915	-0.0665793	30.6938	0
5160	1.032	1.5698	1.65915	-0.0665792	30.6944	0
5165	1.033	1.5698	1.65915	-0.066579	30.6949	0
5170	1.034	1.5698	1.65916	-0.066579	30.6954	0
5175	1.035	1.5698	1.65916	-0.0665789	30.6958	0
5180	1.036	1.5698	1.65916	-0.0665789	30.6962	0
5185	1.037	1.5698	1.65916	-0.0665788	30.6966	0
5190	1.038	1.5698	1.65916	-0.0665786	30.6969	0
5195	1.039	1.5698	1.65916	-0.0665784	30.6972	0
5200	1.04	1.5698	1.65916	-0.0665782	30.6975	0
5205	1.041	1.5698	1.65914	-0.066578	30.6977	0
5210	1.042	1.5698	1.65914	-0.0665778	30.6857	0
5215	1.043	1.5698	1.65914	-0.0665777	30.6869	0
5220	1.044	1.5698	1.65914	-0.0665775	30.688	0
5225	1.045	1.5698	1.65914	-0.0665775	30.689	0
5230	1.046	1.5698	1.65915	-0.0665774	30.6899	0
5235	1.047	1.5698	1.65915	-0.0665774	30.6907	0
5240	1.048	1.5698	1.65915	-0.0665773	30.6915	0
5245	1.049	1.5698	1.65915	-0.0665771	30.6922	0
5250	1.05	1.5698	1.65915	-0.0665769	30.6928	0
5255	1.051	1.5698	1.65915	-0.0665767	30.6934	0
5260	1.052	1.5698	1.65915	-0.0665765	30.694	0
5265	1.053	1.5698	1.65915	-0.0665763	30.6944	0
5270	1.054	1.5698	1.65915	-0.0665762	30.6949	0
5275	1.055	1.5698	1.65915	-0.066576	30.6953	0
5280	1.056	1.5698	1.65915	-0.066576	30.6957	0
5285	1.057	1.5698	1.65915	-0.0665759	30.696	0
5290	1.058	1.5698	1.65916	-0.0665759	30.6964	0
5295	1.059	1.5698	1.65916	-0.0665758	30.6966	0
5300	1.06	1.5698	1.65916	-0.0665756	30.6969	0
5305	1.061	1.5698	1.65914	-0.0665754	30.6972	0
5310	1.062	1.5698	1.65914	-0.0665752	30.6842	0
5315	1.063	1.5698	1.65914	-0.066575	30.6854	0
5320	1.064	1.5698	1.65914	-0.0665748	30.6866	0
5325	1.065	1.5698	1.65914	-0.0665747	30.6876	0
5330	1.066	1.5698	1.65914	-0.0665746	30.6886	0
5335	1.067	1.5698	1.65914	-0.0665746	30.6895	0
5340	1.068	1.5698	1.65914	-0.0665744	30.6903	0
5345	1.069	1.5698	1.65914	-0.0665744	30.691	0
5350	1.07	1.5698	1.65914	-0.0665743	30.6888	0
5355	1.071	1.5698	1.65914	-0.0665741	30.6897	0
5360	1.072	1.5698	1.65914	-0.0665739	30.6904	0
5365	1.073	1.5698	1.65914	-0.0665737	30.6912	0
5370	1.074	1.5698	1.65914	-0.0665735	30.6918	0
5375	1.075	1.5698	1.65915	-0.0665734	30.6924	0
5380	1.076	1.5698	1.65915	-0.0665732	30.6929	0
5385	1.077	1.5698	1.65915	-0.0665731	30.6934	0
5390	1.078	1.5698	1.65915	-0.0665731	30.6939	0
5395	1.079	1.5698	1.65915	-0.0665729	30.6943	0
5400	1.08	1.5698	1.65915	-0.0665729	30.6947	0
5405	1.081	1.5698	1.65913	-0.0665728	30.695	0
5410	1.082	1.5698	1.65913	-0.0665726	30.6831	0
5415	1.083	1.5698	1.65913	-0.0665724	30.6844	0
5420	1.084	1.5698	1.65913	-0.0665722	30.6855	0
5425	1.085	1.5698	1.65913	-0.066572	30.6866	0
5430	1.086	1.5698	1.65914	-0.0665719	30.6875	0
5435	1.087	1.5698	1.65914	-0.0665717	30.6884	0
5440	1.088	1.5698	1.65914	-0.0665716	30.6892	0
5445	1.089	1.5698	1.65914	-0.0665716	30.69	0
5450	1.09	1.5698	1.65914	-0.0665714	30.6907	0
5455	1.091	1.5698	1.65914	-0.0665714	30.6913	0
5460	1.092	1.5698	1.65914	-0.0665713	30.6919	0
5465	1.093	1.5698	1.65914	-0.0665711	30.6924	0
5470	1.094	1.5698	1.65914	-0.066571	30.6929	0
5475	1.095	1.5698	1.65914	-0.0665707	30.6933	0
5480	1.096	1.5698	1.65914	-0.0665706	30.6937	0
5485	1.097	1.5698	1.65915	-0.0665704	30.6941	0
5490	1.098	1.5698	1.65913	-0.0665702	30.6944	0
5495	1.099	1.5698	1.65913	-0.0665701	30.6825	0
5500	1.1	1.5698	1.65913	-0.0665701	30.6837	0
5505	1.101	1.5698	1.65913	-0.0665699	30.6849	0
5510	1.102	1.5698	1.65913	-0.0665699	30.6859	0
5515	1.103	1.5698	1.65913	-0.0665698	30.6869	0
5520	1.104	1.5698	1.65913	-0.0665697	30.6878	0
5525	1.105	1.5698	1.65913	-0.0665695	30.6886	0
5530	1.106	1.5698	1.65913	-0.0665693	30.6893	0
5535	1.107	1.5698	1.65914	-0.0665691	30.69	0
5540	1.108	1.5698	1.65914	-0.0665689	30.6906	0
5545	1.109	1.5698	1.65914	-0.0665687	30.6912	0
5550	1.11	1.5698	1.65914	-0.0665686	30.6917	0
5555	1.111	1.5698	1.65914	-0.0665686	30.6922	0
5560	1.112	1.5698	1.65914	-0.0665684	30.6926	0
5565	1.113	1.5698	1.65914	-0.0665684	30.693	0
5570	1.114	1.5698	1.65914	-0.0665683	30.6934	0
5575	1.115	1.5698	1.65914	-0.0665682	30.6937	0
5580	1.116	1.5698	1.65914	-0.066568	30.694	0
5585	1.117	1.5698	1.65914	-0.0665678	30.6943	0
5590	1.118	1.5698	1.65912	-0.0665676	30.6946	0
5595	1.119	1.5698	1.65913	-0.0665674	30.6816	0
5600	1.12	1.5698	1.65913	-0.0665672	30.6829	0
5605	1.121	1.5698	1.65913	-0.0665671	30.684	0
5610	1.122	1.5698	1.65913	-0.0665671	30.6851	0
5615	1.123	1.5698	1.65913	-0.0665669	30.686	0
5620	1.124	1.5698	1.65913	-0.0665669	30.6869	0
5625	1.125	1.5698	1.65913	-0.0665668	30.6877	0
5630	1.126	1.5698	1.65913	-0.0665667	30.6885	0
5635	1.127	1.5698	1.65913	-0.0665665	30.6892	0
5640	1.128	1.5698	1.65913	-0.0665663	30.6898	0
5645	1.129	1.5698	1.65913	-0.0665661	30.6903	0
5650	1.13	1.5698	1.65914	-0.0665659	30.6909	0
5655	1.131	1.5698	1.65914	-0.0665657	30.6914	0
5660	1.132	1.5698	1.65914	-0.0665656	30.6918	0
5665	1.133	1.5698	1.65914	-0.0665656	30.6922	0
5670	1.134	1.5698	1.65914	-0.0665655	30.6926	0
5675	1.135	1.5698	1.65914	-0.0665654	30.6929	0
5680	1.136	1.5698	1.65914	-0.0665653	30.6932	0
5685	1.137	1.5698	1.65914	-0.0665652	30.6935	0
5690	1.138	1.5698	1.65912	-0.066565	30.6938	0
5695	1.139	1.5698	1.65912	-0.0665648	30.6818	0
5700	1.14	1.5698	1.65913	-0.0665646	30.6829	0
5705	1.141	1.5698	1.65913	-0.0665644	30.684	0
5710	1.142	1.5698	1.65913	-0.0665643	30.685	0
5715	1.143	1.5698	1.65913	-0.0665641	30.6859	0
5720	1.144	1.5698	1.65913	-0.0665641	30.6868	0
5725	1.145	1.5698	1.65913	-0.066564	30.6875	0
5730	1.146	1.5698	1.65913	-0.0665639	30.6882	0
5735	1.147	1.5698	1.65913	-0.0665639	30.6889	0
5740	1.148	1.5698	1.65913	-0.0665637	30.6894	0
5745	1.149	1.5698	1.65913	-0.0665635	30.69	0
5750	1.15	1.5698	1.65913	-0.0665633	30.6905	0
5755	1.151	1.5698	1.65914	-0.0665631	30.6909	0
5760	1.152	1.5698	1.65914	-0.0665629	30.6913	0
5765	1.153	1.5698	1.65914	-0.0665628	30.6917	0
5770	1.154	1.5698	1.65914	-0.0665626	30.6921	0
5775	1.155	1.5698	1.65914	-0.0665626	30.6924	0
5780	1.156	1.5698	1.65914	-0.0665625	30.6927	0
5785	1.157	1.5698	1.65914	-0.0665625	30.6929	0
5790	1.158	1.5698	1.65912	-0.0665624	30.6932	0
5795	1.159	1.5698	1.65912	-0.0665622	30.6802	0
5800	1.16	1.5698	1.65912	-0.066562	30.6815	0
5805	1.161	1.5698	1.65912	-0.0665618	30.6826	0
5810	1.162	1.5698	1.65912	-0.0665616	30.6837	0
5815	1.163	1.5698	1.65913	-0.0665614	30.6846	0
5820	1.164	1.5698	1.65913	-0.0665613	30.6855	0
5825	1.165	1.5698	1.65913	-0.0665611	30.6863	0
5830	1.166	1.5698	1.65913	-0.0665611	30.687	0
5835	1.167	1.5698	1.65913	-0.066561	30.6877	0
5840	1.168	1.5698	1.65913	-0.066561	30.6883	0
5845	1.169	1.5698	1.65913	-0.0665609	30.6889	0
5850	1.17	1.5698	1.65913	-0.0665607	30.6894	0
5855	1.171	1.5698	1.65913	-0.0665605	30.6899	0
5860	1.172	1.5698	1.65913	-0.0665603	30.6903	0
5865	1.173	1.5698	1.65913	-0.0665601	30.6907	0
5870	1.174	1.5698	1.65914	-0.0665599	30.6911	0
5875	1.175	1.5698	1.65912	-0.0665598	30.6914	0
5880	1.176	1.5698	1.65912	-0.0665596	30.6785	0
5885	1.177	1.5698	1.65912	-0.0665596	30.6799	0
5890	1.178	1.5698	1.65912	-0.0665595	30.6811	0
5895	1.179	1.5698	1.65912	-0.0665595	30.6822	0
5900	1.18	1.5698	1.65912	-0.0665594	30.6832	0
5905	1.181	1.5698	1.65912	-0.0665592	30.6841	0
5910	1.182	1.5698	1.65912	-0.066559	30.685	0
5915	1.183	1.5698	1.65912	-0.0665588	30.6857	0
5920	1.184	1.5698	1.65912	-0.0665586	30.6865	0
5925	1.185	1.5698	1.65913	-0.0665585	30.6871	0
5930	1.186	1.5698	1.65913	-0.0665583	30.6877	0
5935	1.187	1.5698	1.65913	-0.0665581	30.6883	0
5940	1.188	1.5698	1.65913	-0.0665581	30.6888	0
5945	1.189	1.5698	1.65913	-0.066558	30.6892	0
5950	1.19	1.5698	1.65913	-0.066558	30.6896	0
5955	1.191	1.5698	1.65913	-0.0665579	30.69	0
5960	1.192	1.5698	1.65913	-0.0665577	30.6904	0
5965	1.193	1.5698	1.65913	-0.0665575	30.6907	0
5970	1.194	1.5698	1.65913	-0.0665573	30.691	0
5975	1.195	1.5698	1.65912	-0.0665571	30.6913	0
5980	1.196	1.5698	1.65912	-0.066557	30.6793	0
5985	1.197	1.5698	1.65912	-0.0665568	30.6805	0
5990	1.198	1.5698	1.65912	-0.0665566	30.6816	0
5995	1.199	1.5698	1.65912	-0.0665566	30.6826	0
6000	1.2	1.5698	1.65912	-0.0665565	30.6835	0
6005	1.201	1.5698	1.65912	-0.0665565	30.6843	0
6010	1.202	1.5698	1.65912	-0.0665564	30.6851	0
6015	1.203	1.5698	1.65912	-0.0665562	30.6858	0
6020	1.204	1.5698	1.65912	-0.066556	30.6865	0
6025	1.205	1.5698	1.65913	-0.0665558	30.6871	0
6030	1.206	1.5698	1.65913	-0.0665556	30.6876	0
6035	1.207	1.5698	1.65913	-0.0665555	30.6881	0
6040	1.208	1.5698	1.65913	-0.0665553	30.6886	0
6045	1.209	1.5698	1.65913	-0.0665552	30.689	0
6050	1.21	1.5698	1.65913	-0.0665552	30.6894	0
6055	1.211	1.5698	1.65913	-0.066555	30.6897	0
6060	1.212	1.5698	1.65913	-0.066555	30.69	0
6065	1.213	1.5698	1.65913	-0.0665549	30.6903	0
6070	1.214	1.5698	1.65913	-0.0665547	30.6906	0
6075	1.215	1.5698	1.65911	-0.0665545	30.6908	0
6080	1.216	1.5698	1.65912	-0.0665543	30.6788	0
6085	1.217	1.5698	1.65912	-0.0665542	30.68	0
6090	1.218	1.5698	1.65912	-0.066554	30.6811	0
6095	1.219	1.5698	1.65912	-0.0665538	30.6821	0
6100	1.22	1.5698	1.65912	-0.0665537	30.683	0
6105	1.221	1.5698	1.65912	-0.0665537	30.6838	0
6110	1.222	1.5698	1.65912	-0.0665535	30.6845	0
6115	1.223	1.5698	1.65912	-0.0665535	30.6852	0
6120	1.224	1.5698	1.65912	-0.0665534	30.6859	0
6125	1.225	1.5698	1.65912	-0.0665533	30.6864	0
6130	1.226	1.5698	1.65913	-0.0665531	30.687	0
6135	1.227	1.5698	1.65913	-0.0665529	30.6875	0
6140	1.228	1.5698	1.65913	-0.0665527	30.6879	0
6145	1.229	1.5698	1.65913	-0.0665525	30.6883	0
6150	1.23	1.5698	1.65913	-0.0665523	30.6887	0
6155	1.231	1.5698	1.65913	-0.0665522	30.689	0
6160	1.232	1.5698	1.65913	-0.0665522	30.6894	0
6165	1.233	1.5698	1.65913	-0.066552	30.6896	0
6170	1.234	1.5698	1.65913	-0.066552	30.6899	0
6175	1.235	1.5698	1.65911	-0.0665519	30.6902	0
6180	1.236	1.5698	1.65911	-0.0665518	30.6772	0
6185	1.237	1.5698	1.65911	-0.0665516	30.6784	0
6190	1.238	1.5698	1.65912	-0.0665514	30.6796	0
6195	1.239	1.5698	1.65912	-0.0665512	30.6806	0
6200	1.24	1.5698	1.65912	-0.066551	30.6816	0
6205	1.241	1.5698	1.65912	-0.0665508	30.6824	0
6210	1.242	1.5698	1.65912	-0.0665507	30.6832	0
6215	1.243	1.5698	1.65912	-0.0665507	30.684	0
6220	1.244	1.5698	1.65912	-0.0665505	30.6846	0
6225	1.245	1.5698	1.65912	-0.0665505	30.6853	0
6230	1.246	1.5698	1.65912	-0.0665504	30.6858	0
6235	1.247	1.5698	1.65912	-0.0665503	30.6863	0
6240	1.248	1.5698	1.65912	-0.0665501	30.6868	0
6245	1.249	1.5698	1.65913	-0.0665499	30.6873	0
6250	1.25	1.5698	1.65913	-0.0665497	30.6877	0
6255	1.251	1.5698	1.65913	-0.0665495	30.688	0
6260	1.252	1.5698	1.65911	-0.0665494	30.6884	0
6265	1.253	1.5698	1.65911	-0.0665492	30.6764	0
6270	1.254	1.5698	1.65911	-0.0665492	30.6777	0
6275	1.255	1.5698	1.65911	-0.0665491	30.6788	0
6280	1.256	1.5698	1.65911	-0.066549	30.6798	0
6285	1.257	1.5698	1.65911	-0.0665489	30.6808	0
6290	1.258	1.5698	1.65912	-0.0665488	30.6817	0
6295	1.259	1.5698	1.65912	-0.0665486	30.6825	0
6300	1.26	1.5698	1.65912	-0.0665484	30.6832	0
6305	1.261	1.5698	1.65912	-0.0665482	30.6839	0
6310	1.262	1.5698	1.65912	-0.066548	30.6845	0
6315	1.263	1.5698	1.65912	-0.0665479	30.6851	0
6320	1.264	1.5698	1.65912	-0.0665477	30.6856	0
6325	1.265	1.5698	1.65912	-0.0665477	30.6861	0
6330	1.266	1.5698	1.65912	-0.0665476	30.6865	0
6335	1.267	1.5698	1.65912	-0.0665476	30.6869	0
6340	1.268	1.5698	1.65912	-0.0665475	30.6873	0
6345	1.269	1.5698	1.65913	-0.0665473	30.6876	0
6350	1.27	1.5698	1.65913	-0.0665471	30.6879	0
6355	1.271	1.5698	1.65913	-0.0665469	30.6882	0
6360	1.272	1.5698	1.65911	-0.0665467	30.6885	0
6365	1.273	1.5698	1.65911	-0.0665465	30.6755	0
6370	1.274	1.5698	1.65911	-0.0665464	30.6768	0
6375	1.275	1.5698	1.65911	-0.0665462	30.6779	0
6380	1.276	1.5698	1.65911	-0.0665462	30.679	0
6385	1.277	1.5698	1.65911	-0.0665461	30.6799	0
6390	1.278	1.5698	1.65911	-0.0665461	30.6808	0
6395	1.279	1.5698	1.65911	-0.066546	30.6816	0
6400	1.28	1.5698	1.65912	-0.0665458	30.6824	0
6405	1.281	1.5698	1.65912	-0.0665456	30.683	0
6410	1.282	1.5698	1.65912	-0.0665454	30.6837	0
6415	1.283	1.5698	1.65912	-0.0665452	30.6842	0
6420	1.284	1.5698	1.65912	-0.066545	30.6848	0
6425	1.285	1.5698	1.65912	-0.0665449	30.6852	0
6430	1.286	1.5698	1.65912	-0.0665447	30.6857	0
6435	1.287	1.5698	1.65912	-0.0665447	30.6861	0
6440	1.288	1.5698	1.65912	-0.0665446	30.6864	0
6445	1.289	1.5698	1.65912	-0.0665446	30.6868	0
6450	1.29	1.5698	1.65912	-0.0665445	30.6871	0
6455	1.291	1.5698	1.65913	-0.0665443	30.6874	0
6460	1.292	1.5698	1.65911	-0.0665441	30.6876	0
6465	1.293	1.5698	1.65911	-0.0665439	30.6756	0
6470	1.294	1.5698	1.65911	-0.0665437	30.6768	0
6475	1.295	1.5698	1.65911	-0.0665435	30.6779	0
6480	1.296	1.5698	1.65911	-0.0665434	30.6789	0
6485	1.297	1.5698	1.65911	-0.0665432	30.6798	0
6490	1.298	1.5698	1.65911	-0.0665432	30.6806	0
6495	1.299	1.5698	1.65911	-0.0665431	30.6814	0
6500	1.3	1.5698	1.65911	-0.0665431	30.6821	0
6505	1.301	1.5698	1.65912	-0.066543	30.6827	0
6510	1.302	1.5698	1.65912	-0.0665428	30.6833	0
6515	1.303	1.5698	1.65912	-0.0665426	30.6839	0
6520	1.304	1.5698	1.65912	-0.0665424	30.6844	0
6525	1.305	1.5698	1.65911	-0.0665422	30.6848	0
6530	1.306	1.5698	1.65912	-0.0665421	30.6824	0
6535	1.307	1.5698	1.65912	-0.0665419	30.683	0
6540	1.308	1.5698	1.65912	-0.0665418	30.6835	0
6545	1.309	1.5698	1.65912	-0.0665418	30.6841	0
6550	1.31	1.5698	1.65912	-0.0665416	30.6845	0
6555	1.311	1.5698	1.65912	-0.0665416	30.6849	0
6560	1.312	1.5698	1.6591	-0.0665415	30.6853	0
6565	1.313	1.5698	1.6591	-0.0665413	30.6734	0
6570	1.314	1.5698	1.6591	-0.0665411	30.6747	0
6575	1.315	1.5698	1.6591	-0.0665409	30.6759	0
6580	1.316	1.5698	1.65911	-0.0665407	30.677	0
6585	1.317	1.5698	1.65911	-0.0665406	30.678	0
6590	1.318	1.5698	1.65911	-0.0665404	30.6789	0
6595	1.319	1.5698	1.65911	-0.0665403	30.6797	0
6600	1.32	1.5698	1.65911	-0.0665403	30.6805	0
6605	1.321	1.5698	1.65911	-0.0665401	30.6812	0
6610	1.322	1.5698	1.65911	-0.0665401	30.6818	0
6615	1.323	1.5698	1.65911	-0.06654	30.6824	0
6620	1.324	1.5698	1.65911	-0.0665398	30.683	0
6625	1.325	1.5698	1.65911	-0.0665396	30.6834	0
6630	1.326	1.5698	1.65912	-0.0665394	30.6839	0
6635	1.327	1.5698	1.65912	-0.0665393	30.6843	0
6640	1.328	1.5698	1.65912	-0.0665391	30.6847	0
6645	1.329	1.5698	1.6591	-0.0665389	30.685	0
6650	1.33	1.5698	1.6591	-0.0665388	30.6731	0
6655	1.331	1.5698	1.6591	-0.0665388	30.6744	0
6660	1.332	1.5698	1.6591	-0.0665386	30.6755	0
6665	1.333	1.5698	1.6591	-0.0665386	30.6766	0
6670	1.334	1.5698	1.6591	-0.0665385	30.6775	0
6675	1.335	1.5698	1.65911	-0.0665384	30.6784	0
6680	1.336	1.5698	1.65911	-0.0665382	30.6792	0
6685	1.337	1.5698	1.65911	-0.066538	30.68	0
6690	1.338	1.5698	1.65911	-0.0665378	30.6807	0
6695	1.339	1.5698	1.65911	-0.0665376	30.6813	0
6700	1.34	1.5698	1.65911	-0.0665374	30.6819	0
6705	1.341	1.5698	1.65911	-0.0665373	30.6824	0
6710	1.342	1.5698	1.65911	-0.0665373	30.6829	0
6715	1.343	1.5698	1.65911	-0.0665371	30.6833	0
6720	1.344	1.5698	1.65911	-0.0665371	30.6837	0
6725	1.345	1.5698	1.65911	-0.066537	30.6841	0
6730	1.346	1.5698	1.65912	-0.0665369	30.6844	0
6735	1.347	1.5698	1.65912	-0.0665367	30.6847	0
6740	1.348	1.5698	1.65912	-0.0665365	30.685	0
6745	1.349	1.5698	1.6591	-0.0665363	30.6853	0
6750	1.35	1.5698	1.6591	-0.0665361	30.6723	0
6755	1.351	1.5698	1.6591	-0.0665359	30.6736	0
6760	1.352	1.5698	1.6591	-0.0665358	30.6747	0
6765	1.353	1.5698	1.6591	-0.0665358	30.6758	0
6770	1.354	1.5698	1.6591	-0.0665356	30.6767	0
6775	1.355	1.5698	1.6591	-0.0665356	30.6776	0
6780	1.356	1.5698	1.6591	-0.0665355	30.6784	0
6785	1.357	1.5698	1.65911	-0.0665354	30.6792	0
6790	1.358	1.5698	1.65911	-0.0665352	30.6799	0
6795	1.359	1.5698	1.65911	-0.066535	30.6805	0
6800	1.36	1.5698	1.65911	-0.0665348	30.6811	0
6805	1.361	1.5698	1.65911	-0.0665346	30.6816	0
6810	1.362	1.5698	1.65911	-0.0665345	30.6821	0
6815	1.363	1.5698	1.65911	-0.0665343	30.6825	0
6820	1.364	1.5698	1.65911	-0.0665343	30.6829	0
6825	1.365	1.5698	1.65911	-0.0665342	30.6833	0
6830	1.366	1.5698	1.65911	-0.0665341	30.6836	0
6835	1.367	1.5698	1.65912	-0.066534	30.6839	0
6840	1.368	1.5698	1.65912	-0.0665339	30.6842	0
6845	1.369	1.5698	1.6591	-0.0665337	30.6845	0
6850	1.37	1.5698	1.6591	-0.0665335	30.6725	0
6855	1.371	1.5698	1.6591	-0.0665333	30.6736	0
6860	1.372	1.5698	1.6591	-0.0665331	30.6747	0
6865	1.373	1.5698	1.6591	-0.066533	30.6757	0
6870	1.374	1.5698	1.6591	-0.0665328	30.6766	0
6875	1.375	1.5698	1.6591	-0.0665328	30.6775	0
6880	1.376	1.5698	1.6591	-0.0665327	30.6782	0
6885	1.377	1.5698	1.65911	-0.0665326	30.6789	0
6890	1.378	1.5698	1.65911	-0.0665326	30.6796	0
6895	1.379	1.5698	1.65911	-0.0665324	30.6801	0
6900	1.38	1.5698	1.65911	-0.0665322	30.6807	0
6905	1.381	1.5698	1.65911	-0.066532	30.6812	0
6910	1.382	1.5698	1.65911	-0.0665318	30.6816	0
6915	1.383	1.5698	1.65911	-0.0665316	30.682	0
6920	1.384	1.5698	1.65911	-0.0665315	30.6824	0
6925	1.385	1.5698	1.65911	-0.0665313	30.6828	0
6930	1.386	1.5698	1.65911	-0.0665313	30.6831	0
6935	1.387	1.5698	1.65911	-0.0665312	30.6834	0
6940	1.388	1.5698	1.65912	-0.0665312	30.6836	0
6945	1.389	1.5698	1.6591	-0.0665311	30.6839	0
6950	1.39	1.5698	1.6591	-0.0665309	30.6709	0
6955	1.391	1.5698	1.6591	-0.0665307	30.6722	0
6960	1.392	1.5698	1.6591	-0.0665305	30.6733	0
6965	1.393	1.5698	1.6591	-0.0665303	30.6744	0
6970	1.394	1.5698	1.6591	-0.0665301	30.6753	0
6975	1.395	1.5698	1.6591	-0.06653	30.6762	0
6980	1.396	1.5698	1.6591	-0.0665298	30.677	0
6985	1.397	1.5698	1.6591	-0.0665298	30.6777	0
6990	1.398	1.5698	1.6591	-0.0665297	30.6784	0
6995	1.399	1.5698	1.65911	-0.0665297	30.679	0
7000	1.4	1.5698	1.65911	-0.0665296	30.6796	0
7005	1.401	1.5698	1.65911	-0.0665294	30.6801	0
7010	1.402	1.5698	1.65911	-0.0665292	30.6806	0
7015	1.403	1.5698	1.65911	-0.066529	30.681	0
7020	1.404	1.5698	1.65911	-0.0665288	30.6814	0
7025	1.405	1.5698	1.65911	-0.0665286	30.6818	0
7030	1.406	1.5698	1.65909	-0.0665285	30.6821	0
7035	1.407	1.5698	1.65909	-0.0665283	30.6692	0
7040	1.408	1.5698	1.65909	-0.0665283	30.6706	0
7045	1.409	1.5698	1.65909	-0.0665282	30.6718	0
7050	1.41	1.5698	1.6591	-0.0665282	30.6729	0
7055	1.411	1.5698	1.6591	-0.0665281	30.6739	0
7060	1.412	1.5698	1.6591	-0.0665279	30.6748	0
7065	1.413	1.5698	1.6591	-0.0665277	30.6757	0
7070	1.414	1.5698	1.6591	-0.0665275	30.6764	0
7075	1.415	1.5698	1.6591	-0.0665273	30.6772	0
7080	1.416	1.5698	1.6591	-0.0665272	30.6778	0
7085	1.417	1.5698	1.6591	-0.066527	30.6784	0
7090	1.418	1.5698	1.6591	-0.0665269	30.679	0
7095	1.419	1.5698	1.6591	-0.0665269	30.6795	0
7100	1.42	1.5698	1.65911	-0.0665267	30.6799	0
7105	1.421	1.5698	1.65911	-0.0665267	30.6804	0
7110	1.422	1.5698	1.65911	-0.0665266	30.6807	0
7115	1.423	1.5698	1.65911	-0.0665264	30.6811	0
7120	1.424	1.5698	1.65911	-0.0665262	30.6814	0
7125	1.425	1.5698	1.65911	-0.066526	30.6817	0
7130	1.426	1.5698	1.65909	-0.0665258	30.682	0
7135	1.427	1.5698	1.65909	-0.0665257	30.67	0
7140	1.428	1.5698	1.65909	-0.0665255	30.6712	0
7145	1.429	1.5698	1.65909	-0.0665254	30.6723	0
7150	1.43	1.5698	1.6591	-0.0665254	30.6733	0
7155	1.431	1.5698	1.6591	-0.0665252	30.6742	0
7160	1.432	1.5698	1.6591	-0.0665252	30.675	0
7165	1.433	1.5698	1.6591	-0.0665251	30.6758	0
7170	1.434	1.5698	1.6591	-0.066525	30.6765	0
7175	1.435	1.5698	1.6591	-0.0665248	30.6772	0
7180	1.436	1.5698	1.6591	-0.0665245	30.6778	0
7185	1.437	1.5698	1.6591	-0.0665243	30.6783	0
7190	1.438	1.5698	1.6591	-0.0665242	30.6788	0
7195	1.439	1.5698	1.6591	-0.066524	30.6793	0
7200	1.44	1.5698	1.6591	-0.0665239	30.6797	0
7205	1.441	1.5698	1.65911	-0.0665239	30.6801	0
7210	1.442	1.5698	1.65911	-0.0665237	30.6804	0
7215	1.443	1.5698	1.65911	-0.0665237	30.6807	0
7220	1.444	1.5698	1.65911	-0.0665236	30.681	0
7225	1.445	1.5698	1.65911	-0.0665235	30.6813	0
7230	1.446	1.5698	1.65909	-0.0665233	30.6815	0
7235	1.447	1.5698	1.65909	-0.0665231	30.6686	0
7240	1.448	1.5698	1.65909	-0.0665229	30.6698	0
7245	1.449	1.5698	1.65909	-0.0665227	30.671	0
7250	1.45	1.5698	1.65909	-0.0665225	30.672	0
7255	1.451	1.5698	1.65909	-0.0665224	30.673	0
7260	1.452	1.5698	1.6591	-0.0665224	30.6739	0
7265	1.453	1.5698	1.6591	-0.0665222	30.6747	0
7270	1.454	1.5698	1.6591	-0.0665222	30.6754	0
7275	1.455	1.5698	1.6591	-0.0665221	30.6761	0
7280	1.456	1.5698	1.6591	-0.066522	30.6767	0
7285	1.457	1.5698	1.6591	-0.0665218	30.6773	0
7290	1.458	1.5698	1.6591	-0.0665216	30.6778	0
7295	1.459	1.5698	1.6591	-0.0665214	30.6782	0
7300	1.46	1.5698	1.6591	-0.0665212	30.6787	0
7305	1.461	1.5698	1.6591	-0.066521	30.6791	0
7310	1.462	1.5698	1.65911	-0.0665209	30.6795	0
7315	1.463	1.5698	1.65911	-0.0665209	30.6798	0
7320	1.464	1.5698	1.65911	-0.0665207	30.6801	0
7325	1.465	1.5698	1.65911	-0.0665207	30.6804	0
7330	1.466	1.5698	1.65909	-0.0665206	30.6806	0
7335	1.467	1.5698	1.65909	-0.0665205	30.6686	0
7340	1.468	1.5698	1.65909	-0.0665203	30.6698	0
7345	1.469	1.5698	1.65909	-0.0665201	30.6709	0
7350	1.47	1.5698	1.65909	-0.0665199	30.6719	0
7355	1.471	1.5698	1.65909	-0.0665197	30.6728	0
7360	1.472	1.5698	1.6591	-0.0665196	30.6736	0
7365	1.473	1.5698	1.6591	-0.0665194	30.6744	0
7370	1.474	1.5698	1.6591	-0.0665194	30.6751	0
7375	1.475	1.5698	1.6591	-0.0665193	30.6757	0
7380	1.476	1.5698	1.6591	-0.0665192	30.6763	0
7385	1.477	1.5698	1.6591	-0.0665191	30.6768	0
7390	1.478	1.5698	1.6591	-0.066519	30.6773	0
7395	1.479	1.5698	1.6591	-0.0665188	30.6778	0
7400	1.48	1.5698	1.6591	-0.0665186	30.6782	0
7405	1.481	1.5698	1.6591	-0.0665184	30.6786	0
7410	1.482	1.5698	1.6591	-0.0665182	30.6789	0
7415	1.483	1.5698	1.65908	-0.0665181	30.6792	0
7420	1.484	1.5698	1.65909	-0.0665179	30.6664	0
7425	1.485	1.5698	1.65909	-0.0665179	30.6677	0
7430	1.486	1.5698	1.65909	-0.0665178	30.6689	0
7435	1.487	1.5698	1.65909	-0.0665177	30.6699	0
7440	1.488	1.5698	1.65909	-0.0665177	30.6709	0
7445	1.489	1.5698	1.65909	-0.0665175	30.6719	0
7450	1.49	1.5698	1.65909	-0.0665173	30.6727	0
7455	1.491	1.5698	1.65909	-0.0665171	30.6735	0
7460	1.492	1.5698	1.65909	-0.0665169	30.6742	0
7465	1.493	1.5698	1.65909	-0.0665167	30.6748	0
7470	1.494	1.5698	1.6591	-0.0665166	30.6754	0
7475	1.495	1.5698	1.6591	-0.0665164	30.676	0
7480	1.496	1.5698	1.6591	-0.0665164	30.6765	0
7485	1.497	1.5698	1.6591	-0.0665163	30.6769	0
7490	1.498	1.5698	1.6591	-0.0665163	30.6773	0
7495	1.499	1.5698	1.6591	-0.0665162	30.6777	0
7500	1.5	1.5698	1.6591	-0.066516	30.6781	0
7505	1.501	1.5698	1.6591	-0.0665158	30.6784	0
7510	1.502	1.5698	1.6591	-0.0665156	30.6787	0
7515	1.503	1.5698	1.65908	-0.0665154	30.679	0
7520	1.504	1.5698	1.65908	-0.0665152	30.666	0
7525	1.505	1.5698	1.65909	-0.0665151	30.6673	0
7530	1.506	1.5698	1.65909	-0.0665149	30.6685	0
7535	1.507	1.5698	1.65909	-0.0665149	30.6695	0
7540	1.508	1.5698	1.65909	-0.0665148	30.6705	0
7545	1.509	1.5698	1.65909	-0.0665148	30.6714	0
7550	1.51	1.5698	1.65909	-0.0665147	30.6722	0
7555	1.511	1.5698	1.65909	-0.0665145	30.6729	0
7560	1.512	1.5698	1.65909	-0.0665143	30.6736	0
7565	1.513	1.5698	1.65909	-0.0665141	30.6743	0
7570	1.514	1.5698	1.65909	-0.0665139	30.6748	0
7575	1.515	1.5698	1.6591	-0.0665137	30.6754	0
7580	1.516	1.5698	1.6591	-0.0665136	30.6758	0
7585	1.517	1.5698	1.6591	-0.0665134	30.6763	0
7590	1.518	1.5698	1.6591	-0.0665134	30.6767	0
7595	1.519	1.5698	1.6591	-0.0665133	30.6771	0
7600	1.52	1.5698	1.6591	-0.0665133	30.6774	0
7605	1.521	1.5698	1.6591	-0.0665132	30.6777	0
7610	1.522	1.5698	1.6591	-0.066513	30.678	0
7615	1.523	1.5698	1.65908	-0.0665128	30.6783	0
7620	1.524	1.5698	1.65909	-0.0665126	30.6672	0
7625	1.525	1.5698	1.65909	-0.0665124	30.6683	0
7630	1.526	1.5698	1.65909	-0.0665123	30.6693	0
7635	1.527	1.5698	1.65909	-0.0665121	30.6703	0
7640	1.528	1.5698	1.65909	-0.066512	30.6711	0
7645	1.529	1.5698	1.65909	-0.066512	30.6719	0
7650	1.53	1.5698	1.65909	-0.0665118	30.6726	0
7655	1.531	1.5698	1.65909	-0.0665118	30.6733	0
7660	1.532	1.5698	1.65909	-0.0665117	30.6739	0
7665	1.533	1.5698	1.65909	-0.0665115	30.6744	0
7670	1.534	1.5698	1.6591	-0.0665113	30.6749	0
7675	1.535	1.5698	1.6591	-0.0665111	30.6754	0
7680	1.536	1.5698	1.6591	-0.0665109	30.6758	0
7685	1.537	1.5698	1.6591	-0.0665108	30.6762	0
7690	1.538	1.5698	1.6591	-0.0665106	30.6766	0
7695	1.539	1.5698	1.6591	-0.0665105	30.6769	0
7700	1.54	1.5698	1.6591	-0.0665105	30.6772	0
7705	1.541	1.5698	1.6591	-0.0665103	30.6775	0
7710	1.542	1.5698	1.6591	-0.0665103	30.6777	0
7715	1.543	1.5698	1.65908	-0.0665102	30.6779	0
7720	1.544	1.5698	1.65908	-0.06651	30.6631	0
7725	1.545	1.5698	1.65908	-0.0665098	30.6645	0
7730	1.546	1.5698	1.65908	-0.0665096	30.6657	0
7735	1.547	1.5698	1.65908	-0.0665095	30.6669	0
7740	1.548	1.5698	1.65908	-0.0665093	30.6679	0
7745	1.549	1.5698	1.65909	-0.0665091	30.6689	0
7750	1.55	1.5698	1.65909	-0.066509	30.6698	0
7755	1.551	1.5698	1.65909	-0.066509	30.6706	0
7760	1.552	1.5698	1.65909	-0.0665088	30.6714	0
7765	1.553	1.5698	1.65909	-0.0665088	30.6721	0
7770	1.554	1.5698	1.65909	-0.0665087	30.6727	0
7775	1.555	1.5698	1.65909	-0.0665086	30.6733	0
7780	1.556	1.5698	1.65909	-0.0665084	30.6738	0
7785	1.557	1.5698	1.65909	-0.0665082	30.6743	0
7790	1.558	1.5698	1.65909	-0.066508	30.6747	0
7795	1.559	1.5698	1.65909	-0.0665078	30.6751	0
7800	1.56	1.5698	1.6591	-0.0665076	30.6755	0
7805	1.561	1.5698	1.65908	-0.0665075	30.6758	0
7810	1.562	1.5698	1.65908	-0.0665075	30.663	0
7815	1.563	1.5698	1.65908	-0.0665073	30.6643	0
7820	1.564	1.5698	1.65908	-0.0665073	30.6655	0
7825	1.565	1.5698	1.65908	-0.0665072	30.6666	0
7830	1.566	1.5698	1.65908	-0.0665071	30.6676	0
7835	1.567	1.5698	1.65908	-0.0665069	30.6685	0
7840	1.568	1.5698	1.65908	-0.0665067	30.6694	0
7845	1.569	1.5698	1.65908	-0.0665065	30.6702	0
7850	1.57	1.5698	1.65909	-0.0665063	30.6709	0
7855	1.571	1.5698	1.65909	-0.0665061	30.6716	0
7860	1.572	1.5698	1.65909	-0.066506	30.6722	0
7865	1.573	1.5698	1.65909	-0.066506	30.6727	0
7870	1.574	1.5698	1.65909	-0.0665058	30.6732	0
7875	1.575	1.5698	1.65909	-0.0665058	30.6737	0
7880	1.576	1.5698	1.65909	-0.0665057	30.6741	0
7885	1.577	1.5698	1.65909	-0.0665056	30.6745	0
7890	1.578	1.5698	1.65909	-0.0665054	30.6749	0
7895	1.579	1.5698	1.65909	-0.0665052	30.6752	0
7900	1.58	1.5698	1.65907	-0.066505	30.6755	0
7905	1.581	1.5698	1.65907	-0.0665048	30.6626	0
7910	1.582	1.5698	1.65908	-0.0665046	30.6639	0
7915	1.583	1.5698	1.65908	-0.0665045	30.665	0
7920	1.584	1.5698	1.65908	-0.0665045	30.6661	0
7925	1.585	1.5698	1.65908	-0.0665044	30.6671	0
7930	1.586	1.5698	1.65908	-0.0665043	30.668	0
7935	1.587	1.5698	1.65908	-0.0665042	30.6689	0
7940	1.588	1.5698	1.65908	-0.0665041	30.6696	0
7945	1.589	1.5698	1.65908	-0.0665039	30.6703	0
7950	1.59	1.5698	1.65908	-0.0665037	30.671	0
7955	1.591	1.5698	1.65909	-0.0665035	30.6715	0
7960	1.592	1.5698	1.65909	-0.0665033	30.6721	0
7965	1.593	1.5698	1.65909	-0.0665032	30.6726	0
7970	1.594	1.5698	1.65909	-0.066503	30.673	0
7975	1.595	1.5698	1.65909	-0.066503	30.6734	0
7980	1.596	1.5698	1.65909	-0.0665029	30.6738	0
7985	1.597	1.5698	1.65909	-0.0665028	30.6742	0
7990	1.598	1.5698	1.65909	-0.0665027	30.6745	0
7995	1.599	1.5698	1.65909	-0.0665026	30.6748	0
8000	1.6	1.5698	1.65907	-0.0665024	30.675	0
8005	1.601	1.5698	1.65908	-0.0665022	30.663	0
8010	1.602	1.5698	1.65908	-0.066502	30.6642	0
8015	1.603	1.5698	1.65908	-0.0665018	30.6653	0
8020	1.604	1.5698	1.65908	-0.0665017	30.6663	0
8025	1.605	1.5698	1.65908	-0.0665015	30.6672	0
8030	1.606	1.5698	1.65908	-0.0665015	30.6681	0
8035	1.607	1.5698	1.65908	-0.0665014	30.6688	0
8040	1.608	1.5698	1.65908	-0.0665014	30.6695	0
8045	1.609	1.5698	1.65908	-0.0665013	30.6702	0
8050	1.61	1.5698	1.65908	-0.0665011	30.6708	0
8055	1.611	1.5698	1.65909	-0.0665009	30.6713	0
8060	1.612	1.5698	1.65909	-0.0665007	30.6718	0
8065	1.613	1.5698	1.65909	-0.0665005	30.6723	0
8070	1.614	1.5698	1.65909	-0.0665003	30.6727	0
8075	1.615	1.5698	1.65909	-0.0665002	30.6731	0
8080	1.616	1.5698	1.65909	-0.0665	30.6734	0
8085	1.617	1.5698	1.65909	-0.0665	30.6737	0
8090	1.618	1.5698	1.65909	-0.0664999	30.674	0
8095	1.619	1.5698	1.65909	-0.0664999	30.6743	0
8100	1.62	1.5698	1.65907	-0.0664998	30.6745	0
8105	1.621	1.5698	1.65907	-0.0664996	30.6616	0
8110	1.622	1.5698	1.65907	-0.0664994	30.6628	0
8115	1.623	1.5698	1.65908	-0.0664992	30.664	0
8120	1.624	1.5698	1.65908	-0.066499	30.665	0
8125	1.625	1.5698	1.65908	-0.0664989	30.666	0
8130	1.626	1.5698	1.65908	-0.0664987	30.6668	0
8135	1.627	1.5698	1.65908	-0.0664985	30.6676	0
8140	1.628	1.5698	1.65908	-0.0664985	30.6684	0
8145	1.629	1.5698	1.65908	-0.0664984	30.6691	0
8150	1.63	1.5698	1.65908	-0.0664984	30.6697	0
8155	1.631	1.5698	1.65908	-0.0664983	30.6702	0
8160	1.632	1.5698	1.65908	-0.0664981	30.6708	0
8165	1.633	1.5698	1.65909	-0.0664979	30.6712	0
8170	1.634	1.5698	1.65909	-0.0664977	30.6717	0
8175	1.635	1.5698	1.65909	-0.0664975	30.6721	0
8180	1.636	1.5698	1.65909	-0.0664974	30.6724	0
8185	1.637	1.5698	1.65909	-0.0664972	30.6728	0
8190	1.638	1.5698	1.65907	-0.0664971	30.6731	0
8195	1.639	1.5698	1.65907	-0.0664971	30.6611	0
8200	1.64	1.5698	1.65907	-0.0664969	30.6623	0
8205	1.641	1.5698	1.65907	-0.0664969	30.6635	0
8210	1.642	1.5698	1.65907	-0.0664968	30.6645	0
8215	1.643	1.5698	1.65908	-0.0664966	30.6654	0
8220	1.644	1.5698	1.65908	-0.0664964	30.6663	0
8225	1.645	1.5698	1.65908	-0.0664962	30.6671	0
8230	1.646	1.5698	1.65908	-0.066496	30.6678	0
8235	1.647	1.5698	1.65908	-0.0664959	30.6684	0
8240	1.648	1.5698	1.65908	-0.0664957	30.6691	0
8245	1.649	1.5698	1.65908	-0.0664956	30.6696	0
8250	1.65	1.5698	1.65908	-0.0664956	30.6701	0
8255	1.651	1.5698	1.65908	-0.0664954	30.6706	0
8260	1.652	1.5698	1.65908	-0.0664954	30.671	0
8265	1.653	1.5698	1.65909	-0.0664953	30.6714	0
8270	1.654	1.5698	1.65909	-0.0664952	30.6718	0
8275	1.655	1.5698	1.65909	-0.0664949	30.6721	0
8280	1.656	1.5698	1.65909	-0.0664947	30.6724	0
8285	1.657	1.5698	1.65907	-0.0664945	30.6727	0
8290	1.658	1.5698	1.65907	-0.0664944	30.6607	0
8295	1.659	1.5698	1.65907	-0.0664942	30.6619	0
8300	1.66	1.5698	1.65907	-0.0664941	30.663	0
8305	1.661	1.5698	1.65907	-0.0664941	30.664	0
8310	1.662	1.5698	1.65907	-0.0664939	30.6649	0
8315	1.663	1.5698	1.65908	-0.0664939	30.6657	0
8320	1.664	1.5698	1.65908	-0.0664938	30.6665	0
8325	1.665	1.5698	1.65908	-0.0664937	30.6672	0
8330	1.666	1.5698	1.65908	-0.0664935	30.6679	0
8335	1.667	1.5698	1.65908	-0.0664933	30.6685	0
8340	1.668	1.5698	1.65908	-0.0664931	30.669	0
8345	1.669	1.5698	1.65908	-0.0664929	30.6695	0
8350	1.67	1.5698	1.65908	-0.0664927	30.67	0
8355	1.671	1.5698	1.65908	-0.0664926	30.6704	0
8360	1.672	1.5698	1.65908	-0.0664926	30.6708	0
8365	1.673	1.5698	1.65908	-0.0664924	30.6711	0
8370	1.674	1.5698	1.65909	-0.0664924	30.6714	0
8375	1.675	1.5698	1.65909	-0.0664923	30.6717	0
8380	1.676	1.5698	1.65909	-0.0664922	30.672	0
8385	1.677	1.5698	1.65907	-0.066492	30.6722	0
8390	1.678	1.5698	1.65907	-0.0664918	30.6593	0
8395	1.679	1.5698	1.65907	-0.0664916	30.6605	0
8400	1.68	1.5698	1.65907	-0.0664914	30.6617	0
8405	1.681	1.5698	1.65907	-0.0664912	30.6627	0
8410	1.682	1.5698	1.65907	-0.0664911	30.6637	0
8415	1.683	1.5698	1.65907	-0.0664911	30.6646	0
8420	1.684	1.5698	1.65907	-0.0664909	30.6654	0
8425	1.685	1.5698	1.65908	-0.0664909	30.6661	0
8430	1.686	1.5698	1.65908	-0.0664908	30.6668	0
8435	1.687	1.5698	1.65908	-0.0664907	30.6674	0
8440	1.688	1.5698	1.65908	-0.0664905	30.668	0
8445	1.689	1.5698	1.65908	-0.0664903	30.6685	0
8450	1.69	1.5698	1.65908	-0.0664901	30.669	0
8455	1.691	1.5698	1.65908	-0.0664899	30.6694	0
8460	1.692	1.5698	1.65908	-0.0664897	30.6698	0
8465	1.693	1.5698	1.65908	-0.0664896	30.6702	0
8470	1.694	1.5698	1.65908	-0.0664896	30.6705	0
8475	1.695	1.5698	1.65908	-0.0664895	30.6708	0
8480	1.696	1.5698	1.65909	-0.0664894	30.6711	0
8485	1.697	1.5698	1.65907	-0.0664893	30.6713	0
8490	1.698	1.5698	1.65907	-0.0664892	30.6593	0
8495	1.699	1.5698	1.65907	-0.066489	30.6605	0
8500	1.7	1.5698	1.65907	-0.0664888	30.6616	0
8505	1.701	1.5698	1.65907	-0.0664886	30.6626	0
8510	1.702	1.5698	1.65907	-0.0664884	30.6635	0
8515	1.703	1.5698	1.65907	-0.0664883	30.6643	0
8520	1.704	1.5698	1.65907	-0.0664881	30.6651	0
8525	1.705	1.5698	1.65908	-0.0664881	30.6658	0
8530	1.706	1.5698	1.65908	-0.066488	30.6664	0
8535	1.707	1.5698	1.65908	-0.066488	30.667	0
8540	1.708	1.5698	1.65908	-0.0664879	30.6676	0
8545	1.709	1.5698	1.65908	-0.0664877	30.668	0
8550	1.71	1.5698	1.65908	-0.0664875	30.6685	0
8555	1.711	1.5698	1.65908	-0.0664873	30.6689	0
8560	1.712	1.5698	1.65908	-0.0664871	30.6693	0
8565	1.713	1.5698	1.65908	-0.0664869	30.6696	0
8570	1.714	1.5698	1.65908	-0.0664868	30.67	0
8575	1.715	1.5698	1.65906	-0.0664866	30.6702	0
8580	1.716	1.5698	1.65906	-0.0664866	30.6573	0
8585	1.717	1.5698	1.65907	-0.0664865	30.6586	0
8590	1.718	1.5698	1.65907	-0.0664865	30.6598	0
8595	1.719	1.5698	1.65907	-0.0664864	30.6609	0
8600	1.72	1.5698	1.65907	-0.0664862	30.6618	0
8605	1.721	1.5698	1.65907	-0.066486	30.6627	0
8610	1.722	1.5698	1.65907	-0.0664858	30.6636	0
8615	1.723	1.5698	1.65907	-0.0664856	30.6643	0
8620	1.724	1.5698	1.65907	-0.0664854	30.665	0
8625	1.725	1.5698	1.65907	-0.0664853	30.6657	0
8630	1.726	1.5698	1.65907	-0.0664851	30.6662	0
8635	1.727	1.5698	1.65908	-0.0664851	30.6668	0
8640	1.728	1.5698	1.65908	-0.066485	30.6673	0
8645	1.729	1.5698	1.65908	-0.066485	30.6677	0
8650	1.73	1.5698	1.65908	-0.0664849	30.6681	0
8655	1.731	1.5698	1.65908	-0.0664847	30.6685	0
8660	1.732	1.5698	1.65908	-0.0664845	30.6689	0
8665	1.733	1.5698	1.65908	-0.0664843	30.6692	0
8670	1.734	1.5698	1.65906	-0.0664841	30.6695	0
8675	1.735	1.5698	1.65906	-0.066484	30.6566	0
8680	1.736	1.5698	1.65906	-0.0664838	30.6578	0
8685	1.737	1.5698	1.65906	-0.0664836	30.659	0
8690	1.738	1.5698	1.65906	-0.0664836	30.6601	0
8695	1.739	1.5698	1.65907	-0.0664835	30.6611	0
8700	1.74	1.5698	1.65907	-0.0664835	30.662	0
8705	1.741	1.5698	1.65907	-0.0664834	30.6628	0
8710	1.742	1.5698	1.65907	-0.0664832	30.6635	0
8715	1.743	1.5698	1.65907	-0.066483	30.6642	0
8720	1.744	1.5698	1.65907	-0.0664828	30.6649	0
8725	1.745	1.5698	1.65907	-0.0664826	30.6655	0
8730	1.746	1.5698	1.65907	-0.0664825	30.666	0
8735	1.747	1.5698	1.65907	-0.0664823	30.6665	0
8740	1.748	1.5698	1.65907	-0.0664822	30.6669	0
8745	1.749	1.5698	1.65908	-0.0664822	30.6673	0
8750	1.75	1.5698	1.65908	-0.066482	30.6677	0
8755	1.751	1.5698	1.65908	-0.066482	30.6681	0
8760	1.752	1.5698	1.65908	-0.0664819	30.6684	0
8765	1.753	1.5698	1.65908	-0.0664817	30.6687	0
8770	1.754	1.5698	1.65906	-0.0664815	30.6689	0
8775	1.755	1.5698	1.65906	-0.0664813	30.6579	0
8780	1.756	1.5698	1.65906	-0.0664811	30.659	0
8785	1.757	1.5698	1.65907	-0.066481	30.66	0
8790	1.758	1.5698	1.65907	-0.0664808	30.6609	0
8795	1.759	1.5698	1.65907	-0.0664807	30.6618	0
8800	1.76	1.5698	1.65907	-0.0664807	30.6626	0
8805	1.761	1.5698	1.65907	-0.0664805	30.6633	0
8810	1.762	1.5698	1.65907	-0.0664805	30.664	0
8815	1.763	1.5698	1.65907	-0.0664804	30.6646	0
8820	1.764	1.5698	1.65907	-0.0664802	30.6651	0
8825	1.765	1.5698	1.65907	-0.06648	30.6656	0
8830	1.766	1.5698	1.65907	-0.0664798	30.6661	0
8835	1.767	1.5698	1.65907	-0.0664797	30.6665	0
8840	1.768	1.5698	1.65908	-0.0664795	30.6669	0
8845	1.769	1.5698	1.65908	-0.0664793	30.6673	0
8850	1.77	1.5698	1.65908	-0.0664792	30.6676	0
8855	1.771	1.5698	1.65908	-0.0664792	30.6679	0
8860	1.772	1.5698	1.65908	-0.066479	30.6682	0
8865	1.773	1.5698	1.65908	-0.066479	30.6684	0
8870	1.774	1.5698	1.65908	-0.0664789	30.6686	0
8875	1.775	1.5698	1.65906	-0.0664788	30.6689	0
8880	1.776	1.5698	1.65906	-0.0664786	30.6559	0
8885	1.777	1.5698	1.65906	-0.0664783	30.6571	0
8890	1.778	1.5698	1.65906	-0.0664782	30.6582	0
8895	1.779	1.5698	1.65906	-0.066478	30.6564	0
8900	1.78	1.5698	1.65906	-0.0664778	30.6575	0
8905	1.781	1.5698	1.65906	-0.0664777	30.6586	0
8910	1.782	1.5698	1.65906	-0.0664777	30.6596	0
8915	1.783	1.5698	1.65906	-0.0664775	30.6605	0
8920	1.784	1.5698	1.65907	-0.0664775	30.6613	0
8925	1.785	1.5698	1.65907	-0.0664774	30.662	0
8930	1.786	1.5698	1.65907	-0.0664773	30.6627	0
8935	1.787	1.5698	1.65907	-0.0664771	30.6633	0
8940	1.788	1.5698	1.65907	-0.0664769	30.6639	0
8945	1.789	1.5698	1.65907	-0.0664767	30.6644	0
8950	1.79	1.5698	1.65907	-0.0664765	30.6649	0
8955	1.791	1.5698	1.65907	-0.0664763	30.6654	0
8960	1.792	1.5698	1.65905	-0.0664762	30.6658	0
8965	1.793	1.5698	1.65905	-0.0664762	30.653	0
8970	1.794	1.5698	1.65905	-0.066476	30.6543	0
8975	1.795	1.5698	1.65906	-0.066476	30.6556	0
8980	1.796	1.5698	1.65906	-0.0664759	30.6567	0
8985	1.797	1.5698	1.65906	-0.0664758	30.6578	0
8990	1.798	1.5698	1.65906	-0.0664756	30.6588	0
8995	1.799	1.5698	1.65906	-0.0664754	30.6597	0
9000	1.8	1.5698	1.65906	-0.0664752	30.6605	0
9005	1.801	1.5698	1.65906	-0.066475	30.6612	0
9010	1.802	1.5698	1.65906	-0.0664749	30.6619	0
9015	1.803	1.5698	1.65906	-0.0664747	30.6625	0
9020	1.804	1.5698	1.65906	-0.0664747	30.6631	0
9025	1.805	1.5698	1.65907	-0.0664746	30.6636	0
9030	1.806	1.5698	1.65907	-0.0664745	30.6641	0
9035	1.807	1.5698	1.65907	-0.0664745	30.6646	0
9040	1.808	1.5698	1.65907	-0.0664743	30.665	0
9045	1.809	1.5698	1.65907	-0.0664741	30.6653	0
9050	1.81	1.5698	1.65907	-0.0664739	30.6657	0
9055	1.811	1.5698	1.65905	-0.0664737	30.666	0
9060	1.812	1.5698	1.65905	-0.0664735	30.654	0
9065	1.813	1.5698	1.65905	-0.0664734	30.6553	0
9070	1.814	1.5698	1.65905	-0.0664732	30.6564	0
9075	1.815	1.5698	1.65906	-0.0664732	30.6574	0
9080	1.816	1.5698	1.65906	-0.0664731	30.6584	0
9085	1.817	1.5698	1.65906	-0.0664731	30.6592	0
9090	1.818	1.5698	1.65906	-0.066473	30.66	0
9095	1.819	1.5698	1.65906	-0.0664728	30.6607	0
9100	1.82	1.5698	1.65906	-0.0664726	30.6614	0
9105	1.821	1.5698	1.65906	-0.0664724	30.662	0
9110	1.822	1.5698	1.65906	-0.0664722	30.6626	0
9115	1.823	1.5698	1.65906	-0.066472	30.6631	0
9120	1.824	1.5698	1.65906	-0.0664719	30.6635	0
9125	1.825	1.5698	1.65907	-0.0664717	30.664	0
9130	1.826	1.5698	1.65907	-0.0664717	30.6644	0
9135	1.827	1.5698	1.65907	-0.0664716	30.6647	0
9140	1.828	1.5698	1.65907	-0.0664716	30.6651	0
9145	1.829	1.5698	1.65907	-0.0664715	30.6654	0
9150	1.83	1.5698	1.65907	-0.0664713	30.6656	0
9155	1.831	1.5698	1.65905	-0.0664711	30.6659	0
9160	1.832	1.5698	1.65905	-0.0664709	30.6539	0
9165	1.833	1.5698	1.65905	-0.0664707	30.6551	0
9170	1.834	1.5698	1.65905	-0.0664705	30.6561	0
9175	1.835	1.5698	1.65906	-0.0664704	30.6571	0
9180	1.836	1.5698	1.65906	-0.0664702	30.658	0
9185	1.837	1.5698	1.65906	-0.0664702	30.6589	0
9190	1.838	1.5698	1.65906	-0.0664701	30.6596	0
9195	1.839	1.5698	1.65906	-0.0664701	30.6603	0
9200	1.84	1.5698	1.65906	-0.06647	30.6609	0
9205	1.841	1.5698	1.65906	-0.0664698	30.6615	0
9210	1.842	1.5698	1.65906	-0.0664696	30.6621	0
9215	1.843	1.5698	1.65906	-0.0664694	30.6626	0
9220	1.844	1.5698	1.65906	-0.0664692	30.663	0
9225	1.845	1.5698	1.65907	-0.0664691	30.6634	0
9230	1.846	1.5698	1.65907	-0.0664689	30.6638	0
9235	1.847	1.5698	1.65907	-0.0664687	30.6641	0
9240	1.848	1.5698	1.65907	-0.0664687	30.6645	0
9245	1.849	1.5698	1.65907	-0.0664686	30.6648	0
9250	1.85	1.5698	1.65907	-0.0664686	30.665	0
9255	1.851	1.5698	1.65907	-0.0664685	30.6653	0
9260	1.852	1.5698	1.65905	-0.0664683	30.6655	0
9265	1.853	1.5698	1.65905	-0.0664681	30.6525	0
9270	1.854	1.5698	1.65905	-0.0664679	30.6537	0
9275	1.855	1.5698	1.65905	-0.0664677	30.6549	0
9280	1.856	1.5698	1.65906	-0.0664676	30.6559	0
9285	1.857	1.5698	1.65906	-0.0664674	30.6568	0
9290	1.858	1.5698	1.65906	-0.0664673	30.6577	0
9295	1.859	1.5698	1.65906	-0.0664673	30.6585	0
9300	1.86	1.5698	1.65906	-0.0664671	30.6592	0
9305	1.861	1.5698	1.65906	-0.0664671	30.6599	0
9310	1.862	1.5698	1.65906	-0.066467	30.6605	0
9315	1.863	1.5698	1.65906	-0.0664668	30.661	0
9320	1.864	1.5698	1.65906	-0.0664666	30.6615	0
9325	1.865	1.5698	1.65906	-0.0664664	30.662	0
9330	1.866	1.5698	1.65906	-0.0664662	30.6624	0
9335	1.867	1.5698	1.65907	-0.0664661	30.6628	0
9340	1.868	1.5698	1.65907	-0.0664659	30.6632	0
9345	1.869	1.5698	1.65905	-0.0664658	30.6635	0
9350	1.87	1.5698	1.65905	-0.0664658	30.6516	0
9355	1.871	1.5698	1.65905	-0.0664656	30.6528	0
9360	1.872	1.5698	1.65905	-0.0664656	30.654	0
9365	1.873	1.5698	1.65905	-0.0664655	30.655	0
9370	1.874	1.5698	1.65905	-0.0664653	30.656	0
9375	1.875	1.5698	1.65905	-0.0664652	30.6568	0
9380	1.876	1.5698	1.65906	-0.066465	30.6576	0
9385	1.877	1.5698	1.65906	-0.0664648	30.6584	0
9390	1.878	1.5698	1.65906	-0.0664646	30.659	0
9395	1.879	1.5698	1.65906	-0.0664644	30.6597	0
9400	1.88	1.5698	1.65906	-0.0664643	30.6602	0
9405	1.881	1.5698	1.65906	-0.0664643	30.6607	0
9410	1.882	1.5698	1.65906	-0.0664641	30.6612	0
9415	1.883	1.5698	1.65906	-0.0664641	30.6616	0
9420	1.884	1.5698	1.65906	-0.066464	30.662	0
9425	1.885	1.5698	1.65906	-0.0664639	30.6624	0
9430	1.886	1.5698	1.65906	-0.0664637	30.6627	0
9435	1.887	1.5698	1.65907	-0.0664635	30.6631	0
9440	1.888	1.5698	1.65907	-0.0664633	30.6633	0
9445	1.889	1.5698	1.65905	-0.0664631	30.6636	0
9450	1.89	1.5698	1.65905	-0.0664629	30.6507	0
9455	1.891	1.5698	1.65905	-0.0664628	30.6519	0
9460	1.892	1.5698	1.65905	-0.0664628	30.653	0
9465	1.893	1.5698	1.65905	-0.0664626	30.6541	0
9470	1.894	1.5698	1.65905	-0.0664626	30.6551	0
9475	1.895	1.5698	1.65905	-0.0664625	30.6559	0
9480	1.896	1.5698	1.65905	-0.0664624	30.6568	0
9485	1.897	1.5698	1.65905	-0.0664622	30.6575	0
9490	1.898	1.5698	1.65906	-0.066462	30.6582	0
9495	1.899	1.5698	1.65906	-0.0664618	30.6588	0
9500	1.9	1.5698	1.65906	-0.0664616	30.6594	0
9505	1.901	1.5698	1.65906	-0.0664614	30.6599	0
9510	1.902	1.5698	1.65906	-0.0664613	30.6604	0
9515	1.903	1.5698	1.65906	-0.0664613	30.6608	0
9520	1.904	1.5698	1.65906	-0.0664612	30.6612	0
9525	1.905	1.5698	1.65906	-0.0664611	30.6616	0
9530	1.906	1.5698	1.65906	-0.066461	30.6619	0
9535	1.907	1.5698	1.65906	-0.0664609	30.6622	0
9540	1.908	1.5698	1.65904	-0.0664607	30.6625	0
9545	1.909	1.5698	1.65904	-0.0664605	30.6496	0
9550	1.91	1.5698	1.65905	-0.0664603	30.6509	0
9555	1.911	1.5698	1.65905	-0.0664601	30.652	0
9560	1.912	1.5698	1.65905	-0.06646	30.6531	0
9565	1.913	1.5698	1.65905	-0.0664598	30.6541	0
9570	1.914	1.5698	1.65905	-0.0664598	30.655	0
9575	1.915	1.5698	1.65905	-0.0664597	30.6558	0
9580	1.916	1.5698	1.65905	-0.0664596	30.6566	0
9585	1.917	1.5698	1.65905	-0.0664596	30.6572	0
9590	1.918	1.5698	1.65905	-0.0664594	30.6579	0
9595	1.919	1.5698	1.65905	-0.0664592	30.6585	0
9600	1.92	1.5698	1.65906	-0.066459	30.659	0
9605	1.921	1.5698	1.65906	-0.0664588	30.6595	0
9610	1.922	1.5698	1.65906	-0.0664586	30.6599	0
9615	1.923	1.5698	1.65906	-0.0664585	30.6603	0
9620	1.924	1.5698	1.65906	-0.0664583	30.6607	0
9625	1.925	1.5698	1.65906	-0.0664583	30.6611	0
9630	1.926	1.5698	1.65906	-0.0664582	30.6614	0
9635	1.927	1.5698	1.65906	-0.0664582	30.6617	0
9640	1.928	1.5698	1.65906	-0.0664581	30.6619	0
9645	1.929	1.5698	1.65904	-0.0664579	30.6622	0
9650	1.93	1.5698	1.65905	-0.0664577	30.6502	0
9655	1.931	1.5698	1.65905	-0.0664575	30.6513	0
9660	1.932	1.5698	1.65905	-0.0664573	30.6524	0
9665	1.933	1.5698	1.65905	-0.0664571	30.6534	0
9670	1.934	1.5698	1.65905	-0.066457	30.6543	0
9675	1.935	1.5698	1.65905	-0.0664568	30.6551	0
9680	1.936	1.5698	1.65905	-0.0664568	30.6558	0
9685	1.937	1.5698	1.65905	-0.0664567	30.6565	0
9690	1.938	1.5698	1.65905	-0.0664567	30.6572	0
9695	1.939	1.5698	1.65905	-0.0664566	30.6577	0
9700	1.94	1.5698	1.65906	-0.0664564	30.6583	0
9705	1.941	1.5698	1.65906	-0.0664562	30.6588	0
9710	1.942	1.5698	1.65906	-0.066456	30.6592	0
9715	1.943	1.5698	1.65906	-0.0664558	30.6596	0
9720	1.944	1.5698	1.65906	-0.0664556	30.66	0
9725	1.945	1.5698	1.65906	-0.0664555	30.6603	0
9730	1.946	1.5698	1.65904	-0.0664553	30.6606	0
9735	1.947	1.5698	1.65904	-0.0664553	30.6487	0
9740	1.948	1.5698	1.65904	-0.0664552	30.6499	0
9745	1.949	1.5698	1.65904	-0.0664552	30.651	0
9750	1.95	1.5698	1.65905	-0.0664551	30.6521	0
9755	1.951	1.5698	1.65905	-0.0664549	30.653	0
9760	1.952	1.5698	1.65905	-0.0664547	30.6539	0
9765	1.953	1.5698	1.65905	-0.0664545	30.6547	0
9770	1.954	1.5698	1.65905	-0.0664543	30.6554	0
9775	1.955	1.5698	1.65905	-0.0664542	30.6561	0
9780	1.956	1.5698	1.65905	-0.066454	30.6567	0
9785	1.957	1.5698	1.65905	-0.0664539	30.6572	0
9790	1.958	1.5698	1.65905	-0.0664539	30.6577	0
9795	1.959	1.5698	1.65905	-0.0664537	30.6582	0
9800	1.96	1.5698	1.65906	-0.0664537	30.6586	0
9805	1.961	1.5698	1.65906	-0.0664536	30.659	0
9810	1.962	1.5698	1.65906	-0.0664534	30.6594	0
9815	1.963	1.5698	1.65906	-0.0664532	30.6597	0
9820	1.964	1.5698	1.65906	-0.066453	30.66	0
9825	1.965	1.5698	1.65906	-0.0664528	30.6603	0
9830	1.966	1.5698	1.65904	-0.0664527	30.6606	0
9835	1.967	1.5698	1.65904	-0.0664525	30.6476	0
9840	1.968	1.5698	1.65904	-0.0664524	30.6489	0
9845	1.969	1.5698	1.65904	-0.0664524	30.65	0
9850	1.97	1.5698	1.65904	-0.0664522	30.6511	0
9855	1.971	1.5698	1.65904	-0.0664522	30.652	0
9860	1.972	1.5698	1.65905	-0.0664521	30.6529	0
9865	1.973	1.5698	1.65905	-0.0664519	30.6537	0
9870	1.974	1.5698	1.65905	-0.0664517	30.6545	0
9875	1.975	1.5698	1.65905	-0.0664515	30.6551	0
9880	1.976	1.5698	1.65905	-0.0664513	30.6558	0
9885	1.977	1.5698	1.65905	-0.0664512	30.6563	0
9890	1.978	1.5698	1.65905	-0.066451	30.6568	0
9895	1.979	1.5698	1.65905	-0.0664509	30.6573	0
9900	1.98	1.5698	1.65905	-0.0664509	30.6578	0
9905	1.981	1.5698	1.65905	-0.0664507	30.6582	0
9910	1.982	1.5698	1.65906	-0.0664507	30.6585	0
9915	1.983	1.5698	1.65906	-0.0664506	30.6589	0
9920	1.984	1.5698	1.65906	-0.0664505	30.6592	0
9925	1.985	1.5698	1.65906	-0.0664503	30.6595	0
9930	1.986	1.5698	1.65904	-0.0664501	30.6597	0
9935	1.987	1.5698	1.65904	-0.0664499	30.6477	0
9940	1.988	1.5698	1.65904	-0.0664497	30.6489	0
9945	1.989	1.5698	1.65904	-0.0664495	30.65	0
9950	1.99	1.5698	1.65904	-0.0664494	30.651	0
9955	1.991	1.5698	1.65904	-0.0664494	30.6519	0
9960	1.992	1.5698	1.65905	-0.0664492	30.6527	0
9965	1.993	1.5698	1.65905	-0.0664492	30.6535	0
9970	1.994	1.5698	1.65905	-0.0664491	30.6542	0
9975	1.995	1.5698	1.65905	-0.066449	30.6548	0
9980	1.996	1.5698	1.65905	-0.0664488	30.6554	0
9985	1.997	1.5698	1.65905	-0.0664486	30.6559	0
9990	1.998	1.5698	1.65905	-0.0664484	30.6564	0
9995	1.999	1.5698	1.65905	-0.0664482	30.6569	0
10000	2	1.5698	1.65905	-0.066448	30.6573	0
10005	2.001	1.5698	1.65905	-0.0664479	30.6577	0
10010	2.002	1.5698	1.65905	-0.0664479	30.658	0
10015	2.003	1.5698	1.65906	-0.0664477	30.6583	0
10020	2.004	1.5698	1.65906	-0.0664477	30.6586	0
10025	2.005	1.5698	1.65906	-0.0664476	30.6589	0
10030	2.006	1.5698	1.65904	-0.0664475	30.6591	0
10035	2.007	1.5698	1.65904	-0.0664473	30.6462	0
10040	2.008	1.5698	1.65904	-0.0664471	30.6474	0
10045	2.009	1.5698	1.65904	-0.0664469	30.6486	0
10050	2.01	1.5698	1.65904	-0.0664467	30.6496	0
10055	2.011	1.5698	1.65904	-0.0664466	30.6506	0
10060	2.012	1.5698	1.65904	-0.0664464	30.6514	0
10065	2.013	1.5698	1.65904	-0.0664464	30.6522	0
10070	2.014	1.5698	1.65905	-0.0664463	30.653	0
10075	2.015	1.5698	1.65904	-0.0664462	30.6536	0
10080	2.016	1.5698	1.65904	-0.0664461	30.6514	0
10085	2.017	1.5698	1.65904	-0.066446	30.6522	0
10090	2.018	1.5698	1.65904	-0.0664458	30.6529	0
10095	2.019	1.5698	1.65905	-0.0664456	30.6536	0
10100	2.02	1.5698	1.65905	-0.0664454	30.6542	0
10105	2.021	1.5698	1.65905	-0.0664452	30.6548	0
10110	2.022	1.5698	1.65905	-0.0664451	30.6553	0
10115	2.023	1.5698	1.65903	-0.0664449	30.6557	0
10120	2.024	1.5698	1.65903	-0.0664449	30.6439	0
10125	2.025	1.5698	1.65903	-0.0664448	30.6453	0
10130	2.026	1.5698	1.65903	-0.0664447	30.6465	0
10135	2.027	1.5698	1.65903	-0.0664447	30.6477	0
10140	2.028	1.5698	1.65904	-0.0664445	30.6487	0
10145	2.029	1.5698	1.65904	-0.0664443	30.6497	0
10150	2.03	1.5698	1.65904	-0.0664441	30.6505	0
10155	2.031	1.5698	1.65904	-0.0664439	30.6513	0
10160	2.032	1.5698	1.65904	-0.0664437	30.6521	0
10165	2.033	1.5698	1.65904	-0.0664436	30.6527	0
10170	2.034	1.5698	1.65904	-0.0664434	30.6534	0
10175	2.035	1.5698	1.65904	-0.0664434	30.6539	0
10180	2.036	1.5698	1.65904	-0.0664433	30.6544	0
10185	2.037	1.5698	1.65904	-0.0664433	30.6549	0
10190	2.038	1.5698	1.65905	-0.0664432	30.6554	0
10195	2.039	1.5698	1.65905	-0.066443	30.6558	0
10200	2.04	1.5698	1.65905	-0.0664428	30.6561	0
10205	2.041	1.5698	1.65905	-0.0664426	30.6565	0
10210	2.042	1.5698	1.65905	-0.0664424	30.6568	0
10215	2.043	1.5698	1.65903	-0.0664422	30.657	0
10220	2.044	1.5698	1.65903	-0.0664421	30.6451	0
10225	2.045	1.5698	1.65903	-0.0664419	30.6463	0
10230	2.046	1.5698	1.65903	-0.0664419	30.6474	0
10235	2.047	1.5698	1.65903	-0.0664418	30.6484	0
10240	2.048	1.5698	1.65904	-0.0664418	30.6493	0
10245	2.049	1.5698	1.65904	-0.0664417	30.6501	0
10250	2.05	1.5698	1.65904	-0.0664415	30.6509	0
10255	2.051	1.5698	1.65904	-0.0664413	30.6516	0
10260	2.052	1.5698	1.65904	-0.0664411	30.6523	0
10265	2.053	1.5698	1.65904	-0.0664409	30.6529	0
10270	2.054	1.5698	1.65904	-0.0664408	30.6534	0
10275	2.055	1.5698	1.65904	-0.0664406	30.6539	0
10280	2.056	1.5698	1.65904	-0.0664404	30.6544	0
10285	2.057	1.5698	1.65904	-0.0664404	30.6548	0
10290	2.058	1.5698	1.65905	-0.0664403	30.6552	0
10295	2.059	1.5698	1.65905	-0.0664403	30.6555	0
10300	2.06	1.5698	1.65905	-0.0664402	30.6558	0
10305	2.061	1.5698	1.65905	-0.06644	30.6561	0
10310	2.062	1.5698	1.65905	-0.0664398	30.6564	0
10315	2.063	1.5698	1.65903	-0.0664396	30.6567	0
10320	2.064	1.5698	1.65903	-0.0664394	30.6437	0
10325	2.065	1.5698	1.65903	-0.0664393	30.645	0
10330	2.066	1.5698	1.65903	-0.0664391	30.6461	0
10335	2.067	1.5698	1.65903	-0.066439	30.6471	0
10340	2.068	1.5698	1.65903	-0.066439	30.6481	0
10345	2.069	1.5698	1.65904	-0.0664388	30.649	0
10350	2.07	1.5698	1.65904	-0.0664388	30.6498	0
10355	2.071	1.5698	1.65904	-0.0664387	30.6505	0
10360	2.072	1.5698	1.65904	-0.0664385	30.6512	0
10365	2.073	1.5698	1.65904	-0.0664383	30.6518	0
10370	2.074	1.5698	1.65904	-0.0664381	30.6524	0
10375	2.075	1.5698	1.65904	-0.0664379	30.6529	0
10380	2.076	1.5698	1.65904	-0.0664378	30.6534	0
10385	2.077	1.5698	1.65904	-0.0664376	30.6538	0
10390	2.078	1.5698	1.65904	-0.0664375	30.6542	0
10395	2.079	1.5698	1.65904	-0.0664375	30.6546	0
10400	2.08	1.5698	1.65905	-0.0664373	30.6549	0
10405	2.081	1.5698	1.65905	-0.0664373	30.6552	0
10410	2.082	1.5698	1.65905	-0.0664372	30.6555	0
10415	2.083	1.5698	1.65903	-0.0664371	30.6558	0
10420	2.084	1.5698	1.65903	-0.0664368	30.6428	0
10425	2.085	1.5698	1.65903	-0.0664366	30.6441	0
10430	2.086	1.5698	1.65903	-0.0664364	30.6452	0
10435	2.087	1.5698	1.65903	-0.0664363	30.6463	0
10440	2.088	1.5698	1.65903	-0.0664361	30.6472	0
10445	2.089	1.5698	1.65903	-0.066436	30.6481	0
10450	2.09	1.5698	1.65903	-0.066436	30.6489	0
10455	2.091	1.5698	1.65904	-0.0664358	30.6497	0
10460	2.092	1.5698	1.65904	-0.0664358	30.6503	0
10465	2.093	1.5698	1.65904	-0.0664357	30.651	0
10470	2.094	1.5698	1.65904	-0.0664356	30.6515	0
10475	2.095	1.5698	1.65904	-0.0664354	30.6521	0
10480	2.096	1.5698	1.65904	-0.0664352	30.6525	0
10485	2.097	1.5698	1.65904	-0.066435	30.653	0
10490	2.098	1.5698	1.65904	-0.0664348	30.6534	0
10495	2.099	1.5698	1.65904	-0.0664346	30.6538	0
10500	2.1	1.5698	1.65902	-0.0664345	30.6541	0
10505	2.101	1.5698	1.65903	-0.0664345	30.6422	0
10510	2.102	1.5698	1.65903	-0.0664343	30.6434	0
10515	2.103	1.5698	1.65903	-0.0664343	30.6446	0
10520	2.104	1.5698	1.65903	-0.0664342	30.6456	0
10525	2.105	1.5698	1.65903	-0.0664341	30.6466	0
10530	2.106	1.5698	1.65903	-0.0664339	30.6474	0
10535	2.107	1.5698	1.65903	-0.0664337	30.6482	0
10540	2.108	1.5698	1.65903	-0.0664335	30.649	0
10545	2.109	1.5698	1.65903	-0.0664333	30.6497	0
10550	2.11	1.5698	1.65903	-0.0664331	30.6503	0
10555	2.111	1.5698	1.65904	-0.066433	30.6508	0
10560	2.112	1.5698	1.65904	-0.066433	30.6514	0
10565	2.113	1.5698	1.65904	-0.0664328	30.6518	0
10570	2.114	1.5698	1.65904	-0.0664328	30.6523	0
10575	2.115	1.5698	1.65904	-0.0664327	30.6527	0
10580	2.116	1.5698	1.65904	-0.0664326	30.653	0
10585	2.117	1.5698	1.65904	-0.0664324	30.6534	0
10590	2.118	1.5698	1.65904	-0.0664322	30.6537	0
10595	2.119	1.5698	1.65904	-0.066432	30.654	0
10600	2.12	1.5698	1.65902	-0.0664318	30.6542	0
10605	2.121	1.5698	1.65902	-0.0664316	30.6413	0
10610	2.122	1.5698	1.65903	-0.0664315	30.6425	0
10615	2.123	1.5698	1.65903	-0.0664315	30.6437	0
10620	2.124	1.5698	1.65903	-0.0664314	30.6447	0
10625	2.125	1.5698	1.65903	-0.0664313	30.6457	0
10630	2.126	1.5698	1.65903	-0.0664312	30.6466	0
10635	2.127	1.5698	1.65903	-0.0664311	30.6474	0
10640	2.128	1.5698	1.65903	-0.0664309	30.6481	0
10645	2.129	1.5698	1.65903	-0.0664307	30.6488	0
10650	2.13	1.5698	1.65903	-0.0664305	30.6494	0
10655	2.131	1.5698	1.65903	-0.0664303	30.65	0
10660	2.132	1.5698	1.65904	-0.0664302	30.6505	0
10665	2.133	1.5698	1.65904	-0.06643	30.651	0
10670	2.134	1.5698	1.65904	-0.06643	30.6515	0
10675	2.135	1.5698	1.65904	-0.0664299	30.6519	0
10680	2.136	1.5698	1.65904	-0.0664299	30.6522	0
10685	2.137	1.5698	1.65904	-0.0664298	30.6526	0
10690	2.138	1.5698	1.65904	-0.0664296	30.6529	0
10695	2.139	1.5698	1.65904	-0.0664294	30.6532	0
10700	2.14	1.5698	1.65902	-0.0664292	30.6534	0
10705	2.141	1.5698	1.65902	-0.066429	30.6414	0
10710	2.142	1.5698	1.65903	-0.0664288	30.6426	0
10715	2.143	1.5698	1.65903	-0.0664287	30.6437	0
10720	2.144	1.5698	1.65903	-0.0664285	30.6447	0
10725	2.145	1.5698	1.65903	-0.0664285	30.6456	0
10730	2.146	1.5698	1.65903	-0.0664284	30.6464	0
10735	2.147	1.5698	1.65903	-0.0664284	30.6472	0
10740	2.148	1.5698	1.65903	-0.0664283	30.6479	0
10745	2.149	1.5698	1.65903	-0.0664281	30.6485	0
10750	2.15	1.5698	1.65903	-0.0664279	30.6491	0
10755	2.151	1.5698	1.65903	-0.0664277	30.6496	0
10760	2.152	1.5698	1.65904	-0.0664275	30.6501	0
10765	2.153	1.5698	1.65904	-0.0664273	30.6506	0
10770	2.154	1.5698	1.65904	-0.0664272	30.651	0
10775	2.155	1.5698	1.65904	-0.066427	30.6514	0
10780	2.156	1.5698	1.65904	-0.066427	30.6517	0
10785	2.157	1.5698	1.65904	-0.0664269	30.652	0
10790	2.158	1.5698	1.65904	-0.0664269	30.6523	0
10795	2.159	1.5698	1.65904	-0.0664268	30.6526	0
10800	2.16	1.5698	1.65902	-0.0664266	30.6528	0
10805	2.161	1.5698	1.65902	-0.0664264	30.6408	0
10810	2.162	1.5698	1.65902	-0.0664262	30.642	0
10815	2.163	1.5698	1.65903	-0.066426	30.6431	0
10820	2.164	1.5698	1.65903	-0.0664259	30.6441	0
10825	2.165	1.5698	1.65903	-0.0664257	30.645	0
10830	2.166	1.5698	1.65903	-0.0664255	30.6458	0
10835	2.167	1.5698	1.65903	-0.0664255	30.6465	0
10840	2.168	1.5698	1.65903	-0.0664254	30.6472	0
10845	2.169	1.5698	1.65903	-0.0664254	30.6479	0
10850	2.17	1.5698	1.65903	-0.0664253	30.6484	0
10855	2.171	1.5698	1.65903	-0.0664251	30.649	0
10860	2.172	1.5698	1.65903	-0.0664249	30.6495	0
10865	2.173	1.5698	1.65904	-0.0664247	30.6499	0
10870	2.174	1.5698	1.65904	-0.0664245	30.6503	0
10875	2.175	1.5698	1.65904	-0.0664244	30.6507	0
10880	2.176	1.5698	1.65904	-0.0664242	30.651	0
10885	2.177	1.5698	1.65902	-0.0664241	30.6513	0
10890	2.178	1.5698	1.65902	-0.0664241	30.6385	0
10895	2.179	1.5698	1.65902	-0.0664239	30.6398	0
10900	2.18	1.5698	1.65902	-0.0664239	30.6409	0
10905	2.181	1.5698	1.65902	-0.0664238	30.642	0
10910	2.182	1.5698	1.65902	-0.0664236	30.643	0
10915	2.183	1.5698	1.65902	-0.0664234	30.644	0
10920	2.184	1.5698	1.65903	-0.0664232	30.6448	0
10925	2.185	1.5698	1.65903	-0.0664231	30.6456	0
10930	2.186	1.5698	1.65903	-0.0664229	30.6463	0
10935	2.187	1.5698	1.65903	-0.0664227	30.6469	0
10940	2.188	1.5698	1.65903	-0.0664226	30.6475	0
10945	2.189	1.5698	1.65903	-0.0664226	30.6481	0
10950	2.19	1.5698	1.65903	-0.0664224	30.6486	0
10955	2.191	1.5698	1.65903	-0.0664224	30.649	0
10960	2.192	1.5698	1.65903	-0.0664223	30.6494	0
10965	2.193	1.5698	1.65903	-0.0664221	30.6498	0
10970	2.194	1.5698	1.65903	-0.0664219	30.6502	0
10975	2.195	1.5698	1.65904	-0.0664217	30.6505	0
10980	2.196	1.5698	1.65904	-0.0664216	30.6508	0
10985	2.197	1.5698	1.65902	-0.0664214	30.651	0
10990	2.198	1.5698	1.65902	-0.0664212	30.6391	0
10995	2.199	1.5698	1.65902	-0.0664211	30.6402	0
11000	2.2	1.5698	1.65902	-0.0664211	30.6413	0
11005	2.201	1.5698	1.65902	-0.0664209	30.6423	0
11010	2.202	1.5698	1.65902	-0.0664209	30.6432	0
11015	2.203	1.5698	1.65902	-0.0664208	30.6441	0
11020	2.204	1.5698	1.65903	-0.0664207	30.6449	0
11025	2.205	1.5698	1.65903	-0.0664205	30.6456	0
11030	2.206	1.5698	1.65903	-0.0664203	30.6462	0
11035	2.207	1.5698	1.65903	-0.0664201	30.6468	0
11040	2.208	1.5698	1.65903	-0.0664199	30.6473	0
11045	2.209	1.5698	1.65903	-0.0664197	30.6478	0
11050	2.21	1.5698	1.65903	-0.0664196	30.6483	0
11055	2.211	1.5698	1.65903	-0.0664196	30.6487	0
11060	2.212	1.5698	1.65903	-0.0664194	30.6491	0
11065	2.213	1.5698	1.65903	-0.0664194	30.6494	0
11070	2.214	1.5698	1.65903	-0.0664193	30.6498	0
11075	2.215	1.5698	1.65904	-0.0664192	30.65	0
11080	2.216	1.5698	1.65904	-0.066419	30.6503	0
11085	2.217	1.5698	1.65902	-0.0664188	30.6506	0
11090	2.218	1.5698	1.65902	-0.0664186	30.6376	0
11095	2.219	1.5698	1.65902	-0.0664184	30.6389	0
11100	2.22	1.5698	1.65902	-0.0664182	30.64	0
11105	2.221	1.5698	1.65902	-0.0664181	30.641	0
11110	2.222	1.5698	1.65902	-0.0664181	30.642	0
11115	2.223	1.5698	1.65902	-0.066418	30.6429	0
11120	2.224	1.5698	1.65902	-0.0664179	30.6437	0
11125	2.225	1.5698	1.65902	-0.0664178	30.6444	0
11130	2.226	1.5698	1.65903	-0.0664177	30.6451	0
11135	2.227	1.5698	1.65903	-0.0664175	30.6457	0
11140	2.228	1.5698	1.65903	-0.0664173	30.6463	0
11145	2.229	1.5698	1.65903	-0.0664171	30.6468	0
11150	2.23	1.5698	1.65903	-0.0664169	30.6473	0
11155	2.231	1.5698	1.65903	-0.0664168	30.6477	0
11160	2.232	1.5698	1.65903	-0.0664166	30.6481	0
11165	2.233	1.5698	1.65903	-0.0664166	30.6485	0
11170	2.234	1.5698	1.65903	-0.0664165	30.6488	0
11175	2.235	1.5698	1.65903	-0.0664164	30.6491	0
11180	2.236	1.5698	1.65903	-0.0664164	30.6494	0
11185	2.237	1.5698	1.65901	-0.0664162	30.6496	0
11190	2.238	1.5698	1.65902	-0.066416	30.6367	0
11195	2.239	1.5698	1.65902	-0.0664158	30.638	0
11200	2.24	1.5698	1.65902	-0.0664156	30.6391	0
11205	2.241	1.5698	1.65902	-0.0664154	30.6402	0
11210	2.242	1.5698	1.65902	-0.0664153	30.6411	0
11215	2.243	1.5698	1.65902	-0.0664151	30.642	0
11220	2.244	1.5698	1.65902	-0.0664151	30.6428	0
11225	2.245	1.5698	1.65902	-0.066415	30.6435	0
11230	2.246	1.5698	1.65902	-0.066415	30.6442	0
11235	2.247	1.5698	1.65902	-0.0664149	30.6449	0
11240	2.248	1.5698	1.65903	-0.0664147	30.6454	0
11245	2.249	1.5698	1.65902	-0.0664145	30.6459	0
11250	2.25	1.5698	1.65902	-0.0664143	30.6445	0
11255	2.251	1.5698	1.65902	-0.0664141	30.6451	0
11260	2.252	1.5698	1.65903	-0.0664139	30.6457	0
11265	2.253	1.5698	1.65903	-0.0664138	30.6462	0
11270	2.254	1.5698	1.65901	-0.0664136	30.6466	0
11275	2.255	1.5698	1.65901	-0.0664136	30.6339	0
11280	2.256	1.5698	1.65901	-0.0664135	30.6353	0
11285	2.257	1.5698	1.65901	-0.0664135	30.6366	0
11290	2.258	1.5698	1.65901	-0.0664134	30.6378	0
11295	2.259	1.5698	1.65901	-0.0664132	30.6388	0
11300	2.26	1.5698	1.65901	-0.066413	30.6398	0
11305	2.261	1.5698	1.65901	-0.0664128	30.6408	0
11310	2.262	1.5698	1.65902	-0.0664126	30.6416	0
11315	2.263	1.5698	1.65902	-0.0664125	30.6424	0
11320	2.264	1.5698	1.65902	-0.0664123	30.6431	0
11325	2.265	1.5698	1.65902	-0.0664121	30.6437	0
11330	2.266	1.5698	1.65902	-0.0664121	30.6443	0
11335	2.267	1.5698	1.65902	-0.066412	30.6448	0
11340	2.268	1.5698	1.65902	-0.066412	30.6453	0
11345	2.269	1.5698	1.65902	-0.0664119	30.6458	0
11350	2.27	1.5698	1.65902	-0.0664117	30.6462	0
11355	2.271	1.5698	1.65902	-0.0664115	30.6466	0
11360	2.272	1.5698	1.65903	-0.0664113	30.6469	0
11365	2.273	1.5698	1.65903	-0.0664111	30.6473	0
11370	2.274	1.5698	1.65901	-0.066411	30.6476	0
11375	2.275	1.5698	1.65901	-0.0664108	30.6356	0
11380	2.276	1.5698	1.65901	-0.0664107	30.6368	0
11385	2.277	1.5698	1.65901	-0.0664107	30.6379	0
11390	2.278	1.5698	1.65901	-0.0664105	30.6389	0
11395	2.279	1.5698	1.65901	-0.0664105	30.6398	0
11400	2.28	1.5698	1.65901	-0.0664104	30.6407	0
11405	2.281	1.5698	1.65901	-0.0664102	30.6415	0
11410	2.282	1.5698	1.65902	-0.06641	30.6422	0
11415	2.283	1.5698	1.65902	-0.0664098	30.6428	0
11420	2.284	1.5698	1.65902	-0.0664096	30.6434	0
11425	2.285	1.5698	1.65902	-0.0664095	30.644	0
11430	2.286	1.5698	1.65902	-0.0664093	30.6445	0
11435	2.287	1.5698	1.65902	-0.0664092	30.645	0
11440	2.288	1.5698	1.65902	-0.0664092	30.6454	0
11445	2.289	1.5698	1.65902	-0.066409	30.6458	0
11450	2.29	1.5698	1.65902	-0.066409	30.6461	0
11455	2.291	1.5698	1.65902	-0.0664089	30.6465	0
11460	2.292	1.5698	1.65903	-0.0664087	30.6468	0
11465	2.293	1.5698	1.65903	-0.0664085	30.647	0
11470	2.294	1.5698	1.65901	-0.0664083	30.6473	0
11475	2.295	1.5698	1.65901	-0.0664081	30.6343	0
11480	2.296	1.5698	1.65901	-0.066408	30.6356	0
11485	2.297	1.5698	1.65901	-0.0664078	30.6367	0
11490	2.298	1.5698	1.65901	-0.0664077	30.6378	0
11495	2.299	1.5698	1.65901	-0.0664077	30.6387	0
11500	2.3	1.5698	1.65901	-0.0664075	30.6396	0
11505	2.301	1.5698	1.65901	-0.0664075	30.6404	0
11510	2.302	1.5698	1.65901	-0.0664074	30.6412	0
11515	2.303	1.5698	1.65902	-0.0664073	30.6418	0
11520	2.304	1.5698	1.65902	-0.0664071	30.6425	0
11525	2.305	1.5698	1.65902	-0.0664069	30.643	0
11530	2.306	1.5698	1.65902	-0.0664067	30.6435	0
11535	2.307	1.5698	1.65902	-0.0664065	30.644	0
11540	2.308	1.5698	1.65902	-0.0664063	30.6445	0
11545	2.309	1.5698	1.65902	-0.0664062	30.6449	0
11550	2.31	1.5698	1.65902	-0.0664062	30.6452	0
11555	2.311	1.5698	1.65902	-0.066406	30.6456	0
11560	2.312	1.5698	1.65902	-0.066406	30.6459	0
11565	2.313	1.5698	1.65902	-0.0664059	30.6462	0
11570	2.314	1.5698	1.65901	-0.0664058	30.6464	0
11575	2.315	1.5698	1.65901	-0.0664056	30.6344	0
11580	2.316	1.5698	1.65901	-0.0664054	30.6356	0
11585	2.317	1.5698	1.65901	-0.0664052	30.6367	0
11590	2.318	1.5698	1.65901	-0.066405	30.6377	0
11595	2.319	1.5698	1.65901	-0.0664048	30.6386	0
11600	2.32	1.5698	1.65901	-0.0664047	30.6394	0
11605	2.321	1.5698	1.65901	-0.0664047	30.6402	0
11610	2.322	1.5698	1.65901	-0.0664045	30.6409	0
11615	2.323	1.5698	1.65902	-0.0664045	30.6415	0
11620	2.324	1.5698	1.65902	-0.0664044	30.6421	0
11625	2.325	1.5698	1.65902	-0.0664043	30.6426	0
11630	2.326	1.5698	1.65902	-0.0664041	30.6431	0
11635	2.327	1.5698	1.65902	-0.0664039	30.6436	0
11640	2.328	1.5698	1.65902	-0.0664037	30.644	0
11645	2.329	1.5698	1.65902	-0.0664035	30.6444	0
11650	2.33	1.5698	1.65902	-0.0664034	30.6447	0
11655	2.331	1.5698	1.65902	-0.0664032	30.645	0
11660	2.332	1.5698	1.65902	-0.0664032	30.6453	0
11665	2.333	1.5698	1.65902	-0.0664031	30.6456	0
11670	2.334	1.5698	1.65901	-0.066403	30.6458	0
11675	2.335	1.5698	1.65901	-0.0664029	30.6338	0
11680	2.336	1.5698	1.65901	-0.0664028	30.635	0
11685	2.337	1.5698	1.65901	-0.0664026	30.636	0
11690	2.338	1.5698	1.65901	-0.0664024	30.637	0
11695	2.339	1.5698	1.65901	-0.0664022	30.6379	0
11700	2.34	1.5698	1.65901	-0.066402	30.6388	0
11705	2.341	1.5698	1.65901	-0.0664019	30.6395	0
11710	2.342	1.5698	1.65901	-0.0664017	30.6402	0
11715	2.343	1.5698	1.65901	-0.0664017	30.6408	0
11720	2.344	1.5698	1.65902	-0.0664016	30.6414	0
11725	2.345	1.5698	1.65902	-0.0664016	30.6419	0
11730	2.346	1.5698	1.65902	-0.0664015	30.6424	0
11735	2.347	1.5698	1.65902	-0.0664013	30.6429	0
11740	2.348	1.5698	1.65902	-0.0664011	30.6433	0
11745	2.349	1.5698	1.65902	-0.0664009	30.6437	0
11750	2.35	1.5698	1.65902	-0.0664007	30.644	0
11755	2.351	1.5698	1.659	-0.0664005	30.6443	0
11760	2.352	1.5698	1.659	-0.0664004	30.6314	0
11765	2.353	1.5698	1.659	-0.0664002	30.6327	0
11770	2.354	1.5698	1.659	-0.0664002	30.6339	0
11775	2.355	1.5698	1.65901	-0.0664001	30.635	0
11780	2.356	1.5698	1.65901	-0.0664001	30.636	0
11785	2.357	1.5698	1.65901	-0.0664	30.6369	0
11790	2.358	1.5698	1.65901	-0.0663998	30.6378	0
11795	2.359	1.5698	1.65901	-0.0663996	30.6385	0
11800	2.36	1.5698	1.65901	-0.0663994	30.6392	0
11805	2.361	1.5698	1.65901	-0.0663992	30.6399	0
11810	2.362	1.5698	1.65901	-0.066399	30.6405	0
11815	2.363	1.5698	1.65901	-0.0663989	30.641	0
11820	2.364	1.5698	1.65901	-0.0663987	30.6415	0
11825	2.365	1.5698	1.65902	-0.0663987	30.642	0
11830	2.366	1.5698	1.65902	-0.0663986	30.6424	0
11835	2.367	1.5698	1.65902	-0.0663986	30.6428	0
11840	2.368	1.5698	1.65902	-0.0663985	30.6431	0
11845	2.369	1.5698	1.65902	-0.0663983	30.6435	0
11850	2.37	1.5698	1.65902	-0.0663981	30.6438	0
11855	2.371	1.5698	1.659	-0.0663979	30.644	0
11860	2.372	1.5698	1.659	-0.0663977	30.632	0
11865	2.373	1.5698	1.659	-0.0663976	30.6332	0
11870	2.374	1.5698	1.659	-0.0663974	30.6343	0
11875	2.375	1.5698	1.65901	-0.0663972	30.6353	0
11880	2.376	1.5698	1.65901	-0.0663972	30.6362	0
11885	2.377	1.5698	1.65901	-0.0663971	30.6371	0
11890	2.378	1.5698	1.65901	-0.0663971	30.6378	0
11895	2.379	1.5698	1.65901	-0.066397	30.6385	0
11900	2.38	1.5698	1.65901	-0.0663968	30.6392	0
11905	2.381	1.5698	1.65901	-0.0663966	30.6398	0
11910	2.382	1.5698	1.65901	-0.0663964	30.6403	0
11915	2.383	1.5698	1.65901	-0.0663962	30.6408	0
11920	2.384	1.5698	1.65901	-0.0663961	30.6413	0
11925	2.385	1.5698	1.65901	-0.0663959	30.6417	0
11930	2.386	1.5698	1.65902	-0.0663958	30.6421	0
11935	2.387	1.5698	1.65902	-0.0663958	30.6424	0
11940	2.388	1.5698	1.65902	-0.0663956	30.6427	0
11945	2.389	1.5698	1.65902	-0.0663956	30.643	0
11950	2.39	1.5698	1.65902	-0.0663955	30.6433	0
11955	2.391	1.5698	1.659	-0.0663953	30.6435	0
11960	2.392	1.5698	1.659	-0.0663951	30.6306	0
11965	2.393	1.5698	1.659	-0.0663949	30.6318	0
11970	2.394	1.5698	1.659	-0.0663947	30.633	0
11975	2.395	1.5698	1.659	-0.0663946	30.634	0
11980	2.396	1.5698	1.659	-0.0663944	30.635	0
11985	2.397	1.5698	1.65901	-0.0663943	30.6358	0
11990	2.398	1.5698	1.65901	-0.0663943	30.6366	0
11995	2.399	1.5698	1.65901	-0.0663941	30.6374	0
12000	2.4	1.5698	1.65901	-0.0663941	30.6381	0
12005	2.401	1.5698	1.65901	-0.066394	30.6387	0
12010	2.402	1.5698	1.65901	-0.0663939	30.6392	0
12015	2.403	1.5698	1.65901	-0.0663937	30.6398	0
12020	2.404	1.5698	1.65901	-0.0663934	30.6402	0
12025	2.405	1.5698	1.65901	-0.0663933	30.6407	0
12030	2.406	1.5698	1.65901	-0.0663931	30.6411	0
12035	2.407	1.5698	1.65901	-0.0663929	30.6414	0
12040	2.408	1.5698	1.65902	-0.0663928	30.6418	0
12045	2.409	1.5698	1.65902	-0.0663928	30.6421	0
12050	2.41	1.5698	1.65902	-0.0663926	30.6424	0
12055	2.411	1.5698	1.659	-0.0663926	30.6426	0
12060	2.412	1.5698	1.659	-0.0663925	30.6297	0
12065	2.413	1.5698	1.659	-0.0663924	30.6309	0
12070	2.414	1.5698	1.659	-0.0663922	30.6321	0
12075	2.415	1.5698	1.659	-0.066392	30.6331	0
12080	2.416	1.5698	1.659	-0.0663918	30.6341	0
12085	2.417	1.5698	1.659	-0.0663916	30.635	0
12090	2.418	1.5698	1.659	-0.0663914	30.6358	0
12095	2.419	1.5698	1.65901	-0.0663913	30.6365	0
12100	2.42	1.5698	1.65901	-0.0663913	30.6372	0
12105	2.421	1.5698	1.65901	-0.0663911	30.6378	0
12110	2.422	1.5698	1.65901	-0.0663911	30.6384	0
12115	2.423	1.5698	1.65901	-0.066391	30.6389	0
12120	2.424	1.5698	1.65901	-0.0663909	30.6394	0
12125	2.425	1.5698	1.65901	-0.0663907	30.6398	0
12130	2.426	1.5698	1.65901	-0.0663905	30.6402	0
12135	2.427	1.5698	1.65901	-0.0663903	30.6406	0
12140	2.428	1.5698	1.65899	-0.0663901	30.6409	0
12145	2.429	1.5698	1.659	-0.0663899	30.629	0
12150	2.43	1.5698	1.659	-0.0663898	30.6303	0
12155	2.431	1.5698	1.659	-0.0663898	30.6314	0
12160	2.432	1.5698	1.659	-0.0663897	30.6325	0
12165	2.433	1.5698	1.659	-0.0663896	30.6334	0
12170	2.434	1.5698	1.659	-0.0663895	30.6343	0
12175	2.435	1.5698	1.659	-0.0663894	30.6351	0
12180	2.436	1.5698	1.659	-0.0663892	30.6358	0
12185	2.437	1.5698	1.659	-0.066389	30.6365	0
12190	2.438	1.5698	1.659	-0.0663888	30.6371	0
12195	2.439	1.5698	1.65901	-0.0663886	30.6377	0
12200	2.44	1.5698	1.65901	-0.0663885	30.6382	0
12205	2.441	1.5698	1.65901	-0.0663883	30.6387	0
12210	2.442	1.5698	1.65901	-0.0663883	30.6391	0
12215	2.443	1.5698	1.65901	-0.0663882	30.6395	0
12220	2.444	1.5698	1.65901	-0.0663881	30.6399	0
12225	2.445	1.5698	1.65901	-0.0663881	30.6402	0
12230	2.446	1.5698	1.65901	-0.0663879	30.6405	0
12235	2.447	1.5698	1.65901	-0.0663877	30.6408	0
12240	2.448	1.5698	1.65899	-0.0663875	30.6411	0
12245	2.449	1.5698	1.659	-0.0663873	30.6291	0
12250	2.45	1.5698	1.659	-0.0663871	30.6303	0
12255	2.451	1.5698	1.659	-0.066387	30.6313	0
12260	2.452	1.5698	1.659	-0.0663868	30.6323	0
12265	2.453	1.5698	1.659	-0.0663868	30.6332	0
12270	2.454	1.5698	1.659	-0.0663867	30.6341	0
12275	2.455	1.5698	1.659	-0.0663867	30.6348	0
12280	2.456	1.5698	1.659	-0.0663866	30.6355	0
12285	2.457	1.5698	1.659	-0.0663864	30.6362	0
12290	2.458	1.5698	1.659	-0.0663862	30.6368	0
12295	2.459	1.5698	1.65901	-0.066386	30.6373	0
12300	2.46	1.5698	1.65901	-0.0663858	30.6378	0
12305	2.461	1.5698	1.65901	-0.0663856	30.6382	0
12310	2.462	1.5698	1.65901	-0.0663855	30.6386	0
12315	2.463	1.5698	1.65901	-0.0663853	30.639	0
12320	2.464	1.5698	1.65901	-0.0663853	30.6394	0
12325	2.465	1.5698	1.65901	-0.0663852	30.6397	0
12330	2.466	1.5698	1.65901	-0.0663852	30.64	0
12335	2.467	1.5698	1.65901	-0.0663851	30.6403	0
12340	2.468	1.5698	1.65899	-0.0663849	30.6405	0
12345	2.469	1.5698	1.65899	-0.0663847	30.6275	0
12350	2.47	1.5698	1.65899	-0.0663845	30.6288	0
12355	2.471	1.5698	1.659	-0.0663843	30.6299	0
12360	2.472	1.5698	1.659	-0.0663842	30.631	0
12365	2.473	1.5698	1.659	-0.066384	30.6319	0
12370	2.474	1.5698	1.659	-0.0663838	30.6328	0
12375	2.475	1.5698	1.659	-0.0663838	30.6336	0
12380	2.476	1.5698	1.659	-0.0663837	30.6343	0
12385	2.477	1.5698	1.659	-0.0663837	30.635	0
12390	2.478	1.5698	1.659	-0.0663836	30.6356	0
12395	2.479	1.5698	1.659	-0.0663834	30.6362	0
12400	2.48	1.5698	1.659	-0.0663832	30.6367	0
12405	2.481	1.5698	1.659	-0.066383	30.6372	0
12410	2.482	1.5698	1.659	-0.0663828	30.6376	0
12415	2.483	1.5698	1.659	-0.0663827	30.6352	0
12420	2.484	1.5698	1.659	-0.0663825	30.6358	0
12425	2.485	1.5698	1.659	-0.0663824	30.6363	0
12430	2.486	1.5698	1.65901	-0.0663824	30.6368	0
12435	2.487	1.5698	1.65901	-0.0663822	30.6373	0
12440	2.488	1.5698	1.65899	-0.0663822	30.6377	0
12445	2.489	1.5698	1.65899	-0.0663821	30.6258	0
12450	2.49	1.5698	1.65899	-0.0663819	30.6271	0
12455	2.491	1.5698	1.65899	-0.0663817	30.6283	0
12460	2.492	1.5698	1.65899	-0.0663815	30.6294	0
12465	2.493	1.5698	1.65899	-0.0663814	30.6304	0
12470	2.494	1.5698	1.65899	-0.0663812	30.6314	0
12475	2.495	1.5698	1.65899	-0.066381	30.6322	0
12480	2.496	1.5698	1.659	-0.0663809	30.633	0
12485	2.497	1.5698	1.659	-0.0663809	30.6337	0
12490	2.498	1.5698	1.659	-0.0663807	30.6343	0
12495	2.499	1.5698	1.659	-0.0663807	30.6349	0
12500	2.5	1.5698	1.659	-0.0663806	30.6355	0
12505	2.501	1.5698	1.659	-0.0663804	30.636	0
12510	2.502	1.5698	1.659	-0.0663802	30.6364	0
12515	2.503	1.5698	1.659	-0.06638	30.6369	0
12520	2.504	1.5698	1.659	-0.0663799	30.6373	0
12525	2.505	1.5698	1.65898	-0.0663797	30.6376	0
12530	2.506	1.5698	1.65899	-0.0663795	30.6257	0
12535	2.507	1.5698	1.65899	-0.0663794	30.627	0
12540	2.508	1.5698	1.65899	-0.0663794	30.6281	0
12545	2.509	1.5698	1.65899	-0.0663792	30.6292	0
12550	2.51	1.5698	1.65899	-0.0663792	30.6301	0
12555	2.511	1.5698	1.65899	-0.0663791	30.631	0
12560	2.512	1.5698	1.65899	-0.066379	30.6318	0
12565	2.513	1.5698	1.65899	-0.0663788	30.6326	0
12570	2.514	1.5698	1.65899	-0.0663786	30.6333	0
12575	2.515	1.5698	1.659	-0.0663784	30.6339	0
12580	2.516	1.5698	1.659	-0.0663782	30.6345	0
12585	2.517	1.5698	1.659	-0.066378	30.635	0
12590	2.518	1.5698	1.659	-0.0663779	30.6355	0
12595	2.519	1.5698	1.659	-0.0663779	30.6359	0
12600	2.52	1.5698	1.659	-0.0663777	30.6363	0
12605	2.521	1.5698	1.659	-0.0663777	30.6367	0
12610	2.522	1.5698	1.659	-0.0663776	30.637	0
12615	2.523	1.5698	1.659	-0.0663775	30.6373	0
12620	2.524	1.5698	1.659	-0.0663773	30.6376	0
12625	2.525	1.5698	1.65898	-0.0663771	30.6379	0
12630	2.526	1.5698	1.65898	-0.0663769	30.6249	0
12635	2.527	1.5698	1.65899	-0.0663767	30.6262	0
12640	2.528	1.5698	1.65899	-0.0663765	30.6273	0
12645	2.529	1.5698	1.65899	-0.0663764	30.6284	0
12650	2.53	1.5698	1.65899	-0.0663764	30.6294	0
12655	2.531	1.5698	1.65899	-0.0663763	30.6303	0
12660	2.532	1.5698	1.65899	-0.0663762	30.6311	0
12665	2.533	1.5698	1.65899	-0.0663761	30.6318	0
12670	2.534	1.5698	1.65899	-0.066376	30.6325	0
12675	2.535	1.5698	1.65899	-0.0663758	30.6331	0
12680	2.536	1.5698	1.65899	-0.0663756	30.6337	0
12685	2.537	1.5698	1.659	-0.0663754	30.6342	0
12690	2.538	1.5698	1.659	-0.0663752	30.6347	0
12695	2.539	1.5698	1.659	-0.0663751	30.6351	0
12700	2.54	1.5698	1.659	-0.0663749	30.6355	0
12705	2.541	1.5698	1.659	-0.0663749	30.6359	0
12710	2.542	1.5698	1.659	-0.0663748	30.6362	0
12715	2.543	1.5698	1.659	-0.0663747	30.6366	0
12720	2.544	1.5698	1.659	-0.0663746	30.6368	0
12725	2.545	1.5698	1.65898	-0.0663745	30.6371	0
12730	2.546	1.5698	1.65898	-0.0663743	30.6251	0
12735	2.547	1.5698	1.65899	-0.0663741	30.6263	0
12740	2.548	1.5698	1.65899	-0.0663739	30.6274	0
12745	2.549	1.5698	1.65899	-0.0663737	30.6284	0
12750	2.55	1.5698	1.65899	-0.0663736	30.6293	0
12755	2.551	1.5698	1.65899	-0.0663734	30.6301	0
12760	2.552	1.5698	1.65899	-0.0663734	30.6309	0
12765	2.553	1.5698	1.65899	-0.0663733	30.6316	0
12770	2.554	1.5698	1.65899	-0.0663733	30.6322	0
12775	2.555	1.5698	1.65899	-0.0663732	30.6328	0
12780	2.556	1.5698	1.65899	-0.066373	30.6333	0
12785	2.557	1.5698	1.659	-0.0663728	30.6338	0
12790	2.558	1.5698	1.659	-0.0663726	30.6343	0
12795	2.559	1.5698	1.659	-0.0663724	30.6347	0
12800	2.56	1.5698	1.659	-0.0663722	30.6351	0
12805	2.561	1.5698	1.659	-0.0663721	30.6354	0
12810	2.562	1.5698	1.659	-0.0663719	30.6357	0
12815	2.563	1.5698	1.659	-0.0663719	30.636	0
12820	2.564	1.5698	1.659	-0.0663718	30.6363	0
12825	2.565	1.5698	1.65898	-0.0663718	30.6365	0
12830	2.566	1.5698	1.65898	-0.0663717	30.6236	0
12835	2.567	1.5698	1.65898	-0.0663715	30.6248	0
12840	2.568	1.5698	1.65899	-0.0663713	30.626	0
12845	2.569	1.5698	1.65899	-0.0663711	30.627	0
12850	2.57	1.5698	1.65899	-0.0663709	30.628	0
12855	2.571	1.5698	1.65899	-0.0663707	30.6288	0
12860	2.572	1.5698	1.65899	-0.0663706	30.6296	0
12865	2.573	1.5698	1.65899	-0.0663704	30.6304	0
12870	2.574	1.5698	1.65899	-0.0663704	30.631	0
12875	2.575	1.5698	1.65899	-0.0663703	30.6317	0
12880	2.576	1.5698	1.65899	-0.0663703	30.6322	0
12885	2.577	1.5698	1.65899	-0.0663702	30.6327	0
12890	2.578	1.5698	1.65899	-0.06637	30.6332	0
12895	2.579	1.5698	1.659	-0.0663698	30.6336	0
12900	2.58	1.5698	1.659	-0.0663696	30.634	0
12905	2.581	1.5698	1.659	-0.0663694	30.6344	0
12910	2.582	1.5698	1.65898	-0.0663693	30.6348	0
12915	2.583	1.5698	1.65898	-0.0663691	30.6219	0
12920	2.584	1.5698	1.65898	-0.0663689	30.6232	0
12925	2.585	1.5698	1.65898	-0.0663689	30.6244	0
12930	2.586	1.5698	1.65898	-0.0663688	30.6255	0
12935	2.587	1.5698	1.65898	-0.0663688	30.6265	0
12940	2.588	1.5698	1.65898	-0.0663687	30.6274	0
12945	2.589	1.5698	1.65898	-0.0663685	30.6283	0
12950	2.59	1.5698	1.65899	-0.0663683	30.6291	0
12955	2.591	1.5698	1.65899	-0.0663681	30.6298	0
12960	2.592	1.5698	1.65899	-0.0663679	30.6304	0
12965	2.593	1.5698	1.65899	-0.0663678	30.6311	0
12970	2.594	1.5698	1.65899	-0.0663676	30.6316	0
12975	2.595	1.5698	1.65899	-0.0663675	30.6321	0
12980	2.596	1.5698	1.65899	-0.0663675	30.6326	0
12985	2.597	1.5698	1.65899	-0.0663673	30.633	0
12990	2.598	1.5698	1.65899	-0.0663673	30.6334	0
12995	2.599	1.5698	1.65899	-0.0663672	30.6337	0
13000	2.6	1.5698	1.659	-0.066367	30.6341	0
13005	2.601	1.5698	1.659	-0.0663668	30.6344	0
13010	2.602	1.5698	1.65898	-0.0663666	30.6346	0
13015	2.603	1.5698	1.65898	-0.0663664	30.6226	0
13020	2.604	1.5698	1.65898	-0.0663663	30.6238	0
13025	2.605	1.5698	1.65898	-0.0663661	30.6249	0
13030	2.606	1.5698	1.65898	-0.066366	30.6259	0
13035	2.607	1.5698	1.65898	-0.066366	30.6268	0
13040	2.608	1.5698	1.65898	-0.0663658	30.6277	0
13045	2.609	1.5698	1.65899	-0.0663658	30.6285	0
13050	2.61	1.5698	1.65899	-0.0663657	30.6292	0
13055	2.611	1.5698	1.65899	-0.0663655	30.6298	0
13060	2.612	1.5698	1.65899	-0.0663654	30.6304	0
13065	2.613	1.5698	1.65899	-0.0663652	30.6309	0
13070	2.614	1.5698	1.65899	-0.066365	30.6314	0
13075	2.615	1.5698	1.65899	-0.0663648	30.6319	0
13080	2.616	1.5698	1.65899	-0.0663646	30.6323	0
13085	2.617	1.5698	1.65899	-0.0663645	30.6327	0
13090	2.618	1.5698	1.65899	-0.0663645	30.633	0
13095	2.619	1.5698	1.65899	-0.0663643	30.6334	0
13100	2.62	1.5698	1.659	-0.0663643	30.6337	0
13105	2.621	1.5698	1.659	-0.0663642	30.6339	0
13110	2.622	1.5698	1.65898	-0.0663641	30.6342	0
13115	2.623	1.5698	1.65898	-0.0663639	30.6222	0
13120	2.624	1.5698	1.65898	-0.0663637	30.6233	0
13125	2.625	1.5698	1.65898	-0.0663635	30.6244	0
13130	2.626	1.5698	1.65898	-0.0663633	30.6254	0
13135	2.627	1.5698	1.65898	-0.0663631	30.6263	0
13140	2.628	1.5698	1.65898	-0.066363	30.6271	0
13145	2.629	1.5698	1.65898	-0.066363	30.6279	0
13150	2.63	1.5698	1.65899	-0.0663628	30.6286	0
13155	2.631	1.5698	1.65899	-0.0663628	30.6292	0
13160	2.632	1.5698	1.65899	-0.0663627	30.6298	0
13165	2.633	1.5698	1.65899	-0.0663626	30.6303	0
13170	2.634	1.5698	1.65899	-0.0663624	30.6308	0
13175	2.635	1.5698	1.65899	-0.0663622	30.6313	0
13180	2.636	1.5698	1.65899	-0.066362	30.6317	0
13185	2.637	1.5698	1.65899	-0.0663618	30.632	0
13190	2.638	1.5698	1.65899	-0.0663617	30.6324	0
13195	2.639	1.5698	1.65899	-0.0663615	30.6327	0
13200	2.64	1.5698	1.65899	-0.0663615	30.633	0
13205	2.641	1.5698	1.659	-0.0663614	30.6333	0
13210	2.642	1.5698	1.65898	-0.0663613	30.6335	0
13215	2.643	1.5698	1.65898	-0.0663612	30.6205	0
13220	2.644	1.5698	1.65898	-0.0663611	30.6218	0
13225	2.645	1.5698	1.65898	-0.0663609	30.6229	0
13230	2.646	1.5698	1.65898	-0.0663607	30.624	0
13235	2.647	1.5698	1.65898	-0.0663605	30.6249	0
13240	2.648	1.5698	1.65898	-0.0663603	30.6258	0
13245	2.649	1.5698	1.65898	-0.0663602	30.6266	0
13250	2.65	1.5698	1.65898	-0.06636	30.6273	0
13255	2.651	1.5698	1.65898	-0.06636	30.628	0
13260	2.652	1.5698	1.65899	-0.0663599	30.6286	0
13265	2.653	1.5698	1.65899	-0.0663599	30.6292	0
13270	2.654	1.5698	1.65899	-0.0663598	30.6297	0
13275	2.655	1.5698	1.65899	-0.0663596	30.6302	0
13280	2.656	1.5698	1.65899	-0.0663594	30.6306	0
13285	2.657	1.5698	1.65899	-0.0663592	30.631	0
13290	2.658	1.5698	1.65899	-0.066359	30.6314	0
13295	2.659	1.5698	1.65899	-0.0663588	30.6317	0
13300	2.66	1.5698	1.65897	-0.0663587	30.632	0
13305	2.661	1.5698	1.65897	-0.0663585	30.6201	0
13310	2.662	1.5698	1.65898	-0.0663585	30.6213	0
13315	2.663	1.5698	1.65898	-0.0663584	30.6224	0
13320	2.664	1.5698	1.65898	-0.0663584	30.6234	0
13325	2.665	1.5698	1.65898	-0.0663583	30.6243	0
13330	2.666	1.5698	1.65898	-0.0663581	30.6252	0
13335	2.667	1.5698	1.65898	-0.0663579	30.626	0
13340	2.668	1.5698	1.65898	-0.0663577	30.6267	0
13345	2.669	1.5698	1.65898	-0.0663575	30.6274	0
13350	2.67	1.5698	1.65898	-0.0663573	30.628	0
13355	2.671	1.5698	1.65898	-0.0663572	30.6285	0
13360	2.672	1.5698	1.65899	-0.066357	30.629	0
13365	2.673	1.5698	1.65899	-0.066357	30.6295	0
13370	2.674	1.5698	1.65899	-0.0663569	30.6299	0
13375	2.675	1.5698	1.65899	-0.0663569	30.6303	0
13380	2.676	1.5698	1.65899	-0.0663568	30.6307	0
13385	2.677	1.5698	1.65899	-0.0663566	30.631	0
13390	2.678	1.5698	1.65899	-0.0663564	30.6313	0
13395	2.679	1.5698	1.65897	-0.0663562	30.6316	0
13400	2.68	1.5698	1.65897	-0.066356	30.6187	0
13405	2.681	1.5698	1.65897	-0.0663559	30.6199	0
13410	2.682	1.5698	1.65897	-0.0663557	30.6211	0
13415	2.683	1.5698	1.65897	-0.0663555	30.6222	0
13420	2.684	1.5698	1.65898	-0.0663555	30.6231	0
13425	2.685	1.5698	1.65898	-0.0663554	30.624	0
13430	2.686	1.5698	1.65898	-0.0663554	30.6249	0
13435	2.687	1.5698	1.65898	-0.0663553	30.6256	0
13440	2.688	1.5698	1.65898	-0.0663551	30.6263	0
13445	2.689	1.5698	1.65898	-0.0663549	30.6269	0
13450	2.69	1.5698	1.65898	-0.0663547	30.6275	0
13455	2.691	1.5698	1.65898	-0.0663545	30.628	0
13460	2.692	1.5698	1.65898	-0.0663544	30.6285	0
13465	2.693	1.5698	1.65898	-0.0663542	30.629	0
13470	2.694	1.5698	1.65899	-0.0663541	30.6294	0
13475	2.695	1.5698	1.65899	-0.0663541	30.6297	0
13480	2.696	1.5698	1.65899	-0.0663539	30.6301	0
13485	2.697	1.5698	1.65899	-0.0663539	30.6304	0
13490	2.698	1.5698	1.65899	-0.0663538	30.6307	0
13495	2.699	1.5698	1.65899	-0.0663536	30.6309	0
13500	2.7	1.5698	1.65897	-0.0663534	30.6312	0
13505	2.701	1.5698	1.65897	-0.0663532	30.6192	0
13510	2.702	1.5698	1.65897	-0.0663531	30.6203	0
13515	2.703	1.5698	1.65897	-0.0663529	30.6214	0
13520	2.704	1.5698	1.65898	-0.0663527	30.6224	0
13525	2.705	1.5698	1.65898	-0.0663526	30.6233	0
13530	2.706	1.5698	1.65898	-0.0663526	30.6241	0
13535	2.707	1.5698	1.65898	-0.0663524	30.6249	0
13540	2.708	1.5698	1.65898	-0.0663524	30.6255	0
13545	2.709	1.5698	1.65898	-0.0663523	30.6262	0
13550	2.71	1.5698	1.65898	-0.0663522	30.6268	0
13555	2.711	1.5698	1.65898	-0.066352	30.6273	0
13560	2.712	1.5698	1.65898	-0.0663517	30.6278	0
13565	2.713	1.5698	1.65898	-0.0663516	30.6282	0
13570	2.714	1.5698	1.65898	-0.0663514	30.6286	0
13575	2.715	1.5698	1.65899	-0.0663512	30.629	0
13580	2.716	1.5698	1.65898	-0.0663511	30.6293	0
13585	2.717	1.5698	1.65898	-0.0663511	30.6268	0
13590	2.718	1.5698	1.65898	-0.0663509	30.6273	0
13595	2.719	1.5698	1.65897	-0.0663509	30.6278	0
13600	2.72	1.5698	1.65897	-0.0663508	30.616	0
13605	2.721	1.5698	1.65897	-0.0663507	30.6174	0
13610	2.722	1.5698	1.65897	-0.0663505	30.6186	0
13615	2.723	1.5698	1.65897	-0.0663503	30.6197	0
13620	2.724	1.5698	1.65897	-0.0663501	30.6208	0
13625	2.725	1.5698	1.65897	-0.0663499	30.6217	0
13630	2.726	1.5698	1.65897	-0.0663497	30.6226	0
13635	2.727	1.5698	1.65897	-0.0663496	30.6234	0
13640	2.728	1.5698	1.65897	-0.0663496	30.6241	0
13645	2.729	1.5698	1.65898	-0.0663494	30.6248	0
13650	2.73	1.5698	1.65898	-0.0663494	30.6254	0
13655	2.731	1.5698	1.65898	-0.0663493	30.626	0
13660	2.732	1.5698	1.65898	-0.0663492	30.6265	0
13665	2.733	1.5698	1.65898	-0.066349	30.627	0
13670	2.734	1.5698	1.65898	-0.0663488	30.6274	0
13675	2.735	1.5698	1.65898	-0.0663486	30.6278	0
13680	2.736	1.5698	1.65898	-0.0663484	30.6282	0
13685	2.737	1.5698	1.65896	-0.0663482	30.6285	0
13690	2.738	1.5698	1.65896	-0.0663481	30.6166	0
13695	2.739	1.5698	1.65897	-0.0663481	30.6178	0
13700	2.74	1.5698	1.65897	-0.0663479	30.619	0
13705	2.741	1.5698	1.65897	-0.0663479	30.62	0
13710	2.742	1.5698	1.65897	-0.0663478	30.621	0
13715	2.743	1.5698	1.65897	-0.0663477	30.6218	0
13720	2.744	1.5698	1.65897	-0.0663475	30.6227	0
13725	2.745	1.5698	1.65897	-0.0663473	30.6234	0
13730	2.746	1.5698	1.65897	-0.0663471	30.6241	0
13735	2.747	1.5698	1.65897	-0.0663469	30.6247	0
13740	2.748	1.5698	1.65897	-0.0663468	30.6252	0
13745	2.749	1.5698	1.65898	-0.0663466	30.6258	0
13750	2.75	1.5698	1.65898	-0.0663466	30.6262	0
13755	2.751	1.5698	1.65898	-0.0663465	30.6267	0
13760	2.752	1.5698	1.65898	-0.0663464	30.6271	0
13765	2.753	1.5698	1.65898	-0.0663464	30.6274	0
13770	2.754	1.5698	1.65898	-0.0663462	30.6278	0
13775	2.755	1.5698	1.65898	-0.066346	30.6281	0
13780	2.756	1.5698	1.65896	-0.0663458	30.6284	0
13785	2.757	1.5698	1.65896	-0.0663456	30.6154	0
13790	2.758	1.5698	1.65896	-0.0663454	30.6167	0
13795	2.759	1.5698	1.65896	-0.0663453	30.6179	0
13800	2.76	1.5698	1.65897	-0.0663451	30.619	0
13805	2.761	1.5698	1.65897	-0.0663451	30.6199	0
13810	2.762	1.5698	1.65897	-0.066345	30.6208	0
13815	2.763	1.5698	1.65897	-0.066345	30.6217	0
13820	2.764	1.5698	1.65897	-0.0663449	30.6224	0
13825	2.765	1.5698	1.65897	-0.0663447	30.6231	0
13830	2.766	1.5698	1.65897	-0.0663445	30.6237	0
13835	2.767	1.5698	1.65897	-0.0663443	30.6243	0
13840	2.768	1.5698	1.65897	-0.0663441	30.6248	0
13845	2.769	1.5698	1.65897	-0.0663439	30.6253	0
13850	2.77	1.5698	1.65898	-0.0663438	30.6258	0
13855	2.771	1.5698	1.65898	-0.0663436	30.6262	0
13860	2.772	1.5698	1.65898	-0.0663436	30.6266	0
13865	2.773	1.5698	1.65898	-0.0663435	30.6269	0
13870	2.774	1.5698	1.65898	-0.0663435	30.6272	0
13875	2.775	1.5698	1.65898	-0.0663434	30.6275	0
13880	2.776	1.5698	1.65898	-0.0663432	30.6278	0
13885	2.777	1.5698	1.65896	-0.066343	30.628	0
13890	2.778	1.5698	1.65896	-0.0663428	30.616	0
13895	2.779	1.5698	1.65896	-0.0663426	30.6172	0
13900	2.78	1.5698	1.65897	-0.0663425	30.6182	0
13905	2.781	1.5698	1.65897	-0.0663423	30.6192	0
13910	2.782	1.5698	1.65897	-0.0663421	30.6201	0
13915	2.783	1.5698	1.65897	-0.0663421	30.6209	0
13920	2.784	1.5698	1.65897	-0.066342	30.6217	0
13925	2.785	1.5698	1.65897	-0.066342	30.6224	0
13930	2.786	1.5698	1.65897	-0.0663419	30.623	0
13935	2.787	1.5698	1.65897	-0.0663417	30.6236	0
13940	2.788	1.5698	1.65897	-0.0663415	30.6241	0
13945	2.789	1.5698	1.65897	-0.0663413	30.6246	0
13950	2.79	1.5698	1.65898	-0.0663411	30.625	0
13955	2.791	1.5698	1.65898	-0.066341	30.6254	0
13960	2.792	1.5698	1.65898	-0.0663408	30.6258	0
13965	2.793	1.5698	1.65898	-0.0663407	30.6262	0
13970	2.794	1.5698	1.65898	-0.0663407	30.6265	0
13975	2.795	1.5698	1.65898	-0.0663405	30.6268	0
13980	2.796	1.5698	1.65898	-0.0663405	30.627	0
13985	2.797	1.5698	1.65896	-0.0663404	30.6273	0
13990	2.798	1.5698	1.65896	-0.0663402	30.6143	0
13995	2.799	1.5698	1.65896	-0.06634	30.6156	0
14000	2.8	1.5698	1.65896	-0.0663398	30.6167	0
14005	2.801	1.5698	1.65896	-0.0663396	30.6177	0
14010	2.802	1.5698	1.65897	-0.0663395	30.6187	0
14015	2.803	1.5698	1.65897	-0.0663393	30.6196	0
14020	2.804	1.5698	1.65897	-0.0663392	30.6204	0
14025	2.805	1.5698	1.65897	-0.0663392	30.6211	0
14030	2.806	1.5698	1.65897	-0.066339	30.6218	0
14035	2.807	1.5698	1.65897	-0.066339	30.6224	0
14040	2.808	1.5698	1.65897	-0.0663389	30.6229	0
14045	2.809	1.5698	1.65897	-0.0663387	30.6235	0
14050	2.81	1.5698	1.65897	-0.0663386	30.6239	0
14055	2.811	1.5698	1.65897	-0.0663383	30.6244	0
14060	2.812	1.5698	1.65898	-0.0663382	30.6248	0
14065	2.813	1.5698	1.65898	-0.066338	30.6251	0
14070	2.814	1.5698	1.65896	-0.0663378	30.6255	0
14075	2.815	1.5698	1.65896	-0.0663377	30.6126	0
14080	2.816	1.5698	1.65896	-0.0663377	30.6139	0
14085	2.817	1.5698	1.65896	-0.0663375	30.6151	0
14090	2.818	1.5698	1.65896	-0.0663375	30.6162	0
14095	2.819	1.5698	1.65896	-0.0663374	30.6172	0
14100	2.82	1.5698	1.65896	-0.0663373	30.6182	0
14105	2.821	1.5698	1.65896	-0.0663371	30.619	0
14110	2.822	1.5698	1.65896	-0.0663369	30.6198	0
14115	2.823	1.5698	1.65897	-0.0663367	30.6205	0
14120	2.824	1.5698	1.65897	-0.0663365	30.6212	0
14125	2.825	1.5698	1.65897	-0.0663363	30.6218	0
14130	2.826	1.5698	1.65897	-0.0663362	30.6223	0
14135	2.827	1.5698	1.65897	-0.0663362	30.6228	0
14140	2.828	1.5698	1.65897	-0.066336	30.6233	0
14145	2.829	1.5698	1.65897	-0.066336	30.6237	0
14150	2.83	1.5698	1.65897	-0.0663359	30.6241	0
14155	2.831	1.5698	1.65897	-0.0663358	30.6244	0
14160	2.832	1.5698	1.65897	-0.0663356	30.6248	0
14165	2.833	1.5698	1.65897	-0.0663354	30.6251	0
14170	2.834	1.5698	1.65896	-0.0663352	30.6253	0
14175	2.835	1.5698	1.65896	-0.066335	30.6134	0
14180	2.836	1.5698	1.65896	-0.0663348	30.6145	0
14185	2.837	1.5698	1.65896	-0.0663347	30.6156	0
14190	2.838	1.5698	1.65896	-0.0663347	30.6166	0
14195	2.839	1.5698	1.65896	-0.0663346	30.6176	0
14200	2.84	1.5698	1.65896	-0.0663345	30.6184	0
14205	2.841	1.5698	1.65896	-0.0663344	30.6192	0
14210	2.842	1.5698	1.65896	-0.0663343	30.6199	0
14215	2.843	1.5698	1.65897	-0.0663341	30.6205	0
14220	2.844	1.5698	1.65897	-0.0663339	30.6211	0
14225	2.845	1.5698	1.65897	-0.0663337	30.6217	0
14230	2.846	1.5698	1.65897	-0.0663335	30.6222	0
14235	2.847	1.5698	1.65897	-0.0663334	30.6226	0
14240	2.848	1.5698	1.65897	-0.0663332	30.623	0
14245	2.849	1.5698	1.65897	-0.0663332	30.6234	0
14250	2.85	1.5698	1.65897	-0.0663331	30.6238	0
14255	2.851	1.5698	1.65897	-0.066333	30.6241	0
14260	2.852	1.5698	1.65897	-0.066333	30.6244	0
14265	2.853	1.5698	1.65897	-0.0663328	30.6246	0
14270	2.854	1.5698	1.65895	-0.0663326	30.6249	0
14275	2.855	1.5698	1.65896	-0.0663324	30.6119	0
14280	2.856	1.5698	1.65896	-0.0663322	30.6132	0
14285	2.857	1.5698	1.65896	-0.066332	30.6143	0
14290	2.858	1.5698	1.65896	-0.0663319	30.6154	0
14295	2.859	1.5698	1.65896	-0.0663317	30.6163	0
14300	2.86	1.5698	1.65896	-0.0663317	30.6172	0
14305	2.861	1.5698	1.65896	-0.0663316	30.618	0
14310	2.862	1.5698	1.65896	-0.0663316	30.6187	0
14315	2.863	1.5698	1.65896	-0.0663315	30.6194	0
14320	2.864	1.5698	1.65896	-0.0663313	30.62	0
14325	2.865	1.5698	1.65897	-0.0663311	30.6206	0
14330	2.866	1.5698	1.65897	-0.0663309	30.6211	0
14335	2.867	1.5698	1.65897	-0.0663307	30.6216	0
14340	2.868	1.5698	1.65897	-0.0663305	30.622	0
14345	2.869	1.5698	1.65897	-0.0663304	30.6224	0
14350	2.87	1.5698	1.65897	-0.0663302	30.6228	0
14355	2.871	1.5698	1.65897	-0.0663302	30.6231	0
14360	2.872	1.5698	1.65897	-0.0663301	30.6234	0
14365	2.873	1.5698	1.65897	-0.0663301	30.6237	0
14370	2.874	1.5698	1.65895	-0.06633	30.624	0
14375	2.875	1.5698	1.65895	-0.0663298	30.612	0
14380	2.876	1.5698	1.65896	-0.0663296	30.6132	0
14385	2.877	1.5698	1.65896	-0.0663294	30.6142	0
14390	2.878	1.5698	1.65896	-0.0663292	30.6152	0
14395	2.879	1.5698	1.65896	-0.066329	30.6161	0
14400	2.88	1.5698	1.65896	-0.0663289	30.617	0
14405	2.881	1.5698	1.65896	-0.0663287	30.6177	0
14410	2.882	1.5698	1.65896	-0.0663287	30.6184	0
14415	2.883	1.5698	1.65896	-0.0663286	30.6191	0
14420	2.884	1.5698	1.65896	-0.0663286	30.6196	0
14425	2.885	1.5698	1.65896	-0.0663285	30.6202	0
14430	2.886	1.5698	1.65897	-0.0663283	30.6207	0
14435	2.887	1.5698	1.65897	-0.0663281	30.6211	0
14440	2.888	1.5698	1.65897	-0.0663279	30.6215	0
14445	2.889	1.5698	1.65897	-0.0663277	30.6219	0
14450	2.89	1.5698	1.65897	-0.0663276	30.6223	0
14455	2.891	1.5698	1.65895	-0.0663274	30.6226	0
14460	2.892	1.5698	1.65895	-0.0663273	30.6097	0
14465	2.893	1.5698	1.65895	-0.0663273	30.611	0
14470	2.894	1.5698	1.65895	-0.0663271	30.6122	0
14475	2.895	1.5698	1.65895	-0.0663271	30.6133	0
14480	2.896	1.5698	1.65895	-0.066327	30.6143	0
14485	2.897	1.5698	1.65896	-0.0663268	30.6152	0
14490	2.898	1.5698	1.65896	-0.0663266	30.616	0
14495	2.899	1.5698	1.65896	-0.0663264	30.6168	0
14500	2.9	1.5698	1.65896	-0.0663262	30.6175	0
14505	2.901	1.5698	1.65896	-0.0663261	30.6182	0
14510	2.902	1.5698	1.65896	-0.0663259	30.6188	0
14515	2.903	1.5698	1.65896	-0.0663258	30.6193	0
14520	2.904	1.5698	1.65896	-0.0663258	30.6198	0
14525	2.905	1.5698	1.65896	-0.0663256	30.6203	0
14530	2.906	1.5698	1.65896	-0.0663256	30.6207	0
14535	2.907	1.5698	1.65897	-0.0663255	30.6211	0
14540	2.908	1.5698	1.65897	-0.0663254	30.6214	0
14545	2.909	1.5698	1.65897	-0.0663252	30.6217	0
14550	2.91	1.5698	1.65897	-0.0663249	30.622	0
14555	2.911	1.5698	1.65895	-0.0663247	30.6223	0
14560	2.912	1.5698	1.65895	-0.0663246	30.6094	0
14565	2.913	1.5698	1.65895	-0.0663244	30.6106	0
14570	2.914	1.5698	1.65895	-0.0663243	30.6118	0
14575	2.915	1.5698	1.65895	-0.0663243	30.6129	0
14580	2.916	1.5698	1.65895	-0.0663241	30.6138	0
14585	2.917	1.5698	1.65895	-0.0663241	30.6147	0
14590	2.918	1.5698	1.65895	-0.066324	30.6155	0
14595	2.919	1.5698	1.65896	-0.0663239	30.6163	0
14600	2.92	1.5698	1.65896	-0.0663237	30.617	0
14605	2.921	1.5698	1.65896	-0.0663235	30.6176	0
14610	2.922	1.5698	1.65896	-0.0663233	30.6182	0
14615	2.923	1.5698	1.65896	-0.0663231	30.6187	0
14620	2.924	1.5698	1.65896	-0.0663229	30.6192	0
14625	2.925	1.5698	1.65896	-0.0663228	30.6196	0
14630	2.926	1.5698	1.65896	-0.0663228	30.62	0
14635	2.927	1.5698	1.65896	-0.0663226	30.6204	0
14640	2.928	1.5698	1.65896	-0.0663226	30.6207	0
14645	2.929	1.5698	1.65897	-0.0663225	30.6211	0
14650	2.93	1.5698	1.65897	-0.0663224	30.6213	0
14655	2.931	1.5698	1.65895	-0.0663222	30.6216	0
14660	2.932	1.5698	1.65895	-0.066322	30.6106	0
14665	2.933	1.5698	1.65895	-0.0663218	30.6117	0
14670	2.934	1.5698	1.65895	-0.0663216	30.6127	0
14675	2.935	1.5698	1.65895	-0.0663214	30.6136	0
14680	2.936	1.5698	1.65895	-0.0663213	30.6145	0
14685	2.937	1.5698	1.65895	-0.0663213	30.6152	0
14690	2.938	1.5698	1.65896	-0.0663211	30.616	0
14695	2.939	1.5698	1.65896	-0.0663211	30.6166	0
14700	2.94	1.5698	1.65896	-0.066321	30.6172	0
14705	2.941	1.5698	1.65896	-0.0663209	30.6178	0
14710	2.942	1.5698	1.65896	-0.0663207	30.6183	0
14715	2.943	1.5698	1.65896	-0.0663205	30.6187	0
14720	2.944	1.5698	1.65896	-0.0663203	30.6192	0
14725	2.945	1.5698	1.65896	-0.0663201	30.6195	0
14730	2.946	1.5698	1.65896	-0.0663199	30.6199	0
14735	2.947	1.5698	1.65896	-0.0663198	30.6202	0
14740	2.948	1.5698	1.65897	-0.0663198	30.6205	0
14745	2.949	1.5698	1.65897	-0.0663197	30.6208	0
14750	2.95	1.5698	1.65897	-0.0663196	30.6211	0
14755	2.951	1.5698	1.65894	-0.0663195	30.6213	0
14760	2.952	1.5698	1.65894	-0.0663194	30.6064	0
14765	2.953	1.5698	1.65895	-0.0663192	30.6078	0
14770	2.954	1.5698	1.65895	-0.066319	30.6091	0
14775	2.955	1.5698	1.65895	-0.0663188	30.6102	0
14780	2.956	1.5698	1.65895	-0.0663186	30.6113	0
14785	2.957	1.5698	1.65895	-0.0663185	30.6123	0
14790	2.958	1.5698	1.65895	-0.0663183	30.6131	0
14795	2.959	1.5698	1.65895	-0.0663183	30.614	0
14800	2.96	1.5698	1.65895	-0.0663182	30.6147	0
14805	2.961	1.5698	1.65895	-0.0663182	30.6154	0
14810	2.962	1.5698	1.65895	-0.0663181	30.616	0
14815	2.963	1.5698	1.65896	-0.0663179	30.6166	0
14820	2.964	1.5698	1.65896	-0.0663177	30.6171	0
14825	2.965	1.5698	1.65896	-0.0663175	30.6176	0
14830	2.966	1.5698	1.65896	-0.0663173	30.618	0
14835	2.967	1.5698	1.65896	-0.0663171	30.6185	0
14840	2.968	1.5698	1.65894	-0.066317	30.6188	0
14845	2.969	1.5698	1.65894	-0.0663168	30.606	0
14850	2.97	1.5698	1.65894	-0.0663168	30.6073	0
14855	2.971	1.5698	1.65894	-0.0663167	30.6086	0
14860	2.972	1.5698	1.65894	-0.0663167	30.6097	0
14865	2.973	1.5698	1.65894	-0.0663166	30.6107	0
14870	2.974	1.5698	1.65895	-0.0663164	30.6117	0
14875	2.975	1.5698	1.65895	-0.0663162	30.6126	0
14880	2.976	1.5698	1.65895	-0.066316	30.6134	0
14885	2.977	1.5698	1.65895	-0.0663158	30.6141	0
14890	2.978	1.5698	1.65895	-0.0663156	30.6148	0
14895	2.979	1.5698	1.65895	-0.0663155	30.6154	0
14900	2.98	1.5698	1.65895	-0.0663153	30.6159	0
14905	2.981	1.5698	1.65895	-0.0663153	30.6165	0
14910	2.982	1.5698	1.65895	-0.0663152	30.6169	0
14915	2.983	1.5698	1.65895	-0.0663152	30.6174	0
14920	2.984	1.5698	1.65896	-0.0663151	30.6178	0
14925	2.985	1.5698	1.65896	-0.0663149	30.6181	0
14930	2.986	1.5698	1.65896	-0.0663147	30.6185	0
14935	2.987	1.5698	1.65896	-0.0663145	30.6188	0
14940	2.988	1.5698	1.65894	-0.0663143	30.619	0
14945	2.989	1.5698	1.65894	-0.0663142	30.6061	0
14950	2.99	1.5698	1.65894	-0.066314	30.6074	0
14955	2.991	1.5698	1.65894	-0.0663138	30.6086	0
14960	2.992	1.5698	1.65894	-0.0663138	30.6096	0
14965	2.993	1.5698	1.65894	-0.0663137	30.6106	0
14970	2.994	1.5698	1.65894	-0.0663137	30.6115	0
14975	2.995	1.5698	1.65895	-0.0663136	30.6123	0
14980	2.996	1.5698	1.65895	-0.0663134	30.6131	0
14985	2.997	1.5698	1.65895	-0.0663132	30.6138	0
14990	2.998	1.5698	1.65895	-0.066313	30.6144	0
14995	2.999	1.5698	1.65895	-0.0663128	30.615	0
15000	3	1.5698	1.65895	-0.0663127	30.6155	0
15005	3.001	1.5698	1.65895	-0.0663125	30.616	0
15010	3.002	1.5698	1.65895	-0.0663124	30.6164	0
15015	3.003	1.5698	1.65895	-0.0663124	30.6168	0
15020	3.004	1.5698	1.65895	-0.0663122	30.6172	0
15025	3.005	1.5698	1.65896	-0.0663122	30.6176	0
15030	3.006	1.5698	1.65896	-0.0663121	30.6179	0
15035	3.007	1.5698	1.65896	-0.0663119	30.6182	0
15040	3.008	1.5698	1.65894	-0.0663117	30.6184	0
15045	3.009	1.5698	1.65894	-0.0663115	30.6064	0
15050	3.01	1.5698	1.65894	-0.0663114	30.6076	0
15055	3.011	1.5698	1.65894	-0.0663112	30.6087	0
15060	3.012	1.5698	1.65894	-0.066311	30.6097	0
15065	3.013	1.5698	1.65894	-0.0663109	30.6106	0
15070	3.014	1.5698	1.65894	-0.0663109	30.6114	0
15075	3.015	1.5698	1.65895	-0.0663107	30.6122	0
15080	3.016	1.5698	1.65895	-0.0663107	30.6129	0
15085	3.017	1.5698	1.65895	-0.0663106	30.6135	0
15090	3.018	1.5698	1.65895	-0.0663105	30.6141	0
15095	3.019	1.5698	1.65895	-0.0663103	30.6147	0
15100	3.02	1.5698	1.65895	-0.06631	30.6152	0
15105	3.021	1.5698	1.65895	-0.0663099	30.6156	0
15110	3.022	1.5698	1.65895	-0.0663097	30.616	0
15115	3.023	1.5698	1.65895	-0.0663095	30.6164	0
15120	3.024	1.5698	1.65895	-0.0663094	30.6168	0
15125	3.025	1.5698	1.65896	-0.0663094	30.6171	0
15130	3.026	1.5698	1.65896	-0.0663092	30.6174	0
15135	3.027	1.5698	1.65896	-0.0663092	30.6176	0
15140	3.028	1.5698	1.65894	-0.0663091	30.6179	0
15145	3.029	1.5698	1.65894	-0.066309	30.6049	0
15150	3.03	1.5698	1.65894	-0.0663088	30.6062	0
15155	3.031	1.5698	1.65894	-0.0663086	30.6073	0
15160	3.032	1.5698	1.65894	-0.0663084	30.6084	0
15165	3.033	1.5698	1.65894	-0.0663082	30.6093	0
15170	3.034	1.5698	1.65894	-0.0663081	30.6102	0
15175	3.035	1.5698	1.65894	-0.0663079	30.611	0
15180	3.036	1.5698	1.65895	-0.0663079	30.6117	0
15185	3.037	1.5698	1.65895	-0.0663078	30.6124	0
15190	3.038	1.5698	1.65895	-0.0663077	30.613	0
15195	3.039	1.5698	1.65895	-0.0663076	30.6136	0
15200	3.04	1.5698	1.65895	-0.0663075	30.6141	0
15205	3.041	1.5698	1.65895	-0.0663073	30.6146	0
15210	3.042	1.5698	1.65895	-0.0663071	30.615	0
15215	3.043	1.5698	1.65895	-0.0663069	30.6154	0
15220	3.044	1.5698	1.65895	-0.0663067	30.6158	0
15225	3.045	1.5698	1.65893	-0.0663066	30.6161	0
15230	3.046	1.5698	1.65894	-0.0663064	30.6042	0
15235	3.047	1.5698	1.65894	-0.0663064	30.6054	0
15240	3.048	1.5698	1.65894	-0.0663063	30.6066	0
15245	3.049	1.5698	1.65894	-0.0663062	30.6076	0
15250	3.05	1.5698	1.65894	-0.0663062	30.6086	0
15255	3.051	1.5698	1.65894	-0.066306	30.6094	0
15260	3.052	1.5698	1.65894	-0.0663058	30.6102	0
15265	3.053	1.5698	1.65894	-0.0663056	30.611	0
15270	3.054	1.5698	1.65894	-0.0663054	30.6117	0
15275	3.055	1.5698	1.65894	-0.0663052	30.6123	0
15280	3.056	1.5698	1.65895	-0.0663051	30.6128	0
15285	3.057	1.5698	1.65895	-0.0663049	30.6134	0
15290	3.058	1.5698	1.65895	-0.0663049	30.6138	0
15295	3.059	1.5698	1.65895	-0.0663048	30.6143	0
15300	3.06	1.5698	1.65895	-0.0663048	30.6147	0
15305	3.061	1.5698	1.65895	-0.0663047	30.615	0
15310	3.062	1.5698	1.65895	-0.0663045	30.6154	0
15315	3.063	1.5698	1.65895	-0.0663043	30.6157	0
15320	3.064	1.5698	1.65895	-0.0663041	30.616	0
15325	3.065	1.5698	1.65893	-0.0663039	30.6162	0
15330	3.066	1.5698	1.65894	-0.0663037	30.6042	0
15335	3.067	1.5698	1.65894	-0.0663036	30.6054	0
15340	3.068	1.5698	1.65894	-0.0663034	30.6065	0
15345	3.069	1.5698	1.65894	-0.0663034	30.6075	0
15350	3.07	1.5698	1.65894	-0.0663033	30.6084	0
15355	3.071	1.5698	1.65894	-0.0663033	30.6092	0
15360	3.072	1.5698	1.65894	-0.0663032	30.61	0
15365	3.073	1.5698	1.65894	-0.066303	30.6107	0
15370	3.074	1.5698	1.65894	-0.0663028	30.6113	0
15375	3.075	1.5698	1.65894	-0.0663026	30.6119	0
15380	3.076	1.5698	1.65895	-0.0663024	30.6124	0
15385	3.077	1.5698	1.65895	-0.0663022	30.6129	0
15390	3.078	1.5698	1.65895	-0.0663021	30.6134	0
15395	3.079	1.5698	1.65895	-0.0663019	30.6138	0
15400	3.08	1.5698	1.65895	-0.0663019	30.6142	0
15405	3.081	1.5698	1.65895	-0.0663018	30.6145	0
15410	3.082	1.5698	1.65895	-0.0663018	30.6148	0
15415	3.083	1.5698	1.65895	-0.0663017	30.6151	0
15420	3.084	1.5698	1.65895	-0.0663015	30.6154	0
15425	3.085	1.5698	1.65893	-0.0663013	30.6156	0
15430	3.086	1.5698	1.65893	-0.0663011	30.6027	0
15435	3.087	1.5698	1.65893	-0.0663009	30.6039	0
15440	3.088	1.5698	1.65894	-0.0663008	30.6051	0
15445	3.089	1.5698	1.65894	-0.0663006	30.6061	0
15450	3.09	1.5698	1.65894	-0.0663005	30.607	0
15455	3.091	1.5698	1.65894	-0.0663005	30.6079	0
15460	3.092	1.5698	1.65894	-0.0663003	30.6087	0
15465	3.093	1.5698	1.65894	-0.0663003	30.6095	0
15470	3.094	1.5698	1.65894	-0.0663002	30.6101	0
15475	3.095	1.5698	1.65894	-0.0663	30.6108	0
15480	3.096	1.5698	1.65894	-0.0662998	30.6113	0
15485	3.097	1.5698	1.65894	-0.0662996	30.6118	0
15490	3.098	1.5698	1.65895	-0.0662994	30.6123	0
15495	3.099	1.5698	1.65895	-0.0662993	30.6127	0
15500	3.1	1.5698	1.65895	-0.0662991	30.6131	0
15505	3.101	1.5698	1.65895	-0.066299	30.6135	0
15510	3.102	1.5698	1.65895	-0.066299	30.6138	0
15515	3.103	1.5698	1.65895	-0.0662988	30.6142	0
15520	3.104	1.5698	1.65895	-0.0662988	30.6144	0
15525	3.105	1.5698	1.65893	-0.0662987	30.6147	0
15530	3.106	1.5698	1.65893	-0.0662985	30.6027	0
15535	3.107	1.5698	1.65893	-0.0662983	30.6039	0
15540	3.108	1.5698	1.65894	-0.0662981	30.6049	0
15545	3.109	1.5698	1.65894	-0.066298	30.6059	0
15550	3.11	1.5698	1.65894	-0.0662978	30.6068	0
15555	3.111	1.5698	1.65894	-0.0662976	30.6077	0
15560	3.112	1.5698	1.65894	-0.0662975	30.6084	0
15565	3.113	1.5698	1.65894	-0.0662975	30.6091	0
15570	3.114	1.5698	1.65894	-0.0662973	30.6098	0
15575	3.115	1.5698	1.65894	-0.0662973	30.6104	0
15580	3.116	1.5698	1.65894	-0.0662972	30.6109	0
15585	3.117	1.5698	1.65894	-0.0662971	30.6114	0
15590	3.118	1.5698	1.65894	-0.0662969	30.6118	0
15595	3.119	1.5698	1.65895	-0.0662967	30.6122	0
15600	3.12	1.5698	1.65895	-0.0662965	30.6126	0
15605	3.121	1.5698	1.65895	-0.0662963	30.613	0
15610	3.122	1.5698	1.65893	-0.0662961	30.6133	0
15615	3.123	1.5698	1.65893	-0.066296	30.6004	0
15620	3.124	1.5698	1.65893	-0.066296	30.6017	0
15625	3.125	1.5698	1.65893	-0.0662958	30.6029	0
15630	3.126	1.5698	1.65893	-0.0662958	30.604	0
15635	3.127	1.5698	1.65893	-0.0662957	30.605	0
15640	3.128	1.5698	1.65893	-0.0662956	30.6059	0
15645	3.129	1.5698	1.65893	-0.0662954	30.6068	0
15650	3.13	1.5698	1.65894	-0.0662952	30.6075	0
15655	3.131	1.5698	1.65894	-0.066295	30.6082	0
15660	3.132	1.5698	1.65894	-0.0662948	30.6089	0
15665	3.133	1.5698	1.65894	-0.0662946	30.6095	0
15670	3.134	1.5698	1.65894	-0.0662945	30.61	0
15675	3.135	1.5698	1.65894	-0.0662945	30.6105	0
15680	3.136	1.5698	1.65894	-0.0662943	30.611	0
15685	3.137	1.5698	1.65894	-0.0662943	30.6114	0
15690	3.138	1.5698	1.65894	-0.0662942	30.6118	0
15695	3.139	1.5698	1.65894	-0.0662941	30.6121	0
15700	3.14	1.5698	1.65894	-0.0662939	30.6125	0
15705	3.141	1.5698	1.65895	-0.0662937	30.6127	0
15710	3.142	1.5698	1.65893	-0.0662935	30.613	0
15715	3.143	1.5698	1.65893	-0.0662933	30.6001	0
15720	3.144	1.5698	1.65893	-0.0662932	30.6014	0
15725	3.145	1.5698	1.65893	-0.066293	30.6025	0
15730	3.146	1.5698	1.65893	-0.066293	30.6036	0
15735	3.147	1.5698	1.65893	-0.0662929	30.6045	0
15740	3.148	1.5698	1.65893	-0.0662928	30.6054	0
15745	3.149	1.5698	1.65893	-0.0662927	30.6062	0
15750	3.15	1.5698	1.65893	-0.0662926	30.607	0
15755	3.151	1.5698	1.65893	-0.0662924	30.6077	0
15760	3.152	1.5698	1.65894	-0.0662922	30.6083	0
15765	3.153	1.5698	1.65894	-0.066292	30.6089	0
15770	3.154	1.5698	1.65894	-0.0662918	30.6094	0
15775	3.155	1.5698	1.65894	-0.0662917	30.6099	0
15780	3.156	1.5698	1.65894	-0.0662915	30.6103	0
15785	3.157	1.5698	1.65894	-0.0662915	30.6107	0
15790	3.158	1.5698	1.65894	-0.0662914	30.6111	0
15795	3.159	1.5698	1.65894	-0.0662913	30.6115	0
15800	3.16	1.5698	1.65894	-0.0662913	30.6118	0
15805	3.161	1.5698	1.65894	-0.0662911	30.6121	0
15810	3.162	1.5698	1.65893	-0.0662909	30.6123	0
15815	3.163	1.5698	1.65893	-0.0662907	30.6013	0
15820	3.164	1.5698	1.65893	-0.0662905	30.6024	0
15825	3.165	1.5698	1.65893	-0.0662903	30.6034	0
15830	3.166	1.5698	1.65893	-0.0662902	30.6043	0
15835	3.167	1.5698	1.65893	-0.06629	30.6052	0
15840	3.168	1.5698	1.65893	-0.06629	30.606	0
15845	3.169	1.5698	1.65893	-0.0662899	30.6067	0
15850	3.17	1.5698	1.65893	-0.0662899	30.6073	0
15855	3.171	1.5698	1.65894	-0.0662898	30.6079	0
15860	3.172	1.5698	1.65894	-0.0662896	30.6085	0
15865	3.173	1.5698	1.65894	-0.0662894	30.609	0
15870	3.174	1.5698	1.65894	-0.0662892	30.6094	0
15875	3.175	1.5698	1.65894	-0.066289	30.6099	0
15880	3.176	1.5698	1.65894	-0.0662888	30.6103	0
15885	3.177	1.5698	1.65894	-0.0662887	30.6106	0
15890	3.178	1.5698	1.65894	-0.0662885	30.6109	0
15895	3.179	1.5698	1.65894	-0.0662885	30.6112	0
15900	3.18	1.5698	1.65894	-0.0662884	30.6115	0
15905	3.181	1.5698	1.65894	-0.0662884	30.6118	0
15910	3.182	1.5698	1.65892	-0.0662883	30.612	0
15915	3.183	1.5698	1.65892	-0.0662881	30.599	0
15920	3.184	1.5698	1.65892	-0.0662879	30.5974	0
15925	3.185	1.5698	1.65892	-0.0662877	30.5988	0
15930	3.186	1.5698	1.65892	-0.0662875	30.6	0
15935	3.187	1.5698	1.65893	-0.0662874	30.6011	0
15940	3.188	1.5698	1.65893	-0.0662872	30.6022	0
15945	3.189	1.5698	1.65893	-0.066287	30.6031	0
15950	3.19	1.5698	1.65893	-0.066287	30.604	0
15955	3.191	1.5698	1.65893	-0.0662869	30.6048	0
15960	3.192	1.5698	1.65893	-0.0662869	30.6055	0
15965	3.193	1.5698	1.65893	-0.0662868	30.6062	0
15970	3.194	1.5698	1.65893	-0.0662866	30.6068	0
15975	3.195	1.5698	1.65893	-0.0662864	30.6074	0
15980	3.196	1.5698	1.65893	-0.0662862	30.6079	0
15985	3.197	1.5698	1.65894	-0.066286	30.6084	0
15990	3.198	1.5698	1.65894	-0.0662859	30.6088	0
15995	3.199	1.5698	1.65894	-0.0662857	30.6092	0
16000	3.2	1.5698	1.65892	-0.0662856	30.6096	0
16005	3.201	1.5698	1.65892	-0.0662856	30.5967	0
16010	3.202	1.5698	1.65892	-0.0662854	30.5981	0
16015	3.203	1.5698	1.65892	-0.0662854	30.5993	0
16020	3.204	1.5698	1.65892	-0.0662853	30.6004	0
16025	3.205	1.5698	1.65892	-0.0662851	30.6014	0
16030	3.206	1.5698	1.65892	-0.0662849	30.6024	0
16035	3.207	1.5698	1.65892	-0.0662847	30.6033	0
16040	3.208	1.5698	1.65893	-0.0662846	30.604	0
16045	3.209	1.5698	1.65893	-0.0662844	30.6048	0
16050	3.21	1.5698	1.65893	-0.0662842	30.6054	0
16055	3.211	1.5698	1.65893	-0.0662841	30.6061	0
16060	3.212	1.5698	1.65893	-0.0662841	30.6066	0
16065	3.213	1.5698	1.65893	-0.0662839	30.6071	0
16070	3.214	1.5698	1.65893	-0.0662839	30.6076	0
16075	3.215	1.5698	1.65893	-0.0662838	30.608	0
16080	3.216	1.5698	1.65893	-0.0662837	30.6084	0
16085	3.217	1.5698	1.65893	-0.0662835	30.6088	0
16090	3.218	1.5698	1.65894	-0.0662833	30.6091	0
16095	3.219	1.5698	1.65892	-0.0662831	30.6094	0
16100	3.22	1.5698	1.65892	-0.0662829	30.5975	0
16105	3.221	1.5698	1.65892	-0.0662827	30.5987	0
16110	3.222	1.5698	1.65892	-0.0662826	30.5998	0
16115	3.223	1.5698	1.65892	-0.0662826	30.6008	0
16120	3.224	1.5698	1.65892	-0.0662824	30.6018	0
16125	3.225	1.5698	1.65892	-0.0662824	30.6026	0
16130	3.226	1.5698	1.65892	-0.0662823	30.6034	0
16135	3.227	1.5698	1.65892	-0.0662822	30.6041	0
16140	3.228	1.5698	1.65893	-0.066282	30.6048	0
16145	3.229	1.5698	1.65893	-0.0662818	30.6054	0
16150	3.23	1.5698	1.65893	-0.0662816	30.6059	0
16155	3.231	1.5698	1.65893	-0.0662814	30.6065	0
16160	3.232	1.5698	1.65893	-0.0662812	30.6069	0
16165	3.233	1.5698	1.65893	-0.0662811	30.6073	0
16170	3.234	1.5698	1.65893	-0.0662811	30.6077	0
16175	3.235	1.5698	1.65893	-0.0662809	30.6081	0
16180	3.236	1.5698	1.65893	-0.0662809	30.6084	0
16185	3.237	1.5698	1.65893	-0.0662808	30.6087	0
16190	3.238	1.5698	1.65894	-0.0662807	30.609	0
16195	3.239	1.5698	1.65892	-0.0662805	30.6093	0
16200	3.24	1.5698	1.65892	-0.0662803	30.5972	0
16205	3.241	1.5698	1.65892	-0.0662801	30.5984	0
16210	3.242	1.5698	1.65892	-0.0662799	30.5995	0
16215	3.243	1.5698	1.65892	-0.0662798	30.6005	0
16220	3.244	1.5698	1.65892	-0.0662796	30.6014	0
16225	3.245	1.5698	1.65892	-0.0662796	30.6022	0
16230	3.246	1.5698	1.65892	-0.0662795	30.603	0
16235	3.247	1.5698	1.65892	-0.0662794	30.6037	0
16240	3.248	1.5698	1.65893	-0.0662794	30.6043	0
16245	3.249	1.5698	1.65893	-0.0662792	30.6049	0
16250	3.25	1.5698	1.65893	-0.066279	30.6054	0
16255	3.251	1.5698	1.65893	-0.0662788	30.6059	0
16260	3.252	1.5698	1.65893	-0.0662786	30.6064	0
16265	3.253	1.5698	1.65893	-0.0662784	30.6068	0
16270	3.254	1.5698	1.65893	-0.0662783	30.6071	0
16275	3.255	1.5698	1.65893	-0.0662781	30.6075	0
16280	3.256	1.5698	1.65893	-0.0662781	30.6078	0
16285	3.257	1.5698	1.65893	-0.066278	30.6081	0
16290	3.258	1.5698	1.65894	-0.066278	30.6084	0
16295	3.259	1.5698	1.65892	-0.0662779	30.6086	0
16300	3.26	1.5698	1.65892	-0.0662777	30.5957	0
16305	3.261	1.5698	1.65892	-0.0662775	30.5969	0
16310	3.262	1.5698	1.65892	-0.0662773	30.598	0
16315	3.263	1.5698	1.65892	-0.0662771	30.5991	0
16320	3.264	1.5698	1.65892	-0.0662769	30.6	0
16325	3.265	1.5698	1.65892	-0.0662768	30.6009	0
16330	3.266	1.5698	1.65892	-0.0662766	30.6017	0
16335	3.267	1.5698	1.65892	-0.0662766	30.6024	0
16340	3.268	1.5698	1.65892	-0.0662765	30.6031	0
16345	3.269	1.5698	1.65893	-0.0662765	30.6037	0
16350	3.27	1.5698	1.65893	-0.0662764	30.6043	0
16355	3.271	1.5698	1.65893	-0.0662762	30.6048	0
16360	3.272	1.5698	1.65893	-0.066276	30.6053	0
16365	3.273	1.5698	1.65893	-0.0662758	30.6057	0
16370	3.274	1.5698	1.65893	-0.0662756	30.6061	0
16375	3.275	1.5698	1.65893	-0.0662754	30.6065	0
16380	3.276	1.5698	1.65893	-0.0662753	30.6068	0
16385	3.277	1.5698	1.65891	-0.0662751	30.6071	0
16390	3.278	1.5698	1.65891	-0.0662751	30.5952	0
16395	3.279	1.5698	1.65892	-0.066275	30.5964	0
16400	3.28	1.5698	1.65892	-0.066275	30.5975	0
16405	3.281	1.5698	1.65892	-0.0662749	30.5985	0
16410	3.282	1.5698	1.65892	-0.0662747	30.5995	0
16415	3.283	1.5698	1.65892	-0.0662745	30.6003	0
16420	3.284	1.5698	1.65892	-0.0662743	30.6011	0
16425	3.285	1.5698	1.65892	-0.0662741	30.6018	0
16430	3.286	1.5698	1.65892	-0.066274	30.6025	0
16435	3.287	1.5698	1.65892	-0.0662738	30.6031	0
16440	3.288	1.5698	1.65892	-0.0662737	30.6037	0
16445	3.289	1.5698	1.65893	-0.0662737	30.6042	0
16450	3.29	1.5698	1.65893	-0.0662735	30.6046	0
16455	3.291	1.5698	1.65893	-0.0662735	30.6051	0
16460	3.292	1.5698	1.65893	-0.0662734	30.6055	0
16465	3.293	1.5698	1.65893	-0.0662732	30.6058	0
16470	3.294	1.5698	1.65893	-0.066273	30.6061	0
16475	3.295	1.5698	1.65893	-0.0662728	30.6064	0
16480	3.296	1.5698	1.65891	-0.0662726	30.6067	0
16485	3.297	1.5698	1.65891	-0.0662725	30.5938	0
16490	3.298	1.5698	1.65891	-0.0662723	30.5951	0
16495	3.299	1.5698	1.65891	-0.0662722	30.5962	0
16500	3.3	1.5698	1.65891	-0.0662722	30.5973	0
16505	3.301	1.5698	1.65892	-0.066272	30.5983	0
16510	3.302	1.5698	1.65892	-0.066272	30.5992	0
16515	3.303	1.5698	1.65892	-0.0662719	30.6	0
16520	3.304	1.5698	1.65892	-0.0662717	30.6007	0
16525	3.305	1.5698	1.65892	-0.0662716	30.6014	0
16530	3.306	1.5698	1.65892	-0.0662713	30.6021	0
16535	3.307	1.5698	1.65892	-0.0662711	30.6026	0
16540	3.308	1.5698	1.65892	-0.066271	30.6032	0
16545	3.309	1.5698	1.65892	-0.0662708	30.6036	0
16550	3.31	1.5698	1.65892	-0.0662707	30.6041	0
16555	3.311	1.5698	1.65893	-0.0662707	30.6045	0
16560	3.312	1.5698	1.65893	-0.0662705	30.6049	0
16565	3.313	1.5698	1.65893	-0.0662705	30.6052	0
16570	3.314	1.5698	1.65893	-0.0662704	30.6055	0
16575	3.315	1.5698	1.65893	-0.0662703	30.6058	0
16580	3.316	1.5698	1.65891	-0.0662701	30.6061	0
16585	3.317	1.5698	1.65891	-0.0662699	30.5931	0
16590	3.318	1.5698	1.65891	-0.0662697	30.5944	0
16595	3.319	1.5698	1.65891	-0.0662695	30.5955	0
16600	3.32	1.5698	1.65891	-0.0662693	30.5966	0
16605	3.321	1.5698	1.65891	-0.0662692	30.5976	0
16610	3.322	1.5698	1.65892	-0.0662692	30.5985	0
16615	3.323	1.5698	1.65892	-0.066269	30.5993	0
16620	3.324	1.5698	1.65892	-0.066269	30.6	0
16625	3.325	1.5698	1.65892	-0.0662689	30.6007	0
16630	3.326	1.5698	1.65892	-0.0662688	30.6013	0
16635	3.327	1.5698	1.65892	-0.0662686	30.6019	0
16640	3.328	1.5698	1.65892	-0.0662684	30.6024	0
16645	3.329	1.5698	1.65892	-0.0662682	30.6029	0
16650	3.33	1.5698	1.65892	-0.066268	30.6033	0
16655	3.331	1.5698	1.65892	-0.0662678	30.6037	0
16660	3.332	1.5698	1.65892	-0.0662677	30.6041	0
16665	3.333	1.5698	1.65893	-0.0662677	30.6045	0
16670	3.334	1.5698	1.65893	-0.0662675	30.6048	0
16675	3.335	1.5698	1.65893	-0.0662675	30.605	0
16680	3.336	1.5698	1.65893	-0.0662674	30.6053	0
16685	3.337	1.5698	1.65891	-0.0662673	30.6055	0
16690	3.338	1.5698	1.65891	-0.0662671	30.5935	0
16695	3.339	1.5698	1.65891	-0.0662669	30.5947	0
16700	3.34	1.5698	1.65891	-0.0662667	30.5958	0
16705	3.341	1.5698	1.65891	-0.0662665	30.5967	0
16710	3.342	1.5698	1.65891	-0.0662664	30.5976	0
16715	3.343	1.5698	1.65892	-0.0662662	30.5984	0
16720	3.344	1.5698	1.65892	-0.0662662	30.5992	0
16725	3.345	1.5698	1.65892	-0.0662661	30.5999	0
16730	3.346	1.5698	1.65892	-0.066266	30.6005	0
16735	3.347	1.5698	1.65892	-0.0662659	30.6011	0
16740	3.348	1.5698	1.65892	-0.0662658	30.6016	0
16745	3.349	1.5698	1.65892	-0.0662656	30.6021	0
16750	3.35	1.5698	1.65892	-0.0662654	30.6026	0
16755	3.351	1.5698	1.65892	-0.0662652	30.603	0
16760	3.352	1.5698	1.65892	-0.066265	30.6033	0
16765	3.353	1.5698	1.65892	-0.0662649	30.6037	0
16770	3.354	1.5698	1.65891	-0.0662647	30.604	0
16775	3.355	1.5698	1.65891	-0.0662647	30.592	0
16780	3.356	1.5698	1.65891	-0.0662646	30.5933	0
16785	3.357	1.5698	1.65891	-0.0662646	30.5944	0
16790	3.358	1.5698	1.65891	-0.0662645	30.5954	0
16795	3.359	1.5698	1.65891	-0.0662643	30.5964	0
16800	3.36	1.5698	1.65891	-0.0662641	30.5972	0
16805	3.361	1.5698	1.65891	-0.0662639	30.598	0
16810	3.362	1.5698	1.65891	-0.0662637	30.5987	0
16815	3.363	1.5698	1.65892	-0.0662635	30.5994	0
16820	3.364	1.5698	1.65892	-0.0662634	30.6	0
16825	3.365	1.5698	1.65892	-0.0662632	30.6006	0
16830	3.366	1.5698	1.65892	-0.0662632	30.6011	0
16835	3.367	1.5698	1.65892	-0.0662631	30.6016	0
16840	3.368	1.5698	1.65892	-0.0662631	30.602	0
16845	3.369	1.5698	1.65892	-0.066263	30.6024	0
16850	3.37	1.5698	1.65892	-0.0662628	30.6027	0
16855	3.371	1.5698	1.65892	-0.0662626	30.6031	0
16860	3.372	1.5698	1.65892	-0.0662624	30.6034	0
16865	3.373	1.5698	1.6589	-0.0662622	30.6037	0
16870	3.374	1.5698	1.6589	-0.066262	30.5907	0
16875	3.375	1.5698	1.65891	-0.0662619	30.592	0
16880	3.376	1.5698	1.65891	-0.0662617	30.5932	0
16885	3.377	1.5698	1.65891	-0.0662617	30.5942	0
16890	3.378	1.5698	1.65891	-0.0662616	30.5952	0
16895	3.379	1.5698	1.65891	-0.0662616	30.5961	0
16900	3.38	1.5698	1.65891	-0.0662615	30.5969	0
16905	3.381	1.5698	1.65891	-0.0662613	30.5977	0
16910	3.382	1.5698	1.65891	-0.0662611	30.5984	0
16915	3.383	1.5698	1.65891	-0.0662609	30.599	0
16920	3.384	1.5698	1.65891	-0.0662607	30.5996	0
16925	3.385	1.5698	1.65892	-0.0662606	30.6001	0
16930	3.386	1.5698	1.65892	-0.0662604	30.6006	0
16935	3.387	1.5698	1.65892	-0.0662602	30.601	0
16940	3.388	1.5698	1.65892	-0.0662602	30.6014	0
16945	3.389	1.5698	1.65892	-0.0662601	30.6018	0
16950	3.39	1.5698	1.65892	-0.0662601	30.6021	0
16955	3.391	1.5698	1.65892	-0.06626	30.6025	0
16960	3.392	1.5698	1.65892	-0.0662598	30.6028	0
16965	3.393	1.5698	1.6589	-0.0662596	30.603	0
16970	3.394	1.5698	1.6589	-0.0662594	30.591	0
16975	3.395	1.5698	1.65891	-0.0662592	30.5922	0
16980	3.396	1.5698	1.65891	-0.0662591	30.5933	0
16985	3.397	1.5698	1.65891	-0.0662589	30.5943	0
16990	3.398	1.5698	1.65891	-0.0662588	30.5952	0
16995	3.399	1.5698	1.65891	-0.0662588	30.596	0
17000	3.4	1.5698	1.65891	-0.0662586	30.5968	0
17005	3.401	1.5698	1.65891	-0.0662586	30.5975	0
17010	3.402	1.5698	1.65891	-0.0662585	30.5981	0
17015	3.403	1.5698	1.65891	-0.0662583	30.5987	0
17020	3.404	1.5698	1.65891	-0.0662582	30.5993	0
17025	3.405	1.5698	1.65892	-0.0662579	30.5997	0
17030	3.406	1.5698	1.65892	-0.0662577	30.6002	0
17035	3.407	1.5698	1.65892	-0.0662576	30.6006	0
17040	3.408	1.5698	1.65892	-0.0662574	30.601	0
17045	3.409	1.5698	1.65892	-0.0662573	30.6013	0
17050	3.41	1.5698	1.65892	-0.0662573	30.6017	0
17055	3.411	1.5698	1.65892	-0.0662571	30.602	0
17060	3.412	1.5698	1.65892	-0.0662571	30.6022	0
17065	3.413	1.5698	1.65892	-0.066257	30.6025	0
17070	3.414	1.5698	1.6589	-0.0662569	30.6027	0
17075	3.415	1.5698	1.6589	-0.0662567	30.5869	0
17080	3.416	1.5698	1.6589	-0.0662564	30.5883	0
17085	3.417	1.5698	1.6589	-0.0662563	30.5897	0
17090	3.418	1.5698	1.6589	-0.0662561	30.5909	0
17095	3.419	1.5698	1.6589	-0.0662559	30.592	0
17100	3.42	1.5698	1.6589	-0.0662558	30.593	0
17105	3.421	1.5698	1.65891	-0.0662558	30.594	0
17110	3.422	1.5698	1.65891	-0.0662556	30.5948	0
17115	3.423	1.5698	1.65891	-0.0662556	30.5956	0
17120	3.424	1.5698	1.65891	-0.0662555	30.5963	0
17125	3.425	1.5698	1.65891	-0.0662554	30.597	0
17130	3.426	1.5698	1.65891	-0.0662552	30.5976	0
17135	3.427	1.5698	1.65891	-0.066255	30.5981	0
17140	3.428	1.5698	1.65891	-0.0662548	30.5986	0
17145	3.429	1.5698	1.65891	-0.0662546	30.5991	0
17150	3.43	1.5698	1.65891	-0.0662544	30.5995	0
17155	3.431	1.5698	1.6589	-0.0662543	30.5999	0
17160	3.432	1.5698	1.6589	-0.0662543	30.588	0
17165	3.433	1.5698	1.6589	-0.0662541	30.5893	0
17170	3.434	1.5698	1.6589	-0.0662541	30.5905	0
17175	3.435	1.5698	1.6589	-0.066254	30.5916	0
17180	3.436	1.5698	1.6589	-0.0662539	30.5926	0
17185	3.437	1.5698	1.6589	-0.0662537	30.5935	0
17190	3.438	1.5698	1.6589	-0.0662535	30.5943	0
17195	3.439	1.5698	1.6589	-0.0662533	30.5951	0
17200	3.44	1.5698	1.6589	-0.0662531	30.5958	0
17205	3.441	1.5698	1.65891	-0.066253	30.5964	0
17210	3.442	1.5698	1.65891	-0.0662528	30.597	0
17215	3.443	1.5698	1.65891	-0.0662528	30.5976	0
17220	3.444	1.5698	1.65891	-0.0662527	30.5981	0
17225	3.445	1.5698	1.65891	-0.0662526	30.5985	0
17230	3.446	1.5698	1.65891	-0.0662525	30.5989	0
17235	3.447	1.5698	1.65891	-0.0662524	30.5993	0
17240	3.448	1.5698	1.65891	-0.0662522	30.5996	0
17245	3.449	1.5698	1.65891	-0.066252	30.6	0
17250	3.45	1.5698	1.65891	-0.0662518	30.6003	0
17255	3.451	1.5698	1.6589	-0.0662516	30.6005	0
17260	3.452	1.5698	1.6589	-0.0662515	30.5885	0
17265	3.453	1.5698	1.6589	-0.0662513	30.5897	0
17270	3.454	1.5698	1.6589	-0.0662513	30.5908	0
17275	3.455	1.5698	1.6589	-0.0662512	30.5918	0
17280	3.456	1.5698	1.6589	-0.0662512	30.5927	0
17285	3.457	1.5698	1.6589	-0.0662511	30.5936	0
17290	3.458	1.5698	1.6589	-0.0662509	30.5943	0
17295	3.459	1.5698	1.6589	-0.0662507	30.595	0
17300	3.46	1.5698	1.6589	-0.0662505	30.5957	0
17305	3.461	1.5698	1.65891	-0.0662503	30.5963	0
17310	3.462	1.5698	1.65891	-0.0662501	30.5968	0
17315	3.463	1.5698	1.65891	-0.06625	30.5973	0
17320	3.464	1.5698	1.65891	-0.0662498	30.5977	0
17325	3.465	1.5698	1.65891	-0.0662498	30.5982	0
17330	3.466	1.5698	1.65891	-0.0662497	30.5985	0
17335	3.467	1.5698	1.65891	-0.0662497	30.5989	0
17340	3.468	1.5698	1.65891	-0.0662496	30.5992	0
17345	3.469	1.5698	1.65891	-0.0662494	30.5995	0
17350	3.47	1.5698	1.65891	-0.0662492	30.5998	0
17355	3.471	1.5698	1.65889	-0.066249	30.6	0
17360	3.472	1.5698	1.6589	-0.0662488	30.5871	0
17365	3.473	1.5698	1.6589	-0.0662486	30.5883	0
17370	3.474	1.5698	1.6589	-0.0662485	30.5895	0
17375	3.475	1.5698	1.6589	-0.0662483	30.5905	0
17380	3.476	1.5698	1.6589	-0.0662483	30.5915	0
17385	3.477	1.5698	1.6589	-0.0662482	30.5923	0
17390	3.478	1.5698	1.6589	-0.0662482	30.5931	0
17395	3.479	1.5698	1.6589	-0.0662481	30.5939	0
17400	3.48	1.5698	1.6589	-0.0662479	30.5945	0
17405	3.481	1.5698	1.6589	-0.0662477	30.5952	0
17410	3.482	1.5698	1.65891	-0.0662475	30.5957	0
17415	3.483	1.5698	1.65891	-0.0662473	30.5962	0
17420	3.484	1.5698	1.65891	-0.0662472	30.5967	0
17425	3.485	1.5698	1.65891	-0.066247	30.5972	0
17430	3.486	1.5698	1.65891	-0.0662469	30.5976	0
17435	3.487	1.5698	1.65891	-0.0662469	30.5979	0
17440	3.488	1.5698	1.65891	-0.0662467	30.5983	0
17445	3.489	1.5698	1.65891	-0.0662467	30.5986	0
17450	3.49	1.5698	1.65891	-0.0662466	30.5988	0
17455	3.491	1.5698	1.65889	-0.0662464	30.5991	0
17460	3.492	1.5698	1.65889	-0.0662462	30.5862	0
17465	3.493	1.5698	1.65889	-0.066246	30.5874	0
17470	3.494	1.5698	1.6589	-0.0662458	30.5886	0
17475	3.495	1.5698	1.6589	-0.0662457	30.5896	0
17480	3.496	1.5698	1.6589	-0.0662455	30.5906	0
17485	3.497	1.5698	1.6589	-0.0662454	30.5915	0
17490	3.498	1.5698	1.6589	-0.0662454	30.5923	0
17495	3.499	1.5698	1.6589	-0.0662452	30.593	0
17500	3.5	1.5698	1.6589	-0.0662452	30.5937	0
17505	3.501	1.5698	1.6589	-0.0662451	30.5943	0
17510	3.502	1.5698	1.6589	-0.0662449	30.5949	0
17515	3.503	1.5698	1.6589	-0.0662448	30.5954	0
17520	3.504	1.5698	1.65891	-0.0662445	30.5959	0
17525	3.505	1.5698	1.65891	-0.0662444	30.5963	0
17530	3.506	1.5698	1.65891	-0.0662442	30.5967	0
17535	3.507	1.5698	1.65891	-0.066244	30.5971	0
17540	3.508	1.5698	1.65889	-0.0662439	30.5974	0
17545	3.509	1.5698	1.65889	-0.0662439	30.5855	0
17550	3.51	1.5698	1.65889	-0.0662437	30.5868	0
17555	3.511	1.5698	1.65889	-0.0662437	30.5879	0
17560	3.512	1.5698	1.65889	-0.0662436	30.5889	0
17565	3.513	1.5698	1.65889	-0.0662435	30.5899	0
17570	3.514	1.5698	1.6589	-0.0662433	30.5908	0
17575	3.515	1.5698	1.6589	-0.0662431	30.5916	0
17580	3.516	1.5698	1.6589	-0.0662429	30.5923	0
17585	3.517	1.5698	1.6589	-0.0662427	30.593	0
17590	3.518	1.5698	1.6589	-0.0662425	30.5936	0
17595	3.519	1.5698	1.6589	-0.0662424	30.5942	0
17600	3.52	1.5698	1.6589	-0.0662424	30.5947	0
17605	3.521	1.5698	1.6589	-0.0662422	30.5952	0
17610	3.522	1.5698	1.6589	-0.0662422	30.5956	0
17615	3.523	1.5698	1.6589	-0.0662421	30.596	0
17620	3.524	1.5698	1.65891	-0.066242	30.5964	0
17625	3.525	1.5698	1.65891	-0.0662418	30.5967	0
17630	3.526	1.5698	1.65891	-0.0662416	30.597	0
17635	3.527	1.5698	1.65891	-0.0662414	30.5973	0
17640	3.528	1.5698	1.65889	-0.0662412	30.5976	0
17645	3.529	1.5698	1.65889	-0.066241	30.5846	0
17650	3.53	1.5698	1.65889	-0.0662409	30.5859	0
17655	3.531	1.5698	1.65889	-0.0662409	30.587	0
17660	3.532	1.5698	1.65889	-0.0662408	30.5881	0
17665	3.533	1.5698	1.65889	-0.0662407	30.589	0
17670	3.534	1.5698	1.65889	-0.0662406	30.5899	0
17675	3.535	1.5698	1.6589	-0.0662405	30.5907	0
17680	3.536	1.5698	1.6589	-0.0662403	30.5915	0
17685	3.537	1.5698	1.6589	-0.0662401	30.5922	0
17690	3.538	1.5698	1.6589	-0.0662399	30.5928	0
17695	3.539	1.5698	1.6589	-0.0662397	30.5934	0
17700	3.54	1.5698	1.6589	-0.0662396	30.5939	0
17705	3.541	1.5698	1.6589	-0.0662394	30.5944	0
17710	3.542	1.5698	1.6589	-0.0662394	30.5948	0
17715	3.543	1.5698	1.6589	-0.0662393	30.5952	0
17720	3.544	1.5698	1.6589	-0.0662392	30.5956	0
17725	3.545	1.5698	1.6589	-0.0662391	30.5959	0
17730	3.546	1.5698	1.65891	-0.066239	30.5962	0
17735	3.547	1.5698	1.65891	-0.0662388	30.5965	0
17740	3.548	1.5698	1.65889	-0.0662386	30.5968	0
17745	3.549	1.5698	1.65889	-0.0662384	30.5848	0
17750	3.55	1.5698	1.65889	-0.0662382	30.5859	0
17755	3.551	1.5698	1.65889	-0.0662381	30.587	0
17760	3.552	1.5698	1.65889	-0.0662379	30.588	0
17765	3.553	1.5698	1.65889	-0.0662379	30.5889	0
17770	3.554	1.5698	1.65889	-0.0662378	30.5898	0
17775	3.555	1.5698	1.6589	-0.0662378	30.5905	0
17780	3.556	1.5698	1.6589	-0.0662377	30.5912	0
17785	3.557	1.5698	1.6589	-0.0662375	30.5919	0
17790	3.558	1.5698	1.6589	-0.0662373	30.5924	0
17795	3.559	1.5698	1.6589	-0.0662371	30.593	0
17800	3.56	1.5698	1.6589	-0.0662369	30.5935	0
17805	3.561	1.5698	1.6589	-0.0662367	30.5939	0
17810	3.562	1.5698	1.6589	-0.0662366	30.5943	0
17815	3.563	1.5698	1.6589	-0.0662364	30.5947	0
17820	3.564	1.5698	1.6589	-0.0662364	30.5951	0
17825	3.565	1.5698	1.6589	-0.0662363	30.5954	0
17830	3.566	1.5698	1.65891	-0.0662363	30.5957	0
17835	3.567	1.5698	1.65891	-0.0662362	30.5959	0
17840	3.568	1.5698	1.65889	-0.066236	30.5962	0
17845	3.569	1.5698	1.65889	-0.0662358	30.5842	0
17850	3.57	1.5698	1.65889	-0.0662356	30.5853	0
17855	3.571	1.5698	1.65889	-0.0662354	30.5864	0
17860	3.572	1.5698	1.65889	-0.0662352	30.5874	0
17865	3.573	1.5698	1.65889	-0.0662351	30.5883	0
17870	3.574	1.5698	1.65889	-0.0662349	30.5891	0
17875	3.575	1.5698	1.65889	-0.0662349	30.5899	0
17880	3.576	1.5698	1.6589	-0.0662348	30.5906	0
17885	3.577	1.5698	1.6589	-0.0662348	30.5912	0
17890	3.578	1.5698	1.6589	-0.0662347	30.5918	0
17895	3.579	1.5698	1.6589	-0.0662345	30.5923	0
17900	3.58	1.5698	1.6589	-0.0662343	30.5928	0
17905	3.581	1.5698	1.6589	-0.0662341	30.5932	0
17910	3.582	1.5698	1.6589	-0.0662339	30.5936	0
17915	3.583	1.5698	1.6589	-0.0662338	30.594	0
17920	3.584	1.5698	1.6589	-0.0662336	30.5944	0
17925	3.585	1.5698	1.65888	-0.0662334	30.5947	0
17930	3.586	1.5698	1.65888	-0.0662334	30.5818	0
17935	3.587	1.5698	1.65889	-0.0662333	30.5831	0
17940	3.588	1.5698	1.65889	-0.0662333	30.5843	0
17945	3.589	1.5698	1.65889	-0.0662332	30.5854	0
17950	3.59	1.5698	1.65889	-0.066233	30.5864	0
17955	3.591	1.5698	1.65889	-0.0662328	30.5873	0
17960	3.592	1.5698	1.65889	-0.0662326	30.5881	0
17965	3.593	1.5698	1.65889	-0.0662324	30.5889	0
17970	3.594	1.5698	1.65889	-0.0662323	30.5896	0
17975	3.595	1.5698	1.65889	-0.0662321	30.5903	0
17980	3.596	1.5698	1.65889	-0.066232	30.5908	0
17985	3.597	1.5698	1.65889	-0.066232	30.5914	0
17990	3.598	1.5698	1.6589	-0.0662318	30.5919	0
17995	3.599	1.5698	1.6589	-0.0662318	30.5923	0
18000	3.6	1.5698	1.6589	-0.0662317	30.5928	0
18005	3.601	1.5698	1.6589	-0.0662315	30.5931	0
18010	3.602	1.5698	1.6589	-0.0662313	30.5935	0
18015	3.603	1.5698	1.6589	-0.0662311	30.5938	0
18020	3.604	1.5698	1.6589	-0.066231	30.5941	0
18025	3.605	1.5698	1.65888	-0.0662308	30.5944	0
18030	3.606	1.5698	1.65888	-0.0662306	30.5824	0
18035	3.607	1.5698	1.65888	-0.0662305	30.5836	0
18040	3.608	1.5698	1.65889	-0.0662305	30.5847	0
18045	3.609	1.5698	1.65889	-0.0662303	30.5857	0
18050	3.61	1.5698	1.65889	-0.0662303	30.5866	0
18055	3.611	1.5698	1.65889	-0.0662302	30.5874	0
18060	3.612	1.5698	1.65889	-0.0662301	30.5882	0
18065	3.613	1.5698	1.65889	-0.0662299	30.5889	0
18070	3.614	1.5698	1.65889	-0.0662297	30.5895	0
18075	3.615	1.5698	1.65889	-0.0662295	30.5901	0
18080	3.616	1.5698	1.65889	-0.0662293	30.5907	0
18085	3.617	1.5698	1.65889	-0.0662291	30.5912	0
18090	3.618	1.5698	1.6589	-0.066229	30.5916	0
18095	3.619	1.5698	1.6589	-0.066229	30.592	0
18100	3.62	1.5698	1.6589	-0.0662288	30.5924	0
18105	3.621	1.5698	1.6589	-0.0662288	30.5928	0
18110	3.622	1.5698	1.6589	-0.0662287	30.5931	0
18115	3.623	1.5698	1.6589	-0.0662286	30.5934	0
18120	3.624	1.5698	1.6589	-0.0662284	30.5937	0
18125	3.625	1.5698	1.65888	-0.0662282	30.5939	0
18130	3.626	1.5698	1.65888	-0.066228	30.581	0
18135	3.627	1.5698	1.65888	-0.0662278	30.5822	0
18140	3.628	1.5698	1.65888	-0.0662276	30.5833	0
18145	3.629	1.5698	1.65888	-0.0662275	30.5844	0
18150	3.63	1.5698	1.65889	-0.0662275	30.5853	0
18155	3.631	1.5698	1.65889	-0.0662274	30.5862	0
18160	3.632	1.5698	1.65889	-0.0662273	30.587	0
18165	3.633	1.5698	1.65889	-0.0662272	30.5877	0
18170	3.634	1.5698	1.65889	-0.0662271	30.5884	0
18175	3.635	1.5698	1.65889	-0.0662269	30.589	0
18180	3.636	1.5698	1.65889	-0.0662267	30.5896	0
18185	3.637	1.5698	1.65889	-0.0662265	30.5901	0
18190	3.638	1.5698	1.65889	-0.0662263	30.5906	0
18195	3.639	1.5698	1.65889	-0.0662262	30.591	0
18200	3.64	1.5698	1.6589	-0.066226	30.5914	0
18205	3.641	1.5698	1.6589	-0.066226	30.5918	0
18210	3.642	1.5698	1.6589	-0.0662259	30.5921	0
18215	3.643	1.5698	1.6589	-0.0662258	30.5924	0
18220	3.644	1.5698	1.6589	-0.0662258	30.5927	0
18225	3.645	1.5698	1.65888	-0.0662256	30.593	0
18230	3.646	1.5698	1.65888	-0.0662254	30.5782	0
18235	3.647	1.5698	1.65888	-0.0662252	30.5796	0
18240	3.648	1.5698	1.65888	-0.066225	30.5808	0
18245	3.649	1.5698	1.65888	-0.0662248	30.582	0
18250	3.65	1.5698	1.65888	-0.0662247	30.5831	0
18255	3.651	1.5698	1.65888	-0.0662245	30.5841	0
18260	3.652	1.5698	1.65888	-0.0662245	30.585	0
18265	3.653	1.5698	1.65888	-0.0662244	30.5858	0
18270	3.654	1.5698	1.65889	-0.0662244	30.5866	0
18275	3.655	1.5698	1.65889	-0.0662243	30.5873	0
18280	3.656	1.5698	1.65889	-0.0662241	30.5879	0
18285	3.657	1.5698	1.65889	-0.0662239	30.5885	0
18290	3.658	1.5698	1.65889	-0.0662237	30.589	0
18295	3.659	1.5698	1.65889	-0.0662235	30.5895	0
18300	3.66	1.5698	1.65889	-0.0662233	30.59	0
18305	3.661	1.5698	1.65889	-0.0662232	30.5904	0
18310	3.662	1.5698	1.65887	-0.066223	30.5908	0
18315	3.663	1.5698	1.65887	-0.066223	30.5789	0
18320	3.664	1.5698	1.65888	-0.0662229	30.5802	0
18325	3.665	1.5698	1.65888	-0.0662229	30.5813	0
18330	3.666	1.5698	1.65888	-0.0662228	30.5824	0
18335	3.667	1.5698	1.65888	-0.0662226	30.5834	0
18340	3.668	1.5698	1.65888	-0.0662224	30.5843	0
18345	3.669	1.5698	1.65888	-0.0662222	30.5851	0
18350	3.67	1.5698	1.65888	-0.066222	30.5859	0
18355	3.671	1.5698	1.65888	-0.0662218	30.5866	0
18360	3.672	1.5698	1.65888	-0.0662217	30.5872	0
18365	3.673	1.5698	1.65888	-0.0662215	30.5878	0
18370	3.674	1.5698	1.65889	-0.0662215	30.5883	0
18375	3.675	1.5698	1.65889	-0.0662214	30.5888	0
18380	3.676	1.5698	1.65889	-0.0662214	30.5893	0
18385	3.677	1.5698	1.65889	-0.0662213	30.5897	0
18390	3.678	1.5698	1.65889	-0.0662211	30.59	0
18395	3.679	1.5698	1.65889	-0.0662209	30.5904	0
18400	3.68	1.5698	1.65889	-0.0662207	30.5907	0
18405	3.681	1.5698	1.65889	-0.0662205	30.591	0
18410	3.682	1.5698	1.65887	-0.0662204	30.5913	0
18415	3.683	1.5698	1.65887	-0.0662202	30.5793	0
18420	3.684	1.5698	1.65888	-0.0662201	30.5805	0
18425	3.685	1.5698	1.65888	-0.0662201	30.5815	0
18430	3.686	1.5698	1.65888	-0.0662199	30.5825	0
18435	3.687	1.5698	1.65888	-0.0662199	30.5834	0
18440	3.688	1.5698	1.65888	-0.0662198	30.5843	0
18445	3.689	1.5698	1.65888	-0.0662196	30.585	0
18450	3.69	1.5698	1.65888	-0.0662194	30.5857	0
18455	3.691	1.5698	1.65888	-0.0662192	30.5864	0
18460	3.692	1.5698	1.65888	-0.066219	30.587	0
18465	3.693	1.5698	1.65888	-0.0662189	30.5875	0
18470	3.694	1.5698	1.65889	-0.0662187	30.588	0
18475	3.695	1.5698	1.65889	-0.0662186	30.5885	0
18480	3.696	1.5698	1.65889	-0.0662186	30.5889	0
18485	3.697	1.5698	1.65889	-0.0662184	30.5893	0
18490	3.698	1.5698	1.65889	-0.0662184	30.5896	0
18495	3.699	1.5698	1.65889	-0.0662183	30.5899	0
18500	3.7	1.5698	1.65889	-0.0662181	30.5902	0
18505	3.701	1.5698	1.65889	-0.0662179	30.5905	0
18510	3.702	1.5698	1.65887	-0.0662177	30.5907	0
18515	3.703	1.5698	1.65887	-0.0662175	30.5778	0
18520	3.704	1.5698	1.65887	-0.0662174	30.579	0
18525	3.705	1.5698	1.65888	-0.0662172	30.5802	0
18530	3.706	1.5698	1.65888	-0.0662171	30.5812	0
18535	3.707	1.5698	1.65888	-0.0662171	30.5822	0
18540	3.708	1.5698	1.65888	-0.0662169	30.583	0
18545	3.709	1.5698	1.65888	-0.0662169	30.5838	0
18550	3.71	1.5698	1.65888	-0.0662168	30.5846	0
18555	3.711	1.5698	1.65888	-0.0662167	30.5853	0
18560	3.712	1.5698	1.65888	-0.0662165	30.5859	0
18565	3.713	1.5698	1.65888	-0.0662163	30.5864	0
18570	3.714	1.5698	1.65888	-0.0662161	30.587	0
18575	3.715	1.5698	1.65888	-0.0662159	30.5874	0
18580	3.716	1.5698	1.65889	-0.0662157	30.5879	0
18585	3.717	1.5698	1.65889	-0.0662156	30.5883	0
18590	3.718	1.5698	1.65889	-0.0662156	30.5886	0
18595	3.719	1.5698	1.65889	-0.0662154	30.589	0
18600	3.72	1.5698	1.65889	-0.0662154	30.5893	0
18605	3.721	1.5698	1.65889	-0.0662153	30.5896	0
18610	3.722	1.5698	1.65887	-0.0662152	30.5898	0
18615	3.723	1.5698	1.65887	-0.066215	30.5769	0
18620	3.724	1.5698	1.65887	-0.0662148	30.5781	0
18625	3.725	1.5698	1.65887	-0.0662146	30.5793	0
18630	3.726	1.5698	1.65887	-0.0662144	30.5803	0
18635	3.727	1.5698	1.65888	-0.0662142	30.5813	0
18640	3.728	1.5698	1.65888	-0.0662141	30.5822	0
18645	3.729	1.5698	1.65888	-0.0662141	30.583	0
18650	3.73	1.5698	1.65888	-0.066214	30.5837	0
18655	3.731	1.5698	1.65888	-0.0662139	30.5844	0
18660	3.732	1.5698	1.65888	-0.0662138	30.585	0
18665	3.733	1.5698	1.65888	-0.0662137	30.5856	0
18670	3.734	1.5698	1.65888	-0.0662135	30.5861	0
18675	3.735	1.5698	1.65888	-0.0662133	30.5866	0
18680	3.736	1.5698	1.65888	-0.0662131	30.587	0
18685	3.737	1.5698	1.65889	-0.0662129	30.5874	0
18690	3.738	1.5698	1.65889	-0.0662128	30.5878	0
18695	3.739	1.5698	1.65889	-0.0662126	30.5881	0
18700	3.74	1.5698	1.65889	-0.0662126	30.5885	0
18705	3.741	1.5698	1.65889	-0.0662125	30.5887	0
18710	3.742	1.5698	1.65887	-0.0662124	30.589	0
18715	3.743	1.5698	1.65887	-0.0662123	30.577	0
18720	3.744	1.5698	1.65887	-0.0662122	30.5782	0
18725	3.745	1.5698	1.65887	-0.066212	30.5793	0
18730	3.746	1.5698	1.65887	-0.0662118	30.5802	0
18735	3.747	1.5698	1.65888	-0.0662116	30.5812	0
18740	3.748	1.5698	1.65888	-0.0662114	30.582	0
18745	3.749	1.5698	1.65888	-0.0662113	30.5828	0
18750	3.75	1.5698	1.65888	-0.0662111	30.5835	0
18755	3.751	1.5698	1.65888	-0.0662111	30.5841	0
18760	3.752	1.5698	1.65888	-0.066211	30.5847	0
18765	3.753	1.5698	1.65888	-0.066211	30.5852	0
18770	3.754	1.5698	1.65888	-0.0662109	30.5857	0
18775	3.755	1.5698	1.65888	-0.0662107	30.5862	0
18780	3.756	1.5698	1.65888	-0.0662105	30.5866	0
18785	3.757	1.5698	1.65888	-0.0662103	30.587	0
18790	3.758	1.5698	1.65889	-0.0662101	30.5873	0
18795	3.759	1.5698	1.65887	-0.0662099	30.5876	0
18800	3.76	1.5698	1.65887	-0.0662098	30.5747	0
18805	3.761	1.5698	1.65887	-0.0662096	30.576	0
18810	3.762	1.5698	1.65887	-0.0662096	30.5772	0
18815	3.763	1.5698	1.65887	-0.0662095	30.5783	0
18820	3.764	1.5698	1.65887	-0.0662095	30.5793	0
18825	3.765	1.5698	1.65887	-0.0662094	30.5802	0
18830	3.766	1.5698	1.65887	-0.0662092	30.5811	0
18835	3.767	1.5698	1.65887	-0.066209	30.5819	0
18840	3.768	1.5698	1.65887	-0.0662088	30.5826	0
18845	3.769	1.5698	1.65888	-0.0662086	30.5832	0
18850	3.77	1.5698	1.65888	-0.0662084	30.5838	0
18855	3.771	1.5698	1.65888	-0.0662083	30.5844	0
18860	3.772	1.5698	1.65888	-0.0662081	30.5849	0
18865	3.773	1.5698	1.65888	-0.0662081	30.5853	0
18870	3.774	1.5698	1.65888	-0.066208	30.5857	0
18875	3.775	1.5698	1.65888	-0.066208	30.5861	0
18880	3.776	1.5698	1.65888	-0.0662079	30.5865	0
18885	3.777	1.5698	1.65888	-0.0662077	30.5868	0
18890	3.778	1.5698	1.65888	-0.0662075	30.5871	0
18895	3.779	1.5698	1.65887	-0.0662073	30.5874	0
18900	3.78	1.5698	1.65887	-0.0662071	30.5754	0
18905	3.781	1.5698	1.65887	-0.066207	30.5766	0
18910	3.782	1.5698	1.65887	-0.0662068	30.5776	0
18915	3.783	1.5698	1.65887	-0.0662067	30.5786	0
18920	3.784	1.5698	1.65887	-0.0662067	30.5796	0
18925	3.785	1.5698	1.65887	-0.0662065	30.5804	0
18930	3.786	1.5698	1.65887	-0.0662065	30.5812	0
18935	3.787	1.5698	1.65887	-0.0662064	30.5819	0
18940	3.788	1.5698	1.65887	-0.0662062	30.5825	0
18945	3.789	1.5698	1.65888	-0.066206	30.5831	0
18950	3.79	1.5698	1.65888	-0.0662058	30.5836	0
18955	3.791	1.5698	1.65888	-0.0662056	30.5841	0
18960	3.792	1.5698	1.65888	-0.0662055	30.5846	0
18965	3.793	1.5698	1.65888	-0.0662053	30.585	0
18970	3.794	1.5698	1.65888	-0.0662052	30.5854	0
18975	3.795	1.5698	1.65888	-0.0662052	30.5857	0
18980	3.796	1.5698	1.65888	-0.066205	30.5861	0
18985	3.797	1.5698	1.65888	-0.066205	30.5864	0
18990	3.798	1.5698	1.65888	-0.0662049	30.5866	0
18995	3.799	1.5698	1.65887	-0.0662047	30.5869	0
19000	3.8	1.5698	1.65887	-0.0662046	30.5749	0
19005	3.801	1.5698	1.65887	-0.0662043	30.576	0
19010	3.802	1.5698	1.65887	-0.0662042	30.5771	0
19015	3.803	1.5698	1.65887	-0.066204	30.5781	0
19020	3.804	1.5698	1.65887	-0.0662038	30.579	0
19025	3.805	1.5698	1.65887	-0.0662037	30.5798	0
19030	3.806	1.5698	1.65887	-0.0662037	30.5806	0
19035	3.807	1.5698	1.65887	-0.0662035	30.5813	0
19040	3.808	1.5698	1.65887	-0.0662035	30.5819	0
19045	3.809	1.5698	1.65887	-0.0662034	30.5825	0
19050	3.81	1.5698	1.65888	-0.0662033	30.583	0
19055	3.811	1.5698	1.65888	-0.0662031	30.5835	0
19060	3.812	1.5698	1.65888	-0.0662029	30.5839	0
19065	3.813	1.5698	1.65888	-0.0662027	30.5844	0
19070	3.814	1.5698	1.65888	-0.0662025	30.5847	0
19075	3.815	1.5698	1.65888	-0.0662023	30.5851	0
19080	3.816	1.5698	1.65888	-0.0662022	30.5854	0
19085	3.817	1.5698	1.65888	-0.0662022	30.5857	0
19090	3.818	1.5698	1.65888	-0.066202	30.5859	0
19095	3.819	1.5698	1.65886	-0.066202	30.5862	0
19100	3.82	1.5698	1.65886	-0.0662019	30.5732	0
19105	3.821	1.5698	1.65887	-0.0662018	30.5745	0
19110	3.822	1.5698	1.65887	-0.0662016	30.5756	0
19115	3.823	1.5698	1.65887	-0.0662014	30.5766	0
19120	3.824	1.5698	1.65887	-0.0662012	30.5776	0
19125	3.825	1.5698	1.65887	-0.066201	30.5785	0
19130	3.826	1.5698	1.65887	-0.0662009	30.5793	0
19135	3.827	1.5698	1.65887	-0.0662007	30.58	0
19140	3.828	1.5698	1.65887	-0.0662007	30.5807	0
19145	3.829	1.5698	1.65887	-0.0662006	30.5813	0
19150	3.83	1.5698	1.65887	-0.0662005	30.5819	0
19155	3.831	1.5698	1.65887	-0.0662005	30.5824	0
19160	3.832	1.5698	1.65888	-0.0662003	30.5829	0
19165	3.833	1.5698	1.65888	-0.0662001	30.5833	0
19170	3.834	1.5698	1.65888	-0.0661999	30.5837	0
19175	3.835	1.5698	1.65888	-0.0661997	30.5841	0
19180	3.836	1.5698	1.65886	-0.0661995	30.5844	0
19185	3.837	1.5698	1.65886	-0.0661994	30.5725	0
19190	3.838	1.5698	1.65886	-0.0661992	30.5737	0
19195	3.839	1.5698	1.65886	-0.0661992	30.5748	0
19200	3.84	1.5698	1.65886	-0.0661991	30.5759	0
19205	3.841	1.5698	1.65887	-0.066199	30.5768	0
19210	3.842	1.5698	1.65887	-0.066199	30.5777	0
19215	3.843	1.5698	1.65887	-0.0661988	30.5785	0
19220	3.844	1.5698	1.65887	-0.0661986	30.5793	0
19225	3.845	1.5698	1.65887	-0.0661984	30.5799	0
19230	3.846	1.5698	1.65887	-0.0661982	30.5805	0
19235	3.847	1.5698	1.65887	-0.066198	30.5811	0
19240	3.848	1.5698	1.65887	-0.0661979	30.5816	0
19245	3.849	1.5698	1.65887	-0.0661977	30.5821	0
19250	3.85	1.5698	1.65887	-0.0661977	30.5825	0
19255	3.851	1.5698	1.65887	-0.0661976	30.5829	0
19260	3.852	1.5698	1.65888	-0.0661976	30.5833	0
19265	3.853	1.5698	1.65888	-0.0661975	30.5836	0
19270	3.854	1.5698	1.65888	-0.0661973	30.5839	0
19275	3.855	1.5698	1.65888	-0.0661971	30.5842	0
19280	3.856	1.5698	1.65886	-0.0661969	30.5845	0
19285	3.857	1.5698	1.65886	-0.0661967	30.5715	0
19290	3.858	1.5698	1.65886	-0.0661965	30.5728	0
19295	3.859	1.5698	1.65886	-0.0661964	30.5739	0
19300	3.86	1.5698	1.65886	-0.0661962	30.575	0
19305	3.861	1.5698	1.65886	-0.0661962	30.576	0
19310	3.862	1.5698	1.65886	-0.0661961	30.5768	0
19315	3.863	1.5698	1.65887	-0.0661961	30.5777	0
19320	3.864	1.5698	1.65887	-0.066196	30.5784	0
19325	3.865	1.5698	1.65887	-0.0661958	30.5791	0
19330	3.866	1.5698	1.65887	-0.0661956	30.5797	0
19335	3.867	1.5698	1.65887	-0.0661954	30.5803	0
19340	3.868	1.5698	1.65887	-0.0661952	30.5808	0
19345	3.869	1.5698	1.65887	-0.066195	30.5813	0
19350	3.87	1.5698	1.65887	-0.0661949	30.5817	0
19355	3.871	1.5698	1.65887	-0.0661947	30.5821	0
19360	3.872	1.5698	1.65887	-0.0661947	30.5825	0
19365	3.873	1.5698	1.65887	-0.0661946	30.5828	0
19370	3.874	1.5698	1.65888	-0.0661946	30.5831	0
19375	3.875	1.5698	1.65887	-0.0661945	30.5834	0
19380	3.876	1.5698	1.65885	-0.0661943	30.5818	0
19385	3.877	1.5698	1.65885	-0.0661941	30.569	0
19390	3.878	1.5698	1.65886	-0.0661939	30.5704	0
19395	3.879	1.5698	1.65886	-0.0661937	30.5717	0
19400	3.88	1.5698	1.65886	-0.0661936	30.5728	0
19405	3.881	1.5698	1.65886	-0.0661934	30.5739	0
19410	3.882	1.5698	1.65886	-0.0661933	30.5749	0
19415	3.883	1.5698	1.65886	-0.0661933	30.5758	0
19420	3.884	1.5698	1.65886	-0.0661931	30.5766	0
19425	3.885	1.5698	1.65886	-0.0661931	30.5774	0
19430	3.886	1.5698	1.65886	-0.066193	30.578	0
19435	3.887	1.5698	1.65886	-0.0661928	30.5787	0
19440	3.888	1.5698	1.65887	-0.0661926	30.5793	0
19445	3.889	1.5698	1.65887	-0.0661924	30.5798	0
19450	3.89	1.5698	1.65887	-0.0661922	30.5803	0
19455	3.891	1.5698	1.65887	-0.0661921	30.5807	0
19460	3.892	1.5698	1.65887	-0.0661919	30.5811	0
19465	3.893	1.5698	1.65887	-0.0661918	30.5815	0
19470	3.894	1.5698	1.65887	-0.0661918	30.5819	0
19475	3.895	1.5698	1.65887	-0.0661916	30.5822	0
19480	3.896	1.5698	1.65885	-0.0661916	30.5825	0
19485	3.897	1.5698	1.65885	-0.0661915	30.5695	0
19490	3.898	1.5698	1.65885	-0.0661914	30.5708	0
19495	3.899	1.5698	1.65886	-0.0661912	30.572	0
19500	3.9	1.5698	1.65886	-0.066191	30.5731	0
19505	3.901	1.5698	1.65886	-0.0661908	30.574	0
19510	3.902	1.5698	1.65886	-0.0661906	30.5749	0
19515	3.903	1.5698	1.65886	-0.0661904	30.5758	0
19520	3.904	1.5698	1.65886	-0.0661903	30.5765	0
19525	3.905	1.5698	1.65886	-0.0661903	30.5772	0
19530	3.906	1.5698	1.65886	-0.0661901	30.5779	0
19535	3.907	1.5698	1.65886	-0.0661901	30.5784	0
19540	3.908	1.5698	1.65886	-0.06619	30.579	0
19545	3.909	1.5698	1.65887	-0.0661899	30.5795	0
19550	3.91	1.5698	1.65887	-0.0661897	30.5799	0
19555	3.911	1.5698	1.65887	-0.0661895	30.5803	0
19560	3.912	1.5698	1.65887	-0.0661893	30.5807	0
19565	3.913	1.5698	1.65885	-0.0661891	30.581	0
19570	3.914	1.5698	1.65885	-0.0661889	30.5691	0
19575	3.915	1.5698	1.65885	-0.0661888	30.5704	0
19580	3.916	1.5698	1.65885	-0.0661888	30.5715	0
19585	3.917	1.5698	1.65885	-0.0661886	30.5726	0
19590	3.918	1.5698	1.65885	-0.0661886	30.5735	0
19595	3.919	1.5698	1.65886	-0.0661885	30.5744	0
19600	3.92	1.5698	1.65886	-0.0661884	30.5752	0
19605	3.921	1.5698	1.65886	-0.0661882	30.576	0
19610	3.922	1.5698	1.65886	-0.066188	30.5766	0
19615	3.923	1.5698	1.65886	-0.0661878	30.5773	0
19620	3.924	1.5698	1.65886	-0.0661876	30.5778	0
19625	3.925	1.5698	1.65886	-0.0661874	30.5784	0
19630	3.926	1.5698	1.65886	-0.0661873	30.5788	0
19635	3.927	1.5698	1.65886	-0.0661873	30.5793	0
19640	3.928	1.5698	1.65886	-0.0661872	30.5797	0
19645	3.929	1.5698	1.65887	-0.0661871	30.58	0
19650	3.93	1.5698	1.65887	-0.066187	30.5804	0
19655	3.931	1.5698	1.65887	-0.0661869	30.5807	0
19660	3.932	1.5698	1.65887	-0.0661867	30.581	0
19665	3.933	1.5698	1.65885	-0.0661865	30.5812	0
19670	3.934	1.5698	1.65885	-0.0661863	30.5683	0
19675	3.935	1.5698	1.65885	-0.0661861	30.5695	0
19680	3.936	1.5698	1.65885	-0.066186	30.5707	0
19685	3.937	1.5698	1.65885	-0.0661858	30.5717	0
19690	3.938	1.5698	1.65885	-0.0661858	30.5727	0
19695	3.939	1.5698	1.65885	-0.0661857	30.5736	0
19700	3.94	1.5698	1.65886	-0.0661857	30.5744	0
19705	3.941	1.5698	1.65886	-0.0661856	30.5752	0
19710	3.942	1.5698	1.65886	-0.0661854	30.5758	0
19715	3.943	1.5698	1.65886	-0.0661852	30.5765	0
19720	3.944	1.5698	1.65886	-0.066185	30.577	0
19725	3.945	1.5698	1.65886	-0.0661848	30.5776	0
19730	3.946	1.5698	1.65886	-0.0661846	30.578	0
19735	3.947	1.5698	1.65886	-0.0661845	30.5785	0
19740	3.948	1.5698	1.65886	-0.0661843	30.5789	0
19745	3.949	1.5698	1.65886	-0.0661843	30.5792	0
19750	3.95	1.5698	1.65886	-0.0661842	30.5796	0
19755	3.951	1.5698	1.65887	-0.0661842	30.5799	0
19760	3.952	1.5698	1.65887	-0.0661841	30.5802	0
19765	3.953	1.5698	1.65885	-0.0661839	30.5804	0
19770	3.954	1.5698	1.65885	-0.0661837	30.5684	0
19775	3.955	1.5698	1.65885	-0.0661835	30.5696	0
19780	3.956	1.5698	1.65885	-0.0661833	30.5707	0
19785	3.957	1.5698	1.65885	-0.0661831	30.5717	0
19790	3.958	1.5698	1.65885	-0.066183	30.5726	0
19795	3.959	1.5698	1.65885	-0.0661828	30.5734	0
19800	3.96	1.5698	1.65886	-0.0661828	30.5742	0
19805	3.961	1.5698	1.65886	-0.0661827	30.5749	0
19810	3.962	1.5698	1.65886	-0.0661827	30.5755	0
19815	3.963	1.5698	1.65886	-0.0661826	30.5761	0
19820	3.964	1.5698	1.65886	-0.0661824	30.5767	0
19825	3.965	1.5698	1.65886	-0.0661822	30.5772	0
19830	3.966	1.5698	1.65886	-0.066182	30.5776	0
19835	3.967	1.5698	1.65886	-0.0661818	30.578	0
19840	3.968	1.5698	1.65886	-0.0661817	30.5784	0
19845	3.969	1.5698	1.65886	-0.0661815	30.5787	0
19850	3.97	1.5698	1.65886	-0.0661813	30.5791	0
19855	3.971	1.5698	1.65887	-0.0661813	30.5794	0
19860	3.972	1.5698	1.65887	-0.0661812	30.5796	0
19865	3.973	1.5698	1.65885	-0.0661812	30.5799	0
19870	3.974	1.5698	1.65885	-0.0661811	30.5679	0
19875	3.975	1.5698	1.65885	-0.0661809	30.569	0
19880	3.976	1.5698	1.65885	-0.0661807	30.5701	0
19885	3.977	1.5698	1.65885	-0.0661805	30.5711	0
19890	3.978	1.5698	1.65885	-0.0661803	30.572	0
19895	3.979	1.5698	1.65885	-0.0661802	30.5728	0
19900	3.98	1.5698	1.65885	-0.06618	30.5736	0
19905	3.981	1.5698	1.65886	-0.0661799	30.5742	0
19910	3.982	1.5698	1.65886	-0.0661799	30.5749	0
19915	3.983	1.5698	1.65886	-0.0661797	30.5755	0
19920	3.984	1.5698	1.65886	-0.0661797	30.576	0
19925	3.985	1.5698	1.65886	-0.0661796	30.5765	0
19930	3.986	1.5698	1.65886	-0.0661794	30.5769	0
19935	3.987	1.5698	1.65886	-0.0661793	30.5773	0
19940	3.988	1.5698	1.65886	-0.0661791	30.5777	0
19945	3.989	1.5698	1.65886	-0.0661789	30.5781	0
19950	3.99	1.5698	1.65886	-0.0661787	30.5784	0
19955	3.991	1.5698	1.65884	-0.0661785	30.5787	0
19960	3.992	1.5698	1.65885	-0.0661784	30.5657	0
19965	3.993	1.5698	1.65885	-0.0661784	30.567	0
19970	3.994	1.5698	1.65885	-0.0661782	30.5682	0
19975	3.995	1.5698	1.65885	-0.0661782	30.5693	0
19980	3.996	1.5698	1.65885	-0.0661781	30.5702	0
19985	3.997	1.5698	1.65885	-0.066178	30.5711	0
19990	3.998	1.5698	1.65885	-0.0661778	30.572	0
19995	3.999	1.5698	1.65885	-0.0661776	30.5727	0
20000	4	1.5698	1.65885	-0.0661774	30.5734	0
20005	4.001	1.5698	1.65885	-0.0661772	30.5741	0
20010	4.002	1.5698	1.65886	-0.066177	30.5746	0
20015	4.003	1.5698	1.65886	-0.0661769	30.5752	0
20020	4.004	1.5698	1.65886	-0.0661769	30.5757	0
20025	4.005	1.5698	1.65886	-0.0661767	30.5761	0
20030	4.006	1.5698	1.65886	-0.0661767	30.5765	0
20035	4.007	1.5698	1.65886	-0.0661766	30.5769	0
20040	4.008	1.5698	1.65886	-0.0661765	30.5772	0
20045	4.009	1.5698	1.65886	-0.0661763	30.5776	0
20050	4.01	1.5698	1.65884	-0.0661761	30.5779	0
20055	4.011	1.5698	1.65884	-0.0661759	30.5659	0
20060	4.012	1.5698	1.65885	-0.0661757	30.5671	0
20065	4.013	1.5698	1.65885	-0.0661755	30.5682	0
20070	4.014	1.5698	1.65885	-0.0661754	30.5692	0
20075	4.015	1.5698	1.65885	-0.0661754	30.5701	0
20080	4.016	1.5698	1.65885	-0.0661753	30.571	0
20085	4.017	1.5698	1.65885	-0.0661752	30.5718	0
20090	4.018	1.5698	1.65885	-0.0661751	30.5725	0
20095	4.019	1.5698	1.65885	-0.066175	30.5731	0
20100	4.02	1.5698	1.65885	-0.0661748	30.5737	0
20105	4.021	1.5698	1.65885	-0.0661746	30.5743	0
20110	4.022	1.5698	1.65885	-0.0661744	30.5748	0
20115	4.023	1.5698	1.65886	-0.0661742	30.5752	0
20120	4.024	1.5698	1.65886	-0.0661741	30.5757	0
20125	4.025	1.5698	1.65886	-0.0661739	30.576	0
20130	4.026	1.5698	1.65886	-0.0661739	30.5764	0
20135	4.027	1.5698	1.65886	-0.0661738	30.5767	0
20140	4.028	1.5698	1.65886	-0.0661737	30.577	0
20145	4.029	1.5698	1.65886	-0.0661737	30.5773	0
20150	4.03	1.5698	1.65886	-0.0661735	30.5775	0
20155	4.031	1.5698	1.65884	-0.0661733	30.5778	0
20160	4.032	1.5698	1.65884	-0.0661731	30.5648	0
20165	4.033	1.5698	1.65884	-0.0661729	30.566	0
20170	4.034	1.5698	1.65885	-0.0661727	30.5672	0
20175	4.035	1.5698	1.65885	-0.0661726	30.5682	0
20180	4.036	1.5698	1.65885	-0.0661724	30.5691	0
20185	4.037	1.5698	1.65885	-0.0661724	30.57	0
20190	4.038	1.5698	1.65885	-0.0661723	30.5708	0
20195	4.039	1.5698	1.65885	-0.0661723	30.5715	0
20200	4.04	1.5698	1.65885	-0.0661722	30.5722	0
20205	4.041	1.5698	1.65885	-0.066172	30.5728	0
20210	4.042	1.5698	1.65885	-0.0661718	30.5734	0
20215	4.043	1.5698	1.65885	-0.0661716	30.5739	0
20220	4.044	1.5698	1.65885	-0.0661714	30.5743	0
20225	4.045	1.5698	1.65886	-0.0661712	30.5748	0
20230	4.046	1.5698	1.65886	-0.0661711	30.5752	0
20235	4.047	1.5698	1.65886	-0.0661709	30.5755	0
20240	4.048	1.5698	1.65886	-0.0661709	30.5759	0
20245	4.049	1.5698	1.65886	-0.0661708	30.5762	0
20250	4.05	1.5698	1.65886	-0.0661708	30.5764	0
20255	4.051	1.5698	1.65884	-0.0661707	30.5767	0
20260	4.052	1.5698	1.65884	-0.0661705	30.5638	0
20265	4.053	1.5698	1.65884	-0.0661703	30.565	0
20270	4.054	1.5698	1.65884	-0.0661701	30.5662	0
20275	4.055	1.5698	1.65884	-0.0661699	30.5672	0
20280	4.056	1.5698	1.65885	-0.0661698	30.5682	0
20285	4.057	1.5698	1.65885	-0.0661696	30.569	0
20290	4.058	1.5698	1.65885	-0.0661694	30.5698	0
20295	4.059	1.5698	1.65885	-0.0661694	30.5706	0
20300	4.06	1.5698	1.65885	-0.0661693	30.5713	0
20305	4.061	1.5698	1.65885	-0.0661693	30.5719	0
20310	4.062	1.5698	1.65885	-0.0661692	30.5725	0
20315	4.063	1.5698	1.65885	-0.066169	30.573	0
20320	4.064	1.5698	1.65885	-0.0661688	30.5735	0
20325	4.065	1.5698	1.65885	-0.0661686	30.5739	0
20330	4.066	1.5698	1.65885	-0.0661684	30.5743	0
20335	4.067	1.5698	1.65886	-0.0661683	30.5747	0
20340	4.068	1.5698	1.65884	-0.0661681	30.575	0
20345	4.069	1.5698	1.65884	-0.066168	30.5631	0
20350	4.07	1.5698	1.65884	-0.066168	30.5643	0
20355	4.071	1.5698	1.65884	-0.0661678	30.5655	0
20360	4.072	1.5698	1.65884	-0.0661678	30.5665	0
20365	4.073	1.5698	1.65884	-0.0661677	30.5675	0
20370	4.074	1.5698	1.65884	-0.0661675	30.5683	0
20375	4.075	1.5698	1.65884	-0.0661673	30.5692	0
20380	4.076	1.5698	1.65885	-0.0661671	30.5699	0
20385	4.077	1.5698	1.65885	-0.0661669	30.5706	0
20390	4.078	1.5698	1.65885	-0.0661668	30.5712	0
20395	4.079	1.5698	1.65885	-0.0661666	30.5717	0
20400	4.08	1.5698	1.65885	-0.0661665	30.5723	0
20405	4.081	1.5698	1.65885	-0.0661665	30.5727	0
20410	4.082	1.5698	1.65885	-0.0661663	30.5732	0
20415	4.083	1.5698	1.65885	-0.0661663	30.5736	0
20420	4.084	1.5698	1.65885	-0.0661662	30.5739	0
20425	4.085	1.5698	1.65885	-0.0661661	30.5743	0
20430	4.086	1.5698	1.65885	-0.0661659	30.5746	0
20435	4.087	1.5698	1.65886	-0.0661656	30.5749	0
20440	4.088	1.5698	1.65884	-0.0661655	30.5751	0
20445	4.089	1.5698	1.65884	-0.0661653	30.5622	0
20450	4.09	1.5698	1.65884	-0.0661651	30.5634	0
20455	4.091	1.5698	1.65884	-0.066165	30.5646	0
20460	4.092	1.5698	1.65884	-0.066165	30.5656	0
20465	4.093	1.5698	1.65884	-0.0661648	30.5666	0
20470	4.094	1.5698	1.65884	-0.0661648	30.5675	0
20475	4.095	1.5698	1.65884	-0.0661647	30.5683	0
20480	4.096	1.5698	1.65884	-0.0661646	30.569	0
20485	4.097	1.5698	1.65884	-0.0661644	30.5697	0
20490	4.098	1.5698	1.65885	-0.0661642	30.5703	0
20495	4.099	1.5698	1.65885	-0.066164	30.5709	0
20500	4.1	1.5698	1.65885	-0.0661638	30.5714	0
20505	4.101	1.5698	1.65885	-0.0661636	30.5719	0
20510	4.102	1.5698	1.65885	-0.0661635	30.5724	0
20515	4.103	1.5698	1.65885	-0.0661635	30.5709	0
20520	4.104	1.5698	1.65885	-0.0661633	30.5714	0
20525	4.105	1.5698	1.65885	-0.0661633	30.5719	0
20530	4.106	1.5698	1.65885	-0.0661632	30.5723	0
20535	4.107	1.5698	1.65885	-0.0661631	30.5727	0
20540	4.108	1.5698	1.65883	-0.0661629	30.5731	0
20545	4.109	1.5698	1.65883	-0.0661627	30.5602	0
20550	4.11	1.5698	1.65883	-0.0661625	30.5616	0
20555	4.111	1.5698	1.65883	-0.0661623	30.5628	0
20560	4.112	1.5698	1.65884	-0.0661622	30.5639	0
20565	4.113	1.5698	1.65884	-0.066162	30.5649	0
20570	4.114	1.5698	1.65884	-0.066162	30.5659	0
20575	4.115	1.5698	1.65884	-0.0661619	30.5668	0
20580	4.116	1.5698	1.65884	-0.0661618	30.5676	0
20585	4.117	1.5698	1.65884	-0.0661617	30.5683	0
20590	4.118	1.5698	1.65884	-0.0661616	30.569	0
20595	4.119	1.5698	1.65884	-0.0661614	30.5696	0
20600	4.12	1.5698	1.65884	-0.0661612	30.5701	0
20605	4.121	1.5698	1.65884	-0.066161	30.5706	0
20610	4.122	1.5698	1.65884	-0.0661608	30.5711	0
20615	4.123	1.5698	1.65885	-0.0661607	30.5715	0
20620	4.124	1.5698	1.65885	-0.0661605	30.5719	0
20625	4.125	1.5698	1.65885	-0.0661605	30.5723	0
20630	4.126	1.5698	1.65885	-0.0661604	30.5726	0
20635	4.127	1.5698	1.65885	-0.0661603	30.5729	0
20640	4.128	1.5698	1.65883	-0.0661603	30.5732	0
20645	4.129	1.5698	1.65883	-0.0661601	30.5612	0
20650	4.13	1.5698	1.65883	-0.0661599	30.5624	0
20655	4.131	1.5698	1.65883	-0.0661597	30.5635	0
20660	4.132	1.5698	1.65884	-0.0661595	30.5645	0
20665	4.133	1.5698	1.65884	-0.0661593	30.5654	0
20670	4.134	1.5698	1.65884	-0.0661592	30.5663	0
20675	4.135	1.5698	1.65884	-0.066159	30.5671	0
20680	4.136	1.5698	1.65884	-0.066159	30.5678	0
20685	4.137	1.5698	1.65884	-0.0661589	30.5684	0
20690	4.138	1.5698	1.65884	-0.0661589	30.569	0
20695	4.139	1.5698	1.65884	-0.0661588	30.5696	0
20700	4.14	1.5698	1.65884	-0.0661586	30.5701	0
20705	4.141	1.5698	1.65884	-0.0661584	30.5705	0
20710	4.142	1.5698	1.65884	-0.0661582	30.5709	0
20715	4.143	1.5698	1.65885	-0.066158	30.5713	0
20720	4.144	1.5698	1.65885	-0.0661578	30.5717	0
20725	4.145	1.5698	1.65883	-0.0661577	30.572	0
20730	4.146	1.5698	1.65883	-0.0661575	30.5591	0
20735	4.147	1.5698	1.65883	-0.0661575	30.5604	0
20740	4.148	1.5698	1.65883	-0.0661574	30.5616	0
20745	4.149	1.5698	1.65883	-0.0661574	30.5627	0
20750	4.15	1.5698	1.65883	-0.0661573	30.5637	0
20755	4.151	1.5698	1.65883	-0.0661571	30.5646	0
20760	4.152	1.5698	1.65883	-0.0661569	30.5655	0
20765	4.153	1.5698	1.65884	-0.0661567	30.5663	0
20770	4.154	1.5698	1.65884	-0.0661565	30.567	0
20775	4.155	1.5698	1.65884	-0.0661564	30.5676	0
20780	4.156	1.5698	1.65884	-0.0661562	30.5682	0
20785	4.157	1.5698	1.65884	-0.066156	30.5688	0
20790	4.158	1.5698	1.65884	-0.066156	30.5693	0
20795	4.159	1.5698	1.65884	-0.0661559	30.5697	0
20800	4.16	1.5698	1.65884	-0.0661559	30.5701	0
20805	4.161	1.5698	1.65884	-0.0661558	30.5705	0
20810	4.162	1.5698	1.65884	-0.0661556	30.5709	0
20815	4.163	1.5698	1.65884	-0.0661554	30.5712	0
20820	4.164	1.5698	1.65885	-0.0661552	30.5715	0
20825	4.165	1.5698	1.65883	-0.066155	30.5718	0
20830	4.166	1.5698	1.65883	-0.0661549	30.5598	0
20835	4.167	1.5698	1.65883	-0.0661547	30.561	0
20840	4.168	1.5698	1.65883	-0.0661546	30.5621	0
20845	4.169	1.5698	1.65883	-0.0661546	30.5631	0
20850	4.17	1.5698	1.65883	-0.0661544	30.564	0
20855	4.171	1.5698	1.65883	-0.0661544	30.5648	0
20860	4.172	1.5698	1.65883	-0.0661543	30.5656	0
20865	4.173	1.5698	1.65884	-0.0661541	30.5663	0
20870	4.174	1.5698	1.65884	-0.0661539	30.5669	0
20875	4.175	1.5698	1.65884	-0.0661537	30.5675	0
20880	4.176	1.5698	1.65884	-0.0661535	30.5681	0
20885	4.177	1.5698	1.65884	-0.0661534	30.5686	0
20890	4.178	1.5698	1.65884	-0.0661532	30.569	0
20895	4.179	1.5698	1.65884	-0.0661531	30.5694	0
20900	4.18	1.5698	1.65884	-0.0661531	30.5698	0
20905	4.181	1.5698	1.65884	-0.0661529	30.5702	0
20910	4.182	1.5698	1.65884	-0.0661529	30.5705	0
20915	4.183	1.5698	1.65884	-0.0661528	30.5708	0
20920	4.184	1.5698	1.65885	-0.0661526	30.571	0
20925	4.185	1.5698	1.65883	-0.0661525	30.5713	0
20930	4.186	1.5698	1.65883	-0.0661523	30.5593	0
20935	4.187	1.5698	1.65883	-0.0661521	30.5605	0
20940	4.188	1.5698	1.65883	-0.0661519	30.5615	0
20945	4.189	1.5698	1.65883	-0.0661517	30.5625	0
20950	4.19	1.5698	1.65883	-0.0661516	30.5634	0
20955	4.191	1.5698	1.65883	-0.0661516	30.5642	0
20960	4.192	1.5698	1.65883	-0.0661514	30.565	0
20965	4.193	1.5698	1.65883	-0.0661514	30.5657	0
20970	4.194	1.5698	1.65884	-0.0661513	30.5663	0
20975	4.195	1.5698	1.65884	-0.0661512	30.5669	0
20980	4.196	1.5698	1.65884	-0.066151	30.5674	0
20985	4.197	1.5698	1.65884	-0.0661508	30.5679	0
20990	4.198	1.5698	1.65884	-0.0661506	30.5684	0
20995	4.199	1.5698	1.65884	-0.0661504	30.5688	0
21000	4.2	1.5698	1.65884	-0.0661502	30.5691	0
21005	4.201	1.5698	1.65884	-0.0661501	30.5695	0
21010	4.202	1.5698	1.65884	-0.0661501	30.5698	0
21015	4.203	1.5698	1.65884	-0.06615	30.5701	0
21020	4.204	1.5698	1.65884	-0.0661499	30.5704	0
21025	4.205	1.5698	1.65883	-0.0661498	30.5706	0
21030	4.206	1.5698	1.65883	-0.0661497	30.5577	0
21035	4.207	1.5698	1.65883	-0.0661495	30.5589	0
21040	4.208	1.5698	1.65883	-0.0661493	30.56	0
21045	4.209	1.5698	1.65883	-0.0661491	30.5611	0
21050	4.21	1.5698	1.65883	-0.0661489	30.562	0
21055	4.211	1.5698	1.65883	-0.0661488	30.5629	0
21060	4.212	1.5698	1.65883	-0.0661486	30.5637	0
21065	4.213	1.5698	1.65883	-0.0661486	30.5644	0
21070	4.214	1.5698	1.65883	-0.0661485	30.5651	0
21075	4.215	1.5698	1.65883	-0.0661484	30.5657	0
21080	4.216	1.5698	1.65884	-0.0661484	30.5663	0
21085	4.217	1.5698	1.65884	-0.0661482	30.5668	0
21090	4.218	1.5698	1.65884	-0.066148	30.5673	0
21095	4.219	1.5698	1.65884	-0.0661478	30.5677	0
21100	4.22	1.5698	1.65884	-0.0661476	30.5681	0
21105	4.221	1.5698	1.65884	-0.0661474	30.5685	0
21110	4.222	1.5698	1.65882	-0.0661473	30.5688	0
21115	4.223	1.5698	1.65882	-0.0661471	30.5559	0
21120	4.224	1.5698	1.65882	-0.0661471	30.5572	0
21125	4.225	1.5698	1.65882	-0.066147	30.5585	0
21130	4.226	1.5698	1.65882	-0.066147	30.5596	0
21135	4.227	1.5698	1.65883	-0.0661469	30.5606	0
21140	4.228	1.5698	1.65883	-0.0661467	30.5615	0
21145	4.229	1.5698	1.65883	-0.0661465	30.5624	0
21150	4.23	1.5698	1.65883	-0.0661463	30.5631	0
21155	4.231	1.5698	1.65883	-0.0661461	30.5638	0
21160	4.232	1.5698	1.65883	-0.0661459	30.5645	0
21165	4.233	1.5698	1.65883	-0.0661458	30.5651	0
21170	4.234	1.5698	1.65883	-0.0661456	30.5657	0
21175	4.235	1.5698	1.65883	-0.0661456	30.5662	0
21180	4.236	1.5698	1.65883	-0.0661455	30.5666	0
21185	4.237	1.5698	1.65884	-0.0661455	30.567	0
21190	4.238	1.5698	1.65884	-0.0661454	30.5674	0
21195	4.239	1.5698	1.65884	-0.0661452	30.5678	0
21200	4.24	1.5698	1.65884	-0.066145	30.5681	0
21205	4.241	1.5698	1.65884	-0.0661448	30.5684	0
21210	4.242	1.5698	1.65882	-0.0661446	30.5687	0
21215	4.243	1.5698	1.65882	-0.0661445	30.5567	0
21220	4.244	1.5698	1.65882	-0.0661443	30.5579	0
21225	4.245	1.5698	1.65882	-0.0661441	30.559	0
21230	4.246	1.5698	1.65882	-0.0661441	30.56	0
21235	4.247	1.5698	1.65883	-0.066144	30.5609	0
21240	4.248	1.5698	1.65883	-0.066144	30.5617	0
21245	4.249	1.5698	1.65883	-0.0661439	30.5625	0
21250	4.25	1.5698	1.65883	-0.0661437	30.5632	0
21255	4.251	1.5698	1.65883	-0.0661435	30.5639	0
21260	4.252	1.5698	1.65883	-0.0661433	30.5644	0
21265	4.253	1.5698	1.65883	-0.0661431	30.565	0
21270	4.254	1.5698	1.65883	-0.066143	30.5655	0
21275	4.255	1.5698	1.65883	-0.0661428	30.5659	0
21280	4.256	1.5698	1.65883	-0.0661427	30.5664	0
21285	4.257	1.5698	1.65884	-0.0661427	30.5667	0
21290	4.258	1.5698	1.65884	-0.0661425	30.5671	0
21295	4.259	1.5698	1.65884	-0.0661425	30.5674	0
21300	4.26	1.5698	1.65884	-0.0661424	30.5677	0
21305	4.261	1.5698	1.65884	-0.0661422	30.568	0
21310	4.262	1.5698	1.65882	-0.066142	30.5682	0
21315	4.263	1.5698	1.65882	-0.0661418	30.5553	0
21320	4.264	1.5698	1.65882	-0.0661416	30.5565	0
21325	4.265	1.5698	1.65882	-0.0661415	30.5577	0
21330	4.266	1.5698	1.65882	-0.0661413	30.5587	0
21335	4.267	1.5698	1.65882	-0.0661412	30.5597	0
21340	4.268	1.5698	1.65883	-0.0661412	30.5605	0
21345	4.269	1.5698	1.65883	-0.066141	30.5613	0
21350	4.27	1.5698	1.65883	-0.066141	30.5621	0
21355	4.271	1.5698	1.65883	-0.0661409	30.5628	0
21360	4.272	1.5698	1.65883	-0.0661407	30.5634	0
21365	4.273	1.5698	1.65883	-0.0661405	30.5639	0
21370	4.274	1.5698	1.65883	-0.0661403	30.5645	0
21375	4.275	1.5698	1.65883	-0.0661402	30.5649	0
21380	4.276	1.5698	1.65883	-0.06614	30.5654	0
21385	4.277	1.5698	1.65883	-0.0661398	30.5658	0
21390	4.278	1.5698	1.65883	-0.0661397	30.5661	0
21395	4.279	1.5698	1.65884	-0.0661397	30.5665	0
21400	4.28	1.5698	1.65884	-0.0661395	30.5668	0
21405	4.281	1.5698	1.65884	-0.0661395	30.5671	0
21410	4.282	1.5698	1.65882	-0.0661394	30.5673	0
21415	4.283	1.5698	1.65882	-0.0661393	30.5553	0
21420	4.284	1.5698	1.65882	-0.0661391	30.5565	0
21425	4.285	1.5698	1.65882	-0.0661389	30.5576	0
21430	4.286	1.5698	1.65882	-0.0661387	30.5586	0
21435	4.287	1.5698	1.65882	-0.0661385	30.5595	0
21440	4.288	1.5698	1.65882	-0.0661383	30.5603	0
21445	4.289	1.5698	1.65883	-0.0661382	30.5611	0
21450	4.29	1.5698	1.65883	-0.0661382	30.5618	0
21455	4.291	1.5698	1.65883	-0.066138	30.5624	0
21460	4.292	1.5698	1.65883	-0.066138	30.563	0
21465	4.293	1.5698	1.65883	-0.0661379	30.5635	0
21470	4.294	1.5698	1.65883	-0.0661378	30.564	0
21475	4.295	1.5698	1.65883	-0.0661376	30.5645	0
21480	4.296	1.5698	1.65883	-0.0661374	30.5649	0
21485	4.297	1.5698	1.65883	-0.0661372	30.5653	0
21490	4.298	1.5698	1.65883	-0.066137	30.5656	0
21495	4.299	1.5698	1.65882	-0.0661368	30.5659	0
21500	4.3	1.5698	1.65882	-0.0661367	30.554	0
21505	4.301	1.5698	1.65882	-0.0661367	30.5552	0
21510	4.302	1.5698	1.65882	-0.0661365	30.5563	0
21515	4.303	1.5698	1.65882	-0.0661365	30.5574	0
21520	4.304	1.5698	1.65882	-0.0661364	30.5583	0
21525	4.305	1.5698	1.65882	-0.0661363	30.5592	0
21530	4.306	1.5698	1.65882	-0.0661361	30.56	0
21535	4.307	1.5698	1.65882	-0.0661359	30.5607	0
21540	4.308	1.5698	1.65882	-0.0661357	30.5614	0
21545	4.309	1.5698	1.65883	-0.0661355	30.562	0
21550	4.31	1.5698	1.65883	-0.0661354	30.5625	0
21555	4.311	1.5698	1.65883	-0.0661352	30.5631	0
21560	4.312	1.5698	1.65883	-0.0661352	30.5635	0
21565	4.313	1.5698	1.65883	-0.0661351	30.564	0
21570	4.314	1.5698	1.65883	-0.066135	30.5643	0
21575	4.315	1.5698	1.65883	-0.066135	30.5647	0
21580	4.316	1.5698	1.65883	-0.0661348	30.565	0
21585	4.317	1.5698	1.65883	-0.0661346	30.5653	0
21590	4.318	1.5698	1.65883	-0.0661344	30.5656	0
21595	4.319	1.5698	1.65881	-0.0661342	30.5659	0
21600	4.32	1.5698	1.65881	-0.066134	30.5529	0
21605	4.321	1.5698	1.65882	-0.0661339	30.5542	0
21610	4.322	1.5698	1.65882	-0.0661337	30.5553	0
21615	4.323	1.5698	1.65882	-0.0661337	30.5564	0
21620	4.324	1.5698	1.65882	-0.0661336	30.5573	0
21625	4.325	1.5698	1.65882	-0.0661336	30.5582	0
21630	4.326	1.5698	1.65882	-0.0661335	30.559	0
21635	4.327	1.5698	1.65882	-0.0661333	30.5598	0
21640	4.328	1.5698	1.65882	-0.0661331	30.5604	0
21645	4.329	1.5698	1.65882	-0.0661329	30.5611	0
21650	4.33	1.5698	1.65882	-0.0661327	30.5616	0
21655	4.331	1.5698	1.65882	-0.0661325	30.5622	0
21660	4.332	1.5698	1.65882	-0.0661324	30.5608	0
21665	4.333	1.5698	1.65882	-0.0661322	30.5613	0
21670	4.334	1.5698	1.65883	-0.0661322	30.5619	0
21675	4.335	1.5698	1.65883	-0.0661321	30.5624	0
21680	4.336	1.5698	1.65883	-0.0661321	30.5628	0
21685	4.337	1.5698	1.65883	-0.066132	30.5632	0
21690	4.338	1.5698	1.65883	-0.0661318	30.5636	0
21695	4.339	1.5698	1.65881	-0.0661316	30.564	0
21700	4.34	1.5698	1.65881	-0.0661314	30.5511	0
21705	4.341	1.5698	1.65881	-0.0661312	30.5524	0
21710	4.342	1.5698	1.65881	-0.0661311	30.5536	0
21715	4.343	1.5698	1.65881	-0.0661309	30.5548	0
21720	4.344	1.5698	1.65881	-0.0661307	30.5558	0
21725	4.345	1.5698	1.65882	-0.0661307	30.5567	0
21730	4.346	1.5698	1.65882	-0.0661306	30.5576	0
21735	4.347	1.5698	1.65882	-0.0661306	30.5584	0
21740	4.348	1.5698	1.65882	-0.0661305	30.5591	0
21745	4.349	1.5698	1.65882	-0.0661303	30.5597	0
21750	4.35	1.5698	1.65882	-0.0661301	30.5603	0
21755	4.351	1.5698	1.65882	-0.0661299	30.5609	0
21760	4.352	1.5698	1.65882	-0.0661297	30.5614	0
21765	4.353	1.5698	1.65882	-0.0661296	30.5619	0
21770	4.354	1.5698	1.65882	-0.0661294	30.5623	0
21775	4.355	1.5698	1.65882	-0.0661293	30.5627	0
21780	4.356	1.5698	1.65883	-0.0661293	30.5631	0
21785	4.357	1.5698	1.65883	-0.0661291	30.5634	0
21790	4.358	1.5698	1.65883	-0.0661291	30.5637	0
21795	4.359	1.5698	1.65881	-0.066129	30.564	0
21800	4.36	1.5698	1.65881	-0.0661288	30.552	0
21805	4.361	1.5698	1.65881	-0.0661286	30.5532	0
21810	4.362	1.5698	1.65881	-0.0661284	30.5543	0
21815	4.363	1.5698	1.65881	-0.0661283	30.5553	0
21820	4.364	1.5698	1.65881	-0.0661281	30.5562	0
21825	4.365	1.5698	1.65882	-0.0661279	30.557	0
21830	4.366	1.5698	1.65882	-0.0661278	30.5578	0
21835	4.367	1.5698	1.65882	-0.0661278	30.5585	0
21840	4.368	1.5698	1.65882	-0.0661276	30.5591	0
21845	4.369	1.5698	1.65882	-0.0661276	30.5597	0
21850	4.37	1.5698	1.65882	-0.0661275	30.5603	0
21855	4.371	1.5698	1.65882	-0.0661274	30.5608	0
21860	4.372	1.5698	1.65882	-0.0661272	30.5612	0
21865	4.373	1.5698	1.65882	-0.066127	30.5617	0
21870	4.374	1.5698	1.65882	-0.0661268	30.562	0
21875	4.375	1.5698	1.65882	-0.0661266	30.5624	0
21880	4.376	1.5698	1.65883	-0.0661264	30.5627	0
21885	4.377	1.5698	1.65881	-0.0661263	30.563	0
21890	4.378	1.5698	1.65881	-0.0661263	30.5501	0
21895	4.379	1.5698	1.65881	-0.0661261	30.5514	0
21900	4.38	1.5698	1.65881	-0.0661261	30.5526	0
21905	4.381	1.5698	1.65881	-0.066126	30.5536	0
21910	4.382	1.5698	1.65881	-0.0661259	30.5546	0
21915	4.383	1.5698	1.65881	-0.0661257	30.5555	0
21920	4.384	1.5698	1.65881	-0.0661255	30.5564	0
21925	4.385	1.5698	1.65881	-0.0661253	30.5571	0
21930	4.386	1.5698	1.65881	-0.0661251	30.5578	0
21935	4.387	1.5698	1.65882	-0.0661249	30.5584	0
21940	4.388	1.5698	1.65882	-0.0661248	30.559	0
21945	4.389	1.5698	1.65882	-0.0661248	30.5596	0
21950	4.39	1.5698	1.65882	-0.0661246	30.5601	0
21955	4.391	1.5698	1.65882	-0.0661246	30.5605	0
21960	4.392	1.5698	1.65882	-0.0661245	30.5609	0
21965	4.393	1.5698	1.65882	-0.0661244	30.5613	0
21970	4.394	1.5698	1.65882	-0.0661242	30.5616	0
21975	4.395	1.5698	1.65882	-0.066124	30.562	0
21980	4.396	1.5698	1.6588	-0.0661238	30.5623	0
21985	4.397	1.5698	1.6588	-0.0661236	30.5493	0
21990	4.398	1.5698	1.65881	-0.0661235	30.5506	0
21995	4.399	1.5698	1.65881	-0.0661233	30.5518	0
22000	4.4	1.5698	1.65881	-0.0661233	30.5529	0
22005	4.401	1.5698	1.65881	-0.0661232	30.5539	0
22010	4.402	1.5698	1.65881	-0.0661231	30.5548	0
22015	4.403	1.5698	1.65881	-0.0661231	30.5556	0
22020	4.404	1.5698	1.65881	-0.0661229	30.5563	0
22025	4.405	1.5698	1.65881	-0.0661227	30.557	0
22030	4.406	1.5698	1.65881	-0.0661225	30.5577	0
22035	4.407	1.5698	1.65881	-0.0661223	30.5583	0
22040	4.408	1.5698	1.65882	-0.0661221	30.5588	0
22045	4.409	1.5698	1.65882	-0.066122	30.5593	0
22050	4.41	1.5698	1.65882	-0.0661218	30.5597	0
22055	4.411	1.5698	1.65882	-0.0661218	30.5601	0
22060	4.412	1.5698	1.65882	-0.0661217	30.5605	0
22065	4.413	1.5698	1.65882	-0.0661217	30.5609	0
22070	4.414	1.5698	1.65882	-0.0661216	30.5612	0
22075	4.415	1.5698	1.65882	-0.0661214	30.5615	0
22080	4.416	1.5698	1.6588	-0.0661212	30.5617	0
22085	4.417	1.5698	1.65881	-0.066121	30.5507	0
22090	4.418	1.5698	1.65881	-0.0661208	30.5518	0
22095	4.419	1.5698	1.65881	-0.0661206	30.5528	0
22100	4.42	1.5698	1.65881	-0.0661205	30.5537	0
22105	4.421	1.5698	1.65881	-0.0661203	30.5546	0
22110	4.422	1.5698	1.65881	-0.0661203	30.5554	0
22115	4.423	1.5698	1.65881	-0.0661202	30.5561	0
22120	4.424	1.5698	1.65881	-0.0661202	30.5568	0
22125	4.425	1.5698	1.65881	-0.0661201	30.5574	0
22130	4.426	1.5698	1.65881	-0.0661199	30.5579	0
22135	4.427	1.5698	1.65882	-0.0661197	30.5584	0
22140	4.428	1.5698	1.65882	-0.0661195	30.5589	0
22145	4.429	1.5698	1.65882	-0.0661193	30.5593	0
22150	4.43	1.5698	1.65882	-0.0661191	30.5597	0
22155	4.431	1.5698	1.65882	-0.066119	30.5601	0
22160	4.432	1.5698	1.65882	-0.0661188	30.5604	0
22165	4.433	1.5698	1.65882	-0.0661188	30.5607	0
22170	4.434	1.5698	1.65882	-0.0661187	30.561	0
22175	4.435	1.5698	1.65882	-0.0661187	30.5612	0
22180	4.436	1.5698	1.6588	-0.0661186	30.5614	0
22185	4.437	1.5698	1.6588	-0.0661184	30.5485	0
22190	4.438	1.5698	1.65881	-0.0661182	30.5497	0
22195	4.439	1.5698	1.65881	-0.066118	30.5508	0
22200	4.44	1.5698	1.65881	-0.0661178	30.5519	0
22205	4.441	1.5698	1.65881	-0.0661177	30.5528	0
22210	4.442	1.5698	1.65881	-0.0661175	30.5537	0
22215	4.443	1.5698	1.65881	-0.0661174	30.5545	0
22220	4.444	1.5698	1.65881	-0.0661174	30.5552	0
22225	4.445	1.5698	1.65881	-0.0661172	30.5559	0
22230	4.446	1.5698	1.65881	-0.0661172	30.5565	0
22235	4.447	1.5698	1.65881	-0.0661171	30.557	0
22240	4.448	1.5698	1.65881	-0.0661169	30.5576	0
22245	4.449	1.5698	1.65882	-0.0661167	30.558	0
22250	4.45	1.5698	1.65882	-0.0661165	30.5585	0
22255	4.451	1.5698	1.65882	-0.0661163	30.5589	0
22260	4.452	1.5698	1.65882	-0.0661162	30.5592	0
22265	4.453	1.5698	1.65882	-0.066116	30.5595	0
22270	4.454	1.5698	1.6588	-0.0661159	30.5598	0
22275	4.455	1.5698	1.6588	-0.0661159	30.5469	0
22280	4.456	1.5698	1.6588	-0.0661157	30.5482	0
22285	4.457	1.5698	1.6588	-0.0661157	30.5494	0
22290	4.458	1.5698	1.6588	-0.0661156	30.5505	0
22295	4.459	1.5698	1.6588	-0.0661155	30.5515	0
22300	4.46	1.5698	1.65881	-0.0661153	30.5524	0
22305	4.461	1.5698	1.65881	-0.0661151	30.5532	0
22310	4.462	1.5698	1.65881	-0.0661149	30.554	0
22315	4.463	1.5698	1.65881	-0.0661147	30.5547	0
22320	4.464	1.5698	1.65881	-0.0661145	30.5553	0
22325	4.465	1.5698	1.65881	-0.0661144	30.5559	0
22330	4.466	1.5698	1.65881	-0.0661144	30.5565	0
22335	4.467	1.5698	1.65881	-0.0661142	30.557	0
22340	4.468	1.5698	1.65881	-0.0661142	30.5574	0
22345	4.469	1.5698	1.65881	-0.0661141	30.5578	0
22350	4.47	1.5698	1.65881	-0.066114	30.5582	0
22355	4.471	1.5698	1.65882	-0.0661138	30.5586	0
22360	4.472	1.5698	1.65882	-0.0661136	30.5589	0
22365	4.473	1.5698	1.6588	-0.0661134	30.5592	0
22370	4.474	1.5698	1.6588	-0.0661132	30.5472	0
22375	4.475	1.5698	1.6588	-0.066113	30.5484	0
22380	4.476	1.5698	1.6588	-0.0661129	30.5495	0
22385	4.477	1.5698	1.6588	-0.0661129	30.5505	0
22390	4.478	1.5698	1.6588	-0.0661127	30.5515	0
22395	4.479	1.5698	1.6588	-0.0661127	30.5523	0
22400	4.48	1.5698	1.65881	-0.0661126	30.5531	0
22405	4.481	1.5698	1.65881	-0.0661125	30.5538	0
22410	4.482	1.5698	1.65881	-0.0661123	30.5545	0
22415	4.483	1.5698	1.65881	-0.0661121	30.5551	0
22420	4.484	1.5698	1.65881	-0.0661119	30.5556	0
22425	4.485	1.5698	1.65881	-0.0661117	30.5561	0
22430	4.486	1.5698	1.65881	-0.0661115	30.5566	0
22435	4.487	1.5698	1.65881	-0.0661114	30.557	0
22440	4.488	1.5698	1.65881	-0.0661114	30.5574	0
22445	4.489	1.5698	1.65881	-0.0661113	30.5577	0
22450	4.49	1.5698	1.65881	-0.0661112	30.5581	0
22455	4.491	1.5698	1.65882	-0.0661111	30.5584	0
22460	4.492	1.5698	1.65882	-0.066111	30.5586	0
22465	4.493	1.5698	1.6588	-0.0661108	30.5589	0
22470	4.494	1.5698	1.6588	-0.0661106	30.546	0
22475	4.495	1.5698	1.6588	-0.0661104	30.5472	0
22480	4.496	1.5698	1.6588	-0.0661102	30.5483	0
22485	4.497	1.5698	1.6588	-0.0661101	30.5494	0
22490	4.498	1.5698	1.6588	-0.0661099	30.5503	0
22495	4.499	1.5698	1.6588	-0.0661099	30.5512	0
22500	4.5	1.5698	1.6588	-0.0661098	30.552	0
22505	4.501	1.5698	1.6588	-0.0661098	30.5528	0
22510	4.502	1.5698	1.65881	-0.0661097	30.5534	0
22515	4.503	1.5698	1.65881	-0.0661095	30.5541	0
22520	4.504	1.5698	1.65881	-0.0661093	30.5546	0
22525	4.505	1.5698	1.65881	-0.0661091	30.5552	0
22530	4.506	1.5698	1.65881	-0.0661089	30.5556	0
22535	4.507	1.5698	1.65881	-0.0661087	30.5561	0
22540	4.508	1.5698	1.65881	-0.0661086	30.5565	0
22545	4.509	1.5698	1.65881	-0.0661084	30.5568	0
22550	4.51	1.5698	1.65881	-0.0661084	30.5572	0
22555	4.511	1.5698	1.65881	-0.0661083	30.5575	0
22560	4.512	1.5698	1.65881	-0.0661083	30.5578	0
22565	4.513	1.5698	1.65882	-0.0661082	30.558	0
22570	4.514	1.5698	1.6588	-0.066108	30.5583	0
22575	4.515	1.5698	1.6588	-0.0661078	30.5462	0
22580	4.516	1.5698	1.6588	-0.0661076	30.5474	0
22585	4.517	1.5698	1.6588	-0.0661074	30.5485	0
22590	4.518	1.5698	1.6588	-0.0661072	30.5494	0
22595	4.519	1.5698	1.6588	-0.0661071	30.5503	0
22600	4.52	1.5698	1.6588	-0.0661069	30.5511	0
22605	4.521	1.5698	1.6588	-0.0661069	30.5519	0
22610	4.522	1.5698	1.65881	-0.0661068	30.5526	0
22615	4.523	1.5698	1.65881	-0.0661068	30.5532	0
22620	4.524	1.5698	1.65881	-0.0661067	30.5538	0
22625	4.525	1.5698	1.65881	-0.0661065	30.5543	0
22630	4.526	1.5698	1.65881	-0.0661063	30.5548	0
22635	4.527	1.5698	1.65881	-0.0661061	30.5552	0
22640	4.528	1.5698	1.65881	-0.0661059	30.5557	0
22645	4.529	1.5698	1.65881	-0.0661057	30.556	0
22650	4.53	1.5698	1.65881	-0.0661056	30.5564	0
22655	4.531	1.5698	1.65879	-0.0661054	30.5567	0
22660	4.532	1.5698	1.65879	-0.0661054	30.5447	0
22665	4.533	1.5698	1.6588	-0.0661053	30.546	0
22670	4.534	1.5698	1.6588	-0.0661053	30.5471	0
22675	4.535	1.5698	1.6588	-0.0661052	30.5481	0
22680	4.536	1.5698	1.6588	-0.066105	30.549	0
22685	4.537	1.5698	1.6588	-0.0661048	30.5499	0
22690	4.538	1.5698	1.6588	-0.0661046	30.5507	0
22695	4.539	1.5698	1.6588	-0.0661044	30.5514	0
22700	4.54	1.5698	1.6588	-0.0661043	30.5521	0
22705	4.541	1.5698	1.6588	-0.0661041	30.5527	0
22710	4.542	1.5698	1.6588	-0.066104	30.5533	0
22715	4.543	1.5698	1.65881	-0.066104	30.5538	0
22720	4.544	1.5698	1.65881	-0.0661038	30.5542	0
22725	4.545	1.5698	1.65881	-0.0661038	30.5547	0
22730	4.546	1.5698	1.65881	-0.0661037	30.5551	0
22735	4.547	1.5698	1.65881	-0.0661035	30.5554	0
22740	4.548	1.5698	1.65881	-0.0661033	30.5558	0
22745	4.549	1.5698	1.65881	-0.0661031	30.5561	0
22750	4.55	1.5698	1.65879	-0.066103	30.5563	0
22755	4.551	1.5698	1.65879	-0.0661028	30.5434	0
22760	4.552	1.5698	1.65879	-0.0661026	30.5447	0
22765	4.553	1.5698	1.65879	-0.0661025	30.5458	0
22770	4.554	1.5698	1.6588	-0.0661025	30.5469	0
22775	4.555	1.5698	1.6588	-0.0661023	30.5479	0
22780	4.556	1.5698	1.6588	-0.0661023	30.5488	0
22785	4.557	1.5698	1.6588	-0.0661022	30.5496	0
22790	4.558	1.5698	1.6588	-0.0661021	30.5504	0
22795	4.559	1.5698	1.6588	-0.0661019	30.551	0
22800	4.56	1.5698	1.6588	-0.0661017	30.5517	0
22805	4.561	1.5698	1.6588	-0.0661015	30.5494	0
22810	4.562	1.5698	1.6588	-0.0661013	30.5502	0
22815	4.563	1.5698	1.6588	-0.0661011	30.5509	0
22820	4.564	1.5698	1.6588	-0.066101	30.5515	0
22825	4.565	1.5698	1.6588	-0.066101	30.5521	0
22830	4.566	1.5698	1.6588	-0.0661008	30.5526	0
22835	4.567	1.5698	1.6588	-0.0661008	30.5531	0
22840	4.568	1.5698	1.6588	-0.0661007	30.5535	0
22845	4.569	1.5698	1.65881	-0.0661006	30.5539	0
22850	4.57	1.5698	1.65879	-0.0661004	30.5543	0
22855	4.571	1.5698	1.65879	-0.0661002	30.5415	0
22860	4.572	1.5698	1.65879	-0.0661	30.5428	0
22865	4.573	1.5698	1.65879	-0.0660998	30.5441	0
22870	4.574	1.5698	1.65879	-0.0660996	30.5452	0
22875	4.575	1.5698	1.65879	-0.0660995	30.5462	0
22880	4.576	1.5698	1.65879	-0.0660995	30.5472	0
22885	4.577	1.5698	1.65879	-0.0660994	30.5481	0
22890	4.578	1.5698	1.65879	-0.0660993	30.5489	0
22895	4.579	1.5698	1.65879	-0.0660992	30.5496	0
22900	4.58	1.5698	1.6588	-0.0660991	30.5503	0
22905	4.581	1.5698	1.6588	-0.0660989	30.5509	0
22910	4.582	1.5698	1.6588	-0.0660987	30.5514	0
22915	4.583	1.5698	1.6588	-0.0660985	30.552	0
22920	4.584	1.5698	1.6588	-0.0660983	30.5524	0
22925	4.585	1.5698	1.6588	-0.0660982	30.5529	0
22930	4.586	1.5698	1.6588	-0.066098	30.5533	0
22935	4.587	1.5698	1.6588	-0.066098	30.5536	0
22940	4.588	1.5698	1.6588	-0.0660979	30.554	0
22945	4.589	1.5698	1.6588	-0.0660978	30.5543	0
22950	4.59	1.5698	1.6588	-0.0660978	30.5546	0
22955	4.591	1.5698	1.65879	-0.0660976	30.5548	0
22960	4.592	1.5698	1.65879	-0.0660974	30.5428	0
22965	4.593	1.5698	1.65879	-0.0660972	30.544	0
22970	4.594	1.5698	1.65879	-0.066097	30.5451	0
22975	4.595	1.5698	1.65879	-0.0660968	30.5461	0
22980	4.596	1.5698	1.65879	-0.0660967	30.547	0
22985	4.597	1.5698	1.65879	-0.0660965	30.5478	0
22990	4.598	1.5698	1.65879	-0.0660965	30.5485	0
22995	4.599	1.5698	1.65879	-0.0660964	30.5492	0
23000	4.6	1.5698	1.6588	-0.0660964	30.5499	0
23005	4.601	1.5698	1.6588	-0.0660963	30.5505	0
23010	4.602	1.5698	1.6588	-0.0660961	30.551	0
23015	4.603	1.5698	1.6588	-0.0660959	30.5515	0
23020	4.604	1.5698	1.6588	-0.0660957	30.5519	0
23025	4.605	1.5698	1.6588	-0.0660955	30.5524	0
23030	4.606	1.5698	1.6588	-0.0660953	30.5527	0
23035	4.607	1.5698	1.6588	-0.0660952	30.5531	0
23040	4.608	1.5698	1.65878	-0.066095	30.5534	0
23045	4.609	1.5698	1.65878	-0.066095	30.5415	0
23050	4.61	1.5698	1.65879	-0.0660949	30.5427	0
23055	4.611	1.5698	1.65879	-0.0660949	30.5438	0
23060	4.612	1.5698	1.65879	-0.0660948	30.5448	0
23065	4.613	1.5698	1.65879	-0.0660946	30.5458	0
23070	4.614	1.5698	1.65879	-0.0660944	30.5467	0
23075	4.615	1.5698	1.65879	-0.0660942	30.5475	0
23080	4.616	1.5698	1.65879	-0.066094	30.5482	0
23085	4.617	1.5698	1.65879	-0.0660938	30.5488	0
23090	4.618	1.5698	1.65879	-0.0660937	30.5495	0
23095	4.619	1.5698	1.65879	-0.0660935	30.55	0
23100	4.62	1.5698	1.6588	-0.0660935	30.5505	0
23105	4.621	1.5698	1.6588	-0.0660934	30.551	0
23110	4.622	1.5698	1.6588	-0.0660934	30.5514	0
23115	4.623	1.5698	1.6588	-0.0660933	30.5518	0
23120	4.624	1.5698	1.6588	-0.0660931	30.5522	0
23125	4.625	1.5698	1.6588	-0.0660929	30.5525	0
23130	4.626	1.5698	1.6588	-0.0660927	30.5528	0
23135	4.627	1.5698	1.6588	-0.0660925	30.5531	0
23140	4.628	1.5698	1.65878	-0.0660924	30.5534	0
23145	4.629	1.5698	1.65878	-0.0660922	30.5404	0
23150	4.63	1.5698	1.65878	-0.0660921	30.5417	0
23155	4.631	1.5698	1.65879	-0.0660921	30.5428	0
23160	4.632	1.5698	1.65879	-0.0660919	30.5439	0
23165	4.633	1.5698	1.65879	-0.0660919	30.5448	0
23170	4.634	1.5698	1.65879	-0.0660918	30.5457	0
23175	4.635	1.5698	1.65879	-0.0660916	30.5465	0
23180	4.636	1.5698	1.65879	-0.0660914	30.5472	0
23185	4.637	1.5698	1.65879	-0.0660912	30.5479	0
23190	4.638	1.5698	1.65879	-0.066091	30.5485	0
23195	4.639	1.5698	1.65879	-0.0660909	30.5491	0
23200	4.64	1.5698	1.65879	-0.0660907	30.5496	0
23205	4.641	1.5698	1.6588	-0.0660906	30.5501	0
23210	4.642	1.5698	1.6588	-0.0660906	30.5506	0
23215	4.643	1.5698	1.6588	-0.0660904	30.551	0
23220	4.644	1.5698	1.6588	-0.0660904	30.5513	0
23225	4.645	1.5698	1.6588	-0.0660903	30.5517	0
23230	4.646	1.5698	1.6588	-0.0660902	30.552	0
23235	4.647	1.5698	1.6588	-0.06609	30.5523	0
23240	4.648	1.5698	1.65878	-0.0660897	30.5525	0
23245	4.649	1.5698	1.65878	-0.0660896	30.5405	0
23250	4.65	1.5698	1.65878	-0.0660894	30.5417	0
23255	4.651	1.5698	1.65879	-0.0660892	30.5428	0
23260	4.652	1.5698	1.65879	-0.0660891	30.5438	0
23265	4.653	1.5698	1.65879	-0.0660891	30.5447	0
23270	4.654	1.5698	1.65879	-0.0660889	30.5455	0
23275	4.655	1.5698	1.65879	-0.0660889	30.5463	0
23280	4.656	1.5698	1.65879	-0.0660888	30.547	0
23285	4.657	1.5698	1.65879	-0.0660887	30.5476	0
23290	4.658	1.5698	1.65879	-0.0660885	30.5482	0
23295	4.659	1.5698	1.65879	-0.0660883	30.5487	0
23300	4.66	1.5698	1.65879	-0.0660881	30.5492	0
23305	4.661	1.5698	1.65879	-0.0660879	30.5497	0
23310	4.662	1.5698	1.6588	-0.0660877	30.5501	0
23315	4.663	1.5698	1.6588	-0.0660876	30.5505	0
23320	4.664	1.5698	1.6588	-0.0660876	30.5508	0
23325	4.665	1.5698	1.6588	-0.0660874	30.5511	0
23330	4.666	1.5698	1.6588	-0.0660874	30.5514	0
23335	4.667	1.5698	1.6588	-0.0660873	30.5517	0
23340	4.668	1.5698	1.65878	-0.0660872	30.5519	0
23345	4.669	1.5698	1.65878	-0.066087	30.539	0
23350	4.67	1.5698	1.65878	-0.0660868	30.5402	0
23355	4.671	1.5698	1.65878	-0.0660866	30.5414	0
23360	4.672	1.5698	1.65878	-0.0660864	30.5424	0
23365	4.673	1.5698	1.65879	-0.0660862	30.5434	0
23370	4.674	1.5698	1.65879	-0.0660861	30.5442	0
23375	4.675	1.5698	1.65879	-0.0660861	30.545	0
23380	4.676	1.5698	1.65879	-0.066086	30.5458	0
23385	4.677	1.5698	1.65879	-0.0660859	30.5464	0
23390	4.678	1.5698	1.65879	-0.0660858	30.5471	0
23395	4.679	1.5698	1.65879	-0.0660857	30.5476	0
23400	4.68	1.5698	1.65879	-0.0660855	30.5481	0
23405	4.681	1.5698	1.65879	-0.0660853	30.5486	0
23410	4.682	1.5698	1.65879	-0.0660851	30.5491	0
23415	4.683	1.5698	1.65879	-0.0660849	30.5495	0
23420	4.684	1.5698	1.6588	-0.0660848	30.5498	0
23425	4.685	1.5698	1.65878	-0.0660846	30.5502	0
23430	4.686	1.5698	1.65878	-0.0660846	30.5382	0
23435	4.687	1.5698	1.65878	-0.0660845	30.5395	0
23440	4.688	1.5698	1.65878	-0.0660845	30.5406	0
23445	4.689	1.5698	1.65878	-0.0660844	30.5417	0
23450	4.69	1.5698	1.65878	-0.0660842	30.5426	0
23455	4.691	1.5698	1.65878	-0.066084	30.5435	0
23460	4.692	1.5698	1.65878	-0.0660838	30.5443	0
23465	4.693	1.5698	1.65879	-0.0660836	30.545	0
23470	4.694	1.5698	1.65879	-0.0660834	30.5457	0
23475	4.695	1.5698	1.65879	-0.0660833	30.5463	0
23480	4.696	1.5698	1.65879	-0.0660831	30.5469	0
23485	4.697	1.5698	1.65879	-0.0660831	30.5474	0
23490	4.698	1.5698	1.65879	-0.066083	30.5479	0
23495	4.699	1.5698	1.65879	-0.066083	30.5483	0
23500	4.7	1.5698	1.65879	-0.0660829	30.5487	0
23505	4.701	1.5698	1.65879	-0.0660827	30.5491	0
23510	4.702	1.5698	1.65879	-0.0660825	30.5494	0
23515	4.703	1.5698	1.65879	-0.0660823	30.5497	0
23520	4.704	1.5698	1.6588	-0.0660821	30.55	0
23525	4.705	1.5698	1.65878	-0.0660819	30.5503	0
23530	4.706	1.5698	1.65878	-0.0660818	30.5373	0
23535	4.707	1.5698	1.65878	-0.0660816	30.5386	0
23540	4.708	1.5698	1.65878	-0.0660816	30.5397	0
23545	4.709	1.5698	1.65878	-0.0660815	30.5408	0
23550	4.71	1.5698	1.65878	-0.0660815	30.5417	0
23555	4.711	1.5698	1.65878	-0.0660814	30.5426	0
23560	4.712	1.5698	1.65878	-0.0660812	30.5434	0
23565	4.713	1.5698	1.65878	-0.066081	30.5442	0
23570	4.714	1.5698	1.65878	-0.0660808	30.5448	0
23575	4.715	1.5698	1.65879	-0.0660806	30.5455	0
23580	4.716	1.5698	1.65879	-0.0660805	30.546	0
23585	4.717	1.5698	1.65879	-0.0660803	30.5466	0
23590	4.718	1.5698	1.65879	-0.0660802	30.547	0
23595	4.719	1.5698	1.65879	-0.0660802	30.5475	0
23600	4.72	1.5698	1.65879	-0.06608	30.5479	0
23605	4.721	1.5698	1.65879	-0.06608	30.5483	0
23610	4.722	1.5698	1.65879	-0.0660799	30.5486	0
23615	4.723	1.5698	1.65879	-0.0660797	30.5489	0
23620	4.724	1.5698	1.65879	-0.0660795	30.5492	0
23625	4.725	1.5698	1.65878	-0.0660793	30.5494	0
23630	4.726	1.5698	1.65878	-0.0660791	30.5375	0
23635	4.727	1.5698	1.65878	-0.066079	30.5386	0
23640	4.728	1.5698	1.65878	-0.0660788	30.5397	0
23645	4.729	1.5698	1.65878	-0.0660787	30.5407	0
23650	4.73	1.5698	1.65878	-0.0660787	30.5416	0
23655	4.731	1.5698	1.65878	-0.0660785	30.5424	0
23660	4.732	1.5698	1.65878	-0.0660785	30.5432	0
23665	4.733	1.5698	1.65878	-0.0660784	30.5439	0
23670	4.734	1.5698	1.65878	-0.0660782	30.5445	0
23675	4.735	1.5698	1.65879	-0.0660781	30.5451	0
23680	4.736	1.5698	1.65879	-0.0660778	30.5457	0
23685	4.737	1.5698	1.65879	-0.0660777	30.5462	0
23690	4.738	1.5698	1.65879	-0.0660775	30.5466	0
23695	4.739	1.5698	1.65879	-0.0660773	30.547	0
23700	4.74	1.5698	1.65879	-0.0660772	30.5474	0
23705	4.741	1.5698	1.65879	-0.0660772	30.5478	0
23710	4.742	1.5698	1.65879	-0.066077	30.5481	0
23715	4.743	1.5698	1.65879	-0.066077	30.5484	0
23720	4.744	1.5698	1.65879	-0.0660769	30.5486	0
23725	4.745	1.5698	1.65877	-0.0660768	30.5489	0
23730	4.746	1.5698	1.65878	-0.0660766	30.5369	0
23735	4.747	1.5698	1.65878	-0.0660764	30.538	0
23740	4.748	1.5698	1.65878	-0.0660762	30.5391	0
23745	4.749	1.5698	1.65878	-0.066076	30.5401	0
23750	4.75	1.5698	1.65878	-0.0660758	30.541	0
23755	4.751	1.5698	1.65878	-0.0660757	30.5418	0
23760	4.752	1.5698	1.65878	-0.0660757	30.5426	0
23765	4.753	1.5698	1.65878	-0.0660755	30.5432	0
23770	4.754	1.5698	1.65878	-0.0660755	30.5439	0
23775	4.755	1.5698	1.65878	-0.0660754	30.5445	0
23780	4.756	1.5698	1.65879	-0.0660753	30.545	0
23785	4.757	1.5698	1.65879	-0.0660751	30.5455	0
23790	4.758	1.5698	1.65879	-0.0660749	30.5459	0
23795	4.759	1.5698	1.65879	-0.0660747	30.5463	0
23800	4.76	1.5698	1.65879	-0.0660745	30.5467	0
23805	4.761	1.5698	1.65879	-0.0660743	30.5471	0
23810	4.762	1.5698	1.65877	-0.0660742	30.5474	0
23815	4.763	1.5698	1.65877	-0.0660742	30.5345	0
23820	4.764	1.5698	1.65877	-0.0660741	30.5358	0
23825	4.765	1.5698	1.65877	-0.066074	30.537	0
23830	4.766	1.5698	1.65877	-0.0660739	30.5381	0
23835	4.767	1.5698	1.65878	-0.0660738	30.5391	0
23840	4.768	1.5698	1.65878	-0.0660736	30.54	0
23845	4.769	1.5698	1.65878	-0.0660734	30.5408	0
23850	4.77	1.5698	1.65878	-0.0660732	30.5416	0
23855	4.771	1.5698	1.65878	-0.066073	30.5423	0
23860	4.772	1.5698	1.65878	-0.0660729	30.5429	0
23865	4.773	1.5698	1.65878	-0.0660727	30.5435	0
23870	4.774	1.5698	1.65878	-0.0660727	30.5441	0
23875	4.775	1.5698	1.65878	-0.0660726	30.5446	0
23880	4.776	1.5698	1.65878	-0.0660725	30.545	0
23885	4.777	1.5698	1.65878	-0.0660724	30.5455	0
23890	4.778	1.5698	1.65879	-0.0660723	30.5458	0
23895	4.779	1.5698	1.65879	-0.0660721	30.5462	0
23900	4.78	1.5698	1.65879	-0.0660719	30.5465	0
23905	4.781	1.5698	1.65879	-0.0660717	30.5468	0
23910	4.782	1.5698	1.65877	-0.0660715	30.5471	0
23915	4.783	1.5698	1.65877	-0.0660714	30.5341	0
23920	4.784	1.5698	1.65877	-0.0660712	30.5354	0
23925	4.785	1.5698	1.65877	-0.0660712	30.5366	0
23930	4.786	1.5698	1.65877	-0.0660711	30.5376	0
23935	4.787	1.5698	1.65877	-0.0660711	30.5386	0
23940	4.788	1.5698	1.65877	-0.066071	30.5395	0
23945	4.789	1.5698	1.65877	-0.0660708	30.5403	0
23950	4.79	1.5698	1.65877	-0.0660706	30.5382	0
23955	4.791	1.5698	1.65877	-0.0660704	30.5391	0
23960	4.792	1.5698	1.65877	-0.0660702	30.54	0
23965	4.793	1.5698	1.65878	-0.06607	30.5407	0
23970	4.794	1.5698	1.65878	-0.0660699	30.5414	0
23975	4.795	1.5698	1.65878	-0.0660697	30.5421	0
23980	4.796	1.5698	1.65878	-0.0660697	30.5426	0
23985	4.797	1.5698	1.65878	-0.0660696	30.5432	0
23990	4.798	1.5698	1.65878	-0.0660696	30.5437	0
23995	4.799	1.5698	1.65878	-0.0660695	30.5441	0
24000	4.8	1.5698	1.65878	-0.0660693	30.5445	0
24005	4.801	1.5698	1.65878	-0.0660691	30.5449	0
24010	4.802	1.5698	1.65876	-0.0660689	30.5453	0
24015	4.803	1.5698	1.65877	-0.0660687	30.5333	0
24020	4.804	1.5698	1.65877	-0.0660685	30.5346	0
24025	4.805	1.5698	1.65877	-0.0660684	30.5357	0
24030	4.806	1.5698	1.65877	-0.0660682	30.5368	0
24035	4.807	1.5698	1.65877	-0.0660682	30.5378	0
24040	4.808	1.5698	1.65877	-0.0660681	30.5386	0
24045	4.809	1.5698	1.65877	-0.0660681	30.5395	0
24050	4.81	1.5698	1.65877	-0.066068	30.5402	0
24055	4.811	1.5698	1.65877	-0.0660678	30.5409	0
24060	4.812	1.5698	1.65877	-0.0660676	30.5415	0
24065	4.813	1.5698	1.65878	-0.0660674	30.5421	0
24070	4.814	1.5698	1.65878	-0.0660672	30.5426	0
24075	4.815	1.5698	1.65878	-0.0660671	30.5431	0
24080	4.816	1.5698	1.65878	-0.0660669	30.5435	0
24085	4.817	1.5698	1.65878	-0.0660668	30.5439	0
24090	4.818	1.5698	1.65878	-0.0660668	30.5443	0
24095	4.819	1.5698	1.65878	-0.0660666	30.5446	0
24100	4.82	1.5698	1.65878	-0.0660666	30.5449	0
24105	4.821	1.5698	1.65878	-0.0660665	30.5452	0
24110	4.822	1.5698	1.65876	-0.0660663	30.5455	0
24115	4.823	1.5698	1.65877	-0.0660661	30.5335	0
24120	4.824	1.5698	1.65877	-0.0660659	30.5347	0
24125	4.825	1.5698	1.65877	-0.0660658	30.5357	0
24130	4.826	1.5698	1.65877	-0.0660656	30.5367	0
24135	4.827	1.5698	1.65877	-0.0660654	30.5376	0
24140	4.828	1.5698	1.65877	-0.0660653	30.5385	0
24145	4.829	1.5698	1.65877	-0.0660653	30.5392	0
24150	4.83	1.5698	1.65877	-0.0660651	30.5399	0
24155	4.831	1.5698	1.65877	-0.0660651	30.5406	0
24160	4.832	1.5698	1.65877	-0.066065	30.5412	0
24165	4.833	1.5698	1.65878	-0.0660649	30.5417	0
24170	4.834	1.5698	1.65878	-0.0660647	30.5422	0
24175	4.835	1.5698	1.65878	-0.0660645	30.5426	0
24180	4.836	1.5698	1.65878	-0.0660643	30.5431	0
24185	4.837	1.5698	1.65878	-0.0660641	30.5434	0
24190	4.838	1.5698	1.65878	-0.0660639	30.5438	0
24195	4.839	1.5698	1.65878	-0.0660638	30.5441	0
24200	4.84	1.5698	1.65878	-0.0660638	30.5444	0
24205	4.841	1.5698	1.65876	-0.0660636	30.5447	0
24210	4.842	1.5698	1.65876	-0.0660636	30.5317	0
24215	4.843	1.5698	1.65876	-0.0660635	30.533	0
24220	4.844	1.5698	1.65877	-0.0660634	30.5341	0
24225	4.845	1.5698	1.65877	-0.0660632	30.5352	0
24230	4.846	1.5698	1.65877	-0.066063	30.5362	0
24235	4.847	1.5698	1.65877	-0.0660628	30.5371	0
24240	4.848	1.5698	1.65877	-0.0660626	30.5379	0
24245	4.849	1.5698	1.65877	-0.0660624	30.5386	0
24250	4.85	1.5698	1.65877	-0.0660623	30.5393	0
24255	4.851	1.5698	1.65877	-0.0660623	30.5399	0
24260	4.852	1.5698	1.65877	-0.0660622	30.5405	0
24265	4.853	1.5698	1.65877	-0.0660621	30.541	0
24270	4.854	1.5698	1.65877	-0.066062	30.5415	0
24275	4.855	1.5698	1.65878	-0.0660619	30.542	0
24280	4.856	1.5698	1.65878	-0.0660617	30.5424	0
24285	4.857	1.5698	1.65878	-0.0660615	30.5427	0
24290	4.858	1.5698	1.65878	-0.0660613	30.5431	0
24295	4.859	1.5698	1.65876	-0.0660611	30.5434	0
24300	4.86	1.5698	1.65876	-0.066061	30.5314	0
24305	4.861	1.5698	1.65876	-0.0660608	30.5327	0
24310	4.862	1.5698	1.65876	-0.0660608	30.5338	0
24315	4.863	1.5698	1.65876	-0.0660607	30.5348	0
24320	4.864	1.5698	1.65877	-0.0660606	30.5357	0
24325	4.865	1.5698	1.65877	-0.0660606	30.5366	0
24330	4.866	1.5698	1.65877	-0.0660604	30.5374	0
24335	4.867	1.5698	1.65877	-0.0660602	30.5381	0
24340	4.868	1.5698	1.65877	-0.06606	30.5388	0
24345	4.869	1.5698	1.65877	-0.0660598	30.5394	0
24350	4.87	1.5698	1.65877	-0.0660596	30.54	0
24355	4.871	1.5698	1.65877	-0.0660595	30.5405	0
24360	4.872	1.5698	1.65877	-0.0660593	30.5409	0
24365	4.873	1.5698	1.65877	-0.0660593	30.5414	0
24370	4.874	1.5698	1.65877	-0.0660592	30.5418	0
24375	4.875	1.5698	1.65878	-0.0660592	30.5421	0
24380	4.876	1.5698	1.65878	-0.0660591	30.5424	0
24385	4.877	1.5698	1.65878	-0.0660589	30.5427	0
24390	4.878	1.5698	1.65878	-0.0660587	30.543	0
24395	4.879	1.5698	1.65876	-0.0660585	30.5433	0
24400	4.88	1.5698	1.65876	-0.0660583	30.5303	0
24405	4.881	1.5698	1.65876	-0.0660581	30.5316	0
24410	4.882	1.5698	1.65876	-0.066058	30.5327	0
24415	4.883	1.5698	1.65876	-0.0660578	30.5338	0
24420	4.884	1.5698	1.65876	-0.0660578	30.5347	0
24425	4.885	1.5698	1.65876	-0.0660577	30.5356	0
24430	4.886	1.5698	1.65877	-0.0660577	30.5364	0
24435	4.887	1.5698	1.65877	-0.0660576	30.5372	0
24440	4.888	1.5698	1.65877	-0.0660574	30.5378	0
24445	4.889	1.5698	1.65877	-0.0660572	30.5385	0
24450	4.89	1.5698	1.65877	-0.066057	30.539	0
24455	4.891	1.5698	1.65877	-0.0660568	30.5396	0
24460	4.892	1.5698	1.65877	-0.0660567	30.54	0
24465	4.893	1.5698	1.65877	-0.0660565	30.5405	0
24470	4.894	1.5698	1.65877	-0.0660563	30.5409	0
24475	4.895	1.5698	1.65877	-0.0660563	30.5412	0
24480	4.896	1.5698	1.65878	-0.0660562	30.5416	0
24485	4.897	1.5698	1.65878	-0.0660562	30.5419	0
24490	4.898	1.5698	1.65878	-0.0660561	30.5422	0
24495	4.899	1.5698	1.65876	-0.0660559	30.5424	0
24500	4.9	1.5698	1.65876	-0.0660557	30.5295	0
24505	4.901	1.5698	1.65876	-0.0660555	30.5307	0
24510	4.902	1.5698	1.65876	-0.0660553	30.5319	0
24515	4.903	1.5698	1.65876	-0.0660552	30.5329	0
24520	4.904	1.5698	1.65876	-0.066055	30.5339	0
24525	4.905	1.5698	1.65876	-0.0660549	30.5348	0
24530	4.906	1.5698	1.65876	-0.0660549	30.5356	0
24535	4.907	1.5698	1.65877	-0.0660547	30.5363	0
24540	4.908	1.5698	1.65877	-0.0660547	30.537	0
24545	4.909	1.5698	1.65877	-0.0660546	30.5376	0
24550	4.91	1.5698	1.65877	-0.0660544	30.5382	0
24555	4.911	1.5698	1.65877	-0.0660542	30.5387	0
24560	4.912	1.5698	1.65877	-0.066054	30.5392	0
24565	4.913	1.5698	1.65877	-0.0660538	30.5397	0
24570	4.914	1.5698	1.65877	-0.0660537	30.5401	0
24575	4.915	1.5698	1.65877	-0.0660535	30.5404	0
24580	4.916	1.5698	1.65877	-0.0660534	30.5408	0
24585	4.917	1.5698	1.65877	-0.0660534	30.5411	0
24590	4.918	1.5698	1.65878	-0.0660532	30.5414	0
24595	4.919	1.5698	1.65876	-0.0660532	30.5416	0
24600	4.92	1.5698	1.65876	-0.0660531	30.5306	0
24605	4.921	1.5698	1.65876	-0.066053	30.5317	0
24610	4.922	1.5698	1.65876	-0.0660527	30.5327	0
24615	4.923	1.5698	1.65876	-0.0660525	30.5336	0
24620	4.924	1.5698	1.65876	-0.0660524	30.5345	0
24625	4.925	1.5698	1.65876	-0.0660522	30.5352	0
24630	4.926	1.5698	1.65877	-0.066052	30.536	0
24635	4.927	1.5698	1.65877	-0.0660519	30.5366	0
24640	4.928	1.5698	1.65877	-0.0660519	30.5372	0
24645	4.929	1.5698	1.65877	-0.0660517	30.5378	0
24650	4.93	1.5698	1.65877	-0.0660517	30.5383	0
24655	4.931	1.5698	1.65877	-0.0660516	30.5387	0
24660	4.932	1.5698	1.65877	-0.0660515	30.5392	0
24665	4.933	1.5698	1.65877	-0.0660513	30.5395	0
24670	4.934	1.5698	1.65877	-0.0660511	30.5399	0
24675	4.935	1.5698	1.65877	-0.0660509	30.5402	0
24680	4.936	1.5698	1.65875	-0.0660507	30.5405	0
24685	4.937	1.5698	1.65875	-0.0660505	30.5276	0
24690	4.938	1.5698	1.65876	-0.0660504	30.5289	0
24695	4.939	1.5698	1.65876	-0.0660504	30.5301	0
24700	4.94	1.5698	1.65876	-0.0660502	30.5312	0
24705	4.941	1.5698	1.65876	-0.0660502	30.5322	0
24710	4.942	1.5698	1.65876	-0.0660501	30.5331	0
24715	4.943	1.5698	1.65876	-0.06605	30.5339	0
24720	4.944	1.5698	1.65876	-0.0660498	30.5347	0
24725	4.945	1.5698	1.65876	-0.0660496	30.5354	0
24730	4.946	1.5698	1.65876	-0.0660494	30.536	0
24735	4.947	1.5698	1.65876	-0.0660492	30.5366	0
24740	4.948	1.5698	1.65877	-0.0660491	30.5371	0
24745	4.949	1.5698	1.65877	-0.0660489	30.5376	0
24750	4.95	1.5698	1.65877	-0.0660489	30.5381	0
24755	4.951	1.5698	1.65877	-0.0660488	30.5385	0
24760	4.952	1.5698	1.65877	-0.0660487	30.5389	0
24765	4.953	1.5698	1.65877	-0.0660486	30.5392	0
24770	4.954	1.5698	1.65877	-0.0660485	30.5395	0
24775	4.955	1.5698	1.65877	-0.0660483	30.5398	0
24780	4.956	1.5698	1.65875	-0.0660481	30.5401	0
24785	4.957	1.5698	1.65875	-0.0660479	30.5271	0
24790	4.958	1.5698	1.65875	-0.0660477	30.5284	0
24795	4.959	1.5698	1.65875	-0.0660476	30.5296	0
24800	4.96	1.5698	1.65876	-0.0660474	30.5306	0
24805	4.961	1.5698	1.65876	-0.0660474	30.5316	0
24810	4.962	1.5698	1.65876	-0.0660473	30.5325	0
24815	4.963	1.5698	1.65876	-0.0660473	30.5333	0
24820	4.964	1.5698	1.65876	-0.0660472	30.534	0
24825	4.965	1.5698	1.65876	-0.066047	30.5347	0
24830	4.966	1.5698	1.65876	-0.0660468	30.5353	0
24835	4.967	1.5698	1.65876	-0.0660466	30.5359	0
24840	4.968	1.5698	1.65876	-0.0660464	30.5364	0
24845	4.969	1.5698	1.65876	-0.0660462	30.5369	0
24850	4.97	1.5698	1.65877	-0.0660461	30.5374	0
24855	4.971	1.5698	1.65877	-0.0660459	30.5378	0
24860	4.972	1.5698	1.65877	-0.0660459	30.5381	0
24865	4.973	1.5698	1.65877	-0.0660458	30.5385	0
24870	4.974	1.5698	1.65877	-0.0660458	30.5388	0
24875	4.975	1.5698	1.65877	-0.0660457	30.5391	0
24880	4.976	1.5698	1.65875	-0.0660455	30.5393	0
24885	4.977	1.5698	1.65875	-0.0660453	30.5273	0
24890	4.978	1.5698	1.65875	-0.0660451	30.5285	0
24895	4.979	1.5698	1.65875	-0.0660449	30.5296	0
24900	4.98	1.5698	1.65876	-0.0660447	30.5306	0
24905	4.981	1.5698	1.65876	-0.0660446	30.5315	0
24910	4.982	1.5698	1.65876	-0.0660444	30.5323	0
24915	4.983	1.5698	1.65876	-0.0660444	30.5331	0
24920	4.984	1.5698	1.65876	-0.0660443	30.5338	0
24925	4.985	1.5698	1.65876	-0.0660443	30.5344	0
24930	4.986	1.5698	1.65876	-0.0660442	30.535	0
24935	4.987	1.5698	1.65876	-0.066044	30.5356	0
24940	4.988	1.5698	1.65876	-0.0660438	30.5361	0
24945	4.989	1.5698	1.65876	-0.0660436	30.5365	0
24950	4.99	1.5698	1.65877	-0.0660434	30.5369	0
24955	4.991	1.5698	1.65877	-0.0660433	30.5373	0
24960	4.992	1.5698	1.65877	-0.0660431	30.5377	0
24965	4.993	1.5698	1.65877	-0.066043	30.538	0
24970	4.994	1.5698	1.65877	-0.066043	30.5383	0
24975	4.995	1.5698	1.65877	-0.0660428	30.5385	0
24980	4.996	1.5698	1.65875	-0.0660428	30.5388	0
24985	4.997	1.5698	1.65875	-0.0660427	30.5258	0
24990	4.998	1.5698	1.65875	-0.0660425	30.5271	0
24995	4.999	1.5698	1.65875	-0.0660423	30.5282	0
25000	5	1.5698	1.65875	-0.0660421	30.5293	0
25005	5.001	0	0	0	0	0
25010	5.002	0	0	0	0	0
25015	5.003	0	0	0	0	0
25020	5.004	0	0	0	0	0
25025	5.005	0	0	0	0	0
25030	5.006	0	0	0	0	0
25035	5.007	0	0	0	0	0
25040	5.008	0	0	0	0	0
25045	5.009	0	0	0	0	0
