TimeSlice	Time	ankle_L	hip_L	knee_L
2500	0.5	-0.0862928	0.341942	-0.00479554
2505	0.501	-0.0863173	0.341692	-0.00378516
2510	0.502	-0.0863825	0.341787	-0.0016257
2515	0.503	-0.0864253	0.34183	0.000490304
2520	0.504	-0.0864298	0.341795	0.00248817
2525	0.505	-0.0864312	0.341659	0.00430274
2530	0.506	-0.0864348	0.341406	0.00588433
2535	0.507	-0.0864393	0.341023	0.00719116
2540	0.508	-0.0864445	0.340498	0.00818876
2545	0.509	-0.0864504	0.339823	0.00884944
2550	0.51	-0.086457	0.338989	0.00915187
2555	0.511	-0.0864641	0.337993	0.0090806
2560	0.512	-0.0864717	0.336831	0.00862558
2565	0.513	-0.08648	0.335501	0.00778151
2570	0.514	-0.0864878	0.334003	0.00654785
2575	0.515	-0.0864957	0.332339	0.00492802
2580	0.516	-0.0865038	0.33051	0.002929
2585	0.517	-0.0865119	0.32852	0.000560933
2590	0.518	-0.0865201	0.326374	-0.00216335
2595	0.519	-0.0864461	0.32478	-0.0030916
2600	0.52	-0.0864686	0.323625	-0.0025705
2605	0.521	-0.0865137	0.322643	-0.00140735
2610	0.522	-0.086552	0.321585	-0.000350615
2615	0.523	-0.0865689	0.320364	0.000336262
2620	0.524	-0.0865763	0.318975	0.000634909
2625	0.525	-0.0865842	0.317414	0.00053282
2630	0.526	-0.0865925	0.315679	2.3178e-005
2635	0.527	-0.0866008	0.313771	-0.000895976
2640	0.528	-0.0865749	0.311987	-0.0013148
2645	0.529	-0.0865847	0.310321	-0.00126261
2650	0.53	-0.0866041	0.308702	-0.000951503
2655	0.531	-0.0866227	0.307053	-0.000616161
2660	0.532	-0.0866371	0.305325	-0.000406663
2665	0.533	-0.0866468	0.303505	-0.000359969
2670	0.534	-0.0866532	0.301609	-0.000429878
2675	0.535	-0.0866585	0.299665	-0.000539124
2680	0.536	-0.0866645	0.297691	-0.000625729
2685	0.537	-0.0866719	0.295699	-0.000662179
2690	0.538	-0.0866804	0.293687	-0.000652672
2695	0.539	-0.0866894	0.291648	-0.000618489
2700	0.54	-0.0866983	0.289576	-0.00058231
2705	0.541	-0.0867066	0.287467	-0.000558355
2710	0.542	-0.0867143	0.285319	-0.000550006
2715	0.543	-0.0867217	0.283135	-0.000552829
2720	0.544	-0.0867288	0.280919	-0.000559604
2725	0.545	-0.0867359	0.278672	-0.000564395
2730	0.546	-0.086743	0.276395	-0.000564475
2735	0.547	-0.0867501	0.27409	-0.000560143
2740	0.548	-0.0867572	0.271757	-0.000553356
2745	0.549	-0.0867641	0.269394	-0.000546262
2750	0.55	-0.0867709	0.267003	-0.000540237
2755	0.551	-0.0867775	0.264584	-0.000535651
2760	0.552	-0.086784	0.262137	-0.000532121
2765	0.553	-0.0867903	0.259664	-0.00052897
2770	0.554	-0.0867965	0.257165	-0.00052564
2775	0.555	-0.0868026	0.25464	-0.000521855
2780	0.556	-0.0868086	0.252092	-0.000517633
2785	0.557	-0.0868145	0.249519	-0.000513151
2790	0.558	-0.0868203	0.246923	-0.000508624
2795	0.559	-0.086826	0.244304	-0.000504194
2800	0.56	-0.0868316	0.241663	-0.000499898
2805	0.561	-0.086837	0.239	-0.000495697
2810	0.562	-0.0868424	0.236317	-0.000491526
2815	0.563	-0.0868477	0.233613	-0.000487346
2820	0.564	-0.0868528	0.230889	-0.000483128
2825	0.565	-0.0868579	0.228146	-0.000478878
2830	0.566	-0.0868629	0.225385	-0.000474596
2835	0.567	-0.0868678	0.222606	-0.000470333
2840	0.568	-0.0868725	0.21981	-0.000466083
2845	0.569	-0.0868772	0.216997	-0.000461851
2850	0.57	-0.0868819	0.214168	-0.000457648
2855	0.571	-0.0868864	0.211323	-0.000453465
2860	0.572	-0.0868908	0.208464	-0.00044929
2865	0.573	-0.0868952	0.20559	-0.00044512
2870	0.574	-0.0868995	0.202703	-0.000440962
2875	0.575	-0.0869037	0.199803	-0.000436829
2880	0.576	-0.0869078	0.19689	-0.000432718
2885	0.577	-0.0869118	0.193966	-0.000428625
2890	0.578	-0.0869158	0.19103	-0.000424564
2895	0.579	-0.0869197	0.188083	-0.000420531
2900	0.58	-0.0869236	0.185126	-0.000416515
2905	0.581	-0.0869273	0.182159	-0.000412511
2910	0.582	-0.086931	0.179184	-0.000408532
2915	0.583	-0.0869346	0.1762	-0.000404583
2920	0.584	-0.0869382	0.173208	-0.000400671
2925	0.585	-0.0869417	0.170208	-0.000396791
2930	0.586	-0.0869451	0.167202	-0.000392944
2935	0.587	-0.0869485	0.164189	-0.000389131
2940	0.588	-0.0869518	0.161171	-0.000385354
2945	0.589	-0.0869551	0.158147	-0.000381608
2950	0.59	-0.0869583	0.155119	-0.000377889
2955	0.591	-0.0869614	0.152086	-0.000374208
2960	0.592	-0.0869645	0.149049	-0.000370555
2965	0.593	-0.0869675	0.14601	-0.000366932
2970	0.594	-0.0869705	0.142967	-0.000363353
2975	0.595	-0.0869734	0.139923	-0.000359803
2980	0.596	-0.0869763	0.136876	-0.000356292
2985	0.597	-0.0869791	0.133829	-0.00035283
2990	0.598	-0.0869819	0.13078	-0.000349411
2995	0.599	-0.0869846	0.127731	-0.000346023
3000	0.6	-0.0869872	0.124683	-0.000342667
3005	0.601	-0.0869898	0.121635	-0.000339358
3010	0.602	-0.0869924	0.118588	-0.000336086
3015	0.603	-0.0869949	0.115542	-0.000332859
3020	0.604	-0.0869974	0.112498	-0.000329667
3025	0.605	-0.0869998	0.109457	-0.00032652
3030	0.606	-0.0870022	0.106418	-0.000323426
3035	0.607	-0.0870045	0.103383	-0.000320374
3040	0.608	-0.0870068	0.100351	-0.000317357
3045	0.609	-0.0870091	0.097323	-0.00031437
3050	0.61	-0.0870113	0.0942995	-0.000311425
3055	0.611	-0.0870135	0.0912808	-0.000308527
3060	0.612	-0.0870156	0.0882672	-0.000305671
3065	0.613	-0.0870177	0.0852592	-0.000302866
3070	0.614	-0.0870197	0.082257	-0.000300115
3075	0.615	-0.0870217	0.0792611	-0.000297402
3080	0.616	-0.0870237	0.0762719	-0.000294725
3085	0.617	-0.0870256	0.0732896	-0.000292081
3090	0.618	-0.0870275	0.0703147	-0.000289489
3095	0.619	-0.0870294	0.0673474	-0.000286944
3100	0.62	-0.0870312	0.0643881	-0.000284443
3105	0.621	-0.087033	0.0614372	-0.000281977
3110	0.622	-0.0870347	0.0584949	-0.000279562
3115	0.623	-0.0870365	0.0555615	-0.000277189
3120	0.624	-0.0870381	0.0526374	-0.000274855
3125	0.625	-0.0870398	0.0497229	-0.000272567
3130	0.626	-0.0870414	0.0468183	-0.000270331
3135	0.627	-0.087043	0.0439238	-0.000268138
3140	0.628	-0.0870445	0.0410397	-0.000265984
3145	0.629	-0.087046	0.0381664	-0.000263868
3150	0.63	-0.0870475	0.035304	-0.000261795
3155	0.631	-0.087049	0.0324529	-0.000259766
3160	0.632	-0.0870504	0.0296133	-0.000257785
3165	0.633	-0.0870518	0.0267854	-0.000255842
3170	0.634	-0.0870532	0.0239696	-0.000253941
3175	0.635	-0.0870545	0.021166	-0.000252079
3180	0.636	-0.0870558	0.0183748	-0.000250258
3185	0.637	-0.0870572	0.0155964	-0.000248479
3190	0.638	-0.0870584	0.0128309	-0.000246735
3195	0.639	-0.0870564	0.0100791	-0.000259568
3200	0.64	-0.0870463	0.0073465	-0.000265847
3205	0.641	-0.0870412	0.00463401	-0.000266328
3210	0.642	-0.0870347	0.00194179	-0.000263905
3215	0.643	-0.0870265	-0.00073002	-0.000261569
3220	0.644	-0.0870172	-0.00338087	-0.000261038
3225	0.645	-0.087007	-0.0060098	-0.000262558
3230	0.646	-0.0869964	-0.00861556	-0.000265412
3235	0.647	-0.0869856	-0.0111969	-0.000268582
3240	0.648	-0.0869748	-0.0137526	-0.000271315
3245	0.649	-0.0869643	-0.0162818	-0.000273317
3250	0.65	-0.0869542	-0.0187836	-0.000274679
3255	0.651	-0.0869444	-0.0212576	-0.000275695
3260	0.652	-0.0869352	-0.023703	-0.000276671
3265	0.653	-0.0869266	-0.0261193	-0.000277772
3270	0.654	-0.0869184	-0.0285058	-0.000279022
3275	0.655	-0.0869109	-0.0308621	-0.000280376
3280	0.656	-0.0869039	-0.0331876	-0.000281733
3285	0.657	-0.0868975	-0.0354818	-0.000283019
3290	0.658	-0.0868916	-0.0377442	-0.000284219
3295	0.659	-0.0868863	-0.0399745	-0.000285338
3300	0.66	-0.0868815	-0.0421724	-0.000286403
3305	0.661	-0.0868771	-0.0443375	-0.000287451
3310	0.662	-0.0868733	-0.0464697	-0.000288503
3315	0.663	-0.0868698	-0.0485686	-0.000289565
3320	0.664	-0.0868668	-0.0506342	-0.000290628
3325	0.665	-0.0868642	-0.0526662	-0.000291694
3330	0.666	-0.086862	-0.0546645	-0.000292749
3335	0.667	-0.0868601	-0.056629	-0.000293791
3340	0.668	-0.0868586	-0.0585597	-0.000294846
3345	0.669	-0.0868575	-0.0604566	-0.000295901
3350	0.67	-0.0868568	-0.0623196	-0.000296951
3355	0.671	-0.0868566	-0.0641487	-0.000298009
3360	0.672	-0.0868568	-0.065944	-0.000299077
3365	0.673	-0.0868574	-0.0677057	-0.00029974
3370	0.674	-0.0868592	-0.0694341	-0.000295656
3375	0.675	-0.0868619	-0.0711312	-0.000286454
3380	0.676	-0.0868649	-0.0727992	-0.000276959
3385	0.677	-0.0868676	-0.0744398	-0.000271743
3390	0.678	-0.0868711	-0.0760536	-0.000271857
3395	0.679	-0.0868781	-0.0776405	-0.000276894
3400	0.68	-0.0868864	-0.0792002	-0.000284802
3405	0.681	-0.0868952	-0.0807321	-0.000293281
3410	0.682	-0.0868995	-0.0822353	-0.000298865
3415	0.683	-0.0869038	-0.0837099	-0.000300953
3420	0.684	-0.0869087	-0.0851564	-0.00030056
3425	0.685	-0.0869138	-0.0865755	-0.00029929
3430	0.686	-0.0869191	-0.0879678	-0.000298444
3435	0.687	-0.0869246	-0.0893338	-0.000298624
3440	0.688	-0.0869303	-0.0906736	-0.000299747
3445	0.689	-0.0869361	-0.0919874	-0.000301314
3450	0.69	-0.086942	-0.0932752	-0.000302788
3455	0.691	-0.0869481	-0.094537	-0.000303784
3460	0.692	-0.0869543	-0.095773	-0.000304202
3465	0.693	-0.0869606	-0.0969832	-0.000304116
3470	0.694	-0.086967	-0.0981679	-0.000303672
3475	0.695	-0.0869734	-0.0993272	-0.000303012
3480	0.696	-0.08698	-0.100461	-0.000302195
3485	0.697	-0.0869866	-0.10157	-0.000301188
3490	0.698	-0.0869933	-0.102653	-0.000299942
3495	0.699	-0.0870003	-0.103711	-0.000298393
3500	0.7	-0.0870077	-0.104743	-0.000296479
3505	0.701	-0.0870155	-0.10575	-0.000294157
3510	0.702	-0.087024	-0.10673	-0.000291395
3515	0.703	-0.0870331	-0.107685	-0.000288166
3520	0.704	-0.0870429	-0.108612	-0.000284435
3525	0.705	-0.0870533	-0.109513	-0.000280165
3530	0.706	-0.0870646	-0.110387	-0.000275325
3535	0.707	-0.0870765	-0.111232	-0.00026987
3540	0.708	-0.0870892	-0.112049	-0.000263729
3545	0.709	-0.0871026	-0.112836	-0.000256844
3550	0.71	-0.0871166	-0.113593	-0.000249167
3555	0.711	-0.0871312	-0.114319	-0.00024065
3560	0.712	-0.0871464	-0.115012	-0.000231232
3565	0.713	-0.087162	-0.115672	-0.000220836
3570	0.714	-0.087178	-0.116297	-0.000209382
3575	0.715	-0.0871942	-0.116885	-0.000196771
3580	0.716	-0.0872105	-0.117436	-0.00018291
3585	0.717	-0.0872268	-0.117946	-0.000167724
3590	0.718	-0.0872429	-0.118414	-0.000151166
3595	0.719	-0.0872588	-0.118838	-0.000133227
3600	0.72	-0.0874028	-0.119214	-0.000116178
3605	0.721	-0.0877168	-0.119535	-0.000104141
3610	0.722	-0.0883274	-0.119796	-9.43281e-005
3615	0.723	-0.0891927	-0.119992	-8.12207e-005
3620	0.724	-0.0902644	-0.120118	-6.27491e-005
3625	0.725	-0.0914907	-0.120174	-3.95538e-005
3630	0.726	-0.0928174	-0.120155	-1.17904e-005
3635	0.727	-0.0942236	-0.120053	5.89034e-005
3640	0.728	-0.0958065	-0.119849	0.000274276
3645	0.729	-0.0976093	-0.119531	0.000664406
3650	0.73	-0.0996002	-0.11909	0.00124837
3655	0.731	-0.101747	-0.118519	0.00204284
3660	0.732	-0.104029	-0.117809	0.00306314
3665	0.733	-0.106444	-0.116951	0.00432347
3670	0.734	-0.108997	-0.11594	0.0058345
3675	0.735	-0.1116	-0.114768	0.00761245
3680	0.736	-0.114208	-0.113428	0.00967202
3685	0.737	-0.116828	-0.111914	0.0120253
3690	0.738	-0.119498	-0.110218	0.0146821
3695	0.739	-0.122414	-0.10833	0.017643
3700	0.74	-0.125626	-0.106244	0.0209134
3705	0.741	-0.129154	-0.103953	0.024501
3710	0.742	-0.133063	-0.101448	0.0284307
3715	0.743	-0.13739	-0.0987209	0.0327243
3720	0.744	-0.142023	-0.0957678	0.0374046
3725	0.745	-0.14685	-0.0925847	0.0424912
3730	0.746	-0.151801	-0.0891691	0.0479989
3735	0.747	-0.15686	-0.08552	0.0539366
3740	0.748	-0.162055	-0.0816376	0.0603076
3745	0.749	-0.167446	-0.0775236	0.0671096
3750	0.75	-0.1731	-0.0731817	0.0743356
3755	0.751	-0.179074	-0.068617	0.0819747
3760	0.752	-0.185399	-0.0638365	0.0900131
3765	0.753	-0.192083	-0.058849	0.0984345
3770	0.754	-0.199113	-0.0536644	0.107221
3775	0.755	-0.206463	-0.0482939	0.116353
3780	0.756	-0.214071	-0.0427514	0.1258
3785	0.757	-0.221818	-0.0370514	0.13553
3790	0.758	-0.229556	-0.0312086	0.145517
3795	0.759	-0.237135	-0.0252377	0.155729
3800	0.76	-0.244434	-0.0191526	0.166139
3805	0.761	-0.251394	-0.0129666	0.176713
3810	0.762	-0.257995	-0.00669185	0.187418
3815	0.763	-0.264267	-0.000339881	0.19822
3820	0.764	-0.270366	0.00607858	0.209079
3825	0.765	-0.276438	0.0125529	0.219954
3830	0.766	-0.282587	0.0190725	0.230811
3835	0.767	-0.288863	0.025627	0.241614
3840	0.768	-0.295268	0.0322059	0.252334
3845	0.769	-0.301773	0.038799	0.262944
3850	0.77	-0.30833	0.0453962	0.273419
3855	0.771	-0.314884	0.0519897	0.283742
3860	0.772	-0.321361	0.0585772	0.293915
3865	0.773	-0.327738	0.0651566	0.303937
3870	0.774	-0.333981	0.071726	0.313809
3875	0.775	-0.340075	0.0782842	0.323531
3880	0.776	-0.346022	0.08483	0.333105
3885	0.777	-0.351833	0.0913627	0.342529
3890	0.778	-0.349389	0.0977967	0.352154
3895	0.779	-0.349095	0.104231	0.361535
3900	0.78	-0.349182	0.110652	0.370751
3905	0.781	-0.349223	0.117057	0.379821
3910	0.782	-0.349242	0.123446	0.388742
3915	0.783	-0.349258	0.12982	0.397517
3920	0.784	-0.349271	0.136178	0.406143
3925	0.785	-0.349281	0.142521	0.414623
3930	0.786	-0.34929	0.148848	0.422957
3935	0.787	-0.349297	0.155159	0.431144
3940	0.788	-0.349304	0.161453	0.439185
3945	0.789	-0.349309	0.167728	0.44708
3950	0.79	-0.349313	0.173983	0.454829
3955	0.791	-0.349316	0.180218	0.462433
3960	0.792	-0.349318	0.186431	0.469891
3965	0.793	-0.349319	0.192621	0.477203
3970	0.794	-0.349319	0.198788	0.48437
3975	0.795	-0.349318	0.204929	0.491391
3980	0.796	-0.349317	0.211045	0.498266
3985	0.797	-0.349315	0.217135	0.504996
3990	0.798	-0.349313	0.223197	0.51158
3995	0.799	-0.349311	0.22923	0.518018
4000	0.8	-0.349309	0.235233	0.52431
4005	0.801	-0.349307	0.241205	0.530456
4010	0.802	-0.349304	0.247145	0.536455
4015	0.803	-0.349302	0.253052	0.542308
4020	0.804	-0.349299	0.258925	0.548014
4025	0.805	-0.349296	0.264761	0.553572
4030	0.806	-0.349294	0.270561	0.558984
4035	0.807	-0.349291	0.276323	0.564247
4040	0.808	-0.349288	0.282045	0.569362
4045	0.809	-0.349285	0.287726	0.574328
4050	0.81	-0.349282	0.293365	0.579146
4055	0.811	-0.349279	0.298961	0.583815
4060	0.812	-0.349277	0.304515	0.588339
4065	0.813	-0.349274	0.310028	0.592718
4070	0.814	-0.349272	0.315499	0.596954
4075	0.815	-0.349269	0.320929	0.60105
4080	0.816	-0.349267	0.326319	0.605007
4085	0.817	-0.349265	0.331668	0.608827
4090	0.818	-0.349262	0.336977	0.612512
4095	0.819	-0.34926	0.342247	0.616062
4100	0.82	-0.349257	0.347477	0.61948
4105	0.821	-0.349255	0.352668	0.622766
4110	0.822	-0.349253	0.35782	0.625922
4115	0.823	-0.349251	0.362933	0.62895
4120	0.824	-0.349248	0.368008	0.631851
4125	0.825	-0.349246	0.373044	0.634625
4130	0.826	-0.349244	0.378041	0.637275
4135	0.827	-0.349242	0.383	0.6398
4140	0.828	-0.34924	0.387922	0.642203
4145	0.829	-0.349238	0.392805	0.644484
4150	0.83	-0.349236	0.39765	0.646644
4155	0.831	-0.349234	0.402457	0.648684
4160	0.832	-0.332144	0.40174	0.644743
4165	0.833	-0.32028	0.401054	0.640461
4170	0.834	-0.3134	0.400402	0.635864
4175	0.835	-0.311058	0.399785	0.630983
4180	0.836	-0.312901	0.399203	0.62584
4185	0.837	-0.31869	0.398653	0.620449
4190	0.838	-0.328261	0.39813	0.614813
4195	0.839	-0.340598	0.397617	0.608974
4200	0.84	-0.352896	0.397079	0.603051
4205	0.841	-0.3496	0.396316	0.597726
4210	0.842	-0.348125	0.395541	0.592258
4215	0.843	-0.349029	0.394779	0.586666
4220	0.844	-0.351919	0.394042	0.581002
4225	0.845	-0.34933	0.39325	0.575614
4230	0.846	-0.349077	0.392509	0.570194
4235	0.847	-0.349152	0.391806	0.564849
4240	0.848	-0.349163	0.391145	0.559619
4245	0.849	-0.34916	0.390537	0.55452
4250	0.85	-0.349159	0.38999	0.549567
4255	0.851	-0.349159	0.389509	0.544777
4260	0.852	-0.34916	0.389099	0.540161
4265	0.853	-0.349162	0.388765	0.535729
4270	0.854	-0.349166	0.388509	0.53149
4275	0.855	-0.349167	0.388333	0.527448
4280	0.856	-0.349169	0.38824	0.523608
4285	0.857	-0.34917	0.388228	0.519971
4290	0.858	-0.34917	0.3883	0.516537
4295	0.859	-0.349171	0.388455	0.513304
4300	0.86	-0.349171	0.388691	0.510269
4305	0.861	-0.34917	0.389008	0.507428
4310	0.862	-0.34917	0.389405	0.504773
4315	0.863	-0.349169	0.389878	0.502299
4320	0.864	-0.349168	0.390425	0.499995
4325	0.865	-0.349168	0.391044	0.497854
4330	0.866	-0.349168	0.391731	0.495864
4335	0.867	-0.349168	0.392483	0.494016
4340	0.868	-0.349167	0.393295	0.492298
4345	0.869	-0.349167	0.394164	0.490698
4350	0.87	-0.349167	0.395085	0.489204
4355	0.871	-0.349167	0.396055	0.487804
4360	0.872	-0.349167	0.397069	0.486487
4365	0.873	-0.349166	0.398123	0.485239
4370	0.874	-0.349166	0.399212	0.48405
4375	0.875	-0.349166	0.400332	0.482907
4380	0.876	-0.349165	0.401479	0.481799
4385	0.877	-0.347776	0.401491	0.479119
4390	0.878	-0.348586	0.401433	0.476189
4395	0.879	-0.351431	0.401425	0.473195
4400	0.88	-0.349312	0.401388	0.470447
4405	0.881	-0.349091	0.4014	0.467657
4410	0.882	-0.349148	0.401445	0.464902
4415	0.883	-0.349148	0.401431	0.462068
4420	0.884	-0.349153	0.401427	0.459255
4425	0.885	-0.349152	0.401428	0.456458
4430	0.886	-0.349151	0.401428	0.453673
4435	0.887	-0.349149	0.401428	0.450899
4440	0.888	-0.349147	0.401428	0.44814
4445	0.889	-0.349145	0.401428	0.445395
4450	0.89	-0.349143	0.401428	0.442664
4455	0.891	-0.349141	0.401428	0.439949
4460	0.892	-0.349139	0.401428	0.437248
4465	0.893	-0.349138	0.401428	0.434563
4470	0.894	-0.349136	0.401428	0.431891
4475	0.895	-0.349134	0.401428	0.429234
4480	0.896	-0.349133	0.401428	0.426589
4485	0.897	-0.349131	0.401428	0.423957
4490	0.898	-0.34913	0.401428	0.421335
4495	0.899	-0.349128	0.401428	0.418723
4500	0.9	-0.349127	0.401428	0.416118
4505	0.901	-0.349125	0.401428	0.41352
4510	0.902	-0.349123	0.401428	0.410926
4515	0.903	-0.349121	0.401428	0.408334
4520	0.904	-0.349119	0.401428	0.405743
4525	0.905	-0.349117	0.401428	0.403151
4530	0.906	-0.349115	0.401428	0.400555
4535	0.907	-0.349113	0.401428	0.397953
4540	0.908	-0.34911	0.401428	0.395343
4545	0.909	-0.349108	0.401428	0.392723
4550	0.91	-0.349106	0.401427	0.390092
4555	0.911	-0.349103	0.401427	0.387446
4560	0.912	-0.3491	0.401427	0.384785
4565	0.913	-0.349097	0.401427	0.382106
4570	0.914	-0.349093	0.401427	0.379408
4575	0.915	-0.34909	0.401427	0.376689
4580	0.916	-0.349086	0.401427	0.373949
4585	0.917	-0.349081	0.401427	0.371185
4590	0.918	-0.349076	0.401427	0.368397
4595	0.919	-0.349069	0.401427	0.365585
4600	0.92	-0.348972	0.401427	0.362752
4605	0.921	-0.34861	0.401426	0.359908
4610	0.922	-0.347853	0.401426	0.357063
4615	0.923	-0.346611	0.401426	0.35422
4620	0.924	-0.344826	0.401426	0.351384
4625	0.925	-0.342446	0.401424	0.348554
4630	0.926	-0.339411	0.401416	0.345729
4635	0.927	-0.335643	0.401399	0.342906
4640	0.928	-0.331041	0.401368	0.340084
4645	0.929	-0.325484	0.401319	0.33726
4650	0.93	-0.318841	0.401244	0.334433
4655	0.931	-0.310996	0.40114	0.331599
4660	0.932	-0.301862	0.401	0.328752
4665	0.933	-0.291403	0.400818	0.325883
4670	0.934	-0.279643	0.40059	0.322981
4675	0.935	-0.266667	0.40031	0.320031
4680	0.936	-0.252571	0.399975	0.317016
4685	0.937	-0.237494	0.399582	0.313921
4690	0.938	-0.221688	0.399128	0.310725
4695	0.939	-0.20538	0.398611	0.307411
4700	0.94	-0.188742	0.398029	0.303965
4705	0.941	-0.171891	0.397379	0.300376
4710	0.942	-0.1549	0.39666	0.296637
4715	0.943	-0.13781	0.395869	0.292743
4720	0.944	-0.120649	0.395005	0.288693
4725	0.945	-0.103441	0.394065	0.284484
4730	0.946	-0.0862188	0.393049	0.280117
4735	0.947	-0.0864863	0.392206	0.275184
4740	0.948	-0.0869704	0.391319	0.270158
4745	0.949	-0.0868827	0.390374	0.265072
4750	0.95	-0.0867807	0.389373	0.259912
4755	0.951	-0.0866998	0.388315	0.254679
4760	0.952	-0.0866352	0.387198	0.249379
4765	0.953	-0.0865807	0.386023	0.244015
4770	0.954	-0.0865337	0.38479	0.238596
4775	0.955	-0.0864935	0.383501	0.23313
4780	0.956	-0.0864577	0.382158	0.227624
4785	0.957	-0.0864257	0.380763	0.222087
4790	0.958	-0.0863971	0.379319	0.21653
4795	0.959	-0.0863727	0.377829	0.210959
4800	0.96	-0.0863536	0.376296	0.205382
4805	0.961	-0.0863382	0.374722	0.199807
4810	0.962	-0.0863259	0.373109	0.194239
4815	0.963	-0.0863168	0.37146	0.188684
4820	0.964	-0.0863106	0.369775	0.183147
4825	0.965	-0.0863069	0.368056	0.177633
4830	0.966	-0.0863055	0.366303	0.172144
4835	0.967	-0.0863061	0.364519	0.166684
4840	0.968	-0.0863072	0.362703	0.161256
4845	0.969	-0.0863094	0.360856	0.15586
4850	0.97	-0.0863127	0.358979	0.1505
4855	0.971	-0.0863169	0.357073	0.145176
4860	0.972	-0.0863219	0.355137	0.13989
4865	0.973	-0.0863278	0.353172	0.134642
4870	0.974	-0.0863344	0.351181	0.129435
4875	0.975	-0.0863416	0.349162	0.124271
4880	0.976	-0.0863493	0.347119	0.11915
4885	0.977	-0.0863576	0.34505	0.114074
4890	0.978	-0.0863664	0.342959	0.109045
4895	0.979	-0.0863756	0.340844	0.104061
4900	0.98	-0.0863852	0.338706	0.0991254
4905	0.981	-0.0863951	0.336548	0.0942367
4910	0.982	-0.0864053	0.334367	0.0893954
4915	0.983	-0.0864157	0.332167	0.0846014
4920	0.984	-0.0864263	0.329946	0.0798546
4925	0.985	-0.0864371	0.327705	0.0751545
4930	0.986	-0.0864481	0.325445	0.0705007
4935	0.987	-0.0864591	0.323166	0.0658927
4940	0.988	-0.0864702	0.320869	0.0613298
4945	0.989	-0.0864813	0.318553	0.0568113
4950	0.99	-0.0864925	0.316218	0.0523366
4955	0.991	-0.0865036	0.313866	0.0479047
4960	0.992	-0.0865147	0.311497	0.0435149
4965	0.993	-0.0865258	0.30911	0.0391664
4970	0.994	-0.0865368	0.306706	0.0348584
4975	0.995	-0.0865477	0.304285	0.0305901
4980	0.996	-0.0865585	0.301848	0.0263608
4985	0.997	-0.0865692	0.299395	0.0221696
4990	0.998	-0.0865798	0.296926	0.0180158
4995	0.999	-0.0865902	0.294441	0.0138988
5000	1	-0.0866005	0.291941	0.00981796
5005	1.001	-0.0866107	0.289426	0.00577266
5010	1.002	-0.0866206	0.286896	0.00176238
5015	1.003	-0.0866305	0.284353	-0.0022134
5020	1.004	-0.0865433	0.282623	-0.00363942
5025	1.005	-0.0865708	0.281559	-0.00297618
5030	1.006	-0.0866294	0.28078	-0.00136777
5035	1.007	-0.0866744	0.279957	0.00018718
5040	1.008	-0.0866847	0.279066	0.00163026
5045	1.009	-0.086692	0.278093	0.00290932
5050	1.01	-0.0867002	0.27702	0.00398044
5055	1.011	-0.0867084	0.275837	0.00480701
5060	1.012	-0.0867164	0.274532	0.00535923
5065	1.013	-0.0867244	0.273099	0.00561376
5070	1.014	-0.0867323	0.27153	0.0055533
5075	1.015	-0.0867402	0.269824	0.00516619
5080	1.016	-0.086748	0.267976	0.004446
5085	1.017	-0.0867561	0.265989	0.00339092
5090	1.018	-0.0867633	0.263862	0.00200374
5095	1.019	-0.0867702	0.261599	0.000291092
5100	1.02	-0.0867769	0.259203	-0.00173689
5105	1.021	-0.0867194	0.257227	-0.00240525
5110	1.022	-0.0867371	0.255582	-0.00198949
5115	1.023	-0.0867713	0.254065	-0.00110358
5120	1.024	-0.0867996	0.252488	-0.00031017
5125	1.025	-0.0868128	0.250776	0.000159153
5130	1.026	-0.0868175	0.248925	0.000289914
5135	1.027	-0.0868223	0.246931	7.32162e-005
5140	1.028	-0.0868274	0.244795	-0.000494302
5145	1.029	-0.0868103	0.242707	-0.00083503
5150	1.03	-0.086814	0.240684	-0.000900312
5155	1.031	-0.086824	0.238698	-0.000774562
5160	1.032	-0.0868348	0.236706	-0.000587793
5165	1.033	-0.086844	0.234676	-0.000442933
5170	1.034	-0.0868505	0.232592	-0.000383794
5175	1.035	-0.0868549	0.230458	-0.000400599
5180	1.036	-0.0868581	0.228289	-0.000454521
5185	1.037	-0.0868615	0.226095	-0.000507305
5190	1.038	-0.0868654	0.223887	-0.000536701
5195	1.039	-0.08687	0.221664	-0.000539056
5200	1.04	-0.086875	0.219425	-0.000523274
5205	1.041	-0.08688	0.217166	-0.000502005
5210	1.042	-0.0868848	0.214883	-0.000484981
5215	1.043	-0.0868892	0.212578	-0.000476199
5220	1.044	-0.0868934	0.210249	-0.000474636
5225	1.045	-0.0868974	0.207899	-0.000476702
5230	1.046	-0.0869014	0.205529	-0.000478755
5235	1.047	-0.0869053	0.203141	-0.000478632
5240	1.048	-0.0869093	0.200735	-0.000475932
5245	1.049	-0.0869132	0.198311	-0.000471454
5250	1.05	-0.0869171	0.19587	-0.000466396
5255	1.051	-0.0869209	0.193412	-0.000461695
5260	1.052	-0.0869246	0.190937	-0.000457737
5265	1.053	-0.0869283	0.188445	-0.000454446
5270	1.054	-0.0869319	0.185938	-0.000451502
5275	1.055	-0.0869354	0.183415	-0.00044856
5280	1.056	-0.0869388	0.180878	-0.000445418
5285	1.057	-0.0869422	0.178327	-0.000442029
5290	1.058	-0.0869456	0.175762	-0.000438462
5295	1.059	-0.0869488	0.173184	-0.000434833
5300	1.06	-0.0869521	0.170593	-0.000431241
5305	1.061	-0.0869553	0.16799	-0.000427719
5310	1.062	-0.0869584	0.165375	-0.000424271
5315	1.063	-0.0869615	0.162749	-0.000420866
5320	1.064	-0.0869645	0.160113	-0.000417463
5325	1.065	-0.0869674	0.157466	-0.000414041
5330	1.066	-0.0869704	0.154809	-0.000410604
5335	1.067	-0.0869732	0.152143	-0.000407167
5340	1.068	-0.086976	0.149469	-0.000403738
5345	1.069	-0.0869788	0.146786	-0.000400325
5350	1.07	-0.0869815	0.144095	-0.000396947
5355	1.071	-0.0869842	0.141397	-0.000393588
5360	1.072	-0.0869868	0.138692	-0.000390254
5365	1.073	-0.0869894	0.13598	-0.000386935
5370	1.074	-0.0869919	0.133263	-0.000383628
5375	1.075	-0.0869944	0.13054	-0.000380336
5380	1.076	-0.0869968	0.127813	-0.000377065
5385	1.077	-0.0869993	0.12508	-0.00037382
5390	1.078	-0.0870016	0.122344	-0.000370603
5395	1.079	-0.0870039	0.119604	-0.000367407
5400	1.08	-0.0870062	0.11686	-0.000364243
5405	1.081	-0.0870084	0.114114	-0.000361096
5410	1.082	-0.0870106	0.111366	-0.000357981
5415	1.083	-0.0870127	0.108615	-0.000354895
5420	1.084	-0.0870149	0.105863	-0.000351844
5425	1.085	-0.0870169	0.10311	-0.000348818
5430	1.086	-0.0870189	0.100357	-0.000345816
5435	1.087	-0.0870209	0.0976029	-0.000342849
5440	1.088	-0.0870229	0.0948491	-0.00033991
5445	1.089	-0.0870248	0.0920959	-0.000337014
5450	1.09	-0.0870267	0.0893435	-0.000334149
5455	1.091	-0.0870285	0.0865926	-0.000331316
5460	1.092	-0.0870303	0.0838433	-0.000328513
5465	1.093	-0.0870321	0.0810961	-0.000325735
5470	1.094	-0.0870339	0.0783514	-0.000322988
5475	1.095	-0.0870356	0.0756095	-0.000320282
5480	1.096	-0.0870372	0.0728708	-0.000317615
5485	1.097	-0.0870388	0.0701356	-0.000314992
5490	1.098	-0.0870405	0.0674043	-0.000312411
5495	1.099	-0.087042	0.0646773	-0.000309848
5500	1.1	-0.0870436	0.0619549	-0.000307324
5505	1.101	-0.0870451	0.0592375	-0.000304825
5510	1.102	-0.0870466	0.0565252	-0.00030237
5515	1.103	-0.087048	0.0538186	-0.000299959
5520	1.104	-0.0870494	0.0511178	-0.000297591
5525	1.105	-0.0870508	0.0484233	-0.000295254
5530	1.106	-0.0870521	0.0457353	-0.00029295
5535	1.107	-0.0870535	0.0430542	-0.000290677
5540	1.108	-0.0870548	0.0403802	-0.000288445
5545	1.109	-0.087056	0.0377136	-0.000286243
5550	1.11	-0.0870573	0.0350547	-0.000284087
5555	1.111	-0.0870585	0.0324038	-0.000281972
5560	1.112	-0.0870597	0.0297612	-0.000279887
5565	1.113	-0.0870608	0.0271271	-0.000277839
5570	1.114	-0.0870619	0.0245019	-0.000275831
5575	1.115	-0.0870631	0.0218857	-0.000273857
5580	1.116	-0.0870641	0.0192788	-0.000271927
5585	1.117	-0.0870652	0.0166816	-0.000270037
5590	1.118	-0.0870662	0.0140941	-0.000268181
5595	1.119	-0.0870642	0.0115172	-0.000279948
5600	1.12	-0.0870545	0.00895601	-0.000285637
5605	1.121	-0.0870493	0.00641153	-0.000285922
5610	1.122	-0.0870428	0.00388392	-0.000283508
5615	1.123	-0.0870346	0.00137336	-0.000281166
5620	1.124	-0.0870252	-0.00111958	-0.000280516
5625	1.125	-0.087015	-0.00359394	-0.00028179
5630	1.126	-0.0870044	-0.00604852	-0.000284317
5635	1.127	-0.0869934	-0.00848203	-0.000287509
5640	1.128	-0.0869825	-0.0108932	-0.000290284
5645	1.129	-0.0869718	-0.0132811	-0.00029224
5650	1.13	-0.0869616	-0.015645	-0.000293458
5655	1.131	-0.0869518	-0.0179841	-0.000294249
5660	1.132	-0.0869426	-0.0202978	-0.000294983
5665	1.133	-0.0869341	-0.0225856	-0.000295853
5670	1.134	-0.0869262	-0.0248468	-0.000296919
5675	1.135	-0.0869191	-0.0270809	-0.000298112
5680	1.136	-0.0869128	-0.0292872	-0.000299316
5685	1.137	-0.0869073	-0.0314652	-0.000300464
5690	1.138	-0.0869026	-0.0336145	-0.000301517
5695	1.139	-0.0868987	-0.0357345	-0.00030248
5700	1.14	-0.0868956	-0.037825	-0.000303388
5705	1.141	-0.0868933	-0.0398855	-0.00030427
5710	1.142	-0.0868917	-0.0419158	-0.000305151
5715	1.143	-0.0868909	-0.0439156	-0.000306036
5720	1.144	-0.0868907	-0.0458846	-0.000306922
5725	1.145	-0.0868911	-0.0478226	-0.000307805
5730	1.146	-0.0868922	-0.0497294	-0.000308685
5735	1.147	-0.0868938	-0.0516048	-0.000309555
5740	1.148	-0.0868959	-0.0534488	-0.000310414
5745	1.149	-0.0868984	-0.0552611	-0.000311267
5750	1.15	-0.0869015	-0.0570418	-0.000312123
5755	1.151	-0.0869049	-0.0587907	-0.000312977
5760	1.152	-0.0869086	-0.0605078	-0.00031383
5765	1.153	-0.0869127	-0.0621932	-0.000314651
5770	1.154	-0.0869171	-0.0638467	-0.000315385
5775	1.155	-0.0869218	-0.0654684	-0.000315973
5780	1.156	-0.0869272	-0.0670584	-0.000312744
5785	1.157	-0.0869334	-0.0686179	-0.000304604
5790	1.158	-0.0869398	-0.0701491	-0.000293237
5795	1.159	-0.0869459	-0.0716537	-0.000284736
5800	1.16	-0.0869518	-0.0731325	-0.00028116
5805	1.161	-0.0869578	-0.074585	-0.000281652
5810	1.162	-0.086967	-0.0760108	-0.0002851
5815	1.163	-0.0869774	-0.0774092	-0.000289696
5820	1.164	-0.0869886	-0.0787795	-0.000293919
5825	1.165	-0.0869976	-0.0801211	-0.000295912
5830	1.166	-0.0870051	-0.0814333	-0.000294706
5835	1.167	-0.0870132	-0.082716	-0.000290945
5840	1.168	-0.087022	-0.0839692	-0.000285833
5845	1.169	-0.0870316	-0.0851928	-0.000280427
5850	1.17	-0.0870419	-0.0863866	-0.000275257
5855	1.171	-0.0870529	-0.08755	-0.000270297
5860	1.172	-0.0870646	-0.0886822	-0.000265191
5865	1.173	-0.0870771	-0.0897824	-0.000259503
5870	1.174	-0.0870904	-0.0908497	-0.000252923
5875	1.175	-0.0871044	-0.0918831	-0.000245316
5880	1.176	-0.0871189	-0.0928817	-0.000236695
5885	1.177	-0.0871341	-0.0938444	-0.000227131
5890	1.178	-0.0871498	-0.0947699	-0.000216652
5895	1.179	-0.0871658	-0.095657	-0.000205226
5900	1.18	-0.087182	-0.0965041	-0.000192757
5905	1.181	-0.0871985	-0.0973095	-0.000179135
5910	1.182	-0.0872149	-0.0980714	-0.000164251
5915	1.183	-0.0872311	-0.0987877	-0.000148012
5920	1.184	-0.0872472	-0.0994565	-0.000130393
5925	1.185	-0.0872628	-0.100075	-0.000111431
5930	1.186	-0.0873975	-0.100639	-9.53618e-005
5935	1.187	-0.0876404	-0.101143	-8.25415e-005
5940	1.188	-0.0879911	-0.101582	-6.8491e-005
5945	1.189	-0.0884549	-0.101953	-5.08609e-005
5950	1.19	-0.0890347	-0.102251	-2.95669e-005
5955	1.191	-0.0897274	-0.102474	-3.81008e-006
5960	1.192	-0.0905126	-0.102614	4.33151e-005
5965	1.193	-0.0913697	-0.10266	0.000131985
5970	1.194	-0.0922845	-0.102603	0.000282839
5975	1.195	-0.0932526	-0.102434	0.000516855
5980	1.196	-0.0944089	-0.102133	0.000929513
5985	1.197	-0.0958759	-0.101688	0.00156232
5990	1.198	-0.0976778	-0.101089	0.00243359
5995	1.199	-0.0998124	-0.100328	0.00355753
6000	1.2	-0.102277	-0.0993977	0.00494607
6005	1.201	-0.105073	-0.09829	0.00661125
6010	1.202	-0.10821	-0.0969968	0.00856516
6015	1.203	-0.111603	-0.0955104	0.0108254
6020	1.204	-0.115026	-0.093824	0.0134183
6025	1.205	-0.118354	-0.0919303	0.016365
6030	1.206	-0.12161	-0.0898219	0.0196763
6035	1.207	-0.125208	-0.08749	0.0233543
6040	1.208	-0.129226	-0.0849268	0.02742
6045	1.209	-0.133602	-0.0821268	0.0318942
6050	1.21	-0.138251	-0.0790864	0.0367949
6055	1.211	-0.1431	-0.0758032	0.042136
6060	1.212	-0.148107	-0.0722768	0.047926
6065	1.213	-0.153265	-0.068508	0.0541681
6070	1.214	-0.158604	-0.0644991	0.0608597
6075	1.215	-0.164168	-0.0602542	0.0679934
6080	1.216	-0.170009	-0.0557789	0.0755573
6085	1.217	-0.176163	-0.0510807	0.0835357
6090	1.218	-0.182654	-0.0461685	0.0919104
6095	1.219	-0.189484	-0.0410526	0.100661
6100	1.22	-0.196639	-0.0357447	0.109765
6105	1.221	-0.204097	-0.0302574	0.1192
6110	1.222	-0.211795	-0.0246057	0.128929
6115	1.223	-0.219614	-0.0188051	0.138922
6120	1.224	-0.22741	-0.0128712	0.149146
6125	1.225	-0.235033	-0.00681912	0.159571
6130	1.226	-0.242362	-0.000663389	0.170166
6135	1.227	-0.249341	0.00558253	0.180898
6140	1.228	-0.255938	0.0119062	0.191733
6145	1.229	-0.262213	0.018296	0.202636
6150	1.23	-0.268325	0.024741	0.213566
6155	1.231	-0.274417	0.0312307	0.224484
6160	1.232	-0.280588	0.0377547	0.235355
6165	1.233	-0.286883	0.044303	0.246145
6170	1.234	-0.293301	0.0508652	0.256826
6175	1.235	-0.299808	0.0574315	0.267373
6180	1.236	-0.30636	0.0639925	0.277762
6185	1.237	-0.312868	0.0705458	0.287995
6190	1.238	-0.319288	0.077089	0.298074
6195	1.239	-0.325592	0.0836203	0.307998
6200	1.24	-0.331757	0.0901381	0.317767
6205	1.241	-0.33778	0.0966412	0.327384
6210	1.242	-0.343666	0.103129	0.336846
6215	1.243	-0.349429	0.109599	0.346154
6220	1.244	-0.349296	0.115992	0.355557
6225	1.245	-0.349146	0.122362	0.364806
6230	1.246	-0.349176	0.128712	0.373893
6235	1.247	-0.349205	0.135042	0.382828
6240	1.248	-0.349229	0.141353	0.391611
6245	1.249	-0.349247	0.147645	0.400244
6250	1.25	-0.349261	0.153918	0.408726
6255	1.251	-0.349273	0.160173	0.417057
6260	1.252	-0.349283	0.166407	0.425239
6265	1.253	-0.34929	0.172622	0.433272
6270	1.254	-0.349297	0.178816	0.441155
6275	1.255	-0.349303	0.184988	0.44889
6280	1.256	-0.349307	0.191137	0.456476
6285	1.257	-0.34931	0.197262	0.463914
6290	1.258	-0.349312	0.203362	0.471202
6295	1.259	-0.349313	0.209436	0.478343
6300	1.26	-0.349314	0.215483	0.485335
6305	1.261	-0.349313	0.221502	0.492179
6310	1.262	-0.349312	0.227492	0.498875
6315	1.263	-0.349311	0.233451	0.505423
6320	1.264	-0.349309	0.23938	0.511823
6325	1.265	-0.349307	0.245276	0.518074
6330	1.266	-0.349305	0.251139	0.524176
6335	1.267	-0.349303	0.256968	0.530131
6340	1.268	-0.3493	0.262762	0.535936
6345	1.269	-0.349298	0.268519	0.541593
6350	1.27	-0.349295	0.274238	0.5471
6355	1.271	-0.349292	0.279918	0.552459
6360	1.272	-0.34929	0.285558	0.557667
6365	1.273	-0.349287	0.291156	0.562726
6370	1.274	-0.349284	0.296712	0.567635
6375	1.275	-0.349282	0.302224	0.572394
6380	1.276	-0.349279	0.307694	0.577005
6385	1.277	-0.349277	0.31312	0.581471
6390	1.278	-0.349274	0.318505	0.585793
6395	1.279	-0.349272	0.323848	0.589974
6400	1.28	-0.349269	0.32915	0.594014
6405	1.281	-0.349267	0.334411	0.597917
6410	1.282	-0.349264	0.339632	0.601682
6415	1.283	-0.349262	0.344812	0.605313
6420	1.284	-0.349259	0.349952	0.60881
6425	1.285	-0.349257	0.355053	0.612175
6430	1.286	-0.349255	0.360114	0.615409
6435	1.287	-0.349253	0.365136	0.618514
6440	1.288	-0.34925	0.370119	0.621491
6445	1.289	-0.349248	0.375063	0.624342
6450	1.29	-0.349246	0.379968	0.627067
6455	1.291	-0.349244	0.384835	0.629667
6460	1.292	-0.349241	0.389663	0.632144
6465	1.293	-0.349239	0.394453	0.634499
6470	1.294	-0.349237	0.399205	0.636733
6475	1.295	-0.349235	0.403918	0.638846
6480	1.296	-0.327401	0.401813	0.633557
6485	1.297	-0.311022	0.399736	0.627896
6490	1.298	-0.299977	0.397694	0.621889
6495	1.299	-0.293821	0.39569	0.615572
6500	1.3	-0.292184	0.393723	0.608971
6505	1.301	-0.294828	0.391794	0.602108
6510	1.302	-0.301626	0.389909	0.595
6515	1.303	-0.3125	0.388069	0.587656
6520	1.304	-0.326687	0.386272	0.580135
6525	1.305	-0.340755	0.384489	0.572625
6530	1.306	-0.352212	0.382701	0.565278
6535	1.307	-0.349475	0.380773	0.558642
6540	1.308	-0.346807	0.378882	0.552131
6545	1.309	-0.345491	0.37706	0.545733
6550	1.31	-0.345764	0.375331	0.539473
6555	1.311	-0.347585	0.373707	0.533377
6560	1.312	-0.350424	0.372195	0.52749
6565	1.313	-0.349235	0.370746	0.522046
6570	1.314	-0.349075	0.369426	0.516845
6575	1.315	-0.349113	0.368231	0.511935
6580	1.316	-0.349125	0.367165	0.507336
6585	1.317	-0.349131	0.36623	0.503052
6590	1.318	-0.349137	0.365429	0.499085
6595	1.319	-0.349144	0.364761	0.495437
6600	1.32	-0.34915	0.364227	0.492103
6605	1.321	-0.349154	0.363823	0.489079
6610	1.322	-0.349157	0.363549	0.486356
6615	1.323	-0.34916	0.363402	0.483924
6620	1.324	-0.349162	0.363376	0.481772
6625	1.325	-0.349164	0.363469	0.479886
6630	1.326	-0.349165	0.363675	0.478251
6635	1.327	-0.349166	0.36399	0.47685
6640	1.328	-0.349167	0.364407	0.475666
6645	1.329	-0.349167	0.364921	0.474681
6650	1.33	-0.349168	0.365526	0.473876
6655	1.331	-0.349168	0.366214	0.473232
6660	1.332	-0.349169	0.36698	0.472729
6665	1.333	-0.34917	0.367817	0.472349
6670	1.334	-0.34917	0.368719	0.472072
6675	1.335	-0.34917	0.369678	0.47188
6680	1.336	-0.349171	0.370688	0.471753
6685	1.337	-0.349171	0.371742	0.471674
6690	1.338	-0.349171	0.372836	0.471626
6695	1.339	-0.349171	0.373963	0.471593
6700	1.34	-0.349171	0.375117	0.471559
6705	1.341	-0.349171	0.376293	0.47151
6710	1.342	-0.34917	0.377485	0.471432
6715	1.343	-0.349169	0.378693	0.471321
6720	1.344	-0.349168	0.379913	0.471173
6725	1.345	-0.349167	0.381145	0.470987
6730	1.346	-0.349165	0.382386	0.47076
6735	1.347	-0.349164	0.383635	0.47049
6740	1.348	-0.349163	0.38489	0.470174
6745	1.349	-0.349161	0.386151	0.46981
6750	1.35	-0.34916	0.387414	0.469396
6755	1.351	-0.349158	0.38868	0.46893
6760	1.352	-0.349156	0.389947	0.46841
6765	1.353	-0.349155	0.391212	0.467833
6770	1.354	-0.349153	0.392475	0.467198
6775	1.355	-0.349151	0.393735	0.466503
6780	1.356	-0.349149	0.39499	0.465745
6785	1.357	-0.349147	0.396239	0.464924
6790	1.358	-0.349144	0.397481	0.464037
6795	1.359	-0.349142	0.398714	0.463082
6800	1.36	-0.34914	0.399937	0.462058
6805	1.361	-0.349137	0.401149	0.460962
6810	1.362	-0.349135	0.402348	0.459794
6815	1.363	-0.344339	0.401536	0.455891
6820	1.364	-0.341951	0.400736	0.451804
6825	1.365	-0.341771	0.399952	0.447549
6830	1.366	-0.343546	0.399184	0.443143
6835	1.367	-0.346771	0.398431	0.438612
6840	1.368	-0.350536	0.397685	0.434005
6845	1.369	-0.349257	0.396889	0.429585
6850	1.37	-0.348888	0.396109	0.42511
6855	1.371	-0.349421	0.395352	0.420599
6860	1.372	-0.349124	0.394606	0.416142
6865	1.373	-0.349086	0.393885	0.411705
6870	1.374	-0.349088	0.393194	0.407309
6875	1.375	-0.349083	0.392535	0.402967
6880	1.376	-0.349078	0.391912	0.398686
6885	1.377	-0.349072	0.391328	0.394473
6890	1.378	-0.349047	0.390785	0.390335
6895	1.379	-0.348829	0.390281	0.386283
6900	1.38	-0.348303	0.389818	0.382324
6905	1.381	-0.347386	0.389393	0.378463
6910	1.382	-0.346039	0.389005	0.374702
6915	1.383	-0.344243	0.388655	0.37104
6920	1.384	-0.341978	0.38834	0.367475
6925	1.385	-0.339198	0.388058	0.364006
6930	1.386	-0.335831	0.387806	0.360629
6935	1.387	-0.33177	0.387579	0.357343
6940	1.388	-0.326882	0.387371	0.354144
6945	1.389	-0.321024	0.387176	0.351027
6950	1.39	-0.314056	0.386987	0.347987
6955	1.391	-0.305865	0.386797	0.345016
6960	1.392	-0.296383	0.386599	0.342102
6965	1.393	-0.285597	0.386386	0.33923
6970	1.394	-0.273554	0.386151	0.336384
6975	1.395	-0.260359	0.385888	0.333541
6980	1.396	-0.246093	0.385593	0.330682
6985	1.397	-0.230949	0.385259	0.327784
6990	1.398	-0.215172	0.384884	0.324822
6995	1.399	-0.198964	0.384463	0.321774
7000	1.4	-0.182476	0.383992	0.318624
7005	1.401	-0.165805	0.383467	0.315356
7010	1.402	-0.149008	0.382884	0.31196
7015	1.403	-0.13212	0.382239	0.308426
7020	1.404	-0.115165	0.381528	0.304747
7025	1.405	-0.0981703	0.380748	0.300919
7030	1.406	-0.081169	0.379897	0.296937
7035	1.407	-0.0862795	0.379292	0.292289
7040	1.408	-0.0870976	0.378584	0.287656
7045	1.409	-0.0868806	0.377806	0.282958
7050	1.41	-0.0867475	0.376966	0.278164
7055	1.411	-0.0866782	0.376064	0.273276
7060	1.412	-0.0866214	0.375096	0.268297
7065	1.413	-0.0865714	0.374061	0.263231
7070	1.414	-0.0865281	0.372961	0.258085
7075	1.415	-0.0864906	0.371797	0.252865
7080	1.416	-0.0864569	0.37057	0.247581
7085	1.417	-0.0864266	0.369283	0.242241
7090	1.418	-0.0863986	0.36794	0.236854
7095	1.419	-0.086377	0.366543	0.231429
7100	1.42	-0.0863593	0.365094	0.225973
7105	1.421	-0.0863449	0.363597	0.220494
7110	1.422	-0.0863337	0.362054	0.215
7115	1.423	-0.0863254	0.360466	0.209497
7120	1.424	-0.08632	0.358837	0.203991
7125	1.425	-0.0863171	0.357166	0.198487
7130	1.426	-0.0863165	0.355457	0.19299
7135	1.427	-0.0863172	0.353709	0.187506
7140	1.428	-0.0863187	0.351925	0.182036
7145	1.429	-0.0863213	0.350106	0.176586
7150	1.43	-0.0863249	0.348251	0.171158
7155	1.431	-0.0863294	0.346363	0.165756
7160	1.432	-0.0863348	0.344444	0.160382
7165	1.433	-0.0863409	0.342493	0.15504
7170	1.434	-0.0863476	0.340514	0.149733
7175	1.435	-0.0863549	0.338507	0.144465
7180	1.436	-0.0863628	0.336474	0.139238
7185	1.437	-0.0863711	0.334416	0.134055
7190	1.438	-0.0863799	0.332335	0.128917
7195	1.439	-0.0863891	0.330231	0.123826
7200	1.44	-0.0863987	0.328106	0.118784
7205	1.441	-0.0864086	0.32596	0.113792
7210	1.442	-0.0864187	0.323794	0.10885
7215	1.443	-0.086429	0.32161	0.10396
7220	1.444	-0.0864396	0.319407	0.0991208
7225	1.445	-0.0864503	0.317186	0.0943334
7230	1.446	-0.0864611	0.314948	0.0895976
7235	1.447	-0.086472	0.312693	0.0849129
7240	1.448	-0.0864829	0.310422	0.0802789
7245	1.449	-0.0864939	0.308135	0.0756951
7250	1.45	-0.0865049	0.305832	0.0711607
7255	1.451	-0.0865159	0.303514	0.066675
7260	1.452	-0.0865268	0.30118	0.0622369
7265	1.453	-0.0865377	0.298831	0.0578456
7270	1.454	-0.0865484	0.296468	0.0535001
7275	1.455	-0.0865591	0.29409	0.0491991
7280	1.456	-0.0865697	0.291697	0.0449418
7285	1.457	-0.0865802	0.28929	0.040727
7290	1.458	-0.0865906	0.286869	0.0365537
7295	1.459	-0.0866008	0.284434	0.0324208
7300	1.46	-0.0866108	0.281985	0.0283272
7305	1.461	-0.0866208	0.279522	0.0242721
7310	1.462	-0.0866305	0.277046	0.0202545
7315	1.463	-0.0866401	0.274557	0.0162734
7320	1.464	-0.0866496	0.272055	0.0123281
7325	1.465	-0.0866588	0.269541	0.00841783
7330	1.466	-0.0866679	0.267014	0.00454184
7335	1.467	-0.0866769	0.264474	0.000699508
7340	1.468	-0.0866856	0.261923	-0.00310975
7345	1.469	-0.0865858	0.260288	-0.00407041
7350	1.47	-0.0866245	0.259316	-0.00295717
7355	1.471	-0.0866897	0.258568	-0.00109441
7360	1.472	-0.0867256	0.257773	0.000705708
7365	1.473	-0.0867346	0.256912	0.0023836
7370	1.474	-0.0867411	0.255965	0.00388718
7375	1.475	-0.0867483	0.25492	0.00517253
7380	1.476	-0.0867553	0.253762	0.00620315
7385	1.477	-0.0867623	0.252482	0.00694944
7390	1.478	-0.0867693	0.251072	0.00738834
7395	1.479	-0.0867762	0.249527	0.00750289
7400	1.48	-0.0867831	0.247843	0.00728183
7405	1.481	-0.0867899	0.246018	0.00671919
7410	1.482	-0.0867971	0.244053	0.00581362
7415	1.483	-0.0868033	0.241948	0.00456844
7420	1.484	-0.0868093	0.239707	0.00299079
7425	1.485	-0.0868151	0.237334	0.00109131
7430	1.486	-0.0868207	0.234834	-0.00111632
7435	1.487	-0.0867692	0.232699	-0.00213892
7440	1.488	-0.0867775	0.230913	-0.00203346
7445	1.489	-0.0868061	0.229309	-0.00130245
7450	1.49	-0.0868339	0.227701	-0.000506889
7455	1.491	-0.0868514	0.225971	-7.78098e-006
7460	1.492	-0.0868559	0.224111	0.000174415
7465	1.493	-0.0868597	0.22212	2.96645e-005
7470	1.494	-0.0868639	0.219995	-0.000446647
7475	1.495	-0.0868484	0.217906	-0.000742258
7480	1.496	-0.0868513	0.215871	-0.000808817
7485	1.497	-0.0868596	0.213866	-0.000711715
7490	1.498	-0.0868687	0.211858	-0.000558146
7495	1.499	-0.0868766	0.209818	-0.000435502
7500	1.5	-0.0868824	0.207732	-0.000382864
7505	1.501	-0.0868863	0.205604	-0.000394245
7510	1.502	-0.0868892	0.203445	-0.000438388
7515	1.503	-0.0868922	0.201264	-0.000482892
7520	1.504	-0.0868956	0.19907	-0.000508369
7525	1.505	-0.0868997	0.196863	-0.000511074
7530	1.506	-0.086904	0.194642	-0.000498093
7535	1.507	-0.0869083	0.192404	-0.000480035
7540	1.508	-0.0869125	0.190146	-0.000465223
7545	1.509	-0.0869164	0.187867	-0.000457237
7550	1.51	-0.08692	0.185569	-0.000455375
7555	1.511	-0.0869235	0.183253	-0.000456694
7560	1.512	-0.086927	0.18092	-0.000458141
7565	1.513	-0.0869305	0.178571	-0.00045783
7570	1.514	-0.0869339	0.176207	-0.00045535
7575	1.515	-0.0869374	0.173828	-0.000451335
7580	1.516	-0.0869408	0.171434	-0.000446778
7585	1.517	-0.0869442	0.169026	-0.000442494
7590	1.518	-0.0869474	0.166603	-0.000438834
7595	1.519	-0.0869507	0.164166	-0.000435747
7600	1.52	-0.0869538	0.161717	-0.000432956
7605	1.521	-0.0869569	0.159254	-0.000430168
7610	1.522	-0.08696	0.15678	-0.000427219
7615	1.523	-0.0869629	0.154293	-0.000424059
7620	1.524	-0.0869659	0.151796	-0.000420754
7625	1.525	-0.0869688	0.149288	-0.000417397
7630	1.526	-0.0869717	0.146769	-0.000414064
7635	1.527	-0.0869745	0.14424	-0.000410795
7640	1.528	-0.0869773	0.141702	-0.000407592
7645	1.529	-0.08698	0.139155	-0.000404423
7650	1.53	-0.0869827	0.136599	-0.000401258
7655	1.531	-0.0869853	0.134035	-0.000398081
7660	1.532	-0.0869879	0.131464	-0.000394905
7665	1.533	-0.0869904	0.128885	-0.00039173
7670	1.534	-0.0869929	0.1263	-0.000388565
7675	1.535	-0.0869954	0.123708	-0.000385406
7680	1.536	-0.0869978	0.121111	-0.000382272
7685	1.537	-0.0870002	0.118508	-0.000379161
7690	1.538	-0.0870025	0.1159	-0.000376076
7695	1.539	-0.0870048	0.113287	-0.000373006
7700	1.54	-0.087007	0.110671	-0.000369957
7705	1.541	-0.0870092	0.10805	-0.000366921
7710	1.542	-0.0870114	0.105427	-0.000363911
7715	1.543	-0.0870136	0.1028	-0.000360923
7720	1.544	-0.0870156	0.100171	-0.000357961
7725	1.545	-0.0870177	0.0975398	-0.000355022
7730	1.546	-0.0870197	0.094907	-0.000352106
7735	1.547	-0.0870217	0.0922729	-0.000349216
7740	1.548	-0.0870237	0.089638	-0.000346352
7745	1.549	-0.0870256	0.0870027	-0.000343514
7750	1.55	-0.0870274	0.0843672	-0.000340699
7755	1.551	-0.0870293	0.081732	-0.00033792
7760	1.552	-0.0870311	0.0790975	-0.000335172
7765	1.553	-0.0870329	0.0764641	-0.000332461
7770	1.554	-0.0870346	0.0738321	-0.000329778
7775	1.555	-0.0870363	0.0712018	-0.000327128
7780	1.556	-0.087038	0.0685737	-0.000324509
7785	1.557	-0.0870396	0.0659481	-0.000321925
7790	1.558	-0.0870412	0.0633253	-0.000319365
7795	1.559	-0.0870428	0.0607057	-0.000316826
7800	1.56	-0.0870443	0.0580896	-0.000314323
7805	1.561	-0.0870458	0.0554774	-0.000311851
7810	1.562	-0.0870473	0.0528694	-0.000309433
7815	1.563	-0.0870488	0.0502659	-0.000307043
7820	1.564	-0.0870502	0.0476672	-0.000304693
7825	1.565	-0.0870516	0.0450737	-0.000302369
7830	1.566	-0.087053	0.0424856	-0.000300078
7835	1.567	-0.0870543	0.0399033	-0.000297817
7840	1.568	-0.0870556	0.0373271	-0.000295584
7845	1.569	-0.0870569	0.0347572	-0.000293385
7850	1.57	-0.0870581	0.0321939	-0.000291236
7855	1.571	-0.0870594	0.0296376	-0.000289125
7860	1.572	-0.0870605	0.0270885	-0.000287055
7865	1.573	-0.0870617	0.0245468	-0.000285012
7870	1.574	-0.0870629	0.022013	-0.000282992
7875	1.575	-0.087064	0.0194871	-0.000281007
7880	1.576	-0.087065	0.0169695	-0.000279064
7885	1.577	-0.0870661	0.0144604	-0.000277159
7890	1.578	-0.0870671	0.0119601	-0.00027529
7895	1.579	-0.0870642	0.00946928	-0.00028652
7900	1.58	-0.0870532	0.0069929	-0.000291922
7905	1.581	-0.0870466	0.00453192	-0.000292175
7910	1.582	-0.0870387	0.00208651	-0.000289862
7915	1.583	-0.0870295	-0.000343105	-0.00028764
7920	1.584	-0.0870195	-0.00275638	-0.000287025
7925	1.585	-0.0870089	-0.00515238	-0.000288231
7930	1.586	-0.0869981	-0.00752991	-0.000290621
7935	1.587	-0.0869873	-0.00988776	-0.000293311
7940	1.588	-0.0869767	-0.0122248	-0.000295622
7945	1.589	-0.0869665	-0.0145402	-0.000297279
7950	1.59	-0.0869567	-0.0168331	-0.000298382
7955	1.591	-0.0869473	-0.0191028	-0.000299183
7960	1.592	-0.0869385	-0.0213488	-0.000299947
7965	1.593	-0.0869302	-0.0235704	-0.000300834
7970	1.594	-0.0869225	-0.0257671	-0.000301869
7975	1.595	-0.0869154	-0.0279381	-0.000302985
7980	1.596	-0.0869089	-0.030083	-0.000304099
7985	1.597	-0.086903	-0.0322012	-0.000305151
7990	1.598	-0.0868978	-0.0342923	-0.000306122
7995	1.599	-0.0868932	-0.0363557	-0.000307022
8000	1.6	-0.0868893	-0.0383912	-0.000307894
8005	1.601	-0.0868861	-0.0403983	-0.00030874
8010	1.602	-0.0868836	-0.0423768	-0.000309593
8015	1.603	-0.0868817	-0.0443263	-0.000310451
8020	1.604	-0.0868805	-0.0462466	-0.000311313
8025	1.605	-0.0868799	-0.0481374	-0.000312164
8030	1.606	-0.08688	-0.0499986	-0.000313007
8035	1.607	-0.0868806	-0.0518298	-0.000313834
8040	1.608	-0.0868818	-0.0536311	-0.000314651
8045	1.609	-0.0868835	-0.0554023	-0.000315474
8050	1.61	-0.0868857	-0.0571433	-0.000316302
8055	1.611	-0.0868884	-0.058854	-0.000317135
8060	1.612	-0.0868915	-0.0605343	-0.00031797
8065	1.613	-0.086895	-0.0621843	-0.000318804
8070	1.614	-0.0868988	-0.0638039	-0.000319626
8075	1.615	-0.0869029	-0.0653932	-0.000320461
8080	1.616	-0.0869076	-0.0669522	-0.000320263
8085	1.617	-0.0869129	-0.0684815	-0.000316069
8090	1.618	-0.0869189	-0.0699827	-0.000307966
8095	1.619	-0.086925	-0.0714576	-0.000298552
8100	1.62	-0.0869308	-0.072908	-0.000292556
8105	1.621	-0.0869364	-0.0743341	-0.000291069
8110	1.622	-0.0869421	-0.0757355	-0.000292797
8115	1.623	-0.0869507	-0.0771119	-0.00029665
8120	1.624	-0.0869607	-0.0784627	-0.000301245
8125	1.625	-0.086971	-0.0797877	-0.000305497
8130	1.626	-0.08698	-0.0810864	-0.000308246
8135	1.627	-0.0869864	-0.0823583	-0.000308322
8140	1.628	-0.0869929	-0.0836034	-0.000306095
8145	1.629	-0.087	-0.0848217	-0.000302577
8150	1.63	-0.0870077	-0.0860133	-0.000298726
8155	1.631	-0.0870159	-0.0871781	-0.000295064
8160	1.632	-0.0870248	-0.0883157	-0.000291636
8165	1.633	-0.0870344	-0.0894256	-0.00028817
8170	1.634	-0.0870446	-0.0905073	-0.000284299
8175	1.635	-0.0870557	-0.09156	-0.000279724
8180	1.636	-0.0870675	-0.0925832	-0.000274299
8185	1.637	-0.08708	-0.093576	-0.000268011
8190	1.638	-0.0870933	-0.0945378	-0.000260911
8195	1.639	-0.0871073	-0.0954676	-0.000253033
8200	1.64	-0.0871219	-0.0963644	-0.000244394
8205	1.641	-0.087137	-0.0972271	-0.000234934
8210	1.642	-0.0871526	-0.0980544	-0.000224557
8215	1.643	-0.0871686	-0.098845	-0.000213158
8220	1.644	-0.0871848	-0.0995973	-0.000200608
8225	1.645	-0.0872011	-0.10031	-0.000186817
8230	1.646	-0.0872175	-0.10098	-0.000171703
8235	1.647	-0.0872337	-0.101606	-0.000155214
8240	1.648	-0.0872497	-0.102187	-0.000137344
8245	1.649	-0.0872653	-0.102719	-0.000118208
8250	1.65	-0.0873893	-0.103197	-0.000102621
8255	1.651	-0.0876616	-0.103616	-9.02767e-005
8260	1.652	-0.0880769	-0.103971	-7.63631e-005
8265	1.653	-0.0886318	-0.104258	-5.84925e-005
8270	1.654	-0.0893189	-0.104473	-3.65736e-005
8275	1.655	-0.0901257	-0.104615	-1.00339e-005
8280	1.656	-0.0910262	-0.104674	3.39996e-005
8285	1.657	-0.0919909	-0.104642	0.000116096
8290	1.658	-0.093015	-0.104509	0.00026763
8295	1.659	-0.094245	-0.104252	0.000596672
8300	1.66	-0.0957708	-0.103862	0.00113141
8305	1.661	-0.097588	-0.103329	0.00188933
8310	1.662	-0.0996837	-0.102644	0.00288616
8315	1.663	-0.102051	-0.101799	0.00413609
8320	1.664	-0.104689	-0.100786	0.005651
8325	1.665	-0.107608	-0.0995973	0.00744274
8330	1.666	-0.110777	-0.0982251	0.00952584
8335	1.667	-0.114004	-0.0966623	0.0119245
8340	1.668	-0.117177	-0.0949014	0.0146594
8345	1.669	-0.120274	-0.0929346	0.0177449
8350	1.67	-0.123611	-0.090754	0.0211736
8355	1.671	-0.127332	-0.0883506	0.0249665
8360	1.672	-0.131482	-0.0857171	0.0291448
8365	1.673	-0.135976	-0.0828483	0.0337298
8370	1.674	-0.140718	-0.0797407	0.0387399
8375	1.675	-0.145632	-0.0763923	0.0441886
8380	1.676	-0.150682	-0.0728024	0.0500843
8385	1.677	-0.155876	-0.068972	0.0564294
8390	1.678	-0.161252	-0.0649036	0.0632208
8395	1.679	-0.166868	-0.0606011	0.0704503
8400	1.68	-0.172777	-0.0560705	0.0781056
8405	1.681	-0.179015	-0.0513191	0.086171
8410	1.682	-0.185601	-0.0463562	0.0946282
8415	1.683	-0.192529	-0.0411922	0.103457
8420	1.684	-0.199783	-0.0358388	0.112635
8425	1.685	-0.207324	-0.0303094	0.122137
8430	1.686	-0.215067	-0.0246189	0.131927
8435	1.687	-0.222885	-0.0187828	0.141976
8440	1.688	-0.230632	-0.0128164	0.152251
8445	1.689	-0.238168	-0.00673468	0.162722
8450	1.69	-0.245392	-0.000551747	0.173359
8455	1.691	-0.252268	0.00571927	0.184126
8460	1.692	-0.25875	0.0120662	0.194991
8465	1.693	-0.26497	0.0184775	0.205916
8470	1.694	-0.271082	0.0249426	0.21686
8475	1.695	-0.277212	0.0314507	0.227785
8480	1.696	-0.28344	0.0379917	0.238656
8485	1.697	-0.289793	0.0445551	0.249442
8490	1.698	-0.296256	0.0511308	0.260115
8495	1.699	-0.302792	0.0577089	0.270649
8500	1.7	-0.309347	0.0642813	0.281027
8505	1.701	-0.315841	0.0708456	0.291249
8510	1.702	-0.322251	0.0773996	0.301316
8515	1.703	-0.328534	0.0839415	0.31123
8520	1.704	-0.334672	0.0904697	0.320989
8525	1.705	-0.340666	0.0969833	0.330596
8530	1.706	-0.346528	0.103481	0.340048
8535	1.707	-0.352271	0.109963	0.349347
8540	1.708	-0.349403	0.116338	0.358859
8545	1.709	-0.349084	0.122714	0.368107
8550	1.71	-0.349183	0.129074	0.377184
8555	1.711	-0.349224	0.135415	0.386112
8560	1.712	-0.349243	0.141736	0.394889
8565	1.713	-0.349257	0.148039	0.403515
8570	1.714	-0.34927	0.154324	0.411992
8575	1.715	-0.34928	0.16059	0.420318
8580	1.716	-0.349289	0.166837	0.428495
8585	1.717	-0.349296	0.173064	0.436522
8590	1.718	-0.349302	0.17927	0.444401
8595	1.719	-0.349307	0.185454	0.452132
8600	1.72	-0.349311	0.191616	0.459713
8605	1.721	-0.349313	0.197753	0.467147
8610	1.722	-0.349315	0.203865	0.474432
8615	1.723	-0.349316	0.209951	0.481568
8620	1.724	-0.349316	0.21601	0.488557
8625	1.725	-0.349315	0.22204	0.495398
8630	1.726	-0.349314	0.228042	0.50209
8635	1.727	-0.349312	0.234013	0.508634
8640	1.728	-0.34931	0.239953	0.515031
8645	1.729	-0.349308	0.245861	0.521279
8650	1.73	-0.349306	0.251736	0.527378
8655	1.731	-0.349303	0.257576	0.53333
8660	1.732	-0.349301	0.263381	0.539132
8665	1.733	-0.349298	0.269148	0.544786
8670	1.734	-0.349296	0.274878	0.550291
8675	1.735	-0.349293	0.280569	0.555647
8680	1.736	-0.34929	0.28622	0.560853
8685	1.737	-0.349287	0.291829	0.565909
8690	1.738	-0.349285	0.297395	0.570815
8695	1.739	-0.349282	0.302917	0.575572
8700	1.74	-0.349279	0.308397	0.580182
8705	1.741	-0.349277	0.313835	0.584647
8710	1.742	-0.349274	0.319231	0.58897
8715	1.743	-0.349272	0.324585	0.59315
8720	1.744	-0.349269	0.329899	0.597192
8725	1.745	-0.349267	0.335172	0.601096
8730	1.746	-0.349265	0.340404	0.604864
8735	1.747	-0.349262	0.345597	0.608497
8740	1.748	-0.34926	0.35075	0.611997
8745	1.749	-0.349257	0.355863	0.615366
8750	1.75	-0.349255	0.360937	0.618605
8755	1.751	-0.349253	0.365972	0.621714
8760	1.752	-0.349251	0.370968	0.624697
8765	1.753	-0.349248	0.375926	0.627553
8770	1.754	-0.349246	0.380845	0.630284
8775	1.755	-0.349244	0.385726	0.632891
8780	1.756	-0.349242	0.390568	0.635376
8785	1.757	-0.34924	0.395372	0.637738
8790	1.758	-0.349238	0.400139	0.63998
8795	1.759	-0.349236	0.404867	0.642102
8800	1.76	-0.323857	0.401865	0.63591
8805	1.761	-0.30413	0.39889	0.629318
8810	1.762	-0.290021	0.395952	0.622353
8815	1.763	-0.281078	0.393053	0.615056
8820	1.764	-0.276916	0.390194	0.607457
8825	1.765	-0.277308	0.387384	0.599589
8830	1.766	-0.282133	0.384629	0.591472
8835	1.767	-0.291259	0.381937	0.583141
8840	1.768	-0.304731	0.379326	0.574649
8845	1.769	-0.320304	0.376784	0.566136
8850	1.77	-0.334576	0.37428	0.557792
8855	1.771	-0.345354	0.371802	0.549757
8860	1.772	-0.351903	0.369352	0.54211
8865	1.773	-0.349277	0.366879	0.535107
8870	1.774	-0.345968	0.364492	0.528416
8875	1.775	-0.343519	0.362226	0.522005
8880	1.776	-0.342426	0.360105	0.515877
8885	1.777	-0.342968	0.358144	0.510039
8890	1.778	-0.344825	0.356351	0.504517
8895	1.779	-0.34736	0.354728	0.499351
8900	1.78	-0.349998	0.353275	0.494573
8905	1.781	-0.349197	0.35195	0.490342
8910	1.782	-0.349074	0.350802	0.486481
8915	1.783	-0.349109	0.349823	0.483009
8920	1.784	-0.349126	0.349009	0.479926
8925	1.785	-0.349135	0.348357	0.477222
8930	1.786	-0.349143	0.347864	0.474885
8935	1.787	-0.349149	0.347525	0.472898
8940	1.788	-0.349154	0.347333	0.471246
8945	1.789	-0.349158	0.347284	0.469908
8950	1.79	-0.349161	0.34737	0.468865
8955	1.791	-0.349164	0.347585	0.468094
8960	1.792	-0.349165	0.347921	0.467573
8965	1.793	-0.349167	0.34837	0.467278
8970	1.794	-0.349169	0.348925	0.467185
8975	1.795	-0.34917	0.349577	0.467269
8980	1.796	-0.349172	0.350318	0.467507
8985	1.797	-0.349173	0.35114	0.467874
8990	1.798	-0.349174	0.352034	0.468346
8995	1.799	-0.349175	0.352993	0.468901
9000	1.8	-0.349176	0.354008	0.469516
9005	1.801	-0.349176	0.355073	0.47017
9010	1.802	-0.349177	0.356179	0.470843
9015	1.803	-0.349178	0.357321	0.471515
9020	1.804	-0.349177	0.358494	0.472177
9025	1.805	-0.349176	0.359696	0.472827
9030	1.806	-0.349175	0.360926	0.473462
9035	1.807	-0.349173	0.362181	0.474078
9040	1.808	-0.349172	0.363461	0.474672
9045	1.809	-0.349171	0.364762	0.475243
9050	1.81	-0.34917	0.366083	0.475787
9055	1.811	-0.349169	0.367422	0.476302
9060	1.812	-0.349167	0.368779	0.476785
9065	1.813	-0.349166	0.37015	0.477233
9070	1.814	-0.349165	0.371535	0.477646
9075	1.815	-0.349164	0.372931	0.478019
9080	1.816	-0.349162	0.374338	0.478351
9085	1.817	-0.349161	0.375753	0.478639
9090	1.818	-0.349159	0.377176	0.478882
9095	1.819	-0.349158	0.378604	0.479076
9100	1.82	-0.349156	0.380036	0.479221
9105	1.821	-0.349154	0.381471	0.479314
9110	1.822	-0.349153	0.382908	0.479353
9115	1.823	-0.349151	0.384344	0.479336
9120	1.824	-0.349149	0.385779	0.47926
9125	1.825	-0.349146	0.387211	0.479125
9130	1.826	-0.349144	0.388638	0.478929
9135	1.827	-0.349142	0.390061	0.478668
9140	1.828	-0.34914	0.391476	0.478342
9145	1.829	-0.349137	0.392884	0.477949
9150	1.83	-0.349135	0.394282	0.477487
9155	1.831	-0.349132	0.395669	0.476954
9160	1.832	-0.349129	0.397045	0.476349
9165	1.833	-0.349126	0.398407	0.475669
9170	1.834	-0.349123	0.399755	0.474913
9175	1.835	-0.34912	0.401087	0.474079
9180	1.836	-0.349117	0.402402	0.473166
9185	1.837	-0.343276	0.401544	0.469376
9190	1.838	-0.339541	0.400691	0.465408
9195	1.839	-0.337796	0.399845	0.461274
9200	1.84	-0.337829	0.399009	0.456989
9205	1.841	-0.339466	0.398184	0.452565
9210	1.842	-0.342413	0.397369	0.44802
9215	1.843	-0.345835	0.396554	0.44339
9220	1.844	-0.348866	0.395729	0.438714
9225	1.845	-0.350926	0.394893	0.434033
9230	1.846	-0.34917	0.394016	0.429488
9235	1.847	-0.347292	0.393142	0.424933
9240	1.848	-0.345609	0.392278	0.42037
9245	1.849	-0.344142	0.391432	0.415811
9250	1.85	-0.342712	0.390606	0.411275
9255	1.851	-0.341128	0.389804	0.406781
9260	1.852	-0.339157	0.389025	0.402347
9265	1.853	-0.336587	0.38827	0.397988
9270	1.854	-0.333249	0.387538	0.393717
9275	1.855	-0.329063	0.386827	0.389536
9280	1.856	-0.323912	0.386133	0.385452
9285	1.857	-0.31769	0.385455	0.381465
9290	1.858	-0.310306	0.384787	0.377575
9295	1.859	-0.301688	0.384126	0.373777
9300	1.86	-0.291793	0.383466	0.370065
9305	1.861	-0.280625	0.382803	0.366428
9310	1.862	-0.268237	0.382131	0.362852
9315	1.863	-0.254726	0.381447	0.359319
9320	1.864	-0.240161	0.380746	0.355815
9325	1.865	-0.224765	0.380025	0.352316
9330	1.866	-0.208772	0.379279	0.348801
9335	1.867	-0.192376	0.378507	0.34525
9340	1.868	-0.175721	0.377704	0.341645
9345	1.869	-0.158898	0.376866	0.337975
9350	1.87	-0.141962	0.375989	0.334226
9355	1.871	-0.124945	0.37507	0.33039
9360	1.872	-0.107873	0.374103	0.326459
9365	1.873	-0.0907736	0.373087	0.322427
9370	1.874	-0.0736821	0.372018	0.318288
9375	1.875	-0.0859548	0.371327	0.313378
9380	1.876	-0.0875546	0.370465	0.308686
9385	1.877	-0.0781136	0.369401	0.304211
9390	1.878	-0.0860494	0.368533	0.299245
9395	1.879	-0.0869196	0.367516	0.294395
9400	1.88	-0.0866166	0.366427	0.28951
9405	1.881	-0.0865216	0.365282	0.284553
9410	1.882	-0.0864911	0.364078	0.279531
9415	1.883	-0.0864604	0.362813	0.274448
9420	1.884	-0.0864297	0.361489	0.26931
9425	1.885	-0.0864017	0.360107	0.264121
9430	1.886	-0.0863756	0.35867	0.258889
9435	1.887	-0.0863561	0.357179	0.25362
9440	1.888	-0.0863401	0.355638	0.248319
9445	1.889	-0.0863273	0.354048	0.242994
9450	1.89	-0.0863175	0.35241	0.237648
9455	1.891	-0.0863106	0.350727	0.232288
9460	1.892	-0.0863066	0.349001	0.226919
9465	1.893	-0.0863048	0.347232	0.221545
9470	1.894	-0.0863056	0.345422	0.216172
9475	1.895	-0.0863067	0.343574	0.210804
9480	1.896	-0.0863088	0.341688	0.205445
9485	1.897	-0.0863121	0.339767	0.200099
9490	1.898	-0.0863163	0.337812	0.194772
9495	1.899	-0.0863212	0.335824	0.189467
9500	1.9	-0.0863269	0.333806	0.184187
9505	1.901	-0.0863333	0.331759	0.178937
9510	1.902	-0.0863403	0.329684	0.173718
9515	1.903	-0.0863478	0.327582	0.168535
9520	1.904	-0.0863558	0.325456	0.163389
9525	1.905	-0.0863644	0.323307	0.158284
9530	1.906	-0.0863733	0.321135	0.153221
9535	1.907	-0.0863827	0.318942	0.148201
9540	1.908	-0.0863924	0.316728	0.143227
9545	1.909	-0.0864024	0.314496	0.1383
9550	1.91	-0.0864127	0.312244	0.13342
9555	1.911	-0.0864232	0.309976	0.128589
9560	1.912	-0.0864339	0.30769	0.123806
9565	1.913	-0.0864447	0.305388	0.119073
9570	1.914	-0.0864557	0.303071	0.114389
9575	1.915	-0.0864667	0.300738	0.109755
9580	1.916	-0.0864778	0.29839	0.105169
9585	1.917	-0.0864889	0.296028	0.100632
9590	1.918	-0.0865	0.293653	0.0961434
9595	1.919	-0.0865111	0.291263	0.0917022
9600	1.92	-0.0865221	0.288861	0.0873078
9605	1.921	-0.0865331	0.286445	0.0829594
9610	1.922	-0.086544	0.284017	0.0786563
9615	1.923	-0.0865548	0.281576	0.0743975
9620	1.924	-0.0865655	0.279123	0.0701821
9625	1.925	-0.0865761	0.276657	0.0660091
9630	1.926	-0.0865865	0.27418	0.0618776
9635	1.927	-0.0865969	0.271691	0.0577867
9640	1.928	-0.0866071	0.269191	0.0537353
9645	1.929	-0.0866171	0.266679	0.0497227
9650	1.93	-0.086627	0.264156	0.0457478
9655	1.931	-0.0866367	0.261622	0.0418098
9660	1.932	-0.0866463	0.259078	0.037908
9665	1.933	-0.0866557	0.256523	0.0340415
9670	1.934	-0.0866649	0.253958	0.0302096
9675	1.935	-0.0866739	0.251383	0.0264117
9680	1.936	-0.0866828	0.248799	0.0226472
9685	1.937	-0.0866915	0.246205	0.0189154
9690	1.938	-0.0867	0.243603	0.015216
9695	1.939	-0.0867083	0.240992	0.0115484
9700	1.94	-0.0867165	0.238372	0.00791222
9705	1.941	-0.0867245	0.235744	0.00430717
9710	1.942	-0.0867323	0.233109	0.000732928
9715	1.943	-0.08674	0.230467	-0.00281077
9720	1.944	-0.086648	0.228669	-0.00373849
9725	1.945	-0.0866825	0.22749	-0.00274313
9730	1.946	-0.086742	0.226527	-0.00103711
9735	1.947	-0.0867756	0.225525	0.000611696
9740	1.948	-0.0867834	0.224465	0.00214843
9745	1.949	-0.086789	0.22333	0.00352496
9750	1.95	-0.0867952	0.222108	0.00470068
9755	1.951	-0.0868014	0.220785	0.00564181
9760	1.952	-0.0868074	0.219354	0.00632093
9765	1.953	-0.0868135	0.217807	0.00671669
9770	1.954	-0.0868195	0.216138	0.00681333
9775	1.955	-0.0868255	0.214345	0.00660036
9780	1.956	-0.0868315	0.212425	0.00607217
9785	1.957	-0.0868377	0.210379	0.00522742
9790	1.958	-0.0868432	0.208208	0.00406908
9795	1.959	-0.0868483	0.205915	0.00260368
9800	1.96	-0.0868533	0.203503	0.000840987
9805	1.961	-0.0868582	0.200977	-0.00120642
9810	1.962	-0.0868074	0.198818	-0.00208427
9815	1.963	-0.086817	0.196989	-0.00190343
9820	1.964	-0.086845	0.195324	-0.0011696
9825	1.965	-0.0868708	0.193646	-0.000415347
9830	1.966	-0.0868855	0.191855	5.68129e-005
9835	1.967	-0.086889	0.189947	0.000232741
9840	1.968	-0.0868924	0.187919	0.000103093
9845	1.969	-0.086896	0.18577	-0.000336366
9850	1.97	-0.0868827	0.183647	-0.000642356
9855	1.971	-0.086884	0.181573	-0.000743037
9860	1.972	-0.0868907	0.179537	-0.000680041
9865	1.973	-0.0868988	0.177506	-0.000546352
9870	1.974	-0.0869061	0.175453	-0.000426795
9875	1.975	-0.0869115	0.173364	-0.000365948
9880	1.976	-0.0869153	0.171238	-0.000365674
9885	1.977	-0.0869179	0.169084	-0.00040062
9890	1.978	-0.0869204	0.166913	-0.000441272
9895	1.979	-0.0869233	0.164731	-0.00046779
9900	1.98	-0.0869267	0.16254	-0.000474159
9905	1.981	-0.0869304	0.160339	-0.000465043
9910	1.982	-0.0869343	0.158126	-0.000449522
9915	1.983	-0.086938	0.155898	-0.000435588
9920	1.984	-0.0869414	0.153655	-0.000427293
9925	1.985	-0.0869447	0.151396	-0.000424698
9930	1.986	-0.0869478	0.149123	-0.000425496
9935	1.987	-0.0869508	0.146838	-0.000426912
9940	1.988	-0.0869538	0.144541	-0.000427041
9945	1.989	-0.0869569	0.142232	-0.000425268
9950	1.99	-0.0869599	0.139913	-0.000421991
9955	1.991	-0.0869629	0.137582	-0.000418043
9960	1.992	-0.0869659	0.135241	-0.0004142
9965	1.993	-0.0869687	0.13289	-0.000410872
9970	1.994	-0.0869715	0.130529	-0.000408086
9975	1.995	-0.0869743	0.128158	-0.000405615
9980	1.996	-0.086977	0.125778	-0.000403202
9985	1.997	-0.0869797	0.123389	-0.000400671
9990	1.998	-0.0869823	0.120993	-0.000397953
9995	1.999	-0.0869849	0.118588	-0.000395088
10000	2	-0.0869875	0.116176	-0.000392161
10005	2.001	-0.08699	0.113757	-0.000389251
10010	2.002	-0.0869924	0.111332	-0.000386387
10015	2.003	-0.0869948	0.1089	-0.00038358
10020	2.004	-0.0869972	0.106462	-0.000380805
10025	2.005	-0.0869995	0.104019	-0.000378038
10030	2.006	-0.0870018	0.101571	-0.000375278
10035	2.007	-0.0870041	0.0991183	-0.000372511
10040	2.008	-0.0870063	0.0966612	-0.000369747
10045	2.009	-0.0870084	0.0942002	-0.000366993
10050	2.01	-0.0870106	0.0917358	-0.000364248
10055	2.011	-0.0870127	0.0892682	-0.000361523
10060	2.012	-0.0870147	0.0867979	-0.000358815
10065	2.013	-0.0870167	0.0843252	-0.00035612
10070	2.014	-0.0870187	0.0818505	-0.000353453
10075	2.015	-0.0870206	0.0793742	-0.000350812
10080	2.016	-0.0870226	0.0768966	-0.000348182
10085	2.017	-0.0870244	0.0744181	-0.000345577
10090	2.018	-0.0870263	0.0719391	-0.000342987
10095	2.019	-0.0870281	0.0694599	-0.000340406
10100	2.02	-0.0870298	0.0669808	-0.000337848
10105	2.021	-0.0870316	0.0645023	-0.000335317
10110	2.022	-0.0870333	0.0620246	-0.000332824
10115	2.023	-0.0870349	0.0595481	-0.000330352
10120	2.024	-0.0870366	0.0570731	-0.000327904
10125	2.025	-0.0870382	0.0546	-0.00032549
10130	2.026	-0.0870397	0.0521291	-0.000323108
10135	2.027	-0.0870413	0.0496608	-0.000320738
10140	2.028	-0.0870428	0.0471952	-0.000318382
10145	2.029	-0.0870443	0.0447328	-0.000316061
10150	2.03	-0.0870457	0.0422739	-0.000313777
10155	2.031	-0.0870471	0.0398187	-0.000311523
10160	2.032	-0.0870485	0.0373677	-0.000309299
10165	2.033	-0.0870498	0.034921	-0.000307096
10170	2.034	-0.0870512	0.0324789	-0.000304927
10175	2.035	-0.0870525	0.0300418	-0.000302787
10180	2.036	-0.0870537	0.02761	-0.000300681
10185	2.037	-0.087055	0.0251837	-0.000298609
10190	2.038	-0.0870562	0.0227632	-0.000296566
10195	2.039	-0.0870574	0.0203487	-0.000294547
10200	2.04	-0.0870585	0.0179406	-0.000292561
10205	2.041	-0.0870596	0.0155391	-0.000290607
10210	2.042	-0.0870607	0.0131445	-0.000288685
10215	2.043	-0.0870591	0.0107574	-0.000299504
10220	2.044	-0.08705	0.00838275	-0.000304648
10225	2.045	-0.0870452	0.00602149	-0.000304791
10230	2.046	-0.0870389	0.00367378	-0.000302436
10235	2.047	-0.087031	0.00133988	-0.000300158
10240	2.048	-0.0870218	-0.000979664	-0.000299448
10245	2.049	-0.0870119	-0.0032839	-0.000300522
10250	2.05	-0.0870014	-0.00557164	-0.000302755
10255	2.051	-0.0869907	-0.00784168	-0.000305279
10260	2.052	-0.0869801	-0.0100929	-0.000307435
10265	2.053	-0.0869697	-0.0123244	-0.000308974
10270	2.054	-0.0869595	-0.0145354	-0.000309971
10275	2.055	-0.0869499	-0.0167252	-0.000310687
10280	2.056	-0.0869408	-0.0188932	-0.000311368
10285	2.057	-0.0869322	-0.0210387	-0.00031216
10290	2.058	-0.0869243	-0.0231611	-0.000313092
10295	2.059	-0.0869171	-0.0252598	-0.000314106
10300	2.06	-0.0869106	-0.0273342	-0.000315124
10305	2.061	-0.0869049	-0.0293838	-0.000316084
10310	2.062	-0.0868999	-0.0314079	-0.000316962
10315	2.063	-0.0868957	-0.0334063	-0.000317792
10320	2.064	-0.0868923	-0.0353785	-0.000318582
10325	2.065	-0.0868897	-0.037324	-0.000319343
10330	2.066	-0.0868877	-0.0392425	-0.000320102
10335	2.067	-0.0868865	-0.0411338	-0.000320867
10340	2.068	-0.086886	-0.0429974	-0.000321627
10345	2.069	-0.0868861	-0.0448332	-0.000322382
10350	2.07	-0.0868868	-0.0466409	-0.000323133
10355	2.071	-0.0868881	-0.0484202	-0.00032387
10360	2.072	-0.0868899	-0.050171	-0.00032461
10365	2.073	-0.0868922	-0.0518932	-0.000325344
10370	2.074	-0.0868949	-0.0535865	-0.000326081
10375	2.075	-0.0868981	-0.055251	-0.000326813
10380	2.076	-0.0869016	-0.0568864	-0.000327556
10385	2.077	-0.0869055	-0.0584928	-0.000328312
10390	2.078	-0.0869096	-0.06007	-0.000329065
10395	2.079	-0.0869141	-0.0616181	-0.000329769
10400	2.08	-0.0869188	-0.0631369	-0.000330374
10405	2.081	-0.0869237	-0.0646265	-0.000330815
10410	2.082	-0.0869293	-0.0660869	-0.000327917
10415	2.083	-0.0869355	-0.0675191	-0.000320744
10420	2.084	-0.086942	-0.068925	-0.000310745
10425	2.085	-0.0869484	-0.0703061	-0.00030176
10430	2.086	-0.0869545	-0.0716634	-0.000296825
10435	2.087	-0.0869605	-0.0729967	-0.000295852
10440	2.088	-0.0869666	-0.0743053	-0.000297056
10445	2.089	-0.0869756	-0.0755885	-0.000299351
10450	2.09	-0.086986	-0.076846	-0.000301703
10455	2.091	-0.0869971	-0.0780772	-0.000303426
10460	2.092	-0.0870087	-0.0792818	-0.000304208
10465	2.093	-0.0870175	-0.080459	-0.000302761
10470	2.094	-0.0870265	-0.0816084	-0.000299108
10475	2.095	-0.0870363	-0.0827297	-0.00029393
10480	2.096	-0.087047	-0.0838225	-0.000288022
10485	2.097	-0.0870583	-0.0848866	-0.000281891
10490	2.098	-0.0870705	-0.0859211	-0.000275664
10495	2.099	-0.0870833	-0.0869252	-0.000269154
10500	2.1	-0.0870969	-0.0878979	-0.000262067
10505	2.101	-0.0871112	-0.0888382	-0.000254144
10510	2.102	-0.087126	-0.0897449	-0.00024521
10515	2.103	-0.0871414	-0.0906169	-0.000235211
10520	2.104	-0.0871572	-0.0914527	-0.000224121
10525	2.105	-0.0871733	-0.0922508	-0.00021194
10530	2.106	-0.0871897	-0.0930098	-0.000198619
10535	2.107	-0.087206	-0.0937277	-0.000184088
10540	2.108	-0.0872223	-0.0944026	-0.000168259
10545	2.109	-0.0872385	-0.0950324	-0.000151083
10550	2.11	-0.0872543	-0.0956147	-0.000132519
10555	2.111	-0.0873369	-0.0961463	-0.000113944
10560	2.112	-0.0874569	-0.0966222	-9.94136e-005
10565	2.113	-0.0876621	-0.0970375	-8.55958e-005
10570	2.114	-0.0879674	-0.0973875	-6.92008e-005
10575	2.115	-0.0883851	-0.0976688	-4.92765e-005
10580	2.116	-0.0889221	-0.0978776	-2.53818e-005
10585	2.117	-0.089579	-0.0980103	4.04812e-006
10590	2.118	-0.0903366	-0.0980573	5.91322e-005
10595	2.119	-0.0911779	-0.0980089	0.000160602
10600	2.12	-0.0921298	-0.0978525	0.000352278
10605	2.121	-0.093337	-0.0975694	0.000728599
10610	2.122	-0.0948736	-0.0971487	0.00131547
10615	2.123	-0.096733	-0.0965813	0.00212992
10620	2.124	-0.0989007	-0.0958582	0.00318758
10625	2.125	-0.101366	-0.0949713	0.00450216
10630	2.126	-0.104126	-0.0939132	0.00608581
10635	2.127	-0.107186	-0.0926759	0.00795064
10640	2.128	-0.110481	-0.0912517	0.0101131
10645	2.129	-0.113801	-0.0896337	0.0125985
10650	2.13	-0.117032	-0.0878146	0.0154276
10655	2.131	-0.120168	-0.0857867	0.0186134
10660	2.132	-0.123609	-0.0835419	0.0221477
10665	2.133	-0.127451	-0.0810717	0.0260538
10670	2.134	-0.131689	-0.0783697	0.0303524
10675	2.135	-0.136237	-0.0754312	0.0350633
10680	2.136	-0.141011	-0.0722534	0.0402028
10685	2.137	-0.14595	-0.0688348	0.0457825
10690	2.138	-0.15103	-0.0651754	0.0518085
10695	2.139	-0.156269	-0.0612766	0.0582812
10700	2.14	-0.161707	-0.0571416	0.0651956
10705	2.141	-0.167398	-0.052775	0.0725423
10710	2.142	-0.173388	-0.0481833	0.0803077
10715	2.143	-0.179707	-0.0433745	0.0884751
10720	2.144	-0.186365	-0.0383582	0.0970253
10725	2.145	-0.193354	-0.0331452	0.105938
10730	2.146	-0.200656	-0.0277477	0.11519
10735	2.147	-0.208228	-0.0221792	0.124752
10740	2.148	-0.21598	-0.0164551	0.134592
10745	2.149	-0.223781	-0.0105906	0.144677
10750	2.15	-0.231487	-0.00460115	0.154977
10755	2.151	-0.238961	0.00149857	0.165461
10760	2.152	-0.246114	0.00769463	0.176098
10765	2.153	-0.252921	0.0139741	0.186854
10770	2.154	-0.25934	0.0203251	0.197696
10775	2.155	-0.265518	0.0267361	0.208585
10780	2.156	-0.271608	0.0331967	0.219482
10785	2.157	-0.277732	0.0396964	0.230348
10790	2.158	-0.283963	0.046225	0.24115
10795	2.159	-0.290318	0.0527724	0.251858
10800	2.16	-0.296781	0.0593285	0.262444
10805	2.161	-0.30331	0.0658837	0.272884
10810	2.162	-0.309839	0.0724318	0.283167
10815	2.163	-0.316295	0.0789703	0.293294
10820	2.164	-0.322658	0.0854971	0.303265
10825	2.165	-0.328892	0.0920106	0.313082
10830	2.166	-0.334984	0.0985092	0.322743
10835	2.167	-0.340936	0.104992	0.33225
10840	2.168	-0.346757	0.111458	0.341603
10845	2.169	-0.35246	0.117906	0.3508
10850	2.17	-0.349409	0.124245	0.360216
10855	2.171	-0.34908	0.130586	0.369359
10860	2.172	-0.349183	0.136909	0.37833
10865	2.173	-0.349225	0.143212	0.387151
10870	2.174	-0.349242	0.149494	0.39582
10875	2.175	-0.349257	0.155757	0.404338
10880	2.176	-0.349269	0.162	0.412704
10885	2.177	-0.349279	0.168223	0.420919
10890	2.178	-0.349288	0.174426	0.428984
10895	2.179	-0.349295	0.180607	0.436898
10900	2.18	-0.349301	0.186767	0.444663
10905	2.181	-0.349306	0.192903	0.452277
10910	2.182	-0.349309	0.199014	0.459742
10915	2.183	-0.349312	0.2051	0.467058
10920	2.184	-0.349314	0.21116	0.474224
10925	2.185	-0.349314	0.217192	0.481241
10930	2.186	-0.349314	0.223195	0.488108
10935	2.187	-0.349314	0.229168	0.494826
10940	2.188	-0.349312	0.235111	0.501395
10945	2.189	-0.34931	0.241022	0.507815
10950	2.19	-0.349308	0.246901	0.514086
10955	2.191	-0.349306	0.252746	0.520207
10960	2.192	-0.349304	0.258556	0.526179
10965	2.193	-0.349302	0.26433	0.532001
10970	2.194	-0.349299	0.270068	0.537674
10975	2.195	-0.349297	0.275767	0.543197
10980	2.196	-0.349294	0.281426	0.548569
10985	2.197	-0.349292	0.287045	0.553792
10990	2.198	-0.349289	0.292622	0.558863
10995	2.199	-0.349286	0.298156	0.563784
11000	2.2	-0.349283	0.303646	0.568554
11005	2.201	-0.349281	0.309093	0.573176
11010	2.202	-0.349278	0.314497	0.577652
11015	2.203	-0.349276	0.319859	0.581984
11020	2.204	-0.349273	0.325178	0.586174
11025	2.205	-0.349271	0.330457	0.590222
11030	2.206	-0.349269	0.335694	0.594133
11035	2.207	-0.349266	0.34089	0.597906
11040	2.208	-0.349264	0.346046	0.601543
11045	2.209	-0.349261	0.351162	0.605047
11050	2.21	-0.349259	0.356237	0.608418
11055	2.211	-0.349257	0.361273	0.611658
11060	2.212	-0.349255	0.36627	0.614768
11065	2.213	-0.349252	0.371227	0.61775
11070	2.214	-0.34925	0.376145	0.620604
11075	2.215	-0.349248	0.381025	0.623333
11080	2.216	-0.349246	0.385865	0.625937
11085	2.217	-0.349244	0.390667	0.628417
11090	2.218	-0.349242	0.395431	0.630775
11095	2.219	-0.349239	0.400155	0.633011
11100	2.22	-0.349237	0.404842	0.635126
11105	2.221	-0.324304	0.401861	0.628915
11110	2.222	-0.305027	0.398907	0.622305
11115	2.223	-0.291361	0.395988	0.615323
11120	2.224	-0.282851	0.393109	0.608008
11125	2.225	-0.279113	0.390269	0.600392
11130	2.226	-0.279924	0.387476	0.592505
11135	2.227	-0.285161	0.384738	0.584369
11140	2.228	-0.294666	0.382065	0.57603
11145	2.229	-0.308498	0.379475	0.567538
11150	2.23	-0.323974	0.376949	0.559053
11155	2.231	-0.337836	0.374462	0.55076
11160	2.232	-0.348069	0.372	0.542792
11165	2.233	-0.354111	0.36957	0.535222
11170	2.234	-0.349346	0.367101	0.528376
11175	2.235	-0.344717	0.364728	0.521813
11180	2.236	-0.341835	0.362489	0.515501
11185	2.237	-0.341035	0.360406	0.509449
11190	2.238	-0.342282	0.358491	0.503675
11195	2.239	-0.344921	0.356749	0.49822
11200	2.24	-0.348057	0.355179	0.493133
11205	2.241	-0.351057	0.353778	0.488451
11210	2.242	-0.349244	0.352493	0.484381
11215	2.243	-0.348634	0.351388	0.480662
11220	2.244	-0.349513	0.350469	0.477278
11225	2.245	-0.349171	0.349701	0.474338
11230	2.246	-0.349129	0.349099	0.471765
11235	2.247	-0.349145	0.348656	0.469557
11240	2.248	-0.349153	0.348366	0.467702
11245	2.249	-0.349157	0.348223	0.46618
11250	2.25	-0.34916	0.348222	0.464972
11255	2.251	-0.349163	0.348356	0.464057
11260	2.252	-0.349164	0.348617	0.463412
11265	2.253	-0.349166	0.348998	0.463015
11270	2.254	-0.349168	0.349492	0.46284
11275	2.255	-0.34917	0.350089	0.462864
11280	2.256	-0.349171	0.350781	0.463061
11285	2.257	-0.349173	0.35156	0.463407
11290	2.258	-0.349174	0.352418	0.463878
11295	2.259	-0.349175	0.353346	0.464449
11300	2.26	-0.349176	0.354336	0.465097
11305	2.261	-0.349177	0.35538	0.4658
11310	2.262	-0.349178	0.356471	0.466536
11315	2.263	-0.349178	0.357602	0.467286
11320	2.264	-0.349179	0.358766	0.468029
11325	2.265	-0.349178	0.359959	0.46876
11330	2.266	-0.349176	0.36118	0.469477
11335	2.267	-0.349175	0.362427	0.470175
11340	2.268	-0.349174	0.363698	0.470852
11345	2.269	-0.349173	0.364991	0.471506
11350	2.27	-0.349171	0.366304	0.472133
11355	2.271	-0.34917	0.367637	0.472732
11360	2.272	-0.349169	0.368986	0.473298
11365	2.273	-0.349168	0.370351	0.473831
11370	2.274	-0.349166	0.371729	0.474327
11375	2.275	-0.349165	0.373119	0.474785
11380	2.276	-0.349164	0.37452	0.475201
11385	2.277	-0.349162	0.37593	0.475574
11390	2.278	-0.349161	0.377346	0.475901
11395	2.279	-0.349159	0.378769	0.476181
11400	2.28	-0.349158	0.380196	0.47641
11405	2.281	-0.349156	0.381626	0.476588
11410	2.282	-0.349154	0.383058	0.476711
11415	2.283	-0.349153	0.384489	0.476779
11420	2.284	-0.349151	0.385919	0.476789
11425	2.285	-0.349149	0.387347	0.476739
11430	2.286	-0.349146	0.388771	0.476627
11435	2.287	-0.349144	0.390189	0.476452
11440	2.288	-0.349142	0.391601	0.476212
11445	2.289	-0.34914	0.393005	0.475904
11450	2.29	-0.349137	0.3944	0.475528
11455	2.291	-0.349135	0.395785	0.475081
11460	2.292	-0.349132	0.397158	0.474561
11465	2.293	-0.349129	0.398518	0.473968
11470	2.294	-0.349126	0.399864	0.473299
11475	2.295	-0.349123	0.401194	0.472552
11480	2.296	-0.34912	0.402508	0.471726
11485	2.297	-0.34304	0.40155	0.467888
11490	2.298	-0.339125	0.400597	0.46387
11495	2.299	-0.337259	0.399652	0.459684
11500	2.3	-0.337228	0.398719	0.455345
11505	2.301	-0.338854	0.3978	0.450867
11510	2.302	-0.341966	0.396893	0.446262
11515	2.303	-0.345677	0.39599	0.441568
11520	2.304	-0.34905	0.39508	0.436829
11525	2.305	-0.351439	0.394161	0.432092
11530	2.306	-0.3492	0.393197	0.427532
11535	2.307	-0.347077	0.392239	0.42296
11540	2.308	-0.345435	0.3913	0.418375
11545	2.309	-0.344211	0.390384	0.413793
11550	2.31	-0.343268	0.389496	0.409233
11555	2.311	-0.342324	0.388637	0.404717
11560	2.312	-0.341065	0.387807	0.400267
11565	2.313	-0.33923	0.387007	0.395901
11570	2.314	-0.336643	0.386236	0.391632
11575	2.315	-0.333241	0.385492	0.387466
11580	2.316	-0.328954	0.384774	0.383404
11585	2.317	-0.32372	0.384079	0.379448
11590	2.318	-0.317465	0.383403	0.375597
11595	2.319	-0.310102	0.382743	0.371847
11600	2.32	-0.301549	0.382093	0.368193
11605	2.321	-0.291744	0.381448	0.36463
11610	2.322	-0.280671	0.380802	0.361144
11615	2.323	-0.268369	0.38015	0.357722
11620	2.324	-0.254929	0.379487	0.354346
11625	2.325	-0.240425	0.378808	0.350998
11630	2.326	-0.225075	0.378109	0.347656
11635	2.327	-0.209118	0.377387	0.344295
11640	2.328	-0.192755	0.376638	0.340895
11645	2.329	-0.176133	0.375858	0.337439
11650	2.33	-0.159344	0.375043	0.333912
11655	2.331	-0.142445	0.374189	0.330301
11660	2.332	-0.125466	0.37329	0.326598
11665	2.333	-0.108432	0.372344	0.322794
11670	2.334	-0.0913693	0.371346	0.318883
11675	2.335	-0.0743104	0.370295	0.314857
11680	2.336	-0.0859828	0.369608	0.310067
11685	2.337	-0.0872641	0.368754	0.30548
11690	2.338	-0.0868516	0.367832	0.300878
11695	2.339	-0.0867001	0.366864	0.296202
11700	2.34	-0.0866445	0.365842	0.291453
11705	2.341	-0.0865937	0.364761	0.286628
11710	2.342	-0.0865465	0.363619	0.281731
11715	2.343	-0.0865058	0.362415	0.276761
11720	2.344	-0.0864692	0.36115	0.271725
11725	2.345	-0.0864361	0.359824	0.266628
11730	2.346	-0.086406	0.358439	0.261475
11735	2.347	-0.0863802	0.356998	0.256272
11740	2.348	-0.0863601	0.355502	0.251027
11745	2.349	-0.0863437	0.353954	0.245746
11750	2.35	-0.0863307	0.352356	0.240434
11755	2.351	-0.0863208	0.350709	0.235099
11760	2.352	-0.086314	0.349017	0.229745
11765	2.353	-0.0863099	0.34728	0.224379
11770	2.354	-0.0863082	0.3455	0.219006
11775	2.355	-0.0863084	0.343679	0.213631
11780	2.356	-0.0863093	0.341819	0.20826
11785	2.357	-0.0863113	0.339922	0.202896
11790	2.358	-0.0863143	0.337989	0.197545
11795	2.359	-0.0863184	0.336023	0.192212
11800	2.36	-0.0863232	0.334024	0.1869
11805	2.361	-0.0863288	0.331996	0.181614
11810	2.362	-0.086335	0.329938	0.176358
11815	2.363	-0.0863419	0.327854	0.171134
11820	2.364	-0.0863494	0.325744	0.165946
11825	2.365	-0.0863574	0.323609	0.160796
11830	2.366	-0.0863658	0.321452	0.155688
11835	2.367	-0.0863748	0.319274	0.150623
11840	2.368	-0.0863841	0.317075	0.145603
11845	2.369	-0.0863937	0.314856	0.14063
11850	2.37	-0.0864037	0.312619	0.135706
11855	2.371	-0.086414	0.310364	0.13083
11860	2.372	-0.0864245	0.308093	0.126004
11865	2.373	-0.0864351	0.305805	0.121229
11870	2.374	-0.0864459	0.303502	0.116504
11875	2.375	-0.0864568	0.301184	0.11183
11880	2.376	-0.0864678	0.298852	0.107207
11885	2.377	-0.0864788	0.296506	0.102634
11890	2.378	-0.0864899	0.294146	0.0981107
11895	2.379	-0.086501	0.291772	0.0936367
11900	2.38	-0.086512	0.289386	0.0892113
11905	2.381	-0.086523	0.286987	0.0848337
11910	2.382	-0.086534	0.284576	0.0805029
11915	2.383	-0.0865449	0.282152	0.076218
11920	2.384	-0.0865557	0.279717	0.0719782
11925	2.385	-0.0865664	0.277269	0.0677821
11930	2.386	-0.0865769	0.27481	0.063629
11935	2.387	-0.0865874	0.272339	0.0595176
11940	2.388	-0.0865977	0.269856	0.055447
11945	2.389	-0.0866078	0.267363	0.0514161
11950	2.39	-0.0866179	0.264858	0.0474239
11955	2.391	-0.0866277	0.262342	0.0434694
11960	2.392	-0.0866374	0.259816	0.0395517
11965	2.393	-0.086647	0.257279	0.03567
11970	2.394	-0.0866563	0.254732	0.0318233
11975	2.395	-0.0866655	0.252174	0.0280109
11980	2.396	-0.0866745	0.249607	0.0242321
11985	2.397	-0.0866834	0.247031	0.0204863
11990	2.398	-0.0866921	0.244445	0.0167727
11995	2.399	-0.0867006	0.24185	0.013091
12000	2.4	-0.0867089	0.239246	0.00944059
12005	2.401	-0.0867171	0.236634	0.00582111
12010	2.402	-0.0867251	0.234014	0.00223218
12015	2.403	-0.0867329	0.231387	-0.00132648
12020	2.404	-0.0866642	0.229404	-0.00287181
12025	2.405	-0.0866794	0.228007	-0.00259586
12030	2.406	-0.0867245	0.226905	-0.00137046
12035	2.407	-0.0867657	0.225794	-0.000110536
12040	2.408	-0.0867763	0.224632	0.00105769
12045	2.409	-0.086782	0.223404	0.00208838
12050	2.41	-0.0867883	0.222097	0.00294271
12055	2.411	-0.0867947	0.220699	0.00358822
12060	2.412	-0.086801	0.219201	0.00399837
12065	2.413	-0.0868072	0.217596	0.00415229
12070	2.414	-0.0868134	0.21588	0.00403434
12075	2.415	-0.0868196	0.214049	0.00363386
12080	2.416	-0.0868256	0.212101	0.00294474
12085	2.417	-0.086832	0.210035	0.00196496
12090	2.418	-0.0868375	0.207853	0.000696552
12095	2.419	-0.0868429	0.205557	-0.000855101
12100	2.42	-0.0868059	0.203511	-0.00158639
12105	2.421	-0.0868125	0.201706	-0.0015287
12110	2.422	-0.0868338	0.200026	-0.00102779
12115	2.423	-0.0868545	0.198344	-0.000474791
12120	2.424	-0.0868684	0.196575	-0.000124423
12125	2.425	-0.0868744	0.194696	-4.38851e-005
12130	2.426	-0.0868751	0.192731	-0.000160591
12135	2.427	-0.0868742	0.190724	-0.000348677
12140	2.428	-0.0868744	0.188709	-0.000502818
12145	2.429	-0.0868769	0.186702	-0.000573861
12150	2.43	-0.0868818	0.184702	-0.000566828
12155	2.431	-0.0868877	0.182698	-0.000516975
12160	2.432	-0.0868934	0.180677	-0.000463001
12165	2.433	-0.0868983	0.178631	-0.000429539
12170	2.434	-0.0869025	0.176559	-0.000422597
12175	2.435	-0.086906	0.174463	-0.000433456
12180	2.436	-0.0869094	0.172349	-0.000449607
12185	2.437	-0.0869128	0.170219	-0.000461448
12190	2.438	-0.0869165	0.168076	-0.000465
12195	2.439	-0.0869202	0.165919	-0.000461284
12200	2.44	-0.086924	0.163747	-0.000453842
12205	2.441	-0.0869277	0.16156	-0.000446281
12210	2.442	-0.0869312	0.159358	-0.000440754
12215	2.443	-0.0869347	0.15714	-0.000437685
12220	2.444	-0.086938	0.154908	-0.000436299
12225	2.445	-0.0869413	0.152662	-0.000435419
12230	2.446	-0.0869445	0.150402	-0.000434138
12235	2.447	-0.0869477	0.148129	-0.00043206
12240	2.448	-0.0869509	0.145845	-0.000429265
12245	2.449	-0.086954	0.143548	-0.000426087
12250	2.45	-0.0869571	0.141239	-0.000422868
12255	2.451	-0.0869601	0.138919	-0.000419817
12260	2.452	-0.0869631	0.136587	-0.000416982
12265	2.453	-0.086966	0.134245	-0.000414291
12270	2.454	-0.0869688	0.131893	-0.000411638
12275	2.455	-0.0869716	0.129531	-0.000408946
12280	2.456	-0.0869744	0.127159	-0.000406179
12285	2.457	-0.0869771	0.124779	-0.000403339
12290	2.458	-0.0869798	0.12239	-0.000400455
12295	2.459	-0.0869824	0.119993	-0.000397564
12300	2.46	-0.086985	0.117588	-0.00039469
12305	2.461	-0.0869876	0.115175	-0.000391834
12310	2.462	-0.0869901	0.112756	-0.000388999
12315	2.463	-0.0869925	0.11033	-0.000386168
12320	2.464	-0.0869949	0.107898	-0.000383357
12325	2.465	-0.0869973	0.10546	-0.000380542
12330	2.466	-0.0869996	0.103017	-0.000377731
12335	2.467	-0.0870019	0.100568	-0.000374917
12340	2.468	-0.0870042	0.0981156	-0.000372109
12345	2.469	-0.0870064	0.0956586	-0.000369316
12350	2.47	-0.0870086	0.0931977	-0.000366547
12355	2.471	-0.0870107	0.0907333	-0.000363798
12360	2.472	-0.0870128	0.088266	-0.000361068
12365	2.473	-0.0870148	0.0857959	-0.000358352
12370	2.474	-0.0870168	0.0833236	-0.000355643
12375	2.475	-0.0870188	0.0808493	-0.000352947
12380	2.476	-0.0870208	0.0783735	-0.000350285
12385	2.477	-0.0870227	0.0758965	-0.000347645
12390	2.478	-0.0870245	0.0734187	-0.000345025
12395	2.479	-0.0870264	0.0709404	-0.00034243
12400	2.48	-0.0870282	0.068462	-0.000339847
12405	2.481	-0.08703	0.0659839	-0.000337295
12410	2.482	-0.0870317	0.0635063	-0.000334771
12415	2.483	-0.0870334	0.0610297	-0.000332264
12420	2.484	-0.0870351	0.0585544	-0.000329783
12425	2.485	-0.0870367	0.0560807	-0.000327327
12430	2.486	-0.0870383	0.0536089	-0.000324893
12435	2.487	-0.0870399	0.0511394	-0.000322491
12440	2.488	-0.0870414	0.0486725	-0.000320118
12445	2.489	-0.0870429	0.0462086	-0.000317774
12450	2.49	-0.0870444	0.0437479	-0.000315451
12455	2.491	-0.0870459	0.0412907	-0.000313173
12460	2.492	-0.0870473	0.0388374	-0.000310923
12465	2.493	-0.0870487	0.0363882	-0.000308696
12470	2.494	-0.08705	0.0339435	-0.000306498
12475	2.495	-0.0870514	0.0315036	-0.000304334
12480	2.496	-0.0870527	0.0290687	-0.000302199
12485	2.497	-0.0870539	0.0266391	-0.000300087
12490	2.498	-0.0870552	0.0242152	-0.000298008
12495	2.499	-0.0870564	0.0217971	-0.000295962
12500	2.5	-0.0870576	0.0193851	-0.000293948
12505	2.501	-0.0870588	0.0169796	-0.000291972
12510	2.502	-0.0870599	0.0145808	-0.00029002
12515	2.503	-0.087061	0.0121889	-0.000288098
12520	2.504	-0.0870583	0.00980469	-0.000298732
12525	2.505	-0.0870477	0.00743285	-0.000303805
12530	2.506	-0.0870413	0.00507437	-0.000303954
12535	2.507	-0.0870335	0.00272945	-0.000301646
12540	2.508	-0.0870245	0.000398315	-0.000299422
12545	2.509	-0.0870146	-0.00191847	-0.000298745
12550	2.51	-0.0870042	-0.00421998	-0.00029982
12555	2.511	-0.0869935	-0.00650504	-0.000302029
12560	2.512	-0.0869828	-0.00877245	-0.000304528
12565	2.513	-0.0869724	-0.0110211	-0.000306663
12570	2.514	-0.0869622	-0.0132502	-0.000308184
12575	2.515	-0.0869525	-0.0154588	-0.000309168
12580	2.516	-0.0869432	-0.0176463	-0.000309872
12585	2.517	-0.0869345	-0.019812	-0.000310549
12590	2.518	-0.0869264	-0.0219555	-0.000311333
12595	2.519	-0.0869188	-0.0240759	-0.000312262
12600	2.52	-0.0869118	-0.0261728	-0.000313262
12605	2.521	-0.0869055	-0.0282454	-0.000314263
12610	2.522	-0.0868998	-0.0302933	-0.000315214
12615	2.523	-0.0868948	-0.032316	-0.000316098
12620	2.524	-0.0868906	-0.034313	-0.000316916
12625	2.525	-0.086887	-0.0362839	-0.00031769
12630	2.526	-0.0868841	-0.0382283	-0.000318449
12635	2.527	-0.0868819	-0.0401458	-0.000319207
12640	2.528	-0.0868804	-0.0420362	-0.000319971
12645	2.529	-0.0868795	-0.0438991	-0.000320743
12650	2.53	-0.0868793	-0.0457343	-0.000321497
12655	2.531	-0.0868797	-0.0475416	-0.000322242
12660	2.532	-0.0868806	-0.0493206	-0.000322978
12665	2.533	-0.0868821	-0.0510713	-0.000323718
12670	2.534	-0.0868841	-0.0527935	-0.000324455
12675	2.535	-0.0868866	-0.054487	-0.00032519
12680	2.536	-0.0868895	-0.0561517	-0.000325927
12685	2.537	-0.0868928	-0.0577876	-0.000326674
12690	2.538	-0.0868964	-0.0593946	-0.000327427
12695	2.539	-0.0869004	-0.0609726	-0.000328182
12700	2.54	-0.0869047	-0.0625216	-0.000328944
12705	2.541	-0.0869092	-0.0640417	-0.000329706
12710	2.542	-0.086914	-0.0655328	-0.000330439
12715	2.543	-0.0869195	-0.066995	-0.000327638
12720	2.544	-0.0869256	-0.0684296	-0.000320633
12725	2.545	-0.086932	-0.0698384	-0.00031104
12730	2.546	-0.0869383	-0.071223	-0.000302932
12735	2.547	-0.0869442	-0.0725843	-0.000298976
12740	2.548	-0.0869501	-0.0739221	-0.000298865
12745	2.549	-0.0869561	-0.0752358	-0.00030075
12750	2.55	-0.086965	-0.0765249	-0.000303668
12755	2.551	-0.0869749	-0.077789	-0.000306652
12760	2.552	-0.0869853	-0.0790277	-0.000309064
12765	2.553	-0.0869956	-0.0802408	-0.0003105
12770	2.554	-0.087003	-0.0814276	-0.000309691
12775	2.555	-0.0870107	-0.0825878	-0.000306796
12780	2.556	-0.0870193	-0.0837213	-0.000302551
12785	2.557	-0.0870285	-0.0848279	-0.000297735
12790	2.558	-0.0870385	-0.0859074	-0.000292826
12795	2.559	-0.0870492	-0.0869591	-0.000287908
12800	2.56	-0.0870606	-0.0879824	-0.000282784
12805	2.561	-0.0870727	-0.0889765	-0.000277155
12810	2.562	-0.0870856	-0.0899405	-0.000270761
12815	2.563	-0.0870993	-0.0908735	-0.000263462
12820	2.564	-0.0871135	-0.0917745	-0.000255198
12825	2.565	-0.0871284	-0.0926425	-0.000245985
12830	2.566	-0.0871438	-0.0934761	-0.000235849
12835	2.567	-0.0871596	-0.0942742	-0.000224739
12840	2.568	-0.0871757	-0.0950351	-0.000212583
12845	2.569	-0.087192	-0.0957572	-0.000199268
12850	2.57	-0.0872083	-0.0964388	-0.000184699
12855	2.571	-0.0872246	-0.0970777	-0.000168791
12860	2.572	-0.0872407	-0.097672	-0.000151506
12865	2.573	-0.0872565	-0.0982192	-0.000132834
12870	2.574	-0.0873612	-0.0987156	-0.000114749
12875	2.575	-0.0875432	-0.099156	-0.000100922
12880	2.576	-0.0878264	-0.0995356	-8.72956e-005
12885	2.577	-0.0882187	-0.0998499	-7.06766e-005
12890	2.578	-0.0887251	-0.100095	-5.03277e-005
12895	2.579	-0.0893465	-0.100269	-2.58761e-005
12900	2.58	-0.090078	-0.100366	4.0286e-006
12905	2.581	-0.0908967	-0.100378	5.96306e-005
12910	2.582	-0.091783	-0.100294	0.000161815
12915	2.583	-0.0928495	-0.100097	0.000406345
12920	2.584	-0.0942119	-0.0997716	0.000842678
12925	2.585	-0.0958854	-0.099309	0.0014913
12930	2.586	-0.0978552	-0.0987	0.00236861
12935	2.587	-0.100108	-0.0979355	0.00349005
12940	2.588	-0.102635	-0.0970078	0.00486889
12945	2.589	-0.10544	-0.0959093	0.00651706
12950	2.59	-0.108531	-0.094632	0.0084465
12955	2.591	-0.111772	-0.0931686	0.0106778
12960	2.592	-0.114998	-0.091512	0.0132343
12965	2.593	-0.118139	-0.0896546	0.0161338
12970	2.594	-0.12132	-0.0875884	0.0193812
12975	2.595	-0.124826	-0.0853054	0.0229772
12980	2.596	-0.128738	-0.0827971	0.0269452
12985	2.597	-0.133033	-0.0800573	0.0313059
12990	2.598	-0.137624	-0.0770816	0.0360793
12995	2.599	-0.142427	-0.0738671	0.0412813
13000	2.6	-0.147386	-0.0704124	0.0469232
13005	2.601	-0.152487	-0.0667175	0.0530107
13010	2.602	-0.157751	-0.062784	0.0595437
13015	2.603	-0.163225	-0.0586152	0.0665169
13020	2.604	-0.168961	-0.0542157	0.0739204
13025	2.605	-0.175004	-0.0495921	0.0817405
13030	2.606	-0.18138	-0.0447526	0.0899604
13035	2.607	-0.188097	-0.039707	0.098561
13040	2.608	-0.195145	-0.0344662	0.107521
13045	2.609	-0.202502	-0.0290422	0.11682
13050	2.61	-0.210121	-0.0234493	0.126424
13055	2.611	-0.217898	-0.0177025	0.136302
13060	2.612	-0.225698	-0.0118173	0.146423
13065	2.613	-0.233373	-0.00580891	0.156756
13070	2.614	-0.240792	0.000308124	0.16727
13075	2.615	-0.247878	0.00652007	0.177933
13080	2.616	-0.254619	0.0128142	0.188712
13085	2.617	-0.260985	0.0191787	0.199573
13090	2.618	-0.267131	0.0256023	0.210477
13095	2.619	-0.273211	0.0320746	0.221383
13100	2.62	-0.279343	0.038585	0.232255
13105	2.621	-0.285592	0.0451235	0.243059
13110	2.622	-0.291971	0.0516798	0.253765
13115	2.623	-0.298458	0.058244	0.264346
13120	2.624	-0.305006	0.0648062	0.274779
13125	2.625	-0.311542	0.0713613	0.285055
13130	2.626	-0.317994	0.0779068	0.295176
13135	2.627	-0.324348	0.0844406	0.305142
13140	2.628	-0.330571	0.0909612	0.314952
13145	2.629	-0.336649	0.097467	0.324609
13150	2.63	-0.342584	0.103957	0.334112
13155	2.631	-0.348388	0.11043	0.343461
13160	2.632	-0.354073	0.116886	0.352655
13165	2.633	-0.349469	0.123218	0.362136
13170	2.634	-0.348497	0.129558	0.371304
13175	2.635	-0.351424	0.135919	0.380154
13180	2.636	-0.349393	0.142209	0.389062
13185	2.637	-0.349184	0.148498	0.397741
13190	2.638	-0.349256	0.15477	0.406256
13195	2.639	-0.349277	0.161023	0.414622
13200	2.64	-0.349284	0.167256	0.422839
13205	2.641	-0.349292	0.17347	0.430905
13210	2.642	-0.349298	0.179662	0.438822
13215	2.643	-0.349304	0.185833	0.446589
13220	2.644	-0.349308	0.191981	0.454207
13225	2.645	-0.349312	0.198104	0.461675
13230	2.646	-0.349314	0.204203	0.468994
13235	2.647	-0.349315	0.210274	0.476164
13240	2.648	-0.349316	0.216319	0.483185
13245	2.649	-0.349315	0.222334	0.490058
13250	2.65	-0.349314	0.228321	0.496781
13255	2.651	-0.349313	0.234276	0.503356
13260	2.652	-0.34931	0.240201	0.509781
13265	2.653	-0.349308	0.246093	0.516058
13270	2.654	-0.349306	0.251951	0.522185
13275	2.655	-0.349304	0.257775	0.528164
13280	2.656	-0.349302	0.263563	0.533993
13285	2.657	-0.349299	0.269315	0.539673
13290	2.658	-0.349296	0.275028	0.545203
13295	2.659	-0.349294	0.280702	0.550583
13300	2.66	-0.349291	0.286335	0.555813
13305	2.661	-0.349288	0.291927	0.560893
13310	2.662	-0.349286	0.297476	0.565822
13315	2.663	-0.349283	0.302981	0.570601
13320	2.664	-0.34928	0.308443	0.575232
13325	2.665	-0.349278	0.313862	0.579717
13330	2.666	-0.349275	0.319239	0.584058
13335	2.667	-0.349273	0.324575	0.588258
13340	2.668	-0.34927	0.329869	0.592316
13345	2.669	-0.349268	0.335122	0.596237
13350	2.67	-0.349265	0.340334	0.60002
13355	2.671	-0.349263	0.345506	0.603668
13360	2.672	-0.349261	0.350638	0.607182
13365	2.673	-0.349258	0.35573	0.610564
13370	2.674	-0.349256	0.360783	0.613816
13375	2.675	-0.349254	0.365796	0.616937
13380	2.676	-0.349251	0.37077	0.619931
13385	2.677	-0.349249	0.375705	0.622797
13390	2.678	-0.349247	0.380602	0.625538
13395	2.679	-0.349245	0.38546	0.628154
13400	2.68	-0.349243	0.390279	0.630647
13405	2.681	-0.34924	0.39506	0.633017
13410	2.682	-0.349238	0.399802	0.635266
13415	2.683	-0.349236	0.404506	0.637395
13420	2.684	-0.325368	0.401844	0.631536
13425	2.685	-0.307076	0.399209	0.625289
13430	2.686	-0.294289	0.39661	0.618679
13435	2.687	-0.286559	0.394049	0.611745
13440	2.688	-0.283506	0.391527	0.604518
13445	2.689	-0.2849	0.389049	0.597023
13450	2.69	-0.290617	0.386621	0.589281
13455	2.691	-0.300545	0.38425	0.581314
13460	2.692	-0.314728	0.381949	0.57317
13465	2.693	-0.329898	0.379694	0.565033
13470	2.694	-0.343025	0.377459	0.557076
13475	2.695	-0.352375	0.375236	0.549421
13480	2.696	-0.34939	0.372929	0.542485
13485	2.697	-0.346013	0.370687	0.535782
13490	2.698	-0.343785	0.368545	0.52929
13495	2.699	-0.34313	0.366527	0.523019
13500	2.7	-0.344202	0.364649	0.516985
13505	2.701	-0.346555	0.362918	0.511224
13510	2.702	-0.349473	0.361337	0.505782
13515	2.703	-0.349188	0.359869	0.500832
13520	2.704	-0.349088	0.358554	0.49624
13525	2.705	-0.349103	0.357395	0.492013
13530	2.706	-0.349118	0.356392	0.488156
13535	2.707	-0.34913	0.355543	0.484666
13540	2.708	-0.349138	0.354848	0.481539
13545	2.709	-0.349144	0.354304	0.478765
13550	2.71	-0.34915	0.353907	0.476333
13555	2.711	-0.349154	0.353653	0.47423
13560	2.712	-0.349158	0.353538	0.47244
13565	2.713	-0.349161	0.353556	0.470947
13570	2.714	-0.349163	0.353702	0.469731
13575	2.715	-0.349165	0.353967	0.468772
13580	2.716	-0.349166	0.354347	0.468049
13585	2.717	-0.349167	0.354834	0.467541
13590	2.718	-0.349168	0.355419	0.467224
13595	2.719	-0.34917	0.356097	0.467078
13600	2.72	-0.349171	0.356858	0.467078
13605	2.721	-0.349172	0.357696	0.467203
13610	2.722	-0.349173	0.358602	0.46743
13615	2.723	-0.349173	0.359569	0.467738
13620	2.724	-0.349174	0.360589	0.468106
13625	2.725	-0.349174	0.361657	0.468514
13630	2.726	-0.349175	0.362764	0.468943
13635	2.727	-0.349175	0.363905	0.469375
13640	2.728	-0.349175	0.365073	0.469792
13645	2.729	-0.349174	0.366265	0.47019
13650	2.73	-0.349173	0.367481	0.470566
13655	2.731	-0.349171	0.368717	0.470918
13660	2.732	-0.34917	0.369973	0.471242
13665	2.733	-0.349169	0.371246	0.471535
13670	2.734	-0.349168	0.372535	0.471797
13675	2.735	-0.349166	0.373838	0.472023
13680	2.736	-0.349165	0.375154	0.472211
13685	2.737	-0.349164	0.376481	0.47236
13690	2.738	-0.349162	0.377817	0.472466
13695	2.739	-0.349161	0.37916	0.472528
13700	2.74	-0.349159	0.38051	0.472543
13705	2.741	-0.349158	0.381865	0.472509
13710	2.742	-0.349156	0.383223	0.472424
13715	2.743	-0.349154	0.384583	0.472287
13720	2.744	-0.349152	0.385944	0.472094
13725	2.745	-0.34915	0.387303	0.471844
13730	2.746	-0.349148	0.388661	0.471536
13735	2.747	-0.349146	0.390015	0.471166
13740	2.748	-0.349144	0.391364	0.470734
13745	2.749	-0.349141	0.392706	0.470237
13750	2.75	-0.349139	0.394042	0.469674
13755	2.751	-0.349136	0.395368	0.469043
13760	2.752	-0.349134	0.396685	0.468342
13765	2.753	-0.349131	0.39799	0.467568
13770	2.754	-0.349128	0.399283	0.466722
13775	2.755	-0.349125	0.400561	0.4658
13780	2.756	-0.349122	0.401825	0.4648
13785	2.757	-0.345392	0.401512	0.461653
13790	2.758	-0.343732	0.401205	0.458334
13795	2.759	-0.344003	0.400907	0.454856
13800	2.76	-0.34582	0.400616	0.451237
13805	2.761	-0.348444	0.400327	0.447514
13810	2.762	-0.351271	0.40003	0.443712
13815	2.763	-0.349242	0.399669	0.44005
13820	2.764	-0.348096	0.399302	0.43628
13825	2.765	-0.347937	0.398934	0.432398
13830	2.766	-0.348502	0.398565	0.428425
13835	2.767	-0.349384	0.398194	0.42439
13840	2.768	-0.349108	0.397811	0.420367
13845	2.769	-0.348772	0.397428	0.41632
13850	2.77	-0.348218	0.397049	0.412264
13855	2.771	-0.34731	0.396672	0.408215
13860	2.772	-0.34595	0.396301	0.404182
13865	2.773	-0.344067	0.395936	0.400176
13870	2.774	-0.341614	0.395577	0.396203
13875	2.775	-0.33854	0.395225	0.392269
13880	2.776	-0.334778	0.394877	0.388378
13885	2.777	-0.330237	0.394532	0.384532
13890	2.778	-0.324802	0.394187	0.380736
13895	2.779	-0.318343	0.393837	0.37699
13900	2.78	-0.310735	0.393478	0.373296
13905	2.781	-0.30188	0.393106	0.36965
13910	2.782	-0.291726	0.392715	0.366047
13915	2.783	-0.280283	0.392301	0.362476
13920	2.784	-0.267619	0.39186	0.358924
13925	2.785	-0.253845	0.391387	0.355374
13930	2.786	-0.239053	0.39088	0.351813
13935	2.787	-0.223491	0.390336	0.348218
13940	2.788	-0.207391	0.389751	0.34457
13945	2.789	-0.190937	0.389125	0.340852
13950	2.79	-0.174259	0.388453	0.337052
13955	2.791	-0.157434	0.387733	0.333158
13960	2.792	-0.140507	0.386961	0.329163
13965	2.793	-0.123508	0.386135	0.32506
13970	2.794	-0.106458	0.385251	0.320845
13975	2.795	-0.0893889	0.384307	0.316514
13980	2.796	-0.0723369	0.383301	0.312063
13985	2.797	-0.0858977	0.382683	0.306808
13990	2.798	-0.0883495	0.381882	0.301776
13995	2.799	-0.0793135	0.380869	0.296972
14000	2.8	-0.086101	0.380023	0.291713
14005	2.801	-0.0868775	0.379041	0.286548
14010	2.802	-0.0866134	0.377989	0.281354
14015	2.803	-0.086525	0.376882	0.276103
14020	2.804	-0.0864935	0.375719	0.270801
14025	2.805	-0.0864625	0.3745	0.265457
14030	2.806	-0.0864319	0.373228	0.260078
14035	2.807	-0.0864043	0.371903	0.25467
14040	2.808	-0.0863787	0.370529	0.24924
14045	2.809	-0.0863596	0.369109	0.243795
14050	2.81	-0.0863441	0.367644	0.23834
14055	2.811	-0.0863317	0.366137	0.232881
14060	2.812	-0.0863224	0.364588	0.227423
14065	2.813	-0.0863161	0.362999	0.22197
14070	2.814	-0.0863124	0.361372	0.216526
14075	2.815	-0.0863109	0.359707	0.211094
14080	2.816	-0.0863119	0.358005	0.205678
14085	2.817	-0.0863131	0.356267	0.200279
14090	2.818	-0.0863154	0.354494	0.1949
14095	2.819	-0.0863187	0.352685	0.189543
14100	2.82	-0.0863229	0.350843	0.18421
14105	2.821	-0.0863279	0.348966	0.178902
14110	2.822	-0.0863337	0.347057	0.17362
14115	2.823	-0.0863402	0.345115	0.168367
14120	2.824	-0.0863473	0.343143	0.163146
14125	2.825	-0.086355	0.341141	0.157958
14130	2.826	-0.0863632	0.339111	0.152805
14135	2.827	-0.0863718	0.337054	0.147689
14140	2.828	-0.0863809	0.334971	0.142612
14145	2.829	-0.0863903	0.332862	0.137575
14150	2.83	-0.0864001	0.330729	0.132579
14155	2.831	-0.0864102	0.328573	0.127625
14160	2.832	-0.0864206	0.326394	0.122714
14165	2.833	-0.0864311	0.324193	0.117847
14170	2.834	-0.0864418	0.321972	0.113023
14175	2.835	-0.0864526	0.319729	0.108243
14180	2.836	-0.0864635	0.317467	0.103508
14185	2.837	-0.0864745	0.315186	0.0988173
14190	2.838	-0.0864855	0.312886	0.094171
14195	2.839	-0.0864966	0.310567	0.0895688
14200	2.84	-0.0865076	0.308231	0.0850106
14205	2.841	-0.0865186	0.305878	0.0804961
14210	2.842	-0.0865296	0.303508	0.0760248
14215	2.843	-0.0865405	0.301121	0.0715963
14220	2.844	-0.0865513	0.298718	0.0672102
14225	2.845	-0.086562	0.2963	0.0628658
14230	2.846	-0.0865726	0.293866	0.0585626
14235	2.847	-0.086583	0.291418	0.0543001
14240	2.848	-0.0865934	0.288955	0.0500776
14245	2.849	-0.0866036	0.286477	0.0458945
14250	2.85	-0.0866136	0.283986	0.0417504
14255	2.851	-0.0866235	0.281481	0.0376445
14260	2.852	-0.0866333	0.278963	0.0335763
14265	2.853	-0.0866428	0.276432	0.0295454
14270	2.854	-0.0866522	0.273889	0.025551
14275	2.855	-0.0866615	0.271333	0.0215928
14280	2.856	-0.0866705	0.268766	0.0176703
14285	2.857	-0.0866794	0.266187	0.0137831
14290	2.858	-0.0866882	0.263597	0.0099307
14295	2.859	-0.0866967	0.260997	0.00611279
14300	2.86	-0.0867051	0.258387	0.002329
14305	2.861	-0.0867133	0.255766	-0.00142098
14310	2.862	-0.0866405	0.253827	-0.00303864
14315	2.863	-0.0866568	0.252503	-0.00273491
14320	2.864	-0.0867045	0.251485	-0.00143484
14325	2.865	-0.0867479	0.250455	-0.000104629
14330	2.866	-0.0867588	0.249369	0.00113075
14335	2.867	-0.0867647	0.248212	0.00222295
14340	2.868	-0.0867713	0.246969	0.00313099
14345	2.869	-0.086778	0.245628	0.00382067
14350	2.87	-0.0867846	0.244181	0.00426401
14355	2.871	-0.0867912	0.24262	0.00443891
14360	2.872	-0.0867977	0.24094	0.00432888
14365	2.873	-0.0868041	0.239136	0.00392261
14370	2.874	-0.0868105	0.237207	0.00321359
14375	2.875	-0.0868172	0.235153	0.00219962
14380	2.876	-0.086823	0.232974	0.000882746
14385	2.877	-0.0868286	0.230673	-0.00073144
14390	2.878	-0.0867926	0.228608	-0.00155841
14395	2.879	-0.0867975	0.226786	-0.00157645
14400	2.88	-0.0868181	0.225103	-0.00110801
14405	2.881	-0.0868394	0.223425	-0.000548352
14410	2.882	-0.0868544	0.221664	-0.000170941
14415	2.883	-0.0868613	0.219791	-6.25886e-005
14420	2.884	-0.0868626	0.217825	-0.000162727
14425	2.885	-0.0868619	0.215809	-0.000347957
14430	2.886	-0.0868621	0.213779	-0.000508698
14435	2.887	-0.0868645	0.211753	-0.000589284
14440	2.888	-0.0868695	0.209731	-0.000589635
14445	2.889	-0.0868755	0.207704	-0.000542803
14450	2.89	-0.0868814	0.205658	-0.000487997
14455	2.891	-0.0868867	0.203585	-0.000451762
14460	2.892	-0.0868911	0.201483	-0.000442014
14465	2.893	-0.0868949	0.199354	-0.000451695
14470	2.894	-0.0868984	0.197203	-0.000468025
14475	2.895	-0.086902	0.195033	-0.000480682
14480	2.896	-0.0869058	0.192847	-0.000485005
14485	2.897	-0.0869097	0.190645	-0.000481612
14490	2.898	-0.0869136	0.188426	-0.000474005
14495	2.899	-0.0869175	0.18619	-0.000465957
14500	2.9	-0.0869213	0.183935	-0.000459848
14505	2.901	-0.0869249	0.181662	-0.000456286
14510	2.902	-0.0869284	0.179371	-0.000454548
14515	2.903	-0.0869318	0.177064	-0.000453452
14520	2.904	-0.0869352	0.174742	-0.000452009
14525	2.905	-0.0869386	0.172404	-0.000449769
14530	2.906	-0.0869419	0.170052	-0.000446769
14535	2.907	-0.0869452	0.167685	-0.000443336
14540	2.908	-0.0869484	0.165304	-0.000439831
14545	2.909	-0.0869516	0.162909	-0.000436489
14550	2.91	-0.0869547	0.160501	-0.000433368
14555	2.911	-0.0869578	0.15808	-0.000430407
14560	2.912	-0.0869608	0.155646	-0.000427498
14565	2.913	-0.0869638	0.153201	-0.000424553
14570	2.914	-0.0869667	0.150744	-0.000421532
14575	2.915	-0.0869696	0.148276	-0.000418427
14580	2.916	-0.0869724	0.145798	-0.00041528
14585	2.917	-0.0869752	0.143309	-0.000412125
14590	2.918	-0.086978	0.140811	-0.000408986
14595	2.919	-0.0869807	0.138304	-0.000405867
14600	2.92	-0.0869833	0.135787	-0.000402775
14605	2.921	-0.0869859	0.133263	-0.000399691
14610	2.922	-0.0869885	0.13073	-0.000396615
14615	2.923	-0.086991	0.12819	-0.000393539
14620	2.924	-0.0869935	0.125643	-0.000390463
14625	2.925	-0.0869959	0.123089	-0.000387387
14630	2.926	-0.0869983	0.120529	-0.000384324
14635	2.927	-0.0870007	0.117963	-0.00038128
14640	2.928	-0.087003	0.115392	-0.000378252
14645	2.929	-0.0870053	0.112816	-0.000375245
14650	2.93	-0.0870075	0.110236	-0.000372253
14655	2.931	-0.0870097	0.107651	-0.000369278
14660	2.932	-0.0870119	0.105063	-0.000366321
14665	2.933	-0.087014	0.102471	-0.000363387
14670	2.934	-0.0870161	0.0998768	-0.000360468
14675	2.935	-0.0870181	0.0972799	-0.000357568
14680	2.936	-0.0870201	0.094681	-0.000354695
14685	2.937	-0.0870221	0.0920804	-0.000351857
14690	2.938	-0.087024	0.0894785	-0.000349043
14695	2.939	-0.0870259	0.0868757	-0.000346245
14700	2.94	-0.0870278	0.0842724	-0.000343468
14705	2.941	-0.0870296	0.081669	-0.000340719
14710	2.942	-0.0870314	0.0790658	-0.000337998
14715	2.943	-0.0870332	0.0764633	-0.000335312
14720	2.944	-0.0870349	0.0738618	-0.000332651
14725	2.945	-0.0870366	0.0712616	-0.000330012
14730	2.946	-0.0870383	0.0686631	-0.000327405
14735	2.947	-0.0870399	0.0660666	-0.000324837
14740	2.948	-0.0870415	0.0634726	-0.000322289
14745	2.949	-0.0870431	0.0608813	-0.000319773
14750	2.95	-0.0870446	0.0582931	-0.000317285
14755	2.951	-0.0870461	0.0557084	-0.000314832
14760	2.952	-0.0870476	0.0531274	-0.000312411
14765	2.953	-0.0870491	0.0505504	-0.000310021
14770	2.954	-0.0870505	0.0479779	-0.000307669
14775	2.955	-0.0870519	0.04541	-0.000305344
14780	2.956	-0.0870532	0.0428472	-0.000303056
14785	2.957	-0.0870546	0.0402897	-0.000300801
14790	2.958	-0.0870559	0.0377379	-0.000298582
14795	2.959	-0.0870572	0.0351919	-0.000296397
14800	2.96	-0.0870584	0.0326522	-0.000294249
14805	2.961	-0.0870596	0.030119	-0.000292131
14810	2.962	-0.0870608	0.0275925	-0.000290042
14815	2.963	-0.087062	0.0250731	-0.000287978
14820	2.964	-0.0870631	0.022561	-0.000285948
14825	2.965	-0.0870642	0.0200565	-0.000283958
14830	2.966	-0.0870653	0.0175599	-0.000282006
14835	2.967	-0.0870664	0.0150713	-0.000280093
14840	2.968	-0.0870674	0.0125911	-0.000278221
14845	2.969	-0.0870656	0.01012	-0.000289397
14850	2.97	-0.0870563	0.00766291	-0.000294751
14855	2.971	-0.0870513	0.00522083	-0.00029495
14860	2.972	-0.0870449	0.00279391	-0.000292579
14865	2.973	-0.0870369	0.00038237	-0.000290285
14870	2.974	-0.0870277	-0.00201323	-0.00028961
14875	2.975	-0.0870177	-0.00439194	-0.000290777
14880	2.976	-0.0870071	-0.00675259	-0.000293139
14885	2.977	-0.0869964	-0.00909393	-0.000295798
14890	2.978	-0.0869857	-0.0114149	-0.000298087
14895	2.979	-0.0869752	-0.0137145	-0.000299732
14900	2.98	-0.0869651	-0.015992	-0.000300816
14905	2.981	-0.0869554	-0.0182467	-0.000301613
14910	2.982	-0.0869461	-0.0204781	-0.000302371
14915	2.983	-0.0869374	-0.0226854	-0.000303235
14920	2.984	-0.0869292	-0.0248681	-0.000304243
14925	2.985	-0.0869216	-0.0270256	-0.000305346
14930	2.986	-0.0869145	-0.0291572	-0.000306458
14935	2.987	-0.0869081	-0.0312625	-0.000307516
14940	2.988	-0.0869024	-0.033341	-0.000308502
14945	2.989	-0.0868973	-0.0353922	-0.000309406
14950	2.99	-0.0868928	-0.0374157	-0.000310279
14955	2.991	-0.0868891	-0.0394112	-0.000311136
14960	2.992	-0.086886	-0.0413784	-0.000311987
14965	2.993	-0.0868836	-0.0433169	-0.00031284
14970	2.994	-0.0868819	-0.0452265	-0.000313694
14975	2.995	-0.0868809	-0.0471069	-0.000314545
14980	2.996	-0.0868805	-0.0489579	-0.000315387
14985	2.997	-0.0868807	-0.0507794	-0.000316204
14990	2.998	-0.0868815	-0.0525711	-0.000317019
14995	2.999	-0.0868828	-0.054333	-0.000317826
15000	3	-0.0868846	-0.0560649	-0.000318661
15005	3.001	-0.086887	-0.0577668	-0.000319498
15010	3.002	-0.0868898	-0.0594386	-0.000320343
15015	3.003	-0.086893	-0.0610803	-0.000321185
15020	3.004	-0.0868966	-0.0626919	-0.000322023
15025	3.005	-0.0869005	-0.0642733	-0.000322869
15030	3.006	-0.0869047	-0.0658247	-0.00032372
15035	3.007	-0.0869097	-0.0673462	-0.000320976
15040	3.008	-0.0869154	-0.0688391	-0.000313923
15045	3.009	-0.0869215	-0.0703055	-0.000304224
15050	3.01	-0.0869273	-0.071747	-0.00029675
15055	3.011	-0.0869329	-0.0731646	-0.00029378
15060	3.012	-0.0869385	-0.074558	-0.000294678
15065	3.013	-0.0869456	-0.0759267	-0.000297938
15070	3.014	-0.086955	-0.0772704	-0.000302295
15075	3.015	-0.086965	-0.0785885	-0.000306601
15080	3.016	-0.0869754	-0.0798808	-0.000310161
15085	3.017	-0.0869824	-0.0811469	-0.000311407
15090	3.018	-0.0869887	-0.0823864	-0.000310161
15095	3.019	-0.0869955	-0.0835994	-0.000307194
15100	3.02	-0.0870028	-0.084786	-0.000303491
15105	3.021	-0.0870107	-0.0859462	-0.000299786
15110	3.022	-0.0870192	-0.0870796	-0.00029634
15115	3.023	-0.0870283	-0.0881859	-0.000292983
15120	3.024	-0.0870382	-0.0892646	-0.000289376
15125	3.025	-0.0870488	-0.0903149	-0.000285202
15130	3.026	-0.0870601	-0.0913362	-0.00028024
15135	3.027	-0.0870723	-0.0923279	-0.000274422
15140	3.028	-0.0870851	-0.0932892	-0.000267757
15145	3.029	-0.0870987	-0.0942193	-0.000260296
15150	3.03	-0.0871129	-0.0951172	-0.000252074
15155	3.031	-0.0871277	-0.0959818	-0.000243063
15160	3.032	-0.087143	-0.0968121	-0.000233193
15165	3.033	-0.0871588	-0.0976066	-0.000222354
15170	3.034	-0.0871748	-0.0983638	-0.000210426
15175	3.035	-0.0871911	-0.0990822	-0.0001973
15180	3.036	-0.0872075	-0.09976	-0.000182893
15185	3.037	-0.0872238	-0.100395	-0.000167126
15190	3.038	-0.0872399	-0.100986	-0.00014998
15195	3.039	-0.0872558	-0.101529	-0.000131443
15200	3.04	-0.0873695	-0.102022	-0.000113438
15205	3.041	-0.0875509	-0.102459	-9.95193e-005
15210	3.042	-0.0878562	-0.102836	-8.63497e-005
15215	3.043	-0.0882885	-0.103146	-7.03578e-005
15220	3.044	-0.0888478	-0.103388	-5.0485e-005
15225	3.045	-0.0895292	-0.103558	-2.64562e-005
15230	3.046	-0.0903233	-0.103651	2.60598e-006
15235	3.047	-0.0912019	-0.10366	5.69267e-005
15240	3.048	-0.092141	-0.103573	0.000157356
15245	3.049	-0.0932555	-0.103372	0.000403234
15250	3.05	-0.094658	-0.103044	0.000841472
15255	3.051	-0.0963601	-0.102579	0.0014923
15260	3.052	-0.0983464	-0.101967	0.0023721
15265	3.053	-0.100604	-0.1012	0.00349626
15270	3.054	-0.103128	-0.100271	0.00487768
15275	3.055	-0.105921	-0.0991708	0.00652826
15280	3.056	-0.108996	-0.0978924	0.0084598
15285	3.057	-0.1122	-0.0964285	0.0106938
15290	3.058	-0.115387	-0.0947718	0.0132527
15295	3.059	-0.118495	-0.0929144	0.0161538
15300	3.06	-0.121675	-0.0908484	0.0194005
15305	3.061	-0.125182	-0.0885657	0.0229955
15310	3.062	-0.129098	-0.0860577	0.0269624
15315	3.063	-0.133402	-0.0833181	0.031322
15320	3.064	-0.138005	-0.0803425	0.0360945
15325	3.065	-0.142821	-0.0771279	0.0412963
15330	3.066	-0.147791	-0.0736727	0.0469389
15335	3.067	-0.152899	-0.0699771	0.0530281
15340	3.068	-0.158169	-0.0660426	0.0595642
15345	3.069	-0.163648	-0.0618721	0.0665418
15350	3.07	-0.16939	-0.0574706	0.0739511
15355	3.071	-0.175441	-0.0528445	0.0817786
15360	3.072	-0.181829	-0.0480019	0.0900074
15365	3.073	-0.188562	-0.0429526	0.0986186
15370	3.074	-0.195628	-0.0377076	0.107591
15375	3.075	-0.203009	-0.0322788	0.116903
15380	3.076	-0.210651	-0.0266806	0.126523
15385	3.077	-0.218446	-0.0209282	0.136417
15390	3.078	-0.226254	-0.015037	0.146556
15395	3.079	-0.233927	-0.00902226	0.156908
15400	3.08	-0.241335	-0.00289847	0.167443
15405	3.081	-0.248406	0.00332066	0.178128
15410	3.082	-0.255126	0.00962248	0.18893
15415	3.083	-0.26148	0.0159951	0.199815
15420	3.084	-0.267624	0.0224275	0.210742
15425	3.085	-0.273712	0.0289089	0.221673
15430	3.086	-0.279857	0.0354291	0.232569
15435	3.087	-0.286123	0.0419777	0.243398
15440	3.088	-0.29252	0.0485445	0.254129
15445	3.089	-0.299022	0.0551195	0.264736
15450	3.09	-0.305582	0.0616928	0.275194
15455	3.091	-0.31213	0.0682593	0.285497
15460	3.092	-0.318592	0.0748166	0.295644
15465	3.093	-0.324956	0.0813626	0.305637
15470	3.094	-0.331187	0.0878956	0.315475
15475	3.095	-0.337273	0.0944144	0.32516
15480	3.096	-0.343217	0.100918	0.334691
15485	3.097	-0.349029	0.107405	0.344069
15490	3.098	-0.354722	0.113875	0.353292
15495	3.099	-0.349494	0.120215	0.36283
15500	3.1	-0.34813	0.126565	0.372047
15505	3.101	-0.350915	0.132939	0.380935
15510	3.102	-0.349375	0.13925	0.389855
15515	3.103	-0.349203	0.145556	0.398565
15520	3.104	-0.349259	0.151846	0.407114
15525	3.105	-0.349278	0.158117	0.415515
15530	3.106	-0.349286	0.164369	0.423766
15535	3.107	-0.349293	0.170602	0.431868
15540	3.108	-0.349299	0.176814	0.439821
15545	3.109	-0.349305	0.183005	0.447625
15550	3.11	-0.34931	0.189174	0.455279
15555	3.111	-0.349313	0.195319	0.462786
15560	3.112	-0.349315	0.201439	0.470143
15565	3.113	-0.349316	0.207533	0.477352
15570	3.114	-0.349317	0.2136	0.484413
15575	3.115	-0.349316	0.21964	0.491325
15580	3.116	-0.349315	0.22565	0.49809
15585	3.117	-0.349313	0.231631	0.504705
15590	3.118	-0.349311	0.237581	0.511173
15595	3.119	-0.349309	0.243499	0.517492
15600	3.12	-0.349307	0.249384	0.523663
15605	3.121	-0.349305	0.255235	0.529685
15610	3.122	-0.349302	0.261051	0.535558
15615	3.123	-0.3493	0.266831	0.541283
15620	3.124	-0.349297	0.272574	0.546858
15625	3.125	-0.349294	0.278277	0.552284
15630	3.126	-0.349292	0.283941	0.557561
15635	3.127	-0.349289	0.289564	0.562687
15640	3.128	-0.349286	0.295144	0.567664
15645	3.129	-0.349283	0.30068	0.57249
15650	3.13	-0.349281	0.306174	0.577168
15655	3.131	-0.349278	0.311625	0.581701
15660	3.132	-0.349276	0.317034	0.586089
15665	3.133	-0.349273	0.322401	0.590335
15670	3.134	-0.349271	0.327728	0.594441
15675	3.135	-0.349268	0.333013	0.598408
15680	3.136	-0.349266	0.338258	0.602238
15685	3.137	-0.349264	0.343462	0.605933
15690	3.138	-0.349261	0.348627	0.609494
15695	3.139	-0.349259	0.353752	0.612923
15700	3.14	-0.349257	0.358837	0.616221
15705	3.141	-0.349254	0.363884	0.61939
15710	3.142	-0.349252	0.368891	0.62243
15715	3.143	-0.34925	0.37386	0.625344
15720	3.144	-0.349248	0.37879	0.628132
15725	3.145	-0.349245	0.383681	0.630795
15730	3.146	-0.349243	0.388534	0.633335
15735	3.147	-0.349241	0.393349	0.635752
15740	3.148	-0.349239	0.398126	0.638049
15745	3.149	-0.349237	0.402865	0.640225
15750	3.15	-0.331135	0.401758	0.636018
15755	3.151	-0.318362	0.400682	0.63146
15760	3.152	-0.310693	0.399641	0.62658
15765	3.153	-0.307677	0.398636	0.621408
15770	3.154	-0.308956	0.397668	0.615969
15775	3.155	-0.314286	0.396732	0.610276
15780	3.156	-0.323513	0.395828	0.604337
15785	3.157	-0.336111	0.394947	0.598174
15790	3.158	-0.349167	0.394052	0.591911
15795	3.159	-0.349495	0.392979	0.586136
15800	3.16	-0.349121	0.391879	0.580361
15805	3.161	-0.349112	0.39078	0.574582
15810	3.162	-0.349139	0.389693	0.568849
15815	3.163	-0.349146	0.388631	0.563195
15820	3.164	-0.349147	0.387607	0.557646
15825	3.165	-0.34915	0.386634	0.552226
15830	3.166	-0.349152	0.38572	0.546955
15835	3.167	-0.349152	0.384876	0.541854
15840	3.168	-0.349153	0.384108	0.536938
15845	3.169	-0.349154	0.383423	0.532222
15850	3.17	-0.349156	0.382825	0.527716
15855	3.171	-0.349159	0.382319	0.52343
15860	3.172	-0.349163	0.381907	0.51937
15865	3.173	-0.349166	0.381589	0.51554
15870	3.174	-0.349168	0.381368	0.511942
15875	3.175	-0.349169	0.381242	0.508575
15880	3.176	-0.34917	0.381213	0.505437
15885	3.177	-0.349171	0.381279	0.502524
15890	3.178	-0.349171	0.381438	0.49983
15895	3.179	-0.349171	0.381688	0.497347
15900	3.18	-0.349171	0.382026	0.495068
15905	3.181	-0.349171	0.382451	0.492983
15910	3.182	-0.34917	0.382957	0.49108
15915	3.183	-0.34917	0.383543	0.489347
15920	3.184	-0.34917	0.384202	0.487773
15925	3.185	-0.34917	0.384932	0.486343
15930	3.186	-0.34917	0.385726	0.485045
15935	3.187	-0.34917	0.386582	0.483865
15940	3.188	-0.34917	0.387493	0.482788
15945	3.189	-0.34917	0.388454	0.481801
15950	3.19	-0.34917	0.389462	0.48089
15955	3.191	-0.34917	0.390511	0.480041
15960	3.192	-0.349169	0.391596	0.47924
15965	3.193	-0.349169	0.392713	0.478475
15970	3.194	-0.349169	0.393857	0.477734
15975	3.195	-0.349169	0.395023	0.477004
15980	3.196	-0.349168	0.396208	0.476275
15985	3.197	-0.349168	0.397407	0.475535
15990	3.198	-0.349167	0.398617	0.474774
15995	3.199	-0.349167	0.399833	0.473984
16000	3.2	-0.349166	0.401053	0.473157
16005	3.201	-0.349165	0.402274	0.472283
16010	3.202	-0.345209	0.401534	0.468735
16015	3.203	-0.344383	0.400827	0.464992
16020	3.204	-0.346328	0.40016	0.461096
16025	3.205	-0.350216	0.399534	0.457107
16030	3.206	-0.349296	0.398876	0.453338
16035	3.207	-0.349114	0.398252	0.449567
16040	3.208	-0.349137	0.397661	0.445833
16045	3.209	-0.349147	0.397105	0.442162
16050	3.21	-0.349148	0.39659	0.438565
16055	3.211	-0.349147	0.396118	0.435053
16060	3.212	-0.349145	0.395693	0.431635
16065	3.213	-0.349141	0.395319	0.428316
16070	3.214	-0.349139	0.394997	0.425103
16075	3.215	-0.349136	0.394729	0.421997
16080	3.216	-0.349134	0.394517	0.419001
16085	3.217	-0.349131	0.39436	0.416113
16090	3.218	-0.349129	0.394258	0.413333
16095	3.219	-0.349127	0.394211	0.410656
16100	3.22	-0.349126	0.394216	0.408079
16105	3.221	-0.349124	0.394272	0.405595
16110	3.222	-0.349122	0.394376	0.403199
16115	3.223	-0.349121	0.394527	0.400881
16120	3.224	-0.349119	0.394721	0.398635
16125	3.225	-0.349117	0.394955	0.39645
16130	3.226	-0.349115	0.395226	0.394318
16135	3.227	-0.349112	0.39553	0.39223
16140	3.228	-0.34911	0.395864	0.390175
16145	3.229	-0.349107	0.396225	0.388143
16150	3.23	-0.349104	0.396609	0.386125
16155	3.231	-0.349101	0.397012	0.384111
16160	3.232	-0.349098	0.397431	0.382093
16165	3.233	-0.349095	0.397862	0.38006
16170	3.234	-0.34909	0.398303	0.378006
16175	3.235	-0.349086	0.398749	0.375921
16180	3.236	-0.349081	0.399199	0.373799
16185	3.237	-0.349074	0.399649	0.371632
16190	3.238	-0.349067	0.400097	0.369416
16195	3.239	-0.348885	0.400537	0.367151
16200	3.24	-0.348337	0.400966	0.364842
16205	3.241	-0.347287	0.40138	0.36249
16210	3.242	-0.345647	0.401775	0.360094
16215	3.243	-0.341423	0.401462	0.356682
16220	3.244	-0.337033	0.401127	0.353195
16225	3.245	-0.332511	0.400773	0.34964
16230	3.246	-0.327787	0.4004	0.346025
16235	3.247	-0.32261	0.400006	0.342367
16240	3.248	-0.31668	0.399588	0.33868
16245	3.249	-0.309645	0.39914	0.334982
16250	3.25	-0.30124	0.398659	0.331284
16255	3.251	-0.291327	0.39814	0.327588
16260	3.252	-0.279904	0.397579	0.323892
16265	3.253	-0.267078	0.396975	0.320184
16270	3.254	-0.253035	0.396325	0.316452
16275	3.255	-0.237958	0.395629	0.312681
16280	3.256	-0.22205	0.394887	0.308856
16285	3.257	-0.205602	0.394097	0.304961
16290	3.258	-0.188841	0.39326	0.300982
16295	3.259	-0.171916	0.392375	0.29691
16300	3.26	-0.154909	0.39144	0.292738
16305	3.261	-0.137854	0.390454	0.288463
16310	3.262	-0.120761	0.389414	0.284084
16315	3.263	-0.10364	0.388318	0.279598
16320	3.264	-0.0865132	0.387167	0.275007
16325	3.265	-0.0865026	0.3862	0.269907
16330	3.266	-0.0869647	0.385208	0.264754
16335	3.267	-0.0868852	0.384174	0.25958
16340	3.268	-0.0867843	0.383096	0.254369
16345	3.269	-0.0867028	0.381971	0.249117
16350	3.27	-0.086638	0.380797	0.243825
16355	3.271	-0.0865834	0.379573	0.238498
16360	3.272	-0.0865364	0.3783	0.233138
16365	3.273	-0.086496	0.376977	0.227753
16370	3.274	-0.0864602	0.375606	0.222346
16375	3.275	-0.0864282	0.37419	0.216925
16380	3.276	-0.0863995	0.372729	0.211496
16385	3.277	-0.0863752	0.371227	0.206065
16390	3.278	-0.0863561	0.369684	0.200637
16395	3.279	-0.0863407	0.368104	0.195217
16400	3.28	-0.0863284	0.366486	0.18981
16405	3.281	-0.0863193	0.364833	0.184418
16410	3.282	-0.0863131	0.363146	0.179045
16415	3.283	-0.0863094	0.361424	0.173694
16420	3.284	-0.0863078	0.35967	0.168367
16425	3.285	-0.0863086	0.357882	0.163065
16430	3.286	-0.0863096	0.356062	0.15779
16435	3.287	-0.0863118	0.35421	0.152543
16440	3.288	-0.0863151	0.352326	0.147326
16445	3.289	-0.0863193	0.350412	0.14214
16450	3.29	-0.0863244	0.348468	0.136987
16455	3.291	-0.0863303	0.346496	0.131869
16460	3.292	-0.0863368	0.344497	0.126787
16465	3.293	-0.0863439	0.34247	0.121743
16470	3.294	-0.0863517	0.340418	0.116737
16475	3.295	-0.0863599	0.33834	0.111771
16480	3.296	-0.0863686	0.336237	0.106845
16485	3.297	-0.0863777	0.334111	0.10196
16490	3.298	-0.0863872	0.331962	0.0971162
16495	3.299	-0.086397	0.32979	0.0923139
16500	3.3	-0.0864071	0.327596	0.0875533
16505	3.301	-0.0864175	0.325381	0.0828346
16510	3.302	-0.086428	0.323145	0.0781577
16515	3.303	-0.0864388	0.320888	0.0735226
16520	3.304	-0.0864496	0.318612	0.068929
16525	3.305	-0.0864606	0.316316	0.0643767
16530	3.306	-0.0864716	0.314	0.0598654
16535	3.307	-0.0864826	0.311666	0.0553948
16540	3.308	-0.0864937	0.309314	0.0509644
16545	3.309	-0.0865048	0.306944	0.0465739
16550	3.31	-0.0865158	0.304556	0.0422228
16555	3.311	-0.0865268	0.302152	0.0379107
16560	3.312	-0.0865377	0.29973	0.0336371
16565	3.313	-0.0865486	0.297292	0.0294015
16570	3.314	-0.0865593	0.294839	0.0252035
16575	3.315	-0.08657	0.292369	0.0210428
16580	3.316	-0.0865805	0.289885	0.0169187
16585	3.317	-0.0865909	0.287385	0.0128311
16590	3.318	-0.0866011	0.284871	0.00877936
16595	3.319	-0.0866112	0.282344	0.00476325
16600	3.32	-0.0866212	0.279802	0.000782425
16605	3.321	-0.086631	0.277248	-0.00316344
16610	3.322	-0.0865293	0.275633	-0.00418151
16615	3.323	-0.0865693	0.274703	-0.00305513
16620	3.324	-0.086637	0.274006	-0.0011435
16625	3.325	-0.0866753	0.273262	0.000705622
16630	3.326	-0.0866854	0.272447	0.00243079
16635	3.327	-0.0866929	0.271545	0.00397826
16640	3.328	-0.0867011	0.270539	0.00530271
16645	3.329	-0.0867091	0.269418	0.00636642
16650	3.33	-0.0867171	0.26817	0.00713882
16655	3.331	-0.086725	0.266787	0.00759605
16660	3.332	-0.086733	0.265264	0.00772056
16665	3.333	-0.0867408	0.263597	0.00750063
16670	3.334	-0.0867486	0.261784	0.00692997
16675	3.335	-0.0867567	0.259826	0.00600711
16680	3.336	-0.0867638	0.257722	0.00473533
16685	3.337	-0.0867707	0.255477	0.00312191
16690	3.338	-0.0867774	0.253095	0.00117766
16695	3.339	-0.0867838	0.250581	-0.00108343
16700	3.34	-0.0867327	0.248432	-0.00215601
16705	3.341	-0.0867411	0.246637	-0.00207768
16710	3.342	-0.0867704	0.24503	-0.00134897
16715	3.343	-0.0867994	0.243423	-0.000540068
16720	3.344	-0.0868181	0.241692	-2.39615e-005
16725	3.345	-0.0868238	0.239828	0.000167396
16730	3.346	-0.0868283	0.237826	2.36418e-005
16735	3.347	-0.0868331	0.235687	-0.000460021
16740	3.348	-0.0868178	0.233583	-0.000759503
16745	3.349	-0.0868213	0.231532	-0.000826289
16750	3.35	-0.0868303	0.229511	-0.000727143
16755	3.351	-0.0868402	0.227484	-0.000571038
16760	3.352	-0.0868487	0.225423	-0.000446605
16765	3.353	-0.0868551	0.223314	-0.000393371
16770	3.354	-0.0868596	0.221161	-0.000405123
16775	3.355	-0.0868631	0.218974	-0.000450285
16780	3.356	-0.0868665	0.216765	-0.000495723
16785	3.357	-0.0868705	0.21454	-0.000521631
16790	3.358	-0.086875	0.212302	-0.000524251
16795	3.359	-0.0868799	0.210047	-0.000510849
16800	3.36	-0.0868848	0.207774	-0.000492275
16805	3.361	-0.0868894	0.205479	-0.000477052
16810	3.362	-0.0868938	0.203162	-0.000468815
16815	3.363	-0.0868979	0.200824	-0.000466845
16820	3.364	-0.0869018	0.198466	-0.000468128
16825	3.365	-0.0869057	0.19609	-0.000469529
16830	3.366	-0.0869096	0.193696	-0.000469118
16835	3.367	-0.0869135	0.191286	-0.000466477
16840	3.368	-0.0869173	0.188859	-0.00046227
16845	3.369	-0.0869212	0.186416	-0.000457518
16850	3.37	-0.0869249	0.183957	-0.000453043
16855	3.371	-0.0869285	0.181483	-0.000449204
16860	3.372	-0.0869321	0.178993	-0.000445944
16865	3.373	-0.0869356	0.176488	-0.000442999
16870	3.374	-0.0869391	0.17397	-0.000440069
16875	3.375	-0.0869425	0.171438	-0.000436964
16880	3.376	-0.0869458	0.168893	-0.000433649
16885	3.377	-0.0869491	0.166336	-0.000430186
16890	3.378	-0.0869523	0.163766	-0.000426665
16895	3.379	-0.0869555	0.161185	-0.000423172
16900	3.38	-0.0869586	0.158593	-0.000419734
16905	3.381	-0.0869617	0.15599	-0.000416348
16910	3.382	-0.0869647	0.153377	-0.000413006
16915	3.383	-0.0869676	0.150755	-0.000409676
16920	3.384	-0.0869705	0.148123	-0.000406345
16925	3.385	-0.0869734	0.145483	-0.000403008
16930	3.386	-0.0869762	0.142834	-0.000399671
16935	3.387	-0.086979	0.140178	-0.000396335
16940	3.388	-0.0869817	0.137514	-0.000393015
16945	3.389	-0.0869843	0.134844	-0.000389713
16950	3.39	-0.0869869	0.132167	-0.000386441
16955	3.391	-0.0869895	0.129484	-0.000383191
16960	3.392	-0.086992	0.126796	-0.000379964
16965	3.393	-0.0869945	0.124102	-0.000376753
16970	3.394	-0.0869969	0.121405	-0.000373554
16975	3.395	-0.0869993	0.118703	-0.000370383
16980	3.396	-0.0870017	0.115997	-0.000367236
16985	3.397	-0.087004	0.113288	-0.000364117
16990	3.398	-0.0870062	0.110577	-0.000361022
16995	3.399	-0.0870084	0.107863	-0.000357961
17000	3.4	-0.0870106	0.105147	-0.000354928
17005	3.401	-0.0870128	0.102429	-0.000351923
17010	3.402	-0.0870148	0.0997104	-0.000348931
17015	3.403	-0.0870169	0.096991	-0.000345962
17020	3.404	-0.0870189	0.0942713	-0.000343024
17025	3.405	-0.0870209	0.0915517	-0.000340127
17030	3.406	-0.0870228	0.0888325	-0.000337265
17035	3.407	-0.0870247	0.0861142	-0.000334436
17040	3.408	-0.0870266	0.0833972	-0.000331637
17045	3.409	-0.0870285	0.0806818	-0.00032887
17050	3.41	-0.0870303	0.0779683	-0.000326129
17055	3.411	-0.087032	0.0752573	-0.000323415
17060	3.412	-0.0870337	0.072549	-0.000320734
17065	3.413	-0.0870354	0.0698438	-0.000318098
17070	3.414	-0.0870371	0.067142	-0.0003155
17075	3.415	-0.0870387	0.064444	-0.000312934
17080	3.416	-0.0870403	0.0617502	-0.000310408
17085	3.417	-0.0870419	0.0590608	-0.000307917
17090	3.418	-0.0870434	0.0563763	-0.000305458
17095	3.419	-0.0870449	0.0536969	-0.000303034
17100	3.42	-0.0870463	0.051023	-0.000300637
17105	3.421	-0.0870477	0.0483548	-0.00029828
17110	3.422	-0.0870492	0.0456927	-0.000295958
17115	3.423	-0.0870505	0.0430371	-0.000293678
17120	3.424	-0.0870519	0.0403881	-0.000291437
17125	3.425	-0.0870532	0.0377461	-0.000289219
17130	3.426	-0.0870544	0.0351115	-0.00028704
17135	3.427	-0.0870557	0.0324843	-0.000284899
17140	3.428	-0.0870569	0.0298651	-0.000282804
17145	3.429	-0.0870581	0.0272539	-0.000280751
17150	3.43	-0.0870593	0.0246512	-0.000278735
17155	3.431	-0.0870604	0.0220571	-0.000276757
17160	3.432	-0.0870615	0.019472	-0.000274805
17165	3.433	-0.0870626	0.016896	-0.000272889
17170	3.434	-0.0870636	0.0143294	-0.000271001
17175	3.435	-0.0870646	0.0117725	-0.000269152
17180	3.436	-0.0870616	0.00922597	-0.000280702
17185	3.437	-0.0870504	0.00669487	-0.000286284
17190	3.438	-0.0870437	0.00418019	-0.000286584
17195	3.439	-0.0870357	0.00168206	-0.000284258
17200	3.44	-0.0870264	-0.000799314	-0.00028202
17205	3.441	-0.0870163	-0.00326337	-0.000281432
17210	3.442	-0.0870056	-0.00570917	-0.000282709
17215	3.443	-0.0869947	-0.00813552	-0.0002852
17220	3.444	-0.0869838	-0.0105412	-0.000287986
17225	3.445	-0.0869732	-0.0129251	-0.00029038
17230	3.446	-0.086963	-0.0152862	-0.000292106
17235	3.447	-0.0869533	-0.0176239	-0.000293264
17240	3.448	-0.0869442	-0.0199375	-0.00029411
17245	3.449	-0.0869357	-0.0222263	-0.000294909
17250	3.45	-0.086928	-0.0244897	-0.000295823
17255	3.451	-0.086921	-0.0267272	-0.000296874
17260	3.452	-0.0869149	-0.0289381	-0.000298024
17265	3.453	-0.0869096	-0.0311218	-0.000299179
17270	3.454	-0.086905	-0.0332779	-0.00030026
17275	3.455	-0.0869013	-0.0354059	-0.000301249
17280	3.456	-0.0868984	-0.0375053	-0.000302164
17285	3.457	-0.0868963	-0.0395757	-0.000303027
17290	3.458	-0.0868949	-0.0416169	-0.000303872
17295	3.459	-0.0868943	-0.0436284	-0.000304719
17300	3.46	-0.0868943	-0.0456101	-0.00030556
17305	3.461	-0.0868949	-0.0475616	-0.000306402
17310	3.462	-0.0868961	-0.0494828	-0.000307242
17315	3.463	-0.0868978	-0.0513733	-0.000308068
17320	3.464	-0.0869	-0.0532332	-0.000308882
17325	3.465	-0.0869027	-0.0550621	-0.000309682
17330	3.466	-0.0869058	-0.0568601	-0.000310485
17335	3.467	-0.0869093	-0.058627	-0.00031129
17340	3.468	-0.0869132	-0.0603627	-0.000312076
17345	3.469	-0.0869173	-0.0620672	-0.000312807
17350	3.47	-0.0869218	-0.0637404	-0.000313418
17355	3.471	-0.0869265	-0.0653823	-0.000313843
17360	3.472	-0.0869315	-0.0669927	-0.000314047
17365	3.473	-0.0869372	-0.0685719	-0.000310078
17370	3.474	-0.0869436	-0.070121	-0.000301282
17375	3.475	-0.0869502	-0.0716422	-0.000289842
17380	3.476	-0.0869564	-0.073137	-0.000281455
17385	3.477	-0.0869625	-0.074606	-0.000277856
17390	3.478	-0.0869687	-0.0760487	-0.000278033
17395	3.479	-0.0869781	-0.0774644	-0.000280875
17400	3.48	-0.086989	-0.0788526	-0.000284661
17405	3.481	-0.0870008	-0.0802124	-0.000287986
17410	3.482	-0.0870107	-0.0815432	-0.000289142
17415	3.483	-0.0870191	-0.0828442	-0.000287179
17420	3.484	-0.0870282	-0.0841152	-0.000282687
17425	3.485	-0.0870382	-0.0853561	-0.000276814
17430	3.486	-0.0870489	-0.0865666	-0.000270555
17435	3.487	-0.0870604	-0.0877465	-0.000264432
17440	3.488	-0.0870725	-0.0888948	-0.000258424
17445	3.489	-0.0870855	-0.0900108	-0.000252179
17450	3.49	-0.0870991	-0.0910935	-0.000245283
17455	3.491	-0.0871135	-0.0921418	-0.000237432
17460	3.492	-0.0871285	-0.0931545	-0.000228501
17465	3.493	-0.0871439	-0.0941306	-0.000218477
17470	3.494	-0.0871598	-0.0950688	-0.000207401
17475	3.495	-0.087176	-0.0959675	-0.000195281
17480	3.496	-0.0871924	-0.0968253	-0.000182075
17485	3.497	-0.0872088	-0.0976403	-0.000167707
17490	3.498	-0.0872252	-0.0984107	-0.000152086
17495	3.499	-0.0872414	-0.0991342	-0.000135121
17500	3.5	-0.0872572	-0.0998088	-0.000116773
17505	3.501	-0.0873848	-0.10043	-9.92975e-005
17510	3.502	-0.0876026	-0.100994	-8.61086e-005
17515	3.503	-0.0879459	-0.101494	-7.32849e-005
17520	3.504	-0.0884157	-0.101927	-5.73652e-005
17525	3.505	-0.0890103	-0.102289	-3.74411e-005
17530	3.506	-0.0897234	-0.102576	-1.32245e-005
17535	3.507	-0.0905365	-0.102783	2.52886e-005
17540	3.508	-0.0914231	-0.1029	9.80661e-005
17545	3.509	-0.092363	-0.102918	0.000225543
17550	3.51	-0.0933453	-0.102827	0.000428505
17555	3.511	-0.0943709	-0.102616	0.000728064
17560	3.512	-0.0955789	-0.102269	0.0012171
17565	3.513	-0.0970968	-0.101772	0.00193633
17570	3.514	-0.0989558	-0.101115	0.00290364
17575	3.515	-0.101158	-0.10029	0.00413132
17580	3.516	-0.103708	-0.0992912	0.00563128
17585	3.517	-0.106611	-0.098109	0.00741558
17590	3.518	-0.10988	-0.0967355	0.00949634
17595	3.519	-0.113341	-0.0951634	0.0118962
17600	3.52	-0.116789	-0.0933858	0.0146407
17605	3.521	-0.120126	-0.0913954	0.017749
17610	3.522	-0.12352	-0.0891852	0.0212225
17615	3.523	-0.127306	-0.0867453	0.0250788
17620	3.524	-0.131488	-0.0840694	0.029338
17625	3.525	-0.135994	-0.081153	0.0340194
17630	3.526	-0.140744	-0.0779931	0.0391385
17635	3.527	-0.145677	-0.0745886	0.0447064
17640	3.528	-0.150765	-0.0709396	0.0507286
17645	3.529	-0.156017	-0.0670481	0.057205
17650	3.53	-0.16147	-0.0629173	0.0641304
17655	3.531	-0.167171	-0.0585523	0.0714944
17660	3.532	-0.173166	-0.0539598	0.0792829
17665	3.533	-0.179485	-0.0491481	0.0874784
17670	3.534	-0.186143	-0.0441271	0.0960612
17675	3.535	-0.193135	-0.0389078	0.105009
17680	3.536	-0.200447	-0.0335025	0.1143
17685	3.537	-0.208035	-0.0279252	0.123903
17690	3.538	-0.215803	-0.0221912	0.133785
17695	3.539	-0.223621	-0.0163163	0.143914
17700	3.54	-0.231339	-0.0103159	0.154258
17705	3.541	-0.238821	-0.00420501	0.164786
17710	3.542	-0.245978	0.00200242	0.175467
17715	3.543	-0.252783	0.00829335	0.186266
17720	3.544	-0.259198	0.0146557	0.197151
17725	3.545	-0.265372	0.0210782	0.208082
17730	3.546	-0.271459	0.0275502	0.219018
17735	3.547	-0.277582	0.0340612	0.229922
17740	3.548	-0.283814	0.040601	0.240761
17745	3.549	-0.290172	0.0471594	0.251503
17750	3.55	-0.296638	0.0537263	0.262122
17755	3.551	-0.303171	0.060292	0.272592
17760	3.552	-0.3097	0.0668512	0.282907
17765	3.553	-0.316151	0.0734014	0.293066
17770	3.554	-0.322508	0.0799406	0.30307
17775	3.555	-0.328738	0.0864671	0.31292
17780	3.556	-0.334826	0.0929795	0.322616
17785	3.557	-0.340774	0.0994767	0.332158
17790	3.558	-0.346593	0.105958	0.341546
17795	3.559	-0.352294	0.112422	0.35078
17800	3.56	-0.349402	0.11878	0.360227
17805	3.561	-0.349083	0.125138	0.369408
17810	3.562	-0.349182	0.131481	0.378419
17815	3.563	-0.349224	0.137803	0.38728
17820	3.564	-0.349242	0.144106	0.395991
17825	3.565	-0.349256	0.15039	0.40455
17830	3.566	-0.349269	0.156656	0.41296
17835	3.567	-0.349279	0.162902	0.42122
17840	3.568	-0.349287	0.169129	0.42933
17845	3.569	-0.349294	0.175336	0.437291
17850	3.57	-0.3493	0.181522	0.445103
17855	3.571	-0.349305	0.187685	0.452767
17860	3.572	-0.349309	0.193825	0.460282
17865	3.573	-0.349312	0.199941	0.467648
17870	3.574	-0.349313	0.206031	0.474866
17875	3.575	-0.349314	0.212095	0.481936
17880	3.576	-0.349314	0.218131	0.488858
17885	3.577	-0.349313	0.224138	0.495632
17890	3.578	-0.349312	0.230116	0.502257
17895	3.579	-0.34931	0.236064	0.508735
17900	3.58	-0.349308	0.24198	0.515064
17905	3.581	-0.349306	0.247864	0.521245
17910	3.582	-0.349304	0.253713	0.527278
17915	3.583	-0.349302	0.259529	0.533162
17920	3.584	-0.349299	0.265308	0.538897
17925	3.585	-0.349297	0.27105	0.544484
17930	3.586	-0.349294	0.276754	0.549921
17935	3.587	-0.349292	0.282418	0.55521
17940	3.588	-0.349289	0.288041	0.560348
17945	3.589	-0.349286	0.293623	0.565337
17950	3.59	-0.349283	0.299161	0.570175
17955	3.591	-0.349281	0.304656	0.574865
17960	3.592	-0.349278	0.310109	0.579408
17965	3.593	-0.349276	0.315519	0.583806
17970	3.594	-0.349273	0.320887	0.588062
17975	3.595	-0.349271	0.326214	0.592177
17980	3.596	-0.349268	0.3315	0.596153
17985	3.597	-0.349266	0.336745	0.599991
17990	3.598	-0.349264	0.34195	0.603693
17995	3.599	-0.349261	0.347114	0.607261
18000	3.6	-0.349259	0.352239	0.610697
18005	3.601	-0.349257	0.357325	0.614001
18010	3.602	-0.349254	0.36237	0.617175
18015	3.603	-0.349252	0.367377	0.62022
18020	3.604	-0.34925	0.372345	0.623138
18025	3.605	-0.349248	0.377274	0.62593
18030	3.606	-0.349246	0.382165	0.628597
18035	3.607	-0.349243	0.387017	0.63114
18040	3.608	-0.349241	0.39183	0.63356
18045	3.609	-0.349239	0.396606	0.635858
18050	3.61	-0.349237	0.401343	0.638035
18055	3.611	-0.349235	0.406042	0.640093
18060	3.612	-0.319741	0.401926	0.632692
18065	3.613	-0.296102	0.397835	0.624853
18070	3.614	-0.27839	0.393778	0.616605
18075	3.615	-0.266151	0.389761	0.60799
18080	3.616	-0.25899	0.38579	0.599052
18085	3.617	-0.256683	0.381877	0.589831
18090	3.618	-0.25908	0.378035	0.580369
18095	3.619	-0.265968	0.374288	0.570754
18100	3.62	-0.277405	0.370655	0.56105
18105	3.621	-0.293008	0.367153	0.551333
18110	3.622	-0.309627	0.363758	0.54178
18115	3.623	-0.32393	0.360444	0.532577
18120	3.624	-0.334012	0.357201	0.523854
18125	3.625	-0.339552	0.354036	0.515672
18130	3.626	-0.341317	0.350971	0.508042
18135	3.627	-0.340629	0.348033	0.500944
18140	3.628	-0.338894	0.345252	0.494348
18145	3.629	-0.336962	0.342652	0.488238
18150	3.63	-0.33579	0.340254	0.482588
18155	3.631	-0.335785	0.338072	0.477389
18160	3.632	-0.336889	0.336112	0.472647
18165	3.633	-0.338731	0.334374	0.468379
18170	3.634	-0.340944	0.332857	0.464597
18175	3.635	-0.343293	0.331557	0.461306
18180	3.636	-0.34568	0.330467	0.458497
18185	3.637	-0.348175	0.329581	0.456152
18190	3.638	-0.350694	0.328893	0.454255
18195	3.639	-0.349222	0.328347	0.452957
18200	3.64	-0.349068	0.327992	0.452003
18205	3.641	-0.349119	0.327807	0.451415
18210	3.642	-0.349136	0.327783	0.451175
18215	3.643	-0.349141	0.327909	0.451252
18220	3.644	-0.349147	0.328177	0.451615
18225	3.645	-0.349152	0.328575	0.452233
18230	3.646	-0.349156	0.329094	0.453074
18235	3.647	-0.34916	0.329724	0.454107
18240	3.648	-0.349163	0.330453	0.455301
18245	3.649	-0.349166	0.331271	0.456625
18250	3.65	-0.349169	0.332169	0.458049
18255	3.651	-0.349172	0.333136	0.459545
18260	3.652	-0.349175	0.334163	0.461087
18265	3.653	-0.349177	0.33524	0.462647
18270	3.654	-0.349177	0.336365	0.46422
18275	3.655	-0.349176	0.337535	0.465804
18280	3.656	-0.349175	0.338748	0.467393
18285	3.657	-0.349174	0.340002	0.468985
18290	3.658	-0.349173	0.341295	0.470577
18295	3.659	-0.349172	0.342624	0.472164
18300	3.66	-0.349171	0.343988	0.473745
18305	3.661	-0.34917	0.345384	0.475316
18310	3.662	-0.349169	0.346811	0.476874
18315	3.663	-0.349168	0.348267	0.478415
18320	3.664	-0.349167	0.34975	0.479939
18325	3.665	-0.349166	0.351258	0.48144
18330	3.666	-0.349164	0.352788	0.482918
18335	3.667	-0.349163	0.354341	0.484369
18340	3.668	-0.349161	0.355912	0.48579
18345	3.669	-0.34916	0.357502	0.487179
18350	3.67	-0.349158	0.359108	0.488535
18355	3.671	-0.349157	0.360728	0.489853
18360	3.672	-0.349155	0.362361	0.491133
18365	3.673	-0.349153	0.364005	0.492371
18370	3.674	-0.349151	0.365659	0.493566
18375	3.675	-0.349149	0.36732	0.494715
18380	3.676	-0.349146	0.368989	0.495816
18385	3.677	-0.349144	0.370662	0.496867
18390	3.678	-0.349142	0.372338	0.497866
18395	3.679	-0.349139	0.374017	0.49881
18400	3.68	-0.349137	0.375695	0.499699
18405	3.681	-0.349134	0.377373	0.500529
18410	3.682	-0.349131	0.379048	0.501299
18415	3.683	-0.349128	0.380719	0.502007
18420	3.684	-0.349125	0.382385	0.502651
18425	3.685	-0.349122	0.384043	0.503228
18430	3.686	-0.349119	0.385693	0.503737
18435	3.687	-0.349116	0.387333	0.504177
18440	3.688	-0.349113	0.388961	0.504544
18445	3.689	-0.349109	0.390577	0.504837
18450	3.69	-0.349105	0.392178	0.505054
18455	3.691	-0.349101	0.393763	0.505194
18460	3.692	-0.349097	0.395331	0.505253
18465	3.693	-0.349093	0.396879	0.50523
18470	3.694	-0.349088	0.398408	0.505123
18475	3.695	-0.349083	0.399914	0.50493
18480	3.696	-0.349077	0.401396	0.504649
18485	3.697	-0.34907	0.402853	0.504277
18490	3.698	-0.339852	0.401575	0.500508
18495	3.699	-0.332399	0.400286	0.496558
18500	3.7	-0.326784	0.398992	0.492433
18505	3.701	-0.322872	0.397696	0.488145
18510	3.702	-0.320524	0.396402	0.483706
18515	3.703	-0.319634	0.39511	0.479125
18520	3.704	-0.319958	0.393819	0.474416
18525	3.705	-0.320327	0.392514	0.469626
18530	3.706	-0.319565	0.391179	0.464804
18535	3.707	-0.316887	0.389802	0.459978
18540	3.708	-0.311987	0.388374	0.455158
18545	3.709	-0.304823	0.386896	0.450356
18550	3.71	-0.295565	0.385372	0.445575
18555	3.711	-0.2845	0.383805	0.440811
18560	3.712	-0.271946	0.382201	0.436055
18565	3.713	-0.258071	0.380566	0.431305
18570	3.714	-0.243204	0.378902	0.426549
18575	3.715	-0.227681	0.377217	0.421777
18580	3.716	-0.211735	0.375511	0.416981
18585	3.717	-0.195506	0.373788	0.412157
18590	3.718	-0.179064	0.372048	0.407305
18595	3.719	-0.162442	0.370291	0.402423
18600	3.72	-0.145664	0.368516	0.397511
18605	3.721	-0.128763	0.366722	0.392571
18610	3.722	-0.111788	0.364909	0.387599
18615	3.723	-0.0947958	0.363075	0.382595
18620	3.724	-0.0778402	0.361219	0.377557
18625	3.725	-0.0861472	0.359727	0.371911
18630	3.726	-0.087181	0.358138	0.366479
18635	3.727	-0.0868686	0.356524	0.361111
18640	3.728	-0.0867268	0.354899	0.355764
18645	3.729	-0.0866632	0.353258	0.350435
18650	3.73	-0.0866084	0.351596	0.345123
18655	3.731	-0.086559	0.349909	0.339825
18660	3.732	-0.0865163	0.348197	0.334543
18665	3.733	-0.0864786	0.346459	0.329276
18670	3.734	-0.0864446	0.344693	0.324027
18675	3.735	-0.0864144	0.342901	0.318797
18680	3.736	-0.0863868	0.341084	0.313588
18685	3.737	-0.0863657	0.339241	0.308401
18690	3.738	-0.0863486	0.337374	0.303239
18695	3.739	-0.0863348	0.335483	0.298101
18700	3.74	-0.0863242	0.333567	0.292988
18705	3.741	-0.0863167	0.331628	0.287902
18710	3.742	-0.0863119	0.329665	0.282842
18715	3.743	-0.0863094	0.327678	0.277808
18720	3.744	-0.0863095	0.325666	0.2728
18725	3.745	-0.0863099	0.32363	0.267819
18730	3.746	-0.0863115	0.321571	0.262863
18735	3.747	-0.0863143	0.319487	0.257933
18740	3.748	-0.0863181	0.317379	0.25303
18745	3.749	-0.0863227	0.315247	0.248152
18750	3.75	-0.086328	0.313091	0.243299
18755	3.751	-0.0863341	0.310913	0.238473
18760	3.752	-0.0863408	0.308711	0.233673
18765	3.753	-0.0863481	0.306487	0.228898
18770	3.754	-0.086356	0.30424	0.22415
18775	3.755	-0.0863643	0.301972	0.219428
18780	3.756	-0.086373	0.299682	0.214733
18785	3.757	-0.0863822	0.297371	0.210064
18790	3.758	-0.0863918	0.29504	0.205422
18795	3.759	-0.0864016	0.292689	0.200807
18800	3.76	-0.0864117	0.290318	0.196219
18805	3.761	-0.0864221	0.287928	0.191659
18810	3.762	-0.0864327	0.28552	0.187127
18815	3.763	-0.0864434	0.283094	0.182623
18820	3.764	-0.0864542	0.280651	0.178148
18825	3.765	-0.0864651	0.278191	0.173701
18830	3.766	-0.0864761	0.275715	0.169284
18835	3.767	-0.0864871	0.273223	0.164896
18840	3.768	-0.0864981	0.270716	0.160538
18845	3.769	-0.0865091	0.268195	0.156209
18850	3.77	-0.0865201	0.26566	0.151912
18855	3.771	-0.086531	0.263112	0.147645
18860	3.772	-0.0865418	0.260551	0.143409
18865	3.773	-0.0865526	0.257979	0.139204
18870	3.774	-0.0865633	0.255395	0.135031
18875	3.775	-0.0865738	0.2528	0.13089
18880	3.776	-0.0865843	0.250195	0.126782
18885	3.777	-0.0865946	0.24758	0.122705
18890	3.778	-0.0866048	0.244956	0.118661
18895	3.779	-0.0866148	0.242324	0.11465
18900	3.78	-0.0866247	0.239684	0.110673
18905	3.781	-0.0866344	0.237036	0.106728
18910	3.782	-0.0866439	0.234381	0.102816
18915	3.783	-0.0866533	0.23172	0.0989378
18920	3.784	-0.0866626	0.229053	0.0950928
18925	3.785	-0.0866716	0.22638	0.0912813
18930	3.786	-0.0866805	0.223702	0.0875032
18935	3.787	-0.0866893	0.22102	0.0837585
18940	3.788	-0.0866978	0.218334	0.0800471
18945	3.789	-0.0867062	0.215644	0.076369
18950	3.79	-0.0867144	0.212951	0.0727241
18955	3.791	-0.0867225	0.210254	0.0691124
18960	3.792	-0.0867303	0.207556	0.0655336
18965	3.793	-0.0867381	0.204855	0.0619876
18970	3.794	-0.0867456	0.202153	0.0584744
18975	3.795	-0.086753	0.199449	0.0549935
18980	3.796	-0.0867603	0.196744	0.051545
18985	3.797	-0.0867674	0.194039	0.0481285
18990	3.798	-0.0867743	0.191333	0.0447439
18995	3.799	-0.0867811	0.188627	0.0413908
19000	3.8	-0.0867877	0.185922	0.0380691
19005	3.801	-0.0867943	0.183217	0.0347784
19010	3.802	-0.0868006	0.180513	0.0315186
19015	3.803	-0.0868069	0.17781	0.0282894
19020	3.804	-0.086813	0.175109	0.0250904
19025	3.805	-0.0868189	0.172409	0.0219214
19030	3.806	-0.0868248	0.169712	0.0187821
19035	3.807	-0.0868305	0.167017	0.0156721
19040	3.808	-0.0868361	0.164324	0.0125914
19045	3.809	-0.0868416	0.161634	0.00953939
19050	3.81	-0.086847	0.158947	0.00651596
19055	3.811	-0.0868522	0.156263	0.00352078
19060	3.812	-0.0868574	0.153583	0.000553547
19065	3.813	-0.0868624	0.150906	-0.00238602
19070	3.814	-0.086784	0.148947	-0.00313263
19075	3.815	-0.0868122	0.14751	-0.00228051
19080	3.816	-0.0868609	0.146259	-0.000847484
19085	3.817	-0.0868874	0.144983	0.000538358
19090	3.818	-0.0868925	0.143667	0.00183125
19095	3.819	-0.0868961	0.142299	0.00299094
19100	3.82	-0.0869002	0.140865	0.00398345
19105	3.821	-0.0869043	0.139357	0.0047804
19110	3.822	-0.0869083	0.137766	0.00535875
19115	3.823	-0.0869123	0.136086	0.0057004
19120	3.824	-0.0869163	0.134314	0.00579202
19125	3.825	-0.0869203	0.132446	0.00562461
19130	3.826	-0.0869243	0.13048	0.00519327
19135	3.827	-0.0869284	0.128417	0.00449672
19140	3.828	-0.0869323	0.126257	0.00353711
19145	3.829	-0.0869357	0.124003	0.00231976
19150	3.83	-0.0869389	0.121657	0.000852638
19155	3.831	-0.086942	0.119224	-0.000853886
19160	3.832	-0.0869012	0.117083	-0.00164911
19165	3.833	-0.0869062	0.115221	-0.00157374
19170	3.834	-0.0869273	0.113512	-0.00101331
19175	3.835	-0.0869478	0.111811	-0.000400268
19180	3.836	-0.0869605	0.110026	-1.41627e-005
19185	3.837	-0.0869633	0.108151	0.000123186
19190	3.838	-0.0869654	0.106182	3.60483e-006
19195	3.839	-0.0869678	0.104119	-0.000376828
19200	3.84	-0.0869542	0.102099	-0.000602588
19205	3.841	-0.0869558	0.100133	-0.000643818
19210	3.842	-0.0869617	0.0982007	-0.000558574
19215	3.843	-0.0869681	0.0962738	-0.000434198
19220	3.844	-0.0869734	0.09433	-0.00033903
19225	3.845	-0.086977	0.09236	-0.000301304
19230	3.846	-0.0869791	0.0903667	-0.000312658
19235	3.847	-0.0869806	0.0883588	-0.000348007
19240	3.848	-0.0869821	0.0863445	-0.000382585
19245	3.849	-0.086984	0.0843289	-0.000402024
19250	3.85	-0.0869864	0.082313	-0.000403996
19255	3.851	-0.0869891	0.080295	-0.000394245
19260	3.852	-0.0869918	0.0782725	-0.000380956
19265	3.853	-0.0869944	0.0762437	-0.000370406
19270	3.854	-0.0869967	0.0742078	-0.00036518
19275	3.855	-0.0869989	0.0721655	-0.000364597
19280	3.856	-0.087001	0.0701176	-0.000366346
19285	3.857	-0.087003	0.0680652	-0.000368087
19290	3.858	-0.0870051	0.0660091	-0.000368418
19295	3.859	-0.0870071	0.0639495	-0.000367075
19300	3.86	-0.0870092	0.0618866	-0.000364582
19305	3.861	-0.0870113	0.0598204	-0.000361708
19310	3.862	-0.0870133	0.0577508	-0.00035906
19315	3.863	-0.0870152	0.0556782	-0.000356903
19320	3.864	-0.0870171	0.0536027	-0.000355175
19325	3.865	-0.087019	0.0515247	-0.000353671
19330	3.866	-0.0870208	0.0494445	-0.000352166
19335	3.867	-0.0870227	0.0473625	-0.000350531
19340	3.868	-0.0870245	0.0452789	-0.000348727
19345	3.869	-0.0870262	0.0431939	-0.000346816
19350	3.87	-0.0870279	0.0411078	-0.000344861
19355	3.871	-0.0870296	0.0390208	-0.00034292
19360	3.872	-0.0870313	0.0369333	-0.000341025
19365	3.873	-0.0870329	0.0348453	-0.000339175
19370	3.874	-0.0870345	0.0327573	-0.000337356
19375	3.875	-0.0870361	0.0306695	-0.000335546
19380	3.876	-0.0870376	0.0285821	-0.000333733
19385	3.877	-0.0870392	0.0264954	-0.000331908
19390	3.878	-0.0870406	0.0244096	-0.000330067
19395	3.879	-0.0870421	0.0223251	-0.00032822
19400	3.88	-0.0870435	0.020242	-0.000326388
19405	3.881	-0.0870449	0.0181606	-0.000324571
19410	3.882	-0.0870463	0.0160812	-0.000322772
19415	3.883	-0.0870477	0.0140039	-0.000320997
19420	3.884	-0.0870489	0.0119291	-0.000319243
19425	3.885	-0.0870468	0.00985741	-0.000328353
19430	3.886	-0.0870376	0.0077929	-0.000332677
19435	3.887	-0.0870316	0.0057365	-0.000332774
19440	3.888	-0.0870244	0.00368842	-0.00033075
19445	3.889	-0.0870159	0.00164892	-0.000328779
19450	3.89	-0.0870064	-0.000381472	-0.000328142
19455	3.891	-0.0869965	-0.00240188	-0.000329015
19460	3.892	-0.0869863	-0.00441123	-0.000330867
19465	3.893	-0.086976	-0.00640843	-0.000332972
19470	3.894	-0.086966	-0.00839247	-0.000334769
19475	3.895	-0.0869562	-0.0103625	-0.000336041
19480	3.896	-0.0869469	-0.0123177	-0.00033686
19485	3.897	-0.086938	-0.0142575	-0.000337436
19490	3.898	-0.0869296	-0.0161812	-0.000337993
19495	3.899	-0.0869217	-0.0180882	-0.000338634
19500	3.9	-0.0869143	-0.0199779	-0.000339387
19505	3.901	-0.0869075	-0.0218496	-0.000340207
19510	3.902	-0.0869011	-0.0237028	-0.000341041
19515	3.903	-0.0868953	-0.0255368	-0.000341841
19520	3.904	-0.08689	-0.0273512	-0.000342577
19525	3.905	-0.0868851	-0.0291455	-0.000343245
19530	3.906	-0.0868807	-0.0309191	-0.000343871
19535	3.907	-0.0868767	-0.0326718	-0.000344489
19540	3.908	-0.0868732	-0.034403	-0.000345114
19545	3.909	-0.08687	-0.0361124	-0.000345743
19550	3.91	-0.0868673	-0.0377997	-0.000346375
19555	3.911	-0.086865	-0.0394644	-0.000347004
19560	3.912	-0.0868632	-0.0411064	-0.000347643
19565	3.913	-0.0868618	-0.0427254	-0.00034828
19570	3.914	-0.0868608	-0.044321	-0.000348915
19575	3.915	-0.0868604	-0.0458931	-0.000349538
19580	3.916	-0.0868604	-0.0474414	-0.000350152
19585	3.917	-0.0868609	-0.0489658	-0.000350772
19590	3.918	-0.0868619	-0.050466	-0.000351405
19595	3.919	-0.0868634	-0.0519421	-0.00035205
19600	3.92	-0.0868653	-0.0533937	-0.000352702
19605	3.921	-0.0868676	-0.0548209	-0.000353372
19610	3.922	-0.0868703	-0.0562235	-0.000354044
19615	3.923	-0.0868734	-0.0576015	-0.000354712
19620	3.924	-0.0868769	-0.0589548	-0.000355379
19625	3.925	-0.0868807	-0.0602833	-0.00035607
19630	3.926	-0.0868848	-0.0615871	-0.000356772
19635	3.927	-0.0868892	-0.0628662	-0.000357478
19640	3.928	-0.0868941	-0.0641206	-0.000356094
19645	3.929	-0.0868996	-0.0653512	-0.000351686
19650	3.93	-0.0869054	-0.0665592	-0.000345184
19655	3.931	-0.0869113	-0.0677462	-0.000338359
19660	3.932	-0.0869173	-0.0689133	-0.000332881
19665	3.933	-0.0869231	-0.0700613	-0.000330723
19670	3.934	-0.0869288	-0.0711901	-0.000331489
19675	3.935	-0.0869346	-0.072299	-0.000333678
19680	3.936	-0.0869405	-0.0733877	-0.000335697
19685	3.937	-0.0869472	-0.0744557	-0.000336843
19690	3.938	-0.0869556	-0.0755033	-0.000337544
19695	3.939	-0.0869644	-0.0765304	-0.000338132
19700	3.94	-0.0869732	-0.077537	-0.000338756
19705	3.941	-0.086982	-0.0785229	-0.000339349
19710	3.942	-0.086991	-0.0794878	-0.000339719
19715	3.943	-0.086999	-0.0804314	-0.000339199
19720	3.944	-0.0870065	-0.0813531	-0.000337305
19725	3.945	-0.0870147	-0.0822526	-0.000334175
19730	3.946	-0.0870235	-0.0831297	-0.000330181
19735	3.947	-0.087033	-0.0839839	-0.000325703
19740	3.948	-0.0870433	-0.0848149	-0.000320935
19745	3.949	-0.0870543	-0.0856219	-0.000315876
19750	3.95	-0.087066	-0.0864043	-0.000310378
19755	3.951	-0.0870785	-0.0871612	-0.000304229
19760	3.952	-0.0870916	-0.0878918	-0.000297286
19765	3.953	-0.0871055	-0.0885949	-0.000289448
19770	3.954	-0.08712	-0.0892695	-0.000280664
19775	3.955	-0.0871349	-0.0899144	-0.000270915
19780	3.956	-0.0871504	-0.0905283	-0.000260147
19785	3.957	-0.0871662	-0.0911097	-0.00024831
19790	3.958	-0.0871823	-0.0916569	-0.000235301
19795	3.959	-0.0871985	-0.0921681	-0.000221033
19800	3.96	-0.0872147	-0.0926414	-0.000205423
19805	3.961	-0.0872307	-0.0930746	-0.000188402
19810	3.962	-0.0872466	-0.0934653	-0.000169949
19815	3.963	-0.0872621	-0.0938113	-0.000150092
19820	3.964	-0.0873339	-0.0941077	-0.000132756
19825	3.965	-0.0874709	-0.0943496	-0.000118042
19830	3.966	-0.0876861	-0.0945323	-0.000102124
19835	3.967	-0.0879974	-0.0946517	-8.3038e-005
19840	3.968	-0.0884191	-0.094704	-6.0699e-005
19845	3.969	-0.088959	-0.0946856	-3.41859e-005
19850	3.97	-0.089739	-0.0945853	6.68495e-005
19855	3.971	-0.0908692	-0.0943883	0.000301972
19860	3.972	-0.0923496	-0.0940844	0.00069461
19865	3.973	-0.0941408	-0.0936645	0.00126319
19870	3.974	-0.0962007	-0.0931197	0.00202504
19875	3.975	-0.0984942	-0.0924414	0.00299685
19880	3.976	-0.100997	-0.0916208	0.00419461
19885	3.977	-0.103698	-0.0906492	0.00563367
19890	3.978	-0.106599	-0.0895181	0.00732756
19895	3.979	-0.109585	-0.0882208	0.00929509
19900	3.98	-0.112538	-0.0867499	0.0115569
19905	3.981	-0.115416	-0.0850976	0.0141293
19910	3.982	-0.118273	-0.0832556	0.0170223
19915	3.983	-0.121402	-0.0812153	0.0202305
19920	3.984	-0.124841	-0.0789695	0.0237577
19925	3.985	-0.128657	-0.0765094	0.0276283
19930	3.986	-0.132885	-0.0738273	0.0318653
19935	3.987	-0.137436	-0.0709178	0.036491
19940	3.988	-0.142208	-0.067777	0.0415251
19945	3.989	-0.147131	-0.0644024	0.0469824
19950	3.99	-0.152175	-0.0607928	0.0528722
19955	3.991	-0.157359	-0.0569486	0.0591982
19960	3.992	-0.162728	-0.0528715	0.0659584
19965	3.993	-0.168341	-0.0485652	0.0731459
19970	3.994	-0.17425	-0.044035	0.0807496
19975	3.995	-0.180491	-0.0392879	0.0887553
19980	3.996	-0.187075	-0.0343326	0.0971459
19985	3.997	-0.193995	-0.0291791	0.105902
19990	3.998	-0.201231	-0.0238388	0.115004
19995	3.999	-0.208744	-0.0183245	0.124426
20000	4	-0.216453	-0.0126509	0.134135
20005	4.001	-0.224234	-0.00683286	0.1441
20010	4.002	-0.231946	-0.00088555	0.154291
20015	4.003	-0.239452	0.00517645	0.164678
20020	4.004	-0.246653	0.0113392	0.17523
20025	4.005	-0.253513	0.0175899	0.185914
20030	4.006	-0.259986	0.0239162	0.196699
20035	4.007	-0.266202	0.0303069	0.207544
20040	4.008	-0.272312	0.036751	0.21841
20045	4.009	-0.27844	0.0432383	0.22926
20050	4.01	-0.284662	0.0497583	0.240058
20055	4.011	-0.291007	0.0563007	0.250774
20060	4.012	-0.297459	0.0628555	0.26138
20065	4.013	-0.303981	0.0694128	0.27185
20070	4.014	-0.310529	0.075963	0.282162
20075	4.015	-0.317023	0.0825038	0.292318
20080	4.016	-0.323433	0.0890329	0.302316
20085	4.017	-0.329715	0.0955484	0.312159
20090	4.018	-0.335851	0.102049	0.321847
20095	4.019	-0.34184	0.108533	0.33138
20100	4.02	-0.347693	0.114999	0.340758
20105	4.021	-0.353425	0.121448	0.34998
20110	4.022	-0.349446	0.127777	0.359461
20115	4.023	-0.348885	0.134112	0.368639
20120	4.024	-0.351991	0.140465	0.377506
20125	4.025	-0.349414	0.146738	0.386461
20130	4.026	-0.349167	0.153014	0.395163
20135	4.027	-0.349255	0.159273	0.403698
20140	4.028	-0.349278	0.165511	0.412083
20145	4.029	-0.349285	0.171729	0.420316
20150	4.03	-0.349292	0.177925	0.428398
20155	4.031	-0.349299	0.184099	0.436328
20160	4.032	-0.349304	0.190251	0.444108
20165	4.033	-0.349309	0.196379	0.451736
20170	4.034	-0.349312	0.202481	0.459214
20175	4.035	-0.349315	0.208557	0.466541
20180	4.036	-0.349316	0.214606	0.473718
20185	4.037	-0.349317	0.220626	0.480744
20190	4.038	-0.349317	0.226617	0.48762
20195	4.039	-0.349316	0.232576	0.494345
20200	4.04	-0.349314	0.238505	0.50092
20205	4.041	-0.349312	0.244401	0.507345
20210	4.042	-0.34931	0.250263	0.513619
20215	4.043	-0.349308	0.256091	0.519743
20220	4.044	-0.349305	0.261883	0.525717
20225	4.045	-0.349303	0.267638	0.531539
20230	4.046	-0.349301	0.273356	0.537212
20235	4.047	-0.349298	0.279034	0.542733
20240	4.048	-0.349295	0.284672	0.548103
20245	4.049	-0.349292	0.290268	0.553322
20250	4.05	-0.34929	0.295821	0.558389
20255	4.051	-0.349287	0.301331	0.563305
20260	4.052	-0.349284	0.306797	0.56807
20265	4.053	-0.349282	0.312219	0.572688
20270	4.054	-0.349279	0.317599	0.577159
20275	4.055	-0.349277	0.322936	0.581487
20280	4.056	-0.349274	0.328231	0.585673
20285	4.057	-0.349272	0.333485	0.589718
20290	4.058	-0.349269	0.338698	0.593625
20295	4.059	-0.349267	0.343869	0.597395
20300	4.06	-0.349264	0.349001	0.60103
20305	4.061	-0.349262	0.354092	0.604531
20310	4.062	-0.349259	0.359143	0.6079
20315	4.063	-0.349257	0.364154	0.611138
20320	4.064	-0.349255	0.369126	0.614247
20325	4.065	-0.349253	0.374059	0.617227
20330	4.066	-0.34925	0.378953	0.620081
20335	4.067	-0.349248	0.383808	0.622809
20340	4.068	-0.349246	0.388624	0.625413
20345	4.069	-0.349244	0.393401	0.627893
20350	4.07	-0.349242	0.39814	0.630251
20355	4.071	-0.349239	0.402841	0.632487
20360	4.072	-0.331557	0.401755	0.628336
20365	4.073	-0.319227	0.400698	0.623833
20370	4.074	-0.31201	0.399677	0.619007
20375	4.075	-0.309447	0.398692	0.613889
20380	4.076	-0.311178	0.397743	0.608502
20385	4.077	-0.316961	0.396825	0.60286
20390	4.078	-0.326639	0.395938	0.596971
20395	4.079	-0.339344	0.395069	0.590871
20400	4.08	-0.352149	0.394182	0.584685
20405	4.081	-0.34959	0.393085	0.579108
20410	4.082	-0.348596	0.391988	0.573436
20415	4.083	-0.3497	0.390915	0.56769
20420	4.084	-0.349201	0.389838	0.562064
20425	4.085	-0.349135	0.388793	0.556502
20430	4.086	-0.349153	0.38779	0.551045
20435	4.087	-0.349158	0.386838	0.545721
20440	4.088	-0.349158	0.385947	0.54055
20445	4.089	-0.349157	0.385127	0.535551
20450	4.09	-0.349157	0.384384	0.53074
20455	4.091	-0.349158	0.383724	0.52613
20460	4.092	-0.34916	0.383153	0.521734
20465	4.093	-0.349162	0.382674	0.517558
20470	4.094	-0.349166	0.382288	0.51361
20475	4.095	-0.349168	0.381997	0.509892
20480	4.096	-0.34917	0.381803	0.506406
20485	4.097	-0.349171	0.381705	0.503151
20490	4.098	-0.349172	0.381702	0.500125
20495	4.099	-0.349173	0.381794	0.497323
20500	4.1	-0.349173	0.381979	0.494739
20505	4.101	-0.349173	0.382254	0.492365
20510	4.102	-0.349173	0.382617	0.490192
20515	4.103	-0.349172	0.383065	0.48821
20520	4.104	-0.349171	0.383594	0.486408
20525	4.105	-0.349171	0.384201	0.484773
20530	4.106	-0.349171	0.38488	0.483294
20535	4.107	-0.349171	0.385628	0.481956
20540	4.108	-0.349171	0.38644	0.480746
20545	4.109	-0.349171	0.387311	0.479649
20550	4.11	-0.349171	0.388237	0.478652
20555	4.111	-0.349171	0.389211	0.477741
20560	4.112	-0.34917	0.39023	0.476901
20565	4.113	-0.34917	0.391288	0.476119
20570	4.114	-0.34917	0.39238	0.475381
20575	4.115	-0.34917	0.393503	0.474675
20580	4.116	-0.349169	0.394651	0.473987
20585	4.117	-0.349169	0.395819	0.473307
20590	4.118	-0.349168	0.397005	0.472622
20595	4.119	-0.349168	0.398203	0.471923
20600	4.12	-0.349167	0.39941	0.4712
20605	4.121	-0.349167	0.400622	0.470443
20610	4.122	-0.349166	0.401836	0.469644
20615	4.123	-0.346608	0.401511	0.466697
20620	4.124	-0.346935	0.401218	0.463571
20625	4.125	-0.349607	0.400959	0.460308
20630	4.126	-0.349246	0.400677	0.457156
20635	4.127	-0.349136	0.400413	0.453989
20640	4.128	-0.349145	0.400168	0.450826
20645	4.129	-0.349151	0.399946	0.447684
20650	4.13	-0.349152	0.399749	0.444574
20655	4.131	-0.349152	0.399581	0.441505
20660	4.132	-0.34915	0.399443	0.438484
20665	4.133	-0.349148	0.399338	0.435518
20670	4.134	-0.349146	0.399269	0.432611
20675	4.135	-0.349142	0.399236	0.429766
20680	4.136	-0.34914	0.399242	0.426986
20685	4.137	-0.349137	0.399285	0.424271
20690	4.138	-0.349135	0.399367	0.421621
20695	4.139	-0.349133	0.399487	0.419034
20700	4.14	-0.349131	0.399644	0.416508
20705	4.141	-0.349129	0.399837	0.41404
20710	4.142	-0.349127	0.400065	0.411624
20715	4.143	-0.349125	0.400325	0.409256
20720	4.144	-0.349123	0.400616	0.40693
20725	4.145	-0.349121	0.400935	0.404641
20730	4.146	-0.349119	0.40128	0.40238
20735	4.147	-0.349116	0.401649	0.400142
20740	4.148	-0.348543	0.401458	0.397058
20745	4.149	-0.349124	0.401298	0.393931
20750	4.15	-0.349121	0.401153	0.390841
20755	4.151	-0.3491	0.401028	0.387763
20760	4.152	-0.349098	0.400923	0.384699
20765	4.153	-0.349096	0.400839	0.381649
20770	4.154	-0.349093	0.400774	0.378613
20775	4.155	-0.349089	0.400729	0.375591
20780	4.156	-0.349085	0.400703	0.372582
20785	4.157	-0.34908	0.400694	0.369584
20790	4.158	-0.349073	0.400703	0.366596
20795	4.159	-0.349055	0.400727	0.363616
20800	4.16	-0.34883	0.400765	0.36065
20805	4.161	-0.348229	0.400813	0.357703
20810	4.162	-0.34714	0.400867	0.354777
20815	4.163	-0.345499	0.400925	0.351871
20820	4.164	-0.343268	0.400986	0.348985
20825	4.165	-0.340412	0.401045	0.346114
20830	4.166	-0.336877	0.4011	0.343254
20835	4.167	-0.332582	0.401145	0.340404
20840	4.168	-0.327416	0.401176	0.337559
20845	4.169	-0.321252	0.401188	0.334719
20850	4.17	-0.31396	0.401174	0.331879
20855	4.171	-0.305433	0.401129	0.329034
20860	4.172	-0.295608	0.401045	0.326176
20865	4.173	-0.284479	0.400919	0.323295
20870	4.174	-0.272104	0.400745	0.320375
20875	4.175	-0.258592	0.400518	0.317401
20880	4.176	-0.244024	0.400235	0.314357
20885	4.177	-0.228614	0.399893	0.311225
20890	4.178	-0.212606	0.399489	0.307983
20895	4.179	-0.196196	0.39902	0.304617
20900	4.18	-0.179531	0.398486	0.301114
20905	4.181	-0.162701	0.397883	0.297464
20910	4.182	-0.14576	0.397208	0.293662
20915	4.183	-0.128739	0.396461	0.289704
20920	4.184	-0.111661	0.395637	0.285587
20925	4.185	-0.0945526	0.394738	0.281311
20930	4.186	-0.0774551	0.393763	0.276879
20935	4.187	-0.0861138	0.39308	0.271707
20940	4.188	-0.0871876	0.392254	0.266646
20945	4.189	-0.086865	0.391357	0.261547
20950	4.19	-0.0867217	0.390405	0.256372
20955	4.191	-0.0866598	0.389397	0.251126
20960	4.192	-0.0866063	0.388329	0.245813
20965	4.193	-0.0865578	0.387203	0.24044
20970	4.194	-0.086516	0.386019	0.235015
20975	4.195	-0.086479	0.384779	0.229546
20980	4.196	-0.0864456	0.383485	0.224041
20985	4.197	-0.0864159	0.382141	0.218509
20990	4.198	-0.0863885	0.380749	0.212959
20995	4.199	-0.0863677	0.379313	0.2074
21000	4.2	-0.0863508	0.377834	0.201837
21005	4.201	-0.0863372	0.376314	0.196278
21010	4.202	-0.0863268	0.374757	0.190729
21015	4.203	-0.0863194	0.373163	0.185195
21020	4.204	-0.0863148	0.371534	0.17968
21025	4.205	-0.0863125	0.369871	0.174189
21030	4.206	-0.0863129	0.368175	0.168724
21035	4.207	-0.0863135	0.366447	0.163288
21040	4.208	-0.0863153	0.364687	0.157884
21045	4.209	-0.0863182	0.362896	0.152513
21050	4.21	-0.0863221	0.361075	0.147177
21055	4.211	-0.0863269	0.359224	0.141877
21060	4.212	-0.0863324	0.357343	0.136614
21065	4.213	-0.0863386	0.355433	0.131388
21070	4.214	-0.0863454	0.353493	0.1262
21075	4.215	-0.0863529	0.351525	0.121049
21080	4.216	-0.0863609	0.349529	0.115938
21085	4.217	-0.0863695	0.347506	0.110868
21090	4.218	-0.0863784	0.345457	0.105838
21095	4.219	-0.0863878	0.343383	0.100852
21100	4.22	-0.0863976	0.341284	0.0959077
21105	4.221	-0.0864076	0.339161	0.0910071
21110	4.222	-0.0864179	0.337015	0.0861501
21115	4.223	-0.0864284	0.334846	0.0813368
21120	4.224	-0.0864391	0.332656	0.0765673
21125	4.225	-0.0864499	0.330443	0.0718415
21130	4.226	-0.0864608	0.32821	0.0671593
21135	4.227	-0.0864718	0.325956	0.0625202
21140	4.228	-0.0864828	0.323682	0.057924
21145	4.229	-0.0864939	0.321387	0.0533703
21150	4.23	-0.0865049	0.319074	0.0488587
21155	4.231	-0.0865159	0.316741	0.0443885
21160	4.232	-0.0865269	0.31439	0.0399594
21165	4.233	-0.0865378	0.312021	0.0355708
21170	4.234	-0.0865487	0.309633	0.031222
21175	4.235	-0.0865594	0.307228	0.0269127
21180	4.236	-0.08657	0.304806	0.0226421
21185	4.237	-0.0865806	0.302367	0.0184099
21190	4.238	-0.0865909	0.299912	0.0142154
21195	4.239	-0.0866012	0.29744	0.0100582
21200	4.24	-0.0866113	0.294953	0.00593768
21205	4.241	-0.0866212	0.29245	0.00185351
21210	4.242	-0.086631	0.289933	-0.00219474
21215	4.243	-0.0865429	0.288236	-0.00367038
21220	4.244	-0.0865699	0.287215	-0.00302281
21225	4.245	-0.0866288	0.286487	-0.00140374
21230	4.246	-0.0866748	0.285712	0.000162595
21235	4.247	-0.086685	0.284871	0.00161692
21240	4.248	-0.0866923	0.283944	0.00290628
21245	4.249	-0.0867004	0.282917	0.00398606
21250	4.25	-0.0867085	0.281777	0.00481903
21255	4.251	-0.0867165	0.280514	0.0053749
21260	4.252	-0.0867244	0.27912	0.0056299
21265	4.253	-0.0867323	0.277588	0.0055664
21270	4.254	-0.0867402	0.275916	0.00517247
21275	4.255	-0.0867479	0.274101	0.00444147
21280	4.256	-0.086756	0.272143	0.00337148
21285	4.257	-0.0867631	0.270043	0.00196523
21290	4.258	-0.08677	0.267804	0.000229364
21295	4.259	-0.0867767	0.26543	-0.00182593
21300	4.26	-0.0867172	0.26349	-0.0024763
21305	4.261	-0.086736	0.261886	-0.00202314
21310	4.262	-0.0867712	0.260407	-0.00110387
21315	4.263	-0.0867998	0.258862	-0.000293468
21320	4.264	-0.0868125	0.25718	0.000187589
21325	4.265	-0.0868171	0.255354	0.000324561
21330	4.266	-0.0868219	0.253384	0.000108493
21335	4.267	-0.0868269	0.251268	-0.000464026
21340	4.268	-0.0868101	0.249194	-0.000823395
21345	4.269	-0.0868132	0.247184	-0.000907675
21350	4.27	-0.0868229	0.245213	-0.00079322
21355	4.271	-0.0868336	0.243238	-0.000608461
21360	4.272	-0.0868429	0.241225	-0.000459236
21365	4.273	-0.0868497	0.239158	-0.000393729
21370	4.274	-0.0868541	0.237041	-0.000405682
21375	4.275	-0.0868574	0.234884	-0.000457727
21380	4.276	-0.0868607	0.232703	-0.000511137
21385	4.277	-0.0868646	0.230504	-0.000542358
21390	4.278	-0.0868691	0.228291	-0.000546477
21395	4.279	-0.0868741	0.226061	-0.000531665
21400	4.28	-0.086879	0.223809	-0.000510485
21405	4.281	-0.0868838	0.221534	-0.000492955
21410	4.282	-0.0868883	0.219234	-0.000483505
21415	4.283	-0.0868924	0.216911	-0.000481418
21420	4.284	-0.0868964	0.214565	-0.000483215
21425	4.285	-0.0869004	0.212198	-0.000485244
21430	4.286	-0.0869043	0.209812	-0.000485221
21435	4.287	-0.0869083	0.207407	-0.000482623
21440	4.288	-0.0869122	0.204984	-0.000478182
21445	4.289	-0.0869161	0.202542	-0.000473073
21450	4.29	-0.0869199	0.200082	-0.000468246
21455	4.291	-0.0869236	0.197604	-0.000464149
21460	4.292	-0.0869273	0.19511	-0.000460738
21465	4.293	-0.0869308	0.192598	-0.000457708
21470	4.294	-0.0869343	0.19007	-0.000454703
21475	4.295	-0.0869378	0.187527	-0.000451501
21480	4.296	-0.0869412	0.184969	-0.000448057
21485	4.297	-0.0869446	0.182397	-0.000444428
21490	4.298	-0.0869479	0.17981	-0.00044073
21495	4.299	-0.0869511	0.17721	-0.000437051
21500	4.3	-0.0869543	0.174597	-0.00043344
21505	4.301	-0.0869574	0.171972	-0.000429911
21510	4.302	-0.0869605	0.169334	-0.000426421
21515	4.303	-0.0869636	0.166685	-0.00042294
21520	4.304	-0.0869665	0.164025	-0.000419445
21525	4.305	-0.0869695	0.161355	-0.000415938
21530	4.306	-0.0869724	0.158675	-0.000412428
21535	4.307	-0.0869752	0.155985	-0.000408917
21540	4.308	-0.086978	0.153286	-0.000405429
21545	4.309	-0.0869807	0.150579	-0.000401966
21550	4.31	-0.0869834	0.147864	-0.000398527
21555	4.311	-0.0869861	0.145141	-0.000395104
21560	4.312	-0.0869887	0.142411	-0.000391704
21565	4.313	-0.0869913	0.139675	-0.000388318
21570	4.314	-0.0869938	0.136932	-0.000384956
21575	4.315	-0.0869963	0.134184	-0.000381618
21580	4.316	-0.0869987	0.131431	-0.000378292
21585	4.317	-0.0870011	0.128673	-0.000374988
21590	4.318	-0.0870034	0.125911	-0.000371712
21595	4.319	-0.0870057	0.123145	-0.000368459
21600	4.32	-0.087008	0.120376	-0.000365248
21605	4.321	-0.0870102	0.117603	-0.000362065
21610	4.322	-0.0870124	0.114829	-0.000358914
21615	4.323	-0.0870145	0.112052	-0.000355784
21620	4.324	-0.0870166	0.109274	-0.000352673
21625	4.325	-0.0870187	0.106494	-0.000349586
21630	4.326	-0.0870207	0.103714	-0.000346542
21635	4.327	-0.0870227	0.100934	-0.000343538
21640	4.328	-0.0870247	0.0981531	-0.000340569
21645	4.329	-0.0870266	0.0953731	-0.000337621
21650	4.33	-0.0870285	0.092594	-0.000334706
21655	4.331	-0.0870303	0.0898162	-0.000331822
21660	4.332	-0.0870321	0.0870401	-0.000328979
21665	4.333	-0.0870339	0.084266	-0.000326181
21670	4.334	-0.0870356	0.0814943	-0.000323411
21675	4.335	-0.0870374	0.0787255	-0.000320668
21680	4.336	-0.087039	0.0759598	-0.000317953
21685	4.337	-0.0870407	0.0731977	-0.00031528
21690	4.338	-0.0870423	0.0704394	-0.000312636
21695	4.339	-0.0870439	0.0676854	-0.000310037
21700	4.34	-0.0870454	0.064936	-0.000307477
21705	4.341	-0.0870469	0.0621916	-0.000304958
21710	4.342	-0.0870484	0.0594524	-0.000302472
21715	4.343	-0.0870499	0.0567188	-0.000300029
21720	4.344	-0.0870513	0.0539911	-0.00029763
21725	4.345	-0.0870527	0.0512697	-0.000295253
21730	4.346	-0.0870541	0.0485548	-0.000292912
21735	4.347	-0.0870554	0.0458468	-0.00029061
21740	4.348	-0.0870567	0.0431459	-0.000288349
21745	4.349	-0.087058	0.0404525	-0.000286119
21750	4.35	-0.0870592	0.0377669	-0.000283935
21755	4.351	-0.0870605	0.0350893	-0.000281792
21760	4.352	-0.0870617	0.0324201	-0.000279682
21765	4.353	-0.0870628	0.0297594	-0.000277615
21770	4.354	-0.087064	0.0271076	-0.000275584
21775	4.355	-0.0870651	0.0244649	-0.000273588
21780	4.356	-0.0870662	0.0218317	-0.000271629
21785	4.357	-0.0870672	0.019208	-0.000269706
21790	4.358	-0.0870683	0.0165943	-0.000267825
21795	4.359	-0.0870693	0.0139907	-0.000265986
21800	4.36	-0.0870673	0.0113979	-0.000277844
21805	4.361	-0.0870575	0.00882127	-0.000283585
21810	4.362	-0.0870523	0.00626165	-0.000283881
21815	4.363	-0.0870458	0.00371922	-0.000281463
21820	4.364	-0.0870376	0.00119418	-0.000279129
21825	4.365	-0.0870282	-0.00131292	-0.000278505
21830	4.366	-0.087018	-0.00380111	-0.000279812
21835	4.367	-0.0870073	-0.00626916	-0.000282696
21840	4.368	-0.0869963	-0.00871572	-0.000285862
21845	4.369	-0.0869855	-0.0111396	-0.000288507
21850	4.37	-0.0869748	-0.0135399	-0.000290342
21855	4.371	-0.0869645	-0.0159157	-0.000291496
21860	4.372	-0.0869547	-0.0182666	-0.000292297
21865	4.373	-0.0869453	-0.0205917	-0.000293073
21870	4.374	-0.0869365	-0.0228907	-0.000294015
21875	4.375	-0.0869282	-0.0251627	-0.000295143
21880	4.376	-0.0869205	-0.0274073	-0.000296379
21885	4.377	-0.0869135	-0.0296238	-0.000297615
21890	4.378	-0.0869071	-0.0318118	-0.00029878
21895	4.379	-0.0869014	-0.0339707	-0.00029985
21900	4.38	-0.0868964	-0.0361001	-0.00030084
21905	4.381	-0.0868921	-0.0381997	-0.000301782
21910	4.382	-0.0868885	-0.0402691	-0.000302714
21915	4.383	-0.0868856	-0.042308	-0.000303642
21920	4.384	-0.0868834	-0.0443161	-0.000304583
21925	4.385	-0.0868819	-0.0462933	-0.000305532
21930	4.386	-0.0868811	-0.0482392	-0.000306469
21935	4.387	-0.0868809	-0.0501537	-0.000307386
21940	4.388	-0.0868813	-0.0520367	-0.000308294
21945	4.389	-0.0868824	-0.0538879	-0.000309191
21950	4.39	-0.0868839	-0.0557074	-0.000310086
21955	4.391	-0.086886	-0.0574951	-0.000310987
21960	4.392	-0.0868886	-0.0592509	-0.000311893
21965	4.393	-0.0868915	-0.0609747	-0.000312802
21970	4.394	-0.0868949	-0.0626667	-0.000313719
21975	4.395	-0.0868987	-0.0643268	-0.000314649
21980	4.396	-0.0869028	-0.0659551	-0.000315283
21985	4.397	-0.0869078	-0.0675519	-0.000311661
21990	4.398	-0.0869136	-0.0691189	-0.000303404
21995	4.399	-0.0869196	-0.0706582	-0.000293327
22000	4.4	-0.0869252	-0.0721716	-0.000286748
22005	4.401	-0.0869307	-0.0736596	-0.000285052
22010	4.402	-0.0869372	-0.075122	-0.000287357
22015	4.403	-0.0869464	-0.0765583	-0.000292311
22020	4.404	-0.0869567	-0.077968	-0.000298144
22025	4.405	-0.0869673	-0.0793507	-0.000303499
22030	4.406	-0.086974	-0.0807057	-0.000306045
22035	4.407	-0.08698	-0.0820327	-0.00030547
22040	4.408	-0.0869864	-0.083332	-0.000302715
22045	4.409	-0.0869932	-0.0846037	-0.000299088
22050	4.41	-0.0870004	-0.085848	-0.000295564
22055	4.411	-0.0870082	-0.0870648	-0.000292536
22060	4.412	-0.0870165	-0.0882538	-0.000289848
22065	4.413	-0.0870255	-0.0894144	-0.000287073
22070	4.414	-0.0870352	-0.0905462	-0.000283782
22075	4.415	-0.0870456	-0.0916486	-0.000279717
22080	4.416	-0.0870568	-0.092721	-0.000274798
22085	4.417	-0.0870688	-0.0937628	-0.000269063
22090	4.418	-0.0870815	-0.0947733	-0.000262592
22095	4.419	-0.0870949	-0.0957518	-0.000255429
22100	4.42	-0.087109	-0.0966974	-0.000247568
22105	4.421	-0.0871237	-0.0976091	-0.00023894
22110	4.422	-0.087139	-0.0984857	-0.000229461
22115	4.423	-0.0871547	-0.0993259	-0.000219034
22120	4.424	-0.0871707	-0.100128	-0.000207534
22125	4.425	-0.087187	-0.100892	-0.000194864
22130	4.426	-0.0872033	-0.101614	-0.000180943
22135	4.427	-0.0872197	-0.102293	-0.000165711
22140	4.428	-0.0872359	-0.102928	-0.000149121
22145	4.429	-0.0872519	-0.103516	-0.000131147
22150	4.43	-0.0872878	-0.104054	-0.000112315
22155	4.431	-0.0874277	-0.104536	-9.74076e-005
22160	4.432	-0.0877089	-0.104959	-8.50127e-005
22165	4.433	-0.0881294	-0.105316	-7.06424e-005
22170	4.434	-0.0886873	-0.105605	-5.23222e-005
22175	4.435	-0.0893761	-0.105821	-2.98573e-005
22180	4.436	-0.0901843	-0.105962	-2.94451e-006
22185	4.437	-0.0910828	-0.106019	4.62543e-005
22190	4.438	-0.0920443	-0.105982	0.000138308
22195	4.439	-0.0930621	-0.105841	0.000301766
22200	4.44	-0.0942859	-0.105575	0.000646129
22205	4.441	-0.0958103	-0.105174	0.00119953
22210	4.442	-0.097633	-0.104628	0.00197926
22215	4.443	-0.099743	-0.103927	0.00300087
22220	4.444	-0.102133	-0.103065	0.00427761
22225	4.445	-0.104804	-0.102033	0.00582139
22230	4.446	-0.107767	-0.100824	0.00764408
22235	4.447	-0.110974	-0.0994297	0.00976101
22240	4.448	-0.114231	-0.0978433	0.0121967
22245	4.449	-0.117427	-0.0960571	0.0149718
22250	4.45	-0.120542	-0.0940635	0.0181002
22255	4.451	-0.123925	-0.0918545	0.0215735
22260	4.452	-0.127705	-0.0894212	0.0254156
22265	4.453	-0.131905	-0.0867564	0.0296472
22270	4.454	-0.136437	-0.0838553	0.0342893
22275	4.455	-0.141206	-0.0807147	0.0393595
22280	4.456	-0.146143	-0.0773326	0.0448708
22285	4.457	-0.151217	-0.0737089	0.0508303
22290	4.458	-0.156439	-0.0698446	0.0572398
22295	4.459	-0.161851	-0.0657425	0.0640953
22300	4.46	-0.16751	-0.0614069	0.071388
22305	4.461	-0.173468	-0.0568439	0.0791048
22310	4.462	-0.179758	-0.0520613	0.0872297
22315	4.463	-0.186396	-0.0470683	0.0957439
22320	4.464	-0.193374	-0.0418758	0.104627
22325	4.465	-0.200676	-0.0364956	0.113857
22330	4.466	-0.208256	-0.0309414	0.123405
22335	4.467	-0.216022	-0.0252283	0.133237
22340	4.468	-0.223841	-0.0193717	0.143323
22345	4.469	-0.231565	-0.013387	0.153632
22350	4.47	-0.239059	-0.00728908	0.164132
22355	4.471	-0.24623	-0.00109185	0.174792
22360	4.472	-0.253054	0.00519169	0.185578
22365	4.473	-0.259488	0.0115495	0.196458
22370	4.474	-0.265679	0.0179702	0.207391
22375	4.475	-0.271783	0.0244431	0.218337
22380	4.476	-0.27792	0.0309577	0.229259
22385	4.477	-0.284164	0.0375036	0.240122
22390	4.478	-0.290535	0.0440706	0.250896
22395	4.479	-0.297013	0.0506485	0.261552
22400	4.48	-0.303559	0.0572275	0.272067
22405	4.481	-0.310112	0.0638006	0.282425
22410	4.482	-0.316595	0.0703653	0.292628
22415	4.483	-0.322988	0.0769196	0.302676
22420	4.484	-0.329252	0.0834618	0.312571
22425	4.485	-0.335373	0.0899903	0.322312
22430	4.486	-0.341351	0.0965041	0.3319
22435	4.487	-0.347197	0.103002	0.341335
22440	4.488	-0.352924	0.109484	0.350616
22445	4.489	-0.349427	0.115853	0.360137
22450	4.49	-0.34907	0.122229	0.369369
22455	4.491	-0.349186	0.12859	0.378429
22460	4.492	-0.349228	0.134931	0.38734
22465	4.493	-0.349245	0.141253	0.396101
22470	4.494	-0.349259	0.147558	0.404711
22475	4.495	-0.349271	0.153844	0.413172
22480	4.496	-0.349281	0.160112	0.421483
22485	4.497	-0.349289	0.166361	0.429645
22490	4.498	-0.349296	0.17259	0.437659
22495	4.499	-0.349302	0.178798	0.445523
22500	4.5	-0.349308	0.184985	0.45324
22505	4.501	-0.349311	0.191149	0.460808
22510	4.502	-0.349314	0.197289	0.468228
22515	4.503	-0.349315	0.203404	0.4755
22520	4.504	-0.349316	0.209493	0.482625
22525	4.505	-0.349316	0.215555	0.489601
22530	4.506	-0.349315	0.221588	0.49643
22535	4.507	-0.349314	0.227593	0.50311
22540	4.508	-0.349312	0.233568	0.509643
22545	4.509	-0.34931	0.239512	0.516029
22550	4.51	-0.349308	0.245423	0.522266
22555	4.511	-0.349305	0.251302	0.528355
22560	4.512	-0.349303	0.257146	0.534296
22565	4.513	-0.3493	0.262955	0.540089
22570	4.514	-0.349298	0.268728	0.545733
22575	4.515	-0.349295	0.274462	0.551228
22580	4.516	-0.349292	0.280158	0.556575
22585	4.517	-0.34929	0.285813	0.561772
22590	4.518	-0.349287	0.291426	0.566819
22595	4.519	-0.349284	0.296997	0.571717
22600	4.52	-0.349281	0.302525	0.576465
22605	4.521	-0.349279	0.30801	0.581067
22610	4.522	-0.349276	0.313453	0.585524
22615	4.523	-0.349274	0.318854	0.589838
22620	4.524	-0.349271	0.324214	0.594011
22625	4.525	-0.349269	0.329533	0.598045
22630	4.526	-0.349267	0.334811	0.601941
22635	4.527	-0.349264	0.340049	0.605701
22640	4.528	-0.349262	0.345247	0.609327
22645	4.529	-0.349259	0.350406	0.61282
22650	4.53	-0.349257	0.355525	0.616182
22655	4.531	-0.349255	0.360604	0.619413
22660	4.532	-0.349253	0.365645	0.622516
22665	4.533	-0.34925	0.370647	0.625491
22670	4.534	-0.349248	0.375611	0.628341
22675	4.535	-0.349246	0.380536	0.631065
22680	4.536	-0.349244	0.385422	0.633665
22685	4.537	-0.349242	0.39027	0.636143
22690	4.538	-0.34924	0.395081	0.638499
22695	4.539	-0.349238	0.399853	0.640734
22700	4.54	-0.349236	0.404587	0.64285
22705	4.541	-0.324826	0.40185	0.636927
22710	4.542	-0.306012	0.399141	0.630613
22715	4.543	-0.292738	0.396468	0.623934
22720	4.544	-0.284553	0.393835	0.61693
22725	4.545	-0.281076	0.391241	0.60963
22730	4.546	-0.282078	0.388693	0.602063
22735	4.547	-0.287435	0.386196	0.594248
22740	4.548	-0.297046	0.383757	0.586206
22745	4.549	-0.310947	0.381389	0.577985
22750	4.55	-0.326273	0.379073	0.569752
22755	4.551	-0.339849	0.376782	0.561686
22760	4.552	-0.34976	0.374504	0.553916
22765	4.553	-0.349311	0.372167	0.546778
22770	4.554	-0.347586	0.369888	0.539915
22775	4.555	-0.346004	0.367698	0.533306
22780	4.556	-0.345143	0.365623	0.526958
22785	4.557	-0.345482	0.363682	0.520872
22790	4.558	-0.346952	0.361886	0.515071
22795	4.559	-0.349151	0.360241	0.509585
22800	4.56	-0.34916	0.35872	0.504551
22805	4.561	-0.349098	0.357352	0.499888
22810	4.562	-0.349104	0.356142	0.495596
22815	4.563	-0.349116	0.35509	0.491679
22820	4.564	-0.349126	0.354196	0.488133
22825	4.565	-0.349137	0.353457	0.484954
22830	4.566	-0.349144	0.352873	0.482134
22835	4.567	-0.349149	0.352438	0.47966
22840	4.568	-0.349154	0.352149	0.47752
22845	4.569	-0.349158	0.352001	0.475698
22850	4.57	-0.349161	0.351989	0.474178
22855	4.571	-0.349164	0.352106	0.472939
22860	4.572	-0.349165	0.352345	0.471963
22865	4.573	-0.349167	0.352701	0.471227
22870	4.574	-0.349168	0.353166	0.47071
22875	4.575	-0.349169	0.353733	0.47039
22880	4.576	-0.34917	0.354393	0.470244
22885	4.577	-0.349172	0.355139	0.470249
22890	4.578	-0.349173	0.355963	0.470382
22895	4.579	-0.349173	0.356858	0.470621
22900	4.58	-0.349174	0.357816	0.470944
22905	4.581	-0.349175	0.35883	0.471331
22910	4.582	-0.349175	0.359892	0.47176
22915	4.583	-0.349176	0.360996	0.472213
22920	4.584	-0.349176	0.362134	0.472671
22925	4.585	-0.349176	0.363302	0.473117
22930	4.586	-0.349175	0.364495	0.473547
22935	4.587	-0.349174	0.365713	0.473956
22940	4.588	-0.349173	0.366954	0.474344
22945	4.589	-0.349171	0.368215	0.474705
22950	4.59	-0.34917	0.369496	0.47504
22955	4.591	-0.349169	0.370793	0.475343
22960	4.592	-0.349168	0.372106	0.475614
22965	4.593	-0.349167	0.373434	0.475849
22970	4.594	-0.349165	0.374773	0.476046
22975	4.595	-0.349164	0.376123	0.476204
22980	4.596	-0.349163	0.377483	0.476318
22985	4.597	-0.349161	0.37885	0.476389
22990	4.598	-0.34916	0.380223	0.476412
22995	4.599	-0.349158	0.3816	0.476386
23000	4.6	-0.349157	0.382981	0.476309
23005	4.601	-0.349155	0.384364	0.476179
23010	4.602	-0.349153	0.385746	0.475994
23015	4.603	-0.349151	0.387128	0.475752
23020	4.604	-0.349149	0.388508	0.47545
23025	4.605	-0.349147	0.389884	0.475088
23030	4.606	-0.349145	0.391254	0.474663
23035	4.607	-0.349143	0.392619	0.474174
23040	4.608	-0.34914	0.393975	0.473618
23045	4.609	-0.349138	0.395323	0.472993
23050	4.61	-0.349135	0.396661	0.472299
23055	4.611	-0.349133	0.397987	0.471533
23060	4.612	-0.34913	0.399301	0.470694
23065	4.613	-0.349127	0.400601	0.469779
23070	4.614	-0.349124	0.401886	0.468787
23075	4.615	-0.345174	0.401516	0.465554
23080	4.616	-0.343397	0.401154	0.462146
23085	4.617	-0.343589	0.400802	0.458577
23090	4.618	-0.345456	0.400459	0.454863
23095	4.619	-0.348225	0.400119	0.451041
23100	4.62	-0.351252	0.399773	0.447139
23105	4.621	-0.34925	0.399362	0.443386
23110	4.622	-0.348174	0.398946	0.439523
23115	4.623	-0.348127	0.39853	0.435549
23120	4.624	-0.348836	0.398115	0.431489
23125	4.625	-0.349864	0.397703	0.427373
23130	4.626	-0.349131	0.397273	0.423303
23135	4.627	-0.348563	0.396849	0.419206
23140	4.628	-0.347993	0.396432	0.415099
23145	4.629	-0.347289	0.396026	0.410995
23150	4.63	-0.346302	0.395629	0.406909
23155	4.631	-0.344926	0.395244	0.402852
23160	4.632	-0.343036	0.394869	0.398834
23165	4.633	-0.340531	0.394504	0.394862
23170	4.634	-0.337329	0.394149	0.390943
23175	4.635	-0.33335	0.3938	0.387079
23180	4.636	-0.328506	0.393456	0.383272
23185	4.637	-0.322691	0.393112	0.379523
23190	4.638	-0.315792	0.392764	0.375833
23195	4.639	-0.307702	0.392408	0.372198
23200	4.64	-0.298343	0.392038	0.368614
23205	4.641	-0.287686	0.391649	0.365072
23210	4.642	-0.275759	0.391237	0.361561
23215	4.643	-0.262649	0.390796	0.358065
23220	4.644	-0.248442	0.390324	0.354568
23225	4.645	-0.233304	0.389816	0.351051
23230	4.646	-0.217482	0.38927	0.347493
23235	4.647	-0.201192	0.388683	0.343875
23240	4.648	-0.184598	0.388053	0.340181
23245	4.649	-0.167808	0.387375	0.336397
23250	4.65	-0.150889	0.386647	0.332515
23255	4.651	-0.133878	0.385865	0.328526
23260	4.652	-0.116801	0.385026	0.324425
23265	4.653	-0.0996843	0.384128	0.320206
23270	4.654	-0.0825607	0.383168	0.315867
23275	4.655	-0.0863359	0.382449	0.31092
23280	4.656	-0.0870614	0.381654	0.305991
23285	4.657	-0.0868807	0.380801	0.301027
23290	4.658	-0.0867542	0.379896	0.296
23295	4.659	-0.0866813	0.378938	0.290911
23300	4.66	-0.0866221	0.377923	0.285761
23305	4.661	-0.0865707	0.376851	0.280553
23310	4.662	-0.0865261	0.375721	0.275291
23315	4.663	-0.0864877	0.374534	0.26998
23320	4.664	-0.0864533	0.373292	0.264627
23325	4.665	-0.0864224	0.371996	0.259239
23330	4.666	-0.0863938	0.370649	0.253823
23335	4.667	-0.0863717	0.369254	0.248385
23340	4.668	-0.0863535	0.367811	0.242932
23345	4.669	-0.0863386	0.366324	0.237469
23350	4.67	-0.086327	0.364795	0.232003
23355	4.671	-0.0863184	0.363224	0.226537
23360	4.672	-0.0863127	0.361613	0.221076
23365	4.673	-0.0863094	0.359963	0.215624
23370	4.674	-0.0863084	0.358276	0.210185
23375	4.675	-0.0863092	0.356551	0.204761
23380	4.676	-0.0863105	0.35479	0.199354
23385	4.677	-0.0863129	0.352994	0.193968
23390	4.678	-0.0863164	0.351163	0.188605
23395	4.679	-0.0863207	0.349298	0.183265
23400	4.68	-0.0863259	0.3474	0.177951
23405	4.681	-0.0863319	0.345469	0.172665
23410	4.682	-0.0863385	0.343507	0.167409
23415	4.683	-0.0863457	0.341515	0.162187
23420	4.684	-0.0863535	0.339494	0.156999
23425	4.685	-0.0863618	0.337447	0.151849
23430	4.686	-0.0863706	0.335372	0.146738
23435	4.687	-0.0863798	0.333273	0.141666
23440	4.688	-0.0863893	0.331149	0.136637
23445	4.689	-0.0863992	0.329002	0.13165
23450	4.69	-0.0864093	0.326832	0.126706
23455	4.691	-0.0864197	0.32464	0.121807
23460	4.692	-0.0864302	0.322428	0.116952
23465	4.693	-0.086441	0.320194	0.112143
23470	4.694	-0.0864518	0.317942	0.107379
23475	4.695	-0.0864628	0.31567	0.10266
23480	4.696	-0.0864738	0.313379	0.097987
23485	4.697	-0.0864848	0.31107	0.0933591
23490	4.698	-0.0864959	0.308744	0.0887761
23495	4.699	-0.0865069	0.306401	0.0842377
23500	4.7	-0.086518	0.30404	0.0797435
23505	4.701	-0.0865289	0.301664	0.0752931
23510	4.702	-0.0865398	0.299271	0.0708857
23515	4.703	-0.0865507	0.296863	0.066521
23520	4.704	-0.0865614	0.29444	0.0621982
23525	4.705	-0.086572	0.292001	0.0579166
23530	4.706	-0.0865825	0.289548	0.0536758
23535	4.707	-0.0865928	0.287081	0.0494749
23540	4.708	-0.086603	0.2846	0.0453134
23545	4.709	-0.0866131	0.282105	0.0411906
23550	4.71	-0.086623	0.279597	0.0371058
23555	4.711	-0.0866328	0.277075	0.0330585
23560	4.712	-0.0866424	0.274542	0.029048
23565	4.713	-0.0866518	0.271995	0.0250739
23570	4.714	-0.0866611	0.269437	0.0211355
23575	4.715	-0.0866702	0.266868	0.0172325
23580	4.716	-0.0866791	0.264287	0.0133643
23585	4.717	-0.0866878	0.261695	0.00953052
23590	4.718	-0.0866964	0.259093	0.00573082
23595	4.719	-0.0867048	0.25648	0.00196484
23600	4.72	-0.0867131	0.253858	-0.00176775
23605	4.721	-0.0866351	0.251962	-0.00323328
23610	4.722	-0.086656	0.250686	-0.00276036
23615	4.723	-0.086707	0.249698	-0.00135125
23620	4.724	-0.0867504	0.248672	1.19652e-005
23625	4.725	-0.086759	0.247589	0.00127573
23630	4.726	-0.0867648	0.246434	0.00239185
23635	4.727	-0.0867715	0.245191	0.00331972
23640	4.728	-0.0867782	0.24385	0.00402542
23645	4.729	-0.0867848	0.242401	0.0044813
23650	4.73	-0.0867913	0.240837	0.00466562
23655	4.731	-0.0867978	0.239153	0.00456222
23660	4.732	-0.0868043	0.237345	0.00416014
23665	4.733	-0.0868107	0.235412	0.00345316
23670	4.734	-0.0868174	0.233352	0.00243942
23675	4.735	-0.0868233	0.231168	0.00112124
23680	4.736	-0.0868289	0.228862	-0.000495459
23685	4.737	-0.0867966	0.22676	-0.00142098
23690	4.738	-0.0867984	0.224897	-0.00155375
23695	4.739	-0.0868168	0.223184	-0.00116197
23700	4.74	-0.0868376	0.221496	-0.000624336
23705	4.741	-0.0868533	0.219738	-0.000227196
23710	4.742	-0.0868613	0.217873	-8.24521e-005
23715	4.743	-0.0868635	0.215916	-0.000151441
23720	4.744	-0.0868631	0.213902	-0.00032167
23725	4.745	-0.0868633	0.211869	-0.000483358
23730	4.746	-0.0868652	0.209838	-0.000574027
23735	4.747	-0.0868701	0.207811	-0.000585809
23740	4.748	-0.0868759	0.20578	-0.000546475
23745	4.749	-0.0868818	0.203732	-0.000493711
23750	4.75	-0.0868871	0.201659	-0.00045542
23755	4.751	-0.0868917	0.199557	-0.000442059
23760	4.752	-0.0868956	0.197429	-0.000448839
23765	4.753	-0.0868991	0.195278	-0.000463883
23770	4.754	-0.0869027	0.193108	-0.000476742
23775	4.755	-0.0869065	0.190923	-0.000482075
23780	4.756	-0.0869104	0.188721	-0.000479764
23785	4.757	-0.0869143	0.186502	-0.000472849
23790	4.758	-0.0869182	0.184267	-0.000464979
23795	4.759	-0.086922	0.182013	-0.000458689
23800	4.76	-0.0869256	0.179742	-0.000454809
23805	4.761	-0.0869291	0.177453	-0.000452809
23810	4.762	-0.0869326	0.175149	-0.000451592
23815	4.763	-0.0869359	0.172828	-0.000450186
23820	4.764	-0.0869393	0.170493	-0.000448055
23825	4.765	-0.0869426	0.168143	-0.000445174
23830	4.766	-0.0869459	0.165779	-0.000441833
23835	4.767	-0.0869492	0.163401	-0.000438368
23840	4.768	-0.0869523	0.161009	-0.000435022
23845	4.769	-0.0869554	0.158605	-0.000431887
23850	4.77	-0.0869585	0.156188	-0.000428914
23855	4.771	-0.0869615	0.153758	-0.000426011
23860	4.772	-0.0869645	0.151317	-0.000423078
23865	4.773	-0.0869674	0.148865	-0.00042008
23870	4.774	-0.0869702	0.146401	-0.000417008
23875	4.775	-0.086973	0.143928	-0.000413898
23880	4.776	-0.0869758	0.141444	-0.000410766
23885	4.777	-0.0869785	0.138951	-0.000407643
23890	4.778	-0.0869812	0.136449	-0.000404543
23895	4.779	-0.0869838	0.133938	-0.000401459
23900	4.78	-0.0869864	0.131419	-0.000398385
23905	4.781	-0.0869889	0.128892	-0.000395326
23910	4.782	-0.0869914	0.126358	-0.000392274
23915	4.783	-0.0869939	0.123817	-0.000389224
23920	4.784	-0.0869963	0.12127	-0.000386185
23925	4.785	-0.0869987	0.118716	-0.000383152
23930	4.786	-0.087001	0.116157	-0.000380121
23935	4.787	-0.0870033	0.113593	-0.000377111
23940	4.788	-0.0870055	0.111024	-0.000374127
23945	4.789	-0.0870077	0.10845	-0.000371163
23950	4.79	-0.0870099	0.105873	-0.000368208
23955	4.791	-0.087012	0.103292	-0.00036527
23960	4.792	-0.0870141	0.100708	-0.000362351
23965	4.793	-0.0870161	0.098121	-0.000359443
23970	4.794	-0.0870181	0.0955319	-0.000356569
23975	4.795	-0.0870201	0.0929408	-0.000353729
23980	4.796	-0.087022	0.0903483	-0.000350906
23985	4.797	-0.0870239	0.0877545	-0.000348111
23990	4.798	-0.0870258	0.08516	-0.000345331
23995	4.799	-0.0870276	0.0825652	-0.000342577
24000	4.8	-0.0870294	0.0799703	-0.000339852
24005	4.801	-0.0870312	0.0773757	-0.000337159
24010	4.802	-0.0870329	0.0747819	-0.000334493
24015	4.803	-0.0870346	0.0721892	-0.000331842
24020	4.804	-0.0870362	0.069598	-0.000329228
24025	4.805	-0.0870378	0.0670085	-0.000326641
24030	4.806	-0.0870394	0.0644212	-0.00032408
24035	4.807	-0.087041	0.0618364	-0.000321559
24040	4.808	-0.0870425	0.0592545	-0.000319073
24045	4.809	-0.087044	0.0566757	-0.000316618
24050	4.81	-0.0870455	0.0541004	-0.000314186
24055	4.811	-0.0870469	0.051529	-0.000311782
24060	4.812	-0.0870483	0.0489617	-0.000309414
24065	4.813	-0.0870497	0.0463989	-0.000307088
24070	4.814	-0.087051	0.0438408	-0.00030478
24075	4.815	-0.0870523	0.0412879	-0.000302512
24080	4.816	-0.0870536	0.0387403	-0.00030027
24085	4.817	-0.0870548	0.0361984	-0.00029807
24090	4.818	-0.087056	0.0336626	-0.000295894
24095	4.819	-0.0870572	0.031133	-0.000293755
24100	4.82	-0.0870584	0.0286099	-0.000291653
24105	4.821	-0.0870595	0.0260936	-0.000289593
24110	4.822	-0.0870606	0.0235845	-0.000287567
24115	4.823	-0.0870617	0.0210827	-0.000285565
24120	4.824	-0.0870628	0.0185886	-0.000283596
24125	4.825	-0.0870638	0.0161024	-0.000281656
24130	4.826	-0.0870648	0.0136243	-0.000279755
24135	4.827	-0.0870629	0.011155	-0.000290869
24140	4.828	-0.0870536	0.00869961	-0.000296208
24145	4.829	-0.0870485	0.00625897	-0.000296397
24150	4.83	-0.0870421	0.0038333	-0.000294198
24155	4.831	-0.0870339	0.00142288	-0.00029211
24160	4.832	-0.0870246	-0.000971691	-0.000291589
24165	4.833	-0.0870144	-0.00334945	-0.000292817
24170	4.834	-0.0870038	-0.0057092	-0.000295174
24175	4.835	-0.0869931	-0.00804972	-0.000297801
24180	4.836	-0.0869824	-0.0103699	-0.000300043
24185	4.837	-0.086972	-0.0126688	-0.000301654
24190	4.838	-0.0869621	-0.0149456	-0.000302728
24195	4.839	-0.0869528	-0.0171997	-0.000303526
24200	4.84	-0.0869442	-0.0194304	-0.000304285
24205	4.841	-0.0869363	-0.0216371	-0.000305152
24210	4.842	-0.0869293	-0.0238191	-0.000306153
24215	4.843	-0.086923	-0.0259759	-0.000307234
24220	4.844	-0.0869177	-0.0281069	-0.000308309
24225	4.845	-0.0869131	-0.0302114	-0.000309324
24230	4.846	-0.0869094	-0.0322891	-0.000310244
24235	4.847	-0.0869066	-0.0343394	-0.000311094
24240	4.848	-0.0869045	-0.036362	-0.000311897
24245	4.849	-0.0869031	-0.0383565	-0.000312683
24250	4.85	-0.0869025	-0.0403225	-0.000313475
24255	4.851	-0.0869025	-0.0422597	-0.000314268
24260	4.852	-0.0869032	-0.0441679	-0.000315066
24265	4.853	-0.0869044	-0.0460468	-0.000315855
24270	4.854	-0.0869062	-0.0478962	-0.000316628
24275	4.855	-0.0869084	-0.0497158	-0.000317392
24280	4.856	-0.0869111	-0.0515055	-0.000318141
24285	4.857	-0.0869142	-0.0532651	-0.000318867
24290	4.858	-0.0869177	-0.0549946	-0.000319535
24295	4.859	-0.0869216	-0.0566937	-0.00032008
24300	4.86	-0.0869257	-0.0583623	-0.000320456
24305	4.861	-0.0869301	-0.0600003	-0.000320624
24310	4.862	-0.0869348	-0.0616075	-0.000320572
24315	4.863	-0.0869398	-0.0631838	-0.000320294
24320	4.864	-0.0869449	-0.064729	-0.00031978
24325	4.865	-0.0869507	-0.0662433	-0.000315994
24330	4.866	-0.0869571	-0.0677274	-0.000307671
24335	4.867	-0.0869639	-0.069183	-0.000296184
24340	4.868	-0.0869707	-0.0706119	-0.000286046
24345	4.869	-0.0869774	-0.0720146	-0.000280123
24350	4.87	-0.0869843	-0.0733909	-0.00027817
24355	4.871	-0.0869927	-0.0747398	-0.000278565
24360	4.872	-0.087004	-0.0760607	-0.000280042
24365	4.873	-0.0870168	-0.0773526	-0.000281361
24370	4.874	-0.0870303	-0.0786149	-0.000281722
24375	4.875	-0.0870427	-0.0798469	-0.000280104
24380	4.876	-0.0870537	-0.0810476	-0.000275773
24385	4.877	-0.0870655	-0.0822165	-0.000269227
24390	4.878	-0.0870782	-0.083353	-0.000261355
24395	4.879	-0.0870915	-0.0844566	-0.000252924
24400	4.88	-0.0871056	-0.0855265	-0.000244315
24405	4.881	-0.0871203	-0.0865615	-0.000235463
24410	4.882	-0.0871355	-0.0875605	-0.000226077
24415	4.883	-0.0871512	-0.0885219	-0.00021579
24420	4.884	-0.0871672	-0.0894442	-0.000204338
24425	4.885	-0.0871835	-0.090326	-0.00019157
24430	4.886	-0.0871999	-0.0911654	-0.000177435
24435	4.887	-0.0872163	-0.0919605	-0.000161949
24440	4.888	-0.0872325	-0.0927094	-0.000145136
24445	4.889	-0.0872485	-0.0934098	-0.000127015
24450	4.89	-0.0872641	-0.0940594	-0.00010768
24455	4.891	-0.0873788	-0.0946531	-9.17971e-005
24460	4.892	-0.0875713	-0.095186	-7.8346e-005
24465	4.893	-0.0878507	-0.0956536	-6.33602e-005
24470	4.894	-0.0882307	-0.0960519	-4.4935e-005
24475	4.895	-0.0887213	-0.0963774	-2.28203e-005
24480	4.896	-0.0893252	-0.096626	5.94671e-006
24485	4.897	-0.0900268	-0.0967883	6.10259e-005
24490	4.898	-0.0908121	-0.0968546	0.000162645
24495	4.899	-0.091673	-0.0968154	0.000331388
24500	4.9	-0.092609	-0.0966609	0.000588173
24505	4.901	-0.0936824	-0.0963776	0.000984861
24510	4.902	-0.0950424	-0.0959487	0.00159939
24515	4.903	-0.0967618	-0.0953637	0.00245424
24520	4.904	-0.098845	-0.094614	0.00356394
24525	4.905	-0.101288	-0.0936922	0.00494063
24530	4.906	-0.104092	-0.0925906	0.00659653
24535	4.907	-0.10726	-0.0913008	0.00854406
24540	4.908	-0.110743	-0.0898148	0.0107987
24545	4.909	-0.114278	-0.0881261	0.0133886
24550	4.91	-0.117708	-0.0862277	0.016337
24555	4.911	-0.120988	-0.0841125	0.0196586
24560	4.912	-0.1246	-0.0817713	0.0233534
24565	4.913	-0.128621	-0.0791968	0.027442
24570	4.914	-0.132994	-0.0763836	0.0319445
24575	4.915	-0.137641	-0.0733283	0.0368778
24580	4.916	-0.142493	-0.070029	0.0422548
24585	4.917	-0.147511	-0.0664855	0.048083
24590	4.918	-0.152686	-0.0626988	0.0543648
24595	4.919	-0.158045	-0.0586718	0.0610967
24600	4.92	-0.163631	-0.0544088	0.0682705
24605	4.921	-0.16949	-0.0499158	0.0758737
24610	4.922	-0.175658	-0.0452005	0.0838899
24615	4.923	-0.182157	-0.0402722	0.0923002
24620	4.924	-0.188988	-0.0351414	0.101084
24625	4.925	-0.196142	-0.0298199	0.110217
24630	4.926	-0.203596	-0.0243206	0.119677
24635	4.927	-0.211292	-0.0186584	0.129429
24640	4.928	-0.219112	-0.012849	0.139438
24645	4.929	-0.22691	-0.00690818	0.149674
24650	4.93	-0.234537	-0.000851081	0.160106
24655	4.931	-0.241871	0.00530773	0.170704
24660	4.932	-0.248853	0.0115547	0.181433
24665	4.933	-0.25545	0.0178775	0.192261
24670	4.934	-0.261724	0.0242643	0.203152
24675	4.935	-0.26783	0.0307042	0.214065
24680	4.936	-0.273914	0.0371869	0.224962
24685	4.937	-0.280074	0.043702	0.235807
24690	4.938	-0.286358	0.0502394	0.246567
24695	4.939	-0.292763	0.056789	0.257215
24700	4.94	-0.29926	0.0633411	0.267724
24705	4.941	-0.305795	0.0698869	0.278075
24710	4.942	-0.312285	0.076424	0.28827
24715	4.943	-0.318685	0.0829501	0.298308
24720	4.944	-0.324971	0.0894633	0.308191
24725	4.945	-0.33112	0.0959622	0.317918
24730	4.946	-0.337127	0.102445	0.327491
24735	4.947	-0.343001	0.108912	0.336908
24740	4.948	-0.348752	0.115361	0.346171
24745	4.949	-0.354393	0.121792	0.355278
24750	4.95	-0.34948	0.128094	0.364683
24755	4.951	-0.348299	0.134406	0.373771
24760	4.952	-0.351127	0.140738	0.382535
24765	4.953	-0.349381	0.147003	0.39134
24770	4.954	-0.349193	0.153263	0.399927
24775	4.955	-0.349255	0.159506	0.408352
24780	4.956	-0.349275	0.165729	0.416627
24785	4.957	-0.349283	0.171932	0.424751
24790	4.958	-0.34929	0.178114	0.432725
24795	4.959	-0.349297	0.184274	0.440549
24800	4.96	-0.349302	0.190412	0.448224
24805	4.961	-0.349307	0.196526	0.455748
24810	4.962	-0.34931	0.202614	0.463123
24815	4.963	-0.349312	0.208677	0.470348
24820	4.964	-0.349314	0.214712	0.477424
24825	4.965	-0.349314	0.220719	0.484351
24830	4.966	-0.349313	0.226697	0.491129
24835	4.967	-0.349312	0.232644	0.497757
24840	4.968	-0.349311	0.23856	0.504236
24845	4.969	-0.349309	0.244444	0.510566
24850	4.97	-0.349307	0.250295	0.516746
24855	4.971	-0.349305	0.256111	0.522777
24860	4.972	-0.349302	0.261892	0.528659
24865	4.973	-0.3493	0.267637	0.534392
24870	4.974	-0.349297	0.273343	0.539974
24875	4.975	-0.349295	0.279011	0.545406
24880	4.976	-0.349292	0.284639	0.550689
24885	4.977	-0.34929	0.290226	0.555821
24890	4.978	-0.349287	0.295769	0.560802
24895	4.979	-0.349284	0.30127	0.565632
24900	4.98	-0.349282	0.306726	0.570313
24905	4.981	-0.349279	0.31214	0.574847
24910	4.982	-0.349277	0.317511	0.579236
24915	4.983	-0.349274	0.32284	0.583481
24920	4.984	-0.349272	0.328127	0.587586
24925	4.985	-0.349269	0.333373	0.59155
24930	4.986	-0.349267	0.338577	0.595377
24935	4.987	-0.349265	0.343741	0.599068
24940	4.988	-0.349262	0.348865	0.602623
24945	4.989	-0.34926	0.353949	0.606046
24950	4.99	-0.349258	0.358993	0.609337
24955	4.991	-0.349255	0.363997	0.612498
24960	4.992	-0.349253	0.368962	0.615529
24965	4.993	-0.349251	0.373888	0.618433
24970	4.994	-0.349249	0.378774	0.621211
24975	4.995	-0.349246	0.383622	0.623863
24980	4.996	-0.349244	0.388431	0.62639
24985	4.997	-0.349242	0.393202	0.628795
24990	4.998	-0.34924	0.397934	0.631078
24995	4.999	-0.349238	0.402627	0.633239
25000	5	-0.332307	0.401743	0.629239
25005	5.001	0	0	0
25010	5.002	0	0	0
25015	5.003	0	0	0
25020	5.004	0	0	0
25025	5.005	0	0	0
25030	5.006	0	0	0
25035	5.007	0	0	0
25040	5.008	0	0	0
25045	5.009	0	0	0
