TimeSlice	Time	hip_L_flx_rec	hip_L_ext_rec	hip_L	hip_L_flx	hip_L_ext
0	0	1.5698	1.6105	0	0	0
5	0.001	1.5701	1.61063	0	0	0
10	0.002	1.5704	1.6105	1.30848e-017	45.4419	27.1977
15	0.003	1.57546	1.6105	0.00094493	101.322	82.4991
20	0.004	1.58103	1.6105	0.00200122	153.133	133.168
25	0.005	1.58566	1.6105	0.00288116	199.883	178.54
30	0.006	1.58906	1.6105	0.00352887	239.625	218.041
35	0.007	1.59157	1.6105	0.00400574	269.199	249.2
40	0.008	1.59361	1.6105	0.00439395	285.77	269.171
45	0.009	1.5998	1.6105	0.00561154	282.721	270.068
50	0.01	1.60562	1.6105	0.00676555	272.089	255.224
55	0.011	1.611	1.6105	0.00784655	257.839	232.311
60	0.012	1.61596	1.6105	0.00885524	242.267	206.731
65	0.013	1.62057	1.6105	0.00980516	226.509	181.055
70	0.014	1.62494	1.6105	0.0107158	211.137	156.367
75	0.015	1.62915	1.6105	0.0116041	196.348	133.091
80	0.016	1.63323	1.6105	0.0124752	182.313	111.46
85	0.017	1.63732	1.6105	0.0133572	168.862	91.3852
90	0.018	1.64125	1.6105	0.0142154	156.322	72.8211
95	0.019	1.645	1.6105	0.0150469	144.654	55.7006
100	0.02	1.64857	1.6105	0.0158495	133.841	39.946
105	0.021	1.65194	1.6105	0.0166192	123.835	25.4663
110	0.022	1.65507	1.6105	0.0173479	114.648	12.1589
115	0.023	1.65793	1.6105	0.0180289	106.283	0
120	0.024	1.66049	1.6105	0.0186574	98.687	0
125	0.025	1.66276	1.6105	0.019231	91.8546	0
130	0.026	1.66477	1.6105	0.0197588	85.632	0
135	0.027	1.66649	1.6105	0.0202324	80.1513	0
140	0.028	1.66793	1.6105	0.0206531	75.4051	0
145	0.029	1.6691	1.6105	0.0210239	71.3621	0
150	0.03	1.67003	1.6105	0.0213477	67.9182	0
155	0.031	1.67073	1.6105	0.0216269	65.0433	0
160	0.032	1.6712	1.6105	0.0218628	62.6667	0
165	0.033	1.67146	1.6105	0.022056	60.7237	0
170	0.034	1.6715	1.6105	0.0222063	59.1671	0
175	0.035	1.67133	1.6105	0.0223135	57.9626	0
180	0.036	1.67094	1.6105	0.0223778	57.0837	0
185	0.037	1.67036	1.6105	0.0224013	56.4852	0
190	0.038	1.66959	1.6105	0.0223878	56.1076	0
195	0.039	1.66867	1.6105	0.0223417	55.8913	0
200	0.04	1.66762	1.6105	0.0222659	55.8244	0
205	0.041	1.66644	1.6105	0.0221637	55.874	0
210	0.042	1.66516	1.6105	0.0220377	56.0041	0
215	0.043	1.66378	1.6105	0.0218905	56.208	0
220	0.044	1.66233	1.6105	0.0217245	56.4495	0
225	0.045	1.6608	1.6105	0.0215411	56.7456	0
230	0.046	1.65922	1.6105	0.0213421	57.0739	0
235	0.047	1.65757	1.6105	0.0211294	57.4073	0
240	0.048	1.65589	1.6105	0.0209048	57.7426	0
245	0.049	1.65417	1.6105	0.0206699	58.094	0
250	0.05	1.65243	1.6105	0.0204261	58.4135	0
255	0.051	1.65213	1.6105	0.020468	56.4792	0
260	0.052	1.65304	1.6105	0.0207512	52.7931	0
265	0.053	1.65452	1.6105	0.0211485	48.4823	0
270	0.054	1.65595	1.6105	0.0215394	44.4964	0
275	0.055	1.65723	1.6105	0.0219058	40.9516	0
280	0.056	1.65835	1.6105	0.0222421	37.8907	0
285	0.057	1.6593	1.6105	0.0225444	35.2871	0
290	0.058	1.66005	1.6105	0.0228091	33.1272	0
295	0.059	1.66059	1.6105	0.0230335	31.399	0
300	0.06	1.66091	1.6105	0.0232156	30.0991	0
305	0.061	1.66102	1.6105	0.0233541	29.1974	0
310	0.062	1.6609	1.6105	0.0234483	28.6542	0
315	0.063	1.66056	1.6105	0.0234981	28.4564	7.1007
320	0.064	1.66039	1.6105	0.023582	27.9769	15.1053
325	0.065	1.66042	1.6105	0.0237034	27.2094	23.331
330	0.066	1.66051	1.6105	0.0238388	26.379	31.6638
335	0.067	1.66054	1.6105	0.0239608	25.6805	40.034
340	0.068	1.66042	1.6105	0.0240513	25.2666	48.4088
345	0.069	1.66011	1.6105	0.0241055	25.1253	56.7972
350	0.07	1.65965	1.6105	0.0241278	25.2339	65.2162
355	0.071	1.65907	1.6105	0.0241263	25.5065	73.6816
360	0.072	1.65841	1.6105	0.0241075	25.8759	82.204
365	0.073	1.65772	1.6105	0.0240789	26.2753	90.7858
370	0.074	1.65701	1.6105	0.0240464	26.6774	99.4224
375	0.075	1.65629	1.6105	0.0240133	27.0326	108.119
380	0.076	1.6556	1.6105	0.0239808	27.3721	116.86
385	0.077	1.65492	1.6105	0.0239489	27.6878	125.622
390	0.078	1.65424	1.6105	0.0239173	27.973	134.401
395	0.079	1.65357	1.6105	0.0238859	28.2399	143.194
400	0.08	1.65292	1.6105	0.0238555	28.4966	151.995
405	0.081	1.65229	1.6105	0.023827	28.7267	160.787
410	0.082	1.65166	1.6105	0.0238018	28.929	169.585
415	0.083	1.65108	1.6105	0.023781	29.103	178.367
420	0.084	1.65053	1.6105	0.0237657	29.2254	187.129
425	0.085	1.65	1.6105	0.0237562	29.3245	195.873
430	0.086	1.64952	1.6105	0.0237523	29.3751	204.58
435	0.087	1.64907	1.6105	0.0237535	29.4106	213.241
440	0.088	1.64864	1.6105	0.0237587	29.4216	221.852
445	0.089	1.64823	1.6105	0.0237665	29.428	230.394
450	0.09	1.64783	1.6105	0.0237752	29.4515	238.86
455	0.091	1.64742	1.6105	0.0237834	29.4876	247.245
460	0.092	1.64702	1.6105	0.0237902	29.5406	255.543
465	0.093	1.64662	1.6105	0.023795	29.638	263.744
470	0.094	1.64621	1.6105	0.0237979	29.7505	271.847
475	0.095	1.64579	1.6105	0.0237992	29.8711	279.855
480	0.096	1.64537	1.6105	0.0237994	30.0159	287.764
485	0.097	1.64495	1.6105	0.0237987	30.1658	295.571
490	0.098	1.64454	1.6105	0.0237975	30.3336	303.268
495	0.099	1.64412	1.6105	0.0237956	30.5019	310.858
500	0.1	1.64371	1.6105	0.0237929	30.6772	318.33
505	0.101	1.64329	1.6105	0.023789	30.8543	325.696
510	0.102	1.64288	1.6105	0.0237838	31.053	332.937
515	0.103	1.64246	1.6105	0.0237771	31.2518	340.055
520	0.104	1.64203	1.6105	0.0237691	31.4678	347.061
525	0.105	1.64162	1.6105	0.0237599	31.6855	353.94
530	0.106	1.64119	1.6105	0.0237498	31.9164	360.696
535	0.107	1.64077	1.6105	0.0237392	32.148	367.336
540	0.108	1.64035	1.6105	0.0237284	32.375	373.854
545	0.109	1.63994	1.6105	0.0237175	32.6024	380.249
550	0.11	1.63953	1.6105	0.0237064	32.8266	386.525
555	0.111	1.63913	1.6105	0.0236947	33.0489	392.67
560	0.112	1.63872	1.6105	0.0236818	33.2751	398.692
565	0.113	1.63831	1.6105	0.0236674	33.5153	404.586
570	0.114	1.63789	1.6105	0.0236513	33.7742	410.349
575	0.115	1.63746	1.6105	0.023633	34.0455	415.988
580	0.116	1.63703	1.6105	0.0236125	34.3171	421.508
585	0.117	1.6366	1.6105	0.0235895	34.606	426.896
590	0.118	1.63615	1.6105	0.0235638	34.923	432.163
595	0.119	1.63569	1.6105	0.0235352	35.2389	437.299
600	0.12	1.63522	1.6105	0.0235033	35.5669	442.318
605	0.121	1.63474	1.6105	0.0234679	35.9242	447.21
610	0.122	1.63425	1.6105	0.0234288	36.2927	451.98
615	0.123	1.63374	1.6105	0.0233857	36.6763	456.636
620	0.124	1.63322	1.6105	0.0233384	37.0845	461.169
625	0.125	1.63268	1.6105	0.0232868	37.5174	465.584
630	0.126	1.63212	1.6105	0.0232302	37.9602	469.88
635	0.127	1.63154	1.6105	0.0231681	38.4285	474.059
640	0.128	1.63093	1.6105	0.0231001	38.9385	478.12
645	0.129	1.6303	1.6105	0.0230258	39.4542	482.073
650	0.13	1.62965	1.6105	0.0229453	40.0078	485.913
655	0.131	1.62898	1.6105	0.0228587	40.5834	489.642
660	0.132	1.62827	1.6105	0.0227661	41.1752	493.27
665	0.133	1.62755	1.6105	0.0226674	41.7974	496.791
670	0.134	1.6268	1.6105	0.0225626	42.4264	500.215
675	0.135	1.62604	1.6105	0.0224513	43.0841	503.53
680	0.136	1.62523	1.6105	0.0223332	43.7725	506.752
685	0.137	1.62441	1.6105	0.0222078	44.4747	509.875
690	0.138	1.62356	1.6105	0.0220748	45.1958	512.901
695	0.139	1.62267	1.6105	0.0219338	45.9595	515.832
700	0.14	1.62176	1.6105	0.0217847	46.7367	518.67
705	0.141	1.62081	1.6105	0.0216272	47.5572	521.41
710	0.142	1.61982	1.6105	0.0214614	48.3899	524.064
715	0.143	1.61881	1.6105	0.0212869	49.261	526.623
720	0.144	1.61776	1.6105	0.0211038	50.1409	529.088
725	0.145	1.61668	1.6105	0.0209118	51.0598	531.462
730	0.146	1.61557	1.6105	0.0207107	52.0022	533.737
735	0.147	1.61441	1.6105	0.0205003	52.9785	535.914
740	0.148	1.61322	1.6105	0.0202805	53.9783	537.993
745	0.149	1.612	1.6105	0.020051	54.994	539.976
750	0.15	1.61074	1.6105	0.0198116	56.048	541.855
755	0.151	1.60945	1.6105	0.0195622	57.1164	543.632
760	0.152	1.60811	1.6105	0.0193028	58.2217	545.307
765	0.153	1.60673	1.6105	0.0190331	59.3544	546.886
770	0.154	1.60532	1.6105	0.0187532	60.5048	548.368
775	0.155	1.60388	1.6105	0.0184628	61.6971	549.748
780	0.156	1.60239	1.6105	0.018162	62.9053	551.035
785	0.157	1.60087	1.6105	0.0178507	64.1254	552.227
790	0.158	1.59931	1.6105	0.0175287	65.3868	553.327
795	0.159	1.5977	1.6116	0.0171961	66.6599	554.341
800	0.16	1.59606	1.61579	0.0168526	67.975	555.275
805	0.161	1.59439	1.62008	0.0164984	69.2958	556.123
810	0.162	1.59268	1.62446	0.0161333	70.6437	556.888
815	0.163	1.59092	1.62892	0.0157574	72.0147	557.579
820	0.164	1.58913	1.63347	0.0153706	73.4062	558.201
825	0.165	1.5873	1.63811	0.0149729	74.8201	558.754
830	0.166	1.58545	1.64282	0.0145644	76.2538	559.234
835	0.167	1.58354	1.64763	0.014145	77.6953	559.652
840	0.168	1.58161	1.65253	0.0137149	79.1693	560.01
845	0.169	1.57964	1.65749	0.0132739	80.6618	560.31
850	0.17	1.57763	1.66252	0.0128223	82.1572	560.551
855	0.171	1.57559	1.66764	0.0123599	83.6681	560.744
860	0.172	1.57353	1.67284	0.011887	85.197	560.879
865	0.173	1.57142	1.67812	0.0114035	86.7433	560.972
870	0.174	1.5698	1.68347	0.0109096	88.3016	561.011
875	0.175	1.5698	1.68888	0.0104053	89.8764	561.009
880	0.176	1.5698	1.69437	0.0098908	91.4503	560.967
885	0.177	1.5698	1.69991	0.00936611	93.0391	560.882
890	0.178	1.5698	1.70552	0.00883139	94.6272	560.754
895	0.179	1.5698	1.7112	0.00828675	96.2287	560.587
900	0.18	1.5698	1.71692	0.00773231	97.8413	560.386
905	0.181	1.5698	1.72272	0.00716823	99.4526	560.149
910	0.182	1.5698	1.72856	0.00659462	101.078	559.875
915	0.183	1.5698	1.73447	0.00601165	102.7	559.569
920	0.184	1.5698	1.74043	0.00541946	104.335	559.224
925	0.185	1.5698	1.74642	0.00481821	105.966	558.846
930	0.186	1.5698	1.75246	0.00420807	107.597	558.437
935	0.187	1.5698	1.75853	0.00358919	109.224	557.995
940	0.188	1.5698	1.76467	0.00296175	110.868	557.522
945	0.189	1.5698	1.77082	0.00232594	112.579	557.016
950	0.19	1.5698	1.77703	0.00168192	114.35	556.462
955	0.191	1.5698	1.78325	0.00102993	116.225	555.864
960	0.192	1.5698	1.78951	0.000370173	118.191	555.211
965	0.193	1.5698	1.79579	-0.000297114	120.262	554.489
970	0.194	1.5698	1.80209	-0.000971687	122.449	553.696
975	0.195	1.5698	1.80841	-0.00165329	124.741	552.821
980	0.196	1.5698	1.81474	-0.00234168	127.154	551.848
985	0.197	1.5698	1.8211	-0.00303659	129.681	550.768
990	0.198	1.5698	1.82746	-0.00373775	132.344	549.571
995	0.199	1.5698	1.83382	-0.00444486	135.135	548.24
1000	0.2	1.5698	1.84019	-0.00515754	138.062	546.778
1005	0.201	1.5698	1.84652	-0.00587534	141.137	545.159
1010	0.202	1.5698	1.85286	-0.0065978	144.354	543.386
1015	0.203	1.5698	1.85918	-0.00732437	147.743	541.437
1020	0.204	1.5698	1.86548	-0.00805455	151.318	539.308
1025	0.205	1.5698	1.87173	-0.00878776	155.085	536.979
1030	0.206	1.5698	1.87796	-0.00952344	159.043	534.448
1035	0.207	1.5698	1.88411	-0.010261	163.242	531.697
1040	0.208	1.5698	1.89025	-0.0109997	167.656	528.725
1045	0.209	1.5698	1.89629	-0.011739	172.351	525.502
1050	0.21	1.5698	1.90228	-0.0124781	177.295	522.023
1055	0.211	1.5698	1.90808	-0.0132164	182.53	518.288
1060	0.212	1.5698	1.91378	-0.0139446	187.992	514.254
1065	0.213	1.5698	1.91938	-0.0146697	193.766	509.891
1070	0.214	1.5698	1.92484	-0.0153897	199.869	505.178
1075	0.215	1.5698	1.9302	-0.0161042	206.289	500.07
1080	0.216	1.5698	1.93538	-0.0168126	213.075	494.547
1085	0.217	1.5698	1.94044	-0.017514	220.201	488.554
1090	0.218	1.5698	1.94534	-0.0182071	227.715	482.064
1095	0.219	1.5698	1.95004	-0.0188905	235.615	475.029
1100	0.22	1.5698	1.95456	-0.0195627	243.89	467.404
1105	0.221	1.5698	1.95886	-0.0202224	252.573	459.137
1110	0.222	1.5698	1.96296	-0.0208682	261.665	450.182
1115	0.223	1.5698	1.96679	-0.0214988	271.184	440.481
1120	0.224	1.5698	1.97038	-0.0221128	281.109	429.987
1125	0.225	1.5698	1.97371	-0.0227087	291.469	418.644
1130	0.226	1.5698	1.97674	-0.023285	302.264	406.414
1135	0.227	1.5698	1.97948	-0.02384	313.477	393.243
1140	0.228	1.5698	1.98187	-0.0243717	325.119	379.11
1145	0.229	1.5698	1.98391	-0.0248774	337.157	363.993
1150	0.23	1.5698	1.98554	-0.0253541	349.579	347.895
1155	0.231	1.5698	1.98676	-0.0257992	362.353	330.817
1160	0.232	1.5698	1.98751	-0.0262102	375.462	312.806
1165	0.233	1.5698	1.98783	-0.0265851	388.86	293.911
1170	0.234	1.5698	1.98766	-0.0269219	402.541	274.225
1175	0.235	1.5698	1.98701	-0.0272187	416.451	253.851
1180	0.236	1.5698	1.98583	-0.0274732	430.551	232.936
1185	0.237	1.5698	1.98409	-0.027683	444.791	211.641
1190	0.238	1.5698	1.98178	-0.0278453	459.103	190.15
1195	0.239	1.5698	1.97884	-0.027957	473.438	168.652
1200	0.24	1.5698	1.97525	-0.028015	487.72	147.338
1205	0.241	1.5698	1.97101	-0.0280162	501.884	126.409
1210	0.242	1.5698	1.96604	-0.0279582	515.885	106.048
1215	0.243	1.5698	1.96024	-0.0278347	529.623	86.4325
1220	0.244	1.5698	1.95358	-0.0276386	542.997	67.6955
1225	0.245	1.5698	1.94601	-0.0273643	555.946	49.9662
1230	0.246	1.5698	1.93744	-0.0270067	568.396	33.336
1235	0.247	1.5698	1.92787	-0.0265608	580.264	17.896
1240	0.248	1.5698	1.91722	-0.0260215	591.503	3.74889
1245	0.249	1.5698	1.90544	-0.025384	602.015	0
1250	0.25	1.5698	1.89253	-0.0246439	611.711	0
1255	0.251	1.5698	1.87844	-0.0237977	620.548	0
1260	0.252	1.5698	1.8632	-0.0228434	628.462	0
1265	0.253	1.5698	1.84677	-0.0217791	635.447	0
1270	0.254	1.5698	1.82915	-0.0206037	641.464	0
1275	0.255	1.5698	1.81038	-0.0193161	646.52	0
1280	0.256	1.5698	1.79046	-0.0179161	650.638	0
1285	0.257	1.5698	1.76935	-0.0164032	653.836	0
1290	0.258	1.5698	1.7471	-0.0147774	656.11	0
1295	0.259	1.5698	1.72372	-0.0130388	657.519	0
1300	0.26	1.5698	1.69921	-0.0111875	658.08	0
1305	0.261	1.5698	1.6736	-0.00922426	657.839	0
1310	0.262	1.57463	1.64692	-0.00714973	656.834	0
1315	0.263	1.58593	1.61917	-0.00496506	655.108	0
1320	0.264	1.59766	1.6105	-0.00267167	652.7	0
1325	0.265	1.6098	1.6105	-0.000271726	649.674	0
1330	0.266	1.62233	1.6105	0.0022323	646.045	0
1335	0.267	1.63524	1.6105	0.0048377	641.892	0
1340	0.268	1.64851	1.6105	0.00754157	637.241	0
1345	0.269	1.66211	1.6105	0.0103409	632.144	0
1350	0.27	1.67602	1.6105	0.0132326	626.628	0
1355	0.271	1.69023	1.6105	0.0162133	620.754	0
1360	0.272	1.7047	1.6105	0.0192799	614.537	0
1365	0.273	1.71944	1.6105	0.0224287	608.008	0
1370	0.274	1.73439	1.6105	0.0256564	601.229	0
1375	0.275	1.74955	1.6105	0.0289596	594.207	0
1380	0.276	1.7649	1.6105	0.0323355	586.978	0
1385	0.277	1.78043	1.6105	0.0357813	579.55	0
1390	0.278	1.79611	1.6105	0.0392944	571.957	0
1395	0.279	1.81193	1.6105	0.0428721	564.221	0
1400	0.28	1.82788	1.6105	0.0465125	556.335	0
1405	0.281	1.84393	1.6105	0.0502139	548.335	0
1410	0.282	1.86009	1.6105	0.0539748	540.206	0
1415	0.283	1.87635	1.6105	0.0577942	531.967	0
1420	0.284	1.8927	1.6105	0.061671	523.624	0
1425	0.285	1.90913	1.6105	0.0656039	515.17	0
1430	0.286	1.92563	1.6105	0.0695912	506.619	0
1435	0.287	1.94219	1.6105	0.073631	497.997	0
1440	0.288	1.95879	1.6105	0.0777212	489.289	0
1445	0.289	1.97542	1.6105	0.0818595	480.527	0
1450	0.29	1.99207	1.6105	0.0860437	471.703	0
1455	0.291	2.00874	1.6105	0.0902713	462.845	0
1460	0.292	2.02538	1.6105	0.0945402	453.955	0
1465	0.293	2.04201	1.6105	0.098848	445.037	0
1470	0.294	2.05862	1.6105	0.103193	436.1	0
1475	0.295	2.07517	1.6105	0.107572	427.149	0
1480	0.296	2.09167	1.6105	0.111984	418.201	0
1485	0.297	2.10813	1.6105	0.116429	409.228	0
1490	0.298	2.12454	1.6105	0.120908	400.201	0
1495	0.299	2.14092	1.6105	0.125425	391.114	0
1500	0.3	2.15726	1.6105	0.129979	381.957	0
1505	0.301	2.17358	1.6105	0.134572	372.7	0
1510	0.302	2.18986	1.6105	0.139205	363.333	0
1515	0.303	2.20614	1.6105	0.143877	353.87	0
1520	0.304	2.22237	1.6105	0.14859	344.277	0
1525	0.305	2.23859	1.6105	0.153341	334.591	0
1530	0.306	2.25475	1.6105	0.15813	324.798	0
1535	0.307	2.27088	1.6105	0.162957	314.895	0
1540	0.308	2.28695	1.6105	0.167818	304.906	0.980961
1545	0.309	2.30297	1.6105	0.172713	294.837	2.82869
1550	0.31	2.3189	1.6105	0.177639	284.713	4.6557
1555	0.311	2.33476	1.6105	0.182593	274.521	6.42687
1560	0.312	2.3505	1.6105	0.187573	264.297	8.14698
1565	0.313	2.36613	1.6105	0.192574	254.054	9.81207
1570	0.314	2.38163	1.6105	0.197596	243.808	11.4222
1575	0.315	2.39699	1.6105	0.202633	233.562	12.9615
1580	0.316	2.41218	1.6105	0.207683	223.346	14.4304
1585	0.317	2.4272	1.6105	0.212742	213.172	15.8206
1590	0.318	2.44203	1.6105	0.217807	203.052	17.1376
1595	0.319	2.45666	1.6105	0.222874	193.006	18.3715
1600	0.32	2.47108	1.6105	0.22794	183.036	19.5132
1605	0.321	2.48525	1.6105	0.233002	173.165	20.412
1610	0.322	2.49894	1.6105	0.238002	163.861	21.2633
1615	0.323	2.51242	1.6105	0.243	154.542	22.0411
1620	0.324	2.52565	1.6105	0.247986	145.342	22.7185
1625	0.325	2.53858	1.6105	0.252952	136.26	23.3153
1630	0.326	2.55124	1.6105	0.257897	127.324	23.8227
1635	0.327	2.56361	1.6105	0.262818	118.525	24.2364
1640	0.328	2.57566	1.6105	0.267713	109.877	24.5587
1645	0.329	2.58739	1.6105	0.27258	101.381	24.8096
1650	0.33	2.59884	1.6105	0.277417	93.0387	24.9654
1655	0.331	2.60995	1.6105	0.28222	84.8519	25.0416
1660	0.332	2.62074	1.6105	0.286989	76.8386	25.0301
1665	0.333	2.63119	1.6105	0.29172	68.9762	24.9354
1670	0.334	2.64131	1.6105	0.296412	61.2909	24.7645
1675	0.335	2.6511	1.6105	0.301064	53.7844	24.5248
1680	0.336	2.66056	1.6105	0.305673	46.4324	24.2034
1685	0.337	2.66968	1.6105	0.310239	39.254	23.8182
1690	0.338	2.67846	1.6105	0.314761	32.2453	23.3681
1695	0.339	2.68691	1.6105	0.319237	25.3803	22.8446
1700	0.34	2.69502	1.6105	0.323668	18.6836	22.2826
1705	0.341	2.70282	1.6105	0.328052	12.1376	21.6536
1710	0.342	2.71028	1.6105	0.33239	5.72436	20.9745
1715	0.343	2.71742	1.6105	0.336681	0	20.2531
1720	0.344	2.72424	1.6105	0.340924	0	19.4977
1725	0.345	2.73077	1.6105	0.345121	0	18.6925
1730	0.346	2.73697	1.6105	0.349272	0	17.8678
1735	0.347	2.74289	1.6105	0.353379	0	17.0307
1740	0.348	2.74855	1.6105	0.357444	0	16.1808
1745	0.349	2.75395	1.6105	0.361469	0	15.3155
1750	0.35	2.75908	1.6105	0.365455	0	14.4419
1755	0.351	2.76396	1.6105	0.369404	0	13.5869
1760	0.352	2.76863	1.6105	0.373318	0	12.7307
1765	0.353	2.77307	1.6105	0.377198	0	11.8839
1770	0.354	2.7773	1.6105	0.381046	0	11.0414
1775	0.355	2.78131	1.6105	0.384864	0	10.2228
1780	0.356	2.78514	1.6105	0.388654	0	9.42634
1785	0.357	2.7888	1.6105	0.392416	0	8.65727
1790	0.358	2.79228	1.6105	0.396152	0	7.90168
1795	0.359	2.79559	1.6105	0.399864	0	7.17561
1800	0.36	2.79875	1.6105	0.403553	0	0
1805	0.361	2.78003	1.6105	0.401714	0	0
1810	0.362	2.76157	1.6105	0.39989	0	0
1815	0.363	2.74344	1.6105	0.398105	18.059	0
1820	0.364	2.72574	1.6105	0.396383	49.8669	0
1825	0.365	2.70855	1.6105	0.394749	78.5188	0
1830	0.366	2.69201	1.6105	0.393228	104.049	0
1835	0.367	2.67613	1.6105	0.391838	126.57	0
1840	0.368	2.66096	1.6105	0.390581	146.327	0
1845	0.369	2.6461	1.6105	0.389365	164.326	0
1850	0.37	2.63204	1.6105	0.388317	179.652	0
1855	0.371	2.61889	1.6105	0.387457	192.331	0
1860	0.372	2.60668	1.6105	0.386797	202.459	0
1865	0.373	2.59524	1.6105	0.386301	210.528	0
1870	0.374	2.58479	1.6105	0.386022	216.247	0
1875	0.375	2.5753	1.6105	0.385952	219.787	0
1880	0.376	2.56674	1.6105	0.386094	221.326	0
1885	0.377	2.55913	1.6105	0.386446	220.963	0
1890	0.378	2.55243	1.6105	0.387007	218.833	0
1895	0.379	2.54663	1.6105	0.387771	215.091	0
1900	0.38	2.54165	1.6105	0.388731	209.876	0
1905	0.381	2.53751	1.6105	0.389877	203.358	0
1910	0.382	2.53409	1.6105	0.3912	195.69	0
1915	0.383	2.53137	1.6105	0.392685	187.023	0
1920	0.384	2.52928	1.6105	0.394322	177.517	0
1925	0.385	2.52777	1.6105	0.396096	167.313	0
1930	0.386	2.52676	1.6105	0.397993	156.571	0
1935	0.387	2.52617	1.6105	0.399998	145.407	0
1940	0.388	2.52599	1.6105	0.402097	133.964	0
1945	0.389	2.51537	1.6105	0.401561	145.671	0
1950	0.39	2.50526	1.6105	0.401118	155.637	0
1955	0.391	2.49563	1.6105	0.400774	163.908	0
1960	0.392	2.48652	1.6105	0.400532	170.603	0
1965	0.393	2.47787	1.6105	0.400387	175.893	0
1970	0.394	2.46939	1.6105	0.400255	180.609	0
1975	0.395	2.46139	1.6105	0.400225	184.034	0
1980	0.396	2.45391	1.6105	0.400301	186.252	0
1985	0.397	2.44678	1.6105	0.400448	187.631	0
1990	0.398	2.44007	1.6105	0.400677	188.151	0
1995	0.399	2.43373	1.6105	0.400984	187.901	0
2000	0.4	2.42776	1.6105	0.401366	186.952	0
2005	0.401	2.42214	1.6105	0.40182	185.392	0
2010	0.402	2.41342	1.6105	0.401469	190.774	0
2015	0.403	2.40504	1.6105	0.401184	195.177	0
2020	0.404	2.39703	1.6105	0.400964	198.682	0
2025	0.405	2.38934	1.6105	0.400809	201.351	0
2030	0.406	2.38201	1.6105	0.40072	203.241	0
2035	0.407	2.37502	1.6105	0.400695	204.421	0
2040	0.408	2.36835	1.6105	0.400733	204.963	0
2045	0.409	2.36197	1.6105	0.400831	204.925	0
2050	0.41	2.35592	1.6105	0.400986	204.361	0
2055	0.411	2.35014	1.6105	0.401197	203.346	0
2060	0.412	2.34462	1.6105	0.401458	201.932	0
2065	0.413	2.33807	1.6105	0.401442	202.952	0
2070	0.414	2.3316	1.6105	0.401428	203.85	0
2075	0.415	2.32528	1.6105	0.401428	204.52	0
2080	0.416	2.319	1.6105	0.401428	205.073	0
2085	0.417	2.3128	1.6105	0.401428	205.541	0
2090	0.418	2.30668	1.6105	0.401428	205.906	0
2095	0.419	2.30062	1.6105	0.401428	206.16	0
2100	0.42	2.29462	1.6105	0.401428	206.323	0
2105	0.421	2.2887	1.6105	0.401428	206.385	0
2110	0.422	2.28283	1.6105	0.401428	206.337	0
2115	0.423	2.27705	1.6105	0.401427	206.206	0
2120	0.424	2.27132	1.6105	0.401427	205.958	0
2125	0.425	2.26564	1.6105	0.401427	205.623	0
2130	0.426	2.26005	1.6105	0.401427	205.196	0
2135	0.427	2.2545	1.6105	0.401427	204.66	0
2140	0.428	2.24901	1.6105	0.401427	204.03	0
2145	0.429	2.2436	1.6105	0.401427	203.298	0
2150	0.43	2.23824	1.6105	0.401427	202.475	0
2155	0.431	2.23295	1.6105	0.401427	201.552	0
2160	0.432	2.2277	1.6105	0.401427	200.516	0
2165	0.433	2.22253	1.6105	0.401426	199.387	0
2170	0.434	2.2174	1.6105	0.401426	198.139	0
2175	0.435	2.21232	1.6105	0.401426	196.78	0
2180	0.436	2.20732	1.6105	0.401426	195.283	0
2185	0.437	2.20236	1.6105	0.401426	193.643	0
2190	0.438	2.19747	1.6105	0.401426	191.84	0
2195	0.439	2.19262	1.6105	0.401425	189.895	0
2200	0.44	2.18781	1.6105	0.401422	187.795	0
2205	0.441	2.18304	1.6105	0.401415	185.543	0
2210	0.442	2.17831	1.6105	0.401402	183.153	0
2215	0.443	2.17361	1.6105	0.401383	180.619	0
2220	0.444	2.16891	1.6105	0.401355	177.933	0
2225	0.445	2.16425	1.6105	0.401318	175.102	0
2230	0.446	2.15958	1.6105	0.401271	172.114	0
2235	0.447	2.15492	1.6105	0.401212	168.954	0
2240	0.448	2.15027	1.6105	0.401141	165.623	0
2245	0.449	2.14563	1.6105	0.401057	162.098	0
2250	0.45	2.14098	1.6105	0.40096	158.369	0
2255	0.451	2.13631	1.6105	0.400848	154.421	3.15496
2260	0.452	2.13164	1.6105	0.400721	150.232	17.0068
2265	0.453	2.12697	1.6105	0.400579	145.795	32.493
2270	0.454	2.12228	1.6105	0.400418	141.106	49.7219
2275	0.455	2.11753	1.6105	0.400236	136.171	68.8546
2280	0.456	2.11278	1.6105	0.400029	130.983	89.9615
2285	0.457	2.10794	1.6105	0.399797	125.533	113.159
2290	0.458	2.10307	1.6105	0.399535	119.834	138.46
2295	0.459	2.09811	1.6105	0.399243	113.864	165.847
2300	0.46	2.09306	1.6105	0.398916	107.646	195.269
2305	0.461	2.08794	1.6105	0.398553	101.166	226.542
2310	0.462	2.0827	1.6105	0.398148	94.4586	259.468
2315	0.463	2.07734	1.6105	0.397699	87.553	293.771
2320	0.464	2.07186	1.6105	0.3972	80.4669	329.1
2325	0.465	2.06621	1.6105	0.396649	73.2506	365.104
2330	0.466	2.06041	1.6105	0.396039	65.9467	401.382
2335	0.467	2.05441	1.6105	0.395367	58.6111	437.542
2340	0.468	2.0482	1.6105	0.394628	51.3115	473.248
2345	0.469	2.0418	1.6105	0.39382	44.0897	508.148
2350	0.47	2.03517	1.6105	0.392939	37.1355	541.963
2355	0.471	2.02831	1.6105	0.391984	30.7175	574.448
2360	0.472	2.02123	1.6105	0.390952	24.9982	605.371
2365	0.473	2.0139	1.6105	0.389842	20.0472	634.589
2370	0.474	2.00634	1.6105	0.388655	15.8963	662.006
2375	0.475	1.99855	1.6105	0.387389	12.5424	687.563
2380	0.476	1.99052	1.6105	0.386045	9.97482	711.275
2385	0.477	1.98226	1.6105	0.384624	8.15443	733.169
2390	0.478	1.97377	1.6105	0.383126	7.04977	753.31
2395	0.479	1.96508	1.6105	0.381553	6.60178	771.769
2400	0.48	1.95617	1.6105	0.379907	6.76174	788.636
2405	0.481	1.94706	1.6105	0.378189	7.4882	803.986
2410	0.482	1.93775	1.6105	0.376404	8.72015	818.563
2415	0.483	1.92925	1.6105	0.374798	8.32482	831.731
2420	0.484	1.9205	1.6105	0.373103	8.74859	843.647
2425	0.485	1.91158	1.6105	0.371353	9.62087	854.437
2430	0.486	1.90258	1.6105	0.369559	10.8196	864.174
2435	0.487	1.89348	1.6105	0.367722	12.3294	872.931
2440	0.488	1.88429	1.6105	0.365843	14.1325	880.788
2445	0.489	1.87503	1.6105	0.363922	16.1925	887.813
2450	0.49	1.8657	1.6105	0.361963	18.4815	894.052
2455	0.491	1.85627	1.6105	0.359966	20.9657	899.603
2460	0.492	1.84683	1.6105	0.357936	23.6172	904.496
2465	0.493	1.83733	1.6105	0.355876	26.3954	908.798
2470	0.494	1.82781	1.6105	0.353789	29.2563	912.548
2475	0.495	1.81826	1.6105	0.351678	32.1983	915.813
2480	0.496	1.80872	1.6105	0.349546	35.1777	918.628
2485	0.497	1.79919	1.6105	0.347395	38.1823	921.024
2490	0.498	1.78967	1.6105	0.345228	41.2034	923.034
2495	0.499	1.78016	1.6105	0.343045	44.2136	927.545
2500	0.5	1.77517	1.6105	0.341942	38.0748	933.829
2505	0.501	1.77371	1.6105	0.341692	25.386	940.475
2510	0.502	1.77369	1.6105	0.341787	10.9134	946.448
2515	0.503	1.77347	1.6105	0.34183	0	951.706
2520	0.504	1.77291	1.6105	0.341795	0	956.265
2525	0.505	1.77195	1.6105	0.341659	0	960.134
2530	0.506	1.77054	1.6105	0.341406	0	963.302
2535	0.507	1.76858	1.6105	0.341023	0	965.809
2540	0.508	1.76607	1.6105	0.340498	0	967.673
2545	0.509	1.76297	1.6105	0.339823	0	968.896
2550	0.51	1.75923	1.6105	0.338989	0	969.542
2555	0.511	1.75488	1.6105	0.337993	0	969.602
2560	0.512	1.74986	1.6105	0.336831	0	969.13
2565	0.513	1.74422	1.6105	0.335501	0	968.147
2570	0.514	1.73792	1.6105	0.334003	0	966.699
2575	0.515	1.73102	1.6105	0.332339	0	964.801
2580	0.516	1.72348	1.6105	0.33051	0	962.48
2585	0.517	1.71534	1.6105	0.32852	0	959.799
2590	0.518	1.70664	1.6105	0.326374	0	958.605
2595	0.519	1.70029	1.6105	0.32478	0	958.537
2600	0.52	1.69581	1.6105	0.323625	0	958.823
2605	0.521	1.69209	1.6105	0.322643	0	958.804
2610	0.522	1.6881	1.6105	0.321585	0	958.247
2615	0.523	1.68345	1.6105	0.320364	0	957.189
2620	0.524	1.67815	1.6105	0.318975	0	955.645
2625	0.525	1.67219	1.6105	0.317414	0	953.633
2630	0.526	1.66555	1.6105	0.315679	0	951.172
2635	0.527	1.65824	1.6105	0.313771	5.19153	949.097
2640	0.528	1.65152	1.6105	0.311987	9.18677	947.342
2645	0.529	1.64534	1.6105	0.310321	11.9674	945.724
2650	0.53	1.63942	1.61642	0.308702	14.2219	944.01
2655	0.531	1.63341	1.63531	0.307053	16.6176	942.087
2660	0.532	1.62713	1.6552	0.305325	19.5741	939.928
2665	0.533	1.62051	1.67589	0.303505	23.1544	937.587
2670	0.534	1.61363	1.697	0.301609	27.1761	935.149
2675	0.535	1.6066	1.71827	0.299665	31.3864	932.666
2680	0.536	1.59951	1.73957	0.297691	35.6166	930.152
2685	0.537	1.59238	1.76091	0.295699	39.7774	927.636
2690	0.538	1.58525	1.78239	0.293687	43.8911	925.064
2695	0.539	1.57805	1.80406	0.291648	48.032	922.443
2700	0.54	1.57078	1.82601	0.289576	52.2378	919.752
2705	0.541	1.5698	1.84822	0.287467	56.5611	916.987
2710	0.542	1.5698	1.87068	0.285319	60.9937	914.164
2715	0.543	1.5698	1.89335	0.283135	65.5154	911.3
2720	0.544	1.5698	1.91616	0.280919	70.1083	908.386
2725	0.545	1.5698	1.93914	0.278672	74.7267	905.431
2730	0.546	1.5698	1.96223	0.276395	79.3859	902.442
2735	0.547	1.5698	1.98547	0.27409	84.0573	899.421
2740	0.548	1.5698	2.00884	0.271757	88.7685	896.355
2745	0.549	1.5698	2.03233	0.269394	93.5039	893.259
2750	0.55	1.5698	2.05594	0.267003	98.2651	890.125
2755	0.551	1.5698	2.07968	0.264584	103.054	886.953
2760	0.552	1.5698	2.1035	0.262137	107.873	883.763
2765	0.553	1.5698	2.12741	0.259664	112.695	880.538
2770	0.554	1.5698	2.15139	0.257165	117.53	877.284
2775	0.555	1.5698	2.17545	0.25464	122.37	874.008
2780	0.556	1.5698	2.19956	0.252092	127.217	870.698
2785	0.557	1.5698	2.2237	0.249519	132.063	867.374
2790	0.558	1.5698	2.24791	0.246923	136.894	864.025
2795	0.559	1.5698	2.27214	0.244304	141.739	860.656
2800	0.56	1.5698	2.29641	0.241663	146.569	857.262
2805	0.561	1.5698	2.32067	0.239	151.396	853.854
2810	0.562	1.5698	2.34496	0.236317	156.198	850.419
2815	0.563	1.5698	2.36924	0.233613	160.995	846.969
2820	0.564	1.5698	2.3935	0.230889	165.78	843.504
2825	0.565	1.5698	2.41776	0.228146	170.532	840.026
2830	0.566	1.5698	2.44198	0.225385	175.27	836.528
2835	0.567	1.5698	2.46615	0.222606	179.982	833.015
2840	0.568	1.5698	2.49029	0.21981	184.66	829.487
2845	0.569	1.5698	2.5144	0.216997	189.316	825.942
2850	0.57	1.5698	2.53845	0.214168	193.958	822.392
2855	0.571	1.5698	2.56241	0.211323	198.56	818.827
2860	0.572	1.5698	2.58631	0.208464	203.122	815.254
2865	0.573	1.5698	2.61013	0.20559	207.649	811.662
2870	0.574	1.5698	2.63387	0.202703	212.145	808.062
2875	0.575	1.5698	2.65751	0.199803	216.606	804.46
2880	0.576	1.5698	2.68105	0.19689	221.022	800.835
2885	0.577	1.5698	2.70449	0.193966	225.401	797.214
2890	0.578	1.5698	2.72782	0.19103	229.744	793.576
2895	0.579	1.5698	2.75101	0.188083	234.041	789.939
2900	0.58	1.5698	2.7741	0.185126	238.284	786.291
2905	0.581	1.5698	2.79704	0.182159	242.492	782.632
2910	0.582	1.5698	2.81985	0.179184	246.649	778.971
2915	0.583	1.5698	2.84251	0.1762	250.76	775.303
2920	0.584	1.5698	2.86505	0.173208	254.819	771.628
2925	0.585	1.5698	2.88739	0.170208	258.84	767.947
2930	0.586	1.5698	2.9096	0.167202	262.792	764.272
2935	0.587	1.5698	2.93164	0.164189	266.704	760.578
2940	0.588	1.5698	2.9535	0.161171	270.562	756.892
2945	0.589	1.5698	2.97518	0.158147	274.363	753.196
2950	0.59	1.5698	2.99671	0.155119	278.105	749.506
2955	0.591	1.5698	3.01805	0.152086	281.806	745.808
2960	0.592	1.5698	3.03918	0.149049	285.453	742.111
2965	0.593	1.5698	3.06013	0.14601	289.032	738.411
2970	0.594	1.5698	3.08087	0.142967	292.558	734.709
2975	0.595	1.5698	3.10143	0.139923	296.022	731.002
2980	0.596	1.5698	3.12176	0.136876	299.441	727.301
2985	0.597	1.5698	3.1419	0.133829	302.786	723.598
2990	0.598	1.5698	3.16181	0.13078	306.086	719.892
2995	0.599	1.5698	3.18152	0.127731	309.315	716.196
3000	0.6	1.5698	3.201	0.124683	312.496	712.495
3005	0.601	1.5698	3.22025	0.121635	315.605	708.802
3010	0.602	1.5698	3.23929	0.118588	318.655	705.105
3015	0.603	1.5698	3.25809	0.115542	321.654	701.413
3020	0.604	1.5698	3.27665	0.112498	324.582	697.724
3025	0.605	1.5698	3.29499	0.109457	327.447	694.036
3030	0.606	1.5698	3.31308	0.106418	330.262	690.352
3035	0.607	1.5698	3.33095	0.103383	333.008	686.676
3040	0.608	1.5698	3.34855	0.100351	335.703	683.006
3045	0.609	1.5698	3.36592	0.097323	338.318	679.333
3050	0.61	1.5698	3.38304	0.0942995	340.888	675.676
3055	0.611	1.5698	3.39991	0.0912808	343.384	672.014
3060	0.612	1.5698	3.41654	0.0882672	345.823	668.366
3065	0.613	1.5698	3.4329	0.0852592	348.209	664.719
3070	0.614	1.5698	3.44901	0.082257	350.524	661.083
3075	0.615	1.5698	3.46485	0.0792611	352.778	657.451
3080	0.616	1.5698	3.48045	0.0762719	354.965	653.825
3085	0.617	1.5698	3.49579	0.0732896	357.095	650.209
3090	0.618	1.5698	3.51087	0.0703147	359.167	646.605
3095	0.619	1.5698	3.52568	0.0673474	361.182	643.003
3100	0.62	1.5698	3.54024	0.0643881	363.128	639.413
3105	0.621	1.5698	3.5545	0.0614372	365.021	635.829
3110	0.622	1.5698	3.56853	0.0584949	366.838	632.257
3115	0.623	1.5698	3.58228	0.0555615	368.608	628.697
3120	0.624	1.5698	3.59578	0.0526374	370.317	625.141
3125	0.625	1.5698	3.60901	0.0497229	371.97	621.604
3130	0.626	1.5698	3.62196	0.0468183	373.567	618.075
3135	0.627	1.5698	3.63463	0.0439238	375.096	614.549
3140	0.628	1.5698	3.64706	0.0410397	376.559	611.04
3145	0.629	1.5698	3.6592	0.0381664	377.976	607.546
3150	0.63	1.5698	3.67109	0.035304	379.329	604.062
3155	0.631	1.5698	3.6827	0.0324529	380.638	600.586
3160	0.632	1.5698	3.69406	0.0296133	381.879	597.132
3165	0.633	1.5698	3.70513	0.0267854	383.077	593.682
3170	0.634	1.5698	3.71592	0.0239696	384.206	590.248
3175	0.635	1.5698	3.72647	0.021166	385.273	586.827
3180	0.636	1.5698	3.73675	0.0183748	386.304	583.42
3185	0.637	1.5698	3.74675	0.0155964	387.274	580.039
3190	0.638	1.5698	3.75647	0.0128309	388.184	576.743
3195	0.639	1.5698	3.76588	0.0100791	389.034	573.577
3200	0.64	1.5698	3.77492	0.0073465	389.797	570.541
3205	0.641	1.5698	3.78364	0.00463401	390.439	567.638
3210	0.642	1.5698	3.792	0.00194179	390.986	564.839
3215	0.643	1.5698	3.80004	-0.00073002	391.425	562.137
3220	0.644	1.5698	3.8077	-0.00338087	391.774	559.508
3225	0.645	1.5698	3.81502	-0.0060098	392.01	556.951
3230	0.646	1.5698	3.82197	-0.00861556	392.153	554.455
3235	0.647	1.5698	3.82854	-0.0111969	392.188	552.009
3240	0.648	1.5698	3.83473	-0.0137526	392.119	549.606
3245	0.649	1.5698	3.84051	-0.0162818	391.938	547.248
3250	0.65	1.5698	3.8459	-0.0187836	391.637	544.93
3255	0.651	1.5698	3.8509	-0.0212576	391.237	542.64
3260	0.652	1.5698	3.85552	-0.023703	390.738	540.386
3265	0.653	1.5698	3.8597	-0.0261193	390.138	538.151
3270	0.654	1.5698	3.86349	-0.0285058	389.421	535.954
3275	0.655	1.5698	3.8669	-0.0308621	388.61	533.78
3280	0.656	1.5698	3.86987	-0.0331876	387.712	531.636
3285	0.657	1.5698	3.87245	-0.0354818	386.695	529.521
3290	0.658	1.5698	3.87464	-0.0377442	385.599	527.427
3295	0.659	1.5698	3.87641	-0.0399745	384.415	525.366
3300	0.66	1.5698	3.87778	-0.0421724	383.129	523.338
3305	0.661	1.5698	3.87875	-0.0443375	381.759	521.332
3310	0.662	1.5698	3.87931	-0.0464697	380.299	519.358
3315	0.663	1.5698	3.87949	-0.0485686	378.75	517.413
3320	0.664	1.5698	3.87928	-0.0506342	377.13	515.497
3325	0.665	1.5698	3.87865	-0.0526662	375.431	513.615
3330	0.666	1.5698	3.87766	-0.0546645	373.642	511.76
3335	0.667	1.5698	3.87629	-0.056629	371.791	509.931
3340	0.668	1.5698	3.87454	-0.0585597	369.875	508.136
3345	0.669	1.5698	3.87242	-0.0604566	367.89	506.363
3350	0.67	1.5698	3.86991	-0.0623196	365.844	504.618
3355	0.671	1.5698	3.86707	-0.0641487	363.721	502.895
3360	0.672	1.5698	3.86384	-0.065944	361.557	501.201
3365	0.673	1.5698	3.86027	-0.0677057	359.326	499.524
3370	0.674	1.5698	3.85638	-0.0694341	357.046	497.865
3375	0.675	1.5698	3.85221	-0.0711312	354.735	496.211
3380	0.676	1.5698	3.84777	-0.0727992	352.416	494.56
3385	0.677	1.5698	3.84307	-0.0744398	350.091	492.908
3390	0.678	1.5698	3.8381	-0.0760536	347.761	491.252
3395	0.679	1.5698	3.83289	-0.0776405	345.421	489.608
3400	0.68	1.5698	3.8274	-0.0792002	343.09	487.965
3405	0.681	1.5698	3.82166	-0.0807321	340.728	486.338
3410	0.682	1.5698	3.81566	-0.0822353	338.358	484.72
3415	0.683	1.5698	3.8094	-0.0837099	335.975	483.108
3420	0.684	1.5698	3.80289	-0.0851564	333.579	481.506
3425	0.685	1.5698	3.79615	-0.0865755	331.16	479.914
3430	0.686	1.5698	3.78918	-0.0879678	328.811	478.324
3435	0.687	1.5698	3.782	-0.0893338	326.611	476.745
3440	0.688	1.5698	3.7746	-0.0906736	324.632	475.17
3445	0.689	1.5698	3.76699	-0.0919874	322.899	473.598
3450	0.69	1.5698	3.75916	-0.0932752	321.445	472.016
3455	0.691	1.5698	3.75114	-0.094537	320.271	470.432
3460	0.692	1.5698	3.74289	-0.095773	319.403	468.822
3465	0.693	1.5698	3.73446	-0.0969832	318.834	467.185
3470	0.694	1.5698	3.72584	-0.0981679	318.597	465.502
3475	0.695	1.5698	3.71701	-0.0993272	318.704	463.767
3480	0.696	1.5698	3.708	-0.100461	319.162	461.959
3485	0.697	1.5698	3.69881	-0.10157	320.008	460.065
3490	0.698	1.5698	3.68942	-0.102653	321.272	458.06
3495	0.699	1.5698	3.67986	-0.103711	322.972	455.93
3500	0.7	1.5698	3.67009	-0.104743	325.163	453.648
3505	0.701	1.5698	3.66015	-0.10575	327.87	451.188
3510	0.702	1.5698	3.65002	-0.10673	331.155	448.53
3515	0.703	1.5698	3.6397	-0.107685	335.051	445.636
3520	0.704	1.5698	3.62918	-0.108612	339.601	442.466
3525	0.705	1.5698	3.61848	-0.109513	344.85	438.977
3530	0.706	1.5698	3.60758	-0.110387	350.84	435.106
3535	0.707	1.5698	3.59647	-0.111232	357.611	430.782
3540	0.708	1.5698	3.58514	-0.112049	365.177	425.926
3545	0.709	1.5698	3.57361	-0.112836	373.572	420.426
3550	0.71	1.5698	3.56183	-0.113593	382.819	414.123
3555	0.711	1.5698	3.54982	-0.114319	392.919	406.793
3560	0.712	1.5698	3.53757	-0.115012	403.886	398.194
3565	0.713	1.5698	3.52504	-0.115672	415.724	388.079
3570	0.714	1.5698	3.51227	-0.116297	428.391	376.182
3575	0.715	1.5698	3.49915	-0.116885	441.898	362.26
3580	0.716	1.5698	3.48575	-0.117436	456.142	346.101
3585	0.717	1.5698	3.47204	-0.117946	471.107	327.56
3590	0.718	1.5698	3.45793	-0.118414	486.707	306.622
3595	0.719	1.5698	3.44345	-0.118838	502.815	283.43
3600	0.72	1.5698	3.42849	-0.119214	519.353	258.298
3605	0.721	1.5698	3.41302	-0.119535	536.152	231.71
3610	0.722	1.5698	3.39695	-0.119796	553.084	204.257
3615	0.723	1.5698	3.38028	-0.119992	569.991	176.567
3620	0.724	1.5698	3.36297	-0.120118	586.766	149.236
3625	0.725	1.5698	3.34499	-0.120174	603.272	122.784
3630	0.726	1.5698	3.32625	-0.120155	619.388	97.7484
3635	0.727	1.5698	3.30655	-0.120053	634.943	74.5455
3640	0.728	1.5698	3.28574	-0.119849	649.692	53.295
3645	0.729	1.5698	3.26373	-0.119531	663.439	33.9835
3650	0.73	1.5698	3.24048	-0.11909	676.064	16.5557
3655	0.731	1.5698	3.21587	-0.118519	687.473	0.929549
3660	0.732	1.5698	3.1898	-0.117809	697.578	0
3665	0.733	1.5698	3.16226	-0.116951	706.308	0
3670	0.734	1.5698	3.13313	-0.11594	713.674	0
3675	0.735	1.5698	3.10238	-0.114768	719.629	0
3680	0.736	1.5698	3.06994	-0.113428	724.197	0
3685	0.737	1.5698	3.03571	-0.111914	727.381	0
3690	0.738	1.5698	2.99962	-0.110218	729.185	0
3695	0.739	1.5698	2.96161	-0.10833	729.622	0
3700	0.74	1.5698	2.92159	-0.106244	728.719	0
3705	0.741	1.5698	2.87948	-0.103953	726.483	0
3710	0.742	1.5698	2.83522	-0.101448	722.94	0
3715	0.743	1.5698	2.78876	-0.0987209	718.11	0
3720	0.744	1.5698	2.74007	-0.0957678	712.043	0
3725	0.745	1.5698	2.68915	-0.0925847	704.778	0
3730	0.746	1.5698	2.63596	-0.0891691	696.372	0
3735	0.747	1.5698	2.58055	-0.08552	686.874	0
3740	0.748	1.5698	2.52295	-0.0816376	676.358	0
3745	0.749	1.5698	2.4632	-0.0775236	664.894	0
3750	0.75	1.5698	2.40138	-0.0731817	652.55	0
3755	0.751	1.5698	2.33756	-0.068617	639.421	0
3760	0.752	1.5698	2.27188	-0.0638365	625.581	0
3765	0.753	1.5698	2.20442	-0.058849	611.143	0
3770	0.754	1.5698	2.13537	-0.0536644	596.174	0
3775	0.755	1.5698	2.06485	-0.0482939	580.808	0
3780	0.756	1.5698	1.99306	-0.0427514	565.119	0
3785	0.757	1.5698	1.92015	-0.0370514	549.232	0
3790	0.758	1.5698	1.84633	-0.0312086	533.235	0
3795	0.759	1.5698	1.77174	-0.0252377	517.238	0
3800	0.76	1.57474	1.69655	-0.0191526	501.302	0
3805	0.761	1.60662	1.6209	-0.0129666	485.507	0
3810	0.762	1.63855	1.6105	-0.00669185	469.915	2.81186
3815	0.763	1.67048	1.6105	-0.000339881	454.553	7.9106
3820	0.764	1.70233	1.6105	0.00607858	439.488	12.817
3825	0.765	1.73406	1.6105	0.0125529	424.728	17.506
3830	0.766	1.7656	1.6105	0.0190725	410.33	21.959
3835	0.767	1.7969	1.6105	0.025627	396.308	26.1689
3840	0.768	1.82791	1.6105	0.0322059	382.692	30.1172
3845	0.769	1.85858	1.6105	0.038799	369.507	33.7985
3850	0.77	1.88886	1.6105	0.0453962	356.78	37.2032
3855	0.771	1.91872	1.6105	0.0519897	344.494	40.3418
3860	0.772	1.94813	1.6105	0.0585772	332.618	43.2415
3865	0.773	1.97711	1.6105	0.0651566	321.135	45.9049
3870	0.774	2.00564	1.6105	0.071726	309.993	48.3584
3875	0.775	2.03373	1.6105	0.0782842	299.143	50.6041
3880	0.776	2.06136	1.6105	0.08483	288.552	52.666
3885	0.777	2.08856	1.6105	0.0913627	278.188	54.2876
3890	0.778	2.11488	1.6105	0.0977967	268.692	55.8079
3895	0.779	2.14084	1.6105	0.104231	259.226	57.2024
3900	0.78	2.16637	1.6105	0.110652	249.871	58.4642
3905	0.781	2.19146	1.6105	0.117057	240.617	59.6101
3910	0.782	2.21612	1.6105	0.123446	231.462	60.6443
3915	0.783	2.24036	1.6105	0.12982	222.375	61.5857
3920	0.784	2.26418	1.6105	0.136178	213.355	62.4281
3925	0.785	2.28758	1.6105	0.142521	204.354	63.1856
3930	0.786	2.31057	1.6105	0.148848	195.399	63.8672
3935	0.787	2.33316	1.6105	0.155159	186.479	64.4694
3940	0.788	2.35533	1.6105	0.161453	177.573	64.9923
3945	0.789	2.37708	1.6105	0.167728	168.691	65.4436
3950	0.79	2.39843	1.6105	0.173983	159.825	65.8285
3955	0.791	2.41937	1.6105	0.180218	150.983	66.1387
3960	0.792	2.43989	1.6105	0.186431	142.166	66.3899
3965	0.793	2.46001	1.6105	0.192621	133.37	66.5721
3970	0.794	2.4797	1.6105	0.198788	124.588	66.6931
3975	0.795	2.49899	1.6105	0.204929	115.82	66.7562
3980	0.796	2.51787	1.6105	0.211045	107.072	66.7617
3985	0.797	2.53634	1.6105	0.217135	98.3588	66.7004
3990	0.798	2.55438	1.6105	0.223197	89.6573	66.604
3995	0.799	2.57204	1.6105	0.22923	80.9852	66.4421
4000	0.8	2.58928	1.6105	0.235233	72.3185	66.2238
4005	0.801	2.6061	1.6105	0.241205	63.7063	65.9594
4010	0.802	2.62252	1.6105	0.247145	55.1093	65.6491
4015	0.803	2.63855	1.6105	0.253052	46.5526	65.2893
4020	0.804	2.65416	1.6105	0.258925	38.0194	64.873
4025	0.805	2.66936	1.6105	0.264761	29.5387	64.4141
4030	0.806	2.68415	1.6105	0.270561	21.0999	63.9022
4035	0.807	2.69854	1.6105	0.276323	12.7189	63.3445
4040	0.808	2.71252	1.6105	0.282045	4.38452	62.7383
4045	0.809	2.72608	1.6105	0.287726	0	62.0847
4050	0.81	2.73924	1.6105	0.293365	0	61.396
4055	0.811	2.75202	1.6105	0.298961	0	60.6583
4060	0.812	2.76438	1.6105	0.304515	0	59.8961
4065	0.813	2.77637	1.6105	0.310028	0	59.0985
4070	0.814	2.78797	1.6105	0.315499	0	58.2683
4075	0.815	2.79919	1.6105	0.320929	0	57.4268
4080	0.816	2.81006	1.6105	0.326319	0	56.5629
4085	0.817	2.82057	1.6105	0.331668	0	55.6739
4090	0.818	2.83072	1.6105	0.336977	0	54.7786
4095	0.819	2.84054	1.6105	0.342247	0	53.8731
4100	0.82	2.85002	1.6105	0.347477	0	52.9479
4105	0.821	2.85916	1.6105	0.352668	0	52.0076
4110	0.822	2.86796	1.6105	0.35782	0	51.0731
4115	0.823	2.87647	1.6105	0.362933	0	50.1198
4120	0.824	2.88463	1.6105	0.368008	0	49.1763
4125	0.825	2.89252	1.6105	0.373044	0	48.216
4130	0.826	2.90008	1.6105	0.378041	0	47.2534
4135	0.827	2.90734	1.6105	0.383	0	46.301
4140	0.828	2.91433	1.6105	0.387922	0	45.3292
4145	0.829	2.921	1.6105	0.392805	0	44.3713
4150	0.83	2.92742	1.6105	0.39765	0	43.3959
4155	0.831	2.93353	1.6105	0.402457	0	28.8845
4160	0.832	2.91762	1.6105	0.40174	0	15.6395
4165	0.833	2.90201	1.6105	0.401054	0	3.55855
4170	0.834	2.8867	1.6105	0.400402	0	0
4175	0.835	2.8717	1.6105	0.399785	0	0
4180	0.836	2.85699	1.6105	0.399203	0	0
4185	0.837	2.84258	1.6105	0.398653	15.7425	0
4190	0.838	2.82843	1.6105	0.39813	38.1936	0
4195	0.839	2.81447	1.6105	0.397617	58.747	0
4200	0.84	2.80056	1.6105	0.397079	77.8467	0
4205	0.841	2.78593	1.6105	0.396316	97.3618	0
4210	0.842	2.77139	1.6105	0.395541	115.479	0
4215	0.843	2.75708	1.6105	0.394779	132.116	0
4220	0.844	2.74301	1.6105	0.394042	147.299	0
4225	0.845	2.72887	1.6105	0.39325	161.848	0
4230	0.846	2.7151	1.6105	0.392509	174.928	0
4235	0.847	2.70162	1.6105	0.391806	186.761	0
4240	0.848	2.68846	1.6105	0.391145	197.408	0
4245	0.849	2.67564	1.6105	0.390537	206.86	0
4250	0.85	2.66321	1.6105	0.38999	215.171	0
4255	0.851	2.65118	1.6105	0.389509	222.358	0
4260	0.852	2.63955	1.6105	0.389099	228.46	0
4265	0.853	2.62836	1.6105	0.388765	233.498	0
4270	0.854	2.6176	1.6105	0.388509	237.549	0
4275	0.855	2.60727	1.6105	0.388333	240.649	0
4280	0.856	2.59739	1.6105	0.38824	242.839	0
4285	0.857	2.58794	1.6105	0.388228	244.169	0
4290	0.858	2.57893	1.6105	0.3883	244.697	0
4295	0.859	2.57036	1.6105	0.388455	244.471	0
4300	0.86	2.56219	1.6105	0.388691	243.529	0
4305	0.861	2.55446	1.6105	0.389008	241.945	0
4310	0.862	2.54711	1.6105	0.389405	239.752	0
4315	0.863	2.54016	1.6105	0.389878	236.995	0
4320	0.864	2.53358	1.6105	0.390425	233.739	0
4325	0.865	2.52737	1.6105	0.391044	230.027	0
4330	0.866	2.52151	1.6105	0.391731	225.906	0
4335	0.867	2.51594	1.6105	0.392483	221.437	0
4340	0.868	2.51071	1.6105	0.393295	216.656	0
4345	0.869	2.50574	1.6105	0.394164	211.603	0
4350	0.87	2.50105	1.6105	0.395085	206.334	0
4355	0.871	2.49661	1.6105	0.396055	200.876	0
4360	0.872	2.49238	1.6105	0.397069	195.287	0
4365	0.873	2.48837	1.6105	0.398123	189.589	0
4370	0.874	2.48454	1.6105	0.399212	183.824	0
4375	0.875	2.48089	1.6105	0.400332	178.022	0
4380	0.876	2.47737	1.6105	0.401479	172.22	0
4385	0.877	2.46942	1.6105	0.401491	176.394	0
4390	0.878	2.46129	1.6105	0.401433	180.744	0
4395	0.879	2.45343	1.6105	0.401425	184.26	0
4400	0.88	2.44557	1.6105	0.401388	187.653	0
4405	0.881	2.43796	1.6105	0.4014	190.309	0
4410	0.882	2.4306	1.6105	0.401445	192.394	0
4415	0.883	2.42307	1.6105	0.401431	194.761	0
4420	0.884	2.41567	1.6105	0.401427	196.807	0
4425	0.885	2.40836	1.6105	0.401428	198.602	0
4430	0.886	2.40114	1.6105	0.401428	200.221	0
4435	0.887	2.39399	1.6105	0.401428	201.678	0
4440	0.888	2.38692	1.6105	0.401428	202.976	0
4445	0.889	2.37996	1.6105	0.401428	204.141	0
4450	0.89	2.37305	1.6105	0.401428	205.176	0
4455	0.891	2.36621	1.6105	0.401428	206.092	0
4460	0.892	2.35946	1.6105	0.401428	206.883	0
4465	0.893	2.35278	1.6105	0.401428	207.58	0
4470	0.894	2.34617	1.6105	0.401428	208.165	0
4475	0.895	2.33966	1.6105	0.401428	208.649	0
4480	0.896	2.3332	1.6105	0.401428	209.025	0
4485	0.897	2.32681	1.6105	0.401428	209.284	0
4490	0.898	2.32049	1.6105	0.401428	209.443	0
4495	0.899	2.31425	1.6105	0.401428	209.489	0
4500	0.9	2.30809	1.6105	0.401428	209.427	0
4505	0.901	2.30198	1.6105	0.401428	209.243	0
4510	0.902	2.29594	1.6105	0.401428	208.935	0
4515	0.903	2.28997	1.6105	0.401428	208.516	0
4520	0.904	2.28406	1.6105	0.401428	207.971	0
4525	0.905	2.27824	1.6105	0.401428	207.298	0
4530	0.906	2.27247	1.6105	0.401428	206.484	0
4535	0.907	2.26676	1.6105	0.401428	205.545	0
4540	0.908	2.26113	1.6105	0.401428	204.471	0
4545	0.909	2.25554	1.6105	0.401428	203.239	0
4550	0.91	2.25003	1.6105	0.401427	201.864	0
4555	0.911	2.24456	1.6105	0.401427	200.309	0
4560	0.912	2.23919	1.6105	0.401427	198.559	0
4565	0.913	2.23384	1.6105	0.401427	196.59	0
4570	0.914	2.22856	1.6105	0.401427	194.411	0
4575	0.915	2.22336	1.6105	0.401427	191.998	0
4580	0.916	2.2182	1.6105	0.401427	189.329	0
4585	0.917	2.2131	1.6105	0.401427	186.413	0
4590	0.918	2.20807	1.6105	0.401427	183.228	0
4595	0.919	2.20307	1.6105	0.401427	179.744	0
4600	0.92	2.19814	1.6105	0.401427	175.958	0
4605	0.921	2.19327	1.6105	0.401426	171.845	0
4610	0.922	2.18845	1.6105	0.401426	167.397	0
4615	0.923	2.1837	1.6105	0.401426	162.586	0
4620	0.924	2.17897	1.6105	0.401426	157.377	15.0599
4625	0.925	2.17431	1.6105	0.401424	151.788	32.7162
4630	0.926	2.16966	1.6105	0.401416	145.814	52.5642
4635	0.927	2.16505	1.6105	0.401399	139.466	74.7008
4640	0.928	2.16042	1.6105	0.401368	132.741	99.2378
4645	0.929	2.15576	1.6105	0.401319	125.662	126.229
4650	0.93	2.15107	1.6105	0.401244	118.261	155.635
4655	0.931	2.14632	1.6105	0.40114	110.543	187.34
4660	0.932	2.14147	1.6105	0.401	102.543	221.144
4665	0.933	2.13652	1.6105	0.400818	94.29	256.754
4670	0.934	2.13143	1.6105	0.40059	85.7996	293.804
4675	0.935	2.12618	1.6105	0.40031	77.1271	331.891
4680	0.936	2.1208	1.6105	0.399975	68.2888	370.535
4685	0.937	2.11522	1.6105	0.399582	59.3494	409.303
4690	0.938	2.10949	1.6105	0.399128	50.3491	447.734
4695	0.939	2.10355	1.6105	0.398611	41.3453	485.429
4700	0.94	2.09743	1.6105	0.398029	32.4573	522.044
4705	0.941	2.0911	1.6105	0.397379	24.0006	557.279
4710	0.942	2.08457	1.6105	0.39666	16.1974	590.875
4715	0.943	2.07783	1.6105	0.395869	9.19673	622.638
4720	0.944	2.07086	1.6105	0.395005	3.04245	652.461
4725	0.945	2.06367	1.6105	0.394065	0	680.278
4730	0.946	2.05624	1.6105	0.393049	0	706.721
4735	0.947	2.04958	1.6105	0.392206	0	731.244
4740	0.948	2.04282	1.6105	0.391319	0	753.874
4745	0.949	2.0359	1.6105	0.390374	0	774.687
4750	0.95	2.02881	1.6105	0.389373	0	793.789
4755	0.951	2.02158	1.6105	0.388315	0	811.26
4760	0.952	2.01418	1.6105	0.387198	0	827.206
4765	0.953	2.00663	1.6105	0.386023	0	841.725
4770	0.954	1.99892	1.6105	0.38479	0	854.921
4775	0.955	1.99107	1.6105	0.383501	0	866.88
4780	0.956	1.98308	1.6105	0.382158	0	877.695
4785	0.957	1.97496	1.6105	0.380763	0	887.455
4790	0.958	1.96673	1.6105	0.379319	0	896.24
4795	0.959	1.95838	1.6105	0.377829	0	904.127
4800	0.96	1.94994	1.6105	0.376296	0	911.202
4805	0.961	1.94143	1.6105	0.374722	0	917.512
4810	0.962	1.93284	1.6105	0.373109	0	923.119
4815	0.963	1.92418	1.6105	0.37146	0	928.093
4820	0.964	1.91547	1.6105	0.369775	0	932.469
4825	0.965	1.90669	1.6105	0.368056	0	936.291
4830	0.966	1.89785	1.6105	0.366303	0	939.616
4835	0.967	1.88898	1.6105	0.364519	0	942.46
4840	0.968	1.88004	1.6105	0.362703	0	944.893
4845	0.969	1.87109	1.6105	0.360856	0	946.917
4850	0.97	1.86208	1.6105	0.358979	0	948.576
4855	0.971	1.85303	1.6105	0.357073	2.1998	949.891
4860	0.972	1.84394	1.6105	0.355137	5.50641	950.888
4865	0.973	1.83482	1.6105	0.353172	8.87785	951.6
4870	0.974	1.82567	1.6105	0.351181	12.2911	952.052
4875	0.975	1.8165	1.6105	0.349162	15.7442	952.244
4880	0.976	1.80729	1.6105	0.347119	19.2284	952.223
4885	0.977	1.79809	1.6105	0.34505	22.7321	951.978
4890	0.978	1.78884	1.6105	0.342959	26.2702	951.547
4895	0.979	1.7796	1.6105	0.340844	29.8203	950.93
4900	0.98	1.77033	1.6105	0.338706	33.4035	950.151
4905	0.981	1.76106	1.6105	0.336548	36.9947	949.215
4910	0.982	1.75178	1.6105	0.334367	40.5996	948.139
4915	0.983	1.74249	1.6105	0.332167	44.2318	946.923
4920	0.984	1.7332	1.6105	0.329946	47.8577	945.59
4925	0.985	1.72391	1.6105	0.327705	51.5131	944.133
4930	0.986	1.7146	1.6105	0.325445	55.1746	942.572
4935	0.987	1.7053	1.6105	0.323166	58.8553	940.913
4940	0.988	1.69601	1.6105	0.320869	62.5473	939.15
4945	0.989	1.6867	1.6105	0.318553	66.2526	937.309
4950	0.99	1.67741	1.6105	0.316218	69.9598	935.383
4955	0.991	1.66811	1.6105	0.313866	73.6863	933.375
4960	0.992	1.65882	1.6105	0.311497	77.4228	931.292
4965	0.993	1.64952	1.61503	0.30911	81.1618	929.146
4970	0.994	1.64024	1.64302	0.306706	84.9178	926.93
4975	0.995	1.63095	1.67094	0.304285	88.6799	924.656
4980	0.996	1.62168	1.69877	0.301848	92.4519	922.328
4985	0.997	1.61241	1.72652	0.299395	96.2289	919.937
4990	0.998	1.60314	1.7542	0.296926	100.01	917.508
4995	0.999	1.5939	1.78176	0.294441	103.806	915.021
5000	1	1.58464	1.80925	0.291941	107.591	912.484
5005	1.001	1.57539	1.83663	0.289426	111.39	909.91
5010	1.002	1.5698	1.86391	0.286896	115.188	907.287
5015	1.003	1.5698	1.88025	0.284353	118.974	906.873
5020	1.004	1.5698	1.88773	0.282623	115.921	908.127
5025	1.005	1.5698	1.8914	0.281559	107.784	909.951
5030	1.006	1.5698	1.89562	0.28078	98.0963	911.421
5035	1.007	1.5698	1.90068	0.279957	89.6964	912.478
5040	1.008	1.5698	1.90679	0.279066	82.64	913.134
5045	1.009	1.5698	1.91411	0.278093	76.9419	913.366
5050	1.01	1.5698	1.92284	0.27702	72.5765	913.155
5055	1.011	1.5698	1.93306	0.275837	69.5494	912.519
5060	1.012	1.5698	1.94485	0.274532	67.7981	911.443
5065	1.013	1.5698	1.95829	0.273099	67.2729	909.954
5070	1.014	1.5698	1.97339	0.27153	67.9331	908.064
5075	1.015	1.5698	1.99017	0.269824	69.6998	905.785
5080	1.016	1.5698	2.0086	0.267976	72.5085	903.13
5085	1.017	1.5698	2.02867	0.265989	76.2796	900.135
5090	1.018	1.5698	2.05029	0.263862	80.943	896.815
5095	1.019	1.5698	2.07342	0.261599	86.3998	893.201
5100	1.02	1.5698	2.09085	0.259203	92.5853	890.837
5105	1.021	1.5698	2.1038	0.257227	94.912	889.383
5110	1.022	1.5698	2.11497	0.255582	94.4223	888.254
5115	1.023	1.5698	2.1268	0.254065	93.0301	886.895
5120	1.024	1.5698	2.14026	0.252488	92.3427	885.136
5125	1.025	1.5698	2.1554	0.250776	92.9253	882.956
5130	1.026	1.5698	2.17222	0.248925	94.7105	880.398
5135	1.027	1.5698	2.19071	0.246931	97.6268	877.468
5140	1.028	1.5698	2.2084	0.244795	101.578	874.72
5145	1.029	1.5698	2.22506	0.242707	104.94	872.175
5150	1.03	1.5698	2.24108	0.240684	107.604	869.76
5155	1.031	1.5698	2.257	0.238698	109.874	867.34
5160	1.032	1.5698	2.27326	0.236706	112.124	864.823
5165	1.033	1.5698	2.29004	0.234676	114.637	862.182
5170	1.034	1.5698	2.30731	0.232592	117.505	859.421
5175	1.035	1.5698	2.32486	0.230458	120.684	856.583
5180	1.036	1.5698	2.34252	0.228289	124.035	853.708
5185	1.037	1.5698	2.3602	0.226095	127.434	850.83
5190	1.038	1.5698	2.37789	0.223887	130.825	847.937
5195	1.039	1.5698	2.39561	0.221664	134.204	845.028
5200	1.04	1.5698	2.4134	0.219425	137.59	842.092
5205	1.041	1.5698	2.4313	0.217166	141.009	839.124
5210	1.042	1.5698	2.44932	0.214883	144.489	836.122
5215	1.043	1.5698	2.46744	0.212578	148.034	833.079
5220	1.044	1.5698	2.48566	0.210249	151.633	830.01
5225	1.045	1.5698	2.50394	0.207899	155.283	826.92
5230	1.046	1.5698	2.52225	0.205529	158.951	823.8
5235	1.047	1.5698	2.54061	0.203141	162.631	820.667
5240	1.048	1.5698	2.559	0.200735	166.327	817.519
5245	1.049	1.5698	2.57743	0.198311	170.033	814.342
5250	1.05	1.5698	2.59589	0.19587	173.753	811.157
5255	1.051	1.5698	2.61436	0.193412	177.486	807.939
5260	1.052	1.5698	2.63286	0.190937	181.218	804.714
5265	1.053	1.5698	2.65136	0.188445	184.97	801.474
5270	1.054	1.5698	2.66987	0.185938	188.71	798.214
5275	1.055	1.5698	2.68836	0.183415	192.456	794.935
5280	1.056	1.5698	2.70684	0.180878	196.191	791.644
5285	1.057	1.5698	2.72532	0.178327	199.923	788.343
5290	1.058	1.5698	2.74375	0.175762	203.651	785.03
5295	1.059	1.5698	2.76215	0.173184	207.352	781.702
5300	1.06	1.5698	2.78052	0.170593	211.047	778.368
5305	1.061	1.5698	2.79884	0.16799	214.726	775.018
5310	1.062	1.5698	2.81712	0.165375	218.381	771.66
5315	1.063	1.5698	2.83533	0.162749	222.027	768.292
5320	1.064	1.5698	2.85349	0.160113	225.642	764.916
5325	1.065	1.5698	2.87158	0.157466	229.237	761.528
5330	1.066	1.5698	2.88957	0.154809	232.808	758.136
5335	1.067	1.5698	2.90752	0.152143	236.337	754.739
5340	1.068	1.5698	2.92536	0.149469	239.857	751.338
5345	1.069	1.5698	2.94312	0.146786	243.336	747.92
5350	1.07	1.5698	2.96078	0.144095	246.785	744.501
5355	1.071	1.5698	2.97835	0.141397	250.202	741.083
5360	1.072	1.5698	2.99581	0.138692	253.586	737.653
5365	1.073	1.5698	3.01314	0.13598	256.935	734.226
5370	1.074	1.5698	3.03039	0.133263	260.236	730.79
5375	1.075	1.5698	3.0475	0.13054	263.519	727.352
5380	1.076	1.5698	3.06449	0.127813	266.753	723.916
5385	1.077	1.5698	3.08134	0.12508	269.943	720.471
5390	1.078	1.5698	3.09808	0.122344	273.093	717.019
5395	1.079	1.5698	3.11466	0.119604	276.207	713.577
5400	1.08	1.5698	3.13111	0.11686	279.274	710.135
5405	1.081	1.5698	3.14741	0.114114	282.296	706.68
5410	1.082	1.5698	3.16357	0.111366	285.272	703.239
5415	1.083	1.5698	3.17957	0.108615	288.214	699.793
5420	1.084	1.5698	3.19542	0.105863	291.101	696.343
5425	1.085	1.5698	3.2111	0.10311	293.951	692.9
5430	1.086	1.5698	3.22661	0.100357	296.741	689.454
5435	1.087	1.5698	3.24197	0.0976029	299.483	686.014
5440	1.088	1.5698	3.25716	0.0948491	302.186	682.576
5445	1.089	1.5698	3.27216	0.0920959	304.844	679.134
5450	1.09	1.5698	3.28701	0.0893435	307.438	675.7
5455	1.091	1.5698	3.30167	0.0865926	310.001	672.272
5460	1.092	1.5698	3.31613	0.0838433	312.503	668.844
5465	1.093	1.5698	3.33042	0.0810961	314.949	665.423
5470	1.094	1.5698	3.34452	0.0783514	317.355	662.008
5475	1.095	1.5698	3.35844	0.0756095	319.708	658.594
5480	1.096	1.5698	3.37216	0.0728708	322.009	655.191
5485	1.097	1.5698	3.38567	0.0701356	324.262	651.783
5490	1.098	1.5698	3.39902	0.0674043	326.451	648.39
5495	1.099	1.5698	3.41213	0.0646773	328.608	645.003
5500	1.1	1.5698	3.42506	0.0619549	330.692	641.619
5505	1.101	1.5698	3.4378	0.0592375	332.735	638.242
5510	1.102	1.5698	3.45031	0.0565252	334.736	634.882
5515	1.103	1.5698	3.46264	0.0538186	336.67	631.516
5520	1.104	1.5698	3.47474	0.0511178	338.566	628.163
5525	1.105	1.5698	3.48664	0.0484233	340.397	624.821
5530	1.106	1.5698	3.49834	0.0457353	342.182	621.486
5535	1.107	1.5698	3.50981	0.0430542	343.922	618.163
5540	1.108	1.5698	3.52109	0.0403802	345.599	614.841
5545	1.109	1.5698	3.53215	0.0377136	347.238	611.535
5550	1.11	1.5698	3.54299	0.0350547	348.819	608.237
5555	1.111	1.5698	3.55361	0.0324038	350.349	604.955
5560	1.112	1.5698	3.56402	0.0297612	351.828	601.681
5565	1.113	1.5698	3.57419	0.0271271	353.258	598.413
5570	1.114	1.5698	3.58418	0.0245019	354.623	595.158
5575	1.115	1.5698	3.59393	0.0218857	355.96	591.915
5580	1.116	1.5698	3.60346	0.0192788	357.237	588.686
5585	1.117	1.5698	3.61278	0.0166816	358.46	585.477
5590	1.118	1.5698	3.62187	0.0140941	359.64	582.357
5595	1.119	1.5698	3.63066	0.0115172	360.764	579.363
5600	1.12	1.5698	3.63917	0.00895601	361.788	576.503
5605	1.121	1.5698	3.64739	0.00641153	362.717	573.767
5610	1.122	1.5698	3.65531	0.00388392	363.549	571.132
5615	1.123	1.5698	3.66294	0.00137336	364.281	568.594
5620	1.124	1.5698	3.67026	-0.00111958	364.928	566.134
5625	1.125	1.5698	3.67726	-0.00359394	365.477	563.733
5630	1.126	1.5698	3.68396	-0.00604852	365.921	561.394
5635	1.127	1.5698	3.6903	-0.00848203	366.274	559.102
5640	1.128	1.5698	3.69631	-0.0108932	366.515	556.85
5645	1.129	1.5698	3.70195	-0.0132811	366.656	554.632
5650	1.13	1.5698	3.70727	-0.015645	366.68	552.447
5655	1.131	1.5698	3.7122	-0.0179841	366.619	550.282
5660	1.132	1.5698	3.71679	-0.0202978	366.436	548.141
5665	1.133	1.5698	3.72101	-0.0225856	366.164	546.017
5670	1.134	1.5698	3.72486	-0.0248468	365.793	543.91
5675	1.135	1.5698	3.72835	-0.0270809	365.317	541.815
5680	1.136	1.5698	3.73149	-0.0292872	364.752	539.73
5685	1.137	1.5698	3.73423	-0.0314652	364.105	537.659
5690	1.138	1.5698	3.7366	-0.0336145	363.348	535.593
5695	1.139	1.5698	3.73861	-0.0357345	362.504	533.542
5700	1.14	1.5698	3.74023	-0.037825	361.576	531.502
5705	1.141	1.5698	3.7415	-0.0398855	360.552	529.466
5710	1.142	1.5698	3.74239	-0.0419158	359.454	527.443
5715	1.143	1.5698	3.74291	-0.0439156	358.27	525.428
5720	1.144	1.5698	3.74306	-0.0458846	357.003	523.425
5725	1.145	1.5698	3.74285	-0.0478226	355.659	521.435
5730	1.146	1.5698	3.74228	-0.0497294	354.242	519.458
5735	1.147	1.5698	3.74136	-0.0516048	352.753	517.489
5740	1.148	1.5698	3.74008	-0.0534488	351.196	515.539
5745	1.149	1.5698	3.73844	-0.0552611	349.574	513.603
5750	1.15	1.5698	3.73645	-0.0570418	347.889	511.681
5755	1.151	1.5698	3.73413	-0.0587907	346.248	509.772
5760	1.152	1.5698	3.73145	-0.0605078	344.719	507.881
5765	1.153	1.5698	3.72845	-0.0621932	343.338	506.004
5770	1.154	1.5698	3.72509	-0.0638467	342.147	504.137
5775	1.155	1.5698	3.72142	-0.0654684	341.153	502.269
5780	1.156	1.5698	3.71744	-0.0670584	340.393	500.393
5785	1.157	1.5698	3.71316	-0.0686179	339.883	498.499
5790	1.158	1.5698	3.70864	-0.0701491	339.642	496.561
5795	1.159	1.5698	3.70388	-0.0716537	339.722	494.571
5800	1.16	1.5698	3.69885	-0.0731325	340.14	492.519
5805	1.161	1.5698	3.6936	-0.074585	340.901	490.393
5810	1.162	1.5698	3.68806	-0.0760108	342.047	488.181
5815	1.163	1.5698	3.68229	-0.0774092	343.577	485.858
5820	1.164	1.5698	3.67625	-0.0787795	345.558	483.413
5825	1.165	1.5698	3.66992	-0.0801211	347.996	480.833
5830	1.166	1.5698	3.66333	-0.0814333	350.932	478.087
5835	1.167	1.5698	3.65648	-0.082716	354.416	475.152
5840	1.168	1.5698	3.64937	-0.0839692	358.503	471.991
5845	1.169	1.5698	3.642	-0.0851928	363.219	468.572
5850	1.17	1.5698	3.63437	-0.0863866	368.608	464.837
5855	1.171	1.5698	3.62645	-0.08755	374.707	460.741
5860	1.172	1.5698	3.61826	-0.0886822	381.533	456.212
5865	1.173	1.5698	3.60977	-0.0897824	389.129	451.161
5870	1.174	1.5698	3.601	-0.0908497	397.494	445.492
5875	1.175	1.5698	3.59195	-0.0918831	406.661	439.06
5880	1.176	1.5698	3.58254	-0.0928817	416.642	431.644
5885	1.177	1.5698	3.57285	-0.0938444	427.406	423.001
5890	1.178	1.5698	3.56281	-0.0947699	439.001	412.886
5895	1.179	1.5698	3.55242	-0.095657	451.367	401.021
5900	1.18	1.5698	3.54168	-0.0965041	464.489	387.155
5905	1.181	1.5698	3.53053	-0.0973095	478.331	371.05
5910	1.182	1.5698	3.519	-0.0980714	492.81	352.53
5915	1.183	1.5698	3.50704	-0.0987877	507.884	331.532
5920	1.184	1.5698	3.49464	-0.0994565	523.446	308.131
5925	1.185	1.5698	3.48174	-0.100075	539.396	282.597
5930	1.186	1.5698	3.4683	-0.100639	555.62	255.37
5935	1.187	1.5698	3.45427	-0.101143	571.983	227.022
5940	1.188	1.5698	3.43959	-0.101582	588.351	198.195
5945	1.189	1.5698	3.42423	-0.101953	604.584	169.53
5950	1.19	1.5698	3.40819	-0.102251	620.572	141.594
5955	1.191	1.5698	3.39135	-0.102474	636.218	114.923
5960	1.192	1.5698	3.3736	-0.102614	651.329	90.0179
5965	1.193	1.5698	3.35486	-0.10266	665.745	67.0738
5970	1.194	1.5698	3.33502	-0.102603	679.304	46.1256
5975	1.195	1.5698	3.31387	-0.102434	691.851	27.1656
5980	1.196	1.5698	3.29129	-0.102133	703.199	10.1146
5985	1.197	1.5698	3.26715	-0.101688	713.239	0
5990	1.198	1.5698	3.2414	-0.101089	721.885	0
5995	1.199	1.5698	3.21396	-0.100328	729.116	0
6000	1.2	1.5698	3.18474	-0.0993977	734.911	0
6005	1.201	1.5698	3.15367	-0.09829	739.261	0
6010	1.202	1.5698	3.12069	-0.0969968	742.17	0
6015	1.203	1.5698	3.0857	-0.0955104	743.662	0
6020	1.204	1.5698	3.04866	-0.093824	743.734	0
6025	1.205	1.5698	3.00951	-0.0919303	742.421	0
6030	1.206	1.5698	2.96812	-0.0898219	739.766	0
6035	1.207	1.5698	2.92448	-0.08749	735.745	0
6040	1.208	1.5698	2.87847	-0.0849268	730.419	0
6045	1.209	1.5698	2.83012	-0.0821268	723.795	0
6050	1.21	1.5698	2.77938	-0.0790864	715.939	0
6055	1.211	1.5698	2.72629	-0.0758032	706.9	0
6060	1.212	1.5698	2.67084	-0.0722768	696.759	0
6065	1.213	1.5698	2.61309	-0.068508	685.561	0
6070	1.214	1.5698	2.55307	-0.0644991	673.392	0
6075	1.215	1.5698	2.49091	-0.0602542	660.324	0
6080	1.216	1.5698	2.42667	-0.0557789	646.465	0
6085	1.217	1.5698	2.36047	-0.0510807	631.889	0
6090	1.218	1.5698	2.29243	-0.0461685	616.7	0
6095	1.219	1.5698	2.22269	-0.0410526	600.99	0
6100	1.22	1.5698	2.15142	-0.0357447	584.853	0
6105	1.221	1.5698	2.07881	-0.0302574	568.402	0
6110	1.222	1.5698	2.00502	-0.0246057	551.747	0
6115	1.223	1.5698	1.93025	-0.0188051	534.98	0
6120	1.224	1.5698	1.85467	-0.0128712	518.213	0
6125	1.225	1.5698	1.77848	-0.00681912	501.525	0
6130	1.226	1.57095	1.70179	-0.000663389	485.005	0
6135	1.227	1.60302	1.6248	0.00558253	468.695	2.14898
6140	1.228	1.63507	1.6105	0.0119062	452.677	7.30215
6145	1.229	1.66705	1.6105	0.018296	436.971	12.2509
6150	1.23	1.69889	1.6105	0.024741	421.616	16.9794
6155	1.231	1.73055	1.6105	0.0312307	406.653	21.462
6160	1.232	1.76196	1.6105	0.0377547	392.112	25.6951
6165	1.233	1.79307	1.6105	0.044303	378.002	29.6645
6170	1.234	1.82384	1.6105	0.0508652	364.348	33.3585
6175	1.235	1.85422	1.6105	0.0574315	351.172	36.7738
6180	1.236	1.88416	1.6105	0.0639925	338.482	39.9153
6185	1.237	1.91365	1.6105	0.0705458	326.241	42.8091
6190	1.238	1.9427	1.6105	0.077089	314.412	45.4677
6195	1.239	1.97129	1.6105	0.0836203	302.963	47.8896
6200	1.24	1.99941	1.6105	0.0901381	291.863	50.1171
6205	1.241	2.02709	1.6105	0.0966412	281.041	52.1405
6210	1.242	2.05429	1.6105	0.103129	270.476	53.9835
6215	1.243	2.08104	1.6105	0.109599	260.145	55.4738
6220	1.244	2.10704	1.6105	0.115992	250.498	56.7967
6225	1.245	2.13255	1.6105	0.122362	241.024	57.9904
6230	1.246	2.15762	1.6105	0.128712	231.691	59.0546
6235	1.247	2.18223	1.6105	0.135042	222.481	60.0096
6240	1.248	2.2064	1.6105	0.141353	213.354	60.858
6245	1.249	2.23014	1.6105	0.147645	204.305	61.6125
6250	1.25	2.25345	1.6105	0.153918	195.31	62.2802
6255	1.251	2.27633	1.6105	0.160173	186.368	62.8574
6260	1.252	2.29879	1.6105	0.166407	177.46	63.3627
6265	1.253	2.32083	1.6105	0.172622	168.579	63.7866
6270	1.254	2.34244	1.6105	0.178816	159.732	64.1479
6275	1.255	2.36365	1.6105	0.184988	150.912	64.4353
6280	1.256	2.38443	1.6105	0.191137	142.119	64.6496
6285	1.257	2.40478	1.6105	0.197262	133.342	64.8069
6290	1.258	2.42473	1.6105	0.203362	124.609	64.8946
6295	1.259	2.44425	1.6105	0.209436	115.893	64.9324
6300	1.26	2.46337	1.6105	0.215483	107.2	64.9005
6305	1.261	2.48205	1.6105	0.221502	98.5402	64.8148
6310	1.262	2.50033	1.6105	0.227492	89.9152	64.6705
6315	1.263	2.51818	1.6105	0.233451	81.3134	64.4829
6320	1.264	2.53564	1.6105	0.23938	72.7478	64.2305
6325	1.265	2.55266	1.6105	0.245276	64.2108	63.9326
6330	1.266	2.56928	1.6105	0.251139	55.7041	63.5865
6335	1.267	2.58549	1.6105	0.256968	47.239	63.1935
6340	1.268	2.60129	1.6105	0.262762	38.8149	62.7445
6345	1.269	2.61667	1.6105	0.268519	30.4507	62.2505
6350	1.27	2.63164	1.6105	0.274238	22.1155	61.7089
6355	1.271	2.64621	1.6105	0.279918	13.8284	61.1244
6360	1.272	2.66036	1.6105	0.285558	5.61892	60.4932
6365	1.273	2.67411	1.6105	0.291156	0	59.8144
6370	1.274	2.68744	1.6105	0.296712	0	59.0958
6375	1.275	2.70038	1.6105	0.302224	0	58.3358
6380	1.276	2.71291	1.6105	0.307694	0	57.5351
6385	1.277	2.72504	1.6105	0.31312	0	56.7212
6390	1.278	2.73682	1.6105	0.318505	0	55.8701
6395	1.279	2.7482	1.6105	0.323848	0	54.9989
6400	1.28	2.75922	1.6105	0.32915	0	54.1148
6405	1.281	2.76989	1.6105	0.334411	0	53.2133
6410	1.282	2.7802	1.6105	0.339632	0	52.2924
6415	1.283	2.79016	1.6105	0.344812	0	51.3554
6420	1.284	2.79978	1.6105	0.349952	0	50.4158
6425	1.285	2.80907	1.6105	0.355053	0	49.4685
6430	1.286	2.81804	1.6105	0.360114	0	48.5095
6435	1.287	2.82668	1.6105	0.365136	0	47.5474
6440	1.288	2.83501	1.6105	0.370119	0	46.5834
6445	1.289	2.84303	1.6105	0.375063	0	45.6132
6450	1.29	2.85074	1.6105	0.379968	0	44.6449
6455	1.291	2.85816	1.6105	0.384835	0	43.6748
6460	1.292	2.86529	1.6105	0.389663	0	42.7023
6465	1.293	2.87212	1.6105	0.394453	0	41.7259
6470	1.294	2.87867	1.6105	0.399205	0	40.7507
6475	1.295	2.88494	1.6105	0.403918	0	23.1125
6480	1.296	2.86417	1.6105	0.401813	0	6.95647
6485	1.297	2.84371	1.6105	0.399736	0	0
6490	1.298	2.82361	1.6105	0.397694	0	0
6495	1.299	2.80383	1.6105	0.39569	9.45987	0
6500	1.3	2.78441	1.6105	0.393723	45.4156	0
6505	1.301	2.76535	1.6105	0.391794	78.3276	0
6510	1.302	2.74663	1.6105	0.389909	108.412	0
6515	1.303	2.72828	1.6105	0.388069	135.88	0
6520	1.304	2.71031	1.6105	0.386272	161.008	0
6525	1.305	2.69254	1.6105	0.384489	184.253	0
6530	1.306	2.67496	1.6105	0.382701	205.94	0
6535	1.307	2.65699	1.6105	0.380773	227.371	0
6540	1.308	2.63935	1.6105	0.378882	247.099	0
6545	1.309	2.62217	1.6105	0.37706	264.966	0
6550	1.31	2.60552	1.6105	0.375331	280.937	0
6555	1.311	2.58946	1.6105	0.373707	295.045	0
6560	1.312	2.574	1.6105	0.372195	307.367	0
6565	1.313	2.55898	1.6105	0.370746	318.451	0
6570	1.314	2.54459	1.6105	0.369426	327.821	0
6575	1.315	2.53089	1.6105	0.368231	335.625	0
6580	1.316	2.51782	1.6105	0.367165	341.944	0
6585	1.317	2.50543	1.6105	0.36623	346.841	0
6590	1.318	2.49371	1.6105	0.365429	350.392	0
6595	1.319	2.48266	1.6105	0.364761	352.68	0
6600	1.32	2.47226	1.6105	0.364227	353.797	0
6605	1.321	2.46251	1.6105	0.363823	353.808	0
6610	1.322	2.45339	1.6105	0.363549	352.8	0
6615	1.323	2.44488	1.6105	0.363402	350.866	0
6620	1.324	2.43695	1.6105	0.363376	348.076	0
6625	1.325	2.4296	1.6105	0.363469	344.509	0
6630	1.326	2.42279	1.6105	0.363675	340.256	0
6635	1.327	2.41649	1.6105	0.36399	335.377	0
6640	1.328	2.41069	1.6105	0.364407	329.958	0
6645	1.329	2.40535	1.6105	0.364921	324.074	0
6650	1.33	2.40042	1.6105	0.365526	317.793	0
6655	1.331	2.39591	1.6105	0.366214	311.178	0
6660	1.332	2.39176	1.6105	0.36698	304.288	0
6665	1.333	2.38794	1.6105	0.367817	297.197	0
6670	1.334	2.38444	1.6105	0.368719	289.966	0
6675	1.335	2.38119	1.6105	0.369678	282.635	0
6680	1.336	2.37821	1.6105	0.370688	275.254	0
6685	1.337	2.37543	1.6105	0.371742	267.886	0
6690	1.338	2.37286	1.6105	0.372836	260.54	0
6695	1.339	2.37043	1.6105	0.373963	253.273	0
6700	1.34	2.36815	1.6105	0.375117	246.126	0
6705	1.341	2.36599	1.6105	0.376293	239.106	0
6710	1.342	2.36393	1.6105	0.377485	232.256	0
6715	1.343	2.36194	1.6105	0.378693	225.582	0
6720	1.344	2.36003	1.6105	0.379913	219.049	0
6725	1.345	2.35819	1.6105	0.381145	212.682	0
6730	1.346	2.3564	1.6105	0.382386	206.478	0
6735	1.347	2.35467	1.6105	0.383635	200.422	0
6740	1.348	2.35298	1.6105	0.38489	194.53	0
6745	1.349	2.35134	1.6105	0.386151	188.786	0
6750	1.35	2.34973	1.6105	0.387414	183.183	0
6755	1.351	2.34813	1.6105	0.38868	177.739	0
6760	1.352	2.34657	1.6105	0.389947	172.419	0
6765	1.353	2.34502	1.6105	0.391212	167.238	0
6770	1.354	2.34348	1.6105	0.392475	162.186	0
6775	1.355	2.34194	1.6105	0.393735	157.23	0
6780	1.356	2.34041	1.6105	0.39499	152.401	0
6785	1.357	2.33887	1.6105	0.396239	147.65	0
6790	1.358	2.33732	1.6105	0.397481	143.002	0
6795	1.359	2.33574	1.6105	0.398714	138.438	0
6800	1.36	2.33415	1.6105	0.399937	133.953	0
6805	1.361	2.33254	1.6105	0.401149	129.537	0
6810	1.362	2.33089	1.6105	0.402348	125.184	0
6815	1.363	2.32134	1.6105	0.401536	138.056	0
6820	1.364	2.31195	1.6105	0.400736	149.64	0
6825	1.365	2.30271	1.6105	0.399952	160.017	0
6830	1.366	2.29364	1.6105	0.399184	169.26	0
6835	1.367	2.28471	1.6105	0.398431	177.489	0
6840	1.368	2.27592	1.6105	0.397685	184.841	0
6845	1.369	2.26702	1.6105	0.396889	191.893	0
6850	1.37	2.25827	1.6105	0.396109	198.084	0
6855	1.371	2.24972	1.6105	0.395352	203.381	0
6860	1.372	2.2413	1.6105	0.394606	207.985	0
6865	1.373	2.23306	1.6105	0.393885	211.761	0
6870	1.374	2.22502	1.6105	0.393194	214.758	0
6875	1.375	2.2172	1.6105	0.392535	216.968	0
6880	1.376	2.2096	1.6105	0.391912	218.381	0
6885	1.377	2.20224	1.6105	0.391328	219.022	0
6890	1.378	2.19512	1.6105	0.390785	218.899	0
6895	1.379	2.18823	1.6105	0.390281	218.038	0
6900	1.38	2.18156	1.6105	0.389818	216.444	0
6905	1.381	2.17514	1.6105	0.389393	214.143	0
6910	1.382	2.16892	1.6105	0.389005	211.151	0
6915	1.383	2.16291	1.6105	0.388655	207.479	0
6920	1.384	2.15713	1.6105	0.38834	203.135	8.75609
6925	1.385	2.15153	1.6105	0.388058	198.138	26.5469
6930	1.386	2.14611	1.6105	0.387806	192.479	46.5257
6935	1.387	2.14084	1.6105	0.387579	186.216	68.8075
6940	1.388	2.13572	1.6105	0.387371	179.36	93.4692
6945	1.389	2.1307	1.6105	0.387176	171.958	120.538
6950	1.39	2.12576	1.6105	0.386987	164.029	149.979
6955	1.391	2.12088	1.6105	0.386797	155.619	181.661
6960	1.392	2.116	1.6105	0.386599	146.762	215.402
6965	1.393	2.11112	1.6105	0.386386	137.499	250.921
6970	1.394	2.10622	1.6105	0.386151	127.86	287.842
6975	1.395	2.10125	1.6105	0.385888	117.89	325.77
6980	1.396	2.0962	1.6105	0.385593	107.623	364.271
6985	1.397	2.09107	1.6105	0.385259	97.1223	402.885
6990	1.398	2.08582	1.6105	0.384884	86.4477	441.19
6995	1.399	2.08044	1.6105	0.384463	75.653	478.792
7000	1.4	2.07493	1.6105	0.383992	64.8575	515.34
7005	1.401	2.06926	1.6105	0.383467	54.4018	550.548
7010	1.402	2.06343	1.6105	0.382884	44.5826	584.14
7015	1.403	2.05739	1.6105	0.382239	35.5487	615.951
7020	1.404	2.05116	1.6105	0.381528	27.3997	645.844
7025	1.405	2.04473	1.6105	0.380748	20.1559	673.743
7030	1.406	2.03806	1.6105	0.379897	13.8254	700.478
7035	1.407	2.03246	1.6105	0.379292	5.73361	725.139
7040	1.408	2.0265	1.6105	0.378584	0	747.875
7045	1.409	2.02033	1.6105	0.377806	0	768.792
7050	1.41	2.01397	1.6105	0.376966	0	787.983
7055	1.411	2.00743	1.6105	0.376064	0	805.528
7060	1.412	2.00068	1.6105	0.375096	0	821.535
7065	1.413	1.99375	1.6105	0.374061	0	836.092
7070	1.414	1.98661	1.6105	0.372961	0	849.313
7075	1.415	1.9793	1.6105	0.371797	0	861.268
7080	1.416	1.97179	1.6105	0.37057	0	872.072
7085	1.417	1.96413	1.6105	0.369283	0	881.809
7090	1.418	1.95631	1.6105	0.36794	0	890.567
7095	1.419	1.94836	1.6105	0.366543	0	898.4
7100	1.42	1.94026	1.6105	0.365094	0	905.409
7105	1.421	1.93206	1.6105	0.363597	0	911.647
7110	1.422	1.92375	1.6105	0.362054	0	917.18
7115	1.423	1.91534	1.6105	0.360466	0	922.054
7120	1.424	1.90683	1.6105	0.358837	0	926.326
7125	1.425	1.89824	1.6105	0.357166	0	930.038
7130	1.426	1.88956	1.6105	0.355457	0	933.254
7135	1.427	1.88083	1.6105	0.353709	0	935.981
7140	1.428	1.872	1.6105	0.351925	0	938.29
7145	1.429	1.86313	1.6105	0.350106	0	940.194
7150	1.43	1.85419	1.6105	0.348251	2.23405	941.725
7155	1.431	1.84519	1.6105	0.346363	5.59538	942.917
7160	1.432	1.83614	1.6105	0.344444	9.02834	943.8
7165	1.433	1.82705	1.6105	0.342493	12.5208	944.396
7170	1.434	1.81792	1.6105	0.340514	16.052	944.734
7175	1.435	1.80877	1.6105	0.338507	19.6317	944.826
7180	1.436	1.79959	1.6105	0.336474	23.2291	944.702
7185	1.437	1.79039	1.6105	0.334416	26.8616	944.36
7190	1.438	1.78115	1.6105	0.332335	30.5006	943.839
7195	1.439	1.77191	1.6105	0.330231	34.1572	943.148
7200	1.44	1.76267	1.6105	0.328106	37.82	942.295
7205	1.441	1.75341	1.6105	0.32596	41.4775	941.301
7210	1.442	1.74417	1.6105	0.323794	45.1471	940.163
7215	1.443	1.73491	1.6105	0.32161	48.81	938.91
7220	1.444	1.72566	1.6105	0.319407	52.4718	937.527
7225	1.445	1.71641	1.6105	0.317186	56.1373	936.047
7230	1.446	1.70717	1.6105	0.314948	59.7948	934.455
7235	1.447	1.69793	1.6105	0.312693	63.4471	932.776
7240	1.448	1.6887	1.6105	0.310422	67.088	931.01
7245	1.449	1.67949	1.6105	0.308135	70.7446	929.163
7250	1.45	1.67028	1.6105	0.305832	74.3795	927.228
7255	1.451	1.66108	1.6105	0.303514	78.0307	925.232
7260	1.452	1.65189	1.6105	0.30118	81.6615	923.167
7265	1.453	1.64272	1.62351	0.298831	85.2995	921.034
7270	1.454	1.63356	1.65089	0.296468	88.9509	918.849
7275	1.455	1.62442	1.6782	0.29409	92.5797	916.601
7280	1.456	1.61528	1.70539	0.291697	96.2229	914.297
7285	1.457	1.60615	1.73251	0.28929	99.8598	911.946
7290	1.458	1.59704	1.7595	0.286869	103.515	909.544
7295	1.459	1.58794	1.78641	0.284434	107.151	907.099
7300	1.46	1.57886	1.81321	0.281985	110.803	904.599
7305	1.461	1.5698	1.83988	0.279522	114.45	902.066
7310	1.462	1.5698	1.86646	0.277046	118.088	899.484
7315	1.463	1.5698	1.89292	0.274557	121.726	896.858
7320	1.464	1.5698	1.91928	0.272055	125.363	894.192
7325	1.465	1.5698	1.94552	0.269541	129.001	891.488
7330	1.466	1.5698	1.97163	0.267014	132.632	888.754
7335	1.467	1.5698	1.99764	0.264474	136.25	885.983
7340	1.468	1.5698	2.01144	0.261923	139.875	885.724
7345	1.469	1.5698	2.01649	0.260288	135.851	887.168
7350	1.47	1.5698	2.01858	0.259316	126.875	889.001
7355	1.471	1.5698	2.02127	0.258568	116.934	890.471
7360	1.472	1.5698	2.0248	0.257773	108.319	891.534
7365	1.473	1.5698	2.02941	0.256912	101.048	892.18
7370	1.474	1.5698	2.03526	0.255965	95.1502	892.394
7375	1.475	1.5698	2.04251	0.25492	90.6001	892.168
7380	1.476	1.5698	2.05127	0.253762	87.3764	891.499
7385	1.477	1.5698	2.06164	0.252482	85.4384	890.408
7390	1.478	1.5698	2.07367	0.251072	84.7428	888.879
7395	1.479	1.5698	2.08737	0.249527	85.2289	886.937
7400	1.48	1.5698	2.10275	0.247843	86.8149	884.618
7405	1.481	1.5698	2.11982	0.246018	89.4429	881.915
7410	1.482	1.5698	2.13851	0.244053	93.0445	878.864
7415	1.483	1.5698	2.15876	0.241948	97.53	875.483
7420	1.484	1.5698	2.18052	0.239707	102.809	871.816
7425	1.485	1.5698	2.20368	0.237334	108.811	867.873
7430	1.486	1.5698	2.2219	0.234834	115.44	865.043
7435	1.487	1.5698	2.23541	0.232699	118.661	863.233
7440	1.488	1.5698	2.24644	0.230913	118.871	861.908
7445	1.489	1.5698	2.2574	0.229309	117.699	860.528
7450	1.49	1.5698	2.26984	0.227701	116.764	858.755
7455	1.491	1.5698	2.28382	0.225971	117.031	856.598
7460	1.492	1.5698	2.29937	0.224111	118.451	854.067
7465	1.493	1.5698	2.31647	0.22212	120.954	851.185
7470	1.494	1.5698	2.33292	0.219995	124.459	848.43
7475	1.495	1.5698	2.34852	0.217906	127.501	845.866
7480	1.496	1.5698	2.36359	0.215871	129.983	843.396
7485	1.497	1.5698	2.37852	0.213866	132.15	840.938
7490	1.498	1.5698	2.39373	0.211858	134.28	838.391
7495	1.499	1.5698	2.40936	0.209818	136.63	835.73
7500	1.5	1.5698	2.42536	0.207732	139.284	832.978
7505	1.501	1.5698	2.44162	0.205604	142.194	830.145
7510	1.502	1.5698	2.45797	0.203445	145.26	827.29
7515	1.503	1.5698	2.47434	0.201264	148.381	824.425
7520	1.504	1.5698	2.49069	0.19907	151.507	821.545
7525	1.505	1.5698	2.50706	0.196863	154.61	818.647
7530	1.506	1.5698	2.52348	0.194642	157.72	815.73
7535	1.507	1.5698	2.53999	0.192404	160.867	812.785
7540	1.508	1.5698	2.55658	0.190146	164.069	809.795
7545	1.509	1.5698	2.57324	0.187867	167.322	806.787
7550	1.51	1.5698	2.58998	0.185569	170.614	803.752
7555	1.511	1.5698	2.60675	0.183253	173.953	800.689
7560	1.512	1.5698	2.62356	0.18092	177.307	797.607
7565	1.513	1.5698	2.64037	0.178571	180.679	794.517
7570	1.514	1.5698	2.65721	0.176207	184.052	791.403
7575	1.515	1.5698	2.67407	0.173828	187.445	788.269
7580	1.516	1.5698	2.69091	0.171434	190.843	785.123
7585	1.517	1.5698	2.70779	0.169026	194.235	781.962
7590	1.518	1.5698	2.72464	0.166603	197.653	778.786
7595	1.519	1.5698	2.74151	0.164166	201.056	775.587
7600	1.52	1.5698	2.75835	0.161717	204.472	772.383
7605	1.521	1.5698	2.77518	0.159254	207.877	769.162
7610	1.522	1.5698	2.79196	0.15678	211.28	765.931
7615	1.523	1.5698	2.80872	0.154293	214.663	762.692
7620	1.524	1.5698	2.82544	0.151796	218.037	759.433
7625	1.525	1.5698	2.84212	0.149288	221.399	756.175
7630	1.526	1.5698	2.85876	0.146769	224.751	752.9
7635	1.527	1.5698	2.87532	0.14424	228.088	749.614
7640	1.528	1.5698	2.89184	0.141702	231.394	746.332
7645	1.529	1.5698	2.90829	0.139155	234.687	743.034
7650	1.53	1.5698	2.92467	0.136599	237.956	739.732
7655	1.531	1.5698	2.94096	0.134035	241.201	736.419
7660	1.532	1.5698	2.95717	0.131464	244.416	733.106
7665	1.533	1.5698	2.97332	0.128885	247.603	729.782
7670	1.534	1.5698	2.98936	0.1263	250.77	726.459
7675	1.535	1.5698	3.00531	0.123708	253.903	723.122
7680	1.536	1.5698	3.02115	0.121111	257.004	719.789
7685	1.537	1.5698	3.0369	0.118508	260.069	716.452
7690	1.538	1.5698	3.05254	0.1159	263.108	713.115
7695	1.539	1.5698	3.06805	0.113287	266.111	709.771
7700	1.54	1.5698	3.08347	0.110671	269.07	706.424
7705	1.541	1.5698	3.09875	0.10805	272.004	703.08
7710	1.542	1.5698	3.11391	0.105427	274.892	699.729
7715	1.543	1.5698	3.12893	0.1028	277.745	696.382
7720	1.544	1.5698	3.14383	0.100171	280.551	693.033
7725	1.545	1.5698	3.1586	0.0975398	283.322	689.688
7730	1.546	1.5698	3.17321	0.094907	286.058	686.339
7735	1.547	1.5698	3.1877	0.0922729	288.742	682.99
7740	1.548	1.5698	3.20203	0.089638	291.394	679.651
7745	1.549	1.5698	3.21621	0.0870027	293.995	676.308
7750	1.55	1.5698	3.23024	0.0843672	296.554	672.964
7755	1.551	1.5698	3.2441	0.081732	299.068	669.627
7760	1.552	1.5698	3.2578	0.0790975	301.535	666.296
7765	1.553	1.5698	3.27137	0.0764641	303.953	662.96
7770	1.554	1.5698	3.28473	0.0738321	306.344	659.633
7775	1.555	1.5698	3.29795	0.0712018	308.665	656.31
7780	1.556	1.5698	3.31099	0.0685737	310.953	652.99
7785	1.557	1.5698	3.32386	0.0659481	313.191	649.678
7790	1.558	1.5698	3.33657	0.0633253	315.38	646.37
7795	1.559	1.5698	3.34907	0.0607057	317.538	643.066
7800	1.56	1.5698	3.36142	0.0580896	319.622	639.767
7805	1.561	1.5698	3.37357	0.0554774	321.677	636.478
7810	1.562	1.5698	3.38554	0.0528694	323.676	633.194
7815	1.563	1.5698	3.39733	0.0502659	325.626	629.92
7820	1.564	1.5698	3.40894	0.0476672	327.533	626.649
7825	1.565	1.5698	3.42035	0.0450737	329.393	623.387
7830	1.566	1.5698	3.43157	0.0424856	331.203	620.133
7835	1.567	1.5698	3.44259	0.0399033	332.964	616.886
7840	1.568	1.5698	3.45342	0.0373271	334.666	613.653
7845	1.569	1.5698	3.46406	0.0347572	336.327	610.421
7850	1.57	1.5698	3.4745	0.0321939	337.945	607.206
7855	1.571	1.5698	3.48475	0.0296376	339.507	603.993
7860	1.572	1.5698	3.4948	0.0270885	341.032	600.794
7865	1.573	1.5698	3.50465	0.0245468	342.506	597.605
7870	1.574	1.5698	3.51428	0.022013	343.929	594.429
7875	1.575	1.5698	3.52372	0.0194871	345.292	591.258
7880	1.576	1.5698	3.53298	0.0169695	346.621	588.116
7885	1.577	1.5698	3.54201	0.0144604	347.906	585.049
7890	1.578	1.5698	3.55085	0.0119601	349.132	582.101
7895	1.579	1.5698	3.55941	0.00946928	350.311	579.276
7900	1.58	1.5698	3.56768	0.0069929	351.388	576.582
7905	1.581	1.5698	3.5757	0.00453192	352.362	573.993
7910	1.582	1.5698	3.58345	0.00208651	353.255	571.491
7915	1.583	1.5698	3.5909	-0.000343105	354.058	569.061
7920	1.584	1.5698	3.59808	-0.00275638	354.762	566.693
7925	1.585	1.5698	3.60498	-0.00515238	355.377	564.378
7930	1.586	1.5698	3.61154	-0.00752991	355.916	562.107
7935	1.587	1.5698	3.61781	-0.00988776	356.333	559.877
7940	1.588	1.5698	3.62375	-0.0122248	356.663	557.679
7945	1.589	1.5698	3.62935	-0.0145402	356.892	555.511
7950	1.59	1.5698	3.63462	-0.0168331	357.017	553.368
7955	1.591	1.5698	3.63955	-0.0191028	357.04	551.256
7960	1.592	1.5698	3.64414	-0.0213488	356.964	549.156
7965	1.593	1.5698	3.64841	-0.0235704	356.796	547.083
7970	1.594	1.5698	3.65232	-0.0257671	356.544	545.028
7975	1.595	1.5698	3.65586	-0.0279381	356.188	542.986
7980	1.596	1.5698	3.65907	-0.030083	355.728	540.967
7985	1.597	1.5698	3.66193	-0.0322012	355.192	538.961
7990	1.598	1.5698	3.66443	-0.0342923	354.56	536.969
7995	1.599	1.5698	3.66656	-0.0363557	353.843	534.993
8000	1.6	1.5698	3.66836	-0.0383912	353.024	533.028
8005	1.601	1.5698	3.6698	-0.0403983	352.133	531.075
8010	1.602	1.5698	3.6709	-0.0423768	351.162	529.135
8015	1.603	1.5698	3.67162	-0.0443263	350.112	527.208
8020	1.604	1.5698	3.67201	-0.0462466	348.973	525.29
8025	1.605	1.5698	3.67206	-0.0481374	347.764	523.386
8030	1.606	1.5698	3.67175	-0.0499986	346.487	521.493
8035	1.607	1.5698	3.67109	-0.0518298	345.132	519.616
8040	1.608	1.5698	3.67008	-0.0536311	343.706	517.743
8045	1.609	1.5698	3.66875	-0.0554023	342.206	515.891
8050	1.61	1.5698	3.66709	-0.0571433	340.653	514.052
8055	1.611	1.5698	3.66509	-0.058854	339.038	512.224
8060	1.612	1.5698	3.66276	-0.0605343	337.36	510.413
8065	1.613	1.5698	3.66009	-0.0621843	335.622	508.618
8070	1.614	1.5698	3.65712	-0.0638039	333.826	506.84
8075	1.615	1.5698	3.65384	-0.0653932	332.043	505.072
8080	1.616	1.5698	3.65023	-0.0669522	330.375	503.322
8085	1.617	1.5698	3.64636	-0.0684815	328.852	501.581
8090	1.618	1.5698	3.64222	-0.0699827	327.561	499.835
8095	1.619	1.5698	3.63785	-0.0714576	326.51	498.075
8100	1.62	1.5698	3.63326	-0.072908	325.736	496.298
8105	1.621	1.5698	3.62842	-0.0743341	325.267	494.493
8110	1.622	1.5698	3.62337	-0.0757355	325.081	492.652
8115	1.623	1.5698	3.61806	-0.0771119	325.224	490.773
8120	1.624	1.5698	3.61251	-0.0784627	325.678	488.832
8125	1.625	1.5698	3.60676	-0.0797877	326.468	486.824
8130	1.626	1.5698	3.60073	-0.0810864	327.649	484.736
8135	1.627	1.5698	3.59448	-0.0823583	329.199	482.538
8140	1.628	1.5698	3.58799	-0.0836034	331.192	480.225
8145	1.629	1.5698	3.58126	-0.0848217	333.648	477.761
8150	1.63	1.5698	3.5743	-0.0860133	336.614	475.129
8155	1.631	1.5698	3.56711	-0.0871781	340.134	472.305
8160	1.632	1.5698	3.55968	-0.0883157	344.253	469.251
8165	1.633	1.5698	3.55202	-0.0894256	349.016	465.934
8170	1.634	1.5698	3.5441	-0.0905073	354.467	462.31
8175	1.635	1.5698	3.53595	-0.09156	360.629	458.32
8180	1.636	1.5698	3.52753	-0.0925832	367.557	453.895
8185	1.637	1.5698	3.51884	-0.093576	375.251	448.954
8190	1.638	1.5698	3.50989	-0.0945378	383.741	443.394
8195	1.639	1.5698	3.50068	-0.0954676	393.064	437.053
8200	1.64	1.5698	3.49116	-0.0963644	403.225	429.716
8205	1.641	1.5698	3.48135	-0.0972271	414.215	421.145
8210	1.642	1.5698	3.47121	-0.0980544	426.04	411.09
8215	1.643	1.5698	3.46075	-0.098845	438.675	399.284
8220	1.644	1.5698	3.44997	-0.0995973	452.102	385.469
8225	1.645	1.5698	3.43879	-0.10031	466.279	369.411
8230	1.646	1.5698	3.42726	-0.10098	481.111	350.936
8235	1.647	1.5698	3.41531	-0.101606	496.566	329.988
8240	1.648	1.5698	3.40294	-0.102187	512.518	306.646
8245	1.649	1.5698	3.39008	-0.102719	528.879	281.186
8250	1.65	1.5698	3.3767	-0.103197	545.512	254.052
8255	1.651	1.5698	3.36271	-0.103616	562.296	225.824
8260	1.652	1.5698	3.34809	-0.103971	579.056	197.145
8265	1.653	1.5698	3.33282	-0.104258	595.685	168.651
8270	1.654	1.5698	3.31686	-0.104473	612.068	140.908
8275	1.655	1.5698	3.30011	-0.104615	628.065	114.447
8280	1.656	1.5698	3.28249	-0.104674	643.525	89.7618
8285	1.657	1.5698	3.26388	-0.104642	658.274	67.032
8290	1.658	1.5698	3.24406	-0.104509	672.132	46.3211
8295	1.659	1.5698	3.22292	-0.104252	684.887	27.5937
8300	1.66	1.5698	3.20034	-0.103862	696.397	10.7591
8305	1.661	1.5698	3.17623	-0.103329	706.579	0
8310	1.662	1.5698	3.15052	-0.102644	715.362	0
8315	1.663	1.5698	3.12314	-0.101799	722.713	0
8320	1.664	1.5698	3.09401	-0.100786	728.629	0
8325	1.665	1.5698	3.06303	-0.0995973	733.1	0
8330	1.666	1.5698	3.03018	-0.0982251	736.117	0
8335	1.667	1.5698	2.99537	-0.0966623	737.718	0
8340	1.668	1.5698	2.9585	-0.0949014	737.918	0
8345	1.669	1.5698	2.91951	-0.0929346	736.718	0
8350	1.67	1.5698	2.87832	-0.090754	734.153	0
8355	1.671	1.5698	2.83485	-0.0883506	730.236	0
8360	1.672	1.5698	2.78907	-0.0857171	724.987	0
8365	1.673	1.5698	2.74092	-0.0828483	718.463	0
8370	1.674	1.5698	2.69041	-0.0797407	710.694	0
8375	1.675	1.5698	2.63757	-0.0763923	701.739	0
8380	1.676	1.5698	2.58239	-0.0728024	691.686	0
8385	1.677	1.5698	2.52494	-0.068972	680.583	0
8390	1.678	1.5698	2.46524	-0.0649036	668.515	0
8395	1.679	1.5698	2.40339	-0.0606011	655.555	0
8400	1.68	1.5698	2.33952	-0.0560705	641.795	0
8405	1.681	1.5698	2.27368	-0.0513191	627.34	0
8410	1.682	1.5698	2.20603	-0.0463562	612.262	0
8415	1.683	1.5698	2.13673	-0.0411922	596.669	0
8420	1.684	1.5698	2.0659	-0.0358388	580.67	0
8425	1.685	1.5698	1.99378	-0.0303094	564.348	0
8430	1.686	1.5698	1.9205	-0.0246189	547.844	0
8435	1.687	1.5698	1.84626	-0.0187828	531.234	0
8440	1.688	1.5698	1.77127	-0.0128164	514.628	0
8445	1.689	1.57092	1.69564	-0.00673468	498.117	0
8450	1.69	1.60273	1.61958	-0.000551747	481.754	0
8455	1.691	1.63457	1.6105	0.00571927	465.627	3.78267
8460	1.692	1.6664	1.6105	0.0120662	449.766	8.8665
8465	1.693	1.69814	1.6105	0.0184775	434.22	13.7538
8470	1.694	1.72975	1.6105	0.0249426	419.04	18.4096
8475	1.695	1.76115	1.6105	0.0314507	404.235	22.8322
8480	1.696	1.79231	1.6105	0.0379917	389.837	26.9968
8485	1.697	1.82316	1.6105	0.0445551	375.854	30.8988
8490	1.698	1.85366	1.6105	0.0511308	362.341	34.5293
8495	1.699	1.88377	1.6105	0.0577089	349.291	37.8836
8500	1.7	1.91345	1.6105	0.0642813	336.709	40.9732
8505	1.701	1.94268	1.6105	0.0708456	324.575	43.8148
8510	1.702	1.97146	1.6105	0.0773996	312.82	46.4118
8515	1.703	1.99977	1.6105	0.0839415	301.44	48.7987
8520	1.704	2.02763	1.6105	0.0904697	290.374	50.9775
8525	1.705	2.05504	1.6105	0.0969833	279.581	52.9694
8530	1.706	2.082	1.6105	0.103481	269.041	54.7745
8535	1.707	2.10849	1.6105	0.109963	258.71	56.1447
8540	1.708	2.13409	1.6105	0.116338	249.284	57.4361
8545	1.709	2.15934	1.6105	0.122714	239.842	58.6038
8550	1.71	2.18415	1.6105	0.129074	230.501	59.6546
8555	1.711	2.20852	1.6105	0.135415	221.258	60.5862
8560	1.712	2.23244	1.6105	0.141736	212.126	61.4207
8565	1.713	2.25594	1.6105	0.148039	203.049	62.1618
8570	1.714	2.27902	1.6105	0.154324	194.03	62.8145
8575	1.715	2.30166	1.6105	0.16059	185.056	63.3882
8580	1.716	2.3239	1.6105	0.166837	176.106	63.8897
8585	1.717	2.34572	1.6105	0.173064	167.202	64.3092
8590	1.718	2.36712	1.6105	0.17927	158.309	64.6612
8595	1.719	2.3881	1.6105	0.185454	149.463	64.9365
8600	1.72	2.40866	1.6105	0.191616	140.636	65.1583
8605	1.721	2.42882	1.6105	0.197753	131.833	65.3043
8610	1.722	2.44855	1.6105	0.203865	123.057	65.3928
8615	1.723	2.46786	1.6105	0.209951	114.309	65.4102
8620	1.724	2.48675	1.6105	0.21601	105.592	65.3819
8625	1.725	2.50524	1.6105	0.22204	96.9066	65.2848
8630	1.726	2.52329	1.6105	0.228042	88.239	65.1461
8635	1.727	2.54096	1.6105	0.234013	79.6133	64.9369
8640	1.728	2.55818	1.6105	0.239953	71.0097	64.6897
8645	1.729	2.57502	1.6105	0.245861	62.4484	64.3876
8650	1.73	2.59144	1.6105	0.251736	53.9157	64.0349
8655	1.731	2.60745	1.6105	0.257576	45.425	63.6258
8660	1.732	2.62303	1.6105	0.263381	36.9693	63.1825
8665	1.733	2.63823	1.6105	0.269148	28.5687	62.6838
8670	1.734	2.65301	1.6105	0.274878	20.208	62.1379
8675	1.735	2.66738	1.6105	0.280569	11.9021	61.5423
8680	1.736	2.68133	1.6105	0.28622	3.66207	60.9
8685	1.737	2.69487	1.6105	0.291829	0	60.2177
8690	1.738	2.70802	1.6105	0.297395	0	59.5014
8695	1.739	2.72077	1.6105	0.302917	0	58.7271
8700	1.74	2.7331	1.6105	0.308397	0	57.9393
8705	1.741	2.74507	1.6105	0.313835	0	57.1123
8710	1.742	2.75665	1.6105	0.319231	0	56.2725
8715	1.743	2.76788	1.6105	0.324585	0	55.3969
8720	1.744	2.77871	1.6105	0.329899	0	54.5145
8725	1.745	2.78921	1.6105	0.335172	0	53.5971
8730	1.746	2.79933	1.6105	0.340404	0	52.6885
8735	1.747	2.80914	1.6105	0.345597	0	51.7602
8740	1.748	2.81861	1.6105	0.35075	0	50.8168
8745	1.749	2.82773	1.6105	0.355863	0	49.8688
8750	1.75	2.83653	1.6105	0.360937	0	48.9176
8755	1.751	2.84502	1.6105	0.365972	0	47.9618
8760	1.752	2.8532	1.6105	0.370968	0	46.9899
8765	1.753	2.86105	1.6105	0.375926	0	46.0311
8770	1.754	2.86862	1.6105	0.380845	0	45.0558
8775	1.755	2.87588	1.6105	0.385726	0	44.0905
8780	1.756	2.88286	1.6105	0.390568	0	43.1225
8785	1.757	2.88955	1.6105	0.395372	0	42.1421
8790	1.758	2.89595	1.6105	0.400139	0	41.1726
8795	1.759	2.90208	1.6105	0.404867	0	21.3556
8800	1.76	2.87767	1.6105	0.401865	0	3.16626
8805	1.761	2.85356	1.6105	0.39889	0	0
8810	1.762	2.82983	1.6105	0.395952	0	0
8815	1.763	2.80649	1.6105	0.393053	35.2759	0
8820	1.764	2.78352	1.6105	0.390194	77.2368	0
8825	1.765	2.76095	1.6105	0.387384	115.702	0
8830	1.766	2.73883	1.6105	0.384629	150.938	0
8835	1.767	2.71714	1.6105	0.381937	183.141	0
8840	1.768	2.69601	1.6105	0.379326	212.443	0
8845	1.769	2.67532	1.6105	0.376784	239.194	0
8850	1.77	2.655	1.6105	0.37428	263.872	0
8855	1.771	2.63497	1.6105	0.371802	286.779	0
8860	1.772	2.61524	1.6105	0.369352	308.041	0
8865	1.773	2.59562	1.6105	0.366879	328.229	0
8870	1.774	2.57654	1.6105	0.364492	346.486	0
8875	1.775	2.55811	1.6105	0.362226	362.688	0
8880	1.776	2.54044	1.6105	0.360105	376.768	0
8885	1.777	2.52359	1.6105	0.358144	388.744	0
8890	1.778	2.50759	1.6105	0.356351	398.698	0
8895	1.779	2.49244	1.6105	0.354728	406.741	0
8900	1.78	2.47814	1.6105	0.353275	413.016	0
8905	1.781	2.46449	1.6105	0.35195	417.957	0
8910	1.782	2.45171	1.6105	0.350802	421.271	0
8915	1.783	2.43975	1.6105	0.349823	423.104	0
8920	1.784	2.42858	1.6105	0.349009	423.573	0
8925	1.785	2.41821	1.6105	0.348357	422.784	0
8930	1.786	2.4086	1.6105	0.347864	420.861	0
8935	1.787	2.39971	1.6105	0.347525	417.875	0
8940	1.788	2.39153	1.6105	0.347333	413.952	0
8945	1.789	2.38404	1.6105	0.347284	409.176	0
8950	1.79	2.37717	1.6105	0.34737	403.643	0
8955	1.791	2.37091	1.6105	0.347585	397.468	0
8960	1.792	2.36521	1.6105	0.347921	390.721	0
8965	1.793	2.36005	1.6105	0.34837	383.49	0
8970	1.794	2.3554	1.6105	0.348925	375.861	0
8975	1.795	2.35119	1.6105	0.349577	367.916	0
8980	1.796	2.34739	1.6105	0.350318	359.731	0
8985	1.797	2.34397	1.6105	0.35114	351.378	0
8990	1.798	2.34088	1.6105	0.352034	342.916	0
8995	1.799	2.33811	1.6105	0.352993	334.407	0
9000	1.8	2.33558	1.6105	0.354008	325.914	0
9005	1.801	2.33332	1.6105	0.355073	317.473	0
9010	1.802	2.33122	1.6105	0.356179	309.142	0
9015	1.803	2.32931	1.6105	0.357321	300.949	0
9020	1.804	2.32755	1.6105	0.358494	292.909	0
9025	1.805	2.32592	1.6105	0.359696	285.025	0
9030	1.806	2.32443	1.6105	0.360926	277.281	0
9035	1.807	2.32308	1.6105	0.362181	269.692	0
9040	1.808	2.32183	1.6105	0.363461	262.229	0
9045	1.809	2.32066	1.6105	0.364762	254.915	0
9050	1.81	2.31961	1.6105	0.366083	247.735	0
9055	1.811	2.31866	1.6105	0.367422	240.692	0
9060	1.812	2.31778	1.6105	0.368779	233.787	0
9065	1.813	2.31695	1.6105	0.37015	227.004	0
9070	1.814	2.31621	1.6105	0.371535	220.371	0
9075	1.815	2.31553	1.6105	0.372931	213.859	0
9080	1.816	2.31488	1.6105	0.374338	207.488	0
9085	1.817	2.31427	1.6105	0.375753	201.246	0
9090	1.818	2.31371	1.6105	0.377176	195.126	0
9095	1.819	2.31317	1.6105	0.378604	189.14	0
9100	1.82	2.31266	1.6105	0.380036	183.28	0
9105	1.821	2.31217	1.6105	0.381471	177.531	0
9110	1.822	2.31169	1.6105	0.382908	171.893	0
9115	1.823	2.31121	1.6105	0.384344	166.36	0
9120	1.824	2.31073	1.6105	0.385779	160.929	0
9125	1.825	2.31025	1.6105	0.387211	155.581	0
9130	1.826	2.30977	1.6105	0.388638	150.324	0
9135	1.827	2.30925	1.6105	0.390061	145.135	0
9140	1.828	2.30871	1.6105	0.391476	140.017	0
9145	1.829	2.30816	1.6105	0.392884	134.968	0
9150	1.83	2.30755	1.6105	0.394282	129.969	0
9155	1.831	2.30693	1.6105	0.395669	125.026	0
9160	1.832	2.30628	1.6105	0.397045	120.116	0
9165	1.833	2.30557	1.6105	0.398407	115.263	0
9170	1.834	2.30481	1.6105	0.399755	110.444	0
9175	1.835	2.30399	1.6105	0.401087	105.662	0
9180	1.836	2.30312	1.6105	0.402402	100.888	0
9185	1.837	2.29371	1.6105	0.401544	114.614	0
9190	1.838	2.28441	1.6105	0.400691	126.946	0
9195	1.839	2.27524	1.6105	0.399845	137.908	0
9200	1.84	2.26621	1.6105	0.399009	147.597	0
9205	1.841	2.25731	1.6105	0.398184	156.077	0
9210	1.842	2.24855	1.6105	0.397369	163.47	0
9215	1.843	2.23988	1.6105	0.396554	169.919	0
9220	1.844	2.23125	1.6105	0.395729	175.585	0
9225	1.845	2.22268	1.6105	0.394893	180.53	0
9230	1.846	2.21405	1.6105	0.394016	185.029	0
9235	1.847	2.2055	1.6105	0.393142	188.74	0
9240	1.848	2.19709	1.6105	0.392278	191.619	0
9245	1.849	2.18882	1.6105	0.391432	193.633	0
9250	1.85	2.18074	1.6105	0.390606	194.799	0
9255	1.851	2.17283	1.6105	0.389804	195.089	0
9260	1.852	2.16508	1.6105	0.389025	194.554	12.4039
9265	1.853	2.15752	1.6105	0.38827	193.168	29.9198
9270	1.854	2.15014	1.6105	0.387538	190.983	49.7741
9275	1.855	2.14289	1.6105	0.386827	187.987	72.1085
9280	1.856	2.13583	1.6105	0.386133	184.23	96.9471
9285	1.857	2.12886	1.6105	0.385455	179.715	124.329
9290	1.858	2.12204	1.6105	0.384787	174.475	154.15
9295	1.859	2.11529	1.6105	0.384126	168.553	186.285
9300	1.86	2.10864	1.6105	0.383466	161.965	220.467
9305	1.861	2.10204	1.6105	0.382803	154.747	256.369
9310	1.862	2.09547	1.6105	0.382131	146.954	293.6
9315	1.863	2.08892	1.6105	0.381447	138.619	331.719
9320	1.864	2.08236	1.6105	0.380746	129.774	370.268
9325	1.865	2.07581	1.6105	0.380025	120.504	408.783
9330	1.866	2.06922	1.6105	0.379279	110.843	446.837
9335	1.867	2.06258	1.6105	0.378507	100.893	484.049
9340	1.868	2.0559	1.6105	0.377704	90.8857	520.095
9345	1.869	2.04916	1.6105	0.376866	81.1968	554.67
9350	1.87	2.04232	1.6105	0.375989	72.0464	587.553
9355	1.871	2.03537	1.6105	0.37507	63.5586	618.592
9360	1.872	2.02833	1.6105	0.374103	55.8327	647.679
9365	1.873	2.02114	1.6105	0.373087	48.8713	674.787
9370	1.874	2.01381	1.6105	0.372018	42.7023	701.03
9375	1.875	2.00807	1.6105	0.371327	33.6554	725.012
9380	1.876	2.00172	1.6105	0.370465	26.6123	746.718
9385	1.877	1.9946	1.6105	0.369401	21.6977	767.301
9390	1.878	1.98836	1.6105	0.368533	15.4037	785.937
9395	1.879	1.98158	1.6105	0.367516	10.7654	802.92
9400	1.88	1.97457	1.6105	0.366427	7.00485	818.411
9405	1.881	1.96741	1.6105	0.365282	3.93456	832.502
9410	1.882	1.96009	1.6105	0.364078	1.53944	845.265
9415	1.883	1.95258	1.6105	0.362813	0	856.805
9420	1.884	1.94491	1.6105	0.361489	0	867.21
9425	1.885	1.93707	1.6105	0.360107	0	876.573
9430	1.886	1.9291	1.6105	0.35867	0	884.975
9435	1.887	1.92099	1.6105	0.357179	0	892.481
9440	1.888	1.91275	1.6105	0.355638	0	899.159
9445	1.889	1.90438	1.6105	0.354048	0.0309649	905.092
9450	1.89	1.89591	1.6105	0.35241	1.44438	910.312
9455	1.891	1.88731	1.6105	0.350727	3.15266	914.892
9460	1.892	1.87862	1.6105	0.349001	5.13634	918.888
9465	1.893	1.86985	1.6105	0.347232	7.35398	922.336
9470	1.894	1.86099	1.6105	0.345422	9.79087	925.28
9475	1.895	1.85205	1.6105	0.343574	12.4215	927.77
9480	1.896	1.84305	1.6105	0.341688	15.218	929.827
9485	1.897	1.83397	1.6105	0.339767	18.158	931.491
9490	1.898	1.82482	1.6105	0.337812	21.2381	932.81
9495	1.899	1.81565	1.6105	0.335824	24.4278	933.785
9500	1.9	1.8064	1.6105	0.333806	27.7247	934.466
9505	1.901	1.79713	1.6105	0.331759	31.0893	934.879
9510	1.902	1.78784	1.6105	0.329684	34.5237	935.033
9515	1.903	1.77851	1.6105	0.327582	38.0108	934.95
9520	1.904	1.76915	1.6105	0.325456	41.5524	934.651
9525	1.905	1.75978	1.6105	0.323307	45.1295	934.161
9530	1.906	1.7504	1.6105	0.321135	48.7324	933.489
9535	1.907	1.74101	1.6105	0.318942	52.348	932.649
9540	1.908	1.73162	1.6105	0.316728	55.9919	931.65
9545	1.909	1.72221	1.6105	0.314496	59.6262	930.522
9550	1.91	1.71283	1.6105	0.312244	63.286	929.26
9555	1.911	1.70344	1.6105	0.309976	66.9379	927.872
9560	1.912	1.69406	1.6105	0.30769	70.5888	926.374
9565	1.913	1.68468	1.6105	0.305388	74.2309	924.774
9570	1.914	1.67533	1.6105	0.303071	77.8795	923.077
9575	1.915	1.66598	1.6105	0.300738	81.5088	921.287
9580	1.916	1.65664	1.6105	0.29839	85.1534	919.422
9585	1.917	1.64733	1.6105	0.296028	88.7645	917.471
9590	1.918	1.63803	1.6356	0.293653	92.3849	915.451
9595	1.919	1.62875	1.66321	0.291263	95.9983	913.365
9600	1.92	1.61949	1.69071	0.288861	99.599	911.218
9605	1.921	1.61025	1.71806	0.286445	103.197	908.998
9610	1.922	1.60102	1.74532	0.284017	106.773	906.734
9615	1.923	1.59182	1.77244	0.281576	110.365	904.415
9620	1.924	1.58264	1.79943	0.279123	113.94	902.041
9625	1.925	1.57348	1.82631	0.276657	117.504	899.623
9630	1.926	1.5698	1.85304	0.27418	121.073	897.15
9635	1.927	1.5698	1.87966	0.271691	124.625	894.627
9640	1.928	1.5698	1.90612	0.269191	128.179	892.063
9645	1.929	1.5698	1.93248	0.266679	131.714	889.453
9650	1.93	1.5698	1.95867	0.264156	135.255	886.813
9655	1.931	1.5698	1.98472	0.261622	138.773	884.126
9660	1.932	1.5698	2.01066	0.259078	142.274	881.394
9665	1.933	1.5698	2.03644	0.256523	145.78	878.639
9670	1.934	1.5698	2.06209	0.253958	149.269	875.847
9675	1.935	1.5698	2.08758	0.251383	152.75	873.026
9680	1.936	1.5698	2.11294	0.248799	156.208	870.179
9685	1.937	1.5698	2.13814	0.246205	159.663	867.3
9690	1.938	1.5698	2.16318	0.243603	163.096	864.393
9695	1.939	1.5698	2.18807	0.240992	166.507	861.462
9700	1.94	1.5698	2.21279	0.238372	169.902	858.51
9705	1.941	1.5698	2.23735	0.235744	173.273	855.539
9710	1.942	1.5698	2.26175	0.233109	176.627	852.547
9715	1.943	1.5698	2.275	0.230467	179.961	851.926
9720	1.944	1.5698	2.28011	0.228669	176.331	852.927
9725	1.945	1.5698	2.2824	0.22749	168.111	854.331
9730	1.946	1.5698	2.2852	0.226527	158.953	855.394
9735	1.947	1.5698	2.28869	0.225525	150.997	856.1
9740	1.948	1.5698	2.29315	0.224465	144.256	856.417
9745	1.949	1.5698	2.29867	0.22333	138.776	856.333
9750	1.95	1.5698	2.30545	0.222108	134.497	855.856
9755	1.951	1.5698	2.31356	0.220785	131.43	854.971
9760	1.952	1.5698	2.32307	0.219354	129.52	853.672
9765	1.953	1.5698	2.33408	0.217807	128.72	851.994
9770	1.954	1.5698	2.34656	0.216138	129	849.928
9775	1.955	1.5698	2.36053	0.214345	130.267	847.502
9780	1.956	1.5698	2.37601	0.212425	132.475	844.726
9785	1.957	1.5698	2.39293	0.210379	135.567	841.635
9790	1.958	1.5698	2.41123	0.208208	139.455	838.235
9795	1.959	1.5698	2.43086	0.205915	144.065	834.56
9800	1.96	1.5698	2.45176	0.203503	149.32	830.631
9805	1.961	1.5698	2.46775	0.200977	155.166	827.833
9810	1.962	1.5698	2.47932	0.198818	157.669	826.013
9815	1.963	1.5698	2.4887	0.196989	157.387	824.626
9820	1.964	1.5698	2.49816	0.195324	155.928	823.149
9825	1.965	1.5698	2.50897	0.193646	154.808	821.302
9830	1.966	1.5698	2.52116	0.191855	154.809	819.093
9835	1.967	1.5698	2.53475	0.189947	155.87	816.53
9840	1.968	1.5698	2.54976	0.187919	157.922	813.632
9845	1.969	1.5698	2.56429	0.18577	160.899	810.832
9850	1.97	1.5698	2.57803	0.183647	163.548	808.205
9855	1.971	1.5698	2.59115	0.181573	165.687	805.698
9860	1.972	1.5698	2.6041	0.179537	167.464	803.207
9865	1.973	1.5698	2.61716	0.177506	169.188	800.666
9870	1.974	1.5698	2.63056	0.175453	171.047	798.021
9875	1.975	1.5698	2.64431	0.173364	173.171	795.279
9880	1.976	1.5698	2.65824	0.171238	175.553	792.477
9885	1.977	1.5698	2.67228	0.169084	178.07	789.635
9890	1.978	1.5698	2.68632	0.166913	180.672	786.783
9895	1.979	1.5698	2.70031	0.164731	183.273	783.929
9900	1.98	1.5698	2.71426	0.16254	185.861	781.06
9905	1.981	1.5698	2.72825	0.160339	188.436	778.168
9910	1.982	1.5698	2.74229	0.158126	191.05	775.256
9915	1.983	1.5698	2.75638	0.155898	193.708	772.317
9920	1.984	1.5698	2.77051	0.153655	196.414	769.355
9925	1.985	1.5698	2.78468	0.151396	199.16	766.367
9930	1.986	1.5698	2.79885	0.149123	201.941	763.365
9935	1.987	1.5698	2.81302	0.146838	204.738	760.343
9940	1.988	1.5698	2.82721	0.144541	207.541	757.305
9945	1.989	1.5698	2.84138	0.142232	210.369	754.258
9950	1.99	1.5698	2.85554	0.139913	213.192	751.194
9955	1.991	1.5698	2.86969	0.137582	216.03	748.118
9960	1.992	1.5698	2.88383	0.135241	218.873	745.028
9965	1.993	1.5698	2.89794	0.13289	221.721	741.922
9970	1.994	1.5698	2.91203	0.130529	224.562	738.808
9975	1.995	1.5698	2.92607	0.128158	227.408	735.689
9980	1.996	1.5698	2.94009	0.125778	230.243	732.552
9985	1.997	1.5698	2.95406	0.123389	233.08	729.412
9990	1.998	1.5698	2.96799	0.120993	235.905	726.256
9995	1.999	1.5698	2.98187	0.118588	238.721	723.1
10000	2	1.5698	2.99569	0.116176	241.524	719.941
10005	2.001	1.5698	3.00945	0.113757	244.314	716.767
10010	2.002	1.5698	3.02315	0.111332	247.083	713.592
10015	2.003	1.5698	3.03676	0.1089	249.847	710.404
10020	2.004	1.5698	3.05031	0.106462	252.572	707.218
10025	2.005	1.5698	3.06379	0.104019	255.284	704.026
10030	2.006	1.5698	3.07718	0.101571	257.982	700.831
10035	2.007	1.5698	3.09049	0.0991183	260.651	697.63
10040	2.008	1.5698	3.10369	0.0966612	263.298	694.436
10045	2.009	1.5698	3.11682	0.0942002	265.909	691.227
10050	2.01	1.5698	3.12983	0.0917358	268.503	688.027
10055	2.011	1.5698	3.14276	0.0892682	271.058	684.819
10060	2.012	1.5698	3.15557	0.0867979	273.596	681.612
10065	2.013	1.5698	3.16827	0.0843252	276.092	678.407
10070	2.014	1.5698	3.18085	0.0818505	278.56	675.199
10075	2.015	1.5698	3.19333	0.0793742	280.99	671.989
10080	2.016	1.5698	3.20571	0.0768966	283.395	668.784
10085	2.017	1.5698	3.21794	0.0744181	285.778	665.578
10090	2.018	1.5698	3.23004	0.0719391	288.107	662.381
10095	2.019	1.5698	3.24202	0.0694599	290.401	659.178
10100	2.02	1.5698	3.25387	0.0669808	292.659	655.979
10105	2.021	1.5698	3.2656	0.0645023	294.883	652.783
10110	2.022	1.5698	3.27717	0.0620246	297.076	649.597
10115	2.023	1.5698	3.2886	0.0595481	299.223	646.405
10120	2.024	1.5698	3.29991	0.0570731	301.326	643.224
10125	2.025	1.5698	3.31106	0.0546	303.401	640.048
10130	2.026	1.5698	3.32208	0.0521291	305.433	636.875
10135	2.027	1.5698	3.33292	0.0496608	307.428	633.705
10140	2.028	1.5698	3.34363	0.0471952	309.365	630.545
10145	2.029	1.5698	3.35418	0.0447328	311.282	627.388
10150	2.03	1.5698	3.36459	0.0422739	313.148	624.232
10155	2.031	1.5698	3.37482	0.0398187	314.979	621.089
10160	2.032	1.5698	3.38489	0.0373677	316.761	617.952
10165	2.033	1.5698	3.3948	0.034921	318.498	614.826
10170	2.034	1.5698	3.40456	0.0324789	320.19	611.7
10175	2.035	1.5698	3.41414	0.0300418	321.855	608.587
10180	2.036	1.5698	3.42357	0.02761	323.463	605.481
10185	2.037	1.5698	3.43282	0.0251837	325.044	602.383
10190	2.038	1.5698	3.44189	0.0227632	326.571	599.297
10195	2.039	1.5698	3.45082	0.0203487	328.05	596.216
10200	2.04	1.5698	3.45954	0.0179406	329.504	593.15
10205	2.041	1.5698	3.46811	0.0155391	330.897	590.101
10210	2.042	1.5698	3.4765	0.0131445	332.255	587.133
10215	2.043	1.5698	3.48464	0.0107574	333.565	584.289
10220	2.044	1.5698	3.49254	0.00838275	334.786	581.577
10225	2.045	1.5698	3.50021	0.00602149	335.913	578.981
10230	2.046	1.5698	3.50763	0.00367378	336.96	576.486
10235	2.047	1.5698	3.51479	0.00133988	337.921	574.081
10240	2.048	1.5698	3.52169	-0.000979664	338.789	571.746
10245	2.049	1.5698	3.52833	-0.0032839	339.57	569.478
10250	2.05	1.5698	3.5347	-0.00557164	340.26	567.261
10255	2.051	1.5698	3.54077	-0.00784168	340.867	565.089
10260	2.052	1.5698	3.54653	-0.0100929	341.364	562.951
10265	2.053	1.5698	3.552	-0.0123244	341.758	560.847
10270	2.054	1.5698	3.55717	-0.0145354	342.064	558.772
10275	2.055	1.5698	3.56201	-0.0167252	342.276	556.72
10280	2.056	1.5698	3.56655	-0.0188932	342.383	554.688
10285	2.057	1.5698	3.57077	-0.0210387	342.406	552.669
10290	2.058	1.5698	3.57464	-0.0231611	342.329	550.667
10295	2.059	1.5698	3.57822	-0.0252598	342.152	548.675
10300	2.06	1.5698	3.58143	-0.0273342	341.9	546.697
10305	2.061	1.5698	3.58434	-0.0293838	341.535	544.726
10310	2.062	1.5698	3.58693	-0.0314079	341.098	542.76
10315	2.063	1.5698	3.58914	-0.0334063	340.585	540.808
10320	2.064	1.5698	3.59105	-0.0353785	339.96	538.861
10325	2.065	1.5698	3.59262	-0.037324	339.271	536.918
10330	2.066	1.5698	3.59386	-0.0392425	338.492	534.986
10335	2.067	1.5698	3.59476	-0.0411338	337.642	533.063
10340	2.068	1.5698	3.59532	-0.0429974	336.708	531.147
10345	2.069	1.5698	3.59555	-0.0448332	335.697	529.238
10350	2.07	1.5698	3.59545	-0.0466409	334.611	527.342
10355	2.071	1.5698	3.59503	-0.0484202	333.454	525.452
10360	2.072	1.5698	3.59428	-0.050171	332.229	523.579
10365	2.073	1.5698	3.59321	-0.0518932	330.94	521.712
10370	2.074	1.5698	3.59181	-0.0535865	329.587	519.859
10375	2.075	1.5698	3.59009	-0.055251	328.16	518.022
10380	2.076	1.5698	3.58805	-0.0568864	326.703	516.195
10385	2.077	1.5698	3.5857	-0.0584928	325.296	514.384
10390	2.078	1.5698	3.58305	-0.06007	324.022	512.589
10395	2.079	1.5698	3.58006	-0.0616181	322.926	510.803
10400	2.08	1.5698	3.57681	-0.0631369	322.012	509.019
10405	2.081	1.5698	3.57324	-0.0646265	321.342	507.242
10410	2.082	1.5698	3.56937	-0.0660869	320.905	505.452
10415	2.083	1.5698	3.56527	-0.0675191	320.719	503.631
10420	2.084	1.5698	3.56092	-0.068925	320.847	501.771
10425	2.085	1.5698	3.55633	-0.0703061	321.283	499.85
10430	2.086	1.5698	3.55153	-0.0716634	322.057	497.863
10435	2.087	1.5698	3.54651	-0.0729967	323.211	495.787
10440	2.088	1.5698	3.54125	-0.0743053	324.758	493.619
10445	2.089	1.5698	3.53574	-0.0755885	326.726	491.331
10450	2.09	1.5698	3.53001	-0.076846	329.137	488.91
10455	2.091	1.5698	3.52403	-0.0780772	332.052	486.337
10460	2.092	1.5698	3.51782	-0.0792818	335.497	483.586
10465	2.093	1.5698	3.51133	-0.080459	339.529	480.629
10470	2.094	1.5698	3.50461	-0.0816084	344.148	477.435
10475	2.095	1.5698	3.49763	-0.0827297	349.444	473.953
10480	2.096	1.5698	3.49041	-0.0838225	355.424	470.138
10485	2.097	1.5698	3.48293	-0.0848866	362.144	465.921
10490	2.098	1.5698	3.47519	-0.0859211	369.623	461.232
10495	2.099	1.5698	3.46716	-0.0869252	377.886	455.978
10500	2.1	1.5698	3.45885	-0.0878979	386.943	450.031
10505	2.101	1.5698	3.45025	-0.0888382	396.815	443.191
10510	2.102	1.5698	3.44133	-0.0897449	407.514	435.233
10515	2.103	1.5698	3.43212	-0.0906169	419.021	425.912
10520	2.104	1.5698	3.42258	-0.0914527	431.361	414.975
10525	2.105	1.5698	3.41267	-0.0922508	444.485	402.155
10530	2.106	1.5698	3.40242	-0.0930098	458.35	387.204
10535	2.107	1.5698	3.39177	-0.0937277	472.916	369.906
10540	2.108	1.5698	3.38072	-0.0944026	488.107	350.14
10545	2.109	1.5698	3.36927	-0.0950324	503.838	327.894
10550	2.11	1.5698	3.35734	-0.0956147	520.027	303.338
10555	2.111	1.5698	3.3449	-0.0961463	536.544	276.817
10560	2.112	1.5698	3.33188	-0.0966222	553.261	248.838
10565	2.113	1.5698	3.31828	-0.0970375	570.031	220.021
10570	2.114	1.5698	3.304	-0.0973875	586.753	191.012
10575	2.115	1.5698	3.28907	-0.0976688	603.254	162.438
10580	2.116	1.5698	3.27342	-0.0978776	619.454	134.815
10585	2.117	1.5698	3.25692	-0.0980103	635.219	108.715
10590	2.118	1.5698	3.23953	-0.0980573	650.351	84.5014
10595	2.119	1.5698	3.22106	-0.0980089	664.721	62.2938
10600	2.12	1.5698	3.20129	-0.0978525	678.105	42.1104
10605	2.121	1.5698	3.18018	-0.0975694	690.306	23.897
10610	2.122	1.5698	3.15757	-0.0971487	701.242	7.56481
10615	2.123	1.5698	3.13341	-0.0965813	710.809	0
10620	2.124	1.5698	3.10758	-0.0958582	718.975	0
10625	2.125	1.5698	3.08004	-0.0949713	725.686	0
10630	2.126	1.5698	3.05069	-0.0939132	730.955	0
10635	2.127	1.5698	3.01947	-0.0926759	734.767	0
10640	2.128	1.5698	2.98634	-0.0912517	737.143	0
10645	2.129	1.5698	2.95119	-0.0896337	738.11	0
10650	2.13	1.5698	2.91396	-0.0878146	737.668	0
10655	2.131	1.5698	2.87454	-0.0857867	735.849	0
10660	2.132	1.5698	2.83292	-0.0835419	732.655	0
10665	2.133	1.5698	2.78899	-0.0810717	728.137	0
10670	2.134	1.5698	2.74272	-0.0783697	722.309	0
10675	2.135	1.5698	2.69407	-0.0754312	715.213	0
10680	2.136	1.5698	2.64307	-0.0722534	706.897	0
10685	2.137	1.5698	2.58973	-0.0688348	697.428	0
10690	2.138	1.5698	2.53407	-0.0651754	686.882	0
10695	2.139	1.5698	2.47614	-0.0612766	675.318	0
10700	2.14	1.5698	2.416	-0.0571416	662.825	0
10705	2.141	1.5698	2.35373	-0.052775	649.467	0
10710	2.142	1.5698	2.28947	-0.0481833	635.337	0
10715	2.143	1.5698	2.22328	-0.0433745	620.554	0
10720	2.144	1.5698	2.15535	-0.0383582	605.172	0
10725	2.145	1.5698	2.0858	-0.0331452	589.329	0
10730	2.146	1.5698	2.0148	-0.0277477	573.112	0
10735	2.147	1.5698	1.94254	-0.0221792	556.611	0
10740	2.148	1.5698	1.8692	-0.0164551	539.958	0
10745	2.149	1.5698	1.79495	-0.0105906	523.239	0
10750	2.15	1.5698	1.72001	-0.00460115	506.539	0
10755	2.151	1.59074	1.64449	0.00149857	489.975	0
10760	2.152	1.62231	1.6105	0.00769463	473.582	0.620824
10765	2.153	1.65392	1.6105	0.0139741	457.432	5.79302
10770	2.154	1.68548	1.6105	0.0203251	441.585	10.7695
10775	2.155	1.71693	1.6105	0.0267361	426.056	15.5357
10780	2.156	1.74822	1.6105	0.0331967	410.897	20.0761
10785	2.157	1.7793	1.6105	0.0396964	396.132	24.3711
10790	2.158	1.8101	1.6105	0.046225	381.786	28.4151
10795	2.159	1.84059	1.6105	0.0527724	367.872	32.1919
10800	2.16	1.87072	1.6105	0.0593285	354.423	35.6938
10805	2.161	1.90044	1.6105	0.0658837	341.442	38.923
10810	2.162	1.92971	1.6105	0.0724318	328.907	41.8876
10815	2.163	1.95853	1.6105	0.0789703	316.821	44.6174
10820	2.164	1.98692	1.6105	0.0854971	305.108	47.1118
10825	2.165	2.01483	1.6105	0.0920106	293.752	49.3907
10830	2.166	2.04229	1.6105	0.0985092	282.704	51.4723
10835	2.167	2.06929	1.6105	0.104992	271.923	53.3593
10840	2.168	2.09583	1.6105	0.111458	261.376	55.0801
10845	2.169	2.12192	1.6105	0.117906	251.064	56.3525
10850	2.17	2.14711	1.6105	0.124245	241.654	57.5588
10855	2.171	2.17194	1.6105	0.130586	232.204	58.6464
10860	2.172	2.19634	1.6105	0.136909	222.858	59.6198
10865	2.173	2.22031	1.6105	0.143212	213.626	60.4757
10870	2.174	2.24382	1.6105	0.149494	204.485	61.2369
10875	2.175	2.26691	1.6105	0.155757	195.418	61.9105
10880	2.176	2.28958	1.6105	0.162	186.403	62.4937
10885	2.177	2.31182	1.6105	0.168223	177.444	62.997
10890	2.178	2.33364	1.6105	0.174426	168.505	63.4252
10895	2.179	2.35504	1.6105	0.180607	159.603	63.7773
10900	2.18	2.37602	1.6105	0.186767	150.739	64.0699
10905	2.181	2.3966	1.6105	0.192903	141.914	64.2822
10910	2.182	2.41674	1.6105	0.199014	133.11	64.4301
10915	2.183	2.43647	1.6105	0.2051	124.338	64.519
10920	2.184	2.45578	1.6105	0.21116	115.599	64.5465
10925	2.185	2.47468	1.6105	0.217192	106.883	64.5114
10930	2.186	2.49316	1.6105	0.223195	98.2203	64.4159
10935	2.187	2.51122	1.6105	0.229168	89.579	64.2607
10940	2.188	2.52886	1.6105	0.235111	80.97	64.0579
10945	2.189	2.54609	1.6105	0.241022	72.3894	63.8044
10950	2.19	2.56292	1.6105	0.246901	63.8644	63.4884
10955	2.191	2.57931	1.6105	0.252746	55.3609	63.132
10960	2.192	2.59531	1.6105	0.258556	46.907	62.7244
10965	2.193	2.6109	1.6105	0.26433	38.5029	62.2683
10970	2.194	2.62608	1.6105	0.270068	30.1384	61.7619
10975	2.195	2.64084	1.6105	0.275767	21.8187	61.2076
10980	2.196	2.65519	1.6105	0.281426	13.562	60.6037
10985	2.197	2.66913	1.6105	0.287045	5.36675	59.9646
10990	2.198	2.68268	1.6105	0.292622	0	59.2773
10995	2.199	2.69582	1.6105	0.298156	0	58.543
11000	2.2	2.70854	1.6105	0.303646	0	57.7702
11005	2.201	2.72087	1.6105	0.309093	0	56.9667
11010	2.202	2.73282	1.6105	0.314497	0	56.1285
11015	2.203	2.74437	1.6105	0.319859	0	55.2789
11020	2.204	2.75558	1.6105	0.325178	0	54.3984
11025	2.205	2.7664	1.6105	0.330457	0	53.4981
11030	2.206	2.77687	1.6105	0.335694	0	52.5897
11035	2.207	2.787	1.6105	0.34089	0	51.6527
11040	2.208	2.79676	1.6105	0.346046	0	50.7137
11045	2.209	2.8062	1.6105	0.351162	0	49.7682
11050	2.21	2.81531	1.6105	0.356237	0	48.8104
11055	2.211	2.82409	1.6105	0.361273	0	47.8525
11060	2.212	2.83257	1.6105	0.36627	0	46.8772
11065	2.213	2.84071	1.6105	0.371227	0	45.9016
11070	2.214	2.84854	1.6105	0.376145	0	44.925
11075	2.215	2.85608	1.6105	0.381025	0	43.9495
11080	2.216	2.86333	1.6105	0.385865	0	42.9716
11085	2.217	2.87028	1.6105	0.390667	0	41.9915
11090	2.218	2.87695	1.6105	0.395431	0	41.0114
11095	2.219	2.88333	1.6105	0.400155	0	40.0196
11100	2.22	2.88942	1.6105	0.404842	0	20.3431
11105	2.221	2.86522	1.6105	0.401861	0	2.29499
11110	2.222	2.84134	1.6105	0.398907	0	0
11115	2.223	2.81785	1.6105	0.395988	0	0
11120	2.224	2.7947	1.6105	0.393109	37.2125	0
11125	2.225	2.77193	1.6105	0.390269	78.8696	0
11130	2.226	2.74958	1.6105	0.387476	117.081	0
11135	2.227	2.72763	1.6105	0.384738	152.072	0
11140	2.228	2.70617	1.6105	0.382065	184.032	0
11145	2.229	2.68523	1.6105	0.379475	213.093	0
11150	2.23	2.66473	1.6105	0.376949	239.659	0
11155	2.231	2.64459	1.6105	0.374462	264.179	0
11160	2.232	2.62475	1.6105	0.372	286.923	0
11165	2.233	2.60523	1.6105	0.36957	308.005	0
11170	2.234	2.58573	1.6105	0.367101	328.154	0
11175	2.235	2.56682	1.6105	0.364728	346.297	0
11180	2.236	2.5486	1.6105	0.362489	362.284	0
11185	2.237	2.53119	1.6105	0.360406	376.061	0
11190	2.238	2.51465	1.6105	0.358491	387.684	0
11195	2.239	2.49897	1.6105	0.356749	397.262	0
11200	2.24	2.48413	1.6105	0.355179	404.945	0
11205	2.241	2.47013	1.6105	0.353778	410.869	0
11210	2.242	2.45673	1.6105	0.352493	415.603	0
11215	2.243	2.44423	1.6105	0.351388	418.682	0
11220	2.244	2.4326	1.6105	0.350469	420.144	0
11225	2.245	2.4217	1.6105	0.349701	420.375	0
11230	2.246	2.41161	1.6105	0.349099	419.338	0
11235	2.247	2.40229	1.6105	0.348656	417.171	0
11240	2.248	2.39367	1.6105	0.348366	413.956	0
11245	2.249	2.38577	1.6105	0.348223	409.818	0
11250	2.25	2.37853	1.6105	0.348222	404.847	0
11255	2.251	2.37193	1.6105	0.348356	399.124	0
11260	2.252	2.36593	1.6105	0.348617	392.771	0
11265	2.253	2.36048	1.6105	0.348998	385.868	0
11270	2.254	2.35557	1.6105	0.349492	378.488	0
11275	2.255	2.35113	1.6105	0.350089	370.726	0
11280	2.256	2.34713	1.6105	0.350781	362.675	0
11285	2.257	2.34353	1.6105	0.35156	354.396	0
11290	2.258	2.34031	1.6105	0.352418	345.969	0
11295	2.259	2.33742	1.6105	0.353346	337.438	0
11300	2.26	2.33481	1.6105	0.354336	328.89	0
11305	2.261	2.33246	1.6105	0.35538	320.371	0
11310	2.262	2.33032	1.6105	0.356471	311.909	0
11315	2.263	2.32837	1.6105	0.357602	303.588	0
11320	2.264	2.32658	1.6105	0.358766	295.412	0
11325	2.265	2.32493	1.6105	0.359959	287.4	0
11330	2.266	2.32342	1.6105	0.36118	279.547	0
11335	2.267	2.32203	1.6105	0.362427	271.843	0
11340	2.268	2.32075	1.6105	0.363698	264.288	0
11345	2.269	2.31959	1.6105	0.364991	256.878	0
11350	2.27	2.31851	1.6105	0.366304	249.608	0
11355	2.271	2.31753	1.6105	0.367637	242.478	0
11360	2.272	2.31664	1.6105	0.368986	235.498	0
11365	2.273	2.31582	1.6105	0.370351	228.658	0
11370	2.274	2.31505	1.6105	0.371729	221.949	0
11375	2.275	2.31434	1.6105	0.373119	215.378	0
11380	2.276	2.31369	1.6105	0.37452	208.948	0
11385	2.277	2.31308	1.6105	0.37593	202.653	0
11390	2.278	2.31251	1.6105	0.377346	196.493	0
11395	2.279	2.31197	1.6105	0.378769	190.468	0
11400	2.28	2.31145	1.6105	0.380196	184.575	0
11405	2.281	2.31094	1.6105	0.381626	178.796	0
11410	2.282	2.31047	1.6105	0.383058	173.145	0
11415	2.283	2.30998	1.6105	0.384489	167.605	0
11420	2.284	2.30949	1.6105	0.385919	162.183	0
11425	2.285	2.30901	1.6105	0.387347	156.849	0
11430	2.286	2.30852	1.6105	0.388771	151.605	0
11435	2.287	2.30799	1.6105	0.390189	146.445	0
11440	2.288	2.30746	1.6105	0.391601	141.37	0
11445	2.289	2.30692	1.6105	0.393005	136.359	0
11450	2.29	2.30631	1.6105	0.3944	131.411	0
11455	2.291	2.3057	1.6105	0.395785	126.53	0
11460	2.292	2.30504	1.6105	0.397158	121.687	0
11465	2.293	2.30433	1.6105	0.398518	116.901	0
11470	2.294	2.30357	1.6105	0.399864	112.161	0
11475	2.295	2.30277	1.6105	0.401194	107.448	0
11480	2.296	2.30192	1.6105	0.402508	102.776	0
11485	2.297	2.29212	1.6105	0.40155	117.471	0
11490	2.298	2.28244	1.6105	0.400597	130.717	0
11495	2.299	2.27292	1.6105	0.399652	142.572	0
11500	2.3	2.26352	1.6105	0.398719	153.105	0
11505	2.301	2.25428	1.6105	0.3978	162.408	0
11510	2.302	2.24519	1.6105	0.396893	170.56	0
11515	2.303	2.2362	1.6105	0.39599	177.728	0
11520	2.304	2.2273	1.6105	0.39508	184.089	0
11525	2.305	2.21843	1.6105	0.394161	189.692	0
11530	2.306	2.20949	1.6105	0.393197	194.902	0
11535	2.307	2.20066	1.6105	0.392239	199.285	0
11540	2.308	2.19199	1.6105	0.3913	202.781	0
11545	2.309	2.18351	1.6105	0.390384	205.373	0
11550	2.31	2.17522	1.6105	0.389496	207.066	0
11555	2.311	2.16715	1.6105	0.388637	207.867	0
11560	2.312	2.15926	1.6105	0.387807	207.803	0
11565	2.313	2.15157	1.6105	0.387007	206.898	9.77726
11570	2.314	2.14408	1.6105	0.386236	205.158	27.4488
11575	2.315	2.13678	1.6105	0.385492	202.596	47.4625
11580	2.316	2.12965	1.6105	0.384774	199.223	69.9355
11585	2.317	2.1227	1.6105	0.384079	195.092	94.9205
11590	2.318	2.11591	1.6105	0.383403	190.184	122.409
11595	2.319	2.10923	1.6105	0.382743	184.559	152.335
11600	2.32	2.10265	1.6105	0.382093	178.23	184.563
11605	2.321	2.09619	1.6105	0.381448	171.249	218.816
11610	2.322	2.08977	1.6105	0.380802	163.636	254.79
11615	2.323	2.08341	1.6105	0.38015	155.448	292.086
11620	2.324	2.07707	1.6105	0.379487	146.725	330.255
11625	2.325	2.07073	1.6105	0.378808	137.501	368.848
11630	2.326	2.06438	1.6105	0.378109	127.85	407.398
11635	2.327	2.05799	1.6105	0.377387	117.816	445.497
11640	2.328	2.05157	1.6105	0.376638	107.487	482.739
11645	2.329	2.04509	1.6105	0.375858	97.0979	518.806
11650	2.33	2.03853	1.6105	0.375043	87.0279	553.415
11655	2.331	2.03188	1.6105	0.374189	77.5241	586.345
11660	2.332	2.02515	1.6105	0.37329	68.6922	617.4
11665	2.333	2.01826	1.6105	0.372344	60.6287	646.516
11670	2.334	2.01125	1.6105	0.371346	53.3723	673.66
11675	2.335	2.0041	1.6105	0.370295	46.9211	699.903
11680	2.336	1.99849	1.6105	0.369608	37.7131	723.868
11685	2.337	1.99224	1.6105	0.368754	30.4844	745.936
11690	2.338	1.98581	1.6105	0.367832	24.2544	766.222
11695	2.339	1.97924	1.6105	0.366864	18.7856	784.825
11700	2.34	1.97253	1.6105	0.365842	14.0851	801.817
11705	2.341	1.96564	1.6105	0.364761	10.165	817.301
11710	2.342	1.95858	1.6105	0.363619	6.97475	831.368
11715	2.343	1.95133	1.6105	0.362415	4.49219	844.121
11720	2.344	1.94391	1.6105	0.36115	2.66251	855.639
11725	2.345	1.93631	1.6105	0.359824	1.43507	866.028
11730	2.346	1.92855	1.6105	0.358439	0.759312	875.378
11735	2.347	1.92065	1.6105	0.356998	0.586161	883.747
11740	2.348	1.91259	1.6105	0.355502	0.862149	891.225
11745	2.349	1.90439	1.6105	0.353954	1.55282	897.884
11750	2.35	1.89608	1.6105	0.352356	2.61905	903.782
11755	2.351	1.88764	1.6105	0.350709	4.02631	908.971
11760	2.352	1.87908	1.6105	0.349017	5.72548	913.532
11765	2.353	1.87044	1.6105	0.34728	7.68877	917.489
11770	2.354	1.86168	1.6105	0.3455	9.90859	920.912
11775	2.355	1.85286	1.6105	0.343679	12.3418	923.819
11780	2.356	1.84393	1.6105	0.341819	14.9759	926.275
11785	2.357	1.83494	1.6105	0.339922	17.7704	928.31
11790	2.358	1.8259	1.6105	0.337989	20.7212	929.954
11795	2.359	1.81679	1.6105	0.336023	23.8013	931.242
11800	2.36	1.80762	1.6105	0.334024	26.9861	932.206
11805	2.361	1.79842	1.6105	0.331996	30.2749	932.868
11810	2.362	1.78918	1.6105	0.329938	33.6383	933.256
11815	2.363	1.77991	1.6105	0.327854	37.0621	933.389
11820	2.364	1.7706	1.6105	0.325744	40.5405	933.296
11825	2.365	1.76129	1.6105	0.323609	44.0606	932.984
11830	2.366	1.75195	1.6105	0.321452	47.6127	932.493
11835	2.367	1.74262	1.6105	0.319274	51.1935	931.807
11840	2.368	1.73326	1.6105	0.317075	54.785	930.963
11845	2.369	1.72392	1.6105	0.314856	58.3903	929.956
11850	2.37	1.71455	1.6105	0.312619	61.9978	928.831
11855	2.371	1.70523	1.6105	0.310364	65.6046	927.56
11860	2.372	1.69588	1.6105	0.308093	69.2211	926.172
11865	2.373	1.68655	1.6105	0.305805	72.8283	924.685
11870	2.374	1.67725	1.6105	0.303502	76.4261	923.08
11875	2.375	1.66794	1.6105	0.301184	80.0174	921.391
11880	2.376	1.65865	1.6105	0.298852	83.607	919.615
11885	2.377	1.64939	1.6105	0.296506	87.1764	917.752
11890	2.378	1.64015	1.62788	0.294146	90.7514	915.813
11895	2.379	1.63092	1.65536	0.291772	94.3073	913.803
11900	2.38	1.62171	1.68272	0.289386	97.8584	911.725
11905	2.381	1.61252	1.70997	0.286987	101.404	909.584
11910	2.382	1.60335	1.73707	0.284576	104.951	907.38
11915	2.383	1.5942	1.76406	0.282152	108.475	905.12
11920	2.384	1.58507	1.79091	0.279717	112.005	902.812
11925	2.385	1.57597	1.81764	0.277269	115.523	900.445
11930	2.386	1.5698	1.84423	0.27481	119.041	898.034
11935	2.387	1.5698	1.8707	0.272339	122.543	895.568
11940	2.388	1.5698	1.89703	0.269856	126.049	893.049
11945	2.389	1.5698	1.92322	0.267363	129.538	890.498
11950	2.39	1.5698	1.94929	0.264858	133.022	887.9
11955	2.391	1.5698	1.97523	0.262342	136.503	885.251
11960	2.392	1.5698	2.00103	0.259816	139.978	882.577
11965	2.393	1.5698	2.02669	0.257279	143.447	879.865
11970	2.394	1.5698	2.05221	0.254732	146.9	877.108
11975	2.395	1.5698	2.07758	0.252174	150.347	874.326
11980	2.396	1.5698	2.10282	0.249607	153.775	871.512
11985	2.397	1.5698	2.12791	0.247031	157.199	868.666
11990	2.398	1.5698	2.15284	0.244445	160.608	865.785
11995	2.399	1.5698	2.17764	0.24185	163.995	862.884
12000	2.4	1.5698	2.20226	0.239246	167.383	859.962
12005	2.401	1.5698	2.22675	0.236634	170.734	857.019
12010	2.402	1.5698	2.25108	0.234014	174.079	854.043
12015	2.403	1.5698	2.26681	0.231387	177.41	852.888
12020	2.404	1.5698	2.27482	0.229404	175.387	853.285
12025	2.405	1.5698	2.27897	0.228007	168.928	854.332
12030	2.406	1.5698	2.28319	0.226905	160.756	855.153
12035	2.407	1.5698	2.28802	0.225794	153.452	855.641
12040	2.408	1.5698	2.29368	0.224632	147.272	855.78
12045	2.409	1.5698	2.3003	0.223404	142.241	855.543
12050	2.41	1.5698	2.30802	0.222097	138.334	854.938
12055	2.411	1.5698	2.31697	0.220699	135.535	853.967
12060	2.412	1.5698	2.32719	0.219201	133.821	852.611
12065	2.413	1.5698	2.33875	0.217596	133.143	850.894
12070	2.414	1.5698	2.35168	0.21588	133.448	848.822
12075	2.415	1.5698	2.36596	0.214049	134.694	846.406
12080	2.416	1.5698	2.38163	0.212101	136.809	843.669
12085	2.417	1.5698	2.39863	0.210035	139.749	840.633
12090	2.418	1.5698	2.41691	0.207853	143.444	837.311
12095	2.419	1.5698	2.43179	0.205557	147.813	834.746
12100	2.42	1.5698	2.44345	0.203511	149.875	832.898
12105	2.421	1.5698	2.45336	0.201706	149.9	831.379
12110	2.422	1.5698	2.46323	0.200026	148.985	829.8
12115	2.423	1.5698	2.47411	0.198344	148.265	827.945
12120	2.424	1.5698	2.48627	0.196575	148.394	825.745
12125	2.425	1.5698	2.49943	0.194696	149.488	823.299
12130	2.426	1.5698	2.51297	0.192731	151.292	820.738
12135	2.427	1.5698	2.5265	0.190724	153.38	818.172
12140	2.428	1.5698	2.53979	0.188709	155.47	815.642
12145	2.429	1.5698	2.55283	0.186702	157.427	813.139
12150	2.43	1.5698	2.56582	0.184702	159.259	810.638
12155	2.431	1.5698	2.57887	0.182698	161.099	808.092
12160	2.432	1.5698	2.59212	0.180677	163.013	805.486
12165	2.433	1.5698	2.60558	0.178631	165.098	802.815
12170	2.434	1.5698	2.61919	0.176559	167.342	800.099
12175	2.435	1.5698	2.63289	0.174463	169.708	797.336
12180	2.436	1.5698	2.64666	0.172349	172.144	794.554
12185	2.437	1.5698	2.66046	0.170219	174.63	791.743
12190	2.438	1.5698	2.67429	0.168076	177.156	788.922
12195	2.439	1.5698	2.68815	0.165919	179.707	786.073
12200	2.44	1.5698	2.70208	0.163747	182.292	783.196
12205	2.441	1.5698	2.71607	0.16156	184.929	780.299
12210	2.442	1.5698	2.7301	0.159358	187.614	777.375
12215	2.443	1.5698	2.74416	0.15714	190.337	774.425
12220	2.444	1.5698	2.75828	0.154908	193.089	771.456
12225	2.445	1.5698	2.77242	0.152662	195.886	768.471
12230	2.446	1.5698	2.78656	0.150402	198.7	765.471
12235	2.447	1.5698	2.80071	0.148129	201.526	762.442
12240	2.448	1.5698	2.81487	0.145845	204.368	759.413
12245	2.449	1.5698	2.82904	0.143548	207.219	756.355
12250	2.45	1.5698	2.8432	0.141239	210.087	753.294
12255	2.451	1.5698	2.85737	0.138919	212.966	750.221
12260	2.452	1.5698	2.87151	0.136587	215.853	747.122
12265	2.453	1.5698	2.88564	0.134245	218.734	744.024
12270	2.454	1.5698	2.89975	0.131893	221.626	740.908
12275	2.455	1.5698	2.91382	0.129531	224.51	737.783
12280	2.456	1.5698	2.92786	0.127159	227.388	734.647
12285	2.457	1.5698	2.94187	0.124779	230.262	731.51
12290	2.458	1.5698	2.95583	0.12239	233.129	728.356
12295	2.459	1.5698	2.96976	0.119993	235.985	725.199
12300	2.46	1.5698	2.98362	0.117588	238.834	722.029
12305	2.461	1.5698	2.99742	0.115175	241.664	718.86
12310	2.462	1.5698	3.01117	0.112756	244.468	715.681
12315	2.463	1.5698	3.02486	0.11033	247.269	712.491
12320	2.464	1.5698	3.03847	0.107898	250.049	709.306
12325	2.465	1.5698	3.05202	0.10546	252.81	706.114
12330	2.466	1.5698	3.06546	0.103017	255.549	702.918
12335	2.467	1.5698	3.07884	0.100568	258.25	699.714
12340	2.468	1.5698	3.09212	0.0981156	260.94	696.513
12345	2.469	1.5698	3.10533	0.0956586	263.595	693.31
12350	2.47	1.5698	3.11843	0.0931977	266.231	690.097
12355	2.471	1.5698	3.13144	0.0907333	268.833	686.892
12360	2.472	1.5698	3.14434	0.088266	271.413	683.678
12365	2.473	1.5698	3.15712	0.0857959	273.957	680.469
12370	2.474	1.5698	3.16983	0.0833236	276.458	677.257
12375	2.475	1.5698	3.18239	0.0808493	278.948	674.046
12380	2.476	1.5698	3.19484	0.0783735	281.388	670.839
12385	2.477	1.5698	3.20719	0.0758965	283.795	667.634
12390	2.478	1.5698	3.2194	0.0734187	286.181	664.425
12395	2.479	1.5698	3.23147	0.0709404	288.514	661.222
12400	2.48	1.5698	3.24345	0.068462	290.812	658.019
12405	2.481	1.5698	3.25528	0.0659839	293.088	654.818
12410	2.482	1.5698	3.26695	0.0635063	295.317	651.622
12415	2.483	1.5698	3.27851	0.0610297	297.498	648.432
12420	2.484	1.5698	3.28993	0.0585544	299.648	645.242
12425	2.485	1.5698	3.30119	0.0560807	301.768	642.055
12430	2.486	1.5698	3.31232	0.0536089	303.83	638.88
12435	2.487	1.5698	3.32331	0.0511394	305.865	635.701
12440	2.488	1.5698	3.33412	0.0486725	307.86	632.535
12445	2.489	1.5698	3.34479	0.0462086	309.801	629.368
12450	2.49	1.5698	3.35532	0.0437479	311.705	626.212
12455	2.491	1.5698	3.36567	0.0412907	313.574	623.063
12460	2.492	1.5698	3.37588	0.0388374	315.392	619.917
12465	2.493	1.5698	3.38593	0.0363882	317.175	616.778
12470	2.494	1.5698	3.39581	0.0339435	318.914	613.652
12475	2.495	1.5698	3.40552	0.0315036	320.61	610.529
12480	2.496	1.5698	3.41507	0.0290687	322.26	607.409
12485	2.497	1.5698	3.42446	0.0266391	323.869	604.304
12490	2.498	1.5698	3.43366	0.0242152	325.442	601.211
12495	2.499	1.5698	3.44271	0.0217971	326.956	598.125
12500	2.5	1.5698	3.45159	0.0193851	328.437	595.042
12505	2.501	1.5698	3.4603	0.0169796	329.88	591.986
12510	2.502	1.5698	3.46882	0.0145808	331.276	589.007
12515	2.503	1.5698	3.47716	0.0121889	332.62	586.136
12520	2.504	1.5698	3.48528	0.00980469	333.913	583.393
12525	2.505	1.5698	3.49314	0.00743285	335.129	580.773
12530	2.506	1.5698	3.50075	0.00507437	336.239	578.25
12535	2.507	1.5698	3.50813	0.00272945	337.264	575.813
12540	2.508	1.5698	3.51527	0.000398315	338.208	573.45
12545	2.509	1.5698	3.52213	-0.00191847	339.072	571.148
12550	2.51	1.5698	3.52875	-0.00421998	339.834	568.891
12555	2.511	1.5698	3.53506	-0.00650504	340.524	566.679
12560	2.512	1.5698	3.54111	-0.00877245	341.103	564.505
12565	2.513	1.5698	3.54686	-0.0110211	341.602	562.358
12570	2.514	1.5698	3.55229	-0.0132502	341.998	560.249
12575	2.515	1.5698	3.55743	-0.0154588	342.295	558.159
12580	2.516	1.5698	3.56223	-0.0176463	342.498	556.086
12585	2.517	1.5698	3.56676	-0.019812	342.595	554.037
12590	2.518	1.5698	3.57094	-0.0219555	342.622	552.007
12595	2.519	1.5698	3.5748	-0.0240759	342.541	549.992
12600	2.52	1.5698	3.57835	-0.0261728	342.368	547.992
12605	2.521	1.5698	3.58158	-0.0282454	342.11	546.002
12610	2.522	1.5698	3.58445	-0.0302933	341.768	544.029
12615	2.523	1.5698	3.58701	-0.032316	341.321	542.062
12620	2.524	1.5698	3.58924	-0.034313	340.8	540.108
12625	2.525	1.5698	3.59112	-0.0362839	340.194	538.163
12630	2.526	1.5698	3.59268	-0.0382283	339.496	536.233
12635	2.527	1.5698	3.59392	-0.0401458	338.721	534.308
12640	2.528	1.5698	3.59481	-0.0420362	337.877	532.397
12645	2.529	1.5698	3.59538	-0.0438991	336.948	530.49
12650	2.53	1.5698	3.5956	-0.0457343	335.94	528.599
12655	2.531	1.5698	3.5955	-0.0475416	334.856	526.715
12660	2.532	1.5698	3.59507	-0.0493206	333.701	524.846
12665	2.533	1.5698	3.59433	-0.0510713	332.479	522.984
12670	2.534	1.5698	3.59326	-0.0527935	331.191	521.136
12675	2.535	1.5698	3.59186	-0.054487	329.842	519.303
12680	2.536	1.5698	3.59017	-0.0561517	328.419	517.48
12685	2.537	1.5698	3.58812	-0.0577876	326.951	515.674
12690	2.538	1.5698	3.5858	-0.0593946	325.403	513.882
12695	2.539	1.5698	3.58316	-0.0609726	323.834	512.106
12700	2.54	1.5698	3.5802	-0.0625216	322.31	510.341
12705	2.541	1.5698	3.57694	-0.0640417	320.91	508.595
12710	2.542	1.5698	3.57341	-0.0655328	319.694	506.862
12715	2.543	1.5698	3.56959	-0.066995	318.697	505.128
12720	2.544	1.5698	3.56551	-0.0684296	317.942	503.391
12725	2.545	1.5698	3.56121	-0.0698384	317.446	501.625
12730	2.546	1.5698	3.55668	-0.071223	317.258	499.831
12735	2.547	1.5698	3.55194	-0.0725843	317.372	497.986
12740	2.548	1.5698	3.54698	-0.0739221	317.824	496.094
12745	2.549	1.5698	3.54178	-0.0752358	318.612	494.133
12750	2.55	1.5698	3.53636	-0.0765249	319.76	492.093
12755	2.551	1.5698	3.5307	-0.077789	321.295	489.957
12760	2.552	1.5698	3.52483	-0.0790277	323.233	487.707
12765	2.553	1.5698	3.51872	-0.0802408	325.645	485.322
12770	2.554	1.5698	3.51237	-0.0814276	328.541	482.783
12775	2.555	1.5698	3.50578	-0.0825878	331.963	480.062
12780	2.556	1.5698	3.49895	-0.0837213	335.96	477.135
12785	2.557	1.5698	3.4919	-0.0848279	340.576	473.96
12790	2.558	1.5698	3.4846	-0.0859074	345.869	470.5
12795	2.559	1.5698	3.47707	-0.0869591	351.852	466.698
12800	2.56	1.5698	3.46928	-0.0879824	358.579	462.498
12805	2.561	1.5698	3.46123	-0.0889765	366.069	457.819
12810	2.562	1.5698	3.45293	-0.0899405	374.351	452.57
12815	2.563	1.5698	3.44435	-0.0908735	383.449	446.626
12820	2.564	1.5698	3.43546	-0.0917745	393.371	439.774
12825	2.565	1.5698	3.4263	-0.0926425	404.112	431.798
12830	2.566	1.5698	3.41684	-0.0934761	415.701	422.443
12835	2.567	1.5698	3.40704	-0.0942742	428.114	411.467
12840	2.568	1.5698	3.39692	-0.0950351	441.323	398.597
12845	2.569	1.5698	3.38642	-0.0957572	455.295	383.579
12850	2.57	1.5698	3.37556	-0.0964388	469.957	366.219
12855	2.571	1.5698	3.36431	-0.0970777	485.266	346.39
12860	2.572	1.5698	3.35264	-0.097672	501.12	324.096
12865	2.573	1.5698	3.34052	-0.0982192	517.431	299.517
12870	2.574	1.5698	3.32787	-0.0987156	534.073	273.005
12875	2.575	1.5698	3.31466	-0.099156	550.908	245.087
12880	2.576	1.5698	3.30084	-0.0995356	567.797	216.378
12885	2.577	1.5698	3.2864	-0.0998499	584.613	187.523
12890	2.578	1.5698	3.27125	-0.100095	601.238	159.136
12895	2.579	1.5698	3.25541	-0.100269	617.518	131.735
12900	2.58	1.5698	3.23873	-0.100366	633.371	105.896
12905	2.581	1.5698	3.22114	-0.100378	648.58	81.9487
12910	2.582	1.5698	3.20243	-0.100294	662.995	60.0225
12915	2.583	1.5698	3.18243	-0.100097	676.392	40.1074
12920	2.584	1.5698	3.16105	-0.0997716	688.595	22.147
12925	2.585	1.5698	3.13822	-0.099309	699.507	6.04548
12930	2.586	1.5698	3.11382	-0.0987	709.066	0
12935	2.587	1.5698	3.08777	-0.0979355	717.202	0
12940	2.588	1.5698	3.05999	-0.0970078	723.896	0
12945	2.589	1.5698	3.03046	-0.0959093	729.132	0
12950	2.59	1.5698	2.99904	-0.094632	732.94	0
12955	2.591	1.5698	2.96571	-0.0931686	735.295	0
12960	2.592	1.5698	2.93036	-0.091512	736.244	0
12965	2.593	1.5698	2.89295	-0.0896546	735.782	0
12970	2.594	1.5698	2.85339	-0.0875884	733.947	0
12975	2.595	1.5698	2.81158	-0.0853054	730.764	0
12980	2.596	1.5698	2.76748	-0.0827971	726.227	0
12985	2.597	1.5698	2.72105	-0.0800573	720.383	0
12990	2.598	1.5698	2.67227	-0.0770816	713.284	0
12995	2.599	1.5698	2.62112	-0.0738671	704.969	0
13000	2.6	1.5698	2.56764	-0.0704124	695.502	0
13005	2.601	1.5698	2.51187	-0.0667175	684.958	0
13010	2.602	1.5698	2.45382	-0.062784	673.414	0
13015	2.603	1.5698	2.3936	-0.0586152	660.925	0
13020	2.604	1.5698	2.33125	-0.0542157	647.599	0
13025	2.605	1.5698	2.2669	-0.0495921	633.504	0
13030	2.606	1.5698	2.20067	-0.0447526	618.741	0
13035	2.607	1.5698	2.1327	-0.039707	603.41	0
13040	2.608	1.5698	2.06313	-0.0344662	587.616	0
13045	2.609	1.5698	1.99214	-0.0290422	571.449	0
13050	2.61	1.5698	1.91991	-0.0234493	555.023	0
13055	2.611	1.5698	1.84661	-0.0177025	538.442	0
13060	2.612	1.5698	1.77244	-0.0118173	521.8	0
13065	2.613	1.5698	1.69757	-0.00580891	505.2	0
13070	2.614	1.59988	1.62217	0.000308124	488.719	0
13075	2.615	1.63145	1.6105	0.00652007	472.431	1.285
13080	2.616	1.66304	1.6105	0.0128142	456.371	6.43787
13085	2.617	1.69458	1.6105	0.0191787	440.618	11.3914
13090	2.618	1.726	1.6105	0.0256023	425.198	16.1404
13095	2.619	1.75727	1.6105	0.0320746	410.135	20.6562
13100	2.62	1.78831	1.6105	0.038585	395.478	24.9316
13105	2.621	1.81908	1.6105	0.0451235	381.218	28.9486
13110	2.622	1.84953	1.6105	0.0516798	367.394	32.6925
13115	2.623	1.8796	1.6105	0.058244	354.022	36.171
13120	2.624	1.90927	1.6105	0.0648062	341.121	39.375
13125	2.625	1.9385	1.6105	0.0713613	328.688	42.3233
13130	2.626	1.96728	1.6105	0.0779068	316.663	45.0226
13135	2.627	1.99559	1.6105	0.0844406	305.022	47.5003
13140	2.628	2.02346	1.6105	0.0909612	293.712	49.7705
13145	2.629	2.05088	1.6105	0.097467	282.699	51.8286
13150	2.63	2.07783	1.6105	0.103957	271.956	53.71
13155	2.631	2.10433	1.6105	0.11043	261.457	55.4185
13160	2.632	2.13038	1.6105	0.116886	251.166	56.6361
13165	2.633	2.15544	1.6105	0.123218	241.904	57.8125
13170	2.634	2.1802	1.6105	0.129558	232.547	58.987
13175	2.635	2.2047	1.6105	0.135919	222.979	59.8848
13180	2.636	2.22852	1.6105	0.142209	213.93	60.7417
13185	2.637	2.252	1.6105	0.148498	204.817	61.4976
13190	2.638	2.27505	1.6105	0.15477	195.733	62.1767
13195	2.639	2.29769	1.6105	0.161023	186.718	62.7568
13200	2.64	2.31989	1.6105	0.167256	177.742	63.2741
13205	2.641	2.34169	1.6105	0.17347	168.794	63.7043
13210	2.642	2.36307	1.6105	0.179662	159.889	64.0696
13215	2.643	2.38403	1.6105	0.185833	151.003	64.3561
13220	2.644	2.40457	1.6105	0.191981	142.151	64.5777
13225	2.645	2.42469	1.6105	0.198104	133.341	64.7371
13230	2.646	2.44441	1.6105	0.204203	124.552	64.8258
13235	2.647	2.46369	1.6105	0.210274	115.792	64.8635
13240	2.648	2.48258	1.6105	0.216319	107.064	64.8352
13245	2.649	2.50104	1.6105	0.222334	98.3682	64.7482
13250	2.65	2.51908	1.6105	0.228321	89.7132	64.5962
13255	2.651	2.5367	1.6105	0.234276	81.0876	64.4014
13260	2.652	2.55392	1.6105	0.240201	72.4859	64.1534
13265	2.653	2.57073	1.6105	0.246093	63.925	63.8503
13270	2.654	2.58712	1.6105	0.251951	55.405	63.4864
13275	2.655	2.60309	1.6105	0.257775	46.9375	63.0908
13280	2.656	2.61867	1.6105	0.263563	38.4985	62.6384
13285	2.657	2.63383	1.6105	0.269315	30.1115	62.1413
13290	2.658	2.64858	1.6105	0.275028	21.7711	61.5874
13295	2.659	2.66291	1.6105	0.280702	13.4839	60.9953
13300	2.66	2.67685	1.6105	0.286335	5.26789	60.3533
13305	2.661	2.69037	1.6105	0.291927	0	59.6738
13310	2.662	2.7035	1.6105	0.297476	0	58.9497
13315	2.663	2.71622	1.6105	0.302981	0	58.1819
13320	2.664	2.72854	1.6105	0.308443	0	57.3758
13325	2.665	2.74046	1.6105	0.313862	0	56.554
13330	2.666	2.75203	1.6105	0.319239	0	55.6993
13335	2.667	2.76321	1.6105	0.324575	0	54.8227
13340	2.668	2.77402	1.6105	0.329869	0	53.9364
13345	2.669	2.78449	1.6105	0.335122	0	53.0208
13350	2.67	2.79459	1.6105	0.340334	0	52.0997
13355	2.671	2.80436	1.6105	0.345506	0	51.1607
13360	2.672	2.81379	1.6105	0.350638	0	50.221
13365	2.673	2.82289	1.6105	0.35573	0	49.2623
13370	2.674	2.83166	1.6105	0.360783	0	48.3029
13375	2.675	2.84011	1.6105	0.365796	0	47.3394
13380	2.676	2.84825	1.6105	0.37077	0	46.3657
13385	2.677	2.85608	1.6105	0.375705	0	45.3994
13390	2.678	2.86362	1.6105	0.380602	0	44.4217
13395	2.679	2.87085	1.6105	0.38546	0	43.4409
13400	2.68	2.87778	1.6105	0.390279	0	42.4714
13405	2.681	2.88445	1.6105	0.39506	0	41.4903
13410	2.682	2.89082	1.6105	0.399802	0	40.5181
13415	2.683	2.89692	1.6105	0.404506	0	21.5556
13420	2.684	2.87386	1.6105	0.401844	0	4.17844
13425	2.685	2.85113	1.6105	0.399209	0	0
13430	2.686	2.82874	1.6105	0.39661	0	0
13435	2.687	2.80674	1.6105	0.394049	26.5518	0
13440	2.688	2.7851	1.6105	0.391527	66.1657	0
13445	2.689	2.76385	1.6105	0.389049	102.47	0
13450	2.69	2.74299	1.6105	0.386621	135.689	0
13455	2.691	2.72256	1.6105	0.38425	166.048	0
13460	2.692	2.70261	1.6105	0.381949	193.696	0
13465	2.693	2.68302	1.6105	0.379694	219.066	0
13470	2.694	2.66372	1.6105	0.377459	242.584	0
13475	2.695	2.64465	1.6105	0.375236	264.485	0
13480	2.696	2.62544	1.6105	0.372929	285.721	0
13485	2.697	2.60667	1.6105	0.370687	305.11	0
13490	2.698	2.58848	1.6105	0.368545	322.484	0
13495	2.699	2.57096	1.6105	0.366527	337.803	0
13500	2.7	2.55418	1.6105	0.364649	351.061	0
13505	2.701	2.53816	1.6105	0.362918	362.349	0
13510	2.702	2.5229	1.6105	0.361337	371.787	0
13515	2.703	2.50826	1.6105	0.359869	379.816	0
13520	2.704	2.49437	1.6105	0.358554	386.169	0
13525	2.705	2.48128	1.6105	0.357395	390.94	0
13530	2.706	2.46895	1.6105	0.356392	394.226	0
13535	2.707	2.45737	1.6105	0.355543	396.138	0
13540	2.708	2.44654	1.6105	0.354848	396.755	0
13545	2.709	2.43644	1.6105	0.354304	396.19	0
13550	2.71	2.42705	1.6105	0.353907	394.519	0
13555	2.711	2.41835	1.6105	0.353653	391.845	0
13560	2.712	2.41032	1.6105	0.353538	388.279	0
13565	2.713	2.40291	1.6105	0.353556	383.874	0
13570	2.714	2.39611	1.6105	0.353702	378.76	0
13575	2.715	2.38988	1.6105	0.353967	373.004	0
13580	2.716	2.38418	1.6105	0.354347	366.697	0
13585	2.717	2.37898	1.6105	0.354834	359.915	0
13590	2.718	2.37427	1.6105	0.355419	352.751	0
13595	2.719	2.36997	1.6105	0.356097	345.258	0
13600	2.72	2.36605	1.6105	0.356858	337.536	0
13605	2.721	2.36251	1.6105	0.357696	329.614	0
13610	2.722	2.35928	1.6105	0.358602	321.593	0
13615	2.723	2.35635	1.6105	0.359569	313.52	0
13620	2.724	2.35367	1.6105	0.360589	305.432	0
13625	2.725	2.35121	1.6105	0.361657	297.385	0
13630	2.726	2.34894	1.6105	0.362764	289.43	0
13635	2.727	2.34683	1.6105	0.363905	281.589	0
13640	2.728	2.34485	1.6105	0.365073	273.913	0
13645	2.729	2.34303	1.6105	0.366265	266.4	0
13650	2.73	2.34129	1.6105	0.367481	259.027	0
13655	2.731	2.33967	1.6105	0.368717	251.817	0
13660	2.732	2.33813	1.6105	0.369973	244.74	0
13665	2.733	2.33669	1.6105	0.371246	237.822	0
13670	2.734	2.33534	1.6105	0.372535	231.052	0
13675	2.735	2.33406	1.6105	0.373838	224.404	0
13680	2.736	2.33285	1.6105	0.375154	217.911	0
13685	2.737	2.33169	1.6105	0.376481	211.555	0
13690	2.738	2.33058	1.6105	0.377817	205.343	0
13695	2.739	2.32952	1.6105	0.37916	199.257	0
13700	2.74	2.3285	1.6105	0.38051	193.323	0
13705	2.741	2.32749	1.6105	0.381865	187.509	0
13710	2.742	2.32653	1.6105	0.383223	181.829	0
13715	2.743	2.32558	1.6105	0.384583	176.268	0
13720	2.744	2.32464	1.6105	0.385944	170.813	0
13725	2.745	2.32372	1.6105	0.387303	165.471	0
13730	2.746	2.3228	1.6105	0.388661	160.216	0
13735	2.747	2.32186	1.6105	0.390015	155.058	0
13740	2.748	2.32094	1.6105	0.391364	149.971	0
13745	2.749	2.31998	1.6105	0.392706	144.972	0
13750	2.75	2.31901	1.6105	0.394042	140.031	0
13755	2.751	2.31802	1.6105	0.395368	135.153	0
13760	2.752	2.31699	1.6105	0.396685	130.344	0
13765	2.753	2.31594	1.6105	0.39799	125.575	0
13770	2.754	2.31485	1.6105	0.399283	120.86	0
13775	2.755	2.31371	1.6105	0.400561	116.181	0
13780	2.756	2.31252	1.6105	0.401825	111.539	0
13785	2.757	2.30514	1.6105	0.401512	120.336	0
13790	2.758	2.29787	1.6105	0.401205	128.07	0
13795	2.759	2.29069	1.6105	0.400907	134.81	0
13800	2.76	2.28365	1.6105	0.400616	140.618	0
13805	2.761	2.27666	1.6105	0.400327	145.597	0
13810	2.762	2.26973	1.6105	0.40003	149.887	0
13815	2.763	2.26263	1.6105	0.399669	154.019	0
13820	2.764	2.25558	1.6105	0.399302	157.491	0
13825	2.765	2.2486	1.6105	0.398934	160.304	0
13830	2.766	2.2417	1.6105	0.398565	162.483	0
13835	2.767	2.23487	1.6105	0.398194	164.066	0
13840	2.768	2.22806	1.6105	0.397811	165.174	0
13845	2.769	2.22132	1.6105	0.397428	165.677	0
13850	2.77	2.21467	1.6105	0.397049	165.591	0
13855	2.771	2.2081	1.6105	0.396672	164.906	0
13860	2.772	2.20164	1.6105	0.396301	163.624	0
13865	2.773	2.19525	1.6105	0.395936	161.735	9.07015
13870	2.774	2.18897	1.6105	0.395577	159.223	24.9037
13875	2.775	2.18276	1.6105	0.395225	156.101	42.8989
13880	2.776	2.17666	1.6105	0.394877	152.371	63.1739
13885	2.777	2.17063	1.6105	0.394532	148.043	85.8281
13890	2.778	2.16466	1.6105	0.394187	143.124	110.938
13895	2.779	2.15874	1.6105	0.393837	137.636	138.5
13900	2.78	2.15286	1.6105	0.393478	131.614	168.442
13905	2.781	2.14698	1.6105	0.393106	125.088	200.603
13910	2.782	2.1411	1.6105	0.392715	118.073	234.736
13915	2.783	2.13516	1.6105	0.392301	110.601	270.542
13920	2.784	2.12921	1.6105	0.39186	102.731	307.623
13925	2.785	2.12319	1.6105	0.391387	94.4737	345.543
13930	2.786	2.1171	1.6105	0.39088	85.9001	383.852
13935	2.787	2.11092	1.6105	0.390336	77.038	422.112
13940	2.788	2.10465	1.6105	0.389751	67.9436	459.908
13945	2.789	2.09828	1.6105	0.389125	58.7174	496.853
13950	2.79	2.09179	1.6105	0.388453	49.5712	532.635
13955	2.791	2.08519	1.6105	0.387733	40.8229	566.962
13960	2.792	2.07845	1.6105	0.386961	32.6955	599.614
13965	2.793	2.07156	1.6105	0.386135	25.2861	630.423
13970	2.794	2.0645	1.6105	0.385251	18.6524	659.312
13975	2.795	2.0573	1.6105	0.384307	12.8256	686.227
13980	2.796	2.04991	1.6105	0.383301	7.78842	712.32
13985	2.797	2.04414	1.6105	0.382683	0	736.156
13990	2.798	2.03772	1.6105	0.381882	0	757.725
13995	2.799	2.0305	1.6105	0.380869	0	778.11
14000	2.8	2.02403	1.6105	0.380023	0	796.601
14005	2.801	2.01707	1.6105	0.379041	0	813.478
14010	2.802	2.00991	1.6105	0.377989	0	828.878
14015	2.803	2.0026	1.6105	0.376882	0	842.888
14020	2.804	1.99514	1.6105	0.375719	0	855.614
14025	2.805	1.98753	1.6105	0.3745	0	867.135
14030	2.806	1.97977	1.6105	0.373228	0	877.562
14035	2.807	1.9719	1.6105	0.371903	0	886.949
14040	2.808	1.96389	1.6105	0.370529	0	895.409
14045	2.809	1.95579	1.6105	0.369109	0	902.989
14050	2.81	1.94758	1.6105	0.367644	0	909.763
14055	2.811	1.93927	1.6105	0.366137	0	915.798
14060	2.812	1.93087	1.6105	0.364588	0	921.147
14065	2.813	1.92239	1.6105	0.362999	0	925.878
14070	2.814	1.91385	1.6105	0.361372	0	930.015
14075	2.815	1.90522	1.6105	0.359707	0	933.624
14080	2.816	1.89653	1.6105	0.358005	0	936.729
14085	2.817	1.88777	1.6105	0.356267	0	939.376
14090	2.818	1.87894	1.6105	0.354494	0	941.6
14095	2.819	1.87006	1.6105	0.352685	0	943.428
14100	2.82	1.86111	1.6105	0.350843	0.654637	944.897
14105	2.821	1.85211	1.6105	0.348966	3.90972	946.025
14110	2.822	1.84305	1.6105	0.347057	7.26625	946.852
14115	2.823	1.83396	1.6105	0.345115	10.694	947.39
14120	2.824	1.82481	1.6105	0.343143	14.1856	947.665
14125	2.825	1.81562	1.6105	0.341141	17.7422	947.693
14130	2.826	1.8064	1.6105	0.339111	21.3509	947.501
14135	2.827	1.79714	1.6105	0.337054	24.9855	947.114
14140	2.828	1.78787	1.6105	0.334971	28.6583	946.523
14145	2.829	1.77856	1.6105	0.332862	32.3643	945.768
14150	2.83	1.76924	1.6105	0.330729	36.0925	944.85
14155	2.831	1.75991	1.6105	0.328573	39.8424	943.78
14160	2.832	1.75056	1.6105	0.326394	43.6113	942.562
14165	2.833	1.74118	1.6105	0.324193	47.398	941.23
14170	2.834	1.73181	1.6105	0.321972	51.1998	939.773
14175	2.835	1.72243	1.6105	0.319729	54.9951	938.205
14180	2.836	1.71305	1.6105	0.317467	58.8083	936.539
14185	2.837	1.70367	1.6105	0.315186	62.6224	934.781
14190	2.838	1.69429	1.6105	0.312886	66.4448	932.933
14195	2.839	1.68491	1.6105	0.310567	70.2708	930.988
14200	2.84	1.67552	1.6105	0.308231	74.0899	928.987
14205	2.841	1.66616	1.6105	0.305878	77.9188	926.896
14210	2.842	1.65678	1.6105	0.303508	81.7485	924.753
14215	2.843	1.64743	1.6105	0.301121	85.5664	922.537
14220	2.844	1.63808	1.63784	0.298718	89.3873	920.264
14225	2.845	1.62873	1.66581	0.2963	93.2034	917.936
14230	2.846	1.6194	1.69368	0.293866	97.0165	915.556
14235	2.847	1.61008	1.72145	0.291418	100.825	913.123
14240	2.848	1.60076	1.74912	0.288955	104.634	910.651
14245	2.849	1.59146	1.77667	0.286477	108.441	908.142
14250	2.85	1.58219	1.80411	0.283986	112.23	905.584
14255	2.851	1.57292	1.83144	0.281481	116.018	902.982
14260	2.852	1.5698	1.85865	0.278963	119.798	900.345
14265	2.853	1.5698	1.88573	0.276432	123.566	897.664
14270	2.854	1.5698	1.91269	0.273889	127.317	894.947
14275	2.855	1.5698	1.93951	0.271333	131.068	892.199
14280	2.856	1.5698	1.9662	0.268766	134.789	889.413
14285	2.857	1.5698	1.99276	0.266187	138.504	886.603
14290	2.858	1.5698	2.01917	0.263597	142.206	883.753
14295	2.859	1.5698	2.04543	0.260997	145.88	880.886
14300	2.86	1.5698	2.07155	0.258387	149.531	877.982
14305	2.861	1.5698	2.08854	0.255766	153.171	876.973
14310	2.862	1.5698	2.09737	0.253827	151.112	877.553
14315	2.863	1.5698	2.10214	0.252503	144.354	878.817
14320	2.864	1.5698	2.10704	0.251485	135.793	879.829
14325	2.865	1.5698	2.1126	0.250455	128.177	880.489
14330	2.866	1.5698	2.11907	0.249369	121.746	880.774
14335	2.867	1.5698	2.12656	0.248212	116.538	880.683
14340	2.868	1.5698	2.13523	0.246969	112.519	880.203
14345	2.869	1.5698	2.14522	0.245628	109.68	879.326
14350	2.87	1.5698	2.15659	0.244181	107.995	878.065
14355	2.871	1.5698	2.16938	0.24262	107.416	876.415
14360	2.872	1.5698	2.18364	0.24094	107.884	874.403
14365	2.873	1.5698	2.19937	0.239136	109.356	872.028
14370	2.874	1.5698	2.21658	0.237207	111.754	869.314
14375	2.875	1.5698	2.2352	0.235153	115.032	866.288
14380	2.876	1.5698	2.25522	0.232974	119.098	862.966
14385	2.877	1.5698	2.27199	0.230673	123.903	860.364
14390	2.878	1.5698	2.28543	0.228608	126.469	858.465
14395	2.879	1.5698	2.29697	0.226786	126.918	856.945
14400	2.88	1.5698	2.30832	0.225103	126.297	855.394
14405	2.881	1.5698	2.32062	0.223425	125.774	853.577
14410	2.882	1.5698	2.33424	0.221664	126.065	851.423
14415	2.883	1.5698	2.34892	0.219791	127.344	849.001
14420	2.884	1.5698	2.36411	0.217825	129.376	846.442
14425	2.885	1.5698	2.37933	0.215809	131.763	843.876
14430	2.886	1.5698	2.39432	0.213779	134.18	841.327
14435	2.887	1.5698	2.4091	0.211753	136.461	838.811
14440	2.888	1.5698	2.4238	0.209731	138.626	836.295
14445	2.889	1.5698	2.43862	0.207704	140.776	833.736
14450	2.89	1.5698	2.45359	0.205658	143.033	831.119
14455	2.891	1.5698	2.46883	0.203585	145.425	828.433
14460	2.892	1.5698	2.48423	0.201483	148.002	825.693
14465	2.893	1.5698	2.49977	0.199354	150.696	822.904
14470	2.894	1.5698	2.51537	0.197203	153.484	820.091
14475	2.895	1.5698	2.53101	0.195033	156.317	817.251
14480	2.896	1.5698	2.54673	0.192847	159.184	814.397
14485	2.897	1.5698	2.56248	0.190645	162.097	811.511
14490	2.898	1.5698	2.57829	0.188426	165.038	808.593
14495	2.899	1.5698	2.59419	0.18619	168.025	805.649
14500	2.9	1.5698	2.61015	0.183935	171.065	802.685
14505	2.901	1.5698	2.62616	0.181662	174.148	799.687
14510	2.902	1.5698	2.64221	0.179371	177.27	796.672
14515	2.903	1.5698	2.65832	0.177064	180.413	793.634
14520	2.904	1.5698	2.67445	0.174742	183.595	790.584
14525	2.905	1.5698	2.69057	0.172404	186.792	787.5
14530	2.906	1.5698	2.70674	0.170052	189.99	784.412
14535	2.907	1.5698	2.72291	0.167685	193.219	781.303
14540	2.908	1.5698	2.73909	0.165304	196.448	778.178
14545	2.909	1.5698	2.75525	0.162909	199.694	775.035
14550	2.91	1.5698	2.77142	0.160501	202.932	771.876
14555	2.911	1.5698	2.78759	0.15808	206.183	768.708
14560	2.912	1.5698	2.80373	0.155646	209.438	765.524
14565	2.913	1.5698	2.81984	0.153201	212.683	762.322
14570	2.914	1.5698	2.83593	0.150744	215.924	759.118
14575	2.915	1.5698	2.852	0.148276	219.161	755.902
14580	2.916	1.5698	2.86801	0.145798	222.396	752.675
14585	2.917	1.5698	2.88397	0.143309	225.608	749.434
14590	2.918	1.5698	2.8999	0.140811	228.804	746.189
14595	2.919	1.5698	2.91577	0.138304	231.994	742.934
14600	2.92	1.5698	2.93157	0.135787	235.166	739.674
14605	2.921	1.5698	2.9473	0.133263	238.315	736.398
14610	2.922	1.5698	2.96298	0.13073	241.436	733.123
14615	2.923	1.5698	2.97858	0.12819	244.552	729.846
14620	2.924	1.5698	2.99409	0.125643	247.636	726.557
14625	2.925	1.5698	3.00951	0.123089	250.69	723.258
14630	2.926	1.5698	3.02485	0.120529	253.714	719.966
14635	2.927	1.5698	3.0401	0.117963	256.722	716.667
14640	2.928	1.5698	3.05524	0.115392	259.698	713.359
14645	2.929	1.5698	3.07028	0.112816	262.636	710.051
14650	2.93	1.5698	3.08522	0.110236	265.542	706.74
14655	2.931	1.5698	3.10005	0.107651	268.424	703.43
14660	2.932	1.5698	3.11476	0.105063	271.271	700.11
14665	2.933	1.5698	3.12934	0.102471	274.074	696.798
14670	2.934	1.5698	3.1438	0.0998768	276.838	693.485
14675	2.935	1.5698	3.15814	0.0972799	279.569	690.167
14680	2.936	1.5698	3.17236	0.094681	282.267	686.85
14685	2.937	1.5698	3.18643	0.0920804	284.93	683.534
14690	2.938	1.5698	3.20038	0.0894785	287.544	680.225
14695	2.939	1.5698	3.21418	0.0868757	290.127	676.908
14700	2.94	1.5698	3.22784	0.0842724	292.666	673.597
14705	2.941	1.5698	3.24135	0.081669	295.158	670.289
14710	2.942	1.5698	3.25468	0.0790658	297.612	666.984
14715	2.943	1.5698	3.2679	0.0764633	300.008	663.675
14720	2.944	1.5698	3.28095	0.0738618	302.384	660.38
14725	2.945	1.5698	3.29385	0.0712616	304.706	657.083
14730	2.946	1.5698	3.30656	0.0686631	306.992	653.789
14735	2.947	1.5698	3.31912	0.0660666	309.215	650.501
14740	2.948	1.5698	3.33152	0.0634726	311.405	647.217
14745	2.949	1.5698	3.34375	0.0608813	313.549	643.94
14750	2.95	1.5698	3.35582	0.0582931	315.648	640.666
14755	2.951	1.5698	3.3677	0.0557084	317.706	637.402
14760	2.952	1.5698	3.37941	0.0531274	319.709	634.144
14765	2.953	1.5698	3.39096	0.0505504	321.67	630.886
14770	2.954	1.5698	3.4023	0.0479779	323.593	627.645
14775	2.955	1.5698	3.41348	0.04541	325.451	624.401
14780	2.956	1.5698	3.42447	0.0428472	327.275	621.169
14785	2.957	1.5698	3.43529	0.0402897	329.053	617.946
14790	2.958	1.5698	3.44589	0.0377379	330.783	614.734
14795	2.959	1.5698	3.45632	0.0351919	332.456	611.524
14800	2.96	1.5698	3.46657	0.0326522	334.086	608.328
14805	2.961	1.5698	3.47664	0.030119	335.675	605.135
14810	2.962	1.5698	3.48649	0.0275925	337.225	601.957
14815	2.963	1.5698	3.49617	0.0250731	338.71	598.785
14820	2.964	1.5698	3.50564	0.022561	340.159	595.629
14825	2.965	1.5698	3.51493	0.0200565	341.557	592.479
14830	2.966	1.5698	3.52401	0.0175599	342.912	589.34
14835	2.967	1.5698	3.53291	0.0150713	344.218	586.226
14840	2.968	1.5698	3.5416	0.0125911	345.482	583.192
14845	2.969	1.5698	3.55002	0.01012	346.686	580.292
14850	2.97	1.5698	3.5582	0.00766291	347.802	577.516
14855	2.971	1.5698	3.5661	0.00522083	348.832	574.865
14860	2.972	1.5698	3.57372	0.00279391	349.767	572.323
14865	2.973	1.5698	3.58108	0.00038237	350.608	569.866
14870	2.974	1.5698	3.58814	-0.00201323	351.36	567.49
14875	2.975	1.5698	3.59494	-0.00439194	352.014	565.175
14880	2.976	1.5698	3.60141	-0.00675259	352.584	562.909
14885	2.977	1.5698	3.60759	-0.00909393	353.044	560.7
14890	2.978	1.5698	3.61345	-0.0114149	353.418	558.522
14895	2.979	1.5698	3.61898	-0.0137145	353.689	556.383
14900	2.98	1.5698	3.6242	-0.015992	353.852	554.274
14905	2.981	1.5698	3.62905	-0.0182467	353.923	552.192
14910	2.982	1.5698	3.6336	-0.0204781	353.881	550.135
14915	2.983	1.5698	3.63779	-0.0226854	353.761	548.098
14920	2.984	1.5698	3.64166	-0.0248681	353.532	546.079
14925	2.985	1.5698	3.64516	-0.0270256	353.22	544.084
14930	2.986	1.5698	3.64834	-0.0291572	352.798	542.104
14935	2.987	1.5698	3.65115	-0.0312625	352.3	540.141
14940	2.988	1.5698	3.65362	-0.033341	351.702	538.191
14945	2.989	1.5698	3.65574	-0.0353922	351.019	536.254
14950	2.99	1.5698	3.65752	-0.0374157	350.246	534.331
14955	2.991	1.5698	3.65893	-0.0394112	349.399	532.422
14960	2.992	1.5698	3.66002	-0.0413784	348.451	530.52
14965	2.993	1.5698	3.66074	-0.0433169	347.441	528.634
14970	2.994	1.5698	3.66112	-0.0452265	346.338	526.76
14975	2.995	1.5698	3.66116	-0.0471069	345.165	524.893
14980	2.996	1.5698	3.66085	-0.0489579	343.923	523.036
14985	2.997	1.5698	3.66018	-0.0507794	342.599	521.194
14990	2.998	1.5698	3.6592	-0.0525711	341.202	519.363
14995	2.999	1.5698	3.65787	-0.054333	339.745	517.549
15000	3	1.5698	3.65622	-0.0560649	338.222	515.74
15005	3.001	1.5698	3.65422	-0.0577668	336.645	513.945
15010	3.002	1.5698	3.65191	-0.0594386	334.989	512.167
15015	3.003	1.5698	3.64927	-0.0610803	333.287	510.401
15020	3.004	1.5698	3.64631	-0.0626919	331.528	508.649
15025	3.005	1.5698	3.64306	-0.0642733	329.732	506.911
15030	3.006	1.5698	3.63947	-0.0658247	328.012	505.196
15035	3.007	1.5698	3.63563	-0.0673462	326.409	503.484
15040	3.008	1.5698	3.63148	-0.0688391	325.017	501.768
15045	3.009	1.5698	3.62713	-0.0703055	323.837	500.051
15050	3.01	1.5698	3.62254	-0.071747	322.937	498.312
15055	3.011	1.5698	3.61774	-0.0731646	322.315	496.553
15060	3.012	1.5698	3.61269	-0.074558	321.997	494.761
15065	3.013	1.5698	3.60741	-0.0759267	321.967	492.931
15070	3.014	1.5698	3.6019	-0.0772704	322.253	491.05
15075	3.015	1.5698	3.59617	-0.0785885	322.875	489.107
15080	3.016	1.5698	3.59019	-0.0798808	323.852	487.088
15085	3.017	1.5698	3.58399	-0.0811469	325.2	484.976
15090	3.018	1.5698	3.57753	-0.0823864	326.967	482.749
15095	3.019	1.5698	3.57085	-0.0835994	329.156	480.394
15100	3.02	1.5698	3.56395	-0.084786	331.846	477.88
15105	3.021	1.5698	3.55683	-0.0859462	335.077	475.181
15110	3.022	1.5698	3.54945	-0.0870796	338.883	472.279
15115	3.023	1.5698	3.54186	-0.0881859	343.293	469.13
15120	3.024	1.5698	3.53402	-0.0892646	348.379	465.7
15125	3.025	1.5698	3.52593	-0.0903149	354.157	461.933
15130	3.026	1.5698	3.51761	-0.0913362	360.665	457.772
15135	3.027	1.5698	3.50902	-0.0923279	367.957	453.141
15140	3.028	1.5698	3.50018	-0.0932892	376.028	447.942
15145	3.029	1.5698	3.49106	-0.0942193	384.923	442.07
15150	3.03	1.5698	3.48167	-0.0951172	394.647	435.313
15155	3.031	1.5698	3.47199	-0.0959818	405.215	427.452
15160	3.032	1.5698	3.46198	-0.0968121	416.618	418.239
15165	3.033	1.5698	3.45168	-0.0976066	428.845	407.417
15170	3.034	1.5698	3.44105	-0.0983638	441.891	394.726
15175	3.035	1.5698	3.43006	-0.0990822	455.713	379.91
15180	3.036	1.5698	3.41871	-0.09976	470.238	362.758
15185	3.037	1.5698	3.40697	-0.100395	485.425	343.147
15190	3.038	1.5698	3.3948	-0.100986	501.171	321.071
15195	3.039	1.5698	3.38221	-0.101529	517.374	296.705
15200	3.04	1.5698	3.3691	-0.102022	533.944	270.395
15205	3.041	1.5698	3.35543	-0.102459	550.723	242.659
15210	3.042	1.5698	3.34116	-0.102836	567.568	214.111
15215	3.043	1.5698	3.32625	-0.103146	584.361	185.408
15220	3.044	1.5698	3.31068	-0.103388	600.957	157.151
15225	3.045	1.5698	3.29439	-0.103558	617.253	129.868
15230	3.046	1.5698	3.27728	-0.103651	633.103	104.132
15235	3.047	1.5698	3.25928	-0.10366	648.336	80.2847
15240	3.048	1.5698	3.24013	-0.103573	662.787	58.445
15245	3.049	1.5698	3.21973	-0.103372	676.208	38.615
15250	3.05	1.5698	3.19795	-0.103044	688.458	20.7274
15255	3.051	1.5698	3.17471	-0.102579	699.423	4.70146
15260	3.052	1.5698	3.14993	-0.101967	709.019	0
15265	3.053	1.5698	3.1235	-0.1012	717.217	0
15270	3.054	1.5698	3.0954	-0.100271	723.972	0
15275	3.055	1.5698	3.06551	-0.0991708	729.289	0
15280	3.056	1.5698	3.03375	-0.0978924	733.16	0
15285	3.057	1.5698	3.00009	-0.0964285	735.582	0
15290	3.058	1.5698	2.96444	-0.0947718	736.596	0
15295	3.059	1.5698	2.92673	-0.0929144	736.219	0
15300	3.06	1.5698	2.88687	-0.0908484	734.462	0
15305	3.061	1.5698	2.84476	-0.0885657	731.346	0
15310	3.062	1.5698	2.80038	-0.0860577	726.875	0
15315	3.063	1.5698	2.75365	-0.0833181	721.114	0
15320	3.064	1.5698	2.70461	-0.0803425	714.069	0
15325	3.065	1.5698	2.6532	-0.0771279	705.835	0
15330	3.066	1.5698	2.59944	-0.0736727	696.437	0
15335	3.067	1.5698	2.54339	-0.0699771	685.948	0
15340	3.068	1.5698	2.48509	-0.0660426	674.461	0
15345	3.069	1.5698	2.42458	-0.0618721	662.04	0
15350	3.07	1.5698	2.36195	-0.0574706	648.759	0
15355	3.071	1.5698	2.29735	-0.0528445	634.711	0
15360	3.072	1.5698	2.23085	-0.0480019	620.009	0
15365	3.073	1.5698	2.1626	-0.0429526	604.726	0
15370	3.074	1.5698	2.09277	-0.0377076	588.969	0
15375	3.075	1.5698	2.02151	-0.0322788	572.857	0
15380	3.076	1.5698	1.94899	-0.0266806	556.472	0
15385	3.077	1.5698	1.87542	-0.0209282	539.922	0
15390	3.078	1.5698	1.80097	-0.015037	523.327	0
15395	3.079	1.5698	1.72582	-0.00902226	506.762	0
15400	3.08	1.58973	1.65014	-0.00289847	490.318	0
15405	3.081	1.62148	1.6105	0.00332066	474.069	0.970371
15410	3.082	1.65324	1.6105	0.00962248	458.05	6.14905
15415	3.083	1.68496	1.6105	0.0159951	442.326	11.1367
15420	3.084	1.71657	1.6105	0.0224275	426.938	15.9119
15425	3.085	1.74802	1.6105	0.0289089	411.908	20.4557
15430	3.086	1.77924	1.6105	0.0354291	397.274	24.7534
15435	3.087	1.81019	1.6105	0.0419777	383.053	28.7967
15440	3.088	1.84082	1.6105	0.0485445	369.26	32.5782
15445	3.089	1.87109	1.6105	0.0551195	355.933	36.0776
15450	3.09	1.90093	1.6105	0.0616928	343.068	39.3068
15455	3.091	1.93034	1.6105	0.0682593	330.675	42.2738
15460	3.092	1.95929	1.6105	0.0748166	318.691	45.0064
15465	3.093	1.98781	1.6105	0.0813626	307.081	47.5077
15470	3.094	2.01586	1.6105	0.0878956	295.82	49.7962
15475	3.095	2.04345	1.6105	0.0944144	284.848	51.8826
15480	3.096	2.07059	1.6105	0.100918	274.145	53.7819
15485	3.097	2.09727	1.6105	0.107405	263.684	55.5091
15490	3.098	2.12349	1.6105	0.113875	253.435	56.7276
15495	3.099	2.1487	1.6105	0.120215	244.264	57.9171
15500	3.1	2.17362	1.6105	0.126565	234.957	59.1105
15505	3.101	2.1983	1.6105	0.132939	225.428	60.0409
15510	3.102	2.22232	1.6105	0.13925	216.364	60.9161
15515	3.103	2.24597	1.6105	0.145556	207.267	61.7022
15520	3.104	2.26921	1.6105	0.151846	198.204	62.4048
15525	3.105	2.29204	1.6105	0.158117	189.2	63.0097
15530	3.106	2.31443	1.6105	0.164369	180.227	63.5466
15535	3.107	2.33641	1.6105	0.170602	171.284	64.0044
15540	3.108	2.35798	1.6105	0.176814	162.378	64.3872
15545	3.109	2.37912	1.6105	0.183005	153.498	64.7022
15550	3.11	2.39985	1.6105	0.189174	144.647	64.945
15555	3.111	2.42016	1.6105	0.195319	135.825	65.1206
15560	3.112	2.44005	1.6105	0.201439	127.038	65.2357
15565	3.113	2.45953	1.6105	0.207533	118.27	65.2927
15570	3.114	2.47859	1.6105	0.2136	109.527	65.2843
15575	3.115	2.49724	1.6105	0.21964	100.822	65.2152
15580	3.116	2.51546	1.6105	0.22565	92.1461	65.0894
15585	3.117	2.53327	1.6105	0.231631	83.5051	64.9154
15590	3.118	2.55067	1.6105	0.237581	74.892	64.6871
15595	3.119	2.56767	1.6105	0.243499	66.3024	64.3988
15600	3.12	2.58423	1.6105	0.249384	57.7639	64.0713
15605	3.121	2.60041	1.6105	0.255235	49.2473	63.6884
15610	3.122	2.61616	1.6105	0.261051	40.7782	63.2611
15615	3.123	2.63151	1.6105	0.266831	32.3607	62.7811
15620	3.124	2.64645	1.6105	0.272574	23.9844	62.2518
15625	3.125	2.66097	1.6105	0.278277	15.6592	61.6791
15630	3.126	2.67509	1.6105	0.283941	7.39456	61.0583
15635	3.127	2.68879	1.6105	0.289564	0	60.396
15640	3.128	2.7021	1.6105	0.295144	0	59.6855
15645	3.129	2.715	1.6105	0.30068	0	58.9418
15650	3.13	2.7275	1.6105	0.306174	0	58.1565
15655	3.131	2.73961	1.6105	0.311625	0	57.3433
15660	3.132	2.75134	1.6105	0.317034	0	56.496
15665	3.133	2.76268	1.6105	0.322401	0	55.6362
15670	3.134	2.77367	1.6105	0.327728	0	54.7546
15675	3.135	2.78429	1.6105	0.333013	0	53.8522
15680	3.136	2.79456	1.6105	0.338258	0	52.9437
15685	3.137	2.80449	1.6105	0.343462	0	52.0177
15690	3.138	2.81408	1.6105	0.348627	0	51.0757
15695	3.139	2.82333	1.6105	0.353752	0	50.1302
15700	3.14	2.83225	1.6105	0.358837	0	49.1797
15705	3.141	2.84086	1.6105	0.363884	0	48.2231
15710	3.142	2.84915	1.6105	0.368891	0	47.2553
15715	3.143	2.85713	1.6105	0.37386	0	46.2847
15720	3.144	2.8648	1.6105	0.37879	0	45.3239
15725	3.145	2.87218	1.6105	0.383681	0	44.3499
15730	3.146	2.87926	1.6105	0.388534	0	43.3835
15735	3.147	2.88607	1.6105	0.393349	0	42.4038
15740	3.148	2.89257	1.6105	0.398126	0	41.4362
15745	3.149	2.89881	1.6105	0.402865	0	26.1381
15750	3.15	2.88176	1.6105	0.401758	0	12.1647
15755	3.151	2.86501	1.6105	0.400682	0	0
15760	3.152	2.84859	1.6105	0.399641	0	0
15765	3.153	2.83249	1.6105	0.398636	0	0
15770	3.154	2.8167	1.6105	0.397668	9.17544	0
15775	3.155	2.8012	1.6105	0.396732	35.9927	0
15780	3.156	2.786	1.6105	0.395828	60.4219	0
15785	3.157	2.77104	1.6105	0.394947	82.7319	0
15790	3.158	2.75619	1.6105	0.394052	103.425	0
15795	3.159	2.74082	1.6105	0.392979	124.078	0
15800	3.16	2.72549	1.6105	0.391879	143.419	0
15805	3.161	2.71032	1.6105	0.39078	161.356	0
15810	3.162	2.69536	1.6105	0.389693	177.927	0
15815	3.163	2.68066	1.6105	0.388631	193.138	0
15820	3.164	2.66629	1.6105	0.387607	206.965	0
15825	3.165	2.65224	1.6105	0.386634	219.441	0
15830	3.166	2.63859	1.6105	0.38572	230.586	0
15835	3.167	2.62534	1.6105	0.384876	240.428	0
15840	3.168	2.61257	1.6105	0.384108	248.985	0
15845	3.169	2.60024	1.6105	0.383423	256.299	0
15850	3.17	2.5884	1.6105	0.382825	262.416	0
15855	3.171	2.57707	1.6105	0.382319	267.386	0
15860	3.172	2.56622	1.6105	0.381907	271.261	0
15865	3.173	2.55585	1.6105	0.381589	274.109	0
15870	3.174	2.54602	1.6105	0.381368	275.969	0
15875	3.175	2.53665	1.6105	0.381242	276.906	0
15880	3.176	2.52777	1.6105	0.381213	276.991	0
15885	3.177	2.51939	1.6105	0.381279	276.261	0
15890	3.178	2.51145	1.6105	0.381438	274.794	0
15895	3.179	2.50399	1.6105	0.381688	272.634	0
15900	3.18	2.49695	1.6105	0.382026	269.842	0
15905	3.181	2.49034	1.6105	0.382451	266.483	0
15910	3.182	2.48415	1.6105	0.382957	262.618	0
15915	3.183	2.47833	1.6105	0.383543	258.285	0
15920	3.184	2.47287	1.6105	0.384202	253.547	0
15925	3.185	2.46776	1.6105	0.384932	248.47	0
15930	3.186	2.46297	1.6105	0.385726	243.091	0
15935	3.187	2.45847	1.6105	0.386582	237.458	0
15940	3.188	2.45424	1.6105	0.387493	231.634	0
15945	3.189	2.45029	1.6105	0.388454	225.663	0
15950	3.19	2.44655	1.6105	0.389462	219.575	0
15955	3.191	2.443	1.6105	0.390511	213.409	0
15960	3.192	2.43966	1.6105	0.391596	207.204	0
15965	3.193	2.43648	1.6105	0.392713	201.001	0
15970	3.194	2.43345	1.6105	0.393857	194.831	0
15975	3.195	2.43055	1.6105	0.395023	188.716	0
15980	3.196	2.42773	1.6105	0.396208	182.683	0
15985	3.197	2.42501	1.6105	0.397407	176.747	0
15990	3.198	2.42237	1.6105	0.398617	170.938	0
15995	3.199	2.4198	1.6105	0.399833	165.27	0
16000	3.2	2.41726	1.6105	0.401053	159.771	0
16005	3.201	2.41474	1.6105	0.402274	154.419	0
16010	3.202	2.40456	1.6105	0.401534	166.072	0
16015	3.203	2.3946	1.6105	0.400827	176.523	0
16020	3.204	2.38489	1.6105	0.40016	185.808	0
16025	3.205	2.37546	1.6105	0.399534	194.007	0
16030	3.206	2.36601	1.6105	0.398876	201.84	0
16035	3.207	2.35678	1.6105	0.398252	208.803	0
16040	3.208	2.34779	1.6105	0.397661	214.977	0
16045	3.209	2.33905	1.6105	0.397105	220.391	0
16050	3.21	2.33053	1.6105	0.39659	225.096	0
16055	3.211	2.32229	1.6105	0.396118	229.083	0
16060	3.212	2.31433	1.6105	0.395693	232.382	0
16065	3.213	2.30666	1.6105	0.395319	235.012	0
16070	3.214	2.29927	1.6105	0.394997	237.002	0
16075	3.215	2.29217	1.6105	0.394729	238.36	0
16080	3.216	2.28538	1.6105	0.394517	239.107	0
16085	3.217	2.27887	1.6105	0.39436	239.274	0
16090	3.218	2.27265	1.6105	0.394258	238.901	0
16095	3.219	2.26672	1.6105	0.394211	238.006	0
16100	3.22	2.26106	1.6105	0.394216	236.629	0
16105	3.221	2.25568	1.6105	0.394272	234.799	0
16110	3.222	2.25054	1.6105	0.394376	232.541	0
16115	3.223	2.24565	1.6105	0.394527	229.893	0
16120	3.224	2.24097	1.6105	0.394721	226.901	0
16125	3.225	2.23652	1.6105	0.394955	223.587	0
16130	3.226	2.23225	1.6105	0.395226	219.983	0
16135	3.227	2.22819	1.6105	0.39553	216.107	0
16140	3.228	2.22427	1.6105	0.395864	211.98	0
16145	3.229	2.22049	1.6105	0.396225	207.624	0
16150	3.23	2.21686	1.6105	0.396609	203.032	0
16155	3.231	2.21335	1.6105	0.397012	198.232	0
16160	3.232	2.20994	1.6105	0.397431	193.242	0
16165	3.233	2.20662	1.6105	0.397862	188.053	0
16170	3.234	2.20339	1.6105	0.398303	182.692	0
16175	3.235	2.20019	1.6105	0.398749	177.155	0
16180	3.236	2.19706	1.6105	0.399199	171.439	0
16185	3.237	2.19397	1.6105	0.399649	165.549	0
16190	3.238	2.19089	1.6105	0.400097	159.487	0
16195	3.239	2.18783	1.6105	0.400537	153.246	0
16200	3.24	2.18477	1.6105	0.400966	146.84	0
16205	3.241	2.18166	1.6105	0.40138	140.266	8.02823
16210	3.242	2.17852	1.6105	0.401775	133.524	22.0644
16215	3.243	2.17265	1.6105	0.401462	132.47	38.147
16220	3.244	2.16673	1.6105	0.401127	130.796	56.4588
16225	3.245	2.16082	1.6105	0.400773	128.464	77.1279
16230	3.246	2.1549	1.6105	0.4004	125.489	100.242
16235	3.247	2.14895	1.6105	0.400006	121.881	125.86
16240	3.248	2.14298	1.6105	0.399588	117.682	153.935
16245	3.249	2.13695	1.6105	0.39914	112.937	184.355
16250	3.25	2.13084	1.6105	0.398659	107.698	216.947
16255	3.251	2.12466	1.6105	0.39814	101.999	251.423
16260	3.252	2.11838	1.6105	0.397579	95.8752	287.428
16265	3.253	2.11199	1.6105	0.396975	89.3704	324.566
16270	3.254	2.1055	1.6105	0.396325	82.5123	362.38
16275	3.255	2.09889	1.6105	0.395629	75.3442	400.438
16280	3.256	2.09219	1.6105	0.394887	67.893	438.273
16285	3.257	2.08534	1.6105	0.394097	60.2245	475.5
16290	3.258	2.07839	1.6105	0.39326	52.4211	511.757
16295	3.259	2.0713	1.6105	0.392375	44.788	546.753
16300	3.26	2.06412	1.6105	0.39144	37.5825	580.2
16305	3.261	2.05677	1.6105	0.390454	30.947	611.932
16310	3.262	2.04932	1.6105	0.389414	24.9874	641.781
16315	3.263	2.04171	1.6105	0.388318	19.7201	669.698
16320	3.264	2.03396	1.6105	0.387167	15.1655	696.266
16325	3.265	2.027	1.6105	0.3862	9.26339	720.959
16330	3.266	2.02002	1.6105	0.385208	3.9202	743.793
16335	3.267	2.01294	1.6105	0.384174	0	764.836
16340	3.268	2.00577	1.6105	0.383096	0	784.173
16345	3.269	1.99848	1.6105	0.381971	0	801.884
16350	3.27	1.99106	1.6105	0.380797	0	818.073
16355	3.271	1.98353	1.6105	0.379573	0	832.836
16360	3.272	1.97587	1.6105	0.3783	0	846.254
16365	3.273	1.96807	1.6105	0.376977	0	858.438
16370	3.274	1.96016	1.6105	0.375606	0	869.486
16375	3.275	1.95217	1.6105	0.37419	0	879.459
16380	3.276	1.94405	1.6105	0.372729	0	888.457
16385	3.277	1.93586	1.6105	0.371227	0	896.546
16390	3.278	1.92757	1.6105	0.369684	0	903.799
16395	3.279	1.91921	1.6105	0.368104	0	910.278
16400	3.28	1.91078	1.6105	0.366486	0	916.06
16405	3.281	1.9023	1.6105	0.364833	0	921.168
16410	3.282	1.89373	1.6105	0.363146	0	925.679
16415	3.283	1.88512	1.6105	0.361424	0	929.635
16420	3.284	1.87647	1.6105	0.35967	0	933.061
16425	3.285	1.86774	1.6105	0.357882	0	936.019
16430	3.286	1.85897	1.6105	0.356062	1.64395	938.524
16435	3.287	1.85015	1.6105	0.35421	4.37377	940.626
16440	3.288	1.84128	1.6105	0.352326	7.22817	942.341
16445	3.289	1.83236	1.6105	0.350412	10.1804	943.71
16450	3.29	1.8234	1.6105	0.348468	13.2276	944.765
16455	3.291	1.81441	1.6105	0.346496	16.3616	945.516
16460	3.292	1.80538	1.6105	0.344497	19.5727	945.995
16465	3.293	1.79632	1.6105	0.34247	22.838	946.228
16470	3.294	1.78725	1.6105	0.340418	26.1652	946.221
16475	3.295	1.77814	1.6105	0.33834	29.555	945.992
16480	3.296	1.769	1.6105	0.336237	32.9869	945.575
16485	3.297	1.75986	1.6105	0.334111	36.4677	944.955
16490	3.298	1.75067	1.6105	0.331962	39.9833	944.185
16495	3.299	1.74151	1.6105	0.32979	43.5294	943.237
16500	3.3	1.7323	1.6105	0.327596	47.1153	942.154
16505	3.301	1.7231	1.6105	0.325381	50.7295	940.934
16510	3.302	1.71389	1.6105	0.323145	54.3656	939.586
16515	3.303	1.70467	1.6105	0.320888	58.0181	938.111
16520	3.304	1.69543	1.6105	0.318612	61.7031	936.524
16525	3.305	1.68619	1.6105	0.316316	65.3989	934.845
16530	3.306	1.67696	1.6105	0.314	69.1184	933.062
16535	3.307	1.66771	1.6105	0.311666	72.8488	931.191
16540	3.308	1.65847	1.6105	0.309314	76.5811	929.232
16545	3.309	1.64922	1.6105	0.306944	80.3456	927.205
16550	3.31	1.63999	1.63777	0.304556	84.1059	925.09
16555	3.311	1.63074	1.66555	0.302152	87.875	922.92
16560	3.312	1.62152	1.69326	0.29973	91.6565	920.679
16565	3.313	1.61229	1.72087	0.297292	95.4468	918.38
16570	3.314	1.60307	1.7484	0.294839	99.2311	916.017
16575	3.315	1.59385	1.77585	0.292369	103.023	913.607
16580	3.316	1.58464	1.8032	0.289885	106.819	911.148
16585	3.317	1.57544	1.83045	0.287385	110.612	908.633
16590	3.318	1.5698	1.85762	0.284871	114.401	906.076
16595	3.319	1.5698	1.88465	0.282344	118.195	903.473
16600	3.32	1.5698	1.91158	0.279802	121.969	900.822
16605	3.321	1.5698	1.92596	0.277248	125.741	900.723
16610	3.322	1.5698	1.93124	0.275633	121.646	902.356
16615	3.323	1.5698	1.93344	0.274703	112.391	904.389
16620	3.324	1.5698	1.93625	0.274006	102.118	906.036
16625	3.325	1.5698	1.93993	0.273262	93.2016	907.275
16630	3.326	1.5698	1.94475	0.272447	85.6793	908.078
16635	3.327	1.5698	1.95085	0.271545	79.5848	908.43
16640	3.328	1.5698	1.95843	0.270539	74.891	908.317
16645	3.329	1.5698	1.96757	0.269418	71.5802	907.76
16650	3.33	1.5698	1.97836	0.26817	69.6036	906.76
16655	3.331	1.5698	1.99089	0.266787	68.9009	905.313
16660	3.332	1.5698	2.00517	0.265264	69.4315	903.447
16665	3.333	1.5698	2.02119	0.263597	71.1272	901.173
16670	3.334	1.5698	2.03897	0.261784	73.8882	898.509
16675	3.335	1.5698	2.05842	0.259826	77.6649	895.492
16680	3.336	1.5698	2.07952	0.257722	82.3537	892.145
16685	3.337	1.5698	2.10219	0.255477	87.8775	888.479
16690	3.338	1.5698	2.12632	0.253095	94.155	884.544
16695	3.339	1.5698	2.14547	0.250581	101.079	881.71
16700	3.34	1.5698	2.15983	0.248432	104.562	879.902
16705	3.341	1.5698	2.17162	0.246637	104.965	878.582
16710	3.342	1.5698	2.18328	0.24503	103.92	877.222
16715	3.343	1.5698	2.19643	0.243423	103.074	875.476
16720	3.344	1.5698	2.21119	0.241692	103.431	873.33
16725	3.345	1.5698	2.22755	0.239828	104.984	870.809
16730	3.346	1.5698	2.24554	0.237826	107.645	867.915
16735	3.347	1.5698	2.26288	0.235687	111.349	865.162
16740	3.348	1.5698	2.27937	0.233583	114.584	862.58
16745	3.349	1.5698	2.29529	0.231532	117.249	860.102
16750	3.35	1.5698	2.31113	0.229511	119.578	857.635
16755	3.351	1.5698	2.32725	0.227484	121.899	855.07
16760	3.352	1.5698	2.34382	0.225423	124.436	852.398
16765	3.353	1.5698	2.36079	0.223314	127.288	849.614
16770	3.354	1.5698	2.37802	0.221161	130.41	846.762
16775	3.355	1.5698	2.39537	0.218974	133.684	843.878
16780	3.356	1.5698	2.41272	0.216765	137.023	840.977
16785	3.357	1.5698	2.43008	0.21454	140.346	838.069
16790	3.358	1.5698	2.44747	0.212302	143.664	835.137
16795	3.359	1.5698	2.46492	0.210047	146.999	832.187
16800	3.36	1.5698	2.48247	0.207774	150.356	829.198
16805	3.361	1.5698	2.50009	0.205479	153.776	826.186
16810	3.362	1.5698	2.51783	0.203162	157.236	823.131
16815	3.363	1.5698	2.53564	0.200824	160.757	820.055
16820	3.364	1.5698	2.55349	0.198466	164.321	816.949
16825	3.365	1.5698	2.57139	0.19609	167.894	813.831
16830	3.366	1.5698	2.5893	0.193696	171.495	810.691
16835	3.367	1.5698	2.60726	0.191286	175.096	807.527
16840	3.368	1.5698	2.62522	0.188859	178.715	804.353
16845	3.369	1.5698	2.64318	0.186416	182.333	801.161
16850	3.37	1.5698	2.66117	0.183957	185.951	797.94
16855	3.371	1.5698	2.67917	0.181483	189.588	794.712
16860	3.372	1.5698	2.69718	0.178993	193.222	791.469
16865	3.373	1.5698	2.71516	0.176488	196.869	788.208
16870	3.374	1.5698	2.73311	0.17397	200.498	784.933
16875	3.375	1.5698	2.75107	0.171438	204.107	781.642
16880	3.376	1.5698	2.76897	0.168893	207.731	778.348
16885	3.377	1.5698	2.78685	0.166336	211.32	775.04
16890	3.378	1.5698	2.80469	0.163766	214.911	771.711
16895	3.379	1.5698	2.82249	0.161185	218.481	768.386
16900	3.38	1.5698	2.84023	0.158593	222.038	765.037
16905	3.381	1.5698	2.85792	0.15599	225.573	761.692
16910	3.382	1.5698	2.87554	0.153377	229.09	758.33
16915	3.383	1.5698	2.89308	0.150755	232.577	754.967
16920	3.384	1.5698	2.91056	0.148123	236.041	751.588
16925	3.385	1.5698	2.92795	0.145483	239.481	748.213
16930	3.386	1.5698	2.94527	0.142834	242.883	744.821
16935	3.387	1.5698	2.96248	0.140178	246.272	741.43
16940	3.388	1.5698	2.97961	0.137514	249.616	738.029
16945	3.389	1.5698	2.99662	0.134844	252.933	734.627
16950	3.39	1.5698	3.01353	0.132167	256.211	731.222
16955	3.391	1.5698	3.03034	0.129484	259.455	727.811
16960	3.392	1.5698	3.04702	0.126796	262.67	724.396
16965	3.393	1.5698	3.06361	0.124102	265.837	720.987
16970	3.394	1.5698	3.08005	0.121405	268.982	717.567
16975	3.395	1.5698	3.09636	0.118703	272.073	714.141
16980	3.396	1.5698	3.11255	0.115997	275.125	710.722
16985	3.397	1.5698	3.1286	0.113288	278.14	707.296
16990	3.398	1.5698	3.1445	0.110577	281.112	703.873
16995	3.399	1.5698	3.16027	0.107863	284.038	700.45
17000	3.4	1.5698	3.17589	0.105147	286.926	697.029
17005	3.401	1.5698	3.19135	0.102429	289.769	693.61
17010	3.402	1.5698	3.20666	0.0997104	292.561	690.187
17015	3.403	1.5698	3.22181	0.096991	295.315	686.762
17020	3.404	1.5698	3.23679	0.0942713	298.018	683.349
17025	3.405	1.5698	3.25163	0.0915517	300.673	679.936
17030	3.406	1.5698	3.26629	0.0888325	303.294	676.519
17035	3.407	1.5698	3.28077	0.0861142	305.853	673.109
17040	3.408	1.5698	3.29507	0.0833972	308.369	669.707
17045	3.409	1.5698	3.3092	0.0806818	310.824	666.304
17050	3.41	1.5698	3.32318	0.0779683	313.242	662.902
17055	3.411	1.5698	3.33694	0.0752573	315.622	659.509
17060	3.412	1.5698	3.35054	0.072549	317.933	656.126
17065	3.413	1.5698	3.36393	0.0698438	320.208	652.743
17070	3.414	1.5698	3.37714	0.067142	322.421	649.362
17075	3.415	1.5698	3.39016	0.064444	324.586	645.988
17080	3.416	1.5698	3.40298	0.0617502	326.706	642.631
17085	3.417	1.5698	3.41562	0.0590608	328.768	639.271
17090	3.418	1.5698	3.42805	0.0563763	330.789	635.916
17095	3.419	1.5698	3.44029	0.0536969	332.757	632.578
17100	3.42	1.5698	3.45232	0.051023	334.671	629.24
17105	3.421	1.5698	3.46415	0.0483548	336.536	625.911
17110	3.422	1.5698	3.47579	0.0456927	338.35	622.59
17115	3.423	1.5698	3.4872	0.0430371	340.118	619.28
17120	3.424	1.5698	3.49843	0.0403881	341.827	615.979
17125	3.425	1.5698	3.50943	0.0377461	343.492	612.689
17130	3.426	1.5698	3.52022	0.0351115	345.099	609.41
17135	3.427	1.5698	3.53082	0.0324843	346.655	606.134
17140	3.428	1.5698	3.54121	0.0298651	348.172	602.873
17145	3.429	1.5698	3.55136	0.0272539	349.639	599.621
17150	3.43	1.5698	3.56132	0.0246512	351.041	596.381
17155	3.431	1.5698	3.57106	0.0220571	352.411	593.153
17160	3.432	1.5698	3.58059	0.019472	353.722	589.936
17165	3.433	1.5698	3.5899	0.016896	354.989	586.739
17170	3.434	1.5698	3.59898	0.0143294	356.2	583.633
17175	3.435	1.5698	3.60787	0.0117725	357.353	580.631
17180	3.436	1.5698	3.61646	0.00922597	358.462	577.764
17185	3.437	1.5698	3.62477	0.00669487	359.471	575.02
17190	3.438	1.5698	3.6328	0.00418019	360.381	572.378
17195	3.439	1.5698	3.64054	0.00168206	361.199	569.825
17200	3.44	1.5698	3.64799	-0.000799314	361.928	567.347
17205	3.441	1.5698	3.65513	-0.00326337	362.557	564.935
17210	3.442	1.5698	3.66198	-0.00570917	363.095	562.571
17215	3.443	1.5698	3.6685	-0.00813552	363.538	560.255
17220	3.444	1.5698	3.67469	-0.0105412	363.879	557.97
17225	3.445	1.5698	3.68056	-0.0129251	364.122	555.729
17230	3.446	1.5698	3.68607	-0.0152862	364.272	553.508
17235	3.447	1.5698	3.69125	-0.0176239	364.302	551.307
17240	3.448	1.5698	3.69608	-0.0199375	364.249	549.129
17245	3.449	1.5698	3.70054	-0.0222263	364.091	546.96
17250	3.45	1.5698	3.70467	-0.0244897	363.828	544.806
17255	3.451	1.5698	3.70843	-0.0267272	363.485	542.664
17260	3.452	1.5698	3.71185	-0.0289381	363.035	540.534
17265	3.453	1.5698	3.71488	-0.0311218	362.51	538.411
17270	3.454	1.5698	3.71756	-0.0332779	361.873	536.291
17275	3.455	1.5698	3.71988	-0.0354059	361.158	534.188
17280	3.456	1.5698	3.72184	-0.0375053	360.354	532.089
17285	3.457	1.5698	3.72344	-0.0395757	359.464	529.997
17290	3.458	1.5698	3.72466	-0.0416169	358.494	527.916
17295	3.459	1.5698	3.72554	-0.0436284	357.433	525.846
17300	3.46	1.5698	3.72604	-0.0456101	356.3	523.786
17305	3.461	1.5698	3.72618	-0.0475616	355.083	521.732
17310	3.462	1.5698	3.72599	-0.0494828	353.788	519.697
17315	3.463	1.5698	3.72541	-0.0513733	352.432	517.671
17320	3.464	1.5698	3.72451	-0.0532332	350.986	515.661
17325	3.465	1.5698	3.72325	-0.0550621	349.486	513.662
17330	3.466	1.5698	3.72163	-0.0568601	347.972	511.677
17335	3.467	1.5698	3.7197	-0.058627	346.518	509.712
17340	3.468	1.5698	3.71741	-0.0603627	345.213	507.76
17345	3.469	1.5698	3.71478	-0.0620672	344.067	505.816
17350	3.47	1.5698	3.7118	-0.0637404	343.117	503.882
17355	3.471	1.5698	3.70853	-0.0653823	342.372	501.947
17360	3.472	1.5698	3.70492	-0.0669927	341.88	500.003
17365	3.473	1.5698	3.701	-0.0685719	341.626	498.04
17370	3.474	1.5698	3.6968	-0.070121	341.644	496.033
17375	3.475	1.5698	3.69236	-0.0716422	341.972	493.971
17380	3.476	1.5698	3.68765	-0.073137	342.652	491.837
17385	3.477	1.5698	3.68271	-0.074606	343.692	489.623
17390	3.478	1.5698	3.67751	-0.0760487	345.134	487.306
17395	3.479	1.5698	3.67206	-0.0774644	346.998	484.876
17400	3.48	1.5698	3.66634	-0.0788526	349.318	482.31
17405	3.481	1.5698	3.66035	-0.0802124	352.134	479.595
17410	3.482	1.5698	3.65408	-0.0815432	355.474	476.702
17415	3.483	1.5698	3.64756	-0.0828442	359.381	473.612
17420	3.484	1.5698	3.64074	-0.0841152	363.911	470.275
17425	3.485	1.5698	3.63365	-0.0853561	369.074	466.656
17430	3.486	1.5698	3.6263	-0.0865666	374.93	462.7
17435	3.487	1.5698	3.61866	-0.0877465	381.506	458.342
17440	3.488	1.5698	3.61075	-0.0888948	388.824	453.51
17445	3.489	1.5698	3.60253	-0.0900108	396.922	448.106
17450	3.49	1.5698	3.59402	-0.0910935	405.794	442.021
17455	3.491	1.5698	3.58518	-0.0921418	415.467	435.054
17460	3.492	1.5698	3.57604	-0.0931545	425.923	426.983
17465	3.493	1.5698	3.56655	-0.0941306	437.19	417.556
17470	3.494	1.5698	3.55671	-0.0950688	449.24	406.509
17475	3.495	1.5698	3.54651	-0.0959675	462.048	393.586
17480	3.496	1.5698	3.53595	-0.0968253	475.584	378.529
17485	3.497	1.5698	3.52499	-0.0976403	489.802	361.126
17490	3.498	1.5698	3.51359	-0.0984107	504.62	341.265
17495	3.499	1.5698	3.50176	-0.0991342	519.953	318.95
17500	3.5	1.5698	3.48947	-0.0998088	535.721	294.356
17505	3.501	1.5698	3.47664	-0.10043	551.818	267.841
17510	3.502	1.5698	3.4632	-0.100994	568.094	239.923
17515	3.503	1.5698	3.44914	-0.101494	584.415	211.218
17520	3.504	1.5698	3.43442	-0.101927	600.664	182.38
17525	3.505	1.5698	3.41902	-0.102289	616.722	154.011
17530	3.506	1.5698	3.40284	-0.102576	632.478	126.639
17535	3.507	1.5698	3.3858	-0.102783	647.773	100.835
17540	3.508	1.5698	3.36778	-0.1029	662.454	76.933
17545	3.509	1.5698	3.34872	-0.102918	676.337	55.0261
17550	3.51	1.5698	3.32849	-0.102827	689.295	35.0957
17555	3.511	1.5698	3.30685	-0.102616	701.164	17.1225
17560	3.512	1.5698	3.28374	-0.102269	711.763	1.02396
17565	3.513	1.5698	3.25903	-0.101772	721.021	0
17570	3.514	1.5698	3.23262	-0.101115	728.871	0
17575	3.515	1.5698	3.20446	-0.10029	735.277	0
17580	3.516	1.5698	3.1745	-0.0992912	740.237	0
17585	3.517	1.5698	3.1426	-0.098109	743.769	0
17590	3.518	1.5698	3.10874	-0.0967355	745.843	0
17595	3.519	1.5698	3.07281	-0.0951634	746.505	0
17600	3.52	1.5698	3.0348	-0.0933858	745.754	0
17605	3.521	1.5698	2.99458	-0.0913954	743.643	0
17610	3.522	1.5698	2.95211	-0.0891852	740.171	0
17615	3.523	1.5698	2.9073	-0.0867453	735.37	0
17620	3.524	1.5698	2.86011	-0.0840694	729.26	0
17625	3.525	1.5698	2.81055	-0.081153	721.88	0
17630	3.526	1.5698	2.75858	-0.0779931	713.308	0
17635	3.527	1.5698	2.70425	-0.0745886	703.564	0
17640	3.528	1.5698	2.64757	-0.0709396	692.759	0
17645	3.529	1.5698	2.58861	-0.0670481	680.935	0
17650	3.53	1.5698	2.52742	-0.0629173	668.193	0
17655	3.531	1.5698	2.46409	-0.0585523	654.598	0
17660	3.532	1.5698	2.39875	-0.0539598	640.247	0
17665	3.533	1.5698	2.3315	-0.0491481	625.24	0
17670	3.534	1.5698	2.2625	-0.0441271	609.675	0
17675	3.535	1.5698	2.19189	-0.0389078	593.648	0
17680	3.536	1.5698	2.11981	-0.0335025	577.271	0
17685	3.537	1.5698	2.04649	-0.0279252	560.615	0
17690	3.538	1.5698	1.97209	-0.0221912	543.831	0
17695	3.539	1.5698	1.89679	-0.0163163	526.99	0
17700	3.54	1.5698	1.82079	-0.0103159	510.189	0
17705	3.541	1.5698	1.74425	-0.00420501	493.524	0
17710	3.542	1.58484	1.6673	0.00200242	477.066	0
17715	3.543	1.61695	1.6105	0.00829335	460.851	4.70792
17720	3.544	1.64903	1.6105	0.0146557	444.956	9.77152
17725	3.545	1.68099	1.6105	0.0210782	429.394	14.6209
17730	3.546	1.71279	1.6105	0.0275502	414.233	19.2354
17735	3.547	1.74437	1.6105	0.0340612	399.464	23.6026
17740	3.548	1.77568	1.6105	0.040601	385.118	27.7115
17745	3.549	1.80666	1.6105	0.0471594	371.237	31.5429
17750	3.55	1.83727	1.6105	0.0537263	357.826	35.1001
17755	3.551	1.86747	1.6105	0.060292	344.905	38.3777
17760	3.552	1.89721	1.6105	0.0668512	332.458	41.3984
17765	3.553	1.92652	1.6105	0.0734014	320.436	44.1718
17770	3.554	1.95537	1.6105	0.0799406	308.803	46.7216
17775	3.555	1.98377	1.6105	0.0864671	297.542	49.0455
17780	3.556	2.01169	1.6105	0.0929795	286.593	51.165
17785	3.557	2.03916	1.6105	0.0994767	275.917	53.1068
17790	3.558	2.06618	1.6105	0.105958	265.483	54.8663
17795	3.559	2.09273	1.6105	0.112422	255.265	56.1813
17800	3.56	2.11838	1.6105	0.11878	245.945	57.4364
17805	3.561	2.14369	1.6105	0.125138	236.584	58.5667
17810	3.562	2.16856	1.6105	0.131481	227.327	59.5779
17815	3.563	2.19298	1.6105	0.137803	218.182	60.47
17820	3.564	2.21695	1.6105	0.144106	209.11	61.2734
17825	3.565	2.2405	1.6105	0.15039	200.105	61.9826
17830	3.566	2.26362	1.6105	0.156656	191.154	62.6084
17835	3.567	2.28632	1.6105	0.162902	182.235	63.157
17840	3.568	2.30861	1.6105	0.169129	173.357	63.6191
17845	3.569	2.33046	1.6105	0.175336	164.509	64.0168
17850	3.57	2.3519	1.6105	0.181522	155.679	64.3427
17855	3.571	2.37293	1.6105	0.187685	146.887	64.5955
17860	3.572	2.39352	1.6105	0.193825	138.114	64.7868
17865	3.573	2.41371	1.6105	0.199941	129.369	64.9145
17870	3.574	2.43348	1.6105	0.206031	120.647	64.9784
17875	3.575	2.45282	1.6105	0.212095	111.957	64.9819
17880	3.576	2.47175	1.6105	0.218131	103.287	64.9217
17885	3.577	2.49026	1.6105	0.224138	94.642	64.8173
17890	3.578	2.50836	1.6105	0.230116	86.0397	64.6481
17895	3.579	2.52604	1.6105	0.236064	77.4614	64.4362
17900	3.58	2.54332	1.6105	0.24198	68.9067	64.1668
17905	3.581	2.56017	1.6105	0.247864	60.3936	63.8408
17910	3.582	2.57661	1.6105	0.253713	51.9231	63.4686
17915	3.583	2.59263	1.6105	0.259529	43.4772	63.0559
17920	3.584	2.60826	1.6105	0.265308	35.0787	62.5847
17925	3.585	2.62346	1.6105	0.27105	26.7288	62.0727
17930	3.586	2.63827	1.6105	0.276754	18.4274	61.5059
17935	3.587	2.65264	1.6105	0.282418	10.1809	60.9006
17940	3.588	2.66663	1.6105	0.288041	2.00151	60.2508
17945	3.589	2.6802	1.6105	0.293623	0	59.5528
17950	3.59	2.69336	1.6105	0.299161	0	58.8198
17955	3.591	2.70613	1.6105	0.304656	0	58.0453
17960	3.592	2.71849	1.6105	0.310109	0	57.2411
17965	3.593	2.73048	1.6105	0.315519	0	56.4022
17970	3.594	2.74207	1.6105	0.320887	0	55.5492
17975	3.595	2.75331	1.6105	0.326214	0	54.6647
17980	3.596	2.76417	1.6105	0.3315	0	53.7726
17985	3.597	2.77468	1.6105	0.336745	0	52.8589
17990	3.598	2.78484	1.6105	0.34195	0	51.9411
17995	3.599	2.79467	1.6105	0.347114	0	51.0086
18000	3.6	2.80416	1.6105	0.352239	0	50.057
18005	3.601	2.8133	1.6105	0.357325	0	49.1131
18010	3.602	2.82214	1.6105	0.36237	0	48.1551
18015	3.603	2.83065	1.6105	0.367377	0	47.1944
18020	3.604	2.83885	1.6105	0.372345	0	46.2194
18025	3.605	2.84673	1.6105	0.377274	0	45.2545
18030	3.606	2.85432	1.6105	0.382165	0	44.2759
18035	3.607	2.8616	1.6105	0.387017	0	43.308
18040	3.608	2.86861	1.6105	0.39183	0	42.3363
18045	3.609	2.87533	1.6105	0.396606	0	41.352
18050	3.61	2.88175	1.6105	0.401343	0	40.3794
18055	3.611	2.88791	1.6105	0.406042	0	17.972
18060	3.612	2.85936	1.6105	0.401926	0	0
18065	3.613	2.83116	1.6105	0.397835	0	0
18070	3.614	2.80331	1.6105	0.393778	15.705	0
18075	3.615	2.77587	1.6105	0.389761	69.1523	0
18080	3.616	2.74885	1.6105	0.38579	118.366	0
18085	3.617	2.72227	1.6105	0.381877	163.591	0
18090	3.618	2.69622	1.6105	0.378035	205.049	0
18095	3.619	2.67075	1.6105	0.374288	242.889	0
18100	3.62	2.64596	1.6105	0.370655	277.265	0
18105	3.621	2.62191	1.6105	0.367153	308.315	0
18110	3.622	2.59849	1.6105	0.363758	336.536	0
18115	3.623	2.57561	1.6105	0.360444	362.379	0
18120	3.624	2.55321	1.6105	0.357201	386.114	0
18125	3.625	2.53134	1.6105	0.354036	407.858	0
18130	3.626	2.51007	1.6105	0.350971	427.562	0
18135	3.627	2.48949	1.6105	0.348033	445.146	0
18140	3.628	2.46974	1.6105	0.345252	460.508	0
18145	3.629	2.45091	1.6105	0.342652	473.604	0
18150	3.63	2.43308	1.6105	0.340254	484.398	0
18155	3.631	2.41629	1.6105	0.338072	492.927	0
18160	3.632	2.4006	1.6105	0.336112	499.299	0
18165	3.633	2.38596	1.6105	0.334374	503.625	0
18170	3.634	2.37237	1.6105	0.332857	506.059	0
18175	3.635	2.35981	1.6105	0.331557	506.748	0
18180	3.636	2.34826	1.6105	0.330467	505.845	0
18185	3.637	2.33767	1.6105	0.329581	503.506	0
18190	3.638	2.32803	1.6105	0.328893	499.843	0
18195	3.639	2.31906	1.6105	0.328347	495.416	0
18200	3.64	2.31098	1.6105	0.327992	489.844	0
18205	3.641	2.30371	1.6105	0.327807	483.329	0
18210	3.642	2.29718	1.6105	0.327783	476.041	0
18215	3.643	2.29136	1.6105	0.327909	468.076	0
18220	3.644	2.28618	1.6105	0.328177	459.537	0
18225	3.645	2.28162	1.6105	0.328575	450.525	0
18230	3.646	2.27761	1.6105	0.329094	441.144	0
18235	3.647	2.2741	1.6105	0.329724	431.495	0
18240	3.648	2.27105	1.6105	0.330453	421.658	0
18245	3.649	2.26842	1.6105	0.331271	411.727	0
18250	3.65	2.26616	1.6105	0.332169	401.756	0
18255	3.651	2.2642	1.6105	0.333136	391.823	0
18260	3.652	2.26252	1.6105	0.334163	381.995	0
18265	3.653	2.26106	1.6105	0.33524	372.329	0
18270	3.654	2.25983	1.6105	0.336365	362.807	0
18275	3.655	2.2588	1.6105	0.337535	353.454	0
18280	3.656	2.25796	1.6105	0.338748	344.242	0
18285	3.657	2.25729	1.6105	0.340002	335.172	0
18290	3.658	2.25681	1.6105	0.341295	326.24	0
18295	3.659	2.25648	1.6105	0.342624	317.457	0
18300	3.66	2.2563	1.6105	0.343988	308.802	0
18305	3.661	2.25627	1.6105	0.345384	300.286	0
18310	3.662	2.25634	1.6105	0.346811	291.893	0
18315	3.663	2.25655	1.6105	0.348267	283.648	0
18320	3.664	2.25687	1.6105	0.34975	275.525	0
18325	3.665	2.25728	1.6105	0.351258	267.535	0
18330	3.666	2.25779	1.6105	0.352788	259.671	0
18335	3.667	2.25839	1.6105	0.354341	251.935	0
18340	3.668	2.25904	1.6105	0.355912	244.328	0
18345	3.669	2.25977	1.6105	0.357502	236.844	0
18350	3.67	2.26055	1.6105	0.359108	229.486	0
18355	3.671	2.26139	1.6105	0.360728	222.246	0
18360	3.672	2.26227	1.6105	0.362361	215.102	0
18365	3.673	2.26319	1.6105	0.364005	208.074	0
18370	3.674	2.26412	1.6105	0.365659	201.138	0
18375	3.675	2.26509	1.6105	0.36732	194.274	0
18380	3.676	2.26607	1.6105	0.368989	187.502	0
18385	3.677	2.26706	1.6105	0.370662	180.804	0
18390	3.678	2.26806	1.6105	0.372338	174.172	0
18395	3.679	2.26904	1.6105	0.374017	167.597	0
18400	3.68	2.27002	1.6105	0.375695	161.068	0
18405	3.681	2.27097	1.6105	0.377373	154.595	0
18410	3.682	2.2719	1.6105	0.379048	148.154	0
18415	3.683	2.27282	1.6105	0.380719	141.76	0
18420	3.684	2.27369	1.6105	0.382385	135.391	0
18425	3.685	2.27454	1.6105	0.384043	129.051	0
18430	3.686	2.27533	1.6105	0.385693	122.733	0
18435	3.687	2.27606	1.6105	0.387333	116.415	0
18440	3.688	2.27675	1.6105	0.388961	110.095	0
18445	3.689	2.27738	1.6105	0.390577	103.74	0
18450	3.69	2.27795	1.6105	0.392178	97.332	0
18455	3.691	2.27844	1.6105	0.393763	90.889	0
18460	3.692	2.27886	1.6105	0.395331	84.371	0
18465	3.693	2.27919	1.6105	0.396879	77.7931	0
18470	3.694	2.27943	1.6105	0.398408	71.1251	0
18475	3.695	2.27959	1.6105	0.399914	64.3602	0
18480	3.696	2.27966	1.6105	0.401396	57.4985	0
18485	3.697	2.27962	1.6105	0.402853	50.5197	0
18490	3.698	2.26881	1.6105	0.401575	66.5975	0
18495	3.699	2.25808	1.6105	0.400286	80.8144	0.760844
18500	3.7	2.24744	1.6105	0.398992	93.2325	7.62583
18505	3.701	2.23691	1.6105	0.397696	103.946	16.5215
18510	3.702	2.22649	1.6105	0.396402	113.037	27.5773
18515	3.703	2.21617	1.6105	0.39511	120.63	40.9497
18520	3.704	2.20597	1.6105	0.393819	126.837	56.7115
18525	3.705	2.1958	1.6105	0.392514	131.881	74.9613
18530	3.706	2.18564	1.6105	0.391179	135.981	95.7308
18535	3.707	2.1754	1.6105	0.389802	139.271	119.047
18540	3.708	2.16507	1.6105	0.388374	141.862	144.868
18545	3.709	2.15463	1.6105	0.386896	143.772	173.106
18550	3.71	2.14411	1.6105	0.385372	144.979	203.578
18555	3.711	2.13354	1.6105	0.383805	145.489	236.016
18560	3.712	2.12292	1.6105	0.382201	145.243	270.09
18565	3.713	2.11228	1.6105	0.380566	144.259	305.385
18570	3.714	2.10163	1.6105	0.378902	142.51	341.481
18575	3.715	2.09099	1.6105	0.377217	139.998	377.915
18580	3.716	2.08037	1.6105	0.375511	136.763	414.265
18585	3.717	2.06979	1.6105	0.373788	132.842	450.11
18590	3.718	2.05923	1.6105	0.372048	128.329	485.107
18595	3.719	2.04871	1.6105	0.370291	123.579	518.933
18600	3.72	2.03822	1.6105	0.368516	118.872	551.334
18605	3.721	2.02776	1.6105	0.366722	114.366	582.079
18610	3.722	2.0173	1.6105	0.364909	110.158	611.061
18615	3.723	2.00687	1.6105	0.363075	106.318	638.198
18620	3.724	1.99645	1.6105	0.361219	102.841	664.465
18625	3.725	1.98759	1.6105	0.359727	96.5382	688.656
18630	3.726	1.97843	1.6105	0.358138	91.4647	711.01
18635	3.727	1.96925	1.6105	0.356524	86.9842	731.648
18640	3.728	1.96011	1.6105	0.354899	82.9221	750.647
18645	3.729	1.951	1.6105	0.353258	79.2927	768.081
18650	3.73	1.94188	1.6105	0.351596	76.1174	784.034
18655	3.731	1.93275	1.6105	0.349909	73.3859	798.599
18660	3.732	1.9236	1.6105	0.348197	71.0786	811.875
18665	3.733	1.91443	1.6105	0.346459	69.1776	823.931
18670	3.734	1.90523	1.6105	0.344693	67.6518	834.877
18675	3.735	1.89601	1.6105	0.342901	66.4763	844.775
18680	3.736	1.88677	1.6105	0.341084	65.6363	853.705
18685	3.737	1.87751	1.6105	0.339241	65.0783	861.752
18690	3.738	1.86824	1.6105	0.337374	64.8039	868.967
18695	3.739	1.85895	1.6105	0.335483	64.7908	875.417
18700	3.74	1.84964	1.6105	0.333567	65.0205	881.171
18705	3.741	1.84033	1.6105	0.331628	65.4742	886.257
18710	3.742	1.83099	1.6105	0.329665	66.1421	890.741
18715	3.743	1.82164	1.6105	0.327678	67.0178	894.662
18720	3.744	1.81227	1.6105	0.325666	68.0861	898.063
18725	3.745	1.80288	1.6105	0.32363	69.3448	900.987
18730	3.746	1.79349	1.6105	0.321571	70.7833	903.465
18735	3.747	1.78407	1.6105	0.319487	72.3885	905.516
18740	3.748	1.77462	1.6105	0.317379	74.153	907.197
18745	3.749	1.76517	1.6105	0.315247	76.0698	908.524
18750	3.75	1.7557	1.6105	0.313091	78.1232	909.508
18755	3.751	1.7462	1.6105	0.310913	80.3052	910.197
18760	3.752	1.73669	1.6105	0.308711	82.6129	910.613
18765	3.753	1.72719	1.6105	0.306487	85.0469	910.761
18770	3.754	1.71766	1.6105	0.30424	87.5747	910.669
18775	3.755	1.70812	1.6105	0.301972	90.2048	910.343
18780	3.756	1.69856	1.6105	0.299682	92.9351	909.824
18785	3.757	1.68901	1.6105	0.297371	95.7399	909.106
18790	3.758	1.67945	1.6105	0.29504	98.6441	908.209
18795	3.759	1.66988	1.6105	0.292689	101.604	907.138
18800	3.76	1.6603	1.6105	0.290318	104.632	905.917
18805	3.761	1.65072	1.6105	0.287928	107.727	904.565
18810	3.762	1.64115	1.62525	0.28552	110.877	903.069
18815	3.763	1.63157	1.65355	0.283094	114.063	901.457
18820	3.764	1.62201	1.68177	0.280651	117.309	899.725
18825	3.765	1.61244	1.7099	0.278191	120.59	897.889
18830	3.766	1.60289	1.73795	0.275715	123.903	895.958
18835	3.767	1.59334	1.76589	0.273223	127.253	893.93
18840	3.768	1.58381	1.79371	0.270716	130.626	891.813
18845	3.769	1.57428	1.82144	0.268195	134.009	889.617
18850	3.77	1.5698	1.84904	0.26566	137.424	887.346
18855	3.771	1.5698	1.8765	0.263112	140.845	885.003
18860	3.772	1.5698	1.90385	0.260551	144.265	882.604
18865	3.773	1.5698	1.93103	0.257979	147.697	880.127
18870	3.774	1.5698	1.95808	0.255395	151.119	877.606
18875	3.775	1.5698	1.98498	0.2528	154.54	875.034
18880	3.776	1.5698	2.01171	0.250195	157.961	872.4
18885	3.777	1.5698	2.03828	0.24758	161.362	869.727
18890	3.778	1.5698	2.06468	0.244956	164.751	867.015
18895	3.779	1.5698	2.09093	0.242324	168.125	864.256
18900	3.78	1.5698	2.11697	0.239684	171.492	861.47
18905	3.781	1.5698	2.14281	0.237036	174.826	858.649
18910	3.782	1.5698	2.16849	0.234381	178.124	855.796
18915	3.783	1.5698	2.19396	0.23172	181.418	852.907
18920	3.784	1.5698	2.21924	0.229053	184.671	850.003
18925	3.785	1.5698	2.24432	0.22638	187.909	847.065
18930	3.786	1.5698	2.26918	0.223702	191.109	844.106
18935	3.787	1.5698	2.29385	0.22102	194.278	841.134
18940	3.788	1.5698	2.3183	0.218334	197.421	838.137
18945	3.789	1.5698	2.34252	0.215644	200.532	835.126
18950	3.79	1.5698	2.36652	0.212951	203.602	832.094
18955	3.791	1.5698	2.39032	0.210254	206.632	829.055
18960	3.792	1.5698	2.41387	0.207556	209.637	825.997
18965	3.793	1.5698	2.4372	0.204855	212.593	822.932
18970	3.794	1.5698	2.46031	0.202153	215.519	819.852
18975	3.795	1.5698	2.48317	0.199449	218.412	816.759
18980	3.796	1.5698	2.50581	0.196744	221.26	813.666
18985	3.797	1.5698	2.52821	0.194039	224.071	810.565
18990	3.798	1.5698	2.55038	0.191333	226.845	807.445
18995	3.799	1.5698	2.5723	0.188627	229.578	804.33
19000	3.8	1.5698	2.59399	0.185922	232.271	801.205
19005	3.801	1.5698	2.61545	0.183217	234.927	798.076
19010	3.802	1.5698	2.63664	0.180513	237.547	794.949
19015	3.803	1.5698	2.65761	0.17781	240.113	791.813
19020	3.804	1.5698	2.67832	0.175109	242.652	788.669
19025	3.805	1.5698	2.69878	0.172409	245.142	785.538
19030	3.806	1.5698	2.71902	0.169712	247.592	782.393
19035	3.807	1.5698	2.73899	0.167017	250.013	779.251
19040	3.808	1.5698	2.75873	0.164324	252.38	776.1
19045	3.809	1.5698	2.7782	0.161634	254.718	772.954
19050	3.81	1.5698	2.79746	0.158947	257	769.818
19055	3.811	1.5698	2.81644	0.156263	259.264	766.67
19060	3.812	1.5698	2.83519	0.153583	261.471	763.53
19065	3.813	1.5698	2.84467	0.150906	263.642	762.493
19070	3.814	1.5698	2.84746	0.148947	260.082	762.885
19075	3.815	1.5698	2.84792	0.14751	252.79	763.635
19080	3.816	1.5698	2.84866	0.146259	244.765	764.122
19085	3.817	1.5698	2.84991	0.144983	237.689	764.3
19090	3.818	1.5698	2.85182	0.143667	231.593	764.164
19095	3.819	1.5698	2.85456	0.142299	226.492	763.693
19100	3.82	1.5698	2.8582	0.140865	222.377	762.889
19105	3.821	1.5698	2.86287	0.139357	219.209	761.74
19110	3.822	1.5698	2.86859	0.137766	216.97	760.253
19115	3.823	1.5698	2.87546	0.136086	215.614	758.438
19120	3.824	1.5698	2.88343	0.134314	215.117	756.291
19125	3.825	1.5698	2.89258	0.132446	215.4	753.846
19130	3.826	1.5698	2.90285	0.13048	216.455	751.097
19135	3.827	1.5698	2.91423	0.128417	218.2	748.083
19140	3.828	1.5698	2.92668	0.126257	220.583	744.802
19145	3.829	1.5698	2.94015	0.124003	223.552	741.285
19150	3.83	1.5698	2.95459	0.121657	227.055	737.559
19155	3.831	1.5698	2.96521	0.119224	231.03	734.77
19160	3.832	1.5698	2.97223	0.117083	232.433	732.821
19165	3.833	1.5698	2.97727	0.115221	231.602	731.303
19170	3.834	1.5698	2.98218	0.113512	229.718	729.743
19175	3.835	1.5698	2.98808	0.111811	228.022	727.88
19180	3.836	1.5698	2.99507	0.110026	227.213	725.712
19185	3.837	1.5698	3.00315	0.108151	227.283	723.234
19190	3.838	1.5698	3.01233	0.106182	228.166	720.468
19195	3.839	1.5698	3.02086	0.104119	229.803	717.843
19200	3.84	1.5698	3.02866	0.102099	231.042	715.381
19205	3.841	1.5698	3.03596	0.100133	231.852	713.019
19210	3.842	1.5698	3.04311	0.0982007	232.411	710.663
19215	3.843	1.5698	3.05041	0.0962738	232.965	708.249
19220	3.844	1.5698	3.05798	0.09433	233.699	705.739
19225	3.845	1.5698	3.06574	0.09236	234.668	703.159
19230	3.846	1.5698	3.07362	0.0903667	235.823	700.532
19235	3.847	1.5698	3.0815	0.0883588	237.093	697.889
19240	3.848	1.5698	3.08932	0.0863445	238.401	695.238
19245	3.849	1.5698	3.09706	0.0843289	239.707	692.598
19250	3.85	1.5698	3.10475	0.082313	240.993	689.944
19255	3.851	1.5698	3.11244	0.080295	242.292	687.285
19260	3.852	1.5698	3.12012	0.0782725	243.633	684.608
19265	3.853	1.5698	3.12781	0.0762437	245.004	681.907
19270	3.854	1.5698	3.1355	0.0742078	246.414	679.188
19275	3.855	1.5698	3.1432	0.0721655	247.863	676.467
19280	3.856	1.5698	3.15087	0.0701176	249.347	673.723
19285	3.857	1.5698	3.15851	0.0680652	250.847	670.979
19290	3.858	1.5698	3.16613	0.0660091	252.358	668.224
19295	3.859	1.5698	3.17369	0.0639495	253.885	665.464
19300	3.86	1.5698	3.18125	0.0618866	255.406	662.701
19305	3.861	1.5698	3.18875	0.0598204	256.957	659.93
19310	3.862	1.5698	3.19622	0.0577508	258.501	657.149
19315	3.863	1.5698	3.20365	0.0556782	260.06	654.361
19320	3.864	1.5698	3.21106	0.0536027	261.614	651.572
19325	3.865	1.5698	3.2184	0.0515247	263.192	648.778
19330	3.866	1.5698	3.2257	0.0494445	264.752	645.982
19335	3.867	1.5698	3.23294	0.0473625	266.319	643.185
19340	3.868	1.5698	3.24013	0.0452789	267.88	640.382
19345	3.869	1.5698	3.24727	0.0431939	269.436	637.583
19350	3.87	1.5698	3.25434	0.0411078	270.984	634.781
19355	3.871	1.5698	3.26135	0.0390208	272.527	631.976
19360	3.872	1.5698	3.26829	0.0369333	274.062	629.169
19365	3.873	1.5698	3.27516	0.0348453	275.579	626.367
19370	3.874	1.5698	3.28198	0.0327573	277.09	623.565
19375	3.875	1.5698	3.28871	0.0306695	278.595	620.764
19380	3.876	1.5698	3.29539	0.0285821	280.08	617.965
19385	3.877	1.5698	3.30198	0.0264954	281.56	615.17
19390	3.878	1.5698	3.30849	0.0244096	283.018	612.371
19395	3.879	1.5698	3.31492	0.0223251	284.459	609.577
19400	3.88	1.5698	3.32126	0.020242	285.883	606.794
19405	3.881	1.5698	3.32752	0.0181606	287.286	604.009
19410	3.882	1.5698	3.33368	0.0160812	288.673	601.239
19415	3.883	1.5698	3.33977	0.0140039	290.026	598.541
19420	3.884	1.5698	3.34574	0.0119291	291.377	595.942
19425	3.885	1.5698	3.35158	0.00985741	292.678	593.463
19430	3.886	1.5698	3.35728	0.0077929	293.929	591.087
19435	3.887	1.5698	3.36281	0.0057365	295.123	588.808
19440	3.888	1.5698	3.36818	0.00368842	296.243	586.611
19445	3.889	1.5698	3.3734	0.00164892	297.296	584.473
19450	3.89	1.5698	3.37843	-0.000381472	298.298	582.384
19455	3.891	1.5698	3.38328	-0.00240188	299.222	580.342
19460	3.892	1.5698	3.38795	-0.00441123	300.082	578.336
19465	3.893	1.5698	3.39242	-0.00640843	300.871	576.361
19470	3.894	1.5698	3.39669	-0.00839247	301.589	574.411
19475	3.895	1.5698	3.40073	-0.0103625	302.239	572.482
19480	3.896	1.5698	3.40454	-0.0123177	302.795	570.573
19485	3.897	1.5698	3.40813	-0.0142575	303.277	568.679
19490	3.898	1.5698	3.41151	-0.0161812	303.688	566.801
19495	3.899	1.5698	3.41462	-0.0180882	304.032	564.937
19500	3.9	1.5698	3.41749	-0.0199779	304.279	563.087
19505	3.901	1.5698	3.42014	-0.0218496	304.454	561.254
19510	3.902	1.5698	3.42254	-0.0237028	304.561	559.43
19515	3.903	1.5698	3.42465	-0.0255368	304.595	557.622
19520	3.904	1.5698	3.42654	-0.0273512	304.535	555.828
19525	3.905	1.5698	3.42815	-0.0291455	304.414	554.055
19530	3.906	1.5698	3.42952	-0.0309191	304.209	552.296
19535	3.907	1.5698	3.4306	-0.0326718	303.945	550.552
19540	3.908	1.5698	3.43146	-0.034403	303.59	548.825
19545	3.909	1.5698	3.43202	-0.0361124	303.183	547.111
19550	3.91	1.5698	3.43231	-0.0377997	302.687	545.413
19555	3.911	1.5698	3.43236	-0.0394644	302.122	543.738
19560	3.912	1.5698	3.43212	-0.0411064	301.504	542.069
19565	3.913	1.5698	3.43163	-0.0427254	300.805	540.418
19570	3.914	1.5698	3.43088	-0.044321	300.046	538.781
19575	3.915	1.5698	3.42985	-0.0458931	299.23	537.154
19580	3.916	1.5698	3.42856	-0.0474414	298.341	535.545
19585	3.917	1.5698	3.42701	-0.0489658	297.4	533.944
19590	3.918	1.5698	3.42519	-0.050466	296.397	532.356
19595	3.919	1.5698	3.42312	-0.0519421	295.329	530.779
19600	3.92	1.5698	3.42079	-0.0533937	294.22	529.211
19605	3.921	1.5698	3.4182	-0.0548209	293.053	527.655
19610	3.922	1.5698	3.41535	-0.0562235	291.832	526.115
19615	3.923	1.5698	3.41225	-0.0576015	290.558	524.584
19620	3.924	1.5698	3.40892	-0.0589548	289.236	523.065
19625	3.925	1.5698	3.40532	-0.0602833	287.881	521.56
19630	3.926	1.5698	3.40149	-0.0615871	286.467	520.068
19635	3.927	1.5698	3.39742	-0.0628662	285.022	518.586
19640	3.928	1.5698	3.39312	-0.0641206	283.536	517.116
19645	3.929	1.5698	3.38859	-0.0653512	282.037	515.652
19650	3.93	1.5698	3.3839	-0.0665592	280.626	514.188
19655	3.931	1.5698	3.37902	-0.0677462	279.424	512.721
19660	3.932	1.5698	3.37398	-0.0689133	278.445	511.247
19665	3.933	1.5698	3.36877	-0.0700613	277.732	509.762
19670	3.934	1.5698	3.36341	-0.0711901	277.301	508.258
19675	3.935	1.5698	3.35785	-0.072299	277.166	506.73
19680	3.936	1.5698	3.35216	-0.0733877	277.321	505.173
19685	3.937	1.5698	3.34626	-0.0744557	277.807	503.57
19690	3.938	1.5698	3.34021	-0.0755033	278.601	501.904
19695	3.939	1.5698	3.334	-0.0765304	279.746	500.171
19700	3.94	1.5698	3.32761	-0.077537	281.271	498.345
19705	3.941	1.5698	3.32105	-0.0785229	283.191	496.417
19710	3.942	1.5698	3.31434	-0.0794878	285.537	494.354
19715	3.943	1.5698	3.30745	-0.0804314	288.366	492.147
19720	3.944	1.5698	3.30036	-0.0813531	291.702	489.768
19725	3.945	1.5698	3.29311	-0.0822526	295.584	487.188
19730	3.946	1.5698	3.28568	-0.0831297	300.072	484.376
19735	3.947	1.5698	3.27806	-0.0839839	305.218	481.3
19740	3.948	1.5698	3.27027	-0.0848149	311.053	477.905
19745	3.949	1.5698	3.26226	-0.0856219	317.642	474.142
19750	3.95	1.5698	3.25406	-0.0864043	324.995	469.94
19755	3.951	1.5698	3.24564	-0.0871612	333.166	465.22
19760	3.952	1.5698	3.237	-0.0878918	342.17	459.857
19765	3.953	1.5698	3.22815	-0.0885949	352.042	453.66
19770	3.954	1.5698	3.21905	-0.0892695	362.805	446.426
19775	3.955	1.5698	3.20968	-0.0899144	374.455	437.928
19780	3.956	1.5698	3.20004	-0.0905283	386.987	427.924
19785	3.957	1.5698	3.19011	-0.0911097	400.39	416.148
19790	3.958	1.5698	3.17988	-0.0916569	414.628	402.346
19795	3.959	1.5698	3.16933	-0.0921681	429.661	386.276
19800	3.96	1.5698	3.15843	-0.0926414	445.42	367.775
19805	3.961	1.5698	3.14718	-0.0930746	461.82	346.768
19810	3.962	1.5698	3.1355	-0.0934653	478.773	323.335
19815	3.963	1.5698	3.12341	-0.0938113	496.137	297.734
19820	3.964	1.5698	3.1108	-0.0941077	513.819	270.402
19825	3.965	1.5698	3.09765	-0.0943496	531.636	241.915
19830	3.966	1.5698	3.0839	-0.0945323	549.455	212.916
19835	3.967	1.5698	3.06954	-0.0946517	567.125	184.048
19840	3.968	1.5698	3.0545	-0.094704	584.535	155.895
19845	3.969	1.5698	3.03867	-0.0946856	601.526	128.995
19850	3.97	1.5698	3.0219	-0.0945853	617.928	103.883
19855	3.971	1.5698	3.00406	-0.0943883	633.517	80.7631
19860	3.972	1.5698	2.98507	-0.0940844	648.115	59.6591
19865	3.973	1.5698	2.96484	-0.0936645	661.585	40.534
19870	3.974	1.5698	2.94325	-0.0931197	673.819	23.3072
19875	3.975	1.5698	2.92024	-0.0924414	684.714	7.88449
19880	3.976	1.5698	2.89573	-0.0916208	694.218	0
19885	3.977	1.5698	2.86959	-0.0906492	702.301	0
19890	3.978	1.5698	2.84178	-0.0895181	708.913	0
19895	3.979	1.5698	2.81227	-0.0882208	714.066	0
19900	3.98	1.5698	2.78091	-0.0867499	717.794	0
19905	3.981	1.5698	2.74766	-0.0850976	720.072	0
19910	3.982	1.5698	2.71245	-0.0832556	720.93	0
19915	3.983	1.5698	2.67516	-0.0812153	720.399	0
19920	3.984	1.5698	2.63574	-0.0789695	718.469	0
19925	3.985	1.5698	2.5941	-0.0765094	715.184	0
19930	3.986	1.5698	2.5502	-0.0738273	710.55	0
19935	3.987	1.5698	2.504	-0.0709178	704.62	0
19940	3.988	1.5698	2.45549	-0.067777	697.434	0
19945	3.989	1.5698	2.40468	-0.0644024	689.052	0
19950	3.99	1.5698	2.35157	-0.0607928	679.547	0
19955	3.991	1.5698	2.29619	-0.0569486	668.969	0
19960	3.992	1.5698	2.23863	-0.0528715	657.386	0
19965	3.993	1.5698	2.17891	-0.0485652	644.907	0
19970	3.994	1.5698	2.11715	-0.044035	631.585	0
19975	3.995	1.5698	2.05346	-0.0392879	617.527	0
19980	3.996	1.5698	1.98796	-0.0343326	602.822	0
19985	3.997	1.5698	1.9208	-0.0291791	587.58	0
19990	3.998	1.5698	1.85213	-0.0238388	571.894	0
19995	3.999	1.5698	1.78213	-0.0183245	555.866	0
20000	4	1.5698	1.71097	-0.0126509	539.613	0
20005	4.001	1.58916	1.63885	-0.00683286	523.221	0
20010	4.002	1.61956	1.6105	-0.00088555	506.809	0
20015	4.003	1.65016	1.6105	0.00517645	490.438	0
20020	4.004	1.68089	1.6105	0.0113392	474.209	0.923786
20025	4.005	1.71167	1.6105	0.0175899	458.18	6.01414
20030	4.006	1.74244	1.6105	0.0239162	442.384	10.926
20035	4.007	1.77312	1.6105	0.0303069	426.884	15.6544
20040	4.008	1.80368	1.6105	0.036751	411.698	20.1633
20045	4.009	1.83405	1.6105	0.0432383	396.868	24.4464
20050	4.01	1.86418	1.6105	0.0497583	382.408	28.4864
20055	4.011	1.89402	1.6105	0.0563007	368.349	32.2685
20060	4.012	1.92352	1.6105	0.0628555	354.723	35.788
20065	4.013	1.95263	1.6105	0.0694128	341.525	39.0301
20070	4.014	1.9813	1.6105	0.075963	328.795	42.0129
20075	4.015	2.00954	1.6105	0.0825038	316.464	44.7527
20080	4.016	2.03733	1.6105	0.0890329	304.513	47.26
20085	4.017	2.06467	1.6105	0.0955484	292.915	49.5496
20090	4.018	2.09156	1.6105	0.102049	281.63	51.628
20095	4.019	2.11797	1.6105	0.108533	270.623	53.5221
20100	4.02	2.14395	1.6105	0.114999	259.877	55.241
20105	4.021	2.16947	1.6105	0.121448	249.358	56.4875
20110	4.022	2.19405	1.6105	0.127777	239.834	57.6882
20115	4.023	2.21832	1.6105	0.134112	230.244	58.8652
20120	4.024	2.24231	1.6105	0.140465	220.486	59.7428
20125	4.025	2.26558	1.6105	0.146738	211.331	60.589
20130	4.026	2.28854	1.6105	0.153014	202.068	61.3374
20135	4.027	2.31108	1.6105	0.159273	192.856	61.9991
20140	4.028	2.33319	1.6105	0.165511	183.716	62.5731
20145	4.029	2.35489	1.6105	0.171729	174.638	63.0666
20150	4.03	2.37617	1.6105	0.177925	165.59	63.4793
20155	4.031	2.39703	1.6105	0.184099	156.591	63.8196
20160	4.032	2.41748	1.6105	0.190251	147.628	64.0901
20165	4.033	2.43752	1.6105	0.196379	138.689	64.2826
20170	4.034	2.45712	1.6105	0.202481	129.807	64.4224
20175	4.035	2.47633	1.6105	0.208557	120.954	64.4869
20180	4.036	2.49511	1.6105	0.214606	112.142	64.4824
20185	4.037	2.51347	1.6105	0.220626	103.375	64.4296
20190	4.038	2.53143	1.6105	0.226617	94.6371	64.3186
20195	4.039	2.54898	1.6105	0.232576	85.947	64.1405
20200	4.04	2.56609	1.6105	0.238505	77.2923	63.9164
20205	4.041	2.58281	1.6105	0.244401	68.671	63.6289
20210	4.042	2.59911	1.6105	0.250263	60.1018	63.2982
20215	4.043	2.61501	1.6105	0.256091	51.5726	62.9093
20220	4.044	2.63048	1.6105	0.261883	43.0936	62.4744
20225	4.045	2.64556	1.6105	0.267638	34.6709	61.9964
20230	4.046	2.66023	1.6105	0.273356	26.2825	61.4677
20235	4.047	2.6745	1.6105	0.279034	17.9579	60.887
20240	4.048	2.68835	1.6105	0.284672	9.70028	60.2585
20245	4.049	2.70179	1.6105	0.290268	1.50118	59.5907
20250	4.05	2.71484	1.6105	0.295821	0	58.8758
20255	4.051	2.72748	1.6105	0.301331	0	58.1175
20260	4.052	2.73971	1.6105	0.306797	0	57.3214
20265	4.053	2.75156	1.6105	0.312219	0	56.4978
20270	4.054	2.76303	1.6105	0.317599	0	55.6436
20275	4.055	2.77412	1.6105	0.322936	0	54.7778
20280	4.056	2.78486	1.6105	0.328231	0	53.8804
20285	4.057	2.79522	1.6105	0.333485	0	52.9658
20290	4.058	2.80523	1.6105	0.338698	0	52.0337
20295	4.059	2.8149	1.6105	0.343869	0	51.0986
20300	4.06	2.82424	1.6105	0.349001	0	50.1507
20305	4.061	2.83324	1.6105	0.354092	0	49.1865
20310	4.062	2.84191	1.6105	0.359143	0	48.2212
20315	4.063	2.85027	1.6105	0.364154	0	47.2562
20320	4.064	2.85832	1.6105	0.369126	0	46.2747
20325	4.065	2.86604	1.6105	0.374059	0	45.2967
20330	4.066	2.87348	1.6105	0.378953	0	44.3149
20335	4.067	2.88061	1.6105	0.383808	0	43.3341
20340	4.068	2.88746	1.6105	0.388624	0	42.3519
20345	4.069	2.89402	1.6105	0.393401	0	41.3711
20350	4.07	2.9003	1.6105	0.39814	0	40.3873
20355	4.071	2.9063	1.6105	0.402841	0	25.2346
20360	4.072	2.88927	1.6105	0.401755	0	11.3811
20365	4.073	2.87252	1.6105	0.400698	0	0
20370	4.074	2.8561	1.6105	0.399677	0	0
20375	4.075	2.83999	1.6105	0.398692	0	0
20380	4.076	2.82419	1.6105	0.397743	10.7983	0
20385	4.077	2.80868	1.6105	0.396825	37.343	0
20390	4.078	2.79348	1.6105	0.395938	61.5255	0
20395	4.079	2.7785	1.6105	0.395069	83.6548	0
20400	4.08	2.76361	1.6105	0.394182	104.218	0
20405	4.081	2.74805	1.6105	0.393085	125.016	0
20410	4.082	2.73266	1.6105	0.391988	144.27	0
20415	4.083	2.71753	1.6105	0.390915	161.917	0
20420	4.084	2.70253	1.6105	0.389838	178.364	0
20425	4.085	2.68783	1.6105	0.388793	193.377	0
20430	4.086	2.67346	1.6105	0.38779	207.024	0
20435	4.087	2.65943	1.6105	0.386838	219.308	0
20440	4.088	2.64579	1.6105	0.385947	230.253	0
20445	4.089	2.63257	1.6105	0.385127	239.899	0
20450	4.09	2.61982	1.6105	0.384384	248.27	0
20455	4.091	2.60751	1.6105	0.383724	255.402	0
20460	4.092	2.59571	1.6105	0.383153	261.333	0
20465	4.093	2.5844	1.6105	0.382674	266.124	0
20470	4.094	2.57359	1.6105	0.382288	269.829	0
20475	4.095	2.56326	1.6105	0.381997	272.51	0
20480	4.096	2.55344	1.6105	0.381803	274.22	0
20485	4.097	2.54412	1.6105	0.381705	275.01	0
20490	4.098	2.53526	1.6105	0.381702	274.946	0
20495	4.099	2.5269	1.6105	0.381794	274.089	0
20500	4.1	2.519	1.6105	0.381979	272.49	0
20505	4.101	2.51156	1.6105	0.382254	270.217	0
20510	4.102	2.50454	1.6105	0.382617	267.324	0
20515	4.103	2.49796	1.6105	0.383065	263.868	0
20520	4.104	2.49175	1.6105	0.383594	259.906	0
20525	4.105	2.48595	1.6105	0.384201	255.501	0
20530	4.106	2.48049	1.6105	0.38488	250.688	0
20535	4.107	2.47537	1.6105	0.385628	245.56	0
20540	4.108	2.47057	1.6105	0.38644	240.138	0
20545	4.109	2.46607	1.6105	0.387311	234.476	0
20550	4.11	2.46183	1.6105	0.388237	228.627	0
20555	4.111	2.45783	1.6105	0.389211	222.633	0
20560	4.112	2.45405	1.6105	0.39023	216.542	0
20565	4.113	2.45047	1.6105	0.391288	210.39	0
20570	4.114	2.44709	1.6105	0.39238	204.21	0
20575	4.115	2.44386	1.6105	0.393503	198.038	0
20580	4.116	2.44075	1.6105	0.394651	191.904	0
20585	4.117	2.43779	1.6105	0.395819	185.831	0
20590	4.118	2.4349	1.6105	0.397005	179.85	0
20595	4.119	2.4321	1.6105	0.398203	173.992	0
20600	4.12	2.42938	1.6105	0.39941	168.249	0
20605	4.121	2.4267	1.6105	0.400622	162.665	0
20610	4.122	2.42406	1.6105	0.401836	157.239	0
20615	4.123	2.41539	1.6105	0.401511	165.197	0
20620	4.124	2.40693	1.6105	0.401218	172.2	0
20625	4.125	2.39872	1.6105	0.400959	178.298	0
20630	4.126	2.39048	1.6105	0.400677	184.058	0
20635	4.127	2.38242	1.6105	0.400413	189.164	0
20640	4.128	2.37453	1.6105	0.400168	193.669	0
20645	4.129	2.3668	1.6105	0.399946	197.616	0
20650	4.13	2.35926	1.6105	0.399749	201.012	0
20655	4.131	2.35191	1.6105	0.399581	203.877	0
20660	4.132	2.34478	1.6105	0.399443	206.237	0
20665	4.133	2.33784	1.6105	0.399338	208.102	0
20670	4.134	2.33112	1.6105	0.399269	209.466	0
20675	4.135	2.32464	1.6105	0.399236	210.366	0
20680	4.136	2.31836	1.6105	0.399242	210.812	0
20685	4.137	2.31231	1.6105	0.399285	210.805	0
20690	4.138	2.30646	1.6105	0.399367	210.381	0
20695	4.139	2.30085	1.6105	0.399487	209.539	0
20700	4.14	2.29544	1.6105	0.399644	208.331	0
20705	4.141	2.29024	1.6105	0.399837	206.754	0
20710	4.142	2.28522	1.6105	0.400065	204.835	0
20715	4.143	2.28039	1.6105	0.400325	202.609	0
20720	4.144	2.27575	1.6105	0.400616	200.093	0
20725	4.145	2.27126	1.6105	0.400935	197.316	0
20730	4.146	2.26693	1.6105	0.40128	194.285	0
20735	4.147	2.26273	1.6105	0.401649	191.025	0
20740	4.148	2.2564	1.6105	0.401458	192.561	0
20745	4.149	2.25024	1.6105	0.401298	193.468	0
20750	4.15	2.24421	1.6105	0.401153	193.908	0
20755	4.151	2.23833	1.6105	0.401028	193.834	0
20760	4.152	2.2326	1.6105	0.400923	193.26	0
20765	4.153	2.22701	1.6105	0.400839	192.206	0
20770	4.154	2.22155	1.6105	0.400774	190.68	0
20775	4.155	2.21624	1.6105	0.400729	188.715	0
20780	4.156	2.21106	1.6105	0.400703	186.291	0
20785	4.157	2.206	1.6105	0.400694	183.429	0
20790	4.158	2.20108	1.6105	0.400703	180.138	0
20795	4.159	2.19627	1.6105	0.400727	176.424	0
20800	4.16	2.19156	1.6105	0.400765	172.3	0
20805	4.161	2.18695	1.6105	0.400813	167.789	0
20810	4.162	2.1824	1.6105	0.400867	162.887	0
20815	4.163	2.17794	1.6105	0.400925	157.611	7.82493
20820	4.164	2.17352	1.6105	0.400986	151.958	24.2051
20825	4.165	2.16916	1.6105	0.401045	145.912	42.6182
20830	4.166	2.16482	1.6105	0.4011	139.51	63.2154
20835	4.167	2.16051	1.6105	0.401145	132.731	86.1105
20840	4.168	2.15618	1.6105	0.401176	125.61	111.37
20845	4.169	2.15181	1.6105	0.401188	118.157	139.04
20850	4.17	2.14741	1.6105	0.401174	110.401	169.045
20855	4.171	2.14292	1.6105	0.401129	102.354	201.246
20860	4.172	2.13833	1.6105	0.401045	94.0559	235.437
20865	4.173	2.13363	1.6105	0.400919	85.5248	271.307
20870	4.174	2.1288	1.6105	0.400745	76.8088	308.481
20875	4.175	2.12381	1.6105	0.400518	67.9245	346.524
20880	4.176	2.11864	1.6105	0.400235	58.9092	385.008
20885	4.177	2.11331	1.6105	0.399893	49.8344	423.474
20890	4.178	2.10777	1.6105	0.399489	40.7321	461.517
20895	4.179	2.10207	1.6105	0.39902	31.6663	498.742
20900	4.18	2.09616	1.6105	0.398486	22.7902	534.806
20905	4.181	2.09002	1.6105	0.397883	14.433	569.444
20910	4.182	2.08368	1.6105	0.397208	6.78575	602.421
20915	4.183	2.07713	1.6105	0.396461	0	633.551
20920	4.184	2.07034	1.6105	0.395637	0	662.733
20925	4.185	2.06331	1.6105	0.394738	0	689.936
20930	4.186	2.05606	1.6105	0.393763	0	716.09
20935	4.187	2.05004	1.6105	0.39308	0	740.088
20940	4.188	2.04352	1.6105	0.392254	0	762.187
20945	4.189	2.03678	1.6105	0.391357	0	782.528
20950	4.19	2.02991	1.6105	0.390405	0	801.169
20955	4.191	2.02285	1.6105	0.389397	0	818.237
20960	4.192	2.01566	1.6105	0.388329	0	833.802
20965	4.193	2.0083	1.6105	0.387203	0	847.971
20970	4.194	2.00078	1.6105	0.386019	0	860.833
20975	4.195	1.9931	1.6105	0.384779	0	872.5
20980	4.196	1.9853	1.6105	0.383485	0	883.057
20985	4.197	1.97738	1.6105	0.382141	0	892.578
20990	4.198	1.96933	1.6105	0.380749	0	901.146
20995	4.199	1.96118	1.6105	0.379313	0	908.861
21000	4.2	1.95296	1.6105	0.377834	0	915.757
21005	4.201	1.94463	1.6105	0.376314	0	921.914
21010	4.202	1.93624	1.6105	0.374757	0	927.394
21015	4.203	1.92778	1.6105	0.373163	0	932.244
21020	4.204	1.91926	1.6105	0.371534	0	936.521
21025	4.205	1.91069	1.6105	0.369871	0	940.255
21030	4.206	1.90206	1.6105	0.368175	0	943.494
21035	4.207	1.89338	1.6105	0.366447	0	946.274
21040	4.208	1.88465	1.6105	0.364687	0	948.638
21045	4.209	1.87587	1.6105	0.362896	0	950.616
21050	4.21	1.86706	1.6105	0.361075	0	952.235
21055	4.211	1.85822	1.6105	0.359224	0	953.508
21060	4.212	1.84931	1.6105	0.357343	0	954.483
21065	4.213	1.84039	1.6105	0.355433	1.88652	955.157
21070	4.214	1.8314	1.6105	0.353493	5.32827	955.572
21075	4.215	1.82239	1.6105	0.351525	8.82607	955.735
21080	4.216	1.81334	1.6105	0.349529	12.3574	955.673
21085	4.217	1.80426	1.6105	0.347506	15.9254	955.41
21090	4.218	1.79517	1.6105	0.345457	19.5283	954.947
21095	4.219	1.78605	1.6105	0.343383	23.1473	954.294
21100	4.22	1.77689	1.6105	0.341284	26.7939	953.487
21105	4.221	1.76773	1.6105	0.339161	30.4553	952.514
21110	4.222	1.75853	1.6105	0.337015	34.1421	951.414
21115	4.223	1.74935	1.6105	0.334846	37.8538	950.162
21120	4.224	1.74012	1.6105	0.332656	41.5707	948.801
21125	4.225	1.73091	1.6105	0.330443	45.3095	947.314
21130	4.226	1.72167	1.6105	0.32821	49.068	945.729
21135	4.227	1.71244	1.6105	0.325956	52.837	944.041
21140	4.228	1.70319	1.6105	0.323682	56.6171	942.253
21145	4.229	1.69393	1.6105	0.321387	60.4054	940.373
21150	4.23	1.68466	1.6105	0.319074	64.2144	938.425
21155	4.231	1.67541	1.6105	0.316741	68.0369	936.393
21160	4.232	1.66615	1.6105	0.31439	71.8541	934.287
21165	4.233	1.65688	1.6105	0.312021	75.6968	932.114
21170	4.234	1.64761	1.61573	0.309633	79.5335	929.886
21175	4.235	1.63836	1.64373	0.307228	83.3837	927.593
21180	4.236	1.6291	1.67166	0.304806	87.235	925.243
21185	4.237	1.61984	1.6995	0.302367	91.0951	922.842
21190	4.238	1.61059	1.72728	0.299912	94.9485	920.384
21195	4.239	1.60133	1.75497	0.29744	98.8163	917.896
21200	4.24	1.5921	1.78257	0.294953	102.683	915.352
21205	4.241	1.58286	1.81007	0.29245	106.546	912.774
21210	4.242	1.57364	1.82655	0.289933	110.405	912.406
21215	4.243	1.5698	1.83399	0.288236	107.358	913.74
21220	4.244	1.5698	1.83752	0.287215	99.124	915.655
21225	4.245	1.5698	1.84165	0.286487	89.2795	917.191
21230	4.246	1.5698	1.84661	0.285712	80.7555	918.339
21235	4.247	1.5698	1.85264	0.284871	73.5868	919.073
21240	4.248	1.5698	1.85992	0.283944	67.7949	919.362
21245	4.249	1.5698	1.86861	0.282917	63.3678	919.22
21250	4.25	1.5698	1.87882	0.281777	60.2806	918.638
21255	4.251	1.5698	1.89066	0.280514	58.4997	917.624
21260	4.252	1.5698	1.90416	0.27912	57.9777	916.182
21265	4.253	1.5698	1.91936	0.277588	58.6524	914.334
21270	4.254	1.5698	1.93627	0.275916	60.4523	912.09
21275	4.255	1.5698	1.95487	0.274101	63.3095	909.473
21280	4.256	1.5698	1.97515	0.272143	67.1544	906.503
21285	4.257	1.5698	1.99702	0.270043	71.911	903.211
21290	4.258	1.5698	2.02041	0.267804	77.4808	899.623
21295	4.259	1.5698	2.03793	0.26543	83.7718	897.307
21300	4.26	1.5698	2.05087	0.26349	86.0927	895.924
21305	4.261	1.5698	2.06208	0.261886	85.5348	894.847
21310	4.262	1.5698	2.07401	0.260407	84.1063	893.536
21315	4.263	1.5698	2.08764	0.258862	83.4263	891.807
21320	4.264	1.5698	2.10297	0.25718	84.0545	889.656
21325	4.265	1.5698	2.12002	0.255354	85.9008	887.116
21330	4.266	1.5698	2.1388	0.253384	88.8964	884.206
21335	4.267	1.5698	2.15685	0.251268	92.9547	881.451
21340	4.268	1.5698	2.17386	0.249194	96.4597	878.914
21345	4.269	1.5698	2.1902	0.247184	99.2596	876.506
21350	4.27	1.5698	2.20643	0.245213	101.633	874.108
21355	4.271	1.5698	2.22299	0.243238	103.97	871.611
21360	4.272	1.5698	2.24005	0.241225	106.558	868.981
21365	4.273	1.5698	2.25762	0.239158	109.492	866.234
21370	4.274	1.5698	2.27551	0.237041	112.742	863.416
21375	4.275	1.5698	2.29353	0.234884	116.184	860.554
21380	4.276	1.5698	2.31158	0.232703	119.683	857.683
21385	4.277	1.5698	2.32965	0.230504	123.179	854.8
21390	4.278	1.5698	2.34774	0.228291	126.662	851.903
21395	4.279	1.5698	2.36592	0.226061	130.139	848.968
21400	4.28	1.5698	2.38423	0.223809	133.658	846.012
21405	4.281	1.5698	2.40264	0.221534	137.242	843.017
21410	4.282	1.5698	2.42119	0.219234	140.882	839.977
21415	4.283	1.5698	2.43983	0.216911	144.591	836.913
21420	4.284	1.5698	2.45854	0.214565	148.336	833.825
21425	4.285	1.5698	2.4773	0.212198	152.109	830.714
21430	4.286	1.5698	2.49612	0.209812	155.897	827.586
21435	4.287	1.5698	2.51497	0.207407	159.704	824.438
21440	4.288	1.5698	2.53386	0.204984	163.519	821.26
21445	4.289	1.5698	2.55279	0.202542	167.345	818.069
21450	4.29	1.5698	2.57174	0.200082	171.182	814.857
21455	4.291	1.5698	2.59072	0.197604	175.028	811.63
21460	4.292	1.5698	2.60972	0.19511	178.878	808.38
21465	4.293	1.5698	2.62872	0.192598	182.735	805.126
21470	4.294	1.5698	2.64772	0.19007	186.588	801.844
21475	4.295	1.5698	2.66672	0.187527	190.436	798.553
21480	4.296	1.5698	2.6857	0.184969	194.279	795.242
21485	4.297	1.5698	2.70466	0.182397	198.109	791.922
21490	4.298	1.5698	2.72357	0.17981	201.929	788.594
21495	4.299	1.5698	2.74246	0.17721	205.723	785.248
21500	4.3	1.5698	2.76132	0.174597	209.51	781.897
21505	4.301	1.5698	2.78014	0.171972	213.281	778.525
21510	4.302	1.5698	2.79889	0.169334	217.036	775.154
21515	4.303	1.5698	2.81759	0.166685	220.76	771.767
21520	4.304	1.5698	2.83622	0.164025	224.463	768.375
21525	4.305	1.5698	2.85479	0.161355	228.14	764.968
21530	4.306	1.5698	2.87327	0.158675	231.796	761.558
21535	4.307	1.5698	2.89167	0.155985	235.415	758.142
21540	4.308	1.5698	2.91	0.153286	239.001	754.722
21545	4.309	1.5698	2.92823	0.150579	242.568	751.286
21550	4.31	1.5698	2.94635	0.147864	246.098	747.852
21555	4.311	1.5698	2.96439	0.145141	249.579	744.408
21560	4.312	1.5698	2.98229	0.142411	253.048	740.965
21565	4.313	1.5698	3.00011	0.139675	256.456	737.52
21570	4.314	1.5698	3.01779	0.136932	259.845	734.059
21575	4.315	1.5698	3.03536	0.134184	263.182	730.605
21580	4.316	1.5698	3.05279	0.131431	266.488	727.147
21585	4.317	1.5698	3.07008	0.128673	269.742	723.683
21590	4.318	1.5698	3.08725	0.125911	272.954	720.219
21595	4.319	1.5698	3.10427	0.123145	276.132	716.751
21600	4.32	1.5698	3.12116	0.120376	279.256	713.287
21605	4.321	1.5698	3.1379	0.117603	282.349	709.819
21610	4.322	1.5698	3.15448	0.114829	285.393	706.347
21615	4.323	1.5698	3.17089	0.112052	288.386	702.883
21620	4.324	1.5698	3.18715	0.109274	291.324	699.419
21625	4.325	1.5698	3.20326	0.106494	294.22	695.946
21630	4.326	1.5698	3.2192	0.103714	297.074	692.48
21635	4.327	1.5698	3.23496	0.100934	299.885	689.02
21640	4.328	1.5698	3.25055	0.0981531	302.634	685.561
21645	4.329	1.5698	3.26595	0.0953731	305.34	682.101
21650	4.33	1.5698	3.28118	0.092594	307.986	678.645
21655	4.331	1.5698	3.29622	0.0898162	310.588	675.193
21660	4.332	1.5698	3.3111	0.0870401	313.137	671.748
21665	4.333	1.5698	3.32575	0.084266	315.647	668.304
21670	4.334	1.5698	3.34023	0.0814943	318.084	664.864
21675	4.335	1.5698	3.35454	0.0787255	320.482	661.426
21680	4.336	1.5698	3.36863	0.0759598	322.84	657.993
21685	4.337	1.5698	3.3825	0.0731977	325.13	654.573
21690	4.338	1.5698	3.3962	0.0704394	327.36	651.154
21695	4.339	1.5698	3.40969	0.0676854	329.554	647.739
21700	4.34	1.5698	3.42299	0.064936	331.688	644.335
21705	4.341	1.5698	3.43605	0.0621916	333.778	640.941
21710	4.342	1.5698	3.44892	0.0594524	335.797	637.541
21715	4.343	1.5698	3.46158	0.0567188	337.778	634.164
21720	4.344	1.5698	3.47404	0.0539911	339.705	630.785
21725	4.345	1.5698	3.48626	0.0512697	341.58	627.415
21730	4.346	1.5698	3.4983	0.0485548	343.393	624.059
21735	4.347	1.5698	3.51009	0.0458468	345.171	620.704
21740	4.348	1.5698	3.52168	0.0431459	346.876	617.37
21745	4.349	1.5698	3.53306	0.0404525	348.539	614.035
21750	4.35	1.5698	3.5442	0.0377669	350.159	610.713
21755	4.351	1.5698	3.55514	0.0350893	351.709	607.406
21760	4.352	1.5698	3.56584	0.0324201	353.224	604.101
21765	4.353	1.5698	3.57632	0.0297594	354.673	600.814
21770	4.354	1.5698	3.58659	0.0271076	356.073	597.533
21775	4.355	1.5698	3.59664	0.0244649	357.429	594.266
21780	4.356	1.5698	3.60646	0.0218317	358.738	591.007
21785	4.357	1.5698	3.61605	0.019208	359.991	587.765
21790	4.358	1.5698	3.62543	0.0165943	361.186	584.544
21795	4.359	1.5698	3.63458	0.0139907	362.344	581.409
21800	4.36	1.5698	3.64341	0.0113979	363.445	578.408
21805	4.361	1.5698	3.65197	0.00882127	364.434	575.539
21810	4.362	1.5698	3.66022	0.00626165	365.339	572.789
21815	4.363	1.5698	3.66818	0.00371922	366.139	570.155
21820	4.364	1.5698	3.67584	0.00119418	366.85	567.608
21825	4.365	1.5698	3.68319	-0.00131292	367.467	565.139
21830	4.366	1.5698	3.69021	-0.00380111	367.985	562.735
21835	4.367	1.5698	3.6969	-0.00626916	368.396	560.392
21840	4.368	1.5698	3.70326	-0.00871572	368.707	558.097
21845	4.369	1.5698	3.70929	-0.0111396	368.918	555.843
21850	4.37	1.5698	3.71495	-0.0135399	369.033	553.628
21855	4.371	1.5698	3.72023	-0.0159157	369.033	551.446
21860	4.372	1.5698	3.72517	-0.0182666	368.916	549.289
21865	4.373	1.5698	3.72975	-0.0205917	368.709	547.162
21870	4.374	1.5698	3.73396	-0.0228907	368.401	545.064
21875	4.375	1.5698	3.7378	-0.0251627	367.995	542.977
21880	4.376	1.5698	3.74127	-0.0274073	367.481	540.918
21885	4.377	1.5698	3.74437	-0.0296238	366.879	538.877
21890	4.378	1.5698	3.74709	-0.0318118	366.183	536.849
21895	4.379	1.5698	3.74943	-0.0339707	365.391	534.841
21900	4.38	1.5698	3.75141	-0.0361001	364.497	532.844
21905	4.381	1.5698	3.753	-0.0381997	363.533	530.863
21910	4.382	1.5698	3.75422	-0.0402691	362.461	528.895
21915	4.383	1.5698	3.75507	-0.042308	361.316	526.942
21920	4.384	1.5698	3.75557	-0.0443161	360.083	525
21925	4.385	1.5698	3.75568	-0.0462933	358.787	523.071
21930	4.386	1.5698	3.75542	-0.0482392	357.396	521.154
21935	4.387	1.5698	3.75481	-0.0501537	355.934	519.251
21940	4.388	1.5698	3.75384	-0.0520367	354.4	517.362
21945	4.389	1.5698	3.75249	-0.0538879	352.802	515.483
21950	4.39	1.5698	3.75081	-0.0557074	351.123	513.619
21955	4.391	1.5698	3.74875	-0.0574951	349.387	511.769
21960	4.392	1.5698	3.74636	-0.0592509	347.58	509.933
21965	4.393	1.5698	3.74364	-0.0609747	345.718	508.117
21970	4.394	1.5698	3.74057	-0.0626667	343.806	506.313
21975	4.395	1.5698	3.73718	-0.0643268	341.838	504.528
21980	4.396	1.5698	3.73346	-0.0659551	339.925	502.759
21985	4.397	1.5698	3.72942	-0.0675519	338.139	500.998
21990	4.398	1.5698	3.72513	-0.0691189	336.519	499.236
21995	4.399	1.5698	3.72057	-0.0706582	335.143	497.469
22000	4.4	1.5698	3.7158	-0.0721716	334.023	495.683
22005	4.401	1.5698	3.71077	-0.0736596	333.197	493.876
22010	4.402	1.5698	3.70549	-0.075122	332.649	492.048
22015	4.403	1.5698	3.69997	-0.0765583	332.392	490.18
22020	4.404	1.5698	3.69421	-0.077968	332.45	488.268
22025	4.405	1.5698	3.68819	-0.0793507	332.831	486.303
22030	4.406	1.5698	3.68192	-0.0807057	333.555	484.261
22035	4.407	1.5698	3.67541	-0.0820327	334.646	482.138
22040	4.408	1.5698	3.66863	-0.083332	336.137	479.906
22045	4.409	1.5698	3.66164	-0.0846037	338.051	477.547
22050	4.41	1.5698	3.65439	-0.085848	340.458	475.036
22055	4.411	1.5698	3.64693	-0.0870648	343.373	472.353
22060	4.412	1.5698	3.63922	-0.0882538	346.87	469.467
22065	4.413	1.5698	3.63125	-0.0894144	350.961	466.355
22070	4.414	1.5698	3.62306	-0.0905462	355.691	462.969
22075	4.415	1.5698	3.61458	-0.0916486	361.12	459.265
22080	4.416	1.5698	3.60588	-0.092721	367.251	455.183
22085	4.417	1.5698	3.59692	-0.0937628	374.157	450.65
22090	4.418	1.5698	3.58767	-0.0947733	381.837	445.587
22095	4.419	1.5698	3.57814	-0.0957518	390.314	439.882
22100	4.42	1.5698	3.56836	-0.0966974	399.6	433.368
22105	4.421	1.5698	3.55826	-0.0976091	409.734	425.835
22110	4.422	1.5698	3.54787	-0.0984857	420.687	417.019
22115	4.423	1.5698	3.53716	-0.0993259	432.471	406.682
22120	4.424	1.5698	3.52611	-0.100128	445.062	394.554
22125	4.425	1.5698	3.51471	-0.100892	458.422	380.367
22130	4.426	1.5698	3.50295	-0.101614	472.513	363.906
22135	4.427	1.5698	3.49082	-0.102293	487.268	345.012
22140	4.428	1.5698	3.47827	-0.102928	502.62	323.646
22145	4.429	1.5698	3.46528	-0.103516	518.461	299.931
22150	4.43	1.5698	3.45182	-0.104054	534.683	274.171
22155	4.431	1.5698	3.43779	-0.104536	551.184	246.84
22160	4.432	1.5698	3.42316	-0.104959	567.779	218.537
22165	4.433	1.5698	3.40792	-0.105316	584.359	189.905
22170	4.434	1.5698	3.39201	-0.105605	600.806	161.574
22175	4.435	1.5698	3.37541	-0.105821	616.979	134.088
22180	4.436	1.5698	3.35799	-0.105962	632.772	108
22185	4.437	1.5698	3.33969	-0.106019	647.994	83.7388
22190	4.438	1.5698	3.3204	-0.105982	662.485	61.4462
22195	4.439	1.5698	3.29986	-0.105841	676.083	41.164
22200	4.44	1.5698	3.27799	-0.105575	688.541	22.8463
22205	4.441	1.5698	3.25465	-0.105174	699.758	6.40837
22210	4.442	1.5698	3.2298	-0.104628	709.622	0
22215	4.443	1.5698	3.20333	-0.103927	718.114	0
22220	4.444	1.5698	3.17515	-0.103065	725.17	0
22225	4.445	1.5698	3.14522	-0.102033	730.773	0
22230	4.446	1.5698	3.11348	-0.100824	734.951	0
22235	4.447	1.5698	3.07982	-0.0994297	737.702	0
22240	4.448	1.5698	3.04416	-0.0978433	739.025	0
22245	4.449	1.5698	3.00649	-0.0960571	738.934	0
22250	4.45	1.5698	2.96666	-0.0940635	737.492	0
22255	4.451	1.5698	2.92463	-0.0918545	734.667	0
22260	4.452	1.5698	2.88031	-0.0894212	730.507	0
22265	4.453	1.5698	2.83366	-0.0867564	725.02	0
22270	4.454	1.5698	2.78468	-0.0838553	718.258	0
22275	4.455	1.5698	2.73333	-0.0807147	710.282	0
22280	4.456	1.5698	2.67962	-0.0773326	701.132	0
22285	4.457	1.5698	2.62363	-0.0737089	690.873	0
22290	4.458	1.5698	2.56535	-0.0698446	679.607	0
22295	4.459	1.5698	2.50483	-0.0657425	667.375	0
22300	4.46	1.5698	2.4422	-0.0614069	654.261	0
22305	4.461	1.5698	2.37755	-0.0568439	640.375	0
22310	4.462	1.5698	2.31095	-0.0520613	625.806	0
22315	4.463	1.5698	2.24261	-0.0470683	610.62	0
22320	4.464	1.5698	2.17259	-0.0418758	594.965	0
22325	4.465	1.5698	2.1011	-0.0364956	578.891	0
22330	4.466	1.5698	2.02834	-0.0309414	562.535	0
22335	4.467	1.5698	1.95447	-0.0252283	546.002	0
22340	4.468	1.5698	1.87967	-0.0193717	529.396	0
22345	4.469	1.5698	1.80412	-0.013387	512.798	0
22350	4.47	1.5698	1.728	-0.00728908	496.297	0
22355	4.471	1.59179	1.65145	-0.00109185	479.974	0
22360	4.472	1.62382	1.6105	0.00519169	463.888	4.21951
22365	4.473	1.65584	1.6105	0.0115495	448.068	9.29195
22370	4.474	1.68774	1.6105	0.0179702	432.591	14.1653
22375	4.475	1.71951	1.6105	0.0244431	417.461	18.8048
22380	4.476	1.75106	1.6105	0.0309577	402.723	23.2098
22385	4.477	1.78236	1.6105	0.0375036	388.404	27.3491
22390	4.478	1.81334	1.6105	0.0440706	374.514	31.2309
22395	4.479	1.84397	1.6105	0.0506485	361.078	34.8337
22400	4.48	1.87419	1.6105	0.0572275	348.121	38.1581
22405	4.481	1.90397	1.6105	0.0638006	335.641	41.2258
22410	4.482	1.93331	1.6105	0.0703653	323.587	44.0428
22415	4.483	1.9622	1.6105	0.0769196	311.927	46.6228
22420	4.484	1.99062	1.6105	0.0834618	300.629	48.9914
22425	4.485	2.01859	1.6105	0.0899903	289.637	51.1524
22430	4.486	2.0461	1.6105	0.0965041	278.939	53.1263
22435	4.487	2.07316	1.6105	0.103002	268.464	54.9194
22440	4.488	2.09975	1.6105	0.109484	258.214	56.2582
22445	4.489	2.12543	1.6105	0.115853	248.909	57.5329
22450	4.49	2.15076	1.6105	0.122229	239.522	58.6981
22455	4.491	2.17568	1.6105	0.12859	230.23	59.7402
22460	4.492	2.20016	1.6105	0.134931	221.049	60.6713
22465	4.493	2.22419	1.6105	0.141253	211.943	61.4979
22470	4.494	2.24778	1.6105	0.147558	202.916	62.2374
22475	4.495	2.27096	1.6105	0.153844	193.92	62.8905
22480	4.496	2.29372	1.6105	0.160112	184.975	63.4581
22485	4.497	2.31604	1.6105	0.166361	176.07	63.9596
22490	4.498	2.33797	1.6105	0.17259	167.181	64.3792
22495	4.499	2.35947	1.6105	0.178798	158.313	64.7219
22500	4.5	2.38054	1.6105	0.184985	149.481	65.0074
22505	4.501	2.40121	1.6105	0.191149	140.678	65.2209
22510	4.502	2.42145	1.6105	0.197289	131.892	65.376
22515	4.503	2.44129	1.6105	0.203404	123.124	65.4581
22520	4.504	2.46069	1.6105	0.209493	114.4	65.4827
22525	4.505	2.47968	1.6105	0.215555	105.69	65.4563
22530	4.506	2.49827	1.6105	0.221588	97.0064	65.3668
22535	4.507	2.51643	1.6105	0.227593	88.3578	65.2248
22540	4.508	2.53418	1.6105	0.233568	79.7391	65.0273
22545	4.509	2.55152	1.6105	0.239512	71.1504	64.7773
22550	4.51	2.56844	1.6105	0.245423	62.5797	64.4808
22555	4.511	2.58496	1.6105	0.251302	54.0512	64.1251
22560	4.512	2.60105	1.6105	0.257146	45.5756	63.7235
22565	4.513	2.61673	1.6105	0.262955	37.1202	63.2741
22570	4.514	2.63201	1.6105	0.268728	28.7174	62.7828
22575	4.515	2.64689	1.6105	0.274462	20.3572	62.242
22580	4.516	2.66135	1.6105	0.280158	12.0635	61.6501
22585	4.517	2.67539	1.6105	0.285813	3.80758	61.0132
22590	4.518	2.68903	1.6105	0.291426	0	60.3341
22595	4.519	2.70227	1.6105	0.296997	0	59.6097
22600	4.52	2.71509	1.6105	0.302525	0	58.8539
22605	4.521	2.72753	1.6105	0.30801	0	58.0665
22610	4.522	2.73959	1.6105	0.313453	0	57.2409
22615	4.523	2.75125	1.6105	0.318854	0	56.4025
22620	4.524	2.76256	1.6105	0.324214	0	55.5301
22625	4.525	2.77348	1.6105	0.329533	0	54.647
22630	4.526	2.78406	1.6105	0.334811	0	53.7439
22635	4.527	2.79428	1.6105	0.340049	0	52.8243
22640	4.528	2.80415	1.6105	0.345247	0	51.8962
22645	4.529	2.81369	1.6105	0.350406	0	50.9632
22650	4.53	2.82291	1.6105	0.355525	0	50.0138
22655	4.531	2.83178	1.6105	0.360604	0	49.0623
22660	4.532	2.84035	1.6105	0.365645	0	48.1054
22665	4.533	2.8486	1.6105	0.370647	0	47.1492
22670	4.534	2.85655	1.6105	0.375611	0	46.1845
22675	4.535	2.86419	1.6105	0.380536	0	45.2215
22680	4.536	2.87153	1.6105	0.385422	0	44.2417
22685	4.537	2.87857	1.6105	0.39027	0	43.2733
22690	4.538	2.88533	1.6105	0.395081	0	42.3139
22695	4.539	2.89183	1.6105	0.399853	0	41.3398
22700	4.54	2.89802	1.6105	0.404587	0	22.1269
22705	4.541	2.87465	1.6105	0.40185	0	4.53117
22710	4.542	2.85163	1.6105	0.399141	0	0
22715	4.543	2.82896	1.6105	0.396468	0	0
22720	4.544	2.80666	1.6105	0.393835	27.1161	0
22725	4.545	2.78473	1.6105	0.391241	67.3356	0
22730	4.546	2.7632	1.6105	0.388693	104.206	0
22735	4.547	2.74206	1.6105	0.386196	137.946	0
22740	4.548	2.72138	1.6105	0.383757	168.801	0
22745	4.549	2.70115	1.6105	0.381389	196.887	0
22750	4.55	2.68134	1.6105	0.379073	222.619	0
22755	4.551	2.66183	1.6105	0.376782	246.455	0
22760	4.552	2.64255	1.6105	0.374504	268.639	0
22765	4.553	2.62323	1.6105	0.372167	289.945	0
22770	4.554	2.60432	1.6105	0.369888	309.45	0
22775	4.555	2.58595	1.6105	0.367698	327.043	0
22780	4.556	2.56822	1.6105	0.365623	342.637	0
22785	4.557	2.55121	1.6105	0.363682	356.22	0
22790	4.558	2.53495	1.6105	0.361886	367.838	0
22795	4.559	2.51945	1.6105	0.360241	377.576	0
22800	4.56	2.50463	1.6105	0.35872	385.789	0
22805	4.561	2.49056	1.6105	0.357352	392.341	0
22810	4.562	2.47727	1.6105	0.356142	397.28	0
22815	4.563	2.46477	1.6105	0.35509	400.712	0
22820	4.564	2.45305	1.6105	0.354196	402.741	0
22825	4.565	2.44208	1.6105	0.353457	403.452	0
22830	4.566	2.43185	1.6105	0.352873	402.939	0
22835	4.567	2.42235	1.6105	0.352438	401.329	0
22840	4.568	2.41356	1.6105	0.352149	398.695	0
22845	4.569	2.40541	1.6105	0.352001	395.136	0
22850	4.57	2.39795	1.6105	0.351989	390.748	0
22855	4.571	2.39107	1.6105	0.352106	385.614	0
22860	4.572	2.38477	1.6105	0.352345	379.843	0
22865	4.573	2.37903	1.6105	0.352701	373.502	0
22870	4.574	2.37379	1.6105	0.353166	366.678	0
22875	4.575	2.36905	1.6105	0.353733	359.451	0
22880	4.576	2.36472	1.6105	0.354393	351.913	0
22885	4.577	2.3608	1.6105	0.355139	344.109	0
22890	4.578	2.35726	1.6105	0.355963	336.131	0
22895	4.579	2.35404	1.6105	0.356858	328.016	0
22900	4.58	2.35112	1.6105	0.357816	319.848	0
22905	4.581	2.34847	1.6105	0.35883	311.67	0
22910	4.582	2.34604	1.6105	0.359892	303.522	0
22915	4.583	2.34381	1.6105	0.360996	295.467	0
22920	4.584	2.34175	1.6105	0.362134	287.525	0
22925	4.585	2.33983	1.6105	0.363302	279.749	0
22930	4.586	2.33803	1.6105	0.364495	272.117	0
22935	4.587	2.33637	1.6105	0.365713	264.639	0
22940	4.588	2.33481	1.6105	0.366954	257.311	0
22945	4.589	2.33336	1.6105	0.368215	250.127	0
22950	4.59	2.332	1.6105	0.369496	243.085	0
22955	4.591	2.33073	1.6105	0.370793	236.182	0
22960	4.592	2.32955	1.6105	0.372106	229.431	0
22965	4.593	2.32842	1.6105	0.373434	222.814	0
22970	4.594	2.32736	1.6105	0.374773	216.32	0
22975	4.595	2.32635	1.6105	0.376123	209.975	0
22980	4.596	2.3254	1.6105	0.377483	203.769	0
22985	4.597	2.32448	1.6105	0.37885	197.698	0
22990	4.598	2.32362	1.6105	0.380223	191.75	0
22995	4.599	2.32277	1.6105	0.3816	185.941	0
23000	4.6	2.32193	1.6105	0.382981	180.265	0
23005	4.601	2.32113	1.6105	0.384364	174.706	0
23010	4.602	2.32033	1.6105	0.385746	169.267	0
23015	4.603	2.31954	1.6105	0.387128	163.929	0
23020	4.604	2.31875	1.6105	0.388508	158.7	0
23025	4.605	2.31795	1.6105	0.389884	153.56	0
23030	4.606	2.31713	1.6105	0.391254	148.508	0
23035	4.607	2.31631	1.6105	0.392619	143.543	0
23040	4.608	2.31547	1.6105	0.393975	138.65	0
23045	4.609	2.3146	1.6105	0.395323	133.819	0
23050	4.61	2.31369	1.6105	0.396661	129.048	0
23055	4.611	2.31276	1.6105	0.397987	124.333	0
23060	4.612	2.31179	1.6105	0.399301	119.672	0
23065	4.613	2.31076	1.6105	0.400601	115.062	0
23070	4.614	2.3097	1.6105	0.401886	110.483	0
23075	4.615	2.30212	1.6105	0.401516	119.991	0
23080	4.616	2.29466	1.6105	0.401154	128.406	0
23085	4.617	2.28732	1.6105	0.400802	135.796	0
23090	4.618	2.28009	1.6105	0.400459	142.2	0
23095	4.619	2.27296	1.6105	0.400119	147.749	0
23100	4.62	2.26587	1.6105	0.399773	152.565	0
23105	4.621	2.25862	1.6105	0.399362	157.223	0
23110	4.622	2.25142	1.6105	0.398946	161.184	0
23115	4.623	2.24429	1.6105	0.39853	164.472	0
23120	4.624	2.23724	1.6105	0.398115	167.097	0
23125	4.625	2.2303	1.6105	0.397703	169.069	0
23130	4.626	2.22335	1.6105	0.397273	170.605	0
23135	4.627	2.2165	1.6105	0.396849	171.497	0
23140	4.628	2.20976	1.6105	0.396432	171.751	0
23145	4.629	2.20311	1.6105	0.396026	171.365	0
23150	4.63	2.19659	1.6105	0.395629	170.326	0
23155	4.631	2.19018	1.6105	0.395244	168.647	0
23160	4.632	2.18388	1.6105	0.394869	166.339	13.9544
23165	4.633	2.17768	1.6105	0.394504	163.381	30.9463
23170	4.634	2.1716	1.6105	0.394149	159.797	50.1703
23175	4.635	2.1656	1.6105	0.3938	155.592	71.7629
23180	4.636	2.1597	1.6105	0.393456	150.776	95.8034
23185	4.637	2.15385	1.6105	0.393112	145.363	122.331
23190	4.638	2.14806	1.6105	0.392764	139.395	151.3
23195	4.639	2.14228	1.6105	0.392408	132.875	182.613
23200	4.64	2.13653	1.6105	0.392038	125.855	216.05
23205	4.641	2.13076	1.6105	0.391649	118.357	251.322
23210	4.642	2.12496	1.6105	0.391237	110.416	288.07
23215	4.643	2.1191	1.6105	0.390796	102.081	325.881
23220	4.644	2.1132	1.6105	0.390324	93.3784	364.283
23225	4.645	2.10719	1.6105	0.389816	84.3711	402.845
23230	4.646	2.10111	1.6105	0.38927	75.1091	441.117
23235	4.647	2.09494	1.6105	0.388683	65.6698	478.695
23240	4.648	2.08865	1.6105	0.388053	56.1737	515.231
23245	4.649	2.08224	1.6105	0.387375	46.9675	550.428
23250	4.65	2.07571	1.6105	0.386647	38.3083	584.017
23255	4.651	2.06901	1.6105	0.385865	30.336	615.823
23260	4.652	2.06218	1.6105	0.385026	23.1504	645.711
23265	4.653	2.05517	1.6105	0.384128	16.7564	673.629
23270	4.654	2.04799	1.6105	0.383168	11.1816	700.336
23275	4.655	2.04185	1.6105	0.382449	3.85112	725.017
23280	4.656	2.03545	1.6105	0.381654	0	747.798
23285	4.657	2.0289	1.6105	0.380801	0	768.779
23290	4.658	2.02221	1.6105	0.379896	0	788.025
23295	4.659	2.01536	1.6105	0.378938	0	805.661
23300	4.66	2.00838	1.6105	0.377923	0	821.75
23305	4.661	2.00121	1.6105	0.376851	0	836.417
23310	4.662	1.99391	1.6105	0.375721	0	849.73
23315	4.663	1.98643	1.6105	0.374534	0	861.816
23320	4.664	1.97882	1.6105	0.373292	0	872.741
23325	4.665	1.97107	1.6105	0.371996	0	882.601
23330	4.666	1.96318	1.6105	0.370649	0	891.472
23335	4.667	1.95517	1.6105	0.369254	0	899.441
23340	4.668	1.94705	1.6105	0.367811	0	906.576
23345	4.669	1.93884	1.6105	0.366324	0	912.939
23350	4.67	1.93052	1.6105	0.364795	0	918.592
23355	4.671	1.92213	1.6105	0.363224	0	923.588
23360	4.672	1.91365	1.6105	0.361613	0	927.978
23365	4.673	1.90508	1.6105	0.359963	0	931.815
23370	4.674	1.89646	1.6105	0.358276	0	935.131
23375	4.675	1.88775	1.6105	0.356551	0	937.974
23380	4.676	1.87899	1.6105	0.35479	0	940.38
23385	4.677	1.87016	1.6105	0.352994	0	942.368
23390	4.678	1.86126	1.6105	0.351163	0	943.986
23395	4.679	1.85231	1.6105	0.349298	2.89328	945.263
23400	4.68	1.84331	1.6105	0.3474	6.22007	946.207
23405	4.681	1.83424	1.6105	0.345469	9.62912	946.863
23410	4.682	1.82514	1.6105	0.343507	13.1128	947.252
23415	4.683	1.816	1.6105	0.341515	16.65	947.375
23420	4.684	1.8068	1.6105	0.339494	20.2372	947.282
23425	4.685	1.79759	1.6105	0.337447	23.871	946.977
23430	4.686	1.78835	1.6105	0.335372	27.5347	946.47
23435	4.687	1.77908	1.6105	0.333273	31.2266	945.788
23440	4.688	1.7698	1.6105	0.331149	34.945	944.937
23445	4.689	1.76049	1.6105	0.329002	38.6774	943.927
23450	4.69	1.75117	1.6105	0.326832	42.4397	942.777
23455	4.691	1.74183	1.6105	0.32464	46.2031	941.498
23460	4.692	1.7325	1.6105	0.322428	49.9862	940.106
23465	4.693	1.72317	1.6105	0.320194	53.7786	938.596
23470	4.694	1.71383	1.6105	0.317942	57.5613	936.972
23475	4.695	1.70447	1.6105	0.31567	61.3614	935.253
23480	4.696	1.69512	1.6105	0.313379	65.1644	933.456
23485	4.697	1.68579	1.6105	0.31107	68.9754	931.556
23490	4.698	1.67643	1.6105	0.308744	72.7745	929.586
23495	4.699	1.6671	1.6105	0.306401	76.5734	927.536
23500	4.7	1.65776	1.6105	0.30404	80.3789	925.422
23505	4.701	1.64844	1.6105	0.301664	84.1726	923.246
23510	4.702	1.63913	1.63421	0.299271	87.9813	921.009
23515	4.703	1.62982	1.66207	0.296863	91.7787	918.713
23520	4.704	1.62053	1.68986	0.29444	95.5673	916.366
23525	4.705	1.61125	1.71752	0.292001	99.3647	913.963
23530	4.706	1.60197	1.74511	0.289548	103.143	911.519
23535	4.707	1.59271	1.77256	0.287081	106.933	909.026
23540	4.708	1.58346	1.79992	0.2846	110.698	906.492
23545	4.709	1.57423	1.82716	0.282105	114.476	903.919
23550	4.71	1.5698	1.85429	0.279597	118.239	901.305
23555	4.711	1.5698	1.8813	0.277075	121.995	898.639
23560	4.712	1.5698	1.90817	0.274542	125.74	895.947
23565	4.713	1.5698	1.93491	0.271995	129.466	893.212
23570	4.714	1.5698	1.96154	0.269437	133.181	890.45
23575	4.715	1.5698	1.98802	0.266868	136.894	887.649
23580	4.716	1.5698	2.01439	0.264287	140.576	884.81
23585	4.717	1.5698	2.04059	0.261695	144.259	881.957
23590	4.718	1.5698	2.06666	0.259093	147.907	879.078
23595	4.719	1.5698	2.09256	0.25648	151.549	876.158
23600	4.72	1.5698	2.10877	0.253858	155.153	875.256
23605	4.721	1.5698	2.11676	0.251962	152.71	875.972
23610	4.722	1.5698	2.12097	0.250686	145.55	877.305
23615	4.723	1.5698	2.12561	0.249698	136.788	878.302
23620	4.724	1.5698	2.13095	0.248672	129.17	878.951
23625	4.725	1.5698	2.13719	0.247589	122.766	879.229
23630	4.726	1.5698	2.14451	0.246434	117.573	879.117
23635	4.727	1.5698	2.15302	0.245191	113.599	878.612
23640	4.728	1.5698	2.16285	0.24385	110.794	877.722
23645	4.729	1.5698	2.17406	0.242401	109.148	876.429
23650	4.73	1.5698	2.18672	0.240837	108.6	874.757
23655	4.731	1.5698	2.20086	0.239153	109.111	872.717
23660	4.732	1.5698	2.21649	0.237345	110.621	870.316
23665	4.733	1.5698	2.23355	0.235412	113.072	867.585
23670	4.734	1.5698	2.25208	0.233352	116.369	864.53
23675	4.735	1.5698	2.27199	0.231168	120.481	861.186
23680	4.736	1.5698	2.28905	0.228862	125.318	858.469
23685	4.737	1.5698	2.30288	0.22676	128.168	856.449
23690	4.738	1.5698	2.31461	0.224897	128.933	854.851
23695	4.739	1.5698	2.32591	0.223184	128.492	853.275
23700	4.74	1.5698	2.338	0.221496	127.981	851.478
23705	4.741	1.5698	2.35133	0.219738	128.182	849.354
23710	4.742	1.5698	2.36573	0.217873	129.329	846.957
23715	4.743	1.5698	2.3807	0.215916	131.248	844.409
23720	4.744	1.5698	2.39578	0.213902	133.568	841.838
23725	4.745	1.5698	2.41066	0.211869	135.974	839.275
23730	4.746	1.5698	2.42534	0.209838	138.261	836.744
23735	4.747	1.5698	2.43996	0.207811	140.444	834.221
23740	4.748	1.5698	2.4546	0.20578	142.611	831.659
23745	4.749	1.5698	2.46944	0.203732	144.833	829.043
23750	4.75	1.5698	2.48448	0.201659	147.212	826.358
23755	4.751	1.5698	2.49971	0.199557	149.742	823.605
23760	4.752	1.5698	2.51508	0.197429	152.404	820.826
23765	4.753	1.5698	2.53053	0.195278	155.17	818.014
23770	4.754	1.5698	2.54602	0.193108	157.988	815.171
23775	4.755	1.5698	2.56158	0.190923	160.835	812.304
23780	4.756	1.5698	2.57718	0.188721	163.73	809.424
23785	4.757	1.5698	2.59283	0.186502	166.655	806.505
23790	4.758	1.5698	2.60856	0.184267	169.616	803.567
23795	4.759	1.5698	2.62434	0.182013	172.637	800.596
23800	4.76	1.5698	2.64018	0.179742	175.685	797.603
23805	4.761	1.5698	2.65606	0.177453	178.781	794.59
23810	4.762	1.5698	2.67199	0.175149	181.898	791.556
23815	4.763	1.5698	2.68793	0.172828	185.051	788.497
23820	4.764	1.5698	2.70391	0.170493	188.21	785.425
23825	4.765	1.5698	2.71988	0.168143	191.401	782.332
23830	4.766	1.5698	2.73587	0.165779	194.594	779.221
23835	4.767	1.5698	2.75188	0.163401	197.796	776.096
23840	4.768	1.5698	2.76788	0.161009	201.017	772.964
23845	4.769	1.5698	2.78386	0.158605	204.237	769.807
23850	4.77	1.5698	2.79985	0.156188	207.453	766.639
23855	4.771	1.5698	2.8158	0.153758	210.681	763.464
23860	4.772	1.5698	2.83175	0.151317	213.895	760.267
23865	4.773	1.5698	2.84766	0.148865	217.119	757.068
23870	4.774	1.5698	2.86354	0.146401	220.327	753.853
23875	4.775	1.5698	2.87936	0.143928	223.529	750.63
23880	4.776	1.5698	2.89516	0.141444	226.709	747.395
23885	4.777	1.5698	2.9109	0.138951	229.889	744.153
23890	4.778	1.5698	2.92656	0.136449	233.051	740.908
23895	4.779	1.5698	2.94219	0.133938	236.179	737.654
23900	4.78	1.5698	2.95776	0.131419	239.306	734.388
23905	4.781	1.5698	2.97324	0.128892	242.412	731.117
23910	4.782	1.5698	2.98864	0.126358	245.486	727.844
23915	4.783	1.5698	3.00397	0.123817	248.536	724.563
23920	4.784	1.5698	3.01921	0.12127	251.566	721.272
23925	4.785	1.5698	3.03436	0.118716	254.567	717.982
23930	4.786	1.5698	3.04941	0.116157	257.539	714.695
23935	4.787	1.5698	3.06438	0.113593	260.481	711.394
23940	4.788	1.5698	3.07925	0.111024	263.4	708.093
23945	4.789	1.5698	3.09399	0.10845	266.288	704.796
23950	4.79	1.5698	3.10865	0.105873	269.125	701.495
23955	4.791	1.5698	3.12317	0.103292	271.952	698.185
23960	4.792	1.5698	3.13756	0.100708	274.726	694.884
23965	4.793	1.5698	3.15187	0.098121	277.463	691.579
23970	4.794	1.5698	3.16602	0.0955319	280.182	688.272
23975	4.795	1.5698	3.18004	0.0929408	282.847	684.965
23980	4.796	1.5698	3.19393	0.0903483	285.467	681.659
23985	4.797	1.5698	3.2077	0.0877545	288.059	678.359
23990	4.798	1.5698	3.22131	0.08516	290.615	675.053
23995	4.799	1.5698	3.23479	0.0825652	293.118	671.756
24000	4.8	1.5698	3.24813	0.0799703	295.591	668.459
24005	4.801	1.5698	3.26129	0.0773757	298.021	665.162
24010	4.802	1.5698	3.27432	0.0747819	300.397	661.87
24015	4.803	1.5698	3.2872	0.0721892	302.738	658.584
24020	4.804	1.5698	3.29992	0.069598	305.039	655.297
24025	4.805	1.5698	3.31246	0.0670085	307.293	652.022
24030	4.806	1.5698	3.32484	0.0644212	309.498	648.741
24035	4.807	1.5698	3.33708	0.0618364	311.657	645.474
24040	4.808	1.5698	3.34913	0.0592545	313.785	642.212
24045	4.809	1.5698	3.36102	0.0566757	315.854	638.956
24050	4.81	1.5698	3.37275	0.0541004	317.883	635.7
24055	4.811	1.5698	3.38429	0.051529	319.871	632.457
24060	4.812	1.5698	3.39564	0.0489617	321.806	629.214
24065	4.813	1.5698	3.40683	0.0463989	323.689	625.983
24070	4.814	1.5698	3.41784	0.0438408	325.537	622.755
24075	4.815	1.5698	3.42867	0.0412879	327.336	619.541
24080	4.816	1.5698	3.4393	0.0387403	329.09	616.331
24085	4.817	1.5698	3.44976	0.0361984	330.784	613.136
24090	4.818	1.5698	3.46003	0.0336626	332.448	609.942
24095	4.819	1.5698	3.47012	0.031133	334.056	606.757
24100	4.82	1.5698	3.48001	0.0286099	335.625	603.585
24105	4.821	1.5698	3.4897	0.0260936	337.141	600.427
24110	4.822	1.5698	3.49923	0.0235845	338.605	597.269
24115	4.823	1.5698	3.50855	0.0210827	340.037	594.129
24120	4.824	1.5698	3.51769	0.0185886	341.417	590.998
24125	4.825	1.5698	3.52663	0.0161024	342.755	587.887
24130	4.826	1.5698	3.53536	0.0136243	344.044	584.863
24135	4.827	1.5698	3.54383	0.011155	345.273	581.961
24140	4.828	1.5698	3.55205	0.00869961	346.415	579.195
24145	4.829	1.5698	3.55999	0.00625897	347.469	576.544
24150	4.83	1.5698	3.56766	0.0038333	348.426	574.004
24155	4.831	1.5698	3.57506	0.00142288	349.289	571.548
24160	4.832	1.5698	3.5822	-0.000971691	350.062	569.168
24165	4.833	1.5698	3.58903	-0.00334945	350.75	566.855
24170	4.834	1.5698	3.59557	-0.0057092	351.338	564.584
24175	4.835	1.5698	3.6018	-0.00804972	351.834	562.365
24180	4.836	1.5698	3.60771	-0.0103699	352.223	560.174
24185	4.837	1.5698	3.6133	-0.0126688	352.511	558.017
24190	4.838	1.5698	3.61855	-0.0149456	352.704	555.875
24195	4.839	1.5698	3.62347	-0.0171997	352.791	553.754
24200	4.84	1.5698	3.62806	-0.0194304	352.78	551.649
24205	4.841	1.5698	3.63231	-0.0216371	352.678	549.55
24210	4.842	1.5698	3.63622	-0.0238191	352.483	547.461
24215	4.843	1.5698	3.63978	-0.0259759	352.19	545.382
24220	4.844	1.5698	3.64299	-0.0281069	351.803	543.303
24225	4.845	1.5698	3.64586	-0.0302114	351.324	541.237
24230	4.846	1.5698	3.64837	-0.0322891	350.761	539.173
24235	4.847	1.5698	3.65054	-0.0343394	350.103	537.114
24240	4.848	1.5698	3.65236	-0.036362	349.37	535.061
24245	4.849	1.5698	3.65382	-0.0383565	348.548	533.014
24250	4.85	1.5698	3.65492	-0.0403225	347.642	530.979
24255	4.851	1.5698	3.65569	-0.0422597	346.643	528.947
24260	4.852	1.5698	3.6561	-0.0441679	345.584	526.927
24265	4.853	1.5698	3.65616	-0.0460468	344.438	524.915
24270	4.854	1.5698	3.65588	-0.0478962	343.223	522.918
24275	4.855	1.5698	3.65526	-0.0497158	341.997	520.926
24280	4.856	1.5698	3.65428	-0.0515055	340.843	518.953
24285	4.857	1.5698	3.65297	-0.0532651	339.786	516.988
24290	4.858	1.5698	3.65135	-0.0549946	338.89	515.033
24295	4.859	1.5698	3.64937	-0.0566937	338.179	513.081
24300	4.86	1.5698	3.64705	-0.0583623	337.647	511.129
24305	4.861	1.5698	3.64443	-0.0600003	337.321	509.163
24310	4.862	1.5698	3.64146	-0.0616075	337.241	507.185
24315	4.863	1.5698	3.63817	-0.0631838	337.392	505.177
24320	4.864	1.5698	3.63454	-0.064729	337.81	503.131
24325	4.865	1.5698	3.63062	-0.0662433	338.51	501.032
24330	4.866	1.5698	3.62643	-0.0677274	339.547	498.855
24335	4.867	1.5698	3.62197	-0.069183	340.958	496.584
24340	4.868	1.5698	3.61725	-0.0706119	342.776	494.195
24345	4.869	1.5698	3.61229	-0.0720146	345.047	491.67
24350	4.87	1.5698	3.60707	-0.0733909	347.82	488.99
24355	4.871	1.5698	3.60159	-0.0747398	351.121	486.146
24360	4.872	1.5698	3.59583	-0.0760607	354.992	483.098
24365	4.873	1.5698	3.58978	-0.0773526	359.458	479.819
24370	4.874	1.5698	3.58349	-0.0786149	364.559	476.273
24375	4.875	1.5698	3.57689	-0.0798469	370.352	472.41
24380	4.876	1.5698	3.56999	-0.0810476	376.837	468.165
24385	4.877	1.5698	3.56279	-0.0822165	384.05	463.468
24390	4.878	1.5698	3.55532	-0.083353	392.015	458.226
24395	4.879	1.5698	3.54751	-0.0844566	400.78	452.341
24400	4.88	1.5698	3.53943	-0.0855265	410.306	445.625
24405	4.881	1.5698	3.53098	-0.0865615	420.659	437.858
24410	4.882	1.5698	3.52221	-0.0875605	431.784	428.799
24415	4.883	1.5698	3.5131	-0.0885219	443.708	418.195
24420	4.884	1.5698	3.5036	-0.0894442	456.409	405.77
24425	4.885	1.5698	3.49374	-0.090326	469.823	391.284
24430	4.886	1.5698	3.48348	-0.0911654	483.932	374.494
24435	4.887	1.5698	3.47278	-0.0919605	498.665	355.249
24440	4.888	1.5698	3.46167	-0.0927094	513.932	333.509
24445	4.889	1.5698	3.45006	-0.0934098	529.663	309.394
24450	4.89	1.5698	3.43795	-0.0940594	545.732	283.201
24455	4.891	1.5698	3.42527	-0.0946531	562.034	255.399
24460	4.892	1.5698	3.41198	-0.095186	578.424	226.584
24465	4.893	1.5698	3.39805	-0.0956536	594.779	197.411
24470	4.894	1.5698	3.3834	-0.0960519	610.981	168.513
24475	4.895	1.5698	3.36804	-0.0963774	626.884	140.448
24480	4.896	1.5698	3.35183	-0.096626	642.395	113.758
24485	4.897	1.5698	3.3347	-0.0967883	657.326	88.9113
24490	4.898	1.5698	3.31651	-0.0968546	671.528	66.0612
24495	4.899	1.5698	3.2972	-0.0968154	684.814	45.2183
24500	4.9	1.5698	3.27661	-0.0966609	697.071	26.3509
24505	4.901	1.5698	3.25455	-0.0963776	708.135	9.40302
24510	4.902	1.5698	3.23088	-0.0959487	717.871	0
24515	4.903	1.5698	3.20559	-0.0953637	726.19	0
24520	4.904	1.5698	3.17853	-0.094614	733.09	0
24525	4.905	1.5698	3.14968	-0.0936922	738.527	0
24530	4.906	1.5698	3.11894	-0.0925906	742.526	0
24535	4.907	1.5698	3.08625	-0.0913008	745.077	0
24540	4.908	1.5698	3.0515	-0.0898148	746.2	0
24545	4.909	1.5698	3.01468	-0.0881261	745.899	0
24550	4.91	1.5698	2.97571	-0.0862277	744.223	0
24555	4.911	1.5698	2.93446	-0.0841125	741.193	0
24560	4.912	1.5698	2.89092	-0.0817713	736.803	0
24565	4.913	1.5698	2.845	-0.0791968	731.105	0
24570	4.914	1.5698	2.79669	-0.0763836	724.121	0
24575	4.915	1.5698	2.74598	-0.0733283	715.905	0
24580	4.916	1.5698	2.69289	-0.070029	706.516	0
24585	4.917	1.5698	2.63745	-0.0664855	696.025	0
24590	4.918	1.5698	2.57969	-0.0626988	684.5	0
24595	4.919	1.5698	2.51966	-0.0586718	672.017	0
24600	4.92	1.5698	2.45747	-0.0544088	658.642	0
24605	4.921	1.5698	2.39322	-0.0499158	644.487	0
24610	4.922	1.5698	2.327	-0.0452005	629.639	0
24615	4.923	1.5698	2.25896	-0.0402722	614.185	0
24620	4.924	1.5698	2.18924	-0.0351414	598.236	0
24625	4.925	1.5698	2.11798	-0.0298199	581.877	0
24630	4.926	1.5698	2.0454	-0.0243206	565.209	0
24635	4.927	1.5698	1.97166	-0.0186584	548.36	0
24640	4.928	1.5698	1.89696	-0.012849	531.415	0
24645	4.929	1.5698	1.82148	-0.00690818	514.489	0
24650	4.93	1.5698	1.74539	-0.000851081	497.655	0
24655	4.931	1.58244	1.66884	0.00530773	480.999	0
24660	4.932	1.61433	1.6105	0.0115547	464.576	3.06206
24665	4.933	1.6462	1.6105	0.0178775	448.434	8.17128
24670	4.934	1.67798	1.6105	0.0242643	432.635	13.0756
24675	4.935	1.70962	1.6105	0.0307042	417.211	17.7491
24680	4.936	1.74106	1.6105	0.0371869	402.181	22.1845
24685	4.937	1.77225	1.6105	0.043702	387.572	26.3592
24690	4.938	1.80313	1.6105	0.0502394	373.401	30.2706
24695	4.939	1.83367	1.6105	0.056789	359.713	33.9045
24700	4.94	1.8638	1.6105	0.0633411	346.483	37.264
24705	4.941	1.8935	1.6105	0.0698869	333.75	40.3501
24710	4.942	1.92274	1.6105	0.076424	321.473	43.1897
24715	4.943	1.95154	1.6105	0.0829501	309.603	45.7915
24720	4.944	1.97988	1.6105	0.0894633	298.106	48.1709
24725	4.945	2.00775	1.6105	0.0959622	286.946	50.3355
24730	4.946	2.03516	1.6105	0.102445	276.084	52.3145
24735	4.947	2.06212	1.6105	0.108912	265.478	54.1041
24740	4.948	2.0886	1.6105	0.115361	255.095	55.722
24745	4.949	2.11462	1.6105	0.121792	244.93	56.8577
24750	4.95	2.13967	1.6105	0.128094	235.809	57.9628
24755	4.951	2.16441	1.6105	0.134406	226.555	59.0619
24760	4.952	2.18888	1.6105	0.140738	217.099	59.9054
24765	4.953	2.21269	1.6105	0.147003	208.113	60.6942
24770	4.954	2.23614	1.6105	0.153263	199.079	61.4006
24775	4.955	2.25918	1.6105	0.159506	190.073	62.0178
24780	4.956	2.28178	1.6105	0.165729	181.134	62.5487
24785	4.957	2.30396	1.6105	0.171932	172.217	63.0043
24790	4.958	2.32572	1.6105	0.178114	163.341	63.3891
24795	4.959	2.34706	1.6105	0.184274	154.499	63.7008
24800	4.96	2.36798	1.6105	0.190412	145.684	63.9483
24805	4.961	2.38849	1.6105	0.196526	136.904	64.1204
24810	4.962	2.40857	1.6105	0.202614	128.147	64.2317
24815	4.963	2.42823	1.6105	0.208677	119.422	64.2901
24820	4.964	2.44749	1.6105	0.214712	110.729	64.2696
24825	4.965	2.4663	1.6105	0.220719	102.07	64.1981
24830	4.966	2.4847	1.6105	0.226697	93.449	64.0751
24835	4.967	2.5027	1.6105	0.232644	84.859	63.8902
24840	4.968	2.52027	1.6105	0.23856	76.3	63.655
24845	4.969	2.53743	1.6105	0.244444	67.7725	63.3599
24850	4.97	2.55416	1.6105	0.250295	59.2921	63.0273
24855	4.971	2.5705	1.6105	0.256111	50.8435	62.6393
24860	4.972	2.58642	1.6105	0.261892	42.4383	62.1993
24865	4.973	2.60193	1.6105	0.267637	34.0809	61.7173
24870	4.974	2.61703	1.6105	0.273343	25.7729	61.1763
24875	4.975	2.6317	1.6105	0.279011	17.5141	60.6007
24880	4.976	2.64598	1.6105	0.284639	9.31707	59.9692
24885	4.977	2.65983	1.6105	0.290226	1.18129	59.3077
24890	4.978	2.6733	1.6105	0.295769	0	58.59
24895	4.979	2.68635	1.6105	0.30127	0	57.8373
24900	4.98	2.699	1.6105	0.306726	0	57.0469
24905	4.981	2.71125	1.6105	0.31214	0	56.2293
24910	4.982	2.72313	1.6105	0.317511	0	55.3776
24915	4.983	2.73462	1.6105	0.32284	0	54.5019
24920	4.984	2.74573	1.6105	0.328127	0	53.6191
24925	4.985	2.75651	1.6105	0.333373	0	52.7077
24930	4.986	2.76691	1.6105	0.338577	0	51.7792
24935	4.987	2.77696	1.6105	0.343741	0	50.8445
24940	4.988	2.78667	1.6105	0.348865	0	49.9069
24945	4.989	2.79607	1.6105	0.353949	0	48.9436
24950	4.99	2.80511	1.6105	0.358993	0	47.9892
24955	4.991	2.81385	1.6105	0.363997	0	47.02
24960	4.992	2.82226	1.6105	0.368962	0	46.0513
24965	4.993	2.83036	1.6105	0.373888	0	45.0673
24970	4.994	2.83814	1.6105	0.378774	0	44.0954
24975	4.995	2.84565	1.6105	0.383622	0	43.1098
24980	4.996	2.85284	1.6105	0.388431	0	42.1284
24985	4.997	2.85974	1.6105	0.393202	0	41.153
24990	4.998	2.86638	1.6105	0.397934	0	40.1673
24995	4.999	2.87271	1.6105	0.402627	0	25.5235
25000	5	2.85683	1.6105	0.401743	0	12.1439
25005	5.001	0	0	0	0	0
25010	5.002	0	0	0	0	0
25015	5.003	0	0	0	0	0
25020	5.004	0	0	0	0	0
25025	5.005	0	0	0	0	0
25030	5.006	0	0	0	0	0
25035	5.007	0	0	0	0	0
25040	5.008	0	0	0	0	0
25045	5.009	0	0	0	0	0
