TimeSlice	Time	hip_L_flx_rec	hip_L_ext_rec	hip_L	hip_L_flx	hip_L_ext
0	0	1.5698	1.6105	0	0	0
5	0.001	1.5701	1.61063	0	0	0
10	0.002	1.5704	1.6105	1.30848e-017	1.1826	0
15	0.003	1.57546	1.6105	0.00094493	1.34237	0
20	0.004	1.58102	1.6105	0.00199806	4.3618	0
25	0.005	1.58575	1.6105	0.00289838	11.1064	0
30	0.006	1.58913	1.6105	0.00354244	21.0137	0
35	0.007	1.59144	1.6105	0.00398037	41.9764	0
40	0.008	1.59302	1.6105	0.00427814	69.1673	0
45	0.009	1.59429	1.6105	0.0045157	105.887	0
50	0.01	1.59729	1.6105	0.00510159	143.558	31.8929
55	0.011	1.60006	1.6105	0.00564805	184.897	76.1724
60	0.012	1.60265	1.6105	0.00616492	226.865	118.231
65	0.013	1.60503	1.6105	0.00664421	268.346	159.805
70	0.014	1.60717	1.6105	0.00707935	308.812	199.208
75	0.015	1.60912	1.6105	0.00748193	347.126	235.788
80	0.016	1.6108	1.6105	0.00783524	383.966	269.229
85	0.017	1.61221	1.6105	0.00813864	418.273	300.655
90	0.018	1.6134	1.6105	0.00840038	456.3	329.396
95	0.019	1.6155	1.6105	0.00884588	482.784	356.046
100	0.02	1.61749	1.6105	0.00927494	507.546	380.441
105	0.021	1.61953	1.6105	0.00971715	530.308	402.493
110	0.022	1.62169	1.6105	0.0101853	551.74	423.052
115	0.023	1.62396	1.6105	0.0106817	570.33	441.801
120	0.024	1.62636	1.6105	0.0112082	586.889	459.819
125	0.025	1.6289	1.6105	0.011767	602.292	475.915
130	0.026	1.63158	1.6105	0.0123592	616.525	491.053
135	0.027	1.63441	1.6105	0.0129886	629.794	504.973
140	0.028	1.63742	1.6105	0.0136562	641.64	517.483
145	0.029	1.64059	1.6105	0.0143641	652.016	529.477
150	0.03	1.64395	1.6105	0.0151138	660.759	540.441
155	0.031	1.64749	1.6105	0.0159076	668.404	550.61
160	0.032	1.65121	1.6105	0.0167462	674.539	560.326
165	0.033	1.65513	1.6105	0.0176308	680.517	569.163
170	0.034	1.65924	1.6105	0.018562	684.769	577.909
175	0.035	1.66355	1.6105	0.0195405	688.54	585.872
180	0.036	1.66804	1.6105	0.0205663	691.766	592.364
185	0.037	1.67274	1.6105	0.0216394	694.763	599.617
190	0.038	1.67762	1.6105	0.0227602	702.27	604.965
195	0.039	1.68268	1.6105	0.0239284	703.306	611.673
200	0.04	1.68794	1.6105	0.0251455	704.555	617.04
205	0.041	1.69339	1.6105	0.0264109	704.23	622.933
210	0.042	1.69902	1.6105	0.0277245	704.063	628.326
215	0.043	1.70482	1.6105	0.0290851	702.699	632.679
220	0.044	1.71079	1.6105	0.0304923	701.331	638.148
225	0.045	1.71693	1.6105	0.0319451	699.278	642.655
230	0.046	1.72323	1.6105	0.0334423	697.106	648.64
235	0.047	1.72967	1.6105	0.0349829	694.938	653.652
240	0.048	1.73626	1.6105	0.0365658	692.053	658.929
245	0.049	1.74298	1.6105	0.0381895	694.888	664.488
250	0.05	1.74982	1.6105	0.0398527	690.671	669.187
255	0.051	1.75679	1.6105	0.0415557	687.336	675.022
260	0.052	1.76388	1.6105	0.0432964	683.321	678.845
265	0.053	1.77105	1.6105	0.0450734	679.505	684.294
270	0.054	1.77833	1.6105	0.0468852	675.885	688.203
275	0.055	1.7857	1.6105	0.0487303	672.481	693.165
280	0.056	1.79314	1.6105	0.0506062	669.444	697.207
285	0.057	1.80065	1.6105	0.0525133	665.774	701.855
290	0.058	1.80823	1.6105	0.0544494	661.45	707.131
295	0.059	1.81585	1.6105	0.0564128	657.372	712.999
300	0.06	1.82352	1.6105	0.0584021	652.992	718.008
305	0.061	1.83123	1.6105	0.0604155	648.268	723.064
310	0.062	1.83895	1.6105	0.0624511	649.76	727.269
315	0.063	1.84669	1.6105	0.0645068	644.513	730.634
320	0.064	1.85445	1.6105	0.0665829	640.161	731.802
325	0.065	1.86221	1.6105	0.0686778	635.735	730.223
330	0.066	1.86997	1.6105	0.0707902	631.671	727.24
335	0.067	1.87773	1.6105	0.0729189	632.961	720.339
340	0.068	1.88548	1.6105	0.0750634	627.947	708.531
345	0.069	1.89323	1.6105	0.0772251	623.439	694.473
350	0.07	1.90097	1.6105	0.0794037	624.481	675.094
355	0.071	1.90871	1.6105	0.0815998	619.433	649.885
360	0.072	1.91646	1.6105	0.0838162	614.371	622.719
365	0.073	1.92424	1.6105	0.0860557	609.568	589.367
370	0.074	1.93206	1.6105	0.0883207	604.23	554.207
375	0.075	1.93993	1.6105	0.0906151	599.368	516.562
380	0.076	1.94787	1.6105	0.0929428	594.312	478.753
385	0.077	1.95591	1.6105	0.0953076	594.911	442.511
390	0.078	1.96405	1.6105	0.0977127	589.815	407.749
395	0.079	1.97232	1.6105	0.100163	585.03	373.836
400	0.08	1.98073	1.6105	0.102663	579.326	341.89
405	0.081	1.98929	1.6105	0.105214	573.511	311.657
410	0.082	1.99843	1.6105	0.107908	566.472	283.68
415	0.083	2.00818	1.6105	0.110747	558.276	257.736
420	0.084	2.01832	1.6105	0.113688	550.044	233.622
425	0.085	2.02859	1.6105	0.116685	541.743	211.434
430	0.086	2.039	1.6105	0.119735	533.753	191.104
435	0.087	2.04952	1.6105	0.122837	524.868	172.317
440	0.088	2.06017	1.6105	0.125988	516.608	155.091
445	0.089	2.0709	1.6105	0.129186	508.746	139.282
450	0.09	2.08173	1.6105	0.132429	500.925	124.812
455	0.091	2.09263	1.6105	0.135716	492.504	111.605
460	0.092	2.1036	1.6105	0.139047	484.208	99.5495
465	0.093	2.11465	1.6105	0.142421	475.602	88.5891
470	0.094	2.12576	1.6105	0.145835	465.576	78.6581
475	0.095	2.13693	1.6105	0.149293	456.59	69.663
480	0.096	2.14818	1.6105	0.152798	447.798	61.5418
485	0.097	2.15952	1.6105	0.15635	439.895	54.2293
490	0.098	2.17093	1.6105	0.159948	437.006	47.6264
495	0.099	2.18239	1.6105	0.163586	428	41.6813
500	0.1	2.19386	1.6105	0.167261	419.037	36.3306
505	0.101	2.20535	1.6105	0.170968	410.658	31.4954
510	0.102	2.2168	1.6105	0.1747	401.79	27.1449
515	0.103	2.22822	1.6105	0.178454	392.198	23.2225
520	0.104	2.23957	1.6105	0.182227	383.152	19.6884
525	0.105	2.25085	1.6105	0.186017	374.258	16.5138
530	0.106	2.26206	1.6105	0.189821	366.514	13.6487
535	0.107	2.27316	1.6105	0.193637	358.983	11.0831
540	0.108	2.28419	1.6105	0.197465	351.169	8.77614
545	0.109	2.29511	1.6105	0.201304	342.991	6.71145
550	0.11	2.30594	1.6105	0.205154	335.496	4.89201
555	0.111	2.3167	1.6105	0.209021	328.357	3.30369
560	0.112	2.32742	1.6105	0.212911	321.141	1.98
565	0.113	2.33817	1.6105	0.216839	312.721	0.936499
570	0.114	2.34902	1.6105	0.220819	303.626	0.216579
575	0.115	2.36006	1.6105	0.224869	294.765	0
580	0.116	2.37134	1.6105	0.229011	285.399	0
585	0.117	2.38296	1.6105	0.233262	276.197	0.166441
590	0.118	2.39501	1.6105	0.237641	265	0.915437
595	0.119	2.40751	1.6105	0.242161	253.331	2.0513
600	0.12	2.42052	1.6105	0.246833	240.927	3.56218
605	0.121	2.43406	1.6105	0.251662	228.213	5.4261
610	0.122	2.44813	1.6105	0.256655	213.688	7.61751
615	0.123	2.46274	1.6105	0.261817	197.703	10.1327
620	0.124	2.4779	1.6105	0.267149	181.069	12.9225
625	0.125	2.49358	1.6105	0.272648	163.876	15.9407
630	0.126	2.50973	1.6105	0.27831	146.581	19.1502
635	0.127	2.52631	1.6105	0.284127	128.576	22.5328
640	0.128	2.54331	1.6105	0.290095	109.691	26.0199
645	0.129	2.56064	1.6105	0.296203	89.7638	29.5767
650	0.13	2.57824	1.6105	0.302437	70.0653	33.1609
655	0.131	2.59606	1.6105	0.308784	50.2441	36.7101
660	0.132	2.614	1.6105	0.315228	30.0987	40.1959
665	0.133	2.632	1.6105	0.321755	8.76751	43.5906
670	0.134	2.65	1.6105	0.328354	0	46.8841
675	0.135	2.66798	1.6105	0.335023	0	50.0703
680	0.136	2.68592	1.6105	0.341749	0	53.1165
685	0.137	2.70374	1.6105	0.348522	0	56.0096
690	0.138	2.72141	1.6105	0.355334	0	58.7445
695	0.139	2.7389	1.6105	0.362182	0	61.312
700	0.14	2.75619	1.6105	0.369053	0	63.7054
705	0.141	2.77322	1.6105	0.375938	0	65.8895
710	0.142	2.78994	1.6105	0.382825	0	67.8803
715	0.143	2.80635	1.6105	0.389707	0	69.669
720	0.144	2.8224	1.6105	0.396581	0	71.2755
725	0.145	2.8381	1.6105	0.403443	0	51.7367
730	0.146	2.81977	1.6105	0.401822	0	33.8349
735	0.147	2.80171	1.6105	0.400218	0	17.5726
740	0.148	2.78413	1.6105	0.398693	0	2.92135
745	0.149	2.76721	1.6105	0.397288	0	0
750	0.15	2.75109	1.6105	0.39604	4.51533	0
755	0.151	2.73584	1.6105	0.394971	36.1728	0
760	0.152	2.72151	1.6105	0.394095	64.12	0
765	0.153	2.70817	1.6105	0.393432	88.1479	0
770	0.154	2.69587	1.6105	0.392998	108.38	0
775	0.155	2.68469	1.6105	0.392812	124.28	0
780	0.156	2.6747	1.6105	0.392892	136.754	0
785	0.157	2.66595	1.6105	0.393257	146.037	0
790	0.158	2.65847	1.6105	0.393919	152.129	0
795	0.159	2.65228	1.6105	0.394886	154.27	0
800	0.16	2.64739	1.6105	0.396159	152.767	0
805	0.161	2.64374	1.6105	0.397731	149.151	0
810	0.162	2.6413	1.6105	0.399597	143.11	0
815	0.163	2.63986	1.6105	0.401708	135.659	0
820	0.164	2.62943	1.6105	0.401542	148.138	0
825	0.165	2.61936	1.6105	0.401435	158.936	0
830	0.166	2.60981	1.6105	0.401434	167.59	0
835	0.167	2.60037	1.6105	0.401438	175.657	0
840	0.168	2.59103	1.6105	0.401436	182.928	0
845	0.169	2.58181	1.6105	0.401438	189.576	0
850	0.17	2.57266	1.6105	0.401438	196.043	0
855	0.171	2.56364	1.6105	0.401437	201.94	0
860	0.172	2.55471	1.6105	0.401437	207.146	0
865	0.173	2.54589	1.6105	0.401437	211.508	0
870	0.174	2.53714	1.6105	0.401437	215.977	0
875	0.175	2.52851	1.6105	0.401437	220.217	0
880	0.176	2.51998	1.6105	0.401436	224.236	0
885	0.177	2.51154	1.6105	0.401436	227.772	0
890	0.178	2.50319	1.6105	0.401436	231.134	0
895	0.179	2.49494	1.6105	0.401436	233.716	0
900	0.18	2.48678	1.6105	0.401435	235.788	0
905	0.181	2.47869	1.6105	0.401435	238.074	0
910	0.182	2.47071	1.6105	0.401435	240.202	0
915	0.183	2.46281	1.6105	0.401435	242.441	0
920	0.184	2.45501	1.6105	0.401434	243.675	0
925	0.185	2.44729	1.6105	0.401434	244.833	0
930	0.186	2.43966	1.6105	0.401434	245.91	0
935	0.187	2.43211	1.6105	0.401433	247.358	0
940	0.188	2.42465	1.6105	0.401433	248.912	0
945	0.189	2.41727	1.6105	0.401433	253.606	0
950	0.19	2.40997	1.6105	0.401433	254.263	0
955	0.191	2.40275	1.6105	0.401432	254.811	0
960	0.192	2.39562	1.6105	0.401432	255.49	0
965	0.193	2.38856	1.6105	0.401432	255.796	0
970	0.194	2.38158	1.6105	0.401432	256.582	0
975	0.195	2.37468	1.6105	0.401431	257.309	0
980	0.196	2.36785	1.6105	0.401431	258.116	0
985	0.197	2.3611	1.6105	0.401431	258.212	0
990	0.198	2.35443	1.6105	0.401431	258.564	0
995	0.199	2.34783	1.6105	0.401431	259.109	0
1000	0.2	2.3413	1.6105	0.40143	259.583	0
1005	0.201	2.33485	1.6105	0.40143	260.041	0
1010	0.202	2.32847	1.6105	0.40143	260.498	0
1015	0.203	2.32217	1.6105	0.401429	260.961	0
1020	0.204	2.31593	1.6105	0.401429	260.586	0
1025	0.205	2.30976	1.6105	0.401429	260.704	0
1030	0.206	2.30365	1.6105	0.401429	260.868	0
1035	0.207	2.29762	1.6105	0.401429	261.539	0
1040	0.208	2.29165	1.6105	0.401428	261.081	0
1045	0.209	2.28577	1.6105	0.401428	260.584	0
1050	0.21	2.27993	1.6105	0.401428	260.271	0
1055	0.211	2.27415	1.6105	0.401428	260.344	0
1060	0.212	2.26845	1.6105	0.401428	260.774	0
1065	0.213	2.2628	1.6105	0.401428	261.335	0
1070	0.214	2.25724	1.6105	0.401428	261.426	0
1075	0.215	2.25172	1.6105	0.401427	260.897	0
1080	0.216	2.24626	1.6105	0.401427	260.712	0
1085	0.217	2.24086	1.6105	0.401427	260.517	0
1090	0.218	2.23554	1.6105	0.401427	260.862	0
1095	0.219	2.23026	1.6105	0.401427	261.305	0
1100	0.22	2.22504	1.6105	0.401427	261.773	0
1105	0.221	2.21989	1.6105	0.401427	261.66	0
1110	0.222	2.21479	1.6105	0.401426	261.699	0
1115	0.223	2.20974	1.6105	0.401426	261.561	0
1120	0.224	2.20476	1.6105	0.401426	261.459	0
1125	0.225	2.19983	1.6105	0.401426	261.751	0
1130	0.226	2.19495	1.6105	0.401426	262	0
1135	0.227	2.19012	1.6105	0.401425	262.226	0
1140	0.228	2.18535	1.6105	0.401422	261.901	0
1145	0.229	2.18061	1.6105	0.401415	262.076	0
1150	0.23	2.17591	1.6105	0.401406	262.033	0
1155	0.231	2.17125	1.6105	0.401395	262.194	0
1160	0.232	2.16664	1.6105	0.401382	262.467	0
1165	0.233	2.16209	1.6105	0.401369	262.957	0
1170	0.234	2.15759	1.6105	0.401356	263.139	0
1175	0.235	2.15313	1.6105	0.401345	262.874	0
1180	0.236	2.14874	1.6105	0.401335	262.951	0
1185	0.237	2.1444	1.6105	0.401328	262.881	0
1190	0.238	2.14013	1.6105	0.401324	262.98	0
1195	0.239	2.13592	1.6105	0.401325	262.949	0
1200	0.24	2.13177	1.6105	0.40133	263.294	0
1205	0.241	2.12769	1.6105	0.401341	263.614	0
1210	0.242	2.12369	1.6105	0.401357	263.664	0
1215	0.243	2.11976	1.6105	0.40138	263.241	0
1220	0.244	2.11588	1.6105	0.401411	262.966	0
1225	0.245	2.1121	1.6105	0.40145	262.592	0
1230	0.246	2.10812	1.6105	0.40143	262.649	0
1235	0.247	2.10423	1.6105	0.401419	262.971	0
1240	0.248	2.10041	1.6105	0.401418	263.133	0
1245	0.249	2.09668	1.6105	0.401428	263.159	0
1250	0.25	2.09295	1.6105	0.401427	262.723	0
1255	0.251	2.08927	1.6105	0.401427	262.752	0
1260	0.252	2.08561	1.6105	0.401427	262.64	0
1265	0.253	2.08202	1.6105	0.401427	262.651	0
1270	0.254	2.07844	1.6105	0.401427	262.761	0
1275	0.255	2.07492	1.6105	0.401427	263.07	0
1280	0.256	2.07145	1.6105	0.401427	263.095	0
1285	0.257	2.06799	1.6105	0.401427	262.68	0
1290	0.258	2.06459	1.6105	0.401427	262.658	0
1295	0.259	2.06121	1.6105	0.401427	262.496	0
1300	0.26	2.05788	1.6105	0.401427	262.55	0
1305	0.261	2.0546	1.6105	0.401427	262.516	0
1310	0.262	2.05132	1.6105	0.401427	262.894	0
1315	0.263	2.04811	1.6105	0.401427	263.311	0
1320	0.264	2.04491	1.6105	0.401427	263.485	0
1325	0.265	2.04177	1.6105	0.401427	263.24	0
1330	0.266	2.03866	1.6105	0.401427	263.209	0
1335	0.267	2.03556	1.6105	0.401427	263.051	0
1340	0.268	2.03253	1.6105	0.401427	262.865	0
1345	0.269	2.02952	1.6105	0.401427	263.064	0
1350	0.27	2.02653	1.6105	0.401427	263.197	0
1355	0.271	2.02359	1.6105	0.401427	263.294	0
1360	0.272	2.02068	1.6105	0.401427	262.847	0
1365	0.273	2.01779	1.6105	0.401427	262.851	0
1370	0.274	2.01495	1.6105	0.401427	262.553	0
1375	0.275	2.01213	1.6105	0.401427	262.522	0
1380	0.276	2.00934	1.6105	0.401427	262.628	0
1385	0.277	2.00659	1.6105	0.401427	262.967	0
1390	0.278	2.00387	1.6105	0.401427	263.021	0
1395	0.279	2.00116	1.6105	0.401427	262.628	0
1400	0.28	1.99851	1.6105	0.401427	262.619	0
1405	0.281	1.99588	1.6105	0.401427	262.172	0
1410	0.282	1.99326	1.6105	0.401427	262.182	0
1415	0.283	1.99069	1.6105	0.401427	262.173	0
1420	0.284	1.98815	1.6105	0.401427	262.619	0
1425	0.285	1.98561	1.6105	0.401427	263.089	0
1430	0.286	1.98313	1.6105	0.401427	263.324	0
1435	0.287	1.98067	1.6105	0.401427	263.133	0
1440	0.288	1.97824	1.6105	0.401427	262.79	0
1445	0.289	1.97582	1.6105	0.401427	262.52	0
1450	0.29	1.97344	1.6105	0.401428	262.371	0
1455	0.291	1.97109	1.6105	0.401428	262.661	0
1460	0.292	1.96875	1.6105	0.401428	262.885	0
1465	0.293	1.96645	1.6105	0.401428	262.904	0
1470	0.294	1.96418	1.6105	0.401428	262.519	0
1475	0.295	1.96193	1.6105	0.401428	262.29	0
1480	0.296	1.95969	1.6105	0.401428	261.938	0
1485	0.297	1.95749	1.6105	0.401428	261.996	0
1490	0.298	1.95532	1.6105	0.401428	262.227	0
1495	0.299	1.95317	1.6105	0.401428	262.695	0
1500	0.3	1.95103	1.6105	0.401428	262.552	0
1505	0.301	1.94892	1.6105	0.401428	262.256	0
1510	0.302	1.94685	1.6105	0.401428	261.969	0
1515	0.303	1.94479	1.6105	0.401428	261.507	0
1520	0.304	1.94274	1.6105	0.401428	261.651	0
1525	0.305	1.94073	1.6105	0.401428	261.821	0
1530	0.306	1.93874	1.6105	0.401428	265.402	0
1535	0.307	1.93678	1.6105	0.401428	264.852	0
1540	0.308	1.93484	1.6105	0.401428	264.551	0
1545	0.309	1.93289	1.6105	0.401428	263.965	0
1550	0.31	1.931	1.6105	0.401428	263.608	0
1555	0.311	1.92912	1.6105	0.401428	263.569	0
1560	0.312	1.92726	1.6105	0.401428	263.679	0
1565	0.313	1.9254	1.6105	0.401428	263.86	0
1570	0.314	1.92359	1.6105	0.401428	263.241	0
1575	0.315	1.92179	1.6105	0.401428	262.875	0
1580	0.316	1.92001	1.6105	0.401428	262.248	0
1585	0.317	1.91826	1.6105	0.401428	262.17	0
1590	0.318	1.9165	1.6105	0.401428	262.196	0
1595	0.319	1.91478	1.6105	0.401428	262.596	0
1600	0.32	1.91308	1.6105	0.401428	262.616	0
1605	0.321	1.9114	1.6105	0.401428	262.36	0
1610	0.322	1.90974	1.6105	0.401428	261.898	0
1615	0.323	1.9081	1.6105	0.401428	261.443	0
1620	0.324	1.90645	1.6105	0.401428	261.461	0
1625	0.325	1.90485	1.6105	0.401428	261.465	0
1630	0.326	1.90326	1.6105	0.401428	262.009	0
1635	0.327	1.90169	1.6105	0.401428	262.542	0
1640	0.328	1.90014	1.6105	0.401428	262.733	0
1645	0.329	1.89858	1.6105	0.401428	262.098	0
1650	0.33	1.89706	1.6105	0.401428	261.688	0
1655	0.331	1.89556	1.6105	0.401428	261.487	0
1660	0.332	1.89407	1.6105	0.401428	261.615	0
1665	0.333	1.89261	1.6105	0.401428	262.042	0
1670	0.334	1.89115	1.6105	0.401428	262.554	0
1675	0.335	1.8897	1.6105	0.401428	262.562	0
1680	0.336	1.88828	1.6105	0.401428	261.671	0
1685	0.337	1.88687	1.6105	0.401428	261.335	0
1690	0.338	1.88548	1.6105	0.401428	261.049	0
1695	0.339	1.88411	1.6105	0.401428	261.346	0
1700	0.34	1.88275	1.6105	0.401428	261.723	0
1705	0.341	1.88139	1.6105	0.401428	262.136	0
1710	0.342	1.88006	1.6105	0.401428	261.693	0
1715	0.343	1.87875	1.6105	0.401428	261.119	0
1720	0.344	1.87745	1.6105	0.401428	260.842	0
1725	0.345	1.87616	1.6105	0.401428	260.769	0
1730	0.346	1.87489	1.6105	0.401428	261.158	0
1735	0.347	1.87364	1.6105	0.401428	261.504	0
1740	0.348	1.87238	1.6105	0.401428	261.64	0
1745	0.349	1.87115	1.6105	0.401428	260.901	0
1750	0.35	1.86993	1.6105	0.401428	260.536	0
1755	0.351	1.86874	1.6105	0.401428	260.297	0
1760	0.352	1.86755	1.6105	0.401428	260.533	0
1765	0.353	1.86637	1.6105	0.401428	260.964	0
1770	0.354	1.86521	1.6105	0.401428	261.605	0
1775	0.355	1.86404	1.6105	0.401428	261.481	0
1780	0.356	1.8629	1.6105	0.401428	260.779	0
1785	0.357	1.86178	1.6105	0.401428	260.458	0
1790	0.358	1.86067	1.6105	0.401428	260.147	0
1795	0.359	1.85957	1.6105	0.401428	260.502	0
1800	0.36	1.85849	1.6105	0.401428	260.886	0
1805	0.361	1.85741	1.6105	0.401428	261.396	0
1810	0.362	1.85635	1.6105	0.401428	260.842	0
1815	0.363	1.85528	1.6105	0.401428	260.379	0
1820	0.364	1.85424	1.6105	0.401428	260.104	0
1825	0.365	1.85322	1.6105	0.401428	260.193	0
1830	0.366	1.8522	1.6105	0.401428	260.601	0
1835	0.367	1.8512	1.6105	0.401428	261.12	0
1840	0.368	1.8502	1.6105	0.401428	261.13	0
1845	0.369	1.84922	1.6105	0.401428	260.236	0
1850	0.37	1.84825	1.6105	0.401428	259.914	0
1855	0.371	1.84729	1.6105	0.401428	259.661	0
1860	0.372	1.84633	1.6105	0.401428	259.998	0
1865	0.373	1.84538	1.6105	0.401428	260.438	0
1870	0.374	1.84445	1.6105	0.401428	264.129	0
1875	0.375	1.84353	1.6105	0.401428	263.444	0
1880	0.376	1.84263	1.6105	0.401428	262.652	0
1885	0.377	1.84173	1.6105	0.401428	262.184	0
1890	0.378	1.84084	1.6105	0.401428	261.948	0
1895	0.379	1.83996	1.6105	0.401428	262.209	0
1900	0.38	1.8391	1.6105	0.401428	262.438	0
1905	0.381	1.83824	1.6105	0.401428	262.505	0
1910	0.382	1.83737	1.6105	0.401428	261.575	0
1915	0.383	1.83653	1.6105	0.401428	261.094	0
1920	0.384	1.8357	1.6105	0.401428	260.767	0
1925	0.385	1.83488	1.6105	0.401428	260.942	0
1930	0.386	1.83407	1.6105	0.401428	261.328	0
1935	0.387	1.83327	1.6105	0.401428	261.935	0
1940	0.388	1.83247	1.6105	0.401428	261.559	0
1945	0.389	1.83168	1.6105	0.401428	260.78	0
1950	0.39	1.83091	1.6105	0.401428	260.461	0
1955	0.391	1.83014	1.6105	0.401428	260.171	0
1960	0.392	1.82938	1.6105	0.401429	260.549	0
1965	0.393	1.82863	1.6105	0.401429	260.966	0
1970	0.394	1.82788	1.6105	0.401429	261.133	0
1975	0.395	1.82715	1.6105	0.401429	260.379	0
1980	0.396	1.82642	1.6105	0.401429	259.954	0
1985	0.397	1.8257	1.6105	0.401429	259.781	0
1990	0.398	1.825	1.6105	0.401429	259.973	0
1995	0.399	1.82429	1.6105	0.401429	260.478	0
2000	0.4	1.8236	1.6105	0.401429	261.074	0
2005	0.401	1.82289	1.6105	0.401429	260.724	0
2010	0.402	1.82221	1.6105	0.401429	259.806	0
2015	0.403	1.82154	1.6105	0.401429	259.586	0
2020	0.404	1.82088	1.6105	0.401429	259.466	0
2025	0.405	1.82022	1.6105	0.401429	259.909	0
2030	0.406	1.81957	1.6105	0.401429	260.442	0
2035	0.407	1.81893	1.6105	0.40143	261.023	0
2040	0.408	1.81829	1.6105	0.40143	261.359	0
2045	0.409	1.81766	1.6105	0.40143	261.761	0
2050	0.41	1.81704	1.6105	0.40143	262.286	0
2055	0.411	1.81643	1.6105	0.40143	262.819	0
2060	0.412	1.81582	1.6105	0.40143	262.791	0
2065	0.413	1.81522	1.6105	0.40143	262.37	0
2070	0.414	1.81463	1.6105	0.40143	262.177	0
2075	0.415	1.81404	1.6105	0.40143	261.787	0
2080	0.416	1.81346	1.6105	0.40143	261.883	0
2085	0.417	1.81289	1.6105	0.40143	262.062	0
2090	0.418	1.8123	1.6105	0.40143	262.563	0
2095	0.419	1.81174	1.6105	0.40143	262.349	0
2100	0.42	1.81118	1.6105	0.40143	262.146	0
2105	0.421	1.81063	1.6105	0.40143	261.728	0
2110	0.422	1.81009	1.6105	0.40143	261.381	0
2115	0.423	1.80955	1.6105	0.40143	261.489	0
2120	0.424	1.80902	1.6105	0.40143	261.573	0
2125	0.425	1.8085	1.6105	0.40143	265.164	0
2130	0.426	1.80798	1.6105	0.40143	264.532	0
2135	0.427	1.80747	1.6105	0.40143	263.905	0
2140	0.428	1.80696	1.6105	0.40143	263.174	0
2145	0.429	1.80645	1.6105	0.40143	262.916	0
2150	0.43	1.80596	1.6105	0.40143	262.885	0
2155	0.431	1.80547	1.6105	0.40143	263.143	0
2160	0.432	1.80498	1.6105	0.40143	263.352	0
2165	0.433	1.8045	1.6105	0.40143	262.804	0
2170	0.434	1.80402	1.6105	0.40143	262.182	0
2175	0.435	1.80356	1.6105	0.40143	261.462	0
2180	0.436	1.80307	1.6105	0.40143	261.456	0
2185	0.437	1.80262	1.6105	0.40143	261.519	0
2190	0.438	1.80216	1.6105	0.40143	262.05	0
2195	0.439	1.80171	1.6105	0.40143	261.93	0
2200	0.44	1.80127	1.6105	0.40143	261.381	0
2205	0.441	1.80083	1.6105	0.40143	260.807	0
2210	0.442	1.8004	1.6105	0.401429	260.597	0
2215	0.443	1.79997	1.6105	0.401429	260.741	0
2220	0.444	1.79954	1.6105	0.401429	261.047	0
2225	0.445	1.79912	1.6105	0.401429	264.682	0
2230	0.446	1.7987	1.6105	0.401429	263.787	0
2235	0.447	1.79829	1.6105	0.40143	263.042	0
2240	0.448	1.79789	1.6105	0.40143	262.292	0
2245	0.449	1.79749	1.6105	0.40143	262.189	0
2250	0.45	1.79709	1.6105	0.40143	262.233	0
2255	0.451	1.7967	1.6105	0.40143	262.67	0
2260	0.452	1.79631	1.6105	0.40143	262.4	0
2265	0.453	1.79592	1.6105	0.40143	261.63	0
2270	0.454	1.79555	1.6105	0.40143	261.079	0
2275	0.455	1.79517	1.6105	0.401429	260.749	0
2280	0.456	1.7948	1.6105	0.401429	260.945	0
2285	0.457	1.79443	1.6105	0.401429	261.133	0
2290	0.458	1.79405	1.6105	0.401429	261.549	0
2295	0.459	1.79369	1.6105	0.401429	260.684	0
2300	0.46	1.79333	1.6105	0.401429	260.174	0
2305	0.461	1.79299	1.6105	0.401429	259.808	0
2310	0.462	1.79264	1.6105	0.401429	259.962	0
2315	0.463	1.79229	1.6105	0.401429	260.335	0
2320	0.464	1.79196	1.6105	0.401429	260.943	0
2325	0.465	1.79162	1.6105	0.401429	260.495	0
2330	0.466	1.79129	1.6105	0.401429	259.722	0
2335	0.467	1.79096	1.6105	0.401429	259.439	0
2340	0.468	1.79063	1.6105	0.401429	259.199	0
2345	0.469	1.79031	1.6105	0.401429	259.645	0
2350	0.47	1.79	1.6105	0.401429	260.102	0
2355	0.471	1.78968	1.6105	0.401429	260.616	0
2360	0.472	1.78937	1.6105	0.401429	260.871	0
2365	0.473	1.78907	1.6105	0.401429	261.334	0
2370	0.474	1.78876	1.6105	0.401429	261.841	0
2375	0.475	1.78846	1.6105	0.401429	265.414	0
2380	0.476	1.78817	1.6105	0.401429	265.032	0
2385	0.477	1.78787	1.6105	0.401429	264.572	0
2390	0.478	1.78758	1.6105	0.401429	264.131	0
2395	0.479	1.78729	1.6105	0.401429	263.502	0
2400	0.48	1.78701	1.6105	0.401429	263.481	0
2405	0.481	1.78673	1.6105	0.401429	263.488	0
2410	0.482	1.78643	1.6105	0.401429	266.922	0
2415	0.483	1.78616	1.6105	0.401429	266.212	0
2420	0.484	1.78588	1.6105	0.401429	265.494	0
2425	0.485	1.78562	1.6105	0.401429	264.707	0
2430	0.486	1.78535	1.6105	0.401429	264.245	0
2435	0.487	1.78509	1.6105	0.401429	264.131	0
2440	0.488	1.78483	1.6105	0.401429	264.167	0
2445	0.489	1.78457	1.6105	0.401429	264.298	0
2450	0.49	1.78432	1.6105	0.401429	263.634	0
2455	0.491	1.78407	1.6105	0.401429	262.994	0
2460	0.492	1.78382	1.6105	0.401429	262.278	0
2465	0.493	1.78358	1.6105	0.401429	262.182	0
2470	0.494	1.78333	1.6105	0.401429	262.224	0
2475	0.495	1.78309	1.6105	0.401429	262.645	0
2480	0.496	1.78285	1.6105	0.401429	262.681	0
2485	0.497	1.78262	1.6105	0.401429	262.08	0
2490	0.498	1.78238	1.6105	0.401429	261.479	0
2495	0.499	1.78216	1.6105	0.401429	261.048	0
2500	0.5	1.78193	1.6105	0.401429	261.131	0
2505	0.501	1.78171	1.6105	0.401429	261.218	0
2510	0.502	1.78148	1.6105	0.401429	261.836	0
2515	0.503	1.78126	1.6105	0.401429	261.306	0
2520	0.504	1.78104	1.6105	0.401429	260.732	0
2525	0.505	1.78083	1.6105	0.401429	260.191	0
2530	0.506	1.78062	1.6105	0.401429	260.176	0
2535	0.507	1.78041	1.6105	0.401429	260.411	0
2540	0.508	1.7802	1.6105	0.401429	260.909	0
2545	0.509	1.77999	1.6105	0.401429	260.966	0
2550	0.51	1.77979	1.6105	0.401429	260.198	0
2555	0.511	1.77959	1.6105	0.401429	259.757	0
2560	0.512	1.77939	1.6105	0.401429	259.324	0
2565	0.513	1.7792	1.6105	0.401429	259.609	0
2570	0.514	1.779	1.6105	0.401429	259.937	0
2575	0.515	1.77881	1.6105	0.401429	263.668	0
2580	0.516	1.77862	1.6105	0.401429	262.747	0
2585	0.517	1.77843	1.6105	0.401429	262.001	0
2590	0.518	1.77825	1.6105	0.401429	261.499	0
2595	0.519	1.77807	1.6105	0.401429	261.405	0
2600	0.52	1.77788	1.6105	0.401429	261.659	0
2605	0.521	1.7777	1.6105	0.401429	262.052	0
2610	0.522	1.77752	1.6105	0.401429	262.352	0
2615	0.523	1.77735	1.6105	0.401429	262.336	0
2620	0.524	1.77716	1.6105	0.401429	262.729	0
2625	0.525	1.77699	1.6105	0.401429	263.036	0
2630	0.526	1.77681	1.6105	0.401429	263.174	0
2635	0.527	1.77665	1.6105	0.401429	262.783	0
2640	0.528	1.77648	1.6105	0.401429	262.588	0
2645	0.529	1.77632	1.6105	0.401429	262.204	0
2650	0.53	1.77615	1.6105	0.401429	262.053	0
2655	0.531	1.776	1.6105	0.401429	262.186	0
2660	0.532	1.77583	1.6105	0.401429	262.431	0
2665	0.533	1.77568	1.6105	0.401429	262.723	0
2670	0.534	1.77552	1.6105	0.401429	262.202	0
2675	0.535	1.77537	1.6105	0.401429	261.742	0
2680	0.536	1.77521	1.6105	0.401429	261.146	0
2685	0.537	1.77507	1.6105	0.401429	261.134	0
2690	0.538	1.77492	1.6105	0.401429	261.245	0
2695	0.539	1.77477	1.6105	0.401428	261.728	0
2700	0.54	1.77463	1.6105	0.401429	261.818	0
2705	0.541	1.77448	1.6105	0.401429	261.363	0
2710	0.542	1.77434	1.6105	0.401429	260.829	0
2715	0.543	1.7742	1.6105	0.401429	260.434	0
2720	0.544	1.77406	1.6105	0.401429	260.55	0
2725	0.545	1.77392	1.6105	0.401429	260.654	0
2730	0.546	1.77379	1.6105	0.401429	261.295	0
2735	0.547	1.77365	1.6105	0.401429	260.918	0
2740	0.548	1.77352	1.6105	0.401429	260.392	0
2745	0.549	1.77339	1.6105	0.401429	259.864	0
2750	0.55	1.77326	1.6105	0.401429	259.853	0
2755	0.551	1.77313	1.6105	0.401429	260.079	0
2760	0.552	1.77301	1.6105	0.401429	260.574	0
2765	0.553	1.77288	1.6105	0.401429	260.795	0
2770	0.554	1.77275	1.6105	0.401429	260.061	0
2775	0.555	1.77263	1.6105	0.401429	259.621	0
2780	0.556	1.77251	1.6105	0.401429	259.175	0
2785	0.557	1.77239	1.6105	0.401429	259.448	0
2790	0.558	1.77227	1.6105	0.401429	259.77	0
2795	0.559	1.77215	1.6105	0.401429	263.514	0
2800	0.56	1.77204	1.6105	0.401429	262.644	0
2805	0.561	1.77192	1.6105	0.401429	261.902	0
2810	0.562	1.77181	1.6105	0.401429	261.387	0
2815	0.563	1.77169	1.6105	0.401429	261.278	0
2820	0.564	1.77158	1.6105	0.401429	261.523	0
2825	0.565	1.77148	1.6105	0.401429	261.903	0
2830	0.566	1.77137	1.6105	0.401429	261.579	0
2835	0.567	1.77126	1.6105	0.401429	260.513	0
2840	0.568	1.77115	1.6105	0.401429	260.125	0
2845	0.569	1.77105	1.6105	0.401429	259.848	0
2850	0.57	1.77094	1.6105	0.401429	260.164	0
2855	0.571	1.77084	1.6105	0.401429	260.59	0
2860	0.572	1.77074	1.6105	0.401429	260.996	0
2865	0.573	1.77064	1.6105	0.401429	261.227	0
2870	0.574	1.77054	1.6105	0.401429	261.587	0
2875	0.575	1.77044	1.6105	0.401429	262.087	0
2880	0.576	1.77035	1.6105	0.401429	262.597	0
2885	0.577	1.77025	1.6105	0.401429	262.556	0
2890	0.578	1.77015	1.6105	0.401429	262.133	0
2895	0.579	1.77006	1.6105	0.401429	261.807	0
2900	0.58	1.76997	1.6105	0.401429	261.39	0
2905	0.581	1.76987	1.6105	0.401429	261.51	0
2910	0.582	1.76978	1.6105	0.401429	261.72	0
2915	0.583	1.7697	1.6105	0.401429	262.261	0
2920	0.584	1.7696	1.6105	0.401429	262.085	0
2925	0.585	1.76952	1.6105	0.401429	261.54	0
2930	0.586	1.76943	1.6105	0.401429	261.074	0
2935	0.587	1.76934	1.6105	0.401429	260.77	0
2940	0.588	1.76926	1.6105	0.401429	260.956	0
2945	0.589	1.76917	1.6105	0.401429	261.119	0
2950	0.59	1.76909	1.6105	0.401429	264.75	0
2955	0.591	1.76901	1.6105	0.401429	264.035	0
2960	0.592	1.76893	1.6105	0.401429	263.299	0
2965	0.593	1.76885	1.6105	0.401429	262.599	0
2970	0.594	1.76877	1.6105	0.401429	262.421	0
2975	0.595	1.76869	1.6105	0.401429	262.485	0
2980	0.596	1.76861	1.6105	0.401429	262.826	0
2985	0.597	1.76853	1.6105	0.401429	262.893	0
2990	0.598	1.76846	1.6105	0.401429	262.012	0
2995	0.599	1.76838	1.6105	0.401429	261.429	0
3000	0.6	1.76831	1.6105	0.401429	260.849	0
3005	0.601	1.76824	1.6105	0.401429	260.995	0
3010	0.602	1.76816	1.6105	0.401429	261.198	0
3015	0.603	1.76809	1.6105	0.401429	264.822	0
3020	0.604	1.76802	1.6105	0.401429	263.856	0
3025	0.605	1.76795	1.6105	0.401429	263.019	0
3030	0.606	1.76788	1.6105	0.401429	262.416	0
3035	0.607	1.76781	1.6105	0.401429	262.225	0
3040	0.608	1.76774	1.6105	0.401429	262.394	0
3045	0.609	1.76768	1.6105	0.401429	262.705	0
3050	0.61	1.76761	1.6105	0.401429	262.317	0
3055	0.611	1.76754	1.6105	0.401429	261.187	0
3060	0.612	1.76748	1.6105	0.401429	260.745	0
3065	0.613	1.76741	1.6105	0.401429	260.414	0
3070	0.614	1.76733	1.6105	0.401429	260.678	0
3075	0.615	1.76727	1.6105	0.401429	261.062	0
3080	0.616	1.76722	1.6105	0.401429	261.43	0
3085	0.617	1.76716	1.6105	0.401429	261.641	0
3090	0.618	1.76708	1.6105	0.401429	261.958	0
3095	0.619	1.76702	1.6105	0.401429	262.427	0
3100	0.62	1.76696	1.6105	0.401429	262.91	0
3105	0.621	1.7669	1.6105	0.401429	262.844	0
3110	0.622	1.76685	1.6105	0.401429	262.397	0
3115	0.623	1.76679	1.6105	0.401429	262.049	0
3120	0.624	1.76675	1.6105	0.401429	261.612	0
3125	0.625	1.7667	1.6105	0.401429	261.714	0
3130	0.626	1.76664	1.6105	0.401429	261.907	0
3135	0.627	1.76658	1.6105	0.401429	262.426	0
3140	0.628	1.76653	1.6105	0.401429	262.236	0
3145	0.629	1.76647	1.6105	0.401429	261.684	0
3150	0.63	1.76642	1.6105	0.401429	261.206	0
3155	0.631	1.76635	1.6105	0.401429	260.891	0
3160	0.632	1.7663	1.6105	0.401429	261.067	0
3165	0.633	1.76625	1.6105	0.401429	261.221	0
3170	0.634	1.76622	1.6105	0.401429	264.843	0
3175	0.635	1.76617	1.6105	0.401429	263.997	0
3180	0.636	1.76612	1.6105	0.401429	263.227	0
3185	0.637	1.76605	1.6105	0.401429	262.528	0
3190	0.638	1.766	1.6105	0.401429	262.362	0
3195	0.639	1.76595	1.6105	0.401429	262.44	0
3200	0.64	1.7659	1.6105	0.401429	262.794	0
3205	0.641	1.76586	1.6105	0.401429	262.551	0
3210	0.642	1.76581	1.6105	0.401429	261.634	0
3215	0.643	1.76576	1.6105	0.401429	261.111	0
3220	0.644	1.76572	1.6105	0.401429	260.611	0
3225	0.645	1.76567	1.6105	0.401429	260.824	0
3230	0.646	1.76563	1.6105	0.401429	261.086	0
3235	0.647	1.76559	1.6105	0.401429	264.72	0
3240	0.648	1.76556	1.6105	0.401429	263.722	0
3245	0.649	1.7655	1.6105	0.401429	262.904	0
3250	0.65	1.76545	1.6105	0.401429	262.334	0
3255	0.651	1.76541	1.6105	0.401429	262.174	0
3260	0.652	1.76537	1.6105	0.401429	262.371	0
3265	0.653	1.76533	1.6105	0.401429	262.706	0
3270	0.654	1.76529	1.6105	0.401429	262.891	0
3275	0.655	1.76525	1.6105	0.401429	262.812	0
3280	0.656	1.76521	1.6105	0.401429	263.165	0
3285	0.657	1.76517	1.6105	0.401429	263.443	0
3290	0.658	1.76513	1.6105	0.401429	263.556	0
3295	0.659	1.7651	1.6105	0.401429	263.148	0
3300	0.66	1.76506	1.6105	0.401429	262.812	0
3305	0.661	1.76502	1.6105	0.401429	262.379	0
3310	0.662	1.76498	1.6105	0.401429	262.214	0
3315	0.663	1.76495	1.6105	0.401429	262.345	0
3320	0.664	1.76491	1.6105	0.401429	262.592	0
3325	0.665	1.76489	1.6105	0.401429	262.669	0
3330	0.666	1.76486	1.6105	0.401429	262.124	0
3335	0.667	1.7648	1.6105	0.401429	261.648	0
3340	0.668	1.76477	1.6105	0.401429	261.098	0
3345	0.669	1.76473	1.6105	0.401429	261.137	0
3350	0.67	1.7647	1.6105	0.401429	261.295	0
3355	0.671	1.76467	1.6105	0.401429	261.812	0
3360	0.672	1.76463	1.6105	0.401429	261.76	0
3365	0.673	1.7646	1.6105	0.401429	261.141	0
3370	0.674	1.76457	1.6105	0.401429	260.633	0
3375	0.675	1.76454	1.6105	0.401429	260.313	0
3380	0.676	1.7645	1.6105	0.401429	260.503	0
3385	0.677	1.76447	1.6105	0.401429	260.68	0
3390	0.678	1.76444	1.6105	0.401429	264.348	0
3395	0.679	1.76441	1.6105	0.401429	263.422	0
3400	0.68	1.76438	1.6105	0.401429	262.668	0
3405	0.681	1.76435	1.6105	0.401429	262.013	0
3410	0.682	1.76432	1.6105	0.401429	261.898	0
3415	0.683	1.76429	1.6105	0.401429	262.028	0
3420	0.684	1.76426	1.6105	0.401429	262.43	0
3425	0.685	1.76423	1.6105	0.401429	262.108	0
3430	0.686	1.7642	1.6105	0.401429	261.2	0
3435	0.687	1.76418	1.6105	0.401429	260.72	0
3440	0.688	1.76415	1.6105	0.401429	260.272	0
3445	0.689	1.76412	1.6105	0.401429	260.532	0
3450	0.69	1.76409	1.6105	0.401429	260.839	0
3455	0.691	1.76407	1.6105	0.401429	261.315	0
3460	0.692	1.76404	1.6105	0.401429	261.487	0
3465	0.693	1.76401	1.6105	0.401429	261.853	0
3470	0.694	1.76399	1.6105	0.401429	262.266	0
3475	0.695	1.76396	1.6105	0.401429	265.801	0
3480	0.696	1.76394	1.6105	0.401429	265.339	0
3485	0.697	1.76391	1.6105	0.401429	264.816	0
3490	0.698	1.76389	1.6105	0.401429	264.318	0
3495	0.699	1.76386	1.6105	0.401429	263.638	0
3500	0.7	1.76384	1.6105	0.401429	263.583	0
3505	0.701	1.76382	1.6105	0.401429	263.553	0
3510	0.702	1.76379	1.6105	0.401429	263.957	0
3515	0.703	1.76377	1.6105	0.401429	263.569	0
3520	0.704	1.76375	1.6105	0.401429	263.051	0
3525	0.705	1.76372	1.6105	0.401429	262.413	0
3530	0.706	1.7637	1.6105	0.401429	262.089	0
3535	0.707	1.76367	1.6105	0.401429	262.11	0
3540	0.708	1.76365	1.6105	0.401429	262.283	0
3545	0.709	1.76363	1.6105	0.401429	265.816	0
3550	0.71	1.76361	1.6105	0.401429	264.913	0
3555	0.711	1.76359	1.6105	0.401429	264.082	0
3560	0.712	1.76357	1.6105	0.401429	263.215	0
3565	0.713	1.76354	1.6105	0.401429	262.997	0
3570	0.714	1.76352	1.6105	0.401429	262.939	0
3575	0.715	1.7635	1.6105	0.401428	263.278	0
3580	0.716	1.76348	1.6105	0.401429	263.25	0
3585	0.717	1.76346	1.6105	0.401429	262.445	0
3590	0.718	1.76344	1.6105	0.401429	261.772	0
3595	0.719	1.76342	1.6105	0.401429	261.315	0
3600	0.72	1.7634	1.6105	0.401429	261.395	0
3605	0.721	1.76339	1.6105	0.401429	261.48	0
3610	0.722	1.76337	1.6105	0.401429	265.08	0
3615	0.723	1.76335	1.6105	0.401429	264.008	0
3620	0.724	1.76333	1.6105	0.401429	263.184	0
3625	0.725	1.76331	1.6105	0.401429	262.49	0
3630	0.726	1.76329	1.6105	0.401429	262.348	0
3635	0.727	1.76327	1.6105	0.401429	262.456	0
3640	0.728	1.76326	1.6105	0.401429	262.838	0
3645	0.729	1.76324	1.6105	0.401429	263.017	0
3650	0.73	1.76322	1.6105	0.401429	263.056	0
3655	0.731	1.76321	1.6105	0.401429	263.353	0
3660	0.732	1.76319	1.6105	0.401429	263.519	0
3665	0.733	1.76317	1.6105	0.401429	263.6	0
3670	0.734	1.76316	1.6105	0.401429	263.088	0
3675	0.735	1.76313	1.6105	0.401429	262.881	0
3680	0.736	1.76312	1.6105	0.401429	262.388	0
3685	0.737	1.7631	1.6105	0.401429	262.269	0
3690	0.738	1.76309	1.6105	0.401429	262.331	0
3695	0.739	1.76307	1.6105	0.401429	262.638	0
3700	0.74	1.76306	1.6105	0.401429	262.879	0
3705	0.741	1.76304	1.6105	0.401429	262.494	0
3710	0.742	1.76302	1.6105	0.401429	261.974	0
3715	0.743	1.76301	1.6105	0.401429	261.259	0
3720	0.744	1.763	1.6105	0.401429	261.234	0
3725	0.745	1.76298	1.6105	0.401429	261.266	0
3730	0.746	1.76297	1.6105	0.401429	261.765	0
3735	0.747	1.76295	1.6105	0.401429	262.306	0
3740	0.748	1.76294	1.6105	0.401429	262.467	0
3745	0.749	1.76292	1.6105	0.401429	261.779	0
3750	0.75	1.76291	1.6105	0.401429	261.238	0
3755	0.751	1.7629	1.6105	0.401429	261.059	0
3760	0.752	1.76288	1.6105	0.401429	261.086	0
3765	0.753	1.76287	1.6105	0.401429	261.547	0
3770	0.754	1.76286	1.6105	0.401429	261.958	0
3775	0.755	1.76284	1.6105	0.401429	262.323	0
3780	0.756	1.76283	1.6105	0.401429	262.455	0
3785	0.757	1.76282	1.6105	0.401429	262.901	0
3790	0.758	1.7628	1.6105	0.401429	263.32	0
3795	0.759	1.76279	1.6105	0.401429	263.471	0
3800	0.76	1.76278	1.6105	0.401429	263.179	0
3805	0.761	1.76277	1.6105	0.401429	262.938	0
3810	0.762	1.76276	1.6105	0.401429	262.618	0
3815	0.763	1.76274	1.6105	0.401429	262.368	0
3820	0.764	1.76273	1.6105	0.401429	262.537	0
3825	0.765	1.76272	1.6105	0.401429	262.654	0
3830	0.766	1.76271	1.6105	0.401429	262.971	0
3835	0.767	1.7627	1.6105	0.401429	262.534	0
3840	0.768	1.76269	1.6105	0.401429	262.067	0
3845	0.769	1.76267	1.6105	0.401429	261.544	0
3850	0.77	1.76266	1.6105	0.401429	261.485	0
3855	0.771	1.76265	1.6105	0.401429	261.639	0
3860	0.772	1.76264	1.6105	0.401429	262.05	0
3865	0.773	1.76263	1.6105	0.401429	262.174	0
3870	0.774	1.76262	1.6105	0.401429	261.491	0
3875	0.775	1.76261	1.6105	0.401429	260.972	0
3880	0.776	1.7626	1.6105	0.401429	260.41	0
3885	0.777	1.76259	1.6105	0.401429	260.56	0
3890	0.778	1.76258	1.6105	0.401429	260.762	0
3895	0.779	1.76257	1.6105	0.401429	261.406	0
3900	0.78	1.76256	1.6105	0.401429	260.98	0
3905	0.781	1.76255	1.6105	0.401429	260.394	0
3910	0.782	1.76254	1.6105	0.401429	259.946	0
3915	0.783	1.76253	1.6105	0.401429	259.884	0
3920	0.784	1.76252	1.6105	0.401429	260.175	0
3925	0.785	1.76251	1.6105	0.401429	260.604	0
3930	0.786	1.7625	1.6105	0.401429	260.727	0
3935	0.787	1.76249	1.6105	0.401429	259.777	0
3940	0.788	1.76248	1.6105	0.401429	259.389	0
3945	0.789	1.76247	1.6105	0.401429	259.073	0
3950	0.79	1.76246	1.6105	0.401429	259.372	0
3955	0.791	1.76245	1.6105	0.401429	259.789	0
3960	0.792	1.76245	1.6105	0.401429	260.401	0
3965	0.793	1.76244	1.6105	0.401429	260.709	0
3970	0.794	1.76243	1.6105	0.401429	261.067	0
3975	0.795	1.76242	1.6105	0.401429	261.559	0
3980	0.796	1.76241	1.6105	0.401429	262.059	0
3985	0.797	1.7624	1.6105	0.401429	262.01	0
3990	0.798	1.7624	1.6105	0.401429	261.579	0
3995	0.799	1.76239	1.6105	0.401429	261.392	0
4000	0.8	1.76238	1.6105	0.401429	261.006	0
4005	0.801	1.76237	1.6105	0.401429	261.123	0
4010	0.802	1.76236	1.6105	0.401429	261.317	0
4015	0.803	1.76236	1.6105	0.401429	261.845	0
4020	0.804	1.76235	1.6105	0.401429	261.788	0
4025	0.805	1.76234	1.6105	0.401429	261.452	0
4030	0.806	1.76233	1.6105	0.401429	260.977	0
4035	0.807	1.76233	1.6105	0.401429	260.62	0
4040	0.808	1.76232	1.6105	0.401429	260.743	0
4045	0.809	1.76231	1.6105	0.401429	260.846	0
4050	0.81	1.7623	1.6105	0.401429	261.472	0
4055	0.811	1.7623	1.6105	0.401429	261.228	0
4060	0.812	1.76229	1.6105	0.401429	260.715	0
4065	0.813	1.76228	1.6105	0.401429	260.158	0
4070	0.814	1.76228	1.6105	0.401429	260.106	0
4075	0.815	1.76227	1.6105	0.401429	260.29	0
4080	0.816	1.76226	1.6105	0.401429	260.751	0
4085	0.817	1.76226	1.6105	0.401429	261.158	0
4090	0.818	1.76225	1.6105	0.401429	260.483	0
4095	0.819	1.76224	1.6105	0.401429	259.978	0
4100	0.82	1.76224	1.6105	0.401429	259.439	0
4105	0.821	1.76223	1.6105	0.401429	259.632	0
4110	0.822	1.76223	1.6105	0.401429	259.882	0
4115	0.823	1.76222	1.6105	0.401429	260.583	0
4120	0.824	1.76221	1.6105	0.401429	260.107	0
4125	0.825	1.76221	1.6105	0.401429	259.557	0
4130	0.826	1.7622	1.6105	0.401429	259.173	0
4135	0.827	1.76219	1.6105	0.401429	259.182	0
4140	0.828	1.76219	1.6105	0.401429	259.542	0
4145	0.829	1.76218	1.6105	0.401429	260.036	0
4150	0.83	1.76218	1.6105	0.401429	260.515	0
4155	0.831	1.76217	1.6105	0.401429	260.617	0
4160	0.832	1.76217	1.6105	0.401429	261.107	0
4165	0.833	1.76216	1.6105	0.401429	261.499	0
4170	0.834	1.76216	1.6105	0.401429	261.935	0
4175	0.835	1.76215	1.6105	0.401429	261.647	0
4180	0.836	1.76214	1.6105	0.401429	261.633	0
4185	0.837	1.76214	1.6105	0.401429	261.305	0
4190	0.838	1.76213	1.6105	0.401429	261.173	0
4195	0.839	1.76213	1.6105	0.401429	261.321	0
4200	0.84	1.76212	1.6105	0.401429	261.581	0
4205	0.841	1.76212	1.6105	0.401429	265.173	0
4210	0.842	1.76211	1.6105	0.401429	264.471	0
4215	0.843	1.76211	1.6105	0.401429	263.845	0
4220	0.844	1.7621	1.6105	0.401429	263.022	0
4225	0.845	1.7621	1.6105	0.401429	262.792	0
4230	0.846	1.76209	1.6105	0.401429	262.701	0
4235	0.847	1.76209	1.6105	0.401429	263.009	0
4240	0.848	1.76209	1.6105	0.401429	263.456	0
4245	0.849	1.76208	1.6105	0.401429	263.661	0
4250	0.85	1.76208	1.6105	0.401429	262.939	0
4255	0.851	1.76207	1.6105	0.401429	262.137	0
4260	0.852	1.76207	1.6105	0.401429	261.864	0
4265	0.853	1.76206	1.6105	0.401429	261.627	0
4270	0.854	1.76206	1.6105	0.401429	262.017	0
4275	0.855	1.76205	1.6105	0.401429	262.42	0
4280	0.856	1.76205	1.6105	0.401429	262.719	0
4285	0.857	1.76205	1.6105	0.401429	262.861	0
4290	0.858	1.76204	1.6105	0.401429	263.233	0
4295	0.859	1.76204	1.6105	0.401429	263.66	0
4300	0.86	1.76203	1.6105	0.401429	263.939	0
4305	0.861	1.76203	1.6105	0.401429	263.688	0
4310	0.862	1.76203	1.6105	0.401429	263.276	0
4315	0.863	1.76202	1.6105	0.401429	262.924	0
4320	0.864	1.76202	1.6105	0.401429	262.457	0
4325	0.865	1.76201	1.6105	0.401429	262.597	0
4330	0.866	1.76201	1.6105	0.401429	262.756	0
4335	0.867	1.762	1.6105	0.401429	263.042	0
4340	0.868	1.762	1.6105	0.401429	262.655	0
4345	0.869	1.76199	1.6105	0.401429	262.14	0
4350	0.87	1.76199	1.6105	0.401429	261.672	0
4355	0.871	1.76199	1.6105	0.401429	261.538	0
4360	0.872	1.76199	1.6105	0.401429	261.729	0
4365	0.873	1.76198	1.6105	0.401429	262.046	0
4370	0.874	1.76198	1.6105	0.401429	262.198	0
4375	0.875	1.76197	1.6105	0.401429	261.334	0
4380	0.876	1.76197	1.6105	0.401429	260.849	0
4385	0.877	1.76197	1.6105	0.401429	260.387	0
4390	0.878	1.76197	1.6105	0.401429	260.542	0
4395	0.879	1.76196	1.6105	0.401429	260.805	0
4400	0.88	1.76196	1.6105	0.401429	261.422	0
4405	0.881	1.76195	1.6105	0.401429	261.055	0
4410	0.882	1.76195	1.6105	0.401429	260.393	0
4415	0.883	1.76195	1.6105	0.401429	260.002	0
4420	0.884	1.76194	1.6105	0.401429	259.833	0
4425	0.885	1.76194	1.6105	0.401429	260.162	0
4430	0.886	1.76194	1.6105	0.401429	260.467	0
4435	0.887	1.76193	1.6105	0.401429	260.842	0
4440	0.888	1.76193	1.6105	0.401429	260.016	0
4445	0.889	1.76193	1.6105	0.401429	259.581	0
4450	0.89	1.76193	1.6105	0.401429	259.296	0
4455	0.891	1.76193	1.6105	0.401429	259.517	0
4460	0.892	1.76192	1.6105	0.401429	259.949	0
4465	0.893	1.76192	1.6105	0.401429	260.478	0
4470	0.894	1.76191	1.6105	0.401429	260.803	0
4475	0.895	1.76191	1.6105	0.401429	261.055	0
4480	0.896	1.76191	1.6105	0.401429	261.569	0
4485	0.897	1.76191	1.6105	0.401429	261.946	0
4490	0.898	1.7619	1.6105	0.401429	262.047	0
4495	0.899	1.7619	1.6105	0.401429	261.7	0
4500	0.9	1.7619	1.6105	0.401429	261.469	0
4505	0.901	1.7619	1.6105	0.401429	261.113	0
4510	0.902	1.76189	1.6105	0.401429	261.161	0
4515	0.903	1.76189	1.6105	0.401429	261.384	0
4520	0.904	1.76189	1.6105	0.401429	261.837	0
4525	0.905	1.76189	1.6105	0.401429	261.812	0
4530	0.906	1.76188	1.6105	0.401429	261.236	0
4535	0.907	1.76188	1.6105	0.401429	260.785	0
4540	0.908	1.76188	1.6105	0.401429	260.267	0
4545	0.909	1.76188	1.6105	0.401429	260.44	0
4550	0.91	1.76187	1.6105	0.401429	260.653	0
4555	0.911	1.76187	1.6105	0.401429	261.3	0
4560	0.912	1.76187	1.6105	0.401429	260.998	0
4565	0.913	1.76187	1.6105	0.401429	260.435	0
4570	0.914	1.76186	1.6105	0.401429	259.979	0
4575	0.915	1.76187	1.6105	0.401429	259.894	0
4580	0.916	1.76186	1.6105	0.401429	260.159	0
4585	0.917	1.76186	1.6105	0.401429	260.564	0
4590	0.918	1.76186	1.6105	0.401429	261.026	0
4595	0.919	1.76185	1.6105	0.401429	260.126	0
4600	0.92	1.76185	1.6105	0.401429	259.679	0
4605	0.921	1.76185	1.6105	0.401429	259.274	0
4610	0.922	1.76185	1.6105	0.401429	259.497	0
4615	0.923	1.76185	1.6105	0.401429	259.848	0
4620	0.924	1.76185	1.6105	0.401429	260.547	0
4625	0.925	1.76184	1.6105	0.401429	260.067	0
4630	0.926	1.76184	1.6105	0.401429	259.445	0
4635	0.927	1.76184	1.6105	0.401429	259.144	0
4640	0.928	1.76184	1.6105	0.401429	259.081	0
4645	0.929	1.76183	1.6105	0.401429	259.505	0
4650	0.93	1.76183	1.6105	0.401429	259.901	0
4655	0.931	1.76183	1.6105	0.401429	260.346	0
4660	0.932	1.76183	1.6105	0.401429	260.533	0
4665	0.933	1.76183	1.6105	0.401429	261.049	0
4670	0.934	1.76183	1.6105	0.401429	261.53	0
4675	0.935	1.76183	1.6105	0.401429	261.965	0
4680	0.936	1.76183	1.6105	0.401429	261.763	0
4685	0.937	1.76182	1.6105	0.401429	261.554	0
4690	0.938	1.76182	1.6105	0.401429	261.251	0
4695	0.939	1.76182	1.6105	0.401429	261.031	0
4700	0.94	1.76181	1.6105	0.401429	261.244	0
4705	0.941	1.76181	1.6105	0.401429	261.408	0
4710	0.942	1.76181	1.6105	0.401429	261.78	0
4715	0.943	1.76181	1.6105	0.401429	261.397	0
4720	0.944	1.76181	1.6105	0.401429	260.93	0
4725	0.945	1.76181	1.6105	0.401429	260.457	0
4730	0.946	1.7618	1.6105	0.401429	260.467	0
4735	0.947	1.7618	1.6105	0.401429	260.693	0
4740	0.948	1.7618	1.6105	0.401429	261.174	0
4745	0.949	1.7618	1.6105	0.401429	261.364	0
4750	0.95	1.7618	1.6105	0.401429	260.659	0
4755	0.951	1.7618	1.6105	0.401429	260.185	0
4760	0.952	1.7618	1.6105	0.401429	259.685	0
4765	0.953	1.76179	1.6105	0.401429	259.9	0
4770	0.954	1.76179	1.6105	0.401429	260.164	0
4775	0.955	1.76179	1.6105	0.401429	260.866	0
4780	0.956	1.76179	1.6105	0.401429	260.388	0
4785	0.957	1.76179	1.6105	0.401429	259.829	0
4790	0.958	1.76179	1.6105	0.401429	259.432	0
4795	0.959	1.76179	1.6105	0.401429	259.432	0
4800	0.96	1.76178	1.6105	0.401429	259.776	0
4805	0.961	1.76178	1.6105	0.401429	260.254	0
4810	0.962	1.76178	1.6105	0.401429	260.294	0
4815	0.963	1.76178	1.6105	0.401429	259.357	0
4820	0.964	1.76178	1.6105	0.401429	259.01	0
4825	0.965	1.76178	1.6105	0.401429	258.743	0
4830	0.966	1.76178	1.6105	0.401429	259.089	0
4835	0.967	1.76178	1.6105	0.401429	259.549	0
4840	0.968	1.76177	1.6105	0.401429	260.086	0
4845	0.969	1.76177	1.6105	0.401429	260.398	0
4850	0.97	1.76178	1.6105	0.401429	260.79	0
4855	0.971	1.76178	1.6105	0.401429	261.324	0
4860	0.972	1.76177	1.6105	0.401429	261.865	0
4865	0.973	1.76177	1.6105	0.401429	261.854	0
4870	0.974	1.76177	1.6105	0.401429	261.459	0
4875	0.975	1.76177	1.6105	0.401429	261.225	0
4880	0.976	1.76177	1.6105	0.401429	260.842	0
4885	0.977	1.76176	1.6105	0.401429	260.987	0
4890	0.978	1.76176	1.6105	0.401429	261.215	0
4895	0.979	1.76176	1.6105	0.401429	261.773	0
4900	0.98	1.76176	1.6105	0.401429	261.612	0
4905	0.981	1.76176	1.6105	0.401429	261.088	0
4910	0.982	1.76176	1.6105	0.401429	260.639	0
4915	0.983	1.76176	1.6105	0.401429	260.353	0
4920	0.984	1.76176	1.6105	0.401429	260.557	0
4925	0.985	1.76176	1.6105	0.401429	260.738	0
4930	0.986	1.76175	1.6105	0.401429	264.4	0
4935	0.987	1.76175	1.6105	0.401429	263.577	0
4940	0.988	1.76175	1.6105	0.401429	262.83	0
4945	0.989	1.76175	1.6105	0.401429	262.154	0
4950	0.99	1.76175	1.6105	0.401429	262.009	0
4955	0.991	1.76175	1.6105	0.401429	262.109	0
4960	0.992	1.76175	1.6105	0.401429	262.483	0
4965	0.993	1.76175	1.6105	0.401429	262.436	0
4970	0.994	1.76175	1.6105	0.401429	261.543	0
4975	0.995	1.76175	1.6105	0.401429	260.992	0
4980	0.996	1.76175	1.6105	0.401429	260.456	0
4985	0.997	1.76174	1.6105	0.401429	260.645	0
4990	0.998	1.76174	1.6105	0.401429	260.89	0
4995	0.999	1.76174	1.6105	0.401429	264.539	0
5000	1	1.76174	1.6105	0.401429	263.54	0
5005	1.001	1.76174	1.6105	0.401429	262.724	0
5010	1.002	1.76174	1.6105	0.401429	262.157	0
5015	1.003	1.76174	1.6105	0.401429	262.011	0
5020	1.004	1.76174	1.6105	0.401429	262.208	0
5025	1.005	1.76174	1.6105	0.401429	262.552	0
5030	1.006	1.76174	1.6105	0.401429	262.745	0
5035	1.007	1.76174	1.6105	0.401429	262.674	0
5040	1.008	1.76174	1.6105	0.401429	263.036	0
5045	1.009	1.76173	1.6105	0.401429	263.322	0
5050	1.01	1.76173	1.6105	0.401429	263.443	0
5055	1.011	1.76173	1.6105	0.401429	263.042	0
5060	1.012	1.76173	1.6105	0.401429	262.714	0
5065	1.013	1.76173	1.6105	0.401429	262.288	0
5070	1.014	1.76173	1.6105	0.401429	262.129	0
5075	1.015	1.76173	1.6105	0.401429	262.266	0
5080	1.016	1.76173	1.6105	0.401429	262.518	0
5085	1.017	1.76173	1.6105	0.401429	262.6	0
5090	1.018	1.76173	1.6105	0.401429	261.903	0
5095	1.019	1.76173	1.6105	0.401429	261.399	0
5100	1.02	1.76173	1.6105	0.401429	260.859	0
5105	1.021	1.76173	1.6105	0.401429	260.922	0
5110	1.022	1.76173	1.6105	0.401429	261.107	0
5115	1.023	1.76172	1.6105	0.401429	261.649	0
5120	1.024	1.76172	1.6105	0.401429	261.62	0
5125	1.025	1.76172	1.6105	0.401429	260.959	0
5130	1.026	1.76172	1.6105	0.401429	260.46	0
5135	1.027	1.76172	1.6105	0.401429	260.165	0
5140	1.028	1.76172	1.6105	0.401429	260.382	0
5145	1.029	1.76172	1.6105	0.401429	260.587	0
5150	1.03	1.76172	1.6105	0.401429	264.261	0
5155	1.031	1.76172	1.6105	0.401429	263.278	0
5160	1.032	1.76172	1.6105	0.401429	262.528	0
5165	1.033	1.76172	1.6105	0.401429	261.898	0
5170	1.034	1.76172	1.6105	0.401429	261.811	0
5175	1.035	1.76172	1.6105	0.401429	261.968	0
5180	1.036	1.76172	1.6105	0.401429	262.394	0
5185	1.037	1.76172	1.6105	0.401429	261.992	0
5190	1.038	1.76172	1.6105	0.401429	261.08	0
5195	1.039	1.76172	1.6105	0.401429	260.622	0
5200	1.04	1.76171	1.6105	0.401429	260.204	0
5205	1.041	1.76171	1.6105	0.401429	260.491	0
5210	1.042	1.76171	1.6105	0.401429	260.823	0
5215	1.043	1.76171	1.6105	0.401429	261.229	0
5220	1.044	1.76171	1.6105	0.401429	261.395	0
5225	1.045	1.76171	1.6105	0.401429	261.781	0
5230	1.046	1.76171	1.6105	0.401429	262.221	0
5235	1.047	1.76171	1.6105	0.401429	265.759	0
5240	1.048	1.76171	1.6105	0.401429	265.324	0
5245	1.049	1.76171	1.6105	0.401429	264.825	0
5250	1.05	1.76171	1.6105	0.401429	264.284	0
5255	1.051	1.76171	1.6105	0.401429	263.609	0
5260	1.052	1.76171	1.6105	0.401429	263.575	0
5265	1.053	1.76171	1.6105	0.401429	263.569	0
5270	1.054	1.76171	1.6105	0.401429	266.995	0
5275	1.055	1.76171	1.6105	0.401429	266.278	0
5280	1.056	1.76171	1.6105	0.401429	265.389	0
5285	1.057	1.76171	1.6105	0.401429	264.565	0
5290	1.058	1.76171	1.6105	0.401429	264.113	0
5295	1.059	1.76171	1.6105	0.401429	264.025	0
5300	1.06	1.7617	1.6105	0.401429	264.096	0
5305	1.061	1.7617	1.6105	0.401429	264.253	0
5310	1.062	1.7617	1.6105	0.401429	263.219	0
5315	1.063	1.7617	1.6105	0.401429	262.521	0
5320	1.064	1.7617	1.6105	0.401429	261.851	0
5325	1.065	1.7617	1.6105	0.401429	261.822	0
5330	1.066	1.7617	1.6105	0.401429	261.937	0
5335	1.067	1.7617	1.6105	0.401429	262.422	0
5340	1.068	1.7617	1.6105	0.401429	262.074	0
5345	1.069	1.7617	1.6105	0.401429	261.305	0
5350	1.07	1.7617	1.6105	0.401429	260.784	0
5355	1.071	1.7617	1.6105	0.401429	260.495	0
5360	1.072	1.7617	1.6105	0.401429	260.724	0
5365	1.073	1.7617	1.6105	0.401429	260.943	0
5370	1.074	1.7617	1.6105	0.401429	261.249	0
5375	1.075	1.7617	1.6105	0.401429	260.364	0
5380	1.076	1.7617	1.6105	0.401429	259.883	0
5385	1.077	1.7617	1.6105	0.401429	259.552	0
5390	1.078	1.7617	1.6105	0.401429	259.741	0
5395	1.079	1.7617	1.6105	0.401429	260.146	0
5400	1.08	1.7617	1.6105	0.401429	260.652	0
5405	1.081	1.7617	1.6105	0.401429	260.962	0
5410	1.082	1.7617	1.6105	0.401429	261.195	0
5415	1.083	1.7617	1.6105	0.401429	261.694	0
5420	1.084	1.7617	1.6105	0.401429	262.057	0
5425	1.085	1.7617	1.6105	0.401429	262.146	0
5430	1.086	1.7617	1.6105	0.401429	261.787	0
5435	1.087	1.76169	1.6105	0.401429	261.546	0
5440	1.088	1.76169	1.6105	0.401429	261.182	0
5445	1.089	1.76169	1.6105	0.401429	261.223	0
5450	1.09	1.76169	1.6105	0.401429	261.439	0
5455	1.091	1.76169	1.6105	0.401429	261.887	0
5460	1.092	1.76169	1.6105	0.401429	261.856	0
5465	1.093	1.76169	1.6105	0.401429	261.275	0
5470	1.094	1.76169	1.6105	0.401429	260.82	0
5475	1.095	1.76169	1.6105	0.401429	260.298	0
5480	1.096	1.76169	1.6105	0.401429	260.467	0
5485	1.097	1.76169	1.6105	0.401429	260.677	0
5490	1.098	1.76169	1.6105	0.401429	261.322	0
5495	1.099	1.76169	1.6105	0.401429	261.017	0
5500	1.1	1.76169	1.6105	0.401429	260.452	0
5505	1.101	1.76169	1.6105	0.401429	259.988	0
5510	1.102	1.76169	1.6105	0.401429	259.901	0
5515	1.103	1.76169	1.6105	0.401429	260.166	0
5520	1.104	1.76169	1.6105	0.401429	260.57	0
5525	1.105	1.76169	1.6105	0.401429	261.037	0
5530	1.106	1.76169	1.6105	0.401429	260.135	0
5535	1.107	1.76169	1.6105	0.401429	259.681	0
5540	1.108	1.76169	1.6105	0.401429	259.282	0
5545	1.109	1.76169	1.6105	0.401429	259.504	0
5550	1.11	1.76169	1.6105	0.401429	259.854	0
5555	1.111	1.76169	1.6105	0.401429	260.552	0
5560	1.112	1.76169	1.6105	0.401429	260.072	0
5565	1.113	1.76169	1.6105	0.401429	259.449	0
5570	1.114	1.76169	1.6105	0.401429	259.147	0
5575	1.115	1.76169	1.6105	0.401429	259.079	0
5580	1.116	1.76169	1.6105	0.401429	259.502	0
5585	1.117	1.76169	1.6105	0.401429	259.898	0
5590	1.118	1.76169	1.6105	0.401429	260.35	0
5595	1.119	1.76169	1.6105	0.401429	260.536	0
5600	1.12	1.76169	1.6105	0.401429	261.045	0
5605	1.121	1.76169	1.6105	0.401429	261.533	0
5610	1.122	1.76169	1.6105	0.401429	261.967	0
5615	1.123	1.76168	1.6105	0.401429	261.765	0
5620	1.124	1.76168	1.6105	0.401429	261.549	0
5625	1.125	1.76168	1.6105	0.401429	261.253	0
5630	1.126	1.76168	1.6105	0.401429	261.033	0
5635	1.127	1.76168	1.6105	0.401429	261.246	0
5640	1.128	1.76168	1.6105	0.401429	261.409	0
5645	1.129	1.76168	1.6105	0.401429	261.781	0
5650	1.13	1.76168	1.6105	0.401429	261.398	0
5655	1.131	1.76168	1.6105	0.401429	260.931	0
5660	1.132	1.76168	1.6105	0.401429	260.458	0
5665	1.133	1.76168	1.6105	0.401429	260.468	0
5670	1.134	1.76168	1.6105	0.401429	260.694	0
5675	1.135	1.76168	1.6105	0.401429	261.175	0
5680	1.136	1.76168	1.6105	0.401429	261.364	0
5685	1.137	1.76168	1.6105	0.401429	260.66	0
5690	1.138	1.76168	1.6105	0.401429	260.185	0
5695	1.139	1.76168	1.6105	0.401429	259.685	0
5700	1.14	1.76168	1.6105	0.401429	259.901	0
5705	1.141	1.76168	1.6105	0.401429	260.165	0
5710	1.142	1.76168	1.6105	0.401429	260.867	0
5715	1.143	1.76168	1.6105	0.401429	260.388	0
5720	1.144	1.76168	1.6105	0.401429	259.83	0
5725	1.145	1.76168	1.6105	0.401429	259.433	0
5730	1.146	1.76168	1.6105	0.401429	259.433	0
5735	1.147	1.76168	1.6105	0.401429	259.776	0
5740	1.148	1.76168	1.6105	0.401429	260.248	0
5745	1.149	1.76168	1.6105	0.401429	260.295	0
5750	1.15	1.76168	1.6105	0.401429	259.351	0
5755	1.151	1.76168	1.6105	0.401429	259.011	0
5760	1.152	1.76168	1.6105	0.401429	258.744	0
5765	1.153	1.76168	1.6105	0.401429	259.09	0
5770	1.154	1.76168	1.6105	0.401429	259.549	0
5775	1.155	1.76168	1.6105	0.401429	260.087	0
5780	1.156	1.76168	1.6105	0.401429	260.392	0
5785	1.157	1.76168	1.6105	0.401429	260.79	0
5790	1.158	1.76168	1.6105	0.401429	261.324	0
5795	1.159	1.76168	1.6105	0.401429	261.865	0
5800	1.16	1.76168	1.6105	0.401429	261.855	0
5805	1.161	1.76168	1.6105	0.401429	261.46	0
5810	1.162	1.76168	1.6105	0.401429	261.219	0
5815	1.163	1.76168	1.6105	0.401429	260.843	0
5820	1.164	1.76168	1.6105	0.401429	260.988	0
5825	1.165	1.76168	1.6105	0.401429	261.216	0
5830	1.166	1.76168	1.6105	0.401429	261.773	0
5835	1.167	1.76168	1.6105	0.401429	261.612	0
5840	1.168	1.76168	1.6105	0.401429	261.089	0
5845	1.169	1.76168	1.6105	0.401429	260.639	0
5850	1.17	1.76168	1.6105	0.401429	260.353	0
5855	1.171	1.76168	1.6105	0.401429	260.557	0
5860	1.172	1.76168	1.6105	0.401429	260.738	0
5865	1.173	1.76168	1.6105	0.401429	264.4	0
5870	1.174	1.76168	1.6105	0.401429	263.577	0
5875	1.175	1.76168	1.6105	0.401429	262.83	0
5880	1.176	1.76168	1.6105	0.401429	262.154	0
5885	1.177	1.76168	1.6105	0.401429	262.01	0
5890	1.178	1.76168	1.6105	0.401429	262.109	0
5895	1.179	1.76168	1.6105	0.401429	262.484	0
5900	1.18	1.76168	1.6105	0.401429	262.436	0
5905	1.181	1.76168	1.6105	0.401429	261.543	0
5910	1.182	1.76168	1.6105	0.401429	260.992	0
5915	1.183	1.76168	1.6105	0.401429	260.456	0
5920	1.184	1.76168	1.6105	0.401429	260.645	0
5925	1.185	1.76168	1.6105	0.401429	260.89	0
5930	1.186	1.76168	1.6105	0.401429	264.539	0
5935	1.187	1.76168	1.6105	0.401429	263.54	0
5940	1.188	1.76167	1.6105	0.401429	262.724	0
5945	1.189	1.76167	1.6105	0.401429	262.157	0
5950	1.19	1.76167	1.6105	0.401429	262.004	0
5955	1.191	1.76167	1.6105	0.401429	262.209	0
5960	1.192	1.76167	1.6105	0.401429	262.552	0
5965	1.193	1.76167	1.6105	0.401429	262.745	0
5970	1.194	1.76167	1.6105	0.401429	262.675	0
5975	1.195	1.76167	1.6105	0.401429	263.036	0
5980	1.196	1.76167	1.6105	0.401429	263.322	0
5985	1.197	1.76167	1.6105	0.401429	263.443	0
5990	1.198	1.76167	1.6105	0.401429	263.043	0
5995	1.199	1.76167	1.6105	0.401429	262.714	0
6000	1.2	1.76167	1.6105	0.401429	262.288	0
6005	1.201	1.76167	1.6105	0.401429	262.129	0
6010	1.202	1.76167	1.6105	0.401429	262.266	0
6015	1.203	1.76167	1.6105	0.401429	262.518	0
6020	1.204	1.76167	1.6105	0.401429	262.601	0
6025	1.205	1.76167	1.6105	0.401429	261.903	0
6030	1.206	1.76167	1.6105	0.401429	261.399	0
6035	1.207	1.76167	1.6105	0.401429	260.86	0
6040	1.208	1.76167	1.6105	0.401429	260.923	0
6045	1.209	1.76167	1.6105	0.401429	261.107	0
6050	1.21	1.76167	1.6105	0.401429	261.649	0
6055	1.211	1.76167	1.6105	0.401429	261.62	0
6060	1.212	1.76167	1.6105	0.401429	260.959	0
6065	1.213	1.76167	1.6105	0.401429	260.46	0
6070	1.214	1.76167	1.6105	0.401429	260.165	0
6075	1.215	1.76167	1.6105	0.401429	260.382	0
6080	1.216	1.76167	1.6105	0.401429	260.587	0
6085	1.217	1.76167	1.6105	0.401429	264.261	0
6090	1.218	1.76167	1.6105	0.401429	263.278	0
6095	1.219	1.76167	1.6105	0.401429	262.528	0
6100	1.22	1.76167	1.6105	0.401429	261.898	0
6105	1.221	1.76167	1.6105	0.401429	261.811	0
6110	1.222	1.76167	1.6105	0.401429	261.968	0
6115	1.223	1.76167	1.6105	0.401429	262.394	0
6120	1.224	1.76167	1.6105	0.401429	261.992	0
6125	1.225	1.76167	1.6105	0.401429	261.08	0
6130	1.226	1.76167	1.6105	0.401429	260.622	0
6135	1.227	1.76167	1.6105	0.401429	260.204	0
6140	1.228	1.76167	1.6105	0.401429	260.491	0
6145	1.229	1.76167	1.6105	0.401429	260.823	0
6150	1.23	1.76167	1.6105	0.401429	261.229	0
6155	1.231	1.76167	1.6105	0.401429	261.395	0
6160	1.232	1.76167	1.6105	0.401429	261.781	0
6165	1.233	1.76167	1.6105	0.401429	262.221	0
6170	1.234	1.76167	1.6105	0.401429	265.759	0
6175	1.235	1.76167	1.6105	0.401429	265.324	0
6180	1.236	1.76167	1.6105	0.401429	264.825	0
6185	1.237	1.76167	1.6105	0.401429	264.284	0
6190	1.238	1.76167	1.6105	0.401429	263.609	0
6195	1.239	1.76167	1.6105	0.401429	263.575	0
6200	1.24	1.76167	1.6105	0.401429	263.569	0
6205	1.241	1.76167	1.6105	0.401429	266.995	0
6210	1.242	1.76167	1.6105	0.401429	266.278	0
6215	1.243	1.76167	1.6105	0.401429	265.389	0
6220	1.244	1.76167	1.6105	0.401429	264.565	0
6225	1.245	1.76167	1.6105	0.401429	264.113	0
6230	1.246	1.76167	1.6105	0.401429	264.025	0
6235	1.247	1.76167	1.6105	0.401429	264.096	0
6240	1.248	1.76167	1.6105	0.401429	264.253	0
6245	1.249	1.76167	1.6105	0.401429	263.219	0
6250	1.25	1.76167	1.6105	0.401429	262.521	0
6255	1.251	1.76167	1.6105	0.401429	261.851	0
6260	1.252	1.76167	1.6105	0.401429	261.822	0
6265	1.253	1.76167	1.6105	0.401429	261.937	0
6270	1.254	1.76167	1.6105	0.401429	262.422	0
6275	1.255	1.76167	1.6105	0.401429	262.074	0
6280	1.256	1.76167	1.6105	0.401429	261.305	0
6285	1.257	1.76167	1.6105	0.401429	260.784	0
6290	1.258	1.76167	1.6105	0.401429	260.495	0
6295	1.259	1.76167	1.6105	0.401429	260.724	0
6300	1.26	1.76167	1.6105	0.401429	260.943	0
6305	1.261	1.76167	1.6105	0.401429	261.249	0
6310	1.262	1.76167	1.6105	0.401429	260.364	0
6315	1.263	1.76167	1.6105	0.401429	259.883	0
6320	1.264	1.76167	1.6105	0.401429	259.552	0
6325	1.265	1.76167	1.6105	0.401429	259.741	0
6330	1.266	1.76167	1.6105	0.401429	260.146	0
6335	1.267	1.76167	1.6105	0.401429	260.652	0
6340	1.268	1.76167	1.6105	0.401429	260.962	0
6345	1.269	1.76167	1.6105	0.401429	261.195	0
6350	1.27	1.76167	1.6105	0.401429	261.694	0
6355	1.271	1.76167	1.6105	0.401429	262.057	0
6360	1.272	1.76167	1.6105	0.401429	262.146	0
6365	1.273	1.76167	1.6105	0.401429	261.787	0
6370	1.274	1.76167	1.6105	0.401429	261.546	0
6375	1.275	1.76167	1.6105	0.401429	261.182	0
6380	1.276	1.76167	1.6105	0.401429	261.223	0
6385	1.277	1.76167	1.6105	0.401429	261.439	0
6390	1.278	1.76167	1.6105	0.401429	261.887	0
6395	1.279	1.76167	1.6105	0.401429	261.856	0
6400	1.28	1.76167	1.6105	0.401429	261.275	0
6405	1.281	1.76167	1.6105	0.401429	260.82	0
6410	1.282	1.76167	1.6105	0.401429	260.298	0
6415	1.283	1.76167	1.6105	0.401429	260.467	0
6420	1.284	1.76167	1.6105	0.401429	260.677	0
6425	1.285	1.76167	1.6105	0.401429	261.322	0
6430	1.286	1.76167	1.6105	0.401429	261.017	0
6435	1.287	1.76167	1.6105	0.401429	260.452	0
6440	1.288	1.76167	1.6105	0.401429	259.988	0
6445	1.289	1.76167	1.6105	0.401429	259.901	0
6450	1.29	1.76167	1.6105	0.401429	260.166	0
6455	1.291	1.76167	1.6105	0.401429	260.57	0
6460	1.292	1.76167	1.6105	0.401429	261.037	0
6465	1.293	1.76167	1.6105	0.401429	260.135	0
6470	1.294	1.76167	1.6105	0.401429	259.681	0
6475	1.295	1.76167	1.6105	0.401429	259.282	0
6480	1.296	1.76167	1.6105	0.401429	259.504	0
6485	1.297	1.76167	1.6105	0.401429	259.854	0
6490	1.298	1.76167	1.6105	0.401429	260.546	0
6495	1.299	1.76167	1.6105	0.401429	260.072	0
6500	1.3	1.76167	1.6105	0.401429	259.449	0
6505	1.301	1.76167	1.6105	0.401429	259.148	0
6510	1.302	1.76167	1.6105	0.401429	259.079	0
6515	1.303	1.76167	1.6105	0.401429	259.503	0
6520	1.304	1.76167	1.6105	0.401429	259.898	0
6525	1.305	1.76167	1.6105	0.401429	260.35	0
6530	1.306	1.76167	1.6105	0.401429	260.537	0
6535	1.307	1.76167	1.6105	0.401429	261.046	0
6540	1.308	1.76167	1.6105	0.401429	261.533	0
6545	1.309	1.76167	1.6105	0.401429	261.968	0
6550	1.31	1.76167	1.6105	0.401429	261.759	0
6555	1.311	1.76167	1.6105	0.401429	261.55	0
6560	1.312	1.76167	1.6105	0.401429	261.254	0
6565	1.313	1.76167	1.6105	0.401429	261.033	0
6570	1.314	1.76167	1.6105	0.401429	261.246	0
6575	1.315	1.76167	1.6105	0.401429	261.41	0
6580	1.316	1.76167	1.6105	0.401429	261.782	0
6585	1.317	1.76167	1.6105	0.401429	261.399	0
6590	1.318	1.76167	1.6105	0.401429	260.932	0
6595	1.319	1.76167	1.6105	0.401429	260.458	0
6600	1.32	1.76167	1.6105	0.401429	260.469	0
6605	1.321	1.76167	1.6105	0.401429	260.694	0
6610	1.322	1.76167	1.6105	0.401429	261.175	0
6615	1.323	1.76167	1.6105	0.401429	261.365	0
6620	1.324	1.76167	1.6105	0.401429	260.66	0
6625	1.325	1.76167	1.6105	0.401429	260.185	0
6630	1.326	1.76167	1.6105	0.401429	259.685	0
6635	1.327	1.76167	1.6105	0.401429	259.901	0
6640	1.328	1.76167	1.6105	0.401429	260.165	0
6645	1.329	1.76167	1.6105	0.401429	260.867	0
6650	1.33	1.76167	1.6105	0.401429	260.388	0
6655	1.331	1.76167	1.6105	0.401429	259.83	0
6660	1.332	1.76167	1.6105	0.401429	259.433	0
6665	1.333	1.76167	1.6105	0.401429	259.427	0
6670	1.334	1.76167	1.6105	0.401429	259.777	0
6675	1.335	1.76167	1.6105	0.401429	260.248	0
6680	1.336	1.76167	1.6105	0.401429	260.295	0
6685	1.337	1.76167	1.6105	0.401429	259.351	0
6690	1.338	1.76167	1.6105	0.401429	259.011	0
6695	1.339	1.76167	1.6105	0.401429	258.744	0
6700	1.34	1.76167	1.6105	0.401429	259.09	0
6705	1.341	1.76167	1.6105	0.401429	259.549	0
6710	1.342	1.76167	1.6105	0.401429	260.087	0
6715	1.343	1.76167	1.6105	0.401429	260.393	0
6720	1.344	1.76167	1.6105	0.401429	260.791	0
6725	1.345	1.76167	1.6105	0.401429	261.324	0
6730	1.346	1.76167	1.6105	0.401429	261.866	0
6735	1.347	1.76167	1.6105	0.401429	261.855	0
6740	1.348	1.76167	1.6105	0.401429	261.46	0
6745	1.349	1.76167	1.6105	0.401429	261.219	0
6750	1.35	1.76167	1.6105	0.401429	260.843	0
6755	1.351	1.76167	1.6105	0.401429	260.988	0
6760	1.352	1.76167	1.6105	0.401429	261.216	0
6765	1.353	1.76167	1.6105	0.401429	261.773	0
6770	1.354	1.76167	1.6105	0.401429	261.612	0
6775	1.355	1.76167	1.6105	0.401429	261.089	0
6780	1.356	1.76167	1.6105	0.401429	260.639	0
6785	1.357	1.76167	1.6105	0.401429	260.353	0
6790	1.358	1.76167	1.6105	0.401429	260.557	0
6795	1.359	1.76167	1.6105	0.401429	260.738	0
6800	1.36	1.76167	1.6105	0.401429	264.4	0
6805	1.361	1.76167	1.6105	0.401429	263.577	0
6810	1.362	1.76167	1.6105	0.401429	262.83	0
6815	1.363	1.76167	1.6105	0.401429	262.154	0
6820	1.364	1.76167	1.6105	0.401429	262.01	0
6825	1.365	1.76167	1.6105	0.401429	262.109	0
6830	1.366	1.76167	1.6105	0.401429	262.484	0
6835	1.367	1.76167	1.6105	0.401429	262.436	0
6840	1.368	1.76167	1.6105	0.401429	261.543	0
6845	1.369	1.76167	1.6105	0.401429	260.992	0
6850	1.37	1.76167	1.6105	0.401429	260.456	0
6855	1.371	1.76167	1.6105	0.401429	260.645	0
6860	1.372	1.76167	1.6105	0.401429	260.89	0
6865	1.373	1.76167	1.6105	0.401429	264.539	0
6870	1.374	1.76167	1.6105	0.401429	263.54	0
6875	1.375	1.76167	1.6105	0.401429	262.724	0
6880	1.376	1.76167	1.6105	0.401429	262.157	0
6885	1.377	1.76167	1.6105	0.401429	262.004	0
6890	1.378	1.76167	1.6105	0.401429	262.209	0
6895	1.379	1.76167	1.6105	0.401429	262.552	0
6900	1.38	1.76167	1.6105	0.401429	262.745	0
6905	1.381	1.76167	1.6105	0.401429	262.675	0
6910	1.382	1.76167	1.6105	0.401429	263.036	0
6915	1.383	1.76167	1.6105	0.401429	263.322	0
6920	1.384	1.76167	1.6105	0.401429	263.443	0
6925	1.385	1.76167	1.6105	0.401429	263.043	0
6930	1.386	1.76167	1.6105	0.401429	262.714	0
6935	1.387	1.76167	1.6105	0.401429	262.288	0
6940	1.388	1.76167	1.6105	0.401429	262.129	0
6945	1.389	1.76167	1.6105	0.401429	262.266	0
6950	1.39	1.76167	1.6105	0.401429	262.518	0
6955	1.391	1.76167	1.6105	0.401429	262.601	0
6960	1.392	1.76167	1.6105	0.401429	261.903	0
6965	1.393	1.76167	1.6105	0.401429	261.399	0
6970	1.394	1.76167	1.6105	0.401429	260.86	0
6975	1.395	1.76167	1.6105	0.401429	260.923	0
6980	1.396	1.76167	1.6105	0.401429	261.107	0
6985	1.397	1.76167	1.6105	0.401429	261.649	0
6990	1.398	1.76167	1.6105	0.401429	261.62	0
6995	1.399	1.76167	1.6105	0.401429	260.959	0
7000	1.4	1.76167	1.6105	0.401429	260.46	0
7005	1.401	1.76167	1.6105	0.401429	260.165	0
7010	1.402	1.76167	1.6105	0.401429	260.382	0
7015	1.403	1.76167	1.6105	0.401429	260.587	0
7020	1.404	1.76167	1.6105	0.401429	264.261	0
7025	1.405	1.76167	1.6105	0.401429	263.278	0
7030	1.406	1.76167	1.6105	0.401429	262.528	0
7035	1.407	1.76167	1.6105	0.401429	261.898	0
7040	1.408	1.76167	1.6105	0.401429	261.811	0
7045	1.409	1.76167	1.6105	0.401429	261.968	0
7050	1.41	1.76167	1.6105	0.401429	262.394	0
7055	1.411	1.76167	1.6105	0.401429	261.992	0
7060	1.412	1.76167	1.6105	0.401429	261.08	0
7065	1.413	1.76167	1.6105	0.401429	260.622	0
7070	1.414	1.76167	1.6105	0.401429	260.204	0
7075	1.415	1.76167	1.6105	0.401429	260.491	0
7080	1.416	1.76167	1.6105	0.401429	260.823	0
7085	1.417	1.76167	1.6105	0.401429	261.229	0
7090	1.418	1.76167	1.6105	0.401429	261.395	0
7095	1.419	1.76167	1.6105	0.401429	261.781	0
7100	1.42	1.76167	1.6105	0.401429	262.221	0
7105	1.421	1.76167	1.6105	0.401429	265.759	0
7110	1.422	1.76167	1.6105	0.401429	265.324	0
7115	1.423	1.76167	1.6105	0.401429	264.825	0
7120	1.424	1.76167	1.6105	0.401429	264.284	0
7125	1.425	1.76167	1.6105	0.401429	263.609	0
7130	1.426	1.76167	1.6105	0.401429	263.575	0
7135	1.427	1.76167	1.6105	0.401429	263.569	0
7140	1.428	1.76167	1.6105	0.401429	266.995	0
7145	1.429	1.76167	1.6105	0.401429	266.278	0
7150	1.43	1.76167	1.6105	0.401429	265.389	0
7155	1.431	1.76167	1.6105	0.401429	264.565	0
7160	1.432	1.76167	1.6105	0.401429	264.113	0
7165	1.433	1.76167	1.6105	0.401429	264.025	0
7170	1.434	1.76167	1.6105	0.401429	264.096	0
7175	1.435	1.76167	1.6105	0.401429	264.253	0
7180	1.436	1.76167	1.6105	0.401429	263.219	0
7185	1.437	1.76167	1.6105	0.401429	262.521	0
7190	1.438	1.76167	1.6105	0.401429	261.851	0
7195	1.439	1.76167	1.6105	0.401429	261.822	0
7200	1.44	1.76167	1.6105	0.401429	261.937	0
7205	1.441	1.76167	1.6105	0.401429	262.422	0
7210	1.442	1.76167	1.6105	0.401429	262.074	0
7215	1.443	1.76167	1.6105	0.401429	261.305	0
7220	1.444	1.76167	1.6105	0.401429	260.784	0
7225	1.445	1.76167	1.6105	0.401429	260.495	0
7230	1.446	1.76167	1.6105	0.401429	260.724	0
7235	1.447	1.76167	1.6105	0.401429	260.943	0
7240	1.448	1.76167	1.6105	0.401429	261.249	0
7245	1.449	1.76167	1.6105	0.401429	260.364	0
7250	1.45	1.76167	1.6105	0.401429	259.883	0
7255	1.451	1.76167	1.6105	0.401429	259.552	0
7260	1.452	1.76167	1.6105	0.401429	259.741	0
7265	1.453	1.76167	1.6105	0.401429	260.146	0
7270	1.454	1.76167	1.6105	0.401429	260.652	0
7275	1.455	1.76167	1.6105	0.401429	260.962	0
7280	1.456	1.76167	1.6105	0.401429	261.195	0
7285	1.457	1.76167	1.6105	0.401429	261.694	0
7290	1.458	1.76167	1.6105	0.401429	262.057	0
7295	1.459	1.76167	1.6105	0.401429	262.146	0
7300	1.46	1.76167	1.6105	0.401429	261.787	0
7305	1.461	1.76167	1.6105	0.401429	261.546	0
7310	1.462	1.76167	1.6105	0.401429	261.182	0
7315	1.463	1.76167	1.6105	0.401429	261.223	0
7320	1.464	1.76167	1.6105	0.401429	261.439	0
7325	1.465	1.76167	1.6105	0.401429	261.887	0
7330	1.466	1.76167	1.6105	0.401429	261.856	0
7335	1.467	1.76167	1.6105	0.401429	261.275	0
7340	1.468	1.76167	1.6105	0.401429	260.82	0
7345	1.469	1.76167	1.6105	0.401429	260.298	0
7350	1.47	1.76167	1.6105	0.401429	260.467	0
7355	1.471	1.76167	1.6105	0.401429	260.677	0
7360	1.472	1.76167	1.6105	0.401429	261.322	0
7365	1.473	1.76167	1.6105	0.401429	261.017	0
7370	1.474	1.76167	1.6105	0.401429	260.452	0
7375	1.475	1.76167	1.6105	0.401429	259.988	0
7380	1.476	1.76167	1.6105	0.401429	259.901	0
7385	1.477	1.76167	1.6105	0.401429	260.166	0
7390	1.478	1.76167	1.6105	0.401429	260.57	0
7395	1.479	1.76167	1.6105	0.401429	261.037	0
7400	1.48	1.76167	1.6105	0.401429	260.135	0
7405	1.481	1.76167	1.6105	0.401429	259.681	0
7410	1.482	1.76167	1.6105	0.401429	259.282	0
7415	1.483	1.76167	1.6105	0.401429	259.504	0
7420	1.484	1.76167	1.6105	0.401429	259.854	0
7425	1.485	1.76167	1.6105	0.401429	260.546	0
7430	1.486	1.76167	1.6105	0.401429	260.072	0
7435	1.487	1.76167	1.6105	0.401429	259.449	0
7440	1.488	1.76167	1.6105	0.401429	259.148	0
7445	1.489	1.76167	1.6105	0.401429	259.079	0
7450	1.49	1.76167	1.6105	0.401429	259.503	0
7455	1.491	1.76167	1.6105	0.401429	259.898	0
7460	1.492	1.76167	1.6105	0.401429	260.35	0
7465	1.493	1.76167	1.6105	0.401429	260.537	0
7470	1.494	1.76167	1.6105	0.401429	261.046	0
7475	1.495	1.76167	1.6105	0.401429	261.533	0
7480	1.496	1.76167	1.6105	0.401429	261.968	0
7485	1.497	1.76167	1.6105	0.401429	261.759	0
7490	1.498	1.76167	1.6105	0.401429	261.55	0
7495	1.499	1.76167	1.6105	0.401429	261.254	0
7500	1.5	1.76167	1.6105	0.401429	261.033	0
7505	1.501	1.76167	1.6105	0.401429	261.246	0
7510	1.502	1.76167	1.6105	0.401429	261.41	0
7515	1.503	1.76167	1.6105	0.401429	261.782	0
7520	1.504	1.76167	1.6105	0.401429	261.399	0
7525	1.505	1.76167	1.6105	0.401429	260.932	0
7530	1.506	1.76167	1.6105	0.401429	260.458	0
7535	1.507	1.76167	1.6105	0.401429	260.469	0
7540	1.508	1.76167	1.6105	0.401429	260.694	0
7545	1.509	1.76167	1.6105	0.401429	261.175	0
7550	1.51	1.76167	1.6105	0.401429	261.365	0
7555	1.511	1.76167	1.6105	0.401429	260.66	0
7560	1.512	1.76167	1.6105	0.401429	260.185	0
7565	1.513	1.76167	1.6105	0.401429	259.685	0
7570	1.514	1.76167	1.6105	0.401429	259.901	0
7575	1.515	1.76167	1.6105	0.401429	260.165	0
7580	1.516	1.76167	1.6105	0.401429	260.867	0
7585	1.517	1.76167	1.6105	0.401429	260.388	0
7590	1.518	1.76167	1.6105	0.401429	259.83	0
7595	1.519	1.76167	1.6105	0.401429	259.433	0
7600	1.52	1.76167	1.6105	0.401429	259.427	0
7605	1.521	1.76167	1.6105	0.401429	259.777	0
7610	1.522	1.76167	1.6105	0.401429	260.248	0
7615	1.523	1.76167	1.6105	0.401429	260.295	0
7620	1.524	1.76167	1.6105	0.401429	259.351	0
7625	1.525	1.76167	1.6105	0.401429	259.011	0
7630	1.526	1.76167	1.6105	0.401429	258.744	0
7635	1.527	1.76167	1.6105	0.401429	259.09	0
7640	1.528	1.76167	1.6105	0.401429	259.549	0
7645	1.529	1.76167	1.6105	0.401429	260.087	0
7650	1.53	1.76167	1.6105	0.401429	260.393	0
7655	1.531	1.76167	1.6105	0.401429	260.791	0
7660	1.532	1.76167	1.6105	0.401429	261.324	0
7665	1.533	1.76167	1.6105	0.401429	261.866	0
7670	1.534	1.76167	1.6105	0.401429	261.855	0
7675	1.535	1.76167	1.6105	0.401429	261.46	0
7680	1.536	1.76167	1.6105	0.401429	261.219	0
7685	1.537	1.76167	1.6105	0.401429	260.843	0
7690	1.538	1.76167	1.6105	0.401429	260.988	0
7695	1.539	1.76167	1.6105	0.401429	261.216	0
7700	1.54	1.76167	1.6105	0.401429	261.773	0
7705	1.541	1.76167	1.6105	0.401429	261.612	0
7710	1.542	1.76167	1.6105	0.401429	261.089	0
7715	1.543	1.76167	1.6105	0.401429	260.639	0
7720	1.544	1.76167	1.6105	0.401429	260.353	0
7725	1.545	1.76167	1.6105	0.401429	260.557	0
7730	1.546	1.76167	1.6105	0.401429	260.738	0
7735	1.547	1.76167	1.6105	0.401429	264.4	0
7740	1.548	1.76167	1.6105	0.401429	263.577	0
7745	1.549	1.76167	1.6105	0.401429	262.83	0
7750	1.55	1.76167	1.6105	0.401429	262.154	0
7755	1.551	1.76167	1.6105	0.401429	262.01	0
7760	1.552	1.76167	1.6105	0.401429	262.109	0
7765	1.553	1.76167	1.6105	0.401429	262.484	0
7770	1.554	1.76167	1.6105	0.401429	262.436	0
7775	1.555	1.76167	1.6105	0.401429	261.543	0
7780	1.556	1.76167	1.6105	0.401429	260.992	0
7785	1.557	1.76167	1.6105	0.401429	260.456	0
7790	1.558	1.76167	1.6105	0.401429	260.645	0
7795	1.559	1.76167	1.6105	0.401429	260.89	0
7800	1.56	1.76167	1.6105	0.401429	264.539	0
7805	1.561	1.76167	1.6105	0.401429	263.54	0
7810	1.562	1.76167	1.6105	0.401429	262.724	0
7815	1.563	1.76167	1.6105	0.401429	262.157	0
7820	1.564	1.76167	1.6105	0.401429	262.004	0
7825	1.565	1.76167	1.6105	0.401429	262.209	0
7830	1.566	1.76167	1.6105	0.401429	262.552	0
7835	1.567	1.76167	1.6105	0.401429	262.745	0
7840	1.568	1.76167	1.6105	0.401429	262.675	0
7845	1.569	1.76167	1.6105	0.401429	263.036	0
7850	1.57	1.76167	1.6105	0.401429	263.322	0
7855	1.571	1.76167	1.6105	0.401429	263.443	0
7860	1.572	1.76167	1.6105	0.401429	263.043	0
7865	1.573	1.76167	1.6105	0.401429	262.714	0
7870	1.574	1.76167	1.6105	0.401429	262.288	0
7875	1.575	1.76167	1.6105	0.401429	262.129	0
7880	1.576	1.76167	1.6105	0.401429	262.266	0
7885	1.577	1.76167	1.6105	0.401429	262.518	0
7890	1.578	1.76167	1.6105	0.401429	262.601	0
7895	1.579	1.76167	1.6105	0.401429	261.903	0
7900	1.58	1.76167	1.6105	0.401429	261.399	0
7905	1.581	1.76167	1.6105	0.401429	260.86	0
7910	1.582	1.76167	1.6105	0.401429	260.923	0
7915	1.583	1.76167	1.6105	0.401429	261.107	0
7920	1.584	1.76167	1.6105	0.401429	261.649	0
7925	1.585	1.76167	1.6105	0.401429	261.62	0
7930	1.586	1.76167	1.6105	0.401429	260.959	0
7935	1.587	1.76167	1.6105	0.401429	260.46	0
7940	1.588	1.76167	1.6105	0.401429	260.165	0
7945	1.589	1.76167	1.6105	0.401429	260.382	0
7950	1.59	1.76167	1.6105	0.401429	260.587	0
7955	1.591	1.76167	1.6105	0.401429	264.261	0
7960	1.592	1.76167	1.6105	0.401429	263.278	0
7965	1.593	1.76167	1.6105	0.401429	262.528	0
7970	1.594	1.76167	1.6105	0.401429	261.898	0
7975	1.595	1.76167	1.6105	0.401429	261.811	0
7980	1.596	1.76167	1.6105	0.401429	261.968	0
7985	1.597	1.76167	1.6105	0.401429	262.394	0
7990	1.598	1.76167	1.6105	0.401429	261.992	0
7995	1.599	1.76167	1.6105	0.401429	261.08	0
8000	1.6	1.76167	1.6105	0.401429	260.622	0
8005	1.601	1.76167	1.6105	0.401429	260.204	0
8010	1.602	1.76167	1.6105	0.401429	260.491	0
8015	1.603	1.76167	1.6105	0.401429	260.823	0
8020	1.604	1.76167	1.6105	0.401429	261.229	0
8025	1.605	1.76167	1.6105	0.401429	261.395	0
8030	1.606	1.76167	1.6105	0.401429	261.781	0
8035	1.607	1.76167	1.6105	0.401429	262.221	0
8040	1.608	1.76167	1.6105	0.401429	265.759	0
8045	1.609	1.76167	1.6105	0.401429	265.324	0
8050	1.61	1.76167	1.6105	0.401429	264.825	0
8055	1.611	1.76167	1.6105	0.401429	264.284	0
8060	1.612	1.76167	1.6105	0.401429	263.609	0
8065	1.613	1.76167	1.6105	0.401429	263.575	0
8070	1.614	1.76167	1.6105	0.401429	263.569	0
8075	1.615	1.76167	1.6105	0.401429	266.995	0
8080	1.616	1.76167	1.6105	0.401429	266.278	0
8085	1.617	1.76167	1.6105	0.401429	265.389	0
8090	1.618	1.76167	1.6105	0.401429	264.565	0
8095	1.619	1.76167	1.6105	0.401429	264.113	0
8100	1.62	1.76167	1.6105	0.401429	264.025	0
8105	1.621	1.76167	1.6105	0.401429	264.096	0
8110	1.622	1.76167	1.6105	0.401429	264.253	0
8115	1.623	1.76167	1.6105	0.401429	263.219	0
8120	1.624	1.76167	1.6105	0.401429	262.521	0
8125	1.625	1.76167	1.6105	0.401429	261.851	0
8130	1.626	1.76167	1.6105	0.401429	261.822	0
8135	1.627	1.76167	1.6105	0.401429	261.937	0
8140	1.628	1.76167	1.6105	0.401429	262.422	0
8145	1.629	1.76167	1.6105	0.401429	262.074	0
8150	1.63	1.76167	1.6105	0.401429	261.305	0
8155	1.631	1.76167	1.6105	0.401429	260.784	0
8160	1.632	1.76167	1.6105	0.401429	260.495	0
8165	1.633	1.76167	1.6105	0.401429	260.724	0
8170	1.634	1.76167	1.6105	0.401429	260.943	0
8175	1.635	1.76167	1.6105	0.401429	261.249	0
8180	1.636	1.76167	1.6105	0.401429	260.364	0
8185	1.637	1.76167	1.6105	0.401429	259.883	0
8190	1.638	1.76167	1.6105	0.401429	259.552	0
8195	1.639	1.76167	1.6105	0.401429	259.741	0
8200	1.64	1.76167	1.6105	0.401429	260.146	0
8205	1.641	1.76167	1.6105	0.401429	260.652	0
8210	1.642	1.76167	1.6105	0.401429	260.962	0
8215	1.643	1.76167	1.6105	0.401429	261.195	0
8220	1.644	1.76167	1.6105	0.401429	261.694	0
8225	1.645	1.76167	1.6105	0.401429	262.057	0
8230	1.646	1.76167	1.6105	0.401429	262.146	0
8235	1.647	1.76167	1.6105	0.401429	261.787	0
8240	1.648	1.76167	1.6105	0.401429	261.546	0
8245	1.649	1.76167	1.6105	0.401429	261.182	0
8250	1.65	1.76167	1.6105	0.401429	261.223	0
8255	1.651	1.76167	1.6105	0.401429	261.439	0
8260	1.652	1.76167	1.6105	0.401429	261.887	0
8265	1.653	1.76167	1.6105	0.401429	261.856	0
8270	1.654	1.76167	1.6105	0.401429	261.275	0
8275	1.655	1.76167	1.6105	0.401429	260.82	0
8280	1.656	1.76167	1.6105	0.401429	260.298	0
8285	1.657	1.76167	1.6105	0.401429	260.467	0
8290	1.658	1.76167	1.6105	0.401429	260.677	0
8295	1.659	1.76167	1.6105	0.401429	261.322	0
8300	1.66	1.76167	1.6105	0.401429	261.017	0
8305	1.661	1.76167	1.6105	0.401429	260.452	0
8310	1.662	1.76167	1.6105	0.401429	259.988	0
8315	1.663	1.76167	1.6105	0.401429	259.901	0
8320	1.664	1.76167	1.6105	0.401429	260.166	0
8325	1.665	1.76167	1.6105	0.401429	260.57	0
8330	1.666	1.76167	1.6105	0.401429	261.037	0
8335	1.667	1.76167	1.6105	0.401429	260.135	0
8340	1.668	1.76167	1.6105	0.401429	259.681	0
8345	1.669	1.76167	1.6105	0.401429	259.282	0
8350	1.67	1.76167	1.6105	0.401429	259.504	0
8355	1.671	1.76167	1.6105	0.401429	259.854	0
8360	1.672	1.76167	1.6105	0.401429	260.546	0
8365	1.673	1.76167	1.6105	0.401429	260.072	0
8370	1.674	1.76167	1.6105	0.401429	259.449	0
8375	1.675	1.76167	1.6105	0.401429	259.148	0
8380	1.676	1.76167	1.6105	0.401429	259.079	0
8385	1.677	1.76167	1.6105	0.401429	259.503	0
8390	1.678	1.76167	1.6105	0.401429	259.898	0
8395	1.679	1.76167	1.6105	0.401429	260.35	0
8400	1.68	1.76167	1.6105	0.401429	260.537	0
8405	1.681	1.76167	1.6105	0.401429	261.046	0
8410	1.682	1.76167	1.6105	0.401429	261.533	0
8415	1.683	1.76167	1.6105	0.401429	261.968	0
8420	1.684	1.76167	1.6105	0.401429	261.759	0
8425	1.685	1.76167	1.6105	0.401429	261.55	0
8430	1.686	1.76167	1.6105	0.401429	261.254	0
8435	1.687	1.76167	1.6105	0.401429	261.033	0
8440	1.688	1.76167	1.6105	0.401429	261.246	0
8445	1.689	1.76167	1.6105	0.401429	261.41	0
8450	1.69	1.76167	1.6105	0.401429	261.782	0
8455	1.691	1.76167	1.6105	0.401429	261.399	0
8460	1.692	1.76167	1.6105	0.401429	260.932	0
8465	1.693	1.76167	1.6105	0.401429	260.458	0
8470	1.694	1.76167	1.6105	0.401429	260.469	0
8475	1.695	1.76167	1.6105	0.401429	260.694	0
8480	1.696	1.76167	1.6105	0.401429	261.175	0
8485	1.697	1.76167	1.6105	0.401429	261.365	0
8490	1.698	1.76167	1.6105	0.401429	260.66	0
8495	1.699	1.76167	1.6105	0.401429	260.185	0
8500	1.7	1.76167	1.6105	0.401429	259.685	0
8505	1.701	1.76167	1.6105	0.401429	259.901	0
8510	1.702	1.76167	1.6105	0.401429	260.165	0
8515	1.703	1.76167	1.6105	0.401429	260.867	0
8520	1.704	1.76167	1.6105	0.401429	260.388	0
8525	1.705	1.76167	1.6105	0.401429	259.83	0
8530	1.706	1.76167	1.6105	0.401429	259.433	0
8535	1.707	1.76167	1.6105	0.401429	259.427	0
8540	1.708	1.76167	1.6105	0.401429	259.771	0
8545	1.709	1.76167	1.6105	0.401429	260.248	0
8550	1.71	1.76167	1.6105	0.401429	260.295	0
8555	1.711	1.76167	1.6105	0.401429	259.352	0
8560	1.712	1.76167	1.6105	0.401429	259.011	0
8565	1.713	1.76167	1.6105	0.401429	258.744	0
8570	1.714	1.76167	1.6105	0.401429	259.09	0
8575	1.715	1.76167	1.6105	0.401429	259.55	0
8580	1.716	1.76167	1.6105	0.401429	260.087	0
8585	1.717	1.76167	1.6105	0.401429	260.393	0
8590	1.718	1.76167	1.6105	0.401429	260.791	0
8595	1.719	1.76167	1.6105	0.401429	261.325	0
8600	1.72	1.76167	1.6105	0.401429	261.866	0
8605	1.721	1.76167	1.6105	0.401429	261.855	0
8610	1.722	1.76167	1.6105	0.401429	261.46	0
8615	1.723	1.76167	1.6105	0.401429	261.219	0
8620	1.724	1.76167	1.6105	0.401429	260.843	0
8625	1.725	1.76167	1.6105	0.401429	260.988	0
8630	1.726	1.76167	1.6105	0.401429	261.216	0
8635	1.727	1.76167	1.6105	0.401429	261.774	0
8640	1.728	1.76167	1.6105	0.401429	261.612	0
8645	1.729	1.76167	1.6105	0.401429	261.089	0
8650	1.73	1.76167	1.6105	0.401429	260.639	0
8655	1.731	1.76167	1.6105	0.401429	260.353	0
8660	1.732	1.76167	1.6105	0.401429	260.557	0
8665	1.733	1.76167	1.6105	0.401429	260.738	0
8670	1.734	1.76167	1.6105	0.401429	264.4	0
8675	1.735	1.76167	1.6105	0.401429	263.577	0
8680	1.736	1.76167	1.6105	0.401429	262.83	0
8685	1.737	1.76167	1.6105	0.401429	262.154	0
8690	1.738	1.76167	1.6105	0.401429	262.01	0
8695	1.739	1.76167	1.6105	0.401429	262.109	0
8700	1.74	1.76167	1.6105	0.401429	262.484	0
8705	1.741	1.76167	1.6105	0.401429	262.436	0
8710	1.742	1.76167	1.6105	0.401429	261.543	0
8715	1.743	1.76167	1.6105	0.401429	260.992	0
8720	1.744	1.76167	1.6105	0.401429	260.456	0
8725	1.745	1.76167	1.6105	0.401429	260.645	0
8730	1.746	1.76167	1.6105	0.401429	260.89	0
8735	1.747	1.76167	1.6105	0.401429	264.539	0
8740	1.748	1.76167	1.6105	0.401429	263.541	0
8745	1.749	1.76167	1.6105	0.401429	262.724	0
8750	1.75	1.76167	1.6105	0.401429	262.157	0
8755	1.751	1.76167	1.6105	0.401429	262.004	0
8760	1.752	1.76167	1.6105	0.401429	262.209	0
8765	1.753	1.76167	1.6105	0.401429	262.552	0
8770	1.754	1.76167	1.6105	0.401429	262.745	0
8775	1.755	1.76167	1.6105	0.401429	262.675	0
8780	1.756	1.76167	1.6105	0.401429	263.036	0
8785	1.757	1.76167	1.6105	0.401429	263.322	0
8790	1.758	1.76167	1.6105	0.401429	263.443	0
8795	1.759	1.76167	1.6105	0.401429	263.043	0
8800	1.76	1.76167	1.6105	0.401429	262.714	0
8805	1.761	1.76167	1.6105	0.401429	262.288	0
8810	1.762	1.76167	1.6105	0.401429	262.129	0
8815	1.763	1.76167	1.6105	0.401429	262.266	0
8820	1.764	1.76167	1.6105	0.401429	262.518	0
8825	1.765	1.76167	1.6105	0.401429	262.601	0
8830	1.766	1.76167	1.6105	0.401429	261.903	0
8835	1.767	1.76167	1.6105	0.401429	261.399	0
8840	1.768	1.76167	1.6105	0.401429	260.86	0
8845	1.769	1.76167	1.6105	0.401429	260.923	0
8850	1.77	1.76167	1.6105	0.401429	261.107	0
8855	1.771	1.76167	1.6105	0.401429	261.649	0
8860	1.772	1.76167	1.6105	0.401429	261.62	0
8865	1.773	1.76167	1.6105	0.401429	260.959	0
8870	1.774	1.76167	1.6105	0.401429	260.46	0
8875	1.775	1.76167	1.6105	0.401429	260.165	0
8880	1.776	1.76167	1.6105	0.401429	260.382	0
8885	1.777	1.76167	1.6105	0.401429	260.587	0
8890	1.778	1.76167	1.6105	0.401429	264.261	0
8895	1.779	1.76167	1.6105	0.401429	263.278	0
8900	1.78	1.76167	1.6105	0.401429	262.528	0
8905	1.781	1.76167	1.6105	0.401429	261.898	0
8910	1.782	1.76167	1.6105	0.401429	261.811	0
8915	1.783	1.76167	1.6105	0.401429	261.968	0
8920	1.784	1.76167	1.6105	0.401429	262.394	0
8925	1.785	1.76167	1.6105	0.401429	261.992	0
8930	1.786	1.76167	1.6105	0.401429	261.08	0
8935	1.787	1.76167	1.6105	0.401429	260.622	0
8940	1.788	1.76167	1.6105	0.401429	260.204	0
8945	1.789	1.76167	1.6105	0.401429	260.491	0
8950	1.79	1.76167	1.6105	0.401429	260.823	0
8955	1.791	1.76167	1.6105	0.401429	261.229	0
8960	1.792	1.76167	1.6105	0.401429	261.395	0
8965	1.793	1.76167	1.6105	0.401429	261.781	0
8970	1.794	1.76167	1.6105	0.401429	262.221	0
8975	1.795	1.76167	1.6105	0.401429	265.759	0
8980	1.796	1.76167	1.6105	0.401429	265.324	0
8985	1.797	1.76167	1.6105	0.401429	264.825	0
8990	1.798	1.76167	1.6105	0.401429	264.284	0
8995	1.799	1.76167	1.6105	0.401429	263.609	0
9000	1.8	1.76167	1.6105	0.401429	263.575	0
9005	1.801	1.76167	1.6105	0.401429	263.569	0
9010	1.802	1.76167	1.6105	0.401429	266.995	0
9015	1.803	1.76167	1.6105	0.401429	266.278	0
9020	1.804	1.76167	1.6105	0.401429	265.389	0
9025	1.805	1.76167	1.6105	0.401429	264.565	0
9030	1.806	1.76167	1.6105	0.401429	264.113	0
9035	1.807	1.76167	1.6105	0.401429	264.025	0
9040	1.808	1.76167	1.6105	0.401429	264.096	0
9045	1.809	1.76167	1.6105	0.401429	264.253	0
9050	1.81	1.76167	1.6105	0.401429	263.219	0
9055	1.811	1.76167	1.6105	0.401429	262.521	0
9060	1.812	1.76167	1.6105	0.401429	261.851	0
9065	1.813	1.76167	1.6105	0.401429	261.822	0
9070	1.814	1.76167	1.6105	0.401429	261.937	0
9075	1.815	1.76167	1.6105	0.401429	262.422	0
9080	1.816	1.76167	1.6105	0.401429	262.074	0
9085	1.817	1.76167	1.6105	0.401429	261.305	0
9090	1.818	1.76167	1.6105	0.401429	260.784	0
9095	1.819	1.76167	1.6105	0.401429	260.495	0
9100	1.82	1.76167	1.6105	0.401429	260.724	0
9105	1.821	1.76167	1.6105	0.401429	260.943	0
9110	1.822	1.76167	1.6105	0.401429	261.249	0
9115	1.823	1.76167	1.6105	0.401429	260.364	0
9120	1.824	1.76167	1.6105	0.401429	259.883	0
9125	1.825	1.76167	1.6105	0.401429	259.552	0
9130	1.826	1.76167	1.6105	0.401429	259.741	0
9135	1.827	1.76167	1.6105	0.401429	260.146	0
9140	1.828	1.76167	1.6105	0.401429	260.652	0
9145	1.829	1.76167	1.6105	0.401429	260.962	0
9150	1.83	1.76167	1.6105	0.401429	261.195	0
9155	1.831	1.76167	1.6105	0.401429	261.694	0
9160	1.832	1.76167	1.6105	0.401429	262.057	0
9165	1.833	1.76167	1.6105	0.401429	262.146	0
9170	1.834	1.76167	1.6105	0.401429	261.787	0
9175	1.835	1.76167	1.6105	0.401429	261.546	0
9180	1.836	1.76167	1.6105	0.401429	261.182	0
9185	1.837	1.76167	1.6105	0.401429	261.223	0
9190	1.838	1.76167	1.6105	0.401429	261.439	0
9195	1.839	1.76167	1.6105	0.401429	261.887	0
9200	1.84	1.76167	1.6105	0.401429	261.856	0
9205	1.841	1.76167	1.6105	0.401429	261.275	0
9210	1.842	1.76167	1.6105	0.401429	260.82	0
9215	1.843	1.76167	1.6105	0.401429	260.298	0
9220	1.844	1.76167	1.6105	0.401429	260.467	0
9225	1.845	1.76167	1.6105	0.401429	260.677	0
9230	1.846	1.76167	1.6105	0.401429	261.322	0
9235	1.847	1.76167	1.6105	0.401429	261.017	0
9240	1.848	1.76167	1.6105	0.401429	260.452	0
9245	1.849	1.76167	1.6105	0.401429	259.988	0
9250	1.85	1.76167	1.6105	0.401429	259.901	0
9255	1.851	1.76167	1.6105	0.401429	260.166	0
9260	1.852	1.76167	1.6105	0.401429	260.57	0
9265	1.853	1.76167	1.6105	0.401429	261.037	0
9270	1.854	1.76167	1.6105	0.401429	260.135	0
9275	1.855	1.76167	1.6105	0.401429	259.681	0
9280	1.856	1.76167	1.6105	0.401429	259.282	0
9285	1.857	1.76167	1.6105	0.401429	259.504	0
9290	1.858	1.76167	1.6105	0.401429	259.854	0
9295	1.859	1.76167	1.6105	0.401429	260.546	0
9300	1.86	1.76167	1.6105	0.401429	260.072	0
9305	1.861	1.76167	1.6105	0.401429	259.449	0
9310	1.862	1.76167	1.6105	0.401429	259.148	0
9315	1.863	1.76167	1.6105	0.401429	259.079	0
9320	1.864	1.76167	1.6105	0.401429	259.503	0
9325	1.865	1.76167	1.6105	0.401429	259.898	0
9330	1.866	1.76167	1.6105	0.401429	260.35	0
9335	1.867	1.76167	1.6105	0.401429	260.537	0
9340	1.868	1.76167	1.6105	0.401429	261.046	0
9345	1.869	1.76167	1.6105	0.401429	261.533	0
9350	1.87	1.76167	1.6105	0.401429	261.968	0
9355	1.871	1.76167	1.6105	0.401429	261.759	0
9360	1.872	1.76167	1.6105	0.401429	261.55	0
9365	1.873	1.76167	1.6105	0.401429	261.254	0
9370	1.874	1.76167	1.6105	0.401429	261.033	0
9375	1.875	1.76167	1.6105	0.401429	261.246	0
9380	1.876	1.76167	1.6105	0.401429	261.41	0
9385	1.877	1.76167	1.6105	0.401429	261.782	0
9390	1.878	1.76167	1.6105	0.401429	261.399	0
9395	1.879	1.76167	1.6105	0.401429	260.932	0
9400	1.88	1.76167	1.6105	0.401429	260.458	0
9405	1.881	1.76167	1.6105	0.401429	260.469	0
9410	1.882	1.76167	1.6105	0.401429	260.694	0
9415	1.883	1.76167	1.6105	0.401429	261.175	0
9420	1.884	1.76167	1.6105	0.401429	261.365	0
9425	1.885	1.76167	1.6105	0.401429	260.66	0
9430	1.886	1.76167	1.6105	0.401429	260.185	0
9435	1.887	1.76167	1.6105	0.401429	259.685	0
9440	1.888	1.76167	1.6105	0.401429	259.901	0
9445	1.889	1.76167	1.6105	0.401429	260.165	0
9450	1.89	1.76167	1.6105	0.401429	260.867	0
9455	1.891	1.76167	1.6105	0.401429	260.388	0
9460	1.892	1.76167	1.6105	0.401429	259.83	0
9465	1.893	1.76167	1.6105	0.401429	259.433	0
9470	1.894	1.76167	1.6105	0.401429	259.427	0
9475	1.895	1.76167	1.6105	0.401429	259.771	0
9480	1.896	1.76167	1.6105	0.401429	260.248	0
9485	1.897	1.76167	1.6105	0.401429	260.295	0
9490	1.898	1.76167	1.6105	0.401429	259.352	0
9495	1.899	1.76167	1.6105	0.401429	259.011	0
9500	1.9	1.76167	1.6105	0.401429	258.744	0
9505	1.901	1.76167	1.6105	0.401429	259.09	0
9510	1.902	1.76167	1.6105	0.401429	259.55	0
9515	1.903	1.76167	1.6105	0.401429	260.087	0
9520	1.904	1.76167	1.6105	0.401429	260.393	0
9525	1.905	1.76167	1.6105	0.401429	260.791	0
9530	1.906	1.76167	1.6105	0.401429	261.325	0
9535	1.907	1.76167	1.6105	0.401429	261.866	0
9540	1.908	1.76167	1.6105	0.401429	261.855	0
9545	1.909	1.76167	1.6105	0.401429	261.46	0
9550	1.91	1.76167	1.6105	0.401429	261.219	0
9555	1.911	1.76167	1.6105	0.401429	260.843	0
9560	1.912	1.76167	1.6105	0.401429	260.988	0
9565	1.913	1.76167	1.6105	0.401429	261.216	0
9570	1.914	1.76167	1.6105	0.401429	261.774	0
9575	1.915	1.76167	1.6105	0.401429	261.612	0
9580	1.916	1.76167	1.6105	0.401429	261.089	0
9585	1.917	1.76167	1.6105	0.401429	260.639	0
9590	1.918	1.76167	1.6105	0.401429	260.353	0
9595	1.919	1.76167	1.6105	0.401429	260.557	0
9600	1.92	1.76167	1.6105	0.401429	260.738	0
9605	1.921	1.76167	1.6105	0.401429	264.4	0
9610	1.922	1.76167	1.6105	0.401429	263.577	0
9615	1.923	1.76167	1.6105	0.401429	262.83	0
9620	1.924	1.76167	1.6105	0.401429	262.154	0
9625	1.925	1.76167	1.6105	0.401429	262.01	0
9630	1.926	1.76167	1.6105	0.401429	262.109	0
9635	1.927	1.76167	1.6105	0.401429	262.484	0
9640	1.928	1.76167	1.6105	0.401429	262.436	0
9645	1.929	1.76167	1.6105	0.401429	261.543	0
9650	1.93	1.76167	1.6105	0.401429	260.992	0
9655	1.931	1.76167	1.6105	0.401429	260.456	0
9660	1.932	1.76167	1.6105	0.401429	260.645	0
9665	1.933	1.76167	1.6105	0.401429	260.89	0
9670	1.934	1.76167	1.6105	0.401429	264.539	0
9675	1.935	1.76167	1.6105	0.401429	263.541	0
9680	1.936	1.76167	1.6105	0.401429	262.724	0
9685	1.937	1.76167	1.6105	0.401429	262.157	0
9690	1.938	1.76167	1.6105	0.401429	262.004	0
9695	1.939	1.76167	1.6105	0.401429	262.209	0
9700	1.94	1.76167	1.6105	0.401429	262.552	0
9705	1.941	1.76167	1.6105	0.401429	262.745	0
9710	1.942	1.76167	1.6105	0.401429	262.675	0
9715	1.943	1.76167	1.6105	0.401429	263.036	0
9720	1.944	1.76167	1.6105	0.401429	263.322	0
9725	1.945	1.76167	1.6105	0.401429	263.443	0
9730	1.946	1.76167	1.6105	0.401429	263.043	0
9735	1.947	1.76167	1.6105	0.401429	262.714	0
9740	1.948	1.76167	1.6105	0.401429	262.288	0
9745	1.949	1.76167	1.6105	0.401429	262.129	0
9750	1.95	1.76167	1.6105	0.401429	262.266	0
9755	1.951	1.76167	1.6105	0.401429	262.518	0
9760	1.952	1.76167	1.6105	0.401429	262.601	0
9765	1.953	1.76167	1.6105	0.401429	261.903	0
9770	1.954	1.76167	1.6105	0.401429	261.399	0
9775	1.955	1.76167	1.6105	0.401429	260.86	0
9780	1.956	1.76167	1.6105	0.401429	260.923	0
9785	1.957	1.76167	1.6105	0.401429	261.107	0
9790	1.958	1.76167	1.6105	0.401429	261.649	0
9795	1.959	1.76167	1.6105	0.401429	261.62	0
9800	1.96	1.76167	1.6105	0.401429	260.959	0
9805	1.961	1.76167	1.6105	0.401429	260.46	0
9810	1.962	1.76167	1.6105	0.401429	260.165	0
9815	1.963	1.76167	1.6105	0.401429	260.382	0
9820	1.964	1.76167	1.6105	0.401429	260.587	0
9825	1.965	1.76167	1.6105	0.401429	264.261	0
9830	1.966	1.76167	1.6105	0.401429	263.278	0
9835	1.967	1.76167	1.6105	0.401429	262.528	0
9840	1.968	1.76167	1.6105	0.401429	261.898	0
9845	1.969	1.76167	1.6105	0.401429	261.811	0
9850	1.97	1.76167	1.6105	0.401429	261.968	0
9855	1.971	1.76167	1.6105	0.401429	262.394	0
9860	1.972	1.76167	1.6105	0.401429	261.992	0
9865	1.973	1.76167	1.6105	0.401429	261.08	0
9870	1.974	1.76167	1.6105	0.401429	260.622	0
9875	1.975	1.76167	1.6105	0.401429	260.204	0
9880	1.976	1.76167	1.6105	0.401429	260.491	0
9885	1.977	1.76167	1.6105	0.401429	260.823	0
9890	1.978	1.76167	1.6105	0.401429	261.229	0
9895	1.979	1.76167	1.6105	0.401429	261.395	0
9900	1.98	1.76167	1.6105	0.401429	261.781	0
9905	1.981	1.76167	1.6105	0.401429	262.221	0
9910	1.982	1.76167	1.6105	0.401429	265.759	0
9915	1.983	1.76167	1.6105	0.401429	265.324	0
9920	1.984	1.76167	1.6105	0.401429	264.825	0
9925	1.985	1.76167	1.6105	0.401429	264.284	0
9930	1.986	1.76167	1.6105	0.401429	263.609	0
9935	1.987	1.76167	1.6105	0.401429	263.575	0
9940	1.988	1.76167	1.6105	0.401429	263.569	0
9945	1.989	1.76167	1.6105	0.401429	266.995	0
9950	1.99	1.76167	1.6105	0.401429	266.278	0
9955	1.991	1.76167	1.6105	0.401429	265.389	0
9960	1.992	1.76167	1.6105	0.401429	264.565	0
9965	1.993	1.76167	1.6105	0.401429	264.113	0
9970	1.994	1.76167	1.6105	0.401429	264.025	0
9975	1.995	1.76167	1.6105	0.401429	264.096	0
9980	1.996	1.76167	1.6105	0.401429	264.253	0
9985	1.997	1.76167	1.6105	0.401429	263.219	0
9990	1.998	1.76167	1.6105	0.401429	262.521	0
9995	1.999	1.76167	1.6105	0.401429	261.851	0
10000	2	1.76167	1.6105	0.401429	261.822	0
10005	2.001	1.76167	1.6105	0.401429	261.937	0
10010	2.002	1.76167	1.6105	0.401429	262.422	0
10015	2.003	1.76167	1.6105	0.401429	262.074	0
10020	2.004	1.76167	1.6105	0.401429	261.305	0
10025	2.005	1.76167	1.6105	0.401429	260.784	0
10030	2.006	1.76167	1.6105	0.401429	260.495	0
10035	2.007	1.76167	1.6105	0.401429	260.724	0
10040	2.008	1.76167	1.6105	0.401429	260.943	0
10045	2.009	1.76167	1.6105	0.401429	261.249	0
10050	2.01	1.76167	1.6105	0.401429	260.364	0
10055	2.011	1.76167	1.6105	0.401429	259.883	0
10060	2.012	1.76167	1.6105	0.401429	259.552	0
10065	2.013	1.76167	1.6105	0.401429	259.741	0
10070	2.014	1.76167	1.6105	0.401429	260.146	0
10075	2.015	1.76167	1.6105	0.401429	260.652	0
10080	2.016	1.76167	1.6105	0.401429	260.962	0
10085	2.017	1.76167	1.6105	0.401429	261.195	0
10090	2.018	1.76167	1.6105	0.401429	261.694	0
10095	2.019	1.76167	1.6105	0.401429	262.057	0
10100	2.02	1.76167	1.6105	0.401429	262.146	0
10105	2.021	1.76167	1.6105	0.401429	261.787	0
10110	2.022	1.76167	1.6105	0.401429	261.546	0
10115	2.023	1.76167	1.6105	0.401429	261.182	0
10120	2.024	1.76167	1.6105	0.401429	261.223	0
10125	2.025	1.76167	1.6105	0.401429	261.439	0
10130	2.026	1.76167	1.6105	0.401429	261.887	0
10135	2.027	1.76167	1.6105	0.401429	261.856	0
10140	2.028	1.76167	1.6105	0.401429	261.275	0
10145	2.029	1.76167	1.6105	0.401429	260.82	0
10150	2.03	1.76167	1.6105	0.401429	260.298	0
10155	2.031	1.76167	1.6105	0.401429	260.467	0
10160	2.032	1.76167	1.6105	0.401429	260.677	0
10165	2.033	1.76167	1.6105	0.401429	261.322	0
10170	2.034	1.76167	1.6105	0.401429	261.017	0
10175	2.035	1.76167	1.6105	0.401429	260.452	0
10180	2.036	1.76167	1.6105	0.401429	259.988	0
10185	2.037	1.76167	1.6105	0.401429	259.901	0
10190	2.038	1.76167	1.6105	0.401429	260.166	0
10195	2.039	1.76167	1.6105	0.401429	260.57	0
10200	2.04	1.76167	1.6105	0.401429	261.037	0
10205	2.041	1.76167	1.6105	0.401429	260.135	0
10210	2.042	1.76167	1.6105	0.401429	259.681	0
10215	2.043	1.76167	1.6105	0.401429	259.282	0
10220	2.044	1.76167	1.6105	0.401429	259.504	0
10225	2.045	1.76167	1.6105	0.401429	259.854	0
10230	2.046	1.76167	1.6105	0.401429	260.546	0
10235	2.047	1.76167	1.6105	0.401429	260.072	0
10240	2.048	1.76167	1.6105	0.401429	259.449	0
10245	2.049	1.76167	1.6105	0.401429	259.148	0
10250	2.05	1.76167	1.6105	0.401429	259.079	0
10255	2.051	1.76167	1.6105	0.401429	259.503	0
10260	2.052	1.76167	1.6105	0.401429	259.898	0
10265	2.053	1.76167	1.6105	0.401429	260.35	0
10270	2.054	1.76167	1.6105	0.401429	260.537	0
10275	2.055	1.76167	1.6105	0.401429	261.046	0
10280	2.056	1.76167	1.6105	0.401429	261.533	0
10285	2.057	1.76167	1.6105	0.401429	261.968	0
10290	2.058	1.76167	1.6105	0.401429	261.759	0
10295	2.059	1.76167	1.6105	0.401429	261.55	0
10300	2.06	1.76167	1.6105	0.401429	261.254	0
10305	2.061	1.76167	1.6105	0.401429	261.033	0
10310	2.062	1.76167	1.6105	0.401429	261.246	0
10315	2.063	1.76167	1.6105	0.401429	261.41	0
10320	2.064	1.76167	1.6105	0.401429	261.782	0
10325	2.065	1.76167	1.6105	0.401429	261.399	0
10330	2.066	1.76167	1.6105	0.401429	260.932	0
10335	2.067	1.76167	1.6105	0.401429	260.458	0
10340	2.068	1.76167	1.6105	0.401429	260.469	0
10345	2.069	1.76167	1.6105	0.401429	260.694	0
10350	2.07	1.76167	1.6105	0.401429	261.175	0
10355	2.071	1.76167	1.6105	0.401429	261.365	0
10360	2.072	1.76167	1.6105	0.401429	260.66	0
10365	2.073	1.76167	1.6105	0.401429	260.185	0
10370	2.074	1.76167	1.6105	0.401429	259.685	0
10375	2.075	1.76167	1.6105	0.401429	259.901	0
10380	2.076	1.76167	1.6105	0.401429	260.165	0
10385	2.077	1.76167	1.6105	0.401429	260.867	0
10390	2.078	1.76167	1.6105	0.401429	260.388	0
10395	2.079	1.76167	1.6105	0.401429	259.83	0
10400	2.08	1.76167	1.6105	0.401429	259.433	0
10405	2.081	1.76167	1.6105	0.401429	259.427	0
10410	2.082	1.76167	1.6105	0.401429	259.771	0
10415	2.083	1.76167	1.6105	0.401429	260.248	0
10420	2.084	1.76167	1.6105	0.401429	260.295	0
10425	2.085	1.76167	1.6105	0.401429	259.352	0
10430	2.086	1.76167	1.6105	0.401429	259.011	0
10435	2.087	1.76167	1.6105	0.401429	258.744	0
10440	2.088	1.76167	1.6105	0.401429	259.09	0
10445	2.089	1.76167	1.6105	0.401429	259.55	0
10450	2.09	1.76167	1.6105	0.401429	260.087	0
10455	2.091	1.76167	1.6105	0.401429	260.393	0
10460	2.092	1.76167	1.6105	0.401429	260.791	0
10465	2.093	1.76167	1.6105	0.401429	261.325	0
10470	2.094	1.76167	1.6105	0.401429	261.866	0
10475	2.095	1.76167	1.6105	0.401429	261.855	0
10480	2.096	1.76167	1.6105	0.401429	261.46	0
10485	2.097	1.76167	1.6105	0.401429	261.219	0
10490	2.098	1.76167	1.6105	0.401429	260.843	0
10495	2.099	1.76167	1.6105	0.401429	260.988	0
10500	2.1	1.76167	1.6105	0.401429	261.216	0
10505	2.101	1.76167	1.6105	0.401429	261.774	0
10510	2.102	1.76167	1.6105	0.401429	261.612	0
10515	2.103	1.76167	1.6105	0.401429	261.089	0
10520	2.104	1.76167	1.6105	0.401429	260.639	0
10525	2.105	1.76167	1.6105	0.401429	260.353	0
10530	2.106	1.76167	1.6105	0.401429	260.557	0
10535	2.107	1.76167	1.6105	0.401429	260.738	0
10540	2.108	1.76167	1.6105	0.401429	264.4	0
10545	2.109	1.76167	1.6105	0.401429	263.577	0
10550	2.11	1.76167	1.6105	0.401429	262.83	0
10555	2.111	1.76167	1.6105	0.401429	262.154	0
10560	2.112	1.76167	1.6105	0.401429	262.01	0
10565	2.113	1.76167	1.6105	0.401429	262.109	0
10570	2.114	1.76167	1.6105	0.401429	262.484	0
10575	2.115	1.76167	1.6105	0.401429	262.436	0
10580	2.116	1.76167	1.6105	0.401429	261.543	0
10585	2.117	1.76167	1.6105	0.401429	260.992	0
10590	2.118	1.76167	1.6105	0.401429	260.456	0
10595	2.119	1.76167	1.6105	0.401429	260.645	0
10600	2.12	1.76167	1.6105	0.401429	260.89	0
10605	2.121	1.76167	1.6105	0.401429	264.539	0
10610	2.122	1.76167	1.6105	0.401429	263.541	0
10615	2.123	1.76167	1.6105	0.401429	262.724	0
10620	2.124	1.76167	1.6105	0.401429	262.157	0
10625	2.125	1.76167	1.6105	0.401429	262.004	0
10630	2.126	1.76167	1.6105	0.401429	262.209	0
10635	2.127	1.76167	1.6105	0.401429	262.552	0
10640	2.128	1.76167	1.6105	0.401429	262.745	0
10645	2.129	1.76167	1.6105	0.401429	262.675	0
10650	2.13	1.76167	1.6105	0.401429	263.036	0
10655	2.131	1.76167	1.6105	0.401429	263.322	0
10660	2.132	1.76167	1.6105	0.401429	263.443	0
10665	2.133	1.76167	1.6105	0.401429	263.043	0
10670	2.134	1.76167	1.6105	0.401429	262.714	0
10675	2.135	1.76167	1.6105	0.401429	262.288	0
10680	2.136	1.76167	1.6105	0.401429	262.129	0
10685	2.137	1.76167	1.6105	0.401429	262.266	0
10690	2.138	1.76167	1.6105	0.401429	262.518	0
10695	2.139	1.76167	1.6105	0.401429	262.601	0
10700	2.14	1.76167	1.6105	0.401429	261.903	0
10705	2.141	1.76167	1.6105	0.401429	261.399	0
10710	2.142	1.76167	1.6105	0.401429	260.86	0
10715	2.143	1.76167	1.6105	0.401429	260.923	0
10720	2.144	1.76167	1.6105	0.401429	261.107	0
10725	2.145	1.76167	1.6105	0.401429	261.649	0
10730	2.146	1.76167	1.6105	0.401429	261.62	0
10735	2.147	1.76167	1.6105	0.401429	260.959	0
10740	2.148	1.76167	1.6105	0.401429	260.46	0
10745	2.149	1.76167	1.6105	0.401429	260.165	0
10750	2.15	1.76167	1.6105	0.401429	260.382	0
10755	2.151	1.76167	1.6105	0.401429	260.587	0
10760	2.152	1.76167	1.6105	0.401429	264.261	0
10765	2.153	1.76167	1.6105	0.401429	263.278	0
10770	2.154	1.76167	1.6105	0.401429	262.528	0
10775	2.155	1.76167	1.6105	0.401429	261.898	0
10780	2.156	1.76167	1.6105	0.401429	261.811	0
10785	2.157	1.76167	1.6105	0.401429	261.968	0
10790	2.158	1.76167	1.6105	0.401429	262.394	0
10795	2.159	1.76167	1.6105	0.401429	261.992	0
10800	2.16	1.76167	1.6105	0.401429	261.08	0
10805	2.161	1.76167	1.6105	0.401429	260.622	0
10810	2.162	1.76167	1.6105	0.401429	260.204	0
10815	2.163	1.76167	1.6105	0.401429	260.491	0
10820	2.164	1.76167	1.6105	0.401429	260.823	0
10825	2.165	1.76167	1.6105	0.401429	261.229	0
10830	2.166	1.76167	1.6105	0.401429	261.395	0
10835	2.167	1.76167	1.6105	0.401429	261.781	0
10840	2.168	1.76167	1.6105	0.401429	262.221	0
10845	2.169	1.76167	1.6105	0.401429	265.759	0
10850	2.17	1.76167	1.6105	0.401429	265.324	0
10855	2.171	1.76167	1.6105	0.401429	264.825	0
10860	2.172	1.76167	1.6105	0.401429	264.284	0
10865	2.173	1.76167	1.6105	0.401429	263.609	0
10870	2.174	1.76167	1.6105	0.401429	263.575	0
10875	2.175	1.76167	1.6105	0.401429	263.569	0
10880	2.176	1.76167	1.6105	0.401429	266.995	0
10885	2.177	1.76167	1.6105	0.401429	266.278	0
10890	2.178	1.76167	1.6105	0.401429	265.389	0
10895	2.179	1.76167	1.6105	0.401429	264.565	0
10900	2.18	1.76167	1.6105	0.401429	264.113	0
10905	2.181	1.76167	1.6105	0.401429	264.025	0
10910	2.182	1.76167	1.6105	0.401429	264.096	0
10915	2.183	1.76167	1.6105	0.401429	264.253	0
10920	2.184	1.76167	1.6105	0.401429	263.219	0
10925	2.185	1.76167	1.6105	0.401429	262.521	0
10930	2.186	1.76167	1.6105	0.401429	261.851	0
10935	2.187	1.76167	1.6105	0.401429	261.822	0
10940	2.188	1.76167	1.6105	0.401429	261.937	0
10945	2.189	1.76167	1.6105	0.401429	262.422	0
10950	2.19	1.76167	1.6105	0.401429	262.074	0
10955	2.191	1.76167	1.6105	0.401429	261.305	0
10960	2.192	1.76167	1.6105	0.401429	260.784	0
10965	2.193	1.76167	1.6105	0.401429	260.495	0
10970	2.194	1.76167	1.6105	0.401429	260.724	0
10975	2.195	1.76167	1.6105	0.401429	260.943	0
10980	2.196	1.76167	1.6105	0.401429	261.249	0
10985	2.197	1.76167	1.6105	0.401429	260.364	0
10990	2.198	1.76167	1.6105	0.401429	259.883	0
10995	2.199	1.76167	1.6105	0.401429	259.552	0
11000	2.2	1.76167	1.6105	0.401429	259.741	0
11005	2.201	1.76167	1.6105	0.401429	260.146	0
11010	2.202	1.76167	1.6105	0.401429	260.652	0
11015	2.203	1.76167	1.6105	0.401429	260.962	0
11020	2.204	1.76167	1.6105	0.401429	261.195	0
11025	2.205	1.76167	1.6105	0.401429	261.694	0
11030	2.206	1.76167	1.6105	0.401429	262.057	0
11035	2.207	1.76167	1.6105	0.401429	262.146	0
11040	2.208	1.76167	1.6105	0.401429	261.787	0
11045	2.209	1.76167	1.6105	0.401429	261.546	0
11050	2.21	1.76167	1.6105	0.401429	261.182	0
11055	2.211	1.76167	1.6105	0.401429	261.223	0
11060	2.212	1.76167	1.6105	0.401429	261.439	0
11065	2.213	1.76167	1.6105	0.401429	261.887	0
11070	2.214	1.76167	1.6105	0.401429	261.856	0
11075	2.215	1.76167	1.6105	0.401429	261.275	0
11080	2.216	1.76167	1.6105	0.401429	260.82	0
11085	2.217	1.76167	1.6105	0.401429	260.298	0
11090	2.218	1.76167	1.6105	0.401429	260.467	0
11095	2.219	1.76167	1.6105	0.401429	260.677	0
11100	2.22	1.76167	1.6105	0.401429	261.322	0
11105	2.221	1.76167	1.6105	0.401429	261.017	0
11110	2.222	1.76167	1.6105	0.401429	260.452	0
11115	2.223	1.76167	1.6105	0.401429	259.988	0
11120	2.224	1.76167	1.6105	0.401429	259.901	0
11125	2.225	1.76167	1.6105	0.401429	260.166	0
11130	2.226	1.76167	1.6105	0.401429	260.57	0
11135	2.227	1.76167	1.6105	0.401429	261.037	0
11140	2.228	1.76167	1.6105	0.401429	260.135	0
11145	2.229	1.76167	1.6105	0.401429	259.681	0
11150	2.23	1.76167	1.6105	0.401429	259.282	0
11155	2.231	1.76167	1.6105	0.401429	259.504	0
11160	2.232	1.76167	1.6105	0.401429	259.854	0
11165	2.233	1.76167	1.6105	0.401429	260.546	0
11170	2.234	1.76167	1.6105	0.401429	260.072	0
11175	2.235	1.76167	1.6105	0.401429	259.449	0
11180	2.236	1.76167	1.6105	0.401429	259.148	0
11185	2.237	1.76167	1.6105	0.401429	259.079	0
11190	2.238	1.76167	1.6105	0.401429	259.503	0
11195	2.239	1.76167	1.6105	0.401429	259.898	0
11200	2.24	1.76167	1.6105	0.401429	260.35	0
11205	2.241	1.76167	1.6105	0.401429	260.537	0
11210	2.242	1.76167	1.6105	0.401429	261.046	0
11215	2.243	1.76167	1.6105	0.401429	261.533	0
11220	2.244	1.76167	1.6105	0.401429	261.968	0
11225	2.245	1.76167	1.6105	0.401429	261.759	0
11230	2.246	1.76167	1.6105	0.401429	261.55	0
11235	2.247	1.76167	1.6105	0.401429	261.254	0
11240	2.248	1.76167	1.6105	0.401429	261.033	0
11245	2.249	1.76167	1.6105	0.401429	261.246	0
11250	2.25	1.76167	1.6105	0.401429	261.41	0
11255	2.251	1.76167	1.6105	0.401429	261.782	0
11260	2.252	1.76167	1.6105	0.401429	261.399	0
11265	2.253	1.76167	1.6105	0.401429	260.932	0
11270	2.254	1.76167	1.6105	0.401429	260.458	0
11275	2.255	1.76167	1.6105	0.401429	260.469	0
11280	2.256	1.76167	1.6105	0.401429	260.694	0
11285	2.257	1.76167	1.6105	0.401429	261.175	0
11290	2.258	1.76167	1.6105	0.401429	261.365	0
11295	2.259	1.76167	1.6105	0.401429	260.66	0
11300	2.26	1.76167	1.6105	0.401429	260.185	0
11305	2.261	1.76167	1.6105	0.401429	259.685	0
11310	2.262	1.76167	1.6105	0.401429	259.901	0
11315	2.263	1.76167	1.6105	0.401429	260.165	0
11320	2.264	1.76167	1.6105	0.401429	260.867	0
11325	2.265	1.76167	1.6105	0.401429	260.388	0
11330	2.266	1.76167	1.6105	0.401429	259.83	0
11335	2.267	1.76167	1.6105	0.401429	259.433	0
11340	2.268	1.76167	1.6105	0.401429	259.427	0
11345	2.269	1.76167	1.6105	0.401429	259.771	0
11350	2.27	1.76167	1.6105	0.401429	260.248	0
11355	2.271	1.76167	1.6105	0.401429	260.295	0
11360	2.272	1.76167	1.6105	0.401429	259.352	0
11365	2.273	1.76167	1.6105	0.401429	259.011	0
11370	2.274	1.76167	1.6105	0.401429	258.744	0
11375	2.275	1.76167	1.6105	0.401429	259.09	0
11380	2.276	1.76167	1.6105	0.401429	259.55	0
11385	2.277	1.76167	1.6105	0.401429	260.087	0
11390	2.278	1.76167	1.6105	0.401429	260.393	0
11395	2.279	1.76167	1.6105	0.401429	260.791	0
11400	2.28	1.76167	1.6105	0.401429	261.325	0
11405	2.281	1.76167	1.6105	0.401429	261.866	0
11410	2.282	1.76167	1.6105	0.401429	261.855	0
11415	2.283	1.76167	1.6105	0.401429	261.46	0
11420	2.284	1.76167	1.6105	0.401429	261.219	0
11425	2.285	1.76167	1.6105	0.401429	260.843	0
11430	2.286	1.76167	1.6105	0.401429	260.988	0
11435	2.287	1.76167	1.6105	0.401429	261.216	0
11440	2.288	1.76167	1.6105	0.401429	261.774	0
11445	2.289	1.76167	1.6105	0.401429	261.612	0
11450	2.29	1.76167	1.6105	0.401429	261.089	0
11455	2.291	1.76167	1.6105	0.401429	260.639	0
11460	2.292	1.76167	1.6105	0.401429	260.353	0
11465	2.293	1.76167	1.6105	0.401429	260.557	0
11470	2.294	1.76167	1.6105	0.401429	260.738	0
11475	2.295	1.76167	1.6105	0.401429	264.4	0
11480	2.296	1.76167	1.6105	0.401429	263.577	0
11485	2.297	1.76167	1.6105	0.401429	262.83	0
11490	2.298	1.76167	1.6105	0.401429	262.154	0
11495	2.299	1.76167	1.6105	0.401429	262.01	0
11500	2.3	1.76167	1.6105	0.401429	262.109	0
11505	2.301	1.76167	1.6105	0.401429	262.484	0
11510	2.302	1.76167	1.6105	0.401429	262.436	0
11515	2.303	1.76167	1.6105	0.401429	261.543	0
11520	2.304	1.76167	1.6105	0.401429	260.992	0
11525	2.305	1.76167	1.6105	0.401429	260.456	0
11530	2.306	1.76167	1.6105	0.401429	260.645	0
11535	2.307	1.76167	1.6105	0.401429	260.89	0
11540	2.308	1.76167	1.6105	0.401429	264.539	0
11545	2.309	1.76167	1.6105	0.401429	263.541	0
11550	2.31	1.76167	1.6105	0.401429	262.724	0
11555	2.311	1.76167	1.6105	0.401429	262.157	0
11560	2.312	1.76167	1.6105	0.401429	262.004	0
11565	2.313	1.76167	1.6105	0.401429	262.209	0
11570	2.314	1.76167	1.6105	0.401429	262.552	0
11575	2.315	1.76167	1.6105	0.401429	262.745	0
11580	2.316	1.76167	1.6105	0.401429	262.675	0
11585	2.317	1.76167	1.6105	0.401429	263.036	0
11590	2.318	1.76167	1.6105	0.401429	263.322	0
11595	2.319	1.76167	1.6105	0.401429	263.443	0
11600	2.32	1.76167	1.6105	0.401429	263.043	0
11605	2.321	1.76167	1.6105	0.401429	262.714	0
11610	2.322	1.76167	1.6105	0.401429	262.288	0
11615	2.323	1.76167	1.6105	0.401429	262.129	0
11620	2.324	1.76167	1.6105	0.401429	262.266	0
11625	2.325	1.76167	1.6105	0.401429	262.518	0
11630	2.326	1.76167	1.6105	0.401429	262.601	0
11635	2.327	1.76167	1.6105	0.401429	261.903	0
11640	2.328	1.76167	1.6105	0.401429	261.399	0
11645	2.329	1.76167	1.6105	0.401429	260.86	0
11650	2.33	1.76167	1.6105	0.401429	260.923	0
11655	2.331	1.76167	1.6105	0.401429	261.107	0
11660	2.332	1.76167	1.6105	0.401429	261.649	0
11665	2.333	1.76167	1.6105	0.401429	261.62	0
11670	2.334	1.76167	1.6105	0.401429	260.959	0
11675	2.335	1.76167	1.6105	0.401429	260.46	0
11680	2.336	1.76167	1.6105	0.401429	260.165	0
11685	2.337	1.76167	1.6105	0.401429	260.382	0
11690	2.338	1.76167	1.6105	0.401429	260.587	0
11695	2.339	1.76167	1.6105	0.401429	264.261	0
11700	2.34	1.76167	1.6105	0.401429	263.278	0
11705	2.341	1.76167	1.6105	0.401429	262.528	0
11710	2.342	1.76167	1.6105	0.401429	261.898	0
11715	2.343	1.76167	1.6105	0.401429	261.811	0
11720	2.344	1.76167	1.6105	0.401429	261.968	0
11725	2.345	1.76167	1.6105	0.401429	262.394	0
11730	2.346	1.76167	1.6105	0.401429	261.992	0
11735	2.347	1.76167	1.6105	0.401429	261.08	0
11740	2.348	1.76167	1.6105	0.401429	260.622	0
11745	2.349	1.76167	1.6105	0.401429	260.204	0
11750	2.35	1.76167	1.6105	0.401429	260.491	0
11755	2.351	1.76167	1.6105	0.401429	260.823	0
11760	2.352	1.76167	1.6105	0.401429	261.229	0
11765	2.353	1.76167	1.6105	0.401429	261.395	0
11770	2.354	1.76167	1.6105	0.401429	261.781	0
11775	2.355	1.76167	1.6105	0.401429	262.221	0
11780	2.356	1.76167	1.6105	0.401429	265.759	0
11785	2.357	1.76167	1.6105	0.401429	265.324	0
11790	2.358	1.76167	1.6105	0.401429	264.825	0
11795	2.359	1.76167	1.6105	0.401429	264.284	0
11800	2.36	1.76167	1.6105	0.401429	263.609	0
11805	2.361	1.76167	1.6105	0.401429	263.575	0
11810	2.362	1.76167	1.6105	0.401429	263.569	0
11815	2.363	1.76167	1.6105	0.401429	266.995	0
11820	2.364	1.76167	1.6105	0.401429	266.278	0
11825	2.365	1.76167	1.6105	0.401429	265.389	0
11830	2.366	1.76167	1.6105	0.401429	264.565	0
11835	2.367	1.76167	1.6105	0.401429	264.113	0
11840	2.368	1.76167	1.6105	0.401429	264.025	0
11845	2.369	1.76167	1.6105	0.401429	264.096	0
11850	2.37	1.76167	1.6105	0.401429	264.253	0
11855	2.371	1.76167	1.6105	0.401429	263.219	0
11860	2.372	1.76167	1.6105	0.401429	262.521	0
11865	2.373	1.76167	1.6105	0.401429	261.851	0
11870	2.374	1.76167	1.6105	0.401429	261.822	0
11875	2.375	1.76167	1.6105	0.401429	261.937	0
11880	2.376	1.76167	1.6105	0.401429	262.422	0
11885	2.377	1.76167	1.6105	0.401429	262.074	0
11890	2.378	1.76167	1.6105	0.401429	261.305	0
11895	2.379	1.76167	1.6105	0.401429	260.784	0
11900	2.38	1.76167	1.6105	0.401429	260.495	0
11905	2.381	1.76167	1.6105	0.401429	260.724	0
11910	2.382	1.76167	1.6105	0.401429	260.943	0
11915	2.383	1.76167	1.6105	0.401429	261.249	0
11920	2.384	1.76167	1.6105	0.401429	260.364	0
11925	2.385	1.76167	1.6105	0.401429	259.883	0
11930	2.386	1.76167	1.6105	0.401429	259.552	0
11935	2.387	1.76167	1.6105	0.401429	259.741	0
11940	2.388	1.76167	1.6105	0.401429	260.146	0
11945	2.389	1.76167	1.6105	0.401429	260.652	0
11950	2.39	1.76167	1.6105	0.401429	260.962	0
11955	2.391	1.76167	1.6105	0.401429	261.195	0
11960	2.392	1.76167	1.6105	0.401429	261.694	0
11965	2.393	1.76167	1.6105	0.401429	262.057	0
11970	2.394	1.76167	1.6105	0.401429	262.146	0
11975	2.395	1.76167	1.6105	0.401429	261.787	0
11980	2.396	1.76167	1.6105	0.401429	261.546	0
11985	2.397	1.76167	1.6105	0.401429	261.182	0
11990	2.398	1.76167	1.6105	0.401429	261.223	0
11995	2.399	1.76167	1.6105	0.401429	261.439	0
12000	2.4	1.76167	1.6105	0.401429	261.887	0
12005	2.401	1.76167	1.6105	0.401429	261.856	0
12010	2.402	1.76167	1.6105	0.401429	261.275	0
12015	2.403	1.76167	1.6105	0.401429	260.82	0
12020	2.404	1.76167	1.6105	0.401429	260.298	0
12025	2.405	1.76167	1.6105	0.401429	260.467	0
12030	2.406	1.76167	1.6105	0.401429	260.677	0
12035	2.407	1.76167	1.6105	0.401429	261.322	0
12040	2.408	1.76167	1.6105	0.401429	261.017	0
12045	2.409	1.76167	1.6105	0.401429	260.452	0
12050	2.41	1.76167	1.6105	0.401429	259.988	0
12055	2.411	1.76167	1.6105	0.401429	259.901	0
12060	2.412	1.76167	1.6105	0.401429	260.166	0
12065	2.413	1.76167	1.6105	0.401429	260.57	0
12070	2.414	1.76167	1.6105	0.401429	261.037	0
12075	2.415	1.76167	1.6105	0.401429	260.135	0
12080	2.416	1.76167	1.6105	0.401429	259.681	0
12085	2.417	1.76167	1.6105	0.401429	259.282	0
12090	2.418	1.76167	1.6105	0.401429	259.504	0
12095	2.419	1.76167	1.6105	0.401429	259.854	0
12100	2.42	1.76167	1.6105	0.401429	260.546	0
12105	2.421	1.76167	1.6105	0.401429	260.072	0
12110	2.422	1.76167	1.6105	0.401429	259.449	0
12115	2.423	1.76167	1.6105	0.401429	259.148	0
12120	2.424	1.76167	1.6105	0.401429	259.079	0
12125	2.425	1.76167	1.6105	0.401429	259.503	0
12130	2.426	1.76167	1.6105	0.401429	259.898	0
12135	2.427	1.76167	1.6105	0.401429	260.35	0
12140	2.428	1.76167	1.6105	0.401429	260.537	0
12145	2.429	1.76167	1.6105	0.401429	261.046	0
12150	2.43	1.76167	1.6105	0.401429	261.533	0
12155	2.431	1.76167	1.6105	0.401429	261.968	0
12160	2.432	1.76167	1.6105	0.401429	261.759	0
12165	2.433	1.76167	1.6105	0.401429	261.55	0
12170	2.434	1.76167	1.6105	0.401429	261.254	0
12175	2.435	1.76167	1.6105	0.401429	261.033	0
12180	2.436	1.76167	1.6105	0.401429	261.246	0
12185	2.437	1.76167	1.6105	0.401429	261.41	0
12190	2.438	1.76167	1.6105	0.401429	261.782	0
12195	2.439	1.76167	1.6105	0.401429	261.399	0
12200	2.44	1.76167	1.6105	0.401429	260.932	0
12205	2.441	1.76167	1.6105	0.401429	260.458	0
12210	2.442	1.76167	1.6105	0.401429	260.469	0
12215	2.443	1.76167	1.6105	0.401429	260.694	0
12220	2.444	1.76167	1.6105	0.401429	261.175	0
12225	2.445	1.76167	1.6105	0.401429	261.365	0
12230	2.446	1.76167	1.6105	0.401429	260.66	0
12235	2.447	1.76167	1.6105	0.401429	260.185	0
12240	2.448	1.76167	1.6105	0.401429	259.685	0
12245	2.449	1.76167	1.6105	0.401429	259.901	0
12250	2.45	1.76167	1.6105	0.401429	260.165	0
12255	2.451	1.76167	1.6105	0.401429	260.867	0
12260	2.452	1.76167	1.6105	0.401429	260.388	0
12265	2.453	1.76167	1.6105	0.401429	259.83	0
12270	2.454	1.76167	1.6105	0.401429	259.433	0
12275	2.455	1.76167	1.6105	0.401429	259.427	0
12280	2.456	1.76167	1.6105	0.401429	259.771	0
12285	2.457	1.76167	1.6105	0.401429	260.248	0
12290	2.458	1.76167	1.6105	0.401429	260.295	0
12295	2.459	1.76167	1.6105	0.401429	259.352	0
12300	2.46	1.76167	1.6105	0.401429	259.011	0
12305	2.461	1.76167	1.6105	0.401429	258.744	0
12310	2.462	1.76167	1.6105	0.401429	259.09	0
12315	2.463	1.76167	1.6105	0.401429	259.55	0
12320	2.464	1.76167	1.6105	0.401429	260.087	0
12325	2.465	1.76167	1.6105	0.401429	260.393	0
12330	2.466	1.76167	1.6105	0.401429	260.791	0
12335	2.467	1.76167	1.6105	0.401429	261.325	0
12340	2.468	1.76167	1.6105	0.401429	261.866	0
12345	2.469	1.76167	1.6105	0.401429	261.855	0
12350	2.47	1.76167	1.6105	0.401429	261.46	0
12355	2.471	1.76167	1.6105	0.401429	261.219	0
12360	2.472	1.76167	1.6105	0.401429	260.843	0
12365	2.473	1.76167	1.6105	0.401429	260.988	0
12370	2.474	1.76167	1.6105	0.401429	261.216	0
12375	2.475	1.76167	1.6105	0.401429	261.774	0
12380	2.476	1.76167	1.6105	0.401429	261.612	0
12385	2.477	1.76167	1.6105	0.401429	261.089	0
12390	2.478	1.76167	1.6105	0.401429	260.639	0
12395	2.479	1.76167	1.6105	0.401429	260.353	0
12400	2.48	1.76167	1.6105	0.401429	260.557	0
12405	2.481	1.76167	1.6105	0.401429	260.738	0
12410	2.482	1.76167	1.6105	0.401429	264.4	0
12415	2.483	1.76167	1.6105	0.401429	263.577	0
12420	2.484	1.76167	1.6105	0.401429	262.83	0
12425	2.485	1.76167	1.6105	0.401429	262.154	0
12430	2.486	1.76167	1.6105	0.401429	262.01	0
12435	2.487	1.76167	1.6105	0.401429	262.109	0
12440	2.488	1.76167	1.6105	0.401429	262.484	0
12445	2.489	1.76167	1.6105	0.401429	262.436	0
12450	2.49	1.76167	1.6105	0.401429	261.543	0
12455	2.491	1.76167	1.6105	0.401429	260.992	0
12460	2.492	1.76167	1.6105	0.401429	260.456	0
12465	2.493	1.76167	1.6105	0.401429	260.645	0
12470	2.494	1.76167	1.6105	0.401429	260.89	0
12475	2.495	1.76167	1.6105	0.401429	264.539	0
12480	2.496	1.76167	1.6105	0.401429	263.541	0
12485	2.497	1.76167	1.6105	0.401429	262.724	0
12490	2.498	1.76167	1.6105	0.401429	262.157	0
12495	2.499	1.76167	1.6105	0.401429	262.004	0
12500	2.5	1.76167	1.6105	0.401429	262.209	0
12505	2.501	1.76167	1.6105	0.401429	262.552	0
12510	2.502	1.76167	1.6105	0.401429	262.745	0
12515	2.503	1.76167	1.6105	0.401429	262.675	0
12520	2.504	1.76167	1.6105	0.401429	263.036	0
12525	2.505	1.76167	1.6105	0.401429	263.322	0
12530	2.506	1.76167	1.6105	0.401429	263.443	0
12535	2.507	1.76167	1.6105	0.401429	263.043	0
12540	2.508	1.76167	1.6105	0.401429	262.714	0
12545	2.509	1.76167	1.6105	0.401429	262.288	0
12550	2.51	1.76167	1.6105	0.401429	262.129	0
12555	2.511	1.76167	1.6105	0.401429	262.266	0
12560	2.512	1.76167	1.6105	0.401429	262.518	0
12565	2.513	1.76167	1.6105	0.401429	262.601	0
12570	2.514	1.76167	1.6105	0.401429	261.903	0
12575	2.515	1.76167	1.6105	0.401429	261.399	0
12580	2.516	1.76167	1.6105	0.401429	260.86	0
12585	2.517	1.76167	1.6105	0.401429	260.923	0
12590	2.518	1.76167	1.6105	0.401429	261.107	0
12595	2.519	1.76167	1.6105	0.401429	261.649	0
12600	2.52	1.76167	1.6105	0.401429	261.62	0
12605	2.521	1.76167	1.6105	0.401429	260.959	0
12610	2.522	1.76167	1.6105	0.401429	260.46	0
12615	2.523	1.76167	1.6105	0.401429	260.165	0
12620	2.524	1.76167	1.6105	0.401429	260.382	0
12625	2.525	1.76167	1.6105	0.401429	260.587	0
12630	2.526	1.76167	1.6105	0.401429	264.261	0
12635	2.527	1.76167	1.6105	0.401429	263.278	0
12640	2.528	1.76167	1.6105	0.401429	262.528	0
12645	2.529	1.76167	1.6105	0.401429	261.898	0
12650	2.53	1.76167	1.6105	0.401429	261.811	0
12655	2.531	1.76167	1.6105	0.401429	261.968	0
12660	2.532	1.76167	1.6105	0.401429	262.394	0
12665	2.533	1.76167	1.6105	0.401429	261.992	0
12670	2.534	1.76167	1.6105	0.401429	261.08	0
12675	2.535	1.76167	1.6105	0.401429	260.622	0
12680	2.536	1.76167	1.6105	0.401429	260.204	0
12685	2.537	1.76167	1.6105	0.401429	260.491	0
12690	2.538	1.76167	1.6105	0.401429	260.823	0
12695	2.539	1.76167	1.6105	0.401429	261.229	0
12700	2.54	1.76167	1.6105	0.401429	261.395	0
12705	2.541	1.76167	1.6105	0.401429	261.781	0
12710	2.542	1.76167	1.6105	0.401429	262.221	0
12715	2.543	1.76167	1.6105	0.401429	265.759	0
12720	2.544	1.76167	1.6105	0.401429	265.324	0
12725	2.545	1.76167	1.6105	0.401429	264.825	0
12730	2.546	1.76167	1.6105	0.401429	264.284	0
12735	2.547	1.76167	1.6105	0.401429	263.609	0
12740	2.548	1.76167	1.6105	0.401429	263.575	0
12745	2.549	1.76167	1.6105	0.401429	263.569	0
12750	2.55	1.76167	1.6105	0.401429	266.995	0
12755	2.551	1.76167	1.6105	0.401429	266.278	0
12760	2.552	1.76167	1.6105	0.401429	265.389	0
12765	2.553	1.76167	1.6105	0.401429	264.565	0
12770	2.554	1.76167	1.6105	0.401429	264.113	0
12775	2.555	1.76167	1.6105	0.401429	264.025	0
12780	2.556	1.76167	1.6105	0.401429	264.096	0
12785	2.557	1.76167	1.6105	0.401429	264.253	0
12790	2.558	1.76167	1.6105	0.401429	263.219	0
12795	2.559	1.76167	1.6105	0.401429	262.521	0
12800	2.56	1.76167	1.6105	0.401429	261.851	0
12805	2.561	1.76167	1.6105	0.401429	261.822	0
12810	2.562	1.76167	1.6105	0.401429	261.937	0
12815	2.563	1.76167	1.6105	0.401429	262.422	0
12820	2.564	1.76167	1.6105	0.401429	262.074	0
12825	2.565	1.76167	1.6105	0.401429	261.305	0
12830	2.566	1.76167	1.6105	0.401429	260.784	0
12835	2.567	1.76167	1.6105	0.401429	260.495	0
12840	2.568	1.76167	1.6105	0.401429	260.724	0
12845	2.569	1.76167	1.6105	0.401429	260.943	0
12850	2.57	1.76167	1.6105	0.401429	261.249	0
12855	2.571	1.76167	1.6105	0.401429	260.364	0
12860	2.572	1.76167	1.6105	0.401429	259.883	0
12865	2.573	1.76167	1.6105	0.401429	259.552	0
12870	2.574	1.76167	1.6105	0.401429	259.741	0
12875	2.575	1.76167	1.6105	0.401429	260.146	0
12880	2.576	1.76167	1.6105	0.401429	260.652	0
12885	2.577	1.76167	1.6105	0.401429	260.962	0
12890	2.578	1.76167	1.6105	0.401429	261.195	0
12895	2.579	1.76167	1.6105	0.401429	261.694	0
12900	2.58	1.76167	1.6105	0.401429	262.057	0
12905	2.581	1.76167	1.6105	0.401429	262.146	0
12910	2.582	1.76167	1.6105	0.401429	261.787	0
12915	2.583	1.76167	1.6105	0.401429	261.546	0
12920	2.584	1.76167	1.6105	0.401429	261.182	0
12925	2.585	1.76167	1.6105	0.401429	261.223	0
12930	2.586	1.76167	1.6105	0.401429	261.439	0
12935	2.587	1.76167	1.6105	0.401429	261.887	0
12940	2.588	1.76167	1.6105	0.401429	261.856	0
12945	2.589	1.76167	1.6105	0.401429	261.275	0
12950	2.59	1.76167	1.6105	0.401429	260.82	0
12955	2.591	1.76167	1.6105	0.401429	260.298	0
12960	2.592	1.76167	1.6105	0.401429	260.467	0
12965	2.593	1.76167	1.6105	0.401429	260.677	0
12970	2.594	1.76167	1.6105	0.401429	261.322	0
12975	2.595	1.76167	1.6105	0.401429	261.017	0
12980	2.596	1.76167	1.6105	0.401429	260.452	0
12985	2.597	1.76167	1.6105	0.401429	259.988	0
12990	2.598	1.76167	1.6105	0.401429	259.901	0
12995	2.599	1.76167	1.6105	0.401429	260.166	0
13000	2.6	1.76167	1.6105	0.401429	260.57	0
13005	2.601	1.76167	1.6105	0.401429	261.037	0
13010	2.602	1.76167	1.6105	0.401429	260.135	0
13015	2.603	1.76167	1.6105	0.401429	259.681	0
13020	2.604	1.76167	1.6105	0.401429	259.282	0
13025	2.605	1.76167	1.6105	0.401429	259.504	0
13030	2.606	1.76167	1.6105	0.401429	259.854	0
13035	2.607	1.76167	1.6105	0.401429	260.546	0
13040	2.608	1.76167	1.6105	0.401429	260.072	0
13045	2.609	1.76167	1.6105	0.401429	259.449	0
13050	2.61	1.76167	1.6105	0.401429	259.148	0
13055	2.611	1.76167	1.6105	0.401429	259.079	0
13060	2.612	1.76167	1.6105	0.401429	259.503	0
13065	2.613	1.76167	1.6105	0.401429	259.898	0
13070	2.614	1.76167	1.6105	0.401429	260.35	0
13075	2.615	1.76167	1.6105	0.401429	260.537	0
13080	2.616	1.76167	1.6105	0.401429	261.046	0
13085	2.617	1.76167	1.6105	0.401429	261.533	0
13090	2.618	1.76167	1.6105	0.401429	261.968	0
13095	2.619	1.76167	1.6105	0.401429	261.759	0
13100	2.62	1.76167	1.6105	0.401429	261.55	0
13105	2.621	1.76167	1.6105	0.401429	261.254	0
13110	2.622	1.76167	1.6105	0.401429	261.033	0
13115	2.623	1.76167	1.6105	0.401429	261.246	0
13120	2.624	1.76167	1.6105	0.401429	261.41	0
13125	2.625	1.76167	1.6105	0.401429	261.782	0
13130	2.626	1.76167	1.6105	0.401429	261.399	0
13135	2.627	1.76167	1.6105	0.401429	260.932	0
13140	2.628	1.76167	1.6105	0.401429	260.458	0
13145	2.629	1.76167	1.6105	0.401429	260.469	0
13150	2.63	1.76167	1.6105	0.401429	260.694	0
13155	2.631	1.76167	1.6105	0.401429	261.175	0
13160	2.632	1.76167	1.6105	0.401429	261.365	0
13165	2.633	1.76167	1.6105	0.401429	260.66	0
13170	2.634	1.76167	1.6105	0.401429	260.185	0
13175	2.635	1.76167	1.6105	0.401429	259.685	0
13180	2.636	1.76167	1.6105	0.401429	259.901	0
13185	2.637	1.76167	1.6105	0.401429	260.165	0
13190	2.638	1.76167	1.6105	0.401429	260.867	0
13195	2.639	1.76167	1.6105	0.401429	260.388	0
13200	2.64	1.76167	1.6105	0.401429	259.83	0
13205	2.641	1.76167	1.6105	0.401429	259.433	0
13210	2.642	1.76167	1.6105	0.401429	259.427	0
13215	2.643	1.76167	1.6105	0.401429	259.771	0
13220	2.644	1.76167	1.6105	0.401429	260.248	0
13225	2.645	1.76167	1.6105	0.401429	260.295	0
13230	2.646	1.76167	1.6105	0.401429	259.352	0
13235	2.647	1.76167	1.6105	0.401429	259.011	0
13240	2.648	1.76167	1.6105	0.401429	258.744	0
13245	2.649	1.76167	1.6105	0.401429	259.09	0
13250	2.65	1.76167	1.6105	0.401429	259.55	0
13255	2.651	1.76167	1.6105	0.401429	260.087	0
13260	2.652	1.76167	1.6105	0.401429	260.393	0
13265	2.653	1.76167	1.6105	0.401429	260.791	0
13270	2.654	1.76167	1.6105	0.401429	261.325	0
13275	2.655	1.76167	1.6105	0.401429	261.866	0
13280	2.656	1.76167	1.6105	0.401429	261.855	0
13285	2.657	1.76167	1.6105	0.401429	261.46	0
13290	2.658	1.76167	1.6105	0.401429	261.219	0
13295	2.659	1.76167	1.6105	0.401429	260.843	0
13300	2.66	1.76167	1.6105	0.401429	260.988	0
13305	2.661	1.76167	1.6105	0.401429	261.216	0
13310	2.662	1.76167	1.6105	0.401429	261.774	0
13315	2.663	1.76167	1.6105	0.401429	261.612	0
13320	2.664	1.76167	1.6105	0.401429	261.089	0
13325	2.665	1.76167	1.6105	0.401429	260.639	0
13330	2.666	1.76167	1.6105	0.401429	260.353	0
13335	2.667	1.76167	1.6105	0.401429	260.557	0
13340	2.668	1.76167	1.6105	0.401429	260.738	0
13345	2.669	1.76167	1.6105	0.401429	264.4	0
13350	2.67	1.76167	1.6105	0.401429	263.577	0
13355	2.671	1.76167	1.6105	0.401429	262.83	0
13360	2.672	1.76167	1.6105	0.401429	262.154	0
13365	2.673	1.76167	1.6105	0.401429	262.01	0
13370	2.674	1.76167	1.6105	0.401429	262.109	0
13375	2.675	1.76167	1.6105	0.401429	262.484	0
13380	2.676	1.76167	1.6105	0.401429	262.436	0
13385	2.677	1.76167	1.6105	0.401429	261.543	0
13390	2.678	1.76167	1.6105	0.401429	260.992	0
13395	2.679	1.76167	1.6105	0.401429	260.456	0
13400	2.68	1.76167	1.6105	0.401429	260.645	0
13405	2.681	1.76167	1.6105	0.401429	260.89	0
13410	2.682	1.76167	1.6105	0.401429	264.539	0
13415	2.683	1.76167	1.6105	0.401429	263.541	0
13420	2.684	1.76167	1.6105	0.401429	262.724	0
13425	2.685	1.76167	1.6105	0.401429	262.157	0
13430	2.686	1.76167	1.6105	0.401429	262.004	0
13435	2.687	1.76167	1.6105	0.401429	262.209	0
13440	2.688	1.76167	1.6105	0.401429	262.552	0
13445	2.689	1.76167	1.6105	0.401429	262.745	0
13450	2.69	1.76167	1.6105	0.401429	262.675	0
13455	2.691	1.76167	1.6105	0.401429	263.036	0
13460	2.692	1.76167	1.6105	0.401429	263.322	0
13465	2.693	1.76167	1.6105	0.401429	263.443	0
13470	2.694	1.76167	1.6105	0.401429	263.043	0
13475	2.695	1.76167	1.6105	0.401429	262.714	0
13480	2.696	1.76167	1.6105	0.401429	262.288	0
13485	2.697	1.76167	1.6105	0.401429	262.129	0
13490	2.698	1.76167	1.6105	0.401429	262.266	0
13495	2.699	1.76167	1.6105	0.401429	262.518	0
13500	2.7	1.76167	1.6105	0.401429	262.601	0
13505	2.701	1.76167	1.6105	0.401429	261.903	0
13510	2.702	1.76167	1.6105	0.401429	261.399	0
13515	2.703	1.76167	1.6105	0.401429	260.86	0
13520	2.704	1.76167	1.6105	0.401429	260.923	0
13525	2.705	1.76167	1.6105	0.401429	261.107	0
13530	2.706	1.76167	1.6105	0.401429	261.649	0
13535	2.707	1.76167	1.6105	0.401429	261.62	0
13540	2.708	1.76167	1.6105	0.401429	260.959	0
13545	2.709	1.76167	1.6105	0.401429	260.46	0
13550	2.71	1.76167	1.6105	0.401429	260.165	0
13555	2.711	1.76167	1.6105	0.401429	260.382	0
13560	2.712	1.76167	1.6105	0.401429	260.587	0
13565	2.713	1.76167	1.6105	0.401429	264.261	0
13570	2.714	1.76167	1.6105	0.401429	263.278	0
13575	2.715	1.76167	1.6105	0.401429	262.528	0
13580	2.716	1.76167	1.6105	0.401429	261.898	0
13585	2.717	1.76167	1.6105	0.401429	261.811	0
13590	2.718	1.76167	1.6105	0.401429	261.968	0
13595	2.719	1.76167	1.6105	0.401429	262.394	0
13600	2.72	1.76167	1.6105	0.401429	261.992	0
13605	2.721	1.76167	1.6105	0.401429	261.08	0
13610	2.722	1.76167	1.6105	0.401429	260.622	0
13615	2.723	1.76167	1.6105	0.401429	260.204	0
13620	2.724	1.76167	1.6105	0.401429	260.491	0
13625	2.725	1.76167	1.6105	0.401429	260.823	0
13630	2.726	1.76167	1.6105	0.401429	261.229	0
13635	2.727	1.76167	1.6105	0.401429	261.395	0
13640	2.728	1.76167	1.6105	0.401429	261.781	0
13645	2.729	1.76167	1.6105	0.401429	262.221	0
13650	2.73	1.76167	1.6105	0.401429	265.759	0
13655	2.731	1.76167	1.6105	0.401429	265.324	0
13660	2.732	1.76167	1.6105	0.401429	264.825	0
13665	2.733	1.76167	1.6105	0.401429	264.284	0
13670	2.734	1.76167	1.6105	0.401429	263.609	0
13675	2.735	1.76167	1.6105	0.401429	263.575	0
13680	2.736	1.76167	1.6105	0.401429	263.569	0
13685	2.737	1.76167	1.6105	0.401429	266.995	0
13690	2.738	1.76167	1.6105	0.401429	266.278	0
13695	2.739	1.76167	1.6105	0.401429	265.389	0
13700	2.74	1.76167	1.6105	0.401429	264.565	0
13705	2.741	1.76167	1.6105	0.401429	264.113	0
13710	2.742	1.76167	1.6105	0.401429	264.025	0
13715	2.743	1.76167	1.6105	0.401429	264.096	0
13720	2.744	1.76167	1.6105	0.401429	264.253	0
13725	2.745	1.76167	1.6105	0.401429	263.219	0
13730	2.746	1.76167	1.6105	0.401429	262.521	0
13735	2.747	1.76167	1.6105	0.401429	261.851	0
13740	2.748	1.76167	1.6105	0.401429	261.822	0
13745	2.749	1.76167	1.6105	0.401429	261.937	0
13750	2.75	1.76167	1.6105	0.401429	262.422	0
13755	2.751	1.76167	1.6105	0.401429	262.074	0
13760	2.752	1.76167	1.6105	0.401429	261.305	0
13765	2.753	1.76167	1.6105	0.401429	260.784	0
13770	2.754	1.76167	1.6105	0.401429	260.495	0
13775	2.755	1.76167	1.6105	0.401429	260.724	0
13780	2.756	1.76167	1.6105	0.401429	260.943	0
13785	2.757	1.76167	1.6105	0.401429	261.249	0
13790	2.758	1.76167	1.6105	0.401429	260.364	0
13795	2.759	1.76167	1.6105	0.401429	259.883	0
13800	2.76	1.76167	1.6105	0.401429	259.552	0
13805	2.761	1.76167	1.6105	0.401429	259.741	0
13810	2.762	1.76167	1.6105	0.401429	260.146	0
13815	2.763	1.76167	1.6105	0.401429	260.652	0
13820	2.764	1.76167	1.6105	0.401429	260.962	0
13825	2.765	1.76167	1.6105	0.401429	261.195	0
13830	2.766	1.76167	1.6105	0.401429	261.694	0
13835	2.767	1.76167	1.6105	0.401429	262.057	0
13840	2.768	1.76167	1.6105	0.401429	262.146	0
13845	2.769	1.76167	1.6105	0.401429	261.787	0
13850	2.77	1.76167	1.6105	0.401429	261.546	0
13855	2.771	1.76167	1.6105	0.401429	261.182	0
13860	2.772	1.76167	1.6105	0.401429	261.223	0
13865	2.773	1.76167	1.6105	0.401429	261.439	0
13870	2.774	1.76167	1.6105	0.401429	261.887	0
13875	2.775	1.76167	1.6105	0.401429	261.856	0
13880	2.776	1.76167	1.6105	0.401429	261.275	0
13885	2.777	1.76167	1.6105	0.401429	260.82	0
13890	2.778	1.76167	1.6105	0.401429	260.298	0
13895	2.779	1.76167	1.6105	0.401429	260.467	0
13900	2.78	1.76167	1.6105	0.401429	260.677	0
13905	2.781	1.76167	1.6105	0.401429	261.322	0
13910	2.782	1.76167	1.6105	0.401429	261.017	0
13915	2.783	1.76167	1.6105	0.401429	260.452	0
13920	2.784	1.76167	1.6105	0.401429	259.988	0
13925	2.785	1.76167	1.6105	0.401429	259.901	0
13930	2.786	1.76167	1.6105	0.401429	260.166	0
13935	2.787	1.76167	1.6105	0.401429	260.57	0
13940	2.788	1.76167	1.6105	0.401429	261.037	0
13945	2.789	1.76167	1.6105	0.401429	260.135	0
13950	2.79	1.76167	1.6105	0.401429	259.681	0
13955	2.791	1.76167	1.6105	0.401429	259.282	0
13960	2.792	1.76167	1.6105	0.401429	259.504	0
13965	2.793	1.76167	1.6105	0.401429	259.854	0
13970	2.794	1.76167	1.6105	0.401429	260.546	0
13975	2.795	1.76167	1.6105	0.401429	260.072	0
13980	2.796	1.76167	1.6105	0.401429	259.449	0
13985	2.797	1.76167	1.6105	0.401429	259.148	0
13990	2.798	1.76167	1.6105	0.401429	259.079	0
13995	2.799	1.76167	1.6105	0.401429	259.503	0
14000	2.8	1.76167	1.6105	0.401429	259.898	0
14005	2.801	1.76167	1.6105	0.401429	260.35	0
14010	2.802	1.76167	1.6105	0.401429	260.537	0
14015	2.803	1.76167	1.6105	0.401429	261.046	0
14020	2.804	1.76167	1.6105	0.401429	261.533	0
14025	2.805	1.76167	1.6105	0.401429	261.968	0
14030	2.806	1.76167	1.6105	0.401429	261.759	0
14035	2.807	1.76167	1.6105	0.401429	261.55	0
14040	2.808	1.76167	1.6105	0.401429	261.254	0
14045	2.809	1.76167	1.6105	0.401429	261.033	0
14050	2.81	1.76167	1.6105	0.401429	261.246	0
14055	2.811	1.76167	1.6105	0.401429	261.41	0
14060	2.812	1.76167	1.6105	0.401429	261.782	0
14065	2.813	1.76167	1.6105	0.401429	261.399	0
14070	2.814	1.76167	1.6105	0.401429	260.932	0
14075	2.815	1.76167	1.6105	0.401429	260.458	0
14080	2.816	1.76167	1.6105	0.401429	260.469	0
14085	2.817	1.76167	1.6105	0.401429	260.694	0
14090	2.818	1.76167	1.6105	0.401429	261.175	0
14095	2.819	1.76167	1.6105	0.401429	261.365	0
14100	2.82	1.76167	1.6105	0.401429	260.66	0
14105	2.821	1.76167	1.6105	0.401429	260.185	0
14110	2.822	1.76167	1.6105	0.401429	259.685	0
14115	2.823	1.76167	1.6105	0.401429	259.901	0
14120	2.824	1.76167	1.6105	0.401429	260.165	0
14125	2.825	1.76167	1.6105	0.401429	260.867	0
14130	2.826	1.76167	1.6105	0.401429	260.388	0
14135	2.827	1.76167	1.6105	0.401429	259.83	0
14140	2.828	1.76167	1.6105	0.401429	259.433	0
14145	2.829	1.76167	1.6105	0.401429	259.427	0
14150	2.83	1.76167	1.6105	0.401429	259.771	0
14155	2.831	1.76167	1.6105	0.401429	260.248	0
14160	2.832	1.76167	1.6105	0.401429	260.295	0
14165	2.833	1.76167	1.6105	0.401429	259.352	0
14170	2.834	1.76167	1.6105	0.401429	259.011	0
14175	2.835	1.76167	1.6105	0.401429	258.744	0
14180	2.836	1.76167	1.6105	0.401429	259.09	0
14185	2.837	1.76167	1.6105	0.401429	259.55	0
14190	2.838	1.76167	1.6105	0.401429	260.087	0
14195	2.839	1.76167	1.6105	0.401429	260.393	0
14200	2.84	1.76167	1.6105	0.401429	260.791	0
14205	2.841	1.76167	1.6105	0.401429	261.325	0
14210	2.842	1.76167	1.6105	0.401429	261.866	0
14215	2.843	1.76167	1.6105	0.401429	261.855	0
14220	2.844	1.76167	1.6105	0.401429	261.46	0
14225	2.845	1.76167	1.6105	0.401429	261.219	0
14230	2.846	1.76167	1.6105	0.401429	260.843	0
14235	2.847	1.76167	1.6105	0.401429	260.988	0
14240	2.848	1.76167	1.6105	0.401429	261.216	0
14245	2.849	1.76167	1.6105	0.401429	261.774	0
14250	2.85	1.76167	1.6105	0.401429	261.612	0
14255	2.851	1.76167	1.6105	0.401429	261.089	0
14260	2.852	1.76167	1.6105	0.401429	260.639	0
14265	2.853	1.76167	1.6105	0.401429	260.353	0
14270	2.854	1.76167	1.6105	0.401429	260.557	0
14275	2.855	1.76167	1.6105	0.401429	260.738	0
14280	2.856	1.76167	1.6105	0.401429	264.4	0
14285	2.857	1.76167	1.6105	0.401429	263.577	0
14290	2.858	1.76167	1.6105	0.401429	262.83	0
14295	2.859	1.76167	1.6105	0.401429	262.154	0
14300	2.86	1.76167	1.6105	0.401429	262.01	0
14305	2.861	1.76167	1.6105	0.401429	262.109	0
14310	2.862	1.76167	1.6105	0.401429	262.484	0
14315	2.863	1.76167	1.6105	0.401429	262.436	0
14320	2.864	1.76167	1.6105	0.401429	261.543	0
14325	2.865	1.76167	1.6105	0.401429	260.992	0
14330	2.866	1.76167	1.6105	0.401429	260.456	0
14335	2.867	1.76167	1.6105	0.401429	260.645	0
14340	2.868	1.76167	1.6105	0.401429	260.89	0
14345	2.869	1.76167	1.6105	0.401429	264.539	0
14350	2.87	1.76167	1.6105	0.401429	263.541	0
14355	2.871	1.76167	1.6105	0.401429	262.724	0
14360	2.872	1.76167	1.6105	0.401429	262.157	0
14365	2.873	1.76167	1.6105	0.401429	262.004	0
14370	2.874	1.76167	1.6105	0.401429	262.209	0
14375	2.875	1.76167	1.6105	0.401429	262.552	0
14380	2.876	1.76167	1.6105	0.401429	262.745	0
14385	2.877	1.76167	1.6105	0.401429	262.675	0
14390	2.878	1.76167	1.6105	0.401429	263.036	0
14395	2.879	1.76167	1.6105	0.401429	263.322	0
14400	2.88	1.76167	1.6105	0.401429	263.443	0
14405	2.881	1.76167	1.6105	0.401429	263.043	0
14410	2.882	1.76167	1.6105	0.401429	262.714	0
14415	2.883	1.76167	1.6105	0.401429	262.288	0
14420	2.884	1.76167	1.6105	0.401429	262.129	0
14425	2.885	1.76167	1.6105	0.401429	262.266	0
14430	2.886	1.76167	1.6105	0.401429	262.518	0
14435	2.887	1.76167	1.6105	0.401429	262.601	0
14440	2.888	1.76167	1.6105	0.401429	261.903	0
14445	2.889	1.76167	1.6105	0.401429	261.399	0
14450	2.89	1.76167	1.6105	0.401429	260.86	0
14455	2.891	1.76167	1.6105	0.401429	260.923	0
14460	2.892	1.76167	1.6105	0.401429	261.107	0
14465	2.893	1.76167	1.6105	0.401429	261.649	0
14470	2.894	1.76167	1.6105	0.401429	261.62	0
14475	2.895	1.76167	1.6105	0.401429	260.959	0
14480	2.896	1.76167	1.6105	0.401429	260.46	0
14485	2.897	1.76167	1.6105	0.401429	260.165	0
14490	2.898	1.76167	1.6105	0.401429	260.382	0
14495	2.899	1.76167	1.6105	0.401429	260.587	0
14500	2.9	1.76167	1.6105	0.401429	264.261	0
14505	2.901	1.76167	1.6105	0.401429	263.278	0
14510	2.902	1.76167	1.6105	0.401429	262.528	0
14515	2.903	1.76167	1.6105	0.401429	261.898	0
14520	2.904	1.76167	1.6105	0.401429	261.811	0
14525	2.905	1.76167	1.6105	0.401429	261.968	0
14530	2.906	1.76167	1.6105	0.401429	262.394	0
14535	2.907	1.76167	1.6105	0.401429	261.992	0
14540	2.908	1.76167	1.6105	0.401429	261.08	0
14545	2.909	1.76167	1.6105	0.401429	260.622	0
14550	2.91	1.76167	1.6105	0.401429	260.204	0
14555	2.911	1.76167	1.6105	0.401429	260.491	0
14560	2.912	1.76167	1.6105	0.401429	260.823	0
14565	2.913	1.76167	1.6105	0.401429	261.229	0
14570	2.914	1.76167	1.6105	0.401429	261.395	0
14575	2.915	1.76167	1.6105	0.401429	261.781	0
14580	2.916	1.76167	1.6105	0.401429	262.221	0
14585	2.917	1.76167	1.6105	0.401429	265.759	0
14590	2.918	1.76167	1.6105	0.401429	265.324	0
14595	2.919	1.76167	1.6105	0.401429	264.825	0
14600	2.92	1.76167	1.6105	0.401429	264.284	0
14605	2.921	1.76167	1.6105	0.401429	263.609	0
14610	2.922	1.76167	1.6105	0.401429	263.575	0
14615	2.923	1.76167	1.6105	0.401429	263.569	0
14620	2.924	1.76167	1.6105	0.401429	266.995	0
14625	2.925	1.76167	1.6105	0.401429	266.278	0
14630	2.926	1.76167	1.6105	0.401429	265.389	0
14635	2.927	1.76167	1.6105	0.401429	264.565	0
14640	2.928	1.76167	1.6105	0.401429	264.113	0
14645	2.929	1.76167	1.6105	0.401429	264.025	0
14650	2.93	1.76167	1.6105	0.401429	264.096	0
14655	2.931	1.76167	1.6105	0.401429	264.253	0
14660	2.932	1.76167	1.6105	0.401429	263.219	0
14665	2.933	1.76167	1.6105	0.401429	262.521	0
14670	2.934	1.76167	1.6105	0.401429	261.851	0
14675	2.935	1.76167	1.6105	0.401429	261.822	0
14680	2.936	1.76167	1.6105	0.401429	261.937	0
14685	2.937	1.76167	1.6105	0.401429	262.422	0
14690	2.938	1.76167	1.6105	0.401429	262.074	0
14695	2.939	1.76167	1.6105	0.401429	261.305	0
14700	2.94	1.76167	1.6105	0.401429	260.784	0
14705	2.941	1.76167	1.6105	0.401429	260.495	0
14710	2.942	1.76167	1.6105	0.401429	260.724	0
14715	2.943	1.76167	1.6105	0.401429	260.943	0
14720	2.944	1.76167	1.6105	0.401429	261.249	0
14725	2.945	1.76167	1.6105	0.401429	260.364	0
14730	2.946	1.76167	1.6105	0.401429	259.883	0
14735	2.947	1.76167	1.6105	0.401429	259.552	0
14740	2.948	1.76167	1.6105	0.401429	259.741	0
14745	2.949	1.76167	1.6105	0.401429	260.146	0
14750	2.95	1.76167	1.6105	0.401429	260.652	0
14755	2.951	1.76167	1.6105	0.401429	260.962	0
14760	2.952	1.76167	1.6105	0.401429	261.195	0
14765	2.953	1.76167	1.6105	0.401429	261.694	0
14770	2.954	1.76167	1.6105	0.401429	262.057	0
14775	2.955	1.76167	1.6105	0.401429	262.146	0
14780	2.956	1.76167	1.6105	0.401429	261.787	0
14785	2.957	1.76167	1.6105	0.401429	261.546	0
14790	2.958	1.76167	1.6105	0.401429	261.182	0
14795	2.959	1.76167	1.6105	0.401429	261.223	0
14800	2.96	1.76167	1.6105	0.401429	261.439	0
14805	2.961	1.76167	1.6105	0.401429	261.887	0
14810	2.962	1.76167	1.6105	0.401429	261.856	0
14815	2.963	1.76167	1.6105	0.401429	261.275	0
14820	2.964	1.76167	1.6105	0.401429	260.82	0
14825	2.965	1.76167	1.6105	0.401429	260.298	0
14830	2.966	1.76167	1.6105	0.401429	260.467	0
14835	2.967	1.76167	1.6105	0.401429	260.677	0
14840	2.968	1.76167	1.6105	0.401429	261.322	0
14845	2.969	1.76167	1.6105	0.401429	261.017	0
14850	2.97	1.76167	1.6105	0.401429	260.452	0
14855	2.971	1.76167	1.6105	0.401429	259.988	0
14860	2.972	1.76167	1.6105	0.401429	259.901	0
14865	2.973	1.76167	1.6105	0.401429	260.166	0
14870	2.974	1.76167	1.6105	0.401429	260.57	0
14875	2.975	1.76167	1.6105	0.401429	261.037	0
14880	2.976	1.76167	1.6105	0.401429	260.135	0
14885	2.977	1.76167	1.6105	0.401429	259.681	0
14890	2.978	1.76167	1.6105	0.401429	259.282	0
14895	2.979	1.76167	1.6105	0.401429	259.504	0
14900	2.98	1.76167	1.6105	0.401429	259.854	0
14905	2.981	1.76167	1.6105	0.401429	260.546	0
14910	2.982	1.76167	1.6105	0.401429	260.072	0
14915	2.983	1.76167	1.6105	0.401429	259.449	0
14920	2.984	1.76167	1.6105	0.401429	259.148	0
14925	2.985	1.76167	1.6105	0.401429	259.079	0
14930	2.986	1.76167	1.6105	0.401429	259.503	0
14935	2.987	1.76167	1.6105	0.401429	259.898	0
14940	2.988	1.76167	1.6105	0.401429	260.35	0
14945	2.989	1.76167	1.6105	0.401429	260.537	0
14950	2.99	1.76167	1.6105	0.401429	261.046	0
14955	2.991	1.76167	1.6105	0.401429	261.533	0
14960	2.992	1.76167	1.6105	0.401429	261.968	0
14965	2.993	1.76167	1.6105	0.401429	261.759	0
14970	2.994	1.76167	1.6105	0.401429	261.55	0
14975	2.995	1.76167	1.6105	0.401429	261.254	0
14980	2.996	1.76167	1.6105	0.401429	261.033	0
14985	2.997	1.76167	1.6105	0.401429	261.246	0
14990	2.998	1.76167	1.6105	0.401429	261.41	0
14995	2.999	1.76167	1.6105	0.401429	261.782	0
15000	3	1.76167	1.6105	0.401429	261.399	0
15005	3.001	1.76167	1.6105	0.401429	260.932	0
15010	3.002	1.76167	1.6105	0.401429	260.458	0
15015	3.003	1.76167	1.6105	0.401429	260.469	0
15020	3.004	1.76167	1.6105	0.401429	260.694	0
15025	3.005	1.76167	1.6105	0.401429	261.175	0
15030	3.006	1.76167	1.6105	0.401429	261.365	0
15035	3.007	1.76167	1.6105	0.401429	260.66	0
15040	3.008	1.76167	1.6105	0.401429	260.185	0
15045	3.009	1.76167	1.6105	0.401429	259.685	0
15050	3.01	1.76167	1.6105	0.401429	259.901	0
15055	3.011	1.76167	1.6105	0.401429	260.165	0
15060	3.012	1.76167	1.6105	0.401429	260.867	0
15065	3.013	1.76167	1.6105	0.401429	260.388	0
15070	3.014	1.76167	1.6105	0.401429	259.83	0
15075	3.015	1.76167	1.6105	0.401429	259.433	0
15080	3.016	1.76167	1.6105	0.401429	259.427	0
15085	3.017	1.76167	1.6105	0.401429	259.771	0
15090	3.018	1.76167	1.6105	0.401429	260.248	0
15095	3.019	1.76167	1.6105	0.401429	260.295	0
15100	3.02	1.76167	1.6105	0.401429	259.352	0
15105	3.021	1.76167	1.6105	0.401429	259.011	0
15110	3.022	1.76167	1.6105	0.401429	258.744	0
15115	3.023	1.76167	1.6105	0.401429	259.09	0
15120	3.024	1.76167	1.6105	0.401429	259.55	0
15125	3.025	1.76167	1.6105	0.401429	260.087	0
15130	3.026	1.76167	1.6105	0.401429	260.393	0
15135	3.027	1.76167	1.6105	0.401429	260.791	0
15140	3.028	1.76167	1.6105	0.401429	261.325	0
15145	3.029	1.76167	1.6105	0.401429	261.866	0
15150	3.03	1.76167	1.6105	0.401429	261.855	0
15155	3.031	1.76167	1.6105	0.401429	261.46	0
15160	3.032	1.76167	1.6105	0.401429	261.219	0
15165	3.033	1.76167	1.6105	0.401429	260.843	0
15170	3.034	1.76167	1.6105	0.401429	260.988	0
15175	3.035	1.76167	1.6105	0.401429	261.216	0
15180	3.036	1.76167	1.6105	0.401429	261.774	0
15185	3.037	1.76167	1.6105	0.401429	261.612	0
15190	3.038	1.76167	1.6105	0.401429	261.089	0
15195	3.039	1.76167	1.6105	0.401429	260.639	0
15200	3.04	1.76167	1.6105	0.401429	260.353	0
15205	3.041	1.76167	1.6105	0.401429	260.557	0
15210	3.042	1.76167	1.6105	0.401429	260.738	0
15215	3.043	1.76167	1.6105	0.401429	264.4	0
15220	3.044	1.76167	1.6105	0.401429	263.577	0
15225	3.045	1.76167	1.6105	0.401429	262.83	0
15230	3.046	1.76167	1.6105	0.401429	262.154	0
15235	3.047	1.76167	1.6105	0.401429	262.01	0
15240	3.048	1.76167	1.6105	0.401429	262.109	0
15245	3.049	1.76167	1.6105	0.401429	262.484	0
15250	3.05	1.76167	1.6105	0.401429	262.436	0
15255	3.051	1.76167	1.6105	0.401429	261.543	0
15260	3.052	1.76167	1.6105	0.401429	260.992	0
15265	3.053	1.76167	1.6105	0.401429	260.456	0
15270	3.054	1.76167	1.6105	0.401429	260.645	0
15275	3.055	1.76167	1.6105	0.401429	260.89	0
15280	3.056	1.76167	1.6105	0.401429	264.539	0
15285	3.057	1.76167	1.6105	0.401429	263.541	0
15290	3.058	1.76167	1.6105	0.401429	262.724	0
15295	3.059	1.76167	1.6105	0.401429	262.157	0
15300	3.06	1.76167	1.6105	0.401429	262.004	0
15305	3.061	1.76167	1.6105	0.401429	262.209	0
15310	3.062	1.76167	1.6105	0.401429	262.552	0
15315	3.063	1.76167	1.6105	0.401429	262.745	0
15320	3.064	1.76167	1.6105	0.401429	262.675	0
15325	3.065	1.76167	1.6105	0.401429	263.036	0
15330	3.066	1.76167	1.6105	0.401429	263.322	0
15335	3.067	1.76167	1.6105	0.401429	263.443	0
15340	3.068	1.76167	1.6105	0.401429	263.043	0
15345	3.069	1.76167	1.6105	0.401429	262.714	0
15350	3.07	1.76167	1.6105	0.401429	262.288	0
15355	3.071	1.76167	1.6105	0.401429	262.129	0
15360	3.072	1.76167	1.6105	0.401429	262.266	0
15365	3.073	1.76167	1.6105	0.401429	262.518	0
15370	3.074	1.76167	1.6105	0.401429	262.601	0
15375	3.075	1.76167	1.6105	0.401429	261.903	0
15380	3.076	1.76167	1.6105	0.401429	261.399	0
15385	3.077	1.76167	1.6105	0.401429	260.86	0
15390	3.078	1.76167	1.6105	0.401429	260.923	0
15395	3.079	1.76167	1.6105	0.401429	261.107	0
15400	3.08	1.76167	1.6105	0.401429	261.649	0
15405	3.081	1.76167	1.6105	0.401429	261.62	0
15410	3.082	1.76167	1.6105	0.401429	260.959	0
15415	3.083	1.76167	1.6105	0.401429	260.46	0
15420	3.084	1.76167	1.6105	0.401429	260.165	0
15425	3.085	1.76167	1.6105	0.401429	260.382	0
15430	3.086	1.76167	1.6105	0.401429	260.587	0
15435	3.087	1.76167	1.6105	0.401429	264.261	0
15440	3.088	1.76167	1.6105	0.401429	263.278	0
15445	3.089	1.76167	1.6105	0.401429	262.528	0
15450	3.09	1.76167	1.6105	0.401429	261.898	0
15455	3.091	1.76167	1.6105	0.401429	261.811	0
15460	3.092	1.76167	1.6105	0.401429	261.968	0
15465	3.093	1.76167	1.6105	0.401429	262.394	0
15470	3.094	1.76167	1.6105	0.401429	261.992	0
15475	3.095	1.76167	1.6105	0.401429	261.08	0
15480	3.096	1.76167	1.6105	0.401429	260.622	0
15485	3.097	1.76167	1.6105	0.401429	260.204	0
15490	3.098	1.76167	1.6105	0.401429	260.491	0
15495	3.099	1.76167	1.6105	0.401429	260.823	0
15500	3.1	1.76167	1.6105	0.401429	261.229	0
15505	3.101	1.76167	1.6105	0.401429	261.395	0
15510	3.102	1.76167	1.6105	0.401429	261.781	0
15515	3.103	1.76167	1.6105	0.401429	262.221	0
15520	3.104	1.76167	1.6105	0.401429	265.759	0
15525	3.105	1.76167	1.6105	0.401429	265.324	0
15530	3.106	1.76167	1.6105	0.401429	264.825	0
15535	3.107	1.76167	1.6105	0.401429	264.284	0
15540	3.108	1.76167	1.6105	0.401429	263.609	0
15545	3.109	1.76167	1.6105	0.401429	263.575	0
15550	3.11	1.76167	1.6105	0.401429	263.569	0
15555	3.111	1.76167	1.6105	0.401429	266.995	0
15560	3.112	1.76167	1.6105	0.401429	266.278	0
15565	3.113	1.76167	1.6105	0.401429	265.389	0
15570	3.114	1.76167	1.6105	0.401429	264.565	0
15575	3.115	1.76167	1.6105	0.401429	264.113	0
15580	3.116	1.76167	1.6105	0.401429	264.025	0
15585	3.117	1.76167	1.6105	0.401429	264.096	0
15590	3.118	1.76167	1.6105	0.401429	264.253	0
15595	3.119	1.76167	1.6105	0.401429	263.219	0
15600	3.12	1.76167	1.6105	0.401429	262.521	0
15605	3.121	1.76167	1.6105	0.401429	261.851	0
15610	3.122	1.76167	1.6105	0.401429	261.822	0
15615	3.123	1.76167	1.6105	0.401429	261.937	0
15620	3.124	1.76167	1.6105	0.401429	262.422	0
15625	3.125	1.76167	1.6105	0.401429	262.074	0
15630	3.126	1.76167	1.6105	0.401429	261.305	0
15635	3.127	1.76167	1.6105	0.401429	260.784	0
15640	3.128	1.76167	1.6105	0.401429	260.495	0
15645	3.129	1.76167	1.6105	0.401429	260.724	0
15650	3.13	1.76167	1.6105	0.401429	260.943	0
15655	3.131	1.76167	1.6105	0.401429	261.249	0
15660	3.132	1.76167	1.6105	0.401429	260.364	0
15665	3.133	1.76167	1.6105	0.401429	259.883	0
15670	3.134	1.76167	1.6105	0.401429	259.552	0
15675	3.135	1.76167	1.6105	0.401429	259.741	0
15680	3.136	1.76167	1.6105	0.401429	260.146	0
15685	3.137	1.76167	1.6105	0.401429	260.652	0
15690	3.138	1.76167	1.6105	0.401429	260.962	0
15695	3.139	1.76167	1.6105	0.401429	261.195	0
15700	3.14	1.76167	1.6105	0.401429	261.694	0
15705	3.141	1.76167	1.6105	0.401429	262.057	0
15710	3.142	1.76167	1.6105	0.401429	262.146	0
15715	3.143	1.76167	1.6105	0.401429	261.787	0
15720	3.144	1.76167	1.6105	0.401429	261.546	0
15725	3.145	1.76167	1.6105	0.401429	261.182	0
15730	3.146	1.76167	1.6105	0.401429	261.223	0
15735	3.147	1.76167	1.6105	0.401429	261.439	0
15740	3.148	1.76167	1.6105	0.401429	261.887	0
15745	3.149	1.76167	1.6105	0.401429	261.856	0
15750	3.15	1.76167	1.6105	0.401429	261.275	0
15755	3.151	1.76167	1.6105	0.401429	260.82	0
15760	3.152	1.76167	1.6105	0.401429	260.298	0
15765	3.153	1.76167	1.6105	0.401429	260.467	0
15770	3.154	1.76167	1.6105	0.401429	260.677	0
15775	3.155	1.76167	1.6105	0.401429	261.322	0
15780	3.156	1.76167	1.6105	0.401429	261.017	0
15785	3.157	1.76167	1.6105	0.401429	260.452	0
15790	3.158	1.76167	1.6105	0.401429	259.988	0
15795	3.159	1.76167	1.6105	0.401429	259.901	0
15800	3.16	1.76167	1.6105	0.401429	260.166	0
15805	3.161	1.76167	1.6105	0.401429	260.57	0
15810	3.162	1.76167	1.6105	0.401429	261.037	0
15815	3.163	1.76167	1.6105	0.401429	260.135	0
15820	3.164	1.76167	1.6105	0.401429	259.681	0
15825	3.165	1.76167	1.6105	0.401429	259.282	0
15830	3.166	1.76167	1.6105	0.401429	259.504	0
15835	3.167	1.76167	1.6105	0.401429	259.854	0
15840	3.168	1.76167	1.6105	0.401429	260.546	0
15845	3.169	1.76167	1.6105	0.401429	260.072	0
15850	3.17	1.76167	1.6105	0.401429	259.449	0
15855	3.171	1.76167	1.6105	0.401429	259.148	0
15860	3.172	1.76167	1.6105	0.401429	259.079	0
15865	3.173	1.76167	1.6105	0.401429	259.503	0
15870	3.174	1.76167	1.6105	0.401429	259.898	0
15875	3.175	1.76167	1.6105	0.401429	260.35	0
15880	3.176	1.76167	1.6105	0.401429	260.537	0
15885	3.177	1.76167	1.6105	0.401429	261.046	0
15890	3.178	1.76167	1.6105	0.401429	261.533	0
15895	3.179	1.76167	1.6105	0.401429	261.968	0
15900	3.18	1.76167	1.6105	0.401429	261.759	0
15905	3.181	1.76167	1.6105	0.401429	261.55	0
15910	3.182	1.76167	1.6105	0.401429	261.254	0
15915	3.183	1.76167	1.6105	0.401429	261.033	0
15920	3.184	1.76167	1.6105	0.401429	261.246	0
15925	3.185	1.76167	1.6105	0.401429	261.41	0
15930	3.186	1.76167	1.6105	0.401429	261.782	0
15935	3.187	1.76167	1.6105	0.401429	261.399	0
15940	3.188	1.76167	1.6105	0.401429	260.932	0
15945	3.189	1.76167	1.6105	0.401429	260.458	0
15950	3.19	1.76167	1.6105	0.401429	260.469	0
15955	3.191	1.76167	1.6105	0.401429	260.694	0
15960	3.192	1.76167	1.6105	0.401429	261.175	0
15965	3.193	1.76167	1.6105	0.401429	261.365	0
15970	3.194	1.76167	1.6105	0.401429	260.66	0
15975	3.195	1.76167	1.6105	0.401429	260.185	0
15980	3.196	1.76167	1.6105	0.401429	259.685	0
15985	3.197	1.76167	1.6105	0.401429	259.901	0
15990	3.198	1.76167	1.6105	0.401429	260.165	0
15995	3.199	1.76167	1.6105	0.401429	260.867	0
16000	3.2	1.76167	1.6105	0.401429	260.388	0
16005	3.201	1.76167	1.6105	0.401429	259.83	0
16010	3.202	1.76167	1.6105	0.401429	259.433	0
16015	3.203	1.76167	1.6105	0.401429	259.427	0
16020	3.204	1.76167	1.6105	0.401429	259.771	0
16025	3.205	1.76167	1.6105	0.401429	260.248	0
16030	3.206	1.76167	1.6105	0.401429	260.295	0
16035	3.207	1.76167	1.6105	0.401429	259.352	0
16040	3.208	1.76167	1.6105	0.401429	259.011	0
16045	3.209	1.76167	1.6105	0.401429	258.744	0
16050	3.21	1.76167	1.6105	0.401429	259.09	0
16055	3.211	1.76167	1.6105	0.401429	259.55	0
16060	3.212	1.76167	1.6105	0.401429	260.087	0
16065	3.213	1.76167	1.6105	0.401429	260.393	0
16070	3.214	1.76167	1.6105	0.401429	260.791	0
16075	3.215	1.76167	1.6105	0.401429	261.325	0
16080	3.216	1.76167	1.6105	0.401429	261.866	0
16085	3.217	1.76167	1.6105	0.401429	261.855	0
16090	3.218	1.76167	1.6105	0.401429	261.46	0
16095	3.219	1.76167	1.6105	0.401429	261.219	0
16100	3.22	1.76167	1.6105	0.401429	260.843	0
16105	3.221	1.76167	1.6105	0.401429	260.988	0
16110	3.222	1.76167	1.6105	0.401429	261.216	0
16115	3.223	1.76167	1.6105	0.401429	261.774	0
16120	3.224	1.76167	1.6105	0.401429	261.612	0
16125	3.225	1.76167	1.6105	0.401429	261.089	0
16130	3.226	1.76167	1.6105	0.401429	260.639	0
16135	3.227	1.76167	1.6105	0.401429	260.353	0
16140	3.228	1.76167	1.6105	0.401429	260.557	0
16145	3.229	1.76167	1.6105	0.401429	260.738	0
16150	3.23	1.76167	1.6105	0.401429	264.4	0
16155	3.231	1.76167	1.6105	0.401429	263.577	0
16160	3.232	1.76167	1.6105	0.401429	262.83	0
16165	3.233	1.76167	1.6105	0.401429	262.154	0
16170	3.234	1.76167	1.6105	0.401429	262.01	0
16175	3.235	1.76167	1.6105	0.401429	262.109	0
16180	3.236	1.76167	1.6105	0.401429	262.484	0
16185	3.237	1.76167	1.6105	0.401429	262.436	0
16190	3.238	1.76167	1.6105	0.401429	261.543	0
16195	3.239	1.76167	1.6105	0.401429	260.992	0
16200	3.24	1.76167	1.6105	0.401429	260.456	0
16205	3.241	1.76167	1.6105	0.401429	260.645	0
16210	3.242	1.76167	1.6105	0.401429	260.89	0
16215	3.243	1.76167	1.6105	0.401429	264.539	0
16220	3.244	1.76167	1.6105	0.401429	263.541	0
16225	3.245	1.76167	1.6105	0.401429	262.724	0
16230	3.246	1.76167	1.6105	0.401429	262.157	0
16235	3.247	1.76167	1.6105	0.401429	262.004	0
16240	3.248	1.76167	1.6105	0.401429	262.209	0
16245	3.249	1.76167	1.6105	0.401429	262.552	0
16250	3.25	1.76167	1.6105	0.401429	262.745	0
16255	3.251	1.76167	1.6105	0.401429	262.675	0
16260	3.252	1.76167	1.6105	0.401429	263.036	0
16265	3.253	1.76167	1.6105	0.401429	263.322	0
16270	3.254	1.76167	1.6105	0.401429	263.443	0
16275	3.255	1.76167	1.6105	0.401429	263.043	0
16280	3.256	1.76167	1.6105	0.401429	262.714	0
16285	3.257	1.76167	1.6105	0.401429	262.288	0
16290	3.258	1.76167	1.6105	0.401429	262.129	0
16295	3.259	1.76167	1.6105	0.401429	262.266	0
16300	3.26	1.76167	1.6105	0.401429	262.518	0
16305	3.261	1.76167	1.6105	0.401429	262.601	0
16310	3.262	1.76167	1.6105	0.401429	261.903	0
16315	3.263	1.76167	1.6105	0.401429	261.399	0
16320	3.264	1.76167	1.6105	0.401429	260.86	0
16325	3.265	1.76167	1.6105	0.401429	260.923	0
16330	3.266	1.76167	1.6105	0.401429	261.107	0
16335	3.267	1.76167	1.6105	0.401429	261.649	0
16340	3.268	1.76167	1.6105	0.401429	261.62	0
16345	3.269	1.76167	1.6105	0.401429	260.959	0
16350	3.27	1.76167	1.6105	0.401429	260.46	0
16355	3.271	1.76167	1.6105	0.401429	260.165	0
16360	3.272	1.76167	1.6105	0.401429	260.382	0
16365	3.273	1.76167	1.6105	0.401429	260.587	0
16370	3.274	1.76167	1.6105	0.401429	264.261	0
16375	3.275	1.76167	1.6105	0.401429	263.278	0
16380	3.276	1.76167	1.6105	0.401429	262.528	0
16385	3.277	1.76167	1.6105	0.401429	261.898	0
16390	3.278	1.76167	1.6105	0.401429	261.811	0
16395	3.279	1.76167	1.6105	0.401429	261.968	0
16400	3.28	1.76167	1.6105	0.401429	262.394	0
16405	3.281	1.76167	1.6105	0.401429	261.992	0
16410	3.282	1.76167	1.6105	0.401429	261.08	0
16415	3.283	1.76167	1.6105	0.401429	260.622	0
16420	3.284	1.76167	1.6105	0.401429	260.204	0
16425	3.285	1.76167	1.6105	0.401429	260.491	0
16430	3.286	1.76167	1.6105	0.401429	260.823	0
16435	3.287	1.76167	1.6105	0.401429	261.229	0
16440	3.288	1.76167	1.6105	0.401429	261.395	0
16445	3.289	1.76167	1.6105	0.401429	261.781	0
16450	3.29	1.76167	1.6105	0.401429	262.221	0
16455	3.291	1.76167	1.6105	0.401429	265.759	0
16460	3.292	1.76167	1.6105	0.401429	265.324	0
16465	3.293	1.76167	1.6105	0.401429	264.825	0
16470	3.294	1.76167	1.6105	0.401429	264.284	0
16475	3.295	1.76167	1.6105	0.401429	263.609	0
16480	3.296	1.76167	1.6105	0.401429	263.575	0
16485	3.297	1.76167	1.6105	0.401429	263.569	0
16490	3.298	1.76167	1.6105	0.401429	266.995	0
16495	3.299	1.76167	1.6105	0.401429	266.278	0
16500	3.3	1.76167	1.6105	0.401429	265.389	0
16505	3.301	1.76167	1.6105	0.401429	264.565	0
16510	3.302	1.76167	1.6105	0.401429	264.113	0
16515	3.303	1.76167	1.6105	0.401429	264.025	0
16520	3.304	1.76167	1.6105	0.401429	264.096	0
16525	3.305	1.76167	1.6105	0.401429	264.253	0
16530	3.306	1.76167	1.6105	0.401429	263.219	0
16535	3.307	1.76167	1.6105	0.401429	262.521	0
16540	3.308	1.76167	1.6105	0.401429	261.851	0
16545	3.309	1.76167	1.6105	0.401429	261.822	0
16550	3.31	1.76167	1.6105	0.401429	261.937	0
16555	3.311	1.76167	1.6105	0.401429	262.422	0
16560	3.312	1.76167	1.6105	0.401429	262.074	0
16565	3.313	1.76167	1.6105	0.401429	261.305	0
16570	3.314	1.76167	1.6105	0.401429	260.784	0
16575	3.315	1.76167	1.6105	0.401429	260.495	0
16580	3.316	1.76167	1.6105	0.401429	260.724	0
16585	3.317	1.76167	1.6105	0.401429	260.943	0
16590	3.318	1.76167	1.6105	0.401429	261.249	0
16595	3.319	1.76167	1.6105	0.401429	260.364	0
16600	3.32	1.76167	1.6105	0.401429	259.883	0
16605	3.321	1.76167	1.6105	0.401429	259.552	0
16610	3.322	1.76167	1.6105	0.401429	259.741	0
16615	3.323	1.76167	1.6105	0.401429	260.146	0
16620	3.324	1.76167	1.6105	0.401429	260.652	0
16625	3.325	1.76167	1.6105	0.401429	260.962	0
16630	3.326	1.76167	1.6105	0.401429	261.195	0
16635	3.327	1.76167	1.6105	0.401429	261.694	0
16640	3.328	1.76167	1.6105	0.401429	262.057	0
16645	3.329	1.76167	1.6105	0.401429	262.146	0
16650	3.33	1.76167	1.6105	0.401429	261.787	0
16655	3.331	1.76167	1.6105	0.401429	261.546	0
16660	3.332	1.76167	1.6105	0.401429	261.182	0
16665	3.333	1.76167	1.6105	0.401429	261.223	0
16670	3.334	1.76167	1.6105	0.401429	261.439	0
16675	3.335	1.76167	1.6105	0.401429	261.887	0
16680	3.336	1.76167	1.6105	0.401429	261.856	0
16685	3.337	1.76167	1.6105	0.401429	261.275	0
16690	3.338	1.76167	1.6105	0.401429	260.82	0
16695	3.339	1.76167	1.6105	0.401429	260.298	0
16700	3.34	1.76167	1.6105	0.401429	260.467	0
16705	3.341	1.76167	1.6105	0.401429	260.677	0
16710	3.342	1.76167	1.6105	0.401429	261.322	0
16715	3.343	1.76167	1.6105	0.401429	261.017	0
16720	3.344	1.76167	1.6105	0.401429	260.452	0
16725	3.345	1.76167	1.6105	0.401429	259.988	0
16730	3.346	1.76167	1.6105	0.401429	259.901	0
16735	3.347	1.76167	1.6105	0.401429	260.166	0
16740	3.348	1.76167	1.6105	0.401429	260.57	0
16745	3.349	1.76167	1.6105	0.401429	261.037	0
16750	3.35	1.76167	1.6105	0.401429	260.135	0
16755	3.351	1.76167	1.6105	0.401429	259.681	0
16760	3.352	1.76167	1.6105	0.401429	259.282	0
16765	3.353	1.76167	1.6105	0.401429	259.504	0
16770	3.354	1.76167	1.6105	0.401429	259.854	0
16775	3.355	1.76167	1.6105	0.401429	260.546	0
16780	3.356	1.76167	1.6105	0.401429	260.072	0
16785	3.357	1.76167	1.6105	0.401429	259.449	0
16790	3.358	1.76167	1.6105	0.401429	259.148	0
16795	3.359	1.76167	1.6105	0.401429	259.079	0
16800	3.36	1.76167	1.6105	0.401429	259.503	0
16805	3.361	1.76167	1.6105	0.401429	259.898	0
16810	3.362	1.76167	1.6105	0.401429	260.35	0
16815	3.363	1.76167	1.6105	0.401429	260.537	0
16820	3.364	1.76167	1.6105	0.401429	261.046	0
16825	3.365	1.76167	1.6105	0.401429	261.533	0
16830	3.366	1.76167	1.6105	0.401429	261.968	0
16835	3.367	1.76167	1.6105	0.401429	261.759	0
16840	3.368	1.76167	1.6105	0.401429	261.55	0
16845	3.369	1.76167	1.6105	0.401429	261.254	0
16850	3.37	1.76167	1.6105	0.401429	261.033	0
16855	3.371	1.76167	1.6105	0.401429	261.246	0
16860	3.372	1.76167	1.6105	0.401429	261.41	0
16865	3.373	1.76167	1.6105	0.401429	261.782	0
16870	3.374	1.76167	1.6105	0.401429	261.399	0
16875	3.375	1.76167	1.6105	0.401429	260.932	0
16880	3.376	1.76167	1.6105	0.401429	260.458	0
16885	3.377	1.76167	1.6105	0.401429	260.469	0
16890	3.378	1.76167	1.6105	0.401429	260.694	0
16895	3.379	1.76167	1.6105	0.401429	261.175	0
16900	3.38	1.76167	1.6105	0.401429	261.365	0
16905	3.381	1.76167	1.6105	0.401429	260.66	0
16910	3.382	1.76167	1.6105	0.401429	260.185	0
16915	3.383	1.76167	1.6105	0.401429	259.685	0
16920	3.384	1.76167	1.6105	0.401429	259.901	0
16925	3.385	1.76167	1.6105	0.401429	260.165	0
16930	3.386	1.76167	1.6105	0.401429	260.867	0
16935	3.387	1.76167	1.6105	0.401429	260.388	0
16940	3.388	1.76167	1.6105	0.401429	259.83	0
16945	3.389	1.76167	1.6105	0.401429	259.433	0
16950	3.39	1.76167	1.6105	0.401429	259.427	0
16955	3.391	1.76167	1.6105	0.401429	259.771	0
16960	3.392	1.76167	1.6105	0.401429	260.248	0
16965	3.393	1.76167	1.6105	0.401429	260.295	0
16970	3.394	1.76167	1.6105	0.401429	259.352	0
16975	3.395	1.76167	1.6105	0.401429	259.011	0
16980	3.396	1.76167	1.6105	0.401429	258.744	0
16985	3.397	1.76167	1.6105	0.401429	259.09	0
16990	3.398	1.76167	1.6105	0.401429	259.55	0
16995	3.399	1.76167	1.6105	0.401429	260.087	0
17000	3.4	1.76167	1.6105	0.401429	260.393	0
17005	3.401	1.76167	1.6105	0.401429	260.791	0
17010	3.402	1.76167	1.6105	0.401429	261.325	0
17015	3.403	1.76167	1.6105	0.401429	261.866	0
17020	3.404	1.76167	1.6105	0.401429	261.855	0
17025	3.405	1.76167	1.6105	0.401429	261.46	0
17030	3.406	1.76167	1.6105	0.401429	261.219	0
17035	3.407	1.76167	1.6105	0.401429	260.843	0
17040	3.408	1.76167	1.6105	0.401429	260.988	0
17045	3.409	1.76167	1.6105	0.401429	261.216	0
17050	3.41	1.76167	1.6105	0.401429	261.774	0
17055	3.411	1.76167	1.6105	0.401429	261.612	0
17060	3.412	1.76167	1.6105	0.401429	261.089	0
17065	3.413	1.76167	1.6105	0.401429	260.639	0
17070	3.414	1.76167	1.6105	0.401429	260.353	0
17075	3.415	1.76167	1.6105	0.401429	260.557	0
17080	3.416	1.76167	1.6105	0.401429	260.738	0
17085	3.417	1.76167	1.6105	0.401429	264.4	0
17090	3.418	1.76167	1.6105	0.401429	263.577	0
17095	3.419	1.76167	1.6105	0.401429	262.83	0
17100	3.42	1.76167	1.6105	0.401429	262.154	0
17105	3.421	1.76167	1.6105	0.401429	262.01	0
17110	3.422	1.76167	1.6105	0.401429	262.109	0
17115	3.423	1.76167	1.6105	0.401429	262.484	0
17120	3.424	1.76167	1.6105	0.401429	262.436	0
17125	3.425	1.76167	1.6105	0.401429	261.543	0
17130	3.426	1.76167	1.6105	0.401429	260.992	0
17135	3.427	1.76167	1.6105	0.401429	260.456	0
17140	3.428	1.76167	1.6105	0.401429	260.645	0
17145	3.429	1.76167	1.6105	0.401429	260.89	0
17150	3.43	1.76167	1.6105	0.401429	264.539	0
17155	3.431	1.76167	1.6105	0.401429	263.541	0
17160	3.432	1.76167	1.6105	0.401429	262.724	0
17165	3.433	1.76167	1.6105	0.401429	262.157	0
17170	3.434	1.76167	1.6105	0.401429	262.004	0
17175	3.435	1.76167	1.6105	0.401429	262.209	0
17180	3.436	1.76167	1.6105	0.401429	262.552	0
17185	3.437	1.76167	1.6105	0.401429	262.745	0
17190	3.438	1.76167	1.6105	0.401429	262.675	0
17195	3.439	1.76167	1.6105	0.401429	263.036	0
17200	3.44	1.76167	1.6105	0.401429	263.322	0
17205	3.441	1.76167	1.6105	0.401429	263.443	0
17210	3.442	1.76167	1.6105	0.401429	263.043	0
17215	3.443	1.76167	1.6105	0.401429	262.714	0
17220	3.444	1.76167	1.6105	0.401429	262.288	0
17225	3.445	1.76167	1.6105	0.401429	262.129	0
17230	3.446	1.76167	1.6105	0.401429	262.266	0
17235	3.447	1.76167	1.6105	0.401429	262.518	0
17240	3.448	1.76167	1.6105	0.401429	262.601	0
17245	3.449	1.76167	1.6105	0.401429	261.903	0
17250	3.45	1.76167	1.6105	0.401429	261.399	0
17255	3.451	1.76167	1.6105	0.401429	260.86	0
17260	3.452	1.76167	1.6105	0.401429	260.923	0
17265	3.453	1.76167	1.6105	0.401429	261.107	0
17270	3.454	1.76167	1.6105	0.401429	261.649	0
17275	3.455	1.76167	1.6105	0.401429	261.62	0
17280	3.456	1.76167	1.6105	0.401429	260.959	0
17285	3.457	1.76167	1.6105	0.401429	260.46	0
17290	3.458	1.76167	1.6105	0.401429	260.165	0
17295	3.459	1.76167	1.6105	0.401429	260.382	0
17300	3.46	1.76167	1.6105	0.401429	260.587	0
17305	3.461	1.76167	1.6105	0.401429	264.261	0
17310	3.462	1.76167	1.6105	0.401429	263.278	0
17315	3.463	1.76167	1.6105	0.401429	262.528	0
17320	3.464	1.76167	1.6105	0.401429	261.898	0
17325	3.465	1.76167	1.6105	0.401429	261.811	0
17330	3.466	1.76167	1.6105	0.401429	261.968	0
17335	3.467	1.76167	1.6105	0.401429	262.394	0
17340	3.468	1.76167	1.6105	0.401429	261.992	0
17345	3.469	1.76167	1.6105	0.401429	261.08	0
17350	3.47	1.76167	1.6105	0.401429	260.622	0
17355	3.471	1.76167	1.6105	0.401429	260.204	0
17360	3.472	1.76167	1.6105	0.401429	260.491	0
17365	3.473	1.76167	1.6105	0.401429	260.823	0
17370	3.474	1.76167	1.6105	0.401429	261.229	0
17375	3.475	1.76167	1.6105	0.401429	261.395	0
17380	3.476	1.76167	1.6105	0.401429	261.781	0
17385	3.477	1.76167	1.6105	0.401429	262.221	0
17390	3.478	1.76167	1.6105	0.401429	265.759	0
17395	3.479	1.76167	1.6105	0.401429	265.324	0
17400	3.48	1.76167	1.6105	0.401429	264.825	0
17405	3.481	1.76167	1.6105	0.401429	264.284	0
17410	3.482	1.76167	1.6105	0.401429	263.609	0
17415	3.483	1.76167	1.6105	0.401429	263.575	0
17420	3.484	1.76167	1.6105	0.401429	263.569	0
17425	3.485	1.76167	1.6105	0.401429	266.995	0
17430	3.486	1.76167	1.6105	0.401429	266.278	0
17435	3.487	1.76167	1.6105	0.401429	265.389	0
17440	3.488	1.76167	1.6105	0.401429	264.565	0
17445	3.489	1.76167	1.6105	0.401429	264.113	0
17450	3.49	1.76167	1.6105	0.401429	264.025	0
17455	3.491	1.76167	1.6105	0.401429	264.096	0
17460	3.492	1.76167	1.6105	0.401429	264.253	0
17465	3.493	1.76167	1.6105	0.401429	263.219	0
17470	3.494	1.76167	1.6105	0.401429	262.521	0
17475	3.495	1.76167	1.6105	0.401429	261.851	0
17480	3.496	1.76167	1.6105	0.401429	261.822	0
17485	3.497	1.76167	1.6105	0.401429	261.937	0
17490	3.498	1.76167	1.6105	0.401429	262.422	0
17495	3.499	1.76167	1.6105	0.401429	262.074	0
17500	3.5	1.76167	1.6105	0.401429	261.305	0
17505	3.501	1.76167	1.6105	0.401429	260.784	0
17510	3.502	1.76167	1.6105	0.401429	260.495	0
17515	3.503	1.76167	1.6105	0.401429	260.724	0
17520	3.504	1.76167	1.6105	0.401429	260.943	0
17525	3.505	1.76167	1.6105	0.401429	261.249	0
17530	3.506	1.76167	1.6105	0.401429	260.364	0
17535	3.507	1.76167	1.6105	0.401429	259.883	0
17540	3.508	1.76167	1.6105	0.401429	259.552	0
17545	3.509	1.76167	1.6105	0.401429	259.741	0
17550	3.51	1.76167	1.6105	0.401429	260.146	0
17555	3.511	1.76167	1.6105	0.401429	260.652	0
17560	3.512	1.76167	1.6105	0.401429	260.962	0
17565	3.513	1.76167	1.6105	0.401429	261.195	0
17570	3.514	1.76167	1.6105	0.401429	261.694	0
17575	3.515	1.76167	1.6105	0.401429	262.057	0
17580	3.516	1.76167	1.6105	0.401429	262.146	0
17585	3.517	1.76167	1.6105	0.401429	261.787	0
17590	3.518	1.76167	1.6105	0.401429	261.546	0
17595	3.519	1.76167	1.6105	0.401429	261.182	0
17600	3.52	1.76167	1.6105	0.401429	261.223	0
17605	3.521	1.76167	1.6105	0.401429	261.439	0
17610	3.522	1.76167	1.6105	0.401429	261.887	0
17615	3.523	1.76167	1.6105	0.401429	261.856	0
17620	3.524	1.76167	1.6105	0.401429	261.275	0
17625	3.525	1.76167	1.6105	0.401429	260.82	0
17630	3.526	1.76167	1.6105	0.401429	260.298	0
17635	3.527	1.76167	1.6105	0.401429	260.467	0
17640	3.528	1.76167	1.6105	0.401429	260.677	0
17645	3.529	1.76167	1.6105	0.401429	261.322	0
17650	3.53	1.76167	1.6105	0.401429	261.017	0
17655	3.531	1.76167	1.6105	0.401429	260.452	0
17660	3.532	1.76167	1.6105	0.401429	259.988	0
17665	3.533	1.76167	1.6105	0.401429	259.901	0
17670	3.534	1.76167	1.6105	0.401429	260.166	0
17675	3.535	1.76167	1.6105	0.401429	260.57	0
17680	3.536	1.76167	1.6105	0.401429	261.037	0
17685	3.537	1.76167	1.6105	0.401429	260.135	0
17690	3.538	1.76167	1.6105	0.401429	259.681	0
17695	3.539	1.76167	1.6105	0.401429	259.282	0
17700	3.54	1.76167	1.6105	0.401429	259.504	0
17705	3.541	1.76167	1.6105	0.401429	259.854	0
17710	3.542	1.76167	1.6105	0.401429	260.546	0
17715	3.543	1.76167	1.6105	0.401429	260.072	0
17720	3.544	1.76167	1.6105	0.401429	259.449	0
17725	3.545	1.76167	1.6105	0.401429	259.148	0
17730	3.546	1.76167	1.6105	0.401429	259.079	0
17735	3.547	1.76167	1.6105	0.401429	259.503	0
17740	3.548	1.76167	1.6105	0.401429	259.898	0
17745	3.549	1.76167	1.6105	0.401429	260.35	0
17750	3.55	1.76167	1.6105	0.401429	260.537	0
17755	3.551	1.76167	1.6105	0.401429	261.046	0
17760	3.552	1.76167	1.6105	0.401429	261.533	0
17765	3.553	1.76167	1.6105	0.401429	261.968	0
17770	3.554	1.76167	1.6105	0.401429	261.759	0
17775	3.555	1.76167	1.6105	0.401429	261.55	0
17780	3.556	1.76167	1.6105	0.401429	261.254	0
17785	3.557	1.76167	1.6105	0.401429	261.033	0
17790	3.558	1.76167	1.6105	0.401429	261.246	0
17795	3.559	1.76167	1.6105	0.401429	261.41	0
17800	3.56	1.76167	1.6105	0.401429	261.782	0
17805	3.561	1.76167	1.6105	0.401429	261.399	0
17810	3.562	1.76167	1.6105	0.401429	260.932	0
17815	3.563	1.76167	1.6105	0.401429	260.458	0
17820	3.564	1.76167	1.6105	0.401429	260.469	0
17825	3.565	1.76167	1.6105	0.401429	260.694	0
17830	3.566	1.76167	1.6105	0.401429	261.175	0
17835	3.567	1.76167	1.6105	0.401429	261.365	0
17840	3.568	1.76167	1.6105	0.401429	260.66	0
17845	3.569	1.76167	1.6105	0.401429	260.185	0
17850	3.57	1.76167	1.6105	0.401429	259.685	0
17855	3.571	1.76167	1.6105	0.401429	259.901	0
17860	3.572	1.76167	1.6105	0.401429	260.165	0
17865	3.573	1.76167	1.6105	0.401429	260.867	0
17870	3.574	1.76167	1.6105	0.401429	260.388	0
17875	3.575	1.76167	1.6105	0.401429	259.83	0
17880	3.576	1.76167	1.6105	0.401429	259.433	0
17885	3.577	1.76167	1.6105	0.401429	259.427	0
17890	3.578	1.76167	1.6105	0.401429	259.771	0
17895	3.579	1.76167	1.6105	0.401429	260.248	0
17900	3.58	1.76167	1.6105	0.401429	260.295	0
17905	3.581	1.76167	1.6105	0.401429	259.352	0
17910	3.582	1.76167	1.6105	0.401429	259.011	0
17915	3.583	1.76167	1.6105	0.401429	258.744	0
17920	3.584	1.76167	1.6105	0.401429	259.09	0
17925	3.585	1.76167	1.6105	0.401429	259.55	0
17930	3.586	1.76167	1.6105	0.401429	260.087	0
17935	3.587	1.76167	1.6105	0.401429	260.393	0
17940	3.588	1.76167	1.6105	0.401429	260.791	0
17945	3.589	1.76167	1.6105	0.401429	261.325	0
17950	3.59	1.76167	1.6105	0.401429	261.866	0
17955	3.591	1.76167	1.6105	0.401429	261.855	0
17960	3.592	1.76167	1.6105	0.401429	261.46	0
17965	3.593	1.76167	1.6105	0.401429	261.219	0
17970	3.594	1.76167	1.6105	0.401429	260.843	0
17975	3.595	1.76167	1.6105	0.401429	260.988	0
17980	3.596	1.76167	1.6105	0.401429	261.216	0
17985	3.597	1.76167	1.6105	0.401429	261.774	0
17990	3.598	1.76167	1.6105	0.401429	261.612	0
17995	3.599	1.76167	1.6105	0.401429	261.089	0
18000	3.6	1.76167	1.6105	0.401429	260.639	0
18005	3.601	1.76167	1.6105	0.401429	260.353	0
18010	3.602	1.76167	1.6105	0.401429	260.557	0
18015	3.603	1.76167	1.6105	0.401429	260.738	0
18020	3.604	1.76167	1.6105	0.401429	264.4	0
18025	3.605	1.76167	1.6105	0.401429	263.577	0
18030	3.606	1.76167	1.6105	0.401429	262.83	0
18035	3.607	1.76167	1.6105	0.401429	262.154	0
18040	3.608	1.76167	1.6105	0.401429	262.01	0
18045	3.609	1.76167	1.6105	0.401429	262.109	0
18050	3.61	1.76167	1.6105	0.401429	262.484	0
18055	3.611	1.76167	1.6105	0.401429	262.436	0
18060	3.612	1.76167	1.6105	0.401429	261.543	0
18065	3.613	1.76167	1.6105	0.401429	260.992	0
18070	3.614	1.76167	1.6105	0.401429	260.456	0
18075	3.615	1.76167	1.6105	0.401429	260.645	0
18080	3.616	1.76167	1.6105	0.401429	260.89	0
18085	3.617	1.76167	1.6105	0.401429	264.539	0
18090	3.618	1.76167	1.6105	0.401429	263.541	0
18095	3.619	1.76167	1.6105	0.401429	262.724	0
18100	3.62	1.76167	1.6105	0.401429	262.157	0
18105	3.621	1.76167	1.6105	0.401429	262.004	0
18110	3.622	1.76167	1.6105	0.401429	262.209	0
18115	3.623	1.76167	1.6105	0.401429	262.552	0
18120	3.624	1.76167	1.6105	0.401429	262.745	0
18125	3.625	1.76167	1.6105	0.401429	262.675	0
18130	3.626	1.76167	1.6105	0.401429	263.036	0
18135	3.627	1.76167	1.6105	0.401429	263.322	0
18140	3.628	1.76167	1.6105	0.401429	263.443	0
18145	3.629	1.76167	1.6105	0.401429	263.043	0
18150	3.63	1.76167	1.6105	0.401429	262.714	0
18155	3.631	1.76167	1.6105	0.401429	262.288	0
18160	3.632	1.76167	1.6105	0.401429	262.129	0
18165	3.633	1.76167	1.6105	0.401429	262.266	0
18170	3.634	1.76167	1.6105	0.401429	262.518	0
18175	3.635	1.76167	1.6105	0.401429	262.601	0
18180	3.636	1.76167	1.6105	0.401429	261.903	0
18185	3.637	1.76167	1.6105	0.401429	261.399	0
18190	3.638	1.76167	1.6105	0.401429	260.86	0
18195	3.639	1.76167	1.6105	0.401429	260.923	0
18200	3.64	1.76167	1.6105	0.401429	261.107	0
18205	3.641	1.76167	1.6105	0.401429	261.649	0
18210	3.642	1.76167	1.6105	0.401429	261.62	0
18215	3.643	1.76167	1.6105	0.401429	260.959	0
18220	3.644	1.76167	1.6105	0.401429	260.46	0
18225	3.645	1.76167	1.6105	0.401429	260.165	0
18230	3.646	1.76167	1.6105	0.401429	260.382	0
18235	3.647	1.76167	1.6105	0.401429	260.587	0
18240	3.648	1.76167	1.6105	0.401429	264.261	0
18245	3.649	1.76167	1.6105	0.401429	263.278	0
18250	3.65	1.76167	1.6105	0.401429	262.528	0
18255	3.651	1.76167	1.6105	0.401429	261.898	0
18260	3.652	1.76167	1.6105	0.401429	261.811	0
18265	3.653	1.76167	1.6105	0.401429	261.968	0
18270	3.654	1.76167	1.6105	0.401429	262.394	0
18275	3.655	1.76167	1.6105	0.401429	261.992	0
18280	3.656	1.76167	1.6105	0.401429	261.08	0
18285	3.657	1.76167	1.6105	0.401429	260.622	0
18290	3.658	1.76167	1.6105	0.401429	260.204	0
18295	3.659	1.76167	1.6105	0.401429	260.491	0
18300	3.66	1.76167	1.6105	0.401429	260.823	0
18305	3.661	1.76167	1.6105	0.401429	261.229	0
18310	3.662	1.76167	1.6105	0.401429	261.395	0
18315	3.663	1.76167	1.6105	0.401429	261.781	0
18320	3.664	1.76167	1.6105	0.401429	262.221	0
18325	3.665	1.76167	1.6105	0.401429	265.759	0
18330	3.666	1.76167	1.6105	0.401429	265.324	0
18335	3.667	1.76167	1.6105	0.401429	264.825	0
18340	3.668	1.76167	1.6105	0.401429	264.284	0
18345	3.669	1.76167	1.6105	0.401429	263.609	0
18350	3.67	1.76167	1.6105	0.401429	263.575	0
18355	3.671	1.76167	1.6105	0.401429	263.569	0
18360	3.672	1.76167	1.6105	0.401429	266.995	0
18365	3.673	1.76167	1.6105	0.401429	266.278	0
18370	3.674	1.76167	1.6105	0.401429	265.389	0
18375	3.675	1.76167	1.6105	0.401429	264.565	0
18380	3.676	1.76167	1.6105	0.401429	264.113	0
18385	3.677	1.76167	1.6105	0.401429	264.025	0
18390	3.678	1.76167	1.6105	0.401429	264.096	0
18395	3.679	1.76167	1.6105	0.401429	264.253	0
18400	3.68	1.76167	1.6105	0.401429	263.219	0
18405	3.681	1.76167	1.6105	0.401429	262.521	0
18410	3.682	1.76167	1.6105	0.401429	261.851	0
18415	3.683	1.76167	1.6105	0.401429	261.822	0
18420	3.684	1.76167	1.6105	0.401429	261.937	0
18425	3.685	1.76167	1.6105	0.401429	262.422	0
18430	3.686	1.76167	1.6105	0.401429	262.074	0
18435	3.687	1.76167	1.6105	0.401429	261.305	0
18440	3.688	1.76167	1.6105	0.401429	260.784	0
18445	3.689	1.76167	1.6105	0.401429	260.495	0
18450	3.69	1.76167	1.6105	0.401429	260.724	0
18455	3.691	1.76167	1.6105	0.401429	260.943	0
18460	3.692	1.76167	1.6105	0.401429	261.249	0
18465	3.693	1.76167	1.6105	0.401429	260.364	0
18470	3.694	1.76167	1.6105	0.401429	259.883	0
18475	3.695	1.76167	1.6105	0.401429	259.552	0
18480	3.696	1.76167	1.6105	0.401429	259.741	0
18485	3.697	1.76167	1.6105	0.401429	260.146	0
18490	3.698	1.76167	1.6105	0.401429	260.652	0
18495	3.699	1.76167	1.6105	0.401429	260.962	0
18500	3.7	1.76167	1.6105	0.401429	261.195	0
18505	3.701	1.76167	1.6105	0.401429	261.694	0
18510	3.702	1.76167	1.6105	0.401429	262.057	0
18515	3.703	1.76167	1.6105	0.401429	262.146	0
18520	3.704	1.76167	1.6105	0.401429	261.787	0
18525	3.705	1.76167	1.6105	0.401429	261.546	0
18530	3.706	1.76167	1.6105	0.401429	261.182	0
18535	3.707	1.76167	1.6105	0.401429	261.223	0
18540	3.708	1.76167	1.6105	0.401429	261.439	0
18545	3.709	1.76167	1.6105	0.401429	261.887	0
18550	3.71	1.76167	1.6105	0.401429	261.856	0
18555	3.711	1.76167	1.6105	0.401429	261.275	0
18560	3.712	1.76167	1.6105	0.401429	260.82	0
18565	3.713	1.76167	1.6105	0.401429	260.298	0
18570	3.714	1.76167	1.6105	0.401429	260.467	0
18575	3.715	1.76167	1.6105	0.401429	260.677	0
18580	3.716	1.76167	1.6105	0.401429	261.322	0
18585	3.717	1.76167	1.6105	0.401429	261.017	0
18590	3.718	1.76167	1.6105	0.401429	260.452	0
18595	3.719	1.76167	1.6105	0.401429	259.988	0
18600	3.72	1.76167	1.6105	0.401429	259.901	0
18605	3.721	1.76167	1.6105	0.401429	260.166	0
18610	3.722	1.76167	1.6105	0.401429	260.57	0
18615	3.723	1.76167	1.6105	0.401429	261.037	0
18620	3.724	1.76167	1.6105	0.401429	260.135	0
18625	3.725	1.76167	1.6105	0.401429	259.681	0
18630	3.726	1.76167	1.6105	0.401429	259.282	0
18635	3.727	1.76167	1.6105	0.401429	259.504	0
18640	3.728	1.76167	1.6105	0.401429	259.854	0
18645	3.729	1.76167	1.6105	0.401429	260.546	0
18650	3.73	1.76167	1.6105	0.401429	260.072	0
18655	3.731	1.76167	1.6105	0.401429	259.449	0
18660	3.732	1.76167	1.6105	0.401429	259.148	0
18665	3.733	1.76167	1.6105	0.401429	259.079	0
18670	3.734	1.76167	1.6105	0.401429	259.503	0
18675	3.735	1.76167	1.6105	0.401429	259.898	0
18680	3.736	1.76167	1.6105	0.401429	260.35	0
18685	3.737	1.76167	1.6105	0.401429	260.537	0
18690	3.738	1.76167	1.6105	0.401429	261.046	0
18695	3.739	1.76167	1.6105	0.401429	261.533	0
18700	3.74	1.76167	1.6105	0.401429	261.968	0
18705	3.741	1.76167	1.6105	0.401429	261.759	0
18710	3.742	1.76167	1.6105	0.401429	261.55	0
18715	3.743	1.76167	1.6105	0.401429	261.254	0
18720	3.744	1.76167	1.6105	0.401429	261.033	0
18725	3.745	1.76167	1.6105	0.401429	261.246	0
18730	3.746	1.76167	1.6105	0.401429	261.41	0
18735	3.747	1.76167	1.6105	0.401429	261.782	0
18740	3.748	1.76167	1.6105	0.401429	261.399	0
18745	3.749	1.76167	1.6105	0.401429	260.932	0
18750	3.75	1.76167	1.6105	0.401429	260.458	0
18755	3.751	1.76167	1.6105	0.401429	260.469	0
18760	3.752	1.76167	1.6105	0.401429	260.694	0
18765	3.753	1.76167	1.6105	0.401429	261.175	0
18770	3.754	1.76167	1.6105	0.401429	261.365	0
18775	3.755	1.76167	1.6105	0.401429	260.66	0
18780	3.756	1.76167	1.6105	0.401429	260.185	0
18785	3.757	1.76167	1.6105	0.401429	259.685	0
18790	3.758	1.76167	1.6105	0.401429	259.901	0
18795	3.759	1.76167	1.6105	0.401429	260.165	0
18800	3.76	1.76167	1.6105	0.401429	260.867	0
18805	3.761	1.76167	1.6105	0.401429	260.388	0
18810	3.762	1.76167	1.6105	0.401429	259.83	0
18815	3.763	1.76167	1.6105	0.401429	259.433	0
18820	3.764	1.76167	1.6105	0.401429	259.427	0
18825	3.765	1.76167	1.6105	0.401429	259.771	0
18830	3.766	1.76167	1.6105	0.401429	260.248	0
18835	3.767	1.76167	1.6105	0.401429	260.295	0
18840	3.768	1.76167	1.6105	0.401429	259.352	0
18845	3.769	1.76167	1.6105	0.401429	259.011	0
18850	3.77	1.76167	1.6105	0.401429	258.744	0
18855	3.771	1.76167	1.6105	0.401429	259.09	0
18860	3.772	1.76167	1.6105	0.401429	259.55	0
18865	3.773	1.76167	1.6105	0.401429	260.087	0
18870	3.774	1.76167	1.6105	0.401429	260.393	0
18875	3.775	1.76167	1.6105	0.401429	260.791	0
18880	3.776	1.76167	1.6105	0.401429	261.325	0
18885	3.777	1.76167	1.6105	0.401429	261.866	0
18890	3.778	1.76167	1.6105	0.401429	261.855	0
18895	3.779	1.76167	1.6105	0.401429	261.46	0
18900	3.78	1.76167	1.6105	0.401429	261.219	0
18905	3.781	1.76167	1.6105	0.401429	260.843	0
18910	3.782	1.76167	1.6105	0.401429	260.988	0
18915	3.783	1.76167	1.6105	0.401429	261.216	0
18920	3.784	1.76167	1.6105	0.401429	261.774	0
18925	3.785	1.76167	1.6105	0.401429	261.612	0
18930	3.786	1.76167	1.6105	0.401429	261.089	0
18935	3.787	1.76167	1.6105	0.401429	260.639	0
18940	3.788	1.76167	1.6105	0.401429	260.353	0
18945	3.789	1.76167	1.6105	0.401429	260.557	0
18950	3.79	1.76167	1.6105	0.401429	260.738	0
18955	3.791	1.76167	1.6105	0.401429	264.4	0
18960	3.792	1.76167	1.6105	0.401429	263.577	0
18965	3.793	1.76167	1.6105	0.401429	262.83	0
18970	3.794	1.76167	1.6105	0.401429	262.154	0
18975	3.795	1.76167	1.6105	0.401429	262.01	0
18980	3.796	1.76167	1.6105	0.401429	262.109	0
18985	3.797	1.76167	1.6105	0.401429	262.484	0
18990	3.798	1.76167	1.6105	0.401429	262.436	0
18995	3.799	1.76167	1.6105	0.401429	261.543	0
19000	3.8	1.76167	1.6105	0.401429	260.992	0
19005	3.801	1.76167	1.6105	0.401429	260.456	0
19010	3.802	1.76167	1.6105	0.401429	260.645	0
19015	3.803	1.76167	1.6105	0.401429	260.89	0
19020	3.804	1.76167	1.6105	0.401429	264.539	0
19025	3.805	1.76167	1.6105	0.401429	263.541	0
19030	3.806	1.76167	1.6105	0.401429	262.724	0
19035	3.807	1.76167	1.6105	0.401429	262.157	0
19040	3.808	1.76167	1.6105	0.401429	262.004	0
19045	3.809	1.76167	1.6105	0.401429	262.209	0
19050	3.81	1.76167	1.6105	0.401429	262.552	0
19055	3.811	1.76167	1.6105	0.401429	262.745	0
19060	3.812	1.76167	1.6105	0.401429	262.675	0
19065	3.813	1.76167	1.6105	0.401429	263.036	0
19070	3.814	1.76167	1.6105	0.401429	263.322	0
19075	3.815	1.76167	1.6105	0.401429	263.443	0
19080	3.816	1.76167	1.6105	0.401429	263.043	0
19085	3.817	1.76167	1.6105	0.401429	262.714	0
19090	3.818	1.76167	1.6105	0.401429	262.288	0
19095	3.819	1.76167	1.6105	0.401429	262.129	0
19100	3.82	1.76167	1.6105	0.401429	262.266	0
19105	3.821	1.76167	1.6105	0.401429	262.518	0
19110	3.822	1.76167	1.6105	0.401429	262.601	0
19115	3.823	1.76167	1.6105	0.401429	261.903	0
19120	3.824	1.76167	1.6105	0.401429	261.399	0
19125	3.825	1.76167	1.6105	0.401429	260.86	0
19130	3.826	1.76167	1.6105	0.401429	260.923	0
19135	3.827	1.76167	1.6105	0.401429	261.107	0
19140	3.828	1.76167	1.6105	0.401429	261.649	0
19145	3.829	1.76167	1.6105	0.401429	261.62	0
19150	3.83	1.76167	1.6105	0.401429	260.959	0
19155	3.831	1.76167	1.6105	0.401429	260.46	0
19160	3.832	1.76167	1.6105	0.401429	260.165	0
19165	3.833	1.76167	1.6105	0.401429	260.382	0
19170	3.834	1.76167	1.6105	0.401429	260.587	0
19175	3.835	1.76167	1.6105	0.401429	264.261	0
19180	3.836	1.76167	1.6105	0.401429	263.278	0
19185	3.837	1.76167	1.6105	0.401429	262.528	0
19190	3.838	1.76167	1.6105	0.401429	261.898	0
19195	3.839	1.76167	1.6105	0.401429	261.811	0
19200	3.84	1.76167	1.6105	0.401429	261.968	0
19205	3.841	1.76167	1.6105	0.401429	262.394	0
19210	3.842	1.76167	1.6105	0.401429	261.992	0
19215	3.843	1.76167	1.6105	0.401429	261.08	0
19220	3.844	1.76167	1.6105	0.401429	260.622	0
19225	3.845	1.76167	1.6105	0.401429	260.204	0
19230	3.846	1.76167	1.6105	0.401429	260.491	0
19235	3.847	1.76167	1.6105	0.401429	260.823	0
19240	3.848	1.76167	1.6105	0.401429	261.229	0
19245	3.849	1.76167	1.6105	0.401429	261.395	0
19250	3.85	1.76167	1.6105	0.401429	261.781	0
19255	3.851	1.76167	1.6105	0.401429	262.221	0
19260	3.852	1.76167	1.6105	0.401429	265.759	0
19265	3.853	1.76167	1.6105	0.401429	265.324	0
19270	3.854	1.76167	1.6105	0.401429	264.825	0
19275	3.855	1.76167	1.6105	0.401429	264.284	0
19280	3.856	1.76167	1.6105	0.401429	263.609	0
19285	3.857	1.76167	1.6105	0.401429	263.575	0
19290	3.858	1.76167	1.6105	0.401429	263.569	0
19295	3.859	1.76167	1.6105	0.401429	266.995	0
19300	3.86	1.76167	1.6105	0.401429	266.278	0
19305	3.861	1.76167	1.6105	0.401429	265.389	0
19310	3.862	1.76167	1.6105	0.401429	264.565	0
19315	3.863	1.76167	1.6105	0.401429	264.113	0
19320	3.864	1.76167	1.6105	0.401429	264.025	0
19325	3.865	1.76167	1.6105	0.401429	264.096	0
19330	3.866	1.76167	1.6105	0.401429	264.253	0
19335	3.867	1.76167	1.6105	0.401429	263.219	0
19340	3.868	1.76167	1.6105	0.401429	262.521	0
19345	3.869	1.76167	1.6105	0.401429	261.851	0
19350	3.87	1.76167	1.6105	0.401429	261.822	0
19355	3.871	1.76167	1.6105	0.401429	261.937	0
19360	3.872	1.76167	1.6105	0.401429	262.422	0
19365	3.873	1.76167	1.6105	0.401429	262.074	0
19370	3.874	1.76167	1.6105	0.401429	261.305	0
19375	3.875	1.76167	1.6105	0.401429	260.784	0
19380	3.876	1.76167	1.6105	0.401429	260.495	0
19385	3.877	1.76167	1.6105	0.401429	260.724	0
19390	3.878	1.76167	1.6105	0.401429	260.943	0
19395	3.879	1.76167	1.6105	0.401429	261.249	0
19400	3.88	1.76167	1.6105	0.401429	260.364	0
19405	3.881	1.76167	1.6105	0.401429	259.883	0
19410	3.882	1.76167	1.6105	0.401429	259.552	0
19415	3.883	1.76167	1.6105	0.401429	259.741	0
19420	3.884	1.76167	1.6105	0.401429	260.146	0
19425	3.885	1.76167	1.6105	0.401429	260.652	0
19430	3.886	1.76167	1.6105	0.401429	260.962	0
19435	3.887	1.76167	1.6105	0.401429	261.195	0
19440	3.888	1.76167	1.6105	0.401429	261.694	0
19445	3.889	1.76167	1.6105	0.401429	262.057	0
19450	3.89	1.76167	1.6105	0.401429	262.146	0
19455	3.891	1.76167	1.6105	0.401429	261.787	0
19460	3.892	1.76167	1.6105	0.401429	261.546	0
19465	3.893	1.76167	1.6105	0.401429	261.182	0
19470	3.894	1.76167	1.6105	0.401429	261.223	0
19475	3.895	1.76167	1.6105	0.401429	261.439	0
19480	3.896	1.76167	1.6105	0.401429	261.887	0
19485	3.897	1.76167	1.6105	0.401429	261.856	0
19490	3.898	1.76167	1.6105	0.401429	261.275	0
19495	3.899	1.76167	1.6105	0.401429	260.82	0
19500	3.9	1.76167	1.6105	0.401429	260.298	0
19505	3.901	1.76167	1.6105	0.401429	260.467	0
19510	3.902	1.76167	1.6105	0.401429	260.677	0
19515	3.903	1.76167	1.6105	0.401429	261.322	0
19520	3.904	1.76167	1.6105	0.401429	261.017	0
19525	3.905	1.76167	1.6105	0.401429	260.452	0
19530	3.906	1.76167	1.6105	0.401429	259.988	0
19535	3.907	1.76167	1.6105	0.401429	259.901	0
19540	3.908	1.76167	1.6105	0.401429	260.166	0
19545	3.909	1.76167	1.6105	0.401429	260.57	0
19550	3.91	1.76167	1.6105	0.401429	261.037	0
19555	3.911	1.76167	1.6105	0.401429	260.135	0
19560	3.912	1.76167	1.6105	0.401429	259.681	0
19565	3.913	1.76167	1.6105	0.401429	259.282	0
19570	3.914	1.76167	1.6105	0.401429	259.504	0
19575	3.915	1.76167	1.6105	0.401429	259.854	0
19580	3.916	1.76167	1.6105	0.401429	260.546	0
19585	3.917	1.76167	1.6105	0.401429	260.072	0
19590	3.918	1.76167	1.6105	0.401429	259.449	0
19595	3.919	1.76167	1.6105	0.401429	259.148	0
19600	3.92	1.76167	1.6105	0.401429	259.079	0
19605	3.921	1.76167	1.6105	0.401429	259.503	0
19610	3.922	1.76167	1.6105	0.401429	259.898	0
19615	3.923	1.76167	1.6105	0.401429	260.35	0
19620	3.924	1.76167	1.6105	0.401429	260.537	0
19625	3.925	1.76167	1.6105	0.401429	261.046	0
19630	3.926	1.76167	1.6105	0.401429	261.533	0
19635	3.927	1.76167	1.6105	0.401429	261.968	0
19640	3.928	1.76167	1.6105	0.401429	261.759	0
19645	3.929	1.76167	1.6105	0.401429	261.55	0
19650	3.93	1.76167	1.6105	0.401429	261.254	0
19655	3.931	1.76167	1.6105	0.401429	261.033	0
19660	3.932	1.76167	1.6105	0.401429	261.246	0
19665	3.933	1.76167	1.6105	0.401429	261.41	0
19670	3.934	1.76167	1.6105	0.401429	261.782	0
19675	3.935	1.76167	1.6105	0.401429	261.399	0
19680	3.936	1.76167	1.6105	0.401429	260.932	0
19685	3.937	1.76167	1.6105	0.401429	260.458	0
19690	3.938	1.76167	1.6105	0.401429	260.469	0
19695	3.939	1.76167	1.6105	0.401429	260.694	0
19700	3.94	1.76167	1.6105	0.401429	261.175	0
19705	3.941	1.76167	1.6105	0.401429	261.365	0
19710	3.942	1.76167	1.6105	0.401429	260.66	0
19715	3.943	1.76167	1.6105	0.401429	260.185	0
19720	3.944	1.76167	1.6105	0.401429	259.685	0
19725	3.945	1.76167	1.6105	0.401429	259.901	0
19730	3.946	1.76167	1.6105	0.401429	260.165	0
19735	3.947	1.76167	1.6105	0.401429	260.867	0
19740	3.948	1.76167	1.6105	0.401429	260.388	0
19745	3.949	1.76167	1.6105	0.401429	259.83	0
19750	3.95	1.76167	1.6105	0.401429	259.433	0
19755	3.951	1.76167	1.6105	0.401429	259.427	0
19760	3.952	1.76167	1.6105	0.401429	259.771	0
19765	3.953	1.76167	1.6105	0.401429	260.248	0
19770	3.954	1.76167	1.6105	0.401429	260.295	0
19775	3.955	1.76167	1.6105	0.401429	259.352	0
19780	3.956	1.76167	1.6105	0.401429	259.011	0
19785	3.957	1.76167	1.6105	0.401429	258.744	0
19790	3.958	1.76167	1.6105	0.401429	259.09	0
19795	3.959	1.76167	1.6105	0.401429	259.55	0
19800	3.96	1.76167	1.6105	0.401429	260.087	0
19805	3.961	1.76167	1.6105	0.401429	260.393	0
19810	3.962	1.76167	1.6105	0.401429	260.791	0
19815	3.963	1.76167	1.6105	0.401429	261.325	0
19820	3.964	1.76167	1.6105	0.401429	261.866	0
19825	3.965	1.76167	1.6105	0.401429	261.855	0
19830	3.966	1.76167	1.6105	0.401429	261.46	0
19835	3.967	1.76167	1.6105	0.401429	261.219	0
19840	3.968	1.76167	1.6105	0.401429	260.843	0
19845	3.969	1.76167	1.6105	0.401429	260.988	0
19850	3.97	1.76167	1.6105	0.401429	261.216	0
19855	3.971	1.76167	1.6105	0.401429	261.774	0
19860	3.972	1.76167	1.6105	0.401429	261.612	0
19865	3.973	1.76167	1.6105	0.401429	261.089	0
19870	3.974	1.76167	1.6105	0.401429	260.639	0
19875	3.975	1.76167	1.6105	0.401429	260.353	0
19880	3.976	1.76167	1.6105	0.401429	260.557	0
19885	3.977	1.76167	1.6105	0.401429	260.738	0
19890	3.978	1.76167	1.6105	0.401429	264.4	0
19895	3.979	1.76167	1.6105	0.401429	263.577	0
19900	3.98	1.76167	1.6105	0.401429	262.83	0
19905	3.981	1.76167	1.6105	0.401429	262.154	0
19910	3.982	1.76167	1.6105	0.401429	262.01	0
19915	3.983	1.76167	1.6105	0.401429	262.109	0
19920	3.984	1.76167	1.6105	0.401429	262.484	0
19925	3.985	1.76167	1.6105	0.401429	262.436	0
19930	3.986	1.76167	1.6105	0.401429	261.543	0
19935	3.987	1.76167	1.6105	0.401429	260.992	0
19940	3.988	1.76167	1.6105	0.401429	260.456	0
19945	3.989	1.76167	1.6105	0.401429	260.645	0
19950	3.99	1.76167	1.6105	0.401429	260.89	0
19955	3.991	1.76167	1.6105	0.401429	264.539	0
19960	3.992	1.76167	1.6105	0.401429	263.541	0
19965	3.993	1.76167	1.6105	0.401429	262.724	0
19970	3.994	1.76167	1.6105	0.401429	262.157	0
19975	3.995	1.76167	1.6105	0.401429	262.004	0
19980	3.996	1.76167	1.6105	0.401429	262.209	0
19985	3.997	1.76167	1.6105	0.401429	262.552	0
19990	3.998	1.76167	1.6105	0.401429	262.745	0
19995	3.999	1.76167	1.6105	0.401429	262.675	0
20000	4	1.76167	1.6105	0.401429	263.036	0
20005	4.001	1.76167	1.6105	0.401429	263.322	0
20010	4.002	1.76167	1.6105	0.401429	263.443	0
20015	4.003	1.76167	1.6105	0.401429	263.043	0
20020	4.004	1.76167	1.6105	0.401429	262.714	0
20025	4.005	1.76167	1.6105	0.401429	262.288	0
20030	4.006	1.76167	1.6105	0.401429	262.129	0
20035	4.007	1.76167	1.6105	0.401429	262.266	0
20040	4.008	1.76167	1.6105	0.401429	262.518	0
20045	4.009	1.76167	1.6105	0.401429	262.601	0
20050	4.01	1.76167	1.6105	0.401429	261.903	0
20055	4.011	1.76167	1.6105	0.401429	261.399	0
20060	4.012	1.76167	1.6105	0.401429	260.86	0
20065	4.013	1.76167	1.6105	0.401429	260.923	0
20070	4.014	1.76167	1.6105	0.401429	261.107	0
20075	4.015	1.76167	1.6105	0.401429	261.649	0
20080	4.016	1.76167	1.6105	0.401429	261.62	0
20085	4.017	1.76167	1.6105	0.401429	260.959	0
20090	4.018	1.76167	1.6105	0.401429	260.46	0
20095	4.019	1.76167	1.6105	0.401429	260.165	0
20100	4.02	1.76167	1.6105	0.401429	260.382	0
20105	4.021	1.76167	1.6105	0.401429	260.587	0
20110	4.022	1.76167	1.6105	0.401429	264.261	0
20115	4.023	1.76167	1.6105	0.401429	263.278	0
20120	4.024	1.76167	1.6105	0.401429	262.528	0
20125	4.025	1.76167	1.6105	0.401429	261.898	0
20130	4.026	1.76167	1.6105	0.401429	261.811	0
20135	4.027	1.76167	1.6105	0.401429	261.968	0
20140	4.028	1.76167	1.6105	0.401429	262.394	0
20145	4.029	1.76167	1.6105	0.401429	261.992	0
20150	4.03	1.76167	1.6105	0.401429	261.08	0
20155	4.031	1.76167	1.6105	0.401429	260.622	0
20160	4.032	1.76167	1.6105	0.401429	260.204	0
20165	4.033	1.76167	1.6105	0.401429	260.491	0
20170	4.034	1.76167	1.6105	0.401429	260.823	0
20175	4.035	1.76167	1.6105	0.401429	261.229	0
20180	4.036	1.76167	1.6105	0.401429	261.395	0
20185	4.037	1.76167	1.6105	0.401429	261.781	0
20190	4.038	1.76167	1.6105	0.401429	262.221	0
20195	4.039	1.76167	1.6105	0.401429	265.759	0
20200	4.04	1.76167	1.6105	0.401429	265.324	0
20205	4.041	1.76167	1.6105	0.401429	264.825	0
20210	4.042	1.76167	1.6105	0.401429	264.284	0
20215	4.043	1.76167	1.6105	0.401429	263.609	0
20220	4.044	1.76167	1.6105	0.401429	263.575	0
20225	4.045	1.76167	1.6105	0.401429	263.569	0
20230	4.046	1.76167	1.6105	0.401429	266.995	0
20235	4.047	1.76167	1.6105	0.401429	266.278	0
20240	4.048	1.76167	1.6105	0.401429	265.389	0
20245	4.049	1.76167	1.6105	0.401429	264.565	0
20250	4.05	1.76167	1.6105	0.401429	264.113	0
20255	4.051	1.76167	1.6105	0.401429	264.025	0
20260	4.052	1.76167	1.6105	0.401429	264.096	0
20265	4.053	1.76167	1.6105	0.401429	264.253	0
20270	4.054	1.76167	1.6105	0.401429	263.219	0
20275	4.055	1.76167	1.6105	0.401429	262.521	0
20280	4.056	1.76167	1.6105	0.401429	261.851	0
20285	4.057	1.76167	1.6105	0.401429	261.822	0
20290	4.058	1.76167	1.6105	0.401429	261.937	0
20295	4.059	1.76167	1.6105	0.401429	262.422	0
20300	4.06	1.76167	1.6105	0.401429	262.074	0
20305	4.061	1.76167	1.6105	0.401429	261.305	0
20310	4.062	1.76167	1.6105	0.401429	260.784	0
20315	4.063	1.76167	1.6105	0.401429	260.495	0
20320	4.064	1.76167	1.6105	0.401429	260.724	0
20325	4.065	1.76167	1.6105	0.401429	260.943	0
20330	4.066	1.76167	1.6105	0.401429	261.249	0
20335	4.067	1.76167	1.6105	0.401429	260.364	0
20340	4.068	1.76167	1.6105	0.401429	259.883	0
20345	4.069	1.76167	1.6105	0.401429	259.552	0
20350	4.07	1.76167	1.6105	0.401429	259.741	0
20355	4.071	1.76167	1.6105	0.401429	260.146	0
20360	4.072	1.76167	1.6105	0.401429	260.652	0
20365	4.073	1.76167	1.6105	0.401429	260.962	0
20370	4.074	1.76167	1.6105	0.401429	261.195	0
20375	4.075	1.76167	1.6105	0.401429	261.694	0
20380	4.076	1.76167	1.6105	0.401429	262.057	0
20385	4.077	1.76167	1.6105	0.401429	262.146	0
20390	4.078	1.76167	1.6105	0.401429	261.787	0
20395	4.079	1.76167	1.6105	0.401429	261.546	0
20400	4.08	1.76167	1.6105	0.401429	261.182	0
20405	4.081	1.76167	1.6105	0.401429	261.223	0
20410	4.082	1.76167	1.6105	0.401429	261.439	0
20415	4.083	1.76167	1.6105	0.401429	261.887	0
20420	4.084	1.76167	1.6105	0.401429	261.856	0
20425	4.085	1.76167	1.6105	0.401429	261.275	0
20430	4.086	1.76167	1.6105	0.401429	260.82	0
20435	4.087	1.76167	1.6105	0.401429	260.298	0
20440	4.088	1.76167	1.6105	0.401429	260.467	0
20445	4.089	1.76167	1.6105	0.401429	260.677	0
20450	4.09	1.76167	1.6105	0.401429	261.322	0
20455	4.091	1.76167	1.6105	0.401429	261.017	0
20460	4.092	1.76167	1.6105	0.401429	260.452	0
20465	4.093	1.76167	1.6105	0.401429	259.988	0
20470	4.094	1.76167	1.6105	0.401429	259.901	0
20475	4.095	1.76167	1.6105	0.401429	260.166	0
20480	4.096	1.76167	1.6105	0.401429	260.57	0
20485	4.097	1.76167	1.6105	0.401429	261.037	0
20490	4.098	1.76167	1.6105	0.401429	260.135	0
20495	4.099	1.76167	1.6105	0.401429	259.681	0
20500	4.1	1.76167	1.6105	0.401429	259.282	0
20505	4.101	1.76167	1.6105	0.401429	259.504	0
20510	4.102	1.76167	1.6105	0.401429	259.854	0
20515	4.103	1.76167	1.6105	0.401429	260.546	0
20520	4.104	1.76167	1.6105	0.401429	260.072	0
20525	4.105	1.76167	1.6105	0.401429	259.449	0
20530	4.106	1.76167	1.6105	0.401429	259.148	0
20535	4.107	1.76167	1.6105	0.401429	259.079	0
20540	4.108	1.76167	1.6105	0.401429	259.503	0
20545	4.109	1.76167	1.6105	0.401429	259.898	0
20550	4.11	1.76167	1.6105	0.401429	260.35	0
20555	4.111	1.76167	1.6105	0.401429	260.537	0
20560	4.112	1.76167	1.6105	0.401429	261.046	0
20565	4.113	1.76167	1.6105	0.401429	261.533	0
20570	4.114	1.76167	1.6105	0.401429	261.968	0
20575	4.115	1.76167	1.6105	0.401429	261.759	0
20580	4.116	1.76167	1.6105	0.401429	261.55	0
20585	4.117	1.76167	1.6105	0.401429	261.254	0
20590	4.118	1.76167	1.6105	0.401429	261.033	0
20595	4.119	1.76167	1.6105	0.401429	261.246	0
20600	4.12	1.76167	1.6105	0.401429	261.41	0
20605	4.121	1.76167	1.6105	0.401429	261.782	0
20610	4.122	1.76167	1.6105	0.401429	261.399	0
20615	4.123	1.76167	1.6105	0.401429	260.932	0
20620	4.124	1.76167	1.6105	0.401429	260.458	0
20625	4.125	1.76167	1.6105	0.401429	260.469	0
20630	4.126	1.76167	1.6105	0.401429	260.694	0
20635	4.127	1.76167	1.6105	0.401429	261.175	0
20640	4.128	1.76167	1.6105	0.401429	261.365	0
20645	4.129	1.76167	1.6105	0.401429	260.66	0
20650	4.13	1.76167	1.6105	0.401429	260.185	0
20655	4.131	1.76167	1.6105	0.401429	259.685	0
20660	4.132	1.76167	1.6105	0.401429	259.901	0
20665	4.133	1.76167	1.6105	0.401429	260.165	0
20670	4.134	1.76167	1.6105	0.401429	260.867	0
20675	4.135	1.76167	1.6105	0.401429	260.388	0
20680	4.136	1.76167	1.6105	0.401429	259.83	0
20685	4.137	1.76167	1.6105	0.401429	259.433	0
20690	4.138	1.76167	1.6105	0.401429	259.427	0
20695	4.139	1.76167	1.6105	0.401429	259.771	0
20700	4.14	1.76167	1.6105	0.401429	260.248	0
20705	4.141	1.76167	1.6105	0.401429	260.295	0
20710	4.142	1.76167	1.6105	0.401429	259.352	0
20715	4.143	1.76167	1.6105	0.401429	259.011	0
20720	4.144	1.76167	1.6105	0.401429	258.744	0
20725	4.145	1.76167	1.6105	0.401429	259.09	0
20730	4.146	1.76167	1.6105	0.401429	259.55	0
20735	4.147	1.76167	1.6105	0.401429	260.087	0
20740	4.148	1.76167	1.6105	0.401429	260.393	0
20745	4.149	1.76167	1.6105	0.401429	260.791	0
20750	4.15	1.76167	1.6105	0.401429	261.325	0
20755	4.151	1.76167	1.6105	0.401429	261.866	0
20760	4.152	1.76167	1.6105	0.401429	261.855	0
20765	4.153	1.76167	1.6105	0.401429	261.46	0
20770	4.154	1.76167	1.6105	0.401429	261.219	0
20775	4.155	1.76167	1.6105	0.401429	260.843	0
20780	4.156	1.76167	1.6105	0.401429	260.988	0
20785	4.157	1.76167	1.6105	0.401429	261.216	0
20790	4.158	1.76167	1.6105	0.401429	261.774	0
20795	4.159	1.76167	1.6105	0.401429	261.612	0
20800	4.16	1.76167	1.6105	0.401429	261.089	0
20805	4.161	1.76167	1.6105	0.401429	260.639	0
20810	4.162	1.76167	1.6105	0.401429	260.353	0
20815	4.163	1.76167	1.6105	0.401429	260.557	0
20820	4.164	1.76167	1.6105	0.401429	260.738	0
20825	4.165	1.76167	1.6105	0.401429	264.4	0
20830	4.166	1.76167	1.6105	0.401429	263.577	0
20835	4.167	1.76167	1.6105	0.401429	262.83	0
20840	4.168	1.76167	1.6105	0.401429	262.154	0
20845	4.169	1.76167	1.6105	0.401429	262.01	0
20850	4.17	1.76167	1.6105	0.401429	262.109	0
20855	4.171	1.76167	1.6105	0.401429	262.484	0
20860	4.172	1.76167	1.6105	0.401429	262.436	0
20865	4.173	1.76167	1.6105	0.401429	261.543	0
20870	4.174	1.76167	1.6105	0.401429	260.992	0
20875	4.175	1.76167	1.6105	0.401429	260.456	0
20880	4.176	1.76167	1.6105	0.401429	260.645	0
20885	4.177	1.76167	1.6105	0.401429	260.89	0
20890	4.178	1.76167	1.6105	0.401429	264.539	0
20895	4.179	1.76167	1.6105	0.401429	263.541	0
20900	4.18	1.76167	1.6105	0.401429	262.724	0
20905	4.181	1.76167	1.6105	0.401429	262.157	0
20910	4.182	1.76167	1.6105	0.401429	262.004	0
20915	4.183	1.76167	1.6105	0.401429	262.209	0
20920	4.184	1.76167	1.6105	0.401429	262.552	0
20925	4.185	1.76167	1.6105	0.401429	262.745	0
20930	4.186	1.76167	1.6105	0.401429	262.675	0
20935	4.187	1.76167	1.6105	0.401429	263.036	0
20940	4.188	1.76167	1.6105	0.401429	263.322	0
20945	4.189	1.76167	1.6105	0.401429	263.443	0
20950	4.19	1.76167	1.6105	0.401429	263.043	0
20955	4.191	1.76167	1.6105	0.401429	262.714	0
20960	4.192	1.76167	1.6105	0.401429	262.288	0
20965	4.193	1.76167	1.6105	0.401429	262.129	0
20970	4.194	1.76167	1.6105	0.401429	262.266	0
20975	4.195	1.76167	1.6105	0.401429	262.518	0
20980	4.196	1.76167	1.6105	0.401429	262.601	0
20985	4.197	1.76167	1.6105	0.401429	261.903	0
20990	4.198	1.76167	1.6105	0.401429	261.399	0
20995	4.199	1.76167	1.6105	0.401429	260.86	0
21000	4.2	1.76167	1.6105	0.401429	260.923	0
21005	4.201	1.76167	1.6105	0.401429	261.107	0
21010	4.202	1.76167	1.6105	0.401429	261.649	0
21015	4.203	1.76167	1.6105	0.401429	261.62	0
21020	4.204	1.76167	1.6105	0.401429	260.959	0
21025	4.205	1.76167	1.6105	0.401429	260.46	0
21030	4.206	1.76167	1.6105	0.401429	260.165	0
21035	4.207	1.76167	1.6105	0.401429	260.382	0
21040	4.208	1.76167	1.6105	0.401429	260.587	0
21045	4.209	1.76167	1.6105	0.401429	264.261	0
21050	4.21	1.76167	1.6105	0.401429	263.278	0
21055	4.211	1.76167	1.6105	0.401429	262.528	0
21060	4.212	1.76167	1.6105	0.401429	261.898	0
21065	4.213	1.76167	1.6105	0.401429	261.811	0
21070	4.214	1.76167	1.6105	0.401429	261.968	0
21075	4.215	1.76167	1.6105	0.401429	262.394	0
21080	4.216	1.76167	1.6105	0.401429	261.992	0
21085	4.217	1.76167	1.6105	0.401429	261.08	0
21090	4.218	1.76167	1.6105	0.401429	260.622	0
21095	4.219	1.76167	1.6105	0.401429	260.204	0
21100	4.22	1.76167	1.6105	0.401429	260.491	0
21105	4.221	1.76167	1.6105	0.401429	260.823	0
21110	4.222	1.76167	1.6105	0.401429	261.229	0
21115	4.223	1.76167	1.6105	0.401429	261.395	0
21120	4.224	1.76167	1.6105	0.401429	261.781	0
21125	4.225	1.76167	1.6105	0.401429	262.221	0
21130	4.226	1.76167	1.6105	0.401429	265.759	0
21135	4.227	1.76167	1.6105	0.401429	265.324	0
21140	4.228	1.76167	1.6105	0.401429	264.825	0
21145	4.229	1.76167	1.6105	0.401429	264.284	0
21150	4.23	1.76167	1.6105	0.401429	263.609	0
21155	4.231	1.76167	1.6105	0.401429	263.575	0
21160	4.232	1.76167	1.6105	0.401429	263.569	0
21165	4.233	1.76167	1.6105	0.401429	266.995	0
21170	4.234	1.76167	1.6105	0.401429	266.278	0
21175	4.235	1.76167	1.6105	0.401429	265.389	0
21180	4.236	1.76167	1.6105	0.401429	264.565	0
21185	4.237	1.76167	1.6105	0.401429	264.113	0
21190	4.238	1.76167	1.6105	0.401429	264.025	0
21195	4.239	1.76167	1.6105	0.401429	264.096	0
21200	4.24	1.76167	1.6105	0.401429	264.253	0
21205	4.241	1.76167	1.6105	0.401429	263.219	0
21210	4.242	1.76167	1.6105	0.401429	262.521	0
21215	4.243	1.76167	1.6105	0.401429	261.851	0
21220	4.244	1.76167	1.6105	0.401429	261.822	0
21225	4.245	1.76167	1.6105	0.401429	261.937	0
21230	4.246	1.76167	1.6105	0.401429	262.422	0
21235	4.247	1.76167	1.6105	0.401429	262.074	0
21240	4.248	1.76167	1.6105	0.401429	261.305	0
21245	4.249	1.76167	1.6105	0.401429	260.784	0
21250	4.25	1.76167	1.6105	0.401429	260.495	0
21255	4.251	1.76167	1.6105	0.401429	260.724	0
21260	4.252	1.76167	1.6105	0.401429	260.943	0
21265	4.253	1.76167	1.6105	0.401429	261.249	0
21270	4.254	1.76167	1.6105	0.401429	260.364	0
21275	4.255	1.76167	1.6105	0.401429	259.883	0
21280	4.256	1.76167	1.6105	0.401429	259.552	0
21285	4.257	1.76167	1.6105	0.401429	259.741	0
21290	4.258	1.76167	1.6105	0.401429	260.146	0
21295	4.259	1.76167	1.6105	0.401429	260.652	0
21300	4.26	1.76167	1.6105	0.401429	260.962	0
21305	4.261	1.76167	1.6105	0.401429	261.195	0
21310	4.262	1.76167	1.6105	0.401429	261.694	0
21315	4.263	1.76167	1.6105	0.401429	262.057	0
21320	4.264	1.76167	1.6105	0.401429	262.146	0
21325	4.265	1.76167	1.6105	0.401429	261.787	0
21330	4.266	1.76167	1.6105	0.401429	261.546	0
21335	4.267	1.76167	1.6105	0.401429	261.182	0
21340	4.268	1.76167	1.6105	0.401429	261.223	0
21345	4.269	1.76167	1.6105	0.401429	261.439	0
21350	4.27	1.76167	1.6105	0.401429	261.887	0
21355	4.271	1.76167	1.6105	0.401429	261.856	0
21360	4.272	1.76167	1.6105	0.401429	261.275	0
21365	4.273	1.76167	1.6105	0.401429	260.82	0
21370	4.274	1.76167	1.6105	0.401429	260.298	0
21375	4.275	1.76167	1.6105	0.401429	260.467	0
21380	4.276	1.76167	1.6105	0.401429	260.677	0
21385	4.277	1.76167	1.6105	0.401429	261.322	0
21390	4.278	1.76167	1.6105	0.401429	261.017	0
21395	4.279	1.76167	1.6105	0.401429	260.452	0
21400	4.28	1.76167	1.6105	0.401429	259.988	0
21405	4.281	1.76167	1.6105	0.401429	259.901	0
21410	4.282	1.76167	1.6105	0.401429	260.166	0
21415	4.283	1.76167	1.6105	0.401429	260.57	0
21420	4.284	1.76167	1.6105	0.401429	261.037	0
21425	4.285	1.76167	1.6105	0.401429	260.135	0
21430	4.286	1.76167	1.6105	0.401429	259.681	0
21435	4.287	1.76167	1.6105	0.401429	259.282	0
21440	4.288	1.76167	1.6105	0.401429	259.504	0
21445	4.289	1.76167	1.6105	0.401429	259.854	0
21450	4.29	1.76167	1.6105	0.401429	260.546	0
21455	4.291	1.76167	1.6105	0.401429	260.072	0
21460	4.292	1.76167	1.6105	0.401429	259.449	0
21465	4.293	1.76167	1.6105	0.401429	259.148	0
21470	4.294	1.76167	1.6105	0.401429	259.079	0
21475	4.295	1.76167	1.6105	0.401429	259.503	0
21480	4.296	1.76167	1.6105	0.401429	259.898	0
21485	4.297	1.76167	1.6105	0.401429	260.35	0
21490	4.298	1.76167	1.6105	0.401429	260.537	0
21495	4.299	1.76167	1.6105	0.401429	261.046	0
21500	4.3	1.76167	1.6105	0.401429	261.533	0
21505	4.301	1.76167	1.6105	0.401429	261.968	0
21510	4.302	1.76167	1.6105	0.401429	261.759	0
21515	4.303	1.76167	1.6105	0.401429	261.55	0
21520	4.304	1.76167	1.6105	0.401429	261.254	0
21525	4.305	1.76167	1.6105	0.401429	261.033	0
21530	4.306	1.76167	1.6105	0.401429	261.246	0
21535	4.307	1.76167	1.6105	0.401429	261.41	0
21540	4.308	1.76167	1.6105	0.401429	261.782	0
21545	4.309	1.76167	1.6105	0.401429	261.399	0
21550	4.31	1.76167	1.6105	0.401429	260.932	0
21555	4.311	1.76167	1.6105	0.401429	260.458	0
21560	4.312	1.76167	1.6105	0.401429	260.469	0
21565	4.313	1.76167	1.6105	0.401429	260.694	0
21570	4.314	1.76167	1.6105	0.401429	261.175	0
21575	4.315	1.76167	1.6105	0.401429	261.365	0
21580	4.316	1.76167	1.6105	0.401429	260.66	0
21585	4.317	1.76167	1.6105	0.401429	260.185	0
21590	4.318	1.76167	1.6105	0.401429	259.685	0
21595	4.319	1.76167	1.6105	0.401429	259.901	0
21600	4.32	1.76167	1.6105	0.401429	260.165	0
21605	4.321	1.76167	1.6105	0.401429	260.867	0
21610	4.322	1.76167	1.6105	0.401429	260.388	0
21615	4.323	1.76167	1.6105	0.401429	259.83	0
21620	4.324	1.76167	1.6105	0.401429	259.433	0
21625	4.325	1.76167	1.6105	0.401429	259.427	0
21630	4.326	1.76167	1.6105	0.401429	259.771	0
21635	4.327	1.76167	1.6105	0.401429	260.248	0
21640	4.328	1.76167	1.6105	0.401429	260.295	0
21645	4.329	1.76167	1.6105	0.401429	259.352	0
21650	4.33	1.76167	1.6105	0.401429	259.011	0
21655	4.331	1.76167	1.6105	0.401429	258.744	0
21660	4.332	1.76167	1.6105	0.401429	259.09	0
21665	4.333	1.76167	1.6105	0.401429	259.55	0
21670	4.334	1.76167	1.6105	0.401429	260.087	0
21675	4.335	1.76167	1.6105	0.401429	260.393	0
21680	4.336	1.76167	1.6105	0.401429	260.791	0
21685	4.337	1.76167	1.6105	0.401429	261.325	0
21690	4.338	1.76167	1.6105	0.401429	261.866	0
21695	4.339	1.76167	1.6105	0.401429	261.855	0
21700	4.34	1.76167	1.6105	0.401429	261.46	0
21705	4.341	1.76167	1.6105	0.401429	261.219	0
21710	4.342	1.76167	1.6105	0.401429	260.843	0
21715	4.343	1.76167	1.6105	0.401429	260.988	0
21720	4.344	1.76167	1.6105	0.401429	261.216	0
21725	4.345	1.76167	1.6105	0.401429	261.774	0
21730	4.346	1.76167	1.6105	0.401429	261.612	0
21735	4.347	1.76167	1.6105	0.401429	261.089	0
21740	4.348	1.76167	1.6105	0.401429	260.639	0
21745	4.349	1.76167	1.6105	0.401429	260.353	0
21750	4.35	1.76167	1.6105	0.401429	260.557	0
21755	4.351	1.76167	1.6105	0.401429	260.738	0
21760	4.352	1.76167	1.6105	0.401429	264.4	0
21765	4.353	1.76167	1.6105	0.401429	263.577	0
21770	4.354	1.76167	1.6105	0.401429	262.83	0
21775	4.355	1.76167	1.6105	0.401429	262.154	0
21780	4.356	1.76167	1.6105	0.401429	262.01	0
21785	4.357	1.76167	1.6105	0.401429	262.109	0
21790	4.358	1.76167	1.6105	0.401429	262.484	0
21795	4.359	1.76167	1.6105	0.401429	262.436	0
21800	4.36	1.76167	1.6105	0.401429	261.543	0
21805	4.361	1.76167	1.6105	0.401429	260.992	0
21810	4.362	1.76167	1.6105	0.401429	260.456	0
21815	4.363	1.76167	1.6105	0.401429	260.645	0
21820	4.364	1.76167	1.6105	0.401429	260.89	0
21825	4.365	1.76167	1.6105	0.401429	264.539	0
21830	4.366	1.76167	1.6105	0.401429	263.541	0
21835	4.367	1.76167	1.6105	0.401429	262.724	0
21840	4.368	1.76167	1.6105	0.401429	262.157	0
21845	4.369	1.76167	1.6105	0.401429	262.004	0
21850	4.37	1.76167	1.6105	0.401429	262.209	0
21855	4.371	1.76167	1.6105	0.401429	262.552	0
21860	4.372	1.76167	1.6105	0.401429	262.745	0
21865	4.373	1.76167	1.6105	0.401429	262.675	0
21870	4.374	1.76167	1.6105	0.401429	263.036	0
21875	4.375	1.76167	1.6105	0.401429	263.322	0
21880	4.376	1.76167	1.6105	0.401429	263.443	0
21885	4.377	1.76167	1.6105	0.401429	263.043	0
21890	4.378	1.76167	1.6105	0.401429	262.714	0
21895	4.379	1.76167	1.6105	0.401429	262.288	0
21900	4.38	1.76167	1.6105	0.401429	262.129	0
21905	4.381	1.76167	1.6105	0.401429	262.266	0
21910	4.382	1.76167	1.6105	0.401429	262.518	0
21915	4.383	1.76167	1.6105	0.401429	262.601	0
21920	4.384	1.76167	1.6105	0.401429	261.903	0
21925	4.385	1.76167	1.6105	0.401429	261.399	0
21930	4.386	1.76167	1.6105	0.401429	260.86	0
21935	4.387	1.76167	1.6105	0.401429	260.923	0
21940	4.388	1.76167	1.6105	0.401429	261.107	0
21945	4.389	1.76167	1.6105	0.401429	261.649	0
21950	4.39	1.76167	1.6105	0.401429	261.62	0
21955	4.391	1.76167	1.6105	0.401429	260.959	0
21960	4.392	1.76167	1.6105	0.401429	260.46	0
21965	4.393	1.76167	1.6105	0.401429	260.165	0
21970	4.394	1.76167	1.6105	0.401429	260.382	0
21975	4.395	1.76167	1.6105	0.401429	260.587	0
21980	4.396	1.76167	1.6105	0.401429	264.261	0
21985	4.397	1.76167	1.6105	0.401429	263.278	0
21990	4.398	1.76167	1.6105	0.401429	262.528	0
21995	4.399	1.76167	1.6105	0.401429	261.898	0
22000	4.4	1.76167	1.6105	0.401429	261.811	0
22005	4.401	1.76167	1.6105	0.401429	261.968	0
22010	4.402	1.76167	1.6105	0.401429	262.394	0
22015	4.403	1.76167	1.6105	0.401429	261.992	0
22020	4.404	1.76167	1.6105	0.401429	261.08	0
22025	4.405	1.76167	1.6105	0.401429	260.622	0
22030	4.406	1.76167	1.6105	0.401429	260.204	0
22035	4.407	1.76167	1.6105	0.401429	260.491	0
22040	4.408	1.76167	1.6105	0.401429	260.823	0
22045	4.409	1.76167	1.6105	0.401429	261.229	0
22050	4.41	1.76167	1.6105	0.401429	261.395	0
22055	4.411	1.76167	1.6105	0.401429	261.781	0
22060	4.412	1.76167	1.6105	0.401429	262.221	0
22065	4.413	1.76167	1.6105	0.401429	265.759	0
22070	4.414	1.76167	1.6105	0.401429	265.324	0
22075	4.415	1.76167	1.6105	0.401429	264.825	0
22080	4.416	1.76167	1.6105	0.401429	264.284	0
22085	4.417	1.76167	1.6105	0.401429	263.609	0
22090	4.418	1.76167	1.6105	0.401429	263.575	0
22095	4.419	1.76167	1.6105	0.401429	263.569	0
22100	4.42	1.76167	1.6105	0.401429	266.995	0
22105	4.421	1.76167	1.6105	0.401429	266.278	0
22110	4.422	1.76167	1.6105	0.401429	265.389	0
22115	4.423	1.76167	1.6105	0.401429	264.565	0
22120	4.424	1.76167	1.6105	0.401429	264.113	0
22125	4.425	1.76167	1.6105	0.401429	264.025	0
22130	4.426	1.76167	1.6105	0.401429	264.096	0
22135	4.427	1.76167	1.6105	0.401429	264.253	0
22140	4.428	1.76167	1.6105	0.401429	263.219	0
22145	4.429	1.76167	1.6105	0.401429	262.521	0
22150	4.43	1.76167	1.6105	0.401429	261.851	0
22155	4.431	1.76167	1.6105	0.401429	261.822	0
22160	4.432	1.76167	1.6105	0.401429	261.937	0
22165	4.433	1.76167	1.6105	0.401429	262.422	0
22170	4.434	1.76167	1.6105	0.401429	262.074	0
22175	4.435	1.76167	1.6105	0.401429	261.305	0
22180	4.436	1.76167	1.6105	0.401429	260.784	0
22185	4.437	1.76167	1.6105	0.401429	260.495	0
22190	4.438	1.76167	1.6105	0.401429	260.724	0
22195	4.439	1.76167	1.6105	0.401429	260.943	0
22200	4.44	1.76167	1.6105	0.401429	261.249	0
22205	4.441	1.76167	1.6105	0.401429	260.364	0
22210	4.442	1.76167	1.6105	0.401429	259.883	0
22215	4.443	1.76167	1.6105	0.401429	259.552	0
22220	4.444	1.76167	1.6105	0.401429	259.741	0
22225	4.445	1.76167	1.6105	0.401429	260.146	0
22230	4.446	1.76167	1.6105	0.401429	260.652	0
22235	4.447	1.76167	1.6105	0.401429	260.962	0
22240	4.448	1.76167	1.6105	0.401429	261.195	0
22245	4.449	1.76167	1.6105	0.401429	261.694	0
22250	4.45	1.76167	1.6105	0.401429	262.057	0
22255	4.451	1.76167	1.6105	0.401429	262.146	0
22260	4.452	1.76167	1.6105	0.401429	261.787	0
22265	4.453	1.76167	1.6105	0.401429	261.546	0
22270	4.454	1.76167	1.6105	0.401429	261.182	0
22275	4.455	1.76167	1.6105	0.401429	261.223	0
22280	4.456	1.76167	1.6105	0.401429	261.439	0
22285	4.457	1.76167	1.6105	0.401429	261.887	0
22290	4.458	1.76167	1.6105	0.401429	261.856	0
22295	4.459	1.76167	1.6105	0.401429	261.275	0
22300	4.46	1.76167	1.6105	0.401429	260.82	0
22305	4.461	1.76167	1.6105	0.401429	260.298	0
22310	4.462	1.76167	1.6105	0.401429	260.467	0
22315	4.463	1.76167	1.6105	0.401429	260.677	0
22320	4.464	1.76167	1.6105	0.401429	261.322	0
22325	4.465	1.76167	1.6105	0.401429	261.017	0
22330	4.466	1.76167	1.6105	0.401429	260.452	0
22335	4.467	1.76167	1.6105	0.401429	259.988	0
22340	4.468	1.76167	1.6105	0.401429	259.901	0
22345	4.469	1.76167	1.6105	0.401429	260.166	0
22350	4.47	1.76167	1.6105	0.401429	260.57	0
22355	4.471	1.76167	1.6105	0.401429	261.037	0
22360	4.472	1.76167	1.6105	0.401429	260.135	0
22365	4.473	1.76167	1.6105	0.401429	259.681	0
22370	4.474	1.76167	1.6105	0.401429	259.282	0
22375	4.475	1.76167	1.6105	0.401429	259.504	0
22380	4.476	1.76167	1.6105	0.401429	259.854	0
22385	4.477	1.76167	1.6105	0.401429	260.546	0
22390	4.478	1.76167	1.6105	0.401429	260.072	0
22395	4.479	1.76167	1.6105	0.401429	259.449	0
22400	4.48	1.76167	1.6105	0.401429	259.148	0
22405	4.481	1.76167	1.6105	0.401429	259.079	0
22410	4.482	1.76167	1.6105	0.401429	259.503	0
22415	4.483	1.76167	1.6105	0.401429	259.898	0
22420	4.484	1.76167	1.6105	0.401429	260.35	0
22425	4.485	1.76167	1.6105	0.401429	260.537	0
22430	4.486	1.76167	1.6105	0.401429	261.046	0
22435	4.487	1.76167	1.6105	0.401429	261.533	0
22440	4.488	1.76167	1.6105	0.401429	261.968	0
22445	4.489	1.76167	1.6105	0.401429	261.759	0
22450	4.49	1.76167	1.6105	0.401429	261.55	0
22455	4.491	1.76167	1.6105	0.401429	261.254	0
22460	4.492	1.76167	1.6105	0.401429	261.033	0
22465	4.493	1.76167	1.6105	0.401429	261.246	0
22470	4.494	1.76167	1.6105	0.401429	261.41	0
22475	4.495	1.76167	1.6105	0.401429	261.782	0
22480	4.496	1.76167	1.6105	0.401429	261.399	0
22485	4.497	1.76167	1.6105	0.401429	260.932	0
22490	4.498	1.76167	1.6105	0.401429	260.458	0
22495	4.499	1.76167	1.6105	0.401429	260.469	0
22500	4.5	1.76167	1.6105	0.401429	260.694	0
22505	4.501	1.76167	1.6105	0.401429	261.175	0
22510	4.502	1.76167	1.6105	0.401429	261.365	0
22515	4.503	1.76167	1.6105	0.401429	260.66	0
22520	4.504	1.76167	1.6105	0.401429	260.185	0
22525	4.505	1.76167	1.6105	0.401429	259.685	0
22530	4.506	1.76167	1.6105	0.401429	259.901	0
22535	4.507	1.76167	1.6105	0.401429	260.165	0
22540	4.508	1.76167	1.6105	0.401429	260.867	0
22545	4.509	1.76167	1.6105	0.401429	260.388	0
22550	4.51	1.76167	1.6105	0.401429	259.83	0
22555	4.511	1.76167	1.6105	0.401429	259.433	0
22560	4.512	1.76167	1.6105	0.401429	259.427	0
22565	4.513	1.76167	1.6105	0.401429	259.771	0
22570	4.514	1.76167	1.6105	0.401429	260.248	0
22575	4.515	1.76167	1.6105	0.401429	260.295	0
22580	4.516	1.76167	1.6105	0.401429	259.352	0
22585	4.517	1.76167	1.6105	0.401429	259.011	0
22590	4.518	1.76167	1.6105	0.401429	258.744	0
22595	4.519	1.76167	1.6105	0.401429	259.09	0
22600	4.52	1.76167	1.6105	0.401429	259.55	0
22605	4.521	1.76167	1.6105	0.401429	260.087	0
22610	4.522	1.76167	1.6105	0.401429	260.393	0
22615	4.523	1.76167	1.6105	0.401429	260.791	0
22620	4.524	1.76167	1.6105	0.401429	261.325	0
22625	4.525	1.76167	1.6105	0.401429	261.866	0
22630	4.526	1.76167	1.6105	0.401429	261.855	0
22635	4.527	1.76167	1.6105	0.401429	261.46	0
22640	4.528	1.76167	1.6105	0.401429	261.219	0
22645	4.529	1.76167	1.6105	0.401429	260.843	0
22650	4.53	1.76167	1.6105	0.401429	260.988	0
22655	4.531	1.76167	1.6105	0.401429	261.216	0
22660	4.532	1.76167	1.6105	0.401429	261.774	0
22665	4.533	1.76167	1.6105	0.401429	261.612	0
22670	4.534	1.76167	1.6105	0.401429	261.089	0
22675	4.535	1.76167	1.6105	0.401429	260.639	0
22680	4.536	1.76167	1.6105	0.401429	260.353	0
22685	4.537	1.76167	1.6105	0.401429	260.557	0
22690	4.538	1.76167	1.6105	0.401429	260.738	0
22695	4.539	1.76167	1.6105	0.401429	264.4	0
22700	4.54	1.76167	1.6105	0.401429	263.577	0
22705	4.541	1.76167	1.6105	0.401429	262.83	0
22710	4.542	1.76167	1.6105	0.401429	262.154	0
22715	4.543	1.76167	1.6105	0.401429	262.01	0
22720	4.544	1.76167	1.6105	0.401429	262.109	0
22725	4.545	1.76167	1.6105	0.401429	262.484	0
22730	4.546	1.76167	1.6105	0.401429	262.436	0
22735	4.547	1.76167	1.6105	0.401429	261.543	0
22740	4.548	1.76167	1.6105	0.401429	260.992	0
22745	4.549	1.76167	1.6105	0.401429	260.456	0
22750	4.55	1.76167	1.6105	0.401429	260.645	0
22755	4.551	1.76167	1.6105	0.401429	260.89	0
22760	4.552	1.76167	1.6105	0.401429	264.539	0
22765	4.553	1.76167	1.6105	0.401429	263.541	0
22770	4.554	1.76167	1.6105	0.401429	262.724	0
22775	4.555	1.76167	1.6105	0.401429	262.157	0
22780	4.556	1.76167	1.6105	0.401429	262.004	0
22785	4.557	1.76167	1.6105	0.401429	262.209	0
22790	4.558	1.76167	1.6105	0.401429	262.552	0
22795	4.559	1.76167	1.6105	0.401429	262.745	0
22800	4.56	1.76167	1.6105	0.401429	262.675	0
22805	4.561	1.76167	1.6105	0.401429	263.036	0
22810	4.562	1.76167	1.6105	0.401429	263.322	0
22815	4.563	1.76167	1.6105	0.401429	263.443	0
22820	4.564	1.76167	1.6105	0.401429	263.043	0
22825	4.565	1.76167	1.6105	0.401429	262.714	0
22830	4.566	1.76167	1.6105	0.401429	262.288	0
22835	4.567	1.76167	1.6105	0.401429	262.129	0
22840	4.568	1.76167	1.6105	0.401429	262.266	0
22845	4.569	1.76167	1.6105	0.401429	262.518	0
22850	4.57	1.76167	1.6105	0.401429	262.601	0
22855	4.571	1.76167	1.6105	0.401429	261.903	0
22860	4.572	1.76167	1.6105	0.401429	261.399	0
22865	4.573	1.76167	1.6105	0.401429	260.86	0
22870	4.574	1.76167	1.6105	0.401429	260.923	0
22875	4.575	1.76167	1.6105	0.401429	261.107	0
22880	4.576	1.76167	1.6105	0.401429	261.649	0
22885	4.577	1.76167	1.6105	0.401429	261.62	0
22890	4.578	1.76167	1.6105	0.401429	260.959	0
22895	4.579	1.76167	1.6105	0.401429	260.46	0
22900	4.58	1.76167	1.6105	0.401429	260.165	0
22905	4.581	1.76167	1.6105	0.401429	260.382	0
22910	4.582	1.76167	1.6105	0.401429	260.587	0
22915	4.583	1.76167	1.6105	0.401429	264.261	0
22920	4.584	1.76167	1.6105	0.401429	263.278	0
22925	4.585	1.76167	1.6105	0.401429	262.528	0
22930	4.586	1.76167	1.6105	0.401429	261.898	0
22935	4.587	1.76167	1.6105	0.401429	261.811	0
22940	4.588	1.76167	1.6105	0.401429	261.968	0
22945	4.589	1.76167	1.6105	0.401429	262.394	0
22950	4.59	1.76167	1.6105	0.401429	261.992	0
22955	4.591	1.76167	1.6105	0.401429	261.08	0
22960	4.592	1.76167	1.6105	0.401429	260.622	0
22965	4.593	1.76167	1.6105	0.401429	260.204	0
22970	4.594	1.76167	1.6105	0.401429	260.491	0
22975	4.595	1.76167	1.6105	0.401429	260.823	0
22980	4.596	1.76167	1.6105	0.401429	261.229	0
22985	4.597	1.76167	1.6105	0.401429	261.395	0
22990	4.598	1.76167	1.6105	0.401429	261.781	0
22995	4.599	1.76167	1.6105	0.401429	262.221	0
23000	4.6	1.76167	1.6105	0.401429	265.759	0
23005	4.601	1.76167	1.6105	0.401429	265.324	0
23010	4.602	1.76167	1.6105	0.401429	264.825	0
23015	4.603	1.76167	1.6105	0.401429	264.284	0
23020	4.604	1.76167	1.6105	0.401429	263.609	0
23025	4.605	1.76167	1.6105	0.401429	263.575	0
23030	4.606	1.76167	1.6105	0.401429	263.569	0
23035	4.607	1.76167	1.6105	0.401429	266.995	0
23040	4.608	1.76167	1.6105	0.401429	266.278	0
23045	4.609	1.76167	1.6105	0.401429	265.389	0
23050	4.61	1.76167	1.6105	0.401429	264.565	0
23055	4.611	1.76167	1.6105	0.401429	264.113	0
23060	4.612	1.76167	1.6105	0.401429	264.025	0
23065	4.613	1.76167	1.6105	0.401429	264.096	0
23070	4.614	1.76167	1.6105	0.401429	264.253	0
23075	4.615	1.76167	1.6105	0.401429	263.219	0
23080	4.616	1.76167	1.6105	0.401429	262.521	0
23085	4.617	1.76167	1.6105	0.401429	261.851	0
23090	4.618	1.76167	1.6105	0.401429	261.822	0
23095	4.619	1.76167	1.6105	0.401429	261.937	0
23100	4.62	1.76167	1.6105	0.401429	262.422	0
23105	4.621	1.76167	1.6105	0.401429	262.074	0
23110	4.622	1.76167	1.6105	0.401429	261.305	0
23115	4.623	1.76167	1.6105	0.401429	260.784	0
23120	4.624	1.76167	1.6105	0.401429	260.495	0
23125	4.625	1.76167	1.6105	0.401429	260.724	0
23130	4.626	1.76167	1.6105	0.401429	260.943	0
23135	4.627	1.76167	1.6105	0.401429	261.249	0
23140	4.628	1.76167	1.6105	0.401429	260.364	0
23145	4.629	1.76167	1.6105	0.401429	259.883	0
23150	4.63	1.76167	1.6105	0.401429	259.552	0
23155	4.631	1.76167	1.6105	0.401429	259.741	0
23160	4.632	1.76167	1.6105	0.401429	260.146	0
23165	4.633	1.76167	1.6105	0.401429	260.652	0
23170	4.634	1.76167	1.6105	0.401429	260.962	0
23175	4.635	1.76167	1.6105	0.401429	261.195	0
23180	4.636	1.76167	1.6105	0.401429	261.694	0
23185	4.637	1.76167	1.6105	0.401429	262.057	0
23190	4.638	1.76167	1.6105	0.401429	262.146	0
23195	4.639	1.76167	1.6105	0.401429	261.787	0
23200	4.64	1.76167	1.6105	0.401429	261.546	0
23205	4.641	1.76167	1.6105	0.401429	261.182	0
23210	4.642	1.76167	1.6105	0.401429	261.223	0
23215	4.643	1.76167	1.6105	0.401429	261.439	0
23220	4.644	1.76167	1.6105	0.401429	261.887	0
23225	4.645	1.76167	1.6105	0.401429	261.856	0
23230	4.646	1.76167	1.6105	0.401429	261.275	0
23235	4.647	1.76167	1.6105	0.401429	260.82	0
23240	4.648	1.76167	1.6105	0.401429	260.298	0
23245	4.649	1.76167	1.6105	0.401429	260.467	0
23250	4.65	1.76167	1.6105	0.401429	260.677	0
23255	4.651	1.76167	1.6105	0.401429	261.322	0
23260	4.652	1.76167	1.6105	0.401429	261.017	0
23265	4.653	1.76167	1.6105	0.401429	260.452	0
23270	4.654	1.76167	1.6105	0.401429	259.988	0
23275	4.655	1.76167	1.6105	0.401429	259.901	0
23280	4.656	1.76167	1.6105	0.401429	260.166	0
23285	4.657	1.76167	1.6105	0.401429	260.57	0
23290	4.658	1.76167	1.6105	0.401429	261.037	0
23295	4.659	1.76167	1.6105	0.401429	260.135	0
23300	4.66	1.76167	1.6105	0.401429	259.681	0
23305	4.661	1.76167	1.6105	0.401429	259.282	0
23310	4.662	1.76167	1.6105	0.401429	259.504	0
23315	4.663	1.76167	1.6105	0.401429	259.854	0
23320	4.664	1.76167	1.6105	0.401429	260.546	0
23325	4.665	1.76167	1.6105	0.401429	260.072	0
23330	4.666	1.76167	1.6105	0.401429	259.449	0
23335	4.667	1.76167	1.6105	0.401429	259.148	0
23340	4.668	1.76167	1.6105	0.401429	259.079	0
23345	4.669	1.76167	1.6105	0.401429	259.503	0
23350	4.67	1.76167	1.6105	0.401429	259.898	0
23355	4.671	1.76167	1.6105	0.401429	260.35	0
23360	4.672	1.76167	1.6105	0.401429	260.537	0
23365	4.673	1.76167	1.6105	0.401429	261.046	0
23370	4.674	1.76167	1.6105	0.401429	261.533	0
23375	4.675	1.76167	1.6105	0.401429	261.968	0
23380	4.676	1.76167	1.6105	0.401429	261.759	0
23385	4.677	1.76167	1.6105	0.401429	261.55	0
23390	4.678	1.76167	1.6105	0.401429	261.254	0
23395	4.679	1.76167	1.6105	0.401429	261.033	0
23400	4.68	1.76167	1.6105	0.401429	261.246	0
23405	4.681	1.76167	1.6105	0.401429	261.41	0
23410	4.682	1.76167	1.6105	0.401429	261.782	0
23415	4.683	1.76167	1.6105	0.401429	261.399	0
23420	4.684	1.76167	1.6105	0.401429	260.932	0
23425	4.685	1.76167	1.6105	0.401429	260.458	0
23430	4.686	1.76167	1.6105	0.401429	260.469	0
23435	4.687	1.76167	1.6105	0.401429	260.694	0
23440	4.688	1.76167	1.6105	0.401429	261.175	0
23445	4.689	1.76167	1.6105	0.401429	261.365	0
23450	4.69	1.76167	1.6105	0.401429	260.66	0
23455	4.691	1.76167	1.6105	0.401429	260.185	0
23460	4.692	1.76167	1.6105	0.401429	259.685	0
23465	4.693	1.76167	1.6105	0.401429	259.901	0
23470	4.694	1.76167	1.6105	0.401429	260.165	0
23475	4.695	1.76167	1.6105	0.401429	260.867	0
23480	4.696	1.76167	1.6105	0.401429	260.388	0
23485	4.697	1.76167	1.6105	0.401429	259.83	0
23490	4.698	1.76167	1.6105	0.401429	259.433	0
23495	4.699	1.76167	1.6105	0.401429	259.427	0
23500	4.7	1.76167	1.6105	0.401429	259.771	0
23505	4.701	1.76167	1.6105	0.401429	260.248	0
23510	4.702	1.76167	1.6105	0.401429	260.295	0
23515	4.703	1.76167	1.6105	0.401429	259.352	0
23520	4.704	1.76167	1.6105	0.401429	259.011	0
23525	4.705	1.76167	1.6105	0.401429	258.744	0
23530	4.706	1.76167	1.6105	0.401429	259.09	0
23535	4.707	1.76167	1.6105	0.401429	259.55	0
23540	4.708	1.76167	1.6105	0.401429	260.087	0
23545	4.709	1.76167	1.6105	0.401429	260.393	0
23550	4.71	1.76167	1.6105	0.401429	260.791	0
23555	4.711	1.76167	1.6105	0.401429	261.325	0
23560	4.712	1.76167	1.6105	0.401429	261.866	0
23565	4.713	1.76167	1.6105	0.401429	261.855	0
23570	4.714	1.76167	1.6105	0.401429	261.46	0
23575	4.715	1.76167	1.6105	0.401429	261.219	0
23580	4.716	1.76167	1.6105	0.401429	260.843	0
23585	4.717	1.76167	1.6105	0.401429	260.988	0
23590	4.718	1.76167	1.6105	0.401429	261.216	0
23595	4.719	1.76167	1.6105	0.401429	261.774	0
23600	4.72	1.76167	1.6105	0.401429	261.612	0
23605	4.721	1.76167	1.6105	0.401429	261.089	0
23610	4.722	1.76167	1.6105	0.401429	260.639	0
23615	4.723	1.76167	1.6105	0.401429	260.353	0
23620	4.724	1.76167	1.6105	0.401429	260.557	0
23625	4.725	1.76167	1.6105	0.401429	260.738	0
23630	4.726	1.76167	1.6105	0.401429	264.4	0
23635	4.727	1.76167	1.6105	0.401429	263.577	0
23640	4.728	1.76167	1.6105	0.401429	262.83	0
23645	4.729	1.76167	1.6105	0.401429	262.154	0
23650	4.73	1.76167	1.6105	0.401429	262.01	0
23655	4.731	1.76167	1.6105	0.401429	262.109	0
23660	4.732	1.76167	1.6105	0.401429	262.484	0
23665	4.733	1.76167	1.6105	0.401429	262.436	0
23670	4.734	1.76167	1.6105	0.401429	261.543	0
23675	4.735	1.76167	1.6105	0.401429	260.992	0
23680	4.736	1.76167	1.6105	0.401429	260.456	0
23685	4.737	1.76167	1.6105	0.401429	260.645	0
23690	4.738	1.76167	1.6105	0.401429	260.89	0
23695	4.739	1.76167	1.6105	0.401429	264.539	0
23700	4.74	1.76167	1.6105	0.401429	263.541	0
23705	4.741	1.76167	1.6105	0.401429	262.724	0
23710	4.742	1.76167	1.6105	0.401429	262.157	0
23715	4.743	1.76167	1.6105	0.401429	262.004	0
23720	4.744	1.76167	1.6105	0.401429	262.209	0
23725	4.745	1.76167	1.6105	0.401429	262.552	0
23730	4.746	1.76167	1.6105	0.401429	262.745	0
23735	4.747	1.76167	1.6105	0.401429	262.675	0
23740	4.748	1.76167	1.6105	0.401429	263.036	0
23745	4.749	1.76167	1.6105	0.401429	263.322	0
23750	4.75	1.76167	1.6105	0.401429	263.443	0
23755	4.751	1.76167	1.6105	0.401429	263.043	0
23760	4.752	1.76167	1.6105	0.401429	262.714	0
23765	4.753	1.76167	1.6105	0.401429	262.288	0
23770	4.754	1.76167	1.6105	0.401429	262.129	0
23775	4.755	1.76167	1.6105	0.401429	262.266	0
23780	4.756	1.76167	1.6105	0.401429	262.518	0
23785	4.757	1.76167	1.6105	0.401429	262.601	0
23790	4.758	1.76167	1.6105	0.401429	261.903	0
23795	4.759	1.76167	1.6105	0.401429	261.399	0
23800	4.76	1.76167	1.6105	0.401429	260.86	0
23805	4.761	1.76167	1.6105	0.401429	260.923	0
23810	4.762	1.76167	1.6105	0.401429	261.107	0
23815	4.763	1.76167	1.6105	0.401429	261.649	0
23820	4.764	1.76167	1.6105	0.401429	261.62	0
23825	4.765	1.76167	1.6105	0.401429	260.959	0
23830	4.766	1.76167	1.6105	0.401429	260.46	0
23835	4.767	1.76167	1.6105	0.401429	260.165	0
23840	4.768	1.76167	1.6105	0.401429	260.382	0
23845	4.769	1.76167	1.6105	0.401429	260.587	0
23850	4.77	1.76167	1.6105	0.401429	264.261	0
23855	4.771	1.76167	1.6105	0.401429	263.278	0
23860	4.772	1.76167	1.6105	0.401429	262.528	0
23865	4.773	1.76167	1.6105	0.401429	261.898	0
23870	4.774	1.76167	1.6105	0.401429	261.811	0
23875	4.775	1.76167	1.6105	0.401429	261.968	0
23880	4.776	1.76167	1.6105	0.401429	262.394	0
23885	4.777	1.76167	1.6105	0.401429	261.992	0
23890	4.778	1.76167	1.6105	0.401429	261.08	0
23895	4.779	1.76167	1.6105	0.401429	260.622	0
23900	4.78	1.76167	1.6105	0.401429	260.204	0
23905	4.781	1.76167	1.6105	0.401429	260.491	0
23910	4.782	1.76167	1.6105	0.401429	260.823	0
23915	4.783	1.76167	1.6105	0.401429	261.229	0
23920	4.784	1.76167	1.6105	0.401429	261.395	0
23925	4.785	1.76167	1.6105	0.401429	261.781	0
23930	4.786	1.76167	1.6105	0.401429	262.221	0
23935	4.787	1.76167	1.6105	0.401429	265.759	0
23940	4.788	1.76167	1.6105	0.401429	265.324	0
23945	4.789	1.76167	1.6105	0.401429	264.825	0
23950	4.79	1.76167	1.6105	0.401429	264.284	0
23955	4.791	1.76167	1.6105	0.401429	263.609	0
23960	4.792	1.76167	1.6105	0.401429	263.575	0
23965	4.793	1.76167	1.6105	0.401429	263.569	0
23970	4.794	1.76167	1.6105	0.401429	266.995	0
23975	4.795	1.76167	1.6105	0.401429	266.278	0
23980	4.796	1.76167	1.6105	0.401429	265.389	0
23985	4.797	1.76167	1.6105	0.401429	264.565	0
23990	4.798	1.76167	1.6105	0.401429	264.113	0
23995	4.799	1.76167	1.6105	0.401429	264.025	0
24000	4.8	1.76167	1.6105	0.401429	264.096	0
24005	4.801	1.76167	1.6105	0.401429	264.253	0
24010	4.802	1.76167	1.6105	0.401429	263.219	0
24015	4.803	1.76167	1.6105	0.401429	262.521	0
24020	4.804	1.76167	1.6105	0.401429	261.851	0
24025	4.805	1.76167	1.6105	0.401429	261.822	0
24030	4.806	1.76167	1.6105	0.401429	261.937	0
24035	4.807	1.76167	1.6105	0.401429	262.422	0
24040	4.808	1.76167	1.6105	0.401429	262.074	0
24045	4.809	1.76167	1.6105	0.401429	261.305	0
24050	4.81	1.76167	1.6105	0.401429	260.784	0
24055	4.811	1.76167	1.6105	0.401429	260.495	0
24060	4.812	1.76167	1.6105	0.401429	260.724	0
24065	4.813	1.76167	1.6105	0.401429	260.943	0
24070	4.814	1.76167	1.6105	0.401429	261.249	0
24075	4.815	1.76167	1.6105	0.401429	260.364	0
24080	4.816	1.76167	1.6105	0.401429	259.883	0
24085	4.817	1.76167	1.6105	0.401429	259.552	0
24090	4.818	1.76167	1.6105	0.401429	259.741	0
24095	4.819	1.76167	1.6105	0.401429	260.146	0
24100	4.82	1.76167	1.6105	0.401429	260.652	0
24105	4.821	1.76167	1.6105	0.401429	260.962	0
24110	4.822	1.76167	1.6105	0.401429	261.195	0
24115	4.823	1.76167	1.6105	0.401429	261.694	0
24120	4.824	1.76167	1.6105	0.401429	262.057	0
24125	4.825	1.76167	1.6105	0.401429	262.146	0
24130	4.826	1.76167	1.6105	0.401429	261.787	0
24135	4.827	1.76167	1.6105	0.401429	261.546	0
24140	4.828	1.76167	1.6105	0.401429	261.182	0
24145	4.829	1.76167	1.6105	0.401429	261.223	0
24150	4.83	1.76167	1.6105	0.401429	261.439	0
24155	4.831	1.76167	1.6105	0.401429	261.887	0
24160	4.832	1.76167	1.6105	0.401429	261.856	0
24165	4.833	1.76167	1.6105	0.401429	261.275	0
24170	4.834	1.76167	1.6105	0.401429	260.82	0
24175	4.835	1.76167	1.6105	0.401429	260.298	0
24180	4.836	1.76167	1.6105	0.401429	260.467	0
24185	4.837	1.76167	1.6105	0.401429	260.677	0
24190	4.838	1.76167	1.6105	0.401429	261.322	0
24195	4.839	1.76167	1.6105	0.401429	261.017	0
24200	4.84	1.76167	1.6105	0.401429	260.452	0
24205	4.841	1.76167	1.6105	0.401429	259.988	0
24210	4.842	1.76167	1.6105	0.401429	259.901	0
24215	4.843	1.76167	1.6105	0.401429	260.166	0
24220	4.844	1.76167	1.6105	0.401429	260.57	0
24225	4.845	1.76167	1.6105	0.401429	261.037	0
24230	4.846	1.76167	1.6105	0.401429	260.135	0
24235	4.847	1.76167	1.6105	0.401429	259.681	0
24240	4.848	1.76167	1.6105	0.401429	259.282	0
24245	4.849	1.76167	1.6105	0.401429	259.504	0
24250	4.85	1.76167	1.6105	0.401429	259.854	0
24255	4.851	1.76167	1.6105	0.401429	260.546	0
24260	4.852	1.76167	1.6105	0.401429	260.072	0
24265	4.853	1.76167	1.6105	0.401429	259.449	0
24270	4.854	1.76167	1.6105	0.401429	259.148	0
24275	4.855	1.76167	1.6105	0.401429	259.079	0
24280	4.856	1.76167	1.6105	0.401429	259.503	0
24285	4.857	1.76167	1.6105	0.401429	259.898	0
24290	4.858	1.76167	1.6105	0.401429	260.35	0
24295	4.859	1.76167	1.6105	0.401429	260.537	0
24300	4.86	1.76167	1.6105	0.401429	261.046	0
24305	4.861	1.76167	1.6105	0.401429	261.533	0
24310	4.862	1.76167	1.6105	0.401429	261.968	0
24315	4.863	1.76167	1.6105	0.401429	261.759	0
24320	4.864	1.76167	1.6105	0.401429	261.55	0
24325	4.865	1.76167	1.6105	0.401429	261.254	0
24330	4.866	1.76167	1.6105	0.401429	261.033	0
24335	4.867	1.76167	1.6105	0.401429	261.246	0
24340	4.868	1.76167	1.6105	0.401429	261.41	0
24345	4.869	1.76167	1.6105	0.401429	261.782	0
24350	4.87	1.76167	1.6105	0.401429	261.399	0
24355	4.871	1.76167	1.6105	0.401429	260.932	0
24360	4.872	1.76167	1.6105	0.401429	260.458	0
24365	4.873	1.76167	1.6105	0.401429	260.469	0
24370	4.874	1.76167	1.6105	0.401429	260.694	0
24375	4.875	1.76167	1.6105	0.401429	261.175	0
24380	4.876	1.76167	1.6105	0.401429	261.365	0
24385	4.877	1.76167	1.6105	0.401429	260.66	0
24390	4.878	1.76167	1.6105	0.401429	260.185	0
24395	4.879	1.76167	1.6105	0.401429	259.685	0
24400	4.88	1.76167	1.6105	0.401429	259.901	0
24405	4.881	1.76167	1.6105	0.401429	260.165	0
24410	4.882	1.76167	1.6105	0.401429	260.867	0
24415	4.883	1.76167	1.6105	0.401429	260.388	0
24420	4.884	1.76167	1.6105	0.401429	259.83	0
24425	4.885	1.76167	1.6105	0.401429	259.433	0
24430	4.886	1.76167	1.6105	0.401429	259.427	0
24435	4.887	1.76167	1.6105	0.401429	259.771	0
24440	4.888	1.76167	1.6105	0.401429	260.248	0
24445	4.889	1.76167	1.6105	0.401429	260.295	0
24450	4.89	1.76167	1.6105	0.401429	259.352	0
24455	4.891	1.76167	1.6105	0.401429	259.011	0
24460	4.892	1.76167	1.6105	0.401429	258.744	0
24465	4.893	1.76167	1.6105	0.401429	259.09	0
24470	4.894	1.76167	1.6105	0.401429	259.55	0
24475	4.895	1.76167	1.6105	0.401429	260.087	0
24480	4.896	1.76167	1.6105	0.401429	260.393	0
24485	4.897	1.76167	1.6105	0.401429	260.791	0
24490	4.898	1.76167	1.6105	0.401429	261.325	0
24495	4.899	1.76167	1.6105	0.401429	261.866	0
24500	4.9	1.76167	1.6105	0.401429	261.855	0
24505	4.901	1.76167	1.6105	0.401429	261.46	0
24510	4.902	1.76167	1.6105	0.401429	261.219	0
24515	4.903	1.76167	1.6105	0.401429	260.843	0
24520	4.904	1.76167	1.6105	0.401429	260.988	0
24525	4.905	1.76167	1.6105	0.401429	261.216	0
24530	4.906	1.76167	1.6105	0.401429	261.774	0
24535	4.907	1.76167	1.6105	0.401429	261.612	0
24540	4.908	1.76167	1.6105	0.401429	261.089	0
24545	4.909	1.76167	1.6105	0.401429	260.639	0
24550	4.91	1.76167	1.6105	0.401429	260.353	0
24555	4.911	1.76167	1.6105	0.401429	260.557	0
24560	4.912	1.76167	1.6105	0.401429	260.738	0
24565	4.913	1.76167	1.6105	0.401429	264.4	0
24570	4.914	1.76167	1.6105	0.401429	263.577	0
24575	4.915	1.76167	1.6105	0.401429	262.83	0
24580	4.916	1.76167	1.6105	0.401429	262.154	0
24585	4.917	1.76167	1.6105	0.401429	262.01	0
24590	4.918	1.76167	1.6105	0.401429	262.109	0
24595	4.919	1.76167	1.6105	0.401429	262.484	0
24600	4.92	1.76167	1.6105	0.401429	262.436	0
24605	4.921	1.76167	1.6105	0.401429	261.543	0
24610	4.922	1.76167	1.6105	0.401429	260.992	0
24615	4.923	1.76167	1.6105	0.401429	260.456	0
24620	4.924	1.76167	1.6105	0.401429	260.645	0
24625	4.925	1.76167	1.6105	0.401429	260.89	0
24630	4.926	1.76167	1.6105	0.401429	264.539	0
24635	4.927	1.76167	1.6105	0.401429	263.541	0
24640	4.928	1.76167	1.6105	0.401429	262.724	0
24645	4.929	1.76167	1.6105	0.401429	262.157	0
24650	4.93	1.76167	1.6105	0.401429	262.004	0
24655	4.931	1.76167	1.6105	0.401429	262.209	0
24660	4.932	1.76167	1.6105	0.401429	262.552	0
24665	4.933	1.76167	1.6105	0.401429	262.745	0
24670	4.934	1.76167	1.6105	0.401429	262.675	0
24675	4.935	1.76167	1.6105	0.401429	263.036	0
24680	4.936	1.76167	1.6105	0.401429	263.322	0
24685	4.937	1.76167	1.6105	0.401429	263.443	0
24690	4.938	1.76167	1.6105	0.401429	263.043	0
24695	4.939	1.76167	1.6105	0.401429	262.714	0
24700	4.94	1.76167	1.6105	0.401429	262.288	0
24705	4.941	1.76167	1.6105	0.401429	262.129	0
24710	4.942	1.76167	1.6105	0.401429	262.266	0
24715	4.943	1.76167	1.6105	0.401429	262.518	0
24720	4.944	1.76167	1.6105	0.401429	262.601	0
24725	4.945	1.76167	1.6105	0.401429	261.903	0
24730	4.946	1.76167	1.6105	0.401429	261.399	0
24735	4.947	1.76167	1.6105	0.401429	260.86	0
24740	4.948	1.76167	1.6105	0.401429	260.923	0
24745	4.949	1.76167	1.6105	0.401429	261.107	0
24750	4.95	1.76167	1.6105	0.401429	261.649	0
24755	4.951	1.76167	1.6105	0.401429	261.62	0
24760	4.952	1.76167	1.6105	0.401429	260.959	0
24765	4.953	1.76167	1.6105	0.401429	260.46	0
24770	4.954	1.76167	1.6105	0.401429	260.165	0
24775	4.955	1.76167	1.6105	0.401429	260.382	0
24780	4.956	1.76167	1.6105	0.401429	260.587	0
24785	4.957	1.76167	1.6105	0.401429	264.261	0
24790	4.958	1.76167	1.6105	0.401429	263.278	0
24795	4.959	1.76167	1.6105	0.401429	262.528	0
24800	4.96	1.76167	1.6105	0.401429	261.898	0
24805	4.961	1.76167	1.6105	0.401429	261.811	0
24810	4.962	1.76167	1.6105	0.401429	261.968	0
24815	4.963	1.76167	1.6105	0.401429	262.394	0
24820	4.964	1.76167	1.6105	0.401429	261.992	0
24825	4.965	1.76167	1.6105	0.401429	261.08	0
24830	4.966	1.76167	1.6105	0.401429	260.622	0
24835	4.967	1.76167	1.6105	0.401429	260.204	0
24840	4.968	1.76167	1.6105	0.401429	260.491	0
24845	4.969	1.76167	1.6105	0.401429	260.823	0
24850	4.97	1.76167	1.6105	0.401429	261.229	0
24855	4.971	1.76167	1.6105	0.401429	261.395	0
24860	4.972	1.76167	1.6105	0.401429	261.781	0
24865	4.973	1.76167	1.6105	0.401429	262.221	0
24870	4.974	1.76167	1.6105	0.401429	265.759	0
24875	4.975	1.76167	1.6105	0.401429	265.324	0
24880	4.976	1.76167	1.6105	0.401429	264.825	0
24885	4.977	1.76167	1.6105	0.401429	264.284	0
24890	4.978	1.76167	1.6105	0.401429	263.609	0
24895	4.979	1.76167	1.6105	0.401429	263.575	0
24900	4.98	1.76167	1.6105	0.401429	263.569	0
24905	4.981	1.76167	1.6105	0.401429	266.995	0
24910	4.982	1.76167	1.6105	0.401429	266.278	0
24915	4.983	1.76167	1.6105	0.401429	265.389	0
24920	4.984	1.76167	1.6105	0.401429	264.565	0
24925	4.985	1.76167	1.6105	0.401429	264.113	0
24930	4.986	1.76167	1.6105	0.401429	264.025	0
24935	4.987	1.76167	1.6105	0.401429	264.096	0
24940	4.988	1.76167	1.6105	0.401429	264.253	0
24945	4.989	1.76167	1.6105	0.401429	263.219	0
24950	4.99	1.76167	1.6105	0.401429	262.521	0
24955	4.991	1.76167	1.6105	0.401429	261.851	0
24960	4.992	1.76167	1.6105	0.401429	261.822	0
24965	4.993	1.76167	1.6105	0.401429	261.937	0
24970	4.994	1.76167	1.6105	0.401429	262.422	0
24975	4.995	1.76167	1.6105	0.401429	262.074	0
24980	4.996	1.76167	1.6105	0.401429	261.305	0
24985	4.997	1.76167	1.6105	0.401429	260.784	0
24990	4.998	1.76167	1.6105	0.401429	260.495	0
24995	4.999	1.76167	1.6105	0.401429	260.724	0
25000	5	1.76167	1.6105	0.401429	260.943	0
25005	5.001	0	0	0	0	0
25010	5.002	0	0	0	0	0
25015	5.003	0	0	0	0	0
25020	5.004	0	0	0	0	0
25025	5.005	0	0	0	0	0
25030	5.006	0	0	0	0	0
25035	5.007	0	0	0	0	0
25040	5.008	0	0	0	0	0
25045	5.009	0	0	0	0	0
