=== w2lvar stage 1 +30 Sat Sep 26 00:39:42 PDT 2026 ===
[w2lvar] pinned AARL_NET=w2lvar AARL_NPZ=spinal_run_w2lvar.npz DB=sqlite:///optuna_w2lvar.db
fitted baseline loaded: e2_pf=0.222 f1_df=0.098 f1_kf=0.148 post_kneext=0.011 post_hipext=0.068 desc_f=1.400 e2_adapt=1.700
start pose (normal): applied 20 coordinates as given; pelvis ty 0.920 m (env override unset); IMU-metric torso lean -0.0 deg (+ = back)
standing solve: nnls x in [0.00, 0.70], >0.1: 14 muscles
  top: add_long_l=0.70, tib_ant_r=0.61, tib_ant_l=0.46, ext_dig_r=0.37, glut_min1_l=0.33, pect_l=0.32, glut_min2_l=0.31, ext_dig_l=0.25
Fmax range: 5..3396 N | L range sample: [0.229942 0.326094]
t=  1.00 max|qacc|=     205.2 max|qvel|=   2.27 ncon=  0 com_z=0.998 com_x=-0.211
t=  1.50 max|qacc|=      47.6 max|qvel|=   2.64 ncon=  0 com_z=0.952 com_x=-0.187
t=  2.00 max|qacc|=     409.6 max|qvel|=   1.36 ncon=  0 com_z=0.963 com_x=-0.193
t=  2.50 max|qacc|=      20.8 max|qvel|=   1.14 ncon=  0 com_z=0.958 com_x=-0.190
t=  3.00 max|qacc|=      26.4 max|qvel|=   0.74 ncon=  0 com_z=0.958 com_x=-0.189
t=  3.50 max|qacc|=     103.7 max|qvel|=   0.52 ncon=  0 com_z=0.958 com_x=-0.192
t=  4.00 max|qacc|=     140.4 max|qvel|=   0.52 ncon=  0 com_z=0.955 com_x=-0.189
t=  4.50 max|qacc|=      80.9 max|qvel|=   0.33 ncon=  0 com_z=0.957 com_x=-0.191
t=  5.00 max|qacc|=     135.5 max|qvel|=   2.66 ncon=  0 com_z=0.979 com_x=-0.050
t=  5.50 max|qacc|=     168.4 max|qvel|=   2.03 ncon=  0 com_z=0.959 com_x=-0.184
t=  6.00 max|qacc|=     350.0 max|qvel|=   6.18 ncon=  0 com_z=0.956 com_x=-0.086
t=  6.50 max|qacc|=     174.8 max|qvel|=   2.68 ncon=  0 com_z=0.958 com_x=-0.180
t=  7.00 max|qacc|=     311.6 max|qvel|=   5.88 ncon=  0 com_z=0.953 com_x=-0.089
t=  7.50 max|qacc|=     119.8 max|qvel|=   3.26 ncon=  0 com_z=0.961 com_x=-0.183
t=  8.00 max|qacc|=     203.5 max|qvel|=   5.53 ncon=  0 com_z=0.954 com_x=-0.084
t=  8.50 max|qacc|=     131.4 max|qvel|=   3.16 ncon=  0 com_z=0.965 com_x=-0.187
t=  9.00 max|qacc|=     208.7 max|qvel|=   5.19 ncon=  0 com_z=0.955 com_x=-0.078
t=  9.50 max|qacc|=     133.9 max|qvel|=   3.22 ncon=  0 com_z=0.969 com_x=-0.191
t= 10.00 max|qacc|=     234.9 max|qvel|=   4.89 ncon=  0 com_z=0.957 com_x=-0.072
t= 10.50 max|qacc|=     160.7 max|qvel|=   2.90 ncon=  0 com_z=0.973 com_x=-0.195
t= 11.00 max|qacc|=     154.3 max|qvel|=   4.61 ncon=  0 com_z=0.959 com_x=-0.066
t= 11.50 max|qacc|=     148.6 max|qvel|=   2.60 ncon=  0 com_z=0.977 com_x=-0.199
t= 12.00 max|qacc|=     191.4 max|qvel|=   4.25 ncon=  0 com_z=0.960 com_x=-0.061
t= 12.50 max|qacc|=     252.4 max|qvel|=   2.42 ncon=  0 com_z=0.980 com_x=-0.202
t= 13.00 max|qacc|=     166.7 max|qvel|=   3.86 ncon=  0 com_z=0.961 com_x=-0.056
t= 13.50 max|qacc|=     154.5 max|qvel|=   2.98 ncon=  0 com_z=0.983 com_x=-0.205
t= 14.00 max|qacc|=     142.8 max|qvel|=   3.56 ncon=  0 com_z=0.962 com_x=-0.052
t= 14.50 max|qacc|=     462.0 max|qvel|=   2.01 ncon=  0 com_z=0.986 com_x=-0.208
t= 15.00 max|qacc|=     132.0 max|qvel|=   3.24 ncon=  0 com_z=0.963 com_x=-0.049
t= 15.50 max|qacc|=     412.7 max|qvel|=   1.63 ncon=  0 com_z=0.990 com_x=-0.211
t= 16.00 max|qacc|=     170.0 max|qvel|=   1.74 ncon=  0 com_z=0.949 com_x=-0.184
t= 16.50 max|qacc|=     103.7 max|qvel|=   0.91 ncon=  0 com_z=0.958 com_x=-0.192
t= 17.00 max|qacc|=      60.4 max|qvel|=   0.67 ncon=  0 com_z=0.958 com_x=-0.191
t= 17.50 max|qacc|=    1145.4 max|qvel|=   0.75 ncon=  0 com_z=0.956 com_x=-0.190
t= 18.00 max|qacc|=      76.6 max|qvel|=   0.50 ncon=  0 com_z=0.958 com_x=-0.191
t= 18.50 max|qacc|=     113.6 max|qvel|=   0.38 ncon=  0 com_z=0.956 com_x=-0.188
t= 19.00 max|qacc|=     210.0 max|qvel|=   1.93 ncon=  0 com_z=0.957 com_x=-0.191
t= 19.50 max|qacc|=      38.4 max|qvel|=   0.32 ncon=  0 com_z=0.956 com_x=-0.189
t= 20.00 max|qacc|=     162.8 max|qvel|=   0.41 ncon=  0 com_z=0.957 com_x=-0.190
t= 20.50 max|qacc|=     124.1 max|qvel|=   2.31 ncon=  0 com_z=0.956 com_x=-0.190
t= 21.00 max|qacc|=      42.8 max|qvel|=   0.20 ncon=  0 com_z=0.957 com_x=-0.190
t= 21.50 max|qacc|=      14.5 max|qvel|=   0.21 ncon=  0 com_z=0.956 com_x=-0.189
t= 22.00 max|qacc|=      22.6 max|qvel|=   0.29 ncon=  0 com_z=0.956 com_x=-0.190
t= 22.50 max|qacc|=     557.1 max|qvel|=   1.92 ncon=  0 com_z=0.957 com_x=-0.189
t= 23.00 max|qacc|=     118.2 max|qvel|=   2.29 ncon=  0 com_z=0.957 com_x=-0.190
t= 23.50 max|qacc|=     128.8 max|qvel|=   0.82 ncon=  0 com_z=0.956 com_x=-0.190
t= 24.00 max|qacc|=     946.4 max|qvel|=   0.92 ncon=  0 com_z=0.957 com_x=-0.189
t= 24.50 max|qacc|=      88.3 max|qvel|=   0.47 ncon=  0 com_z=0.956 com_x=-0.189
t= 25.00 max|qacc|=      38.7 max|qvel|=   0.27 ncon=  0 com_z=0.956 com_x=-0.190
t= 25.50 max|qacc|=      85.2 max|qvel|=   0.25 ncon=  0 com_z=0.957 com_x=-0.189
t= 26.00 max|qacc|=      30.1 max|qvel|=   0.23 ncon=  0 com_z=0.956 com_x=-0.190
t= 26.50 max|qacc|=      21.0 max|qvel|=   0.21 ncon=  0 com_z=0.956 com_x=-0.190
t= 27.00 max|qacc|=     280.7 max|qvel|=   2.88 ncon=  0 com_z=0.957 com_x=-0.189
t= 27.50 max|qacc|=     173.1 max|qvel|=   0.24 ncon=  0 com_z=0.956 com_x=-0.190
t= 28.00 max|qacc|=      87.0 max|qvel|=   0.86 ncon=  0 com_z=0.957 com_x=-0.190
t= 28.50 max|qacc|=     541.8 max|qvel|=   0.59 ncon=  0 com_z=0.957 com_x=-0.189
t= 29.00 max|qacc|=     359.5 max|qvel|=   0.36 ncon=  0 com_z=0.956 com_x=-0.190
t= 29.50 max|qacc|=     201.9 max|qvel|=   0.29 ncon=  0 com_z=0.957 com_x=-0.189
t= 30.00 max|qacc|=      38.2 max|qvel|=   0.17 ncon=  0 com_z=0.957 com_x=-0.189
t= 30.50 max|qacc|=      23.9 max|qvel|=   0.21 ncon=  0 com_z=0.956 com_x=-0.190

== summary ==
pelvis/COM height: start 0.94 m, min 0.92 m, final 0.96 m  (stayed up)
COM x: min -0.22 max -0.04 final -0.19 m
COM y: min -0.040 max +0.004 m
RG_F_r bursts during walk window: 10
RG_r: cycles in window 10, period 0.99 s (1.01 Hz), E-duty 0.39
RG_l: cycles in window 10, period 0.99 s (1.01 Hz), E-duty 0.39
peak ctrl: [1.   1.   1.   0.82 0.29 0.79 0.82 0.99 0.25 1.   1.   1.   1.   0.77
 0.29 0.79 0.75 0.99 0.25 1.  ] (('vas_lat_r', 'med_gas_r', 'soleus_r', 'tib_ant_r', 'psoas_r', 'semimem_r', 'glut_max2_r', 'rect_fem_r', 'sar_r', 'grac_r', 'vas_lat_l', 'med_gas_l', 'soleus_l', 'tib_ant_l', 'psoas_l', 'semimem_l', 'glut_max2_l', 'rect_fem_l', 'sar_l', 'grac_l'))
  hip_flexion_r        -54.9 ..    64.1 deg
  knee_angle_r         -79.8 ..    12.7 deg
  ankle_angle_r        -86.1 ..    51.9 deg
  hip_adduction_r      -38.3 ..     2.6 deg
  subtalar_angle_r      -8.0 ..    13.7 deg
  hip_flexion_l        -54.1 ..    73.7 deg
  knee_angle_l         -82.9 ..    12.5 deg
  ankle_angle_l        -88.4 ..    53.2 deg
  hip_adduction_l      -47.3 ..     2.7 deg
  subtalar_angle_l      -8.9 ..    13.6 deg
  pelvis_tilt           -2.4 ..     1.2 deg
  pelvis_list           -0.6 ..    -0.1 deg
  pelvis_rotation        2.2 ..     2.8 deg
saved spinal_run.npz
(plot skipped: 'PF_E2_r')
[w2lvar] npz columns verified: neuro_names=['DRIVE', 'POSTURE', 'RG_E_r', 'RG_F_r', 'RG_E_l', 'RG_F_l', 'PF_HIP-E_r', 'PF_KNEE-E_r', 'PF_KNEE-F_r', 'PF_ANK-F_r', 'BAL_TRK_FLX', 'BAL_TRK_EXT', 'BAL_LAT_R', 'BAL_LAT_L'] -> RG_E_r idx 2; key_joints -> knee_angle_r idx 4
fitted baseline loaded: e2_pf=0.222 f1_df=0.098 f1_kf=0.148 post_kneext=0.011 post_hipext=0.068 desc_f=1.400 e2_adapt=1.700
start pose (normal): applied 20 coordinates as given; pelvis ty 0.920 m (env override unset); IMU-metric torso lean -0.0 deg (+ = back)
standing solve: nnls x in [0.00, 0.70], >0.1: 14 muscles
  top: add_long_l=0.70, tib_ant_r=0.61, tib_ant_l=0.46, ext_dig_r=0.37, glut_min1_l=0.33, pect_l=0.32, glut_min2_l=0.31, ext_dig_l=0.25
Fmax range: 5..3396 N | L range sample: [0.229942 0.326094]
t=  1.00 max|qacc|=     190.7 max|qvel|=   2.50 ncon=  0 com_z=0.997 com_x=-0.211
t=  1.50 max|qacc|=      27.4 max|qvel|=   2.63 ncon=  0 com_z=0.952 com_x=-0.187
t=  2.00 max|qacc|=      89.3 max|qvel|=   1.45 ncon=  0 com_z=0.963 com_x=-0.193
t=  2.50 max|qacc|=      30.7 max|qvel|=   1.19 ncon=  0 com_z=0.958 com_x=-0.190
t=  3.00 max|qacc|=      41.1 max|qvel|=   0.75 ncon=  0 com_z=0.957 com_x=-0.188
t=  3.50 max|qacc|=     458.7 max|qvel|=   3.40 ncon=  0 com_z=0.958 com_x=-0.192
t=  4.00 max|qacc|=      97.7 max|qvel|=   0.46 ncon=  0 com_z=0.954 com_x=-0.189
t=  4.50 max|qacc|=      40.6 max|qvel|=   9.54 ncon=  0 com_z=0.952 com_x=-0.181
t=  5.00 max|qacc|=     196.2 max|qvel|=  16.66 ncon=  0 com_z=0.931 com_x=-0.068
t=  5.50 max|qacc|=    1184.5 max|qvel|=   7.65 ncon=  0 com_z=0.960 com_x=-0.184
t=  6.00 max|qacc|=      84.5 max|qvel|=   8.61 ncon=  0 com_z=0.955 com_x=-0.176
t=  6.50 max|qacc|=      87.9 max|qvel|=   6.39 ncon=  0 com_z=0.956 com_x=-0.175
t=  7.00 max|qacc|=     233.7 max|qvel|=   3.65 ncon=  0 com_z=0.933 com_x=-0.141
t=  7.50 max|qacc|=      87.9 max|qvel|=   2.40 ncon=  0 com_z=0.935 com_x=-0.130
t=  8.00 max|qacc|=     280.2 max|qvel|=  13.30 ncon=  0 com_z=0.933 com_x=-0.113
t=  8.50 max|qacc|=     180.4 max|qvel|=  16.76 ncon=  0 com_z=0.932 com_x=-0.137
t=  9.00 max|qacc|=     514.0 max|qvel|=   7.57 ncon=  0 com_z=0.939 com_x=-0.158
t=  9.50 max|qacc|=      74.8 max|qvel|=  10.00 ncon=  0 com_z=0.949 com_x=-0.176
t= 10.00 max|qacc|=      38.1 max|qvel|=   6.28 ncon=  0 com_z=0.951 com_x=-0.173
t= 10.50 max|qacc|=     118.7 max|qvel|=   6.79 ncon=  0 com_z=0.940 com_x=-0.153
t= 11.00 max|qacc|=     564.7 max|qvel|=   3.05 ncon=  0 com_z=0.932 com_x=-0.130
t= 11.50 max|qacc|=     524.3 max|qvel|=   7.49 ncon=  0 com_z=0.933 com_x=-0.116
t= 12.00 max|qacc|=    1580.2 max|qvel|=  12.17 ncon=  0 com_z=0.934 com_x=-0.129
t= 12.50 max|qacc|=     700.9 max|qvel|=   6.31 ncon=  0 com_z=0.937 com_x=-0.152
t= 13.00 max|qacc|=      65.6 max|qvel|=  10.89 ncon=  0 com_z=0.947 com_x=-0.173
t= 13.50 max|qacc|=      60.2 max|qvel|=   6.79 ncon=  0 com_z=0.952 com_x=-0.176
t= 14.00 max|qacc|=      52.3 max|qvel|=   7.73 ncon=  0 com_z=0.944 com_x=-0.160
t= 14.50 max|qacc|=     130.4 max|qvel|=   2.48 ncon=  0 com_z=0.934 com_x=-0.136
t= 15.00 max|qacc|=    1098.1 max|qvel|=   2.63 ncon=  0 com_z=0.933 com_x=-0.118
t= 15.50 max|qacc|=     339.3 max|qvel|=  13.16 ncon=  0 com_z=0.944 com_x=-0.102
t= 16.00 max|qacc|=     500.1 max|qvel|=   2.39 ncon=  0 com_z=0.981 com_x=-0.213
t= 16.50 max|qacc|=     374.0 max|qvel|=   3.37 ncon=  0 com_z=0.955 com_x=-0.187
t= 17.00 max|qacc|=      45.2 max|qvel|=   0.48 ncon=  0 com_z=0.954 com_x=-0.187
t= 17.50 max|qacc|=     838.5 max|qvel|=   0.61 ncon=  0 com_z=0.959 com_x=-0.192
t= 18.00 max|qacc|=      26.9 max|qvel|=   0.32 ncon=  0 com_z=0.954 com_x=-0.189
t= 18.50 max|qacc|=      55.9 max|qvel|=   0.32 ncon=  0 com_z=0.959 com_x=-0.190
t= 19.00 max|qacc|=     412.6 max|qvel|=   2.40 ncon=  0 com_z=0.955 com_x=-0.188
t= 19.50 max|qacc|=     105.3 max|qvel|=   0.27 ncon=  0 com_z=0.957 com_x=-0.191
t= 20.00 max|qacc|=      75.1 max|qvel|=   0.52 ncon=  0 com_z=0.956 com_x=-0.188
t= 20.50 max|qacc|=     901.9 max|qvel|=   0.29 ncon=  0 com_z=0.957 com_x=-0.190
t= 21.00 max|qacc|=      58.8 max|qvel|=   0.22 ncon=  0 com_z=0.956 com_x=-0.190
t= 21.50 max|qacc|=     444.6 max|qvel|=   4.06 ncon=  0 com_z=0.957 com_x=-0.189
t= 22.00 max|qacc|=      80.7 max|qvel|=   0.36 ncon=  0 com_z=0.956 com_x=-0.189
t= 22.50 max|qacc|=     112.1 max|qvel|=   1.81 ncon=  0 com_z=0.957 com_x=-0.190
t= 23.00 max|qacc|=     205.9 max|qvel|=   2.45 ncon=  0 com_z=0.956 com_x=-0.189
t= 23.50 max|qacc|=      82.4 max|qvel|=   0.14 ncon=  0 com_z=0.956 com_x=-0.189
t= 24.00 max|qacc|=      36.4 max|qvel|=   0.26 ncon=  0 com_z=0.956 com_x=-0.190
t= 24.50 max|qacc|=     201.6 max|qvel|=   1.00 ncon=  0 com_z=0.957 com_x=-0.189
t= 25.00 max|qacc|=     193.9 max|qvel|=   0.93 ncon=  0 com_z=0.956 com_x=-0.189
t= 25.50 max|qacc|=     951.5 max|qvel|=   2.85 ncon=  0 com_z=0.956 com_x=-0.190
t= 26.00 max|qacc|=     144.1 max|qvel|=   0.63 ncon=  0 com_z=0.957 com_x=-0.189
t= 26.50 max|qacc|=      19.4 max|qvel|=   0.21 ncon=  0 com_z=0.956 com_x=-0.189
t= 27.00 max|qacc|=      18.0 max|qvel|=   0.26 ncon=  0 com_z=0.956 com_x=-0.190
t= 27.50 max|qacc|=      41.0 max|qvel|=   0.23 ncon=  0 com_z=0.957 com_x=-0.189
t= 28.00 max|qacc|=     492.4 max|qvel|=   0.73 ncon=  0 com_z=0.956 com_x=-0.189
t= 28.50 max|qacc|=      21.1 max|qvel|=   0.27 ncon=  0 com_z=0.956 com_x=-0.190
t= 29.00 max|qacc|=      46.7 max|qvel|=   0.28 ncon=  0 com_z=0.957 com_x=-0.189
t= 29.50 max|qacc|=     183.3 max|qvel|=   0.38 ncon=  0 com_z=0.956 com_x=-0.189
t= 30.00 max|qacc|=      27.3 max|qvel|=   0.26 ncon=  0 com_z=0.956 com_x=-0.190
t= 30.50 max|qacc|=      71.2 max|qvel|=   0.18 ncon=  0 com_z=0.957 com_x=-0.189

== summary ==
pelvis/COM height: start 0.94 m, min 0.92 m, final 0.96 m  (stayed up)
COM x: min -0.21 max -0.04 final -0.19 m
COM y: min -0.040 max +0.006 m
RG_F_r bursts during walk window: 17
RG_r: cycles in window 17, period 0.58 s (1.72 Hz), E-duty 0.44
RG_l: cycles in window 17, period 0.58 s (1.72 Hz), E-duty 0.44
peak ctrl: [1.   1.   1.   0.8  0.41 0.79 0.82 0.99 0.34 1.   1.   1.   1.   0.79
 0.41 0.79 0.74 0.99 0.33 1.  ] (('vas_lat_r', 'med_gas_r', 'soleus_r', 'tib_ant_r', 'psoas_r', 'semimem_r', 'glut_max2_r', 'rect_fem_r', 'sar_r', 'grac_r', 'vas_lat_l', 'med_gas_l', 'soleus_l', 'tib_ant_l', 'psoas_l', 'semimem_l', 'glut_max2_l', 'rect_fem_l', 'sar_l', 'grac_l'))
  hip_flexion_r        -54.0 ..    56.9 deg
  knee_angle_r         -78.6 ..    12.5 deg
  ankle_angle_r        -85.5 ..    51.8 deg
  hip_adduction_r      -40.7 ..    13.6 deg
  subtalar_angle_r      -6.7 ..    12.1 deg
  hip_flexion_l        -53.3 ..    73.8 deg
  knee_angle_l         -83.0 ..    12.3 deg
  ankle_angle_l        -87.8 ..    53.3 deg
  hip_adduction_l      -47.1 ..    13.1 deg
  subtalar_angle_l      -8.2 ..    13.3 deg
  pelvis_tilt           -2.6 ..     1.9 deg
  pelvis_list           -0.6 ..    -0.1 deg
  pelvis_rotation        2.2 ..     2.8 deg
saved spinal_run.npz
(plot skipped: 'PF_E2_r')
fitted baseline loaded: e2_pf=0.222 f1_df=0.098 f1_kf=0.148 post_kneext=0.011 post_hipext=0.068 desc_f=1.400 e2_adapt=1.700
start pose (normal): applied 20 coordinates as given; pelvis ty 0.920 m (env override unset); IMU-metric torso lean -0.0 deg (+ = back)
standing solve: nnls x in [0.00, 0.70], >0.1: 14 muscles
  top: add_long_l=0.70, tib_ant_r=0.61, tib_ant_l=0.46, ext_dig_r=0.37, glut_min1_l=0.33, pect_l=0.32, glut_min2_l=0.31, ext_dig_l=0.25
Fmax range: 5..3396 N | L range sample: [0.229942 0.326094]
t=  1.00 max|qacc|=      74.7 max|qvel|=   2.23 ncon=  0 com_z=0.998 com_x=-0.211
t=  1.50 max|qacc|=     107.0 max|qvel|=   2.61 ncon=  0 com_z=0.952 com_x=-0.187
t=  2.00 max|qacc|=      49.8 max|qvel|=   1.41 ncon=  0 com_z=0.963 com_x=-0.193
t=  2.50 max|qacc|=      60.3 max|qvel|=   1.17 ncon=  0 com_z=0.957 com_x=-0.190
t=  3.00 max|qacc|=     252.0 max|qvel|=   1.43 ncon=  0 com_z=0.957 com_x=-0.188
t=  3.50 max|qacc|=      62.6 max|qvel|=   0.47 ncon=  0 com_z=0.959 com_x=-0.192
t=  4.00 max|qacc|=     465.4 max|qvel|=   0.65 ncon=  0 com_z=0.954 com_x=-0.188
t=  4.50 max|qacc|=      58.6 max|qvel|=   8.83 ncon=  0 com_z=0.954 com_x=-0.186
t=  5.00 max|qacc|=     147.7 max|qvel|=  17.54 ncon=  0 com_z=0.936 com_x=-0.058
t=  5.50 max|qacc|=      82.3 max|qvel|=  11.62 ncon=  0 com_z=0.967 com_x=-0.197
t=  6.00 max|qacc|=      53.8 max|qvel|=   6.42 ncon=  0 com_z=0.958 com_x=-0.178
t=  6.50 max|qacc|=     131.5 max|qvel|=   6.97 ncon=  0 com_z=0.952 com_x=-0.166
t=  7.00 max|qacc|=      53.6 max|qvel|=   2.77 ncon=  0 com_z=0.928 com_x=-0.126
t=  7.50 max|qacc|=     674.4 max|qvel|=   4.94 ncon=  0 com_z=0.936 com_x=-0.124
t=  8.00 max|qacc|=    1441.1 max|qvel|=  16.95 ncon=  0 com_z=0.932 com_x=-0.131
t=  8.50 max|qacc|=     445.9 max|qvel|=   8.91 ncon=  0 com_z=0.940 com_x=-0.164
t=  9.00 max|qacc|=      78.6 max|qvel|=   9.15 ncon=  0 com_z=0.952 com_x=-0.179
t=  9.50 max|qacc|=      64.3 max|qvel|=   6.32 ncon=  0 com_z=0.951 com_x=-0.174
t= 10.00 max|qacc|=     141.2 max|qvel|=   2.43 ncon=  0 com_z=0.938 com_x=-0.148
t= 10.50 max|qacc|=      77.4 max|qvel|=   2.41 ncon=  0 com_z=0.932 com_x=-0.125
t= 11.00 max|qacc|=     231.1 max|qvel|=  15.31 ncon=  0 com_z=0.934 com_x=-0.121
t= 11.50 max|qacc|=     389.0 max|qvel|=  14.94 ncon=  0 com_z=0.934 com_x=-0.145
t= 12.00 max|qacc|=      26.1 max|qvel|=  11.32 ncon=  0 com_z=0.945 com_x=-0.172
t= 12.50 max|qacc|=      89.9 max|qvel|=   7.27 ncon=  0 com_z=0.954 com_x=-0.180
t= 13.00 max|qacc|=      40.0 max|qvel|=   7.68 ncon=  0 com_z=0.946 com_x=-0.165
t= 13.50 max|qacc|=      52.8 max|qvel|=   2.50 ncon=  0 com_z=0.934 com_x=-0.138
t= 14.00 max|qacc|=     652.7 max|qvel|=   3.37 ncon=  0 com_z=0.933 com_x=-0.120
t= 14.50 max|qacc|=     413.5 max|qvel|=  13.40 ncon=  0 com_z=0.935 com_x=-0.130
t= 15.00 max|qacc|=     792.5 max|qvel|=   6.72 ncon=  0 com_z=0.938 com_x=-0.155
t= 15.50 max|qacc|=      66.9 max|qvel|=   9.88 ncon=  0 com_z=0.957 com_x=-0.187
t= 16.00 max|qacc|=     277.5 max|qvel|=  13.14 ncon=  0 com_z=0.954 com_x=-0.049
t= 16.50 max|qacc|=      49.5 max|qvel|=   2.64 ncon=  0 com_z=0.994 com_x=-0.220
t= 17.00 max|qacc|=      33.6 max|qvel|=   0.95 ncon=  0 com_z=0.948 com_x=-0.186
t= 17.50 max|qacc|=      87.4 max|qvel|=   0.71 ncon=  0 com_z=0.967 com_x=-0.194
t= 18.00 max|qacc|=      54.0 max|qvel|=   0.61 ncon=  0 com_z=0.951 com_x=-0.187
t= 18.50 max|qacc|=      40.5 max|qvel|=   0.51 ncon=  0 com_z=0.961 com_x=-0.193
t= 19.00 max|qacc|=      47.6 max|qvel|=   0.39 ncon=  0 com_z=0.955 com_x=-0.188
t= 19.50 max|qacc|=      14.8 max|qvel|=   0.31 ncon=  0 com_z=0.958 com_x=-0.190
t= 20.00 max|qacc|=      51.0 max|qvel|=   0.48 ncon=  0 com_z=0.956 com_x=-0.190
t= 20.50 max|qacc|=     129.6 max|qvel|=   0.57 ncon=  0 com_z=0.957 com_x=-0.189
t= 21.00 max|qacc|=     171.7 max|qvel|=   0.26 ncon=  0 com_z=0.956 com_x=-0.189
t= 21.50 max|qacc|=      58.9 max|qvel|=   1.02 ncon=  0 com_z=0.956 com_x=-0.190
t= 22.00 max|qacc|=     180.5 max|qvel|=   0.58 ncon=  0 com_z=0.957 com_x=-0.189
t= 22.50 max|qacc|=       9.8 max|qvel|=   0.17 ncon=  0 com_z=0.956 com_x=-0.189
t= 23.00 max|qacc|=      70.9 max|qvel|=   0.65 ncon=  0 com_z=0.956 com_x=-0.190
t= 23.50 max|qacc|=      83.6 max|qvel|=   0.22 ncon=  0 com_z=0.957 com_x=-0.189
t= 24.00 max|qacc|=      22.6 max|qvel|=   0.25 ncon=  0 com_z=0.956 com_x=-0.189
t= 24.50 max|qacc|=     129.8 max|qvel|=   2.09 ncon=  0 com_z=0.956 com_x=-0.190
t= 25.00 max|qacc|=     149.2 max|qvel|=   0.40 ncon=  0 com_z=0.957 com_x=-0.189
t= 25.50 max|qacc|=     125.0 max|qvel|=   0.15 ncon=  0 com_z=0.957 com_x=-0.189
t= 26.00 max|qacc|=     150.7 max|qvel|=   1.94 ncon=  0 com_z=0.956 com_x=-0.190
t= 26.50 max|qacc|=      37.9 max|qvel|=   0.39 ncon=  0 com_z=0.957 com_x=-0.189
t= 27.00 max|qacc|=      30.3 max|qvel|=   0.50 ncon=  0 com_z=0.956 com_x=-0.189
t= 27.50 max|qacc|=      89.1 max|qvel|=   0.26 ncon=  0 com_z=0.956 com_x=-0.190
t= 28.00 max|qacc|=     176.1 max|qvel|=   0.59 ncon=  0 com_z=0.957 com_x=-0.189
t= 28.50 max|qacc|=     118.9 max|qvel|=   0.12 ncon=  0 com_z=0.956 com_x=-0.189
t= 29.00 max|qacc|=      40.4 max|qvel|=   0.32 ncon=  0 com_z=0.956 com_x=-0.190
t= 29.50 max|qacc|=      44.0 max|qvel|=   0.31 ncon=  0 com_z=0.957 com_x=-0.189
t= 30.00 max|qacc|=      46.5 max|qvel|=   0.61 ncon=  0 com_z=0.956 com_x=-0.189
t= 30.50 max|qacc|=      21.5 max|qvel|=   0.23 ncon=  0 com_z=0.956 com_x=-0.190

== summary ==
pelvis/COM height: start 0.94 m, min 0.92 m, final 0.96 m  (stayed up)
COM x: min -0.22 max -0.04 final -0.19 m
COM y: min -0.040 max +0.006 m
RG_F_r bursts during walk window: 17
RG_r: cycles in window 17, period 0.59 s (1.70 Hz), E-duty 0.43
RG_l: cycles in window 17, period 0.59 s (1.70 Hz), E-duty 0.43
peak ctrl: [1.   1.   1.   0.83 0.41 0.79 0.81 0.99 0.34 1.   1.   1.   1.   0.82
 0.41 0.79 0.73 0.99 0.34 1.  ] (('vas_lat_r', 'med_gas_r', 'soleus_r', 'tib_ant_r', 'psoas_r', 'semimem_r', 'glut_max2_r', 'rect_fem_r', 'sar_r', 'grac_r', 'vas_lat_l', 'med_gas_l', 'soleus_l', 'tib_ant_l', 'psoas_l', 'semimem_l', 'glut_max2_l', 'rect_fem_l', 'sar_l', 'grac_l'))
  hip_flexion_r        -58.2 ..    64.5 deg
  knee_angle_r         -78.1 ..    12.5 deg
  ankle_angle_r        -83.9 ..    51.8 deg
  hip_adduction_r      -41.5 ..    14.4 deg
  subtalar_angle_r      -6.6 ..    12.1 deg
  hip_flexion_l        -60.6 ..    73.4 deg
  knee_angle_l         -82.4 ..    12.2 deg
  ankle_angle_l        -87.6 ..    53.3 deg
  hip_adduction_l      -46.9 ..    13.1 deg
  subtalar_angle_l      -8.3 ..    13.2 deg
  pelvis_tilt           -2.5 ..     1.9 deg
  pelvis_list           -0.6 ..    -0.1 deg
  pelvis_rotation        2.2 ..     2.8 deg
saved spinal_run.npz
(plot skipped: 'PF_E2_r')
fitted baseline loaded: e2_pf=0.222 f1_df=0.098 f1_kf=0.148 post_kneext=0.011 post_hipext=0.068 desc_f=1.400 e2_adapt=1.700
start pose (normal): applied 20 coordinates as given; pelvis ty 0.920 m (env override unset); IMU-metric torso lean -0.0 deg (+ = back)
standing solve: nnls x in [0.00, 0.70], >0.1: 14 muscles
  top: add_long_l=0.70, tib_ant_r=0.61, tib_ant_l=0.46, ext_dig_r=0.37, glut_min1_l=0.33, pect_l=0.32, glut_min2_l=0.31, ext_dig_l=0.25
Fmax range: 5..3396 N | L range sample: [0.229942 0.326094]
t=  1.00 max|qacc|=     135.6 max|qvel|=   2.25 ncon=  0 com_z=0.998 com_x=-0.211
t=  1.50 max|qacc|=      99.9 max|qvel|=   2.59 ncon=  0 com_z=0.952 com_x=-0.187
t=  2.00 max|qacc|=      28.2 max|qvel|=   1.41 ncon=  0 com_z=0.963 com_x=-0.193
t=  2.50 max|qacc|=      13.9 max|qvel|=   1.16 ncon=  0 com_z=0.957 com_x=-0.190
t=  3.00 max|qacc|=     337.0 max|qvel|=   0.83 ncon=  0 com_z=0.958 com_x=-0.188
t=  3.50 max|qacc|=     184.1 max|qvel|=   1.02 ncon=  0 com_z=0.958 com_x=-0.192
t=  4.00 max|qacc|=      33.1 max|qvel|=   0.57 ncon=  0 com_z=0.954 com_x=-0.189
t=  4.50 max|qacc|=      52.5 max|qvel|=   9.98 ncon=  0 com_z=0.950 com_x=-0.177
t=  5.00 max|qacc|=     392.2 max|qvel|=   6.14 ncon=  0 com_z=0.924 com_x=-0.110
t=  5.50 max|qacc|=      74.4 max|qvel|=   8.38 ncon=  0 com_z=0.947 com_x=-0.168
t=  6.00 max|qacc|=      46.1 max|qvel|=   7.20 ncon=  0 com_z=0.935 com_x=-0.145
t=  6.50 max|qacc|=     625.4 max|qvel|=   6.15 ncon=  0 com_z=0.944 com_x=-0.155
t=  7.00 max|qacc|=     278.8 max|qvel|=  11.56 ncon=  0 com_z=0.931 com_x=-0.135
t=  7.50 max|qacc|=     374.5 max|qvel|=   2.50 ncon=  0 com_z=0.933 com_x=-0.141
t=  8.00 max|qacc|=      56.4 max|qvel|=   7.80 ncon=  0 com_z=0.936 com_x=-0.148
t=  8.50 max|qacc|=      57.7 max|qvel|=   7.57 ncon=  0 com_z=0.940 com_x=-0.155
t=  9.00 max|qacc|=     675.3 max|qvel|=   4.95 ncon=  0 com_z=0.937 com_x=-0.146
t=  9.50 max|qacc|=     332.0 max|qvel|=  12.65 ncon=  0 com_z=0.933 com_x=-0.139
t= 10.00 max|qacc|=     212.5 max|qvel|=   1.56 ncon=  0 com_z=0.932 com_x=-0.139
t= 10.50 max|qacc|=      53.0 max|qvel|=   7.45 ncon=  0 com_z=0.937 com_x=-0.151
t= 11.00 max|qacc|=      57.0 max|qvel|=   7.93 ncon=  0 com_z=0.940 com_x=-0.154
t= 11.50 max|qacc|=     664.1 max|qvel|=   5.92 ncon=  0 com_z=0.936 com_x=-0.145
t= 12.00 max|qacc|=     335.8 max|qvel|=  13.57 ncon=  0 com_z=0.932 com_x=-0.137
t= 12.50 max|qacc|=     145.9 max|qvel|=   1.58 ncon=  0 com_z=0.932 com_x=-0.140
t= 13.00 max|qacc|=      52.1 max|qvel|=   7.08 ncon=  0 com_z=0.938 com_x=-0.152
t= 13.50 max|qacc|=      64.1 max|qvel|=   8.33 ncon=  0 com_z=0.940 com_x=-0.153
t= 14.00 max|qacc|=     601.1 max|qvel|=   8.38 ncon=  0 com_z=0.936 com_x=-0.145
t= 14.50 max|qacc|=     327.5 max|qvel|=  14.46 ncon=  0 com_z=0.931 com_x=-0.136
t= 15.00 max|qacc|=     307.2 max|qvel|=   4.09 ncon=  0 com_z=0.932 com_x=-0.142
t= 15.50 max|qacc|=     131.0 max|qvel|=   6.95 ncon=  0 com_z=0.939 com_x=-0.155
t= 16.00 max|qacc|=      76.4 max|qvel|=   0.62 ncon=  0 com_z=0.982 com_x=-0.049
t= 16.50 max|qacc|=      11.3 max|qvel|=   1.50 ncon=  0 com_z=0.955 com_x=-0.099
t= 17.00 max|qacc|=       8.4 max|qvel|=   0.90 ncon=  0 com_z=0.946 com_x=-0.096
t= 17.50 max|qacc|=      12.0 max|qvel|=   0.60 ncon=  0 com_z=0.947 com_x=-0.105
t= 18.00 max|qacc|=      12.1 max|qvel|=   0.35 ncon=  0 com_z=0.950 com_x=-0.103
t= 18.50 max|qacc|=       8.8 max|qvel|=   0.14 ncon=  0 com_z=0.950 com_x=-0.101
t= 19.00 max|qacc|=      14.0 max|qvel|=   0.12 ncon=  0 com_z=0.949 com_x=-0.102
t= 19.50 max|qacc|=      16.6 max|qvel|=   0.07 ncon=  0 com_z=0.949 com_x=-0.102
t= 20.00 max|qacc|=      16.4 max|qvel|=   0.08 ncon=  0 com_z=0.949 com_x=-0.102
t= 20.50 max|qacc|=      14.4 max|qvel|=   0.10 ncon=  0 com_z=0.949 com_x=-0.102
t= 21.00 max|qacc|=      11.7 max|qvel|=   0.11 ncon=  0 com_z=0.949 com_x=-0.102
t= 21.50 max|qacc|=       8.9 max|qvel|=   0.12 ncon=  0 com_z=0.949 com_x=-0.102
t= 22.00 max|qacc|=       7.7 max|qvel|=   0.12 ncon=  0 com_z=0.949 com_x=-0.102
t= 22.50 max|qacc|=       6.3 max|qvel|=   0.11 ncon=  0 com_z=0.949 com_x=-0.103
t= 23.00 max|qacc|=       4.8 max|qvel|=   0.10 ncon=  0 com_z=0.949 com_x=-0.102
t= 23.50 max|qacc|=       3.2 max|qvel|=   0.09 ncon=  0 com_z=0.949 com_x=-0.102
t= 24.00 max|qacc|=       3.1 max|qvel|=   0.07 ncon=  0 com_z=0.949 com_x=-0.102
t= 24.50 max|qacc|=       4.9 max|qvel|=   0.05 ncon=  0 com_z=0.949 com_x=-0.102
t= 25.00 max|qacc|=       6.5 max|qvel|=   0.04 ncon=  0 com_z=0.949 com_x=-0.102
t= 25.50 max|qacc|=       7.9 max|qvel|=   0.04 ncon=  0 com_z=0.949 com_x=-0.102
t= 26.00 max|qacc|=       9.0 max|qvel|=   0.04 ncon=  0 com_z=0.949 com_x=-0.102
t= 26.50 max|qacc|=       9.2 max|qvel|=   0.03 ncon=  0 com_z=0.949 com_x=-0.102
t= 27.00 max|qacc|=       8.5 max|qvel|=   0.04 ncon=  0 com_z=0.949 com_x=-0.102
t= 27.50 max|qacc|=       8.4 max|qvel|=   0.06 ncon=  0 com_z=0.949 com_x=-0.102
t= 28.00 max|qacc|=       8.2 max|qvel|=   0.07 ncon=  0 com_z=0.949 com_x=-0.102
t= 28.50 max|qacc|=       7.8 max|qvel|=   0.08 ncon=  0 com_z=0.949 com_x=-0.102
t= 29.00 max|qacc|=       7.7 max|qvel|=   0.08 ncon=  0 com_z=0.949 com_x=-0.102
t= 29.50 max|qacc|=       7.5 max|qvel|=   0.09 ncon=  0 com_z=0.949 com_x=-0.102
t= 30.00 max|qacc|=       7.3 max|qvel|=   0.09 ncon=  0 com_z=0.949 com_x=-0.102
t= 30.50 max|qacc|=       7.3 max|qvel|=   0.09 ncon=  0 com_z=0.949 com_x=-0.102

== summary ==
pelvis/COM height: start 0.94 m, min 0.92 m, final 0.95 m  (stayed up)
COM x: min -0.21 max -0.05 final -0.10 m
COM y: min -0.040 max +0.006 m
RG_F_r bursts during walk window: 24
RG_r: cycles in window 24, period 0.42 s (2.41 Hz), E-duty 0.43
RG_l: cycles in window 24, period 0.42 s (2.41 Hz), E-duty 0.43
peak ctrl: [1.   1.   1.   0.92 0.42 0.79 0.82 0.99 0.34 1.   1.   1.   1.   0.9
 0.42 0.79 0.74 0.99 0.34 1.  ] (('vas_lat_r', 'med_gas_r', 'soleus_r', 'tib_ant_r', 'psoas_r', 'semimem_r', 'glut_max2_r', 'rect_fem_r', 'sar_r', 'grac_r', 'vas_lat_l', 'med_gas_l', 'soleus_l', 'tib_ant_l', 'psoas_l', 'semimem_l', 'glut_max2_l', 'rect_fem_l', 'sar_l', 'grac_l'))
  hip_flexion_r        -50.1 ..    54.3 deg
  knee_angle_r         -74.4 ..    12.6 deg
  ankle_angle_r        -84.2 ..    52.2 deg
  hip_adduction_r      -38.8 ..    11.3 deg
  subtalar_angle_r      -6.4 ..    16.3 deg
  hip_flexion_l        -53.0 ..    73.8 deg
  knee_angle_l         -79.7 ..    11.8 deg
  ankle_angle_l        -86.6 ..    53.6 deg
  hip_adduction_l      -47.1 ..     7.4 deg
  subtalar_angle_l      -7.9 ..    15.3 deg
  pelvis_tilt           -2.7 ..     1.3 deg
  pelvis_list           -0.7 ..    -0.1 deg
  pelvis_rotation        2.2 ..     2.8 deg
saved spinal_run.npz
(plot skipped: 'PF_E2_r')
fitted baseline loaded: e2_pf=0.222 f1_df=0.098 f1_kf=0.148 post_kneext=0.011 post_hipext=0.068 desc_f=1.400 e2_adapt=1.700
start pose (normal): applied 20 coordinates as given; pelvis ty 0.920 m (env override unset); IMU-metric torso lean -0.0 deg (+ = back)
standing solve: nnls x in [0.00, 0.70], >0.1: 14 muscles
  top: add_long_l=0.70, tib_ant_r=0.61, tib_ant_l=0.46, ext_dig_r=0.37, glut_min1_l=0.33, pect_l=0.32, glut_min2_l=0.31, ext_dig_l=0.25
Fmax range: 5..3396 N | L range sample: [0.229942 0.326094]
t=  1.00 max|qacc|=      69.4 max|qvel|=   2.23 ncon=  0 com_z=0.998 com_x=-0.211
t=  1.50 max|qacc|=      52.1 max|qvel|=   2.64 ncon=  0 com_z=0.952 com_x=-0.187
t=  2.00 max|qacc|=     474.8 max|qvel|=   1.56 ncon=  0 com_z=0.963 com_x=-0.193
t=  2.50 max|qacc|=      55.8 max|qvel|=   1.16 ncon=  0 com_z=0.957 com_x=-0.190
t=  3.00 max|qacc|=     208.1 max|qvel|=   0.86 ncon=  0 com_z=0.957 com_x=-0.188
t=  3.50 max|qacc|=      31.5 max|qvel|=   0.62 ncon=  0 com_z=0.959 com_x=-0.192
t=  4.00 max|qacc|=     182.7 max|qvel|=   0.44 ncon=  0 com_z=0.954 com_x=-0.189
t=  4.50 max|qacc|=     135.8 max|qvel|=   0.65 ncon=  0 com_z=0.957 com_x=-0.191
t=  5.00 max|qacc|=     259.0 max|qvel|=   7.10 ncon=  0 com_z=0.930 com_x=-0.084
t=  5.50 max|qacc|=     260.1 max|qvel|=   2.17 ncon=  0 com_z=0.944 com_x=-0.175
t=  6.00 max|qacc|=     190.9 max|qvel|=   7.58 ncon=  0 com_z=0.931 com_x=-0.144
t=  6.50 max|qacc|=      37.4 max|qvel|=   6.37 ncon=  0 com_z=0.948 com_x=-0.170
t=  7.00 max|qacc|=     530.3 max|qvel|=   3.22 ncon=  0 com_z=0.938 com_x=-0.157
t=  7.50 max|qacc|=     513.2 max|qvel|=   9.03 ncon=  0 com_z=0.939 com_x=-0.155
t=  8.00 max|qacc|=     337.3 max|qvel|=   6.57 ncon=  0 com_z=0.931 com_x=-0.144
t=  8.50 max|qacc|=     587.5 max|qvel|=   1.40 ncon=  0 com_z=0.934 com_x=-0.150
t=  9.00 max|qacc|=      86.4 max|qvel|=   7.58 ncon=  0 com_z=0.938 com_x=-0.157
t=  9.50 max|qacc|=      41.1 max|qvel|=   6.35 ncon=  0 com_z=0.943 com_x=-0.164
t= 10.00 max|qacc|=     580.0 max|qvel|=   3.77 ncon=  0 com_z=0.939 com_x=-0.158
t= 10.50 max|qacc|=     573.0 max|qvel|=  12.69 ncon=  0 com_z=0.935 com_x=-0.150
t= 11.00 max|qacc|=     278.8 max|qvel|=   2.12 ncon=  0 com_z=0.932 com_x=-0.145
t= 11.50 max|qacc|=     173.4 max|qvel|=   1.35 ncon=  0 com_z=0.934 com_x=-0.151
t= 12.00 max|qacc|=      64.4 max|qvel|=   7.35 ncon=  0 com_z=0.940 com_x=-0.160
t= 12.50 max|qacc|=      44.6 max|qvel|=   6.71 ncon=  0 com_z=0.943 com_x=-0.164
t= 13.00 max|qacc|=     646.7 max|qvel|=   5.59 ncon=  0 com_z=0.938 com_x=-0.157
t= 13.50 max|qacc|=     412.5 max|qvel|=  12.65 ncon=  0 com_z=0.933 com_x=-0.148
t= 14.00 max|qacc|=     399.1 max|qvel|=   1.89 ncon=  0 com_z=0.931 com_x=-0.146
t= 14.50 max|qacc|=     294.0 max|qvel|=   3.21 ncon=  0 com_z=0.935 com_x=-0.153
t= 15.00 max|qacc|=      66.0 max|qvel|=   7.09 ncon=  0 com_z=0.942 com_x=-0.162
t= 15.50 max|qacc|=      64.7 max|qvel|=   7.34 ncon=  0 com_z=0.948 com_x=-0.173
t= 16.00 max|qacc|=     104.4 max|qvel|=   2.96 ncon=  0 com_z=0.942 com_x=-0.157
t= 16.50 max|qacc|=     187.7 max|qvel|=   0.74 ncon=  0 com_z=0.959 com_x=-0.191
t= 17.00 max|qacc|=     310.1 max|qvel|=   3.25 ncon=  0 com_z=0.952 com_x=-0.187
t= 17.50 max|qacc|=      22.2 max|qvel|=   0.18 ncon=  0 com_z=0.961 com_x=-0.193
t= 18.00 max|qacc|=      53.8 max|qvel|=   0.21 ncon=  0 com_z=0.953 com_x=-0.187
t= 18.50 max|qacc|=      82.8 max|qvel|=   0.24 ncon=  0 com_z=0.960 com_x=-0.191
t= 19.00 max|qacc|=      50.0 max|qvel|=   0.20 ncon=  0 com_z=0.954 com_x=-0.188
t= 19.50 max|qacc|=     170.7 max|qvel|=   0.28 ncon=  0 com_z=0.958 com_x=-0.190
t= 20.00 max|qacc|=      28.3 max|qvel|=   0.15 ncon=  0 com_z=0.956 com_x=-0.188
t= 20.50 max|qacc|=     132.7 max|qvel|=   0.24 ncon=  0 com_z=0.957 com_x=-0.191
t= 21.00 max|qacc|=     120.9 max|qvel|=   0.24 ncon=  0 com_z=0.956 com_x=-0.189
t= 21.50 max|qacc|=     202.7 max|qvel|=   0.35 ncon=  0 com_z=0.957 com_x=-0.189
t= 22.00 max|qacc|=     173.7 max|qvel|=   0.74 ncon=  0 com_z=0.956 com_x=-0.190
t= 22.50 max|qacc|=      77.9 max|qvel|=   0.46 ncon=  0 com_z=0.957 com_x=-0.189
t= 23.00 max|qacc|=     117.7 max|qvel|=   0.26 ncon=  0 com_z=0.956 com_x=-0.189
t= 23.50 max|qacc|=     142.9 max|qvel|=   0.61 ncon=  0 com_z=0.956 com_x=-0.190
t= 24.00 max|qacc|=      24.8 max|qvel|=   0.28 ncon=  0 com_z=0.957 com_x=-0.189
t= 24.50 max|qacc|=      54.8 max|qvel|=   0.14 ncon=  0 com_z=0.957 com_x=-0.189
t= 25.00 max|qacc|=     118.1 max|qvel|=   0.37 ncon=  0 com_z=0.956 com_x=-0.190
t= 25.50 max|qacc|=     291.8 max|qvel|=   2.66 ncon=  0 com_z=0.957 com_x=-0.189
t= 26.00 max|qacc|=      88.7 max|qvel|=   0.18 ncon=  0 com_z=0.957 com_x=-0.189
t= 26.50 max|qacc|=      21.6 max|qvel|=   0.23 ncon=  0 com_z=0.956 com_x=-0.190
t= 27.00 max|qacc|=      63.7 max|qvel|=   0.17 ncon=  0 com_z=0.957 com_x=-0.190
t= 27.50 max|qacc|=      67.1 max|qvel|=   0.43 ncon=  0 com_z=0.957 com_x=-0.189
t= 28.00 max|qacc|=     240.4 max|qvel|=   0.97 ncon=  0 com_z=0.956 com_x=-0.190
t= 28.50 max|qacc|=     191.0 max|qvel|=   0.25 ncon=  0 com_z=0.957 com_x=-0.189
t= 29.00 max|qacc|=     596.2 max|qvel|=   0.58 ncon=  0 com_z=0.957 com_x=-0.189
t= 29.50 max|qacc|=     257.7 max|qvel|=   1.64 ncon=  0 com_z=0.956 com_x=-0.190
t= 30.00 max|qacc|=     748.9 max|qvel|=   0.20 ncon=  0 com_z=0.957 com_x=-0.189
t= 30.50 max|qacc|=      35.6 max|qvel|=   0.20 ncon=  0 com_z=0.956 com_x=-0.189

== summary ==
pelvis/COM height: start 0.94 m, min 0.93 m, final 0.96 m  (stayed up)
COM x: min -0.21 max -0.08 final -0.19 m
COM y: min -0.040 max +0.003 m
RG_F_r bursts during walk window: 24
RG_r: cycles in window 23, period 0.43 s (2.35 Hz), E-duty 0.49
RG_l: cycles in window 23, period 0.43 s (2.35 Hz), E-duty 0.49
peak ctrl: [1.   1.   1.   0.81 0.42 0.79 0.81 0.98 0.34 1.   1.   1.   1.   0.8
 0.42 0.79 0.74 0.98 0.34 1.  ] (('vas_lat_r', 'med_gas_r', 'soleus_r', 'tib_ant_r', 'psoas_r', 'semimem_r', 'glut_max2_r', 'rect_fem_r', 'sar_r', 'grac_r', 'vas_lat_l', 'med_gas_l', 'soleus_l', 'tib_ant_l', 'psoas_l', 'semimem_l', 'glut_max2_l', 'rect_fem_l', 'sar_l', 'grac_l'))
  hip_flexion_r        -14.5 ..    55.2 deg
  knee_angle_r         -32.4 ..    12.1 deg
  ankle_angle_r        -83.8 ..    51.4 deg
  hip_adduction_r      -31.2 ..     7.8 deg
  subtalar_angle_r      -6.1 ..    16.1 deg
  hip_flexion_l        -19.0 ..    73.6 deg
  knee_angle_l         -36.3 ..    11.8 deg
  ankle_angle_l        -84.9 ..    53.4 deg
  hip_adduction_l      -47.1 ..     5.7 deg
  subtalar_angle_l      -8.0 ..    16.5 deg
  pelvis_tilt           -2.5 ..     1.3 deg
  pelvis_list           -0.6 ..    -0.1 deg
  pelvis_rotation        2.2 ..     2.8 deg
saved spinal_run.npz
(plot skipped: 'PF_E2_r')
fitted baseline loaded: e2_pf=0.222 f1_df=0.098 f1_kf=0.148 post_kneext=0.011 post_hipext=0.068 desc_f=1.400 e2_adapt=1.700
start pose (normal): applied 20 coordinates as given; pelvis ty 0.920 m (env override unset); IMU-metric torso lean -0.0 deg (+ = back)
standing solve: nnls x in [0.00, 0.70], >0.1: 14 muscles
  top: add_long_l=0.70, tib_ant_r=0.61, tib_ant_l=0.46, ext_dig_r=0.37, glut_min1_l=0.33, pect_l=0.32, glut_min2_l=0.31, ext_dig_l=0.25
Fmax range: 5..3396 N | L range sample: [0.229942 0.326094]
t=  1.00 max|qacc|=     134.8 max|qvel|=   2.22 ncon=  0 com_z=0.997 com_x=-0.211
t=  1.50 max|qacc|=      19.3 max|qvel|=   2.62 ncon=  0 com_z=0.952 com_x=-0.187
t=  2.00 max|qacc|=     198.2 max|qvel|=   1.43 ncon=  0 com_z=0.963 com_x=-0.193
t=  2.50 max|qacc|=      48.9 max|qvel|=   1.15 ncon=  0 com_z=0.958 com_x=-0.190
t=  3.00 max|qacc|=      60.0 max|qvel|=   0.77 ncon=  0 com_z=0.957 com_x=-0.188
t=  3.50 max|qacc|=     274.8 max|qvel|=   0.61 ncon=  0 com_z=0.959 com_x=-0.192
t=  4.00 max|qacc|=     147.3 max|qvel|=   0.42 ncon=  0 com_z=0.954 com_x=-0.189
t=  4.50 max|qacc|=     118.5 max|qvel|=   8.25 ncon=  0 com_z=0.956 com_x=-0.188
t=  5.00 max|qacc|=     233.3 max|qvel|=  13.63 ncon=  0 com_z=0.961 com_x=-0.046
t=  5.50 max|qacc|=      57.8 max|qvel|=   9.71 ncon=  0 com_z=0.980 com_x=-0.214
t=  6.00 max|qacc|=     331.5 max|qvel|=   4.32 ncon=  0 com_z=0.934 com_x=-0.137
t=  6.50 max|qacc|=     184.1 max|qvel|=  15.89 ncon=  0 com_z=0.953 com_x=-0.111
t=  7.00 max|qacc|=    1094.3 max|qvel|=  11.11 ncon=  0 com_z=0.939 com_x=-0.161
t=  7.50 max|qacc|=      61.1 max|qvel|=   6.86 ncon=  0 com_z=0.964 com_x=-0.190
t=  8.00 max|qacc|=     190.7 max|qvel|=   3.49 ncon=  0 com_z=0.939 com_x=-0.126
t=  8.50 max|qacc|=    1306.7 max|qvel|=   9.97 ncon=  0 com_z=0.940 com_x=-0.107
t=  9.00 max|qacc|=      57.9 max|qvel|=  11.81 ncon=  0 com_z=0.948 com_x=-0.180
t=  9.50 max|qacc|=      57.1 max|qvel|=   7.29 ncon=  0 com_z=0.958 com_x=-0.182
t= 10.00 max|qacc|=     193.0 max|qvel|=   3.89 ncon=  0 com_z=0.935 com_x=-0.114
t= 10.50 max|qacc|=     143.8 max|qvel|=  16.66 ncon=  0 com_z=0.937 com_x=-0.117
t= 11.00 max|qacc|=      34.9 max|qvel|=  11.44 ncon=  0 com_z=0.954 com_x=-0.186
t= 11.50 max|qacc|=     201.5 max|qvel|=   6.53 ncon=  0 com_z=0.952 com_x=-0.173
t= 12.00 max|qacc|=     734.7 max|qvel|=   3.66 ncon=  0 com_z=0.938 com_x=-0.105
t= 12.50 max|qacc|=     354.7 max|qvel|=  13.84 ncon=  0 com_z=0.935 com_x=-0.129
t= 13.00 max|qacc|=      91.5 max|qvel|=  10.37 ncon=  0 com_z=0.960 com_x=-0.191
t= 13.50 max|qacc|=     379.8 max|qvel|=   3.95 ncon=  0 com_z=0.945 com_x=-0.160
t= 14.00 max|qacc|=     362.7 max|qvel|=   6.77 ncon=  0 com_z=0.941 com_x=-0.099
t= 14.50 max|qacc|=     834.4 max|qvel|=   5.49 ncon=  0 com_z=0.936 com_x=-0.143
t= 15.00 max|qacc|=      60.8 max|qvel|=   8.91 ncon=  0 com_z=0.964 com_x=-0.193
t= 15.50 max|qacc|=     505.5 max|qvel|=   3.27 ncon=  0 com_z=0.940 com_x=-0.146
t= 16.00 max|qacc|=    1348.4 max|qvel|=   7.43 ncon=  0 com_z=0.946 com_x=-0.126
t= 16.50 max|qacc|=      19.7 max|qvel|=   1.18 ncon=  0 com_z=0.942 com_x=-0.097
t= 17.00 max|qacc|=      12.2 max|qvel|=   1.04 ncon=  0 com_z=0.945 com_x=-0.090
t= 17.50 max|qacc|=       9.0 max|qvel|=   0.76 ncon=  0 com_z=0.952 com_x=-0.105
t= 18.00 max|qacc|=      10.0 max|qvel|=   0.42 ncon=  0 com_z=0.951 com_x=-0.099
t= 18.50 max|qacc|=       9.8 max|qvel|=   0.24 ncon=  0 com_z=0.949 com_x=-0.100
t= 19.00 max|qacc|=       8.1 max|qvel|=   0.12 ncon=  0 com_z=0.949 com_x=-0.101
t= 19.50 max|qacc|=       6.4 max|qvel|=   0.11 ncon=  0 com_z=0.949 com_x=-0.101
t= 20.00 max|qacc|=       5.3 max|qvel|=   0.10 ncon=  0 com_z=0.949 com_x=-0.101
t= 20.50 max|qacc|=       3.7 max|qvel|=   0.09 ncon=  0 com_z=0.950 com_x=-0.101
t= 21.00 max|qacc|=       2.4 max|qvel|=   0.08 ncon=  0 com_z=0.950 com_x=-0.101
t= 21.50 max|qacc|=       3.7 max|qvel|=   0.06 ncon=  0 com_z=0.950 com_x=-0.101
t= 22.00 max|qacc|=       5.1 max|qvel|=   0.05 ncon=  0 com_z=0.950 com_x=-0.101
t= 22.50 max|qacc|=       6.4 max|qvel|=   0.04 ncon=  0 com_z=0.950 com_x=-0.101
t= 23.00 max|qacc|=       7.6 max|qvel|=   0.04 ncon=  0 com_z=0.950 com_x=-0.101
t= 23.50 max|qacc|=       8.5 max|qvel|=   0.04 ncon=  0 com_z=0.950 com_x=-0.101
t= 24.00 max|qacc|=       9.0 max|qvel|=   0.03 ncon=  0 com_z=0.950 com_x=-0.101
t= 24.50 max|qacc|=       8.6 max|qvel|=   0.03 ncon=  0 com_z=0.950 com_x=-0.101
t= 25.00 max|qacc|=       8.4 max|qvel|=   0.05 ncon=  0 com_z=0.950 com_x=-0.101
t= 25.50 max|qacc|=       8.4 max|qvel|=   0.06 ncon=  0 com_z=0.950 com_x=-0.101
t= 26.00 max|qacc|=       8.1 max|qvel|=   0.07 ncon=  0 com_z=0.950 com_x=-0.101
t= 26.50 max|qacc|=       7.8 max|qvel|=   0.08 ncon=  0 com_z=0.950 com_x=-0.101
t= 27.00 max|qacc|=       7.7 max|qvel|=   0.08 ncon=  0 com_z=0.950 com_x=-0.101
t= 27.50 max|qacc|=       7.5 max|qvel|=   0.09 ncon=  0 com_z=0.950 com_x=-0.101
t= 28.00 max|qacc|=       7.4 max|qvel|=   0.09 ncon=  0 com_z=0.950 com_x=-0.101
t= 28.50 max|qacc|=       7.2 max|qvel|=   0.09 ncon=  0 com_z=0.950 com_x=-0.101
t= 29.00 max|qacc|=       7.3 max|qvel|=   0.09 ncon=  0 com_z=0.950 com_x=-0.101
t= 29.50 max|qacc|=       7.1 max|qvel|=   0.09 ncon=  0 com_z=0.950 com_x=-0.101
t= 30.00 max|qacc|=       6.7 max|qvel|=   0.09 ncon=  0 com_z=0.950 com_x=-0.101
t= 30.50 max|qacc|=       6.0 max|qvel|=   0.08 ncon=  0 com_z=0.950 com_x=-0.101

== summary ==
pelvis/COM height: start 0.94 m, min 0.92 m, final 0.95 m  (stayed up)
COM x: min -0.22 max -0.04 final -0.10 m
COM y: min -0.040 max +0.005 m
RG_F_r bursts during walk window: 15
RG_r: cycles in window 14, period 0.68 s (1.48 Hz), E-duty 0.44
RG_l: cycles in window 14, period 0.68 s (1.48 Hz), E-duty 0.44
peak ctrl: [1.   1.   1.   0.92 0.41 0.79 0.81 0.99 0.34 1.   1.   1.   1.   0.9
 0.41 0.79 0.74 0.99 0.34 1.  ] (('vas_lat_r', 'med_gas_r', 'soleus_r', 'tib_ant_r', 'psoas_r', 'semimem_r', 'glut_max2_r', 'rect_fem_r', 'sar_r', 'grac_r', 'vas_lat_l', 'med_gas_l', 'soleus_l', 'tib_ant_l', 'psoas_l', 'semimem_l', 'glut_max2_l', 'rect_fem_l', 'sar_l', 'grac_l'))
  hip_flexion_r        -54.5 ..    57.2 deg
  knee_angle_r         -79.2 ..    12.3 deg
  ankle_angle_r        -84.5 ..    52.0 deg
  hip_adduction_r      -45.3 ..    16.6 deg
  subtalar_angle_r      -7.0 ..    13.1 deg
  hip_flexion_l        -56.1 ..    73.7 deg
  knee_angle_l         -84.1 ..    12.4 deg
  ankle_angle_l        -88.1 ..    53.3 deg
  hip_adduction_l      -47.0 ..    15.1 deg
  subtalar_angle_l      -8.0 ..    13.6 deg
  pelvis_tilt           -2.6 ..     1.7 deg
  pelvis_list           -0.6 ..    -0.1 deg
  pelvis_rotation        2.2 ..     2.8 deg
saved spinal_run.npz
(plot skipped: 'PF_E2_r')
fitted baseline loaded: e2_pf=0.222 f1_df=0.098 f1_kf=0.148 post_kneext=0.011 post_hipext=0.068 desc_f=1.400 e2_adapt=1.700
start pose (normal): applied 20 coordinates as given; pelvis ty 0.920 m (env override unset); IMU-metric torso lean -0.0 deg (+ = back)
standing solve: nnls x in [0.00, 0.70], >0.1: 14 muscles
  top: add_long_l=0.70, tib_ant_r=0.61, tib_ant_l=0.46, ext_dig_r=0.37, glut_min1_l=0.33, pect_l=0.32, glut_min2_l=0.31, ext_dig_l=0.25
Fmax range: 5..3396 N | L range sample: [0.229942 0.326094]
t=  1.00 max|qacc|=     331.4 max|qvel|=   3.18 ncon=  0 com_z=0.997 com_x=-0.211
t=  1.50 max|qacc|=     243.3 max|qvel|=   2.64 ncon=  0 com_z=0.952 com_x=-0.187
t=  2.00 max|qacc|=      43.5 max|qvel|=   1.42 ncon=  0 com_z=0.963 com_x=-0.193
t=  2.50 max|qacc|=     513.2 max|qvel|=   1.23 ncon=  0 com_z=0.958 com_x=-0.190
t=  3.00 max|qacc|=      71.1 max|qvel|=   0.81 ncon=  0 com_z=0.957 com_x=-0.188
t=  3.50 max|qacc|=      62.5 max|qvel|=   0.50 ncon=  0 com_z=0.959 com_x=-0.192
t=  4.00 max|qacc|=     224.3 max|qvel|=   0.48 ncon=  0 com_z=0.954 com_x=-0.188
t=  4.50 max|qacc|=     217.9 max|qvel|=   2.70 ncon=  0 com_z=0.957 com_x=-0.191
t=  5.00 max|qacc|=     410.7 max|qvel|=   8.37 ncon=  0 com_z=0.936 com_x=-0.071
t=  5.50 max|qacc|=     396.0 max|qvel|=   9.08 ncon=  0 com_z=0.946 com_x=-0.175
t=  6.00 max|qacc|=     163.2 max|qvel|=   1.96 ncon=  0 com_z=0.925 com_x=-0.127
t=  6.50 max|qacc|=     437.1 max|qvel|=   1.85 ncon=  0 com_z=0.939 com_x=-0.150
t=  7.00 max|qacc|=     150.2 max|qvel|=   1.55 ncon=  0 com_z=0.928 com_x=-0.140
t=  7.50 max|qacc|=     337.1 max|qvel|=   3.95 ncon=  0 com_z=0.941 com_x=-0.155
t=  8.00 max|qacc|=     155.6 max|qvel|=   7.37 ncon=  0 com_z=0.935 com_x=-0.152
t=  8.50 max|qacc|=     107.3 max|qvel|=   6.98 ncon=  0 com_z=0.945 com_x=-0.164
t=  9.00 max|qacc|=      43.6 max|qvel|=   6.38 ncon=  0 com_z=0.942 com_x=-0.162
t=  9.50 max|qacc|=      47.6 max|qvel|=   6.79 ncon=  0 com_z=0.947 com_x=-0.168
t= 10.00 max|qacc|=      37.4 max|qvel|=   7.71 ncon=  0 com_z=0.942 com_x=-0.164
t= 10.50 max|qacc|=     608.7 max|qvel|=   4.05 ncon=  0 com_z=0.942 com_x=-0.163
t= 11.00 max|qacc|=     675.6 max|qvel|=   5.01 ncon=  0 com_z=0.938 com_x=-0.156
t= 11.50 max|qacc|=     422.2 max|qvel|=  11.81 ncon=  0 com_z=0.936 com_x=-0.153
t= 12.00 max|qacc|=     274.3 max|qvel|=  11.10 ncon=  0 com_z=0.934 com_x=-0.147
t= 12.50 max|qacc|=     319.2 max|qvel|=  13.55 ncon=  0 com_z=0.931 com_x=-0.142
t= 13.00 max|qacc|=     457.7 max|qvel|=   3.10 ncon=  0 com_z=0.932 com_x=-0.140
t= 13.50 max|qacc|=     159.6 max|qvel|=   2.78 ncon=  0 com_z=0.931 com_x=-0.141
t= 14.00 max|qacc|=     108.5 max|qvel|=   1.58 ncon=  0 com_z=0.932 com_x=-0.143
t= 14.50 max|qacc|=     283.3 max|qvel|=   1.95 ncon=  0 com_z=0.934 com_x=-0.147
t= 15.00 max|qacc|=     209.2 max|qvel|=   5.51 ncon=  0 com_z=0.936 com_x=-0.152
t= 15.50 max|qacc|=     121.5 max|qvel|=   1.88 ncon=  0 com_z=0.940 com_x=-0.158
t= 16.00 max|qacc|=     132.3 max|qvel|=   3.31 ncon=  0 com_z=0.981 com_x=-0.056
t= 16.50 max|qacc|=      10.8 max|qvel|=   1.73 ncon=  0 com_z=0.950 com_x=-0.106
t= 17.00 max|qacc|=      12.2 max|qvel|=   0.66 ncon=  0 com_z=0.944 com_x=-0.093
t= 17.50 max|qacc|=      14.2 max|qvel|=   0.76 ncon=  0 com_z=0.948 com_x=-0.105
t= 18.00 max|qacc|=      14.4 max|qvel|=   0.38 ncon=  0 com_z=0.951 com_x=-0.101
t= 18.50 max|qacc|=      15.1 max|qvel|=   0.18 ncon=  0 com_z=0.950 com_x=-0.100
t= 19.00 max|qacc|=      16.5 max|qvel|=   0.14 ncon=  0 com_z=0.949 com_x=-0.102
t= 19.50 max|qacc|=      14.4 max|qvel|=   0.10 ncon=  0 com_z=0.949 com_x=-0.102
t= 20.00 max|qacc|=      12.6 max|qvel|=   0.11 ncon=  0 com_z=0.949 com_x=-0.102
t= 20.50 max|qacc|=       9.1 max|qvel|=   0.12 ncon=  0 com_z=0.949 com_x=-0.102
t= 21.00 max|qacc|=       8.1 max|qvel|=   0.12 ncon=  0 com_z=0.949 com_x=-0.102
t= 21.50 max|qacc|=       6.9 max|qvel|=   0.11 ncon=  0 com_z=0.949 com_x=-0.102
t= 22.00 max|qacc|=       5.5 max|qvel|=   0.10 ncon=  0 com_z=0.949 com_x=-0.102
t= 22.50 max|qacc|=       4.1 max|qvel|=   0.09 ncon=  0 com_z=0.949 com_x=-0.102
t= 23.00 max|qacc|=       2.6 max|qvel|=   0.08 ncon=  0 com_z=0.949 com_x=-0.102
t= 23.50 max|qacc|=       3.6 max|qvel|=   0.07 ncon=  0 com_z=0.949 com_x=-0.102
t= 24.00 max|qacc|=       5.2 max|qvel|=   0.05 ncon=  0 com_z=0.949 com_x=-0.102
t= 24.50 max|qacc|=       6.6 max|qvel|=   0.04 ncon=  0 com_z=0.949 com_x=-0.102
t= 25.00 max|qacc|=       7.8 max|qvel|=   0.04 ncon=  0 com_z=0.949 com_x=-0.102
t= 25.50 max|qacc|=       8.8 max|qvel|=   0.04 ncon=  0 com_z=0.949 com_x=-0.101
t= 26.00 max|qacc|=       9.1 max|qvel|=   0.03 ncon=  0 com_z=0.950 com_x=-0.101
t= 26.50 max|qacc|=       8.4 max|qvel|=   0.04 ncon=  0 com_z=0.950 com_x=-0.101
t= 27.00 max|qacc|=       8.4 max|qvel|=   0.05 ncon=  0 com_z=0.950 com_x=-0.101
t= 27.50 max|qacc|=       8.3 max|qvel|=   0.06 ncon=  0 com_z=0.950 com_x=-0.101
t= 28.00 max|qacc|=       8.0 max|qvel|=   0.07 ncon=  0 com_z=0.950 com_x=-0.101
t= 28.50 max|qacc|=       7.7 max|qvel|=   0.08 ncon=  0 com_z=0.950 com_x=-0.101
t= 29.00 max|qacc|=       7.6 max|qvel|=   0.08 ncon=  0 com_z=0.950 com_x=-0.101
t= 29.50 max|qacc|=       7.5 max|qvel|=   0.09 ncon=  0 com_z=0.950 com_x=-0.101
t= 30.00 max|qacc|=       7.2 max|qvel|=   0.09 ncon=  0 com_z=0.950 com_x=-0.101
t= 30.50 max|qacc|=       7.3 max|qvel|=   0.09 ncon=  0 com_z=0.950 com_x=-0.101

== summary ==
pelvis/COM height: start 0.94 m, min 0.92 m, final 0.95 m  (stayed up)
COM x: min -0.21 max -0.04 final -0.10 m
COM y: min -0.040 max +0.004 m
RG_F_r bursts during walk window: 22
RG_r: cycles in window 21, period 0.47 s (2.13 Hz), E-duty 0.48
RG_l: cycles in window 21, period 0.47 s (2.13 Hz), E-duty 0.48
peak ctrl: [1.   1.   1.   0.92 0.41 0.79 0.81 0.99 0.34 1.   1.   1.   1.   0.9
 0.41 0.79 0.74 0.99 0.34 1.  ] (('vas_lat_r', 'med_gas_r', 'soleus_r', 'tib_ant_r', 'psoas_r', 'semimem_r', 'glut_max2_r', 'rect_fem_r', 'sar_r', 'grac_r', 'vas_lat_l', 'med_gas_l', 'soleus_l', 'tib_ant_l', 'psoas_l', 'semimem_l', 'glut_max2_l', 'rect_fem_l', 'sar_l', 'grac_l'))
  hip_flexion_r        -54.3 ..    54.3 deg
  knee_angle_r         -76.7 ..    11.7 deg
  ankle_angle_r        -84.5 ..    52.0 deg
  hip_adduction_r      -38.5 ..    10.5 deg
  subtalar_angle_r      -6.4 ..    16.3 deg
  hip_flexion_l        -57.3 ..    73.8 deg
  knee_angle_l         -82.6 ..    11.8 deg
  ankle_angle_l        -86.1 ..    53.4 deg
  hip_adduction_l      -47.2 ..     7.3 deg
  subtalar_angle_l      -8.2 ..    16.1 deg
  pelvis_tilt           -2.6 ..     1.3 deg
  pelvis_list           -0.7 ..    -0.1 deg
  pelvis_rotation        2.2 ..     2.8 deg
saved spinal_run.npz
(plot skipped: 'PF_E2_r')
fitted baseline loaded: e2_pf=0.222 f1_df=0.098 f1_kf=0.148 post_kneext=0.011 post_hipext=0.068 desc_f=1.400 e2_adapt=1.700
start pose (normal): applied 20 coordinates as given; pelvis ty 0.920 m (env override unset); IMU-metric torso lean -0.0 deg (+ = back)
standing solve: nnls x in [0.00, 0.70], >0.1: 14 muscles
  top: add_long_l=0.70, tib_ant_r=0.61, tib_ant_l=0.46, ext_dig_r=0.37, glut_min1_l=0.33, pect_l=0.32, glut_min2_l=0.31, ext_dig_l=0.25
Fmax range: 5..3396 N | L range sample: [0.229942 0.326094]
t=  1.00 max|qacc|=      62.9 max|qvel|=   2.22 ncon=  0 com_z=0.998 com_x=-0.211
t=  1.50 max|qacc|=     135.7 max|qvel|=   2.61 ncon=  0 com_z=0.952 com_x=-0.187
t=  2.00 max|qacc|=      27.4 max|qvel|=   1.41 ncon=  0 com_z=0.963 com_x=-0.193
t=  2.50 max|qacc|=     188.5 max|qvel|=   1.15 ncon=  0 com_z=0.957 com_x=-0.191
t=  3.00 max|qacc|=     391.6 max|qvel|=   1.37 ncon=  0 com_z=0.957 com_x=-0.189
t=  3.50 max|qacc|=      45.6 max|qvel|=   0.53 ncon=  0 com_z=0.959 com_x=-0.192
t=  4.00 max|qacc|=     109.2 max|qvel|=   0.46 ncon=  0 com_z=0.954 com_x=-0.189
t=  4.50 max|qacc|=      61.5 max|qvel|=  10.48 ncon=  0 com_z=0.948 com_x=-0.174
t=  5.00 max|qacc|=     216.2 max|qvel|=   6.32 ncon=  0 com_z=0.929 com_x=-0.128
t=  5.50 max|qacc|=      48.5 max|qvel|=   7.69 ncon=  0 com_z=0.948 com_x=-0.165
t=  6.00 max|qacc|=     545.1 max|qvel|=   8.94 ncon=  0 com_z=0.932 com_x=-0.140
t=  6.50 max|qacc|=     743.6 max|qvel|=   2.67 ncon=  0 com_z=0.936 com_x=-0.143
t=  7.00 max|qacc|=      38.0 max|qvel|=   6.68 ncon=  0 com_z=0.936 com_x=-0.150
t=  7.50 max|qacc|=     640.3 max|qvel|=   3.64 ncon=  0 com_z=0.938 com_x=-0.150
t=  8.00 max|qacc|=     278.1 max|qvel|=   6.90 ncon=  0 com_z=0.931 com_x=-0.138
t=  8.50 max|qacc|=      74.3 max|qvel|=   7.32 ncon=  0 com_z=0.936 com_x=-0.152
t=  9.00 max|qacc|=     617.8 max|qvel|=   3.72 ncon=  0 com_z=0.938 com_x=-0.149
t=  9.50 max|qacc|=     636.9 max|qvel|=  11.32 ncon=  0 com_z=0.931 com_x=-0.140
t= 10.00 max|qacc|=      98.6 max|qvel|=   8.05 ncon=  0 com_z=0.935 com_x=-0.149
t= 10.50 max|qacc|=      37.6 max|qvel|=   7.32 ncon=  0 com_z=0.938 com_x=-0.151
t= 11.00 max|qacc|=     257.9 max|qvel|=  12.33 ncon=  0 com_z=0.934 com_x=-0.141
t= 11.50 max|qacc|=     178.0 max|qvel|=   5.85 ncon=  0 com_z=0.933 com_x=-0.146
t= 12.00 max|qacc|=      43.9 max|qvel|=   7.18 ncon=  0 com_z=0.939 com_x=-0.153
t= 12.50 max|qacc|=     925.4 max|qvel|=   8.47 ncon=  0 com_z=0.935 com_x=-0.143
t= 13.00 max|qacc|=     456.5 max|qvel|=   3.01 ncon=  0 com_z=0.932 com_x=-0.143
t= 13.50 max|qacc|=      38.7 max|qvel|=   6.75 ncon=  0 com_z=0.939 com_x=-0.153
t= 14.00 max|qacc|=     504.9 max|qvel|=   9.32 ncon=  0 com_z=0.936 com_x=-0.145
t= 14.50 max|qacc|=     252.3 max|qvel|=   1.98 ncon=  0 com_z=0.932 com_x=-0.141
t= 15.00 max|qacc|=      68.7 max|qvel|=   6.77 ncon=  0 com_z=0.937 com_x=-0.152
t= 15.50 max|qacc|=      85.4 max|qvel|=  11.05 ncon=  0 com_z=0.940 com_x=-0.153
t= 16.00 max|qacc|=     114.4 max|qvel|=   1.70 ncon=  0 com_z=0.964 com_x=-0.190
t= 16.50 max|qacc|=     195.2 max|qvel|=   3.65 ncon=  0 com_z=0.979 com_x=-0.051
t= 17.00 max|qacc|=       9.1 max|qvel|=   1.47 ncon=  0 com_z=0.955 com_x=-0.118
t= 17.50 max|qacc|=      11.2 max|qvel|=   0.85 ncon=  0 com_z=0.945 com_x=-0.095
t= 18.00 max|qacc|=       6.4 max|qvel|=   0.68 ncon=  0 com_z=0.948 com_x=-0.103
t= 18.50 max|qacc|=       6.8 max|qvel|=   0.38 ncon=  0 com_z=0.951 com_x=-0.101
t= 19.00 max|qacc|=       9.0 max|qvel|=   0.15 ncon=  0 com_z=0.950 com_x=-0.100
t= 19.50 max|qacc|=       7.7 max|qvel|=   0.09 ncon=  0 com_z=0.950 com_x=-0.101
t= 20.00 max|qacc|=       6.9 max|qvel|=   0.09 ncon=  0 com_z=0.950 com_x=-0.101
t= 20.50 max|qacc|=       6.2 max|qvel|=   0.08 ncon=  0 com_z=0.950 com_x=-0.101
t= 21.00 max|qacc|=       5.2 max|qvel|=   0.07 ncon=  0 com_z=0.950 com_x=-0.101
t= 21.50 max|qacc|=       3.9 max|qvel|=   0.06 ncon=  0 com_z=0.950 com_x=-0.101
t= 22.00 max|qacc|=       2.4 max|qvel|=   0.05 ncon=  0 com_z=0.950 com_x=-0.101
t= 22.50 max|qacc|=       5.0 max|qvel|=   0.05 ncon=  0 com_z=0.950 com_x=-0.101
t= 23.00 max|qacc|=       8.0 max|qvel|=   0.05 ncon=  0 com_z=0.950 com_x=-0.101
t= 23.50 max|qacc|=      11.2 max|qvel|=   0.05 ncon=  0 com_z=0.950 com_x=-0.101
t= 24.00 max|qacc|=      14.3 max|qvel|=   0.04 ncon=  0 com_z=0.949 com_x=-0.101
t= 24.50 max|qacc|=      16.3 max|qvel|=   0.05 ncon=  0 com_z=0.949 com_x=-0.101
t= 25.00 max|qacc|=      16.4 max|qvel|=   0.07 ncon=  0 com_z=0.949 com_x=-0.101
t= 25.50 max|qacc|=      15.4 max|qvel|=   0.09 ncon=  0 com_z=0.949 com_x=-0.101
t= 26.00 max|qacc|=      13.4 max|qvel|=   0.11 ncon=  0 com_z=0.949 com_x=-0.101
t= 26.50 max|qacc|=      10.5 max|qvel|=   0.11 ncon=  0 com_z=0.949 com_x=-0.101
t= 27.00 max|qacc|=       8.6 max|qvel|=   0.12 ncon=  0 com_z=0.949 com_x=-0.101
t= 27.50 max|qacc|=       7.5 max|qvel|=   0.11 ncon=  0 com_z=0.949 com_x=-0.101
t= 28.00 max|qacc|=       6.3 max|qvel|=   0.11 ncon=  0 com_z=0.949 com_x=-0.101
t= 28.50 max|qacc|=       5.0 max|qvel|=   0.10 ncon=  0 com_z=0.949 com_x=-0.101
t= 29.00 max|qacc|=       3.7 max|qvel|=   0.09 ncon=  0 com_z=0.949 com_x=-0.101
t= 29.50 max|qacc|=       2.2 max|qvel|=   0.08 ncon=  0 com_z=0.949 com_x=-0.101
t= 30.00 max|qacc|=       3.8 max|qvel|=   0.06 ncon=  0 com_z=0.949 com_x=-0.101
t= 30.50 max|qacc|=       5.3 max|qvel|=   0.05 ncon=  0 com_z=0.950 com_x=-0.101

== summary ==
pelvis/COM height: start 0.94 m, min 0.92 m, final 0.95 m  (stayed up)
COM x: min -0.21 max -0.04 final -0.10 m
COM y: min -0.040 max +0.005 m
RG_F_r bursts during walk window: 26
RG_r: cycles in window 26, period 0.38 s (2.62 Hz), E-duty 0.44
RG_l: cycles in window 26, period 0.38 s (2.62 Hz), E-duty 0.44
peak ctrl: [1.   1.   1.   0.92 0.43 0.79 0.81 0.99 0.35 1.   1.   1.   1.   0.9
 0.43 0.79 0.74 0.99 0.35 1.  ] (('vas_lat_r', 'med_gas_r', 'soleus_r', 'tib_ant_r', 'psoas_r', 'semimem_r', 'glut_max2_r', 'rect_fem_r', 'sar_r', 'grac_r', 'vas_lat_l', 'med_gas_l', 'soleus_l', 'tib_ant_l', 'psoas_l', 'semimem_l', 'glut_max2_l', 'rect_fem_l', 'sar_l', 'grac_l'))
  hip_flexion_r        -53.7 ..    54.3 deg
  knee_angle_r         -77.4 ..    11.9 deg
  ankle_angle_r        -84.2 ..    52.1 deg
  hip_adduction_r      -36.6 ..    10.1 deg
  subtalar_angle_r      -6.3 ..    17.2 deg
  hip_flexion_l        -57.4 ..    73.6 deg
  knee_angle_l         -84.9 ..    11.6 deg
  ankle_angle_l        -86.2 ..    53.4 deg
  hip_adduction_l      -47.0 ..     7.0 deg
  subtalar_angle_l      -8.0 ..    16.9 deg
  pelvis_tilt           -2.7 ..     1.3 deg
  pelvis_list           -0.7 ..    -0.1 deg
  pelvis_rotation        2.2 ..     2.8 deg
saved spinal_run.npz
(plot skipped: 'PF_E2_r')
fitted baseline loaded: e2_pf=0.222 f1_df=0.098 f1_kf=0.148 post_kneext=0.011 post_hipext=0.068 desc_f=1.400 e2_adapt=1.700
start pose (normal): applied 20 coordinates as given; pelvis ty 0.920 m (env override unset); IMU-metric torso lean -0.0 deg (+ = back)
standing solve: nnls x in [0.00, 0.70], >0.1: 14 muscles
  top: add_long_l=0.70, tib_ant_r=0.61, tib_ant_l=0.46, ext_dig_r=0.37, glut_min1_l=0.33, pect_l=0.32, glut_min2_l=0.31, ext_dig_l=0.25
Fmax range: 5..3396 N | L range sample: [0.229942 0.326094]
t=  1.00 max|qacc|=     274.1 max|qvel|=   4.23 ncon=  0 com_z=0.997 com_x=-0.211
t=  1.50 max|qacc|=     117.6 max|qvel|=   2.65 ncon=  0 com_z=0.952 com_x=-0.187
t=  2.00 max|qacc|=      22.7 max|qvel|=   1.43 ncon=  0 com_z=0.963 com_x=-0.193
t=  2.50 max|qacc|=     289.5 max|qvel|=   1.48 ncon=  0 com_z=0.957 com_x=-0.190
t=  3.00 max|qacc|=      53.0 max|qvel|=   0.73 ncon=  0 com_z=0.957 com_x=-0.188
t=  3.50 max|qacc|=     186.6 max|qvel|=   0.58 ncon=  0 com_z=0.959 com_x=-0.192
t=  4.00 max|qacc|=      47.6 max|qvel|=   0.42 ncon=  0 com_z=0.954 com_x=-0.188
t=  4.50 max|qacc|=     194.3 max|qvel|=   7.80 ncon=  0 com_z=0.944 com_x=-0.103
t=  5.00 max|qacc|=      61.1 max|qvel|=   7.19 ncon=  0 com_z=0.965 com_x=-0.182
t=  5.50 max|qacc|=     398.8 max|qvel|=   2.73 ncon=  0 com_z=0.942 com_x=-0.144
t=  6.00 max|qacc|=      32.1 max|qvel|=   3.10 ncon=  0 com_z=0.943 com_x=-0.138
t=  6.50 max|qacc|=      52.5 max|qvel|=   1.05 ncon=  0 com_z=0.931 com_x=-0.136
t=  7.00 max|qacc|=      35.8 max|qvel|=   1.13 ncon=  0 com_z=0.956 com_x=-0.139
t=  7.50 max|qacc|=      29.8 max|qvel|=   1.00 ncon=  0 com_z=0.943 com_x=-0.124
t=  8.00 max|qacc|=      66.5 max|qvel|=   0.53 ncon=  0 com_z=0.939 com_x=-0.135
t=  8.50 max|qacc|=      86.0 max|qvel|=   0.32 ncon=  0 com_z=0.946 com_x=-0.137
t=  9.00 max|qacc|=      17.8 max|qvel|=   0.25 ncon=  0 com_z=0.942 com_x=-0.131
t=  9.50 max|qacc|=     143.5 max|qvel|=   0.12 ncon=  0 com_z=0.942 com_x=-0.134
t= 10.00 max|qacc|=      13.5 max|qvel|=   0.10 ncon=  0 com_z=0.944 com_x=-0.134
t= 10.50 max|qacc|=      50.2 max|qvel|=   0.13 ncon=  0 com_z=0.943 com_x=-0.132
t= 11.00 max|qacc|=      17.2 max|qvel|=   0.10 ncon=  0 com_z=0.943 com_x=-0.133
t= 11.50 max|qacc|=      89.9 max|qvel|=   0.10 ncon=  0 com_z=0.943 com_x=-0.134
t= 12.00 max|qacc|=      53.4 max|qvel|=   0.17 ncon=  0 com_z=0.942 com_x=-0.134
t= 12.50 max|qacc|=      21.4 max|qvel|=   0.10 ncon=  0 com_z=0.943 com_x=-0.134
t= 13.00 max|qacc|=      25.8 max|qvel|=   0.08 ncon=  0 com_z=0.943 com_x=-0.133
t= 13.50 max|qacc|=      27.8 max|qvel|=   0.13 ncon=  0 com_z=0.943 com_x=-0.133
t= 14.00 max|qacc|=      17.6 max|qvel|=   0.11 ncon=  0 com_z=0.943 com_x=-0.133
t= 14.50 max|qacc|=      39.6 max|qvel|=   0.09 ncon=  0 com_z=0.943 com_x=-0.133
t= 15.00 max|qacc|=      58.3 max|qvel|=   0.14 ncon=  0 com_z=0.943 com_x=-0.134
t= 15.50 max|qacc|=      32.2 max|qvel|=   0.25 ncon=  0 com_z=0.943 com_x=-0.134
t= 16.00 max|qacc|=      12.7 max|qvel|=   0.64 ncon=  0 com_z=0.944 com_x=-0.134
t= 16.50 max|qacc|=      22.0 max|qvel|=   1.70 ncon=  0 com_z=0.946 com_x=-0.134
t= 17.00 max|qacc|=      42.5 max|qvel|=   0.15 ncon=  0 com_z=0.948 com_x=-0.136
t= 17.50 max|qacc|=     147.3 max|qvel|=   0.12 ncon=  0 com_z=0.948 com_x=-0.137
t= 18.00 max|qacc|=      48.6 max|qvel|=   0.11 ncon=  0 com_z=0.948 com_x=-0.137
t= 18.50 max|qacc|=      34.1 max|qvel|=   0.19 ncon=  0 com_z=0.948 com_x=-0.137
t= 19.00 max|qacc|=      25.9 max|qvel|=   0.13 ncon=  0 com_z=0.948 com_x=-0.138
t= 19.50 max|qacc|=      66.1 max|qvel|=   1.08 ncon=  0 com_z=0.947 com_x=-0.138
t= 20.00 max|qacc|=      19.6 max|qvel|=   0.10 ncon=  0 com_z=0.948 com_x=-0.137
t= 20.50 max|qacc|=      39.9 max|qvel|=   0.16 ncon=  0 com_z=0.948 com_x=-0.137
t= 21.00 max|qacc|=     159.6 max|qvel|=   0.31 ncon=  0 com_z=0.948 com_x=-0.137
t= 21.50 max|qacc|=      16.4 max|qvel|=   0.09 ncon=  0 com_z=0.948 com_x=-0.137
t= 22.00 max|qacc|=      12.2 max|qvel|=   0.50 ncon=  0 com_z=0.948 com_x=-0.137
t= 22.50 max|qacc|=      24.9 max|qvel|=   0.12 ncon=  0 com_z=0.948 com_x=-0.137
t= 23.00 max|qacc|=       9.9 max|qvel|=   0.15 ncon=  0 com_z=0.948 com_x=-0.138
t= 23.50 max|qacc|=      20.2 max|qvel|=   0.12 ncon=  0 com_z=0.948 com_x=-0.138
t= 24.00 max|qacc|=      23.6 max|qvel|=   0.10 ncon=  0 com_z=0.948 com_x=-0.137
t= 24.50 max|qacc|=      14.9 max|qvel|=   0.17 ncon=  0 com_z=0.948 com_x=-0.137
t= 25.00 max|qacc|=      10.2 max|qvel|=   0.26 ncon=  0 com_z=0.948 com_x=-0.137
t= 25.50 max|qacc|=     133.6 max|qvel|=   0.18 ncon=  0 com_z=0.948 com_x=-0.137
t= 26.00 max|qacc|=      33.1 max|qvel|=   0.18 ncon=  0 com_z=0.948 com_x=-0.137
t= 26.50 max|qacc|=      39.6 max|qvel|=   0.08 ncon=  0 com_z=0.948 com_x=-0.137
t= 27.00 max|qacc|=      27.3 max|qvel|=   0.11 ncon=  0 com_z=0.948 com_x=-0.137
t= 27.50 max|qacc|=      34.5 max|qvel|=   0.15 ncon=  0 com_z=0.948 com_x=-0.138
t= 28.00 max|qacc|=      18.9 max|qvel|=   0.27 ncon=  0 com_z=0.948 com_x=-0.138
t= 28.50 max|qacc|=      27.7 max|qvel|=   0.08 ncon=  0 com_z=0.948 com_x=-0.137
t= 29.00 max|qacc|=       7.2 max|qvel|=   0.09 ncon=  0 com_z=0.948 com_x=-0.137
t= 29.50 max|qacc|=      28.1 max|qvel|=   0.58 ncon=  0 com_z=0.948 com_x=-0.137
t= 30.00 max|qacc|=       7.0 max|qvel|=   0.10 ncon=  0 com_z=0.948 com_x=-0.137
t= 30.50 max|qacc|=     162.6 max|qvel|=   0.13 ncon=  0 com_z=0.948 com_x=-0.137

== summary ==
pelvis/COM height: start 0.94 m, min 0.92 m, final 0.95 m  (stayed up)
COM x: min -0.21 max -0.04 final -0.14 m
COM y: min -0.040 max +0.004 m
RG_F_r bursts during walk window: 2
RG_r: cycles in window 3, period 0.31 s (3.27 Hz), E-duty 0.96
RG_l: cycles in window 3, period 0.31 s (3.27 Hz), E-duty 0.96
peak ctrl: [1.   1.   1.   0.91 0.4  0.79 0.81 1.   0.33 1.   1.   1.   1.   0.89
 0.4  0.79 0.73 1.   0.33 1.  ] (('vas_lat_r', 'med_gas_r', 'soleus_r', 'tib_ant_r', 'psoas_r', 'semimem_r', 'glut_max2_r', 'rect_fem_r', 'sar_r', 'grac_r', 'vas_lat_l', 'med_gas_l', 'soleus_l', 'tib_ant_l', 'psoas_l', 'semimem_l', 'glut_max2_l', 'rect_fem_l', 'sar_l', 'grac_l'))
  hip_flexion_r        -50.2 ..    54.3 deg
  knee_angle_r         -74.7 ..    12.1 deg
  ankle_angle_r        -84.3 ..    52.0 deg
  hip_adduction_r      -45.8 ..    10.5 deg
  subtalar_angle_r      -6.1 ..    21.4 deg
  hip_flexion_l        -49.9 ..    73.8 deg
  knee_angle_l         -76.9 ..    12.1 deg
  ankle_angle_l        -87.2 ..    53.5 deg
  hip_adduction_l      -47.1 ..     7.2 deg
  subtalar_angle_l      -7.2 ..    21.9 deg
  pelvis_tilt           -2.7 ..     1.3 deg
  pelvis_list           -0.7 ..    -0.1 deg
  pelvis_rotation        2.2 ..     2.8 deg
saved spinal_run.npz
(plot skipped: 'PF_E2_r')
fitted baseline loaded: e2_pf=0.222 f1_df=0.098 f1_kf=0.148 post_kneext=0.011 post_hipext=0.068 desc_f=1.400 e2_adapt=1.700
start pose (normal): applied 20 coordinates as given; pelvis ty 0.920 m (env override unset); IMU-metric torso lean -0.0 deg (+ = back)
standing solve: nnls x in [0.00, 0.70], >0.1: 14 muscles
  top: add_long_l=0.70, tib_ant_r=0.61, tib_ant_l=0.46, ext_dig_r=0.37, glut_min1_l=0.33, pect_l=0.32, glut_min2_l=0.31, ext_dig_l=0.25
Fmax range: 5..3396 N | L range sample: [0.229942 0.326094]
t=  1.00 max|qacc|=     286.2 max|qvel|=   3.32 ncon=  0 com_z=0.997 com_x=-0.211
t=  1.50 max|qacc|=      23.0 max|qvel|=   2.64 ncon=  0 com_z=0.952 com_x=-0.187
t=  2.00 max|qacc|=      52.6 max|qvel|=   1.43 ncon=  0 com_z=0.963 com_x=-0.193
t=  2.50 max|qacc|=     128.3 max|qvel|=   1.07 ncon=  0 com_z=0.958 com_x=-0.191
t=  3.00 max|qacc|=      22.5 max|qvel|=   0.82 ncon=  0 com_z=0.957 com_x=-0.188
t=  3.50 max|qacc|=      58.3 max|qvel|=   0.61 ncon=  0 com_z=0.959 com_x=-0.192
t=  4.00 max|qacc|=      59.5 max|qvel|=   0.89 ncon=  0 com_z=0.954 com_x=-0.189
t=  4.50 max|qacc|=     168.1 max|qvel|=   7.66 ncon=  0 com_z=0.957 com_x=-0.190
t=  5.00 max|qacc|=     182.2 max|qvel|=  16.94 ncon=  0 com_z=0.941 com_x=-0.054
t=  5.50 max|qacc|=     400.6 max|qvel|=  15.17 ncon=  0 com_z=0.953 com_x=-0.180
t=  6.00 max|qacc|=     652.9 max|qvel|=   5.12 ncon=  0 com_z=0.932 com_x=-0.137
t=  6.50 max|qacc|=     540.0 max|qvel|=   7.45 ncon=  0 com_z=0.943 com_x=-0.160
t=  7.00 max|qacc|=      56.9 max|qvel|=  10.58 ncon=  0 com_z=0.940 com_x=-0.161
t=  7.50 max|qacc|=      81.3 max|qvel|=   9.06 ncon=  0 com_z=0.946 com_x=-0.167
t=  8.00 max|qacc|=      63.3 max|qvel|=   7.42 ncon=  0 com_z=0.945 com_x=-0.166
t=  8.50 max|qacc|=      45.2 max|qvel|=   6.51 ncon=  0 com_z=0.947 com_x=-0.165
t=  9.00 max|qacc|=      72.4 max|qvel|=   6.60 ncon=  0 com_z=0.943 com_x=-0.159
t=  9.50 max|qacc|=      89.8 max|qvel|=   7.74 ncon=  0 com_z=0.940 com_x=-0.154
t= 10.00 max|qacc|=     216.0 max|qvel|=   6.24 ncon=  0 com_z=0.936 com_x=-0.145
t= 10.50 max|qacc|=     298.9 max|qvel|=   2.99 ncon=  0 com_z=0.933 com_x=-0.137
t= 11.00 max|qacc|=     399.4 max|qvel|=   3.04 ncon=  0 com_z=0.931 com_x=-0.130
t= 11.50 max|qacc|=     376.8 max|qvel|=   3.11 ncon=  0 com_z=0.932 com_x=-0.124
t= 12.00 max|qacc|=     363.4 max|qvel|=   8.70 ncon=  0 com_z=0.932 com_x=-0.121
t= 12.50 max|qacc|=     264.1 max|qvel|=  13.77 ncon=  0 com_z=0.933 com_x=-0.123
t= 13.00 max|qacc|=    1499.0 max|qvel|=  11.14 ncon=  0 com_z=0.934 com_x=-0.130
t= 13.50 max|qacc|=     273.5 max|qvel|=  15.75 ncon=  0 com_z=0.932 com_x=-0.136
t= 14.00 max|qacc|=     573.8 max|qvel|=  10.87 ncon=  0 com_z=0.934 com_x=-0.143
t= 14.50 max|qacc|=     620.9 max|qvel|=   6.26 ncon=  0 com_z=0.937 com_x=-0.151
t= 15.00 max|qacc|=     109.5 max|qvel|=  10.73 ncon=  0 com_z=0.940 com_x=-0.160
t= 15.50 max|qacc|=      93.1 max|qvel|=  10.40 ncon=  0 com_z=0.948 com_x=-0.173
t= 16.00 max|qacc|=      23.7 max|qvel|=   3.97 ncon=  0 com_z=0.956 com_x=-0.054
t= 16.50 max|qacc|=      15.6 max|qvel|=   0.86 ncon=  0 com_z=0.963 com_x=-0.087
t= 17.00 max|qacc|=      14.4 max|qvel|=   1.00 ncon=  0 com_z=0.953 com_x=-0.096
t= 17.50 max|qacc|=      15.2 max|qvel|=   0.56 ncon=  0 com_z=0.947 com_x=-0.100
t= 18.00 max|qacc|=      14.4 max|qvel|=   0.29 ncon=  0 com_z=0.948 com_x=-0.103
t= 18.50 max|qacc|=      15.5 max|qvel|=   0.19 ncon=  0 com_z=0.950 com_x=-0.101
t= 19.00 max|qacc|=      16.6 max|qvel|=   0.08 ncon=  0 com_z=0.950 com_x=-0.101
t= 19.50 max|qacc|=      15.9 max|qvel|=   0.09 ncon=  0 com_z=0.950 com_x=-0.101
t= 20.00 max|qacc|=      13.9 max|qvel|=   0.10 ncon=  0 com_z=0.949 com_x=-0.101
t= 20.50 max|qacc|=      11.1 max|qvel|=   0.11 ncon=  0 com_z=0.949 com_x=-0.101
t= 21.00 max|qacc|=       8.8 max|qvel|=   0.12 ncon=  0 com_z=0.949 com_x=-0.101
t= 21.50 max|qacc|=       7.6 max|qvel|=   0.11 ncon=  0 com_z=0.949 com_x=-0.101
t= 22.00 max|qacc|=       6.5 max|qvel|=   0.11 ncon=  0 com_z=0.949 com_x=-0.101
t= 22.50 max|qacc|=       5.2 max|qvel|=   0.10 ncon=  0 com_z=0.949 com_x=-0.101
t= 23.00 max|qacc|=       3.8 max|qvel|=   0.09 ncon=  0 com_z=0.949 com_x=-0.101
t= 23.50 max|qacc|=       2.3 max|qvel|=   0.08 ncon=  0 com_z=0.949 com_x=-0.101
t= 24.00 max|qacc|=       3.8 max|qvel|=   0.06 ncon=  0 com_z=0.949 com_x=-0.101
t= 24.50 max|qacc|=       5.3 max|qvel|=   0.05 ncon=  0 com_z=0.949 com_x=-0.101
t= 25.00 max|qacc|=       6.6 max|qvel|=   0.04 ncon=  0 com_z=0.950 com_x=-0.101
t= 25.50 max|qacc|=       7.8 max|qvel|=   0.04 ncon=  0 com_z=0.950 com_x=-0.101
t= 26.00 max|qacc|=       8.7 max|qvel|=   0.04 ncon=  0 com_z=0.950 com_x=-0.101
t= 26.50 max|qacc|=       9.1 max|qvel|=   0.03 ncon=  0 com_z=0.950 com_x=-0.101
t= 27.00 max|qacc|=       8.4 max|qvel|=   0.04 ncon=  0 com_z=0.950 com_x=-0.101
t= 27.50 max|qacc|=       8.4 max|qvel|=   0.05 ncon=  0 com_z=0.950 com_x=-0.101
t= 28.00 max|qacc|=       8.3 max|qvel|=   0.06 ncon=  0 com_z=0.950 com_x=-0.101
t= 28.50 max|qacc|=       8.0 max|qvel|=   0.07 ncon=  0 com_z=0.950 com_x=-0.101
t= 29.00 max|qacc|=       7.7 max|qvel|=   0.08 ncon=  0 com_z=0.950 com_x=-0.101
t= 29.50 max|qacc|=       7.6 max|qvel|=   0.08 ncon=  0 com_z=0.950 com_x=-0.101
t= 30.00 max|qacc|=       7.5 max|qvel|=   0.09 ncon=  0 com_z=0.950 com_x=-0.101
t= 30.50 max|qacc|=       7.2 max|qvel|=   0.09 ncon=  0 com_z=0.950 com_x=-0.101

== summary ==
pelvis/COM height: start 0.94 m, min 0.92 m, final 0.95 m  (stayed up)
COM x: min -0.21 max -0.04 final -0.10 m
COM y: min -0.040 max +0.005 m
RG_F_r bursts during walk window: 19
RG_r: cycles in window 19, period 0.53 s (1.88 Hz), E-duty 0.43
RG_l: cycles in window 19, period 0.53 s (1.88 Hz), E-duty 0.43
peak ctrl: [1.   1.   1.   0.92 0.41 0.79 0.81 0.99 0.34 1.   1.   1.   1.   0.9
 0.42 0.79 0.74 0.99 0.34 1.  ] (('vas_lat_r', 'med_gas_r', 'soleus_r', 'tib_ant_r', 'psoas_r', 'semimem_r', 'glut_max2_r', 'rect_fem_r', 'sar_r', 'grac_r', 'vas_lat_l', 'med_gas_l', 'soleus_l', 'tib_ant_l', 'psoas_l', 'semimem_l', 'glut_max2_l', 'rect_fem_l', 'sar_l', 'grac_l'))
  hip_flexion_r        -53.4 ..    54.2 deg
  knee_angle_r         -75.2 ..    12.1 deg
  ankle_angle_r        -83.3 ..    52.0 deg
  hip_adduction_r      -40.6 ..    13.0 deg
  subtalar_angle_r      -6.4 ..    12.9 deg
  hip_flexion_l        -56.0 ..    73.8 deg
  knee_angle_l         -80.3 ..    12.0 deg
  ankle_angle_l        -87.0 ..    53.4 deg
  hip_adduction_l      -47.2 ..     8.7 deg
  subtalar_angle_l      -7.8 ..    14.1 deg
  pelvis_tilt           -2.7 ..     1.8 deg
  pelvis_list           -0.6 ..    -0.1 deg
  pelvis_rotation        2.2 ..     2.8 deg
saved spinal_run.npz
(plot skipped: 'PF_E2_r')
fitted baseline loaded: e2_pf=0.222 f1_df=0.098 f1_kf=0.148 post_kneext=0.011 post_hipext=0.068 desc_f=1.400 e2_adapt=1.700
start pose (normal): applied 20 coordinates as given; pelvis ty 0.920 m (env override unset); IMU-metric torso lean -0.0 deg (+ = back)
standing solve: nnls x in [0.00, 0.70], >0.1: 14 muscles
  top: add_long_l=0.70, tib_ant_r=0.61, tib_ant_l=0.46, ext_dig_r=0.37, glut_min1_l=0.33, pect_l=0.32, glut_min2_l=0.31, ext_dig_l=0.25
Fmax range: 5..3396 N | L range sample: [0.229942 0.326094]
t=  1.00 max|qacc|=     202.4 max|qvel|=   2.31 ncon=  0 com_z=0.998 com_x=-0.211
t=  1.50 max|qacc|=      26.3 max|qvel|=   2.63 ncon=  0 com_z=0.952 com_x=-0.187
t=  2.00 max|qacc|=      42.5 max|qvel|=   1.43 ncon=  0 com_z=0.963 com_x=-0.193
t=  2.50 max|qacc|=      40.7 max|qvel|=   1.15 ncon=  0 com_z=0.958 com_x=-0.190
t=  3.00 max|qacc|=      33.8 max|qvel|=   0.75 ncon=  0 com_z=0.957 com_x=-0.188
t=  3.50 max|qacc|=      70.3 max|qvel|=   0.52 ncon=  0 com_z=0.959 com_x=-0.192
t=  4.00 max|qacc|=      24.0 max|qvel|=   0.44 ncon=  0 com_z=0.954 com_x=-0.188
t=  4.50 max|qacc|=     102.3 max|qvel|=   8.13 ncon=  0 com_z=0.956 com_x=-0.190
t=  5.00 max|qacc|=     185.0 max|qvel|=  16.14 ncon=  0 com_z=0.938 com_x=-0.058
t=  5.50 max|qacc|=    1435.9 max|qvel|=  11.30 ncon=  0 com_z=0.947 com_x=-0.167
t=  6.00 max|qacc|=     247.4 max|qvel|=  17.57 ncon=  0 com_z=0.927 com_x=-0.117
t=  6.50 max|qacc|=     246.8 max|qvel|=  16.91 ncon=  0 com_z=0.939 com_x=-0.137
t=  7.00 max|qacc|=     198.0 max|qvel|=  17.00 ncon=  0 com_z=0.928 com_x=-0.128
t=  7.50 max|qacc|=     213.6 max|qvel|=  16.66 ncon=  0 com_z=0.935 com_x=-0.134
t=  8.00 max|qacc|=     271.4 max|qvel|=  16.45 ncon=  0 com_z=0.930 com_x=-0.131
t=  8.50 max|qacc|=     307.5 max|qvel|=  16.10 ncon=  0 com_z=0.933 com_x=-0.135
t=  9.00 max|qacc|=     358.1 max|qvel|=  15.65 ncon=  0 com_z=0.932 com_x=-0.134
t=  9.50 max|qacc|=     386.3 max|qvel|=  15.11 ncon=  0 com_z=0.933 com_x=-0.136
t= 10.00 max|qacc|=     432.7 max|qvel|=  14.46 ncon=  0 com_z=0.933 com_x=-0.136
t= 10.50 max|qacc|=     477.1 max|qvel|=  13.66 ncon=  0 com_z=0.934 com_x=-0.137
t= 11.00 max|qacc|=     535.0 max|qvel|=  12.62 ncon=  0 com_z=0.934 com_x=-0.138
t= 11.50 max|qacc|=     590.6 max|qvel|=  11.30 ncon=  0 com_z=0.935 com_x=-0.139
t= 12.00 max|qacc|=     624.3 max|qvel|=   9.72 ncon=  0 com_z=0.935 com_x=-0.140
t= 12.50 max|qacc|=     644.8 max|qvel|=   7.95 ncon=  0 com_z=0.936 com_x=-0.141
t= 13.00 max|qacc|=     658.4 max|qvel|=   6.09 ncon=  0 com_z=0.936 com_x=-0.142
t= 13.50 max|qacc|=     672.2 max|qvel|=   5.49 ncon=  0 com_z=0.936 com_x=-0.144
t= 14.00 max|qacc|=     680.8 max|qvel|=   6.24 ncon=  0 com_z=0.937 com_x=-0.145
t= 14.50 max|qacc|=     701.1 max|qvel|=   6.77 ncon=  0 com_z=0.937 com_x=-0.146
t= 15.00 max|qacc|=     689.2 max|qvel|=   6.81 ncon=  0 com_z=0.937 com_x=-0.147
t= 15.50 max|qacc|=     185.7 max|qvel|=  11.85 ncon=  0 com_z=0.939 com_x=-0.154
t= 16.00 max|qacc|=     216.2 max|qvel|=   4.51 ncon=  0 com_z=0.933 com_x=-0.139
t= 16.50 max|qacc|=      42.0 max|qvel|=   0.74 ncon=  0 com_z=0.973 com_x=-0.193
t= 17.00 max|qacc|=     686.4 max|qvel|=   0.79 ncon=  0 com_z=0.946 com_x=-0.182
t= 17.50 max|qacc|=     435.3 max|qvel|=   0.36 ncon=  0 com_z=0.970 com_x=-0.198
t= 18.00 max|qacc|=      38.4 max|qvel|=   0.39 ncon=  0 com_z=0.948 com_x=-0.182
t= 18.50 max|qacc|=     215.5 max|qvel|=   1.72 ncon=  0 com_z=0.964 com_x=-0.194
t= 19.00 max|qacc|=      21.8 max|qvel|=   0.27 ncon=  0 com_z=0.951 com_x=-0.186
t= 19.50 max|qacc|=      42.9 max|qvel|=   0.30 ncon=  0 com_z=0.960 com_x=-0.192
t= 20.00 max|qacc|=     220.0 max|qvel|=   0.90 ncon=  0 com_z=0.954 com_x=-0.187
t= 20.50 max|qacc|=     115.4 max|qvel|=   0.65 ncon=  0 com_z=0.958 com_x=-0.192
t= 21.00 max|qacc|=     242.1 max|qvel|=   1.02 ncon=  0 com_z=0.955 com_x=-0.188
t= 21.50 max|qacc|=      48.4 max|qvel|=   0.50 ncon=  0 com_z=0.958 com_x=-0.190
t= 22.00 max|qacc|=     286.2 max|qvel|=   0.81 ncon=  0 com_z=0.955 com_x=-0.189
t= 22.50 max|qacc|=     141.2 max|qvel|=   0.29 ncon=  0 com_z=0.957 com_x=-0.190
t= 23.00 max|qacc|=      36.6 max|qvel|=   0.30 ncon=  0 com_z=0.956 com_x=-0.188
t= 23.50 max|qacc|=      42.9 max|qvel|=   0.38 ncon=  0 com_z=0.957 com_x=-0.191
t= 24.00 max|qacc|=     355.3 max|qvel|=   0.42 ncon=  0 com_z=0.957 com_x=-0.189
t= 24.50 max|qacc|=     219.0 max|qvel|=   2.25 ncon=  0 com_z=0.956 com_x=-0.189
t= 25.00 max|qacc|=     102.9 max|qvel|=   0.36 ncon=  0 com_z=0.956 com_x=-0.190
t= 25.50 max|qacc|=      87.8 max|qvel|=   0.21 ncon=  0 com_z=0.957 com_x=-0.189
t= 26.00 max|qacc|=     233.2 max|qvel|=   2.28 ncon=  0 com_z=0.956 com_x=-0.189
t= 26.50 max|qacc|=      65.5 max|qvel|=   0.28 ncon=  0 com_z=0.956 com_x=-0.190
t= 27.00 max|qacc|=     114.4 max|qvel|=   0.87 ncon=  0 com_z=0.957 com_x=-0.189
t= 27.50 max|qacc|=     281.4 max|qvel|=   0.82 ncon=  0 com_z=0.956 com_x=-0.189
t= 28.00 max|qacc|=     147.0 max|qvel|=   0.56 ncon=  0 com_z=0.956 com_x=-0.190
t= 28.50 max|qacc|=    1049.2 max|qvel|=   1.18 ncon=  0 com_z=0.957 com_x=-0.189
t= 29.00 max|qacc|=     217.5 max|qvel|=   0.54 ncon=  0 com_z=0.956 com_x=-0.189
t= 29.50 max|qacc|=      59.9 max|qvel|=   0.60 ncon=  0 com_z=0.956 com_x=-0.190
t= 30.00 max|qacc|=     308.4 max|qvel|=   0.88 ncon=  0 com_z=0.957 com_x=-0.189
t= 30.50 max|qacc|=      25.5 max|qvel|=   0.15 ncon=  0 com_z=0.956 com_x=-0.189

== summary ==
pelvis/COM height: start 0.94 m, min 0.92 m, final 0.96 m  (stayed up)
COM x: min -0.22 max -0.04 final -0.19 m
COM y: min -0.040 max +0.006 m
RG_F_r bursts during walk window: 20
RG_r: cycles in window 20, period 0.50 s (1.98 Hz), E-duty 0.41
RG_l: cycles in window 20, period 0.50 s (1.98 Hz), E-duty 0.41
peak ctrl: [1.   1.   1.   0.81 0.41 0.79 0.82 0.99 0.33 1.   1.   1.   1.   0.8
 0.41 0.79 0.74 0.99 0.33 1.  ] (('vas_lat_r', 'med_gas_r', 'soleus_r', 'tib_ant_r', 'psoas_r', 'semimem_r', 'glut_max2_r', 'rect_fem_r', 'sar_r', 'grac_r', 'vas_lat_l', 'med_gas_l', 'soleus_l', 'tib_ant_l', 'psoas_l', 'semimem_l', 'glut_max2_l', 'rect_fem_l', 'sar_l', 'grac_l'))
  hip_flexion_r        -50.0 ..    62.8 deg
  knee_angle_r         -72.7 ..    12.7 deg
  ankle_angle_r        -85.0 ..    52.1 deg
  hip_adduction_r      -39.0 ..    13.2 deg
  subtalar_angle_r      -6.5 ..    12.6 deg
  hip_flexion_l        -50.5 ..    73.9 deg
  knee_angle_l         -76.5 ..    12.5 deg
  ankle_angle_l        -87.4 ..    53.5 deg
  hip_adduction_l      -47.2 ..     8.6 deg
  subtalar_angle_l      -8.3 ..    13.2 deg
  pelvis_tilt           -2.8 ..     1.7 deg
  pelvis_list           -0.7 ..    -0.1 deg
  pelvis_rotation        2.2 ..     2.8 deg
saved spinal_run.npz
(plot skipped: 'PF_E2_r')
fitted baseline loaded: e2_pf=0.222 f1_df=0.098 f1_kf=0.148 post_kneext=0.011 post_hipext=0.068 desc_f=1.400 e2_adapt=1.700
start pose (normal): applied 20 coordinates as given; pelvis ty 0.920 m (env override unset); IMU-metric torso lean -0.0 deg (+ = back)
standing solve: nnls x in [0.00, 0.70], >0.1: 14 muscles
  top: add_long_l=0.70, tib_ant_r=0.61, tib_ant_l=0.46, ext_dig_r=0.37, glut_min1_l=0.33, pect_l=0.32, glut_min2_l=0.31, ext_dig_l=0.25
Fmax range: 5..3396 N | L range sample: [0.229942 0.326094]
t=  1.00 max|qacc|=      87.9 max|qvel|=   2.26 ncon=  0 com_z=0.998 com_x=-0.211
t=  1.50 max|qacc|=      24.4 max|qvel|=   2.62 ncon=  0 com_z=0.952 com_x=-0.187
t=  2.00 max|qacc|=     163.8 max|qvel|=   1.43 ncon=  0 com_z=0.963 com_x=-0.193
t=  2.50 max|qacc|=      86.1 max|qvel|=   1.17 ncon=  0 com_z=0.957 com_x=-0.190
t=  3.00 max|qacc|=      33.8 max|qvel|=   0.74 ncon=  0 com_z=0.958 com_x=-0.189
t=  3.50 max|qacc|=      33.5 max|qvel|=   0.61 ncon=  0 com_z=0.958 com_x=-0.191
t=  4.00 max|qacc|=    2867.2 max|qvel|=   3.02 ncon=  0 com_z=0.955 com_x=-0.189
t=  4.50 max|qacc|=     871.1 max|qvel|=   1.69 ncon=  0 com_z=0.957 com_x=-0.191
t=  5.00 max|qacc|=     387.3 max|qvel|=   5.96 ncon=  0 com_z=0.955 com_x=-0.082
t=  5.50 max|qacc|=      40.3 max|qvel|=   6.79 ncon=  0 com_z=0.977 com_x=-0.193
t=  6.00 max|qacc|=     129.0 max|qvel|=   4.14 ncon=  0 com_z=0.928 com_x=-0.115
t=  6.50 max|qacc|=     206.7 max|qvel|=  17.82 ncon=  0 com_z=0.947 com_x=-0.103
t=  7.00 max|qacc|=    1030.0 max|qvel|=   8.26 ncon=  0 com_z=0.939 com_x=-0.159
t=  7.50 max|qacc|=      85.7 max|qvel|=   7.24 ncon=  0 com_z=0.960 com_x=-0.183
t=  8.00 max|qacc|=     182.5 max|qvel|=   3.36 ncon=  0 com_z=0.933 com_x=-0.122
t=  8.50 max|qacc|=    1898.0 max|qvel|=  11.75 ncon=  0 com_z=0.945 com_x=-0.097
t=  9.00 max|qacc|=     562.5 max|qvel|=  12.49 ncon=  0 com_z=0.938 com_x=-0.155
t=  9.50 max|qacc|=      79.9 max|qvel|=   8.45 ncon=  0 com_z=0.959 com_x=-0.183
t= 10.00 max|qacc|=     132.1 max|qvel|=   3.49 ncon=  0 com_z=0.936 com_x=-0.134
t= 10.50 max|qacc|=     261.9 max|qvel|=  13.29 ncon=  0 com_z=0.946 com_x=-0.091
t= 11.00 max|qacc|=     633.0 max|qvel|=   7.36 ncon=  0 com_z=0.937 com_x=-0.143
t= 11.50 max|qacc|=      70.6 max|qvel|=   9.64 ncon=  0 com_z=0.959 com_x=-0.184
t= 12.00 max|qacc|=     214.7 max|qvel|=   4.60 ncon=  0 com_z=0.938 com_x=-0.145
t= 12.50 max|qacc|=     384.2 max|qvel|=   8.53 ncon=  0 com_z=0.944 com_x=-0.091
t= 13.00 max|qacc|=     510.6 max|qvel|=   5.29 ncon=  0 com_z=0.937 com_x=-0.131
t= 13.50 max|qacc|=      72.5 max|qvel|=  10.74 ncon=  0 com_z=0.956 com_x=-0.184
t= 14.00 max|qacc|=     100.7 max|qvel|=   7.51 ncon=  0 com_z=0.943 com_x=-0.155
t= 14.50 max|qacc|=     377.8 max|qvel|=   6.34 ncon=  0 com_z=0.941 com_x=-0.093
t= 15.00 max|qacc|=     447.7 max|qvel|=  12.29 ncon=  0 com_z=0.938 com_x=-0.120
t= 15.50 max|qacc|=      65.8 max|qvel|=  11.48 ncon=  0 com_z=0.959 com_x=-0.188
t= 16.00 max|qacc|=      35.1 max|qvel|=   4.99 ncon=  0 com_z=0.964 com_x=-0.048
t= 16.50 max|qacc|=      28.9 max|qvel|=   0.92 ncon=  0 com_z=0.967 com_x=-0.090
t= 17.00 max|qacc|=      13.0 max|qvel|=   1.39 ncon=  0 com_z=0.951 com_x=-0.099
t= 17.50 max|qacc|=      15.3 max|qvel|=   0.62 ncon=  0 com_z=0.946 com_x=-0.104
t= 18.00 max|qacc|=      15.2 max|qvel|=   0.38 ncon=  0 com_z=0.948 com_x=-0.106
t= 18.50 max|qacc|=      15.9 max|qvel|=   0.26 ncon=  0 com_z=0.950 com_x=-0.103
t= 19.00 max|qacc|=      17.2 max|qvel|=   0.11 ncon=  0 com_z=0.949 com_x=-0.104
t= 19.50 max|qacc|=      14.8 max|qvel|=   0.11 ncon=  0 com_z=0.949 com_x=-0.104
t= 20.00 max|qacc|=      10.8 max|qvel|=   0.12 ncon=  0 com_z=0.949 com_x=-0.104
t= 20.50 max|qacc|=       8.6 max|qvel|=   0.12 ncon=  0 com_z=0.949 com_x=-0.104
t= 21.00 max|qacc|=       6.9 max|qvel|=   0.11 ncon=  0 com_z=0.949 com_x=-0.104
t= 21.50 max|qacc|=       5.2 max|qvel|=   0.10 ncon=  0 com_z=0.949 com_x=-0.104
t= 22.00 max|qacc|=       3.4 max|qvel|=   0.09 ncon=  0 com_z=0.949 com_x=-0.104
t= 22.50 max|qacc|=       3.4 max|qvel|=   0.07 ncon=  0 com_z=0.949 com_x=-0.104
t= 23.00 max|qacc|=       5.5 max|qvel|=   0.05 ncon=  0 com_z=0.949 com_x=-0.104
t= 23.50 max|qacc|=       7.3 max|qvel|=   0.04 ncon=  0 com_z=0.949 com_x=-0.104
t= 24.00 max|qacc|=       8.9 max|qvel|=   0.04 ncon=  0 com_z=0.949 com_x=-0.104
t= 24.50 max|qacc|=       9.5 max|qvel|=   0.03 ncon=  0 com_z=0.949 com_x=-0.104
t= 25.00 max|qacc|=       8.5 max|qvel|=   0.04 ncon=  0 com_z=0.949 com_x=-0.104
t= 25.50 max|qacc|=       8.5 max|qvel|=   0.06 ncon=  0 com_z=0.949 com_x=-0.104
t= 26.00 max|qacc|=       8.2 max|qvel|=   0.07 ncon=  0 com_z=0.949 com_x=-0.104
t= 26.50 max|qacc|=       7.7 max|qvel|=   0.08 ncon=  0 com_z=0.949 com_x=-0.104
t= 27.00 max|qacc|=       7.6 max|qvel|=   0.09 ncon=  0 com_z=0.949 com_x=-0.104
t= 27.50 max|qacc|=       7.5 max|qvel|=   0.09 ncon=  0 com_z=0.949 com_x=-0.104
t= 28.00 max|qacc|=       7.4 max|qvel|=   0.09 ncon=  0 com_z=0.949 com_x=-0.104
t= 28.50 max|qacc|=       7.3 max|qvel|=   0.09 ncon=  0 com_z=0.949 com_x=-0.104
t= 29.00 max|qacc|=       6.8 max|qvel|=   0.09 ncon=  0 com_z=0.949 com_x=-0.104
t= 29.50 max|qacc|=       5.9 max|qvel|=   0.08 ncon=  0 com_z=0.949 com_x=-0.104
t= 30.00 max|qacc|=       4.4 max|qvel|=   0.07 ncon=  0 com_z=0.949 com_x=-0.104
t= 30.50 max|qacc|=       2.6 max|qvel|=   0.05 ncon=  0 com_z=0.949 com_x=-0.104

== summary ==
pelvis/COM height: start 0.94 m, min 0.92 m, final 0.95 m  (stayed up)
COM x: min -0.21 max -0.04 final -0.10 m
COM y: min -0.040 max +0.003 m
RG_F_r bursts during walk window: 15
RG_r: cycles in window 16, period 0.66 s (1.52 Hz), E-duty 0.42
RG_l: cycles in window 16, period 0.66 s (1.52 Hz), E-duty 0.42
peak ctrl: [1.   1.   1.   0.92 0.39 0.79 0.82 0.99 0.32 1.   1.   1.   1.   0.9
 0.39 0.79 0.75 0.99 0.32 1.  ] (('vas_lat_r', 'med_gas_r', 'soleus_r', 'tib_ant_r', 'psoas_r', 'semimem_r', 'glut_max2_r', 'rect_fem_r', 'sar_r', 'grac_r', 'vas_lat_l', 'med_gas_l', 'soleus_l', 'tib_ant_l', 'psoas_l', 'semimem_l', 'glut_max2_l', 'rect_fem_l', 'sar_l', 'grac_l'))
  hip_flexion_r        -61.9 ..    54.4 deg
  knee_angle_r         -76.6 ..    12.7 deg
  ankle_angle_r        -84.7 ..    51.8 deg
  hip_adduction_r      -46.2 ..    14.8 deg
  subtalar_angle_r      -6.6 ..    12.1 deg
  hip_flexion_l        -64.2 ..    73.7 deg
  knee_angle_l         -81.3 ..    12.5 deg
  ankle_angle_l        -87.1 ..    53.5 deg
  hip_adduction_l      -47.1 ..    13.0 deg
  subtalar_angle_l      -7.7 ..    12.6 deg
  pelvis_tilt           -2.7 ..     1.8 deg
  pelvis_list           -0.6 ..    -0.1 deg
  pelvis_rotation        2.2 ..     2.8 deg
saved spinal_run.npz
(plot skipped: 'PF_E2_r')
fitted baseline loaded: e2_pf=0.222 f1_df=0.098 f1_kf=0.148 post_kneext=0.011 post_hipext=0.068 desc_f=1.400 e2_adapt=1.700
start pose (normal): applied 20 coordinates as given; pelvis ty 0.920 m (env override unset); IMU-metric torso lean -0.0 deg (+ = back)
standing solve: nnls x in [0.00, 0.70], >0.1: 14 muscles
  top: add_long_l=0.70, tib_ant_r=0.61, tib_ant_l=0.46, ext_dig_r=0.37, glut_min1_l=0.33, pect_l=0.32, glut_min2_l=0.31, ext_dig_l=0.25
Fmax range: 5..3396 N | L range sample: [0.229942 0.326094]
t=  1.00 max|qacc|=     113.8 max|qvel|=   2.23 ncon=  0 com_z=0.998 com_x=-0.211
t=  1.50 max|qacc|=     305.7 max|qvel|=   2.63 ncon=  0 com_z=0.952 com_x=-0.187
t=  2.00 max|qacc|=      22.0 max|qvel|=   1.42 ncon=  0 com_z=0.963 com_x=-0.193
t=  2.50 max|qacc|=      33.8 max|qvel|=   1.18 ncon=  0 com_z=0.958 com_x=-0.190
t=  3.00 max|qacc|=     208.5 max|qvel|=   0.70 ncon=  0 com_z=0.957 com_x=-0.189
t=  3.50 max|qacc|=      67.7 max|qvel|=   0.46 ncon=  0 com_z=0.959 com_x=-0.192
t=  4.00 max|qacc|=     114.7 max|qvel|=   1.95 ncon=  0 com_z=0.954 com_x=-0.188
t=  4.50 max|qacc|=      62.6 max|qvel|=  11.84 ncon=  0 com_z=0.939 com_x=-0.149
t=  5.00 max|qacc|=      59.8 max|qvel|=   7.16 ncon=  0 com_z=0.947 com_x=-0.158
t=  5.50 max|qacc|=     673.5 max|qvel|=   4.59 ncon=  0 com_z=0.945 com_x=-0.149
t=  6.00 max|qacc|=     380.7 max|qvel|=   6.59 ncon=  0 com_z=0.930 com_x=-0.144
t=  6.50 max|qacc|=      39.2 max|qvel|=   6.98 ncon=  0 com_z=0.940 com_x=-0.153
t=  7.00 max|qacc|=     318.7 max|qvel|=  10.11 ncon=  0 com_z=0.931 com_x=-0.138
t=  7.50 max|qacc|=      45.6 max|qvel|=   6.84 ncon=  0 com_z=0.937 com_x=-0.153
t=  8.00 max|qacc|=     281.5 max|qvel|=   9.41 ncon=  0 com_z=0.936 com_x=-0.141
t=  8.50 max|qacc|=      71.4 max|qvel|=   7.66 ncon=  0 com_z=0.934 com_x=-0.151
t=  9.00 max|qacc|=     524.5 max|qvel|=   7.67 ncon=  0 com_z=0.937 com_x=-0.144
t=  9.50 max|qacc|=     198.0 max|qvel|=   6.51 ncon=  0 com_z=0.932 com_x=-0.147
t= 10.00 max|qacc|=     480.2 max|qvel|=   3.43 ncon=  0 com_z=0.937 com_x=-0.147
t= 10.50 max|qacc|=     368.2 max|qvel|=   1.64 ncon=  0 com_z=0.932 com_x=-0.143
t= 11.00 max|qacc|=      90.4 max|qvel|=   6.43 ncon=  0 com_z=0.938 com_x=-0.150
t= 11.50 max|qacc|=     265.4 max|qvel|=   8.19 ncon=  0 com_z=0.932 com_x=-0.141
t= 12.00 max|qacc|=      47.0 max|qvel|=   6.83 ncon=  0 com_z=0.938 com_x=-0.152
t= 12.50 max|qacc|=     346.8 max|qvel|=  10.91 ncon=  0 com_z=0.933 com_x=-0.141
t= 13.00 max|qacc|=      56.8 max|qvel|=   6.88 ncon=  0 com_z=0.936 com_x=-0.152
t= 13.50 max|qacc|=     308.4 max|qvel|=   8.64 ncon=  0 com_z=0.936 com_x=-0.143
t= 14.00 max|qacc|=     114.5 max|qvel|=   7.48 ncon=  0 com_z=0.934 com_x=-0.150
t= 14.50 max|qacc|=     575.8 max|qvel|=   6.18 ncon=  0 com_z=0.937 com_x=-0.144
t= 15.00 max|qacc|=     333.9 max|qvel|=   5.42 ncon=  0 com_z=0.932 com_x=-0.147
t= 15.50 max|qacc|=      61.4 max|qvel|=   8.93 ncon=  0 com_z=0.941 com_x=-0.156
t= 16.00 max|qacc|=     121.9 max|qvel|=   2.08 ncon=  0 com_z=0.955 com_x=-0.178
t= 16.50 max|qacc|=     238.7 max|qvel|=   5.33 ncon=  0 com_z=0.969 com_x=-0.070
t= 17.00 max|qacc|=      15.1 max|qvel|=   1.46 ncon=  0 com_z=0.951 com_x=-0.118
t= 17.50 max|qacc|=      12.0 max|qvel|=   0.63 ncon=  0 com_z=0.944 com_x=-0.095
t= 18.00 max|qacc|=       9.3 max|qvel|=   0.72 ncon=  0 com_z=0.949 com_x=-0.104
t= 18.50 max|qacc|=       8.1 max|qvel|=   0.37 ncon=  0 com_z=0.951 com_x=-0.100
t= 19.00 max|qacc|=       5.8 max|qvel|=   0.17 ncon=  0 com_z=0.950 com_x=-0.100
t= 19.50 max|qacc|=      12.5 max|qvel|=   0.13 ncon=  0 com_z=0.949 com_x=-0.101
t= 20.00 max|qacc|=      15.1 max|qvel|=   0.08 ncon=  0 com_z=0.949 com_x=-0.101
t= 20.50 max|qacc|=      16.4 max|qvel|=   0.06 ncon=  0 com_z=0.949 com_x=-0.101
t= 21.00 max|qacc|=      16.1 max|qvel|=   0.08 ncon=  0 com_z=0.949 com_x=-0.101
t= 21.50 max|qacc|=      14.8 max|qvel|=   0.10 ncon=  0 com_z=0.949 com_x=-0.101
t= 22.00 max|qacc|=      12.8 max|qvel|=   0.11 ncon=  0 com_z=0.949 com_x=-0.101
t= 22.50 max|qacc|=       9.5 max|qvel|=   0.12 ncon=  0 com_z=0.949 com_x=-0.101
t= 23.00 max|qacc|=       8.3 max|qvel|=   0.12 ncon=  0 com_z=0.949 com_x=-0.101
t= 23.50 max|qacc|=       7.2 max|qvel|=   0.11 ncon=  0 com_z=0.949 com_x=-0.101
t= 24.00 max|qacc|=       6.0 max|qvel|=   0.11 ncon=  0 com_z=0.949 com_x=-0.101
t= 24.50 max|qacc|=       4.7 max|qvel|=   0.10 ncon=  0 com_z=0.949 com_x=-0.101
t= 25.00 max|qacc|=       3.2 max|qvel|=   0.09 ncon=  0 com_z=0.949 com_x=-0.101
t= 25.50 max|qacc|=       2.7 max|qvel|=   0.07 ncon=  0 com_z=0.949 com_x=-0.101
t= 26.00 max|qacc|=       4.3 max|qvel|=   0.06 ncon=  0 com_z=0.949 com_x=-0.101
t= 26.50 max|qacc|=       5.7 max|qvel|=   0.05 ncon=  0 com_z=0.950 com_x=-0.101
t= 27.00 max|qacc|=       7.0 max|qvel|=   0.04 ncon=  0 com_z=0.950 com_x=-0.101
t= 27.50 max|qacc|=       8.1 max|qvel|=   0.04 ncon=  0 com_z=0.950 com_x=-0.101
t= 28.00 max|qacc|=       8.9 max|qvel|=   0.03 ncon=  0 com_z=0.950 com_x=-0.101
t= 28.50 max|qacc|=       9.0 max|qvel|=   0.03 ncon=  0 com_z=0.950 com_x=-0.101
t= 29.00 max|qacc|=       8.4 max|qvel|=   0.04 ncon=  0 com_z=0.950 com_x=-0.101
t= 29.50 max|qacc|=       8.4 max|qvel|=   0.05 ncon=  0 com_z=0.950 com_x=-0.101
t= 30.00 max|qacc|=       8.3 max|qvel|=   0.06 ncon=  0 com_z=0.950 com_x=-0.101
t= 30.50 max|qacc|=       8.0 max|qvel|=   0.07 ncon=  0 com_z=0.950 com_x=-0.101

== summary ==
pelvis/COM height: start 0.94 m, min 0.92 m, final 0.95 m  (stayed up)
COM x: min -0.21 max -0.04 final -0.10 m
COM y: min -0.040 max +0.004 m
RG_F_r bursts during walk window: 29
RG_r: cycles in window 29, period 0.35 s (2.89 Hz), E-duty 0.44
RG_l: cycles in window 29, period 0.35 s (2.89 Hz), E-duty 0.44
peak ctrl: [1.   1.   1.   0.92 0.43 0.79 0.81 0.99 0.34 1.   1.   1.   1.   0.9
 0.43 0.79 0.74 0.99 0.34 1.  ] (('vas_lat_r', 'med_gas_r', 'soleus_r', 'tib_ant_r', 'psoas_r', 'semimem_r', 'glut_max2_r', 'rect_fem_r', 'sar_r', 'grac_r', 'vas_lat_l', 'med_gas_l', 'soleus_l', 'tib_ant_l', 'psoas_l', 'semimem_l', 'glut_max2_l', 'rect_fem_l', 'sar_l', 'grac_l'))
  hip_flexion_r        -53.7 ..    54.4 deg
  knee_angle_r         -77.2 ..    11.8 deg
  ankle_angle_r        -84.2 ..    52.1 deg
  hip_adduction_r      -36.7 ..    10.3 deg
  subtalar_angle_r      -6.2 ..    17.5 deg
  hip_flexion_l        -57.6 ..    73.6 deg
  knee_angle_l         -84.9 ..    12.4 deg
  ankle_angle_l        -86.0 ..    53.4 deg
  hip_adduction_l      -47.1 ..     7.2 deg
  subtalar_angle_l      -7.8 ..    16.7 deg
  pelvis_tilt           -2.7 ..     1.2 deg
  pelvis_list           -0.7 ..    -0.1 deg
  pelvis_rotation        2.2 ..     2.8 deg
saved spinal_run.npz
(plot skipped: 'PF_E2_r')
fitted baseline loaded: e2_pf=0.222 f1_df=0.098 f1_kf=0.148 post_kneext=0.011 post_hipext=0.068 desc_f=1.400 e2_adapt=1.700
start pose (normal): applied 20 coordinates as given; pelvis ty 0.920 m (env override unset); IMU-metric torso lean -0.0 deg (+ = back)
standing solve: nnls x in [0.00, 0.70], >0.1: 14 muscles
  top: add_long_l=0.70, tib_ant_r=0.61, tib_ant_l=0.46, ext_dig_r=0.37, glut_min1_l=0.33, pect_l=0.32, glut_min2_l=0.31, ext_dig_l=0.25
Fmax range: 5..3396 N | L range sample: [0.229942 0.326094]
t=  1.00 max|qacc|=     277.7 max|qvel|=   2.25 ncon=  0 com_z=0.998 com_x=-0.211
t=  1.50 max|qacc|=      26.2 max|qvel|=   2.59 ncon=  0 com_z=0.952 com_x=-0.187
t=  2.00 max|qacc|=      54.5 max|qvel|=   1.40 ncon=  0 com_z=0.963 com_x=-0.193
t=  2.50 max|qacc|=     608.7 max|qvel|=   1.16 ncon=  0 com_z=0.958 com_x=-0.191
t=  3.00 max|qacc|=      91.1 max|qvel|=   0.72 ncon=  0 com_z=0.957 com_x=-0.188
t=  3.50 max|qacc|=     238.2 max|qvel|=   0.61 ncon=  0 com_z=0.959 com_x=-0.192
t=  4.00 max|qacc|=     435.5 max|qvel|=   0.78 ncon=  0 com_z=0.954 com_x=-0.189
t=  4.50 max|qacc|=     943.5 max|qvel|=  10.10 ncon=  0 com_z=0.938 com_x=-0.132
t=  5.00 max|qacc|=      67.5 max|qvel|=   7.61 ncon=  0 com_z=0.959 com_x=-0.174
t=  5.50 max|qacc|=     736.9 max|qvel|=   2.82 ncon=  0 com_z=0.945 com_x=-0.151
t=  6.00 max|qacc|=      32.9 max|qvel|=   2.44 ncon=  0 com_z=0.936 com_x=-0.153
t=  6.50 max|qacc|=     104.2 max|qvel|=   2.42 ncon=  0 com_z=0.939 com_x=-0.134
t=  7.00 max|qacc|=      18.1 max|qvel|=   0.57 ncon=  0 com_z=0.958 com_x=-0.132
t=  7.50 max|qacc|=      51.5 max|qvel|=   0.97 ncon=  0 com_z=0.937 com_x=-0.126
t=  8.00 max|qacc|=      19.9 max|qvel|=   0.64 ncon=  0 com_z=0.941 com_x=-0.139
t=  8.50 max|qacc|=      21.7 max|qvel|=   0.37 ncon=  0 com_z=0.947 com_x=-0.134
t=  9.00 max|qacc|=     170.5 max|qvel|=   0.26 ncon=  0 com_z=0.941 com_x=-0.130
t=  9.50 max|qacc|=      21.3 max|qvel|=   0.22 ncon=  0 com_z=0.943 com_x=-0.135
t= 10.00 max|qacc|=      84.7 max|qvel|=   0.09 ncon=  0 com_z=0.944 com_x=-0.133
t= 10.50 max|qacc|=      33.6 max|qvel|=   0.07 ncon=  0 com_z=0.942 com_x=-0.133
t= 11.00 max|qacc|=      52.6 max|qvel|=   0.18 ncon=  0 com_z=0.943 com_x=-0.134
t= 11.50 max|qacc|=      75.5 max|qvel|=   0.11 ncon=  0 com_z=0.943 com_x=-0.134
t= 12.00 max|qacc|=      12.4 max|qvel|=   0.08 ncon=  0 com_z=0.943 com_x=-0.133
t= 12.50 max|qacc|=      88.5 max|qvel|=   0.12 ncon=  0 com_z=0.943 com_x=-0.133
t= 13.00 max|qacc|=      81.7 max|qvel|=   0.24 ncon=  0 com_z=0.943 com_x=-0.133
t= 13.50 max|qacc|=      37.8 max|qvel|=   0.08 ncon=  0 com_z=0.943 com_x=-0.133
t= 14.00 max|qacc|=      46.2 max|qvel|=   0.23 ncon=  0 com_z=0.943 com_x=-0.134
t= 14.50 max|qacc|=      27.2 max|qvel|=   0.12 ncon=  0 com_z=0.943 com_x=-0.134
t= 15.00 max|qacc|=      35.1 max|qvel|=   0.18 ncon=  0 com_z=0.943 com_x=-0.134
t= 15.50 max|qacc|=      11.3 max|qvel|=   0.36 ncon=  0 com_z=0.944 com_x=-0.133
t= 16.00 max|qacc|=     137.1 max|qvel|=   0.79 ncon=  0 com_z=0.944 com_x=-0.134
t= 16.50 max|qacc|=      15.5 max|qvel|=   1.67 ncon=  0 com_z=0.946 com_x=-0.134
t= 17.00 max|qacc|=      11.5 max|qvel|=   0.08 ncon=  0 com_z=0.948 com_x=-0.137
t= 17.50 max|qacc|=      35.1 max|qvel|=   0.11 ncon=  0 com_z=0.947 com_x=-0.138
t= 18.00 max|qacc|=      17.5 max|qvel|=   0.15 ncon=  0 com_z=0.948 com_x=-0.138
t= 18.50 max|qacc|=     156.3 max|qvel|=   0.50 ncon=  0 com_z=0.948 com_x=-0.138
t= 19.00 max|qacc|=     169.4 max|qvel|=   0.62 ncon=  0 com_z=0.948 com_x=-0.137
t= 19.50 max|qacc|=      47.4 max|qvel|=   0.11 ncon=  0 com_z=0.948 com_x=-0.137
t= 20.00 max|qacc|=      33.2 max|qvel|=   0.11 ncon=  0 com_z=0.948 com_x=-0.137
t= 20.50 max|qacc|=      53.0 max|qvel|=   0.09 ncon=  0 com_z=0.948 com_x=-0.137
t= 21.00 max|qacc|=      19.4 max|qvel|=   0.11 ncon=  0 com_z=0.948 com_x=-0.138
t= 21.50 max|qacc|=      17.7 max|qvel|=   0.36 ncon=  0 com_z=0.948 com_x=-0.138
t= 22.00 max|qacc|=      34.7 max|qvel|=   0.16 ncon=  0 com_z=0.948 com_x=-0.138
t= 22.50 max|qacc|=      47.9 max|qvel|=   0.26 ncon=  0 com_z=0.948 com_x=-0.137
t= 23.00 max|qacc|=      37.7 max|qvel|=   0.12 ncon=  0 com_z=0.948 com_x=-0.137
t= 23.50 max|qacc|=      24.6 max|qvel|=   0.10 ncon=  0 com_z=0.948 com_x=-0.137
t= 24.00 max|qacc|=      49.7 max|qvel|=   0.22 ncon=  0 com_z=0.948 com_x=-0.137
t= 24.50 max|qacc|=      17.6 max|qvel|=   0.12 ncon=  0 com_z=0.948 com_x=-0.138
t= 25.00 max|qacc|=      74.3 max|qvel|=   0.16 ncon=  0 com_z=0.948 com_x=-0.138
t= 25.50 max|qacc|=      87.9 max|qvel|=   0.63 ncon=  0 com_z=0.948 com_x=-0.138
t= 26.00 max|qacc|=      89.6 max|qvel|=   0.07 ncon=  0 com_z=0.948 com_x=-0.138
t= 26.50 max|qacc|=      20.3 max|qvel|=   0.13 ncon=  0 com_z=0.948 com_x=-0.137
t= 27.00 max|qacc|=      10.8 max|qvel|=   0.12 ncon=  0 com_z=0.948 com_x=-0.137
t= 27.50 max|qacc|=      66.4 max|qvel|=   0.10 ncon=  0 com_z=0.948 com_x=-0.137
t= 28.00 max|qacc|=      21.4 max|qvel|=   0.08 ncon=  0 com_z=0.948 com_x=-0.137
t= 28.50 max|qacc|=      79.6 max|qvel|=   0.12 ncon=  0 com_z=0.948 com_x=-0.138
t= 29.00 max|qacc|=      69.3 max|qvel|=   1.13 ncon=  0 com_z=0.948 com_x=-0.138
t= 29.50 max|qacc|=      59.3 max|qvel|=   0.20 ncon=  0 com_z=0.948 com_x=-0.138
t= 30.00 max|qacc|=      19.4 max|qvel|=   0.11 ncon=  0 com_z=0.948 com_x=-0.137
t= 30.50 max|qacc|=      59.6 max|qvel|=   0.17 ncon=  0 com_z=0.948 com_x=-0.137

== summary ==
pelvis/COM height: start 0.94 m, min 0.92 m, final 0.95 m  (stayed up)
COM x: min -0.21 max -0.05 final -0.14 m
COM y: min -0.040 max +0.004 m
RG_F_r bursts during walk window: 2
RG_r: cycles in window 3, period 0.31 s (3.24 Hz), E-duty 0.96
RG_l: cycles in window 3, period 0.31 s (3.24 Hz), E-duty 0.96
peak ctrl: [1.   1.   1.   0.91 0.4  0.79 0.81 1.   0.32 1.   1.   1.   1.   0.89
 0.4  0.79 0.73 1.   0.32 1.  ] (('vas_lat_r', 'med_gas_r', 'soleus_r', 'tib_ant_r', 'psoas_r', 'semimem_r', 'glut_max2_r', 'rect_fem_r', 'sar_r', 'grac_r', 'vas_lat_l', 'med_gas_l', 'soleus_l', 'tib_ant_l', 'psoas_l', 'semimem_l', 'glut_max2_l', 'rect_fem_l', 'sar_l', 'grac_l'))
  hip_flexion_r        -43.3 ..    54.3 deg
  knee_angle_r         -65.2 ..    12.2 deg
  ankle_angle_r        -84.2 ..    51.9 deg
  hip_adduction_r      -45.6 ..    10.4 deg
  subtalar_angle_r      -6.2 ..    21.4 deg
  hip_flexion_l        -43.6 ..    73.4 deg
  knee_angle_l         -67.4 ..    11.9 deg
  ankle_angle_l        -86.1 ..    53.4 deg
  hip_adduction_l      -46.8 ..     7.4 deg
  subtalar_angle_l      -7.7 ..    21.9 deg
  pelvis_tilt           -2.6 ..     1.2 deg
  pelvis_list           -0.7 ..    -0.1 deg
  pelvis_rotation        2.2 ..     2.8 deg
saved spinal_run.npz
(plot skipped: 'PF_E2_r')
fitted baseline loaded: e2_pf=0.222 f1_df=0.098 f1_kf=0.148 post_kneext=0.011 post_hipext=0.068 desc_f=1.400 e2_adapt=1.700
start pose (normal): applied 20 coordinates as given; pelvis ty 0.920 m (env override unset); IMU-metric torso lean -0.0 deg (+ = back)
standing solve: nnls x in [0.00, 0.70], >0.1: 14 muscles
  top: add_long_l=0.70, tib_ant_r=0.61, tib_ant_l=0.46, ext_dig_r=0.37, glut_min1_l=0.33, pect_l=0.32, glut_min2_l=0.31, ext_dig_l=0.25
Fmax range: 5..3396 N | L range sample: [0.229942 0.326094]
t=  1.00 max|qacc|=     102.9 max|qvel|=   2.23 ncon=  0 com_z=0.997 com_x=-0.211
t=  1.50 max|qacc|=     174.3 max|qvel|=   2.61 ncon=  0 com_z=0.952 com_x=-0.187
t=  2.00 max|qacc|=     271.3 max|qvel|=   3.41 ncon=  0 com_z=0.963 com_x=-0.193
t=  2.50 max|qacc|=     340.4 max|qvel|=   1.13 ncon=  0 com_z=0.958 com_x=-0.190
t=  3.00 max|qacc|=      36.6 max|qvel|=   0.74 ncon=  0 com_z=0.957 com_x=-0.188
t=  3.50 max|qacc|=     181.2 max|qvel|=   2.02 ncon=  0 com_z=0.958 com_x=-0.192
t=  4.00 max|qacc|=      55.5 max|qvel|=   0.40 ncon=  0 com_z=0.954 com_x=-0.188
t=  4.50 max|qacc|=     929.7 max|qvel|=  13.99 ncon=  0 com_z=0.938 com_x=-0.136
t=  5.00 max|qacc|=      51.8 max|qvel|=   6.32 ncon=  0 com_z=0.954 com_x=-0.167
t=  5.50 max|qacc|=     651.9 max|qvel|=   4.93 ncon=  0 com_z=0.943 com_x=-0.140
t=  6.00 max|qacc|=     256.2 max|qvel|=   8.22 ncon=  0 com_z=0.933 com_x=-0.151
t=  6.50 max|qacc|=    1135.0 max|qvel|=   3.96 ncon=  0 com_z=0.938 com_x=-0.144
t=  7.00 max|qacc|=      85.9 max|qvel|=   7.18 ncon=  0 com_z=0.935 com_x=-0.149
t=  7.50 max|qacc|=     274.6 max|qvel|=  11.09 ncon=  0 com_z=0.933 com_x=-0.141
t=  8.00 max|qacc|=      55.8 max|qvel|=   6.46 ncon=  0 com_z=0.938 com_x=-0.149
t=  8.50 max|qacc|=     338.9 max|qvel|=   2.06 ncon=  0 com_z=0.932 com_x=-0.144
t=  9.00 max|qacc|=     964.1 max|qvel|=   2.78 ncon=  0 com_z=0.938 com_x=-0.143
t=  9.50 max|qacc|=      64.7 max|qvel|=   6.77 ncon=  0 com_z=0.934 com_x=-0.150
t= 10.00 max|qacc|=     266.2 max|qvel|=   8.34 ncon=  0 com_z=0.934 com_x=-0.142
t= 10.50 max|qacc|=     634.4 max|qvel|=   2.35 ncon=  0 com_z=0.937 com_x=-0.142
t= 11.00 max|qacc|=      35.1 max|qvel|=   0.90 ncon=  0 com_z=0.947 com_x=-0.129
t= 11.50 max|qacc|=      47.2 max|qvel|=   0.37 ncon=  0 com_z=0.938 com_x=-0.134
t= 12.00 max|qacc|=     204.2 max|qvel|=   0.51 ncon=  0 com_z=0.944 com_x=-0.136
t= 12.50 max|qacc|=      75.3 max|qvel|=   0.29 ncon=  0 com_z=0.945 com_x=-0.132
t= 13.00 max|qacc|=     166.2 max|qvel|=   0.48 ncon=  0 com_z=0.941 com_x=-0.132
t= 13.50 max|qacc|=      10.3 max|qvel|=   0.14 ncon=  0 com_z=0.943 com_x=-0.134
t= 14.00 max|qacc|=      23.7 max|qvel|=   0.27 ncon=  0 com_z=0.943 com_x=-0.133
t= 14.50 max|qacc|=     136.9 max|qvel|=   0.18 ncon=  0 com_z=0.942 com_x=-0.133
t= 15.00 max|qacc|=     131.2 max|qvel|=   0.10 ncon=  0 com_z=0.943 com_x=-0.134
t= 15.50 max|qacc|=     106.0 max|qvel|=   0.48 ncon=  0 com_z=0.944 com_x=-0.133
t= 16.00 max|qacc|=      10.9 max|qvel|=   0.74 ncon=  0 com_z=0.944 com_x=-0.133
t= 16.50 max|qacc|=     106.0 max|qvel|=   1.86 ncon=  0 com_z=0.946 com_x=-0.134
t= 17.00 max|qacc|=      37.7 max|qvel|=   0.17 ncon=  0 com_z=0.948 com_x=-0.137
t= 17.50 max|qacc|=      17.7 max|qvel|=   0.12 ncon=  0 com_z=0.947 com_x=-0.138
t= 18.00 max|qacc|=      31.8 max|qvel|=   0.14 ncon=  0 com_z=0.948 com_x=-0.138
t= 18.50 max|qacc|=      35.7 max|qvel|=   0.22 ncon=  0 com_z=0.948 com_x=-0.138
t= 19.00 max|qacc|=      38.3 max|qvel|=   0.09 ncon=  0 com_z=0.948 com_x=-0.137
t= 19.50 max|qacc|=      16.1 max|qvel|=   0.11 ncon=  0 com_z=0.948 com_x=-0.137
t= 20.00 max|qacc|=      30.6 max|qvel|=   0.11 ncon=  0 com_z=0.948 com_x=-0.137
t= 20.50 max|qacc|=      45.8 max|qvel|=   0.12 ncon=  0 com_z=0.948 com_x=-0.137
t= 21.00 max|qacc|=      37.1 max|qvel|=   0.17 ncon=  0 com_z=0.948 com_x=-0.138
t= 21.50 max|qacc|=      27.4 max|qvel|=   0.18 ncon=  0 com_z=0.948 com_x=-0.138
t= 22.00 max|qacc|=      17.7 max|qvel|=   0.15 ncon=  0 com_z=0.948 com_x=-0.137
t= 22.50 max|qacc|=      19.5 max|qvel|=   0.12 ncon=  0 com_z=0.948 com_x=-0.137
t= 23.00 max|qacc|=      31.9 max|qvel|=   0.11 ncon=  0 com_z=0.948 com_x=-0.137
t= 23.50 max|qacc|=     103.3 max|qvel|=   0.23 ncon=  0 com_z=0.948 com_x=-0.137
t= 24.00 max|qacc|=     108.7 max|qvel|=   1.51 ncon=  0 com_z=0.948 com_x=-0.138
t= 24.50 max|qacc|=      19.7 max|qvel|=   0.16 ncon=  0 com_z=0.948 com_x=-0.138
t= 25.00 max|qacc|=      12.4 max|qvel|=   0.20 ncon=  0 com_z=0.948 com_x=-0.138
t= 25.50 max|qacc|=      14.9 max|qvel|=   0.21 ncon=  0 com_z=0.948 com_x=-0.138
t= 26.00 max|qacc|=      13.0 max|qvel|=   0.15 ncon=  0 com_z=0.948 com_x=-0.137
t= 26.50 max|qacc|=      40.7 max|qvel|=   0.13 ncon=  0 com_z=0.948 com_x=-0.137
t= 27.00 max|qacc|=      42.9 max|qvel|=   0.26 ncon=  0 com_z=0.948 com_x=-0.137
t= 27.50 max|qacc|=      44.1 max|qvel|=   0.24 ncon=  0 com_z=0.948 com_x=-0.137
t= 28.00 max|qacc|=      22.8 max|qvel|=   0.13 ncon=  0 com_z=0.948 com_x=-0.138
t= 28.50 max|qacc|=      39.3 max|qvel|=   0.12 ncon=  0 com_z=0.948 com_x=-0.138
t= 29.00 max|qacc|=      88.5 max|qvel|=   0.20 ncon=  0 com_z=0.948 com_x=-0.138
t= 29.50 max|qacc|=      16.3 max|qvel|=   0.09 ncon=  0 com_z=0.948 com_x=-0.138
t= 30.00 max|qacc|=      92.5 max|qvel|=   0.25 ncon=  0 com_z=0.948 com_x=-0.137
t= 30.50 max|qacc|=      91.0 max|qvel|=   0.18 ncon=  0 com_z=0.948 com_x=-0.137

== summary ==
pelvis/COM height: start 0.94 m, min 0.92 m, final 0.95 m  (stayed up)
COM x: min -0.21 max -0.05 final -0.14 m
COM y: min -0.040 max +0.004 m
RG_F_r bursts during walk window: 18
RG_r: cycles in window 19, period 0.31 s (3.21 Hz), E-duty 0.68
RG_l: cycles in window 19, period 0.31 s (3.21 Hz), E-duty 0.68
peak ctrl: [1.   1.   1.   0.91 0.43 0.79 0.81 1.   0.34 1.   1.   1.   1.   0.89
 0.43 0.79 0.74 1.   0.34 1.  ] (('vas_lat_r', 'med_gas_r', 'soleus_r', 'tib_ant_r', 'psoas_r', 'semimem_r', 'glut_max2_r', 'rect_fem_r', 'sar_r', 'grac_r', 'vas_lat_l', 'med_gas_l', 'soleus_l', 'tib_ant_l', 'psoas_l', 'semimem_l', 'glut_max2_l', 'rect_fem_l', 'sar_l', 'grac_l'))
  hip_flexion_r        -43.6 ..    54.2 deg
  knee_angle_r         -65.7 ..    12.1 deg
  ankle_angle_r        -84.2 ..    51.9 deg
  hip_adduction_r      -34.4 ..    10.1 deg
  subtalar_angle_r      -6.2 ..    21.4 deg
  hip_flexion_l        -43.9 ..    73.6 deg
  knee_angle_l         -68.0 ..    11.9 deg
  ankle_angle_l        -86.2 ..    53.4 deg
  hip_adduction_l      -47.0 ..     7.3 deg
  subtalar_angle_l      -7.7 ..    21.8 deg
  pelvis_tilt           -2.7 ..     1.2 deg
  pelvis_list           -0.7 ..    -0.1 deg
  pelvis_rotation        2.2 ..     2.8 deg
saved spinal_run.npz
(plot skipped: 'PF_E2_r')
fitted baseline loaded: e2_pf=0.222 f1_df=0.098 f1_kf=0.148 post_kneext=0.011 post_hipext=0.068 desc_f=1.400 e2_adapt=1.700
start pose (normal): applied 20 coordinates as given; pelvis ty 0.920 m (env override unset); IMU-metric torso lean -0.0 deg (+ = back)
standing solve: nnls x in [0.00, 0.70], >0.1: 14 muscles
  top: add_long_l=0.70, tib_ant_r=0.61, tib_ant_l=0.46, ext_dig_r=0.37, glut_min1_l=0.33, pect_l=0.32, glut_min2_l=0.31, ext_dig_l=0.25
Fmax range: 5..3396 N | L range sample: [0.229942 0.326094]
t=  1.00 max|qacc|=     727.6 max|qvel|=   2.26 ncon=  0 com_z=0.998 com_x=-0.211
t=  1.50 max|qacc|=     209.0 max|qvel|=   2.67 ncon=  0 com_z=0.952 com_x=-0.187
t=  2.00 max|qacc|=     121.6 max|qvel|=   1.41 ncon=  0 com_z=0.963 com_x=-0.193
t=  2.50 max|qacc|=      96.1 max|qvel|=   1.15 ncon=  0 com_z=0.958 com_x=-0.191
t=  3.00 max|qacc|=      59.5 max|qvel|=   0.81 ncon=  0 com_z=0.957 com_x=-0.188
t=  3.50 max|qacc|=      36.1 max|qvel|=   0.53 ncon=  0 com_z=0.959 com_x=-0.192
t=  4.00 max|qacc|=      67.3 max|qvel|=   0.41 ncon=  0 com_z=0.954 com_x=-0.189
t=  4.50 max|qacc|=     152.8 max|qvel|=  11.55 ncon=  0 com_z=0.938 com_x=-0.145
t=  5.00 max|qacc|=      88.0 max|qvel|=   7.13 ncon=  0 com_z=0.945 com_x=-0.154
t=  5.50 max|qacc|=     711.9 max|qvel|=   4.64 ncon=  0 com_z=0.944 com_x=-0.143
t=  6.00 max|qacc|=     521.2 max|qvel|=   7.02 ncon=  0 com_z=0.930 com_x=-0.140
t=  6.50 max|qacc|=      39.8 max|qvel|=   6.62 ncon=  0 com_z=0.938 com_x=-0.149
t=  7.00 max|qacc|=     759.1 max|qvel|=   8.61 ncon=  0 com_z=0.935 com_x=-0.137
t=  7.50 max|qacc|=     157.2 max|qvel|=   8.12 ncon=  0 com_z=0.933 com_x=-0.147
t=  8.00 max|qacc|=     543.6 max|qvel|=   4.59 ncon=  0 com_z=0.937 com_x=-0.142
t=  8.50 max|qacc|=     337.5 max|qvel|=   5.64 ncon=  0 com_z=0.931 com_x=-0.139
t=  9.00 max|qacc|=      52.4 max|qvel|=   6.96 ncon=  0 com_z=0.938 com_x=-0.148
t=  9.50 max|qacc|=     437.4 max|qvel|=  11.28 ncon=  0 com_z=0.934 com_x=-0.137
t= 10.00 max|qacc|=      73.4 max|qvel|=   7.41 ncon=  0 com_z=0.935 com_x=-0.148
t= 10.50 max|qacc|=     623.8 max|qvel|=   4.29 ncon=  0 com_z=0.936 com_x=-0.141
t= 11.00 max|qacc|=     590.6 max|qvel|=   2.21 ncon=  0 com_z=0.932 com_x=-0.141
t= 11.50 max|qacc|=      37.5 max|qvel|=   7.45 ncon=  0 com_z=0.937 com_x=-0.147
t= 12.00 max|qacc|=     297.5 max|qvel|=  13.64 ncon=  0 com_z=0.933 com_x=-0.137
t= 12.50 max|qacc|=      38.3 max|qvel|=   6.64 ncon=  0 com_z=0.935 com_x=-0.148
t= 13.00 max|qacc|=     531.3 max|qvel|=   8.12 ncon=  0 com_z=0.936 com_x=-0.140
t= 13.50 max|qacc|=     403.0 max|qvel|=   6.78 ncon=  0 com_z=0.932 com_x=-0.142
t= 14.00 max|qacc|=      78.7 max|qvel|=   7.15 ncon=  0 com_z=0.937 com_x=-0.146
t= 14.50 max|qacc|=     298.6 max|qvel|=   9.13 ncon=  0 com_z=0.932 com_x=-0.137
t= 15.00 max|qacc|=      26.8 max|qvel|=   6.45 ncon=  0 com_z=0.936 com_x=-0.149
t= 15.50 max|qacc|=      41.7 max|qvel|=  11.79 ncon=  0 com_z=0.937 com_x=-0.140
t= 16.00 max|qacc|=      63.3 max|qvel|=  10.16 ncon=  0 com_z=0.961 com_x=-0.190
t= 16.50 max|qacc|=      28.5 max|qvel|=   4.29 ncon=  0 com_z=0.963 com_x=-0.047
t= 17.00 max|qacc|=      21.5 max|qvel|=   0.67 ncon=  0 com_z=0.962 com_x=-0.099
t= 17.50 max|qacc|=       7.2 max|qvel|=   1.12 ncon=  0 com_z=0.951 com_x=-0.099
t= 18.00 max|qacc|=       9.2 max|qvel|=   0.55 ncon=  0 com_z=0.947 com_x=-0.100
t= 18.50 max|qacc|=      10.0 max|qvel|=   0.33 ncon=  0 com_z=0.949 com_x=-0.102
t= 19.00 max|qacc|=       9.6 max|qvel|=   0.22 ncon=  0 com_z=0.950 com_x=-0.100
t= 19.50 max|qacc|=      10.1 max|qvel|=   0.11 ncon=  0 com_z=0.950 com_x=-0.100
t= 20.00 max|qacc|=      13.8 max|qvel|=   0.07 ncon=  0 com_z=0.950 com_x=-0.100
t= 20.50 max|qacc|=      15.9 max|qvel|=   0.06 ncon=  0 com_z=0.950 com_x=-0.100
t= 21.00 max|qacc|=      16.3 max|qvel|=   0.07 ncon=  0 com_z=0.950 com_x=-0.100
t= 21.50 max|qacc|=      15.6 max|qvel|=   0.09 ncon=  0 com_z=0.950 com_x=-0.100
t= 22.00 max|qacc|=      14.0 max|qvel|=   0.10 ncon=  0 com_z=0.950 com_x=-0.100
t= 22.50 max|qacc|=      11.9 max|qvel|=   0.11 ncon=  0 com_z=0.950 com_x=-0.101
t= 23.00 max|qacc|=       9.0 max|qvel|=   0.11 ncon=  0 com_z=0.950 com_x=-0.101
t= 23.50 max|qacc|=       8.1 max|qvel|=   0.11 ncon=  0 com_z=0.950 com_x=-0.101
t= 24.00 max|qacc|=       7.0 max|qvel|=   0.11 ncon=  0 com_z=0.950 com_x=-0.101
t= 24.50 max|qacc|=       5.9 max|qvel|=   0.11 ncon=  0 com_z=0.950 com_x=-0.101
t= 25.00 max|qacc|=       4.7 max|qvel|=   0.10 ncon=  0 com_z=0.950 com_x=-0.101
t= 25.50 max|qacc|=       3.4 max|qvel|=   0.09 ncon=  0 com_z=0.950 com_x=-0.101
t= 26.00 max|qacc|=       2.4 max|qvel|=   0.07 ncon=  0 com_z=0.950 com_x=-0.101
t= 26.50 max|qacc|=       3.9 max|qvel|=   0.06 ncon=  0 com_z=0.950 com_x=-0.101
t= 27.00 max|qacc|=       5.2 max|qvel|=   0.05 ncon=  0 com_z=0.950 com_x=-0.100
t= 27.50 max|qacc|=       6.4 max|qvel|=   0.04 ncon=  0 com_z=0.950 com_x=-0.100
t= 28.00 max|qacc|=       7.5 max|qvel|=   0.04 ncon=  0 com_z=0.950 com_x=-0.100
t= 28.50 max|qacc|=       8.4 max|qvel|=   0.04 ncon=  0 com_z=0.950 com_x=-0.100
t= 29.00 max|qacc|=       8.9 max|qvel|=   0.03 ncon=  0 com_z=0.950 com_x=-0.100
t= 29.50 max|qacc|=       8.7 max|qvel|=   0.03 ncon=  0 com_z=0.950 com_x=-0.100
t= 30.00 max|qacc|=       8.4 max|qvel|=   0.04 ncon=  0 com_z=0.950 com_x=-0.100
t= 30.50 max|qacc|=       8.4 max|qvel|=   0.06 ncon=  0 com_z=0.950 com_x=-0.100

== summary ==
pelvis/COM height: start 0.94 m, min 0.92 m, final 0.95 m  (stayed up)
COM x: min -0.21 max -0.04 final -0.10 m
COM y: min -0.040 max +0.004 m
RG_F_r bursts during walk window: 28
RG_r: cycles in window 28, period 0.36 s (2.81 Hz), E-duty 0.42
RG_l: cycles in window 28, period 0.36 s (2.81 Hz), E-duty 0.42
peak ctrl: [1.   1.   1.   0.92 0.44 0.79 0.81 0.99 0.35 1.   1.   1.   1.   0.9
 0.44 0.79 0.73 0.99 0.35 1.  ] (('vas_lat_r', 'med_gas_r', 'soleus_r', 'tib_ant_r', 'psoas_r', 'semimem_r', 'glut_max2_r', 'rect_fem_r', 'sar_r', 'grac_r', 'vas_lat_l', 'med_gas_l', 'soleus_l', 'tib_ant_l', 'psoas_l', 'semimem_l', 'glut_max2_l', 'rect_fem_l', 'sar_l', 'grac_l'))
  hip_flexion_r        -55.4 ..    54.3 deg
  knee_angle_r         -75.5 ..    12.5 deg
  ankle_angle_r        -83.7 ..    52.2 deg
  hip_adduction_r      -40.3 ..    10.1 deg
  subtalar_angle_r      -6.2 ..    17.7 deg
  hip_flexion_l        -59.6 ..    73.3 deg
  knee_angle_l         -82.4 ..    12.5 deg
  ankle_angle_l        -86.4 ..    53.7 deg
  hip_adduction_l      -47.2 ..     6.9 deg
  subtalar_angle_l      -7.5 ..    17.1 deg
  pelvis_tilt           -2.8 ..     1.2 deg
  pelvis_list           -0.7 ..    -0.1 deg
  pelvis_rotation        2.2 ..     2.8 deg
saved spinal_run.npz
(plot skipped: 'PF_E2_r')
fitted baseline loaded: e2_pf=0.222 f1_df=0.098 f1_kf=0.148 post_kneext=0.011 post_hipext=0.068 desc_f=1.400 e2_adapt=1.700
start pose (normal): applied 20 coordinates as given; pelvis ty 0.920 m (env override unset); IMU-metric torso lean -0.0 deg (+ = back)
standing solve: nnls x in [0.00, 0.70], >0.1: 14 muscles
  top: add_long_l=0.70, tib_ant_r=0.61, tib_ant_l=0.46, ext_dig_r=0.37, glut_min1_l=0.33, pect_l=0.32, glut_min2_l=0.31, ext_dig_l=0.25
Fmax range: 5..3396 N | L range sample: [0.229942 0.326094]
t=  1.00 max|qacc|=     211.3 max|qvel|=   3.49 ncon=  0 com_z=0.997 com_x=-0.211
t=  1.50 max|qacc|=      95.4 max|qvel|=   2.62 ncon=  0 com_z=0.952 com_x=-0.187
t=  2.00 max|qacc|=      36.1 max|qvel|=   1.42 ncon=  0 com_z=0.963 com_x=-0.193
t=  2.50 max|qacc|=      44.4 max|qvel|=   1.16 ncon=  0 com_z=0.957 com_x=-0.190
t=  3.00 max|qacc|=     121.8 max|qvel|=   0.87 ncon=  0 com_z=0.957 com_x=-0.189
t=  3.50 max|qacc|=     105.8 max|qvel|=   0.54 ncon=  0 com_z=0.959 com_x=-0.192
t=  4.00 max|qacc|=      41.8 max|qvel|=   0.45 ncon=  0 com_z=0.954 com_x=-0.189
t=  4.50 max|qacc|=     128.9 max|qvel|=   7.25 ncon=  0 com_z=0.957 com_x=-0.191
t=  5.00 max|qacc|=     338.6 max|qvel|=   9.14 ncon=  0 com_z=0.937 com_x=-0.066
t=  5.50 max|qacc|=     241.4 max|qvel|=  16.73 ncon=  0 com_z=0.944 com_x=-0.169
t=  6.00 max|qacc|=    1429.5 max|qvel|=   6.14 ncon=  0 com_z=0.925 com_x=-0.119
t=  6.50 max|qacc|=     244.4 max|qvel|=   1.85 ncon=  0 com_z=0.940 com_x=-0.141
t=  7.00 max|qacc|=      88.8 max|qvel|=   1.47 ncon=  0 com_z=0.926 com_x=-0.131
t=  7.50 max|qacc|=     190.0 max|qvel|=   2.30 ncon=  0 com_z=0.938 com_x=-0.144
t=  8.00 max|qacc|=     203.1 max|qvel|=   2.02 ncon=  0 com_z=0.929 com_x=-0.139
t=  8.50 max|qacc|=     237.3 max|qvel|=   5.46 ncon=  0 com_z=0.939 com_x=-0.151
t=  9.00 max|qacc|=      53.8 max|qvel|=   7.76 ncon=  0 com_z=0.935 com_x=-0.148
t=  9.50 max|qacc|=      71.2 max|qvel|=   7.16 ncon=  0 com_z=0.942 com_x=-0.158
t= 10.00 max|qacc|=      52.8 max|qvel|=   6.78 ncon=  0 com_z=0.940 com_x=-0.156
t= 10.50 max|qacc|=      38.5 max|qvel|=   6.43 ncon=  0 com_z=0.945 com_x=-0.163
t= 11.00 max|qacc|=      44.9 max|qvel|=   6.83 ncon=  0 com_z=0.943 com_x=-0.161
t= 11.50 max|qacc|=      67.3 max|qvel|=   7.65 ncon=  0 com_z=0.944 com_x=-0.164
t= 12.00 max|qacc|=      77.3 max|qvel|=   8.79 ncon=  0 com_z=0.942 com_x=-0.161
t= 12.50 max|qacc|=      64.4 max|qvel|=   9.65 ncon=  0 com_z=0.941 com_x=-0.160
t= 13.00 max|qacc|=     690.7 max|qvel|=   5.08 ncon=  0 com_z=0.939 com_x=-0.156
t= 13.50 max|qacc|=     677.5 max|qvel|=   5.47 ncon=  0 com_z=0.937 com_x=-0.153
t= 14.00 max|qacc|=     611.1 max|qvel|=   9.07 ncon=  0 com_z=0.935 com_x=-0.148
t= 14.50 max|qacc|=     399.7 max|qvel|=  13.26 ncon=  0 com_z=0.934 com_x=-0.145
t= 15.00 max|qacc|=    1447.7 max|qvel|=   8.24 ncon=  0 com_z=0.934 com_x=-0.142
t= 15.50 max|qacc|=     387.6 max|qvel|=  13.06 ncon=  0 com_z=0.936 com_x=-0.124
t= 16.00 max|qacc|=     194.1 max|qvel|=   1.02 ncon=  0 com_z=0.976 com_x=-0.210
t= 16.50 max|qacc|=     687.0 max|qvel|=   1.46 ncon=  0 com_z=0.953 com_x=-0.187
t= 17.00 max|qacc|=     506.1 max|qvel|=   1.03 ncon=  0 com_z=0.956 com_x=-0.189
t= 17.50 max|qacc|=     105.3 max|qvel|=   0.71 ncon=  0 com_z=0.957 com_x=-0.191
t= 18.00 max|qacc|=     493.0 max|qvel|=   3.53 ncon=  0 com_z=0.956 com_x=-0.190
t= 18.50 max|qacc|=     105.6 max|qvel|=   0.44 ncon=  0 com_z=0.957 com_x=-0.189
t= 19.00 max|qacc|=     444.2 max|qvel|=   1.40 ncon=  0 com_z=0.956 com_x=-0.189
t= 19.50 max|qacc|=     866.2 max|qvel|=   3.58 ncon=  0 com_z=0.957 com_x=-0.190
t= 20.00 max|qacc|=     107.7 max|qvel|=   0.58 ncon=  0 com_z=0.956 com_x=-0.188
t= 20.50 max|qacc|=      74.1 max|qvel|=   0.18 ncon=  0 com_z=0.957 com_x=-0.190
t= 21.00 max|qacc|=      87.7 max|qvel|=   0.46 ncon=  0 com_z=0.956 com_x=-0.190
t= 21.50 max|qacc|=      18.9 max|qvel|=   0.24 ncon=  0 com_z=0.957 com_x=-0.189
t= 22.00 max|qacc|=     179.8 max|qvel|=   0.34 ncon=  0 com_z=0.956 com_x=-0.190
t= 22.50 max|qacc|=      31.7 max|qvel|=   0.18 ncon=  0 com_z=0.957 com_x=-0.190
t= 23.00 max|qacc|=     137.1 max|qvel|=   1.45 ncon=  0 com_z=0.956 com_x=-0.189
t= 23.50 max|qacc|=    1219.5 max|qvel|=   1.67 ncon=  0 com_z=0.956 com_x=-0.190
t= 24.00 max|qacc|=      40.5 max|qvel|=   0.18 ncon=  0 com_z=0.956 com_x=-0.190
t= 24.50 max|qacc|=      28.9 max|qvel|=   0.23 ncon=  0 com_z=0.957 com_x=-0.189
t= 25.00 max|qacc|=     132.8 max|qvel|=   0.53 ncon=  0 com_z=0.956 com_x=-0.190
t= 25.50 max|qacc|=      18.2 max|qvel|=   0.29 ncon=  0 com_z=0.956 com_x=-0.190
t= 26.00 max|qacc|=      23.1 max|qvel|=   0.22 ncon=  0 com_z=0.957 com_x=-0.189
t= 26.50 max|qacc|=      43.4 max|qvel|=   0.16 ncon=  0 com_z=0.956 com_x=-0.190
t= 27.00 max|qacc|=      56.0 max|qvel|=   0.85 ncon=  0 com_z=0.956 com_x=-0.190
t= 27.50 max|qacc|=      23.4 max|qvel|=   0.22 ncon=  0 com_z=0.957 com_x=-0.189
t= 28.00 max|qacc|=      32.7 max|qvel|=   0.17 ncon=  0 com_z=0.956 com_x=-0.190
t= 28.50 max|qacc|=      70.4 max|qvel|=   0.22 ncon=  0 com_z=0.957 com_x=-0.190
t= 29.00 max|qacc|=     494.9 max|qvel|=   0.54 ncon=  0 com_z=0.957 com_x=-0.189
t= 29.50 max|qacc|=      20.7 max|qvel|=   0.38 ncon=  0 com_z=0.956 com_x=-0.190
t= 30.00 max|qacc|=      90.4 max|qvel|=   1.51 ncon=  0 com_z=0.957 com_x=-0.190
t= 30.50 max|qacc|=      41.0 max|qvel|=   0.20 ncon=  0 com_z=0.957 com_x=-0.189

== summary ==
pelvis/COM height: start 0.94 m, min 0.92 m, final 0.96 m  (stayed up)
COM x: min -0.21 max -0.05 final -0.19 m
COM y: min -0.040 max +0.005 m
RG_F_r bursts during walk window: 21
RG_r: cycles in window 21, period 0.48 s (2.09 Hz), E-duty 0.45
RG_l: cycles in window 21, period 0.48 s (2.09 Hz), E-duty 0.45
peak ctrl: [1.   1.   1.   0.8  0.41 0.79 0.82 0.99 0.34 1.   1.   1.   1.   0.79
 0.41 0.79 0.74 0.99 0.34 1.  ] (('vas_lat_r', 'med_gas_r', 'soleus_r', 'tib_ant_r', 'psoas_r', 'semimem_r', 'glut_max2_r', 'rect_fem_r', 'sar_r', 'grac_r', 'vas_lat_l', 'med_gas_l', 'soleus_l', 'tib_ant_l', 'psoas_l', 'semimem_l', 'glut_max2_l', 'rect_fem_l', 'sar_l', 'grac_l'))
  hip_flexion_r        -39.1 ..    54.2 deg
  knee_angle_r         -60.0 ..    12.1 deg
  ankle_angle_r        -84.9 ..    51.8 deg
  hip_adduction_r      -34.9 ..    12.4 deg
  subtalar_angle_r      -6.6 ..    14.0 deg
  hip_flexion_l        -41.2 ..    73.9 deg
  knee_angle_l         -63.8 ..    12.0 deg
  ankle_angle_l        -86.7 ..    53.3 deg
  hip_adduction_l      -47.2 ..     8.2 deg
  subtalar_angle_l      -8.1 ..    13.6 deg
  pelvis_tilt           -2.7 ..     1.5 deg
  pelvis_list           -0.7 ..    -0.1 deg
  pelvis_rotation        2.2 ..     2.8 deg
saved spinal_run.npz
(plot skipped: 'PF_E2_r')
fitted baseline loaded: e2_pf=0.222 f1_df=0.098 f1_kf=0.148 post_kneext=0.011 post_hipext=0.068 desc_f=1.400 e2_adapt=1.700
start pose (normal): applied 20 coordinates as given; pelvis ty 0.920 m (env override unset); IMU-metric torso lean -0.0 deg (+ = back)
standing solve: nnls x in [0.00, 0.70], >0.1: 14 muscles
  top: add_long_l=0.70, tib_ant_r=0.61, tib_ant_l=0.46, ext_dig_r=0.37, glut_min1_l=0.33, pect_l=0.32, glut_min2_l=0.31, ext_dig_l=0.25
Fmax range: 5..3396 N | L range sample: [0.229942 0.326094]
t=  1.00 max|qacc|=      55.0 max|qvel|=   2.23 ncon=  0 com_z=0.998 com_x=-0.211
t=  1.50 max|qacc|=      83.8 max|qvel|=   2.63 ncon=  0 com_z=0.952 com_x=-0.187
t=  2.00 max|qacc|=      39.4 max|qvel|=   1.42 ncon=  0 com_z=0.963 com_x=-0.193
t=  2.50 max|qacc|=     106.1 max|qvel|=   1.18 ncon=  0 com_z=0.957 com_x=-0.190
t=  3.00 max|qacc|=      99.8 max|qvel|=   0.91 ncon=  0 com_z=0.957 com_x=-0.189
t=  3.50 max|qacc|=      72.8 max|qvel|=   0.56 ncon=  0 com_z=0.959 com_x=-0.192
t=  4.00 max|qacc|=     349.9 max|qvel|=   0.69 ncon=  0 com_z=0.954 com_x=-0.189
t=  4.50 max|qacc|=      65.1 max|qvel|=   0.71 ncon=  0 com_z=0.957 com_x=-0.191
t=  5.00 max|qacc|=     201.1 max|qvel|=   3.32 ncon=  0 com_z=0.976 com_x=-0.053
t=  5.50 max|qacc|=     520.7 max|qvel|=   7.42 ncon=  0 com_z=0.985 com_x=-0.205
t=  6.00 max|qacc|=    1417.4 max|qvel|=   8.33 ncon=  0 com_z=0.934 com_x=-0.061
t=  6.50 max|qacc|=      63.8 max|qvel|=  11.71 ncon=  0 com_z=0.989 com_x=-0.206
t=  7.00 max|qacc|=     170.6 max|qvel|=   4.45 ncon=  0 com_z=0.952 com_x=-0.157
t=  7.50 max|qacc|=     267.7 max|qvel|=  15.33 ncon=  0 com_z=0.952 com_x=-0.076
t=  8.00 max|qacc|=      62.2 max|qvel|=  10.08 ncon=  0 com_z=0.993 com_x=-0.217
t=  8.50 max|qacc|=     224.9 max|qvel|=   4.95 ncon=  0 com_z=0.932 com_x=-0.127
t=  9.00 max|qacc|=     158.1 max|qvel|=   4.84 ncon=  0 com_z=0.972 com_x=-0.105
t=  9.50 max|qacc|=      43.7 max|qvel|=   8.11 ncon=  0 com_z=0.995 com_x=-0.216
t= 10.00 max|qacc|=     822.7 max|qvel|=   5.79 ncon=  0 com_z=0.919 com_x=-0.093
t= 10.50 max|qacc|=    1082.4 max|qvel|=   9.63 ncon=  0 com_z=0.978 com_x=-0.147
t= 11.00 max|qacc|=     290.0 max|qvel|=   6.84 ncon=  0 com_z=0.983 com_x=-0.200
t= 11.50 max|qacc|=     437.8 max|qvel|=  13.61 ncon=  0 com_z=0.925 com_x=-0.074
t= 12.00 max|qacc|=     148.8 max|qvel|=  10.85 ncon=  0 com_z=0.985 com_x=-0.189
t= 12.50 max|qacc|=     179.9 max|qvel|=   3.98 ncon=  0 com_z=0.963 com_x=-0.171
t= 13.00 max|qacc|=     217.0 max|qvel|=  16.94 ncon=  0 com_z=0.941 com_x=-0.070
t= 13.50 max|qacc|=      92.9 max|qvel|=  10.82 ncon=  0 com_z=0.994 com_x=-0.214
t= 14.00 max|qacc|=     180.4 max|qvel|=   4.76 ncon=  0 com_z=0.938 com_x=-0.136
t= 14.50 max|qacc|=     378.9 max|qvel|=   4.29 ncon=  0 com_z=0.969 com_x=-0.094
t= 15.00 max|qacc|=      35.9 max|qvel|=   8.50 ncon=  0 com_z=0.996 com_x=-0.218
t= 15.50 max|qacc|=     377.9 max|qvel|=   8.80 ncon=  0 com_z=0.919 com_x=-0.087
t= 16.00 max|qacc|=      62.5 max|qvel|=   1.17 ncon=  0 com_z=1.010 com_x=-0.203
t= 16.50 max|qacc|=      78.5 max|qvel|=   0.45 ncon=  0 com_z=0.938 com_x=-0.171
t= 17.00 max|qacc|=      41.3 max|qvel|=   0.75 ncon=  0 com_z=0.984 com_x=-0.203
t= 17.50 max|qacc|=      53.3 max|qvel|=   0.74 ncon=  0 com_z=0.943 com_x=-0.179
t= 18.00 max|qacc|=     256.8 max|qvel|=   0.61 ncon=  0 com_z=0.970 com_x=-0.197
t= 18.50 max|qacc|=     134.7 max|qvel|=   0.57 ncon=  0 com_z=0.950 com_x=-0.183
t= 19.00 max|qacc|=     137.3 max|qvel|=   0.41 ncon=  0 com_z=0.963 com_x=-0.194
t= 19.50 max|qacc|=      85.2 max|qvel|=   0.48 ncon=  0 com_z=0.953 com_x=-0.186
t= 20.00 max|qacc|=      46.6 max|qvel|=   0.22 ncon=  0 com_z=0.960 com_x=-0.191
t= 20.50 max|qacc|=      69.1 max|qvel|=   0.53 ncon=  0 com_z=0.954 com_x=-0.189
t= 21.00 max|qacc|=      90.2 max|qvel|=   0.38 ncon=  0 com_z=0.959 com_x=-0.191
t= 21.50 max|qacc|=      23.8 max|qvel|=   0.14 ncon=  0 com_z=0.955 com_x=-0.188
t= 22.00 max|qacc|=     126.2 max|qvel|=   0.27 ncon=  0 com_z=0.957 com_x=-0.191
t= 22.50 max|qacc|=      23.9 max|qvel|=   0.17 ncon=  0 com_z=0.956 com_x=-0.189
t= 23.00 max|qacc|=     103.3 max|qvel|=   1.45 ncon=  0 com_z=0.957 com_x=-0.190
t= 23.50 max|qacc|=     115.8 max|qvel|=   0.26 ncon=  0 com_z=0.956 com_x=-0.190
t= 24.00 max|qacc|=      43.4 max|qvel|=   0.35 ncon=  0 com_z=0.957 com_x=-0.190
t= 24.50 max|qacc|=     159.7 max|qvel|=   0.14 ncon=  0 com_z=0.956 com_x=-0.189
t= 25.00 max|qacc|=     250.3 max|qvel|=   0.24 ncon=  0 com_z=0.957 com_x=-0.190
t= 25.50 max|qacc|=      38.9 max|qvel|=   0.25 ncon=  0 com_z=0.956 com_x=-0.189
t= 26.00 max|qacc|=      59.8 max|qvel|=   0.21 ncon=  0 com_z=0.957 com_x=-0.189
t= 26.50 max|qacc|=     102.7 max|qvel|=   0.33 ncon=  0 com_z=0.956 com_x=-0.190
t= 27.00 max|qacc|=      27.4 max|qvel|=   0.26 ncon=  0 com_z=0.957 com_x=-0.189
t= 27.50 max|qacc|=     142.4 max|qvel|=   0.30 ncon=  0 com_z=0.956 com_x=-0.189
t= 28.00 max|qacc|=     385.3 max|qvel|=   0.72 ncon=  0 com_z=0.956 com_x=-0.190
t= 28.50 max|qacc|=      95.2 max|qvel|=   0.66 ncon=  0 com_z=0.956 com_x=-0.190
t= 29.00 max|qacc|=     159.7 max|qvel|=   0.67 ncon=  0 com_z=0.957 com_x=-0.189
t= 29.50 max|qacc|=     275.8 max|qvel|=   1.87 ncon=  0 com_z=0.956 com_x=-0.190
t= 30.00 max|qacc|=      57.2 max|qvel|=   0.22 ncon=  0 com_z=0.957 com_x=-0.190
t= 30.50 max|qacc|=     108.5 max|qvel|=   0.44 ncon=  0 com_z=0.957 com_x=-0.189

== summary ==
pelvis/COM height: start 0.94 m, min 0.92 m, final 0.96 m  (stayed up)
COM x: min -0.23 max -0.04 final -0.19 m
COM y: min -0.040 max +0.003 m
RG_F_r bursts during walk window: 13
RG_r: cycles in window 13, period 0.78 s (1.27 Hz), E-duty 0.45
RG_l: cycles in window 13, period 0.78 s (1.27 Hz), E-duty 0.45
peak ctrl: [1.   1.   1.   0.81 0.38 0.79 0.82 0.99 0.32 1.   1.   1.   1.   0.79
 0.38 0.79 0.75 0.99 0.32 1.  ] (('vas_lat_r', 'med_gas_r', 'soleus_r', 'tib_ant_r', 'psoas_r', 'semimem_r', 'glut_max2_r', 'rect_fem_r', 'sar_r', 'grac_r', 'vas_lat_l', 'med_gas_l', 'soleus_l', 'tib_ant_l', 'psoas_l', 'semimem_l', 'glut_max2_l', 'rect_fem_l', 'sar_l', 'grac_l'))
  hip_flexion_r        -55.0 ..    69.1 deg
  knee_angle_r         -79.5 ..    12.4 deg
  ankle_angle_r        -85.6 ..    52.0 deg
  hip_adduction_r      -51.8 ..    18.0 deg
  subtalar_angle_r      -7.6 ..    14.9 deg
  hip_flexion_l        -54.1 ..    73.7 deg
  knee_angle_l         -82.2 ..    12.5 deg
  ankle_angle_l        -87.8 ..    53.2 deg
  hip_adduction_l      -47.4 ..    15.9 deg
  subtalar_angle_l      -8.4 ..    15.0 deg
  pelvis_tilt           -2.5 ..     1.4 deg
  pelvis_list           -0.5 ..    -0.1 deg
  pelvis_rotation        2.2 ..     2.8 deg
saved spinal_run.npz
(plot skipped: 'PF_E2_r')
fitted baseline loaded: e2_pf=0.222 f1_df=0.098 f1_kf=0.148 post_kneext=0.011 post_hipext=0.068 desc_f=1.400 e2_adapt=1.700
start pose (normal): applied 20 coordinates as given; pelvis ty 0.920 m (env override unset); IMU-metric torso lean -0.0 deg (+ = back)
standing solve: nnls x in [0.00, 0.70], >0.1: 14 muscles
  top: add_long_l=0.70, tib_ant_r=0.61, tib_ant_l=0.46, ext_dig_r=0.37, glut_min1_l=0.33, pect_l=0.32, glut_min2_l=0.31, ext_dig_l=0.25
Fmax range: 5..3396 N | L range sample: [0.229942 0.326094]
t=  1.00 max|qacc|=     727.4 max|qvel|=   2.39 ncon=  0 com_z=0.998 com_x=-0.211
t=  1.50 max|qacc|=     121.7 max|qvel|=   2.60 ncon=  0 com_z=0.952 com_x=-0.187
t=  2.00 max|qacc|=       7.4 max|qvel|=   1.41 ncon=  0 com_z=0.963 com_x=-0.193
t=  2.50 max|qacc|=      63.6 max|qvel|=   1.17 ncon=  0 com_z=0.958 com_x=-0.191
t=  3.00 max|qacc|=      51.5 max|qvel|=   0.82 ncon=  0 com_z=0.957 com_x=-0.189
t=  3.50 max|qacc|=      28.5 max|qvel|=   0.52 ncon=  0 com_z=0.959 com_x=-0.191
t=  4.00 max|qacc|=     509.4 max|qvel|=   0.48 ncon=  0 com_z=0.954 com_x=-0.189
t=  4.50 max|qacc|=     971.0 max|qvel|=  13.72 ncon=  0 com_z=0.938 com_x=-0.136
t=  5.00 max|qacc|=     227.7 max|qvel|=   4.05 ncon=  0 com_z=0.939 com_x=-0.150
t=  5.50 max|qacc|=     279.0 max|qvel|=   6.00 ncon=  0 com_z=0.944 com_x=-0.153
t=  6.00 max|qacc|=      38.8 max|qvel|=   6.54 ncon=  0 com_z=0.936 com_x=-0.148
t=  6.50 max|qacc|=     582.9 max|qvel|=   6.00 ncon=  0 com_z=0.942 com_x=-0.154
t=  7.00 max|qacc|=     319.2 max|qvel|=   5.04 ncon=  0 com_z=0.930 com_x=-0.135
t=  7.50 max|qacc|=      80.4 max|qvel|=   7.46 ncon=  0 com_z=0.937 com_x=-0.155
t=  8.00 max|qacc|=     496.0 max|qvel|=   3.07 ncon=  0 com_z=0.937 com_x=-0.148
t=  8.50 max|qacc|=     223.0 max|qvel|=   9.96 ncon=  0 com_z=0.932 com_x=-0.142
t=  9.00 max|qacc|=     109.3 max|qvel|=   7.19 ncon=  0 com_z=0.934 com_x=-0.148
t=  9.50 max|qacc|=      54.1 max|qvel|=   6.46 ncon=  0 com_z=0.939 com_x=-0.153
t= 10.00 max|qacc|=     372.2 max|qvel|=  10.39 ncon=  0 com_z=0.934 com_x=-0.142
t= 10.50 max|qacc|=     376.0 max|qvel|=   4.62 ncon=  0 com_z=0.932 com_x=-0.145
t= 11.00 max|qacc|=      36.9 max|qvel|=   6.80 ncon=  0 com_z=0.939 com_x=-0.154
t= 11.50 max|qacc|=    1294.9 max|qvel|=   5.19 ncon=  0 com_z=0.936 com_x=-0.145
t= 12.00 max|qacc|=     284.8 max|qvel|=   1.32 ncon=  0 com_z=0.932 com_x=-0.143
t= 12.50 max|qacc|=      52.2 max|qvel|=   6.68 ncon=  0 com_z=0.938 com_x=-0.153
t= 13.00 max|qacc|=     585.8 max|qvel|=   5.31 ncon=  0 com_z=0.937 com_x=-0.147
t= 13.50 max|qacc|=     362.8 max|qvel|=   7.55 ncon=  0 com_z=0.932 com_x=-0.141
t= 14.00 max|qacc|=      79.5 max|qvel|=   7.21 ncon=  0 com_z=0.937 com_x=-0.152
t= 14.50 max|qacc|=     445.4 max|qvel|=   3.29 ncon=  0 com_z=0.937 com_x=-0.149
t= 15.00 max|qacc|=     203.8 max|qvel|=   8.67 ncon=  0 com_z=0.932 com_x=-0.141
t= 15.50 max|qacc|=     293.6 max|qvel|=   2.00 ncon=  0 com_z=0.934 com_x=-0.144
t= 16.00 max|qacc|=     142.7 max|qvel|=   4.03 ncon=  0 com_z=0.974 com_x=-0.065
t= 16.50 max|qacc|=      11.1 max|qvel|=   1.65 ncon=  0 com_z=0.948 com_x=-0.103
t= 17.00 max|qacc|=      13.7 max|qvel|=   0.42 ncon=  0 com_z=0.944 com_x=-0.093
t= 17.50 max|qacc|=       6.9 max|qvel|=   0.74 ncon=  0 com_z=0.949 com_x=-0.103
t= 18.00 max|qacc|=       7.0 max|qvel|=   0.35 ncon=  0 com_z=0.951 com_x=-0.100
t= 18.50 max|qacc|=      10.2 max|qvel|=   0.18 ncon=  0 com_z=0.950 com_x=-0.099
t= 19.00 max|qacc|=      10.1 max|qvel|=   0.13 ncon=  0 com_z=0.950 com_x=-0.101
t= 19.50 max|qacc|=       8.4 max|qvel|=   0.07 ncon=  0 com_z=0.950 com_x=-0.100
t= 20.00 max|qacc|=       8.4 max|qvel|=   0.05 ncon=  0 com_z=0.950 com_x=-0.100
t= 20.50 max|qacc|=       8.2 max|qvel|=   0.06 ncon=  0 com_z=0.950 com_x=-0.100
t= 21.00 max|qacc|=       7.9 max|qvel|=   0.07 ncon=  0 com_z=0.950 com_x=-0.100
t= 21.50 max|qacc|=       7.7 max|qvel|=   0.08 ncon=  0 com_z=0.950 com_x=-0.100
t= 22.00 max|qacc|=       7.6 max|qvel|=   0.08 ncon=  0 com_z=0.950 com_x=-0.100
t= 22.50 max|qacc|=       7.5 max|qvel|=   0.09 ncon=  0 com_z=0.950 com_x=-0.100
t= 23.00 max|qacc|=       7.2 max|qvel|=   0.09 ncon=  0 com_z=0.950 com_x=-0.100
t= 23.50 max|qacc|=       7.2 max|qvel|=   0.09 ncon=  0 com_z=0.950 com_x=-0.100
t= 24.00 max|qacc|=       7.2 max|qvel|=   0.09 ncon=  0 com_z=0.950 com_x=-0.100
t= 24.50 max|qacc|=       7.0 max|qvel|=   0.09 ncon=  0 com_z=0.950 com_x=-0.100
t= 25.00 max|qacc|=       6.5 max|qvel|=   0.08 ncon=  0 com_z=0.950 com_x=-0.100
t= 25.50 max|qacc|=       5.8 max|qvel|=   0.08 ncon=  0 com_z=0.950 com_x=-0.100
t= 26.00 max|qacc|=       4.8 max|qvel|=   0.07 ncon=  0 com_z=0.950 com_x=-0.100
t= 26.50 max|qacc|=       3.5 max|qvel|=   0.06 ncon=  0 com_z=0.950 com_x=-0.100
t= 27.00 max|qacc|=       2.9 max|qvel|=   0.05 ncon=  0 com_z=0.950 com_x=-0.100
t= 27.50 max|qacc|=       5.4 max|qvel|=   0.05 ncon=  0 com_z=0.950 com_x=-0.100
t= 28.00 max|qacc|=       8.2 max|qvel|=   0.05 ncon=  0 com_z=0.950 com_x=-0.100
t= 28.50 max|qacc|=      11.3 max|qvel|=   0.05 ncon=  0 com_z=0.950 com_x=-0.100
t= 29.00 max|qacc|=      14.1 max|qvel|=   0.04 ncon=  0 com_z=0.950 com_x=-0.100
t= 29.50 max|qacc|=      16.1 max|qvel|=   0.05 ncon=  0 com_z=0.950 com_x=-0.101
t= 30.00 max|qacc|=      16.3 max|qvel|=   0.07 ncon=  0 com_z=0.950 com_x=-0.101
t= 30.50 max|qacc|=      15.6 max|qvel|=   0.09 ncon=  0 com_z=0.950 com_x=-0.101

== summary ==
pelvis/COM height: start 0.94 m, min 0.92 m, final 0.95 m  (stayed up)
COM x: min -0.21 max -0.04 final -0.10 m
COM y: min -0.040 max +0.005 m
RG_F_r bursts during walk window: 26
RG_r: cycles in window 26, period 0.38 s (2.60 Hz), E-duty 0.43
RG_l: cycles in window 26, period 0.38 s (2.60 Hz), E-duty 0.43
peak ctrl: [1.   1.   1.   0.92 0.43 0.79 0.81 0.99 0.35 1.   1.   1.   1.   0.9
 0.43 0.79 0.73 0.99 0.35 1.  ] (('vas_lat_r', 'med_gas_r', 'soleus_r', 'tib_ant_r', 'psoas_r', 'semimem_r', 'glut_max2_r', 'rect_fem_r', 'sar_r', 'grac_r', 'vas_lat_l', 'med_gas_l', 'soleus_l', 'tib_ant_l', 'psoas_l', 'semimem_l', 'glut_max2_l', 'rect_fem_l', 'sar_l', 'grac_l'))
  hip_flexion_r        -52.2 ..    54.2 deg
  knee_angle_r         -77.1 ..    12.4 deg
  ankle_angle_r        -85.2 ..    52.1 deg
  hip_adduction_r      -38.8 ..    11.0 deg
  subtalar_angle_r      -6.2 ..    16.2 deg
  hip_flexion_l        -54.9 ..    73.4 deg
  knee_angle_l         -80.7 ..    12.4 deg
  ankle_angle_l        -87.1 ..    53.5 deg
  hip_adduction_l      -47.0 ..     6.6 deg
  subtalar_angle_l      -7.3 ..    16.5 deg
  pelvis_tilt           -2.7 ..     1.8 deg
  pelvis_list           -0.6 ..    -0.1 deg
  pelvis_rotation        2.2 ..     2.8 deg
saved spinal_run.npz
(plot skipped: 'PF_E2_r')
fitted baseline loaded: e2_pf=0.222 f1_df=0.098 f1_kf=0.148 post_kneext=0.011 post_hipext=0.068 desc_f=1.400 e2_adapt=1.700
start pose (normal): applied 20 coordinates as given; pelvis ty 0.920 m (env override unset); IMU-metric torso lean -0.0 deg (+ = back)
standing solve: nnls x in [0.00, 0.70], >0.1: 14 muscles
  top: add_long_l=0.70, tib_ant_r=0.61, tib_ant_l=0.46, ext_dig_r=0.37, glut_min1_l=0.33, pect_l=0.32, glut_min2_l=0.31, ext_dig_l=0.25
Fmax range: 5..3396 N | L range sample: [0.229942 0.326094]
t=  1.00 max|qacc|=     430.1 max|qvel|=   4.21 ncon=  0 com_z=0.997 com_x=-0.211
t=  1.50 max|qacc|=      72.4 max|qvel|=   2.66 ncon=  0 com_z=0.952 com_x=-0.187
t=  2.00 max|qacc|=     182.1 max|qvel|=   1.44 ncon=  0 com_z=0.963 com_x=-0.193
t=  2.50 max|qacc|=     111.0 max|qvel|=   2.14 ncon=  0 com_z=0.958 com_x=-0.191
t=  3.00 max|qacc|=     102.7 max|qvel|=   0.71 ncon=  0 com_z=0.957 com_x=-0.188
t=  3.50 max|qacc|=     207.2 max|qvel|=   1.44 ncon=  0 com_z=0.959 com_x=-0.192
t=  4.00 max|qacc|=      17.9 max|qvel|=   0.41 ncon=  0 com_z=0.954 com_x=-0.188
t=  4.50 max|qacc|=     343.7 max|qvel|=   7.55 ncon=  0 com_z=0.944 com_x=-0.105
t=  5.00 max|qacc|=      45.5 max|qvel|=   6.32 ncon=  0 com_z=0.965 com_x=-0.181
t=  5.50 max|qacc|=    1438.9 max|qvel|=   5.68 ncon=  0 com_z=0.940 com_x=-0.133
t=  6.00 max|qacc|=      73.3 max|qvel|=   1.99 ncon=  0 com_z=0.939 com_x=-0.144
t=  6.50 max|qacc|=      42.0 max|qvel|=   1.43 ncon=  0 com_z=0.936 com_x=-0.131
t=  7.00 max|qacc|=      57.6 max|qvel|=   0.50 ncon=  0 com_z=0.954 com_x=-0.136
t=  7.50 max|qacc|=      31.2 max|qvel|=   0.82 ncon=  0 com_z=0.940 com_x=-0.127
t=  8.00 max|qacc|=      17.0 max|qvel|=   0.36 ncon=  0 com_z=0.940 com_x=-0.136
t=  8.50 max|qacc|=      20.3 max|qvel|=   0.35 ncon=  0 com_z=0.946 com_x=-0.135
t=  9.00 max|qacc|=      83.0 max|qvel|=   0.22 ncon=  0 com_z=0.942 com_x=-0.130
t=  9.50 max|qacc|=     122.5 max|qvel|=   0.21 ncon=  0 com_z=0.942 com_x=-0.134
t= 10.00 max|qacc|=     369.7 max|qvel|=   0.80 ncon=  0 com_z=0.943 com_x=-0.134
t= 10.50 max|qacc|=      65.8 max|qvel|=   0.21 ncon=  0 com_z=0.942 com_x=-0.133
t= 11.00 max|qacc|=      18.6 max|qvel|=   0.23 ncon=  0 com_z=0.943 com_x=-0.134
t= 11.50 max|qacc|=     231.9 max|qvel|=   0.13 ncon=  0 com_z=0.943 com_x=-0.133
t= 12.00 max|qacc|=      55.9 max|qvel|=   0.12 ncon=  0 com_z=0.943 com_x=-0.133
t= 12.50 max|qacc|=      27.7 max|qvel|=   0.09 ncon=  0 com_z=0.943 com_x=-0.133
t= 13.00 max|qacc|=      38.8 max|qvel|=   0.09 ncon=  0 com_z=0.943 com_x=-0.133
t= 13.50 max|qacc|=     193.2 max|qvel|=   0.17 ncon=  0 com_z=0.943 com_x=-0.134
t= 14.00 max|qacc|=      45.4 max|qvel|=   0.12 ncon=  0 com_z=0.943 com_x=-0.134
t= 14.50 max|qacc|=      90.4 max|qvel|=   0.21 ncon=  0 com_z=0.943 com_x=-0.133
t= 15.00 max|qacc|=      31.5 max|qvel|=   0.17 ncon=  0 com_z=0.943 com_x=-0.133
t= 15.50 max|qacc|=      18.8 max|qvel|=   0.35 ncon=  0 com_z=0.943 com_x=-0.133
t= 16.00 max|qacc|=      49.0 max|qvel|=   0.60 ncon=  0 com_z=0.944 com_x=-0.134
t= 16.50 max|qacc|=      39.7 max|qvel|=   1.64 ncon=  0 com_z=0.945 com_x=-0.134
t= 17.00 max|qacc|=      28.0 max|qvel|=   0.13 ncon=  0 com_z=0.947 com_x=-0.137
t= 17.50 max|qacc|=      38.4 max|qvel|=   0.16 ncon=  0 com_z=0.947 com_x=-0.138
t= 18.00 max|qacc|=      17.8 max|qvel|=   0.07 ncon=  0 com_z=0.948 com_x=-0.138
t= 18.50 max|qacc|=      15.7 max|qvel|=   0.15 ncon=  0 com_z=0.948 com_x=-0.137
t= 19.00 max|qacc|=      79.2 max|qvel|=   0.12 ncon=  0 com_z=0.948 com_x=-0.137
t= 19.50 max|qacc|=      28.3 max|qvel|=   0.28 ncon=  0 com_z=0.948 com_x=-0.137
t= 20.00 max|qacc|=      59.2 max|qvel|=   0.12 ncon=  0 com_z=0.948 com_x=-0.137
t= 20.50 max|qacc|=      36.3 max|qvel|=   0.12 ncon=  0 com_z=0.948 com_x=-0.138
t= 21.00 max|qacc|=       9.5 max|qvel|=   0.16 ncon=  0 com_z=0.948 com_x=-0.138
t= 21.50 max|qacc|=      65.5 max|qvel|=   0.14 ncon=  0 com_z=0.948 com_x=-0.138
t= 22.00 max|qacc|=      48.4 max|qvel|=   0.11 ncon=  0 com_z=0.948 com_x=-0.137
t= 22.50 max|qacc|=      29.1 max|qvel|=   0.11 ncon=  0 com_z=0.948 com_x=-0.137
t= 23.00 max|qacc|=      19.7 max|qvel|=   0.12 ncon=  0 com_z=0.948 com_x=-0.137
t= 23.50 max|qacc|=      32.2 max|qvel|=   0.27 ncon=  0 com_z=0.948 com_x=-0.137
t= 24.00 max|qacc|=      22.3 max|qvel|=   0.08 ncon=  0 com_z=0.948 com_x=-0.137
t= 24.50 max|qacc|=      24.6 max|qvel|=   0.16 ncon=  0 com_z=0.948 com_x=-0.137
t= 25.00 max|qacc|=      25.8 max|qvel|=   0.16 ncon=  0 com_z=0.948 com_x=-0.138
t= 25.50 max|qacc|=      64.5 max|qvel|=   0.30 ncon=  0 com_z=0.948 com_x=-0.138
t= 26.00 max|qacc|=      37.5 max|qvel|=   0.35 ncon=  0 com_z=0.948 com_x=-0.137
t= 26.50 max|qacc|=      70.4 max|qvel|=   0.33 ncon=  0 com_z=0.948 com_x=-0.137
t= 27.00 max|qacc|=     152.1 max|qvel|=   0.28 ncon=  0 com_z=0.948 com_x=-0.137
t= 27.50 max|qacc|=      32.5 max|qvel|=   0.44 ncon=  0 com_z=0.948 com_x=-0.137
t= 28.00 max|qacc|=      15.7 max|qvel|=   0.11 ncon=  0 com_z=0.948 com_x=-0.138
t= 28.50 max|qacc|=      24.0 max|qvel|=   0.21 ncon=  0 com_z=0.947 com_x=-0.138
t= 29.00 max|qacc|=      80.2 max|qvel|=   0.88 ncon=  0 com_z=0.948 com_x=-0.138
t= 29.50 max|qacc|=      58.6 max|qvel|=   0.09 ncon=  0 com_z=0.948 com_x=-0.137
t= 30.00 max|qacc|=      22.8 max|qvel|=   0.11 ncon=  0 com_z=0.948 com_x=-0.137
t= 30.50 max|qacc|=      71.5 max|qvel|=   0.23 ncon=  0 com_z=0.948 com_x=-0.137

== summary ==
pelvis/COM height: start 0.94 m, min 0.92 m, final 0.95 m  (stayed up)
COM x: min -0.21 max -0.04 final -0.14 m
COM y: min -0.040 max +0.003 m
RG_F_r bursts during walk window: 3
RG_r: cycles in window 4, period 0.29 s (3.42 Hz), E-duty 0.95
RG_l: cycles in window 4, period 0.29 s (3.42 Hz), E-duty 0.95
peak ctrl: [1.   1.   1.   0.91 0.43 0.79 0.81 1.   0.34 1.   1.   1.   1.   0.89
 0.43 0.79 0.73 1.   0.34 1.  ] (('vas_lat_r', 'med_gas_r', 'soleus_r', 'tib_ant_r', 'psoas_r', 'semimem_r', 'glut_max2_r', 'rect_fem_r', 'sar_r', 'grac_r', 'vas_lat_l', 'med_gas_l', 'soleus_l', 'tib_ant_l', 'psoas_l', 'semimem_l', 'glut_max2_l', 'rect_fem_l', 'sar_l', 'grac_l'))
  hip_flexion_r        -48.4 ..    54.2 deg
  knee_angle_r         -72.0 ..    12.1 deg
  ankle_angle_r        -84.2 ..    52.0 deg
  hip_adduction_r      -40.5 ..    10.3 deg
  subtalar_angle_r      -6.1 ..    21.4 deg
  hip_flexion_l        -48.1 ..    73.8 deg
  knee_angle_l         -74.1 ..    11.9 deg
  ankle_angle_l        -86.3 ..    53.4 deg
  hip_adduction_l      -47.1 ..     7.5 deg
  subtalar_angle_l      -7.4 ..    21.9 deg
  pelvis_tilt           -2.8 ..     1.2 deg
  pelvis_list           -0.7 ..    -0.1 deg
  pelvis_rotation        2.2 ..     2.8 deg
saved spinal_run.npz
(plot skipped: 'PF_E2_r')
fitted baseline loaded: e2_pf=0.222 f1_df=0.098 f1_kf=0.148 post_kneext=0.011 post_hipext=0.068 desc_f=1.400 e2_adapt=1.700
start pose (normal): applied 20 coordinates as given; pelvis ty 0.920 m (env override unset); IMU-metric torso lean -0.0 deg (+ = back)
D:\GitHub\Bipedal_Robot\Code\MuJoCo_SNS\spinal\runner.py:1775: RuntimeWarning: More than 20 figures have been opened. Figures created through the pyplot interface (`matplotlib.pyplot.figure`) are retained until explicitly closed and may consume too much memory. (To control this warning, see the rcParam `figure.max_open_warning`). Consider using `matplotlib.pyplot.close()`.
  fig, ax = plt.subplots(4, 1, figsize=(10, 11), sharex=True)
standing solve: nnls x in [0.00, 0.70], >0.1: 14 muscles
  top: add_long_l=0.70, tib_ant_r=0.61, tib_ant_l=0.46, ext_dig_r=0.37, glut_min1_l=0.33, pect_l=0.32, glut_min2_l=0.31, ext_dig_l=0.25
Fmax range: 5..3396 N | L range sample: [0.229942 0.326094]
t=  1.00 max|qacc|=     222.8 max|qvel|=   2.22 ncon=  0 com_z=0.998 com_x=-0.211
t=  1.50 max|qacc|=     396.3 max|qvel|=   2.61 ncon=  0 com_z=0.952 com_x=-0.187
t=  2.00 max|qacc|=      21.5 max|qvel|=   1.49 ncon=  0 com_z=0.963 com_x=-0.193
t=  2.50 max|qacc|=      27.4 max|qvel|=   1.17 ncon=  0 com_z=0.958 com_x=-0.190
t=  3.00 max|qacc|=      37.3 max|qvel|=   0.73 ncon=  0 com_z=0.957 com_x=-0.188
t=  3.50 max|qacc|=      75.9 max|qvel|=   0.58 ncon=  0 com_z=0.958 com_x=-0.192
t=  4.00 max|qacc|=      50.3 max|qvel|=   0.44 ncon=  0 com_z=0.954 com_x=-0.188
t=  4.50 max|qacc|=      46.1 max|qvel|=  11.93 ncon=  0 com_z=0.940 com_x=-0.155
t=  5.00 max|qacc|=     332.0 max|qvel|=   4.71 ncon=  0 com_z=0.932 com_x=-0.133
t=  5.50 max|qacc|=     148.4 max|qvel|=   7.62 ncon=  0 com_z=0.946 com_x=-0.160
t=  6.00 max|qacc|=      45.2 max|qvel|=   6.75 ncon=  0 com_z=0.935 com_x=-0.145
t=  6.50 max|qacc|=     573.2 max|qvel|=   5.65 ncon=  0 com_z=0.943 com_x=-0.154
t=  7.00 max|qacc|=     860.7 max|qvel|=  10.13 ncon=  0 com_z=0.932 com_x=-0.134
t=  7.50 max|qacc|=     169.4 max|qvel|=   3.55 ncon=  0 com_z=0.932 com_x=-0.139
t=  8.00 max|qacc|=      76.2 max|qvel|=   7.83 ncon=  0 com_z=0.936 com_x=-0.147
t=  8.50 max|qacc|=      43.8 max|qvel|=   7.09 ncon=  0 com_z=0.939 com_x=-0.153
t=  9.00 max|qacc|=     569.0 max|qvel|=   5.00 ncon=  0 com_z=0.937 com_x=-0.145
t=  9.50 max|qacc|=     279.0 max|qvel|=  11.54 ncon=  0 com_z=0.933 com_x=-0.138
t= 10.00 max|qacc|=     245.1 max|qvel|=   1.77 ncon=  0 com_z=0.932 com_x=-0.137
t= 10.50 max|qacc|=      86.9 max|qvel|=   7.61 ncon=  0 com_z=0.936 com_x=-0.149
t= 11.00 max|qacc|=      54.6 max|qvel|=   7.39 ncon=  0 com_z=0.939 com_x=-0.153
t= 11.50 max|qacc|=     647.9 max|qvel|=   3.80 ncon=  0 com_z=0.936 com_x=-0.144
t= 12.00 max|qacc|=     301.6 max|qvel|=  12.20 ncon=  0 com_z=0.933 com_x=-0.136
t= 12.50 max|qacc|=     210.3 max|qvel|=   1.57 ncon=  0 com_z=0.932 com_x=-0.138
t= 13.00 max|qacc|=      56.8 max|qvel|=   6.98 ncon=  0 com_z=0.937 com_x=-0.150
t= 13.50 max|qacc|=      55.0 max|qvel|=   7.67 ncon=  0 com_z=0.939 com_x=-0.152
t= 14.00 max|qacc|=     638.8 max|qvel|=   6.23 ncon=  0 com_z=0.935 com_x=-0.143
t= 14.50 max|qacc|=     299.2 max|qvel|=  12.93 ncon=  0 com_z=0.932 com_x=-0.135
t= 15.00 max|qacc|=     253.5 max|qvel|=   3.20 ncon=  0 com_z=0.932 com_x=-0.140
t= 15.50 max|qacc|=     268.2 max|qvel|=   5.83 ncon=  0 com_z=0.938 com_x=-0.151
t= 16.00 max|qacc|=      66.9 max|qvel|=   0.73 ncon=  0 com_z=0.983 com_x=-0.051
t= 16.50 max|qacc|=      13.7 max|qvel|=   1.57 ncon=  0 com_z=0.955 com_x=-0.099
t= 17.00 max|qacc|=      13.7 max|qvel|=   0.88 ncon=  0 com_z=0.946 com_x=-0.094
t= 17.50 max|qacc|=      14.7 max|qvel|=   0.65 ncon=  0 com_z=0.947 com_x=-0.103
t= 18.00 max|qacc|=      14.2 max|qvel|=   0.36 ncon=  0 com_z=0.950 com_x=-0.101
t= 18.50 max|qacc|=      17.2 max|qvel|=   0.16 ncon=  0 com_z=0.950 com_x=-0.099
t= 19.00 max|qacc|=      16.2 max|qvel|=   0.11 ncon=  0 com_z=0.950 com_x=-0.101
t= 19.50 max|qacc|=      13.6 max|qvel|=   0.11 ncon=  0 com_z=0.949 com_x=-0.101
t= 20.00 max|qacc|=      10.9 max|qvel|=   0.11 ncon=  0 com_z=0.949 com_x=-0.101
t= 20.50 max|qacc|=       8.8 max|qvel|=   0.11 ncon=  0 com_z=0.950 com_x=-0.101
t= 21.00 max|qacc|=       7.7 max|qvel|=   0.11 ncon=  0 com_z=0.950 com_x=-0.101
t= 21.50 max|qacc|=       6.6 max|qvel|=   0.11 ncon=  0 com_z=0.950 com_x=-0.101
t= 22.00 max|qacc|=       5.4 max|qvel|=   0.10 ncon=  0 com_z=0.950 com_x=-0.101
t= 22.50 max|qacc|=       4.2 max|qvel|=   0.09 ncon=  0 com_z=0.950 com_x=-0.101
t= 23.00 max|qacc|=       2.8 max|qvel|=   0.08 ncon=  0 com_z=0.950 com_x=-0.101
t= 23.50 max|qacc|=       3.0 max|qvel|=   0.07 ncon=  0 com_z=0.950 com_x=-0.101
t= 24.00 max|qacc|=       4.5 max|qvel|=   0.05 ncon=  0 com_z=0.950 com_x=-0.101
t= 24.50 max|qacc|=       5.8 max|qvel|=   0.04 ncon=  0 com_z=0.950 com_x=-0.101
t= 25.00 max|qacc|=       7.0 max|qvel|=   0.04 ncon=  0 com_z=0.950 com_x=-0.101
t= 25.50 max|qacc|=       8.0 max|qvel|=   0.04 ncon=  0 com_z=0.950 com_x=-0.101
t= 26.00 max|qacc|=       8.7 max|qvel|=   0.03 ncon=  0 com_z=0.950 com_x=-0.100
t= 26.50 max|qacc|=       9.0 max|qvel|=   0.03 ncon=  0 com_z=0.950 com_x=-0.100
t= 27.00 max|qacc|=       8.4 max|qvel|=   0.04 ncon=  0 com_z=0.950 com_x=-0.100
t= 27.50 max|qacc|=       8.4 max|qvel|=   0.05 ncon=  0 com_z=0.950 com_x=-0.100
t= 28.00 max|qacc|=       8.3 max|qvel|=   0.06 ncon=  0 com_z=0.950 com_x=-0.100
t= 28.50 max|qacc|=       8.1 max|qvel|=   0.07 ncon=  0 com_z=0.950 com_x=-0.100
t= 29.00 max|qacc|=       7.7 max|qvel|=   0.08 ncon=  0 com_z=0.950 com_x=-0.100
t= 29.50 max|qacc|=       7.6 max|qvel|=   0.08 ncon=  0 com_z=0.950 com_x=-0.100
t= 30.00 max|qacc|=       7.5 max|qvel|=   0.09 ncon=  0 com_z=0.950 com_x=-0.100
t= 30.50 max|qacc|=       7.4 max|qvel|=   0.09 ncon=  0 com_z=0.950 com_x=-0.100

== summary ==
pelvis/COM height: start 0.94 m, min 0.92 m, final 0.95 m  (stayed up)
COM x: min -0.21 max -0.04 final -0.10 m
COM y: min -0.040 max +0.005 m
RG_F_r bursts during walk window: 24
RG_r: cycles in window 24, period 0.42 s (2.41 Hz), E-duty 0.42
RG_l: cycles in window 24, period 0.42 s (2.41 Hz), E-duty 0.42
peak ctrl: [1.   1.   1.   0.92 0.43 0.79 0.81 0.99 0.35 1.   1.   1.   1.   0.9
 0.43 0.79 0.73 0.99 0.35 1.  ] (('vas_lat_r', 'med_gas_r', 'soleus_r', 'tib_ant_r', 'psoas_r', 'semimem_r', 'glut_max2_r', 'rect_fem_r', 'sar_r', 'grac_r', 'vas_lat_l', 'med_gas_l', 'soleus_l', 'tib_ant_l', 'psoas_l', 'semimem_l', 'glut_max2_l', 'rect_fem_l', 'sar_l', 'grac_l'))
  hip_flexion_r        -50.6 ..    54.3 deg
  knee_angle_r         -74.4 ..    12.0 deg
  ankle_angle_r        -84.6 ..    52.1 deg
  hip_adduction_r      -39.1 ..    11.9 deg
  subtalar_angle_r      -6.2 ..    16.8 deg
  hip_flexion_l        -53.0 ..    73.5 deg
  knee_angle_l         -79.7 ..    12.4 deg
  ankle_angle_l        -86.9 ..    53.6 deg
  hip_adduction_l      -46.8 ..     7.6 deg
  subtalar_angle_l      -7.5 ..    15.8 deg
  pelvis_tilt           -2.8 ..     1.5 deg
  pelvis_list           -0.7 ..    -0.1 deg
  pelvis_rotation        2.2 ..     2.8 deg
saved spinal_run.npz
(plot skipped: 'PF_E2_r')
fitted baseline loaded: e2_pf=0.222 f1_df=0.098 f1_kf=0.148 post_kneext=0.011 post_hipext=0.068 desc_f=1.400 e2_adapt=1.700
start pose (normal): applied 20 coordinates as given; pelvis ty 0.920 m (env override unset); IMU-metric torso lean -0.0 deg (+ = back)
standing solve: nnls x in [0.00, 0.70], >0.1: 14 muscles
  top: add_long_l=0.70, tib_ant_r=0.61, tib_ant_l=0.46, ext_dig_r=0.37, glut_min1_l=0.33, pect_l=0.32, glut_min2_l=0.31, ext_dig_l=0.25
Fmax range: 5..3396 N | L range sample: [0.229942 0.326094]
t=  1.00 max|qacc|=     335.8 max|qvel|=   3.15 ncon=  0 com_z=0.997 com_x=-0.211
t=  1.50 max|qacc|=     171.1 max|qvel|=   2.60 ncon=  0 com_z=0.952 com_x=-0.187
t=  2.00 max|qacc|=      62.3 max|qvel|=   1.37 ncon=  0 com_z=0.963 com_x=-0.193
t=  2.50 max|qacc|=     152.3 max|qvel|=   2.79 ncon=  0 com_z=0.958 com_x=-0.190
t=  3.00 max|qacc|=      55.2 max|qvel|=   0.73 ncon=  0 com_z=0.957 com_x=-0.188
t=  3.50 max|qacc|=      59.7 max|qvel|=   0.53 ncon=  0 com_z=0.958 com_x=-0.192
t=  4.00 max|qacc|=     182.0 max|qvel|=   3.65 ncon=  0 com_z=0.954 com_x=-0.188
t=  4.50 max|qacc|=     129.2 max|qvel|=   8.53 ncon=  0 com_z=0.955 com_x=-0.187
t=  5.00 max|qacc|=     123.0 max|qvel|=  18.16 ncon=  0 com_z=0.941 com_x=-0.053
t=  5.50 max|qacc|=    1379.4 max|qvel|=   7.58 ncon=  0 com_z=0.959 com_x=-0.189
t=  6.00 max|qacc|=      76.1 max|qvel|=   9.05 ncon=  0 com_z=0.948 com_x=-0.168
t=  6.50 max|qacc|=      47.8 max|qvel|=   6.35 ncon=  0 com_z=0.953 com_x=-0.170
t=  7.00 max|qacc|=     172.5 max|qvel|=   4.72 ncon=  0 com_z=0.931 com_x=-0.132
t=  7.50 max|qacc|=     306.6 max|qvel|=   4.08 ncon=  0 com_z=0.936 com_x=-0.116
t=  8.00 max|qacc|=    1267.5 max|qvel|=  10.69 ncon=  0 com_z=0.936 com_x=-0.112
t=  8.50 max|qacc|=     728.9 max|qvel|=   8.47 ncon=  0 com_z=0.936 com_x=-0.140
t=  9.00 max|qacc|=      33.9 max|qvel|=  11.34 ncon=  0 com_z=0.944 com_x=-0.168
t=  9.50 max|qacc|=      70.7 max|qvel|=   7.15 ncon=  0 com_z=0.950 com_x=-0.173
t= 10.00 max|qacc|=      68.3 max|qvel|=   7.72 ncon=  0 com_z=0.941 com_x=-0.154
t= 10.50 max|qacc|=     288.9 max|qvel|=   3.24 ncon=  0 com_z=0.932 com_x=-0.125
t= 11.00 max|qacc|=     415.4 max|qvel|=   9.64 ncon=  0 com_z=0.935 com_x=-0.107
t= 11.50 max|qacc|=     144.3 max|qvel|=  16.70 ncon=  0 com_z=0.932 com_x=-0.123
t= 12.00 max|qacc|=    1090.3 max|qvel|=  12.91 ncon=  0 com_z=0.938 com_x=-0.153
t= 12.50 max|qacc|=      72.1 max|qvel|=  10.02 ncon=  0 com_z=0.948 com_x=-0.173
t= 13.00 max|qacc|=      52.8 max|qvel|=   6.23 ncon=  0 com_z=0.948 com_x=-0.167
t= 13.50 max|qacc|=     259.3 max|qvel|=   6.94 ncon=  0 com_z=0.936 com_x=-0.142
t= 14.00 max|qacc|=    1166.0 max|qvel|=   2.95 ncon=  0 com_z=0.933 com_x=-0.114
t= 14.50 max|qacc|=     494.0 max|qvel|=  13.98 ncon=  0 com_z=0.938 com_x=-0.112
t= 15.00 max|qacc|=     562.7 max|qvel|=  12.36 ncon=  0 com_z=0.935 com_x=-0.134
t= 15.50 max|qacc|=      24.7 max|qvel|=  11.88 ncon=  0 com_z=0.945 com_x=-0.172
t= 16.00 max|qacc|=      39.3 max|qvel|=   3.79 ncon=  0 com_z=0.946 com_x=-0.061
t= 16.50 max|qacc|=      16.5 max|qvel|=   1.32 ncon=  0 com_z=0.963 com_x=-0.085
t= 17.00 max|qacc|=      10.7 max|qvel|=   0.98 ncon=  0 com_z=0.955 com_x=-0.097
t= 17.50 max|qacc|=       8.1 max|qvel|=   0.64 ncon=  0 com_z=0.948 com_x=-0.100
t= 18.00 max|qacc|=       6.3 max|qvel|=   0.27 ncon=  0 com_z=0.948 com_x=-0.103
t= 18.50 max|qacc|=       5.1 max|qvel|=   0.17 ncon=  0 com_z=0.949 com_x=-0.102
t= 19.00 max|qacc|=       4.5 max|qvel|=   0.09 ncon=  0 com_z=0.950 com_x=-0.101
t= 19.50 max|qacc|=       3.0 max|qvel|=   0.08 ncon=  0 com_z=0.950 com_x=-0.102
t= 20.00 max|qacc|=       3.3 max|qvel|=   0.07 ncon=  0 com_z=0.949 com_x=-0.102
t= 20.50 max|qacc|=       4.9 max|qvel|=   0.05 ncon=  0 com_z=0.949 com_x=-0.102
t= 21.00 max|qacc|=       6.4 max|qvel|=   0.04 ncon=  0 com_z=0.949 com_x=-0.102
t= 21.50 max|qacc|=       7.7 max|qvel|=   0.04 ncon=  0 com_z=0.949 com_x=-0.102
t= 22.00 max|qacc|=       8.7 max|qvel|=   0.04 ncon=  0 com_z=0.949 com_x=-0.102
t= 22.50 max|qacc|=       9.2 max|qvel|=   0.03 ncon=  0 com_z=0.949 com_x=-0.101
t= 23.00 max|qacc|=       8.5 max|qvel|=   0.04 ncon=  0 com_z=0.950 com_x=-0.101
t= 23.50 max|qacc|=       8.4 max|qvel|=   0.05 ncon=  0 com_z=0.950 com_x=-0.101
t= 24.00 max|qacc|=       8.3 max|qvel|=   0.06 ncon=  0 com_z=0.950 com_x=-0.101
t= 24.50 max|qacc|=       8.0 max|qvel|=   0.07 ncon=  0 com_z=0.950 com_x=-0.101
t= 25.00 max|qacc|=       7.7 max|qvel|=   0.08 ncon=  0 com_z=0.950 com_x=-0.101
t= 25.50 max|qacc|=       7.6 max|qvel|=   0.08 ncon=  0 com_z=0.950 com_x=-0.101
t= 26.00 max|qacc|=       7.5 max|qvel|=   0.09 ncon=  0 com_z=0.950 com_x=-0.101
t= 26.50 max|qacc|=       7.2 max|qvel|=   0.09 ncon=  0 com_z=0.950 com_x=-0.101
t= 27.00 max|qacc|=       7.3 max|qvel|=   0.09 ncon=  0 com_z=0.950 com_x=-0.101
t= 27.50 max|qacc|=       7.1 max|qvel|=   0.09 ncon=  0 com_z=0.950 com_x=-0.101
t= 28.00 max|qacc|=       6.7 max|qvel|=   0.09 ncon=  0 com_z=0.950 com_x=-0.101
t= 28.50 max|qacc|=       6.1 max|qvel|=   0.08 ncon=  0 com_z=0.950 com_x=-0.101
t= 29.00 max|qacc|=       5.0 max|qvel|=   0.07 ncon=  0 com_z=0.950 com_x=-0.101
t= 29.50 max|qacc|=       3.6 max|qvel|=   0.06 ncon=  0 com_z=0.950 com_x=-0.101
t= 30.00 max|qacc|=       3.1 max|qvel|=   0.05 ncon=  0 com_z=0.949 com_x=-0.101
t= 30.50 max|qacc|=       6.0 max|qvel|=   0.05 ncon=  0 com_z=0.949 com_x=-0.101

== summary ==
pelvis/COM height: start 0.94 m, min 0.92 m, final 0.95 m  (stayed up)
COM x: min -0.21 max -0.04 final -0.10 m
COM y: min -0.040 max +0.006 m
RG_F_r bursts during walk window: 17
RG_r: cycles in window 17, period 0.59 s (1.70 Hz), E-duty 0.42
RG_l: cycles in window 17, period 0.59 s (1.70 Hz), E-duty 0.42
peak ctrl: [1.   1.   1.   0.92 0.41 0.79 0.81 0.99 0.34 1.   1.   1.   1.   0.9
 0.41 0.79 0.74 0.99 0.34 1.  ] (('vas_lat_r', 'med_gas_r', 'soleus_r', 'tib_ant_r', 'psoas_r', 'semimem_r', 'glut_max2_r', 'rect_fem_r', 'sar_r', 'grac_r', 'vas_lat_l', 'med_gas_l', 'soleus_l', 'tib_ant_l', 'psoas_l', 'semimem_l', 'glut_max2_l', 'rect_fem_l', 'sar_l', 'grac_l'))
  hip_flexion_r        -56.1 ..    54.3 deg
  knee_angle_r         -78.3 ..    12.5 deg
  ankle_angle_r        -85.7 ..    51.9 deg
  hip_adduction_r      -42.7 ..    12.1 deg
  subtalar_angle_r      -6.5 ..    12.1 deg
  hip_flexion_l        -58.6 ..    73.8 deg
  knee_angle_l         -82.7 ..    12.2 deg
  ankle_angle_l        -88.3 ..    53.4 deg
  hip_adduction_l      -47.2 ..    11.5 deg
  subtalar_angle_l      -8.1 ..    13.1 deg
  pelvis_tilt           -2.6 ..     2.0 deg
  pelvis_list           -0.6 ..    -0.1 deg
  pelvis_rotation        2.2 ..     2.8 deg
saved spinal_run.npz
(plot skipped: 'PF_E2_r')
fitted baseline loaded: e2_pf=0.222 f1_df=0.098 f1_kf=0.148 post_kneext=0.011 post_hipext=0.068 desc_f=1.400 e2_adapt=1.700
start pose (normal): applied 20 coordinates as given; pelvis ty 0.920 m (env override unset); IMU-metric torso lean -0.0 deg (+ = back)
standing solve: nnls x in [0.00, 0.70], >0.1: 14 muscles
  top: add_long_l=0.70, tib_ant_r=0.61, tib_ant_l=0.46, ext_dig_r=0.37, glut_min1_l=0.33, pect_l=0.32, glut_min2_l=0.31, ext_dig_l=0.25
Fmax range: 5..3396 N | L range sample: [0.229942 0.326094]
t=  1.00 max|qacc|=     358.1 max|qvel|=   4.13 ncon=  0 com_z=0.997 com_x=-0.211
t=  1.50 max|qacc|=     138.1 max|qvel|=   2.65 ncon=  0 com_z=0.951 com_x=-0.187
t=  2.00 max|qacc|=     119.4 max|qvel|=   1.43 ncon=  0 com_z=0.963 com_x=-0.193
t=  2.50 max|qacc|=      27.7 max|qvel|=   1.17 ncon=  0 com_z=0.958 com_x=-0.190
t=  3.00 max|qacc|=      62.3 max|qvel|=   0.77 ncon=  0 com_z=0.957 com_x=-0.188
t=  3.50 max|qacc|=      28.5 max|qvel|=   0.48 ncon=  0 com_z=0.959 com_x=-0.192
t=  4.00 max|qacc|=      49.0 max|qvel|=   0.36 ncon=  0 com_z=0.954 com_x=-0.188
t=  4.50 max|qacc|=      63.4 max|qvel|=  10.52 ncon=  0 com_z=0.947 com_x=-0.174
t=  5.00 max|qacc|=     323.3 max|qvel|=   3.66 ncon=  0 com_z=0.930 com_x=-0.131
t=  5.50 max|qacc|=     107.5 max|qvel|=   7.32 ncon=  0 com_z=0.950 com_x=-0.171
t=  6.00 max|qacc|=     446.7 max|qvel|=   2.83 ncon=  0 com_z=0.934 com_x=-0.145
t=  6.50 max|qacc|=     804.1 max|qvel|=   8.49 ncon=  0 com_z=0.937 com_x=-0.148
t=  7.00 max|qacc|=      71.3 max|qvel|=   7.58 ncon=  0 com_z=0.933 com_x=-0.150
t=  7.50 max|qacc|=     454.4 max|qvel|=   2.70 ncon=  0 com_z=0.941 com_x=-0.158
t=  8.00 max|qacc|=     248.3 max|qvel|=   8.15 ncon=  0 com_z=0.930 com_x=-0.141
t=  8.50 max|qacc|=     132.2 max|qvel|=   6.63 ncon=  0 com_z=0.935 com_x=-0.154
t=  9.00 max|qacc|=     148.0 max|qvel|=   5.27 ncon=  0 com_z=0.939 com_x=-0.154
t=  9.50 max|qacc|=     584.6 max|qvel|=  10.70 ncon=  0 com_z=0.932 com_x=-0.145
t= 10.00 max|qacc|=     162.4 max|qvel|=   5.38 ncon=  0 com_z=0.934 com_x=-0.151
t= 10.50 max|qacc|=      41.7 max|qvel|=   6.13 ncon=  0 com_z=0.940 com_x=-0.156
t= 11.00 max|qacc|=     447.1 max|qvel|=  12.06 ncon=  0 com_z=0.934 com_x=-0.145
t= 11.50 max|qacc|=     281.3 max|qvel|=   3.11 ncon=  0 com_z=0.933 com_x=-0.150
t= 12.00 max|qacc|=      36.3 max|qvel|=   6.40 ncon=  0 com_z=0.940 com_x=-0.157
t= 12.50 max|qacc|=     482.5 max|qvel|=   9.89 ncon=  0 com_z=0.935 com_x=-0.147
t= 13.00 max|qacc|=      86.4 max|qvel|=   1.69 ncon=  0 com_z=0.932 com_x=-0.148
t= 13.50 max|qacc|=      34.2 max|qvel|=   6.45 ncon=  0 com_z=0.940 com_x=-0.157
t= 14.00 max|qacc|=     859.2 max|qvel|=   7.23 ncon=  0 com_z=0.936 com_x=-0.148
t= 14.50 max|qacc|=     283.2 max|qvel|=   1.56 ncon=  0 com_z=0.932 com_x=-0.147
t= 15.00 max|qacc|=      34.2 max|qvel|=   6.50 ncon=  0 com_z=0.939 com_x=-0.157
t= 15.50 max|qacc|=      58.8 max|qvel|=  11.16 ncon=  0 com_z=0.939 com_x=-0.153
t= 16.00 max|qacc|=     125.1 max|qvel|=   1.10 ncon=  0 com_z=0.967 com_x=-0.199
t= 16.50 max|qacc|=      45.4 max|qvel|=   0.60 ncon=  0 com_z=0.954 com_x=-0.185
t= 17.00 max|qacc|=     172.3 max|qvel|=   0.53 ncon=  0 com_z=0.956 com_x=-0.189
t= 17.50 max|qacc|=     213.8 max|qvel|=   0.76 ncon=  0 com_z=0.957 com_x=-0.192
t= 18.00 max|qacc|=      43.4 max|qvel|=   0.26 ncon=  0 com_z=0.955 com_x=-0.188
t= 18.50 max|qacc|=     139.3 max|qvel|=   0.54 ncon=  0 com_z=0.958 com_x=-0.190
t= 19.00 max|qacc|=      25.1 max|qvel|=   0.32 ncon=  0 com_z=0.955 com_x=-0.189
t= 19.50 max|qacc|=      64.2 max|qvel|=   0.67 ncon=  0 com_z=0.957 com_x=-0.190
t= 20.00 max|qacc|=     113.0 max|qvel|=   0.51 ncon=  0 com_z=0.956 com_x=-0.188
t= 20.50 max|qacc|=      79.6 max|qvel|=   0.26 ncon=  0 com_z=0.956 com_x=-0.190
t= 21.00 max|qacc|=      88.9 max|qvel|=   0.77 ncon=  0 com_z=0.956 com_x=-0.189
t= 21.50 max|qacc|=     302.5 max|qvel|=   0.75 ncon=  0 com_z=0.957 com_x=-0.189
t= 22.00 max|qacc|=      60.6 max|qvel|=   0.41 ncon=  0 com_z=0.956 com_x=-0.190
t= 22.50 max|qacc|=      54.8 max|qvel|=   0.16 ncon=  0 com_z=0.957 com_x=-0.189
t= 23.00 max|qacc|=      72.0 max|qvel|=   0.39 ncon=  0 com_z=0.957 com_x=-0.189
t= 23.50 max|qacc|=      22.3 max|qvel|=   0.20 ncon=  0 com_z=0.956 com_x=-0.190
t= 24.00 max|qacc|=      90.0 max|qvel|=   0.16 ncon=  0 com_z=0.957 com_x=-0.190
t= 24.50 max|qacc|=      31.3 max|qvel|=   0.30 ncon=  0 com_z=0.956 com_x=-0.189
t= 25.00 max|qacc|=     871.6 max|qvel|=   1.39 ncon=  0 com_z=0.956 com_x=-0.190
t= 25.50 max|qacc|=      59.1 max|qvel|=   0.21 ncon=  0 com_z=0.956 com_x=-0.190
t= 26.00 max|qacc|=      64.2 max|qvel|=   0.25 ncon=  0 com_z=0.957 com_x=-0.189
t= 26.50 max|qacc|=      40.9 max|qvel|=   0.22 ncon=  0 com_z=0.956 com_x=-0.190
t= 27.00 max|qacc|=      63.9 max|qvel|=   0.23 ncon=  0 com_z=0.957 com_x=-0.189
t= 27.50 max|qacc|=     168.5 max|qvel|=   0.23 ncon=  0 com_z=0.957 com_x=-0.189
t= 28.00 max|qacc|=     114.9 max|qvel|=   0.18 ncon=  0 com_z=0.956 com_x=-0.190
t= 28.50 max|qacc|=      46.4 max|qvel|=   0.52 ncon=  0 com_z=0.957 com_x=-0.189
t= 29.00 max|qacc|=      26.1 max|qvel|=   0.17 ncon=  0 com_z=0.957 com_x=-0.189
t= 29.50 max|qacc|=     550.0 max|qvel|=   0.41 ncon=  0 com_z=0.956 com_x=-0.190
t= 30.00 max|qacc|=      41.4 max|qvel|=   0.20 ncon=  0 com_z=0.957 com_x=-0.189
t= 30.50 max|qacc|=      29.8 max|qvel|=   0.17 ncon=  0 com_z=0.957 com_x=-0.189

== summary ==
pelvis/COM height: start 0.94 m, min 0.92 m, final 0.96 m  (stayed up)
COM x: min -0.21 max -0.05 final -0.19 m
COM y: min -0.040 max +0.004 m
RG_F_r bursts during walk window: 26
RG_r: cycles in window 26, period 0.38 s (2.63 Hz), E-duty 0.45
RG_l: cycles in window 26, period 0.38 s (2.63 Hz), E-duty 0.45
peak ctrl: [1.   1.   1.   0.79 0.43 0.79 0.81 0.99 0.35 1.   1.   1.   1.   0.79
 0.43 0.79 0.73 0.99 0.35 1.  ] (('vas_lat_r', 'med_gas_r', 'soleus_r', 'tib_ant_r', 'psoas_r', 'semimem_r', 'glut_max2_r', 'rect_fem_r', 'sar_r', 'grac_r', 'vas_lat_l', 'med_gas_l', 'soleus_l', 'tib_ant_l', 'psoas_l', 'semimem_l', 'glut_max2_l', 'rect_fem_l', 'sar_l', 'grac_l'))
  hip_flexion_r        -37.2 ..    54.3 deg
  knee_angle_r         -58.0 ..    11.9 deg
  ankle_angle_r        -84.6 ..    51.9 deg
  hip_adduction_r      -32.5 ..    10.8 deg
  subtalar_angle_r      -6.3 ..    16.9 deg
  hip_flexion_l        -38.5 ..    73.8 deg
  knee_angle_l         -60.5 ..    12.2 deg
  ankle_angle_l        -85.9 ..    53.4 deg
  hip_adduction_l      -47.2 ..     7.6 deg
  subtalar_angle_l      -8.0 ..    16.8 deg
  pelvis_tilt           -2.6 ..     1.3 deg
  pelvis_list           -0.7 ..    -0.1 deg
  pelvis_rotation        2.2 ..     2.8 deg
saved spinal_run.npz
(plot skipped: 'PF_E2_r')
fitted baseline loaded: e2_pf=0.222 f1_df=0.098 f1_kf=0.148 post_kneext=0.011 post_hipext=0.068 desc_f=1.400 e2_adapt=1.700
start pose (normal): applied 20 coordinates as given; pelvis ty 0.920 m (env override unset); IMU-metric torso lean -0.0 deg (+ = back)
standing solve: nnls x in [0.00, 0.70], >0.1: 14 muscles
  top: add_long_l=0.70, tib_ant_r=0.61, tib_ant_l=0.46, ext_dig_r=0.37, glut_min1_l=0.33, pect_l=0.32, glut_min2_l=0.31, ext_dig_l=0.25
Fmax range: 5..3396 N | L range sample: [0.229942 0.326094]
t=  1.00 max|qacc|=     106.1 max|qvel|=   2.24 ncon=  0 com_z=0.998 com_x=-0.211
t=  1.50 max|qacc|=     122.3 max|qvel|=   2.73 ncon=  0 com_z=0.952 com_x=-0.187
t=  2.00 max|qacc|=      41.7 max|qvel|=   1.42 ncon=  0 com_z=0.963 com_x=-0.193
t=  2.50 max|qacc|=     246.9 max|qvel|=   1.14 ncon=  0 com_z=0.958 com_x=-0.190
t=  3.00 max|qacc|=     337.1 max|qvel|=   3.11 ncon=  0 com_z=0.957 com_x=-0.188
t=  3.50 max|qacc|=     107.0 max|qvel|=   0.51 ncon=  0 com_z=0.958 com_x=-0.192
t=  4.00 max|qacc|=      98.9 max|qvel|=   0.41 ncon=  0 com_z=0.954 com_x=-0.188
t=  4.50 max|qacc|=      68.0 max|qvel|=  11.05 ncon=  0 com_z=0.946 com_x=-0.170
t=  5.00 max|qacc|=     488.8 max|qvel|=   6.85 ncon=  0 com_z=0.925 com_x=-0.093
t=  5.50 max|qacc|=     251.7 max|qvel|=  16.21 ncon=  0 com_z=0.945 com_x=-0.145
t=  6.00 max|qacc|=     241.8 max|qvel|=  13.15 ncon=  0 com_z=0.927 com_x=-0.116
t=  6.50 max|qacc|=     142.2 max|qvel|=  12.98 ncon=  0 com_z=0.937 com_x=-0.127
t=  7.00 max|qacc|=     366.2 max|qvel|=  10.42 ncon=  0 com_z=0.929 com_x=-0.119
t=  7.50 max|qacc|=     449.9 max|qvel|=  10.77 ncon=  0 com_z=0.934 com_x=-0.126
t=  8.00 max|qacc|=     317.6 max|qvel|=   7.73 ncon=  0 com_z=0.931 com_x=-0.122
t=  8.50 max|qacc|=    1347.9 max|qvel|=   4.35 ncon=  0 com_z=0.932 com_x=-0.125
t=  9.00 max|qacc|=     503.5 max|qvel|=   2.50 ncon=  0 com_z=0.932 com_x=-0.124
t=  9.50 max|qacc|=     347.8 max|qvel|=   2.25 ncon=  0 com_z=0.932 com_x=-0.127
t= 10.00 max|qacc|=     598.7 max|qvel|=   2.66 ncon=  0 com_z=0.932 com_x=-0.127
t= 10.50 max|qacc|=     302.7 max|qvel|=   4.05 ncon=  0 com_z=0.932 com_x=-0.130
t= 11.00 max|qacc|=     245.1 max|qvel|=   3.27 ncon=  0 com_z=0.932 com_x=-0.130
t= 11.50 max|qacc|=     456.4 max|qvel|=   3.87 ncon=  0 com_z=0.932 com_x=-0.132
t= 12.00 max|qacc|=     247.8 max|qvel|=   2.33 ncon=  0 com_z=0.932 com_x=-0.134
t= 12.50 max|qacc|=     309.7 max|qvel|=   4.67 ncon=  0 com_z=0.932 com_x=-0.136
t= 13.00 max|qacc|=     328.3 max|qvel|=   4.48 ncon=  0 com_z=0.933 com_x=-0.137
t= 13.50 max|qacc|=     237.1 max|qvel|=   5.34 ncon=  0 com_z=0.933 com_x=-0.139
t= 14.00 max|qacc|=     175.0 max|qvel|=   6.65 ncon=  0 com_z=0.933 com_x=-0.141
t= 14.50 max|qacc|=     186.1 max|qvel|=   7.25 ncon=  0 com_z=0.934 com_x=-0.142
t= 15.00 max|qacc|=     236.1 max|qvel|=   7.64 ncon=  0 com_z=0.935 com_x=-0.144
t= 15.50 max|qacc|=     341.0 max|qvel|=   2.89 ncon=  0 com_z=0.935 com_x=-0.143
t= 16.00 max|qacc|=     104.5 max|qvel|=   3.74 ncon=  0 com_z=0.980 com_x=-0.060
t= 16.50 max|qacc|=      15.6 max|qvel|=   1.88 ncon=  0 com_z=0.948 com_x=-0.105
t= 17.00 max|qacc|=      14.2 max|qvel|=   0.52 ncon=  0 com_z=0.944 com_x=-0.093
t= 17.50 max|qacc|=       5.9 max|qvel|=   0.82 ncon=  0 com_z=0.949 com_x=-0.104
t= 18.00 max|qacc|=       6.8 max|qvel|=   0.41 ncon=  0 com_z=0.952 com_x=-0.100
t= 18.50 max|qacc|=       9.7 max|qvel|=   0.20 ncon=  0 com_z=0.950 com_x=-0.099
t= 19.00 max|qacc|=       8.6 max|qvel|=   0.14 ncon=  0 com_z=0.950 com_x=-0.101
t= 19.50 max|qacc|=       7.3 max|qvel|=   0.09 ncon=  0 com_z=0.950 com_x=-0.100
t= 20.00 max|qacc|=       7.4 max|qvel|=   0.09 ncon=  0 com_z=0.950 com_x=-0.100
t= 20.50 max|qacc|=       7.2 max|qvel|=   0.09 ncon=  0 com_z=0.950 com_x=-0.100
t= 21.00 max|qacc|=       7.0 max|qvel|=   0.09 ncon=  0 com_z=0.950 com_x=-0.100
t= 21.50 max|qacc|=       6.6 max|qvel|=   0.08 ncon=  0 com_z=0.950 com_x=-0.100
t= 22.00 max|qacc|=       5.8 max|qvel|=   0.08 ncon=  0 com_z=0.950 com_x=-0.100
t= 22.50 max|qacc|=       4.8 max|qvel|=   0.07 ncon=  0 com_z=0.950 com_x=-0.101
t= 23.00 max|qacc|=       3.5 max|qvel|=   0.06 ncon=  0 com_z=0.950 com_x=-0.101
t= 23.50 max|qacc|=       3.0 max|qvel|=   0.05 ncon=  0 com_z=0.950 com_x=-0.101
t= 24.00 max|qacc|=       5.6 max|qvel|=   0.05 ncon=  0 com_z=0.950 com_x=-0.101
t= 24.50 max|qacc|=       8.6 max|qvel|=   0.05 ncon=  0 com_z=0.950 com_x=-0.101
t= 25.00 max|qacc|=      11.7 max|qvel|=   0.04 ncon=  0 com_z=0.950 com_x=-0.101
t= 25.50 max|qacc|=      14.6 max|qvel|=   0.04 ncon=  0 com_z=0.950 com_x=-0.101
t= 26.00 max|qacc|=      16.3 max|qvel|=   0.05 ncon=  0 com_z=0.950 com_x=-0.101
t= 26.50 max|qacc|=      16.3 max|qvel|=   0.07 ncon=  0 com_z=0.949 com_x=-0.101
t= 27.00 max|qacc|=      15.3 max|qvel|=   0.09 ncon=  0 com_z=0.949 com_x=-0.101
t= 27.50 max|qacc|=      13.4 max|qvel|=   0.11 ncon=  0 com_z=0.949 com_x=-0.101
t= 28.00 max|qacc|=      10.6 max|qvel|=   0.11 ncon=  0 com_z=0.949 com_x=-0.101
t= 28.50 max|qacc|=       8.6 max|qvel|=   0.12 ncon=  0 com_z=0.949 com_x=-0.101
t= 29.00 max|qacc|=       7.6 max|qvel|=   0.11 ncon=  0 com_z=0.949 com_x=-0.101
t= 29.50 max|qacc|=       6.5 max|qvel|=   0.11 ncon=  0 com_z=0.949 com_x=-0.101
t= 30.00 max|qacc|=       5.2 max|qvel|=   0.10 ncon=  0 com_z=0.950 com_x=-0.101
t= 30.50 max|qacc|=       3.9 max|qvel|=   0.09 ncon=  0 com_z=0.950 com_x=-0.101

== summary ==
pelvis/COM height: start 0.94 m, min 0.92 m, final 0.95 m  (stayed up)
COM x: min -0.21 max -0.04 final -0.10 m
COM y: min -0.040 max +0.006 m
RG_F_r bursts during walk window: 21
RG_r: cycles in window 20, period 0.49 s (2.03 Hz), E-duty 0.41
RG_l: cycles in window 20, period 0.49 s (2.03 Hz), E-duty 0.41
peak ctrl: [1.   1.   1.   0.92 0.43 0.79 0.81 0.99 0.35 1.   1.   1.   1.   0.9
 0.43 0.79 0.73 0.99 0.35 1.  ] (('vas_lat_r', 'med_gas_r', 'soleus_r', 'tib_ant_r', 'psoas_r', 'semimem_r', 'glut_max2_r', 'rect_fem_r', 'sar_r', 'grac_r', 'vas_lat_l', 'med_gas_l', 'soleus_l', 'tib_ant_l', 'psoas_l', 'semimem_l', 'glut_max2_l', 'rect_fem_l', 'sar_l', 'grac_l'))
  hip_flexion_r        -54.5 ..    54.3 deg
  knee_angle_r         -77.6 ..    12.0 deg
  ankle_angle_r        -85.1 ..    52.1 deg
  hip_adduction_r      -40.6 ..    12.6 deg
  subtalar_angle_r      -6.3 ..    12.8 deg
  hip_flexion_l        -57.3 ..    73.5 deg
  knee_angle_l         -81.4 ..    12.1 deg
  ankle_angle_l        -88.0 ..    53.5 deg
  hip_adduction_l      -46.9 ..     7.5 deg
  subtalar_angle_l      -7.8 ..    14.1 deg
  pelvis_tilt           -2.7 ..     1.9 deg
  pelvis_list           -0.6 ..    -0.1 deg
  pelvis_rotation        2.2 ..     2.8 deg
saved spinal_run.npz
(plot skipped: 'PF_E2_r')
fitted baseline loaded: e2_pf=0.222 f1_df=0.098 f1_kf=0.148 post_kneext=0.011 post_hipext=0.068 desc_f=1.400 e2_adapt=1.700
start pose (normal): applied 20 coordinates as given; pelvis ty 0.920 m (env override unset); IMU-metric torso lean -0.0 deg (+ = back)
standing solve: nnls x in [0.00, 0.70], >0.1: 14 muscles
  top: add_long_l=0.70, tib_ant_r=0.61, tib_ant_l=0.46, ext_dig_r=0.37, glut_min1_l=0.33, pect_l=0.32, glut_min2_l=0.31, ext_dig_l=0.25
Fmax range: 5..3396 N | L range sample: [0.229942 0.326094]
t=  1.00 max|qacc|=     349.3 max|qvel|=   3.76 ncon=  0 com_z=0.997 com_x=-0.211
t=  1.50 max|qacc|=     185.9 max|qvel|=   2.61 ncon=  0 com_z=0.952 com_x=-0.187
t=  2.00 max|qacc|=    3173.3 max|qvel|=   3.11 ncon=  0 com_z=0.963 com_x=-0.193
t=  2.50 max|qacc|=     270.1 max|qvel|=   2.48 ncon=  0 com_z=0.957 com_x=-0.191
t=  3.00 max|qacc|=     128.8 max|qvel|=   0.73 ncon=  0 com_z=0.957 com_x=-0.188
t=  3.50 max|qacc|=      22.3 max|qvel|=   0.53 ncon=  0 com_z=0.959 com_x=-0.191
t=  4.00 max|qacc|=      50.2 max|qvel|=   0.51 ncon=  0 com_z=0.954 com_x=-0.188
t=  4.50 max|qacc|=      70.4 max|qvel|=  11.80 ncon=  0 com_z=0.939 com_x=-0.148
t=  5.00 max|qacc|=     177.2 max|qvel|=   4.07 ncon=  0 com_z=0.938 com_x=-0.147
t=  5.50 max|qacc|=     138.6 max|qvel|=   7.42 ncon=  0 com_z=0.948 com_x=-0.162
t=  6.00 max|qacc|=     340.4 max|qvel|=   2.82 ncon=  0 com_z=0.935 com_x=-0.146
t=  6.50 max|qacc|=     325.6 max|qvel|=   3.13 ncon=  0 com_z=0.937 com_x=-0.154
t=  7.00 max|qacc|=      31.8 max|qvel|=   1.70 ncon=  0 com_z=0.951 com_x=-0.121
t=  7.50 max|qacc|=      28.0 max|qvel|=   0.79 ncon=  0 com_z=0.934 com_x=-0.135
t=  8.00 max|qacc|=      19.7 max|qvel|=   0.91 ncon=  0 com_z=0.946 com_x=-0.140
t=  8.50 max|qacc|=      26.1 max|qvel|=   0.42 ncon=  0 com_z=0.946 com_x=-0.129
t=  9.00 max|qacc|=      36.8 max|qvel|=   0.28 ncon=  0 com_z=0.940 com_x=-0.131
t=  9.50 max|qacc|=      81.0 max|qvel|=   0.45 ncon=  0 com_z=0.943 com_x=-0.136
t= 10.00 max|qacc|=      43.5 max|qvel|=   0.20 ncon=  0 com_z=0.944 com_x=-0.133
t= 10.50 max|qacc|=      64.3 max|qvel|=   0.12 ncon=  0 com_z=0.942 com_x=-0.133
t= 11.00 max|qacc|=     108.6 max|qvel|=   0.20 ncon=  0 com_z=0.943 com_x=-0.134
t= 11.50 max|qacc|=      25.0 max|qvel|=   0.11 ncon=  0 com_z=0.943 com_x=-0.133
t= 12.00 max|qacc|=      72.7 max|qvel|=   0.10 ncon=  0 com_z=0.942 com_x=-0.134
t= 12.50 max|qacc|=      35.0 max|qvel|=   0.17 ncon=  0 com_z=0.943 com_x=-0.134
t= 13.00 max|qacc|=      24.4 max|qvel|=   0.12 ncon=  0 com_z=0.943 com_x=-0.134
t= 13.50 max|qacc|=      17.1 max|qvel|=   0.09 ncon=  0 com_z=0.943 com_x=-0.133
t= 14.00 max|qacc|=      16.0 max|qvel|=   0.12 ncon=  0 com_z=0.943 com_x=-0.133
t= 14.50 max|qacc|=      35.6 max|qvel|=   0.11 ncon=  0 com_z=0.943 com_x=-0.133
t= 15.00 max|qacc|=      87.1 max|qvel|=   0.40 ncon=  0 com_z=0.943 com_x=-0.133
t= 15.50 max|qacc|=      39.3 max|qvel|=   0.29 ncon=  0 com_z=0.943 com_x=-0.134
t= 16.00 max|qacc|=      23.4 max|qvel|=   0.62 ncon=  0 com_z=0.944 com_x=-0.134
t= 16.50 max|qacc|=     368.2 max|qvel|=   2.15 ncon=  0 com_z=0.945 com_x=-0.135
t= 17.00 max|qacc|=     149.1 max|qvel|=   0.32 ncon=  0 com_z=0.948 com_x=-0.137
t= 17.50 max|qacc|=     259.2 max|qvel|=   0.27 ncon=  0 com_z=0.948 com_x=-0.137
t= 18.00 max|qacc|=      33.8 max|qvel|=   0.11 ncon=  0 com_z=0.948 com_x=-0.137
t= 18.50 max|qacc|=      26.7 max|qvel|=   0.12 ncon=  0 com_z=0.948 com_x=-0.137
t= 19.00 max|qacc|=      33.0 max|qvel|=   0.09 ncon=  0 com_z=0.948 com_x=-0.137
t= 19.50 max|qacc|=      17.4 max|qvel|=   0.08 ncon=  0 com_z=0.948 com_x=-0.137
t= 20.00 max|qacc|=      67.7 max|qvel|=   0.17 ncon=  0 com_z=0.948 com_x=-0.138
t= 20.50 max|qacc|=      81.0 max|qvel|=   0.34 ncon=  0 com_z=0.948 com_x=-0.138
t= 21.00 max|qacc|=      42.8 max|qvel|=   0.10 ncon=  0 com_z=0.948 com_x=-0.138
t= 21.50 max|qacc|=     113.0 max|qvel|=   0.39 ncon=  0 com_z=0.948 com_x=-0.137
t= 22.00 max|qacc|=      22.5 max|qvel|=   0.13 ncon=  0 com_z=0.948 com_x=-0.137
t= 22.50 max|qacc|=      25.7 max|qvel|=   0.25 ncon=  0 com_z=0.948 com_x=-0.137
t= 23.00 max|qacc|=      30.4 max|qvel|=   0.09 ncon=  0 com_z=0.948 com_x=-0.137
t= 23.50 max|qacc|=     110.6 max|qvel|=   0.48 ncon=  0 com_z=0.948 com_x=-0.137
t= 24.00 max|qacc|=      19.5 max|qvel|=   0.12 ncon=  0 com_z=0.948 com_x=-0.138
t= 24.50 max|qacc|=      40.2 max|qvel|=   0.36 ncon=  0 com_z=0.948 com_x=-0.138
t= 25.00 max|qacc|=      12.1 max|qvel|=   0.10 ncon=  0 com_z=0.948 com_x=-0.138
t= 25.50 max|qacc|=      69.0 max|qvel|=   0.07 ncon=  0 com_z=0.948 com_x=-0.137
t= 26.00 max|qacc|=      46.1 max|qvel|=   0.17 ncon=  0 com_z=0.948 com_x=-0.137
t= 26.50 max|qacc|=      25.3 max|qvel|=   0.12 ncon=  0 com_z=0.948 com_x=-0.137
t= 27.00 max|qacc|=      23.6 max|qvel|=   0.21 ncon=  0 com_z=0.948 com_x=-0.137
t= 27.50 max|qacc|=      14.8 max|qvel|=   0.13 ncon=  0 com_z=0.948 com_x=-0.137
t= 28.00 max|qacc|=      20.2 max|qvel|=   0.22 ncon=  0 com_z=0.948 com_x=-0.137
t= 28.50 max|qacc|=      67.9 max|qvel|=   0.64 ncon=  0 com_z=0.947 com_x=-0.138
t= 29.00 max|qacc|=      48.7 max|qvel|=   0.13 ncon=  0 com_z=0.948 com_x=-0.138
t= 29.50 max|qacc|=      21.4 max|qvel|=   0.14 ncon=  0 com_z=0.948 com_x=-0.137
t= 30.00 max|qacc|=      30.7 max|qvel|=   0.10 ncon=  0 com_z=0.948 com_x=-0.137
t= 30.50 max|qacc|=      11.2 max|qvel|=   0.12 ncon=  0 com_z=0.948 com_x=-0.137

== summary ==
pelvis/COM height: start 0.94 m, min 0.92 m, final 0.95 m  (stayed up)
COM x: min -0.21 max -0.04 final -0.14 m
COM y: min -0.040 max +0.005 m
RG_F_r bursts during walk window: 4
RG_r: cycles in window 4, period 0.37 s (2.69 Hz), E-duty 0.06
RG_l: cycles in window 4, period 0.37 s (2.69 Hz), E-duty 0.06
peak ctrl: [1.   1.   1.   0.91 0.43 0.79 0.81 1.   0.35 1.   1.   1.   1.   0.89
 0.43 0.79 0.73 1.   0.35 1.  ] (('vas_lat_r', 'med_gas_r', 'soleus_r', 'tib_ant_r', 'psoas_r', 'semimem_r', 'glut_max2_r', 'rect_fem_r', 'sar_r', 'grac_r', 'vas_lat_l', 'med_gas_l', 'soleus_l', 'tib_ant_l', 'psoas_l', 'semimem_l', 'glut_max2_l', 'rect_fem_l', 'sar_l', 'grac_l'))
  hip_flexion_r        -49.2 ..    54.3 deg
  knee_angle_r         -72.6 ..    12.5 deg
  ankle_angle_r        -84.8 ..    51.9 deg
  hip_adduction_r      -40.7 ..    11.1 deg
  subtalar_angle_r      -6.2 ..    21.4 deg
  hip_flexion_l        -49.0 ..    73.8 deg
  knee_angle_l         -75.1 ..    12.1 deg
  ankle_angle_l        -86.6 ..    53.4 deg
  hip_adduction_l      -47.2 ..     6.9 deg
  subtalar_angle_l      -7.4 ..    21.8 deg
  pelvis_tilt           -2.6 ..     1.6 deg
  pelvis_list           -0.7 ..    -0.1 deg
  pelvis_rotation        2.2 ..     2.8 deg
saved spinal_run.npz
(plot skipped: 'PF_E2_r')
fitted baseline loaded: e2_pf=0.222 f1_df=0.098 f1_kf=0.148 post_kneext=0.011 post_hipext=0.068 desc_f=1.400 e2_adapt=1.700
start pose (normal): applied 20 coordinates as given; pelvis ty 0.920 m (env override unset); IMU-metric torso lean -0.0 deg (+ = back)
standing solve: nnls x in [0.00, 0.70], >0.1: 14 muscles
  top: add_long_l=0.70, tib_ant_r=0.61, tib_ant_l=0.46, ext_dig_r=0.37, glut_min1_l=0.33, pect_l=0.32, glut_min2_l=0.31, ext_dig_l=0.25
Fmax range: 5..3396 N | L range sample: [0.229942 0.326094]
t=  1.00 max|qacc|=     225.5 max|qvel|=   3.25 ncon=  0 com_z=0.997 com_x=-0.211
t=  1.50 max|qacc|=     142.8 max|qvel|=   2.60 ncon=  0 com_z=0.952 com_x=-0.187
t=  2.00 max|qacc|=      53.4 max|qvel|=   1.44 ncon=  0 com_z=0.963 com_x=-0.193
t=  2.50 max|qacc|=     122.4 max|qvel|=   1.19 ncon=  0 com_z=0.958 com_x=-0.191
t=  3.00 max|qacc|=     104.3 max|qvel|=   0.74 ncon=  0 com_z=0.957 com_x=-0.188
t=  3.50 max|qacc|=     201.1 max|qvel|=   0.53 ncon=  0 com_z=0.959 com_x=-0.192
t=  4.00 max|qacc|=     303.4 max|qvel|=   0.55 ncon=  0 com_z=0.954 com_x=-0.188
t=  4.50 max|qacc|=      85.6 max|qvel|=   8.44 ncon=  0 com_z=0.956 com_x=-0.189
t=  5.00 max|qacc|=     395.1 max|qvel|=   4.80 ncon=  0 com_z=0.931 com_x=-0.073
t=  5.50 max|qacc|=     219.5 max|qvel|=  14.15 ncon=  0 com_z=0.948 com_x=-0.169
t=  6.00 max|qacc|=     478.7 max|qvel|=   9.28 ncon=  0 com_z=0.924 com_x=-0.124
t=  6.50 max|qacc|=     155.9 max|qvel|=   2.17 ncon=  0 com_z=0.940 com_x=-0.142
t=  7.00 max|qacc|=     177.3 max|qvel|=   1.45 ncon=  0 com_z=0.927 com_x=-0.131
t=  7.50 max|qacc|=      55.4 max|qvel|=   1.63 ncon=  0 com_z=0.937 com_x=-0.143
t=  8.00 max|qacc|=     113.0 max|qvel|=   1.57 ncon=  0 com_z=0.929 com_x=-0.137
t=  8.50 max|qacc|=     114.0 max|qvel|=   1.75 ncon=  0 com_z=0.936 com_x=-0.147
t=  9.00 max|qacc|=     205.6 max|qvel|=   2.47 ncon=  0 com_z=0.932 com_x=-0.144
t=  9.50 max|qacc|=     185.6 max|qvel|=   5.43 ncon=  0 com_z=0.938 com_x=-0.152
t= 10.00 max|qacc|=      43.0 max|qvel|=   7.61 ncon=  0 com_z=0.936 com_x=-0.152
t= 10.50 max|qacc|=      64.3 max|qvel|=   7.62 ncon=  0 com_z=0.941 com_x=-0.158
t= 11.00 max|qacc|=     125.0 max|qvel|=   7.11 ncon=  0 com_z=0.941 com_x=-0.159
t= 11.50 max|qacc|=      61.4 max|qvel|=   6.32 ncon=  0 com_z=0.944 com_x=-0.163
t= 12.00 max|qacc|=      31.6 max|qvel|=   6.35 ncon=  0 com_z=0.944 com_x=-0.163
t= 12.50 max|qacc|=      46.4 max|qvel|=   6.68 ncon=  0 com_z=0.945 com_x=-0.166
t= 13.00 max|qacc|=      68.5 max|qvel|=   7.36 ncon=  0 com_z=0.944 com_x=-0.165
t= 13.50 max|qacc|=      67.1 max|qvel|=   8.18 ncon=  0 com_z=0.944 com_x=-0.165
t= 14.00 max|qacc|=      63.6 max|qvel|=   8.80 ncon=  0 com_z=0.942 com_x=-0.163
t= 14.50 max|qacc|=     458.1 max|qvel|=   6.67 ncon=  0 com_z=0.941 com_x=-0.161
t= 15.00 max|qacc|=     551.4 max|qvel|=   5.79 ncon=  0 com_z=0.939 com_x=-0.157
t= 15.50 max|qacc|=      22.1 max|qvel|=  11.74 ncon=  0 com_z=0.940 com_x=-0.160
t= 16.00 max|qacc|=     277.6 max|qvel|=   3.72 ncon=  0 com_z=0.962 com_x=-0.185
t= 16.50 max|qacc|=      94.7 max|qvel|=   0.82 ncon=  0 com_z=0.957 com_x=-0.186
t= 17.00 max|qacc|=     119.4 max|qvel|=   0.54 ncon=  0 com_z=0.952 com_x=-0.188
t= 17.50 max|qacc|=     180.8 max|qvel|=   0.33 ncon=  0 com_z=0.962 com_x=-0.193
t= 18.00 max|qacc|=     146.0 max|qvel|=   0.21 ncon=  0 com_z=0.952 com_x=-0.187
t= 18.50 max|qacc|=    1027.3 max|qvel|=   1.24 ncon=  0 com_z=0.960 com_x=-0.192
t= 19.00 max|qacc|=      91.6 max|qvel|=   0.45 ncon=  0 com_z=0.954 com_x=-0.187
t= 19.50 max|qacc|=      62.6 max|qvel|=   0.18 ncon=  0 com_z=0.958 com_x=-0.191
t= 20.00 max|qacc|=      20.7 max|qvel|=   0.26 ncon=  0 com_z=0.955 com_x=-0.188
t= 20.50 max|qacc|=      39.0 max|qvel|=   0.46 ncon=  0 com_z=0.958 com_x=-0.190
t= 21.00 max|qacc|=      24.4 max|qvel|=   0.36 ncon=  0 com_z=0.955 com_x=-0.189
t= 21.50 max|qacc|=      89.3 max|qvel|=   0.69 ncon=  0 com_z=0.957 com_x=-0.190
t= 22.00 max|qacc|=     311.6 max|qvel|=   1.36 ncon=  0 com_z=0.956 com_x=-0.189
t= 22.50 max|qacc|=      79.9 max|qvel|=   0.41 ncon=  0 com_z=0.956 com_x=-0.190
t= 23.00 max|qacc|=     510.8 max|qvel|=   0.63 ncon=  0 com_z=0.956 com_x=-0.189
t= 23.50 max|qacc|=      35.5 max|qvel|=   0.24 ncon=  0 com_z=0.957 com_x=-0.189
t= 24.00 max|qacc|=     159.7 max|qvel|=   0.28 ncon=  0 com_z=0.956 com_x=-0.190
t= 24.50 max|qacc|=     276.8 max|qvel|=   0.45 ncon=  0 com_z=0.957 com_x=-0.189
t= 25.00 max|qacc|=      95.6 max|qvel|=   0.71 ncon=  0 com_z=0.956 com_x=-0.189
t= 25.50 max|qacc|=     119.2 max|qvel|=   1.17 ncon=  0 com_z=0.956 com_x=-0.190
t= 26.00 max|qacc|=     296.3 max|qvel|=   0.62 ncon=  0 com_z=0.956 com_x=-0.189
t= 26.50 max|qacc|=     357.4 max|qvel|=   0.77 ncon=  0 com_z=0.957 com_x=-0.189
t= 27.00 max|qacc|=      86.2 max|qvel|=   0.25 ncon=  0 com_z=0.956 com_x=-0.190
t= 27.50 max|qacc|=      30.1 max|qvel|=   0.15 ncon=  0 com_z=0.957 com_x=-0.189
t= 28.00 max|qacc|=     529.9 max|qvel|=   0.51 ncon=  0 com_z=0.956 com_x=-0.189
t= 28.50 max|qacc|=      39.6 max|qvel|=   0.34 ncon=  0 com_z=0.956 com_x=-0.190
t= 29.00 max|qacc|=      38.8 max|qvel|=   0.25 ncon=  0 com_z=0.957 com_x=-0.189
t= 29.50 max|qacc|=      56.4 max|qvel|=   0.22 ncon=  0 com_z=0.957 com_x=-0.189
t= 30.00 max|qacc|=    1268.9 max|qvel|=   1.63 ncon=  0 com_z=0.956 com_x=-0.190
t= 30.50 max|qacc|=      52.1 max|qvel|=   0.23 ncon=  0 com_z=0.957 com_x=-0.189

== summary ==
pelvis/COM height: start 0.94 m, min 0.92 m, final 0.96 m  (stayed up)
COM x: min -0.21 max -0.05 final -0.19 m
COM y: min -0.040 max +0.006 m
RG_F_r bursts during walk window: 21
RG_r: cycles in window 21, period 0.48 s (2.08 Hz), E-duty 0.45
RG_l: cycles in window 21, period 0.48 s (2.08 Hz), E-duty 0.45
peak ctrl: [1.   1.   1.   0.8  0.41 0.79 0.82 0.99 0.34 1.   1.   1.   1.   0.8
 0.41 0.79 0.74 0.99 0.34 1.  ] (('vas_lat_r', 'med_gas_r', 'soleus_r', 'tib_ant_r', 'psoas_r', 'semimem_r', 'glut_max2_r', 'rect_fem_r', 'sar_r', 'grac_r', 'vas_lat_l', 'med_gas_l', 'soleus_l', 'tib_ant_l', 'psoas_l', 'semimem_l', 'glut_max2_l', 'rect_fem_l', 'sar_l', 'grac_l'))
  hip_flexion_r        -42.5 ..    56.5 deg
  knee_angle_r         -63.8 ..    12.4 deg
  ankle_angle_r        -84.5 ..    52.1 deg
  hip_adduction_r      -35.2 ..    12.3 deg
  subtalar_angle_r      -6.5 ..    15.4 deg
  hip_flexion_l        -44.2 ..    73.8 deg
  knee_angle_l         -67.5 ..    12.5 deg
  ankle_angle_l        -86.7 ..    53.4 deg
  hip_adduction_l      -47.2 ..     7.7 deg
  subtalar_angle_l      -7.9 ..    15.4 deg
  pelvis_tilt           -2.6 ..     1.7 deg
  pelvis_list           -0.7 ..    -0.1 deg
  pelvis_rotation        2.2 ..     2.8 deg
saved spinal_run.npz
(plot skipped: 'PF_E2_r')
fitted baseline loaded: e2_pf=0.222 f1_df=0.098 f1_kf=0.148 post_kneext=0.011 post_hipext=0.068 desc_f=1.400 e2_adapt=1.700
start pose (normal): applied 20 coordinates as given; pelvis ty 0.920 m (env override unset); IMU-metric torso lean -0.0 deg (+ = back)
standing solve: nnls x in [0.00, 0.70], >0.1: 14 muscles
  top: add_long_l=0.70, tib_ant_r=0.61, tib_ant_l=0.46, ext_dig_r=0.37, glut_min1_l=0.33, pect_l=0.32, glut_min2_l=0.31, ext_dig_l=0.25
Fmax range: 5..3396 N | L range sample: [0.229942 0.326094]
t=  1.00 max|qacc|=     139.1 max|qvel|=   2.26 ncon=  0 com_z=0.998 com_x=-0.211
t=  1.50 max|qacc|=     247.8 max|qvel|=   2.60 ncon=  0 com_z=0.952 com_x=-0.187
t=  2.00 max|qacc|=      39.4 max|qvel|=   1.43 ncon=  0 com_z=0.963 com_x=-0.193
t=  2.50 max|qacc|=     275.5 max|qvel|=   1.20 ncon=  0 com_z=0.957 com_x=-0.190
t=  3.00 max|qacc|=      85.2 max|qvel|=   0.71 ncon=  0 com_z=0.957 com_x=-0.189
t=  3.50 max|qacc|=     148.7 max|qvel|=   1.07 ncon=  0 com_z=0.958 com_x=-0.192
t=  4.00 max|qacc|=     116.7 max|qvel|=   1.24 ncon=  0 com_z=0.954 com_x=-0.189
t=  4.50 max|qacc|=      40.8 max|qvel|=   9.54 ncon=  0 com_z=0.952 com_x=-0.181
t=  5.00 max|qacc|=     539.0 max|qvel|=   7.65 ncon=  0 com_z=0.930 com_x=-0.078
t=  5.50 max|qacc|=     279.8 max|qvel|=  14.23 ncon=  0 com_z=0.951 com_x=-0.162
t=  6.00 max|qacc|=     225.2 max|qvel|=  16.79 ncon=  0 com_z=0.925 com_x=-0.126
t=  6.50 max|qacc|=     297.7 max|qvel|=  15.21 ncon=  0 com_z=0.938 com_x=-0.143
t=  7.00 max|qacc|=     435.4 max|qvel|=  13.74 ncon=  0 com_z=0.930 com_x=-0.137
t=  7.50 max|qacc|=     562.2 max|qvel|=  11.11 ncon=  0 com_z=0.936 com_x=-0.145
t=  8.00 max|qacc|=     668.0 max|qvel|=   6.96 ncon=  0 com_z=0.935 com_x=-0.145
t=  8.50 max|qacc|=     631.5 max|qvel|=   5.27 ncon=  0 com_z=0.937 com_x=-0.150
t=  9.00 max|qacc|=     602.0 max|qvel|=   6.53 ncon=  0 com_z=0.938 com_x=-0.152
t=  9.50 max|qacc|=     473.8 max|qvel|=   8.15 ncon=  0 com_z=0.939 com_x=-0.156
t= 10.00 max|qacc|=      85.8 max|qvel|=  10.92 ncon=  0 com_z=0.940 com_x=-0.158
t= 10.50 max|qacc|=      59.8 max|qvel|=  10.84 ncon=  0 com_z=0.941 com_x=-0.161
t= 11.00 max|qacc|=      69.3 max|qvel|=  10.35 ncon=  0 com_z=0.942 com_x=-0.162
t= 11.50 max|qacc|=      82.3 max|qvel|=   9.64 ncon=  0 com_z=0.943 com_x=-0.164
t= 12.00 max|qacc|=      84.0 max|qvel|=   8.84 ncon=  0 com_z=0.944 com_x=-0.164
t= 12.50 max|qacc|=      76.2 max|qvel|=   8.07 ncon=  0 com_z=0.944 com_x=-0.164
t= 13.00 max|qacc|=      63.6 max|qvel|=   7.53 ncon=  0 com_z=0.945 com_x=-0.164
t= 13.50 max|qacc|=      50.5 max|qvel|=   6.94 ncon=  0 com_z=0.945 com_x=-0.163
t= 14.00 max|qacc|=      44.6 max|qvel|=   6.62 ncon=  0 com_z=0.945 com_x=-0.162
t= 14.50 max|qacc|=      51.9 max|qvel|=   6.54 ncon=  0 com_z=0.944 com_x=-0.161
t= 15.00 max|qacc|=      41.2 max|qvel|=   6.72 ncon=  0 com_z=0.943 com_x=-0.159
t= 15.50 max|qacc|=     574.9 max|qvel|=   6.11 ncon=  0 com_z=0.943 com_x=-0.160
t= 16.00 max|qacc|=      64.6 max|qvel|=   1.33 ncon=  0 com_z=0.988 com_x=-0.047
t= 16.50 max|qacc|=      13.1 max|qvel|=   1.73 ncon=  0 com_z=0.954 com_x=-0.104
t= 17.00 max|qacc|=       9.1 max|qvel|=   0.94 ncon=  0 com_z=0.945 com_x=-0.095
t= 17.50 max|qacc|=       7.7 max|qvel|=   0.74 ncon=  0 com_z=0.947 com_x=-0.105
t= 18.00 max|qacc|=       6.2 max|qvel|=   0.41 ncon=  0 com_z=0.951 com_x=-0.102
t= 18.50 max|qacc|=       8.7 max|qvel|=   0.18 ncon=  0 com_z=0.950 com_x=-0.101
t= 19.00 max|qacc|=       8.4 max|qvel|=   0.11 ncon=  0 com_z=0.949 com_x=-0.102
t= 19.50 max|qacc|=       7.5 max|qvel|=   0.09 ncon=  0 com_z=0.949 com_x=-0.102
t= 20.00 max|qacc|=       7.4 max|qvel|=   0.09 ncon=  0 com_z=0.949 com_x=-0.102
t= 20.50 max|qacc|=       7.3 max|qvel|=   0.09 ncon=  0 com_z=0.949 com_x=-0.102
t= 21.00 max|qacc|=       6.9 max|qvel|=   0.09 ncon=  0 com_z=0.949 com_x=-0.102
t= 21.50 max|qacc|=       6.2 max|qvel|=   0.08 ncon=  0 com_z=0.949 com_x=-0.102
t= 22.00 max|qacc|=       5.1 max|qvel|=   0.07 ncon=  0 com_z=0.949 com_x=-0.102
t= 22.50 max|qacc|=       3.5 max|qvel|=   0.06 ncon=  0 com_z=0.949 com_x=-0.102
t= 23.00 max|qacc|=       3.6 max|qvel|=   0.05 ncon=  0 com_z=0.949 com_x=-0.102
t= 23.50 max|qacc|=       6.8 max|qvel|=   0.05 ncon=  0 com_z=0.949 com_x=-0.102
t= 24.00 max|qacc|=      10.4 max|qvel|=   0.05 ncon=  0 com_z=0.949 com_x=-0.102
t= 24.50 max|qacc|=      14.1 max|qvel|=   0.04 ncon=  0 com_z=0.949 com_x=-0.102
t= 25.00 max|qacc|=      16.5 max|qvel|=   0.05 ncon=  0 com_z=0.949 com_x=-0.102
t= 25.50 max|qacc|=      16.5 max|qvel|=   0.08 ncon=  0 com_z=0.949 com_x=-0.102
t= 26.00 max|qacc|=      15.0 max|qvel|=   0.10 ncon=  0 com_z=0.949 com_x=-0.103
t= 26.50 max|qacc|=      12.5 max|qvel|=   0.11 ncon=  0 com_z=0.949 com_x=-0.103
t= 27.00 max|qacc|=       9.1 max|qvel|=   0.12 ncon=  0 com_z=0.949 com_x=-0.103
t= 27.50 max|qacc|=       7.9 max|qvel|=   0.12 ncon=  0 com_z=0.949 com_x=-0.103
t= 28.00 max|qacc|=       6.5 max|qvel|=   0.11 ncon=  0 com_z=0.949 com_x=-0.103
t= 28.50 max|qacc|=       5.0 max|qvel|=   0.10 ncon=  0 com_z=0.949 com_x=-0.103
t= 29.00 max|qacc|=       3.4 max|qvel|=   0.09 ncon=  0 com_z=0.949 com_x=-0.103
t= 29.50 max|qacc|=       2.9 max|qvel|=   0.07 ncon=  0 com_z=0.949 com_x=-0.103
t= 30.00 max|qacc|=       4.7 max|qvel|=   0.05 ncon=  0 com_z=0.949 com_x=-0.103
t= 30.50 max|qacc|=       6.4 max|qvel|=   0.05 ncon=  0 com_z=0.949 com_x=-0.102

== summary ==
pelvis/COM height: start 0.94 m, min 0.92 m, final 0.95 m  (stayed up)
COM x: min -0.21 max -0.04 final -0.10 m
COM y: min -0.040 max +0.006 m
RG_F_r bursts during walk window: 20
RG_r: cycles in window 19, period 0.51 s (1.95 Hz), E-duty 0.42
RG_l: cycles in window 19, period 0.51 s (1.95 Hz), E-duty 0.42
peak ctrl: [1.   1.   1.   0.92 0.41 0.79 0.82 0.99 0.33 1.   1.   1.   1.   0.9
 0.41 0.79 0.74 0.99 0.33 1.  ] (('vas_lat_r', 'med_gas_r', 'soleus_r', 'tib_ant_r', 'psoas_r', 'semimem_r', 'glut_max2_r', 'rect_fem_r', 'sar_r', 'grac_r', 'vas_lat_l', 'med_gas_l', 'soleus_l', 'tib_ant_l', 'psoas_l', 'semimem_l', 'glut_max2_l', 'rect_fem_l', 'sar_l', 'grac_l'))
  hip_flexion_r        -54.8 ..    54.3 deg
  knee_angle_r         -75.9 ..    12.6 deg
  ankle_angle_r        -85.3 ..    52.0 deg
  hip_adduction_r      -39.9 ..    12.7 deg
  subtalar_angle_r      -6.3 ..    12.7 deg
  hip_flexion_l        -57.5 ..    73.8 deg
  knee_angle_l         -81.3 ..    12.5 deg
  ankle_angle_l        -87.5 ..    53.5 deg
  hip_adduction_l      -47.1 ..     7.5 deg
  subtalar_angle_l      -7.9 ..    14.0 deg
  pelvis_tilt           -2.7 ..     2.0 deg
  pelvis_list           -0.7 ..    -0.1 deg
  pelvis_rotation        2.2 ..     2.8 deg
saved spinal_run.npz
(plot skipped: 'PF_E2_r')
fitted baseline loaded: e2_pf=0.222 f1_df=0.098 f1_kf=0.148 post_kneext=0.011 post_hipext=0.068 desc_f=1.400 e2_adapt=1.700
start pose (normal): applied 20 coordinates as given; pelvis ty 0.920 m (env override unset); IMU-metric torso lean -0.0 deg (+ = back)
standing solve: nnls x in [0.00, 0.70], >0.1: 14 muscles
  top: add_long_l=0.70, tib_ant_r=0.61, tib_ant_l=0.46, ext_dig_r=0.37, glut_min1_l=0.33, pect_l=0.32, glut_min2_l=0.31, ext_dig_l=0.25
Fmax range: 5..3396 N | L range sample: [0.229942 0.326094]
t=  1.00 max|qacc|=     331.3 max|qvel|=   3.21 ncon=  0 com_z=0.997 com_x=-0.211
t=  1.50 max|qacc|=    1668.0 max|qvel|=   2.70 ncon=  0 com_z=0.952 com_x=-0.187
t=  2.00 max|qacc|=      16.5 max|qvel|=   1.43 ncon=  0 com_z=0.963 com_x=-0.193
t=  2.50 max|qacc|=     103.5 max|qvel|=   1.20 ncon=  0 com_z=0.957 com_x=-0.190
t=  3.00 max|qacc|=     376.2 max|qvel|=   0.79 ncon=  0 com_z=0.957 com_x=-0.189
t=  3.50 max|qacc|=     120.5 max|qvel|=   0.59 ncon=  0 com_z=0.959 com_x=-0.192
t=  4.00 max|qacc|=      55.9 max|qvel|=   0.43 ncon=  0 com_z=0.954 com_x=-0.188
t=  4.50 max|qacc|=      46.1 max|qvel|=  11.93 ncon=  0 com_z=0.940 com_x=-0.155
t=  5.00 max|qacc|=     732.6 max|qvel|=   6.44 ncon=  0 com_z=0.926 com_x=-0.115
t=  5.50 max|qacc|=     772.4 max|qvel|=  11.13 ncon=  0 com_z=0.944 com_x=-0.137
t=  6.00 max|qacc|=     232.8 max|qvel|=   7.08 ncon=  0 com_z=0.926 com_x=-0.121
t=  6.50 max|qacc|=     733.9 max|qvel|=   2.20 ncon=  0 com_z=0.937 com_x=-0.133
t=  7.00 max|qacc|=    1072.4 max|qvel|=   4.26 ncon=  0 com_z=0.929 com_x=-0.131
t=  7.50 max|qacc|=     199.5 max|qvel|=   7.00 ncon=  0 com_z=0.935 com_x=-0.142
t=  8.00 max|qacc|=     213.0 max|qvel|=   7.68 ncon=  0 com_z=0.934 com_x=-0.142
t=  8.50 max|qacc|=      69.2 max|qvel|=   7.04 ncon=  0 com_z=0.938 com_x=-0.150
t=  9.00 max|qacc|=      58.8 max|qvel|=   6.37 ncon=  0 com_z=0.938 com_x=-0.150
t=  9.50 max|qacc|=      45.0 max|qvel|=   6.68 ncon=  0 com_z=0.941 com_x=-0.154
t= 10.00 max|qacc|=      58.7 max|qvel|=   7.40 ncon=  0 com_z=0.940 com_x=-0.154
t= 10.50 max|qacc|=      74.2 max|qvel|=   8.41 ncon=  0 com_z=0.941 com_x=-0.156
t= 11.00 max|qacc|=      78.0 max|qvel|=   9.65 ncon=  0 com_z=0.940 com_x=-0.154
t= 11.50 max|qacc|=      66.3 max|qvel|=  10.69 ncon=  0 com_z=0.939 com_x=-0.152
t= 12.00 max|qacc|=     409.6 max|qvel|=   9.05 ncon=  0 com_z=0.937 com_x=-0.148
t= 12.50 max|qacc|=     578.7 max|qvel|=   6.11 ncon=  0 com_z=0.937 com_x=-0.144
t= 13.00 max|qacc|=     643.5 max|qvel|=   7.65 ncon=  0 com_z=0.935 com_x=-0.139
t= 13.50 max|qacc|=     439.9 max|qvel|=  13.27 ncon=  0 com_z=0.933 com_x=-0.136
t= 14.00 max|qacc|=     233.1 max|qvel|=  15.76 ncon=  0 com_z=0.932 com_x=-0.133
t= 14.50 max|qacc|=    1249.6 max|qvel|=  10.21 ncon=  0 com_z=0.934 com_x=-0.130
t= 15.00 max|qacc|=     265.3 max|qvel|=  13.80 ncon=  0 com_z=0.934 com_x=-0.126
t= 15.50 max|qacc|=     146.2 max|qvel|=  16.61 ncon=  0 com_z=0.936 com_x=-0.105
t= 16.00 max|qacc|=      44.5 max|qvel|=  12.11 ncon=  0 com_z=0.954 com_x=-0.187
t= 16.50 max|qacc|=      48.7 max|qvel|=   4.03 ncon=  0 com_z=0.942 com_x=-0.063
t= 17.00 max|qacc|=      15.1 max|qvel|=   1.37 ncon=  0 com_z=0.957 com_x=-0.095
t= 17.50 max|qacc|=       9.9 max|qvel|=   0.80 ncon=  0 com_z=0.955 com_x=-0.102
t= 18.00 max|qacc|=      13.6 max|qvel|=   0.54 ncon=  0 com_z=0.949 com_x=-0.099
t= 18.50 max|qacc|=       9.3 max|qvel|=   0.25 ncon=  0 com_z=0.948 com_x=-0.103
t= 19.00 max|qacc|=       8.2 max|qvel|=   0.18 ncon=  0 com_z=0.949 com_x=-0.101
t= 19.50 max|qacc|=       8.1 max|qvel|=   0.11 ncon=  0 com_z=0.950 com_x=-0.101
t= 20.00 max|qacc|=       7.8 max|qvel|=   0.08 ncon=  0 com_z=0.950 com_x=-0.101
t= 20.50 max|qacc|=       7.8 max|qvel|=   0.08 ncon=  0 com_z=0.950 com_x=-0.101
t= 21.00 max|qacc|=       7.6 max|qvel|=   0.09 ncon=  0 com_z=0.950 com_x=-0.101
t= 21.50 max|qacc|=       7.3 max|qvel|=   0.09 ncon=  0 com_z=0.950 com_x=-0.101
t= 22.00 max|qacc|=       7.3 max|qvel|=   0.09 ncon=  0 com_z=0.950 com_x=-0.101
t= 22.50 max|qacc|=       7.2 max|qvel|=   0.09 ncon=  0 com_z=0.950 com_x=-0.101
t= 23.00 max|qacc|=       6.9 max|qvel|=   0.09 ncon=  0 com_z=0.950 com_x=-0.101
t= 23.50 max|qacc|=       6.3 max|qvel|=   0.08 ncon=  0 com_z=0.950 com_x=-0.101
t= 24.00 max|qacc|=       5.3 max|qvel|=   0.08 ncon=  0 com_z=0.950 com_x=-0.101
t= 24.50 max|qacc|=       4.0 max|qvel|=   0.07 ncon=  0 com_z=0.950 com_x=-0.101
t= 25.00 max|qacc|=       2.5 max|qvel|=   0.05 ncon=  0 com_z=0.950 com_x=-0.101
t= 25.50 max|qacc|=       5.2 max|qvel|=   0.05 ncon=  0 com_z=0.949 com_x=-0.101
t= 26.00 max|qacc|=       8.3 max|qvel|=   0.05 ncon=  0 com_z=0.949 com_x=-0.101
t= 26.50 max|qacc|=      11.7 max|qvel|=   0.04 ncon=  0 com_z=0.949 com_x=-0.101
t= 27.00 max|qacc|=      14.8 max|qvel|=   0.04 ncon=  0 com_z=0.949 com_x=-0.102
t= 27.50 max|qacc|=      16.5 max|qvel|=   0.06 ncon=  0 com_z=0.949 com_x=-0.102
t= 28.00 max|qacc|=      16.3 max|qvel|=   0.08 ncon=  0 com_z=0.949 com_x=-0.102
t= 28.50 max|qacc|=      14.8 max|qvel|=   0.10 ncon=  0 com_z=0.949 com_x=-0.102
t= 29.00 max|qacc|=      12.6 max|qvel|=   0.11 ncon=  0 com_z=0.949 com_x=-0.102
t= 29.50 max|qacc|=       9.2 max|qvel|=   0.12 ncon=  0 com_z=0.949 com_x=-0.102
t= 30.00 max|qacc|=       8.1 max|qvel|=   0.12 ncon=  0 com_z=0.949 com_x=-0.102
t= 30.50 max|qacc|=       6.9 max|qvel|=   0.11 ncon=  0 com_z=0.949 com_x=-0.102

== summary ==
pelvis/COM height: start 0.94 m, min 0.92 m, final 0.95 m  (stayed up)
COM x: min -0.21 max -0.04 final -0.10 m
COM y: min -0.040 max +0.005 m
RG_F_r bursts during walk window: 20
RG_r: cycles in window 21, period 0.48 s (2.10 Hz), E-duty 0.40
RG_l: cycles in window 21, period 0.48 s (2.10 Hz), E-duty 0.40
peak ctrl: [1.   1.   1.   0.92 0.42 0.79 0.81 0.99 0.34 1.   1.   1.   1.   0.9
 0.42 0.79 0.74 0.99 0.34 1.  ] (('vas_lat_r', 'med_gas_r', 'soleus_r', 'tib_ant_r', 'psoas_r', 'semimem_r', 'glut_max2_r', 'rect_fem_r', 'sar_r', 'grac_r', 'vas_lat_l', 'med_gas_l', 'soleus_l', 'tib_ant_l', 'psoas_l', 'semimem_l', 'glut_max2_l', 'rect_fem_l', 'sar_l', 'grac_l'))
  hip_flexion_r        -57.6 ..    54.3 deg
  knee_angle_r         -79.0 ..    12.7 deg
  ankle_angle_r        -85.4 ..    52.0 deg
  hip_adduction_r      -40.2 ..    11.8 deg
  subtalar_angle_r      -6.5 ..    12.6 deg
  hip_flexion_l        -60.7 ..    73.8 deg
  knee_angle_l         -83.2 ..    12.4 deg
  ankle_angle_l        -87.8 ..    53.6 deg
  hip_adduction_l      -47.2 ..     6.6 deg
  subtalar_angle_l      -7.7 ..    13.9 deg
  pelvis_tilt           -2.7 ..     1.9 deg
  pelvis_list           -0.7 ..    -0.1 deg
  pelvis_rotation        2.2 ..     2.8 deg
saved spinal_run.npz
(plot skipped: 'PF_E2_r')
fitted baseline loaded: e2_pf=0.222 f1_df=0.098 f1_kf=0.148 post_kneext=0.011 post_hipext=0.068 desc_f=1.400 e2_adapt=1.700
start pose (normal): applied 20 coordinates as given; pelvis ty 0.920 m (env override unset); IMU-metric torso lean -0.0 deg (+ = back)
standing solve: nnls x in [0.00, 0.70], >0.1: 14 muscles
  top: add_long_l=0.70, tib_ant_r=0.61, tib_ant_l=0.46, ext_dig_r=0.37, glut_min1_l=0.33, pect_l=0.32, glut_min2_l=0.31, ext_dig_l=0.25
Fmax range: 5..3396 N | L range sample: [0.229942 0.326094]
t=  1.00 max|qacc|=     189.9 max|qvel|=   2.27 ncon=  0 com_z=0.997 com_x=-0.211
t=  1.50 max|qacc|=      20.8 max|qvel|=   2.62 ncon=  0 com_z=0.952 com_x=-0.187
t=  2.00 max|qacc|=     251.8 max|qvel|=   1.40 ncon=  0 com_z=0.963 com_x=-0.193
t=  2.50 max|qacc|=      66.1 max|qvel|=   1.18 ncon=  0 com_z=0.958 com_x=-0.190
t=  3.00 max|qacc|=      80.6 max|qvel|=   0.81 ncon=  0 com_z=0.957 com_x=-0.188
t=  3.50 max|qacc|=      50.8 max|qvel|=   0.46 ncon=  0 com_z=0.959 com_x=-0.192
t=  4.00 max|qacc|=      21.6 max|qvel|=   0.48 ncon=  0 com_z=0.954 com_x=-0.189
t=  4.50 max|qacc|=      94.0 max|qvel|=  11.55 ncon=  0 com_z=0.944 com_x=-0.166
t=  5.00 max|qacc|=     624.3 max|qvel|=   9.38 ncon=  0 com_z=0.929 com_x=-0.091
t=  5.50 max|qacc|=     421.4 max|qvel|=  12.85 ncon=  0 com_z=0.952 com_x=-0.156
t=  6.00 max|qacc|=     406.3 max|qvel|=   8.51 ncon=  0 com_z=0.940 com_x=-0.156
t=  6.50 max|qacc|=      69.7 max|qvel|=  10.68 ncon=  0 com_z=0.947 com_x=-0.170
t=  7.00 max|qacc|=      65.9 max|qvel|=   7.65 ncon=  0 com_z=0.945 com_x=-0.164
t=  7.50 max|qacc|=      43.1 max|qvel|=   6.37 ncon=  0 com_z=0.948 com_x=-0.168
t=  8.00 max|qacc|=      83.9 max|qvel|=   7.44 ncon=  0 com_z=0.939 com_x=-0.151
t=  8.50 max|qacc|=     209.0 max|qvel|=   5.18 ncon=  0 com_z=0.935 com_x=-0.143
t=  9.00 max|qacc|=     130.1 max|qvel|=   2.74 ncon=  0 com_z=0.932 com_x=-0.127
t=  9.50 max|qacc|=     692.2 max|qvel|=   3.87 ncon=  0 com_z=0.933 com_x=-0.119
t= 10.00 max|qacc|=     274.0 max|qvel|=  14.21 ncon=  0 com_z=0.934 com_x=-0.118
t= 10.50 max|qacc|=    2599.0 max|qvel|=  17.10 ncon=  0 com_z=0.932 com_x=-0.128
t= 11.00 max|qacc|=     487.9 max|qvel|=  12.82 ncon=  0 com_z=0.933 com_x=-0.138
t= 11.50 max|qacc|=     562.4 max|qvel|=   5.69 ncon=  0 com_z=0.938 com_x=-0.152
t= 12.00 max|qacc|=      48.0 max|qvel|=  10.78 ncon=  0 com_z=0.942 com_x=-0.164
t= 12.50 max|qacc|=      76.2 max|qvel|=   8.33 ncon=  0 com_z=0.946 com_x=-0.168
t= 13.00 max|qacc|=      44.4 max|qvel|=   6.55 ncon=  0 com_z=0.947 com_x=-0.165
t= 13.50 max|qacc|=     141.4 max|qvel|=   6.96 ncon=  0 com_z=0.942 com_x=-0.157
t= 14.00 max|qacc|=     207.3 max|qvel|=   6.90 ncon=  0 com_z=0.936 com_x=-0.144
t= 14.50 max|qacc|=     266.7 max|qvel|=   2.99 ncon=  0 com_z=0.932 com_x=-0.131
t= 15.00 max|qacc|=     359.7 max|qvel|=   3.61 ncon=  0 com_z=0.932 com_x=-0.120
t= 15.50 max|qacc|=     192.8 max|qvel|=  16.59 ncon=  0 com_z=0.940 com_x=-0.096
t= 16.00 max|qacc|=     153.1 max|qvel|=   8.71 ncon=  0 com_z=0.976 com_x=-0.212
t= 16.50 max|qacc|=      43.8 max|qvel|=   3.43 ncon=  0 com_z=0.965 com_x=-0.040
t= 17.00 max|qacc|=      15.0 max|qvel|=   0.80 ncon=  0 com_z=0.959 com_x=-0.105
t= 17.50 max|qacc|=       8.5 max|qvel|=   0.92 ncon=  0 com_z=0.952 com_x=-0.099
t= 18.00 max|qacc|=      10.6 max|qvel|=   0.48 ncon=  0 com_z=0.948 com_x=-0.100
t= 18.50 max|qacc|=       6.5 max|qvel|=   0.26 ncon=  0 com_z=0.949 com_x=-0.102
t= 19.00 max|qacc|=       7.3 max|qvel|=   0.18 ncon=  0 com_z=0.950 com_x=-0.101
t= 19.50 max|qacc|=       7.5 max|qvel|=   0.09 ncon=  0 com_z=0.950 com_x=-0.101
t= 20.00 max|qacc|=       6.5 max|qvel|=   0.08 ncon=  0 com_z=0.950 com_x=-0.101
t= 20.50 max|qacc|=       5.4 max|qvel|=   0.08 ncon=  0 com_z=0.950 com_x=-0.101
t= 21.00 max|qacc|=       4.0 max|qvel|=   0.07 ncon=  0 com_z=0.950 com_x=-0.101
t= 21.50 max|qacc|=       2.5 max|qvel|=   0.05 ncon=  0 com_z=0.950 com_x=-0.101
t= 22.00 max|qacc|=       5.1 max|qvel|=   0.05 ncon=  0 com_z=0.950 com_x=-0.101
t= 22.50 max|qacc|=       8.1 max|qvel|=   0.05 ncon=  0 com_z=0.949 com_x=-0.101
t= 23.00 max|qacc|=      11.4 max|qvel|=   0.05 ncon=  0 com_z=0.949 com_x=-0.101
t= 23.50 max|qacc|=      14.5 max|qvel|=   0.04 ncon=  0 com_z=0.949 com_x=-0.101
t= 24.00 max|qacc|=      16.4 max|qvel|=   0.05 ncon=  0 com_z=0.949 com_x=-0.101
t= 24.50 max|qacc|=      16.4 max|qvel|=   0.08 ncon=  0 com_z=0.949 com_x=-0.101
t= 25.00 max|qacc|=      15.1 max|qvel|=   0.09 ncon=  0 com_z=0.949 com_x=-0.101
t= 25.50 max|qacc|=      13.0 max|qvel|=   0.11 ncon=  0 com_z=0.949 com_x=-0.101
t= 26.00 max|qacc|=       9.7 max|qvel|=   0.12 ncon=  0 com_z=0.949 com_x=-0.101
t= 26.50 max|qacc|=       8.4 max|qvel|=   0.12 ncon=  0 com_z=0.949 com_x=-0.101
t= 27.00 max|qacc|=       7.2 max|qvel|=   0.11 ncon=  0 com_z=0.949 com_x=-0.101
t= 27.50 max|qacc|=       5.9 max|qvel|=   0.11 ncon=  0 com_z=0.949 com_x=-0.101
t= 28.00 max|qacc|=       4.6 max|qvel|=   0.10 ncon=  0 com_z=0.949 com_x=-0.101
t= 28.50 max|qacc|=       3.1 max|qvel|=   0.09 ncon=  0 com_z=0.949 com_x=-0.101
t= 29.00 max|qacc|=       2.9 max|qvel|=   0.07 ncon=  0 com_z=0.949 com_x=-0.101
t= 29.50 max|qacc|=       4.5 max|qvel|=   0.06 ncon=  0 com_z=0.949 com_x=-0.101
t= 30.00 max|qacc|=       6.0 max|qvel|=   0.05 ncon=  0 com_z=0.949 com_x=-0.101
t= 30.50 max|qacc|=       7.3 max|qvel|=   0.04 ncon=  0 com_z=0.949 com_x=-0.101

== summary ==
pelvis/COM height: start 0.94 m, min 0.93 m, final 0.95 m  (stayed up)
COM x: min -0.21 max -0.04 final -0.10 m
COM y: min -0.040 max +0.005 m
RG_F_r bursts during walk window: 19
RG_r: cycles in window 18, period 0.55 s (1.82 Hz), E-duty 0.42
RG_l: cycles in window 18, period 0.55 s (1.82 Hz), E-duty 0.42
peak ctrl: [1.   1.   1.   0.92 0.42 0.79 0.81 0.99 0.34 1.   1.   1.   1.   0.9
 0.42 0.79 0.74 0.99 0.34 1.  ] (('vas_lat_r', 'med_gas_r', 'soleus_r', 'tib_ant_r', 'psoas_r', 'semimem_r', 'glut_max2_r', 'rect_fem_r', 'sar_r', 'grac_r', 'vas_lat_l', 'med_gas_l', 'soleus_l', 'tib_ant_l', 'psoas_l', 'semimem_l', 'glut_max2_l', 'rect_fem_l', 'sar_l', 'grac_l'))
  hip_flexion_r        -53.8 ..    55.2 deg
  knee_angle_r         -79.2 ..    12.4 deg
  ankle_angle_r        -84.7 ..    52.2 deg
  hip_adduction_r      -39.8 ..    10.8 deg
  subtalar_angle_r      -6.9 ..    13.8 deg
  hip_flexion_l        -55.5 ..    73.7 deg
  knee_angle_l         -84.0 ..    12.2 deg
  ankle_angle_l        -87.9 ..    53.4 deg
  hip_adduction_l      -47.0 ..    11.2 deg
  subtalar_angle_l      -8.0 ..    13.9 deg
  pelvis_tilt           -2.6 ..     2.0 deg
  pelvis_list           -0.6 ..    -0.1 deg
  pelvis_rotation        2.2 ..     2.8 deg
saved spinal_run.npz
(plot skipped: 'PF_E2_r')
fitted baseline loaded: e2_pf=0.222 f1_df=0.098 f1_kf=0.148 post_kneext=0.011 post_hipext=0.068 desc_f=1.400 e2_adapt=1.700
start pose (normal): applied 20 coordinates as given; pelvis ty 0.920 m (env override unset); IMU-metric torso lean -0.0 deg (+ = back)
standing solve: nnls x in [0.00, 0.70], >0.1: 14 muscles
  top: add_long_l=0.70, tib_ant_r=0.61, tib_ant_l=0.46, ext_dig_r=0.37, glut_min1_l=0.33, pect_l=0.32, glut_min2_l=0.31, ext_dig_l=0.25
Fmax range: 5..3396 N | L range sample: [0.229942 0.326094]
t=  1.00 max|qacc|=     164.9 max|qvel|=   2.26 ncon=  0 com_z=0.998 com_x=-0.211
t=  1.50 max|qacc|=     396.1 max|qvel|=   2.70 ncon=  0 com_z=0.952 com_x=-0.187
t=  2.00 max|qacc|=      34.6 max|qvel|=   1.43 ncon=  0 com_z=0.963 com_x=-0.193
t=  2.50 max|qacc|=     119.7 max|qvel|=   1.17 ncon=  0 com_z=0.957 com_x=-0.191
t=  3.00 max|qacc|=     100.0 max|qvel|=   1.32 ncon=  0 com_z=0.958 com_x=-0.189
t=  3.50 max|qacc|=      49.3 max|qvel|=   0.52 ncon=  0 com_z=0.959 com_x=-0.192
t=  4.00 max|qacc|=      85.3 max|qvel|=   0.51 ncon=  0 com_z=0.954 com_x=-0.189
t=  4.50 max|qacc|=     108.0 max|qvel|=   8.45 ncon=  0 com_z=0.956 com_x=-0.188
t=  5.00 max|qacc|=     638.4 max|qvel|=   6.35 ncon=  0 com_z=0.924 com_x=-0.089
t=  5.50 max|qacc|=     249.2 max|qvel|=   3.76 ncon=  0 com_z=0.946 com_x=-0.170
t=  6.00 max|qacc|=      89.7 max|qvel|=   7.74 ncon=  0 com_z=0.930 com_x=-0.140
t=  6.50 max|qacc|=      36.0 max|qvel|=   6.73 ncon=  0 com_z=0.950 com_x=-0.168
t=  7.00 max|qacc|=      58.8 max|qvel|=   8.58 ncon=  0 com_z=0.936 com_x=-0.151
t=  7.50 max|qacc|=     625.9 max|qvel|=   7.64 ncon=  0 com_z=0.940 com_x=-0.155
t=  8.00 max|qacc|=     242.7 max|qvel|=  12.50 ncon=  0 com_z=0.932 com_x=-0.139
t=  8.50 max|qacc|=     134.1 max|qvel|=   2.86 ncon=  0 com_z=0.932 com_x=-0.141
t=  9.00 max|qacc|=     260.8 max|qvel|=   2.26 ncon=  0 com_z=0.933 com_x=-0.145
t=  9.50 max|qacc|=      87.2 max|qvel|=   7.47 ncon=  0 com_z=0.939 com_x=-0.156
t= 10.00 max|qacc|=      44.5 max|qvel|=   7.04 ncon=  0 com_z=0.942 com_x=-0.159
t= 10.50 max|qacc|=     495.4 max|qvel|=   6.32 ncon=  0 com_z=0.940 com_x=-0.156
t= 11.00 max|qacc|=     453.1 max|qvel|=  11.55 ncon=  0 com_z=0.935 com_x=-0.148
t= 11.50 max|qacc|=     348.2 max|qvel|=  14.11 ncon=  0 com_z=0.931 com_x=-0.140
t= 12.00 max|qacc|=     144.8 max|qvel|=   2.19 ncon=  0 com_z=0.932 com_x=-0.140
t= 12.50 max|qacc|=     183.8 max|qvel|=   5.62 ncon=  0 com_z=0.934 com_x=-0.148
t= 13.00 max|qacc|=      63.3 max|qvel|=   6.85 ncon=  0 com_z=0.940 com_x=-0.157
t= 13.50 max|qacc|=      61.3 max|qvel|=   7.68 ncon=  0 com_z=0.942 com_x=-0.160
t= 14.00 max|qacc|=     611.1 max|qvel|=   5.84 ncon=  0 com_z=0.938 com_x=-0.153
t= 14.50 max|qacc|=    1225.3 max|qvel|=   8.43 ncon=  0 com_z=0.935 com_x=-0.146
t= 15.00 max|qacc|=     387.2 max|qvel|=   9.05 ncon=  0 com_z=0.931 com_x=-0.139
t= 15.50 max|qacc|=     338.7 max|qvel|=   3.61 ncon=  0 com_z=0.933 com_x=-0.131
t= 16.00 max|qacc|=     557.8 max|qvel|=   6.64 ncon=  0 com_z=0.944 com_x=-0.123
t= 16.50 max|qacc|=      14.8 max|qvel|=   1.10 ncon=  0 com_z=0.940 com_x=-0.098
t= 17.00 max|qacc|=      12.5 max|qvel|=   1.31 ncon=  0 com_z=0.946 com_x=-0.093
t= 17.50 max|qacc|=       7.5 max|qvel|=   0.74 ncon=  0 com_z=0.953 com_x=-0.105
t= 18.00 max|qacc|=      10.2 max|qvel|=   0.48 ncon=  0 com_z=0.951 com_x=-0.100
t= 18.50 max|qacc|=       8.5 max|qvel|=   0.26 ncon=  0 com_z=0.949 com_x=-0.102
t= 19.00 max|qacc|=       6.6 max|qvel|=   0.10 ncon=  0 com_z=0.949 com_x=-0.103
t= 19.50 max|qacc|=       6.2 max|qvel|=   0.08 ncon=  0 com_z=0.949 com_x=-0.102
t= 20.00 max|qacc|=       4.9 max|qvel|=   0.07 ncon=  0 com_z=0.949 com_x=-0.102
t= 20.50 max|qacc|=       3.0 max|qvel|=   0.06 ncon=  0 com_z=0.949 com_x=-0.102
t= 21.00 max|qacc|=       4.5 max|qvel|=   0.05 ncon=  0 com_z=0.949 com_x=-0.103
t= 21.50 max|qacc|=       8.0 max|qvel|=   0.05 ncon=  0 com_z=0.949 com_x=-0.103
t= 22.00 max|qacc|=      11.9 max|qvel|=   0.05 ncon=  0 com_z=0.949 com_x=-0.103
t= 22.50 max|qacc|=      15.3 max|qvel|=   0.04 ncon=  0 com_z=0.949 com_x=-0.103
t= 23.00 max|qacc|=      16.7 max|qvel|=   0.06 ncon=  0 com_z=0.949 com_x=-0.103
t= 23.50 max|qacc|=      16.1 max|qvel|=   0.09 ncon=  0 com_z=0.949 com_x=-0.103
t= 24.00 max|qacc|=      13.9 max|qvel|=   0.11 ncon=  0 com_z=0.949 com_x=-0.103
t= 24.50 max|qacc|=      10.4 max|qvel|=   0.12 ncon=  0 com_z=0.949 com_x=-0.103
t= 25.00 max|qacc|=       8.5 max|qvel|=   0.12 ncon=  0 com_z=0.949 com_x=-0.103
t= 25.50 max|qacc|=       7.2 max|qvel|=   0.11 ncon=  0 com_z=0.949 com_x=-0.103
t= 26.00 max|qacc|=       5.6 max|qvel|=   0.11 ncon=  0 com_z=0.949 com_x=-0.103
t= 26.50 max|qacc|=       4.0 max|qvel|=   0.09 ncon=  0 com_z=0.949 com_x=-0.103
t= 27.00 max|qacc|=       2.3 max|qvel|=   0.08 ncon=  0 com_z=0.949 com_x=-0.103
t= 27.50 max|qacc|=       4.2 max|qvel|=   0.06 ncon=  0 com_z=0.949 com_x=-0.103
t= 28.00 max|qacc|=       6.0 max|qvel|=   0.05 ncon=  0 com_z=0.949 com_x=-0.103
t= 28.50 max|qacc|=       7.6 max|qvel|=   0.04 ncon=  0 com_z=0.949 com_x=-0.103
t= 29.00 max|qacc|=       8.8 max|qvel|=   0.04 ncon=  0 com_z=0.949 com_x=-0.103
t= 29.50 max|qacc|=       9.4 max|qvel|=   0.03 ncon=  0 com_z=0.949 com_x=-0.103
t= 30.00 max|qacc|=       8.5 max|qvel|=   0.04 ncon=  0 com_z=0.949 com_x=-0.103
t= 30.50 max|qacc|=       8.5 max|qvel|=   0.05 ncon=  0 com_z=0.949 com_x=-0.103

== summary ==
pelvis/COM height: start 0.94 m, min 0.92 m, final 0.95 m  (stayed up)
COM x: min -0.21 max -0.04 final -0.10 m
COM y: min -0.040 max +0.005 m
RG_F_r bursts during walk window: 22
RG_r: cycles in window 23, period 0.44 s (2.30 Hz), E-duty 0.45
RG_l: cycles in window 23, period 0.44 s (2.30 Hz), E-duty 0.45
peak ctrl: [1.   1.   1.   0.92 0.41 0.79 0.82 0.99 0.33 1.   1.   1.   1.   0.9
 0.41 0.79 0.74 0.99 0.33 1.  ] (('vas_lat_r', 'med_gas_r', 'soleus_r', 'tib_ant_r', 'psoas_r', 'semimem_r', 'glut_max2_r', 'rect_fem_r', 'sar_r', 'grac_r', 'vas_lat_l', 'med_gas_l', 'soleus_l', 'tib_ant_l', 'psoas_l', 'semimem_l', 'glut_max2_l', 'rect_fem_l', 'sar_l', 'grac_l'))
  hip_flexion_r        -55.0 ..    54.3 deg
  knee_angle_r         -76.6 ..    12.3 deg
  ankle_angle_r        -84.2 ..    52.1 deg
  hip_adduction_r      -38.6 ..    11.0 deg
  subtalar_angle_r      -6.5 ..    16.1 deg
  hip_flexion_l        -58.0 ..    73.9 deg
  knee_angle_l         -82.6 ..    11.8 deg
  ankle_angle_l        -86.5 ..    53.6 deg
  hip_adduction_l      -47.2 ..     7.6 deg
  subtalar_angle_l      -8.1 ..    15.5 deg
  pelvis_tilt           -2.7 ..     1.3 deg
  pelvis_list           -0.7 ..    -0.1 deg
  pelvis_rotation        2.2 ..     2.8 deg
saved spinal_run.npz
(plot skipped: 'PF_E2_r')
== stage 1 best 127.753 (trial 36)
{
 "drive": 3.5444665290058373,
 "rg_nap_h": 0.15029143063628608,
 "desc_e": 1.3540829364634013,
 "desc_f": 1.98718359776996,
 "rg_to_pf": 2.491977653693938
}
saved curriculum_w2lvar_stage1.json
=== w2lvar stage 2 +30 Sat Sep 26 03:29:42 PDT 2026 ===
[w2lvar] pinned AARL_NET=w2lvar AARL_NPZ=spinal_run_w2lvar.npz DB=sqlite:///optuna_w2lvar.db
fitted baseline loaded: e2_pf=0.222 f1_df=0.098 f1_kf=0.148 post_kneext=0.011 post_hipext=0.068 desc_f=1.400 e2_adapt=1.700
start pose (normal): applied 20 coordinates as given; pelvis ty 0.920 m (env override unset); IMU-metric torso lean -0.0 deg (+ = back)
standing solve: nnls x in [0.00, 0.70], >0.1: 14 muscles
  top: add_long_l=0.70, tib_ant_r=0.61, tib_ant_l=0.46, ext_dig_r=0.37, glut_min1_l=0.33, pect_l=0.32, glut_min2_l=0.31, ext_dig_l=0.25
Fmax range: 5..3396 N | L range sample: [0.229942 0.326094]
t=  1.00 max|qacc|=     126.2 max|qvel|=   2.12 ncon=  0 com_z=0.989 com_x=-0.213
t=  1.50 max|qacc|=      58.3 max|qvel|=   2.79 ncon=  0 com_z=0.948 com_x=-0.185
t=  2.00 max|qacc|=     288.8 max|qvel|=   1.25 ncon=  0 com_z=0.958 com_x=-0.193
t=  2.50 max|qacc|=     124.3 max|qvel|=   1.07 ncon=  0 com_z=0.951 com_x=-0.190
t=  3.00 max|qacc|=     180.8 max|qvel|=   0.67 ncon=  0 com_z=0.954 com_x=-0.189
t=  3.50 max|qacc|=      98.8 max|qvel|=   0.63 ncon=  0 com_z=0.951 com_x=-0.188
t=  4.00 max|qacc|=     109.9 max|qvel|=   0.51 ncon=  0 com_z=0.952 com_x=-0.189
t=  4.50 max|qacc|=      63.2 max|qvel|=   0.44 ncon=  0 com_z=0.951 com_x=-0.188
t=  5.00 max|qacc|=      69.2 max|qvel|=   6.83 ncon=  0 com_z=0.947 com_x=-0.181
t=  5.50 max|qacc|=      15.1 max|qvel|=   2.72 ncon=  0 com_z=0.963 com_x=-0.048
t=  6.00 max|qacc|=     359.7 max|qvel|=   7.15 ncon=  0 com_z=0.929 com_x=-0.126
t=  6.50 max|qacc|=     179.2 max|qvel|=   1.71 ncon=  0 com_z=0.955 com_x=-0.200
t=  7.00 max|qacc|=      76.0 max|qvel|=   3.34 ncon=  0 com_z=0.949 com_x=-0.126
t=  7.50 max|qacc|=     156.2 max|qvel|=  11.76 ncon=  0 com_z=0.935 com_x=-0.139
t=  8.00 max|qacc|=      66.9 max|qvel|=   6.52 ncon=  0 com_z=0.955 com_x=-0.183
t=  8.50 max|qacc|=     219.5 max|qvel|=   1.27 ncon=  0 com_z=0.943 com_x=-0.120
t=  9.00 max|qacc|=     145.8 max|qvel|=   2.53 ncon=  0 com_z=0.956 com_x=-0.187
t=  9.50 max|qacc|=      51.9 max|qvel|=   1.08 ncon=  0 com_z=0.957 com_x=-0.114
t= 10.00 max|qacc|=      91.9 max|qvel|=  12.64 ncon=  0 com_z=0.937 com_x=-0.141
t= 10.50 max|qacc|=     195.1 max|qvel|=   6.62 ncon=  0 com_z=0.951 com_x=-0.180
t= 11.00 max|qacc|=      66.8 max|qvel|=   1.26 ncon=  0 com_z=0.944 com_x=-0.123
t= 11.50 max|qacc|=     197.3 max|qvel|=   2.28 ncon=  0 com_z=0.955 com_x=-0.187
t= 12.00 max|qacc|=     198.0 max|qvel|=   0.85 ncon=  0 com_z=0.958 com_x=-0.114
t= 12.50 max|qacc|=     153.9 max|qvel|=  12.33 ncon=  0 com_z=0.937 com_x=-0.143
t= 13.00 max|qacc|=      63.3 max|qvel|=   6.68 ncon=  0 com_z=0.951 com_x=-0.178
t= 13.50 max|qacc|=     199.4 max|qvel|=   1.15 ncon=  0 com_z=0.944 com_x=-0.124
t= 14.00 max|qacc|=     165.0 max|qvel|=   2.26 ncon=  0 com_z=0.956 com_x=-0.188
t= 14.50 max|qacc|=      48.3 max|qvel|=   0.74 ncon=  0 com_z=0.958 com_x=-0.113
t= 15.00 max|qacc|=     209.7 max|qvel|=  11.87 ncon=  0 com_z=0.937 com_x=-0.144
t= 15.50 max|qacc|=      20.7 max|qvel|=   6.53 ncon=  0 com_z=0.951 com_x=-0.178
t= 16.00 max|qacc|=     324.0 max|qvel|=   1.35 ncon=  0 com_z=0.946 com_x=-0.127
t= 16.50 max|qacc|=     135.4 max|qvel|=   1.12 ncon=  0 com_z=0.958 com_x=-0.136
t= 17.00 max|qacc|=      99.1 max|qvel|=   1.41 ncon=  0 com_z=0.952 com_x=-0.133
t= 17.50 max|qacc|=      44.1 max|qvel|=   0.46 ncon=  0 com_z=0.954 com_x=-0.142
t= 18.00 max|qacc|=      22.5 max|qvel|=   0.14 ncon=  0 com_z=0.950 com_x=-0.138
t= 18.50 max|qacc|=     120.5 max|qvel|=   0.22 ncon=  0 com_z=0.953 com_x=-0.141
t= 19.00 max|qacc|=      21.2 max|qvel|=   0.31 ncon=  0 com_z=0.951 com_x=-0.139
t= 19.50 max|qacc|=      59.1 max|qvel|=   0.20 ncon=  0 com_z=0.953 com_x=-0.140
t= 20.00 max|qacc|=      46.9 max|qvel|=   0.09 ncon=  0 com_z=0.951 com_x=-0.139
t= 20.50 max|qacc|=     118.3 max|qvel|=   0.31 ncon=  0 com_z=0.952 com_x=-0.141
t= 21.00 max|qacc|=      90.9 max|qvel|=   0.17 ncon=  0 com_z=0.952 com_x=-0.139
t= 21.50 max|qacc|=     122.7 max|qvel|=   0.18 ncon=  0 com_z=0.952 com_x=-0.140
t= 22.00 max|qacc|=      24.8 max|qvel|=   0.12 ncon=  0 com_z=0.952 com_x=-0.139
t= 22.50 max|qacc|=      29.7 max|qvel|=   0.22 ncon=  0 com_z=0.952 com_x=-0.139
t= 23.00 max|qacc|=     135.7 max|qvel|=   0.27 ncon=  0 com_z=0.952 com_x=-0.140
t= 23.50 max|qacc|=      31.3 max|qvel|=   0.19 ncon=  0 com_z=0.952 com_x=-0.139
t= 24.00 max|qacc|=       5.5 max|qvel|=   0.10 ncon=  0 com_z=0.952 com_x=-0.139
t= 24.50 max|qacc|=      26.5 max|qvel|=   0.23 ncon=  0 com_z=0.952 com_x=-0.140
t= 25.00 max|qacc|=      39.4 max|qvel|=   0.31 ncon=  0 com_z=0.952 com_x=-0.139
t= 25.50 max|qacc|=     306.0 max|qvel|=   0.30 ncon=  0 com_z=0.952 com_x=-0.140
t= 26.00 max|qacc|=       9.4 max|qvel|=   0.15 ncon=  0 com_z=0.952 com_x=-0.140
t= 26.50 max|qacc|=      20.4 max|qvel|=   0.26 ncon=  0 com_z=0.952 com_x=-0.139
t= 27.00 max|qacc|=      23.8 max|qvel|=   0.21 ncon=  0 com_z=0.952 com_x=-0.140
t= 27.50 max|qacc|=      35.2 max|qvel|=   0.34 ncon=  0 com_z=0.952 com_x=-0.140
t= 28.00 max|qacc|=     124.9 max|qvel|=   0.29 ncon=  0 com_z=0.952 com_x=-0.139
t= 28.50 max|qacc|=     120.1 max|qvel|=   0.20 ncon=  0 com_z=0.952 com_x=-0.140
t= 29.00 max|qacc|=      41.1 max|qvel|=   0.68 ncon=  0 com_z=0.952 com_x=-0.140
t= 29.50 max|qacc|=      32.0 max|qvel|=   0.14 ncon=  0 com_z=0.952 com_x=-0.139
t= 30.00 max|qacc|=      24.4 max|qvel|=   0.23 ncon=  0 com_z=0.952 com_x=-0.140
t= 30.50 max|qacc|=      21.1 max|qvel|=   0.16 ncon=  0 com_z=0.952 com_x=-0.139

== summary ==
pelvis/COM height: start 0.94 m, min 0.93 m, final 0.95 m  (stayed up)
COM x: min -0.22 max -0.04 final -0.14 m
COM y: min -0.043 max +0.035 m
RG_F_r bursts during walk window: 4
RG_r: cycles in window 5, period 2.27 s (0.44 Hz), E-duty 0.57
RG_l: cycles in window 5, period 1.96 s (0.51 Hz), E-duty 0.64
peak ctrl: [1.   1.   1.   0.81 0.56 0.79 0.62 0.95 0.39 0.89 1.   1.   1.   0.93
 0.56 0.79 0.57 0.95 0.38 0.88] (('vas_lat_r', 'med_gas_r', 'soleus_r', 'tib_ant_r', 'psoas_r', 'semimem_r', 'glut_max2_r', 'rect_fem_r', 'sar_r', 'grac_r', 'vas_lat_l', 'med_gas_l', 'soleus_l', 'tib_ant_l', 'psoas_l', 'semimem_l', 'glut_max2_l', 'rect_fem_l', 'sar_l', 'grac_l'))
  hip_flexion_r        -51.7 ..    55.0 deg
  knee_angle_r         -69.9 ..    12.2 deg
  ankle_angle_r        -83.9 ..    22.2 deg
  hip_adduction_r      -36.7 ..     7.6 deg
  subtalar_angle_r      -7.3 ..    20.9 deg
  hip_flexion_l        -48.3 ..    70.5 deg
  knee_angle_l         -68.1 ..    12.3 deg
  ankle_angle_l        -86.4 ..    51.5 deg
  hip_adduction_l      -37.1 ..     9.3 deg
  subtalar_angle_l     -10.3 ..    20.4 deg
  pelvis_tilt           -2.0 ..     1.2 deg
  pelvis_list           -1.0 ..     0.1 deg
  pelvis_rotation        2.1 ..     2.8 deg
saved spinal_run.npz
(plot skipped: 'PF_E2_r')
[w2lvar] npz columns verified: neuro_names=['DRIVE', 'POSTURE', 'RG_E_r', 'RG_F_r', 'RG_E_l', 'RG_F_l', 'PF_HIP-E_r', 'PF_KNEE-E_r', 'PF_KNEE-F_r', 'PF_ANK-F_r', 'BAL_TRK_FLX', 'BAL_TRK_EXT', 'BAL_LAT_R', 'BAL_LAT_L'] -> RG_E_r idx 2; key_joints -> knee_angle_r idx 4
fitted baseline loaded: e2_pf=0.222 f1_df=0.098 f1_kf=0.148 post_kneext=0.011 post_hipext=0.068 desc_f=1.400 e2_adapt=1.700
start pose (normal): applied 20 coordinates as given; pelvis ty 0.920 m (env override unset); IMU-metric torso lean -0.0 deg (+ = back)
standing solve: nnls x in [0.00, 0.70], >0.1: 14 muscles
  top: add_long_l=0.70, tib_ant_r=0.61, tib_ant_l=0.46, ext_dig_r=0.37, glut_min1_l=0.33, pect_l=0.32, glut_min2_l=0.31, ext_dig_l=0.25
Fmax range: 5..3396 N | L range sample: [0.229942 0.326094]
t=  1.00 max|qacc|=     104.6 max|qvel|=   2.07 ncon=  0 com_z=0.986 com_x=-0.212
t=  1.50 max|qacc|=     202.0 max|qvel|=   2.81 ncon=  0 com_z=0.947 com_x=-0.184
t=  2.00 max|qacc|=     134.6 max|qvel|=   1.34 ncon=  0 com_z=0.957 com_x=-0.192
t=  2.50 max|qacc|=     298.7 max|qvel|=   1.35 ncon=  0 com_z=0.949 com_x=-0.188
t=  3.00 max|qacc|=      97.4 max|qvel|=   0.93 ncon=  0 com_z=0.954 com_x=-0.189
t=  3.50 max|qacc|=     175.8 max|qvel|=   0.70 ncon=  0 com_z=0.948 com_x=-0.186
t=  4.00 max|qacc|=      99.6 max|qvel|=   0.59 ncon=  0 com_z=0.952 com_x=-0.189
t=  4.50 max|qacc|=     616.4 max|qvel|=   0.93 ncon=  0 com_z=0.949 com_x=-0.186
t=  5.00 max|qacc|=     306.1 max|qvel|=   1.28 ncon=  0 com_z=0.951 com_x=-0.188
t=  5.50 max|qacc|=      66.2 max|qvel|=   0.23 ncon=  0 com_z=0.949 com_x=-0.187
t=  6.00 max|qacc|=     244.1 max|qvel|=   0.93 ncon=  0 com_z=0.951 com_x=-0.187
t=  6.50 max|qacc|=      48.9 max|qvel|=   0.51 ncon=  0 com_z=0.949 com_x=-0.187
t=  7.00 max|qacc|=     247.0 max|qvel|=   2.90 ncon=  0 com_z=0.950 com_x=-0.188
t=  7.50 max|qacc|=      81.9 max|qvel|=   0.32 ncon=  0 com_z=0.950 com_x=-0.186
t=  8.00 max|qacc|=     168.4 max|qvel|=   0.97 ncon=  0 com_z=0.950 com_x=-0.188
t=  8.50 max|qacc|=     111.5 max|qvel|=   0.43 ncon=  0 com_z=0.950 com_x=-0.187
t=  9.00 max|qacc|=      26.8 max|qvel|=   0.76 ncon=  0 com_z=0.950 com_x=-0.186
t=  9.50 max|qacc|=      57.1 max|qvel|=   0.34 ncon=  0 com_z=0.950 com_x=-0.188
t= 10.00 max|qacc|=      59.6 max|qvel|=   0.39 ncon=  0 com_z=0.950 com_x=-0.187
t= 10.50 max|qacc|=     343.5 max|qvel|=   0.74 ncon=  0 com_z=0.950 com_x=-0.187
t= 11.00 max|qacc|=      79.5 max|qvel|=   0.22 ncon=  0 com_z=0.950 com_x=-0.188
t= 11.50 max|qacc|=     139.7 max|qvel|=   0.20 ncon=  0 com_z=0.950 com_x=-0.187
t= 12.00 max|qacc|=     428.8 max|qvel|=   1.00 ncon=  0 com_z=0.950 com_x=-0.187
t= 12.50 max|qacc|=     678.7 max|qvel|=   0.82 ncon=  0 com_z=0.950 com_x=-0.188
t= 13.00 max|qacc|=     134.0 max|qvel|=   0.74 ncon=  0 com_z=0.950 com_x=-0.187
t= 13.50 max|qacc|=      44.9 max|qvel|=   0.22 ncon=  0 com_z=0.950 com_x=-0.187
t= 14.00 max|qacc|=     515.2 max|qvel|=   2.61 ncon=  0 com_z=0.950 com_x=-0.188
t= 14.50 max|qacc|=     102.0 max|qvel|=   0.99 ncon=  0 com_z=0.950 com_x=-0.187
t= 15.00 max|qacc|=     115.5 max|qvel|=   0.33 ncon=  0 com_z=0.950 com_x=-0.187
t= 15.50 max|qacc|=     191.8 max|qvel|=   0.40 ncon=  0 com_z=0.950 com_x=-0.187
t= 16.00 max|qacc|=      37.3 max|qvel|=   0.34 ncon=  0 com_z=0.950 com_x=-0.186
t= 16.50 max|qacc|=     539.6 max|qvel|=   0.60 ncon=  0 com_z=0.950 com_x=-0.186
t= 17.00 max|qacc|=     175.0 max|qvel|=   0.30 ncon=  0 com_z=0.950 com_x=-0.188
t= 17.50 max|qacc|=     162.7 max|qvel|=   0.34 ncon=  0 com_z=0.951 com_x=-0.187
t= 18.00 max|qacc|=     132.8 max|qvel|=   0.35 ncon=  0 com_z=0.950 com_x=-0.187
t= 18.50 max|qacc|=     110.7 max|qvel|=   0.29 ncon=  0 com_z=0.951 com_x=-0.187
t= 19.00 max|qacc|=     413.5 max|qvel|=   0.77 ncon=  0 com_z=0.951 com_x=-0.186
t= 19.50 max|qacc|=     109.3 max|qvel|=   0.57 ncon=  0 com_z=0.951 com_x=-0.187
t= 20.00 max|qacc|=     143.2 max|qvel|=   0.95 ncon=  0 com_z=0.950 com_x=-0.187
t= 20.50 max|qacc|=      76.2 max|qvel|=   1.07 ncon=  0 com_z=0.951 com_x=-0.186
t= 21.00 max|qacc|=     535.0 max|qvel|=   0.72 ncon=  0 com_z=0.950 com_x=-0.187
t= 21.50 max|qacc|=     106.4 max|qvel|=   0.71 ncon=  0 com_z=0.951 com_x=-0.188
t= 22.00 max|qacc|=     137.9 max|qvel|=   1.01 ncon=  0 com_z=0.951 com_x=-0.187
t= 22.50 max|qacc|=     132.9 max|qvel|=   1.88 ncon=  0 com_z=0.950 com_x=-0.187
t= 23.00 max|qacc|=      24.0 max|qvel|=   0.24 ncon=  0 com_z=0.950 com_x=-0.188
t= 23.50 max|qacc|=      10.6 max|qvel|=   0.23 ncon=  0 com_z=0.951 com_x=-0.186
t= 24.00 max|qacc|=     105.0 max|qvel|=   0.54 ncon=  0 com_z=0.950 com_x=-0.187
t= 24.50 max|qacc|=     224.7 max|qvel|=   0.39 ncon=  0 com_z=0.951 com_x=-0.187
t= 25.00 max|qacc|=      72.9 max|qvel|=   0.22 ncon=  0 com_z=0.951 com_x=-0.186
t= 25.50 max|qacc|=     374.7 max|qvel|=   0.71 ncon=  0 com_z=0.950 com_x=-0.187
t= 26.00 max|qacc|=      19.4 max|qvel|=   0.22 ncon=  0 com_z=0.951 com_x=-0.187
t= 26.50 max|qacc|=     107.4 max|qvel|=   0.35 ncon=  0 com_z=0.951 com_x=-0.186
t= 27.00 max|qacc|=     392.4 max|qvel|=   1.83 ncon=  0 com_z=0.950 com_x=-0.188
t= 27.50 max|qacc|=     214.0 max|qvel|=   1.66 ncon=  0 com_z=0.951 com_x=-0.187
t= 28.00 max|qacc|=      62.2 max|qvel|=   0.44 ncon=  0 com_z=0.951 com_x=-0.186
t= 28.50 max|qacc|=     496.7 max|qvel|=   1.31 ncon=  0 com_z=0.950 com_x=-0.188
t= 29.00 max|qacc|=      21.6 max|qvel|=   0.21 ncon=  0 com_z=0.951 com_x=-0.187
t= 29.50 max|qacc|=     192.7 max|qvel|=   2.90 ncon=  0 com_z=0.950 com_x=-0.186
t= 30.00 max|qacc|=      25.2 max|qvel|=   0.20 ncon=  0 com_z=0.950 com_x=-0.188
t= 30.50 max|qacc|=      95.8 max|qvel|=   0.54 ncon=  0 com_z=0.951 com_x=-0.187

== summary ==
pelvis/COM height: start 0.94 m, min 0.93 m, final 0.95 m  (stayed up)
COM x: min -0.22 max -0.11 final -0.19 m
COM y: min -0.042 max +0.004 m
RG_F_r bursts during walk window: 0
peak ctrl: [1.   1.   1.   0.61 0.06 0.78 0.58 0.86 0.05 0.86 1.   1.   1.   0.49
 0.08 0.78 0.54 0.86 0.06 0.87] (('vas_lat_r', 'med_gas_r', 'soleus_r', 'tib_ant_r', 'psoas_r', 'semimem_r', 'glut_max2_r', 'rect_fem_r', 'sar_r', 'grac_r', 'vas_lat_l', 'med_gas_l', 'soleus_l', 'tib_ant_l', 'psoas_l', 'semimem_l', 'glut_max2_l', 'rect_fem_l', 'sar_l', 'grac_l'))
  hip_flexion_r         24.6 ..    49.2 deg
  knee_angle_r          -3.9 ..    10.5 deg
  ankle_angle_r        -83.6 ..    -1.7 deg
  hip_adduction_r       -8.2 ..     2.8 deg
  subtalar_angle_r      -8.6 ..     0.0 deg
  hip_flexion_l        -16.6 ..    68.8 deg
  knee_angle_l          -8.2 ..    11.2 deg
  ankle_angle_l        -85.8 ..     9.8 deg
  hip_adduction_l      -35.5 ..    10.5 deg
  subtalar_angle_l     -11.4 ..     0.0 deg
  pelvis_tilt           -1.9 ..     1.2 deg
  pelvis_list           -0.5 ..    -0.0 deg
  pelvis_rotation        2.2 ..     2.8 deg
saved spinal_run.npz
(plot skipped: 'PF_E2_r')
fitted baseline loaded: e2_pf=0.222 f1_df=0.098 f1_kf=0.148 post_kneext=0.011 post_hipext=0.068 desc_f=1.400 e2_adapt=1.700
start pose (normal): applied 20 coordinates as given; pelvis ty 0.920 m (env override unset); IMU-metric torso lean -0.0 deg (+ = back)
standing solve: nnls x in [0.00, 0.70], >0.1: 14 muscles
  top: add_long_l=0.70, tib_ant_r=0.61, tib_ant_l=0.46, ext_dig_r=0.37, glut_min1_l=0.33, pect_l=0.32, glut_min2_l=0.31, ext_dig_l=0.25
Fmax range: 5..3396 N | L range sample: [0.229942 0.326094]
t=  1.00 max|qacc|=      37.8 max|qvel|=   1.92 ncon=  0 com_z=0.986 com_x=-0.212
t=  1.50 max|qacc|=      40.4 max|qvel|=   2.81 ncon=  0 com_z=0.946 com_x=-0.184
t=  2.00 max|qacc|=      92.9 max|qvel|=   1.31 ncon=  0 com_z=0.957 com_x=-0.192
t=  2.50 max|qacc|=     103.9 max|qvel|=   1.11 ncon=  0 com_z=0.948 com_x=-0.187
t=  3.00 max|qacc|=      17.4 max|qvel|=   0.83 ncon=  0 com_z=0.955 com_x=-0.189
t=  3.50 max|qacc|=     178.2 max|qvel|=   0.65 ncon=  0 com_z=0.948 com_x=-0.186
t=  4.00 max|qacc|=     213.2 max|qvel|=   1.35 ncon=  0 com_z=0.952 com_x=-0.189
t=  4.50 max|qacc|=     156.0 max|qvel|=   0.36 ncon=  0 com_z=0.948 com_x=-0.185
t=  5.00 max|qacc|=     511.1 max|qvel|=   6.70 ncon=  0 com_z=0.950 com_x=-0.187
t=  5.50 max|qacc|=      41.3 max|qvel|=   2.23 ncon=  0 com_z=0.963 com_x=-0.114
t=  6.00 max|qacc|=      25.7 max|qvel|=   1.41 ncon=  0 com_z=0.948 com_x=-0.132
t=  6.50 max|qacc|=      95.2 max|qvel|=   3.27 ncon=  0 com_z=0.957 com_x=-0.182
t=  7.00 max|qacc|=     103.0 max|qvel|=   1.78 ncon=  0 com_z=0.963 com_x=-0.121
t=  7.50 max|qacc|=      42.4 max|qvel|=   1.47 ncon=  0 com_z=0.945 com_x=-0.130
t=  8.00 max|qacc|=     690.4 max|qvel|=   5.62 ncon=  0 com_z=0.943 com_x=-0.165
t=  8.50 max|qacc|=     337.4 max|qvel|=   4.32 ncon=  0 com_z=0.953 com_x=-0.144
t=  9.00 max|qacc|=     224.6 max|qvel|=   1.04 ncon=  0 com_z=0.940 com_x=-0.131
t=  9.50 max|qacc|=     129.5 max|qvel|=  17.09 ncon=  0 com_z=0.940 com_x=-0.139
t= 10.00 max|qacc|=      35.7 max|qvel|=   5.99 ncon=  0 com_z=0.957 com_x=-0.183
t= 10.50 max|qacc|=      38.8 max|qvel|=   1.64 ncon=  0 com_z=0.944 com_x=-0.122
t= 11.00 max|qacc|=     137.7 max|qvel|=   1.07 ncon=  0 com_z=0.959 com_x=-0.135
t= 11.50 max|qacc|=     310.4 max|qvel|=   6.53 ncon=  0 com_z=0.962 com_x=-0.195
t= 12.00 max|qacc|=      98.3 max|qvel|=   2.51 ncon=  0 com_z=0.954 com_x=-0.115
t= 12.50 max|qacc|=      94.8 max|qvel|=   1.10 ncon=  0 com_z=0.953 com_x=-0.134
t= 13.00 max|qacc|=      86.1 max|qvel|=   3.58 ncon=  0 com_z=0.954 com_x=-0.180
t= 13.50 max|qacc|=      54.6 max|qvel|=   1.77 ncon=  0 com_z=0.965 com_x=-0.125
t= 14.00 max|qacc|=      24.8 max|qvel|=   1.73 ncon=  0 com_z=0.944 com_x=-0.129
t= 14.50 max|qacc|=     768.6 max|qvel|=   7.47 ncon=  0 com_z=0.943 com_x=-0.164
t= 15.00 max|qacc|=     243.6 max|qvel|=   4.44 ncon=  0 com_z=0.953 com_x=-0.146
t= 15.50 max|qacc|=      37.2 max|qvel|=   0.73 ncon=  0 com_z=0.939 com_x=-0.131
t= 16.00 max|qacc|=      39.8 max|qvel|=   1.62 ncon=  0 com_z=0.951 com_x=-0.137
t= 16.50 max|qacc|=     155.5 max|qvel|=   1.20 ncon=  0 com_z=0.947 com_x=-0.130
t= 17.00 max|qacc|=      51.0 max|qvel|=   0.78 ncon=  0 com_z=0.947 com_x=-0.144
t= 17.50 max|qacc|=     185.0 max|qvel|=   2.01 ncon=  0 com_z=0.942 com_x=-0.142
t= 18.00 max|qacc|=     458.7 max|qvel|=   0.33 ncon=  0 com_z=0.946 com_x=-0.146
t= 18.50 max|qacc|=      47.5 max|qvel|=   0.25 ncon=  0 com_z=0.945 com_x=-0.143
t= 19.00 max|qacc|=      25.6 max|qvel|=   0.17 ncon=  0 com_z=0.945 com_x=-0.144
t= 19.50 max|qacc|=      22.3 max|qvel|=   0.16 ncon=  0 com_z=0.944 com_x=-0.144
t= 20.00 max|qacc|=     381.0 max|qvel|=   0.26 ncon=  0 com_z=0.945 com_x=-0.144
t= 20.50 max|qacc|=      23.4 max|qvel|=   0.14 ncon=  0 com_z=0.945 com_x=-0.143
t= 21.00 max|qacc|=      34.9 max|qvel|=   0.30 ncon=  0 com_z=0.945 com_x=-0.144
t= 21.50 max|qacc|=      83.1 max|qvel|=   0.25 ncon=  0 com_z=0.945 com_x=-0.144
t= 22.00 max|qacc|=     128.1 max|qvel|=   0.12 ncon=  0 com_z=0.945 com_x=-0.143
t= 22.50 max|qacc|=      39.3 max|qvel|=   0.36 ncon=  0 com_z=0.945 com_x=-0.144
t= 23.00 max|qacc|=     107.7 max|qvel|=   2.10 ncon=  0 com_z=0.945 com_x=-0.143
t= 23.50 max|qacc|=      25.3 max|qvel|=   0.17 ncon=  0 com_z=0.945 com_x=-0.143
t= 24.00 max|qacc|=      33.8 max|qvel|=   0.38 ncon=  0 com_z=0.945 com_x=-0.144
t= 24.50 max|qacc|=     114.8 max|qvel|=   0.40 ncon=  0 com_z=0.945 com_x=-0.143
t= 25.00 max|qacc|=      25.2 max|qvel|=   0.29 ncon=  0 com_z=0.945 com_x=-0.144
t= 25.50 max|qacc|=      20.9 max|qvel|=   0.16 ncon=  0 com_z=0.945 com_x=-0.144
t= 26.00 max|qacc|=      10.4 max|qvel|=   0.18 ncon=  0 com_z=0.945 com_x=-0.143
t= 26.50 max|qacc|=      40.9 max|qvel|=   0.13 ncon=  0 com_z=0.945 com_x=-0.144
t= 27.00 max|qacc|=      86.4 max|qvel|=   0.64 ncon=  0 com_z=0.945 com_x=-0.144
t= 27.50 max|qacc|=      23.8 max|qvel|=   0.28 ncon=  0 com_z=0.945 com_x=-0.143
t= 28.00 max|qacc|=      74.3 max|qvel|=   0.76 ncon=  0 com_z=0.944 com_x=-0.144
t= 28.50 max|qacc|=      23.6 max|qvel|=   0.16 ncon=  0 com_z=0.945 com_x=-0.143
t= 29.00 max|qacc|=     434.1 max|qvel|=   3.13 ncon=  0 com_z=0.945 com_x=-0.143
t= 29.50 max|qacc|=      36.4 max|qvel|=   0.23 ncon=  0 com_z=0.945 com_x=-0.144
t= 30.00 max|qacc|=      89.3 max|qvel|=   0.19 ncon=  0 com_z=0.945 com_x=-0.143
t= 30.50 max|qacc|=     115.4 max|qvel|=   0.15 ncon=  0 com_z=0.945 com_x=-0.144

== summary ==
pelvis/COM height: start 0.94 m, min 0.93 m, final 0.94 m  (stayed up)
COM x: min -0.22 max -0.11 final -0.14 m
COM y: min -0.042 max +0.034 m
RG_F_r bursts during walk window: 3
RG_r: cycles in window 3, period 3.25 s (0.31 Hz), E-duty 0.60
RG_l: cycles in window 3, period 3.26 s (0.31 Hz), E-duty 0.62
peak ctrl: [0.99 1.   1.   0.92 0.48 0.79 0.57 0.96 0.29 0.88 0.99 1.   1.   0.75
 0.47 0.79 0.54 0.96 0.28 0.87] (('vas_lat_r', 'med_gas_r', 'soleus_r', 'tib_ant_r', 'psoas_r', 'semimem_r', 'glut_max2_r', 'rect_fem_r', 'sar_r', 'grac_r', 'vas_lat_l', 'med_gas_l', 'soleus_l', 'tib_ant_l', 'psoas_l', 'semimem_l', 'glut_max2_l', 'rect_fem_l', 'sar_l', 'grac_l'))
  hip_flexion_r        -52.5 ..    60.0 deg
  knee_angle_r         -68.3 ..    12.5 deg
  ankle_angle_r        -83.8 ..    51.7 deg
  hip_adduction_r      -39.7 ..    14.7 deg
  subtalar_angle_r      -8.6 ..    18.2 deg
  hip_flexion_l        -45.0 ..    69.1 deg
  knee_angle_l         -64.8 ..    12.7 deg
  ankle_angle_l        -87.2 ..    48.5 deg
  hip_adduction_l      -36.4 ..    14.1 deg
  subtalar_angle_l     -11.3 ..    16.9 deg
  pelvis_tilt           -1.9 ..     1.2 deg
  pelvis_list           -1.3 ..     0.3 deg
  pelvis_rotation        1.9 ..     2.9 deg
saved spinal_run.npz
(plot skipped: 'PF_E2_r')
fitted baseline loaded: e2_pf=0.222 f1_df=0.098 f1_kf=0.148 post_kneext=0.011 post_hipext=0.068 desc_f=1.400 e2_adapt=1.700
start pose (normal): applied 20 coordinates as given; pelvis ty 0.920 m (env override unset); IMU-metric torso lean -0.0 deg (+ = back)
standing solve: nnls x in [0.00, 0.70], >0.1: 14 muscles
  top: add_long_l=0.70, tib_ant_r=0.61, tib_ant_l=0.46, ext_dig_r=0.37, glut_min1_l=0.33, pect_l=0.32, glut_min2_l=0.31, ext_dig_l=0.25
Fmax range: 5..3396 N | L range sample: [0.229942 0.326094]
t=  1.00 max|qacc|=      29.2 max|qvel|=   1.99 ncon=  0 com_z=0.989 com_x=-0.212
t=  1.50 max|qacc|=      22.8 max|qvel|=   2.72 ncon=  0 com_z=0.947 com_x=-0.184
t=  2.00 max|qacc|=     348.2 max|qvel|=   1.26 ncon=  0 com_z=0.960 com_x=-0.194
t=  2.50 max|qacc|=    2213.3 max|qvel|=   2.67 ncon=  0 com_z=0.949 com_x=-0.187
t=  3.00 max|qacc|=      51.5 max|qvel|=   0.68 ncon=  0 com_z=0.956 com_x=-0.190
t=  3.50 max|qacc|=     215.1 max|qvel|=   0.64 ncon=  0 com_z=0.950 com_x=-0.186
t=  4.00 max|qacc|=     271.7 max|qvel|=   2.55 ncon=  0 com_z=0.952 com_x=-0.190
t=  4.50 max|qacc|=     233.4 max|qvel|=   1.38 ncon=  0 com_z=0.949 com_x=-0.186
t=  5.00 max|qacc|=     369.1 max|qvel|=   1.75 ncon=  0 com_z=0.949 com_x=-0.185
t=  5.50 max|qacc|=      44.7 max|qvel|=   2.19 ncon=  0 com_z=0.965 com_x=-0.057
t=  6.00 max|qacc|=       7.4 max|qvel|=   1.85 ncon=  0 com_z=0.942 com_x=-0.084
t=  6.50 max|qacc|=     200.7 max|qvel|=   3.45 ncon=  0 com_z=0.936 com_x=-0.151
t=  7.00 max|qacc|=      79.7 max|qvel|=   0.60 ncon=  0 com_z=0.962 com_x=-0.195
t=  7.50 max|qacc|=     109.7 max|qvel|=   0.44 ncon=  0 com_z=0.942 com_x=-0.178
t=  8.00 max|qacc|=      35.3 max|qvel|=   5.80 ncon=  0 com_z=0.941 com_x=-0.162
t=  8.50 max|qacc|=      41.3 max|qvel|=   0.58 ncon=  0 com_z=0.941 com_x=-0.127
t=  9.00 max|qacc|=     445.8 max|qvel|=   4.18 ncon=  0 com_z=0.937 com_x=-0.147
t=  9.50 max|qacc|=      28.9 max|qvel|=   5.58 ncon=  0 com_z=0.947 com_x=-0.167
t= 10.00 max|qacc|=     725.9 max|qvel|=   2.23 ncon=  0 com_z=0.942 com_x=-0.126
t= 10.50 max|qacc|=     177.9 max|qvel|=   9.66 ncon=  0 com_z=0.942 com_x=-0.144
t= 11.00 max|qacc|=     131.0 max|qvel|=   4.74 ncon=  0 com_z=0.949 com_x=-0.182
t= 11.50 max|qacc|=      42.4 max|qvel|=   2.08 ncon=  0 com_z=0.943 com_x=-0.122
t= 12.00 max|qacc|=     202.5 max|qvel|=   9.27 ncon=  0 com_z=0.949 com_x=-0.133
t= 12.50 max|qacc|=      51.2 max|qvel|=   5.15 ncon=  0 com_z=0.957 com_x=-0.191
t= 13.00 max|qacc|=      96.2 max|qvel|=   1.95 ncon=  0 com_z=0.952 com_x=-0.121
t= 13.50 max|qacc|=     135.7 max|qvel|=   1.24 ncon=  0 com_z=0.954 com_x=-0.129
t= 14.00 max|qacc|=     131.5 max|qvel|=   4.54 ncon=  0 com_z=0.958 com_x=-0.194
t= 14.50 max|qacc|=      78.5 max|qvel|=   1.14 ncon=  0 com_z=0.957 com_x=-0.116
t= 15.00 max|qacc|=     263.4 max|qvel|=   1.44 ncon=  0 com_z=0.948 com_x=-0.131
t= 15.50 max|qacc|=     799.3 max|qvel|=   1.68 ncon=  0 com_z=0.958 com_x=-0.186
t= 16.00 max|qacc|=     236.9 max|qvel|=   1.49 ncon=  0 com_z=0.953 com_x=-0.190
t= 16.50 max|qacc|=     263.4 max|qvel|=   1.61 ncon=  0 com_z=0.948 com_x=-0.184
t= 17.00 max|qacc|=      80.7 max|qvel|=   0.71 ncon=  0 com_z=0.954 com_x=-0.191
t= 17.50 max|qacc|=      47.8 max|qvel|=   0.29 ncon=  0 com_z=0.951 com_x=-0.186
t= 18.00 max|qacc|=     690.3 max|qvel|=   0.68 ncon=  0 com_z=0.952 com_x=-0.190
t= 18.50 max|qacc|=     402.0 max|qvel|=   2.17 ncon=  0 com_z=0.952 com_x=-0.187
t= 19.00 max|qacc|=      14.6 max|qvel|=   0.25 ncon=  0 com_z=0.952 com_x=-0.188
t= 19.50 max|qacc|=     115.9 max|qvel|=   0.23 ncon=  0 com_z=0.951 com_x=-0.188
t= 20.00 max|qacc|=      61.4 max|qvel|=   0.15 ncon=  0 com_z=0.952 com_x=-0.188
t= 20.50 max|qacc|=      27.1 max|qvel|=   0.21 ncon=  0 com_z=0.952 com_x=-0.187
t= 21.00 max|qacc|=      64.0 max|qvel|=   0.42 ncon=  0 com_z=0.951 com_x=-0.188
t= 21.50 max|qacc|=     250.8 max|qvel|=   0.53 ncon=  0 com_z=0.952 com_x=-0.188
t= 22.00 max|qacc|=    1554.2 max|qvel|=   0.94 ncon=  0 com_z=0.952 com_x=-0.187
t= 22.50 max|qacc|=     469.6 max|qvel|=   0.98 ncon=  0 com_z=0.951 com_x=-0.188
t= 23.00 max|qacc|=      86.3 max|qvel|=   0.25 ncon=  0 com_z=0.951 com_x=-0.188
t= 23.50 max|qacc|=      49.4 max|qvel|=   0.22 ncon=  0 com_z=0.952 com_x=-0.188
t= 24.00 max|qacc|=      21.8 max|qvel|=   0.16 ncon=  0 com_z=0.952 com_x=-0.187
t= 24.50 max|qacc|=      30.8 max|qvel|=   0.24 ncon=  0 com_z=0.951 com_x=-0.188
t= 25.00 max|qacc|=     181.6 max|qvel|=   0.35 ncon=  0 com_z=0.952 com_x=-0.187
t= 25.50 max|qacc|=      89.0 max|qvel|=   0.74 ncon=  0 com_z=0.952 com_x=-0.187
t= 26.00 max|qacc|=      20.1 max|qvel|=   0.14 ncon=  0 com_z=0.951 com_x=-0.188
t= 26.50 max|qacc|=     263.3 max|qvel|=   0.99 ncon=  0 com_z=0.952 com_x=-0.188
t= 27.00 max|qacc|=     151.3 max|qvel|=   2.36 ncon=  0 com_z=0.952 com_x=-0.187
t= 27.50 max|qacc|=      19.7 max|qvel|=   0.29 ncon=  0 com_z=0.952 com_x=-0.188
t= 28.00 max|qacc|=     145.5 max|qvel|=   1.48 ncon=  0 com_z=0.951 com_x=-0.188
t= 28.50 max|qacc|=     244.7 max|qvel|=   0.56 ncon=  0 com_z=0.952 com_x=-0.187
t= 29.00 max|qacc|=     241.2 max|qvel|=   0.50 ncon=  0 com_z=0.951 com_x=-0.187
t= 29.50 max|qacc|=      83.3 max|qvel|=   1.08 ncon=  0 com_z=0.951 com_x=-0.188
t= 30.00 max|qacc|=      47.8 max|qvel|=   0.23 ncon=  0 com_z=0.952 com_x=-0.187
t= 30.50 max|qacc|=      41.8 max|qvel|=   0.31 ncon=  0 com_z=0.952 com_x=-0.187

== summary ==
pelvis/COM height: start 0.94 m, min 0.92 m, final 0.95 m  (stayed up)
COM x: min -0.21 max -0.05 final -0.19 m
COM y: min -0.043 max +0.033 m
RG_F_r bursts during walk window: 3
RG_r: cycles in window 3, period 2.86 s (0.35 Hz), E-duty 0.54
RG_l: cycles in window 3, period 3.64 s (0.27 Hz), E-duty 0.65
peak ctrl: [1.   1.   1.   0.84 0.6  0.8  0.62 0.96 0.44 0.92 1.   1.   1.   0.84
 0.6  0.8  0.61 0.96 0.44 0.9 ] (('vas_lat_r', 'med_gas_r', 'soleus_r', 'tib_ant_r', 'psoas_r', 'semimem_r', 'glut_max2_r', 'rect_fem_r', 'sar_r', 'grac_r', 'vas_lat_l', 'med_gas_l', 'soleus_l', 'tib_ant_l', 'psoas_l', 'semimem_l', 'glut_max2_l', 'rect_fem_l', 'sar_l', 'grac_l'))
  hip_flexion_r        -45.6 ..    54.1 deg
  knee_angle_r         -63.0 ..    11.9 deg
  ankle_angle_r        -83.0 ..    -0.9 deg
  hip_adduction_r      -37.2 ..    13.3 deg
  subtalar_angle_r      -5.4 ..    21.4 deg
  hip_flexion_l        -43.6 ..    70.0 deg
  knee_angle_l         -61.8 ..    11.8 deg
  ankle_angle_l        -85.0 ..     9.8 deg
  hip_adduction_l      -38.6 ..    12.5 deg
  subtalar_angle_l      -8.8 ..    21.2 deg
  pelvis_tilt           -2.0 ..     1.1 deg
  pelvis_list           -1.2 ..     0.3 deg
  pelvis_rotation        2.0 ..     2.8 deg
saved spinal_run.npz
(plot skipped: 'PF_E2_r')
fitted baseline loaded: e2_pf=0.222 f1_df=0.098 f1_kf=0.148 post_kneext=0.011 post_hipext=0.068 desc_f=1.400 e2_adapt=1.700
start pose (normal): applied 20 coordinates as given; pelvis ty 0.920 m (env override unset); IMU-metric torso lean -0.0 deg (+ = back)
standing solve: nnls x in [0.00, 0.70], >0.1: 14 muscles
  top: add_long_l=0.70, tib_ant_r=0.61, tib_ant_l=0.46, ext_dig_r=0.37, glut_min1_l=0.33, pect_l=0.32, glut_min2_l=0.31, ext_dig_l=0.25
Fmax range: 5..3396 N | L range sample: [0.229942 0.326094]
t=  0.62 precursor: max|qacc|=1.21e+03 max|qvel|=31 (dof 55), ncon=0, max ctrl=0.99
t=  0.62 precursor: max|qacc|=1.21e+03 max|qvel|=32 (dof 55), ncon=0, max ctrl=0.98
t=  0.62 precursor: max|qacc|=1.14e+03 max|qvel|=32.7 (dof 55), ncon=0, max ctrl=0.98
t=  0.62 precursor: max|qacc|=1.01e+03 max|qvel|=33.2 (dof 55), ncon=0, max ctrl=0.98
t=  0.63 precursor: max|qacc|=829 max|qvel|=33.4 (dof 55), ncon=0, max ctrl=0.97
t=  0.63 precursor: max|qacc|=587 max|qvel|=33.5 (dof 55), ncon=0, max ctrl=0.97
t=  0.63 precursor: max|qacc|=3.44e+03 max|qvel|=33.4 (dof 55), ncon=0, max ctrl=0.97
t=  0.63 precursor: max|qacc|=4.11e+03 max|qvel|=33.1 (dof 55), ncon=0, max ctrl=0.97
t=  0.63 precursor: max|qacc|=3.48e+03 max|qvel|=32.7 (dof 55), ncon=0, max ctrl=0.97
t=  1.00 max|qacc|=     113.4 max|qvel|=   1.70 ncon=  0 com_z=0.978 com_x=-0.208
t=  1.50 max|qacc|=      64.4 max|qvel|=   2.55 ncon=  0 com_z=0.941 com_x=-0.177
t=  2.00 max|qacc|=      62.8 max|qvel|=   1.10 ncon=  0 com_z=0.955 com_x=-0.190
t=  2.50 max|qacc|=     110.1 max|qvel|=   0.89 ncon=  0 com_z=0.943 com_x=-0.180
t=  3.00 max|qacc|=     177.5 max|qvel|=   0.53 ncon=  0 com_z=0.953 com_x=-0.188
t=  3.50 max|qacc|=     174.3 max|qvel|=   1.90 ncon=  0 com_z=0.943 com_x=-0.179
t=  4.00 max|qacc|=     138.4 max|qvel|=   0.82 ncon=  0 com_z=0.950 com_x=-0.187
t=  4.50 max|qacc|=      62.5 max|qvel|=   2.51 ncon=  0 com_z=0.945 com_x=-0.179
t=  5.00 max|qacc|=      55.1 max|qvel|=   0.86 ncon=  0 com_z=0.961 com_x=-0.118
t=  5.50 max|qacc|=      58.2 max|qvel|=   5.47 ncon=  0 com_z=0.957 com_x=-0.177
t=  6.00 max|qacc|=     161.7 max|qvel|=   5.53 ncon=  0 com_z=0.939 com_x=-0.149
t=  6.50 max|qacc|=     344.9 max|qvel|=   4.14 ncon=  0 com_z=0.936 com_x=-0.147
t=  7.00 max|qacc|=     226.3 max|qvel|=  14.47 ncon=  0 com_z=0.938 com_x=-0.140
t=  7.50 max|qacc|=     334.4 max|qvel|=   3.98 ncon=  0 com_z=0.939 com_x=-0.154
t=  8.00 max|qacc|=     348.1 max|qvel|=   5.76 ncon=  0 com_z=0.941 com_x=-0.165
t=  8.50 max|qacc|=      63.4 max|qvel|=   4.86 ncon=  0 com_z=0.941 com_x=-0.163
t=  9.00 max|qacc|=     258.7 max|qvel|=   3.44 ncon=  0 com_z=0.936 com_x=-0.146
t=  9.50 max|qacc|=    1290.9 max|qvel|=   5.96 ncon=  0 com_z=0.940 com_x=-0.142
t= 10.00 max|qacc|=     302.4 max|qvel|=   9.03 ncon=  0 com_z=0.937 com_x=-0.148
t= 10.50 max|qacc|=      74.7 max|qvel|=   5.89 ncon=  0 com_z=0.941 com_x=-0.164
t= 11.00 max|qacc|=      72.5 max|qvel|=   5.47 ncon=  0 com_z=0.941 com_x=-0.164
t= 11.50 max|qacc|=      91.8 max|qvel|=   8.73 ncon=  0 com_z=0.937 com_x=-0.152
t= 12.00 max|qacc|=     153.8 max|qvel|=   5.84 ncon=  0 com_z=0.940 com_x=-0.139
t= 12.50 max|qacc|=     185.3 max|qvel|=  12.59 ncon=  0 com_z=0.937 com_x=-0.146
t= 13.00 max|qacc|=     126.9 max|qvel|=   5.55 ncon=  0 com_z=0.940 com_x=-0.161
t= 13.50 max|qacc|=      61.7 max|qvel|=   6.23 ncon=  0 com_z=0.941 com_x=-0.165
t= 14.00 max|qacc|=     109.6 max|qvel|=   6.58 ncon=  0 com_z=0.938 com_x=-0.156
t= 14.50 max|qacc|=    1030.1 max|qvel|=   2.30 ncon=  0 com_z=0.939 com_x=-0.140
t= 15.00 max|qacc|=     136.7 max|qvel|=  15.50 ncon=  0 com_z=0.936 com_x=-0.144
t= 15.50 max|qacc|=      84.2 max|qvel|=   5.67 ncon=  0 com_z=0.940 com_x=-0.158
t= 16.00 max|qacc|=     152.0 max|qvel|=   2.52 ncon=  0 com_z=0.941 com_x=-0.129
t= 16.50 max|qacc|=      20.1 max|qvel|=   0.57 ncon=  0 com_z=0.950 com_x=-0.135
t= 17.00 max|qacc|=      29.5 max|qvel|=   1.29 ncon=  0 com_z=0.940 com_x=-0.136
t= 17.50 max|qacc|=      15.7 max|qvel|=   0.75 ncon=  0 com_z=0.941 com_x=-0.141
t= 18.00 max|qacc|=      38.5 max|qvel|=   0.31 ncon=  0 com_z=0.944 com_x=-0.138
t= 18.50 max|qacc|=     170.5 max|qvel|=   2.59 ncon=  0 com_z=0.942 com_x=-0.138
t= 19.00 max|qacc|=     163.4 max|qvel|=   0.60 ncon=  0 com_z=0.941 com_x=-0.140
t= 19.50 max|qacc|=      46.8 max|qvel|=   0.24 ncon=  0 com_z=0.943 com_x=-0.139
t= 20.00 max|qacc|=      81.8 max|qvel|=   0.34 ncon=  0 com_z=0.942 com_x=-0.139
t= 20.50 max|qacc|=      25.6 max|qvel|=   0.37 ncon=  0 com_z=0.942 com_x=-0.139
t= 21.00 max|qacc|=     191.8 max|qvel|=   0.26 ncon=  0 com_z=0.942 com_x=-0.139
t= 21.50 max|qacc|=      16.1 max|qvel|=   0.15 ncon=  0 com_z=0.942 com_x=-0.139
t= 22.00 max|qacc|=      12.4 max|qvel|=   0.22 ncon=  0 com_z=0.942 com_x=-0.139
t= 22.50 max|qacc|=      16.7 max|qvel|=   0.17 ncon=  0 com_z=0.942 com_x=-0.139
t= 23.00 max|qacc|=     134.8 max|qvel|=   0.12 ncon=  0 com_z=0.942 com_x=-0.139
t= 23.50 max|qacc|=      14.7 max|qvel|=   0.23 ncon=  0 com_z=0.942 com_x=-0.139
t= 24.00 max|qacc|=       9.2 max|qvel|=   0.16 ncon=  0 com_z=0.942 com_x=-0.138
t= 24.50 max|qacc|=      27.5 max|qvel|=   0.31 ncon=  0 com_z=0.942 com_x=-0.139
t= 25.00 max|qacc|=      80.6 max|qvel|=   0.48 ncon=  0 com_z=0.942 com_x=-0.139
t= 25.50 max|qacc|=      19.7 max|qvel|=   0.28 ncon=  0 com_z=0.942 com_x=-0.139
t= 26.00 max|qacc|=      32.5 max|qvel|=   0.17 ncon=  0 com_z=0.942 com_x=-0.139
t= 26.50 max|qacc|=      44.2 max|qvel|=   0.29 ncon=  0 com_z=0.942 com_x=-0.140
t= 27.00 max|qacc|=      11.1 max|qvel|=   0.23 ncon=  0 com_z=0.942 com_x=-0.139
t= 27.50 max|qacc|=      51.7 max|qvel|=   0.24 ncon=  0 com_z=0.942 com_x=-0.139
t= 28.00 max|qacc|=      60.9 max|qvel|=   0.48 ncon=  0 com_z=0.942 com_x=-0.139
t= 28.50 max|qacc|=      52.0 max|qvel|=   0.16 ncon=  0 com_z=0.942 com_x=-0.139
t= 29.00 max|qacc|=      27.6 max|qvel|=   0.14 ncon=  0 com_z=0.942 com_x=-0.139
t= 29.50 max|qacc|=     716.7 max|qvel|=   0.74 ncon=  0 com_z=0.942 com_x=-0.139
t= 30.00 max|qacc|=      49.5 max|qvel|=   0.73 ncon=  0 com_z=0.942 com_x=-0.138
t= 30.50 max|qacc|=      41.2 max|qvel|=   0.17 ncon=  0 com_z=0.942 com_x=-0.139

== summary ==
pelvis/COM height: start 0.94 m, min 0.93 m, final 0.94 m  (stayed up)
COM x: min -0.21 max -0.11 final -0.14 m
COM y: min -0.038 max +0.040 m
RG_F_r bursts during walk window: 16
RG_r: cycles in window 17, period 0.61 s (1.63 Hz), E-duty 0.36
peak ctrl: [0.93 0.97 0.98 0.8  0.31 0.75 0.44 0.91 0.21 0.76 0.93 0.98 0.99 0.37
 0.01 0.77 0.42 0.78 0.   0.78] (('vas_lat_r', 'med_gas_r', 'soleus_r', 'tib_ant_r', 'psoas_r', 'semimem_r', 'glut_max2_r', 'rect_fem_r', 'sar_r', 'grac_r', 'vas_lat_l', 'med_gas_l', 'soleus_l', 'tib_ant_l', 'psoas_l', 'semimem_l', 'glut_max2_l', 'rect_fem_l', 'sar_l', 'grac_l'))
  hip_flexion_r        -44.8 ..    45.4 deg
  knee_angle_r         -59.2 ..    13.2 deg
  ankle_angle_r        -80.1 ..    51.2 deg
  hip_adduction_r      -40.1 ..    22.1 deg
  subtalar_angle_r     -11.4 ..    14.8 deg
  hip_flexion_l        -16.6 ..    65.3 deg
  knee_angle_l          -8.2 ..    11.1 deg
  ankle_angle_l        -84.5 ..     9.8 deg
  hip_adduction_l      -25.7 ..    13.9 deg
  subtalar_angle_l     -15.4 ..     0.0 deg
  pelvis_tilt           -1.9 ..     1.0 deg
  pelvis_list           -1.5 ..     0.5 deg
  pelvis_rotation        1.9 ..     2.8 deg
saved spinal_run.npz
(plot skipped: 'PF_E2_r')
fitted baseline loaded: e2_pf=0.222 f1_df=0.098 f1_kf=0.148 post_kneext=0.011 post_hipext=0.068 desc_f=1.400 e2_adapt=1.700
start pose (normal): applied 20 coordinates as given; pelvis ty 0.920 m (env override unset); IMU-metric torso lean -0.0 deg (+ = back)
standing solve: nnls x in [0.00, 0.70], >0.1: 14 muscles
  top: add_long_l=0.70, tib_ant_r=0.61, tib_ant_l=0.46, ext_dig_r=0.37, glut_min1_l=0.33, pect_l=0.32, glut_min2_l=0.31, ext_dig_l=0.25
Fmax range: 5..3396 N | L range sample: [0.229942 0.326094]
t=  1.00 max|qacc|=     213.7 max|qvel|=   1.98 ncon=  0 com_z=0.986 com_x=-0.213
t=  1.50 max|qacc|=     106.1 max|qvel|=   2.74 ncon=  0 com_z=0.947 com_x=-0.185
t=  2.00 max|qacc|=     227.8 max|qvel|=   1.25 ncon=  0 com_z=0.957 com_x=-0.191
t=  2.50 max|qacc|=      43.9 max|qvel|=   1.03 ncon=  0 com_z=0.950 com_x=-0.189
t=  3.00 max|qacc|=      71.2 max|qvel|=   0.85 ncon=  0 com_z=0.954 com_x=-0.189
t=  3.50 max|qacc|=     146.2 max|qvel|=   0.60 ncon=  0 com_z=0.950 com_x=-0.187
t=  4.00 max|qacc|=      48.1 max|qvel|=   0.37 ncon=  0 com_z=0.951 com_x=-0.188
t=  4.50 max|qacc|=     103.1 max|qvel|=   0.30 ncon=  0 com_z=0.950 com_x=-0.188
t=  5.00 max|qacc|=      39.3 max|qvel|=   5.33 ncon=  0 com_z=0.942 com_x=-0.136
t=  5.50 max|qacc|=    2955.7 max|qvel|=   6.58 ncon=  0 com_z=0.935 com_x=-0.148
t=  6.00 max|qacc|=      63.4 max|qvel|=   4.18 ncon=  0 com_z=0.959 com_x=-0.152
t=  6.50 max|qacc|=     106.7 max|qvel|=  13.60 ncon=  0 com_z=0.932 com_x=-0.134
t=  7.00 max|qacc|=     248.6 max|qvel|=   6.18 ncon=  0 com_z=0.954 com_x=-0.172
t=  7.50 max|qacc|=     213.4 max|qvel|=  13.25 ncon=  0 com_z=0.934 com_x=-0.126
t=  8.00 max|qacc|=     307.7 max|qvel|=   6.31 ncon=  0 com_z=0.957 com_x=-0.179
t=  8.50 max|qacc|=     277.2 max|qvel|=  10.25 ncon=  0 com_z=0.941 com_x=-0.123
t=  9.00 max|qacc|=      90.3 max|qvel|=   6.14 ncon=  0 com_z=0.956 com_x=-0.187
t=  9.50 max|qacc|=     249.4 max|qvel|=   5.92 ncon=  0 com_z=0.941 com_x=-0.117
t= 10.00 max|qacc|=      88.1 max|qvel|=   5.09 ncon=  0 com_z=0.962 com_x=-0.192
t= 10.50 max|qacc|=     159.8 max|qvel|=   2.43 ncon=  0 com_z=0.945 com_x=-0.118
t= 11.00 max|qacc|=     255.5 max|qvel|=   4.66 ncon=  0 com_z=0.963 com_x=-0.196
t= 11.50 max|qacc|=      34.6 max|qvel|=   2.08 ncon=  0 com_z=0.943 com_x=-0.113
t= 12.00 max|qacc|=     218.2 max|qvel|=   4.84 ncon=  0 com_z=0.966 com_x=-0.196
t= 12.50 max|qacc|=      19.6 max|qvel|=   2.04 ncon=  0 com_z=0.949 com_x=-0.115
t= 13.00 max|qacc|=     648.0 max|qvel|=   5.29 ncon=  0 com_z=0.963 com_x=-0.195
t= 13.50 max|qacc|=     218.5 max|qvel|=   2.12 ncon=  0 com_z=0.949 com_x=-0.110
t= 14.00 max|qacc|=      73.6 max|qvel|=   6.65 ncon=  0 com_z=0.963 com_x=-0.192
t= 14.50 max|qacc|=      56.5 max|qvel|=   1.53 ncon=  0 com_z=0.956 com_x=-0.113
t= 15.00 max|qacc|=     190.2 max|qvel|=   4.43 ncon=  0 com_z=0.956 com_x=-0.187
t= 15.50 max|qacc|=      63.3 max|qvel|=   1.06 ncon=  0 com_z=0.956 com_x=-0.113
t= 16.00 max|qacc|=      51.4 max|qvel|=   0.81 ncon=  0 com_z=0.951 com_x=-0.137
t= 16.50 max|qacc|=      56.8 max|qvel|=   0.72 ncon=  0 com_z=0.946 com_x=-0.132
t= 17.00 max|qacc|=      39.3 max|qvel|=   0.34 ncon=  0 com_z=0.945 com_x=-0.138
t= 17.50 max|qacc|=      16.8 max|qvel|=   0.35 ncon=  0 com_z=0.946 com_x=-0.143
t= 18.00 max|qacc|=     120.8 max|qvel|=   1.88 ncon=  0 com_z=0.946 com_x=-0.140
t= 18.50 max|qacc|=      15.0 max|qvel|=   0.19 ncon=  0 com_z=0.946 com_x=-0.141
t= 19.00 max|qacc|=      18.0 max|qvel|=   0.21 ncon=  0 com_z=0.945 com_x=-0.142
t= 19.50 max|qacc|=     133.8 max|qvel|=   0.37 ncon=  0 com_z=0.946 com_x=-0.141
t= 20.00 max|qacc|=      39.0 max|qvel|=   0.30 ncon=  0 com_z=0.946 com_x=-0.141
t= 20.50 max|qacc|=     135.0 max|qvel|=   0.23 ncon=  0 com_z=0.946 com_x=-0.142
t= 21.00 max|qacc|=     108.1 max|qvel|=   0.20 ncon=  0 com_z=0.946 com_x=-0.141
t= 21.50 max|qacc|=      74.3 max|qvel|=   0.40 ncon=  0 com_z=0.946 com_x=-0.142
t= 22.00 max|qacc|=      39.0 max|qvel|=   0.28 ncon=  0 com_z=0.946 com_x=-0.142
t= 22.50 max|qacc|=      92.1 max|qvel|=   0.33 ncon=  0 com_z=0.946 com_x=-0.141
t= 23.00 max|qacc|=      31.7 max|qvel|=   0.19 ncon=  0 com_z=0.946 com_x=-0.141
t= 23.50 max|qacc|=     112.2 max|qvel|=   0.11 ncon=  0 com_z=0.946 com_x=-0.142
t= 24.00 max|qacc|=      65.0 max|qvel|=   0.20 ncon=  0 com_z=0.946 com_x=-0.141
t= 24.50 max|qacc|=      19.7 max|qvel|=   0.11 ncon=  0 com_z=0.946 com_x=-0.142
t= 25.00 max|qacc|=      38.6 max|qvel|=   0.23 ncon=  0 com_z=0.946 com_x=-0.142
t= 25.50 max|qacc|=     109.8 max|qvel|=   0.19 ncon=  0 com_z=0.946 com_x=-0.141
t= 26.00 max|qacc|=      19.6 max|qvel|=   0.11 ncon=  0 com_z=0.945 com_x=-0.141
t= 26.50 max|qacc|=      31.5 max|qvel|=   0.31 ncon=  0 com_z=0.946 com_x=-0.142
t= 27.00 max|qacc|=      71.7 max|qvel|=   0.16 ncon=  0 com_z=0.946 com_x=-0.141
t= 27.50 max|qacc|=     102.6 max|qvel|=   0.14 ncon=  0 com_z=0.945 com_x=-0.142
t= 28.00 max|qacc|=     205.6 max|qvel|=   0.94 ncon=  0 com_z=0.946 com_x=-0.142
t= 28.50 max|qacc|=     121.2 max|qvel|=   0.25 ncon=  0 com_z=0.946 com_x=-0.141
t= 29.00 max|qacc|=     169.6 max|qvel|=   0.28 ncon=  0 com_z=0.945 com_x=-0.142
t= 29.50 max|qacc|=      57.2 max|qvel|=   0.60 ncon=  0 com_z=0.946 com_x=-0.141
t= 30.00 max|qacc|=      35.4 max|qvel|=   0.11 ncon=  0 com_z=0.946 com_x=-0.141
t= 30.50 max|qacc|=      51.3 max|qvel|=   0.25 ncon=  0 com_z=0.945 com_x=-0.142

== summary ==
pelvis/COM height: start 0.94 m, min 0.93 m, final 0.95 m  (stayed up)
COM x: min -0.22 max -0.11 final -0.14 m
COM y: min -0.042 max +0.034 m
RG_F_r bursts during walk window: 5
RG_r: cycles in window 5, period 2.07 s (0.48 Hz), E-duty 0.66
RG_l: cycles in window 5, period 2.07 s (0.48 Hz), E-duty 0.63
peak ctrl: [1.   1.   1.   0.94 0.52 0.79 0.58 0.95 0.34 0.87 1.   1.   1.   0.77
 0.51 0.79 0.54 0.95 0.33 0.87] (('vas_lat_r', 'med_gas_r', 'soleus_r', 'tib_ant_r', 'psoas_r', 'semimem_r', 'glut_max2_r', 'rect_fem_r', 'sar_r', 'grac_r', 'vas_lat_l', 'med_gas_l', 'soleus_l', 'tib_ant_l', 'psoas_l', 'semimem_l', 'glut_max2_l', 'rect_fem_l', 'sar_l', 'grac_l'))
  hip_flexion_r        -52.9 ..    57.2 deg
  knee_angle_r         -70.2 ..    12.1 deg
  ankle_angle_r        -83.9 ..    51.7 deg
  hip_adduction_r      -36.6 ..     9.5 deg
  subtalar_angle_r      -8.4 ..    19.9 deg
  hip_flexion_l        -46.4 ..    69.1 deg
  knee_angle_l         -69.4 ..    12.4 deg
  ankle_angle_l        -87.5 ..    35.4 deg
  hip_adduction_l      -36.6 ..     9.9 deg
  subtalar_angle_l     -11.2 ..    19.0 deg
  pelvis_tilt           -1.9 ..     1.2 deg
  pelvis_list           -0.9 ..     0.1 deg
  pelvis_rotation        2.0 ..     2.8 deg
saved spinal_run.npz
(plot skipped: 'PF_E2_r')
fitted baseline loaded: e2_pf=0.222 f1_df=0.098 f1_kf=0.148 post_kneext=0.011 post_hipext=0.068 desc_f=1.400 e2_adapt=1.700
start pose (normal): applied 20 coordinates as given; pelvis ty 0.920 m (env override unset); IMU-metric torso lean -0.0 deg (+ = back)
standing solve: nnls x in [0.00, 0.70], >0.1: 14 muscles
  top: add_long_l=0.70, tib_ant_r=0.61, tib_ant_l=0.46, ext_dig_r=0.37, glut_min1_l=0.33, pect_l=0.32, glut_min2_l=0.31, ext_dig_l=0.25
Fmax range: 5..3396 N | L range sample: [0.229942 0.326094]
t=  0.62 precursor: max|qacc|=1.23e+03 max|qvel|=30.7 (dof 12), ncon=0, max ctrl=0.96
t=  0.62 precursor: max|qacc|=1.26e+03 max|qvel|=31.5 (dof 12), ncon=0, max ctrl=0.95
t=  0.62 precursor: max|qacc|=1.22e+03 max|qvel|=32.2 (dof 55), ncon=0, max ctrl=0.95
t=  0.62 precursor: max|qacc|=1.12e+03 max|qvel|=32.6 (dof 55), ncon=0, max ctrl=0.95
t=  0.63 precursor: max|qacc|=950 max|qvel|=32.9 (dof 55), ncon=0, max ctrl=0.95
t=  0.63 precursor: max|qacc|=724 max|qvel|=33 (dof 55), ncon=0, max ctrl=0.96
t=  0.63 precursor: max|qacc|=2.66e+03 max|qvel|=32.9 (dof 55), ncon=0, max ctrl=0.96
t=  0.63 precursor: max|qacc|=4.24e+03 max|qvel|=32.6 (dof 55), ncon=0, max ctrl=0.96
t=  0.63 precursor: max|qacc|=3.87e+03 max|qvel|=32.3 (dof 55), ncon=0, max ctrl=0.96
t=  1.00 max|qacc|=     488.5 max|qvel|=   2.11 ncon=  0 com_z=0.974 com_x=-0.205
t=  1.50 max|qacc|=      52.3 max|qvel|=   2.36 ncon=  0 com_z=0.938 com_x=-0.172
t=  2.00 max|qacc|=      69.4 max|qvel|=   1.03 ncon=  0 com_z=0.954 com_x=-0.190
t=  2.50 max|qacc|=      71.4 max|qvel|=   0.67 ncon=  0 com_z=0.940 com_x=-0.175
t=  3.00 max|qacc|=     100.1 max|qvel|=   0.41 ncon=  0 com_z=0.953 com_x=-0.188
t=  3.50 max|qacc|=      90.9 max|qvel|=   0.32 ncon=  0 com_z=0.941 com_x=-0.174
t=  4.00 max|qacc|=     122.2 max|qvel|=   0.39 ncon=  0 com_z=0.949 com_x=-0.186
t=  4.50 max|qacc|=     430.5 max|qvel|=   0.49 ncon=  0 com_z=0.943 com_x=-0.174
t=  5.00 max|qacc|=      99.0 max|qvel|=   7.45 ncon=  0 com_z=0.944 com_x=-0.178
t=  5.50 max|qacc|=     400.5 max|qvel|=   5.07 ncon=  0 com_z=0.951 com_x=-0.117
t=  6.00 max|qacc|=     116.7 max|qvel|=   7.99 ncon=  0 com_z=0.967 com_x=-0.193
t=  6.50 max|qacc|=     307.6 max|qvel|=  13.85 ncon=  0 com_z=0.957 com_x=-0.105
t=  7.00 max|qacc|=      61.6 max|qvel|=   7.26 ncon=  0 com_z=0.986 com_x=-0.201
t=  7.50 max|qacc|=     197.6 max|qvel|=  16.49 ncon=  0 com_z=0.947 com_x=-0.112
t=  8.00 max|qacc|=      79.3 max|qvel|=   8.05 ncon=  0 com_z=0.983 com_x=-0.194
t=  8.50 max|qacc|=     383.5 max|qvel|=  14.32 ncon=  0 com_z=0.943 com_x=-0.116
t=  9.00 max|qacc|=     251.9 max|qvel|=   7.48 ncon=  0 com_z=0.971 com_x=-0.202
t=  9.50 max|qacc|=     386.0 max|qvel|=   7.59 ncon=  0 com_z=0.941 com_x=-0.107
t= 10.00 max|qacc|=     152.6 max|qvel|=   8.86 ncon=  0 com_z=0.974 com_x=-0.200
t= 10.50 max|qacc|=     226.4 max|qvel|=   2.07 ncon=  0 com_z=0.941 com_x=-0.105
t= 11.00 max|qacc|=     298.4 max|qvel|=   8.55 ncon=  0 com_z=0.970 com_x=-0.203
t= 11.50 max|qacc|=      37.1 max|qvel|=   1.29 ncon=  0 com_z=0.942 com_x=-0.102
t= 12.00 max|qacc|=     491.9 max|qvel|=   6.58 ncon=  0 com_z=0.971 com_x=-0.199
t= 12.50 max|qacc|=      56.2 max|qvel|=   1.82 ncon=  0 com_z=0.944 com_x=-0.103
t= 13.00 max|qacc|=      97.1 max|qvel|=   3.23 ncon=  0 com_z=0.968 com_x=-0.199
t= 13.50 max|qacc|=      37.7 max|qvel|=   1.28 ncon=  0 com_z=0.944 com_x=-0.102
t= 14.00 max|qacc|=     227.5 max|qvel|=   2.30 ncon=  0 com_z=0.967 com_x=-0.195
t= 14.50 max|qacc|=     207.3 max|qvel|=   1.76 ncon=  0 com_z=0.945 com_x=-0.106
t= 15.00 max|qacc|=     660.4 max|qvel|=   3.06 ncon=  0 com_z=0.965 com_x=-0.193
t= 15.50 max|qacc|=      49.7 max|qvel|=   1.25 ncon=  0 com_z=0.944 com_x=-0.107
t= 16.00 max|qacc|=      34.7 max|qvel|=   0.77 ncon=  0 com_z=0.943 com_x=-0.152
t= 16.50 max|qacc|=      41.9 max|qvel|=   0.48 ncon=  0 com_z=0.938 com_x=-0.129
t= 17.00 max|qacc|=     106.9 max|qvel|=   0.22 ncon=  0 com_z=0.944 com_x=-0.140
t= 17.50 max|qacc|=      83.9 max|qvel|=   0.78 ncon=  0 com_z=0.939 com_x=-0.138
t= 18.00 max|qacc|=     325.4 max|qvel|=   0.19 ncon=  0 com_z=0.941 com_x=-0.139
t= 18.50 max|qacc|=      57.7 max|qvel|=   0.25 ncon=  0 com_z=0.941 com_x=-0.138
t= 19.00 max|qacc|=      92.9 max|qvel|=   0.98 ncon=  0 com_z=0.941 com_x=-0.140
t= 19.50 max|qacc|=      19.7 max|qvel|=   0.19 ncon=  0 com_z=0.940 com_x=-0.138
t= 20.00 max|qacc|=      57.3 max|qvel|=   0.09 ncon=  0 com_z=0.941 com_x=-0.139
t= 20.50 max|qacc|=      62.3 max|qvel|=   0.27 ncon=  0 com_z=0.940 com_x=-0.139
t= 21.00 max|qacc|=      27.3 max|qvel|=   0.24 ncon=  0 com_z=0.941 com_x=-0.139
t= 21.50 max|qacc|=      48.5 max|qvel|=   0.28 ncon=  0 com_z=0.941 com_x=-0.139
t= 22.00 max|qacc|=      58.9 max|qvel|=   0.32 ncon=  0 com_z=0.941 com_x=-0.139
t= 22.50 max|qacc|=     109.4 max|qvel|=   0.30 ncon=  0 com_z=0.941 com_x=-0.138
t= 23.00 max|qacc|=      42.3 max|qvel|=   0.21 ncon=  0 com_z=0.941 com_x=-0.139
t= 23.50 max|qacc|=     108.7 max|qvel|=   0.66 ncon=  0 com_z=0.941 com_x=-0.139
t= 24.00 max|qacc|=     111.2 max|qvel|=   0.15 ncon=  0 com_z=0.941 com_x=-0.139
t= 24.50 max|qacc|=     147.0 max|qvel|=   0.11 ncon=  0 com_z=0.940 com_x=-0.139
t= 25.00 max|qacc|=      44.4 max|qvel|=   0.29 ncon=  0 com_z=0.941 com_x=-0.139
t= 25.50 max|qacc|=      21.8 max|qvel|=   0.29 ncon=  0 com_z=0.941 com_x=-0.139
t= 26.00 max|qacc|=     108.0 max|qvel|=   0.27 ncon=  0 com_z=0.941 com_x=-0.139
t= 26.50 max|qacc|=     241.5 max|qvel|=   0.26 ncon=  0 com_z=0.941 com_x=-0.139
t= 27.00 max|qacc|=     265.3 max|qvel|=   0.30 ncon=  0 com_z=0.941 com_x=-0.138
t= 27.50 max|qacc|=      37.6 max|qvel|=   0.35 ncon=  0 com_z=0.940 com_x=-0.139
t= 28.00 max|qacc|=      15.9 max|qvel|=   0.20 ncon=  0 com_z=0.941 com_x=-0.139
t= 28.50 max|qacc|=     521.1 max|qvel|=   1.62 ncon=  0 com_z=0.941 com_x=-0.138
t= 29.00 max|qacc|=      27.4 max|qvel|=   0.17 ncon=  0 com_z=0.940 com_x=-0.139
t= 29.50 max|qacc|=      23.7 max|qvel|=   0.08 ncon=  0 com_z=0.941 com_x=-0.139
t= 30.00 max|qacc|=      18.0 max|qvel|=   0.17 ncon=  0 com_z=0.941 com_x=-0.138
t= 30.50 max|qacc|=     146.9 max|qvel|=   2.21 ncon=  0 com_z=0.940 com_x=-0.139

== summary ==
pelvis/COM height: start 0.94 m, min 0.93 m, final 0.94 m  (stayed up)
COM x: min -0.21 max -0.10 final -0.14 m
COM y: min -0.060 max +0.052 m
RG_F_r bursts during walk window: 10
RG_r: cycles in window 10, period 0.95 s (1.05 Hz), E-duty 0.57
RG_l: cycles in window 9, period 1.08 s (0.93 Hz), E-duty 0.67
peak ctrl: [0.9  0.94 0.95 0.73 0.19 0.76 0.38 0.9  0.12 0.78 0.9  0.96 0.97 0.58
 0.15 0.76 0.37 0.89 0.03 0.79] (('vas_lat_r', 'med_gas_r', 'soleus_r', 'tib_ant_r', 'psoas_r', 'semimem_r', 'glut_max2_r', 'rect_fem_r', 'sar_r', 'grac_r', 'vas_lat_l', 'med_gas_l', 'soleus_l', 'tib_ant_l', 'psoas_l', 'semimem_l', 'glut_max2_l', 'rect_fem_l', 'sar_l', 'grac_l'))
  hip_flexion_r        -56.0 ..    77.6 deg
  knee_angle_r         -65.4 ..    14.5 deg
  ankle_angle_r        -83.0 ..    51.0 deg
  hip_adduction_r      -45.2 ..    22.1 deg
  subtalar_angle_r     -12.3 ..    11.6 deg
  hip_flexion_l        -37.4 ..    63.7 deg
  knee_angle_l         -55.1 ..    13.8 deg
  ankle_angle_l        -86.2 ..    52.0 deg
  hip_adduction_l      -35.7 ..    20.8 deg
  subtalar_angle_l     -15.4 ..    11.9 deg
  pelvis_tilt           -1.9 ..     0.9 deg
  pelvis_list           -1.4 ..     0.5 deg
  pelvis_rotation        1.8 ..     3.2 deg
saved spinal_run.npz
(plot skipped: 'PF_E2_r')
fitted baseline loaded: e2_pf=0.222 f1_df=0.098 f1_kf=0.148 post_kneext=0.011 post_hipext=0.068 desc_f=1.400 e2_adapt=1.700
start pose (normal): applied 20 coordinates as given; pelvis ty 0.920 m (env override unset); IMU-metric torso lean -0.0 deg (+ = back)
standing solve: nnls x in [0.00, 0.70], >0.1: 14 muscles
  top: add_long_l=0.70, tib_ant_r=0.61, tib_ant_l=0.46, ext_dig_r=0.37, glut_min1_l=0.33, pect_l=0.32, glut_min2_l=0.31, ext_dig_l=0.25
Fmax range: 5..3396 N | L range sample: [0.229942 0.326094]
t=  0.62 precursor: max|qacc|=1.19e+03 max|qvel|=30.9 (dof 55), ncon=0, max ctrl=0.98
t=  0.62 precursor: max|qacc|=1.18e+03 max|qvel|=31.8 (dof 55), ncon=0, max ctrl=0.98
t=  0.62 precursor: max|qacc|=1.11e+03 max|qvel|=32.5 (dof 55), ncon=0, max ctrl=0.98
t=  0.62 precursor: max|qacc|=968 max|qvel|=32.8 (dof 55), ncon=0, max ctrl=0.97
t=  0.63 precursor: max|qacc|=779 max|qvel|=33 (dof 55), ncon=0, max ctrl=0.97
t=  0.63 precursor: max|qacc|=536 max|qvel|=32.9 (dof 55), ncon=0, max ctrl=0.97
t=  0.63 precursor: max|qacc|=2.97e+03 max|qvel|=32.6 (dof 55), ncon=0, max ctrl=0.97
t=  0.63 precursor: max|qacc|=4.09e+03 max|qvel|=32.2 (dof 55), ncon=0, max ctrl=0.97
t=  0.63 precursor: max|qacc|=3.51e+03 max|qvel|=31.7 (dof 55), ncon=0, max ctrl=0.97
t=  1.00 max|qacc|=      66.3 max|qvel|=   1.68 ncon=  0 com_z=0.979 com_x=-0.209
t=  1.50 max|qacc|=      56.0 max|qvel|=   2.57 ncon=  0 com_z=0.941 com_x=-0.177
t=  2.00 max|qacc|=      94.7 max|qvel|=   1.14 ncon=  0 com_z=0.956 com_x=-0.191
t=  2.50 max|qacc|=     227.4 max|qvel|=   0.93 ncon=  0 com_z=0.942 com_x=-0.180
t=  3.00 max|qacc|=     183.2 max|qvel|=   0.99 ncon=  0 com_z=0.954 com_x=-0.190
t=  3.50 max|qacc|=     138.5 max|qvel|=   0.58 ncon=  0 com_z=0.942 com_x=-0.177
t=  4.00 max|qacc|=     123.6 max|qvel|=   0.27 ncon=  0 com_z=0.951 com_x=-0.189
t=  4.50 max|qacc|=      84.3 max|qvel|=   0.72 ncon=  0 com_z=0.944 com_x=-0.177
t=  5.00 max|qacc|=      46.9 max|qvel|=   0.31 ncon=  0 com_z=0.950 com_x=-0.186
t=  5.50 max|qacc|=     181.3 max|qvel|=   0.26 ncon=  0 com_z=0.945 com_x=-0.180
t=  6.00 max|qacc|=      42.4 max|qvel|=   0.31 ncon=  0 com_z=0.949 com_x=-0.184
t=  6.50 max|qacc|=      46.2 max|qvel|=   0.50 ncon=  0 com_z=0.946 com_x=-0.180
t=  7.00 max|qacc|=     126.5 max|qvel|=   0.76 ncon=  0 com_z=0.947 com_x=-0.184
t=  7.50 max|qacc|=      59.3 max|qvel|=   0.25 ncon=  0 com_z=0.947 com_x=-0.181
t=  8.00 max|qacc|=      75.1 max|qvel|=   0.17 ncon=  0 com_z=0.947 com_x=-0.182
t=  8.50 max|qacc|=     243.0 max|qvel|=   0.35 ncon=  0 com_z=0.947 com_x=-0.182
t=  9.00 max|qacc|=      19.3 max|qvel|=   0.37 ncon=  0 com_z=0.947 com_x=-0.182
t=  9.50 max|qacc|=     167.9 max|qvel|=   1.29 ncon=  0 com_z=0.946 com_x=-0.182
t= 10.00 max|qacc|=     100.8 max|qvel|=   0.26 ncon=  0 com_z=0.947 com_x=-0.183
t= 10.50 max|qacc|=      68.0 max|qvel|=   0.68 ncon=  0 com_z=0.947 com_x=-0.181
t= 11.00 max|qacc|=      83.3 max|qvel|=   0.17 ncon=  0 com_z=0.947 com_x=-0.182
t= 11.50 max|qacc|=     408.5 max|qvel|=   0.40 ncon=  0 com_z=0.947 com_x=-0.182
t= 12.00 max|qacc|=     123.4 max|qvel|=   0.29 ncon=  0 com_z=0.947 com_x=-0.181
t= 12.50 max|qacc|=     117.4 max|qvel|=   0.53 ncon=  0 com_z=0.946 com_x=-0.182
t= 13.00 max|qacc|=      97.6 max|qvel|=   0.63 ncon=  0 com_z=0.947 com_x=-0.182
t= 13.50 max|qacc|=     104.0 max|qvel|=   0.24 ncon=  0 com_z=0.947 com_x=-0.181
t= 14.00 max|qacc|=      95.5 max|qvel|=   0.26 ncon=  0 com_z=0.946 com_x=-0.183
t= 14.50 max|qacc|=     533.4 max|qvel|=   0.82 ncon=  0 com_z=0.947 com_x=-0.182
t= 15.00 max|qacc|=     249.9 max|qvel|=   0.49 ncon=  0 com_z=0.947 com_x=-0.182
t= 15.50 max|qacc|=     148.2 max|qvel|=   1.32 ncon=  0 com_z=0.946 com_x=-0.183
t= 16.00 max|qacc|=      52.1 max|qvel|=   0.60 ncon=  0 com_z=0.947 com_x=-0.182
t= 16.50 max|qacc|=     120.9 max|qvel|=   0.59 ncon=  0 com_z=0.947 com_x=-0.182
t= 17.00 max|qacc|=      83.4 max|qvel|=   0.40 ncon=  0 com_z=0.947 com_x=-0.184
t= 17.50 max|qacc|=     395.3 max|qvel|=   0.37 ncon=  0 com_z=0.948 com_x=-0.184
t= 18.00 max|qacc|=     100.5 max|qvel|=   0.32 ncon=  0 com_z=0.948 com_x=-0.183
t= 18.50 max|qacc|=      66.6 max|qvel|=   0.47 ncon=  0 com_z=0.947 com_x=-0.184
t= 19.00 max|qacc|=     155.1 max|qvel|=   0.40 ncon=  0 com_z=0.948 com_x=-0.183
t= 19.50 max|qacc|=      39.5 max|qvel|=   0.18 ncon=  0 com_z=0.948 com_x=-0.183
t= 20.00 max|qacc|=      26.5 max|qvel|=   0.24 ncon=  0 com_z=0.947 com_x=-0.184
t= 20.50 max|qacc|=      35.0 max|qvel|=   0.17 ncon=  0 com_z=0.948 com_x=-0.183
t= 21.00 max|qacc|=      41.7 max|qvel|=   0.41 ncon=  0 com_z=0.948 com_x=-0.183
t= 21.50 max|qacc|=     334.0 max|qvel|=   0.41 ncon=  0 com_z=0.947 com_x=-0.184
t= 22.00 max|qacc|=     106.2 max|qvel|=   0.44 ncon=  0 com_z=0.948 com_x=-0.183
t= 22.50 max|qacc|=    1052.0 max|qvel|=   0.52 ncon=  0 com_z=0.948 com_x=-0.183
t= 23.00 max|qacc|=      53.6 max|qvel|=   0.40 ncon=  0 com_z=0.947 com_x=-0.184
t= 23.50 max|qacc|=      84.4 max|qvel|=   0.37 ncon=  0 com_z=0.948 com_x=-0.183
t= 24.00 max|qacc|=     380.3 max|qvel|=   1.21 ncon=  0 com_z=0.948 com_x=-0.183
t= 24.50 max|qacc|=      27.1 max|qvel|=   0.26 ncon=  0 com_z=0.947 com_x=-0.184
t= 25.00 max|qacc|=      90.2 max|qvel|=   0.55 ncon=  0 com_z=0.948 com_x=-0.183
t= 25.50 max|qacc|=      66.0 max|qvel|=   0.91 ncon=  0 com_z=0.948 com_x=-0.183
t= 26.00 max|qacc|=      23.0 max|qvel|=   0.29 ncon=  0 com_z=0.947 com_x=-0.184
t= 26.50 max|qacc|=      42.4 max|qvel|=   0.45 ncon=  0 com_z=0.948 com_x=-0.183
t= 27.00 max|qacc|=      92.1 max|qvel|=   0.57 ncon=  0 com_z=0.947 com_x=-0.183
t= 27.50 max|qacc|=      46.2 max|qvel|=   0.24 ncon=  0 com_z=0.947 com_x=-0.184
t= 28.00 max|qacc|=     276.8 max|qvel|=   0.92 ncon=  0 com_z=0.948 com_x=-0.183
t= 28.50 max|qacc|=      46.4 max|qvel|=   0.33 ncon=  0 com_z=0.947 com_x=-0.183
t= 29.00 max|qacc|=      39.4 max|qvel|=   0.22 ncon=  0 com_z=0.948 com_x=-0.184
t= 29.50 max|qacc|=      49.4 max|qvel|=   0.64 ncon=  0 com_z=0.948 com_x=-0.183
t= 30.00 max|qacc|=      32.0 max|qvel|=   0.50 ncon=  0 com_z=0.947 com_x=-0.183
t= 30.50 max|qacc|=     158.4 max|qvel|=   0.84 ncon=  0 com_z=0.947 com_x=-0.184

== summary ==
pelvis/COM height: start 0.94 m, min 0.93 m, final 0.95 m  (stayed up)
COM x: min -0.21 max -0.11 final -0.18 m
COM y: min -0.038 max +0.004 m
RG_F_r bursts during walk window: 0
peak ctrl: [0.93 0.97 0.98 0.49 0.01 0.75 0.46 0.78 0.   0.75 0.92 0.98 0.99 0.4
 0.01 0.76 0.44 0.78 0.   0.76] (('vas_lat_r', 'med_gas_r', 'soleus_r', 'tib_ant_r', 'psoas_r', 'semimem_r', 'glut_max2_r', 'rect_fem_r', 'sar_r', 'grac_r', 'vas_lat_l', 'med_gas_l', 'soleus_l', 'tib_ant_l', 'psoas_l', 'semimem_l', 'glut_max2_l', 'rect_fem_l', 'sar_l', 'grac_l'))
  hip_flexion_r         24.6 ..    45.7 deg
  knee_angle_r          -3.9 ..    10.7 deg
  ankle_angle_r        -81.2 ..    -1.7 deg
  hip_adduction_r       -3.4 ..     4.4 deg
  subtalar_angle_r     -10.7 ..     0.0 deg
  hip_flexion_l        -16.6 ..    65.9 deg
  knee_angle_l          -8.2 ..    11.1 deg
  ankle_angle_l        -84.4 ..     9.8 deg
  hip_adduction_l      -26.0 ..    13.8 deg
  subtalar_angle_l     -14.7 ..     0.0 deg
  pelvis_tilt           -1.9 ..     1.1 deg
  pelvis_list           -0.5 ..     0.0 deg
  pelvis_rotation        2.2 ..     2.8 deg
saved spinal_run.npz
(plot skipped: 'PF_E2_r')
fitted baseline loaded: e2_pf=0.222 f1_df=0.098 f1_kf=0.148 post_kneext=0.011 post_hipext=0.068 desc_f=1.400 e2_adapt=1.700
start pose (normal): applied 20 coordinates as given; pelvis ty 0.920 m (env override unset); IMU-metric torso lean -0.0 deg (+ = back)
standing solve: nnls x in [0.00, 0.70], >0.1: 14 muscles
  top: add_long_l=0.70, tib_ant_r=0.61, tib_ant_l=0.46, ext_dig_r=0.37, glut_min1_l=0.33, pect_l=0.32, glut_min2_l=0.31, ext_dig_l=0.25
Fmax range: 5..3396 N | L range sample: [0.229942 0.326094]
t=  0.62 precursor: max|qacc|=1.22e+03 max|qvel|=31 (dof 12), ncon=0, max ctrl=0.96
t=  0.62 precursor: max|qacc|=1.25e+03 max|qvel|=31.8 (dof 12), ncon=0, max ctrl=0.96
t=  0.62 precursor: max|qacc|=1.22e+03 max|qvel|=32.3 (dof 55), ncon=0, max ctrl=0.96
t=  0.62 precursor: max|qacc|=1.12e+03 max|qvel|=32.7 (dof 55), ncon=0, max ctrl=0.96
t=  0.63 precursor: max|qacc|=962 max|qvel|=33 (dof 55), ncon=0, max ctrl=0.96
t=  0.63 precursor: max|qacc|=738 max|qvel|=33.1 (dof 55), ncon=0, max ctrl=0.96
t=  0.63 precursor: max|qacc|=3.13e+03 max|qvel|=33 (dof 55), ncon=0, max ctrl=0.96
t=  0.63 precursor: max|qacc|=4.2e+03 max|qvel|=32.8 (dof 55), ncon=0, max ctrl=0.96
t=  0.63 precursor: max|qacc|=3.75e+03 max|qvel|=32.4 (dof 55), ncon=0, max ctrl=0.96
t=  1.00 max|qacc|=     155.6 max|qvel|=   1.71 ncon=  0 com_z=0.974 com_x=-0.205
t=  1.50 max|qacc|=     313.5 max|qvel|=   2.34 ncon=  0 com_z=0.939 com_x=-0.173
t=  2.00 max|qacc|=     206.5 max|qvel|=   1.04 ncon=  0 com_z=0.954 com_x=-0.189
t=  2.50 max|qacc|=     225.4 max|qvel|=   1.67 ncon=  0 com_z=0.941 com_x=-0.177
t=  3.00 max|qacc|=      40.2 max|qvel|=   0.51 ncon=  0 com_z=0.952 com_x=-0.187
t=  3.50 max|qacc|=      75.7 max|qvel|=   0.37 ncon=  0 com_z=0.942 com_x=-0.175
t=  4.00 max|qacc|=     229.6 max|qvel|=   0.24 ncon=  0 com_z=0.948 com_x=-0.185
t=  4.50 max|qacc|=      95.3 max|qvel|=   7.37 ncon=  0 com_z=0.935 com_x=-0.162
t=  5.00 max|qacc|=      70.5 max|qvel|=   3.09 ncon=  0 com_z=0.941 com_x=-0.141
t=  5.50 max|qacc|=     105.0 max|qvel|=   2.35 ncon=  0 com_z=0.939 com_x=-0.154
t=  6.00 max|qacc|=      47.3 max|qvel|=   0.95 ncon=  0 com_z=0.936 com_x=-0.156
t=  6.50 max|qacc|=      45.5 max|qvel|=   1.02 ncon=  0 com_z=0.942 com_x=-0.147
t=  7.00 max|qacc|=     382.4 max|qvel|=   2.64 ncon=  0 com_z=0.936 com_x=-0.155
t=  7.50 max|qacc|=     129.7 max|qvel|=   1.15 ncon=  0 com_z=0.936 com_x=-0.151
t=  8.00 max|qacc|=     198.8 max|qvel|=   0.61 ncon=  0 com_z=0.940 com_x=-0.152
t=  8.50 max|qacc|=     865.6 max|qvel|=   1.36 ncon=  0 com_z=0.935 com_x=-0.152
t=  9.00 max|qacc|=      82.2 max|qvel|=   0.85 ncon=  0 com_z=0.938 com_x=-0.153
t=  9.50 max|qacc|=      44.2 max|qvel|=   0.66 ncon=  0 com_z=0.937 com_x=-0.151
t= 10.00 max|qacc|=     225.8 max|qvel|=   0.36 ncon=  0 com_z=0.936 com_x=-0.152
t= 10.50 max|qacc|=      54.4 max|qvel|=   0.20 ncon=  0 com_z=0.938 com_x=-0.152
t= 11.00 max|qacc|=      88.5 max|qvel|=   0.27 ncon=  0 com_z=0.936 com_x=-0.151
t= 11.50 max|qacc|=      51.5 max|qvel|=   0.43 ncon=  0 com_z=0.937 com_x=-0.153
t= 12.00 max|qacc|=     291.4 max|qvel|=   1.01 ncon=  0 com_z=0.937 com_x=-0.152
t= 12.50 max|qacc|=      44.9 max|qvel|=   0.16 ncon=  0 com_z=0.937 com_x=-0.151
t= 13.00 max|qacc|=      47.4 max|qvel|=   0.56 ncon=  0 com_z=0.937 com_x=-0.152
t= 13.50 max|qacc|=      14.0 max|qvel|=   0.24 ncon=  0 com_z=0.937 com_x=-0.152
t= 14.00 max|qacc|=     211.5 max|qvel|=   0.45 ncon=  0 com_z=0.937 com_x=-0.152
t= 14.50 max|qacc|=      26.9 max|qvel|=   0.39 ncon=  0 com_z=0.937 com_x=-0.152
t= 15.00 max|qacc|=      12.8 max|qvel|=   0.18 ncon=  0 com_z=0.937 com_x=-0.152
t= 15.50 max|qacc|=     339.8 max|qvel|=   0.57 ncon=  0 com_z=0.938 com_x=-0.152
t= 16.00 max|qacc|=      23.3 max|qvel|=   0.58 ncon=  0 com_z=0.938 com_x=-0.154
t= 16.50 max|qacc|=      82.5 max|qvel|=   0.91 ncon=  0 com_z=0.938 com_x=-0.156
t= 17.00 max|qacc|=     245.8 max|qvel|=   0.28 ncon=  0 com_z=0.940 com_x=-0.158
t= 17.50 max|qacc|=     624.2 max|qvel|=   0.84 ncon=  0 com_z=0.940 com_x=-0.159
t= 18.00 max|qacc|=     133.4 max|qvel|=   0.50 ncon=  0 com_z=0.940 com_x=-0.159
t= 18.50 max|qacc|=     308.1 max|qvel|=   1.18 ncon=  0 com_z=0.940 com_x=-0.159
t= 19.00 max|qacc|=      61.6 max|qvel|=   0.46 ncon=  0 com_z=0.940 com_x=-0.158
t= 19.50 max|qacc|=      99.0 max|qvel|=   0.35 ncon=  0 com_z=0.940 com_x=-0.159
t= 20.00 max|qacc|=      99.4 max|qvel|=   0.43 ncon=  0 com_z=0.940 com_x=-0.159
t= 20.50 max|qacc|=      55.7 max|qvel|=   0.24 ncon=  0 com_z=0.940 com_x=-0.159
t= 21.00 max|qacc|=      44.4 max|qvel|=   0.39 ncon=  0 com_z=0.940 com_x=-0.159
t= 21.50 max|qacc|=      24.5 max|qvel|=   0.23 ncon=  0 com_z=0.940 com_x=-0.159
t= 22.00 max|qacc|=      85.0 max|qvel|=   0.14 ncon=  0 com_z=0.940 com_x=-0.159
t= 22.50 max|qacc|=      28.1 max|qvel|=   0.11 ncon=  0 com_z=0.940 com_x=-0.158
t= 23.00 max|qacc|=      89.5 max|qvel|=   0.65 ncon=  0 com_z=0.940 com_x=-0.159
t= 23.50 max|qacc|=      36.1 max|qvel|=   0.13 ncon=  0 com_z=0.940 com_x=-0.159
t= 24.00 max|qacc|=      75.7 max|qvel|=   0.76 ncon=  0 com_z=0.940 com_x=-0.158
t= 24.50 max|qacc|=      79.5 max|qvel|=   0.27 ncon=  0 com_z=0.940 com_x=-0.159
t= 25.00 max|qacc|=      32.9 max|qvel|=   0.13 ncon=  0 com_z=0.940 com_x=-0.159
t= 25.50 max|qacc|=      13.0 max|qvel|=   0.17 ncon=  0 com_z=0.940 com_x=-0.158
t= 26.00 max|qacc|=      11.2 max|qvel|=   0.13 ncon=  0 com_z=0.940 com_x=-0.159
t= 26.50 max|qacc|=      26.0 max|qvel|=   0.29 ncon=  0 com_z=0.940 com_x=-0.159
t= 27.00 max|qacc|=      59.0 max|qvel|=   0.34 ncon=  0 com_z=0.940 com_x=-0.158
t= 27.50 max|qacc|=     431.1 max|qvel|=   2.11 ncon=  0 com_z=0.940 com_x=-0.159
t= 28.00 max|qacc|=      62.3 max|qvel|=   0.31 ncon=  0 com_z=0.940 com_x=-0.159
t= 28.50 max|qacc|=      17.9 max|qvel|=   0.13 ncon=  0 com_z=0.940 com_x=-0.159
t= 29.00 max|qacc|=      73.6 max|qvel|=   0.19 ncon=  0 com_z=0.940 com_x=-0.158
t= 29.50 max|qacc|=      26.8 max|qvel|=   0.18 ncon=  0 com_z=0.940 com_x=-0.159
t= 30.00 max|qacc|=     103.8 max|qvel|=   0.25 ncon=  0 com_z=0.940 com_x=-0.159
t= 30.50 max|qacc|=      18.5 max|qvel|=   0.18 ncon=  0 com_z=0.940 com_x=-0.158

== summary ==
pelvis/COM height: start 0.94 m, min 0.93 m, final 0.94 m  (stayed up)
COM x: min -0.21 max -0.11 final -0.16 m
COM y: min -0.035 max +0.038 m
RG_F_r bursts during walk window: 0
peak ctrl: [0.91 0.95 0.96 0.61 0.18 0.74 0.38 0.9  0.02 0.72 0.9  0.96 0.97 0.31
 0.01 0.76 0.36 0.75 0.   0.74] (('vas_lat_r', 'med_gas_r', 'soleus_r', 'tib_ant_r', 'psoas_r', 'semimem_r', 'glut_max2_r', 'rect_fem_r', 'sar_r', 'grac_r', 'vas_lat_l', 'med_gas_l', 'soleus_l', 'tib_ant_l', 'psoas_l', 'semimem_l', 'glut_max2_l', 'rect_fem_l', 'sar_l', 'grac_l'))
  hip_flexion_r        -38.9 ..    43.0 deg
  knee_angle_r         -52.4 ..    10.8 deg
  ankle_angle_r        -79.4 ..    50.9 deg
  hip_adduction_r      -34.3 ..     3.8 deg
  subtalar_angle_r     -12.4 ..    18.4 deg
  hip_flexion_l        -16.6 ..    63.3 deg
  knee_angle_l          -8.2 ..    11.0 deg
  ankle_angle_l        -84.1 ..     9.8 deg
  hip_adduction_l      -21.5 ..    14.5 deg
  subtalar_angle_l     -15.5 ..     0.0 deg
  pelvis_tilt           -1.9 ..     0.9 deg
  pelvis_list           -1.2 ..     0.0 deg
  pelvis_rotation        2.2 ..     2.8 deg
saved spinal_run.npz
(plot skipped: 'PF_E2_r')
fitted baseline loaded: e2_pf=0.222 f1_df=0.098 f1_kf=0.148 post_kneext=0.011 post_hipext=0.068 desc_f=1.400 e2_adapt=1.700
start pose (normal): applied 20 coordinates as given; pelvis ty 0.920 m (env override unset); IMU-metric torso lean -0.0 deg (+ = back)
standing solve: nnls x in [0.00, 0.70], >0.1: 14 muscles
  top: add_long_l=0.70, tib_ant_r=0.61, tib_ant_l=0.46, ext_dig_r=0.37, glut_min1_l=0.33, pect_l=0.32, glut_min2_l=0.31, ext_dig_l=0.25
Fmax range: 5..3396 N | L range sample: [0.229942 0.326094]
t=  0.62 precursor: max|qacc|=1.2e+03 max|qvel|=30.6 (dof 12), ncon=0, max ctrl=0.95
t=  0.62 precursor: max|qacc|=1.23e+03 max|qvel|=31.4 (dof 12), ncon=0, max ctrl=0.95
t=  0.62 precursor: max|qacc|=1.2e+03 max|qvel|=31.9 (dof 55), ncon=0, max ctrl=0.95
t=  0.62 precursor: max|qacc|=1.11e+03 max|qvel|=32.4 (dof 55), ncon=0, max ctrl=0.95
t=  0.63 precursor: max|qacc|=956 max|qvel|=32.6 (dof 55), ncon=0, max ctrl=0.95
t=  0.63 precursor: max|qacc|=745 max|qvel|=32.7 (dof 55), ncon=0, max ctrl=0.95
t=  0.63 precursor: max|qacc|=554 max|qvel|=32.6 (dof 55), ncon=0, max ctrl=0.95
t=  0.63 precursor: max|qacc|=4.43e+03 max|qvel|=32.3 (dof 55), ncon=0, max ctrl=0.95
t=  0.63 precursor: max|qacc|=4.15e+03 max|qvel|=32 (dof 55), ncon=0, max ctrl=0.95
t=  0.64 precursor: max|qacc|=3.21e+03 max|qvel|=31.5 (dof 55), ncon=0, max ctrl=0.95
t=  1.00 max|qacc|=     231.0 max|qvel|=   2.30 ncon=  0 com_z=0.973 com_x=-0.204
t=  1.50 max|qacc|=      92.5 max|qvel|=   2.26 ncon=  0 com_z=0.938 com_x=-0.170
t=  2.00 max|qacc|=     239.9 max|qvel|=   1.96 ncon=  0 com_z=0.954 com_x=-0.190
t=  2.50 max|qacc|=     242.4 max|qvel|=   1.04 ncon=  0 com_z=0.939 com_x=-0.173
t=  3.00 max|qacc|=      73.9 max|qvel|=   0.41 ncon=  0 com_z=0.953 com_x=-0.188
t=  3.50 max|qacc|=     735.5 max|qvel|=   0.67 ncon=  0 com_z=0.940 com_x=-0.171
t=  4.00 max|qacc|=      52.3 max|qvel|=   0.26 ncon=  0 com_z=0.949 com_x=-0.186
t=  4.50 max|qacc|=     369.1 max|qvel|=   0.64 ncon=  0 com_z=0.942 com_x=-0.172
t=  5.00 max|qacc|=      64.2 max|qvel|=   0.23 ncon=  0 com_z=0.946 com_x=-0.181
t=  5.50 max|qacc|=     110.5 max|qvel|=   0.42 ncon=  0 com_z=0.942 com_x=-0.175
t=  6.00 max|qacc|=     607.9 max|qvel|=   1.61 ncon=  0 com_z=0.945 com_x=-0.178
t=  6.50 max|qacc|=     123.5 max|qvel|=   0.40 ncon=  0 com_z=0.944 com_x=-0.176
t=  7.00 max|qacc|=      61.8 max|qvel|=   0.27 ncon=  0 com_z=0.944 com_x=-0.178
t=  7.50 max|qacc|=     778.0 max|qvel|=   1.34 ncon=  0 com_z=0.944 com_x=-0.176
t=  8.00 max|qacc|=      53.6 max|qvel|=   0.43 ncon=  0 com_z=0.944 com_x=-0.177
t=  8.50 max|qacc|=      69.7 max|qvel|=   0.51 ncon=  0 com_z=0.944 com_x=-0.178
t=  9.00 max|qacc|=      48.7 max|qvel|=   0.36 ncon=  0 com_z=0.944 com_x=-0.177
t=  9.50 max|qacc|=     562.1 max|qvel|=   1.01 ncon=  0 com_z=0.944 com_x=-0.177
t= 10.00 max|qacc|=     819.8 max|qvel|=   2.90 ncon=  0 com_z=0.944 com_x=-0.178
t= 10.50 max|qacc|=     129.7 max|qvel|=   0.65 ncon=  0 com_z=0.944 com_x=-0.176
t= 11.00 max|qacc|=     114.9 max|qvel|=   1.06 ncon=  0 com_z=0.944 com_x=-0.177
t= 11.50 max|qacc|=     249.8 max|qvel|=   0.64 ncon=  0 com_z=0.944 com_x=-0.177
t= 12.00 max|qacc|=     180.8 max|qvel|=   1.06 ncon=  0 com_z=0.944 com_x=-0.176
t= 12.50 max|qacc|=      76.3 max|qvel|=   0.56 ncon=  0 com_z=0.944 com_x=-0.178
t= 13.00 max|qacc|=      53.8 max|qvel|=   0.67 ncon=  0 com_z=0.944 com_x=-0.177
t= 13.50 max|qacc|=      90.8 max|qvel|=   1.41 ncon=  0 com_z=0.944 com_x=-0.177
t= 14.00 max|qacc|=    1069.8 max|qvel|=   1.37 ncon=  0 com_z=0.944 com_x=-0.178
t= 14.50 max|qacc|=     221.8 max|qvel|=   1.26 ncon=  0 com_z=0.944 com_x=-0.177
t= 15.00 max|qacc|=     106.2 max|qvel|=   1.42 ncon=  0 com_z=0.944 com_x=-0.177
t= 15.50 max|qacc|=      97.7 max|qvel|=   0.95 ncon=  0 com_z=0.944 com_x=-0.178
t= 16.00 max|qacc|=      91.3 max|qvel|=   0.33 ncon=  0 com_z=0.944 com_x=-0.177
t= 16.50 max|qacc|=      53.2 max|qvel|=   0.31 ncon=  0 com_z=0.945 com_x=-0.178
t= 17.00 max|qacc|=     349.0 max|qvel|=   0.83 ncon=  0 com_z=0.945 com_x=-0.180
t= 17.50 max|qacc|=      31.8 max|qvel|=   0.19 ncon=  0 com_z=0.946 com_x=-0.180
t= 18.00 max|qacc|=     351.8 max|qvel|=   1.34 ncon=  0 com_z=0.945 com_x=-0.179
t= 18.50 max|qacc|=     300.2 max|qvel|=   1.26 ncon=  0 com_z=0.945 com_x=-0.181
t= 19.00 max|qacc|=     262.8 max|qvel|=   0.43 ncon=  0 com_z=0.946 com_x=-0.179
t= 19.50 max|qacc|=      64.1 max|qvel|=   0.23 ncon=  0 com_z=0.946 com_x=-0.180
t= 20.00 max|qacc|=      86.8 max|qvel|=   0.26 ncon=  0 com_z=0.945 com_x=-0.180
t= 20.50 max|qacc|=     345.1 max|qvel|=   1.23 ncon=  0 com_z=0.946 com_x=-0.180
t= 21.00 max|qacc|=      41.9 max|qvel|=   0.29 ncon=  0 com_z=0.946 com_x=-0.179
t= 21.50 max|qacc|=     317.2 max|qvel|=   0.45 ncon=  0 com_z=0.945 com_x=-0.180
t= 22.00 max|qacc|=      94.1 max|qvel|=   0.23 ncon=  0 com_z=0.946 com_x=-0.179
t= 22.50 max|qacc|=     127.5 max|qvel|=   0.24 ncon=  0 com_z=0.945 com_x=-0.180
t= 23.00 max|qacc|=     111.4 max|qvel|=   0.47 ncon=  0 com_z=0.945 com_x=-0.180
t= 23.50 max|qacc|=     144.9 max|qvel|=   0.37 ncon=  0 com_z=0.946 com_x=-0.179
t= 24.00 max|qacc|=     460.8 max|qvel|=   0.58 ncon=  0 com_z=0.945 com_x=-0.180
t= 24.50 max|qacc|=      69.6 max|qvel|=   0.66 ncon=  0 com_z=0.945 com_x=-0.180
t= 25.00 max|qacc|=     117.2 max|qvel|=   0.54 ncon=  0 com_z=0.946 com_x=-0.179
t= 25.50 max|qacc|=      99.3 max|qvel|=   0.62 ncon=  0 com_z=0.945 com_x=-0.180
t= 26.00 max|qacc|=     332.9 max|qvel|=   0.42 ncon=  0 com_z=0.946 com_x=-0.180
t= 26.50 max|qacc|=     212.3 max|qvel|=   1.26 ncon=  0 com_z=0.946 com_x=-0.179
t= 27.00 max|qacc|=     118.2 max|qvel|=   0.97 ncon=  0 com_z=0.945 com_x=-0.180
t= 27.50 max|qacc|=     186.1 max|qvel|=   0.91 ncon=  0 com_z=0.945 com_x=-0.180
t= 28.00 max|qacc|=     252.4 max|qvel|=   0.37 ncon=  0 com_z=0.946 com_x=-0.179
t= 28.50 max|qacc|=      45.4 max|qvel|=   0.17 ncon=  0 com_z=0.945 com_x=-0.180
t= 29.00 max|qacc|=      47.5 max|qvel|=   0.17 ncon=  0 com_z=0.946 com_x=-0.180
t= 29.50 max|qacc|=      19.0 max|qvel|=   0.37 ncon=  0 com_z=0.946 com_x=-0.179
t= 30.00 max|qacc|=      80.8 max|qvel|=   0.34 ncon=  0 com_z=0.945 com_x=-0.180
t= 30.50 max|qacc|=     265.4 max|qvel|=   1.19 ncon=  0 com_z=0.946 com_x=-0.180

== summary ==
pelvis/COM height: start 0.94 m, min 0.93 m, final 0.95 m  (stayed up)
COM x: min -0.21 max -0.11 final -0.18 m
COM y: min -0.033 max +0.006 m
RG_F_r bursts during walk window: 0
peak ctrl: [0.88 0.93 0.94 0.41 0.   0.74 0.36 0.72 0.   0.67 0.87 0.94 0.96 0.32
 0.01 0.75 0.36 0.72 0.   0.68] (('vas_lat_r', 'med_gas_r', 'soleus_r', 'tib_ant_r', 'psoas_r', 'semimem_r', 'glut_max2_r', 'rect_fem_r', 'sar_r', 'grac_r', 'vas_lat_l', 'med_gas_l', 'soleus_l', 'tib_ant_l', 'psoas_l', 'semimem_l', 'glut_max2_l', 'rect_fem_l', 'sar_l', 'grac_l'))
  hip_flexion_r         24.6 ..    41.8 deg
  knee_angle_r          -3.9 ..    11.3 deg
  ankle_angle_r        -80.6 ..    -1.7 deg
  hip_adduction_r       -0.3 ..     4.1 deg
  subtalar_angle_r     -12.4 ..     0.0 deg
  hip_flexion_l        -16.6 ..    62.9 deg
  knee_angle_l          -8.2 ..    11.4 deg
  ankle_angle_l        -83.5 ..     9.8 deg
  hip_adduction_l      -18.9 ..    15.1 deg
  subtalar_angle_l     -15.5 ..     0.0 deg
  pelvis_tilt           -1.9 ..     0.9 deg
  pelvis_list           -0.6 ..     0.0 deg
  pelvis_rotation        2.1 ..     2.8 deg
saved spinal_run.npz
(plot skipped: 'PF_E2_r')
fitted baseline loaded: e2_pf=0.222 f1_df=0.098 f1_kf=0.148 post_kneext=0.011 post_hipext=0.068 desc_f=1.400 e2_adapt=1.700
start pose (normal): applied 20 coordinates as given; pelvis ty 0.920 m (env override unset); IMU-metric torso lean -0.0 deg (+ = back)
standing solve: nnls x in [0.00, 0.70], >0.1: 14 muscles
  top: add_long_l=0.70, tib_ant_r=0.61, tib_ant_l=0.46, ext_dig_r=0.37, glut_min1_l=0.33, pect_l=0.32, glut_min2_l=0.31, ext_dig_l=0.25
Fmax range: 5..3396 N | L range sample: [0.229942 0.326094]
t=  0.62 precursor: max|qacc|=1.19e+03 max|qvel|=31.1 (dof 55), ncon=0, max ctrl=1.00
t=  0.62 precursor: max|qacc|=1.19e+03 max|qvel|=32.1 (dof 55), ncon=0, max ctrl=0.99
t=  0.62 precursor: max|qacc|=1.12e+03 max|qvel|=32.8 (dof 55), ncon=0, max ctrl=0.99
t=  0.62 precursor: max|qacc|=981 max|qvel|=33.3 (dof 55), ncon=0, max ctrl=0.99
t=  0.63 precursor: max|qacc|=793 max|qvel|=33.5 (dof 55), ncon=0, max ctrl=0.99
t=  0.63 precursor: max|qacc|=549 max|qvel|=33.6 (dof 55), ncon=0, max ctrl=0.98
t=  0.63 precursor: max|qacc|=3.56e+03 max|qvel|=33.5 (dof 55), ncon=0, max ctrl=0.98
t=  0.63 precursor: max|qacc|=4.08e+03 max|qvel|=33.2 (dof 55), ncon=0, max ctrl=0.98
t=  0.63 precursor: max|qacc|=3.4e+03 max|qvel|=32.9 (dof 55), ncon=0, max ctrl=0.97
t=  1.00 max|qacc|=     157.7 max|qvel|=   1.73 ncon=  0 com_z=0.980 com_x=-0.209
t=  1.50 max|qacc|=     178.9 max|qvel|=   2.66 ncon=  0 com_z=0.942 com_x=-0.178
t=  2.00 max|qacc|=      40.0 max|qvel|=   1.24 ncon=  0 com_z=0.955 com_x=-0.190
t=  2.50 max|qacc|=     149.6 max|qvel|=   2.10 ncon=  0 com_z=0.944 com_x=-0.182
t=  3.00 max|qacc|=      37.7 max|qvel|=   0.71 ncon=  0 com_z=0.953 com_x=-0.188
t=  3.50 max|qacc|=      45.7 max|qvel|=   0.59 ncon=  0 com_z=0.944 com_x=-0.180
t=  4.00 max|qacc|=     230.8 max|qvel|=   0.37 ncon=  0 com_z=0.950 com_x=-0.187
t=  4.50 max|qacc|=      83.3 max|qvel|=   2.45 ncon=  0 com_z=0.945 com_x=-0.180
t=  5.00 max|qacc|=     809.7 max|qvel|=   4.30 ncon=  0 com_z=0.964 com_x=-0.117
t=  5.50 max|qacc|=     311.4 max|qvel|=   3.47 ncon=  0 com_z=0.948 com_x=-0.171
t=  6.00 max|qacc|=      34.7 max|qvel|=   2.71 ncon=  0 com_z=0.941 com_x=-0.144
t=  6.50 max|qacc|=     163.4 max|qvel|=   2.03 ncon=  0 com_z=0.942 com_x=-0.156
t=  7.00 max|qacc|=      30.0 max|qvel|=   0.27 ncon=  0 com_z=0.936 com_x=-0.156
t=  7.50 max|qacc|=      16.8 max|qvel|=   1.16 ncon=  0 com_z=0.944 com_x=-0.153
t=  8.00 max|qacc|=      31.5 max|qvel|=   1.43 ncon=  0 com_z=0.938 com_x=-0.153
t=  8.50 max|qacc|=      22.7 max|qvel|=   0.79 ncon=  0 com_z=0.936 com_x=-0.155
t=  9.00 max|qacc|=      25.3 max|qvel|=   0.29 ncon=  0 com_z=0.942 com_x=-0.154
t=  9.50 max|qacc|=      23.3 max|qvel|=   0.66 ncon=  0 com_z=0.937 com_x=-0.152
t= 10.00 max|qacc|=      29.5 max|qvel|=   0.67 ncon=  0 com_z=0.939 com_x=-0.155
t= 10.50 max|qacc|=      72.3 max|qvel|=   0.98 ncon=  0 com_z=0.940 com_x=-0.154
t= 11.00 max|qacc|=      86.1 max|qvel|=   0.71 ncon=  0 com_z=0.937 com_x=-0.153
t= 11.50 max|qacc|=     206.7 max|qvel|=   1.95 ncon=  0 com_z=0.939 com_x=-0.155
t= 12.00 max|qacc|=     137.3 max|qvel|=   0.56 ncon=  0 com_z=0.939 com_x=-0.153
t= 12.50 max|qacc|=      81.3 max|qvel|=   0.66 ncon=  0 com_z=0.938 com_x=-0.154
t= 13.00 max|qacc|=     296.9 max|qvel|=   1.28 ncon=  0 com_z=0.939 com_x=-0.154
t= 13.50 max|qacc|=      52.1 max|qvel|=   0.27 ncon=  0 com_z=0.938 com_x=-0.154
t= 14.00 max|qacc|=     108.4 max|qvel|=   0.33 ncon=  0 com_z=0.939 com_x=-0.154
t= 14.50 max|qacc|=      72.8 max|qvel|=   0.21 ncon=  0 com_z=0.939 com_x=-0.154
t= 15.00 max|qacc|=      19.1 max|qvel|=   0.19 ncon=  0 com_z=0.938 com_x=-0.154
t= 15.50 max|qacc|=      25.8 max|qvel|=   0.39 ncon=  0 com_z=0.939 com_x=-0.154
t= 16.00 max|qacc|=      97.4 max|qvel|=   0.60 ncon=  0 com_z=0.939 com_x=-0.155
t= 16.50 max|qacc|=     186.9 max|qvel|=   0.65 ncon=  0 com_z=0.939 com_x=-0.157
t= 17.00 max|qacc|=      47.5 max|qvel|=   0.19 ncon=  0 com_z=0.942 com_x=-0.159
t= 17.50 max|qacc|=       6.0 max|qvel|=   0.13 ncon=  0 com_z=0.941 com_x=-0.160
t= 18.00 max|qacc|=      19.3 max|qvel|=   0.34 ncon=  0 com_z=0.941 com_x=-0.160
t= 18.50 max|qacc|=      36.7 max|qvel|=   0.19 ncon=  0 com_z=0.942 com_x=-0.159
t= 19.00 max|qacc|=      12.6 max|qvel|=   0.11 ncon=  0 com_z=0.941 com_x=-0.160
t= 19.50 max|qacc|=      19.6 max|qvel|=   0.21 ncon=  0 com_z=0.941 com_x=-0.160
t= 20.00 max|qacc|=     126.1 max|qvel|=   0.20 ncon=  0 com_z=0.942 com_x=-0.159
t= 20.50 max|qacc|=      43.4 max|qvel|=   0.39 ncon=  0 com_z=0.941 com_x=-0.160
t= 21.00 max|qacc|=      51.7 max|qvel|=   0.23 ncon=  0 com_z=0.941 com_x=-0.160
t= 21.50 max|qacc|=      53.2 max|qvel|=   0.18 ncon=  0 com_z=0.942 com_x=-0.160
t= 22.00 max|qacc|=      39.7 max|qvel|=   0.28 ncon=  0 com_z=0.942 com_x=-0.160
t= 22.50 max|qacc|=      46.7 max|qvel|=   0.29 ncon=  0 com_z=0.941 com_x=-0.161
t= 23.00 max|qacc|=      22.7 max|qvel|=   0.10 ncon=  0 com_z=0.942 com_x=-0.160
t= 23.50 max|qacc|=      11.0 max|qvel|=   0.22 ncon=  0 com_z=0.942 com_x=-0.159
t= 24.00 max|qacc|=      21.9 max|qvel|=   0.23 ncon=  0 com_z=0.941 com_x=-0.160
t= 24.50 max|qacc|=      56.6 max|qvel|=   0.23 ncon=  0 com_z=0.942 com_x=-0.160
t= 25.00 max|qacc|=       9.5 max|qvel|=   0.28 ncon=  0 com_z=0.941 com_x=-0.159
t= 25.50 max|qacc|=      36.5 max|qvel|=   0.17 ncon=  0 com_z=0.941 com_x=-0.160
t= 26.00 max|qacc|=     100.2 max|qvel|=   0.11 ncon=  0 com_z=0.942 com_x=-0.160
t= 26.50 max|qacc|=      11.9 max|qvel|=   0.15 ncon=  0 com_z=0.942 com_x=-0.160
t= 27.00 max|qacc|=     121.8 max|qvel|=   0.88 ncon=  0 com_z=0.941 com_x=-0.160
t= 27.50 max|qacc|=     151.2 max|qvel|=   0.17 ncon=  0 com_z=0.942 com_x=-0.160
t= 28.00 max|qacc|=      26.8 max|qvel|=   0.29 ncon=  0 com_z=0.942 com_x=-0.159
t= 28.50 max|qacc|=      22.9 max|qvel|=   0.31 ncon=  0 com_z=0.941 com_x=-0.160
t= 29.00 max|qacc|=     195.0 max|qvel|=   0.20 ncon=  0 com_z=0.942 com_x=-0.160
t= 29.50 max|qacc|=      20.5 max|qvel|=   0.17 ncon=  0 com_z=0.942 com_x=-0.159
t= 30.00 max|qacc|=      57.7 max|qvel|=   0.73 ncon=  0 com_z=0.941 com_x=-0.160
t= 30.50 max|qacc|=      26.2 max|qvel|=   0.15 ncon=  0 com_z=0.941 com_x=-0.160

== summary ==
pelvis/COM height: start 0.94 m, min 0.93 m, final 0.94 m  (stayed up)
COM x: min -0.21 max -0.11 final -0.16 m
COM y: min -0.039 max +0.044 m
RG_F_r bursts during walk window: 2
RG_r: cycles in window 2, period 0.26 s (3.88 Hz), E-duty 0.96
peak ctrl: [0.94 0.98 0.99 0.7  0.31 0.76 0.46 0.92 0.16 0.78 0.94 0.99 1.   0.38
 0.01 0.77 0.43 0.79 0.01 0.79] (('vas_lat_r', 'med_gas_r', 'soleus_r', 'tib_ant_r', 'psoas_r', 'semimem_r', 'glut_max2_r', 'rect_fem_r', 'sar_r', 'grac_r', 'vas_lat_l', 'med_gas_l', 'soleus_l', 'tib_ant_l', 'psoas_l', 'semimem_l', 'glut_max2_l', 'rect_fem_l', 'sar_l', 'grac_l'))
  hip_flexion_r        -47.5 ..    45.8 deg
  knee_angle_r         -60.2 ..    13.0 deg
  ankle_angle_r        -80.3 ..    50.3 deg
  hip_adduction_r      -37.7 ..    20.8 deg
  subtalar_angle_r     -11.5 ..    20.8 deg
  hip_flexion_l        -16.6 ..    66.1 deg
  knee_angle_l          -8.2 ..    11.2 deg
  ankle_angle_l        -85.6 ..     9.8 deg
  hip_adduction_l      -27.5 ..    13.8 deg
  subtalar_angle_l     -15.4 ..     0.0 deg
  pelvis_tilt           -1.9 ..     1.1 deg
  pelvis_list           -1.7 ..     0.2 deg
  pelvis_rotation        2.1 ..     2.8 deg
saved spinal_run.npz
(plot skipped: 'PF_E2_r')
fitted baseline loaded: e2_pf=0.222 f1_df=0.098 f1_kf=0.148 post_kneext=0.011 post_hipext=0.068 desc_f=1.400 e2_adapt=1.700
start pose (normal): applied 20 coordinates as given; pelvis ty 0.920 m (env override unset); IMU-metric torso lean -0.0 deg (+ = back)
standing solve: nnls x in [0.00, 0.70], >0.1: 14 muscles
  top: add_long_l=0.70, tib_ant_r=0.61, tib_ant_l=0.46, ext_dig_r=0.37, glut_min1_l=0.33, pect_l=0.32, glut_min2_l=0.31, ext_dig_l=0.25
Fmax range: 5..3396 N | L range sample: [0.229942 0.326094]
t=  0.62 precursor: max|qacc|=1.23e+03 max|qvel|=30.7 (dof 55), ncon=0, max ctrl=0.97
t=  0.62 precursor: max|qacc|=1.25e+03 max|qvel|=31.7 (dof 55), ncon=0, max ctrl=0.97
t=  0.62 precursor: max|qacc|=1.19e+03 max|qvel|=32.3 (dof 55), ncon=0, max ctrl=0.97
t=  0.62 precursor: max|qacc|=1.08e+03 max|qvel|=32.8 (dof 55), ncon=0, max ctrl=0.97
t=  0.63 precursor: max|qacc|=906 max|qvel|=33.1 (dof 55), ncon=0, max ctrl=0.97
t=  0.63 precursor: max|qacc|=674 max|qvel|=33.1 (dof 55), ncon=0, max ctrl=0.97
t=  0.63 precursor: max|qacc|=2.93e+03 max|qvel|=33 (dof 55), ncon=0, max ctrl=0.97
t=  0.63 precursor: max|qacc|=4.18e+03 max|qvel|=32.8 (dof 55), ncon=0, max ctrl=0.97
t=  0.63 precursor: max|qacc|=3.74e+03 max|qvel|=32.5 (dof 55), ncon=0, max ctrl=0.97
t=  1.00 max|qacc|=      32.6 max|qvel|=   1.76 ncon=  0 com_z=0.976 com_x=-0.206
t=  1.50 max|qacc|=     551.4 max|qvel|=   2.45 ncon=  0 com_z=0.940 com_x=-0.175
t=  2.00 max|qacc|=     298.0 max|qvel|=   1.07 ncon=  0 com_z=0.954 com_x=-0.190
t=  2.50 max|qacc|=      79.7 max|qvel|=   0.77 ncon=  0 com_z=0.942 com_x=-0.177
t=  3.00 max|qacc|=      51.9 max|qvel|=   0.53 ncon=  0 com_z=0.953 com_x=-0.188
t=  3.50 max|qacc|=     335.8 max|qvel|=   0.41 ncon=  0 com_z=0.942 com_x=-0.176
t=  4.00 max|qacc|=     424.7 max|qvel|=   5.30 ncon=  0 com_z=0.950 com_x=-0.186
t=  4.50 max|qacc|=     165.4 max|qvel|=   7.39 ncon=  0 com_z=0.941 com_x=-0.170
t=  5.00 max|qacc|=      61.8 max|qvel|=  13.60 ncon=  0 com_z=0.949 com_x=-0.126
t=  5.50 max|qacc|=     337.5 max|qvel|=   3.09 ncon=  0 com_z=0.939 com_x=-0.165
t=  6.00 max|qacc|=      19.5 max|qvel|=   1.82 ncon=  0 com_z=0.935 com_x=-0.151
t=  6.50 max|qacc|=     570.3 max|qvel|=   2.24 ncon=  0 com_z=0.946 com_x=-0.150
t=  7.00 max|qacc|=     107.1 max|qvel|=   1.24 ncon=  0 com_z=0.935 com_x=-0.154
t=  7.50 max|qacc|=      40.4 max|qvel|=   1.77 ncon=  0 com_z=0.938 com_x=-0.152
t=  8.00 max|qacc|=     174.6 max|qvel|=   1.29 ncon=  0 com_z=0.939 com_x=-0.152
t=  8.50 max|qacc|=      61.9 max|qvel|=   0.56 ncon=  0 com_z=0.935 com_x=-0.152
t=  9.00 max|qacc|=      71.1 max|qvel|=   0.58 ncon=  0 com_z=0.941 com_x=-0.153
t=  9.50 max|qacc|=      82.6 max|qvel|=   1.28 ncon=  0 com_z=0.936 com_x=-0.151
t= 10.00 max|qacc|=     692.3 max|qvel|=   1.34 ncon=  0 com_z=0.937 com_x=-0.153
t= 10.50 max|qacc|=      89.2 max|qvel|=   0.35 ncon=  0 com_z=0.938 com_x=-0.152
t= 11.00 max|qacc|=      22.8 max|qvel|=   0.14 ncon=  0 com_z=0.936 com_x=-0.152
t= 11.50 max|qacc|=     134.1 max|qvel|=   0.96 ncon=  0 com_z=0.938 com_x=-0.152
t= 12.00 max|qacc|=      48.2 max|qvel|=   0.39 ncon=  0 com_z=0.937 com_x=-0.152
t= 12.50 max|qacc|=     363.7 max|qvel|=   0.38 ncon=  0 com_z=0.937 com_x=-0.153
t= 13.00 max|qacc|=     108.4 max|qvel|=   0.50 ncon=  0 com_z=0.938 com_x=-0.151
t= 13.50 max|qacc|=     303.4 max|qvel|=   2.41 ncon=  0 com_z=0.936 com_x=-0.152
t= 14.00 max|qacc|=     125.0 max|qvel|=   0.21 ncon=  0 com_z=0.937 com_x=-0.153
t= 14.50 max|qacc|=     243.5 max|qvel|=   0.54 ncon=  0 com_z=0.938 com_x=-0.151
t= 15.00 max|qacc|=     138.0 max|qvel|=   0.61 ncon=  0 com_z=0.936 com_x=-0.153
t= 15.50 max|qacc|=      27.4 max|qvel|=   0.48 ncon=  0 com_z=0.938 com_x=-0.153
t= 16.00 max|qacc|=     334.7 max|qvel|=   0.97 ncon=  0 com_z=0.938 com_x=-0.154
t= 16.50 max|qacc|=      32.0 max|qvel|=   0.28 ncon=  0 com_z=0.939 com_x=-0.156
t= 17.00 max|qacc|=      99.2 max|qvel|=   0.18 ncon=  0 com_z=0.940 com_x=-0.159
t= 17.50 max|qacc|=      14.7 max|qvel|=   0.17 ncon=  0 com_z=0.941 com_x=-0.159
t= 18.00 max|qacc|=     109.9 max|qvel|=   0.24 ncon=  0 com_z=0.940 com_x=-0.159
t= 18.50 max|qacc|=      40.3 max|qvel|=   0.24 ncon=  0 com_z=0.940 com_x=-0.160
t= 19.00 max|qacc|=     208.0 max|qvel|=   0.36 ncon=  0 com_z=0.941 com_x=-0.159
t= 19.50 max|qacc|=      42.7 max|qvel|=   0.10 ncon=  0 com_z=0.941 com_x=-0.159
t= 20.00 max|qacc|=      56.2 max|qvel|=   0.45 ncon=  0 com_z=0.940 com_x=-0.160
t= 20.50 max|qacc|=      22.9 max|qvel|=   0.18 ncon=  0 com_z=0.941 com_x=-0.159
t= 21.00 max|qacc|=      65.3 max|qvel|=   0.73 ncon=  0 com_z=0.941 com_x=-0.159
t= 21.50 max|qacc|=      62.4 max|qvel|=   0.52 ncon=  0 com_z=0.940 com_x=-0.159
t= 22.00 max|qacc|=      44.6 max|qvel|=   0.15 ncon=  0 com_z=0.941 com_x=-0.159
t= 22.50 max|qacc|=      36.0 max|qvel|=   0.32 ncon=  0 com_z=0.940 com_x=-0.159
t= 23.00 max|qacc|=      25.6 max|qvel|=   0.12 ncon=  0 com_z=0.940 com_x=-0.159
t= 23.50 max|qacc|=       8.9 max|qvel|=   0.13 ncon=  0 com_z=0.940 com_x=-0.160
t= 24.00 max|qacc|=      11.2 max|qvel|=   0.17 ncon=  0 com_z=0.941 com_x=-0.159
t= 24.50 max|qacc|=     140.0 max|qvel|=   0.18 ncon=  0 com_z=0.940 com_x=-0.159
t= 25.00 max|qacc|=     101.0 max|qvel|=   0.22 ncon=  0 com_z=0.940 com_x=-0.160
t= 25.50 max|qacc|=      89.3 max|qvel|=   0.15 ncon=  0 com_z=0.941 com_x=-0.159
t= 26.00 max|qacc|=      42.3 max|qvel|=   0.31 ncon=  0 com_z=0.941 com_x=-0.159
t= 26.50 max|qacc|=     191.3 max|qvel|=   0.21 ncon=  0 com_z=0.940 com_x=-0.160
t= 27.00 max|qacc|=     103.9 max|qvel|=   0.73 ncon=  0 com_z=0.941 com_x=-0.159
t= 27.50 max|qacc|=      23.8 max|qvel|=   0.13 ncon=  0 com_z=0.941 com_x=-0.159
t= 28.00 max|qacc|=     180.6 max|qvel|=   0.13 ncon=  0 com_z=0.940 com_x=-0.160
t= 28.50 max|qacc|=    1128.3 max|qvel|=   1.04 ncon=  0 com_z=0.940 com_x=-0.159
t= 29.00 max|qacc|=    1113.1 max|qvel|=   1.45 ncon=  0 com_z=0.941 com_x=-0.159
t= 29.50 max|qacc|=      50.4 max|qvel|=   0.11 ncon=  0 com_z=0.940 com_x=-0.159
t= 30.00 max|qacc|=      68.0 max|qvel|=   0.17 ncon=  0 com_z=0.940 com_x=-0.160
t= 30.50 max|qacc|=      43.1 max|qvel|=   0.18 ncon=  0 com_z=0.941 com_x=-0.159

== summary ==
pelvis/COM height: start 0.94 m, min 0.93 m, final 0.94 m  (stayed up)
COM x: min -0.21 max -0.11 final -0.16 m
COM y: min -0.036 max +0.043 m
RG_F_r bursts during walk window: 0
peak ctrl: [0.91 0.96 0.97 0.62 0.2  0.75 0.39 0.91 0.07 0.73 0.9  0.97 0.98 0.36
 0.02 0.77 0.39 0.76 0.01 0.75] (('vas_lat_r', 'med_gas_r', 'soleus_r', 'tib_ant_r', 'psoas_r', 'semimem_r', 'glut_max2_r', 'rect_fem_r', 'sar_r', 'grac_r', 'vas_lat_l', 'med_gas_l', 'soleus_l', 'tib_ant_l', 'psoas_l', 'semimem_l', 'glut_max2_l', 'rect_fem_l', 'sar_l', 'grac_l'))
  hip_flexion_r        -40.9 ..    43.7 deg
  knee_angle_r         -51.9 ..    13.3 deg
  ankle_angle_r        -79.5 ..    50.8 deg
  hip_adduction_r      -35.9 ..     9.2 deg
  subtalar_angle_r     -12.0 ..    19.5 deg
  hip_flexion_l        -16.6 ..    64.4 deg
  knee_angle_l          -8.2 ..    11.0 deg
  ankle_angle_l        -84.0 ..     9.8 deg
  hip_adduction_l      -23.6 ..    14.1 deg
  subtalar_angle_l     -15.5 ..     0.0 deg
  pelvis_tilt           -1.9 ..     1.0 deg
  pelvis_list           -1.4 ..     0.0 deg
  pelvis_rotation        2.1 ..     2.8 deg
saved spinal_run.npz
(plot skipped: 'PF_E2_r')
fitted baseline loaded: e2_pf=0.222 f1_df=0.098 f1_kf=0.148 post_kneext=0.011 post_hipext=0.068 desc_f=1.400 e2_adapt=1.700
start pose (normal): applied 20 coordinates as given; pelvis ty 0.920 m (env override unset); IMU-metric torso lean -0.0 deg (+ = back)
standing solve: nnls x in [0.00, 0.70], >0.1: 14 muscles
  top: add_long_l=0.70, tib_ant_r=0.61, tib_ant_l=0.46, ext_dig_r=0.37, glut_min1_l=0.33, pect_l=0.32, glut_min2_l=0.31, ext_dig_l=0.25
Fmax range: 5..3396 N | L range sample: [0.229942 0.326094]
t=  0.62 precursor: max|qacc|=1.18e+03 max|qvel|=30.5 (dof 55), ncon=0, max ctrl=1.00
t=  0.62 precursor: max|qacc|=1.16e+03 max|qvel|=31.4 (dof 55), ncon=0, max ctrl=1.00
t=  0.62 precursor: max|qacc|=1.06e+03 max|qvel|=31.9 (dof 55), ncon=0, max ctrl=1.00
t=  0.62 precursor: max|qacc|=907 max|qvel|=32.3 (dof 55), ncon=0, max ctrl=1.00
t=  0.63 precursor: max|qacc|=702 max|qvel|=32.4 (dof 55), ncon=0, max ctrl=1.00
t=  0.63 precursor: max|qacc|=449 max|qvel|=32.2 (dof 55), ncon=0, max ctrl=0.99
t=  0.63 precursor: max|qacc|=3.63e+03 max|qvel|=32 (dof 55), ncon=0, max ctrl=0.99
t=  0.63 precursor: max|qacc|=4.07e+03 max|qvel|=31.6 (dof 55), ncon=0, max ctrl=0.98
t=  0.63 precursor: max|qacc|=3.26e+03 max|qvel|=31.2 (dof 55), ncon=0, max ctrl=0.98
t=  1.00 max|qacc|=     371.1 max|qvel|=   1.85 ncon=  0 com_z=0.981 com_x=-0.210
t=  1.50 max|qacc|=      76.2 max|qvel|=   2.63 ncon=  0 com_z=0.943 com_x=-0.180
t=  2.00 max|qacc|=     329.4 max|qvel|=   2.01 ncon=  0 com_z=0.955 com_x=-0.191
t=  2.50 max|qacc|=      39.2 max|qvel|=   0.93 ncon=  0 com_z=0.945 com_x=-0.184
t=  3.00 max|qacc|=     449.9 max|qvel|=   0.81 ncon=  0 com_z=0.954 com_x=-0.189
t=  3.50 max|qacc|=     721.5 max|qvel|=   0.82 ncon=  0 com_z=0.945 com_x=-0.182
t=  4.00 max|qacc|=      71.8 max|qvel|=   0.47 ncon=  0 com_z=0.951 com_x=-0.188
t=  4.50 max|qacc|=     106.5 max|qvel|=   0.47 ncon=  0 com_z=0.946 com_x=-0.182
t=  5.00 max|qacc|=      45.6 max|qvel|=   5.19 ncon=  0 com_z=0.943 com_x=-0.137
t=  5.50 max|qacc|=     125.5 max|qvel|=   5.13 ncon=  0 com_z=0.943 com_x=-0.168
t=  6.00 max|qacc|=     156.5 max|qvel|=   2.35 ncon=  0 com_z=0.959 com_x=-0.124
t=  6.50 max|qacc|=     242.4 max|qvel|=   3.12 ncon=  0 com_z=0.961 com_x=-0.184
t=  7.00 max|qacc|=      76.8 max|qvel|=  17.78 ncon=  0 com_z=0.960 com_x=-0.128
t=  7.50 max|qacc|=     216.0 max|qvel|=   7.52 ncon=  0 com_z=0.975 com_x=-0.173
t=  8.00 max|qacc|=     262.4 max|qvel|=   5.61 ncon=  0 com_z=0.934 com_x=-0.149
t=  8.50 max|qacc|=     295.8 max|qvel|=   7.81 ncon=  0 com_z=0.950 com_x=-0.168
t=  9.00 max|qacc|=      42.6 max|qvel|=   4.59 ncon=  0 com_z=0.958 com_x=-0.176
t=  9.50 max|qacc|=     121.0 max|qvel|=   4.32 ncon=  0 com_z=0.942 com_x=-0.155
t= 10.00 max|qacc|=     202.7 max|qvel|=   2.27 ncon=  0 com_z=0.974 com_x=-0.126
t= 10.50 max|qacc|=     165.3 max|qvel|=   2.97 ncon=  0 com_z=0.966 com_x=-0.189
t= 11.00 max|qacc|=     302.2 max|qvel|=   1.97 ncon=  0 com_z=0.962 com_x=-0.113
t= 11.50 max|qacc|=      82.1 max|qvel|=   5.02 ncon=  0 com_z=0.976 com_x=-0.198
t= 12.00 max|qacc|=     280.2 max|qvel|=   4.33 ncon=  0 com_z=0.934 com_x=-0.125
t= 12.50 max|qacc|=     220.3 max|qvel|=   3.51 ncon=  0 com_z=0.997 com_x=-0.132
t= 13.00 max|qacc|=     106.5 max|qvel|=   3.26 ncon=  0 com_z=0.955 com_x=-0.171
t= 13.50 max|qacc|=      39.4 max|qvel|=   2.10 ncon=  0 com_z=0.963 com_x=-0.123
t= 14.00 max|qacc|=      37.4 max|qvel|=   4.66 ncon=  0 com_z=0.969 com_x=-0.191
t= 14.50 max|qacc|=     401.3 max|qvel|=   5.49 ncon=  0 com_z=0.937 com_x=-0.124
t= 15.00 max|qacc|=     324.1 max|qvel|=   2.84 ncon=  0 com_z=0.995 com_x=-0.136
t= 15.50 max|qacc|=     375.5 max|qvel|=   3.52 ncon=  0 com_z=0.952 com_x=-0.169
t= 16.00 max|qacc|=     652.9 max|qvel|=   2.08 ncon=  0 com_z=0.963 com_x=-0.134
t= 16.50 max|qacc|=      68.7 max|qvel|=   2.54 ncon=  0 com_z=0.940 com_x=-0.135
t= 17.00 max|qacc|=      60.0 max|qvel|=   0.59 ncon=  0 com_z=0.942 com_x=-0.141
t= 17.50 max|qacc|=     165.9 max|qvel|=   1.12 ncon=  0 com_z=0.946 com_x=-0.141
t= 18.00 max|qacc|=      82.1 max|qvel|=   0.77 ncon=  0 com_z=0.946 com_x=-0.141
t= 18.50 max|qacc|=      76.1 max|qvel|=   0.30 ncon=  0 com_z=0.941 com_x=-0.140
t= 19.00 max|qacc|=      25.1 max|qvel|=   0.43 ncon=  0 com_z=0.943 com_x=-0.143
t= 19.50 max|qacc|=      53.6 max|qvel|=   0.27 ncon=  0 com_z=0.944 com_x=-0.140
t= 20.00 max|qacc|=     168.1 max|qvel|=   0.49 ncon=  0 com_z=0.943 com_x=-0.141
t= 20.50 max|qacc|=      91.5 max|qvel|=   0.34 ncon=  0 com_z=0.943 com_x=-0.141
t= 21.00 max|qacc|=     131.1 max|qvel|=   0.41 ncon=  0 com_z=0.944 com_x=-0.141
t= 21.50 max|qacc|=     224.1 max|qvel|=   0.84 ncon=  0 com_z=0.943 com_x=-0.141
t= 22.00 max|qacc|=      13.7 max|qvel|=   0.22 ncon=  0 com_z=0.943 com_x=-0.142
t= 22.50 max|qacc|=      75.4 max|qvel|=   0.19 ncon=  0 com_z=0.943 com_x=-0.140
t= 23.00 max|qacc|=      12.1 max|qvel|=   0.11 ncon=  0 com_z=0.943 com_x=-0.141
t= 23.50 max|qacc|=      99.5 max|qvel|=   0.16 ncon=  0 com_z=0.943 com_x=-0.141
t= 24.00 max|qacc|=     166.1 max|qvel|=   0.77 ncon=  0 com_z=0.944 com_x=-0.140
t= 24.50 max|qacc|=      53.2 max|qvel|=   0.55 ncon=  0 com_z=0.943 com_x=-0.141
t= 25.00 max|qacc|=      44.2 max|qvel|=   0.65 ncon=  0 com_z=0.943 com_x=-0.141
t= 25.50 max|qacc|=     109.2 max|qvel|=   0.15 ncon=  0 com_z=0.944 com_x=-0.140
t= 26.00 max|qacc|=      39.1 max|qvel|=   0.27 ncon=  0 com_z=0.943 com_x=-0.141
t= 26.50 max|qacc|=      97.8 max|qvel|=   0.48 ncon=  0 com_z=0.943 com_x=-0.141
t= 27.00 max|qacc|=     148.1 max|qvel|=   0.99 ncon=  0 com_z=0.943 com_x=-0.140
t= 27.50 max|qacc|=     299.5 max|qvel|=   0.21 ncon=  0 com_z=0.943 com_x=-0.141
t= 28.00 max|qacc|=      46.8 max|qvel|=   0.12 ncon=  0 com_z=0.944 com_x=-0.141
t= 28.50 max|qacc|=      79.7 max|qvel|=   0.36 ncon=  0 com_z=0.943 com_x=-0.140
t= 29.00 max|qacc|=      19.7 max|qvel|=   0.33 ncon=  0 com_z=0.943 com_x=-0.141
t= 29.50 max|qacc|=     416.3 max|qvel|=   0.27 ncon=  0 com_z=0.944 com_x=-0.141
t= 30.00 max|qacc|=      13.0 max|qvel|=   0.09 ncon=  0 com_z=0.943 com_x=-0.141
t= 30.50 max|qacc|=      19.0 max|qvel|=   0.24 ncon=  0 com_z=0.943 com_x=-0.141

== summary ==
pelvis/COM height: start 0.94 m, min 0.93 m, final 0.94 m  (stayed up)
COM x: min -0.21 max -0.11 final -0.14 m
COM y: min -0.048 max +0.045 m
RG_F_r bursts during walk window: 11
RG_r: cycles in window 11, period 0.90 s (1.11 Hz), E-duty 0.60
RG_l: cycles in window 9, period 0.86 s (1.16 Hz), E-duty 0.69
peak ctrl: [0.96 0.99 1.   0.84 0.35 0.78 0.49 0.93 0.21 0.87 0.95 1.   1.   0.69
 0.33 0.77 0.46 0.92 0.17 0.86] (('vas_lat_r', 'med_gas_r', 'soleus_r', 'tib_ant_r', 'psoas_r', 'semimem_r', 'glut_max2_r', 'rect_fem_r', 'sar_r', 'grac_r', 'vas_lat_l', 'med_gas_l', 'soleus_l', 'tib_ant_l', 'psoas_l', 'semimem_l', 'glut_max2_l', 'rect_fem_l', 'sar_l', 'grac_l'))
  hip_flexion_r        -48.2 ..    80.3 deg
  knee_angle_r         -63.4 ..    12.9 deg
  ankle_angle_r        -85.1 ..    52.1 deg
  hip_adduction_r      -52.3 ..    24.7 deg
  subtalar_angle_r     -10.6 ..    21.1 deg
  hip_flexion_l        -49.4 ..    71.3 deg
  knee_angle_l         -66.0 ..    12.9 deg
  ankle_angle_l        -86.3 ..    51.6 deg
  hip_adduction_l      -38.1 ..    21.8 deg
  subtalar_angle_l     -14.1 ..    16.8 deg
  pelvis_tilt           -1.9 ..     1.1 deg
  pelvis_list           -1.4 ..     0.5 deg
  pelvis_rotation        1.3 ..     3.2 deg
saved spinal_run.npz
(plot skipped: 'PF_E2_r')
fitted baseline loaded: e2_pf=0.222 f1_df=0.098 f1_kf=0.148 post_kneext=0.011 post_hipext=0.068 desc_f=1.400 e2_adapt=1.700
start pose (normal): applied 20 coordinates as given; pelvis ty 0.920 m (env override unset); IMU-metric torso lean -0.0 deg (+ = back)
standing solve: nnls x in [0.00, 0.70], >0.1: 14 muscles
  top: add_long_l=0.70, tib_ant_r=0.61, tib_ant_l=0.46, ext_dig_r=0.37, glut_min1_l=0.33, pect_l=0.32, glut_min2_l=0.31, ext_dig_l=0.25
Fmax range: 5..3396 N | L range sample: [0.229942 0.326094]
t=  0.62 precursor: max|qacc|=1.12e+03 max|qvel|=30.5 (dof 55), ncon=0, max ctrl=1.00
t=  0.62 precursor: max|qacc|=1.02e+03 max|qvel|=31 (dof 55), ncon=0, max ctrl=1.00
t=  0.62 precursor: max|qacc|=867 max|qvel|=31.3 (dof 55), ncon=0, max ctrl=1.00
t=  0.63 precursor: max|qacc|=668 max|qvel|=31.4 (dof 55), ncon=0, max ctrl=1.00
t=  0.63 precursor: max|qacc|=424 max|qvel|=31.3 (dof 55), ncon=0, max ctrl=1.00
t=  0.63 precursor: max|qacc|=3.39e+03 max|qvel|=31.1 (dof 55), ncon=0, max ctrl=1.00
t=  0.63 precursor: max|qacc|=4.01e+03 max|qvel|=30.8 (dof 55), ncon=0, max ctrl=1.00
t=  0.63 precursor: max|qacc|=3.18e+03 max|qvel|=30.4 (dof 55), ncon=0, max ctrl=1.00
t=  1.00 max|qacc|=     416.2 max|qvel|=   1.87 ncon=  0 com_z=0.982 com_x=-0.211
t=  1.50 max|qacc|=      37.2 max|qvel|=   2.76 ncon=  0 com_z=0.944 com_x=-0.182
t=  2.00 max|qacc|=     226.7 max|qvel|=   1.29 ncon=  0 com_z=0.956 com_x=-0.191
t=  2.50 max|qacc|=      73.1 max|qvel|=   1.06 ncon=  0 com_z=0.946 com_x=-0.185
t=  3.00 max|qacc|=      43.7 max|qvel|=   0.79 ncon=  0 com_z=0.954 com_x=-0.189
t=  3.50 max|qacc|=      30.5 max|qvel|=   0.72 ncon=  0 com_z=0.946 com_x=-0.183
t=  4.00 max|qacc|=     187.9 max|qvel|=   0.51 ncon=  0 com_z=0.952 com_x=-0.188
t=  4.50 max|qacc|=     497.9 max|qvel|=   4.03 ncon=  0 com_z=0.946 com_x=-0.182
t=  5.00 max|qacc|=     182.4 max|qvel|=   7.23 ncon=  0 com_z=0.949 com_x=-0.185
t=  5.50 max|qacc|=     210.5 max|qvel|=  13.45 ncon=  0 com_z=0.957 com_x=-0.115
t=  6.00 max|qacc|=     127.0 max|qvel|=   6.54 ncon=  0 com_z=0.971 com_x=-0.196
t=  6.50 max|qacc|=      76.0 max|qvel|=  18.90 ncon=  0 com_z=0.939 com_x=-0.123
t=  7.00 max|qacc|=     234.7 max|qvel|=   8.05 ncon=  0 com_z=0.961 com_x=-0.190
t=  7.50 max|qacc|=    2040.2 max|qvel|=   7.72 ncon=  0 com_z=0.933 com_x=-0.132
t=  8.00 max|qacc|=      31.3 max|qvel|=  10.53 ncon=  0 com_z=0.963 com_x=-0.179
t=  8.50 max|qacc|=     233.5 max|qvel|=   6.60 ncon=  0 com_z=0.935 com_x=-0.141
t=  9.00 max|qacc|=     159.8 max|qvel|=   6.78 ncon=  0 com_z=0.956 com_x=-0.166
t=  9.50 max|qacc|=     487.2 max|qvel|=   4.42 ncon=  0 com_z=0.940 com_x=-0.158
t= 10.00 max|qacc|=     920.9 max|qvel|=   4.88 ncon=  0 com_z=0.960 com_x=-0.144
t= 10.50 max|qacc|=     255.5 max|qvel|=   3.54 ncon=  0 com_z=0.950 com_x=-0.173
t= 11.00 max|qacc|=     755.2 max|qvel|=   2.65 ncon=  0 com_z=0.954 com_x=-0.130
t= 11.50 max|qacc|=     104.1 max|qvel|=   3.86 ncon=  0 com_z=0.962 com_x=-0.186
t= 12.00 max|qacc|=     110.3 max|qvel|=   2.57 ncon=  0 com_z=0.956 com_x=-0.121
t= 12.50 max|qacc|=     133.0 max|qvel|=   3.82 ncon=  0 com_z=0.969 com_x=-0.195
t= 13.00 max|qacc|=      81.0 max|qvel|=   2.24 ncon=  0 com_z=0.948 com_x=-0.111
t= 13.50 max|qacc|=     118.6 max|qvel|=   7.52 ncon=  0 com_z=0.979 com_x=-0.204
t= 14.00 max|qacc|=     266.2 max|qvel|=   6.08 ncon=  0 com_z=0.948 com_x=-0.112
t= 14.50 max|qacc|=     170.2 max|qvel|=   6.13 ncon=  0 com_z=0.974 com_x=-0.205
t= 15.00 max|qacc|=     195.0 max|qvel|=  15.17 ncon=  0 com_z=0.937 com_x=-0.111
t= 15.50 max|qacc|=      82.0 max|qvel|=   6.40 ncon=  0 com_z=0.978 com_x=-0.205
t= 16.00 max|qacc|=     161.3 max|qvel|=   2.24 ncon=  0 com_z=0.946 com_x=-0.113
t= 16.50 max|qacc|=      93.6 max|qvel|=   0.75 ncon=  0 com_z=0.960 com_x=-0.143
t= 17.00 max|qacc|=      66.0 max|qvel|=   0.61 ncon=  0 com_z=0.945 com_x=-0.130
t= 17.50 max|qacc|=      99.9 max|qvel|=   0.97 ncon=  0 com_z=0.956 com_x=-0.145
t= 18.00 max|qacc|=      12.7 max|qvel|=   0.18 ncon=  0 com_z=0.945 com_x=-0.134
t= 18.50 max|qacc|=      96.4 max|qvel|=   0.23 ncon=  0 com_z=0.953 com_x=-0.144
t= 19.00 max|qacc|=      80.0 max|qvel|=   0.89 ncon=  0 com_z=0.947 com_x=-0.135
t= 19.50 max|qacc|=      87.7 max|qvel|=   0.18 ncon=  0 com_z=0.952 com_x=-0.142
t= 20.00 max|qacc|=      22.7 max|qvel|=   0.16 ncon=  0 com_z=0.948 com_x=-0.138
t= 20.50 max|qacc|=      47.2 max|qvel|=   0.15 ncon=  0 com_z=0.951 com_x=-0.141
t= 21.00 max|qacc|=      24.5 max|qvel|=   0.21 ncon=  0 com_z=0.948 com_x=-0.138
t= 21.50 max|qacc|=      35.8 max|qvel|=   0.17 ncon=  0 com_z=0.951 com_x=-0.140
t= 22.00 max|qacc|=       6.3 max|qvel|=   0.09 ncon=  0 com_z=0.949 com_x=-0.138
t= 22.50 max|qacc|=      32.2 max|qvel|=   0.25 ncon=  0 com_z=0.950 com_x=-0.140
t= 23.00 max|qacc|=      14.2 max|qvel|=   0.17 ncon=  0 com_z=0.949 com_x=-0.138
t= 23.50 max|qacc|=      58.2 max|qvel|=   0.20 ncon=  0 com_z=0.950 com_x=-0.140
t= 24.00 max|qacc|=     557.9 max|qvel|=   1.09 ncon=  0 com_z=0.950 com_x=-0.139
t= 24.50 max|qacc|=     235.1 max|qvel|=   1.54 ncon=  0 com_z=0.950 com_x=-0.140
t= 25.00 max|qacc|=     114.2 max|qvel|=   0.21 ncon=  0 com_z=0.949 com_x=-0.140
t= 25.50 max|qacc|=      49.7 max|qvel|=   0.29 ncon=  0 com_z=0.950 com_x=-0.139
t= 26.00 max|qacc|=      35.7 max|qvel|=   0.15 ncon=  0 com_z=0.949 com_x=-0.140
t= 26.50 max|qacc|=      23.6 max|qvel|=   0.22 ncon=  0 com_z=0.950 com_x=-0.139
t= 27.00 max|qacc|=      47.8 max|qvel|=   0.37 ncon=  0 com_z=0.950 com_x=-0.139
t= 27.50 max|qacc|=      27.3 max|qvel|=   0.48 ncon=  0 com_z=0.949 com_x=-0.140
t= 28.00 max|qacc|=      33.4 max|qvel|=   0.26 ncon=  0 com_z=0.950 com_x=-0.139
t= 28.50 max|qacc|=      11.9 max|qvel|=   0.09 ncon=  0 com_z=0.950 com_x=-0.140
t= 29.00 max|qacc|=      59.1 max|qvel|=   0.16 ncon=  0 com_z=0.949 com_x=-0.139
t= 29.50 max|qacc|=      14.7 max|qvel|=   0.16 ncon=  0 com_z=0.950 com_x=-0.139
t= 30.00 max|qacc|=      55.1 max|qvel|=   0.55 ncon=  0 com_z=0.949 com_x=-0.140
t= 30.50 max|qacc|=       9.0 max|qvel|=   0.23 ncon=  0 com_z=0.950 com_x=-0.139

== summary ==
pelvis/COM height: start 0.94 m, min 0.93 m, final 0.95 m  (stayed up)
COM x: min -0.22 max -0.11 final -0.14 m
COM y: min -0.044 max +0.036 m
RG_F_r bursts during walk window: 5
RG_r: cycles in window 6, period 1.90 s (0.53 Hz), E-duty 0.66
RG_l: cycles in window 5, period 1.90 s (0.53 Hz), E-duty 0.70
peak ctrl: [0.96 1.   1.   0.7  0.38 0.78 0.53 0.94 0.18 0.87 0.96 1.   1.   0.84
 0.35 0.78 0.49 0.93 0.15 0.84] (('vas_lat_r', 'med_gas_r', 'soleus_r', 'tib_ant_r', 'psoas_r', 'semimem_r', 'glut_max2_r', 'rect_fem_r', 'sar_r', 'grac_r', 'vas_lat_l', 'med_gas_l', 'soleus_l', 'tib_ant_l', 'psoas_l', 'semimem_l', 'glut_max2_l', 'rect_fem_l', 'sar_l', 'grac_l'))
  hip_flexion_r        -50.3 ..    68.3 deg
  knee_angle_r         -64.2 ..    13.3 deg
  ankle_angle_r        -83.7 ..    51.8 deg
  hip_adduction_r      -35.5 ..    18.5 deg
  subtalar_angle_r     -10.2 ..    15.9 deg
  hip_flexion_l        -43.4 ..    67.7 deg
  knee_angle_l         -64.4 ..    13.5 deg
  ankle_angle_l        -87.1 ..    52.8 deg
  hip_adduction_l      -33.8 ..    17.2 deg
  subtalar_angle_l     -13.1 ..    16.3 deg
  pelvis_tilt           -1.9 ..     1.1 deg
  pelvis_list           -1.4 ..     0.4 deg
  pelvis_rotation        1.8 ..     3.0 deg
saved spinal_run.npz
(plot skipped: 'PF_E2_r')
fitted baseline loaded: e2_pf=0.222 f1_df=0.098 f1_kf=0.148 post_kneext=0.011 post_hipext=0.068 desc_f=1.400 e2_adapt=1.700
start pose (normal): applied 20 coordinates as given; pelvis ty 0.920 m (env override unset); IMU-metric torso lean -0.0 deg (+ = back)
standing solve: nnls x in [0.00, 0.70], >0.1: 14 muscles
  top: add_long_l=0.70, tib_ant_r=0.61, tib_ant_l=0.46, ext_dig_r=0.37, glut_min1_l=0.33, pect_l=0.32, glut_min2_l=0.31, ext_dig_l=0.25
Fmax range: 5..3396 N | L range sample: [0.229942 0.326094]
t=  0.62 precursor: max|qacc|=1.01e+03 max|qvel|=30.4 (dof 55), ncon=0, max ctrl=1.00
t=  0.62 precursor: max|qacc|=857 max|qvel|=30.7 (dof 55), ncon=0, max ctrl=1.00
t=  0.63 precursor: max|qacc|=662 max|qvel|=30.7 (dof 55), ncon=0, max ctrl=1.00
t=  0.63 precursor: max|qacc|=426 max|qvel|=30.6 (dof 55), ncon=0, max ctrl=1.00
t=  0.63 precursor: max|qacc|=3.05e+03 max|qvel|=30.4 (dof 55), ncon=0, max ctrl=1.00
t=  0.63 precursor: max|qacc|=4.01e+03 max|qvel|=30 (dof 55), ncon=0, max ctrl=0.99
t=  1.00 max|qacc|=      51.2 max|qvel|=   1.82 ncon=  0 com_z=0.983 com_x=-0.211
t=  1.50 max|qacc|=     108.5 max|qvel|=   2.74 ncon=  0 com_z=0.944 com_x=-0.181
t=  2.00 max|qacc|=      56.8 max|qvel|=   1.26 ncon=  0 com_z=0.957 com_x=-0.192
t=  2.50 max|qacc|=     107.0 max|qvel|=   1.06 ncon=  0 com_z=0.945 com_x=-0.184
t=  3.00 max|qacc|=     273.4 max|qvel|=   1.18 ncon=  0 com_z=0.955 com_x=-0.190
t=  3.50 max|qacc|=      92.8 max|qvel|=   0.62 ncon=  0 com_z=0.945 com_x=-0.182
t=  4.00 max|qacc|=      78.2 max|qvel|=   1.04 ncon=  0 com_z=0.952 com_x=-0.189
t=  4.50 max|qacc|=      57.4 max|qvel|=   0.31 ncon=  0 com_z=0.946 com_x=-0.181
t=  5.00 max|qacc|=      97.2 max|qvel|=   0.34 ncon=  0 com_z=0.951 com_x=-0.188
t=  5.50 max|qacc|=     143.3 max|qvel|=   4.01 ncon=  0 com_z=0.948 com_x=-0.127
t=  6.00 max|qacc|=     175.8 max|qvel|=   0.38 ncon=  0 com_z=0.941 com_x=-0.142
t=  6.50 max|qacc|=     157.1 max|qvel|=   2.98 ncon=  0 com_z=0.950 com_x=-0.179
t=  7.00 max|qacc|=     156.6 max|qvel|=   4.25 ncon=  0 com_z=0.949 com_x=-0.127
t=  7.50 max|qacc|=     293.8 max|qvel|=   1.06 ncon=  0 com_z=0.945 com_x=-0.142
t=  8.00 max|qacc|=     109.3 max|qvel|=   3.38 ncon=  0 com_z=0.950 com_x=-0.179
t=  8.50 max|qacc|=      65.2 max|qvel|=   4.24 ncon=  0 com_z=0.947 com_x=-0.131
t=  9.00 max|qacc|=     238.3 max|qvel|=   0.81 ncon=  0 com_z=0.941 com_x=-0.141
t=  9.50 max|qacc|=     164.9 max|qvel|=   2.97 ncon=  0 com_z=0.945 com_x=-0.174
t= 10.00 max|qacc|=     787.2 max|qvel|=   4.33 ncon=  0 com_z=0.948 com_x=-0.138
t= 10.50 max|qacc|=      76.1 max|qvel|=   0.98 ncon=  0 com_z=0.943 com_x=-0.139
t= 11.00 max|qacc|=     194.3 max|qvel|=   2.91 ncon=  0 com_z=0.947 com_x=-0.174
t= 11.50 max|qacc|=     184.7 max|qvel|=   5.00 ncon=  0 com_z=0.943 com_x=-0.141
t= 12.00 max|qacc|=     212.6 max|qvel|=   2.10 ncon=  0 com_z=0.941 com_x=-0.140
t= 12.50 max|qacc|=     179.4 max|qvel|=   4.32 ncon=  0 com_z=0.940 com_x=-0.166
t= 13.00 max|qacc|=     123.8 max|qvel|=   7.69 ncon=  0 com_z=0.944 com_x=-0.151
t= 13.50 max|qacc|=     274.0 max|qvel|=   2.21 ncon=  0 com_z=0.944 com_x=-0.136
t= 14.00 max|qacc|=     556.2 max|qvel|=   3.79 ncon=  0 com_z=0.943 com_x=-0.165
t= 14.50 max|qacc|=     928.4 max|qvel|=   6.74 ncon=  0 com_z=0.939 com_x=-0.155
t= 15.00 max|qacc|=      64.3 max|qvel|=   1.07 ncon=  0 com_z=0.942 com_x=-0.136
t= 15.50 max|qacc|=      78.6 max|qvel|=   1.35 ncon=  0 com_z=0.949 com_x=-0.133
t= 16.00 max|qacc|=     107.0 max|qvel|=   1.35 ncon=  0 com_z=0.945 com_x=-0.134
t= 16.50 max|qacc|=      20.6 max|qvel|=   0.57 ncon=  0 com_z=0.943 com_x=-0.136
t= 17.00 max|qacc|=       8.7 max|qvel|=   0.37 ncon=  0 com_z=0.943 com_x=-0.142
t= 17.50 max|qacc|=      68.1 max|qvel|=   0.21 ncon=  0 com_z=0.945 com_x=-0.146
t= 18.00 max|qacc|=     497.8 max|qvel|=   1.71 ncon=  0 com_z=0.943 com_x=-0.143
t= 18.50 max|qacc|=      36.9 max|qvel|=   0.22 ncon=  0 com_z=0.943 com_x=-0.145
t= 19.00 max|qacc|=      23.5 max|qvel|=   0.25 ncon=  0 com_z=0.943 com_x=-0.145
t= 19.50 max|qacc|=      22.8 max|qvel|=   0.25 ncon=  0 com_z=0.944 com_x=-0.144
t= 20.00 max|qacc|=      24.4 max|qvel|=   0.19 ncon=  0 com_z=0.943 com_x=-0.144
t= 20.50 max|qacc|=     104.3 max|qvel|=   0.25 ncon=  0 com_z=0.943 com_x=-0.145
t= 21.00 max|qacc|=      23.1 max|qvel|=   0.22 ncon=  0 com_z=0.944 com_x=-0.144
t= 21.50 max|qacc|=      67.6 max|qvel|=   0.32 ncon=  0 com_z=0.944 com_x=-0.144
t= 22.00 max|qacc|=      89.0 max|qvel|=   0.29 ncon=  0 com_z=0.943 com_x=-0.145
t= 22.50 max|qacc|=     206.1 max|qvel|=   0.41 ncon=  0 com_z=0.944 com_x=-0.144
t= 23.00 max|qacc|=     120.4 max|qvel|=   1.58 ncon=  0 com_z=0.943 com_x=-0.144
t= 23.50 max|qacc|=      55.6 max|qvel|=   0.50 ncon=  0 com_z=0.943 com_x=-0.145
t= 24.00 max|qacc|=      66.0 max|qvel|=   0.40 ncon=  0 com_z=0.944 com_x=-0.144
t= 24.50 max|qacc|=      38.3 max|qvel|=   0.11 ncon=  0 com_z=0.943 com_x=-0.144
t= 25.00 max|qacc|=      32.6 max|qvel|=   0.20 ncon=  0 com_z=0.943 com_x=-0.145
t= 25.50 max|qacc|=    1026.6 max|qvel|=   1.53 ncon=  0 com_z=0.944 com_x=-0.145
t= 26.00 max|qacc|=      21.7 max|qvel|=   0.29 ncon=  0 com_z=0.944 com_x=-0.144
t= 26.50 max|qacc|=      51.1 max|qvel|=   0.28 ncon=  0 com_z=0.943 com_x=-0.145
t= 27.00 max|qacc|=     132.6 max|qvel|=   0.78 ncon=  0 com_z=0.944 com_x=-0.144
t= 27.50 max|qacc|=     105.5 max|qvel|=   0.23 ncon=  0 com_z=0.943 com_x=-0.144
t= 28.00 max|qacc|=     769.3 max|qvel|=   1.54 ncon=  0 com_z=0.943 com_x=-0.145
t= 28.50 max|qacc|=      22.3 max|qvel|=   0.13 ncon=  0 com_z=0.944 com_x=-0.145
t= 29.00 max|qacc|=     103.2 max|qvel|=   0.45 ncon=  0 com_z=0.943 com_x=-0.144
t= 29.50 max|qacc|=      87.3 max|qvel|=   0.29 ncon=  0 com_z=0.943 com_x=-0.145
t= 30.00 max|qacc|=     733.8 max|qvel|=   0.19 ncon=  0 com_z=0.944 com_x=-0.144
t= 30.50 max|qacc|=      15.6 max|qvel|=   0.23 ncon=  0 com_z=0.943 com_x=-0.144

== summary ==
pelvis/COM height: start 0.94 m, min 0.93 m, final 0.94 m  (stayed up)
COM x: min -0.22 max -0.11 final -0.15 m
COM y: min -0.041 max +0.038 m
RG_F_r bursts during walk window: 4
RG_r: cycles in window 3, period 3.04 s (0.33 Hz), E-duty 0.59
RG_l: cycles in window 4, period 2.85 s (0.35 Hz), E-duty 0.67
peak ctrl: [0.96 1.   1.   0.86 0.38 0.77 0.52 0.93 0.19 0.85 0.96 1.   1.   0.69
 0.37 0.77 0.5  0.93 0.17 0.84] (('vas_lat_r', 'med_gas_r', 'soleus_r', 'tib_ant_r', 'psoas_r', 'semimem_r', 'glut_max2_r', 'rect_fem_r', 'sar_r', 'grac_r', 'vas_lat_l', 'med_gas_l', 'soleus_l', 'tib_ant_l', 'psoas_l', 'semimem_l', 'glut_max2_l', 'rect_fem_l', 'sar_l', 'grac_l'))
  hip_flexion_r        -49.0 ..    57.6 deg
  knee_angle_r         -62.4 ..    12.8 deg
  ankle_angle_r        -82.7 ..    51.5 deg
  hip_adduction_r      -36.9 ..    15.2 deg
  subtalar_angle_r      -9.7 ..    14.4 deg
  hip_flexion_l        -42.6 ..    67.8 deg
  knee_angle_l         -61.1 ..    12.9 deg
  ankle_angle_l        -86.3 ..    51.3 deg
  hip_adduction_l      -34.0 ..    16.0 deg
  subtalar_angle_l     -12.5 ..    14.2 deg
  pelvis_tilt           -1.9 ..     1.1 deg
  pelvis_list           -1.2 ..     0.3 deg
  pelvis_rotation        2.0 ..     2.9 deg
saved spinal_run.npz
(plot skipped: 'PF_E2_r')
fitted baseline loaded: e2_pf=0.222 f1_df=0.098 f1_kf=0.148 post_kneext=0.011 post_hipext=0.068 desc_f=1.400 e2_adapt=1.700
start pose (normal): applied 20 coordinates as given; pelvis ty 0.920 m (env override unset); IMU-metric torso lean -0.0 deg (+ = back)
standing solve: nnls x in [0.00, 0.70], >0.1: 14 muscles
  top: add_long_l=0.70, tib_ant_r=0.61, tib_ant_l=0.46, ext_dig_r=0.37, glut_min1_l=0.33, pect_l=0.32, glut_min2_l=0.31, ext_dig_l=0.25
Fmax range: 5..3396 N | L range sample: [0.229942 0.326094]
t=  0.62 precursor: max|qacc|=1.23e+03 max|qvel|=30.6 (dof 55), ncon=0, max ctrl=0.96
t=  0.62 precursor: max|qacc|=1.25e+03 max|qvel|=31.5 (dof 55), ncon=0, max ctrl=0.96
t=  0.62 precursor: max|qacc|=1.21e+03 max|qvel|=32.2 (dof 55), ncon=0, max ctrl=0.96
t=  0.62 precursor: max|qacc|=1.1e+03 max|qvel|=32.7 (dof 55), ncon=0, max ctrl=0.96
t=  0.63 precursor: max|qacc|=928 max|qvel|=33 (dof 55), ncon=0, max ctrl=0.96
t=  0.63 precursor: max|qacc|=701 max|qvel|=33 (dof 55), ncon=0, max ctrl=0.96
t=  0.63 precursor: max|qacc|=2.7e+03 max|qvel|=32.9 (dof 55), ncon=0, max ctrl=0.96
t=  0.63 precursor: max|qacc|=4.22e+03 max|qvel|=32.7 (dof 55), ncon=0, max ctrl=0.96
t=  0.63 precursor: max|qacc|=3.84e+03 max|qvel|=32.3 (dof 55), ncon=0, max ctrl=0.96
t=  1.00 max|qacc|=      41.1 max|qvel|=   1.69 ncon=  0 com_z=0.975 com_x=-0.206
t=  1.50 max|qacc|=     113.2 max|qvel|=   2.43 ncon=  0 com_z=0.939 com_x=-0.173
t=  2.00 max|qacc|=      57.5 max|qvel|=   1.08 ncon=  0 com_z=0.954 com_x=-0.190
t=  2.50 max|qacc|=      29.1 max|qvel|=   0.72 ncon=  0 com_z=0.941 com_x=-0.176
t=  3.00 max|qacc|=     233.1 max|qvel|=   2.34 ncon=  0 com_z=0.953 com_x=-0.188
t=  3.50 max|qacc|=      12.2 max|qvel|=   0.37 ncon=  0 com_z=0.941 com_x=-0.174
t=  4.00 max|qacc|=      99.2 max|qvel|=   0.20 ncon=  0 com_z=0.950 com_x=-0.186
t=  4.50 max|qacc|=      19.7 max|qvel|=   0.26 ncon=  0 com_z=0.943 com_x=-0.175
t=  5.00 max|qacc|=      66.0 max|qvel|=   7.07 ncon=  0 com_z=0.944 com_x=-0.178
t=  5.50 max|qacc|=    1995.7 max|qvel|=   8.26 ncon=  0 com_z=0.942 com_x=-0.123
t=  6.00 max|qacc|=     170.9 max|qvel|=   6.37 ncon=  0 com_z=0.967 com_x=-0.197
t=  6.50 max|qacc|=     170.2 max|qvel|=   5.81 ncon=  0 com_z=0.933 com_x=-0.129
t=  7.00 max|qacc|=     211.8 max|qvel|=  12.67 ncon=  0 com_z=0.981 com_x=-0.172
t=  7.50 max|qacc|=     130.6 max|qvel|=   6.19 ncon=  0 com_z=0.975 com_x=-0.184
t=  8.00 max|qacc|=     208.6 max|qvel|=   5.66 ncon=  0 com_z=0.941 com_x=-0.114
t=  8.50 max|qacc|=     226.3 max|qvel|=  17.58 ncon=  0 com_z=0.987 com_x=-0.171
t=  9.00 max|qacc|=     165.2 max|qvel|=   6.30 ncon=  0 com_z=0.979 com_x=-0.180
t=  9.50 max|qacc|=     909.1 max|qvel|=   6.95 ncon=  0 com_z=0.942 com_x=-0.112
t= 10.00 max|qacc|=     239.7 max|qvel|=  12.77 ncon=  0 com_z=0.988 com_x=-0.181
t= 10.50 max|qacc|=      91.2 max|qvel|=   7.64 ncon=  0 com_z=0.969 com_x=-0.169
t= 11.00 max|qacc|=     293.1 max|qvel|=  20.99 ncon=  0 com_z=0.949 com_x=-0.112
t= 11.50 max|qacc|=     113.9 max|qvel|=   7.54 ncon=  0 com_z=0.986 com_x=-0.194
t= 12.00 max|qacc|=     235.9 max|qvel|=   8.02 ncon=  0 com_z=0.958 com_x=-0.154
t= 12.50 max|qacc|=     519.0 max|qvel|=  11.71 ncon=  0 com_z=0.964 com_x=-0.121
t= 13.00 max|qacc|=     117.7 max|qvel|=   7.57 ncon=  0 com_z=0.986 com_x=-0.200
t= 13.50 max|qacc|=     487.4 max|qvel|=   5.50 ncon=  0 com_z=0.949 com_x=-0.138
t= 14.00 max|qacc|=     189.9 max|qvel|=   6.61 ncon=  0 com_z=0.974 com_x=-0.140
t= 14.50 max|qacc|=      44.1 max|qvel|=   6.65 ncon=  0 com_z=0.982 com_x=-0.199
t= 15.00 max|qacc|=     250.3 max|qvel|=   6.47 ncon=  0 com_z=0.942 com_x=-0.124
t= 15.50 max|qacc|=     180.4 max|qvel|=  10.91 ncon=  0 com_z=0.981 com_x=-0.157
t= 16.00 max|qacc|=      49.9 max|qvel|=   4.37 ncon=  0 com_z=0.938 com_x=-0.153
t= 16.50 max|qacc|=     475.6 max|qvel|=   3.04 ncon=  0 com_z=0.937 com_x=-0.133
t= 17.00 max|qacc|=      26.4 max|qvel|=   1.36 ncon=  0 com_z=0.954 com_x=-0.140
t= 17.50 max|qacc|=      52.4 max|qvel|=   1.76 ncon=  0 com_z=0.937 com_x=-0.137
t= 18.00 max|qacc|=      54.5 max|qvel|=   1.59 ncon=  0 com_z=0.939 com_x=-0.143
t= 18.50 max|qacc|=      10.0 max|qvel|=   0.41 ncon=  0 com_z=0.945 com_x=-0.138
t= 19.00 max|qacc|=      20.6 max|qvel|=   0.67 ncon=  0 com_z=0.939 com_x=-0.137
t= 19.50 max|qacc|=     105.8 max|qvel|=   0.59 ncon=  0 com_z=0.940 com_x=-0.142
t= 20.00 max|qacc|=     247.7 max|qvel|=   0.19 ncon=  0 com_z=0.942 com_x=-0.137
t= 20.50 max|qacc|=     138.8 max|qvel|=   0.61 ncon=  0 com_z=0.940 com_x=-0.139
t= 21.00 max|qacc|=     292.1 max|qvel|=   0.18 ncon=  0 com_z=0.941 com_x=-0.139
t= 21.50 max|qacc|=     104.7 max|qvel|=   0.89 ncon=  0 com_z=0.941 com_x=-0.138
t= 22.00 max|qacc|=     118.7 max|qvel|=   0.85 ncon=  0 com_z=0.940 com_x=-0.139
t= 22.50 max|qacc|=     401.1 max|qvel|=   0.40 ncon=  0 com_z=0.941 com_x=-0.139
t= 23.00 max|qacc|=     116.1 max|qvel|=   0.34 ncon=  0 com_z=0.941 com_x=-0.139
t= 23.50 max|qacc|=      26.7 max|qvel|=   0.20 ncon=  0 com_z=0.941 com_x=-0.139
t= 24.00 max|qacc|=      10.1 max|qvel|=   0.15 ncon=  0 com_z=0.941 com_x=-0.138
t= 24.50 max|qacc|=     209.1 max|qvel|=   0.47 ncon=  0 com_z=0.941 com_x=-0.139
t= 25.00 max|qacc|=      88.3 max|qvel|=   0.12 ncon=  0 com_z=0.941 com_x=-0.139
t= 25.50 max|qacc|=     149.6 max|qvel|=   0.23 ncon=  0 com_z=0.941 com_x=-0.139
t= 26.00 max|qacc|=      73.7 max|qvel|=   0.53 ncon=  0 com_z=0.940 com_x=-0.139
t= 26.50 max|qacc|=      65.4 max|qvel|=   0.14 ncon=  0 com_z=0.941 com_x=-0.140
t= 27.00 max|qacc|=      23.6 max|qvel|=   0.15 ncon=  0 com_z=0.941 com_x=-0.139
t= 27.50 max|qacc|=      25.7 max|qvel|=   0.33 ncon=  0 com_z=0.940 com_x=-0.139
t= 28.00 max|qacc|=      35.9 max|qvel|=   0.15 ncon=  0 com_z=0.941 com_x=-0.139
t= 28.50 max|qacc|=     417.4 max|qvel|=   0.41 ncon=  0 com_z=0.941 com_x=-0.139
t= 29.00 max|qacc|=      61.9 max|qvel|=   1.01 ncon=  0 com_z=0.940 com_x=-0.139
t= 29.50 max|qacc|=     229.7 max|qvel|=   1.40 ncon=  0 com_z=0.940 com_x=-0.140
t= 30.00 max|qacc|=      25.1 max|qvel|=   0.41 ncon=  0 com_z=0.941 com_x=-0.139
t= 30.50 max|qacc|=      93.5 max|qvel|=   0.51 ncon=  0 com_z=0.941 com_x=-0.138

== summary ==
pelvis/COM height: start 0.94 m, min 0.93 m, final 0.94 m  (stayed up)
COM x: min -0.21 max -0.11 final -0.14 m
COM y: min -0.056 max +0.071 m
RG_F_r bursts during walk window: 12
RG_r: cycles in window 13, period 0.79 s (1.27 Hz), E-duty 0.39
peak ctrl: [0.9  0.95 0.96 0.74 0.25 0.75 0.39 0.91 0.13 0.73 0.91 0.96 0.97 0.35
 0.05 0.76 0.38 0.75 0.04 0.74] (('vas_lat_r', 'med_gas_r', 'soleus_r', 'tib_ant_r', 'psoas_r', 'semimem_r', 'glut_max2_r', 'rect_fem_r', 'sar_r', 'grac_r', 'vas_lat_l', 'med_gas_l', 'soleus_l', 'tib_ant_l', 'psoas_l', 'semimem_l', 'glut_max2_l', 'rect_fem_l', 'sar_l', 'grac_l'))
  hip_flexion_r        -49.2 ..    78.2 deg
  knee_angle_r         -58.8 ..    14.9 deg
  ankle_angle_r        -81.2 ..    51.1 deg
  hip_adduction_r      -75.6 ..    42.9 deg
  subtalar_angle_r     -12.1 ..    14.5 deg
  hip_flexion_l        -16.6 ..    64.2 deg
  knee_angle_l          -8.2 ..    11.0 deg
  ankle_angle_l        -84.0 ..     9.8 deg
  hip_adduction_l      -22.3 ..    14.9 deg
  subtalar_angle_l     -15.4 ..     0.0 deg
  pelvis_tilt           -1.9 ..     1.0 deg
  pelvis_list           -1.9 ..     0.4 deg
  pelvis_rotation        1.0 ..     3.2 deg
saved spinal_run.npz
(plot skipped: 'PF_E2_r')
fitted baseline loaded: e2_pf=0.222 f1_df=0.098 f1_kf=0.148 post_kneext=0.011 post_hipext=0.068 desc_f=1.400 e2_adapt=1.700
start pose (normal): applied 20 coordinates as given; pelvis ty 0.920 m (env override unset); IMU-metric torso lean -0.0 deg (+ = back)
standing solve: nnls x in [0.00, 0.70], >0.1: 14 muscles
  top: add_long_l=0.70, tib_ant_r=0.61, tib_ant_l=0.46, ext_dig_r=0.37, glut_min1_l=0.33, pect_l=0.32, glut_min2_l=0.31, ext_dig_l=0.25
Fmax range: 5..3396 N | L range sample: [0.229942 0.326094]
t=  0.62 precursor: max|qacc|=1.19e+03 max|qvel|=30.5 (dof 12), ncon=0, max ctrl=0.95
t=  0.62 precursor: max|qacc|=1.22e+03 max|qvel|=31.3 (dof 12), ncon=0, max ctrl=0.95
t=  0.62 precursor: max|qacc|=1.17e+03 max|qvel|=31.8 (dof 12), ncon=0, max ctrl=0.95
t=  0.62 precursor: max|qacc|=1.07e+03 max|qvel|=32.2 (dof 55), ncon=0, max ctrl=0.95
t=  0.63 precursor: max|qacc|=909 max|qvel|=32.5 (dof 55), ncon=0, max ctrl=0.95
t=  0.63 precursor: max|qacc|=711 max|qvel|=32.6 (dof 55), ncon=0, max ctrl=0.95
t=  0.63 precursor: max|qacc|=468 max|qvel|=32.4 (dof 55), ncon=0, max ctrl=0.95
t=  0.63 precursor: max|qacc|=4.3e+03 max|qvel|=32.2 (dof 55), ncon=0, max ctrl=0.95
t=  0.63 precursor: max|qacc|=4.09e+03 max|qvel|=31.8 (dof 55), ncon=0, max ctrl=0.95
t=  0.64 precursor: max|qacc|=3.29e+03 max|qvel|=31.4 (dof 55), ncon=0, max ctrl=0.95
t=  1.00 max|qacc|=     491.6 max|qvel|=   1.76 ncon=  0 com_z=0.972 com_x=-0.203
t=  1.50 max|qacc|=     552.2 max|qvel|=   2.18 ncon=  0 com_z=0.937 com_x=-0.169
t=  2.00 max|qacc|=     189.9 max|qvel|=   0.97 ncon=  0 com_z=0.954 com_x=-0.189
t=  2.50 max|qacc|=     183.9 max|qvel|=   0.62 ncon=  0 com_z=0.939 com_x=-0.172
t=  3.00 max|qacc|=     145.3 max|qvel|=   0.36 ncon=  0 com_z=0.952 com_x=-0.187
t=  3.50 max|qacc|=      46.8 max|qvel|=   0.13 ncon=  0 com_z=0.940 com_x=-0.171
t=  4.00 max|qacc|=      42.3 max|qvel|=   0.55 ncon=  0 com_z=0.948 com_x=-0.185
t=  4.50 max|qacc|=      59.2 max|qvel|=   0.66 ncon=  0 com_z=0.942 com_x=-0.172
t=  5.00 max|qacc|=      78.5 max|qvel|=   3.99 ncon=  0 com_z=0.945 com_x=-0.180
t=  5.50 max|qacc|=      45.7 max|qvel|=   0.53 ncon=  0 com_z=0.954 com_x=-0.113
t=  6.00 max|qacc|=     208.4 max|qvel|=   2.59 ncon=  0 com_z=0.946 com_x=-0.171
t=  6.50 max|qacc|=     238.0 max|qvel|=   2.65 ncon=  0 com_z=0.946 com_x=-0.131
t=  7.00 max|qacc|=     662.3 max|qvel|=   7.82 ncon=  0 com_z=0.937 com_x=-0.150
t=  7.50 max|qacc|=      20.3 max|qvel|=   8.26 ncon=  0 com_z=0.944 com_x=-0.178
t=  8.00 max|qacc|=     595.4 max|qvel|=   2.96 ncon=  0 com_z=0.939 com_x=-0.119
t=  8.50 max|qacc|=     123.3 max|qvel|=   8.65 ncon=  0 com_z=0.956 com_x=-0.189
t=  9.00 max|qacc|=      29.8 max|qvel|=   1.28 ncon=  0 com_z=0.948 com_x=-0.109
t=  9.50 max|qacc|=     386.3 max|qvel|=   4.66 ncon=  0 com_z=0.946 com_x=-0.174
t= 10.00 max|qacc|=    1050.0 max|qvel|=   3.76 ncon=  0 com_z=0.940 com_x=-0.132
t= 10.50 max|qacc|=     898.3 max|qvel|=   4.58 ncon=  0 com_z=0.936 com_x=-0.150
t= 11.00 max|qacc|=      59.1 max|qvel|=   9.96 ncon=  0 com_z=0.946 com_x=-0.175
t= 11.50 max|qacc|=      79.6 max|qvel|=   2.06 ncon=  0 com_z=0.940 com_x=-0.122
t= 12.00 max|qacc|=     205.0 max|qvel|=   7.74 ncon=  0 com_z=0.955 com_x=-0.190
t= 12.50 max|qacc|=      58.5 max|qvel|=   0.76 ncon=  0 com_z=0.947 com_x=-0.107
t= 13.00 max|qacc|=     366.5 max|qvel|=   4.10 ncon=  0 com_z=0.944 com_x=-0.173
t= 13.50 max|qacc|=     521.2 max|qvel|=   3.34 ncon=  0 com_z=0.943 com_x=-0.135
t= 14.00 max|qacc|=     167.0 max|qvel|=  17.59 ncon=  0 com_z=0.936 com_x=-0.148
t= 14.50 max|qacc|=      50.2 max|qvel|=   8.23 ncon=  0 com_z=0.946 com_x=-0.180
t= 15.00 max|qacc|=       7.7 max|qvel|=   2.60 ncon=  0 com_z=0.940 com_x=-0.117
t= 15.50 max|qacc|=     264.3 max|qvel|=   0.68 ncon=  0 com_z=0.956 com_x=-0.188
t= 16.00 max|qacc|=      69.2 max|qvel|=   1.17 ncon=  0 com_z=0.940 com_x=-0.171
t= 16.50 max|qacc|=      44.0 max|qvel|=   0.62 ncon=  0 com_z=0.947 com_x=-0.181
t= 17.00 max|qacc|=     251.8 max|qvel|=   0.24 ncon=  0 com_z=0.943 com_x=-0.177
t= 17.50 max|qacc|=      22.6 max|qvel|=   0.24 ncon=  0 com_z=0.948 com_x=-0.181
t= 18.00 max|qacc|=     105.9 max|qvel|=   0.76 ncon=  0 com_z=0.943 com_x=-0.176
t= 18.50 max|qacc|=     107.8 max|qvel|=   0.93 ncon=  0 com_z=0.946 com_x=-0.182
t= 19.00 max|qacc|=     263.3 max|qvel|=   1.76 ncon=  0 com_z=0.944 com_x=-0.177
t= 19.50 max|qacc|=      58.2 max|qvel|=   0.51 ncon=  0 com_z=0.946 com_x=-0.180
t= 20.00 max|qacc|=      36.5 max|qvel|=   0.44 ncon=  0 com_z=0.944 com_x=-0.178
t= 20.50 max|qacc|=     241.5 max|qvel|=   0.35 ncon=  0 com_z=0.946 com_x=-0.179
t= 21.00 max|qacc|=      51.8 max|qvel|=   0.19 ncon=  0 com_z=0.944 com_x=-0.178
t= 21.50 max|qacc|=     372.3 max|qvel|=   1.43 ncon=  0 com_z=0.945 com_x=-0.180
t= 22.00 max|qacc|=     257.8 max|qvel|=   1.22 ncon=  0 com_z=0.945 com_x=-0.178
t= 22.50 max|qacc|=     138.3 max|qvel|=   0.78 ncon=  0 com_z=0.945 com_x=-0.179
t= 23.00 max|qacc|=     192.4 max|qvel|=   0.22 ncon=  0 com_z=0.945 com_x=-0.179
t= 23.50 max|qacc|=    2291.0 max|qvel|=   2.35 ncon=  0 com_z=0.945 com_x=-0.178
t= 24.00 max|qacc|=      63.8 max|qvel|=   0.91 ncon=  0 com_z=0.945 com_x=-0.179
t= 24.50 max|qacc|=     168.2 max|qvel|=   0.15 ncon=  0 com_z=0.945 com_x=-0.179
t= 25.00 max|qacc|=     351.6 max|qvel|=   0.78 ncon=  0 com_z=0.945 com_x=-0.179
t= 25.50 max|qacc|=      81.3 max|qvel|=   0.25 ncon=  0 com_z=0.944 com_x=-0.179
t= 26.00 max|qacc|=     411.1 max|qvel|=   0.37 ncon=  0 com_z=0.945 com_x=-0.179
t= 26.50 max|qacc|=     203.1 max|qvel|=   0.72 ncon=  0 com_z=0.945 com_x=-0.178
t= 27.00 max|qacc|=     570.2 max|qvel|=   1.43 ncon=  0 com_z=0.945 com_x=-0.180
t= 27.50 max|qacc|=     139.4 max|qvel|=   2.46 ncon=  0 com_z=0.945 com_x=-0.179
t= 28.00 max|qacc|=      77.9 max|qvel|=   0.56 ncon=  0 com_z=0.945 com_x=-0.179
t= 28.50 max|qacc|=     210.2 max|qvel|=   0.26 ncon=  0 com_z=0.945 com_x=-0.179
t= 29.00 max|qacc|=     255.0 max|qvel|=   1.95 ncon=  0 com_z=0.945 com_x=-0.179
t= 29.50 max|qacc|=      55.0 max|qvel|=   0.35 ncon=  0 com_z=0.945 com_x=-0.178
t= 30.00 max|qacc|=      58.0 max|qvel|=   0.67 ncon=  0 com_z=0.945 com_x=-0.179
t= 30.50 max|qacc|=     191.9 max|qvel|=   0.56 ncon=  0 com_z=0.945 com_x=-0.179

== summary ==
pelvis/COM height: start 0.94 m, min 0.93 m, final 0.95 m  (stayed up)
COM x: min -0.21 max -0.11 final -0.18 m
COM y: min -0.045 max +0.039 m
RG_F_r bursts during walk window: 4
RG_r: cycles in window 4, period 2.34 s (0.43 Hz), E-duty 0.62
RG_l: cycles in window 5, period 2.21 s (0.45 Hz), E-duty 0.68
peak ctrl: [0.87 0.92 0.94 0.54 0.12 0.75 0.33 0.88 0.05 0.69 0.86 0.94 0.95 0.53
 0.1  0.76 0.34 0.87 0.   0.69] (('vas_lat_r', 'med_gas_r', 'soleus_r', 'tib_ant_r', 'psoas_r', 'semimem_r', 'glut_max2_r', 'rect_fem_r', 'sar_r', 'grac_r', 'vas_lat_l', 'med_gas_l', 'soleus_l', 'tib_ant_l', 'psoas_l', 'semimem_l', 'glut_max2_l', 'rect_fem_l', 'sar_l', 'grac_l'))
  hip_flexion_r        -38.6 ..    50.5 deg
  knee_angle_r         -50.6 ..    12.9 deg
  ankle_angle_r        -81.2 ..    49.9 deg
  hip_adduction_r      -33.1 ..    13.5 deg
  subtalar_angle_r     -12.7 ..    10.4 deg
  hip_flexion_l        -35.8 ..    62.5 deg
  knee_angle_l         -50.3 ..    12.6 deg
  ankle_angle_l        -84.5 ..    51.4 deg
  hip_adduction_l      -31.4 ..    14.9 deg
  subtalar_angle_l     -15.4 ..    11.5 deg
  pelvis_tilt           -1.9 ..     0.9 deg
  pelvis_list           -1.0 ..     0.2 deg
  pelvis_rotation        2.1 ..     2.8 deg
saved spinal_run.npz
(plot skipped: 'PF_E2_r')
fitted baseline loaded: e2_pf=0.222 f1_df=0.098 f1_kf=0.148 post_kneext=0.011 post_hipext=0.068 desc_f=1.400 e2_adapt=1.700
start pose (normal): applied 20 coordinates as given; pelvis ty 0.920 m (env override unset); IMU-metric torso lean -0.0 deg (+ = back)
standing solve: nnls x in [0.00, 0.70], >0.1: 14 muscles
  top: add_long_l=0.70, tib_ant_r=0.61, tib_ant_l=0.46, ext_dig_r=0.37, glut_min1_l=0.33, pect_l=0.32, glut_min2_l=0.31, ext_dig_l=0.25
Fmax range: 5..3396 N | L range sample: [0.229942 0.326094]
t=  0.62 precursor: max|qacc|=1.2e+03 max|qvel|=30.7 (dof 12), ncon=0, max ctrl=0.95
t=  0.62 precursor: max|qacc|=1.22e+03 max|qvel|=31.6 (dof 12), ncon=0, max ctrl=0.95
t=  0.62 precursor: max|qacc|=1.18e+03 max|qvel|=32.1 (dof 12), ncon=0, max ctrl=0.95
t=  0.62 precursor: max|qacc|=1.07e+03 max|qvel|=32.5 (dof 55), ncon=0, max ctrl=0.95
t=  0.63 precursor: max|qacc|=916 max|qvel|=32.7 (dof 55), ncon=0, max ctrl=0.95
t=  0.63 precursor: max|qacc|=711 max|qvel|=32.8 (dof 55), ncon=0, max ctrl=0.95
t=  0.63 precursor: max|qacc|=637 max|qvel|=32.7 (dof 55), ncon=0, max ctrl=0.95
t=  0.63 precursor: max|qacc|=4.44e+03 max|qvel|=32.4 (dof 55), ncon=0, max ctrl=0.95
t=  0.63 precursor: max|qacc|=4.15e+03 max|qvel|=32.1 (dof 55), ncon=0, max ctrl=0.95
t=  0.64 precursor: max|qacc|=3.13e+03 max|qvel|=31.6 (dof 55), ncon=0, max ctrl=0.95
t=  1.00 max|qacc|=     292.5 max|qvel|=   1.75 ncon=  0 com_z=0.973 com_x=-0.204
t=  1.50 max|qacc|=      52.1 max|qvel|=   2.32 ncon=  0 com_z=0.938 com_x=-0.170
t=  2.00 max|qacc|=      98.3 max|qvel|=   1.06 ncon=  0 com_z=0.953 com_x=-0.189
t=  2.50 max|qacc|=      52.3 max|qvel|=   0.63 ncon=  0 com_z=0.940 com_x=-0.174
t=  3.00 max|qacc|=      75.7 max|qvel|=   0.47 ncon=  0 com_z=0.952 com_x=-0.187
t=  3.50 max|qacc|=      40.5 max|qvel|=   0.30 ncon=  0 com_z=0.941 com_x=-0.172
t=  4.00 max|qacc|=      75.9 max|qvel|=   1.49 ncon=  0 com_z=0.948 com_x=-0.185
t=  4.50 max|qacc|=      59.5 max|qvel|=   0.33 ncon=  0 com_z=0.942 com_x=-0.173
t=  5.00 max|qacc|=      30.7 max|qvel|=   3.35 ncon=  0 com_z=0.946 com_x=-0.181
t=  5.50 max|qacc|=      38.8 max|qvel|=   0.51 ncon=  0 com_z=0.956 com_x=-0.113
t=  6.00 max|qacc|=     199.2 max|qvel|=   8.47 ncon=  0 com_z=0.969 com_x=-0.190
t=  6.50 max|qacc|=      76.2 max|qvel|=   2.83 ncon=  0 com_z=0.946 com_x=-0.110
t=  7.00 max|qacc|=     179.5 max|qvel|=   8.24 ncon=  0 com_z=0.965 com_x=-0.195
t=  7.50 max|qacc|=      64.1 max|qvel|=   1.73 ncon=  0 com_z=0.938 com_x=-0.107
t=  8.00 max|qacc|=      70.9 max|qvel|=   8.80 ncon=  0 com_z=0.970 com_x=-0.199
t=  8.50 max|qacc|=      68.4 max|qvel|=   2.02 ncon=  0 com_z=0.941 com_x=-0.106
t=  9.00 max|qacc|=     192.7 max|qvel|=   8.04 ncon=  0 com_z=0.969 com_x=-0.202
t=  9.50 max|qacc|=     286.5 max|qvel|=   2.45 ncon=  0 com_z=0.939 com_x=-0.102
t= 10.00 max|qacc|=      49.8 max|qvel|=   8.71 ncon=  0 com_z=0.974 com_x=-0.201
t= 10.50 max|qacc|=     371.3 max|qvel|=   4.19 ncon=  0 com_z=0.940 com_x=-0.106
t= 11.00 max|qacc|=      88.8 max|qvel|=   7.67 ncon=  0 com_z=0.970 com_x=-0.202
t= 11.50 max|qacc|=     508.1 max|qvel|=   9.80 ncon=  0 com_z=0.937 com_x=-0.104
t= 12.00 max|qacc|=     146.1 max|qvel|=   8.46 ncon=  0 com_z=0.973 com_x=-0.201
t= 12.50 max|qacc|=     497.1 max|qvel|=  11.91 ncon=  0 com_z=0.938 com_x=-0.106
t= 13.00 max|qacc|=      74.9 max|qvel|=   7.49 ncon=  0 com_z=0.969 com_x=-0.202
t= 13.50 max|qacc|=     238.0 max|qvel|=  15.93 ncon=  0 com_z=0.935 com_x=-0.105
t= 14.00 max|qacc|=     322.5 max|qvel|=   8.41 ncon=  0 com_z=0.972 com_x=-0.201
t= 14.50 max|qacc|=    1072.4 max|qvel|=  17.21 ncon=  0 com_z=0.936 com_x=-0.108
t= 15.00 max|qacc|=      57.4 max|qvel|=   7.51 ncon=  0 com_z=0.967 com_x=-0.200
t= 15.50 max|qacc|=      33.6 max|qvel|=   2.01 ncon=  0 com_z=0.937 com_x=-0.107
t= 16.00 max|qacc|=      67.2 max|qvel|=   1.00 ncon=  0 com_z=0.947 com_x=-0.149
t= 16.50 max|qacc|=      75.5 max|qvel|=   0.98 ncon=  0 com_z=0.937 com_x=-0.129
t= 17.00 max|qacc|=      18.6 max|qvel|=   0.58 ncon=  0 com_z=0.941 com_x=-0.141
t= 17.50 max|qacc|=      19.5 max|qvel|=   0.36 ncon=  0 com_z=0.941 com_x=-0.136
t= 18.00 max|qacc|=      86.9 max|qvel|=   0.42 ncon=  0 com_z=0.940 com_x=-0.137
t= 18.50 max|qacc|=      79.2 max|qvel|=   0.39 ncon=  0 com_z=0.939 com_x=-0.138
t= 19.00 max|qacc|=     212.8 max|qvel|=   0.48 ncon=  0 com_z=0.941 com_x=-0.138
t= 19.50 max|qacc|=      70.2 max|qvel|=   0.47 ncon=  0 com_z=0.940 com_x=-0.136
t= 20.00 max|qacc|=      20.8 max|qvel|=   0.13 ncon=  0 com_z=0.940 com_x=-0.138
t= 20.50 max|qacc|=      16.7 max|qvel|=   0.19 ncon=  0 com_z=0.941 com_x=-0.138
t= 21.00 max|qacc|=      21.3 max|qvel|=   0.13 ncon=  0 com_z=0.940 com_x=-0.137
t= 21.50 max|qacc|=      54.7 max|qvel|=   0.16 ncon=  0 com_z=0.940 com_x=-0.138
t= 22.00 max|qacc|=      88.4 max|qvel|=   1.27 ncon=  0 com_z=0.940 com_x=-0.138
t= 22.50 max|qacc|=      82.3 max|qvel|=   0.15 ncon=  0 com_z=0.940 com_x=-0.137
t= 23.00 max|qacc|=     108.8 max|qvel|=   0.17 ncon=  0 com_z=0.940 com_x=-0.138
t= 23.50 max|qacc|=     101.8 max|qvel|=   2.14 ncon=  0 com_z=0.940 com_x=-0.138
t= 24.00 max|qacc|=     189.1 max|qvel|=   0.49 ncon=  0 com_z=0.940 com_x=-0.137
t= 24.50 max|qacc|=     156.0 max|qvel|=   1.20 ncon=  0 com_z=0.940 com_x=-0.138
t= 25.00 max|qacc|=     162.8 max|qvel|=   0.18 ncon=  0 com_z=0.941 com_x=-0.137
t= 25.50 max|qacc|=     235.5 max|qvel|=   0.89 ncon=  0 com_z=0.940 com_x=-0.137
t= 26.00 max|qacc|=     163.2 max|qvel|=   0.62 ncon=  0 com_z=0.940 com_x=-0.138
t= 26.50 max|qacc|=      51.0 max|qvel|=   0.28 ncon=  0 com_z=0.940 com_x=-0.137
t= 27.00 max|qacc|=     144.8 max|qvel|=   0.31 ncon=  0 com_z=0.940 com_x=-0.137
t= 27.50 max|qacc|=      95.7 max|qvel|=   0.63 ncon=  0 com_z=0.940 com_x=-0.138
t= 28.00 max|qacc|=      61.5 max|qvel|=   0.16 ncon=  0 com_z=0.940 com_x=-0.137
t= 28.50 max|qacc|=      21.8 max|qvel|=   0.12 ncon=  0 com_z=0.940 com_x=-0.138
t= 29.00 max|qacc|=      70.3 max|qvel|=   0.21 ncon=  0 com_z=0.940 com_x=-0.138
t= 29.50 max|qacc|=      29.6 max|qvel|=   0.22 ncon=  0 com_z=0.940 com_x=-0.137
t= 30.00 max|qacc|=     136.9 max|qvel|=   0.80 ncon=  0 com_z=0.940 com_x=-0.137
t= 30.50 max|qacc|=     113.7 max|qvel|=   0.41 ncon=  0 com_z=0.940 com_x=-0.138

== summary ==
pelvis/COM height: start 0.94 m, min 0.93 m, final 0.94 m  (stayed up)
COM x: min -0.21 max -0.10 final -0.14 m
COM y: min -0.044 max +0.040 m
RG_F_r bursts during walk window: 5
RG_r: cycles in window 5, period 1.98 s (0.51 Hz), E-duty 0.68
RG_l: cycles in window 6, period 1.88 s (0.53 Hz), E-duty 0.69
peak ctrl: [0.89 0.93 0.94 0.71 0.15 0.76 0.36 0.89 0.05 0.76 0.89 0.95 0.96 0.56
 0.12 0.76 0.35 0.88 0.02 0.72] (('vas_lat_r', 'med_gas_r', 'soleus_r', 'tib_ant_r', 'psoas_r', 'semimem_r', 'glut_max2_r', 'rect_fem_r', 'sar_r', 'grac_r', 'vas_lat_l', 'med_gas_l', 'soleus_l', 'tib_ant_l', 'psoas_l', 'semimem_l', 'glut_max2_l', 'rect_fem_l', 'sar_l', 'grac_l'))
  hip_flexion_r        -41.2 ..    63.1 deg
  knee_angle_r         -54.2 ..    14.1 deg
  ankle_angle_r        -81.6 ..    50.9 deg
  hip_adduction_r      -33.7 ..    20.4 deg
  subtalar_angle_r     -12.8 ..    11.7 deg
  hip_flexion_l        -38.2 ..    63.3 deg
  knee_angle_l         -56.0 ..    13.9 deg
  ankle_angle_l        -84.9 ..    51.7 deg
  hip_adduction_l      -31.5 ..    18.8 deg
  subtalar_angle_l     -15.6 ..    12.0 deg
  pelvis_tilt           -1.9 ..     0.9 deg
  pelvis_list           -1.3 ..     0.3 deg
  pelvis_rotation        1.9 ..     3.0 deg
saved spinal_run.npz
(plot skipped: 'PF_E2_r')
fitted baseline loaded: e2_pf=0.222 f1_df=0.098 f1_kf=0.148 post_kneext=0.011 post_hipext=0.068 desc_f=1.400 e2_adapt=1.700
start pose (normal): applied 20 coordinates as given; pelvis ty 0.920 m (env override unset); IMU-metric torso lean -0.0 deg (+ = back)
standing solve: nnls x in [0.00, 0.70], >0.1: 14 muscles
  top: add_long_l=0.70, tib_ant_r=0.61, tib_ant_l=0.46, ext_dig_r=0.37, glut_min1_l=0.33, pect_l=0.32, glut_min2_l=0.31, ext_dig_l=0.25
Fmax range: 5..3396 N | L range sample: [0.229942 0.326094]
t=  0.62 precursor: max|qacc|=1.2e+03 max|qvel|=30.7 (dof 12), ncon=0, max ctrl=0.95
t=  0.62 precursor: max|qacc|=1.22e+03 max|qvel|=31.5 (dof 12), ncon=0, max ctrl=0.95
t=  0.62 precursor: max|qacc|=1.18e+03 max|qvel|=32 (dof 12), ncon=0, max ctrl=0.95
t=  0.62 precursor: max|qacc|=1.07e+03 max|qvel|=32.4 (dof 55), ncon=0, max ctrl=0.95
t=  0.63 precursor: max|qacc|=914 max|qvel|=32.7 (dof 55), ncon=0, max ctrl=0.95
t=  0.63 precursor: max|qacc|=705 max|qvel|=32.8 (dof 55), ncon=0, max ctrl=0.95
t=  0.63 precursor: max|qacc|=596 max|qvel|=32.7 (dof 55), ncon=0, max ctrl=0.95
t=  0.63 precursor: max|qacc|=4.4e+03 max|qvel|=32.4 (dof 55), ncon=0, max ctrl=0.95
t=  0.63 precursor: max|qacc|=4.13e+03 max|qvel|=32.1 (dof 55), ncon=0, max ctrl=0.95
t=  0.64 precursor: max|qacc|=3.17e+03 max|qvel|=31.6 (dof 55), ncon=0, max ctrl=0.95
t=  1.00 max|qacc|=     226.9 max|qvel|=   1.73 ncon=  0 com_z=0.974 com_x=-0.204
t=  1.50 max|qacc|=      32.4 max|qvel|=   2.38 ncon=  0 com_z=0.937 com_x=-0.170
t=  2.00 max|qacc|=      97.7 max|qvel|=   1.12 ncon=  0 com_z=0.954 com_x=-0.189
t=  2.50 max|qacc|=      96.5 max|qvel|=   0.70 ncon=  0 com_z=0.940 com_x=-0.174
t=  3.00 max|qacc|=      45.2 max|qvel|=   0.54 ncon=  0 com_z=0.952 com_x=-0.187
t=  3.50 max|qacc|=      96.3 max|qvel|=   0.39 ncon=  0 com_z=0.940 com_x=-0.172
t=  4.00 max|qacc|=      71.6 max|qvel|=   0.41 ncon=  0 com_z=0.949 com_x=-0.185
t=  4.50 max|qacc|=      53.0 max|qvel|=   0.22 ncon=  0 com_z=0.942 com_x=-0.173
t=  5.00 max|qacc|=     216.6 max|qvel|=   4.63 ncon=  0 com_z=0.939 com_x=-0.141
t=  5.50 max|qacc|=     330.9 max|qvel|=   7.62 ncon=  0 com_z=0.935 com_x=-0.151
t=  6.00 max|qacc|=      76.7 max|qvel|=   7.00 ncon=  0 com_z=0.946 com_x=-0.155

!! qacc/qvel non-finite at t=6.208, dofs: [ 0  1  2  3  4  5  6  7  8  9 10 11]
   dof 0: joint pelvis_tx
   dof 1: joint pelvis_ty
   dof 2: joint pelvis_tz
   dof 3: joint pelvis_tilt
   dof 4: joint pelvis_list
   dof 5: joint pelvis_rotation
   dof 6: joint hip_flexion_r
   dof 7: joint hip_adduction_r
   dof 8: joint hip_rotation_r
   dof 9: joint knee_r_translation1
   dof 10: joint knee_r_translation2
   dof 11: joint knee_angle_r
   ncon=0

== summary ==
pelvis/COM height: start 0.94 m, min 0.00 m, final 0.00 m  (FELL at t=0.0 s)
COM x: min -0.21 max 0.00 final 0.00 m
COM y: min -0.034 max +0.044 m
RG_F_r bursts during walk window: 1
RG_r: cycles in window 2, period 0.80 s (1.26 Hz), E-duty 0.35
peak ctrl: [0.89 0.93 0.94 0.55 0.16 0.74 0.35 0.89 0.04 0.68 0.89 0.95 0.96 0.31
 0.01 0.75 0.35 0.72 0.   0.71] (('vas_lat_r', 'med_gas_r', 'soleus_r', 'tib_ant_r', 'psoas_r', 'semimem_r', 'glut_max2_r', 'rect_fem_r', 'sar_r', 'grac_r', 'vas_lat_l', 'med_gas_l', 'soleus_l', 'tib_ant_l', 'psoas_l', 'semimem_l', 'glut_max2_l', 'rect_fem_l', 'sar_l', 'grac_l'))
  hip_flexion_r        -44.5 ..    50.0 deg
  knee_angle_r         -53.9 ..    13.4 deg
  ankle_angle_r        -80.1 ..    50.1 deg
  hip_adduction_r      -38.8 ..    22.1 deg
  subtalar_angle_r     -12.8 ..    10.8 deg
  hip_flexion_l        -16.6 ..    63.8 deg
  knee_angle_l          -8.2 ..    11.5 deg
  ankle_angle_l        -84.0 ..     9.8 deg
  hip_adduction_l      -20.0 ..    16.1 deg
  subtalar_angle_l     -15.6 ..     0.0 deg
  pelvis_tilt           -1.9 ..     0.9 deg
  pelvis_list           -1.3 ..     0.1 deg
  pelvis_rotation        0.0 ..     2.8 deg
saved spinal_run.npz
(plot skipped: 'PF_E2_r')
fitted baseline loaded: e2_pf=0.222 f1_df=0.098 f1_kf=0.148 post_kneext=0.011 post_hipext=0.068 desc_f=1.400 e2_adapt=1.700
start pose (normal): applied 20 coordinates as given; pelvis ty 0.920 m (env override unset); IMU-metric torso lean -0.0 deg (+ = back)
standing solve: nnls x in [0.00, 0.70], >0.1: 14 muscles
  top: add_long_l=0.70, tib_ant_r=0.61, tib_ant_l=0.46, ext_dig_r=0.37, glut_min1_l=0.33, pect_l=0.32, glut_min2_l=0.31, ext_dig_l=0.25
Fmax range: 5..3396 N | L range sample: [0.229942 0.326094]
t=  0.62 precursor: max|qacc|=1.22e+03 max|qvel|=30.6 (dof 55), ncon=0, max ctrl=0.97
t=  0.62 precursor: max|qacc|=1.25e+03 max|qvel|=31.6 (dof 55), ncon=0, max ctrl=0.96
t=  0.62 precursor: max|qacc|=1.19e+03 max|qvel|=32.3 (dof 55), ncon=0, max ctrl=0.96
t=  0.62 precursor: max|qacc|=1.08e+03 max|qvel|=32.7 (dof 55), ncon=0, max ctrl=0.96
t=  0.63 precursor: max|qacc|=908 max|qvel|=33 (dof 55), ncon=0, max ctrl=0.96
t=  0.63 precursor: max|qacc|=679 max|qvel|=33.1 (dof 55), ncon=0, max ctrl=0.96
t=  0.63 precursor: max|qacc|=2.71e+03 max|qvel|=33 (dof 55), ncon=0, max ctrl=0.96
t=  0.63 precursor: max|qacc|=4.21e+03 max|qvel|=32.7 (dof 55), ncon=0, max ctrl=0.96
t=  0.63 precursor: max|qacc|=3.81e+03 max|qvel|=32.4 (dof 55), ncon=0, max ctrl=0.96
t=  1.00 max|qacc|=     138.5 max|qvel|=   1.67 ncon=  0 com_z=0.975 com_x=-0.206
t=  1.50 max|qacc|=     189.2 max|qvel|=   2.47 ncon=  0 com_z=0.939 com_x=-0.173
t=  2.00 max|qacc|=      95.9 max|qvel|=   1.11 ncon=  0 com_z=0.955 com_x=-0.190
t=  2.50 max|qacc|=     449.4 max|qvel|=   3.18 ncon=  0 com_z=0.941 com_x=-0.177
t=  3.00 max|qacc|=     169.3 max|qvel|=   1.40 ncon=  0 com_z=0.953 com_x=-0.188
t=  3.50 max|qacc|=     382.2 max|qvel|=   0.37 ncon=  0 com_z=0.942 com_x=-0.175
t=  4.00 max|qacc|=      91.7 max|qvel|=   0.29 ncon=  0 com_z=0.950 com_x=-0.186
t=  4.50 max|qacc|=      22.3 max|qvel|=   0.28 ncon=  0 com_z=0.943 com_x=-0.175
t=  5.00 max|qacc|=     120.3 max|qvel|=   2.69 ncon=  0 com_z=0.951 com_x=-0.125
t=  5.50 max|qacc|=     111.2 max|qvel|=   8.89 ncon=  0 com_z=0.950 com_x=-0.172
t=  6.00 max|qacc|=    1000.2 max|qvel|=   5.59 ncon=  0 com_z=0.955 com_x=-0.130
t=  6.50 max|qacc|=     295.6 max|qvel|=   4.18 ncon=  0 com_z=0.958 com_x=-0.180
t=  7.00 max|qacc|=      99.5 max|qvel|=   8.17 ncon=  0 com_z=0.935 com_x=-0.147
t=  7.50 max|qacc|=     176.8 max|qvel|=  17.39 ncon=  0 com_z=0.948 com_x=-0.146
t=  8.00 max|qacc|=     131.9 max|qvel|=   7.76 ncon=  0 com_z=0.953 com_x=-0.168
t=  8.50 max|qacc|=     273.4 max|qvel|=   5.34 ncon=  0 com_z=0.943 com_x=-0.155
t=  9.00 max|qacc|=     139.2 max|qvel|=  14.19 ncon=  0 com_z=0.940 com_x=-0.139
t=  9.50 max|qacc|=     112.5 max|qvel|=   8.77 ncon=  0 com_z=0.956 com_x=-0.176
t= 10.00 max|qacc|=     138.3 max|qvel|=   4.89 ncon=  0 com_z=0.961 com_x=-0.157
t= 10.50 max|qacc|=     351.8 max|qvel|=   6.78 ncon=  0 com_z=0.938 com_x=-0.129
t= 11.00 max|qacc|=      84.5 max|qvel|=   8.17 ncon=  0 com_z=0.964 com_x=-0.188
t= 11.50 max|qacc|=     170.7 max|qvel|=   9.61 ncon=  0 com_z=0.976 com_x=-0.154
t= 12.00 max|qacc|=     150.6 max|qvel|=   7.16 ncon=  0 com_z=0.940 com_x=-0.121
t= 12.50 max|qacc|=      75.8 max|qvel|=   7.63 ncon=  0 com_z=0.970 com_x=-0.194
t= 13.00 max|qacc|=     197.0 max|qvel|=  10.13 ncon=  0 com_z=0.988 com_x=-0.156
t= 13.50 max|qacc|=     367.5 max|qvel|=   7.52 ncon=  0 com_z=0.946 com_x=-0.113
t= 14.00 max|qacc|=     318.0 max|qvel|=   7.88 ncon=  0 com_z=0.968 com_x=-0.193
t= 14.50 max|qacc|=     178.3 max|qvel|=   7.15 ncon=  0 com_z=0.990 com_x=-0.161
t= 15.00 max|qacc|=     208.2 max|qvel|=   7.84 ncon=  0 com_z=0.952 com_x=-0.111
t= 15.50 max|qacc|=     110.7 max|qvel|=   9.94 ncon=  0 com_z=0.964 com_x=-0.186
t= 16.00 max|qacc|=     130.7 max|qvel|=   3.95 ncon=  0 com_z=0.998 com_x=-0.150
t= 16.50 max|qacc|=      89.0 max|qvel|=   3.64 ncon=  0 com_z=0.943 com_x=-0.130
t= 17.00 max|qacc|=     300.9 max|qvel|=   4.23 ncon=  0 com_z=0.947 com_x=-0.148
t= 17.50 max|qacc|=      24.2 max|qvel|=   2.57 ncon=  0 com_z=0.945 com_x=-0.135
t= 18.00 max|qacc|=     161.7 max|qvel|=   1.22 ncon=  0 com_z=0.937 com_x=-0.140
t= 18.50 max|qacc|=      48.2 max|qvel|=   1.25 ncon=  0 com_z=0.945 com_x=-0.145
t= 19.00 max|qacc|=      83.7 max|qvel|=   1.03 ncon=  0 com_z=0.942 com_x=-0.134
t= 19.50 max|qacc|=      17.5 max|qvel|=   0.57 ncon=  0 com_z=0.939 com_x=-0.141
t= 20.00 max|qacc|=      81.6 max|qvel|=   0.44 ncon=  0 com_z=0.942 com_x=-0.140
t= 20.50 max|qacc|=      22.7 max|qvel|=   0.32 ncon=  0 com_z=0.941 com_x=-0.137
t= 21.00 max|qacc|=      28.9 max|qvel|=   0.23 ncon=  0 com_z=0.940 com_x=-0.140
t= 21.50 max|qacc|=     236.8 max|qvel|=   0.31 ncon=  0 com_z=0.941 com_x=-0.139
t= 22.00 max|qacc|=     124.7 max|qvel|=   0.34 ncon=  0 com_z=0.941 com_x=-0.138
t= 22.50 max|qacc|=      40.6 max|qvel|=   0.21 ncon=  0 com_z=0.940 com_x=-0.140
t= 23.00 max|qacc|=      27.1 max|qvel|=   0.24 ncon=  0 com_z=0.941 com_x=-0.139
t= 23.50 max|qacc|=     476.0 max|qvel|=   0.69 ncon=  0 com_z=0.941 com_x=-0.139
t= 24.00 max|qacc|=     371.1 max|qvel|=   0.21 ncon=  0 com_z=0.940 com_x=-0.140
t= 24.50 max|qacc|=     216.3 max|qvel|=   0.33 ncon=  0 com_z=0.941 com_x=-0.139
t= 25.00 max|qacc|=      50.1 max|qvel|=   0.25 ncon=  0 com_z=0.941 com_x=-0.139
t= 25.50 max|qacc|=      22.3 max|qvel|=   0.21 ncon=  0 com_z=0.940 com_x=-0.139
t= 26.00 max|qacc|=     305.3 max|qvel|=   1.61 ncon=  0 com_z=0.941 com_x=-0.139
t= 26.50 max|qacc|=      46.0 max|qvel|=   0.25 ncon=  0 com_z=0.941 com_x=-0.139
t= 27.00 max|qacc|=      56.7 max|qvel|=   0.19 ncon=  0 com_z=0.940 com_x=-0.139
t= 27.50 max|qacc|=     222.4 max|qvel|=   1.47 ncon=  0 com_z=0.941 com_x=-0.139
t= 28.00 max|qacc|=      33.5 max|qvel|=   0.17 ncon=  0 com_z=0.941 com_x=-0.139
t= 28.50 max|qacc|=      19.3 max|qvel|=   0.22 ncon=  0 com_z=0.941 com_x=-0.139
t= 29.00 max|qacc|=      42.9 max|qvel|=   0.10 ncon=  0 com_z=0.941 com_x=-0.139
t= 29.50 max|qacc|=      54.6 max|qvel|=   0.15 ncon=  0 com_z=0.941 com_x=-0.139
t= 30.00 max|qacc|=      23.6 max|qvel|=   0.14 ncon=  0 com_z=0.941 com_x=-0.139
t= 30.50 max|qacc|=      31.0 max|qvel|=   0.16 ncon=  0 com_z=0.941 com_x=-0.140

== summary ==
pelvis/COM height: start 0.94 m, min 0.93 m, final 0.94 m  (stayed up)
COM x: min -0.21 max -0.11 final -0.14 m
COM y: min -0.046 max +0.061 m
RG_F_r bursts during walk window: 13
RG_r: cycles in window 14, period 0.76 s (1.32 Hz), E-duty 0.34
peak ctrl: [0.91 0.95 0.96 0.74 0.26 0.75 0.39 0.91 0.19 0.72 0.9  0.97 0.98 0.36
 0.01 0.76 0.39 0.75 0.01 0.74] (('vas_lat_r', 'med_gas_r', 'soleus_r', 'tib_ant_r', 'psoas_r', 'semimem_r', 'glut_max2_r', 'rect_fem_r', 'sar_r', 'grac_r', 'vas_lat_l', 'med_gas_l', 'soleus_l', 'tib_ant_l', 'psoas_l', 'semimem_l', 'glut_max2_l', 'rect_fem_l', 'sar_l', 'grac_l'))
  hip_flexion_r        -53.0 ..    77.3 deg
  knee_angle_r         -73.0 ..    13.5 deg
  ankle_angle_r        -80.5 ..    51.2 deg
  hip_adduction_r      -92.7 ..    41.5 deg
  subtalar_angle_r     -12.0 ..    16.2 deg
  hip_flexion_l        -16.6 ..    64.5 deg
  knee_angle_l          -8.2 ..    11.0 deg
  ankle_angle_l        -84.0 ..     9.8 deg
  hip_adduction_l      -22.8 ..    14.7 deg
  subtalar_angle_l     -15.5 ..     0.0 deg
  pelvis_tilt           -1.9 ..     1.0 deg
  pelvis_list           -1.9 ..     0.8 deg
  pelvis_rotation        1.5 ..     3.3 deg
saved spinal_run.npz
(plot skipped: 'PF_E2_r')
fitted baseline loaded: e2_pf=0.222 f1_df=0.098 f1_kf=0.148 post_kneext=0.011 post_hipext=0.068 desc_f=1.400 e2_adapt=1.700
start pose (normal): applied 20 coordinates as given; pelvis ty 0.920 m (env override unset); IMU-metric torso lean -0.0 deg (+ = back)
D:\GitHub\Bipedal_Robot\Code\MuJoCo_SNS\spinal\runner.py:1775: RuntimeWarning: More than 20 figures have been opened. Figures created through the pyplot interface (`matplotlib.pyplot.figure`) are retained until explicitly closed and may consume too much memory. (To control this warning, see the rcParam `figure.max_open_warning`). Consider using `matplotlib.pyplot.close()`.
  fig, ax = plt.subplots(4, 1, figsize=(10, 11), sharex=True)
standing solve: nnls x in [0.00, 0.70], >0.1: 14 muscles
  top: add_long_l=0.70, tib_ant_r=0.61, tib_ant_l=0.46, ext_dig_r=0.37, glut_min1_l=0.33, pect_l=0.32, glut_min2_l=0.31, ext_dig_l=0.25
Fmax range: 5..3396 N | L range sample: [0.229942 0.326094]
t=  0.62 precursor: max|qacc|=1.21e+03 max|qvel|=30.8 (dof 55), ncon=0, max ctrl=0.98
t=  0.62 precursor: max|qacc|=1.21e+03 max|qvel|=31.8 (dof 55), ncon=0, max ctrl=0.98
t=  0.62 precursor: max|qacc|=1.15e+03 max|qvel|=32.5 (dof 55), ncon=0, max ctrl=0.97
t=  0.62 precursor: max|qacc|=1.02e+03 max|qvel|=32.9 (dof 55), ncon=0, max ctrl=0.97
t=  0.63 precursor: max|qacc|=836 max|qvel|=33.2 (dof 55), ncon=0, max ctrl=0.97
t=  0.63 precursor: max|qacc|=601 max|qvel|=33.2 (dof 55), ncon=0, max ctrl=0.97
t=  0.63 precursor: max|qacc|=2.76e+03 max|qvel|=33.1 (dof 55), ncon=0, max ctrl=0.97
t=  0.63 precursor: max|qacc|=4.16e+03 max|qvel|=32.9 (dof 55), ncon=0, max ctrl=0.97
t=  0.63 precursor: max|qacc|=3.71e+03 max|qvel|=32.5 (dof 55), ncon=0, max ctrl=0.97
t=  1.00 max|qacc|=      65.6 max|qvel|=   1.74 ncon=  0 com_z=0.978 com_x=-0.208
t=  1.50 max|qacc|=     278.4 max|qvel|=   2.52 ncon=  0 com_z=0.940 com_x=-0.176
t=  2.00 max|qacc|=     267.0 max|qvel|=   2.59 ncon=  0 com_z=0.955 com_x=-0.190
t=  2.50 max|qacc|=     475.7 max|qvel|=   1.22 ncon=  0 com_z=0.942 com_x=-0.178
t=  3.00 max|qacc|=     621.7 max|qvel|=   1.24 ncon=  0 com_z=0.954 com_x=-0.189
t=  3.50 max|qacc|=      13.7 max|qvel|=   0.44 ncon=  0 com_z=0.942 com_x=-0.176
t=  4.00 max|qacc|=      77.0 max|qvel|=   0.41 ncon=  0 com_z=0.951 com_x=-0.187
t=  4.50 max|qacc|=      94.1 max|qvel|=   0.87 ncon=  0 com_z=0.944 com_x=-0.177
t=  5.00 max|qacc|=     308.0 max|qvel|=   3.75 ncon=  0 com_z=0.945 com_x=-0.131
t=  5.50 max|qacc|=     119.8 max|qvel|=  17.27 ncon=  0 com_z=0.934 com_x=-0.146
t=  6.00 max|qacc|=      30.9 max|qvel|=   7.85 ncon=  0 com_z=0.945 com_x=-0.180
t=  6.50 max|qacc|=     282.8 max|qvel|=  15.88 ncon=  0 com_z=0.931 com_x=-0.129
t=  7.00 max|qacc|=     240.1 max|qvel|=   5.44 ncon=  0 com_z=0.958 com_x=-0.194
t=  7.50 max|qacc|=     594.0 max|qvel|=   6.73 ncon=  0 com_z=0.931 com_x=-0.128
t=  8.00 max|qacc|=     248.6 max|qvel|=   7.75 ncon=  0 com_z=0.966 com_x=-0.193
t=  8.50 max|qacc|=     339.1 max|qvel|=   7.55 ncon=  0 com_z=0.931 com_x=-0.139
t=  9.00 max|qacc|=     254.5 max|qvel|=   8.89 ncon=  0 com_z=0.961 com_x=-0.178
t=  9.50 max|qacc|=    1048.9 max|qvel|=   5.59 ncon=  0 com_z=0.935 com_x=-0.150
t= 10.00 max|qacc|=      98.3 max|qvel|=   7.94 ncon=  0 com_z=0.954 com_x=-0.168
t= 10.50 max|qacc|=     629.6 max|qvel|=   4.05 ncon=  0 com_z=0.938 com_x=-0.156
t= 11.00 max|qacc|=     165.3 max|qvel|=   7.37 ncon=  0 com_z=0.953 com_x=-0.160
t= 11.50 max|qacc|=     131.0 max|qvel|=   5.52 ncon=  0 com_z=0.942 com_x=-0.164
t= 12.00 max|qacc|=      69.0 max|qvel|=   6.10 ncon=  0 com_z=0.953 com_x=-0.151
t= 12.50 max|qacc|=     164.8 max|qvel|=   5.93 ncon=  0 com_z=0.950 com_x=-0.172
t= 13.00 max|qacc|=      99.1 max|qvel|=   4.17 ncon=  0 com_z=0.953 com_x=-0.139
t= 13.50 max|qacc|=     195.0 max|qvel|=   4.44 ncon=  0 com_z=0.957 com_x=-0.180
t= 14.00 max|qacc|=     211.0 max|qvel|=   3.56 ncon=  0 com_z=0.953 com_x=-0.129
t= 14.50 max|qacc|=     380.9 max|qvel|=   7.21 ncon=  0 com_z=0.963 com_x=-0.186
t= 15.00 max|qacc|=      65.3 max|qvel|=   3.15 ncon=  0 com_z=0.953 com_x=-0.121
t= 15.50 max|qacc|=     159.0 max|qvel|=   5.39 ncon=  0 com_z=0.970 com_x=-0.192
t= 16.00 max|qacc|=      67.6 max|qvel|=   2.95 ncon=  0 com_z=0.950 com_x=-0.116
t= 16.50 max|qacc|=      53.9 max|qvel|=   1.52 ncon=  0 com_z=0.952 com_x=-0.148
t= 17.00 max|qacc|=      73.9 max|qvel|=   1.44 ncon=  0 com_z=0.942 com_x=-0.136
t= 17.50 max|qacc|=      23.0 max|qvel|=   0.96 ncon=  0 com_z=0.953 com_x=-0.142
t= 18.00 max|qacc|=      15.9 max|qvel|=   0.70 ncon=  0 com_z=0.945 com_x=-0.135
t= 18.50 max|qacc|=       9.5 max|qvel|=   0.48 ncon=  0 com_z=0.950 com_x=-0.141
t= 19.00 max|qacc|=      10.5 max|qvel|=   0.33 ncon=  0 com_z=0.944 com_x=-0.137
t= 19.50 max|qacc|=      44.7 max|qvel|=   0.35 ncon=  0 com_z=0.950 com_x=-0.140
t= 20.00 max|qacc|=      22.1 max|qvel|=   0.21 ncon=  0 com_z=0.945 com_x=-0.136
t= 20.50 max|qacc|=      45.3 max|qvel|=   0.16 ncon=  0 com_z=0.949 com_x=-0.140
t= 21.00 max|qacc|=      48.4 max|qvel|=   0.32 ncon=  0 com_z=0.946 com_x=-0.136
t= 21.50 max|qacc|=       7.6 max|qvel|=   0.18 ncon=  0 com_z=0.948 com_x=-0.140
t= 22.00 max|qacc|=      24.4 max|qvel|=   0.16 ncon=  0 com_z=0.946 com_x=-0.136
t= 22.50 max|qacc|=      23.0 max|qvel|=   0.23 ncon=  0 com_z=0.947 com_x=-0.139
t= 23.00 max|qacc|=      21.7 max|qvel|=   0.11 ncon=  0 com_z=0.946 com_x=-0.137
t= 23.50 max|qacc|=     153.6 max|qvel|=   0.83 ncon=  0 com_z=0.947 com_x=-0.138
t= 24.00 max|qacc|=      33.3 max|qvel|=   0.39 ncon=  0 com_z=0.946 com_x=-0.138
t= 24.50 max|qacc|=     219.4 max|qvel|=   0.64 ncon=  0 com_z=0.948 com_x=-0.138
t= 25.00 max|qacc|=      21.7 max|qvel|=   0.13 ncon=  0 com_z=0.947 com_x=-0.138
t= 25.50 max|qacc|=     200.0 max|qvel|=   0.25 ncon=  0 com_z=0.947 com_x=-0.139
t= 26.00 max|qacc|=       6.1 max|qvel|=   0.16 ncon=  0 com_z=0.947 com_x=-0.137
t= 26.50 max|qacc|=     319.2 max|qvel|=   0.12 ncon=  0 com_z=0.947 com_x=-0.138
t= 27.00 max|qacc|=      33.8 max|qvel|=   0.18 ncon=  0 com_z=0.947 com_x=-0.138
t= 27.50 max|qacc|=      96.0 max|qvel|=   0.19 ncon=  0 com_z=0.947 com_x=-0.138
t= 28.00 max|qacc|=     143.0 max|qvel|=   0.23 ncon=  0 com_z=0.947 com_x=-0.139
t= 28.50 max|qacc|=      11.8 max|qvel|=   0.18 ncon=  0 com_z=0.947 com_x=-0.138
t= 29.00 max|qacc|=      79.9 max|qvel|=   0.21 ncon=  0 com_z=0.947 com_x=-0.138
t= 29.50 max|qacc|=       7.6 max|qvel|=   0.14 ncon=  0 com_z=0.947 com_x=-0.139
t= 30.00 max|qacc|=       9.4 max|qvel|=   0.15 ncon=  0 com_z=0.947 com_x=-0.138
t= 30.50 max|qacc|=      26.0 max|qvel|=   0.28 ncon=  0 com_z=0.946 com_x=-0.138

== summary ==
pelvis/COM height: start 0.94 m, min 0.93 m, final 0.95 m  (stayed up)
COM x: min -0.21 max -0.10 final -0.14 m
COM y: min -0.048 max +0.042 m
RG_F_r bursts during walk window: 10
RG_r: cycles in window 10, period 0.97 s (1.03 Hz), E-duty 0.28
RG_l: cycles in window 3, period 4.35 s (0.23 Hz), E-duty 0.99
peak ctrl: [0.92 0.96 0.98 0.61 0.27 0.77 0.43 0.9  0.17 0.76 0.91 0.98 0.99 0.74
 0.18 0.77 0.42 0.9  0.06 0.76] (('vas_lat_r', 'med_gas_r', 'soleus_r', 'tib_ant_r', 'psoas_r', 'semimem_r', 'glut_max2_r', 'rect_fem_r', 'sar_r', 'grac_r', 'vas_lat_l', 'med_gas_l', 'soleus_l', 'tib_ant_l', 'psoas_l', 'semimem_l', 'glut_max2_l', 'rect_fem_l', 'sar_l', 'grac_l'))
  hip_flexion_r        -53.4 ..    71.8 deg
  knee_angle_r         -65.4 ..    14.0 deg
  ankle_angle_r        -82.3 ..    50.7 deg
  hip_adduction_r      -41.9 ..    17.7 deg
  subtalar_angle_r     -11.3 ..    11.9 deg
  hip_flexion_l        -36.5 ..    65.2 deg
  knee_angle_l         -51.4 ..    11.0 deg
  ankle_angle_l        -84.4 ..    52.4 deg
  hip_adduction_l      -34.6 ..    14.0 deg
  subtalar_angle_l     -15.3 ..    12.5 deg
  pelvis_tilt           -1.9 ..     1.0 deg
  pelvis_list           -1.3 ..     0.1 deg
  pelvis_rotation        2.0 ..     2.9 deg
saved spinal_run.npz
(plot skipped: 'PF_E2_r')
fitted baseline loaded: e2_pf=0.222 f1_df=0.098 f1_kf=0.148 post_kneext=0.011 post_hipext=0.068 desc_f=1.400 e2_adapt=1.700
start pose (normal): applied 20 coordinates as given; pelvis ty 0.920 m (env override unset); IMU-metric torso lean -0.0 deg (+ = back)
standing solve: nnls x in [0.00, 0.70], >0.1: 14 muscles
  top: add_long_l=0.70, tib_ant_r=0.61, tib_ant_l=0.46, ext_dig_r=0.37, glut_min1_l=0.33, pect_l=0.32, glut_min2_l=0.31, ext_dig_l=0.25
Fmax range: 5..3396 N | L range sample: [0.229942 0.326094]
t=  0.62 precursor: max|qacc|=1.2e+03 max|qvel|=31.1 (dof 55), ncon=0, max ctrl=0.99
t=  0.62 precursor: max|qacc|=1.21e+03 max|qvel|=32 (dof 55), ncon=0, max ctrl=0.99
t=  0.62 precursor: max|qacc|=1.13e+03 max|qvel|=32.7 (dof 55), ncon=0, max ctrl=0.98
t=  0.62 precursor: max|qacc|=1e+03 max|qvel|=33.2 (dof 55), ncon=0, max ctrl=0.98
t=  0.63 precursor: max|qacc|=813 max|qvel|=33.4 (dof 55), ncon=0, max ctrl=0.97
t=  0.63 precursor: max|qacc|=569 max|qvel|=33.4 (dof 55), ncon=0, max ctrl=0.97
t=  0.63 precursor: max|qacc|=3.49e+03 max|qvel|=33.2 (dof 55), ncon=0, max ctrl=0.97
t=  0.63 precursor: max|qacc|=4.1e+03 max|qvel|=32.9 (dof 55), ncon=0, max ctrl=0.97
t=  0.63 precursor: max|qacc|=3.44e+03 max|qvel|=32.4 (dof 55), ncon=0, max ctrl=0.97
t=  1.00 max|qacc|=     141.2 max|qvel|=   1.79 ncon=  0 com_z=0.978 com_x=-0.208
t=  1.50 max|qacc|=     161.0 max|qvel|=   2.55 ncon=  0 com_z=0.941 com_x=-0.178
t=  2.00 max|qacc|=      36.7 max|qvel|=   1.14 ncon=  0 com_z=0.955 com_x=-0.190
t=  2.50 max|qacc|=      56.9 max|qvel|=   0.86 ncon=  0 com_z=0.943 com_x=-0.181
t=  3.00 max|qacc|=      46.6 max|qvel|=   0.61 ncon=  0 com_z=0.953 com_x=-0.188
t=  3.50 max|qacc|=     114.5 max|qvel|=   0.82 ncon=  0 com_z=0.944 com_x=-0.179
t=  4.00 max|qacc|=      77.8 max|qvel|=   0.37 ncon=  0 com_z=0.950 com_x=-0.187
t=  4.50 max|qacc|=      70.7 max|qvel|=   0.22 ncon=  0 com_z=0.945 com_x=-0.179
t=  5.00 max|qacc|=     208.8 max|qvel|=   3.19 ncon=  0 com_z=0.952 com_x=-0.125
t=  5.50 max|qacc|=     110.0 max|qvel|=   4.93 ncon=  0 com_z=0.959 com_x=-0.178
t=  6.00 max|qacc|=     192.3 max|qvel|=   3.08 ncon=  0 com_z=0.942 com_x=-0.145
t=  6.50 max|qacc|=     203.0 max|qvel|=  15.23 ncon=  0 com_z=0.949 com_x=-0.086
t=  7.00 max|qacc|=      81.2 max|qvel|=   6.80 ncon=  0 com_z=0.994 com_x=-0.206
t=  7.50 max|qacc|=      73.3 max|qvel|=   2.02 ncon=  0 com_z=0.947 com_x=-0.115
t=  8.00 max|qacc|=      28.1 max|qvel|=   2.25 ncon=  0 com_z=0.945 com_x=-0.174
t=  8.50 max|qacc|=      20.0 max|qvel|=   0.98 ncon=  0 com_z=0.939 com_x=-0.154
t=  9.00 max|qacc|=      18.1 max|qvel|=   1.10 ncon=  0 com_z=0.945 com_x=-0.154
t=  9.50 max|qacc|=     438.7 max|qvel|=   1.77 ncon=  0 com_z=0.941 com_x=-0.155
t= 10.00 max|qacc|=     128.4 max|qvel|=   0.53 ncon=  0 com_z=0.938 com_x=-0.155
t= 10.50 max|qacc|=     249.3 max|qvel|=   0.30 ncon=  0 com_z=0.944 com_x=-0.156
t= 11.00 max|qacc|=      76.3 max|qvel|=   0.61 ncon=  0 com_z=0.940 com_x=-0.153
t= 11.50 max|qacc|=      23.8 max|qvel|=   0.40 ncon=  0 com_z=0.940 com_x=-0.156
t= 12.00 max|qacc|=      23.7 max|qvel|=   0.23 ncon=  0 com_z=0.942 com_x=-0.154
t= 12.50 max|qacc|=      33.4 max|qvel|=   0.24 ncon=  0 com_z=0.940 com_x=-0.154
t= 13.00 max|qacc|=      73.1 max|qvel|=   0.26 ncon=  0 com_z=0.940 com_x=-0.156
t= 13.50 max|qacc|=     152.0 max|qvel|=   1.01 ncon=  0 com_z=0.941 com_x=-0.154
t= 14.00 max|qacc|=      48.4 max|qvel|=   0.22 ncon=  0 com_z=0.940 com_x=-0.154
t= 14.50 max|qacc|=      37.5 max|qvel|=   0.23 ncon=  0 com_z=0.941 com_x=-0.156
t= 15.00 max|qacc|=      22.4 max|qvel|=   0.28 ncon=  0 com_z=0.941 com_x=-0.154
t= 15.50 max|qacc|=     264.2 max|qvel|=   0.99 ncon=  0 com_z=0.941 com_x=-0.155
t= 16.00 max|qacc|=      39.8 max|qvel|=   0.84 ncon=  0 com_z=0.942 com_x=-0.155
t= 16.50 max|qacc|=      41.2 max|qvel|=   0.58 ncon=  0 com_z=0.944 com_x=-0.155
t= 17.00 max|qacc|=      50.4 max|qvel|=   0.41 ncon=  0 com_z=0.944 com_x=-0.158
t= 17.50 max|qacc|=      43.5 max|qvel|=   0.14 ncon=  0 com_z=0.945 com_x=-0.160
t= 18.00 max|qacc|=      36.3 max|qvel|=   0.18 ncon=  0 com_z=0.945 com_x=-0.158
t= 18.50 max|qacc|=      40.3 max|qvel|=   0.10 ncon=  0 com_z=0.945 com_x=-0.159
t= 19.00 max|qacc|=     120.2 max|qvel|=   0.39 ncon=  0 com_z=0.945 com_x=-0.159
t= 19.50 max|qacc|=      86.2 max|qvel|=   0.18 ncon=  0 com_z=0.945 com_x=-0.158
t= 20.00 max|qacc|=      20.8 max|qvel|=   0.12 ncon=  0 com_z=0.945 com_x=-0.159
t= 20.50 max|qacc|=      19.0 max|qvel|=   0.18 ncon=  0 com_z=0.945 com_x=-0.159
t= 21.00 max|qacc|=      28.3 max|qvel|=   0.16 ncon=  0 com_z=0.945 com_x=-0.158
t= 21.50 max|qacc|=      88.0 max|qvel|=   0.20 ncon=  0 com_z=0.945 com_x=-0.159
t= 22.00 max|qacc|=     179.6 max|qvel|=   0.43 ncon=  0 com_z=0.945 com_x=-0.159
t= 22.50 max|qacc|=      17.4 max|qvel|=   0.17 ncon=  0 com_z=0.945 com_x=-0.158
t= 23.00 max|qacc|=     243.7 max|qvel|=   0.43 ncon=  0 com_z=0.945 com_x=-0.159
t= 23.50 max|qacc|=     117.1 max|qvel|=   0.25 ncon=  0 com_z=0.945 com_x=-0.159
t= 24.00 max|qacc|=     284.2 max|qvel|=   0.15 ncon=  0 com_z=0.945 com_x=-0.158
t= 24.50 max|qacc|=      66.5 max|qvel|=   0.50 ncon=  0 com_z=0.945 com_x=-0.159
t= 25.00 max|qacc|=      66.5 max|qvel|=   0.09 ncon=  0 com_z=0.945 com_x=-0.159
t= 25.50 max|qacc|=      70.1 max|qvel|=   0.19 ncon=  0 com_z=0.945 com_x=-0.158
t= 26.00 max|qacc|=     119.8 max|qvel|=   1.54 ncon=  0 com_z=0.945 com_x=-0.159
t= 26.50 max|qacc|=      50.8 max|qvel|=   0.58 ncon=  0 com_z=0.945 com_x=-0.159
t= 27.00 max|qacc|=      33.3 max|qvel|=   0.27 ncon=  0 com_z=0.945 com_x=-0.158
t= 27.50 max|qacc|=      20.3 max|qvel|=   0.24 ncon=  0 com_z=0.945 com_x=-0.159
t= 28.00 max|qacc|=     122.2 max|qvel|=   0.29 ncon=  0 com_z=0.945 com_x=-0.159
t= 28.50 max|qacc|=     119.9 max|qvel|=   0.16 ncon=  0 com_z=0.945 com_x=-0.158
t= 29.00 max|qacc|=      50.8 max|qvel|=   0.37 ncon=  0 com_z=0.944 com_x=-0.159
t= 29.50 max|qacc|=      48.3 max|qvel|=   0.27 ncon=  0 com_z=0.945 com_x=-0.159
t= 30.00 max|qacc|=     195.2 max|qvel|=   0.18 ncon=  0 com_z=0.945 com_x=-0.158
t= 30.50 max|qacc|=      18.5 max|qvel|=   0.16 ncon=  0 com_z=0.945 com_x=-0.159

== summary ==
pelvis/COM height: start 0.94 m, min 0.93 m, final 0.95 m  (stayed up)
COM x: min -0.21 max -0.08 final -0.16 m
COM y: min -0.044 max +0.037 m
RG_F_r bursts during walk window: 3
RG_r: cycles in window 4, period 0.60 s (1.66 Hz), E-duty 0.90
RG_l: cycles in window 2, period 0.73 s (1.38 Hz), E-duty 0.14
peak ctrl: [0.94 0.97 0.99 0.66 0.34 0.77 0.46 0.92 0.2  0.83 0.93 0.99 1.   0.66
 0.29 0.76 0.43 0.91 0.15 0.78] (('vas_lat_r', 'med_gas_r', 'soleus_r', 'tib_ant_r', 'psoas_r', 'semimem_r', 'glut_max2_r', 'rect_fem_r', 'sar_r', 'grac_r', 'vas_lat_l', 'med_gas_l', 'soleus_l', 'tib_ant_l', 'psoas_l', 'semimem_l', 'glut_max2_l', 'rect_fem_l', 'sar_l', 'grac_l'))
  hip_flexion_r        -44.8 ..    54.7 deg
  knee_angle_r         -58.8 ..    13.6 deg
  ankle_angle_r        -82.3 ..    50.0 deg
  hip_adduction_r      -35.8 ..    23.6 deg
  subtalar_angle_r     -11.1 ..    14.6 deg
  hip_flexion_l        -43.3 ..    65.3 deg
  knee_angle_l         -56.3 ..    13.7 deg
  ankle_angle_l        -86.6 ..    52.1 deg
  hip_adduction_l      -37.7 ..    27.5 deg
  subtalar_angle_l     -15.1 ..    20.5 deg
  pelvis_tilt           -1.9 ..     1.1 deg
  pelvis_list           -1.4 ..     0.5 deg
  pelvis_rotation        1.9 ..     2.8 deg
saved spinal_run.npz
(plot skipped: 'PF_E2_r')
fitted baseline loaded: e2_pf=0.222 f1_df=0.098 f1_kf=0.148 post_kneext=0.011 post_hipext=0.068 desc_f=1.400 e2_adapt=1.700
start pose (normal): applied 20 coordinates as given; pelvis ty 0.920 m (env override unset); IMU-metric torso lean -0.0 deg (+ = back)
standing solve: nnls x in [0.00, 0.70], >0.1: 14 muscles
  top: add_long_l=0.70, tib_ant_r=0.61, tib_ant_l=0.46, ext_dig_r=0.37, glut_min1_l=0.33, pect_l=0.32, glut_min2_l=0.31, ext_dig_l=0.25
Fmax range: 5..3396 N | L range sample: [0.229942 0.326094]
t=  0.62 precursor: max|qacc|=1.21e+03 max|qvel|=30.7 (dof 12), ncon=0, max ctrl=0.95
t=  0.62 precursor: max|qacc|=1.24e+03 max|qvel|=31.5 (dof 12), ncon=0, max ctrl=0.95
t=  0.62 precursor: max|qacc|=1.2e+03 max|qvel|=32 (dof 55), ncon=0, max ctrl=0.95
t=  0.62 precursor: max|qacc|=1.1e+03 max|qvel|=32.5 (dof 55), ncon=0, max ctrl=0.95
t=  0.63 precursor: max|qacc|=944 max|qvel|=32.7 (dof 55), ncon=0, max ctrl=0.95
t=  0.63 precursor: max|qacc|=730 max|qvel|=32.8 (dof 55), ncon=0, max ctrl=0.95
t=  0.63 precursor: max|qacc|=627 max|qvel|=32.7 (dof 55), ncon=0, max ctrl=0.95
t=  0.63 precursor: max|qacc|=4.45e+03 max|qvel|=32.4 (dof 55), ncon=0, max ctrl=0.95
t=  0.63 precursor: max|qacc|=4.15e+03 max|qvel|=32.1 (dof 55), ncon=0, max ctrl=0.95
t=  0.64 precursor: max|qacc|=3.12e+03 max|qvel|=31.5 (dof 55), ncon=0, max ctrl=0.95
t=  1.00 max|qacc|=     189.0 max|qvel|=   2.14 ncon=  0 com_z=0.974 com_x=-0.205
t=  1.50 max|qacc|=     280.5 max|qvel|=   2.41 ncon=  0 com_z=0.938 com_x=-0.171
t=  2.00 max|qacc|=     107.5 max|qvel|=   1.20 ncon=  0 com_z=0.954 com_x=-0.190
t=  2.50 max|qacc|=     168.9 max|qvel|=   0.68 ncon=  0 com_z=0.940 com_x=-0.174
t=  3.00 max|qacc|=     726.0 max|qvel|=   2.48 ncon=  0 com_z=0.953 com_x=-0.188
t=  3.50 max|qacc|=     165.7 max|qvel|=   0.30 ncon=  0 com_z=0.940 com_x=-0.172
t=  4.00 max|qacc|=      73.7 max|qvel|=   0.24 ncon=  0 com_z=0.950 com_x=-0.186
t=  4.50 max|qacc|=     176.6 max|qvel|=   0.43 ncon=  0 com_z=0.942 com_x=-0.172
t=  5.00 max|qacc|=      80.5 max|qvel|=   0.48 ncon=  0 com_z=0.947 com_x=-0.182
t=  5.50 max|qacc|=     234.9 max|qvel|=   2.42 ncon=  0 com_z=0.950 com_x=-0.119
t=  6.00 max|qacc|=      53.8 max|qvel|=   0.56 ncon=  0 com_z=0.937 com_x=-0.146
t=  6.50 max|qacc|=     181.1 max|qvel|=   1.89 ncon=  0 com_z=0.952 com_x=-0.182
t=  7.00 max|qacc|=      58.8 max|qvel|=   0.75 ncon=  0 com_z=0.949 com_x=-0.111
t=  7.50 max|qacc|=      89.9 max|qvel|=   1.43 ncon=  0 com_z=0.944 com_x=-0.149
t=  8.00 max|qacc|=     170.3 max|qvel|=   6.68 ncon=  0 com_z=0.956 com_x=-0.185
t=  8.50 max|qacc|=      61.8 max|qvel|=   1.03 ncon=  0 com_z=0.950 com_x=-0.107
t=  9.00 max|qacc|=     531.4 max|qvel|=   7.60 ncon=  0 com_z=0.939 com_x=-0.149
t=  9.50 max|qacc|=      83.7 max|qvel|=   8.64 ncon=  0 com_z=0.960 com_x=-0.185
t= 10.00 max|qacc|=      62.7 max|qvel|=   1.57 ncon=  0 com_z=0.948 com_x=-0.108
t= 10.50 max|qacc|=     191.7 max|qvel|=  17.81 ncon=  0 com_z=0.941 com_x=-0.149
t= 11.00 max|qacc|=      80.7 max|qvel|=   7.86 ncon=  0 com_z=0.958 com_x=-0.187
t= 11.50 max|qacc|=      89.6 max|qvel|=   2.29 ncon=  0 com_z=0.946 com_x=-0.109
t= 12.00 max|qacc|=      99.2 max|qvel|=  19.19 ncon=  0 com_z=0.937 com_x=-0.149
t= 12.50 max|qacc|=      43.8 max|qvel|=   8.19 ncon=  0 com_z=0.957 com_x=-0.184
t= 13.00 max|qacc|=      26.9 max|qvel|=   2.28 ncon=  0 com_z=0.944 com_x=-0.115
t= 13.50 max|qacc|=     852.8 max|qvel|=   5.02 ncon=  0 com_z=0.941 com_x=-0.149
t= 14.00 max|qacc|=      42.8 max|qvel|=   8.00 ncon=  0 com_z=0.951 com_x=-0.182
t= 14.50 max|qacc|=      38.7 max|qvel|=   2.65 ncon=  0 com_z=0.941 com_x=-0.117
t= 15.00 max|qacc|=     205.2 max|qvel|=   7.18 ncon=  0 com_z=0.937 com_x=-0.149
t= 15.50 max|qacc|=      99.0 max|qvel|=   9.42 ncon=  0 com_z=0.950 com_x=-0.182
t= 16.00 max|qacc|=      26.8 max|qvel|=   2.42 ncon=  0 com_z=0.944 com_x=-0.122
t= 16.50 max|qacc|=     121.7 max|qvel|=   1.15 ncon=  0 com_z=0.948 com_x=-0.140
t= 17.00 max|qacc|=       8.9 max|qvel|=   0.96 ncon=  0 com_z=0.942 com_x=-0.136
t= 17.50 max|qacc|=     154.7 max|qvel|=   0.75 ncon=  0 com_z=0.946 com_x=-0.139
t= 18.00 max|qacc|=      19.0 max|qvel|=   0.17 ncon=  0 com_z=0.946 com_x=-0.135
t= 18.50 max|qacc|=      62.7 max|qvel|=   0.46 ncon=  0 com_z=0.946 com_x=-0.138
t= 19.00 max|qacc|=     146.8 max|qvel|=   0.17 ncon=  0 com_z=0.944 com_x=-0.137
t= 19.50 max|qacc|=      88.2 max|qvel|=   0.50 ncon=  0 com_z=0.947 com_x=-0.137
t= 20.00 max|qacc|=     154.1 max|qvel|=   0.27 ncon=  0 com_z=0.945 com_x=-0.137
t= 20.50 max|qacc|=      10.8 max|qvel|=   0.15 ncon=  0 com_z=0.946 com_x=-0.137
t= 21.00 max|qacc|=      24.4 max|qvel|=   0.09 ncon=  0 com_z=0.945 com_x=-0.137
t= 21.50 max|qacc|=      68.5 max|qvel|=   0.62 ncon=  0 com_z=0.946 com_x=-0.137
t= 22.00 max|qacc|=      66.8 max|qvel|=   0.10 ncon=  0 com_z=0.945 com_x=-0.137
t= 22.50 max|qacc|=      31.9 max|qvel|=   0.22 ncon=  0 com_z=0.945 com_x=-0.138
t= 23.00 max|qacc|=      39.5 max|qvel|=   0.15 ncon=  0 com_z=0.946 com_x=-0.137
t= 23.50 max|qacc|=      59.5 max|qvel|=   0.12 ncon=  0 com_z=0.945 com_x=-0.137
t= 24.00 max|qacc|=      88.4 max|qvel|=   0.30 ncon=  0 com_z=0.945 com_x=-0.137
t= 24.50 max|qacc|=      53.6 max|qvel|=   0.33 ncon=  0 com_z=0.946 com_x=-0.137
t= 25.00 max|qacc|=     275.5 max|qvel|=   0.23 ncon=  0 com_z=0.946 com_x=-0.137
t= 25.50 max|qacc|=      33.0 max|qvel|=   0.15 ncon=  0 com_z=0.946 com_x=-0.136
t= 26.00 max|qacc|=      21.2 max|qvel|=   0.30 ncon=  0 com_z=0.945 com_x=-0.137
t= 26.50 max|qacc|=     162.8 max|qvel|=   0.61 ncon=  0 com_z=0.945 com_x=-0.137
t= 27.00 max|qacc|=      52.9 max|qvel|=   0.21 ncon=  0 com_z=0.945 com_x=-0.136
t= 27.50 max|qacc|=      43.3 max|qvel|=   0.30 ncon=  0 com_z=0.945 com_x=-0.137
t= 28.00 max|qacc|=     116.2 max|qvel|=   0.14 ncon=  0 com_z=0.946 com_x=-0.137
t= 28.50 max|qacc|=     169.9 max|qvel|=   0.16 ncon=  0 com_z=0.945 com_x=-0.137
t= 29.00 max|qacc|=      28.1 max|qvel|=   0.12 ncon=  0 com_z=0.946 com_x=-0.137
t= 29.50 max|qacc|=      33.0 max|qvel|=   0.27 ncon=  0 com_z=0.946 com_x=-0.137
t= 30.00 max|qacc|=      28.0 max|qvel|=   0.36 ncon=  0 com_z=0.945 com_x=-0.138
t= 30.50 max|qacc|=       7.1 max|qvel|=   0.14 ncon=  0 com_z=0.946 com_x=-0.136

== summary ==
pelvis/COM height: start 0.94 m, min 0.93 m, final 0.95 m  (stayed up)
COM x: min -0.21 max -0.11 final -0.14 m
COM y: min -0.040 max +0.040 m
RG_F_r bursts during walk window: 3
RG_r: cycles in window 4, period 2.93 s (0.34 Hz), E-duty 0.58
RG_l: cycles in window 4, period 2.74 s (0.36 Hz), E-duty 0.68
peak ctrl: [0.89 0.93 0.95 0.56 0.14 0.75 0.37 0.9  0.05 0.74 0.88 0.95 0.96 0.69
 0.14 0.76 0.37 0.9  0.01 0.73] (('vas_lat_r', 'med_gas_r', 'soleus_r', 'tib_ant_r', 'psoas_r', 'semimem_r', 'glut_max2_r', 'rect_fem_r', 'sar_r', 'grac_r', 'vas_lat_l', 'med_gas_l', 'soleus_l', 'tib_ant_l', 'psoas_l', 'semimem_l', 'glut_max2_l', 'rect_fem_l', 'sar_l', 'grac_l'))
  hip_flexion_r        -41.8 ..    51.7 deg
  knee_angle_r         -54.5 ..    12.9 deg
  ankle_angle_r        -81.5 ..    50.1 deg
  hip_adduction_r      -36.2 ..    15.3 deg
  subtalar_angle_r     -12.6 ..    10.6 deg
  hip_flexion_l        -38.7 ..    64.0 deg
  knee_angle_l         -54.1 ..    12.8 deg
  ankle_angle_l        -84.8 ..    51.8 deg
  hip_adduction_l      -34.9 ..    17.6 deg
  subtalar_angle_l     -15.6 ..    11.8 deg
  pelvis_tilt           -1.9 ..     1.0 deg
  pelvis_list           -1.1 ..     0.2 deg
  pelvis_rotation        2.1 ..     2.8 deg
saved spinal_run.npz
(plot skipped: 'PF_E2_r')
fitted baseline loaded: e2_pf=0.222 f1_df=0.098 f1_kf=0.148 post_kneext=0.011 post_hipext=0.068 desc_f=1.400 e2_adapt=1.700
start pose (normal): applied 20 coordinates as given; pelvis ty 0.920 m (env override unset); IMU-metric torso lean -0.0 deg (+ = back)
standing solve: nnls x in [0.00, 0.70], >0.1: 14 muscles
  top: add_long_l=0.70, tib_ant_r=0.61, tib_ant_l=0.46, ext_dig_r=0.37, glut_min1_l=0.33, pect_l=0.32, glut_min2_l=0.31, ext_dig_l=0.25
Fmax range: 5..3396 N | L range sample: [0.229942 0.326094]
t=  0.62 precursor: max|qacc|=1.21e+03 max|qvel|=30.9 (dof 55), ncon=0, max ctrl=0.98
t=  0.62 precursor: max|qacc|=1.23e+03 max|qvel|=31.8 (dof 55), ncon=0, max ctrl=0.98
t=  0.62 precursor: max|qacc|=1.17e+03 max|qvel|=32.5 (dof 55), ncon=0, max ctrl=0.97
t=  0.62 precursor: max|qacc|=1.05e+03 max|qvel|=33 (dof 55), ncon=0, max ctrl=0.97
t=  0.63 precursor: max|qacc|=871 max|qvel|=33.3 (dof 55), ncon=0, max ctrl=0.97
t=  0.63 precursor: max|qacc|=635 max|qvel|=33.3 (dof 55), ncon=0, max ctrl=0.96
t=  0.63 precursor: max|qacc|=3.36e+03 max|qvel|=33.3 (dof 55), ncon=0, max ctrl=0.96
t=  0.63 precursor: max|qacc|=4.13e+03 max|qvel|=33 (dof 55), ncon=0, max ctrl=0.96
t=  0.63 precursor: max|qacc|=3.56e+03 max|qvel|=32.7 (dof 55), ncon=0, max ctrl=0.96
t=  1.00 max|qacc|=      58.6 max|qvel|=   1.73 ncon=  0 com_z=0.977 com_x=-0.208
t=  1.50 max|qacc|=     180.7 max|qvel|=   2.57 ncon=  0 com_z=0.940 com_x=-0.176
t=  2.00 max|qacc|=      68.6 max|qvel|=   1.20 ncon=  0 com_z=0.954 com_x=-0.190
t=  2.50 max|qacc|=      17.8 max|qvel|=   0.88 ncon=  0 com_z=0.942 com_x=-0.180
t=  3.00 max|qacc|=      45.8 max|qvel|=   0.60 ncon=  0 com_z=0.953 com_x=-0.188
t=  3.50 max|qacc|=      67.2 max|qvel|=   0.63 ncon=  0 com_z=0.943 com_x=-0.177
t=  4.00 max|qacc|=      53.6 max|qvel|=   0.28 ncon=  0 com_z=0.949 com_x=-0.186
t=  4.50 max|qacc|=     228.5 max|qvel|=   5.60 ncon=  0 com_z=0.944 com_x=-0.176
t=  5.00 max|qacc|=     147.2 max|qvel|=  12.21 ncon=  0 com_z=0.959 com_x=-0.120
t=  5.50 max|qacc|=     134.7 max|qvel|=   3.42 ncon=  0 com_z=0.947 com_x=-0.179
t=  6.00 max|qacc|=      25.6 max|qvel|=   3.23 ncon=  0 com_z=0.937 com_x=-0.141
t=  6.50 max|qacc|=      55.7 max|qvel|=   1.98 ncon=  0 com_z=0.946 com_x=-0.156
t=  7.00 max|qacc|=      96.1 max|qvel|=   0.63 ncon=  0 com_z=0.935 com_x=-0.156
t=  7.50 max|qacc|=     105.5 max|qvel|=   1.89 ncon=  0 com_z=0.942 com_x=-0.151
t=  8.00 max|qacc|=      47.6 max|qvel|=   1.80 ncon=  0 com_z=0.938 com_x=-0.154
t=  8.50 max|qacc|=      34.7 max|qvel|=   0.88 ncon=  0 com_z=0.935 com_x=-0.154
t=  9.00 max|qacc|=      38.3 max|qvel|=   0.66 ncon=  0 com_z=0.943 com_x=-0.153
t=  9.50 max|qacc|=     472.3 max|qvel|=   1.02 ncon=  0 com_z=0.936 com_x=-0.152
t= 10.00 max|qacc|=      24.5 max|qvel|=   0.94 ncon=  0 com_z=0.938 com_x=-0.155
t= 10.50 max|qacc|=     122.4 max|qvel|=   0.51 ncon=  0 com_z=0.940 com_x=-0.152
t= 11.00 max|qacc|=      28.1 max|qvel|=   0.21 ncon=  0 com_z=0.936 com_x=-0.153
t= 11.50 max|qacc|=      55.0 max|qvel|=   0.61 ncon=  0 com_z=0.939 com_x=-0.154
t= 12.00 max|qacc|=      31.0 max|qvel|=   0.45 ncon=  0 com_z=0.938 com_x=-0.152
t= 12.50 max|qacc|=     562.3 max|qvel|=   1.01 ncon=  0 com_z=0.937 com_x=-0.153
t= 13.00 max|qacc|=      91.2 max|qvel|=   0.25 ncon=  0 com_z=0.938 com_x=-0.154
t= 13.50 max|qacc|=     103.1 max|qvel|=   0.28 ncon=  0 com_z=0.938 com_x=-0.153
t= 14.00 max|qacc|=      59.9 max|qvel|=   0.29 ncon=  0 com_z=0.938 com_x=-0.154
t= 14.50 max|qacc|=     114.4 max|qvel|=   1.02 ncon=  0 com_z=0.938 com_x=-0.153
t= 15.00 max|qacc|=     806.9 max|qvel|=   4.00 ncon=  0 com_z=0.938 com_x=-0.153
t= 15.50 max|qacc|=     232.0 max|qvel|=   1.13 ncon=  0 com_z=0.939 com_x=-0.154
t= 16.00 max|qacc|=      29.6 max|qvel|=   0.66 ncon=  0 com_z=0.938 com_x=-0.155
t= 16.50 max|qacc|=     198.2 max|qvel|=   0.38 ncon=  0 com_z=0.940 com_x=-0.157
t= 17.00 max|qacc|=      28.8 max|qvel|=   0.17 ncon=  0 com_z=0.941 com_x=-0.158
t= 17.50 max|qacc|=      15.8 max|qvel|=   0.12 ncon=  0 com_z=0.941 com_x=-0.160
t= 18.00 max|qacc|=     287.1 max|qvel|=   0.41 ncon=  0 com_z=0.941 com_x=-0.160
t= 18.50 max|qacc|=      71.6 max|qvel|=   0.95 ncon=  0 com_z=0.941 com_x=-0.159
t= 19.00 max|qacc|=      79.4 max|qvel|=   0.11 ncon=  0 com_z=0.941 com_x=-0.160
t= 19.50 max|qacc|=      21.4 max|qvel|=   0.23 ncon=  0 com_z=0.941 com_x=-0.160
t= 20.00 max|qacc|=      10.4 max|qvel|=   0.18 ncon=  0 com_z=0.941 com_x=-0.159
t= 20.50 max|qacc|=      85.4 max|qvel|=   0.11 ncon=  0 com_z=0.941 com_x=-0.159
t= 21.00 max|qacc|=     108.5 max|qvel|=   1.04 ncon=  0 com_z=0.940 com_x=-0.160
t= 21.50 max|qacc|=      67.3 max|qvel|=   0.21 ncon=  0 com_z=0.941 com_x=-0.159
t= 22.00 max|qacc|=     839.1 max|qvel|=   2.41 ncon=  0 com_z=0.941 com_x=-0.159
t= 22.50 max|qacc|=     154.6 max|qvel|=   0.41 ncon=  0 com_z=0.941 com_x=-0.160
t= 23.00 max|qacc|=     400.9 max|qvel|=   0.28 ncon=  0 com_z=0.941 com_x=-0.160
t= 23.50 max|qacc|=      71.8 max|qvel|=   0.62 ncon=  0 com_z=0.941 com_x=-0.159
t= 24.00 max|qacc|=      54.7 max|qvel|=   0.33 ncon=  0 com_z=0.941 com_x=-0.160
t= 24.50 max|qacc|=    1677.5 max|qvel|=   2.29 ncon=  0 com_z=0.941 com_x=-0.160
t= 25.00 max|qacc|=      30.0 max|qvel|=   0.18 ncon=  0 com_z=0.941 com_x=-0.160
t= 25.50 max|qacc|=     451.0 max|qvel|=   0.67 ncon=  0 com_z=0.941 com_x=-0.159
t= 26.00 max|qacc|=      17.1 max|qvel|=   0.24 ncon=  0 com_z=0.941 com_x=-0.160
t= 26.50 max|qacc|=      89.7 max|qvel|=   0.39 ncon=  0 com_z=0.941 com_x=-0.159
t= 27.00 max|qacc|=     212.3 max|qvel|=   0.33 ncon=  0 com_z=0.941 com_x=-0.159
t= 27.50 max|qacc|=      53.2 max|qvel|=   0.42 ncon=  0 com_z=0.941 com_x=-0.160
t= 28.00 max|qacc|=      16.0 max|qvel|=   0.16 ncon=  0 com_z=0.941 com_x=-0.160
t= 28.50 max|qacc|=      66.0 max|qvel|=   0.45 ncon=  0 com_z=0.941 com_x=-0.159
t= 29.00 max|qacc|=      12.8 max|qvel|=   0.12 ncon=  0 com_z=0.941 com_x=-0.160
t= 29.50 max|qacc|=     135.3 max|qvel|=   0.24 ncon=  0 com_z=0.941 com_x=-0.160
t= 30.00 max|qacc|=     839.9 max|qvel|=   0.97 ncon=  0 com_z=0.941 com_x=-0.159
t= 30.50 max|qacc|=     492.4 max|qvel|=   0.37 ncon=  0 com_z=0.941 com_x=-0.159

== summary ==
pelvis/COM height: start 0.94 m, min 0.93 m, final 0.94 m  (stayed up)
COM x: min -0.21 max -0.11 final -0.16 m
COM y: min -0.037 max +0.049 m
RG_F_r bursts during walk window: 1
peak ctrl: [0.93 0.96 0.97 0.65 0.24 0.75 0.42 0.91 0.07 0.75 0.92 0.98 0.99 0.35
 0.01 0.76 0.4  0.77 0.   0.76] (('vas_lat_r', 'med_gas_r', 'soleus_r', 'tib_ant_r', 'psoas_r', 'semimem_r', 'glut_max2_r', 'rect_fem_r', 'sar_r', 'grac_r', 'vas_lat_l', 'med_gas_l', 'soleus_l', 'tib_ant_l', 'psoas_l', 'semimem_l', 'glut_max2_l', 'rect_fem_l', 'sar_l', 'grac_l'))
  hip_flexion_r        -43.9 ..    44.7 deg
  knee_angle_r         -57.2 ..    13.7 deg
  ankle_angle_r        -79.8 ..    51.0 deg
  hip_adduction_r      -41.7 ..    19.3 deg
  subtalar_angle_r     -11.9 ..    21.4 deg
  hip_flexion_l        -16.6 ..    64.9 deg
  knee_angle_l          -8.2 ..    11.0 deg
  ankle_angle_l        -85.0 ..     9.8 deg
  hip_adduction_l      -24.5 ..    14.8 deg
  subtalar_angle_l     -15.5 ..     0.0 deg
  pelvis_tilt           -1.9 ..     1.0 deg
  pelvis_list           -1.5 ..     0.2 deg
  pelvis_rotation        2.0 ..     2.8 deg
saved spinal_run.npz
(plot skipped: 'PF_E2_r')
fitted baseline loaded: e2_pf=0.222 f1_df=0.098 f1_kf=0.148 post_kneext=0.011 post_hipext=0.068 desc_f=1.400 e2_adapt=1.700
start pose (normal): applied 20 coordinates as given; pelvis ty 0.920 m (env override unset); IMU-metric torso lean -0.0 deg (+ = back)
standing solve: nnls x in [0.00, 0.70], >0.1: 14 muscles
  top: add_long_l=0.70, tib_ant_r=0.61, tib_ant_l=0.46, ext_dig_r=0.37, glut_min1_l=0.33, pect_l=0.32, glut_min2_l=0.31, ext_dig_l=0.25
Fmax range: 5..3396 N | L range sample: [0.229942 0.326094]
t=  0.62 precursor: max|qacc|=1.19e+03 max|qvel|=31.1 (dof 55), ncon=0, max ctrl=0.99
t=  0.62 precursor: max|qacc|=1.19e+03 max|qvel|=32 (dof 55), ncon=0, max ctrl=0.99
t=  0.62 precursor: max|qacc|=1.11e+03 max|qvel|=32.7 (dof 55), ncon=0, max ctrl=0.99
t=  0.62 precursor: max|qacc|=972 max|qvel|=33.1 (dof 55), ncon=0, max ctrl=0.98
t=  0.63 precursor: max|qacc|=781 max|qvel|=33.2 (dof 55), ncon=0, max ctrl=0.98
t=  0.63 precursor: max|qacc|=537 max|qvel|=33.2 (dof 55), ncon=0, max ctrl=0.97
t=  0.63 precursor: max|qacc|=3.41e+03 max|qvel|=32.9 (dof 55), ncon=0, max ctrl=0.97
t=  0.63 precursor: max|qacc|=4.08e+03 max|qvel|=32.5 (dof 55), ncon=0, max ctrl=0.97
t=  0.63 precursor: max|qacc|=3.41e+03 max|qvel|=32.1 (dof 55), ncon=0, max ctrl=0.97
t=  1.00 max|qacc|=      67.4 max|qvel|=   1.76 ncon=  0 com_z=0.979 com_x=-0.209
t=  1.50 max|qacc|=     322.9 max|qvel|=   2.62 ncon=  0 com_z=0.942 com_x=-0.179
t=  2.00 max|qacc|=     146.6 max|qvel|=   1.16 ncon=  0 com_z=0.955 com_x=-0.190
t=  2.50 max|qacc|=      37.0 max|qvel|=   0.94 ncon=  0 com_z=0.943 com_x=-0.181
t=  3.00 max|qacc|=      40.0 max|qvel|=   0.79 ncon=  0 com_z=0.953 com_x=-0.189
t=  3.50 max|qacc|=      82.8 max|qvel|=   0.51 ncon=  0 com_z=0.944 com_x=-0.179
t=  4.00 max|qacc|=     131.4 max|qvel|=   0.49 ncon=  0 com_z=0.950 com_x=-0.187
t=  4.50 max|qacc|=      93.5 max|qvel|=   0.60 ncon=  0 com_z=0.945 com_x=-0.180
t=  5.00 max|qacc|=     394.6 max|qvel|=   7.34 ncon=  0 com_z=0.948 com_x=-0.181
t=  5.50 max|qacc|=     512.1 max|qvel|=   2.59 ncon=  0 com_z=0.956 com_x=-0.117
t=  6.00 max|qacc|=     375.1 max|qvel|=   7.71 ncon=  0 com_z=0.967 com_x=-0.194
t=  6.50 max|qacc|=      81.9 max|qvel|=   2.10 ncon=  0 com_z=0.953 com_x=-0.114
t=  7.00 max|qacc|=     173.7 max|qvel|=   2.25 ncon=  0 com_z=0.959 com_x=-0.190
t=  7.50 max|qacc|=      75.0 max|qvel|=   1.22 ncon=  0 com_z=0.949 com_x=-0.114
t=  8.00 max|qacc|=     277.4 max|qvel|=   3.67 ncon=  0 com_z=0.950 com_x=-0.179
t=  8.50 max|qacc|=     350.0 max|qvel|=   2.90 ncon=  0 com_z=0.951 com_x=-0.127
t=  9.00 max|qacc|=     834.1 max|qvel|=   4.43 ncon=  0 com_z=0.941 com_x=-0.161
t=  9.50 max|qacc|=     353.1 max|qvel|=   5.53 ncon=  0 com_z=0.943 com_x=-0.155
t= 10.00 max|qacc|=    2659.4 max|qvel|=  10.66 ncon=  0 com_z=0.936 com_x=-0.144
t= 10.50 max|qacc|=      71.7 max|qvel|=  10.51 ncon=  0 com_z=0.951 com_x=-0.178
t= 11.00 max|qacc|=     228.2 max|qvel|=  14.36 ncon=  0 com_z=0.941 com_x=-0.126
t= 11.50 max|qacc|=     188.2 max|qvel|=   7.67 ncon=  0 com_z=0.960 com_x=-0.197
t= 12.00 max|qacc|=     162.6 max|qvel|=   2.46 ncon=  0 com_z=0.943 com_x=-0.113
t= 12.50 max|qacc|=     143.0 max|qvel|=   8.23 ncon=  0 com_z=0.968 com_x=-0.200
t= 13.00 max|qacc|=      26.5 max|qvel|=   1.87 ncon=  0 com_z=0.949 com_x=-0.109
t= 13.50 max|qacc|=     154.1 max|qvel|=   1.87 ncon=  0 com_z=0.962 com_x=-0.194
t= 14.00 max|qacc|=     112.3 max|qvel|=   1.09 ncon=  0 com_z=0.950 com_x=-0.110
t= 14.50 max|qacc|=     257.7 max|qvel|=   2.67 ncon=  0 com_z=0.953 com_x=-0.182
t= 15.00 max|qacc|=     657.1 max|qvel|=   2.32 ncon=  0 com_z=0.952 com_x=-0.124
t= 15.50 max|qacc|=     479.3 max|qvel|=   8.14 ncon=  0 com_z=0.941 com_x=-0.155
t= 16.00 max|qacc|=      35.5 max|qvel|=   1.32 ncon=  0 com_z=0.953 com_x=-0.195
t= 16.50 max|qacc|=      72.6 max|qvel|=   0.64 ncon=  0 com_z=0.946 com_x=-0.179
t= 17.00 max|qacc|=      45.8 max|qvel|=   0.46 ncon=  0 com_z=0.949 com_x=-0.186
t= 17.50 max|qacc|=      59.2 max|qvel|=   0.67 ncon=  0 com_z=0.948 com_x=-0.183
t= 18.00 max|qacc|=      36.4 max|qvel|=   0.29 ncon=  0 com_z=0.948 com_x=-0.184
t= 18.50 max|qacc|=      66.5 max|qvel|=   0.83 ncon=  0 com_z=0.948 com_x=-0.183
t= 19.00 max|qacc|=     145.6 max|qvel|=   0.24 ncon=  0 com_z=0.947 com_x=-0.184
t= 19.50 max|qacc|=     663.3 max|qvel|=   1.38 ncon=  0 com_z=0.949 com_x=-0.184
t= 20.00 max|qacc|=      70.8 max|qvel|=   0.19 ncon=  0 com_z=0.947 com_x=-0.183
t= 20.50 max|qacc|=     205.7 max|qvel|=   0.27 ncon=  0 com_z=0.948 com_x=-0.185
t= 21.00 max|qacc|=     132.6 max|qvel|=   1.25 ncon=  0 com_z=0.947 com_x=-0.183
t= 21.50 max|qacc|=     184.3 max|qvel|=   0.26 ncon=  0 com_z=0.949 com_x=-0.184
t= 22.00 max|qacc|=     112.9 max|qvel|=   0.30 ncon=  0 com_z=0.947 com_x=-0.184
t= 22.50 max|qacc|=     348.7 max|qvel|=   1.05 ncon=  0 com_z=0.948 com_x=-0.184
t= 23.00 max|qacc|=     110.4 max|qvel|=   0.19 ncon=  0 com_z=0.948 com_x=-0.183
t= 23.50 max|qacc|=     356.6 max|qvel|=   3.40 ncon=  0 com_z=0.948 com_x=-0.185
t= 24.00 max|qacc|=      34.1 max|qvel|=   0.59 ncon=  0 com_z=0.948 com_x=-0.184
t= 24.50 max|qacc|=     202.7 max|qvel|=   0.51 ncon=  0 com_z=0.948 com_x=-0.183
t= 25.00 max|qacc|=      58.6 max|qvel|=   0.57 ncon=  0 com_z=0.947 com_x=-0.184
t= 25.50 max|qacc|=      51.3 max|qvel|=   0.23 ncon=  0 com_z=0.948 com_x=-0.184
t= 26.00 max|qacc|=      80.7 max|qvel|=   0.20 ncon=  0 com_z=0.948 com_x=-0.183
t= 26.50 max|qacc|=     192.1 max|qvel|=   0.13 ncon=  0 com_z=0.948 com_x=-0.184
t= 27.00 max|qacc|=      97.7 max|qvel|=   0.26 ncon=  0 com_z=0.948 com_x=-0.184
t= 27.50 max|qacc|=      41.7 max|qvel|=   0.47 ncon=  0 com_z=0.948 com_x=-0.183
t= 28.00 max|qacc|=     120.3 max|qvel|=   1.28 ncon=  0 com_z=0.948 com_x=-0.183
t= 28.50 max|qacc|=     430.5 max|qvel|=   3.24 ncon=  0 com_z=0.948 com_x=-0.184
t= 29.00 max|qacc|=     355.0 max|qvel|=   3.92 ncon=  0 com_z=0.948 com_x=-0.183
t= 29.50 max|qacc|=      36.8 max|qvel|=   0.36 ncon=  0 com_z=0.948 com_x=-0.184
t= 30.00 max|qacc|=     471.1 max|qvel|=   1.91 ncon=  0 com_z=0.948 com_x=-0.184
t= 30.50 max|qacc|=      79.0 max|qvel|=   0.59 ncon=  0 com_z=0.948 com_x=-0.183

== summary ==
pelvis/COM height: start 0.94 m, min 0.93 m, final 0.95 m  (stayed up)
COM x: min -0.21 max -0.11 final -0.18 m
COM y: min -0.042 max +0.038 m
RG_F_r bursts during walk window: 4
RG_r: cycles in window 5, period 2.16 s (0.46 Hz), E-duty 0.66
RG_l: cycles in window 4, period 2.16 s (0.46 Hz), E-duty 0.66
peak ctrl: [0.94 0.98 0.99 0.66 0.3  0.76 0.46 0.91 0.11 0.79 0.93 0.99 1.   0.66
 0.29 0.76 0.44 0.9  0.1  0.78] (('vas_lat_r', 'med_gas_r', 'soleus_r', 'tib_ant_r', 'psoas_r', 'semimem_r', 'glut_max2_r', 'rect_fem_r', 'sar_r', 'grac_r', 'vas_lat_l', 'med_gas_l', 'soleus_l', 'tib_ant_l', 'psoas_l', 'semimem_l', 'glut_max2_l', 'rect_fem_l', 'sar_l', 'grac_l'))
  hip_flexion_r        -47.2 ..    58.8 deg
  knee_angle_r         -62.0 ..    12.9 deg
  ankle_angle_r        -82.9 ..    51.1 deg
  hip_adduction_r      -35.4 ..    14.9 deg
  subtalar_angle_r     -10.9 ..    12.9 deg
  hip_flexion_l        -41.9 ..    65.8 deg
  knee_angle_l         -60.3 ..    12.9 deg
  ankle_angle_l        -86.1 ..    52.5 deg
  hip_adduction_l      -33.4 ..    13.5 deg
  subtalar_angle_l     -14.9 ..    13.1 deg
  pelvis_tilt           -1.9 ..     1.1 deg
  pelvis_list           -1.1 ..     0.2 deg
  pelvis_rotation        2.0 ..     2.8 deg
saved spinal_run.npz
(plot skipped: 'PF_E2_r')
fitted baseline loaded: e2_pf=0.222 f1_df=0.098 f1_kf=0.148 post_kneext=0.011 post_hipext=0.068 desc_f=1.400 e2_adapt=1.700
start pose (normal): applied 20 coordinates as given; pelvis ty 0.920 m (env override unset); IMU-metric torso lean -0.0 deg (+ = back)
standing solve: nnls x in [0.00, 0.70], >0.1: 14 muscles
  top: add_long_l=0.70, tib_ant_r=0.61, tib_ant_l=0.46, ext_dig_r=0.37, glut_min1_l=0.33, pect_l=0.32, glut_min2_l=0.31, ext_dig_l=0.25
Fmax range: 5..3396 N | L range sample: [0.229942 0.326094]
t=  0.62 precursor: max|qacc|=1.2e+03 max|qvel|=30.8 (dof 55), ncon=0, max ctrl=0.98
t=  0.62 precursor: max|qacc|=1.21e+03 max|qvel|=31.8 (dof 55), ncon=0, max ctrl=0.97
t=  0.62 precursor: max|qacc|=1.14e+03 max|qvel|=32.5 (dof 55), ncon=0, max ctrl=0.97
t=  0.62 precursor: max|qacc|=1.01e+03 max|qvel|=33 (dof 55), ncon=0, max ctrl=0.97
t=  0.63 precursor: max|qacc|=827 max|qvel|=33.2 (dof 55), ncon=0, max ctrl=0.97
t=  0.63 precursor: max|qacc|=593 max|qvel|=33.3 (dof 55), ncon=0, max ctrl=0.97
t=  0.63 precursor: max|qacc|=2.81e+03 max|qvel|=33.2 (dof 55), ncon=0, max ctrl=0.97
t=  0.63 precursor: max|qacc|=4.14e+03 max|qvel|=32.9 (dof 55), ncon=0, max ctrl=0.97
t=  0.63 precursor: max|qacc|=3.67e+03 max|qvel|=32.5 (dof 55), ncon=0, max ctrl=0.97
t=  1.00 max|qacc|=     163.5 max|qvel|=   1.60 ncon=  0 com_z=0.978 com_x=-0.208
t=  1.50 max|qacc|=      80.2 max|qvel|=   2.51 ncon=  0 com_z=0.940 com_x=-0.175
t=  2.00 max|qacc|=      39.1 max|qvel|=   1.11 ncon=  0 com_z=0.955 com_x=-0.191
t=  2.50 max|qacc|=      40.5 max|qvel|=   0.86 ncon=  0 com_z=0.942 com_x=-0.178
t=  3.00 max|qacc|=     747.6 max|qvel|=   1.44 ncon=  0 com_z=0.954 com_x=-0.189
t=  3.50 max|qacc|=      96.6 max|qvel|=   0.51 ncon=  0 com_z=0.942 com_x=-0.176
t=  4.00 max|qacc|=      35.8 max|qvel|=   0.26 ncon=  0 com_z=0.951 com_x=-0.188
t=  4.50 max|qacc|=     131.2 max|qvel|=   2.00 ncon=  0 com_z=0.943 com_x=-0.176
t=  5.00 max|qacc|=     108.9 max|qvel|=   2.34 ncon=  0 com_z=0.949 com_x=-0.185
t=  5.50 max|qacc|=      56.0 max|qvel|=   0.67 ncon=  0 com_z=0.956 com_x=-0.115
t=  6.00 max|qacc|=     337.2 max|qvel|=   3.17 ncon=  0 com_z=0.939 com_x=-0.145
t=  6.50 max|qacc|=     153.4 max|qvel|=   8.36 ncon=  0 com_z=0.961 com_x=-0.190
t=  7.00 max|qacc|=      73.6 max|qvel|=   1.78 ncon=  0 com_z=0.948 com_x=-0.109
t=  7.50 max|qacc|=     174.1 max|qvel|=  16.95 ncon=  0 com_z=0.945 com_x=-0.146
t=  8.00 max|qacc|=     147.5 max|qvel|=   7.54 ncon=  0 com_z=0.958 com_x=-0.188
t=  8.50 max|qacc|=     113.8 max|qvel|=   2.56 ncon=  0 com_z=0.945 com_x=-0.114
t=  9.00 max|qacc|=     257.3 max|qvel|=  16.45 ncon=  0 com_z=0.940 com_x=-0.147
t=  9.50 max|qacc|=      68.4 max|qvel|=   9.20 ncon=  0 com_z=0.955 com_x=-0.183
t= 10.00 max|qacc|=      65.0 max|qvel|=   2.16 ncon=  0 com_z=0.944 com_x=-0.123
t= 10.50 max|qacc|=     293.8 max|qvel|=   7.57 ncon=  0 com_z=0.941 com_x=-0.149
t= 11.00 max|qacc|=     105.8 max|qvel|=   8.36 ncon=  0 com_z=0.944 com_x=-0.173
t= 11.50 max|qacc|=     117.1 max|qvel|=   2.10 ncon=  0 com_z=0.940 com_x=-0.128
t= 12.00 max|qacc|=     541.4 max|qvel|=   2.37 ncon=  0 com_z=0.937 com_x=-0.154
t= 12.50 max|qacc|=     657.4 max|qvel|=   8.59 ncon=  0 com_z=0.944 com_x=-0.158
t= 13.00 max|qacc|=      80.7 max|qvel|=   1.05 ncon=  0 com_z=0.944 com_x=-0.137
t= 13.50 max|qacc|=     309.2 max|qvel|=   3.60 ncon=  0 com_z=0.940 com_x=-0.164
t= 14.00 max|qacc|=     324.5 max|qvel|=   4.33 ncon=  0 com_z=0.943 com_x=-0.139
t= 14.50 max|qacc|=     155.8 max|qvel|=   0.63 ncon=  0 com_z=0.941 com_x=-0.143
t= 15.00 max|qacc|=     429.2 max|qvel|=   3.09 ncon=  0 com_z=0.943 com_x=-0.171
t= 15.50 max|qacc|=     231.6 max|qvel|=   2.43 ncon=  0 com_z=0.951 com_x=-0.124
t= 16.00 max|qacc|=     874.1 max|qvel|=   1.42 ncon=  0 com_z=0.945 com_x=-0.147
t= 16.50 max|qacc|=     351.6 max|qvel|=   1.23 ncon=  0 com_z=0.946 com_x=-0.135
t= 17.00 max|qacc|=      41.7 max|qvel|=   0.35 ncon=  0 com_z=0.949 com_x=-0.136
t= 17.50 max|qacc|=      91.6 max|qvel|=   0.69 ncon=  0 com_z=0.947 com_x=-0.140
t= 18.00 max|qacc|=      53.4 max|qvel|=   0.20 ncon=  0 com_z=0.946 com_x=-0.139
t= 18.50 max|qacc|=      90.5 max|qvel|=   1.80 ncon=  0 com_z=0.948 com_x=-0.139
t= 19.00 max|qacc|=    1099.7 max|qvel|=   1.15 ncon=  0 com_z=0.947 com_x=-0.139
t= 19.50 max|qacc|=      22.7 max|qvel|=   0.13 ncon=  0 com_z=0.947 com_x=-0.139
t= 20.00 max|qacc|=      44.7 max|qvel|=   0.20 ncon=  0 com_z=0.947 com_x=-0.139
t= 20.50 max|qacc|=      29.2 max|qvel|=   0.33 ncon=  0 com_z=0.947 com_x=-0.139
t= 21.00 max|qacc|=       8.6 max|qvel|=   0.16 ncon=  0 com_z=0.947 com_x=-0.138
t= 21.50 max|qacc|=      29.4 max|qvel|=   0.33 ncon=  0 com_z=0.947 com_x=-0.139
t= 22.00 max|qacc|=      25.8 max|qvel|=   0.15 ncon=  0 com_z=0.947 com_x=-0.139
t= 22.50 max|qacc|=      12.4 max|qvel|=   0.23 ncon=  0 com_z=0.947 com_x=-0.139
t= 23.00 max|qacc|=      33.4 max|qvel|=   0.15 ncon=  0 com_z=0.947 com_x=-0.139
t= 23.50 max|qacc|=      12.0 max|qvel|=   0.15 ncon=  0 com_z=0.947 com_x=-0.138
t= 24.00 max|qacc|=     968.9 max|qvel|=   1.21 ncon=  0 com_z=0.947 com_x=-0.139
t= 24.50 max|qacc|=      30.8 max|qvel|=   0.27 ncon=  0 com_z=0.947 com_x=-0.139
t= 25.00 max|qacc|=     140.7 max|qvel|=   1.52 ncon=  0 com_z=0.947 com_x=-0.139
t= 25.50 max|qacc|=     140.1 max|qvel|=   0.21 ncon=  0 com_z=0.947 com_x=-0.139
t= 26.00 max|qacc|=      72.2 max|qvel|=   0.24 ncon=  0 com_z=0.947 com_x=-0.138
t= 26.50 max|qacc|=    1026.7 max|qvel|=   1.40 ncon=  0 com_z=0.947 com_x=-0.139
t= 27.00 max|qacc|=      29.9 max|qvel|=   0.13 ncon=  0 com_z=0.947 com_x=-0.139
t= 27.50 max|qacc|=     273.3 max|qvel|=   0.69 ncon=  0 com_z=0.947 com_x=-0.138
t= 28.00 max|qacc|=     370.2 max|qvel|=   1.07 ncon=  0 com_z=0.947 com_x=-0.139
t= 28.50 max|qacc|=      21.7 max|qvel|=   0.18 ncon=  0 com_z=0.948 com_x=-0.138
t= 29.00 max|qacc|=      75.1 max|qvel|=   0.10 ncon=  0 com_z=0.947 com_x=-0.139
t= 29.50 max|qacc|=      72.9 max|qvel|=   0.25 ncon=  0 com_z=0.947 com_x=-0.139
t= 30.00 max|qacc|=      34.3 max|qvel|=   0.40 ncon=  0 com_z=0.947 com_x=-0.138
t= 30.50 max|qacc|=     163.4 max|qvel|=   0.45 ncon=  0 com_z=0.947 com_x=-0.139

== summary ==
pelvis/COM height: start 0.94 m, min 0.93 m, final 0.95 m  (stayed up)
COM x: min -0.21 max -0.11 final -0.14 m
COM y: min -0.039 max +0.039 m
RG_F_r bursts during walk window: 3
RG_r: cycles in window 4, period 2.89 s (0.35 Hz), E-duty 0.59
RG_l: cycles in window 4, period 2.71 s (0.37 Hz), E-duty 0.68
peak ctrl: [0.92 0.96 0.97 0.61 0.24 0.76 0.44 0.9  0.08 0.78 0.92 0.97 0.99 0.75
 0.23 0.76 0.42 0.9  0.05 0.76] (('vas_lat_r', 'med_gas_r', 'soleus_r', 'tib_ant_r', 'psoas_r', 'semimem_r', 'glut_max2_r', 'rect_fem_r', 'sar_r', 'grac_r', 'vas_lat_l', 'med_gas_l', 'soleus_l', 'tib_ant_l', 'psoas_l', 'semimem_l', 'glut_max2_l', 'rect_fem_l', 'sar_l', 'grac_l'))
  hip_flexion_r        -43.5 ..    53.9 deg
  knee_angle_r         -56.2 ..    13.0 deg
  ankle_angle_r        -81.9 ..    50.9 deg
  hip_adduction_r      -36.4 ..    15.2 deg
  subtalar_angle_r     -11.3 ..    11.1 deg
  hip_flexion_l        -39.5 ..    65.2 deg
  knee_angle_l         -54.6 ..    12.9 deg
  ankle_angle_l        -85.0 ..    52.2 deg
  hip_adduction_l      -35.5 ..    17.1 deg
  subtalar_angle_l     -15.3 ..    12.0 deg
  pelvis_tilt           -1.9 ..     1.0 deg
  pelvis_list           -1.1 ..     0.2 deg
  pelvis_rotation        2.1 ..     2.8 deg
saved spinal_run.npz
(plot skipped: 'PF_E2_r')
fitted baseline loaded: e2_pf=0.222 f1_df=0.098 f1_kf=0.148 post_kneext=0.011 post_hipext=0.068 desc_f=1.400 e2_adapt=1.700
start pose (normal): applied 20 coordinates as given; pelvis ty 0.920 m (env override unset); IMU-metric torso lean -0.0 deg (+ = back)
standing solve: nnls x in [0.00, 0.70], >0.1: 14 muscles
  top: add_long_l=0.70, tib_ant_r=0.61, tib_ant_l=0.46, ext_dig_r=0.37, glut_min1_l=0.33, pect_l=0.32, glut_min2_l=0.31, ext_dig_l=0.25
Fmax range: 5..3396 N | L range sample: [0.229942 0.326094]
t=  0.62 precursor: max|qacc|=1.2e+03 max|qvel|=31 (dof 55), ncon=0, max ctrl=0.99
t=  0.62 precursor: max|qacc|=1.21e+03 max|qvel|=32 (dof 55), ncon=0, max ctrl=0.98
t=  0.62 precursor: max|qacc|=1.14e+03 max|qvel|=32.7 (dof 55), ncon=0, max ctrl=0.98
t=  0.62 precursor: max|qacc|=1.01e+03 max|qvel|=33.1 (dof 55), ncon=0, max ctrl=0.98
t=  0.63 precursor: max|qacc|=824 max|qvel|=33.4 (dof 55), ncon=0, max ctrl=0.97
t=  0.63 precursor: max|qacc|=583 max|qvel|=33.5 (dof 55), ncon=0, max ctrl=0.97
t=  0.63 precursor: max|qacc|=3.37e+03 max|qvel|=33.3 (dof 55), ncon=0, max ctrl=0.97
t=  0.63 precursor: max|qacc|=4.1e+03 max|qvel|=33 (dof 55), ncon=0, max ctrl=0.97
t=  0.63 precursor: max|qacc|=3.48e+03 max|qvel|=32.6 (dof 55), ncon=0, max ctrl=0.97
t=  1.00 max|qacc|=     118.1 max|qvel|=   1.73 ncon=  0 com_z=0.978 com_x=-0.208
t=  1.50 max|qacc|=      54.5 max|qvel|=   2.55 ncon=  0 com_z=0.941 com_x=-0.177
t=  2.00 max|qacc|=      47.1 max|qvel|=   1.17 ncon=  0 com_z=0.955 com_x=-0.190
t=  2.50 max|qacc|=     663.4 max|qvel|=   1.27 ncon=  0 com_z=0.943 com_x=-0.180
t=  3.00 max|qacc|=      87.4 max|qvel|=   0.64 ncon=  0 com_z=0.953 com_x=-0.188
t=  3.50 max|qacc|=      73.3 max|qvel|=   0.48 ncon=  0 com_z=0.943 com_x=-0.178
t=  4.00 max|qacc|=      15.7 max|qvel|=   0.34 ncon=  0 com_z=0.950 com_x=-0.187
t=  4.50 max|qacc|=     222.1 max|qvel|=   0.24 ncon=  0 com_z=0.945 com_x=-0.178
t=  5.00 max|qacc|=     285.1 max|qvel|=   2.72 ncon=  0 com_z=0.955 com_x=-0.123
t=  5.50 max|qacc|=      84.2 max|qvel|=   6.35 ncon=  0 com_z=0.953 com_x=-0.176
t=  6.00 max|qacc|=     176.5 max|qvel|=   8.20 ncon=  0 com_z=0.951 com_x=-0.134
t=  6.50 max|qacc|=      64.0 max|qvel|=   8.28 ncon=  0 com_z=0.983 com_x=-0.159
t=  7.00 max|qacc|=     654.0 max|qvel|=   6.30 ncon=  0 com_z=0.942 com_x=-0.160
t=  7.50 max|qacc|=     170.7 max|qvel|=  16.26 ncon=  0 com_z=0.955 com_x=-0.144
t=  8.00 max|qacc|=     142.0 max|qvel|=   8.47 ncon=  0 com_z=0.971 com_x=-0.181
t=  8.50 max|qacc|=     463.8 max|qvel|=   6.13 ncon=  0 com_z=0.932 com_x=-0.137
t=  9.00 max|qacc|=     405.0 max|qvel|=   4.93 ncon=  0 com_z=0.945 com_x=-0.174
t=  9.50 max|qacc|=      66.4 max|qvel|=   5.91 ncon=  0 com_z=0.960 com_x=-0.175
t= 10.00 max|qacc|=     148.6 max|qvel|=  15.75 ncon=  0 com_z=0.946 com_x=-0.127
t= 10.50 max|qacc|=      42.9 max|qvel|=   8.47 ncon=  0 com_z=0.945 com_x=-0.179
t= 11.00 max|qacc|=     195.9 max|qvel|=   6.06 ncon=  0 com_z=0.953 com_x=-0.175
t= 11.50 max|qacc|=     198.8 max|qvel|=   3.62 ncon=  0 com_z=0.966 com_x=-0.115
t= 12.00 max|qacc|=     207.9 max|qvel|=   6.12 ncon=  0 com_z=0.963 com_x=-0.186
t= 12.50 max|qacc|=     130.5 max|qvel|=   5.18 ncon=  0 com_z=0.936 com_x=-0.146
t= 13.00 max|qacc|=      61.8 max|qvel|=   2.45 ncon=  0 com_z=0.980 com_x=-0.127
t= 13.50 max|qacc|=     373.3 max|qvel|=   5.13 ncon=  0 com_z=0.963 com_x=-0.178
t= 14.00 max|qacc|=     144.7 max|qvel|=   4.74 ncon=  0 com_z=0.953 com_x=-0.137
t= 14.50 max|qacc|=     181.9 max|qvel|=   3.21 ncon=  0 com_z=0.980 com_x=-0.136
t= 15.00 max|qacc|=     112.8 max|qvel|=   7.69 ncon=  0 com_z=0.958 com_x=-0.172
t= 15.50 max|qacc|=     228.1 max|qvel|=  17.10 ncon=  0 com_z=0.966 com_x=-0.125
t= 16.00 max|qacc|=     133.2 max|qvel|=   6.32 ncon=  0 com_z=0.989 com_x=-0.196
t= 16.50 max|qacc|=      52.5 max|qvel|=   4.08 ncon=  0 com_z=0.955 com_x=-0.120
t= 17.00 max|qacc|=      95.0 max|qvel|=   1.62 ncon=  0 com_z=0.953 com_x=-0.140
t= 17.50 max|qacc|=     151.6 max|qvel|=   1.89 ncon=  0 com_z=0.944 com_x=-0.137
t= 18.00 max|qacc|=      57.5 max|qvel|=   0.83 ncon=  0 com_z=0.955 com_x=-0.141
t= 18.50 max|qacc|=      22.8 max|qvel|=   0.85 ncon=  0 com_z=0.945 com_x=-0.135
t= 19.00 max|qacc|=      40.7 max|qvel|=   0.59 ncon=  0 com_z=0.953 com_x=-0.139
t= 19.50 max|qacc|=      34.0 max|qvel|=   0.47 ncon=  0 com_z=0.945 com_x=-0.135
t= 20.00 max|qacc|=      53.0 max|qvel|=   0.36 ncon=  0 com_z=0.951 com_x=-0.139
t= 20.50 max|qacc|=       9.4 max|qvel|=   0.26 ncon=  0 com_z=0.947 com_x=-0.135
t= 21.00 max|qacc|=      16.2 max|qvel|=   0.34 ncon=  0 com_z=0.950 com_x=-0.139
t= 21.50 max|qacc|=      14.2 max|qvel|=   0.18 ncon=  0 com_z=0.947 com_x=-0.135
t= 22.00 max|qacc|=     340.4 max|qvel|=   0.34 ncon=  0 com_z=0.949 com_x=-0.138
t= 22.50 max|qacc|=      40.1 max|qvel|=   0.48 ncon=  0 com_z=0.948 com_x=-0.136
t= 23.00 max|qacc|=      13.1 max|qvel|=   0.09 ncon=  0 com_z=0.949 com_x=-0.137
t= 23.50 max|qacc|=      34.8 max|qvel|=   0.65 ncon=  0 com_z=0.948 com_x=-0.137
t= 24.00 max|qacc|=      21.9 max|qvel|=   0.34 ncon=  0 com_z=0.949 com_x=-0.137
t= 24.50 max|qacc|=      37.6 max|qvel|=   0.14 ncon=  0 com_z=0.948 com_x=-0.137
t= 25.00 max|qacc|=      32.2 max|qvel|=   0.09 ncon=  0 com_z=0.949 com_x=-0.137
t= 25.50 max|qacc|=      12.0 max|qvel|=   0.09 ncon=  0 com_z=0.948 com_x=-0.136
t= 26.00 max|qacc|=      30.0 max|qvel|=   0.53 ncon=  0 com_z=0.948 com_x=-0.138
t= 26.50 max|qacc|=     190.3 max|qvel|=   2.08 ncon=  0 com_z=0.948 com_x=-0.136
t= 27.00 max|qacc|=      24.0 max|qvel|=   0.25 ncon=  0 com_z=0.948 com_x=-0.137
t= 27.50 max|qacc|=      33.7 max|qvel|=   0.35 ncon=  0 com_z=0.948 com_x=-0.136
t= 28.00 max|qacc|=      13.3 max|qvel|=   0.13 ncon=  0 com_z=0.949 com_x=-0.137
t= 28.50 max|qacc|=       8.9 max|qvel|=   0.18 ncon=  0 com_z=0.948 com_x=-0.137
t= 29.00 max|qacc|=      16.7 max|qvel|=   0.15 ncon=  0 com_z=0.949 com_x=-0.136
t= 29.50 max|qacc|=      74.0 max|qvel|=   0.22 ncon=  0 com_z=0.948 com_x=-0.137
t= 30.00 max|qacc|=     361.2 max|qvel|=   1.15 ncon=  0 com_z=0.949 com_x=-0.137
t= 30.50 max|qacc|=     115.0 max|qvel|=   0.10 ncon=  0 com_z=0.948 com_x=-0.137

== summary ==
pelvis/COM height: start 0.94 m, min 0.93 m, final 0.95 m  (stayed up)
COM x: min -0.21 max -0.11 final -0.14 m
COM y: min -0.058 max +0.041 m
RG_F_r bursts during walk window: 10
RG_r: cycles in window 10, period 1.05 s (0.95 Hz), E-duty 0.64
RG_l: cycles in window 9, period 0.92 s (1.09 Hz), E-duty 0.67
peak ctrl: [0.93 0.97 0.98 0.66 0.27 0.77 0.47 0.92 0.13 0.82 0.93 0.98 0.99 0.77
 0.27 0.77 0.42 0.91 0.12 0.81] (('vas_lat_r', 'med_gas_r', 'soleus_r', 'tib_ant_r', 'psoas_r', 'semimem_r', 'glut_max2_r', 'rect_fem_r', 'sar_r', 'grac_r', 'vas_lat_l', 'med_gas_l', 'soleus_l', 'tib_ant_l', 'psoas_l', 'semimem_l', 'glut_max2_l', 'rect_fem_l', 'sar_l', 'grac_l'))
  hip_flexion_r        -52.2 ..    81.8 deg
  knee_angle_r         -61.7 ..    13.2 deg
  ankle_angle_r        -82.7 ..    51.0 deg
  hip_adduction_r      -44.4 ..    26.2 deg
  subtalar_angle_r     -11.3 ..    13.7 deg
  hip_flexion_l        -45.7 ..    69.2 deg
  knee_angle_l         -57.5 ..    13.2 deg
  ankle_angle_l        -85.1 ..    52.8 deg
  hip_adduction_l      -42.1 ..    27.3 deg
  subtalar_angle_l     -15.3 ..    15.8 deg
  pelvis_tilt           -1.9 ..     1.0 deg
  pelvis_list           -1.3 ..     0.5 deg
  pelvis_rotation        1.4 ..     3.2 deg
saved spinal_run.npz
(plot skipped: 'PF_E2_r')
fitted baseline loaded: e2_pf=0.222 f1_df=0.098 f1_kf=0.148 post_kneext=0.011 post_hipext=0.068 desc_f=1.400 e2_adapt=1.700
start pose (normal): applied 20 coordinates as given; pelvis ty 0.920 m (env override unset); IMU-metric torso lean -0.0 deg (+ = back)
standing solve: nnls x in [0.00, 0.70], >0.1: 14 muscles
  top: add_long_l=0.70, tib_ant_r=0.61, tib_ant_l=0.46, ext_dig_r=0.37, glut_min1_l=0.33, pect_l=0.32, glut_min2_l=0.31, ext_dig_l=0.25
Fmax range: 5..3396 N | L range sample: [0.229942 0.326094]
t=  0.62 precursor: max|qacc|=1.23e+03 max|qvel|=30.7 (dof 12), ncon=0, max ctrl=0.96
t=  0.62 precursor: max|qacc|=1.25e+03 max|qvel|=31.5 (dof 12), ncon=0, max ctrl=0.96
t=  0.62 precursor: max|qacc|=1.21e+03 max|qvel|=32.1 (dof 55), ncon=0, max ctrl=0.96
t=  0.62 precursor: max|qacc|=1.1e+03 max|qvel|=32.6 (dof 55), ncon=0, max ctrl=0.96
t=  0.63 precursor: max|qacc|=940 max|qvel|=32.8 (dof 55), ncon=0, max ctrl=0.96
t=  0.63 precursor: max|qacc|=718 max|qvel|=32.9 (dof 55), ncon=0, max ctrl=0.96
t=  0.63 precursor: max|qacc|=2.32e+03 max|qvel|=32.8 (dof 55), ncon=0, max ctrl=0.96
t=  0.63 precursor: max|qacc|=4.25e+03 max|qvel|=32.6 (dof 55), ncon=0, max ctrl=0.96
t=  0.63 precursor: max|qacc|=3.9e+03 max|qvel|=32.2 (dof 55), ncon=0, max ctrl=0.96
t=  0.64 precursor: max|qacc|=2.07e+03 max|qvel|=31.4 (dof 55), ncon=0, max ctrl=0.96
t=  1.00 max|qacc|=     266.3 max|qvel|=   1.48 ncon=  0 com_z=0.975 com_x=-0.205
t=  1.50 max|qacc|=     181.4 max|qvel|=   2.48 ncon=  0 com_z=0.938 com_x=-0.171
t=  2.00 max|qacc|=     381.7 max|qvel|=   1.31 ncon=  0 com_z=0.954 com_x=-0.190
t=  2.50 max|qacc|=      18.4 max|qvel|=   0.76 ncon=  0 com_z=0.940 com_x=-0.175
t=  3.00 max|qacc|=      29.2 max|qvel|=   0.51 ncon=  0 com_z=0.953 com_x=-0.188
t=  3.50 max|qacc|=     148.9 max|qvel|=   0.34 ncon=  0 com_z=0.941 com_x=-0.173
t=  4.00 max|qacc|=      46.3 max|qvel|=   0.28 ncon=  0 com_z=0.950 com_x=-0.186
t=  4.50 max|qacc|=     531.5 max|qvel|=   1.59 ncon=  0 com_z=0.942 com_x=-0.173
t=  5.00 max|qacc|=     118.4 max|qvel|=   2.64 ncon=  0 com_z=0.947 com_x=-0.183
t=  5.50 max|qacc|=      72.5 max|qvel|=   0.67 ncon=  0 com_z=0.956 com_x=-0.113
t=  6.00 max|qacc|=     923.9 max|qvel|=   1.90 ncon=  0 com_z=0.963 com_x=-0.184
t=  6.50 max|qacc|=     170.3 max|qvel|=   2.34 ncon=  0 com_z=0.950 com_x=-0.116
t=  7.00 max|qacc|=     427.0 max|qvel|=   2.56 ncon=  0 com_z=0.952 com_x=-0.178
t=  7.50 max|qacc|=     237.3 max|qvel|=   3.15 ncon=  0 com_z=0.941 com_x=-0.128
t=  8.00 max|qacc|=     204.1 max|qvel|=   4.74 ncon=  0 com_z=0.942 com_x=-0.168
t=  8.50 max|qacc|=     191.0 max|qvel|=   6.60 ncon=  0 com_z=0.943 com_x=-0.142
t=  9.00 max|qacc|=     352.8 max|qvel|=   4.70 ncon=  0 com_z=0.940 com_x=-0.156
t=  9.50 max|qacc|=     146.8 max|qvel|=   5.98 ncon=  0 com_z=0.940 com_x=-0.163
t= 10.00 max|qacc|=    1254.4 max|qvel|=   7.64 ncon=  0 com_z=0.937 com_x=-0.141
t= 10.50 max|qacc|=     168.5 max|qvel|=  10.34 ncon=  0 com_z=0.950 com_x=-0.179
t= 11.00 max|qacc|=     211.2 max|qvel|=  19.13 ncon=  0 com_z=0.938 com_x=-0.126
t= 11.50 max|qacc|=     298.5 max|qvel|=   7.81 ncon=  0 com_z=0.956 com_x=-0.192
t= 12.00 max|qacc|=     458.8 max|qvel|=   7.37 ncon=  0 com_z=0.941 com_x=-0.113
t= 12.50 max|qacc|=      71.2 max|qvel|=   8.76 ncon=  0 com_z=0.966 com_x=-0.197
t= 13.00 max|qacc|=     162.4 max|qvel|=   2.11 ncon=  0 com_z=0.944 com_x=-0.108
t= 13.50 max|qacc|=     102.9 max|qvel|=   7.21 ncon=  0 com_z=0.965 com_x=-0.199
t= 14.00 max|qacc|=     104.2 max|qvel|=   1.24 ncon=  0 com_z=0.944 com_x=-0.103
t= 14.50 max|qacc|=     293.2 max|qvel|=   2.51 ncon=  0 com_z=0.964 com_x=-0.193
t= 15.00 max|qacc|=      73.5 max|qvel|=   1.69 ncon=  0 com_z=0.946 com_x=-0.110
t= 15.50 max|qacc|=     408.3 max|qvel|=   2.37 ncon=  0 com_z=0.955 com_x=-0.184
t= 16.00 max|qacc|=      68.1 max|qvel|=   0.91 ncon=  0 com_z=0.940 com_x=-0.174
t= 16.50 max|qacc|=     130.0 max|qvel|=   2.10 ncon=  0 com_z=0.949 com_x=-0.184
t= 17.00 max|qacc|=     908.5 max|qvel|=   1.10 ncon=  0 com_z=0.943 com_x=-0.177
t= 17.50 max|qacc|=     246.6 max|qvel|=   0.52 ncon=  0 com_z=0.949 com_x=-0.185
t= 18.00 max|qacc|=      87.2 max|qvel|=   0.96 ncon=  0 com_z=0.943 com_x=-0.177
t= 18.50 max|qacc|=     277.1 max|qvel|=   2.16 ncon=  0 com_z=0.949 com_x=-0.184
t= 19.00 max|qacc|=     176.8 max|qvel|=   0.59 ncon=  0 com_z=0.943 com_x=-0.178
t= 19.50 max|qacc|=      74.7 max|qvel|=   0.23 ncon=  0 com_z=0.948 com_x=-0.183
t= 20.00 max|qacc|=      46.2 max|qvel|=   0.26 ncon=  0 com_z=0.944 com_x=-0.178
t= 20.50 max|qacc|=     139.5 max|qvel|=   0.24 ncon=  0 com_z=0.947 com_x=-0.183
t= 21.00 max|qacc|=      93.8 max|qvel|=   1.20 ncon=  0 com_z=0.945 com_x=-0.178
t= 21.50 max|qacc|=     115.9 max|qvel|=   0.23 ncon=  0 com_z=0.946 com_x=-0.181
t= 22.00 max|qacc|=     106.5 max|qvel|=   0.26 ncon=  0 com_z=0.945 com_x=-0.180
t= 22.50 max|qacc|=      92.9 max|qvel|=   0.51 ncon=  0 com_z=0.946 com_x=-0.180
t= 23.00 max|qacc|=    2154.1 max|qvel|=   2.59 ncon=  0 com_z=0.946 com_x=-0.180
t= 23.50 max|qacc|=      68.1 max|qvel|=   0.20 ncon=  0 com_z=0.946 com_x=-0.181
t= 24.00 max|qacc|=     114.4 max|qvel|=   0.26 ncon=  0 com_z=0.946 com_x=-0.180
t= 24.50 max|qacc|=      47.3 max|qvel|=   0.29 ncon=  0 com_z=0.945 com_x=-0.180
t= 25.00 max|qacc|=     338.8 max|qvel|=   0.34 ncon=  0 com_z=0.946 com_x=-0.181
t= 25.50 max|qacc|=      62.7 max|qvel|=   0.66 ncon=  0 com_z=0.946 com_x=-0.180
t= 26.00 max|qacc|=     825.3 max|qvel|=   2.54 ncon=  0 com_z=0.946 com_x=-0.181
t= 26.50 max|qacc|=      71.7 max|qvel|=   0.57 ncon=  0 com_z=0.946 com_x=-0.180
t= 27.00 max|qacc|=     351.9 max|qvel|=   0.53 ncon=  0 com_z=0.946 com_x=-0.180
t= 27.50 max|qacc|=     149.7 max|qvel|=   0.43 ncon=  0 com_z=0.945 com_x=-0.181
t= 28.00 max|qacc|=      22.3 max|qvel|=   0.19 ncon=  0 com_z=0.946 com_x=-0.181
t= 28.50 max|qacc|=      68.1 max|qvel|=   0.17 ncon=  0 com_z=0.946 com_x=-0.180
t= 29.00 max|qacc|=     135.3 max|qvel|=   0.19 ncon=  0 com_z=0.946 com_x=-0.181
t= 29.50 max|qacc|=     250.6 max|qvel|=   0.35 ncon=  0 com_z=0.946 com_x=-0.180
t= 30.00 max|qacc|=      22.5 max|qvel|=   0.19 ncon=  0 com_z=0.946 com_x=-0.180
t= 30.50 max|qacc|=     102.0 max|qvel|=   0.24 ncon=  0 com_z=0.945 com_x=-0.181

== summary ==
pelvis/COM height: start 0.94 m, min 0.93 m, final 0.95 m  (stayed up)
COM x: min -0.21 max -0.10 final -0.18 m
COM y: min -0.048 max +0.040 m
RG_F_r bursts during walk window: 4
RG_r: cycles in window 5, period 2.12 s (0.47 Hz), E-duty 0.67
RG_l: cycles in window 5, period 1.99 s (0.50 Hz), E-duty 0.67
peak ctrl: [0.9  0.94 0.95 0.57 0.16 0.76 0.38 0.9  0.06 0.76 0.89 0.96 0.97 0.57
 0.14 0.76 0.37 0.89 0.01 0.73] (('vas_lat_r', 'med_gas_r', 'soleus_r', 'tib_ant_r', 'psoas_r', 'semimem_r', 'glut_max2_r', 'rect_fem_r', 'sar_r', 'grac_r', 'vas_lat_l', 'med_gas_l', 'soleus_l', 'tib_ant_l', 'psoas_l', 'semimem_l', 'glut_max2_l', 'rect_fem_l', 'sar_l', 'grac_l'))
  hip_flexion_r        -42.1 ..    60.4 deg
  knee_angle_r         -57.3 ..    13.3 deg
  ankle_angle_r        -81.2 ..    50.3 deg
  hip_adduction_r      -34.2 ..    19.4 deg
  subtalar_angle_r     -12.4 ..    11.1 deg
  hip_flexion_l        -37.8 ..    64.1 deg
  knee_angle_l         -56.6 ..    13.4 deg
  ankle_angle_l        -84.7 ..    51.8 deg
  hip_adduction_l      -32.1 ..    16.9 deg
  subtalar_angle_l     -15.6 ..    11.9 deg
  pelvis_tilt           -1.9 ..     0.9 deg
  pelvis_list           -1.2 ..     0.4 deg
  pelvis_rotation        1.9 ..     2.9 deg
saved spinal_run.npz
(plot skipped: 'PF_E2_r')
fitted baseline loaded: e2_pf=0.222 f1_df=0.098 f1_kf=0.148 post_kneext=0.011 post_hipext=0.068 desc_f=1.400 e2_adapt=1.700
start pose (normal): applied 20 coordinates as given; pelvis ty 0.920 m (env override unset); IMU-metric torso lean -0.0 deg (+ = back)
standing solve: nnls x in [0.00, 0.70], >0.1: 14 muscles
  top: add_long_l=0.70, tib_ant_r=0.61, tib_ant_l=0.46, ext_dig_r=0.37, glut_min1_l=0.33, pect_l=0.32, glut_min2_l=0.31, ext_dig_l=0.25
Fmax range: 5..3396 N | L range sample: [0.229942 0.326094]
t=  0.62 precursor: max|qacc|=1.22e+03 max|qvel|=30.7 (dof 55), ncon=0, max ctrl=0.97
t=  0.62 precursor: max|qacc|=1.24e+03 max|qvel|=31.6 (dof 55), ncon=0, max ctrl=0.97
t=  0.62 precursor: max|qacc|=1.18e+03 max|qvel|=32.3 (dof 55), ncon=0, max ctrl=0.97
t=  0.62 precursor: max|qacc|=1.06e+03 max|qvel|=32.8 (dof 55), ncon=0, max ctrl=0.97
t=  0.63 precursor: max|qacc|=887 max|qvel|=33.1 (dof 55), ncon=0, max ctrl=0.97
t=  0.63 precursor: max|qacc|=654 max|qvel|=33.1 (dof 55), ncon=0, max ctrl=0.97
t=  0.63 precursor: max|qacc|=2.62e+03 max|qvel|=33 (dof 55), ncon=0, max ctrl=0.97
t=  0.63 precursor: max|qacc|=4.22e+03 max|qvel|=32.8 (dof 55), ncon=0, max ctrl=0.97
t=  0.63 precursor: max|qacc|=3.8e+03 max|qvel|=32.4 (dof 55), ncon=0, max ctrl=0.97
t=  1.00 max|qacc|=      93.8 max|qvel|=   1.69 ncon=  0 com_z=0.976 com_x=-0.206
t=  1.50 max|qacc|=      51.3 max|qvel|=   2.40 ncon=  0 com_z=0.939 com_x=-0.174
t=  2.00 max|qacc|=     475.9 max|qvel|=   1.03 ncon=  0 com_z=0.955 com_x=-0.190
t=  2.50 max|qacc|=     104.0 max|qvel|=   0.71 ncon=  0 com_z=0.941 com_x=-0.177
t=  3.00 max|qacc|=     632.6 max|qvel|=   0.96 ncon=  0 com_z=0.953 com_x=-0.189
t=  3.50 max|qacc|=     144.5 max|qvel|=   0.42 ncon=  0 com_z=0.942 com_x=-0.175
t=  4.00 max|qacc|=      52.0 max|qvel|=   0.31 ncon=  0 com_z=0.950 com_x=-0.187
t=  4.50 max|qacc|=      90.3 max|qvel|=   0.20 ncon=  0 com_z=0.943 com_x=-0.176
t=  5.00 max|qacc|=     314.6 max|qvel|=   3.84 ncon=  0 com_z=0.943 com_x=-0.135
t=  5.50 max|qacc|=     260.4 max|qvel|=   3.88 ncon=  0 com_z=0.941 com_x=-0.163
t=  6.00 max|qacc|=     466.9 max|qvel|=   9.97 ncon=  0 com_z=0.959 com_x=-0.132
t=  6.50 max|qacc|=      93.6 max|qvel|=   7.58 ncon=  0 com_z=0.959 com_x=-0.174
t=  7.00 max|qacc|=     370.5 max|qvel|=   4.13 ncon=  0 com_z=0.943 com_x=-0.125
t=  7.50 max|qacc|=     104.5 max|qvel|=   4.84 ncon=  0 com_z=0.942 com_x=-0.168
t=  8.00 max|qacc|=      81.7 max|qvel|=   5.75 ncon=  0 com_z=0.947 com_x=-0.161
t=  8.50 max|qacc|=     654.6 max|qvel|=   6.63 ncon=  0 com_z=0.961 com_x=-0.132
t=  9.00 max|qacc|=     251.1 max|qvel|=   3.64 ncon=  0 com_z=0.948 com_x=-0.165
t=  9.50 max|qacc|=      97.0 max|qvel|=   6.99 ncon=  0 com_z=0.938 com_x=-0.154
t= 10.00 max|qacc|=     211.8 max|qvel|=  12.29 ncon=  0 com_z=0.948 com_x=-0.140
t= 10.50 max|qacc|=      66.4 max|qvel|=   8.77 ncon=  0 com_z=0.955 com_x=-0.167
t= 11.00 max|qacc|=     455.4 max|qvel|=   6.18 ncon=  0 com_z=0.971 com_x=-0.155
t= 11.50 max|qacc|=     239.2 max|qvel|=   6.91 ncon=  0 com_z=0.939 com_x=-0.124
t= 12.00 max|qacc|=      56.1 max|qvel|=   7.34 ncon=  0 com_z=0.967 com_x=-0.194
t= 12.50 max|qacc|=    1432.0 max|qvel|=   9.64 ncon=  0 com_z=0.987 com_x=-0.142
t= 13.00 max|qacc|=     220.9 max|qvel|=   7.05 ncon=  0 com_z=0.940 com_x=-0.126
t= 13.50 max|qacc|=     374.9 max|qvel|=   7.21 ncon=  0 com_z=0.975 com_x=-0.197
t= 14.00 max|qacc|=     586.0 max|qvel|=  16.25 ncon=  0 com_z=0.984 com_x=-0.131
t= 14.50 max|qacc|=     361.2 max|qvel|=   5.67 ncon=  0 com_z=0.943 com_x=-0.140
t= 15.00 max|qacc|=      90.1 max|qvel|=   7.41 ncon=  0 com_z=0.979 com_x=-0.193
t= 15.50 max|qacc|=      79.8 max|qvel|=   5.17 ncon=  0 com_z=0.981 com_x=-0.122
t= 16.00 max|qacc|=     264.5 max|qvel|=   5.57 ncon=  0 com_z=0.939 com_x=-0.136
t= 16.50 max|qacc|=      50.6 max|qvel|=   1.99 ncon=  0 com_z=0.962 com_x=-0.146
t= 17.00 max|qacc|=      46.9 max|qvel|=   2.97 ncon=  0 com_z=0.939 com_x=-0.128
t= 17.50 max|qacc|=     181.9 max|qvel|=   1.57 ncon=  0 com_z=0.938 com_x=-0.148
t= 18.00 max|qacc|=      26.8 max|qvel|=   0.80 ncon=  0 com_z=0.946 com_x=-0.141
t= 18.50 max|qacc|=      22.3 max|qvel|=   0.94 ncon=  0 com_z=0.940 com_x=-0.137
t= 19.00 max|qacc|=     203.2 max|qvel|=   0.53 ncon=  0 com_z=0.940 com_x=-0.143
t= 19.50 max|qacc|=     103.7 max|qvel|=   0.49 ncon=  0 com_z=0.942 com_x=-0.140
t= 20.00 max|qacc|=     188.3 max|qvel|=   0.33 ncon=  0 com_z=0.941 com_x=-0.139
t= 20.50 max|qacc|=     144.8 max|qvel|=   0.21 ncon=  0 com_z=0.940 com_x=-0.141
t= 21.00 max|qacc|=      49.6 max|qvel|=   0.29 ncon=  0 com_z=0.941 com_x=-0.140
t= 21.50 max|qacc|=      37.2 max|qvel|=   0.25 ncon=  0 com_z=0.941 com_x=-0.139
t= 22.00 max|qacc|=     110.8 max|qvel|=   0.27 ncon=  0 com_z=0.941 com_x=-0.140
t= 22.50 max|qacc|=      78.3 max|qvel|=   0.48 ncon=  0 com_z=0.941 com_x=-0.141
t= 23.00 max|qacc|=     111.2 max|qvel|=   0.98 ncon=  0 com_z=0.941 com_x=-0.140
t= 23.50 max|qacc|=      31.5 max|qvel|=   0.16 ncon=  0 com_z=0.941 com_x=-0.140
t= 24.00 max|qacc|=     124.5 max|qvel|=   0.55 ncon=  0 com_z=0.941 com_x=-0.141
t= 24.50 max|qacc|=     348.0 max|qvel|=   0.93 ncon=  0 com_z=0.941 com_x=-0.139
t= 25.00 max|qacc|=     119.1 max|qvel|=   0.13 ncon=  0 com_z=0.941 com_x=-0.140
t= 25.50 max|qacc|=      17.4 max|qvel|=   0.15 ncon=  0 com_z=0.941 com_x=-0.141
t= 26.00 max|qacc|=      63.4 max|qvel|=   0.16 ncon=  0 com_z=0.941 com_x=-0.140
t= 26.50 max|qacc|=       7.6 max|qvel|=   0.08 ncon=  0 com_z=0.941 com_x=-0.140
t= 27.00 max|qacc|=      16.8 max|qvel|=   0.20 ncon=  0 com_z=0.941 com_x=-0.141
t= 27.50 max|qacc|=      53.5 max|qvel|=   0.11 ncon=  0 com_z=0.941 com_x=-0.140
t= 28.00 max|qacc|=     154.5 max|qvel|=   0.29 ncon=  0 com_z=0.941 com_x=-0.140
t= 28.50 max|qacc|=     321.1 max|qvel|=   0.81 ncon=  0 com_z=0.941 com_x=-0.141
t= 29.00 max|qacc|=     310.9 max|qvel|=   0.46 ncon=  0 com_z=0.941 com_x=-0.140
t= 29.50 max|qacc|=      36.3 max|qvel|=   0.24 ncon=  0 com_z=0.941 com_x=-0.140
t= 30.00 max|qacc|=      55.0 max|qvel|=   0.59 ncon=  0 com_z=0.940 com_x=-0.140
t= 30.50 max|qacc|=     652.9 max|qvel|=   0.56 ncon=  0 com_z=0.941 com_x=-0.140

== summary ==
pelvis/COM height: start 0.94 m, min 0.93 m, final 0.94 m  (stayed up)
COM x: min -0.21 max -0.11 final -0.14 m
COM y: min -0.041 max +0.061 m
RG_F_r bursts during walk window: 13
RG_r: cycles in window 13, period 0.79 s (1.27 Hz), E-duty 0.31
peak ctrl: [0.91 0.95 0.97 0.75 0.27 0.75 0.4  0.91 0.2  0.72 0.91 0.97 0.98 0.37
 0.03 0.77 0.4  0.75 0.02 0.75] (('vas_lat_r', 'med_gas_r', 'soleus_r', 'tib_ant_r', 'psoas_r', 'semimem_r', 'glut_max2_r', 'rect_fem_r', 'sar_r', 'grac_r', 'vas_lat_l', 'med_gas_l', 'soleus_l', 'tib_ant_l', 'psoas_l', 'semimem_l', 'glut_max2_l', 'rect_fem_l', 'sar_l', 'grac_l'))
  hip_flexion_r        -55.4 ..    69.4 deg
  knee_angle_r         -66.3 ..    12.9 deg
  ankle_angle_r        -80.5 ..    51.1 deg
  hip_adduction_r      -85.1 ..    36.6 deg
  subtalar_angle_r     -11.5 ..    13.0 deg
  hip_flexion_l        -16.6 ..    64.0 deg
  knee_angle_l          -8.2 ..    11.0 deg
  ankle_angle_l        -85.3 ..     9.8 deg
  hip_adduction_l      -23.2 ..    13.9 deg
  subtalar_angle_l     -15.4 ..     0.0 deg
  pelvis_tilt           -1.9 ..     1.0 deg
  pelvis_list           -1.9 ..     0.8 deg
  pelvis_rotation        1.5 ..     3.1 deg
saved spinal_run.npz
(plot skipped: 'PF_E2_r')
fitted baseline loaded: e2_pf=0.222 f1_df=0.098 f1_kf=0.148 post_kneext=0.011 post_hipext=0.068 desc_f=1.400 e2_adapt=1.700
start pose (normal): applied 20 coordinates as given; pelvis ty 0.920 m (env override unset); IMU-metric torso lean -0.0 deg (+ = back)
standing solve: nnls x in [0.00, 0.70], >0.1: 14 muscles
  top: add_long_l=0.70, tib_ant_r=0.61, tib_ant_l=0.46, ext_dig_r=0.37, glut_min1_l=0.33, pect_l=0.32, glut_min2_l=0.31, ext_dig_l=0.25
Fmax range: 5..3396 N | L range sample: [0.229942 0.326094]
t=  0.62 precursor: max|qacc|=1.19e+03 max|qvel|=30.8 (dof 55), ncon=0, max ctrl=0.99
t=  0.62 precursor: max|qacc|=1.18e+03 max|qvel|=31.7 (dof 55), ncon=0, max ctrl=0.99
t=  0.62 precursor: max|qacc|=1.1e+03 max|qvel|=32.3 (dof 55), ncon=0, max ctrl=0.99
t=  0.62 precursor: max|qacc|=948 max|qvel|=32.6 (dof 55), ncon=0, max ctrl=0.98
t=  0.63 precursor: max|qacc|=747 max|qvel|=32.7 (dof 55), ncon=0, max ctrl=0.98
t=  0.63 precursor: max|qacc|=496 max|qvel|=32.5 (dof 55), ncon=0, max ctrl=0.98
t=  0.63 precursor: max|qacc|=3.13e+03 max|qvel|=32.2 (dof 55), ncon=0, max ctrl=0.98
t=  0.63 precursor: max|qacc|=4.09e+03 max|qvel|=31.8 (dof 55), ncon=0, max ctrl=0.98
t=  0.63 precursor: max|qacc|=3.44e+03 max|qvel|=31.3 (dof 55), ncon=0, max ctrl=0.98
t=  1.00 max|qacc|=      96.8 max|qvel|=   1.76 ncon=  0 com_z=0.980 com_x=-0.209
t=  1.50 max|qacc|=      25.9 max|qvel|=   2.59 ncon=  0 com_z=0.942 com_x=-0.178
t=  2.00 max|qacc|=      65.3 max|qvel|=   1.18 ncon=  0 com_z=0.956 com_x=-0.191
t=  2.50 max|qacc|=      52.0 max|qvel|=   0.93 ncon=  0 com_z=0.943 com_x=-0.181
t=  3.00 max|qacc|=      46.3 max|qvel|=   0.56 ncon=  0 com_z=0.954 com_x=-0.190
t=  3.50 max|qacc|=     118.0 max|qvel|=   0.57 ncon=  0 com_z=0.943 com_x=-0.179
t=  4.00 max|qacc|=     106.8 max|qvel|=   0.28 ncon=  0 com_z=0.951 com_x=-0.188
t=  4.50 max|qacc|=      96.9 max|qvel|=   0.23 ncon=  0 com_z=0.945 com_x=-0.179
t=  5.00 max|qacc|=     131.8 max|qvel|=   5.83 ncon=  0 com_z=0.942 com_x=-0.177
t=  5.50 max|qacc|=     138.1 max|qvel|=   2.98 ncon=  0 com_z=0.948 com_x=-0.123
t=  6.00 max|qacc|=     129.6 max|qvel|=   2.33 ncon=  0 com_z=0.955 com_x=-0.184
t=  6.50 max|qacc|=     106.0 max|qvel|=   1.26 ncon=  0 com_z=0.955 com_x=-0.117
t=  7.00 max|qacc|=     460.1 max|qvel|=   8.12 ncon=  0 com_z=0.940 com_x=-0.158
t=  7.50 max|qacc|=     144.4 max|qvel|=   6.46 ncon=  0 com_z=0.943 com_x=-0.160
t=  8.00 max|qacc|=     116.5 max|qvel|=   1.34 ncon=  0 com_z=0.940 com_x=-0.134
t=  8.50 max|qacc|=      74.6 max|qvel|=   7.14 ncon=  0 com_z=0.960 com_x=-0.192
t=  9.00 max|qacc|=      62.2 max|qvel|=   2.25 ncon=  0 com_z=0.948 com_x=-0.115
t=  9.50 max|qacc|=     277.5 max|qvel|=   3.35 ncon=  0 com_z=0.946 com_x=-0.176
t= 10.00 max|qacc|=     143.6 max|qvel|=   2.69 ncon=  0 com_z=0.949 com_x=-0.126
t= 10.50 max|qacc|=     196.2 max|qvel|=  17.79 ncon=  0 com_z=0.937 com_x=-0.149
t= 11.00 max|qacc|=      44.5 max|qvel|=   9.56 ncon=  0 com_z=0.952 com_x=-0.179
t= 11.50 max|qacc|=     283.8 max|qvel|=   1.73 ncon=  0 com_z=0.942 com_x=-0.125
t= 12.00 max|qacc|=     214.1 max|qvel|=   4.50 ncon=  0 com_z=0.958 com_x=-0.191
t= 12.50 max|qacc|=      48.2 max|qvel|=   0.79 ncon=  0 com_z=0.952 com_x=-0.109
t= 13.00 max|qacc|=     304.6 max|qvel|=   5.49 ncon=  0 com_z=0.939 com_x=-0.165
t= 13.50 max|qacc|=     712.5 max|qvel|=   4.35 ncon=  0 com_z=0.949 com_x=-0.149
t= 14.00 max|qacc|=     298.4 max|qvel|=   5.66 ncon=  0 com_z=0.942 com_x=-0.137
t= 14.50 max|qacc|=     179.3 max|qvel|=   6.81 ncon=  0 com_z=0.959 com_x=-0.194
t= 15.00 max|qacc|=     127.2 max|qvel|=   2.64 ncon=  0 com_z=0.945 com_x=-0.112
t= 15.50 max|qacc|=     169.8 max|qvel|=   1.83 ncon=  0 com_z=0.947 com_x=-0.178
t= 16.00 max|qacc|=      30.2 max|qvel|=   0.94 ncon=  0 com_z=0.944 com_x=-0.183
t= 16.50 max|qacc|=      24.5 max|qvel|=   0.80 ncon=  0 com_z=0.950 com_x=-0.184
t= 17.00 max|qacc|=     228.4 max|qvel|=   1.66 ncon=  0 com_z=0.948 com_x=-0.184
t= 17.50 max|qacc|=      75.3 max|qvel|=   0.40 ncon=  0 com_z=0.948 com_x=-0.185
t= 18.00 max|qacc|=     139.0 max|qvel|=   1.15 ncon=  0 com_z=0.947 com_x=-0.183
t= 18.50 max|qacc|=      71.9 max|qvel|=   0.20 ncon=  0 com_z=0.949 com_x=-0.184
t= 19.00 max|qacc|=      25.5 max|qvel|=   0.24 ncon=  0 com_z=0.947 com_x=-0.184
t= 19.50 max|qacc|=     185.9 max|qvel|=   0.31 ncon=  0 com_z=0.949 com_x=-0.185
t= 20.00 max|qacc|=     114.5 max|qvel|=   0.74 ncon=  0 com_z=0.947 com_x=-0.182
t= 20.50 max|qacc|=      99.3 max|qvel|=   0.89 ncon=  0 com_z=0.948 com_x=-0.185
t= 21.00 max|qacc|=      83.7 max|qvel|=   0.49 ncon=  0 com_z=0.947 com_x=-0.183
t= 21.50 max|qacc|=     148.2 max|qvel|=   0.17 ncon=  0 com_z=0.949 com_x=-0.184
t= 22.00 max|qacc|=      62.6 max|qvel|=   0.21 ncon=  0 com_z=0.947 com_x=-0.184
t= 22.50 max|qacc|=      79.1 max|qvel|=   0.38 ncon=  0 com_z=0.949 com_x=-0.184
t= 23.00 max|qacc|=    1189.8 max|qvel|=   1.63 ncon=  0 com_z=0.948 com_x=-0.183
t= 23.50 max|qacc|=     120.6 max|qvel|=   1.01 ncon=  0 com_z=0.948 com_x=-0.185
t= 24.00 max|qacc|=      61.2 max|qvel|=   0.16 ncon=  0 com_z=0.948 com_x=-0.184
t= 24.50 max|qacc|=      87.5 max|qvel|=   0.73 ncon=  0 com_z=0.948 com_x=-0.184
t= 25.00 max|qacc|=      99.2 max|qvel|=   0.23 ncon=  0 com_z=0.948 com_x=-0.184
t= 25.50 max|qacc|=     597.2 max|qvel|=   0.71 ncon=  0 com_z=0.948 com_x=-0.184
t= 26.00 max|qacc|=      48.1 max|qvel|=   0.24 ncon=  0 com_z=0.948 com_x=-0.183
t= 26.50 max|qacc|=      33.1 max|qvel|=   0.19 ncon=  0 com_z=0.948 com_x=-0.184
t= 27.00 max|qacc|=    1109.2 max|qvel|=   1.50 ncon=  0 com_z=0.948 com_x=-0.184
t= 27.50 max|qacc|=      21.3 max|qvel|=   0.18 ncon=  0 com_z=0.948 com_x=-0.184
t= 28.00 max|qacc|=     235.2 max|qvel|=   0.21 ncon=  0 com_z=0.948 com_x=-0.184
t= 28.50 max|qacc|=     109.0 max|qvel|=   0.14 ncon=  0 com_z=0.948 com_x=-0.184
t= 29.00 max|qacc|=      18.4 max|qvel|=   0.35 ncon=  0 com_z=0.948 com_x=-0.183
t= 29.50 max|qacc|=      17.9 max|qvel|=   0.22 ncon=  0 com_z=0.948 com_x=-0.184
t= 30.00 max|qacc|=     111.8 max|qvel|=   0.19 ncon=  0 com_z=0.948 com_x=-0.184
t= 30.50 max|qacc|=     163.9 max|qvel|=   0.23 ncon=  0 com_z=0.948 com_x=-0.183

== summary ==
pelvis/COM height: start 0.94 m, min 0.93 m, final 0.95 m  (stayed up)
COM x: min -0.21 max -0.11 final -0.18 m
COM y: min -0.040 max +0.038 m
RG_F_r bursts during walk window: 4
RG_r: cycles in window 4, period 2.39 s (0.42 Hz), E-duty 0.62
RG_l: cycles in window 4, period 2.39 s (0.42 Hz), E-duty 0.66
peak ctrl: [0.94 0.98 0.99 0.65 0.3  0.77 0.46 0.91 0.13 0.79 0.94 0.99 1.   0.64
 0.29 0.77 0.45 0.91 0.11 0.78] (('vas_lat_r', 'med_gas_r', 'soleus_r', 'tib_ant_r', 'psoas_r', 'semimem_r', 'glut_max2_r', 'rect_fem_r', 'sar_r', 'grac_r', 'vas_lat_l', 'med_gas_l', 'soleus_l', 'tib_ant_l', 'psoas_l', 'semimem_l', 'glut_max2_l', 'rect_fem_l', 'sar_l', 'grac_l'))
  hip_flexion_r        -44.4 ..    53.7 deg
  knee_angle_r         -58.2 ..    12.6 deg
  ankle_angle_r        -82.3 ..    50.9 deg
  hip_adduction_r      -34.6 ..     8.7 deg
  subtalar_angle_r     -10.5 ..    12.8 deg
  hip_flexion_l        -40.1 ..    65.9 deg
  knee_angle_l         -55.9 ..    12.6 deg
  ankle_angle_l        -85.4 ..    51.4 deg
  hip_adduction_l      -33.3 ..    13.2 deg
  subtalar_angle_l     -14.4 ..    13.0 deg
  pelvis_tilt           -1.9 ..     1.1 deg
  pelvis_list           -1.0 ..     0.1 deg
  pelvis_rotation        2.1 ..     2.8 deg
saved spinal_run.npz
(plot skipped: 'PF_E2_r')
== stage 2 best 80.590 (trial 22)
{
 "drive": 2.7919308815086064,
 "rg_nap_h": 0.3646208044458142,
 "desc_e": 1.4977129453991609,
 "desc_f": 1.7022135154391724,
 "rg_to_pf": 1.809396250032217,
 "ia_to_mn": 0.4708402886457706,
 "ia_to_antagonist": 0.34475286036809494,
 "ii_to_mn": 0.03918816327396835,
 "ib_to_mn_inh": 0.29810836597824697
}
saved curriculum_w2lvar_stage2.json
WARNING: Inertia matrix is too close to singular at DOF 23. Check model. Time = 5.6080.

=== w2lvar stage 3 +30 Sat Sep 26 06:21:59 PDT 2026 ===
[w2lvar] pinned AARL_NET=w2lvar AARL_NPZ=spinal_run_w2lvar.npz DB=sqlite:///optuna_w2lvar.db
fitted baseline loaded: e2_pf=0.222 f1_df=0.098 f1_kf=0.148 post_kneext=0.011 post_hipext=0.068 desc_f=1.400 e2_adapt=1.700
start pose (normal): applied 20 coordinates as given; pelvis ty 0.920 m (env override unset); IMU-metric torso lean -0.0 deg (+ = back)
standing solve: nnls x in [0.00, 0.70], >0.1: 14 muscles
  top: add_long_l=0.70, tib_ant_r=0.61, tib_ant_l=0.46, ext_dig_r=0.37, glut_min1_l=0.33, pect_l=0.32, glut_min2_l=0.31, ext_dig_l=0.25
Fmax range: 5..3396 N | L range sample: [0.229942 0.326094]
fitted baseline loaded: e2_pf=0.222 f1_df=0.098 f1_kf=0.148 post_kneext=0.011 post_hipext=0.068 desc_f=1.400 e2_adapt=1.700
start pose (normal): applied 20 coordinates as given; pelvis ty 0.920 m (env override unset); IMU-metric torso lean -0.0 deg (+ = back)
standing solve: nnls x in [0.00, 0.70], >0.1: 14 muscles
  top: add_long_l=0.70, tib_ant_r=0.61, tib_ant_l=0.46, ext_dig_r=0.37, glut_min1_l=0.33, pect_l=0.32, glut_min2_l=0.31, ext_dig_l=0.25
Fmax range: 5..3396 N | L range sample: [0.229942 0.326094]
fitted baseline loaded: e2_pf=0.222 f1_df=0.098 f1_kf=0.148 post_kneext=0.011 post_hipext=0.068 desc_f=1.400 e2_adapt=1.700
start pose (normal): applied 20 coordinates as given; pelvis ty 0.920 m (env override unset); IMU-metric torso lean -0.0 deg (+ = back)
standing solve: nnls x in [0.00, 0.70], >0.1: 14 muscles
  top: add_long_l=0.70, tib_ant_r=0.61, tib_ant_l=0.46, ext_dig_r=0.37, glut_min1_l=0.33, pect_l=0.32, glut_min2_l=0.31, ext_dig_l=0.25
Fmax range: 5..3396 N | L range sample: [0.229942 0.326094]
fitted baseline loaded: e2_pf=0.222 f1_df=0.098 f1_kf=0.148 post_kneext=0.011 post_hipext=0.068 desc_f=1.400 e2_adapt=1.700
start pose (normal): applied 20 coordinates as given; pelvis ty 0.920 m (env override unset); IMU-metric torso lean -0.0 deg (+ = back)
standing solve: nnls x in [0.00, 0.70], >0.1: 14 muscles
  top: add_long_l=0.70, tib_ant_r=0.61, tib_ant_l=0.46, ext_dig_r=0.37, glut_min1_l=0.33, pect_l=0.32, glut_min2_l=0.31, ext_dig_l=0.25
Fmax range: 5..3396 N | L range sample: [0.229942 0.326094]
fitted baseline loaded: e2_pf=0.222 f1_df=0.098 f1_kf=0.148 post_kneext=0.011 post_hipext=0.068 desc_f=1.400 e2_adapt=1.700
start pose (normal): applied 20 coordinates as given; pelvis ty 0.920 m (env override unset); IMU-metric torso lean -0.0 deg (+ = back)
standing solve: nnls x in [0.00, 0.70], >0.1: 14 muscles
  top: add_long_l=0.70, tib_ant_r=0.61, tib_ant_l=0.46, ext_dig_r=0.37, glut_min1_l=0.33, pect_l=0.32, glut_min2_l=0.31, ext_dig_l=0.25
Fmax range: 5..3396 N | L range sample: [0.229942 0.326094]
fitted baseline loaded: e2_pf=0.222 f1_df=0.098 f1_kf=0.148 post_kneext=0.011 post_hipext=0.068 desc_f=1.400 e2_adapt=1.700
start pose (normal): applied 20 coordinates as given; pelvis ty 0.920 m (env override unset); IMU-metric torso lean -0.0 deg (+ = back)
standing solve: nnls x in [0.00, 0.70], >0.1: 14 muscles
  top: add_long_l=0.70, tib_ant_r=0.61, tib_ant_l=0.46, ext_dig_r=0.37, glut_min1_l=0.33, pect_l=0.32, glut_min2_l=0.31, ext_dig_l=0.25
Fmax range: 5..3396 N | L range sample: [0.229942 0.326094]
fitted baseline loaded: e2_pf=0.222 f1_df=0.098 f1_kf=0.148 post_kneext=0.011 post_hipext=0.068 desc_f=1.400 e2_adapt=1.700
start pose (normal): applied 20 coordinates as given; pelvis ty 0.920 m (env override unset); IMU-metric torso lean -0.0 deg (+ = back)
standing solve: nnls x in [0.00, 0.70], >0.1: 14 muscles
  top: add_long_l=0.70, tib_ant_r=0.61, tib_ant_l=0.46, ext_dig_r=0.37, glut_min1_l=0.33, pect_l=0.32, glut_min2_l=0.31, ext_dig_l=0.25
Fmax range: 5..3396 N | L range sample: [0.229942 0.326094]
fitted baseline loaded: e2_pf=0.222 f1_df=0.098 f1_kf=0.148 post_kneext=0.011 post_hipext=0.068 desc_f=1.400 e2_adapt=1.700
start pose (normal): applied 20 coordinates as given; pelvis ty 0.920 m (env override unset); IMU-metric torso lean -0.0 deg (+ = back)
standing solve: nnls x in [0.00, 0.70], >0.1: 14 muscles
  top: add_long_l=0.70, tib_ant_r=0.61, tib_ant_l=0.46, ext_dig_r=0.37, glut_min1_l=0.33, pect_l=0.32, glut_min2_l=0.31, ext_dig_l=0.25
Fmax range: 5..3396 N | L range sample: [0.229942 0.326094]
fitted baseline loaded: e2_pf=0.222 f1_df=0.098 f1_kf=0.148 post_kneext=0.011 post_hipext=0.068 desc_f=1.400 e2_adapt=1.700
start pose (normal): applied 20 coordinates as given; pelvis ty 0.920 m (env override unset); IMU-metric torso lean -0.0 deg (+ = back)
standing solve: nnls x in [0.00, 0.70], >0.1: 14 muscles
  top: add_long_l=0.70, tib_ant_r=0.61, tib_ant_l=0.46, ext_dig_r=0.37, glut_min1_l=0.33, pect_l=0.32, glut_min2_l=0.31, ext_dig_l=0.25
Fmax range: 5..3396 N | L range sample: [0.229942 0.326094]
fitted baseline loaded: e2_pf=0.222 f1_df=0.098 f1_kf=0.148 post_kneext=0.011 post_hipext=0.068 desc_f=1.400 e2_adapt=1.700
start pose (normal): applied 20 coordinates as given; pelvis ty 0.920 m (env override unset); IMU-metric torso lean -0.0 deg (+ = back)
standing solve: nnls x in [0.00, 0.70], >0.1: 14 muscles
  top: add_long_l=0.70, tib_ant_r=0.61, tib_ant_l=0.46, ext_dig_r=0.37, glut_min1_l=0.33, pect_l=0.32, glut_min2_l=0.31, ext_dig_l=0.25
Fmax range: 5..3396 N | L range sample: [0.229942 0.326094]
fitted baseline loaded: e2_pf=0.222 f1_df=0.098 f1_kf=0.148 post_kneext=0.011 post_hipext=0.068 desc_f=1.400 e2_adapt=1.700
start pose (normal): applied 20 coordinates as given; pelvis ty 0.920 m (env override unset); IMU-metric torso lean -0.0 deg (+ = back)
standing solve: nnls x in [0.00, 0.70], >0.1: 14 muscles
  top: add_long_l=0.70, tib_ant_r=0.61, tib_ant_l=0.46, ext_dig_r=0.37, glut_min1_l=0.33, pect_l=0.32, glut_min2_l=0.31, ext_dig_l=0.25
Fmax range: 5..3396 N | L range sample: [0.229942 0.326094]
fitted baseline loaded: e2_pf=0.222 f1_df=0.098 f1_kf=0.148 post_kneext=0.011 post_hipext=0.068 desc_f=1.400 e2_adapt=1.700
start pose (normal): applied 20 coordinates as given; pelvis ty 0.920 m (env override unset); IMU-metric torso lean -0.0 deg (+ = back)
standing solve: nnls x in [0.00, 0.70], >0.1: 14 muscles
  top: add_long_l=0.70, tib_ant_r=0.61, tib_ant_l=0.46, ext_dig_r=0.37, glut_min1_l=0.33, pect_l=0.32, glut_min2_l=0.31, ext_dig_l=0.25
Fmax range: 5..3396 N | L range sample: [0.229942 0.326094]
fitted baseline loaded: e2_pf=0.222 f1_df=0.098 f1_kf=0.148 post_kneext=0.011 post_hipext=0.068 desc_f=1.400 e2_adapt=1.700
start pose (normal): applied 20 coordinates as given; pelvis ty 0.920 m (env override unset); IMU-metric torso lean -0.0 deg (+ = back)
standing solve: nnls x in [0.00, 0.70], >0.1: 14 muscles
  top: add_long_l=0.70, tib_ant_r=0.61, tib_ant_l=0.46, ext_dig_r=0.37, glut_min1_l=0.33, pect_l=0.32, glut_min2_l=0.31, ext_dig_l=0.25
Fmax range: 5..3396 N | L range sample: [0.229942 0.326094]
fitted baseline loaded: e2_pf=0.222 f1_df=0.098 f1_kf=0.148 post_kneext=0.011 post_hipext=0.068 desc_f=1.400 e2_adapt=1.700
start pose (normal): applied 20 coordinates as given; pelvis ty 0.920 m (env override unset); IMU-metric torso lean -0.0 deg (+ = back)
standing solve: nnls x in [0.00, 0.70], >0.1: 14 muscles
  top: add_long_l=0.70, tib_ant_r=0.61, tib_ant_l=0.46, ext_dig_r=0.37, glut_min1_l=0.33, pect_l=0.32, glut_min2_l=0.31, ext_dig_l=0.25
Fmax range: 5..3396 N | L range sample: [0.229942 0.326094]
fitted baseline loaded: e2_pf=0.222 f1_df=0.098 f1_kf=0.148 post_kneext=0.011 post_hipext=0.068 desc_f=1.400 e2_adapt=1.700
start pose (normal): applied 20 coordinates as given; pelvis ty 0.920 m (env override unset); IMU-metric torso lean -0.0 deg (+ = back)
standing solve: nnls x in [0.00, 0.70], >0.1: 14 muscles
  top: add_long_l=0.70, tib_ant_r=0.61, tib_ant_l=0.46, ext_dig_r=0.37, glut_min1_l=0.33, pect_l=0.32, glut_min2_l=0.31, ext_dig_l=0.25
Fmax range: 5..3396 N | L range sample: [0.229942 0.326094]
fitted baseline loaded: e2_pf=0.222 f1_df=0.098 f1_kf=0.148 post_kneext=0.011 post_hipext=0.068 desc_f=1.400 e2_adapt=1.700
start pose (normal): applied 20 coordinates as given; pelvis ty 0.920 m (env override unset); IMU-metric torso lean -0.0 deg (+ = back)
standing solve: nnls x in [0.00, 0.70], >0.1: 14 muscles
  top: add_long_l=0.70, tib_ant_r=0.61, tib_ant_l=0.46, ext_dig_r=0.37, glut_min1_l=0.33, pect_l=0.32, glut_min2_l=0.31, ext_dig_l=0.25
Fmax range: 5..3396 N | L range sample: [0.229942 0.326094]
fitted baseline loaded: e2_pf=0.222 f1_df=0.098 f1_kf=0.148 post_kneext=0.011 post_hipext=0.068 desc_f=1.400 e2_adapt=1.700
start pose (normal): applied 20 coordinates as given; pelvis ty 0.920 m (env override unset); IMU-metric torso lean -0.0 deg (+ = back)
standing solve: nnls x in [0.00, 0.70], >0.1: 14 muscles
  top: add_long_l=0.70, tib_ant_r=0.61, tib_ant_l=0.46, ext_dig_r=0.37, glut_min1_l=0.33, pect_l=0.32, glut_min2_l=0.31, ext_dig_l=0.25
Fmax range: 5..3396 N | L range sample: [0.229942 0.326094]
fitted baseline loaded: e2_pf=0.222 f1_df=0.098 f1_kf=0.148 post_kneext=0.011 post_hipext=0.068 desc_f=1.400 e2_adapt=1.700
start pose (normal): applied 20 coordinates as given; pelvis ty 0.920 m (env override unset); IMU-metric torso lean -0.0 deg (+ = back)
standing solve: nnls x in [0.00, 0.70], >0.1: 14 muscles
  top: add_long_l=0.70, tib_ant_r=0.61, tib_ant_l=0.46, ext_dig_r=0.37, glut_min1_l=0.33, pect_l=0.32, glut_min2_l=0.31, ext_dig_l=0.25
Fmax range: 5..3396 N | L range sample: [0.229942 0.326094]
fitted baseline loaded: e2_pf=0.222 f1_df=0.098 f1_kf=0.148 post_kneext=0.011 post_hipext=0.068 desc_f=1.400 e2_adapt=1.700
start pose (normal): applied 20 coordinates as given; pelvis ty 0.920 m (env override unset); IMU-metric torso lean -0.0 deg (+ = back)
standing solve: nnls x in [0.00, 0.70], >0.1: 14 muscles
  top: add_long_l=0.70, tib_ant_r=0.61, tib_ant_l=0.46, ext_dig_r=0.37, glut_min1_l=0.33, pect_l=0.32, glut_min2_l=0.31, ext_dig_l=0.25
Fmax range: 5..3396 N | L range sample: [0.229942 0.326094]
fitted baseline loaded: e2_pf=0.222 f1_df=0.098 f1_kf=0.148 post_kneext=0.011 post_hipext=0.068 desc_f=1.400 e2_adapt=1.700
start pose (normal): applied 20 coordinates as given; pelvis ty 0.920 m (env override unset); IMU-metric torso lean -0.0 deg (+ = back)
standing solve: nnls x in [0.00, 0.70], >0.1: 14 muscles
  top: add_long_l=0.70, tib_ant_r=0.61, tib_ant_l=0.46, ext_dig_r=0.37, glut_min1_l=0.33, pect_l=0.32, glut_min2_l=0.31, ext_dig_l=0.25
Fmax range: 5..3396 N | L range sample: [0.229942 0.326094]
fitted baseline loaded: e2_pf=0.222 f1_df=0.098 f1_kf=0.148 post_kneext=0.011 post_hipext=0.068 desc_f=1.400 e2_adapt=1.700
start pose (normal): applied 20 coordinates as given; pelvis ty 0.920 m (env override unset); IMU-metric torso lean -0.0 deg (+ = back)
standing solve: nnls x in [0.00, 0.70], >0.1: 14 muscles
  top: add_long_l=0.70, tib_ant_r=0.61, tib_ant_l=0.46, ext_dig_r=0.37, glut_min1_l=0.33, pect_l=0.32, glut_min2_l=0.31, ext_dig_l=0.25
Fmax range: 5..3396 N | L range sample: [0.229942 0.326094]
fitted baseline loaded: e2_pf=0.222 f1_df=0.098 f1_kf=0.148 post_kneext=0.011 post_hipext=0.068 desc_f=1.400 e2_adapt=1.700
start pose (normal): applied 20 coordinates as given; pelvis ty 0.920 m (env override unset); IMU-metric torso lean -0.0 deg (+ = back)
standing solve: nnls x in [0.00, 0.70], >0.1: 14 muscles
  top: add_long_l=0.70, tib_ant_r=0.61, tib_ant_l=0.46, ext_dig_r=0.37, glut_min1_l=0.33, pect_l=0.32, glut_min2_l=0.31, ext_dig_l=0.25
Fmax range: 5..3396 N | L range sample: [0.229942 0.326094]
fitted baseline loaded: e2_pf=0.222 f1_df=0.098 f1_kf=0.148 post_kneext=0.011 post_hipext=0.068 desc_f=1.400 e2_adapt=1.700
start pose (normal): applied 20 coordinates as given; pelvis ty 0.920 m (env override unset); IMU-metric torso lean -0.0 deg (+ = back)
standing solve: nnls x in [0.00, 0.70], >0.1: 14 muscles
  top: add_long_l=0.70, tib_ant_r=0.61, tib_ant_l=0.46, ext_dig_r=0.37, glut_min1_l=0.33, pect_l=0.32, glut_min2_l=0.31, ext_dig_l=0.25
Fmax range: 5..3396 N | L range sample: [0.229942 0.326094]
fitted baseline loaded: e2_pf=0.222 f1_df=0.098 f1_kf=0.148 post_kneext=0.011 post_hipext=0.068 desc_f=1.400 e2_adapt=1.700
start pose (normal): applied 20 coordinates as given; pelvis ty 0.920 m (env override unset); IMU-metric torso lean -0.0 deg (+ = back)
standing solve: nnls x in [0.00, 0.70], >0.1: 14 muscles
  top: add_long_l=0.70, tib_ant_r=0.61, tib_ant_l=0.46, ext_dig_r=0.37, glut_min1_l=0.33, pect_l=0.32, glut_min2_l=0.31, ext_dig_l=0.25
Fmax range: 5..3396 N | L range sample: [0.229942 0.326094]
fitted baseline loaded: e2_pf=0.222 f1_df=0.098 f1_kf=0.148 post_kneext=0.011 post_hipext=0.068 desc_f=1.400 e2_adapt=1.700
start pose (normal): applied 20 coordinates as given; pelvis ty 0.920 m (env override unset); IMU-metric torso lean -0.0 deg (+ = back)
standing solve: nnls x in [0.00, 0.70], >0.1: 14 muscles
  top: add_long_l=0.70, tib_ant_r=0.61, tib_ant_l=0.46, ext_dig_r=0.37, glut_min1_l=0.33, pect_l=0.32, glut_min2_l=0.31, ext_dig_l=0.25
Fmax range: 5..3396 N | L range sample: [0.229942 0.326094]
fitted baseline loaded: e2_pf=0.222 f1_df=0.098 f1_kf=0.148 post_kneext=0.011 post_hipext=0.068 desc_f=1.400 e2_adapt=1.700
start pose (normal): applied 20 coordinates as given; pelvis ty 0.920 m (env override unset); IMU-metric torso lean -0.0 deg (+ = back)
standing solve: nnls x in [0.00, 0.70], >0.1: 14 muscles
  top: add_long_l=0.70, tib_ant_r=0.61, tib_ant_l=0.46, ext_dig_r=0.37, glut_min1_l=0.33, pect_l=0.32, glut_min2_l=0.31, ext_dig_l=0.25
Fmax range: 5..3396 N | L range sample: [0.229942 0.326094]
fitted baseline loaded: e2_pf=0.222 f1_df=0.098 f1_kf=0.148 post_kneext=0.011 post_hipext=0.068 desc_f=1.400 e2_adapt=1.700
start pose (normal): applied 20 coordinates as given; pelvis ty 0.920 m (env override unset); IMU-metric torso lean -0.0 deg (+ = back)
standing solve: nnls x in [0.00, 0.70], >0.1: 14 muscles
  top: add_long_l=0.70, tib_ant_r=0.61, tib_ant_l=0.46, ext_dig_r=0.37, glut_min1_l=0.33, pect_l=0.32, glut_min2_l=0.31, ext_dig_l=0.25
Fmax range: 5..3396 N | L range sample: [0.229942 0.326094]
fitted baseline loaded: e2_pf=0.222 f1_df=0.098 f1_kf=0.148 post_kneext=0.011 post_hipext=0.068 desc_f=1.400 e2_adapt=1.700
start pose (normal): applied 20 coordinates as given; pelvis ty 0.920 m (env override unset); IMU-metric torso lean -0.0 deg (+ = back)
standing solve: nnls x in [0.00, 0.70], >0.1: 14 muscles
  top: add_long_l=0.70, tib_ant_r=0.61, tib_ant_l=0.46, ext_dig_r=0.37, glut_min1_l=0.33, pect_l=0.32, glut_min2_l=0.31, ext_dig_l=0.25
Fmax range: 5..3396 N | L range sample: [0.229942 0.326094]
fitted baseline loaded: e2_pf=0.222 f1_df=0.098 f1_kf=0.148 post_kneext=0.011 post_hipext=0.068 desc_f=1.400 e2_adapt=1.700
start pose (normal): applied 20 coordinates as given; pelvis ty 0.920 m (env override unset); IMU-metric torso lean -0.0 deg (+ = back)
standing solve: nnls x in [0.00, 0.70], >0.1: 14 muscles
  top: add_long_l=0.70, tib_ant_r=0.61, tib_ant_l=0.46, ext_dig_r=0.37, glut_min1_l=0.33, pect_l=0.32, glut_min2_l=0.31, ext_dig_l=0.25
Fmax range: 5..3396 N | L range sample: [0.229942 0.326094]
fitted baseline loaded: e2_pf=0.222 f1_df=0.098 f1_kf=0.148 post_kneext=0.011 post_hipext=0.068 desc_f=1.400 e2_adapt=1.700
start pose (normal): applied 20 coordinates as given; pelvis ty 0.920 m (env override unset); IMU-metric torso lean -0.0 deg (+ = back)
standing solve: nnls x in [0.00, 0.70], >0.1: 14 muscles
  top: add_long_l=0.70, tib_ant_r=0.61, tib_ant_l=0.46, ext_dig_r=0.37, glut_min1_l=0.33, pect_l=0.32, glut_min2_l=0.31, ext_dig_l=0.25
Fmax range: 5..3396 N | L range sample: [0.229942 0.326094]
== stage 3 best 25.613 (trial 35)
{
 "drive": 3.8426570297796383,
 "rg_nap_h": 0.6529631514845831,
 "desc_e": 1.635171911753844,
 "desc_f": 1.0448532497940866,
 "rg_to_pf": 2.23108685726446,
 "ia_to_mn": 0.8787002957183886,
 "ia_to_antagonist": 0.5825723273596173,
 "ii_to_mn": 0.20113832431016196,
 "ib_to_mn_inh": 0.08773163882641606,
 "vest_prop": 0.1507899065613867,
 "rig_scale": 0.9971706864396181
}
saved curriculum_w2lvar_stage3.json
