=== syn6 stage 1 +30 Sat Sep 26 00:39:42 PDT 2026 ===
[syn6] pinned AARL_NET=syn6 AARL_NPZ=spinal_run_syn6.npz DB=sqlite:///optuna_syn6.db
fitted baseline loaded: e2_pf=0.222 f1_df=0.098 f1_kf=0.148 post_kneext=0.011 post_hipext=0.068 desc_f=1.400 e2_adapt=1.700
start pose (normal): applied 20 coordinates as given; pelvis ty 0.920 m (env override unset); IMU-metric torso lean -0.0 deg (+ = back)
standing solve: nnls x in [0.00, 0.70], >0.1: 14 muscles
  top: add_long_l=0.70, tib_ant_r=0.61, tib_ant_l=0.46, ext_dig_r=0.37, glut_min1_l=0.33, pect_l=0.32, glut_min2_l=0.31, ext_dig_l=0.25
Fmax range: 5..3396 N | L range sample: [0.229942 0.326094]
t=  1.00 max|qacc|=     240.0 max|qvel|=   1.34 ncon=  0 com_z=0.938 com_x=-0.150
t=  1.50 max|qacc|=      68.2 max|qvel|=   0.47 ncon=  0 com_z=0.937 com_x=-0.157
t=  2.00 max|qacc|=      75.1 max|qvel|=   0.25 ncon=  0 com_z=0.937 com_x=-0.155
t=  2.50 max|qacc|=     404.4 max|qvel|=   0.46 ncon=  0 com_z=0.938 com_x=-0.156
t=  3.00 max|qacc|=     107.3 max|qvel|=   0.45 ncon=  0 com_z=0.938 com_x=-0.156
t=  3.50 max|qacc|=      11.8 max|qvel|=   0.14 ncon=  0 com_z=0.938 com_x=-0.155
t=  4.00 max|qacc|=      15.8 max|qvel|=   0.10 ncon=  0 com_z=0.937 com_x=-0.151
t=  4.50 max|qacc|=     922.6 max|qvel|=   0.82 ncon=  0 com_z=0.937 com_x=-0.152
t=  5.00 max|qacc|=      59.5 max|qvel|=   4.81 ncon=  0 com_z=0.948 com_x=-0.126
t=  5.50 max|qacc|=     574.3 max|qvel|=   4.66 ncon=  0 com_z=0.941 com_x=-0.133
t=  6.00 max|qacc|=     121.1 max|qvel|=   6.79 ncon=  0 com_z=0.968 com_x=-0.139
t=  6.50 max|qacc|=      43.9 max|qvel|=   8.23 ncon=  0 com_z=0.934 com_x=-0.105
t=  7.00 max|qacc|=     670.1 max|qvel|=   5.37 ncon=  0 com_z=0.944 com_x=-0.169
t=  7.50 max|qacc|=      82.5 max|qvel|=   5.99 ncon=  0 com_z=0.965 com_x=-0.127
t=  8.00 max|qacc|=      66.5 max|qvel|=   8.40 ncon=  0 com_z=0.945 com_x=-0.112
t=  8.50 max|qacc|=     214.2 max|qvel|=   5.55 ncon=  0 com_z=0.941 com_x=-0.163
t=  9.00 max|qacc|=      75.7 max|qvel|=   5.73 ncon=  0 com_z=0.964 com_x=-0.128
t=  9.50 max|qacc|=      69.7 max|qvel|=   8.44 ncon=  0 com_z=0.946 com_x=-0.114
t= 10.00 max|qacc|=     559.7 max|qvel|=   5.58 ncon=  0 com_z=0.941 com_x=-0.163
t= 10.50 max|qacc|=      73.0 max|qvel|=   5.40 ncon=  0 com_z=0.963 com_x=-0.127
t= 11.00 max|qacc|=      75.1 max|qvel|=   8.41 ncon=  0 com_z=0.948 com_x=-0.115
t= 11.50 max|qacc|=    1494.9 max|qvel|=   5.73 ncon=  0 com_z=0.941 com_x=-0.163
t= 12.00 max|qacc|=      74.4 max|qvel|=   4.98 ncon=  0 com_z=0.962 com_x=-0.126
t= 12.50 max|qacc|=      79.2 max|qvel|=   8.38 ncon=  0 com_z=0.949 com_x=-0.116
t= 13.00 max|qacc|=     348.9 max|qvel|=   5.72 ncon=  0 com_z=0.942 com_x=-0.163
t= 13.50 max|qacc|=      76.8 max|qvel|=   4.52 ncon=  0 com_z=0.961 com_x=-0.125
t= 14.00 max|qacc|=      79.6 max|qvel|=   8.07 ncon=  0 com_z=0.949 com_x=-0.117
t= 14.50 max|qacc|=     221.6 max|qvel|=   5.67 ncon=  0 com_z=0.943 com_x=-0.163
t= 15.00 max|qacc|=      83.5 max|qvel|=   4.07 ncon=  0 com_z=0.960 com_x=-0.124
t= 15.50 max|qacc|=      76.4 max|qvel|=   5.60 ncon=  0 com_z=0.951 com_x=-0.125
t= 16.00 max|qacc|=      25.7 max|qvel|=   3.45 ncon=  0 com_z=0.972 com_x=-0.159
t= 16.50 max|qacc|=      12.1 max|qvel|=   0.76 ncon=  0 com_z=0.953 com_x=-0.127
t= 17.00 max|qacc|=       1.4 max|qvel|=   0.78 ncon=  0 com_z=0.951 com_x=-0.138
t= 17.50 max|qacc|=       1.7 max|qvel|=   0.26 ncon=  0 com_z=0.953 com_x=-0.141
t= 18.00 max|qacc|=       0.4 max|qvel|=   0.05 ncon=  0 com_z=0.953 com_x=-0.140
t= 18.50 max|qacc|=       0.1 max|qvel|=   0.01 ncon=  0 com_z=0.953 com_x=-0.140
t= 19.00 max|qacc|=       0.0 max|qvel|=   0.00 ncon=  0 com_z=0.953 com_x=-0.140
t= 19.50 max|qacc|=       0.0 max|qvel|=   0.00 ncon=  0 com_z=0.953 com_x=-0.140
t= 20.00 max|qacc|=       0.0 max|qvel|=   0.00 ncon=  0 com_z=0.953 com_x=-0.140
t= 20.50 max|qacc|=       0.0 max|qvel|=   0.00 ncon=  0 com_z=0.953 com_x=-0.140
t= 21.00 max|qacc|=       0.0 max|qvel|=   0.00 ncon=  0 com_z=0.953 com_x=-0.140
t= 21.50 max|qacc|=       0.0 max|qvel|=   0.00 ncon=  0 com_z=0.953 com_x=-0.140
t= 22.00 max|qacc|=       0.0 max|qvel|=   0.00 ncon=  0 com_z=0.953 com_x=-0.140
t= 22.50 max|qacc|=       0.0 max|qvel|=   0.00 ncon=  0 com_z=0.953 com_x=-0.140
t= 23.00 max|qacc|=       0.0 max|qvel|=   0.00 ncon=  0 com_z=0.953 com_x=-0.140
t= 23.50 max|qacc|=       0.0 max|qvel|=   0.00 ncon=  0 com_z=0.953 com_x=-0.140
t= 24.00 max|qacc|=       0.0 max|qvel|=   0.00 ncon=  0 com_z=0.953 com_x=-0.140
t= 24.50 max|qacc|=       0.0 max|qvel|=   0.00 ncon=  0 com_z=0.953 com_x=-0.140
t= 25.00 max|qacc|=       0.0 max|qvel|=   0.00 ncon=  0 com_z=0.953 com_x=-0.140
t= 25.50 max|qacc|=       0.0 max|qvel|=   0.00 ncon=  0 com_z=0.953 com_x=-0.140
t= 26.00 max|qacc|=       0.0 max|qvel|=   0.00 ncon=  0 com_z=0.953 com_x=-0.140
t= 26.50 max|qacc|=       0.0 max|qvel|=   0.00 ncon=  0 com_z=0.953 com_x=-0.140
t= 27.00 max|qacc|=       0.0 max|qvel|=   0.00 ncon=  0 com_z=0.953 com_x=-0.140
t= 27.50 max|qacc|=       0.0 max|qvel|=   0.00 ncon=  0 com_z=0.953 com_x=-0.140
t= 28.00 max|qacc|=       0.0 max|qvel|=   0.00 ncon=  0 com_z=0.953 com_x=-0.140
t= 28.50 max|qacc|=       0.0 max|qvel|=   0.00 ncon=  0 com_z=0.953 com_x=-0.140
t= 29.00 max|qacc|=       0.0 max|qvel|=   0.00 ncon=  0 com_z=0.953 com_x=-0.140
t= 29.50 max|qacc|=       0.0 max|qvel|=   0.00 ncon=  0 com_z=0.953 com_x=-0.140
t= 30.00 max|qacc|=       0.0 max|qvel|=   0.00 ncon=  0 com_z=0.953 com_x=-0.140
t= 30.50 max|qacc|=       0.0 max|qvel|=   0.00 ncon=  0 com_z=0.953 com_x=-0.140

== summary ==
pelvis/COM height: start 0.94 m, min 0.93 m, final 0.95 m  (stayed up)
COM x: min -0.17 max -0.10 final -0.14 m
COM y: min -0.026 max +0.009 m
RG_F_r bursts during walk window: 13
RG_r: cycles in window 14, period 0.76 s (1.32 Hz), E-duty 0.51
RG_l: cycles in window 14, period 0.76 s (1.32 Hz), E-duty 0.51
peak ctrl: [1.   1.   1.   1.   0.87 1.   0.61 0.5  0.99 0.93 1.   1.   1.   1.
 1.   1.   0.58 0.67 0.72 0.37] (('vas_lat_r', 'med_gas_r', 'soleus_r', 'tib_ant_r', 'psoas_r', 'semimem_r', 'glut_max2_r', 'rect_fem_r', 'sar_r', 'grac_r', 'vas_lat_l', 'med_gas_l', 'soleus_l', 'tib_ant_l', 'psoas_l', 'semimem_l', 'glut_max2_l', 'rect_fem_l', 'sar_l', 'grac_l'))
  hip_flexion_r         -8.5 ..    38.0 deg
  knee_angle_r         -91.3 ..    10.4 deg
  ankle_angle_r        -65.1 ..    27.1 deg
  hip_adduction_r      -34.2 ..    29.6 deg
  subtalar_angle_r     -22.3 ..     8.3 deg
  hip_flexion_l        -19.3 ..    27.1 deg
  knee_angle_l         -85.2 ..    10.5 deg
  ankle_angle_l        -67.9 ..     9.8 deg
  hip_adduction_l      -46.5 ..    41.3 deg
  subtalar_angle_l      -1.6 ..    33.2 deg
  pelvis_tilt           -1.9 ..     0.4 deg
  pelvis_list           -0.9 ..     0.4 deg
  pelvis_rotation        2.2 ..     2.7 deg
saved spinal_run.npz
(plot skipped: 'PF_E2_r')
[syn6] npz columns verified: neuro_names=['DRIVE', 'POSTURE', 'RG_E_r', 'RG_F_r', 'RG_E_l', 'RG_F_l', 'PF_S1_r', 'PF_S2_r', 'PF_S3_r', 'PF_S4_r', 'BAL_TRK_FLX', 'BAL_TRK_EXT', 'BAL_LAT_R', 'BAL_LAT_L'] -> RG_E_r idx 2; key_joints -> knee_angle_r idx 4
fitted baseline loaded: e2_pf=0.222 f1_df=0.098 f1_kf=0.148 post_kneext=0.011 post_hipext=0.068 desc_f=1.400 e2_adapt=1.700
start pose (normal): applied 20 coordinates as given; pelvis ty 0.920 m (env override unset); IMU-metric torso lean -0.0 deg (+ = back)
standing solve: nnls x in [0.00, 0.70], >0.1: 14 muscles
  top: add_long_l=0.70, tib_ant_r=0.61, tib_ant_l=0.46, ext_dig_r=0.37, glut_min1_l=0.33, pect_l=0.32, glut_min2_l=0.31, ext_dig_l=0.25
Fmax range: 5..3396 N | L range sample: [0.229942 0.326094]
t=  1.00 max|qacc|=      65.7 max|qvel|=   1.11 ncon=  0 com_z=0.938 com_x=-0.151
t=  1.50 max|qacc|=      45.9 max|qvel|=   0.43 ncon=  0 com_z=0.937 com_x=-0.157
t=  2.00 max|qacc|=     318.9 max|qvel|=   0.65 ncon=  0 com_z=0.938 com_x=-0.156
t=  2.50 max|qacc|=     105.0 max|qvel|=   0.43 ncon=  0 com_z=0.938 com_x=-0.157
t=  3.00 max|qacc|=     587.0 max|qvel|=   2.32 ncon=  0 com_z=0.938 com_x=-0.156
t=  3.50 max|qacc|=     153.8 max|qvel|=   0.75 ncon=  0 com_z=0.938 com_x=-0.156
t=  4.00 max|qacc|=      57.6 max|qvel|=   0.15 ncon=  0 com_z=0.937 com_x=-0.152
t=  4.50 max|qacc|=      13.8 max|qvel|=   0.37 ncon=  0 com_z=0.938 com_x=-0.152
t=  5.00 max|qacc|=      56.3 max|qvel|=   6.73 ncon=  0 com_z=0.941 com_x=-0.110
t=  5.50 max|qacc|=      94.5 max|qvel|=   3.99 ncon=  0 com_z=0.941 com_x=-0.137
t=  6.00 max|qacc|=      32.5 max|qvel|=   2.87 ncon=  0 com_z=0.973 com_x=-0.137
t=  6.50 max|qacc|=      46.0 max|qvel|=   8.60 ncon=  0 com_z=0.934 com_x=-0.094
t=  7.00 max|qacc|=     110.9 max|qvel|=   7.38 ncon=  0 com_z=0.948 com_x=-0.168
t=  7.50 max|qacc|=      47.9 max|qvel|=   2.92 ncon=  0 com_z=0.968 com_x=-0.119
t=  8.00 max|qacc|=      63.2 max|qvel|=   7.28 ncon=  0 com_z=0.943 com_x=-0.108
t=  8.50 max|qacc|=     118.3 max|qvel|=   7.56 ncon=  0 com_z=0.956 com_x=-0.166
t=  9.00 max|qacc|=      49.9 max|qvel|=   3.29 ncon=  0 com_z=0.957 com_x=-0.107
t=  9.50 max|qacc|=     115.5 max|qvel|=   3.51 ncon=  0 com_z=0.950 com_x=-0.128
t= 10.00 max|qacc|=      91.8 max|qvel|=   4.68 ncon=  0 com_z=0.965 com_x=-0.158
t= 10.50 max|qacc|=      58.2 max|qvel|=   5.19 ncon=  0 com_z=0.941 com_x=-0.098
t= 11.00 max|qacc|=      46.7 max|qvel|=   3.12 ncon=  0 com_z=0.950 com_x=-0.147
t= 11.50 max|qacc|=      31.1 max|qvel|=   3.45 ncon=  0 com_z=0.971 com_x=-0.146
t= 12.00 max|qacc|=      61.5 max|qvel|=   5.69 ncon=  0 com_z=0.933 com_x=-0.094
t= 12.50 max|qacc|=     156.1 max|qvel|=   4.13 ncon=  0 com_z=0.948 com_x=-0.161
t= 13.00 max|qacc|=      38.0 max|qvel|=   2.96 ncon=  0 com_z=0.973 com_x=-0.130
t= 13.50 max|qacc|=      52.7 max|qvel|=   8.17 ncon=  0 com_z=0.936 com_x=-0.098
t= 14.00 max|qacc|=      74.4 max|qvel|=   8.52 ncon=  0 com_z=0.950 com_x=-0.168
t= 14.50 max|qacc|=      52.3 max|qvel|=   2.96 ncon=  0 com_z=0.967 com_x=-0.116
t= 15.00 max|qacc|=      88.5 max|qvel|=   5.94 ncon=  0 com_z=0.945 com_x=-0.113
t= 15.50 max|qacc|=     128.9 max|qvel|=   4.78 ncon=  0 com_z=0.961 com_x=-0.165
t= 16.00 max|qacc|=     148.1 max|qvel|=   2.31 ncon=  0 com_z=0.927 com_x=-0.125
t= 16.50 max|qacc|=      74.5 max|qvel|=   0.79 ncon=  0 com_z=0.944 com_x=-0.164
t= 17.00 max|qacc|=      23.6 max|qvel|=   0.64 ncon=  0 com_z=0.936 com_x=-0.150
t= 17.50 max|qacc|=      54.5 max|qvel|=   0.37 ncon=  0 com_z=0.938 com_x=-0.159
t= 18.00 max|qacc|=      33.7 max|qvel|=   0.25 ncon=  0 com_z=0.938 com_x=-0.156
t= 18.50 max|qacc|=      25.6 max|qvel|=   0.36 ncon=  0 com_z=0.937 com_x=-0.157
t= 19.00 max|qacc|=     105.6 max|qvel|=   0.28 ncon=  0 com_z=0.938 com_x=-0.157
t= 19.50 max|qacc|=      12.6 max|qvel|=   0.07 ncon=  0 com_z=0.938 com_x=-0.156
t= 20.00 max|qacc|=      23.3 max|qvel|=   0.34 ncon=  0 com_z=0.938 com_x=-0.157
t= 20.50 max|qacc|=       7.2 max|qvel|=   0.22 ncon=  0 com_z=0.937 com_x=-0.156
t= 21.00 max|qacc|=      28.9 max|qvel|=   0.20 ncon=  0 com_z=0.938 com_x=-0.157
t= 21.50 max|qacc|=      54.3 max|qvel|=   0.07 ncon=  0 com_z=0.938 com_x=-0.157
t= 22.00 max|qacc|=      35.0 max|qvel|=   0.29 ncon=  0 com_z=0.938 com_x=-0.156
t= 22.50 max|qacc|=      10.6 max|qvel|=   0.17 ncon=  0 com_z=0.938 com_x=-0.157
t= 23.00 max|qacc|=      40.2 max|qvel|=   0.06 ncon=  0 com_z=0.938 com_x=-0.157
t= 23.50 max|qacc|=      44.5 max|qvel|=   0.68 ncon=  0 com_z=0.937 com_x=-0.156
t= 24.00 max|qacc|=      63.8 max|qvel|=   0.50 ncon=  0 com_z=0.938 com_x=-0.157
t= 24.50 max|qacc|=       8.4 max|qvel|=   0.25 ncon=  0 com_z=0.938 com_x=-0.156
t= 25.00 max|qacc|=     115.9 max|qvel|=   0.55 ncon=  0 com_z=0.938 com_x=-0.157
t= 25.50 max|qacc|=      83.3 max|qvel|=   0.21 ncon=  0 com_z=0.938 com_x=-0.156
t= 26.00 max|qacc|=      65.1 max|qvel|=   0.20 ncon=  0 com_z=0.938 com_x=-0.157
t= 26.50 max|qacc|=     177.8 max|qvel|=   1.45 ncon=  0 com_z=0.938 com_x=-0.156
t= 27.00 max|qacc|=     139.0 max|qvel|=   0.57 ncon=  0 com_z=0.938 com_x=-0.157
t= 27.50 max|qacc|=     285.0 max|qvel|=   0.17 ncon=  0 com_z=0.938 com_x=-0.157
t= 28.00 max|qacc|=     155.0 max|qvel|=   0.07 ncon=  0 com_z=0.938 com_x=-0.156
t= 28.50 max|qacc|=     132.0 max|qvel|=   0.35 ncon=  0 com_z=0.938 com_x=-0.157
t= 29.00 max|qacc|=     129.3 max|qvel|=   0.06 ncon=  0 com_z=0.938 com_x=-0.156
t= 29.50 max|qacc|=      71.0 max|qvel|=   0.29 ncon=  0 com_z=0.938 com_x=-0.157
t= 30.00 max|qacc|=      73.0 max|qvel|=   0.76 ncon=  0 com_z=0.938 com_x=-0.156
t= 30.50 max|qacc|=     224.3 max|qvel|=   0.36 ncon=  0 com_z=0.938 com_x=-0.157

== summary ==
pelvis/COM height: start 0.94 m, min 0.93 m, final 0.94 m  (stayed up)
COM x: min -0.17 max -0.09 final -0.16 m
COM y: min -0.022 max +0.005 m
RG_F_r bursts during walk window: 13
RG_r: cycles in window 13, period 0.78 s (1.28 Hz), E-duty 0.48
RG_l: cycles in window 13, period 0.78 s (1.28 Hz), E-duty 0.48
peak ctrl: [1.   1.   1.   1.   0.84 1.   0.45 0.5  0.97 0.93 1.   1.   1.   1.
 0.98 1.   0.52 0.67 0.68 0.37] (('vas_lat_r', 'med_gas_r', 'soleus_r', 'tib_ant_r', 'psoas_r', 'semimem_r', 'glut_max2_r', 'rect_fem_r', 'sar_r', 'grac_r', 'vas_lat_l', 'med_gas_l', 'soleus_l', 'tib_ant_l', 'psoas_l', 'semimem_l', 'glut_max2_l', 'rect_fem_l', 'sar_l', 'grac_l'))
  hip_flexion_r        -12.2 ..    40.3 deg
  knee_angle_r         -91.9 ..    10.4 deg
  ankle_angle_r        -65.2 ..    -1.7 deg
  hip_adduction_r      -33.3 ..    29.8 deg
  subtalar_angle_r     -10.9 ..     8.6 deg
  hip_flexion_l        -26.1 ..    24.1 deg
  knee_angle_l         -88.7 ..    10.4 deg
  ankle_angle_l        -67.6 ..     9.8 deg
  hip_adduction_l      -40.8 ..    32.7 deg
  subtalar_angle_l      -0.7 ..    12.4 deg
  pelvis_tilt           -1.9 ..     0.8 deg
  pelvis_list           -0.7 ..     0.0 deg
  pelvis_rotation        2.2 ..     2.6 deg
saved spinal_run.npz
(plot skipped: 'PF_E2_r')
fitted baseline loaded: e2_pf=0.222 f1_df=0.098 f1_kf=0.148 post_kneext=0.011 post_hipext=0.068 desc_f=1.400 e2_adapt=1.700
start pose (normal): applied 20 coordinates as given; pelvis ty 0.920 m (env override unset); IMU-metric torso lean -0.0 deg (+ = back)
standing solve: nnls x in [0.00, 0.70], >0.1: 14 muscles
  top: add_long_l=0.70, tib_ant_r=0.61, tib_ant_l=0.46, ext_dig_r=0.37, glut_min1_l=0.33, pect_l=0.32, glut_min2_l=0.31, ext_dig_l=0.25
Fmax range: 5..3396 N | L range sample: [0.229942 0.326094]
t=  1.00 max|qacc|=      72.9 max|qvel|=   1.77 ncon=  0 com_z=0.938 com_x=-0.150
t=  1.50 max|qacc|=       9.8 max|qvel|=   0.34 ncon=  0 com_z=0.937 com_x=-0.157
t=  2.00 max|qacc|=       9.6 max|qvel|=   0.20 ncon=  0 com_z=0.938 com_x=-0.156
t=  2.50 max|qacc|=      13.1 max|qvel|=   0.09 ncon=  0 com_z=0.938 com_x=-0.157
t=  3.00 max|qacc|=      40.2 max|qvel|=   0.34 ncon=  0 com_z=0.938 com_x=-0.157
t=  3.50 max|qacc|=     112.7 max|qvel|=   0.29 ncon=  0 com_z=0.938 com_x=-0.156
t=  4.00 max|qacc|=      19.1 max|qvel|=   0.05 ncon=  0 com_z=0.937 com_x=-0.152
t=  4.50 max|qacc|=     150.9 max|qvel|=   0.88 ncon=  0 com_z=0.938 com_x=-0.152
t=  5.00 max|qacc|=      56.7 max|qvel|=   2.52 ncon=  0 com_z=0.959 com_x=-0.112
t=  5.50 max|qacc|=      84.9 max|qvel|=   3.67 ncon=  0 com_z=0.938 com_x=-0.125
t=  6.00 max|qacc|=      20.0 max|qvel|=   2.92 ncon=  0 com_z=0.965 com_x=-0.145
t=  6.50 max|qacc|=      39.1 max|qvel|=   6.35 ncon=  0 com_z=0.937 com_x=-0.099
t=  7.00 max|qacc|=      65.8 max|qvel|=   3.15 ncon=  0 com_z=0.950 com_x=-0.151
t=  7.50 max|qacc|=      39.6 max|qvel|=   2.70 ncon=  0 com_z=0.962 com_x=-0.118
t=  8.00 max|qacc|=      79.9 max|qvel|=   3.55 ncon=  0 com_z=0.942 com_x=-0.124
t=  8.50 max|qacc|=      20.7 max|qvel|=   3.23 ncon=  0 com_z=0.964 com_x=-0.148
t=  9.00 max|qacc|=      39.3 max|qvel|=   5.78 ncon=  0 com_z=0.937 com_x=-0.099
t=  9.50 max|qacc|=      65.8 max|qvel|=   3.09 ncon=  0 com_z=0.949 com_x=-0.150
t= 10.00 max|qacc|=      37.5 max|qvel|=   2.39 ncon=  0 com_z=0.963 com_x=-0.121
t= 10.50 max|qacc|=      94.8 max|qvel|=   2.46 ncon=  0 com_z=0.942 com_x=-0.121
t= 11.00 max|qacc|=      20.0 max|qvel|=   3.29 ncon=  0 com_z=0.963 com_x=-0.149
t= 11.50 max|qacc|=      46.8 max|qvel|=   5.17 ncon=  0 com_z=0.938 com_x=-0.100
t= 12.00 max|qacc|=      71.1 max|qvel|=   3.08 ncon=  0 com_z=0.948 com_x=-0.148
t= 12.50 max|qacc|=      36.5 max|qvel|=   2.35 ncon=  0 com_z=0.965 com_x=-0.123
t= 13.00 max|qacc|=     110.2 max|qvel|=   1.80 ncon=  0 com_z=0.942 com_x=-0.117
t= 13.50 max|qacc|=      19.3 max|qvel|=   3.30 ncon=  0 com_z=0.962 com_x=-0.150
t= 14.00 max|qacc|=      52.4 max|qvel|=   4.75 ncon=  0 com_z=0.939 com_x=-0.101
t= 14.50 max|qacc|=      67.5 max|qvel|=   3.09 ncon=  0 com_z=0.948 com_x=-0.146
t= 15.00 max|qacc|=      34.5 max|qvel|=   2.27 ncon=  0 com_z=0.966 com_x=-0.126
t= 15.50 max|qacc|=     125.7 max|qvel|=   4.04 ncon=  0 com_z=0.940 com_x=-0.123
t= 16.00 max|qacc|=      21.7 max|qvel|=   2.01 ncon=  0 com_z=0.974 com_x=-0.141
t= 16.50 max|qacc|=       7.7 max|qvel|=   0.84 ncon=  0 com_z=0.948 com_x=-0.127
t= 17.00 max|qacc|=       1.9 max|qvel|=   0.83 ncon=  0 com_z=0.952 com_x=-0.141
t= 17.50 max|qacc|=       1.8 max|qvel|=   0.26 ncon=  0 com_z=0.953 com_x=-0.141
t= 18.00 max|qacc|=       0.4 max|qvel|=   0.04 ncon=  0 com_z=0.952 com_x=-0.140
t= 18.50 max|qacc|=       0.1 max|qvel|=   0.02 ncon=  0 com_z=0.953 com_x=-0.140
t= 19.00 max|qacc|=       0.1 max|qvel|=   0.01 ncon=  0 com_z=0.953 com_x=-0.140
t= 19.50 max|qacc|=       0.0 max|qvel|=   0.00 ncon=  0 com_z=0.953 com_x=-0.140
t= 20.00 max|qacc|=       0.0 max|qvel|=   0.00 ncon=  0 com_z=0.953 com_x=-0.140
t= 20.50 max|qacc|=       0.0 max|qvel|=   0.00 ncon=  0 com_z=0.953 com_x=-0.140
t= 21.00 max|qacc|=       0.0 max|qvel|=   0.00 ncon=  0 com_z=0.953 com_x=-0.140
t= 21.50 max|qacc|=       0.0 max|qvel|=   0.00 ncon=  0 com_z=0.953 com_x=-0.140
t= 22.00 max|qacc|=       0.0 max|qvel|=   0.00 ncon=  0 com_z=0.953 com_x=-0.140
t= 22.50 max|qacc|=       0.0 max|qvel|=   0.00 ncon=  0 com_z=0.953 com_x=-0.140
t= 23.00 max|qacc|=       0.0 max|qvel|=   0.00 ncon=  0 com_z=0.953 com_x=-0.140
t= 23.50 max|qacc|=       0.0 max|qvel|=   0.00 ncon=  0 com_z=0.953 com_x=-0.140
t= 24.00 max|qacc|=       0.0 max|qvel|=   0.00 ncon=  0 com_z=0.953 com_x=-0.140
t= 24.50 max|qacc|=       0.0 max|qvel|=   0.00 ncon=  0 com_z=0.953 com_x=-0.140
t= 25.00 max|qacc|=       0.0 max|qvel|=   0.00 ncon=  0 com_z=0.953 com_x=-0.140
t= 25.50 max|qacc|=       0.0 max|qvel|=   0.00 ncon=  0 com_z=0.953 com_x=-0.140
t= 26.00 max|qacc|=       0.0 max|qvel|=   0.00 ncon=  0 com_z=0.953 com_x=-0.140
t= 26.50 max|qacc|=       0.0 max|qvel|=   0.00 ncon=  0 com_z=0.953 com_x=-0.140
t= 27.00 max|qacc|=       0.0 max|qvel|=   0.00 ncon=  0 com_z=0.953 com_x=-0.140
t= 27.50 max|qacc|=       0.0 max|qvel|=   0.00 ncon=  0 com_z=0.953 com_x=-0.140
t= 28.00 max|qacc|=       0.0 max|qvel|=   0.00 ncon=  0 com_z=0.953 com_x=-0.140
t= 28.50 max|qacc|=       0.0 max|qvel|=   0.00 ncon=  0 com_z=0.953 com_x=-0.140
t= 29.00 max|qacc|=       0.0 max|qvel|=   0.00 ncon=  0 com_z=0.953 com_x=-0.140
t= 29.50 max|qacc|=       0.0 max|qvel|=   0.00 ncon=  0 com_z=0.953 com_x=-0.140
t= 30.00 max|qacc|=       0.0 max|qvel|=   0.00 ncon=  0 com_z=0.953 com_x=-0.140
t= 30.50 max|qacc|=       0.0 max|qvel|=   0.00 ncon=  0 com_z=0.953 com_x=-0.140

== summary ==
pelvis/COM height: start 0.94 m, min 0.93 m, final 0.95 m  (stayed up)
COM x: min -0.16 max -0.10 final -0.14 m
COM y: min -0.026 max +0.008 m
RG_F_r bursts during walk window: 12
RG_r: cycles in window 12, period 0.83 s (1.20 Hz), E-duty 0.41
RG_l: cycles in window 12, period 0.83 s (1.20 Hz), E-duty 0.41
peak ctrl: [1.   1.   1.   1.   0.83 1.   0.6  0.5  0.97 0.93 1.   1.   1.   1.
 0.96 1.   0.58 0.67 0.67 0.37] (('vas_lat_r', 'med_gas_r', 'soleus_r', 'tib_ant_r', 'psoas_r', 'semimem_r', 'glut_max2_r', 'rect_fem_r', 'sar_r', 'grac_r', 'vas_lat_l', 'med_gas_l', 'soleus_l', 'tib_ant_l', 'psoas_l', 'semimem_l', 'glut_max2_l', 'rect_fem_l', 'sar_l', 'grac_l'))
  hip_flexion_r         -6.6 ..    34.5 deg
  knee_angle_r         -92.3 ..    10.0 deg
  ankle_angle_r        -64.9 ..    28.1 deg
  hip_adduction_r      -31.5 ..    25.7 deg
  subtalar_angle_r     -20.5 ..     8.7 deg
  hip_flexion_l        -26.0 ..    23.6 deg
  knee_angle_l         -89.3 ..    10.1 deg
  ankle_angle_l        -68.1 ..     9.8 deg
  hip_adduction_l      -36.1 ..    24.6 deg
  subtalar_angle_l      -0.7 ..    33.1 deg
  pelvis_tilt           -1.9 ..     0.5 deg
  pelvis_list           -0.9 ..    -0.1 deg
  pelvis_rotation        2.2 ..     2.7 deg
saved spinal_run.npz
(plot skipped: 'PF_E2_r')
fitted baseline loaded: e2_pf=0.222 f1_df=0.098 f1_kf=0.148 post_kneext=0.011 post_hipext=0.068 desc_f=1.400 e2_adapt=1.700
start pose (normal): applied 20 coordinates as given; pelvis ty 0.920 m (env override unset); IMU-metric torso lean -0.0 deg (+ = back)
standing solve: nnls x in [0.00, 0.70], >0.1: 14 muscles
  top: add_long_l=0.70, tib_ant_r=0.61, tib_ant_l=0.46, ext_dig_r=0.37, glut_min1_l=0.33, pect_l=0.32, glut_min2_l=0.31, ext_dig_l=0.25
Fmax range: 5..3396 N | L range sample: [0.229942 0.326094]
t=  1.00 max|qacc|=      77.6 max|qvel|=   1.67 ncon=  0 com_z=0.938 com_x=-0.150
t=  1.50 max|qacc|=     106.4 max|qvel|=   0.39 ncon=  0 com_z=0.937 com_x=-0.157
t=  2.00 max|qacc|=      78.8 max|qvel|=   0.26 ncon=  0 com_z=0.937 com_x=-0.156
t=  2.50 max|qacc|=     176.4 max|qvel|=   0.19 ncon=  0 com_z=0.938 com_x=-0.157
t=  3.00 max|qacc|=      21.7 max|qvel|=   0.11 ncon=  0 com_z=0.938 com_x=-0.156
t=  3.50 max|qacc|=      82.6 max|qvel|=   0.14 ncon=  0 com_z=0.937 com_x=-0.155
t=  4.00 max|qacc|=     348.5 max|qvel|=   1.03 ncon=  0 com_z=0.937 com_x=-0.152
t=  4.50 max|qacc|=      13.7 max|qvel|=   0.08 ncon=  0 com_z=0.938 com_x=-0.152
t=  5.00 max|qacc|=      47.4 max|qvel|=   1.45 ncon=  0 com_z=0.937 com_x=-0.150
t=  5.50 max|qacc|=      29.1 max|qvel|=   2.40 ncon=  0 com_z=0.967 com_x=-0.127
t=  6.00 max|qacc|=      50.2 max|qvel|=   4.29 ncon=  0 com_z=0.938 com_x=-0.124
t=  6.50 max|qacc|=      98.6 max|qvel|=   7.39 ncon=  0 com_z=0.930 com_x=-0.134
t=  7.00 max|qacc|=      70.4 max|qvel|=   2.84 ncon=  0 com_z=0.946 com_x=-0.144
t=  7.50 max|qacc|=     104.6 max|qvel|=   2.26 ncon=  0 com_z=0.934 com_x=-0.137
t=  8.00 max|qacc|=      59.2 max|qvel|=   3.25 ncon=  0 com_z=0.954 com_x=-0.118
t=  8.50 max|qacc|=      47.9 max|qvel|=   4.20 ncon=  0 com_z=0.937 com_x=-0.130
t=  9.00 max|qacc|=      35.2 max|qvel|=   2.04 ncon=  0 com_z=0.936 com_x=-0.148
t=  9.50 max|qacc|=      16.5 max|qvel|=   4.40 ncon=  0 com_z=0.958 com_x=-0.135
t= 10.00 max|qacc|=     201.4 max|qvel|=   4.59 ncon=  0 com_z=0.935 com_x=-0.127
t= 10.50 max|qacc|=      42.4 max|qvel|=   8.58 ncon=  0 com_z=0.934 com_x=-0.120
t= 11.00 max|qacc|=      52.9 max|qvel|=   6.57 ncon=  0 com_z=0.938 com_x=-0.140
t= 11.50 max|qacc|=      61.0 max|qvel|=   1.69 ncon=  0 com_z=0.936 com_x=-0.146
t= 12.00 max|qacc|=      41.6 max|qvel|=   1.64 ncon=  0 com_z=0.965 com_x=-0.123
t= 12.50 max|qacc|=     847.0 max|qvel|=   4.50 ncon=  0 com_z=0.938 com_x=-0.126
t= 13.00 max|qacc|=      99.8 max|qvel|=   6.93 ncon=  0 com_z=0.930 com_x=-0.136
t= 13.50 max|qacc|=      62.7 max|qvel|=   2.69 ncon=  0 com_z=0.947 com_x=-0.143
t= 14.00 max|qacc|=     283.3 max|qvel|=   5.27 ncon=  0 com_z=0.934 com_x=-0.136
t= 14.50 max|qacc|=      60.3 max|qvel|=   3.71 ncon=  0 com_z=0.952 com_x=-0.118
t= 15.00 max|qacc|=      49.6 max|qvel|=   4.21 ncon=  0 com_z=0.937 com_x=-0.131
t= 15.50 max|qacc|=      37.5 max|qvel|=   0.61 ncon=  0 com_z=0.939 com_x=-0.157
t= 16.00 max|qacc|=     202.8 max|qvel|=   0.25 ncon=  0 com_z=0.936 com_x=-0.149
t= 16.50 max|qacc|=      61.7 max|qvel|=   0.19 ncon=  0 com_z=0.939 com_x=-0.155
t= 17.00 max|qacc|=      10.0 max|qvel|=   0.14 ncon=  0 com_z=0.936 com_x=-0.153
t= 17.50 max|qacc|=      20.5 max|qvel|=   0.10 ncon=  0 com_z=0.938 com_x=-0.158
t= 18.00 max|qacc|=      31.3 max|qvel|=   0.10 ncon=  0 com_z=0.937 com_x=-0.156
t= 18.50 max|qacc|=       9.8 max|qvel|=   0.18 ncon=  0 com_z=0.938 com_x=-0.157
t= 19.00 max|qacc|=      58.7 max|qvel|=   0.12 ncon=  0 com_z=0.938 com_x=-0.156
t= 19.50 max|qacc|=      74.5 max|qvel|=   0.08 ncon=  0 com_z=0.938 com_x=-0.156
t= 20.00 max|qacc|=      68.2 max|qvel|=   0.06 ncon=  0 com_z=0.938 com_x=-0.156
t= 20.50 max|qacc|=      97.4 max|qvel|=   0.64 ncon=  0 com_z=0.938 com_x=-0.156
t= 21.00 max|qacc|=      38.5 max|qvel|=   0.19 ncon=  0 com_z=0.938 com_x=-0.156
t= 21.50 max|qacc|=      36.9 max|qvel|=   0.54 ncon=  0 com_z=0.937 com_x=-0.156
t= 22.00 max|qacc|=      36.9 max|qvel|=   0.22 ncon=  0 com_z=0.938 com_x=-0.156
t= 22.50 max|qacc|=      12.3 max|qvel|=   0.14 ncon=  0 com_z=0.938 com_x=-0.156
t= 23.00 max|qacc|=      31.6 max|qvel|=   0.21 ncon=  0 com_z=0.937 com_x=-0.156
t= 23.50 max|qacc|=      14.6 max|qvel|=   0.07 ncon=  0 com_z=0.938 com_x=-0.156
t= 24.00 max|qacc|=      26.1 max|qvel|=   0.14 ncon=  0 com_z=0.938 com_x=-0.156
t= 24.50 max|qacc|=      47.8 max|qvel|=   0.25 ncon=  0 com_z=0.937 com_x=-0.156
t= 25.00 max|qacc|=      50.8 max|qvel|=   0.31 ncon=  0 com_z=0.938 com_x=-0.156
t= 25.50 max|qacc|=      21.4 max|qvel|=   0.08 ncon=  0 com_z=0.938 com_x=-0.156
t= 26.00 max|qacc|=      32.6 max|qvel|=   0.11 ncon=  0 com_z=0.937 com_x=-0.156
t= 26.50 max|qacc|=     465.9 max|qvel|=   1.93 ncon=  0 com_z=0.938 com_x=-0.156
t= 27.00 max|qacc|=     154.2 max|qvel|=   0.55 ncon=  0 com_z=0.938 com_x=-0.156
t= 27.50 max|qacc|=     163.9 max|qvel|=   0.16 ncon=  0 com_z=0.938 com_x=-0.156
t= 28.00 max|qacc|=      15.8 max|qvel|=   0.13 ncon=  0 com_z=0.938 com_x=-0.156
t= 28.50 max|qacc|=       4.8 max|qvel|=   0.20 ncon=  0 com_z=0.938 com_x=-0.156
t= 29.00 max|qacc|=     125.3 max|qvel|=   0.12 ncon=  0 com_z=0.938 com_x=-0.156
t= 29.50 max|qacc|=      33.4 max|qvel|=   0.20 ncon=  0 com_z=0.938 com_x=-0.156
t= 30.00 max|qacc|=       7.6 max|qvel|=   0.07 ncon=  0 com_z=0.938 com_x=-0.156
t= 30.50 max|qacc|=      10.5 max|qvel|=   0.11 ncon=  0 com_z=0.938 com_x=-0.156

== summary ==
pelvis/COM height: start 0.94 m, min 0.93 m, final 0.94 m  (stayed up)
COM x: min -0.16 max -0.11 final -0.16 m
COM y: min -0.022 max +0.006 m
RG_F_r bursts during walk window: 7
RG_r: cycles in window 8, period 1.30 s (0.77 Hz), E-duty 0.54
RG_l: cycles in window 8, period 1.30 s (0.77 Hz), E-duty 0.54
peak ctrl: [1.   1.   1.   1.   0.87 1.   0.44 0.5  1.   0.93 1.   1.   1.   1.
 1.   1.   0.52 0.67 0.73 0.37] (('vas_lat_r', 'med_gas_r', 'soleus_r', 'tib_ant_r', 'psoas_r', 'semimem_r', 'glut_max2_r', 'rect_fem_r', 'sar_r', 'grac_r', 'vas_lat_l', 'med_gas_l', 'soleus_l', 'tib_ant_l', 'psoas_l', 'semimem_l', 'glut_max2_l', 'rect_fem_l', 'sar_l', 'grac_l'))
  hip_flexion_r         -5.4 ..    35.0 deg
  knee_angle_r         -96.8 ..    10.3 deg
  ankle_angle_r        -65.5 ..    -1.7 deg
  hip_adduction_r      -23.4 ..    21.3 deg
  subtalar_angle_r      -9.5 ..     8.6 deg
  hip_flexion_l        -21.2 ..    23.8 deg
  knee_angle_l         -90.2 ..    10.5 deg
  ankle_angle_l        -68.1 ..     9.8 deg
  hip_adduction_l      -31.7 ..    26.4 deg
  subtalar_angle_l      -0.8 ..    11.0 deg
  pelvis_tilt           -1.9 ..     0.5 deg
  pelvis_list           -0.8 ..    -0.1 deg
  pelvis_rotation        2.3 ..     2.6 deg
saved spinal_run.npz
(plot skipped: 'PF_E2_r')
fitted baseline loaded: e2_pf=0.222 f1_df=0.098 f1_kf=0.148 post_kneext=0.011 post_hipext=0.068 desc_f=1.400 e2_adapt=1.700
start pose (normal): applied 20 coordinates as given; pelvis ty 0.920 m (env override unset); IMU-metric torso lean -0.0 deg (+ = back)
standing solve: nnls x in [0.00, 0.70], >0.1: 14 muscles
  top: add_long_l=0.70, tib_ant_r=0.61, tib_ant_l=0.46, ext_dig_r=0.37, glut_min1_l=0.33, pect_l=0.32, glut_min2_l=0.31, ext_dig_l=0.25
Fmax range: 5..3396 N | L range sample: [0.229942 0.326094]
t=  1.00 max|qacc|=      60.1 max|qvel|=   1.33 ncon=  0 com_z=0.939 com_x=-0.152
t=  1.50 max|qacc|=      19.0 max|qvel|=   0.40 ncon=  0 com_z=0.937 com_x=-0.158
t=  2.00 max|qacc|=      25.0 max|qvel|=   0.58 ncon=  0 com_z=0.938 com_x=-0.156
t=  2.50 max|qacc|=      17.9 max|qvel|=   0.10 ncon=  0 com_z=0.938 com_x=-0.157
t=  3.00 max|qacc|=      63.6 max|qvel|=   0.70 ncon=  0 com_z=0.938 com_x=-0.157
t=  3.50 max|qacc|=     712.2 max|qvel|=   3.37 ncon=  0 com_z=0.938 com_x=-0.156
t=  4.00 max|qacc|=      96.6 max|qvel|=   0.18 ncon=  0 com_z=0.937 com_x=-0.152
t=  4.50 max|qacc|=      38.6 max|qvel|=   0.33 ncon=  0 com_z=0.937 com_x=-0.152
t=  5.00 max|qacc|=      93.1 max|qvel|=   7.56 ncon=  0 com_z=0.929 com_x=-0.123
t=  5.50 max|qacc|=      92.4 max|qvel|=   4.85 ncon=  0 com_z=0.947 com_x=-0.149
t=  6.00 max|qacc|=      31.0 max|qvel|=   8.80 ncon=  0 com_z=0.928 com_x=-0.099
t=  6.50 max|qacc|=      68.6 max|qvel|=   7.11 ncon=  0 com_z=0.944 com_x=-0.156
t=  7.00 max|qacc|=      48.3 max|qvel|=   6.75 ncon=  0 com_z=0.937 com_x=-0.099
t=  7.50 max|qacc|=      67.9 max|qvel|=   4.92 ncon=  0 com_z=0.941 com_x=-0.150
t=  8.00 max|qacc|=      55.3 max|qvel|=   3.92 ncon=  0 com_z=0.951 com_x=-0.107
t=  8.50 max|qacc|=      27.7 max|qvel|=   4.32 ncon=  0 com_z=0.941 com_x=-0.140
t=  9.00 max|qacc|=      44.9 max|qvel|=   2.69 ncon=  0 com_z=0.964 com_x=-0.117
t=  9.50 max|qacc|=     101.2 max|qvel|=   4.32 ncon=  0 com_z=0.940 com_x=-0.132
t= 10.00 max|qacc|=      40.9 max|qvel|=   2.34 ncon=  0 com_z=0.972 com_x=-0.129
t= 10.50 max|qacc|=     590.7 max|qvel|=   2.80 ncon=  0 com_z=0.939 com_x=-0.124
t= 11.00 max|qacc|=      22.1 max|qvel|=   2.80 ncon=  0 com_z=0.973 com_x=-0.140
t= 11.50 max|qacc|=      69.4 max|qvel|=   2.10 ncon=  0 com_z=0.936 com_x=-0.114
t= 12.00 max|qacc|=      21.3 max|qvel|=   3.32 ncon=  0 com_z=0.969 com_x=-0.151
t= 12.50 max|qacc|=      39.9 max|qvel|=   3.00 ncon=  0 com_z=0.933 com_x=-0.102
t= 13.00 max|qacc|=      50.1 max|qvel|=   3.31 ncon=  0 com_z=0.963 com_x=-0.158
t= 13.50 max|qacc|=      83.2 max|qvel|=   6.45 ncon=  0 com_z=0.928 com_x=-0.094
t= 14.00 max|qacc|=      70.7 max|qvel|=   3.64 ncon=  0 com_z=0.956 com_x=-0.161
t= 14.50 max|qacc|=      29.9 max|qvel|=   8.20 ncon=  0 com_z=0.926 com_x=-0.092
t= 15.00 max|qacc|=      55.6 max|qvel|=   6.67 ncon=  0 com_z=0.948 com_x=-0.160
t= 15.50 max|qacc|=      45.0 max|qvel|=   7.78 ncon=  0 com_z=0.932 com_x=-0.096
t= 16.00 max|qacc|=       9.9 max|qvel|=   1.37 ncon=  0 com_z=0.948 com_x=-0.147
t= 16.50 max|qacc|=       3.7 max|qvel|=   0.78 ncon=  0 com_z=0.954 com_x=-0.137
t= 17.00 max|qacc|=       1.6 max|qvel|=   0.80 ncon=  0 com_z=0.952 com_x=-0.138
t= 17.50 max|qacc|=       1.8 max|qvel|=   0.25 ncon=  0 com_z=0.953 com_x=-0.141
t= 18.00 max|qacc|=       0.3 max|qvel|=   0.04 ncon=  0 com_z=0.953 com_x=-0.141
t= 18.50 max|qacc|=       0.1 max|qvel|=   0.01 ncon=  0 com_z=0.953 com_x=-0.141
t= 19.00 max|qacc|=       0.0 max|qvel|=   0.01 ncon=  0 com_z=0.953 com_x=-0.141
t= 19.50 max|qacc|=       0.0 max|qvel|=   0.00 ncon=  0 com_z=0.953 com_x=-0.141
t= 20.00 max|qacc|=       0.0 max|qvel|=   0.00 ncon=  0 com_z=0.953 com_x=-0.141
t= 20.50 max|qacc|=       0.0 max|qvel|=   0.00 ncon=  0 com_z=0.953 com_x=-0.141
t= 21.00 max|qacc|=       0.0 max|qvel|=   0.00 ncon=  0 com_z=0.953 com_x=-0.141
t= 21.50 max|qacc|=       0.0 max|qvel|=   0.00 ncon=  0 com_z=0.953 com_x=-0.141
t= 22.00 max|qacc|=       0.0 max|qvel|=   0.00 ncon=  0 com_z=0.953 com_x=-0.141
t= 22.50 max|qacc|=       0.0 max|qvel|=   0.00 ncon=  0 com_z=0.953 com_x=-0.141
t= 23.00 max|qacc|=       0.0 max|qvel|=   0.00 ncon=  0 com_z=0.953 com_x=-0.141
t= 23.50 max|qacc|=       0.0 max|qvel|=   0.00 ncon=  0 com_z=0.953 com_x=-0.141
t= 24.00 max|qacc|=       0.0 max|qvel|=   0.00 ncon=  0 com_z=0.953 com_x=-0.141
t= 24.50 max|qacc|=       0.0 max|qvel|=   0.00 ncon=  0 com_z=0.953 com_x=-0.141
t= 25.00 max|qacc|=       0.0 max|qvel|=   0.00 ncon=  0 com_z=0.953 com_x=-0.141
t= 25.50 max|qacc|=       0.0 max|qvel|=   0.00 ncon=  0 com_z=0.953 com_x=-0.141
t= 26.00 max|qacc|=       0.0 max|qvel|=   0.00 ncon=  0 com_z=0.953 com_x=-0.141
t= 26.50 max|qacc|=       0.0 max|qvel|=   0.00 ncon=  0 com_z=0.953 com_x=-0.141
t= 27.00 max|qacc|=       0.0 max|qvel|=   0.00 ncon=  0 com_z=0.953 com_x=-0.141
t= 27.50 max|qacc|=       0.0 max|qvel|=   0.00 ncon=  0 com_z=0.953 com_x=-0.141
t= 28.00 max|qacc|=       0.0 max|qvel|=   0.00 ncon=  0 com_z=0.953 com_x=-0.141
t= 28.50 max|qacc|=       0.0 max|qvel|=   0.00 ncon=  0 com_z=0.953 com_x=-0.141
t= 29.00 max|qacc|=       0.0 max|qvel|=   0.00 ncon=  0 com_z=0.953 com_x=-0.141
t= 29.50 max|qacc|=       0.0 max|qvel|=   0.00 ncon=  0 com_z=0.953 com_x=-0.141
t= 30.00 max|qacc|=       0.0 max|qvel|=   0.00 ncon=  0 com_z=0.953 com_x=-0.141
t= 30.50 max|qacc|=       0.0 max|qvel|=   0.00 ncon=  0 com_z=0.953 com_x=-0.141

== summary ==
pelvis/COM height: start 0.94 m, min 0.93 m, final 0.95 m  (stayed up)
COM x: min -0.17 max -0.09 final -0.14 m
COM y: min -0.024 max +0.008 m
RG_F_r bursts during walk window: 10
RG_r: cycles in window 11, period 0.95 s (1.06 Hz), E-duty 0.47
RG_l: cycles in window 11, period 0.95 s (1.06 Hz), E-duty 0.47
peak ctrl: [1.   1.   1.   1.   0.85 1.   0.61 0.5  0.98 0.93 1.   1.   1.   1.
 0.99 1.   0.59 0.67 0.71 0.37] (('vas_lat_r', 'med_gas_r', 'soleus_r', 'tib_ant_r', 'psoas_r', 'semimem_r', 'glut_max2_r', 'rect_fem_r', 'sar_r', 'grac_r', 'vas_lat_l', 'med_gas_l', 'soleus_l', 'tib_ant_l', 'psoas_l', 'semimem_l', 'glut_max2_l', 'rect_fem_l', 'sar_l', 'grac_l'))
  hip_flexion_r         -7.2 ..    34.8 deg
  knee_angle_r         -92.2 ..    10.4 deg
  ankle_angle_r        -64.9 ..    28.5 deg
  hip_adduction_r      -29.2 ..    23.0 deg
  subtalar_angle_r     -21.6 ..     8.6 deg
  hip_flexion_l        -21.0 ..    24.8 deg
  knee_angle_l         -87.2 ..    10.5 deg
  ankle_angle_l        -67.5 ..     9.8 deg
  hip_adduction_l      -36.0 ..    28.5 deg
  subtalar_angle_l      -1.4 ..    33.1 deg
  pelvis_tilt           -1.9 ..     0.4 deg
  pelvis_list           -0.8 ..    -0.0 deg
  pelvis_rotation        2.2 ..     2.7 deg
saved spinal_run.npz
(plot skipped: 'PF_E2_r')
fitted baseline loaded: e2_pf=0.222 f1_df=0.098 f1_kf=0.148 post_kneext=0.011 post_hipext=0.068 desc_f=1.400 e2_adapt=1.700
start pose (normal): applied 20 coordinates as given; pelvis ty 0.920 m (env override unset); IMU-metric torso lean -0.0 deg (+ = back)
standing solve: nnls x in [0.00, 0.70], >0.1: 14 muscles
  top: add_long_l=0.70, tib_ant_r=0.61, tib_ant_l=0.46, ext_dig_r=0.37, glut_min1_l=0.33, pect_l=0.32, glut_min2_l=0.31, ext_dig_l=0.25
Fmax range: 5..3396 N | L range sample: [0.229942 0.326094]
t=  1.00 max|qacc|=      18.6 max|qvel|=   1.15 ncon=  0 com_z=0.939 com_x=-0.154
t=  1.50 max|qacc|=     109.0 max|qvel|=   0.50 ncon=  0 com_z=0.937 com_x=-0.158
t=  2.00 max|qacc|=      55.7 max|qvel|=   0.19 ncon=  0 com_z=0.938 com_x=-0.158
t=  2.50 max|qacc|=     215.3 max|qvel|=   0.46 ncon=  0 com_z=0.938 com_x=-0.158
t=  3.00 max|qacc|=     472.9 max|qvel|=   0.60 ncon=  0 com_z=0.938 com_x=-0.158
t=  3.50 max|qacc|=     266.3 max|qvel|=   0.17 ncon=  0 com_z=0.938 com_x=-0.158
t=  4.00 max|qacc|=      20.9 max|qvel|=   0.12 ncon=  0 com_z=0.937 com_x=-0.154
t=  4.50 max|qacc|=      13.1 max|qvel|=   0.08 ncon=  0 com_z=0.938 com_x=-0.152
t=  5.00 max|qacc|=      52.7 max|qvel|=   0.33 ncon=  0 com_z=0.938 com_x=-0.152
t=  5.50 max|qacc|=     118.7 max|qvel|=   0.98 ncon=  0 com_z=0.938 com_x=-0.152
t=  6.00 max|qacc|=      54.7 max|qvel|=   6.89 ncon=  0 com_z=0.940 com_x=-0.122
t=  6.50 max|qacc|=      63.8 max|qvel|=   4.66 ncon=  0 com_z=0.933 com_x=-0.141
t=  7.00 max|qacc|=      91.0 max|qvel|=   0.72 ncon=  0 com_z=0.938 com_x=-0.152
t=  7.50 max|qacc|=      79.0 max|qvel|=   0.46 ncon=  0 com_z=0.938 com_x=-0.151
t=  8.00 max|qacc|=      47.3 max|qvel|=   1.79 ncon=  0 com_z=0.964 com_x=-0.124
t=  8.50 max|qacc|=      41.2 max|qvel|=   4.13 ncon=  0 com_z=0.938 com_x=-0.130
t=  9.00 max|qacc|=     102.6 max|qvel|=   0.77 ncon=  0 com_z=0.941 com_x=-0.162
t=  9.50 max|qacc|=      60.7 max|qvel|=   2.33 ncon=  0 com_z=0.936 com_x=-0.145
t= 10.00 max|qacc|=      27.4 max|qvel|=   2.77 ncon=  0 com_z=0.966 com_x=-0.137
t= 10.50 max|qacc|=     771.7 max|qvel|=   4.78 ncon=  0 com_z=0.938 com_x=-0.126
t= 11.00 max|qacc|=     477.7 max|qvel|=   2.23 ncon=  0 com_z=0.942 com_x=-0.164
t= 11.50 max|qacc|=      95.8 max|qvel|=   6.06 ncon=  0 com_z=0.930 com_x=-0.131
t= 12.00 max|qacc|=     131.9 max|qvel|=   2.86 ncon=  0 com_z=0.952 com_x=-0.147
t= 12.50 max|qacc|=     385.4 max|qvel|=   3.15 ncon=  0 com_z=0.936 com_x=-0.135
t= 13.00 max|qacc|=     225.9 max|qvel|=   1.31 ncon=  0 com_z=0.941 com_x=-0.160
t= 13.50 max|qacc|=      47.3 max|qvel|=   8.61 ncon=  0 com_z=0.932 com_x=-0.119
t= 14.00 max|qacc|=      67.5 max|qvel|=   6.43 ncon=  0 com_z=0.934 com_x=-0.146
t= 14.50 max|qacc|=     226.9 max|qvel|=   3.01 ncon=  0 com_z=0.937 com_x=-0.149
t= 15.00 max|qacc|=      33.7 max|qvel|=   0.44 ncon=  0 com_z=0.939 com_x=-0.153
t= 15.50 max|qacc|=      58.2 max|qvel|=   2.37 ncon=  0 com_z=0.958 com_x=-0.122
t= 16.00 max|qacc|=       8.8 max|qvel|=   0.81 ncon=  0 com_z=0.947 com_x=-0.133
t= 16.50 max|qacc|=       2.6 max|qvel|=   0.72 ncon=  0 com_z=0.952 com_x=-0.138
t= 17.00 max|qacc|=       0.3 max|qvel|=   0.76 ncon=  0 com_z=0.953 com_x=-0.140
t= 17.50 max|qacc|=       1.7 max|qvel|=   0.21 ncon=  0 com_z=0.953 com_x=-0.142
t= 18.00 max|qacc|=       0.2 max|qvel|=   0.02 ncon=  0 com_z=0.953 com_x=-0.142
t= 18.50 max|qacc|=       0.0 max|qvel|=   0.01 ncon=  0 com_z=0.953 com_x=-0.142
t= 19.00 max|qacc|=       0.0 max|qvel|=   0.00 ncon=  0 com_z=0.953 com_x=-0.142
t= 19.50 max|qacc|=       0.0 max|qvel|=   0.00 ncon=  0 com_z=0.953 com_x=-0.142
t= 20.00 max|qacc|=       0.0 max|qvel|=   0.00 ncon=  0 com_z=0.953 com_x=-0.142
t= 20.50 max|qacc|=       0.0 max|qvel|=   0.00 ncon=  0 com_z=0.953 com_x=-0.142
t= 21.00 max|qacc|=       0.0 max|qvel|=   0.00 ncon=  0 com_z=0.953 com_x=-0.142
t= 21.50 max|qacc|=       0.0 max|qvel|=   0.00 ncon=  0 com_z=0.953 com_x=-0.142
t= 22.00 max|qacc|=       0.0 max|qvel|=   0.00 ncon=  0 com_z=0.953 com_x=-0.142
t= 22.50 max|qacc|=       0.0 max|qvel|=   0.00 ncon=  0 com_z=0.953 com_x=-0.142
t= 23.00 max|qacc|=       0.0 max|qvel|=   0.00 ncon=  0 com_z=0.953 com_x=-0.142
t= 23.50 max|qacc|=       0.0 max|qvel|=   0.00 ncon=  0 com_z=0.953 com_x=-0.142
t= 24.00 max|qacc|=       0.0 max|qvel|=   0.00 ncon=  0 com_z=0.953 com_x=-0.142
t= 24.50 max|qacc|=       0.0 max|qvel|=   0.00 ncon=  0 com_z=0.953 com_x=-0.142
t= 25.00 max|qacc|=       0.0 max|qvel|=   0.00 ncon=  0 com_z=0.953 com_x=-0.142
t= 25.50 max|qacc|=       0.0 max|qvel|=   0.00 ncon=  0 com_z=0.953 com_x=-0.142
t= 26.00 max|qacc|=       0.0 max|qvel|=   0.00 ncon=  0 com_z=0.953 com_x=-0.142
t= 26.50 max|qacc|=       0.0 max|qvel|=   0.00 ncon=  0 com_z=0.953 com_x=-0.142
t= 27.00 max|qacc|=       0.0 max|qvel|=   0.00 ncon=  0 com_z=0.953 com_x=-0.142
t= 27.50 max|qacc|=       0.0 max|qvel|=   0.00 ncon=  0 com_z=0.953 com_x=-0.142
t= 28.00 max|qacc|=       0.0 max|qvel|=   0.00 ncon=  0 com_z=0.953 com_x=-0.142
t= 28.50 max|qacc|=       0.0 max|qvel|=   0.00 ncon=  0 com_z=0.953 com_x=-0.142
t= 29.00 max|qacc|=       0.0 max|qvel|=   0.00 ncon=  0 com_z=0.953 com_x=-0.142
t= 29.50 max|qacc|=       0.0 max|qvel|=   0.00 ncon=  0 com_z=0.953 com_x=-0.142
t= 30.00 max|qacc|=       0.0 max|qvel|=   0.00 ncon=  0 com_z=0.953 com_x=-0.142
t= 30.50 max|qacc|=       0.0 max|qvel|=   0.00 ncon=  0 com_z=0.953 com_x=-0.142

== summary ==
pelvis/COM height: start 0.94 m, min 0.93 m, final 0.95 m  (stayed up)
COM x: min -0.17 max -0.11 final -0.14 m
COM y: min -0.020 max +0.008 m
RG_F_r bursts during walk window: 6
RG_r: cycles in window 5, period 1.88 s (0.53 Hz), E-duty 0.71
RG_l: cycles in window 5, period 1.88 s (0.53 Hz), E-duty 0.71
peak ctrl: [1.   1.   1.   1.   0.86 1.   0.63 0.5  0.99 0.93 1.   1.   1.   1.
 0.99 1.   0.61 0.67 0.71 0.37] (('vas_lat_r', 'med_gas_r', 'soleus_r', 'tib_ant_r', 'psoas_r', 'semimem_r', 'glut_max2_r', 'rect_fem_r', 'sar_r', 'grac_r', 'vas_lat_l', 'med_gas_l', 'soleus_l', 'tib_ant_l', 'psoas_l', 'semimem_l', 'glut_max2_l', 'rect_fem_l', 'sar_l', 'grac_l'))
  hip_flexion_r         -2.6 ..    35.2 deg
  knee_angle_r         -92.1 ..    10.4 deg
  ankle_angle_r        -65.8 ..    29.9 deg
  hip_adduction_r      -23.9 ..    21.7 deg
  subtalar_angle_r     -22.7 ..     8.4 deg
  hip_flexion_l        -16.6 ..    25.5 deg
  knee_angle_l         -85.8 ..    10.4 deg
  ankle_angle_l        -68.3 ..     9.8 deg
  hip_adduction_l      -32.5 ..    27.6 deg
  subtalar_angle_l      -0.8 ..    32.9 deg
  pelvis_tilt           -1.9 ..     0.3 deg
  pelvis_list           -0.8 ..    -0.1 deg
  pelvis_rotation        2.3 ..     2.6 deg
saved spinal_run.npz
(plot skipped: 'PF_E2_r')
fitted baseline loaded: e2_pf=0.222 f1_df=0.098 f1_kf=0.148 post_kneext=0.011 post_hipext=0.068 desc_f=1.400 e2_adapt=1.700
start pose (normal): applied 20 coordinates as given; pelvis ty 0.920 m (env override unset); IMU-metric torso lean -0.0 deg (+ = back)
standing solve: nnls x in [0.00, 0.70], >0.1: 14 muscles
  top: add_long_l=0.70, tib_ant_r=0.61, tib_ant_l=0.46, ext_dig_r=0.37, glut_min1_l=0.33, pect_l=0.32, glut_min2_l=0.31, ext_dig_l=0.25
Fmax range: 5..3396 N | L range sample: [0.229942 0.326094]
t=  1.00 max|qacc|=      72.6 max|qvel|=   1.32 ncon=  0 com_z=0.939 com_x=-0.152
t=  1.50 max|qacc|=      49.1 max|qvel|=   0.47 ncon=  0 com_z=0.937 com_x=-0.158
t=  2.00 max|qacc|=     174.9 max|qvel|=   0.16 ncon=  0 com_z=0.938 com_x=-0.156
t=  2.50 max|qacc|=      43.2 max|qvel|=   0.08 ncon=  0 com_z=0.938 com_x=-0.157
t=  3.00 max|qacc|=      25.7 max|qvel|=   0.28 ncon=  0 com_z=0.938 com_x=-0.157
t=  3.50 max|qacc|=     131.7 max|qvel|=   0.13 ncon=  0 com_z=0.938 com_x=-0.156
t=  4.00 max|qacc|=     396.4 max|qvel|=   0.38 ncon=  0 com_z=0.937 com_x=-0.152
t=  4.50 max|qacc|=       9.1 max|qvel|=   0.12 ncon=  0 com_z=0.938 com_x=-0.152
t=  5.00 max|qacc|=      69.5 max|qvel|=   2.57 ncon=  0 com_z=0.935 com_x=-0.142
t=  5.50 max|qacc|=      76.4 max|qvel|=   4.65 ncon=  0 com_z=0.933 com_x=-0.126
t=  6.00 max|qacc|=      70.6 max|qvel|=   5.96 ncon=  0 com_z=0.936 com_x=-0.120
t=  6.50 max|qacc|=     130.4 max|qvel|=   4.85 ncon=  0 com_z=0.940 com_x=-0.113
t=  7.00 max|qacc|=     102.2 max|qvel|=   6.16 ncon=  0 com_z=0.939 com_x=-0.121
t=  7.50 max|qacc|=     306.8 max|qvel|=   2.43 ncon=  0 com_z=0.935 com_x=-0.136
t=  8.00 max|qacc|=     202.2 max|qvel|=   4.65 ncon=  0 com_z=0.931 com_x=-0.125
t=  8.50 max|qacc|=     158.5 max|qvel|=   5.95 ncon=  0 com_z=0.941 com_x=-0.114
t=  9.00 max|qacc|=      48.1 max|qvel|=   9.00 ncon=  0 com_z=0.935 com_x=-0.115
t=  9.50 max|qacc|=      35.4 max|qvel|=   2.25 ncon=  0 com_z=0.939 com_x=-0.131
t= 10.00 max|qacc|=      67.8 max|qvel|=   4.48 ncon=  0 com_z=0.931 com_x=-0.133
t= 10.50 max|qacc|=      79.0 max|qvel|=   6.26 ncon=  0 com_z=0.934 com_x=-0.119
t= 11.00 max|qacc|=     133.2 max|qvel|=   5.00 ncon=  0 com_z=0.939 com_x=-0.113
t= 11.50 max|qacc|=     101.7 max|qvel|=   6.39 ncon=  0 com_z=0.939 com_x=-0.121
t= 12.00 max|qacc|=     461.8 max|qvel|=   3.34 ncon=  0 com_z=0.934 com_x=-0.136
t= 12.50 max|qacc|=     204.9 max|qvel|=   4.65 ncon=  0 com_z=0.931 com_x=-0.125
t= 13.00 max|qacc|=     156.7 max|qvel|=   5.95 ncon=  0 com_z=0.941 com_x=-0.114
t= 13.50 max|qacc|=      47.7 max|qvel|=   8.98 ncon=  0 com_z=0.935 com_x=-0.115
t= 14.00 max|qacc|=      36.3 max|qvel|=   2.23 ncon=  0 com_z=0.939 com_x=-0.131
t= 14.50 max|qacc|=      68.2 max|qvel|=   4.48 ncon=  0 com_z=0.931 com_x=-0.133
t= 15.00 max|qacc|=      78.6 max|qvel|=   6.24 ncon=  0 com_z=0.934 com_x=-0.119
t= 15.50 max|qacc|=      57.0 max|qvel|=   6.66 ncon=  0 com_z=0.939 com_x=-0.116
t= 16.00 max|qacc|=     993.2 max|qvel|=   2.18 ncon=  0 com_z=0.941 com_x=-0.139
t= 16.50 max|qacc|=      47.6 max|qvel|=   0.72 ncon=  0 com_z=0.939 com_x=-0.160
t= 17.00 max|qacc|=      25.2 max|qvel|=   0.26 ncon=  0 com_z=0.935 com_x=-0.151
t= 17.50 max|qacc|=      30.3 max|qvel|=   0.62 ncon=  0 com_z=0.940 com_x=-0.161
t= 18.00 max|qacc|=      36.2 max|qvel|=   0.20 ncon=  0 com_z=0.937 com_x=-0.155
t= 18.50 max|qacc|=     103.1 max|qvel|=   0.18 ncon=  0 com_z=0.938 com_x=-0.158
t= 19.00 max|qacc|=    1406.9 max|qvel|=   1.47 ncon=  0 com_z=0.938 com_x=-0.157
t= 19.50 max|qacc|=     128.1 max|qvel|=   0.22 ncon=  0 com_z=0.938 com_x=-0.157
t= 20.00 max|qacc|=      79.1 max|qvel|=   0.33 ncon=  0 com_z=0.938 com_x=-0.157
t= 20.50 max|qacc|=      48.3 max|qvel|=   0.45 ncon=  0 com_z=0.938 com_x=-0.157
t= 21.00 max|qacc|=      17.6 max|qvel|=   0.14 ncon=  0 com_z=0.938 com_x=-0.157
t= 21.50 max|qacc|=      66.4 max|qvel|=   0.13 ncon=  0 com_z=0.938 com_x=-0.157
t= 22.00 max|qacc|=      12.8 max|qvel|=   0.25 ncon=  0 com_z=0.938 com_x=-0.157
t= 22.50 max|qacc|=      30.3 max|qvel|=   0.32 ncon=  0 com_z=0.938 com_x=-0.157
t= 23.00 max|qacc|=     108.3 max|qvel|=   0.95 ncon=  0 com_z=0.938 com_x=-0.157
t= 23.50 max|qacc|=      60.4 max|qvel|=   0.12 ncon=  0 com_z=0.938 com_x=-0.157
t= 24.00 max|qacc|=       9.9 max|qvel|=   0.10 ncon=  0 com_z=0.938 com_x=-0.157
t= 24.50 max|qacc|=     132.0 max|qvel|=   0.14 ncon=  0 com_z=0.938 com_x=-0.157
t= 25.00 max|qacc|=      26.0 max|qvel|=   0.19 ncon=  0 com_z=0.938 com_x=-0.157
t= 25.50 max|qacc|=     553.3 max|qvel|=   2.86 ncon=  0 com_z=0.938 com_x=-0.157
t= 26.00 max|qacc|=      28.0 max|qvel|=   0.07 ncon=  0 com_z=0.938 com_x=-0.157
t= 26.50 max|qacc|=     164.4 max|qvel|=   0.11 ncon=  0 com_z=0.938 com_x=-0.157
t= 27.00 max|qacc|=      53.4 max|qvel|=   0.45 ncon=  0 com_z=0.938 com_x=-0.157
t= 27.50 max|qacc|=     203.3 max|qvel|=   0.15 ncon=  0 com_z=0.938 com_x=-0.157
t= 28.00 max|qacc|=      68.2 max|qvel|=   0.17 ncon=  0 com_z=0.938 com_x=-0.157
t= 28.50 max|qacc|=     384.4 max|qvel|=   0.35 ncon=  0 com_z=0.938 com_x=-0.157
t= 29.00 max|qacc|=      29.6 max|qvel|=   0.14 ncon=  0 com_z=0.938 com_x=-0.157
t= 29.50 max|qacc|=      12.6 max|qvel|=   0.29 ncon=  0 com_z=0.938 com_x=-0.157
t= 30.00 max|qacc|=      96.4 max|qvel|=   0.10 ncon=  0 com_z=0.938 com_x=-0.157
t= 30.50 max|qacc|=       6.8 max|qvel|=   0.14 ncon=  0 com_z=0.938 com_x=-0.157

== summary ==
pelvis/COM height: start 0.94 m, min 0.93 m, final 0.94 m  (stayed up)
COM x: min -0.17 max -0.11 final -0.16 m
COM y: min -0.025 max +0.009 m
RG_F_r bursts during walk window: 15
RG_r: cycles in window 16, period 0.64 s (1.55 Hz), E-duty 0.55
RG_l: cycles in window 16, period 0.64 s (1.55 Hz), E-duty 0.55
peak ctrl: [1.   1.   1.   1.   0.86 1.   0.44 0.5  0.99 0.93 1.   1.   1.   1.
 1.   1.   0.45 0.67 0.72 0.37] (('vas_lat_r', 'med_gas_r', 'soleus_r', 'tib_ant_r', 'psoas_r', 'semimem_r', 'glut_max2_r', 'rect_fem_r', 'sar_r', 'grac_r', 'vas_lat_l', 'med_gas_l', 'soleus_l', 'tib_ant_l', 'psoas_l', 'semimem_l', 'glut_max2_l', 'rect_fem_l', 'sar_l', 'grac_l'))
  hip_flexion_r         -3.8 ..    38.0 deg
  knee_angle_r         -86.7 ..    10.5 deg
  ankle_angle_r        -65.1 ..    -1.7 deg
  hip_adduction_r      -12.4 ..    20.1 deg
  subtalar_angle_r     -10.8 ..     9.1 deg
  hip_flexion_l        -21.0 ..    24.7 deg
  knee_angle_l         -83.5 ..    10.5 deg
  ankle_angle_l        -67.6 ..     9.8 deg
  hip_adduction_l      -31.6 ..    31.0 deg
  subtalar_angle_l      -1.3 ..    14.5 deg
  pelvis_tilt           -1.9 ..     0.2 deg
  pelvis_list           -1.0 ..     0.3 deg
  pelvis_rotation        2.1 ..     2.6 deg
saved spinal_run.npz
(plot skipped: 'PF_E2_r')
fitted baseline loaded: e2_pf=0.222 f1_df=0.098 f1_kf=0.148 post_kneext=0.011 post_hipext=0.068 desc_f=1.400 e2_adapt=1.700
start pose (normal): applied 20 coordinates as given; pelvis ty 0.920 m (env override unset); IMU-metric torso lean -0.0 deg (+ = back)
standing solve: nnls x in [0.00, 0.70], >0.1: 14 muscles
  top: add_long_l=0.70, tib_ant_r=0.61, tib_ant_l=0.46, ext_dig_r=0.37, glut_min1_l=0.33, pect_l=0.32, glut_min2_l=0.31, ext_dig_l=0.25
Fmax range: 5..3396 N | L range sample: [0.229942 0.326094]
t=  1.00 max|qacc|=    1544.1 max|qvel|=   1.23 ncon=  0 com_z=0.939 com_x=-0.153
t=  1.50 max|qacc|=      51.5 max|qvel|=   0.37 ncon=  0 com_z=0.937 com_x=-0.158
t=  2.00 max|qacc|=      10.1 max|qvel|=   0.27 ncon=  0 com_z=0.938 com_x=-0.157
t=  2.50 max|qacc|=      75.2 max|qvel|=   0.71 ncon=  0 com_z=0.938 com_x=-0.158
t=  3.00 max|qacc|=      29.9 max|qvel|=   0.49 ncon=  0 com_z=0.938 com_x=-0.158
t=  3.50 max|qacc|=      29.0 max|qvel|=   0.14 ncon=  0 com_z=0.938 com_x=-0.157
t=  4.00 max|qacc|=      60.7 max|qvel|=   0.12 ncon=  0 com_z=0.937 com_x=-0.153
t=  4.50 max|qacc|=      19.0 max|qvel|=   0.28 ncon=  0 com_z=0.938 com_x=-0.152
t=  5.00 max|qacc|=      88.8 max|qvel|=   7.18 ncon=  0 com_z=0.930 com_x=-0.129
t=  5.50 max|qacc|=     118.6 max|qvel|=   4.57 ncon=  0 com_z=0.938 com_x=-0.145
t=  6.00 max|qacc|=      48.3 max|qvel|=   2.54 ncon=  0 com_z=0.964 com_x=-0.119
t=  6.50 max|qacc|=      64.4 max|qvel|=   8.30 ncon=  0 com_z=0.945 com_x=-0.109
t=  7.00 max|qacc|=      79.3 max|qvel|=   4.89 ncon=  0 com_z=0.949 com_x=-0.171
t=  7.50 max|qacc|=      51.0 max|qvel|=   2.77 ncon=  0 com_z=0.960 com_x=-0.114
t=  8.00 max|qacc|=      71.2 max|qvel|=   9.04 ncon=  0 com_z=0.948 com_x=-0.111
t=  8.50 max|qacc|=      87.2 max|qvel|=   4.63 ncon=  0 com_z=0.948 com_x=-0.170
t=  9.00 max|qacc|=      46.5 max|qvel|=   3.04 ncon=  0 com_z=0.961 com_x=-0.117
t=  9.50 max|qacc|=      75.5 max|qvel|=   9.15 ncon=  0 com_z=0.948 com_x=-0.110
t= 10.00 max|qacc|=     107.4 max|qvel|=   4.57 ncon=  0 com_z=0.947 com_x=-0.170
t= 10.50 max|qacc|=      42.7 max|qvel|=   3.08 ncon=  0 com_z=0.962 com_x=-0.118
t= 11.00 max|qacc|=      77.8 max|qvel|=   9.10 ncon=  0 com_z=0.947 com_x=-0.108
t= 11.50 max|qacc|=     120.8 max|qvel|=   4.59 ncon=  0 com_z=0.947 com_x=-0.170
t= 12.00 max|qacc|=      38.1 max|qvel|=   3.04 ncon=  0 com_z=0.963 com_x=-0.120
t= 12.50 max|qacc|=      77.6 max|qvel|=   8.80 ncon=  0 com_z=0.946 com_x=-0.107
t= 13.00 max|qacc|=     130.6 max|qvel|=   4.60 ncon=  0 com_z=0.946 com_x=-0.170
t= 13.50 max|qacc|=      37.8 max|qvel|=   3.04 ncon=  0 com_z=0.964 com_x=-0.121
t= 14.00 max|qacc|=      76.5 max|qvel|=   8.81 ncon=  0 com_z=0.945 com_x=-0.105
t= 14.50 max|qacc|=     119.9 max|qvel|=   4.62 ncon=  0 com_z=0.946 com_x=-0.170
t= 15.00 max|qacc|=      43.2 max|qvel|=   2.95 ncon=  0 com_z=0.965 com_x=-0.123
t= 15.50 max|qacc|=      71.7 max|qvel|=   8.51 ncon=  0 com_z=0.946 com_x=-0.104
t= 16.00 max|qacc|=      22.2 max|qvel|=   2.59 ncon=  0 com_z=0.967 com_x=-0.162
t= 16.50 max|qacc|=       7.8 max|qvel|=   0.76 ncon=  0 com_z=0.954 com_x=-0.130
t= 17.00 max|qacc|=       1.7 max|qvel|=   0.79 ncon=  0 com_z=0.951 com_x=-0.139
t= 17.50 max|qacc|=       1.7 max|qvel|=   0.22 ncon=  0 com_z=0.953 com_x=-0.142
t= 18.00 max|qacc|=       0.3 max|qvel|=   0.03 ncon=  0 com_z=0.953 com_x=-0.141
t= 18.50 max|qacc|=       0.1 max|qvel|=   0.01 ncon=  0 com_z=0.953 com_x=-0.141
t= 19.00 max|qacc|=       0.0 max|qvel|=   0.00 ncon=  0 com_z=0.953 com_x=-0.141
t= 19.50 max|qacc|=       0.0 max|qvel|=   0.00 ncon=  0 com_z=0.953 com_x=-0.141
t= 20.00 max|qacc|=       0.0 max|qvel|=   0.00 ncon=  0 com_z=0.953 com_x=-0.141
t= 20.50 max|qacc|=       0.0 max|qvel|=   0.00 ncon=  0 com_z=0.953 com_x=-0.141
t= 21.00 max|qacc|=       0.0 max|qvel|=   0.00 ncon=  0 com_z=0.953 com_x=-0.141
t= 21.50 max|qacc|=       0.0 max|qvel|=   0.00 ncon=  0 com_z=0.953 com_x=-0.141
t= 22.00 max|qacc|=       0.0 max|qvel|=   0.00 ncon=  0 com_z=0.953 com_x=-0.141
t= 22.50 max|qacc|=       0.0 max|qvel|=   0.00 ncon=  0 com_z=0.953 com_x=-0.141
t= 23.00 max|qacc|=       0.0 max|qvel|=   0.00 ncon=  0 com_z=0.953 com_x=-0.141
t= 23.50 max|qacc|=       0.0 max|qvel|=   0.00 ncon=  0 com_z=0.953 com_x=-0.141
t= 24.00 max|qacc|=       0.0 max|qvel|=   0.00 ncon=  0 com_z=0.953 com_x=-0.141
t= 24.50 max|qacc|=       0.0 max|qvel|=   0.00 ncon=  0 com_z=0.953 com_x=-0.141
t= 25.00 max|qacc|=       0.0 max|qvel|=   0.00 ncon=  0 com_z=0.953 com_x=-0.141
t= 25.50 max|qacc|=       0.0 max|qvel|=   0.00 ncon=  0 com_z=0.953 com_x=-0.141
t= 26.00 max|qacc|=       0.0 max|qvel|=   0.00 ncon=  0 com_z=0.953 com_x=-0.141
t= 26.50 max|qacc|=       0.0 max|qvel|=   0.00 ncon=  0 com_z=0.953 com_x=-0.141
t= 27.00 max|qacc|=       0.0 max|qvel|=   0.00 ncon=  0 com_z=0.953 com_x=-0.141
t= 27.50 max|qacc|=       0.0 max|qvel|=   0.00 ncon=  0 com_z=0.953 com_x=-0.141
t= 28.00 max|qacc|=       0.0 max|qvel|=   0.00 ncon=  0 com_z=0.953 com_x=-0.141
t= 28.50 max|qacc|=       0.0 max|qvel|=   0.00 ncon=  0 com_z=0.953 com_x=-0.141
t= 29.00 max|qacc|=       0.0 max|qvel|=   0.00 ncon=  0 com_z=0.953 com_x=-0.141
t= 29.50 max|qacc|=       0.0 max|qvel|=   0.00 ncon=  0 com_z=0.953 com_x=-0.141
t= 30.00 max|qacc|=       0.0 max|qvel|=   0.00 ncon=  0 com_z=0.953 com_x=-0.141
t= 30.50 max|qacc|=       0.0 max|qvel|=   0.00 ncon=  0 com_z=0.953 com_x=-0.141

== summary ==
pelvis/COM height: start 0.94 m, min 0.93 m, final 0.95 m  (stayed up)
COM x: min -0.17 max -0.09 final -0.14 m
COM y: min -0.021 max +0.004 m
RG_F_r bursts during walk window: 13
RG_r: cycles in window 14, period 0.75 s (1.34 Hz), E-duty 0.48
RG_l: cycles in window 14, period 0.75 s (1.34 Hz), E-duty 0.48
peak ctrl: [1.   1.   1.   1.   0.84 1.   0.62 0.5  0.97 0.93 1.   1.   1.   1.
 0.98 1.   0.6  0.67 0.68 0.37] (('vas_lat_r', 'med_gas_r', 'soleus_r', 'tib_ant_r', 'psoas_r', 'semimem_r', 'glut_max2_r', 'rect_fem_r', 'sar_r', 'grac_r', 'vas_lat_l', 'med_gas_l', 'soleus_l', 'tib_ant_l', 'psoas_l', 'semimem_l', 'glut_max2_l', 'rect_fem_l', 'sar_l', 'grac_l'))
  hip_flexion_r        -10.5 ..    39.6 deg
  knee_angle_r         -90.3 ..    10.3 deg
  ankle_angle_r        -65.0 ..    29.4 deg
  hip_adduction_r      -35.8 ..    32.5 deg
  subtalar_angle_r     -21.8 ..     8.5 deg
  hip_flexion_l        -27.3 ..    25.3 deg
  knee_angle_l         -91.1 ..    10.1 deg
  ankle_angle_l        -68.0 ..     9.8 deg
  hip_adduction_l      -43.8 ..    35.0 deg
  subtalar_angle_l      -0.8 ..    33.1 deg
  pelvis_tilt           -1.9 ..     0.9 deg
  pelvis_list           -0.8 ..     0.3 deg
  pelvis_rotation        2.1 ..     2.6 deg
saved spinal_run.npz
(plot skipped: 'PF_E2_r')
fitted baseline loaded: e2_pf=0.222 f1_df=0.098 f1_kf=0.148 post_kneext=0.011 post_hipext=0.068 desc_f=1.400 e2_adapt=1.700
start pose (normal): applied 20 coordinates as given; pelvis ty 0.920 m (env override unset); IMU-metric torso lean -0.0 deg (+ = back)
standing solve: nnls x in [0.00, 0.70], >0.1: 14 muscles
  top: add_long_l=0.70, tib_ant_r=0.61, tib_ant_l=0.46, ext_dig_r=0.37, glut_min1_l=0.33, pect_l=0.32, glut_min2_l=0.31, ext_dig_l=0.25
Fmax range: 5..3396 N | L range sample: [0.229942 0.326094]
t=  1.00 max|qacc|=     232.4 max|qvel|=   1.65 ncon=  0 com_z=0.938 com_x=-0.150
t=  1.50 max|qacc|=     391.5 max|qvel|=   0.37 ncon=  0 com_z=0.937 com_x=-0.157
t=  2.00 max|qacc|=      67.5 max|qvel|=   0.39 ncon=  0 com_z=0.938 com_x=-0.155
t=  2.50 max|qacc|=     153.9 max|qvel|=   1.25 ncon=  0 com_z=0.938 com_x=-0.156
t=  3.00 max|qacc|=     175.4 max|qvel|=   0.44 ncon=  0 com_z=0.938 com_x=-0.156
t=  3.50 max|qacc|=      15.9 max|qvel|=   0.12 ncon=  0 com_z=0.938 com_x=-0.155
t=  4.00 max|qacc|=      46.9 max|qvel|=   0.07 ncon=  0 com_z=0.937 com_x=-0.151
t=  4.50 max|qacc|=      34.0 max|qvel|=   0.08 ncon=  0 com_z=0.937 com_x=-0.151
t=  5.00 max|qacc|=     178.6 max|qvel|=   0.21 ncon=  0 com_z=0.938 com_x=-0.151
t=  5.50 max|qacc|=     120.3 max|qvel|=   6.68 ncon=  0 com_z=0.959 com_x=-0.132
t=  6.00 max|qacc|=      84.6 max|qvel|=   2.42 ncon=  0 com_z=0.938 com_x=-0.131
t=  6.50 max|qacc|=      56.2 max|qvel|=   4.89 ncon=  0 com_z=0.944 com_x=-0.158
t=  7.00 max|qacc|=      45.4 max|qvel|=   8.36 ncon=  0 com_z=0.928 com_x=-0.119
t=  7.50 max|qacc|=     254.8 max|qvel|=   3.91 ncon=  0 com_z=0.944 com_x=-0.157
t=  8.00 max|qacc|=      80.5 max|qvel|=   2.55 ncon=  0 com_z=0.963 com_x=-0.125
t=  8.50 max|qacc|=    1419.9 max|qvel|=   4.56 ncon=  0 com_z=0.947 com_x=-0.132
t=  9.00 max|qacc|=      72.7 max|qvel|=   7.61 ncon=  0 com_z=0.964 com_x=-0.152
t=  9.50 max|qacc|=      81.5 max|qvel|=   5.78 ncon=  0 com_z=0.931 com_x=-0.116
t= 10.00 max|qacc|=      46.2 max|qvel|=   5.08 ncon=  0 com_z=0.946 com_x=-0.170
t= 10.50 max|qacc|=      44.1 max|qvel|=   6.35 ncon=  0 com_z=0.936 com_x=-0.115
t= 11.00 max|qacc|=      32.0 max|qvel|=   2.62 ncon=  0 com_z=0.947 com_x=-0.151
t= 11.50 max|qacc|=     111.3 max|qvel|=   2.80 ncon=  0 com_z=0.971 com_x=-0.132
t= 12.00 max|qacc|=     113.1 max|qvel|=   2.89 ncon=  0 com_z=0.944 com_x=-0.125
t= 12.50 max|qacc|=      61.0 max|qvel|=   6.18 ncon=  0 com_z=0.956 com_x=-0.162
t= 13.00 max|qacc|=      37.6 max|qvel|=   7.61 ncon=  0 com_z=0.925 com_x=-0.112
t= 13.50 max|qacc|=     842.1 max|qvel|=   5.49 ncon=  0 com_z=0.945 com_x=-0.167
t= 14.00 max|qacc|=      89.2 max|qvel|=   4.23 ncon=  0 com_z=0.952 com_x=-0.120
t= 14.50 max|qacc|=      34.5 max|qvel|=   1.81 ncon=  0 com_z=0.948 com_x=-0.139
t= 15.00 max|qacc|=      95.8 max|qvel|=   7.44 ncon=  0 com_z=0.970 com_x=-0.143
t= 15.50 max|qacc|=     124.6 max|qvel|=   2.14 ncon=  0 com_z=0.938 com_x=-0.125
t= 16.00 max|qacc|=     122.5 max|qvel|=   0.92 ncon=  0 com_z=0.944 com_x=-0.164
t= 16.50 max|qacc|=      67.6 max|qvel|=   0.50 ncon=  0 com_z=0.934 com_x=-0.145
t= 17.00 max|qacc|=      10.6 max|qvel|=   0.19 ncon=  0 com_z=0.939 com_x=-0.157
t= 17.50 max|qacc|=     112.7 max|qvel|=   0.20 ncon=  0 com_z=0.937 com_x=-0.156
t= 18.00 max|qacc|=       9.6 max|qvel|=   0.09 ncon=  0 com_z=0.938 com_x=-0.157
t= 18.50 max|qacc|=     137.6 max|qvel|=   0.19 ncon=  0 com_z=0.938 com_x=-0.156
t= 19.00 max|qacc|=     422.7 max|qvel|=   0.40 ncon=  0 com_z=0.937 com_x=-0.156
t= 19.50 max|qacc|=     620.5 max|qvel|=   0.67 ncon=  0 com_z=0.938 com_x=-0.156
t= 20.00 max|qacc|=      86.9 max|qvel|=   0.07 ncon=  0 com_z=0.938 com_x=-0.156
t= 20.50 max|qacc|=      41.0 max|qvel|=   0.40 ncon=  0 com_z=0.938 com_x=-0.156
t= 21.00 max|qacc|=      40.1 max|qvel|=   0.40 ncon=  0 com_z=0.937 com_x=-0.156
t= 21.50 max|qacc|=      98.3 max|qvel|=   0.11 ncon=  0 com_z=0.938 com_x=-0.156
t= 22.00 max|qacc|=      80.5 max|qvel|=   0.39 ncon=  0 com_z=0.938 com_x=-0.156
t= 22.50 max|qacc|=     125.1 max|qvel|=   0.30 ncon=  0 com_z=0.938 com_x=-0.156
t= 23.00 max|qacc|=     204.2 max|qvel|=   0.35 ncon=  0 com_z=0.938 com_x=-0.156
t= 23.50 max|qacc|=     129.2 max|qvel|=   0.09 ncon=  0 com_z=0.938 com_x=-0.156
t= 24.00 max|qacc|=      12.4 max|qvel|=   0.10 ncon=  0 com_z=0.938 com_x=-0.156
t= 24.50 max|qacc|=     107.9 max|qvel|=   0.36 ncon=  0 com_z=0.938 com_x=-0.156
t= 25.00 max|qacc|=      21.7 max|qvel|=   0.17 ncon=  0 com_z=0.938 com_x=-0.156
t= 25.50 max|qacc|=      18.3 max|qvel|=   0.15 ncon=  0 com_z=0.938 com_x=-0.156
t= 26.00 max|qacc|=      11.9 max|qvel|=   0.07 ncon=  0 com_z=0.938 com_x=-0.156
t= 26.50 max|qacc|=      38.8 max|qvel|=   0.23 ncon=  0 com_z=0.938 com_x=-0.156
t= 27.00 max|qacc|=      83.8 max|qvel|=   0.05 ncon=  0 com_z=0.938 com_x=-0.156
t= 27.50 max|qacc|=     217.0 max|qvel|=   0.11 ncon=  0 com_z=0.938 com_x=-0.156
t= 28.00 max|qacc|=      17.9 max|qvel|=   0.06 ncon=  0 com_z=0.938 com_x=-0.156
t= 28.50 max|qacc|=      24.1 max|qvel|=   0.11 ncon=  0 com_z=0.938 com_x=-0.156
t= 29.00 max|qacc|=      50.6 max|qvel|=   0.09 ncon=  0 com_z=0.938 com_x=-0.156
t= 29.50 max|qacc|=      12.4 max|qvel|=   0.30 ncon=  0 com_z=0.938 com_x=-0.156
t= 30.00 max|qacc|=      66.1 max|qvel|=   0.41 ncon=  0 com_z=0.938 com_x=-0.156
t= 30.50 max|qacc|=      83.4 max|qvel|=   0.24 ncon=  0 com_z=0.938 com_x=-0.156

== summary ==
pelvis/COM height: start 0.94 m, min 0.92 m, final 0.94 m  (stayed up)
COM x: min -0.17 max -0.11 final -0.16 m
COM y: min -0.027 max +0.014 m
RG_F_r bursts during walk window: 11
RG_r: cycles in window 12, period 0.86 s (1.16 Hz), E-duty 0.57
RG_l: cycles in window 12, period 0.86 s (1.16 Hz), E-duty 0.57
peak ctrl: [1.   1.   1.   1.   0.87 1.   0.44 0.5  0.99 0.93 1.   1.   1.   1.
 1.   1.   0.52 0.68 0.72 0.37] (('vas_lat_r', 'med_gas_r', 'soleus_r', 'tib_ant_r', 'psoas_r', 'semimem_r', 'glut_max2_r', 'rect_fem_r', 'sar_r', 'grac_r', 'vas_lat_l', 'med_gas_l', 'soleus_l', 'tib_ant_l', 'psoas_l', 'semimem_l', 'glut_max2_l', 'rect_fem_l', 'sar_l', 'grac_l'))
  hip_flexion_r         -3.2 ..    38.6 deg
  knee_angle_r         -89.0 ..    10.4 deg
  ankle_angle_r        -65.5 ..    -1.7 deg
  hip_adduction_r      -22.8 ..    23.0 deg
  subtalar_angle_r      -9.3 ..     8.1 deg
  hip_flexion_l        -16.6 ..    24.0 deg
  knee_angle_l         -81.7 ..    10.4 deg
  ankle_angle_l        -68.0 ..     9.8 deg
  hip_adduction_l      -42.7 ..    39.5 deg
  subtalar_angle_l      -2.1 ..    10.3 deg
  pelvis_tilt           -1.9 ..     0.2 deg
  pelvis_list           -0.9 ..     0.4 deg
  pelvis_rotation        2.2 ..     2.6 deg
saved spinal_run.npz
(plot skipped: 'PF_E2_r')
fitted baseline loaded: e2_pf=0.222 f1_df=0.098 f1_kf=0.148 post_kneext=0.011 post_hipext=0.068 desc_f=1.400 e2_adapt=1.700
start pose (normal): applied 20 coordinates as given; pelvis ty 0.920 m (env override unset); IMU-metric torso lean -0.0 deg (+ = back)
standing solve: nnls x in [0.00, 0.70], >0.1: 14 muscles
  top: add_long_l=0.70, tib_ant_r=0.61, tib_ant_l=0.46, ext_dig_r=0.37, glut_min1_l=0.33, pect_l=0.32, glut_min2_l=0.31, ext_dig_l=0.25
Fmax range: 5..3396 N | L range sample: [0.229942 0.326094]
t=  1.00 max|qacc|=     560.1 max|qvel|=   1.33 ncon=  0 com_z=0.939 com_x=-0.152
t=  1.50 max|qacc|=      41.1 max|qvel|=   0.49 ncon=  0 com_z=0.937 com_x=-0.158
t=  2.00 max|qacc|=      47.7 max|qvel|=   0.49 ncon=  0 com_z=0.938 com_x=-0.157
t=  2.50 max|qacc|=     194.6 max|qvel|=   0.19 ncon=  0 com_z=0.938 com_x=-0.157
t=  3.00 max|qacc|=      64.1 max|qvel|=   0.48 ncon=  0 com_z=0.938 com_x=-0.157
t=  3.50 max|qacc|=      89.4 max|qvel|=   0.58 ncon=  0 com_z=0.938 com_x=-0.156
t=  4.00 max|qacc|=      14.9 max|qvel|=   0.07 ncon=  0 com_z=0.937 com_x=-0.152
t=  4.50 max|qacc|=      95.4 max|qvel|=   0.87 ncon=  0 com_z=0.937 com_x=-0.152
t=  5.00 max|qacc|=      86.7 max|qvel|=   7.96 ncon=  0 com_z=0.928 com_x=-0.118
t=  5.50 max|qacc|=      59.4 max|qvel|=   4.41 ncon=  0 com_z=0.939 com_x=-0.132
t=  6.00 max|qacc|=      91.2 max|qvel|=   7.70 ncon=  0 com_z=0.952 com_x=-0.118
t=  6.50 max|qacc|=      48.1 max|qvel|=   7.84 ncon=  0 com_z=0.937 com_x=-0.102
t=  7.00 max|qacc|=      63.1 max|qvel|=   3.43 ncon=  0 com_z=0.940 com_x=-0.137
t=  7.50 max|qacc|=     175.9 max|qvel|=   4.94 ncon=  0 com_z=0.935 com_x=-0.132
t=  8.00 max|qacc|=     139.5 max|qvel|=   4.21 ncon=  0 com_z=0.944 com_x=-0.108
t=  8.50 max|qacc|=     103.3 max|qvel|=   5.17 ncon=  0 com_z=0.946 com_x=-0.117
t=  9.00 max|qacc|=      97.8 max|qvel|=   3.59 ncon=  0 com_z=0.932 com_x=-0.140
t=  9.50 max|qacc|=      88.1 max|qvel|=   7.53 ncon=  0 com_z=0.940 com_x=-0.118
t= 10.00 max|qacc|=      46.5 max|qvel|=   8.45 ncon=  0 com_z=0.936 com_x=-0.107
t= 10.50 max|qacc|=      58.2 max|qvel|=   2.53 ncon=  0 com_z=0.941 com_x=-0.133
t= 11.00 max|qacc|=      52.3 max|qvel|=   4.93 ncon=  0 com_z=0.932 com_x=-0.130
t= 11.50 max|qacc|=     159.8 max|qvel|=   4.01 ncon=  0 com_z=0.944 com_x=-0.109
t= 12.00 max|qacc|=     102.5 max|qvel|=   5.66 ncon=  0 com_z=0.945 com_x=-0.117
t= 12.50 max|qacc|=     446.2 max|qvel|=   4.99 ncon=  0 com_z=0.933 com_x=-0.139
t= 13.00 max|qacc|=      63.7 max|qvel|=   6.78 ncon=  0 com_z=0.939 com_x=-0.119
t= 13.50 max|qacc|=      40.8 max|qvel|=   8.16 ncon=  0 com_z=0.936 com_x=-0.108
t= 14.00 max|qacc|=      43.4 max|qvel|=   2.33 ncon=  0 com_z=0.941 com_x=-0.132
t= 14.50 max|qacc|=      79.6 max|qvel|=   5.05 ncon=  0 com_z=0.932 com_x=-0.131
t= 15.00 max|qacc|=     165.9 max|qvel|=   3.83 ncon=  0 com_z=0.945 com_x=-0.110
t= 15.50 max|qacc|=      92.4 max|qvel|=   4.19 ncon=  0 com_z=0.946 com_x=-0.121
t= 16.00 max|qacc|=     113.9 max|qvel|=   4.16 ncon=  0 com_z=0.966 com_x=-0.163
t= 16.50 max|qacc|=     185.8 max|qvel|=   1.88 ncon=  0 com_z=0.929 com_x=-0.122
t= 17.00 max|qacc|=     200.9 max|qvel|=   1.32 ncon=  0 com_z=0.945 com_x=-0.169
t= 17.50 max|qacc|=      42.5 max|qvel|=   0.51 ncon=  0 com_z=0.936 com_x=-0.152
t= 18.00 max|qacc|=      48.3 max|qvel|=   0.30 ncon=  0 com_z=0.938 com_x=-0.160
t= 18.50 max|qacc|=      17.4 max|qvel|=   0.21 ncon=  0 com_z=0.938 com_x=-0.157
t= 19.00 max|qacc|=     355.2 max|qvel|=   0.51 ncon=  0 com_z=0.938 com_x=-0.157
t= 19.50 max|qacc|=      41.4 max|qvel|=   0.29 ncon=  0 com_z=0.938 com_x=-0.157
t= 20.00 max|qacc|=      42.4 max|qvel|=   0.26 ncon=  0 com_z=0.938 com_x=-0.157
t= 20.50 max|qacc|=     131.6 max|qvel|=   0.73 ncon=  0 com_z=0.938 com_x=-0.157
t= 21.00 max|qacc|=     217.0 max|qvel|=   0.16 ncon=  0 com_z=0.938 com_x=-0.157
t= 21.50 max|qacc|=      43.3 max|qvel|=   0.13 ncon=  0 com_z=0.938 com_x=-0.157
t= 22.00 max|qacc|=      52.9 max|qvel|=   0.08 ncon=  0 com_z=0.938 com_x=-0.157
t= 22.50 max|qacc|=      16.4 max|qvel|=   0.13 ncon=  0 com_z=0.938 com_x=-0.157
t= 23.00 max|qacc|=      71.1 max|qvel|=   0.39 ncon=  0 com_z=0.938 com_x=-0.157
t= 23.50 max|qacc|=      84.1 max|qvel|=   0.08 ncon=  0 com_z=0.938 com_x=-0.157
t= 24.00 max|qacc|=      94.0 max|qvel|=   0.19 ncon=  0 com_z=0.938 com_x=-0.157
t= 24.50 max|qacc|=      23.3 max|qvel|=   0.20 ncon=  0 com_z=0.938 com_x=-0.157
t= 25.00 max|qacc|=     111.7 max|qvel|=   0.38 ncon=  0 com_z=0.938 com_x=-0.157
t= 25.50 max|qacc|=      68.3 max|qvel|=   0.28 ncon=  0 com_z=0.938 com_x=-0.157
t= 26.00 max|qacc|=     639.5 max|qvel|=   0.53 ncon=  0 com_z=0.938 com_x=-0.157
t= 26.50 max|qacc|=      33.7 max|qvel|=   0.09 ncon=  0 com_z=0.938 com_x=-0.157
t= 27.00 max|qacc|=      86.6 max|qvel|=   0.38 ncon=  0 com_z=0.938 com_x=-0.157
t= 27.50 max|qacc|=      26.1 max|qvel|=   0.06 ncon=  0 com_z=0.938 com_x=-0.157
t= 28.00 max|qacc|=      10.6 max|qvel|=   0.21 ncon=  0 com_z=0.938 com_x=-0.157
t= 28.50 max|qacc|=      97.5 max|qvel|=   0.29 ncon=  0 com_z=0.938 com_x=-0.157
t= 29.00 max|qacc|=      22.9 max|qvel|=   0.11 ncon=  0 com_z=0.938 com_x=-0.157
t= 29.50 max|qacc|=      43.0 max|qvel|=   0.65 ncon=  0 com_z=0.938 com_x=-0.157
t= 30.00 max|qacc|=      32.4 max|qvel|=   0.15 ncon=  0 com_z=0.938 com_x=-0.157
t= 30.50 max|qacc|=      87.6 max|qvel|=   0.05 ncon=  0 com_z=0.938 com_x=-0.157

== summary ==
pelvis/COM height: start 0.94 m, min 0.93 m, final 0.94 m  (stayed up)
COM x: min -0.17 max -0.10 final -0.16 m
COM y: min -0.026 max +0.007 m
RG_F_r bursts during walk window: 14
RG_r: cycles in window 15, period 0.70 s (1.43 Hz), E-duty 0.53
RG_l: cycles in window 15, period 0.70 s (1.43 Hz), E-duty 0.53
peak ctrl: [1.   1.   1.   1.   0.86 1.   0.47 0.5  0.99 0.93 1.   1.   1.   1.
 0.99 1.   0.52 0.67 0.72 0.37] (('vas_lat_r', 'med_gas_r', 'soleus_r', 'tib_ant_r', 'psoas_r', 'semimem_r', 'glut_max2_r', 'rect_fem_r', 'sar_r', 'grac_r', 'vas_lat_l', 'med_gas_l', 'soleus_l', 'tib_ant_l', 'psoas_l', 'semimem_l', 'glut_max2_l', 'rect_fem_l', 'sar_l', 'grac_l'))
  hip_flexion_r         -7.8 ..    41.3 deg
  knee_angle_r         -90.6 ..    10.5 deg
  ankle_angle_r        -65.0 ..    -1.7 deg
  hip_adduction_r      -28.2 ..    27.1 deg
  subtalar_angle_r     -13.2 ..     8.6 deg
  hip_flexion_l        -24.9 ..    24.8 deg
  knee_angle_l         -98.3 ..    10.5 deg
  ankle_angle_l        -67.7 ..     9.8 deg
  hip_adduction_l      -42.4 ..    37.0 deg
  subtalar_angle_l      -1.3 ..    21.7 deg
  pelvis_tilt           -1.9 ..     0.5 deg
  pelvis_list           -1.0 ..     0.5 deg
  pelvis_rotation        2.2 ..     2.6 deg
saved spinal_run.npz
(plot skipped: 'PF_E2_r')
fitted baseline loaded: e2_pf=0.222 f1_df=0.098 f1_kf=0.148 post_kneext=0.011 post_hipext=0.068 desc_f=1.400 e2_adapt=1.700
start pose (normal): applied 20 coordinates as given; pelvis ty 0.920 m (env override unset); IMU-metric torso lean -0.0 deg (+ = back)
standing solve: nnls x in [0.00, 0.70], >0.1: 14 muscles
  top: add_long_l=0.70, tib_ant_r=0.61, tib_ant_l=0.46, ext_dig_r=0.37, glut_min1_l=0.33, pect_l=0.32, glut_min2_l=0.31, ext_dig_l=0.25
Fmax range: 5..3396 N | L range sample: [0.229942 0.326094]
t=  1.00 max|qacc|=     318.5 max|qvel|=   1.80 ncon=  0 com_z=0.938 com_x=-0.149
t=  1.50 max|qacc|=      94.1 max|qvel|=   0.41 ncon=  0 com_z=0.937 com_x=-0.157
t=  2.00 max|qacc|=      30.7 max|qvel|=   0.23 ncon=  0 com_z=0.937 com_x=-0.155
t=  2.50 max|qacc|=      58.8 max|qvel|=   0.09 ncon=  0 com_z=0.938 com_x=-0.156
t=  3.00 max|qacc|=     174.2 max|qvel|=   0.19 ncon=  0 com_z=0.937 com_x=-0.156
t=  3.50 max|qacc|=      81.0 max|qvel|=   0.34 ncon=  0 com_z=0.938 com_x=-0.155
t=  4.00 max|qacc|=      26.5 max|qvel|=   0.07 ncon=  0 com_z=0.937 com_x=-0.151
t=  4.50 max|qacc|=      84.0 max|qvel|=   1.47 ncon=  0 com_z=0.938 com_x=-0.152
t=  5.00 max|qacc|=      69.0 max|qvel|=   9.43 ncon=  0 com_z=0.946 com_x=-0.127
t=  5.50 max|qacc|=     137.5 max|qvel|=   4.64 ncon=  0 com_z=0.930 com_x=-0.111
t=  6.00 max|qacc|=     119.1 max|qvel|=   3.18 ncon=  0 com_z=0.934 com_x=-0.119
t=  6.50 max|qacc|=      58.9 max|qvel|=   7.22 ncon=  0 com_z=0.936 com_x=-0.111
t=  7.00 max|qacc|=     162.2 max|qvel|=   5.86 ncon=  0 com_z=0.943 com_x=-0.111
t=  7.50 max|qacc|=     150.5 max|qvel|=   4.27 ncon=  0 com_z=0.933 com_x=-0.116
t=  8.00 max|qacc|=     103.0 max|qvel|=   5.00 ncon=  0 com_z=0.933 com_x=-0.115
t=  8.50 max|qacc|=     120.1 max|qvel|=   5.58 ncon=  0 com_z=0.940 com_x=-0.111
t=  9.00 max|qacc|=     116.2 max|qvel|=   7.37 ncon=  0 com_z=0.939 com_x=-0.112
t=  9.50 max|qacc|=     101.7 max|qvel|=   3.25 ncon=  0 com_z=0.933 com_x=-0.117
t= 10.00 max|qacc|=      61.7 max|qvel|=   6.57 ncon=  0 com_z=0.933 com_x=-0.114
t= 10.50 max|qacc|=     175.9 max|qvel|=   3.45 ncon=  0 com_z=0.943 com_x=-0.111
t= 11.00 max|qacc|=     119.5 max|qvel|=   8.02 ncon=  0 com_z=0.936 com_x=-0.113
t= 11.50 max|qacc|=     127.6 max|qvel|=   2.09 ncon=  0 com_z=0.933 com_x=-0.116
t= 12.00 max|qacc|=      48.8 max|qvel|=   7.43 ncon=  0 com_z=0.934 com_x=-0.113
t= 12.50 max|qacc|=     180.1 max|qvel|=   2.75 ncon=  0 com_z=0.945 com_x=-0.110
t= 13.00 max|qacc|=      87.4 max|qvel|=   6.56 ncon=  0 com_z=0.934 com_x=-0.115
t= 13.50 max|qacc|=     114.9 max|qvel|=   3.14 ncon=  0 com_z=0.933 com_x=-0.115
t= 14.00 max|qacc|=      56.0 max|qvel|=   7.20 ncon=  0 com_z=0.937 com_x=-0.112
t= 14.50 max|qacc|=     161.8 max|qvel|=   5.94 ncon=  0 com_z=0.943 com_x=-0.111
t= 15.00 max|qacc|=     152.7 max|qvel|=   4.24 ncon=  0 com_z=0.933 com_x=-0.116
t= 15.50 max|qacc|=     112.7 max|qvel|=   2.09 ncon=  0 com_z=0.934 com_x=-0.121
t= 16.00 max|qacc|=     102.7 max|qvel|=   5.11 ncon=  0 com_z=0.938 com_x=-0.142
t= 16.50 max|qacc|=     327.3 max|qvel|=   1.91 ncon=  0 com_z=0.936 com_x=-0.149
t= 17.00 max|qacc|=      16.9 max|qvel|=   0.46 ncon=  0 com_z=0.938 com_x=-0.155
t= 17.50 max|qacc|=     129.2 max|qvel|=   0.70 ncon=  0 com_z=0.938 com_x=-0.157
t= 18.00 max|qacc|=      11.6 max|qvel|=   0.11 ncon=  0 com_z=0.937 com_x=-0.155
t= 18.50 max|qacc|=      76.0 max|qvel|=   0.34 ncon=  0 com_z=0.938 com_x=-0.157
t= 19.00 max|qacc|=     112.6 max|qvel|=   0.41 ncon=  0 com_z=0.937 com_x=-0.155
t= 19.50 max|qacc|=      94.5 max|qvel|=   0.59 ncon=  0 com_z=0.938 com_x=-0.156
t= 20.00 max|qacc|=     430.6 max|qvel|=   0.98 ncon=  0 com_z=0.937 com_x=-0.156
t= 20.50 max|qacc|=     140.2 max|qvel|=   0.13 ncon=  0 com_z=0.938 com_x=-0.156
t= 21.00 max|qacc|=     261.1 max|qvel|=   0.20 ncon=  0 com_z=0.937 com_x=-0.156
t= 21.50 max|qacc|=       8.6 max|qvel|=   0.13 ncon=  0 com_z=0.938 com_x=-0.156
t= 22.00 max|qacc|=     471.3 max|qvel|=   0.36 ncon=  0 com_z=0.938 com_x=-0.156
t= 22.50 max|qacc|=      17.7 max|qvel|=   0.08 ncon=  0 com_z=0.938 com_x=-0.156
t= 23.00 max|qacc|=      38.5 max|qvel|=   0.18 ncon=  0 com_z=0.938 com_x=-0.156
t= 23.50 max|qacc|=      57.5 max|qvel|=   0.07 ncon=  0 com_z=0.937 com_x=-0.156
t= 24.00 max|qacc|=      89.9 max|qvel|=   0.24 ncon=  0 com_z=0.938 com_x=-0.156
t= 24.50 max|qacc|=     109.5 max|qvel|=   0.07 ncon=  0 com_z=0.937 com_x=-0.156
t= 25.00 max|qacc|=      54.6 max|qvel|=   0.17 ncon=  0 com_z=0.938 com_x=-0.156
t= 25.50 max|qacc|=      76.5 max|qvel|=   0.39 ncon=  0 com_z=0.937 com_x=-0.156
t= 26.00 max|qacc|=      34.8 max|qvel|=   0.25 ncon=  0 com_z=0.938 com_x=-0.156
t= 26.50 max|qacc|=      91.5 max|qvel|=   0.39 ncon=  0 com_z=0.937 com_x=-0.156
t= 27.00 max|qacc|=      24.8 max|qvel|=   0.24 ncon=  0 com_z=0.938 com_x=-0.156
t= 27.50 max|qacc|=      63.3 max|qvel|=   1.07 ncon=  0 com_z=0.937 com_x=-0.155
t= 28.00 max|qacc|=      21.3 max|qvel|=   0.33 ncon=  0 com_z=0.938 com_x=-0.156
t= 28.50 max|qacc|=     124.0 max|qvel|=   0.27 ncon=  0 com_z=0.937 com_x=-0.156
t= 29.00 max|qacc|=      69.4 max|qvel|=   0.18 ncon=  0 com_z=0.938 com_x=-0.156
t= 29.50 max|qacc|=     195.6 max|qvel|=   0.80 ncon=  0 com_z=0.938 com_x=-0.156
t= 30.00 max|qacc|=     103.7 max|qvel|=   0.21 ncon=  0 com_z=0.937 com_x=-0.156
t= 30.50 max|qacc|=      32.0 max|qvel|=   0.25 ncon=  0 com_z=0.938 com_x=-0.156

== summary ==
pelvis/COM height: start 0.94 m, min 0.93 m, final 0.94 m  (stayed up)
COM x: min -0.16 max -0.10 final -0.16 m
COM y: min -0.025 max +0.004 m
RG_F_r bursts during walk window: 25
RG_r: cycles in window 25, period 0.40 s (2.53 Hz), E-duty 0.49
RG_l: cycles in window 25, period 0.40 s (2.53 Hz), E-duty 0.49
peak ctrl: [1.   1.   1.   1.   0.84 1.   0.42 0.5  0.97 0.93 1.   1.   1.   1.
 0.98 1.   0.46 0.67 0.68 0.37] (('vas_lat_r', 'med_gas_r', 'soleus_r', 'tib_ant_r', 'psoas_r', 'semimem_r', 'glut_max2_r', 'rect_fem_r', 'sar_r', 'grac_r', 'vas_lat_l', 'med_gas_l', 'soleus_l', 'tib_ant_l', 'psoas_l', 'semimem_l', 'glut_max2_l', 'rect_fem_l', 'sar_l', 'grac_l'))
  hip_flexion_r         -2.7 ..    37.6 deg
  knee_angle_r         -87.4 ..    10.4 deg
  ankle_angle_r        -65.1 ..    -1.7 deg
  hip_adduction_r       -6.8 ..    19.8 deg
  subtalar_angle_r     -10.8 ..     8.9 deg
  hip_flexion_l        -26.4 ..    23.3 deg
  knee_angle_l         -93.9 ..    10.3 deg
  ankle_angle_l        -67.9 ..     9.8 deg
  hip_adduction_l      -26.9 ..    24.9 deg
  subtalar_angle_l      -0.6 ..    13.9 deg
  pelvis_tilt           -1.9 ..     0.2 deg
  pelvis_list           -0.8 ..     0.1 deg
  pelvis_rotation        2.2 ..     2.6 deg
saved spinal_run.npz
(plot skipped: 'PF_E2_r')
fitted baseline loaded: e2_pf=0.222 f1_df=0.098 f1_kf=0.148 post_kneext=0.011 post_hipext=0.068 desc_f=1.400 e2_adapt=1.700
start pose (normal): applied 20 coordinates as given; pelvis ty 0.920 m (env override unset); IMU-metric torso lean -0.0 deg (+ = back)
standing solve: nnls x in [0.00, 0.70], >0.1: 14 muscles
  top: add_long_l=0.70, tib_ant_r=0.61, tib_ant_l=0.46, ext_dig_r=0.37, glut_min1_l=0.33, pect_l=0.32, glut_min2_l=0.31, ext_dig_l=0.25
Fmax range: 5..3396 N | L range sample: [0.229942 0.326094]
t=  1.00 max|qacc|=     236.5 max|qvel|=   1.85 ncon=  0 com_z=0.937 com_x=-0.149
t=  1.50 max|qacc|=      29.2 max|qvel|=   0.41 ncon=  0 com_z=0.937 com_x=-0.157
t=  2.00 max|qacc|=      71.4 max|qvel|=   0.34 ncon=  0 com_z=0.937 com_x=-0.155
t=  2.50 max|qacc|=      84.9 max|qvel|=   0.23 ncon=  0 com_z=0.938 com_x=-0.156
t=  3.00 max|qacc|=      28.1 max|qvel|=   0.14 ncon=  0 com_z=0.937 com_x=-0.156
t=  3.50 max|qacc|=     125.6 max|qvel|=   0.20 ncon=  0 com_z=0.937 com_x=-0.155
t=  4.00 max|qacc|=      35.5 max|qvel|=   0.05 ncon=  0 com_z=0.937 com_x=-0.151
t=  4.50 max|qacc|=     105.1 max|qvel|=   3.04 ncon=  0 com_z=0.938 com_x=-0.151
t=  5.00 max|qacc|=     125.9 max|qvel|=   6.45 ncon=  0 com_z=0.939 com_x=-0.133
t=  5.50 max|qacc|=      74.3 max|qvel|=   3.41 ncon=  0 com_z=0.929 com_x=-0.115
t=  6.00 max|qacc|=      57.3 max|qvel|=   8.01 ncon=  0 com_z=0.933 com_x=-0.119
t=  6.50 max|qacc|=      85.7 max|qvel|=   6.81 ncon=  0 com_z=0.932 com_x=-0.114
t=  7.00 max|qacc|=      89.1 max|qvel|=   2.24 ncon=  0 com_z=0.932 com_x=-0.119
t=  7.50 max|qacc|=     177.0 max|qvel|=   7.30 ncon=  0 com_z=0.933 com_x=-0.115
t=  8.00 max|qacc|=      70.3 max|qvel|=   6.46 ncon=  0 com_z=0.931 com_x=-0.116
t=  8.50 max|qacc|=     106.8 max|qvel|=   2.27 ncon=  0 com_z=0.931 com_x=-0.119
t=  9.00 max|qacc|=     187.4 max|qvel|=   3.81 ncon=  0 com_z=0.936 com_x=-0.115
t=  9.50 max|qacc|=     141.8 max|qvel|=   4.79 ncon=  0 com_z=0.931 com_x=-0.117
t= 10.00 max|qacc|=     112.8 max|qvel|=   4.49 ncon=  0 com_z=0.931 com_x=-0.118
t= 10.50 max|qacc|=     190.4 max|qvel|=   2.83 ncon=  0 com_z=0.937 com_x=-0.114
t= 11.00 max|qacc|=     100.4 max|qvel|=   3.47 ncon=  0 com_z=0.931 com_x=-0.118
t= 11.50 max|qacc|=      84.0 max|qvel|=   6.07 ncon=  0 com_z=0.931 com_x=-0.117
t= 12.00 max|qacc|=     157.7 max|qvel|=   4.81 ncon=  0 com_z=0.936 com_x=-0.114
t= 12.50 max|qacc|=      72.8 max|qvel|=   3.04 ncon=  0 com_z=0.931 com_x=-0.119
t= 13.00 max|qacc|=      62.2 max|qvel|=   7.53 ncon=  0 com_z=0.932 com_x=-0.116
t= 13.50 max|qacc|=      84.9 max|qvel|=   6.87 ncon=  0 com_z=0.933 com_x=-0.115
t= 14.00 max|qacc|=      90.5 max|qvel|=   2.19 ncon=  0 com_z=0.931 com_x=-0.119
t= 14.50 max|qacc|=     172.8 max|qvel|=   7.19 ncon=  0 com_z=0.933 com_x=-0.116
t= 15.00 max|qacc|=      83.9 max|qvel|=   6.36 ncon=  0 com_z=0.931 com_x=-0.116
t= 15.50 max|qacc|=      70.6 max|qvel|=   3.27 ncon=  0 com_z=0.932 com_x=-0.125
t= 16.00 max|qacc|=      74.8 max|qvel|=   4.79 ncon=  0 com_z=0.939 com_x=-0.142
t= 16.50 max|qacc|=     127.6 max|qvel|=   2.07 ncon=  0 com_z=0.934 com_x=-0.145
t= 17.00 max|qacc|=      34.1 max|qvel|=   0.33 ncon=  0 com_z=0.939 com_x=-0.157
t= 17.50 max|qacc|=      60.0 max|qvel|=   0.25 ncon=  0 com_z=0.938 com_x=-0.156
t= 18.00 max|qacc|=     669.0 max|qvel|=   1.47 ncon=  0 com_z=0.937 com_x=-0.156
t= 18.50 max|qacc|=      44.2 max|qvel|=   0.36 ncon=  0 com_z=0.938 com_x=-0.156
t= 19.00 max|qacc|=     126.9 max|qvel|=   0.57 ncon=  0 com_z=0.937 com_x=-0.155
t= 19.50 max|qacc|=     128.4 max|qvel|=   0.30 ncon=  0 com_z=0.938 com_x=-0.156
t= 20.00 max|qacc|=      23.1 max|qvel|=   0.06 ncon=  0 com_z=0.937 com_x=-0.155
t= 20.50 max|qacc|=      71.1 max|qvel|=   0.41 ncon=  0 com_z=0.937 com_x=-0.156
t= 21.00 max|qacc|=      19.6 max|qvel|=   0.09 ncon=  0 com_z=0.937 com_x=-0.156
t= 21.50 max|qacc|=      72.0 max|qvel|=   0.38 ncon=  0 com_z=0.937 com_x=-0.155
t= 22.00 max|qacc|=      64.5 max|qvel|=   0.35 ncon=  0 com_z=0.938 com_x=-0.156
t= 22.50 max|qacc|=     178.4 max|qvel|=   0.89 ncon=  0 com_z=0.937 com_x=-0.155
t= 23.00 max|qacc|=     203.4 max|qvel|=   0.13 ncon=  0 com_z=0.938 com_x=-0.156
t= 23.50 max|qacc|=      76.8 max|qvel|=   0.29 ncon=  0 com_z=0.937 com_x=-0.156
t= 24.00 max|qacc|=     117.5 max|qvel|=   0.39 ncon=  0 com_z=0.938 com_x=-0.156
t= 24.50 max|qacc|=     199.2 max|qvel|=   0.47 ncon=  0 com_z=0.937 com_x=-0.156
t= 25.00 max|qacc|=     173.2 max|qvel|=   0.31 ncon=  0 com_z=0.938 com_x=-0.156
t= 25.50 max|qacc|=     104.2 max|qvel|=   0.24 ncon=  0 com_z=0.937 com_x=-0.156
t= 26.00 max|qacc|=     147.6 max|qvel|=   0.15 ncon=  0 com_z=0.938 com_x=-0.156
t= 26.50 max|qacc|=     113.9 max|qvel|=   0.28 ncon=  0 com_z=0.937 com_x=-0.155
t= 27.00 max|qacc|=      32.3 max|qvel|=   0.07 ncon=  0 com_z=0.938 com_x=-0.156
t= 27.50 max|qacc|=     131.1 max|qvel|=   0.05 ncon=  0 com_z=0.937 com_x=-0.155
t= 28.00 max|qacc|=      11.9 max|qvel|=   0.15 ncon=  0 com_z=0.938 com_x=-0.156
t= 28.50 max|qacc|=      65.0 max|qvel|=   0.34 ncon=  0 com_z=0.938 com_x=-0.155
t= 29.00 max|qacc|=      29.9 max|qvel|=   0.14 ncon=  0 com_z=0.938 com_x=-0.156
t= 29.50 max|qacc|=      82.4 max|qvel|=   0.53 ncon=  0 com_z=0.937 com_x=-0.156
t= 30.00 max|qacc|=      79.9 max|qvel|=   0.08 ncon=  0 com_z=0.937 com_x=-0.156
t= 30.50 max|qacc|=      18.0 max|qvel|=   0.07 ncon=  0 com_z=0.938 com_x=-0.156

== summary ==
pelvis/COM height: start 0.94 m, min 0.93 m, final 0.94 m  (stayed up)
COM x: min -0.16 max -0.11 final -0.16 m
COM y: min -0.024 max +0.005 m
RG_F_r bursts during walk window: 27
RG_r: cycles in window 27, period 0.37 s (2.71 Hz), E-duty 0.50
RG_l: cycles in window 27, period 0.37 s (2.71 Hz), E-duty 0.50
peak ctrl: [1.   1.   1.   1.   0.84 1.   0.42 0.5  0.97 0.93 1.   1.   1.   1.
 0.99 1.   0.47 0.67 0.68 0.37] (('vas_lat_r', 'med_gas_r', 'soleus_r', 'tib_ant_r', 'psoas_r', 'semimem_r', 'glut_max2_r', 'rect_fem_r', 'sar_r', 'grac_r', 'vas_lat_l', 'med_gas_l', 'soleus_l', 'tib_ant_l', 'psoas_l', 'semimem_l', 'glut_max2_l', 'rect_fem_l', 'sar_l', 'grac_l'))
  hip_flexion_r          0.2 ..    37.1 deg
  knee_angle_r         -84.6 ..    10.3 deg
  ankle_angle_r        -65.2 ..    -1.7 deg
  hip_adduction_r       -7.4 ..    18.8 deg
  subtalar_angle_r     -10.8 ..     8.9 deg
  hip_flexion_l        -23.9 ..    23.3 deg
  knee_angle_l         -89.0 ..    10.3 deg
  ankle_angle_l        -67.9 ..     9.8 deg
  hip_adduction_l      -26.4 ..    25.3 deg
  subtalar_angle_l      -0.5 ..    13.5 deg
  pelvis_tilt           -1.9 ..     0.1 deg
  pelvis_list           -0.8 ..     0.1 deg
  pelvis_rotation        2.2 ..     2.6 deg
saved spinal_run.npz
(plot skipped: 'PF_E2_r')
fitted baseline loaded: e2_pf=0.222 f1_df=0.098 f1_kf=0.148 post_kneext=0.011 post_hipext=0.068 desc_f=1.400 e2_adapt=1.700
start pose (normal): applied 20 coordinates as given; pelvis ty 0.920 m (env override unset); IMU-metric torso lean -0.0 deg (+ = back)
standing solve: nnls x in [0.00, 0.70], >0.1: 14 muscles
  top: add_long_l=0.70, tib_ant_r=0.61, tib_ant_l=0.46, ext_dig_r=0.37, glut_min1_l=0.33, pect_l=0.32, glut_min2_l=0.31, ext_dig_l=0.25
Fmax range: 5..3396 N | L range sample: [0.229942 0.326094]
t=  1.00 max|qacc|=      36.2 max|qvel|=   1.84 ncon=  0 com_z=0.938 com_x=-0.149
t=  1.50 max|qacc|=     181.8 max|qvel|=   0.44 ncon=  0 com_z=0.937 com_x=-0.156
t=  2.00 max|qacc|=      57.7 max|qvel|=   0.59 ncon=  0 com_z=0.937 com_x=-0.155
t=  2.50 max|qacc|=      16.4 max|qvel|=   0.06 ncon=  0 com_z=0.938 com_x=-0.156
t=  3.00 max|qacc|=      34.2 max|qvel|=   0.50 ncon=  0 com_z=0.937 com_x=-0.155
t=  3.50 max|qacc|=     201.3 max|qvel|=   1.27 ncon=  0 com_z=0.938 com_x=-0.155
t=  4.00 max|qacc|=      62.2 max|qvel|=   0.04 ncon=  0 com_z=0.937 com_x=-0.151
t=  4.50 max|qacc|=      97.6 max|qvel|=   7.06 ncon=  0 com_z=0.932 com_x=-0.143
t=  5.00 max|qacc|=      83.1 max|qvel|=   3.68 ncon=  0 com_z=0.935 com_x=-0.141
t=  5.50 max|qacc|=      85.3 max|qvel|=   6.41 ncon=  0 com_z=0.932 com_x=-0.115
t=  6.00 max|qacc|=      79.6 max|qvel|=   4.99 ncon=  0 com_z=0.936 com_x=-0.115
t=  6.50 max|qacc|=     158.6 max|qvel|=   3.43 ncon=  0 com_z=0.939 com_x=-0.110
t=  7.00 max|qacc|=      83.5 max|qvel|=   3.52 ncon=  0 com_z=0.935 com_x=-0.108
t=  7.50 max|qacc|=      50.4 max|qvel|=   2.03 ncon=  0 com_z=0.955 com_x=-0.112
t=  8.00 max|qacc|=      13.8 max|qvel|=   0.95 ncon=  0 com_z=0.948 com_x=-0.140
t=  8.50 max|qacc|=       2.2 max|qvel|=   0.21 ncon=  0 com_z=0.950 com_x=-0.137
t=  9.00 max|qacc|=       0.7 max|qvel|=   0.05 ncon=  0 com_z=0.949 com_x=-0.134
t=  9.50 max|qacc|=       0.3 max|qvel|=   0.04 ncon=  0 com_z=0.950 com_x=-0.134
t= 10.00 max|qacc|=       0.7 max|qvel|=   0.04 ncon=  0 com_z=0.949 com_x=-0.135
t= 10.50 max|qacc|=       0.8 max|qvel|=   0.12 ncon=  0 com_z=0.949 com_x=-0.134
t= 11.00 max|qacc|=       0.4 max|qvel|=   0.15 ncon=  0 com_z=0.950 com_x=-0.135
t= 11.50 max|qacc|=       1.9 max|qvel|=   0.08 ncon=  0 com_z=0.949 com_x=-0.135
t= 12.00 max|qacc|=       1.5 max|qvel|=   0.15 ncon=  0 com_z=0.950 com_x=-0.133
t= 12.50 max|qacc|=       0.8 max|qvel|=   0.30 ncon=  0 com_z=0.950 com_x=-0.135
t= 13.00 max|qacc|=       2.4 max|qvel|=   0.20 ncon=  0 com_z=0.949 com_x=-0.134
t= 13.50 max|qacc|=       3.7 max|qvel|=   0.15 ncon=  0 com_z=0.950 com_x=-0.134
t= 14.00 max|qacc|=       1.0 max|qvel|=   0.34 ncon=  0 com_z=0.950 com_x=-0.135
t= 14.50 max|qacc|=       2.4 max|qvel|=   0.25 ncon=  0 com_z=0.949 com_x=-0.134
t= 15.00 max|qacc|=       3.3 max|qvel|=   0.18 ncon=  0 com_z=0.950 com_x=-0.135
t= 15.50 max|qacc|=       0.7 max|qvel|=   0.33 ncon=  0 com_z=0.950 com_x=-0.135
t= 16.00 max|qacc|=       2.4 max|qvel|=   0.42 ncon=  0 com_z=0.950 com_x=-0.136
t= 16.50 max|qacc|=       2.6 max|qvel|=   0.74 ncon=  0 com_z=0.951 com_x=-0.136
t= 17.00 max|qacc|=       1.7 max|qvel|=   0.75 ncon=  0 com_z=0.952 com_x=-0.141
t= 17.50 max|qacc|=       1.7 max|qvel|=   0.32 ncon=  0 com_z=0.952 com_x=-0.141
t= 18.00 max|qacc|=       2.9 max|qvel|=   0.15 ncon=  0 com_z=0.953 com_x=-0.141
t= 18.50 max|qacc|=       2.3 max|qvel|=   0.25 ncon=  0 com_z=0.952 com_x=-0.143
t= 19.00 max|qacc|=       0.6 max|qvel|=   0.36 ncon=  0 com_z=0.952 com_x=-0.141
t= 19.50 max|qacc|=       3.0 max|qvel|=   0.17 ncon=  0 com_z=0.953 com_x=-0.141
t= 20.00 max|qacc|=       2.7 max|qvel|=   0.21 ncon=  0 com_z=0.952 com_x=-0.143
t= 20.50 max|qacc|=       0.9 max|qvel|=   0.37 ncon=  0 com_z=0.952 com_x=-0.141
t= 21.00 max|qacc|=       3.0 max|qvel|=   0.19 ncon=  0 com_z=0.953 com_x=-0.141
t= 21.50 max|qacc|=       3.0 max|qvel|=   0.17 ncon=  0 com_z=0.952 com_x=-0.143
t= 22.00 max|qacc|=       1.2 max|qvel|=   0.38 ncon=  0 com_z=0.952 com_x=-0.141
t= 22.50 max|qacc|=       2.5 max|qvel|=   0.24 ncon=  0 com_z=0.953 com_x=-0.142
t= 23.00 max|qacc|=       3.2 max|qvel|=   0.13 ncon=  0 com_z=0.952 com_x=-0.143
t= 23.50 max|qacc|=       1.5 max|qvel|=   0.37 ncon=  0 com_z=0.952 com_x=-0.140
t= 24.00 max|qacc|=       2.2 max|qvel|=   0.28 ncon=  0 com_z=0.953 com_x=-0.142
t= 24.50 max|qacc|=       3.4 max|qvel|=   0.08 ncon=  0 com_z=0.952 com_x=-0.143
t= 25.00 max|qacc|=       1.8 max|qvel|=   0.36 ncon=  0 com_z=0.952 com_x=-0.140
t= 25.50 max|qacc|=       1.9 max|qvel|=   0.31 ncon=  0 com_z=0.953 com_x=-0.142
t= 26.00 max|qacc|=       3.4 max|qvel|=   0.09 ncon=  0 com_z=0.952 com_x=-0.143
t= 26.50 max|qacc|=       2.0 max|qvel|=   0.34 ncon=  0 com_z=0.952 com_x=-0.140
t= 27.00 max|qacc|=       1.5 max|qvel|=   0.33 ncon=  0 com_z=0.953 com_x=-0.142
t= 27.50 max|qacc|=       3.5 max|qvel|=   0.12 ncon=  0 com_z=0.951 com_x=-0.142
t= 28.00 max|qacc|=       2.2 max|qvel|=   0.31 ncon=  0 com_z=0.952 com_x=-0.140
t= 28.50 max|qacc|=       1.2 max|qvel|=   0.36 ncon=  0 com_z=0.953 com_x=-0.142
t= 29.00 max|qacc|=       3.4 max|qvel|=   0.14 ncon=  0 com_z=0.951 com_x=-0.142
t= 29.50 max|qacc|=       2.4 max|qvel|=   0.28 ncon=  0 com_z=0.953 com_x=-0.140
t= 30.00 max|qacc|=       0.8 max|qvel|=   0.37 ncon=  0 com_z=0.952 com_x=-0.142
t= 30.50 max|qacc|=       3.3 max|qvel|=   0.16 ncon=  0 com_z=0.951 com_x=-0.142

== summary ==
pelvis/COM height: start 0.94 m, min 0.93 m, final 0.95 m  (stayed up)
COM x: min -0.16 max -0.10 final -0.14 m
COM y: min -0.020 max -0.000 m
RG_F_r bursts during walk window: 7
RG_r: cycles in window 8, period 0.31 s (3.25 Hz), E-duty 0.11
RG_l: cycles in window 8, period 0.31 s (3.25 Hz), E-duty 0.11
peak ctrl: [1.   1.   1.   1.   0.83 1.   0.6  0.5  0.97 0.93 1.   1.   1.   1.
 0.99 1.   0.57 0.67 0.67 0.37] (('vas_lat_r', 'med_gas_r', 'soleus_r', 'tib_ant_r', 'psoas_r', 'semimem_r', 'glut_max2_r', 'rect_fem_r', 'sar_r', 'grac_r', 'vas_lat_l', 'med_gas_l', 'soleus_l', 'tib_ant_l', 'psoas_l', 'semimem_l', 'glut_max2_l', 'rect_fem_l', 'sar_l', 'grac_l'))
  hip_flexion_r         -3.0 ..    34.3 deg
  knee_angle_r         -89.9 ..    10.0 deg
  ankle_angle_r        -65.0 ..    25.5 deg
  hip_adduction_r      -13.6 ..    18.6 deg
  subtalar_angle_r     -23.3 ..     8.1 deg
  hip_flexion_l        -29.0 ..    23.1 deg
  knee_angle_l        -103.2 ..    10.0 deg
  ankle_angle_l        -67.5 ..     9.8 deg
  hip_adduction_l      -29.2 ..    17.8 deg
  subtalar_angle_l      -0.3 ..    33.1 deg
  pelvis_tilt           -1.9 ..     0.3 deg
  pelvis_list           -0.7 ..     0.1 deg
  pelvis_rotation        2.2 ..     2.6 deg
saved spinal_run.npz
(plot skipped: 'PF_E2_r')
fitted baseline loaded: e2_pf=0.222 f1_df=0.098 f1_kf=0.148 post_kneext=0.011 post_hipext=0.068 desc_f=1.400 e2_adapt=1.700
start pose (normal): applied 20 coordinates as given; pelvis ty 0.920 m (env override unset); IMU-metric torso lean -0.0 deg (+ = back)
standing solve: nnls x in [0.00, 0.70], >0.1: 14 muscles
  top: add_long_l=0.70, tib_ant_r=0.61, tib_ant_l=0.46, ext_dig_r=0.37, glut_min1_l=0.33, pect_l=0.32, glut_min2_l=0.31, ext_dig_l=0.25
Fmax range: 5..3396 N | L range sample: [0.229942 0.326094]
t=  1.00 max|qacc|=     181.6 max|qvel|=   1.37 ncon=  0 com_z=0.937 com_x=-0.149
t=  1.50 max|qacc|=     111.1 max|qvel|=   0.40 ncon=  0 com_z=0.936 com_x=-0.156
t=  2.00 max|qacc|=      16.9 max|qvel|=   0.19 ncon=  0 com_z=0.937 com_x=-0.154
t=  2.50 max|qacc|=      14.6 max|qvel|=   0.17 ncon=  0 com_z=0.937 com_x=-0.155
t=  3.00 max|qacc|=      39.0 max|qvel|=   0.06 ncon=  0 com_z=0.937 com_x=-0.155
t=  3.50 max|qacc|=      40.3 max|qvel|=   0.28 ncon=  0 com_z=0.937 com_x=-0.154
t=  4.00 max|qacc|=     154.9 max|qvel|=   0.46 ncon=  0 com_z=0.937 com_x=-0.151
t=  4.50 max|qacc|=      95.0 max|qvel|=   7.71 ncon=  0 com_z=0.931 com_x=-0.141
t=  5.00 max|qacc|=      66.5 max|qvel|=   4.46 ncon=  0 com_z=0.935 com_x=-0.140
t=  5.50 max|qacc|=      53.4 max|qvel|=   3.80 ncon=  0 com_z=0.928 com_x=-0.107
t=  6.00 max|qacc|=      91.3 max|qvel|=   1.09 ncon=  0 com_z=0.944 com_x=-0.157
t=  6.50 max|qacc|=      61.1 max|qvel|=   0.44 ncon=  0 com_z=0.935 com_x=-0.145
t=  7.00 max|qacc|=     167.2 max|qvel|=   0.21 ncon=  0 com_z=0.937 com_x=-0.151
t=  7.50 max|qacc|=     122.7 max|qvel|=   0.09 ncon=  0 com_z=0.936 com_x=-0.148
t=  8.00 max|qacc|=     606.1 max|qvel|=   0.25 ncon=  0 com_z=0.937 com_x=-0.149
t=  8.50 max|qacc|=      15.4 max|qvel|=   0.18 ncon=  0 com_z=0.937 com_x=-0.149
t=  9.00 max|qacc|=      13.3 max|qvel|=   0.15 ncon=  0 com_z=0.936 com_x=-0.149
t=  9.50 max|qacc|=     212.2 max|qvel|=   0.53 ncon=  0 com_z=0.937 com_x=-0.149
t= 10.00 max|qacc|=      90.0 max|qvel|=   0.45 ncon=  0 com_z=0.936 com_x=-0.149
t= 10.50 max|qacc|=      74.9 max|qvel|=   0.21 ncon=  0 com_z=0.937 com_x=-0.149
t= 11.00 max|qacc|=     214.9 max|qvel|=   0.18 ncon=  0 com_z=0.937 com_x=-0.149
t= 11.50 max|qacc|=      18.0 max|qvel|=   0.18 ncon=  0 com_z=0.937 com_x=-0.149
t= 12.00 max|qacc|=     131.0 max|qvel|=   0.24 ncon=  0 com_z=0.937 com_x=-0.149
t= 12.50 max|qacc|=      29.1 max|qvel|=   0.15 ncon=  0 com_z=0.937 com_x=-0.149
t= 13.00 max|qacc|=      42.4 max|qvel|=   0.16 ncon=  0 com_z=0.937 com_x=-0.149
t= 13.50 max|qacc|=     852.1 max|qvel|=   2.24 ncon=  0 com_z=0.937 com_x=-0.149
t= 14.00 max|qacc|=     125.7 max|qvel|=   0.10 ncon=  0 com_z=0.937 com_x=-0.149
t= 14.50 max|qacc|=      31.2 max|qvel|=   0.14 ncon=  0 com_z=0.937 com_x=-0.149
t= 15.00 max|qacc|=      44.2 max|qvel|=   0.14 ncon=  0 com_z=0.937 com_x=-0.149
t= 15.50 max|qacc|=     171.0 max|qvel|=   1.46 ncon=  0 com_z=0.936 com_x=-0.149
t= 16.00 max|qacc|=     130.7 max|qvel|=   0.16 ncon=  0 com_z=0.936 com_x=-0.148
t= 16.50 max|qacc|=     154.2 max|qvel|=   0.52 ncon=  0 com_z=0.936 com_x=-0.148
t= 17.00 max|qacc|=     159.8 max|qvel|=   0.12 ncon=  0 com_z=0.936 com_x=-0.149
t= 17.50 max|qacc|=      75.0 max|qvel|=   0.51 ncon=  0 com_z=0.936 com_x=-0.152
t= 18.00 max|qacc|=     126.6 max|qvel|=   0.50 ncon=  0 com_z=0.936 com_x=-0.152
t= 18.50 max|qacc|=      32.5 max|qvel|=   0.54 ncon=  0 com_z=0.936 com_x=-0.152
t= 19.00 max|qacc|=      32.0 max|qvel|=   0.17 ncon=  0 com_z=0.936 com_x=-0.152
t= 19.50 max|qacc|=      57.1 max|qvel|=   0.74 ncon=  0 com_z=0.936 com_x=-0.152
t= 20.00 max|qacc|=     296.6 max|qvel|=   0.24 ncon=  0 com_z=0.936 com_x=-0.152
t= 20.50 max|qacc|=     309.5 max|qvel|=   2.39 ncon=  0 com_z=0.936 com_x=-0.152
t= 21.00 max|qacc|=     322.8 max|qvel|=   0.89 ncon=  0 com_z=0.936 com_x=-0.152
t= 21.50 max|qacc|=     381.2 max|qvel|=   0.66 ncon=  0 com_z=0.936 com_x=-0.152
t= 22.00 max|qacc|=      40.8 max|qvel|=   0.27 ncon=  0 com_z=0.936 com_x=-0.152
t= 22.50 max|qacc|=      40.2 max|qvel|=   0.28 ncon=  0 com_z=0.936 com_x=-0.152
t= 23.00 max|qacc|=      22.1 max|qvel|=   0.28 ncon=  0 com_z=0.936 com_x=-0.152
t= 23.50 max|qacc|=     112.5 max|qvel|=   0.52 ncon=  0 com_z=0.936 com_x=-0.152
t= 24.00 max|qacc|=      35.9 max|qvel|=   0.08 ncon=  0 com_z=0.936 com_x=-0.152
t= 24.50 max|qacc|=     134.9 max|qvel|=   0.08 ncon=  0 com_z=0.936 com_x=-0.152
t= 25.00 max|qacc|=      68.7 max|qvel|=   0.50 ncon=  0 com_z=0.936 com_x=-0.152
t= 25.50 max|qacc|=     392.9 max|qvel|=   0.83 ncon=  0 com_z=0.936 com_x=-0.152
t= 26.00 max|qacc|=      31.2 max|qvel|=   0.09 ncon=  0 com_z=0.936 com_x=-0.152
t= 26.50 max|qacc|=      60.6 max|qvel|=   0.35 ncon=  0 com_z=0.936 com_x=-0.152
t= 27.00 max|qacc|=      73.5 max|qvel|=   0.17 ncon=  0 com_z=0.936 com_x=-0.152
t= 27.50 max|qacc|=      18.3 max|qvel|=   0.10 ncon=  0 com_z=0.936 com_x=-0.152
t= 28.00 max|qacc|=      28.4 max|qvel|=   0.05 ncon=  0 com_z=0.936 com_x=-0.152
t= 28.50 max|qacc|=      56.4 max|qvel|=   0.31 ncon=  0 com_z=0.936 com_x=-0.152
t= 29.00 max|qacc|=      51.7 max|qvel|=   0.17 ncon=  0 com_z=0.936 com_x=-0.152
t= 29.50 max|qacc|=      15.6 max|qvel|=   0.10 ncon=  0 com_z=0.936 com_x=-0.152
t= 30.00 max|qacc|=     138.8 max|qvel|=   0.15 ncon=  0 com_z=0.936 com_x=-0.152
t= 30.50 max|qacc|=    1030.7 max|qvel|=   0.85 ncon=  0 com_z=0.936 com_x=-0.152

== summary ==
pelvis/COM height: start 0.94 m, min 0.93 m, final 0.94 m  (stayed up)
COM x: min -0.16 max -0.10 final -0.15 m
COM y: min -0.020 max +0.005 m
RG_F_r bursts during walk window: 1
RG_r: cycles in window 3, period 0.22 s (4.48 Hz), E-duty 0.97
RG_l: cycles in window 3, period 0.22 s (4.48 Hz), E-duty 0.97
peak ctrl: [1.   1.   1.   1.   0.88 1.   0.45 0.5  1.   0.93 1.   1.   1.   1.
 1.   1.   0.51 0.68 0.74 0.37] (('vas_lat_r', 'med_gas_r', 'soleus_r', 'tib_ant_r', 'psoas_r', 'semimem_r', 'glut_max2_r', 'rect_fem_r', 'sar_r', 'grac_r', 'vas_lat_l', 'med_gas_l', 'soleus_l', 'tib_ant_l', 'psoas_l', 'semimem_l', 'glut_max2_l', 'rect_fem_l', 'sar_l', 'grac_l'))
  hip_flexion_r         -0.5 ..    34.3 deg
  knee_angle_r         -88.0 ..    10.1 deg
  ankle_angle_r        -66.2 ..    -1.7 deg
  hip_adduction_r      -12.5 ..    21.4 deg
  subtalar_angle_r     -11.1 ..     8.3 deg
  hip_flexion_l        -25.1 ..    27.2 deg
  knee_angle_l         -86.0 ..    10.3 deg
  ankle_angle_l        -67.7 ..     9.8 deg
  hip_adduction_l      -29.2 ..    23.4 deg
  subtalar_angle_l      -0.4 ..    14.8 deg
  pelvis_tilt           -1.9 ..     0.1 deg
  pelvis_list           -0.7 ..     0.1 deg
  pelvis_rotation        2.2 ..     2.6 deg
saved spinal_run.npz
(plot skipped: 'PF_E2_r')
fitted baseline loaded: e2_pf=0.222 f1_df=0.098 f1_kf=0.148 post_kneext=0.011 post_hipext=0.068 desc_f=1.400 e2_adapt=1.700
start pose (normal): applied 20 coordinates as given; pelvis ty 0.920 m (env override unset); IMU-metric torso lean -0.0 deg (+ = back)
standing solve: nnls x in [0.00, 0.70], >0.1: 14 muscles
  top: add_long_l=0.70, tib_ant_r=0.61, tib_ant_l=0.46, ext_dig_r=0.37, glut_min1_l=0.33, pect_l=0.32, glut_min2_l=0.31, ext_dig_l=0.25
Fmax range: 5..3396 N | L range sample: [0.229942 0.326094]
t=  1.00 max|qacc|=      53.8 max|qvel|=   1.61 ncon=  0 com_z=0.938 com_x=-0.149
t=  1.50 max|qacc|=     107.4 max|qvel|=   0.38 ncon=  0 com_z=0.937 com_x=-0.157
t=  2.00 max|qacc|=     676.6 max|qvel|=   1.99 ncon=  0 com_z=0.937 com_x=-0.155
t=  2.50 max|qacc|=      76.9 max|qvel|=   0.32 ncon=  0 com_z=0.937 com_x=-0.156
t=  3.00 max|qacc|=     223.1 max|qvel|=   0.33 ncon=  0 com_z=0.937 com_x=-0.156
t=  3.50 max|qacc|=     184.0 max|qvel|=   0.14 ncon=  0 com_z=0.937 com_x=-0.155
t=  4.00 max|qacc|=     152.5 max|qvel|=   0.32 ncon=  0 com_z=0.937 com_x=-0.151
t=  4.50 max|qacc|=      27.9 max|qvel|=   0.23 ncon=  0 com_z=0.937 com_x=-0.152
t=  5.00 max|qacc|=     134.4 max|qvel|=   8.44 ncon=  0 com_z=0.953 com_x=-0.127
t=  5.50 max|qacc|=     104.4 max|qvel|=   7.96 ncon=  0 com_z=0.932 com_x=-0.110
t=  6.00 max|qacc|=      75.0 max|qvel|=   3.79 ncon=  0 com_z=0.933 com_x=-0.124
t=  6.50 max|qacc|=      97.3 max|qvel|=   2.07 ncon=  0 com_z=0.930 com_x=-0.121
t=  7.00 max|qacc|=      84.5 max|qvel|=   6.84 ncon=  0 com_z=0.932 com_x=-0.119
t=  7.50 max|qacc|=     115.0 max|qvel|=   7.09 ncon=  0 com_z=0.937 com_x=-0.114
t=  8.00 max|qacc|=     170.4 max|qvel|=   4.27 ncon=  0 com_z=0.942 com_x=-0.114
t=  8.50 max|qacc|=      70.8 max|qvel|=   7.27 ncon=  0 com_z=0.933 com_x=-0.118
t=  9.00 max|qacc|=      68.3 max|qvel|=   3.99 ncon=  0 com_z=0.932 com_x=-0.122
t=  9.50 max|qacc|=     121.4 max|qvel|=   2.96 ncon=  0 com_z=0.932 com_x=-0.121
t= 10.00 max|qacc|=      32.1 max|qvel|=   8.08 ncon=  0 com_z=0.932 com_x=-0.117
t= 10.50 max|qacc|=     161.8 max|qvel|=   3.97 ncon=  0 com_z=0.940 com_x=-0.114
t= 11.00 max|qacc|=     150.0 max|qvel|=   6.58 ncon=  0 com_z=0.939 com_x=-0.115
t= 11.50 max|qacc|=     161.1 max|qvel|=   5.46 ncon=  0 com_z=0.932 com_x=-0.120
t= 12.00 max|qacc|=      81.8 max|qvel|=   3.28 ncon=  0 com_z=0.932 com_x=-0.123
t= 12.50 max|qacc|=     119.4 max|qvel|=   5.01 ncon=  0 com_z=0.931 com_x=-0.120
t= 13.00 max|qacc|=      58.1 max|qvel|=   8.19 ncon=  0 com_z=0.934 com_x=-0.116
t= 13.50 max|qacc|=     191.7 max|qvel|=   3.13 ncon=  0 com_z=0.942 com_x=-0.114
t= 14.00 max|qacc|=      77.3 max|qvel|=   7.98 ncon=  0 com_z=0.936 com_x=-0.117
t= 14.50 max|qacc|=     115.9 max|qvel|=   4.08 ncon=  0 com_z=0.932 com_x=-0.121
t= 15.00 max|qacc|=      98.1 max|qvel|=   2.07 ncon=  0 com_z=0.932 com_x=-0.123
t= 15.50 max|qacc|=     122.4 max|qvel|=   4.17 ncon=  0 com_z=0.933 com_x=-0.124
t= 16.00 max|qacc|=      87.6 max|qvel|=   4.81 ncon=  0 com_z=0.936 com_x=-0.143
t= 16.50 max|qacc|=     382.8 max|qvel|=   3.58 ncon=  0 com_z=0.936 com_x=-0.151
t= 17.00 max|qacc|=      14.6 max|qvel|=   0.41 ncon=  0 com_z=0.937 com_x=-0.153
t= 17.50 max|qacc|=      25.8 max|qvel|=   0.29 ncon=  0 com_z=0.939 com_x=-0.158
t= 18.00 max|qacc|=      54.9 max|qvel|=   0.17 ncon=  0 com_z=0.936 com_x=-0.154
t= 18.50 max|qacc|=      36.0 max|qvel|=   0.34 ncon=  0 com_z=0.938 com_x=-0.157
t= 19.00 max|qacc|=      77.4 max|qvel|=   0.07 ncon=  0 com_z=0.937 com_x=-0.155
t= 19.50 max|qacc|=       9.3 max|qvel|=   0.04 ncon=  0 com_z=0.938 com_x=-0.156
t= 20.00 max|qacc|=     510.6 max|qvel|=   0.80 ncon=  0 com_z=0.938 com_x=-0.155
t= 20.50 max|qacc|=      43.5 max|qvel|=   0.10 ncon=  0 com_z=0.938 com_x=-0.156
t= 21.00 max|qacc|=      52.2 max|qvel|=   0.49 ncon=  0 com_z=0.937 com_x=-0.155
t= 21.50 max|qacc|=     141.5 max|qvel|=   0.13 ncon=  0 com_z=0.937 com_x=-0.156
t= 22.00 max|qacc|=       7.6 max|qvel|=   0.09 ncon=  0 com_z=0.937 com_x=-0.155
t= 22.50 max|qacc|=      75.2 max|qvel|=   0.66 ncon=  0 com_z=0.937 com_x=-0.155
t= 23.00 max|qacc|=      47.3 max|qvel|=   0.34 ncon=  0 com_z=0.937 com_x=-0.155
t= 23.50 max|qacc|=      46.0 max|qvel|=   0.55 ncon=  0 com_z=0.938 com_x=-0.155
t= 24.00 max|qacc|=      44.8 max|qvel|=   0.11 ncon=  0 com_z=0.937 com_x=-0.156
t= 24.50 max|qacc|=      48.0 max|qvel|=   0.15 ncon=  0 com_z=0.938 com_x=-0.155
t= 25.00 max|qacc|=      70.4 max|qvel|=   0.13 ncon=  0 com_z=0.937 com_x=-0.156
t= 25.50 max|qacc|=     761.2 max|qvel|=   1.87 ncon=  0 com_z=0.937 com_x=-0.155
t= 26.00 max|qacc|=      40.8 max|qvel|=   0.16 ncon=  0 com_z=0.938 com_x=-0.155
t= 26.50 max|qacc|=      55.9 max|qvel|=   0.12 ncon=  0 com_z=0.937 com_x=-0.156
t= 27.00 max|qacc|=     139.6 max|qvel|=   0.19 ncon=  0 com_z=0.937 com_x=-0.155
t= 27.50 max|qacc|=      30.6 max|qvel|=   0.10 ncon=  0 com_z=0.937 com_x=-0.155
t= 28.00 max|qacc|=      12.0 max|qvel|=   0.15 ncon=  0 com_z=0.937 com_x=-0.155
t= 28.50 max|qacc|=      12.7 max|qvel|=   0.20 ncon=  0 com_z=0.937 com_x=-0.155
t= 29.00 max|qacc|=      86.6 max|qvel|=   0.42 ncon=  0 com_z=0.938 com_x=-0.156
t= 29.50 max|qacc|=     519.2 max|qvel|=   0.25 ncon=  0 com_z=0.937 com_x=-0.155
t= 30.00 max|qacc|=      11.2 max|qvel|=   0.07 ncon=  0 com_z=0.937 com_x=-0.156
t= 30.50 max|qacc|=      80.0 max|qvel|=   0.16 ncon=  0 com_z=0.937 com_x=-0.156

== summary ==
pelvis/COM height: start 0.94 m, min 0.93 m, final 0.94 m  (stayed up)
COM x: min -0.16 max -0.11 final -0.16 m
COM y: min -0.024 max +0.006 m
RG_F_r bursts during walk window: 24
RG_r: cycles in window 23, period 0.43 s (2.35 Hz), E-duty 0.50
RG_l: cycles in window 23, period 0.43 s (2.35 Hz), E-duty 0.50
peak ctrl: [1.   1.   1.   1.   0.84 1.   0.43 0.5  0.97 0.93 1.   1.   1.   1.
 0.99 1.   0.47 0.67 0.68 0.37] (('vas_lat_r', 'med_gas_r', 'soleus_r', 'tib_ant_r', 'psoas_r', 'semimem_r', 'glut_max2_r', 'rect_fem_r', 'sar_r', 'grac_r', 'vas_lat_l', 'med_gas_l', 'soleus_l', 'tib_ant_l', 'psoas_l', 'semimem_l', 'glut_max2_l', 'rect_fem_l', 'sar_l', 'grac_l'))
  hip_flexion_r         -3.6 ..    37.6 deg
  knee_angle_r         -86.2 ..    10.4 deg
  ankle_angle_r        -65.0 ..    -1.7 deg
  hip_adduction_r       -7.9 ..    19.5 deg
  subtalar_angle_r     -10.4 ..     8.9 deg
  hip_flexion_l        -23.4 ..    23.2 deg
  knee_angle_l         -90.5 ..    10.4 deg
  ankle_angle_l        -67.7 ..     9.8 deg
  hip_adduction_l      -27.4 ..    26.2 deg
  subtalar_angle_l      -0.5 ..    12.9 deg
  pelvis_tilt           -1.9 ..     0.2 deg
  pelvis_list           -0.8 ..     0.1 deg
  pelvis_rotation        2.2 ..     2.6 deg
saved spinal_run.npz
(plot skipped: 'PF_E2_r')
fitted baseline loaded: e2_pf=0.222 f1_df=0.098 f1_kf=0.148 post_kneext=0.011 post_hipext=0.068 desc_f=1.400 e2_adapt=1.700
start pose (normal): applied 20 coordinates as given; pelvis ty 0.920 m (env override unset); IMU-metric torso lean -0.0 deg (+ = back)
standing solve: nnls x in [0.00, 0.70], >0.1: 14 muscles
  top: add_long_l=0.70, tib_ant_r=0.61, tib_ant_l=0.46, ext_dig_r=0.37, glut_min1_l=0.33, pect_l=0.32, glut_min2_l=0.31, ext_dig_l=0.25
Fmax range: 5..3396 N | L range sample: [0.229942 0.326094]
t=  1.00 max|qacc|=     262.1 max|qvel|=   2.43 ncon=  0 com_z=0.938 com_x=-0.151
t=  1.50 max|qacc|=      15.3 max|qvel|=   0.42 ncon=  0 com_z=0.937 com_x=-0.157
t=  2.00 max|qacc|=      22.1 max|qvel|=   0.25 ncon=  0 com_z=0.937 com_x=-0.156
t=  2.50 max|qacc|=     244.1 max|qvel|=   0.19 ncon=  0 com_z=0.938 com_x=-0.157
t=  3.00 max|qacc|=      38.8 max|qvel|=   0.06 ncon=  0 com_z=0.938 com_x=-0.156
t=  3.50 max|qacc|=     248.5 max|qvel|=   0.32 ncon=  0 com_z=0.938 com_x=-0.156
t=  4.00 max|qacc|=     240.0 max|qvel|=   0.59 ncon=  0 com_z=0.937 com_x=-0.152
t=  4.50 max|qacc|=     238.7 max|qvel|=   0.27 ncon=  0 com_z=0.937 com_x=-0.152
t=  5.00 max|qacc|=      81.9 max|qvel|=   8.34 ncon=  0 com_z=0.930 com_x=-0.137
t=  5.50 max|qacc|=      93.4 max|qvel|=   3.08 ncon=  0 com_z=0.938 com_x=-0.126
t=  6.00 max|qacc|=      64.3 max|qvel|=   3.25 ncon=  0 com_z=0.932 com_x=-0.138
t=  6.50 max|qacc|=    1351.8 max|qvel|=   6.51 ncon=  0 com_z=0.933 com_x=-0.134
t=  7.00 max|qacc|=     597.7 max|qvel|=   4.68 ncon=  0 com_z=0.932 com_x=-0.133
t=  7.50 max|qacc|=      49.0 max|qvel|=   4.40 ncon=  0 com_z=0.931 com_x=-0.131
t=  8.00 max|qacc|=      39.6 max|qvel|=   4.34 ncon=  0 com_z=0.930 com_x=-0.127
t=  8.50 max|qacc|=      69.5 max|qvel|=   4.13 ncon=  0 com_z=0.930 com_x=-0.124
t=  9.00 max|qacc|=     126.9 max|qvel|=   4.45 ncon=  0 com_z=0.930 com_x=-0.123
t=  9.50 max|qacc|=      57.0 max|qvel|=   6.32 ncon=  0 com_z=0.930 com_x=-0.122
t= 10.00 max|qacc|=      96.0 max|qvel|=   7.13 ncon=  0 com_z=0.932 com_x=-0.122
t= 10.50 max|qacc|=     182.3 max|qvel|=   3.85 ncon=  0 com_z=0.936 com_x=-0.121
t= 11.00 max|qacc|=     205.6 max|qvel|=   3.63 ncon=  0 com_z=0.937 com_x=-0.122
t= 11.50 max|qacc|=     167.9 max|qvel|=   7.31 ncon=  0 com_z=0.935 com_x=-0.123
t= 12.00 max|qacc|=      44.8 max|qvel|=   8.03 ncon=  0 com_z=0.933 com_x=-0.125
t= 12.50 max|qacc|=      81.4 max|qvel|=   7.47 ncon=  0 com_z=0.933 com_x=-0.128
t= 13.00 max|qacc|=      89.2 max|qvel|=   5.60 ncon=  0 com_z=0.934 com_x=-0.130
t= 13.50 max|qacc|=      82.7 max|qvel|=   3.92 ncon=  0 com_z=0.934 com_x=-0.133
t= 14.00 max|qacc|=     104.4 max|qvel|=   3.07 ncon=  0 com_z=0.933 com_x=-0.134
t= 14.50 max|qacc|=     848.0 max|qvel|=   6.20 ncon=  0 com_z=0.933 com_x=-0.135
t= 15.00 max|qacc|=     474.1 max|qvel|=   5.14 ncon=  0 com_z=0.932 com_x=-0.134
t= 15.50 max|qacc|=      63.1 max|qvel|=   4.64 ncon=  0 com_z=0.931 com_x=-0.130
t= 16.00 max|qacc|=     112.5 max|qvel|=   0.77 ncon=  0 com_z=0.939 com_x=-0.156
t= 16.50 max|qacc|=       9.5 max|qvel|=   0.29 ncon=  0 com_z=0.937 com_x=-0.150
t= 17.00 max|qacc|=      37.5 max|qvel|=   0.16 ncon=  0 com_z=0.938 com_x=-0.156
t= 17.50 max|qacc|=      54.7 max|qvel|=   0.05 ncon=  0 com_z=0.938 com_x=-0.157
t= 18.00 max|qacc|=     304.4 max|qvel|=   1.73 ncon=  0 com_z=0.938 com_x=-0.157
t= 18.50 max|qacc|=      34.6 max|qvel|=   0.34 ncon=  0 com_z=0.938 com_x=-0.156
t= 19.00 max|qacc|=     366.0 max|qvel|=   1.24 ncon=  0 com_z=0.938 com_x=-0.156
t= 19.50 max|qacc|=     210.2 max|qvel|=   0.92 ncon=  0 com_z=0.938 com_x=-0.156
t= 20.00 max|qacc|=      90.9 max|qvel|=   0.08 ncon=  0 com_z=0.938 com_x=-0.156
t= 20.50 max|qacc|=      46.0 max|qvel|=   0.12 ncon=  0 com_z=0.938 com_x=-0.156
t= 21.00 max|qacc|=      99.3 max|qvel|=   0.11 ncon=  0 com_z=0.938 com_x=-0.156
t= 21.50 max|qacc|=      52.2 max|qvel|=   0.10 ncon=  0 com_z=0.938 com_x=-0.156
t= 22.00 max|qacc|=      55.0 max|qvel|=   0.12 ncon=  0 com_z=0.938 com_x=-0.157
t= 22.50 max|qacc|=     765.0 max|qvel|=   3.19 ncon=  0 com_z=0.938 com_x=-0.156
t= 23.00 max|qacc|=      33.5 max|qvel|=   0.27 ncon=  0 com_z=0.938 com_x=-0.156
t= 23.50 max|qacc|=     214.3 max|qvel|=   0.42 ncon=  0 com_z=0.938 com_x=-0.156
t= 24.00 max|qacc|=     242.5 max|qvel|=   0.56 ncon=  0 com_z=0.937 com_x=-0.156
t= 24.50 max|qacc|=      49.0 max|qvel|=   0.15 ncon=  0 com_z=0.938 com_x=-0.157
t= 25.00 max|qacc|=     137.4 max|qvel|=   0.20 ncon=  0 com_z=0.938 com_x=-0.156
t= 25.50 max|qacc|=      37.3 max|qvel|=   0.11 ncon=  0 com_z=0.938 com_x=-0.156
t= 26.00 max|qacc|=     225.0 max|qvel|=   0.19 ncon=  0 com_z=0.938 com_x=-0.156
t= 26.50 max|qacc|=      44.0 max|qvel|=   0.16 ncon=  0 com_z=0.938 com_x=-0.156
t= 27.00 max|qacc|=      26.6 max|qvel|=   0.09 ncon=  0 com_z=0.938 com_x=-0.156
t= 27.50 max|qacc|=      33.1 max|qvel|=   0.32 ncon=  0 com_z=0.938 com_x=-0.156
t= 28.00 max|qacc|=      79.1 max|qvel|=   0.11 ncon=  0 com_z=0.938 com_x=-0.156
t= 28.50 max|qacc|=      62.8 max|qvel|=   0.32 ncon=  0 com_z=0.938 com_x=-0.156
t= 29.00 max|qacc|=      45.1 max|qvel|=   0.18 ncon=  0 com_z=0.938 com_x=-0.156
t= 29.50 max|qacc|=      64.1 max|qvel|=   0.06 ncon=  0 com_z=0.938 com_x=-0.156
t= 30.00 max|qacc|=      90.3 max|qvel|=   0.67 ncon=  0 com_z=0.937 com_x=-0.156
t= 30.50 max|qacc|=      47.1 max|qvel|=   0.22 ncon=  0 com_z=0.938 com_x=-0.156

== summary ==
pelvis/COM height: start 0.94 m, min 0.93 m, final 0.94 m  (stayed up)
COM x: min -0.16 max -0.11 final -0.16 m
COM y: min -0.022 max +0.005 m
RG_F_r bursts during walk window: 19
RG_r: cycles in window 18, period 0.53 s (1.87 Hz), E-duty 0.58
RG_l: cycles in window 18, period 0.53 s (1.87 Hz), E-duty 0.58
peak ctrl: [1.   1.   1.   1.   0.87 1.   0.43 0.5  0.99 0.93 1.   1.   1.   1.
 1.   1.   0.37 0.67 0.72 0.37] (('vas_lat_r', 'med_gas_r', 'soleus_r', 'tib_ant_r', 'psoas_r', 'semimem_r', 'glut_max2_r', 'rect_fem_r', 'sar_r', 'grac_r', 'vas_lat_l', 'med_gas_l', 'soleus_l', 'tib_ant_l', 'psoas_l', 'semimem_l', 'glut_max2_l', 'rect_fem_l', 'sar_l', 'grac_l'))
  hip_flexion_r          0.2 ..    34.7 deg
  knee_angle_r         -69.3 ..    10.4 deg
  ankle_angle_r        -65.5 ..    -1.7 deg
  hip_adduction_r       -0.1 ..    17.4 deg
  subtalar_angle_r      -9.9 ..     8.4 deg
  hip_flexion_l        -18.0 ..    23.9 deg
  knee_angle_l         -73.5 ..    10.5 deg
  ankle_angle_l        -68.0 ..     9.8 deg
  hip_adduction_l      -16.3 ..    22.4 deg
  subtalar_angle_l      -1.0 ..     5.7 deg
  pelvis_tilt           -1.9 ..    -0.1 deg
  pelvis_list           -0.9 ..     0.2 deg
  pelvis_rotation        2.3 ..     2.6 deg
saved spinal_run.npz
(plot skipped: 'PF_E2_r')
fitted baseline loaded: e2_pf=0.222 f1_df=0.098 f1_kf=0.148 post_kneext=0.011 post_hipext=0.068 desc_f=1.400 e2_adapt=1.700
start pose (normal): applied 20 coordinates as given; pelvis ty 0.920 m (env override unset); IMU-metric torso lean -0.0 deg (+ = back)
standing solve: nnls x in [0.00, 0.70], >0.1: 14 muscles
  top: add_long_l=0.70, tib_ant_r=0.61, tib_ant_l=0.46, ext_dig_r=0.37, glut_min1_l=0.33, pect_l=0.32, glut_min2_l=0.31, ext_dig_l=0.25
Fmax range: 5..3396 N | L range sample: [0.229942 0.326094]
t=  1.00 max|qacc|=     121.9 max|qvel|=   0.86 ncon=  0 com_z=0.938 com_x=-0.149
t=  1.50 max|qacc|=     183.1 max|qvel|=   0.42 ncon=  0 com_z=0.937 com_x=-0.156
t=  2.00 max|qacc|=      25.3 max|qvel|=   0.22 ncon=  0 com_z=0.937 com_x=-0.154
t=  2.50 max|qacc|=      47.4 max|qvel|=   0.23 ncon=  0 com_z=0.937 com_x=-0.155
t=  3.00 max|qacc|=      77.7 max|qvel|=   0.34 ncon=  0 com_z=0.937 com_x=-0.155
t=  3.50 max|qacc|=      73.8 max|qvel|=   0.45 ncon=  0 com_z=0.937 com_x=-0.154
t=  4.00 max|qacc|=     307.4 max|qvel|=   0.23 ncon=  0 com_z=0.937 com_x=-0.151
t=  4.50 max|qacc|=      58.7 max|qvel|=   3.36 ncon=  0 com_z=0.937 com_x=-0.151
t=  5.00 max|qacc|=     119.0 max|qvel|=   6.89 ncon=  0 com_z=0.940 com_x=-0.135
t=  5.50 max|qacc|=      71.2 max|qvel|=   3.85 ncon=  0 com_z=0.929 com_x=-0.113
t=  6.00 max|qacc|=      68.8 max|qvel|=   6.89 ncon=  0 com_z=0.934 com_x=-0.118
t=  6.50 max|qacc|=     170.5 max|qvel|=   3.32 ncon=  0 com_z=0.940 com_x=-0.110
t=  7.00 max|qacc|=     153.6 max|qvel|=   3.66 ncon=  0 com_z=0.932 com_x=-0.117
t=  7.50 max|qacc|=      71.9 max|qvel|=   6.20 ncon=  0 com_z=0.932 com_x=-0.114
t=  8.00 max|qacc|=     175.6 max|qvel|=   3.13 ncon=  0 com_z=0.941 com_x=-0.112
t=  8.50 max|qacc|=     150.7 max|qvel|=   3.71 ncon=  0 com_z=0.932 com_x=-0.116
t=  9.00 max|qacc|=      71.4 max|qvel|=   6.22 ncon=  0 com_z=0.932 com_x=-0.115
t=  9.50 max|qacc|=     175.6 max|qvel|=   3.10 ncon=  0 com_z=0.941 com_x=-0.112
t= 10.00 max|qacc|=     150.2 max|qvel|=   3.71 ncon=  0 com_z=0.932 com_x=-0.116
t= 10.50 max|qacc|=      71.6 max|qvel|=   6.21 ncon=  0 com_z=0.932 com_x=-0.115
t= 11.00 max|qacc|=     175.8 max|qvel|=   3.08 ncon=  0 com_z=0.941 com_x=-0.112
t= 11.50 max|qacc|=     149.8 max|qvel|=   3.72 ncon=  0 com_z=0.932 com_x=-0.116
t= 12.00 max|qacc|=      71.8 max|qvel|=   6.20 ncon=  0 com_z=0.932 com_x=-0.115
t= 12.50 max|qacc|=     175.9 max|qvel|=   3.07 ncon=  0 com_z=0.941 com_x=-0.112
t= 13.00 max|qacc|=     149.3 max|qvel|=   3.72 ncon=  0 com_z=0.932 com_x=-0.116
t= 13.50 max|qacc|=      72.1 max|qvel|=   6.20 ncon=  0 com_z=0.932 com_x=-0.115
t= 14.00 max|qacc|=     176.1 max|qvel|=   3.05 ncon=  0 com_z=0.941 com_x=-0.112
t= 14.50 max|qacc|=     148.7 max|qvel|=   3.72 ncon=  0 com_z=0.932 com_x=-0.116
t= 15.00 max|qacc|=      72.3 max|qvel|=   6.19 ncon=  0 com_z=0.932 com_x=-0.115
t= 15.50 max|qacc|=     117.4 max|qvel|=   4.50 ncon=  0 com_z=0.944 com_x=-0.115
t= 16.00 max|qacc|=      87.8 max|qvel|=   6.97 ncon=  0 com_z=0.935 com_x=-0.127
t= 16.50 max|qacc|=      13.4 max|qvel|=   2.00 ncon=  0 com_z=0.957 com_x=-0.149
t= 17.00 max|qacc|=       5.0 max|qvel|=   0.79 ncon=  0 com_z=0.954 com_x=-0.135
t= 17.50 max|qacc|=       1.8 max|qvel|=   0.29 ncon=  0 com_z=0.952 com_x=-0.139
t= 18.00 max|qacc|=       0.5 max|qvel|=   0.06 ncon=  0 com_z=0.953 com_x=-0.140
t= 18.50 max|qacc|=       0.1 max|qvel|=   0.02 ncon=  0 com_z=0.953 com_x=-0.139
t= 19.00 max|qacc|=       0.1 max|qvel|=   0.01 ncon=  0 com_z=0.953 com_x=-0.139
t= 19.50 max|qacc|=       0.0 max|qvel|=   0.00 ncon=  0 com_z=0.953 com_x=-0.139
t= 20.00 max|qacc|=       0.0 max|qvel|=   0.00 ncon=  0 com_z=0.953 com_x=-0.139
t= 20.50 max|qacc|=       0.0 max|qvel|=   0.00 ncon=  0 com_z=0.953 com_x=-0.139
t= 21.00 max|qacc|=       0.0 max|qvel|=   0.00 ncon=  0 com_z=0.953 com_x=-0.139
t= 21.50 max|qacc|=       0.0 max|qvel|=   0.00 ncon=  0 com_z=0.953 com_x=-0.139
t= 22.00 max|qacc|=       0.0 max|qvel|=   0.00 ncon=  0 com_z=0.953 com_x=-0.139
t= 22.50 max|qacc|=       0.0 max|qvel|=   0.00 ncon=  0 com_z=0.953 com_x=-0.139
t= 23.00 max|qacc|=       0.0 max|qvel|=   0.00 ncon=  0 com_z=0.953 com_x=-0.139
t= 23.50 max|qacc|=       0.0 max|qvel|=   0.00 ncon=  0 com_z=0.953 com_x=-0.139
t= 24.00 max|qacc|=       0.0 max|qvel|=   0.00 ncon=  0 com_z=0.953 com_x=-0.139
t= 24.50 max|qacc|=       0.0 max|qvel|=   0.00 ncon=  0 com_z=0.953 com_x=-0.139
t= 25.00 max|qacc|=       0.0 max|qvel|=   0.00 ncon=  0 com_z=0.953 com_x=-0.139
t= 25.50 max|qacc|=       0.0 max|qvel|=   0.00 ncon=  0 com_z=0.953 com_x=-0.139
t= 26.00 max|qacc|=       0.0 max|qvel|=   0.00 ncon=  0 com_z=0.953 com_x=-0.139
t= 26.50 max|qacc|=       0.0 max|qvel|=   0.00 ncon=  0 com_z=0.953 com_x=-0.139
t= 27.00 max|qacc|=       0.0 max|qvel|=   0.00 ncon=  0 com_z=0.953 com_x=-0.139
t= 27.50 max|qacc|=       0.0 max|qvel|=   0.00 ncon=  0 com_z=0.953 com_x=-0.139
t= 28.00 max|qacc|=       0.0 max|qvel|=   0.00 ncon=  0 com_z=0.953 com_x=-0.139
t= 28.50 max|qacc|=       0.0 max|qvel|=   0.00 ncon=  0 com_z=0.953 com_x=-0.139
t= 29.00 max|qacc|=       0.0 max|qvel|=   0.00 ncon=  0 com_z=0.953 com_x=-0.139
t= 29.50 max|qacc|=       0.0 max|qvel|=   0.00 ncon=  0 com_z=0.953 com_x=-0.139
t= 30.00 max|qacc|=       0.0 max|qvel|=   0.00 ncon=  0 com_z=0.953 com_x=-0.139
t= 30.50 max|qacc|=       0.0 max|qvel|=   0.00 ncon=  0 com_z=0.953 com_x=-0.139

== summary ==
pelvis/COM height: start 0.94 m, min 0.93 m, final 0.95 m  (stayed up)
COM x: min -0.16 max -0.11 final -0.14 m
COM y: min -0.023 max +0.002 m
RG_F_r bursts during walk window: 26
RG_r: cycles in window 27, period 0.38 s (2.66 Hz), E-duty 0.48
RG_l: cycles in window 27, period 0.38 s (2.66 Hz), E-duty 0.48
peak ctrl: [1.   1.   1.   1.   0.84 1.   0.59 0.5  0.98 0.93 1.   1.   1.   1.
 0.99 1.   0.57 0.67 0.69 0.37] (('vas_lat_r', 'med_gas_r', 'soleus_r', 'tib_ant_r', 'psoas_r', 'semimem_r', 'glut_max2_r', 'rect_fem_r', 'sar_r', 'grac_r', 'vas_lat_l', 'med_gas_l', 'soleus_l', 'tib_ant_l', 'psoas_l', 'semimem_l', 'glut_max2_l', 'rect_fem_l', 'sar_l', 'grac_l'))
  hip_flexion_r         -3.0 ..    34.4 deg
  knee_angle_r         -87.5 ..    10.5 deg
  ankle_angle_r        -65.1 ..    25.7 deg
  hip_adduction_r      -25.0 ..    20.2 deg
  subtalar_angle_r     -22.8 ..     8.3 deg
  hip_flexion_l        -24.3 ..    22.5 deg
  knee_angle_l         -88.4 ..    10.5 deg
  ankle_angle_l        -68.0 ..     9.8 deg
  hip_adduction_l      -36.3 ..    20.2 deg
  subtalar_angle_l      -0.8 ..    33.9 deg
  pelvis_tilt           -1.9 ..     0.1 deg
  pelvis_list           -0.8 ..     0.1 deg
  pelvis_rotation        2.2 ..     2.6 deg
saved spinal_run.npz
(plot skipped: 'PF_E2_r')
fitted baseline loaded: e2_pf=0.222 f1_df=0.098 f1_kf=0.148 post_kneext=0.011 post_hipext=0.068 desc_f=1.400 e2_adapt=1.700
start pose (normal): applied 20 coordinates as given; pelvis ty 0.920 m (env override unset); IMU-metric torso lean -0.0 deg (+ = back)
standing solve: nnls x in [0.00, 0.70], >0.1: 14 muscles
  top: add_long_l=0.70, tib_ant_r=0.61, tib_ant_l=0.46, ext_dig_r=0.37, glut_min1_l=0.33, pect_l=0.32, glut_min2_l=0.31, ext_dig_l=0.25
Fmax range: 5..3396 N | L range sample: [0.229942 0.326094]
t=  1.00 max|qacc|=     239.8 max|qvel|=   1.08 ncon=  0 com_z=0.938 com_x=-0.148
t=  1.50 max|qacc|=      11.8 max|qvel|=   0.43 ncon=  0 com_z=0.937 com_x=-0.156
t=  2.00 max|qacc|=       2.9 max|qvel|=   0.21 ncon=  0 com_z=0.937 com_x=-0.154
t=  2.50 max|qacc|=      31.9 max|qvel|=   0.09 ncon=  0 com_z=0.937 com_x=-0.155
t=  3.00 max|qacc|=      42.0 max|qvel|=   0.10 ncon=  0 com_z=0.937 com_x=-0.155
t=  3.50 max|qacc|=     116.8 max|qvel|=   0.12 ncon=  0 com_z=0.937 com_x=-0.154
t=  4.00 max|qacc|=     110.5 max|qvel|=   0.12 ncon=  0 com_z=0.937 com_x=-0.150
t=  4.50 max|qacc|=      87.4 max|qvel|=   4.36 ncon=  0 com_z=0.935 com_x=-0.147
t=  5.00 max|qacc|=     138.4 max|qvel|=   4.66 ncon=  0 com_z=0.935 com_x=-0.142
t=  5.50 max|qacc|=     105.2 max|qvel|=   3.48 ncon=  0 com_z=0.928 com_x=-0.116
t=  6.00 max|qacc|=     100.9 max|qvel|=   5.34 ncon=  0 com_z=0.935 com_x=-0.112
t=  6.50 max|qacc|=    1072.8 max|qvel|=   5.10 ncon=  0 com_z=0.935 com_x=-0.138
t=  7.00 max|qacc|=      19.6 max|qvel|=   0.76 ncon=  0 com_z=0.937 com_x=-0.154
t=  7.50 max|qacc|=     136.5 max|qvel|=   0.40 ncon=  0 com_z=0.937 com_x=-0.148
t=  8.00 max|qacc|=      41.1 max|qvel|=   0.25 ncon=  0 com_z=0.936 com_x=-0.150
t=  8.50 max|qacc|=     195.5 max|qvel|=   0.17 ncon=  0 com_z=0.937 com_x=-0.149
t=  9.00 max|qacc|=     103.9 max|qvel|=   0.07 ncon=  0 com_z=0.937 com_x=-0.149
t=  9.50 max|qacc|=     226.4 max|qvel|=   0.57 ncon=  0 com_z=0.937 com_x=-0.149
t= 10.00 max|qacc|=      88.7 max|qvel|=   0.19 ncon=  0 com_z=0.937 com_x=-0.149
t= 10.50 max|qacc|=     221.8 max|qvel|=   1.50 ncon=  0 com_z=0.937 com_x=-0.149
t= 11.00 max|qacc|=      55.3 max|qvel|=   0.04 ncon=  0 com_z=0.937 com_x=-0.149
t= 11.50 max|qacc|=      56.5 max|qvel|=   0.49 ncon=  0 com_z=0.937 com_x=-0.149
t= 12.00 max|qacc|=      14.2 max|qvel|=   0.16 ncon=  0 com_z=0.937 com_x=-0.149
t= 12.50 max|qacc|=      17.1 max|qvel|=   0.06 ncon=  0 com_z=0.937 com_x=-0.149
t= 13.00 max|qacc|=      87.1 max|qvel|=   0.69 ncon=  0 com_z=0.936 com_x=-0.149
t= 13.50 max|qacc|=      84.6 max|qvel|=   0.10 ncon=  0 com_z=0.937 com_x=-0.149
t= 14.00 max|qacc|=       8.2 max|qvel|=   0.14 ncon=  0 com_z=0.937 com_x=-0.149
t= 14.50 max|qacc|=     259.9 max|qvel|=   0.12 ncon=  0 com_z=0.937 com_x=-0.149
t= 15.00 max|qacc|=      48.3 max|qvel|=   0.93 ncon=  0 com_z=0.937 com_x=-0.149
t= 15.50 max|qacc|=      30.4 max|qvel|=   0.24 ncon=  0 com_z=0.936 com_x=-0.149
t= 16.00 max|qacc|=      94.5 max|qvel|=   0.49 ncon=  0 com_z=0.936 com_x=-0.148
t= 16.50 max|qacc|=     828.1 max|qvel|=   2.03 ncon=  0 com_z=0.936 com_x=-0.148
t= 17.00 max|qacc|=     163.3 max|qvel|=   0.11 ncon=  0 com_z=0.936 com_x=-0.149
t= 17.50 max|qacc|=      19.5 max|qvel|=   0.05 ncon=  0 com_z=0.937 com_x=-0.153
t= 18.00 max|qacc|=      26.3 max|qvel|=   0.10 ncon=  0 com_z=0.936 com_x=-0.152
t= 18.50 max|qacc|=     140.5 max|qvel|=   0.42 ncon=  0 com_z=0.936 com_x=-0.152
t= 19.00 max|qacc|=      41.6 max|qvel|=   0.11 ncon=  0 com_z=0.936 com_x=-0.152
t= 19.50 max|qacc|=     128.9 max|qvel|=   0.05 ncon=  0 com_z=0.936 com_x=-0.152
t= 20.00 max|qacc|=     116.0 max|qvel|=   0.41 ncon=  0 com_z=0.936 com_x=-0.152
t= 20.50 max|qacc|=      52.4 max|qvel|=   0.08 ncon=  0 com_z=0.936 com_x=-0.152
t= 21.00 max|qacc|=      45.5 max|qvel|=   0.23 ncon=  0 com_z=0.936 com_x=-0.152
t= 21.50 max|qacc|=      23.3 max|qvel|=   0.57 ncon=  0 com_z=0.936 com_x=-0.152
t= 22.00 max|qacc|=     178.5 max|qvel|=   0.58 ncon=  0 com_z=0.936 com_x=-0.152
t= 22.50 max|qacc|=      82.6 max|qvel|=   0.18 ncon=  0 com_z=0.936 com_x=-0.152
t= 23.00 max|qacc|=     142.1 max|qvel|=   0.14 ncon=  0 com_z=0.936 com_x=-0.152
t= 23.50 max|qacc|=     148.8 max|qvel|=   0.93 ncon=  0 com_z=0.936 com_x=-0.152
t= 24.00 max|qacc|=     393.6 max|qvel|=   1.16 ncon=  0 com_z=0.936 com_x=-0.152
t= 24.50 max|qacc|=       9.0 max|qvel|=   0.09 ncon=  0 com_z=0.936 com_x=-0.152
t= 25.00 max|qacc|=      11.3 max|qvel|=   0.11 ncon=  0 com_z=0.936 com_x=-0.152
t= 25.50 max|qacc|=      84.0 max|qvel|=   0.20 ncon=  0 com_z=0.936 com_x=-0.152
t= 26.00 max|qacc|=     306.5 max|qvel|=   0.58 ncon=  0 com_z=0.936 com_x=-0.152
t= 26.50 max|qacc|=     164.4 max|qvel|=   0.12 ncon=  0 com_z=0.936 com_x=-0.152
t= 27.00 max|qacc|=     122.4 max|qvel|=   0.49 ncon=  0 com_z=0.936 com_x=-0.152
t= 27.50 max|qacc|=      15.0 max|qvel|=   0.07 ncon=  0 com_z=0.936 com_x=-0.152
t= 28.00 max|qacc|=      22.5 max|qvel|=   0.09 ncon=  0 com_z=0.936 com_x=-0.152
t= 28.50 max|qacc|=      22.2 max|qvel|=   0.18 ncon=  0 com_z=0.936 com_x=-0.152
t= 29.00 max|qacc|=      82.9 max|qvel|=   0.12 ncon=  0 com_z=0.936 com_x=-0.152
t= 29.50 max|qacc|=      79.3 max|qvel|=   0.49 ncon=  0 com_z=0.936 com_x=-0.152
t= 30.00 max|qacc|=     103.0 max|qvel|=   0.33 ncon=  0 com_z=0.936 com_x=-0.152
t= 30.50 max|qacc|=    1314.1 max|qvel|=   1.12 ncon=  0 com_z=0.936 com_x=-0.152

== summary ==
pelvis/COM height: start 0.94 m, min 0.93 m, final 0.94 m  (stayed up)
COM x: min -0.16 max -0.11 final -0.15 m
COM y: min -0.020 max +0.006 m
RG_F_r bursts during walk window: 3
RG_r: cycles in window 3, period 0.34 s (2.93 Hz), E-duty 0.05
RG_l: cycles in window 3, period 0.34 s (2.93 Hz), E-duty 0.05
peak ctrl: [1.   1.   1.   1.   0.88 1.   0.45 0.5  1.   0.93 1.   1.   1.   1.
 1.   1.   0.51 0.68 0.74 0.37] (('vas_lat_r', 'med_gas_r', 'soleus_r', 'tib_ant_r', 'psoas_r', 'semimem_r', 'glut_max2_r', 'rect_fem_r', 'sar_r', 'grac_r', 'vas_lat_l', 'med_gas_l', 'soleus_l', 'tib_ant_l', 'psoas_l', 'semimem_l', 'glut_max2_l', 'rect_fem_l', 'sar_l', 'grac_l'))
  hip_flexion_r         -1.9 ..    34.3 deg
  knee_angle_r         -87.0 ..    10.2 deg
  ankle_angle_r        -66.0 ..    -1.7 deg
  hip_adduction_r      -12.5 ..    20.4 deg
  subtalar_angle_r     -10.8 ..     8.2 deg
  hip_flexion_l        -25.8 ..    27.2 deg
  knee_angle_l         -83.5 ..    10.3 deg
  ankle_angle_l        -68.0 ..     9.8 deg
  hip_adduction_l      -29.1 ..    22.8 deg
  subtalar_angle_l      -0.4 ..    14.2 deg
  pelvis_tilt           -1.9 ..     0.1 deg
  pelvis_list           -0.8 ..     0.1 deg
  pelvis_rotation        2.2 ..     2.6 deg
saved spinal_run.npz
(plot skipped: 'PF_E2_r')
fitted baseline loaded: e2_pf=0.222 f1_df=0.098 f1_kf=0.148 post_kneext=0.011 post_hipext=0.068 desc_f=1.400 e2_adapt=1.700
start pose (normal): applied 20 coordinates as given; pelvis ty 0.920 m (env override unset); IMU-metric torso lean -0.0 deg (+ = back)
standing solve: nnls x in [0.00, 0.70], >0.1: 14 muscles
  top: add_long_l=0.70, tib_ant_r=0.61, tib_ant_l=0.46, ext_dig_r=0.37, glut_min1_l=0.33, pect_l=0.32, glut_min2_l=0.31, ext_dig_l=0.25
Fmax range: 5..3396 N | L range sample: [0.229942 0.326094]
t=  1.00 max|qacc|=     319.6 max|qvel|=   1.99 ncon=  0 com_z=0.937 com_x=-0.149
t=  1.50 max|qacc|=      12.7 max|qvel|=   0.41 ncon=  0 com_z=0.937 com_x=-0.157
t=  2.00 max|qacc|=      28.7 max|qvel|=   0.23 ncon=  0 com_z=0.937 com_x=-0.155
t=  2.50 max|qacc|=       7.5 max|qvel|=   0.19 ncon=  0 com_z=0.938 com_x=-0.156
t=  3.00 max|qacc|=      27.6 max|qvel|=   0.23 ncon=  0 com_z=0.937 com_x=-0.155
t=  3.50 max|qacc|=      68.2 max|qvel|=   0.15 ncon=  0 com_z=0.937 com_x=-0.155
t=  4.00 max|qacc|=     237.5 max|qvel|=   1.39 ncon=  0 com_z=0.936 com_x=-0.151
t=  4.50 max|qacc|=      97.1 max|qvel|=   6.21 ncon=  0 com_z=0.933 com_x=-0.141
t=  5.00 max|qacc|=     116.5 max|qvel|=   5.96 ncon=  0 com_z=0.938 com_x=-0.146
t=  5.50 max|qacc|=     101.9 max|qvel|=   6.63 ncon=  0 com_z=0.935 com_x=-0.115
t=  6.00 max|qacc|=     113.6 max|qvel|=   3.14 ncon=  0 com_z=0.941 com_x=-0.117
t=  6.50 max|qacc|=      28.9 max|qvel|=   6.05 ncon=  0 com_z=0.942 com_x=-0.113
t=  7.00 max|qacc|=     160.8 max|qvel|=   6.43 ncon=  0 com_z=0.948 com_x=-0.114
t=  7.50 max|qacc|=     135.6 max|qvel|=   2.10 ncon=  0 com_z=0.938 com_x=-0.113
t=  8.00 max|qacc|=      53.8 max|qvel|=   6.38 ncon=  0 com_z=0.941 com_x=-0.114
t=  8.50 max|qacc|=     149.3 max|qvel|=   4.42 ncon=  0 com_z=0.950 com_x=-0.113
t=  9.00 max|qacc|=     116.8 max|qvel|=   3.75 ncon=  0 com_z=0.939 com_x=-0.114
t=  9.50 max|qacc|=      17.7 max|qvel|=   6.48 ncon=  0 com_z=0.939 com_x=-0.114
t= 10.00 max|qacc|=     154.1 max|qvel|=   2.85 ncon=  0 com_z=0.951 com_x=-0.113
t= 10.50 max|qacc|=      75.5 max|qvel|=   5.70 ncon=  0 com_z=0.940 com_x=-0.115
t= 11.00 max|qacc|=      30.8 max|qvel|=   6.16 ncon=  0 com_z=0.938 com_x=-0.113
t= 11.50 max|qacc|=     139.4 max|qvel|=   3.24 ncon=  0 com_z=0.949 com_x=-0.113
t= 12.00 max|qacc|=      48.5 max|qvel|=   6.80 ncon=  0 com_z=0.942 com_x=-0.115
t= 12.50 max|qacc|=      68.0 max|qvel|=   5.14 ncon=  0 com_z=0.937 com_x=-0.113
t= 13.00 max|qacc|=     109.1 max|qvel|=   3.46 ncon=  0 com_z=0.947 com_x=-0.114
t= 13.50 max|qacc|=      98.4 max|qvel|=   7.20 ncon=  0 com_z=0.944 com_x=-0.114
t= 14.00 max|qacc|=     105.2 max|qvel|=   3.36 ncon=  0 com_z=0.937 com_x=-0.113
t= 14.50 max|qacc|=      48.2 max|qvel|=   5.10 ncon=  0 com_z=0.945 com_x=-0.114
t= 15.00 max|qacc|=     148.4 max|qvel|=   6.97 ncon=  0 com_z=0.946 com_x=-0.114
t= 15.50 max|qacc|=     130.2 max|qvel|=   3.59 ncon=  0 com_z=0.936 com_x=-0.120
t= 16.00 max|qacc|=      90.2 max|qvel|=   8.79 ncon=  0 com_z=0.947 com_x=-0.146
t= 16.50 max|qacc|=      80.0 max|qvel|=   2.23 ncon=  0 com_z=0.934 com_x=-0.136
t= 17.00 max|qacc|=     180.4 max|qvel|=   0.89 ncon=  0 com_z=0.941 com_x=-0.162
t= 17.50 max|qacc|=       6.6 max|qvel|=   0.45 ncon=  0 com_z=0.936 com_x=-0.153
t= 18.00 max|qacc|=      14.8 max|qvel|=   0.19 ncon=  0 com_z=0.937 com_x=-0.157
t= 18.50 max|qacc|=      87.7 max|qvel|=   0.16 ncon=  0 com_z=0.938 com_x=-0.156
t= 19.00 max|qacc|=      23.4 max|qvel|=   0.13 ncon=  0 com_z=0.937 com_x=-0.156
t= 19.50 max|qacc|=      10.6 max|qvel|=   0.07 ncon=  0 com_z=0.938 com_x=-0.156
t= 20.00 max|qacc|=      65.5 max|qvel|=   0.41 ncon=  0 com_z=0.937 com_x=-0.156
t= 20.50 max|qacc|=     114.4 max|qvel|=   0.11 ncon=  0 com_z=0.938 com_x=-0.156
t= 21.00 max|qacc|=      13.6 max|qvel|=   0.13 ncon=  0 com_z=0.937 com_x=-0.155
t= 21.50 max|qacc|=      24.4 max|qvel|=   0.32 ncon=  0 com_z=0.938 com_x=-0.156
t= 22.00 max|qacc|=      25.1 max|qvel|=   0.17 ncon=  0 com_z=0.938 com_x=-0.156
t= 22.50 max|qacc|=     115.1 max|qvel|=   0.09 ncon=  0 com_z=0.938 com_x=-0.156
t= 23.00 max|qacc|=      22.0 max|qvel|=   0.31 ncon=  0 com_z=0.938 com_x=-0.156
t= 23.50 max|qacc|=     167.9 max|qvel|=   0.48 ncon=  0 com_z=0.938 com_x=-0.156
t= 24.00 max|qacc|=     240.9 max|qvel|=   0.14 ncon=  0 com_z=0.937 com_x=-0.156
t= 24.50 max|qacc|=      65.1 max|qvel|=   0.13 ncon=  0 com_z=0.938 com_x=-0.156
t= 25.00 max|qacc|=      16.3 max|qvel|=   0.22 ncon=  0 com_z=0.937 com_x=-0.156
t= 25.50 max|qacc|=      11.9 max|qvel|=   0.15 ncon=  0 com_z=0.937 com_x=-0.156
t= 26.00 max|qacc|=     178.1 max|qvel|=   0.45 ncon=  0 com_z=0.938 com_x=-0.156
t= 26.50 max|qacc|=     181.8 max|qvel|=   0.14 ncon=  0 com_z=0.938 com_x=-0.156
t= 27.00 max|qacc|=     288.7 max|qvel|=   0.46 ncon=  0 com_z=0.937 com_x=-0.156
t= 27.50 max|qacc|=      58.7 max|qvel|=   0.31 ncon=  0 com_z=0.938 com_x=-0.156
t= 28.00 max|qacc|=     259.5 max|qvel|=   0.47 ncon=  0 com_z=0.937 com_x=-0.156
t= 28.50 max|qacc|=      87.5 max|qvel|=   0.09 ncon=  0 com_z=0.937 com_x=-0.156
t= 29.00 max|qacc|=      21.8 max|qvel|=   0.14 ncon=  0 com_z=0.938 com_x=-0.156
t= 29.50 max|qacc|=      29.0 max|qvel|=   0.10 ncon=  0 com_z=0.937 com_x=-0.156
t= 30.00 max|qacc|=      34.7 max|qvel|=   0.51 ncon=  0 com_z=0.938 com_x=-0.156
t= 30.50 max|qacc|=     158.1 max|qvel|=   0.44 ncon=  0 com_z=0.937 com_x=-0.156

== summary ==
pelvis/COM height: start 0.94 m, min 0.93 m, final 0.94 m  (stayed up)
COM x: min -0.16 max -0.10 final -0.16 m
COM y: min -0.025 max +0.000 m
RG_F_r bursts during walk window: 26
RG_r: cycles in window 26, period 0.38 s (2.62 Hz), E-duty 0.45
RG_l: cycles in window 26, period 0.38 s (2.62 Hz), E-duty 0.45
peak ctrl: [1.   1.   1.   1.   0.83 1.   0.47 0.5  0.97 0.93 1.   1.   1.   1.
 0.98 1.   0.52 0.67 0.66 0.37] (('vas_lat_r', 'med_gas_r', 'soleus_r', 'tib_ant_r', 'psoas_r', 'semimem_r', 'glut_max2_r', 'rect_fem_r', 'sar_r', 'grac_r', 'vas_lat_l', 'med_gas_l', 'soleus_l', 'tib_ant_l', 'psoas_l', 'semimem_l', 'glut_max2_l', 'rect_fem_l', 'sar_l', 'grac_l'))
  hip_flexion_r         -9.6 ..    38.8 deg
  knee_angle_r         -90.6 ..    10.3 deg
  ankle_angle_r        -65.3 ..    -1.7 deg
  hip_adduction_r      -18.1 ..    22.7 deg
  subtalar_angle_r     -11.3 ..     8.5 deg
  hip_flexion_l        -25.7 ..    23.2 deg
  knee_angle_l         -96.3 ..    10.3 deg
  ankle_angle_l        -67.9 ..     9.8 deg
  hip_adduction_l      -31.1 ..    24.7 deg
  subtalar_angle_l      -0.6 ..    19.5 deg
  pelvis_tilt           -2.0 ..     0.5 deg
  pelvis_list           -0.7 ..     0.1 deg
  pelvis_rotation        2.1 ..     2.6 deg
saved spinal_run.npz
(plot skipped: 'PF_E2_r')
fitted baseline loaded: e2_pf=0.222 f1_df=0.098 f1_kf=0.148 post_kneext=0.011 post_hipext=0.068 desc_f=1.400 e2_adapt=1.700
start pose (normal): applied 20 coordinates as given; pelvis ty 0.920 m (env override unset); IMU-metric torso lean -0.0 deg (+ = back)
standing solve: nnls x in [0.00, 0.70], >0.1: 14 muscles
  top: add_long_l=0.70, tib_ant_r=0.61, tib_ant_l=0.46, ext_dig_r=0.37, glut_min1_l=0.33, pect_l=0.32, glut_min2_l=0.31, ext_dig_l=0.25
Fmax range: 5..3396 N | L range sample: [0.229942 0.326094]
t=  1.00 max|qacc|=      87.8 max|qvel|=   1.08 ncon=  0 com_z=0.938 com_x=-0.149
t=  1.50 max|qacc|=      33.9 max|qvel|=   0.39 ncon=  0 com_z=0.937 com_x=-0.156
t=  2.00 max|qacc|=       8.6 max|qvel|=   0.21 ncon=  0 com_z=0.937 com_x=-0.155
t=  2.50 max|qacc|=    1217.1 max|qvel|=   1.75 ncon=  0 com_z=0.937 com_x=-0.156
t=  3.00 max|qacc|=      26.4 max|qvel|=   0.13 ncon=  0 com_z=0.937 com_x=-0.155
t=  3.50 max|qacc|=      18.3 max|qvel|=   0.12 ncon=  0 com_z=0.937 com_x=-0.155
t=  4.00 max|qacc|=      42.3 max|qvel|=   0.33 ncon=  0 com_z=0.937 com_x=-0.151
t=  4.50 max|qacc|=      94.6 max|qvel|=   5.63 ncon=  0 com_z=0.934 com_x=-0.143
t=  5.00 max|qacc|=      81.4 max|qvel|=   7.64 ncon=  0 com_z=0.945 com_x=-0.145
t=  5.50 max|qacc|=     105.6 max|qvel|=   3.90 ncon=  0 com_z=0.943 com_x=-0.107
t=  6.00 max|qacc|=     108.7 max|qvel|=   4.74 ncon=  0 com_z=0.949 com_x=-0.119
t=  6.50 max|qacc|=     133.7 max|qvel|=   3.19 ncon=  0 com_z=0.952 com_x=-0.111
t=  7.00 max|qacc|=     151.5 max|qvel|=   3.17 ncon=  0 com_z=0.954 com_x=-0.113
t=  7.50 max|qacc|=     139.6 max|qvel|=   7.67 ncon=  0 com_z=0.951 com_x=-0.115
t=  8.00 max|qacc|=     109.2 max|qvel|=   8.64 ncon=  0 com_z=0.944 com_x=-0.118
t=  8.50 max|qacc|=      65.5 max|qvel|=   8.96 ncon=  0 com_z=0.938 com_x=-0.122
t=  9.00 max|qacc|=     164.9 max|qvel|=   5.67 ncon=  0 com_z=0.935 com_x=-0.122
t=  9.50 max|qacc|=     139.6 max|qvel|=   3.15 ncon=  0 com_z=0.934 com_x=-0.122
t= 10.00 max|qacc|=     122.1 max|qvel|=   3.19 ncon=  0 com_z=0.934 com_x=-0.119
t= 10.50 max|qacc|=      84.2 max|qvel|=   6.12 ncon=  0 com_z=0.934 com_x=-0.117
t= 11.00 max|qacc|=      35.5 max|qvel|=   7.86 ncon=  0 com_z=0.935 com_x=-0.114
t= 11.50 max|qacc|=      39.6 max|qvel|=   7.44 ncon=  0 com_z=0.939 com_x=-0.113
t= 12.00 max|qacc|=      53.7 max|qvel|=   5.81 ncon=  0 com_z=0.944 com_x=-0.112
t= 12.50 max|qacc|=     108.3 max|qvel|=   3.28 ncon=  0 com_z=0.949 com_x=-0.112
t= 13.00 max|qacc|=     141.7 max|qvel|=   3.25 ncon=  0 com_z=0.954 com_x=-0.112
t= 13.50 max|qacc|=     147.3 max|qvel|=   5.92 ncon=  0 com_z=0.953 com_x=-0.114
t= 14.00 max|qacc|=     136.1 max|qvel|=   8.53 ncon=  0 com_z=0.947 com_x=-0.117
t= 14.50 max|qacc|=      84.2 max|qvel|=   9.27 ncon=  0 com_z=0.940 com_x=-0.120
t= 15.00 max|qacc|=     106.6 max|qvel|=   7.16 ncon=  0 com_z=0.936 com_x=-0.122
t= 15.50 max|qacc|=     163.4 max|qvel|=   4.55 ncon=  0 com_z=0.935 com_x=-0.127
t= 16.00 max|qacc|=      28.6 max|qvel|=   2.56 ncon=  0 com_z=0.968 com_x=-0.132
t= 16.50 max|qacc|=       5.6 max|qvel|=   0.85 ncon=  0 com_z=0.949 com_x=-0.131
t= 17.00 max|qacc|=       1.9 max|qvel|=   0.80 ncon=  0 com_z=0.952 com_x=-0.139
t= 17.50 max|qacc|=       1.8 max|qvel|=   0.28 ncon=  0 com_z=0.953 com_x=-0.140
t= 18.00 max|qacc|=       0.5 max|qvel|=   0.06 ncon=  0 com_z=0.953 com_x=-0.139
t= 18.50 max|qacc|=       0.1 max|qvel|=   0.01 ncon=  0 com_z=0.953 com_x=-0.140
t= 19.00 max|qacc|=       0.0 max|qvel|=   0.00 ncon=  0 com_z=0.953 com_x=-0.140
t= 19.50 max|qacc|=       0.0 max|qvel|=   0.00 ncon=  0 com_z=0.953 com_x=-0.140
t= 20.00 max|qacc|=       0.0 max|qvel|=   0.00 ncon=  0 com_z=0.953 com_x=-0.140
t= 20.50 max|qacc|=       0.0 max|qvel|=   0.00 ncon=  0 com_z=0.953 com_x=-0.139
t= 21.00 max|qacc|=       0.0 max|qvel|=   0.00 ncon=  0 com_z=0.953 com_x=-0.139
t= 21.50 max|qacc|=       0.0 max|qvel|=   0.00 ncon=  0 com_z=0.953 com_x=-0.139
t= 22.00 max|qacc|=       0.0 max|qvel|=   0.00 ncon=  0 com_z=0.953 com_x=-0.139
t= 22.50 max|qacc|=       0.0 max|qvel|=   0.00 ncon=  0 com_z=0.953 com_x=-0.139
t= 23.00 max|qacc|=       0.0 max|qvel|=   0.00 ncon=  0 com_z=0.953 com_x=-0.139
t= 23.50 max|qacc|=       0.0 max|qvel|=   0.00 ncon=  0 com_z=0.953 com_x=-0.139
t= 24.00 max|qacc|=       0.0 max|qvel|=   0.00 ncon=  0 com_z=0.953 com_x=-0.139
t= 24.50 max|qacc|=       0.0 max|qvel|=   0.00 ncon=  0 com_z=0.953 com_x=-0.139
t= 25.00 max|qacc|=       0.0 max|qvel|=   0.00 ncon=  0 com_z=0.953 com_x=-0.139
t= 25.50 max|qacc|=       0.0 max|qvel|=   0.00 ncon=  0 com_z=0.953 com_x=-0.139
t= 26.00 max|qacc|=       0.0 max|qvel|=   0.00 ncon=  0 com_z=0.953 com_x=-0.139
t= 26.50 max|qacc|=       0.0 max|qvel|=   0.00 ncon=  0 com_z=0.953 com_x=-0.139
t= 27.00 max|qacc|=       0.0 max|qvel|=   0.00 ncon=  0 com_z=0.953 com_x=-0.139
t= 27.50 max|qacc|=       0.0 max|qvel|=   0.00 ncon=  0 com_z=0.953 com_x=-0.139
t= 28.00 max|qacc|=       0.0 max|qvel|=   0.00 ncon=  0 com_z=0.953 com_x=-0.139
t= 28.50 max|qacc|=       0.0 max|qvel|=   0.00 ncon=  0 com_z=0.953 com_x=-0.139
t= 29.00 max|qacc|=       0.0 max|qvel|=   0.00 ncon=  0 com_z=0.953 com_x=-0.139
t= 29.50 max|qacc|=       0.0 max|qvel|=   0.00 ncon=  0 com_z=0.953 com_x=-0.139
t= 30.00 max|qacc|=       0.0 max|qvel|=   0.00 ncon=  0 com_z=0.953 com_x=-0.139
t= 30.50 max|qacc|=       0.0 max|qvel|=   0.00 ncon=  0 com_z=0.953 com_x=-0.139

== summary ==
pelvis/COM height: start 0.94 m, min 0.93 m, final 0.95 m  (stayed up)
COM x: min -0.16 max -0.10 final -0.14 m
COM y: min -0.022 max +0.006 m
RG_F_r bursts during walk window: 22
RG_r: cycles in window 21, period 0.47 s (2.15 Hz), E-duty 0.41
RG_l: cycles in window 21, period 0.47 s (2.15 Hz), E-duty 0.41
peak ctrl: [1.   1.   1.   1.   0.83 1.   0.6  0.5  0.97 0.93 1.   1.   1.   1.
 1.   1.   0.58 0.67 0.7  0.37] (('vas_lat_r', 'med_gas_r', 'soleus_r', 'tib_ant_r', 'psoas_r', 'semimem_r', 'glut_max2_r', 'rect_fem_r', 'sar_r', 'grac_r', 'vas_lat_l', 'med_gas_l', 'soleus_l', 'tib_ant_l', 'psoas_l', 'semimem_l', 'glut_max2_l', 'rect_fem_l', 'sar_l', 'grac_l'))
  hip_flexion_r         -6.2 ..    34.5 deg
  knee_angle_r         -90.7 ..    10.2 deg
  ankle_angle_r        -65.0 ..    26.2 deg
  hip_adduction_r      -26.1 ..    24.4 deg
  subtalar_angle_r     -21.6 ..     8.4 deg
  hip_flexion_l        -25.4 ..    22.8 deg
  knee_angle_l         -99.1 ..    10.0 deg
  ankle_angle_l        -67.7 ..     9.8 deg
  hip_adduction_l      -33.6 ..    29.8 deg
  subtalar_angle_l      -0.7 ..    33.1 deg
  pelvis_tilt           -1.9 ..     0.4 deg
  pelvis_list           -0.9 ..     0.1 deg
  pelvis_rotation        2.2 ..     2.6 deg
saved spinal_run.npz
(plot skipped: 'PF_E2_r')
fitted baseline loaded: e2_pf=0.222 f1_df=0.098 f1_kf=0.148 post_kneext=0.011 post_hipext=0.068 desc_f=1.400 e2_adapt=1.700
start pose (normal): applied 20 coordinates as given; pelvis ty 0.920 m (env override unset); IMU-metric torso lean -0.0 deg (+ = back)
D:\GitHub\Bipedal_Robot\Code\MuJoCo_SNS\spinal\runner.py:1775: RuntimeWarning: More than 20 figures have been opened. Figures created through the pyplot interface (`matplotlib.pyplot.figure`) are retained until explicitly closed and may consume too much memory. (To control this warning, see the rcParam `figure.max_open_warning`). Consider using `matplotlib.pyplot.close()`.
  fig, ax = plt.subplots(4, 1, figsize=(10, 11), sharex=True)
standing solve: nnls x in [0.00, 0.70], >0.1: 14 muscles
  top: add_long_l=0.70, tib_ant_r=0.61, tib_ant_l=0.46, ext_dig_r=0.37, glut_min1_l=0.33, pect_l=0.32, glut_min2_l=0.31, ext_dig_l=0.25
Fmax range: 5..3396 N | L range sample: [0.229942 0.326094]
t=  1.00 max|qacc|=     341.0 max|qvel|=   2.13 ncon=  0 com_z=0.937 com_x=-0.149
t=  1.50 max|qacc|=      23.8 max|qvel|=   0.45 ncon=  0 com_z=0.937 com_x=-0.157
t=  2.00 max|qacc|=     104.5 max|qvel|=   0.21 ncon=  0 com_z=0.937 com_x=-0.155
t=  2.50 max|qacc|=      67.3 max|qvel|=   0.10 ncon=  0 com_z=0.938 com_x=-0.156
t=  3.00 max|qacc|=      89.6 max|qvel|=   0.16 ncon=  0 com_z=0.938 com_x=-0.156
t=  3.50 max|qacc|=      97.1 max|qvel|=   0.35 ncon=  0 com_z=0.937 com_x=-0.155
t=  4.00 max|qacc|=      85.2 max|qvel|=   1.17 ncon=  0 com_z=0.937 com_x=-0.151
t=  4.50 max|qacc|=      92.7 max|qvel|=   0.86 ncon=  0 com_z=0.937 com_x=-0.152
t=  5.00 max|qacc|=     140.5 max|qvel|=   8.23 ncon=  0 com_z=0.956 com_x=-0.129
t=  5.50 max|qacc|=     141.2 max|qvel|=   6.95 ncon=  0 com_z=0.937 com_x=-0.106
t=  6.00 max|qacc|=      68.2 max|qvel|=   7.93 ncon=  0 com_z=0.936 com_x=-0.120
t=  6.50 max|qacc|=     132.0 max|qvel|=   4.28 ncon=  0 com_z=0.930 com_x=-0.119
t=  7.00 max|qacc|=      75.5 max|qvel|=   3.86 ncon=  0 com_z=0.933 com_x=-0.124
t=  7.50 max|qacc|=     122.0 max|qvel|=   2.25 ncon=  0 com_z=0.931 com_x=-0.122
t=  8.00 max|qacc|=      93.5 max|qvel|=   6.61 ncon=  0 com_z=0.932 com_x=-0.119
t=  8.50 max|qacc|=      56.1 max|qvel|=   8.48 ncon=  0 com_z=0.934 com_x=-0.115
t=  9.00 max|qacc|=     158.8 max|qvel|=   4.19 ncon=  0 com_z=0.941 com_x=-0.114
t=  9.50 max|qacc|=     169.0 max|qvel|=   4.71 ncon=  0 com_z=0.942 com_x=-0.113
t= 10.00 max|qacc|=      67.4 max|qvel|=   8.24 ncon=  0 com_z=0.935 com_x=-0.117
t= 10.50 max|qacc|=     154.1 max|qvel|=   4.91 ncon=  0 com_z=0.932 com_x=-0.120
t= 11.00 max|qacc|=      87.6 max|qvel|=   4.12 ncon=  0 com_z=0.932 com_x=-0.123
t= 11.50 max|qacc|=     114.4 max|qvel|=   1.75 ncon=  0 com_z=0.932 com_x=-0.123
t= 12.00 max|qacc|=     108.2 max|qvel|=   6.00 ncon=  0 com_z=0.932 com_x=-0.119
t= 12.50 max|qacc|=      35.8 max|qvel|=   8.56 ncon=  0 com_z=0.933 com_x=-0.116
t= 13.00 max|qacc|=     131.9 max|qvel|=   5.56 ncon=  0 com_z=0.939 com_x=-0.114
t= 13.50 max|qacc|=     183.2 max|qvel|=   3.44 ncon=  0 com_z=0.943 com_x=-0.113
t= 14.00 max|qacc|=      87.5 max|qvel|=   8.10 ncon=  0 com_z=0.936 com_x=-0.116
t= 14.50 max|qacc|=     173.5 max|qvel|=   5.48 ncon=  0 com_z=0.932 com_x=-0.120
t= 15.00 max|qacc|=      59.6 max|qvel|=   4.20 ncon=  0 com_z=0.932 com_x=-0.123
t= 15.50 max|qacc|=      97.6 max|qvel|=   4.24 ncon=  0 com_z=0.933 com_x=-0.129
t= 16.00 max|qacc|=     104.2 max|qvel|=   8.16 ncon=  0 com_z=0.958 com_x=-0.143
t= 16.50 max|qacc|=      29.8 max|qvel|=   2.31 ncon=  0 com_z=0.935 com_x=-0.132
t= 17.00 max|qacc|=      83.4 max|qvel|=   0.50 ncon=  0 com_z=0.942 com_x=-0.164
t= 17.50 max|qacc|=      85.7 max|qvel|=   0.33 ncon=  0 com_z=0.936 com_x=-0.152
t= 18.00 max|qacc|=     167.8 max|qvel|=   0.27 ncon=  0 com_z=0.938 com_x=-0.158
t= 18.50 max|qacc|=      20.5 max|qvel|=   0.16 ncon=  0 com_z=0.938 com_x=-0.156
t= 19.00 max|qacc|=      65.1 max|qvel|=   0.10 ncon=  0 com_z=0.937 com_x=-0.156
t= 19.50 max|qacc|=      92.2 max|qvel|=   0.48 ncon=  0 com_z=0.938 com_x=-0.156
t= 20.00 max|qacc|=      14.6 max|qvel|=   0.29 ncon=  0 com_z=0.937 com_x=-0.156
t= 20.50 max|qacc|=      22.2 max|qvel|=   1.13 ncon=  0 com_z=0.938 com_x=-0.156
t= 21.00 max|qacc|=      93.6 max|qvel|=   0.10 ncon=  0 com_z=0.937 com_x=-0.156
t= 21.50 max|qacc|=      33.9 max|qvel|=   0.17 ncon=  0 com_z=0.938 com_x=-0.156
t= 22.00 max|qacc|=      66.2 max|qvel|=   0.07 ncon=  0 com_z=0.938 com_x=-0.156
t= 22.50 max|qacc|=      23.2 max|qvel|=   0.09 ncon=  0 com_z=0.938 com_x=-0.156
t= 23.00 max|qacc|=     217.1 max|qvel|=   1.16 ncon=  0 com_z=0.937 com_x=-0.156
t= 23.50 max|qacc|=      46.7 max|qvel|=   0.08 ncon=  0 com_z=0.938 com_x=-0.156
t= 24.00 max|qacc|=      81.9 max|qvel|=   0.36 ncon=  0 com_z=0.938 com_x=-0.156
t= 24.50 max|qacc|=      60.6 max|qvel|=   0.04 ncon=  0 com_z=0.937 com_x=-0.156
t= 25.00 max|qacc|=      12.9 max|qvel|=   0.15 ncon=  0 com_z=0.938 com_x=-0.156
t= 25.50 max|qacc|=      13.8 max|qvel|=   0.16 ncon=  0 com_z=0.937 com_x=-0.156
t= 26.00 max|qacc|=     147.8 max|qvel|=   0.63 ncon=  0 com_z=0.937 com_x=-0.156
t= 26.50 max|qacc|=      10.4 max|qvel|=   0.10 ncon=  0 com_z=0.938 com_x=-0.156
t= 27.00 max|qacc|=      90.2 max|qvel|=   0.28 ncon=  0 com_z=0.938 com_x=-0.156
t= 27.50 max|qacc|=      46.4 max|qvel|=   0.09 ncon=  0 com_z=0.938 com_x=-0.156
t= 28.00 max|qacc|=     185.7 max|qvel|=   0.43 ncon=  0 com_z=0.937 com_x=-0.156
t= 28.50 max|qacc|=      78.6 max|qvel|=   0.13 ncon=  0 com_z=0.938 com_x=-0.156
t= 29.00 max|qacc|=      52.2 max|qvel|=   0.10 ncon=  0 com_z=0.937 com_x=-0.156
t= 29.50 max|qacc|=      90.6 max|qvel|=   0.22 ncon=  0 com_z=0.938 com_x=-0.156
t= 30.00 max|qacc|=      61.0 max|qvel|=   0.13 ncon=  0 com_z=0.937 com_x=-0.156
t= 30.50 max|qacc|=      86.0 max|qvel|=   0.43 ncon=  0 com_z=0.938 com_x=-0.156

== summary ==
pelvis/COM height: start 0.94 m, min 0.93 m, final 0.94 m  (stayed up)
COM x: min -0.17 max -0.10 final -0.16 m
COM y: min -0.021 max +0.003 m
RG_F_r bursts during walk window: 23
RG_r: cycles in window 22, period 0.45 s (2.24 Hz), E-duty 0.49
RG_l: cycles in window 22, period 0.45 s (2.24 Hz), E-duty 0.49
peak ctrl: [1.   1.   1.   1.   0.84 1.   0.47 0.5  0.97 0.93 1.   1.   1.   1.
 0.99 1.   0.52 0.67 0.68 0.37] (('vas_lat_r', 'med_gas_r', 'soleus_r', 'tib_ant_r', 'psoas_r', 'semimem_r', 'glut_max2_r', 'rect_fem_r', 'sar_r', 'grac_r', 'vas_lat_l', 'med_gas_l', 'soleus_l', 'tib_ant_l', 'psoas_l', 'semimem_l', 'glut_max2_l', 'rect_fem_l', 'sar_l', 'grac_l'))
  hip_flexion_r         -6.4 ..    39.6 deg
  knee_angle_r         -89.7 ..    10.4 deg
  ankle_angle_r        -65.1 ..    -1.7 deg
  hip_adduction_r      -16.8 ..    21.7 deg
  subtalar_angle_r     -11.1 ..     8.8 deg
  hip_flexion_l        -23.2 ..    23.2 deg
  knee_angle_l         -87.3 ..    10.3 deg
  ankle_angle_l        -68.1 ..     9.8 deg
  hip_adduction_l      -31.5 ..    27.9 deg
  subtalar_angle_l      -0.5 ..    19.5 deg
  pelvis_tilt           -1.9 ..     0.3 deg
  pelvis_list           -0.8 ..     0.2 deg
  pelvis_rotation        2.1 ..     2.6 deg
saved spinal_run.npz
(plot skipped: 'PF_E2_r')
fitted baseline loaded: e2_pf=0.222 f1_df=0.098 f1_kf=0.148 post_kneext=0.011 post_hipext=0.068 desc_f=1.400 e2_adapt=1.700
start pose (normal): applied 20 coordinates as given; pelvis ty 0.920 m (env override unset); IMU-metric torso lean -0.0 deg (+ = back)
standing solve: nnls x in [0.00, 0.70], >0.1: 14 muscles
  top: add_long_l=0.70, tib_ant_r=0.61, tib_ant_l=0.46, ext_dig_r=0.37, glut_min1_l=0.33, pect_l=0.32, glut_min2_l=0.31, ext_dig_l=0.25
Fmax range: 5..3396 N | L range sample: [0.229942 0.326094]
t=  1.00 max|qacc|=     111.1 max|qvel|=   1.36 ncon=  0 com_z=0.938 com_x=-0.149
t=  1.50 max|qacc|=      66.9 max|qvel|=   0.52 ncon=  0 com_z=0.937 com_x=-0.157
t=  2.00 max|qacc|=     938.1 max|qvel|=   0.32 ncon=  0 com_z=0.937 com_x=-0.155
t=  2.50 max|qacc|=     473.9 max|qvel|=   0.43 ncon=  0 com_z=0.937 com_x=-0.156
t=  3.00 max|qacc|=      31.2 max|qvel|=   0.11 ncon=  0 com_z=0.937 com_x=-0.156
t=  3.50 max|qacc|=     626.1 max|qvel|=   0.66 ncon=  0 com_z=0.937 com_x=-0.155
t=  4.00 max|qacc|=      64.6 max|qvel|=   0.52 ncon=  0 com_z=0.937 com_x=-0.151
t=  4.50 max|qacc|=      37.2 max|qvel|=   0.20 ncon=  0 com_z=0.938 com_x=-0.152
t=  5.00 max|qacc|=     139.1 max|qvel|=   1.76 ncon=  0 com_z=0.963 com_x=-0.126
t=  5.50 max|qacc|=      52.3 max|qvel|=   8.67 ncon=  0 com_z=0.934 com_x=-0.102
t=  6.00 max|qacc|=      35.2 max|qvel|=  10.43 ncon=  0 com_z=0.933 com_x=-0.122
t=  6.50 max|qacc|=     100.3 max|qvel|=   7.14 ncon=  0 com_z=0.932 com_x=-0.119
t=  7.00 max|qacc|=     123.9 max|qvel|=   5.29 ncon=  0 com_z=0.934 com_x=-0.120
t=  7.50 max|qacc|=     121.6 max|qvel|=   2.35 ncon=  0 com_z=0.934 com_x=-0.128
t=  8.00 max|qacc|=     106.2 max|qvel|=   2.30 ncon=  0 com_z=0.933 com_x=-0.128
t=  8.50 max|qacc|=      62.1 max|qvel|=   4.08 ncon=  0 com_z=0.932 com_x=-0.131
t=  9.00 max|qacc|=      91.7 max|qvel|=   4.74 ncon=  0 com_z=0.931 com_x=-0.129
t=  9.50 max|qacc|=     162.3 max|qvel|=   4.48 ncon=  0 com_z=0.932 com_x=-0.127
t= 10.00 max|qacc|=     122.5 max|qvel|=   4.20 ncon=  0 com_z=0.932 com_x=-0.125
t= 10.50 max|qacc|=     154.2 max|qvel|=   5.22 ncon=  0 com_z=0.933 com_x=-0.123
t= 11.00 max|qacc|=      83.5 max|qvel|=   7.51 ncon=  0 com_z=0.934 com_x=-0.120
t= 11.50 max|qacc|=      80.6 max|qvel|=   8.70 ncon=  0 com_z=0.938 com_x=-0.118
t= 12.00 max|qacc|=     157.1 max|qvel|=   7.57 ncon=  0 com_z=0.943 com_x=-0.115
t= 12.50 max|qacc|=     181.1 max|qvel|=   4.37 ncon=  0 com_z=0.946 com_x=-0.114
t= 13.00 max|qacc|=     179.5 max|qvel|=   3.24 ncon=  0 com_z=0.946 com_x=-0.113
t= 13.50 max|qacc|=     139.1 max|qvel|=   4.68 ncon=  0 com_z=0.942 com_x=-0.113
t= 14.00 max|qacc|=      61.8 max|qvel|=   7.74 ncon=  0 com_z=0.938 com_x=-0.114
t= 14.50 max|qacc|=      44.9 max|qvel|=   9.14 ncon=  0 com_z=0.934 com_x=-0.114
t= 15.00 max|qacc|=      31.5 max|qvel|=   9.82 ncon=  0 com_z=0.932 com_x=-0.115
t= 15.50 max|qacc|=      96.5 max|qvel|=   6.91 ncon=  0 com_z=0.934 com_x=-0.121
t= 16.00 max|qacc|=      65.8 max|qvel|=   5.05 ncon=  0 com_z=0.939 com_x=-0.153
t= 16.50 max|qacc|=      52.1 max|qvel|=   3.02 ncon=  0 com_z=0.934 com_x=-0.145
t= 17.00 max|qacc|=      83.4 max|qvel|=   0.62 ncon=  0 com_z=0.939 com_x=-0.156
t= 17.50 max|qacc|=      49.3 max|qvel|=   0.35 ncon=  0 com_z=0.938 com_x=-0.157
t= 18.00 max|qacc|=      76.8 max|qvel|=   0.62 ncon=  0 com_z=0.936 com_x=-0.155
t= 18.50 max|qacc|=      29.0 max|qvel|=   0.11 ncon=  0 com_z=0.938 com_x=-0.157
t= 19.00 max|qacc|=     206.9 max|qvel|=   0.26 ncon=  0 com_z=0.937 com_x=-0.155
t= 19.50 max|qacc|=      31.0 max|qvel|=   0.24 ncon=  0 com_z=0.938 com_x=-0.156
t= 20.00 max|qacc|=      16.1 max|qvel|=   0.13 ncon=  0 com_z=0.937 com_x=-0.155
t= 20.50 max|qacc|=       8.0 max|qvel|=   0.43 ncon=  0 com_z=0.937 com_x=-0.156
t= 21.00 max|qacc|=      83.6 max|qvel|=   0.32 ncon=  0 com_z=0.938 com_x=-0.156
t= 21.50 max|qacc|=     120.8 max|qvel|=   0.23 ncon=  0 com_z=0.937 com_x=-0.156
t= 22.00 max|qacc|=      73.2 max|qvel|=   0.21 ncon=  0 com_z=0.938 com_x=-0.156
t= 22.50 max|qacc|=     380.0 max|qvel|=   1.63 ncon=  0 com_z=0.937 com_x=-0.155
t= 23.00 max|qacc|=     215.5 max|qvel|=   0.20 ncon=  0 com_z=0.938 com_x=-0.156
t= 23.50 max|qacc|=     154.6 max|qvel|=   0.52 ncon=  0 com_z=0.937 com_x=-0.155
t= 24.00 max|qacc|=     179.5 max|qvel|=   0.14 ncon=  0 com_z=0.937 com_x=-0.156
t= 24.50 max|qacc|=     121.1 max|qvel|=   0.13 ncon=  0 com_z=0.937 com_x=-0.155
t= 25.00 max|qacc|=     871.4 max|qvel|=   0.72 ncon=  0 com_z=0.938 com_x=-0.156
t= 25.50 max|qacc|=      79.5 max|qvel|=   0.10 ncon=  0 com_z=0.937 com_x=-0.156
t= 26.00 max|qacc|=     151.8 max|qvel|=   0.39 ncon=  0 com_z=0.938 com_x=-0.156
t= 26.50 max|qacc|=     278.1 max|qvel|=   0.24 ncon=  0 com_z=0.937 com_x=-0.156
t= 27.00 max|qacc|=     113.1 max|qvel|=   0.59 ncon=  0 com_z=0.937 com_x=-0.155
t= 27.50 max|qacc|=    2518.6 max|qvel|=   2.56 ncon=  0 com_z=0.938 com_x=-0.156
t= 28.00 max|qacc|=     249.3 max|qvel|=   0.88 ncon=  0 com_z=0.938 com_x=-0.155
t= 28.50 max|qacc|=      87.7 max|qvel|=   0.26 ncon=  0 com_z=0.938 com_x=-0.156
t= 29.00 max|qacc|=     991.4 max|qvel|=   0.92 ncon=  0 com_z=0.937 com_x=-0.156
t= 29.50 max|qacc|=      83.6 max|qvel|=   0.32 ncon=  0 com_z=0.937 com_x=-0.156
t= 30.00 max|qacc|=     262.7 max|qvel|=   0.63 ncon=  0 com_z=0.937 com_x=-0.155
t= 30.50 max|qacc|=     136.8 max|qvel|=   0.14 ncon=  0 com_z=0.938 com_x=-0.156

== summary ==
pelvis/COM height: start 0.94 m, min 0.93 m, final 0.94 m  (stayed up)
COM x: min -0.16 max -0.10 final -0.16 m
COM y: min -0.020 max +0.005 m
RG_F_r bursts during walk window: 19
RG_r: cycles in window 19, period 0.53 s (1.89 Hz), E-duty 0.48
RG_l: cycles in window 19, period 0.53 s (1.89 Hz), E-duty 0.48
peak ctrl: [1.   1.   1.   1.   0.84 1.   0.46 0.5  0.97 0.93 1.   1.   1.   1.
 1.   1.   0.51 0.67 0.7  0.37] (('vas_lat_r', 'med_gas_r', 'soleus_r', 'tib_ant_r', 'psoas_r', 'semimem_r', 'glut_max2_r', 'rect_fem_r', 'sar_r', 'grac_r', 'vas_lat_l', 'med_gas_l', 'soleus_l', 'tib_ant_l', 'psoas_l', 'semimem_l', 'glut_max2_l', 'rect_fem_l', 'sar_l', 'grac_l'))
  hip_flexion_r         -8.5 ..    39.2 deg
  knee_angle_r         -90.5 ..    10.4 deg
  ankle_angle_r        -65.1 ..    -1.7 deg
  hip_adduction_r      -16.2 ..    23.8 deg
  subtalar_angle_r     -10.5 ..     8.8 deg
  hip_flexion_l        -21.3 ..    23.0 deg
  knee_angle_l         -87.4 ..    10.3 deg
  ankle_angle_l        -67.9 ..     9.8 deg
  hip_adduction_l      -31.6 ..    29.5 deg
  subtalar_angle_l      -0.8 ..    16.1 deg
  pelvis_tilt           -1.9 ..     0.4 deg
  pelvis_list           -0.9 ..     0.2 deg
  pelvis_rotation        2.1 ..     2.6 deg
saved spinal_run.npz
(plot skipped: 'PF_E2_r')
fitted baseline loaded: e2_pf=0.222 f1_df=0.098 f1_kf=0.148 post_kneext=0.011 post_hipext=0.068 desc_f=1.400 e2_adapt=1.700
start pose (normal): applied 20 coordinates as given; pelvis ty 0.920 m (env override unset); IMU-metric torso lean -0.0 deg (+ = back)
standing solve: nnls x in [0.00, 0.70], >0.1: 14 muscles
  top: add_long_l=0.70, tib_ant_r=0.61, tib_ant_l=0.46, ext_dig_r=0.37, glut_min1_l=0.33, pect_l=0.32, glut_min2_l=0.31, ext_dig_l=0.25
Fmax range: 5..3396 N | L range sample: [0.229942 0.326094]
t=  1.00 max|qacc|=     140.6 max|qvel|=   1.11 ncon=  0 com_z=0.938 com_x=-0.148
t=  1.50 max|qacc|=     209.9 max|qvel|=   0.40 ncon=  0 com_z=0.937 com_x=-0.156
t=  2.00 max|qacc|=      94.5 max|qvel|=   0.47 ncon=  0 com_z=0.937 com_x=-0.154
t=  2.50 max|qacc|=      30.3 max|qvel|=   0.37 ncon=  0 com_z=0.937 com_x=-0.155
t=  3.00 max|qacc|=     139.6 max|qvel|=   0.38 ncon=  0 com_z=0.937 com_x=-0.155
t=  3.50 max|qacc|=      49.5 max|qvel|=   0.28 ncon=  0 com_z=0.937 com_x=-0.154
t=  4.00 max|qacc|=     155.1 max|qvel|=   0.13 ncon=  0 com_z=0.937 com_x=-0.150
t=  4.50 max|qacc|=      71.6 max|qvel|=   2.14 ncon=  0 com_z=0.937 com_x=-0.149
t=  5.00 max|qacc|=     126.6 max|qvel|=   4.77 ncon=  0 com_z=0.935 com_x=-0.137
t=  5.50 max|qacc|=      56.6 max|qvel|=   5.63 ncon=  0 com_z=0.930 com_x=-0.112
t=  6.00 max|qacc|=     172.4 max|qvel|=   6.32 ncon=  0 com_z=0.940 com_x=-0.114
t=  6.50 max|qacc|=      67.6 max|qvel|=   5.27 ncon=  0 com_z=0.933 com_x=-0.110
t=  7.00 max|qacc|=     170.4 max|qvel|=   6.22 ncon=  0 com_z=0.939 com_x=-0.113
t=  7.50 max|qacc|=      67.4 max|qvel|=   5.30 ncon=  0 com_z=0.934 com_x=-0.111
t=  8.00 max|qacc|=     170.4 max|qvel|=   6.20 ncon=  0 com_z=0.939 com_x=-0.112
t=  8.50 max|qacc|=      67.3 max|qvel|=   5.29 ncon=  0 com_z=0.934 com_x=-0.111
t=  9.00 max|qacc|=     170.5 max|qvel|=   6.19 ncon=  0 com_z=0.939 com_x=-0.112
t=  9.50 max|qacc|=      67.3 max|qvel|=   5.29 ncon=  0 com_z=0.934 com_x=-0.111
t= 10.00 max|qacc|=     170.5 max|qvel|=   6.19 ncon=  0 com_z=0.939 com_x=-0.112
t= 10.50 max|qacc|=      67.3 max|qvel|=   5.29 ncon=  0 com_z=0.934 com_x=-0.111
t= 11.00 max|qacc|=     170.5 max|qvel|=   6.19 ncon=  0 com_z=0.939 com_x=-0.112
t= 11.50 max|qacc|=      67.3 max|qvel|=   5.29 ncon=  0 com_z=0.934 com_x=-0.111
t= 12.00 max|qacc|=     170.5 max|qvel|=   6.19 ncon=  0 com_z=0.939 com_x=-0.112
t= 12.50 max|qacc|=      67.3 max|qvel|=   5.29 ncon=  0 com_z=0.934 com_x=-0.111
t= 13.00 max|qacc|=     170.5 max|qvel|=   6.19 ncon=  0 com_z=0.939 com_x=-0.112
t= 13.50 max|qacc|=      67.4 max|qvel|=   5.29 ncon=  0 com_z=0.934 com_x=-0.111
t= 14.00 max|qacc|=     170.5 max|qvel|=   6.19 ncon=  0 com_z=0.939 com_x=-0.112
t= 14.50 max|qacc|=      67.4 max|qvel|=   5.29 ncon=  0 com_z=0.934 com_x=-0.111
t= 15.00 max|qacc|=     170.6 max|qvel|=   6.19 ncon=  0 com_z=0.939 com_x=-0.112
t= 15.50 max|qacc|=     114.3 max|qvel|=   3.33 ncon=  0 com_z=0.934 com_x=-0.116
t= 16.00 max|qacc|=      49.3 max|qvel|=   4.86 ncon=  0 com_z=0.937 com_x=-0.140
t= 16.50 max|qacc|=     162.5 max|qvel|=   2.88 ncon=  0 com_z=0.937 com_x=-0.154
t= 17.00 max|qacc|=       6.9 max|qvel|=   0.29 ncon=  0 com_z=0.937 com_x=-0.152
t= 17.50 max|qacc|=      16.6 max|qvel|=   0.35 ncon=  0 com_z=0.939 com_x=-0.157
t= 18.00 max|qacc|=      37.2 max|qvel|=   0.22 ncon=  0 com_z=0.936 com_x=-0.154
t= 18.50 max|qacc|=     282.1 max|qvel|=   0.25 ncon=  0 com_z=0.938 com_x=-0.156
t= 19.00 max|qacc|=      21.2 max|qvel|=   0.15 ncon=  0 com_z=0.937 com_x=-0.154
t= 19.50 max|qacc|=      69.3 max|qvel|=   0.29 ncon=  0 com_z=0.938 com_x=-0.155
t= 20.00 max|qacc|=     144.0 max|qvel|=   0.12 ncon=  0 com_z=0.937 com_x=-0.155
t= 20.50 max|qacc|=      36.4 max|qvel|=   0.29 ncon=  0 com_z=0.937 com_x=-0.155
t= 21.00 max|qacc|=      99.1 max|qvel|=   0.71 ncon=  0 com_z=0.937 com_x=-0.155
t= 21.50 max|qacc|=     158.6 max|qvel|=   0.15 ncon=  0 com_z=0.937 com_x=-0.155
t= 22.00 max|qacc|=     153.4 max|qvel|=   0.71 ncon=  0 com_z=0.937 com_x=-0.155
t= 22.50 max|qacc|=      48.6 max|qvel|=   0.27 ncon=  0 com_z=0.937 com_x=-0.155
t= 23.00 max|qacc|=      14.5 max|qvel|=   0.14 ncon=  0 com_z=0.937 com_x=-0.155
t= 23.50 max|qacc|=      98.5 max|qvel|=   0.39 ncon=  0 com_z=0.937 com_x=-0.155
t= 24.00 max|qacc|=     107.8 max|qvel|=   0.82 ncon=  0 com_z=0.937 com_x=-0.155
t= 24.50 max|qacc|=      30.8 max|qvel|=   0.32 ncon=  0 com_z=0.937 com_x=-0.155
t= 25.00 max|qacc|=      88.7 max|qvel|=   0.28 ncon=  0 com_z=0.937 com_x=-0.155
t= 25.50 max|qacc|=      78.5 max|qvel|=   0.53 ncon=  0 com_z=0.937 com_x=-0.155
t= 26.00 max|qacc|=      44.9 max|qvel|=   0.08 ncon=  0 com_z=0.937 com_x=-0.155
t= 26.50 max|qacc|=      28.5 max|qvel|=   0.11 ncon=  0 com_z=0.937 com_x=-0.155
t= 27.00 max|qacc|=     110.6 max|qvel|=   0.26 ncon=  0 com_z=0.937 com_x=-0.155
t= 27.50 max|qacc|=     119.4 max|qvel|=   0.08 ncon=  0 com_z=0.937 com_x=-0.155
t= 28.00 max|qacc|=     479.0 max|qvel|=   2.42 ncon=  0 com_z=0.937 com_x=-0.155
t= 28.50 max|qacc|=      45.0 max|qvel|=   0.34 ncon=  0 com_z=0.937 com_x=-0.155
t= 29.00 max|qacc|=     301.8 max|qvel|=   0.27 ncon=  0 com_z=0.937 com_x=-0.155
t= 29.50 max|qacc|=     359.8 max|qvel|=   1.23 ncon=  0 com_z=0.937 com_x=-0.155
t= 30.00 max|qacc|=     144.3 max|qvel|=   0.26 ncon=  0 com_z=0.937 com_x=-0.155
t= 30.50 max|qacc|=     164.2 max|qvel|=   0.73 ncon=  0 com_z=0.937 com_x=-0.155

== summary ==
pelvis/COM height: start 0.94 m, min 0.93 m, final 0.94 m  (stayed up)
COM x: min -0.16 max -0.11 final -0.15 m
COM y: min -0.023 max +0.003 m
RG_F_r bursts during walk window: 30
RG_r: cycles in window 30, period 0.33 s (2.99 Hz), E-duty 0.49
RG_l: cycles in window 30, period 0.33 s (2.99 Hz), E-duty 0.49
peak ctrl: [1.   1.   1.   1.   0.84 1.   0.43 0.5  0.97 0.93 1.   1.   1.   1.
 0.99 1.   0.49 0.67 0.68 0.37] (('vas_lat_r', 'med_gas_r', 'soleus_r', 'tib_ant_r', 'psoas_r', 'semimem_r', 'glut_max2_r', 'rect_fem_r', 'sar_r', 'grac_r', 'vas_lat_l', 'med_gas_l', 'soleus_l', 'tib_ant_l', 'psoas_l', 'semimem_l', 'glut_max2_l', 'rect_fem_l', 'sar_l', 'grac_l'))
  hip_flexion_r         -1.4 ..    36.3 deg
  knee_angle_r         -85.1 ..    10.3 deg
  ankle_angle_r        -65.2 ..    -1.7 deg
  hip_adduction_r       -9.2 ..    17.5 deg
  subtalar_angle_r     -10.7 ..     8.4 deg
  hip_flexion_l        -25.4 ..    22.2 deg
  knee_angle_l         -92.8 ..    10.3 deg
  ankle_angle_l        -68.1 ..     9.8 deg
  hip_adduction_l      -27.4 ..    23.1 deg
  subtalar_angle_l      -0.4 ..    12.6 deg
  pelvis_tilt           -1.9 ..     0.3 deg
  pelvis_list           -0.8 ..     0.0 deg
  pelvis_rotation        2.2 ..     2.6 deg
saved spinal_run.npz
(plot skipped: 'PF_E2_r')
fitted baseline loaded: e2_pf=0.222 f1_df=0.098 f1_kf=0.148 post_kneext=0.011 post_hipext=0.068 desc_f=1.400 e2_adapt=1.700
start pose (normal): applied 20 coordinates as given; pelvis ty 0.920 m (env override unset); IMU-metric torso lean -0.0 deg (+ = back)
standing solve: nnls x in [0.00, 0.70], >0.1: 14 muscles
  top: add_long_l=0.70, tib_ant_r=0.61, tib_ant_l=0.46, ext_dig_r=0.37, glut_min1_l=0.33, pect_l=0.32, glut_min2_l=0.31, ext_dig_l=0.25
Fmax range: 5..3396 N | L range sample: [0.229942 0.326094]
t=  1.00 max|qacc|=     119.4 max|qvel|=   1.25 ncon=  0 com_z=0.938 com_x=-0.149
t=  1.50 max|qacc|=      37.8 max|qvel|=   0.41 ncon=  0 com_z=0.937 com_x=-0.156
t=  2.00 max|qacc|=     134.3 max|qvel|=   0.37 ncon=  0 com_z=0.937 com_x=-0.154
t=  2.50 max|qacc|=      11.1 max|qvel|=   0.56 ncon=  0 com_z=0.937 com_x=-0.155
t=  3.00 max|qacc|=      72.8 max|qvel|=   0.40 ncon=  0 com_z=0.937 com_x=-0.155
t=  3.50 max|qacc|=     402.7 max|qvel|=   0.52 ncon=  0 com_z=0.937 com_x=-0.154
t=  4.00 max|qacc|=     217.2 max|qvel|=   0.77 ncon=  0 com_z=0.937 com_x=-0.151
t=  4.50 max|qacc|=      96.1 max|qvel|=   5.95 ncon=  0 com_z=0.933 com_x=-0.145
t=  5.00 max|qacc|=      78.6 max|qvel|=   4.45 ncon=  0 com_z=0.935 com_x=-0.142
t=  5.50 max|qacc|=      58.3 max|qvel|=   5.65 ncon=  0 com_z=0.933 com_x=-0.115
t=  6.00 max|qacc|=     146.0 max|qvel|=   4.27 ncon=  0 com_z=0.946 com_x=-0.117
t=  6.50 max|qacc|=     117.4 max|qvel|=   1.60 ncon=  0 com_z=0.935 com_x=-0.113
t=  7.00 max|qacc|=     149.8 max|qvel|=   2.99 ncon=  0 com_z=0.945 com_x=-0.116
t=  7.50 max|qacc|=     109.9 max|qvel|=   2.80 ncon=  0 com_z=0.936 com_x=-0.115
t=  8.00 max|qacc|=      61.9 max|qvel|=   5.21 ncon=  0 com_z=0.941 com_x=-0.116
t=  8.50 max|qacc|=      53.6 max|qvel|=   5.71 ncon=  0 com_z=0.938 com_x=-0.116
t=  9.00 max|qacc|=      77.6 max|qvel|=   6.46 ncon=  0 com_z=0.938 com_x=-0.115
t=  9.50 max|qacc|=     144.6 max|qvel|=   6.56 ncon=  0 com_z=0.941 com_x=-0.116
t= 10.00 max|qacc|=      58.6 max|qvel|=   5.47 ncon=  0 com_z=0.936 com_x=-0.115
t= 10.50 max|qacc|=     162.8 max|qvel|=   4.88 ncon=  0 com_z=0.945 com_x=-0.116
t= 11.00 max|qacc|=     113.0 max|qvel|=   2.22 ncon=  0 com_z=0.935 com_x=-0.115
t= 11.50 max|qacc|=     158.8 max|qvel|=   3.12 ncon=  0 com_z=0.945 com_x=-0.116
t= 12.00 max|qacc|=     116.9 max|qvel|=   2.07 ncon=  0 com_z=0.936 com_x=-0.115
t= 12.50 max|qacc|=      78.6 max|qvel|=   4.68 ncon=  0 com_z=0.942 com_x=-0.116
t= 13.00 max|qacc|=      67.7 max|qvel|=   5.36 ncon=  0 com_z=0.937 com_x=-0.116
t= 13.50 max|qacc|=      73.6 max|qvel|=   6.43 ncon=  0 com_z=0.938 com_x=-0.115
t= 14.00 max|qacc|=     118.5 max|qvel|=   6.55 ncon=  0 com_z=0.940 com_x=-0.116
t= 14.50 max|qacc|=      45.9 max|qvel|=   5.83 ncon=  0 com_z=0.936 com_x=-0.115
t= 15.00 max|qacc|=     187.7 max|qvel|=   5.46 ncon=  0 com_z=0.944 com_x=-0.116
t= 15.50 max|qacc|=     115.9 max|qvel|=   2.36 ncon=  0 com_z=0.935 com_x=-0.120
t= 16.00 max|qacc|=      79.5 max|qvel|=   5.19 ncon=  0 com_z=0.937 com_x=-0.143
t= 16.50 max|qacc|=     307.4 max|qvel|=   2.62 ncon=  0 com_z=0.935 com_x=-0.147
t= 17.00 max|qacc|=      50.0 max|qvel|=   0.48 ncon=  0 com_z=0.938 com_x=-0.155
t= 17.50 max|qacc|=     221.1 max|qvel|=   0.38 ncon=  0 com_z=0.938 com_x=-0.156
t= 18.00 max|qacc|=      64.0 max|qvel|=   0.17 ncon=  0 com_z=0.937 com_x=-0.155
t= 18.50 max|qacc|=      13.9 max|qvel|=   0.13 ncon=  0 com_z=0.938 com_x=-0.156
t= 19.00 max|qacc|=       5.8 max|qvel|=   0.13 ncon=  0 com_z=0.937 com_x=-0.155
t= 19.50 max|qacc|=      20.0 max|qvel|=   0.09 ncon=  0 com_z=0.938 com_x=-0.156
t= 20.00 max|qacc|=     340.8 max|qvel|=   0.42 ncon=  0 com_z=0.937 com_x=-0.155
t= 20.50 max|qacc|=      16.3 max|qvel|=   0.12 ncon=  0 com_z=0.937 com_x=-0.155
t= 21.00 max|qacc|=      61.8 max|qvel|=   0.26 ncon=  0 com_z=0.937 com_x=-0.155
t= 21.50 max|qacc|=      19.4 max|qvel|=   0.12 ncon=  0 com_z=0.937 com_x=-0.155
t= 22.00 max|qacc|=     158.6 max|qvel|=   0.72 ncon=  0 com_z=0.937 com_x=-0.155
t= 22.50 max|qacc|=      45.1 max|qvel|=   0.13 ncon=  0 com_z=0.937 com_x=-0.155
t= 23.00 max|qacc|=      21.9 max|qvel|=   0.16 ncon=  0 com_z=0.937 com_x=-0.155
t= 23.50 max|qacc|=      15.4 max|qvel|=   0.09 ncon=  0 com_z=0.937 com_x=-0.155
t= 24.00 max|qacc|=     347.6 max|qvel|=   1.09 ncon=  0 com_z=0.937 com_x=-0.155
t= 24.50 max|qacc|=      45.7 max|qvel|=   0.10 ncon=  0 com_z=0.937 com_x=-0.155
t= 25.00 max|qacc|=     316.4 max|qvel|=   1.44 ncon=  0 com_z=0.937 com_x=-0.155
t= 25.50 max|qacc|=      36.7 max|qvel|=   0.06 ncon=  0 com_z=0.937 com_x=-0.155
t= 26.00 max|qacc|=      14.8 max|qvel|=   0.11 ncon=  0 com_z=0.937 com_x=-0.155
t= 26.50 max|qacc|=     252.8 max|qvel|=   0.32 ncon=  0 com_z=0.938 com_x=-0.155
t= 27.00 max|qacc|=     504.6 max|qvel|=   3.89 ncon=  0 com_z=0.937 com_x=-0.155
t= 27.50 max|qacc|=      20.1 max|qvel|=   0.14 ncon=  0 com_z=0.937 com_x=-0.155
t= 28.00 max|qacc|=     159.3 max|qvel|=   0.10 ncon=  0 com_z=0.937 com_x=-0.155
t= 28.50 max|qacc|=      41.5 max|qvel|=   0.14 ncon=  0 com_z=0.938 com_x=-0.155
t= 29.00 max|qacc|=       7.7 max|qvel|=   0.11 ncon=  0 com_z=0.937 com_x=-0.155
t= 29.50 max|qacc|=      18.5 max|qvel|=   0.11 ncon=  0 com_z=0.938 com_x=-0.155
t= 30.00 max|qacc|=      29.2 max|qvel|=   0.12 ncon=  0 com_z=0.937 com_x=-0.155
t= 30.50 max|qacc|=      23.4 max|qvel|=   0.16 ncon=  0 com_z=0.937 com_x=-0.155

== summary ==
pelvis/COM height: start 0.94 m, min 0.93 m, final 0.94 m  (stayed up)
COM x: min -0.16 max -0.11 final -0.16 m
COM y: min -0.020 max +0.001 m
RG_F_r bursts during walk window: 29
RG_r: cycles in window 29, period 0.35 s (2.89 Hz), E-duty 0.47
RG_l: cycles in window 29, period 0.35 s (2.89 Hz), E-duty 0.47
peak ctrl: [1.   1.   1.   1.   0.83 1.   0.47 0.5  0.97 0.93 1.   1.   1.   1.
 0.99 1.   0.52 0.67 0.67 0.37] (('vas_lat_r', 'med_gas_r', 'soleus_r', 'tib_ant_r', 'psoas_r', 'semimem_r', 'glut_max2_r', 'rect_fem_r', 'sar_r', 'grac_r', 'vas_lat_l', 'med_gas_l', 'soleus_l', 'tib_ant_l', 'psoas_l', 'semimem_l', 'glut_max2_l', 'rect_fem_l', 'sar_l', 'grac_l'))
  hip_flexion_r         -4.6 ..    37.6 deg
  knee_angle_r         -88.0 ..    10.3 deg
  ankle_angle_r        -65.1 ..    -1.7 deg
  hip_adduction_r      -14.3 ..    18.0 deg
  subtalar_angle_r     -11.1 ..     8.6 deg
  hip_flexion_l        -23.3 ..    23.2 deg
  knee_angle_l         -92.8 ..    10.3 deg
  ankle_angle_l        -67.9 ..     9.8 deg
  hip_adduction_l      -29.6 ..    24.2 deg
  subtalar_angle_l      -0.4 ..    15.3 deg
  pelvis_tilt           -1.9 ..     0.5 deg
  pelvis_list           -0.7 ..     0.0 deg
  pelvis_rotation        2.2 ..     2.6 deg
saved spinal_run.npz
(plot skipped: 'PF_E2_r')
fitted baseline loaded: e2_pf=0.222 f1_df=0.098 f1_kf=0.148 post_kneext=0.011 post_hipext=0.068 desc_f=1.400 e2_adapt=1.700
start pose (normal): applied 20 coordinates as given; pelvis ty 0.920 m (env override unset); IMU-metric torso lean -0.0 deg (+ = back)
standing solve: nnls x in [0.00, 0.70], >0.1: 14 muscles
  top: add_long_l=0.70, tib_ant_r=0.61, tib_ant_l=0.46, ext_dig_r=0.37, glut_min1_l=0.33, pect_l=0.32, glut_min2_l=0.31, ext_dig_l=0.25
Fmax range: 5..3396 N | L range sample: [0.229942 0.326094]
t=  1.00 max|qacc|=     273.8 max|qvel|=   1.65 ncon=  0 com_z=0.938 com_x=-0.149
t=  1.50 max|qacc|=     150.9 max|qvel|=   0.47 ncon=  0 com_z=0.937 com_x=-0.156
t=  2.00 max|qacc|=     108.3 max|qvel|=   0.35 ncon=  0 com_z=0.937 com_x=-0.155
t=  2.50 max|qacc|=      53.7 max|qvel|=   0.08 ncon=  0 com_z=0.938 com_x=-0.156
t=  3.00 max|qacc|=       7.9 max|qvel|=   0.08 ncon=  0 com_z=0.937 com_x=-0.156
t=  3.50 max|qacc|=      12.1 max|qvel|=   0.12 ncon=  0 com_z=0.937 com_x=-0.155
t=  4.00 max|qacc|=      22.4 max|qvel|=   0.26 ncon=  0 com_z=0.937 com_x=-0.151
t=  4.50 max|qacc|=      58.5 max|qvel|=   1.96 ncon=  0 com_z=0.936 com_x=-0.148
t=  5.00 max|qacc|=     120.9 max|qvel|=   7.28 ncon=  0 com_z=0.939 com_x=-0.137
t=  5.50 max|qacc|=      80.2 max|qvel|=   3.47 ncon=  0 com_z=0.928 com_x=-0.107
t=  6.00 max|qacc|=     174.8 max|qvel|=   6.31 ncon=  0 com_z=0.938 com_x=-0.110
t=  6.50 max|qacc|=      37.9 max|qvel|=   5.36 ncon=  0 com_z=0.936 com_x=-0.089
t=  7.00 max|qacc|=      24.1 max|qvel|=   1.54 ncon=  0 com_z=0.943 com_x=-0.157
t=  7.50 max|qacc|=      96.8 max|qvel|=   0.64 ncon=  0 com_z=0.934 com_x=-0.145
t=  8.00 max|qacc|=     117.9 max|qvel|=   0.41 ncon=  0 com_z=0.938 com_x=-0.152
t=  8.50 max|qacc|=      48.2 max|qvel|=   0.47 ncon=  0 com_z=0.936 com_x=-0.148
t=  9.00 max|qacc|=      31.4 max|qvel|=   0.15 ncon=  0 com_z=0.937 com_x=-0.150
t=  9.50 max|qacc|=      13.7 max|qvel|=   0.09 ncon=  0 com_z=0.937 com_x=-0.149
t= 10.00 max|qacc|=      30.6 max|qvel|=   0.13 ncon=  0 com_z=0.937 com_x=-0.149
t= 10.50 max|qacc|=      50.2 max|qvel|=   0.07 ncon=  0 com_z=0.937 com_x=-0.149
t= 11.00 max|qacc|=      14.8 max|qvel|=   0.11 ncon=  0 com_z=0.937 com_x=-0.149
t= 11.50 max|qacc|=      63.6 max|qvel|=   0.26 ncon=  0 com_z=0.937 com_x=-0.149
t= 12.00 max|qacc|=      35.9 max|qvel|=   0.09 ncon=  0 com_z=0.937 com_x=-0.149
t= 12.50 max|qacc|=      25.2 max|qvel|=   0.14 ncon=  0 com_z=0.937 com_x=-0.149
t= 13.00 max|qacc|=      34.8 max|qvel|=   0.28 ncon=  0 com_z=0.936 com_x=-0.149
t= 13.50 max|qacc|=      32.8 max|qvel|=   0.34 ncon=  0 com_z=0.937 com_x=-0.149
t= 14.00 max|qacc|=      61.7 max|qvel|=   0.36 ncon=  0 com_z=0.937 com_x=-0.149
t= 14.50 max|qacc|=      80.9 max|qvel|=   0.43 ncon=  0 com_z=0.936 com_x=-0.149
t= 15.00 max|qacc|=      75.8 max|qvel|=   0.05 ncon=  0 com_z=0.937 com_x=-0.149
t= 15.50 max|qacc|=      38.3 max|qvel|=   0.16 ncon=  0 com_z=0.936 com_x=-0.149
t= 16.00 max|qacc|=       5.1 max|qvel|=   0.09 ncon=  0 com_z=0.936 com_x=-0.148
t= 16.50 max|qacc|=     107.1 max|qvel|=   0.09 ncon=  0 com_z=0.936 com_x=-0.148
t= 17.00 max|qacc|=      78.2 max|qvel|=   0.18 ncon=  0 com_z=0.936 com_x=-0.150
t= 17.50 max|qacc|=      39.7 max|qvel|=   0.06 ncon=  0 com_z=0.937 com_x=-0.153
t= 18.00 max|qacc|=      17.6 max|qvel|=   0.23 ncon=  0 com_z=0.936 com_x=-0.152
t= 18.50 max|qacc|=      30.1 max|qvel|=   0.21 ncon=  0 com_z=0.936 com_x=-0.153
t= 19.00 max|qacc|=      46.4 max|qvel|=   0.34 ncon=  0 com_z=0.937 com_x=-0.152
t= 19.50 max|qacc|=      43.9 max|qvel|=   0.35 ncon=  0 com_z=0.936 com_x=-0.152
t= 20.00 max|qacc|=      79.5 max|qvel|=   0.17 ncon=  0 com_z=0.936 com_x=-0.152
t= 20.50 max|qacc|=      38.0 max|qvel|=   0.12 ncon=  0 com_z=0.936 com_x=-0.152
t= 21.00 max|qacc|=       9.2 max|qvel|=   0.04 ncon=  0 com_z=0.937 com_x=-0.152
t= 21.50 max|qacc|=      25.4 max|qvel|=   0.29 ncon=  0 com_z=0.936 com_x=-0.152
t= 22.00 max|qacc|=     114.6 max|qvel|=   0.69 ncon=  0 com_z=0.936 com_x=-0.152
t= 22.50 max|qacc|=     165.5 max|qvel|=   0.41 ncon=  0 com_z=0.936 com_x=-0.152
t= 23.00 max|qacc|=      51.3 max|qvel|=   0.22 ncon=  0 com_z=0.936 com_x=-0.152
t= 23.50 max|qacc|=      98.0 max|qvel|=   0.13 ncon=  0 com_z=0.936 com_x=-0.152
t= 24.00 max|qacc|=     474.6 max|qvel|=   0.67 ncon=  0 com_z=0.936 com_x=-0.152
t= 24.50 max|qacc|=     184.4 max|qvel|=   0.29 ncon=  0 com_z=0.936 com_x=-0.152
t= 25.00 max|qacc|=     245.4 max|qvel|=   1.06 ncon=  0 com_z=0.936 com_x=-0.152
t= 25.50 max|qacc|=      22.7 max|qvel|=   0.08 ncon=  0 com_z=0.936 com_x=-0.152
t= 26.00 max|qacc|=      54.7 max|qvel|=   0.21 ncon=  0 com_z=0.937 com_x=-0.152
t= 26.50 max|qacc|=     151.6 max|qvel|=   0.65 ncon=  0 com_z=0.936 com_x=-0.152
t= 27.00 max|qacc|=     138.7 max|qvel|=   0.72 ncon=  0 com_z=0.936 com_x=-0.152
t= 27.50 max|qacc|=     112.8 max|qvel|=   0.63 ncon=  0 com_z=0.936 com_x=-0.152
t= 28.00 max|qacc|=     181.8 max|qvel|=   0.42 ncon=  0 com_z=0.936 com_x=-0.152
t= 28.50 max|qacc|=     223.0 max|qvel|=   0.11 ncon=  0 com_z=0.936 com_x=-0.152
t= 29.00 max|qacc|=      10.7 max|qvel|=   0.05 ncon=  0 com_z=0.937 com_x=-0.152
t= 29.50 max|qacc|=      39.3 max|qvel|=   0.22 ncon=  0 com_z=0.936 com_x=-0.152
t= 30.00 max|qacc|=      49.1 max|qvel|=   0.09 ncon=  0 com_z=0.937 com_x=-0.152
t= 30.50 max|qacc|=    1124.8 max|qvel|=   0.82 ncon=  0 com_z=0.936 com_x=-0.152

== summary ==
pelvis/COM height: start 0.94 m, min 0.93 m, final 0.94 m  (stayed up)
COM x: min -0.16 max -0.09 final -0.15 m
COM y: min -0.022 max +0.005 m
RG_F_r bursts during walk window: 4
RG_r: cycles in window 4, period 0.35 s (2.86 Hz), E-duty 0.06
RG_l: cycles in window 4, period 0.35 s (2.86 Hz), E-duty 0.06
peak ctrl: [1.   1.   1.   1.   0.87 1.   0.42 0.5  0.99 0.93 1.   1.   1.   1.
 1.   1.   0.48 0.67 0.73 0.37] (('vas_lat_r', 'med_gas_r', 'soleus_r', 'tib_ant_r', 'psoas_r', 'semimem_r', 'glut_max2_r', 'rect_fem_r', 'sar_r', 'grac_r', 'vas_lat_l', 'med_gas_l', 'soleus_l', 'tib_ant_l', 'psoas_l', 'semimem_l', 'glut_max2_l', 'rect_fem_l', 'sar_l', 'grac_l'))
  hip_flexion_r         -5.0 ..    34.3 deg
  knee_angle_r         -90.2 ..    10.3 deg
  ankle_angle_r        -66.0 ..    -1.7 deg
  hip_adduction_r      -11.0 ..    22.3 deg
  subtalar_angle_r     -11.0 ..     8.5 deg
  hip_flexion_l        -36.0 ..    27.5 deg
  knee_angle_l         -90.8 ..    10.4 deg
  ankle_angle_l        -68.0 ..     9.8 deg
  hip_adduction_l      -29.5 ..    22.3 deg
  subtalar_angle_l      -0.6 ..    13.2 deg
  pelvis_tilt           -1.9 ..     0.2 deg
  pelvis_list           -0.7 ..     0.1 deg
  pelvis_rotation        2.2 ..     2.7 deg
saved spinal_run.npz
(plot skipped: 'PF_E2_r')
fitted baseline loaded: e2_pf=0.222 f1_df=0.098 f1_kf=0.148 post_kneext=0.011 post_hipext=0.068 desc_f=1.400 e2_adapt=1.700
start pose (normal): applied 20 coordinates as given; pelvis ty 0.920 m (env override unset); IMU-metric torso lean -0.0 deg (+ = back)
standing solve: nnls x in [0.00, 0.70], >0.1: 14 muscles
  top: add_long_l=0.70, tib_ant_r=0.61, tib_ant_l=0.46, ext_dig_r=0.37, glut_min1_l=0.33, pect_l=0.32, glut_min2_l=0.31, ext_dig_l=0.25
Fmax range: 5..3396 N | L range sample: [0.229942 0.326094]
t=  1.00 max|qacc|=      70.6 max|qvel|=   1.16 ncon=  0 com_z=0.938 com_x=-0.149
t=  1.50 max|qacc|=      25.6 max|qvel|=   0.41 ncon=  0 com_z=0.937 com_x=-0.156
t=  2.00 max|qacc|=      47.8 max|qvel|=   0.35 ncon=  0 com_z=0.937 com_x=-0.154
t=  2.50 max|qacc|=      89.9 max|qvel|=   0.21 ncon=  0 com_z=0.937 com_x=-0.156
t=  3.00 max|qacc|=      34.8 max|qvel|=   0.31 ncon=  0 com_z=0.937 com_x=-0.155
t=  3.50 max|qacc|=     182.9 max|qvel|=   1.83 ncon=  0 com_z=0.937 com_x=-0.155
t=  4.00 max|qacc|=      35.8 max|qvel|=   0.09 ncon=  0 com_z=0.937 com_x=-0.151
t=  4.50 max|qacc|=      98.9 max|qvel|=   7.03 ncon=  0 com_z=0.932 com_x=-0.141
t=  5.00 max|qacc|=     119.2 max|qvel|=   2.64 ncon=  0 com_z=0.935 com_x=-0.134
t=  5.50 max|qacc|=     133.0 max|qvel|=   3.55 ncon=  0 com_z=0.938 com_x=-0.108
t=  6.00 max|qacc|=      40.9 max|qvel|=   2.47 ncon=  0 com_z=0.947 com_x=-0.099
t=  6.50 max|qacc|=       5.9 max|qvel|=   1.02 ncon=  0 com_z=0.951 com_x=-0.145
t=  7.00 max|qacc|=       4.0 max|qvel|=   0.39 ncon=  0 com_z=0.949 com_x=-0.134
t=  7.50 max|qacc|=       1.6 max|qvel|=   0.19 ncon=  0 com_z=0.949 com_x=-0.137
t=  8.00 max|qacc|=       1.5 max|qvel|=   0.10 ncon=  0 com_z=0.950 com_x=-0.134
t=  8.50 max|qacc|=       2.1 max|qvel|=   0.22 ncon=  0 com_z=0.949 com_x=-0.136
t=  9.00 max|qacc|=       1.0 max|qvel|=   0.31 ncon=  0 com_z=0.949 com_x=-0.134
t=  9.50 max|qacc|=       3.6 max|qvel|=   0.08 ncon=  0 com_z=0.950 com_x=-0.135
t= 10.00 max|qacc|=       1.4 max|qvel|=   0.25 ncon=  0 com_z=0.949 com_x=-0.136
t= 10.50 max|qacc|=       1.2 max|qvel|=   0.31 ncon=  0 com_z=0.949 com_x=-0.133
t= 11.00 max|qacc|=       2.1 max|qvel|=   0.13 ncon=  0 com_z=0.950 com_x=-0.134
t= 11.50 max|qacc|=       2.6 max|qvel|=   0.19 ncon=  0 com_z=0.949 com_x=-0.135
t= 12.00 max|qacc|=       1.4 max|qvel|=   0.29 ncon=  0 com_z=0.949 com_x=-0.135
t= 12.50 max|qacc|=       2.6 max|qvel|=   0.14 ncon=  0 com_z=0.950 com_x=-0.134
t= 13.00 max|qacc|=       2.5 max|qvel|=   0.19 ncon=  0 com_z=0.949 com_x=-0.135
t= 13.50 max|qacc|=       1.3 max|qvel|=   0.34 ncon=  0 com_z=0.949 com_x=-0.134
t= 14.00 max|qacc|=       2.6 max|qvel|=   0.21 ncon=  0 com_z=0.950 com_x=-0.134
t= 14.50 max|qacc|=       3.5 max|qvel|=   0.15 ncon=  0 com_z=0.949 com_x=-0.136
t= 15.00 max|qacc|=       2.0 max|qvel|=   0.32 ncon=  0 com_z=0.950 com_x=-0.134
t= 15.50 max|qacc|=       2.6 max|qvel|=   0.32 ncon=  0 com_z=0.950 com_x=-0.136
t= 16.00 max|qacc|=       2.5 max|qvel|=   0.41 ncon=  0 com_z=0.950 com_x=-0.136
t= 16.50 max|qacc|=       3.0 max|qvel|=   0.71 ncon=  0 com_z=0.951 com_x=-0.136
t= 17.00 max|qacc|=       1.4 max|qvel|=   0.78 ncon=  0 com_z=0.952 com_x=-0.140
t= 17.50 max|qacc|=       1.9 max|qvel|=   0.28 ncon=  0 com_z=0.952 com_x=-0.142
t= 18.00 max|qacc|=       3.0 max|qvel|=   0.10 ncon=  0 com_z=0.953 com_x=-0.140
t= 18.50 max|qacc|=       1.7 max|qvel|=   0.29 ncon=  0 com_z=0.952 com_x=-0.142
t= 19.00 max|qacc|=       1.4 max|qvel|=   0.30 ncon=  0 com_z=0.952 com_x=-0.141
t= 19.50 max|qacc|=       3.2 max|qvel|=   0.12 ncon=  0 com_z=0.953 com_x=-0.141
t= 20.00 max|qacc|=       2.0 max|qvel|=   0.27 ncon=  0 com_z=0.952 com_x=-0.143
t= 20.50 max|qacc|=       1.0 max|qvel|=   0.34 ncon=  0 com_z=0.952 com_x=-0.141
t= 21.00 max|qacc|=       2.9 max|qvel|=   0.15 ncon=  0 com_z=0.953 com_x=-0.141
t= 21.50 max|qacc|=       2.4 max|qvel|=   0.24 ncon=  0 com_z=0.952 com_x=-0.143
t= 22.00 max|qacc|=       0.7 max|qvel|=   0.36 ncon=  0 com_z=0.952 com_x=-0.140
t= 22.50 max|qacc|=       3.0 max|qvel|=   0.17 ncon=  0 com_z=0.953 com_x=-0.141
t= 23.00 max|qacc|=       2.7 max|qvel|=   0.20 ncon=  0 com_z=0.952 com_x=-0.142
t= 23.50 max|qacc|=       1.0 max|qvel|=   0.37 ncon=  0 com_z=0.952 com_x=-0.140
t= 24.00 max|qacc|=       2.8 max|qvel|=   0.21 ncon=  0 com_z=0.953 com_x=-0.141
t= 24.50 max|qacc|=       3.0 max|qvel|=   0.15 ncon=  0 com_z=0.952 com_x=-0.142
t= 25.00 max|qacc|=       1.3 max|qvel|=   0.37 ncon=  0 com_z=0.952 com_x=-0.140
t= 25.50 max|qacc|=       2.3 max|qvel|=   0.25 ncon=  0 com_z=0.953 com_x=-0.141
t= 26.00 max|qacc|=       3.3 max|qvel|=   0.10 ncon=  0 com_z=0.952 com_x=-0.142
t= 26.50 max|qacc|=       1.6 max|qvel|=   0.36 ncon=  0 com_z=0.952 com_x=-0.140
t= 27.00 max|qacc|=       2.0 max|qvel|=   0.29 ncon=  0 com_z=0.953 com_x=-0.141
t= 27.50 max|qacc|=       3.3 max|qvel|=   0.08 ncon=  0 com_z=0.951 com_x=-0.142
t= 28.00 max|qacc|=       1.9 max|qvel|=   0.34 ncon=  0 com_z=0.952 com_x=-0.140
t= 28.50 max|qacc|=       1.6 max|qvel|=   0.32 ncon=  0 com_z=0.953 com_x=-0.142
t= 29.00 max|qacc|=       3.4 max|qvel|=   0.11 ncon=  0 com_z=0.951 com_x=-0.142
t= 29.50 max|qacc|=       2.1 max|qvel|=   0.31 ncon=  0 com_z=0.952 com_x=-0.140
t= 30.00 max|qacc|=       1.2 max|qvel|=   0.34 ncon=  0 com_z=0.952 com_x=-0.142
t= 30.50 max|qacc|=       3.3 max|qvel|=   0.13 ncon=  0 com_z=0.951 com_x=-0.142

== summary ==
pelvis/COM height: start 0.94 m, min 0.93 m, final 0.95 m  (stayed up)
COM x: min -0.16 max -0.10 final -0.14 m
COM y: min -0.022 max -0.000 m
RG_F_r bursts during walk window: 3
RG_r: cycles in window 4, period 0.29 s (3.49 Hz), E-duty 0.95
RG_l: cycles in window 4, period 0.29 s (3.49 Hz), E-duty 0.95
peak ctrl: [1.   1.   1.   1.   0.83 1.   0.59 0.5  0.97 0.93 1.   1.   1.   1.
 0.98 1.   0.56 0.67 0.67 0.37] (('vas_lat_r', 'med_gas_r', 'soleus_r', 'tib_ant_r', 'psoas_r', 'semimem_r', 'glut_max2_r', 'rect_fem_r', 'sar_r', 'grac_r', 'vas_lat_l', 'med_gas_l', 'soleus_l', 'tib_ant_l', 'psoas_l', 'semimem_l', 'glut_max2_l', 'rect_fem_l', 'sar_l', 'grac_l'))
  hip_flexion_r         -2.9 ..    34.5 deg
  knee_angle_r         -87.4 ..    10.1 deg
  ankle_angle_r        -64.9 ..    25.6 deg
  hip_adduction_r      -16.2 ..    18.4 deg
  subtalar_angle_r     -22.8 ..     8.3 deg
  hip_flexion_l        -35.2 ..    22.9 deg
  knee_angle_l         -94.4 ..    10.0 deg
  ankle_angle_l        -67.5 ..     9.8 deg
  hip_adduction_l      -28.5 ..    14.6 deg
  subtalar_angle_l      -0.5 ..    33.0 deg
  pelvis_tilt           -1.9 ..     0.3 deg
  pelvis_list           -0.8 ..     0.0 deg
  pelvis_rotation        2.2 ..     2.6 deg
saved spinal_run.npz
(plot skipped: 'PF_E2_r')
fitted baseline loaded: e2_pf=0.222 f1_df=0.098 f1_kf=0.148 post_kneext=0.011 post_hipext=0.068 desc_f=1.400 e2_adapt=1.700
start pose (normal): applied 20 coordinates as given; pelvis ty 0.920 m (env override unset); IMU-metric torso lean -0.0 deg (+ = back)
standing solve: nnls x in [0.00, 0.70], >0.1: 14 muscles
  top: add_long_l=0.70, tib_ant_r=0.61, tib_ant_l=0.46, ext_dig_r=0.37, glut_min1_l=0.33, pect_l=0.32, glut_min2_l=0.31, ext_dig_l=0.25
Fmax range: 5..3396 N | L range sample: [0.229942 0.326094]
t=  1.00 max|qacc|=     425.7 max|qvel|=   1.75 ncon=  0 com_z=0.938 com_x=-0.150
t=  1.50 max|qacc|=     188.1 max|qvel|=   0.44 ncon=  0 com_z=0.937 com_x=-0.157
t=  2.00 max|qacc|=      16.4 max|qvel|=   0.18 ncon=  0 com_z=0.937 com_x=-0.155
t=  2.50 max|qacc|=      27.3 max|qvel|=   0.09 ncon=  0 com_z=0.938 com_x=-0.156
t=  3.00 max|qacc|=      86.5 max|qvel|=   0.11 ncon=  0 com_z=0.937 com_x=-0.156
t=  3.50 max|qacc|=    1401.1 max|qvel|=   1.53 ncon=  0 com_z=0.938 com_x=-0.155
t=  4.00 max|qacc|=     376.8 max|qvel|=   0.39 ncon=  0 com_z=0.937 com_x=-0.151
t=  4.50 max|qacc|=      40.8 max|qvel|=   0.16 ncon=  0 com_z=0.938 com_x=-0.152
t=  5.00 max|qacc|=     117.8 max|qvel|=   3.20 ncon=  0 com_z=0.962 com_x=-0.122
t=  5.50 max|qacc|=     154.0 max|qvel|=   3.38 ncon=  0 com_z=0.947 com_x=-0.105
t=  6.00 max|qacc|=     164.3 max|qvel|=   2.86 ncon=  0 com_z=0.954 com_x=-0.113
t=  6.50 max|qacc|=     143.0 max|qvel|=   6.88 ncon=  0 com_z=0.950 com_x=-0.112
t=  7.00 max|qacc|=     149.5 max|qvel|=   8.57 ncon=  0 com_z=0.949 com_x=-0.116
t=  7.50 max|qacc|=     131.7 max|qvel|=   9.44 ncon=  0 com_z=0.941 com_x=-0.117
t=  8.00 max|qacc|=      69.8 max|qvel|=   8.92 ncon=  0 com_z=0.937 com_x=-0.121
t=  8.50 max|qacc|=     157.9 max|qvel|=   6.57 ncon=  0 com_z=0.934 com_x=-0.122
t=  9.00 max|qacc|=     130.8 max|qvel|=   4.07 ncon=  0 com_z=0.934 com_x=-0.123
t=  9.50 max|qacc|=     141.6 max|qvel|=   1.79 ncon=  0 com_z=0.934 com_x=-0.121
t= 10.00 max|qacc|=     123.6 max|qvel|=   3.50 ncon=  0 com_z=0.934 com_x=-0.119
t= 10.50 max|qacc|=     103.1 max|qvel|=   5.61 ncon=  0 com_z=0.934 com_x=-0.116
t= 11.00 max|qacc|=      45.8 max|qvel|=   7.70 ncon=  0 com_z=0.934 com_x=-0.114
t= 11.50 max|qacc|=      41.0 max|qvel|=   8.08 ncon=  0 com_z=0.936 com_x=-0.113
t= 12.00 max|qacc|=      31.6 max|qvel|=   7.37 ncon=  0 com_z=0.939 com_x=-0.112
t= 12.50 max|qacc|=      47.6 max|qvel|=   6.02 ncon=  0 com_z=0.943 com_x=-0.111
t= 13.00 max|qacc|=     117.2 max|qvel|=   4.03 ncon=  0 com_z=0.948 com_x=-0.111
t= 13.50 max|qacc|=     135.5 max|qvel|=   3.31 ncon=  0 com_z=0.952 com_x=-0.111
t= 14.00 max|qacc|=     157.2 max|qvel|=   3.14 ncon=  0 com_z=0.954 com_x=-0.111
t= 14.50 max|qacc|=     139.4 max|qvel|=   6.78 ncon=  0 com_z=0.952 com_x=-0.113
t= 15.00 max|qacc|=     147.4 max|qvel|=   8.51 ncon=  0 com_z=0.947 com_x=-0.116
t= 15.50 max|qacc|=     144.6 max|qvel|=   8.74 ncon=  0 com_z=0.947 com_x=-0.122
t= 16.00 max|qacc|=      57.8 max|qvel|=   4.88 ncon=  0 com_z=0.940 com_x=-0.114
t= 16.50 max|qacc|=      13.7 max|qvel|=   1.21 ncon=  0 com_z=0.947 com_x=-0.142
t= 17.00 max|qacc|=       3.0 max|qvel|=   0.79 ncon=  0 com_z=0.954 com_x=-0.140
t= 17.50 max|qacc|=       1.9 max|qvel|=   0.27 ncon=  0 com_z=0.952 com_x=-0.139
t= 18.00 max|qacc|=       0.4 max|qvel|=   0.05 ncon=  0 com_z=0.953 com_x=-0.140
t= 18.50 max|qacc|=       0.1 max|qvel|=   0.01 ncon=  0 com_z=0.953 com_x=-0.140
t= 19.00 max|qacc|=       0.1 max|qvel|=   0.00 ncon=  0 com_z=0.953 com_x=-0.140
t= 19.50 max|qacc|=       0.0 max|qvel|=   0.00 ncon=  0 com_z=0.953 com_x=-0.140
t= 20.00 max|qacc|=       0.0 max|qvel|=   0.00 ncon=  0 com_z=0.953 com_x=-0.140
t= 20.50 max|qacc|=       0.0 max|qvel|=   0.00 ncon=  0 com_z=0.953 com_x=-0.140
t= 21.00 max|qacc|=       0.0 max|qvel|=   0.00 ncon=  0 com_z=0.953 com_x=-0.140
t= 21.50 max|qacc|=       0.0 max|qvel|=   0.00 ncon=  0 com_z=0.953 com_x=-0.140
t= 22.00 max|qacc|=       0.0 max|qvel|=   0.00 ncon=  0 com_z=0.953 com_x=-0.140
t= 22.50 max|qacc|=       0.0 max|qvel|=   0.00 ncon=  0 com_z=0.953 com_x=-0.140
t= 23.00 max|qacc|=       0.0 max|qvel|=   0.00 ncon=  0 com_z=0.953 com_x=-0.140
t= 23.50 max|qacc|=       0.0 max|qvel|=   0.00 ncon=  0 com_z=0.953 com_x=-0.140
t= 24.00 max|qacc|=       0.0 max|qvel|=   0.00 ncon=  0 com_z=0.953 com_x=-0.140
t= 24.50 max|qacc|=       0.0 max|qvel|=   0.00 ncon=  0 com_z=0.953 com_x=-0.140
t= 25.00 max|qacc|=       0.0 max|qvel|=   0.00 ncon=  0 com_z=0.953 com_x=-0.140
t= 25.50 max|qacc|=       0.0 max|qvel|=   0.00 ncon=  0 com_z=0.953 com_x=-0.140
t= 26.00 max|qacc|=       0.0 max|qvel|=   0.00 ncon=  0 com_z=0.953 com_x=-0.140
t= 26.50 max|qacc|=       0.0 max|qvel|=   0.00 ncon=  0 com_z=0.953 com_x=-0.140
t= 27.00 max|qacc|=       0.0 max|qvel|=   0.00 ncon=  0 com_z=0.953 com_x=-0.140
t= 27.50 max|qacc|=       0.0 max|qvel|=   0.00 ncon=  0 com_z=0.953 com_x=-0.140
t= 28.00 max|qacc|=       0.0 max|qvel|=   0.00 ncon=  0 com_z=0.953 com_x=-0.140
t= 28.50 max|qacc|=       0.0 max|qvel|=   0.00 ncon=  0 com_z=0.953 com_x=-0.140
t= 29.00 max|qacc|=       0.0 max|qvel|=   0.00 ncon=  0 com_z=0.953 com_x=-0.140
t= 29.50 max|qacc|=       0.0 max|qvel|=   0.00 ncon=  0 com_z=0.953 com_x=-0.140
t= 30.00 max|qacc|=       0.0 max|qvel|=   0.00 ncon=  0 com_z=0.953 com_x=-0.140
t= 30.50 max|qacc|=       0.0 max|qvel|=   0.00 ncon=  0 com_z=0.953 com_x=-0.140

== summary ==
pelvis/COM height: start 0.94 m, min 0.93 m, final 0.95 m  (stayed up)
COM x: min -0.16 max -0.11 final -0.14 m
COM y: min -0.022 max +0.001 m
RG_F_r bursts during walk window: 22
RG_r: cycles in window 21, period 0.47 s (2.12 Hz), E-duty 0.49
RG_l: cycles in window 21, period 0.47 s (2.12 Hz), E-duty 0.49
peak ctrl: [1.   1.   1.   1.   0.84 1.   0.6  0.5  0.98 0.93 1.   1.   1.   1.
 0.98 1.   0.58 0.67 0.69 0.37] (('vas_lat_r', 'med_gas_r', 'soleus_r', 'tib_ant_r', 'psoas_r', 'semimem_r', 'glut_max2_r', 'rect_fem_r', 'sar_r', 'grac_r', 'vas_lat_l', 'med_gas_l', 'soleus_l', 'tib_ant_l', 'psoas_l', 'semimem_l', 'glut_max2_l', 'rect_fem_l', 'sar_l', 'grac_l'))
  hip_flexion_r         -7.6 ..    34.3 deg
  knee_angle_r         -89.9 ..    10.4 deg
  ankle_angle_r        -65.0 ..    27.0 deg
  hip_adduction_r      -26.5 ..    21.0 deg
  subtalar_angle_r     -22.3 ..     8.4 deg
  hip_flexion_l        -25.1 ..    23.8 deg
  knee_angle_l         -98.1 ..    10.0 deg
  ankle_angle_l        -68.0 ..     9.8 deg
  hip_adduction_l      -37.6 ..    21.7 deg
  subtalar_angle_l      -0.6 ..    33.7 deg
  pelvis_tilt           -1.9 ..     0.4 deg
  pelvis_list           -0.8 ..     0.2 deg
  pelvis_rotation        2.2 ..     2.6 deg
saved spinal_run.npz
(plot skipped: 'PF_E2_r')
fitted baseline loaded: e2_pf=0.222 f1_df=0.098 f1_kf=0.148 post_kneext=0.011 post_hipext=0.068 desc_f=1.400 e2_adapt=1.700
start pose (normal): applied 20 coordinates as given; pelvis ty 0.920 m (env override unset); IMU-metric torso lean -0.0 deg (+ = back)
standing solve: nnls x in [0.00, 0.70], >0.1: 14 muscles
  top: add_long_l=0.70, tib_ant_r=0.61, tib_ant_l=0.46, ext_dig_r=0.37, glut_min1_l=0.33, pect_l=0.32, glut_min2_l=0.31, ext_dig_l=0.25
Fmax range: 5..3396 N | L range sample: [0.229942 0.326094]
t=  1.00 max|qacc|=     160.5 max|qvel|=   2.14 ncon=  0 com_z=0.937 com_x=-0.149
t=  1.50 max|qacc|=      11.0 max|qvel|=   0.38 ncon=  0 com_z=0.936 com_x=-0.156
t=  2.00 max|qacc|=      84.1 max|qvel|=   0.26 ncon=  0 com_z=0.937 com_x=-0.154
t=  2.50 max|qacc|=     164.1 max|qvel|=   0.72 ncon=  0 com_z=0.937 com_x=-0.156
t=  3.00 max|qacc|=     125.0 max|qvel|=   0.36 ncon=  0 com_z=0.937 com_x=-0.155
t=  3.50 max|qacc|=      37.4 max|qvel|=   0.13 ncon=  0 com_z=0.937 com_x=-0.155
t=  4.00 max|qacc|=     175.0 max|qvel|=   0.15 ncon=  0 com_z=0.937 com_x=-0.151
t=  4.50 max|qacc|=      48.9 max|qvel|=   3.74 ncon=  0 com_z=0.937 com_x=-0.151
t=  5.00 max|qacc|=     136.9 max|qvel|=   4.45 ncon=  0 com_z=0.935 com_x=-0.135
t=  5.50 max|qacc|=      85.2 max|qvel|=   5.10 ncon=  0 com_z=0.928 com_x=-0.117
t=  6.00 max|qacc|=     142.8 max|qvel|=   3.58 ncon=  0 com_z=0.931 com_x=-0.116
t=  6.50 max|qacc|=     186.3 max|qvel|=   3.40 ncon=  0 com_z=0.930 com_x=-0.109
t=  7.00 max|qacc|=     228.0 max|qvel|=   2.77 ncon=  0 com_z=0.937 com_x=-0.137
t=  7.50 max|qacc|=     410.5 max|qvel|=   0.70 ncon=  0 com_z=0.937 com_x=-0.155
t=  8.00 max|qacc|=      56.5 max|qvel|=   0.29 ncon=  0 com_z=0.937 com_x=-0.148
t=  8.50 max|qacc|=      52.2 max|qvel|=   0.15 ncon=  0 com_z=0.937 com_x=-0.150
t=  9.00 max|qacc|=      10.2 max|qvel|=   0.06 ncon=  0 com_z=0.937 com_x=-0.149
t=  9.50 max|qacc|=      28.7 max|qvel|=   0.36 ncon=  0 com_z=0.937 com_x=-0.149
t= 10.00 max|qacc|=      12.3 max|qvel|=   0.09 ncon=  0 com_z=0.937 com_x=-0.149
t= 10.50 max|qacc|=      46.3 max|qvel|=   0.21 ncon=  0 com_z=0.937 com_x=-0.149
t= 11.00 max|qacc|=     133.4 max|qvel|=   0.09 ncon=  0 com_z=0.937 com_x=-0.149
t= 11.50 max|qacc|=      20.5 max|qvel|=   0.20 ncon=  0 com_z=0.937 com_x=-0.149
t= 12.00 max|qacc|=      55.0 max|qvel|=   0.42 ncon=  0 com_z=0.937 com_x=-0.149
t= 12.50 max|qacc|=      32.4 max|qvel|=   0.11 ncon=  0 com_z=0.937 com_x=-0.149
t= 13.00 max|qacc|=       9.4 max|qvel|=   0.04 ncon=  0 com_z=0.937 com_x=-0.149
t= 13.50 max|qacc|=      72.0 max|qvel|=   0.14 ncon=  0 com_z=0.937 com_x=-0.149
t= 14.00 max|qacc|=      21.4 max|qvel|=   0.05 ncon=  0 com_z=0.937 com_x=-0.149
t= 14.50 max|qacc|=      16.2 max|qvel|=   0.18 ncon=  0 com_z=0.937 com_x=-0.149
t= 15.00 max|qacc|=      92.6 max|qvel|=   0.44 ncon=  0 com_z=0.937 com_x=-0.149
t= 15.50 max|qacc|=      49.4 max|qvel|=   0.09 ncon=  0 com_z=0.936 com_x=-0.149
t= 16.00 max|qacc|=      75.7 max|qvel|=   0.15 ncon=  0 com_z=0.936 com_x=-0.148
t= 16.50 max|qacc|=      10.5 max|qvel|=   0.09 ncon=  0 com_z=0.936 com_x=-0.148
t= 17.00 max|qacc|=     228.9 max|qvel|=   0.14 ncon=  0 com_z=0.936 com_x=-0.150
t= 17.50 max|qacc|=      33.6 max|qvel|=   0.05 ncon=  0 com_z=0.937 com_x=-0.153
t= 18.00 max|qacc|=      23.4 max|qvel|=   0.06 ncon=  0 com_z=0.936 com_x=-0.152
t= 18.50 max|qacc|=      34.5 max|qvel|=   0.16 ncon=  0 com_z=0.936 com_x=-0.152
t= 19.00 max|qacc|=      33.5 max|qvel|=   0.08 ncon=  0 com_z=0.936 com_x=-0.152
t= 19.50 max|qacc|=      29.5 max|qvel|=   0.14 ncon=  0 com_z=0.936 com_x=-0.152
t= 20.00 max|qacc|=     105.7 max|qvel|=   0.14 ncon=  0 com_z=0.937 com_x=-0.152
t= 20.50 max|qacc|=     176.3 max|qvel|=   0.44 ncon=  0 com_z=0.936 com_x=-0.152
t= 21.00 max|qacc|=      88.5 max|qvel|=   0.50 ncon=  0 com_z=0.936 com_x=-0.152
t= 21.50 max|qacc|=     117.6 max|qvel|=   0.85 ncon=  0 com_z=0.936 com_x=-0.152
t= 22.00 max|qacc|=      98.0 max|qvel|=   0.12 ncon=  0 com_z=0.936 com_x=-0.152
t= 22.50 max|qacc|=      20.7 max|qvel|=   0.11 ncon=  0 com_z=0.937 com_x=-0.152
t= 23.00 max|qacc|=      14.0 max|qvel|=   0.08 ncon=  0 com_z=0.936 com_x=-0.152
t= 23.50 max|qacc|=      43.8 max|qvel|=   0.18 ncon=  0 com_z=0.936 com_x=-0.152
t= 24.00 max|qacc|=      16.8 max|qvel|=   0.14 ncon=  0 com_z=0.936 com_x=-0.152
t= 24.50 max|qacc|=     215.2 max|qvel|=   0.18 ncon=  0 com_z=0.936 com_x=-0.152
t= 25.00 max|qacc|=     136.9 max|qvel|=   0.33 ncon=  0 com_z=0.936 com_x=-0.152
t= 25.50 max|qacc|=      39.9 max|qvel|=   0.36 ncon=  0 com_z=0.936 com_x=-0.152
t= 26.00 max|qacc|=      65.5 max|qvel|=   0.44 ncon=  0 com_z=0.936 com_x=-0.152
t= 26.50 max|qacc|=     135.9 max|qvel|=   0.11 ncon=  0 com_z=0.936 com_x=-0.152
t= 27.00 max|qacc|=     212.1 max|qvel|=   0.26 ncon=  0 com_z=0.936 com_x=-0.152
t= 27.50 max|qacc|=     141.3 max|qvel|=   0.77 ncon=  0 com_z=0.936 com_x=-0.152
t= 28.00 max|qacc|=      74.6 max|qvel|=   1.92 ncon=  0 com_z=0.936 com_x=-0.152
t= 28.50 max|qacc|=      23.9 max|qvel|=   0.18 ncon=  0 com_z=0.936 com_x=-0.152
t= 29.00 max|qacc|=     140.7 max|qvel|=   0.13 ncon=  0 com_z=0.936 com_x=-0.152
t= 29.50 max|qacc|=      26.9 max|qvel|=   0.15 ncon=  0 com_z=0.936 com_x=-0.152
t= 30.00 max|qacc|=      83.6 max|qvel|=   0.26 ncon=  0 com_z=0.936 com_x=-0.152
t= 30.50 max|qacc|=      32.5 max|qvel|=   0.04 ncon=  0 com_z=0.936 com_x=-0.152

== summary ==
pelvis/COM height: start 0.94 m, min 0.93 m, final 0.94 m  (stayed up)
COM x: min -0.16 max -0.11 final -0.15 m
COM y: min -0.024 max +0.004 m
RG_F_r bursts during walk window: 5
RG_r: cycles in window 6, period 0.31 s (3.24 Hz), E-duty 0.09
RG_l: cycles in window 6, period 0.31 s (3.24 Hz), E-duty 0.09
peak ctrl: [1.   1.   1.   1.   0.87 1.   0.42 0.5  1.   0.93 1.   1.   1.   1.
 1.   1.   0.46 0.68 0.73 0.37] (('vas_lat_r', 'med_gas_r', 'soleus_r', 'tib_ant_r', 'psoas_r', 'semimem_r', 'glut_max2_r', 'rect_fem_r', 'sar_r', 'grac_r', 'vas_lat_l', 'med_gas_l', 'soleus_l', 'tib_ant_l', 'psoas_l', 'semimem_l', 'glut_max2_l', 'rect_fem_l', 'sar_l', 'grac_l'))
  hip_flexion_r          1.7 ..    34.5 deg
  knee_angle_r         -77.8 ..    10.2 deg
  ankle_angle_r        -65.8 ..    -1.7 deg
  hip_adduction_r       -5.8 ..    17.4 deg
  subtalar_angle_r     -10.7 ..     8.2 deg
  hip_flexion_l        -21.5 ..    26.1 deg
  knee_angle_l         -78.4 ..    10.1 deg
  ankle_angle_l        -68.0 ..     9.8 deg
  hip_adduction_l      -23.8 ..    17.8 deg
  subtalar_angle_l      -0.3 ..    11.4 deg
  pelvis_tilt           -1.9 ..     0.0 deg
  pelvis_list           -0.8 ..     0.0 deg
  pelvis_rotation        2.3 ..     2.6 deg
saved spinal_run.npz
(plot skipped: 'PF_E2_r')
fitted baseline loaded: e2_pf=0.222 f1_df=0.098 f1_kf=0.148 post_kneext=0.011 post_hipext=0.068 desc_f=1.400 e2_adapt=1.700
start pose (normal): applied 20 coordinates as given; pelvis ty 0.920 m (env override unset); IMU-metric torso lean -0.0 deg (+ = back)
standing solve: nnls x in [0.00, 0.70], >0.1: 14 muscles
  top: add_long_l=0.70, tib_ant_r=0.61, tib_ant_l=0.46, ext_dig_r=0.37, glut_min1_l=0.33, pect_l=0.32, glut_min2_l=0.31, ext_dig_l=0.25
Fmax range: 5..3396 N | L range sample: [0.229942 0.326094]
t=  1.00 max|qacc|=     676.6 max|qvel|=   1.41 ncon=  0 com_z=0.938 com_x=-0.148
t=  1.50 max|qacc|=      64.5 max|qvel|=   0.36 ncon=  0 com_z=0.936 com_x=-0.156
t=  2.00 max|qacc|=      11.4 max|qvel|=   0.18 ncon=  0 com_z=0.937 com_x=-0.154
t=  2.50 max|qacc|=      75.5 max|qvel|=   0.18 ncon=  0 com_z=0.937 com_x=-0.155
t=  3.00 max|qacc|=      30.3 max|qvel|=   0.17 ncon=  0 com_z=0.937 com_x=-0.155
t=  3.50 max|qacc|=      11.5 max|qvel|=   0.19 ncon=  0 com_z=0.937 com_x=-0.154
t=  4.00 max|qacc|=      77.8 max|qvel|=   0.50 ncon=  0 com_z=0.937 com_x=-0.150
t=  4.50 max|qacc|=      16.5 max|qvel|=   0.14 ncon=  0 com_z=0.937 com_x=-0.151
t=  5.00 max|qacc|=     129.3 max|qvel|=   7.59 ncon=  0 com_z=0.956 com_x=-0.130
t=  5.50 max|qacc|=     168.5 max|qvel|=   5.40 ncon=  0 com_z=0.936 com_x=-0.110
t=  6.00 max|qacc|=      85.4 max|qvel|=   7.31 ncon=  0 com_z=0.934 com_x=-0.124
t=  6.50 max|qacc|=     102.6 max|qvel|=   4.80 ncon=  0 com_z=0.929 com_x=-0.121
t=  7.00 max|qacc|=     117.4 max|qvel|=   3.75 ncon=  0 com_z=0.932 com_x=-0.127
t=  7.50 max|qacc|=      78.2 max|qvel|=   3.77 ncon=  0 com_z=0.931 com_x=-0.128
t=  8.00 max|qacc|=      98.2 max|qvel|=   2.34 ncon=  0 com_z=0.932 com_x=-0.132
t=  8.50 max|qacc|=     115.8 max|qvel|=   3.96 ncon=  0 com_z=0.932 com_x=-0.128
t=  9.00 max|qacc|=      83.6 max|qvel|=   7.71 ncon=  0 com_z=0.930 com_x=-0.126
t=  9.50 max|qacc|=      83.2 max|qvel|=   9.12 ncon=  0 com_z=0.931 com_x=-0.122
t= 10.00 max|qacc|=     195.1 max|qvel|=   3.70 ncon=  0 com_z=0.936 com_x=-0.121
t= 10.50 max|qacc|=     178.9 max|qvel|=   4.32 ncon=  0 com_z=0.936 com_x=-0.120
t= 11.00 max|qacc|=      73.9 max|qvel|=   7.26 ncon=  0 com_z=0.932 com_x=-0.122
t= 11.50 max|qacc|=      91.8 max|qvel|=   4.71 ncon=  0 com_z=0.930 com_x=-0.123
t= 12.00 max|qacc|=     118.3 max|qvel|=   3.79 ncon=  0 com_z=0.931 com_x=-0.126
t= 12.50 max|qacc|=      75.7 max|qvel|=   3.73 ncon=  0 com_z=0.931 com_x=-0.129
t= 13.00 max|qacc|=     100.2 max|qvel|=   2.28 ncon=  0 com_z=0.932 com_x=-0.131
t= 13.50 max|qacc|=     116.3 max|qvel|=   4.17 ncon=  0 com_z=0.932 com_x=-0.129
t= 14.00 max|qacc|=      79.4 max|qvel|=   7.88 ncon=  0 com_z=0.930 com_x=-0.125
t= 14.50 max|qacc|=      88.3 max|qvel|=   9.07 ncon=  0 com_z=0.931 com_x=-0.122
t= 15.00 max|qacc|=     198.4 max|qvel|=   3.47 ncon=  0 com_z=0.936 com_x=-0.121
t= 15.50 max|qacc|=     166.7 max|qvel|=   2.92 ncon=  0 com_z=0.943 com_x=-0.122
t= 16.00 max|qacc|=     553.5 max|qvel|=   2.87 ncon=  0 com_z=0.939 com_x=-0.140
t= 16.50 max|qacc|=      51.9 max|qvel|=   0.70 ncon=  0 com_z=0.938 com_x=-0.157
t= 17.00 max|qacc|=      38.6 max|qvel|=   0.24 ncon=  0 com_z=0.936 com_x=-0.150
t= 17.50 max|qacc|=     102.1 max|qvel|=   0.08 ncon=  0 com_z=0.938 com_x=-0.157
t= 18.00 max|qacc|=     185.7 max|qvel|=   1.25 ncon=  0 com_z=0.937 com_x=-0.154
t= 18.50 max|qacc|=      30.6 max|qvel|=   0.11 ncon=  0 com_z=0.938 com_x=-0.156
t= 19.00 max|qacc|=      39.1 max|qvel|=   0.32 ncon=  0 com_z=0.937 com_x=-0.155
t= 19.50 max|qacc|=      65.1 max|qvel|=   0.30 ncon=  0 com_z=0.937 com_x=-0.155
t= 20.00 max|qacc|=       9.8 max|qvel|=   0.19 ncon=  0 com_z=0.937 com_x=-0.155
t= 20.50 max|qacc|=      30.4 max|qvel|=   0.13 ncon=  0 com_z=0.937 com_x=-0.155
t= 21.00 max|qacc|=      82.3 max|qvel|=   0.54 ncon=  0 com_z=0.937 com_x=-0.155
t= 21.50 max|qacc|=     285.6 max|qvel|=   0.44 ncon=  0 com_z=0.937 com_x=-0.155
t= 22.00 max|qacc|=      64.3 max|qvel|=   0.40 ncon=  0 com_z=0.937 com_x=-0.155
t= 22.50 max|qacc|=     412.3 max|qvel|=   0.20 ncon=  0 com_z=0.937 com_x=-0.155
t= 23.00 max|qacc|=      38.4 max|qvel|=   0.14 ncon=  0 com_z=0.937 com_x=-0.155
t= 23.50 max|qacc|=      38.8 max|qvel|=   0.10 ncon=  0 com_z=0.937 com_x=-0.155
t= 24.00 max|qacc|=      31.0 max|qvel|=   0.47 ncon=  0 com_z=0.937 com_x=-0.155
t= 24.50 max|qacc|=     153.1 max|qvel|=   0.14 ncon=  0 com_z=0.937 com_x=-0.155
t= 25.00 max|qacc|=      52.9 max|qvel|=   0.27 ncon=  0 com_z=0.937 com_x=-0.155
t= 25.50 max|qacc|=      43.8 max|qvel|=   0.15 ncon=  0 com_z=0.937 com_x=-0.155
t= 26.00 max|qacc|=      59.9 max|qvel|=   0.11 ncon=  0 com_z=0.937 com_x=-0.155
t= 26.50 max|qacc|=     457.3 max|qvel|=   0.39 ncon=  0 com_z=0.937 com_x=-0.155
t= 27.00 max|qacc|=      32.8 max|qvel|=   0.11 ncon=  0 com_z=0.937 com_x=-0.155
t= 27.50 max|qacc|=      65.6 max|qvel|=   0.12 ncon=  0 com_z=0.938 com_x=-0.155
t= 28.00 max|qacc|=      58.4 max|qvel|=   0.10 ncon=  0 com_z=0.937 com_x=-0.155
t= 28.50 max|qacc|=      99.0 max|qvel|=   0.10 ncon=  0 com_z=0.937 com_x=-0.155
t= 29.00 max|qacc|=      92.5 max|qvel|=   0.19 ncon=  0 com_z=0.937 com_x=-0.155
t= 29.50 max|qacc|=      23.9 max|qvel|=   0.09 ncon=  0 com_z=0.937 com_x=-0.155
t= 30.00 max|qacc|=     165.6 max|qvel|=   0.48 ncon=  0 com_z=0.937 com_x=-0.155
t= 30.50 max|qacc|=      28.5 max|qvel|=   0.14 ncon=  0 com_z=0.937 com_x=-0.155

== summary ==
pelvis/COM height: start 0.94 m, min 0.93 m, final 0.94 m  (stayed up)
COM x: min -0.16 max -0.11 final -0.15 m
COM y: min -0.021 max +0.005 m
RG_F_r bursts during walk window: 22
RG_r: cycles in window 22, period 0.45 s (2.20 Hz), E-duty 0.49
RG_l: cycles in window 22, period 0.45 s (2.20 Hz), E-duty 0.49
peak ctrl: [1.   1.   1.   1.   0.85 1.   0.43 0.5  0.98 0.93 1.   1.   1.   1.
 1.   1.   0.5  0.68 0.72 0.37] (('vas_lat_r', 'med_gas_r', 'soleus_r', 'tib_ant_r', 'psoas_r', 'semimem_r', 'glut_max2_r', 'rect_fem_r', 'sar_r', 'grac_r', 'vas_lat_l', 'med_gas_l', 'soleus_l', 'tib_ant_l', 'psoas_l', 'semimem_l', 'glut_max2_l', 'rect_fem_l', 'sar_l', 'grac_l'))
  hip_flexion_r         -3.4 ..    35.0 deg
  knee_angle_r         -86.2 ..    10.4 deg
  ankle_angle_r        -65.3 ..    -1.7 deg
  hip_adduction_r      -11.2 ..    21.2 deg
  subtalar_angle_r     -10.1 ..     8.2 deg
  hip_flexion_l        -19.1 ..    22.1 deg
  knee_angle_l         -82.7 ..    10.3 deg
  ankle_angle_l        -68.0 ..     9.8 deg
  hip_adduction_l      -27.9 ..    25.0 deg
  subtalar_angle_l      -0.7 ..    11.3 deg
  pelvis_tilt           -1.9 ..     0.1 deg
  pelvis_list           -0.8 ..     0.2 deg
  pelvis_rotation        2.2 ..     2.6 deg
saved spinal_run.npz
(plot skipped: 'PF_E2_r')
fitted baseline loaded: e2_pf=0.222 f1_df=0.098 f1_kf=0.148 post_kneext=0.011 post_hipext=0.068 desc_f=1.400 e2_adapt=1.700
start pose (normal): applied 20 coordinates as given; pelvis ty 0.920 m (env override unset); IMU-metric torso lean -0.0 deg (+ = back)
standing solve: nnls x in [0.00, 0.70], >0.1: 14 muscles
  top: add_long_l=0.70, tib_ant_r=0.61, tib_ant_l=0.46, ext_dig_r=0.37, glut_min1_l=0.33, pect_l=0.32, glut_min2_l=0.31, ext_dig_l=0.25
Fmax range: 5..3396 N | L range sample: [0.229942 0.326094]
t=  1.00 max|qacc|=     314.7 max|qvel|=   1.81 ncon=  0 com_z=0.938 com_x=-0.149
t=  1.50 max|qacc|=      50.0 max|qvel|=   0.44 ncon=  0 com_z=0.937 com_x=-0.157
t=  2.00 max|qacc|=     117.2 max|qvel|=   0.55 ncon=  0 com_z=0.937 com_x=-0.155
t=  2.50 max|qacc|=      48.5 max|qvel|=   0.50 ncon=  0 com_z=0.938 com_x=-0.156
t=  3.00 max|qacc|=      79.4 max|qvel|=   0.11 ncon=  0 com_z=0.937 com_x=-0.156
t=  3.50 max|qacc|=     691.1 max|qvel|=   0.86 ncon=  0 com_z=0.937 com_x=-0.155
t=  4.00 max|qacc|=      40.4 max|qvel|=   0.19 ncon=  0 com_z=0.937 com_x=-0.151
t=  4.50 max|qacc|=      86.7 max|qvel|=   4.87 ncon=  0 com_z=0.934 com_x=-0.144
t=  5.00 max|qacc|=      65.6 max|qvel|=   8.91 ncon=  0 com_z=0.942 com_x=-0.146
t=  5.50 max|qacc|=     156.4 max|qvel|=   5.76 ncon=  0 com_z=0.945 com_x=-0.107
t=  6.00 max|qacc|=     134.8 max|qvel|=   8.18 ncon=  0 com_z=0.949 com_x=-0.119
t=  6.50 max|qacc|=     140.0 max|qvel|=   5.18 ncon=  0 com_z=0.934 com_x=-0.118
t=  7.00 max|qacc|=     125.7 max|qvel|=   2.09 ncon=  0 com_z=0.936 com_x=-0.117
t=  7.50 max|qacc|=      24.2 max|qvel|=   7.48 ncon=  0 com_z=0.936 com_x=-0.113
t=  8.00 max|qacc|=     114.3 max|qvel|=   3.27 ncon=  0 com_z=0.947 com_x=-0.112
t=  8.50 max|qacc|=     131.0 max|qvel|=   7.20 ncon=  0 com_z=0.948 com_x=-0.112
t=  9.00 max|qacc|=      91.3 max|qvel|=   6.10 ncon=  0 com_z=0.936 com_x=-0.118
t=  9.50 max|qacc|=     116.5 max|qvel|=   3.07 ncon=  0 com_z=0.934 com_x=-0.115
t= 10.00 max|qacc|=      31.1 max|qvel|=   7.24 ncon=  0 com_z=0.938 com_x=-0.114
t= 10.50 max|qacc|=     137.1 max|qvel|=   3.16 ncon=  0 com_z=0.949 com_x=-0.112
t= 11.00 max|qacc|=     131.0 max|qvel|=   7.79 ncon=  0 com_z=0.946 com_x=-0.113
t= 11.50 max|qacc|=     110.7 max|qvel|=   4.97 ncon=  0 com_z=0.936 com_x=-0.118
t= 12.00 max|qacc|=      98.9 max|qvel|=   4.44 ncon=  0 com_z=0.934 com_x=-0.115
t= 12.50 max|qacc|=      58.6 max|qvel|=   6.98 ncon=  0 com_z=0.939 com_x=-0.113
t= 13.00 max|qacc|=     153.3 max|qvel|=   3.29 ncon=  0 com_z=0.950 com_x=-0.112
t= 13.50 max|qacc|=     138.4 max|qvel|=   7.86 ncon=  0 com_z=0.944 com_x=-0.114
t= 14.00 max|qacc|=     122.4 max|qvel|=   3.84 ncon=  0 com_z=0.935 com_x=-0.118
t= 14.50 max|qacc|=      77.7 max|qvel|=   5.60 ncon=  0 com_z=0.934 com_x=-0.115
t= 15.00 max|qacc|=      32.5 max|qvel|=   6.61 ncon=  0 com_z=0.941 com_x=-0.113
t= 15.50 max|qacc|=     107.7 max|qvel|=   2.29 ncon=  0 com_z=0.953 com_x=-0.115
t= 16.00 max|qacc|=      74.7 max|qvel|=   2.95 ncon=  0 com_z=0.937 com_x=-0.131
t= 16.50 max|qacc|=      17.9 max|qvel|=   2.13 ncon=  0 com_z=0.967 com_x=-0.149
t= 17.00 max|qacc|=       7.5 max|qvel|=   0.79 ncon=  0 com_z=0.952 com_x=-0.133
t= 17.50 max|qacc|=       1.8 max|qvel|=   0.28 ncon=  0 com_z=0.952 com_x=-0.141
t= 18.00 max|qacc|=       0.7 max|qvel|=   0.05 ncon=  0 com_z=0.953 com_x=-0.140
t= 18.50 max|qacc|=       0.3 max|qvel|=   0.03 ncon=  0 com_z=0.953 com_x=-0.140
t= 19.00 max|qacc|=       0.1 max|qvel|=   0.01 ncon=  0 com_z=0.953 com_x=-0.140
t= 19.50 max|qacc|=       0.1 max|qvel|=   0.00 ncon=  0 com_z=0.953 com_x=-0.140
t= 20.00 max|qacc|=       0.0 max|qvel|=   0.00 ncon=  0 com_z=0.953 com_x=-0.140
t= 20.50 max|qacc|=       0.0 max|qvel|=   0.00 ncon=  0 com_z=0.953 com_x=-0.140
t= 21.00 max|qacc|=       0.0 max|qvel|=   0.00 ncon=  0 com_z=0.953 com_x=-0.140
t= 21.50 max|qacc|=       0.0 max|qvel|=   0.00 ncon=  0 com_z=0.953 com_x=-0.140
t= 22.00 max|qacc|=       0.0 max|qvel|=   0.00 ncon=  0 com_z=0.953 com_x=-0.140
t= 22.50 max|qacc|=       0.0 max|qvel|=   0.00 ncon=  0 com_z=0.953 com_x=-0.140
t= 23.00 max|qacc|=       0.0 max|qvel|=   0.00 ncon=  0 com_z=0.953 com_x=-0.140
t= 23.50 max|qacc|=       0.0 max|qvel|=   0.00 ncon=  0 com_z=0.953 com_x=-0.140
t= 24.00 max|qacc|=       0.0 max|qvel|=   0.00 ncon=  0 com_z=0.953 com_x=-0.140
t= 24.50 max|qacc|=       0.0 max|qvel|=   0.00 ncon=  0 com_z=0.953 com_x=-0.140
t= 25.00 max|qacc|=       0.0 max|qvel|=   0.00 ncon=  0 com_z=0.953 com_x=-0.140
t= 25.50 max|qacc|=       0.0 max|qvel|=   0.00 ncon=  0 com_z=0.953 com_x=-0.140
t= 26.00 max|qacc|=       0.0 max|qvel|=   0.00 ncon=  0 com_z=0.953 com_x=-0.140
t= 26.50 max|qacc|=       0.0 max|qvel|=   0.00 ncon=  0 com_z=0.953 com_x=-0.140
t= 27.00 max|qacc|=       0.0 max|qvel|=   0.00 ncon=  0 com_z=0.953 com_x=-0.140
t= 27.50 max|qacc|=       0.0 max|qvel|=   0.00 ncon=  0 com_z=0.953 com_x=-0.140
t= 28.00 max|qacc|=       0.0 max|qvel|=   0.00 ncon=  0 com_z=0.953 com_x=-0.140
t= 28.50 max|qacc|=       0.0 max|qvel|=   0.00 ncon=  0 com_z=0.953 com_x=-0.140
t= 29.00 max|qacc|=       0.0 max|qvel|=   0.00 ncon=  0 com_z=0.953 com_x=-0.140
t= 29.50 max|qacc|=       0.0 max|qvel|=   0.00 ncon=  0 com_z=0.953 com_x=-0.140
t= 30.00 max|qacc|=       0.0 max|qvel|=   0.00 ncon=  0 com_z=0.953 com_x=-0.140
t= 30.50 max|qacc|=       0.0 max|qvel|=   0.00 ncon=  0 com_z=0.953 com_x=-0.140

== summary ==
pelvis/COM height: start 0.94 m, min 0.93 m, final 0.95 m  (stayed up)
COM x: min -0.16 max -0.10 final -0.14 m
COM y: min -0.023 max +0.004 m
RG_F_r bursts during walk window: 24
RG_r: cycles in window 24, period 0.42 s (2.39 Hz), E-duty 0.41
RG_l: cycles in window 24, period 0.42 s (2.39 Hz), E-duty 0.41
peak ctrl: [1.   1.   1.   1.   0.84 1.   0.6  0.5  0.97 0.93 1.   1.   1.   1.
 0.99 1.   0.58 0.67 0.68 0.37] (('vas_lat_r', 'med_gas_r', 'soleus_r', 'tib_ant_r', 'psoas_r', 'semimem_r', 'glut_max2_r', 'rect_fem_r', 'sar_r', 'grac_r', 'vas_lat_l', 'med_gas_l', 'soleus_l', 'tib_ant_l', 'psoas_l', 'semimem_l', 'glut_max2_l', 'rect_fem_l', 'sar_l', 'grac_l'))
  hip_flexion_r         -8.7 ..    34.3 deg
  knee_angle_r         -90.5 ..    10.4 deg
  ankle_angle_r        -64.9 ..    26.6 deg
  hip_adduction_r      -25.3 ..    23.9 deg
  subtalar_angle_r     -22.6 ..     8.4 deg
  hip_flexion_l        -24.8 ..    23.3 deg
  knee_angle_l         -97.1 ..    10.3 deg
  ankle_angle_l        -67.9 ..     9.8 deg
  hip_adduction_l      -37.6 ..    29.6 deg
  subtalar_angle_l      -0.9 ..    34.0 deg
  pelvis_tilt           -1.9 ..     0.5 deg
  pelvis_list           -0.9 ..     0.1 deg
  pelvis_rotation        2.2 ..     2.6 deg
saved spinal_run.npz
(plot skipped: 'PF_E2_r')
== stage 1 best 129.307 (trial 32)
{
 "drive": 3.517640078082919,
 "rg_nap_h": 0.16949928527523173,
 "desc_e": 1.6727451184259392,
 "desc_f": 1.6733454246847808,
 "rg_to_pf": 2.782036923473366
}
saved curriculum_syn6_stage1.json
=== syn6 stage 2 +30 Sat Sep 26 03:00:46 PDT 2026 ===
[syn6] pinned AARL_NET=syn6 AARL_NPZ=spinal_run_syn6.npz DB=sqlite:///optuna_syn6.db
fitted baseline loaded: e2_pf=0.222 f1_df=0.098 f1_kf=0.148 post_kneext=0.011 post_hipext=0.068 desc_f=1.400 e2_adapt=1.700
start pose (normal): applied 20 coordinates as given; pelvis ty 0.920 m (env override unset); IMU-metric torso lean -0.0 deg (+ = back)
standing solve: nnls x in [0.00, 0.70], >0.1: 14 muscles
  top: add_long_l=0.70, tib_ant_r=0.61, tib_ant_l=0.46, ext_dig_r=0.37, glut_min1_l=0.33, pect_l=0.32, glut_min2_l=0.31, ext_dig_l=0.25
Fmax range: 5..3396 N | L range sample: [0.229942 0.326094]
t=  1.00 max|qacc|=      12.2 max|qvel|=   1.22 ncon=  0 com_z=0.941 com_x=-0.159
t=  1.50 max|qacc|=      87.0 max|qvel|=   0.24 ncon=  0 com_z=0.936 com_x=-0.155
t=  2.00 max|qacc|=      81.0 max|qvel|=   0.28 ncon=  0 com_z=0.939 com_x=-0.159
t=  2.50 max|qacc|=      66.5 max|qvel|=   0.32 ncon=  0 com_z=0.937 com_x=-0.155
t=  3.00 max|qacc|=      53.3 max|qvel|=   0.40 ncon=  0 com_z=0.938 com_x=-0.158
t=  3.50 max|qacc|=      70.2 max|qvel|=   0.21 ncon=  0 com_z=0.938 com_x=-0.156
t=  4.00 max|qacc|=      32.7 max|qvel|=   0.29 ncon=  0 com_z=0.938 com_x=-0.155
t=  4.50 max|qacc|=      98.8 max|qvel|=   6.22 ncon=  0 com_z=0.933 com_x=-0.145
t=  5.00 max|qacc|=      16.9 max|qvel|=   0.84 ncon=  0 com_z=0.944 com_x=-0.153
t=  5.50 max|qacc|=      27.4 max|qvel|=   3.31 ncon=  0 com_z=0.929 com_x=-0.112
t=  6.00 max|qacc|=      85.0 max|qvel|=   5.85 ncon=  0 com_z=0.933 com_x=-0.145
t=  6.50 max|qacc|=      61.3 max|qvel|=   3.42 ncon=  0 com_z=0.940 com_x=-0.152
t=  7.00 max|qacc|=      43.9 max|qvel|=   1.42 ncon=  0 com_z=0.938 com_x=-0.133
t=  7.50 max|qacc|=      51.2 max|qvel|=   1.85 ncon=  0 com_z=0.928 com_x=-0.123
t=  8.00 max|qacc|=      61.6 max|qvel|=   6.95 ncon=  0 com_z=0.932 com_x=-0.136
t=  8.50 max|qacc|=     120.7 max|qvel|=   3.33 ncon=  0 com_z=0.939 com_x=-0.154
t=  9.00 max|qacc|=      75.5 max|qvel|=   1.48 ncon=  0 com_z=0.939 com_x=-0.138
t=  9.50 max|qacc|=      44.4 max|qvel|=   2.00 ncon=  0 com_z=0.929 com_x=-0.124
t= 10.00 max|qacc|=     146.3 max|qvel|=   3.64 ncon=  0 com_z=0.934 com_x=-0.129
t= 10.50 max|qacc|=     171.3 max|qvel|=   2.99 ncon=  0 com_z=0.937 com_x=-0.154
t= 11.00 max|qacc|=      53.1 max|qvel|=   1.94 ncon=  0 com_z=0.941 com_x=-0.142
t= 11.50 max|qacc|=      25.7 max|qvel|=   1.86 ncon=  0 com_z=0.931 com_x=-0.125
t= 12.00 max|qacc|=     112.7 max|qvel|=   0.99 ncon=  0 com_z=0.933 com_x=-0.124
t= 12.50 max|qacc|=     107.1 max|qvel|=   2.61 ncon=  0 com_z=0.935 com_x=-0.153
t= 13.00 max|qacc|=     103.0 max|qvel|=   2.36 ncon=  0 com_z=0.941 com_x=-0.147
t= 13.50 max|qacc|=      20.3 max|qvel|=   1.60 ncon=  0 com_z=0.933 com_x=-0.127
t= 14.00 max|qacc|=      44.0 max|qvel|=   2.79 ncon=  0 com_z=0.931 com_x=-0.122
t= 14.50 max|qacc|=      92.2 max|qvel|=   3.73 ncon=  0 com_z=0.934 com_x=-0.149
t= 15.00 max|qacc|=      52.3 max|qvel|=   3.13 ncon=  0 com_z=0.941 com_x=-0.150
t= 15.50 max|qacc|=      35.9 max|qvel|=   1.36 ncon=  0 com_z=0.936 com_x=-0.131
t= 16.00 max|qacc|=      14.9 max|qvel|=   0.26 ncon=  0 com_z=0.939 com_x=-0.148
t= 16.50 max|qacc|=       2.5 max|qvel|=   0.30 ncon=  0 com_z=0.942 com_x=-0.151
t= 17.00 max|qacc|=       0.4 max|qvel|=   0.12 ncon=  0 com_z=0.943 com_x=-0.152
t= 17.50 max|qacc|=       0.3 max|qvel|=   0.03 ncon=  0 com_z=0.943 com_x=-0.155
t= 18.00 max|qacc|=       0.0 max|qvel|=   0.01 ncon=  0 com_z=0.943 com_x=-0.154
t= 18.50 max|qacc|=       0.0 max|qvel|=   0.00 ncon=  0 com_z=0.943 com_x=-0.154
t= 19.00 max|qacc|=       0.0 max|qvel|=   0.00 ncon=  0 com_z=0.943 com_x=-0.154
t= 19.50 max|qacc|=       0.0 max|qvel|=   0.00 ncon=  0 com_z=0.943 com_x=-0.154
t= 20.00 max|qacc|=       0.0 max|qvel|=   0.00 ncon=  0 com_z=0.943 com_x=-0.154
t= 20.50 max|qacc|=       0.0 max|qvel|=   0.00 ncon=  0 com_z=0.943 com_x=-0.154
t= 21.00 max|qacc|=       0.0 max|qvel|=   0.00 ncon=  0 com_z=0.943 com_x=-0.154
t= 21.50 max|qacc|=       0.0 max|qvel|=   0.00 ncon=  0 com_z=0.943 com_x=-0.154
t= 22.00 max|qacc|=       0.0 max|qvel|=   0.00 ncon=  0 com_z=0.943 com_x=-0.154
t= 22.50 max|qacc|=       0.0 max|qvel|=   0.00 ncon=  0 com_z=0.943 com_x=-0.154
t= 23.00 max|qacc|=       0.0 max|qvel|=   0.00 ncon=  0 com_z=0.943 com_x=-0.154
t= 23.50 max|qacc|=       0.0 max|qvel|=   0.00 ncon=  0 com_z=0.943 com_x=-0.154
t= 24.00 max|qacc|=       0.0 max|qvel|=   0.00 ncon=  0 com_z=0.943 com_x=-0.154
t= 24.50 max|qacc|=       0.0 max|qvel|=   0.00 ncon=  0 com_z=0.943 com_x=-0.154
t= 25.00 max|qacc|=       0.0 max|qvel|=   0.00 ncon=  0 com_z=0.943 com_x=-0.154
t= 25.50 max|qacc|=       0.0 max|qvel|=   0.00 ncon=  0 com_z=0.943 com_x=-0.154
t= 26.00 max|qacc|=       0.0 max|qvel|=   0.00 ncon=  0 com_z=0.943 com_x=-0.154
t= 26.50 max|qacc|=       0.0 max|qvel|=   0.00 ncon=  0 com_z=0.943 com_x=-0.154
t= 27.00 max|qacc|=       0.0 max|qvel|=   0.00 ncon=  0 com_z=0.943 com_x=-0.154
t= 27.50 max|qacc|=       0.0 max|qvel|=   0.00 ncon=  0 com_z=0.943 com_x=-0.154
t= 28.00 max|qacc|=       0.0 max|qvel|=   0.00 ncon=  0 com_z=0.943 com_x=-0.154
t= 28.50 max|qacc|=       0.0 max|qvel|=   0.00 ncon=  0 com_z=0.943 com_x=-0.154
t= 29.00 max|qacc|=       0.0 max|qvel|=   0.00 ncon=  0 com_z=0.943 com_x=-0.154
t= 29.50 max|qacc|=       0.0 max|qvel|=   0.00 ncon=  0 com_z=0.943 com_x=-0.154
t= 30.00 max|qacc|=       0.0 max|qvel|=   0.00 ncon=  0 com_z=0.943 com_x=-0.154
t= 30.50 max|qacc|=       0.0 max|qvel|=   0.00 ncon=  0 com_z=0.943 com_x=-0.154

== summary ==
pelvis/COM height: start 0.94 m, min 0.93 m, final 0.94 m  (stayed up)
COM x: min -0.17 max -0.11 final -0.15 m
COM y: min -0.017 max +0.002 m
RG_F_r bursts during walk window: 15
RG_r: cycles in window 15, period 0.66 s (1.53 Hz), E-duty 0.32
RG_l: cycles in window 15, period 0.66 s (1.53 Hz), E-duty 0.32
peak ctrl: [0.87 1.   1.   1.   0.62 1.   0.45 0.36 0.77 0.68 0.86 1.   1.   1.
 0.82 1.   0.46 0.49 0.48 0.17] (('vas_lat_r', 'med_gas_r', 'soleus_r', 'tib_ant_r', 'psoas_r', 'semimem_r', 'glut_max2_r', 'rect_fem_r', 'sar_r', 'grac_r', 'vas_lat_l', 'med_gas_l', 'soleus_l', 'tib_ant_l', 'psoas_l', 'semimem_l', 'glut_max2_l', 'rect_fem_l', 'sar_l', 'grac_l'))
  hip_flexion_r          0.3 ..    33.9 deg
  knee_angle_r         -48.1 ..    10.1 deg
  ankle_angle_r        -62.9 ..    -1.7 deg
  hip_adduction_r      -12.6 ..    10.6 deg
  subtalar_angle_r     -10.4 ..    14.5 deg
  hip_flexion_l        -18.2 ..    32.1 deg
  knee_angle_l         -57.4 ..    10.3 deg
  ankle_angle_l        -66.5 ..     9.8 deg
  hip_adduction_l      -17.6 ..    13.7 deg
  subtalar_angle_l      -1.2 ..    24.1 deg
  pelvis_tilt           -1.9 ..     0.5 deg
  pelvis_list           -0.6 ..    -0.1 deg
  pelvis_rotation        2.2 ..     2.6 deg
saved spinal_run.npz
(plot skipped: 'PF_E2_r')
[syn6] npz columns verified: neuro_names=['DRIVE', 'POSTURE', 'RG_E_r', 'RG_F_r', 'RG_E_l', 'RG_F_l', 'PF_S1_r', 'PF_S2_r', 'PF_S3_r', 'PF_S4_r', 'BAL_TRK_FLX', 'BAL_TRK_EXT', 'BAL_LAT_R', 'BAL_LAT_L'] -> RG_E_r idx 2; key_joints -> knee_angle_r idx 4
fitted baseline loaded: e2_pf=0.222 f1_df=0.098 f1_kf=0.148 post_kneext=0.011 post_hipext=0.068 desc_f=1.400 e2_adapt=1.700
start pose (normal): applied 20 coordinates as given; pelvis ty 0.920 m (env override unset); IMU-metric torso lean -0.0 deg (+ = back)
standing solve: nnls x in [0.00, 0.70], >0.1: 14 muscles
  top: add_long_l=0.70, tib_ant_r=0.61, tib_ant_l=0.46, ext_dig_r=0.37, glut_min1_l=0.33, pect_l=0.32, glut_min2_l=0.31, ext_dig_l=0.25
Fmax range: 5..3396 N | L range sample: [0.229942 0.326094]
t=  1.00 max|qacc|=     162.0 max|qvel|=   0.92 ncon=  0 com_z=0.942 com_x=-0.161
t=  1.50 max|qacc|=      32.3 max|qvel|=   0.25 ncon=  0 com_z=0.936 com_x=-0.155
t=  2.00 max|qacc|=      10.2 max|qvel|=   0.19 ncon=  0 com_z=0.940 com_x=-0.160
t=  2.50 max|qacc|=      89.9 max|qvel|=   0.13 ncon=  0 com_z=0.937 com_x=-0.156
t=  3.00 max|qacc|=      15.0 max|qvel|=   0.10 ncon=  0 com_z=0.939 com_x=-0.159
t=  3.50 max|qacc|=     176.0 max|qvel|=   1.58 ncon=  0 com_z=0.938 com_x=-0.157
t=  4.00 max|qacc|=      31.6 max|qvel|=   0.10 ncon=  0 com_z=0.938 com_x=-0.156
t=  4.50 max|qacc|=      78.3 max|qvel|=   0.08 ncon=  0 com_z=0.937 com_x=-0.154
t=  5.00 max|qacc|=      87.0 max|qvel|=   1.84 ncon=  0 com_z=0.925 com_x=-0.101
t=  5.50 max|qacc|=      39.1 max|qvel|=   1.70 ncon=  0 com_z=0.928 com_x=-0.127
t=  6.00 max|qacc|=      42.7 max|qvel|=   1.33 ncon=  0 com_z=0.928 com_x=-0.122
t=  6.50 max|qacc|=      52.5 max|qvel|=   1.46 ncon=  0 com_z=0.929 com_x=-0.126
t=  7.00 max|qacc|=      57.2 max|qvel|=   1.39 ncon=  0 com_z=0.931 com_x=-0.131
t=  7.50 max|qacc|=      34.1 max|qvel|=   0.80 ncon=  0 com_z=0.937 com_x=-0.143
t=  8.00 max|qacc|=      30.2 max|qvel|=   0.57 ncon=  0 com_z=0.938 com_x=-0.146
t=  8.50 max|qacc|=      31.8 max|qvel|=   0.51 ncon=  0 com_z=0.939 com_x=-0.146
t=  9.00 max|qacc|=      31.5 max|qvel|=   0.90 ncon=  0 com_z=0.939 com_x=-0.146
t=  9.50 max|qacc|=      32.3 max|qvel|=   1.19 ncon=  0 com_z=0.939 com_x=-0.146
t= 10.00 max|qacc|=      32.2 max|qvel|=   1.24 ncon=  0 com_z=0.939 com_x=-0.146
t= 10.50 max|qacc|=      30.5 max|qvel|=   1.27 ncon=  0 com_z=0.939 com_x=-0.146
t= 11.00 max|qacc|=      27.6 max|qvel|=   1.26 ncon=  0 com_z=0.939 com_x=-0.147
t= 11.50 max|qacc|=      27.0 max|qvel|=   1.22 ncon=  0 com_z=0.939 com_x=-0.147
t= 12.00 max|qacc|=      25.7 max|qvel|=   1.16 ncon=  0 com_z=0.939 com_x=-0.147
t= 12.50 max|qacc|=      24.1 max|qvel|=   1.08 ncon=  0 com_z=0.939 com_x=-0.147
t= 13.00 max|qacc|=      22.2 max|qvel|=   1.02 ncon=  0 com_z=0.939 com_x=-0.147
t= 13.50 max|qacc|=      21.7 max|qvel|=   1.11 ncon=  0 com_z=0.939 com_x=-0.147
t= 14.00 max|qacc|=      24.1 max|qvel|=   1.19 ncon=  0 com_z=0.939 com_x=-0.148
t= 14.50 max|qacc|=      26.1 max|qvel|=   1.26 ncon=  0 com_z=0.939 com_x=-0.148
t= 15.00 max|qacc|=      27.7 max|qvel|=   1.30 ncon=  0 com_z=0.939 com_x=-0.148
t= 15.50 max|qacc|=      16.6 max|qvel|=   1.10 ncon=  0 com_z=0.940 com_x=-0.148
t= 16.00 max|qacc|=      17.2 max|qvel|=   2.26 ncon=  0 com_z=0.933 com_x=-0.136
t= 16.50 max|qacc|=     127.8 max|qvel|=   2.65 ncon=  0 com_z=0.940 com_x=-0.159
t= 17.00 max|qacc|=      65.3 max|qvel|=   0.28 ncon=  0 com_z=0.937 com_x=-0.154
t= 17.50 max|qacc|=      35.7 max|qvel|=   0.11 ncon=  0 com_z=0.938 com_x=-0.158
t= 18.00 max|qacc|=      87.0 max|qvel|=   0.16 ncon=  0 com_z=0.938 com_x=-0.157
t= 18.50 max|qacc|=      35.0 max|qvel|=   0.21 ncon=  0 com_z=0.938 com_x=-0.157
t= 19.00 max|qacc|=      12.0 max|qvel|=   0.13 ncon=  0 com_z=0.938 com_x=-0.157
t= 19.50 max|qacc|=      18.8 max|qvel|=   0.13 ncon=  0 com_z=0.938 com_x=-0.157
t= 20.00 max|qacc|=     216.8 max|qvel|=   0.33 ncon=  0 com_z=0.938 com_x=-0.157
t= 20.50 max|qacc|=      39.5 max|qvel|=   0.08 ncon=  0 com_z=0.938 com_x=-0.157
t= 21.00 max|qacc|=     306.6 max|qvel|=   0.87 ncon=  0 com_z=0.938 com_x=-0.157
t= 21.50 max|qacc|=     305.5 max|qvel|=   0.28 ncon=  0 com_z=0.938 com_x=-0.157
t= 22.00 max|qacc|=      71.0 max|qvel|=   0.08 ncon=  0 com_z=0.938 com_x=-0.157
t= 22.50 max|qacc|=       7.3 max|qvel|=   0.08 ncon=  0 com_z=0.938 com_x=-0.157
t= 23.00 max|qacc|=     147.7 max|qvel|=   0.26 ncon=  0 com_z=0.938 com_x=-0.157
t= 23.50 max|qacc|=      24.7 max|qvel|=   0.10 ncon=  0 com_z=0.938 com_x=-0.157
t= 24.00 max|qacc|=     107.4 max|qvel|=   0.05 ncon=  0 com_z=0.938 com_x=-0.157
t= 24.50 max|qacc|=      28.4 max|qvel|=   0.14 ncon=  0 com_z=0.938 com_x=-0.157
t= 25.00 max|qacc|=      27.7 max|qvel|=   0.12 ncon=  0 com_z=0.938 com_x=-0.157
t= 25.50 max|qacc|=      10.6 max|qvel|=   0.16 ncon=  0 com_z=0.938 com_x=-0.157
t= 26.00 max|qacc|=      90.6 max|qvel|=   0.07 ncon=  0 com_z=0.938 com_x=-0.157
t= 26.50 max|qacc|=      14.1 max|qvel|=   0.09 ncon=  0 com_z=0.938 com_x=-0.157
t= 27.00 max|qacc|=     125.9 max|qvel|=   0.43 ncon=  0 com_z=0.938 com_x=-0.157
t= 27.50 max|qacc|=     172.4 max|qvel|=   0.22 ncon=  0 com_z=0.938 com_x=-0.157
t= 28.00 max|qacc|=      82.9 max|qvel|=   0.15 ncon=  0 com_z=0.938 com_x=-0.157
t= 28.50 max|qacc|=     112.1 max|qvel|=   0.05 ncon=  0 com_z=0.938 com_x=-0.157
t= 29.00 max|qacc|=      67.5 max|qvel|=   0.13 ncon=  0 com_z=0.938 com_x=-0.157
t= 29.50 max|qacc|=      54.0 max|qvel|=   0.14 ncon=  0 com_z=0.938 com_x=-0.157
t= 30.00 max|qacc|=      66.0 max|qvel|=   0.05 ncon=  0 com_z=0.938 com_x=-0.157
t= 30.50 max|qacc|=      23.3 max|qvel|=   0.17 ncon=  0 com_z=0.938 com_x=-0.157

== summary ==
pelvis/COM height: start 0.94 m, min 0.93 m, final 0.94 m  (stayed up)
COM x: min -0.17 max -0.10 final -0.16 m
COM y: min -0.019 max +0.003 m
RG_F_r bursts during walk window: 20
RG_r: cycles in window 20, period 0.49 s (2.02 Hz), E-duty 0.45
RG_l: cycles in window 20, period 0.49 s (2.02 Hz), E-duty 0.45
peak ctrl: [0.88 1.   1.   1.   0.62 1.   0.31 0.38 0.76 0.69 0.88 1.   1.   1.
 0.79 1.   0.41 0.52 0.44 0.22] (('vas_lat_r', 'med_gas_r', 'soleus_r', 'tib_ant_r', 'psoas_r', 'semimem_r', 'glut_max2_r', 'rect_fem_r', 'sar_r', 'grac_r', 'vas_lat_l', 'med_gas_l', 'soleus_l', 'tib_ant_l', 'psoas_l', 'semimem_l', 'glut_max2_l', 'rect_fem_l', 'sar_l', 'grac_l'))
  hip_flexion_r          3.6 ..    33.9 deg
  knee_angle_r         -53.8 ..    10.1 deg
  ankle_angle_r        -62.9 ..    -1.7 deg
  hip_adduction_r       -7.8 ..    16.4 deg
  subtalar_angle_r     -11.9 ..    14.9 deg
  hip_flexion_l        -21.3 ..    33.0 deg
  knee_angle_l         -57.8 ..    10.3 deg
  ankle_angle_l        -66.8 ..     9.8 deg
  hip_adduction_l      -11.7 ..    17.1 deg
  subtalar_angle_l      -1.2 ..    10.3 deg
  pelvis_tilt           -1.9 ..     0.5 deg
  pelvis_list           -0.8 ..     0.1 deg
  pelvis_rotation        2.2 ..     2.6 deg
saved spinal_run.npz
(plot skipped: 'PF_E2_r')
fitted baseline loaded: e2_pf=0.222 f1_df=0.098 f1_kf=0.148 post_kneext=0.011 post_hipext=0.068 desc_f=1.400 e2_adapt=1.700
start pose (normal): applied 20 coordinates as given; pelvis ty 0.920 m (env override unset); IMU-metric torso lean -0.0 deg (+ = back)
standing solve: nnls x in [0.00, 0.70], >0.1: 14 muscles
  top: add_long_l=0.70, tib_ant_r=0.61, tib_ant_l=0.46, ext_dig_r=0.37, glut_min1_l=0.33, pect_l=0.32, glut_min2_l=0.31, ext_dig_l=0.25
Fmax range: 5..3396 N | L range sample: [0.229942 0.326094]
t=  1.00 max|qacc|=     245.0 max|qvel|=   1.45 ncon=  0 com_z=0.942 com_x=-0.161
t=  1.50 max|qacc|=      36.6 max|qvel|=   0.24 ncon=  0 com_z=0.937 com_x=-0.155
t=  2.00 max|qacc|=      38.9 max|qvel|=   0.73 ncon=  0 com_z=0.939 com_x=-0.160
t=  2.50 max|qacc|=      69.9 max|qvel|=   0.09 ncon=  0 com_z=0.938 com_x=-0.156
t=  3.00 max|qacc|=     113.4 max|qvel|=   0.25 ncon=  0 com_z=0.939 com_x=-0.158
t=  3.50 max|qacc|=      44.1 max|qvel|=   0.14 ncon=  0 com_z=0.938 com_x=-0.157
t=  4.00 max|qacc|=      86.9 max|qvel|=   0.16 ncon=  0 com_z=0.938 com_x=-0.156
t=  4.50 max|qacc|=      50.7 max|qvel|=   5.33 ncon=  0 com_z=0.930 com_x=-0.124
t=  5.00 max|qacc|=      80.5 max|qvel|=   1.63 ncon=  0 com_z=0.933 com_x=-0.124
t=  5.50 max|qacc|=      83.0 max|qvel|=   0.96 ncon=  0 com_z=0.940 com_x=-0.150
t=  6.00 max|qacc|=      22.9 max|qvel|=   2.34 ncon=  0 com_z=0.938 com_x=-0.149
t=  6.50 max|qacc|=      67.3 max|qvel|=   0.74 ncon=  0 com_z=0.938 com_x=-0.151
t=  7.00 max|qacc|=      41.7 max|qvel|=   2.90 ncon=  0 com_z=0.938 com_x=-0.150
t=  7.50 max|qacc|=     100.0 max|qvel|=   0.29 ncon=  0 com_z=0.939 com_x=-0.150
t=  8.00 max|qacc|=      23.3 max|qvel|=   2.75 ncon=  0 com_z=0.938 com_x=-0.150
t=  8.50 max|qacc|=      80.2 max|qvel|=   0.43 ncon=  0 com_z=0.938 com_x=-0.151
t=  9.00 max|qacc|=      41.0 max|qvel|=   3.19 ncon=  0 com_z=0.938 com_x=-0.150
t=  9.50 max|qacc|=      78.0 max|qvel|=   1.57 ncon=  0 com_z=0.939 com_x=-0.150
t= 10.00 max|qacc|=      43.9 max|qvel|=   2.23 ncon=  0 com_z=0.938 com_x=-0.151
t= 10.50 max|qacc|=      73.7 max|qvel|=   1.61 ncon=  0 com_z=0.938 com_x=-0.151
t= 11.00 max|qacc|=      86.6 max|qvel|=   2.16 ncon=  0 com_z=0.939 com_x=-0.150
t= 11.50 max|qacc|=      47.8 max|qvel|=   2.39 ncon=  0 com_z=0.938 com_x=-0.150
t= 12.00 max|qacc|=      64.9 max|qvel|=   1.39 ncon=  0 com_z=0.938 com_x=-0.151
t= 12.50 max|qacc|=      58.8 max|qvel|=   2.59 ncon=  0 com_z=0.938 com_x=-0.150
t= 13.00 max|qacc|=     104.0 max|qvel|=   0.71 ncon=  0 com_z=0.939 com_x=-0.149
t= 13.50 max|qacc|=      22.0 max|qvel|=   2.75 ncon=  0 com_z=0.938 com_x=-0.150
t= 14.00 max|qacc|=      76.0 max|qvel|=   0.44 ncon=  0 com_z=0.938 com_x=-0.151
t= 14.50 max|qacc|=      19.0 max|qvel|=   3.22 ncon=  0 com_z=0.938 com_x=-0.150
t= 15.00 max|qacc|=      93.3 max|qvel|=   0.71 ncon=  0 com_z=0.939 com_x=-0.149
t= 15.50 max|qacc|=      23.7 max|qvel|=   2.52 ncon=  0 com_z=0.938 com_x=-0.151
t= 16.00 max|qacc|=      52.8 max|qvel|=   0.60 ncon=  0 com_z=0.940 com_x=-0.152
t= 16.50 max|qacc|=      40.1 max|qvel|=   0.63 ncon=  0 com_z=0.941 com_x=-0.154
t= 17.00 max|qacc|=      20.6 max|qvel|=   0.68 ncon=  0 com_z=0.943 com_x=-0.155
t= 17.50 max|qacc|=      13.4 max|qvel|=   0.39 ncon=  0 com_z=0.944 com_x=-0.156
t= 18.00 max|qacc|=      11.6 max|qvel|=   0.29 ncon=  0 com_z=0.944 com_x=-0.156
t= 18.50 max|qacc|=      11.4 max|qvel|=   0.23 ncon=  0 com_z=0.943 com_x=-0.156
t= 19.00 max|qacc|=      12.1 max|qvel|=   0.18 ncon=  0 com_z=0.944 com_x=-0.156
t= 19.50 max|qacc|=      12.6 max|qvel|=   0.18 ncon=  0 com_z=0.944 com_x=-0.156
t= 20.00 max|qacc|=      12.5 max|qvel|=   0.17 ncon=  0 com_z=0.944 com_x=-0.156
t= 20.50 max|qacc|=      11.9 max|qvel|=   0.15 ncon=  0 com_z=0.944 com_x=-0.156
t= 21.00 max|qacc|=      10.7 max|qvel|=   0.12 ncon=  0 com_z=0.944 com_x=-0.156
t= 21.50 max|qacc|=       8.8 max|qvel|=   0.14 ncon=  0 com_z=0.943 com_x=-0.156
t= 22.00 max|qacc|=       8.0 max|qvel|=   0.16 ncon=  0 com_z=0.943 com_x=-0.156
t= 22.50 max|qacc|=       8.0 max|qvel|=   0.17 ncon=  0 com_z=0.943 com_x=-0.155
t= 23.00 max|qacc|=       6.7 max|qvel|=   0.15 ncon=  0 com_z=0.943 com_x=-0.155
t= 23.50 max|qacc|=       3.4 max|qvel|=   0.09 ncon=  0 com_z=0.943 com_x=-0.155
t= 24.00 max|qacc|=       2.1 max|qvel|=   0.07 ncon=  0 com_z=0.943 com_x=-0.155
t= 24.50 max|qacc|=       1.4 max|qvel|=   0.04 ncon=  0 com_z=0.943 com_x=-0.155
t= 25.00 max|qacc|=       1.0 max|qvel|=   0.03 ncon=  0 com_z=0.943 com_x=-0.155
t= 25.50 max|qacc|=       0.6 max|qvel|=   0.01 ncon=  0 com_z=0.943 com_x=-0.155
t= 26.00 max|qacc|=       0.3 max|qvel|=   0.01 ncon=  0 com_z=0.943 com_x=-0.155
t= 26.50 max|qacc|=       0.2 max|qvel|=   0.00 ncon=  0 com_z=0.943 com_x=-0.155
t= 27.00 max|qacc|=       0.1 max|qvel|=   0.00 ncon=  0 com_z=0.943 com_x=-0.155
t= 27.50 max|qacc|=       0.1 max|qvel|=   0.00 ncon=  0 com_z=0.943 com_x=-0.155
t= 28.00 max|qacc|=       0.0 max|qvel|=   0.00 ncon=  0 com_z=0.943 com_x=-0.155
t= 28.50 max|qacc|=       0.0 max|qvel|=   0.00 ncon=  0 com_z=0.943 com_x=-0.155
t= 29.00 max|qacc|=       0.0 max|qvel|=   0.00 ncon=  0 com_z=0.943 com_x=-0.155
t= 29.50 max|qacc|=       0.0 max|qvel|=   0.00 ncon=  0 com_z=0.943 com_x=-0.155
t= 30.00 max|qacc|=       0.0 max|qvel|=   0.00 ncon=  0 com_z=0.943 com_x=-0.155
t= 30.50 max|qacc|=       0.0 max|qvel|=   0.00 ncon=  0 com_z=0.943 com_x=-0.155

== summary ==
pelvis/COM height: start 0.94 m, min 0.93 m, final 0.94 m  (stayed up)
COM x: min -0.17 max -0.10 final -0.15 m
COM y: min -0.020 max +0.002 m
RG_F_r bursts during walk window: 1
RG_r: cycles in window 2, period 0.26 s (3.88 Hz), E-duty 0.99
RG_l: cycles in window 2, period 0.26 s (3.88 Hz), E-duty 0.99
peak ctrl: [0.87 1.   1.   1.   0.61 1.   0.35 0.36 0.76 0.68 0.86 1.   1.   1.
 0.77 1.   0.36 0.49 0.41 0.17] (('vas_lat_r', 'med_gas_r', 'soleus_r', 'tib_ant_r', 'psoas_r', 'semimem_r', 'glut_max2_r', 'rect_fem_r', 'sar_r', 'grac_r', 'vas_lat_l', 'med_gas_l', 'soleus_l', 'tib_ant_l', 'psoas_l', 'semimem_l', 'glut_max2_l', 'rect_fem_l', 'sar_l', 'grac_l'))
  hip_flexion_r          4.3 ..    34.1 deg
  knee_angle_r         -48.6 ..    10.1 deg
  ankle_angle_r        -62.7 ..    -1.7 deg
  hip_adduction_r       -4.2 ..    12.3 deg
  subtalar_angle_r     -16.1 ..    15.1 deg
  hip_flexion_l        -23.2 ..    33.5 deg
  knee_angle_l         -52.3 ..    10.3 deg
  ankle_angle_l        -66.5 ..     9.8 deg
  hip_adduction_l       -8.3 ..    13.6 deg
  subtalar_angle_l      -1.2 ..    21.6 deg
  pelvis_tilt           -1.9 ..     0.6 deg
  pelvis_list           -0.6 ..    -0.0 deg
  pelvis_rotation        2.3 ..     2.6 deg
saved spinal_run.npz
(plot skipped: 'PF_E2_r')
fitted baseline loaded: e2_pf=0.222 f1_df=0.098 f1_kf=0.148 post_kneext=0.011 post_hipext=0.068 desc_f=1.400 e2_adapt=1.700
start pose (normal): applied 20 coordinates as given; pelvis ty 0.920 m (env override unset); IMU-metric torso lean -0.0 deg (+ = back)
standing solve: nnls x in [0.00, 0.70], >0.1: 14 muscles
  top: add_long_l=0.70, tib_ant_r=0.61, tib_ant_l=0.46, ext_dig_r=0.37, glut_min1_l=0.33, pect_l=0.32, glut_min2_l=0.31, ext_dig_l=0.25
Fmax range: 5..3396 N | L range sample: [0.229942 0.326094]
t=  1.00 max|qacc|=     272.3 max|qvel|=   1.84 ncon=  0 com_z=0.942 com_x=-0.160
t=  1.50 max|qacc|=      18.5 max|qvel|=   0.28 ncon=  0 com_z=0.936 com_x=-0.155
t=  2.00 max|qacc|=      60.8 max|qvel|=   0.38 ncon=  0 com_z=0.939 com_x=-0.160
t=  2.50 max|qacc|=      86.8 max|qvel|=   0.22 ncon=  0 com_z=0.937 com_x=-0.156
t=  3.00 max|qacc|=     172.6 max|qvel|=   0.20 ncon=  0 com_z=0.939 com_x=-0.158
t=  3.50 max|qacc|=      24.1 max|qvel|=   0.22 ncon=  0 com_z=0.938 com_x=-0.156
t=  4.00 max|qacc|=      58.8 max|qvel|=   0.12 ncon=  0 com_z=0.938 com_x=-0.155
t=  4.50 max|qacc|=      29.7 max|qvel|=   1.66 ncon=  0 com_z=0.937 com_x=-0.153
t=  5.00 max|qacc|=     144.2 max|qvel|=   3.13 ncon=  0 com_z=0.931 com_x=-0.118
t=  5.50 max|qacc|=     130.8 max|qvel|=   1.99 ncon=  0 com_z=0.933 com_x=-0.128
t=  6.00 max|qacc|=      55.4 max|qvel|=   1.82 ncon=  0 com_z=0.937 com_x=-0.138
t=  6.50 max|qacc|=      54.6 max|qvel|=   0.82 ncon=  0 com_z=0.938 com_x=-0.144
t=  7.00 max|qacc|=      15.5 max|qvel|=   1.90 ncon=  0 com_z=0.937 com_x=-0.144
t=  7.50 max|qacc|=      14.6 max|qvel|=   1.56 ncon=  0 com_z=0.937 com_x=-0.145
t=  8.00 max|qacc|=      27.0 max|qvel|=   0.83 ncon=  0 com_z=0.938 com_x=-0.147
t=  8.50 max|qacc|=      55.4 max|qvel|=   1.81 ncon=  0 com_z=0.938 com_x=-0.145
t=  9.00 max|qacc|=      22.9 max|qvel|=   0.43 ncon=  0 com_z=0.938 com_x=-0.143
t=  9.50 max|qacc|=      17.8 max|qvel|=   0.83 ncon=  0 com_z=0.937 com_x=-0.144
t= 10.00 max|qacc|=      11.2 max|qvel|=   0.83 ncon=  0 com_z=0.938 com_x=-0.144
t= 10.50 max|qacc|=      24.1 max|qvel|=   0.59 ncon=  0 com_z=0.938 com_x=-0.147
t= 11.00 max|qacc|=      63.3 max|qvel|=   1.92 ncon=  0 com_z=0.938 com_x=-0.145
t= 11.50 max|qacc|=      42.9 max|qvel|=   0.82 ncon=  0 com_z=0.938 com_x=-0.143
t= 12.00 max|qacc|=      15.4 max|qvel|=   0.80 ncon=  0 com_z=0.937 com_x=-0.144
t= 12.50 max|qacc|=      11.4 max|qvel|=   0.75 ncon=  0 com_z=0.937 com_x=-0.144
t= 13.00 max|qacc|=      23.1 max|qvel|=   0.52 ncon=  0 com_z=0.938 com_x=-0.146
t= 13.50 max|qacc|=      49.2 max|qvel|=   1.53 ncon=  0 com_z=0.938 com_x=-0.146
t= 14.00 max|qacc|=      46.6 max|qvel|=   1.08 ncon=  0 com_z=0.938 com_x=-0.143
t= 14.50 max|qacc|=      11.6 max|qvel|=   1.01 ncon=  0 com_z=0.937 com_x=-0.143
t= 15.00 max|qacc|=      12.8 max|qvel|=   0.68 ncon=  0 com_z=0.938 com_x=-0.144
t= 15.50 max|qacc|=      18.4 max|qvel|=   0.73 ncon=  0 com_z=0.939 com_x=-0.145
t= 16.00 max|qacc|=      32.5 max|qvel|=   2.70 ncon=  0 com_z=0.933 com_x=-0.132
t= 16.50 max|qacc|=      91.1 max|qvel|=   0.48 ncon=  0 com_z=0.941 com_x=-0.163
t= 17.00 max|qacc|=      42.6 max|qvel|=   0.30 ncon=  0 com_z=0.936 com_x=-0.153
t= 17.50 max|qacc|=      64.0 max|qvel|=   0.15 ncon=  0 com_z=0.938 com_x=-0.158
t= 18.00 max|qacc|=     103.3 max|qvel|=   0.76 ncon=  0 com_z=0.938 com_x=-0.156
t= 18.50 max|qacc|=      61.9 max|qvel|=   0.14 ncon=  0 com_z=0.938 com_x=-0.156
t= 19.00 max|qacc|=     185.3 max|qvel|=   0.18 ncon=  0 com_z=0.938 com_x=-0.157
t= 19.50 max|qacc|=     122.5 max|qvel|=   0.07 ncon=  0 com_z=0.938 com_x=-0.156
t= 20.00 max|qacc|=      84.0 max|qvel|=   0.66 ncon=  0 com_z=0.938 com_x=-0.156
t= 20.50 max|qacc|=      11.6 max|qvel|=   0.14 ncon=  0 com_z=0.938 com_x=-0.157
t= 21.00 max|qacc|=     220.0 max|qvel|=   0.59 ncon=  0 com_z=0.938 com_x=-0.156
t= 21.50 max|qacc|=     174.1 max|qvel|=   1.53 ncon=  0 com_z=0.938 com_x=-0.157
t= 22.00 max|qacc|=      33.5 max|qvel|=   0.60 ncon=  0 com_z=0.938 com_x=-0.156
t= 22.50 max|qacc|=      58.5 max|qvel|=   0.46 ncon=  0 com_z=0.938 com_x=-0.157
t= 23.00 max|qacc|=      96.4 max|qvel|=   0.10 ncon=  0 com_z=0.938 com_x=-0.157
t= 23.50 max|qacc|=      61.4 max|qvel|=   0.11 ncon=  0 com_z=0.938 com_x=-0.156
t= 24.00 max|qacc|=      23.4 max|qvel|=   0.11 ncon=  0 com_z=0.938 com_x=-0.157
t= 24.50 max|qacc|=      51.1 max|qvel|=   0.24 ncon=  0 com_z=0.938 com_x=-0.156
t= 25.00 max|qacc|=      21.5 max|qvel|=   0.22 ncon=  0 com_z=0.938 com_x=-0.157
t= 25.50 max|qacc|=      86.7 max|qvel|=   0.15 ncon=  0 com_z=0.938 com_x=-0.157
t= 26.00 max|qacc|=       8.4 max|qvel|=   0.10 ncon=  0 com_z=0.938 com_x=-0.157
t= 26.50 max|qacc|=      78.3 max|qvel|=   0.08 ncon=  0 com_z=0.938 com_x=-0.157
t= 27.00 max|qacc|=     106.5 max|qvel|=   0.17 ncon=  0 com_z=0.938 com_x=-0.156
t= 27.50 max|qacc|=      58.0 max|qvel|=   0.07 ncon=  0 com_z=0.938 com_x=-0.157
t= 28.00 max|qacc|=      34.5 max|qvel|=   0.15 ncon=  0 com_z=0.938 com_x=-0.156
t= 28.50 max|qacc|=      99.8 max|qvel|=   0.11 ncon=  0 com_z=0.938 com_x=-0.157
t= 29.00 max|qacc|=      33.1 max|qvel|=   0.46 ncon=  0 com_z=0.938 com_x=-0.156
t= 29.50 max|qacc|=     137.5 max|qvel|=   0.18 ncon=  0 com_z=0.938 com_x=-0.157
t= 30.00 max|qacc|=      14.6 max|qvel|=   0.28 ncon=  0 com_z=0.938 com_x=-0.156
t= 30.50 max|qacc|=      31.7 max|qvel|=   0.15 ncon=  0 com_z=0.938 com_x=-0.156

== summary ==
pelvis/COM height: start 0.94 m, min 0.93 m, final 0.94 m  (stayed up)
COM x: min -0.17 max -0.10 final -0.16 m
COM y: min -0.019 max +0.002 m
RG_F_r bursts during walk window: 24
RG_r: cycles in window 24, period 0.42 s (2.39 Hz), E-duty 0.41
RG_l: cycles in window 24, period 0.42 s (2.39 Hz), E-duty 0.41
peak ctrl: [0.88 1.   1.   1.   0.62 1.   0.3  0.36 0.76 0.68 0.88 1.   1.   1.
 0.81 1.   0.39 0.51 0.43 0.22] (('vas_lat_r', 'med_gas_r', 'soleus_r', 'tib_ant_r', 'psoas_r', 'semimem_r', 'glut_max2_r', 'rect_fem_r', 'sar_r', 'grac_r', 'vas_lat_l', 'med_gas_l', 'soleus_l', 'tib_ant_l', 'psoas_l', 'semimem_l', 'glut_max2_l', 'rect_fem_l', 'sar_l', 'grac_l'))
  hip_flexion_r          2.3 ..    33.7 deg
  knee_angle_r         -53.8 ..    10.1 deg
  ankle_angle_r        -62.9 ..    -1.7 deg
  hip_adduction_r       -6.0 ..    16.2 deg
  subtalar_angle_r     -11.7 ..    14.9 deg
  hip_flexion_l        -21.0 ..    33.1 deg
  knee_angle_l         -55.4 ..    10.3 deg
  ankle_angle_l        -66.5 ..     9.8 deg
  hip_adduction_l      -10.2 ..    16.1 deg
  subtalar_angle_l      -1.2 ..    10.6 deg
  pelvis_tilt           -1.9 ..     0.6 deg
  pelvis_list           -0.6 ..     0.0 deg
  pelvis_rotation        2.3 ..     2.6 deg
saved spinal_run.npz
(plot skipped: 'PF_E2_r')
fitted baseline loaded: e2_pf=0.222 f1_df=0.098 f1_kf=0.148 post_kneext=0.011 post_hipext=0.068 desc_f=1.400 e2_adapt=1.700
start pose (normal): applied 20 coordinates as given; pelvis ty 0.920 m (env override unset); IMU-metric torso lean -0.0 deg (+ = back)
standing solve: nnls x in [0.00, 0.70], >0.1: 14 muscles
  top: add_long_l=0.70, tib_ant_r=0.61, tib_ant_l=0.46, ext_dig_r=0.37, glut_min1_l=0.33, pect_l=0.32, glut_min2_l=0.31, ext_dig_l=0.25
Fmax range: 5..3396 N | L range sample: [0.229942 0.326094]
t=  1.00 max|qacc|=     103.4 max|qvel|=   1.16 ncon=  0 com_z=0.942 com_x=-0.160
t=  1.50 max|qacc|=      14.3 max|qvel|=   0.23 ncon=  0 com_z=0.936 com_x=-0.155
t=  2.00 max|qacc|=      42.7 max|qvel|=   0.22 ncon=  0 com_z=0.939 com_x=-0.160
t=  2.50 max|qacc|=      85.5 max|qvel|=   0.24 ncon=  0 com_z=0.937 com_x=-0.156
t=  3.00 max|qacc|=      14.1 max|qvel|=   0.18 ncon=  0 com_z=0.939 com_x=-0.158
t=  3.50 max|qacc|=     111.8 max|qvel|=   0.24 ncon=  0 com_z=0.938 com_x=-0.156
t=  4.00 max|qacc|=      93.4 max|qvel|=   0.28 ncon=  0 com_z=0.938 com_x=-0.155
t=  4.50 max|qacc|=     149.9 max|qvel|=   1.79 ncon=  0 com_z=0.937 com_x=-0.154
t=  5.00 max|qacc|=      55.7 max|qvel|=   2.01 ncon=  0 com_z=0.927 com_x=-0.117
t=  5.50 max|qacc|=     102.4 max|qvel|=   1.38 ncon=  0 com_z=0.933 com_x=-0.142
t=  6.00 max|qacc|=      14.1 max|qvel|=   0.22 ncon=  0 com_z=0.937 com_x=-0.150
t=  6.50 max|qacc|=      12.4 max|qvel|=   0.11 ncon=  0 com_z=0.935 com_x=-0.148
t=  7.00 max|qacc|=      55.9 max|qvel|=   0.22 ncon=  0 com_z=0.936 com_x=-0.149
t=  7.50 max|qacc|=      68.1 max|qvel|=   0.28 ncon=  0 com_z=0.935 com_x=-0.148
t=  8.00 max|qacc|=     139.6 max|qvel|=   0.87 ncon=  0 com_z=0.936 com_x=-0.149
t=  8.50 max|qacc|=     118.7 max|qvel|=   0.12 ncon=  0 com_z=0.936 com_x=-0.148
t=  9.00 max|qacc|=      15.0 max|qvel|=   0.10 ncon=  0 com_z=0.936 com_x=-0.149
t=  9.50 max|qacc|=      84.3 max|qvel|=   0.14 ncon=  0 com_z=0.936 com_x=-0.149
t= 10.00 max|qacc|=     126.9 max|qvel|=   0.09 ncon=  0 com_z=0.936 com_x=-0.149
t= 10.50 max|qacc|=      40.0 max|qvel|=   0.48 ncon=  0 com_z=0.935 com_x=-0.148
t= 11.00 max|qacc|=      42.5 max|qvel|=   0.19 ncon=  0 com_z=0.936 com_x=-0.149
t= 11.50 max|qacc|=      19.2 max|qvel|=   0.06 ncon=  0 com_z=0.936 com_x=-0.149
t= 12.00 max|qacc|=     224.2 max|qvel|=   0.66 ncon=  0 com_z=0.936 com_x=-0.148
t= 12.50 max|qacc|=      34.0 max|qvel|=   0.07 ncon=  0 com_z=0.936 com_x=-0.149
t= 13.00 max|qacc|=      50.0 max|qvel|=   0.09 ncon=  0 com_z=0.936 com_x=-0.149
t= 13.50 max|qacc|=      16.3 max|qvel|=   0.10 ncon=  0 com_z=0.936 com_x=-0.149
t= 14.00 max|qacc|=      34.1 max|qvel|=   0.23 ncon=  0 com_z=0.936 com_x=-0.149
t= 14.50 max|qacc|=      28.6 max|qvel|=   0.11 ncon=  0 com_z=0.936 com_x=-0.149
t= 15.00 max|qacc|=     406.0 max|qvel|=   0.27 ncon=  0 com_z=0.936 com_x=-0.149
t= 15.50 max|qacc|=     104.2 max|qvel|=   0.47 ncon=  0 com_z=0.936 com_x=-0.149
t= 16.00 max|qacc|=      53.1 max|qvel|=   0.12 ncon=  0 com_z=0.936 com_x=-0.149
t= 16.50 max|qacc|=      45.7 max|qvel|=   0.07 ncon=  0 com_z=0.936 com_x=-0.150
t= 17.00 max|qacc|=      37.7 max|qvel|=   0.50 ncon=  0 com_z=0.936 com_x=-0.151
t= 17.50 max|qacc|=      52.5 max|qvel|=   1.30 ncon=  0 com_z=0.936 com_x=-0.152
t= 18.00 max|qacc|=      22.5 max|qvel|=   0.33 ncon=  0 com_z=0.937 com_x=-0.152
t= 18.50 max|qacc|=     116.6 max|qvel|=   0.56 ncon=  0 com_z=0.937 com_x=-0.152
t= 19.00 max|qacc|=      86.6 max|qvel|=   0.48 ncon=  0 com_z=0.937 com_x=-0.152
t= 19.50 max|qacc|=     275.3 max|qvel|=   0.23 ncon=  0 com_z=0.937 com_x=-0.152
t= 20.00 max|qacc|=      70.6 max|qvel|=   0.36 ncon=  0 com_z=0.937 com_x=-0.152
t= 20.50 max|qacc|=      17.6 max|qvel|=   0.08 ncon=  0 com_z=0.937 com_x=-0.152
t= 21.00 max|qacc|=     360.8 max|qvel|=   0.44 ncon=  0 com_z=0.937 com_x=-0.152
t= 21.50 max|qacc|=      59.6 max|qvel|=   0.16 ncon=  0 com_z=0.937 com_x=-0.152
t= 22.00 max|qacc|=      56.4 max|qvel|=   0.09 ncon=  0 com_z=0.936 com_x=-0.152
t= 22.50 max|qacc|=      82.4 max|qvel|=   0.36 ncon=  0 com_z=0.937 com_x=-0.152
t= 23.00 max|qacc|=      14.2 max|qvel|=   0.15 ncon=  0 com_z=0.937 com_x=-0.152
t= 23.50 max|qacc|=      82.1 max|qvel|=   0.08 ncon=  0 com_z=0.937 com_x=-0.152
t= 24.00 max|qacc|=      32.7 max|qvel|=   0.12 ncon=  0 com_z=0.937 com_x=-0.152
t= 24.50 max|qacc|=      17.5 max|qvel|=   0.13 ncon=  0 com_z=0.936 com_x=-0.152
t= 25.00 max|qacc|=     137.7 max|qvel|=   0.12 ncon=  0 com_z=0.937 com_x=-0.152
t= 25.50 max|qacc|=      64.0 max|qvel|=   0.13 ncon=  0 com_z=0.937 com_x=-0.152
t= 26.00 max|qacc|=      39.5 max|qvel|=   0.17 ncon=  0 com_z=0.937 com_x=-0.152
t= 26.50 max|qacc|=      47.5 max|qvel|=   0.06 ncon=  0 com_z=0.937 com_x=-0.152
t= 27.00 max|qacc|=      38.3 max|qvel|=   0.27 ncon=  0 com_z=0.937 com_x=-0.152
t= 27.50 max|qacc|=      37.5 max|qvel|=   0.04 ncon=  0 com_z=0.937 com_x=-0.152
t= 28.00 max|qacc|=      49.8 max|qvel|=   0.21 ncon=  0 com_z=0.937 com_x=-0.152
t= 28.50 max|qacc|=      46.4 max|qvel|=   0.06 ncon=  0 com_z=0.937 com_x=-0.152
t= 29.00 max|qacc|=     300.1 max|qvel|=   0.41 ncon=  0 com_z=0.937 com_x=-0.152
t= 29.50 max|qacc|=     148.9 max|qvel|=   0.22 ncon=  0 com_z=0.937 com_x=-0.152
t= 30.00 max|qacc|=      59.1 max|qvel|=   0.08 ncon=  0 com_z=0.937 com_x=-0.152
t= 30.50 max|qacc|=     150.6 max|qvel|=   0.39 ncon=  0 com_z=0.937 com_x=-0.152

== summary ==
pelvis/COM height: start 0.94 m, min 0.93 m, final 0.94 m  (stayed up)
COM x: min -0.17 max -0.10 final -0.15 m
COM y: min -0.012 max +0.002 m
RG_F_r bursts during walk window: 2
RG_r: cycles in window 3, period 0.26 s (3.80 Hz), E-duty 0.96
RG_l: cycles in window 3, period 0.26 s (3.80 Hz), E-duty 0.96
peak ctrl: [0.89 1.   1.   1.   0.69 1.   0.15 0.39 0.81 0.71 0.92 1.   1.   1.
 0.82 1.   0.19 0.53 0.53 0.21] (('vas_lat_r', 'med_gas_r', 'soleus_r', 'tib_ant_r', 'psoas_r', 'semimem_r', 'glut_max2_r', 'rect_fem_r', 'sar_r', 'grac_r', 'vas_lat_l', 'med_gas_l', 'soleus_l', 'tib_ant_l', 'psoas_l', 'semimem_l', 'glut_max2_l', 'rect_fem_l', 'sar_l', 'grac_l'))
  hip_flexion_r         13.2 ..    33.4 deg
  knee_angle_r          -3.9 ..    10.1 deg
  ankle_angle_r        -64.0 ..    -1.7 deg
  hip_adduction_r        1.1 ..    12.4 deg
  subtalar_angle_r      -6.7 ..    14.7 deg
  hip_flexion_l        -16.6 ..    32.6 deg
  knee_angle_l         -17.6 ..    10.3 deg
  ankle_angle_l        -66.7 ..     9.8 deg
  hip_adduction_l        2.7 ..    15.1 deg
  subtalar_angle_l      -1.6 ..     1.5 deg
  pelvis_tilt           -1.9 ..     0.4 deg
  pelvis_list           -0.7 ..    -0.2 deg
  pelvis_rotation        2.3 ..     2.6 deg
saved spinal_run.npz
(plot skipped: 'PF_E2_r')
fitted baseline loaded: e2_pf=0.222 f1_df=0.098 f1_kf=0.148 post_kneext=0.011 post_hipext=0.068 desc_f=1.400 e2_adapt=1.700
start pose (normal): applied 20 coordinates as given; pelvis ty 0.920 m (env override unset); IMU-metric torso lean -0.0 deg (+ = back)
standing solve: nnls x in [0.00, 0.70], >0.1: 14 muscles
  top: add_long_l=0.70, tib_ant_r=0.61, tib_ant_l=0.46, ext_dig_r=0.37, glut_min1_l=0.33, pect_l=0.32, glut_min2_l=0.31, ext_dig_l=0.25
Fmax range: 5..3396 N | L range sample: [0.229942 0.326094]
t=  1.00 max|qacc|=     616.6 max|qvel|=   1.05 ncon=  0 com_z=0.942 com_x=-0.161
t=  1.50 max|qacc|=     117.4 max|qvel|=   0.32 ncon=  0 com_z=0.937 com_x=-0.155
t=  2.00 max|qacc|=      53.4 max|qvel|=   0.35 ncon=  0 com_z=0.939 com_x=-0.160
t=  2.50 max|qacc|=      16.7 max|qvel|=   0.28 ncon=  0 com_z=0.937 com_x=-0.156
t=  3.00 max|qacc|=      20.3 max|qvel|=   0.17 ncon=  0 com_z=0.939 com_x=-0.158
t=  3.50 max|qacc|=      35.8 max|qvel|=   0.10 ncon=  0 com_z=0.938 com_x=-0.156
t=  4.00 max|qacc|=     341.1 max|qvel|=   0.78 ncon=  0 com_z=0.938 com_x=-0.156
t=  4.50 max|qacc|=      26.0 max|qvel|=   0.41 ncon=  0 com_z=0.937 com_x=-0.154
t=  5.00 max|qacc|=      49.7 max|qvel|=   1.65 ncon=  0 com_z=0.927 com_x=-0.100
t=  5.50 max|qacc|=     143.1 max|qvel|=   3.29 ncon=  0 com_z=0.935 com_x=-0.129
t=  6.00 max|qacc|=      60.5 max|qvel|=   2.05 ncon=  0 com_z=0.936 com_x=-0.144
t=  6.50 max|qacc|=      31.3 max|qvel|=   2.06 ncon=  0 com_z=0.940 com_x=-0.149
t=  7.00 max|qacc|=      18.0 max|qvel|=   0.93 ncon=  0 com_z=0.940 com_x=-0.142
t=  7.50 max|qacc|=      46.4 max|qvel|=   1.75 ncon=  0 com_z=0.936 com_x=-0.139
t=  8.00 max|qacc|=      61.6 max|qvel|=   1.09 ncon=  0 com_z=0.937 com_x=-0.134
t=  8.50 max|qacc|=      57.2 max|qvel|=   1.94 ncon=  0 com_z=0.938 com_x=-0.144
t=  9.00 max|qacc|=      38.9 max|qvel|=   1.48 ncon=  0 com_z=0.940 com_x=-0.150
t=  9.50 max|qacc|=      17.6 max|qvel|=   0.52 ncon=  0 com_z=0.941 com_x=-0.144
t= 10.00 max|qacc|=      34.4 max|qvel|=   1.95 ncon=  0 com_z=0.936 com_x=-0.138
t= 10.50 max|qacc|=      63.3 max|qvel|=   1.10 ncon=  0 com_z=0.938 com_x=-0.135
t= 11.00 max|qacc|=      51.5 max|qvel|=   2.12 ncon=  0 com_z=0.938 com_x=-0.146
t= 11.50 max|qacc|=      21.9 max|qvel|=   1.24 ncon=  0 com_z=0.941 com_x=-0.150
t= 12.00 max|qacc|=      18.2 max|qvel|=   0.81 ncon=  0 com_z=0.940 com_x=-0.143
t= 12.50 max|qacc|=      25.7 max|qvel|=   2.35 ncon=  0 com_z=0.936 com_x=-0.137
t= 13.00 max|qacc|=      52.2 max|qvel|=   1.49 ncon=  0 com_z=0.939 com_x=-0.135
t= 13.50 max|qacc|=     102.0 max|qvel|=   2.20 ncon=  0 com_z=0.938 com_x=-0.147
t= 14.00 max|qacc|=      22.8 max|qvel|=   1.18 ncon=  0 com_z=0.942 com_x=-0.149
t= 14.50 max|qacc|=      16.1 max|qvel|=   1.10 ncon=  0 com_z=0.939 com_x=-0.142
t= 15.00 max|qacc|=      13.3 max|qvel|=   2.64 ncon=  0 com_z=0.936 com_x=-0.136
t= 15.50 max|qacc|=      55.5 max|qvel|=   3.09 ncon=  0 com_z=0.935 com_x=-0.139
t= 16.00 max|qacc|=      30.6 max|qvel|=   1.79 ncon=  0 com_z=0.941 com_x=-0.136
t= 16.50 max|qacc|=      14.6 max|qvel|=   0.33 ncon=  0 com_z=0.939 com_x=-0.149
t= 17.00 max|qacc|=       1.9 max|qvel|=   0.12 ncon=  0 com_z=0.944 com_x=-0.155
t= 17.50 max|qacc|=       0.3 max|qvel|=   0.03 ncon=  0 com_z=0.944 com_x=-0.155
t= 18.00 max|qacc|=       0.1 max|qvel|=   0.01 ncon=  0 com_z=0.944 com_x=-0.155
t= 18.50 max|qacc|=       0.0 max|qvel|=   0.00 ncon=  0 com_z=0.944 com_x=-0.155
t= 19.00 max|qacc|=       0.0 max|qvel|=   0.00 ncon=  0 com_z=0.944 com_x=-0.155
t= 19.50 max|qacc|=       0.0 max|qvel|=   0.00 ncon=  0 com_z=0.944 com_x=-0.155
t= 20.00 max|qacc|=       0.0 max|qvel|=   0.00 ncon=  0 com_z=0.944 com_x=-0.155
t= 20.50 max|qacc|=       0.0 max|qvel|=   0.00 ncon=  0 com_z=0.944 com_x=-0.155
t= 21.00 max|qacc|=       0.0 max|qvel|=   0.00 ncon=  0 com_z=0.944 com_x=-0.155
t= 21.50 max|qacc|=       0.0 max|qvel|=   0.00 ncon=  0 com_z=0.944 com_x=-0.155
t= 22.00 max|qacc|=       0.0 max|qvel|=   0.00 ncon=  0 com_z=0.944 com_x=-0.155
t= 22.50 max|qacc|=       0.0 max|qvel|=   0.00 ncon=  0 com_z=0.944 com_x=-0.155
t= 23.00 max|qacc|=       0.0 max|qvel|=   0.00 ncon=  0 com_z=0.944 com_x=-0.155
t= 23.50 max|qacc|=       0.0 max|qvel|=   0.00 ncon=  0 com_z=0.944 com_x=-0.155
t= 24.00 max|qacc|=       0.0 max|qvel|=   0.00 ncon=  0 com_z=0.944 com_x=-0.155
t= 24.50 max|qacc|=       0.0 max|qvel|=   0.00 ncon=  0 com_z=0.944 com_x=-0.155
t= 25.00 max|qacc|=       0.0 max|qvel|=   0.00 ncon=  0 com_z=0.944 com_x=-0.155
t= 25.50 max|qacc|=       0.0 max|qvel|=   0.00 ncon=  0 com_z=0.944 com_x=-0.155
t= 26.00 max|qacc|=       0.0 max|qvel|=   0.00 ncon=  0 com_z=0.944 com_x=-0.155
t= 26.50 max|qacc|=       0.0 max|qvel|=   0.00 ncon=  0 com_z=0.944 com_x=-0.155
t= 27.00 max|qacc|=       0.0 max|qvel|=   0.00 ncon=  0 com_z=0.944 com_x=-0.155
t= 27.50 max|qacc|=       0.0 max|qvel|=   0.00 ncon=  0 com_z=0.944 com_x=-0.155
t= 28.00 max|qacc|=       0.0 max|qvel|=   0.00 ncon=  0 com_z=0.944 com_x=-0.155
t= 28.50 max|qacc|=       0.0 max|qvel|=   0.00 ncon=  0 com_z=0.944 com_x=-0.155
t= 29.00 max|qacc|=       0.0 max|qvel|=   0.00 ncon=  0 com_z=0.944 com_x=-0.155
t= 29.50 max|qacc|=       0.0 max|qvel|=   0.00 ncon=  0 com_z=0.944 com_x=-0.155
t= 30.00 max|qacc|=       0.0 max|qvel|=   0.00 ncon=  0 com_z=0.944 com_x=-0.155
t= 30.50 max|qacc|=       0.0 max|qvel|=   0.00 ncon=  0 com_z=0.944 com_x=-0.155

== summary ==
pelvis/COM height: start 0.94 m, min 0.93 m, final 0.94 m  (stayed up)
COM x: min -0.17 max -0.10 final -0.16 m
COM y: min -0.019 max +0.001 m
RG_F_r bursts during walk window: 16
RG_r: cycles in window 16, period 0.63 s (1.59 Hz), E-duty 0.42
RG_l: cycles in window 16, period 0.63 s (1.59 Hz), E-duty 0.42
peak ctrl: [0.86 1.   1.   1.   0.62 1.   0.46 0.34 0.76 0.68 0.87 1.   1.   1.
 0.8  1.   0.47 0.49 0.46 0.22] (('vas_lat_r', 'med_gas_r', 'soleus_r', 'tib_ant_r', 'psoas_r', 'semimem_r', 'glut_max2_r', 'rect_fem_r', 'sar_r', 'grac_r', 'vas_lat_l', 'med_gas_l', 'soleus_l', 'tib_ant_l', 'psoas_l', 'semimem_l', 'glut_max2_l', 'rect_fem_l', 'sar_l', 'grac_l'))
  hip_flexion_r          2.7 ..    34.0 deg
  knee_angle_r         -56.3 ..    10.1 deg
  ankle_angle_r        -62.8 ..    -1.7 deg
  hip_adduction_r      -12.3 ..    16.7 deg
  subtalar_angle_r     -12.6 ..    14.9 deg
  hip_flexion_l        -20.8 ..    33.0 deg
  knee_angle_l         -65.5 ..    10.3 deg
  ankle_angle_l        -66.6 ..     9.8 deg
  hip_adduction_l      -18.2 ..    17.6 deg
  subtalar_angle_l      -1.2 ..    24.0 deg
  pelvis_tilt           -1.9 ..     0.6 deg
  pelvis_list           -0.6 ..    -0.1 deg
  pelvis_rotation        2.3 ..     2.6 deg
saved spinal_run.npz
(plot skipped: 'PF_E2_r')
fitted baseline loaded: e2_pf=0.222 f1_df=0.098 f1_kf=0.148 post_kneext=0.011 post_hipext=0.068 desc_f=1.400 e2_adapt=1.700
start pose (normal): applied 20 coordinates as given; pelvis ty 0.920 m (env override unset); IMU-metric torso lean -0.0 deg (+ = back)
standing solve: nnls x in [0.00, 0.70], >0.1: 14 muscles
  top: add_long_l=0.70, tib_ant_r=0.61, tib_ant_l=0.46, ext_dig_r=0.37, glut_min1_l=0.33, pect_l=0.32, glut_min2_l=0.31, ext_dig_l=0.25
Fmax range: 5..3396 N | L range sample: [0.229942 0.326094]
t=  1.00 max|qacc|=     106.2 max|qvel|=   1.15 ncon=  0 com_z=0.941 com_x=-0.160
t=  1.50 max|qacc|=      54.9 max|qvel|=   0.23 ncon=  0 com_z=0.936 com_x=-0.155
t=  2.00 max|qacc|=      39.7 max|qvel|=   0.18 ncon=  0 com_z=0.939 com_x=-0.160
t=  2.50 max|qacc|=       5.1 max|qvel|=   0.09 ncon=  0 com_z=0.937 com_x=-0.156
t=  3.00 max|qacc|=      24.4 max|qvel|=   0.11 ncon=  0 com_z=0.939 com_x=-0.158
t=  3.50 max|qacc|=      18.2 max|qvel|=   0.06 ncon=  0 com_z=0.938 com_x=-0.156
t=  4.00 max|qacc|=     276.4 max|qvel|=   0.37 ncon=  0 com_z=0.938 com_x=-0.155
t=  4.50 max|qacc|=     182.5 max|qvel|=   0.62 ncon=  0 com_z=0.937 com_x=-0.154
t=  5.00 max|qacc|=      36.3 max|qvel|=   1.56 ncon=  0 com_z=0.935 com_x=-0.136
t=  5.50 max|qacc|=      43.4 max|qvel|=   2.05 ncon=  0 com_z=0.934 com_x=-0.139
t=  6.00 max|qacc|=      60.6 max|qvel|=   3.39 ncon=  0 com_z=0.937 com_x=-0.149
t=  6.50 max|qacc|=      28.3 max|qvel|=   1.97 ncon=  0 com_z=0.927 com_x=-0.120
t=  7.00 max|qacc|=      92.3 max|qvel|=   7.01 ncon=  0 com_z=0.933 com_x=-0.137
t=  7.50 max|qacc|=      26.1 max|qvel|=   2.57 ncon=  0 com_z=0.935 com_x=-0.150
t=  8.00 max|qacc|=      75.7 max|qvel|=   1.58 ncon=  0 com_z=0.934 com_x=-0.128
t=  8.50 max|qacc|=     101.1 max|qvel|=   3.14 ncon=  0 com_z=0.930 com_x=-0.122
t=  9.00 max|qacc|=      78.1 max|qvel|=   2.18 ncon=  0 com_z=0.935 com_x=-0.152
t=  9.50 max|qacc|=      73.5 max|qvel|=   4.33 ncon=  0 com_z=0.937 com_x=-0.139
t= 10.00 max|qacc|=      33.7 max|qvel|=   2.31 ncon=  0 com_z=0.926 com_x=-0.119
t= 10.50 max|qacc|=      59.1 max|qvel|=   2.24 ncon=  0 com_z=0.936 com_x=-0.148
t= 11.00 max|qacc|=      54.5 max|qvel|=   3.04 ncon=  0 com_z=0.936 com_x=-0.147
t= 11.50 max|qacc|=      18.1 max|qvel|=   1.95 ncon=  0 com_z=0.928 com_x=-0.122
t= 12.00 max|qacc|=      87.9 max|qvel|=   7.41 ncon=  0 com_z=0.933 com_x=-0.135
t= 12.50 max|qacc|=      26.0 max|qvel|=   2.61 ncon=  0 com_z=0.935 com_x=-0.151
t= 13.00 max|qacc|=      76.1 max|qvel|=   1.62 ncon=  0 com_z=0.935 com_x=-0.130
t= 13.50 max|qacc|=      89.2 max|qvel|=   2.24 ncon=  0 com_z=0.929 com_x=-0.121
t= 14.00 max|qacc|=      66.0 max|qvel|=   2.15 ncon=  0 com_z=0.936 com_x=-0.151
t= 14.50 max|qacc|=      65.5 max|qvel|=   4.71 ncon=  0 com_z=0.937 com_x=-0.141
t= 15.00 max|qacc|=      39.9 max|qvel|=   2.32 ncon=  0 com_z=0.926 com_x=-0.119
t= 15.50 max|qacc|=      16.3 max|qvel|=   0.90 ncon=  0 com_z=0.937 com_x=-0.151
t= 16.00 max|qacc|=      24.7 max|qvel|=   1.55 ncon=  0 com_z=0.937 com_x=-0.135
t= 16.50 max|qacc|=       9.2 max|qvel|=   0.39 ncon=  0 com_z=0.940 com_x=-0.151
t= 17.00 max|qacc|=       1.0 max|qvel|=   0.12 ncon=  0 com_z=0.944 com_x=-0.155
t= 17.50 max|qacc|=       0.3 max|qvel|=   0.02 ncon=  0 com_z=0.943 com_x=-0.155
t= 18.00 max|qacc|=       0.1 max|qvel|=   0.02 ncon=  0 com_z=0.944 com_x=-0.155
t= 18.50 max|qacc|=       0.0 max|qvel|=   0.00 ncon=  0 com_z=0.944 com_x=-0.155
t= 19.00 max|qacc|=       0.0 max|qvel|=   0.00 ncon=  0 com_z=0.944 com_x=-0.155
t= 19.50 max|qacc|=       0.0 max|qvel|=   0.00 ncon=  0 com_z=0.944 com_x=-0.155
t= 20.00 max|qacc|=       0.0 max|qvel|=   0.00 ncon=  0 com_z=0.944 com_x=-0.155
t= 20.50 max|qacc|=       0.0 max|qvel|=   0.00 ncon=  0 com_z=0.944 com_x=-0.155
t= 21.00 max|qacc|=       0.0 max|qvel|=   0.00 ncon=  0 com_z=0.944 com_x=-0.155
t= 21.50 max|qacc|=       0.0 max|qvel|=   0.00 ncon=  0 com_z=0.944 com_x=-0.155
t= 22.00 max|qacc|=       0.0 max|qvel|=   0.00 ncon=  0 com_z=0.944 com_x=-0.155
t= 22.50 max|qacc|=       0.0 max|qvel|=   0.00 ncon=  0 com_z=0.944 com_x=-0.155
t= 23.00 max|qacc|=       0.0 max|qvel|=   0.00 ncon=  0 com_z=0.944 com_x=-0.155
t= 23.50 max|qacc|=       0.0 max|qvel|=   0.00 ncon=  0 com_z=0.944 com_x=-0.155
t= 24.00 max|qacc|=       0.0 max|qvel|=   0.00 ncon=  0 com_z=0.944 com_x=-0.155
t= 24.50 max|qacc|=       0.0 max|qvel|=   0.00 ncon=  0 com_z=0.944 com_x=-0.155
t= 25.00 max|qacc|=       0.0 max|qvel|=   0.00 ncon=  0 com_z=0.944 com_x=-0.155
t= 25.50 max|qacc|=       0.0 max|qvel|=   0.00 ncon=  0 com_z=0.944 com_x=-0.155
t= 26.00 max|qacc|=       0.0 max|qvel|=   0.00 ncon=  0 com_z=0.944 com_x=-0.155
t= 26.50 max|qacc|=       0.0 max|qvel|=   0.00 ncon=  0 com_z=0.944 com_x=-0.155
t= 27.00 max|qacc|=       0.0 max|qvel|=   0.00 ncon=  0 com_z=0.944 com_x=-0.155
t= 27.50 max|qacc|=       0.0 max|qvel|=   0.00 ncon=  0 com_z=0.944 com_x=-0.155
t= 28.00 max|qacc|=       0.0 max|qvel|=   0.00 ncon=  0 com_z=0.944 com_x=-0.155
t= 28.50 max|qacc|=       0.0 max|qvel|=   0.00 ncon=  0 com_z=0.944 com_x=-0.155
t= 29.00 max|qacc|=       0.0 max|qvel|=   0.00 ncon=  0 com_z=0.944 com_x=-0.155
t= 29.50 max|qacc|=       0.0 max|qvel|=   0.00 ncon=  0 com_z=0.944 com_x=-0.155
t= 30.00 max|qacc|=       0.0 max|qvel|=   0.00 ncon=  0 com_z=0.944 com_x=-0.155
t= 30.50 max|qacc|=       0.0 max|qvel|=   0.00 ncon=  0 com_z=0.944 com_x=-0.155

== summary ==
pelvis/COM height: start 0.94 m, min 0.93 m, final 0.94 m  (stayed up)
COM x: min -0.17 max -0.11 final -0.15 m
COM y: min -0.020 max +0.003 m
RG_F_r bursts during walk window: 14
RG_r: cycles in window 14, period 0.71 s (1.40 Hz), E-duty 0.43
RG_l: cycles in window 14, period 0.71 s (1.40 Hz), E-duty 0.43
peak ctrl: [0.87 1.   1.   1.   0.64 1.   0.46 0.35 0.77 0.68 0.86 1.   1.   1.
 0.81 1.   0.47 0.49 0.47 0.27] (('vas_lat_r', 'med_gas_r', 'soleus_r', 'tib_ant_r', 'psoas_r', 'semimem_r', 'glut_max2_r', 'rect_fem_r', 'sar_r', 'grac_r', 'vas_lat_l', 'med_gas_l', 'soleus_l', 'tib_ant_l', 'psoas_l', 'semimem_l', 'glut_max2_l', 'rect_fem_l', 'sar_l', 'grac_l'))
  hip_flexion_r          4.9 ..    33.9 deg
  knee_angle_r         -47.0 ..    10.1 deg
  ankle_angle_r        -62.8 ..    -1.7 deg
  hip_adduction_r      -10.9 ..    13.1 deg
  subtalar_angle_r     -10.9 ..    14.5 deg
  hip_flexion_l        -16.6 ..    32.3 deg
  knee_angle_l         -49.5 ..    10.3 deg
  ankle_angle_l        -66.4 ..     9.8 deg
  hip_adduction_l      -18.2 ..    18.8 deg
  subtalar_angle_l      -2.1 ..    24.2 deg
  pelvis_tilt           -1.9 ..     0.3 deg
  pelvis_list           -0.7 ..     0.1 deg
  pelvis_rotation        2.2 ..     2.6 deg
saved spinal_run.npz
(plot skipped: 'PF_E2_r')
fitted baseline loaded: e2_pf=0.222 f1_df=0.098 f1_kf=0.148 post_kneext=0.011 post_hipext=0.068 desc_f=1.400 e2_adapt=1.700
start pose (normal): applied 20 coordinates as given; pelvis ty 0.920 m (env override unset); IMU-metric torso lean -0.0 deg (+ = back)
standing solve: nnls x in [0.00, 0.70], >0.1: 14 muscles
  top: add_long_l=0.70, tib_ant_r=0.61, tib_ant_l=0.46, ext_dig_r=0.37, glut_min1_l=0.33, pect_l=0.32, glut_min2_l=0.31, ext_dig_l=0.25
Fmax range: 5..3396 N | L range sample: [0.229942 0.326094]
t=  1.00 max|qacc|=      30.3 max|qvel|=   1.14 ncon=  0 com_z=0.942 com_x=-0.161
t=  1.50 max|qacc|=     359.2 max|qvel|=   0.33 ncon=  0 com_z=0.936 com_x=-0.155
t=  2.00 max|qacc|=     413.5 max|qvel|=   1.40 ncon=  0 com_z=0.939 com_x=-0.160
t=  2.50 max|qacc|=      14.4 max|qvel|=   0.08 ncon=  0 com_z=0.937 com_x=-0.156
t=  3.00 max|qacc|=      30.1 max|qvel|=   0.11 ncon=  0 com_z=0.938 com_x=-0.158
t=  3.50 max|qacc|=      25.4 max|qvel|=   0.13 ncon=  0 com_z=0.938 com_x=-0.156
t=  4.00 max|qacc|=     122.4 max|qvel|=   0.75 ncon=  0 com_z=0.938 com_x=-0.156
t=  4.50 max|qacc|=      41.7 max|qvel|=   2.40 ncon=  0 com_z=0.934 com_x=-0.145
t=  5.00 max|qacc|=     127.5 max|qvel|=   2.05 ncon=  0 com_z=0.939 com_x=-0.145
t=  5.50 max|qacc|=     105.0 max|qvel|=   1.76 ncon=  0 com_z=0.934 com_x=-0.128
t=  6.00 max|qacc|=      30.0 max|qvel|=   0.98 ncon=  0 com_z=0.939 com_x=-0.151
t=  6.50 max|qacc|=      48.1 max|qvel|=   1.35 ncon=  0 com_z=0.938 com_x=-0.150
t=  7.00 max|qacc|=      57.2 max|qvel|=   2.44 ncon=  0 com_z=0.938 com_x=-0.150
t=  7.50 max|qacc|=     111.0 max|qvel|=   0.39 ncon=  0 com_z=0.939 com_x=-0.149
t=  8.00 max|qacc|=      26.4 max|qvel|=   2.98 ncon=  0 com_z=0.938 com_x=-0.150
t=  8.50 max|qacc|=      87.5 max|qvel|=   1.14 ncon=  0 com_z=0.938 com_x=-0.151
t=  9.00 max|qacc|=      94.9 max|qvel|=   2.60 ncon=  0 com_z=0.938 com_x=-0.150
t=  9.50 max|qacc|=      43.5 max|qvel|=   2.88 ncon=  0 com_z=0.938 com_x=-0.150
t= 10.00 max|qacc|=      83.0 max|qvel|=   0.84 ncon=  0 com_z=0.938 com_x=-0.151
t= 10.50 max|qacc|=      26.3 max|qvel|=   3.62 ncon=  0 com_z=0.938 com_x=-0.150
t= 11.00 max|qacc|=      92.6 max|qvel|=   1.48 ncon=  0 com_z=0.938 com_x=-0.149
t= 11.50 max|qacc|=      54.3 max|qvel|=   2.30 ncon=  0 com_z=0.938 com_x=-0.151
t= 12.00 max|qacc|=      74.0 max|qvel|=   2.39 ncon=  0 com_z=0.938 com_x=-0.150
t= 12.50 max|qacc|=     116.6 max|qvel|=   0.88 ncon=  0 com_z=0.939 com_x=-0.149
t= 13.00 max|qacc|=      24.0 max|qvel|=   3.04 ncon=  0 com_z=0.938 com_x=-0.150
t= 13.50 max|qacc|=      86.2 max|qvel|=   0.52 ncon=  0 com_z=0.938 com_x=-0.151
t= 14.00 max|qacc|=      64.5 max|qvel|=   3.15 ncon=  0 com_z=0.938 com_x=-0.150
t= 14.50 max|qacc|=      62.0 max|qvel|=   2.48 ncon=  0 com_z=0.938 com_x=-0.150
t= 15.00 max|qacc|=      75.2 max|qvel|=   1.34 ncon=  0 com_z=0.938 com_x=-0.151
t= 15.50 max|qacc|=      54.4 max|qvel|=   2.91 ncon=  0 com_z=0.938 com_x=-0.151
t= 16.00 max|qacc|=      76.2 max|qvel|=   1.38 ncon=  0 com_z=0.940 com_x=-0.151
t= 16.50 max|qacc|=      45.2 max|qvel|=   0.49 ncon=  0 com_z=0.941 com_x=-0.152
t= 17.00 max|qacc|=      19.1 max|qvel|=   0.53 ncon=  0 com_z=0.943 com_x=-0.154
t= 17.50 max|qacc|=      12.2 max|qvel|=   0.30 ncon=  0 com_z=0.944 com_x=-0.156
t= 18.00 max|qacc|=      11.4 max|qvel|=   0.27 ncon=  0 com_z=0.944 com_x=-0.155
t= 18.50 max|qacc|=       9.3 max|qvel|=   0.30 ncon=  0 com_z=0.944 com_x=-0.155
t= 19.00 max|qacc|=       8.9 max|qvel|=   0.31 ncon=  0 com_z=0.944 com_x=-0.155
t= 19.50 max|qacc|=       8.8 max|qvel|=   0.31 ncon=  0 com_z=0.944 com_x=-0.155
t= 20.00 max|qacc|=       8.7 max|qvel|=   0.28 ncon=  0 com_z=0.944 com_x=-0.155
t= 20.50 max|qacc|=       8.5 max|qvel|=   0.20 ncon=  0 com_z=0.944 com_x=-0.155
t= 21.00 max|qacc|=       7.6 max|qvel|=   0.12 ncon=  0 com_z=0.943 com_x=-0.155
t= 21.50 max|qacc|=       5.9 max|qvel|=   0.09 ncon=  0 com_z=0.943 com_x=-0.155
t= 22.00 max|qacc|=       3.5 max|qvel|=   0.09 ncon=  0 com_z=0.943 com_x=-0.155
t= 22.50 max|qacc|=       1.5 max|qvel|=   0.08 ncon=  0 com_z=0.943 com_x=-0.155
t= 23.00 max|qacc|=       1.0 max|qvel|=   0.05 ncon=  0 com_z=0.943 com_x=-0.155
t= 23.50 max|qacc|=       0.6 max|qvel|=   0.03 ncon=  0 com_z=0.943 com_x=-0.155
t= 24.00 max|qacc|=       0.4 max|qvel|=   0.01 ncon=  0 com_z=0.943 com_x=-0.155
t= 24.50 max|qacc|=       0.2 max|qvel|=   0.00 ncon=  0 com_z=0.943 com_x=-0.155
t= 25.00 max|qacc|=       0.2 max|qvel|=   0.00 ncon=  0 com_z=0.943 com_x=-0.155
t= 25.50 max|qacc|=       0.1 max|qvel|=   0.00 ncon=  0 com_z=0.943 com_x=-0.155
t= 26.00 max|qacc|=       0.1 max|qvel|=   0.00 ncon=  0 com_z=0.943 com_x=-0.155
t= 26.50 max|qacc|=       0.0 max|qvel|=   0.00 ncon=  0 com_z=0.943 com_x=-0.155
t= 27.00 max|qacc|=       0.0 max|qvel|=   0.00 ncon=  0 com_z=0.943 com_x=-0.155
t= 27.50 max|qacc|=       0.0 max|qvel|=   0.00 ncon=  0 com_z=0.943 com_x=-0.155
t= 28.00 max|qacc|=       0.0 max|qvel|=   0.00 ncon=  0 com_z=0.943 com_x=-0.155
t= 28.50 max|qacc|=       0.0 max|qvel|=   0.00 ncon=  0 com_z=0.943 com_x=-0.155
t= 29.00 max|qacc|=       0.0 max|qvel|=   0.00 ncon=  0 com_z=0.943 com_x=-0.155
t= 29.50 max|qacc|=       0.0 max|qvel|=   0.00 ncon=  0 com_z=0.943 com_x=-0.155
t= 30.00 max|qacc|=       0.0 max|qvel|=   0.00 ncon=  0 com_z=0.943 com_x=-0.155
t= 30.50 max|qacc|=       0.0 max|qvel|=   0.00 ncon=  0 com_z=0.943 com_x=-0.155

== summary ==
pelvis/COM height: start 0.94 m, min 0.93 m, final 0.94 m  (stayed up)
COM x: min -0.17 max -0.11 final -0.15 m
COM y: min -0.019 max +0.001 m
RG_F_r bursts during walk window: 1
RG_r: cycles in window 2, period 0.30 s (3.31 Hz), E-duty 0.96
RG_l: cycles in window 2, period 0.30 s (3.31 Hz), E-duty 0.96
peak ctrl: [0.86 1.   1.   1.   0.61 1.   0.35 0.34 0.76 0.68 0.89 1.   1.   1.
 0.76 1.   0.39 0.49 0.42 0.17] (('vas_lat_r', 'med_gas_r', 'soleus_r', 'tib_ant_r', 'psoas_r', 'semimem_r', 'glut_max2_r', 'rect_fem_r', 'sar_r', 'grac_r', 'vas_lat_l', 'med_gas_l', 'soleus_l', 'tib_ant_l', 'psoas_l', 'semimem_l', 'glut_max2_l', 'rect_fem_l', 'sar_l', 'grac_l'))
  hip_flexion_r          5.0 ..    34.1 deg
  knee_angle_r         -48.7 ..    10.1 deg
  ankle_angle_r        -62.8 ..    -1.7 deg
  hip_adduction_r       -4.4 ..    12.1 deg
  subtalar_angle_r     -16.2 ..    14.9 deg
  hip_flexion_l        -17.7 ..    32.9 deg
  knee_angle_l         -60.5 ..    10.3 deg
  ankle_angle_l        -66.5 ..     9.8 deg
  hip_adduction_l      -11.3 ..    13.5 deg
  subtalar_angle_l      -1.2 ..    21.7 deg
  pelvis_tilt           -1.9 ..     0.5 deg
  pelvis_list           -0.6 ..    -0.2 deg
  pelvis_rotation        2.3 ..     2.6 deg
saved spinal_run.npz
(plot skipped: 'PF_E2_r')
fitted baseline loaded: e2_pf=0.222 f1_df=0.098 f1_kf=0.148 post_kneext=0.011 post_hipext=0.068 desc_f=1.400 e2_adapt=1.700
start pose (normal): applied 20 coordinates as given; pelvis ty 0.920 m (env override unset); IMU-metric torso lean -0.0 deg (+ = back)
standing solve: nnls x in [0.00, 0.70], >0.1: 14 muscles
  top: add_long_l=0.70, tib_ant_r=0.61, tib_ant_l=0.46, ext_dig_r=0.37, glut_min1_l=0.33, pect_l=0.32, glut_min2_l=0.31, ext_dig_l=0.25
Fmax range: 5..3396 N | L range sample: [0.229942 0.326094]
t=  1.00 max|qacc|=     110.0 max|qvel|=   1.35 ncon=  0 com_z=0.942 com_x=-0.160
t=  1.50 max|qacc|=     184.8 max|qvel|=   0.99 ncon=  0 com_z=0.936 com_x=-0.155
t=  2.00 max|qacc|=      75.5 max|qvel|=   0.15 ncon=  0 com_z=0.939 com_x=-0.160
t=  2.50 max|qacc|=     100.3 max|qvel|=   0.16 ncon=  0 com_z=0.938 com_x=-0.156
t=  3.00 max|qacc|=      13.6 max|qvel|=   0.13 ncon=  0 com_z=0.939 com_x=-0.158
t=  3.50 max|qacc|=     108.0 max|qvel|=   0.34 ncon=  0 com_z=0.938 com_x=-0.156
t=  4.00 max|qacc|=      25.4 max|qvel|=   0.32 ncon=  0 com_z=0.938 com_x=-0.155
t=  4.50 max|qacc|=      39.8 max|qvel|=   0.48 ncon=  0 com_z=0.937 com_x=-0.155
t=  5.00 max|qacc|=      56.4 max|qvel|=   1.60 ncon=  0 com_z=0.936 com_x=-0.137
t=  5.50 max|qacc|=      37.0 max|qvel|=   1.93 ncon=  0 com_z=0.927 com_x=-0.120
t=  6.00 max|qacc|=      21.3 max|qvel|=   1.40 ncon=  0 com_z=0.929 com_x=-0.125
t=  6.50 max|qacc|=      35.7 max|qvel|=   1.70 ncon=  0 com_z=0.929 com_x=-0.122
t=  7.00 max|qacc|=      78.5 max|qvel|=   1.19 ncon=  0 com_z=0.931 com_x=-0.123
t=  7.50 max|qacc|=     113.7 max|qvel|=   2.09 ncon=  0 com_z=0.932 com_x=-0.124
t=  8.00 max|qacc|=     137.0 max|qvel|=   4.78 ncon=  0 com_z=0.931 com_x=-0.127
t=  8.50 max|qacc|=     115.8 max|qvel|=   6.59 ncon=  0 com_z=0.930 com_x=-0.131
t=  9.00 max|qacc|=      99.6 max|qvel|=   7.34 ncon=  0 com_z=0.930 com_x=-0.136
t=  9.50 max|qacc|=     101.8 max|qvel|=   5.72 ncon=  0 com_z=0.931 com_x=-0.139
t= 10.00 max|qacc|=      98.7 max|qvel|=   3.24 ncon=  0 com_z=0.931 com_x=-0.141
t= 10.50 max|qacc|=      83.8 max|qvel|=   2.73 ncon=  0 com_z=0.932 com_x=-0.142
t= 11.00 max|qacc|=      67.3 max|qvel|=   3.04 ncon=  0 com_z=0.932 com_x=-0.142
t= 11.50 max|qacc|=     146.4 max|qvel|=   3.18 ncon=  0 com_z=0.932 com_x=-0.142
t= 12.00 max|qacc|=     146.0 max|qvel|=   3.11 ncon=  0 com_z=0.932 com_x=-0.140
t= 12.50 max|qacc|=      75.5 max|qvel|=   4.76 ncon=  0 com_z=0.932 com_x=-0.139
t= 13.00 max|qacc|=      44.8 max|qvel|=   5.65 ncon=  0 com_z=0.932 com_x=-0.137
t= 13.50 max|qacc|=     103.8 max|qvel|=   4.60 ncon=  0 com_z=0.933 com_x=-0.134
t= 14.00 max|qacc|=     130.8 max|qvel|=   3.03 ncon=  0 com_z=0.933 com_x=-0.132
t= 14.50 max|qacc|=     145.7 max|qvel|=   2.62 ncon=  0 com_z=0.932 com_x=-0.131
t= 15.00 max|qacc|=      31.8 max|qvel|=   1.01 ncon=  0 com_z=0.931 com_x=-0.129
t= 15.50 max|qacc|=      35.2 max|qvel|=   1.72 ncon=  0 com_z=0.930 com_x=-0.127
t= 16.00 max|qacc|=      15.0 max|qvel|=   0.90 ncon=  0 com_z=0.937 com_x=-0.148
t= 16.50 max|qacc|=      62.4 max|qvel|=   0.66 ncon=  0 com_z=0.939 com_x=-0.159
t= 17.00 max|qacc|=     217.7 max|qvel|=   3.40 ncon=  0 com_z=0.936 com_x=-0.153
t= 17.50 max|qacc|=      17.4 max|qvel|=   0.41 ncon=  0 com_z=0.939 com_x=-0.159
t= 18.00 max|qacc|=     108.6 max|qvel|=   0.32 ncon=  0 com_z=0.937 com_x=-0.156
t= 18.50 max|qacc|=      42.0 max|qvel|=   0.23 ncon=  0 com_z=0.938 com_x=-0.157
t= 19.00 max|qacc|=      43.3 max|qvel|=   0.25 ncon=  0 com_z=0.938 com_x=-0.157
t= 19.50 max|qacc|=      73.1 max|qvel|=   0.07 ncon=  0 com_z=0.938 com_x=-0.157
t= 20.00 max|qacc|=     427.5 max|qvel|=   0.34 ncon=  0 com_z=0.938 com_x=-0.157
t= 20.50 max|qacc|=      16.0 max|qvel|=   0.14 ncon=  0 com_z=0.938 com_x=-0.157
t= 21.00 max|qacc|=      56.8 max|qvel|=   0.36 ncon=  0 com_z=0.938 com_x=-0.157
t= 21.50 max|qacc|=      41.4 max|qvel|=   0.14 ncon=  0 com_z=0.938 com_x=-0.157
t= 22.00 max|qacc|=      56.5 max|qvel|=   0.16 ncon=  0 com_z=0.938 com_x=-0.157
t= 22.50 max|qacc|=      46.6 max|qvel|=   0.42 ncon=  0 com_z=0.938 com_x=-0.157
t= 23.00 max|qacc|=      22.5 max|qvel|=   0.16 ncon=  0 com_z=0.938 com_x=-0.157
t= 23.50 max|qacc|=      42.0 max|qvel|=   0.24 ncon=  0 com_z=0.938 com_x=-0.157
t= 24.00 max|qacc|=      61.8 max|qvel|=   0.09 ncon=  0 com_z=0.938 com_x=-0.157
t= 24.50 max|qacc|=      46.3 max|qvel|=   0.17 ncon=  0 com_z=0.938 com_x=-0.157
t= 25.00 max|qacc|=      75.0 max|qvel|=   0.14 ncon=  0 com_z=0.938 com_x=-0.157
t= 25.50 max|qacc|=      59.5 max|qvel|=   0.09 ncon=  0 com_z=0.938 com_x=-0.157
t= 26.00 max|qacc|=     117.2 max|qvel|=   0.12 ncon=  0 com_z=0.938 com_x=-0.157
t= 26.50 max|qacc|=      57.2 max|qvel|=   0.26 ncon=  0 com_z=0.938 com_x=-0.157
t= 27.00 max|qacc|=      17.8 max|qvel|=   0.26 ncon=  0 com_z=0.938 com_x=-0.157
t= 27.50 max|qacc|=      12.8 max|qvel|=   0.10 ncon=  0 com_z=0.938 com_x=-0.157
t= 28.00 max|qacc|=     295.6 max|qvel|=   0.73 ncon=  0 com_z=0.938 com_x=-0.157
t= 28.50 max|qacc|=      37.8 max|qvel|=   0.16 ncon=  0 com_z=0.938 com_x=-0.157
t= 29.00 max|qacc|=      42.8 max|qvel|=   0.09 ncon=  0 com_z=0.938 com_x=-0.157
t= 29.50 max|qacc|=     140.5 max|qvel|=   0.10 ncon=  0 com_z=0.938 com_x=-0.157
t= 30.00 max|qacc|=      49.5 max|qvel|=   0.84 ncon=  0 com_z=0.938 com_x=-0.157
t= 30.50 max|qacc|=      45.8 max|qvel|=   0.18 ncon=  0 com_z=0.938 com_x=-0.157

== summary ==
pelvis/COM height: start 0.94 m, min 0.93 m, final 0.94 m  (stayed up)
COM x: min -0.17 max -0.11 final -0.16 m
COM y: min -0.016 max +0.001 m
RG_F_r bursts during walk window: 19
RG_r: cycles in window 19, period 0.52 s (1.91 Hz), E-duty 0.43
RG_l: cycles in window 19, period 0.52 s (1.91 Hz), E-duty 0.43
peak ctrl: [0.87 1.   1.   1.   0.62 1.   0.27 0.35 0.76 0.68 0.86 1.   1.   1.
 0.78 1.   0.38 0.49 0.46 0.25] (('vas_lat_r', 'med_gas_r', 'soleus_r', 'tib_ant_r', 'psoas_r', 'semimem_r', 'glut_max2_r', 'rect_fem_r', 'sar_r', 'grac_r', 'vas_lat_l', 'med_gas_l', 'soleus_l', 'tib_ant_l', 'psoas_l', 'semimem_l', 'glut_max2_l', 'rect_fem_l', 'sar_l', 'grac_l'))
  hip_flexion_r          6.5 ..    34.0 deg
  knee_angle_r         -40.4 ..    10.0 deg
  ankle_angle_r        -63.0 ..    -1.7 deg
  hip_adduction_r       -7.2 ..    12.2 deg
  subtalar_angle_r      -9.2 ..    14.6 deg
  hip_flexion_l        -16.6 ..    32.4 deg
  knee_angle_l         -50.4 ..    10.3 deg
  ankle_angle_l        -66.5 ..     9.8 deg
  hip_adduction_l      -14.1 ..    18.6 deg
  subtalar_angle_l      -1.5 ..    10.3 deg
  pelvis_tilt           -1.9 ..     0.4 deg
  pelvis_list           -0.7 ..    -0.0 deg
  pelvis_rotation        2.2 ..     2.6 deg
saved spinal_run.npz
(plot skipped: 'PF_E2_r')
fitted baseline loaded: e2_pf=0.222 f1_df=0.098 f1_kf=0.148 post_kneext=0.011 post_hipext=0.068 desc_f=1.400 e2_adapt=1.700
start pose (normal): applied 20 coordinates as given; pelvis ty 0.920 m (env override unset); IMU-metric torso lean -0.0 deg (+ = back)
standing solve: nnls x in [0.00, 0.70], >0.1: 14 muscles
  top: add_long_l=0.70, tib_ant_r=0.61, tib_ant_l=0.46, ext_dig_r=0.37, glut_min1_l=0.33, pect_l=0.32, glut_min2_l=0.31, ext_dig_l=0.25
Fmax range: 5..3396 N | L range sample: [0.229942 0.326094]
t=  1.00 max|qacc|=      47.4 max|qvel|=   1.44 ncon=  0 com_z=0.942 com_x=-0.161
t=  1.50 max|qacc|=      31.6 max|qvel|=   0.21 ncon=  0 com_z=0.936 com_x=-0.155
t=  2.00 max|qacc|=       9.0 max|qvel|=   0.19 ncon=  0 com_z=0.940 com_x=-0.161
t=  2.50 max|qacc|=      17.0 max|qvel|=   0.11 ncon=  0 com_z=0.938 com_x=-0.156
t=  3.00 max|qacc|=     143.8 max|qvel|=   0.44 ncon=  0 com_z=0.939 com_x=-0.159
t=  3.50 max|qacc|=      89.3 max|qvel|=   0.12 ncon=  0 com_z=0.938 com_x=-0.157
t=  4.00 max|qacc|=      40.3 max|qvel|=   0.18 ncon=  0 com_z=0.938 com_x=-0.156
t=  4.50 max|qacc|=      71.7 max|qvel|=   1.22 ncon=  0 com_z=0.937 com_x=-0.153
t=  5.00 max|qacc|=      24.8 max|qvel|=   2.34 ncon=  0 com_z=0.936 com_x=-0.128
t=  5.50 max|qacc|=      45.6 max|qvel|=   2.29 ncon=  0 com_z=0.937 com_x=-0.137
t=  6.00 max|qacc|=      37.0 max|qvel|=   1.73 ncon=  0 com_z=0.938 com_x=-0.148
t=  6.50 max|qacc|=      17.1 max|qvel|=   0.79 ncon=  0 com_z=0.942 com_x=-0.147
t=  7.00 max|qacc|=      19.4 max|qvel|=   3.00 ncon=  0 com_z=0.936 com_x=-0.138
t=  7.50 max|qacc|=      37.3 max|qvel|=   1.85 ncon=  0 com_z=0.937 com_x=-0.144
t=  8.00 max|qacc|=      12.2 max|qvel|=   1.37 ncon=  0 com_z=0.942 com_x=-0.150
t=  8.50 max|qacc|=      53.9 max|qvel|=   1.77 ncon=  0 com_z=0.936 com_x=-0.140
t=  9.00 max|qacc|=      93.7 max|qvel|=   1.26 ncon=  0 com_z=0.935 com_x=-0.141
t=  9.50 max|qacc|=      25.8 max|qvel|=   1.06 ncon=  0 com_z=0.941 com_x=-0.152
t= 10.00 max|qacc|=      49.6 max|qvel|=   1.12 ncon=  0 com_z=0.939 com_x=-0.142
t= 10.50 max|qacc|=      33.9 max|qvel|=   4.36 ncon=  0 com_z=0.935 com_x=-0.137
t= 11.00 max|qacc|=      37.3 max|qvel|=   1.50 ncon=  0 com_z=0.940 com_x=-0.152
t= 11.50 max|qacc|=      23.3 max|qvel|=   1.75 ncon=  0 com_z=0.941 com_x=-0.144
t= 12.00 max|qacc|=     109.9 max|qvel|=   1.56 ncon=  0 com_z=0.937 com_x=-0.134
t= 12.50 max|qacc|=      20.4 max|qvel|=   1.83 ncon=  0 com_z=0.938 com_x=-0.149
t= 13.00 max|qacc|=      40.5 max|qvel|=   0.42 ncon=  0 com_z=0.943 com_x=-0.146
t= 13.50 max|qacc|=      57.8 max|qvel|=   2.46 ncon=  0 com_z=0.936 com_x=-0.135
t= 14.00 max|qacc|=      68.9 max|qvel|=   1.76 ncon=  0 com_z=0.938 com_x=-0.146
t= 14.50 max|qacc|=      16.2 max|qvel|=   1.15 ncon=  0 com_z=0.943 com_x=-0.149
t= 15.00 max|qacc|=      30.1 max|qvel|=   2.83 ncon=  0 com_z=0.936 com_x=-0.139
t= 15.50 max|qacc|=     117.7 max|qvel|=   1.82 ncon=  0 com_z=0.937 com_x=-0.144
t= 16.00 max|qacc|=      99.7 max|qvel|=   1.81 ncon=  0 com_z=0.930 com_x=-0.107
t= 16.50 max|qacc|=       8.6 max|qvel|=   0.53 ncon=  0 com_z=0.946 com_x=-0.161
t= 17.00 max|qacc|=       3.1 max|qvel|=   0.30 ncon=  0 com_z=0.943 com_x=-0.152
t= 17.50 max|qacc|=       1.0 max|qvel|=   0.10 ncon=  0 com_z=0.943 com_x=-0.156
t= 18.00 max|qacc|=       0.2 max|qvel|=   0.01 ncon=  0 com_z=0.944 com_x=-0.156
t= 18.50 max|qacc|=       0.1 max|qvel|=   0.01 ncon=  0 com_z=0.944 com_x=-0.155
t= 19.00 max|qacc|=       0.0 max|qvel|=   0.01 ncon=  0 com_z=0.944 com_x=-0.156
t= 19.50 max|qacc|=       0.0 max|qvel|=   0.00 ncon=  0 com_z=0.944 com_x=-0.156
t= 20.00 max|qacc|=       0.0 max|qvel|=   0.00 ncon=  0 com_z=0.944 com_x=-0.156
t= 20.50 max|qacc|=       0.0 max|qvel|=   0.00 ncon=  0 com_z=0.944 com_x=-0.156
t= 21.00 max|qacc|=       0.0 max|qvel|=   0.00 ncon=  0 com_z=0.944 com_x=-0.156
t= 21.50 max|qacc|=       0.0 max|qvel|=   0.00 ncon=  0 com_z=0.944 com_x=-0.155
t= 22.00 max|qacc|=       0.0 max|qvel|=   0.00 ncon=  0 com_z=0.944 com_x=-0.155
t= 22.50 max|qacc|=       0.0 max|qvel|=   0.00 ncon=  0 com_z=0.944 com_x=-0.155
t= 23.00 max|qacc|=       0.0 max|qvel|=   0.00 ncon=  0 com_z=0.944 com_x=-0.155
t= 23.50 max|qacc|=       0.0 max|qvel|=   0.00 ncon=  0 com_z=0.944 com_x=-0.155
t= 24.00 max|qacc|=       0.0 max|qvel|=   0.00 ncon=  0 com_z=0.944 com_x=-0.155
t= 24.50 max|qacc|=       0.0 max|qvel|=   0.00 ncon=  0 com_z=0.944 com_x=-0.155
t= 25.00 max|qacc|=       0.0 max|qvel|=   0.00 ncon=  0 com_z=0.944 com_x=-0.155
t= 25.50 max|qacc|=       0.0 max|qvel|=   0.00 ncon=  0 com_z=0.944 com_x=-0.155
t= 26.00 max|qacc|=       0.0 max|qvel|=   0.00 ncon=  0 com_z=0.944 com_x=-0.155
t= 26.50 max|qacc|=       0.0 max|qvel|=   0.00 ncon=  0 com_z=0.944 com_x=-0.155
t= 27.00 max|qacc|=       0.0 max|qvel|=   0.00 ncon=  0 com_z=0.944 com_x=-0.155
t= 27.50 max|qacc|=       0.0 max|qvel|=   0.00 ncon=  0 com_z=0.944 com_x=-0.155
t= 28.00 max|qacc|=       0.0 max|qvel|=   0.00 ncon=  0 com_z=0.944 com_x=-0.155
t= 28.50 max|qacc|=       0.0 max|qvel|=   0.00 ncon=  0 com_z=0.944 com_x=-0.155
t= 29.00 max|qacc|=       0.0 max|qvel|=   0.00 ncon=  0 com_z=0.944 com_x=-0.155
t= 29.50 max|qacc|=       0.0 max|qvel|=   0.00 ncon=  0 com_z=0.944 com_x=-0.155
t= 30.00 max|qacc|=       0.0 max|qvel|=   0.00 ncon=  0 com_z=0.944 com_x=-0.155
t= 30.50 max|qacc|=       0.0 max|qvel|=   0.00 ncon=  0 com_z=0.944 com_x=-0.155

== summary ==
pelvis/COM height: start 0.94 m, min 0.93 m, final 0.94 m  (stayed up)
COM x: min -0.17 max -0.10 final -0.16 m
COM y: min -0.020 max +0.002 m
RG_F_r bursts during walk window: 14
RG_r: cycles in window 14, period 0.73 s (1.38 Hz), E-duty 0.36
RG_l: cycles in window 14, period 0.73 s (1.38 Hz), E-duty 0.36
peak ctrl: [0.86 1.   1.   1.   0.62 1.   0.45 0.34 0.76 0.68 0.86 1.   1.   1.
 0.8  1.   0.46 0.49 0.43 0.18] (('vas_lat_r', 'med_gas_r', 'soleus_r', 'tib_ant_r', 'psoas_r', 'semimem_r', 'glut_max2_r', 'rect_fem_r', 'sar_r', 'grac_r', 'vas_lat_l', 'med_gas_l', 'soleus_l', 'tib_ant_l', 'psoas_l', 'semimem_l', 'glut_max2_l', 'rect_fem_l', 'sar_l', 'grac_l'))
  hip_flexion_r          3.4 ..    33.7 deg
  knee_angle_r         -57.0 ..    10.1 deg
  ankle_angle_r        -62.6 ..    -1.7 deg
  hip_adduction_r      -12.3 ..    14.3 deg
  subtalar_angle_r     -12.5 ..    15.1 deg
  hip_flexion_l        -20.6 ..    33.4 deg
  knee_angle_l         -62.8 ..    10.3 deg
  ankle_angle_l        -66.5 ..     9.8 deg
  hip_adduction_l      -15.8 ..    16.0 deg
  subtalar_angle_l      -1.3 ..    24.0 deg
  pelvis_tilt           -1.9 ..     0.6 deg
  pelvis_list           -0.6 ..    -0.2 deg
  pelvis_rotation        2.3 ..     2.6 deg
saved spinal_run.npz
(plot skipped: 'PF_E2_r')
fitted baseline loaded: e2_pf=0.222 f1_df=0.098 f1_kf=0.148 post_kneext=0.011 post_hipext=0.068 desc_f=1.400 e2_adapt=1.700
start pose (normal): applied 20 coordinates as given; pelvis ty 0.920 m (env override unset); IMU-metric torso lean -0.0 deg (+ = back)
standing solve: nnls x in [0.00, 0.70], >0.1: 14 muscles
  top: add_long_l=0.70, tib_ant_r=0.61, tib_ant_l=0.46, ext_dig_r=0.37, glut_min1_l=0.33, pect_l=0.32, glut_min2_l=0.31, ext_dig_l=0.25
Fmax range: 5..3396 N | L range sample: [0.229942 0.326094]
t=  1.00 max|qacc|=      78.3 max|qvel|=   1.17 ncon=  0 com_z=0.941 com_x=-0.160
t=  1.50 max|qacc|=      55.0 max|qvel|=   0.22 ncon=  0 com_z=0.936 com_x=-0.155
t=  2.00 max|qacc|=      86.8 max|qvel|=   0.16 ncon=  0 com_z=0.939 com_x=-0.160
t=  2.50 max|qacc|=      43.6 max|qvel|=   0.21 ncon=  0 com_z=0.937 com_x=-0.156
t=  3.00 max|qacc|=     278.5 max|qvel|=   0.31 ncon=  0 com_z=0.939 com_x=-0.158
t=  3.50 max|qacc|=      52.7 max|qvel|=   0.55 ncon=  0 com_z=0.938 com_x=-0.156
t=  4.00 max|qacc|=     200.1 max|qvel|=   0.14 ncon=  0 com_z=0.938 com_x=-0.155
t=  4.50 max|qacc|=     120.0 max|qvel|=   6.47 ncon=  0 com_z=0.929 com_x=-0.135
t=  5.00 max|qacc|=      38.3 max|qvel|=   0.97 ncon=  0 com_z=0.944 com_x=-0.156
t=  5.50 max|qacc|=      43.6 max|qvel|=   1.76 ncon=  0 com_z=0.931 com_x=-0.120
t=  6.00 max|qacc|=      44.4 max|qvel|=   1.86 ncon=  0 com_z=0.929 com_x=-0.127
t=  6.50 max|qacc|=      63.6 max|qvel|=   2.13 ncon=  0 com_z=0.932 com_x=-0.124
t=  7.00 max|qacc|=     137.6 max|qvel|=   4.07 ncon=  0 com_z=0.934 com_x=-0.129
t=  7.50 max|qacc|=      81.5 max|qvel|=   5.52 ncon=  0 com_z=0.932 com_x=-0.142
t=  8.00 max|qacc|=     105.0 max|qvel|=   2.05 ncon=  0 com_z=0.935 com_x=-0.148
t=  8.50 max|qacc|=     158.4 max|qvel|=   4.24 ncon=  0 com_z=0.937 com_x=-0.147
t=  9.00 max|qacc|=     177.5 max|qvel|=   2.93 ncon=  0 com_z=0.938 com_x=-0.140
t=  9.50 max|qacc|=      48.9 max|qvel|=   1.26 ncon=  0 com_z=0.936 com_x=-0.133
t= 10.00 max|qacc|=      27.8 max|qvel|=   1.49 ncon=  0 com_z=0.932 com_x=-0.128
t= 10.50 max|qacc|=      46.8 max|qvel|=   1.39 ncon=  0 com_z=0.930 com_x=-0.126
t= 11.00 max|qacc|=      26.0 max|qvel|=   2.70 ncon=  0 com_z=0.931 com_x=-0.125
t= 11.50 max|qacc|=     137.6 max|qvel|=   1.91 ncon=  0 com_z=0.934 com_x=-0.127
t= 12.00 max|qacc|=      50.2 max|qvel|=   6.70 ncon=  0 com_z=0.932 com_x=-0.139
t= 12.50 max|qacc|=     111.8 max|qvel|=   2.27 ncon=  0 com_z=0.934 com_x=-0.147
t= 13.00 max|qacc|=     165.8 max|qvel|=   4.07 ncon=  0 com_z=0.937 com_x=-0.148
t= 13.50 max|qacc|=     121.2 max|qvel|=   3.27 ncon=  0 com_z=0.938 com_x=-0.142
t= 14.00 max|qacc|=      44.5 max|qvel|=   1.42 ncon=  0 com_z=0.936 com_x=-0.135
t= 14.50 max|qacc|=      25.4 max|qvel|=   1.38 ncon=  0 com_z=0.933 com_x=-0.129
t= 15.00 max|qacc|=      44.1 max|qvel|=   1.54 ncon=  0 com_z=0.930 com_x=-0.126
t= 15.50 max|qacc|=      27.4 max|qvel|=   2.53 ncon=  0 com_z=0.931 com_x=-0.124
t= 16.00 max|qacc|=       3.5 max|qvel|=   0.61 ncon=  0 com_z=0.944 com_x=-0.155
t= 16.50 max|qacc|=       1.2 max|qvel|=   0.29 ncon=  0 com_z=0.942 com_x=-0.149
t= 17.00 max|qacc|=       0.5 max|qvel|=   0.11 ncon=  0 com_z=0.942 com_x=-0.153
t= 17.50 max|qacc|=       0.2 max|qvel|=   0.02 ncon=  0 com_z=0.944 com_x=-0.155
t= 18.00 max|qacc|=       0.1 max|qvel|=   0.01 ncon=  0 com_z=0.943 com_x=-0.155
t= 18.50 max|qacc|=       0.0 max|qvel|=   0.00 ncon=  0 com_z=0.943 com_x=-0.155
t= 19.00 max|qacc|=       0.0 max|qvel|=   0.00 ncon=  0 com_z=0.943 com_x=-0.155
t= 19.50 max|qacc|=       0.0 max|qvel|=   0.00 ncon=  0 com_z=0.943 com_x=-0.155
t= 20.00 max|qacc|=       0.0 max|qvel|=   0.00 ncon=  0 com_z=0.943 com_x=-0.155
t= 20.50 max|qacc|=       0.0 max|qvel|=   0.00 ncon=  0 com_z=0.943 com_x=-0.155
t= 21.00 max|qacc|=       0.0 max|qvel|=   0.00 ncon=  0 com_z=0.943 com_x=-0.155
t= 21.50 max|qacc|=       0.0 max|qvel|=   0.00 ncon=  0 com_z=0.943 com_x=-0.155
t= 22.00 max|qacc|=       0.0 max|qvel|=   0.00 ncon=  0 com_z=0.943 com_x=-0.155
t= 22.50 max|qacc|=       0.0 max|qvel|=   0.00 ncon=  0 com_z=0.943 com_x=-0.155
t= 23.00 max|qacc|=       0.0 max|qvel|=   0.00 ncon=  0 com_z=0.943 com_x=-0.155
t= 23.50 max|qacc|=       0.0 max|qvel|=   0.00 ncon=  0 com_z=0.943 com_x=-0.155
t= 24.00 max|qacc|=       0.0 max|qvel|=   0.00 ncon=  0 com_z=0.943 com_x=-0.155
t= 24.50 max|qacc|=       0.0 max|qvel|=   0.00 ncon=  0 com_z=0.943 com_x=-0.155
t= 25.00 max|qacc|=       0.0 max|qvel|=   0.00 ncon=  0 com_z=0.943 com_x=-0.155
t= 25.50 max|qacc|=       0.0 max|qvel|=   0.00 ncon=  0 com_z=0.943 com_x=-0.155
t= 26.00 max|qacc|=       0.0 max|qvel|=   0.00 ncon=  0 com_z=0.943 com_x=-0.155
t= 26.50 max|qacc|=       0.0 max|qvel|=   0.00 ncon=  0 com_z=0.943 com_x=-0.155
t= 27.00 max|qacc|=       0.0 max|qvel|=   0.00 ncon=  0 com_z=0.943 com_x=-0.155
t= 27.50 max|qacc|=       0.0 max|qvel|=   0.00 ncon=  0 com_z=0.943 com_x=-0.155
t= 28.00 max|qacc|=       0.0 max|qvel|=   0.00 ncon=  0 com_z=0.943 com_x=-0.155
t= 28.50 max|qacc|=       0.0 max|qvel|=   0.00 ncon=  0 com_z=0.943 com_x=-0.155
t= 29.00 max|qacc|=       0.0 max|qvel|=   0.00 ncon=  0 com_z=0.943 com_x=-0.155
t= 29.50 max|qacc|=       0.0 max|qvel|=   0.00 ncon=  0 com_z=0.943 com_x=-0.155
t= 30.00 max|qacc|=       0.0 max|qvel|=   0.00 ncon=  0 com_z=0.943 com_x=-0.155
t= 30.50 max|qacc|=       0.0 max|qvel|=   0.00 ncon=  0 com_z=0.943 com_x=-0.155

== summary ==
pelvis/COM height: start 0.94 m, min 0.93 m, final 0.94 m  (stayed up)
COM x: min -0.17 max -0.11 final -0.15 m
COM y: min -0.017 max +0.001 m
RG_F_r bursts during walk window: 18
RG_r: cycles in window 17, period 0.56 s (1.78 Hz), E-duty 0.32
RG_l: cycles in window 17, period 0.56 s (1.78 Hz), E-duty 0.32
peak ctrl: [0.86 1.   1.   1.   0.61 1.   0.45 0.34 0.76 0.68 0.86 1.   1.   1.
 0.82 1.   0.46 0.49 0.48 0.18] (('vas_lat_r', 'med_gas_r', 'soleus_r', 'tib_ant_r', 'psoas_r', 'semimem_r', 'glut_max2_r', 'rect_fem_r', 'sar_r', 'grac_r', 'vas_lat_l', 'med_gas_l', 'soleus_l', 'tib_ant_l', 'psoas_l', 'semimem_l', 'glut_max2_l', 'rect_fem_l', 'sar_l', 'grac_l'))
  hip_flexion_r          0.9 ..    33.7 deg
  knee_angle_r         -48.6 ..    10.1 deg
  ankle_angle_r        -62.9 ..    -1.7 deg
  hip_adduction_r      -12.7 ..    11.7 deg
  subtalar_angle_r     -10.1 ..    14.6 deg
  hip_flexion_l        -18.9 ..    32.6 deg
  knee_angle_l         -60.6 ..    10.3 deg
  ankle_angle_l        -66.4 ..     9.8 deg
  hip_adduction_l      -16.2 ..    13.6 deg
  subtalar_angle_l      -1.2 ..    24.1 deg
  pelvis_tilt           -1.9 ..     0.5 deg
  pelvis_list           -0.6 ..    -0.2 deg
  pelvis_rotation        2.3 ..     2.6 deg
saved spinal_run.npz
(plot skipped: 'PF_E2_r')
fitted baseline loaded: e2_pf=0.222 f1_df=0.098 f1_kf=0.148 post_kneext=0.011 post_hipext=0.068 desc_f=1.400 e2_adapt=1.700
start pose (normal): applied 20 coordinates as given; pelvis ty 0.920 m (env override unset); IMU-metric torso lean -0.0 deg (+ = back)
standing solve: nnls x in [0.00, 0.70], >0.1: 14 muscles
  top: add_long_l=0.70, tib_ant_r=0.61, tib_ant_l=0.46, ext_dig_r=0.37, glut_min1_l=0.33, pect_l=0.32, glut_min2_l=0.31, ext_dig_l=0.25
Fmax range: 5..3396 N | L range sample: [0.229942 0.326094]
t=  1.00 max|qacc|=      15.6 max|qvel|=   1.20 ncon=  0 com_z=0.942 com_x=-0.161
t=  1.50 max|qacc|=      82.1 max|qvel|=   0.30 ncon=  0 com_z=0.937 com_x=-0.156
t=  2.00 max|qacc|=      38.2 max|qvel|=   0.23 ncon=  0 com_z=0.939 com_x=-0.161
t=  2.50 max|qacc|=      48.5 max|qvel|=   0.11 ncon=  0 com_z=0.938 com_x=-0.157
t=  3.00 max|qacc|=      46.9 max|qvel|=   0.10 ncon=  0 com_z=0.939 com_x=-0.159
t=  3.50 max|qacc|=       9.1 max|qvel|=   0.09 ncon=  0 com_z=0.938 com_x=-0.157
t=  4.00 max|qacc|=      21.6 max|qvel|=   0.18 ncon=  0 com_z=0.938 com_x=-0.156
t=  4.50 max|qacc|=      56.2 max|qvel|=   1.15 ncon=  0 com_z=0.937 com_x=-0.154
t=  5.00 max|qacc|=     125.3 max|qvel|=   1.61 ncon=  0 com_z=0.932 com_x=-0.117
t=  5.50 max|qacc|=      36.9 max|qvel|=   2.36 ncon=  0 com_z=0.934 com_x=-0.134
t=  6.00 max|qacc|=      40.1 max|qvel|=   1.45 ncon=  0 com_z=0.939 com_x=-0.150
t=  6.50 max|qacc|=      33.3 max|qvel|=   2.86 ncon=  0 com_z=0.938 com_x=-0.145
t=  7.00 max|qacc|=      62.9 max|qvel|=   1.64 ncon=  0 com_z=0.938 com_x=-0.144
t=  7.50 max|qacc|=      52.8 max|qvel|=   0.69 ncon=  0 com_z=0.938 com_x=-0.143
t=  8.00 max|qacc|=      16.0 max|qvel|=   1.74 ncon=  0 com_z=0.938 com_x=-0.144
t=  8.50 max|qacc|=      19.4 max|qvel|=   0.83 ncon=  0 com_z=0.938 com_x=-0.144
t=  9.00 max|qacc|=      11.9 max|qvel|=   0.80 ncon=  0 com_z=0.938 com_x=-0.145
t=  9.50 max|qacc|=      11.7 max|qvel|=   0.77 ncon=  0 com_z=0.938 com_x=-0.146
t= 10.00 max|qacc|=      27.8 max|qvel|=   0.76 ncon=  0 com_z=0.939 com_x=-0.147
t= 10.50 max|qacc|=      29.1 max|qvel|=   1.38 ncon=  0 com_z=0.938 com_x=-0.147
t= 11.00 max|qacc|=      46.0 max|qvel|=   2.10 ncon=  0 com_z=0.938 com_x=-0.146
t= 11.50 max|qacc|=      42.8 max|qvel|=   2.02 ncon=  0 com_z=0.938 com_x=-0.144
t= 12.00 max|qacc|=      44.1 max|qvel|=   0.43 ncon=  0 com_z=0.938 com_x=-0.143
t= 12.50 max|qacc|=      12.2 max|qvel|=   1.38 ncon=  0 com_z=0.938 com_x=-0.144
t= 13.00 max|qacc|=      20.6 max|qvel|=   0.96 ncon=  0 com_z=0.938 com_x=-0.144
t= 13.50 max|qacc|=      12.6 max|qvel|=   0.84 ncon=  0 com_z=0.938 com_x=-0.145
t= 14.00 max|qacc|=       9.9 max|qvel|=   0.86 ncon=  0 com_z=0.938 com_x=-0.145
t= 14.50 max|qacc|=      24.7 max|qvel|=   0.69 ncon=  0 com_z=0.939 com_x=-0.147
t= 15.00 max|qacc|=      27.8 max|qvel|=   1.04 ncon=  0 com_z=0.939 com_x=-0.148
t= 15.50 max|qacc|=      28.1 max|qvel|=   1.18 ncon=  0 com_z=0.939 com_x=-0.149
t= 16.00 max|qacc|=      43.7 max|qvel|=   1.50 ncon=  0 com_z=0.937 com_x=-0.133
t= 16.50 max|qacc|=       9.1 max|qvel|=   0.33 ncon=  0 com_z=0.940 com_x=-0.151
t= 17.00 max|qacc|=       1.5 max|qvel|=   0.11 ncon=  0 com_z=0.944 com_x=-0.155
t= 17.50 max|qacc|=       0.7 max|qvel|=   0.03 ncon=  0 com_z=0.944 com_x=-0.155
t= 18.00 max|qacc|=       0.1 max|qvel|=   0.02 ncon=  0 com_z=0.944 com_x=-0.156
t= 18.50 max|qacc|=       0.0 max|qvel|=   0.00 ncon=  0 com_z=0.944 com_x=-0.156
t= 19.00 max|qacc|=       0.0 max|qvel|=   0.00 ncon=  0 com_z=0.944 com_x=-0.156
t= 19.50 max|qacc|=       0.0 max|qvel|=   0.00 ncon=  0 com_z=0.944 com_x=-0.156
t= 20.00 max|qacc|=       0.0 max|qvel|=   0.00 ncon=  0 com_z=0.944 com_x=-0.156
t= 20.50 max|qacc|=       0.0 max|qvel|=   0.00 ncon=  0 com_z=0.944 com_x=-0.156
t= 21.00 max|qacc|=       0.0 max|qvel|=   0.00 ncon=  0 com_z=0.944 com_x=-0.156
t= 21.50 max|qacc|=       0.0 max|qvel|=   0.00 ncon=  0 com_z=0.944 com_x=-0.156
t= 22.00 max|qacc|=       0.0 max|qvel|=   0.00 ncon=  0 com_z=0.944 com_x=-0.156
t= 22.50 max|qacc|=       0.0 max|qvel|=   0.00 ncon=  0 com_z=0.944 com_x=-0.156
t= 23.00 max|qacc|=       0.0 max|qvel|=   0.00 ncon=  0 com_z=0.944 com_x=-0.156
t= 23.50 max|qacc|=       0.0 max|qvel|=   0.00 ncon=  0 com_z=0.944 com_x=-0.156
t= 24.00 max|qacc|=       0.0 max|qvel|=   0.00 ncon=  0 com_z=0.944 com_x=-0.156
t= 24.50 max|qacc|=       0.0 max|qvel|=   0.00 ncon=  0 com_z=0.944 com_x=-0.156
t= 25.00 max|qacc|=       0.0 max|qvel|=   0.00 ncon=  0 com_z=0.944 com_x=-0.156
t= 25.50 max|qacc|=       0.0 max|qvel|=   0.00 ncon=  0 com_z=0.944 com_x=-0.156
t= 26.00 max|qacc|=       0.0 max|qvel|=   0.00 ncon=  0 com_z=0.944 com_x=-0.156
t= 26.50 max|qacc|=       0.0 max|qvel|=   0.00 ncon=  0 com_z=0.944 com_x=-0.156
t= 27.00 max|qacc|=       0.0 max|qvel|=   0.00 ncon=  0 com_z=0.944 com_x=-0.156
t= 27.50 max|qacc|=       0.0 max|qvel|=   0.00 ncon=  0 com_z=0.944 com_x=-0.156
t= 28.00 max|qacc|=       0.0 max|qvel|=   0.00 ncon=  0 com_z=0.944 com_x=-0.156
t= 28.50 max|qacc|=       0.0 max|qvel|=   0.00 ncon=  0 com_z=0.944 com_x=-0.156
t= 29.00 max|qacc|=       0.0 max|qvel|=   0.00 ncon=  0 com_z=0.944 com_x=-0.156
t= 29.50 max|qacc|=       0.0 max|qvel|=   0.00 ncon=  0 com_z=0.944 com_x=-0.156
t= 30.00 max|qacc|=       0.0 max|qvel|=   0.00 ncon=  0 com_z=0.944 com_x=-0.156
t= 30.50 max|qacc|=       0.0 max|qvel|=   0.00 ncon=  0 com_z=0.944 com_x=-0.156

== summary ==
pelvis/COM height: start 0.94 m, min 0.93 m, final 0.94 m  (stayed up)
COM x: min -0.17 max -0.10 final -0.16 m
COM y: min -0.020 max +0.001 m
RG_F_r bursts during walk window: 23
RG_r: cycles in window 22, period 0.45 s (2.21 Hz), E-duty 0.41
RG_l: cycles in window 22, period 0.45 s (2.21 Hz), E-duty 0.41
peak ctrl: [0.87 1.   1.   1.   0.61 1.   0.46 0.35 0.76 0.68 0.87 1.   1.   1.
 0.79 1.   0.47 0.49 0.42 0.18] (('vas_lat_r', 'med_gas_r', 'soleus_r', 'tib_ant_r', 'psoas_r', 'semimem_r', 'glut_max2_r', 'rect_fem_r', 'sar_r', 'grac_r', 'vas_lat_l', 'med_gas_l', 'soleus_l', 'tib_ant_l', 'psoas_l', 'semimem_l', 'glut_max2_l', 'rect_fem_l', 'sar_l', 'grac_l'))
  hip_flexion_r          3.0 ..    33.9 deg
  knee_angle_r         -55.8 ..    10.1 deg
  ankle_angle_r        -62.7 ..    -1.7 deg
  hip_adduction_r      -14.0 ..    14.6 deg
  subtalar_angle_r     -13.1 ..    15.1 deg
  hip_flexion_l        -22.5 ..    33.5 deg
  knee_angle_l         -65.8 ..    10.3 deg
  ankle_angle_l        -66.5 ..     9.8 deg
  hip_adduction_l      -17.1 ..    13.7 deg
  subtalar_angle_l      -1.3 ..    24.0 deg
  pelvis_tilt           -1.9 ..     0.6 deg
  pelvis_list           -0.6 ..    -0.0 deg
  pelvis_rotation        2.3 ..     2.6 deg
saved spinal_run.npz
(plot skipped: 'PF_E2_r')
fitted baseline loaded: e2_pf=0.222 f1_df=0.098 f1_kf=0.148 post_kneext=0.011 post_hipext=0.068 desc_f=1.400 e2_adapt=1.700
start pose (normal): applied 20 coordinates as given; pelvis ty 0.920 m (env override unset); IMU-metric torso lean -0.0 deg (+ = back)
standing solve: nnls x in [0.00, 0.70], >0.1: 14 muscles
  top: add_long_l=0.70, tib_ant_r=0.61, tib_ant_l=0.46, ext_dig_r=0.37, glut_min1_l=0.33, pect_l=0.32, glut_min2_l=0.31, ext_dig_l=0.25
Fmax range: 5..3396 N | L range sample: [0.229942 0.326094]
t=  1.00 max|qacc|=     101.5 max|qvel|=   1.17 ncon=  0 com_z=0.942 com_x=-0.161
t=  1.50 max|qacc|=      91.1 max|qvel|=   0.33 ncon=  0 com_z=0.937 com_x=-0.156
t=  2.00 max|qacc|=      52.0 max|qvel|=   0.28 ncon=  0 com_z=0.939 com_x=-0.160
t=  2.50 max|qacc|=      64.4 max|qvel|=   0.16 ncon=  0 com_z=0.938 com_x=-0.156
t=  3.00 max|qacc|=      25.3 max|qvel|=   0.13 ncon=  0 com_z=0.939 com_x=-0.158
t=  3.50 max|qacc|=      45.0 max|qvel|=   0.08 ncon=  0 com_z=0.938 com_x=-0.157
t=  4.00 max|qacc|=      59.6 max|qvel|=   0.14 ncon=  0 com_z=0.938 com_x=-0.156
t=  4.50 max|qacc|=      78.3 max|qvel|=   0.48 ncon=  0 com_z=0.937 com_x=-0.154
t=  5.00 max|qacc|=      90.8 max|qvel|=   6.10 ncon=  0 com_z=0.928 com_x=-0.111
t=  5.50 max|qacc|=      95.3 max|qvel|=   3.88 ncon=  0 com_z=0.934 com_x=-0.143
t=  6.00 max|qacc|=     104.5 max|qvel|=   3.44 ncon=  0 com_z=0.930 com_x=-0.136
t=  6.50 max|qacc|=      53.9 max|qvel|=   5.97 ncon=  0 com_z=0.935 com_x=-0.141
t=  7.00 max|qacc|=      16.7 max|qvel|=   1.44 ncon=  0 com_z=0.933 com_x=-0.128
t=  7.50 max|qacc|=      43.4 max|qvel|=   1.77 ncon=  0 com_z=0.928 com_x=-0.119
t=  8.00 max|qacc|=     123.3 max|qvel|=   2.38 ncon=  0 com_z=0.934 com_x=-0.120
t=  8.50 max|qacc|=      84.9 max|qvel|=   4.17 ncon=  0 com_z=0.932 com_x=-0.141
t=  9.00 max|qacc|=     143.6 max|qvel|=   2.41 ncon=  0 com_z=0.934 com_x=-0.146
t=  9.50 max|qacc|=     119.2 max|qvel|=   3.29 ncon=  0 com_z=0.937 com_x=-0.137
t= 10.00 max|qacc|=      28.1 max|qvel|=   1.40 ncon=  0 com_z=0.931 com_x=-0.124
t= 10.50 max|qacc|=      25.8 max|qvel|=   2.58 ncon=  0 com_z=0.929 com_x=-0.117
t= 11.00 max|qacc|=      87.4 max|qvel|=   6.30 ncon=  0 com_z=0.933 com_x=-0.128
t= 11.50 max|qacc|=      96.1 max|qvel|=   2.52 ncon=  0 com_z=0.933 com_x=-0.145
t= 12.00 max|qacc|=      72.7 max|qvel|=   5.52 ncon=  0 com_z=0.935 com_x=-0.144
t= 12.50 max|qacc|=      42.1 max|qvel|=   1.07 ncon=  0 com_z=0.935 com_x=-0.131
t= 13.00 max|qacc|=      38.1 max|qvel|=   1.77 ncon=  0 com_z=0.929 com_x=-0.120
t= 13.50 max|qacc|=      92.4 max|qvel|=   1.33 ncon=  0 com_z=0.933 com_x=-0.118
t= 14.00 max|qacc|=      92.8 max|qvel|=   5.96 ncon=  0 com_z=0.932 com_x=-0.137
t= 14.50 max|qacc|=     181.8 max|qvel|=   2.81 ncon=  0 com_z=0.934 com_x=-0.146
t= 15.00 max|qacc|=     108.7 max|qvel|=   4.33 ncon=  0 com_z=0.937 com_x=-0.139
t= 15.50 max|qacc|=      14.3 max|qvel|=   1.84 ncon=  0 com_z=0.933 com_x=-0.126
t= 16.00 max|qacc|=      29.6 max|qvel|=   1.58 ncon=  0 com_z=0.936 com_x=-0.145
t= 16.50 max|qacc|=      25.5 max|qvel|=   1.58 ncon=  0 com_z=0.940 com_x=-0.160
t= 17.00 max|qacc|=     287.6 max|qvel|=   0.21 ncon=  0 com_z=0.936 com_x=-0.153
t= 17.50 max|qacc|=     118.0 max|qvel|=   0.96 ncon=  0 com_z=0.939 com_x=-0.159
t= 18.00 max|qacc|=     178.4 max|qvel|=   1.53 ncon=  0 com_z=0.938 com_x=-0.156
t= 18.50 max|qacc|=      63.9 max|qvel|=   0.16 ncon=  0 com_z=0.938 com_x=-0.157
t= 19.00 max|qacc|=     102.1 max|qvel|=   0.40 ncon=  0 com_z=0.938 com_x=-0.157
t= 19.50 max|qacc|=     103.3 max|qvel|=   0.41 ncon=  0 com_z=0.938 com_x=-0.157
t= 20.00 max|qacc|=      67.9 max|qvel|=   0.05 ncon=  0 com_z=0.938 com_x=-0.157
t= 20.50 max|qacc|=      44.7 max|qvel|=   0.21 ncon=  0 com_z=0.938 com_x=-0.157
t= 21.00 max|qacc|=      52.0 max|qvel|=   0.39 ncon=  0 com_z=0.938 com_x=-0.157
t= 21.50 max|qacc|=     122.7 max|qvel|=   0.21 ncon=  0 com_z=0.938 com_x=-0.157
t= 22.00 max|qacc|=      40.9 max|qvel|=   0.13 ncon=  0 com_z=0.938 com_x=-0.157
t= 22.50 max|qacc|=      29.0 max|qvel|=   0.12 ncon=  0 com_z=0.938 com_x=-0.157
t= 23.00 max|qacc|=      49.7 max|qvel|=   0.18 ncon=  0 com_z=0.938 com_x=-0.157
t= 23.50 max|qacc|=      50.6 max|qvel|=   0.29 ncon=  0 com_z=0.938 com_x=-0.157
t= 24.00 max|qacc|=     224.1 max|qvel|=   0.23 ncon=  0 com_z=0.938 com_x=-0.157
t= 24.50 max|qacc|=     119.2 max|qvel|=   0.38 ncon=  0 com_z=0.938 com_x=-0.157
t= 25.00 max|qacc|=      35.5 max|qvel|=   0.33 ncon=  0 com_z=0.938 com_x=-0.157
t= 25.50 max|qacc|=      13.6 max|qvel|=   0.19 ncon=  0 com_z=0.938 com_x=-0.157
t= 26.00 max|qacc|=     125.0 max|qvel|=   0.22 ncon=  0 com_z=0.938 com_x=-0.157
t= 26.50 max|qacc|=      73.9 max|qvel|=   0.43 ncon=  0 com_z=0.938 com_x=-0.157
t= 27.00 max|qacc|=      80.3 max|qvel|=   0.11 ncon=  0 com_z=0.938 com_x=-0.157
t= 27.50 max|qacc|=     161.0 max|qvel|=   0.07 ncon=  0 com_z=0.938 com_x=-0.157
t= 28.00 max|qacc|=      59.7 max|qvel|=   0.08 ncon=  0 com_z=0.938 com_x=-0.157
t= 28.50 max|qacc|=     169.8 max|qvel|=   0.18 ncon=  0 com_z=0.938 com_x=-0.157
t= 29.00 max|qacc|=      55.9 max|qvel|=   0.55 ncon=  0 com_z=0.938 com_x=-0.157
t= 29.50 max|qacc|=      70.0 max|qvel|=   0.23 ncon=  0 com_z=0.938 com_x=-0.157
t= 30.00 max|qacc|=     235.4 max|qvel|=   0.58 ncon=  0 com_z=0.938 com_x=-0.157
t= 30.50 max|qacc|=     497.0 max|qvel|=   0.71 ncon=  0 com_z=0.938 com_x=-0.157

== summary ==
pelvis/COM height: start 0.94 m, min 0.93 m, final 0.94 m  (stayed up)
COM x: min -0.17 max -0.10 final -0.16 m
COM y: min -0.019 max +0.002 m
RG_F_r bursts during walk window: 16
RG_r: cycles in window 17, period 0.61 s (1.64 Hz), E-duty 0.46
RG_l: cycles in window 17, period 0.61 s (1.64 Hz), E-duty 0.46
peak ctrl: [0.87 1.   1.   1.   0.63 1.   0.26 0.35 0.76 0.68 0.87 1.   1.   1.
 0.77 1.   0.38 0.51 0.46 0.26] (('vas_lat_r', 'med_gas_r', 'soleus_r', 'tib_ant_r', 'psoas_r', 'semimem_r', 'glut_max2_r', 'rect_fem_r', 'sar_r', 'grac_r', 'vas_lat_l', 'med_gas_l', 'soleus_l', 'tib_ant_l', 'psoas_l', 'semimem_l', 'glut_max2_l', 'rect_fem_l', 'sar_l', 'grac_l'))
  hip_flexion_r          4.7 ..    34.1 deg
  knee_angle_r         -41.7 ..    10.0 deg
  ankle_angle_r        -62.8 ..    -1.7 deg
  hip_adduction_r      -10.2 ..    14.3 deg
  subtalar_angle_r      -9.5 ..    14.9 deg
  hip_flexion_l        -20.6 ..    33.1 deg
  knee_angle_l         -52.7 ..    10.3 deg
  ankle_angle_l        -66.5 ..     9.8 deg
  hip_adduction_l      -15.9 ..    18.2 deg
  subtalar_angle_l      -1.4 ..    11.3 deg
  pelvis_tilt           -1.9 ..     0.5 deg
  pelvis_list           -0.8 ..     0.0 deg
  pelvis_rotation        2.2 ..     2.6 deg
saved spinal_run.npz
(plot skipped: 'PF_E2_r')
fitted baseline loaded: e2_pf=0.222 f1_df=0.098 f1_kf=0.148 post_kneext=0.011 post_hipext=0.068 desc_f=1.400 e2_adapt=1.700
start pose (normal): applied 20 coordinates as given; pelvis ty 0.920 m (env override unset); IMU-metric torso lean -0.0 deg (+ = back)
standing solve: nnls x in [0.00, 0.70], >0.1: 14 muscles
  top: add_long_l=0.70, tib_ant_r=0.61, tib_ant_l=0.46, ext_dig_r=0.37, glut_min1_l=0.33, pect_l=0.32, glut_min2_l=0.31, ext_dig_l=0.25
Fmax range: 5..3396 N | L range sample: [0.229942 0.326094]
t=  1.00 max|qacc|=      87.4 max|qvel|=   1.25 ncon=  0 com_z=0.942 com_x=-0.160
t=  1.50 max|qacc|=     113.4 max|qvel|=   0.26 ncon=  0 com_z=0.937 com_x=-0.155
t=  2.00 max|qacc|=     232.6 max|qvel|=   1.15 ncon=  0 com_z=0.939 com_x=-0.160
t=  2.50 max|qacc|=      64.4 max|qvel|=   0.36 ncon=  0 com_z=0.937 com_x=-0.156
t=  3.00 max|qacc|=      30.5 max|qvel|=   0.07 ncon=  0 com_z=0.939 com_x=-0.158
t=  3.50 max|qacc|=      35.7 max|qvel|=   0.34 ncon=  0 com_z=0.938 com_x=-0.156
t=  4.00 max|qacc|=      70.0 max|qvel|=   0.23 ncon=  0 com_z=0.938 com_x=-0.155
t=  4.50 max|qacc|=     105.5 max|qvel|=   3.60 ncon=  0 com_z=0.934 com_x=-0.147
t=  5.00 max|qacc|=      79.3 max|qvel|=   4.24 ncon=  0 com_z=0.940 com_x=-0.155
t=  5.50 max|qacc|=      83.4 max|qvel|=   3.39 ncon=  0 com_z=0.930 com_x=-0.131
t=  6.00 max|qacc|=      79.4 max|qvel|=   5.72 ncon=  0 com_z=0.931 com_x=-0.130
t=  6.50 max|qacc|=      73.0 max|qvel|=   1.66 ncon=  0 com_z=0.932 com_x=-0.122
t=  7.00 max|qacc|=      42.2 max|qvel|=   1.97 ncon=  0 com_z=0.930 com_x=-0.129
t=  7.50 max|qacc|=     130.5 max|qvel|=   2.13 ncon=  0 com_z=0.932 com_x=-0.133
t=  8.00 max|qacc|=      90.5 max|qvel|=   4.62 ncon=  0 com_z=0.931 com_x=-0.131
t=  8.50 max|qacc|=      85.4 max|qvel|=   0.93 ncon=  0 com_z=0.933 com_x=-0.122
t=  9.00 max|qacc|=      42.8 max|qvel|=   2.29 ncon=  0 com_z=0.930 com_x=-0.128
t=  9.50 max|qacc|=     176.1 max|qvel|=   2.00 ncon=  0 com_z=0.932 com_x=-0.133
t= 10.00 max|qacc|=      89.6 max|qvel|=   3.60 ncon=  0 com_z=0.931 com_x=-0.132
t= 10.50 max|qacc|=     100.5 max|qvel|=   0.97 ncon=  0 com_z=0.933 com_x=-0.123
t= 11.00 max|qacc|=      40.0 max|qvel|=   2.48 ncon=  0 com_z=0.930 com_x=-0.128
t= 11.50 max|qacc|=     193.0 max|qvel|=   2.08 ncon=  0 com_z=0.932 com_x=-0.133
t= 12.00 max|qacc|=      96.8 max|qvel|=   2.48 ncon=  0 com_z=0.931 com_x=-0.133
t= 12.50 max|qacc|=     112.2 max|qvel|=   2.00 ncon=  0 com_z=0.933 com_x=-0.123
t= 13.00 max|qacc|=      46.0 max|qvel|=   2.58 ncon=  0 com_z=0.930 com_x=-0.127
t= 13.50 max|qacc|=     136.8 max|qvel|=   2.54 ncon=  0 com_z=0.932 com_x=-0.132
t= 14.00 max|qacc|=      97.1 max|qvel|=   1.72 ncon=  0 com_z=0.931 com_x=-0.134
t= 14.50 max|qacc|=     118.0 max|qvel|=   3.08 ncon=  0 com_z=0.933 com_x=-0.124
t= 15.00 max|qacc|=      27.5 max|qvel|=   2.72 ncon=  0 com_z=0.930 com_x=-0.126
t= 15.50 max|qacc|=      23.3 max|qvel|=   1.04 ncon=  0 com_z=0.933 com_x=-0.133
t= 16.00 max|qacc|=      84.4 max|qvel|=   5.46 ncon=  0 com_z=0.931 com_x=-0.125
t= 16.50 max|qacc|=       8.0 max|qvel|=   0.66 ncon=  0 com_z=0.951 com_x=-0.160
t= 17.00 max|qacc|=       3.2 max|qvel|=   0.29 ncon=  0 com_z=0.941 com_x=-0.149
t= 17.50 max|qacc|=       1.1 max|qvel|=   0.16 ncon=  0 com_z=0.944 com_x=-0.156
t= 18.00 max|qacc|=       0.3 max|qvel|=   0.04 ncon=  0 com_z=0.944 com_x=-0.155
t= 18.50 max|qacc|=       0.1 max|qvel|=   0.01 ncon=  0 com_z=0.943 com_x=-0.155
t= 19.00 max|qacc|=       0.1 max|qvel|=   0.00 ncon=  0 com_z=0.944 com_x=-0.155
t= 19.50 max|qacc|=       0.0 max|qvel|=   0.00 ncon=  0 com_z=0.943 com_x=-0.155
t= 20.00 max|qacc|=       0.0 max|qvel|=   0.00 ncon=  0 com_z=0.943 com_x=-0.155
t= 20.50 max|qacc|=       0.0 max|qvel|=   0.00 ncon=  0 com_z=0.943 com_x=-0.155
t= 21.00 max|qacc|=       0.0 max|qvel|=   0.00 ncon=  0 com_z=0.943 com_x=-0.155
t= 21.50 max|qacc|=       0.0 max|qvel|=   0.00 ncon=  0 com_z=0.943 com_x=-0.155
t= 22.00 max|qacc|=       0.0 max|qvel|=   0.00 ncon=  0 com_z=0.943 com_x=-0.155
t= 22.50 max|qacc|=       0.0 max|qvel|=   0.00 ncon=  0 com_z=0.943 com_x=-0.155
t= 23.00 max|qacc|=       0.0 max|qvel|=   0.00 ncon=  0 com_z=0.943 com_x=-0.155
t= 23.50 max|qacc|=       0.0 max|qvel|=   0.00 ncon=  0 com_z=0.943 com_x=-0.155
t= 24.00 max|qacc|=       0.0 max|qvel|=   0.00 ncon=  0 com_z=0.943 com_x=-0.155
t= 24.50 max|qacc|=       0.0 max|qvel|=   0.00 ncon=  0 com_z=0.943 com_x=-0.155
t= 25.00 max|qacc|=       0.0 max|qvel|=   0.00 ncon=  0 com_z=0.943 com_x=-0.155
t= 25.50 max|qacc|=       0.0 max|qvel|=   0.00 ncon=  0 com_z=0.943 com_x=-0.155
t= 26.00 max|qacc|=       0.0 max|qvel|=   0.00 ncon=  0 com_z=0.943 com_x=-0.155
t= 26.50 max|qacc|=       0.0 max|qvel|=   0.00 ncon=  0 com_z=0.943 com_x=-0.155
t= 27.00 max|qacc|=       0.0 max|qvel|=   0.00 ncon=  0 com_z=0.943 com_x=-0.155
t= 27.50 max|qacc|=       0.0 max|qvel|=   0.00 ncon=  0 com_z=0.943 com_x=-0.155
t= 28.00 max|qacc|=       0.0 max|qvel|=   0.00 ncon=  0 com_z=0.943 com_x=-0.155
t= 28.50 max|qacc|=       0.0 max|qvel|=   0.00 ncon=  0 com_z=0.943 com_x=-0.155
t= 29.00 max|qacc|=       0.0 max|qvel|=   0.00 ncon=  0 com_z=0.943 com_x=-0.155
t= 29.50 max|qacc|=       0.0 max|qvel|=   0.00 ncon=  0 com_z=0.943 com_x=-0.155
t= 30.00 max|qacc|=       0.0 max|qvel|=   0.00 ncon=  0 com_z=0.943 com_x=-0.155
t= 30.50 max|qacc|=       0.0 max|qvel|=   0.00 ncon=  0 com_z=0.943 com_x=-0.155

== summary ==
pelvis/COM height: start 0.94 m, min 0.93 m, final 0.94 m  (stayed up)
COM x: min -0.17 max -0.11 final -0.15 m
COM y: min -0.020 max +0.001 m
RG_F_r bursts during walk window: 24
RG_r: cycles in window 25, period 0.40 s (2.48 Hz), E-duty 0.40
RG_l: cycles in window 25, period 0.40 s (2.48 Hz), E-duty 0.40
peak ctrl: [0.87 1.   1.   1.   0.61 1.   0.46 0.35 0.76 0.68 0.86 1.   1.   1.
 0.78 1.   0.47 0.49 0.41 0.2 ] (('vas_lat_r', 'med_gas_r', 'soleus_r', 'tib_ant_r', 'psoas_r', 'semimem_r', 'glut_max2_r', 'rect_fem_r', 'sar_r', 'grac_r', 'vas_lat_l', 'med_gas_l', 'soleus_l', 'tib_ant_l', 'psoas_l', 'semimem_l', 'glut_max2_l', 'rect_fem_l', 'sar_l', 'grac_l'))
  hip_flexion_r          4.4 ..    33.7 deg
  knee_angle_r         -47.4 ..    10.1 deg
  ankle_angle_r        -63.0 ..    -1.7 deg
  hip_adduction_r      -12.2 ..    11.4 deg
  subtalar_angle_r     -12.3 ..    14.7 deg
  hip_flexion_l        -18.3 ..    32.6 deg
  knee_angle_l         -54.7 ..    10.3 deg
  ankle_angle_l        -66.4 ..     9.8 deg
  hip_adduction_l      -18.6 ..    15.2 deg
  subtalar_angle_l      -1.5 ..    24.3 deg
  pelvis_tilt           -1.9 ..     0.4 deg
  pelvis_list           -0.7 ..    -0.1 deg
  pelvis_rotation        2.2 ..     2.6 deg
saved spinal_run.npz
(plot skipped: 'PF_E2_r')
fitted baseline loaded: e2_pf=0.222 f1_df=0.098 f1_kf=0.148 post_kneext=0.011 post_hipext=0.068 desc_f=1.400 e2_adapt=1.700
start pose (normal): applied 20 coordinates as given; pelvis ty 0.920 m (env override unset); IMU-metric torso lean -0.0 deg (+ = back)
standing solve: nnls x in [0.00, 0.70], >0.1: 14 muscles
  top: add_long_l=0.70, tib_ant_r=0.61, tib_ant_l=0.46, ext_dig_r=0.37, glut_min1_l=0.33, pect_l=0.32, glut_min2_l=0.31, ext_dig_l=0.25
Fmax range: 5..3396 N | L range sample: [0.229942 0.326094]
t=  1.00 max|qacc|=     121.8 max|qvel|=   1.20 ncon=  0 com_z=0.942 com_x=-0.161
t=  1.50 max|qacc|=      49.0 max|qvel|=   0.25 ncon=  0 com_z=0.937 com_x=-0.156
t=  2.00 max|qacc|=      32.4 max|qvel|=   0.18 ncon=  0 com_z=0.940 com_x=-0.161
t=  2.50 max|qacc|=     218.8 max|qvel|=   0.14 ncon=  0 com_z=0.938 com_x=-0.157
t=  3.00 max|qacc|=      16.4 max|qvel|=   0.13 ncon=  0 com_z=0.939 com_x=-0.159
t=  3.50 max|qacc|=     277.0 max|qvel|=   0.28 ncon=  0 com_z=0.938 com_x=-0.157
t=  4.00 max|qacc|=      39.8 max|qvel|=   0.11 ncon=  0 com_z=0.938 com_x=-0.156
t=  4.50 max|qacc|=     144.3 max|qvel|=   1.35 ncon=  0 com_z=0.937 com_x=-0.155
t=  5.00 max|qacc|=      20.9 max|qvel|=   2.15 ncon=  0 com_z=0.929 com_x=-0.110
t=  5.50 max|qacc|=      20.4 max|qvel|=   1.29 ncon=  0 com_z=0.938 com_x=-0.148
t=  6.00 max|qacc|=      31.8 max|qvel|=   1.22 ncon=  0 com_z=0.938 com_x=-0.141
t=  6.50 max|qacc|=      56.5 max|qvel|=   3.35 ncon=  0 com_z=0.938 com_x=-0.143
t=  7.00 max|qacc|=      40.7 max|qvel|=   1.55 ncon=  0 com_z=0.939 com_x=-0.150
t=  7.50 max|qacc|=      14.2 max|qvel|=   0.86 ncon=  0 com_z=0.941 com_x=-0.148
t=  8.00 max|qacc|=      23.7 max|qvel|=   0.86 ncon=  0 com_z=0.940 com_x=-0.145
t=  8.50 max|qacc|=      14.1 max|qvel|=   1.38 ncon=  0 com_z=0.937 com_x=-0.143
t=  9.00 max|qacc|=      29.1 max|qvel|=   1.39 ncon=  0 com_z=0.938 com_x=-0.141
t=  9.50 max|qacc|=      37.9 max|qvel|=   1.49 ncon=  0 com_z=0.938 com_x=-0.144
t= 10.00 max|qacc|=      32.5 max|qvel|=   1.50 ncon=  0 com_z=0.940 com_x=-0.150
t= 10.50 max|qacc|=      13.4 max|qvel|=   1.59 ncon=  0 com_z=0.941 com_x=-0.148
t= 11.00 max|qacc|=       8.8 max|qvel|=   0.97 ncon=  0 com_z=0.939 com_x=-0.145
t= 11.50 max|qacc|=      25.0 max|qvel|=   1.37 ncon=  0 com_z=0.937 com_x=-0.143
t= 12.00 max|qacc|=      31.3 max|qvel|=   0.60 ncon=  0 com_z=0.938 com_x=-0.141
t= 12.50 max|qacc|=      35.3 max|qvel|=   3.15 ncon=  0 com_z=0.938 com_x=-0.145
t= 13.00 max|qacc|=      43.2 max|qvel|=   1.41 ncon=  0 com_z=0.939 com_x=-0.150
t= 13.50 max|qacc|=      17.6 max|qvel|=   0.71 ncon=  0 com_z=0.941 com_x=-0.147
t= 14.00 max|qacc|=      12.4 max|qvel|=   1.00 ncon=  0 com_z=0.939 com_x=-0.144
t= 14.50 max|qacc|=       9.6 max|qvel|=   1.37 ncon=  0 com_z=0.937 com_x=-0.143
t= 15.00 max|qacc|=      33.2 max|qvel|=   0.99 ncon=  0 com_z=0.939 com_x=-0.141
t= 15.50 max|qacc|=      65.1 max|qvel|=   1.97 ncon=  0 com_z=0.939 com_x=-0.148
t= 16.00 max|qacc|=      26.2 max|qvel|=   1.59 ncon=  0 com_z=0.935 com_x=-0.125
t= 16.50 max|qacc|=       6.6 max|qvel|=   0.48 ncon=  0 com_z=0.940 com_x=-0.153
t= 17.00 max|qacc|=       1.3 max|qvel|=   0.13 ncon=  0 com_z=0.944 com_x=-0.155
t= 17.50 max|qacc|=       0.3 max|qvel|=   0.03 ncon=  0 com_z=0.944 com_x=-0.155
t= 18.00 max|qacc|=       0.1 max|qvel|=   0.02 ncon=  0 com_z=0.944 com_x=-0.156
t= 18.50 max|qacc|=       0.0 max|qvel|=   0.01 ncon=  0 com_z=0.944 com_x=-0.156
t= 19.00 max|qacc|=       0.0 max|qvel|=   0.00 ncon=  0 com_z=0.944 com_x=-0.156
t= 19.50 max|qacc|=       0.0 max|qvel|=   0.00 ncon=  0 com_z=0.944 com_x=-0.156
t= 20.00 max|qacc|=       0.0 max|qvel|=   0.00 ncon=  0 com_z=0.944 com_x=-0.156
t= 20.50 max|qacc|=       0.0 max|qvel|=   0.00 ncon=  0 com_z=0.944 com_x=-0.156
t= 21.00 max|qacc|=       0.0 max|qvel|=   0.00 ncon=  0 com_z=0.944 com_x=-0.156
t= 21.50 max|qacc|=       0.0 max|qvel|=   0.00 ncon=  0 com_z=0.944 com_x=-0.156
t= 22.00 max|qacc|=       0.0 max|qvel|=   0.00 ncon=  0 com_z=0.944 com_x=-0.156
t= 22.50 max|qacc|=       0.0 max|qvel|=   0.00 ncon=  0 com_z=0.944 com_x=-0.156
t= 23.00 max|qacc|=       0.0 max|qvel|=   0.00 ncon=  0 com_z=0.944 com_x=-0.156
t= 23.50 max|qacc|=       0.0 max|qvel|=   0.00 ncon=  0 com_z=0.944 com_x=-0.156
t= 24.00 max|qacc|=       0.0 max|qvel|=   0.00 ncon=  0 com_z=0.944 com_x=-0.156
t= 24.50 max|qacc|=       0.0 max|qvel|=   0.00 ncon=  0 com_z=0.944 com_x=-0.156
t= 25.00 max|qacc|=       0.0 max|qvel|=   0.00 ncon=  0 com_z=0.944 com_x=-0.156
t= 25.50 max|qacc|=       0.0 max|qvel|=   0.00 ncon=  0 com_z=0.944 com_x=-0.156
t= 26.00 max|qacc|=       0.0 max|qvel|=   0.00 ncon=  0 com_z=0.944 com_x=-0.156
t= 26.50 max|qacc|=       0.0 max|qvel|=   0.00 ncon=  0 com_z=0.944 com_x=-0.156
t= 27.00 max|qacc|=       0.0 max|qvel|=   0.00 ncon=  0 com_z=0.944 com_x=-0.156
t= 27.50 max|qacc|=       0.0 max|qvel|=   0.00 ncon=  0 com_z=0.944 com_x=-0.156
t= 28.00 max|qacc|=       0.0 max|qvel|=   0.00 ncon=  0 com_z=0.944 com_x=-0.156
t= 28.50 max|qacc|=       0.0 max|qvel|=   0.00 ncon=  0 com_z=0.944 com_x=-0.156
t= 29.00 max|qacc|=       0.0 max|qvel|=   0.00 ncon=  0 com_z=0.944 com_x=-0.156
t= 29.50 max|qacc|=       0.0 max|qvel|=   0.00 ncon=  0 com_z=0.944 com_x=-0.156
t= 30.00 max|qacc|=       0.0 max|qvel|=   0.00 ncon=  0 com_z=0.944 com_x=-0.156
t= 30.50 max|qacc|=       0.0 max|qvel|=   0.00 ncon=  0 com_z=0.944 com_x=-0.156

== summary ==
pelvis/COM height: start 0.94 m, min 0.93 m, final 0.94 m  (stayed up)
COM x: min -0.17 max -0.10 final -0.16 m
COM y: min -0.020 max +0.001 m
RG_F_r bursts during walk window: 17
RG_r: cycles in window 16, period 0.60 s (1.66 Hz), E-duty 0.37
RG_l: cycles in window 16, period 0.60 s (1.66 Hz), E-duty 0.37
peak ctrl: [0.87 1.   1.   1.   0.61 1.   0.46 0.35 0.76 0.68 0.86 1.   1.   1.
 0.79 1.   0.47 0.49 0.42 0.18] (('vas_lat_r', 'med_gas_r', 'soleus_r', 'tib_ant_r', 'psoas_r', 'semimem_r', 'glut_max2_r', 'rect_fem_r', 'sar_r', 'grac_r', 'vas_lat_l', 'med_gas_l', 'soleus_l', 'tib_ant_l', 'psoas_l', 'semimem_l', 'glut_max2_l', 'rect_fem_l', 'sar_l', 'grac_l'))
  hip_flexion_r          3.6 ..    34.1 deg
  knee_angle_r         -55.3 ..    10.1 deg
  ankle_angle_r        -62.8 ..    -1.7 deg
  hip_adduction_r      -13.5 ..    16.1 deg
  subtalar_angle_r     -12.3 ..    15.1 deg
  hip_flexion_l        -22.3 ..    33.5 deg
  knee_angle_l         -60.6 ..    10.3 deg
  ankle_angle_l        -66.5 ..     9.8 deg
  hip_adduction_l      -18.4 ..    16.0 deg
  subtalar_angle_l      -1.3 ..    24.1 deg
  pelvis_tilt           -1.9 ..     0.6 deg
  pelvis_list           -0.6 ..    -0.1 deg
  pelvis_rotation        2.3 ..     2.6 deg
saved spinal_run.npz
(plot skipped: 'PF_E2_r')
fitted baseline loaded: e2_pf=0.222 f1_df=0.098 f1_kf=0.148 post_kneext=0.011 post_hipext=0.068 desc_f=1.400 e2_adapt=1.700
start pose (normal): applied 20 coordinates as given; pelvis ty 0.920 m (env override unset); IMU-metric torso lean -0.0 deg (+ = back)
standing solve: nnls x in [0.00, 0.70], >0.1: 14 muscles
  top: add_long_l=0.70, tib_ant_r=0.61, tib_ant_l=0.46, ext_dig_r=0.37, glut_min1_l=0.33, pect_l=0.32, glut_min2_l=0.31, ext_dig_l=0.25
Fmax range: 5..3396 N | L range sample: [0.229942 0.326094]
t=  1.00 max|qacc|=     187.2 max|qvel|=   0.87 ncon=  0 com_z=0.942 com_x=-0.161
t=  1.50 max|qacc|=      28.2 max|qvel|=   0.26 ncon=  0 com_z=0.936 com_x=-0.155
t=  2.00 max|qacc|=      72.8 max|qvel|=   0.15 ncon=  0 com_z=0.939 com_x=-0.160
t=  2.50 max|qacc|=      17.7 max|qvel|=   0.10 ncon=  0 com_z=0.938 com_x=-0.156
t=  3.00 max|qacc|=     199.1 max|qvel|=   1.38 ncon=  0 com_z=0.939 com_x=-0.158
t=  3.50 max|qacc|=      45.8 max|qvel|=   0.22 ncon=  0 com_z=0.938 com_x=-0.156
t=  4.00 max|qacc|=      28.0 max|qvel|=   0.15 ncon=  0 com_z=0.938 com_x=-0.156
t=  4.50 max|qacc|=      24.7 max|qvel|=   0.39 ncon=  0 com_z=0.937 com_x=-0.154
t=  5.00 max|qacc|=      36.0 max|qvel|=   1.67 ncon=  0 com_z=0.925 com_x=-0.105
t=  5.50 max|qacc|=     133.6 max|qvel|=   3.51 ncon=  0 com_z=0.931 com_x=-0.124
t=  6.00 max|qacc|=      98.4 max|qvel|=   6.41 ncon=  0 com_z=0.931 com_x=-0.129
t=  6.50 max|qacc|=      51.6 max|qvel|=   2.07 ncon=  0 com_z=0.933 com_x=-0.136
t=  7.00 max|qacc|=     191.8 max|qvel|=   2.25 ncon=  0 com_z=0.933 com_x=-0.137
t=  7.50 max|qacc|=     370.2 max|qvel|=   1.99 ncon=  0 com_z=0.933 com_x=-0.138
t=  8.00 max|qacc|=      76.4 max|qvel|=   1.32 ncon=  0 com_z=0.935 com_x=-0.143
t=  8.50 max|qacc|=     115.0 max|qvel|=   1.71 ncon=  0 com_z=0.933 com_x=-0.139
t=  9.00 max|qacc|=     100.3 max|qvel|=   1.32 ncon=  0 com_z=0.933 com_x=-0.136
t=  9.50 max|qacc|=     559.5 max|qvel|=   6.07 ncon=  0 com_z=0.931 com_x=-0.132
t= 10.00 max|qacc|=     172.6 max|qvel|=   1.71 ncon=  0 com_z=0.930 com_x=-0.129
t= 10.50 max|qacc|=      24.5 max|qvel|=   0.81 ncon=  0 com_z=0.929 com_x=-0.128
t= 11.00 max|qacc|=     102.9 max|qvel|=   1.14 ncon=  0 com_z=0.928 com_x=-0.127
t= 11.50 max|qacc|=      26.6 max|qvel|=   1.53 ncon=  0 com_z=0.929 com_x=-0.129
t= 12.00 max|qacc|=      35.6 max|qvel|=   1.10 ncon=  0 com_z=0.928 com_x=-0.128
t= 12.50 max|qacc|=     216.0 max|qvel|=   3.00 ncon=  0 com_z=0.929 com_x=-0.129
t= 13.00 max|qacc|=     483.0 max|qvel|=   3.96 ncon=  0 com_z=0.930 com_x=-0.131
t= 13.50 max|qacc|=      81.5 max|qvel|=   1.66 ncon=  0 com_z=0.931 com_x=-0.135
t= 14.00 max|qacc|=      82.2 max|qvel|=   3.30 ncon=  0 com_z=0.933 com_x=-0.138
t= 14.50 max|qacc|=     150.3 max|qvel|=   2.38 ncon=  0 com_z=0.934 com_x=-0.143
t= 15.00 max|qacc|=      69.6 max|qvel|=   1.89 ncon=  0 com_z=0.936 com_x=-0.145
t= 15.50 max|qacc|=      43.7 max|qvel|=   2.75 ncon=  0 com_z=0.938 com_x=-0.152
t= 16.00 max|qacc|=      37.8 max|qvel|=   2.47 ncon=  0 com_z=0.935 com_x=-0.125
t= 16.50 max|qacc|=      21.3 max|qvel|=   1.99 ncon=  0 com_z=0.936 com_x=-0.143
t= 17.00 max|qacc|=     101.6 max|qvel|=   0.46 ncon=  0 com_z=0.942 com_x=-0.162
t= 17.50 max|qacc|=     375.2 max|qvel|=   1.45 ncon=  0 com_z=0.936 com_x=-0.155
t= 18.00 max|qacc|=      46.3 max|qvel|=   0.40 ncon=  0 com_z=0.939 com_x=-0.159
t= 18.50 max|qacc|=      28.6 max|qvel|=   0.17 ncon=  0 com_z=0.938 com_x=-0.156
t= 19.00 max|qacc|=      18.8 max|qvel|=   0.16 ncon=  0 com_z=0.938 com_x=-0.158
t= 19.50 max|qacc|=      78.4 max|qvel|=   0.73 ncon=  0 com_z=0.938 com_x=-0.157
t= 20.00 max|qacc|=      96.3 max|qvel|=   1.24 ncon=  0 com_z=0.938 com_x=-0.157
t= 20.50 max|qacc|=     181.3 max|qvel|=   0.13 ncon=  0 com_z=0.938 com_x=-0.157
t= 21.00 max|qacc|=      68.4 max|qvel|=   0.09 ncon=  0 com_z=0.938 com_x=-0.157
t= 21.50 max|qacc|=     196.8 max|qvel|=   1.16 ncon=  0 com_z=0.938 com_x=-0.157
t= 22.00 max|qacc|=      74.0 max|qvel|=   0.34 ncon=  0 com_z=0.938 com_x=-0.157
t= 22.50 max|qacc|=      22.1 max|qvel|=   0.06 ncon=  0 com_z=0.938 com_x=-0.157
t= 23.00 max|qacc|=      20.3 max|qvel|=   0.84 ncon=  0 com_z=0.938 com_x=-0.157
t= 23.50 max|qacc|=     104.8 max|qvel|=   0.12 ncon=  0 com_z=0.938 com_x=-0.157
t= 24.00 max|qacc|=      35.0 max|qvel|=   0.18 ncon=  0 com_z=0.938 com_x=-0.157
t= 24.50 max|qacc|=      88.3 max|qvel|=   0.10 ncon=  0 com_z=0.938 com_x=-0.157
t= 25.00 max|qacc|=     212.0 max|qvel|=   0.20 ncon=  0 com_z=0.938 com_x=-0.157
t= 25.50 max|qacc|=      62.2 max|qvel|=   0.35 ncon=  0 com_z=0.938 com_x=-0.157
t= 26.00 max|qacc|=      55.0 max|qvel|=   0.13 ncon=  0 com_z=0.938 com_x=-0.157
t= 26.50 max|qacc|=      45.9 max|qvel|=   0.19 ncon=  0 com_z=0.938 com_x=-0.157
t= 27.00 max|qacc|=      50.6 max|qvel|=   0.31 ncon=  0 com_z=0.938 com_x=-0.157
t= 27.50 max|qacc|=      24.4 max|qvel|=   0.18 ncon=  0 com_z=0.938 com_x=-0.157
t= 28.00 max|qacc|=      78.8 max|qvel|=   0.25 ncon=  0 com_z=0.938 com_x=-0.157
t= 28.50 max|qacc|=      26.7 max|qvel|=   0.06 ncon=  0 com_z=0.938 com_x=-0.157
t= 29.00 max|qacc|=     120.0 max|qvel|=   0.13 ncon=  0 com_z=0.938 com_x=-0.157
t= 29.50 max|qacc|=      61.5 max|qvel|=   0.12 ncon=  0 com_z=0.938 com_x=-0.157
t= 30.00 max|qacc|=      66.5 max|qvel|=   0.17 ncon=  0 com_z=0.938 com_x=-0.157
t= 30.50 max|qacc|=      53.5 max|qvel|=   0.25 ncon=  0 com_z=0.938 com_x=-0.157

== summary ==
pelvis/COM height: start 0.94 m, min 0.92 m, final 0.94 m  (stayed up)
COM x: min -0.17 max -0.10 final -0.16 m
COM y: min -0.020 max +0.003 m
RG_F_r bursts during walk window: 19
RG_r: cycles in window 18, period 0.53 s (1.89 Hz), E-duty 0.47
RG_l: cycles in window 18, period 0.53 s (1.89 Hz), E-duty 0.47
peak ctrl: [0.88 1.   1.   1.   0.66 1.   0.3  0.35 0.79 0.72 0.91 1.   1.   1.
 0.8  1.   0.38 0.52 0.47 0.21] (('vas_lat_r', 'med_gas_r', 'soleus_r', 'tib_ant_r', 'psoas_r', 'semimem_r', 'glut_max2_r', 'rect_fem_r', 'sar_r', 'grac_r', 'vas_lat_l', 'med_gas_l', 'soleus_l', 'tib_ant_l', 'psoas_l', 'semimem_l', 'glut_max2_l', 'rect_fem_l', 'sar_l', 'grac_l'))
  hip_flexion_r          5.5 ..    35.9 deg
  knee_angle_r         -38.8 ..    10.1 deg
  ankle_angle_r        -64.1 ..    -1.7 deg
  hip_adduction_r       -7.8 ..    15.4 deg
  subtalar_angle_r     -12.6 ..    14.9 deg
  hip_flexion_l        -19.0 ..    33.0 deg
  knee_angle_l         -48.3 ..    10.3 deg
  ankle_angle_l        -66.6 ..     9.8 deg
  hip_adduction_l      -14.7 ..    16.4 deg
  subtalar_angle_l      -1.9 ..    13.7 deg
  pelvis_tilt           -1.9 ..     0.7 deg
  pelvis_list           -0.9 ..     0.1 deg
  pelvis_rotation        2.2 ..     2.6 deg
saved spinal_run.npz
(plot skipped: 'PF_E2_r')
fitted baseline loaded: e2_pf=0.222 f1_df=0.098 f1_kf=0.148 post_kneext=0.011 post_hipext=0.068 desc_f=1.400 e2_adapt=1.700
start pose (normal): applied 20 coordinates as given; pelvis ty 0.920 m (env override unset); IMU-metric torso lean -0.0 deg (+ = back)
standing solve: nnls x in [0.00, 0.70], >0.1: 14 muscles
  top: add_long_l=0.70, tib_ant_r=0.61, tib_ant_l=0.46, ext_dig_r=0.37, glut_min1_l=0.33, pect_l=0.32, glut_min2_l=0.31, ext_dig_l=0.25
Fmax range: 5..3396 N | L range sample: [0.229942 0.326094]
t=  1.00 max|qacc|=     109.8 max|qvel|=   1.26 ncon=  0 com_z=0.942 com_x=-0.161
t=  1.50 max|qacc|=      54.2 max|qvel|=   0.26 ncon=  0 com_z=0.936 com_x=-0.155
t=  2.00 max|qacc|=      44.3 max|qvel|=   0.28 ncon=  0 com_z=0.940 com_x=-0.161
t=  2.50 max|qacc|=     274.9 max|qvel|=   0.75 ncon=  0 com_z=0.938 com_x=-0.156
t=  3.00 max|qacc|=      16.6 max|qvel|=   0.08 ncon=  0 com_z=0.939 com_x=-0.158
t=  3.50 max|qacc|=      60.2 max|qvel|=   0.17 ncon=  0 com_z=0.938 com_x=-0.157
t=  4.00 max|qacc|=     122.9 max|qvel|=   0.45 ncon=  0 com_z=0.938 com_x=-0.156
t=  4.50 max|qacc|=      53.3 max|qvel|=   3.57 ncon=  0 com_z=0.932 com_x=-0.136
t=  5.00 max|qacc|=      83.5 max|qvel|=   2.64 ncon=  0 com_z=0.937 com_x=-0.139
t=  5.50 max|qacc|=       9.6 max|qvel|=   0.41 ncon=  0 com_z=0.938 com_x=-0.146
t=  6.00 max|qacc|=      29.1 max|qvel|=   1.16 ncon=  0 com_z=0.939 com_x=-0.149
t=  6.50 max|qacc|=      29.9 max|qvel|=   1.50 ncon=  0 com_z=0.939 com_x=-0.150
t=  7.00 max|qacc|=      59.6 max|qvel|=   0.96 ncon=  0 com_z=0.939 com_x=-0.151
t=  7.50 max|qacc|=      43.2 max|qvel|=   2.46 ncon=  0 com_z=0.939 com_x=-0.150
t=  8.00 max|qacc|=      67.6 max|qvel|=   1.36 ncon=  0 com_z=0.939 com_x=-0.150
t=  8.50 max|qacc|=      30.4 max|qvel|=   2.18 ncon=  0 com_z=0.938 com_x=-0.151
t=  9.00 max|qacc|=      70.3 max|qvel|=   0.84 ncon=  0 com_z=0.938 com_x=-0.151
t=  9.50 max|qacc|=      36.0 max|qvel|=   2.77 ncon=  0 com_z=0.939 com_x=-0.150
t= 10.00 max|qacc|=      72.9 max|qvel|=   1.22 ncon=  0 com_z=0.939 com_x=-0.150
t= 10.50 max|qacc|=      26.6 max|qvel|=   2.26 ncon=  0 com_z=0.938 com_x=-0.151
t= 11.00 max|qacc|=      70.6 max|qvel|=   0.66 ncon=  0 com_z=0.938 com_x=-0.151
t= 11.50 max|qacc|=      33.4 max|qvel|=   2.85 ncon=  0 com_z=0.939 com_x=-0.150
t= 12.00 max|qacc|=      76.4 max|qvel|=   1.03 ncon=  0 com_z=0.939 com_x=-0.150
t= 12.50 max|qacc|=      21.6 max|qvel|=   2.33 ncon=  0 com_z=0.938 com_x=-0.150
t= 13.00 max|qacc|=      70.7 max|qvel|=   0.46 ncon=  0 com_z=0.938 com_x=-0.151
t= 13.50 max|qacc|=      30.4 max|qvel|=   2.90 ncon=  0 com_z=0.939 com_x=-0.150
t= 14.00 max|qacc|=      80.0 max|qvel|=   0.82 ncon=  0 com_z=0.939 com_x=-0.150
t= 14.50 max|qacc|=      18.9 max|qvel|=   2.39 ncon=  0 com_z=0.938 com_x=-0.150
t= 15.00 max|qacc|=      70.6 max|qvel|=   0.26 ncon=  0 com_z=0.938 com_x=-0.151
t= 15.50 max|qacc|=      14.0 max|qvel|=   2.77 ncon=  0 com_z=0.939 com_x=-0.151
t= 16.00 max|qacc|=      65.5 max|qvel|=   0.92 ncon=  0 com_z=0.940 com_x=-0.152
t= 16.50 max|qacc|=      39.9 max|qvel|=   0.42 ncon=  0 com_z=0.941 com_x=-0.153
t= 17.00 max|qacc|=      18.8 max|qvel|=   0.39 ncon=  0 com_z=0.943 com_x=-0.155
t= 17.50 max|qacc|=      12.9 max|qvel|=   0.27 ncon=  0 com_z=0.944 com_x=-0.156
t= 18.00 max|qacc|=      11.1 max|qvel|=   0.31 ncon=  0 com_z=0.944 com_x=-0.156
t= 18.50 max|qacc|=      10.3 max|qvel|=   0.32 ncon=  0 com_z=0.944 com_x=-0.156
t= 19.00 max|qacc|=      10.0 max|qvel|=   0.32 ncon=  0 com_z=0.944 com_x=-0.156
t= 19.50 max|qacc|=       9.9 max|qvel|=   0.31 ncon=  0 com_z=0.944 com_x=-0.156
t= 20.00 max|qacc|=      10.0 max|qvel|=   0.28 ncon=  0 com_z=0.944 com_x=-0.156
t= 20.50 max|qacc|=       9.9 max|qvel|=   0.23 ncon=  0 com_z=0.944 com_x=-0.156
t= 21.00 max|qacc|=       9.9 max|qvel|=   0.16 ncon=  0 com_z=0.944 com_x=-0.156
t= 21.50 max|qacc|=       9.1 max|qvel|=   0.12 ncon=  0 com_z=0.944 com_x=-0.156
t= 22.00 max|qacc|=       8.1 max|qvel|=   0.14 ncon=  0 com_z=0.944 com_x=-0.156
t= 22.50 max|qacc|=       6.2 max|qvel|=   0.15 ncon=  0 com_z=0.943 com_x=-0.155
t= 23.00 max|qacc|=       3.1 max|qvel|=   0.13 ncon=  0 com_z=0.943 com_x=-0.155
t= 23.50 max|qacc|=       1.6 max|qvel|=   0.09 ncon=  0 com_z=0.943 com_x=-0.155
t= 24.00 max|qacc|=       1.1 max|qvel|=   0.05 ncon=  0 com_z=0.943 com_x=-0.155
t= 24.50 max|qacc|=       0.6 max|qvel|=   0.03 ncon=  0 com_z=0.943 com_x=-0.155
t= 25.00 max|qacc|=       0.5 max|qvel|=   0.01 ncon=  0 com_z=0.943 com_x=-0.155
t= 25.50 max|qacc|=       0.3 max|qvel|=   0.00 ncon=  0 com_z=0.943 com_x=-0.155
t= 26.00 max|qacc|=       0.2 max|qvel|=   0.00 ncon=  0 com_z=0.943 com_x=-0.155
t= 26.50 max|qacc|=       0.1 max|qvel|=   0.00 ncon=  0 com_z=0.943 com_x=-0.155
t= 27.00 max|qacc|=       0.1 max|qvel|=   0.00 ncon=  0 com_z=0.943 com_x=-0.155
t= 27.50 max|qacc|=       0.0 max|qvel|=   0.00 ncon=  0 com_z=0.943 com_x=-0.155
t= 28.00 max|qacc|=       0.0 max|qvel|=   0.00 ncon=  0 com_z=0.943 com_x=-0.155
t= 28.50 max|qacc|=       0.0 max|qvel|=   0.00 ncon=  0 com_z=0.943 com_x=-0.155
t= 29.00 max|qacc|=       0.0 max|qvel|=   0.00 ncon=  0 com_z=0.943 com_x=-0.155
t= 29.50 max|qacc|=       0.0 max|qvel|=   0.00 ncon=  0 com_z=0.943 com_x=-0.155
t= 30.00 max|qacc|=       0.0 max|qvel|=   0.00 ncon=  0 com_z=0.943 com_x=-0.155
t= 30.50 max|qacc|=       0.0 max|qvel|=   0.00 ncon=  0 com_z=0.943 com_x=-0.155

== summary ==
pelvis/COM height: start 0.94 m, min 0.93 m, final 0.94 m  (stayed up)
COM x: min -0.17 max -0.10 final -0.16 m
COM y: min -0.020 max +0.002 m
RG_F_r bursts during walk window: 2
RG_r: cycles in window 3, period 0.28 s (3.58 Hz), E-duty 0.96
RG_l: cycles in window 3, period 0.28 s (3.58 Hz), E-duty 0.96
peak ctrl: [0.86 1.   1.   1.   0.61 1.   0.35 0.34 0.76 0.68 0.86 1.   1.   1.
 0.79 1.   0.38 0.49 0.41 0.18] (('vas_lat_r', 'med_gas_r', 'soleus_r', 'tib_ant_r', 'psoas_r', 'semimem_r', 'glut_max2_r', 'rect_fem_r', 'sar_r', 'grac_r', 'vas_lat_l', 'med_gas_l', 'soleus_l', 'tib_ant_l', 'psoas_l', 'semimem_l', 'glut_max2_l', 'rect_fem_l', 'sar_l', 'grac_l'))
  hip_flexion_r          4.5 ..    33.9 deg
  knee_angle_r         -49.2 ..    10.1 deg
  ankle_angle_r        -62.8 ..    -1.7 deg
  hip_adduction_r       -4.2 ..    12.5 deg
  subtalar_angle_r     -16.2 ..    15.1 deg
  hip_flexion_l        -23.2 ..    33.5 deg
  knee_angle_l         -53.0 ..    10.3 deg
  ankle_angle_l        -66.4 ..     9.8 deg
  hip_adduction_l       -9.2 ..    13.6 deg
  subtalar_angle_l      -1.3 ..    21.7 deg
  pelvis_tilt           -1.9 ..     0.6 deg
  pelvis_list           -0.6 ..    -0.1 deg
  pelvis_rotation        2.3 ..     2.6 deg
saved spinal_run.npz
(plot skipped: 'PF_E2_r')
fitted baseline loaded: e2_pf=0.222 f1_df=0.098 f1_kf=0.148 post_kneext=0.011 post_hipext=0.068 desc_f=1.400 e2_adapt=1.700
start pose (normal): applied 20 coordinates as given; pelvis ty 0.920 m (env override unset); IMU-metric torso lean -0.0 deg (+ = back)
standing solve: nnls x in [0.00, 0.70], >0.1: 14 muscles
  top: add_long_l=0.70, tib_ant_r=0.61, tib_ant_l=0.46, ext_dig_r=0.37, glut_min1_l=0.33, pect_l=0.32, glut_min2_l=0.31, ext_dig_l=0.25
Fmax range: 5..3396 N | L range sample: [0.229942 0.326094]
t=  1.00 max|qacc|=     161.2 max|qvel|=   1.21 ncon=  0 com_z=0.942 com_x=-0.160
t=  1.50 max|qacc|=      92.6 max|qvel|=   0.48 ncon=  0 com_z=0.937 com_x=-0.155
t=  2.00 max|qacc|=      21.4 max|qvel|=   0.19 ncon=  0 com_z=0.939 com_x=-0.160
t=  2.50 max|qacc|=      99.3 max|qvel|=   0.43 ncon=  0 com_z=0.937 com_x=-0.156
t=  3.00 max|qacc|=      21.6 max|qvel|=   0.13 ncon=  0 com_z=0.939 com_x=-0.158
t=  3.50 max|qacc|=      23.1 max|qvel|=   0.09 ncon=  0 com_z=0.938 com_x=-0.156
t=  4.00 max|qacc|=      73.9 max|qvel|=   0.47 ncon=  0 com_z=0.938 com_x=-0.156
t=  4.50 max|qacc|=      56.9 max|qvel|=   3.84 ncon=  0 com_z=0.931 com_x=-0.133
t=  5.00 max|qacc|=     128.2 max|qvel|=   3.70 ncon=  0 com_z=0.932 com_x=-0.138
t=  5.50 max|qacc|=      70.4 max|qvel|=   1.90 ncon=  0 com_z=0.936 com_x=-0.146
t=  6.00 max|qacc|=      85.6 max|qvel|=   1.77 ncon=  0 com_z=0.938 com_x=-0.149
t=  6.50 max|qacc|=      36.6 max|qvel|=   2.33 ncon=  0 com_z=0.939 com_x=-0.150
t=  7.00 max|qacc|=      71.3 max|qvel|=   0.94 ncon=  0 com_z=0.938 com_x=-0.151
t=  7.50 max|qacc|=      43.5 max|qvel|=   3.09 ncon=  0 com_z=0.938 com_x=-0.150
t=  8.00 max|qacc|=     101.9 max|qvel|=   0.45 ncon=  0 com_z=0.939 com_x=-0.150
t=  8.50 max|qacc|=      24.1 max|qvel|=   2.72 ncon=  0 com_z=0.938 com_x=-0.150
t=  9.00 max|qacc|=      80.8 max|qvel|=   0.97 ncon=  0 com_z=0.938 com_x=-0.151
t=  9.50 max|qacc|=      69.9 max|qvel|=   2.78 ncon=  0 com_z=0.938 com_x=-0.150
t= 10.00 max|qacc|=      59.2 max|qvel|=   2.26 ncon=  0 com_z=0.938 com_x=-0.150
t= 10.50 max|qacc|=      64.4 max|qvel|=   1.56 ncon=  0 com_z=0.938 com_x=-0.151
t= 11.00 max|qacc|=      60.3 max|qvel|=   2.64 ncon=  0 com_z=0.938 com_x=-0.150
t= 11.50 max|qacc|=     107.0 max|qvel|=   0.57 ncon=  0 com_z=0.939 com_x=-0.149
t= 12.00 max|qacc|=      20.5 max|qvel|=   2.81 ncon=  0 com_z=0.938 com_x=-0.150
t= 12.50 max|qacc|=      79.6 max|qvel|=   0.33 ncon=  0 com_z=0.938 com_x=-0.151
t= 13.00 max|qacc|=      39.1 max|qvel|=   3.26 ncon=  0 com_z=0.938 com_x=-0.150
t= 13.50 max|qacc|=      79.3 max|qvel|=   1.58 ncon=  0 com_z=0.939 com_x=-0.150
t= 14.00 max|qacc|=      48.0 max|qvel|=   2.16 ncon=  0 com_z=0.938 com_x=-0.151
t= 14.50 max|qacc|=      72.0 max|qvel|=   1.91 ncon=  0 com_z=0.938 com_x=-0.151
t= 15.00 max|qacc|=     100.1 max|qvel|=   1.64 ncon=  0 com_z=0.939 com_x=-0.150
t= 15.50 max|qacc|=      36.7 max|qvel|=   2.39 ncon=  0 com_z=0.939 com_x=-0.150
t= 16.00 max|qacc|=      35.5 max|qvel|=   1.55 ncon=  0 com_z=0.940 com_x=-0.152
t= 16.50 max|qacc|=      39.2 max|qvel|=   0.29 ncon=  0 com_z=0.941 com_x=-0.153
t= 17.00 max|qacc|=      23.6 max|qvel|=   0.31 ncon=  0 com_z=0.943 com_x=-0.155
t= 17.50 max|qacc|=      14.7 max|qvel|=   0.15 ncon=  0 com_z=0.944 com_x=-0.156
t= 18.00 max|qacc|=      12.5 max|qvel|=   0.14 ncon=  0 com_z=0.944 com_x=-0.156
t= 18.50 max|qacc|=      11.1 max|qvel|=   0.14 ncon=  0 com_z=0.944 com_x=-0.156
t= 19.00 max|qacc|=      10.0 max|qvel|=   0.16 ncon=  0 com_z=0.944 com_x=-0.156
t= 19.50 max|qacc|=       9.3 max|qvel|=   0.18 ncon=  0 com_z=0.944 com_x=-0.156
t= 20.00 max|qacc|=       9.6 max|qvel|=   0.20 ncon=  0 com_z=0.944 com_x=-0.156
t= 20.50 max|qacc|=       9.3 max|qvel|=   0.19 ncon=  0 com_z=0.944 com_x=-0.155
t= 21.00 max|qacc|=       8.0 max|qvel|=   0.17 ncon=  0 com_z=0.943 com_x=-0.155
t= 21.50 max|qacc|=       5.1 max|qvel|=   0.12 ncon=  0 com_z=0.943 com_x=-0.155
t= 22.00 max|qacc|=       2.7 max|qvel|=   0.08 ncon=  0 com_z=0.943 com_x=-0.155
t= 22.50 max|qacc|=       1.8 max|qvel|=   0.05 ncon=  0 com_z=0.943 com_x=-0.155
t= 23.00 max|qacc|=       1.0 max|qvel|=   0.03 ncon=  0 com_z=0.943 com_x=-0.155
t= 23.50 max|qacc|=       0.7 max|qvel|=   0.02 ncon=  0 com_z=0.943 com_x=-0.155
t= 24.00 max|qacc|=       0.3 max|qvel|=   0.01 ncon=  0 com_z=0.943 com_x=-0.155
t= 24.50 max|qacc|=       0.2 max|qvel|=   0.01 ncon=  0 com_z=0.943 com_x=-0.155
t= 25.00 max|qacc|=       0.1 max|qvel|=   0.00 ncon=  0 com_z=0.943 com_x=-0.155
t= 25.50 max|qacc|=       0.1 max|qvel|=   0.00 ncon=  0 com_z=0.943 com_x=-0.155
t= 26.00 max|qacc|=       0.0 max|qvel|=   0.00 ncon=  0 com_z=0.943 com_x=-0.155
t= 26.50 max|qacc|=       0.0 max|qvel|=   0.00 ncon=  0 com_z=0.943 com_x=-0.155
t= 27.00 max|qacc|=       0.0 max|qvel|=   0.00 ncon=  0 com_z=0.943 com_x=-0.155
t= 27.50 max|qacc|=       0.0 max|qvel|=   0.00 ncon=  0 com_z=0.943 com_x=-0.155
t= 28.00 max|qacc|=       0.0 max|qvel|=   0.00 ncon=  0 com_z=0.943 com_x=-0.155
t= 28.50 max|qacc|=       0.0 max|qvel|=   0.00 ncon=  0 com_z=0.943 com_x=-0.155
t= 29.00 max|qacc|=       0.0 max|qvel|=   0.00 ncon=  0 com_z=0.943 com_x=-0.155
t= 29.50 max|qacc|=       0.0 max|qvel|=   0.00 ncon=  0 com_z=0.943 com_x=-0.155
t= 30.00 max|qacc|=       0.0 max|qvel|=   0.00 ncon=  0 com_z=0.943 com_x=-0.155
t= 30.50 max|qacc|=       0.0 max|qvel|=   0.00 ncon=  0 com_z=0.943 com_x=-0.155

== summary ==
pelvis/COM height: start 0.94 m, min 0.93 m, final 0.94 m  (stayed up)
COM x: min -0.17 max -0.10 final -0.15 m
COM y: min -0.020 max +0.001 m
RG_F_r bursts during walk window: 1
RG_r: cycles in window 2, period 0.25 s (4.07 Hz), E-duty 0.98
RG_l: cycles in window 2, period 0.25 s (4.07 Hz), E-duty 0.98
peak ctrl: [0.87 1.   1.   1.   0.61 1.   0.35 0.35 0.76 0.68 0.86 1.   1.   1.
 0.76 1.   0.37 0.49 0.42 0.17] (('vas_lat_r', 'med_gas_r', 'soleus_r', 'tib_ant_r', 'psoas_r', 'semimem_r', 'glut_max2_r', 'rect_fem_r', 'sar_r', 'grac_r', 'vas_lat_l', 'med_gas_l', 'soleus_l', 'tib_ant_l', 'psoas_l', 'semimem_l', 'glut_max2_l', 'rect_fem_l', 'sar_l', 'grac_l'))
  hip_flexion_r          5.6 ..    33.9 deg
  knee_angle_r         -48.7 ..    10.1 deg
  ankle_angle_r        -63.0 ..    -1.7 deg
  hip_adduction_r       -4.4 ..    12.2 deg
  subtalar_angle_r     -16.3 ..    14.9 deg
  hip_flexion_l        -21.1 ..    33.1 deg
  knee_angle_l         -52.5 ..    10.3 deg
  ankle_angle_l        -66.4 ..     9.8 deg
  hip_adduction_l       -8.6 ..    13.6 deg
  subtalar_angle_l      -1.2 ..    21.7 deg
  pelvis_tilt           -1.9 ..     0.6 deg
  pelvis_list           -0.6 ..    -0.0 deg
  pelvis_rotation        2.3 ..     2.6 deg
saved spinal_run.npz
(plot skipped: 'PF_E2_r')
fitted baseline loaded: e2_pf=0.222 f1_df=0.098 f1_kf=0.148 post_kneext=0.011 post_hipext=0.068 desc_f=1.400 e2_adapt=1.700
start pose (normal): applied 20 coordinates as given; pelvis ty 0.920 m (env override unset); IMU-metric torso lean -0.0 deg (+ = back)
standing solve: nnls x in [0.00, 0.70], >0.1: 14 muscles
  top: add_long_l=0.70, tib_ant_r=0.61, tib_ant_l=0.46, ext_dig_r=0.37, glut_min1_l=0.33, pect_l=0.32, glut_min2_l=0.31, ext_dig_l=0.25
Fmax range: 5..3396 N | L range sample: [0.229942 0.326094]
t=  1.00 max|qacc|=     112.0 max|qvel|=   1.15 ncon=  0 com_z=0.942 com_x=-0.161
t=  1.50 max|qacc|=      32.6 max|qvel|=   0.40 ncon=  0 com_z=0.936 com_x=-0.156
t=  2.00 max|qacc|=      38.4 max|qvel|=   0.47 ncon=  0 com_z=0.940 com_x=-0.161
t=  2.50 max|qacc|=      11.6 max|qvel|=   0.10 ncon=  0 com_z=0.938 com_x=-0.156
t=  3.00 max|qacc|=      43.1 max|qvel|=   0.08 ncon=  0 com_z=0.939 com_x=-0.159
t=  3.50 max|qacc|=      95.8 max|qvel|=   0.57 ncon=  0 com_z=0.938 com_x=-0.157
t=  4.00 max|qacc|=     125.5 max|qvel|=   0.21 ncon=  0 com_z=0.938 com_x=-0.156
t=  4.50 max|qacc|=      78.1 max|qvel|=   0.26 ncon=  0 com_z=0.937 com_x=-0.155
t=  5.00 max|qacc|=      35.1 max|qvel|=   1.55 ncon=  0 com_z=0.926 com_x=-0.102
t=  5.50 max|qacc|=     117.6 max|qvel|=   7.06 ncon=  0 com_z=0.933 com_x=-0.129
t=  6.00 max|qacc|=      76.4 max|qvel|=   3.76 ncon=  0 com_z=0.931 com_x=-0.134
t=  6.50 max|qacc|=     151.6 max|qvel|=   4.35 ncon=  0 com_z=0.935 com_x=-0.145
t=  7.00 max|qacc|=      42.6 max|qvel|=   0.75 ncon=  0 com_z=0.938 com_x=-0.138
t=  7.50 max|qacc|=      37.4 max|qvel|=   1.29 ncon=  0 com_z=0.933 com_x=-0.127
t=  8.00 max|qacc|=      34.0 max|qvel|=   3.16 ncon=  0 com_z=0.930 com_x=-0.119
t=  8.50 max|qacc|=     138.0 max|qvel|=   2.46 ncon=  0 com_z=0.936 com_x=-0.119
t=  9.00 max|qacc|=      85.2 max|qvel|=   3.34 ncon=  0 com_z=0.933 com_x=-0.139
t=  9.50 max|qacc|=     123.8 max|qvel|=   4.14 ncon=  0 com_z=0.936 com_x=-0.146
t= 10.00 max|qacc|=      43.3 max|qvel|=   0.77 ncon=  0 com_z=0.938 com_x=-0.139
t= 10.50 max|qacc|=      39.3 max|qvel|=   1.36 ncon=  0 com_z=0.933 com_x=-0.127
t= 11.00 max|qacc|=      31.0 max|qvel|=   3.35 ncon=  0 com_z=0.930 com_x=-0.119
t= 11.50 max|qacc|=     136.5 max|qvel|=   3.18 ncon=  0 com_z=0.936 com_x=-0.120
t= 12.00 max|qacc|=      89.0 max|qvel|=   3.20 ncon=  0 com_z=0.934 com_x=-0.140
t= 12.50 max|qacc|=      90.5 max|qvel|=   4.11 ncon=  0 com_z=0.936 com_x=-0.146
t= 13.00 max|qacc|=      43.7 max|qvel|=   0.74 ncon=  0 com_z=0.938 com_x=-0.138
t= 13.50 max|qacc|=      40.0 max|qvel|=   1.43 ncon=  0 com_z=0.932 com_x=-0.126
t= 14.00 max|qacc|=      29.7 max|qvel|=   3.47 ncon=  0 com_z=0.930 com_x=-0.119
t= 14.50 max|qacc|=     131.1 max|qvel|=   3.90 ncon=  0 com_z=0.936 com_x=-0.121
t= 15.00 max|qacc|=      90.8 max|qvel|=   3.03 ncon=  0 com_z=0.934 com_x=-0.141
t= 15.50 max|qacc|=      62.5 max|qvel|=   2.86 ncon=  0 com_z=0.939 com_x=-0.148
t= 16.00 max|qacc|=      30.8 max|qvel|=   0.72 ncon=  0 com_z=0.935 com_x=-0.149
t= 16.50 max|qacc|=      62.4 max|qvel|=   0.32 ncon=  0 com_z=0.938 com_x=-0.157
t= 17.00 max|qacc|=      51.4 max|qvel|=   0.19 ncon=  0 com_z=0.938 com_x=-0.156
t= 17.50 max|qacc|=     154.5 max|qvel|=   0.22 ncon=  0 com_z=0.938 com_x=-0.157
t= 18.00 max|qacc|=      85.9 max|qvel|=   0.15 ncon=  0 com_z=0.938 com_x=-0.157
t= 18.50 max|qacc|=      27.3 max|qvel|=   0.45 ncon=  0 com_z=0.938 com_x=-0.157
t= 19.00 max|qacc|=      27.7 max|qvel|=   0.10 ncon=  0 com_z=0.938 com_x=-0.157
t= 19.50 max|qacc|=     196.9 max|qvel|=   0.25 ncon=  0 com_z=0.938 com_x=-0.157
t= 20.00 max|qacc|=      32.3 max|qvel|=   0.12 ncon=  0 com_z=0.938 com_x=-0.157
t= 20.50 max|qacc|=      21.4 max|qvel|=   0.09 ncon=  0 com_z=0.938 com_x=-0.157
t= 21.00 max|qacc|=     209.6 max|qvel|=   1.08 ncon=  0 com_z=0.938 com_x=-0.157
t= 21.50 max|qacc|=     198.2 max|qvel|=   0.41 ncon=  0 com_z=0.938 com_x=-0.157
t= 22.00 max|qacc|=      14.7 max|qvel|=   0.07 ncon=  0 com_z=0.938 com_x=-0.157
t= 22.50 max|qacc|=      32.8 max|qvel|=   0.12 ncon=  0 com_z=0.938 com_x=-0.157
t= 23.00 max|qacc|=      24.5 max|qvel|=   0.07 ncon=  0 com_z=0.938 com_x=-0.157
t= 23.50 max|qacc|=     172.1 max|qvel|=   0.68 ncon=  0 com_z=0.938 com_x=-0.157
t= 24.00 max|qacc|=      77.5 max|qvel|=   0.13 ncon=  0 com_z=0.938 com_x=-0.157
t= 24.50 max|qacc|=     145.8 max|qvel|=   0.31 ncon=  0 com_z=0.938 com_x=-0.157
t= 25.00 max|qacc|=     132.9 max|qvel|=   0.18 ncon=  0 com_z=0.938 com_x=-0.157
t= 25.50 max|qacc|=      37.3 max|qvel|=   0.86 ncon=  0 com_z=0.938 com_x=-0.157
t= 26.00 max|qacc|=     188.5 max|qvel|=   0.32 ncon=  0 com_z=0.938 com_x=-0.157
t= 26.50 max|qacc|=      46.1 max|qvel|=   0.71 ncon=  0 com_z=0.938 com_x=-0.157
t= 27.00 max|qacc|=      27.4 max|qvel|=   0.33 ncon=  0 com_z=0.938 com_x=-0.157
t= 27.50 max|qacc|=      22.9 max|qvel|=   0.21 ncon=  0 com_z=0.938 com_x=-0.157
t= 28.00 max|qacc|=      51.8 max|qvel|=   0.08 ncon=  0 com_z=0.938 com_x=-0.157
t= 28.50 max|qacc|=      65.4 max|qvel|=   0.31 ncon=  0 com_z=0.938 com_x=-0.157
t= 29.00 max|qacc|=      57.9 max|qvel|=   0.06 ncon=  0 com_z=0.938 com_x=-0.157
t= 29.50 max|qacc|=      90.1 max|qvel|=   0.13 ncon=  0 com_z=0.938 com_x=-0.157
t= 30.00 max|qacc|=     117.5 max|qvel|=   0.65 ncon=  0 com_z=0.938 com_x=-0.157
t= 30.50 max|qacc|=      39.9 max|qvel|=   0.11 ncon=  0 com_z=0.938 com_x=-0.157

== summary ==
pelvis/COM height: start 0.94 m, min 0.93 m, final 0.94 m  (stayed up)
COM x: min -0.17 max -0.10 final -0.16 m
COM y: min -0.019 max +0.002 m
RG_F_r bursts during walk window: 17
RG_r: cycles in window 16, period 0.60 s (1.66 Hz), E-duty 0.47
RG_l: cycles in window 16, period 0.60 s (1.66 Hz), E-duty 0.47
peak ctrl: [0.87 1.   1.   1.   0.62 1.   0.26 0.36 0.76 0.68 0.87 1.   1.   1.
 0.77 1.   0.4  0.51 0.43 0.25] (('vas_lat_r', 'med_gas_r', 'soleus_r', 'tib_ant_r', 'psoas_r', 'semimem_r', 'glut_max2_r', 'rect_fem_r', 'sar_r', 'grac_r', 'vas_lat_l', 'med_gas_l', 'soleus_l', 'tib_ant_l', 'psoas_l', 'semimem_l', 'glut_max2_l', 'rect_fem_l', 'sar_l', 'grac_l'))
  hip_flexion_r          4.1 ..    34.0 deg
  knee_angle_r         -48.6 ..    10.0 deg
  ankle_angle_r        -62.8 ..    -1.7 deg
  hip_adduction_r       -7.7 ..    15.4 deg
  subtalar_angle_r     -10.6 ..    15.0 deg
  hip_flexion_l        -20.0 ..    33.4 deg
  knee_angle_l         -60.7 ..    10.3 deg
  ankle_angle_l        -66.6 ..     9.8 deg
  hip_adduction_l      -12.7 ..    18.2 deg
  subtalar_angle_l      -1.3 ..     9.1 deg
  pelvis_tilt           -1.9 ..     0.6 deg
  pelvis_list           -0.6 ..    -0.0 deg
  pelvis_rotation        2.2 ..     2.6 deg
saved spinal_run.npz
(plot skipped: 'PF_E2_r')
fitted baseline loaded: e2_pf=0.222 f1_df=0.098 f1_kf=0.148 post_kneext=0.011 post_hipext=0.068 desc_f=1.400 e2_adapt=1.700
start pose (normal): applied 20 coordinates as given; pelvis ty 0.920 m (env override unset); IMU-metric torso lean -0.0 deg (+ = back)
standing solve: nnls x in [0.00, 0.70], >0.1: 14 muscles
  top: add_long_l=0.70, tib_ant_r=0.61, tib_ant_l=0.46, ext_dig_r=0.37, glut_min1_l=0.33, pect_l=0.32, glut_min2_l=0.31, ext_dig_l=0.25
Fmax range: 5..3396 N | L range sample: [0.229942 0.326094]
t=  1.00 max|qacc|=      28.5 max|qvel|=   1.17 ncon=  0 com_z=0.942 com_x=-0.162
t=  1.50 max|qacc|=      94.9 max|qvel|=   0.28 ncon=  0 com_z=0.937 com_x=-0.156
t=  2.00 max|qacc|=      66.1 max|qvel|=   0.50 ncon=  0 com_z=0.940 com_x=-0.161
t=  2.50 max|qacc|=      54.3 max|qvel|=   0.16 ncon=  0 com_z=0.938 com_x=-0.157
t=  3.00 max|qacc|=     159.3 max|qvel|=   0.20 ncon=  0 com_z=0.939 com_x=-0.159
t=  3.50 max|qacc|=      30.4 max|qvel|=   0.16 ncon=  0 com_z=0.938 com_x=-0.157
t=  4.00 max|qacc|=      58.8 max|qvel|=   0.38 ncon=  0 com_z=0.938 com_x=-0.156
t=  4.50 max|qacc|=      40.1 max|qvel|=   0.30 ncon=  0 com_z=0.937 com_x=-0.155
t=  5.00 max|qacc|=      36.7 max|qvel|=   1.68 ncon=  0 com_z=0.926 com_x=-0.098
t=  5.50 max|qacc|=      32.9 max|qvel|=   2.79 ncon=  0 com_z=0.931 com_x=-0.125
t=  6.00 max|qacc|=      24.0 max|qvel|=   1.99 ncon=  0 com_z=0.937 com_x=-0.139
t=  6.50 max|qacc|=      45.6 max|qvel|=   1.53 ncon=  0 com_z=0.938 com_x=-0.140
t=  7.00 max|qacc|=      35.0 max|qvel|=   2.10 ncon=  0 com_z=0.938 com_x=-0.144
t=  7.50 max|qacc|=      27.4 max|qvel|=   1.66 ncon=  0 com_z=0.939 com_x=-0.149
t=  8.00 max|qacc|=      17.0 max|qvel|=   1.18 ncon=  0 com_z=0.940 com_x=-0.149
t=  8.50 max|qacc|=      20.3 max|qvel|=   1.06 ncon=  0 com_z=0.941 com_x=-0.147
t=  9.00 max|qacc|=      20.9 max|qvel|=   1.02 ncon=  0 com_z=0.939 com_x=-0.144
t=  9.50 max|qacc|=      23.2 max|qvel|=   1.45 ncon=  0 com_z=0.937 com_x=-0.143
t= 10.00 max|qacc|=      16.8 max|qvel|=   1.97 ncon=  0 com_z=0.937 com_x=-0.141
t= 10.50 max|qacc|=      55.6 max|qvel|=   0.59 ncon=  0 com_z=0.939 com_x=-0.139
t= 11.00 max|qacc|=      47.0 max|qvel|=   2.29 ncon=  0 com_z=0.938 com_x=-0.143
t= 11.50 max|qacc|=      46.4 max|qvel|=   1.64 ncon=  0 com_z=0.938 com_x=-0.148
t= 12.00 max|qacc|=      24.8 max|qvel|=   1.18 ncon=  0 com_z=0.940 com_x=-0.150
t= 12.50 max|qacc|=      18.3 max|qvel|=   1.18 ncon=  0 com_z=0.941 com_x=-0.147
t= 13.00 max|qacc|=      22.8 max|qvel|=   0.85 ncon=  0 com_z=0.939 com_x=-0.144
t= 13.50 max|qacc|=      23.5 max|qvel|=   1.43 ncon=  0 com_z=0.937 com_x=-0.143
t= 14.00 max|qacc|=      13.0 max|qvel|=   2.02 ncon=  0 com_z=0.937 com_x=-0.141
t= 14.50 max|qacc|=      52.1 max|qvel|=   0.86 ncon=  0 com_z=0.938 com_x=-0.140
t= 15.00 max|qacc|=      52.2 max|qvel|=   2.24 ncon=  0 com_z=0.938 com_x=-0.141
t= 15.50 max|qacc|=      29.4 max|qvel|=   1.75 ncon=  0 com_z=0.939 com_x=-0.150
t= 16.00 max|qacc|=      48.7 max|qvel|=   2.40 ncon=  0 com_z=0.930 com_x=-0.128
t= 16.50 max|qacc|=      11.2 max|qvel|=   0.66 ncon=  0 com_z=0.948 com_x=-0.156
t= 17.00 max|qacc|=       2.8 max|qvel|=   0.20 ncon=  0 com_z=0.941 com_x=-0.151
t= 17.50 max|qacc|=       1.0 max|qvel|=   0.10 ncon=  0 com_z=0.945 com_x=-0.158
t= 18.00 max|qacc|=       0.6 max|qvel|=   0.06 ncon=  0 com_z=0.944 com_x=-0.156
t= 18.50 max|qacc|=       0.2 max|qvel|=   0.01 ncon=  0 com_z=0.944 com_x=-0.156
t= 19.00 max|qacc|=       0.1 max|qvel|=   0.00 ncon=  0 com_z=0.944 com_x=-0.156
t= 19.50 max|qacc|=       0.0 max|qvel|=   0.00 ncon=  0 com_z=0.944 com_x=-0.156
t= 20.00 max|qacc|=       0.0 max|qvel|=   0.00 ncon=  0 com_z=0.944 com_x=-0.156
t= 20.50 max|qacc|=       0.0 max|qvel|=   0.00 ncon=  0 com_z=0.944 com_x=-0.156
t= 21.00 max|qacc|=       0.0 max|qvel|=   0.00 ncon=  0 com_z=0.944 com_x=-0.156
t= 21.50 max|qacc|=       0.0 max|qvel|=   0.00 ncon=  0 com_z=0.944 com_x=-0.156
t= 22.00 max|qacc|=       0.0 max|qvel|=   0.00 ncon=  0 com_z=0.944 com_x=-0.156
t= 22.50 max|qacc|=       0.0 max|qvel|=   0.00 ncon=  0 com_z=0.944 com_x=-0.156
t= 23.00 max|qacc|=       0.0 max|qvel|=   0.00 ncon=  0 com_z=0.944 com_x=-0.156
t= 23.50 max|qacc|=       0.0 max|qvel|=   0.00 ncon=  0 com_z=0.944 com_x=-0.156
t= 24.00 max|qacc|=       0.0 max|qvel|=   0.00 ncon=  0 com_z=0.944 com_x=-0.156
t= 24.50 max|qacc|=       0.0 max|qvel|=   0.00 ncon=  0 com_z=0.944 com_x=-0.156
t= 25.00 max|qacc|=       0.0 max|qvel|=   0.00 ncon=  0 com_z=0.944 com_x=-0.156
t= 25.50 max|qacc|=       0.0 max|qvel|=   0.00 ncon=  0 com_z=0.944 com_x=-0.156
t= 26.00 max|qacc|=       0.0 max|qvel|=   0.00 ncon=  0 com_z=0.944 com_x=-0.156
t= 26.50 max|qacc|=       0.0 max|qvel|=   0.00 ncon=  0 com_z=0.944 com_x=-0.156
t= 27.00 max|qacc|=       0.0 max|qvel|=   0.00 ncon=  0 com_z=0.944 com_x=-0.156
t= 27.50 max|qacc|=       0.0 max|qvel|=   0.00 ncon=  0 com_z=0.944 com_x=-0.156
t= 28.00 max|qacc|=       0.0 max|qvel|=   0.00 ncon=  0 com_z=0.944 com_x=-0.156
t= 28.50 max|qacc|=       0.0 max|qvel|=   0.00 ncon=  0 com_z=0.944 com_x=-0.156
t= 29.00 max|qacc|=       0.0 max|qvel|=   0.00 ncon=  0 com_z=0.944 com_x=-0.156
t= 29.50 max|qacc|=       0.0 max|qvel|=   0.00 ncon=  0 com_z=0.944 com_x=-0.156
t= 30.00 max|qacc|=       0.0 max|qvel|=   0.00 ncon=  0 com_z=0.944 com_x=-0.156
t= 30.50 max|qacc|=       0.0 max|qvel|=   0.00 ncon=  0 com_z=0.944 com_x=-0.156

== summary ==
pelvis/COM height: start 0.94 m, min 0.93 m, final 0.94 m  (stayed up)
COM x: min -0.17 max -0.10 final -0.16 m
COM y: min -0.021 max +0.001 m
RG_F_r bursts during walk window: 18
RG_r: cycles in window 17, period 0.57 s (1.76 Hz), E-duty 0.43
RG_l: cycles in window 17, period 0.57 s (1.76 Hz), E-duty 0.43
peak ctrl: [0.88 1.   1.   1.   0.61 1.   0.47 0.36 0.76 0.68 0.86 1.   1.   1.
 0.79 1.   0.47 0.49 0.43 0.23] (('vas_lat_r', 'med_gas_r', 'soleus_r', 'tib_ant_r', 'psoas_r', 'semimem_r', 'glut_max2_r', 'rect_fem_r', 'sar_r', 'grac_r', 'vas_lat_l', 'med_gas_l', 'soleus_l', 'tib_ant_l', 'psoas_l', 'semimem_l', 'glut_max2_l', 'rect_fem_l', 'sar_l', 'grac_l'))
  hip_flexion_r          3.2 ..    33.9 deg
  knee_angle_r         -53.8 ..    10.1 deg
  ankle_angle_r        -62.7 ..    -1.7 deg
  hip_adduction_r      -10.9 ..    16.5 deg
  subtalar_angle_r     -12.3 ..    15.1 deg
  hip_flexion_l        -22.2 ..    33.7 deg
  knee_angle_l         -59.6 ..    10.3 deg
  ankle_angle_l        -66.4 ..     9.8 deg
  hip_adduction_l      -14.4 ..    18.6 deg
  subtalar_angle_l      -1.3 ..    24.3 deg
  pelvis_tilt           -1.9 ..     0.6 deg
  pelvis_list           -0.6 ..    -0.0 deg
  pelvis_rotation        2.3 ..     2.6 deg
saved spinal_run.npz
(plot skipped: 'PF_E2_r')
fitted baseline loaded: e2_pf=0.222 f1_df=0.098 f1_kf=0.148 post_kneext=0.011 post_hipext=0.068 desc_f=1.400 e2_adapt=1.700
start pose (normal): applied 20 coordinates as given; pelvis ty 0.920 m (env override unset); IMU-metric torso lean -0.0 deg (+ = back)
D:\GitHub\Bipedal_Robot\Code\MuJoCo_SNS\spinal\runner.py:1775: RuntimeWarning: More than 20 figures have been opened. Figures created through the pyplot interface (`matplotlib.pyplot.figure`) are retained until explicitly closed and may consume too much memory. (To control this warning, see the rcParam `figure.max_open_warning`). Consider using `matplotlib.pyplot.close()`.
  fig, ax = plt.subplots(4, 1, figsize=(10, 11), sharex=True)
standing solve: nnls x in [0.00, 0.70], >0.1: 14 muscles
  top: add_long_l=0.70, tib_ant_r=0.61, tib_ant_l=0.46, ext_dig_r=0.37, glut_min1_l=0.33, pect_l=0.32, glut_min2_l=0.31, ext_dig_l=0.25
Fmax range: 5..3396 N | L range sample: [0.229942 0.326094]
t=  1.00 max|qacc|=     142.6 max|qvel|=   1.18 ncon=  0 com_z=0.942 com_x=-0.161
t=  1.50 max|qacc|=      43.3 max|qvel|=   0.24 ncon=  0 com_z=0.937 com_x=-0.156
t=  2.00 max|qacc|=      47.4 max|qvel|=   0.17 ncon=  0 com_z=0.939 com_x=-0.161
t=  2.50 max|qacc|=      80.5 max|qvel|=   0.14 ncon=  0 com_z=0.938 com_x=-0.157
t=  3.00 max|qacc|=      25.1 max|qvel|=   0.07 ncon=  0 com_z=0.939 com_x=-0.159
t=  3.50 max|qacc|=      18.0 max|qvel|=   0.22 ncon=  0 com_z=0.938 com_x=-0.157
t=  4.00 max|qacc|=      47.2 max|qvel|=   0.08 ncon=  0 com_z=0.938 com_x=-0.156
t=  4.50 max|qacc|=     187.0 max|qvel|=   1.49 ncon=  0 com_z=0.937 com_x=-0.154
t=  5.00 max|qacc|=      15.3 max|qvel|=   1.78 ncon=  0 com_z=0.930 com_x=-0.116
t=  5.50 max|qacc|=      24.9 max|qvel|=   1.45 ncon=  0 com_z=0.932 com_x=-0.132
t=  6.00 max|qacc|=      33.7 max|qvel|=   1.16 ncon=  0 com_z=0.934 com_x=-0.134
t=  6.50 max|qacc|=      39.4 max|qvel|=   1.60 ncon=  0 com_z=0.935 com_x=-0.136
t=  7.00 max|qacc|=     180.7 max|qvel|=   1.49 ncon=  0 com_z=0.936 com_x=-0.138
t=  7.50 max|qacc|=     129.2 max|qvel|=   2.57 ncon=  0 com_z=0.937 com_x=-0.139
t=  8.00 max|qacc|=     202.7 max|qvel|=   3.54 ncon=  0 com_z=0.937 com_x=-0.141
t=  8.50 max|qacc|=     101.2 max|qvel|=   4.67 ncon=  0 com_z=0.936 com_x=-0.142
t=  9.00 max|qacc|=      70.6 max|qvel|=   4.93 ncon=  0 com_z=0.935 com_x=-0.143
t=  9.50 max|qacc|=     110.7 max|qvel|=   3.64 ncon=  0 com_z=0.934 com_x=-0.144
t= 10.00 max|qacc|=     156.5 max|qvel|=   1.77 ncon=  0 com_z=0.933 com_x=-0.143
t= 10.50 max|qacc|=     160.8 max|qvel|=   2.27 ncon=  0 com_z=0.933 com_x=-0.141
t= 11.00 max|qacc|=     137.6 max|qvel|=   5.09 ncon=  0 com_z=0.932 com_x=-0.139
t= 11.50 max|qacc|=      84.8 max|qvel|=   7.38 ncon=  0 com_z=0.932 com_x=-0.135
t= 12.00 max|qacc|=      68.3 max|qvel|=   7.53 ncon=  0 com_z=0.933 com_x=-0.132
t= 12.50 max|qacc|=     148.5 max|qvel|=   5.29 ncon=  0 com_z=0.934 com_x=-0.129
t= 13.00 max|qacc|=     150.9 max|qvel|=   2.40 ncon=  0 com_z=0.935 com_x=-0.127
t= 13.50 max|qacc|=     126.7 max|qvel|=   0.80 ncon=  0 com_z=0.935 com_x=-0.126
t= 14.00 max|qacc|=      91.1 max|qvel|=   2.00 ncon=  0 com_z=0.934 com_x=-0.127
t= 14.50 max|qacc|=      43.6 max|qvel|=   3.07 ncon=  0 com_z=0.933 com_x=-0.128
t= 15.00 max|qacc|=      32.2 max|qvel|=   3.27 ncon=  0 com_z=0.932 com_x=-0.129
t= 15.50 max|qacc|=      40.1 max|qvel|=   3.04 ncon=  0 com_z=0.931 com_x=-0.125
t= 16.00 max|qacc|=      39.3 max|qvel|=   2.27 ncon=  0 com_z=0.936 com_x=-0.154
t= 16.50 max|qacc|=      78.9 max|qvel|=   1.59 ncon=  0 com_z=0.936 com_x=-0.155
t= 17.00 max|qacc|=      29.1 max|qvel|=   0.17 ncon=  0 com_z=0.937 com_x=-0.155
t= 17.50 max|qacc|=      77.6 max|qvel|=   0.09 ncon=  0 com_z=0.939 com_x=-0.159
t= 18.00 max|qacc|=      70.5 max|qvel|=   0.40 ncon=  0 com_z=0.937 com_x=-0.156
t= 18.50 max|qacc|=     132.3 max|qvel|=   0.12 ncon=  0 com_z=0.938 com_x=-0.158
t= 19.00 max|qacc|=      44.9 max|qvel|=   0.24 ncon=  0 com_z=0.938 com_x=-0.157
t= 19.50 max|qacc|=      74.6 max|qvel|=   0.10 ncon=  0 com_z=0.938 com_x=-0.157
t= 20.00 max|qacc|=      88.9 max|qvel|=   0.08 ncon=  0 com_z=0.938 com_x=-0.157
t= 20.50 max|qacc|=     119.9 max|qvel|=   0.36 ncon=  0 com_z=0.938 com_x=-0.157
t= 21.00 max|qacc|=     181.8 max|qvel|=   0.90 ncon=  0 com_z=0.938 com_x=-0.157
t= 21.50 max|qacc|=      10.9 max|qvel|=   0.17 ncon=  0 com_z=0.938 com_x=-0.157
t= 22.00 max|qacc|=     100.0 max|qvel|=   0.19 ncon=  0 com_z=0.938 com_x=-0.157
t= 22.50 max|qacc|=      19.6 max|qvel|=   0.10 ncon=  0 com_z=0.938 com_x=-0.157
t= 23.00 max|qacc|=      80.4 max|qvel|=   0.46 ncon=  0 com_z=0.938 com_x=-0.157
t= 23.50 max|qacc|=      27.1 max|qvel|=   0.15 ncon=  0 com_z=0.938 com_x=-0.157
t= 24.00 max|qacc|=      23.0 max|qvel|=   0.25 ncon=  0 com_z=0.938 com_x=-0.157
t= 24.50 max|qacc|=      45.1 max|qvel|=   0.30 ncon=  0 com_z=0.938 com_x=-0.157
t= 25.00 max|qacc|=      29.9 max|qvel|=   0.14 ncon=  0 com_z=0.938 com_x=-0.157
t= 25.50 max|qacc|=     134.4 max|qvel|=   0.10 ncon=  0 com_z=0.938 com_x=-0.157
t= 26.00 max|qacc|=     123.9 max|qvel|=   0.30 ncon=  0 com_z=0.938 com_x=-0.157
t= 26.50 max|qacc|=      17.2 max|qvel|=   0.11 ncon=  0 com_z=0.938 com_x=-0.157
t= 27.00 max|qacc|=      85.2 max|qvel|=   0.49 ncon=  0 com_z=0.938 com_x=-0.157
t= 27.50 max|qacc|=     244.6 max|qvel|=   0.55 ncon=  0 com_z=0.938 com_x=-0.157
t= 28.00 max|qacc|=      12.1 max|qvel|=   0.12 ncon=  0 com_z=0.938 com_x=-0.157
t= 28.50 max|qacc|=      99.2 max|qvel|=   0.21 ncon=  0 com_z=0.938 com_x=-0.157
t= 29.00 max|qacc|=      39.5 max|qvel|=   0.17 ncon=  0 com_z=0.938 com_x=-0.157
t= 29.50 max|qacc|=      39.6 max|qvel|=   0.20 ncon=  0 com_z=0.938 com_x=-0.157
t= 30.00 max|qacc|=     150.5 max|qvel|=   0.91 ncon=  0 com_z=0.938 com_x=-0.157
t= 30.50 max|qacc|=      66.1 max|qvel|=   0.13 ncon=  0 com_z=0.938 com_x=-0.157

== summary ==
pelvis/COM height: start 0.94 m, min 0.93 m, final 0.94 m  (stayed up)
COM x: min -0.17 max -0.10 final -0.16 m
COM y: min -0.019 max +0.002 m
RG_F_r bursts during walk window: 21
RG_r: cycles in window 21, period 0.48 s (2.08 Hz), E-duty 0.39
RG_l: cycles in window 21, period 0.48 s (2.08 Hz), E-duty 0.39
peak ctrl: [0.86 1.   1.   1.   0.61 1.   0.3  0.35 0.76 0.68 0.88 1.   1.   1.
 0.77 1.   0.41 0.5  0.42 0.24] (('vas_lat_r', 'med_gas_r', 'soleus_r', 'tib_ant_r', 'psoas_r', 'semimem_r', 'glut_max2_r', 'rect_fem_r', 'sar_r', 'grac_r', 'vas_lat_l', 'med_gas_l', 'soleus_l', 'tib_ant_l', 'psoas_l', 'semimem_l', 'glut_max2_l', 'rect_fem_l', 'sar_l', 'grac_l'))
  hip_flexion_r          3.4 ..    34.0 deg
  knee_angle_r         -51.8 ..    10.0 deg
  ankle_angle_r        -62.8 ..    -1.7 deg
  hip_adduction_r      -11.0 ..    15.1 deg
  subtalar_angle_r     -10.8 ..    14.9 deg
  hip_flexion_l        -20.8 ..    33.1 deg
  knee_angle_l         -58.8 ..    10.3 deg
  ankle_angle_l        -66.4 ..     9.8 deg
  hip_adduction_l      -14.7 ..    17.8 deg
  subtalar_angle_l      -1.4 ..    12.8 deg
  pelvis_tilt           -1.9 ..     0.6 deg
  pelvis_list           -0.6 ..    -0.1 deg
  pelvis_rotation        2.3 ..     2.6 deg
saved spinal_run.npz
(plot skipped: 'PF_E2_r')
fitted baseline loaded: e2_pf=0.222 f1_df=0.098 f1_kf=0.148 post_kneext=0.011 post_hipext=0.068 desc_f=1.400 e2_adapt=1.700
start pose (normal): applied 20 coordinates as given; pelvis ty 0.920 m (env override unset); IMU-metric torso lean -0.0 deg (+ = back)
standing solve: nnls x in [0.00, 0.70], >0.1: 14 muscles
  top: add_long_l=0.70, tib_ant_r=0.61, tib_ant_l=0.46, ext_dig_r=0.37, glut_min1_l=0.33, pect_l=0.32, glut_min2_l=0.31, ext_dig_l=0.25
Fmax range: 5..3396 N | L range sample: [0.229942 0.326094]
t=  1.00 max|qacc|=      61.7 max|qvel|=   1.26 ncon=  0 com_z=0.942 com_x=-0.161
t=  1.50 max|qacc|=      76.3 max|qvel|=   0.28 ncon=  0 com_z=0.936 com_x=-0.155
t=  2.00 max|qacc|=      43.6 max|qvel|=   0.20 ncon=  0 com_z=0.940 com_x=-0.161
t=  2.50 max|qacc|=     229.8 max|qvel|=   0.19 ncon=  0 com_z=0.937 com_x=-0.156
t=  3.00 max|qacc|=      74.8 max|qvel|=   0.24 ncon=  0 com_z=0.939 com_x=-0.159
t=  3.50 max|qacc|=      78.5 max|qvel|=   0.17 ncon=  0 com_z=0.938 com_x=-0.157
t=  4.00 max|qacc|=      85.4 max|qvel|=   0.18 ncon=  0 com_z=0.938 com_x=-0.156
t=  4.50 max|qacc|=      44.0 max|qvel|=   0.22 ncon=  0 com_z=0.937 com_x=-0.155
t=  5.00 max|qacc|=      43.2 max|qvel|=   1.61 ncon=  0 com_z=0.926 com_x=-0.109
t=  5.50 max|qacc|=      70.3 max|qvel|=   6.67 ncon=  0 com_z=0.935 com_x=-0.131
t=  6.00 max|qacc|=     142.7 max|qvel|=   2.76 ncon=  0 com_z=0.939 com_x=-0.150
t=  6.50 max|qacc|=      66.1 max|qvel|=   1.46 ncon=  0 com_z=0.939 com_x=-0.136
t=  7.00 max|qacc|=      37.3 max|qvel|=   4.06 ncon=  0 com_z=0.929 com_x=-0.117
t=  7.50 max|qacc|=     137.6 max|qvel|=   3.50 ncon=  0 com_z=0.936 com_x=-0.137
t=  8.00 max|qacc|=      82.1 max|qvel|=   1.99 ncon=  0 com_z=0.940 com_x=-0.152
t=  8.50 max|qacc|=      57.0 max|qvel|=   1.89 ncon=  0 com_z=0.937 com_x=-0.130
t=  9.00 max|qacc|=     113.8 max|qvel|=   3.08 ncon=  0 com_z=0.933 com_x=-0.114
t=  9.50 max|qacc|=      90.7 max|qvel|=   3.43 ncon=  0 com_z=0.936 com_x=-0.144
t= 10.00 max|qacc|=      58.3 max|qvel|=   1.86 ncon=  0 com_z=0.941 com_x=-0.150
t= 10.50 max|qacc|=      44.2 max|qvel|=   1.76 ncon=  0 com_z=0.933 com_x=-0.125
t= 11.00 max|qacc|=     163.9 max|qvel|=   4.15 ncon=  0 com_z=0.936 com_x=-0.116
t= 11.50 max|qacc|=     214.6 max|qvel|=   3.71 ncon=  0 com_z=0.937 com_x=-0.148
t= 12.00 max|qacc|=      34.2 max|qvel|=   3.01 ncon=  0 com_z=0.941 com_x=-0.144
t= 12.50 max|qacc|=      78.7 max|qvel|=   1.86 ncon=  0 com_z=0.930 com_x=-0.121
t= 13.00 max|qacc|=      72.2 max|qvel|=   7.41 ncon=  0 com_z=0.935 com_x=-0.125
t= 13.50 max|qacc|=     131.4 max|qvel|=   2.95 ncon=  0 com_z=0.939 com_x=-0.151
t= 14.00 max|qacc|=      66.4 max|qvel|=   1.55 ncon=  0 com_z=0.940 com_x=-0.137
t= 14.50 max|qacc|=      37.6 max|qvel|=   3.97 ncon=  0 com_z=0.929 com_x=-0.117
t= 15.00 max|qacc|=     137.9 max|qvel|=   3.79 ncon=  0 com_z=0.936 com_x=-0.136
t= 15.50 max|qacc|=      64.4 max|qvel|=   1.73 ncon=  0 com_z=0.942 com_x=-0.154
t= 16.00 max|qacc|=     105.7 max|qvel|=   1.76 ncon=  0 com_z=0.932 com_x=-0.141
t= 16.50 max|qacc|=      49.9 max|qvel|=   0.38 ncon=  0 com_z=0.939 com_x=-0.159
t= 17.00 max|qacc|=      35.5 max|qvel|=   0.29 ncon=  0 com_z=0.938 com_x=-0.156
t= 17.50 max|qacc|=      53.3 max|qvel|=   0.26 ncon=  0 com_z=0.938 com_x=-0.158
t= 18.00 max|qacc|=       5.8 max|qvel|=   0.14 ncon=  0 com_z=0.939 com_x=-0.158
t= 18.50 max|qacc|=     128.8 max|qvel|=   0.38 ncon=  0 com_z=0.938 com_x=-0.157
t= 19.00 max|qacc|=      74.7 max|qvel|=   0.22 ncon=  0 com_z=0.938 com_x=-0.158
t= 19.50 max|qacc|=     185.1 max|qvel|=   0.98 ncon=  0 com_z=0.938 com_x=-0.158
t= 20.00 max|qacc|=     262.3 max|qvel|=   0.32 ncon=  0 com_z=0.938 com_x=-0.157
t= 20.50 max|qacc|=      99.2 max|qvel|=   0.11 ncon=  0 com_z=0.938 com_x=-0.158
t= 21.00 max|qacc|=      19.9 max|qvel|=   0.10 ncon=  0 com_z=0.938 com_x=-0.157
t= 21.50 max|qacc|=      40.3 max|qvel|=   0.17 ncon=  0 com_z=0.938 com_x=-0.157
t= 22.00 max|qacc|=      63.4 max|qvel|=   0.11 ncon=  0 com_z=0.938 com_x=-0.157
t= 22.50 max|qacc|=      57.4 max|qvel|=   0.10 ncon=  0 com_z=0.938 com_x=-0.157
t= 23.00 max|qacc|=      17.1 max|qvel|=   0.19 ncon=  0 com_z=0.938 com_x=-0.157
t= 23.50 max|qacc|=     106.8 max|qvel|=   0.21 ncon=  0 com_z=0.938 com_x=-0.157
t= 24.00 max|qacc|=      15.4 max|qvel|=   0.12 ncon=  0 com_z=0.938 com_x=-0.158
t= 24.50 max|qacc|=      57.9 max|qvel|=   0.22 ncon=  0 com_z=0.938 com_x=-0.157
t= 25.00 max|qacc|=      59.4 max|qvel|=   0.13 ncon=  0 com_z=0.938 com_x=-0.158
t= 25.50 max|qacc|=     137.3 max|qvel|=   0.47 ncon=  0 com_z=0.938 com_x=-0.157
t= 26.00 max|qacc|=      33.2 max|qvel|=   0.14 ncon=  0 com_z=0.938 com_x=-0.157
t= 26.50 max|qacc|=      30.3 max|qvel|=   0.17 ncon=  0 com_z=0.938 com_x=-0.157
t= 27.00 max|qacc|=      92.2 max|qvel|=   0.12 ncon=  0 com_z=0.938 com_x=-0.157
t= 27.50 max|qacc|=      81.0 max|qvel|=   0.13 ncon=  0 com_z=0.938 com_x=-0.157
t= 28.00 max|qacc|=      28.7 max|qvel|=   0.19 ncon=  0 com_z=0.938 com_x=-0.157
t= 28.50 max|qacc|=      21.7 max|qvel|=   0.10 ncon=  0 com_z=0.938 com_x=-0.157
t= 29.00 max|qacc|=     160.0 max|qvel|=   0.17 ncon=  0 com_z=0.938 com_x=-0.157
t= 29.50 max|qacc|=     386.6 max|qvel|=   0.32 ncon=  0 com_z=0.938 com_x=-0.157
t= 30.00 max|qacc|=      60.9 max|qvel|=   0.12 ncon=  0 com_z=0.938 com_x=-0.158
t= 30.50 max|qacc|=      76.0 max|qvel|=   0.37 ncon=  0 com_z=0.938 com_x=-0.157

== summary ==
pelvis/COM height: start 0.94 m, min 0.93 m, final 0.94 m  (stayed up)
COM x: min -0.17 max -0.10 final -0.16 m
COM y: min -0.018 max +0.006 m
RG_F_r bursts during walk window: 15
RG_r: cycles in window 15, period 0.68 s (1.46 Hz), E-duty 0.44
RG_l: cycles in window 15, period 0.68 s (1.46 Hz), E-duty 0.44
peak ctrl: [0.87 1.   1.   1.   0.62 1.   0.3  0.36 0.76 0.68 0.91 1.   1.   1.
 0.79 1.   0.42 0.51 0.5  0.23] (('vas_lat_r', 'med_gas_r', 'soleus_r', 'tib_ant_r', 'psoas_r', 'semimem_r', 'glut_max2_r', 'rect_fem_r', 'sar_r', 'grac_r', 'vas_lat_l', 'med_gas_l', 'soleus_l', 'tib_ant_l', 'psoas_l', 'semimem_l', 'glut_max2_l', 'rect_fem_l', 'sar_l', 'grac_l'))
  hip_flexion_r          1.1 ..    33.9 deg
  knee_angle_r         -49.6 ..    10.1 deg
  ankle_angle_r        -62.9 ..    -1.7 deg
  hip_adduction_r      -12.1 ..    16.5 deg
  subtalar_angle_r     -11.4 ..    15.0 deg
  hip_flexion_l        -19.3 ..    33.1 deg
  knee_angle_l         -64.7 ..    10.3 deg
  ankle_angle_l        -66.4 ..     9.8 deg
  hip_adduction_l      -16.7 ..    18.0 deg
  subtalar_angle_l      -1.2 ..    11.0 deg
  pelvis_tilt           -1.9 ..     0.6 deg
  pelvis_list           -0.6 ..    -0.2 deg
  pelvis_rotation        2.3 ..     2.6 deg
saved spinal_run.npz
(plot skipped: 'PF_E2_r')
fitted baseline loaded: e2_pf=0.222 f1_df=0.098 f1_kf=0.148 post_kneext=0.011 post_hipext=0.068 desc_f=1.400 e2_adapt=1.700
start pose (normal): applied 20 coordinates as given; pelvis ty 0.920 m (env override unset); IMU-metric torso lean -0.0 deg (+ = back)
standing solve: nnls x in [0.00, 0.70], >0.1: 14 muscles
  top: add_long_l=0.70, tib_ant_r=0.61, tib_ant_l=0.46, ext_dig_r=0.37, glut_min1_l=0.33, pect_l=0.32, glut_min2_l=0.31, ext_dig_l=0.25
Fmax range: 5..3396 N | L range sample: [0.229942 0.326094]
t=  1.00 max|qacc|=      56.9 max|qvel|=   1.18 ncon=  0 com_z=0.942 com_x=-0.161
t=  1.50 max|qacc|=      70.3 max|qvel|=   0.23 ncon=  0 com_z=0.936 com_x=-0.155
t=  2.00 max|qacc|=      35.7 max|qvel|=   0.40 ncon=  0 com_z=0.939 com_x=-0.160
t=  2.50 max|qacc|=      65.9 max|qvel|=   0.13 ncon=  0 com_z=0.938 com_x=-0.156
t=  3.00 max|qacc|=     139.3 max|qvel|=   0.20 ncon=  0 com_z=0.939 com_x=-0.158
t=  3.50 max|qacc|=      21.6 max|qvel|=   0.09 ncon=  0 com_z=0.938 com_x=-0.156
t=  4.00 max|qacc|=     233.3 max|qvel|=   0.68 ncon=  0 com_z=0.938 com_x=-0.156
t=  4.50 max|qacc|=      21.1 max|qvel|=   0.07 ncon=  0 com_z=0.937 com_x=-0.154
t=  5.00 max|qacc|=      45.0 max|qvel|=   1.48 ncon=  0 com_z=0.936 com_x=-0.150
t=  5.50 max|qacc|=     136.5 max|qvel|=   1.84 ncon=  0 com_z=0.934 com_x=-0.138
t=  6.00 max|qacc|=      66.0 max|qvel|=   0.87 ncon=  0 com_z=0.928 com_x=-0.126
t=  6.50 max|qacc|=     146.8 max|qvel|=   0.69 ncon=  0 com_z=0.927 com_x=-0.123
t=  7.00 max|qacc|=     121.9 max|qvel|=   4.81 ncon=  0 com_z=0.932 com_x=-0.141
t=  7.50 max|qacc|=      33.0 max|qvel|=   1.72 ncon=  0 com_z=0.939 com_x=-0.153
t=  8.00 max|qacc|=     416.5 max|qvel|=   2.32 ncon=  0 com_z=0.937 com_x=-0.145
t=  8.50 max|qacc|=      82.3 max|qvel|=   1.81 ncon=  0 com_z=0.929 com_x=-0.128
t=  9.00 max|qacc|=      74.2 max|qvel|=   2.52 ncon=  0 com_z=0.927 com_x=-0.124
t=  9.50 max|qacc|=      96.6 max|qvel|=   2.90 ncon=  0 com_z=0.930 com_x=-0.134
t= 10.00 max|qacc|=      65.6 max|qvel|=   2.24 ncon=  0 com_z=0.937 com_x=-0.150
t= 10.50 max|qacc|=     126.7 max|qvel|=   2.23 ncon=  0 com_z=0.938 com_x=-0.150
t= 11.00 max|qacc|=      48.7 max|qvel|=   2.29 ncon=  0 com_z=0.932 com_x=-0.134
t= 11.50 max|qacc|=      96.9 max|qvel|=   1.01 ncon=  0 com_z=0.927 com_x=-0.124
t= 12.00 max|qacc|=     272.4 max|qvel|=   5.30 ncon=  0 com_z=0.928 com_x=-0.124
t= 12.50 max|qacc|=     260.9 max|qvel|=   2.99 ncon=  0 com_z=0.934 com_x=-0.146
t= 13.00 max|qacc|=     125.4 max|qvel|=   1.53 ncon=  0 com_z=0.939 com_x=-0.152
t= 13.50 max|qacc|=     137.0 max|qvel|=   1.32 ncon=  0 com_z=0.935 com_x=-0.141
t= 14.00 max|qacc|=      40.1 max|qvel|=   1.12 ncon=  0 com_z=0.929 com_x=-0.126
t= 14.50 max|qacc|=      60.5 max|qvel|=   2.05 ncon=  0 com_z=0.927 com_x=-0.124
t= 15.00 max|qacc|=     164.7 max|qvel|=   3.27 ncon=  0 com_z=0.931 com_x=-0.137
t= 15.50 max|qacc|=     212.1 max|qvel|=   1.51 ncon=  0 com_z=0.942 com_x=-0.161
t= 16.00 max|qacc|=      32.4 max|qvel|=   2.24 ncon=  0 com_z=0.933 com_x=-0.119
t= 16.50 max|qacc|=      12.3 max|qvel|=   0.68 ncon=  0 com_z=0.941 com_x=-0.154
t= 17.00 max|qacc|=       1.5 max|qvel|=   0.19 ncon=  0 com_z=0.944 com_x=-0.155
t= 17.50 max|qacc|=       0.5 max|qvel|=   0.03 ncon=  0 com_z=0.943 com_x=-0.155
t= 18.00 max|qacc|=       0.2 max|qvel|=   0.03 ncon=  0 com_z=0.944 com_x=-0.156
t= 18.50 max|qacc|=       0.0 max|qvel|=   0.01 ncon=  0 com_z=0.944 com_x=-0.155
t= 19.00 max|qacc|=       0.0 max|qvel|=   0.00 ncon=  0 com_z=0.944 com_x=-0.155
t= 19.50 max|qacc|=       0.0 max|qvel|=   0.00 ncon=  0 com_z=0.944 com_x=-0.155
t= 20.00 max|qacc|=       0.0 max|qvel|=   0.00 ncon=  0 com_z=0.944 com_x=-0.155
t= 20.50 max|qacc|=       0.0 max|qvel|=   0.00 ncon=  0 com_z=0.944 com_x=-0.155
t= 21.00 max|qacc|=       0.0 max|qvel|=   0.00 ncon=  0 com_z=0.944 com_x=-0.155
t= 21.50 max|qacc|=       0.0 max|qvel|=   0.00 ncon=  0 com_z=0.944 com_x=-0.155
t= 22.00 max|qacc|=       0.0 max|qvel|=   0.00 ncon=  0 com_z=0.944 com_x=-0.155
t= 22.50 max|qacc|=       0.0 max|qvel|=   0.00 ncon=  0 com_z=0.944 com_x=-0.155
t= 23.00 max|qacc|=       0.0 max|qvel|=   0.00 ncon=  0 com_z=0.944 com_x=-0.155
t= 23.50 max|qacc|=       0.0 max|qvel|=   0.00 ncon=  0 com_z=0.944 com_x=-0.155
t= 24.00 max|qacc|=       0.0 max|qvel|=   0.00 ncon=  0 com_z=0.944 com_x=-0.155
t= 24.50 max|qacc|=       0.0 max|qvel|=   0.00 ncon=  0 com_z=0.944 com_x=-0.155
t= 25.00 max|qacc|=       0.0 max|qvel|=   0.00 ncon=  0 com_z=0.944 com_x=-0.155
t= 25.50 max|qacc|=       0.0 max|qvel|=   0.00 ncon=  0 com_z=0.944 com_x=-0.155
t= 26.00 max|qacc|=       0.0 max|qvel|=   0.00 ncon=  0 com_z=0.944 com_x=-0.155
t= 26.50 max|qacc|=       0.0 max|qvel|=   0.00 ncon=  0 com_z=0.944 com_x=-0.155
t= 27.00 max|qacc|=       0.0 max|qvel|=   0.00 ncon=  0 com_z=0.944 com_x=-0.155
t= 27.50 max|qacc|=       0.0 max|qvel|=   0.00 ncon=  0 com_z=0.944 com_x=-0.155
t= 28.00 max|qacc|=       0.0 max|qvel|=   0.00 ncon=  0 com_z=0.944 com_x=-0.155
t= 28.50 max|qacc|=       0.0 max|qvel|=   0.00 ncon=  0 com_z=0.944 com_x=-0.155
t= 29.00 max|qacc|=       0.0 max|qvel|=   0.00 ncon=  0 com_z=0.944 com_x=-0.155
t= 29.50 max|qacc|=       0.0 max|qvel|=   0.00 ncon=  0 com_z=0.944 com_x=-0.155
t= 30.00 max|qacc|=       0.0 max|qvel|=   0.00 ncon=  0 com_z=0.944 com_x=-0.155
t= 30.50 max|qacc|=       0.0 max|qvel|=   0.00 ncon=  0 com_z=0.944 com_x=-0.155

== summary ==
pelvis/COM height: start 0.94 m, min 0.93 m, final 0.94 m  (stayed up)
COM x: min -0.17 max -0.11 final -0.16 m
COM y: min -0.021 max +0.003 m
RG_F_r bursts during walk window: 16
RG_r: cycles in window 17, period 0.61 s (1.63 Hz), E-duty 0.53
RG_l: cycles in window 17, period 0.61 s (1.63 Hz), E-duty 0.53
peak ctrl: [0.88 1.   1.   1.   0.66 1.   0.46 0.38 0.78 0.71 0.91 1.   1.   1.
 0.8  1.   0.47 0.54 0.48 0.23] (('vas_lat_r', 'med_gas_r', 'soleus_r', 'tib_ant_r', 'psoas_r', 'semimem_r', 'glut_max2_r', 'rect_fem_r', 'sar_r', 'grac_r', 'vas_lat_l', 'med_gas_l', 'soleus_l', 'tib_ant_l', 'psoas_l', 'semimem_l', 'glut_max2_l', 'rect_fem_l', 'sar_l', 'grac_l'))
  hip_flexion_r          5.6 ..    34.1 deg
  knee_angle_r         -48.0 ..    10.1 deg
  ankle_angle_r        -63.9 ..    -1.7 deg
  hip_adduction_r      -12.8 ..    12.4 deg
  subtalar_angle_r     -12.0 ..    14.9 deg
  hip_flexion_l        -19.6 ..    32.9 deg
  knee_angle_l         -49.6 ..    10.3 deg
  ankle_angle_l        -66.5 ..     9.8 deg
  hip_adduction_l      -15.1 ..    16.1 deg
  subtalar_angle_l      -1.8 ..    24.1 deg
  pelvis_tilt           -1.9 ..     0.8 deg
  pelvis_list           -0.8 ..    -0.1 deg
  pelvis_rotation        2.3 ..     2.6 deg
saved spinal_run.npz
(plot skipped: 'PF_E2_r')
fitted baseline loaded: e2_pf=0.222 f1_df=0.098 f1_kf=0.148 post_kneext=0.011 post_hipext=0.068 desc_f=1.400 e2_adapt=1.700
start pose (normal): applied 20 coordinates as given; pelvis ty 0.920 m (env override unset); IMU-metric torso lean -0.0 deg (+ = back)
standing solve: nnls x in [0.00, 0.70], >0.1: 14 muscles
  top: add_long_l=0.70, tib_ant_r=0.61, tib_ant_l=0.46, ext_dig_r=0.37, glut_min1_l=0.33, pect_l=0.32, glut_min2_l=0.31, ext_dig_l=0.25
Fmax range: 5..3396 N | L range sample: [0.229942 0.326094]
t=  1.00 max|qacc|=      39.7 max|qvel|=   1.22 ncon=  0 com_z=0.942 com_x=-0.161
t=  1.50 max|qacc|=     172.9 max|qvel|=   0.24 ncon=  0 com_z=0.937 com_x=-0.155
t=  2.00 max|qacc|=      75.6 max|qvel|=   0.49 ncon=  0 com_z=0.939 com_x=-0.160
t=  2.50 max|qacc|=      35.5 max|qvel|=   0.20 ncon=  0 com_z=0.938 com_x=-0.157
t=  3.00 max|qacc|=      60.3 max|qvel|=   0.22 ncon=  0 com_z=0.939 com_x=-0.159
t=  3.50 max|qacc|=      45.5 max|qvel|=   0.20 ncon=  0 com_z=0.938 com_x=-0.157
t=  4.00 max|qacc|=      45.9 max|qvel|=   0.11 ncon=  0 com_z=0.938 com_x=-0.156
t=  4.50 max|qacc|=      28.5 max|qvel|=   2.12 ncon=  0 com_z=0.934 com_x=-0.147
t=  5.00 max|qacc|=      26.8 max|qvel|=   1.56 ncon=  0 com_z=0.942 com_x=-0.145
t=  5.50 max|qacc|=      25.4 max|qvel|=   0.96 ncon=  0 com_z=0.937 com_x=-0.142
t=  6.00 max|qacc|=      26.5 max|qvel|=   1.20 ncon=  0 com_z=0.938 com_x=-0.145
t=  6.50 max|qacc|=      22.2 max|qvel|=   1.41 ncon=  0 com_z=0.937 com_x=-0.143
t=  7.00 max|qacc|=      18.9 max|qvel|=   1.29 ncon=  0 com_z=0.937 com_x=-0.143
t=  7.50 max|qacc|=      43.0 max|qvel|=   0.72 ncon=  0 com_z=0.938 com_x=-0.142
t=  8.00 max|qacc|=      29.7 max|qvel|=   1.41 ncon=  0 com_z=0.938 com_x=-0.142
t=  8.50 max|qacc|=      56.2 max|qvel|=   1.43 ncon=  0 com_z=0.938 com_x=-0.143
t=  9.00 max|qacc|=      37.2 max|qvel|=   2.85 ncon=  0 com_z=0.938 com_x=-0.146
t=  9.50 max|qacc|=      59.2 max|qvel|=   1.99 ncon=  0 com_z=0.938 com_x=-0.148
t= 10.00 max|qacc|=      37.5 max|qvel|=   1.15 ncon=  0 com_z=0.939 com_x=-0.149
t= 10.50 max|qacc|=      17.4 max|qvel|=   1.22 ncon=  0 com_z=0.940 com_x=-0.148
t= 11.00 max|qacc|=      15.3 max|qvel|=   1.36 ncon=  0 com_z=0.940 com_x=-0.147
t= 11.50 max|qacc|=      21.0 max|qvel|=   0.77 ncon=  0 com_z=0.939 com_x=-0.145
t= 12.00 max|qacc|=      16.3 max|qvel|=   0.89 ncon=  0 com_z=0.939 com_x=-0.144
t= 12.50 max|qacc|=      20.9 max|qvel|=   1.18 ncon=  0 com_z=0.938 com_x=-0.144
t= 13.00 max|qacc|=      11.6 max|qvel|=   1.47 ncon=  0 com_z=0.937 com_x=-0.143
t= 13.50 max|qacc|=      14.8 max|qvel|=   1.42 ncon=  0 com_z=0.937 com_x=-0.143
t= 14.00 max|qacc|=      38.5 max|qvel|=   0.89 ncon=  0 com_z=0.938 com_x=-0.142
t= 14.50 max|qacc|=      31.4 max|qvel|=   1.09 ncon=  0 com_z=0.938 com_x=-0.142
t= 15.00 max|qacc|=      50.0 max|qvel|=   1.49 ncon=  0 com_z=0.938 com_x=-0.143
t= 15.50 max|qacc|=      97.8 max|qvel|=   1.77 ncon=  0 com_z=0.938 com_x=-0.148
t= 16.00 max|qacc|=      21.4 max|qvel|=   1.54 ncon=  0 com_z=0.937 com_x=-0.129
t= 16.50 max|qacc|=      10.7 max|qvel|=   0.48 ncon=  0 com_z=0.940 com_x=-0.151
t= 17.00 max|qacc|=       1.2 max|qvel|=   0.11 ncon=  0 com_z=0.944 com_x=-0.155
t= 17.50 max|qacc|=       0.3 max|qvel|=   0.03 ncon=  0 com_z=0.944 com_x=-0.155
t= 18.00 max|qacc|=       0.1 max|qvel|=   0.02 ncon=  0 com_z=0.944 com_x=-0.156
t= 18.50 max|qacc|=       0.0 max|qvel|=   0.00 ncon=  0 com_z=0.944 com_x=-0.156
t= 19.00 max|qacc|=       0.0 max|qvel|=   0.00 ncon=  0 com_z=0.944 com_x=-0.156
t= 19.50 max|qacc|=       0.0 max|qvel|=   0.00 ncon=  0 com_z=0.944 com_x=-0.156
t= 20.00 max|qacc|=       0.0 max|qvel|=   0.00 ncon=  0 com_z=0.944 com_x=-0.156
t= 20.50 max|qacc|=       0.0 max|qvel|=   0.00 ncon=  0 com_z=0.944 com_x=-0.156
t= 21.00 max|qacc|=       0.0 max|qvel|=   0.00 ncon=  0 com_z=0.944 com_x=-0.156
t= 21.50 max|qacc|=       0.0 max|qvel|=   0.00 ncon=  0 com_z=0.944 com_x=-0.156
t= 22.00 max|qacc|=       0.0 max|qvel|=   0.00 ncon=  0 com_z=0.944 com_x=-0.156
t= 22.50 max|qacc|=       0.0 max|qvel|=   0.00 ncon=  0 com_z=0.944 com_x=-0.156
t= 23.00 max|qacc|=       0.0 max|qvel|=   0.00 ncon=  0 com_z=0.944 com_x=-0.156
t= 23.50 max|qacc|=       0.0 max|qvel|=   0.00 ncon=  0 com_z=0.944 com_x=-0.156
t= 24.00 max|qacc|=       0.0 max|qvel|=   0.00 ncon=  0 com_z=0.944 com_x=-0.156
t= 24.50 max|qacc|=       0.0 max|qvel|=   0.00 ncon=  0 com_z=0.944 com_x=-0.156
t= 25.00 max|qacc|=       0.0 max|qvel|=   0.00 ncon=  0 com_z=0.944 com_x=-0.156
t= 25.50 max|qacc|=       0.0 max|qvel|=   0.00 ncon=  0 com_z=0.944 com_x=-0.156
t= 26.00 max|qacc|=       0.0 max|qvel|=   0.00 ncon=  0 com_z=0.944 com_x=-0.156
t= 26.50 max|qacc|=       0.0 max|qvel|=   0.00 ncon=  0 com_z=0.944 com_x=-0.156
t= 27.00 max|qacc|=       0.0 max|qvel|=   0.00 ncon=  0 com_z=0.944 com_x=-0.156
t= 27.50 max|qacc|=       0.0 max|qvel|=   0.00 ncon=  0 com_z=0.944 com_x=-0.156
t= 28.00 max|qacc|=       0.0 max|qvel|=   0.00 ncon=  0 com_z=0.944 com_x=-0.156
t= 28.50 max|qacc|=       0.0 max|qvel|=   0.00 ncon=  0 com_z=0.944 com_x=-0.156
t= 29.00 max|qacc|=       0.0 max|qvel|=   0.00 ncon=  0 com_z=0.944 com_x=-0.156
t= 29.50 max|qacc|=       0.0 max|qvel|=   0.00 ncon=  0 com_z=0.944 com_x=-0.156
t= 30.00 max|qacc|=       0.0 max|qvel|=   0.00 ncon=  0 com_z=0.944 com_x=-0.156
t= 30.50 max|qacc|=       0.0 max|qvel|=   0.00 ncon=  0 com_z=0.944 com_x=-0.156

== summary ==
pelvis/COM height: start 0.94 m, min 0.93 m, final 0.94 m  (stayed up)
COM x: min -0.17 max -0.10 final -0.16 m
COM y: min -0.020 max +0.002 m
RG_F_r bursts during walk window: 19
RG_r: cycles in window 18, period 0.54 s (1.85 Hz), E-duty 0.38
RG_l: cycles in window 18, period 0.54 s (1.85 Hz), E-duty 0.38
peak ctrl: [0.87 1.   1.   1.   0.61 1.   0.46 0.34 0.76 0.68 0.86 1.   1.   1.
 0.8  1.   0.47 0.49 0.42 0.18] (('vas_lat_r', 'med_gas_r', 'soleus_r', 'tib_ant_r', 'psoas_r', 'semimem_r', 'glut_max2_r', 'rect_fem_r', 'sar_r', 'grac_r', 'vas_lat_l', 'med_gas_l', 'soleus_l', 'tib_ant_l', 'psoas_l', 'semimem_l', 'glut_max2_l', 'rect_fem_l', 'sar_l', 'grac_l'))
  hip_flexion_r          3.1 ..    33.9 deg
  knee_angle_r         -55.1 ..    10.1 deg
  ankle_angle_r        -62.7 ..    -1.7 deg
  hip_adduction_r      -14.0 ..    15.8 deg
  subtalar_angle_r     -12.1 ..    15.0 deg
  hip_flexion_l        -21.1 ..    33.3 deg
  knee_angle_l         -62.7 ..    10.3 deg
  ankle_angle_l        -66.4 ..     9.8 deg
  hip_adduction_l      -18.6 ..    14.6 deg
  subtalar_angle_l      -1.2 ..    24.1 deg
  pelvis_tilt           -1.9 ..     0.6 deg
  pelvis_list           -0.6 ..    -0.1 deg
  pelvis_rotation        2.3 ..     2.6 deg
saved spinal_run.npz
(plot skipped: 'PF_E2_r')
fitted baseline loaded: e2_pf=0.222 f1_df=0.098 f1_kf=0.148 post_kneext=0.011 post_hipext=0.068 desc_f=1.400 e2_adapt=1.700
start pose (normal): applied 20 coordinates as given; pelvis ty 0.920 m (env override unset); IMU-metric torso lean -0.0 deg (+ = back)
standing solve: nnls x in [0.00, 0.70], >0.1: 14 muscles
  top: add_long_l=0.70, tib_ant_r=0.61, tib_ant_l=0.46, ext_dig_r=0.37, glut_min1_l=0.33, pect_l=0.32, glut_min2_l=0.31, ext_dig_l=0.25
Fmax range: 5..3396 N | L range sample: [0.229942 0.326094]
t=  1.00 max|qacc|=      89.6 max|qvel|=   1.22 ncon=  0 com_z=0.942 com_x=-0.161
t=  1.50 max|qacc|=      45.0 max|qvel|=   0.22 ncon=  0 com_z=0.937 com_x=-0.155
t=  2.00 max|qacc|=      36.7 max|qvel|=   0.48 ncon=  0 com_z=0.939 com_x=-0.160
t=  2.50 max|qacc|=      52.3 max|qvel|=   0.11 ncon=  0 com_z=0.937 com_x=-0.156
t=  3.00 max|qacc|=      66.8 max|qvel|=   0.22 ncon=  0 com_z=0.939 com_x=-0.158
t=  3.50 max|qacc|=      37.7 max|qvel|=   0.27 ncon=  0 com_z=0.938 com_x=-0.156
t=  4.00 max|qacc|=      70.6 max|qvel|=   0.12 ncon=  0 com_z=0.938 com_x=-0.156
t=  4.50 max|qacc|=      65.6 max|qvel|=   2.27 ncon=  0 com_z=0.936 com_x=-0.152
t=  5.00 max|qacc|=      11.0 max|qvel|=   0.55 ncon=  0 com_z=0.944 com_x=-0.150
t=  5.50 max|qacc|=      98.7 max|qvel|=   2.32 ncon=  0 com_z=0.932 com_x=-0.108
t=  6.00 max|qacc|=      82.2 max|qvel|=   3.44 ncon=  0 com_z=0.935 com_x=-0.149
t=  6.50 max|qacc|=      61.3 max|qvel|=   4.69 ncon=  0 com_z=0.938 com_x=-0.150
t=  7.00 max|qacc|=      58.0 max|qvel|=   1.39 ncon=  0 com_z=0.936 com_x=-0.132
t=  7.50 max|qacc|=      42.6 max|qvel|=   2.11 ncon=  0 com_z=0.928 com_x=-0.120
t=  8.00 max|qacc|=      78.9 max|qvel|=   6.57 ncon=  0 com_z=0.933 com_x=-0.132
t=  8.50 max|qacc|=     158.8 max|qvel|=   2.75 ncon=  0 com_z=0.936 com_x=-0.152
t=  9.00 max|qacc|=     196.9 max|qvel|=   3.12 ncon=  0 com_z=0.940 com_x=-0.143
t=  9.50 max|qacc|=      24.4 max|qvel|=   1.84 ncon=  0 com_z=0.931 com_x=-0.124
t= 10.00 max|qacc|=      86.2 max|qvel|=   1.55 ncon=  0 com_z=0.933 com_x=-0.120
t= 10.50 max|qacc|=      83.6 max|qvel|=   3.60 ncon=  0 com_z=0.933 com_x=-0.146
t= 11.00 max|qacc|=      57.7 max|qvel|=   4.70 ncon=  0 com_z=0.938 com_x=-0.150
t= 11.50 max|qacc|=      57.5 max|qvel|=   1.41 ncon=  0 com_z=0.936 com_x=-0.132
t= 12.00 max|qacc|=      45.1 max|qvel|=   1.93 ncon=  0 com_z=0.928 com_x=-0.120
t= 12.50 max|qacc|=      94.7 max|qvel|=   6.31 ncon=  0 com_z=0.933 com_x=-0.131
t= 13.00 max|qacc|=     144.6 max|qvel|=   3.16 ncon=  0 com_z=0.935 com_x=-0.152
t= 13.50 max|qacc|=     164.6 max|qvel|=   3.22 ncon=  0 com_z=0.940 com_x=-0.143
t= 14.00 max|qacc|=      21.6 max|qvel|=   1.78 ncon=  0 com_z=0.931 com_x=-0.124
t= 14.50 max|qacc|=      77.8 max|qvel|=   1.85 ncon=  0 com_z=0.932 com_x=-0.120
t= 15.00 max|qacc|=      83.9 max|qvel|=   4.00 ncon=  0 com_z=0.933 com_x=-0.146
t= 15.50 max|qacc|=      69.9 max|qvel|=   3.25 ncon=  0 com_z=0.942 com_x=-0.153
t= 16.00 max|qacc|=      40.7 max|qvel|=   0.70 ncon=  0 com_z=0.934 com_x=-0.145
t= 16.50 max|qacc|=     494.2 max|qvel|=   4.11 ncon=  0 com_z=0.939 com_x=-0.158
t= 17.00 max|qacc|=     105.1 max|qvel|=   0.24 ncon=  0 com_z=0.937 com_x=-0.155
t= 17.50 max|qacc|=     126.6 max|qvel|=   0.59 ncon=  0 com_z=0.938 com_x=-0.157
t= 18.00 max|qacc|=     130.7 max|qvel|=   0.62 ncon=  0 com_z=0.938 com_x=-0.157
t= 18.50 max|qacc|=      38.7 max|qvel|=   0.07 ncon=  0 com_z=0.938 com_x=-0.157
t= 19.00 max|qacc|=     160.2 max|qvel|=   0.57 ncon=  0 com_z=0.938 com_x=-0.157
t= 19.50 max|qacc|=       8.6 max|qvel|=   0.10 ncon=  0 com_z=0.938 com_x=-0.157
t= 20.00 max|qacc|=      26.1 max|qvel|=   0.11 ncon=  0 com_z=0.938 com_x=-0.157
t= 20.50 max|qacc|=     175.9 max|qvel|=   0.42 ncon=  0 com_z=0.938 com_x=-0.157
t= 21.00 max|qacc|=      19.0 max|qvel|=   0.18 ncon=  0 com_z=0.938 com_x=-0.157
t= 21.50 max|qacc|=      53.0 max|qvel|=   0.41 ncon=  0 com_z=0.938 com_x=-0.157
t= 22.00 max|qacc|=      20.7 max|qvel|=   0.12 ncon=  0 com_z=0.938 com_x=-0.157
t= 22.50 max|qacc|=      61.2 max|qvel|=   0.09 ncon=  0 com_z=0.938 com_x=-0.157
t= 23.00 max|qacc|=      22.9 max|qvel|=   0.13 ncon=  0 com_z=0.938 com_x=-0.157
t= 23.50 max|qacc|=      21.7 max|qvel|=   0.16 ncon=  0 com_z=0.938 com_x=-0.157
t= 24.00 max|qacc|=     106.0 max|qvel|=   0.49 ncon=  0 com_z=0.938 com_x=-0.157
t= 24.50 max|qacc|=      41.4 max|qvel|=   0.08 ncon=  0 com_z=0.938 com_x=-0.157
t= 25.00 max|qacc|=     140.4 max|qvel|=   0.24 ncon=  0 com_z=0.938 com_x=-0.157
t= 25.50 max|qacc|=     181.9 max|qvel|=   0.19 ncon=  0 com_z=0.938 com_x=-0.157
t= 26.00 max|qacc|=      33.4 max|qvel|=   0.12 ncon=  0 com_z=0.938 com_x=-0.157
t= 26.50 max|qacc|=      60.9 max|qvel|=   0.32 ncon=  0 com_z=0.938 com_x=-0.157
t= 27.00 max|qacc|=      66.6 max|qvel|=   0.12 ncon=  0 com_z=0.938 com_x=-0.157
t= 27.50 max|qacc|=     119.2 max|qvel|=   0.15 ncon=  0 com_z=0.938 com_x=-0.157
t= 28.00 max|qacc|=      30.7 max|qvel|=   0.17 ncon=  0 com_z=0.938 com_x=-0.157
t= 28.50 max|qacc|=     135.4 max|qvel|=   0.22 ncon=  0 com_z=0.938 com_x=-0.157
t= 29.00 max|qacc|=       9.3 max|qvel|=   0.15 ncon=  0 com_z=0.938 com_x=-0.157
t= 29.50 max|qacc|=      75.1 max|qvel|=   0.54 ncon=  0 com_z=0.938 com_x=-0.157
t= 30.00 max|qacc|=     213.2 max|qvel|=   0.26 ncon=  0 com_z=0.938 com_x=-0.157
t= 30.50 max|qacc|=      84.6 max|qvel|=   0.12 ncon=  0 com_z=0.938 com_x=-0.157

== summary ==
pelvis/COM height: start 0.94 m, min 0.93 m, final 0.94 m  (stayed up)
COM x: min -0.17 max -0.11 final -0.16 m
COM y: min -0.018 max +0.001 m
RG_F_r bursts during walk window: 16
RG_r: cycles in window 15, period 0.64 s (1.56 Hz), E-duty 0.38
RG_l: cycles in window 15, period 0.64 s (1.56 Hz), E-duty 0.38
peak ctrl: [0.87 1.   1.   1.   0.61 1.   0.28 0.36 0.76 0.68 0.89 1.   1.   1.
 0.81 1.   0.4  0.5  0.46 0.27] (('vas_lat_r', 'med_gas_r', 'soleus_r', 'tib_ant_r', 'psoas_r', 'semimem_r', 'glut_max2_r', 'rect_fem_r', 'sar_r', 'grac_r', 'vas_lat_l', 'med_gas_l', 'soleus_l', 'tib_ant_l', 'psoas_l', 'semimem_l', 'glut_max2_l', 'rect_fem_l', 'sar_l', 'grac_l'))
  hip_flexion_r          1.0 ..    33.8 deg
  knee_angle_r         -43.7 ..    10.1 deg
  ankle_angle_r        -63.0 ..    -1.7 deg
  hip_adduction_r      -11.0 ..    14.3 deg
  subtalar_angle_r      -9.5 ..    14.8 deg
  hip_flexion_l        -20.8 ..    32.9 deg
  knee_angle_l         -55.3 ..    10.3 deg
  ankle_angle_l        -66.5 ..     9.8 deg
  hip_adduction_l      -16.6 ..    19.3 deg
  subtalar_angle_l      -1.3 ..    11.1 deg
  pelvis_tilt           -1.9 ..     0.4 deg
  pelvis_list           -0.6 ..    -0.1 deg
  pelvis_rotation        2.2 ..     2.6 deg
saved spinal_run.npz
(plot skipped: 'PF_E2_r')
fitted baseline loaded: e2_pf=0.222 f1_df=0.098 f1_kf=0.148 post_kneext=0.011 post_hipext=0.068 desc_f=1.400 e2_adapt=1.700
start pose (normal): applied 20 coordinates as given; pelvis ty 0.920 m (env override unset); IMU-metric torso lean -0.0 deg (+ = back)
standing solve: nnls x in [0.00, 0.70], >0.1: 14 muscles
  top: add_long_l=0.70, tib_ant_r=0.61, tib_ant_l=0.46, ext_dig_r=0.37, glut_min1_l=0.33, pect_l=0.32, glut_min2_l=0.31, ext_dig_l=0.25
Fmax range: 5..3396 N | L range sample: [0.229942 0.326094]
t=  1.00 max|qacc|=     159.8 max|qvel|=   1.26 ncon=  0 com_z=0.941 com_x=-0.161
t=  1.50 max|qacc|=     640.5 max|qvel|=   3.74 ncon=  0 com_z=0.937 com_x=-0.155
t=  2.00 max|qacc|=      57.4 max|qvel|=   0.18 ncon=  0 com_z=0.940 com_x=-0.161
t=  2.50 max|qacc|=      48.3 max|qvel|=   0.24 ncon=  0 com_z=0.938 com_x=-0.156
t=  3.00 max|qacc|=      46.2 max|qvel|=   0.31 ncon=  0 com_z=0.939 com_x=-0.159
t=  3.50 max|qacc|=      60.2 max|qvel|=   0.16 ncon=  0 com_z=0.938 com_x=-0.157
t=  4.00 max|qacc|=     104.0 max|qvel|=   0.12 ncon=  0 com_z=0.938 com_x=-0.156
t=  4.50 max|qacc|=      89.5 max|qvel|=   1.34 ncon=  0 com_z=0.937 com_x=-0.153
t=  5.00 max|qacc|=      37.8 max|qvel|=   1.95 ncon=  0 com_z=0.935 com_x=-0.125
t=  5.50 max|qacc|=      17.6 max|qvel|=   1.85 ncon=  0 com_z=0.938 com_x=-0.148
t=  6.00 max|qacc|=      46.9 max|qvel|=   1.84 ncon=  0 com_z=0.939 com_x=-0.149
t=  6.50 max|qacc|=     111.6 max|qvel|=   1.23 ncon=  0 com_z=0.938 com_x=-0.147
t=  7.00 max|qacc|=      38.7 max|qvel|=   4.82 ncon=  0 com_z=0.938 com_x=-0.146
t=  7.50 max|qacc|=     102.5 max|qvel|=   3.11 ncon=  0 com_z=0.938 com_x=-0.144
t=  8.00 max|qacc|=      90.9 max|qvel|=   0.71 ncon=  0 com_z=0.938 com_x=-0.144
t=  8.50 max|qacc|=      24.9 max|qvel|=   2.71 ncon=  0 com_z=0.938 com_x=-0.144
t=  9.00 max|qacc|=      39.8 max|qvel|=   2.23 ncon=  0 com_z=0.937 com_x=-0.145
t=  9.50 max|qacc|=      57.0 max|qvel|=   0.85 ncon=  0 com_z=0.937 com_x=-0.146
t= 10.00 max|qacc|=      22.7 max|qvel|=   1.20 ncon=  0 com_z=0.938 com_x=-0.146
t= 10.50 max|qacc|=      41.9 max|qvel|=   0.92 ncon=  0 com_z=0.939 com_x=-0.146
t= 11.00 max|qacc|=      54.3 max|qvel|=   1.12 ncon=  0 com_z=0.939 com_x=-0.147
t= 11.50 max|qacc|=      28.5 max|qvel|=   2.56 ncon=  0 com_z=0.939 com_x=-0.148
t= 12.00 max|qacc|=      78.7 max|qvel|=   1.46 ncon=  0 com_z=0.938 com_x=-0.148
t= 12.50 max|qacc|=     106.9 max|qvel|=   2.67 ncon=  0 com_z=0.938 com_x=-0.147
t= 13.00 max|qacc|=      32.7 max|qvel|=   4.70 ncon=  0 com_z=0.938 com_x=-0.145
t= 13.50 max|qacc|=     107.9 max|qvel|=   1.43 ncon=  0 com_z=0.939 com_x=-0.144
t= 14.00 max|qacc|=      66.9 max|qvel|=   1.81 ncon=  0 com_z=0.938 com_x=-0.144
t= 14.50 max|qacc|=      19.2 max|qvel|=   2.75 ncon=  0 com_z=0.937 com_x=-0.145
t= 15.00 max|qacc|=      54.1 max|qvel|=   1.48 ncon=  0 com_z=0.937 com_x=-0.146
t= 15.50 max|qacc|=      55.7 max|qvel|=   0.98 ncon=  0 com_z=0.938 com_x=-0.146
t= 16.00 max|qacc|=     135.7 max|qvel|=   1.84 ncon=  0 com_z=0.938 com_x=-0.148
t= 16.50 max|qacc|=     151.7 max|qvel|=   3.55 ncon=  0 com_z=0.935 com_x=-0.150
t= 17.00 max|qacc|=     175.6 max|qvel|=   0.82 ncon=  0 com_z=0.938 com_x=-0.157
t= 17.50 max|qacc|=      11.1 max|qvel|=   0.12 ncon=  0 com_z=0.939 com_x=-0.159
t= 18.00 max|qacc|=      43.4 max|qvel|=   0.27 ncon=  0 com_z=0.938 com_x=-0.157
t= 18.50 max|qacc|=     146.1 max|qvel|=   0.07 ncon=  0 com_z=0.939 com_x=-0.158
t= 19.00 max|qacc|=      38.3 max|qvel|=   0.75 ncon=  0 com_z=0.938 com_x=-0.157
t= 19.50 max|qacc|=      42.3 max|qvel|=   0.13 ncon=  0 com_z=0.938 com_x=-0.158
t= 20.00 max|qacc|=      27.0 max|qvel|=   0.13 ncon=  0 com_z=0.938 com_x=-0.158
t= 20.50 max|qacc|=     144.1 max|qvel|=   0.50 ncon=  0 com_z=0.938 com_x=-0.158
t= 21.00 max|qacc|=      18.9 max|qvel|=   0.08 ncon=  0 com_z=0.938 com_x=-0.158
t= 21.50 max|qacc|=      38.5 max|qvel|=   0.35 ncon=  0 com_z=0.938 com_x=-0.158
t= 22.00 max|qacc|=      25.4 max|qvel|=   0.11 ncon=  0 com_z=0.938 com_x=-0.157
t= 22.50 max|qacc|=      48.6 max|qvel|=   0.10 ncon=  0 com_z=0.938 com_x=-0.158
t= 23.00 max|qacc|=      51.7 max|qvel|=   0.04 ncon=  0 com_z=0.938 com_x=-0.157
t= 23.50 max|qacc|=      25.9 max|qvel|=   0.13 ncon=  0 com_z=0.938 com_x=-0.158
t= 24.00 max|qacc|=     175.2 max|qvel|=   0.69 ncon=  0 com_z=0.938 com_x=-0.158
t= 24.50 max|qacc|=       9.4 max|qvel|=   0.17 ncon=  0 com_z=0.938 com_x=-0.158
t= 25.00 max|qacc|=      11.5 max|qvel|=   0.13 ncon=  0 com_z=0.938 com_x=-0.158
t= 25.50 max|qacc|=     212.9 max|qvel|=   0.76 ncon=  0 com_z=0.938 com_x=-0.158
t= 26.00 max|qacc|=      87.2 max|qvel|=   0.30 ncon=  0 com_z=0.938 com_x=-0.158
t= 26.50 max|qacc|=      46.6 max|qvel|=   0.12 ncon=  0 com_z=0.938 com_x=-0.158
t= 27.00 max|qacc|=      43.3 max|qvel|=   0.53 ncon=  0 com_z=0.938 com_x=-0.158
t= 27.50 max|qacc|=      89.0 max|qvel|=   0.18 ncon=  0 com_z=0.938 com_x=-0.158
t= 28.00 max|qacc|=     134.8 max|qvel|=   0.13 ncon=  0 com_z=0.938 com_x=-0.158
t= 28.50 max|qacc|=     706.9 max|qvel|=   0.65 ncon=  0 com_z=0.938 com_x=-0.158
t= 29.00 max|qacc|=      11.3 max|qvel|=   0.13 ncon=  0 com_z=0.938 com_x=-0.158
t= 29.50 max|qacc|=      21.7 max|qvel|=   0.22 ncon=  0 com_z=0.938 com_x=-0.158
t= 30.00 max|qacc|=      53.0 max|qvel|=   0.38 ncon=  0 com_z=0.938 com_x=-0.158
t= 30.50 max|qacc|=     188.5 max|qvel|=   0.14 ncon=  0 com_z=0.938 com_x=-0.158

== summary ==
pelvis/COM height: start 0.94 m, min 0.93 m, final 0.94 m  (stayed up)
COM x: min -0.17 max -0.10 final -0.16 m
COM y: min -0.020 max +0.003 m
RG_F_r bursts during walk window: 22
RG_r: cycles in window 21, period 0.46 s (2.17 Hz), E-duty 0.36
RG_l: cycles in window 21, period 0.46 s (2.17 Hz), E-duty 0.36
peak ctrl: [0.89 1.   1.   1.   0.61 1.   0.33 0.36 0.76 0.68 0.89 1.   1.   1.
 0.79 1.   0.39 0.51 0.42 0.2 ] (('vas_lat_r', 'med_gas_r', 'soleus_r', 'tib_ant_r', 'psoas_r', 'semimem_r', 'glut_max2_r', 'rect_fem_r', 'sar_r', 'grac_r', 'vas_lat_l', 'med_gas_l', 'soleus_l', 'tib_ant_l', 'psoas_l', 'semimem_l', 'glut_max2_l', 'rect_fem_l', 'sar_l', 'grac_l'))
  hip_flexion_r          4.3 ..    33.9 deg
  knee_angle_r         -56.0 ..    10.2 deg
  ankle_angle_r        -62.9 ..    -1.7 deg
  hip_adduction_r       -9.9 ..    15.2 deg
  subtalar_angle_r     -13.7 ..    15.0 deg
  hip_flexion_l        -22.1 ..    33.3 deg
  knee_angle_l         -53.3 ..    10.3 deg
  ankle_angle_l        -66.4 ..     9.8 deg
  hip_adduction_l      -12.8 ..    16.0 deg
  subtalar_angle_l      -1.2 ..    12.9 deg
  pelvis_tilt           -1.9 ..     0.6 deg
  pelvis_list           -0.6 ..    -0.2 deg
  pelvis_rotation        2.3 ..     2.6 deg
saved spinal_run.npz
(plot skipped: 'PF_E2_r')
fitted baseline loaded: e2_pf=0.222 f1_df=0.098 f1_kf=0.148 post_kneext=0.011 post_hipext=0.068 desc_f=1.400 e2_adapt=1.700
start pose (normal): applied 20 coordinates as given; pelvis ty 0.920 m (env override unset); IMU-metric torso lean -0.0 deg (+ = back)
standing solve: nnls x in [0.00, 0.70], >0.1: 14 muscles
  top: add_long_l=0.70, tib_ant_r=0.61, tib_ant_l=0.46, ext_dig_r=0.37, glut_min1_l=0.33, pect_l=0.32, glut_min2_l=0.31, ext_dig_l=0.25
Fmax range: 5..3396 N | L range sample: [0.229942 0.326094]
t=  1.00 max|qacc|=      99.1 max|qvel|=   3.27 ncon=  0 com_z=0.941 com_x=-0.160
t=  1.50 max|qacc|=     208.5 max|qvel|=   1.51 ncon=  0 com_z=0.937 com_x=-0.155
t=  2.00 max|qacc|=     154.9 max|qvel|=   0.26 ncon=  0 com_z=0.939 com_x=-0.160
t=  2.50 max|qacc|=      49.0 max|qvel|=   0.16 ncon=  0 com_z=0.938 com_x=-0.156
t=  3.00 max|qacc|=      29.5 max|qvel|=   0.19 ncon=  0 com_z=0.939 com_x=-0.158
t=  3.50 max|qacc|=      32.3 max|qvel|=   0.10 ncon=  0 com_z=0.938 com_x=-0.156
t=  4.00 max|qacc|=      77.1 max|qvel|=   0.45 ncon=  0 com_z=0.938 com_x=-0.156
t=  4.50 max|qacc|=      80.9 max|qvel|=   7.34 ncon=  0 com_z=0.929 com_x=-0.133
t=  5.00 max|qacc|=      98.5 max|qvel|=   3.02 ncon=  0 com_z=0.940 com_x=-0.159
t=  5.50 max|qacc|=      85.3 max|qvel|=   3.64 ncon=  0 com_z=0.933 com_x=-0.131
t=  6.00 max|qacc|=      22.0 max|qvel|=   1.38 ncon=  0 com_z=0.936 com_x=-0.140
t=  6.50 max|qacc|=      16.7 max|qvel|=   0.88 ncon=  0 com_z=0.937 com_x=-0.143
t=  7.00 max|qacc|=      73.8 max|qvel|=   1.57 ncon=  0 com_z=0.937 com_x=-0.144
t=  7.50 max|qacc|=      54.3 max|qvel|=   0.62 ncon=  0 com_z=0.937 com_x=-0.139
t=  8.00 max|qacc|=      12.5 max|qvel|=   1.15 ncon=  0 com_z=0.936 com_x=-0.142
t=  8.50 max|qacc|=      31.6 max|qvel|=   0.91 ncon=  0 com_z=0.937 com_x=-0.145
t=  9.00 max|qacc|=      55.3 max|qvel|=   2.66 ncon=  0 com_z=0.937 com_x=-0.140
t=  9.50 max|qacc|=      13.2 max|qvel|=   1.46 ncon=  0 com_z=0.936 com_x=-0.141
t= 10.00 max|qacc|=      30.7 max|qvel|=   0.95 ncon=  0 com_z=0.937 com_x=-0.144
t= 10.50 max|qacc|=      56.5 max|qvel|=   2.73 ncon=  0 com_z=0.937 com_x=-0.143
t= 11.00 max|qacc|=      34.4 max|qvel|=   1.00 ncon=  0 com_z=0.937 com_x=-0.139
t= 11.50 max|qacc|=      54.2 max|qvel|=   0.95 ncon=  0 com_z=0.936 com_x=-0.142
t= 12.00 max|qacc|=      43.2 max|qvel|=   0.98 ncon=  0 com_z=0.937 com_x=-0.145
t= 12.50 max|qacc|=      68.6 max|qvel|=   1.25 ncon=  0 com_z=0.937 com_x=-0.139
t= 13.00 max|qacc|=      17.9 max|qvel|=   1.34 ncon=  0 com_z=0.936 com_x=-0.141
t= 13.50 max|qacc|=      37.3 max|qvel|=   0.92 ncon=  0 com_z=0.937 com_x=-0.144
t= 14.00 max|qacc|=      39.3 max|qvel|=   3.37 ncon=  0 com_z=0.937 com_x=-0.141
t= 14.50 max|qacc|=      16.9 max|qvel|=   1.44 ncon=  0 com_z=0.936 com_x=-0.140
t= 15.00 max|qacc|=      14.6 max|qvel|=   0.87 ncon=  0 com_z=0.937 com_x=-0.143
t= 15.50 max|qacc|=      84.4 max|qvel|=   3.31 ncon=  0 com_z=0.938 com_x=-0.147
t= 16.00 max|qacc|=      25.5 max|qvel|=   1.38 ncon=  0 com_z=0.938 com_x=-0.135
t= 16.50 max|qacc|=      11.3 max|qvel|=   0.33 ncon=  0 com_z=0.940 com_x=-0.150
t= 17.00 max|qacc|=       0.9 max|qvel|=   0.11 ncon=  0 com_z=0.944 com_x=-0.155
t= 17.50 max|qacc|=       0.2 max|qvel|=   0.03 ncon=  0 com_z=0.943 com_x=-0.155
t= 18.00 max|qacc|=       0.0 max|qvel|=   0.02 ncon=  0 com_z=0.944 com_x=-0.155
t= 18.50 max|qacc|=       0.0 max|qvel|=   0.00 ncon=  0 com_z=0.944 com_x=-0.155
t= 19.00 max|qacc|=       0.0 max|qvel|=   0.00 ncon=  0 com_z=0.944 com_x=-0.155
t= 19.50 max|qacc|=       0.0 max|qvel|=   0.00 ncon=  0 com_z=0.944 com_x=-0.155
t= 20.00 max|qacc|=       0.0 max|qvel|=   0.00 ncon=  0 com_z=0.944 com_x=-0.155
t= 20.50 max|qacc|=       0.0 max|qvel|=   0.00 ncon=  0 com_z=0.944 com_x=-0.155
t= 21.00 max|qacc|=       0.0 max|qvel|=   0.00 ncon=  0 com_z=0.944 com_x=-0.155
t= 21.50 max|qacc|=       0.0 max|qvel|=   0.00 ncon=  0 com_z=0.944 com_x=-0.155
t= 22.00 max|qacc|=       0.0 max|qvel|=   0.00 ncon=  0 com_z=0.944 com_x=-0.155
t= 22.50 max|qacc|=       0.0 max|qvel|=   0.00 ncon=  0 com_z=0.944 com_x=-0.155
t= 23.00 max|qacc|=       0.0 max|qvel|=   0.00 ncon=  0 com_z=0.944 com_x=-0.155
t= 23.50 max|qacc|=       0.0 max|qvel|=   0.00 ncon=  0 com_z=0.944 com_x=-0.155
t= 24.00 max|qacc|=       0.0 max|qvel|=   0.00 ncon=  0 com_z=0.944 com_x=-0.155
t= 24.50 max|qacc|=       0.0 max|qvel|=   0.00 ncon=  0 com_z=0.944 com_x=-0.155
t= 25.00 max|qacc|=       0.0 max|qvel|=   0.00 ncon=  0 com_z=0.944 com_x=-0.155
t= 25.50 max|qacc|=       0.0 max|qvel|=   0.00 ncon=  0 com_z=0.944 com_x=-0.155
t= 26.00 max|qacc|=       0.0 max|qvel|=   0.00 ncon=  0 com_z=0.944 com_x=-0.155
t= 26.50 max|qacc|=       0.0 max|qvel|=   0.00 ncon=  0 com_z=0.944 com_x=-0.155
t= 27.00 max|qacc|=       0.0 max|qvel|=   0.00 ncon=  0 com_z=0.944 com_x=-0.155
t= 27.50 max|qacc|=       0.0 max|qvel|=   0.00 ncon=  0 com_z=0.944 com_x=-0.155
t= 28.00 max|qacc|=       0.0 max|qvel|=   0.00 ncon=  0 com_z=0.944 com_x=-0.155
t= 28.50 max|qacc|=       0.0 max|qvel|=   0.00 ncon=  0 com_z=0.944 com_x=-0.155
t= 29.00 max|qacc|=       0.0 max|qvel|=   0.00 ncon=  0 com_z=0.944 com_x=-0.155
t= 29.50 max|qacc|=       0.0 max|qvel|=   0.00 ncon=  0 com_z=0.944 com_x=-0.155
t= 30.00 max|qacc|=       0.0 max|qvel|=   0.00 ncon=  0 com_z=0.944 com_x=-0.155
t= 30.50 max|qacc|=       0.0 max|qvel|=   0.00 ncon=  0 com_z=0.944 com_x=-0.155

== summary ==
pelvis/COM height: start 0.94 m, min 0.93 m, final 0.94 m  (stayed up)
COM x: min -0.17 max -0.11 final -0.15 m
COM y: min -0.018 max +0.002 m
RG_F_r bursts during walk window: 26
RG_r: cycles in window 26, period 0.39 s (2.58 Hz), E-duty 0.37
RG_l: cycles in window 26, period 0.39 s (2.58 Hz), E-duty 0.37
peak ctrl: [0.87 1.   1.   1.   0.61 1.   0.46 0.38 0.76 0.68 0.88 1.   1.   1.
 0.8  1.   0.47 0.49 0.42 0.17] (('vas_lat_r', 'med_gas_r', 'soleus_r', 'tib_ant_r', 'psoas_r', 'semimem_r', 'glut_max2_r', 'rect_fem_r', 'sar_r', 'grac_r', 'vas_lat_l', 'med_gas_l', 'soleus_l', 'tib_ant_l', 'psoas_l', 'semimem_l', 'glut_max2_l', 'rect_fem_l', 'sar_l', 'grac_l'))
  hip_flexion_r          4.8 ..    34.2 deg
  knee_angle_r         -53.2 ..    10.1 deg
  ankle_angle_r        -62.9 ..    -1.7 deg
  hip_adduction_r      -13.2 ..    10.6 deg
  subtalar_angle_r     -10.7 ..    14.6 deg
  hip_flexion_l        -16.6 ..    32.3 deg
  knee_angle_l         -57.9 ..    10.3 deg
  ankle_angle_l        -66.5 ..     9.8 deg
  hip_adduction_l      -16.8 ..    13.7 deg
  subtalar_angle_l      -1.2 ..    24.2 deg
  pelvis_tilt           -1.9 ..     0.4 deg
  pelvis_list           -0.6 ..    -0.2 deg
  pelvis_rotation        2.3 ..     2.6 deg
saved spinal_run.npz
(plot skipped: 'PF_E2_r')
fitted baseline loaded: e2_pf=0.222 f1_df=0.098 f1_kf=0.148 post_kneext=0.011 post_hipext=0.068 desc_f=1.400 e2_adapt=1.700
start pose (normal): applied 20 coordinates as given; pelvis ty 0.920 m (env override unset); IMU-metric torso lean -0.0 deg (+ = back)
standing solve: nnls x in [0.00, 0.70], >0.1: 14 muscles
  top: add_long_l=0.70, tib_ant_r=0.61, tib_ant_l=0.46, ext_dig_r=0.37, glut_min1_l=0.33, pect_l=0.32, glut_min2_l=0.31, ext_dig_l=0.25
Fmax range: 5..3396 N | L range sample: [0.229942 0.326094]
t=  1.00 max|qacc|=      98.4 max|qvel|=   1.13 ncon=  0 com_z=0.942 com_x=-0.160
t=  1.50 max|qacc|=     169.2 max|qvel|=   0.27 ncon=  0 com_z=0.936 com_x=-0.155
t=  2.00 max|qacc|=      83.4 max|qvel|=   1.00 ncon=  0 com_z=0.939 com_x=-0.160
t=  2.50 max|qacc|=      46.4 max|qvel|=   0.17 ncon=  0 com_z=0.938 com_x=-0.156
t=  3.00 max|qacc|=     119.8 max|qvel|=   0.58 ncon=  0 com_z=0.939 com_x=-0.158
t=  3.50 max|qacc|=      50.9 max|qvel|=   0.21 ncon=  0 com_z=0.938 com_x=-0.156
t=  4.00 max|qacc|=      22.6 max|qvel|=   0.10 ncon=  0 com_z=0.938 com_x=-0.156
t=  4.50 max|qacc|=     106.5 max|qvel|=   4.40 ncon=  0 com_z=0.934 com_x=-0.147
t=  5.00 max|qacc|=      18.3 max|qvel|=   0.89 ncon=  0 com_z=0.945 com_x=-0.154
t=  5.50 max|qacc|=      38.0 max|qvel|=   1.82 ncon=  0 com_z=0.931 com_x=-0.122
t=  6.00 max|qacc|=      42.3 max|qvel|=   1.31 ncon=  0 com_z=0.930 com_x=-0.129
t=  6.50 max|qacc|=      31.5 max|qvel|=   2.40 ncon=  0 com_z=0.931 com_x=-0.126
t=  7.00 max|qacc|=     106.0 max|qvel|=   0.40 ncon=  0 com_z=0.934 com_x=-0.127
t=  7.50 max|qacc|=     114.9 max|qvel|=   5.87 ncon=  0 com_z=0.933 com_x=-0.134
t=  8.00 max|qacc|=      93.1 max|qvel|=   5.38 ncon=  0 com_z=0.933 com_x=-0.144
t=  8.50 max|qacc|=     112.7 max|qvel|=   2.46 ncon=  0 com_z=0.935 com_x=-0.148
t=  9.00 max|qacc|=     211.6 max|qvel|=   4.47 ncon=  0 com_z=0.936 com_x=-0.148
t=  9.50 max|qacc|=      86.1 max|qvel|=   4.09 ncon=  0 com_z=0.938 com_x=-0.143
t= 10.00 max|qacc|=      51.0 max|qvel|=   2.15 ncon=  0 com_z=0.937 com_x=-0.137
t= 10.50 max|qacc|=      51.7 max|qvel|=   1.15 ncon=  0 com_z=0.934 com_x=-0.132
t= 11.00 max|qacc|=      27.6 max|qvel|=   1.47 ncon=  0 com_z=0.931 com_x=-0.129
t= 11.50 max|qacc|=      42.3 max|qvel|=   1.29 ncon=  0 com_z=0.930 com_x=-0.127
t= 12.00 max|qacc|=      31.6 max|qvel|=   2.43 ncon=  0 com_z=0.931 com_x=-0.126
t= 12.50 max|qacc|=     101.1 max|qvel|=   0.51 ncon=  0 com_z=0.933 com_x=-0.127
t= 13.00 max|qacc|=     124.1 max|qvel|=   5.53 ncon=  0 com_z=0.933 com_x=-0.133
t= 13.50 max|qacc|=      91.8 max|qvel|=   5.67 ncon=  0 com_z=0.932 com_x=-0.143
t= 14.00 max|qacc|=     113.7 max|qvel|=   2.49 ncon=  0 com_z=0.935 com_x=-0.148
t= 14.50 max|qacc|=     209.6 max|qvel|=   4.33 ncon=  0 com_z=0.936 com_x=-0.148
t= 15.00 max|qacc|=      85.1 max|qvel|=   4.12 ncon=  0 com_z=0.938 com_x=-0.144
t= 15.50 max|qacc|=      15.3 max|qvel|=   1.28 ncon=  0 com_z=0.938 com_x=-0.137
t= 16.00 max|qacc|=      16.0 max|qvel|=   1.52 ncon=  0 com_z=0.935 com_x=-0.142
t= 16.50 max|qacc|=     117.8 max|qvel|=   0.72 ncon=  0 com_z=0.940 com_x=-0.160
t= 17.00 max|qacc|=     182.1 max|qvel|=   0.24 ncon=  0 com_z=0.936 com_x=-0.152
t= 17.50 max|qacc|=     102.4 max|qvel|=   0.22 ncon=  0 com_z=0.939 com_x=-0.159
t= 18.00 max|qacc|=      35.3 max|qvel|=   0.17 ncon=  0 com_z=0.938 com_x=-0.156
t= 18.50 max|qacc|=      35.9 max|qvel|=   0.16 ncon=  0 com_z=0.938 com_x=-0.157
t= 19.00 max|qacc|=      82.6 max|qvel|=   0.60 ncon=  0 com_z=0.938 com_x=-0.157
t= 19.50 max|qacc|=     182.3 max|qvel|=   0.17 ncon=  0 com_z=0.938 com_x=-0.157
t= 20.00 max|qacc|=      72.8 max|qvel|=   0.14 ncon=  0 com_z=0.938 com_x=-0.157
t= 20.50 max|qacc|=      73.6 max|qvel|=   0.15 ncon=  0 com_z=0.938 com_x=-0.157
t= 21.00 max|qacc|=      45.7 max|qvel|=   0.21 ncon=  0 com_z=0.938 com_x=-0.157
t= 21.50 max|qacc|=      54.6 max|qvel|=   0.12 ncon=  0 com_z=0.938 com_x=-0.157
t= 22.00 max|qacc|=      20.3 max|qvel|=   0.11 ncon=  0 com_z=0.938 com_x=-0.157
t= 22.50 max|qacc|=      19.9 max|qvel|=   0.16 ncon=  0 com_z=0.938 com_x=-0.157
t= 23.00 max|qacc|=      44.7 max|qvel|=   0.23 ncon=  0 com_z=0.938 com_x=-0.157
t= 23.50 max|qacc|=     122.1 max|qvel|=   0.13 ncon=  0 com_z=0.938 com_x=-0.157
t= 24.00 max|qacc|=     483.1 max|qvel|=   0.43 ncon=  0 com_z=0.938 com_x=-0.157
t= 24.50 max|qacc|=      46.4 max|qvel|=   0.10 ncon=  0 com_z=0.938 com_x=-0.157
t= 25.00 max|qacc|=      67.7 max|qvel|=   0.52 ncon=  0 com_z=0.938 com_x=-0.157
t= 25.50 max|qacc|=      54.7 max|qvel|=   0.26 ncon=  0 com_z=0.938 com_x=-0.157
t= 26.00 max|qacc|=      41.0 max|qvel|=   0.05 ncon=  0 com_z=0.938 com_x=-0.157
t= 26.50 max|qacc|=      61.3 max|qvel|=   0.33 ncon=  0 com_z=0.938 com_x=-0.157
t= 27.00 max|qacc|=      42.9 max|qvel|=   0.52 ncon=  0 com_z=0.938 com_x=-0.157
t= 27.50 max|qacc|=      29.2 max|qvel|=   0.14 ncon=  0 com_z=0.938 com_x=-0.157
t= 28.00 max|qacc|=      24.1 max|qvel|=   0.79 ncon=  0 com_z=0.938 com_x=-0.157
t= 28.50 max|qacc|=      10.8 max|qvel|=   0.09 ncon=  0 com_z=0.938 com_x=-0.157
t= 29.00 max|qacc|=      44.5 max|qvel|=   0.19 ncon=  0 com_z=0.938 com_x=-0.157
t= 29.50 max|qacc|=      87.8 max|qvel|=   0.07 ncon=  0 com_z=0.938 com_x=-0.157
t= 30.00 max|qacc|=      28.4 max|qvel|=   0.21 ncon=  0 com_z=0.938 com_x=-0.157
t= 30.50 max|qacc|=      58.9 max|qvel|=   0.10 ncon=  0 com_z=0.938 com_x=-0.157

== summary ==
pelvis/COM height: start 0.94 m, min 0.93 m, final 0.94 m  (stayed up)
COM x: min -0.17 max -0.11 final -0.16 m
COM y: min -0.017 max +0.002 m
RG_F_r bursts during walk window: 19
RG_r: cycles in window 18, period 0.55 s (1.82 Hz), E-duty 0.34
RG_l: cycles in window 18, period 0.55 s (1.82 Hz), E-duty 0.34
peak ctrl: [0.87 1.   1.   1.   0.61 1.   0.28 0.35 0.76 0.68 0.89 1.   1.   1.
 0.81 1.   0.42 0.52 0.45 0.25] (('vas_lat_r', 'med_gas_r', 'soleus_r', 'tib_ant_r', 'psoas_r', 'semimem_r', 'glut_max2_r', 'rect_fem_r', 'sar_r', 'grac_r', 'vas_lat_l', 'med_gas_l', 'soleus_l', 'tib_ant_l', 'psoas_l', 'semimem_l', 'glut_max2_l', 'rect_fem_l', 'sar_l', 'grac_l'))
  hip_flexion_r          3.7 ..    33.7 deg
  knee_angle_r         -47.1 ..    10.0 deg
  ankle_angle_r        -62.9 ..    -1.7 deg
  hip_adduction_r      -11.7 ..    14.2 deg
  subtalar_angle_r     -10.3 ..    14.6 deg
  hip_flexion_l        -17.5 ..    32.6 deg
  knee_angle_l         -59.3 ..    10.3 deg
  ankle_angle_l        -66.6 ..     9.8 deg
  hip_adduction_l      -16.0 ..    18.2 deg
  subtalar_angle_l      -1.3 ..    11.7 deg
  pelvis_tilt           -1.9 ..     0.6 deg
  pelvis_list           -0.6 ..    -0.2 deg
  pelvis_rotation        2.3 ..     2.6 deg
saved spinal_run.npz
(plot skipped: 'PF_E2_r')
fitted baseline loaded: e2_pf=0.222 f1_df=0.098 f1_kf=0.148 post_kneext=0.011 post_hipext=0.068 desc_f=1.400 e2_adapt=1.700
start pose (normal): applied 20 coordinates as given; pelvis ty 0.920 m (env override unset); IMU-metric torso lean -0.0 deg (+ = back)
standing solve: nnls x in [0.00, 0.70], >0.1: 14 muscles
  top: add_long_l=0.70, tib_ant_r=0.61, tib_ant_l=0.46, ext_dig_r=0.37, glut_min1_l=0.33, pect_l=0.32, glut_min2_l=0.31, ext_dig_l=0.25
Fmax range: 5..3396 N | L range sample: [0.229942 0.326094]
t=  1.00 max|qacc|=      70.0 max|qvel|=   1.17 ncon=  0 com_z=0.942 com_x=-0.160
t=  1.50 max|qacc|=      32.6 max|qvel|=   0.30 ncon=  0 com_z=0.936 com_x=-0.155
t=  2.00 max|qacc|=      14.7 max|qvel|=   0.19 ncon=  0 com_z=0.939 com_x=-0.160
t=  2.50 max|qacc|=     244.8 max|qvel|=   0.20 ncon=  0 com_z=0.937 com_x=-0.156
t=  3.00 max|qacc|=      52.2 max|qvel|=   0.20 ncon=  0 com_z=0.939 com_x=-0.158
t=  3.50 max|qacc|=      62.4 max|qvel|=   0.14 ncon=  0 com_z=0.938 com_x=-0.156
t=  4.00 max|qacc|=      85.3 max|qvel|=   0.11 ncon=  0 com_z=0.938 com_x=-0.155
t=  4.50 max|qacc|=     106.6 max|qvel|=   3.61 ncon=  0 com_z=0.934 com_x=-0.147
t=  5.00 max|qacc|=      24.3 max|qvel|=   0.96 ncon=  0 com_z=0.945 com_x=-0.154
t=  5.50 max|qacc|=      43.4 max|qvel|=   1.25 ncon=  0 com_z=0.933 com_x=-0.126
t=  6.00 max|qacc|=      15.9 max|qvel|=   1.39 ncon=  0 com_z=0.932 com_x=-0.131
t=  6.50 max|qacc|=      34.4 max|qvel|=   1.20 ncon=  0 com_z=0.932 com_x=-0.130
t=  7.00 max|qacc|=      33.7 max|qvel|=   1.25 ncon=  0 com_z=0.931 com_x=-0.129
t=  7.50 max|qacc|=      40.2 max|qvel|=   1.27 ncon=  0 com_z=0.930 com_x=-0.129
t=  8.00 max|qacc|=      48.3 max|qvel|=   1.22 ncon=  0 com_z=0.930 com_x=-0.128
t=  8.50 max|qacc|=      52.4 max|qvel|=   1.33 ncon=  0 com_z=0.930 com_x=-0.128
t=  9.00 max|qacc|=      50.4 max|qvel|=   1.88 ncon=  0 com_z=0.930 com_x=-0.128
t=  9.50 max|qacc|=      42.3 max|qvel|=   2.35 ncon=  0 com_z=0.930 com_x=-0.127
t= 10.00 max|qacc|=      34.6 max|qvel|=   2.65 ncon=  0 com_z=0.930 com_x=-0.126
t= 10.50 max|qacc|=      27.3 max|qvel|=   2.68 ncon=  0 com_z=0.931 com_x=-0.126
t= 11.00 max|qacc|=      53.5 max|qvel|=   2.33 ncon=  0 com_z=0.932 com_x=-0.126
t= 11.50 max|qacc|=      84.4 max|qvel|=   1.59 ncon=  0 com_z=0.933 com_x=-0.126
t= 12.00 max|qacc|=     109.5 max|qvel|=   0.52 ncon=  0 com_z=0.933 com_x=-0.126
t= 12.50 max|qacc|=     132.6 max|qvel|=   1.37 ncon=  0 com_z=0.934 com_x=-0.127
t= 13.00 max|qacc|=     148.5 max|qvel|=   3.05 ncon=  0 com_z=0.933 com_x=-0.128
t= 13.50 max|qacc|=     146.3 max|qvel|=   4.85 ncon=  0 com_z=0.933 com_x=-0.130
t= 14.00 max|qacc|=     107.6 max|qvel|=   6.40 ncon=  0 com_z=0.932 com_x=-0.133
t= 14.50 max|qacc|=      68.1 max|qvel|=   7.34 ncon=  0 com_z=0.932 com_x=-0.135
t= 15.00 max|qacc|=      88.7 max|qvel|=   7.04 ncon=  0 com_z=0.931 com_x=-0.138
t= 15.50 max|qacc|=      84.9 max|qvel|=   3.15 ncon=  0 com_z=0.934 com_x=-0.148
t= 16.00 max|qacc|=      13.0 max|qvel|=   0.89 ncon=  0 com_z=0.944 com_x=-0.147
t= 16.50 max|qacc|=       2.5 max|qvel|=   0.29 ncon=  0 com_z=0.939 com_x=-0.148
t= 17.00 max|qacc|=       0.6 max|qvel|=   0.11 ncon=  0 com_z=0.944 com_x=-0.155
t= 17.50 max|qacc|=       0.2 max|qvel|=   0.03 ncon=  0 com_z=0.944 com_x=-0.155
t= 18.00 max|qacc|=       0.1 max|qvel|=   0.00 ncon=  0 com_z=0.944 com_x=-0.155
t= 18.50 max|qacc|=       0.0 max|qvel|=   0.00 ncon=  0 com_z=0.944 com_x=-0.155
t= 19.00 max|qacc|=       0.0 max|qvel|=   0.00 ncon=  0 com_z=0.944 com_x=-0.155
t= 19.50 max|qacc|=       0.0 max|qvel|=   0.00 ncon=  0 com_z=0.944 com_x=-0.155
t= 20.00 max|qacc|=       0.0 max|qvel|=   0.00 ncon=  0 com_z=0.944 com_x=-0.155
t= 20.50 max|qacc|=       0.0 max|qvel|=   0.00 ncon=  0 com_z=0.944 com_x=-0.155
t= 21.00 max|qacc|=       0.0 max|qvel|=   0.00 ncon=  0 com_z=0.944 com_x=-0.155
t= 21.50 max|qacc|=       0.0 max|qvel|=   0.00 ncon=  0 com_z=0.944 com_x=-0.155
t= 22.00 max|qacc|=       0.0 max|qvel|=   0.00 ncon=  0 com_z=0.944 com_x=-0.155
t= 22.50 max|qacc|=       0.0 max|qvel|=   0.00 ncon=  0 com_z=0.944 com_x=-0.155
t= 23.00 max|qacc|=       0.0 max|qvel|=   0.00 ncon=  0 com_z=0.944 com_x=-0.155
t= 23.50 max|qacc|=       0.0 max|qvel|=   0.00 ncon=  0 com_z=0.944 com_x=-0.155
t= 24.00 max|qacc|=       0.0 max|qvel|=   0.00 ncon=  0 com_z=0.944 com_x=-0.155
t= 24.50 max|qacc|=       0.0 max|qvel|=   0.00 ncon=  0 com_z=0.944 com_x=-0.155
t= 25.00 max|qacc|=       0.0 max|qvel|=   0.00 ncon=  0 com_z=0.944 com_x=-0.155
t= 25.50 max|qacc|=       0.0 max|qvel|=   0.00 ncon=  0 com_z=0.944 com_x=-0.155
t= 26.00 max|qacc|=       0.0 max|qvel|=   0.00 ncon=  0 com_z=0.944 com_x=-0.155
t= 26.50 max|qacc|=       0.0 max|qvel|=   0.00 ncon=  0 com_z=0.944 com_x=-0.155
t= 27.00 max|qacc|=       0.0 max|qvel|=   0.00 ncon=  0 com_z=0.944 com_x=-0.155
t= 27.50 max|qacc|=       0.0 max|qvel|=   0.00 ncon=  0 com_z=0.944 com_x=-0.155
t= 28.00 max|qacc|=       0.0 max|qvel|=   0.00 ncon=  0 com_z=0.944 com_x=-0.155
t= 28.50 max|qacc|=       0.0 max|qvel|=   0.00 ncon=  0 com_z=0.944 com_x=-0.155
t= 29.00 max|qacc|=       0.0 max|qvel|=   0.00 ncon=  0 com_z=0.944 com_x=-0.155
t= 29.50 max|qacc|=       0.0 max|qvel|=   0.00 ncon=  0 com_z=0.944 com_x=-0.155
t= 30.00 max|qacc|=       0.0 max|qvel|=   0.00 ncon=  0 com_z=0.944 com_x=-0.155
t= 30.50 max|qacc|=       0.0 max|qvel|=   0.00 ncon=  0 com_z=0.944 com_x=-0.155

== summary ==
pelvis/COM height: start 0.94 m, min 0.93 m, final 0.94 m  (stayed up)
COM x: min -0.17 max -0.11 final -0.15 m
COM y: min -0.017 max +0.002 m
RG_F_r bursts during walk window: 20
RG_r: cycles in window 19, period 0.51 s (1.95 Hz), E-duty 0.34
RG_l: cycles in window 19, period 0.51 s (1.95 Hz), E-duty 0.34
peak ctrl: [0.87 1.   1.   1.   0.61 1.   0.46 0.36 0.76 0.68 0.86 1.   1.   1.
 0.81 1.   0.47 0.49 0.44 0.17] (('vas_lat_r', 'med_gas_r', 'soleus_r', 'tib_ant_r', 'psoas_r', 'semimem_r', 'glut_max2_r', 'rect_fem_r', 'sar_r', 'grac_r', 'vas_lat_l', 'med_gas_l', 'soleus_l', 'tib_ant_l', 'psoas_l', 'semimem_l', 'glut_max2_l', 'rect_fem_l', 'sar_l', 'grac_l'))
  hip_flexion_r          4.9 ..    33.9 deg
  knee_angle_r         -47.5 ..    10.1 deg
  ankle_angle_r        -62.8 ..    -1.7 deg
  hip_adduction_r      -13.0 ..    11.3 deg
  subtalar_angle_r     -10.4 ..    14.7 deg
  hip_flexion_l        -16.6 ..    32.4 deg
  knee_angle_l         -58.7 ..    10.3 deg
  ankle_angle_l        -66.4 ..     9.8 deg
  hip_adduction_l      -17.6 ..    13.6 deg
  subtalar_angle_l      -1.2 ..    24.2 deg
  pelvis_tilt           -1.9 ..     0.6 deg
  pelvis_list           -0.6 ..    -0.1 deg
  pelvis_rotation        2.3 ..     2.6 deg
saved spinal_run.npz
(plot skipped: 'PF_E2_r')
fitted baseline loaded: e2_pf=0.222 f1_df=0.098 f1_kf=0.148 post_kneext=0.011 post_hipext=0.068 desc_f=1.400 e2_adapt=1.700
start pose (normal): applied 20 coordinates as given; pelvis ty 0.920 m (env override unset); IMU-metric torso lean -0.0 deg (+ = back)
standing solve: nnls x in [0.00, 0.70], >0.1: 14 muscles
  top: add_long_l=0.70, tib_ant_r=0.61, tib_ant_l=0.46, ext_dig_r=0.37, glut_min1_l=0.33, pect_l=0.32, glut_min2_l=0.31, ext_dig_l=0.25
Fmax range: 5..3396 N | L range sample: [0.229942 0.326094]
t=  1.00 max|qacc|=      71.7 max|qvel|=   1.42 ncon=  0 com_z=0.942 com_x=-0.161
t=  1.50 max|qacc|=      30.3 max|qvel|=   0.20 ncon=  0 com_z=0.936 com_x=-0.155
t=  2.00 max|qacc|=      94.1 max|qvel|=   0.16 ncon=  0 com_z=0.939 com_x=-0.160
t=  2.50 max|qacc|=     236.1 max|qvel|=   0.35 ncon=  0 com_z=0.938 com_x=-0.156
t=  3.00 max|qacc|=      31.4 max|qvel|=   0.10 ncon=  0 com_z=0.939 com_x=-0.158
t=  3.50 max|qacc|=      68.6 max|qvel|=   0.22 ncon=  0 com_z=0.938 com_x=-0.157
t=  4.00 max|qacc|=     198.0 max|qvel|=   0.75 ncon=  0 com_z=0.938 com_x=-0.156
t=  4.50 max|qacc|=      26.0 max|qvel|=   2.15 ncon=  0 com_z=0.934 com_x=-0.146
t=  5.00 max|qacc|=     227.1 max|qvel|=   4.10 ncon=  0 com_z=0.939 com_x=-0.143
t=  5.50 max|qacc|=      39.0 max|qvel|=   1.08 ncon=  0 com_z=0.935 com_x=-0.134
t=  6.00 max|qacc|=      58.4 max|qvel|=   0.48 ncon=  0 com_z=0.939 com_x=-0.144
t=  6.50 max|qacc|=      13.5 max|qvel|=   1.70 ncon=  0 com_z=0.937 com_x=-0.142
t=  7.00 max|qacc|=      16.1 max|qvel|=   0.60 ncon=  0 com_z=0.938 com_x=-0.144
t=  7.50 max|qacc|=      24.2 max|qvel|=   0.73 ncon=  0 com_z=0.938 com_x=-0.146
t=  8.00 max|qacc|=      47.6 max|qvel|=   2.05 ncon=  0 com_z=0.938 com_x=-0.145
t=  8.50 max|qacc|=      55.7 max|qvel|=   0.47 ncon=  0 com_z=0.938 com_x=-0.142
t=  9.00 max|qacc|=      12.9 max|qvel|=   1.32 ncon=  0 com_z=0.937 com_x=-0.143
t=  9.50 max|qacc|=      18.6 max|qvel|=   0.68 ncon=  0 com_z=0.938 com_x=-0.144
t= 10.00 max|qacc|=      24.5 max|qvel|=   0.76 ncon=  0 com_z=0.938 com_x=-0.146
t= 10.50 max|qacc|=      33.3 max|qvel|=   2.49 ncon=  0 com_z=0.938 com_x=-0.145
t= 11.00 max|qacc|=      49.8 max|qvel|=   0.56 ncon=  0 com_z=0.938 com_x=-0.142
t= 11.50 max|qacc|=      12.7 max|qvel|=   1.22 ncon=  0 com_z=0.937 com_x=-0.143
t= 12.00 max|qacc|=      16.8 max|qvel|=   0.76 ncon=  0 com_z=0.938 com_x=-0.145
t= 12.50 max|qacc|=      25.9 max|qvel|=   0.73 ncon=  0 com_z=0.938 com_x=-0.147
t= 13.00 max|qacc|=      35.5 max|qvel|=   2.73 ncon=  0 com_z=0.938 com_x=-0.144
t= 13.50 max|qacc|=      42.6 max|qvel|=   0.61 ncon=  0 com_z=0.938 com_x=-0.142
t= 14.00 max|qacc|=      14.9 max|qvel|=   1.10 ncon=  0 com_z=0.937 com_x=-0.143
t= 14.50 max|qacc|=      11.8 max|qvel|=   0.76 ncon=  0 com_z=0.938 com_x=-0.145
t= 15.00 max|qacc|=      28.9 max|qvel|=   0.75 ncon=  0 com_z=0.938 com_x=-0.147
t= 15.50 max|qacc|=     221.9 max|qvel|=   3.64 ncon=  0 com_z=0.936 com_x=-0.148
t= 16.00 max|qacc|=      11.1 max|qvel|=   1.12 ncon=  0 com_z=0.943 com_x=-0.145
t= 16.50 max|qacc|=       6.3 max|qvel|=   0.29 ncon=  0 com_z=0.940 com_x=-0.149
t= 17.00 max|qacc|=       0.7 max|qvel|=   0.11 ncon=  0 com_z=0.944 com_x=-0.155
t= 17.50 max|qacc|=       0.1 max|qvel|=   0.03 ncon=  0 com_z=0.944 com_x=-0.155
t= 18.00 max|qacc|=       0.1 max|qvel|=   0.01 ncon=  0 com_z=0.944 com_x=-0.155
t= 18.50 max|qacc|=       0.0 max|qvel|=   0.00 ncon=  0 com_z=0.944 com_x=-0.155
t= 19.00 max|qacc|=       0.0 max|qvel|=   0.00 ncon=  0 com_z=0.944 com_x=-0.155
t= 19.50 max|qacc|=       0.0 max|qvel|=   0.00 ncon=  0 com_z=0.944 com_x=-0.155
t= 20.00 max|qacc|=       0.0 max|qvel|=   0.00 ncon=  0 com_z=0.944 com_x=-0.155
t= 20.50 max|qacc|=       0.0 max|qvel|=   0.00 ncon=  0 com_z=0.944 com_x=-0.155
t= 21.00 max|qacc|=       0.0 max|qvel|=   0.00 ncon=  0 com_z=0.944 com_x=-0.155
t= 21.50 max|qacc|=       0.0 max|qvel|=   0.00 ncon=  0 com_z=0.944 com_x=-0.155
t= 22.00 max|qacc|=       0.0 max|qvel|=   0.00 ncon=  0 com_z=0.944 com_x=-0.155
t= 22.50 max|qacc|=       0.0 max|qvel|=   0.00 ncon=  0 com_z=0.944 com_x=-0.155
t= 23.00 max|qacc|=       0.0 max|qvel|=   0.00 ncon=  0 com_z=0.944 com_x=-0.155
t= 23.50 max|qacc|=       0.0 max|qvel|=   0.00 ncon=  0 com_z=0.944 com_x=-0.155
t= 24.00 max|qacc|=       0.0 max|qvel|=   0.00 ncon=  0 com_z=0.944 com_x=-0.155
t= 24.50 max|qacc|=       0.0 max|qvel|=   0.00 ncon=  0 com_z=0.944 com_x=-0.155
t= 25.00 max|qacc|=       0.0 max|qvel|=   0.00 ncon=  0 com_z=0.944 com_x=-0.155
t= 25.50 max|qacc|=       0.0 max|qvel|=   0.00 ncon=  0 com_z=0.944 com_x=-0.155
t= 26.00 max|qacc|=       0.0 max|qvel|=   0.00 ncon=  0 com_z=0.944 com_x=-0.155
t= 26.50 max|qacc|=       0.0 max|qvel|=   0.00 ncon=  0 com_z=0.944 com_x=-0.155
t= 27.00 max|qacc|=       0.0 max|qvel|=   0.00 ncon=  0 com_z=0.944 com_x=-0.155
t= 27.50 max|qacc|=       0.0 max|qvel|=   0.00 ncon=  0 com_z=0.944 com_x=-0.155
t= 28.00 max|qacc|=       0.0 max|qvel|=   0.00 ncon=  0 com_z=0.944 com_x=-0.155
t= 28.50 max|qacc|=       0.0 max|qvel|=   0.00 ncon=  0 com_z=0.944 com_x=-0.155
t= 29.00 max|qacc|=       0.0 max|qvel|=   0.00 ncon=  0 com_z=0.944 com_x=-0.155
t= 29.50 max|qacc|=       0.0 max|qvel|=   0.00 ncon=  0 com_z=0.944 com_x=-0.155
t= 30.00 max|qacc|=       0.0 max|qvel|=   0.00 ncon=  0 com_z=0.944 com_x=-0.155
t= 30.50 max|qacc|=       0.0 max|qvel|=   0.00 ncon=  0 com_z=0.944 com_x=-0.155

== summary ==
pelvis/COM height: start 0.94 m, min 0.93 m, final 0.94 m  (stayed up)
COM x: min -0.17 max -0.10 final -0.16 m
COM y: min -0.020 max +0.002 m
RG_F_r bursts during walk window: 24
RG_r: cycles in window 24, period 0.42 s (2.41 Hz), E-duty 0.37
RG_l: cycles in window 24, period 0.42 s (2.41 Hz), E-duty 0.37
peak ctrl: [0.87 1.   1.   1.   0.61 1.   0.46 0.34 0.76 0.68 0.88 1.   1.   1.
 0.8  1.   0.47 0.5  0.42 0.17] (('vas_lat_r', 'med_gas_r', 'soleus_r', 'tib_ant_r', 'psoas_r', 'semimem_r', 'glut_max2_r', 'rect_fem_r', 'sar_r', 'grac_r', 'vas_lat_l', 'med_gas_l', 'soleus_l', 'tib_ant_l', 'psoas_l', 'semimem_l', 'glut_max2_l', 'rect_fem_l', 'sar_l', 'grac_l'))
  hip_flexion_r          4.9 ..    33.9 deg
  knee_angle_r         -53.9 ..    10.1 deg
  ankle_angle_r        -62.8 ..    -1.7 deg
  hip_adduction_r      -13.2 ..    12.5 deg
  subtalar_angle_r     -11.3 ..    14.8 deg
  hip_flexion_l        -21.1 ..    32.7 deg
  knee_angle_l         -62.4 ..    10.3 deg
  ankle_angle_l        -66.6 ..     9.8 deg
  hip_adduction_l      -15.8 ..    13.7 deg
  subtalar_angle_l      -1.2 ..    24.2 deg
  pelvis_tilt           -2.0 ..     0.6 deg
  pelvis_list           -0.6 ..    -0.2 deg
  pelvis_rotation        2.3 ..     2.6 deg
saved spinal_run.npz
(plot skipped: 'PF_E2_r')
== stage 2 best 107.624 (trial 44)
{
 "drive": 3.2646692889302495,
 "rg_nap_h": 0.19051977849707458,
 "desc_e": 1.3627072216123068,
 "desc_f": 2.110893085910692,
 "rg_to_pf": 2.7137899211471677,
 "heel_rge": 0.11028988994065977,
 "toe_rge": 0.049381582601057086
}
saved curriculum_syn6_stage2.json
=== syn6 stage 3 +30 Sat Sep 26 05:32:40 PDT 2026 ===
[syn6] pinned AARL_NET=syn6 AARL_NPZ=spinal_run_syn6.npz DB=sqlite:///optuna_syn6.db
fitted baseline loaded: e2_pf=0.222 f1_df=0.098 f1_kf=0.148 post_kneext=0.011 post_hipext=0.068 desc_f=1.400 e2_adapt=1.700
start pose (normal): applied 20 coordinates as given; pelvis ty 0.920 m (env override unset); IMU-metric torso lean -0.0 deg (+ = back)
standing solve: nnls x in [0.00, 0.70], >0.1: 14 muscles
  top: add_long_l=0.70, tib_ant_r=0.61, tib_ant_l=0.46, ext_dig_r=0.37, glut_min1_l=0.33, pect_l=0.32, glut_min2_l=0.31, ext_dig_l=0.25
Fmax range: 5..3396 N | L range sample: [0.229942 0.326094]
fitted baseline loaded: e2_pf=0.222 f1_df=0.098 f1_kf=0.148 post_kneext=0.011 post_hipext=0.068 desc_f=1.400 e2_adapt=1.700
start pose (normal): applied 20 coordinates as given; pelvis ty 0.920 m (env override unset); IMU-metric torso lean -0.0 deg (+ = back)
standing solve: nnls x in [0.00, 0.70], >0.1: 14 muscles
  top: add_long_l=0.70, tib_ant_r=0.61, tib_ant_l=0.46, ext_dig_r=0.37, glut_min1_l=0.33, pect_l=0.32, glut_min2_l=0.31, ext_dig_l=0.25
Fmax range: 5..3396 N | L range sample: [0.229942 0.326094]
fitted baseline loaded: e2_pf=0.222 f1_df=0.098 f1_kf=0.148 post_kneext=0.011 post_hipext=0.068 desc_f=1.400 e2_adapt=1.700
start pose (normal): applied 20 coordinates as given; pelvis ty 0.920 m (env override unset); IMU-metric torso lean -0.0 deg (+ = back)
standing solve: nnls x in [0.00, 0.70], >0.1: 14 muscles
  top: add_long_l=0.70, tib_ant_r=0.61, tib_ant_l=0.46, ext_dig_r=0.37, glut_min1_l=0.33, pect_l=0.32, glut_min2_l=0.31, ext_dig_l=0.25
Fmax range: 5..3396 N | L range sample: [0.229942 0.326094]
fitted baseline loaded: e2_pf=0.222 f1_df=0.098 f1_kf=0.148 post_kneext=0.011 post_hipext=0.068 desc_f=1.400 e2_adapt=1.700
start pose (normal): applied 20 coordinates as given; pelvis ty 0.920 m (env override unset); IMU-metric torso lean -0.0 deg (+ = back)
standing solve: nnls x in [0.00, 0.70], >0.1: 14 muscles
  top: add_long_l=0.70, tib_ant_r=0.61, tib_ant_l=0.46, ext_dig_r=0.37, glut_min1_l=0.33, pect_l=0.32, glut_min2_l=0.31, ext_dig_l=0.25
Fmax range: 5..3396 N | L range sample: [0.229942 0.326094]
fitted baseline loaded: e2_pf=0.222 f1_df=0.098 f1_kf=0.148 post_kneext=0.011 post_hipext=0.068 desc_f=1.400 e2_adapt=1.700
start pose (normal): applied 20 coordinates as given; pelvis ty 0.920 m (env override unset); IMU-metric torso lean -0.0 deg (+ = back)
standing solve: nnls x in [0.00, 0.70], >0.1: 14 muscles
  top: add_long_l=0.70, tib_ant_r=0.61, tib_ant_l=0.46, ext_dig_r=0.37, glut_min1_l=0.33, pect_l=0.32, glut_min2_l=0.31, ext_dig_l=0.25
Fmax range: 5..3396 N | L range sample: [0.229942 0.326094]
fitted baseline loaded: e2_pf=0.222 f1_df=0.098 f1_kf=0.148 post_kneext=0.011 post_hipext=0.068 desc_f=1.400 e2_adapt=1.700
start pose (normal): applied 20 coordinates as given; pelvis ty 0.920 m (env override unset); IMU-metric torso lean -0.0 deg (+ = back)
standing solve: nnls x in [0.00, 0.70], >0.1: 14 muscles
  top: add_long_l=0.70, tib_ant_r=0.61, tib_ant_l=0.46, ext_dig_r=0.37, glut_min1_l=0.33, pect_l=0.32, glut_min2_l=0.31, ext_dig_l=0.25
Fmax range: 5..3396 N | L range sample: [0.229942 0.326094]
fitted baseline loaded: e2_pf=0.222 f1_df=0.098 f1_kf=0.148 post_kneext=0.011 post_hipext=0.068 desc_f=1.400 e2_adapt=1.700
start pose (normal): applied 20 coordinates as given; pelvis ty 0.920 m (env override unset); IMU-metric torso lean -0.0 deg (+ = back)
standing solve: nnls x in [0.00, 0.70], >0.1: 14 muscles
  top: add_long_l=0.70, tib_ant_r=0.61, tib_ant_l=0.46, ext_dig_r=0.37, glut_min1_l=0.33, pect_l=0.32, glut_min2_l=0.31, ext_dig_l=0.25
Fmax range: 5..3396 N | L range sample: [0.229942 0.326094]
fitted baseline loaded: e2_pf=0.222 f1_df=0.098 f1_kf=0.148 post_kneext=0.011 post_hipext=0.068 desc_f=1.400 e2_adapt=1.700
start pose (normal): applied 20 coordinates as given; pelvis ty 0.920 m (env override unset); IMU-metric torso lean -0.0 deg (+ = back)
standing solve: nnls x in [0.00, 0.70], >0.1: 14 muscles
  top: add_long_l=0.70, tib_ant_r=0.61, tib_ant_l=0.46, ext_dig_r=0.37, glut_min1_l=0.33, pect_l=0.32, glut_min2_l=0.31, ext_dig_l=0.25
Fmax range: 5..3396 N | L range sample: [0.229942 0.326094]
fitted baseline loaded: e2_pf=0.222 f1_df=0.098 f1_kf=0.148 post_kneext=0.011 post_hipext=0.068 desc_f=1.400 e2_adapt=1.700
start pose (normal): applied 20 coordinates as given; pelvis ty 0.920 m (env override unset); IMU-metric torso lean -0.0 deg (+ = back)
standing solve: nnls x in [0.00, 0.70], >0.1: 14 muscles
  top: add_long_l=0.70, tib_ant_r=0.61, tib_ant_l=0.46, ext_dig_r=0.37, glut_min1_l=0.33, pect_l=0.32, glut_min2_l=0.31, ext_dig_l=0.25
Fmax range: 5..3396 N | L range sample: [0.229942 0.326094]
fitted baseline loaded: e2_pf=0.222 f1_df=0.098 f1_kf=0.148 post_kneext=0.011 post_hipext=0.068 desc_f=1.400 e2_adapt=1.700
start pose (normal): applied 20 coordinates as given; pelvis ty 0.920 m (env override unset); IMU-metric torso lean -0.0 deg (+ = back)
standing solve: nnls x in [0.00, 0.70], >0.1: 14 muscles
  top: add_long_l=0.70, tib_ant_r=0.61, tib_ant_l=0.46, ext_dig_r=0.37, glut_min1_l=0.33, pect_l=0.32, glut_min2_l=0.31, ext_dig_l=0.25
Fmax range: 5..3396 N | L range sample: [0.229942 0.326094]
fitted baseline loaded: e2_pf=0.222 f1_df=0.098 f1_kf=0.148 post_kneext=0.011 post_hipext=0.068 desc_f=1.400 e2_adapt=1.700
start pose (normal): applied 20 coordinates as given; pelvis ty 0.920 m (env override unset); IMU-metric torso lean -0.0 deg (+ = back)
standing solve: nnls x in [0.00, 0.70], >0.1: 14 muscles
  top: add_long_l=0.70, tib_ant_r=0.61, tib_ant_l=0.46, ext_dig_r=0.37, glut_min1_l=0.33, pect_l=0.32, glut_min2_l=0.31, ext_dig_l=0.25
Fmax range: 5..3396 N | L range sample: [0.229942 0.326094]
fitted baseline loaded: e2_pf=0.222 f1_df=0.098 f1_kf=0.148 post_kneext=0.011 post_hipext=0.068 desc_f=1.400 e2_adapt=1.700
start pose (normal): applied 20 coordinates as given; pelvis ty 0.920 m (env override unset); IMU-metric torso lean -0.0 deg (+ = back)
standing solve: nnls x in [0.00, 0.70], >0.1: 14 muscles
  top: add_long_l=0.70, tib_ant_r=0.61, tib_ant_l=0.46, ext_dig_r=0.37, glut_min1_l=0.33, pect_l=0.32, glut_min2_l=0.31, ext_dig_l=0.25
Fmax range: 5..3396 N | L range sample: [0.229942 0.326094]
fitted baseline loaded: e2_pf=0.222 f1_df=0.098 f1_kf=0.148 post_kneext=0.011 post_hipext=0.068 desc_f=1.400 e2_adapt=1.700
start pose (normal): applied 20 coordinates as given; pelvis ty 0.920 m (env override unset); IMU-metric torso lean -0.0 deg (+ = back)
standing solve: nnls x in [0.00, 0.70], >0.1: 14 muscles
  top: add_long_l=0.70, tib_ant_r=0.61, tib_ant_l=0.46, ext_dig_r=0.37, glut_min1_l=0.33, pect_l=0.32, glut_min2_l=0.31, ext_dig_l=0.25
Fmax range: 5..3396 N | L range sample: [0.229942 0.326094]
fitted baseline loaded: e2_pf=0.222 f1_df=0.098 f1_kf=0.148 post_kneext=0.011 post_hipext=0.068 desc_f=1.400 e2_adapt=1.700
start pose (normal): applied 20 coordinates as given; pelvis ty 0.920 m (env override unset); IMU-metric torso lean -0.0 deg (+ = back)
standing solve: nnls x in [0.00, 0.70], >0.1: 14 muscles
  top: add_long_l=0.70, tib_ant_r=0.61, tib_ant_l=0.46, ext_dig_r=0.37, glut_min1_l=0.33, pect_l=0.32, glut_min2_l=0.31, ext_dig_l=0.25
Fmax range: 5..3396 N | L range sample: [0.229942 0.326094]
fitted baseline loaded: e2_pf=0.222 f1_df=0.098 f1_kf=0.148 post_kneext=0.011 post_hipext=0.068 desc_f=1.400 e2_adapt=1.700
start pose (normal): applied 20 coordinates as given; pelvis ty 0.920 m (env override unset); IMU-metric torso lean -0.0 deg (+ = back)
standing solve: nnls x in [0.00, 0.70], >0.1: 14 muscles
  top: add_long_l=0.70, tib_ant_r=0.61, tib_ant_l=0.46, ext_dig_r=0.37, glut_min1_l=0.33, pect_l=0.32, glut_min2_l=0.31, ext_dig_l=0.25
Fmax range: 5..3396 N | L range sample: [0.229942 0.326094]
fitted baseline loaded: e2_pf=0.222 f1_df=0.098 f1_kf=0.148 post_kneext=0.011 post_hipext=0.068 desc_f=1.400 e2_adapt=1.700
start pose (normal): applied 20 coordinates as given; pelvis ty 0.920 m (env override unset); IMU-metric torso lean -0.0 deg (+ = back)
standing solve: nnls x in [0.00, 0.70], >0.1: 14 muscles
  top: add_long_l=0.70, tib_ant_r=0.61, tib_ant_l=0.46, ext_dig_r=0.37, glut_min1_l=0.33, pect_l=0.32, glut_min2_l=0.31, ext_dig_l=0.25
Fmax range: 5..3396 N | L range sample: [0.229942 0.326094]
fitted baseline loaded: e2_pf=0.222 f1_df=0.098 f1_kf=0.148 post_kneext=0.011 post_hipext=0.068 desc_f=1.400 e2_adapt=1.700
start pose (normal): applied 20 coordinates as given; pelvis ty 0.920 m (env override unset); IMU-metric torso lean -0.0 deg (+ = back)
standing solve: nnls x in [0.00, 0.70], >0.1: 14 muscles
  top: add_long_l=0.70, tib_ant_r=0.61, tib_ant_l=0.46, ext_dig_r=0.37, glut_min1_l=0.33, pect_l=0.32, glut_min2_l=0.31, ext_dig_l=0.25
Fmax range: 5..3396 N | L range sample: [0.229942 0.326094]
fitted baseline loaded: e2_pf=0.222 f1_df=0.098 f1_kf=0.148 post_kneext=0.011 post_hipext=0.068 desc_f=1.400 e2_adapt=1.700
start pose (normal): applied 20 coordinates as given; pelvis ty 0.920 m (env override unset); IMU-metric torso lean -0.0 deg (+ = back)
standing solve: nnls x in [0.00, 0.70], >0.1: 14 muscles
  top: add_long_l=0.70, tib_ant_r=0.61, tib_ant_l=0.46, ext_dig_r=0.37, glut_min1_l=0.33, pect_l=0.32, glut_min2_l=0.31, ext_dig_l=0.25
Fmax range: 5..3396 N | L range sample: [0.229942 0.326094]
fitted baseline loaded: e2_pf=0.222 f1_df=0.098 f1_kf=0.148 post_kneext=0.011 post_hipext=0.068 desc_f=1.400 e2_adapt=1.700
start pose (normal): applied 20 coordinates as given; pelvis ty 0.920 m (env override unset); IMU-metric torso lean -0.0 deg (+ = back)
standing solve: nnls x in [0.00, 0.70], >0.1: 14 muscles
  top: add_long_l=0.70, tib_ant_r=0.61, tib_ant_l=0.46, ext_dig_r=0.37, glut_min1_l=0.33, pect_l=0.32, glut_min2_l=0.31, ext_dig_l=0.25
Fmax range: 5..3396 N | L range sample: [0.229942 0.326094]
fitted baseline loaded: e2_pf=0.222 f1_df=0.098 f1_kf=0.148 post_kneext=0.011 post_hipext=0.068 desc_f=1.400 e2_adapt=1.700
start pose (normal): applied 20 coordinates as given; pelvis ty 0.920 m (env override unset); IMU-metric torso lean -0.0 deg (+ = back)
standing solve: nnls x in [0.00, 0.70], >0.1: 14 muscles
  top: add_long_l=0.70, tib_ant_r=0.61, tib_ant_l=0.46, ext_dig_r=0.37, glut_min1_l=0.33, pect_l=0.32, glut_min2_l=0.31, ext_dig_l=0.25
Fmax range: 5..3396 N | L range sample: [0.229942 0.326094]
fitted baseline loaded: e2_pf=0.222 f1_df=0.098 f1_kf=0.148 post_kneext=0.011 post_hipext=0.068 desc_f=1.400 e2_adapt=1.700
start pose (normal): applied 20 coordinates as given; pelvis ty 0.920 m (env override unset); IMU-metric torso lean -0.0 deg (+ = back)
standing solve: nnls x in [0.00, 0.70], >0.1: 14 muscles
  top: add_long_l=0.70, tib_ant_r=0.61, tib_ant_l=0.46, ext_dig_r=0.37, glut_min1_l=0.33, pect_l=0.32, glut_min2_l=0.31, ext_dig_l=0.25
Fmax range: 5..3396 N | L range sample: [0.229942 0.326094]
fitted baseline loaded: e2_pf=0.222 f1_df=0.098 f1_kf=0.148 post_kneext=0.011 post_hipext=0.068 desc_f=1.400 e2_adapt=1.700
start pose (normal): applied 20 coordinates as given; pelvis ty 0.920 m (env override unset); IMU-metric torso lean -0.0 deg (+ = back)
standing solve: nnls x in [0.00, 0.70], >0.1: 14 muscles
  top: add_long_l=0.70, tib_ant_r=0.61, tib_ant_l=0.46, ext_dig_r=0.37, glut_min1_l=0.33, pect_l=0.32, glut_min2_l=0.31, ext_dig_l=0.25
Fmax range: 5..3396 N | L range sample: [0.229942 0.326094]
fitted baseline loaded: e2_pf=0.222 f1_df=0.098 f1_kf=0.148 post_kneext=0.011 post_hipext=0.068 desc_f=1.400 e2_adapt=1.700
start pose (normal): applied 20 coordinates as given; pelvis ty 0.920 m (env override unset); IMU-metric torso lean -0.0 deg (+ = back)
standing solve: nnls x in [0.00, 0.70], >0.1: 14 muscles
  top: add_long_l=0.70, tib_ant_r=0.61, tib_ant_l=0.46, ext_dig_r=0.37, glut_min1_l=0.33, pect_l=0.32, glut_min2_l=0.31, ext_dig_l=0.25
Fmax range: 5..3396 N | L range sample: [0.229942 0.326094]
fitted baseline loaded: e2_pf=0.222 f1_df=0.098 f1_kf=0.148 post_kneext=0.011 post_hipext=0.068 desc_f=1.400 e2_adapt=1.700
start pose (normal): applied 20 coordinates as given; pelvis ty 0.920 m (env override unset); IMU-metric torso lean -0.0 deg (+ = back)
standing solve: nnls x in [0.00, 0.70], >0.1: 14 muscles
  top: add_long_l=0.70, tib_ant_r=0.61, tib_ant_l=0.46, ext_dig_r=0.37, glut_min1_l=0.33, pect_l=0.32, glut_min2_l=0.31, ext_dig_l=0.25
Fmax range: 5..3396 N | L range sample: [0.229942 0.326094]
fitted baseline loaded: e2_pf=0.222 f1_df=0.098 f1_kf=0.148 post_kneext=0.011 post_hipext=0.068 desc_f=1.400 e2_adapt=1.700
start pose (normal): applied 20 coordinates as given; pelvis ty 0.920 m (env override unset); IMU-metric torso lean -0.0 deg (+ = back)
standing solve: nnls x in [0.00, 0.70], >0.1: 14 muscles
  top: add_long_l=0.70, tib_ant_r=0.61, tib_ant_l=0.46, ext_dig_r=0.37, glut_min1_l=0.33, pect_l=0.32, glut_min2_l=0.31, ext_dig_l=0.25
Fmax range: 5..3396 N | L range sample: [0.229942 0.326094]
fitted baseline loaded: e2_pf=0.222 f1_df=0.098 f1_kf=0.148 post_kneext=0.011 post_hipext=0.068 desc_f=1.400 e2_adapt=1.700
start pose (normal): applied 20 coordinates as given; pelvis ty 0.920 m (env override unset); IMU-metric torso lean -0.0 deg (+ = back)
standing solve: nnls x in [0.00, 0.70], >0.1: 14 muscles
  top: add_long_l=0.70, tib_ant_r=0.61, tib_ant_l=0.46, ext_dig_r=0.37, glut_min1_l=0.33, pect_l=0.32, glut_min2_l=0.31, ext_dig_l=0.25
Fmax range: 5..3396 N | L range sample: [0.229942 0.326094]
fitted baseline loaded: e2_pf=0.222 f1_df=0.098 f1_kf=0.148 post_kneext=0.011 post_hipext=0.068 desc_f=1.400 e2_adapt=1.700
start pose (normal): applied 20 coordinates as given; pelvis ty 0.920 m (env override unset); IMU-metric torso lean -0.0 deg (+ = back)
standing solve: nnls x in [0.00, 0.70], >0.1: 14 muscles
  top: add_long_l=0.70, tib_ant_r=0.61, tib_ant_l=0.46, ext_dig_r=0.37, glut_min1_l=0.33, pect_l=0.32, glut_min2_l=0.31, ext_dig_l=0.25
Fmax range: 5..3396 N | L range sample: [0.229942 0.326094]
fitted baseline loaded: e2_pf=0.222 f1_df=0.098 f1_kf=0.148 post_kneext=0.011 post_hipext=0.068 desc_f=1.400 e2_adapt=1.700
start pose (normal): applied 20 coordinates as given; pelvis ty 0.920 m (env override unset); IMU-metric torso lean -0.0 deg (+ = back)
standing solve: nnls x in [0.00, 0.70], >0.1: 14 muscles
  top: add_long_l=0.70, tib_ant_r=0.61, tib_ant_l=0.46, ext_dig_r=0.37, glut_min1_l=0.33, pect_l=0.32, glut_min2_l=0.31, ext_dig_l=0.25
Fmax range: 5..3396 N | L range sample: [0.229942 0.326094]
fitted baseline loaded: e2_pf=0.222 f1_df=0.098 f1_kf=0.148 post_kneext=0.011 post_hipext=0.068 desc_f=1.400 e2_adapt=1.700
start pose (normal): applied 20 coordinates as given; pelvis ty 0.920 m (env override unset); IMU-metric torso lean -0.0 deg (+ = back)
standing solve: nnls x in [0.00, 0.70], >0.1: 14 muscles
  top: add_long_l=0.70, tib_ant_r=0.61, tib_ant_l=0.46, ext_dig_r=0.37, glut_min1_l=0.33, pect_l=0.32, glut_min2_l=0.31, ext_dig_l=0.25
Fmax range: 5..3396 N | L range sample: [0.229942 0.326094]
fitted baseline loaded: e2_pf=0.222 f1_df=0.098 f1_kf=0.148 post_kneext=0.011 post_hipext=0.068 desc_f=1.400 e2_adapt=1.700
start pose (normal): applied 20 coordinates as given; pelvis ty 0.920 m (env override unset); IMU-metric torso lean -0.0 deg (+ = back)
standing solve: nnls x in [0.00, 0.70], >0.1: 14 muscles
  top: add_long_l=0.70, tib_ant_r=0.61, tib_ant_l=0.46, ext_dig_r=0.37, glut_min1_l=0.33, pect_l=0.32, glut_min2_l=0.31, ext_dig_l=0.25
Fmax range: 5..3396 N | L range sample: [0.229942 0.326094]
== stage 3 best 37.463 (trial 11)
{
 "drive": 3.6201718626693635,
 "rg_nap_h": 0.835643099007384,
 "desc_e": 1.571919674887666,
 "desc_f": 1.132722391188649,
 "rg_to_pf": 1.8987769676258348,
 "heel_rge": 0.4165401820806754,
 "toe_rge": 0.4774725734615205,
 "vest_prop": 0.3565682764226969,
 "rig_scale": 0.9458639224137748
}
saved curriculum_syn6_stage3.json
