folder_bucket,doi,surname,year,title,folders,att_key,library
Afferent,10.1113/jphysiol.1977.sp011864,Prochazka,1977,Ia afferent activity during a variety of voluntary movements in the cat,Afferent,YEW7PZVR,groups/735051
Afferent,10.1523/jneurosci.1829-17.2017,Gosgnach,2017,Delineating the Diversity of Spinal Interneurons in Locomotor Circuits,Afferent,DQ8HHCPI,groups/735051
Afferent,10.1113/jphysiol.1979.sp012645,Prochazka,1979,Muscle spindle discharge in normal and obstructed movements.,Afferent,BZJQJ6L9,groups/735051
Afferent,10.1113/jphysiol.1964.sp007477,Crowe,1964,Further studies of static and dynamic fusimotor fibres,Afferent,FTU2NN7G,groups/735051
Afferent,10.1152/jn.1983.49.4.989,Hasan,1983,A model of spindle afferent response to muscle stretch,Afferent,7WRZ3IVL,groups/735051
Afferent,10.1111/j.1469-7793.1998.621bb.x,Kakuda,1998,Dynamic response of human muscle spindle afferents to stretch during voluntary contraction,Afferent,F4X2BIGI,groups/735051
Afferent,10.1152/jn.1990.63.6.1297,Edin,1990,Dynamic response of human muscle spindle afferents to stretch,Mark;Afferent,ERMXPZXW,groups/735051
Amphibians;Behavioral Examples;CPG PDC;CPGs,10.1007/s004220000211,Ijspeert,2001,A connectionist central pattern generator for the aquatic and terrestrial gaits of a simulated salamander,Behavioral Examples;CPG PDC;Amphibians;LM22;Animal Examples;Ambulation;CPGs,KMAWXC3I,groups/735051
Animal Data,10.7554/elife.38215,Alessandro,2018,Adaptation after vastus lateralis denervation in rats demonstrates neural regulation of joint stresses and strains,Animal Data,6W7M9E3I,groups/735051
Balance,10.1038/s44460-026-00059-7,Jin,2026,Minimal-calibration multimodal wearable sensing for long-duration three-dimensional shoulder kinematics,Balance,TA5HFJVV,groups/735051
Balance,10.1152/jn.01360.2006.,Torres-oviedo,2007,Muscle Synergies Characterizing Human Postural Responses,Balance,GGVIGNHD,groups/735051
Balance,10.1152/jn.01110.2007.,Welch,2008,A Feedback Model Reproduces Muscle Activity During Human Postural Responses to Support-Surface Translations,Balance,I8KKFTBQ,groups/735051
Balance,10.1002/cnm.2485,Ting,2012,Review and perspective: neuromechanical considerations for predicting muscle activation patterns for movement,Balance,2ZB2BMWC,groups/735051
Balance,10.1016/j.jbiomech.2007.09.012,McKay,2008,Functional muscle synergies constrain force production during postural tasks.,Balance,YJQRNF7W,groups/735051
Balance Control,10.1007/3-211-38927-x_35,Mergner,2006,Human Equilibrium Control Principles Implemented into a Biped Humanoid Robot,Balance Control,NRPIERJI,groups/735051
Balance Control,10.1088/1748-3182/3/2/026002,Scrivens,2008,A robotic device for understanding neuromechanical interactions during standing balance control.,Balance Control,4JIKK6WN,groups/735051
Balance Control,10.3389/fneur.2011.00057,Peterka,2011,Postural Compensation for Unilateral Vestibular Loss,Balance Control,ZKLZ4VYU,groups/735051
Balance Control,10.1242/jeb.042572,Hof,2010,Balance responses to lateral perturbations in human treadmill walking,Balance Control,YWRWD6XX,groups/735051
Balance Control,10.1007/s10514-009-9172-5,Maufroy,2010,Integration of posture and rhythmic motion controls in quadrupedal dynamic walking using phase modulations based on leg loading/unloading,Balance Control,YS3BZW9L,groups/735051
Balance Control,10.3389/fncom.2013.00019,de Rugy,2013,Are muscle synergies useful for neural control?,Balance Control,YFQ5QMHM,groups/735051
Balance Control,10.1016/j.apmr.2007.11.017,King,2008,Lateral Stepping for Postural Correction in Parkinson’s Disease,Balance Control,WXZ7VLT9,groups/735051
Balance Control,10.14802/jmd.16062,Takakusaki,2017,Functional Neuroanatomy for Posture and Gait Control,Balance Control,WVYVNCNX,groups/735051
Balance Control,10.1007/s10827-010-0291-y,Kooij,2010,Non-linear stimulus-response behavior of the human stance control system is predicted by optimization of a system with sensory and motor noise,Balance Control,VF4QRCEN,groups/735051
Balance Control,10.1007/s002210100775,Lackner,2001,Stabilization of posture by precision touch of the index finger with rigid and flexible filaments,Balance Control,V92HA4PW,groups/735051
Balance Control,10.1109/tbme.2009.2031874,Cenciarini,2010,Stiffness and Damping in Postural Control Increase with Age,Balance Control,UNBZ63AN,groups/735051
Balance Control,10.1016/j.celrep.2018.01.009,Murray,2018,Balance Control Mediated by Vestibular Circuits Directing Limb Extension or Antagonist Muscle Co-activation,Balance Control,TQIGY3DA,groups/735051
Balance Control,10.1016/s0166-2236(97)01149-1,Chiel,1997,"The brain has a body: adaptive behavior emerges from interactions of nervous system, body and environment",Revision;Balance Control,TRLKN9MT,groups/735051
Balance Control,10.1016/j.arcontrol.2010.08.001,Mergner,2010,A neurological view on reactive human stance control,Balance Control,TNAJ6AFB,groups/735051
Balance Control,10.1109/86.750556,Maki,1999,The control of foot placement during compensatory stepping reactions: does speed of response take precedence over stability?,Balance Control,TL2BLW4I,groups/735051
Balance Control,10.1007/978-0-387-77064-2_6,Turvey,2009,Nature of Motor Control: Perspectives and Issues,Balance Control,TG3PUSY5,groups/735051
Balance Control,10.1152/jn.01142.2006,Hsu,2007,Control and Estimation of Posture During Quiet Stance Depends on Multijoint Coordination,Balance Control,T5KUSTV5,groups/735051
Balance Control,10.1016/0167-9457(94)00048-j,Assaiante,1995,An ontogenetic model for the sensorimotor organization of balance control in humans,Balance Control,SS5AVFDZ,groups/735051
Balance Control,10.1016/s0926-6410(02)00071-x,Oie,2002,Multisensory fusion: simultaneous re-weighting of vision and touch for the control of human posture,Balance Control,RZYMKBMZ,groups/735051
Balance Control,10.1007/s00221-009-2054-4,Green,2009,Internal models and neural computation in the vestibular system,Balance Control,QKPJ3M78,groups/735051
Balance Control,10.1113/jphysiol.2004.076307,Loram,2005,"Human postural sway results from frequent, ballistic bias impulses by soleus and gastrocnemius",Balance Control,PXJ3J6M5,groups/735051
Balance Control,10.1177/1054773811414180,Quigley,2012,Incidence and Cost of Serious Fall-Related Injuries in Nursing Homes,Balance Control,PKWKYQV5,groups/735051
Balance Control,10.1007/s00221-010-2166-x,Tjernström,2010,Postural control and adaptation are influenced by preceding postural challenges,Balance Control,P2QUKGCC,groups/735051
Balance Control,10.1113/jphysiol.2004.062398,Loram,2004,Paradoxical muscle movement in human standing,Balance Control,LGSK8XDB,groups/735051
Balance Control,10.1152/physiol.00034.2015,Peterson,2016,Neural Control of Walking in People with Parkinsonism,Balance Control,KQBCNALU,groups/735051
Balance Control,10.1109/robio.2017.8324592,Kaminishi,2017,Proprioceptive postural control of a musculoskeletal model against horizontal disturbances,Balance Control,JZR575PB,groups/735051
Balance Control,10.1016/j.jtbi.2012.06.019,Suzuki,2012,"Intermittent control with ankle, hip, and mixed strategies during quiet standing: A theoretical proposal based on a double inverted pendulum model",Balance Control,JRU8SCBY,groups/735051
Balance Control,10.1136/ip.2005.011015,Stevens,2006,The costs of fatal and non-fatal falls among older adults,Balance Control,JPF8PNI7,groups/735051
Balance Control,10.1016/s0966-6362(99)00013-2,McIlroy,1999,The control of lateral stability during rapid stepping reactions evoked by antero-posterior perturbation: does anticipatory control play a role?,Balance Control,IS79PGKA,groups/735051
Balance Control,10.1088/1741-2560/2/3/s07,Kuo,2005,An optimal state estimation model of sensory integration in human postural balance,Balance Control,IASF5P3L,groups/735051
Balance Control,10.1016/j.jbiomech.2016.11.059,Rebula,,The Stabilizing Properties of Foot Yaw in Human Walking,Balance Control,HDWS639Q,groups/735051
Balance Control,10.1080/01691864.2016.1266095,Jiang,2017,A postural control model incorporating multisensory inputs for maintaining a musculoskeletal model in a stance posture,Balance Control,GXPF5RM7,groups/735051
Balance Control,10.1152/jn.00856.2004,Cenciarini,2006,Stimulus-Dependent Changes in the Vestibular Contribution to Human Postural Control,Balance Control,FUAZFN62,groups/735051
Balance Control,10.1007/s00221-009-1995-y,Van Ooteghem,2009,"Practice-related improvements in posture control differ between young and older adults exposed to continuous, variable amplitude oscillations of the support surface",Balance Control,FL9EWFJP,groups/735051
Balance Control,10.1007/s00221-003-1674-3,Park,2003,Postural feedback responses scale with biomechanical constraints in human standing,Balance Control,F75NXR9I,groups/735051
Balance Control,10.1038/s41598-018-21018-4,Santuz,2018,Challenging human locomotion: stability and modular organisation in unsteady conditions,Balance Control,EXBUEKTI,groups/735051
Balance Control,10.1080/01691864.2016.1252690,Takakusaki,2017,Neural substrates involved in the control of posture,Balance Control,ENZSCIEU,groups/735051
Balance Control,10.1016/s0966-6362(01)00175-8,Tjernström,2002,Adaptation of postural control to perturbations—a process that initiates long-term motor memory,Balance Control,EI25GU4W,groups/735051
Balance Control,10.1016/j.neulet.2004.11.071,Creath,2005,A unified view of quiet and perturbed stance: simultaneous co-existing excitable modes,Balance Control,C58YLIJW,groups/735051
Balance Control,10.1152/jn.01272.2007,Kiemel,2008,Identification of the Plant for Upright Stance in Humans: Multiple Movement Patterns From a Single Neural Strategy,Balance Control,AZ4BVX9L,groups/735051
Balance Control,10.1007/s11517-009-0477-5,Mahboobin,2009,A mechanism for sensory re-weighting in postural control,Balance Control,A55FPUVT,groups/735051
Balance Control,10.1016/j.jbiomech.2016.08.007,Versteeg,2016,Hip and ankle responses for reactive balance emerge from varying priorities to reduce effort and kinematic excursion: A simulation study,Balance Control,9BCVA26S,groups/735051
Balance Control,10.1371/journal.pone.0126379,Kilby,2015,Models of Postural Control: Shared Variance in Joint and COM Motions,Balance Control,7WHAFE9X,groups/735051
Balance Control,10.1016/j.brainresrev.2007.06.017,Deliagina,2008,Spinal and supraspinal postural networks,Balance Control,5FED8HRK,groups/735051
Balance Control,10.1007/s004220050527,Kooij,1998,A multisensory integration model of human stance control,Balance Control,3TFPUSYC,groups/735051
Balance Control,10.1371/journal.pone.0144529,Freyler,2015,"Reactive Balance Control in Response to Perturbation in Unilateral Stance: Interaction Effects of Direction, Displacement and Velocity on Compensatory Neuromuscular and Kinematic Responses",Balance Control,3EKERQPC,groups/735051
Balance Control,10.1152/jn.00916.2009,Goodworth,2010,Influence of Stance Width on Frontal Plane Postural Dynamics and Coordination in Human Balance Control,Balance Control,2RJB77VQ,groups/735051
Balance Control,10.3389/fnagi.2014.00028,Papegaaij,2014,Aging causes a reorganization of cortical and spinal control of posture,Balance Control,2QDJKRTJ,groups/735051
Balance Control,10.1152/jn.01145.2015,Assländer,2016,Sensory reweighting dynamics following removal and addition of visual and proprioceptive cues,Hilts IROS18;Turbulence;Balance Control,VGE7ZAKC,groups/735051
Balance Control,10.1152/jn.00516.2003,Peterka,2004,Dynamic Regulation of Sensorimotor Integration in Human Postural Control,Hilts LM17;Hilts IROS18;Balance Control,MKKG9IJA,groups/735051
Balance Control,10.1007/s10514-015-9509-1,Lee,2015,Balancing of humanoid robot using contact force/moment control by task-oriented whole body control framework,Hilts LM17;Balance Control,PMND5A45,groups/735051
Balance Control,10.1007/s004220000196,Kooij,2000,An adaptive model of sensory integration in a dynamic environment applied to human stance control,Hilts LM17;Balance Control,KH4T733U,groups/735051
Balance Control,10.1093/ageing/afl077,Horak,2006,Postural orientation and equilibrium: what do we need to know about neural control of balance to prevent falls?,Hilts LM17;Balance Control,ECX4233U,groups/735051
Balance Control;Bipedal balance control,10.1152/jn.90934.2008,Karayannidou,2009,Maintenance of Lateral Stability During Standing and Walking in the Cat,Bipedal balance control;Balance Control,R97KZA5M,groups/735051
Balance Control;Bipedal balance control,10.1152/jn.00127.2016,Afschrift,2016,Mechanical effort predicts the selection of ankle over hip strategies in nonstepping postural responses,Bipedal balance control;Balance Control,C5IWXENG,groups/735051
Balance Control;Bipedal balance control,10.1152/jn.00669.2013,Assländer,2014,Sensory reweighting dynamics in human postural control,Bipedal balance control;Balance Control,83KRFD7G,groups/735051
Balance Control;Bipedal balance control,10.1016/j.neures.2015.12.002,Chiba,2016,Human upright posture control models based on multisensory inputs; in fast and slow dynamics,Bipedal balance control;Balance Control,2URIN5DC,groups/735051
Balance;Balance Control,10.1007/s00221-016-4801-7,Toth,2016,Vision can recalibrate the vestibular reafference signal used to re-establish postural equilibrium following a platform perturbation,Balance;Balance Control,BWR926BI,groups/735051
Balance;Balance Control,10.1016/j.humov.2014.07.004,Hettich,2014,Human hip–ankle coordination emerging from multisensory feedback control,Balance;Balance Control,3HPAHRW4,groups/735051
Balance;Balance Control,10.1371/journal.pone.0054925,Wilke,2013,Sensorimotor Recalibration Depends on Attribution of Sensory Prediction Errors to Internal Causes,Balance;Balance Control,F4NPNAHR,groups/735051
Balance;Balance Control,10.1007/s00221-005-0256-y,Maurer,2006,Multisensory control of human upright stance,Hilts IROS18;Balance;Balance Control,E8E59Z7E,groups/735051
Balance;Balance Control;Bipedal balance control,10.1109/memb.2003.1195698,Peterka,2003,Simplifying the complexities of maintaining balance,Hilts IROS18;Bipedal balance control;Balance;Balance Control,QI8QIK3K,groups/735051
Balance;Bipedal balance control;Synergies,10.1152/jn.00681.2004,Ting,2005,A Limited Set of Muscle Synergies for Force Control During a Postural Task,Synergies;Bipedal balance control;Balance,WFELLV96,groups/735051
Balance;Synergies,10.1152/jn.00810.2005,Torres-Oviedo,2006,Muscle Synergy Organization Is Robust Across a Variety of Postural Perturbations,Synergies;Balance,UFAPJS9Z,groups/735051
Balance;Synergies,10.1152/jn.00960.2009,Torres-Oviedo,2010,Subject-Specific Muscle Synergies in Human Balance Control Are Consistent Across Different Biomechanical Contexts,Synergies;Balance,A9X2MY7A,groups/735051
Balance;Synergies,10.1371/journal.pcbi.1002465,McKay,2012,Optimization of Muscle Activity for Task-Level Goals Predicts Complex Changes in Limb Forces across Biomechanical Contexts,Synergies;Balance,TKEJTZGX,groups/735051
Behavioral Examples;CPG PDC;CPGs;Crustacean,10.1007/bf00604049,Bal,1988,The pyloric central pattern generator in Crustacea: a set of conditional neuronal oscillators,Behavioral Examples;CPG PDC;LM22;Animal Examples;Manuscript;CPGs;Digestive;Crustacean,YZD87FFT,groups/735051
Behavioral Examples;CPG PDC;CPGs;Fish;Swimming,10.1162/106454699568773,Ijspeert,1999,Evolution and Development of a Central Pattern Generator for the Swimming of a Lamprey,Behavioral Examples;Swimming;CPG PDC;Fish;LM22;Animal Examples;CPGs,VY688PMU,groups/735051
Behavioral Examples;CPG PDC;CPGs;Mammals,10.1111/j.1749-6632.1998.tb09061.x,Rossignol,1998,Pharmacological Activation and Modulation of the Central Pattern Generator for Locomotion in the Cat,Behavioral Examples;CPG PDC;LM22;Animal Examples;Ambulation;Manuscript;Mammals;CPGs,KMZCFQNC,groups/735051
Behavioral Examples;CPG PDC;CPGs;Mollusk;Respiration,10.1126/science.2218532,Syed,1990,In Vitro Reconstruction of the Respiratory Central Pattern Generator of the Mollusk <i>Lymnaea</i>,Behavioral Examples;CPG PDC;Respiration;LM22;Animal Examples;Manuscript;Mollusk;CPGs,S43XKH65,groups/735051
Behavioral Examples;CPG PDC;CPGs;Mollusk;Swimming,10.1242/jeb.01500,Thompson,2005,Central pattern generator for swimming in <i>Melibe</i>,Behavioral Examples;Swimming;CPG PDC;LM22;Animal Examples;Manuscript;Mollusk;CPGs,ZGZ55A5X,groups/735051
Behavioral Examples;CPG PDC;CPGs;Respiration,10.1152/jn.90958.2008,Rubin,2009,Multiple Rhythmic States in a Model of the Respiratory Central Pattern Generator,Behavioral Examples;CPG PDC;Respiration;LM22;CPGs,EA8S8ISC,groups/735051
Behavioral Examples;CPG PDC;CPGs;Respiration,10.1152/jappl.1983.55.6.1647,von Euler,1983,On the central pattern generator for the basic breathing rhythmicity,Behavioral Examples;CPG PDC;Respiration;LM22;Manuscript;CPGs,QDDZGRQE,groups/735051
Biomechanics,10.1017/jfm.2016.615,Ling,2016,Reynolds averaged turbulence modelling using deep neural networks with embedded invariance,Biomechanics;Flight,YZRNXD57,groups/735051
Biomechanics,10.1109/mipro.2015.7160432,Šegvić,2015,Technologies for distributed flight control systems: A review,Biomechanics;Flight,VK4DQ5BT,groups/735051
Biomechanics,10.1088/1748-3190/11/4/046010,Fisher,2016,The gust-mitigating potential of flapping wings,Biomechanics;Flight,S2V4JRQX,groups/735051
Biomechanics,10.2514/6.2017-1487,Araujo-Estrada,2017,Bio-inspired Distributed Strain and Airflow Sensing for Small Unmanned Air Vehicle Flight Control,Biomechanics;Flight,NUNEBJR4,groups/735051
Biomechanics,10.1098/rsfs.2016.0076,J.,2017,On the possibility (or lack thereof) of agreement between experiment and computation of flows over wings at moderate Reynolds number,Biomechanics;Flight,D38RH3DR,groups/735051
Biomechanics,10.1155/2014/598523,Oduyela,2014,Gust Mitigation of Micro Air Vehicles Using Passive Articulated Wings,Biomechanics;Flight,AMSKJ6KT,groups/735051
Biomechanics,10.1146/annurev-fluid-010518-040547,Duraisamy,2019,Turbulence Modeling in the Age of Data,Biomechanics;Flight,9QYCEP6C,groups/735051
Biomechanics,10.1016/j.cub.2012.04.057,Warrick,2012,Hummingbird flight,Robotics\Planes;Biomechanics;Flight,823TFSUH,groups/735051
Biomechanics,10.1016/j.ast.2014.12.020,Alam,2015,Active gust load alleviation system for flexible aircraft: Mixed feedforward/feedback approach,Biomechanics;Flight,6L8MEG4S,groups/735051
Biomechanics,10.1260/1756-8293.7.4.441,Watkins,2015,"Towards Autonomous MAV Soaring in Cities: CFD Simulation, EFD Measurement and Flight Trials",Biomechanics;Flight;Turbulence,MEPDBPQ5,groups/735051
Biomechanics,10.2514/1.j052142,Ravi,2013,Transient Loads Occurring over a Thin Airfoil Subjected to Large-Scale Freestream Turbulence,Biomechanics;Flight;Turbulence,GWVMIT6E,groups/735051
Biomechanics,10.1088/1748-3182/5/4/045007,Grant,2010,Design and analysis of biomimetic joints for morphing of micro air vehicles,Biomechanics;Flight;Turbulence,ZK5ZH69M,groups/735051
Biomechanics,10.1016/j.jinsphys.2009.10.007,Ai,2010,Vibration receptive sensilla on the wing margins of the silkworm moth Bombyx mori,Biomechanics;Flight;Turbulence,SMST6XTR,groups/735051
Biomechanics,10.1088/1748-3182/7/3/036006,Colorado,2012,Biomechanics of smart wings in a bat robot: morphing wings using SMA actuators,Biomechanics;Flight;Turbulence,JWZ8HFXI,groups/735051
Biomechanics,10.1098/rsfs.2016.0092,Luca,2017,Bioinspired morphing wings for extended flight envelope and roll control of small drones,Biomechanics;Flight;Turbulence,JX9W9UF7,groups/735051
Biomechanics,10.1016/j.paerosci.2013.12.003,Mohamed,2014,The attitude control of fixed-wing MAVS in turbulent environments,Biomechanics;Flight;Turbulence,DNDVWDK7,groups/735051
Biomechanics,10.1038/nature05733,Lentink,2007,How swifts control their glide performance with morphing wings,Biomechanics;Flight;Turbulence,CDV9CJ9Q,groups/735051
Biomechanics,10.1109/icara.2015.7081168,Khan,2015,Bio-inspired knee joint mechanism for a hydraulic quadruped robot,Steele LM17;Biomechanics,479APITA,groups/735051
Biped,10.3389/frobt.2023.1293365,Takahashi,2023,Enhancing postural stability in a musculoskeletal hopping robot through stretch reflex application on biarticular thigh muscles,Biped,DESZ4UDY,groups/735051
Biped,10.3109/17453678608993213,Nisell,1986,Joint forces in extension of the knee: Analysis of a mechanical model,Biped,4ZFFQJ25,groups/735051
Biped,10.1016/0010-4825(95)98882-e,Delp,1995,A graphics-based software system to develop and analyze models of musculoskeletal structures,Biped,JI6DIS59,groups/735051
Biped,10.1302/0301-620x.97b4.34638,van Arkel,2015,The capsular ligaments provide more hip rotational restraint than the acetabular labrum and the ligamentum teres,Biped,LNYYE6DT,groups/735051
Biped,10.1016/0021-9290(88)90248-5,Winters,1988,An analysis of the sources of musculoskeletal system impedance,Biped,ZKRQGCXA,groups/735051
Biped,10.1371/journal.pone.0059993,Shamaei,2013,Estimation of Quasi-Stiffness of the Human Knee in the Stance Phase of Walking,Biped,TW2EFPVZ,groups/735051
Biped,10.1152/japplphysiol.91189.2008,van der Krogt,2009,Robust passive dynamics of the musculoskeletal system compensate for unexpected surface changes during human hopping,Biped,8BM79AE5,groups/735051
Biped,10.1016/j.clinbiomech.2003.09.003,Blackburn,2004,"Sex comparison of extensibility, passive, and active stiffness of the knee flexors",Biped,BZMHFBKD,groups/735051
Biped,10.1016/0021-9290(86)90196-x,Weiss,1986,Position dependence of ankle joint dynamics—I. Passive mechanics,Biped,5BDYELPN,groups/735051
Biped,10.5772/4684,Mizuuchi,2006,A Musculoskeletal Flexible-Spine Humanoid Kotaro Aiming at the Future in 15 Years Time,Biped,4UMX4JQY,groups/735051
Biped,10.1109/iros.2011.6048561,Etoundi,2011,A bio-inspired condylar hinge joint for mobile robots,Construction;Steele LM17;Biped;Ben,VRM634VA,groups/735051
Bipedal balance control,10.1038/nn1986,Lockhart,2007,Optimal sensorimotor transformations for balance,Bipedal balance control,XU7FGY4E,groups/735051
Bipedal balance control,10.5281/zenodo.3631958,Wang,2020,Standing Balance Experiment with Long Duration Random Pulses Perturbation,Bipedal balance control,WQFU85XR,groups/735051
Bipedal balance control,10.1109/icsmc.2004.1400711,van der Kooij,2004,Identification of human balance control in standing,Bipedal balance control,N6W3TBPT,groups/735051
Bipedal balance control,10.1371/journal.pone.0214434,Schedler,2019,Age and sex differences in human balance performance from 6-18 years of age: A systematic review and meta-analysis,Bipedal balance control,G5GNKL8U,groups/735051
Bipedal balance control,10.1016/j.jneumeth.2020.108580,Wang,2020,Identification of the human postural control system through stochastic trajectory optimization,Bipedal balance control,6VRZGCQ3,groups/735051
Bipedal balance control,10.1152/jn.00773.2003,Ting,2004,Ratio of Shear to Load Ground-Reaction Force May Underlie the Directional Tuning of the Automatic Postural Response to Rotation and Translation,Bipedal balance control,UNVYVNZD,groups/735051
CPG,10.1007/s00285-006-0021-2,Pinto,2006,Central pattern generators for bipedal locomotion,CPG,GIJXTUUQ,groups/735051
CPG PDC,10.1007/978-981-10-8297-9,Keviczky,2019,Control Engineering,CPG PDC;Mathematical Examples;LM22,XL7FCAT3,groups/735051
CPG PDC,10.1007/978-3-031-20470-8_37,Scharzenberger,2022,A Functional Subnetwork Approach to Multistate Central Pattern Generator Phase Difference Control,NSF Career;CPG PDC;Young Scientist Seminar;Writing;Presentation;Living Machines;NSF NeuroNex;Hunt Lab;LM22;Scharzenberger;FSA_Extensions;Manuscript;BRAIN22 Poster;references_Lutz_thesis;Read,5WWMUGMH,groups/735051
CPG PDC,10.1109/jproc.2015.2494218,Shahriari,2016,Taking the Human Out of the Loop: A Review of Bayesian Optimization,CPG PDC;LM22;Bayesian Optimization (BO),2HFKZI8R,groups/735051
CPG PDC;CPGs,10.1109/icit.2005.1600829,Wang,2005,Motion Control of a Robot Fish Based on CPG,CPG PDC;LM22;Robotics Examples;CPGs,2KMHTUZ7,groups/735051
CPG PDC;CPGs,10.1016/j.robot.2018.10.002,Fukui,2019,Autonomous gait transition and galloping over unperceived obstacles of a quadruped robot with CPG modulated by vestibular feedback,CPG PDC;LM22;Robotics Examples;CPGs,P6WSNGS3,groups/735051
CPG PDC;CPGs,10.1007/s11432-014-5148-y,Chen,2014,"An adaptive locomotion controller for a hexapod robot: CPG, kinematics and force feedback",CPG PDC;LM22;Robotics Examples;CPGs,8UFPTFVF,groups/735051
CPG PDC;CPGs,10.1109/tsmc.2012.2235426,Liu,2013,Central Pattern Generator Inspired Control for Adaptive Walking of Biped Robots,CPG PDC;LM22;Robotics Examples;CPGs,66HHKTYQ,groups/735051
CPG PDC;CPGs,10.1177/0278364907084980,Endo,2008,Learning CPG-based Biped Locomotion with a Policy Gradient Method: Application to a Humanoid Robot,CPG PDC;LM22;CPGs;Machine Learning Examples,W3DHRLXP,groups/735051
CPG PDC;CPGs,10.1007/s10514-007-9071-6,Crespi,2008,Controlling swimming and crawling in a fish robot using a central pattern generator,CPG PDC;LM22;Robotics Examples;CPGs,REUANMPY,groups/735051
CPG PDC;CPGs,10.1109/biorob.2006.1639162,Lachat,2006,BoxyBot: a swimming and crawling fish robot controlled by a central pattern generator,CPG PDC;Manuel;LM22;Manuscript;Robotics Examples;CPGs,5GKICV46,groups/735051
CPG PDC;CPGs,10.1016/s0361-9230(00)00399-3,Nishimaru,2000,Formation of the central pattern generator for locomotion in the rat and mouse,CPG PDC;LM22;Animal Examples;Manuscript;CPGs,J56BZVRF,groups/735051
CPG PDC;CPGs;Crustacean,10.1523/jneurosci.15-01-00342.1995,Harris-Warrick,1995,Dopamine modulation of transient potassium current evokes phase shifts in a central pattern generator network,CPG PDC;LM22;Animal Examples;CPGs;Crustacean,FXY6T8BE,groups/735051
CPG PDC;CPGs;Fish,10.1016/0166-2236(92)90006-t,Cohen,1992,Modelling of intersegmental coordination in the lamprey central pattern generator for locomotion,CPG PDC;Fish;LM22;Animal Examples;Manuscript;CPGs,D6ZWXHXW,groups/735051
CPG PDC;CPGs;Insects,10.1523/jneurosci.3155-08.2009,Borgmann,2009,Sensory Feedback Induced by Front-Leg Stepping Entrains the Activity of Central Pattern Generators in Caudal Segments of the Stick Insect Walking System,CPG PDC;LM22;Animal Examples;Insects;CPGs,8SS4S3BF,groups/735051
CPG PDC;Neural Oscillators,10.1016/s0893-6080(99)00068-4,Tonnelier,1999,Synchronization and desynchronization of neural oscillators,CPG PDC;Mathematical Examples;LM22;Neural Oscillators,KEXQE7MU,groups/735051
CPG PDC;Neural Oscillators,10.1109/72.392256,Wang,1995,Emergent synchrony in locally coupled neural oscillators,CPG PDC;Mathematical Examples;LM22;Neural Oscillators,BWIR3GIX,groups/735051
CPGs,10.1016/j.ics.2004.05.129,Inada,2004,Bipedal walk using a Central Pattern Generator,CPGs,M9H4BDRP,groups/735051
CPGs,10.1038/sc.1995.54,Illis,1995,Is there a central pattern generator in man?,CPGs,56DGI4GG,groups/735051
CPGs,10.1007/s11571-021-09710-0,Lu,2022,A new biological central pattern generator model and its relationship with the motor units,CPGs,WHTPJ7AD,groups/735051
CPGs,10.1523/jneurosci.4186-05.2006,Tryba,2006,Gasping activity in vitro: a rhythm dependent on 5-HT2A receptors,CPGs,UL4APE7B,groups/735051
CPGs,10.1523/jneurosci.07-12-03945.1987,Arbas,1987,Ionic conductances underlying the activity of interneurons that control heartbeat in the medicinal leech,Hunt17LR Papers;CPGs,BIXNI6CB,groups/735051
CPGs,10.1007/s005000000051,Arena,2000,The Central Pattern Generator: a paradigm for artificial locomotion,CPGs,P5QKAAGI,groups/735051
CPGs,10.1016/s0165-0173(98)00002-2,Grillner,1998,Intrinsic function of a neuronal network — a vertebrate central pattern generator,CPGs,3REA7Y9L,groups/735051
CPGs,10.1007/bf00337116,Bässler,1986,On the definition of central pattern generator and its sensory control,CPGs,5ZRICYDP,groups/735051
CPGs,10.1089/soro.2015.0012,Mirletz,2015,Goal-Directed CPG-Based Control for Tensegrity Spines with Many Degrees of Freedom Traversing Irregular Terrain,CPGs,X3WKXL27,groups/735051
CPGs,10.1109/tnnls.2013.2280596,Yu,2014,A Survey on CPG-Inspired Control Models and System Implementation,CPGs,KTYD5F39,groups/735051
CPGs,10.5772/59186,Wang,2014,CPG-based Sensory Feedback Control for Bio-inspired Multimodal Swimming,CPGs,UHM5JKK4,groups/735051
CPGs,10.3389/fnhum.2014.00371,Dzeladini,2014,The contribution of a central pattern generator in a reflex-based neuromuscular model,CPGs,SPATD6RD,groups/735051
CPGs,10.1523/jneurosci.5072-10.2011,Norris,2011,Constancy and Variability in the Output of a Central Pattern Generator,CPGs,GZSNQK6W,groups/735051
CPGs,10.1080/02640414.2010.507252,Schneider,2010,"Exercise, music, and the brain: Is there a central pattern generator?",CPGs,SKKII875,groups/735051
CPGs,10.1177/1073858409346339,Brocard,2010,Do Pacemakers Drive the Central Pattern Generator for Locomotion in Mammals?,CPGs,9LLWVC98,groups/735051
CPGs,10.1109/ijcnn.2012.6252803,Maeda,2012,Central pattern generator and its learning via simultaneous perturbation method,CPGs,2HPWUD3N,groups/735051
CPGs,10.1016/j.conb.2011.05.011,Harris-Warrick,2011,Neuromodulation and flexibility in Central Pattern Generator networks,CPGs,4GJM8VBQ,groups/735051
CPGs,10.1016/b978-0-444-53613-6.00014-9,Harris-Warrick,2010,General Principles of Rhythmogenesis in Central Pattern Generator Networks,CPGs,M6EUB49P,groups/735051
CPGs,10.1109/tbcas.2008.2001867,Vogelstein,2008,A Silicon Central Pattern Generator Controls Locomotion in Vivo,CPGs,JIKFDFL3,groups/735051
CPGs,10.1523/jneurosci.1437-08.2008,Tazerart,2008,The Persistent Sodium Current Generates Pacemaker Activities in the Central Pattern Generator for Locomotion and Regulates the Locomotor Rhythm,CPGs,ANPQGUH5,groups/735051
CPGs,10.1523/jneurosci.5692-07.2008,Barriere,2008,Prominent Role of the Spinal Central Pattern Generator in the Recovery of Locomotion after Partial Spinal Cord Injuries,CPGs,ZZ2UEFSA,groups/735051
CPGs,10.1152/jn.90436.2008,White,2008,Altered Gravity Highlights Central Pattern Generator Mechanisms,CPGs,CZ7ARYMT,groups/735051
CPGs,10.1007/s00422-005-0047-3,Iwasaki,2006,Sensory Feedback Mechanism Underlying Entrainment of Central Pattern Generator to Mechanical Resonance,Hunt17LR Papers;CPGs,W2NWXGNB,groups/735051
CPGs,10.1038/416174a,Suster,2002,Embryonic assembly of a central pattern generator without sensory input,CPGs,V29WH4UR,groups/735051
CPGs,10.1523/jneurosci.21-14-05374.2001,Gao,2001,Whisker Deafferentation and Rodent Whisking Patterns: Behavioral Evidence for a Central Pattern Generator,CPGs,8XATVT5K,groups/735051
CPGs,10.1152/jn.2000.83.5.2814,Lamb,2000,Could Different Directions of Infant Stepping Be Controlled by the Same Locomotor Central Pattern Generator?,CPGs,C6C33UUX,groups/735051
CPGs;Swimming,10.48550/arxiv.2603.02851,Wang,2026,"Design, Modeling and Direction Control of a Wire-Driven Robotic Fish Based on a 2-DoF Crank-Slider Mechanism",CPGs;Swimming,8CZ3SUNC,groups/735051
Damping in Locomotion,10.1088/0964-1726/23/6/065011,Jia,2014,Parametric resonance for vibration energy harvesting with design techniques to passively reduce the initiation threshold amplitude,Damping in Locomotion,52GCFJ5A,groups/735051
Damping in Locomotion,10.1038/s41598-023-30318-3,Mo,2023,Slack-based tunable damping leads to a trade-off between robustness and efficiency in legged locomotion,Damping in Locomotion;Haonan,393SCMF3,groups/735051
Damping in Locomotion,10.1093/pnasnexus/pgad298,Sutton,2023,Phase shift between joint rotation and actuation reflects dominant forces and predicts muscle activation patterns,Damping in Locomotion,Q7F352QK,groups/735051
Damping in Locomotion,10.1242/jeb.188748,Dallmann,2019,Motor control of an insect leg during level and incline walking,Damping in Locomotion,6PYFGV8I,groups/735051
Damping in Locomotion,10.1242/jeb.078139,Wosnitza,2013,Inter-leg coordination in the control of walking speed in Drosophila,Damping in Locomotion,VDPMV4D6,groups/735051
Damping in Locomotion,10.1242/jeb.065441,Harrison,2012,Forelimb muscle activity during equine locomotion,Damping in Locomotion,Y2JJ6QD7,groups/735051
Damping in Locomotion,10.1016/j.robot.2011.06.006,Garcia,2011,Combining series elastic actuation and magneto-rheological damping for the control of agile locomotion,Damping in Locomotion,QZU4L775,groups/735051
Damping in Locomotion,10.1115/1.4052804,Arelekatti,2021,Design of a Four-Bar Latch Mechanism and a Shear-Based Rotary Viscous Damper for Single-Axis Prosthetic Knees,Damping in Locomotion,VW6JI69R,groups/735051
Damping in Locomotion,10.1115/1.2718237,Cham,2006,Dynamic Stability of Open-Loop Hopping,Damping in Locomotion,SPDA5FTU,groups/735051
Damping in Locomotion,10.1126/scirobotics.abg4055,Badri-Spröwitz,2022,BirdBot achieves energy-efficient gait with minimal control using avian-inspired leg clutching,Damping in Locomotion;references_Lutz_thesis;Read,RAMHHS2D,groups/735051
Damping in Locomotion,10.1080/01691864.2022.2086018,Fukuhara,2022,Comparative anatomy of quadruped robots and animals: a review,Damping in Locomotion,3PZBJHMB,groups/735051
Damping in Locomotion;Stability in Legged Locomotion,10.1088/1748-3182/7/4/046010,Shen,2012,A fundamental mechanism of legged locomotion with hip torque and leg damping,Mo;Damping in Locomotion;Stability in Legged Locomotion,5HGYCXZN,groups/735051
Dual-Layered CPGs,10.1177/1729881419885288,Habu,2019,Three-dimensional walking of a simulated muscle-driven quadruped robot with neuromorphic two-level central pattern generators,Dual-Layered CPGs;references_Lutz_quadruped,H8AKBY7G,groups/735051
Foundational,10.1038/nature14539,LeCun,2015,Deep learning,Foundational;FSA_Extensions;Manuscript;Winter 2023,FN2PCPCZ,groups/735051
Foundational,10.1016/0893-6080(89)90020-8,Hornik,1989,Multilayer feedforward networks are universal approximators,Foundational;Deep ROA,Q4V6PG3S,groups/735051
Ia Afferent Cite,10.1152/jn.1967.30.3.466,Houk,1967,Responses of Golgi tendon organs to active contractions of the soleus muscle of the cat.,Ia Afferent Cite,YVFM8PS9,groups/735051
Ia Afferent Cite,10.1152/jn.2000.84.5.2709,Abelew,2000,Local Loss of Proprioception Results in Disruption of Interjoint Coordination During Locomotion in the Cat,Ia Afferent Cite,NXH5QEN5,groups/735051
Ia Afferent Cite,10.1002/dev.21282,Sharp,2015,Pyridoxine Treatment Alters Embryonic Motility in Chicks: Implications for the Role of Proprioception,Ia Afferent Cite,69P88RIQ,groups/735051
Ia Afferent Cite,10.1152/japplphysiol.00393.2004,Moritz,2004,Passive dynamics change leg mechanics for an unexpected surface during human hopping,Ia Afferent Cite,4NLZXYHC,groups/735051
Ia Afferent Cite,10.1242/jeb.244629,Duman,2023,Hindlimb muscle spindles inform preparatory forelimb coordination prior to landing in toads,Ia Afferent Cite,4TSCQIWZ,groups/735051
Local Feedback,10.1152/jn.00414.2023,Zill,2024,Mechanosensory encoding of forces in walking uphill and downhill: force feedback can stabilize leg movements in stick insects,Local Feedback,QT3XSTSW,groups/735051
Muscles,10.1186/1471-2474-14-104,Moraux,2013,Ankle dorsi- and plantar-flexion torques measured by dynamometry in healthy subjects from 5 to 80 years,Muscles,AVTFKMJC,groups/735051
Muscles,10.1016/j.jbiomech.2013.07.018,Yeo,2013,Phenomenological models of the dynamics of muscle during isotonic shortening,Muscles,VHPFI6KP,groups/735051
Muscles,10.1242/jeb.049163,Yeo,2011,Estimation of musculoskeletal models from in situ measurements of muscle action in the rat hindlimb,Muscles,A3CKML2W,groups/735051
Muscles,10.1109/cca.1996.558917,Cai,1996,A robust controller for manipulator driven by artificial muscle actuator,Muscles;Winter 2023,CQT2P7NS,groups/735051
Muscles,10.1109/aim.2013.6584102,Tietz,2013,Tetraspine: Robust terrain handling on a tensegrity robot using central pattern generators,Muscles;Biorobots,5GYJR3UX,groups/735051
Muscles,10.1177/1545968310390224,Chang,2011,Doublet Electrical Stimulation Enhances Torque Production in People With Spinal Cord Injury,Muscles,SYNCTGRD,groups/735051
Muscles;Spikes to Muscle Activation,10.1152/jn.2002.87.5.2271,Griffin,2002,Stimulation pattern that maximizes force in paralyzed and control whole thenar muscles,Muscles;Spikes to Muscle Activation;Ben;references_Lutz_thesis,FBV979LQ,groups/735051
Neural Oscillators,10.1051/mmnp/20105206,Fairhurst,2010,Observers for Canonic Models of Neural Oscillators,Neural Oscillators,Q56QN9MJ,groups/735051
Neural Oscillators,10.1103/physrevlett.74.4075,Aoyagi,1995,Network of Neural Oscillators for Retrieving Phase Information,Neural Oscillators,8DR7WSVT,groups/735051
Neural Oscillators,10.1007/s00422-020-00854-6,Kim,2021,Multifrequency Hebbian plasticity in coupled neural oscillators,Neural Oscillators,QZSGP3EZ,groups/735051
Neural Oscillators,10.1016/j.cnsns.2020.105611,Bashkirtseva,2021,Stochastic transitions between in-phase and anti-phase synchronization in coupled map-based neural oscillators,Neural Oscillators,W3STHJWC,groups/735051
Neural Oscillators,10.1103/physrevx.6.011015,Ullner,2016,Self-Sustained Irregular Activity in an Ensemble of Neural Oscillators,Neural Oscillators,DCYV25AD,groups/735051
Neural Oscillators,10.1007/s11370-009-0049-4,Ryu,2010,Locomotion of snake-like robots using adaptive neural oscillators,Neural Oscillators,EVINGYQ7,groups/735051
Neural Oscillators,10.1016/j.neunet.2014.08.008,Ueda,2015,Multistate network model for the pathfinding problem with a self-recovery property,Neural Oscillators,EETVINHU,groups/735051
Neural Oscillators,10.1142/s0218127413300395,Panchuk,2013,Synchronization of coupled neural oscillators with heterogeneous delays,Neural Oscillators,P9IRSSMV,groups/735051
Neural Oscillators,10.1007/s10827-008-0120-8,Ly,2009,Synchronization dynamics of two coupled neural oscillators receiving shared and unshared noisy stimuli,Neural Oscillators,JN69TKVE,groups/735051
Neural Oscillators,10.1016/j.neucom.2006.10.075,Galán,2007,Reliability and stochastic synchronization in type I vs. type II neural oscillators,Neural Oscillators,LZQSD5WC,groups/735051
Neural Oscillators,10.1103/physreve.73.031907,Sakaguchi,2006,Instability of synchronized motion in nonlocally coupled neural oscillators,Neural Oscillators,IJM9Y24R,groups/735051
Neural Oscillators,10.1109/robot.2000.844870,Arsenio,2000,Tuning of neural oscillators for the design of rhythmic motions,Neural Oscillators,87AGPAEJ,groups/735051
Neural Oscillators,10.1103/physreve.60.2086,Coombes,1999,Mode locking and Arnold tongues in integrate-and-fire neural oscillators,Neural Oscillators,T4HW2ZG5,groups/735051
Neural Oscillators,10.1523/jneurosci.0426-09.2009,Achuthan,2009,"Phase-Resetting Curves Determine Synchronization, Phase Locking, and Clustering in Networks of Neural Oscillators",Neural Oscillators,UZ9QS9FS,groups/735051
Neural Oscillators,10.1162/08997660152002861,Ermentrout,2001,The Effects of Spike Frequency Adaptation and Negative Feedback on the Synchronization of Neural Oscillators,Neural Oscillators,RBCLFFPY,groups/735051
Neural Oscillators,10.1103/physrevlett.75.3190,Han,1995,Dephasing and Bursting in Coupled Neural Oscillators,Neural Oscillators,KTI5JRPS,groups/735051
Neural Oscillators,10.1007/bf00198086,Taga,1991,Self-organized control of bipedal locomotion by neural oscillators in unpredictable environment,Neural Oscillators,UBNQ9BRR,groups/735051
Neuron Modeling,10.1016/j.amc.2018.10.087,Wu,2019,A new neuron model under electromagnetic field,Neuron Modeling,HSYJHKKQ,groups/735051
Neuron Modeling,10.1126/science.1181936,Gerstner,2009,How Good Are Neuron Models?,Neuron Modeling,4J6LJF98,groups/735051
Neuron Modeling,10.1007/s11071-011-0046-y,Shilnikov,2012,Complete dynamical analysis of a neuron model,Neuron Modeling,YG38SFFR,groups/735051
Neuron Modeling,10.1016/j.neucom.2005.03.006,Tsumoto,2006,Bifurcations in Morris–Lecar neuron model,Neuron Modeling,8JCJ65C2,groups/735051
Neuron Modeling,10.1016/s0006-3495(62)86953-7,Rall,1962,Electrophysiology of a Dendritic Neuron Model,Neuron Modeling,NRM9Y59C,groups/735051
Neuron Modeling,10.1162/08997660360675053,Shriki,2003,Rate Models for Conductance-Based Cortical Neuronal Networks,Neuron Modeling,SSIQETQ2,groups/735051
Neuron Modeling,10.1146/annurev.neuro.28.061604.135637,Vogels,2005,NEURAL NETWORK DYNAMICS,Neuron Modeling,9E5RB6FG,groups/735051
Neuron Modeling,10.1007/s00422-006-0068-6,Burkitt,2006,A Review of the Integrate-and-fire Neuron Model: I. Homogeneous Synaptic Input,Subthreshold Dynamics;Neuron Modeling,P7LEPBA8,groups/735051
Neuron Modeling,10.1109/tnn.2003.820440,Izhikevich,2003,Simple model of spiking neurons,Manuel papers;FSA_Extensions;Neuron Modeling,VLJKMHVB,groups/735051
Neuron Modeling,10.1016/s0006-3495(72)86068-5,Wilson,1972,Excitatory and Inhibitory Interactions in Localized Populations of Model Neurons,Neuron Modeling,I4SJYQVQ,groups/735051
Neuron Modeling,10.1016/j.neunet.2019.03.005,Tanaka,2019,Recent advances in physical reservoir computing: A review,Reservoir Computers (RCs);Neuron Modeling,NEX6UV3X,groups/735051
Neuron Modeling,10.7551/mitpress/2526.001.0001,Izhikevich,2006,Dynamical Systems in Neuroscience: The Geometry of Excitability and Bursting,Neuron Modeling,FADCLD25,groups/735051
Neuron Modeling,10.1113/jphysiol.1952.sp004764,Hodgkin,1952,A quantitative description of membrane current and its application to conduction and excitation in nerve,Spiking Neural Networks (SNNs);Manuscript;references_Lutz_thesis;Neuron Modeling,2XYKN9L5,groups/735051
Neuron Modeling,10.1016/s0893-6080(97)00011-7,Maass,1997,Networks of spiking neurons: The third generation of neural network models,Spiking Neural Networks (SNNs);Neuron Modeling,N4Q9B3HU,groups/735051
Neuron Modeling,10.1007/s11071-016-2647-y,Hu,2016,An electronic implementation for Morris–Lecar neuron model,Neuron Modeling,ZJAVPMIR,groups/735051
Neuron Modeling,10.1109/tnnls.2018.2846646,Gao,2019,"Dendritic Neuron Model With Effective Learning Algorithms for Classification, Approximation, and Prediction",Neuron Modeling,MJ2EDAYF,groups/735051
Neuron Modeling,10.1016/j.neucom.2016.05.004,Lv,2016,Multiple modes of electrical activities in a new neuron model under electromagnetic radiation,Neuron Modeling,QQUKG4VW,groups/735051
Neuron Modeling,10.1371/journal.pone.0138919,Nobukawa,2015,Analysis of Chaotic Resonance in Izhikevich Neuron Model,Neuron Modeling,W7DFJ37Z,groups/735051
Neuron Modeling,10.1109/tcsi.2013.2286030,Gomar,2014,Digital Multiplierless Implementation of Biological Adaptive-Exponential Neuron Model,Neuron Modeling,G2G7D24S,groups/735051
Neuron Modeling,10.1007/s00422-006-0082-8,Burkitt,2006,A review of the integrate-and-fire neuron model: II. Inhomogeneous synaptic input and network properties,Neuron Modeling,MP7E35CJ,groups/735051
Neuron Modeling,10.1016/j.eswa.2008.01.061,Zhao,2009,PSO-based single multiplicative neuron model for time series prediction,Neuron Modeling,I2TGG7UT,groups/735051
Neuron Modeling,10.3389/neuro.10.009.2009,Kobayashi,2009,Made-to-order spiking neuron model equipped with a multi-timescale adaptive threshold,Neuron Modeling,FLA8Z2V2,groups/735051
Neuron Modeling,10.1007/s00422-008-0257-6,Van Geit,2008,Automated neuron model optimization techniques: a review,Neuron Modeling,L8GKCN36,groups/735051
Neuron Modeling,10.1016/j.asoc.2006.01.003,Yadav,2007,Time series prediction with single multiplicative neuron model,Neuron Modeling,MI582KAN,groups/735051
Neuron Modeling,10.1152/jn.00412.2001,Golowasch,2002,Failure of Averaging in the Construction of a Conductance-Based Neuron Model,Neuron Modeling,9PDK6PPS,groups/735051
Neuron Modeling,10.1007/bf00337367,Zetterberg,1978,Performance of a model for a local neuron population,Neuron Modeling,B4NP5LFQ,groups/735051
Neuron Modeling,10.1007/bf00290514,Nagumo,1972,On a response characteristic of a mathematical neuron model,Neuron Modeling,F6KTBC3F,groups/735051
OUT-OF-SCOPE (),10.1007/978-94-007-7194-9_49-1,Goswami,2017,CPG-Based Control of Humanoid Robot Locomotion,,QTFDM9IC,users/0
OUT-OF-SCOPE (),10.1007/978-3-319-95972-6_15,Vouloutsi,2018,Neuromechanical Model of Rat Hind Limb Walking with Two Layer CPGs and Muscle Synergies,,25VAKA5Q,users/0
OUT-OF-SCOPE (),10.1063/1.1710314,Hickman,1937,The Dynamics of A Bow and Arrow,,2DU4BIAZ,users/0
OUT-OF-SCOPE (),10.1113/jp270228,Song,2015,A neural circuitry that emphasizes spinal feedback generates diverse behaviours of human locomotion: A spinal feedback circuitry generating human locomotion behaviors,,FGSAKF2I,users/0
OUT-OF-SCOPE (),10.1007/bf00449593,Matsuoka,1985,Sustained oscillations generated by mutually inhibiting neurons with adaptation,,J2EMEGYP,users/0
OUT-OF-SCOPE (),10.3113/fai.2011.0300,McCullough,2011,Moment Arms of the Ankle Throughout the Range of Motion in Three Planes,,MLFKI772,users/0
OUT-OF-SCOPE (),10.1016/j.jbiomech.2011.06.019,Modenese,2011,An open source lower limb model: Hip joint validation,,GDQDFVE5,users/0
OUT-OF-SCOPE (),10.1109/embc.2013.6610650,Song,2013,Integration of an adaptive swing control into a neuromuscular human walking model,,R6MX3G2X,users/0
OUT-OF-SCOPE (),10.1109/icra.2012.6225149,Klein,2012,A neurorobotic model of bipedal locomotion based on principles of human neuromuscular architecture,,V83Q8SQH,users/0
OUT-OF-SCOPE (),10.1109/icra.2012.6225307,Song,2012,Regulating speed and generating large speed transitions in a neuromuscular human walking model,,PG92AUBL,users/0
OUT-OF-SCOPE (),10.1155/2019/9232430,Winiarski,2019,"Three-Dimensional Human Gait Pattern: Reference Data for Young, Active Women Walking with Low, Preferred, and High Speeds",,2LF8WH36,users/0
OUT-OF-SCOPE (),10.1002/jor.1100080310,Kadaba,1990,Measurement of lower extremity kinematics during level walking,,FGLTFVDK,users/0
OUT-OF-SCOPE (),10.1007/978-94-007-6046-2_7,Yamane,2018,A Comparative Study Between Humans and Humanoid Robots,,5UME3J7X,users/0
OUT-OF-SCOPE (),10.1038/s41598-017-13766-6,Sartori,2017,In Vivo Neuromechanics: Decoding Causal Motor Neuron Behavior with Resulting Musculoskeletal Function,,CXCKIBRM,users/0
OUT-OF-SCOPE (),10.1109/tbme.2025.3620626,Chen,2026,Automated Muscle Path Calibration With Gradient-Specified Optimization Based on Moment Arm,,HPTKP4QK,users/0
OUT-OF-SCOPE (),10.3389/fbioe.2022.920462,Prasad,2022,A Framework for Determining the Performance and Requirements of Cable-Driven Mobile Lower Limb Rehabilitation Exoskeletons,,QIC6VMCN,users/0
OUT-OF-SCOPE (),10.1016/j.jbiomech.2007.11.020,Koehle,2008,A method of calculating physiologically relevant joint reaction forces during forward dynamic simulations of movement from an existing knee model,,F5HZ7BFZ,users/0
OUT-OF-SCOPE (),10.1016/0268-0033(95)00021-6,Gill,1996,Biarticulating two-dimensional computer model of the human patellofemoral joint,,7R6UHA5B,users/0
OUT-OF-SCOPE (),10.1243/0954411001535778,Imran,2000,The variation in the orientations and moment arms of the knee extensor and flexor muscle tendons with increasing muscle force: A mathematical analysis,,IKPQMRG6,users/0
OUT-OF-SCOPE (),10.3390/act15050230,Bolen,2026,Isometric Force Characterization of Braided Pneumatic Actuators,,XIIYB5T8,users/0
OUT-OF-SCOPE (),10.1016/s0021-9290(01)00222-6,Wu,2002,"ISB recommendation on definitions of joint coordinate system of various joints for the reporting of human joint motion—part I: ankle, hip, and spine",,VVUVTATF,users/0
OUT-OF-SCOPE (),10.1016/j.jbiomech.2004.05.042,Wu,2005,"ISB recommendation on definitions of joint coordinate systems of various joints for the reporting of human joint motion—Part II: shoulder, elbow, wrist and hand",,5JBCJPJ2,users/0
OUT-OF-SCOPE (),10.1016/j.jbiomech.2019.109533,Derrick,2020,ISB recommendations on the reporting of intersegmental forces and moments during human motion analysis,,94JUL49Z,users/0
OUT-OF-SCOPE (),10.1109/tbme.2007.901024,Delp,2007,OpenSim: Open-Source Software to Create and Analyze Dynamic Simulations of Movement,,DCTB98BB,users/0
OUT-OF-SCOPE (),0021-9290(95)00017-8,Wu,1995,FOR STANDARDIZATION IN THE REPORTING OF KINEMATIC DATA,,5BBKU5ND,users/0
OUT-OF-SCOPE (),10.1007/978-3-030-64313-3_25,Morrow,2020,Optimization of Artiﬁcial Muscle Placements for a Humanoid Bipedal Robot,,6EIK7PLZ,users/0
OUT-OF-SCOPE (),10.1007/978-3-319-96728-8_8,Steele,2018,Biomimetic Knee Design to Improve Joint Torque and Life for Bipedal Robotics,,Y3VRP59U,users/0
OUT-OF-SCOPE (),10.1016/j.medengphy.2019.07.010,Aksöz,2019,Design of an isokinetic knee dynamometer for evaluation of functional electrical stimulation strategies,,AP8BKACQ,users/0
OUT-OF-SCOPE (),10.1016/j.jbiomech.2011.10.014,Suderman,2012,Moving muscle points provide accurate curved muscle paths in a model of the cervical spine,,NZANI6PS,users/0
OUT-OF-SCOPE (),10.1115/detc2013-13633,Sherman,2013,What is a Moment Arm? Calculating Muscle Effectiveness in Biomechanical Models Using Generalized Coordinates,,3ZECQB39,users/0
OUT-OF-SCOPE (),10.1109/10.102791,Delp,1990,An interactive graphics-based model of the lower extremity to study orthopaedic surgical procedures,,GAK4A5US,users/0
OUT-OF-SCOPE (),10.1016/0021-9290(89)90179-6,Yamaguchi,1989,A planar model of the knee joint to characterize the knee extensor mechanism,,5U7SJSXZ,users/0
OUT-OF-SCOPE (),10.1007/978-3-319-63537-8_35,Steele,2017,Development of a Bio-inspired Knee Joint Mechanism for a Bipedal Robot,,W24AIPGJ,users/0
OUT-OF-SCOPE (),10.1007/978-1-4613-9030-5_5,Winters,1990,Hill-Based Muscle Models: A Systems Engineering Perspective,,PMPR5TC7,users/0
OUT-OF-SCOPE (),10.1080/01691864.2022.2046502,Shin,2022,Sensorless angle and stiffness control of antagonistic PAM actuator using reference set,,TZPKVWNE,users/0
OUT-OF-SCOPE (),10.3390/act7040082,Martens,2018,A Novel Framework for a Systematic Integration of Pneumatic-Muscle-Actuator-Driven Joints into Robotic Systems Via a Torque Control Interface,,NIEI9TRH,users/0
OUT-OF-SCOPE (),10.1111/sms.14639,Van Hooren,2024,The role of pennation angle and architectural gearing to rate of force development in dynamic and isometric muscle contractions,,AHTWS9Z4,users/0
OUT-OF-SCOPE (),10.3389/fphys.2021.683931,Monte,2021,Muscle Belly Gearing Positively Affects the Force–Velocity and Power–Velocity Relationships During Explosive Dynamic Contractions,,3REJWZ2Y,users/0
OUT-OF-SCOPE (),10.1109/70.481753,Chou,1996,Measurement and modeling of McKibben pneumatic artificial muscles,,YQEJW6I2,users/0
OUT-OF-SCOPE (),10.1109/biorob.2006.1639201,Aschenbeck,2006,Design of a Quadruped Robot Driven by Air Muscles,,W7PEANML,users/0
OUT-OF-SCOPE (),10.1109/robosoft54090.2022.9762146,Tondu,2022,Static Modeling of Pneumatic Artificial Muscle Actuator,,ABVMF8R4,users/0
OUT-OF-SCOPE (),10.1080/01691864.2018.1455606,Suzumori,2018,Trends in hydraulic actuators and components in legged and tough robots: a review,,T3UIWN2M,users/0
OUT-OF-SCOPE (),10.1016/j.medengphy.2016.01.010,Veale,2016,Towards compliant and wearable robotic orthoses: A review of current and emerging actuator technologies,,IR7S95US,users/0
OUT-OF-SCOPE (),10.1139/tcsme-2017-514,Sárosi,2017,COMPARATIVE SURVEY OF VARIOUS STATIC AND DYNAMIC MODELS OF PNEUMATIC ARTIFICIAL MUSCLES,,WWGMLBSM,users/0
OUT-OF-SCOPE (),10.1109/tro.2021.3106832,Schilling,2022,From Adaptive Locomotion to Predictive Action Selection – Cognitive Control for a Six-Legged Walker,,5KSBNXWZ,users/0
OUT-OF-SCOPE (),10.1146/annurev-control-091919-095731,Ijspeert,2020,Amphibious and Sprawling Locomotion: From Biology to Robotics and Back,,E3E5D7ZN,users/0
OUT-OF-SCOPE (),10.1186/s10033-020-00485-9,He,2020,"Mechanism, Actuation, Perception, and Control of Highly Dynamic Multilegged Robots: A Review",,7XEWJGSY,users/0
OUT-OF-SCOPE (),10.1371/journal.pcbi.1006223,Seth,2018,OpenSim: Simulating musculoskeletal dynamics and neuromuscular control to study human and animal movement,,7NJYYM3T,users/0
OUT-OF-SCOPE (),10.1016/j.jbiomech.2012.06.037,John,2012,Contributions of muscles to mediolateral ground reaction force over a range of walking speeds,,QM6FEMAH,users/0
OUT-OF-SCOPE (),10.1115/1.3138363,Brand,1982,A Model of Lower Extremity Muscular Anatomy,,DJ6Q3DM9,users/0
OUT-OF-SCOPE (),10.1007/s10439-009-9852-5,Arnold,2010,A Model of the Lower Limb for Analysis of Human Movement,,ASHJ5GH6,users/0
OUT-OF-SCOPE (),10.1115/1.3138568,Andrews,1985,A General Method for Determining the Functional Role of a Muscle,,WHEA54KL,users/0
OUT-OF-SCOPE (),10.1088/1748-3190/ab03fc,Asano,2019,"Musculoskeletal design, control, and application of human mimetic humanoid Kenshiro",,YXGZ2KJL,users/0
OUT-OF-SCOPE (),10.1016/j.neucom.2018.12.069,Chen,2019,Realizing human-like manipulation with a musculoskeletal system and biologically inspired control scheme,,VG8QYDDW,users/0
OUT-OF-SCOPE (),10.1177/1687814020933409,Liang,2020,Comparative study of robotic artificial actuators and biological muscle,,SCDS8UBS,users/0
OUT-OF-SCOPE (),10.1080/01691864.2018.1434015,Shin,2018,Constructive understanding and reproduction of functions of gluteus medius by using a musculoskeletal walking robot,,96ZHLTD7,users/0
OUT-OF-SCOPE (),10.1126/scirobotics.aaq0899,Asano,2017,Design principles of a human mimetic humanoid: Humanoid platform to study human intelligence and internal body system,,J6B2E8WZ,users/0
OUT-OF-SCOPE (),10.1098/rsif.2018.0024,Liu,2018,Robotic investigation on effect of stretch reflex and crossed inhibitory response on bipedal hopping,,VLXI9RV6,users/0
OUT-OF-SCOPE (),10.1080/01691864.2018.1494040,Hitzmann,2018,Anthropomorphic musculoskeletal 10 degrees-of-freedom robot arm driven by pneumatic artificial muscles,,Z89FQQ99,users/0
OUT-OF-SCOPE (),10.1186/s40648-016-0061-3,Kurumaya,2016,Musculoskeletal lower-limb robot driven by multifilament muscles,,DYH78BVW,users/0
OUT-OF-SCOPE (),10.1007/978-3-030-24741-6_2,Bolen,2019,Determination of Artificial Muscle Placement for Biomimetic Humanoid Robot Legs,,5966Q5LJ,users/0
OUT-OF-SCOPE (),10.1115/detc2017-67458,Hunt,2017,Modeling length effects of braided pneumatic actuators,,CXLTKNDC,users/0
OUT-OF-SCOPE (),10.1115/1.4023390,Millard,2013,Flexing Computational Muscle: Modeling and Simulation of Musculotendon Dynamics,,YGAE9HG6,users/0
OUT-OF-SCOPE (),10.3390/act6040033,Martens,2017,Modeling the Static Force of a Festo Pneumatic Muscle Actuator: A New Approach and a Comparison to Existing Models,,V7TZV2UB,users/0
OUT-OF-SCOPE (),10.1115/1.1531112,Thelen,2003,Adjustment of Muscle Mechanics Model Parameters to Simulate Dynamic Contractions in Older Adults,,J4TCC6IC,users/0
OUT-OF-SCOPE (),10.3390/s22124440,Mikolajczyk,2022,"Recent Advances in Bipedal Walking Robots: Review of Gait, Drive, Sensors and Control Systems",,FNHFV5IT,users/0
OUT-OF-SCOPE (),10.3389/fncom.2019.00013,Sreenivasa,2019,Editorial: Neuromechanics and Control of Physical Behavior: From Experimental and Computational Formulations to Bio-inspired Technologies,,6Y9BXM95,users/0
OUT-OF-SCOPE (),10.3389/fncom.2017.00015,Song,2017,Evaluation of a Neuromechanical Walking Control Model Using Disturbance Experiments,,CNHLFXLS,users/0
OUT-OF-SCOPE (),10.3389/fnbot.2019.00086,Torricelli,2019,Editorial: Assessing Bipedal Locomotion: Towards Replicable Benchmarks for Robotic and Robot-Assisted Locomotion,,IQEDGTIF,users/0
OUT-OF-SCOPE (),10.1186/s12984-017-0305-3,Valero-Cuevas,2017,On neuromechanical approaches for the study of biological and robotic grasp and manipulation,,HQNZ4IQM,users/0
OUT-OF-SCOPE (),10.1002/cphy.c240002,Nichols,2024,Neuromechanical Circuits of the Spinal Motor Apparatus,,A5ZVHFEU,users/0
OUT-OF-SCOPE (),10.1017/s0263574713001045,Fukuoka,2014,Dynamic bipedal walking of a dinosaur-like robot with an extant vertebrate's nervous system,,6CNLYXVH,users/0
OUT-OF-SCOPE (),10.1126/scirobotics.adn1125,Ishida,2024,Paleoinspired robotics as an experimental approach to the history of life,,P9XKIL78,users/0
OUT-OF-SCOPE (),10.3389/fncom.2023.1143323,Fietkiewicz,2023,Tutorial: using NEURON for neuromechanical simulations,,IQCUZD4F,users/0
OUT-OF-SCOPE (),10.1088/1741-2552/acfdcc,Di Russo,2023,Investigating the roles of reflexes and central pattern generators in the control and modulation of human locomotion using a physiologically plausible neuromechanical model,,6XIT9MYM,users/0
OUT-OF-SCOPE (),10.1113/jp288089,Klishko,2025,Effects of spinal transection and locomotor speed on muscle synergies of the cat hindlimb,,VMPDDK3T,users/0
OUT-OF-SCOPE (),10.1113/jp287448,Rahmati,2025,Role of forelimb morphology in muscle sensorimotor functions during locomotion in the cat,,VW2STK9J,users/0
OUT-OF-SCOPE (),10.1152/jn.00230.2022,Lecomte,2022,Modulation of the gait pattern during split-belt locomotion after lateral spinal cord hemisection in adult cats,,X7IW437G,users/0
OUT-OF-SCOPE (),10.1007/s00422-022-00951-8,Wang,2022,"Variational and phase response analysis for limit cycles with hard boundaries, with applications to neuromechanical control problems",,2M4B8KRC,users/0
OUT-OF-SCOPE (),10.3390/app12094146,Fukuoka,2022,Pace Running of a Quadruped Robot Driven by Pneumatic Muscle Actuators: An Experimental Study,,WERPCQIX,users/0
OUT-OF-SCOPE (),10.1109/sii59315.2025.10870582,Yoshida,2025,Implementing Stretch Reflex in Musculoskeletal Robots Driven by Pneumatic Artificial Muscles Using Nonlinear Spring Model*,,KZ3CAYQS,users/0
OUT-OF-SCOPE (),10.1088/1748-3190/ad839e,Tanaka,2024,Enhancing postural stability in musculoskeletal quadrupedal locomotion through tension feedback for CPG-based controller,,26LQF55W,users/0
OUT-OF-SCOPE (),10.3389/frobt.2024.1449721,Li,2024,Controller design and experimental validation of walking for a musculoskeletal bipedal lower limb robot based on the spring-loaded inverted pendulum model,,FQZNX67B,users/0
OUT-OF-SCOPE (),10.1007/978-3-030-70316-5_45,Ikkala,2022,Converting Biomechanical Models from OpenSim to MuJoCo,,HSXUC7FG,users/0
OUT-OF-SCOPE (),10.1109/icra46639.2022.9811684,Wang,2022,MyoSim: Fast and physiologically realistic MuJoCo models for musculoskeletal and exoskeletal studies,,D6W75UDD,users/0
OUT-OF-SCOPE (),10.1186/s12984-019-0559-z,Durandau,2019,Voluntary control of wearable robotic exoskeletons by patients with paresis via neuromechanical modeling,,EEW3346K,users/0
OUT-OF-SCOPE (),10.1177/0265407509347936,Zacchilli,2009,The romantic partner conflict scale: A new scale to measure relationship conflict:,,5MQC7BV9,users/0
OUT-OF-SCOPE (),10.1038/nn963,Todorov,2002,Optimal feedback control as a theory of motor coordination,,UMEGC3TP,users/0
OUT-OF-SCOPE (),10.1177/0093650215626983,Jones,2016,"The Impact of Mindfulness on Empathy, Active Listening, and Perceived Provisions of Emotional Support:",,J5UI8YQR,users/0
OUT-OF-SCOPE (),10.1113/jp272787,Danner,2016,Central control of interlimb coordination and speed-dependent gait expression in quadrupeds.,,CGXPIYJZ,users/0
OUT-OF-SCOPE (),10.7287/peerj.preprints.26734v1,Yakovenko,2018,Analytical CPG model driven by limb velocity input generates accurate temporal locomotor dynamics.,,8TGRY985,users/0
OUT-OF-SCOPE (),10.3389/fnsys.2023.1199079,Mari,2023,A sensory signal related to left-right symmetry modulates intra- and interlimb cutaneous reflexes during locomotion in intact cats,,3M75PYLM,users/0
OUT-OF-SCOPE (),10.1152/jn.00250.2018,Mayer,2018,Role of muscle spindle feedback in regulating muscle activity strength during walking at different speed in mice.,,ISTFNXMB,users/0
OUT-OF-SCOPE (),10.1152/jn.00866.2014,Bui,2015,Sensory-evoked perturbations of locomotor activity by sparse sensory input: a computational study,,GCM5KYXP,users/0
OUT-OF-SCOPE (),10.1016/j.cell.2015.06.036,Machado,2015,Primacy of Flexor Locomotor Pattern Revealed by Ancestral Reversion of Motor Neuron Identity,,WPHXZALY,users/0
OUT-OF-SCOPE (),10.3390/ijms22115882,Grillner,2021,The CPGs for Limbed Locomotion-Facts and Fiction.,,W2DGDE89,users/0
OUT-OF-SCOPE (),10.3389/fncir.2022.1076766,Gosgnach,2022,Synaptic connectivity amongst components of the locomotor central pattern generator,,FAI4RHRI,users/0
OUT-OF-SCOPE (),10.1016/j.neuron.2012.05.011,Arber,2012,"Motor circuits in action: specification, connectivity, and function",,CR5JB59J,users/0
OUT-OF-SCOPE (),10.1146/annurev-neuro-083122-025325,Sengupta,2023,Spinal Interneurons: Diversity and Connectivity in Motor Control,,BJNJT7IM,users/0
OUT-OF-SCOPE (),10.1113/jphysiol.2006.113043,Perreault,2006,Contribution of morphology and membrane resistance to integration of fast synaptic signals in two thalamic cell types,,4HGBEETW,users/0
OUT-OF-SCOPE (),10.1113/jphysiol.1958.sp006101,Eccles,1958,Integrative pattern of Ia synaptic actions on motoneurones of hip and knee muscles.,,JHXFUNC5,users/0
OUT-OF-SCOPE (),10.1016/b978-0-444-53613-6.00006-x,Brownstone,2010,Spinal interneurons providing input to the final common path during locomotion,,UP82GPFY,users/0
OUT-OF-SCOPE (),10.1113/jphysiol.2010.195644,Kasumacic,2010,Segmental patterns of vestibular-mediated synaptic inputs to axial and limb motoneurons in the neonatal mouse assessed by optical recording,,Q9M3R36V,users/0
OUT-OF-SCOPE (),10.3389/fncom.2013.00083,Krouchev,2013,Motor cortical regulation of sparse synergies provides a framework for the flexible control of precision walking,,EQ9FJRGH,users/0
OUT-OF-SCOPE (),10.1152/jn.00216.2005,Lafrenière-Roula,2005,Deletions of Rhythmic Motoneuron Activity During Fictive Locomotion and Scratch Provide Clues to the Organization of the Mammalian Central Pattern Generator,,R82ZB32F,users/0
OUT-OF-SCOPE (),10.1523/jneurosci.1082-18.2018,Hurteau,2018,A Spinal Mechanism Related to Left–Right Symmetry Reduces Cutaneous Reflex Modulation Independently of Speed During Split-Belt Locomotion,,YTLZ7LCE,users/0
OUT-OF-SCOPE (),10.1016/j.cophys.2019.03.001,Perreault,2019,Diversity of reticulospinal systems in mammals,,SJWI9DT6,users/0
OUT-OF-SCOPE (),10.1523/jneurosci.22-18-08259.2002,Perreault,2002,Motoneurons have different membrane resistance during fictive scratching and weight support.,,SVM2JBR4,users/0
OUT-OF-SCOPE (),10.1113/jphysiol.2005.095505,Stecina,2005,Parallel reflex pathways from flexor muscle afferents evoking resetting and flexion enhancement during fictive locomotion and scratch in the cat.,,HBXEMWEI,users/0
OUT-OF-SCOPE (),10.3390/biomimetics7040226,Deng,2022,Biomechanical and Sensory Feedback Regularize the Behavior of Different Locomotor Central Pattern Generators,,X8VYY6I4,users/0
OUT-OF-SCOPE (),10.1089/neu.2022.0042,Audet,2022,Control of fore- and hindlimb movements and their coordination during quadrupedal locomotion across speeds in adult spinal cats,,KAA8KFWP,users/0
OUT-OF-SCOPE (),10.1113/jphysiol.2005.091744,Nielsen,2005,Organization of common synaptic drive to motoneurones during fictive locomotion in the spinal cat,,JXG86KPX,users/0
OUT-OF-SCOPE (),10.1113/jphysiol.1993.sp019498,Beloozerova,1993,The role of the motor cortex in the control of accuracy of locomotor movements in the cat.,,FS5NATYM,users/0
OUT-OF-SCOPE (),10.1038/s41598-021-90058-0,Stark,2021,A three-dimensional musculoskeletal model of the dog.,,HKKG8BST,users/0
OUT-OF-SCOPE (),10.1101/2021.09.01.458603,Zhang,2021,The role of V3 neurons in speed-dependent interlimb coordination during locomotion in mice,,RN257M7P,users/0
OUT-OF-SCOPE (),10.1007/s00422-016-0704-8,Lyttle,2017,"Robustness, flexibility, and sensitivity in a multifunctional motor control model",,YKU72TBX,users/0
OUT-OF-SCOPE (),10.1523/jneurosci.06-05-01308.1986,Capaday,1986,Amplitude modulation of the soleus H-reflex in the human during walking and standing,,YPMRGLWE,users/0
OUT-OF-SCOPE (),10.1523/jneurosci.3931-12.2013,Frigon,2013,Split-belt walking alters the relationship between locomotor phases and cycle duration across speeds in intact and chronic spinalized adult cats.,,B24E7NHB,users/0
OUT-OF-SCOPE (),10.1093/icb/icm065,Procházka,2007,Predictive and reactive tuning of the locomotor CPG,,HYT5D5BK,users/0
OUT-OF-SCOPE (),10.7939/r3639kg5w,Griener,2016,Connectivity and Regional Distribution of Constituent Cells of the Mammalian Locomotor Central Pattern Generator,,K2J9YCWX,users/0
OUT-OF-SCOPE (),10.1038/s41467-023-41750-4,Masuda,2023,Ketamine evoked disruption of entorhinal and hippocampal spatial maps,,3ZHRZD8R,users/0
OUT-OF-SCOPE (),10.1523/jneurosci.1316-22.2022,Zanos,2023,NMDA Receptor Activation-Dependent Antidepressant-Relevant Behavioral and Synaptic Actions of Ketamine,,RIKLNLQK,users/0
OUT-OF-SCOPE (),10.1111/j.1743-6109.2011.02211.x,Tajkarimi,2011,The Role of Genital Nerve Afferents in the Physiology of the Sexual Response and Pelvic Floor Function,,VPY6CA2N,users/0
OUT-OF-SCOPE (),10.1038/s41598-022-14020-4,Ruesink,2022,A psychophysical and neuroimaging analysis of genital hedonic sensation in men,,XVLRIVQB,users/0
OUT-OF-SCOPE (),10.1016/0006-8993(86)90357-4,Halata,1986,The neuroanatomical basis for the protopathic sensibility of the human glans penis,,Z2VDFV2Y,users/0
OUT-OF-SCOPE (),10.1177/2398212818810685,Grant,2018,Synapse molecular complexity and the plasticity-behaviour problem,,6UK6ULB9,users/0
OUT-OF-SCOPE (),10.1101/sqb.2018.83.037887,Grant,2019,The Synaptomic Theory of Behavior and Brain Disease,,S8L9XIRJ,users/0
OUT-OF-SCOPE (),10.1038/nn.3276,Nithianantharajah,2013,Synaptic scaffold evolution generated components of vertebrate cognitive complexity,,QNAUQZVV,users/0
OUT-OF-SCOPE (),10.1038/nn.3292,Belgard,2013,Retooling spare parts: gene duplication and cognition,,JK7PKMYA,users/0
OUT-OF-SCOPE (),10.1038/nn.3277,Ryan,2013,Evolution of GluN2A/B cytoplasmic domains diversified vertebrate synaptic plasticity and behavior,,S4MMZDEP,users/0
OUT-OF-SCOPE (),10.1007/bf00204111,Shadmehr,1992,A mathematical analysis of the force-stiffness characteristics of muscles in control of a single joint system,,FZ43LIHG,users/0
OUT-OF-SCOPE (),10.1109/tnn.2004.832719,Izhikevich,2004,Which Model to Use for Cortical Spiking Neurons?,,CP9EC3VB,users/0
OUT-OF-SCOPE (),10.3390/biomimetics4010021,Deng,2019,Neuromechanical Model of Rat Hindlimb Walking with Two-Layer CPGs,,ZAK4FK2K,users/0
OUT-OF-SCOPE (),10.1371/journal.pbio.0050316,Miall,2007,Disruption of State Estimation in the Human Lateral Cerebellum,,SKZLALUY,users/0
OUT-OF-SCOPE (),10.1523/jneurosci.3115-09.2009,Xu-Wilson,2009,Cerebellar Contributions to Adaptive Control of Saccades in Humans,,KWIC97M8,users/0
OUT-OF-SCOPE (),10.1523/jneurosci.3988-03.2004,Roy,2004,Dissociating Self-Generated from Passively Applied Head Motion: Neural Mechanisms in the Vestibular Nuclei,,Q3YH27MX,users/0
OUT-OF-SCOPE (),10.1152/jn.00833.2004,Zago,2005,Fast Adaptation of the Internal Model of Gravity for Manual Interceptions: Evidence for Event-Dependent Learning,,ZU5EW2P2,users/0
OUT-OF-SCOPE (),10.1152/jn.00947.2004,Scheidt,2005,Interaction of visual and proprioceptive feedback during adaptation of human reaching movements.,,SAESYNIB,users/0
OUT-OF-SCOPE (),10.1016/j.cub.2013.04.029,Brooks,2013,The Primate Cerebellum Selectively Encodes Unexpected Self-Motion,,NQJQEMGH,users/0
OUT-OF-SCOPE (),10.1523/jneurosci.1937-09.2009,Brooks,2009,Multimodal Integration in Rostral Fastigial Nucleus Provides an Estimate of Body Movement,,F4GKATB5,users/0
OUT-OF-SCOPE (),10.1007/s12311-010-0201-x,Taylor,2010,An Explicit Strategy Prevails When the Cerebellum Fails to Compute Movement Errors,,YYW7BNA6,users/0
OUT-OF-SCOPE (),10.1016/j.conb.2011.06.012,Krakauer,2011,"Human sensorimotor learning: adaptation, skill, and beyond",,T5BR2UYP,users/0
OUT-OF-SCOPE (),10.1523/jneurosci.2151-12.2012,Popa,2012,Predictive and feedback performance errors are signaled in the simple spike discharge of individual Purkinje cells.,,S73VAA7P,users/0
OUT-OF-SCOPE (),10.1152/jn.00394.2010,Wong,2011,Sensorimotor adaptation error signals are derived from realistic predictions of movement outcomes.,,NWAXZJ4L,users/0
OUT-OF-SCOPE (),10.1038/nn.2229,Berniker,2008,Estimating the sources of motor errors for adaptation and generalization,,8FYG99FA,users/0
OUT-OF-SCOPE (),10.1146/annurev-neuro-060909-153135,Shadmehr,2010,"Error Correction, Sensory Prediction, and Adaptation in Motor Control",,WH7QQYTS,users/0
OUT-OF-SCOPE (),10.1016/j.conb.2011.05.025,Medina,2011,"The multiple roles of Purkinje cells in sensori-motor calibration: to predict, teach and command",,ASSX2K3G,users/0
OUT-OF-SCOPE (),10.1016/s0966-6362(99)00032-6,Runge,1999,Ankle and hip postural strategies defined by joint torques,,EXZJ9GKV,groups/735051
OUT-OF-SCOPE (),10.1016/s0966-6362(03)00037-7,Gage,2004,Kinematic and kinetic validity of the inverted pendulum model in quiet standing,,RX4HKRSD,groups/735051
OUT-OF-SCOPE (),10.1152/jn.00751.2012,Kistemaker,2013,Control of position and movement is simplified by combined muscle spindle and Golgi tendon organ feedback,,9KP7SDH4,groups/735051
OUT-OF-SCOPE (),10.1109/tnsre.2009.2037891,Vette,2010,Neural-Mechanical Feedback Control Scheme Generates Physiological Ankle Torque Fluctuation During Quiet Stance,,QY82B3LJ,groups/735051
OUT-OF-SCOPE (),10.1186/s12984-023-01235-3,Shanbhag,2023,Methods for integrating postural control into biomechanical human simulations: a systematic review,,XEKTQPMZ,groups/735051
OUT-OF-SCOPE (),10.1016/j.neunet.2016.10.011,Shrestha,2017,Robust learning in SpikeProp,,NR3L9AXL,groups/735051
OUT-OF-SCOPE (),10.1016/0024-3205(79)90389-8,Hruska,1979,Quantitative aspects of normal locomotion in rats,,YVYQJGAA,groups/735051
OUT-OF-SCOPE (),10.1371/journal.pone.0320211,Akbaş,2025,Characterization of Human Balance through a Reinforcement Learning-based Muscle Controller,,DJL5W36T,groups/735051
OUT-OF-SCOPE (),10.3390/polym16243591,Oh,2024,Effects of Fiber Orientation on the Bearing Strength of 3D-Printed Composite Materials Produced by Fused Filament Fabrication,,JL74PHFN,groups/735051
OUT-OF-SCOPE (),10.3390/polym17172314,Peng,2025,Advancing the Capability of Additively Manufactured Continuous Fibre-Reinforced Polymers for Structural Applications: The Effect of Nitrogen-Purging and Post-Annealing on the Tensile Performance,,UTFYLI7B,groups/735051
OUT-OF-SCOPE (),10.1007/s00170-018-2148-x,Tronvoll,2018,The effects of voids on structural properties of fused deposition modelled parts: a probabilistic approach,,UZ4NT2B3,groups/735051
OUT-OF-SCOPE (),10.3389/fmats.2023.1183816,Lee,2023,Strength of Onyx-based composite 3D printing materials according to fiber reinforcement,,D2DYEEDM,groups/735051
OUT-OF-SCOPE (),10.1016/j.addma.2018.04.039,Blok,2018,An investigation into 3D printing of fibre reinforced thermoplastic composites,,VC33HTUR,groups/735051
OUT-OF-SCOPE (),10.1089/soro.2019.0022,Koizumi,2019,Recurrent Braiding of Thin McKibben Muscles to Overcome Their Limitation of Contraction,,Y6I2P67P,groups/735051
OUT-OF-SCOPE (),10.1007/s40964-022-00356-w,Sandanamsamy,2023,A comprehensive review on fused deposition modelling of polylactic acid,,69JK9UMY,groups/735051
OUT-OF-SCOPE (),10.1016/j.addma.2022.102599,Kumar Jain,2022,Role of annealing and isostatic compaction on mechanical properties of 3D printed short glass fiber nylon composites,,RBZVRAW3,groups/735051
OUT-OF-SCOPE (),10.1108/13552540810862028,Sun,2008,Effect of processing conditions on the bonding quality of FDM polymer filaments,,JHR5GAQ7,groups/735051
OUT-OF-SCOPE (),10.3390/polym15143110,Seok,2023,Effects of Annealing for Strength Enhancement of FDM 3D-Printed ABS Reinforced with Recycled Carbon Fiber,,7LDTR2MT,groups/735051
OUT-OF-SCOPE (),10.1371/journal.pcbi.1009608,Schroeder,2021,Elastic energy savings and active energy cost in a simple model of running,,9KAKK2ZK,groups/735051
OUT-OF-SCOPE (),10.1016/j.compositesb.2017.05.013,Ferreira,2017,Experimental characterization and micrography of 3D printed PLA and PLA reinforced with short carbon fibers,,CSCDTC2T,groups/735051
OUT-OF-SCOPE (),10.1080/10255840008915251,GARNER,2000,The Obstacle-Set Method for Representing Muscle Paths in Musculoskeletal Models,,8CVQU3FS,groups/735051
OUT-OF-SCOPE (),10.1109/mra.2008.927689,Vallery,2008,Compliant actuation of rehabilitation robots,,3Q99HFGG,groups/735051
OUT-OF-SCOPE (),10.1108/01439910210425522,Pratt,2002,Series elastic actuators for high fidelity force control,,A8MUDZ94,groups/735051
OUT-OF-SCOPE (),10.1109/tmech.2013.2270435,Paine,2014,Design and Control Considerations for High-Performance Series Elastic Actuators,,3QVHMCQ8,groups/735051
OUT-OF-SCOPE (),10.1098/rspb.2011.1194,Herr,2011,Bionic ankle–foot prosthesis normalizes walking gait for persons with leg amputation,,JFB3IEX2,groups/735051
OUT-OF-SCOPE (),10.1109/icra.2017.7989788,Shepherd,2017,"Design of a quasi-passive ankle-foot prosthesis with biomimetic, variable stiffness",,B3RXUPIQ,groups/735051
OUT-OF-SCOPE (),10.1109/tmrb.2021.3098921,Carney,2021,Design and Preliminary Results of a Reaction Force Series Elastic Actuator for Bionic Knee and Ankle Prostheses,,K3STPHUL,groups/735051
OUT-OF-SCOPE (),10.1371/journal.pone.0054041,Nijhuis,2013,A New Approach to Assess the Gastrocnemius Muscle Volume in Rodents Using Ultrasound; Comparison with the Gastrocnemius Muscle Index,,22CWRWPV,groups/735051
OUT-OF-SCOPE (),10.1088/1748-3190/ad80ec,Goldsmith,2024,A biomimetic fruit fly robot for studying the neuromechanics of legged locomotion,,7VXCF9MW,groups/735051
OUT-OF-SCOPE (),10.1088/1748-3190/ad1db9,Dinges,2024,Mechanical modeling of mechanosensitive insect strain sensors as a tool to investigate exoskeletal interfaces,,YQX85I6M,groups/735051
OUT-OF-SCOPE (),10.1113/ep090765,Blumer,2024,Proprioceptors in extraocular muscles,,RI4TN3UY,groups/735051
OUT-OF-SCOPE (),10.1557/jmr.2014.212,Love,2014,The importance of carbon fiber to polymer additive manufacturing,,3S5NTRW6,groups/735051
OUT-OF-SCOPE (),10.1039/c7sm00950j,Seppala,2017,Weld formation during material extrusion additive manufacturing,,K36ABQZE,groups/735051
OUT-OF-SCOPE (),10.1113/jp285549,Kissane,2024,Conserved mammalian muscle mechanics during eccentric contractions,,VT49S65I,groups/735051
OUT-OF-SCOPE (),10.1088/1748-3190/ac8f04,Chen,2022,Optimal planar leg geometry in robots and crabs for idealized rocky terrain,,M7DPFPH5,groups/735051
OUT-OF-SCOPE (),10.1016/j.jcp.2023.111912,Penwarden,2023,A metalearning approach for Physics-Informed Neural Networks (PINNs): Application to parameterized PDEs,,3Y7X2BGC,groups/735051
OUT-OF-SCOPE (),10.1016/j.jcp.2023.11191211912,Penwarden,2023,A Metalearning Approach for Physics-Informed Neural Networks (PINNs): Application to Parameterized PDEs,,YRPBRMUV,groups/735051
OUT-OF-SCOPE (),10.1371/journal.pcbi.1011008,Bruel,2024,The spinal cord facilitates cerebellar upper limb motor learning and control; inputs from neuromusculoskeletal simulation,,R634R8FC,groups/735051
OUT-OF-SCOPE (),10.1108/13552540210441166,Ahn,2002,Anisotropic material properties of fused deposition modeling ABS,,DL7KRDW5,groups/735051
OUT-OF-SCOPE (),10.1016/j.conb.2008.01.002,Ting,2007,Neuromechanics of muscle synergies for posture and movement,,7F8WIAXL,groups/735051
OUT-OF-SCOPE (),10.3390/polym13152524,Papa,2021,Effect of Fibre Orientation on Novel Continuous 3D-Printed Fibre-Reinforced Composites,,I6ZJRFJW,groups/735051
OUT-OF-SCOPE (),10.1371/journal.pone.0121407,Dorn,2015,Predictive Simulation Generates Human Adaptations during Loaded and Inclined Walking,,M689LBXX,groups/735051
OUT-OF-SCOPE (),10.3390/s22228845,Juárez-Lora,2022,Implementation of Kalman Filtering with Spiking Neural Networks,,6EQLHAN8,groups/735051
OUT-OF-SCOPE (),10.1016/j.cma.2020.113250,Meng,2020,PPINN: Parareal physics-informed neural network for time-dependent PDEs,,4WBLSEZZ,groups/735051
OUT-OF-SCOPE (),10.1109/humanoids43949.2019.9035019,Jafari,2019,Stabilization of an Inverted Pendulum via Human Brain Inspired Controller Design,,IXJA4CEE,groups/735051
OUT-OF-SCOPE (),10.1016/j.addma.2018.05.007,Araya-Calvo,2018,Evaluation of compressive and flexural properties of continuous fiber fabrication additive manufacturing technology,,EMW52B3M,groups/735051
OUT-OF-SCOPE (),10.1152/jn.00625.2019,Cheung,2021,Approaches to revealing the neural basis of muscle synergies: a review and a critique,,DQZQZJTY,groups/735051
OUT-OF-SCOPE (),10.1007/s11837-015-1367-y,Torres,2015,Mechanical Property Optimization of FDM PLA in Shear with Multiple Objectives,,5AJNXD8S,groups/735051
OUT-OF-SCOPE (),10.1002/dneu.22738,Mantziaris,2020,Central pattern generating networks in insect locomotion,,RCHJNARN,groups/735051
OUT-OF-SCOPE (),10.1016/j.addma.2018.12.020,Naranjo-Lozada,2019,Tensile properties and failure behavior of chopped and continuous carbon fiber composites produced by additive manufacturing,,UNQ52YDX,groups/735051
OUT-OF-SCOPE (),10.1152/jn.00641.2003,,,Alternative to Hand-Tuning Conductance-Based Models: Construction and Analysis of Databases of Model Neurons,,PENWY65Q,groups/735051
OUT-OF-SCOPE (),10.1145/3071178.3071208,Lorenzo,2017,Particle swarm optimization for hyper-parameter selection in deep neural networks,,LGPHI3FP,groups/735051
OUT-OF-SCOPE (),10.1073/pnas.81.10.3088,Hopfield,1984,Neurons with graded response have collective computational properties like those of two-state neurons.,,9QPRR8DM,groups/735051
OUT-OF-SCOPE (),10.1038/nature02024,Verschure,2003,Environmentally mediated synergy between perception and behaviour in mobile robots,,T9SEQGZ3,groups/735051
OUT-OF-SCOPE (),10.1177/027836499101000601,Koditschek,1991,Analysis of a Simplified Hopping Robot,,95B3XJ4W,groups/735051
OUT-OF-SCOPE (),10.1177/0142331217752799,Yuan,2019,Estimation of the regions of attraction for autonomous nonlinear systems,,WPL9ZNBN,groups/735051
OUT-OF-SCOPE (),10.3389/fnsys.2015.00151,Brette,2015,Philosophy of the Spike: Rate-Based vs. Spike-Based Theories of the Brain,,VWHDKJUR,groups/735051
OUT-OF-SCOPE (),10.1016/j.cub.2015.08.044,Cullins,2015,Sensory Feedback Reduces Individuality by Increasing Variability within Subjects,,ZSVU8A84,groups/735051
OUT-OF-SCOPE (),10.1016/j.wear.2009.10.014,Mukras,2010,Analysis of planar multibody systems with revolute joint wear,,W2TEQRJC,groups/735051
OUT-OF-SCOPE (),10.3201/eid1902.120312,Tognotti,2013,"Lessons from the History of Quarantine, from Plague to Influenza A",,C39XZBKV,groups/735051
OUT-OF-SCOPE (),10.1115/1.4026342,Richter,,Robust Tracking Control of a Prosthesis Test Robot,,9G7FM3AQ,groups/735051
OUT-OF-SCOPE (AARL Paper Club papers),10.1115/1.4063970,Bhattacharyya,2024,Design Synthesis of a 4D-Printed Self-Tying Knot With Programmable Morphology,AARL Paper Club papers,2V69IT7G,groups/735051
OUT-OF-SCOPE (AARL Paper Club papers),10.1088/1748-3190/ae72db,Dimonte,2026,A bioinspired hybrid robotic joint for safer physical human–robot interaction,AARL Paper Club papers,D9HEM9AP,groups/735051
OUT-OF-SCOPE (AARL Paper Club papers),10.1201/9781003366386-4,Madi,2023,Neuromorphic Computing and Sensing in Space,AARL Paper Club papers,PB3AKTHW,groups/735051
OUT-OF-SCOPE (AARL Paper Club papers),10.1126/scirobotics.abd1911,Cheng,2020,Neuroengineering challenges of fusing robotics and neuroscience,AARL Paper Club papers,YWT73QME,groups/735051
OUT-OF-SCOPE (Artificial Muscles and Biarticular),10.3390/biomimetics9030164,Silva,2024,Design of Low-Cost Modular Bio-Inspired Electric–Pneumatic Actuator (EPA)-Driven Legged Robots,Artificial Muscles and Biarticular,CNDKWPJU,groups/735051
OUT-OF-SCOPE (Artificial Muscles and Biarticular),10.1109/iros58592.2024.10801663,Tanaka,2024,Tension Feedback Control for Musculoskeletal Quadrupedal Locomotion over Uneven Terrain,Artificial Muscles and Biarticular,X4Q4G9AA,groups/735051
OUT-OF-SCOPE (Artificial Muscles and Biarticular),10.1109/lra.2025.3567164,Tanaka,2025,Position Control of McKibben-Type Pneumatic Artificial Muscle via Port-Hamiltonian Approach,Artificial Muscles and Biarticular,8B6LI2ZI,groups/735051
OUT-OF-SCOPE (Artificial Muscles and Biarticular),10.1080/01691864.2024.2441261,Matsumoto,2025,Latissimus-dorsi-inspired wire mechanism for improving energy efficiency of quadruped robot locomotion,Artificial Muscles and Biarticular,N8KLQYYL,groups/735051
OUT-OF-SCOPE (Artificial Muscles and Biarticular),10.1080/01691864.2025.2528829,Matsumoto,2025,Latissimus-dorsi-inspired trunk torsion mechanism for quadruped robot spine design,Artificial Muscles and Biarticular,YVG4GCYE,groups/735051
OUT-OF-SCOPE (Artificial Muscles and Biarticular),10.3389/frobt.2026.1741690,Wang,2026,Simulating the integration and regulation of human Ia and Ib reflexes on a musculoskeletal robot driven by pneumatic artificial muscles,Artificial Muscles and Biarticular,C9U7KH97,groups/735051
OUT-OF-SCOPE (Artificial Muscles and Biarticular),10.1109/tmrb.2024.3385795,Schäffer,2024,Soft Wrist Exosuit Actuated by Fabric Pneumatic Artificial Muscles,Artificial Muscles and Biarticular,QTFKPCMN,groups/735051
OUT-OF-SCOPE (Artificial Muscles and Biarticular),10.48550/arxiv.2603.13531,Schäffer,2026,"Fabric Pneumatic Artificial Muscle-Based Head-Neck Exosuit: Design, Modeling, and Evaluation",Artificial Muscles and Biarticular,R5WG8LBZ,groups/735051
OUT-OF-SCOPE (Artificial Muscles and Biarticular),10.1177/0278364908095843,Seyfarth,2009,Towards Bipedal Jogging as a Natural Result of Optimizing Walking Speed for Passively Compliant Three-Segmented Legs,Artificial Muscles and Biarticular,CTEEPN3Z,groups/735051
OUT-OF-SCOPE (Artificial Muscles and Biarticular),10.1109/humanoids.2017.8246888,Schütz,2017,Carl — A compliant robotic leg featuring mono- and biarticular actuation,Artificial Muscles and Biarticular,54M63MWK,groups/735051
OUT-OF-SCOPE (Artificial Muscles and Biarticular),10.1109/humanoids.2016.7803359,Loeffl,2016,"The DLR C-runner: Concept, design and experiments",Artificial Muscles and Biarticular,Q58BQ64C,groups/735051
OUT-OF-SCOPE (Artificial Muscles and Biarticular),10.1109/humanoids.2016.7803435,Lakatos,2016,Dynamic bipedal walking by controlling only the equilibrium of intrinsic elasticities,Artificial Muscles and Biarticular,P8XJRPIE,groups/735051
OUT-OF-SCOPE (Artificial Muscles and Biarticular),10.1088/1748-3190/11/4/046003,Sharbafi,2016,A new biarticular actuator design facilitates control of leg function in BioBiped3,Artificial Muscles and Biarticular,DMQQUZCM,groups/735051
OUT-OF-SCOPE (Artificial Muscles and Biarticular),10.1115/1.2963028,Babič,2008,A Biarticulated Robotic Leg for Jumping Movements: Theory and Experiments,Artificial Muscles and Biarticular,BHEJIHZ4,groups/735051
OUT-OF-SCOPE (Artificial Muscles and Biarticular),10.1109/robio.2009.4912996,Babic,2009,Biarticular legged robot: Design and experiments,Artificial Muscles and Biarticular,3WTA8BDR,groups/735051
OUT-OF-SCOPE (Artificial Muscles and Biarticular),10.1242/jeb.123935,Biewener,2016,Locomotion as an emergent property of muscle contractile dynamics,Artificial Muscles and Biarticular,RJ2QJVVM,groups/735051
OUT-OF-SCOPE (Artificial Muscles and Biarticular),10.1038/414895a,Wilson,2001,Horses damp the spring in their step,Artificial Muscles and Biarticular,KWTGSY4E,groups/735051
OUT-OF-SCOPE (Artificial Muscles and Biarticular),10.1242/jeb.033639,Carroll,2009,Mono- versus biarticular muscle function in relation to speed and gait changes: in vivo analysis of the goat triceps brachii,Artificial Muscles and Biarticular,ZK69IC69,groups/735051
OUT-OF-SCOPE (Artificial Muscles and Biarticular),10.1016/s0021-9290(01)00056-2,Hof,2001,The force resulting from the action of mono- and biarticular muscles in a limb,Artificial Muscles and Biarticular,G5K9WBS5,groups/735051
OUT-OF-SCOPE (Artificial Muscles and Biarticular),10.1109/humanoids.2014.7041475,Lakatos,2014,Design and control of compliantly actuated bipedal running robots: Concepts to exploit natural system dynamics,Artificial Muscles and Biarticular,4URNQ6AX,groups/735051
OUT-OF-SCOPE (Artificial Muscles and Biarticular),10.1109/tmrb.2019.2895891,Sarmadi,2019,Concerted Control of Stance and Balance Locomotor Subfunctions—Leg Force as a Conductor,Artificial Muscles and Biarticular,YNS3CZJJ,groups/735051
OUT-OF-SCOPE (Artificial Muscles and Biarticular),10.1098/rsif.2018.0413,Schumacher,2020,"Biarticular muscles in light of template models, experiments and robotics: a review",Artificial Muscles and Biarticular,D7KYNDU9,groups/735051
OUT-OF-SCOPE (Artificial Muscles and Biarticular),10.1016/j.bpj.2023.05.026,Rode,2023,Structurally motivated models to explain the muscle’s force-length relationship,Artificial Muscles and Biarticular,V3IYMD85,groups/735051
OUT-OF-SCOPE (Artificial Muscles and Biarticular),10.1371/journal.pone.0302867,AminiAghdam,2024,Posture-induced modulation of lower-limb joint powers in perturbed running,Artificial Muscles and Biarticular,JB6GG37Q,groups/735051
OUT-OF-SCOPE (Artificial Muscles and Biarticular),10.1109/lra.2025.3614076,Chen,2025,Biarticular Rigid Powered Lower Extremity Exoskeleton Robot,Artificial Muscles and Biarticular,FU3RFP7Z,groups/735051
OUT-OF-SCOPE (Artificial Muscles and Biarticular),10.1109/robio.2009.4913238,Tavakoli,2009,A comparison study on Pneumatic Muscles and electrical motors,Artificial Muscles and Biarticular,9A9GPLFS,groups/735051
OUT-OF-SCOPE (Artificial Muscles and Biarticular;NSF26 - Stability and Speed),10.1109/iros.2011.6095091,Ogawa,2011,Development of whole-body humanoid “pneumat-BS” with pneumatic musculoskeletal system,Artificial Muscles and Biarticular;NSF26 - Stability and Speed,LQ2AB4LS,groups/735051
OUT-OF-SCOPE (Artificial Neural Networks (ANNs)),10.1038/nature16961,Silver,2016,Mastering the game of Go with deep neural networks and tree search,Artificial Neural Networks (ANNs),4Y9Y7DVK,groups/735051
OUT-OF-SCOPE (BPA),10.1016/j.cej.2022.137241,Fu,2022,Multi-sensorized pneumatic artificial muscle yarns,BPA,YBQHRYWE,groups/735051
OUT-OF-SCOPE (BPA),10.1016/j.mechatronics.2010.05.002,Pujana-Arrese,2010,Modelling in Modelica and position control of a 1-DoF set-up powered by pneumatic muscles,BPA,U2XM42Q5,groups/735051
OUT-OF-SCOPE (BPA),10.1109/cyber55403.2022.9907615,Zhang,2022,Design of a Multi-connection Pneumatic Artificial Muscle,BPA,2FQ3DH8G,groups/735051
OUT-OF-SCOPE (BPA),10.1109/lra.2023.3293316,Tanaka,2023,Back-Stretchable McKibben Muscles: Expanding the Range of Antagonistic Muscle Driven Joints,BPA,GPU5JUG2,groups/735051
OUT-OF-SCOPE (BPA),10.1109/lra.2021.3130627,Bruder,2022,The Chain-Link Actuator: Exploiting the Bending Stiffness of McKibben Artificial Muscles to Achieve Larger Contraction Ratios,BPA,GT8RSKTD,groups/735051
OUT-OF-SCOPE (BPA),10.1109/lra.2025.3528662,Kobayashi,2025,McKibben Muscle With Elastic Thread Embedded in Parallel Extending Range of Motion of Muscle-Driven Robots,BPA,DL2UKT5J,groups/735051
OUT-OF-SCOPE (BPA),10.1089/soro.2018.0110,Wirekoh,2019,"Sensorized, Flat, Pneumatic Artificial Muscle Embedded with Biomimetic Microfluidic Sensors for Proprioceptive Feedback",BPA,D4L3CTCZ,groups/735051
OUT-OF-SCOPE (BPA),10.1089/soro.2016.0044,Al Abeach,2017,Design of a Variable Stiffness Soft Dexterous Gripper,BPA,GQNJAS6E,groups/735051
OUT-OF-SCOPE (BPA),10.1080/01691864.2016.1154801,al.,2016,Variable stiffness Mckibben muscles with hydraulic and pneumatic operating modes,BPA,74VXW2WG,groups/735051
OUT-OF-SCOPE (BPA),10.1155/2013/824085,Wang,2015,Mechanism Simulation and Optimal Design of Five-Link Bionic Joint Driven by Two Antagonistic Pneumatic Muscles,BPA,CQ235GAS,groups/735051
OUT-OF-SCOPE (BPA;BPA Modeling;CHAPTER 2. BACKGROUND),10.1016/j.mechatronics.2012.06.002,Minh,2012,Modeling and control of a pneumatic artificial muscle manipulator joint – Part I: Modeling of a pneumatic artificial muscle manipulator joint with accounting for creep effect,CHAPTER 2. BACKGROUND;Cody;Potential Papers;BPA;BPA Modeling,AHUWSVHK,groups/735051
OUT-OF-SCOPE (BPA;Hunt Lab;LM2024),10.15760/etd.3655,Chung,2023,Real-time Length Sensing of Braided Pneumatic Actuator using IR Time-of-Flight Sensor,NSF Career;LM2024;Hunt Lab;BPA,FRHAFNMQ,groups/735051
OUT-OF-SCOPE (BPA;LM 2021 Review),10.1109/aim.1999.803170,Klute,1999,McKibben artificial muscles: pneumatic actuators with biomechanical intelligence,LM 2021 Review;BPA,LT6I5WX3,groups/735051
OUT-OF-SCOPE (BPA;LM19;Manuscript),10.1114/1.1554921,Reynolds,2003,Modeling the Dynamic Characteristics of Pneumatic Muscle,LM19;BPA;Manuscript;Manuscript,9UXJCNM7,groups/735051
OUT-OF-SCOPE (BPA;LM19;Manuscript),10.1016/j.conengprac.2013.09.003,Andrikopoulos,2013,Pneumatic artificial muscles: A switching Model Predictive Control approach,LM19;BPA;Manuscript;Manuscript,Z33CG89C,groups/735051
OUT-OF-SCOPE (BPA;LM2024),10.1115/1.4028420,Chakravarthy,2014,Experimental Characterization and Control of Miniaturized Pneumatic Artificial Muscle,LM2024;BPA,BEPLJKZD,groups/735051
OUT-OF-SCOPE (BPA;LM2024),10.1109/robosoft.2019.8722776,Maselli,2019,A piezoresistive flexible sensor to detect soft actuator deformation,LM2024;BPA,3X55R3LJ,groups/735051
OUT-OF-SCOPE (BPA;LM2024),10.3390/machines10121156,Antonelli,2022,Design and Characterization of a Mckibben Pneumatic Muscle Prototype with an Embedded Capacitive Length Transducer,LM2024;BPA,YZVXTYTS,groups/735051
OUT-OF-SCOPE (BPA;LM2024),10.1109/iros.2005.1545315,Wakimoto,2005,Development of intelligent McKibben actuator,LM2024;BPA,9HV8PP68,groups/735051
OUT-OF-SCOPE (BPA;NSF26 - Stability and Speed),10.3390/act14120582,Zhagiparova,2025,Recent Developments in Pneumatic Artificial Muscle Actuators,BPA;NSF26 - Stability and Speed,CVGFNJ9A,groups/735051
OUT-OF-SCOPE (BPA;NSF26 - Stability and Speed),10.1088/1748-3190/ae66c0,Kortman,2026,Designing McKibben muscles: a critical review for practical implementation,BPA;NSF26 - Stability and Speed,QKYIVLAC,groups/735051
OUT-OF-SCOPE (BPA;Steele LM18;Winter 2023),10.1016/j.mechatronics.2008.02.006,Zhang,2008,Modeling and control of a curved pneumatic muscle actuator for wearable elbow exoskeleton,Steele LM18;BPA;Winter 2023,C2YK8BSC,groups/735051
OUT-OF-SCOPE (BPAs;Moe's Papers;references_Lutz_thesis),10.1007/978-3-031-72597-5_16,Szczecinski,2025,Pulse Modulation in Braided Pneumatic Actuators Mimics Contractile Behavior of Biological Muscles,BPAs;references_Lutz_thesis;Moe's Papers,M2ZQSZH2,groups/735051
OUT-OF-SCOPE (BPAs;references_Lutz_thesis),10.1109/tmech.2015.2493782,Felt,2016,Contraction Sensing with Smart Braid McKibben Muscles,BPAs;references_Lutz_thesis,SJNLVX4Z,groups/735051
OUT-OF-SCOPE (Ben's References;Morrow LM20),10.1109/biorob.2006.1639174,Tondu,2006,McKibben artificial muscle can be in accordance with the Hill skeletal muscle model,Morrow LM20;Ben's References,GR5BY5X9,groups/735051
OUT-OF-SCOPE (Ben's References;Morrow LM20),10.1109/iros.2018.8593912,Ishii,2018,Development of a Musculoskeletal Humanoid Robot as a Platform for Biomechanical Research on the Underwater Dolphin Kick,Morrow LM20;Ben's References,M8WVP96Q,groups/735051
OUT-OF-SCOPE (Ben's References;Morrow LM20),10.1016/j.robot.2015.12.002,Liu,2016,Bipedal walking with dynamic balance that involves three-dimensional upper body motion,Morrow LM20;Ben's References,X9FWN89C,groups/735051
OUT-OF-SCOPE (Ben's References;Morrow LM20),10.1002/rob.21560,Radford,2015,Valkyrie: NASA's First Bipedal Humanoid Robot: Learned Stochastic Mobility Prediction for Planning,Morrow LM20;Ben's References,G7SWSSNX,groups/735051
OUT-OF-SCOPE (Ben's References;Morrow LM20),10.1109/icra.2016.7487325,Reher,2016,Realizing dynamic and efficient bipedal locomotion on the humanoid robot DURUS,Morrow LM20;Ben's References,IXXDLQ7D,groups/735051
OUT-OF-SCOPE (Ben),10.3389/fnhum.2020.00040,Falisse,2020,Physics-Based Simulations to Predict the Differential Effects of Motor Control and Musculoskeletal Deficits on Gait Dysfunction in Cerebral Palsy: A Retrospective Case Study,Ben,SLFIGBCV,groups/735051
OUT-OF-SCOPE (Bibliography for all materials),10.3390/polym11101680,Zaldua,2019,Nucleation and Crystallization of PA6 Composites Prepared by T-RTM: Effects of Carbon and Glass Fiber Loading,Bibliography for all materials,23RQRFSK,groups/735051
OUT-OF-SCOPE (Bibliography for all materials),10.1021/acsomega.4c01284,Gokce,2024,Improving the Interfacial Adhesion of Long Carbon Fiber-Reinforced Polyamide 6 Composites by Electrochemical Oxidation and Polyethylenimine-Carboxymethyl Cellulose Grafting,Bibliography for all materials,V4BJHZBQ,groups/735051
OUT-OF-SCOPE (Bibliography for all materials),10.2495/hpsm160291,Tanaka,2016,Effect of mold temperature on interfacial welded strength and outer shell laminate strength of CF/PA6 composites manufactured by press and injection hybrid molding,Bibliography for all materials,S3SQSDRB,groups/735051
OUT-OF-SCOPE (Bibliography for all materials),10.1016/j.jmapro.2021.08.054,Samy,2021,Finite element analysis of residual stress and warpage in a 3D printed semi-crystalline polymer: Effect of ambient temperature and nozzle speed,Bibliography for all materials,NSA2N3H2,groups/735051
OUT-OF-SCOPE (Bibliography for all materials),10.1038/s41598-023-40855-6,Pugatch,2023,Accelerated annealing of fused filament fabricated (FFF) thermoplastics via an improved core–shell filament,Bibliography for all materials,A87SITLL,groups/735051
OUT-OF-SCOPE (Bibliography for all materials),10.3390/polym13162677,Vaes,2021,The Extent of Interlayer Bond Strength during Fused Filament Fabrication of Nylon Copolymers: An Interplay between Thermal History and Crystalline Morphology,Bibliography for all materials,BFTTK4RX,groups/735051
OUT-OF-SCOPE (Bibliography for all materials),10.1520/d7264_d7264m-21,International,,ASTM D7264/D7264M-21: Test Method for Flexural Properties of Polymer Matrix Composite Materials,Bibliography for all materials,JBUQCEKZ,groups/735051
OUT-OF-SCOPE (Bibliography for all materials),10.1007/s11837-005-0217-8,Minus,2005,"The processing, properties, and structure of carbon fibers",Bibliography for all materials,WLTSB4RR,groups/735051
OUT-OF-SCOPE (Bibliography for all materials),10.3390/c9010019,Bisheh,2023,Carbon Fibers: From PAN to Asphaltene Precursors; A State-of-Art Review,Bibliography for all materials,7X9KV24R,groups/735051
OUT-OF-SCOPE (Bibliography for all materials),10.3390/ma15031222,Hofele,2022,Reaction Kinetics and Process Model of the Polyacrylonitrile Fibers Stabilization Process Based on Dielectric Measurements,Bibliography for all materials,ANLHF44A,groups/735051
OUT-OF-SCOPE (Bibliography for all materials),10.1021/ja944125d,Dasgupta,1996,Crystal Structures and Properties of Nylon Polymers from Theory,Bibliography for all materials,9RCEUS99,groups/735051
OUT-OF-SCOPE (Bibliography for all materials),10.1590/1517-7076-rmat-2026-0083,Piramanayagam,2026,Flexural performance of 3D-printed Onyx–Kevlar hybrid laminates: influence of fibre orientation and laminate thickness,Bibliography for all materials,2HMFCZFI,groups/735051
OUT-OF-SCOPE (Bibliography for all materials),10.1002/pls2.70022,Ponnarengan,2025,"Trade‐Offs Between Viscoelastic and Impact Performance in <span style=""font-variant:small-caps;"">CFF</span> ‐Printed Onyx Composites: A Taguchi <span style=""font-variant:small-caps;"">L27</span> Study With <span style=""font-variant:small-caps;"">MARCOS</span> / <span style=""font-variant:small-caps;"">CRITIC</span> / <span style=""font-variant:small-caps;"">FUCOM</span>",Bibliography for all materials,DUN7K84F,groups/735051
OUT-OF-SCOPE (Bibliography for all materials),10.1007/s40964-021-00187-1,Handwerker,2021,Review of mechanical properties of and optimisation methods for continuous fibre-reinforced thermoplastic parts manufactured by fused deposition modelling,Bibliography for all materials,3HYTCGYM,groups/735051
OUT-OF-SCOPE (Bibliography for all materials),10.1002/pc.25294,O'Connor,2019,Low‐pressure additive manufacturing of continuous fiber‐reinforced polymer composites,Bibliography for all materials,9DNBZ2HN,groups/735051
OUT-OF-SCOPE (Bibliography for all materials),10.1016/j.jcomc.2025.100649,Kaushik,2025,Structure–property relationships in 3D-printed onyx-based composites reinforced with continuous fibers: role of temperature and fiber orientation,Bibliography for all materials,TENJ4DJV,groups/735051
OUT-OF-SCOPE (Bibliography for all materials),10.2139/ssrn.5149615,Burnett,2025,Tensile Performance of Carbon Fibre-Reinforced 3d-Printed Polymers: Effect of Printing Parameters,Bibliography for all materials,NSR64X7V,groups/735051
OUT-OF-SCOPE (Bibliography for all materials),10.3390/macromol6020024,Burelo,2026,Bio-Based Polymer Composites and Nanocomposites: A Sustainable Approach,Bibliography for all materials,8DSZ9EJ4,groups/735051
OUT-OF-SCOPE (Bibliography for all materials),10.1002/pc.29012,Liu,2025,Two‐stage annealing method for short carbon fiber‐reinforced nylon 6 in fused filament fabrication,Bibliography for all materials,T7VS8LK2,groups/735051
OUT-OF-SCOPE (Bibliography for all materials),10.1177/14644207241285399,Coca-Gonzalez,2025,"Warpage: Causes, manufacturing processes and future challenges: A review",Bibliography for all materials,QKFB6Y9C,groups/735051
OUT-OF-SCOPE (Bibliography for all materials),10.1080/17452759.2016.1274490,Mohan,2017,A review on composite materials and process parameters optimisation for the fused deposition modelling process,Bibliography for all materials,J7P3FHYV,groups/735051
OUT-OF-SCOPE (Bibliography for all materials),10.3390/polym14030465,Fico,2022,A Review of Polymer-Based Materials for Fused Filament Fabrication (FFF): Focus on Sustainability and Recycled Materials,Bibliography for all materials,9GPT3MJC,groups/735051
OUT-OF-SCOPE (Bibliography for all materials),10.26678/abcm.cobem2019.cob2019-1950,De Carlos Rosa,2019,Method for Considering the Real Area Moment of Inertia in Bending Tests of Extruded PLA Parts with Different Infill Percentages,Bibliography for all materials,HISEFNZX,groups/735051
OUT-OF-SCOPE (Bibliography for all materials),10.1016/j.addma.2017.12.002,Dizon,2018,Mechanical characterization of 3D-printed polymers,Bibliography for all materials,BVZI2KZC,groups/735051
OUT-OF-SCOPE (Bibliography for all materials),10.3390/books978-3-0365-6051-9,Kim,2022,Smart Composites and Processing,Bibliography for all materials,W5H2NXN2,groups/735051
OUT-OF-SCOPE (Bibliography for all materials),10.1520/d3039_d3039m-08,International,,ASTM D3039/3039M-08: Test Method for Tensile Properties of Polymer Matrix Composite Materials,Bibliography for all materials,WSU7CECZ,groups/735051
OUT-OF-SCOPE (Bibliography for all materials),10.1520/d4762-18,International,,ASTM D4762-18: Guide for Testing Polymer Matrix Composite Materials,Bibliography for all materials,6WKEYGD6,groups/735051
OUT-OF-SCOPE (Bibliography for all materials),10.1016/j.jmapro.2023.08.060,Xu,2023,Study on the hot isostatic pressing post-treatment of FDM-3D printed continuous carbon fiber reinforced composites,Bibliography for all materials,2GCDWNQM,groups/735051
OUT-OF-SCOPE (Bibliography for all materials),10.1016/j.addma.2022.103044,Karaş,2022,Additive manufacturing of high density carbon fibre reinforced polymer composites,Bibliography for all materials,LEFCUNFC,groups/735051
OUT-OF-SCOPE (Bibliography for all materials),10.1021/acs.chemrev.7b00074,Ligon,2017,Polymers for 3D Printing and Customized Additive Manufacturing,Bibliography for all materials,3DHSJCJE,groups/735051
OUT-OF-SCOPE (Bibliography for all materials),10.1051/e3sconf/202343001251,Reddy,2023,Influence of Process Parameters on Sheet Lamination Method-based 3D printing: A Review,Bibliography for all materials,9AKFWRZ3,groups/735051
OUT-OF-SCOPE (Bibliography for all materials),10.1002/adem.202200965,Yuan,2023,"Laser-Directed Energy Deposition Additive Manufacturing of Nickel–Titanium Coatings: Deposition Morphology, Microstructures, and Mechanical Properties",Bibliography for all materials,MU8K7XKE,groups/735051
OUT-OF-SCOPE (Bibliography for all materials),10.1016/j.promfg.2021.06.093,Liu,2021,A Review of the Anomalies in Directed Energy Deposition (DED) Processes & Potential Solutions - Part Quality & Defects,Bibliography for all materials,9UHRS52B,groups/735051
OUT-OF-SCOPE (Bibliography for all materials),10.3390/ma18061220,Kantaros,2025,The Evolution of Thermoplastic Raw Materials in High-Speed FFF/FDM 3D Printing Era: Challenges and Opportunities,Bibliography for all materials,M5KF8KDY,groups/735051
OUT-OF-SCOPE (Bibliography for all materials),10.1007/s11665-022-07715-2,Ansari,2023,Performance Study of 3D Printed Continuous Fiber-Reinforced Polymer Composites Using Taguchi Method,Bibliography for all materials,CKPL3HPI,groups/735051
OUT-OF-SCOPE (Bibliography for all materials),10.1080/09243046.2021.1930497,Kubota,2022,Effect of build-up orientations and process parameters on the tensile strength of 3D printed short carbon fiber/PA-6 composites.,Bibliography for all materials,GG54QM4I,groups/735051
OUT-OF-SCOPE (Bibliography for all materials),10.1002/app.53989,Naik,2023,Evaluation of thermal and mechanical properties of continuous fiberglass reinforced thermoplastic composite fabricated by fused deposition modeling,Bibliography for all materials,KZZS5RE6,groups/735051
OUT-OF-SCOPE (Bibliography for all materials),10.3390/polym14132564,Valvez,2022,Optimization of Printing Parameters to Maximize the Mechanical Properties of 3D-Printed PETG-Based Parts,Bibliography for all materials,FZM7RKAQ,groups/735051
OUT-OF-SCOPE (Bibliography for all materials),10.1520/d6110-18,International,,ASTM D6110-18: Test Method for Determining the Charpy Impact Resistance of Notched Specimens of Plastics,Bibliography for all materials,W2LPZAU4,groups/735051
OUT-OF-SCOPE (Bibliography for all materials),10.3390/ma14216574,Ghimire,2021,Experimental Investigation of Additive Manufacturing of Continuous Carbon Fiber Composites with Multifunctional Electro-Tensile Properties,Bibliography for all materials,PHVNDHMX,groups/735051
OUT-OF-SCOPE (Bibliography for all materials),10.1016/j.matdes.2013.02.067,Kantaros,2013,Fiber Bragg grating based investigation of residual strains in ABS parts fabricated by fused deposition modeling process,Bibliography for all materials,VW4PNTZE,groups/735051
OUT-OF-SCOPE (Bibliography for all materials),10.1080/17452759.2018.1537064,Porter,2019,Influence of infill properties on flexural rigidity of 3D-printed structural members,Bibliography for all materials,RLEG4MJA,groups/735051
OUT-OF-SCOPE (Bibliography for all materials),10.1177/0306419016674140,Virgin,2017,On the flexural stiffness of 3D printer thermoplastic,Bibliography for all materials,C7PJV7ER,groups/735051
OUT-OF-SCOPE (Bibliography for all materials),10.1504/ijrapidm.2015.074809,Baich,2015,Study of infill print design on production cost-time of 3D printed ABS parts,Bibliography for all materials,MQDRPFPY,groups/735051
OUT-OF-SCOPE (Bibliography for all materials),10.1088/1742-6596/1130/1/012017,Nugroho,2018,Effect of layer thickness on flexural properties of PLA (PolyLactid Acid) by 3D printing,Bibliography for all materials,LTAX7EH9,groups/735051
OUT-OF-SCOPE (Bibliography for all materials),10.1177/26349833241301803,Meng,2024,Progressive damage for 3D printed composites with variable fiber volume content and ply location,Bibliography for all materials,5SJD8YRS,groups/735051
OUT-OF-SCOPE (Bibliography for all materials),10.1002/pen.70204,Mondal,2025,"An Experimental Investigation and Characterization of <span style=""font-variant:small-caps;"">3D</span> ‐Printed Short Carbon Fiber‐Reinforced Epoxy Composite Sandwich Structures Featuring Diverse Core Geometries Fabricated Using Customizable Inks",Bibliography for all materials,QVVI5HFS,groups/735051
OUT-OF-SCOPE (Bibliography for all materials),10.5075/epfl-298799_978-2-9701614-0-0,Vassilopoulos,2022,Proceedings of the 20th European Conference on Composite Materials - Composites Meet Sustainability (Vol 1-6),Bibliography for all materials,P2RP3SQD,groups/735051
OUT-OF-SCOPE (Bibliography for all materials),10.3390/polym14030426,Lupone,2022,Experimental Characterization and Modeling of 3D Printed Continuous Carbon Fibers Composites with Different Fiber Orientation Produced by FFF Process,Bibliography for all materials,QMXM9JWY,groups/735051
OUT-OF-SCOPE (Bibliography for all materials),10.3390/polym14173586,Pertuz-Comas,2022,Flexural Fatigue in a Polymer Matrix Composite Material Reinforced with Continuous Kevlar Fibers Fabricated by Additive Manufacturing,Bibliography for all materials,5KLA6VDD,groups/735051
OUT-OF-SCOPE (Bibliography for all materials),10.1177/0021998307086206,Cann,2008,Characterization of Fiber Volume Fraction Gradients in Composite Laminates,Bibliography for all materials,5FJVW475,groups/735051
OUT-OF-SCOPE (Bibliography for all materials),10.3390/ma16227229,Krupnin,2023,Theoretical and Experimental Investigation of 3D-Printed Polylactide Laminate Composites’ Mechanical Properties,Bibliography for all materials,QMR7DTKJ,groups/735051
OUT-OF-SCOPE (Bibliography for all materials),10.12913/22998624/207989,Saldaña-Robles,2025,Mechanical behavior of 3D printed polymers under tensile and bending loads,Bibliography for all materials,5NASKGRG,groups/735051
OUT-OF-SCOPE (Bibliography for all materials),10.1016/j.ijlmm.2024.05.011,Khan,2024,Insights into flexural and impact properties of polymer based materials printed through fused filament fabrication: Progress in the last decade,Bibliography for all materials,I2PGVBVM,groups/735051
OUT-OF-SCOPE (Bibliography for all materials),10.3390/polym15234497,Bol,2023,Micromechanical Models for FDM 3D-Printed Polymers: A Review,Bibliography for all materials,6SSBPPZS,groups/735051
OUT-OF-SCOPE (Bibliography for all materials),10.3390/polym16050684,Zhang,2024,Design and Optimization of 3D-Printed Variable Cross-Section I-Beams Reinforced with Continuous and Short Fibers,Bibliography for all materials,SCLPYSAR,groups/735051
OUT-OF-SCOPE (Bibliography for all materials),10.3390/ma13010015,Pastor-Artigues,2019,Elastic Asymmetry of PLA Material in FDM-Printed Parts: Considerations Concerning Experimental Characterisation for Use in Numerical Simulations,Bibliography for all materials,JH9EJUJZ,groups/735051
OUT-OF-SCOPE (Bibliography for all materials),10.1002/pol.20200454,Seguela,2020,Overview and critical survey of polyamide6 structural habits: Misconceptions and controversies,Bibliography for all materials,6FDAZUDY,groups/735051
OUT-OF-SCOPE (Bibliography for all materials),10.1002/app.48786,Ding,2020,Anisotropy of poly(lactic acid)/carbon fiber composites prepared by fused deposition modeling,Bibliography for all materials,5GHYPG5R,groups/735051
OUT-OF-SCOPE (Bibliography for all materials),10.1186/s12903-025-05664-5,Aktug Karademir,2025,"Effects of post-curing conditions on degree of conversion, microhardness, and stainability of 3D printed permanent resins",Bibliography for all materials,IHPNQ6TX,groups/735051
OUT-OF-SCOPE (Bibliography for all materials),10.1007/978-3-319-99519-9_22,Wangler,2019,The Effect of Print Parameters on the (Micro)structure of 3D Printed Cementitious Materials,Bibliography for all materials,DM4ERNJW,groups/735051
OUT-OF-SCOPE (Bibliography for all materials),10.1088/1757-899x/1248/1/012004,Maguluri,2022,Effect of printing parameters on the hardness of 3D printed poly-lactic acid parts using DOE approach,Bibliography for all materials,S6LPBT2G,groups/735051
OUT-OF-SCOPE (Bibliography for all materials),10.3390/math11133022,Moradi,2023,Mathematical Modelling of Fused Deposition Modeling (FDM) 3D Printing of Poly Vinyl Alcohol Parts through Statistical Design of Experiments Approach,Bibliography for all materials,9IH2D95P,groups/735051
OUT-OF-SCOPE (Bibliography for all materials),10.1016/j.addma.2022.103372,Zhang,2023,Line width prediction and mechanical properties of 3D printed continuous fiber reinforced polypropylene composites,Bibliography for all materials,UTMJYKR9,groups/735051
OUT-OF-SCOPE (Bibliography for all materials),10.3390/polym14102022,Racz,2022,Numerical Investigation of the Infill Rate upon Mechanical Proprieties of 3D-Printed Materials,Bibliography for all materials,B396VMZZ,groups/735051
OUT-OF-SCOPE (Bibliography for all materials),10.1080/15397734.2024.2323151,Daniel R,2024,Vibration analysis of bio-inspired sandwich composite beam under rotating environment based on the Internet of Things technology,Bibliography for all materials,T2E5ZD9L,groups/735051
OUT-OF-SCOPE (Bibliography for all materials),10.1016/j.heliyon.2024.e29920,Turaka,2024,Impact of infill density on morphology and mechanical properties of 3D printed ABS/CF-ABS composites using design of experiments,Bibliography for all materials,JVE53FHW,groups/735051
OUT-OF-SCOPE (Bibliography for all materials),10.3390/polym12122792,Lalegani Dezaki,2020,The Effects of Combined Infill Patterns on Mechanical Properties in FDM Process,Bibliography for all materials,WHXBXUM8,groups/735051
OUT-OF-SCOPE (Bibliography for all materials),10.1007/s40964-023-00487-8,Birosz,2024,Effect of infill pattern scaling on mechanical properties of FDM-printed PLA specimens,Bibliography for all materials,F9S3UTZU,groups/735051
OUT-OF-SCOPE (Bibliography for all materials),10.1016/j.polymertesting.2024.108459,Tóth,2024,Prediction and analysis of flexural stiffness for 3D-printed continuous fiber–reinforced composites with different matrix fill ratios and layer orders,Bibliography for all materials,JYXU4XJ2,groups/735051
OUT-OF-SCOPE (Bibliography for all materials),10.1186/s44147-023-00273-x,Karad,2023,Experimental study of effect of infill density on tensile and flexural strength of 3D printed parts,Bibliography for all materials,E2LQET48,groups/735051
OUT-OF-SCOPE (Bibliography for all materials),10.1007/s40964-020-00146-2,Gebrehiwot,2021,The influence of stiffener geometry on flexural properties of 3D printed polylactic acid (PLA) beams,Bibliography for all materials,3Y62UH4F,groups/735051
OUT-OF-SCOPE (Bibliography for all materials),10.3390/polym13101587,Syrlybayev,2021,Optimisation of Strength Properties of FDM Printed Parts—A Critical Review,Bibliography for all materials,GQXKX2DP,groups/735051
OUT-OF-SCOPE (Bibliography for all materials),10.1051/matecconf/202134308014,Racz,2021,Mechanical behavior of beams with variable stiffness obtained by 3D printing,Bibliography for all materials,56T7RX74,groups/735051
OUT-OF-SCOPE (Bibliography for all materials),10.1038/srep23058,Matsuzaki,2016,Three-dimensional printing of continuous-fiber composites by in-nozzle impregnation,Bibliography for all materials,3HB9XSNF,groups/735051
OUT-OF-SCOPE (Bibliography for all materials),10.1007/s00170-015-7576-2,Bikas,2016,Additive manufacturing methods and modelling approaches: a critical review,Bibliography for all materials,QKQXCA34,groups/735051
OUT-OF-SCOPE (Bibliography for all materials),10.1179/1743280411y.0000000014,Gu,2012,"Laser additive manufacturing of metallic components: materials, processes and mechanisms",Bibliography for all materials,ZA2B2H9V,groups/735051
OUT-OF-SCOPE (Bibliography for all materials),10.5437/08956308x5606193,Petrick,2013,3D Printing Disrupts Manufacturing: How Economies of One Create New Rules of Competition,Bibliography for all materials,TAK69PH6,groups/735051
OUT-OF-SCOPE (Bibliography for all materials),10.1115/1.4036640,Bai,2017,Effect of Particle Size Distribution on Powder Packing and Sintering in Binder Jetting Additive Manufacturing of Metals,Bibliography for all materials,DQIVSBPH,groups/735051
OUT-OF-SCOPE (Bibliography for all materials),10.1007/978-1-4939-2113-3,Gibson,2015,"Additive Manufacturing Technologies: 3D Printing, Rapid Prototyping, and Direct Digital Manufacturing",Bibliography for all materials,VLP27WSR,groups/735051
OUT-OF-SCOPE (Bibliography for all materials),10.1016/j.dt.2018.02.001,Altin Karataş,2018,A review on machinability of carbon fiber reinforced polymer (CFRP) and glass fiber reinforced polymer (GFRP) composite materials,Bibliography for all materials,MSYZ9NPK,groups/735051
OUT-OF-SCOPE (Bibliography for all materials),10.1002/app.49926,Shi,2021,"Study on performance characteristics of fused deposition modeling <span style=""font-variant:small-caps;"">3D</span> ‐printed composites by blending and lamination",Bibliography for all materials,7BDNIIUL,groups/735051
OUT-OF-SCOPE (Bibliography for all materials),10.1016/j.polymertesting.2022.107654,Birosz,2022,Effect of FDM infill patterns on mechanical properties,Bibliography for all materials,YQNS2STP,groups/735051
OUT-OF-SCOPE (Bibliography for all materials),10.1007/s11837-017-2734-7,Singh,2018,"Additive Manufacturing of Syntactic Foams: Part 1: Development, Properties, and Recycling Potential of Filaments",Bibliography for all materials,TX8SUKQK,groups/735051
OUT-OF-SCOPE (Bibliography for all materials),10.3390/ma16237311,Marabello,2023,Carbon Fiber 3D Printing: Technologies and Performance—A Brief Review,Bibliography for all materials,TU8U2AWS,groups/735051
OUT-OF-SCOPE (Bibliography for all materials),10.3390/polym12071529,Wickramasinghe,2020,"FDM-Based 3D Printing of Polymer and Associated Composite: A Review on Mechanical Properties, Defects and Treatments",Bibliography for all materials,4MVC9DXS,groups/735051
OUT-OF-SCOPE (Bibliography for all materials),10.3390/polym11071094,Mazzanti,2019,FDM 3D Printing of Polymers Containing Natural Fillers: A Review of their Mechanical Properties,Bibliography for all materials,B5N7HN7F,groups/735051
OUT-OF-SCOPE (Bibliography for all materials),10.1080/17543266.2016.1223355,Vanderploeg,2017,The application of 3D printing technology in the fashion industry,Bibliography for all materials,ZD79HK3E,groups/735051
OUT-OF-SCOPE (Bibliography for all materials),10.1002/pc.23149,Zhang,2016,Research on the mechanical properties prediction of carbon/epoxy composite laminates with different void contents,Bibliography for all materials,BYQGLLPD,groups/735051
OUT-OF-SCOPE (Bibliography for all materials),10.3390/jcs6050128,Hetrick,2022,Void Content Reduction in 3D Printed Glass Fiber-Reinforced Polymer Composites through Temperature and Pressure Consolidation,Bibliography for all materials,BTPIGSKV,groups/735051
OUT-OF-SCOPE (Bibliography for all materials),10.1002/pc.26937,Amiri,2022,"3D printing of glass fiber reinforced acrylonitrile butadiene styrene and investigation of tensile, flexural, warpage and roughness properties",Bibliography for all materials,WIHWIBPP,groups/735051
OUT-OF-SCOPE (Bibliography for all materials),10.1016/j.polymdegradstab.2006.03.019,Arostegui,2006,Effect of dissolution-based recycling on the degradation and the mechanical properties of acrylonitrile–butadiene–styrene copolymer,Bibliography for all materials,YDFLYFCI,groups/735051
OUT-OF-SCOPE (Bibliography for all materials),10.3390/ma12101664,Harris,2019,Effect of Material and Process Specific Factors on the Strength of Printed Parts in Fused Filament Fabrication: A Review of Recent Developments,Bibliography for all materials,F25AYJPM,groups/735051
OUT-OF-SCOPE (Bibliography for all materials),10.1520/d0638-14,International,,Test Method for Tensile Properties of Plastics,Bibliography for all materials,TDH4VIMV,groups/735051
OUT-OF-SCOPE (Bibliography for all materials),10.1108/rpj-01-2020-0022,Travieso-Rodriguez,2021,"Comparative study of the flexural properties of ABS, PLA and a PLA–wood composite manufactured through fused filament fabrication",Bibliography for all materials,XJDSW4FT,groups/735051
OUT-OF-SCOPE (Bibliography for all materials),10.1080/20550340.2017.1341125,Ivey,2017,Characterizing short-fiber-reinforced composites produced using additive manufacturing,Bibliography for all materials,6JVM54BV,groups/735051
OUT-OF-SCOPE (Bibliography for all materials),10.1021/acsapm.9b00421,Srinivas,2019,Interfacial Stereocomplexation To Strengthen Fused Deposition Modeled Poly(lactide) Welds,Bibliography for all materials,R7AMEA5W,groups/735051
OUT-OF-SCOPE (Bibliography for all materials),10.3390/ma3042884,Bikiaris,2010,Microstructure and Properties of Polypropylene/Carbon Nanotube Nanocomposites,Bibliography for all materials,8PR289J9,groups/735051
OUT-OF-SCOPE (Bibliography for all materials),10.1002/app.41073,Saeidlou,2014,Poly(lactic acid) stereocomplex formation: Application to PLA rheological property modification,Bibliography for all materials,75S4RD92,groups/735051
OUT-OF-SCOPE (Bibliography for all materials),10.14775/ksmpe.2018.17.4.130,Lee,2018,Investigation of the Internal Stress Relaxation in FDM 3D Printing : Annealing Conditions,Bibliography for all materials,D3T89IAG,groups/735051
OUT-OF-SCOPE (Bibliography for all materials),10.48084/etasr.5123,Zisopol,2022,A Comparative Analysis of the Mechanical Properties of Annealed PLA,Bibliography for all materials,4D2UI54T,groups/735051
OUT-OF-SCOPE (Bibliography for all materials),10.1088/1757-899x/1217/1/012002,Sorimpuk,2022,Design of thermoformable three dimensional-printed PLA cast for fractured wrist,Bibliography for all materials,VE3P4WFQ,groups/735051
OUT-OF-SCOPE (Bibliography for all materials),10.1108/rpj-01-2019-0009,Popescu,2020,Fast production of customized three-dimensional-printed hand splints,Bibliography for all materials,8C7IARDI,groups/735051
OUT-OF-SCOPE (Bibliography for all materials),10.3390/polym13081326,Ilyas,2021,"Polylactic Acid (PLA) Biocomposite: Processing, Additive Manufacturing and Advanced Applications",Bibliography for all materials,9LFSWCQH,groups/735051
OUT-OF-SCOPE (Bibliography for all materials),10.1016/s0014-3057(96)00051-1,Joseph,1996,Influence of interfacial adhesion on the mechanical properties and fracture behaviour of short sisal fibre reinforced polymer composites,Bibliography for all materials,HRSXRJPN,groups/735051
OUT-OF-SCOPE (Bibliography for all materials),10.1016/j.jmatprotec.2010.08.028,Zhang,2011,The reinforcing mechanism of carbon fiber in composite adhesive for bonding carbon/carbon composites,Bibliography for all materials,5RUTQGSW,groups/735051
OUT-OF-SCOPE (Bibliography for all materials),10.3390/ma15165602,Yun,2022,Analysis of Elastic Properties of Polypropylene Composite Materials with Ultra-High Molecular Weight Polyethylene Spherical Reinforcement,Bibliography for all materials,E3NRT5BT,groups/735051
OUT-OF-SCOPE (Bibliography for all materials),10.3390/molecules27185752,Yun,2022,Prediction of Elastic Properties Using Micromechanics of Polypropylene Composites Mixed with Ultrahigh-Molecular-Weight Polyethylene Fibers,Bibliography for all materials,A9CW6I44,groups/735051
OUT-OF-SCOPE (Bibliography for all materials),10.3390/polym14224851,Yun,2022,Numerical Investigation of the Elastic Properties of Polypropylene/Ultra High Molecular Weight Polyethylene Fiber inside a Composite Material Based on Its Aspect Ratio and Volume Fraction,Bibliography for all materials,674S5KY6,groups/735051
OUT-OF-SCOPE (Bibliography for all materials),10.1007/s00170-016-9933-1,Zhou,2017,Finite element and experimental analysis of machinability during machining of high-volume fraction SiCp/Al composites,Bibliography for all materials,DQEB2AEF,groups/735051
OUT-OF-SCOPE (Bibliography for all materials),10.3390/polym13071107,Tian,2021,Additive Manufacturing of Wood Flour/PHA Composites Using Micro-Screw Extrusion: Effect of Device and Process Parameters on Performance,Bibliography for all materials,7TIE6LWV,groups/735051
OUT-OF-SCOPE (Bibliography for all materials),10.1016/j.compositesa.2016.10.018,Newcomb,2016,"Processing, structure, and properties of carbon fibers",Bibliography for all materials,G6QQ8IPC,groups/735051
OUT-OF-SCOPE (Bibliography for all materials),10.1016/j.polymertesting.2021.107181,Galati,2021,A finite element approach for the prediction of the mechanical behaviour of layered composites produced by Continuous Filament Fabrication (CFF),Bibliography for all materials,JZH89AHZ,groups/735051
OUT-OF-SCOPE (Bibliography for all materials),10.1016/j.compstruct.2021.114337,Morales,2021,The effect of cross-section geometry on crushing behaviour of 3D printed continuous carbon fibre reinforced polyamide profiles,Bibliography for all materials,LYGGVPTF,groups/735051
OUT-OF-SCOPE (Bibliography for all materials),10.1016/j.addma.2019.03.008,Mei,2019,Influence of mixed isotropic fiber angles and hot press on the mechanical properties of 3D printed composites,Bibliography for all materials,Z5YR8GJL,groups/735051
OUT-OF-SCOPE (Bibliography for all materials),10.1039/c7ra06611b,Kelnar,2017,Improvement of performance of a ductile/brittle polymer system by graphite nanoplatelets: effect of component coupling,Bibliography for all materials,YCPDYIY2,groups/735051
OUT-OF-SCOPE (Bibliography for all materials),10.1177/07316844231167551,Shah,2023,Microstructure and mechanical properties of filament and fused deposition modelling printed polylactic-acid and carbon-fiber reinforced polylactic-acid,Bibliography for all materials,ID8PB956,groups/735051
OUT-OF-SCOPE (Bibliography for all materials),10.1016/j.compscitech.2014.10.009,Tekinalp,2014,Highly oriented carbon fiber–polymer composites via additive manufacturing,Bibliography for all materials,V2J2B9AP,groups/735051
OUT-OF-SCOPE (Bibliography for all materials),10.3390/jmmp4020038,Butt,2020,Investigating the Effects of Annealing on the Mechanical Properties of FFF-Printed Thermoplastics,Bibliography for all materials,S287Q5GM,groups/735051
OUT-OF-SCOPE (Bibliography for all materials),10.1016/j.jmapro.2022.06.026,Ghorbani,2022,Eliminating voids and reducing mechanical anisotropy in fused filament fabrication parts by adjusting the filament extrusion rate,Bibliography for all materials,9UEQJPCQ,groups/735051
OUT-OF-SCOPE (Bibliography for all materials),10.1007/s00170-020-06077-0,Tarfaoui,2020,Additive manufacturing in fighting against novel coronavirus COVID-19,Bibliography for all materials,NG32HD6A,groups/735051
OUT-OF-SCOPE (Bibliography for all materials),10.1002/mame.201800169,Wach,2018,Enhancement of Mechanical Properties of FDM-PLA Parts via Thermal Annealing,Bibliography for all materials,WYSI6VZV,groups/735051
OUT-OF-SCOPE (Bibliography for all materials),10.1016/j.matdes.2017.03.051,Song,2017,Measurements of the mechanical response of unidirectional 3D-printed PLA,Bibliography for all materials,TI6RACW8,groups/735051
OUT-OF-SCOPE (Bibliography for all materials),10.1007/s00170-021-07913-7,Zhang,2021,Fibre bridging and nozzle clogging in 3D printing of discontinuous carbon fibre-reinforced polymer composites: coupled CFD-DEM modelling,Bibliography for all materials,N8MGY7X8,groups/735051
OUT-OF-SCOPE (Bibliography for all materials),10.1177/0731684418807300,Akhoundi,2019,Improving mechanical properties of continuous fiber-reinforced thermoplastic composites produced by FDM 3D printer,Bibliography for all materials,Y5NRBF75,groups/735051
OUT-OF-SCOPE (Bibliography for all materials),10.4236/iim.2009.12014,Panda,2009,Optimization of Fused Deposition Modelling (FDM) Process Parameters Using Bacterial Foraging Technique,Bibliography for all materials,BSYUQAZP,groups/735051
OUT-OF-SCOPE (Bibliography for all materials),10.1177/07316844211016091,Chen,2021,"Process evaluation, tensile properties, mathematical models, and fracture behavior of 3D printed continuous fiber reinforced thermoplastic composites",Bibliography for all materials,I9DRC68V,groups/735051
OUT-OF-SCOPE (Bibliography for all materials),10.1016/j.matdes.2014.02.038,Tymrak,2014,Mechanical properties of components fabricated with open-source 3-D printers under realistic environmental conditions,Bibliography for all materials,P7FQ66EU,groups/735051
OUT-OF-SCOPE (Bibliography for all materials),10.1016/s1359-835x(00)00154-8,Mills,2001,Automation of carbon fibre preform manufacture for affordable aerospace applications,Bibliography for all materials,L2YET94V,groups/735051
OUT-OF-SCOPE (Bibliography for all materials),10.1002/pen.25590,Xu,2021,Effect of processing parameters on flexural properties of 3D-printed polyetherketoneketone using fused deposition modeling,Bibliography for all materials,RA5MMJG7,groups/735051
OUT-OF-SCOPE (Bibliography for all materials),10.4236/ojcm.2016.61003,Der Klift,2016,3D Printing of Continuous Carbon Fibre Reinforced Thermo-Plastic (CFRTP) Tensile Test Specimens,Bibliography for all materials,MQMKBUN2,groups/735051
OUT-OF-SCOPE (Bibliography for all materials;Heat Treatment of 3D Printed Materials),10.3390/jcs4030098,Sanei,2020,3D-Printed Carbon Fiber Reinforced Polymer Composites: A Systematic Review,Heat Treatment of 3D Printed Materials;Bibliography for all materials,DACHJ4A7,groups/735051
OUT-OF-SCOPE (Bibliography for all materials;Heat Treatment of 3D Printed Materials),10.1016/j.compstruct.2019.111476,Kabir,2020,"A critical review on 3D printed continuous fiber-reinforced composites: History, mechanism, materials and properties",Heat Treatment of 3D Printed Materials;Bibliography for all materials,G8UADU6N,groups/735051
OUT-OF-SCOPE (Bibliography for all materials;Heat Treatment of 3D Printed Materials;Onyx related studies),10.1051/matecconf/201925401018,Bárnik,2019,Mechanical properties of structures produced by 3D printing from composite materials,Heat Treatment of 3D Printed Materials;Bibliography for all materials;Onyx related studies;PA6 Studies,89K5G9SD,groups/735051
OUT-OF-SCOPE (Bibliography for all materials;Heat Treatment related studies),10.3390/polym18080981,Klingenbeck,2026,Temperature-Dependent Thermal Properties of Nearly Amorphous Polyamide 6,Bibliography for all materials;Heat Treatment related studies,GHUC87NM,groups/735051
OUT-OF-SCOPE (Bibliography for all materials;Heat Treatment related studies),10.1177/0892705719847244,Magri,2021,Mechanical properties of CF-reinforced PLA parts manufactured by fused deposition modeling,Bibliography for all materials;Heat Treatment related studies,FVBTSYWC,groups/735051
OUT-OF-SCOPE (Bibliography for all materials;Heat Treatment related studies),10.3390/polym17060788,Monkova,2025,Investigating the Flexural Properties of 3D-Printed Nylon CF12 with Respect to the Correlation Between Loading and Layering Directions,Bibliography for all materials;Heat Treatment related studies,33BLHLUI,groups/735051
OUT-OF-SCOPE (Bibliography for all materials;Heat Treatment related studies),10.1088/1402-4896/ac437e,Cai,2021,The phase transition of polyamide 6 with pre-stretching process at different temperatures,Bibliography for all materials;Heat Treatment related studies,MB3V5T48,groups/735051
OUT-OF-SCOPE (Bibliography for all materials;Heat Treatment related studies),10.1016/j.tca.2017.09.021,Parodi,2017,Glass transition temperature versus structure of polyamide 6: A flash-DSC study,Bibliography for all materials;Heat Treatment related studies,N97SMA4T,groups/735051
OUT-OF-SCOPE (Bibliography for all materials;Heat Treatment related studies),10.3390/polym10070710,Parodi,2018,"Structure–Properties Relations for Polyamide 6, Part 1: Influence of the Thermal History during Compression Moulding on Deformation and Failure Kinetics",Bibliography for all materials;Heat Treatment related studies,59CB6WA5,groups/735051
OUT-OF-SCOPE (Bibliography for all materials;Heat Treatment related studies),10.1016/j.jmrt.2023.01.097,Valvez,2023,Effect of annealing treatment on mechanical properties of 3D-Printed composites,Bibliography for all materials;Heat Treatment related studies,93MS3FAJ,groups/735051
OUT-OF-SCOPE (Bibliography for all materials;Heat Treatment related studies),10.1016/j.prostr.2022.02.004,Valvez,2022,Annealing effect on mechanical properties of 3D printed composites,Bibliography for all materials;Heat Treatment related studies,KQ37WEU3,groups/735051
OUT-OF-SCOPE (Bibliography for all materials;Heat Treatment related studies),10.1021/j100619a008,Moynihan,1974,Dependence of the glass transition temperature on heating and cooling rate,Bibliography for all materials;Heat Treatment related studies,CWSI8QYC,groups/735051
OUT-OF-SCOPE (Bibliography for all materials;Heat Treatment related studies),10.69644/ivk-2024-01-0099,Samardžić,2024,Annealing effect on impact properties of reinforced polymer PA6-GF made by FDM technology,Bibliography for all materials;Heat Treatment related studies,U58U827Y,groups/735051
OUT-OF-SCOPE (Bibliography for all materials;Heat Treatment related studies),10.1080/17452759.2022.2095288,Patel,2022,Characterization of the effect of in-process annealing using a novel print head assembly on the ultimate tensile strength & toughness of Fused Filament Fabrication (FFF) parts,Bibliography for all materials;Heat Treatment related studies,JB79LV3X,groups/735051
OUT-OF-SCOPE (Bibliography for all materials;Heat Treatment related studies),10.1002/pat.70037,Battistelli,2024,"Optimizing <span style=""font-variant:small-caps;"">3D</span> ‐Printing Parameters for Enhanced Mechanical Properties in Liquid Crystalline Polymer Components",Bibliography for all materials;Heat Treatment related studies,Q55KDVYH,groups/735051
OUT-OF-SCOPE (Bibliography for all materials;Heat Treatment related studies),10.1016/j.addma.2021.102518,Van De Voorde,2022,Effect of extrusion and fused filament fabrication processing parameters of recycled poly(ethylene terephthalate) on the crystallinity and mechanical properties,Bibliography for all materials;Heat Treatment related studies,WPQTWFIA,groups/735051
OUT-OF-SCOPE (Bibliography for all materials;Heat Treatment related studies),10.1155/2016/8539694,Noah,2016,Study of Thermal Properties of Mixed (PP/EPR)/ABS with Five Model Compatibilizers,Bibliography for all materials;Heat Treatment related studies,7KHW6BE5,groups/735051
OUT-OF-SCOPE (Bibliography for all materials;Heat Treatment related studies),10.1108/rpj-03-2016-0051,Coogan,2017,Healing simulation for bond strength prediction of FDM,Bibliography for all materials;Heat Treatment related studies,EMHVCMRU,groups/735051
OUT-OF-SCOPE (Bibliography for all materials;Heat Treatment related studies),10.1021/ma000754y,Xue,2000,Welding Behavior of Semicrystalline Polymers. 2. Effect of Cocrystallization on Autoadhesion,Bibliography for all materials;Heat Treatment related studies,VS85BBBF,groups/735051
OUT-OF-SCOPE (Bibliography for all materials;Heat Treatment related studies),10.1016/j.polymer.2018.09.018,Northcutt,2018,Effect of processing conditions on crystallization kinetics during materials extrusion additive manufacturing,Bibliography for all materials;Heat Treatment related studies,8C8P8NPE,groups/735051
OUT-OF-SCOPE (Bibliography for all materials;Heat Treatment related studies),10.1021/bk-2019-1315.ch006,Seppala,2019,Combining Modeling and Measurements To Predict Crystal Morphology in Material Extrusion,Bibliography for all materials;Heat Treatment related studies,JHN4R7ZT,groups/735051
OUT-OF-SCOPE (Bibliography for all materials;Heat Treatment related studies),10.1108/rpj-10-2019-0278,Ferreira,2020,Study of the annealing influence on the mechanical performance of PA12 and PA12 fibre reinforced FFF printed specimens,Bibliography for all materials;Heat Treatment related studies,9TN3BL8P,groups/735051
OUT-OF-SCOPE (Bibliography for all materials;Heat Treatment related studies),10.3390/ma12244167,Harris,2019,Acrylonitrile Butadiene Styrene and Polypropylene Blend with Enhanced Thermal and Mechanical Properties for Fused Filament Fabrication,Bibliography for all materials;Heat Treatment related studies,JZ9RFIPS,groups/735051
OUT-OF-SCOPE (Bibliography for all materials;Heat Treatment related studies),10.1002/pen.26274,Pazhamannil,2023,Thermal post‐processing effects on the polycarbonate acrylonitrile butadiene styrene composites manufactured by fused filament fabrication,Bibliography for all materials;Heat Treatment related studies,ZSP4AJR2,groups/735051
OUT-OF-SCOPE (Bibliography for all materials;Heat Treatment related studies),10.1108/rpj-08-2020-0205,Von Windheim,2021,"The influence of porosity, crystallinity and interlayer adhesion on the tensile strength of 3D printed polylactic acid (PLA)",Bibliography for all materials;Heat Treatment related studies,I2VKV7XR,groups/735051
OUT-OF-SCOPE (Bibliography for all materials;Heat Treatment related studies),10.3390/polym13244305,Nassar,2021,Effects of Heat-Treatment on Tensile Behavior and Dimension Stability of 3D Printed Carbon Fiber Reinforced Composites,Bibliography for all materials;Heat Treatment related studies,I3BPMZ2Z,groups/735051
OUT-OF-SCOPE (Bibliography for all materials;Heat Treatment related studies),10.1021/acs.biomac.5b00293,Huang,2015,Chain Packing and Its Anomalous Effect on Mechanical Toughness for Poly(lactic acid),Bibliography for all materials;Heat Treatment related studies,6R4D9I5G,groups/735051
OUT-OF-SCOPE (Bibliography for all materials;Heat Treatment related studies),10.1002/app.42066,Andjelić,2015,Polymer crystallization rate challenges: The art of chemistry and processing,Bibliography for all materials;Heat Treatment related studies,Q5LSZDGB,groups/735051
OUT-OF-SCOPE (Bibliography for all materials;Heat Treatment related studies),10.3390/polym11091487,Liao,2019,Effect of Porosity and Crystallinity on 3D Printed PLA Properties,Bibliography for all materials;Heat Treatment related studies,6W3F933N,groups/735051
OUT-OF-SCOPE (Bibliography for all materials;Heat Treatment related studies),10.3144/expresspolymlett.2010.80,Tabi,2010,Crystalline structure of annealed polylactic acid and its relation to processing,Bibliography for all materials;Heat Treatment related studies,N2C3A5IM,groups/735051
OUT-OF-SCOPE (Bibliography for all materials;Heat Treatment related studies),10.5545/sv-jme.2021.7426,Djukanović,2022,Optimisation of PLA Filament Consumption for 3D Printing Using the Annealing Method in Home Environment,Bibliography for all materials;Heat Treatment related studies,4ID3XY5J,groups/735051
OUT-OF-SCOPE (Bibliography for all materials;Heat Treatment related studies),10.3390/polym14204304,Sorimpuk,2022,Thermoforming Characteristics of PLA/TPU Multi-Material Specimens Fabricated with Fused Deposition Modelling under Different Temperatures,Bibliography for all materials;Heat Treatment related studies,7V2ZV3MZ,groups/735051
OUT-OF-SCOPE (Bibliography for all materials;Heat Treatment related studies),10.1016/j.ceramint.2019.10.162,Makarian,2020,Micromechanical modeling of thermo-mechanical properties of high volume fraction particle-reinforced refractory composites using 3D Finite Element analysis,Bibliography for all materials;Heat Treatment related studies,7XU5JB5I,groups/735051
OUT-OF-SCOPE (Bibliography for all materials;Heat Treatment related studies),10.3390/ma15082764,Colón Quintana,2022,Effects of Fiber Orientation on the Coefficient of Thermal Expansion of Fiber-Filled Polymer Systems in Large Format Polymer Extrusion-Based Additive Manufacturing,Bibliography for all materials;Heat Treatment related studies,N98R89W9,groups/735051
OUT-OF-SCOPE (Bibliography for all materials;Heat Treatment related studies),10.3144/expresspolymlett.2011.84,Battegazzore,2011,Crystallization kinetics of poly(lactic acid)-talc composites,Bibliography for all materials;Heat Treatment related studies,8CZPZZDF,groups/735051
OUT-OF-SCOPE (Bibliography for all materials;Heat Treatment related studies),10.1002/pen.25737,Reis,2021,Annealing and crystallization kinetics of poly(lactic acid) pieces obtained by additive manufacturing,Bibliography for all materials;Heat Treatment related studies,QGAASECP,groups/735051
OUT-OF-SCOPE (Bibliography for all materials;Heat Treatment related studies),10.1002/pen.23304,Srithep,2013,Effects of annealing time and temperature on the crystallinity and heat resistance behavior of injection-molded poly(lactic acid),Bibliography for all materials;Heat Treatment related studies,4ME6Q9Q6,groups/735051
OUT-OF-SCOPE (Bibliography for all materials;Heat Treatment related studies;Onyx related studies),10.3390/app16083791,Boszorádová,2026,Effect of Annealing Time on FFF-Manufactured PA6 Composites,Bibliography for all materials;Onyx related studies;Heat Treatment related studies,HECB5YKM,groups/735051
OUT-OF-SCOPE (Bibliography for all materials;Heat Treatment related studies;Onyx related studies),10.1002/pc.28034,Zhu,2024,"A multiscale study of heat treatment effects on the interlayer mechanical properties of <span style=""font-variant:small-caps;"">3D</span> printed continuous carbon fiber‐reinforced composites",Bibliography for all materials;Onyx related studies;Heat Treatment related studies,QM2LY2LD,groups/735051
OUT-OF-SCOPE (Bibliography for all materials;Heat Treatment related studies;Onyx related studies),10.3390/ma15145069,Maier,2022,Investigation into Thermomechanical Response of Polymer Composite Materials Produced through Additive Manufacturing Technologies,Bibliography for all materials;Onyx related studies;Heat Treatment related studies;PA6 Studies,943H2FR6,groups/735051
OUT-OF-SCOPE (Bibliography for all materials;Heat Treatment related studies;PA6 Studies),10.3390/polym18020164,Reyes-Flores,2026,The Effect of Humidity and UV Light Exposure on the Mechanical Properties of PA6 Matrix Reinforced with Short Carbon Fibers and Built by Additive Manufacturing,Bibliography for all materials;Heat Treatment related studies;PA6 Studies,HWDD9W59,groups/735051
OUT-OF-SCOPE (Bibliography for all materials;Heat Treatment related studies;PA6 Studies),10.1016/0032-3861(92)90377-9,Wilfong,1992,Separation of polymerization and crystallization processes for nylon-6,Bibliography for all materials;Heat Treatment related studies;PA6 Studies,7SXU8HKX,groups/735051
OUT-OF-SCOPE (Bibliography for all materials;Onyx related studies),10.1177/07316844211020115,Martulli,2021,Infill shape effects on bending stiffness of additively manufactured short fibre reinforced polymer sandwich specimens,Bibliography for all materials;Onyx related studies,3AK4WWFL,groups/735051
OUT-OF-SCOPE (Bibliography for all materials;Onyx related studies),10.1002/eng2.12799,Estefani,2024,Numerical multiscale analysis of 3D printed short fiber composites parts: Filament anisotropy and toolpath effects,Onyx related studies;Bibliography for all materials,8VU7KFXW,groups/735051
OUT-OF-SCOPE (Bibliography for all materials;Onyx related studies),10.1016/j.trpro.2019.07.088,Bárnik,2019,Comparing mechanical properties of composites structures on Onyx base with different density and shape of fill,Bibliography for all materials;Onyx related studies,HRPKGJYN,groups/735051
OUT-OF-SCOPE (Bibliography for all materials;Onyx related studies),10.1177/0731684420963217,Hetrick,2021,Evaluating the effect of variable fiber content on mechanical properties of additively manufactured continuous carbon fiber composites,Bibliography for all materials;Onyx related studies,EV69BPN2,groups/735051
OUT-OF-SCOPE (Bibliography for all materials;Onyx related studies),10.33425/2771-666x.1003,Pipalla,2021,Experimental Analysis on 3d Printed Onyx Specimens with Honeycomb Infill Structure,Bibliography for all materials;Onyx related studies,72HA6VAP,groups/735051
OUT-OF-SCOPE (Bibliography for all materials;Onyx related studies),10.3390/jmmp9040108,Shafique,2025,Optimizing Process Parameters to Enhance Mechanical Properties of 3D-Printed Fiberglass-Reinforced ONYX Polymer,Bibliography for all materials;Onyx related studies,HUI6K89F,groups/735051
OUT-OF-SCOPE (Bibliography for all materials;Onyx related studies),10.1016/j.compscitech.2021.109182,Krzikalla,2022,"On flexural properties of additive manufactured composites: Experimental, and numerical study",Bibliography for all materials;Onyx related studies,HUH7AKAP,groups/735051
OUT-OF-SCOPE (Bibliography for all materials;Onyx related studies),10.1016/j.matpr.2020.10.467,Sethu Ramalingam,2021,Effect of 3D printing process parameters on the impact strength of onyx – Glass fiber reinforced composites,Bibliography for all materials;Onyx related studies,38226MZU,groups/735051
OUT-OF-SCOPE (Bibliography for all materials;Onyx related studies),10.1186/s42252-020-00010-0,Dantas,2020,Long-fibre reinforced polymer composites by 3D printing: influence of nature of reinforcement and processing parameters on mechanical performance,Bibliography for all materials;Onyx related studies,G3AUKGJU,groups/735051
OUT-OF-SCOPE (Bibliography for all materials;Onyx related studies),10.3390/ma13245654,Vaško,2020,Impact Toughness of FRTP Composites Produced by 3D Printing,Bibliography for all materials;Onyx related studies,X57HRQBF,groups/735051
OUT-OF-SCOPE (Bibliography for all materials;Onyx related studies),10.1002/app.50338,Piramanayagam,2021,Experimental investigation and statistical analysis of additively manufactured onyx‐carbon fiber reinforced composites,Bibliography for all materials;Onyx related studies,2A6FRZBP,groups/735051
OUT-OF-SCOPE (Bibliography for all materials;Onyx related studies;PA6 Studies),10.1007/s00170-023-12503-w,León-Becerra,2024,Additive manufacturing of short carbon filled fiber nylon: effect of build orientation on surface roughness and viscoelastic behavior.,Bibliography for all materials;Onyx related studies;PA6 Studies,PYEGTZ25,groups/735051
OUT-OF-SCOPE (Bibliography for all materials;PA6 Studies),10.1002/app.1992.070460507,Rybnikár̆,1992,Interactions at the PA‐6/PA‐66 interface,Bibliography for all materials;PA6 Studies,INJD3PFR,groups/735051
OUT-OF-SCOPE (Bibliography for all materials;PA6 Studies),10.1002/pcr2.10199,Puiggalí,2021,"Aliphatic polyamides (nylons): Interplay between hydrogen bonds and crystalline structures, polymorphic transitions and crystallization",Bibliography for all materials;PA6 Studies,BJ5LZUY7,groups/735051
OUT-OF-SCOPE (Bibliography for all materials;PA6 Studies),10.1016/j.dib.2024.111149,Pires,2024,Raw dataset of tensile tests in a 3D-printed nylon reinforced with oriented short carbon fibers,Bibliography for all materials;PA6 Studies,IJ4ZLGSL,groups/735051
OUT-OF-SCOPE (Bibliography for all materials;PA6 Studies),10.3390/polym15071708,Fisher,2023,Tension and Compression Properties of 3D-Printed Composites: Print Orientation and Strain Rate Effects,Bibliography for all materials;PA6 Studies,SNXASCTM,groups/735051
OUT-OF-SCOPE (Bibliography for all materials;PA6 Studies),10.1016/j.rineng.2024.101926,El Essawi,2024,"Optimization of infill density, fiber angle, carbon fiber layer position in 3D printed continuous carbon-fiber reinforced nylon composite",Bibliography for all materials;PA6 Studies,BX9WA7VL,groups/735051
OUT-OF-SCOPE (Bibliography for all materials;PA6 Studies),10.1016/j.conbuildmat.2025.144991,Jafari,2026,"Long-term flexural performance and microstructural evolution of 3D-printed carbon, glass, and aramid fibre-reinforced polymer under hygrothermal exposure",Bibliography for all materials;PA6 Studies,8U8D2TT3,groups/735051
OUT-OF-SCOPE (Bibliography for all materials;PA6 Studies),10.1007/s40964-023-00423-w,Díaz-Rodríguez,2023,Monotonic crack propagation in a notched polymer matrix composite reinforced with continuous fiber and printed by material extrusion,Bibliography for all materials;PA6 Studies,G7HJUHR2,groups/735051
OUT-OF-SCOPE (Bibliography for all materials;PA6 Studies),10.3390/polym17050671,Wang,2025,Effect of Fiber Content on the Preparation and Mechanical Properties of 3D Printed Short Carbon Fiber Reinforced PA Composites,Bibliography for all materials;PA6 Studies,DYN552JB,groups/735051
OUT-OF-SCOPE (Bibliography for all materials;PA6 Studies),10.1007/s10965-013-0308-0,Rusu,2013,Evaluation of thermal and mechanical behavior of some anionic polyesteramide copolymers,Bibliography for all materials;PA6 Studies,RWG3WCRQ,groups/735051
OUT-OF-SCOPE (Bibliography for all materials;PA6 Studies),10.3390/designs4030039,Hu,2020,Permittivity of 3D-Printed Nylon Substrates with Different Infill Patterns and Densities for Design of Microwave Components,Bibliography for all materials;PA6 Studies,UNFSUQZE,groups/735051
OUT-OF-SCOPE (Bibliography for all materials;PA6 Studies),10.3390/polym16212991,Yalçın,2024,Flexural Behavior of 3D-Printed Carbon Fiber-Reinforced Nylon Lattice Beams,Bibliography for all materials;PA6 Studies,GGWBLUVY,groups/735051
OUT-OF-SCOPE (Bibliography for all materials;PA6 Studies),10.1177/0095244318817867,Akasheh,2019,Fracture toughness enhancement of carbon fiber–reinforced polymer composites utilizing additive manufacturing fabrication,Bibliography for all materials;PA6 Studies,5WRUEJ2I,groups/735051
OUT-OF-SCOPE (Biologically Inspired Neural Networks (BINNs)),10.1109/icar65334.2025.11338745,Torre,2025,Dopamine-Modulated Spiking Central Pattern Generators for Gait Selection in Quadruped Robots,Biologically Inspired Neural Networks (BINNs),VTFH234S,groups/735051
OUT-OF-SCOPE (Bioprinting),10.1039/ft9928802537,Yu,1992,"Micellisation and gelation of triblock copoly(oxyethylene/oxypropylene/oxyethylene), F127",Bioprinting,V5Q2V92V,groups/735051
OUT-OF-SCOPE (Bioprinting),10.1021/ma00046a049,Malmsten,1992,Self-assembly in aqueous block copolymer solutions,Bioprinting,2XBQFYCP,groups/735051
OUT-OF-SCOPE (Bioprinting),10.1002/adma.201004625,Wu,2011,Omnidirectional Printing of 3D Microvascular Networks,Bioprinting,ET4MI8QX,groups/735051
OUT-OF-SCOPE (Bioprinting),10.1186/s13036-015-0001-4,Chia,2015,Recent advances in 3D printing of biomaterials,Bioprinting,D46282P6,groups/735051
OUT-OF-SCOPE (Bioprinting),10.3390/polym12081765,Liu,2020,Synthetic Polymers for Organ 3D Printing,Bioprinting,3TD9A9H5,groups/735051
OUT-OF-SCOPE (Bioprinting),10.1177/20412479241227137,Bukit,2024,Review of alginate-based composites for 3D printing material,Bioprinting,DY7D5HUA,groups/735051
OUT-OF-SCOPE (Bioprinting),10.1016/j.engreg.2020.12.001,Vanaei,2021,An Overview on Materials and Techniques in 3D Bioprinting Toward Biomedical Application,Bioprinting,ZTLXHBTX,groups/735051
OUT-OF-SCOPE (Bioprinting),10.1089/ten.tec.2022.0214,Wu,2023,Optimization of Freeform Reversible Embedding of Suspended Hydrogel Microspheres for Substantially Improved Three-Dimensional Bioprinting Capabilities,Bioprinting,IMIJ5W8W,groups/735051
OUT-OF-SCOPE (Bioprinting),10.1021/la304836e,Basak,2013,"The encapsulation of hydrophobic drugs in Pluronic F127 micelles: the effects of drug hydrophobicity, solution temperature and pH",Bioprinting,S4DR7VX9,groups/735051
OUT-OF-SCOPE (Bioprinting),10.1590/0104-1428.2267,Bedê,2017,Nanostructured magnetic alginate composites for biomedical applications,Bioprinting,4XDEPWBB,groups/735051
OUT-OF-SCOPE (Bioprinting),10.1016/j.bioactmat.2023.10.012,Budharaju,2024,Embedded 3D bioprinting – An emerging strategy to fabricate biomimetic & large vascularized tissue constructs,Bioprinting,VTKUUIPI,groups/735051
OUT-OF-SCOPE (Bioprinting),10.3390/agriculture13020396,Durand,2023,Quantitative Description and Classification of Growing Media Particle Morphology through Dynamic Image Analysis,Bioprinting,PU8T27W4,groups/735051
OUT-OF-SCOPE (Bioprinting),10.1080/17452759.2024.2336160,Goh,2024,"Large-format additive manufacturing of polymers: a review of fabrication processes, materials, and design",Bioprinting,6WBSREIR,groups/735051
OUT-OF-SCOPE (Bioprinting),10.1126/sciadv.1500758,Hinton,2015,Three-dimensional printing of complex biological structures by freeform reversible embedding of suspended hydrogels,Bioprinting,UXRW7JXH,groups/735051
OUT-OF-SCOPE (Bioprinting),10.1126/science.aav9051,Lee,2019,3D bioprinting of collagen to rebuild components of the human heart,Bioprinting,8ZUINZ2X,groups/735051
OUT-OF-SCOPE (Bioprinting),10.1002/adem.202000716,Mosleh,2021,The Structure–Property Correlations in Dry Gelatin Adhesive Films,Bioprinting,HIEZFPMI,groups/735051
OUT-OF-SCOPE (Bioprinting),10.1038/s41598-025-04910-8,Pulidori,2025,"Characterization of the secondary structure, renaturation and physical ageing of gelatine adhesives",Bioprinting,DTVUQ7KZ,groups/735051
OUT-OF-SCOPE (Bioprinting),10.1016/j.foodhyd.2019.06.009,Rousi,2019,Complex coacervates formation between gelatin and gum Arabic with different arabinogalactan protein fraction content and their characterization,Bioprinting,F8G4NH3R,groups/735051
OUT-OF-SCOPE (Bioprinting),10.4274/tjps.galenos.2018.92408,Shivakumara,2019,Synthesis and Swelling Behavior of Sodium Alginate/Poly(vinyl alcohol) Hydrogels,Bioprinting,ZN2RQVWF,groups/735051
OUT-OF-SCOPE (Bioprinting),10.1063/5.0032777,Shiwarski,2021,Emergence of FRESH 3D printing as a platform for advanced tissue biofabrication,Bioprinting,SXZI4QPB,groups/735051
OUT-OF-SCOPE (Bioprinting),10.1021/acsbiomaterials.1c00908,Sun,2022,Long-Fiber Embedded Hydrogel 3D Printing for Structural Reinforcement,Bioprinting,KTHT9ZB7,groups/735051
OUT-OF-SCOPE (Bioprinting),10.1002/adfm.202303659,Sun,2023,"Biodegradable, Sustainable Hydrogel Actuators with Shape and Stiffness Morphing Capabilities via Embedded 3D Printing",Bioprinting,DMJ3HRWR,groups/735051
OUT-OF-SCOPE (Bioprinting),10.18063/ijb.2017.01.006,Suntornnond,2017,Roles of support materials in 3D bioprinting – Present and future,Bioprinting,6SJU4HEG,groups/735051
OUT-OF-SCOPE (Bioprinting),10.1016/j.foodchem.2012.05.018,Yang,2012,Characterisation of interactions between fish gelatin and gum arabic in aqueous solutions,Bioprinting,QZHGA3VI,groups/735051
OUT-OF-SCOPE (Bioprinting),10.1146/annurev-control-062322-100607,Yasa,2023,An Overview of Soft Robotics,Bioprinting,ADKV33IA,groups/735051
OUT-OF-SCOPE (Bioprinting),10.7759/cureus.28463,Sachdev,2022,A Review on Techniques and Biomaterials Used in 3D Bioprinting,Bioprinting,DHIQI9YG,groups/735051
OUT-OF-SCOPE (Biorobots),10.1109/acc.2014.6859431,Atmeh,2014,"Implementation of an adaptive, model free, learning controller on the Atlas robot",Biorobots,V4KWHTZG,groups/735051
OUT-OF-SCOPE (CHAPTER 2. BACKGROUND),10.1152/jn.01124.2011,Tóth,2012,A neuromechanical model explaining forward and backward stepping in the stick insect,CHAPTER 2. BACKGROUND,PR43D873,groups/735051
OUT-OF-SCOPE (CHAPTER 2. BACKGROUND),10.1242/jeb.205.9.1315,Fischer,2002,Basic limb kinematics of small therian mammals,CHAPTER 2. BACKGROUND,GAPEAID3,groups/735051
OUT-OF-SCOPE (CHAPTER 2. BACKGROUND),10.1242/jeb.205.9.1339,Witte,2002,Torque patterns of the limbs of small therian mammals during locomotion on flat ground,CHAPTER 2. BACKGROUND,T4YW2582,groups/735051
OUT-OF-SCOPE (CHAPTER 2. BACKGROUND;Cody;Joe),10.1016/j.conb.2011.05.017,Tytell,2011,Spikes alone do not behavior make: why neuroscience needs biomechanics.,CHAPTER 2. BACKGROUND;Cody;Joe;SteeleASME2;Steele ASME;Revision,DIQS2DQY,groups/735051
OUT-OF-SCOPE (CHAPTER 2. BACKGROUND;Construction;Hunt Lab),10.1007/978-3-319-09435-9_30,Webster,2014,Design and Control of a Tunable Compliance Actuator,Construction;CHAPTER 2. BACKGROUND;Hunt Lab;references_Lutz_thesis,7FHDFBTS,groups/735051
OUT-OF-SCOPE (CHAPTER 2. BACKGROUND;MURI24),10.1109/iros.2006.282229,Kingsley,2006,A Cockroach Inspired Robot With Artificial Muscles,MURI24;CHAPTER 2. BACKGROUND,THAMLJ7W,groups/735051
OUT-OF-SCOPE (CHAPTER 2. BACKGROUND;Maybe Read?),10.1016/s0021-9290(98)00048-7,Meijer,1998,A Hill type model of rat medial gastrocnemius muscle that accounts for shortening history effects,CHAPTER 2. BACKGROUND;Maybe Read?,7CQXRWUF,groups/735051
OUT-OF-SCOPE (Challenges),10.1016/j.cell.2018.06.019,Zheng,2018,A Complete Electron Microscopy Volume of the Brain of Adult Drosophila melanogaster,Challenges,GSH4YXBC,groups/735051
OUT-OF-SCOPE (Challenges),10.1016/s1364-6613(00)01601-6,Menzel,2001,Cognitive architecture of a mini-brain: the honeybee,Challenges,6DN6Q8C6,groups/735051
OUT-OF-SCOPE (Challenges),10.1145/1654059.1654124,Ananthanarayanan,2009,"The cat is out of the bag: cortical simulations with 109 neurons, 1013 synapses",Challenges,PWNAJX8A,groups/735051
OUT-OF-SCOPE (Challenges),10.1088/1748-3190/ab8706,Chemtob,2020,Strategies to modulate zebrafish collective dynamics with a closed-loop biomimetic robotic system,Challenges,ECWTGERV,groups/735051
OUT-OF-SCOPE (Challenges),10.1177/027836499601500201,Delcomyn,1996,Sense Organs of Insect Legs and the Selection of Sensors for Agile Walking Robots,Challenges,IPNKWGUR,groups/735051
OUT-OF-SCOPE (Challenges;Turbulence),10.1152/jn.00261.2016,Sterbing-D'Angelo,2017,Functional role of airflow-sensing hairs on the bat wing,Challenges;Turbulence,UCJW4FSM,groups/735051
OUT-OF-SCOPE (Cimbing Robot Using Microspines),10.3390/app8010014,Jiang,2017,Grasping Claws of Bionic Climbing Robot for Rough Wall Surface: Modeling and Analysis,Cimbing Robot Using Microspines,7I5SLZWV,groups/735051
OUT-OF-SCOPE (Climbing Robot Using Adhesion),10.1109/tro.2009.2033628,Unver,2010,Flat Dry Elastomer Adhesives as Attachment Materials for Climbing Robots,Climbing Robot Using Adhesion,JXUJHQKP,groups/735051
OUT-OF-SCOPE (Climbing Robot Using Adhesion),10.1109/aim.2018.8452318,Xu,2018,Survey on Bioinspired Adhesive Methods and Design and Implementation of A Multi-Mode Biomimetic Wall-Climbing Robot,Climbing Robot Using Adhesion,8GPQCC45,groups/735051
OUT-OF-SCOPE (Climbing Robot Using Adhesion),10.1109/tmech.2007.897277,Murphy,2007,Waalbot: An Agile Small-Scale Wall-Climbing Robot Utilizing Dry Elastomer Adhesives,Climbing Robot Using Adhesion,TSXUUUNS,groups/735051
OUT-OF-SCOPE (Climbing Robot Using Adhesion;Revision),10.1109/robio.2004.1521817,Menon,2004,Gecko Inspired Surface Climbing Robots,Climbing Robot Using Adhesion;Revision,NSVTZSRM,groups/735051
OUT-OF-SCOPE (Climbing Robot Using Adhesion;Revision),10.1109/robot.2008.4543675,Aksak,2008,Gecko inspired micro-fibrillar adhesives for wall climbing robots on micro/nanoscale rough surfaces,Climbing Robot Using Adhesion;Revision,BBA6SNF2,groups/735051
OUT-OF-SCOPE (Climbing Robots),10.5772/5498,K.,2007,Climbing Service Robots for Improving Safety in Building Maintenance Industry,Climbing Robots,JNUH7XQH,groups/735051
OUT-OF-SCOPE (Climbing Robots),10.1007/s41315-017-0028-4,Li,2017,Wall-climbing robot for non-destructive evaluation using impact-echo and metric learning SVM,Climbing Robots,MSMCM4XU,groups/735051
OUT-OF-SCOPE (Climbing Robots),10.1109/lra.2018.2856366,Ruffatto,2018,Long-Duration Surface Anchoring With a Hybrid Electrostatic and Gecko-Inspired Adhesive,Climbing Robots,SF4BPUDY,groups/735051
OUT-OF-SCOPE (Climbing Robots),10.21817/ijet/2016/v8i5/160805418,G.,2016,Modelling and Realization of Pneumatics based Wall Climbing Robot for Inspection Applications,Climbing Robots,4L4AWI2P,groups/735051
OUT-OF-SCOPE (Climbing Robots),10.1109/intellisys.2015.7361153,Howlader,2015,Novel adhesion mechanism and design parameters for concrete wall-climbing robot,Climbing Robots,EDBYGE65,groups/735051
OUT-OF-SCOPE (Climbing Robots),10.1177/1729881416666777,Xu,2016,"A rough concrete wall-climbing robot based on grasping claws: Mechanical design, analysis and laboratory experiments",Climbing Robots,QP4E3AP6,groups/735051
OUT-OF-SCOPE (Climbing Robots),10.1109/lra.2018.2792688,Glick,2018,A Soft Robotic Gripper With Gecko-Inspired Adhesive,Climbing Robots,4X9TWQF2,groups/735051
OUT-OF-SCOPE (Climbing Robots;LM 2021 Review;Revision),10.1109/tro.2007.909786,Kim,2008,Smooth Vertical Surface Climbing With Directional Adhesion,LM 2021 Review;Climbing Robots;Revision,Z8AFK9FK,groups/735051
OUT-OF-SCOPE (Cody),10.1109/iros.2012.6385462,Wang,2012,Design and development of a cheetah robot under the neural mechanism controlling the leg's muscles,Cody,9WGJWX4T,groups/735051
OUT-OF-SCOPE (Cody),10.1109/iros.2008.4651230,Tsujita,2008,Gait transition by tuning muscle tones using pneumatic actuators in quadruped locomotion,Cody,3ZR6RY8I,groups/735051
OUT-OF-SCOPE (Cody),10.1016/j.jtbi.2013.06.031,Andrada,2013,Grounded running in quails: simulations indicate benefits of observed fixed aperture angle between legs before touch-down.,Cody,U3334DI6,groups/735051
OUT-OF-SCOPE (Cody),10.5545/sv-jme.2017.4491,Mei,2017,Hysteresis Modeling and Compensation of Pneumatic Artificial Muscles using the Generalized Prandtl-Ishlinskii Model,Cody,THUEWB4V,groups/735051
OUT-OF-SCOPE (Cody;Compliance),10.1142/s0219843611002587,al.,2011,Concept and design of the BIOBIPED1 Robot for human-like walking and running,Cody;Compliance,KAEHXNUW,groups/735051
OUT-OF-SCOPE (Cody;Compliance;Joe),10.1109/mra.2009.933629,Ham,2009,Compliant actuator designs,Cody;Joe;Compliance,4J9STVZ2,groups/735051
OUT-OF-SCOPE (Cody;Joe;LM 2021 Review),10.1126/science.1254486,Ijspeert,2014,Biorobotics: Using robots to emulate and investigate agile locomotion,Reggie;Cody;Joe;LM 2021 Review;Steele ASME,8TSMB2EH,groups/735051
OUT-OF-SCOPE (Cody;LM 2021 Review;Read),10.1007/s00422-013-0563-5,Schilling,2013,"Walknet, a bio-inspired controller for hexapod walking.",Cody;LM 2021 Review;references_Lutz_thesis;Read,FTCNWLDV,groups/735051
OUT-OF-SCOPE (Compliance;Connor),10.1093/icb/42.1.174,Pratt,2002,Low Impedance Walking Robots,Connor;Compliance,FBIUCQ3D,groups/735051
OUT-OF-SCOPE (Connor),10.1145/3381755,Jensen,2020,Adaptive control for hindlimb locomotion in a simulated mouse through temporal cerebellar learning,Connor,Q6U6GP42,groups/735051
OUT-OF-SCOPE (Connor),10.1152/physrev.00028.2005.,Rossignol,2006,Dynamic sensorimotor interactions in locomotion,Connor,J5XUNXU9,groups/735051
OUT-OF-SCOPE (Connor;LM 2021 Review),10.3389/fncom.2013.00126,Schilling,2013,A hexapod walker using a heterarchical architecture for action selection,LM 2021 Review;Connor,4SAH4UFC,groups/735051
OUT-OF-SCOPE (Connor;Manuscript),10.1016/j.robot.2004.09.015,Crespi,2005,AmphiBot I: An amphibious snake-like robot,Connor;Manuscript,FV8KB2K5,groups/735051
OUT-OF-SCOPE (Connor;Manuscript;Morrow LM20),10.1098/rspb.1938.0050,Hill,1938,The Heat of Shortening and the Dynamic Constants of Muscle,Young Scientist Seminar;Morrow LM20;Presentation;Morrow LM21;Connor;Manuscript,MTL5SKPH,groups/735051
OUT-OF-SCOPE (Connor;references_Lutz_quadruped),10.1177/0278364913489205,Spröwitz,2013,"Towards dynamic trot gait locomotion: Design, control, and experiments with Cheetah-cub, a compliant quadruped robot",references_Lutz_quadruped;Connor,BQMV8C23,groups/735051
OUT-OF-SCOPE (Construction),10.3389/frobt.2018.00105,Grosu,2018,Evaluation and Analysis of Push-Pull Cable Actuation System Used for Powered Orthoses,Construction,WLVAX54M,groups/735051
OUT-OF-SCOPE (DaltorioPapers),10.1093/icb/icab001,Kerr,2021,Biomechanical energetics of terrestrial locomotion California sea lion vs northern elephant seal,DaltorioPapers,MD7IUVMV,groups/735051
OUT-OF-SCOPE (DaltorioPapers),10.1088/1748-3190/ac6847,Chen,2022,Sideways crab-walking is faster and more efficient than forward walking for a hexapod robot,DaltorioPapers,R94RI97C,groups/735051
OUT-OF-SCOPE (DaltorioPapers),10.1109/tro.2007.914849,Transeth,2008,"Snake Robot Obstacle-Aided Locomotion: Modeling, Simulations, and Experiments",DaltorioPapers,AJWMN7YM,groups/735051
OUT-OF-SCOPE (DaltorioPapers),10.1109/robot.2002.1013385,Mangan,2002,Development of a peristaltic endoscope,DaltorioPapers,LRC78CSG,groups/735051
OUT-OF-SCOPE (DaltorioPapers),10.1088/1748-3182/8/3/035003,Daltorio,2013,Efficient worm-like locomotion: slip and control of soft-bodied peristaltic robots,DaltorioPapers,HZPK23QF,groups/735051
OUT-OF-SCOPE (DaltorioPapers),10.1109/mra.2009.932130,Hirose,2009,Snake-like robots [Tutorial],DaltorioPapers,SRX7FCW5,groups/735051
OUT-OF-SCOPE (DaltorioPapers),10.1088/1748-9326/aa8979,Ecke,2017,Meta-analysis of environmental effects of beaver in relation to artificial dams,DaltorioPapers,PWW27EQT,groups/735051
OUT-OF-SCOPE (DaltorioPapers),10.1242/jeb.086983,Dorgan,2015,The biomechanics of burrowing and boring,DaltorioPapers,NFGMQI58,groups/735051
OUT-OF-SCOPE (DaltorioPapers),10.1038/d41586-019-02556-x,Barras,2019,Ancient worm fossil rolls back origins of animal life,DaltorioPapers,5IZ6ESHM,groups/735051
OUT-OF-SCOPE (DaltorioPapers),10.1002/(sici)1099-0526(199807/08)3:6<15::aid-cplx3>3.0.co;2-v,Theraulaz,1998,The origin of nest complexity in social insects,DaltorioPapers,CJ7X2WP4,groups/735051
OUT-OF-SCOPE (DaltorioPapers),10.36959/673/374,Hu,2021,Bio-Inspired Soft Robot for Locomotion and Navigation in Restricted Spaces,DaltorioPapers,2Y8HXLEH,groups/735051
OUT-OF-SCOPE (DaltorioPapers),10.1093/ae/51.1.31,Gorb,2005,Uncovering Insect Stickiness: Structure and Properties of Hairy Attachment Devices,DaltorioPapers,K2WMSITU,groups/735051
OUT-OF-SCOPE (DaltorioPapers),10.1177/0278364908095334,Daltorio,2009,Mini-Whegs TM Climbs Steep Surfaces Using Insect-inspired Attachment Mechanisms,DaltorioPapers,LSLIQGUN,groups/735051
OUT-OF-SCOPE (DaltorioPapers),10.1109/robot.2007.363159,Kim,2007,"Whole body adhesion: hierarchical, directional and distributed control of adhesive forces for a climbing robot",DaltorioPapers,ECZ8I3QV,groups/735051
OUT-OF-SCOPE (DaltorioPapers),10.1109/iros.2008.4651045,Wile,2008,Screenbot: Walking inverted using distributed inward gripping,DaltorioPapers,56LGM77F,groups/735051
OUT-OF-SCOPE (DaltorioPapers),10.1115/1.40066591,Asbeck,2012,Designing Compliant Spine Mechanisms for Climbing,DaltorioPapers,CNYS77QX,groups/735051
OUT-OF-SCOPE (DaltorioPapers),10.3390/app11094137,Bian,2021,A Novel Type of Wall-Climbing Robot with a Gear Transmission System Arm and Adhere Mechanism Inspired by Cicada and Gecko,DaltorioPapers,3MCKXJK8,groups/735051
OUT-OF-SCOPE (DaltorioPapers),10.1088/1748-3182/2/4/s01,Gorb,2007,Insects did it first: a micropatterned adhesive tape for robotic applications,DaltorioPapers,JILUIMES,groups/735051
OUT-OF-SCOPE (DaltorioPapers),10.1109/tmech.2014.2315762,Palmer III,2015,Toward Gravity-Independent Climbing Using a Biologically Inspired Distributed Inward Gripping Strategy,DaltorioPapers,XNBD72L2,groups/735051
OUT-OF-SCOPE (DaltorioPapers),10.1109/icra.2017.7989643,Parness,2017,LEMUR 3: A limbed climbing robot for extreme terrain mobility in space,DaltorioPapers,CF96VSS6,groups/735051
OUT-OF-SCOPE (DaltorioPapers),10.1109/icra.2014.6907472,Estrada,2014,Perching and vertical climbing: Design of a multimodal robot,DaltorioPapers,FHFCVNC6,groups/735051
OUT-OF-SCOPE (DaltorioPapers),10.1109/icra.2013.6631206,Daler,2013,A perching mechanism for flying robots using a fibre-based adhesive,DaltorioPapers,8MITU2U3,groups/735051
OUT-OF-SCOPE (DaltorioPapers),10.1088/1748-3190/ab68e8,Baines,2020,Variable stiffness morphing limb for amphibious legged robots inspired by chelonian environmental adaptations,DaltorioPapers,6BR9MXF8,groups/735051
OUT-OF-SCOPE (DaltorioPapers),10.1088/1748-3190/abdd94,Graf,2021,Dactyls and inward gripping stance for amphibious crab-like robots on sand,DaltorioPapers,M4GJJ4LQ,groups/735051
OUT-OF-SCOPE (Deep ROA BO;FSA_Extensions;Hilts IROS18),10.3389/fninf.2013.00048,Bekolay,2014,Nengo: a Python tool for building large-scale functional brain models,Deep ROA BO;FSA_Extensions;Manuscript;Hilts IROS18,F22DHMYY,groups/735051
OUT-OF-SCOPE (Deep ROA BO;PINN Methods),10.1016/j.jcp.2021.110754,Patel,2022,Thermodynamically consistent physics-informed neural networks for hyperbolic systems,Deep ROA BO;PINN Methods,SIHGNX2B,groups/735051
OUT-OF-SCOPE (Deep ROA BO;PINN Methods),10.1126/sciadv.abi8605,Wang,2021,Learning the solution operator of parametric partial differential equations with physics-informed DeepONets,Deep ROA BO;PINN Methods,R3W6I2NZ,groups/735051
OUT-OF-SCOPE (Deep ROA BO;PINN Methods),10.1016/j.jcp.2023.112008,Kontolati,2023,On the influence of over-parameterization in manifold based surrogates and deep neural operators,Deep ROA BO;PINN Methods,JXJQT5DK,groups/735051
OUT-OF-SCOPE (Deep ROA;Deep ROA BO;Manuscript),10.1109/tac.1963.1105553,Margolis,1963,Control engineering applications of V. I. Zubov's construction procedure for Lyapunov functions,Deep ROA BO;Non-Neural ROA Estimation;Deep ROA;Manuscript,TR9L76R9,groups/735051
OUT-OF-SCOPE (Deep ROA;Deep ROA BO;Manuscript),10.12989/sem.2012.41.2.263,Rezaiee-Pajand,2012,Estimating the Region of Attraction via collocation for autonomous nonlinear systems,Deep ROA BO;Non-Neural ROA Estimation;Nonlinear Controls;Deep ROA;Manuscript,YTGKXVXT,groups/735051
OUT-OF-SCOPE (Deep ROA;Deep ROA BO;Neural ROA Estimation),10.1109/lcsys.2020.3005328,Abate,2021,Formal Synthesis of Lyapunov Neural Networks,Deep ROA BO;Deep ROA;Neural ROA Estimation,9IQIMCAG,groups/735051
OUT-OF-SCOPE (Deep ROA;Deep ROA BO;Numerical Methods),10.1137/s1064827500379690,Swarztrauber,2003,On Computing the Points and Weights for Gauss--Legendre Quadrature,Deep ROA BO;Deep ROA;Numerical Methods,I55W3TXI,groups/735051
OUT-OF-SCOPE (Deep ROA;Deep ROA BO;PDE Networks),10.1016/j.jcp.2018.10.045,Raissi,2019,Physics-informed neural networks: A deep learning framework for solving forward and inverse problems involving nonlinear partial differential equations,Deep ROA BO;PINN Methods;PDE Networks;Deep ROA,TDSGFS4L,groups/735051
OUT-OF-SCOPE (Deep ROA;Deep ROA BO;PDE Networks),10.1016/j.jcp.2020.109913,Yang,2021,B-PINNs: Bayesian physics-informed neural networks for forward and inverse PDE problems with noisy data,Deep ROA BO;PINN Methods;PDE Networks;Deep ROA,N9AXUIPJ,groups/735051
OUT-OF-SCOPE (Deep ROA;Deep ROA BO;PDE Networks),10.1137/18m1229845,Pang,2019,fPINNs: Fractional Physics-Informed Neural Networks,Deep ROA BO;PINN Methods;PDE Networks;Deep ROA,PT8T6MXW,groups/735051
OUT-OF-SCOPE (Deep ROA;Deep ROA BO;PDE Networks),10.1016/j.cma.2020.113547,Kharazmi,2021,hp-VPINNs: Variational physics-informed neural networks with domain decomposition,Deep ROA BO;PINN Methods;PDE Networks;Deep ROA,5S2G2B5Y,groups/735051
OUT-OF-SCOPE (Deep ROA;Manuscript;Neuromorphic Hardware),10.1109/mm.2018.112130359,Davies,2018,Loihi: A Neuromorphic Manycore Processor with On-Chip Learning,Neuromorphic Hardware;Deep ROA;Manuscript,JVXD39BH,groups/735051
OUT-OF-SCOPE (Deep ROA;Manuscript;Numerical Methods),10.1090/s0025-5718-98-00913-2,Gottlieb,1998,Total variation diminishing Runge-Kutta schemes,Deep ROA;Numerical Methods;Manuscript,UURMNDJ2,groups/735051
OUT-OF-SCOPE (Deep ROA;Manuscript;Numerical Methods),10.1006/jcph.1994.1187,Liu,1994,Weighted Essentially Non-oscillatory Schemes,Deep ROA;Numerical Methods;Manuscript,NDEKZJMC,groups/735051
OUT-OF-SCOPE (Deep ROA;Manuscript;Numerical Methods),10.7227/ijeee.37.3.8,Sadiku,2000,A Simple Introduction to the Method of Lines,Deep ROA;Numerical Methods;Manuscript,EP9PJSHD,groups/735051
OUT-OF-SCOPE (Deep ROA;Neural ROA Estimation),10.1109/tnn.2010.2047115,Ren,2010,Adaptive Neural Control for Output Feedback Nonlinear Systems Using a Barrier Lyapunov Function,Deep ROA;Neural ROA Estimation,EBI8T2K6,groups/735051
OUT-OF-SCOPE (Deep ROA;Non-PINN Methods;PDE Networks),10.1016/j.jcp.2020.109550,Dal Santo,2020,Data driven approximation of parametrized PDEs by reduced basis and neural networks,PDE Networks;Non-PINN Methods;Deep ROA,S2WNN9FZ,groups/735051
OUT-OF-SCOPE (Deep ROA;Non-PINN Methods;PDE Networks),10.1016/j.jcp.2019.05.026,Winovich,2019,ConvPDE-UQ: Convolutional neural networks with quantified uncertainty for heterogeneous elliptic partial differential equations on varied domains,PDE Networks;Non-PINN Methods;Deep ROA,M8G9RYQX,groups/735051
OUT-OF-SCOPE (Deep ROA;Non-PINN Methods;PDE Networks),10.5194/gmd-13-3373-2020,Pannekoucke,2020,PDE-NetGen 1.0: from symbolic partial differential equation (PDE) representations of physical processes to trainable neural network representations,PDE Networks;Non-PINN Methods;Deep ROA,FS4U3J5L,groups/735051
OUT-OF-SCOPE (Deep ROA;Non-PINN Methods;PDE Networks),10.1007/s10483-019-2429-8,Liu,2019,Neural network as a function approximator and its application in solving differential equations,PDE Networks;Non-PINN Methods;Deep ROA,89J5MHXI,groups/735051
OUT-OF-SCOPE (Deep ROA;Numerical Methods;Optimization),10.1007/bf01589116,Liu,1989,On the limited memory BFGS method for large scale optimization,Optimization;Deep ROA;Numerical Methods,AXGYFIPR,groups/735051
OUT-OF-SCOPE (Deep ROA;PDE Networks;PINN Methods),10.4208/cicp.oa-2020-0193,Shin,2020,On the convergence of physics informed neural networks for linear second-order elliptic and parabolic type PDEs,PINN Methods;PDE Networks;Deep ROA,WMV92M35,groups/735051
OUT-OF-SCOPE (Deep ROA;PDE Networks;PINN Methods),10.1016/j.jcp.2019.109136,Jagtap,2020,Adaptive activation functions accelerate convergence in deep and physics-informed neural networks,PINN Methods;PDE Networks;Deep ROA,UILZC2QB,groups/735051
OUT-OF-SCOPE (Deep ROA;PDE Networks;PINN Methods),10.4208/cicp.oa-2020-0164,Karniadakis,2020,Extended Physics-Informed Neural Networks (XPINNs): A Generalized Space-Time Domain Decomposition Based Deep Learning Framework for Nonlinear Partial Differential Equations,PINN Methods;PDE Networks;Deep ROA,RENR9Y6B,groups/735051
OUT-OF-SCOPE (Deep ROA;PDE Networks;PINN Methods),10.1016/j.cma.2020.113028,Jagtap,2020,Conservative physics-informed neural networks on discrete domains for conservation laws: Applications to forward and inverse problems,PINN Methods;PDE Networks;Deep ROA,IV4XQYHM,groups/735051
OUT-OF-SCOPE (Deep ROA;PDE Networks;PINN Methods),10.1016/j.jcp.2019.07.048,Zhang,2019,Quantifying total uncertainty in physics-informed neural networks for solving forward and inverse stochastic problems,PINN Methods;PDE Networks;Deep ROA,IBDWZDB2,groups/735051
OUT-OF-SCOPE (Deep ROA;PDE Networks;PINN Methods),10.1098/rspa.2020.0334,Jagtap,2020,Locally adaptive activation functions with slope recovery for deep and physics-informed neural networks,PINN Methods;PDE Networks;Deep ROA,7K7VWN6B,groups/735051
OUT-OF-SCOPE (Deep ROA;PDE Networks;PINN Methods),10.1016/j.jcp.2019.05.027,Yang,2019,Adversarial uncertainty quantification in physics-informed neural networks,PINN Methods;PDE Networks;Deep ROA,6Z384D6H,groups/735051
OUT-OF-SCOPE (Deep ROA;PDE Networks;PINN Methods),10.1115/1.4050542,Cai,2021,Physics-Informed Neural Networks for Heat Transfer Problems,PINN Methods;PDE Networks;Deep ROA,47JICTV9,groups/735051
OUT-OF-SCOPE (Deep ROA;Safe Motor Learning),10.1016/j.automatica.2013.02.003,Aswani,2013,Provably safe and robust learning-based model predictive control,Deep ROA;Safe Motor Learning,ZGAQWAN9,groups/735051
OUT-OF-SCOPE (Deep ROA;Safe Motor Learning),10.1109/ecc.2015.7330913,Berkenkamp,2015,Safe and robust learning control with Gaussian processes,Deep ROA;Safe Motor Learning,S2KXUT94,groups/735051
OUT-OF-SCOPE (Deep ROA;Safe Motor Learning),10.1109/icra.2016.7487170,Berkenkamp,2016,Safe controller optimization for quadrotors with Gaussian processes,Deep ROA;Safe Motor Learning,3ZRT9JQX,groups/735051
OUT-OF-SCOPE (Dynamic Neural Fields (DNF)),10.3389/fnins.2013.00276,Sandamirskaya,2014,Dynamic neural fields as a step toward cognitive neuromorphic architectures,Dynamic Neural Fields (DNF),EWMTQIL9,groups/735051
OUT-OF-SCOPE (FSA_Extensions),10.1145/2668930.2688047,Didona,2015,Enhancing Performance Prediction Robustness by Combining Analytical Modeling and Machine Learning,FSA_Extensions,6CAA74PV,groups/735051
OUT-OF-SCOPE (FSA_Extensions;LM23;Manuscript),10.1109/mm.2011.89,Keckler,2011,GPUs and the Future of Parallel Computing,LM23;FSA_Extensions;Manuscript,D3H954GX,groups/735051
OUT-OF-SCOPE (FSA_Extensions;LM23;Manuscript),10.1007/978-3-642-35289-8_25,Montavon,2012,Stochastic Gradient Descent Tricks,LM23;FSA_Extensions;Manuscript,A9P55JZV,groups/735051
OUT-OF-SCOPE (FSA_Extensions;LM23;Manuscript),10.1016/b978-0-12-741252-8.50010-8,Hecht-Nielsen,1992,Theory of the Backpropagation Neural Network,LM23;FSA_Extensions;Manuscript,C2UKCPFH,groups/735051
OUT-OF-SCOPE (FSA_Extensions;Manuscript),10.3102/1076998619872761,Pang,2020,Deep Learning With TensorFlow: A Review,FSA_Extensions;Manuscript,TGWMUFU2,groups/735051
OUT-OF-SCOPE (Fall 22;Joe),10.1177/027836498400300205,Alexander,1984,The Gaits of Bipedal and Quadrupedal Animals,Fall 22;Joe,DAM8ZXSN,groups/735051
OUT-OF-SCOPE (Flight;LM 2021 Review;Robotics\Planes),10.1098/rsfs.2016.0080,Pakpong,2017,Dynamics and flight control of a flapping-wing robotic insect in the presence of wind gusts,Robotics\Planes;LM 2021 Review;Flight,UF34MPSI,groups/735051
OUT-OF-SCOPE (Flight;Maybe Read?;Robotics\Planes),10.1088/1748-3190/aa58d3,Zhang,2017,A review of compliant transmission mechanisms for bio-inspired flapping-wing micro air vehicles,Robotics\Planes;Maybe Read?;Flight,YERADUI3,groups/735051
OUT-OF-SCOPE (Flight;Robotics\Planes),10.1242/jeb.114553,Ravi,2015,Hummingbird flight stability and control in freestream turbulent winds,Robotics\Planes;Flight,9ZJNVEEN,groups/735051
OUT-OF-SCOPE (Flight;Robotics\Planes;Turbulence),10.1109/iciev.2013.6572698,Argentim,2013,"PID, LQR and LQR-PID on a quadcopter platform",Robotics\Planes;Flight;Turbulence,24VVJ37P,groups/735051
OUT-OF-SCOPE (Fly Eye),10.1007/978-3-319-63537-8_34,Mangan,2017,Research of a Lensless Artificial Compound Eye,Fly Eye,QVDKV7RS,groups/735051
OUT-OF-SCOPE (Fly Eye),10.1109/tnn.2003.816035,Yang,2003,Implementation of an RBF neural network on embedded systems: real-time face tracking and identity verification,Fly Eye,6Z7WGF8Y,groups/735051
OUT-OF-SCOPE (Fly Eye),10.1371/journal.pbio.0060115,Stavenga,2008,One Rhodopsin per Photoreceptor: Iro-C Genes Break the Rule,Fly Eye,EJISRNIL,groups/735051
OUT-OF-SCOPE (Fly Eye),10.1371/journal.pcbi.1000860,Spavieri,2010,"Coding Efficiency of Fly Motion Processing Is Set by Firing Rate, Not Firing Precision",Fly Eye,3BYU53N6,groups/735051
OUT-OF-SCOPE (Fly Eye),10.1109/ahs.2008.13,Shayani,2008,Hardware Implementation of a Bio-plausible Neuron Model for Evolution and Growth of Spiking Neural Networks on FPGA,Fly Eye,7GVSGKWD,groups/735051
OUT-OF-SCOPE (Fly Eye),10.1109/ebccsp.2017.8022822,Raharijaona,2017,Toward an insect-inspired event-based autopilot combining both visual and control events,Fly Eye,ZZL2MDEM,groups/735051
OUT-OF-SCOPE (Fly Eye),10.1109/iscas.2003.1205152,Ruffier,2003,Bio-inspired optical flow circuits for the visual guidance of micro air vehicles,Fly Eye,ZHND32KT,groups/735051
OUT-OF-SCOPE (Fly Eye),10.1109/icm.2004.1434697,Mohd-Yasin,2004,The FPGA prototyping of iris recognition for biometric identification employing neural network,Fly Eye,VWDHQGAX,groups/735051
OUT-OF-SCOPE (Fly Eye),10.1016/j.robot.2004.09.016,Ruffier,2005,Optic flow regulation: the key to aircraft automatic guidance,Fly Eye,UBSNLKU7,groups/735051
OUT-OF-SCOPE (Fly Eye),10.1117/12.969868,Pichon,1990,Visual Guidance Of A Mobile Robot Equipped With A Network Of Self-Motion Sensors,Fly Eye,Q8USTDL3,groups/735051
OUT-OF-SCOPE (Fly Eye),10.1109/reconfig.2009.77,Rice,2009,FPGA Implementation of Izhikevich Spiking Neural Networks for Character Recognition,Fly Eye,NAAUZSJM,groups/735051
OUT-OF-SCOPE (Fly Eye),10.1109/71.744833,Ratha,1999,Computer vision algorithms on reconfigurable logic arrays,Fly Eye,L4DZ84KE,groups/735051
OUT-OF-SCOPE (Fly Eye),10.1109/jsen.2012.2230622,Roubieu,2013,Two-Directional 1-g Visual Motion Sensor Inspired by the Fly's Eye,Fly Eye,GUJY2DCZ,groups/735051
OUT-OF-SCOPE (Fly Eye),10.1016/j.neucom.2010.03.021,Misra,2010,Artificial neural networks in hardware: A survey of two decades of progress,Fly Eye,FTQZVAWG,groups/735051
OUT-OF-SCOPE (Fly Eye),10.1016/j.neuron.2011.03.028,Eichner,2011,Internal Structure of the Fly Elementary Motion Detector,Fly Eye,XJDAA7DA,groups/735051
OUT-OF-SCOPE (Fly Eye),10.1109/tuffc.2009.1009,Lin,2009,FPGA-based elman neural network control system for linear ultrasonic motor,Fly Eye,UPKI5I8X,groups/735051
OUT-OF-SCOPE (Fly Eye),10.1016/j.neucom.2006.11.029,Maguire,2007,Challenges for large-scale implementations of spiking neural networks on FPGAs,Fly Eye,P57HF4RS,groups/735051
OUT-OF-SCOPE (Fly Eye),10.1109/fccm.2015.50,Li,2015,FPGA Acceleration of Recurrent Neural Network Based Language Model,Fly Eye,NACLUS6H,groups/735051
OUT-OF-SCOPE (Fly Eye),10.1109/tnn.2005.852237,Maeda,2005,Simultaneous perturbation learning rule for recurrent neural networks and its FPGA implementation,Fly Eye,MQTAKJYY,groups/735051
OUT-OF-SCOPE (Fly Eye),10.1073/pnas.1219068110,Floreano,2013,Miniature curved artificial compound eyes,Fly Eye,JLASEB8N,groups/735051
OUT-OF-SCOPE (Fly Eye),10.1038/35093002,Hardie,2001,Visual transduction in Drosophila,Fly Eye,IBWNQYT4,groups/735051
OUT-OF-SCOPE (Fly Eye),10.1016/j.cub.2015.01.013,Frye,2015,Elementary motion detectors,Fly Eye,GYN99QZK,groups/735051
OUT-OF-SCOPE (Fly Eye),10.1016/s0925-2312(02)00627-6,Hung,2003,Digital hardware realization of a recurrent neural network for solving the assignment problem,Fly Eye,C2IC9NTF,groups/735051
OUT-OF-SCOPE (Fly Eye),10.1016/j.cub.2006.12.032,Franceschini,2007,A Bio-Inspired Flying Robot Sheds Light on Insect Piloting Abilities,Fly Eye,ABRTWMZC,groups/735051
OUT-OF-SCOPE (Fly Eye),10.1073/pnas.0703697104,Cuntz,2007,Robust coding of flow-field parameters by axo-axonal gap junctions between fly visual interneurons,Fly Eye,TAWP22YK,groups/735051
OUT-OF-SCOPE (Fly Eye),10.1109/tvt.2008.915524,Caner,2008,Efficient Embedded Neural-Network-Based License Plate Recognition System,Fly Eye,RC3TQKVB,groups/735051
OUT-OF-SCOPE (Fly Eye),10.1016/j.neunet.2013.05.011,Cassidy,2013,"Design of silicon brains in the nano-CMOS era: Spiking neurons, learning synapses and neural architecture optimization",Fly Eye,KLTB2JQY,groups/735051
OUT-OF-SCOPE (Fly Eye),10.1016/s0896-6273(02)00876-0,Clandinin,2002,Making Connections in the Fly Visual System,Fly Eye,9T8ZAEJU,groups/735051
OUT-OF-SCOPE (Fly Eye),10.1038/nrn3799,Borst,2014,"Fly visual course control: behaviour, algorithms and circuits",Fly Eye,7F47T6ZW,groups/735051
OUT-OF-SCOPE (Haonan),10.3390/polym13101644,Al Rashid,2021,Creep and Recovery Behavior of Continuous Fiber-Reinforced 3DP Composites,Haonan,CJGN74YK,groups/735051
OUT-OF-SCOPE (Haonan),10.3389/fbioe.2023.1150170,Araz,2023,Muscle preflex response to perturbations in locomotion: In vitro experiments and simulations with realistic boundary conditions,Haonan,F967TVED,groups/735051
OUT-OF-SCOPE (Haonan),10.3389/fphys.2020.00495,Purslow,2020,The Structure and Role of Intramuscular Connective Tissue in Muscle Function,Haonan,G55XRPXW,groups/735051
OUT-OF-SCOPE (Heat Treatment of 3D Printed Materials),10.1063/1.328526,Wool,1981,A theory crack healing in polymers,Heat Treatment of 3D Printed Materials,K2TSZZ53,groups/735051
OUT-OF-SCOPE (Heat Treatment of 3D Printed Materials),10.1016/j.addma.2021.101857,Rao,2021,A process-structure-performance modeling for thermoplastic polymers via material extrusion additive manufacturing,Heat Treatment of 3D Printed Materials,N29GA7U4,groups/735051
OUT-OF-SCOPE (Heat Treatment of 3D Printed Materials),10.1111/edt.12055,Sfondrini,2014,Flexural strengths of conventional and nanofilled fiber-reinforced composites: a three-point bending test,Heat Treatment of 3D Printed Materials,5D6JQGNV,groups/735051
OUT-OF-SCOPE (Heat Treatment of 3D Printed Materials),10.1016/j.matpr.2019.06.009,,,Effect of fused deposition modelling (FDM) process parameters on tensile strength of carbon fibre PLA | Elsevier Enhanced Reader,Heat Treatment of 3D Printed Materials,3WJ43F89,groups/735051
OUT-OF-SCOPE (Heat Treatment of 3D Printed Materials),10.1016/j.compstruct.2017.08.088,Parandoush,2017,A review on additive manufacturing of polymer-fiber composites,Heat Treatment of 3D Printed Materials,YEJ3MPBI,groups/735051
OUT-OF-SCOPE (Heat Treatment of 3D Printed Materials),10.1080/09243046.2018.1470894,Koga,2019,Three-dimensionally printed designable joint for carbon fibre reinforced plastics,Heat Treatment of 3D Printed Materials,QIR4XIC7,groups/735051
OUT-OF-SCOPE (Heat Treatment of 3D Printed Materials),10.1016/j.jmapro.2020.04.025,Cococcetta,2020,"Investigating surface finish, burr formation, and tool wear during machining of 3D printed carbon fiber reinforced polymer composite",Heat Treatment of 3D Printed Materials,ZBFTBD3Q,groups/735051
OUT-OF-SCOPE (Heat Treatment of 3D Printed Materials),10.1016/j.mspro.2014.07.907,Jogi,2014,Study of Mechanical and Crystalline Behavior of Polyamide 6/Hytrel/Carbon Nanotubes (CNT) based Polymer Composites,Heat Treatment of 3D Printed Materials,EIXSFDFS,groups/735051
OUT-OF-SCOPE (Heat Treatment of 3D Printed Materials),10.1177/0021998306067321,Hussain,2006,"Review article: Polymer-matrix Nanocomposites, Processing, Manufacturing, and Application: An Overview",Heat Treatment of 3D Printed Materials,RJNR4ZQ6,groups/735051
OUT-OF-SCOPE (Heat Treatment of 3D Printed Materials),10.1016/j.carbon.2005.01.007,Song,2005,Influence of dispersion states of carbon nanotubes on physical properties of epoxy nanocomposites,Heat Treatment of 3D Printed Materials,NN7CNJ85,groups/735051
OUT-OF-SCOPE (Heat Treatment of 3D Printed Materials),10.3390/polym9070243,Ding,2017,Fracture failure mechanisms of long single PA6 fibers,Heat Treatment of 3D Printed Materials,47AP9X6T,groups/735051
OUT-OF-SCOPE (Heat Treatment of 3D Printed Materials),10.1111/jmi.12273,Brodusch,2015,Efficient cross-section preparation method for high-resolution imaging of hard polymer composites with a scanning electron microscope,Heat Treatment of 3D Printed Materials,2Q63JT3I,groups/735051
OUT-OF-SCOPE (Heat Treatment of 3D Printed Materials),10.1016/j.compositesb.2008.01.002,Fu,2008,"Effects of particle size, particle/matrix interface adhesion and particle loading on mechanical properties of particulate–polymer composites",Heat Treatment of 3D Printed Materials,CIADMEBV,groups/735051
OUT-OF-SCOPE (Heat Treatment of 3D Printed Materials),10.1016/0032-3861(95)99780-x,Murthy,1995,"Drawing and annealing of nylon-6 fibres: studies of crystal growth, orientation of amorphous and crystalline domains and their influence on properties",Heat Treatment of 3D Printed Materials,E8CBAFEH,groups/735051
OUT-OF-SCOPE (Heat Treatment of 3D Printed Materials),10.1016/j.compositesb.2016.12.009,Kim,2017,Cure behaviors and mechanical properties of carbon fiber-reinforced nylon6/epoxy blended matrix composites,Heat Treatment of 3D Printed Materials,ZMU2KSUJ,groups/735051
OUT-OF-SCOPE (Heat Treatment of 3D Printed Materials),10.1016/s0014-3057(03)00166-6,Liu,2003,"Crystallization, morphology, and dynamic mechanical properties of poly(trimethylene terephthalate)/clay nanocomposites",Heat Treatment of 3D Printed Materials,2BP5JMNK,groups/735051
OUT-OF-SCOPE (Heat Treatment of 3D Printed Materials),10.10002/app.27941,Rath,2008,Change in fiber properties due to the heat treatment of nylon 6 tire cords,Heat Treatment of 3D Printed Materials,TSJDIE32,groups/735051
OUT-OF-SCOPE (Heat Treatment of 3D Printed Materials),10.1021/ma035594f,Zhang,2003,Carbon Nanotubes Reinforced Nylon-6 Composite Prepared by Simple Melt-Compounding,Heat Treatment of 3D Printed Materials,K7ICDZRE,groups/735051
OUT-OF-SCOPE (Heat Treatment related studies),10.1016/j.finmec.2021.100051,Rabbi,2021,Improvement in interfacial fracture toughness of multi-material additively manufactured composites through thermal annealing,Heat Treatment related studies,EB3Q8J4J,groups/735051
OUT-OF-SCOPE (Heat Treatment related studies),10.1177/16878132221120737,Vorkapić,2022,Enhancing mechanical properties of 3D printed thermoplastic polymers by annealing in moulds,Heat Treatment related studies,TBU8S65Y,groups/735051
OUT-OF-SCOPE (Heat Treatment related studies),10.1016/j.ijlmm.2023.05.002,Eren,2023,Compressive characterisation of 3D printed composite materials using continuous fibre fabrication,Heat Treatment related studies,UKZW5HRM,groups/735051
OUT-OF-SCOPE (Heat Treatment related studies),10.1088/2053-1591/ada1a6,Bayati,2025,3D printed elastomers with superior stretchability and mechanical integrity by parametric optimization of extrusion process using Taguchi Method,Heat Treatment related studies,3T2SQNXA,groups/735051
OUT-OF-SCOPE (Heat Treatment related studies),10.1088/1402-4896/ad3b40,Rahmatabadi,2024,4D printing and annealing of PETG composites reinforced with short carbon fibers,Heat Treatment related studies,PG2RI8UY,groups/735051
OUT-OF-SCOPE (Heat Treatment related studies),10.3390/ma8095271,Wu,2015,Influence of Layer Thickness and Raster Angle on the Mechanical Properties of 3D-Printed PEEK and a Comparative Mechanical Study between PEEK and ABS,Heat Treatment related studies,888L4ENR,groups/735051
OUT-OF-SCOPE (Heat Treatment related studies;Onyx related studies),10.3390/jcs8010012,Jimenez-Martinez,2023,Fatigue Analysis of Printed Composites of Onyx and Kevlar,Onyx related studies;Heat Treatment related studies,NNELXBC3,groups/735051
OUT-OF-SCOPE (Heat Treatment related studies;Onyx related studies),10.1016/j.cjmeam.2023.100075,Nikiema,2023,Study of the Mechanical Properties of 3D-printed Onyx Parts: Investigation on Printing Parameters and Effect of Humidity,Onyx related studies;Heat Treatment related studies,BUF4IMF5,groups/735051
OUT-OF-SCOPE (Heat Treatment related studies;Onyx related studies),10.1002/pc.70382,Jie,2026,Regulating Mechanical Behavior of Onyx Hexagonal Honeycombs via Heat Treatment: A Thermo‐Mechanical Study,Onyx related studies;Heat Treatment related studies,X65M94NT,groups/735051
OUT-OF-SCOPE (Heat Treatment related studies;Onyx related studies),10.3389/fmech.2025.1710902,Jimenez-Martinez,2025,Post-treatment to enhance the mechanical performance of printed Onyx,Onyx related studies;Heat Treatment related studies,6GJD4BFB,groups/735051
OUT-OF-SCOPE (Hilts IROS18),10.1109/iscas.2015.7169245,Corradi,2015,Decision making and perceptual bistability in spike-based neuromorphic VLSI systems,Hilts IROS18,MFMXU9E7,groups/735051
OUT-OF-SCOPE (Hilts IROS18),10.1109/ropec.2013.6702715,Franco,2013,Event-based image processing using a neuromorphic vision sensor,Hilts IROS18,QD8XJ6KQ,groups/735051
OUT-OF-SCOPE (Hilts IROS18),10.1109/tie.2014.2356439,Chu,2015,Neuromorphic Hardware System for Visual Pattern Recognition With Memristor Array and CMOS Neuron,Hilts IROS18,Z9KG78SN,groups/735051
OUT-OF-SCOPE (Hilts IROS18;Hilts LM17;Hunt Lab),10.1007/978-3-319-42417-0_14,Li,2016,A Neural Network with Central Pattern Generators Entrained by Sensory Feedback Controls Walking of a Bipedal Model,Hunt Lab;Hilts LM17;Hilts IROS18,EPNBECH2,groups/735051
OUT-OF-SCOPE (Hunt Lab),10.1093/mam/ozaf048.982,Shubella,2025,Microscopic Evaluation of Temperature Effects on Gelatin Support Bath for 3D Bioprinting,Hunt Lab,YBKWME4R,groups/735051
OUT-OF-SCOPE (Hunt Lab),10.1093/mam/ozaf048.977,Tran,2025,Effects of Infill Patterns on Mechanical Properties of Chopped Carbon Fiber Reinforced Composites Produced by Fused Deposition Modeling,Hunt Lab,759EUY7K,groups/735051
OUT-OF-SCOPE (Hunt Lab),10.1038/s44182-026-00078-z,Micklem,2026,Harnessing proprioception in aquatic soft wings enables hybrid passive-active disturbance rejection,Hunt Lab,XQPVKSSZ,groups/735051
OUT-OF-SCOPE (Hunt Lab),10.3390/s17071514,Zhang,2017,A Force-Sensing System on Legs for Biomimetic Hexapod Robots Interacting with Unstructured Terrain,Hunt Lab,R7SPEQXV,groups/735051
OUT-OF-SCOPE (Hunt Lab),10.1109/iros.2009.5354202,Dunker,2009,A biologically inspired robot for lunar In-Situ Resource Utilization,Hunt Lab,HRQQI8II,groups/735051
OUT-OF-SCOPE (Hunt Lab),10.1109/isfa.2016.7790167,Lonsberry,2016,Predicting the occurance of unstable arc formations in laser hot-wire additive manufacturing,Hunt Lab,XI5GK2CU,groups/735051
OUT-OF-SCOPE (Hunt Lab;James),10.1109/iros.2011.6095172,Hunt,2011,A rapidly reconfigurable robot for assistance in urban search and rescue,James;Hunt Lab,MVBXB5P4,groups/735051
OUT-OF-SCOPE (Hunt Lab;MURI24),10.1186/s12984-017-0266-6,Hunt,2017,Reactive stepping with functional neuromuscular stimulation in response to forward-directed perturbations,MURI24;Hunt Lab,UKVP6FG5,groups/735051
OUT-OF-SCOPE (Hunt Lab;MURI24;NSF NeuroNex),10.15760/etd.7690,Mak,2021,Building a Biomechanical Model of a Rat Forelimb,MURI24;NSF NeuroNex;Hunt Lab;references_Lutz_thesis;Read,D8SLAYPD,groups/735051
OUT-OF-SCOPE (Hunt Lab;NSF Career;NSF NeuroNex),10.15760/etd.4076,Lutz,2025,Mechanical Improvements and Control Implementation on a Biomimetic Quadruped Model,NSF Career;NSF NeuroNex;Hunt Lab,7HUS2PLW,groups/735051
OUT-OF-SCOPE (Hunt Lab;NSF Career;NSF NeuroNex),10.15760/etd.4030,Elzein,2025,Pressure and Force Dynamics in Artificial Muscle Actuators: A State-Space and Optimization-Based Approach,NSF Career;NSF NeuroNex;Hunt Lab,2UIF7YU7,groups/735051
OUT-OF-SCOPE (Hunt Lab;NSF Career;NSF NeuroNex),10.1007/978-3-031-72597-5_7,Jubert,2024,Flexible Strain Gauge Sensors as Real-Time Stretch Receptors for Use in Biomimetic BPA Muscle Applications,NSF Career;NSF NeuroNex;Hunt Lab,EYF9SX5H,groups/735051
OUT-OF-SCOPE (Hunt Lab;NSF NeuroNex),10.15760/etd.4072,Pupkiewicz,2025,Spike Timing Depended Plasticity Produces Unsupervised Learning of Synergistic Muscle Feedback in a Synthetical Neural Network,NSF NeuroNex;Hunt Lab,8EEDPFH5,groups/735051
OUT-OF-SCOPE (Hunt Lab;NSF NeuroNex),10.15760/etd.3808,Zheng,2024,Improving Biomimetic Passive Dynamics of a Quadruped Robot Hind Leg Hip Joint with a 3D Printed Torsion Spring,NSF NeuroNex;Hunt Lab,SG2F5AE4,groups/735051
OUT-OF-SCOPE (Hunt17LR Papers),10.1007/s00422-011-0422-1,,2024,Deriving neural network controllers from neuro-biological data: Implementation of a single-leg stick insect controller,Hunt17LR Papers,TRUTXKZI,groups/735051
OUT-OF-SCOPE (Hunt17LR Papers),10.3389/fnbot.2010.00113,Amrollah,2010,On the Role of Sensory Feedbacks in Rowat–Selverston CPG to Improve Robot Legged Locomotion,Hunt17LR Papers,S8LRXNKR,groups/735051
OUT-OF-SCOPE (Hunt17LR Papers),10.1109/iros.2013.6696541,Boaventura,2013,Stability and performance of the compliance controller of the quadruped robot HyQ,Hunt17LR Papers,PH9S97VC,groups/735051
OUT-OF-SCOPE (Hunt17LR Papers;Read;references_Lutz_thesis),10.1007/s002210050712,Loeb,1999,A hierarchical foundation for models of sensorimotor control,Hunt17LR Papers;references_Lutz_thesis;Read,V8LGTQNK,groups/735051
OUT-OF-SCOPE (Hunt17LR Papers;references_Lutz_thesis),10.1242/jeb.205.18.2803,Jindrich,2002,Dynamic stabilization of rapid hexapedal locomotion,Hunt17LR Papers;references_Lutz_thesis,7MSXGAVI,groups/735051
OUT-OF-SCOPE (Hybrid Systems),10.1109/tac.2012.2208292,Lamperski,2013,Lyapunov Theory for Zeno Stability,Hybrid Systems,47KYSYYM,groups/735051
OUT-OF-SCOPE (Hybrid Systems),10.1109/cdc.2014.7039614,Saglam,2014,Lyapunov-based versus Poincar&#x00E9; map analysis of the rimless wheel,Hybrid Systems,JBLQ8MWU,groups/735051
OUT-OF-SCOPE (Hybrid Systems),10.1109/icecs.2007.4511125,Licer,2007,Lyapunov Stability of Hybrid System Limit Cycle Application to the Compass Gait Biped,Hybrid Systems,6882NWB5,groups/735051
OUT-OF-SCOPE (Hybrid Systems),10.1016/j.cnsns.2019.104949,Wang,2020,Finite-time stabilization of periodic orbits for under-actuated biped walking with hybrid zero dynamics,Hybrid Systems,CS2G7EW7,groups/735051
OUT-OF-SCOPE (Jake),10.18178/ijmerr.10.8.414-421,Święcki,2021,Tests of Useful Field of View of Laser Sensors Used in Autonomous Nano Sumo Robots,Jake,S26NL9X9,groups/735051
OUT-OF-SCOPE (Jake),10.1109/tmech.2009.2038373,Vo-Minh,2011,A New Approach to Modeling Hysteresis in a Pneumatic Artificial Muscle Using The Maxwell-Slip Model,Jake,WDB9ILKK,groups/735051
OUT-OF-SCOPE (Jake;Morrow LM19;Morrow Thesis),10.3390/s150819302,Valenti,2015,Keeping a Good Attitude: A Quaternion-Based Orientation Filter for IMUs and MARGs,Jake;Morrow Thesis;Morrow LM19,QW4FD3FI,groups/735051
OUT-OF-SCOPE (Jake;Morrow LM19;Morrow Thesis),10.3390/s18113765,Yi,2018,Estimating Three-Dimensional Body Orientation Based on an Improved Complementary Filter for Human Motion Tracking,Jake;Morrow Thesis;Morrow LM19,6BKD9V78,groups/735051
OUT-OF-SCOPE (Jake;Morrow LM19;Morrow Thesis),10.1063/1.5018520,Islam,2017,Comparison of complementary and Kalman filter based data fusion for attitude heading reference system,Jake;Morrow Thesis;Morrow LM19,S3R8CVSL,groups/735051
OUT-OF-SCOPE (Jake;Morrow LM19;Morrow Thesis),10.1109/icorr.2011.5975346,Madgwick,2011,Estimation of IMU and MARG orientation using a gradient descent algorithm,Jake;Morrow Thesis;Morrow LM19,3UPLLYBY,groups/735051
OUT-OF-SCOPE (Jake;Morrow Papers),10.15760/etd.7146,Morrow,2019,Tracking Center of Mass with Limited Inertial Measurement Units,Morrow Papers;Jake,7K8PXH2F,groups/735051
OUT-OF-SCOPE (Jake;Morrow Papers),10.1007/978-3-030-24741-6_33,Martinez-Hernandez,2019,Using Two IMU Sensors to Simulate Lower Body Stance,Morrow Papers;Jake,4NE5D9KQ,groups/735051
OUT-OF-SCOPE (James),10.1109/comst.2019.2902862,Mozaffari,2019,"A Tutorial on UAVs for Wireless Networks: Applications, Challenges, and Open Problems",James,ELT57HWI,groups/735051
OUT-OF-SCOPE (James),10.1002/rob.22014,McCammon,2021,Ocean front detection and tracking using a team of heterogeneous marine vehicles,James,Y887BU8E,groups/735051
OUT-OF-SCOPE (James),10.1002/rob.20218,Micire,2008,Evolution and field performance of a rescue robot: Evolution and Field Performance of a Rescue Robot,James,RGZTLBXT,groups/735051
OUT-OF-SCOPE (James),10.1109/mra.2004.1337826,Murphy,2004,Activities of the rescue robots at the World Trade Center from 11-21 september 2001,James,A84LVYKX,groups/735051
OUT-OF-SCOPE (James),10.1007/s10676-021-09603-0,Battistuzzi,2021,Ethical concerns in rescue robotics: a scoping review,James,282M77XQ,groups/735051
OUT-OF-SCOPE (James),10.1109/mc.2016.135,Murphy,2016,Emergency Informatics: Using Computing to Improve Disaster Management,James,I25BNBE4,groups/735051
OUT-OF-SCOPE (Joe),10.1126/science.aab0129,Bartlett,2015,"A 3D-printed, functionally graded soft robot powered by combustion",Joe,T2F34TIS,groups/735051
OUT-OF-SCOPE (Joe),10.1109/icra.2017.7989652,Drotman,2017,3D printed soft actuators for a legged robot capable of navigating unstructured terrain,Joe,UT7JZFI8,groups/735051
OUT-OF-SCOPE (Joe),10.1109/iros45743.2020.9340707,Saputra,2020,A Neural Primitive model with Sensorimotor Coordination for Dynamic Quadruped Locomotion with Malfunction Compensation,Joe,PEWWV59X,groups/735051
OUT-OF-SCOPE (Joe),10.3389/frobt.2021.562524,Saputra,2021,AQuRo: A Cat-like Adaptive Quadruped Robot With Novel Bio-Inspired Capabilities,Joe,9TSPN72K,groups/735051
OUT-OF-SCOPE (Joe),10.1002/jez.a,Fischer,2006,"The tri-segmented limbs of therian mammals: kinematics, dynamics, and self-stabilization—a review",Joe,S8BZ6SU4,groups/735051
OUT-OF-SCOPE (Joe),10.1007/s10514-010-9186-z,Migliore,2010,Passive joint stiffness in the hip and knee increases the energy efficiency of leg swinging,Joe,EGA4HCDK,groups/735051
OUT-OF-SCOPE (Joe),10.1002/mus.21218,Ryan,2009,Passive properties of the muscle-tendon unit: The influence of muscle cross-sectional area,Joe,ERHJLGF6,groups/735051
OUT-OF-SCOPE (Joe;Zheng Thesis),10.1126/science.288.5463.100,Dickinson,2000,How Animals Move: An Integrative View,Joe;Zheng Thesis,ZIMDJEBU,groups/735051
OUT-OF-SCOPE (Joint designs;NSF26 - Stability and Speed),10.1007/s42242-019-00055-6,Hamidi,2019,Multidirectional 3D-printed functionally graded modular joint actuated by TCPFL muscles for soft robots,Joint designs;NSF26 - Stability and Speed,T7UPP3XR,groups/735051
OUT-OF-SCOPE (Joint designs;NSF26 - Stability and Speed),10.3390/robotics14020008,Soltanov,2025,Design of a Novel Bio-Inspired Three Degrees of Freedom (3DOF) Spherical Robotic Manipulator and Its Application in Human–Robot Interactions,Joint designs;NSF26 - Stability and Speed,AHJG2FIJ,groups/735051
OUT-OF-SCOPE (Joint designs;NSF26 - Stability and Speed),10.1109/icma65362.2025.11120665,Wang,2025,Design and Experimental Study of Parallel Hip Joint,Joint designs;NSF26 - Stability and Speed,R8RQMTH2,groups/735051
OUT-OF-SCOPE (Joint designs;NSF26 - Stability and Speed),10.1109/lra.2026.3692330,Liu,2026,"An Orthogonal-Axis Spherical Parallel Mechanism With Large Workspace for Humanoid Hip Joints: Design, Optimization, and Experimental Validation",Joint designs;NSF26 - Stability and Speed,3U9D2LME,groups/735051
OUT-OF-SCOPE (Joint designs;NSF26 - Stability and Speed),10.1109/icra.2016.7487575,Yang,2016,3D printing of variable stiffness hyper-redundant robotic arm,Joint designs;NSF26 - Stability and Speed,DUE34V5B,groups/735051
OUT-OF-SCOPE (Joint designs;NSF26 - Stability and Speed),10.3390/polym14173542,Guo,2022,Three-Dimensional Printable Ball Joints with Variable Stiffness for Robotic Applications Based on Soft Pneumatic Elastomer Actuators,Joint designs;NSF26 - Stability and Speed,ZYMSENFG,groups/735051
OUT-OF-SCOPE (Joint designs;NSF26 - Stability and Speed),10.3390/robotics14070091,Kim,2025,Planar Inverse Statics and Path Planning for a Tendon-Driven Discrete Continuum Robot,Joint designs;NSF26 - Stability and Speed,3XTYJXVB,groups/735051
OUT-OF-SCOPE (Joint designs;NSF26 - Stability and Speed),10.1115/1.4054441,Steele,2022,Experimental Verification of Kinematics and Kinetics in a Biomimetic Bipedal Robot,Joint designs;NSF26 - Stability and Speed,ARB27ZMC,groups/735051
OUT-OF-SCOPE (Joint designs;NSF26 - Stability and Speed),10.23919/iccas50221.2020.9268259,Agrawal,2020,A De-risked Bio-inspired Condylar Prosthetic Knee Joint for a Robotic Leg Test Rig,Joint designs;NSF26 - Stability and Speed,TJR2SWVG,groups/735051
OUT-OF-SCOPE (Joint designs;NSF26 - Stability and Speed),10.1109/iros.2011.6094924,Etoundi,2011,A bio-inspired condylar hinge joint for mobile robots,Joint designs;NSF26 - Stability and Speed,KGXK8FCC,groups/735051
OUT-OF-SCOPE (Joint designs;NSF26 - Stability and Speed),10.1115/1.4024471,Etoundi,2013,A Bio-Inspired Condylar Hinge for Robotic Limbs,Joint designs;NSF26 - Stability and Speed,XE63V7XW,groups/735051
OUT-OF-SCOPE (Joint designs;NSF26 - Stability and Speed),10.1109/humanoids65713.2025.11203090,Cervettini,2025,A Framework for Optimal Ankle Design of Humanoid Robots,Joint designs;NSF26 - Stability and Speed,SE3FBPWD,groups/735051
OUT-OF-SCOPE (Joint designs;NSF26 - Stability and Speed),10.1007/s42235-025-00783-9,Teng,2026,Artificial Hip Joint Round Ligament with High Fidelity to Human Structures and Mechanics via Bioinspired 3D Braided Fibers,Joint designs;NSF26 - Stability and Speed,R5CDG7EZ,groups/735051
OUT-OF-SCOPE (Joint designs;NSF26 - Stability and Speed),10.1109/tie.2023.3310041,Zhao,2024,A Multiaxial Bionic Ankle Based on Series Elastic Actuation With a Parallel Spring,Joint designs;NSF26 - Stability and Speed,LM65XWST,groups/735051
OUT-OF-SCOPE (Joint designs;NSF26 - Stability and Speed),10.1038/s41598-024-57149-0,Mohammadi Nejad Rashty,2024,Role of compliant mechanics and motor control in hopping - from human to robot,Joint designs;NSF26 - Stability and Speed,H38JW2HH,groups/735051
OUT-OF-SCOPE (Joint designs;NSF26 - Stability and Speed),10.1109/lra.2021.3062355,Russell,2021,Stiffness Modulation in a Humanoid Robotic Leg and Knee,Joint designs;NSF26 - Stability and Speed,86BN76KD,groups/735051
OUT-OF-SCOPE (Joint designs;NSF26 - Stability and Speed),10.3389/fbioe.2025.1701754,Teng,2025,Bioinspired 3D braided artificial ligament with human-like mechanical properties and self-healing capability,Joint designs;NSF26 - Stability and Speed,FVUDL3VQ,groups/735051
OUT-OF-SCOPE (Joint designs;NSF26 - Stability and Speed),10.1088/1748-3190/ab46f7,Seo,2019,Human-mimetic soft robot joint for shock absorption through joint dislocation,Joint designs;NSF26 - Stability and Speed,LSLKQZRE,groups/735051
OUT-OF-SCOPE (Joint designs;NSF26 - Stability and Speed),10.1126/sciadv.aea2831,Liu,2026,Bioinspired growable humanoid robot with bone-mimetic linkages for versatile mobility,Joint designs;NSF26 - Stability and Speed,LN5948HJ,groups/735051
OUT-OF-SCOPE (Joint designs;NSF26 - Stability and Speed),10.1088/1748-3190/ac8711,Liang,2022,A bioinspired robotic knee with controlled joint surfaces and adjustable ligaments,Joint designs;NSF26 - Stability and Speed,Z3PF5JBM,groups/735051
OUT-OF-SCOPE (Joint designs;NSF26 - Stability and Speed),10.3389/fnhum.2022.1018160,Yu,2022,"Bio-inspired design of a self-aligning, lightweight, and highly-compliant cable-driven knee exoskeleton",Joint designs;NSF26 - Stability and Speed,KU6S3TNE,groups/735051
OUT-OF-SCOPE (Joint designs;NSF26 - Stability and Speed),10.1038/s41467-024-55201-1,Gao,2024,Bioinspired origami-based soft prosthetic knees,Joint designs;NSF26 - Stability and Speed,9ZDAC489,groups/735051
OUT-OF-SCOPE (Joint designs;NSF26 - Stability and Speed),10.3389/frobt.2021.613574,Etoundi,2021,Bio-Inspired Knee Joint: Trends in the Hardware Systems Development,Joint designs;NSF26 - Stability and Speed,2KVQFXR9,groups/735051
OUT-OF-SCOPE (Joint designs;NSF26 - Stability and Speed),10.1109/icara64554.2025.10977611,Rose,2025,Pressure Sensor-Controlled Prosthetic Socket for a Bio-Inspired Knee Joint,Joint designs;NSF26 - Stability and Speed,FVX4KZYE,groups/735051
OUT-OF-SCOPE (Joint designs;NSF26 - Stability and Speed;Tensegrity),10.1109/tmech.2026.3664932,Sun,2026,Bio-Inspired Tensegrity Robotic Wrist With Tendon Sheath Functionality,Joint designs;NSF26 - Stability and Speed;Tensegrity,AT4MJXWY,groups/735051
OUT-OF-SCOPE (Jubert;LM2024;SteeleASME2),10.1016/j.robot.2007.09.010,Hosoda,2008,Biped robot design powered by antagonistic pneumatic actuators for multi-modal locomotion,LM2024;Jubert;SteeleASME2,G6SH7N57,groups/735051
OUT-OF-SCOPE (Jubert;LM2024;SteeleASME2),10.1007/s10514-009-9171-6,Hosoda,2010,Pneumatic-driven jumping robot with anthropomorphic muscular skeleton structure,LM2024;Jubert;SteeleASME2,SBIB8QSH,groups/735051
OUT-OF-SCOPE (LM 2021 Review),10.1016/j.robot.2011.10.006,von Twickel,2011,Neural control of a modular multi-legged walking machine: Simulation and hardware,LM 2021 Review,6537WEAV,groups/735051
OUT-OF-SCOPE (LM 2021 Review),10.1152/jn.00648.2012,Knops,2012,A neuromechanical model for the neuronal basis of curve walking in the stick insect,LM 2021 Review,L3VRNWRH,groups/735051
OUT-OF-SCOPE (LM 2021 Review),10.1109/tro.2012.2234311,Crespi,2013,Salamandra Robotica II: An amphibious robot to study salamander-like swimming and walking gaits,LM 2021 Review,5IGA7HLX,groups/735051
OUT-OF-SCOPE (LM 2021 Review),10.1038/s41378-021-00323-5,Shi,2021,A comparative review of artificial muscles for microsystem applications,LM 2021 Review,83MPYZWP,groups/735051
OUT-OF-SCOPE (LM 2021 Review),10.1038/s41586-020-2442-2,Burger,2020,A mobile robotic chemist,LM 2021 Review,SNSJU83M,groups/735051
OUT-OF-SCOPE (LM 2021 Review),10.1109/robosoft51838.2021.9479337,Milojević,2021,Soft Robotic Compliant Two-Finger Gripper Mechanism for Adaptive and Gentle Food Handling,LM 2021 Review,P6SK2GVQ,groups/735051
OUT-OF-SCOPE (LM 2021 Review),10.1109/icra.2017.7989348,Schwarz,2017,NimbRo picking: Versatile part handling for warehouse automation,LM 2021 Review,57B6E3MH,groups/735051
OUT-OF-SCOPE (LM 2021 Review),10.1109/tmech.2015.2501019,Wolf,2016,Variable Stiffness Actuators: Review on Design and Components,LM 2021 Review,I8I759AI,groups/735051
OUT-OF-SCOPE (LM 2021 Review),10.1016/j.robot.2013.06.009,Vanderborght,2013,Variable impedance actuators: A review,LM 2021 Review,BCGVSHSA,groups/735051
OUT-OF-SCOPE (LM 2021 Review),10.1109/tro.2016.2640183,Wensing,2017,Proprioceptive Actuator Design in the MIT Cheetah: Impact Mitigation and High-Bandwidth Physical Interaction for Dynamic Legged Robots,LM 2021 Review,XTF7XGTF,groups/735051
OUT-OF-SCOPE (LM 2021 Review),10.1080/11762320903244843,Ayers,2010,Controlling Underwater Robots with Electronic Nervous Systems,LM 2021 Review,DQHBECY2,groups/735051
OUT-OF-SCOPE (LM 2021 Review;Mantasha;Reggie),10.1109/icra.2015.7140079,Noot,2015,"Biped gait controller for large speed variations, combining reflexes and a central pattern generator in a neuromuscular model",Reggie;Mantasha;LM 2021 Review;Mantasha,ATJSMGDV,groups/735051
OUT-OF-SCOPE (LM 2021 Review;Manuscript),10.1007/s10827-010-0254-3,Daun-Gruhn,2010,A mathematical modeling study of inter-segmental coordination during stick insect walking.,LM 2021 Review;Manuscript,S8IHZBDU,groups/735051
OUT-OF-SCOPE (LM 2021 Review;Robots),10.1109/mex.1986.4307016,Raibert,1986,Legged Robots That Balance,LM 2021 Review;Robots,HDULJC7N,groups/735051
OUT-OF-SCOPE (Liquid State Machines (LSMs)),10.1109/ijcnn.2009.5178822,Grzyb,2009,Which model to use for the Liquid State Machine?,Liquid State Machines (LSMs),DWFH9Q5U,groups/735051
OUT-OF-SCOPE (Liquid State Machines (LSMs)),10.1162/089976602760407955,Maass,2002,Real-Time Computing Without Stable States: A New Framework for Neural Computation Based on Perturbations,Liquid State Machines (LSMs),8LL6H6LX,groups/735051
OUT-OF-SCOPE (Liquid State Machines (LSMs)),10.1016/j.cogsys.2019.08.002,Vandesompele,2019,Populations of spiking neurons for reservoir computing: Closed loop control of a compliant quadruped,Liquid State Machines (LSMs),P29H67QT,groups/735051
OUT-OF-SCOPE (Liquid State Machines (LSMs);NAML22 Poster),10.1142/9781848162778_0008,Cooper,2011,"Liquid State Machines: Motivation, Theory, and Applications",Liquid State Machines (LSMs);NAML22 Poster,LLD6CS5Z,groups/735051
OUT-OF-SCOPE (Loihi Projects),10.1109/lra.2020.3012129,Hagenaars,2020,Evolved Neuromorphic Control for High Speed Divergence-Based Landings of MAVs,Loihi Projects,3VWFV5V5,groups/735051
OUT-OF-SCOPE (Loihi Projects),10.15607/rss.2017.xiii.035,Blum,2017,A neuromorphic controller for a robotic vehicle equipped with a dynamic vision sensor,Loihi Projects,3YIBKHKD,groups/735051
OUT-OF-SCOPE (Loihi Projects),10.1145/3407197.3407205,Polykretis,2020,An Astrocyte-Modulated Neuromorphic Central Pattern Generator for Hexapod Robot Locomotion on Intel’s Loihi,Loihi Projects,D8L99UU6,groups/735051
OUT-OF-SCOPE (Loihi Projects),10.3389/fnbot.2020.589532,Michaelis,2020,Robust Trajectory Generation for Robotic Control on the Neuromorphic Research Chip Loihi,Loihi Projects,R48WXIYA,groups/735051
OUT-OF-SCOPE (Loihi Projects),10.3929/ethz-b-000394569,Kreiser,2019,Error-driven learning for self-calibration in a neuromorphic path integration system,Loihi Projects,4DEKV8DB,groups/735051
OUT-OF-SCOPE (Loihi Projects),10.1109/icra40945.2020.9197498,Kreiser,2020,Error estimation and correction in a spiking neural network for map formation in neuromorphic hardware,Loihi Projects,QIS647TY,groups/735051
OUT-OF-SCOPE (Loihi Projects),10.1109/iros45743.2020.9340948,Tang,2020,Reinforcement co-Learning of Deep and Spiking Neural Networks for Energy-Efficient Mapless Navigation with Neuromorphic Hardware,Loihi Projects,P97SW4BV,groups/735051
OUT-OF-SCOPE (Loihi Projects),10.15607/rss.2020.xvi.074,Stagsted,2020,Towards neuromorphic control: A spiking neural network based PID controller for UAV,Loihi Projects,CSDA9RVE,groups/735051
OUT-OF-SCOPE (MURI24),10.1109/robot.2002.1013661,Kingsley,2002,Fatigue life and frequency response of braided pneumatic actuators,MURI24,HCSUUT4X,groups/735051
OUT-OF-SCOPE (MURI24),10.3389/frobt.2021.645588,Nandor,2021,"A Muscle-First, Electromechanical Hybrid Gait Restoration System in People With Spinal Cord Injury",MURI24,WLN8ADKT,groups/735051
OUT-OF-SCOPE (MURI24),10.3389/frobt.2021.710999,Liu,2021,Neural Networks Trained via Reinforcement Learning Stabilize Walking of a Three-Dimensional Biped Model With Exoskeleton Applications,MURI24,VT6XGVJG,groups/735051
OUT-OF-SCOPE (MURI24),10.3390/biomimetics4010028,Liu,2019,Implementation of Deep Deterministic Policy Gradients for Controlling Dynamic Bipedal Walking,MURI24,I58ADGEN,groups/735051
OUT-OF-SCOPE (MURI24),10.1186/s12984-017-0258-6,Chang,2017,A muscle-driven approach to restore stepping with an exoskeleton for individuals with paraplegia,MURI24,FDHHEL2F,groups/735051
OUT-OF-SCOPE (Machine Learning (ML)),10.1177/02783649231224053,Margolis,2024,Rapid locomotion via reinforcement learning,Machine Learning (ML),R4SMDHCD,groups/735051
OUT-OF-SCOPE (Machine Learning (ML)),10.1007/s10514-022-10039-8,Xiao,2022,Motion planning and control for mobile robot navigation using machine learning: a survey,Machine Learning (ML),4ZHHN9P4,groups/735051
OUT-OF-SCOPE (Mantasha),10.1109/icec.1997.592326,Kennedy,1997,The particle swarm: social adaptation of knowledge,Mantasha,UXKSSVJQ,groups/735051
OUT-OF-SCOPE (Mantasha;Manuscript),10.1016/j.asd.2017.03.001,Szczecinski,2017,Mantisbot is a robotic model of visually guided motion in the praying mantis,Manuscript;Mantasha,Z5CVKSXR,groups/735051
OUT-OF-SCOPE (Mantasha;Particle Swarm Optimization (PSO)),10.1109/icnn.1995.488968,Kennedy,1995,Particle swarm optimization,Mantasha;Particle Swarm Optimization (PSO),HRYP46RP,groups/735051
OUT-OF-SCOPE (Manuel papers),10.3389/fnhum.2014.00305,La Scaleia,2014,Spinal motor outputs during step-to-step transitions of diverse human gaits,Manuel papers,TRIK79US,groups/735051
OUT-OF-SCOPE (Manuel papers),10.1109/dsd53832.2021.00083,Garaffa,2021,Revealing the Secrets of Spiking Neural Networks: The Case of Izhikevich Neuron,Manuel papers,YEGSB756,groups/735051
OUT-OF-SCOPE (Manuel papers),10.1016/j.patcog.2019.05.015,Mozafari,2019,Bio-inspired digit recognition using reward-modulated spike-timing-dependent plasticity in deep convolutional networks,Manuel papers,KM9QV64K,groups/735051
OUT-OF-SCOPE (Manuel papers),10.3389/fnhum.2015.00014,Frost,2015,Sensorimotor control of gait: a novel approach for the study of the interplay of visual and proprioceptive feedback,Manuel papers,9NKKUNDU,groups/735051
OUT-OF-SCOPE (Manuel papers),10.1371/journal.pone.0001377,Masquelier,2008,Spike Timing Dependent Plasticity Finds the Start of Repeating Patterns in Continuous Spike Trains,Manuel papers,7ZIEUBVN,groups/735051
OUT-OF-SCOPE (Manuel papers),10.1038/s41380-023-02027-w,Andrade-Talavera,2023,"Timing to be precise? An overview of spike timing-dependent plasticity, brain rhythmicity, and glial cells interplay within neuronal circuits",Manuel papers,J9C54LXC,groups/735051
OUT-OF-SCOPE (Manuscript),10.1080/002071700411304,Leith,2000,Survey of gain-scheduling analysis and design,Manuscript,AANZYHSN,groups/735051
OUT-OF-SCOPE (Manuscript),10.1109/ojies.2020.3040412,Yu,2021,Terminal Sliding Mode Control – An Overview,Manuscript,P9TZQBP9,groups/735051
OUT-OF-SCOPE (Manuscript),10.1109/mcs.2008.931718,Goebel,2009,Hybrid dynamical systems,Manuscript,UE9WWSYB,groups/735051
OUT-OF-SCOPE (Manuscript),10.1109/iros.2015.7353922,Szczecinski,2015,"Introducing MantisBot: Hexapod robot controlled by a high-fidelity, real-time neural simulation",Manuscript,NHK2S6CD,groups/735051
OUT-OF-SCOPE (Manuscript),10.1109/jproc.2021.3067593,Davies,2021,Advancing Neuromorphic Computing With Loihi: A Survey of Results and Outlook,Manuscript,7GK8JR3G,groups/735051
OUT-OF-SCOPE (Manuscript),10.1007/s00521-020-04832-8,Slowik,2020,Evolutionary algorithms and their applications to engineering problems,Manuscript,ICL8Q6H9,groups/735051
OUT-OF-SCOPE (Manuscript),10.1109/5.58337,Werbos,1990,Backpropagation through time: what it does and how to do it,Manuscript,62MMJNZ3,groups/735051
OUT-OF-SCOPE (Manuscript),10.1113/jphysiol.2007.136200,Alvarez,2007,The continuing case for the Renshaw cell: The continuing case for the Renshaw cell,Manuscript,5AQV2RTJ,groups/735051
OUT-OF-SCOPE (Manuscript),10.1016/j.physd.2003.08.003,Buono,2004,A mathematical model of motorneuron dynamics in the heartbeat of the leech,Manuscript,APEJEAC5,groups/735051
OUT-OF-SCOPE (Manuscript),10.1162/neco_a_00990,Rawat,2017,Deep Convolutional Neural Networks for Image Classification: A Comprehensive Review,Manuscript,WTLBP2BP,groups/735051
OUT-OF-SCOPE (Manuscript),10.1109/tnnls.2021.3084827,Li,2022,"A Survey of Convolutional Neural Networks: Analysis, Applications, and Prospects",Manuscript,UH8KXH7G,groups/735051
OUT-OF-SCOPE (Manuscript),10.1017/s0263574720000211,Bhounsule,2021,Control Policies for a Large Region of Attraction for Dynamically Balancing Legged Robots: A Sampling-Based Approach,Manuscript,RE52E3B4,groups/735051
OUT-OF-SCOPE (Manuscript),10.1115/1.4037440,Bhounsule,2017,A Discrete Control Lyapunov Function for Exponential Orbital Stabilization of the Simplest Walker,Manuscript,63TC6K52,groups/735051
OUT-OF-SCOPE (Manuscript),10.1137/090749955,Ratschan,2010,Providing a Basin of Attraction to a Target Region of Polynomial Systems by Computation of Lyapunov-Like Functions,Manuscript,8HWCR2MN,groups/735051
OUT-OF-SCOPE (Manuscript),10.5772/55162,Jeon,2013,A Study on Stability of Limit Cycle Walking Model with Feet: Parameter Study,Manuscript,H93UJDGM,groups/735051
OUT-OF-SCOPE (Manuscript),10.1115/1.4043563,Chumacero-Polanco,2019,Basin of Attraction and Limit Cycle Oscillation Amplitude of an Ankle-Hip Model of Balance on a Balance Board,Manuscript,YQHQIBDE,groups/735051
OUT-OF-SCOPE (Manuscript),10.1016/j.na.2003.07.020,Giesl,2004,Necessary conditions for a limit cycle and its basin of attraction,Manuscript,4Z3EI3FT,groups/735051
OUT-OF-SCOPE (Manuscript),10.1063/1.3142245,Ting,2009,Neuromechanical tuning of nonlinear postural control dynamics,Manuscript,K82ALCDN,groups/735051
OUT-OF-SCOPE (Manuscript),10.1109/tnsre.2013.2264920,Bingham,2013,Stability Radius as a Method for Comparing the Dynamics of Neuromechanical Systems,Manuscript,VYJ6D4FT,groups/735051
OUT-OF-SCOPE (Manuscript),10.7554/elife.43587,Ausborn,2019,Computational modeling of brainstem circuits controlling locomotor frequency and gait,Manuscript,BDAIR6EQ,groups/735051
OUT-OF-SCOPE (Manuscript),10.3389/fncel.2019.00516,Danner,2019,Spinal V3 Interneurons and Left–Right Coordination in Mammalian Locomotion,Manuscript,B78NE6J4,groups/735051
OUT-OF-SCOPE (Manuscript),10.1113/jphysiol.1914.sp001646,Brown,1914,"On the nature of the fundamental activity of the nervous centres; together with an analysis of the conditioning of rhythmic activity in progression, and a theory of the evolution of function in the nervous system",Manuscript,LNNELSIS,groups/735051
OUT-OF-SCOPE (Manuscript),10.1007/978-3-319-63537-8_40,Webster,2017,3D-Printed Biohybrid Robots Powered by Neuromuscular Tissue Circuits from Aplysia californica,Manuscript,Y4BRLXKP,groups/735051
OUT-OF-SCOPE (Manuscript;Presentation;Young Scientist Seminar),10.1007/bf00609460,Stevenson,1987,A reconsideration of the central pattern generator concept for locust flight,Young Scientist Seminar;Presentation;Manuscript,Z2XF8ALL,groups/735051
OUT-OF-SCOPE (Manuscript;Presentation;Young Scientist Seminar),10.1152/jn.00965.2007,Sasaki,2007,Feeding CPG in <i>Aplysia</i> Directly Controls Two Distinct Outputs of a Compartmentalized Interneuron That Functions as a CPG Element,Young Scientist Seminar;Presentation;Manuscript,8DD895PT,groups/735051
OUT-OF-SCOPE (Manuscript;Reggie),10.1088/1741-2560/8/6/065003,Spardy,2011,A dynamical systems analysis of afferent control in a neuromechanical model of locomotion: I. Rhythm generation,Reggie;Manuscript,W2QC9WS3,groups/735051
OUT-OF-SCOPE (Mark),10.1109/iros.2012.6386109,Todorov,2012,MuJoCo: A physics engine for model-based control,Mark,ICZ6D3TI,groups/735051
OUT-OF-SCOPE (Mark),10.1016/j.neuron.2012.08.001,Feldman,2012,The Spike-Timing Dependence of Plasticity,Mark,QMZLFTEJ,groups/735051
OUT-OF-SCOPE (Mark),10.3389/fnsyn.2011.00004,Markram,2011,A history of spike-timing-dependent plasticity,Mark,GNJPYPP3,groups/735051
OUT-OF-SCOPE (Mark),10.3389/fnbot.2021.629210,Schmidgall,2021,SpikePropamine: Differentiable Plasticity in Spiking Neural Networks,Mark,S2AQEX9B,groups/735051
OUT-OF-SCOPE (Mark),10.3389/fnins.2023.1183321,Schmidgall,2023,Meta-SpikePropamine: learning to learn with synaptic plasticity in spiking neural networks,Mark,2GCDVCT8,groups/735051
OUT-OF-SCOPE (Mark),10.1126/science.aaa8415,Jordan,2015,"Machine learning: Trends, perspectives, and prospects",Mark,SKAJFVW6,groups/735051
OUT-OF-SCOPE (Mark),10.1007/s00221-008-1611-6,Berlucchi,2009,Neuronal plasticity: historical roots and evolution of meaning,Mark,2CR9AMUL,groups/735051
OUT-OF-SCOPE (Mark),10.15607/rss.2016.xii.004,,,Robot Motion Planning on a Chip,Mark,RV4P4B6T,groups/735051
OUT-OF-SCOPE (Mark),10.1109/aicas54282.2022.9870000,Neuman,2022,Tiny Robot Learning: Challenges and Directions for Machine Learning in Resource-Constrained Robots,Mark,ZCMKV94A,groups/735051
OUT-OF-SCOPE (Mark),10.1016/0306-4522(83)90010-6,Levy,1983,Temporal contiguity requirements for long-term associative potentiation/depression in the hippocampus,Mark,NXG3IU6T,groups/735051
OUT-OF-SCOPE (Mark),10.1523/jneurosci.18-24-10464.1998,Bi,1998,"Synaptic modifications in cultured hippocampal neurons: dependence on spike timing, synaptic strength, and postsynaptic cell type",Mark,QUHQKK7T,groups/735051
OUT-OF-SCOPE (Mark),10.3389/fncir.2015.00085,Frémaux,2016,"Neuromodulated Spike-Timing-Dependent Plasticity, and Theory of Three-Factor Learning Rules",Mark,XARDXK8J,groups/735051
OUT-OF-SCOPE (Mark),10.48550/arxiv.1705.06963,Schuman,2017,A Survey of Neuromorphic Computing and Neural Networks in Hardware,Mark,6QBEXPCP,groups/735051
OUT-OF-SCOPE (Mark),10.1073/pnas.0900546106,Zhang,2009,Gain in sensitivity and loss in temporal contrast of STDP by dopaminergic modulation at hippocampal synapses,Mark,ULKZSJGT,groups/735051
OUT-OF-SCOPE (Mark),10.1523/jneurosci.4402-07.2008,Pawlak,2008,Dopamine receptor activation is required for corticostriatal spike-timing-dependent plasticity,Mark,IQNNAEWJ,groups/735051
OUT-OF-SCOPE (Mark),10.1523/jneurosci.23-09-03697.2003,Gütig,2003,Learning input correlations through nonlinear temporally asymmetric Hebbian plasticity,Mark,XGL2W5B2,groups/735051
OUT-OF-SCOPE (Mark),10.1038/25665,Zhang,1998,A critical window for cooperation and competition among developing retinotectal synapses,Mark,E7M5YCEG,groups/735051
OUT-OF-SCOPE (Mark),10.1152/jn.1994.71.3.1096,Bonasera,1994,Mechanical actions of heterogenic reflexes linking long toe flexors with ankle and knee extensors of the cat hindlimb,Mark,NCYKHTQB,groups/735051
OUT-OF-SCOPE (Mark),10.1152/physrev.00014.2003,Lynch,2004,Long-term potentiation and memory,Mark,R9Z9E65T,groups/735051
OUT-OF-SCOPE (Mark),10.1016/j.clinph.2009.12.041,ElBasiouny,2010,Persistent inward currents in spinal motoneurons: important for normal function but potentially harmful after spinal cord injury and in amyotrophic lateral sclerosis,Mark,R3DL498F,groups/735051
OUT-OF-SCOPE (Mark),10.3389/fnins.2013.00002,Serrano-Gotarredona,2013,STDP and STDP variations with memristors for spiking neuromorphic learning systems,Mark,RWENSYRL,groups/735051
OUT-OF-SCOPE (Mark),10.1007/978-3-031-20470-8_4,Hunt,2022,SNS-Toolbox: A Tool for Efficient Simulation of Synthetic Nervous Systems,Mark,HLI96PID,groups/735051
OUT-OF-SCOPE (Mark),10.3389/fncom.2015.00099,Diehl,2015,Unsupervised learning of digit recognition using spike-timing-dependent plasticity,Mark,IWUVQ2SN,groups/735051
OUT-OF-SCOPE (Mark),10.1109/tpami.2019.2903179,Paredes-Vallés,2020,Unsupervised Learning of a Hierarchical Spiking Neural Network for Optical Flow Estimation: From Events to Global Motion Perception,Mark,2NS3BBM5,groups/735051
OUT-OF-SCOPE (Mark),10.1038/78829,Song,2000,Competitive Hebbian learning through spike-timing-dependent synaptic plasticity,Mark,Z2ZWJI9U,groups/735051
OUT-OF-SCOPE (Maybe Read?),10.1109/lra.2019.2899750,Bjelonic,2019,Keep Rollin’—Whole-Body Motion Control and Planning for Wheeled Quadrupedal Robots,Maybe Read?,FI77VJ5D,groups/735051
OUT-OF-SCOPE (Maybe Read?),10.1080/11762320802221074,Schmitz,2008,No Need for a Body Model: Positive Velocity Feedback for the Control of an 18-DOF Robot Walker,Maybe Read?,B3QMIYYY,groups/735051
OUT-OF-SCOPE (Mo),10.3389/fbioe.2023.1193177,Andrada,2023,Positioning of pivot points in quadrupedal locomotion: limbs global dynamics in four different dog breeds,Mo,RLN7TFVA,groups/735051
OUT-OF-SCOPE (Mo),10.1371/journal.pone.0292874,Vielemeyer,2023,Virtual pivot point: Always experimentally observed in human walking?,Mo,YHU2BF6E,groups/735051
OUT-OF-SCOPE (Mo),10.1088/1757-899x/1029/1/012018,Obukhova,2021,Study of non-linear synergy control laws on the experimental stand of pneumatic actuators,Mo,9R8SLLHI,groups/735051
OUT-OF-SCOPE (Mo),10.1177/0278364916648388,Hubicki,2016,ATRIAS: Design and validation of a tether-free 3D-capable spring-mass bipedal robot,Mo,6PN7LXFE,groups/735051
OUT-OF-SCOPE (Mo),10.1109/lra.2018.2857511,Lakatos,2018,Dynamic Locomotion Gaits of a Compliantly Actuated Quadruped With SLIP-Like Articulated Legs Embodied in the Mechanical Design,Mo,VD4N3JF5,groups/735051
OUT-OF-SCOPE (Mo),10.1088/1748-3190/ab968c,Chellapurath,2020,Locomotory behaviour of the intertidal marble crab ( <i>Pachygrapsus marmoratus</i> ) supports the underwater spring-loaded inverted pendulum as a fundamental model for punting in animals,Mo,U9GCXC7H,groups/735051
OUT-OF-SCOPE (Mo),10.1117/12.823672,Schiopu,2009,Braided artificial muscles: modeling and experimental validation,Mo,FHMAR2BD,groups/735051
OUT-OF-SCOPE (Mo),10.1007/s11012-019-01012-4,Khajehsaeid,2019,"Adaptive back stepping fast terminal sliding mode control of robot manipulators actuated by pneumatic artificial muscles: continuum modelling, dynamic formulation and controller design",Mo,HLR6ND6S,groups/735051
OUT-OF-SCOPE (Morrow LM19;Morrow Thesis),10.1016/j.bspc.2007.09.001,Zhou,2008,Human motion tracking for rehabilitation—A survey,Morrow Thesis;Morrow LM19,PR7UIPFL,groups/735051
OUT-OF-SCOPE (Morrow LM19;Morrow Thesis),10.1016/j.jphysparis.2009.08.002,Mergner,2009,Vestibular humanoid postural control,Morrow Thesis;Morrow LM19,779CAG3X,groups/735051
OUT-OF-SCOPE (Morrow LM19;Morrow Thesis),10.1016/j.cuor.2005.12.004,Stewart,2006,"(iv) Basic biomechanics of human joints: Hips, knees and the spine",Morrow Thesis;Morrow LM19,GK2GD4CX,groups/735051
OUT-OF-SCOPE (Morrow LM19;Morrow Thesis),10.1016/s0140-6736(12)61263-x,Robinovitch,2013,Video capture of the circumstances of falls in elderly people residing in long-term care: an observational study,Morrow Thesis;Morrow LM19,UMEK79UF,groups/735051
OUT-OF-SCOPE (Morrow LM19;Morrow Thesis),10.3390/s19030596,Abhayasinghe,2019,Validation of Thigh Angle Estimation Using Inertial Measurement Unit Data against Optical Motion Capture Systems,Morrow Thesis;Morrow LM19,VLMJEG3G,groups/735051
OUT-OF-SCOPE (Morrow LM19;Morrow Thesis),10.1016/j.jsr.2016.05.001,Burns,2016,The direct costs of fatal and non-fatal falls among older adults — United States,Morrow Thesis;Morrow LM19,Q5662DZZ,groups/735051
OUT-OF-SCOPE (Morrow LM19;Morrow Thesis),10.3390/s100807772,Yang,2010,A Review of Accelerometry-Based Wearable Motion Detectors for Physical Activity Monitoring,Morrow Thesis;Morrow LM19,IICFRYTU,groups/735051
OUT-OF-SCOPE (Morrow LM19;Morrow Thesis),10.1016/j.jbiomech.2006.02.013,Dumas,2007,Adjustments to McConville et al. and Young et al. body segment inertial parameters,Morrow Thesis;Morrow LM19,BE94RUBP,groups/735051
OUT-OF-SCOPE (Morrow LM19;Morrow Thesis),10.1109/icsens.2010.5690738,Harms,2010,ETHOS: Miniature orientation sensor for wearable human motion analysis,Morrow Thesis;Morrow LM19,8YKA82KE,groups/735051
OUT-OF-SCOPE (Morrow LM19;Morrow Thesis),10.1109/mfi.2017.8170354,Admiraal,2017,Improved formulation of the IMU and MARG orientation gradient descent algorithm for motion tracking in human-machine interfaces,Morrow Thesis;Morrow LM19,L3YZTGVB,groups/735051
OUT-OF-SCOPE (Morrow LM20),10.3233/thc-161167,Zang,2016,Design and control of a pneumatic musculoskeletal biped robot,Morrow LM20,GDNGFLJE,groups/735051
OUT-OF-SCOPE (Morrow LM21),10.1080/10255842.2013.818666,Ingram,2015,Muscle moment-arms: a key element in muscle-force estimation,Morrow LM21,5E6VNRZB,groups/735051
OUT-OF-SCOPE (Morrow LM21),10.1016/0003-9993(93)90089-s,Chen,1993,Biomechanical analysis of the knee extension exercise,Morrow LM21,AUDGLA69,groups/735051
OUT-OF-SCOPE (Morrow Thesis),10.1152/jn.2002.88.3.1097,Peterka,2002,Sensorimotor Integration in Human Postural Control,Morrow Thesis,PF72662Y,groups/735051
OUT-OF-SCOPE (Morrow Thesis),10.1016/0024-3795(95)00543-9,Zhang,1997,Quaternions and matrices of quaternions,Morrow Thesis,59D77ZDN,groups/735051
OUT-OF-SCOPE (Morrow Thesis),10.1016/j.jbiomech.2004.03.025,Hof,2005,The condition for dynamic stability,Morrow Thesis,QRA8BM3V,groups/735051
OUT-OF-SCOPE (Morrow Thesis),10.3389/fneur.2018.01045,Peterka,2018,Implementation of a Central Sensorimotor Integration Test for Characterization of Human Balance Control During Stance,Morrow Thesis,2ZMXHQ4I,groups/735051
OUT-OF-SCOPE (Morrow Thesis),10.1146/annurev.neuro.31.060407.125555,Angelaki,2008,Vestibular System: The Many Facets of a Multimodal Sense,Morrow Thesis,7EQ73GB7,groups/735051
OUT-OF-SCOPE (Morrow Thesis),10.1016/j.proeng.2016.06.266,Dinu,2016,Accuracy of Postural Human-motion Tracking Using Miniature Inertial Sensors,Morrow Thesis,TM7TFZ9Y,groups/735051
OUT-OF-SCOPE (Morrow Thesis),10.1109/iciea.2015.7334442,Gui,2015,MEMS based IMU for tilting measurement: Comparison of complementary and kalman filter based data fusion,Morrow Thesis,GUBBZ4RD,groups/735051
OUT-OF-SCOPE (Morrow Thesis),10.1109/titb.2005.856864,Karantonis,2006,Implementation of a Real-Time Human Movement Classifier Using a Triaxial Accelerometer for Ambulatory Monitoring,Morrow Thesis,7IWGNPTL,groups/735051
OUT-OF-SCOPE (Morrow Thesis),10.1007/bf02344720,Zheng,2005,Position-sensing technologies for movement analysis in stroke rehabilitation,Morrow Thesis,DRTBTVQD,groups/735051
OUT-OF-SCOPE (NAML22 Poster;PDE Networks),10.1145/3407197.3407202,Smith,2020,Solving a steady-state PDE using spiking networks and neuromorphic hardware,PDE Networks;NAML22 Poster;PDE Networks,CXX8D6ZB,groups/735051
OUT-OF-SCOPE (NSF26 - Stability and Speed;Tensegrity),10.1109/lra.2022.3153700,Kobayashi,2022,Soft Tensegrity Robot Driven by Thin Artificial Muscles for the Exploration of Unknown Spatial Configurations,NSF26 - Stability and Speed;Tensegrity,59Z5L2BU,groups/735051
OUT-OF-SCOPE (NSF26 - Stability and Speed;Tensegrity),10.1088/1361-665x/ab87e0,Zappetti,2020,Variable-stiffness tensegrity spine,NSF26 - Stability and Speed;Tensegrity,XRKD7JL5,groups/735051
OUT-OF-SCOPE (NSF26 - Stability and Speed;Tensegrity),10.1002/advs.202411351,Wen,2025,Legged Robot with Tensegrity Feature Bionic Knee Joint,NSF26 - Stability and Speed;Tensegrity,GJY52LNA,groups/735051
OUT-OF-SCOPE (NSF26 - Stability and Speed;Tensegrity),10.1002/aisy.202300079,Hao,2024,"A Tensegrity Joint for Low‐Inertia, Compact, and Compliant Soft Manipulators",NSF26 - Stability and Speed;Tensegrity,RCMJ22F5,groups/735051
OUT-OF-SCOPE (NSF26 - Stability and Speed;Tensegrity),10.1016/j.birob.2024.100170,Wang,2024,TWrist: An agile compliant 3-DoF tensegrity joint,NSF26 - Stability and Speed;Tensegrity,ZNGHWGVV,groups/735051
OUT-OF-SCOPE (NSF26 - Stability and Speed;Tensegrity),10.1115/1.4064462,Xie,2024,"A Novel Elbow-Inspired Cable-Driven Tensegrity Joint: Bionic Design, Coupled Kinematics, and Load Performance",NSF26 - Stability and Speed;Tensegrity,SIAEH7Z3,groups/735051
OUT-OF-SCOPE (NSF26 - Stability and Speed;Tensegrity),10.1088/1361-665x/adfea9,Ye,2025,A rapid tunable stiffness bistable adaptive tensegrity joint for gripper and swimmer,NSF26 - Stability and Speed;Tensegrity,I4CSKMK6,groups/735051
OUT-OF-SCOPE (Network Architecture),10.1007/s00221-006-0542-3,Akay,2006,Coordination of fore and hind leg stepping in cats on a transversely-split treadmill,Network Architecture,YP8FMDF6,groups/735051
OUT-OF-SCOPE (Neural ROA Estimation),10.1109/tac.2009.2033751,Topcu,2010,Robust Region-of-Attraction Estimation,Neural ROA Estimation,DSQSRA7K,groups/735051
OUT-OF-SCOPE (Neural ROA Estimation),10.1016/j.jfranklin.2019.02.013,Iannelli,2019,Robust estimations of the Region of Attraction using invariant sets,Neural ROA Estimation,NQNPXJUM,groups/735051
OUT-OF-SCOPE (Neural ROA Estimation),10.1016/j.automatica.2016.09.003,Valmorbida,2017,Region of attraction estimation using invariant sets and rational Lyapunov functions,Neural ROA Estimation,5XFV4DAH,groups/735051
OUT-OF-SCOPE (Neural ROA Estimation),10.1016/j.isatra.2013.08.005,Khodadadi,2014,Estimation of region of attraction for polynomial nonlinear systems: A numerical method,Neural ROA Estimation,U9LIN7KY,groups/735051
OUT-OF-SCOPE (Neural ROA Estimation),10.1109/tro.2020.2992981,Zhou,2020,A General Framework to Increase Safety of Learning Algorithms for Dynamical Systems Based on Region of Attraction Estimation,Neural ROA Estimation,FHCWRKYT,groups/735051
OUT-OF-SCOPE (Neural ROA Estimation),10.1109/tcst.2021.3098167,Zhai,2022,Estimating the Region of Attraction for Power Systems Using Gaussian Process and Converse Lyapunov Function,Neural ROA Estimation,IPS5LV76,groups/735051
OUT-OF-SCOPE (Neural ROA Estimation),10.23919/acc.2017.7963126,El-Guindy,2017,Estimating the region of attraction via forward reachable sets,Neural ROA Estimation,349ZY4TY,groups/735051
OUT-OF-SCOPE (Neural ROA Estimation),10.1109/cdc40024.2019.9029489,Lederer,2019,Local Asymptotic Stability Analysis and Region of Attraction Estimation with Gaussian Processes,Neural ROA Estimation,RQGJUV75,groups/735051
OUT-OF-SCOPE (Noise),10.1103/physreve.91.052701,Braun,2015,First-passage times in integrate-and-fire neurons with stochastic thresholds,Noise,QXMFWJTK,groups/735051
OUT-OF-SCOPE (Noise),10.1103/physreve.71.011907,Ditlevsen,2005,Estimation of the input parameters in the Ornstein-Uhlenbeck neuronal model,Noise,JI7MS6W4,groups/735051
OUT-OF-SCOPE (Noise;Subthreshold Dynamics),10.1103/physreve.66.021909,Hillenbrand,2002,Subthreshold dynamics of the neural membrane potential driven by stochastic synaptic input,Subthreshold Dynamics;Noise,APTHVJKD,groups/735051
OUT-OF-SCOPE (Noise;references_Lutz_thesis),10.1016/j.tins.2008.06.002,Ermentrout,2008,"Reliability, synchrony and noise",Noise;references_Lutz_thesis,QM4YHQUS,groups/735051
OUT-OF-SCOPE (Non-Neural ROA Estimation),10.1109/cdc.2016.7798979,Berkenkamp,2016,"Safe learning of regions of attraction for uncertain, nonlinear systems with Gaussian processes",Non-Neural ROA Estimation,4F4VRBP8,groups/735051
OUT-OF-SCOPE (Non-PINN Methods),10.1073/pnas.1517384113,Brunton,2016,Discovering governing equations from data by sparse identification of nonlinear dynamical systems,Non-PINN Methods,XDKKMQUL,groups/735051
OUT-OF-SCOPE (Non-PINN Methods),10.1073/pnas.1718942115,Han,2018,Solving high-dimensional partial differential equations using deep learning,Non-PINN Methods,H2VGTSCG,groups/735051
OUT-OF-SCOPE (Non-PINN Methods),10.1016/j.cma.2022.114778,Lu,2022,A comprehensive and fair comparison of two neural operators (with practical extensions) based on FAIR data,Non-PINN Methods,5RYZNZF6,groups/735051
OUT-OF-SCOPE (Non-PINN Methods),10.1093/imatrm/tnac001,Lanthaler,2022,Error estimates for DeepONets: a deep learning framework in infinite dimensions,Non-PINN Methods,NC9NKTW6,groups/735051
OUT-OF-SCOPE (Non-PINN Methods),10.1109/72.392253,Chen,1995,Universal approximation to nonlinear operators by neural networks with arbitrary activation functions and its application to dynamical systems,Non-PINN Methods,TYWPTGQ8,groups/735051
OUT-OF-SCOPE (Non-PINN Methods),10.1038/s42256-021-00302-5,Lu,2021,Learning nonlinear operators via DeepONet based on the universal approximation theorem of operators,Non-PINN Methods,SPLCATFV,groups/735051
OUT-OF-SCOPE (Non-PINN Methods),10.1016/j.cma.2023.116064,Zhu,2023,Reliable extrapolation of deep neural operators informed by physics or sparse observations,Non-PINN Methods,9NKE6KVC,groups/735051
OUT-OF-SCOPE (Non-PINN Methods),10.1109/tnnls.2021.3120472,Nakajima,2021,Neural Schrödinger Equation: Physical Law as Deep Neural Network,Non-PINN Methods,LT4SU5LZ,groups/735051
OUT-OF-SCOPE (Non-PINN Methods;PDE Networks),10.1109/72.712178,Lagaris,1998,Artificial Neural Networks for Solving Ordinary and Partial Differential Equations,PDE Networks;Non-PINN Methods,IRL5VSG5,groups/735051
OUT-OF-SCOPE (Nonlinear Controls;System Identification),10.1038/s41467-018-07210-0,Lusch,2018,Deep learning for universal linear embeddings of nonlinear dynamics,Nonlinear Controls;System Identification,7VR8KMCR,groups/735051
OUT-OF-SCOPE (Nonlinear Controls;System Identification),10.1098/rspa.2018.0335,Kaiser,2018,Sparse identification of nonlinear dynamics for model predictive control in the low-data limit,Nonlinear Controls;System Identification,U5JTJ563,groups/735051
OUT-OF-SCOPE (Notes on Suction Cups),10.1002/admt.201800304,Okuno,2019,Stretchable Suction Cup with Electroadhesion,Notes on Suction Cups,V57WNWVX,groups/735051
OUT-OF-SCOPE (Onyx related studies),10.3389/fmech.2025.1528516,Coca-Gonzalez,2025,Influence of perimeter layers on tension mechanical properties of 3D printed Onyx,Onyx related studies,6HNQFGSL,groups/735051
OUT-OF-SCOPE (Onyx related studies),10.3390/polym18010027,Zanelli,2025,Mechanical Recycling of a Short Carbon Fiber Reinforced Polyamide 6 in 3D Printing: Effects on Mechanical Properties,Onyx related studies,VRXHQAYV,groups/735051
OUT-OF-SCOPE (Onyx related studies),10.1007/s40964-024-00565-5,Ramachandran,2024,Failure mechanics of fused filament fabricated nylon/carbon-reinforced composites,Onyx related studies,BKA2JSIT,groups/735051
OUT-OF-SCOPE (Onyx related studies),10.3390/ma15124224,Majko,2022,Tensile Properties of Additively Manufactured Thermoplastic Composites Reinforced with Chopped Carbon Fibre,Onyx related studies,6NPB6T6F,groups/735051
OUT-OF-SCOPE (Onyx related studies),10.3390/jmmp7050178,Díaz-Rodríguez,2023,Impact Strength for 3D-Printed PA6 Polymer Composites under Temperature Changes,Onyx related studies,M6ARFCGG,groups/735051
OUT-OF-SCOPE (Onyx related studies),10.1007/s11665-023-07918-1,Zeybek,2023,"The Effect of Strain Rate on the Compression Behavior of Additively Manufactured Short Carbon Fiber-Reinforced Polyamide Composites with Different Layer Heights, Infill Patterns, and Built Angles",Onyx related studies,C5F67MTC,groups/735051
OUT-OF-SCOPE (Onyx related studies),10.1016/j.stlm.2023.100121,Leslie,2023,Feasibility of additively manufacturing synthetic bone for sports personal protective equipment applications,Onyx related studies,5I7T6GRM,groups/735051
OUT-OF-SCOPE (PCB Recycling),10.1039/d2va00266c,,2023,The reuse of electronic components from waste printed circuit boards: a critical review,PCB Recycling,PWZXM5AU,groups/735051
OUT-OF-SCOPE (PCB Recycling),10.3390/s22176478,Cheng,2022,A Classification Method for Electronic Components Based on Siamese Network,PCB Recycling,ZBQIQ4YT,groups/735051
OUT-OF-SCOPE (PCB Recycling),10.1109/tpwrd.2021.3116489,Davari,2022,Corona Detection and Power Equipment Classification Based on GoogleNet-AlexNet: An Accurate and Intelligent Defect Detection Model Based on Deep Learning for Power Distribution Lines,PCB Recycling,74ZRBTFA,groups/735051
OUT-OF-SCOPE (PCB Recycling),10.1016/j.eti.2021.102049,Ankit,2021,Electronic waste and their leachates impact on human health and environment: Global ecological threat and management,PCB Recycling,VPPTWDK9,groups/735051
OUT-OF-SCOPE (PCB Recycling),10.1109/access.2024.3391353,Cheng,2024,EC-YOLO: Effectual Detection Model for Steel Strip Surface Defects Based on YOLO-V5,PCB Recycling,AU69VG3N,groups/735051
OUT-OF-SCOPE (PCB Recycling),10.3390/s24134363,Luo,2024,EC-YOLO: Improved YOLOv7 Model for PCB Electronic Component Detection,PCB Recycling,7LCI6B7H,groups/735051
OUT-OF-SCOPE (PCB Recycling),10.1016/j.jenvman.2022.115242,Faraji,2022,Potential and current practices of recycling waste printed circuit boards: A review of the recent progress in pyrometallurgy,PCB Recycling,JXCWXGLN,groups/735051
OUT-OF-SCOPE (PCB Recycling),10.1016/j.envpol.2025.127072,Ferreira-Filipe,2025,The role of <i>Penicillium brevicompactum</i> in bioprocessing plastic and metals from printed circuit boards,PCB Recycling,E3XFN6IM,groups/735051
OUT-OF-SCOPE (PCB Recycling),10.1016/j.ifacol.2016.11.100,Kopacek,2016,Intelligent Disassembly of components from printed circuit boards to enable re-use and more efficient recovery of critical metals,PCB Recycling,J4D4Y8RT,groups/735051
OUT-OF-SCOPE (PCB Recycling),10.3390/computers14020062,Mohsin,2025,Automated Disassembly of Waste Printed Circuit Boards: The Role of Edge Computing and IoT,PCB Recycling,VCBA4MWC,groups/735051
OUT-OF-SCOPE (PCB Recycling),10.1016/j.resconrec.2025.108561,Citterio,2026,A knowledge based method for estimating the material content value of end of life PCBs,PCB Recycling,7CD794TS,groups/735051
OUT-OF-SCOPE (PCB Recycling),10.1109/tepm.2004.830501,Li,2004,Printed circuit board recycling: a state-of-the-art survey,PCB Recycling,R2Q28ZTE,groups/735051
OUT-OF-SCOPE (PDE Networks),10.1109/ijcnn.2018.8489628,Severa,2018,Spiking Neural Algorithms for Markov Process Random Walk,PDE Networks,AKM7F7EG,groups/735051
OUT-OF-SCOPE (PDE Networks),10.1109/access.2023.3275434,Wang,2023,Physics Informed Spiking Neural Networks: Application to Digital Predistortion for Power Amplifier Linearization,PDE Networks,ESGAWQXR,groups/735051
OUT-OF-SCOPE (PDE Networks),10.1038/s41928-021-00705-7,Smith,2022,Neuromorphic scaling advantages for energy-efficient random walk computations,PDE Networks,A43MHISY,groups/735051
OUT-OF-SCOPE (PDE Networks;PINN Methods),10.1016/j.jcp.2018.08.029,Sirignano,2018,DGM: A deep learning algorithm for solving partial differential equations,PINN Methods;PDE Networks,TVC7DBZ7,groups/735051
OUT-OF-SCOPE (PDE Networks;PINN Methods),10.1007/s00466-019-01715-1,Wei,2019,General solutions for nonlinear differential equations: a rule-based self-learning approach using deep reinforcement learning,PINN Methods;PDE Networks,2WUA2TZR,groups/735051
OUT-OF-SCOPE (PDE Networks;PINN Methods),10.1016/j.jcp.2019.05.024,Zhu,2019,Physics-Constrained Deep Learning for High-dimensional Surrogate Modeling and Uncertainty Quantification without Labeled Data,PINN Methods;PDE Networks,JQ7NDTBR,groups/735051
OUT-OF-SCOPE (PINN Methods),10.1016/j.cma.2023.116181,Zhang,2023,A symmetry group based supervised learning method for solving partial differential equations,PINN Methods,M6PW2SCV,groups/735051
OUT-OF-SCOPE (PINN Methods),10.1016/j.cma.2019.112789,Mao,2020,Physics-informed neural networks for high-speed flows,PINN Methods,4P6EB7CB,groups/735051
OUT-OF-SCOPE (PINN Methods),10.1137/21m1397908,Lu,2021,Physics-Informed Neural Networks with Hard Constraints for Inverse Design,PINN Methods,9J6CBIDD,groups/735051
OUT-OF-SCOPE (PINN Methods),10.1137/22m1477751,Jin,2022,MIONet: Learning Multiple-Input Operators via Tensor Product,PINN Methods,XXTDQ66G,groups/735051
OUT-OF-SCOPE (PINN Methods),10.1016/j.jcp.2022.111902,Psaros,2023,"Uncertainty Quantification in Scientific Machine Learning: Methods, Metrics, and Comparisons",PINN Methods,BT9HDY62,groups/735051
OUT-OF-SCOPE (PINN Methods),10.1016/j.array.2023.100287,Vadyala,2023,General implementation of quantum physics-informed neural networks,PINN Methods,WIE6WT4S,groups/735051
OUT-OF-SCOPE (Paper 1 References),10.1021/ma00241a013,Kim,1983,A theory of healing at a polymer-polymer interface,Paper 1 References,9DQY6D48,groups/735051
OUT-OF-SCOPE (Paper 1 References),10.1007/s11665-010-9740-z,Vega,2011,The Effect of Layer Orientation on the Mechanical Properties and Microstructure of a Polymer,Paper 1 References,QGBFPLDN,groups/735051
OUT-OF-SCOPE (Paper 1 References),10.1088/1757-899x/700/1/012024,Ghebretinsae,2019,Strength analysis of 3D printed carbon fibre reinforced thermoplastic using experimental and numerical methods,Paper 1 References,N55A6F67,groups/735051
OUT-OF-SCOPE (Paper 1 References),10.1108/rpj-02-2013-0017,Turner,2015,"A review of melt extrusion additive manufacturing processes: II. Materials, dimensional accuracy, and surface roughness",Paper 1 References,26VH7IE4,groups/735051
OUT-OF-SCOPE (Paper 1 References),10.1016/j.matdes.2017.03.065,Chacón,2017,Additive manufacturing of PLA structures using fused deposition modelling: Effect of process parameters on mechanical properties and their optimal selection,Paper 1 References,WU7TEDYQ,groups/735051
OUT-OF-SCOPE (Paper 1 References),10.1177/0021998316646169,Ning,2017,Additive manufacturing of carbon fiber-reinforced plastic composites using fused deposition modeling: Effects of process parameters on tensile properties,Paper 1 References,23ULIPEK,groups/735051
OUT-OF-SCOPE (Paper 1 References),10.1080/10408436.2018.1549977,Goh,2020,Process–Structure–Properties in Polymer Additive Manufacturing via Material Extrusion: A Review,Paper 1 References,CEPV2BDS,groups/735051
OUT-OF-SCOPE (Paper 1 References),10.1016/j.compscitech.2019.107688,Chacón,2019,Additive manufacturing of continuous fibre reinforced thermoplastic composites using fused deposition modelling: Effect of process parameters on mechanical properties,Paper 1 References,DJY2QZYW,groups/735051
OUT-OF-SCOPE (Paper 1 References),10.1016/j.compositesb.2015.06.013,Ning,2015,Additive manufacturing of carbon fiber reinforced thermoplastic composites using fused deposition modeling,Paper 1 References,9BMC6SMP,groups/735051
OUT-OF-SCOPE (Paper 1 References),10.1016/j.compositesb.2019.107112,Mohammadizadeh,2019,3D printed fiber reinforced polymer composites - Structural analysis,Paper 1 References,6VER7PTV,groups/735051
OUT-OF-SCOPE (Parameterized PDEs),10.1016/j.jcp.2021.110414,Pakravan,2021,Solving inverse-PDE problems with physics-aware neural networks,Parameterized PDEs,XSFA25SX,groups/735051
OUT-OF-SCOPE (Parameterized PDEs),10.5802/smai-jcm.74,Bhattacharya,2021,Model Reduction And Neural Networks For Parametric PDEs,Parameterized PDEs,225F2NB4,groups/735051
OUT-OF-SCOPE (Parameterized PDEs),10.1137/23m1549870,Gaby,2024,Neural Control of Parametric Solutions for High-Dimensional Evolution PDEs,Parameterized PDEs,XCU86WJU,groups/735051
OUT-OF-SCOPE (Parameterized PDEs),10.1017/s0956792520000182,Khoo,2021,Solving parametric PDE problems with artificial neural networks,Parameterized PDEs,2L5Q2RDP,groups/735051
OUT-OF-SCOPE (Parameterized PDEs),10.1007/s00365-021-09551-4,Kutyniok,2022,A Theoretical Analysis of Deep Neural Networks and Parametric PDEs,Parameterized PDEs,GRHILZ2G,groups/735051
OUT-OF-SCOPE (Particle Swarm Optimization (PSO)),10.1016/s0020-0190(02)00447-7,Trelea,2003,The particle swarm optimization algorithm: convergence analysis and parameter selection,Particle Swarm Optimization (PSO),IUT42S22,groups/735051
OUT-OF-SCOPE (Particle Swarm Optimization (PSO)),10.1109/cec.2007.4424896,Pant,2007,A Simple Diversity Guided Particle Swarm Optimization,Particle Swarm Optimization (PSO),G7QGW9QV,groups/735051
OUT-OF-SCOPE (Particle Swarm Optimization (PSO)),10.1109/icsmc.2002.1176018,van den Bergh,2002,A new locally convergent particle swarm optimiser,Particle Swarm Optimization (PSO),CQU68385,groups/735051
OUT-OF-SCOPE (Particle Swarm Optimization (PSO)),10.1109/4235.985692,Clerc,2002,"The particle swarm - explosion, stability, and convergence in a multidimensional complex space",Particle Swarm Optimization (PSO),2PBGZTRY,groups/735051
OUT-OF-SCOPE (Particle Swarm Optimization (PSO)),10.1155/2015/369298,Garro,2015,Designing Artificial Neural Networks using particle swarm optimization algorithms,Particle Swarm Optimization (PSO),LWUA82DW,groups/735051
OUT-OF-SCOPE (Particle Swarm Optimization (PSO)),10.1109/icsmc.2000.884366,Zhang,2000,Particle swarm optimisation for evolving artificial neural network,Particle Swarm Optimization (PSO),ALVSBZPE,groups/735051
OUT-OF-SCOPE (Particle Swarm Optimization (PSO)),10.1186/1471-2105-7-125,Meissner,2006,Optimized Particle Swarm Optimization (OPSO) and its application to artificial neural network training,Particle Swarm Optimization (PSO),8C3GXRC8,groups/735051
OUT-OF-SCOPE (Particle Swarm Optimization (PSO)),10.1109/icec.1998.699146,Shi,1998,A modified particle swarm optimizer,Particle Swarm Optimization (PSO),36U3SFQ5,groups/735051
OUT-OF-SCOPE (Particle Swarm Optimization (PSO)),10.1109/sis.2003.1202255,Gudise,2003,Comparison of particle swarm optimization and backpropagation as training algorithms for neural networks,Particle Swarm Optimization (PSO),K6B5EVGV,groups/735051
OUT-OF-SCOPE (Particle Swarm Optimization (PSO)),10.1007/3-540-45105-6_10,Goos,2003,Optimization Using Particle Swarms with Near Neighbor Interactions,Particle Swarm Optimization (PSO),4PP8VGSV,groups/735051
OUT-OF-SCOPE (Particle Swarm Optimization (PSO)),10.1007/s11047-007-9049-5,Banks,2007,A review of particle swarm optimization. Part I: background and development,Particle Swarm Optimization (PSO),TENVLXRB,groups/735051
OUT-OF-SCOPE (Presentation;Young Scientist Seminar),10.1007/bf00961436,Olsen,1995,Modeling the leech heartbeat elemental oscillator II. Exploring the parameter space,Young Scientist Seminar;Presentation,XCKTVEHB,groups/735051
OUT-OF-SCOPE (Presentation;Young Scientist Seminar),10.1007/bf00961435,Nadim,1995,Modeling the leech heartbeat elemental oscillator I. Interactions of intrinsic and synaptic currents,Young Scientist Seminar;Presentation,AJUKQFHD,groups/735051
OUT-OF-SCOPE (Reading),10.1016/j.neuron.2018.05.029,Driscoll,2018,Computation through Cortical Dynamics,Reading,YJBEGF95,groups/735051
OUT-OF-SCOPE (Reading),10.1038/s41593-019-0336-0,Weiler,2019,Spinal stretch reflexes support efficient hand control,Reading,I5SEDFA6,groups/735051
OUT-OF-SCOPE (Reading),10.1038/nrn1427,Scott,2004,Optimal feedback control and the neural basis of volitional motor control,Reading,N9MUW8E5,groups/735051
OUT-OF-SCOPE (Reading),10.7554/elife.51121,Rule,2020,Stable task information from an unstable neural population,Reading,BKWW93Q6,groups/735051
OUT-OF-SCOPE (Reading),10.1101/sqb.1990.055.01.074,Loeb,1990,Understanding Sensorimotor Feedback through Optimal Control,Reading,DXC2V59S,groups/735051
OUT-OF-SCOPE (Reading),10.1523/jneurosci.1327-05.2005,Ivanenko,2005,Coordination of Locomotion with Voluntary Movements in Humans,Reading,PU3CAQZJ,groups/735051
OUT-OF-SCOPE (Reading),10.1101/2022.08.15.503870,Driscoll,2022,Flexible multitask computation in recurrent networks utilizes shared dynamical motifs,Reading,PGIF5YQF,groups/735051
OUT-OF-SCOPE (Reading),10.1101/2022.04.13.488176,Kuan,2022,Synaptic wiring motifs in posterior parietal cortex support decision-making,Reading,WZSLW4KN,groups/735051
OUT-OF-SCOPE (Reading),10.1016/j.conb.2022.102609,Driscoll,2022,Representational drift: Emerging theories for continual learning and experimental future directions,Reading,G2GHTTJC,groups/735051
OUT-OF-SCOPE (Reading),10.1016/j.neuron.2012.10.041,Lillicrap,2013,Preference Distributions of Primary Motor Cortex Neurons Reflect Control Solutions Optimized for Limb Biomechanics,Reading,FFXH5U8M,groups/735051
OUT-OF-SCOPE (Reading),10.1016/j.cell.2017.07.021,Driscoll,2017,Dynamic Reorganization of Neuronal Activity Patterns in Parietal Cortex,Reading,74HHTXNR,groups/735051
OUT-OF-SCOPE (Recurrent Neural Networks (RNNs)),10.1007/s12530-013-9080-y,Dasgupta,2013,Information dynamics based self-adaptive reservoir for delay temporal memory tasks,Recurrent Neural Networks (RNNs),HQNQA728,groups/735051
OUT-OF-SCOPE (Recurrent Neural Networks (RNNs)),10.1109/tcsii.2005.852006,Li,2005,Approximation of dynamical time-variant systems by continuous-time recurrent neural networks,Recurrent Neural Networks (RNNs),MCBDJ8A8,groups/735051
OUT-OF-SCOPE (Reinforcement Learning (RL)),10.2200/s00268ed1v01y201005aim009,Szepesvári,2010,Algorithms for Reinforcement Learning,Reinforcement Learning (RL),X5G2HX8R,groups/735051
OUT-OF-SCOPE (Reinforcement Learning (RL)),10.1561/2200000071,Francois-Lavet,2018,An Introduction to Deep Reinforcement Learning,Reinforcement Learning (RL),HJU4NFCX,groups/735051
OUT-OF-SCOPE (Reinforcement Learning (RL)),10.1016/j.tics.2019.02.006,Botvinick,2019,"Reinforcement Learning, Fast and Slow",Reinforcement Learning (RL),7YP99JW2,groups/735051
OUT-OF-SCOPE (Reinforcement Learning (RL)),10.1146/annurev-control-053018-023825,Recht,2019,A Tour of Reinforcement Learning: The View from Continuous Control,Reinforcement Learning (RL),QD6CBU8H,groups/735051
OUT-OF-SCOPE (Reinforcement Learning (RL)),10.1145/3005745.3005750,Mao,2016,Resource Management with Deep Reinforcement Learning,Reinforcement Learning (RL),HAE346VY,groups/735051
OUT-OF-SCOPE (Reinforcement Learning (RL)),10.1038/nature14236,Mnih,2015,Human-level control through deep reinforcement learning,Reinforcement Learning (RL),DAX29M4G,groups/735051
OUT-OF-SCOPE (Reinforcement Learning (RL)),10.1016/j.conb.2008.08.003,Dayan,2008,"Reinforcement learning: The Good, The Bad and The Ugly",Reinforcement Learning (RL),7QK2TYCQ,groups/735051
OUT-OF-SCOPE (Reinforcement Learning (RL)),10.1017/s0263574719001632,Azimirad,2020,Experimental Study of Reinforcement Learning in Mobile Robots Through Spiking Architecture of Thalamo-Cortico-Thalamic Circuitry of Mammalian Brain,Reinforcement Learning (RL),KGLTK9XH,groups/735051
OUT-OF-SCOPE (Reinforcement Learning (RL)),10.1162/neco_a_01238,Yuan,2019,Reinforcement Learning in Spiking Neural Networks with Stochastic and Deterministic Synapses,Reinforcement Learning (RL),BN689ZFL,groups/735051
OUT-OF-SCOPE (Reinforcement Learning (RL)),10.3389/fnins.2019.00883,Ponghiran,2019,Reinforcement Learning With Low-Complexity Liquid State Machines,Reinforcement Learning (RL),CFQCFVHJ,groups/735051
OUT-OF-SCOPE (Reinforcement Learning (RL)),10.1016/j.neunet.2019.08.009,Patel,2019,Improved robustness of reinforcement learning policies upon conversion to spiking neuronal network platforms applied to Atari Breakout game,Reinforcement Learning (RL),835V6X5U,groups/735051
OUT-OF-SCOPE (Reinforcement Learning (RL)),10.1016/j.procs.2018.11.107,Sboev,2018,Spiking neural network reinforcement learning method based on temporal coding and STDP,Reinforcement Learning (RL),2U8Q9SUQ,groups/735051
OUT-OF-SCOPE (Reinforcement Learning (RL)),10.3389/fncom.2021.543872,Weidel,2021,Unsupervised Learning and Clustered Connectivity Enhance Reinforcement Learning in Spiking Neural Networks,Reinforcement Learning (RL),6JV7NY3D,groups/735051
OUT-OF-SCOPE (Reservoir Computers (RCs)),10.1007/978-3-642-35289-8_36,Montavon,2012,A Practical Guide to Applying Echo State Networks,Reservoir Computers (RCs),492G4TU8,groups/735051
OUT-OF-SCOPE (Reservoir Computers (RCs)),10.1016/j.neunet.2007.04.011,Steil,2007,Online reservoir adaptation by intrinsic plasticity for backpropagation–decorrelation and echo state learning,Reservoir Computers (RCs),7GLKY3QZ,groups/735051
OUT-OF-SCOPE (Reservoir Computers (RCs)),10.1016/j.neucom.2016.12.089,Gallicchio,2017,Deep reservoir computing: A critical experimental analysis,Reservoir Computers (RCs),23SKP9VZ,groups/735051
OUT-OF-SCOPE (Reservoir Computers (RCs)),10.1088/2632-072x/ac24f3,Canaday,2021,Model-free control of dynamical systems with deep reservoir computing,Reservoir Computers (RCs),3LHTQ5IR,groups/735051
OUT-OF-SCOPE (Reservoir Computers (RCs)),10.1109/tase.2016.2582213,Park,2017,Online Learning Control of Hydraulic Excavators Based on Echo-State Networks,Reservoir Computers (RCs),DAZ3644S,groups/735051
OUT-OF-SCOPE (Reservoir Computers (RCs)),10.1063/1.5022276,Zimmermann,2018,Observing spatio-temporal dynamics of excitable media using reservoir computing,Reservoir Computers (RCs),AKKNLA6F,groups/735051
OUT-OF-SCOPE (Reservoir Computers (RCs)),10.1103/physrevfluids.7.014402,Huhn,2022,Gradient-free optimization of chaotic acoustics with reservoir computing,Reservoir Computers (RCs),TX3M5QFE,groups/735051
OUT-OF-SCOPE (Reservoir Computers (RCs)),10.1103/physreve.104.044215,Kobayashi,2021,Dynamical system analysis of a data-driven model constructed by reservoir computing,Reservoir Computers (RCs),QTW545JH,groups/735051
OUT-OF-SCOPE (Reservoir Computers (RCs)),10.1103/physreve.98.023111,Nakai,2018,Machine-learning inference of fluid variables from data using reservoir computing,Reservoir Computers (RCs),RZ8CNN22,groups/735051
OUT-OF-SCOPE (Reservoir Computers (RCs)),10.1103/physrevlett.120.024102,Pathak,2018,Model-Free Prediction of Large Spatiotemporally Chaotic Systems from Data: A Reservoir Computing Approach,Reservoir Computers (RCs),YVM5FGTQ,groups/735051
OUT-OF-SCOPE (Revision),10.1126/scirobotics.aar7650,Yang,2018,The grand challenges of Science Robotics,Revision,Q9K9HU8T,groups/735051
OUT-OF-SCOPE (Revision),10.1002/9781118873397.ch14,Buschmann,2017,Bio-inspired Robot Locomotion,Revision,ZX82CIE6,groups/735051
OUT-OF-SCOPE (Revision),10.1137/s0036144504445133,Holmes,2006,"The Dynamics of Legged Locomotion: Models, Analyses, and Challenges",Revision,HP9JNHHP,groups/735051
OUT-OF-SCOPE (Revision),10.1115/1.4042626,Yun,2019,Cockroach Milli-Robot With Improved Load Capacity,Revision,WKEMWY2R,groups/735051
OUT-OF-SCOPE (Revision),10.1016/j.sna.2004.10.024,Wood,2005,Optimal energy density piezoelectric bending actuators,Revision,G2Q74VV7,groups/735051
OUT-OF-SCOPE (Revision),10.1242/jeb.02486,Autumn,2006,Frictional adhesion: a new angle on gecko attachment,Revision,IT9JQYF9,groups/735051
OUT-OF-SCOPE (Revision),10.1073/pnas.0608841103,Tian,2006,Adhesion and friction in gecko toe attachment and detachment,Revision,RFCXTSP3,groups/735051
OUT-OF-SCOPE (Revision),10.1073/pnas.192252799,Autumn,2002,Evidence for van der Waals adhesion in gecko setae,Revision,3LRSCBAB,groups/735051
OUT-OF-SCOPE (Revision),10.1002/adma.202003139,Ilami,2021,"Materials, Actuators, and Sensors for Soft Bioinspired Robots",Revision,TMQ8KE3Y,groups/735051
OUT-OF-SCOPE (Revision),10.1126/scirobotics.abl6334,de Croon,2022,Insect-inspired AI for autonomous robots,Revision,SBKIR97U,groups/735051
OUT-OF-SCOPE (Revision),10.1126/scirobotics.aao5619,Chen,2017,"A biologically inspired, flapping-wing, hybrid aerial-aquatic microrobot",Revision,44DYD65H,groups/735051
OUT-OF-SCOPE (Revision),10.3390/app10238607,Mo,2020,Jumping Locomotion Strategies: From Animals to Bioinspired Robots,Revision,AEIUHI5X,groups/735051
OUT-OF-SCOPE (Revision),10.1088/1748-3182/9/1/011001,Lock,2013,Multi-modal locomotion: from animal to application,Revision,6WZPAYEK,groups/735051
OUT-OF-SCOPE (Revision),10.1038/s41467-019-11198-6,Dutta,2019,Programmable coupled oscillators for synchronized locomotion,Revision,NGH9QB49,groups/735051
OUT-OF-SCOPE (Revision),10.1177/0278364915593793,Gong,2016,Kinematic gait synthesis for snake robots,Revision,U3UV3MQC,groups/735051
OUT-OF-SCOPE (Revision),10.1088/1748-3190/10/2/020301,Low,2015,Perspectives on biologically inspired hybrid and multi-modal locomotion,Revision,XJ2R96WE,groups/735051
OUT-OF-SCOPE (Revision),10.1109/tmech.2012.2210239,Onal,2013,An Origami-Inspired Approach to Worm Robots,Revision,5J4ELUL8,groups/735051
OUT-OF-SCOPE (Revision),10.1016/j.tibtech.2013.03.002,Kim,2013,Soft robotics: a bioinspired evolution in robotics,Revision,QTZKQRJJ,groups/735051
OUT-OF-SCOPE (Revision),10.1109/tro.2014.2365651,Kim,2014,Wheel Transformer: A Wheel-Leg Hybrid Robot With Passive Transformable Wheels,Revision,IRJR7IBJ,groups/735051
OUT-OF-SCOPE (Revision),10.1126/scirobotics.aan3028,Hawkes,2017,A soft robot that navigates its environment through growth,Revision,QGYW53NA,groups/735051
OUT-OF-SCOPE (Revision),10.1088/1748-3190/aa8448,Fang,2017,Origami-based earthworm-like locomotion robots,Revision,XIABD9DB,groups/735051
OUT-OF-SCOPE (Robot Research),10.1109/robot.1997.620037,Pratt,1997,Virtual model control of a bipedal walking robot,Robot Research,FVRRMNEF,groups/735051
OUT-OF-SCOPE (Robot Research),10.1109/robot.2009.5152423,Hoffmann,2009,Biologically-inspired dynamical systems for movement generation: Automatic real-time goal adaptation and obstacle avoidance,Robot Research,KG4LBIQX,groups/735051
OUT-OF-SCOPE (Robot Research),10.1016/j.procs.2016.04.080,Roy,2016,Trajectory Path Planning of EEG Controlled Robotic Arm Using GA,Robot Research,VJMPTA3H,groups/735051
OUT-OF-SCOPE (Robot Research),10.1016/s0921-8890(01)00155-5,Billard,2001,Learning human arm movements by imitation:: Evaluation of a biologically inspired connectionist architecture,Robot Research,ZTPR4VDT,groups/735051
OUT-OF-SCOPE (Robot Research),10.1109/robot.2006.1641977,Arimoto,2006,Human-like movements of robotic arms with redundant DOFs: virtual spring-damper hypothesis to tackle the Bernstein problem,Robot Research,YR8M5EQG,groups/735051
OUT-OF-SCOPE (Robot Research),10.1109/iros.2006.282591,Kim,2006,Human-like Arm Motion Generation for Humanoid Robots Using Motion Capture Database,Robot Research,TA8EZCS9,groups/735051
OUT-OF-SCOPE (Robot Research),10.1109/amc.2008.4516144,Lombai,2008,Trajectory tracking control of a 6-degree-of-freedom robot arm using nonlinear optimization,Robot Research,KXTTBKBI,groups/735051
OUT-OF-SCOPE (Robot Research),10.1109/icra.2014.6907180,Khatib,2014,SupraPeds: Humanoid contact-supported locomotion for 3D unstructured environments,Robot Research,AKBASI8C,groups/735051
OUT-OF-SCOPE (Robot Research),10.12700/aph.13.1.2016.1.15,Ficuciello,2016,Impedance control of redundant manipulators for safe human-robot collaboration,Robot Research,LKNQSTEZ,groups/735051
OUT-OF-SCOPE (Robot Research),10.1080/00207179.2016.1264630,Satici,2016,Intrinsic dynamics and total energy-shaping control of the ballbot system,Robot Research,XS2M7GUK,groups/735051
OUT-OF-SCOPE (Robot Research),10.1155/2016/5720163,Almusawi,2016,A New Artificial Neural Network Approach in Solving Inverse Kinematics of Robotic Arm (Denso VP6242),Robot Research,ZQZ95G66,groups/735051
OUT-OF-SCOPE (Robot Research),10.1109/ijcnn.2010.5596525,Bouganis,2010,Training a Spiking Neural Network to Control a 4-DoF Robotic Arm based on Spike Timing-Dependent Plasticity,Robot Research,NAPHLUU2,groups/735051
OUT-OF-SCOPE (Robot Research),10.1109/humanoids.2015.7363489,Park,2015,Parallel cartesian planning in dynamic environments using constrained trajectory planning,Robot Research,QLFBTC2Z,groups/735051
OUT-OF-SCOPE (Robot Research),10.1007/s00221-017-4890-y,Li,2017,From reaching to reach-to-grasp: the arm posture difference and its implications on human motion control strategy,Robot Research,WJJBZL2N,groups/735051
OUT-OF-SCOPE (Robot Research),10.1007/s10015-004-0334-4,Imajo,2005,Application of a neural network to the generation of a robot arm trajectory,Robot Research,URGWYSV2,groups/735051
OUT-OF-SCOPE (Robot Research;Winter 2023),10.1109/iecon.1998.723003,Ohishi,1998,Robust motion control with autonomous consideration algorithm of joint torque saturation,Robot Research;Winter 2023,S5G6M4AL,groups/735051
OUT-OF-SCOPE (Robot Research;week 7),10.1109/jsyst.2014.2342292,Savsani,2014,Comparative Study of Different Metaheuristics for the Trajectory Planning of a Robotic Arm,Robot Research;week 7,UGTNC7MB,groups/735051
OUT-OF-SCOPE (Robotics\Planes;Turbulence),10.1109/icra.2016.7487491,Ramezani,2016,"Bat Bot (B2), a biologically inspired flying machine",Robotics\Planes;Turbulence,TB6UNXDB,groups/735051
OUT-OF-SCOPE (Robots),10.1016/j.conengprac.2010.11.008,Treesatayapun,2011,A discrete-time stable controller for an omni-directional mobile robot based on an approximated model,Robots,4KJIIW6F,groups/735051
OUT-OF-SCOPE (SNS Crashcourse;references_Lutz_thesis),10.3390/biomimetics8020247,Nourse,2023,SNS-Toolbox: An Open Source Tool for Designing Synthetic Nervous Systems and Interfacing Them with Cyber–Physical Systems,SNS Crashcourse;references_Lutz_thesis,9BJD3V9I,groups/735051
OUT-OF-SCOPE (Safe Motor Learning),10.7275/7529913.0,Thomas,,Safe Reinforcement Learning,Safe Motor Learning,VIRDQ9JN,groups/735051
OUT-OF-SCOPE (Safe Motor Learning),10.1109/tac.2020.3024161,Zanon,2021,Safe Reinforcement Learning Using Robust MPC,Safe Motor Learning,8WRU58JG,groups/735051
OUT-OF-SCOPE (Safe Motor Learning),10.23919/acc.2018.8430770,Li,2018,Safe Reinforcement Learning: Learning with Supervision Using a Constraint-Admissible Set,Safe Motor Learning,YH2275WG,groups/735051
OUT-OF-SCOPE (Safe Motor Learning),10.1109/icra.2019.8793611,Lutjens,2019,Safe Reinforcement Learning With Model Uncertainty Estimates,Safe Motor Learning,T8T8VZK5,groups/735051
OUT-OF-SCOPE (Safe Motor Learning),10.1609/aaai.v33i01.33013387,Cheng,2019,End-to-End Safe Reinforcement Learning through Barrier Functions for Safety-Critical Continuous Control Tasks,Safe Motor Learning,P5L55CNW,groups/735051
OUT-OF-SCOPE (Safe Motor Learning),10.1109/lra.2021.3070252,Thananjeyan,2021,Recovery RL: Safe Reinforcement Learning With Learned Recovery Zones,Safe Motor Learning,M3KQPDQU,groups/735051
OUT-OF-SCOPE (Safe Motor Learning),10.1145/3310090,García,2019,Probabilistic Policy Reuse for Safe Reinforcement Learning,Safe Motor Learning,IKIJ9LVR,groups/735051
OUT-OF-SCOPE (Safe Motor Learning),10.3929/ethz-b-000370833,Berkenkamp,2019,Safe Exploration in Reinforcement Learning: Theory and Applications in Robotics,Safe Motor Learning,HVCNZIZR,groups/735051
OUT-OF-SCOPE (Safe Motor Learning),10.1109/cdc.2018.8619572,Koller,2018,Learning-Based Model Predictive Control for Safe Exploration,Safe Motor Learning,7TBWV3QW,groups/735051
OUT-OF-SCOPE (Soft),10.1017/s0263574724000961,Yu,2024,Joint angle synergy-based humanoid robot motion generation with fascia-inspired nonlinear constraints,Soft,UNFV27Y6,groups/735051
OUT-OF-SCOPE (Soft),10.1109/mra.2008.927979,Albu-Schaffer,2008,Soft robotics,Soft,RM3AFXD7,groups/735051
OUT-OF-SCOPE (Soft),10.1109/iros.2004.1389925,Albu-Schaffer,2004,"Soft robotics: what Cartesian stiffness can obtain with passively compliant, uncoupled joints?",Soft,7JBCWGS8,groups/735051
OUT-OF-SCOPE (Soft),10.1126/scirobotics.aah3690,Laschi,2016,Soft robotics: Technologies and systems pushing the boundaries of robot abilities,Soft,7LU49F9G,groups/735051
OUT-OF-SCOPE (Soft),10.1016/j.device.2024.100432,Raman,2024,Soft robotics for human health,Soft,NDIRGCHP,groups/735051
OUT-OF-SCOPE (Spiking Neural Networks (SNNs)),10.1162/neco.1997.9.2.279,Maass,1997,Fast Sigmoidal Networks via Spiking Neurons,Spiking Neural Networks (SNNs),KLR8QEK3,groups/735051
OUT-OF-SCOPE (Spiking Neural Networks (SNNs)),10.1016/j.neunet.2018.12.002,Tavanaei,2019,Deep learning in spiking neural networks,Spiking Neural Networks (SNNs),ZBVFLK7D,groups/735051
OUT-OF-SCOPE (Spiking Neural Networks (SNNs)),10.1145/3409964.3461813,Aimone,2021,Provable Advantages for Graph Algorithms in Spiking Neural Networks,Spiking Neural Networks (SNNs),AVXWMSHW,groups/735051
OUT-OF-SCOPE (Spiking Neural Networks (SNNs)),10.1007/978-3-030-25719-4_71,Samsonovich,2020,Closed Loop Control of a Compliant Quadruped with Spiking Neural Networks,Spiking Neural Networks (SNNs),98A85RHB,groups/735051
OUT-OF-SCOPE (Spiking Neural Networks (SNNs)),10.3389/fnins.2021.638474,Guo,2021,Neural Coding in Spiking Neural Networks: A Comparative Study for Robust Neuromorphic Systems,Spiking Neural Networks (SNNs),ZWWT44CB,groups/735051
OUT-OF-SCOPE (Spiking Neural Networks (SNNs)),10.1016/s0925-2312(01)00658-0,Bohte,2002,Error-backpropagation in temporally encoded networks of spiking neurons,Spiking Neural Networks (SNNs),PIJF4QTW,groups/735051
OUT-OF-SCOPE (Spiking Neural Networks (SNNs)),10.1126/science.275.5297.213,Markram,1997,Regulation of Synaptic Efficacy by Coincidence of Postsynaptic APs and EPSPs,Spiking Neural Networks (SNNs),8UCTYAZL,groups/735051
OUT-OF-SCOPE (Spiking Neural Networks (SNNs)),10.1162/089976600300015844,Kistler,2000,Modeling Synaptic Plasticity in Conjunction with the Timing of Pre- and Postsynaptic Action Potentials,Spiking Neural Networks (SNNs),TCJ4VS2P,groups/735051
OUT-OF-SCOPE (Spiking Neural Networks (SNNs)),10.1142/s0129065720500276,Kheradpisheh,2020,S4NN: temporal backpropagation for spiking neural networks with one spike per neuron,Spiking Neural Networks (SNNs),Z7MB386T,groups/735051
OUT-OF-SCOPE (Spiking Neural Networks (SNNs)),10.3389/fnins.2016.00508,Lee,2016,Training Deep Spiking Neural Networks Using Backpropagation,Spiking Neural Networks (SNNs),YG3E6UIF,groups/735051
OUT-OF-SCOPE (Spiking Neural Networks (SNNs)),10.1162/neco_a_01086,Zenke,2018,SuperSpike: Supervised Learning in Multilayer Spiking Neural Networks,Spiking Neural Networks (SNNs),WQ2CBH5P,groups/735051
OUT-OF-SCOPE (Spiking Neural Networks (SNNs)),10.1162/neco.2009.11-08-901,Ponulak,2010,"Supervised Learning in Spiking Neural Networks with ReSuMe: Sequence Learning, Classification, and Spike Shifting",Spiking Neural Networks (SNNs),RDRA5DBU,groups/735051
OUT-OF-SCOPE (Spiking Neural Networks (SNNs)),10.1609/aaai.v33i01.33011311,Wu,2019,"Direct Training for Spiking Neural Networks: Faster, Larger, Better",Spiking Neural Networks (SNNs),B5FKTNNJ,groups/735051
OUT-OF-SCOPE (Spiking Neural Networks (SNNs)),10.1109/tnnls.2020.3044364,Cramer,2020,The Heidelberg Spiking Data Sets for the Systematic Evaluation of Spiking Neural Networks,Spiking Neural Networks (SNNs),8J9T3PA6,groups/735051
OUT-OF-SCOPE (Spiking Neural Networks (SNNs)),10.3389/fnins.2019.00095,Sengupta,2019,Going Deeper in Spiking Neural Networks: VGG and Residual Architectures,Spiking Neural Networks (SNNs),426S8WUS,groups/735051
OUT-OF-SCOPE (Spiking Neural Networks (SNNs)),10.3389/fnins.2020.00551,Kreiser,2020,An On-chip Spiking Neural Network for Estimation of the Head Pose of the iCub Robot,Spiking Neural Networks (SNNs),QT7LLACB,groups/735051
OUT-OF-SCOPE (Spiking Neural Networks (SNNs)),10.3389/fncom.2010.00019,Shouval,2010,Spike timing dependent plasticity: a consequence of more fundamental learning rules,Spiking Neural Networks (SNNs),RIRTRYPR,groups/735051
OUT-OF-SCOPE (Spiking Neural Networks (SNNs)),10.13140/rg.2.2.15438.77128,Voelker,2017,Analysis of oscillatory weight changes from online learning with filtered spiking feedback,Spiking Neural Networks (SNNs),NL5Q8V52,groups/735051
OUT-OF-SCOPE (Spiking Neural Networks (SNNs)),10.1101/738385,Bellec,2019,A solution to the learning dilemma for recurrent networks of spiking neurons,Spiking Neural Networks (SNNs),LKYYSTGC,groups/735051
OUT-OF-SCOPE (Steele ASME;Steele LM18),10.1109/robot.2005.1570404,Collins,2005,A Bipedal Walking Robot with Efficient and Human-Like Gait,Steele LM18;Steele ASME,NCCEITEF,groups/735051
OUT-OF-SCOPE (Steele ASME;Steele Thesis),10.1016/j.jot.2017.12.002,Fajar,2018,Hip geometry and femoral neck fractures: A meta-analysis,Steele Thesis;Steele ASME,D8MKTEXW,groups/735051
OUT-OF-SCOPE (Steele LM17),dx.doi.org/10.1016/s0021-9290(98)80015-8,Kavanagh,1998,The influence of slip ratios in contemporary TKR on the wear of ultra-high molecular weight polyethylene (UHMWPE): An experimental view,Steele LM17,ST4W9UMD,groups/735051
OUT-OF-SCOPE (Steele LM17),10.1016/j.mporth.2010.03.005,Masouros,2010,Biomechanics of the knee joint,Steele LM17,KH3P9WD8,groups/735051
OUT-OF-SCOPE (Steele LM17),dx.doi.org/10.1016/s1350-4533(96)00031-8,"Ling,",1997,Analytical study on the kinematic and dynamic behaviors of a knee joint,Steele LM17,AG6M5ES6,groups/735051
OUT-OF-SCOPE (Steele LM17),10.1002/ar.21458,Sylvester,2011,The Effective Mechanical Advantage of A.L. 129-1a for Knee Extension,Steele LM17,RRQNTIPF,groups/735051
OUT-OF-SCOPE (Steele LM17),10.1115/1.4026228,Carey,2014,"Subject-Specific Finite Element Modeling of the Tibiofemoral Joint Based on CT, Magnetic Resonance Imaging and Dynamic Stereo-Radiography Data in Vivo",Steele LM17,HZCFW6QU,groups/735051
OUT-OF-SCOPE (Steele LM17),10.1007/978-1-4419-7892-9_2,McCarthy,2011,Geometric Design of Linkages,Steele LM17,7GB7BNHE,groups/735051
OUT-OF-SCOPE (Steele LM18),10.1007/978-3-319-95972-6_48,Vouloutsi,2018,Braided Pneumatic Actuators as a Variable Stiffness Approximation of Synovial Joints,Steele LM18,G3AHSMQM,groups/735051
OUT-OF-SCOPE (Steele LM18),10.1115/1.4029705,Krishnan,2015,Kinematics of a Generalized Class of Pneumatic Artificial Muscles,Steele LM18,2BBDSIFL,groups/735051
OUT-OF-SCOPE (Steele LM18),10.1109/acc.2005.1470036,Hildebrandt,2005,Cascaded control concept of a robot with two degrees of freedom driven by four artificial pneumatic muscle actuators,Steele LM18,YBL8AWSA,groups/735051
OUT-OF-SCOPE (Steele LM18),10.1016/j.robot.2017.10.010,Al-Fahaam,2018,The design and mathematical modelling of novel extensor bending pneumatic artificial muscles (EBPAMs) for soft exoskeletons,Steele LM18,IWQZJNGI,groups/735051
OUT-OF-SCOPE (Steele LM18),10.1007/bf00384690,Horn,1988,Strength and stiffness of a reinforced flexible hose,Steele LM18,YFCVX82L,groups/735051
OUT-OF-SCOPE (Steele LM18),10.3390/act6040032,Al-Ibadi,2017,Efficient Structure-Based Models for the McKibben Contraction Pneumatic Muscle Actuator: The Full Description of the Behaviour of the Contraction PMA,Steele LM18,6GECIGM3,groups/735051
OUT-OF-SCOPE (Steele LM18),10.1109/tro.2015.2428504,Polygerinos,2015,Modeling of Soft Fiber-Reinforced Bending Actuators,Steele LM18,4KPHCIXT,groups/735051
OUT-OF-SCOPE (Steele LM18),10.1016/j.jbiomech.2010.01.010,Anderson,2010,Effects of Idealized Joint Geometry on Finite Element Predictions of Cartilage Contact Stresses in the Hip,Steele LM18,8RY5U4SS,groups/735051
OUT-OF-SCOPE (Steele LM18),10.1007/bfb0035216,Khatib,1997,Stiffness isn't everything,Steele LM18,W7R876E4,groups/735051
OUT-OF-SCOPE (Steele LM18),10.1098/rspb.2006.3637,Geyer,2006,Compliant leg behaviour explains basic dynamics of walking and running,Steele LM18,NVRYUZG6,groups/735051
OUT-OF-SCOPE (Steele LM18),10.1109/robot.2007.364088,Iida,2007,Bipedal Walking and Running with Compliant Legs,Steele LM18,FGD6FCQY,groups/735051
OUT-OF-SCOPE (Steele LM18),10.1088/1748-3182/7/4/041001,Zhou,2012,A survey of bio-inspired compliant legged robot designs,Steele LM18,M3ZSL57P,groups/735051
OUT-OF-SCOPE (Steele LM18),10.1016/j.robot.2007.12.001,Iida,2009,Toward a human-like biped robot with compliant legs,Steele LM18,U4YVGHZJ,groups/735051
OUT-OF-SCOPE (Steele LM18),10.1113/jp271137,Sakanaka,2016,Sway-dependent changes in standing ankle stiffness caused by muscle thixotropy: Sway history and intrinsic ankle stiffness,Steele LM18,3ETVUWBW,groups/735051
OUT-OF-SCOPE (Steele LM18),10.1109/embc.2015.7319940,Guarin,2015,Time-varying identification of ankle dynamic joint stiffness during movement with constant muscle activation,Steele LM18,D39TJU69,groups/735051
OUT-OF-SCOPE (Steele LM18),10.1504/ijecb.2015.067681,Chitsazan,2015,Assessment of stress distribution in ankle joint: simultaneous application of experimental and finite element methods,Steele LM18,GIHKUMXM,groups/735051
OUT-OF-SCOPE (Steele LM18),10.1002/jor.21435,Elkins,2011,The capsule's contribution to total hip construct stability - A finite element analysis,Steele LM18,RTXR9XZY,groups/735051
OUT-OF-SCOPE (Steele LM18),10.1016/j.arthro.2007.08.024,Martin,2008,The Function of the Hip Capsular Ligaments: A Quantitative Report,Steele LM18,JDSPYRCK,groups/735051
OUT-OF-SCOPE (Steele LM18),10.1016/s0021-9290(02)00091-x,Stewart,2002,Spatial distribution of hip capsule structural and material properties,Steele LM18,YVZYTY5H,groups/735051
OUT-OF-SCOPE (Steele LM18),10.1016/s0736-0266(00)00035-8,Hewitt,2001,Regional material properties of the human hip joint capsule ligaments,Steele LM18,T7P8RDHF,groups/735051
OUT-OF-SCOPE (Steele TAROS18),10.1088/1748-3190/aad39d,Russell,2018,A biomimicking design for mechanical knee joints,Steele TAROS18,PUYC8LDV,groups/735051
OUT-OF-SCOPE (Steele TAROS18),10.1088/1748-3182/8/2/026002,Azizi,2013,Variable gearing in a biologically inspired pneumatic actuator array,Steele TAROS18,5KGW9ANL,groups/735051
OUT-OF-SCOPE (Steele TAROS18),10.1371/ journal.pone.0115670,Cleather,2014,"On the Role of the Patella, ACL and Joint Contact Forces in the Extension of the Knee",Steele TAROS18,Q2L2INGQ,groups/735051
OUT-OF-SCOPE (Steele TAROS18),10.1016/j.robot.2013.12.001,Hobon,2014,Quasi optimal sagittal gait of a biped robot with a new structure of knee joint,Steele TAROS18,A93U964E,groups/735051
OUT-OF-SCOPE (Steele TAROS18),10.1109/aim.2017.8013997,Liu,2017,Design and control of a pneumatic-driven biomimetic knee joint for biped robot,Steele TAROS18,ATGPE5IY,groups/735051
OUT-OF-SCOPE (Steele Thesis),10.1111/joa.12041,Pietak,2013,Fundamental ratios and logarithmic periodicity in human limb bones,Steele Thesis,XVSNXSGT,groups/735051
OUT-OF-SCOPE (Steele Thesis),10.1002/jmri.25526,Ripley,2017,3D printing from MRI Data: Harnessing strengths and minimizing weaknesses,Steele Thesis,FE72U4WC,groups/735051
OUT-OF-SCOPE (Steele Thesis),10.1080/03093640802016514,Deans,2008,Physical activity and quality of life: A study of a lower-limb amputee population,Steele Thesis,KG5S9W5R,groups/735051
OUT-OF-SCOPE (Steele Thesis),10.1177/0309364610397087,Sinha,2011,Factors affecting quality of life in lower limb amputees,Steele Thesis,7G4Z5BEL,groups/735051
OUT-OF-SCOPE (Steele Thesis),10.1016/s0021-9290(05)80008-9,Scott,1993,Biomechanical model of the human foot: Kinematics and kinetics during the stance phase of walking,Steele Thesis,LTCS2PHV,groups/735051
OUT-OF-SCOPE (Steele Thesis),10.1177/03635465990270050701,Kaufman,1999,The Effect of Foot Structure and Range of Motion on Musculoskeletal Overuse Injuries,Steele Thesis,DDGUCKH6,groups/735051
OUT-OF-SCOPE (Steele Thesis),10.1115/1.1318904,Gefen,2000,Biomechanical Analysis of the Three-Dimensional Foot Structure During Gait: A Basic Tool for Clinical Applications,Steele Thesis,JFR22B6V,groups/735051
OUT-OF-SCOPE (Steele Thesis),10.1002/ajpa.22636,Griffin,2015,"Understanding the evolution of the windlass mechanism of the human foot from comparative anatomy: Insights, obstacles, and future directions",Steele Thesis,2ZUAEB6J,groups/735051
OUT-OF-SCOPE (Steele Thesis),10.1016/j.maturitas.2014.07.019,Tomassoni,2014,Gender and age related differences in foot morphology,Steele Thesis,NDE5PY3M,groups/735051
OUT-OF-SCOPE (Steele Thesis),10.1016/j.jbiomech.2014.06.010,Van den Herrewegen,2014,Dynamic 3D scanning as a markerless method to calculate multi-segment foot kinematics during stance phase: Methodology and first application,Steele Thesis,6DITYICY,groups/735051
OUT-OF-SCOPE (Steele Thesis),10.1186/1757-1146-7-8,Leardini,2014,"Biomechanics of the natural, arthritic, and replaced human ankle joint",Steele Thesis,8HFS3PRX,groups/735051
OUT-OF-SCOPE (Steele Thesis),10.1007/s00167-016-4059-4,Golanó,2016,Anatomy of the ankle ligaments: a pictorial essay,Steele Thesis,V6NYF7YN,groups/735051
OUT-OF-SCOPE (Steele Thesis),10.1016/j.clinbiomech.2005.09.004,Monaghan,2006,Ankle function during gait in patients with chronic ankle instability compared to controls,Steele Thesis,MKWEC67T,groups/735051
OUT-OF-SCOPE (Steele Thesis),10.6028/nist.ir.8059,Forster,2015,Materials Testing Standards for Additive Manufacturing of Polymer Materials,Steele Thesis,J22TZ98P,groups/735051
OUT-OF-SCOPE (Steele Thesis),10.1007/s11999-010-1334-4,Kamath,2010,What is Varus or Valgus Knee Alignment? A Call for a Uniform Radiographic Classification,Steele Thesis,MECRNH6U,groups/735051
OUT-OF-SCOPE (Steele Thesis),10.1177/0363546514562751,Parsons,2015,The Biomechanical Function of the Anterolateral Ligament of the Knee,Steele Thesis,4LVTV9PJ,groups/735051
OUT-OF-SCOPE (Steele Thesis),10.1088/1742-6596/772/1/012027,Crenna,2016,Instantaneous centre of rotation in human motion: measurement and computational issues,Steele Thesis,8UE93Z5W,groups/735051
OUT-OF-SCOPE (Steele Thesis),10.1016/j.jofri.2015.10.004 2212-4780,M.Ford,2015,Computed tomography slice thickness and its effects on three-dimensional reconstruction of anatomical structures,Steele Thesis,T6JW2LZ5,groups/735051
OUT-OF-SCOPE (SteeleASME2),10.2519/jospt.1991.13.2.71,Alderink,1991,"The sacroiliac joint: review of anatomy, mechanics, and function",SteeleASME2,Y885UPXL,groups/735051
OUT-OF-SCOPE (SteeleASME2),10.1007/s11999-013-3166-5,Jamali,2013,What Is Normal Femoral Head/Neck Anatomy? An Analysis of Radial CT Reconstructions in Adolescents,SteeleASME2,QUNTW8P6,groups/735051
OUT-OF-SCOPE (SteeleASME2),10.1109/iros.2016.7759377,Asano,2016,Human mimetic foot structure with multi-DOFs and multi-sensors for musculoskeletal humanoid Kengoro,SteeleASME2,VAZB2RA6,groups/735051
OUT-OF-SCOPE (SteeleASME2),10.1109/iros.2010.5649683,Urata,2010,Design of high torque and high speed leg module for high power humanoid,SteeleASME2,WKUZMUBU,groups/735051
OUT-OF-SCOPE (SteeleASME2),10.1109/humanoids.2015.7363459,Kojima,2015,Development of life-sized high-power humanoid robot JAXON for real-world use,SteeleASME2,Q2KQ8CI8,groups/735051
OUT-OF-SCOPE (SteeleASME2),10.1109/humanoids.2016.7803376,Asano,2016,Human mimetic musculoskeletal humanoid Kengoro toward real world physically interactive actions,SteeleASME2,ISSVQF7N,groups/735051
OUT-OF-SCOPE (SteeleASME2),10.1620/tjem.171.203,Itoi,1993,Capsular Properties of the Shoulder.,SteeleASME2,EB2TABLJ,groups/735051
OUT-OF-SCOPE (SteeleASME2),10.1142/s0219519412004454,Heger,2012,A quasi-linear viscoelastic model for the passive properties of the human hip joint,SteeleASME2,2W4Q7EFT,groups/735051
OUT-OF-SCOPE (SteeleASME2),10.1016/s0021-9290(99)00009-3,Riener,1999,Identification of passive elastic joint moments in the lower extremities,SteeleASME2,9UZBXUTZ,groups/735051
OUT-OF-SCOPE (SteeleASME2),10.5772/55443,Nakanishi,2013,Design Approach of Biologically-Inspired Musculoskeletal Humanoids,SteeleASME2,YRRPUWBR,groups/735051
OUT-OF-SCOPE (SteeleASME2),10.3109/10929080802594563,Anglin,2008,In vivo patellar kinematics during total knee arthroplasty,SteeleASME2,XL38J6VW,groups/735051
OUT-OF-SCOPE (SteeleASME2),10.1557/jmr.2013.332,Chen,2013,Annealing-induced crystalline structure and mechanical property changes of polypropylene random copolymer,SteeleASME2,MVE6G4GD,groups/735051
OUT-OF-SCOPE (SteeleASME2),10.1109/iros.2010.5650414,Hashimoto,2010,A study of function of foot's medial longitudinal arch using biped humanoid robot,SteeleASME2,TSS4UESY,groups/735051
OUT-OF-SCOPE (SteeleASME2),10.5603/fm.a2017.0049,Gwani,2017,How the three arches of the foot intercorrelate,SteeleASME2,NA7HFTLT,groups/735051
OUT-OF-SCOPE (SteeleASME2),10.1109/embc.2017.8036765,Amiri,2017,Ankle intrinsic stiffness is modulated by postural sway,SteeleASME2,VRMQCMQH,groups/735051
OUT-OF-SCOPE (SteeleASME2),10.3109/17453678208992202,Roaas,1982,"Normal Range of Motion of the Hip, Knee and Ankle Joints in Male Subjects, 30–40 Years of Age",SteeleASME2,S7ENECPQ,groups/735051
OUT-OF-SCOPE (SteeleASME2),10.1111/j.1365-2516.2010.02399.x,Soucie,2011,Range of motion measurements - Reference values and a database for comparison studies,SteeleASME2,E48JSM4P,groups/735051
OUT-OF-SCOPE (SteeleASME2),10.1016/j.otsr.2011.08.015,Kouyoumdjian,2012,Clinical evaluation of hip joint rotation range of motion in adults,SteeleASME2,LNH4IM8A,groups/735051
OUT-OF-SCOPE (SteeleASME2),10.1109/embc.2016.7592105,Hui-Hui Wu,2016,Hip joint geometry effects on cartilage contact stresses during a gait cycle,SteeleASME2,6FJ9H7PP,groups/735051
OUT-OF-SCOPE (SteeleASME2),10.1371/journal.pone.0149480,Hartel,2016,Determination of Femoral Neck Angle and Torsion Angle Utilizing a Novel Three-Dimensional Modeling and Analytical Technology Based on CT Datasets,SteeleASME2,VAJW9XI5,groups/735051
OUT-OF-SCOPE (SteeleASME2),10.1371/journal.pone.0178540,Bücking,2017,From medical imaging data to 3D printed anatomical models,SteeleASME2,VGIIPALF,groups/735051
OUT-OF-SCOPE (SteeleASME2),10.1016/j.mporth.2016.04.015,Brockett,2016,Biomechanics of the ankle,SteeleASME2,SRSQWKGZ,groups/735051
OUT-OF-SCOPE (SteeleASME2),10.5772/56926,Kim,2013,Work analysis of compliant leg mechanisms for bipedal walking robots,SteeleASME2,W5LQY7DS,groups/735051
OUT-OF-SCOPE (SteeleASME2),10.1115/1.4028168,Burgess,2014,Performance Maps for a Bio-Inspired Robotic Condylar Hinge Joint,SteeleASME2,ZKAKAVDX,groups/735051
OUT-OF-SCOPE (SteeleASME2),10.1109/iros.2013.6697025,Asano,2013,Achievement of Twist Squat by Musculoskeletal Humanoid with Screw-Home Mechanism,SteeleASME2,KP4ESXS7,groups/735051
OUT-OF-SCOPE (SteeleASME2),10.1109/robio.2011.6181553,Asano,2011,Biomimetic Design of Musculoskeletal Humanoid Knee Joint with Patella and Screw-Home Mechanism,SteeleASME2,A7DJNZMX,groups/735051
OUT-OF-SCOPE (SteeleASME2),10.1007/s11517-015-1373-9,Ozada,2016,Biomechanical model of knee collateral ligament injury with six degrees of freedom,SteeleASME2,QRQSSKQY,groups/735051
OUT-OF-SCOPE (SteeleASME2),10.1109/iros.2016.7759335,Kozuki,2016,Skeletal Structure with Artificial Perspiration for Cooling by Latent Heat for Musculoskeletal Humanoid Kengoro,SteeleASME2,BQBYQAGZ,groups/735051
OUT-OF-SCOPE (SteeleASME2),10.1007/s11465-014-0306-x,Kumar,2015,Biomechanics of knee joint — A review,SteeleASME2,SBSXC9D9,groups/735051
OUT-OF-SCOPE (SteeleASME2),10.3390/jfmk2040034,Abulhasan,2017,Anatomy and Physiology of Knee Stability,SteeleASME2,PK52Y565,groups/735051
OUT-OF-SCOPE (SteeleASME2),10.1155/2013/717546,Hamai,2013,In Vivo Healthy Knee Kinematics during Dynamic Full Flexion,SteeleASME2,YF8Y569F,groups/735051
OUT-OF-SCOPE (SteeleASME2),10.3390/s17040713,Misgeld,2017,Model-Based Estimation of Ankle Joint Stiffness,SteeleASME2,FS2993XK,groups/735051
OUT-OF-SCOPE (SteeleASME2),10.1115/1.4033480,Pennestrì,2016,Modeling the Human Tibiofemoral Joint Using Ex Vivo Determined Compliance Matrices,SteeleASME2,8NX76ZPN,groups/735051
OUT-OF-SCOPE (SteeleASME2),07101/aim.007,Emami,2007,Q-angle: An Invaluable Parameter for Evaluation of Anterior Knee Pain,SteeleASME2,JFJA4AHX,groups/735051
OUT-OF-SCOPE (SteeleASME2),10.1080/13873954.2010.507094,Reichl,2010,Reconstructing the knee joint mechanism from kinematic data,SteeleASME2,E4X6LKTM,groups/735051
OUT-OF-SCOPE (SteeleASME2),10.1590/1413-78522014220600451,Sanchez,2014,Evaluation of Q angle in differents static postures,SteeleASME2,NZ3DVWNM,groups/735051
OUT-OF-SCOPE (SteeleASME2),10.1007/978-1-4612-5224-5_3,Harty,1984,The Anatomy of the Hip Joint,SteeleASME2,FZ2TVFXF,groups/735051
OUT-OF-SCOPE (SteeleASME2),10.1016/0021-9290(78)90010-6,Gottlieb,1978,Dependence of human ankle compliance on joint angle,SteeleASME2,WCAPVVK9,groups/735051
OUT-OF-SCOPE (SteeleASME2),10.1177/107110079801901109,Milner,1998,Anatomy of the Collateral Ligaments of the Human Ankle Joint,SteeleASME2,9X8KEG8A,groups/735051
OUT-OF-SCOPE (To Read List),10.1101/cshperspect.a029702,Enoka,2017,Rate Coding and the Control of Muscle Force,To Read List,3FQ22DME,groups/735051
OUT-OF-SCOPE (ToRead),10.7554/elife.59715,Mackwood,2021,Learning excitatory-inhibitory neuronal assemblies in recurrent networks,ToRead,V3IAH45D,groups/735051
OUT-OF-SCOPE (ToRead),10.1523/jneurosci.4188-12.2013,King,2013,Inhibitory Interneurons Decorrelate Excitatory Cells to Drive Sparse Code Formation in a Spiking Model of V1,ToRead,ECU3AVZM,groups/735051
OUT-OF-SCOPE (ToRead),10.1073/pnas.2509313122,Landis,2025,Lynn Landmesser (1943–2024): A pioneer in developmental neurobiology,ToRead,NMD82Q3M,groups/735051
OUT-OF-SCOPE (ToRead),10.7554/elife.55177,Blum,2020,Diverse and complex muscle spindle afferent firing properties emerge from multiscale muscle mechanics,ToRead,AL2G3Z7F,groups/735051
OUT-OF-SCOPE (Tunable Rotary Damper),10.1007/s11071-022-08094-y,Saeed,2023,"A review on nonlinear energy sinks: designs, analysis and applications of impact and rotary types",Tunable Rotary Damper,G8WSRXP7,groups/735051
OUT-OF-SCOPE (Tunable Rotary Damper),10.1155/2021/5089213,Kulke,2021,Design and Investigation of a Nonlinear Damper Based on Energy Dissipation through Shock and Dry Friction to Suppress Critical Self-Excited Vibrations in Drilling Systems,Tunable Rotary Damper,EFB9B9EV,groups/735051
OUT-OF-SCOPE (Tunable Rotary Damper),10.1061/(asce)0733-9399(2002)128:10(1072),Main,2002,Free Vibrations of Taut Cable with Attached Damper. II: Nonlinear Damper.,Tunable Rotary Damper,29CSI4DI,groups/735051
OUT-OF-SCOPE (Turbulence),10.1109/icuas.2016.7502575,Smith,2016,Disturbance observer based control for gust alleviation of a small fixed-wing UAS,Turbulence,M5BEDIYG,groups/735051
OUT-OF-SCOPE (Turbulence),10.1109/metroaerospace.2014.6865909,Marino,2014,Unsteady pressure measurements on a MAV wing for the design of a turbulence mitigation system,Turbulence,UIJZYCNW,groups/735051
OUT-OF-SCOPE (Turbulence),10.1017/s0001924000003973,Watkins,2010,An overview of experiments on the dynamic sensitivity of MAVs to turbulence,Turbulence,ZE3XR8A5,groups/735051
OUT-OF-SCOPE (Turbulence),10.5028/jatm.v8i1.564,Aldheeb,2016,A Review on Aerodynamics of Non-Flapping Bird Wings,Turbulence,RQYD2U4C,groups/735051
OUT-OF-SCOPE (Turbulence),10.1098/rsif.2017.0240,Chin,2017,Inspiration for wing design: how forelimb specialization enables active flight in modern vertebrates,Turbulence,Q29GJ9D2,groups/735051
OUT-OF-SCOPE (Turbulence),10.1002/(sici)1097-0029(19960701)34:4<313::aid-jemt4>3.0.co;2-p,Saxod,1996,Ontogeny of the cutaneous sensory organs,Turbulence,PS8UNCTL,groups/735051
OUT-OF-SCOPE (Turbulence),10.1073/pnas.1018740108,Sterbing-D'Angelo,2011,Bat wing sensors support flight control,Turbulence,PYNYXQD5,groups/735051
OUT-OF-SCOPE (Turbulence),10.1139/cjz-2015-0103,Altshuler,2015,"The biophysics of bird flight: functional relationships integrate aerodynamics, morphology, kinematics, muscles, and sensors",Turbulence,PGCNWK2Z,groups/735051
OUT-OF-SCOPE (Turbulence),10.1098/rsif.2014.0645,Reynolds,2014,Wing tucks are a response to atmospheric turbulence in the soaring flight of the steppe eagle Aquila nipalensis,Turbulence,LJ6RU2NU,groups/735051
OUT-OF-SCOPE (Turbulence),10.1016/s0006-8993(97)00253-9,Wild,1997,The avian somatosensory system: The pathway from wing to Wulst in a passerine (Chloris chloris),Turbulence,HSHFMUTM,groups/735051
OUT-OF-SCOPE (Turbulence),10.1016/j.jtbi.2008.06.011,Riskin,2008,Quantifying the complexity of bat wing kinematics,Turbulence,D266R3ZA,groups/735051
OUT-OF-SCOPE (Turbulence),10.1088/1741-2560/13/5/051001,Furber,2016,Large-scale neuromorphic computing systems,Turbulence,5TEFPJWN,groups/735051
OUT-OF-SCOPE (Turbulence),10.1016/j.celrep.2015.04.001,Marshall,2015,Somatosensory Substrates of Flight Control in Bats,Turbulence,378DE6Y3,groups/735051
OUT-OF-SCOPE (Vector Symbolic Architecture (VSA)),10.1007/s10462-021-10110-3,Schlegel,2021,A comparison of vector symbolic architectures,Vector Symbolic Architecture (VSA),HL2YGGRH,groups/735051
OUT-OF-SCOPE (Winter 2023),10.1109/lra.2018.2850971,Kim,2018,Soft Inflatable Sensing Modules for Safe and Interactive Robots,Winter 2023,KWPG2L6F,groups/735051
OUT-OF-SCOPE (Winter 2023),10.1109/lra.2019.2931273,Takaki,2019,Acoustic Length Sensor for Soft Extensible Pneumatic Actuators With a Frequency Characteristics Model,Winter 2023,5XTD7SNJ,groups/735051
OUT-OF-SCOPE (Winter 2023),10.1007/978-3-030-24741-6_15,Martinez-Hernandez,2019,Highly-Integrated Muscle-Spindles for Pneumatic Artificial Muscles Made from Conductive Fabrics,Winter 2023,J5XQC56J,groups/735051
OUT-OF-SCOPE (Winter 2023),10.3390/app122111024,Pietrala,2022,Design and Control of a Pneumatic Muscle Servo Drive Containing Its Own Pneumatic Muscles,Winter 2023,J6WS447A,groups/735051
OUT-OF-SCOPE (Zheng Thesis),10.1038/s41598-022-15421-1,Liu,,Stiffness estimation of planar spiral spring based on Gaussian process regression,Zheng Thesis,M42D6EUQ,groups/735051
OUT-OF-SCOPE (Zheng Thesis),10.1186/s12917-015-0631-2,Kano,2016,Kinetic and temporospatial gait parameters in a heterogeneous group of dogs,Zheng Thesis,UCUS6ITD,groups/735051
OUT-OF-SCOPE (references_Lutz_thesis),10.1007/bf02422059,Schopf,1986,Newly discovered early Archean (3.4–3.5 Ga Old) microorganisms from the Warrawoona Group of Western Australia,references_Lutz_thesis,CUARHRLZ,groups/735051
OUT-OF-SCOPE (references_Lutz_thesis),10.3389/fncom.2013.00164,Schwalger,2013,Patterns of interval correlations in neural oscillators with adaptation,references_Lutz_thesis,7YFXZ5RR,groups/735051
OUT-OF-SCOPE (week 7),10.1109/icra.2016.7487517,Pinto,2016,Supersizing self-supervision: Learning to grasp from 50K tries and 700 robot hours,week 7,3S5TZWYM,groups/735051
OUT-OF-SCOPE (week 7),10.1109/icra.2017.7989165,Zeng,2017,Multi-view self-supervised deep learning for 6D pose estimation in the Amazon Picking Challenge,week 7,8QEAP27H,groups/735051
Plasticity,10.1016/j.neucom.2007.12.020,Schrauwen,2008,Improving reservoirs using intrinsic plasticity,Plasticity;Reservoir Computers (RCs),4YF65VJJ,groups/735051
Plasticity,10.1007/11550822_11,Hutchison,2005,A Gradient Rule for the Plasticity of a Neuron’s Intrinsic Excitability,Plasticity,LBFTSLCC,groups/735051
Plasticity,10.1016/j.neucom.2019.03.032,Wang,2019,Echo state networks regulated by local intrinsic plasticity rules for regression,Plasticity;Reservoir Computers (RCs),26G3FSUY,groups/735051
Plasticity,10.1016/j.ins.2015.11.017,Yusoff,2016,Modeling neural plasticity in echo state networks for classification and regression,Plasticity;Reservoir Computers (RCs),8SKRX7TY,groups/735051
Plasticity,10.1007/978-3-540-74690-4_3,Hutchison,2007,Improving the Prediction Accuracy of Echo State Neural Networks by Anti-Oja’s Learning,Plasticity;Reservoir Computers (RCs),N9QZIJC2,groups/735051
Plasticity,10.1007/978-3-030-05587-5_15,Wang,2018,The Astrocytic Microdomain as a Generative Mechanism for Local Plasticity,Plasticity,K92DAKLG,groups/735051
Plasticity,10.1016/j.neucom.2020.05.127,Morales,2021,Unveiling the role of plasticity rules in reservoir computing,Plasticity;Reservoir Computers (RCs),PIYGMVWX,groups/735051
Proprioceptive Feedback,10.1152/physrev.1964.44.2.219,Matthews,1964,Muscle Spindles and Their Motor Control,Proprioceptive Feedback,D9NYJVGY,groups/735051
Proprioceptive Feedback,10.1162/neco.2008.12-07-680,Mihalaş,2009,A Generalized Linear Integrate-and-Fire Neural Model Produces Diverse Spiking Behaviors,Proprioceptive Feedback;Maybe Read?;references_Lutz_thesis,CPWAEC5K,groups/735051
Proprioceptive Feedback,10.3389/frvir.2021.557783,Labbe,2021,Proprioceptive Stimulation Added to a Walking Self-Avatar Enhances the Illusory Perception of Walking in Static Participants,Proprioceptive Feedback,4EMAIY84,groups/735051
Proprioceptive Feedback,10.1152/jn.00551.2015,Roden-Reynolds,2015,Hip proprioceptive feedback influences the control of mediolateral stability during human walking,Proprioceptive Feedback,FG6SXTAX,groups/735051
Proprioceptive Feedback,10.1016/j.jbiomech.2015.04.024,Hubbuch,2015,Proprioceptive feedback contributes to the adaptation toward an economical gait pattern,Proprioceptive Feedback,C5ZKWUUK,groups/735051
Proprioceptive Feedback,10.7554/elife.00231,Mendes,2013,Quantification of gait parameters in freely walking wild type and sensory deprived Drosophila melanogaster,Proprioceptive Feedback,9BRRW9JI,groups/735051
Proprioceptive Feedback,10.1145/3290605.3300905,Sra,2019,Adding Proprioceptive Feedback to Virtual Reality Experiences Using Galvanic Vestibular Stimulation,Proprioceptive Feedback,RI68M9LY,groups/735051
Proprioceptive Feedback,10.1162/pres_a_00190,Leonardis,2014,Multisensory Feedback Can Enhance Embodiment Within an Enriched Virtual Walking Scenario,Proprioceptive Feedback,YDL8YIDS,groups/735051
Proprioceptive Feedback,10.1109/mhs.2012.6492480,Hasegawa,2012,Pseudo-proprioceptive motion feedback by electric stimulation,Proprioceptive Feedback,TSTXZGW7,groups/735051
Proprioceptive Feedback,10.1242/jeb.067488,Fuchs,2012,Proprioceptive feedback reinforces centrally generated stepping patterns in the cockroach,Proprioceptive Feedback,VZ9F38IZ,groups/735051
Proprioceptive Feedback,10.3389/fnbot.2011.00003,Harischandra,2011,Sensory feedback plays a significant role in generating walking gait and in gait transition in salamanders: a simulation study,Proprioceptive Feedback,R4J2XKXT,groups/735051
Proprioceptive Feedback,10.1016/j.jphysparis.2012.06.001,Krause,2013,Central drive and proprioceptive control of antennal movements in the walking stick insect,Proprioceptive Feedback,7DF6JYJW,groups/735051
Proprioceptive Feedback,10.1097/jes.0b013e3182724bb0,Dean,2013,Proprioceptive Feedback and Preferred Patterns of Human Movement,Proprioceptive Feedback,XI89DIYM,groups/735051
Proprioceptive Feedback,10.2522/ptj.20110206,Lewek,2012,Use of Visual and Proprioceptive Feedback to Improve Gait Speed and Spatiotemporal Symmetry Following Chronic Stroke: A Case Series,Proprioceptive Feedback,QD6TP8D5,groups/735051
Proprioceptive Feedback,10.1186/1471-2202-12-s1-p158,Knuesel,2011,Effects of muscle dynamics and proprioceptive feedback on the kinematics and CPG activity of salamander stepping,Proprioceptive Feedback,IRX5WUBK,groups/735051
Proprioceptive Feedback,10.1007/s00221-007-0938-8,Maas,2007,The effects of self-reinnervation of cat medial and lateral gastrocnemius muscles on hindlimb kinematics in slope walking,Proprioceptive Feedback,UDU4DVIN,groups/735051
Proprioceptive Feedback,10.1007/s00221-006-0451-5,Mazzaro,2006,Afferent-mediated modulation of the soleus muscle activity during the stance phase of human walking,Proprioceptive Feedback,RIN8JZM4,groups/735051
Proprioceptive Feedback,10.1016/0006-8993(93)91131-b,Rossi-Durand,1993,Peripheral proprioceptive modulation in crayfish walking leg by serotonin,Proprioceptive Feedback,NCSIFLYR,groups/735051
Proprioceptive Feedback,10.1113/jphysiol.2007.130088,Grey,2007,Positive force feedback in human walking: Positive force feedback in human walking,Proprioceptive Feedback,BNJN4GIA,groups/735051
Proprioceptive Feedback,10.1152/jn.1992.67.3.530,Elson,1992,Identified proprioceptive afferents and motor rhythm entrainment in the crayfish walking system,Proprioceptive Feedback,22RM4EQK,groups/735051
Proprioceptive Feedback;Sensory Feedback,10.3389/fncom.2015.00154,Malik,2016,An Assessment of Six Muscle Spindle Models for Predicting Sensory Information during Human Wrist Movements,Proprioceptive Feedback;ToRead;Sensory Feedback,WBYEV8SQ,groups/735051
Proprioceptive Feedback;Sensory Feedback,10.1016/j.isci.2023.106248,Cimolato,2023,Symbiotic electroneural and musculoskeletal framework to encode proprioception via neurostimulation: ProprioStim,Proprioceptive Feedback;Sensory Feedback,RTS4ALPN,groups/735051
Proprioceptive Feedback;Sensory Feedback,10.1007/s00221-005-0325-2,Albert,2006,The Ia afferent feedback of a given movement evokes the illusion of the same movement when returned to the subject via muscle tendon vibration,Proprioceptive Feedback;ToRead;Sensory Feedback,8T2ALLAX,groups/735051
Proprioceptive Feedback;Sensory Feedback,10.1113/jphysiol.1964.sp007476,Crowe,1964,The effects of stimulation of static and dynamic fusimotor fibres on the response to stretching of the primary endings of muscle spindles,Proprioceptive Feedback;Sensory Feedback,EHZBDQNF,groups/735051
Proprioceptive Feedback;Sensory Feedback,10.1113/jphysiol.1977.sp011840,Hulliger,1977,Effects of combining static and dynamic fusimotor stimulation on the response of the muscle spindle primary ending to sinusoidal stretching.,Proprioceptive Feedback;Sensory Feedback,YZ6QWPSK,groups/735051
Proprioceptive Feedback;Sensory Feedback,10.1114/1.1433488,Lin,2002,Structural Model of the Muscle Spindle,Proprioceptive Feedback;ToRead;Sensory Feedback,KDTPAFGG,groups/735051
Proprioceptive Feedback;Sensory Feedback,10.3389/fncom.2014.00141,Niu,2014,Emulated muscle spindle and spiking afferents validates VLSI neuromorphic hardware as a testbed for sensorimotor function and disease,Proprioceptive Feedback;Sensory Feedback,8HPK5T36,groups/735051
Proprioceptive Feedback;Sensory Feedback,10.1088/1741-2560/13/1/016001,Schiefer,2016,Sensory feedback by peripheral nerve stimulation improves task performance in individuals with upper limb loss using a myoelectric prosthesis,Proprioceptive Feedback;Sensory Feedback,QHQX2U3E,groups/735051
Proprioceptive Feedback;Sensory Feedback,10.1371/journal.pone.0207659,Schiefer,2018,Artificial tactile and proprioceptive feedback improves performance and confidence on object identification tasks,Proprioceptive Feedback;Sensory Feedback,P89UG36Y,groups/735051
Proprioceptive Feedback;Sensory Feedback,10.1152/jn.00868.2005,Mileusnic,2006,Mathematical Models of Proprioceptors. I. Control and Transduction in the Muscle Spindle,Proprioceptive Feedback;ToRead;Sensory Feedback,3ANQZVGM,groups/735051
Quadruped,10.1109/iros45743.2020.9341361,Bouman,2020,Autonomous Spot: Long-Range Autonomous Exploration of Extreme Environments with Legged Locomotion,Quadruped,RJW37DJM,groups/735051
Quadruped,10.3389/fncom.2014.00027,Spröwitz,2014,Kinematic primitives for walking and trotting gaits of a quadruped robot with compliant legs,Quadruped;Hunt17LR Papers;Fall 22;references_Lutz_quadruped;Ben;Read,SENU454D,groups/735051
Quadruped,10.1177/0278364914532150,Hyun,2014,High speed trot-running: Implementation of a hierarchical controller using proprioceptive impedance control on the MIT Cheetah,Quadruped;Maybe Read?,SLZ9TSIP,groups/735051
Quadruped,10.1007/978-3-030-24741-6_20,Scharzenberger,2019,Design of a Canine Inspired Quadruped Robot as a Platform for Synthetic Neural Network Control,LM19;Cal Jerome;Writing;LM2024;Jubert;Living Machines;Hunt Lab;references_Lutz_quadruped;Quadruped;Scharzenberger;references_Lutz_thesis;Read,SNCCHUKR,groups/735051
Quadruped,10.1142/9789814415958_0062,Hutter,2012,"Starleth: a compliant quadrupedal robot for fast, efficient, and versatile locomotion",Quadruped;LM 2021 Review,P5VYRCPH,groups/735051
Quadruped,10.1109/tbme.2011.2106784.application,Johnson,2011,Application of a rat hindlimb model: a prediction of force spaces reachable through stimulation of nerve fascicles,Quadruped,2JKL9QJ3,groups/735051
Quadruped,10.1088/1748-3190/10/2/025003,Park,2015,Quadrupedal galloping control for a wide range of speed via vertical impulse scaling,Quadruped,2C3AH7F9,groups/735051
Quadruped,10.1007/s10514-015-9433-4,Koo,2015,Biologically inspired gait transition control for a quadruped walking robot,Quadruped,4Q9IMKKV,groups/735051
Sensors,10.1109/memsys.2000.838573,Ozaki,2000,An air flow sensor modeled on wind receptor hairs of insects,Sensors,KUYGSLMU,groups/735051
Sensors,10.3390/s17051080,Abels,2017,Nitride-Based Materials for Flexible MEMS Tactile and Flow Sensors in Robotics,Sensors,G9IRUDV3,groups/735051
Sensors,10.1109/jmems.2007.902436,Chen,2007,Design and Characterization of Artificial Haircell Sensor for Flow Sensing With Ultrahigh Velocity and Angular Sensitivity,Sensors,FWR9CBHT,groups/735051
Sensors,10.1038/srep32955,Asadnia,2016,From Biological Cilia to Artificial Flow Sensors: Biomimetic Soft Polymer Nanosensors with High Sensing Performance,Sensors,CYMPGQRT,groups/735051
Sensors,10.1039/c6mh00587j,Xu,2017,Highly sensitive airflow sensors with an ultrathin reduced graphene oxide film inspired by gas exfoliation of graphite oxide,Sensors,8JLADR9B,groups/735051
Sensors,10.1016/j.snb.2016.05.091,Sarlo,2016,Flow field sensing with bio-inspired artificial hair cell arrays,Sensors;Maybe Read?,5Z3H63LH,groups/735051
Sensors,10.2514/6.2013-1153,Quindlen,2013,Flush Air Data Sensing for Soaring-Capable UAVs,Sensors;Flight,XTJVKNZY,groups/735051
Sensors,10.1109/iros.2018.8593664,Cellucci,2018,Distributed Pressure Sensing for Enabling Self-Aware Autonomous Aerial Vehicles,Sensors;Flight,WSIAY4ZP,groups/735051
Sensors,10.1109/cecnet.2011.5768718,Wang,2011,Flight attitude estimation for MAV based on M-estimation,Sensors;Flight,TXAQ3RAC,groups/735051
Sensors,10.1109/plans.1998.670207,Gebre-Egziabher,1998,A low-cost GPS/inertial attitude heading reference system (AHRS) for general aviation applications,Sensors;Flight,SB7HN25X,groups/735051
Sensors,10.3182/20120823-5-nl-3013.00049,Giesseler,2012,Model Predictive Control for Gust Load Alleviation,Sensors;Flight,REM52NP7,groups/735051
Sensors,10.4028/www.scientific.net/amm.629.48,Marino,2014,Sensing Unsteady Pressure on MAV Wings: A New Method for Turbulence Alleviation,Sensors;Flight,HMBI3TW5,groups/735051
Sensors,10.2514/6.2012-4416,Yeo,2012,Aerodynamic Sensing for a Fixed Wing UAS Operating at High Angles of Attack,Sensors;Flight,GWSE5P4J,groups/735051
Sensors,10.2514/6.2013-4979,Yeo,2013,Experimental Validation of an Aerodynamic Sensing Scheme for Post-Stall Aerodynamic Moment Characterization,Sensors;Flight,BUV7MA4X,groups/735051
Sensors,10.1109/acc.2010.5531002,Keshavan,2010,MAV stability augmentation using weighted outputs from distributed hair sensor arrays,Sensors;Flight,88X7UWMA,groups/735051
Sensors,10.2514/1.j051640,Ravi,2012,Influence of Large-Scale Freestream Turbulence on the Performance of a Thin Airfoil,Sensors;Flight;Turbulence,LCKZQ7HR,groups/735051
Sensors,10.1016/j.paerosci.2014.06.001,Mohamed,2014,"Fixed-wing MAV attitude stability in atmospheric turbulence, part 1: Suitability of conventional sensors",Sensors;Flight;Turbulence,YJYDJI2T,groups/735051
Sensors,10.1155/2013/587098,Wang,2013,Attitude and Altitude Controller Design for Quad-Rotor Type MAVs,Sensors;Flight;Turbulence,LJSBKRD3,groups/735051
Sensors,10.1109/mim.2004.1337909,Zbikowski,2004,Sensor-rich feedback control: a new paradigm for flight control inspired by insect agility,Sensors;Flight;Turbulence,IAJRD3WZ,groups/735051
Sensors,10.1016/j.paerosci.2014.06.002,Mohamed,2014,Fixed-wing MAV attitude stability in atmospheric turbulence—Part 2: Investigating biologically-inspired sensors,Sensors;Flight;Turbulence,DBKX7IUV,groups/735051
Sensors,10.1002/rob.21626,Mohamed,2016,Development and Flight Testing of a Turbulence Mitigation System for Micro Air Vehicles,Sensors;Flight;Turbulence,7TQY7WUT,groups/735051
Sensory Feedback,10.1088/1748-3190/10/6/065005,Szczecinski,2015,Neuromechanical model of praying mantis explores the role of descending commands in pre-strike pivots.,Mantasha;Sensory Feedback;Mantasha,TAZUXF69,groups/735051
Sensory Feedback,10.1113/ep089826,Banks,2021,"Secondary endings of muscle spindles: Structure, reflex action, role in motor control and proprioception",Sensory Feedback,ZMS66V28,groups/735051
Sensory Feedback,10.1152/jn.00071.2018,Macefield,2018,Functional properties of human muscle spindles,Sensory Feedback,R7FX5A9C,groups/735051
Sensory Feedback,10.1101/2020.07.17.205351,Latash,2020,On the organization of the locomotor CPG: insights from split-belt locomotion and mathematical modeling,Sensory Feedback,4YL4KI3J,groups/735051
Spikes to Muscle Activation,10.1073/pnas.1611734114,Srivastava,2017,Motor control by precisely timed spike patterns,Spikes to Muscle Activation,7M266Q46,groups/735051
Spikes to Muscle Activation,10.1103/physreve.72.021911,Lindner,2005,Integrate-and-fire neurons with threshold noise: A tractable model of how interspike interval correlations affect neuronal signal transmission,Spikes to Muscle Activation,2LHQCZCW,groups/735051
Spikes to Muscle Activation,10.1152/jn.00265.2009,Dai,2009,Electrophysiological and Pharmacological Properties of Locomotor Activity-Related Neurons in cfos-EGFP Mice,Spikes to Muscle Activation,8R2CEBQ5,groups/735051
Spikes to Muscle Activation,10.3389/fncel.2014.00293,Stifani,2014,Motor neurons and the generation of spinal motor neurons diversity,Spikes to Muscle Activation,XBNZUESX,groups/735051
Spikes to Muscle Activation,10.1162/089976600300015899,Gerstner,2000,"Population Dynamics of Spiking Neurons: Fast Transients, Asynchronous States, and Locking",Spikes to Muscle Activation,EKISBUDT,groups/735051
Spikes to Muscle Activation,10.1113/jphysiol.2014.273581,Farina,2014,The effective neural drive to muscles is the common synaptic input to motor neurons,Spikes to Muscle Activation,QMXFWE93,groups/735051
Spikes to Muscle Activation,10.1152/jn.01014.2006,Hooper,2007,Different Motor Neuron Spike Patterns Produce Contractions With Very Similar Rises in Graded Slow Muscles,Spikes to Muscle Activation,MVHRUMY4,groups/735051
Spiking/NonSpiking Networks,10.1371/journal.pone.0268380,Naudin,2022,Systematic generation of biophysically detailed models with generalization capability for non-spiking neurons,Spiking/NonSpiking Networks;Jack,GGEPXL9X,groups/735051
Spiking/NonSpiking Networks,10.3389/fnins.2021.633945,Strohmer,2021,Integrating Non-spiking Interneurons in Spiking Neural Networks,Spiking/NonSpiking Networks;Jack,7IIJD4NP,groups/735051
Stability in Legged Locomotion,10.1117/12.2178007,George,2015,Data driven models of legged locomotion,Stability in Legged Locomotion,YPEH3Q3L,groups/735051
Stability in Legged Locomotion,10.1063/1.3143031,Jindrich,2009,Maneuvers during legged locomotion,Stability in Legged Locomotion;Manuscript,UYK8SSTD,groups/735051
Stability in Legged Locomotion,10.1016/j.asd.2004.06.003,Koditschek,2004,Mechanical aspects of legged locomotion control,Stability in Legged Locomotion,JZLUN2AE,groups/735051
Stability in Legged Locomotion,10.1109/iros.1994.407480,Bajd,1994,Unstable states in four-legged locomotion,Stability in Legged Locomotion,HAL7J2DN,groups/735051
Stability in Legged Locomotion,10.1109/jra.1986.1087060,Waldron,1986,Force and motion management in legged locomotion,Stability in Legged Locomotion;Manuscript,LQNWSYQN,groups/735051
Stability in Legged Locomotion,10.1109/tbme.1974.324294,Gubina,1974,On the Dynamic Stability of Biped Locomotion,Stability in Legged Locomotion;Manuscript,4QGWLIXD,groups/735051
Stability in Legged Locomotion,10.1109/humanoids.2017.8246970,Han,2017,Feedback design for multi-contact push recovery via LMI approximation of the Piecewise-Affine Quadratic Regulator,Stability in Legged Locomotion,5XJTXXL9,groups/735051
Stability in Legged Locomotion,10.1126/scirobotics.abb2174,Yang,2020,Multi-expert learning of adaptive legged locomotion,Stability in Legged Locomotion,AWJD5VYY,groups/735051
Stability in Legged Locomotion,10.1098/rsos.210223,George Thuruthel,2021,Learning to stop: a unifying principle for legged locomotion in varying environments,Stability in Legged Locomotion,4SFPNXYH,groups/735051
Stability in Legged Locomotion,10.1109/icra40945.2020.9197312,Villarreal,2020,MPC-based Controller with Terrain Insight for Dynamic Legged Locomotion,Stability in Legged Locomotion,GATX7QLS,groups/735051
Stability in Legged Locomotion,10.1109/tmech.2020.3019686,AhmadSharbafi,2020,Parallel compliance design for increasing robustness and efficiency in legged locomotion - theoretical background and applications,Stability in Legged Locomotion,ERFI7D3M,groups/735051
Stability in Legged Locomotion,10.1016/s1672-6529(16)60374-8,Hoffmann,2017,"The Merits of Passive Compliant Joints in Legged Locomotion: Fast Learning, Superior Energy Efficiency and Versatile Sensing in a Quadruped Robot",Stability in Legged Locomotion,A5URZHAI,groups/735051
Stability in Legged Locomotion,10.1115/1.4029664,Shen,2016,A Piecewise-Linear Approximation of the Canonical Spring-Loaded Inverted Pendulum Model of Legged Locomotion,Stability in Legged Locomotion,2P4NQAX8,groups/735051
Stability in Legged Locomotion,10.1109/icra.2016.7487538,Carpentier,2016,A versatile and efficient pattern generator for generalized legged locomotion,Stability in Legged Locomotion,77DNX2KN,groups/735051
Stability in Legged Locomotion,10.1109/tmech.2019.2917416,Sharbafi,2019,Parallel Compliance Design for Increasing Robustness and Efficiency in Legged Locomotion—Proof of Concept,Stability in Legged Locomotion,IY7KSLLG,groups/735051
Stability in Legged Locomotion,10.1007/s11044-018-09645-1,Asano,2018,Stealth walking with reduced double-limb support phase and its extension to careful legged locomotion,Stability in Legged Locomotion,B94BYJMZ,groups/735051
Stability in Legged Locomotion,10.1007/s10514-016-9593-x,Razavi,2017,Symmetry in legged locomotion: a new method for designing stable periodic gaits,Stability in Legged Locomotion,VIJ9X72K,groups/735051
Stability in Legged Locomotion,10.5772/62687,Or,2016,Analysis of Foot Slippage Effects on an Actuated Spring-Mass Model of Dynamic Legged Locomotion,Stability in Legged Locomotion,L8CLHW3E,groups/735051
Stability in Legged Locomotion,10.1109/ichr.2010.5686829,Chestnutty,2010,Safe adjustment regions for legged locomotion paths,Stability in Legged Locomotion;Manuscript,8MEEWDTW,groups/735051
Stability in Legged Locomotion,10.1016/j.ins.2014.05.001,Ren,2015,Multiple chaotic central pattern generators with learning for legged locomotion and malfunction compensation,Stability in Legged Locomotion,BDVYBRV5,groups/735051
Stability in Legged Locomotion,10.1109/iros.2014.6943257,Roennau,2014,Reactive posture behaviors for stable legged locomotion over steep inclines and large obstacles,Stability in Legged Locomotion,JUTGNW4M,groups/735051
Stability in Legged Locomotion,10.1109/icamechs.2014.6911592,Council,2014,Deadbeat control with (almost) no sensing in a hybrid model of legged locomotion,Stability in Legged Locomotion,4DJ9PRL2,groups/735051
Stability in Legged Locomotion,10.1177/0278364912452762,Pratt,2012,"Capturability-based analysis and control of legged locomotion, Part 2: Application to M2V2, a lower-body humanoid",Stability in Legged Locomotion,FXA6AECM,groups/735051
Stability in Legged Locomotion,10.1177/0278364912452673,Koolen,2012,"Capturability-based analysis and control of legged locomotion, Part 1: Theory and application to three simple gait models",Stability in Legged Locomotion,TLXSYSP2,groups/735051
Stability in Legged Locomotion,10.5772/7789,Asif,2012,On the Improvement of Multi-Legged Locomotion over Difficult Terrains Using a Balance Stabilization Method,Stability in Legged Locomotion;Manuscript,FBV4JFKW,groups/735051
Stability in Legged Locomotion,10.3929/ethz-a-6665065,Remy,2011,Optimal exploitation of natural dynamics in legged locomotion,Stability in Legged Locomotion;Manuscript,AWL9LP77,groups/735051
Stability in Legged Locomotion,10.1134/s1560354707050048,Seipel,2007,A simple model for clock-actuated legged locomotion,Stability in Legged Locomotion;Manuscript,ZLBQPCFL,groups/735051
Stability in Legged Locomotion,10.1177/0278364904047389,Altendorfer,2004,Stability Analysis of Legged Locomotion Models by Symmetry-Factored Return Maps,Stability in Legged Locomotion,A53GA5PB,groups/735051
Stability in Legged Locomotion,10.1109/robot.2003.1241570,Altendorfer,2003,Towards a factored analysis of legged locomotion models,Stability in Legged Locomotion,RBM4RWXY,groups/735051
Stability in Legged Locomotion,10.1115/dscc2008-2402,Sastra,2008,A Biologically-Inspired Dynamic Legged Locomotion With a Modular Reconfigurable Robot,Stability in Legged Locomotion;Manuscript,8UHIST92,groups/735051
Stability in Legged Locomotion,10.1109/iros.2007.4399195,Iida,2007,Motor control optimization of compliant one-legged locomotion in rough terrain,Stability in Legged Locomotion;Manuscript,YRZZ4MSA,groups/735051
Stability in Legged Locomotion,10.1109/iros.2006.281802,Buchli,2006,Finding Resonance: Adaptive Frequency Oscillators for Dynamic Legged Locomotion,Stability in Legged Locomotion;Manuscript,7MB942KY,groups/735051
Stability in Legged Locomotion,10.1109/memb.2003.1195695,Patla,2003,Strategies for dynamic stability during adaptive human locomotion,Stability in Legged Locomotion;Manuscript,3ZEBZKSM,groups/735051
Stability in Legged Locomotion,10.1007/s00422-001-0300-3,Schmitt,2002,Dynamics and stability of legged locomotion in the horizontal plane: a test case using insects,Stability in Legged Locomotion;Manuscript,BHZSERT5,groups/735051
Stability in Legged Locomotion,10.1093/icb/42.1.149,Full,2002,Quantifying Dynamic Stability and Maneuverability in Legged Locomotion,Stability in Legged Locomotion;Manuscript,Y48SRICP,groups/735051
Stability in Legged Locomotion,10.1007/s004220000181,Schmitt,2000,Mechanical models for insect locomotion: dynamics and stability in the horizontal plane I. Theory,Stability in Legged Locomotion;Manuscript,CG7FV5GY,groups/735051
Stability in Legged Locomotion,10.1007/s004220000180,Schmitt,2000,Mechanical models for insect locomotion: dynamics and stability in the horizontal plane - II. Application,Stability in Legged Locomotion;Manuscript,7YKMGNV4,groups/735051
Stability in Legged Locomotion,10.1007/s004220050468,Ekeberg,1998,A neuro-mechanical model of legged locomotion: single leg control,Stability in Legged Locomotion;Manuscript,Y6L6UFEX,groups/735051
Stability in Legged Locomotion,10.1109/cdc.1990.203973,Li,1990,An energy perturbation approach to limit cycle analysis in legged locomotion systems,Stability in Legged Locomotion;Manuscript,K5RXGZWE,groups/735051
Stability in Legged Locomotion,10.1109/jra.1985.1087012,Messuri,1985,Automatic body regulation for maintaining stability of a legged vehicle during rough-terrain locomotion,Stability in Legged Locomotion;Manuscript,L2FS76M2,groups/735051
Swimming,10.1073/pnas.2527676123,Zhang,2026,A method to study and enhance the energy efficiency of soft electrostatic actuators,Actuators;Swimming,DZ45QQ4R,groups/735051
Swimming,10.21203/rs.3.rs-7577054/v1,Obayashi,2025,"ScaFi: Length-Scalable, Compliant, Parametric Robotic Fish Design for Operation in Multiple Environmental Niches",Swimming,JTELE2LV,groups/735051
Swimming,10.1093/icb/36.6.678,Long,1996,The Importance of Body Stiffness in Undulatory Propulsion,Swimming,T2ZZRH9T,groups/735051
Swimming,10.1242/jeb.198.11.2293,McHenry,1995,Mechanical control of swimming speed: stiffness and axial wave form in undulating fish models,Swimming,SJDHIRPL,groups/735051
Swimming,10.1242/jeb.182.1.191,Altringham,1993,Myotomal Muscle Function at Different Locations in the Body of a Swimming Fish,Swimming,AS3ELGG9,groups/735051
Swimming,10.1016/s1095-6433(01)00461-5,Wakeling,2001,Biomechanics of fast-start swimming in fish,Swimming,4D9KW8GG,groups/735051
Swimming,10.1088/1748-3190/ac3ca5,Quinn,2022,Tunable stiffness in fish robotics: mechanisms and advantages,Swimming,UQ6Y3VAJ,groups/735051
Swimming,10.1038/s41598-019-44409-7,Schwalbe,2019,Red muscle activity in bluegill sunfish Lepomis macrochirus during forward accelerations,Swimming,QQI7GZC7,groups/735051
Swimming,10.1126/science.8332898,Rome,1993,How Fish Power Swimming,Swimming,N29PPAVQ,groups/735051
Swimming,10.1002/jez.2751,Coughlin,2023,Muscle power production during intermittent swimming in bluegill sunfish,Swimming,A7YNH94K,groups/735051
Swimming,10.1093/icb/38.4.771,Long,1998,"Muscles, Elastic Energy, and the Dynamics of Body Stiffness in Swimming Eels",Swimming,IRUBXVLX,groups/735051
Swimming,10.1242/jeb.202.23.3397,Altringham,1999,Fish swimming: patterns in muscle function,Swimming,DFVQG9SP,groups/735051
Synchronization,10.1038/srep23622,Lozano,2016,Control strategies of 3-cell Central Pattern Generator via global stimuli,Synchronization,ILUXD8A5,groups/735051
Synchronization,10.1016/j.biosystems.2004.05.005,Kuzmina,2004,Oscillatory network with self-organized dynamical connections for synchronization-based image segmentation,Synchronization,BD5CT5XF,groups/735051
Synchronization,10.1103/physrevlett.92.114102,Rosenblum,2004,Controlling Synchronization in an Ensemble of Globally Coupled Oscillators,Synchronization,WMNYDIK4,groups/735051
Synchronization,10.1109/iros.2007.4399498,Yang,2007,Self-adapting humanoid locomotion using a neural oscillator network,Synchronization,9NYV4F4I,groups/735051
Synergies,10.1007/s00221-003-1812-y,Krishnamoorthy,2004,Muscle modes during shifts of the center of pressure by standing persons: effect of instability and additional support,Synergies,5KGRK9HE,groups/735051
